{
  "DocumentMetadata": {
    "Pages": 1
  },
  "JobStatus": "SUCCEEDED",
  "Blocks": [
    {
      "BlockType": "PAGE",
      "Geometry": {
        "BoundingBox": {
          "Width": 0.5452451109886169,
          "Height": 0.21219436824321747,
          "Left": 0.22545920312404633,
          "Top": 0.3902643024921417
        },
        "Polygon": [
          {
            "X": 0.22545920312404633,
            "Y": 0.3902643024921417
          },
          {
            "X": 0.7676157355308533,
            "Y": 0.3914240002632141
          },
          {
            "X": 0.7707043290138245,
            "Y": 0.602458655834198
          },
          {
            "X": 0.22787022590637207,
            "Y": 0.6011467576026917
          }
        ]
      },
      "Id": "6920e5fe-3c4c-4c2c-a3ad-fc98a79416ea",
      "Relationships": [
        {
          "Type": "CHILD",
          "Ids": [
            "6750bc50-243f-44ff-a26f-51fdb88707f3",
            "e0995d21-62e6-4217-b873-4ec7acc302aa",
            "aea859c1-3dc2-4aa0-9a55-6850d19e151b",
            "a76aaaec-a834-4914-a084-eaa091e5df99",
            "02e0787d-8e0e-49b8-988f-de8a03ca6048",
            "e5746916-3685-4196-beb9-bcee4491115d",
            "2346a5ba-348a-4af0-921e-cbced5c52ddd",
            "0ce5e7af-972e-4475-9cca-9068a3ef3233",
            "d849a54e-dfdd-46a7-8552-7ea6e4a3bf36",
            "02f7cbf0-4df0-45be-bac9-c9b3f9a5d4df",
            "c893a8b3-dffd-4be9-9eaf-d25eb3d88f7c",
            "80ad05b7-99b2-4258-8bfe-7d87b118f56b",
            "0fc0f09a-3812-47fd-a687-90bd9ea29d78",
            "f3a078d7-b3ff-4630-bc6e-57f22d2d6b8e",
            "8a82e66e-d375-40a2-8589-b45683de27c4",
            "a855505e-c491-47f6-ba1e-aec422f90492",
            "c3afcd28-ebb7-43de-86e1-b229b6760de5",
            "8cee72c1-730f-49b6-b837-af6e3a56a025",
            "e4d20fe2-13d8-4972-993c-010a36d6d0e5",
            "a10cc52f-c205-4bc2-be3a-4078cf728d70",
            "aa37a797-6745-4546-ac68-f21860752934"
          ]
        }
      ],
      "Page": 1
    },
    {
      "BlockType": "LINE",
      "Confidence": 99.85675811767578,
      "Text": "Epoxy networks",
      "Geometry": {
        "BoundingBox": {
          "Width": 0.10489987581968307,
          "Height": 0.02605406939983368,
          "Left": 0.2445678561925888,
          "Top": 0.4264020025730133
        },
        "Polygon": [
          {
            "X": 0.2445678561925888,
            "Y": 0.4264020025730133
          },
          {
            "X": 0.34915366768836975,
            "Y": 0.4266306757926941
          },
          {
            "X": 0.3494677245616913,
            "Y": 0.4524560570716858
          },
          {
            "X": 0.24486592411994934,
            "Y": 0.4522237777709961
          }
        ]
      },
      "Id": "6750bc50-243f-44ff-a26f-51fdb88707f3",
      "Relationships": [
        {
          "Type": "CHILD",
          "Ids": [
            "3ed919f1-dbd2-4a29-8a75-b5903a7ae958",
            "6800a10b-d1e7-4be7-a30d-3885a8e58f86"
          ]
        }
      ],
      "Page": 1
    },
    {
      "BlockType": "LINE",
      "Confidence": 87.46168518066406,
      "Text": "Tg (C)",
      "Geometry": {
        "BoundingBox": {
          "Width": 0.04224022105336189,
          "Height": 0.02794834040105343,
          "Left": 0.39431700110435486,
          "Top": 0.4255865812301636
        },
        "Polygon": [
          {
            "X": 0.39431700110435486,
            "Y": 0.4255865812301636
          },
          {
            "X": 0.43620413541793823,
            "Y": 0.4256781041622162
          },
          {
            "X": 0.43655723333358765,
            "Y": 0.45353493094444275
          },
          {
            "X": 0.3946631848812103,
            "Y": 0.4534418284893036
          }
        ]
      },
      "Id": "e0995d21-62e6-4217-b873-4ec7acc302aa",
      "Relationships": [
        {
          "Type": "CHILD",
          "Ids": [
            "2f3ca991-f987-47a0-b6d2-fc1caa9d1438",
            "20a3d1cf-6fb8-44d7-b0b8-d74a737f3a6e"
          ]
        }
      ],
      "Page": 1
    },
    {
      "BlockType": "LINE",
      "Confidence": 79.36676025390625,
      "Text": "o (MPa)",
      "Geometry": {
        "BoundingBox": {
          "Width": 0.050946056842803955,
          "Height": 0.025331808254122734,
          "Left": 0.4811267554759979,
          "Top": 0.4261668920516968
        },
        "Polygon": [
          {
            "X": 0.4811267554759979,
            "Y": 0.4261668920516968
          },
          {
            "X": 0.5317388772964478,
            "Y": 0.4262775182723999
          },
          {
            "X": 0.5320728421211243,
            "Y": 0.45149871706962585
          },
          {
            "X": 0.4814531207084656,
            "Y": 0.45138639211654663
          }
        ]
      },
      "Id": "aea859c1-3dc2-4aa0-9a55-6850d19e151b",
      "Relationships": [
        {
          "Type": "CHILD",
          "Ids": [
            "348fb29c-de68-4bce-bf20-f841b47d1b70",
            "a6af0410-4c5b-42c7-95af-5890c87de5b4"
          ]
        }
      ],
      "Page": 1
    },
    {
      "BlockType": "LINE",
      "Confidence": 89.39563751220703,
      "Text": "E (%)",
      "Geometry": {
        "BoundingBox": {
          "Width": 0.030174238607287407,
          "Height": 0.025927549228072166,
          "Left": 0.5902105569839478,
          "Top": 0.4256376326084137
        },
        "Polygon": [
          {
            "X": 0.5902105569839478,
            "Y": 0.4256376326084137
          },
          {
            "X": 0.6200289130210876,
            "Y": 0.4257027804851532
          },
          {
            "X": 0.6203847527503967,
            "Y": 0.4515652060508728
          },
          {
            "X": 0.5905618667602539,
            "Y": 0.45149901509284973
          }
        ]
      },
      "Id": "a76aaaec-a834-4914-a084-eaa091e5df99",
      "Relationships": [
        {
          "Type": "CHILD",
          "Ids": [
            "c34c2a99-409d-4cbb-89f0-27c51d576e58",
            "1d9b188b-b8b0-4f15-9ee5-25875f094d0d"
          ]
        }
      ],
      "Page": 1
    },
    {
      "BlockType": "LINE",
      "Confidence": 96.74846649169922,
      "Text": "Emax (%)",
      "Geometry": {
        "BoundingBox": {
          "Width": 0.04983813315629959,
          "Height": 0.025433983653783798,
          "Left": 0.6913973093032837,
          "Top": 0.4258967936038971
        },
        "Polygon": [
          {
            "X": 0.6913973093032837,
            "Y": 0.4258967936038971
          },
          {
            "X": 0.740868866443634,
            "Y": 0.42600488662719727
          },
          {
            "X": 0.7412354350090027,
            "Y": 0.4513307809829712
          },
          {
            "X": 0.6917564868927002,
            "Y": 0.4512210488319397
          }
        ]
      },
      "Id": "02e0787d-8e0e-49b8-988f-de8a03ca6048",
      "Relationships": [
        {
          "Type": "CHILD",
          "Ids": [
            "5a3f6e5a-fb2e-4405-9f2d-10c44d0dae0e",
            "5be05b8a-0724-41d5-be4b-51c749ba3cac"
          ]
        }
      ],
      "Page": 1
    },
    {
      "BlockType": "LINE",
      "Confidence": 97.56958770751953,
      "Text": "DGEBA/3DCM",
      "Geometry": {
        "BoundingBox": {
          "Width": 0.08829588443040848,
          "Height": 0.02482554316520691,
          "Left": 0.24466882646083832,
          "Top": 0.4903932213783264
        },
        "Polygon": [
          {
            "X": 0.24466882646083832,
            "Y": 0.4903932213783264
          },
          {
            "X": 0.332667738199234,
            "Y": 0.4905930459499359
          },
          {
            "X": 0.3329647183418274,
            "Y": 0.5152187347412109
          },
          {
            "X": 0.2449529767036438,
            "Y": 0.5150160193443298
          }
        ]
      },
      "Id": "e5746916-3685-4196-beb9-bcee4491115d",
      "Relationships": [
        {
          "Type": "CHILD",
          "Ids": [
            "a10c09fe-6640-40ba-8fec-68eecef1a025"
          ]
        }
      ],
      "Page": 1
    },
    {
      "BlockType": "LINE",
      "Confidence": 99.67321014404297,
      "Text": "142.3",
      "Geometry": {
        "BoundingBox": {
          "Width": 0.03343641012907028,
          "Height": 0.020083285868167877,
          "Left": 0.3955191373825073,
          "Top": 0.4908215403556824
        },
        "Polygon": [
          {
            "X": 0.3955191373825073,
            "Y": 0.4908215403556824
          },
          {
            "X": 0.4287029206752777,
            "Y": 0.49089688062667847
          },
          {
            "X": 0.4289555549621582,
            "Y": 0.5109047889709473
          },
          {
            "X": 0.39576780796051025,
            "Y": 0.5108285546302795
          }
        ]
      },
      "Id": "2346a5ba-348a-4af0-921e-cbced5c52ddd",
      "Relationships": [
        {
          "Type": "CHILD",
          "Ids": [
            "023b8b08-203a-4af0-94dc-72cd4a56f5e3"
          ]
        }
      ],
      "Page": 1
    },
    {
      "BlockType": "LINE",
      "Confidence": 98.83414459228516,
      "Text": "91.4 + 0.7",
      "Geometry": {
        "BoundingBox": {
          "Width": 0.062206707894802094,
          "Height": 0.020024152472615242,
          "Left": 0.4830734431743622,
          "Top": 0.4909047782421112
        },
        "Polygon": [
          {
            "X": 0.4830734431743622,
            "Y": 0.4909047782421112
          },
          {
            "X": 0.5450154542922974,
            "Y": 0.49104544520378113
          },
          {
            "X": 0.5452801585197449,
            "Y": 0.5109289288520813
          },
          {
            "X": 0.4833308458328247,
            "Y": 0.5107866525650024
          }
        ]
      },
      "Id": "0ce5e7af-972e-4475-9cca-9068a3ef3233",
      "Relationships": [
        {
          "Type": "CHILD",
          "Ids": [
            "d94dcd46-bfcb-49f1-8bce-f42172c9d40f",
            "736b332e-2829-4914-94c7-3ab41dd0c2b0",
            "32ce0666-c20f-49a0-9acc-1949fb1ea50a"
          ]
        }
      ],
      "Page": 1
    },
    {
      "BlockType": "LINE",
      "Confidence": 99.45222473144531,
      "Text": "6.4 + 0.3",
      "Geometry": {
        "BoundingBox": {
          "Width": 0.05484997481107712,
          "Height": 0.019999036565423012,
          "Left": 0.5904030203819275,
          "Top": 0.4911253750324249
        },
        "Polygon": [
          {
            "X": 0.5904030203819275,
            "Y": 0.4911253750324249
          },
          {
            "X": 0.6449766755104065,
            "Y": 0.49124929308891296
          },
          {
            "X": 0.6452529430389404,
            "Y": 0.5111244320869446
          },
          {
            "X": 0.5906729102134705,
            "Y": 0.5109990239143372
          }
        ]
      },
      "Id": "d849a54e-dfdd-46a7-8552-7ea6e4a3bf36",
      "Relationships": [
        {
          "Type": "CHILD",
          "Ids": [
            "68268ec7-064e-45ee-a259-0ee5a482e566",
            "bed52d9c-d0ce-422c-8af2-4c586ba44b5a",
            "148a54ee-a506-4671-9963-fe74209c5534"
          ]
        }
      ],
      "Page": 1
    },
    {
      "BlockType": "LINE",
      "Confidence": 98.84105682373047,
      "Text": "39.1 + 0.3",
      "Geometry": {
        "BoundingBox": {
          "Width": 0.062315329909324646,
          "Height": 0.021535763517022133,
          "Left": 0.691830575466156,
          "Top": 0.4910658001899719
        },
        "Polygon": [
          {
            "X": 0.691830575466156,
            "Y": 0.4910658001899719
          },
          {
            "X": 0.7538346648216248,
            "Y": 0.4912065863609314
          },
          {
            "X": 0.7541458606719971,
            "Y": 0.5126015543937683
          },
          {
            "X": 0.692133903503418,
            "Y": 0.5124590396881104
          }
        ]
      },
      "Id": "02f7cbf0-4df0-45be-bac9-c9b3f9a5d4df",
      "Relationships": [
        {
          "Type": "CHILD",
          "Ids": [
            "52854716-5714-428e-829d-e9d02cbe3190",
            "c2dbd48f-1c64-4168-806a-9db51f9bd587",
            "fba868a2-9be7-45fe-aa03-fd2d4e9d5601"
          ]
        }
      ],
      "Page": 1
    },
    {
      "BlockType": "LINE",
      "Confidence": 98.74991607666016,
      "Text": "DGEBA/IPD",
      "Geometry": {
        "BoundingBox": {
          "Width": 0.07234743237495422,
          "Height": 0.02518848329782486,
          "Left": 0.244436576962471,
          "Top": 0.5232579112052917
        },
        "Polygon": [
          {
            "X": 0.244436576962471,
            "Y": 0.5232579112052917
          },
          {
            "X": 0.3164847195148468,
            "Y": 0.5234246253967285
          },
          {
            "X": 0.31678399443626404,
            "Y": 0.5484463572502136
          },
          {
            "X": 0.24472519755363464,
            "Y": 0.5482772588729858
          }
        ]
      },
      "Id": "c893a8b3-dffd-4be9-9eaf-d25eb3d88f7c",
      "Relationships": [
        {
          "Type": "CHILD",
          "Ids": [
            "995a6bd9-eaaf-470d-b2e1-12257605f31c"
          ]
        }
      ],
      "Page": 1
    },
    {
      "BlockType": "LINE",
      "Confidence": 99.74376678466797,
      "Text": "109.5",
      "Geometry": {
        "BoundingBox": {
          "Width": 0.033703774213790894,
          "Height": 0.02018592320382595,
          "Left": 0.3954593241214752,
          "Top": 0.5236013531684875
        },
        "Polygon": [
          {
            "X": 0.3954593241214752,
            "Y": 0.5236013531684875
          },
          {
            "X": 0.42890921235084534,
            "Y": 0.5236787796020508
          },
          {
            "X": 0.4291630983352661,
            "Y": 0.5437873005867004
          },
          {
            "X": 0.39570918679237366,
            "Y": 0.5437089800834656
          }
        ]
      },
      "Id": "80ad05b7-99b2-4258-8bfe-7d87b118f56b",
      "Relationships": [
        {
          "Type": "CHILD",
          "Ids": [
            "fe8b2db1-8340-4804-a0b6-675d81857de3"
          ]
        }
      ],
      "Page": 1
    },
    {
      "BlockType": "LINE",
      "Confidence": 99.4850845336914,
      "Text": "87.6 + 0.6",
      "Geometry": {
        "BoundingBox": {
          "Width": 0.06265207380056381,
          "Height": 0.020826192572712898,
          "Left": 0.48263394832611084,
          "Top": 0.5234140753746033
        },
        "Polygon": [
          {
            "X": 0.48263394832611084,
            "Y": 0.5234140753746033
          },
          {
            "X": 0.5450107455253601,
            "Y": 0.5235583782196045
          },
          {
            "X": 0.5452860593795776,
            "Y": 0.5442402958869934
          },
          {
            "X": 0.48290160298347473,
            "Y": 0.5440942645072937
          }
        ]
      },
      "Id": "0fc0f09a-3812-47fd-a687-90bd9ea29d78",
      "Relationships": [
        {
          "Type": "CHILD",
          "Ids": [
            "8d01616f-0d77-49c1-9f92-640c4ee8796c",
            "1d5e8962-3145-4a4b-8355-7dfa7f677af7",
            "197b70c7-0846-4ccc-a1fc-d170d6cfee1e"
          ]
        }
      ],
      "Page": 1
    },
    {
      "BlockType": "LINE",
      "Confidence": 99.81693267822266,
      "Text": "6.8 + 0.5",
      "Geometry": {
        "BoundingBox": {
          "Width": 0.05521571263670921,
          "Height": 0.02119709923863411,
          "Left": 0.5903633236885071,
          "Top": 0.5236751437187195
        },
        "Polygon": [
          {
            "X": 0.5903633236885071,
            "Y": 0.5236751437187195
          },
          {
            "X": 0.6452861428260803,
            "Y": 0.5238022208213806
          },
          {
            "X": 0.6455790400505066,
            "Y": 0.5448722243309021
          },
          {
            "X": 0.590649425983429,
            "Y": 0.5447435975074768
          }
        ]
      },
      "Id": "f3a078d7-b3ff-4630-bc6e-57f22d2d6b8e",
      "Relationships": [
        {
          "Type": "CHILD",
          "Ids": [
            "c981af32-22c7-48c1-b5f9-33340917284d",
            "5ce6788d-5323-4b3e-927a-f2fbd35a79b6",
            "d51e4539-3cd6-4355-81e9-5b44e8d5fe5a"
          ]
        }
      ],
      "Page": 1
    },
    {
      "BlockType": "LINE",
      "Confidence": 98.9504623413086,
      "Text": "54.1 + 1.0",
      "Geometry": {
        "BoundingBox": {
          "Width": 0.061399564146995544,
          "Height": 0.021629955619573593,
          "Left": 0.6920195817947388,
          "Top": 0.5235921144485474
        },
        "Polygon": [
          {
            "X": 0.6920195817947388,
            "Y": 0.5235921144485474
          },
          {
            "X": 0.7531067728996277,
            "Y": 0.523733377456665
          },
          {
            "X": 0.7534191608428955,
            "Y": 0.5452220439910889
          },
          {
            "X": 0.6923242211341858,
            "Y": 0.5450789928436279
          }
        ]
      },
      "Id": "8a82e66e-d375-40a2-8589-b45683de27c4",
      "Relationships": [
        {
          "Type": "CHILD",
          "Ids": [
            "f6113f67-8d89-4767-affe-f911842eed60",
            "73e1c508-c16d-4b7a-854e-49ce6eb42bc6",
            "1869449a-5e99-43a1-8056-1ccdc2fd2c33"
          ]
        }
      ],
      "Page": 1
    },
    {
      "BlockType": "LINE",
      "Confidence": 96.86958312988281,
      "Text": "DGEBA/4MPip",
      "Geometry": {
        "BoundingBox": {
          "Width": 0.09184030443429947,
          "Height": 0.025760285556316376,
          "Left": 0.24472594261169434,
          "Top": 0.5543933510780334
        },
        "Polygon": [
          {
            "X": 0.24472594261169434,
            "Y": 0.5543933510780334
          },
          {
            "X": 0.3362577557563782,
            "Y": 0.554608941078186
          },
          {
            "X": 0.3365662395954132,
            "Y": 0.5801536440849304
          },
          {
            "X": 0.24502058327198029,
            "Y": 0.5799349546432495
          }
        ]
      },
      "Id": "a855505e-c491-47f6-ba1e-aec422f90492",
      "Relationships": [
        {
          "Type": "CHILD",
          "Ids": [
            "77e0f081-1d2d-47e8-ac79-141971739d5c"
          ]
        }
      ],
      "Page": 1
    },
    {
      "BlockType": "LINE",
      "Confidence": 97.8148422241211,
      "Text": "63.5",
      "Geometry": {
        "BoundingBox": {
          "Width": 0.02743654139339924,
          "Height": 0.020160900428891182,
          "Left": 0.401693731546402,
          "Top": 0.5550606846809387
        },
        "Polygon": [
          {
            "X": 0.401693731546402,
            "Y": 0.5550606846809387
          },
          {
            "X": 0.4288766086101532,
            "Y": 0.5551247596740723
          },
          {
            "X": 0.42913028597831726,
            "Y": 0.575221598148346
          },
          {
            "X": 0.4019441604614258,
            "Y": 0.5751568675041199
          }
        ]
      },
      "Id": "c3afcd28-ebb7-43de-86e1-b229b6760de5",
      "Relationships": [
        {
          "Type": "CHILD",
          "Ids": [
            "c4a55de3-8ddd-441f-a5f1-efdfd3f9fc71"
          ]
        }
      ],
      "Page": 1
    },
    {
      "BlockType": "LINE",
      "Confidence": 99.12586975097656,
      "Text": "80.2 + 0.4",
      "Geometry": {
        "BoundingBox": {
          "Width": 0.06412294507026672,
          "Height": 0.021192027255892754,
          "Left": 0.4814002811908722,
          "Top": 0.5548743009567261
        },
        "Polygon": [
          {
            "X": 0.4814002811908722,
            "Y": 0.5548743009567261
          },
          {
            "X": 0.5452432036399841,
            "Y": 0.5550246834754944
          },
          {
            "X": 0.5455232262611389,
            "Y": 0.5760663151741028
          },
          {
            "X": 0.48167237639427185,
            "Y": 0.575914204120636
          }
        ]
      },
      "Id": "8cee72c1-730f-49b6-b837-af6e3a56a025",
      "Relationships": [
        {
          "Type": "CHILD",
          "Ids": [
            "cecdb3d3-329e-4dfb-a176-ca57356b0eaa",
            "9b661633-77a4-432b-81c8-2fd374bac20a",
            "ac69e57c-4c30-4f42-843e-b3208beec505"
          ]
        }
      ],
      "Page": 1
    },
    {
      "BlockType": "LINE",
      "Confidence": 98.76312255859375,
      "Text": "8.4 + 0.2",
      "Geometry": {
        "BoundingBox": {
          "Width": 0.05524440109729767,
          "Height": 0.02176268771290779,
          "Left": 0.5904628038406372,
          "Top": 0.5546896457672119
        },
        "Polygon": [
          {
            "X": 0.5904628038406372,
            "Y": 0.5546896457672119
          },
          {
            "X": 0.6454064846038818,
            "Y": 0.5548190474510193
          },
          {
            "X": 0.6457071900367737,
            "Y": 0.5764523148536682
          },
          {
            "X": 0.5907564759254456,
            "Y": 0.5763214230537415
          }
        ]
      },
      "Id": "e4d20fe2-13d8-4972-993c-010a36d6d0e5",
      "Relationships": [
        {
          "Type": "CHILD",
          "Ids": [
            "109f88a5-c5ba-4818-b9e3-c7c65a51ff17",
            "33122695-f0e4-4f8c-a001-a396ac2933cc",
            "76d43bf3-9f76-49f2-afb6-5a587b96efff"
          ]
        }
      ],
      "Page": 1
    },
    {
      "BlockType": "LINE",
      "Confidence": 99.6583251953125,
      "Text": "60.4 + 0.8",
      "Geometry": {
        "BoundingBox": {
          "Width": 0.06354504078626633,
          "Height": 0.022375451400876045,
          "Left": 0.6909798383712769,
          "Top": 0.5546490550041199
        },
        "Polygon": [
          {
            "X": 0.6909798383712769,
            "Y": 0.5546490550041199
          },
          {
            "X": 0.7542016506195068,
            "Y": 0.554797887802124
          },
          {
            "X": 0.7545248866081238,
            "Y": 0.577024519443512
          },
          {
            "X": 0.6912947297096252,
            "Y": 0.576873779296875
          }
        ]
      },
      "Id": "a10cc52f-c205-4bc2-be3a-4078cf728d70",
      "Relationships": [
        {
          "Type": "CHILD",
          "Ids": [
            "44f990e3-6a72-4a8e-a886-54912e2bd9d8",
            "567ea2db-5a42-4a10-a3d7-fbe8273e1d6a",
            "217e0b09-bb2c-49ad-8ad9-57372beb34e2"
          ]
        }
      ],
      "Page": 1
    },
    {
      "BlockType": "WORD",
      "Confidence": 99.77198791503906,
      "Text": "Epoxy",
      "TextType": "PRINTED",
      "Geometry": {
        "BoundingBox": {
          "Width": 0.03976812958717346,
          "Height": 0.025067677721381187,
          "Left": 0.2445775717496872,
          "Top": 0.42724376916885376
        },
        "Polygon": [
          {
            "X": 0.2445775717496872,
            "Y": 0.42724376916885376
          },
          {
            "X": 0.2840515077114105,
            "Y": 0.4273301362991333
          },
          {
            "X": 0.28434568643569946,
            "Y": 0.4523114562034607
          },
          {
            "X": 0.24486592411994934,
            "Y": 0.4522237777709961
          }
        ]
      },
      "Id": "3ed919f1-dbd2-4a29-8a75-b5903a7ae958",
      "Page": 1
    },
    {
      "BlockType": "WORD",
      "Confidence": 99.9415283203125,
      "Text": "networks",
      "TextType": "PRINTED",
      "Geometry": {
        "BoundingBox": {
          "Width": 0.060621555894613266,
          "Height": 0.020589180290699005,
          "Left": 0.28878089785575867,
          "Top": 0.426498681306839
        },
        "Polygon": [
          {
            "X": 0.28878089785575867,
            "Y": 0.426498681306839
          },
          {
            "X": 0.34915366768836975,
            "Y": 0.4266306757926941
          },
          {
            "X": 0.34940242767333984,
            "Y": 0.4470878541469574
          },
          {
            "X": 0.2890223562717438,
            "Y": 0.4469541907310486
          }
        ]
      },
      "Id": "6800a10b-d1e7-4be7-a30d-3885a8e58f86",
      "Page": 1
    },
    {
      "BlockType": "WORD",
      "Confidence": 96.26667785644531,
      "Text": "Tg",
      "TextType": "PRINTED",
      "Geometry": {
        "BoundingBox": {
          "Width": 0.013682604767382145,
          "Height": 0.02672412246465683,
          "Left": 0.3943314552307129,
          "Top": 0.4267473816871643
        },
        "Polygon": [
          {
            "X": 0.3943314552307129,
            "Y": 0.4267473816871643
          },
          {
            "X": 0.4076801836490631,
            "Y": 0.42677655816078186
          },
          {
            "X": 0.40801405906677246,
            "Y": 0.45347151160240173
          },
          {
            "X": 0.3946631848812103,
            "Y": 0.4534418284893036
          }
        ]
      },
      "Id": "2f3ca991-f987-47a0-b6d2-fc1caa9d1438",
      "Page": 1
    },
    {
      "BlockType": "WORD",
      "Confidence": 78.65670013427734,
      "Text": "(C)",
      "TextType": "PRINTED",
      "Geometry": {
        "BoundingBox": {
          "Width": 0.024808108806610107,
          "Height": 0.02665398083627224,
          "Left": 0.4117332100868225,
          "Top": 0.42562463879585266
        },
        "Polygon": [
          {
            "X": 0.4117332100868225,
            "Y": 0.42562463879585266
          },
          {
            "X": 0.43620413541793823,
            "Y": 0.4256781041622162
          },
          {
            "X": 0.4365413188934326,
            "Y": 0.45227861404418945
          },
          {
            "X": 0.4120665192604065,
            "Y": 0.4522242844104767
          }
        ]
      },
      "Id": "20a3d1cf-6fb8-44d7-b0b8-d74a737f3a6e",
      "Page": 1
    },
    {
      "BlockType": "WORD",
      "Confidence": 59.15779495239258,
      "Text": "o",
      "TextType": "PRINTED",
      "Geometry": {
        "BoundingBox": {
          "Width": 0.008015328086912632,
          "Height": 0.013502923771739006,
          "Left": 0.4812266230583191,
          "Top": 0.43388333916664124
        },
        "Polygon": [
          {
            "X": 0.4812266230583191,
            "Y": 0.43388333916664124
          },
          {
            "X": 0.48906680941581726,
            "Y": 0.43390053510665894
          },
          {
            "X": 0.48924192786216736,
            "Y": 0.447386234998703
          },
          {
            "X": 0.48140111565589905,
            "Y": 0.44736889004707336
          }
        ]
      },
      "Id": "348fb29c-de68-4bce-bf20-f841b47d1b70",
      "Page": 1
    },
    {
      "BlockType": "WORD",
      "Confidence": 99.57572937011719,
      "Text": "(MPa)",
      "TextType": "PRINTED",
      "Geometry": {
        "BoundingBox": {
          "Width": 0.03895733505487442,
          "Height": 0.025305604562163353,
          "Left": 0.49311548471450806,
          "Top": 0.42619311809539795
        },
        "Polygon": [
          {
            "X": 0.49311548471450806,
            "Y": 0.42619311809539795
          },
          {
            "X": 0.5317388772964478,
            "Y": 0.4262775182723999
          },
          {
            "X": 0.5320728421211243,
            "Y": 0.45149871706962585
          },
          {
            "X": 0.4934436082839966,
            "Y": 0.45141300559043884
          }
        ]
      },
      "Id": "a6af0410-4c5b-42c7-95af-5890c87de5b4",
      "Page": 1
    },
    {
      "BlockType": "WORD",
      "Confidence": 78.86359405517578,
      "Text": "E",
      "TextType": "PRINTED",
      "Geometry": {
        "BoundingBox": {
          "Width": 0.006663581356406212,
          "Height": 0.0141031164675951,
          "Left": 0.5903201699256897,
          "Top": 0.43370866775512695
        },
        "Polygon": [
          {
            "X": 0.5903201699256897,
            "Y": 0.43370866775512695
          },
          {
            "X": 0.5967918038368225,
            "Y": 0.4337228536605835
          },
          {
            "X": 0.5969837307929993,
            "Y": 0.4478117823600769
          },
          {
            "X": 0.5905115604400635,
            "Y": 0.4477974474430084
          }
        ]
      },
      "Id": "c34c2a99-409d-4cbb-89f0-27c51d576e58",
      "Page": 1
    },
    {
      "BlockType": "WORD",
      "Confidence": 99.92767333984375,
      "Text": "(%)",
      "TextType": "PRINTED",
      "Geometry": {
        "BoundingBox": {
          "Width": 0.019605565816164017,
          "Height": 0.02590446174144745,
          "Left": 0.6007792353630066,
          "Top": 0.42566072940826416
        },
        "Polygon": [
          {
            "X": 0.6007792353630066,
            "Y": 0.42566072940826416
          },
          {
            "X": 0.6200289130210876,
            "Y": 0.4257027804851532
          },
          {
            "X": 0.6203847527503967,
            "Y": 0.4515652060508728
          },
          {
            "X": 0.6011321544647217,
            "Y": 0.45152246952056885
          }
        ]
      },
      "Id": "1d9b188b-b8b0-4f15-9ee5-25875f094d0d",
      "Page": 1
    },
    {
      "BlockType": "WORD",
      "Confidence": 93.5755386352539,
      "Text": "Emax",
      "TextType": "PRINTED",
      "Geometry": {
        "BoundingBox": {
          "Width": 0.026081517338752747,
          "Height": 0.015921710059046745,
          "Left": 0.6915208697319031,
          "Top": 0.43460750579833984
        },
        "Polygon": [
          {
            "X": 0.6915208697319031,
            "Y": 0.43460750579833984
          },
          {
            "X": 0.7173749804496765,
            "Y": 0.4346642792224884
          },
          {
            "X": 0.7176023721694946,
            "Y": 0.45052921772003174
          },
          {
            "X": 0.6917458772659302,
            "Y": 0.4504718780517578
          }
        ]
      },
      "Id": "5a3f6e5a-fb2e-4405-9f2d-10c44d0dae0e",
      "Page": 1
    },
    {
      "BlockType": "WORD",
      "Confidence": 99.92139434814453,
      "Text": "(%)",
      "TextType": "PRINTED",
      "Geometry": {
        "BoundingBox": {
          "Width": 0.019706258550286293,
          "Height": 0.025368155911564827,
          "Left": 0.7215291857719421,
          "Top": 0.4259626269340515
        },
        "Polygon": [
          {
            "X": 0.7215291857719421,
            "Y": 0.4259626269340515
          },
          {
            "X": 0.740868866443634,
            "Y": 0.42600488662719727
          },
          {
            "X": 0.7412354350090027,
            "Y": 0.4513307809829712
          },
          {
            "X": 0.7218928933143616,
            "Y": 0.4512878656387329
          }
        ]
      },
      "Id": "5be05b8a-0724-41d5-be4b-51c749ba3cac",
      "Page": 1
    },
    {
      "BlockType": "WORD",
      "Confidence": 97.56958770751953,
      "Text": "DGEBA/3DCM",
      "TextType": "PRINTED",
      "Geometry": {
        "BoundingBox": {
          "Width": 0.08829588443040848,
          "Height": 0.02482554316520691,
          "Left": 0.24466882646083832,
          "Top": 0.4903932213783264
        },
        "Polygon": [
          {
            "X": 0.24466882646083832,
            "Y": 0.4903932213783264
          },
          {
            "X": 0.332667738199234,
            "Y": 0.4905930459499359
          },
          {
            "X": 0.3329647183418274,
            "Y": 0.5152187347412109
          },
          {
            "X": 0.2449529767036438,
            "Y": 0.5150160193443298
          }
        ]
      },
      "Id": "a10c09fe-6640-40ba-8fec-68eecef1a025",
      "Page": 1
    },
    {
      "BlockType": "WORD",
      "Confidence": 99.67321014404297,
      "Text": "142.3",
      "TextType": "PRINTED",
      "Geometry": {
        "BoundingBox": {
          "Width": 0.03343641012907028,
          "Height": 0.020083285868167877,
          "Left": 0.3955191373825073,
          "Top": 0.4908215403556824
        },
        "Polygon": [
          {
            "X": 0.3955191373825073,
            "Y": 0.4908215403556824
          },
          {
            "X": 0.4287029206752777,
            "Y": 0.49089688062667847
          },
          {
            "X": 0.4289555549621582,
            "Y": 0.5109047889709473
          },
          {
            "X": 0.39576780796051025,
            "Y": 0.5108285546302795
          }
        ]
      },
      "Id": "023b8b08-203a-4af0-94dc-72cd4a56f5e3",
      "Page": 1
    },
    {
      "BlockType": "WORD",
      "Confidence": 97.48921203613281,
      "Text": "91.4",
      "TextType": "PRINTED",
      "Geometry": {
        "BoundingBox": {
          "Width": 0.02626466006040573,
          "Height": 0.01994159072637558,
          "Left": 0.4830734431743622,
          "Top": 0.4909047782421112
        },
        "Polygon": [
          {
            "X": 0.4830734431743622,
            "Y": 0.4909047782421112
          },
          {
            "X": 0.5090776085853577,
            "Y": 0.49096381664276123
          },
          {
            "X": 0.5093380808830261,
            "Y": 0.5108463764190674
          },
          {
            "X": 0.4833308458328247,
            "Y": 0.5107866525650024
          }
        ]
      },
      "Id": "d94dcd46-bfcb-49f1-8bce-f42172c9d40f",
      "Page": 1
    },
    {
      "BlockType": "WORD",
      "Confidence": 99.53788757324219,
      "Text": "+",
      "TextType": "PRINTED",
      "Geometry": {
        "BoundingBox": {
          "Width": 0.009509720839560032,
          "Height": 0.01640617474913597,
          "Left": 0.5124849677085876,
          "Top": 0.4937008023262024
        },
        "Polygon": [
          {
            "X": 0.5124849677085876,
            "Y": 0.4937008023262024
          },
          {
            "X": 0.5217788219451904,
            "Y": 0.49372193217277527
          },
          {
            "X": 0.5219946503639221,
            "Y": 0.5101069808006287
          },
          {
            "X": 0.5126999616622925,
            "Y": 0.5100856423377991
          }
        ]
      },
      "Id": "736b332e-2829-4914-94c7-3ab41dd0c2b0",
      "Page": 1
    },
    {
      "BlockType": "WORD",
      "Confidence": 99.47533416748047,
      "Text": "0.7",
      "TextType": "PRINTED",
      "Geometry": {
        "BoundingBox": {
          "Width": 0.019725153222680092,
          "Height": 0.01987268403172493,
          "Left": 0.5255546569824219,
          "Top": 0.49103012681007385
        },
        "Polygon": [
          {
            "X": 0.5255546569824219,
            "Y": 0.49103012681007385
          },
          {
            "X": 0.545015811920166,
            "Y": 0.4910743236541748
          },
          {
            "X": 0.5452798008918762,
            "Y": 0.5109028220176697
          },
          {
            "X": 0.5258163213729858,
            "Y": 0.5108581185340881
          }
        ]
      },
      "Id": "32ce0666-c20f-49a0-9acc-1949fb1ea50a",
      "Page": 1
    },
    {
      "BlockType": "WORD",
      "Confidence": 98.95329284667969,
      "Text": "6.4",
      "TextType": "PRINTED",
      "Geometry": {
        "BoundingBox": {
          "Width": 0.019982995465397835,
          "Height": 0.019816890358924866,
          "Left": 0.5904033780097961,
          "Top": 0.49115189909935
        },
        "Polygon": [
          {
            "X": 0.5904033780097961,
            "Y": 0.49115189909935
          },
          {
            "X": 0.6101155281066895,
            "Y": 0.4911966621875763
          },
          {
            "X": 0.6103863716125488,
            "Y": 0.5109687447547913
          },
          {
            "X": 0.5906718373298645,
            "Y": 0.5109235048294067
          }
        ]
      },
      "Id": "68268ec7-064e-45ee-a259-0ee5a482e566",
      "Page": 1
    },
    {
      "BlockType": "WORD",
      "Confidence": 99.71707153320312,
      "Text": "+",
      "TextType": "PRINTED",
      "Geometry": {
        "BoundingBox": {
          "Width": 0.010092245414853096,
          "Height": 0.017573658376932144,
          "Left": 0.6133062839508057,
          "Top": 0.49350056052207947
        },
        "Polygon": [
          {
            "X": 0.6133062839508057,
            "Y": 0.49350056052207947
          },
          {
            "X": 0.6231567859649658,
            "Y": 0.4935229420661926
          },
          {
            "X": 0.6233985424041748,
            "Y": 0.5110742449760437
          },
          {
            "X": 0.6135470271110535,
            "Y": 0.511051595211029
          }
        ]
      },
      "Id": "bed52d9c-d0ce-422c-8af2-4c586ba44b5a",
      "Page": 1
    },
    {
      "BlockType": "WORD",
      "Confidence": 99.68630981445312,
      "Text": "0.3",
      "TextType": "PRINTED",
      "Geometry": {
        "BoundingBox": {
          "Width": 0.019024016335606575,
          "Height": 0.019781718030571938,
          "Left": 0.626227080821991,
          "Top": 0.49120673537254333
        },
        "Polygon": [
          {
            "X": 0.626227080821991,
            "Y": 0.49120673537254333
          },
          {
            "X": 0.6449766755104065,
            "Y": 0.49124929308891296
          },
          {
            "X": 0.6452510952949524,
            "Y": 0.5109884738922119
          },
          {
            "X": 0.6264992952346802,
            "Y": 0.5109453797340393
          }
        ]
      },
      "Id": "148a54ee-a506-4671-9963-fe74209c5534",
      "Page": 1
    },
    {
      "BlockType": "WORD",
      "Confidence": 99.86735534667969,
      "Text": "39.1",
      "TextType": "PRINTED",
      "Geometry": {
        "BoundingBox": {
          "Width": 0.02514583244919777,
          "Height": 0.020120028406381607,
          "Left": 0.691830575466156,
          "Top": 0.4910682737827301
        },
        "Polygon": [
          {
            "X": 0.691830575466156,
            "Y": 0.4910682737827301
          },
          {
            "X": 0.7166889905929565,
            "Y": 0.4911247193813324
          },
          {
            "X": 0.7169764041900635,
            "Y": 0.5111883282661438
          },
          {
            "X": 0.692115068435669,
            "Y": 0.5111311674118042
          }
        ]
      },
      "Id": "52854716-5714-428e-829d-e9d02cbe3190",
      "Page": 1
    },
    {
      "BlockType": "WORD",
      "Confidence": 98.41508483886719,
      "Text": "+",
      "TextType": "PRINTED",
      "Geometry": {
        "BoundingBox": {
          "Width": 0.010035264305770397,
          "Height": 0.018755361437797546,
          "Left": 0.7216392755508423,
          "Top": 0.4937945604324341
        },
        "Polygon": [
          {
            "X": 0.7216392755508423,
            "Y": 0.4937945604324341
          },
          {
            "X": 0.7314045429229736,
            "Y": 0.4938167631626129
          },
          {
            "X": 0.7316745519638062,
            "Y": 0.5125499367713928
          },
          {
            "X": 0.7219082117080688,
            "Y": 0.5125274658203125
          }
        ]
      },
      "Id": "c2dbd48f-1c64-4168-806a-9db51f9bd587",
      "Page": 1
    },
    {
      "BlockType": "WORD",
      "Confidence": 98.24073791503906,
      "Text": "0.3",
      "TextType": "PRINTED",
      "Geometry": {
        "BoundingBox": {
          "Width": 0.019038045778870583,
          "Height": 0.019975299015641212,
          "Left": 0.7350865602493286,
          "Top": 0.49116402864456177
        },
        "Polygon": [
          {
            "X": 0.7350865602493286,
            "Y": 0.49116402864456177
          },
          {
            "X": 0.7538346648216248,
            "Y": 0.4912065863609314
          },
          {
            "X": 0.754124641418457,
            "Y": 0.5111393332481384
          },
          {
            "X": 0.7353742718696594,
            "Y": 0.5110962390899658
          }
        ]
      },
      "Id": "fba868a2-9be7-45fe-aa03-fd2d4e9d5601",
      "Page": 1
    },
    {
      "BlockType": "WORD",
      "Confidence": 98.74991607666016,
      "Text": "DGEBA/IPD",
      "TextType": "PRINTED",
      "Geometry": {
        "BoundingBox": {
          "Width": 0.07234743237495422,
          "Height": 0.02518848329782486,
          "Left": 0.244436576962471,
          "Top": 0.5232579112052917
        },
        "Polygon": [
          {
            "X": 0.244436576962471,
            "Y": 0.5232579112052917
          },
          {
            "X": 0.3164847195148468,
            "Y": 0.5234246253967285
          },
          {
            "X": 0.31678399443626404,
            "Y": 0.5484463572502136
          },
          {
            "X": 0.24472519755363464,
            "Y": 0.5482772588729858
          }
        ]
      },
      "Id": "995a6bd9-eaaf-470d-b2e1-12257605f31c",
      "Page": 1
    },
    {
      "BlockType": "WORD",
      "Confidence": 99.74376678466797,
      "Text": "109.5",
      "TextType": "PRINTED",
      "Geometry": {
        "BoundingBox": {
          "Width": 0.033703774213790894,
          "Height": 0.02018592320382595,
          "Left": 0.3954593241214752,
          "Top": 0.5236013531684875
        },
        "Polygon": [
          {
            "X": 0.3954593241214752,
            "Y": 0.5236013531684875
          },
          {
            "X": 0.42890921235084534,
            "Y": 0.5236787796020508
          },
          {
            "X": 0.4291630983352661,
            "Y": 0.5437873005867004
          },
          {
            "X": 0.39570918679237366,
            "Y": 0.5437089800834656
          }
        ]
      },
      "Id": "fe8b2db1-8340-4804-a0b6-675d81857de3",
      "Page": 1
    },
    {
      "BlockType": "WORD",
      "Confidence": 99.7348403930664,
      "Text": "87.6",
      "TextType": "PRINTED",
      "Geometry": {
        "BoundingBox": {
          "Width": 0.02676987834274769,
          "Height": 0.02027769945561886,
          "Left": 0.48263394832611084,
          "Top": 0.5234140753746033
        },
        "Polygon": [
          {
            "X": 0.48263394832611084,
            "Y": 0.5234140753746033
          },
          {
            "X": 0.5091390609741211,
            "Y": 0.5234754085540771
          },
          {
            "X": 0.5094038248062134,
            "Y": 0.5436917543411255
          },
          {
            "X": 0.4828955829143524,
            "Y": 0.5436297655105591
          }
        ]
      },
      "Id": "8d01616f-0d77-49c1-9f92-640c4ee8796c",
      "Page": 1
    },
    {
      "BlockType": "WORD",
      "Confidence": 99.47038269042969,
      "Text": "+",
      "TextType": "PRINTED",
      "Geometry": {
        "BoundingBox": {
          "Width": 0.009822653606534004,
          "Height": 0.017436856403946877,
          "Left": 0.5124306082725525,
          "Top": 0.5267494916915894
        },
        "Polygon": [
          {
            "X": 0.5124306082725525,
            "Y": 0.5267494916915894
          },
          {
            "X": 0.5220238566398621,
            "Y": 0.5267717242240906
          },
          {
            "X": 0.5222532749176025,
            "Y": 0.5441863536834717
          },
          {
            "X": 0.5126590728759766,
            "Y": 0.5441638827323914
          }
        ]
      },
      "Id": "1d5e8962-3145-4a4b-8355-7dfa7f677af7",
      "Page": 1
    },
    {
      "BlockType": "WORD",
      "Confidence": 99.25003814697266,
      "Text": "0.6",
      "TextType": "PRINTED",
      "Geometry": {
        "BoundingBox": {
          "Width": 0.01980624720454216,
          "Height": 0.020073506981134415,
          "Left": 0.5254738330841064,
          "Top": 0.5237183570861816
        },
        "Polygon": [
          {
            "X": 0.5254738330841064,
            "Y": 0.5237183570861816
          },
          {
            "X": 0.5450134873390198,
            "Y": 0.5237635374069214
          },
          {
            "X": 0.5452800393104553,
            "Y": 0.5437918305397034
          },
          {
            "X": 0.5257380604743958,
            "Y": 0.5437461137771606
          }
        ]
      },
      "Id": "197b70c7-0846-4ccc-a1fc-d170d6cfee1e",
      "Page": 1
    },
    {
      "BlockType": "WORD",
      "Confidence": 99.9126205444336,
      "Text": "6.8",
      "TextType": "PRINTED",
      "Geometry": {
        "BoundingBox": {
          "Width": 0.019439315423369408,
          "Height": 0.020144734531641006,
          "Left": 0.5903633236885071,
          "Top": 0.5236751437187195
        },
        "Polygon": [
          {
            "X": 0.5903633236885071,
            "Y": 0.5236751437187195
          },
          {
            "X": 0.6095274686813354,
            "Y": 0.5237194895744324
          },
          {
            "X": 0.6098026633262634,
            "Y": 0.5438198447227478
          },
          {
            "X": 0.5906362533569336,
            "Y": 0.5437750220298767
          }
        ]
      },
      "Id": "c981af32-22c7-48c1-b5f9-33340917284d",
      "Page": 1
    },
    {
      "BlockType": "WORD",
      "Confidence": 99.5956039428711,
      "Text": "+",
      "TextType": "PRINTED",
      "Geometry": {
        "BoundingBox": {
          "Width": 0.010269174352288246,
          "Height": 0.01801578886806965,
          "Left": 0.6127516031265259,
          "Top": 0.5268036127090454
        },
        "Polygon": [
          {
            "X": 0.6127516031265259,
            "Y": 0.5268036127090454
          },
          {
            "X": 0.6227730512619019,
            "Y": 0.5268268585205078
          },
          {
            "X": 0.6230207681655884,
            "Y": 0.5448194146156311
          },
          {
            "X": 0.6129983067512512,
            "Y": 0.5447959303855896
          }
        ]
      },
      "Id": "5ce6788d-5323-4b3e-927a-f2fbd35a79b6",
      "Page": 1
    },
    {
      "BlockType": "WORD",
      "Confidence": 99.94257354736328,
      "Text": "0.5",
      "TextType": "PRINTED",
      "Geometry": {
        "BoundingBox": {
          "Width": 0.019378574565052986,
          "Height": 0.020039699971675873,
          "Left": 0.626186728477478,
          "Top": 0.5238441824913025
        },
        "Polygon": [
          {
            "X": 0.626186728477478,
            "Y": 0.5238441824913025
          },
          {
            "X": 0.6452873349189758,
            "Y": 0.523888349533081
          },
          {
            "X": 0.6455653309822083,
            "Y": 0.5438838601112366
          },
          {
            "X": 0.626462459564209,
            "Y": 0.543839156627655
          }
        ]
      },
      "Id": "d51e4539-3cd6-4355-81e9-5b44e8d5fe5a",
      "Page": 1
    },
    {
      "BlockType": "WORD",
      "Confidence": 97.72832489013672,
      "Text": "54.1",
      "TextType": "PRINTED",
      "Geometry": {
        "BoundingBox": {
          "Width": 0.02506406046450138,
          "Height": 0.02024967223405838,
          "Left": 0.6920213103294373,
          "Top": 0.5237134695053101
        },
        "Polygon": [
          {
            "X": 0.6920213103294373,
            "Y": 0.5237134695053101
          },
          {
            "X": 0.7167961597442627,
            "Y": 0.5237707495689392
          },
          {
            "X": 0.7170853614807129,
            "Y": 0.5439631342887878
          },
          {
            "X": 0.6923075914382935,
            "Y": 0.5439051389694214
          }
        ]
      },
      "Id": "f6113f67-8d89-4767-affe-f911842eed60",
      "Page": 1
    },
    {
      "BlockType": "WORD",
      "Confidence": 99.53040313720703,
      "Text": "+",
      "TextType": "PRINTED",
      "Geometry": {
        "BoundingBox": {
          "Width": 0.009862770326435566,
          "Height": 0.018676521256566048,
          "Left": 0.7219526171684265,
          "Top": 0.5264949202537537
        },
        "Polygon": [
          {
            "X": 0.7219526171684265,
            "Y": 0.5264949202537537
          },
          {
            "X": 0.7315465807914734,
            "Y": 0.5265171527862549
          },
          {
            "X": 0.7318153977394104,
            "Y": 0.5451714396476746
          },
          {
            "X": 0.7222203612327576,
            "Y": 0.5451489686965942
          }
        ]
      },
      "Id": "73e1c508-c16d-4b7a-854e-49ce6eb42bc6",
      "Page": 1
    },
    {
      "BlockType": "WORD",
      "Confidence": 99.59265899658203,
      "Text": "1.0",
      "TextType": "PRINTED",
      "Geometry": {
        "BoundingBox": {
          "Width": 0.017002854496240616,
          "Height": 0.019736720249056816,
          "Left": 0.7363902926445007,
          "Top": 0.5236947536468506
        },
        "Polygon": [
          {
            "X": 0.7363902926445007,
            "Y": 0.5236947536468506
          },
          {
            "X": 0.7531067728996277,
            "Y": 0.523733377456665
          },
          {
            "X": 0.7533931136131287,
            "Y": 0.5434314608573914
          },
          {
            "X": 0.7366747260093689,
            "Y": 0.5433923602104187
          }
        ]
      },
      "Id": "1869449a-5e99-43a1-8056-1ccdc2fd2c33",
      "Page": 1
    },
    {
      "BlockType": "WORD",
      "Confidence": 96.86958312988281,
      "Text": "DGEBA/4MPip",
      "TextType": "PRINTED",
      "Geometry": {
        "BoundingBox": {
          "Width": 0.09184030443429947,
          "Height": 0.025760285556316376,
          "Left": 0.24472594261169434,
          "Top": 0.5543933510780334
        },
        "Polygon": [
          {
            "X": 0.24472594261169434,
            "Y": 0.5543933510780334
          },
          {
            "X": 0.3362577557563782,
            "Y": 0.554608941078186
          },
          {
            "X": 0.3365662395954132,
            "Y": 0.5801536440849304
          },
          {
            "X": 0.24502058327198029,
            "Y": 0.5799349546432495
          }
        ]
      },
      "Id": "77e0f081-1d2d-47e8-ac79-141971739d5c",
      "Page": 1
    },
    {
      "BlockType": "WORD",
      "Confidence": 97.8148422241211,
      "Text": "63.5",
      "TextType": "PRINTED",
      "Geometry": {
        "BoundingBox": {
          "Width": 0.02743654139339924,
          "Height": 0.020160900428891182,
          "Left": 0.401693731546402,
          "Top": 0.5550606846809387
        },
        "Polygon": [
          {
            "X": 0.401693731546402,
            "Y": 0.5550606846809387
          },
          {
            "X": 0.4288766086101532,
            "Y": 0.5551247596740723
          },
          {
            "X": 0.42913028597831726,
            "Y": 0.575221598148346
          },
          {
            "X": 0.4019441604614258,
            "Y": 0.5751568675041199
          }
        ]
      },
      "Id": "c4a55de3-8ddd-441f-a5f1-efdfd3f9fc71",
      "Page": 1
    },
    {
      "BlockType": "WORD",
      "Confidence": 98.03052520751953,
      "Text": "80.2",
      "TextType": "PRINTED",
      "Geometry": {
        "BoundingBox": {
          "Width": 0.027667852118611336,
          "Height": 0.020103832706809044,
          "Left": 0.4814003109931946,
          "Top": 0.5548762679100037
        },
        "Polygon": [
          {
            "X": 0.4814003109931946,
            "Y": 0.5548762679100037
          },
          {
            "X": 0.5088057518005371,
            "Y": 0.5549408197402954
          },
          {
            "X": 0.5090681314468384,
            "Y": 0.5749800801277161
          },
          {
            "X": 0.4816594421863556,
            "Y": 0.574914813041687
          }
        ]
      },
      "Id": "cecdb3d3-329e-4dfb-a176-ca57356b0eaa",
      "Page": 1
    },
    {
      "BlockType": "WORD",
      "Confidence": 99.39566040039062,
      "Text": "+",
      "TextType": "PRINTED",
      "Geometry": {
        "BoundingBox": {
          "Width": 0.009719024412333965,
          "Height": 0.0184212327003479,
          "Left": 0.5124917030334473,
          "Top": 0.5575895309448242
        },
        "Polygon": [
          {
            "X": 0.5124917030334473,
            "Y": 0.5575895309448242
          },
          {
            "X": 0.5219683647155762,
            "Y": 0.557611882686615
          },
          {
            "X": 0.5222107172012329,
            "Y": 0.5760107636451721
          },
          {
            "X": 0.512732982635498,
            "Y": 0.5759881734848022
          }
        ]
      },
      "Id": "9b661633-77a4-432b-81c8-2fd374bac20a",
      "Page": 1
    },
    {
      "BlockType": "WORD",
      "Confidence": 99.951416015625,
      "Text": "0.4",
      "TextType": "PRINTED",
      "Geometry": {
        "BoundingBox": {
          "Width": 0.020053736865520477,
          "Height": 0.020399799570441246,
          "Left": 0.5254603028297424,
          "Top": 0.55497807264328
        },
        "Polygon": [
          {
            "X": 0.5254603028297424,
            "Y": 0.55497807264328
          },
          {
            "X": 0.5452432036399841,
            "Y": 0.5550246834754944
          },
          {
            "X": 0.5455140471458435,
            "Y": 0.575377881526947
          },
          {
            "X": 0.5257288217544556,
            "Y": 0.5753307342529297
          }
        ]
      },
      "Id": "ac69e57c-4c30-4f42-843e-b3208beec505",
      "Page": 1
    },
    {
      "BlockType": "WORD",
      "Confidence": 96.75456237792969,
      "Text": "8.4",
      "TextType": "PRINTED",
      "Geometry": {
        "BoundingBox": {
          "Width": 0.019765565171837807,
          "Height": 0.020256822928786278,
          "Left": 0.5904644131660461,
          "Top": 0.5548118948936462
        },
        "Polygon": [
          {
            "X": 0.5904644131660461,
            "Y": 0.5548118948936462
          },
          {
            "X": 0.6099532842636108,
            "Y": 0.5548577904701233
          },
          {
            "X": 0.610230028629303,
            "Y": 0.5750687122344971
          },
          {
            "X": 0.590738832950592,
            "Y": 0.5750223398208618
          }
        ]
      },
      "Id": "109f88a5-c5ba-4818-b9e3-c7c65a51ff17",
      "Page": 1
    },
    {
      "BlockType": "WORD",
      "Confidence": 99.6972885131836,
      "Text": "+",
      "TextType": "PRINTED",
      "Geometry": {
        "BoundingBox": {
          "Width": 0.009649379178881645,
          "Height": 0.018646087497472763,
          "Left": 0.6131550073623657,
          "Top": 0.5577516555786133
        },
        "Polygon": [
          {
            "X": 0.6131550073623657,
            "Y": 0.5577516555786133
          },
          {
            "X": 0.6225480437278748,
            "Y": 0.5577738285064697
          },
          {
            "X": 0.6228044033050537,
            "Y": 0.5763977766036987
          },
          {
            "X": 0.6134103536605835,
            "Y": 0.5763753652572632
          }
        ]
      },
      "Id": "33122695-f0e4-4f8c-a001-a396ac2933cc",
      "Page": 1
    },
    {
      "BlockType": "WORD",
      "Confidence": 99.83751678466797,
      "Text": "0.2",
      "TextType": "PRINTED",
      "Geometry": {
        "BoundingBox": {
          "Width": 0.019509846344590187,
          "Height": 0.020449163392186165,
          "Left": 0.6261802315711975,
          "Top": 0.55477374792099
        },
        "Polygon": [
          {
            "X": 0.6261802315711975,
            "Y": 0.55477374792099
          },
          {
            "X": 0.6454064846038818,
            "Y": 0.5548190474510193
          },
          {
            "X": 0.6456900835037231,
            "Y": 0.575222909450531
          },
          {
            "X": 0.6264615654945374,
            "Y": 0.5751771330833435
          }
        ]
      },
      "Id": "76d43bf3-9f76-49f2-afb6-5a587b96efff",
      "Page": 1
    },
    {
      "BlockType": "WORD",
      "Confidence": 99.33964538574219,
      "Text": "60.4",
      "TextType": "PRINTED",
      "Geometry": {
        "BoundingBox": {
          "Width": 0.027887308970093727,
          "Height": 0.020492082461714745,
          "Left": 0.6909821033477783,
          "Top": 0.5548068284988403
        },
        "Polygon": [
          {
            "X": 0.6909821033477783,
            "Y": 0.5548068284988403
          },
          {
            "X": 0.7185766100883484,
            "Y": 0.5548717975616455
          },
          {
            "X": 0.7188693881034851,
            "Y": 0.5752989053726196
          },
          {
            "X": 0.6912714838981628,
            "Y": 0.5752332210540771
          }
        ]
      },
      "Id": "44f990e3-6a72-4a8e-a886-54912e2bd9d8",
      "Page": 1
    },
    {
      "BlockType": "WORD",
      "Confidence": 99.73399353027344,
      "Text": "+",
      "TextType": "PRINTED",
      "Geometry": {
        "BoundingBox": {
          "Width": 0.009562389925122261,
          "Height": 0.019803879782557487,
          "Left": 0.7222583293914795,
          "Top": 0.5571665167808533
        },
        "Polygon": [
          {
            "X": 0.7222583293914795,
            "Y": 0.5571665167808533
          },
          {
            "X": 0.7315357327461243,
            "Y": 0.5571883916854858
          },
          {
            "X": 0.7318207621574402,
            "Y": 0.5769703984260559
          },
          {
            "X": 0.7225422859191895,
            "Y": 0.5769482851028442
          }
        ]
      },
      "Id": "567ea2db-5a42-4a10-a3d7-fbe8273e1d6a",
      "Page": 1
    },
    {
      "BlockType": "WORD",
      "Confidence": 99.90135192871094,
      "Text": "0.8",
      "TextType": "PRINTED",
      "Geometry": {
        "BoundingBox": {
          "Width": 0.01936427690088749,
          "Height": 0.020469490438699722,
          "Left": 0.7351344227790833,
          "Top": 0.5547530055046082
        },
        "Polygon": [
          {
            "X": 0.7351344227790833,
            "Y": 0.5547530055046082
          },
          {
            "X": 0.7542016506195068,
            "Y": 0.554797887802124
          },
          {
            "X": 0.7544986605644226,
            "Y": 0.5752224922180176
          },
          {
            "X": 0.7354291081428528,
            "Y": 0.5751770734786987
          }
        ]
      },
      "Id": "217e0b09-bb2c-49ad-8ad9-57372beb34e2",
      "Page": 1
    },
    {
      "BlockType": "TABLE",
      "Confidence": 99.560546875,
      "Geometry": {
        "BoundingBox": {
          "Width": 0.5402315855026245,
          "Height": 0.185461163520813,
          "Left": 0.22991645336151123,
          "Top": 0.40683162212371826
        },
        "Polygon": [
          {
            "X": 0.22991645336151123,
            "Y": 0.40683162212371826
          },
          {
            "X": 0.7674511671066284,
            "Y": 0.4079931676387787
          },
          {
            "X": 0.7701480388641357,
            "Y": 0.5922927856445312
          },
          {
            "X": 0.23202669620513916,
            "Y": 0.59099942445755
          }
        ]
      },
      "Id": "aa37a797-6745-4546-ac68-f21860752934",
      "Relationships": [
        {
          "Type": "CHILD",
          "Ids": [
            "60971a65-f35c-4a3a-bdc9-74a083de5132",
            "a5952862-7370-4403-91cf-a9955dd3d661",
            "784aea6a-e2b9-4abc-b329-894f8abe0190",
            "d8e63837-01d1-48d0-a7d0-80534b2179b1",
            "01fc8b76-8013-41d4-9697-7e2a5c6ac05c",
            "5517a961-e4e8-402e-a090-da5d56ced940",
            "b6c4dde6-a6e4-4126-ba95-6f5ac3e20642",
            "44fdb083-c26b-43f2-b3ce-569bc9540011",
            "69641806-f993-483b-b633-e55ceb4ca1d5",
            "9e6d6b56-14ea-4b07-b592-4ae7d86161b7",
            "d218821c-4108-4395-bf78-73b027e47628",
            "6ccd7468-6057-415c-a37b-d87f1d18957a",
            "e2ccc6d4-1869-4f2a-a35e-741e6ec57a5c",
            "b186daa0-d30c-43cf-8bde-748d4bafcffc",
            "d4fbff63-aefc-44c1-8989-01bf809d2162",
            "f274d128-07d2-44e5-afce-b21dd3db2492",
            "96264e99-24e8-4c11-a78f-60c3f5450d3e",
            "dc309b25-c534-4cfa-ae65-d9c75c6084b0",
            "c46aade0-631c-4991-b76e-a7d9c770cf7c",
            "3dfbdb14-1018-4577-af06-8d7a06910f4c"
          ]
        }
      ],
      "EntityTypes": [
        "STRUCTURED_TABLE"
      ],
      "Page": 1
    },
    {
      "BlockType": "CELL",
      "Confidence": 93.408203125,
      "RowIndex": 1,
      "ColumnIndex": 1,
      "RowSpan": 1,
      "ColumnSpan": 1,
      "Geometry": {
        "BoundingBox": {
          "Width": 0.14255565404891968,
          "Height": 0.06312210857868195,
          "Left": 0.22991645336151123,
          "Top": 0.40683162212371826
        },
        "Polygon": [
          {
            "X": 0.22991645336151123,
            "Y": 0.40683162212371826
          },
          {
            "X": 0.3716997504234314,
            "Y": 0.40713798999786377
          },
          {
            "X": 0.3724721074104309,
            "Y": 0.4699537456035614
          },
          {
            "X": 0.23063607513904572,
            "Y": 0.4696355164051056
          }
        ]
      },
      "Id": "60971a65-f35c-4a3a-bdc9-74a083de5132",
      "Relationships": [
        {
          "Type": "CHILD",
          "Ids": [
            "3ed919f1-dbd2-4a29-8a75-b5903a7ae958",
            "6800a10b-d1e7-4be7-a30d-3885a8e58f86"
          ]
        }
      ],
      "EntityTypes": [
        "COLUMN_HEADER"
      ],
      "Page": 1
    },
    {
      "BlockType": "CELL",
      "Confidence": 89.208984375,
      "RowIndex": 1,
      "ColumnIndex": 2,
      "RowSpan": 1,
      "ColumnSpan": 1,
      "Geometry": {
        "BoundingBox": {
          "Width": 0.08769340068101883,
          "Height": 0.06301075220108032,
          "Left": 0.3716997504234314,
          "Top": 0.40713798999786377
        },
        "Polygon": [
          {
            "X": 0.3716997504234314,
            "Y": 0.40713798999786377
          },
          {
            "X": 0.45858845114707947,
            "Y": 0.40732574462890625
          },
          {
            "X": 0.45939314365386963,
            "Y": 0.4701487421989441
          },
          {
            "X": 0.3724721074104309,
            "Y": 0.4699537456035614
          }
        ]
      },
      "Id": "a5952862-7370-4403-91cf-a9955dd3d661",
      "Relationships": [
        {
          "Type": "CHILD",
          "Ids": [
            "2f3ca991-f987-47a0-b6d2-fc1caa9d1438",
            "20a3d1cf-6fb8-44d7-b0b8-d74a737f3a6e"
          ]
        }
      ],
      "EntityTypes": [
        "COLUMN_HEADER"
      ],
      "Page": 1
    },
    {
      "BlockType": "CELL",
      "Confidence": 93.5546875,
      "RowIndex": 1,
      "ColumnIndex": 3,
      "RowSpan": 1,
      "ColumnSpan": 1,
      "Geometry": {
        "BoundingBox": {
          "Width": 0.10775256156921387,
          "Height": 0.06306294351816177,
          "Left": 0.45858845114707947,
          "Top": 0.40732574462890625
        },
        "Polygon": [
          {
            "X": 0.45858845114707947,
            "Y": 0.40732574462890625
          },
          {
            "X": 0.565496563911438,
            "Y": 0.40755677223205566
          },
          {
            "X": 0.5663410425186157,
            "Y": 0.4703887104988098
          },
          {
            "X": 0.45939314365386963,
            "Y": 0.4701487421989441
          }
        ]
      },
      "Id": "784aea6a-e2b9-4abc-b329-894f8abe0190",
      "Relationships": [
        {
          "Type": "CHILD",
          "Ids": [
            "348fb29c-de68-4bce-bf20-f841b47d1b70",
            "a6af0410-4c5b-42c7-95af-5890c87de5b4"
          ]
        }
      ],
      "EntityTypes": [
        "COLUMN_HEADER"
      ],
      "Page": 1
    },
    {
      "BlockType": "CELL",
      "Confidence": 92.578125,
      "RowIndex": 1,
      "ColumnIndex": 4,
      "RowSpan": 1,
      "ColumnSpan": 1,
      "Geometry": {
        "BoundingBox": {
          "Width": 0.10089492797851562,
          "Height": 0.06305640190839767,
          "Left": 0.565496563911438,
          "Top": 0.40755677223205566
        },
        "Polygon": [
          {
            "X": 0.565496563911438,
            "Y": 0.40755677223205566
          },
          {
            "X": 0.6655097603797913,
            "Y": 0.40777289867401123
          },
          {
            "X": 0.6663914918899536,
            "Y": 0.47061318159103394
          },
          {
            "X": 0.5663410425186157,
            "Y": 0.4703887104988098
          }
        ]
      },
      "Id": "d8e63837-01d1-48d0-a7d0-80534b2179b1",
      "Relationships": [
        {
          "Type": "CHILD",
          "Ids": [
            "c34c2a99-409d-4cbb-89f0-27c51d576e58",
            "1d9b188b-b8b0-4f15-9ee5-25875f094d0d"
          ]
        }
      ],
      "EntityTypes": [
        "COLUMN_HEADER"
      ],
      "Page": 1
    },
    {
      "BlockType": "CELL",
      "Confidence": 92.919921875,
      "RowIndex": 1,
      "ColumnIndex": 5,
      "RowSpan": 1,
      "ColumnSpan": 1,
      "Geometry": {
        "BoundingBox": {
          "Width": 0.10286106914281845,
          "Height": 0.06306909024715424,
          "Left": 0.6655097603797913,
          "Top": 0.40777289867401123
        },
        "Polygon": [
          {
            "X": 0.6655097603797913,
            "Y": 0.40777289867401123
          },
          {
            "X": 0.7674511671066284,
            "Y": 0.4079931676387787
          },
          {
            "X": 0.7683708071708679,
            "Y": 0.4708419740200043
          },
          {
            "X": 0.6663914918899536,
            "Y": 0.47061318159103394
          }
        ]
      },
      "Id": "01fc8b76-8013-41d4-9697-7e2a5c6ac05c",
      "Relationships": [
        {
          "Type": "CHILD",
          "Ids": [
            "5a3f6e5a-fb2e-4405-9f2d-10c44d0dae0e",
            "5be05b8a-0724-41d5-be4b-51c749ba3cac"
          ]
        }
      ],
      "EntityTypes": [
        "COLUMN_HEADER"
      ],
      "Page": 1
    },
    {
      "BlockType": "CELL",
      "Confidence": 90.087890625,
      "RowIndex": 2,
      "ColumnIndex": 1,
      "RowSpan": 1,
      "ColumnSpan": 1,
      "Geometry": {
        "BoundingBox": {
          "Width": 0.14242543280124664,
          "Height": 0.04825418442487717,
          "Left": 0.23063607513904572,
          "Top": 0.4696355164051056
        },
        "Polygon": [
          {
            "X": 0.23063607513904572,
            "Y": 0.4696355164051056
          },
          {
            "X": 0.3724721074104309,
            "Y": 0.4699537456035614
          },
          {
            "X": 0.37306150794029236,
            "Y": 0.517889678478241
          },
          {
            "X": 0.23118522763252258,
            "Y": 0.5175624489784241
          }
        ]
      },
      "Id": "5517a961-e4e8-402e-a090-da5d56ced940",
      "Relationships": [
        {
          "Type": "CHILD",
          "Ids": [
            "a10c09fe-6640-40ba-8fec-68eecef1a025"
          ]
        }
      ],
      "Page": 1
    },
    {
      "BlockType": "CELL",
      "Confidence": 86.03515625,
      "RowIndex": 2,
      "ColumnIndex": 2,
      "RowSpan": 1,
      "ColumnSpan": 1,
      "Geometry": {
        "BoundingBox": {
          "Width": 0.08753511309623718,
          "Height": 0.048136524856090546,
          "Left": 0.3724721074104309,
          "Top": 0.4699537456035614
        },
        "Polygon": [
          {
            "X": 0.3724721074104309,
            "Y": 0.4699537456035614
          },
          {
            "X": 0.45939314365386963,
            "Y": 0.4701487421989441
          },
          {
            "X": 0.4600072205066681,
            "Y": 0.5180902481079102
          },
          {
            "X": 0.37306150794029236,
            "Y": 0.517889678478241
          }
        ]
      },
      "Id": "b6c4dde6-a6e4-4126-ba95-6f5ac3e20642",
      "Relationships": [
        {
          "Type": "CHILD",
          "Ids": [
            "023b8b08-203a-4af0-94dc-72cd4a56f5e3"
          ]
        }
      ],
      "Page": 1
    },
    {
      "BlockType": "CELL",
      "Confidence": 90.234375,
      "RowIndex": 2,
      "ColumnIndex": 3,
      "RowSpan": 1,
      "ColumnSpan": 1,
      "Geometry": {
        "BoundingBox": {
          "Width": 0.10759230703115463,
          "Height": 0.04818827658891678,
          "Left": 0.45939314365386963,
          "Top": 0.4701487421989441
        },
        "Polygon": [
          {
            "X": 0.45939314365386963,
            "Y": 0.4701487421989441
          },
          {
            "X": 0.5663410425186157,
            "Y": 0.4703887104988098
          },
          {
            "X": 0.5669854283332825,
            "Y": 0.5183370113372803
          },
          {
            "X": 0.4600072205066681,
            "Y": 0.5180902481079102
          }
        ]
      },
      "Id": "44fdb083-c26b-43f2-b3ce-569bc9540011",
      "Relationships": [
        {
          "Type": "CHILD",
          "Ids": [
            "d94dcd46-bfcb-49f1-8bce-f42172c9d40f",
            "736b332e-2829-4914-94c7-3ab41dd0c2b0",
            "32ce0666-c20f-49a0-9acc-1949fb1ea50a"
          ]
        }
      ],
      "Page": 1
    },
    {
      "BlockType": "CELL",
      "Confidence": 89.2578125,
      "RowIndex": 2,
      "ColumnIndex": 4,
      "RowSpan": 1,
      "ColumnSpan": 1,
      "Geometry": {
        "BoundingBox": {
          "Width": 0.10072330385446548,
          "Height": 0.04817918688058853,
          "Left": 0.5663410425186157,
          "Top": 0.4703887104988098
        },
        "Polygon": [
          {
            "X": 0.5663410425186157,
            "Y": 0.4703887104988098
          },
          {
            "X": 0.6663914918899536,
            "Y": 0.47061318159103394
          },
          {
            "X": 0.6670643091201782,
            "Y": 0.5185678601264954
          },
          {
            "X": 0.5669854283332825,
            "Y": 0.5183370113372803
          }
        ]
      },
      "Id": "69641806-f993-483b-b633-e55ceb4ca1d5",
      "Relationships": [
        {
          "Type": "CHILD",
          "Ids": [
            "68268ec7-064e-45ee-a259-0ee5a482e566",
            "bed52d9c-d0ce-422c-8af2-4c586ba44b5a",
            "148a54ee-a506-4671-9963-fe74209c5534"
          ]
        }
      ],
      "Page": 1
    },
    {
      "BlockType": "CELL",
      "Confidence": 89.6484375,
      "RowIndex": 2,
      "ColumnIndex": 5,
      "RowSpan": 1,
      "ColumnSpan": 1,
      "Geometry": {
        "BoundingBox": {
          "Width": 0.10268117487430573,
          "Height": 0.04819002002477646,
          "Left": 0.6663914918899536,
          "Top": 0.47061318159103394
        },
        "Polygon": [
          {
            "X": 0.6663914918899536,
            "Y": 0.47061318159103394
          },
          {
            "X": 0.7683708071708679,
            "Y": 0.4708419740200043
          },
          {
            "X": 0.7690726518630981,
            "Y": 0.5188031792640686
          },
          {
            "X": 0.6670643091201782,
            "Y": 0.5185678601264954
          }
        ]
      },
      "Id": "9e6d6b56-14ea-4b07-b592-4ae7d86161b7",
      "Relationships": [
        {
          "Type": "CHILD",
          "Ids": [
            "52854716-5714-428e-829d-e9d02cbe3190",
            "c2dbd48f-1c64-4168-806a-9db51f9bd587",
            "fba868a2-9be7-45fe-aa03-fd2d4e9d5601"
          ]
        }
      ],
      "Page": 1
    },
    {
      "BlockType": "CELL",
      "Confidence": 85.009765625,
      "RowIndex": 3,
      "ColumnIndex": 1,
      "RowSpan": 1,
      "ColumnSpan": 1,
      "Geometry": {
        "BoundingBox": {
          "Width": 0.14226378500461578,
          "Height": 0.03184282407164574,
          "Left": 0.23118522763252258,
          "Top": 0.5175624489784241
        },
        "Polygon": [
          {
            "X": 0.23118522763252258,
            "Y": 0.5175624489784241
          },
          {
            "X": 0.37306150794029236,
            "Y": 0.517889678478241
          },
          {
            "X": 0.37344902753829956,
            "Y": 0.5494052767753601
          },
          {
            "X": 0.2315462827682495,
            "Y": 0.5490720272064209
          }
        ]
      },
      "Id": "d218821c-4108-4395-bf78-73b027e47628",
      "Relationships": [
        {
          "Type": "CHILD",
          "Ids": [
            "995a6bd9-eaaf-470d-b2e1-12257605f31c"
          ]
        }
      ],
      "Page": 1
    },
    {
      "BlockType": "CELL",
      "Confidence": 81.201171875,
      "RowIndex": 3,
      "ColumnIndex": 2,
      "RowSpan": 1,
      "ColumnSpan": 1,
      "Geometry": {
        "BoundingBox": {
          "Width": 0.08734942972660065,
          "Height": 0.03171975910663605,
          "Left": 0.37306150794029236,
          "Top": 0.517889678478241
        },
        "Polygon": [
          {
            "X": 0.37306150794029236,
            "Y": 0.517889678478241
          },
          {
            "X": 0.4600072205066681,
            "Y": 0.5180902481079102
          },
          {
            "X": 0.4604109525680542,
            "Y": 0.5496094822883606
          },
          {
            "X": 0.37344902753829956,
            "Y": 0.5494052767753601
          }
        ]
      },
      "Id": "6ccd7468-6057-415c-a37b-d87f1d18957a",
      "Relationships": [
        {
          "Type": "CHILD",
          "Ids": [
            "fe8b2db1-8340-4804-a0b6-675d81857de3"
          ]
        }
      ],
      "Page": 1
    },
    {
      "BlockType": "CELL",
      "Confidence": 85.107421875,
      "RowIndex": 3,
      "ColumnIndex": 3,
      "RowSpan": 1,
      "ColumnSpan": 1,
      "Geometry": {
        "BoundingBox": {
          "Width": 0.10740191489458084,
          "Height": 0.031770456582307816,
          "Left": 0.4600072205066681,
          "Top": 0.5180902481079102
        },
        "Polygon": [
          {
            "X": 0.4600072205066681,
            "Y": 0.5180902481079102
          },
          {
            "X": 0.5669854283332825,
            "Y": 0.5183370113372803
          },
          {
            "X": 0.5674091577529907,
            "Y": 0.5498607158660889
          },
          {
            "X": 0.4604109525680542,
            "Y": 0.5496094822883606
          }
        ]
      },
      "Id": "e2ccc6d4-1869-4f2a-a35e-741e6ec57a5c",
      "Relationships": [
        {
          "Type": "CHILD",
          "Ids": [
            "8d01616f-0d77-49c1-9f92-640c4ee8796c",
            "1d5e8962-3145-4a4b-8355-7dfa7f677af7",
            "197b70c7-0846-4ccc-a1fc-d170d6cfee1e"
          ]
        }
      ],
      "Page": 1
    },
    {
      "BlockType": "CELL",
      "Confidence": 84.228515625,
      "RowIndex": 3,
      "ColumnIndex": 4,
      "RowSpan": 1,
      "ColumnSpan": 1,
      "Geometry": {
        "BoundingBox": {
          "Width": 0.10052122920751572,
          "Height": 0.03175874054431915,
          "Left": 0.5669854283332825,
          "Top": 0.5183370113372803
        },
        "Polygon": [
          {
            "X": 0.5669854283332825,
            "Y": 0.5183370113372803
          },
          {
            "X": 0.6670643091201782,
            "Y": 0.5185678601264954
          },
          {
            "X": 0.6675066947937012,
            "Y": 0.550095796585083
          },
          {
            "X": 0.5674091577529907,
            "Y": 0.5498607158660889
          }
        ]
      },
      "Id": "b186daa0-d30c-43cf-8bde-748d4bafcffc",
      "Relationships": [
        {
          "Type": "CHILD",
          "Ids": [
            "c981af32-22c7-48c1-b5f9-33340917284d",
            "5ce6788d-5323-4b3e-927a-f2fbd35a79b6",
            "d51e4539-3cd6-4355-81e9-5b44e8d5fe5a"
          ]
        }
      ],
      "Page": 1
    },
    {
      "BlockType": "CELL",
      "Confidence": 84.5703125,
      "RowIndex": 3,
      "ColumnIndex": 5,
      "RowSpan": 1,
      "ColumnSpan": 1,
      "Geometry": {
        "BoundingBox": {
          "Width": 0.10246973484754562,
          "Height": 0.03176746889948845,
          "Left": 0.6670643091201782,
          "Top": 0.5185678601264954
        },
        "Polygon": [
          {
            "X": 0.6670643091201782,
            "Y": 0.5185678601264954
          },
          {
            "X": 0.7690726518630981,
            "Y": 0.5188031792640686
          },
          {
            "X": 0.7695340514183044,
            "Y": 0.5503353476524353
          },
          {
            "X": 0.6675066947937012,
            "Y": 0.550095796585083
          }
        ]
      },
      "Id": "d4fbff63-aefc-44c1-8989-01bf809d2162",
      "Relationships": [
        {
          "Type": "CHILD",
          "Ids": [
            "f6113f67-8d89-4767-affe-f911842eed60",
            "73e1c508-c16d-4b7a-854e-49ce6eb42bc6",
            "1869449a-5e99-43a1-8056-1ccdc2fd2c33"
          ]
        }
      ],
      "Page": 1
    },
    {
      "BlockType": "CELL",
      "Confidence": 90.625,
      "RowIndex": 4,
      "ColumnIndex": 1,
      "RowSpan": 1,
      "ColumnSpan": 1,
      "Geometry": {
        "BoundingBox": {
          "Width": 0.14241835474967957,
          "Height": 0.0422685369849205,
          "Left": 0.2315462827682495,
          "Top": 0.5490720272064209
        },
        "Polygon": [
          {
            "X": 0.2315462827682495,
            "Y": 0.5490720272064209
          },
          {
            "X": 0.37344902753829956,
            "Y": 0.5494052767753601
          },
          {
            "X": 0.3739646375179291,
            "Y": 0.5913405418395996
          },
          {
            "X": 0.23202669620513916,
            "Y": 0.59099942445755
          }
        ]
      },
      "Id": "f274d128-07d2-44e5-afce-b21dd3db2492",
      "Relationships": [
        {
          "Type": "CHILD",
          "Ids": [
            "77e0f081-1d2d-47e8-ac79-141971739d5c"
          ]
        }
      ],
      "Page": 1
    },
    {
      "BlockType": "CELL",
      "Confidence": 86.5234375,
      "RowIndex": 4,
      "ColumnIndex": 2,
      "RowSpan": 1,
      "ColumnSpan": 1,
      "Geometry": {
        "BoundingBox": {
          "Width": 0.08749913424253464,
          "Height": 0.042144376784563065,
          "Left": 0.37344902753829956,
          "Top": 0.5494052767753601
        },
        "Polygon": [
          {
            "X": 0.37344902753829956,
            "Y": 0.5494052767753601
          },
          {
            "X": 0.4604109525680542,
            "Y": 0.5496094822883606
          },
          {
            "X": 0.4609481394290924,
            "Y": 0.5915496349334717
          },
          {
            "X": 0.3739646375179291,
            "Y": 0.5913405418395996
          }
        ]
      },
      "Id": "96264e99-24e8-4c11-a78f-60c3f5450d3e",
      "Relationships": [
        {
          "Type": "CHILD",
          "Ids": [
            "c4a55de3-8ddd-441f-a5f1-efdfd3f9fc71"
          ]
        }
      ],
      "Page": 1
    },
    {
      "BlockType": "CELL",
      "Confidence": 90.72265625,
      "RowIndex": 4,
      "ColumnIndex": 3,
      "RowSpan": 1,
      "ColumnSpan": 1,
      "Geometry": {
        "BoundingBox": {
          "Width": 0.10756196081638336,
          "Height": 0.04219740256667137,
          "Left": 0.4604109525680542,
          "Top": 0.5496094822883606
        },
        "Polygon": [
          {
            "X": 0.4604109525680542,
            "Y": 0.5496094822883606
          },
          {
            "X": 0.5674091577529907,
            "Y": 0.5498607158660889
          },
          {
            "X": 0.5679728984832764,
            "Y": 0.5918068885803223
          },
          {
            "X": 0.4609481394290924,
            "Y": 0.5915496349334717
          }
        ]
      },
      "Id": "dc309b25-c534-4cfa-ae65-d9c75c6084b0",
      "Relationships": [
        {
          "Type": "CHILD",
          "Ids": [
            "cecdb3d3-329e-4dfb-a176-ca57356b0eaa",
            "9b661633-77a4-432b-81c8-2fd374bac20a",
            "ac69e57c-4c30-4f42-843e-b3208beec505"
          ]
        }
      ],
      "Page": 1
    },
    {
      "BlockType": "CELL",
      "Confidence": 89.794921875,
      "RowIndex": 4,
      "ColumnIndex": 4,
      "RowSpan": 1,
      "ColumnSpan": 1,
      "Geometry": {
        "BoundingBox": {
          "Width": 0.10068617016077042,
          "Height": 0.042186785489320755,
          "Left": 0.5674091577529907,
          "Top": 0.5498607158660889
        },
        "Polygon": [
          {
            "X": 0.5674091577529907,
            "Y": 0.5498607158660889
          },
          {
            "X": 0.6675066947937012,
            "Y": 0.550095796585083
          },
          {
            "X": 0.6680952906608582,
            "Y": 0.5920475125312805
          },
          {
            "X": 0.5679728984832764,
            "Y": 0.5918068885803223
          }
        ]
      },
      "Id": "c46aade0-631c-4991-b76e-a7d9c770cf7c",
      "Relationships": [
        {
          "Type": "CHILD",
          "Ids": [
            "109f88a5-c5ba-4818-b9e3-c7c65a51ff17",
            "33122695-f0e4-4f8c-a001-a396ac2933cc",
            "76d43bf3-9f76-49f2-afb6-5a587b96efff"
          ]
        }
      ],
      "Page": 1
    },
    {
      "BlockType": "CELL",
      "Confidence": 90.13671875,
      "RowIndex": 4,
      "ColumnIndex": 5,
      "RowSpan": 1,
      "ColumnSpan": 1,
      "Geometry": {
        "BoundingBox": {
          "Width": 0.10264133661985397,
          "Height": 0.04219701513648033,
          "Left": 0.6675066947937012,
          "Top": 0.550095796585083
        },
        "Polygon": [
          {
            "X": 0.6675066947937012,
            "Y": 0.550095796585083
          },
          {
            "X": 0.7695340514183044,
            "Y": 0.5503353476524353
          },
          {
            "X": 0.7701480388641357,
            "Y": 0.5922927856445312
          },
          {
            "X": 0.6680952906608582,
            "Y": 0.5920475125312805
          }
        ]
      },
      "Id": "3dfbdb14-1018-4577-af06-8d7a06910f4c",
      "Relationships": [
        {
          "Type": "CHILD",
          "Ids": [
            "44f990e3-6a72-4a8e-a886-54912e2bd9d8",
            "567ea2db-5a42-4a10-a3d7-fbe8273e1d6a",
            "217e0b09-bb2c-49ad-8ad9-57372beb34e2"
          ]
        }
      ],
      "Page": 1
    }
  ],
  "AnalyzeDocumentModelVersion": "1.0"
}