{
  "DocumentMetadata": {
    "Pages": 1
  },
  "JobStatus": "SUCCEEDED",
  "Blocks": [
    {
      "BlockType": "PAGE",
      "Geometry": {
        "BoundingBox": {
          "Width": 0.542848527431488,
          "Height": 0.2863757014274597,
          "Left": 0.22895482182502747,
          "Top": 0.354446679353714
        },
        "Polygon": [
          {
            "X": 0.22895482182502747,
            "Y": 0.354446679353714
          },
          {
            "X": 0.7697439789772034,
            "Y": 0.35503003001213074
          },
          {
            "X": 0.7718033194541931,
            "Y": 0.6408223509788513
          },
          {
            "X": 0.22999577224254608,
            "Y": 0.6391522884368896
          }
        ]
      },
      "Id": "190f04ef-0994-4310-bab0-d8eb383195a8",
      "Relationships": [
        {
          "Type": "CHILD",
          "Ids": [
            "2017b6d0-ec13-4d27-981d-974ce2dd95f3",
            "6ab7e497-80fc-4d26-bdc8-b2169a87f67e",
            "74468650-aac4-4560-ba2f-b836de3d4af8",
            "799d9bf7-03b6-4119-9a6e-9adf20fd8941",
            "a523df8f-c998-4efa-a16c-06e88a8083c7",
            "aca7b1dc-6596-472b-b5e7-c3c5dee19b54",
            "96cfe58d-c6e6-4d5d-872c-a4b01e80e1d2",
            "0ee30300-30f1-44aa-b4d8-be12853881d2",
            "8e0a8a16-fcc2-4f7f-a7f0-a2f2ca43cc1d",
            "9d430e57-1143-41a0-bf2b-37e211b6ffde",
            "6c1ad79e-1990-4b49-bf4d-a4520566782c",
            "2707fa3a-0bdd-4fd4-8161-75ea2cebdb7a",
            "3104d88b-808d-448d-b74d-7041bc453fa2",
            "49a04f3d-7940-4890-91cd-4066c17eae0d",
            "b1a4b71c-2044-454c-9da7-dccac1333eea",
            "8a27e6e6-0284-4366-a5ed-22eb80cce511",
            "51bc0be3-93c6-45d1-9097-bde60d85b55d",
            "e3462f8f-a39c-4c85-9db8-80c2f91e6fd7",
            "91165d8e-f1a2-4b64-8639-76cbe84fd3d7",
            "f89bab56-e44a-4b7c-8f2d-6e834f07e6b4",
            "30de9bc2-be67-4b4a-87a0-f1dbc5b93d5f",
            "feb6c6f5-440c-4ba9-95d1-1150d6c5d4b3",
            "9fb884c3-cb55-471a-b6b8-0e15e4a3f5c3",
            "f2107b66-d21f-4ad9-ac17-e52d4524a309",
            "b28d69bd-cf2c-4c4a-9b2a-53651557ca72",
            "8e3ff96d-21ea-44c8-be7b-47995f71bd33",
            "ba87bd7d-81ea-4e49-95fb-59c40b4f6e68"
          ]
        }
      ],
      "Page": 1
    },
    {
      "BlockType": "LINE",
      "Confidence": 94.29570007324219,
      "Text": "Td5%",
      "Geometry": {
        "BoundingBox": {
          "Width": 0.02851097844541073,
          "Height": 0.021674761548638344,
          "Left": 0.40069884061813354,
          "Top": 0.3875347077846527
        },
        "Polygon": [
          {
            "X": 0.40069884061813354,
            "Y": 0.3875347077846527
          },
          {
            "X": 0.4291023015975952,
            "Y": 0.38757190108299255
          },
          {
            "X": 0.42920982837677,
            "Y": 0.4092094600200653
          },
          {
            "X": 0.4008023142814636,
            "Y": 0.40916794538497925
          }
        ]
      },
      "Id": "2017b6d0-ec13-4d27-981d-974ce2dd95f3",
      "Relationships": [
        {
          "Type": "CHILD",
          "Ids": [
            "44660d42-1259-4398-b16c-9eb6cddd9558"
          ]
        }
      ],
      "Page": 1
    },
    {
      "BlockType": "LINE",
      "Confidence": 99.25386810302734,
      "Text": "Tdmax",
      "Geometry": {
        "BoundingBox": {
          "Width": 0.033268097788095474,
          "Height": 0.021260054782032967,
          "Left": 0.49383556842803955,
          "Top": 0.3874080777168274
        },
        "Polygon": [
          {
            "X": 0.49383556842803955,
            "Y": 0.3874080777168274
          },
          {
            "X": 0.5269845724105835,
            "Y": 0.3874514698982239
          },
          {
            "X": 0.5271036624908447,
            "Y": 0.4086681306362152
          },
          {
            "X": 0.4939499497413635,
            "Y": 0.40861982107162476
          }
        ]
      },
      "Id": "6ab7e497-80fc-4d26-bdc8-b2169a87f67e",
      "Relationships": [
        {
          "Type": "CHILD",
          "Ids": [
            "752c28fb-c1af-47e6-9c63-d4fc09bd8045"
          ]
        }
      ],
      "Page": 1
    },
    {
      "BlockType": "LINE",
      "Confidence": 97.83502960205078,
      "Text": "dW/dT",
      "Geometry": {
        "BoundingBox": {
          "Width": 0.043544951826334,
          "Height": 0.020013971254229546,
          "Left": 0.5915666818618774,
          "Top": 0.38662612438201904
        },
        "Polygon": [
          {
            "X": 0.5915666818618774,
            "Y": 0.38662612438201904
          },
          {
            "X": 0.6349855065345764,
            "Y": 0.3866826593875885
          },
          {
            "X": 0.6351116299629211,
            "Y": 0.40664008259773254
          },
          {
            "X": 0.5916870832443237,
            "Y": 0.406577467918396
          }
        ]
      },
      "Id": "74468650-aac4-4560-ba2f-b836de3d4af8",
      "Relationships": [
        {
          "Type": "CHILD",
          "Ids": [
            "1026029d-c66e-46d6-8f4c-ad238aa87229"
          ]
        }
      ],
      "Page": 1
    },
    {
      "BlockType": "LINE",
      "Confidence": 99.6136703491211,
      "Text": "residues",
      "Geometry": {
        "BoundingBox": {
          "Width": 0.049420978873968124,
          "Height": 0.01812218502163887,
          "Left": 0.708612859249115,
          "Top": 0.386671245098114
        },
        "Polygon": [
          {
            "X": 0.708612859249115,
            "Y": 0.386671245098114
          },
          {
            "X": 0.7579051852226257,
            "Y": 0.38673537969589233
          },
          {
            "X": 0.7580338716506958,
            "Y": 0.4047934412956238
          },
          {
            "X": 0.7087357044219971,
            "Y": 0.40472304821014404
          }
        ]
      },
      "Id": "799d9bf7-03b6-4119-9a6e-9adf20fd8941",
      "Relationships": [
        {
          "Type": "CHILD",
          "Ids": [
            "fbee101a-49fb-4b2c-b6f4-1ab038bd1f47"
          ]
        }
      ],
      "Page": 1
    },
    {
      "BlockType": "LINE",
      "Confidence": 99.89734649658203,
      "Text": "Samples",
      "Geometry": {
        "BoundingBox": {
          "Width": 0.05365312471985817,
          "Height": 0.023055264726281166,
          "Left": 0.24631375074386597,
          "Top": 0.43148621916770935
        },
        "Polygon": [
          {
            "X": 0.24631375074386597,
            "Y": 0.43148621916770935
          },
          {
            "X": 0.2998722493648529,
            "Y": 0.4315730333328247
          },
          {
            "X": 0.29996687173843384,
            "Y": 0.45454150438308716
          },
          {
            "X": 0.24640026688575745,
            "Y": 0.454446017742157
          }
        ]
      },
      "Id": "a523df8f-c998-4efa-a16c-06e88a8083c7",
      "Relationships": [
        {
          "Type": "CHILD",
          "Ids": [
            "c13a4af2-85cc-405c-8f10-13d9082592b7"
          ]
        }
      ],
      "Page": 1
    },
    {
      "BlockType": "LINE",
      "Confidence": 47.97450256347656,
      "Text": "(C)",
      "Geometry": {
        "BoundingBox": {
          "Width": 0.024349210783839226,
          "Height": 0.021448001265525818,
          "Left": 0.40071162581443787,
          "Top": 0.4315500557422638
        },
        "Polygon": [
          {
            "X": 0.40071162581443787,
            "Y": 0.4315500557422638
          },
          {
            "X": 0.4249550700187683,
            "Y": 0.4315893054008484
          },
          {
            "X": 0.42506083846092224,
            "Y": 0.4529980421066284
          },
          {
            "X": 0.4008139669895172,
            "Y": 0.45295512676239014
          }
        ]
      },
      "Id": "aca7b1dc-6596-472b-b5e7-c3c5dee19b54",
      "Relationships": [
        {
          "Type": "CHILD",
          "Ids": [
            "9f7c5a29-bd1e-4b0f-9c83-d5b9594ecd48"
          ]
        }
      ],
      "Page": 1
    },
    {
      "BlockType": "LINE",
      "Confidence": 54.20163345336914,
      "Text": "(C)",
      "Geometry": {
        "BoundingBox": {
          "Width": 0.024373555555939674,
          "Height": 0.02135447971522808,
          "Left": 0.49389776587486267,
          "Top": 0.43147575855255127
        },
        "Polygon": [
          {
            "X": 0.49389776587486267,
            "Y": 0.43147575855255127
          },
          {
            "X": 0.5181530117988586,
            "Y": 0.4315149784088135
          },
          {
            "X": 0.5182713270187378,
            "Y": 0.4528302252292633
          },
          {
            "X": 0.4940126836299896,
            "Y": 0.4527873396873474
          }
        ]
      },
      "Id": "96cfe58d-c6e6-4d5d-872c-a4b01e80e1d2",
      "Relationships": [
        {
          "Type": "CHILD",
          "Ids": [
            "d8d87329-783c-4422-8e71-eee82fb38b32"
          ]
        }
      ],
      "Page": 1
    },
    {
      "BlockType": "LINE",
      "Confidence": 99.5914535522461,
      "Text": "(%/min)",
      "Geometry": {
        "BoundingBox": {
          "Width": 0.052169397473335266,
          "Height": 0.020787887275218964,
          "Left": 0.5915184617042542,
          "Top": 0.4318801462650299
        },
        "Polygon": [
          {
            "X": 0.5915184617042542,
            "Y": 0.4318801462650299
          },
          {
            "X": 0.6435558795928955,
            "Y": 0.4319644272327423
          },
          {
            "X": 0.6436878442764282,
            "Y": 0.45266804099082947
          },
          {
            "X": 0.5916433334350586,
            "Y": 0.4525761902332306
          }
        ]
      },
      "Id": "0ee30300-30f1-44aa-b4d8-be12853881d2",
      "Relationships": [
        {
          "Type": "CHILD",
          "Ids": [
            "67fc8027-86a7-43ba-8578-59c3dc58a50e"
          ]
        }
      ],
      "Page": 1
    },
    {
      "BlockType": "LINE",
      "Confidence": 97.10633850097656,
      "Text": "(wt%)",
      "Geometry": {
        "BoundingBox": {
          "Width": 0.0367635153234005,
          "Height": 0.02046639285981655,
          "Left": 0.7090426683425903,
          "Top": 0.43207892775535583
        },
        "Polygon": [
          {
            "X": 0.7090426683425903,
            "Y": 0.43207892775535583
          },
          {
            "X": 0.7456624507904053,
            "Y": 0.43213823437690735
          },
          {
            "X": 0.7458062171936035,
            "Y": 0.45254531502723694
          },
          {
            "X": 0.7091814875602722,
            "Y": 0.4524807631969452
          }
        ]
      },
      "Id": "8e0a8a16-fcc2-4f7f-a7f0-a2f2ca43cc1d",
      "Relationships": [
        {
          "Type": "CHILD",
          "Ids": [
            "3f1a76a5-0859-4671-b0d9-cc2d9a55e261"
          ]
        }
      ],
      "Page": 1
    },
    {
      "BlockType": "LINE",
      "Confidence": 99.91304779052734,
      "Text": "EP",
      "Geometry": {
        "BoundingBox": {
          "Width": 0.01785499043762684,
          "Height": 0.019192710518836975,
          "Left": 0.24566911160945892,
          "Top": 0.4783416986465454
        },
        "Polygon": [
          {
            "X": 0.24566911160945892,
            "Y": 0.4783416986465454
          },
          {
            "X": 0.2634497880935669,
            "Y": 0.4783763587474823
          },
          {
            "X": 0.2635240852832794,
            "Y": 0.4975343942642212
          },
          {
            "X": 0.24574118852615356,
            "Y": 0.4974973201751709
          }
        ]
      },
      "Id": "9d430e57-1143-41a0-bf2b-37e211b6ffde",
      "Relationships": [
        {
          "Type": "CHILD",
          "Ids": [
            "fc7c7b47-b6ee-4bd8-9a44-b4c3a9b80316"
          ]
        }
      ],
      "Page": 1
    },
    {
      "BlockType": "LINE",
      "Confidence": 99.98213958740234,
      "Text": "333",
      "Geometry": {
        "BoundingBox": {
          "Width": 0.02239328809082508,
          "Height": 0.017487673088908195,
          "Left": 0.40072494745254517,
          "Top": 0.47889208793640137
        },
        "Polygon": [
          {
            "X": 0.40072494745254517,
            "Y": 0.47889208793640137
          },
          {
            "X": 0.42303231358528137,
            "Y": 0.4789356291294098
          },
          {
            "X": 0.4231182336807251,
            "Y": 0.4963797628879547
          },
          {
            "X": 0.40080830454826355,
            "Y": 0.49633345007896423
          }
        ]
      },
      "Id": "6c1ad79e-1990-4b49-bf4d-a4520566782c",
      "Relationships": [
        {
          "Type": "CHILD",
          "Ids": [
            "d657a976-0aa8-41d3-b49e-8ef8f6bed3bc"
          ]
        }
      ],
      "Page": 1
    },
    {
      "BlockType": "LINE",
      "Confidence": 99.9917221069336,
      "Text": "405",
      "Geometry": {
        "BoundingBox": {
          "Width": 0.0228175837546587,
          "Height": 0.01703944057226181,
          "Left": 0.49398866295814514,
          "Top": 0.4791307747364044
        },
        "Polygon": [
          {
            "X": 0.49398866295814514,
            "Y": 0.4791307747364044
          },
          {
            "X": 0.5167120695114136,
            "Y": 0.4791751503944397
          },
          {
            "X": 0.5168062448501587,
            "Y": 0.4961702227592468
          },
          {
            "X": 0.4940802752971649,
            "Y": 0.49612313508987427
          }
        ]
      },
      "Id": "2707fa3a-0bdd-4fd4-8161-75ea2cebdb7a",
      "Relationships": [
        {
          "Type": "CHILD",
          "Ids": [
            "a177eb27-ed39-4366-9cdd-5f22604c7793"
          ]
        }
      ],
      "Page": 1
    },
    {
      "BlockType": "LINE",
      "Confidence": 90.61321258544922,
      "Text": "19.8",
      "Geometry": {
        "BoundingBox": {
          "Width": 0.02626732923090458,
          "Height": 0.01734667643904686,
          "Left": 0.5921835899353027,
          "Top": 0.4788646996021271
        },
        "Polygon": [
          {
            "X": 0.5921835899353027,
            "Y": 0.4788646996021271
          },
          {
            "X": 0.6183435916900635,
            "Y": 0.4789156913757324
          },
          {
            "X": 0.618450939655304,
            "Y": 0.49621134996414185
          },
          {
            "X": 0.5922879576683044,
            "Y": 0.4961571991443634
          }
        ]
      },
      "Id": "3104d88b-808d-448d-b74d-7041bc453fa2",
      "Relationships": [
        {
          "Type": "CHILD",
          "Ids": [
            "16b5dcef-b985-4548-8071-d88a8e77847d"
          ]
        }
      ],
      "Page": 1
    },
    {
      "BlockType": "LINE",
      "Confidence": 98.8233642578125,
      "Text": "17.2",
      "Geometry": {
        "BoundingBox": {
          "Width": 0.026256157085299492,
          "Height": 0.01731901802122593,
          "Left": 0.7093700170516968,
          "Top": 0.47891923785209656
        },
        "Polygon": [
          {
            "X": 0.7093700170516968,
            "Y": 0.47891923785209656
          },
          {
            "X": 0.7355057001113892,
            "Y": 0.47897017002105713
          },
          {
            "X": 0.7356261610984802,
            "Y": 0.49623826146125793
          },
          {
            "X": 0.7094874978065491,
            "Y": 0.49618417024612427
          }
        ]
      },
      "Id": "49a04f3d-7940-4890-91cd-4066c17eae0d",
      "Relationships": [
        {
          "Type": "CHILD",
          "Ids": [
            "f17d4c19-ef78-4fc8-afb6-7148a3dcea8e"
          ]
        }
      ],
      "Page": 1
    },
    {
      "BlockType": "LINE",
      "Confidence": 99.53446197509766,
      "Text": "Al-lignin",
      "Geometry": {
        "BoundingBox": {
          "Width": 0.05663149803876877,
          "Height": 0.02338949777185917,
          "Left": 0.24604077637195587,
          "Top": 0.5064730644226074
        },
        "Polygon": [
          {
            "X": 0.24604077637195587,
            "Y": 0.5064730644226074
          },
          {
            "X": 0.30257606506347656,
            "Y": 0.5065945386886597
          },
          {
            "X": 0.30267226696014404,
            "Y": 0.5298625230789185
          },
          {
            "X": 0.24612833559513092,
            "Y": 0.529731810092926
          }
        ]
      },
      "Id": "b1a4b71c-2044-454c-9da7-dccac1333eea",
      "Relationships": [
        {
          "Type": "CHILD",
          "Ids": [
            "92332e88-1d63-4108-b5de-f03d67f2f29f"
          ]
        }
      ],
      "Page": 1
    },
    {
      "BlockType": "LINE",
      "Confidence": 99.99102020263672,
      "Text": "340",
      "Geometry": {
        "BoundingBox": {
          "Width": 0.02277827449142933,
          "Height": 0.017401626333594322,
          "Left": 0.40051719546318054,
          "Top": 0.5079210996627808
        },
        "Polygon": [
          {
            "X": 0.40051719546318054,
            "Y": 0.5079210996627808
          },
          {
            "X": 0.4232099652290344,
            "Y": 0.5079700350761414
          },
          {
            "X": 0.4232954680919647,
            "Y": 0.5253227353096008
          },
          {
            "X": 0.4006000757217407,
            "Y": 0.5252709984779358
          }
        ]
      },
      "Id": "8a27e6e6-0284-4366-a5ed-22eb80cce511",
      "Relationships": [
        {
          "Type": "CHILD",
          "Ids": [
            "b3e23f18-6954-4593-a0aa-4e259d6363ce"
          ]
        }
      ],
      "Page": 1
    },
    {
      "BlockType": "LINE",
      "Confidence": 99.96749877929688,
      "Text": "401",
      "Geometry": {
        "BoundingBox": {
          "Width": 0.021770931780338287,
          "Height": 0.016815323382616043,
          "Left": 0.49370718002319336,
          "Top": 0.5079466700553894
        },
        "Polygon": [
          {
            "X": 0.49370718002319336,
            "Y": 0.5079466700553894
          },
          {
            "X": 0.5153853893280029,
            "Y": 0.5079934000968933
          },
          {
            "X": 0.5154781341552734,
            "Y": 0.524761974811554
          },
          {
            "X": 0.49379754066467285,
            "Y": 0.5247126817703247
          }
        ]
      },
      "Id": "51bc0be3-93c6-45d1-9097-bde60d85b55d",
      "Relationships": [
        {
          "Type": "CHILD",
          "Ids": [
            "4a41a31e-6bc4-4b4a-8be6-78ed8d8a6767"
          ]
        }
      ],
      "Page": 1
    },
    {
      "BlockType": "LINE",
      "Confidence": 96.57424926757812,
      "Text": "16.5",
      "Geometry": {
        "BoundingBox": {
          "Width": 0.02630672976374626,
          "Height": 0.017129117622971535,
          "Left": 0.5921252965927124,
          "Top": 0.5079099535942078
        },
        "Polygon": [
          {
            "X": 0.5921252965927124,
            "Y": 0.5079099535942078
          },
          {
            "X": 0.6183260679244995,
            "Y": 0.5079663395881653
          },
          {
            "X": 0.6184320449829102,
            "Y": 0.52503901720047
          },
          {
            "X": 0.5922282934188843,
            "Y": 0.5249794721603394
          }
        ]
      },
      "Id": "e3462f8f-a39c-4c85-9db8-80c2f91e6fd7",
      "Relationships": [
        {
          "Type": "CHILD",
          "Ids": [
            "cbfead9d-5d42-4dc7-a276-2bd6e539027e"
          ]
        }
      ],
      "Page": 1
    },
    {
      "BlockType": "LINE",
      "Confidence": 99.8366470336914,
      "Text": "21.5",
      "Geometry": {
        "BoundingBox": {
          "Width": 0.026642516255378723,
          "Height": 0.017155276611447334,
          "Left": 0.7088629603385925,
          "Top": 0.5079379081726074
        },
        "Polygon": [
          {
            "X": 0.7088629603385925,
            "Y": 0.5079379081726074
          },
          {
            "X": 0.7353862524032593,
            "Y": 0.5079950094223022
          },
          {
            "X": 0.7355055212974548,
            "Y": 0.5250931978225708
          },
          {
            "X": 0.7089792490005493,
            "Y": 0.5250329375267029
          }
        ]
      },
      "Id": "91165d8e-f1a2-4b64-8639-76cbe84fd3d7",
      "Relationships": [
        {
          "Type": "CHILD",
          "Ids": [
            "6d74b090-c2d4-4e14-8161-d2e916d8fb48"
          ]
        }
      ],
      "Page": 1
    },
    {
      "BlockType": "LINE",
      "Confidence": 99.84278106689453,
      "Text": "20/EP",
      "Geometry": {
        "BoundingBox": {
          "Width": 0.03916095197200775,
          "Height": 0.018824225291609764,
          "Left": 0.24638032913208008,
          "Top": 0.5378096103668213
        },
        "Polygon": [
          {
            "X": 0.24638032913208008,
            "Y": 0.5378096103668213
          },
          {
            "X": 0.28546592593193054,
            "Y": 0.5379022359848022
          },
          {
            "X": 0.285541296005249,
            "Y": 0.5566338300704956
          },
          {
            "X": 0.24645085632801056,
            "Y": 0.556536078453064
          }
        ]
      },
      "Id": "f89bab56-e44a-4b7c-8f2d-6e834f07e6b4",
      "Relationships": [
        {
          "Type": "CHILD",
          "Ids": [
            "fc659872-2a07-45aa-ad32-347d5b09a360"
          ]
        }
      ],
      "Page": 1
    },
    {
      "BlockType": "LINE",
      "Confidence": 99.59992980957031,
      "Text": "F-lignin@APP",
      "Geometry": {
        "BoundingBox": {
          "Width": 0.08948387205600739,
          "Height": 0.023442111909389496,
          "Left": 0.2458195835351944,
          "Top": 0.566601037979126
        },
        "Polygon": [
          {
            "X": 0.2458195835351944,
            "Y": 0.566601037979126
          },
          {
            "X": 0.33520254492759705,
            "Y": 0.5668308734893799
          },
          {
            "X": 0.3353034555912018,
            "Y": 0.5900431871414185
          },
          {
            "X": 0.24590684473514557,
            "Y": 0.5897986888885498
          }
        ]
      },
      "Id": "30de9bc2-be67-4b4a-87a0-f1dbc5b93d5f",
      "Relationships": [
        {
          "Type": "CHILD",
          "Ids": [
            "c2c563eb-b334-4c5d-9e65-57afbd1b51e2"
          ]
        }
      ],
      "Page": 1
    },
    {
      "BlockType": "LINE",
      "Confidence": 99.96995544433594,
      "Text": "325",
      "Geometry": {
        "BoundingBox": {
          "Width": 0.022153127938508987,
          "Height": 0.01744239777326584,
          "Left": 0.4008161425590515,
          "Top": 0.567680835723877
        },
        "Polygon": [
          {
            "X": 0.4008161425590515,
            "Y": 0.567680835723877
          },
          {
            "X": 0.42288368940353394,
            "Y": 0.5677376985549927
          },
          {
            "X": 0.4229692816734314,
            "Y": 0.5851232409477234
          },
          {
            "X": 0.400899201631546,
            "Y": 0.5850636959075928
          }
        ]
      },
      "Id": "feb6c6f5-440c-4ba9-95d1-1150d6c5d4b3",
      "Relationships": [
        {
          "Type": "CHILD",
          "Ids": [
            "b12c1f46-23ec-4aab-8a56-4961d949cbed"
          ]
        }
      ],
      "Page": 1
    },
    {
      "BlockType": "LINE",
      "Confidence": 99.86741638183594,
      "Text": "382",
      "Geometry": {
        "BoundingBox": {
          "Width": 0.02253076061606407,
          "Height": 0.017195777967572212,
          "Left": 0.49393925070762634,
          "Top": 0.5678803324699402
        },
        "Polygon": [
          {
            "X": 0.49393925070762634,
            "Y": 0.5678803324699402
          },
          {
            "X": 0.5163751244544983,
            "Y": 0.5679381489753723
          },
          {
            "X": 0.5164700150489807,
            "Y": 0.5850761532783508
          },
          {
            "X": 0.4940315783023834,
            "Y": 0.5850156545639038
          }
        ]
      },
      "Id": "9fb884c3-cb55-471a-b6b8-0e15e4a3f5c3",
      "Relationships": [
        {
          "Type": "CHILD",
          "Ids": [
            "994f6ed4-84d3-4c41-b0e4-f4a4b79682af"
          ]
        }
      ],
      "Page": 1
    },
    {
      "BlockType": "LINE",
      "Confidence": 99.82781982421875,
      "Text": "11.8",
      "Geometry": {
        "BoundingBox": {
          "Width": 0.02626495063304901,
          "Height": 0.017587602138519287,
          "Left": 0.5921820402145386,
          "Top": 0.5674915313720703
        },
        "Polygon": [
          {
            "X": 0.5921820402145386,
            "Y": 0.5674915313720703
          },
          {
            "X": 0.6183383464813232,
            "Y": 0.567558765411377
          },
          {
            "X": 0.6184470057487488,
            "Y": 0.5850791335105896
          },
          {
            "X": 0.5922877192497253,
            "Y": 0.5850086212158203
          }
        ]
      },
      "Id": "f2107b66-d21f-4ad9-ac17-e52d4524a309",
      "Relationships": [
        {
          "Type": "CHILD",
          "Ids": [
            "20b5d34e-87c3-4d3b-bb1c-0cabe0610e52"
          ]
        }
      ],
      "Page": 1
    },
    {
      "BlockType": "LINE",
      "Confidence": 99.93208312988281,
      "Text": "32.5",
      "Geometry": {
        "BoundingBox": {
          "Width": 0.026731280609965324,
          "Height": 0.01758320815861225,
          "Left": 0.7087945342063904,
          "Top": 0.5675744414329529
        },
        "Polygon": [
          {
            "X": 0.7087945342063904,
            "Y": 0.5675744414329529
          },
          {
            "X": 0.7354037165641785,
            "Y": 0.5676428079605103
          },
          {
            "X": 0.7355257868766785,
            "Y": 0.5851576328277588
          },
          {
            "X": 0.7089135050773621,
            "Y": 0.5850859880447388
          }
        ]
      },
      "Id": "b28d69bd-cf2c-4c4a-9b2a-53651557ca72",
      "Relationships": [
        {
          "Type": "CHILD",
          "Ids": [
            "b2781409-f9ca-4dae-9120-5919ccbde8e6"
          ]
        }
      ],
      "Page": 1
    },
    {
      "BlockType": "LINE",
      "Confidence": 99.88432312011719,
      "Text": "20/EP",
      "Geometry": {
        "BoundingBox": {
          "Width": 0.03939173370599747,
          "Height": 0.018872210755944252,
          "Left": 0.2588655948638916,
          "Top": 0.5979341268539429
        },
        "Polygon": [
          {
            "X": 0.2588655948638916,
            "Y": 0.5979341268539429
          },
          {
            "X": 0.29818031191825867,
            "Y": 0.5980438590049744
          },
          {
            "X": 0.29825732111930847,
            "Y": 0.6168063282966614
          },
          {
            "X": 0.2589377462863922,
            "Y": 0.6166913509368896
          }
        ]
      },
      "Id": "8e3ff96d-21ea-44c8-be7b-47995f71bd33",
      "Relationships": [
        {
          "Type": "CHILD",
          "Ids": [
            "21fd3ee1-dc11-4d99-85b8-74869757c65f"
          ]
        }
      ],
      "Page": 1
    },
    {
      "BlockType": "WORD",
      "Confidence": 94.29570007324219,
      "Text": "Td5%",
      "TextType": "PRINTED",
      "Geometry": {
        "BoundingBox": {
          "Width": 0.02851097844541073,
          "Height": 0.021674761548638344,
          "Left": 0.40069884061813354,
          "Top": 0.3875347077846527
        },
        "Polygon": [
          {
            "X": 0.40069884061813354,
            "Y": 0.3875347077846527
          },
          {
            "X": 0.4291023015975952,
            "Y": 0.38757190108299255
          },
          {
            "X": 0.42920982837677,
            "Y": 0.4092094600200653
          },
          {
            "X": 0.4008023142814636,
            "Y": 0.40916794538497925
          }
        ]
      },
      "Id": "44660d42-1259-4398-b16c-9eb6cddd9558",
      "Page": 1
    },
    {
      "BlockType": "WORD",
      "Confidence": 99.25386810302734,
      "Text": "Tdmax",
      "TextType": "PRINTED",
      "Geometry": {
        "BoundingBox": {
          "Width": 0.033268097788095474,
          "Height": 0.021260054782032967,
          "Left": 0.49383556842803955,
          "Top": 0.3874080777168274
        },
        "Polygon": [
          {
            "X": 0.49383556842803955,
            "Y": 0.3874080777168274
          },
          {
            "X": 0.5269845724105835,
            "Y": 0.3874514698982239
          },
          {
            "X": 0.5271036624908447,
            "Y": 0.4086681306362152
          },
          {
            "X": 0.4939499497413635,
            "Y": 0.40861982107162476
          }
        ]
      },
      "Id": "752c28fb-c1af-47e6-9c63-d4fc09bd8045",
      "Page": 1
    },
    {
      "BlockType": "WORD",
      "Confidence": 97.83502960205078,
      "Text": "dW/dT",
      "TextType": "PRINTED",
      "Geometry": {
        "BoundingBox": {
          "Width": 0.043544951826334,
          "Height": 0.020013971254229546,
          "Left": 0.5915666818618774,
          "Top": 0.38662612438201904
        },
        "Polygon": [
          {
            "X": 0.5915666818618774,
            "Y": 0.38662612438201904
          },
          {
            "X": 0.6349855065345764,
            "Y": 0.3866826593875885
          },
          {
            "X": 0.6351116299629211,
            "Y": 0.40664008259773254
          },
          {
            "X": 0.5916870832443237,
            "Y": 0.406577467918396
          }
        ]
      },
      "Id": "1026029d-c66e-46d6-8f4c-ad238aa87229",
      "Page": 1
    },
    {
      "BlockType": "WORD",
      "Confidence": 99.6136703491211,
      "Text": "residues",
      "TextType": "PRINTED",
      "Geometry": {
        "BoundingBox": {
          "Width": 0.049420978873968124,
          "Height": 0.01812218502163887,
          "Left": 0.708612859249115,
          "Top": 0.386671245098114
        },
        "Polygon": [
          {
            "X": 0.708612859249115,
            "Y": 0.386671245098114
          },
          {
            "X": 0.7579051852226257,
            "Y": 0.38673537969589233
          },
          {
            "X": 0.7580338716506958,
            "Y": 0.4047934412956238
          },
          {
            "X": 0.7087357044219971,
            "Y": 0.40472304821014404
          }
        ]
      },
      "Id": "fbee101a-49fb-4b2c-b6f4-1ab038bd1f47",
      "Page": 1
    },
    {
      "BlockType": "WORD",
      "Confidence": 99.89734649658203,
      "Text": "Samples",
      "TextType": "PRINTED",
      "Geometry": {
        "BoundingBox": {
          "Width": 0.05365312471985817,
          "Height": 0.023055264726281166,
          "Left": 0.24631375074386597,
          "Top": 0.43148621916770935
        },
        "Polygon": [
          {
            "X": 0.24631375074386597,
            "Y": 0.43148621916770935
          },
          {
            "X": 0.2998722493648529,
            "Y": 0.4315730333328247
          },
          {
            "X": 0.29996687173843384,
            "Y": 0.45454150438308716
          },
          {
            "X": 0.24640026688575745,
            "Y": 0.454446017742157
          }
        ]
      },
      "Id": "c13a4af2-85cc-405c-8f10-13d9082592b7",
      "Page": 1
    },
    {
      "BlockType": "WORD",
      "Confidence": 47.97450256347656,
      "Text": "(C)",
      "TextType": "PRINTED",
      "Geometry": {
        "BoundingBox": {
          "Width": 0.024349210783839226,
          "Height": 0.021448001265525818,
          "Left": 0.40071162581443787,
          "Top": 0.4315500557422638
        },
        "Polygon": [
          {
            "X": 0.40071162581443787,
            "Y": 0.4315500557422638
          },
          {
            "X": 0.4249550700187683,
            "Y": 0.4315893054008484
          },
          {
            "X": 0.42506083846092224,
            "Y": 0.4529980421066284
          },
          {
            "X": 0.4008139669895172,
            "Y": 0.45295512676239014
          }
        ]
      },
      "Id": "9f7c5a29-bd1e-4b0f-9c83-d5b9594ecd48",
      "Page": 1
    },
    {
      "BlockType": "WORD",
      "Confidence": 54.20163345336914,
      "Text": "(C)",
      "TextType": "PRINTED",
      "Geometry": {
        "BoundingBox": {
          "Width": 0.024373555555939674,
          "Height": 0.02135447971522808,
          "Left": 0.49389776587486267,
          "Top": 0.43147575855255127
        },
        "Polygon": [
          {
            "X": 0.49389776587486267,
            "Y": 0.43147575855255127
          },
          {
            "X": 0.5181530117988586,
            "Y": 0.4315149784088135
          },
          {
            "X": 0.5182713270187378,
            "Y": 0.4528302252292633
          },
          {
            "X": 0.4940126836299896,
            "Y": 0.4527873396873474
          }
        ]
      },
      "Id": "d8d87329-783c-4422-8e71-eee82fb38b32",
      "Page": 1
    },
    {
      "BlockType": "WORD",
      "Confidence": 99.5914535522461,
      "Text": "(%/min)",
      "TextType": "PRINTED",
      "Geometry": {
        "BoundingBox": {
          "Width": 0.052169397473335266,
          "Height": 0.020787887275218964,
          "Left": 0.5915184617042542,
          "Top": 0.4318801462650299
        },
        "Polygon": [
          {
            "X": 0.5915184617042542,
            "Y": 0.4318801462650299
          },
          {
            "X": 0.6435558795928955,
            "Y": 0.4319644272327423
          },
          {
            "X": 0.6436878442764282,
            "Y": 0.45266804099082947
          },
          {
            "X": 0.5916433334350586,
            "Y": 0.4525761902332306
          }
        ]
      },
      "Id": "67fc8027-86a7-43ba-8578-59c3dc58a50e",
      "Page": 1
    },
    {
      "BlockType": "WORD",
      "Confidence": 97.10633850097656,
      "Text": "(wt%)",
      "TextType": "PRINTED",
      "Geometry": {
        "BoundingBox": {
          "Width": 0.0367635153234005,
          "Height": 0.02046639285981655,
          "Left": 0.7090426683425903,
          "Top": 0.43207892775535583
        },
        "Polygon": [
          {
            "X": 0.7090426683425903,
            "Y": 0.43207892775535583
          },
          {
            "X": 0.7456624507904053,
            "Y": 0.43213823437690735
          },
          {
            "X": 0.7458062171936035,
            "Y": 0.45254531502723694
          },
          {
            "X": 0.7091814875602722,
            "Y": 0.4524807631969452
          }
        ]
      },
      "Id": "3f1a76a5-0859-4671-b0d9-cc2d9a55e261",
      "Page": 1
    },
    {
      "BlockType": "WORD",
      "Confidence": 99.91304779052734,
      "Text": "EP",
      "TextType": "PRINTED",
      "Geometry": {
        "BoundingBox": {
          "Width": 0.01785499043762684,
          "Height": 0.019192710518836975,
          "Left": 0.24566911160945892,
          "Top": 0.4783416986465454
        },
        "Polygon": [
          {
            "X": 0.24566911160945892,
            "Y": 0.4783416986465454
          },
          {
            "X": 0.2634497880935669,
            "Y": 0.4783763587474823
          },
          {
            "X": 0.2635240852832794,
            "Y": 0.4975343942642212
          },
          {
            "X": 0.24574118852615356,
            "Y": 0.4974973201751709
          }
        ]
      },
      "Id": "fc7c7b47-b6ee-4bd8-9a44-b4c3a9b80316",
      "Page": 1
    },
    {
      "BlockType": "WORD",
      "Confidence": 99.98213958740234,
      "Text": "333",
      "TextType": "PRINTED",
      "Geometry": {
        "BoundingBox": {
          "Width": 0.02239328809082508,
          "Height": 0.017487673088908195,
          "Left": 0.40072494745254517,
          "Top": 0.47889208793640137
        },
        "Polygon": [
          {
            "X": 0.40072494745254517,
            "Y": 0.47889208793640137
          },
          {
            "X": 0.42303231358528137,
            "Y": 0.4789356291294098
          },
          {
            "X": 0.4231182336807251,
            "Y": 0.4963797628879547
          },
          {
            "X": 0.40080830454826355,
            "Y": 0.49633345007896423
          }
        ]
      },
      "Id": "d657a976-0aa8-41d3-b49e-8ef8f6bed3bc",
      "Page": 1
    },
    {
      "BlockType": "WORD",
      "Confidence": 99.9917221069336,
      "Text": "405",
      "TextType": "PRINTED",
      "Geometry": {
        "BoundingBox": {
          "Width": 0.0228175837546587,
          "Height": 0.01703944057226181,
          "Left": 0.49398866295814514,
          "Top": 0.4791307747364044
        },
        "Polygon": [
          {
            "X": 0.49398866295814514,
            "Y": 0.4791307747364044
          },
          {
            "X": 0.5167120695114136,
            "Y": 0.4791751503944397
          },
          {
            "X": 0.5168062448501587,
            "Y": 0.4961702227592468
          },
          {
            "X": 0.4940802752971649,
            "Y": 0.49612313508987427
          }
        ]
      },
      "Id": "a177eb27-ed39-4366-9cdd-5f22604c7793",
      "Page": 1
    },
    {
      "BlockType": "WORD",
      "Confidence": 90.61321258544922,
      "Text": "19.8",
      "TextType": "PRINTED",
      "Geometry": {
        "BoundingBox": {
          "Width": 0.02626732923090458,
          "Height": 0.01734667643904686,
          "Left": 0.5921835899353027,
          "Top": 0.4788646996021271
        },
        "Polygon": [
          {
            "X": 0.5921835899353027,
            "Y": 0.4788646996021271
          },
          {
            "X": 0.6183435916900635,
            "Y": 0.4789156913757324
          },
          {
            "X": 0.618450939655304,
            "Y": 0.49621134996414185
          },
          {
            "X": 0.5922879576683044,
            "Y": 0.4961571991443634
          }
        ]
      },
      "Id": "16b5dcef-b985-4548-8071-d88a8e77847d",
      "Page": 1
    },
    {
      "BlockType": "WORD",
      "Confidence": 98.8233642578125,
      "Text": "17.2",
      "TextType": "PRINTED",
      "Geometry": {
        "BoundingBox": {
          "Width": 0.026256157085299492,
          "Height": 0.01731901802122593,
          "Left": 0.7093700170516968,
          "Top": 0.47891923785209656
        },
        "Polygon": [
          {
            "X": 0.7093700170516968,
            "Y": 0.47891923785209656
          },
          {
            "X": 0.7355057001113892,
            "Y": 0.47897017002105713
          },
          {
            "X": 0.7356261610984802,
            "Y": 0.49623826146125793
          },
          {
            "X": 0.7094874978065491,
            "Y": 0.49618417024612427
          }
        ]
      },
      "Id": "f17d4c19-ef78-4fc8-afb6-7148a3dcea8e",
      "Page": 1
    },
    {
      "BlockType": "WORD",
      "Confidence": 99.53446197509766,
      "Text": "Al-lignin",
      "TextType": "PRINTED",
      "Geometry": {
        "BoundingBox": {
          "Width": 0.05663149803876877,
          "Height": 0.02338949777185917,
          "Left": 0.24604077637195587,
          "Top": 0.5064730644226074
        },
        "Polygon": [
          {
            "X": 0.24604077637195587,
            "Y": 0.5064730644226074
          },
          {
            "X": 0.30257606506347656,
            "Y": 0.5065945386886597
          },
          {
            "X": 0.30267226696014404,
            "Y": 0.5298625230789185
          },
          {
            "X": 0.24612833559513092,
            "Y": 0.529731810092926
          }
        ]
      },
      "Id": "92332e88-1d63-4108-b5de-f03d67f2f29f",
      "Page": 1
    },
    {
      "BlockType": "WORD",
      "Confidence": 99.99102020263672,
      "Text": "340",
      "TextType": "PRINTED",
      "Geometry": {
        "BoundingBox": {
          "Width": 0.02277827449142933,
          "Height": 0.017401626333594322,
          "Left": 0.40051719546318054,
          "Top": 0.5079210996627808
        },
        "Polygon": [
          {
            "X": 0.40051719546318054,
            "Y": 0.5079210996627808
          },
          {
            "X": 0.4232099652290344,
            "Y": 0.5079700350761414
          },
          {
            "X": 0.4232954680919647,
            "Y": 0.5253227353096008
          },
          {
            "X": 0.4006000757217407,
            "Y": 0.5252709984779358
          }
        ]
      },
      "Id": "b3e23f18-6954-4593-a0aa-4e259d6363ce",
      "Page": 1
    },
    {
      "BlockType": "WORD",
      "Confidence": 99.96749877929688,
      "Text": "401",
      "TextType": "PRINTED",
      "Geometry": {
        "BoundingBox": {
          "Width": 0.021770931780338287,
          "Height": 0.016815323382616043,
          "Left": 0.49370718002319336,
          "Top": 0.5079466700553894
        },
        "Polygon": [
          {
            "X": 0.49370718002319336,
            "Y": 0.5079466700553894
          },
          {
            "X": 0.5153853893280029,
            "Y": 0.5079934000968933
          },
          {
            "X": 0.5154781341552734,
            "Y": 0.524761974811554
          },
          {
            "X": 0.49379754066467285,
            "Y": 0.5247126817703247
          }
        ]
      },
      "Id": "4a41a31e-6bc4-4b4a-8be6-78ed8d8a6767",
      "Page": 1
    },
    {
      "BlockType": "WORD",
      "Confidence": 96.57424926757812,
      "Text": "16.5",
      "TextType": "PRINTED",
      "Geometry": {
        "BoundingBox": {
          "Width": 0.02630672976374626,
          "Height": 0.017129117622971535,
          "Left": 0.5921252965927124,
          "Top": 0.5079099535942078
        },
        "Polygon": [
          {
            "X": 0.5921252965927124,
            "Y": 0.5079099535942078
          },
          {
            "X": 0.6183260679244995,
            "Y": 0.5079663395881653
          },
          {
            "X": 0.6184320449829102,
            "Y": 0.52503901720047
          },
          {
            "X": 0.5922282934188843,
            "Y": 0.5249794721603394
          }
        ]
      },
      "Id": "cbfead9d-5d42-4dc7-a276-2bd6e539027e",
      "Page": 1
    },
    {
      "BlockType": "WORD",
      "Confidence": 99.8366470336914,
      "Text": "21.5",
      "TextType": "PRINTED",
      "Geometry": {
        "BoundingBox": {
          "Width": 0.026642516255378723,
          "Height": 0.017155276611447334,
          "Left": 0.7088629603385925,
          "Top": 0.5079379081726074
        },
        "Polygon": [
          {
            "X": 0.7088629603385925,
            "Y": 0.5079379081726074
          },
          {
            "X": 0.7353862524032593,
            "Y": 0.5079950094223022
          },
          {
            "X": 0.7355055212974548,
            "Y": 0.5250931978225708
          },
          {
            "X": 0.7089792490005493,
            "Y": 0.5250329375267029
          }
        ]
      },
      "Id": "6d74b090-c2d4-4e14-8161-d2e916d8fb48",
      "Page": 1
    },
    {
      "BlockType": "WORD",
      "Confidence": 99.84278106689453,
      "Text": "20/EP",
      "TextType": "PRINTED",
      "Geometry": {
        "BoundingBox": {
          "Width": 0.03916095197200775,
          "Height": 0.018824225291609764,
          "Left": 0.24638032913208008,
          "Top": 0.5378096103668213
        },
        "Polygon": [
          {
            "X": 0.24638032913208008,
            "Y": 0.5378096103668213
          },
          {
            "X": 0.28546592593193054,
            "Y": 0.5379022359848022
          },
          {
            "X": 0.285541296005249,
            "Y": 0.5566338300704956
          },
          {
            "X": 0.24645085632801056,
            "Y": 0.556536078453064
          }
        ]
      },
      "Id": "fc659872-2a07-45aa-ad32-347d5b09a360",
      "Page": 1
    },
    {
      "BlockType": "WORD",
      "Confidence": 99.59992980957031,
      "Text": "F-lignin@APP",
      "TextType": "PRINTED",
      "Geometry": {
        "BoundingBox": {
          "Width": 0.08948387205600739,
          "Height": 0.023442111909389496,
          "Left": 0.2458195835351944,
          "Top": 0.566601037979126
        },
        "Polygon": [
          {
            "X": 0.2458195835351944,
            "Y": 0.566601037979126
          },
          {
            "X": 0.33520254492759705,
            "Y": 0.5668308734893799
          },
          {
            "X": 0.3353034555912018,
            "Y": 0.5900431871414185
          },
          {
            "X": 0.24590684473514557,
            "Y": 0.5897986888885498
          }
        ]
      },
      "Id": "c2c563eb-b334-4c5d-9e65-57afbd1b51e2",
      "Page": 1
    },
    {
      "BlockType": "WORD",
      "Confidence": 99.96995544433594,
      "Text": "325",
      "TextType": "PRINTED",
      "Geometry": {
        "BoundingBox": {
          "Width": 0.022153127938508987,
          "Height": 0.01744239777326584,
          "Left": 0.4008161425590515,
          "Top": 0.567680835723877
        },
        "Polygon": [
          {
            "X": 0.4008161425590515,
            "Y": 0.567680835723877
          },
          {
            "X": 0.42288368940353394,
            "Y": 0.5677376985549927
          },
          {
            "X": 0.4229692816734314,
            "Y": 0.5851232409477234
          },
          {
            "X": 0.400899201631546,
            "Y": 0.5850636959075928
          }
        ]
      },
      "Id": "b12c1f46-23ec-4aab-8a56-4961d949cbed",
      "Page": 1
    },
    {
      "BlockType": "WORD",
      "Confidence": 99.86741638183594,
      "Text": "382",
      "TextType": "PRINTED",
      "Geometry": {
        "BoundingBox": {
          "Width": 0.02253076061606407,
          "Height": 0.017195777967572212,
          "Left": 0.49393925070762634,
          "Top": 0.5678803324699402
        },
        "Polygon": [
          {
            "X": 0.49393925070762634,
            "Y": 0.5678803324699402
          },
          {
            "X": 0.5163751244544983,
            "Y": 0.5679381489753723
          },
          {
            "X": 0.5164700150489807,
            "Y": 0.5850761532783508
          },
          {
            "X": 0.4940315783023834,
            "Y": 0.5850156545639038
          }
        ]
      },
      "Id": "994f6ed4-84d3-4c41-b0e4-f4a4b79682af",
      "Page": 1
    },
    {
      "BlockType": "WORD",
      "Confidence": 99.82781982421875,
      "Text": "11.8",
      "TextType": "PRINTED",
      "Geometry": {
        "BoundingBox": {
          "Width": 0.02626495063304901,
          "Height": 0.017587602138519287,
          "Left": 0.5921820402145386,
          "Top": 0.5674915313720703
        },
        "Polygon": [
          {
            "X": 0.5921820402145386,
            "Y": 0.5674915313720703
          },
          {
            "X": 0.6183383464813232,
            "Y": 0.567558765411377
          },
          {
            "X": 0.6184470057487488,
            "Y": 0.5850791335105896
          },
          {
            "X": 0.5922877192497253,
            "Y": 0.5850086212158203
          }
        ]
      },
      "Id": "20b5d34e-87c3-4d3b-bb1c-0cabe0610e52",
      "Page": 1
    },
    {
      "BlockType": "WORD",
      "Confidence": 99.93208312988281,
      "Text": "32.5",
      "TextType": "PRINTED",
      "Geometry": {
        "BoundingBox": {
          "Width": 0.026731280609965324,
          "Height": 0.01758320815861225,
          "Left": 0.7087945342063904,
          "Top": 0.5675744414329529
        },
        "Polygon": [
          {
            "X": 0.7087945342063904,
            "Y": 0.5675744414329529
          },
          {
            "X": 0.7354037165641785,
            "Y": 0.5676428079605103
          },
          {
            "X": 0.7355257868766785,
            "Y": 0.5851576328277588
          },
          {
            "X": 0.7089135050773621,
            "Y": 0.5850859880447388
          }
        ]
      },
      "Id": "b2781409-f9ca-4dae-9120-5919ccbde8e6",
      "Page": 1
    },
    {
      "BlockType": "WORD",
      "Confidence": 99.88432312011719,
      "Text": "20/EP",
      "TextType": "PRINTED",
      "Geometry": {
        "BoundingBox": {
          "Width": 0.03939173370599747,
          "Height": 0.018872210755944252,
          "Left": 0.2588655948638916,
          "Top": 0.5979341268539429
        },
        "Polygon": [
          {
            "X": 0.2588655948638916,
            "Y": 0.5979341268539429
          },
          {
            "X": 0.29818031191825867,
            "Y": 0.5980438590049744
          },
          {
            "X": 0.29825732111930847,
            "Y": 0.6168063282966614
          },
          {
            "X": 0.2589377462863922,
            "Y": 0.6166913509368896
          }
        ]
      },
      "Id": "21fd3ee1-dc11-4d99-85b8-74869757c65f",
      "Page": 1
    },
    {
      "BlockType": "TABLE",
      "Confidence": 99.755859375,
      "Geometry": {
        "BoundingBox": {
          "Width": 0.537932276725769,
          "Height": 0.24208985269069672,
          "Left": 0.23165424168109894,
          "Top": 0.3741501569747925
        },
        "Polygon": [
          {
            "X": 0.23165424168109894,
            "Y": 0.3741501569747925
          },
          {
            "X": 0.7678499817848206,
            "Y": 0.3748028874397278
          },
          {
            "X": 0.7695865631103516,
            "Y": 0.6162399649620056
          },
          {
            "X": 0.23253780603408813,
            "Y": 0.6146771311759949
          }
        ]
      },
      "Id": "ba87bd7d-81ea-4e49-95fb-59c40b4f6e68",
      "Relationships": [
        {
          "Type": "CHILD",
          "Ids": [
            "f71fe33c-4acf-4494-b2c7-10c6a16f25b6",
            "33d3d3d6-ffae-4856-8f0c-22d52b95dc9f",
            "9c367bf4-4444-4ce0-8e68-e04e98ec1227",
            "1023e336-1bce-4291-8fb5-01f8f4ceb641",
            "a23245a3-0650-45b9-8d4b-8c334c51694d",
            "23a9639f-82de-4aed-8367-0ebecbec7f40",
            "cd8765b5-1695-440a-8489-e15a397c3af5",
            "72c526ea-9e95-4863-b81b-a9eaa3d0500b",
            "8faa5a68-c1fa-4909-99e6-60e00b34301a",
            "f830ce8c-e8b8-4dcc-86c2-7796e8a33437",
            "55b13de7-c28c-4943-9030-4dd78f1100f9",
            "6f60f1bd-e56b-4005-9e72-837534de82c1",
            "ee529606-6b12-4398-b6f2-39f8d8cf37d4",
            "349c2b70-e267-4e22-abc1-095335fa2a87",
            "12a1716c-8582-46ad-b6b0-182ee535eb30",
            "7db40762-2118-4e09-bc05-0ab9a24bd9ef",
            "3082b183-5a8f-4778-83a3-3120d014ce19",
            "072f2e30-bf73-418d-9c64-3c5861cf5014",
            "52e58738-eb60-432f-9293-c106ab2e9c68",
            "122553bd-7b3e-439c-a301-882211f1c11f"
          ]
        }
      ],
      "EntityTypes": [
        "STRUCTURED_TABLE"
      ],
      "Page": 1
    },
    {
      "BlockType": "CELL",
      "Confidence": 40.2099609375,
      "RowIndex": 1,
      "ColumnIndex": 1,
      "RowSpan": 1,
      "ColumnSpan": 1,
      "Geometry": {
        "BoundingBox": {
          "Width": 0.13530726730823517,
          "Height": 0.09079604595899582,
          "Left": 0.23165424168109894,
          "Top": 0.3741501569747925
        },
        "Polygon": [
          {
            "X": 0.23165424168109894,
            "Y": 0.3741501569747925
          },
          {
            "X": 0.3665483295917511,
            "Y": 0.3743143677711487
          },
          {
            "X": 0.3669615089893341,
            "Y": 0.4649461805820465
          },
          {
            "X": 0.231986865401268,
            "Y": 0.46469587087631226
          }
        ]
      },
      "Id": "f71fe33c-4acf-4494-b2c7-10c6a16f25b6",
      "Relationships": [
        {
          "Type": "CHILD",
          "Ids": [
            "c13a4af2-85cc-405c-8f10-13d9082592b7"
          ]
        }
      ],
      "EntityTypes": [
        "COLUMN_HEADER"
      ],
      "Page": 1
    },
    {
      "BlockType": "CELL",
      "Confidence": 38.57421875,
      "RowIndex": 1,
      "ColumnIndex": 2,
      "RowSpan": 1,
      "ColumnSpan": 1,
      "Geometry": {
        "BoundingBox": {
          "Width": 0.09435170888900757,
          "Height": 0.09080604463815689,
          "Left": 0.3665483295917511,
          "Top": 0.3743143677711487
        },
        "Polygon": [
          {
            "X": 0.3665483295917511,
            "Y": 0.3743143677711487
          },
          {
            "X": 0.46043071150779724,
            "Y": 0.3744286298751831
          },
          {
            "X": 0.46090003848075867,
            "Y": 0.465120404958725
          },
          {
            "X": 0.3669615089893341,
            "Y": 0.4649461805820465
          }
        ]
      },
      "Id": "33d3d3d6-ffae-4856-8f0c-22d52b95dc9f",
      "Relationships": [
        {
          "Type": "CHILD",
          "Ids": [
            "44660d42-1259-4398-b16c-9eb6cddd9558",
            "9f7c5a29-bd1e-4b0f-9c83-d5b9594ecd48"
          ]
        }
      ],
      "EntityTypes": [
        "COLUMN_HEADER"
      ],
      "Page": 1
    },
    {
      "BlockType": "CELL",
      "Confidence": 40.0390625,
      "RowIndex": 1,
      "ColumnIndex": 3,
      "RowSpan": 1,
      "ColumnSpan": 1,
      "Geometry": {
        "BoundingBox": {
          "Width": 0.09761816263198853,
          "Height": 0.09087193012237549,
          "Left": 0.46043071150779724,
          "Top": 0.3744286298751831
        },
        "Polygon": [
          {
            "X": 0.46043071150779724,
            "Y": 0.3744286298751831
          },
          {
            "X": 0.557521402835846,
            "Y": 0.3745468258857727
          },
          {
            "X": 0.5580489039421082,
            "Y": 0.465300589799881
          },
          {
            "X": 0.46090003848075867,
            "Y": 0.465120404958725
          }
        ]
      },
      "Id": "9c367bf4-4444-4ce0-8e68-e04e98ec1227",
      "Relationships": [
        {
          "Type": "CHILD",
          "Ids": [
            "752c28fb-c1af-47e6-9c63-d4fc09bd8045",
            "d8d87329-783c-4422-8e71-eee82fb38b32"
          ]
        }
      ],
      "EntityTypes": [
        "COLUMN_HEADER"
      ],
      "Page": 1
    },
    {
      "BlockType": "CELL",
      "Confidence": 40.4052734375,
      "RowIndex": 1,
      "ColumnIndex": 4,
      "RowSpan": 1,
      "ColumnSpan": 1,
      "Geometry": {
        "BoundingBox": {
          "Width": 0.11712673306465149,
          "Height": 0.090969979763031,
          "Left": 0.557521402835846,
          "Top": 0.3745468258857727
        },
        "Polygon": [
          {
            "X": 0.557521402835846,
            "Y": 0.3745468258857727
          },
          {
            "X": 0.6740507483482361,
            "Y": 0.37468868494033813
          },
          {
            "X": 0.6746481657028198,
            "Y": 0.4655168056488037
          },
          {
            "X": 0.5580489039421082,
            "Y": 0.465300589799881
          }
        ]
      },
      "Id": "1023e336-1bce-4291-8fb5-01f8f4ceb641",
      "Relationships": [
        {
          "Type": "CHILD",
          "Ids": [
            "1026029d-c66e-46d6-8f4c-ad238aa87229",
            "67fc8027-86a7-43ba-8578-59c3dc58a50e"
          ]
        }
      ],
      "EntityTypes": [
        "COLUMN_HEADER"
      ],
      "Page": 1
    },
    {
      "BlockType": "CELL",
      "Confidence": 39.599609375,
      "RowIndex": 1,
      "ColumnIndex": 5,
      "RowSpan": 1,
      "ColumnSpan": 1,
      "Geometry": {
        "BoundingBox": {
          "Width": 0.09445295482873917,
          "Height": 0.09100218862295151,
          "Left": 0.6740507483482361,
          "Top": 0.37468868494033813
        },
        "Polygon": [
          {
            "X": 0.6740507483482361,
            "Y": 0.37468868494033813
          },
          {
            "X": 0.7678499817848206,
            "Y": 0.3748028874397278
          },
          {
            "X": 0.768503725528717,
            "Y": 0.46569088101387024
          },
          {
            "X": 0.6746481657028198,
            "Y": 0.4655168056488037
          }
        ]
      },
      "Id": "a23245a3-0650-45b9-8d4b-8c334c51694d",
      "Relationships": [
        {
          "Type": "CHILD",
          "Ids": [
            "fbee101a-49fb-4b2c-b6f4-1ab038bd1f47",
            "3f1a76a5-0859-4671-b0d9-cc2d9a55e261"
          ]
        }
      ],
      "EntityTypes": [
        "COLUMN_HEADER"
      ],
      "Page": 1
    },
    {
      "BlockType": "CELL",
      "Confidence": 77.1484375,
      "RowIndex": 2,
      "ColumnIndex": 1,
      "RowSpan": 1,
      "ColumnSpan": 1,
      "Geometry": {
        "BoundingBox": {
          "Width": 0.13514059782028198,
          "Height": 0.03665107861161232,
          "Left": 0.231986865401268,
          "Top": 0.46469587087631226
        },
        "Polygon": [
          {
            "X": 0.231986865401268,
            "Y": 0.46469587087631226
          },
          {
            "X": 0.3669615089893341,
            "Y": 0.4649461805820465
          },
          {
            "X": 0.3671274483203888,
            "Y": 0.5013469457626343
          },
          {
            "X": 0.23212045431137085,
            "Y": 0.5010620355606079
          }
        ]
      },
      "Id": "23a9639f-82de-4aed-8367-0ebecbec7f40",
      "Relationships": [
        {
          "Type": "CHILD",
          "Ids": [
            "fc7c7b47-b6ee-4bd8-9a44-b4c3a9b80316"
          ]
        }
      ],
      "Page": 1
    },
    {
      "BlockType": "CELL",
      "Confidence": 73.974609375,
      "RowIndex": 2,
      "ColumnIndex": 2,
      "RowSpan": 1,
      "ColumnSpan": 1,
      "Geometry": {
        "BoundingBox": {
          "Width": 0.09412702918052673,
          "Height": 0.036599066108465195,
          "Left": 0.3669615089893341,
          "Top": 0.4649461805820465
        },
        "Polygon": [
          {
            "X": 0.3669615089893341,
            "Y": 0.4649461805820465
          },
          {
            "X": 0.46090003848075867,
            "Y": 0.465120404958725
          },
          {
            "X": 0.46108853816986084,
            "Y": 0.501545250415802
          },
          {
            "X": 0.3671274483203888,
            "Y": 0.5013469457626343
          }
        ]
      },
      "Id": "cd8765b5-1695-440a-8489-e15a397c3af5",
      "Relationships": [
        {
          "Type": "CHILD",
          "Ids": [
            "d657a976-0aa8-41d3-b49e-8ef8f6bed3bc"
          ]
        }
      ],
      "Page": 1
    },
    {
      "BlockType": "CELL",
      "Confidence": 76.806640625,
      "RowIndex": 2,
      "ColumnIndex": 3,
      "RowSpan": 1,
      "ColumnSpan": 1,
      "Geometry": {
        "BoundingBox": {
          "Width": 0.09736068546772003,
          "Height": 0.03662993386387825,
          "Left": 0.46090003848075867,
          "Top": 0.465120404958725
        },
        "Polygon": [
          {
            "X": 0.46090003848075867,
            "Y": 0.465120404958725
          },
          {
            "X": 0.5580489039421082,
            "Y": 0.465300589799881
          },
          {
            "X": 0.5582607388496399,
            "Y": 0.5017503499984741
          },
          {
            "X": 0.46108853816986084,
            "Y": 0.501545250415802
          }
        ]
      },
      "Id": "72c526ea-9e95-4863-b81b-a9eaa3d0500b",
      "Relationships": [
        {
          "Type": "CHILD",
          "Ids": [
            "a177eb27-ed39-4366-9cdd-5f22604c7793"
          ]
        }
      ],
      "Page": 1
    },
    {
      "BlockType": "CELL",
      "Confidence": 77.5390625,
      "RowIndex": 2,
      "ColumnIndex": 4,
      "RowSpan": 1,
      "ColumnSpan": 1,
      "Geometry": {
        "BoundingBox": {
          "Width": 0.11683917790651321,
          "Height": 0.03669590502977371,
          "Left": 0.5580489039421082,
          "Top": 0.465300589799881
        },
        "Polygon": [
          {
            "X": 0.5580489039421082,
            "Y": 0.465300589799881
          },
          {
            "X": 0.6746481657028198,
            "Y": 0.4655168056488037
          },
          {
            "X": 0.6748880743980408,
            "Y": 0.5019964575767517
          },
          {
            "X": 0.5582607388496399,
            "Y": 0.5017503499984741
          }
        ]
      },
      "Id": "8faa5a68-c1fa-4909-99e6-60e00b34301a",
      "Relationships": [
        {
          "Type": "CHILD",
          "Ids": [
            "16b5dcef-b985-4548-8071-d88a8e77847d"
          ]
        }
      ],
      "Page": 1
    },
    {
      "BlockType": "CELL",
      "Confidence": 75.9765625,
      "RowIndex": 2,
      "ColumnIndex": 5,
      "RowSpan": 1,
      "ColumnSpan": 1,
      "Geometry": {
        "BoundingBox": {
          "Width": 0.0941181406378746,
          "Height": 0.03667779266834259,
          "Left": 0.6746481657028198,
          "Top": 0.4655168056488037
        },
        "Polygon": [
          {
            "X": 0.6746481657028198,
            "Y": 0.4655168056488037
          },
          {
            "X": 0.768503725528717,
            "Y": 0.46569088101387024
          },
          {
            "X": 0.7687662839889526,
            "Y": 0.5021945834159851
          },
          {
            "X": 0.6748880743980408,
            "Y": 0.5019964575767517
          }
        ]
      },
      "Id": "f830ce8c-e8b8-4dcc-86c2-7796e8a33437",
      "Relationships": [
        {
          "Type": "CHILD",
          "Ids": [
            "f17d4c19-ef78-4fc8-afb6-7148a3dcea8e"
          ]
        }
      ],
      "Page": 1
    },
    {
      "BlockType": "CELL",
      "Confidence": 39.74609375,
      "RowIndex": 3,
      "ColumnIndex": 1,
      "RowSpan": 1,
      "ColumnSpan": 1,
      "Geometry": {
        "BoundingBox": {
          "Width": 0.13528184592723846,
          "Height": 0.06057267636060715,
          "Left": 0.23212045431137085,
          "Top": 0.5010620355606079
        },
        "Polygon": [
          {
            "X": 0.23212045431137085,
            "Y": 0.5010620355606079
          },
          {
            "X": 0.3671274483203888,
            "Y": 0.5013469457626343
          },
          {
            "X": 0.3674022853374481,
            "Y": 0.5616347193717957
          },
          {
            "X": 0.2323417067527771,
            "Y": 0.5612924098968506
          }
        ]
      },
      "Id": "55b13de7-c28c-4943-9030-4dd78f1100f9",
      "Relationships": [
        {
          "Type": "CHILD",
          "Ids": [
            "92332e88-1d63-4108-b5de-f03d67f2f29f",
            "fc659872-2a07-45aa-ad32-347d5b09a360"
          ]
        }
      ],
      "Page": 1
    },
    {
      "BlockType": "CELL",
      "Confidence": 38.1103515625,
      "RowIndex": 3,
      "ColumnIndex": 2,
      "RowSpan": 1,
      "ColumnSpan": 1,
      "Geometry": {
        "BoundingBox": {
          "Width": 0.09427327662706375,
          "Height": 0.06052597239613533,
          "Left": 0.3671274483203888,
          "Top": 0.5013469457626343
        },
        "Polygon": [
          {
            "X": 0.3671274483203888,
            "Y": 0.5013469457626343
          },
          {
            "X": 0.46108853816986084,
            "Y": 0.501545250415802
          },
          {
            "X": 0.46140074729919434,
            "Y": 0.5618728995323181
          },
          {
            "X": 0.3674022853374481,
            "Y": 0.5616347193717957
          }
        ]
      },
      "Id": "6f60f1bd-e56b-4005-9e72-837534de82c1",
      "Relationships": [
        {
          "Type": "CHILD",
          "Ids": [
            "b3e23f18-6954-4593-a0aa-4e259d6363ce"
          ]
        }
      ],
      "Page": 1
    },
    {
      "BlockType": "CELL",
      "Confidence": 39.5751953125,
      "RowIndex": 3,
      "ColumnIndex": 3,
      "RowSpan": 1,
      "ColumnSpan": 1,
      "Geometry": {
        "BoundingBox": {
          "Width": 0.09752306342124939,
          "Height": 0.060574036091566086,
          "Left": 0.46108853816986084,
          "Top": 0.501545250415802
        },
        "Polygon": [
          {
            "X": 0.46108853816986084,
            "Y": 0.501545250415802
          },
          {
            "X": 0.5582607388496399,
            "Y": 0.5017503499984741
          },
          {
            "X": 0.5586116313934326,
            "Y": 0.5621193051338196
          },
          {
            "X": 0.46140074729919434,
            "Y": 0.5618728995323181
          }
        ]
      },
      "Id": "ee529606-6b12-4398-b6f2-39f8d8cf37d4",
      "Relationships": [
        {
          "Type": "CHILD",
          "Ids": [
            "4a41a31e-6bc4-4b4a-8be6-78ed8d8a6767"
          ]
        }
      ],
      "Page": 1
    },
    {
      "BlockType": "CELL",
      "Confidence": 39.94140625,
      "RowIndex": 3,
      "ColumnIndex": 4,
      "RowSpan": 1,
      "ColumnSpan": 1,
      "Geometry": {
        "BoundingBox": {
          "Width": 0.11702469736337662,
          "Height": 0.06066465005278587,
          "Left": 0.5582607388496399,
          "Top": 0.5017503499984741
        },
        "Polygon": [
          {
            "X": 0.5582607388496399,
            "Y": 0.5017503499984741
          },
          {
            "X": 0.6748880743980408,
            "Y": 0.5019964575767517
          },
          {
            "X": 0.6752854585647583,
            "Y": 0.5624150037765503
          },
          {
            "X": 0.5586116313934326,
            "Y": 0.5621193051338196
          }
        ]
      },
      "Id": "349c2b70-e267-4e22-abc1-095335fa2a87",
      "Relationships": [
        {
          "Type": "CHILD",
          "Ids": [
            "cbfead9d-5d42-4dc7-a276-2bd6e539027e"
          ]
        }
      ],
      "Page": 1
    },
    {
      "BlockType": "CELL",
      "Confidence": 39.16015625,
      "RowIndex": 3,
      "ColumnIndex": 5,
      "RowSpan": 1,
      "ColumnSpan": 1,
      "Geometry": {
        "BoundingBox": {
          "Width": 0.09431306272745132,
          "Height": 0.060656528919935226,
          "Left": 0.6748880743980408,
          "Top": 0.5019964575767517
        },
        "Polygon": [
          {
            "X": 0.6748880743980408,
            "Y": 0.5019964575767517
          },
          {
            "X": 0.7687662839889526,
            "Y": 0.5021945834159851
          },
          {
            "X": 0.7692010998725891,
            "Y": 0.5626530051231384
          },
          {
            "X": 0.6752854585647583,
            "Y": 0.5624150037765503
          }
        ]
      },
      "Id": "12a1716c-8582-46ad-b6b0-182ee535eb30",
      "Relationships": [
        {
          "Type": "CHILD",
          "Ids": [
            "6d74b090-c2d4-4e14-8161-d2e916d8fb48"
          ]
        }
      ],
      "Page": 1
    },
    {
      "BlockType": "CELL",
      "Confidence": 40.5517578125,
      "RowIndex": 4,
      "ColumnIndex": 1,
      "RowSpan": 1,
      "ColumnSpan": 1,
      "Geometry": {
        "BoundingBox": {
          "Width": 0.13530418276786804,
          "Height": 0.05377791076898575,
          "Left": 0.2323417067527771,
          "Top": 0.5612924098968506
        },
        "Polygon": [
          {
            "X": 0.2323417067527771,
            "Y": 0.5612924098968506
          },
          {
            "X": 0.3674022853374481,
            "Y": 0.5616347193717957
          },
          {
            "X": 0.36764588952064514,
            "Y": 0.6150702834129333
          },
          {
            "X": 0.23253780603408813,
            "Y": 0.6146771311759949
          }
        ]
      },
      "Id": "7db40762-2118-4e09-bc05-0ab9a24bd9ef",
      "Relationships": [
        {
          "Type": "CHILD",
          "Ids": [
            "c2c563eb-b334-4c5d-9e65-57afbd1b51e2",
            "21fd3ee1-dc11-4d99-85b8-74869757c65f"
          ]
        }
      ],
      "Page": 1
    },
    {
      "BlockType": "CELL",
      "Confidence": 38.8916015625,
      "RowIndex": 4,
      "ColumnIndex": 2,
      "RowSpan": 1,
      "ColumnSpan": 1,
      "Geometry": {
        "BoundingBox": {
          "Width": 0.09427514672279358,
          "Height": 0.053709253668785095,
          "Left": 0.3674022853374481,
          "Top": 0.5616347193717957
        },
        "Polygon": [
          {
            "X": 0.3674022853374481,
            "Y": 0.5616347193717957
          },
          {
            "X": 0.46140074729919434,
            "Y": 0.5618728995323181
          },
          {
            "X": 0.4616774320602417,
            "Y": 0.6153439283370972
          },
          {
            "X": 0.36764588952064514,
            "Y": 0.6150702834129333
          }
        ]
      },
      "Id": "3082b183-5a8f-4778-83a3-3120d014ce19",
      "Relationships": [
        {
          "Type": "CHILD",
          "Ids": [
            "b12c1f46-23ec-4aab-8a56-4961d949cbed"
          ]
        }
      ],
      "Page": 1
    },
    {
      "BlockType": "CELL",
      "Confidence": 40.380859375,
      "RowIndex": 4,
      "ColumnIndex": 3,
      "RowSpan": 1,
      "ColumnSpan": 1,
      "Geometry": {
        "BoundingBox": {
          "Width": 0.09752186387777328,
          "Height": 0.05375402048230171,
          "Left": 0.46140074729919434,
          "Top": 0.5618728995323181
        },
        "Polygon": [
          {
            "X": 0.46140074729919434,
            "Y": 0.5618728995323181
          },
          {
            "X": 0.5586116313934326,
            "Y": 0.5621193051338196
          },
          {
            "X": 0.5589225888252258,
            "Y": 0.6156269311904907
          },
          {
            "X": 0.4616774320602417,
            "Y": 0.6153439283370972
          }
        ]
      },
      "Id": "072f2e30-bf73-418d-9c64-3c5861cf5014",
      "Relationships": [
        {
          "Type": "CHILD",
          "Ids": [
            "994f6ed4-84d3-4c41-b0e4-f4a4b79682af"
          ]
        }
      ],
      "Page": 1
    },
    {
      "BlockType": "CELL",
      "Confidence": 40.771484375,
      "RowIndex": 4,
      "ColumnIndex": 4,
      "RowSpan": 1,
      "ColumnSpan": 1,
      "Geometry": {
        "BoundingBox": {
          "Width": 0.11702603101730347,
          "Height": 0.0538473017513752,
          "Left": 0.5586116313934326,
          "Top": 0.5621193051338196
        },
        "Polygon": [
          {
            "X": 0.5586116313934326,
            "Y": 0.5621193051338196
          },
          {
            "X": 0.6752854585647583,
            "Y": 0.5624150037765503
          },
          {
            "X": 0.6756376624107361,
            "Y": 0.6159666180610657
          },
          {
            "X": 0.5589225888252258,
            "Y": 0.6156269311904907
          }
        ]
      },
      "Id": "52e58738-eb60-432f-9293-c106ab2e9c68",
      "Relationships": [
        {
          "Type": "CHILD",
          "Ids": [
            "20b5d34e-87c3-4d3b-bb1c-0cabe0610e52"
          ]
        }
      ],
      "Page": 1
    },
    {
      "BlockType": "CELL",
      "Confidence": 39.9658203125,
      "RowIndex": 4,
      "ColumnIndex": 5,
      "RowSpan": 1,
      "ColumnSpan": 1,
      "Geometry": {
        "BoundingBox": {
          "Width": 0.09430111944675446,
          "Height": 0.053825005888938904,
          "Left": 0.6752854585647583,
          "Top": 0.5624150037765503
        },
        "Polygon": [
          {
            "X": 0.6752854585647583,
            "Y": 0.5624150037765503
          },
          {
            "X": 0.7692010998725891,
            "Y": 0.5626530051231384
          },
          {
            "X": 0.7695865631103516,
            "Y": 0.6162399649620056
          },
          {
            "X": 0.6756376624107361,
            "Y": 0.6159666180610657
          }
        ]
      },
      "Id": "122553bd-7b3e-439c-a301-882211f1c11f",
      "Relationships": [
        {
          "Type": "CHILD",
          "Ids": [
            "b2781409-f9ca-4dae-9120-5919ccbde8e6"
          ]
        }
      ],
      "Page": 1
    }
  ],
  "AnalyzeDocumentModelVersion": "1.0"
}