{
  "DocumentMetadata": {
    "Pages": 1
  },
  "JobStatus": "SUCCEEDED",
  "Blocks": [
    {
      "BlockType": "PAGE",
      "Geometry": {
        "BoundingBox": {
          "Width": 1,
          "Height": 1,
          "Left": 0,
          "Top": 0
        },
        "Polygon": [
          {
            "X": 5.477796207742358e-7,
            "Y": 0
          },
          {
            "X": 1,
            "Y": 0.0000014988205521149212
          },
          {
            "X": 1,
            "Y": 1
          },
          {
            "X": 0,
            "Y": 1
          }
        ]
      },
      "Id": "c6dc895d-7454-43c1-8717-f4f703965ef9",
      "Relationships": [
        {
          "Type": "CHILD",
          "Ids": [
            "c00df713-61b2-4af5-8f49-c88a4e21d7b6",
            "7f52b511-bca4-4a28-918f-bc7c277228b2",
            "f5eb2423-2068-4bcc-9663-06c4a35750be",
            "be0437b3-6bbb-4a57-a60e-53d76a540aca",
            "f9483d68-1dcc-4a84-95cc-1f2a0a15f071",
            "bdfad994-f303-4741-8def-55256736e7e7",
            "c2ac80f6-6d08-41d7-937c-41b612becf8b",
            "0ce4e7b3-cf7c-4136-a656-62fd7e76a610",
            "286350c3-ecfe-4f2b-b6e1-8660d07a19f3",
            "2fb279e2-9a22-4ba2-8ab5-00086eac06c9",
            "7f2184ca-ddb0-4c0f-b880-603e6c1b1990",
            "47c866c4-3379-450e-8058-03619371866d",
            "b9cd8fc2-d07e-498d-acf0-37becc554e07",
            "3e762927-ddcd-494d-8da2-17ec77b7fcdc",
            "3a069b64-d3d1-43a0-aaa7-5b78c5bd5482",
            "54374fda-636a-484a-b7e6-6694f1e447af",
            "f9178d81-109f-4e00-91e0-d06c0c4926f3",
            "e2f1a16e-3c47-432c-bac8-7204650b54a4",
            "d83de4b1-3472-4426-953e-e718fd76095e",
            "fbdd154d-de3b-426a-84b5-e31dd2cd1cfe",
            "dfb2affc-ad77-42a5-bee8-06dba970b413",
            "197a31be-5dfe-44a2-adfe-f1ae83826e80",
            "060c654e-5ca8-4d1f-b0df-d8dbfc9bc7c1",
            "678c1e93-07e5-45fd-8edf-8828b3adaf4f",
            "7ffaf4fb-c175-4478-866c-1b1b5cd154f4",
            "c6186cf5-186b-400e-9f29-47ca665fe6d6"
          ]
        }
      ],
      "Page": 1
    },
    {
      "BlockType": "LINE",
      "Confidence": 99.93879699707031,
      "Text": "Materials",
      "Geometry": {
        "BoundingBox": {
          "Width": 0.05897386372089386,
          "Height": 0.020827576518058777,
          "Left": 0.24827279150485992,
          "Top": 0.4217497408390045
        },
        "Polygon": [
          {
            "X": 0.24827279150485992,
            "Y": 0.4217497408390045
          },
          {
            "X": 0.3072361946105957,
            "Y": 0.4218764007091522
          },
          {
            "X": 0.3072466552257538,
            "Y": 0.4425773322582245
          },
          {
            "X": 0.24828004837036133,
            "Y": 0.4424501359462738
          }
        ]
      },
      "Id": "c00df713-61b2-4af5-8f49-c88a4e21d7b6",
      "Relationships": [
        {
          "Type": "CHILD",
          "Ids": [
            "a26f1faa-60b6-4262-a521-01ee1bd9725c"
          ]
        }
      ],
      "Page": 1
    },
    {
      "BlockType": "LINE",
      "Confidence": 99.8151626586914,
      "Text": "EP control",
      "Geometry": {
        "BoundingBox": {
          "Width": 0.064083531498909,
          "Height": 0.02110901288688183,
          "Left": 0.4497816562652588,
          "Top": 0.4217458963394165
        },
        "Polygon": [
          {
            "X": 0.4497816562652588,
            "Y": 0.4217458963394165
          },
          {
            "X": 0.5138432383537292,
            "Y": 0.4218834936618805
          },
          {
            "X": 0.5138651728630066,
            "Y": 0.4428549110889435
          },
          {
            "X": 0.4498000741004944,
            "Y": 0.44271671772003174
          }
        ]
      },
      "Id": "7f52b511-bca4-4a28-918f-bc7c277228b2",
      "Relationships": [
        {
          "Type": "CHILD",
          "Ids": [
            "5de5e075-3945-4f75-855a-8047472f8f28",
            "72b07162-7b07-4b68-a94f-5a2d2649f26a"
          ]
        }
      ],
      "Page": 1
    },
    {
      "BlockType": "LINE",
      "Confidence": 99.76697540283203,
      "Text": "EP-1",
      "Geometry": {
        "BoundingBox": {
          "Width": 0.028790434822440147,
          "Height": 0.022227076813578606,
          "Left": 0.5560283064842224,
          "Top": 0.42092370986938477
        },
        "Polygon": [
          {
            "X": 0.5560283064842224,
            "Y": 0.42092370986938477
          },
          {
            "X": 0.584791362285614,
            "Y": 0.42098546028137207
          },
          {
            "X": 0.5848187208175659,
            "Y": 0.44315075874328613
          },
          {
            "X": 0.5560539364814758,
            "Y": 0.44308874011039734
          }
        ]
      },
      "Id": "f5eb2423-2068-4bcc-9663-06c4a35750be",
      "Relationships": [
        {
          "Type": "CHILD",
          "Ids": [
            "334fd0ee-913f-4369-8fb1-6d7b271a87c9"
          ]
        }
      ],
      "Page": 1
    },
    {
      "BlockType": "LINE",
      "Confidence": 99.7945556640625,
      "Text": "EP-2",
      "Geometry": {
        "BoundingBox": {
          "Width": 0.028447704389691353,
          "Height": 0.02001717872917652,
          "Left": 0.6354399919509888,
          "Top": 0.4224540889263153
        },
        "Polygon": [
          {
            "X": 0.6354399919509888,
            "Y": 0.4224540889263153
          },
          {
            "X": 0.6638588905334473,
            "Y": 0.4225151240825653
          },
          {
            "X": 0.6638876795768738,
            "Y": 0.4424712657928467
          },
          {
            "X": 0.6354672312736511,
            "Y": 0.4424099624156952
          }
        ]
      },
      "Id": "be0437b3-6bbb-4a57-a60e-53d76a540aca",
      "Relationships": [
        {
          "Type": "CHILD",
          "Ids": [
            "590a576b-aa9c-4221-b2f9-0d96e8a6160e"
          ]
        }
      ],
      "Page": 1
    },
    {
      "BlockType": "LINE",
      "Confidence": 99.73360443115234,
      "Text": "EP-3",
      "Geometry": {
        "BoundingBox": {
          "Width": 0.028128009289503098,
          "Height": 0.019683251157402992,
          "Left": 0.7133247256278992,
          "Top": 0.42262473702430725
        },
        "Polygon": [
          {
            "X": 0.7133247256278992,
            "Y": 0.42262473702430725
          },
          {
            "X": 0.7414204478263855,
            "Y": 0.42268508672714233
          },
          {
            "X": 0.7414527535438538,
            "Y": 0.4423080086708069
          },
          {
            "X": 0.713355541229248,
            "Y": 0.4422474205493927
          }
        ]
      },
      "Id": "f9483d68-1dcc-4a84-95cc-1f2a0a15f071",
      "Relationships": [
        {
          "Type": "CHILD",
          "Ids": [
            "2cca06bc-400c-4768-9ce5-64bcd02d8f23"
          ]
        }
      ],
      "Page": 1
    },
    {
      "BlockType": "LINE",
      "Confidence": 99.59652709960938,
      "Text": "DGEBA (g)",
      "Geometry": {
        "BoundingBox": {
          "Width": 0.06708595156669617,
          "Height": 0.025524096563458443,
          "Left": 0.24806736409664154,
          "Top": 0.4651118218898773
        },
        "Polygon": [
          {
            "X": 0.24806736409664154,
            "Y": 0.4651118218898773
          },
          {
            "X": 0.3151399493217468,
            "Y": 0.4652571380138397
          },
          {
            "X": 0.3151533007621765,
            "Y": 0.4906359314918518
          },
          {
            "X": 0.24807624518871307,
            "Y": 0.4904898703098297
          }
        ]
      },
      "Id": "bdfad994-f303-4741-8def-55256736e7e7",
      "Relationships": [
        {
          "Type": "CHILD",
          "Ids": [
            "1c95af3a-a2f2-48f4-b169-b791778e45fe",
            "9fb93100-4b50-49a6-b19f-d9c68d3fe385"
          ]
        }
      ],
      "Page": 1
    },
    {
      "BlockType": "LINE",
      "Confidence": 99.94371032714844,
      "Text": "100.0",
      "Geometry": {
        "BoundingBox": {
          "Width": 0.03356974944472313,
          "Height": 0.0198119655251503,
          "Left": 0.45053616166114807,
          "Top": 0.46577131748199463
        },
        "Polygon": [
          {
            "X": 0.45053616166114807,
            "Y": 0.46577131748199463
          },
          {
            "X": 0.4840867817401886,
            "Y": 0.4658440351486206
          },
          {
            "X": 0.4841059148311615,
            "Y": 0.4855833053588867
          },
          {
            "X": 0.4505535662174225,
            "Y": 0.48551031947135925
          }
        ]
      },
      "Id": "c2ac80f6-6d08-41d7-937c-41b612becf8b",
      "Relationships": [
        {
          "Type": "CHILD",
          "Ids": [
            "420707ec-0e02-4a55-b212-ededcdec8f20"
          ]
        }
      ],
      "Page": 1
    },
    {
      "BlockType": "LINE",
      "Confidence": 99.88726043701172,
      "Text": "100.0",
      "Geometry": {
        "BoundingBox": {
          "Width": 0.03356539085507393,
          "Height": 0.01999499648809433,
          "Left": 0.5584917664527893,
          "Top": 0.46556904911994934
        },
        "Polygon": [
          {
            "X": 0.5584917664527893,
            "Y": 0.46556904911994934
          },
          {
            "X": 0.5920321941375732,
            "Y": 0.46564170718193054
          },
          {
            "X": 0.5920571684837341,
            "Y": 0.48556405305862427
          },
          {
            "X": 0.5585149526596069,
            "Y": 0.4854910969734192
          }
        ]
      },
      "Id": "0ce4e7b3-cf7c-4136-a656-62fd7e76a610",
      "Relationships": [
        {
          "Type": "CHILD",
          "Ids": [
            "dc2cec7c-a6be-42d0-98af-287712a823d2"
          ]
        }
      ],
      "Page": 1
    },
    {
      "BlockType": "LINE",
      "Confidence": 88.61524963378906,
      "Text": "100.0",
      "Geometry": {
        "BoundingBox": {
          "Width": 0.03375418111681938,
          "Height": 0.019885441288352013,
          "Left": 0.6362714171409607,
          "Top": 0.4656166732311249
        },
        "Polygon": [
          {
            "X": 0.6362714171409607,
            "Y": 0.4656166732311249
          },
          {
            "X": 0.6699966788291931,
            "Y": 0.4656897187232971
          },
          {
            "X": 0.6700255870819092,
            "Y": 0.48550209403038025
          },
          {
            "X": 0.6362984776496887,
            "Y": 0.48542875051498413
          }
        ]
      },
      "Id": "286350c3-ecfe-4f2b-b6e1-8660d07a19f3",
      "Relationships": [
        {
          "Type": "CHILD",
          "Ids": [
            "c127cc27-7d6f-461c-9d5e-0fd831b8d55f"
          ]
        }
      ],
      "Page": 1
    },
    {
      "BlockType": "LINE",
      "Confidence": 93.01024627685547,
      "Text": "100.0",
      "Geometry": {
        "BoundingBox": {
          "Width": 0.03347238525748253,
          "Height": 0.01979437656700611,
          "Left": 0.7144711017608643,
          "Top": 0.46569547057151794
        },
        "Polygon": [
          {
            "X": 0.7144711017608643,
            "Y": 0.46569547057151794
          },
          {
            "X": 0.7479106783866882,
            "Y": 0.46576792001724243
          },
          {
            "X": 0.7479434609413147,
            "Y": 0.4854898452758789
          },
          {
            "X": 0.7145021557807922,
            "Y": 0.48541712760925293
          }
        ]
      },
      "Id": "2fb279e2-9a22-4ba2-8ab5-00086eac06c9",
      "Relationships": [
        {
          "Type": "CHILD",
          "Ids": [
            "35c517f9-3161-40f5-b48d-5d6e1424a308"
          ]
        }
      ],
      "Page": 1
    },
    {
      "BlockType": "LINE",
      "Confidence": 97.96326446533203,
      "Text": "m-Phenylenediamine (g)",
      "Geometry": {
        "BoundingBox": {
          "Width": 0.15665286779403687,
          "Height": 0.026653001084923744,
          "Left": 0.24956531822681427,
          "Top": 0.4964852035045624
        },
        "Polygon": [
          {
            "X": 0.24956531822681427,
            "Y": 0.4964852035045624
          },
          {
            "X": 0.40619805455207825,
            "Y": 0.4968266189098358
          },
          {
            "X": 0.40621820092201233,
            "Y": 0.523138165473938
          },
          {
            "X": 0.24957463145256042,
            "Y": 0.5227949619293213
          }
        ]
      },
      "Id": "7f2184ca-ddb0-4c0f-b880-603e6c1b1990",
      "Relationships": [
        {
          "Type": "CHILD",
          "Ids": [
            "c31c3ac2-a276-4b23-9172-cab439aa572c",
            "15b06df2-bd65-492b-add1-4c216afcdf68"
          ]
        }
      ],
      "Page": 1
    },
    {
      "BlockType": "LINE",
      "Confidence": 99.93367004394531,
      "Text": "12.0",
      "Geometry": {
        "BoundingBox": {
          "Width": 0.02553442493081093,
          "Height": 0.01995156705379486,
          "Left": 0.4504038095474243,
          "Top": 0.49770069122314453
        },
        "Polygon": [
          {
            "X": 0.4504038095474243,
            "Y": 0.49770069122314453
          },
          {
            "X": 0.4759193956851959,
            "Y": 0.49775633215904236
          },
          {
            "X": 0.47593826055526733,
            "Y": 0.5176522731781006
          },
          {
            "X": 0.45042136311531067,
            "Y": 0.517596423625946
          }
        ]
      },
      "Id": "47c866c4-3379-450e-8058-03619371866d",
      "Relationships": [
        {
          "Type": "CHILD",
          "Ids": [
            "fda280de-fda7-4e30-bd96-886f25742cb4"
          ]
        }
      ],
      "Page": 1
    },
    {
      "BlockType": "LINE",
      "Confidence": 93.89251708984375,
      "Text": "12.0",
      "Geometry": {
        "BoundingBox": {
          "Width": 0.025920135900378227,
          "Height": 0.02018042281270027,
          "Left": 0.5583701133728027,
          "Top": 0.497444748878479
        },
        "Polygon": [
          {
            "X": 0.5583701133728027,
            "Y": 0.497444748878479
          },
          {
            "X": 0.5842654705047607,
            "Y": 0.4975011944770813
          },
          {
            "X": 0.5842902660369873,
            "Y": 0.5176251530647278
          },
          {
            "X": 0.5583935379981995,
            "Y": 0.5175685286521912
          }
        ]
      },
      "Id": "b9cd8fc2-d07e-498d-acf0-37becc554e07",
      "Relationships": [
        {
          "Type": "CHILD",
          "Ids": [
            "6d4a076a-d1a1-4589-83ae-75f1639aa8fc"
          ]
        }
      ],
      "Page": 1
    },
    {
      "BlockType": "LINE",
      "Confidence": 90.91890716552734,
      "Text": "12.0",
      "Geometry": {
        "BoundingBox": {
          "Width": 0.02603357844054699,
          "Height": 0.019703896716237068,
          "Left": 0.6362700462341309,
          "Top": 0.4977046549320221
        },
        "Polygon": [
          {
            "X": 0.6362700462341309,
            "Y": 0.4977046549320221
          },
          {
            "X": 0.6622753739356995,
            "Y": 0.4977613389492035
          },
          {
            "X": 0.662303626537323,
            "Y": 0.517408549785614
          },
          {
            "X": 0.6362969279289246,
            "Y": 0.5173516273498535
          }
        ]
      },
      "Id": "3e762927-ddcd-494d-8da2-17ec77b7fcdc",
      "Relationships": [
        {
          "Type": "CHILD",
          "Ids": [
            "a924d385-fb0a-4125-b2e0-b5b5fd31b463"
          ]
        }
      ],
      "Page": 1
    },
    {
      "BlockType": "LINE",
      "Confidence": 86.33179473876953,
      "Text": "12.0",
      "Geometry": {
        "BoundingBox": {
          "Width": 0.02588687650859356,
          "Height": 0.019671250134706497,
          "Left": 0.7142706513404846,
          "Top": 0.49779391288757324
        },
        "Polygon": [
          {
            "X": 0.7142706513404846,
            "Y": 0.49779391288757324
          },
          {
            "X": 0.7401253581047058,
            "Y": 0.49785029888153076
          },
          {
            "X": 0.7401575446128845,
            "Y": 0.5174651741981506
          },
          {
            "X": 0.7143015265464783,
            "Y": 0.5174086093902588
          }
        ]
      },
      "Id": "3a069b64-d3d1-43a0-aaa7-5b78c5bd5482",
      "Relationships": [
        {
          "Type": "CHILD",
          "Ids": [
            "85706580-5056-4cbf-9cae-f0b283a6bb8e"
          ]
        }
      ],
      "Page": 1
    },
    {
      "BlockType": "LINE",
      "Confidence": 99.70868682861328,
      "Text": "DOPO-POSS (g)",
      "Geometry": {
        "BoundingBox": {
          "Width": 0.09543544799089432,
          "Height": 0.02569587342441082,
          "Left": 0.2489946186542511,
          "Top": 0.5291638970375061
        },
        "Polygon": [
          {
            "X": 0.2489946186542511,
            "Y": 0.5291638970375061
          },
          {
            "X": 0.34441471099853516,
            "Y": 0.5293732285499573
          },
          {
            "X": 0.3444300591945648,
            "Y": 0.5548597574234009
          },
          {
            "X": 0.249003604054451,
            "Y": 0.5546494126319885
          }
        ]
      },
      "Id": "54374fda-636a-484a-b7e6-6694f1e447af",
      "Relationships": [
        {
          "Type": "CHILD",
          "Ids": [
            "4415faab-ad6f-4cf5-a4c9-4efa82937153",
            "3cb144d8-759e-4a57-acdc-e74e43d1c674"
          ]
        }
      ],
      "Page": 1
    },
    {
      "BlockType": "LINE",
      "Confidence": 98.76595306396484,
      "Text": "0",
      "Geometry": {
        "BoundingBox": {
          "Width": 0.00806733500212431,
          "Height": 0.019373824819922447,
          "Left": 0.4492974281311035,
          "Top": 0.5303341150283813
        },
        "Polygon": [
          {
            "X": 0.4492974281311035,
            "Y": 0.5303341150283813
          },
          {
            "X": 0.4573473632335663,
            "Y": 0.5303517580032349
          },
          {
            "X": 0.4573647379875183,
            "Y": 0.5497079491615295
          },
          {
            "X": 0.4493144154548645,
            "Y": 0.5496902465820312
          }
        ]
      },
      "Id": "f9178d81-109f-4e00-91e0-d06c0c4926f3",
      "Relationships": [
        {
          "Type": "CHILD",
          "Ids": [
            "b361de4a-f856-4383-b211-6c9fc71c13df"
          ]
        }
      ],
      "Page": 1
    },
    {
      "BlockType": "LINE",
      "Confidence": 88.00672149658203,
      "Text": "5.89",
      "Geometry": {
        "BoundingBox": {
          "Width": 0.02638852968811989,
          "Height": 0.01988341100513935,
          "Left": 0.5576156377792358,
          "Top": 0.5299676060676575
        },
        "Polygon": [
          {
            "X": 0.5576156377792358,
            "Y": 0.5299676060676575
          },
          {
            "X": 0.5839797258377075,
            "Y": 0.5300254821777344
          },
          {
            "X": 0.5840041637420654,
            "Y": 0.5498510003089905
          },
          {
            "X": 0.5576386451721191,
            "Y": 0.5497929453849792
          }
        ]
      },
      "Id": "e2f1a16e-3c47-432c-bac8-7204650b54a4",
      "Relationships": [
        {
          "Type": "CHILD",
          "Ids": [
            "adb88d59-c4fc-4fe1-ba15-c9e85d58310f"
          ]
        }
      ],
      "Page": 1
    },
    {
      "BlockType": "LINE",
      "Confidence": 87.52535247802734,
      "Text": "12.44",
      "Geometry": {
        "BoundingBox": {
          "Width": 0.03425795957446098,
          "Height": 0.020255178213119507,
          "Left": 0.6360993385314941,
          "Top": 0.5295622944831848
        },
        "Polygon": [
          {
            "X": 0.6360993385314941,
            "Y": 0.5295622944831848
          },
          {
            "X": 0.67032790184021,
            "Y": 0.5296373963356018
          },
          {
            "X": 0.6703572869300842,
            "Y": 0.5498175024986267
          },
          {
            "X": 0.6361269354820251,
            "Y": 0.5497421026229858
          }
        ]
      },
      "Id": "d83de4b1-3472-4426-953e-e718fd76095e",
      "Relationships": [
        {
          "Type": "CHILD",
          "Ids": [
            "7781b553-3356-4bb5-b2ae-8c90b33c504b"
          ]
        }
      ],
      "Page": 1
    },
    {
      "BlockType": "LINE",
      "Confidence": 96.32779693603516,
      "Text": "28.00",
      "Geometry": {
        "BoundingBox": {
          "Width": 0.0345279797911644,
          "Height": 0.019765714183449745,
          "Left": 0.7132161855697632,
          "Top": 0.530023992061615
        },
        "Polygon": [
          {
            "X": 0.7132161855697632,
            "Y": 0.530023992061615
          },
          {
            "X": 0.7477114796638489,
            "Y": 0.5300996899604797
          },
          {
            "X": 0.7477442026138306,
            "Y": 0.5497897267341614
          },
          {
            "X": 0.7132471203804016,
            "Y": 0.5497137904167175
          }
        ]
      },
      "Id": "fbdd154d-de3b-426a-84b5-e31dd2cd1cfe",
      "Relationships": [
        {
          "Type": "CHILD",
          "Ids": [
            "0c1f4792-f928-4009-9c14-50e771545257"
          ]
        }
      ],
      "Page": 1
    },
    {
      "BlockType": "LINE",
      "Confidence": 98.59016418457031,
      "Text": "DOPO-POSS (wt%)",
      "Geometry": {
        "BoundingBox": {
          "Width": 0.11481683701276779,
          "Height": 0.025191428139805794,
          "Left": 0.24809053540229797,
          "Top": 0.5612896680831909
        },
        "Polygon": [
          {
            "X": 0.24809053540229797,
            "Y": 0.5612896680831909
          },
          {
            "X": 0.36289113759994507,
            "Y": 0.5615431070327759
          },
          {
            "X": 0.36290737986564636,
            "Y": 0.5864810943603516
          },
          {
            "X": 0.24809926748275757,
            "Y": 0.5862264633178711
          }
        ]
      },
      "Id": "dfb2affc-ad77-42a5-bee8-06dba970b413",
      "Relationships": [
        {
          "Type": "CHILD",
          "Ids": [
            "aae180dc-b15a-4e2a-80d9-7a4595b57145",
            "f54e9032-f39e-4f0c-9059-6f18c3c8a43c"
          ]
        }
      ],
      "Page": 1
    },
    {
      "BlockType": "LINE",
      "Confidence": 98.54034423828125,
      "Text": "0",
      "Geometry": {
        "BoundingBox": {
          "Width": 0.007913082838058472,
          "Height": 0.01959989219903946,
          "Left": 0.4493570923805237,
          "Top": 0.562437117099762
        },
        "Polygon": [
          {
            "X": 0.4493570923805237,
            "Y": 0.562437117099762
          },
          {
            "X": 0.4572525918483734,
            "Y": 0.5624545216560364
          },
          {
            "X": 0.45727017521858215,
            "Y": 0.5820369720458984
          },
          {
            "X": 0.4493742883205414,
            "Y": 0.5820195078849792
          }
        ]
      },
      "Id": "197a31be-5dfe-44a2-adfe-f1ae83826e80",
      "Relationships": [
        {
          "Type": "CHILD",
          "Ids": [
            "55e7bcd2-53a0-4c13-9ba0-e087975406fa"
          ]
        }
      ],
      "Page": 1
    },
    {
      "BlockType": "LINE",
      "Confidence": 99.9179458618164,
      "Text": "5",
      "Geometry": {
        "BoundingBox": {
          "Width": 0.007268120069056749,
          "Height": 0.019626572728157043,
          "Left": 0.557575523853302,
          "Top": 0.5624334216117859
        },
        "Polygon": [
          {
            "X": 0.557575523853302,
            "Y": 0.5624334216117859
          },
          {
            "X": 0.5648204684257507,
            "Y": 0.5624493956565857
          },
          {
            "X": 0.5648435950279236,
            "Y": 0.5820599794387817
          },
          {
            "X": 0.5575982928276062,
            "Y": 0.5820438861846924
          }
        ]
      },
      "Id": "060c654e-5ca8-4d1f-b0df-d8dbfc9bc7c1",
      "Relationships": [
        {
          "Type": "CHILD",
          "Ids": [
            "255dd7ec-4895-44f9-b6d6-00f592d2fe3f"
          ]
        }
      ],
      "Page": 1
    },
    {
      "BlockType": "LINE",
      "Confidence": 99.9426040649414,
      "Text": "10",
      "Geometry": {
        "BoundingBox": {
          "Width": 0.014686310663819313,
          "Height": 0.019220104441046715,
          "Left": 0.6363110542297363,
          "Top": 0.5624799728393555
        },
        "Polygon": [
          {
            "X": 0.6363110542297363,
            "Y": 0.5624799728393555
          },
          {
            "X": 0.6509703397750854,
            "Y": 0.5625123381614685
          },
          {
            "X": 0.6509973406791687,
            "Y": 0.5817000269889832
          },
          {
            "X": 0.6363373398780823,
            "Y": 0.5816676020622253
          }
        ]
      },
      "Id": "678c1e93-07e5-45fd-8edf-8828b3adaf4f",
      "Relationships": [
        {
          "Type": "CHILD",
          "Ids": [
            "fa00167a-903b-468f-94ee-cb1fe1320fdc"
          ]
        }
      ],
      "Page": 1
    },
    {
      "BlockType": "LINE",
      "Confidence": 99.90409851074219,
      "Text": "20",
      "Geometry": {
        "BoundingBox": {
          "Width": 0.01567855104804039,
          "Height": 0.01914900541305542,
          "Left": 0.7133097648620605,
          "Top": 0.5625498294830322
        },
        "Polygon": [
          {
            "X": 0.7133097648620605,
            "Y": 0.5625498294830322
          },
          {
            "X": 0.7289575338363647,
            "Y": 0.562584400177002
          },
          {
            "X": 0.7289883494377136,
            "Y": 0.5816988348960876
          },
          {
            "X": 0.7133398056030273,
            "Y": 0.5816642045974731
          }
        ]
      },
      "Id": "7ffaf4fb-c175-4478-866c-1b1b5cd154f4",
      "Relationships": [
        {
          "Type": "CHILD",
          "Ids": [
            "5abc9303-f200-4a4c-9802-b6ed6deeff3c"
          ]
        }
      ],
      "Page": 1
    },
    {
      "BlockType": "WORD",
      "Confidence": 99.93879699707031,
      "Text": "Materials",
      "TextType": "PRINTED",
      "Geometry": {
        "BoundingBox": {
          "Width": 0.05897386372089386,
          "Height": 0.020827576518058777,
          "Left": 0.24827279150485992,
          "Top": 0.4217497408390045
        },
        "Polygon": [
          {
            "X": 0.24827279150485992,
            "Y": 0.4217497408390045
          },
          {
            "X": 0.3072361946105957,
            "Y": 0.4218764007091522
          },
          {
            "X": 0.3072466552257538,
            "Y": 0.4425773322582245
          },
          {
            "X": 0.24828004837036133,
            "Y": 0.4424501359462738
          }
        ]
      },
      "Id": "a26f1faa-60b6-4262-a521-01ee1bd9725c",
      "Page": 1
    },
    {
      "BlockType": "WORD",
      "Confidence": 99.76799011230469,
      "Text": "EP",
      "TextType": "PRINTED",
      "Geometry": {
        "BoundingBox": {
          "Width": 0.015010281465947628,
          "Height": 0.019756600260734558,
          "Left": 0.44978243112564087,
          "Top": 0.4226292073726654
        },
        "Polygon": [
          {
            "X": 0.44978243112564087,
            "Y": 0.4226292073726654
          },
          {
            "X": 0.46477457880973816,
            "Y": 0.4226614236831665
          },
          {
            "X": 0.4647926986217499,
            "Y": 0.44238582253456116
          },
          {
            "X": 0.4497997760772705,
            "Y": 0.4423534870147705
          }
        ]
      },
      "Id": "5de5e075-3945-4f75-855a-8047472f8f28",
      "Page": 1
    },
    {
      "BlockType": "WORD",
      "Confidence": 99.86233520507812,
      "Text": "control",
      "TextType": "PRINTED",
      "Geometry": {
        "BoundingBox": {
          "Width": 0.04493161290884018,
          "Height": 0.021067876368761063,
          "Left": 0.4689335525035858,
          "Top": 0.4217870235443115
        },
        "Polygon": [
          {
            "X": 0.4689335525035858,
            "Y": 0.4217870235443115
          },
          {
            "X": 0.5138432383537292,
            "Y": 0.4218834936618805
          },
          {
            "X": 0.5138651728630066,
            "Y": 0.4428549110889435
          },
          {
            "X": 0.46895307302474976,
            "Y": 0.4427580237388611
          }
        ]
      },
      "Id": "72b07162-7b07-4b68-a94f-5a2d2649f26a",
      "Page": 1
    },
    {
      "BlockType": "WORD",
      "Confidence": 99.76697540283203,
      "Text": "EP-1",
      "TextType": "PRINTED",
      "Geometry": {
        "BoundingBox": {
          "Width": 0.028790434822440147,
          "Height": 0.022227076813578606,
          "Left": 0.5560283064842224,
          "Top": 0.42092370986938477
        },
        "Polygon": [
          {
            "X": 0.5560283064842224,
            "Y": 0.42092370986938477
          },
          {
            "X": 0.584791362285614,
            "Y": 0.42098546028137207
          },
          {
            "X": 0.5848187208175659,
            "Y": 0.44315075874328613
          },
          {
            "X": 0.5560539364814758,
            "Y": 0.44308874011039734
          }
        ]
      },
      "Id": "334fd0ee-913f-4369-8fb1-6d7b271a87c9",
      "Page": 1
    },
    {
      "BlockType": "WORD",
      "Confidence": 99.7945556640625,
      "Text": "EP-2",
      "TextType": "PRINTED",
      "Geometry": {
        "BoundingBox": {
          "Width": 0.028447704389691353,
          "Height": 0.02001717872917652,
          "Left": 0.6354399919509888,
          "Top": 0.4224540889263153
        },
        "Polygon": [
          {
            "X": 0.6354399919509888,
            "Y": 0.4224540889263153
          },
          {
            "X": 0.6638588905334473,
            "Y": 0.4225151240825653
          },
          {
            "X": 0.6638876795768738,
            "Y": 0.4424712657928467
          },
          {
            "X": 0.6354672312736511,
            "Y": 0.4424099624156952
          }
        ]
      },
      "Id": "590a576b-aa9c-4221-b2f9-0d96e8a6160e",
      "Page": 1
    },
    {
      "BlockType": "WORD",
      "Confidence": 99.73360443115234,
      "Text": "EP-3",
      "TextType": "PRINTED",
      "Geometry": {
        "BoundingBox": {
          "Width": 0.028128009289503098,
          "Height": 0.019683251157402992,
          "Left": 0.7133247256278992,
          "Top": 0.42262473702430725
        },
        "Polygon": [
          {
            "X": 0.7133247256278992,
            "Y": 0.42262473702430725
          },
          {
            "X": 0.7414204478263855,
            "Y": 0.42268508672714233
          },
          {
            "X": 0.7414527535438538,
            "Y": 0.4423080086708069
          },
          {
            "X": 0.713355541229248,
            "Y": 0.4422474205493927
          }
        ]
      },
      "Id": "2cca06bc-400c-4768-9ce5-64bcd02d8f23",
      "Page": 1
    },
    {
      "BlockType": "WORD",
      "Confidence": 99.3100357055664,
      "Text": "DGEBA",
      "TextType": "PRINTED",
      "Geometry": {
        "BoundingBox": {
          "Width": 0.04509121552109718,
          "Height": 0.01958141103386879,
          "Left": 0.24806761741638184,
          "Top": 0.4658702313899994
        },
        "Polygon": [
          {
            "X": 0.24806761741638184,
            "Y": 0.4658702313899994
          },
          {
            "X": 0.2931497097015381,
            "Y": 0.46596792340278625
          },
          {
            "X": 0.2931588292121887,
            "Y": 0.4854516386985779
          },
          {
            "X": 0.24807444214820862,
            "Y": 0.48535358905792236
          }
        ]
      },
      "Id": "1c95af3a-a2f2-48f4-b169-b791778e45fe",
      "Page": 1
    },
    {
      "BlockType": "WORD",
      "Confidence": 99.88301086425781,
      "Text": "(g)",
      "TextType": "PRINTED",
      "Geometry": {
        "BoundingBox": {
          "Width": 0.01824457012116909,
          "Height": 0.025418279692530632,
          "Left": 0.29690873622894287,
          "Top": 0.465217649936676
        },
        "Polygon": [
          {
            "X": 0.29690873622894287,
            "Y": 0.465217649936676
          },
          {
            "X": 0.3151399493217468,
            "Y": 0.4652571380138397
          },
          {
            "X": 0.3151533007621765,
            "Y": 0.4906359314918518
          },
          {
            "X": 0.29692086577415466,
            "Y": 0.4905962347984314
          }
        ]
      },
      "Id": "9fb93100-4b50-49a6-b19f-d9c68d3fe385",
      "Page": 1
    },
    {
      "BlockType": "WORD",
      "Confidence": 99.94371032714844,
      "Text": "100.0",
      "TextType": "PRINTED",
      "Geometry": {
        "BoundingBox": {
          "Width": 0.03356974944472313,
          "Height": 0.0198119655251503,
          "Left": 0.45053616166114807,
          "Top": 0.46577131748199463
        },
        "Polygon": [
          {
            "X": 0.45053616166114807,
            "Y": 0.46577131748199463
          },
          {
            "X": 0.4840867817401886,
            "Y": 0.4658440351486206
          },
          {
            "X": 0.4841059148311615,
            "Y": 0.4855833053588867
          },
          {
            "X": 0.4505535662174225,
            "Y": 0.48551031947135925
          }
        ]
      },
      "Id": "420707ec-0e02-4a55-b212-ededcdec8f20",
      "Page": 1
    },
    {
      "BlockType": "WORD",
      "Confidence": 99.88726043701172,
      "Text": "100.0",
      "TextType": "PRINTED",
      "Geometry": {
        "BoundingBox": {
          "Width": 0.03356539085507393,
          "Height": 0.01999499648809433,
          "Left": 0.5584917664527893,
          "Top": 0.46556904911994934
        },
        "Polygon": [
          {
            "X": 0.5584917664527893,
            "Y": 0.46556904911994934
          },
          {
            "X": 0.5920321941375732,
            "Y": 0.46564170718193054
          },
          {
            "X": 0.5920571684837341,
            "Y": 0.48556405305862427
          },
          {
            "X": 0.5585149526596069,
            "Y": 0.4854910969734192
          }
        ]
      },
      "Id": "dc2cec7c-a6be-42d0-98af-287712a823d2",
      "Page": 1
    },
    {
      "BlockType": "WORD",
      "Confidence": 88.61524963378906,
      "Text": "100.0",
      "TextType": "PRINTED",
      "Geometry": {
        "BoundingBox": {
          "Width": 0.03375418111681938,
          "Height": 0.019885441288352013,
          "Left": 0.6362714171409607,
          "Top": 0.4656166732311249
        },
        "Polygon": [
          {
            "X": 0.6362714171409607,
            "Y": 0.4656166732311249
          },
          {
            "X": 0.6699966788291931,
            "Y": 0.4656897187232971
          },
          {
            "X": 0.6700255870819092,
            "Y": 0.48550209403038025
          },
          {
            "X": 0.6362984776496887,
            "Y": 0.48542875051498413
          }
        ]
      },
      "Id": "c127cc27-7d6f-461c-9d5e-0fd831b8d55f",
      "Page": 1
    },
    {
      "BlockType": "WORD",
      "Confidence": 93.01024627685547,
      "Text": "100.0",
      "TextType": "PRINTED",
      "Geometry": {
        "BoundingBox": {
          "Width": 0.03347238525748253,
          "Height": 0.01979437656700611,
          "Left": 0.7144711017608643,
          "Top": 0.46569547057151794
        },
        "Polygon": [
          {
            "X": 0.7144711017608643,
            "Y": 0.46569547057151794
          },
          {
            "X": 0.7479106783866882,
            "Y": 0.46576792001724243
          },
          {
            "X": 0.7479434609413147,
            "Y": 0.4854898452758789
          },
          {
            "X": 0.7145021557807922,
            "Y": 0.48541712760925293
          }
        ]
      },
      "Id": "35c517f9-3161-40f5-b48d-5d6e1424a308",
      "Page": 1
    },
    {
      "BlockType": "WORD",
      "Confidence": 96.0300064086914,
      "Text": "m-Phenylenediamine",
      "TextType": "PRINTED",
      "Geometry": {
        "BoundingBox": {
          "Width": 0.13479770720005035,
          "Height": 0.026605116203427315,
          "Left": 0.24956531822681427,
          "Top": 0.4964852035045624
        },
        "Polygon": [
          {
            "X": 0.24956531822681427,
            "Y": 0.4964852035045624
          },
          {
            "X": 0.3843444287776947,
            "Y": 0.4967789947986603
          },
          {
            "X": 0.3843630254268646,
            "Y": 0.5230903029441833
          },
          {
            "X": 0.24957463145256042,
            "Y": 0.5227949619293213
          }
        ]
      },
      "Id": "c31c3ac2-a276-4b23-9172-cab439aa572c",
      "Page": 1
    },
    {
      "BlockType": "WORD",
      "Confidence": 99.89653015136719,
      "Text": "(g)",
      "TextType": "PRINTED",
      "Geometry": {
        "BoundingBox": {
          "Width": 0.01792997680604458,
          "Height": 0.025843549519777298,
          "Left": 0.38828808069229126,
          "Top": 0.49710923433303833
        },
        "Polygon": [
          {
            "X": 0.38828808069229126,
            "Y": 0.49710923433303833
          },
          {
            "X": 0.40619832277297974,
            "Y": 0.4971482753753662
          },
          {
            "X": 0.4062180519104004,
            "Y": 0.5229527950286865
          },
          {
            "X": 0.388306587934494,
            "Y": 0.5229135155677795
          }
        ]
      },
      "Id": "15b06df2-bd65-492b-add1-4c216afcdf68",
      "Page": 1
    },
    {
      "BlockType": "WORD",
      "Confidence": 99.93367004394531,
      "Text": "12.0",
      "TextType": "PRINTED",
      "Geometry": {
        "BoundingBox": {
          "Width": 0.02553442493081093,
          "Height": 0.01995156705379486,
          "Left": 0.4504038095474243,
          "Top": 0.49770069122314453
        },
        "Polygon": [
          {
            "X": 0.4504038095474243,
            "Y": 0.49770069122314453
          },
          {
            "X": 0.4759193956851959,
            "Y": 0.49775633215904236
          },
          {
            "X": 0.47593826055526733,
            "Y": 0.5176522731781006
          },
          {
            "X": 0.45042136311531067,
            "Y": 0.517596423625946
          }
        ]
      },
      "Id": "fda280de-fda7-4e30-bd96-886f25742cb4",
      "Page": 1
    },
    {
      "BlockType": "WORD",
      "Confidence": 93.89251708984375,
      "Text": "12.0",
      "TextType": "PRINTED",
      "Geometry": {
        "BoundingBox": {
          "Width": 0.025920135900378227,
          "Height": 0.02018042281270027,
          "Left": 0.5583701133728027,
          "Top": 0.497444748878479
        },
        "Polygon": [
          {
            "X": 0.5583701133728027,
            "Y": 0.497444748878479
          },
          {
            "X": 0.5842654705047607,
            "Y": 0.4975011944770813
          },
          {
            "X": 0.5842902660369873,
            "Y": 0.5176251530647278
          },
          {
            "X": 0.5583935379981995,
            "Y": 0.5175685286521912
          }
        ]
      },
      "Id": "6d4a076a-d1a1-4589-83ae-75f1639aa8fc",
      "Page": 1
    },
    {
      "BlockType": "WORD",
      "Confidence": 90.91890716552734,
      "Text": "12.0",
      "TextType": "PRINTED",
      "Geometry": {
        "BoundingBox": {
          "Width": 0.02603357844054699,
          "Height": 0.019703896716237068,
          "Left": 0.6362700462341309,
          "Top": 0.4977046549320221
        },
        "Polygon": [
          {
            "X": 0.6362700462341309,
            "Y": 0.4977046549320221
          },
          {
            "X": 0.6622753739356995,
            "Y": 0.4977613389492035
          },
          {
            "X": 0.662303626537323,
            "Y": 0.517408549785614
          },
          {
            "X": 0.6362969279289246,
            "Y": 0.5173516273498535
          }
        ]
      },
      "Id": "a924d385-fb0a-4125-b2e0-b5b5fd31b463",
      "Page": 1
    },
    {
      "BlockType": "WORD",
      "Confidence": 86.33179473876953,
      "Text": "12.0",
      "TextType": "PRINTED",
      "Geometry": {
        "BoundingBox": {
          "Width": 0.02588687650859356,
          "Height": 0.019671250134706497,
          "Left": 0.7142706513404846,
          "Top": 0.49779391288757324
        },
        "Polygon": [
          {
            "X": 0.7142706513404846,
            "Y": 0.49779391288757324
          },
          {
            "X": 0.7401253581047058,
            "Y": 0.49785029888153076
          },
          {
            "X": 0.7401575446128845,
            "Y": 0.5174651741981506
          },
          {
            "X": 0.7143015265464783,
            "Y": 0.5174086093902588
          }
        ]
      },
      "Id": "85706580-5056-4cbf-9cae-f0b283a6bb8e",
      "Page": 1
    },
    {
      "BlockType": "WORD",
      "Confidence": 99.62281799316406,
      "Text": "DOPO-POSS",
      "TextType": "PRINTED",
      "Geometry": {
        "BoundingBox": {
          "Width": 0.07417997717857361,
          "Height": 0.020129727199673653,
          "Left": 0.248994842171669,
          "Top": 0.5297957062721252
        },
        "Polygon": [
          {
            "X": 0.248994842171669,
            "Y": 0.5297957062721252
          },
          {
            "X": 0.3231638967990875,
            "Y": 0.5299584269523621
          },
          {
            "X": 0.3231748342514038,
            "Y": 0.5499254465103149
          },
          {
            "X": 0.2490018755197525,
            "Y": 0.5497620701789856
          }
        ]
      },
      "Id": "4415faab-ad6f-4cf5-a4c9-4efa82937153",
      "Page": 1
    },
    {
      "BlockType": "WORD",
      "Confidence": 99.79454803466797,
      "Text": "(g)",
      "TextType": "PRINTED",
      "Geometry": {
        "BoundingBox": {
          "Width": 0.017472781240940094,
          "Height": 0.025524841621518135,
          "Left": 0.3269572854042053,
          "Top": 0.5293349623680115
        },
        "Polygon": [
          {
            "X": 0.3269572854042053,
            "Y": 0.5293349623680115
          },
          {
            "X": 0.34441471099853516,
            "Y": 0.5293732285499573
          },
          {
            "X": 0.3444300591945648,
            "Y": 0.5548597574234009
          },
          {
            "X": 0.32697147130966187,
            "Y": 0.5548213124275208
          }
        ]
      },
      "Id": "3cb144d8-759e-4a57-acdc-e74e43d1c674",
      "Page": 1
    },
    {
      "BlockType": "WORD",
      "Confidence": 98.76595306396484,
      "Text": "0",
      "TextType": "PRINTED",
      "Geometry": {
        "BoundingBox": {
          "Width": 0.00806733500212431,
          "Height": 0.019373824819922447,
          "Left": 0.4492974281311035,
          "Top": 0.5303341150283813
        },
        "Polygon": [
          {
            "X": 0.4492974281311035,
            "Y": 0.5303341150283813
          },
          {
            "X": 0.4573473632335663,
            "Y": 0.5303517580032349
          },
          {
            "X": 0.4573647379875183,
            "Y": 0.5497079491615295
          },
          {
            "X": 0.4493144154548645,
            "Y": 0.5496902465820312
          }
        ]
      },
      "Id": "b361de4a-f856-4383-b211-6c9fc71c13df",
      "Page": 1
    },
    {
      "BlockType": "WORD",
      "Confidence": 88.00672149658203,
      "Text": "5.89",
      "TextType": "PRINTED",
      "Geometry": {
        "BoundingBox": {
          "Width": 0.02638852968811989,
          "Height": 0.01988341100513935,
          "Left": 0.5576156377792358,
          "Top": 0.5299676060676575
        },
        "Polygon": [
          {
            "X": 0.5576156377792358,
            "Y": 0.5299676060676575
          },
          {
            "X": 0.5839797258377075,
            "Y": 0.5300254821777344
          },
          {
            "X": 0.5840041637420654,
            "Y": 0.5498510003089905
          },
          {
            "X": 0.5576386451721191,
            "Y": 0.5497929453849792
          }
        ]
      },
      "Id": "adb88d59-c4fc-4fe1-ba15-c9e85d58310f",
      "Page": 1
    },
    {
      "BlockType": "WORD",
      "Confidence": 87.52535247802734,
      "Text": "12.44",
      "TextType": "PRINTED",
      "Geometry": {
        "BoundingBox": {
          "Width": 0.03425795957446098,
          "Height": 0.020255178213119507,
          "Left": 0.6360993385314941,
          "Top": 0.5295622944831848
        },
        "Polygon": [
          {
            "X": 0.6360993385314941,
            "Y": 0.5295622944831848
          },
          {
            "X": 0.67032790184021,
            "Y": 0.5296373963356018
          },
          {
            "X": 0.6703572869300842,
            "Y": 0.5498175024986267
          },
          {
            "X": 0.6361269354820251,
            "Y": 0.5497421026229858
          }
        ]
      },
      "Id": "7781b553-3356-4bb5-b2ae-8c90b33c504b",
      "Page": 1
    },
    {
      "BlockType": "WORD",
      "Confidence": 96.32779693603516,
      "Text": "28.00",
      "TextType": "PRINTED",
      "Geometry": {
        "BoundingBox": {
          "Width": 0.0345279797911644,
          "Height": 0.019765714183449745,
          "Left": 0.7132161855697632,
          "Top": 0.530023992061615
        },
        "Polygon": [
          {
            "X": 0.7132161855697632,
            "Y": 0.530023992061615
          },
          {
            "X": 0.7477114796638489,
            "Y": 0.5300996899604797
          },
          {
            "X": 0.7477442026138306,
            "Y": 0.5497897267341614
          },
          {
            "X": 0.7132471203804016,
            "Y": 0.5497137904167175
          }
        ]
      },
      "Id": "0c1f4792-f928-4009-9c14-50e771545257",
      "Page": 1
    },
    {
      "BlockType": "WORD",
      "Confidence": 99.76322937011719,
      "Text": "DOPO-POSS",
      "TextType": "PRINTED",
      "Geometry": {
        "BoundingBox": {
          "Width": 0.07535763829946518,
          "Height": 0.020516879856586456,
          "Left": 0.2480907291173935,
          "Top": 0.5618286728858948
        },
        "Polygon": [
          {
            "X": 0.2480907291173935,
            "Y": 0.5618286728858948
          },
          {
            "X": 0.3234372138977051,
            "Y": 0.5619950294494629
          },
          {
            "X": 0.3234483599662781,
            "Y": 0.5823455452919006
          },
          {
            "X": 0.24809785187244415,
            "Y": 0.5821785926818848
          }
        ]
      },
      "Id": "aae180dc-b15a-4e2a-80d9-7a4595b57145",
      "Page": 1
    },
    {
      "BlockType": "WORD",
      "Confidence": 97.41710662841797,
      "Text": "(wt%)",
      "TextType": "PRINTED",
      "Geometry": {
        "BoundingBox": {
          "Width": 0.035819146782159805,
          "Height": 0.025017045438289642,
          "Left": 0.32708823680877686,
          "Top": 0.5614640712738037
        },
        "Polygon": [
          {
            "X": 0.32708823680877686,
            "Y": 0.5614640712738037
          },
          {
            "X": 0.36289113759994507,
            "Y": 0.5615431070327759
          },
          {
            "X": 0.36290737986564636,
            "Y": 0.5864810943603516
          },
          {
            "X": 0.3271021246910095,
            "Y": 0.5864017009735107
          }
        ]
      },
      "Id": "f54e9032-f39e-4f0c-9059-6f18c3c8a43c",
      "Page": 1
    },
    {
      "BlockType": "WORD",
      "Confidence": 98.54034423828125,
      "Text": "0",
      "TextType": "PRINTED",
      "Geometry": {
        "BoundingBox": {
          "Width": 0.007913082838058472,
          "Height": 0.01959989219903946,
          "Left": 0.4493570923805237,
          "Top": 0.562437117099762
        },
        "Polygon": [
          {
            "X": 0.4493570923805237,
            "Y": 0.562437117099762
          },
          {
            "X": 0.4572525918483734,
            "Y": 0.5624545216560364
          },
          {
            "X": 0.45727017521858215,
            "Y": 0.5820369720458984
          },
          {
            "X": 0.4493742883205414,
            "Y": 0.5820195078849792
          }
        ]
      },
      "Id": "55e7bcd2-53a0-4c13-9ba0-e087975406fa",
      "Page": 1
    },
    {
      "BlockType": "WORD",
      "Confidence": 99.9179458618164,
      "Text": "5",
      "TextType": "PRINTED",
      "Geometry": {
        "BoundingBox": {
          "Width": 0.007268120069056749,
          "Height": 0.019626572728157043,
          "Left": 0.557575523853302,
          "Top": 0.5624334216117859
        },
        "Polygon": [
          {
            "X": 0.557575523853302,
            "Y": 0.5624334216117859
          },
          {
            "X": 0.5648204684257507,
            "Y": 0.5624493956565857
          },
          {
            "X": 0.5648435950279236,
            "Y": 0.5820599794387817
          },
          {
            "X": 0.5575982928276062,
            "Y": 0.5820438861846924
          }
        ]
      },
      "Id": "255dd7ec-4895-44f9-b6d6-00f592d2fe3f",
      "Page": 1
    },
    {
      "BlockType": "WORD",
      "Confidence": 99.9426040649414,
      "Text": "10",
      "TextType": "PRINTED",
      "Geometry": {
        "BoundingBox": {
          "Width": 0.014686310663819313,
          "Height": 0.019220104441046715,
          "Left": 0.6363110542297363,
          "Top": 0.5624799728393555
        },
        "Polygon": [
          {
            "X": 0.6363110542297363,
            "Y": 0.5624799728393555
          },
          {
            "X": 0.6509703397750854,
            "Y": 0.5625123381614685
          },
          {
            "X": 0.6509973406791687,
            "Y": 0.5817000269889832
          },
          {
            "X": 0.6363373398780823,
            "Y": 0.5816676020622253
          }
        ]
      },
      "Id": "fa00167a-903b-468f-94ee-cb1fe1320fdc",
      "Page": 1
    },
    {
      "BlockType": "WORD",
      "Confidence": 99.90409851074219,
      "Text": "20",
      "TextType": "PRINTED",
      "Geometry": {
        "BoundingBox": {
          "Width": 0.01567855104804039,
          "Height": 0.01914900541305542,
          "Left": 0.7133097648620605,
          "Top": 0.5625498294830322
        },
        "Polygon": [
          {
            "X": 0.7133097648620605,
            "Y": 0.5625498294830322
          },
          {
            "X": 0.7289575338363647,
            "Y": 0.562584400177002
          },
          {
            "X": 0.7289883494377136,
            "Y": 0.5816988348960876
          },
          {
            "X": 0.7133398056030273,
            "Y": 0.5816642045974731
          }
        ]
      },
      "Id": "5abc9303-f200-4a4c-9802-b6ed6deeff3c",
      "Page": 1
    },
    {
      "BlockType": "TABLE",
      "Confidence": 99.951171875,
      "Geometry": {
        "BoundingBox": {
          "Width": 0.5485891699790955,
          "Height": 0.1930484026670456,
          "Left": 0.22564512491226196,
          "Top": 0.40463653206825256
        },
        "Polygon": [
          {
            "X": 0.22564512491226196,
            "Y": 0.40463653206825256
          },
          {
            "X": 0.7739022970199585,
            "Y": 0.40581026673316956
          },
          {
            "X": 0.7742342948913574,
            "Y": 0.597684919834137
          },
          {
            "X": 0.2257009595632553,
            "Y": 0.5964658856391907
          }
        ]
      },
      "Id": "c6186cf5-186b-400e-9f29-47ca665fe6d6",
      "Relationships": [
        {
          "Type": "CHILD",
          "Ids": [
            "451e8925-7067-4c1a-a8f4-ead4b2e5fc62",
            "c30c208b-5658-4a6e-a630-f2f051813ff6",
            "07c578c8-0af6-4546-83fb-be03f5c454d2",
            "3ccec215-6126-4877-9a06-28c83b5a1216",
            "647cb27c-f9eb-444c-98bb-c5b44a252ae5",
            "082d424b-a1de-42e7-a1b7-0d070883876c",
            "1d6f0fb5-0df0-4ef1-a886-d6aa39849746",
            "9499cbb6-0dcc-45c8-ac2c-38af36a3d724",
            "01e5df0a-a3d7-4d7d-9c82-06e385f69d7a",
            "605c1a9f-af86-40f8-8915-aaf149bb916d",
            "11bb531a-0c3f-4555-b605-a31ac387963b",
            "c65f1163-a87c-4a5d-9f50-83dc57bd1cca",
            "c407e260-ccf5-4878-bfeb-e13c797c8636",
            "c5cd7f64-4bea-4aed-b683-05ec91134c43",
            "a16f410b-a903-4afe-af7f-8ccfe82365ad",
            "facf3c79-7961-493c-be1f-9ab47421f02b",
            "933b4d31-b512-4063-acbe-8ab98c8b7a3a",
            "eec2a06b-b75b-4b10-86af-d4be86fe15ad",
            "5f4868b3-d22f-4cb8-89aa-0b9499a9f5b4",
            "eb19cdc9-dedc-48d2-a4c6-d00b5dc59e91",
            "a8018906-1584-4e53-83a9-9e3b70061cae",
            "cfa0f8e4-3645-41d8-a1a9-feb4a9f44197",
            "48fd5e86-dbe7-47d1-b100-5fbe925a16a0",
            "13b31fbf-d5d1-47a1-9d59-761207e35fbc",
            "4a4c0cb2-e650-404f-9f81-593f43a3f271"
          ]
        }
      ],
      "EntityTypes": [
        "STRUCTURED_TABLE"
      ],
      "Page": 1
    },
    {
      "BlockType": "CELL",
      "Confidence": 92.724609375,
      "RowIndex": 1,
      "ColumnIndex": 1,
      "RowSpan": 1,
      "ColumnSpan": 1,
      "Geometry": {
        "BoundingBox": {
          "Width": 0.20137403905391693,
          "Height": 0.05301223322749138,
          "Left": 0.22564512491226196,
          "Top": 0.40463653206825256
        },
        "Polygon": [
          {
            "X": 0.22564512491226196,
            "Y": 0.40463653206825256
          },
          {
            "X": 0.4269760847091675,
            "Y": 0.4050675332546234
          },
          {
            "X": 0.4270191490650177,
            "Y": 0.45764875411987305
          },
          {
            "X": 0.22566042840480804,
            "Y": 0.4572131931781769
          }
        ]
      },
      "Id": "451e8925-7067-4c1a-a8f4-ead4b2e5fc62",
      "Relationships": [
        {
          "Type": "CHILD",
          "Ids": [
            "a26f1faa-60b6-4262-a521-01ee1bd9725c"
          ]
        }
      ],
      "EntityTypes": [
        "COLUMN_HEADER"
      ],
      "Page": 1
    },
    {
      "BlockType": "CELL",
      "Confidence": 89.453125,
      "RowIndex": 1,
      "ColumnIndex": 2,
      "RowSpan": 1,
      "ColumnSpan": 1,
      "Geometry": {
        "BoundingBox": {
          "Width": 0.10986555367708206,
          "Height": 0.05281878262758255,
          "Left": 0.4269760847091675,
          "Top": 0.4050675332546234
        },
        "Polygon": [
          {
            "X": 0.4269760847091675,
            "Y": 0.4050675332546234
          },
          {
            "X": 0.5367833971977234,
            "Y": 0.40530261397361755
          },
          {
            "X": 0.536841630935669,
            "Y": 0.45788633823394775
          },
          {
            "X": 0.4270191490650177,
            "Y": 0.45764875411987305
          }
        ]
      },
      "Id": "c30c208b-5658-4a6e-a630-f2f051813ff6",
      "Relationships": [
        {
          "Type": "CHILD",
          "Ids": [
            "5de5e075-3945-4f75-855a-8047472f8f28",
            "72b07162-7b07-4b68-a94f-5a2d2649f26a"
          ]
        }
      ],
      "EntityTypes": [
        "COLUMN_HEADER"
      ],
      "Page": 1
    },
    {
      "BlockType": "CELL",
      "Confidence": 88.623046875,
      "RowIndex": 1,
      "ColumnIndex": 3,
      "RowSpan": 1,
      "ColumnSpan": 1,
      "Geometry": {
        "BoundingBox": {
          "Width": 0.07678961753845215,
          "Height": 0.05274968966841698,
          "Left": 0.5367833971977234,
          "Top": 0.40530261397361755
        },
        "Polygon": [
          {
            "X": 0.5367833971977234,
            "Y": 0.40530261397361755
          },
          {
            "X": 0.61350417137146,
            "Y": 0.40546688437461853
          },
          {
            "X": 0.6135730147361755,
            "Y": 0.45805230736732483
          },
          {
            "X": 0.536841630935669,
            "Y": 0.45788633823394775
          }
        ]
      },
      "Id": "07c578c8-0af6-4546-83fb-be03f5c454d2",
      "Relationships": [
        {
          "Type": "CHILD",
          "Ids": [
            "334fd0ee-913f-4369-8fb1-6d7b271a87c9"
          ]
        }
      ],
      "EntityTypes": [
        "COLUMN_HEADER"
      ],
      "Page": 1
    },
    {
      "BlockType": "CELL",
      "Confidence": 88.96484375,
      "RowIndex": 1,
      "ColumnIndex": 4,
      "RowSpan": 1,
      "ColumnSpan": 1,
      "Geometry": {
        "BoundingBox": {
          "Width": 0.07906224578619003,
          "Height": 0.05275632068514824,
          "Left": 0.61350417137146,
          "Top": 0.40546688437461853
        },
        "Polygon": [
          {
            "X": 0.61350417137146,
            "Y": 0.40546688437461853
          },
          {
            "X": 0.6924866437911987,
            "Y": 0.4056359529495239
          },
          {
            "X": 0.6925663948059082,
            "Y": 0.4582231938838959
          },
          {
            "X": 0.6135730147361755,
            "Y": 0.45805230736732483
          }
        ]
      },
      "Id": "3ccec215-6126-4877-9a06-28c83b5a1216",
      "Relationships": [
        {
          "Type": "CHILD",
          "Ids": [
            "590a576b-aa9c-4221-b2f9-0d96e8a6160e"
          ]
        }
      ],
      "EntityTypes": [
        "COLUMN_HEADER"
      ],
      "Page": 1
    },
    {
      "BlockType": "CELL",
      "Confidence": 89.794921875,
      "RowIndex": 1,
      "ColumnIndex": 5,
      "RowSpan": 1,
      "ColumnSpan": 1,
      "Geometry": {
        "BoundingBox": {
          "Width": 0.08150666207075119,
          "Height": 0.05276337265968323,
          "Left": 0.6924866437911987,
          "Top": 0.4056359529495239
        },
        "Polygon": [
          {
            "X": 0.6924866437911987,
            "Y": 0.4056359529495239
          },
          {
            "X": 0.7739022970199585,
            "Y": 0.40581026673316956
          },
          {
            "X": 0.7739933133125305,
            "Y": 0.45839932560920715
          },
          {
            "X": 0.6925663948059082,
            "Y": 0.4582231938838959
          }
        ]
      },
      "Id": "647cb27c-f9eb-444c-98bb-c5b44a252ae5",
      "Relationships": [
        {
          "Type": "CHILD",
          "Ids": [
            "2cca06bc-400c-4768-9ce5-64bcd02d8f23"
          ]
        }
      ],
      "EntityTypes": [
        "COLUMN_HEADER"
      ],
      "Page": 1
    },
    {
      "BlockType": "CELL",
      "Confidence": 87.939453125,
      "RowIndex": 2,
      "ColumnIndex": 1,
      "RowSpan": 1,
      "ColumnSpan": 1,
      "Geometry": {
        "BoundingBox": {
          "Width": 0.20138736069202423,
          "Height": 0.035358622670173645,
          "Left": 0.22566042840480804,
          "Top": 0.4572131931781769
        },
        "Polygon": [
          {
            "X": 0.22566042840480804,
            "Y": 0.4572131931781769
          },
          {
            "X": 0.4270191490650177,
            "Y": 0.45764875411987305
          },
          {
            "X": 0.4270477890968323,
            "Y": 0.49257180094718933
          },
          {
            "X": 0.22567059099674225,
            "Y": 0.4921332001686096
          }
        ]
      },
      "Id": "082d424b-a1de-42e7-a1b7-0d070883876c",
      "Relationships": [
        {
          "Type": "CHILD",
          "Ids": [
            "1c95af3a-a2f2-48f4-b169-b791778e45fe",
            "9fb93100-4b50-49a6-b19f-d9c68d3fe385"
          ]
        }
      ],
      "Page": 1
    },
    {
      "BlockType": "CELL",
      "Confidence": 84.86328125,
      "RowIndex": 2,
      "ColumnIndex": 2,
      "RowSpan": 1,
      "ColumnSpan": 1,
      "Geometry": {
        "BoundingBox": {
          "Width": 0.10986115038394928,
          "Height": 0.035162266343832016,
          "Left": 0.4270191490650177,
          "Top": 0.45764875411987305
        },
        "Polygon": [
          {
            "X": 0.4270191490650177,
            "Y": 0.45764875411987305
          },
          {
            "X": 0.536841630935669,
            "Y": 0.45788633823394775
          },
          {
            "X": 0.5368803143501282,
            "Y": 0.49281102418899536
          },
          {
            "X": 0.4270477890968323,
            "Y": 0.49257180094718933
          }
        ]
      },
      "Id": "1d6f0fb5-0df0-4ef1-a886-d6aa39849746",
      "Relationships": [
        {
          "Type": "CHILD",
          "Ids": [
            "420707ec-0e02-4a55-b212-ededcdec8f20"
          ]
        }
      ],
      "Page": 1
    },
    {
      "BlockType": "CELL",
      "Confidence": 84.033203125,
      "RowIndex": 2,
      "ColumnIndex": 3,
      "RowSpan": 1,
      "ColumnSpan": 1,
      "Geometry": {
        "BoundingBox": {
          "Width": 0.07677709311246872,
          "Height": 0.035091836005449295,
          "Left": 0.536841630935669,
          "Top": 0.45788633823394775
        },
        "Polygon": [
          {
            "X": 0.536841630935669,
            "Y": 0.45788633823394775
          },
          {
            "X": 0.6135730147361755,
            "Y": 0.45805230736732483
          },
          {
            "X": 0.6136187314987183,
            "Y": 0.49297815561294556
          },
          {
            "X": 0.5368803143501282,
            "Y": 0.49281102418899536
          }
        ]
      },
      "Id": "9499cbb6-0dcc-45c8-ac2c-38af36a3d724",
      "Relationships": [
        {
          "Type": "CHILD",
          "Ids": [
            "dc2cec7c-a6be-42d0-98af-287712a823d2"
          ]
        }
      ],
      "Page": 1
    },
    {
      "BlockType": "CELL",
      "Confidence": 84.375,
      "RowIndex": 2,
      "ColumnIndex": 4,
      "RowSpan": 1,
      "ColumnSpan": 1,
      "Geometry": {
        "BoundingBox": {
          "Width": 0.07904636859893799,
          "Height": 0.03509791940450668,
          "Left": 0.6135730147361755,
          "Top": 0.45805230736732483
        },
        "Polygon": [
          {
            "X": 0.6135730147361755,
            "Y": 0.45805230736732483
          },
          {
            "X": 0.6925663948059082,
            "Y": 0.4582231938838959
          },
          {
            "X": 0.6926193833351135,
            "Y": 0.4931502342224121
          },
          {
            "X": 0.6136187314987183,
            "Y": 0.49297815561294556
          }
        ]
      },
      "Id": "01e5df0a-a3d7-4d7d-9c82-06e385f69d7a",
      "Relationships": [
        {
          "Type": "CHILD",
          "Ids": [
            "c127cc27-7d6f-461c-9d5e-0fd831b8d55f"
          ]
        }
      ],
      "Page": 1
    },
    {
      "BlockType": "CELL",
      "Confidence": 85.15625,
      "RowIndex": 2,
      "ColumnIndex": 5,
      "RowSpan": 1,
      "ColumnSpan": 1,
      "Geometry": {
        "BoundingBox": {
          "Width": 0.08148734271526337,
          "Height": 0.035104408860206604,
          "Left": 0.6925663948059082,
          "Top": 0.4582231938838959
        },
        "Polygon": [
          {
            "X": 0.6925663948059082,
            "Y": 0.4582231938838959
          },
          {
            "X": 0.7739933133125305,
            "Y": 0.45839932560920715
          },
          {
            "X": 0.7740537524223328,
            "Y": 0.49332761764526367
          },
          {
            "X": 0.6926193833351135,
            "Y": 0.4931502342224121
          }
        ]
      },
      "Id": "605c1a9f-af86-40f8-8915-aaf149bb916d",
      "Relationships": [
        {
          "Type": "CHILD",
          "Ids": [
            "35c517f9-3161-40f5-b48d-5d6e1424a308"
          ]
        }
      ],
      "Page": 1
    },
    {
      "BlockType": "CELL",
      "Confidence": 88.134765625,
      "RowIndex": 3,
      "ColumnIndex": 1,
      "RowSpan": 1,
      "ColumnSpan": 1,
      "Geometry": {
        "BoundingBox": {
          "Width": 0.20140361785888672,
          "Height": 0.032680947333574295,
          "Left": 0.22567059099674225,
          "Top": 0.4921332001686096
        },
        "Polygon": [
          {
            "X": 0.22567059099674225,
            "Y": 0.4921332001686096
          },
          {
            "X": 0.4270477890968323,
            "Y": 0.49257180094718933
          },
          {
            "X": 0.42707422375679016,
            "Y": 0.5248141288757324
          },
          {
            "X": 0.22567997872829437,
            "Y": 0.5243727564811707
          }
        ]
      },
      "Id": "11bb531a-0c3f-4555-b605-a31ac387963b",
      "Relationships": [
        {
          "Type": "CHILD",
          "Ids": [
            "c31c3ac2-a276-4b23-9172-cab439aa572c",
            "15b06df2-bd65-492b-add1-4c216afcdf68"
          ]
        }
      ],
      "Page": 1
    },
    {
      "BlockType": "CELL",
      "Confidence": 85.05859375,
      "RowIndex": 3,
      "ColumnIndex": 2,
      "RowSpan": 1,
      "ColumnSpan": 1,
      "Geometry": {
        "BoundingBox": {
          "Width": 0.10986825078725815,
          "Height": 0.03248308598995209,
          "Left": 0.4270477890968323,
          "Top": 0.49257180094718933
        },
        "Polygon": [
          {
            "X": 0.4270477890968323,
            "Y": 0.49257180094718933
          },
          {
            "X": 0.5368803143501282,
            "Y": 0.49281102418899536
          },
          {
            "X": 0.5369160175323486,
            "Y": 0.5250548720359802
          },
          {
            "X": 0.42707422375679016,
            "Y": 0.5248141288757324
          }
        ]
      },
      "Id": "c65f1163-a87c-4a5d-9f50-83dc57bd1cca",
      "Relationships": [
        {
          "Type": "CHILD",
          "Ids": [
            "fda280de-fda7-4e30-bd96-886f25742cb4"
          ]
        }
      ],
      "Page": 1
    },
    {
      "BlockType": "CELL",
      "Confidence": 84.27734375,
      "RowIndex": 3,
      "ColumnIndex": 3,
      "RowSpan": 1,
      "ColumnSpan": 1,
      "Geometry": {
        "BoundingBox": {
          "Width": 0.07678061723709106,
          "Height": 0.03241207078099251,
          "Left": 0.5368803143501282,
          "Top": 0.49281102418899536
        },
        "Polygon": [
          {
            "X": 0.5368803143501282,
            "Y": 0.49281102418899536
          },
          {
            "X": 0.6136187314987183,
            "Y": 0.49297815561294556
          },
          {
            "X": 0.6136609315872192,
            "Y": 0.5252230763435364
          },
          {
            "X": 0.5369160175323486,
            "Y": 0.5250548720359802
          }
        ]
      },
      "Id": "c407e260-ccf5-4878-bfeb-e13c797c8636",
      "Relationships": [
        {
          "Type": "CHILD",
          "Ids": [
            "6d4a076a-d1a1-4589-83ae-75f1639aa8fc"
          ]
        }
      ],
      "Page": 1
    },
    {
      "BlockType": "CELL",
      "Confidence": 84.5703125,
      "RowIndex": 3,
      "ColumnIndex": 4,
      "RowSpan": 1,
      "ColumnSpan": 1,
      "Geometry": {
        "BoundingBox": {
          "Width": 0.07904954999685287,
          "Height": 0.03241809830069542,
          "Left": 0.6136187314987183,
          "Top": 0.49297815561294556
        },
        "Polygon": [
          {
            "X": 0.6136187314987183,
            "Y": 0.49297815561294556
          },
          {
            "X": 0.6926193833351135,
            "Y": 0.4931502342224121
          },
          {
            "X": 0.6926682591438293,
            "Y": 0.5253962874412537
          },
          {
            "X": 0.6136609315872192,
            "Y": 0.5252230763435364
          }
        ]
      },
      "Id": "c5cd7f64-4bea-4aed-b683-05ec91134c43",
      "Relationships": [
        {
          "Type": "CHILD",
          "Ids": [
            "a924d385-fb0a-4125-b2e0-b5b5fd31b463"
          ]
        }
      ],
      "Page": 1
    },
    {
      "BlockType": "CELL",
      "Confidence": 85.400390625,
      "RowIndex": 3,
      "ColumnIndex": 5,
      "RowSpan": 1,
      "ColumnSpan": 1,
      "Geometry": {
        "BoundingBox": {
          "Width": 0.0814901739358902,
          "Height": 0.032424528151750565,
          "Left": 0.6926193833351135,
          "Top": 0.4931502342224121
        },
        "Polygon": [
          {
            "X": 0.6926193833351135,
            "Y": 0.4931502342224121
          },
          {
            "X": 0.7740537524223328,
            "Y": 0.49332761764526367
          },
          {
            "X": 0.7741095423698425,
            "Y": 0.5255747437477112
          },
          {
            "X": 0.6926682591438293,
            "Y": 0.5253962874412537
          }
        ]
      },
      "Id": "a16f410b-a903-4afe-af7f-8ccfe82365ad",
      "Relationships": [
        {
          "Type": "CHILD",
          "Ids": [
            "85706580-5056-4cbf-9cae-f0b283a6bb8e"
          ]
        }
      ],
      "Page": 1
    },
    {
      "BlockType": "CELL",
      "Confidence": 85.498046875,
      "RowIndex": 4,
      "ColumnIndex": 1,
      "RowSpan": 1,
      "ColumnSpan": 1,
      "Geometry": {
        "BoundingBox": {
          "Width": 0.20142066478729248,
          "Height": 0.03268920257687569,
          "Left": 0.22567997872829437,
          "Top": 0.5243727564811707
        },
        "Polygon": [
          {
            "X": 0.22567997872829437,
            "Y": 0.5243727564811707
          },
          {
            "X": 0.42707422375679016,
            "Y": 0.5248141288757324
          },
          {
            "X": 0.42710062861442566,
            "Y": 0.5570619702339172
          },
          {
            "X": 0.2256893664598465,
            "Y": 0.5566177368164062
          }
        ]
      },
      "Id": "facf3c79-7961-493c-be1f-9ab47421f02b",
      "Relationships": [
        {
          "Type": "CHILD",
          "Ids": [
            "4415faab-ad6f-4cf5-a4c9-4efa82937153",
            "3cb144d8-759e-4a57-acdc-e74e43d1c674"
          ]
        }
      ],
      "Page": 1
    },
    {
      "BlockType": "CELL",
      "Confidence": 82.51953125,
      "RowIndex": 4,
      "ColumnIndex": 2,
      "RowSpan": 1,
      "ColumnSpan": 1,
      "Geometry": {
        "BoundingBox": {
          "Width": 0.10987754911184311,
          "Height": 0.032490070909261703,
          "Left": 0.42707422375679016,
          "Top": 0.5248141288757324
        },
        "Polygon": [
          {
            "X": 0.42707422375679016,
            "Y": 0.5248141288757324
          },
          {
            "X": 0.5369160175323486,
            "Y": 0.5250548720359802
          },
          {
            "X": 0.5369517803192139,
            "Y": 0.5573042035102844
          },
          {
            "X": 0.42710062861442566,
            "Y": 0.5570619702339172
          }
        ]
      },
      "Id": "933b4d31-b512-4063-acbe-8ab98c8b7a3a",
      "Relationships": [
        {
          "Type": "CHILD",
          "Ids": [
            "b361de4a-f856-4383-b211-6c9fc71c13df"
          ]
        }
      ],
      "Page": 1
    },
    {
      "BlockType": "CELL",
      "Confidence": 81.73828125,
      "RowIndex": 4,
      "ColumnIndex": 3,
      "RowSpan": 1,
      "ColumnSpan": 1,
      "Geometry": {
        "BoundingBox": {
          "Width": 0.07678712159395218,
          "Height": 0.03241859748959541,
          "Left": 0.5369160175323486,
          "Top": 0.5250548720359802
        },
        "Polygon": [
          {
            "X": 0.5369160175323486,
            "Y": 0.5250548720359802
          },
          {
            "X": 0.6136609315872192,
            "Y": 0.5252230763435364
          },
          {
            "X": 0.6137031316757202,
            "Y": 0.5574734807014465
          },
          {
            "X": 0.5369517803192139,
            "Y": 0.5573042035102844
          }
        ]
      },
      "Id": "eec2a06b-b75b-4b10-86af-d4be86fe15ad",
      "Relationships": [
        {
          "Type": "CHILD",
          "Ids": [
            "adb88d59-c4fc-4fe1-ba15-c9e85d58310f"
          ]
        }
      ],
      "Page": 1
    },
    {
      "BlockType": "CELL",
      "Confidence": 82.03125,
      "RowIndex": 4,
      "ColumnIndex": 4,
      "RowSpan": 1,
      "ColumnSpan": 1,
      "Geometry": {
        "BoundingBox": {
          "Width": 0.07905624061822891,
          "Height": 0.03242465481162071,
          "Left": 0.6136609315872192,
          "Top": 0.5252230763435364
        },
        "Polygon": [
          {
            "X": 0.6136609315872192,
            "Y": 0.5252230763435364
          },
          {
            "X": 0.6926682591438293,
            "Y": 0.5253962874412537
          },
          {
            "X": 0.6927171945571899,
            "Y": 0.5576477646827698
          },
          {
            "X": 0.6137031316757202,
            "Y": 0.5574734807014465
          }
        ]
      },
      "Id": "5f4868b3-d22f-4cb8-89aa-0b9499a9f5b4",
      "Relationships": [
        {
          "Type": "CHILD",
          "Ids": [
            "7781b553-3356-4bb5-b2ae-8c90b33c504b"
          ]
        }
      ],
      "Page": 1
    },
    {
      "BlockType": "CELL",
      "Confidence": 82.8125,
      "RowIndex": 4,
      "ColumnIndex": 5,
      "RowSpan": 1,
      "ColumnSpan": 1,
      "Geometry": {
        "BoundingBox": {
          "Width": 0.08149707317352295,
          "Height": 0.032431118190288544,
          "Left": 0.6926682591438293,
          "Top": 0.5253962874412537
        },
        "Polygon": [
          {
            "X": 0.6926682591438293,
            "Y": 0.5253962874412537
          },
          {
            "X": 0.7741095423698425,
            "Y": 0.5255747437477112
          },
          {
            "X": 0.7741653323173523,
            "Y": 0.5578274130821228
          },
          {
            "X": 0.6927171945571899,
            "Y": 0.5576477646827698
          }
        ]
      },
      "Id": "eb19cdc9-dedc-48d2-a4c6-d00b5dc59e91",
      "Relationships": [
        {
          "Type": "CHILD",
          "Ids": [
            "0c1f4792-f928-4009-9c14-50e771545257"
          ]
        }
      ],
      "Page": 1
    },
    {
      "BlockType": "CELL",
      "Confidence": 93.84765625,
      "RowIndex": 5,
      "ColumnIndex": 1,
      "RowSpan": 1,
      "ColumnSpan": 1,
      "Geometry": {
        "BoundingBox": {
          "Width": 0.20144394040107727,
          "Height": 0.0402957946062088,
          "Left": 0.2256893664598465,
          "Top": 0.5566177368164062
        },
        "Polygon": [
          {
            "X": 0.2256893664598465,
            "Y": 0.5566177368164062
          },
          {
            "X": 0.42710062861442566,
            "Y": 0.5570619702339172
          },
          {
            "X": 0.4271332919597626,
            "Y": 0.5969135165214539
          },
          {
            "X": 0.2257009595632553,
            "Y": 0.5964658856391907
          }
        ]
      },
      "Id": "a8018906-1584-4e53-83a9-9e3b70061cae",
      "Relationships": [
        {
          "Type": "CHILD",
          "Ids": [
            "aae180dc-b15a-4e2a-80d9-7a4595b57145",
            "f54e9032-f39e-4f0c-9059-6f18c3c8a43c"
          ]
        }
      ],
      "Page": 1
    },
    {
      "BlockType": "CELL",
      "Confidence": 90.576171875,
      "RowIndex": 5,
      "ColumnIndex": 2,
      "RowSpan": 1,
      "ColumnSpan": 1,
      "Geometry": {
        "BoundingBox": {
          "Width": 0.10989527404308319,
          "Height": 0.040095750242471695,
          "Left": 0.42710062861442566,
          "Top": 0.5570619702339172
        },
        "Polygon": [
          {
            "X": 0.42710062861442566,
            "Y": 0.5570619702339172
          },
          {
            "X": 0.5369517803192139,
            "Y": 0.5573042035102844
          },
          {
            "X": 0.5369958877563477,
            "Y": 0.5971577167510986
          },
          {
            "X": 0.4271332919597626,
            "Y": 0.5969135165214539
          }
        ]
      },
      "Id": "cfa0f8e4-3645-41d8-a1a9-feb4a9f44197",
      "Relationships": [
        {
          "Type": "CHILD",
          "Ids": [
            "55e7bcd2-53a0-4c13-9ba0-e087975406fa"
          ]
        }
      ],
      "Page": 1
    },
    {
      "BlockType": "CELL",
      "Confidence": 89.697265625,
      "RowIndex": 5,
      "ColumnIndex": 3,
      "RowSpan": 1,
      "ColumnSpan": 1,
      "Geometry": {
        "BoundingBox": {
          "Width": 0.07680357247591019,
          "Height": 0.04002406820654869,
          "Left": 0.5369517803192139,
          "Top": 0.5573042035102844
        },
        "Polygon": [
          {
            "X": 0.5369517803192139,
            "Y": 0.5573042035102844
          },
          {
            "X": 0.6137031316757202,
            "Y": 0.5574734807014465
          },
          {
            "X": 0.6137553453445435,
            "Y": 0.5973283052444458
          },
          {
            "X": 0.5369958877563477,
            "Y": 0.5971577167510986
          }
        ]
      },
      "Id": "48fd5e86-dbe7-47d1-b100-5fbe925a16a0",
      "Relationships": [
        {
          "Type": "CHILD",
          "Ids": [
            "255dd7ec-4895-44f9-b6d6-00f592d2fe3f"
          ]
        }
      ],
      "Page": 1
    },
    {
      "BlockType": "CELL",
      "Confidence": 90.0390625,
      "RowIndex": 5,
      "ColumnIndex": 4,
      "RowSpan": 1,
      "ColumnSpan": 1,
      "Geometry": {
        "BoundingBox": {
          "Width": 0.07907446473836899,
          "Height": 0.04003041610121727,
          "Left": 0.6137031316757202,
          "Top": 0.5574734807014465
        },
        "Polygon": [
          {
            "X": 0.6137031316757202,
            "Y": 0.5574734807014465
          },
          {
            "X": 0.6927171945571899,
            "Y": 0.5576477646827698
          },
          {
            "X": 0.6927776336669922,
            "Y": 0.5975039005279541
          },
          {
            "X": 0.6137553453445435,
            "Y": 0.5973283052444458
          }
        ]
      },
      "Id": "13b31fbf-d5d1-47a1-9d59-761207e35fbc",
      "Relationships": [
        {
          "Type": "CHILD",
          "Ids": [
            "fa00167a-903b-468f-94ee-cb1fe1320fdc"
          ]
        }
      ],
      "Page": 1
    },
    {
      "BlockType": "CELL",
      "Confidence": 90.91796875,
      "RowIndex": 5,
      "ColumnIndex": 5,
      "RowSpan": 1,
      "ColumnSpan": 1,
      "Geometry": {
        "BoundingBox": {
          "Width": 0.08151713013648987,
          "Height": 0.04003718122839928,
          "Left": 0.6927171945571899,
          "Top": 0.5576477646827698
        },
        "Polygon": [
          {
            "X": 0.6927171945571899,
            "Y": 0.5576477646827698
          },
          {
            "X": 0.7741653323173523,
            "Y": 0.5578274130821228
          },
          {
            "X": 0.7742342948913574,
            "Y": 0.597684919834137
          },
          {
            "X": 0.6927776336669922,
            "Y": 0.5975039005279541
          }
        ]
      },
      "Id": "4a4c0cb2-e650-404f-9f81-593f43a3f271",
      "Relationships": [
        {
          "Type": "CHILD",
          "Ids": [
            "5abc9303-f200-4a4c-9802-b6ed6deeff3c"
          ]
        }
      ],
      "Page": 1
    }
  ],
  "AnalyzeDocumentModelVersion": "1.0"
}