{
  "DocumentMetadata": {
    "Pages": 1
  },
  "JobStatus": "SUCCEEDED",
  "Blocks": [
    {
      "BlockType": "PAGE",
      "Geometry": {
        "BoundingBox": {
          "Width": 0.5578740239143372,
          "Height": 0.3092350959777832,
          "Left": 0.2235061675310135,
          "Top": 0.33234018087387085
        },
        "Polygon": [
          {
            "X": 0.2235061675310135,
            "Y": 0.3342016935348511
          },
          {
            "X": 0.7774688601493835,
            "Y": 0.33234018087387085
          },
          {
            "X": 0.7813801765441895,
            "Y": 0.6405025124549866
          },
          {
            "X": 0.22677677869796753,
            "Y": 0.641575276851654
          }
        ]
      },
      "Id": "6007b615-0892-4313-94ef-2cee58c8afe4",
      "Relationships": [
        {
          "Type": "CHILD",
          "Ids": [
            "548d381d-178c-43ca-a9b0-b24084fe1717",
            "25bd781d-0846-436d-834a-2a4aca0ec4a6",
            "c0e39a9d-3d96-4ebf-8782-3becd470e486",
            "56f259c6-b8b6-4faf-b8c8-8b6d09a4cc80",
            "25039c7e-8132-4c4d-8840-7efd26705cd6",
            "d254804b-b2e2-4aa0-9337-1bcdbe4dafc4",
            "703fd65c-bb76-42c5-b039-f2ef05eae8fc",
            "3ec83d56-a0ee-46fd-b21c-41b38789a266",
            "a36e3b29-1c4a-4e8b-92ed-a94f70e94d75",
            "f14eb835-af37-4f1a-a2dc-9067824ff6f7",
            "ae7b5988-2924-40bb-a0a5-1076f3783851",
            "e8a5e9f5-ffa2-4d50-a475-d2f29d9cd6c3",
            "4ab0ddfe-5b26-4bb5-bb86-37f129618de0",
            "906f93d5-27a1-4759-8d41-b58d6e0237b4",
            "876c7285-f561-4dbf-88d5-03fe4a8f2196",
            "2666eb54-7701-4b0a-bb2b-71c3ef940dba",
            "9f63f454-1182-49cb-8d23-cebc52d8e5b4",
            "597e4fad-500c-4294-b532-b64c1fac1b68",
            "f17808e9-6a3d-4a7d-b74e-0a816a8642ab",
            "5d65d421-6c72-4161-97eb-d014b1971add",
            "8f2141f4-df3f-4c3b-9527-723b002c9a16",
            "810fea4d-5b3a-48c4-99e6-39c85b2f0ef6",
            "9019568f-7290-4fbc-be5d-3006f532f8f4",
            "f53385e4-2902-4766-ab2c-7f9200cc710e",
            "ca858932-1e27-4d04-b23e-cc15d7245047",
            "9b9367dd-6703-4bff-beef-a03b7afcd389"
          ]
        }
      ],
      "Page": 1
    },
    {
      "BlockType": "LINE",
      "Confidence": 99.82691955566406,
      "Text": "Sample",
      "Geometry": {
        "BoundingBox": {
          "Width": 0.04375912621617317,
          "Height": 0.021990040317177773,
          "Left": 0.25175079703330994,
          "Top": 0.3776978552341461
        },
        "Polygon": [
          {
            "X": 0.25175079703330994,
            "Y": 0.3778352737426758
          },
          {
            "X": 0.2952715754508972,
            "Y": 0.3776978552341461
          },
          {
            "X": 0.2955099046230316,
            "Y": 0.39955487847328186
          },
          {
            "X": 0.2519855499267578,
            "Y": 0.39968788623809814
          }
        ]
      },
      "Id": "548d381d-178c-43ca-a9b0-b24084fe1717",
      "Relationships": [
        {
          "Type": "CHILD",
          "Ids": [
            "4d704c02-59e4-4976-a8f5-a38faa91943d"
          ]
        }
      ],
      "Page": 1
    },
    {
      "BlockType": "LINE",
      "Confidence": 99.90232849121094,
      "Text": "Tensile strength",
      "Geometry": {
        "BoundingBox": {
          "Width": 0.0957593098282814,
          "Height": 0.02220088243484497,
          "Left": 0.3321040868759155,
          "Top": 0.37752994894981384
        },
        "Polygon": [
          {
            "X": 0.3321040868759155,
            "Y": 0.37783142924308777
          },
          {
            "X": 0.4276137351989746,
            "Y": 0.37752994894981384
          },
          {
            "X": 0.42786338925361633,
            "Y": 0.3994390666484833
          },
          {
            "X": 0.3323458731174469,
            "Y": 0.3997308313846588
          }
        ]
      },
      "Id": "25bd781d-0846-436d-834a-2a4aca0ec4a6",
      "Relationships": [
        {
          "Type": "CHILD",
          "Ids": [
            "16d05f9e-7702-44f8-85af-3835a12a6398",
            "5dfc934b-15ad-4e34-a795-4d8b9bf0dcf5"
          ]
        }
      ],
      "Page": 1
    },
    {
      "BlockType": "LINE",
      "Confidence": 99.86723327636719,
      "Text": "Tensile modulus",
      "Geometry": {
        "BoundingBox": {
          "Width": 0.09807273745536804,
          "Height": 0.018580423668026924,
          "Left": 0.47755780816078186,
          "Top": 0.37732237577438354
        },
        "Polygon": [
          {
            "X": 0.47755780816078186,
            "Y": 0.37763112783432007
          },
          {
            "X": 0.5754122138023376,
            "Y": 0.37732237577438354
          },
          {
            "X": 0.5756305456161499,
            "Y": 0.3956023156642914
          },
          {
            "X": 0.4777693748474121,
            "Y": 0.3959028124809265
          }
        ]
      },
      "Id": "c0e39a9d-3d96-4ebf-8782-3becd470e486",
      "Relationships": [
        {
          "Type": "CHILD",
          "Ids": [
            "7b5ac8a7-59df-4ce0-b3e7-b8a5fa23ff10",
            "773a8fb8-28f9-4ebf-a1a7-f7a233fc2aa7"
          ]
        }
      ],
      "Page": 1
    },
    {
      "BlockType": "LINE",
      "Confidence": 99.88526916503906,
      "Text": "Elongation at break",
      "Geometry": {
        "BoundingBox": {
          "Width": 0.11872979998588562,
          "Height": 0.022660551592707634,
          "Left": 0.6248188614845276,
          "Top": 0.37706729769706726
        },
        "Polygon": [
          {
            "X": 0.6248188614845276,
            "Y": 0.377440869808197
          },
          {
            "X": 0.7432684898376465,
            "Y": 0.37706729769706726
          },
          {
            "X": 0.7435486316680908,
            "Y": 0.39936646819114685
          },
          {
            "X": 0.6250890493392944,
            "Y": 0.39972785115242004
          }
        ]
      },
      "Id": "56f259c6-b8b6-4faf-b8c8-8b6d09a4cc80",
      "Relationships": [
        {
          "Type": "CHILD",
          "Ids": [
            "648b7643-00b1-4658-aac4-6ea62e406b99",
            "b4492268-956b-4eb8-9320-da9bc05f8e9d",
            "17c7f047-863b-4f49-85c1-8b20bdc9a711"
          ]
        }
      ],
      "Page": 1
    },
    {
      "BlockType": "LINE",
      "Confidence": 99.48081970214844,
      "Text": "(MPa)",
      "Geometry": {
        "BoundingBox": {
          "Width": 0.03636646643280983,
          "Height": 0.02017110027372837,
          "Left": 0.33296337723731995,
          "Top": 0.40728241205215454
        },
        "Polygon": [
          {
            "X": 0.33296337723731995,
            "Y": 0.4073915481567383
          },
          {
            "X": 0.36910557746887207,
            "Y": 0.40728241205215454
          },
          {
            "X": 0.3693298399448395,
            "Y": 0.42734774947166443
          },
          {
            "X": 0.3331849277019501,
            "Y": 0.42745351791381836
          }
        ]
      },
      "Id": "25039c7e-8132-4c4d-8840-7efd26705cd6",
      "Relationships": [
        {
          "Type": "CHILD",
          "Ids": [
            "046e7fb2-7ebd-43df-bbb5-233d336d71ae"
          ]
        }
      ],
      "Page": 1
    },
    {
      "BlockType": "LINE",
      "Confidence": 99.76470184326172,
      "Text": "(MPa)",
      "Geometry": {
        "BoundingBox": {
          "Width": 0.036753904074430466,
          "Height": 0.020726777613162994,
          "Left": 0.47798776626586914,
          "Top": 0.4070756137371063
        },
        "Polygon": [
          {
            "X": 0.47798776626586914,
            "Y": 0.407185822725296
          },
          {
            "X": 0.514500081539154,
            "Y": 0.4070756137371063
          },
          {
            "X": 0.5147416591644287,
            "Y": 0.42769569158554077
          },
          {
            "X": 0.47822651267051697,
            "Y": 0.4278024137020111
          }
        ]
      },
      "Id": "d254804b-b2e2-4aa0-9337-1bcdbe4dafc4",
      "Relationships": [
        {
          "Type": "CHILD",
          "Ids": [
            "b4619aa6-2170-4339-8253-2c082cb10dfe"
          ]
        }
      ],
      "Page": 1
    },
    {
      "BlockType": "LINE",
      "Confidence": 99.91541290283203,
      "Text": "(%)",
      "Geometry": {
        "BoundingBox": {
          "Width": 0.021500257775187492,
          "Height": 0.020499037578701973,
          "Left": 0.6260018348693848,
          "Top": 0.40704867243766785
        },
        "Polygon": [
          {
            "X": 0.6260018348693848,
            "Y": 0.4071127772331238
          },
          {
            "X": 0.64725261926651,
            "Y": 0.40704867243766785
          },
          {
            "X": 0.647502064704895,
            "Y": 0.4274856150150299
          },
          {
            "X": 0.6262496709823608,
            "Y": 0.42754772305488586
          }
        ]
      },
      "Id": "703fd65c-bb76-42c5-b039-f2ef05eae8fc",
      "Relationships": [
        {
          "Type": "CHILD",
          "Ids": [
            "7f026e35-b373-4c61-8225-a5c9c277f1e1"
          ]
        }
      ],
      "Page": 1
    },
    {
      "BlockType": "LINE",
      "Confidence": 59.383052825927734,
      "Text": "EMG-",
      "Geometry": {
        "BoundingBox": {
          "Width": 0.032679107040166855,
          "Height": 0.016517283394932747,
          "Left": 0.25092828273773193,
          "Top": 0.4519747197628021
        },
        "Polygon": [
          {
            "X": 0.25092828273773193,
            "Y": 0.4520661532878876
          },
          {
            "X": 0.28342899680137634,
            "Y": 0.4519747197628021
          },
          {
            "X": 0.2836073935031891,
            "Y": 0.46840304136276245
          },
          {
            "X": 0.2511046528816223,
            "Y": 0.4684920012950897
          }
        ]
      },
      "Id": "3ec83d56-a0ee-46fd-b21c-41b38789a266",
      "Relationships": [
        {
          "Type": "CHILD",
          "Ids": [
            "98f9ddb8-b16c-4fcb-a849-19f3166301c2"
          ]
        }
      ],
      "Page": 1
    },
    {
      "BlockType": "LINE",
      "Confidence": 97.80498504638672,
      "Text": "80.0 1.5",
      "Geometry": {
        "BoundingBox": {
          "Width": 0.06368853151798248,
          "Height": 0.017710860818624496,
          "Left": 0.33272019028663635,
          "Top": 0.45196133852005005
        },
        "Polygon": [
          {
            "X": 0.33272019028663635,
            "Y": 0.45213985443115234
          },
          {
            "X": 0.3962109684944153,
            "Y": 0.45196133852005005
          },
          {
            "X": 0.39640870690345764,
            "Y": 0.4694988429546356
          },
          {
            "X": 0.33291375637054443,
            "Y": 0.46967220306396484
          }
        ]
      },
      "Id": "a36e3b29-1c4a-4e8b-92ed-a94f70e94d75",
      "Relationships": [
        {
          "Type": "CHILD",
          "Ids": [
            "b7a938e5-7855-43f5-b69b-e8b0d982e220",
            "cc569378-86bc-42c6-b17b-dac5f7c40a0d"
          ]
        }
      ],
      "Page": 1
    },
    {
      "BlockType": "LINE",
      "Confidence": 83.32026672363281,
      "Text": "1841 I 60",
      "Geometry": {
        "BoundingBox": {
          "Width": 0.06356339901685715,
          "Height": 0.017881348729133606,
          "Left": 0.47857096791267395,
          "Top": 0.45177167654037476
        },
        "Polygon": [
          {
            "X": 0.47857096791267395,
            "Y": 0.45194974541664124
          },
          {
            "X": 0.5419251322746277,
            "Y": 0.45177167654037476
          },
          {
            "X": 0.5421343445777893,
            "Y": 0.46948015689849854
          },
          {
            "X": 0.4787759780883789,
            "Y": 0.46965304017066956
          }
        ]
      },
      "Id": "f14eb835-af37-4f1a-a2dc-9067824ff6f7",
      "Relationships": [
        {
          "Type": "CHILD",
          "Ids": [
            "485b8f5a-17b4-4a23-b07c-46af4ff403d4",
            "e70870f1-37cd-463f-9165-0e0c8d878385",
            "0ab935c4-42ea-4634-a7ec-4ebef4481e92"
          ]
        }
      ],
      "Page": 1
    },
    {
      "BlockType": "LINE",
      "Confidence": 81.3721694946289,
      "Text": "10.2 + 0.2",
      "Geometry": {
        "BoundingBox": {
          "Width": 0.06394816935062408,
          "Height": 0.018036382272839546,
          "Left": 0.6261557340621948,
          "Top": 0.4518277049064636
        },
        "Polygon": [
          {
            "X": 0.6261557340621948,
            "Y": 0.4520066976547241
          },
          {
            "X": 0.6898830533027649,
            "Y": 0.4518277049064636
          },
          {
            "X": 0.6901038885116577,
            "Y": 0.46969038248062134
          },
          {
            "X": 0.6263722777366638,
            "Y": 0.4698641002178192
          }
        ]
      },
      "Id": "ae7b5988-2924-40bb-a0a5-1076f3783851",
      "Relationships": [
        {
          "Type": "CHILD",
          "Ids": [
            "241a53fb-6a5d-4bdb-bcf7-1ca72b23aec6",
            "1a8b4154-c87a-49a3-8c3b-ffe4d160cb3f",
            "be063b69-8e49-436a-b8df-c9bdab778d13"
          ]
        }
      ],
      "Page": 1
    },
    {
      "BlockType": "LINE",
      "Confidence": 99.88410186767578,
      "Text": "0.76",
      "Geometry": {
        "BoundingBox": {
          "Width": 0.026392022147774696,
          "Height": 0.016596723347902298,
          "Left": 0.2643112540245056,
          "Top": 0.481894850730896
        },
        "Polygon": [
          {
            "X": 0.2643112540245056,
            "Y": 0.48196494579315186
          },
          {
            "X": 0.2905234098434448,
            "Y": 0.481894850730896
          },
          {
            "X": 0.29070326685905457,
            "Y": 0.4984234571456909
          },
          {
            "X": 0.2644895017147064,
            "Y": 0.4984915554523468
          }
        ]
      },
      "Id": "e8a5e9f5-ffa2-4d50-a475-d2f29d9cd6c3",
      "Relationships": [
        {
          "Type": "CHILD",
          "Ids": [
            "98210bc4-837c-46bb-99f3-65aca6565232"
          ]
        }
      ],
      "Page": 1
    },
    {
      "BlockType": "LINE",
      "Confidence": 99.80793762207031,
      "Text": "EMG-1",
      "Geometry": {
        "BoundingBox": {
          "Width": 0.03926540166139603,
          "Height": 0.01701195165514946,
          "Left": 0.2516266107559204,
          "Top": 0.5108874440193176
        },
        "Polygon": [
          {
            "X": 0.2516266107559204,
            "Y": 0.5109866857528687
          },
          {
            "X": 0.29070791602134705,
            "Y": 0.5108874440193176
          },
          {
            "X": 0.29089200496673584,
            "Y": 0.5278031826019287
          },
          {
            "X": 0.25180819630622864,
            "Y": 0.5278993844985962
          }
        ]
      },
      "Id": "4ab0ddfe-5b26-4bb5-bb86-37f129618de0",
      "Relationships": [
        {
          "Type": "CHILD",
          "Ids": [
            "114a216e-1939-4027-8560-cbf1d36f108d"
          ]
        }
      ],
      "Page": 1
    },
    {
      "BlockType": "LINE",
      "Confidence": 79.22203826904297,
      "Text": "70.7 + 0.9",
      "Geometry": {
        "BoundingBox": {
          "Width": 0.0641559287905693,
          "Height": 0.018067721277475357,
          "Left": 0.3325650095939636,
          "Top": 0.5103962421417236
        },
        "Polygon": [
          {
            "X": 0.3325650095939636,
            "Y": 0.5105587840080261
          },
          {
            "X": 0.3965190052986145,
            "Y": 0.5103962421417236
          },
          {
            "X": 0.3967209458351135,
            "Y": 0.528306782245636
          },
          {
            "X": 0.33276262879371643,
            "Y": 0.5284640192985535
          }
        ]
      },
      "Id": "906f93d5-27a1-4759-8d41-b58d6e0237b4",
      "Relationships": [
        {
          "Type": "CHILD",
          "Ids": [
            "e1ccdf6a-6195-4dd4-9b8a-a332f5d8f60d",
            "1964e70c-95a3-4513-866b-530db44198f9",
            "7acceacc-7af2-4cc2-a356-2807da636dc9"
          ]
        }
      ],
      "Page": 1
    },
    {
      "BlockType": "LINE",
      "Confidence": 91.04645538330078,
      "Text": "1654 + 83",
      "Geometry": {
        "BoundingBox": {
          "Width": 0.06349033117294312,
          "Height": 0.01750481128692627,
          "Left": 0.47853967547416687,
          "Top": 0.5107249617576599
        },
        "Polygon": [
          {
            "X": 0.47853967547416687,
            "Y": 0.5108855962753296
          },
          {
            "X": 0.5418250560760498,
            "Y": 0.5107249617576599
          },
          {
            "X": 0.5420299768447876,
            "Y": 0.5280742645263672
          },
          {
            "X": 0.47874048352241516,
            "Y": 0.5282297730445862
          }
        ]
      },
      "Id": "876c7285-f561-4dbf-88d5-03fe4a8f2196",
      "Relationships": [
        {
          "Type": "CHILD",
          "Ids": [
            "6b453fcc-b1bb-4df8-928a-c53e0740d955",
            "d3205ab9-80b9-42fe-a0c9-49af6719e174",
            "b40ab496-b713-4270-8d40-8cf133c6676c"
          ]
        }
      ],
      "Page": 1
    },
    {
      "BlockType": "LINE",
      "Confidence": 83.05978393554688,
      "Text": "8.9 I 0.1",
      "Geometry": {
        "BoundingBox": {
          "Width": 0.05587039515376091,
          "Height": 0.01797301135957241,
          "Left": 0.6254112124443054,
          "Top": 0.5105722546577454
        },
        "Polygon": [
          {
            "X": 0.6254112124443054,
            "Y": 0.5107133984565735
          },
          {
            "X": 0.6810617446899414,
            "Y": 0.5105722546577454
          },
          {
            "X": 0.6812816262245178,
            "Y": 0.5284086465835571
          },
          {
            "X": 0.6256273984909058,
            "Y": 0.5285452604293823
          }
        ]
      },
      "Id": "2666eb54-7701-4b0a-bb2b-71c3ef940dba",
      "Relationships": [
        {
          "Type": "CHILD",
          "Ids": [
            "4521b540-b62f-4ef7-9aa1-0faed6a6efb3",
            "e54942c4-754e-4a22-93a2-13b4a4b768ce",
            "2c53a127-cc29-4844-863c-38bc4bb2c110"
          ]
        }
      ],
      "Page": 1
    },
    {
      "BlockType": "LINE",
      "Confidence": 99.71063995361328,
      "Text": "EMG-",
      "Geometry": {
        "BoundingBox": {
          "Width": 0.033063311129808426,
          "Height": 0.017078503966331482,
          "Left": 0.2517152428627014,
          "Top": 0.5402342677116394
        },
        "Polygon": [
          {
            "X": 0.2517152428627014,
            "Y": 0.5403133034706116
          },
          {
            "X": 0.28459393978118896,
            "Y": 0.5402342677116394
          },
          {
            "X": 0.28477856516838074,
            "Y": 0.5572363138198853
          },
          {
            "X": 0.25189775228500366,
            "Y": 0.5573127269744873
          }
        ]
      },
      "Id": "9f63f454-1182-49cb-8d23-cebc52d8e5b4",
      "Relationships": [
        {
          "Type": "CHILD",
          "Ids": [
            "78adb7bf-db65-42f4-8308-75e2df0aca21"
          ]
        }
      ],
      "Page": 1
    },
    {
      "BlockType": "LINE",
      "Confidence": 84.30736541748047,
      "Text": "52.0 + 1.3",
      "Geometry": {
        "BoundingBox": {
          "Width": 0.0638422742486,
          "Height": 0.01778971217572689,
          "Left": 0.33268433809280396,
          "Top": 0.5400691032409668
        },
        "Polygon": [
          {
            "X": 0.33268433809280396,
            "Y": 0.5402221083641052
          },
          {
            "X": 0.39632776379585266,
            "Y": 0.5400691032409668
          },
          {
            "X": 0.39652660489082336,
            "Y": 0.5577110648155212
          },
          {
            "X": 0.332878977060318,
            "Y": 0.5578588247299194
          }
        ]
      },
      "Id": "597e4fad-500c-4294-b532-b64c1fac1b68",
      "Relationships": [
        {
          "Type": "CHILD",
          "Ids": [
            "be2aed8b-cfc2-441f-a671-0979229f4c46",
            "fc5895b6-98fa-4f6a-93c8-128161ecad00",
            "69b19166-263c-4ee9-8bfc-55dc9a481ec7"
          ]
        }
      ],
      "Page": 1
    },
    {
      "BlockType": "LINE",
      "Confidence": 99.95262908935547,
      "Text": "1270 61",
      "Geometry": {
        "BoundingBox": {
          "Width": 0.06269394606351852,
          "Height": 0.017689211294054985,
          "Left": 0.47857144474983215,
          "Top": 0.5400446057319641
        },
        "Polygon": [
          {
            "X": 0.47857144474983215,
            "Y": 0.5401946902275085
          },
          {
            "X": 0.5410582423210144,
            "Y": 0.5400446057319641
          },
          {
            "X": 0.5412653684616089,
            "Y": 0.5575888156890869
          },
          {
            "X": 0.4787744879722595,
            "Y": 0.5577338337898254
          }
        ]
      },
      "Id": "f17808e9-6a3d-4a7d-b74e-0a816a8642ab",
      "Relationships": [
        {
          "Type": "CHILD",
          "Ids": [
            "52bb00db-0fca-4c6d-973c-c8048c5c66c1",
            "9e55d772-f53c-4d85-a8c8-a9c0b5e040eb"
          ]
        }
      ],
      "Page": 1
    },
    {
      "BlockType": "LINE",
      "Confidence": 83.7157211303711,
      "Text": "4.4 + 0.5",
      "Geometry": {
        "BoundingBox": {
          "Width": 0.05678936094045639,
          "Height": 0.017765365540981293,
          "Left": 0.6255916357040405,
          "Top": 0.5401480793952942
        },
        "Polygon": [
          {
            "X": 0.6255916357040405,
            "Y": 0.5402838587760925
          },
          {
            "X": 0.6821635365486145,
            "Y": 0.5401480793952942
          },
          {
            "X": 0.6823809742927551,
            "Y": 0.5577822923660278
          },
          {
            "X": 0.6258053183555603,
            "Y": 0.5579134821891785
          }
        ]
      },
      "Id": "5d65d421-6c72-4161-97eb-d014b1971add",
      "Relationships": [
        {
          "Type": "CHILD",
          "Ids": [
            "acfa54e9-d2bb-48bd-b557-25ef0af12b81",
            "68db3aee-9078-4f45-bd04-434b62e25e9d",
            "2eb54f33-d2d1-4350-bd7d-9abed52c8ff1"
          ]
        }
      ],
      "Page": 1
    },
    {
      "BlockType": "LINE",
      "Confidence": 85.13909912109375,
      "Text": "1.24",
      "Geometry": {
        "BoundingBox": {
          "Width": 0.02595645934343338,
          "Height": 0.016875537112355232,
          "Left": 0.2649160921573639,
          "Top": 0.5685678124427795
        },
        "Polygon": [
          {
            "X": 0.2649160921573639,
            "Y": 0.568626344203949
          },
          {
            "X": 0.2906895577907562,
            "Y": 0.5685678124427795
          },
          {
            "X": 0.2908725440502167,
            "Y": 0.5853867530822754
          },
          {
            "X": 0.2650974690914154,
            "Y": 0.5854433178901672
          }
        ]
      },
      "Id": "8f2141f4-df3f-4c3b-9527-723b002c9a16",
      "Relationships": [
        {
          "Type": "CHILD",
          "Ids": [
            "3681e41a-70a2-431f-a2b0-c0d78f70b51f"
          ]
        }
      ],
      "Page": 1
    },
    {
      "BlockType": "LINE",
      "Confidence": 99.71597290039062,
      "Text": "DMG-1",
      "Geometry": {
        "BoundingBox": {
          "Width": 0.041661765426397324,
          "Height": 0.016998475417494774,
          "Left": 0.25173529982566833,
          "Top": 0.598151445388794
        },
        "Polygon": [
          {
            "X": 0.25173529982566833,
            "Y": 0.5982400178909302
          },
          {
            "X": 0.293212890625,
            "Y": 0.598151445388794
          },
          {
            "X": 0.29339706897735596,
            "Y": 0.6150646209716797
          },
          {
            "X": 0.2519167959690094,
            "Y": 0.615149974822998
          }
        ]
      },
      "Id": "810fea4d-5b3a-48c4-99e6-39c85b2f0ef6",
      "Relationships": [
        {
          "Type": "CHILD",
          "Ids": [
            "05a77b47-fff7-42c7-a0d2-72dc98411bea"
          ]
        }
      ],
      "Page": 1
    },
    {
      "BlockType": "LINE",
      "Confidence": 80.14067840576172,
      "Text": "70.8 I 1.2",
      "Geometry": {
        "BoundingBox": {
          "Width": 0.0645444467663765,
          "Height": 0.017912128940224648,
          "Left": 0.3323589563369751,
          "Top": 0.5975905656814575
        },
        "Polygon": [
          {
            "X": 0.3323589563369751,
            "Y": 0.5977280735969543
          },
          {
            "X": 0.39670300483703613,
            "Y": 0.5975905656814575
          },
          {
            "X": 0.396903395652771,
            "Y": 0.615370512008667
          },
          {
            "X": 0.33255505561828613,
            "Y": 0.6155027151107788
          }
        ]
      },
      "Id": "9019568f-7290-4fbc-be5d-3006f532f8f4",
      "Relationships": [
        {
          "Type": "CHILD",
          "Ids": [
            "1a4d916d-9ceb-422e-9b63-16f2e8fb669d",
            "a1bd5607-8720-4fe2-bd82-6d10c48d8e5e",
            "2ef30f19-a3fb-484e-864f-78dfb61b6981"
          ]
        }
      ],
      "Page": 1
    },
    {
      "BlockType": "LINE",
      "Confidence": 82.4413070678711,
      "Text": "1860 + 72",
      "Geometry": {
        "BoundingBox": {
          "Width": 0.06362125277519226,
          "Height": 0.017674902454018593,
          "Left": 0.4785900115966797,
          "Top": 0.5978050231933594
        },
        "Polygon": [
          {
            "X": 0.4785900115966797,
            "Y": 0.5979403257369995
          },
          {
            "X": 0.5420041084289551,
            "Y": 0.5978050231933594
          },
          {
            "X": 0.5422112941741943,
            "Y": 0.6153497099876404
          },
          {
            "X": 0.47879302501678467,
            "Y": 0.6154798865318298
          }
        ]
      },
      "Id": "f53385e4-2902-4766-ab2c-7f9200cc710e",
      "Relationships": [
        {
          "Type": "CHILD",
          "Ids": [
            "47935190-8cb7-4223-a066-8f55b9f00c0c",
            "638e8f11-3fca-4136-87c1-04986193cbea",
            "0d4232e1-6a68-41fd-a257-6300188ce177"
          ]
        }
      ],
      "Page": 1
    },
    {
      "BlockType": "LINE",
      "Confidence": 74.74263763427734,
      "Text": "7.3 + 0.3",
      "Geometry": {
        "BoundingBox": {
          "Width": 0.056815121322870255,
          "Height": 0.017714740708470345,
          "Left": 0.6254609227180481,
          "Top": 0.5978863835334778
        },
        "Polygon": [
          {
            "X": 0.6254609227180481,
            "Y": 0.598007082939148
          },
          {
            "X": 0.682059109210968,
            "Y": 0.5978863835334778
          },
          {
            "X": 0.6822760701179504,
            "Y": 0.6154850721359253
          },
          {
            "X": 0.6256741285324097,
            "Y": 0.615601122379303
          }
        ]
      },
      "Id": "ca858932-1e27-4d04-b23e-cc15d7245047",
      "Relationships": [
        {
          "Type": "CHILD",
          "Ids": [
            "d0437882-5364-441a-976d-d66dd0b7b3b8",
            "db8ee39e-749e-45e1-b162-18f3f501078b",
            "8cac84f6-e6a7-461f-a4a4-9a97a47ee972"
          ]
        }
      ],
      "Page": 1
    },
    {
      "BlockType": "WORD",
      "Confidence": 99.82691955566406,
      "Text": "Sample",
      "TextType": "PRINTED",
      "Geometry": {
        "BoundingBox": {
          "Width": 0.04375912621617317,
          "Height": 0.021990040317177773,
          "Left": 0.25175079703330994,
          "Top": 0.3776978552341461
        },
        "Polygon": [
          {
            "X": 0.25175079703330994,
            "Y": 0.3778352737426758
          },
          {
            "X": 0.2952715754508972,
            "Y": 0.3776978552341461
          },
          {
            "X": 0.2955099046230316,
            "Y": 0.39955487847328186
          },
          {
            "X": 0.2519855499267578,
            "Y": 0.39968788623809814
          }
        ]
      },
      "Id": "4d704c02-59e4-4976-a8f5-a38faa91943d",
      "Page": 1
    },
    {
      "BlockType": "WORD",
      "Confidence": 99.90995788574219,
      "Text": "Tensile",
      "TextType": "PRINTED",
      "Geometry": {
        "BoundingBox": {
          "Width": 0.04356095939874649,
          "Height": 0.019085146486759186,
          "Left": 0.3321040868759155,
          "Top": 0.37769460678100586
        },
        "Polygon": [
          {
            "X": 0.3321040868759155,
            "Y": 0.37783142924308777
          },
          {
            "X": 0.37545275688171387,
            "Y": 0.37769460678100586
          },
          {
            "X": 0.3756650388240814,
            "Y": 0.3966467082500458
          },
          {
            "X": 0.33231329917907715,
            "Y": 0.39677974581718445
          }
        ]
      },
      "Id": "16d05f9e-7702-44f8-85af-3835a12a6398",
      "Page": 1
    },
    {
      "BlockType": "WORD",
      "Confidence": 99.89470672607422,
      "Text": "strength",
      "TextType": "PRINTED",
      "Geometry": {
        "BoundingBox": {
          "Width": 0.04956584796309471,
          "Height": 0.02146143466234207,
          "Left": 0.3782975375652313,
          "Top": 0.3781282901763916
        },
        "Polygon": [
          {
            "X": 0.3782975375652313,
            "Y": 0.37828385829925537
          },
          {
            "X": 0.4276205599308014,
            "Y": 0.3781282901763916
          },
          {
            "X": 0.42786338925361633,
            "Y": 0.3994390666484833
          },
          {
            "X": 0.3785364329814911,
            "Y": 0.39958974719047546
          }
        ]
      },
      "Id": "5dfc934b-15ad-4e34-a795-4d8b9bf0dcf5",
      "Page": 1
    },
    {
      "BlockType": "WORD",
      "Confidence": 99.85270690917969,
      "Text": "Tensile",
      "TextType": "PRINTED",
      "Geometry": {
        "BoundingBox": {
          "Width": 0.04325379058718681,
          "Height": 0.01831069216132164,
          "Left": 0.4775589108467102,
          "Top": 0.3775921165943146
        },
        "Polygon": [
          {
            "X": 0.4775589108467102,
            "Y": 0.3777278959751129
          },
          {
            "X": 0.5205993056297302,
            "Y": 0.3775921165943146
          },
          {
            "X": 0.5208126902580261,
            "Y": 0.3957706391811371
          },
          {
            "X": 0.4777693748474121,
            "Y": 0.3959028124809265
          }
        ]
      },
      "Id": "7b5ac8a7-59df-4ce0-b3e7-b8a5fa23ff10",
      "Page": 1
    },
    {
      "BlockType": "WORD",
      "Confidence": 99.88177490234375,
      "Text": "modulus",
      "TextType": "PRINTED",
      "Geometry": {
        "BoundingBox": {
          "Width": 0.0514988973736763,
          "Height": 0.01842687837779522,
          "Left": 0.5241315364837646,
          "Top": 0.37732237577438354
        },
        "Polygon": [
          {
            "X": 0.5241315364837646,
            "Y": 0.37748417258262634
          },
          {
            "X": 0.5754122138023376,
            "Y": 0.37732237577438354
          },
          {
            "X": 0.5756304264068604,
            "Y": 0.3955917954444885
          },
          {
            "X": 0.5243461728096008,
            "Y": 0.3957492709159851
          }
        ]
      },
      "Id": "773a8fb8-28f9-4ebf-a1a7-f7a233fc2aa7",
      "Page": 1
    },
    {
      "BlockType": "WORD",
      "Confidence": 99.69901275634766,
      "Text": "Elongation",
      "TextType": "PRINTED",
      "Geometry": {
        "BoundingBox": {
          "Width": 0.06535530090332031,
          "Height": 0.022306345403194427,
          "Left": 0.624821126461029,
          "Top": 0.377421498298645
        },
        "Polygon": [
          {
            "X": 0.624821126461029,
            "Y": 0.3776266872882843
          },
          {
            "X": 0.6899030208587646,
            "Y": 0.377421498298645
          },
          {
            "X": 0.6901763677597046,
            "Y": 0.39952927827835083
          },
          {
            "X": 0.6250890493392944,
            "Y": 0.39972785115242004
          }
        ]
      },
      "Id": "648b7643-00b1-4658-aac4-6ea62e406b99",
      "Page": 1
    },
    {
      "BlockType": "WORD",
      "Confidence": 99.97969055175781,
      "Text": "at",
      "TextType": "PRINTED",
      "Geometry": {
        "BoundingBox": {
          "Width": 0.01264233235269785,
          "Height": 0.01563054695725441,
          "Left": 0.6938106417655945,
          "Top": 0.3800709545612335
        },
        "Polygon": [
          {
            "X": 0.6938106417655945,
            "Y": 0.3801100552082062
          },
          {
            "X": 0.7062591910362244,
            "Y": 0.3800709545612335
          },
          {
            "X": 0.7064529657363892,
            "Y": 0.395663321018219
          },
          {
            "X": 0.6940036416053772,
            "Y": 0.39570152759552
          }
        ]
      },
      "Id": "b4492268-956b-4eb8-9320-da9bc05f8e9d",
      "Page": 1
    },
    {
      "BlockType": "WORD",
      "Confidence": 99.97710418701172,
      "Text": "break",
      "TextType": "PRINTED",
      "Geometry": {
        "BoundingBox": {
          "Width": 0.03423449024558067,
          "Height": 0.01878717541694641,
          "Left": 0.7092687487602234,
          "Top": 0.37706729769706726
        },
        "Polygon": [
          {
            "X": 0.7092687487602234,
            "Y": 0.3771745264530182
          },
          {
            "X": 0.7432684898376465,
            "Y": 0.37706729769706726
          },
          {
            "X": 0.743503212928772,
            "Y": 0.39575016498565674
          },
          {
            "X": 0.7095010876655579,
            "Y": 0.39585447311401367
          }
        ]
      },
      "Id": "17c7f047-863b-4f49-85c1-8b20bdc9a711",
      "Page": 1
    },
    {
      "BlockType": "WORD",
      "Confidence": 99.48081970214844,
      "Text": "(MPa)",
      "TextType": "PRINTED",
      "Geometry": {
        "BoundingBox": {
          "Width": 0.03636646643280983,
          "Height": 0.02017110027372837,
          "Left": 0.33296337723731995,
          "Top": 0.40728241205215454
        },
        "Polygon": [
          {
            "X": 0.33296337723731995,
            "Y": 0.4073915481567383
          },
          {
            "X": 0.36910557746887207,
            "Y": 0.40728241205215454
          },
          {
            "X": 0.3693298399448395,
            "Y": 0.42734774947166443
          },
          {
            "X": 0.3331849277019501,
            "Y": 0.42745351791381836
          }
        ]
      },
      "Id": "046e7fb2-7ebd-43df-bbb5-233d336d71ae",
      "Page": 1
    },
    {
      "BlockType": "WORD",
      "Confidence": 99.76470184326172,
      "Text": "(MPa)",
      "TextType": "PRINTED",
      "Geometry": {
        "BoundingBox": {
          "Width": 0.036753904074430466,
          "Height": 0.020726777613162994,
          "Left": 0.47798776626586914,
          "Top": 0.4070756137371063
        },
        "Polygon": [
          {
            "X": 0.47798776626586914,
            "Y": 0.407185822725296
          },
          {
            "X": 0.514500081539154,
            "Y": 0.4070756137371063
          },
          {
            "X": 0.5147416591644287,
            "Y": 0.42769569158554077
          },
          {
            "X": 0.47822651267051697,
            "Y": 0.4278024137020111
          }
        ]
      },
      "Id": "b4619aa6-2170-4339-8253-2c082cb10dfe",
      "Page": 1
    },
    {
      "BlockType": "WORD",
      "Confidence": 99.91541290283203,
      "Text": "(%)",
      "TextType": "PRINTED",
      "Geometry": {
        "BoundingBox": {
          "Width": 0.021500257775187492,
          "Height": 0.020499037578701973,
          "Left": 0.6260018348693848,
          "Top": 0.40704867243766785
        },
        "Polygon": [
          {
            "X": 0.6260018348693848,
            "Y": 0.4071127772331238
          },
          {
            "X": 0.64725261926651,
            "Y": 0.40704867243766785
          },
          {
            "X": 0.647502064704895,
            "Y": 0.4274856150150299
          },
          {
            "X": 0.6262496709823608,
            "Y": 0.42754772305488586
          }
        ]
      },
      "Id": "7f026e35-b373-4c61-8225-a5c9c277f1e1",
      "Page": 1
    },
    {
      "BlockType": "WORD",
      "Confidence": 59.383052825927734,
      "Text": "EMG-",
      "TextType": "PRINTED",
      "Geometry": {
        "BoundingBox": {
          "Width": 0.032679107040166855,
          "Height": 0.016517283394932747,
          "Left": 0.25092828273773193,
          "Top": 0.4519747197628021
        },
        "Polygon": [
          {
            "X": 0.25092828273773193,
            "Y": 0.4520661532878876
          },
          {
            "X": 0.28342899680137634,
            "Y": 0.4519747197628021
          },
          {
            "X": 0.2836073935031891,
            "Y": 0.46840304136276245
          },
          {
            "X": 0.2511046528816223,
            "Y": 0.4684920012950897
          }
        ]
      },
      "Id": "98f9ddb8-b16c-4fcb-a849-19f3166301c2",
      "Page": 1
    },
    {
      "BlockType": "WORD",
      "Confidence": 99.67440032958984,
      "Text": "80.0",
      "TextType": "PRINTED",
      "Geometry": {
        "BoundingBox": {
          "Width": 0.026670092716813087,
          "Height": 0.01709994487464428,
          "Left": 0.33272233605384827,
          "Top": 0.4522605538368225
        },
        "Polygon": [
          {
            "X": 0.33272233605384827,
            "Y": 0.4523349702358246
          },
          {
            "X": 0.3592027723789215,
            "Y": 0.4522605538368225
          },
          {
            "X": 0.3593924343585968,
            "Y": 0.4692881405353546
          },
          {
            "X": 0.33291029930114746,
            "Y": 0.46936050057411194
          }
        ]
      },
      "Id": "b7a938e5-7855-43f5-b69b-e8b0d982e220",
      "Page": 1
    },
    {
      "BlockType": "WORD",
      "Confidence": 95.93557739257812,
      "Text": "1.5",
      "TextType": "PRINTED",
      "Geometry": {
        "BoundingBox": {
          "Width": 0.018516913056373596,
          "Height": 0.017587512731552124,
          "Left": 0.37789180874824524,
          "Top": 0.45196133852005005
        },
        "Polygon": [
          {
            "X": 0.37789180874824524,
            "Y": 0.4520128667354584
          },
          {
            "X": 0.3962109684944153,
            "Y": 0.45196133852005005
          },
          {
            "X": 0.39640870690345764,
            "Y": 0.4694988429546356
          },
          {
            "X": 0.3780883550643921,
            "Y": 0.4695488512516022
          }
        ]
      },
      "Id": "cc569378-86bc-42c6-b17b-dac5f7c40a0d",
      "Page": 1
    },
    {
      "BlockType": "WORD",
      "Confidence": 99.89063262939453,
      "Text": "1841",
      "TextType": "PRINTED",
      "Geometry": {
        "BoundingBox": {
          "Width": 0.029029885306954384,
          "Height": 0.017246706411242485,
          "Left": 0.4785721004009247,
          "Top": 0.45196768641471863
        },
        "Polygon": [
          {
            "X": 0.4785721004009247,
            "Y": 0.45204871892929077
          },
          {
            "X": 0.5074013471603394,
            "Y": 0.45196768641471863
          },
          {
            "X": 0.5076019763946533,
            "Y": 0.46913567185401917
          },
          {
            "X": 0.478770911693573,
            "Y": 0.46921437978744507
          }
        ]
      },
      "Id": "485b8f5a-17b4-4a23-b07c-46af4ff403d4",
      "Page": 1
    },
    {
      "BlockType": "WORD",
      "Confidence": 50.1119270324707,
      "Text": "I",
      "TextType": "PRINTED",
      "Geometry": {
        "BoundingBox": {
          "Width": 0.010413662530481815,
          "Height": 0.01740737445652485,
          "Left": 0.512287437915802,
          "Top": 0.45196327567100525
        },
        "Polygon": [
          {
            "X": 0.512287437915802,
            "Y": 0.4519919455051422
          },
          {
            "X": 0.5224969983100891,
            "Y": 0.45196327567100525
          },
          {
            "X": 0.5227010846138,
            "Y": 0.46934276819229126
          },
          {
            "X": 0.5124908685684204,
            "Y": 0.46937063336372375
          }
        ]
      },
      "Id": "e70870f1-37cd-463f-9165-0e0c8d878385",
      "Page": 1
    },
    {
      "BlockType": "WORD",
      "Confidence": 99.95824432373047,
      "Text": "60",
      "TextType": "PRINTED",
      "Geometry": {
        "BoundingBox": {
          "Width": 0.01616525836288929,
          "Height": 0.01775200478732586,
          "Left": 0.5259690880775452,
          "Top": 0.45177167654037476
        },
        "Polygon": [
          {
            "X": 0.5259690880775452,
            "Y": 0.45181652903556824
          },
          {
            "X": 0.5419251322746277,
            "Y": 0.45177167654037476
          },
          {
            "X": 0.5421343445777893,
            "Y": 0.46948015689849854
          },
          {
            "X": 0.5261772871017456,
            "Y": 0.46952369809150696
          }
        ]
      },
      "Id": "0ab935c4-42ea-4634-a7ec-4ebef4481e92",
      "Page": 1
    },
    {
      "BlockType": "WORD",
      "Confidence": 99.9700698852539,
      "Text": "10.2",
      "TextType": "PRINTED",
      "Geometry": {
        "BoundingBox": {
          "Width": 0.026802144944667816,
          "Height": 0.017441468313336372,
          "Left": 0.6261557340621948,
          "Top": 0.45193201303482056
        },
        "Polygon": [
          {
            "X": 0.6261557340621948,
            "Y": 0.4520066976547241
          },
          {
            "X": 0.6527455449104309,
            "Y": 0.45193201303482056
          },
          {
            "X": 0.6529579162597656,
            "Y": 0.46930092573165894
          },
          {
            "X": 0.6263663172721863,
            "Y": 0.469373494386673
          }
        ]
      },
      "Id": "241a53fb-6a5d-4bdb-bcf7-1ca72b23aec6",
      "Page": 1
    },
    {
      "BlockType": "WORD",
      "Confidence": 44.18400955200195,
      "Text": "+",
      "TextType": "PRINTED",
      "Geometry": {
        "BoundingBox": {
          "Width": 0.010829857550561428,
          "Height": 0.017608260735869408,
          "Left": 0.6562421321868896,
          "Top": 0.4521738290786743
        },
        "Polygon": [
          {
            "X": 0.6562421321868896,
            "Y": 0.452203631401062
          },
          {
            "X": 0.6668561697006226,
            "Y": 0.4521738290786743
          },
          {
            "X": 0.6670719981193542,
            "Y": 0.4697531461715698
          },
          {
            "X": 0.656457245349884,
            "Y": 0.4697820842266083
          }
        ]
      },
      "Id": "1a8b4154-c87a-49a3-8c3b-ffe4d160cb3f",
      "Page": 1
    },
    {
      "BlockType": "WORD",
      "Confidence": 99.9624252319336,
      "Text": "0.2",
      "TextType": "PRINTED",
      "Geometry": {
        "BoundingBox": {
          "Width": 0.0198828112334013,
          "Height": 0.017799170687794685,
          "Left": 0.6702204346656799,
          "Top": 0.4518917500972748
        },
        "Polygon": [
          {
            "X": 0.6702204346656799,
            "Y": 0.4519469738006592
          },
          {
            "X": 0.6898838877677917,
            "Y": 0.4518917500972748
          },
          {
            "X": 0.6901032328605652,
            "Y": 0.46963733434677124
          },
          {
            "X": 0.6704385280609131,
            "Y": 0.4696909189224243
          }
        ]
      },
      "Id": "be063b69-8e49-436a-b8df-c9bdab778d13",
      "Page": 1
    },
    {
      "BlockType": "WORD",
      "Confidence": 99.88410186767578,
      "Text": "0.76",
      "TextType": "PRINTED",
      "Geometry": {
        "BoundingBox": {
          "Width": 0.026392022147774696,
          "Height": 0.016596723347902298,
          "Left": 0.2643112540245056,
          "Top": 0.481894850730896
        },
        "Polygon": [
          {
            "X": 0.2643112540245056,
            "Y": 0.48196494579315186
          },
          {
            "X": 0.2905234098434448,
            "Y": 0.481894850730896
          },
          {
            "X": 0.29070326685905457,
            "Y": 0.4984234571456909
          },
          {
            "X": 0.2644895017147064,
            "Y": 0.4984915554523468
          }
        ]
      },
      "Id": "98210bc4-837c-46bb-99f3-65aca6565232",
      "Page": 1
    },
    {
      "BlockType": "WORD",
      "Confidence": 99.80793762207031,
      "Text": "EMG-1",
      "TextType": "PRINTED",
      "Geometry": {
        "BoundingBox": {
          "Width": 0.03926540166139603,
          "Height": 0.01701195165514946,
          "Left": 0.2516266107559204,
          "Top": 0.5108874440193176
        },
        "Polygon": [
          {
            "X": 0.2516266107559204,
            "Y": 0.5109866857528687
          },
          {
            "X": 0.29070791602134705,
            "Y": 0.5108874440193176
          },
          {
            "X": 0.29089200496673584,
            "Y": 0.5278031826019287
          },
          {
            "X": 0.25180819630622864,
            "Y": 0.5278993844985962
          }
        ]
      },
      "Id": "114a216e-1939-4027-8560-cbf1d36f108d",
      "Page": 1
    },
    {
      "BlockType": "WORD",
      "Confidence": 99.880859375,
      "Text": "70.7",
      "TextType": "PRINTED",
      "Geometry": {
        "BoundingBox": {
          "Width": 0.02668067254126072,
          "Height": 0.017447352409362793,
          "Left": 0.3325650095939636,
          "Top": 0.5104914903640747
        },
        "Polygon": [
          {
            "X": 0.3325650095939636,
            "Y": 0.5105587840080261
          },
          {
            "X": 0.3590521216392517,
            "Y": 0.5104914903640747
          },
          {
            "X": 0.3592456877231598,
            "Y": 0.5278736352920532
          },
          {
            "X": 0.3327568471431732,
            "Y": 0.5279388427734375
          }
        ]
      },
      "Id": "e1ccdf6a-6195-4dd4-9b8a-a332f5d8f60d",
      "Page": 1
    },
    {
      "BlockType": "WORD",
      "Confidence": 41.59575653076172,
      "Text": "+",
      "TextType": "PRINTED",
      "Geometry": {
        "BoundingBox": {
          "Width": 0.010479678399860859,
          "Height": 0.01719590649008751,
          "Left": 0.3630622625350952,
          "Top": 0.5111668109893799
        },
        "Polygon": [
          {
            "X": 0.3630622625350952,
            "Y": 0.5111929178237915
          },
          {
            "X": 0.3733498156070709,
            "Y": 0.5111668109893799
          },
          {
            "X": 0.373541921377182,
            "Y": 0.5283374190330505
          },
          {
            "X": 0.3632536828517914,
            "Y": 0.5283626914024353
          }
        ]
      },
      "Id": "1964e70c-95a3-4513-866b-530db44198f9",
      "Page": 1
    },
    {
      "BlockType": "WORD",
      "Confidence": 96.1894760131836,
      "Text": "0.9",
      "TextType": "PRINTED",
      "Geometry": {
        "BoundingBox": {
          "Width": 0.019478842616081238,
          "Height": 0.017328403890132904,
          "Left": 0.3772420883178711,
          "Top": 0.5110257863998413
        },
        "Polygon": [
          {
            "X": 0.3772420883178711,
            "Y": 0.5110747218132019
          },
          {
            "X": 0.39652612805366516,
            "Y": 0.5110257863998413
          },
          {
            "X": 0.3967209458351135,
            "Y": 0.528306782245636
          },
          {
            "X": 0.37743568420410156,
            "Y": 0.5283541679382324
          }
        ]
      },
      "Id": "7acceacc-7af2-4cc2-a356-2807da636dc9",
      "Page": 1
    },
    {
      "BlockType": "WORD",
      "Confidence": 99.92725372314453,
      "Text": "1654",
      "TextType": "PRINTED",
      "Geometry": {
        "BoundingBox": {
          "Width": 0.030214816331863403,
          "Height": 0.01742037571966648,
          "Left": 0.47853967547416687,
          "Top": 0.5108094215393066
        },
        "Polygon": [
          {
            "X": 0.47853967547416687,
            "Y": 0.5108855962753296
          },
          {
            "X": 0.5085517168045044,
            "Y": 0.5108094215393066
          },
          {
            "X": 0.5087544918060303,
            "Y": 0.528156042098999
          },
          {
            "X": 0.47874048352241516,
            "Y": 0.5282297730445862
          }
        ]
      },
      "Id": "6b453fcc-b1bb-4df8-928a-c53e0740d955",
      "Page": 1
    },
    {
      "BlockType": "WORD",
      "Confidence": 73.38947296142578,
      "Text": "+",
      "TextType": "PRINTED",
      "Geometry": {
        "BoundingBox": {
          "Width": 0.01020419504493475,
          "Height": 0.016670837998390198,
          "Left": 0.5125060677528381,
          "Top": 0.5111762881278992
        },
        "Polygon": [
          {
            "X": 0.5125060677528381,
            "Y": 0.5112016201019287
          },
          {
            "X": 0.522514820098877,
            "Y": 0.5111762881278992
          },
          {
            "X": 0.5227102637290955,
            "Y": 0.5278224945068359
          },
          {
            "X": 0.5127008557319641,
            "Y": 0.5278471112251282
          }
        ]
      },
      "Id": "d3205ab9-80b9-42fe-a0c9-49af6719e174",
      "Page": 1
    },
    {
      "BlockType": "WORD",
      "Confidence": 99.8226318359375,
      "Text": "83",
      "TextType": "PRINTED",
      "Geometry": {
        "BoundingBox": {
          "Width": 0.01577516458928585,
          "Height": 0.017205126583576202,
          "Left": 0.5262531042098999,
          "Top": 0.5107622742652893
        },
        "Polygon": [
          {
            "X": 0.5262531042098999,
            "Y": 0.5108017921447754
          },
          {
            "X": 0.541825532913208,
            "Y": 0.5107622742652893
          },
          {
            "X": 0.5420283079147339,
            "Y": 0.5279291272163391
          },
          {
            "X": 0.5264548659324646,
            "Y": 0.5279673933982849
          }
        ]
      },
      "Id": "b40ab496-b713-4270-8d40-8cf133c6676c",
      "Page": 1
    },
    {
      "BlockType": "WORD",
      "Confidence": 99.8077621459961,
      "Text": "8.9",
      "TextType": "PRINTED",
      "Geometry": {
        "BoundingBox": {
          "Width": 0.019906911998987198,
          "Height": 0.017881788313388824,
          "Left": 0.6254112124443054,
          "Top": 0.5106634497642517
        },
        "Polygon": [
          {
            "X": 0.6254112124443054,
            "Y": 0.5107133984565735
          },
          {
            "X": 0.6451006531715393,
            "Y": 0.5106634497642517
          },
          {
            "X": 0.6453181505203247,
            "Y": 0.5284969210624695
          },
          {
            "X": 0.6256273984909058,
            "Y": 0.5285452604293823
          }
        ]
      },
      "Id": "4521b540-b62f-4ef7-9aa1-0faed6a6efb3",
      "Page": 1
    },
    {
      "BlockType": "WORD",
      "Confidence": 49.48067855834961,
      "Text": "I",
      "TextType": "PRINTED",
      "Geometry": {
        "BoundingBox": {
          "Width": 0.010793683119118214,
          "Height": 0.016723638400435448,
          "Left": 0.6485066413879395,
          "Top": 0.5113469958305359
        },
        "Polygon": [
          {
            "X": 0.6485066413879395,
            "Y": 0.5113738179206848
          },
          {
            "X": 0.6590958833694458,
            "Y": 0.5113469958305359
          },
          {
            "X": 0.6593003273010254,
            "Y": 0.5280446410179138
          },
          {
            "X": 0.6487104892730713,
            "Y": 0.5280706286430359
          }
        ]
      },
      "Id": "e54942c4-754e-4a22-93a2-13b4a4b768ce",
      "Page": 1
    },
    {
      "BlockType": "WORD",
      "Confidence": 99.89089965820312,
      "Text": "0.1",
      "TextType": "PRINTED",
      "Geometry": {
        "BoundingBox": {
          "Width": 0.018754057586193085,
          "Height": 0.017559608444571495,
          "Left": 0.6625255346298218,
          "Top": 0.5107291340827942
        },
        "Polygon": [
          {
            "X": 0.6625255346298218,
            "Y": 0.5107761025428772
          },
          {
            "X": 0.681063711643219,
            "Y": 0.5107291340827942
          },
          {
            "X": 0.6812795996665955,
            "Y": 0.5282431840896606
          },
          {
            "X": 0.6627402305603027,
            "Y": 0.528288722038269
          }
        ]
      },
      "Id": "2c53a127-cc29-4844-863c-38bc4bb2c110",
      "Page": 1
    },
    {
      "BlockType": "WORD",
      "Confidence": 99.71063995361328,
      "Text": "EMG-",
      "TextType": "PRINTED",
      "Geometry": {
        "BoundingBox": {
          "Width": 0.033063311129808426,
          "Height": 0.017078503966331482,
          "Left": 0.2517152428627014,
          "Top": 0.5402342677116394
        },
        "Polygon": [
          {
            "X": 0.2517152428627014,
            "Y": 0.5403133034706116
          },
          {
            "X": 0.28459393978118896,
            "Y": 0.5402342677116394
          },
          {
            "X": 0.28477856516838074,
            "Y": 0.5572363138198853
          },
          {
            "X": 0.25189775228500366,
            "Y": 0.5573127269744873
          }
        ]
      },
      "Id": "78adb7bf-db65-42f4-8308-75e2df0aca21",
      "Page": 1
    },
    {
      "BlockType": "WORD",
      "Confidence": 99.95819091796875,
      "Text": "52.0",
      "TextType": "PRINTED",
      "Geometry": {
        "BoundingBox": {
          "Width": 0.026803314685821533,
          "Height": 0.017155319452285767,
          "Left": 0.3326866626739502,
          "Top": 0.540369987487793
        },
        "Polygon": [
          {
            "X": 0.3326866626739502,
            "Y": 0.5404338836669922
          },
          {
            "X": 0.3592996597290039,
            "Y": 0.540369987487793
          },
          {
            "X": 0.35948997735977173,
            "Y": 0.5574634671211243
          },
          {
            "X": 0.3328753113746643,
            "Y": 0.5575252771377563
          }
        ]
      },
      "Id": "be2aed8b-cfc2-441f-a671-0979229f4c46",
      "Page": 1
    },
    {
      "BlockType": "WORD",
      "Confidence": 53.12166976928711,
      "Text": "+",
      "TextType": "PRINTED",
      "Geometry": {
        "BoundingBox": {
          "Width": 0.010551892220973969,
          "Height": 0.01726119965314865,
          "Left": 0.36305004358291626,
          "Top": 0.5401661992073059
        },
        "Polygon": [
          {
            "X": 0.36305004358291626,
            "Y": 0.540191113948822
          },
          {
            "X": 0.37340909242630005,
            "Y": 0.5401661992073059
          },
          {
            "X": 0.3736019432544708,
            "Y": 0.5574033260345459
          },
          {
            "X": 0.3632422089576721,
            "Y": 0.5574274063110352
          }
        ]
      },
      "Id": "fc5895b6-98fa-4f6a-93c8-128161ecad00",
      "Page": 1
    },
    {
      "BlockType": "WORD",
      "Confidence": 99.84224700927734,
      "Text": "1.3",
      "TextType": "PRINTED",
      "Geometry": {
        "BoundingBox": {
          "Width": 0.0186599250882864,
          "Height": 0.01768481358885765,
          "Left": 0.3778666853904724,
          "Top": 0.5400691032409668
        },
        "Polygon": [
          {
            "X": 0.3778666853904724,
            "Y": 0.5401135087013245
          },
          {
            "X": 0.39632776379585266,
            "Y": 0.5400691032409668
          },
          {
            "X": 0.39652660489082336,
            "Y": 0.5577110648155212
          },
          {
            "X": 0.3780643343925476,
            "Y": 0.5577539205551147
          }
        ]
      },
      "Id": "69b19166-263c-4ee9-8bfc-55dc9a481ec7",
      "Page": 1
    },
    {
      "BlockType": "WORD",
      "Confidence": 99.96578979492188,
      "Text": "1270",
      "TextType": "PRINTED",
      "Geometry": {
        "BoundingBox": {
          "Width": 0.030224449932575226,
          "Height": 0.017398977652192116,
          "Left": 0.47857144474983215,
          "Top": 0.5401225686073303
        },
        "Polygon": [
          {
            "X": 0.47857144474983215,
            "Y": 0.5401946902275085
          },
          {
            "X": 0.5085933804512024,
            "Y": 0.5401225686073303
          },
          {
            "X": 0.5087959170341492,
            "Y": 0.5574518442153931
          },
          {
            "X": 0.47877201437950134,
            "Y": 0.5575215816497803
          }
        ]
      },
      "Id": "52bb00db-0fca-4c6d-973c-c8048c5c66c1",
      "Page": 1
    },
    {
      "BlockType": "WORD",
      "Confidence": 99.93946838378906,
      "Text": "61",
      "TextType": "PRINTED",
      "Geometry": {
        "BoundingBox": {
          "Width": 0.015017454512417316,
          "Height": 0.017329273745417595,
          "Left": 0.5262479186058044,
          "Top": 0.5402939319610596
        },
        "Polygon": [
          {
            "X": 0.5262479186058044,
            "Y": 0.5403294563293457
          },
          {
            "X": 0.5410611629486084,
            "Y": 0.5402939319610596
          },
          {
            "X": 0.5412653684616089,
            "Y": 0.5575888156890869
          },
          {
            "X": 0.5264511704444885,
            "Y": 0.5576232075691223
          }
        ]
      },
      "Id": "9e55d772-f53c-4d85-a8c8-a9c0b5e040eb",
      "Page": 1
    },
    {
      "BlockType": "WORD",
      "Confidence": 99.91309356689453,
      "Text": "4.4",
      "TextType": "PRINTED",
      "Geometry": {
        "BoundingBox": {
          "Width": 0.019505714997649193,
          "Height": 0.01760893687605858,
          "Left": 0.6255916357040405,
          "Top": 0.540237545967102
        },
        "Polygon": [
          {
            "X": 0.6255916357040405,
            "Y": 0.5402838587760925
          },
          {
            "X": 0.6448832154273987,
            "Y": 0.540237545967102
          },
          {
            "X": 0.6450973749160767,
            "Y": 0.5578017830848694
          },
          {
            "X": 0.6258044838905334,
            "Y": 0.5578464865684509
          }
        ]
      },
      "Id": "acfa54e9-d2bb-48bd-b557-25ef0af12b81",
      "Page": 1
    },
    {
      "BlockType": "WORD",
      "Confidence": 51.26145935058594,
      "Text": "+",
      "TextType": "PRINTED",
      "Geometry": {
        "BoundingBox": {
          "Width": 0.010797616094350815,
          "Height": 0.016774244606494904,
          "Left": 0.6484687328338623,
          "Top": 0.5408574342727661
        },
        "Polygon": [
          {
            "X": 0.6484687328338623,
            "Y": 0.5408828258514404
          },
          {
            "X": 0.6590613126754761,
            "Y": 0.5408574342727661
          },
          {
            "X": 0.6592663526535034,
            "Y": 0.557607114315033
          },
          {
            "X": 0.6486731767654419,
            "Y": 0.5576316714286804
          }
        ]
      },
      "Id": "68db3aee-9078-4f45-bd04-434b62e25e9d",
      "Page": 1
    },
    {
      "BlockType": "WORD",
      "Confidence": 99.97261810302734,
      "Text": "0.5",
      "TextType": "PRINTED",
      "Geometry": {
        "BoundingBox": {
          "Width": 0.0193821769207716,
          "Height": 0.01701665110886097,
          "Left": 0.6629987955093384,
          "Top": 0.5408101081848145
        },
        "Polygon": [
          {
            "X": 0.6629987955093384,
            "Y": 0.5408560633659363
          },
          {
            "X": 0.6821717023849487,
            "Y": 0.5408101081848145
          },
          {
            "X": 0.6823809742927551,
            "Y": 0.5577822923660278
          },
          {
            "X": 0.6632068753242493,
            "Y": 0.5578267574310303
          }
        ]
      },
      "Id": "2eb54f33-d2d1-4350-bd7d-9abed52c8ff1",
      "Page": 1
    },
    {
      "BlockType": "WORD",
      "Confidence": 85.13909912109375,
      "Text": "1.24",
      "TextType": "PRINTED",
      "Geometry": {
        "BoundingBox": {
          "Width": 0.02595645934343338,
          "Height": 0.016875537112355232,
          "Left": 0.2649160921573639,
          "Top": 0.5685678124427795
        },
        "Polygon": [
          {
            "X": 0.2649160921573639,
            "Y": 0.568626344203949
          },
          {
            "X": 0.2906895577907562,
            "Y": 0.5685678124427795
          },
          {
            "X": 0.2908725440502167,
            "Y": 0.5853867530822754
          },
          {
            "X": 0.2650974690914154,
            "Y": 0.5854433178901672
          }
        ]
      },
      "Id": "3681e41a-70a2-431f-a2b0-c0d78f70b51f",
      "Page": 1
    },
    {
      "BlockType": "WORD",
      "Confidence": 99.71597290039062,
      "Text": "DMG-1",
      "TextType": "PRINTED",
      "Geometry": {
        "BoundingBox": {
          "Width": 0.041661765426397324,
          "Height": 0.016998475417494774,
          "Left": 0.25173529982566833,
          "Top": 0.598151445388794
        },
        "Polygon": [
          {
            "X": 0.25173529982566833,
            "Y": 0.5982400178909302
          },
          {
            "X": 0.293212890625,
            "Y": 0.598151445388794
          },
          {
            "X": 0.29339706897735596,
            "Y": 0.6150646209716797
          },
          {
            "X": 0.2519167959690094,
            "Y": 0.615149974822998
          }
        ]
      },
      "Id": "05a77b47-fff7-42c7-a0d2-72dc98411bea",
      "Page": 1
    },
    {
      "BlockType": "WORD",
      "Confidence": 99.97211456298828,
      "Text": "70.8",
      "TextType": "PRINTED",
      "Geometry": {
        "BoundingBox": {
          "Width": 0.0271086897701025,
          "Height": 0.017725812271237373,
          "Left": 0.3323601186275482,
          "Top": 0.5977768898010254
        },
        "Polygon": [
          {
            "X": 0.3323601186275482,
            "Y": 0.5978344082832336
          },
          {
            "X": 0.3592720925807953,
            "Y": 0.5977768898010254
          },
          {
            "X": 0.35946881771087646,
            "Y": 0.6154474020004272
          },
          {
            "X": 0.33255505561828613,
            "Y": 0.6155027151107788
          }
        ]
      },
      "Id": "1a4d916d-9ceb-422e-9b63-16f2e8fb669d",
      "Page": 1
    },
    {
      "BlockType": "WORD",
      "Confidence": 40.602752685546875,
      "Text": "I",
      "TextType": "PRINTED",
      "Geometry": {
        "BoundingBox": {
          "Width": 0.010666592977941036,
          "Height": 0.01723489910364151,
          "Left": 0.3631162643432617,
          "Top": 0.5981844663619995
        },
        "Polygon": [
          {
            "X": 0.3631162643432617,
            "Y": 0.5982068181037903
          },
          {
            "X": 0.3735903203487396,
            "Y": 0.5981844663619995
          },
          {
            "X": 0.37378284335136414,
            "Y": 0.6153978109359741
          },
          {
            "X": 0.3633081316947937,
            "Y": 0.615419328212738
          }
        ]
      },
      "Id": "a1bd5607-8720-4fe2-bd82-6d10c48d8e5e",
      "Page": 1
    },
    {
      "BlockType": "WORD",
      "Confidence": 99.84717559814453,
      "Text": "1.2",
      "TextType": "PRINTED",
      "Geometry": {
        "BoundingBox": {
          "Width": 0.018986999988555908,
          "Height": 0.017720315605401993,
          "Left": 0.37791529297828674,
          "Top": 0.5975905656814575
        },
        "Polygon": [
          {
            "X": 0.37791529297828674,
            "Y": 0.5976307392120361
          },
          {
            "X": 0.39670300483703613,
            "Y": 0.5975905656814575
          },
          {
            "X": 0.39690229296684265,
            "Y": 0.6152722835540771
          },
          {
            "X": 0.378113329410553,
            "Y": 0.6153109073638916
          }
        ]
      },
      "Id": "2ef30f19-a3fb-484e-864f-78dfb61b6981",
      "Page": 1
    },
    {
      "BlockType": "WORD",
      "Confidence": 99.9698257446289,
      "Text": "1860",
      "TextType": "PRINTED",
      "Geometry": {
        "BoundingBox": {
          "Width": 0.030323024839162827,
          "Height": 0.017482977360486984,
          "Left": 0.4785900115966797,
          "Top": 0.5978760719299316
        },
        "Polygon": [
          {
            "X": 0.4785900115966797,
            "Y": 0.5979403257369995
          },
          {
            "X": 0.5087094902992249,
            "Y": 0.5978760719299316
          },
          {
            "X": 0.5089130401611328,
            "Y": 0.6152971982955933
          },
          {
            "X": 0.47879162430763245,
            "Y": 0.6153590083122253
          }
        ]
      },
      "Id": "47935190-8cb7-4223-a066-8f55b9f00c0c",
      "Page": 1
    },
    {
      "BlockType": "WORD",
      "Confidence": 47.398799896240234,
      "Text": "+",
      "TextType": "PRINTED",
      "Geometry": {
        "BoundingBox": {
          "Width": 0.010253682732582092,
          "Height": 0.01697421260178089,
          "Left": 0.5125871896743774,
          "Top": 0.5984358787536621
        },
        "Polygon": [
          {
            "X": 0.5125871896743774,
            "Y": 0.5984573364257812
          },
          {
            "X": 0.5226418972015381,
            "Y": 0.5984358787536621
          },
          {
            "X": 0.5228409171104431,
            "Y": 0.6153894662857056
          },
          {
            "X": 0.5127855539321899,
            "Y": 0.6154100894927979
          }
        ]
      },
      "Id": "638e8f11-3fca-4136-87c1-04986193cbea",
      "Page": 1
    },
    {
      "BlockType": "WORD",
      "Confidence": 99.9552993774414,
      "Text": "72",
      "TextType": "PRINTED",
      "Geometry": {
        "BoundingBox": {
          "Width": 0.015820084139704704,
          "Height": 0.017236672341823578,
          "Left": 0.5263909697532654,
          "Top": 0.5981252193450928
        },
        "Polygon": [
          {
            "X": 0.5263909697532654,
            "Y": 0.5981584787368774
          },
          {
            "X": 0.5420078635215759,
            "Y": 0.5981252193450928
          },
          {
            "X": 0.5422110557556152,
            "Y": 0.6153298020362854
          },
          {
            "X": 0.5265930891036987,
            "Y": 0.6153618693351746
          }
        ]
      },
      "Id": "0d4232e1-6a68-41fd-a257-6300188ce177",
      "Page": 1
    },
    {
      "BlockType": "WORD",
      "Confidence": 99.86241912841797,
      "Text": "7.3",
      "TextType": "PRINTED",
      "Geometry": {
        "BoundingBox": {
          "Width": 0.019505010917782784,
          "Height": 0.017635183408856392,
          "Left": 0.6254609227180481,
          "Top": 0.5979659557342529
        },
        "Polygon": [
          {
            "X": 0.6254609227180481,
            "Y": 0.598007082939148
          },
          {
            "X": 0.6447514891624451,
            "Y": 0.5979659557342529
          },
          {
            "X": 0.6449659466743469,
            "Y": 0.6155615448951721
          },
          {
            "X": 0.6256741285324097,
            "Y": 0.615601122379303
          }
        ]
      },
      "Id": "d0437882-5364-441a-976d-d66dd0b7b3b8",
      "Page": 1
    },
    {
      "BlockType": "WORD",
      "Confidence": 53.46463394165039,
      "Text": "+",
      "TextType": "PRINTED",
      "Geometry": {
        "BoundingBox": {
          "Width": 0.010625503957271576,
          "Height": 0.016823647543787956,
          "Left": 0.6488921642303467,
          "Top": 0.598696231842041
        },
        "Polygon": [
          {
            "X": 0.6488921642303467,
            "Y": 0.5987184643745422
          },
          {
            "X": 0.6593120098114014,
            "Y": 0.598696231842041
          },
          {
            "X": 0.6595177054405212,
            "Y": 0.6154985427856445
          },
          {
            "X": 0.6490972638130188,
            "Y": 0.6155198812484741
          }
        ]
      },
      "Id": "db8ee39e-749e-45e1-b162-18f3f501078b",
      "Page": 1
    },
    {
      "BlockType": "WORD",
      "Confidence": 70.90087890625,
      "Text": "0.3",
      "TextType": "PRINTED",
      "Geometry": {
        "BoundingBox": {
          "Width": 0.01962035335600376,
          "Height": 0.017458084970712662,
          "Left": 0.6626547574996948,
          "Top": 0.5979905724525452
        },
        "Polygon": [
          {
            "X": 0.6626547574996948,
            "Y": 0.5980319976806641
          },
          {
            "X": 0.6820604205131531,
            "Y": 0.5979905724525452
          },
          {
            "X": 0.682275116443634,
            "Y": 0.6154088973999023
          },
          {
            "X": 0.6628682017326355,
            "Y": 0.6154486536979675
          }
        ]
      },
      "Id": "8cac84f6-e6a7-461f-a4a4-9a97a47ee972",
      "Page": 1
    },
    {
      "BlockType": "TABLE",
      "Confidence": 99.365234375,
      "Geometry": {
        "BoundingBox": {
          "Width": 0.544283926486969,
          "Height": 0.26558607816696167,
          "Left": 0.22904936969280243,
          "Top": 0.36638393998146057
        },
        "Polygon": [
          {
            "X": 0.22904936969280243,
            "Y": 0.3681165277957916
          },
          {
            "X": 0.76998370885849,
            "Y": 0.36638393998146057
          },
          {
            "X": 0.7733333110809326,
            "Y": 0.6308985352516174
          },
          {
            "X": 0.23186197876930237,
            "Y": 0.6319699883460999
          }
        ]
      },
      "Id": "9b9367dd-6703-4bff-beef-a03b7afcd389",
      "Relationships": [
        {
          "Type": "CHILD",
          "Ids": [
            "2409cfad-df73-42e7-a6f1-854418e0f987",
            "ebdf6129-c5f7-457c-9c46-75e0ad70f55d",
            "ce4a1bd1-99e4-468e-80a1-2302eefab8b3",
            "7ebf8608-1043-40ab-9497-eaa2270f8f0b",
            "15276b45-550f-4bf2-9a64-0bd60a59765c",
            "522bffb7-63d6-4918-9599-3a6e9e507ba3",
            "e60f2813-bfec-4172-83a2-e0013eeb732c",
            "0fca7763-7687-4c21-9007-12bd98b991f4",
            "8857f2cc-b415-442b-b646-7da9b15e3a9c",
            "cb7cedc1-9e0d-46e9-b0a7-bd53cdd66561",
            "913c46ba-6689-46da-a927-bd8f9356ac70",
            "91ab9687-aefc-4f54-b049-cec8cfb8273e",
            "746e53bd-70f1-43ea-85e4-bc0eea4ee35f",
            "7f5cdbb1-d5da-47ff-af28-816de62fa993",
            "45ef22cb-f6a1-4bfb-87bd-b3d9a9e1c21f",
            "02815bdb-de9e-4190-9508-748600331ac0",
            "42e943dd-1ab4-4ef3-8972-9fc01131a564",
            "291b57af-d70c-4fa3-963a-9a7ba4722c16",
            "375a4472-5ee1-4bfe-9fb1-b98d3edc81ec",
            "a5e8d148-62d9-4c04-be70-7a7f26607f15"
          ]
        }
      ],
      "EntityTypes": [
        "STRUCTURED_TABLE"
      ],
      "Page": 1
    },
    {
      "BlockType": "CELL",
      "Confidence": 89.94140625,
      "RowIndex": 1,
      "ColumnIndex": 1,
      "RowSpan": 1,
      "ColumnSpan": 1,
      "Geometry": {
        "BoundingBox": {
          "Width": 0.0843324139714241,
          "Height": 0.07199548184871674,
          "Left": 0.22904936969280243,
          "Top": 0.3678489327430725
        },
        "Polygon": [
          {
            "X": 0.22904936969280243,
            "Y": 0.3681165277957916
          },
          {
            "X": 0.3125946819782257,
            "Y": 0.3678489327430725
          },
          {
            "X": 0.31338179111480713,
            "Y": 0.4396045506000519
          },
          {
            "X": 0.22981397807598114,
            "Y": 0.43984439969062805
          }
        ]
      },
      "Id": "2409cfad-df73-42e7-a6f1-854418e0f987",
      "Relationships": [
        {
          "Type": "CHILD",
          "Ids": [
            "4d704c02-59e4-4976-a8f5-a38faa91943d"
          ]
        }
      ],
      "EntityTypes": [
        "COLUMN_HEADER"
      ],
      "Page": 1
    },
    {
      "BlockType": "CELL",
      "Confidence": 94.23828125,
      "RowIndex": 1,
      "ColumnIndex": 2,
      "RowSpan": 1,
      "ColumnSpan": 1,
      "Geometry": {
        "BoundingBox": {
          "Width": 0.13747048377990723,
          "Height": 0.07219330221414566,
          "Left": 0.3125946819782257,
          "Top": 0.3674112558364868
        },
        "Polygon": [
          {
            "X": 0.3125946819782257,
            "Y": 0.3678489327430725
          },
          {
            "X": 0.4492412209510803,
            "Y": 0.3674112558364868
          },
          {
            "X": 0.45006516575813293,
            "Y": 0.43921226263046265
          },
          {
            "X": 0.31338179111480713,
            "Y": 0.4396045506000519
          }
        ]
      },
      "Id": "ebdf6129-c5f7-457c-9c46-75e0ad70f55d",
      "Relationships": [
        {
          "Type": "CHILD",
          "Ids": [
            "16d05f9e-7702-44f8-85af-3835a12a6398",
            "5dfc934b-15ad-4e34-a795-4d8b9bf0dcf5",
            "046e7fb2-7ebd-43df-bbb5-233d336d71ae"
          ]
        }
      ],
      "EntityTypes": [
        "COLUMN_HEADER"
      ],
      "Page": 1
    },
    {
      "BlockType": "CELL",
      "Confidence": 94.677734375,
      "RowIndex": 1,
      "ColumnIndex": 3,
      "RowSpan": 1,
      "ColumnSpan": 1,
      "Geometry": {
        "BoundingBox": {
          "Width": 0.14909327030181885,
          "Height": 0.07227576524019241,
          "Left": 0.4492412209510803,
          "Top": 0.36693647503852844
        },
        "Polygon": [
          {
            "X": 0.4492412209510803,
            "Y": 0.3674112558364868
          },
          {
            "X": 0.5974705815315247,
            "Y": 0.36693647503852844
          },
          {
            "X": 0.5983344912528992,
            "Y": 0.43878668546676636
          },
          {
            "X": 0.45006516575813293,
            "Y": 0.43921226263046265
          }
        ]
      },
      "Id": "ce4a1bd1-99e4-468e-80a1-2302eefab8b3",
      "Relationships": [
        {
          "Type": "CHILD",
          "Ids": [
            "7b5ac8a7-59df-4ce0-b3e7-b8a5fa23ff10",
            "773a8fb8-28f9-4ebf-a1a7-f7a233fc2aa7",
            "b4619aa6-2170-4339-8253-2c082cb10dfe"
          ]
        }
      ],
      "EntityTypes": [
        "COLUMN_HEADER"
      ],
      "Page": 1
    },
    {
      "BlockType": "CELL",
      "Confidence": 95.3125,
      "RowIndex": 1,
      "ColumnIndex": 4,
      "RowSpan": 1,
      "ColumnSpan": 1,
      "Geometry": {
        "BoundingBox": {
          "Width": 0.17342370748519897,
          "Height": 0.07240276038646698,
          "Left": 0.5974705815315247,
          "Top": 0.36638393998146057
        },
        "Polygon": [
          {
            "X": 0.5974705815315247,
            "Y": 0.36693647503852844
          },
          {
            "X": 0.76998370885849,
            "Y": 0.36638393998146057
          },
          {
            "X": 0.7708942890167236,
            "Y": 0.43829143047332764
          },
          {
            "X": 0.5983344912528992,
            "Y": 0.43878668546676636
          }
        ]
      },
      "Id": "7ebf8608-1043-40ab-9497-eaa2270f8f0b",
      "Relationships": [
        {
          "Type": "CHILD",
          "Ids": [
            "648b7643-00b1-4658-aac4-6ea62e406b99",
            "b4492268-956b-4eb8-9320-da9bc05f8e9d",
            "17c7f047-863b-4f49-85c1-8b20bdc9a711",
            "7f026e35-b373-4c61-8225-a5c9c277f1e1"
          ]
        }
      ],
      "EntityTypes": [
        "COLUMN_HEADER"
      ],
      "Page": 1
    },
    {
      "BlockType": "CELL",
      "Confidence": 39.5263671875,
      "RowIndex": 2,
      "ColumnIndex": 1,
      "RowSpan": 1,
      "ColumnSpan": 1,
      "Geometry": {
        "BoundingBox": {
          "Width": 0.08428280800580978,
          "Height": 0.06539718061685562,
          "Left": 0.22981397807598114,
          "Top": 0.4396045506000519
        },
        "Polygon": [
          {
            "X": 0.22981397807598114,
            "Y": 0.43984439969062805
          },
          {
            "X": 0.31338179111480713,
            "Y": 0.4396045506000519
          },
          {
            "X": 0.3140967786312103,
            "Y": 0.5047870874404907
          },
          {
            "X": 0.23050853610038757,
            "Y": 0.5050017237663269
          }
        ]
      },
      "Id": "15276b45-550f-4bf2-9a64-0bd60a59765c",
      "Relationships": [
        {
          "Type": "CHILD",
          "Ids": [
            "98f9ddb8-b16c-4fcb-a849-19f3166301c2",
            "98210bc4-837c-46bb-99f3-65aca6565232"
          ]
        }
      ],
      "Page": 1
    },
    {
      "BlockType": "CELL",
      "Confidence": 41.40625,
      "RowIndex": 2,
      "ColumnIndex": 2,
      "RowSpan": 1,
      "ColumnSpan": 1,
      "Geometry": {
        "BoundingBox": {
          "Width": 0.13743184506893158,
          "Height": 0.06557483971118927,
          "Left": 0.31338179111480713,
          "Top": 0.43921226263046265
        },
        "Polygon": [
          {
            "X": 0.31338179111480713,
            "Y": 0.4396045506000519
          },
          {
            "X": 0.45006516575813293,
            "Y": 0.43921226263046265
          },
          {
            "X": 0.4508136212825775,
            "Y": 0.5044360160827637
          },
          {
            "X": 0.3140967786312103,
            "Y": 0.5047870874404907
          }
        ]
      },
      "Id": "522bffb7-63d6-4918-9599-3a6e9e507ba3",
      "Relationships": [
        {
          "Type": "CHILD",
          "Ids": [
            "b7a938e5-7855-43f5-b69b-e8b0d982e220",
            "cc569378-86bc-42c6-b17b-dac5f7c40a0d"
          ]
        }
      ],
      "Page": 1
    },
    {
      "BlockType": "CELL",
      "Confidence": 41.6259765625,
      "RowIndex": 2,
      "ColumnIndex": 3,
      "RowSpan": 1,
      "ColumnSpan": 1,
      "Geometry": {
        "BoundingBox": {
          "Width": 0.1490541398525238,
          "Height": 0.06564932316541672,
          "Left": 0.45006516575813293,
          "Top": 0.43878668546676636
        },
        "Polygon": [
          {
            "X": 0.45006516575813293,
            "Y": 0.43921226263046265
          },
          {
            "X": 0.5983344912528992,
            "Y": 0.43878668546676636
          },
          {
            "X": 0.5991193056106567,
            "Y": 0.5040552020072937
          },
          {
            "X": 0.4508136212825775,
            "Y": 0.5044360160827637
          }
        ]
      },
      "Id": "e60f2813-bfec-4172-83a2-e0013eeb732c",
      "Relationships": [
        {
          "Type": "CHILD",
          "Ids": [
            "485b8f5a-17b4-4a23-b07c-46af4ff403d4",
            "e70870f1-37cd-463f-9165-0e0c8d878385",
            "0ab935c4-42ea-4634-a7ec-4ebef4481e92"
          ]
        }
      ],
      "Page": 1
    },
    {
      "BlockType": "CELL",
      "Confidence": 41.89453125,
      "RowIndex": 2,
      "ColumnIndex": 4,
      "RowSpan": 1,
      "ColumnSpan": 1,
      "Geometry": {
        "BoundingBox": {
          "Width": 0.17338693141937256,
          "Height": 0.06576377153396606,
          "Left": 0.5983344912528992,
          "Top": 0.43829143047332764
        },
        "Polygon": [
          {
            "X": 0.5983344912528992,
            "Y": 0.43878668546676636
          },
          {
            "X": 0.7708942890167236,
            "Y": 0.43829143047332764
          },
          {
            "X": 0.7717214226722717,
            "Y": 0.5036119818687439
          },
          {
            "X": 0.5991193056106567,
            "Y": 0.5040552020072937
          }
        ]
      },
      "Id": "0fca7763-7687-4c21-9007-12bd98b991f4",
      "Relationships": [
        {
          "Type": "CHILD",
          "Ids": [
            "241a53fb-6a5d-4bdb-bcf7-1ca72b23aec6",
            "1a8b4154-c87a-49a3-8c3b-ffe4d160cb3f",
            "be063b69-8e49-436a-b8df-c9bdab778d13"
          ]
        }
      ],
      "Page": 1
    },
    {
      "BlockType": "CELL",
      "Confidence": 62.3046875,
      "RowIndex": 3,
      "ColumnIndex": 1,
      "RowSpan": 1,
      "ColumnSpan": 1,
      "Geometry": {
        "BoundingBox": {
          "Width": 0.08392563462257385,
          "Height": 0.030960144475102425,
          "Left": 0.23050853610038757,
          "Top": 0.5047870874404907
        },
        "Polygon": [
          {
            "X": 0.23050853610038757,
            "Y": 0.5050017237663269
          },
          {
            "X": 0.3140967786312103,
            "Y": 0.5047870874404907
          },
          {
            "X": 0.3144341707229614,
            "Y": 0.5355445146560669
          },
          {
            "X": 0.23083627223968506,
            "Y": 0.535747230052948
          }
        ]
      },
      "Id": "8857f2cc-b415-442b-b646-7da9b15e3a9c",
      "Relationships": [
        {
          "Type": "CHILD",
          "Ids": [
            "114a216e-1939-4027-8560-cbf1d36f108d"
          ]
        }
      ],
      "Page": 1
    },
    {
      "BlockType": "CELL",
      "Confidence": 65.234375,
      "RowIndex": 3,
      "ColumnIndex": 2,
      "RowSpan": 1,
      "ColumnSpan": 1,
      "Geometry": {
        "BoundingBox": {
          "Width": 0.13707001507282257,
          "Height": 0.031108470633625984,
          "Left": 0.3140967786312103,
          "Top": 0.5044360160827637
        },
        "Polygon": [
          {
            "X": 0.3140967786312103,
            "Y": 0.5047870874404907
          },
          {
            "X": 0.4508136212825775,
            "Y": 0.5044360160827637
          },
          {
            "X": 0.4511668086051941,
            "Y": 0.5352128744125366
          },
          {
            "X": 0.3144341707229614,
            "Y": 0.5355445146560669
          }
        ]
      },
      "Id": "cb7cedc1-9e0d-46e9-b0a7-bd53cdd66561",
      "Relationships": [
        {
          "Type": "CHILD",
          "Ids": [
            "e1ccdf6a-6195-4dd4-9b8a-a332f5d8f60d",
            "1964e70c-95a3-4513-866b-530db44198f9",
            "7acceacc-7af2-4cc2-a356-2807da636dc9"
          ]
        }
      ],
      "Page": 1
    },
    {
      "BlockType": "CELL",
      "Confidence": 65.576171875,
      "RowIndex": 3,
      "ColumnIndex": 3,
      "RowSpan": 1,
      "ColumnSpan": 1,
      "Geometry": {
        "BoundingBox": {
          "Width": 0.14867600798606873,
          "Height": 0.03115769289433956,
          "Left": 0.4508136212825775,
          "Top": 0.5040552020072937
        },
        "Polygon": [
          {
            "X": 0.4508136212825775,
            "Y": 0.5044360160827637
          },
          {
            "X": 0.5991193056106567,
            "Y": 0.5040552020072937
          },
          {
            "X": 0.5994896292686462,
            "Y": 0.5348531603813171
          },
          {
            "X": 0.4511668086051941,
            "Y": 0.5352128744125366
          }
        ]
      },
      "Id": "913c46ba-6689-46da-a927-bd8f9356ac70",
      "Relationships": [
        {
          "Type": "CHILD",
          "Ids": [
            "6b453fcc-b1bb-4df8-928a-c53e0740d955",
            "d3205ab9-80b9-42fe-a0c9-49af6719e174",
            "b40ab496-b713-4270-8d40-8cf133c6676c"
          ]
        }
      ],
      "Page": 1
    },
    {
      "BlockType": "CELL",
      "Confidence": 66.015625,
      "RowIndex": 3,
      "ColumnIndex": 4,
      "RowSpan": 1,
      "ColumnSpan": 1,
      "Geometry": {
        "BoundingBox": {
          "Width": 0.17299243807792664,
          "Height": 0.031241195276379585,
          "Left": 0.5991193056106567,
          "Top": 0.5036119818687439
        },
        "Polygon": [
          {
            "X": 0.5991193056106567,
            "Y": 0.5040552020072937
          },
          {
            "X": 0.7717214226722717,
            "Y": 0.5036119818687439
          },
          {
            "X": 0.7721117734909058,
            "Y": 0.5344345569610596
          },
          {
            "X": 0.5994896292686462,
            "Y": 0.5348531603813171
          }
        ]
      },
      "Id": "91ab9687-aefc-4f54-b049-cec8cfb8273e",
      "Relationships": [
        {
          "Type": "CHILD",
          "Ids": [
            "4521b540-b62f-4ef7-9aa1-0faed6a6efb3",
            "e54942c4-754e-4a22-93a2-13b4a4b768ce",
            "2c53a127-cc29-4844-863c-38bc4bb2c110"
          ]
        }
      ],
      "Page": 1
    },
    {
      "BlockType": "CELL",
      "Confidence": 36.23046875,
      "RowIndex": 4,
      "ColumnIndex": 1,
      "RowSpan": 1,
      "ColumnSpan": 1,
      "Geometry": {
        "BoundingBox": {
          "Width": 0.08421888202428818,
          "Height": 0.05679275467991829,
          "Left": 0.23083627223968506,
          "Top": 0.5355445146560669
        },
        "Polygon": [
          {
            "X": 0.23083627223968506,
            "Y": 0.535747230052948
          },
          {
            "X": 0.3144341707229614,
            "Y": 0.5355445146560669
          },
          {
            "X": 0.31505516171455383,
            "Y": 0.5921564102172852
          },
          {
            "X": 0.2314395010471344,
            "Y": 0.5923372507095337
          }
        ]
      },
      "Id": "746e53bd-70f1-43ea-85e4-bc0eea4ee35f",
      "Relationships": [
        {
          "Type": "CHILD",
          "Ids": [
            "78adb7bf-db65-42f4-8308-75e2df0aca21",
            "3681e41a-70a2-431f-a2b0-c0d78f70b51f"
          ]
        }
      ],
      "Page": 1
    },
    {
      "BlockType": "CELL",
      "Confidence": 37.939453125,
      "RowIndex": 4,
      "ColumnIndex": 2,
      "RowSpan": 1,
      "ColumnSpan": 1,
      "Geometry": {
        "BoundingBox": {
          "Width": 0.13738268613815308,
          "Height": 0.05694352835416794,
          "Left": 0.3144341707229614,
          "Top": 0.5352128744125366
        },
        "Polygon": [
          {
            "X": 0.3144341707229614,
            "Y": 0.5355445146560669
          },
          {
            "X": 0.4511668086051941,
            "Y": 0.5352128744125366
          },
          {
            "X": 0.4518168568611145,
            "Y": 0.5918606519699097
          },
          {
            "X": 0.31505516171455383,
            "Y": 0.5921564102172852
          }
        ]
      },
      "Id": "7f5cdbb1-d5da-47ff-af28-816de62fa993",
      "Relationships": [
        {
          "Type": "CHILD",
          "Ids": [
            "be2aed8b-cfc2-441f-a671-0979229f4c46",
            "fc5895b6-98fa-4f6a-93c8-128161ecad00",
            "69b19166-263c-4ee9-8bfc-55dc9a481ec7"
          ]
        }
      ],
      "Page": 1
    },
    {
      "BlockType": "CELL",
      "Confidence": 38.134765625,
      "RowIndex": 4,
      "ColumnIndex": 3,
      "RowSpan": 1,
      "ColumnSpan": 1,
      "Geometry": {
        "BoundingBox": {
          "Width": 0.14900445938110352,
          "Height": 0.05700747296214104,
          "Left": 0.4511668086051941,
          "Top": 0.5348531603813171
        },
        "Polygon": [
          {
            "X": 0.4511668086051941,
            "Y": 0.5352128744125366
          },
          {
            "X": 0.5994896292686462,
            "Y": 0.5348531603813171
          },
          {
            "X": 0.6001712679862976,
            "Y": 0.5915398001670837
          },
          {
            "X": 0.4518168568611145,
            "Y": 0.5918606519699097
          }
        ]
      },
      "Id": "45ef22cb-f6a1-4bfb-87bd-b3d9a9e1c21f",
      "Relationships": [
        {
          "Type": "CHILD",
          "Ids": [
            "52bb00db-0fca-4c6d-973c-c8048c5c66c1",
            "9e55d772-f53c-4d85-a8c8-a9c0b5e040eb"
          ]
        }
      ],
      "Page": 1
    },
    {
      "BlockType": "CELL",
      "Confidence": 38.37890625,
      "RowIndex": 4,
      "ColumnIndex": 4,
      "RowSpan": 1,
      "ColumnSpan": 1,
      "Geometry": {
        "BoundingBox": {
          "Width": 0.17334052920341492,
          "Height": 0.057105276733636856,
          "Left": 0.5994896292686462,
          "Top": 0.5344345569610596
        },
        "Polygon": [
          {
            "X": 0.5994896292686462,
            "Y": 0.5348531603813171
          },
          {
            "X": 0.7721117734909058,
            "Y": 0.5344345569610596
          },
          {
            "X": 0.7728301882743835,
            "Y": 0.5911663770675659
          },
          {
            "X": 0.6001712679862976,
            "Y": 0.5915398001670837
          }
        ]
      },
      "Id": "02815bdb-de9e-4190-9508-748600331ac0",
      "Relationships": [
        {
          "Type": "CHILD",
          "Ids": [
            "acfa54e9-d2bb-48bd-b557-25ef0af12b81",
            "68db3aee-9078-4f45-bd04-434b62e25e9d",
            "2eb54f33-d2d1-4350-bd7d-9abed52c8ff1"
          ]
        }
      ],
      "Page": 1
    },
    {
      "BlockType": "CELL",
      "Confidence": 49.70703125,
      "RowIndex": 5,
      "ColumnIndex": 1,
      "RowSpan": 1,
      "ColumnSpan": 1,
      "Geometry": {
        "BoundingBox": {
          "Width": 0.08405055105686188,
          "Height": 0.03981360048055649,
          "Left": 0.2314395010471344,
          "Top": 0.5921564102172852
        },
        "Polygon": [
          {
            "X": 0.2314395010471344,
            "Y": 0.5923372507095337
          },
          {
            "X": 0.31505516171455383,
            "Y": 0.5921564102172852
          },
          {
            "X": 0.31549006700515747,
            "Y": 0.6318045258522034
          },
          {
            "X": 0.23186197876930237,
            "Y": 0.6319699883460999
          }
        ]
      },
      "Id": "42e943dd-1ab4-4ef3-8972-9fc01131a564",
      "Relationships": [
        {
          "Type": "CHILD",
          "Ids": [
            "05a77b47-fff7-42c7-a0d2-72dc98411bea"
          ]
        }
      ],
      "Page": 1
    },
    {
      "BlockType": "CELL",
      "Confidence": 52.05078125,
      "RowIndex": 5,
      "ColumnIndex": 2,
      "RowSpan": 1,
      "ColumnSpan": 1,
      "Geometry": {
        "BoundingBox": {
          "Width": 0.1372169554233551,
          "Height": 0.0399438850581646,
          "Left": 0.31505516171455383,
          "Top": 0.5918606519699097
        },
        "Polygon": [
          {
            "X": 0.31505516171455383,
            "Y": 0.5921564102172852
          },
          {
            "X": 0.4518168568611145,
            "Y": 0.5918606519699097
          },
          {
            "X": 0.45227211713790894,
            "Y": 0.6315338611602783
          },
          {
            "X": 0.31549006700515747,
            "Y": 0.6318045258522034
          }
        ]
      },
      "Id": "291b57af-d70c-4fa3-963a-9a7ba4722c16",
      "Relationships": [
        {
          "Type": "CHILD",
          "Ids": [
            "1a4d916d-9ceb-422e-9b63-16f2e8fb669d",
            "a1bd5607-8720-4fe2-bd82-6d10c48d8e5e",
            "2ef30f19-a3fb-484e-864f-78dfb61b6981"
          ]
        }
      ],
      "Page": 1
    },
    {
      "BlockType": "CELL",
      "Confidence": 52.34375,
      "RowIndex": 5,
      "ColumnIndex": 3,
      "RowSpan": 1,
      "ColumnSpan": 1,
      "Geometry": {
        "BoundingBox": {
          "Width": 0.14883176982402802,
          "Height": 0.03999406471848488,
          "Left": 0.4518168568611145,
          "Top": 0.5915398001670837
        },
        "Polygon": [
          {
            "X": 0.4518168568611145,
            "Y": 0.5918606519699097
          },
          {
            "X": 0.6001712679862976,
            "Y": 0.5915398001670837
          },
          {
            "X": 0.6006486415863037,
            "Y": 0.6312402486801147
          },
          {
            "X": 0.45227211713790894,
            "Y": 0.6315338611602783
          }
        ]
      },
      "Id": "375a4472-5ee1-4bfe-9fb1-b98d3edc81ec",
      "Relationships": [
        {
          "Type": "CHILD",
          "Ids": [
            "47935190-8cb7-4223-a066-8f55b9f00c0c",
            "638e8f11-3fca-4136-87c1-04986193cbea",
            "0d4232e1-6a68-41fd-a257-6300188ce177"
          ]
        }
      ],
      "Page": 1
    },
    {
      "BlockType": "CELL",
      "Confidence": 52.685546875,
      "RowIndex": 5,
      "ColumnIndex": 4,
      "RowSpan": 1,
      "ColumnSpan": 1,
      "Geometry": {
        "BoundingBox": {
          "Width": 0.173162043094635,
          "Height": 0.04007386043667793,
          "Left": 0.6001712679862976,
          "Top": 0.5911663770675659
        },
        "Polygon": [
          {
            "X": 0.6001712679862976,
            "Y": 0.5915398001670837
          },
          {
            "X": 0.7728301882743835,
            "Y": 0.5911663770675659
          },
          {
            "X": 0.7733333110809326,
            "Y": 0.6308985352516174
          },
          {
            "X": 0.6006486415863037,
            "Y": 0.6312402486801147
          }
        ]
      },
      "Id": "a5e8d148-62d9-4c04-be70-7a7f26607f15",
      "Relationships": [
        {
          "Type": "CHILD",
          "Ids": [
            "d0437882-5364-441a-976d-d66dd0b7b3b8",
            "db8ee39e-749e-45e1-b162-18f3f501078b",
            "8cac84f6-e6a7-461f-a4a4-9a97a47ee972"
          ]
        }
      ],
      "Page": 1
    }
  ],
  "AnalyzeDocumentModelVersion": "1.0"
}