{
  "DocumentMetadata": {
    "Pages": 1
  },
  "JobStatus": "SUCCEEDED",
  "Blocks": [
    {
      "BlockType": "PAGE",
      "Geometry": {
        "BoundingBox": {
          "Width": 1,
          "Height": 1,
          "Left": 0,
          "Top": 0
        },
        "Polygon": [
          {
            "X": 0,
            "Y": 0
          },
          {
            "X": 1,
            "Y": 0.0000013465435131365666
          },
          {
            "X": 1,
            "Y": 1
          },
          {
            "X": 0.00003119935718132183,
            "Y": 1
          }
        ]
      },
      "Id": "0931758e-8e51-41a6-9132-0d12de2f9fe0",
      "Relationships": [
        {
          "Type": "CHILD",
          "Ids": [
            "d92f4482-bc62-4f2f-bf9b-6dccbe41aa39",
            "7798d97f-7bb7-4e7e-a6e7-54f936babbd0",
            "7bed3f5f-b860-4429-bcdc-48ed3b21e363",
            "3a79a09b-fbaf-4b66-9648-32ce918706cd",
            "5f6c6377-9395-47d8-b7b5-7f7eaaebd855",
            "8fe01e1d-c9df-4fb8-bcfa-4399b0894152",
            "c593785a-14e4-47f1-b4df-98c5c1369da5",
            "a843ab82-d8cd-403d-881d-b7140835cb7f",
            "12018fa6-0c1a-4a05-b0b5-cf73acd3d059"
          ]
        }
      ],
      "Page": 1
    },
    {
      "BlockType": "LINE",
      "Confidence": 99.89652252197266,
      "Text": "Sample",
      "Geometry": {
        "BoundingBox": {
          "Width": 0.043941937386989594,
          "Height": 0.02458888292312622,
          "Left": 0.2491881102323532,
          "Top": 0.424302339553833
        },
        "Polygon": [
          {
            "X": 0.2491881102323532,
            "Y": 0.424302339553833
          },
          {
            "X": 0.29292282462120056,
            "Y": 0.4243069291114807
          },
          {
            "X": 0.2931300401687622,
            "Y": 0.44889122247695923
          },
          {
            "X": 0.2493969202041626,
            "Y": 0.44889092445373535
          }
        ]
      },
      "Id": "d92f4482-bc62-4f2f-bf9b-6dccbe41aa39",
      "Relationships": [
        {
          "Type": "CHILD",
          "Ids": [
            "b78a29e7-9ca3-4a5e-9613-34b7b4fe4fec"
          ]
        }
      ],
      "Page": 1
    },
    {
      "BlockType": "LINE",
      "Confidence": 89.55374145507812,
      "Text": "Charpy impact strength, J/cm2",
      "Geometry": {
        "BoundingBox": {
          "Width": 0.18876145780086517,
          "Height": 0.03044380247592926,
          "Left": 0.5703883171081543,
          "Top": 0.41889506578445435
        },
        "Polygon": [
          {
            "X": 0.5703883171081543,
            "Y": 0.41889506578445435
          },
          {
            "X": 0.7589138746261597,
            "Y": 0.4189188778400421
          },
          {
            "X": 0.7591497898101807,
            "Y": 0.4493388533592224
          },
          {
            "X": 0.5706326961517334,
            "Y": 0.4493378698825836
          }
        ]
      },
      "Id": "7798d97f-7bb7-4e7e-a6e7-54f936babbd0",
      "Relationships": [
        {
          "Type": "CHILD",
          "Ids": [
            "37fb8b65-81c7-4b83-aee6-107e3fb4ab34",
            "ec0c0087-e359-4ff9-92fe-d2ff7ed21dbb",
            "94cd33ea-bfd2-42d9-8f9e-206b990cb155",
            "551fe7dc-fbc9-4c6d-a632-45999a756f0d"
          ]
        }
      ],
      "Page": 1
    },
    {
      "BlockType": "LINE",
      "Confidence": 95.99008178710938,
      "Text": "LCERmezophase/DAT",
      "Geometry": {
        "BoundingBox": {
          "Width": 0.11458450555801392,
          "Height": 0.026284780353307724,
          "Left": 0.24943408370018005,
          "Top": 0.4869384169578552
        },
        "Polygon": [
          {
            "X": 0.24943408370018005,
            "Y": 0.4869548976421356
          },
          {
            "X": 0.36379995942115784,
            "Y": 0.4869384169578552
          },
          {
            "X": 0.36401858925819397,
            "Y": 0.5131947994232178
          },
          {
            "X": 0.24965716898441315,
            "Y": 0.5132231712341309
          }
        ]
      },
      "Id": "7bed3f5f-b860-4429-bcdc-48ed3b21e363",
      "Relationships": [
        {
          "Type": "CHILD",
          "Ids": [
            "60dcfd0e-8c44-4d62-a0ea-8a5f928e990a"
          ]
        }
      ],
      "Page": 1
    },
    {
      "BlockType": "LINE",
      "Confidence": 96.09120178222656,
      "Text": "> 170",
      "Geometry": {
        "BoundingBox": {
          "Width": 0.037663985043764114,
          "Height": 0.0193783026188612,
          "Left": 0.5746368169784546,
          "Top": 0.48698723316192627
        },
        "Polygon": [
          {
            "X": 0.5746368169784546,
            "Y": 0.48699265718460083
          },
          {
            "X": 0.6121464967727661,
            "Y": 0.48698723316192627
          },
          {
            "X": 0.6123008131980896,
            "Y": 0.5063572525978088
          },
          {
            "X": 0.5747922658920288,
            "Y": 0.5063655376434326
          }
        ]
      },
      "Id": "3a79a09b-fbaf-4b66-9648-32ce918706cd",
      "Relationships": [
        {
          "Type": "CHILD",
          "Ids": [
            "186c1957-58a3-4fd6-9737-77c95a1b33ae",
            "8f42888c-921e-41f8-8670-91a4136f1dc0"
          ]
        }
      ],
      "Page": 1
    },
    {
      "BlockType": "LINE",
      "Confidence": 82.0213851928711,
      "Text": "LCERisotropic/DAT",
      "Geometry": {
        "BoundingBox": {
          "Width": 0.10629935562610626,
          "Height": 0.02547479048371315,
          "Left": 0.24871006608009338,
          "Top": 0.5196001529693604
        },
        "Polygon": [
          {
            "X": 0.24871006608009338,
            "Y": 0.5196292400360107
          },
          {
            "X": 0.3547973036766052,
            "Y": 0.5196001529693604
          },
          {
            "X": 0.35500943660736084,
            "Y": 0.545035183429718
          },
          {
            "X": 0.24892620742321014,
            "Y": 0.5450749397277832
          }
        ]
      },
      "Id": "5f6c6377-9395-47d8-b7b5-7f7eaaebd855",
      "Relationships": [
        {
          "Type": "CHILD",
          "Ids": [
            "1b03ab48-97c6-4097-acc5-3245e03434b2"
          ]
        }
      ],
      "Page": 1
    },
    {
      "BlockType": "LINE",
      "Confidence": 97.0535659790039,
      "Text": "> 170",
      "Geometry": {
        "BoundingBox": {
          "Width": 0.037431083619594574,
          "Height": 0.019078131765127182,
          "Left": 0.5746954083442688,
          "Top": 0.5191841125488281
        },
        "Polygon": [
          {
            "X": 0.5746954083442688,
            "Y": 0.5191942453384399
          },
          {
            "X": 0.6119745969772339,
            "Y": 0.5191841125488281
          },
          {
            "X": 0.6121265292167664,
            "Y": 0.5382492542266846
          },
          {
            "X": 0.5748484134674072,
            "Y": 0.5382621884346008
          }
        ]
      },
      "Id": "8fe01e1d-c9df-4fb8-bcfa-4399b0894152",
      "Relationships": [
        {
          "Type": "CHILD",
          "Ids": [
            "6d6b130e-979d-484b-bb36-2f3368c32210",
            "0a15d47c-ffaf-4701-8353-9cefcf6131c5"
          ]
        }
      ],
      "Page": 1
    },
    {
      "BlockType": "LINE",
      "Confidence": 90.05437469482422,
      "Text": "LCERmezophase/DAT/Carbon Fibre",
      "Geometry": {
        "BoundingBox": {
          "Width": 0.19944733381271362,
          "Height": 0.026133570820093155,
          "Left": 0.251003235578537,
          "Top": 0.5509262681007385
        },
        "Polygon": [
          {
            "X": 0.251003235578537,
            "Y": 0.5510056018829346
          },
          {
            "X": 0.4502370357513428,
            "Y": 0.5509262681007385
          },
          {
            "X": 0.4504505693912506,
            "Y": 0.5769598484039307
          },
          {
            "X": 0.25122448801994324,
            "Y": 0.577059805393219
          }
        ]
      },
      "Id": "c593785a-14e4-47f1-b4df-98c5c1369da5",
      "Relationships": [
        {
          "Type": "CHILD",
          "Ids": [
            "441d278b-900e-4dd3-9ebf-b637a77980ac",
            "13c9497c-8130-4c71-8b5d-9267744e00bc"
          ]
        }
      ],
      "Page": 1
    },
    {
      "BlockType": "LINE",
      "Confidence": 99.86122131347656,
      "Text": "7.61",
      "Geometry": {
        "BoundingBox": {
          "Width": 0.025935757905244827,
          "Height": 0.01899113319814205,
          "Left": 0.569891095161438,
          "Top": 0.5517818927764893
        },
        "Polygon": [
          {
            "X": 0.569891095161438,
            "Y": 0.5517922639846802
          },
          {
            "X": 0.5956752300262451,
            "Y": 0.5517818927764893
          },
          {
            "X": 0.5958268642425537,
            "Y": 0.5707607269287109
          },
          {
            "X": 0.5700435042381287,
            "Y": 0.5707730054855347
          }
        ]
      },
      "Id": "a843ab82-d8cd-403d-881d-b7140835cb7f",
      "Relationships": [
        {
          "Type": "CHILD",
          "Ids": [
            "a0043e8a-286b-40f0-b766-6ddc21129545"
          ]
        }
      ],
      "Page": 1
    },
    {
      "BlockType": "WORD",
      "Confidence": 99.89652252197266,
      "Text": "Sample",
      "TextType": "PRINTED",
      "Geometry": {
        "BoundingBox": {
          "Width": 0.043941937386989594,
          "Height": 0.02458888292312622,
          "Left": 0.2491881102323532,
          "Top": 0.424302339553833
        },
        "Polygon": [
          {
            "X": 0.2491881102323532,
            "Y": 0.424302339553833
          },
          {
            "X": 0.29292282462120056,
            "Y": 0.4243069291114807
          },
          {
            "X": 0.2931300401687622,
            "Y": 0.44889122247695923
          },
          {
            "X": 0.2493969202041626,
            "Y": 0.44889092445373535
          }
        ]
      },
      "Id": "b78a29e7-9ca3-4a5e-9613-34b7b4fe4fec",
      "Page": 1
    },
    {
      "BlockType": "WORD",
      "Confidence": 99.8560562133789,
      "Text": "Charpy",
      "TextType": "PRINTED",
      "Geometry": {
        "BoundingBox": {
          "Width": 0.04330528900027275,
          "Height": 0.02426755055785179,
          "Left": 0.5704350471496582,
          "Top": 0.42471790313720703
        },
        "Polygon": [
          {
            "X": 0.5704350471496582,
            "Y": 0.42471790313720703
          },
          {
            "X": 0.6135470867156982,
            "Y": 0.4247223436832428
          },
          {
            "X": 0.6137403249740601,
            "Y": 0.44898542761802673
          },
          {
            "X": 0.5706298351287842,
            "Y": 0.44898515939712524
          }
        ]
      },
      "Id": "37fb8b65-81c7-4b83-aee6-107e3fb4ab34",
      "Page": 1
    },
    {
      "BlockType": "WORD",
      "Confidence": 99.93620300292969,
      "Text": "impact",
      "TextType": "PRINTED",
      "Geometry": {
        "BoundingBox": {
          "Width": 0.04163771867752075,
          "Height": 0.024670815095305443,
          "Left": 0.6179519295692444,
          "Top": 0.4245186746120453
        },
        "Polygon": [
          {
            "X": 0.6179519295692444,
            "Y": 0.4245186746120453
          },
          {
            "X": 0.6593948006629944,
            "Y": 0.4245229959487915
          },
          {
            "X": 0.6595896482467651,
            "Y": 0.4491894841194153
          },
          {
            "X": 0.6181482076644897,
            "Y": 0.4491892457008362
          }
        ]
      },
      "Id": "ec0c0087-e359-4ff9-92fe-d2ff7ed21dbb",
      "Page": 1
    },
    {
      "BlockType": "WORD",
      "Confidence": 99.76010131835938,
      "Text": "strength,",
      "TextType": "PRINTED",
      "Geometry": {
        "BoundingBox": {
          "Width": 0.05311880260705948,
          "Height": 0.02554207667708397,
          "Left": 0.6629759669303894,
          "Top": 0.42379656434059143
        },
        "Polygon": [
          {
            "X": 0.6629759669303894,
            "Y": 0.42379656434059143
          },
          {
            "X": 0.7158951759338379,
            "Y": 0.4238021969795227
          },
          {
            "X": 0.7160947918891907,
            "Y": 0.4493386149406433
          },
          {
            "X": 0.6631775498390198,
            "Y": 0.4493383467197418
          }
        ]
      },
      "Id": "94cd33ea-bfd2-42d9-8f9e-206b990cb155",
      "Page": 1
    },
    {
      "BlockType": "WORD",
      "Confidence": 58.66261291503906,
      "Text": "J/cm2",
      "TextType": "PRINTED",
      "Geometry": {
        "BoundingBox": {
          "Width": 0.039368636906147,
          "Height": 0.027531318366527557,
          "Left": 0.7197586894035339,
          "Top": 0.41891393065452576
        },
        "Polygon": [
          {
            "X": 0.7197586894035339,
            "Y": 0.41891393065452576
          },
          {
            "X": 0.7589138746261597,
            "Y": 0.4189188778400421
          },
          {
            "X": 0.7591273188591003,
            "Y": 0.4464452266693115
          },
          {
            "X": 0.7199737429618835,
            "Y": 0.446444571018219
          }
        ]
      },
      "Id": "551fe7dc-fbc9-4c6d-a632-45999a756f0d",
      "Page": 1
    },
    {
      "BlockType": "WORD",
      "Confidence": 95.99008178710938,
      "Text": "LCERmezophase/DAT",
      "TextType": "PRINTED",
      "Geometry": {
        "BoundingBox": {
          "Width": 0.11458450555801392,
          "Height": 0.026284780353307724,
          "Left": 0.24943408370018005,
          "Top": 0.4869384169578552
        },
        "Polygon": [
          {
            "X": 0.24943408370018005,
            "Y": 0.4869548976421356
          },
          {
            "X": 0.36379995942115784,
            "Y": 0.4869384169578552
          },
          {
            "X": 0.36401858925819397,
            "Y": 0.5131947994232178
          },
          {
            "X": 0.24965716898441315,
            "Y": 0.5132231712341309
          }
        ]
      },
      "Id": "60dcfd0e-8c44-4d62-a0ea-8a5f928e990a",
      "Page": 1
    },
    {
      "BlockType": "WORD",
      "Confidence": 92.23268127441406,
      "Text": ">",
      "TextType": "PRINTED",
      "Geometry": {
        "BoundingBox": {
          "Width": 0.009706075303256512,
          "Height": 0.014768848195672035,
          "Left": 0.5746583342552185,
          "Top": 0.4896737337112427
        },
        "Polygon": [
          {
            "X": 0.5746583342552185,
            "Y": 0.48967522382736206
          },
          {
            "X": 0.5842462182044983,
            "Y": 0.4896737337112427
          },
          {
            "X": 0.5843644142150879,
            "Y": 0.5044405460357666
          },
          {
            "X": 0.574776828289032,
            "Y": 0.504442572593689
          }
        ]
      },
      "Id": "186c1957-58a3-4fd6-9737-77c95a1b33ae",
      "Page": 1
    },
    {
      "BlockType": "WORD",
      "Confidence": 99.94972229003906,
      "Text": "170",
      "TextType": "PRINTED",
      "Geometry": {
        "BoundingBox": {
          "Width": 0.022947868332266808,
          "Height": 0.019375044852495193,
          "Left": 0.5893529653549194,
          "Top": 0.48698723316192627
        },
        "Polygon": [
          {
            "X": 0.5893529653549194,
            "Y": 0.4869905412197113
          },
          {
            "X": 0.6121464967727661,
            "Y": 0.48698723316192627
          },
          {
            "X": 0.6123008131980896,
            "Y": 0.5063572525978088
          },
          {
            "X": 0.5895079374313354,
            "Y": 0.50636225938797
          }
        ]
      },
      "Id": "8f42888c-921e-41f8-8670-91a4136f1dc0",
      "Page": 1
    },
    {
      "BlockType": "WORD",
      "Confidence": 82.0213851928711,
      "Text": "LCERisotropic/DAT",
      "TextType": "PRINTED",
      "Geometry": {
        "BoundingBox": {
          "Width": 0.10629935562610626,
          "Height": 0.02547479048371315,
          "Left": 0.24871006608009338,
          "Top": 0.5196001529693604
        },
        "Polygon": [
          {
            "X": 0.24871006608009338,
            "Y": 0.5196292400360107
          },
          {
            "X": 0.3547973036766052,
            "Y": 0.5196001529693604
          },
          {
            "X": 0.35500943660736084,
            "Y": 0.545035183429718
          },
          {
            "X": 0.24892620742321014,
            "Y": 0.5450749397277832
          }
        ]
      },
      "Id": "1b03ab48-97c6-4097-acc5-3245e03434b2",
      "Page": 1
    },
    {
      "BlockType": "WORD",
      "Confidence": 94.14254760742188,
      "Text": ">",
      "TextType": "PRINTED",
      "Geometry": {
        "BoundingBox": {
          "Width": 0.00961702037602663,
          "Height": 0.014265285804867744,
          "Left": 0.5747207999229431,
          "Top": 0.5223538279533386
        },
        "Polygon": [
          {
            "X": 0.5747207999229431,
            "Y": 0.5223565101623535
          },
          {
            "X": 0.5842236280441284,
            "Y": 0.5223538279533386
          },
          {
            "X": 0.5843378305435181,
            "Y": 0.5366158485412598
          },
          {
            "X": 0.5748352408409119,
            "Y": 0.5366191267967224
          }
        ]
      },
      "Id": "6d6b130e-979d-484b-bb36-2f3368c32210",
      "Page": 1
    },
    {
      "BlockType": "WORD",
      "Confidence": 99.9645767211914,
      "Text": "170",
      "TextType": "PRINTED",
      "Geometry": {
        "BoundingBox": {
          "Width": 0.022581692785024643,
          "Height": 0.019072961062192917,
          "Left": 0.5895448327064514,
          "Top": 0.5191841125488281
        },
        "Polygon": [
          {
            "X": 0.5895448327064514,
            "Y": 0.5191901922225952
          },
          {
            "X": 0.6119745969772339,
            "Y": 0.5191841125488281
          },
          {
            "X": 0.6121265292167664,
            "Y": 0.5382492542266846
          },
          {
            "X": 0.5896973609924316,
            "Y": 0.5382570624351501
          }
        ]
      },
      "Id": "0a15d47c-ffaf-4701-8353-9cefcf6131c5",
      "Page": 1
    },
    {
      "BlockType": "WORD",
      "Confidence": 83.57389831542969,
      "Text": "LCERmezophase/DAT/Carbon",
      "TextType": "PRINTED",
      "Geometry": {
        "BoundingBox": {
          "Width": 0.16845782101154327,
          "Height": 0.026121223345398903,
          "Left": 0.251003235578537,
          "Top": 0.550938606262207
        },
        "Polygon": [
          {
            "X": 0.251003235578537,
            "Y": 0.5510056018829346
          },
          {
            "X": 0.4192463159561157,
            "Y": 0.550938606262207
          },
          {
            "X": 0.41946107149124146,
            "Y": 0.576975405216217
          },
          {
            "X": 0.25122448801994324,
            "Y": 0.577059805393219
          }
        ]
      },
      "Id": "441d278b-900e-4dd3-9ebf-b637a77980ac",
      "Page": 1
    },
    {
      "BlockType": "WORD",
      "Confidence": 96.53485107421875,
      "Text": "Fibre",
      "TextType": "PRINTED",
      "Geometry": {
        "BoundingBox": {
          "Width": 0.031572375446558,
          "Height": 0.01921454258263111,
          "Left": 0.4188222885131836,
          "Top": 0.5509430170059204
        },
        "Polygon": [
          {
            "X": 0.4188222885131836,
            "Y": 0.550955593585968
          },
          {
            "X": 0.4502371549606323,
            "Y": 0.5509430170059204
          },
          {
            "X": 0.4503946602344513,
            "Y": 0.5701426863670349
          },
          {
            "X": 0.4189806580543518,
            "Y": 0.5701575875282288
          }
        ]
      },
      "Id": "13c9497c-8130-4c71-8b5d-9267744e00bc",
      "Page": 1
    },
    {
      "BlockType": "WORD",
      "Confidence": 99.86122131347656,
      "Text": "7.61",
      "TextType": "PRINTED",
      "Geometry": {
        "BoundingBox": {
          "Width": 0.025935757905244827,
          "Height": 0.01899113319814205,
          "Left": 0.569891095161438,
          "Top": 0.5517818927764893
        },
        "Polygon": [
          {
            "X": 0.569891095161438,
            "Y": 0.5517922639846802
          },
          {
            "X": 0.5956752300262451,
            "Y": 0.5517818927764893
          },
          {
            "X": 0.5958268642425537,
            "Y": 0.5707607269287109
          },
          {
            "X": 0.5700435042381287,
            "Y": 0.5707730054855347
          }
        ]
      },
      "Id": "a0043e8a-286b-40f0-b766-6ddc21129545",
      "Page": 1
    },
    {
      "BlockType": "TABLE",
      "Confidence": 99.853515625,
      "Geometry": {
        "BoundingBox": {
          "Width": 0.5411935448646545,
          "Height": 0.1913159042596817,
          "Left": 0.2297230362892151,
          "Top": 0.4041796028614044
        },
        "Polygon": [
          {
            "X": 0.2297230362892151,
            "Y": 0.4041796028614044
          },
          {
            "X": 0.7694392800331116,
            "Y": 0.4042792022228241
          },
          {
            "X": 0.7709165811538696,
            "Y": 0.5951852202415466
          },
          {
            "X": 0.23135308921337128,
            "Y": 0.5954955220222473
          }
        ]
      },
      "Id": "12018fa6-0c1a-4a05-b0b5-cf73acd3d059",
      "Relationships": [
        {
          "Type": "CHILD",
          "Ids": [
            "cf22df9f-6a33-42ee-97d5-085ce59a2936",
            "ca402cab-0130-4624-b63c-e970830b020e",
            "33e522b6-14be-4a13-ae8c-e5137deb8bef",
            "1c1f4aa7-d1ee-4068-b0df-358faba120e8",
            "00d379f2-d81f-41b2-ad36-580ef98ae289",
            "c0a88f54-c68e-40b9-b06e-b8d176e29fac",
            "f1b7c274-b279-4026-affc-b42b61b5211c",
            "8d883c1d-37c0-44cf-97c0-e06f752eaaad"
          ]
        }
      ],
      "EntityTypes": [
        "STRUCTURED_TABLE"
      ],
      "Page": 1
    },
    {
      "BlockType": "CELL",
      "Confidence": 94.482421875,
      "RowIndex": 1,
      "ColumnIndex": 1,
      "RowSpan": 1,
      "ColumnSpan": 1,
      "Geometry": {
        "BoundingBox": {
          "Width": 0.2905580699443817,
          "Height": 0.06136646866798401,
          "Left": 0.2297230362892151,
          "Top": 0.4041796028614044
        },
        "Polygon": [
          {
            "X": 0.2297230362892151,
            "Y": 0.4041796028614044
          },
          {
            "X": 0.5197846293449402,
            "Y": 0.4042331278324127
          },
          {
            "X": 0.5202810764312744,
            "Y": 0.4655289053916931
          },
          {
            "X": 0.23024588823318481,
            "Y": 0.46554604172706604
          }
        ]
      },
      "Id": "cf22df9f-6a33-42ee-97d5-085ce59a2936",
      "Relationships": [
        {
          "Type": "CHILD",
          "Ids": [
            "b78a29e7-9ca3-4a5e-9613-34b7b4fe4fec"
          ]
        }
      ],
      "EntityTypes": [
        "COLUMN_HEADER"
      ],
      "Page": 1
    },
    {
      "BlockType": "CELL",
      "Confidence": 94.677734375,
      "RowIndex": 1,
      "ColumnIndex": 2,
      "RowSpan": 1,
      "ColumnSpan": 1,
      "Geometry": {
        "BoundingBox": {
          "Width": 0.25012853741645813,
          "Height": 0.06129579618573189,
          "Left": 0.5197846293449402,
          "Top": 0.4042331278324127
        },
        "Polygon": [
          {
            "X": 0.5197846293449402,
            "Y": 0.4042331278324127
          },
          {
            "X": 0.7694392800331116,
            "Y": 0.4042792022228241
          },
          {
            "X": 0.7699131369590759,
            "Y": 0.4655141532421112
          },
          {
            "X": 0.5202810764312744,
            "Y": 0.4655289053916931
          }
        ]
      },
      "Id": "ca402cab-0130-4624-b63c-e970830b020e",
      "Relationships": [
        {
          "Type": "CHILD",
          "Ids": [
            "37fb8b65-81c7-4b83-aee6-107e3fb4ab34",
            "ec0c0087-e359-4ff9-92fe-d2ff7ed21dbb",
            "94cd33ea-bfd2-42d9-8f9e-206b990cb155",
            "551fe7dc-fbc9-4c6d-a632-45999a756f0d"
          ]
        }
      ],
      "EntityTypes": [
        "COLUMN_HEADER"
      ],
      "Page": 1
    },
    {
      "BlockType": "CELL",
      "Confidence": 88.037109375,
      "RowIndex": 2,
      "ColumnIndex": 1,
      "RowSpan": 1,
      "ColumnSpan": 1,
      "Geometry": {
        "BoundingBox": {
          "Width": 0.2904377281665802,
          "Height": 0.049768321216106415,
          "Left": 0.23024588823318481,
          "Top": 0.4655289053916931
        },
        "Polygon": [
          {
            "X": 0.23024588823318481,
            "Y": 0.46554604172706604
          },
          {
            "X": 0.5202810764312744,
            "Y": 0.4655289053916931
          },
          {
            "X": 0.5206836462020874,
            "Y": 0.5152227878570557
          },
          {
            "X": 0.2306697815656662,
            "Y": 0.5152972340583801
          }
        ]
      },
      "Id": "33e522b6-14be-4a13-ae8c-e5137deb8bef",
      "Relationships": [
        {
          "Type": "CHILD",
          "Ids": [
            "60dcfd0e-8c44-4d62-a0ea-8a5f928e990a"
          ]
        }
      ],
      "Page": 1
    },
    {
      "BlockType": "CELL",
      "Confidence": 88.28125,
      "RowIndex": 2,
      "ColumnIndex": 2,
      "RowSpan": 1,
      "ColumnSpan": 1,
      "Geometry": {
        "BoundingBox": {
          "Width": 0.2500161826610565,
          "Height": 0.04970864579081535,
          "Left": 0.5202810764312744,
          "Top": 0.4655141532421112
        },
        "Polygon": [
          {
            "X": 0.5202810764312744,
            "Y": 0.4655289053916931
          },
          {
            "X": 0.7699131369590759,
            "Y": 0.4655141532421112
          },
          {
            "X": 0.7702972888946533,
            "Y": 0.5151587724685669
          },
          {
            "X": 0.5206836462020874,
            "Y": 0.5152227878570557
          }
        ]
      },
      "Id": "1c1f4aa7-d1ee-4068-b0df-358faba120e8",
      "Relationships": [
        {
          "Type": "CHILD",
          "Ids": [
            "186c1957-58a3-4fd6-9737-77c95a1b33ae",
            "8f42888c-921e-41f8-8670-91a4136f1dc0"
          ]
        }
      ],
      "Page": 1
    },
    {
      "BlockType": "CELL",
      "Confidence": 83.154296875,
      "RowIndex": 3,
      "ColumnIndex": 1,
      "RowSpan": 1,
      "ColumnSpan": 1,
      "Geometry": {
        "BoundingBox": {
          "Width": 0.29027488827705383,
          "Height": 0.03234162554144859,
          "Left": 0.2306697815656662,
          "Top": 0.5152227878570557
        },
        "Polygon": [
          {
            "X": 0.2306697815656662,
            "Y": 0.5152972340583801
          },
          {
            "X": 0.5206836462020874,
            "Y": 0.5152227878570557
          },
          {
            "X": 0.5209447145462036,
            "Y": 0.5474528670310974
          },
          {
            "X": 0.2309447079896927,
            "Y": 0.5475644469261169
          }
        ]
      },
      "Id": "00d379f2-d81f-41b2-ad36-580ef98ae289",
      "Relationships": [
        {
          "Type": "CHILD",
          "Ids": [
            "1b03ab48-97c6-4097-acc5-3245e03434b2"
          ]
        }
      ],
      "Page": 1
    },
    {
      "BlockType": "CELL",
      "Confidence": 83.349609375,
      "RowIndex": 3,
      "ColumnIndex": 2,
      "RowSpan": 1,
      "ColumnSpan": 1,
      "Geometry": {
        "BoundingBox": {
          "Width": 0.24986283481121063,
          "Height": 0.03229410946369171,
          "Left": 0.5206836462020874,
          "Top": 0.5151587724685669
        },
        "Polygon": [
          {
            "X": 0.5206836462020874,
            "Y": 0.5152227878570557
          },
          {
            "X": 0.7702972888946533,
            "Y": 0.5151587724685669
          },
          {
            "X": 0.7705464363098145,
            "Y": 0.5473568439483643
          },
          {
            "X": 0.5209447145462036,
            "Y": 0.5474528670310974
          }
        ]
      },
      "Id": "c0a88f54-c68e-40b9-b06e-b8d176e29fac",
      "Relationships": [
        {
          "Type": "CHILD",
          "Ids": [
            "6d6b130e-979d-484b-bb36-2f3368c32210",
            "0a15d47c-ffaf-4701-8353-9cefcf6131c5"
          ]
        }
      ],
      "Page": 1
    },
    {
      "BlockType": "CELL",
      "Confidence": 93.115234375,
      "RowIndex": 4,
      "ColumnIndex": 1,
      "RowSpan": 1,
      "ColumnSpan": 1,
      "Geometry": {
        "BoundingBox": {
          "Width": 0.2903877794742584,
          "Height": 0.04804263263940811,
          "Left": 0.2309447079896927,
          "Top": 0.5474528670310974
        },
        "Polygon": [
          {
            "X": 0.2309447079896927,
            "Y": 0.5475644469261169
          },
          {
            "X": 0.5209447145462036,
            "Y": 0.5474528670310974
          },
          {
            "X": 0.5213325023651123,
            "Y": 0.5953287482261658
          },
          {
            "X": 0.23135308921337128,
            "Y": 0.5954955220222473
          }
        ]
      },
      "Id": "f1b7c274-b279-4026-affc-b42b61b5211c",
      "Relationships": [
        {
          "Type": "CHILD",
          "Ids": [
            "441d278b-900e-4dd3-9ebf-b637a77980ac",
            "13c9497c-8130-4c71-8b5d-9267744e00bc"
          ]
        }
      ],
      "Page": 1
    },
    {
      "BlockType": "CELL",
      "Confidence": 93.310546875,
      "RowIndex": 4,
      "ColumnIndex": 2,
      "RowSpan": 1,
      "ColumnSpan": 1,
      "Geometry": {
        "BoundingBox": {
          "Width": 0.2499718815088272,
          "Height": 0.04797191545367241,
          "Left": 0.5209447145462036,
          "Top": 0.5473568439483643
        },
        "Polygon": [
          {
            "X": 0.5209447145462036,
            "Y": 0.5474528670310974
          },
          {
            "X": 0.7705464363098145,
            "Y": 0.5473568439483643
          },
          {
            "X": 0.7709165811538696,
            "Y": 0.5951852202415466
          },
          {
            "X": 0.5213325023651123,
            "Y": 0.5953287482261658
          }
        ]
      },
      "Id": "8d883c1d-37c0-44cf-97c0-e06f752eaaad",
      "Relationships": [
        {
          "Type": "CHILD",
          "Ids": [
            "a0043e8a-286b-40f0-b766-6ddc21129545"
          ]
        }
      ],
      "Page": 1
    }
  ],
  "AnalyzeDocumentModelVersion": "1.0"
}