{
  "DocumentMetadata": {
    "Pages": 1
  },
  "JobStatus": "SUCCEEDED",
  "Blocks": [
    {
      "BlockType": "PAGE",
      "Geometry": {
        "BoundingBox": {
          "Width": 0.5440199971199036,
          "Height": 0.26330679655075073,
          "Left": 0.2284528613090515,
          "Top": 0.36861729621887207
        },
        "Polygon": [
          {
            "X": 0.2284528613090515,
            "Y": 0.36861729621887207
          },
          {
            "X": 0.7712356448173523,
            "Y": 0.36900952458381653
          },
          {
            "X": 0.7724728584289551,
            "Y": 0.6319240927696228
          },
          {
            "X": 0.22926165163516998,
            "Y": 0.6310582756996155
          }
        ]
      },
      "Id": "66074b76-810e-4439-b541-eb0c56ceeaf0",
      "Relationships": [
        {
          "Type": "CHILD",
          "Ids": [
            "288a03ca-b4fa-414a-8280-bea72fc63bdf",
            "f4cbbb61-3b68-4b2d-9d96-94c8420cfeb8",
            "b36933cd-fa31-48e3-a2f2-2d1f51b9a6ac",
            "8f0e00ec-5f83-49f7-8d5d-be183f60b70a",
            "4b458516-3234-483e-afcc-caec7eada6bc",
            "e6d05a1d-7d29-4a51-affd-a079e4cec85e",
            "4205e4e7-1d9d-4e7f-81e9-4dda2f1740ce",
            "04d6390c-0e1e-4c16-8f6a-11b3950649c9",
            "8abe88df-85bf-4bee-884c-f7c75a08758d",
            "9b5375c0-1856-4b7a-ab62-153ab53e420f",
            "a776eb84-024c-4304-a973-c69692d384dd",
            "69c7094a-e886-4fcc-9d37-1a86ee7e27be",
            "f2394e9c-10d1-4c77-a04a-ff72464b0326",
            "1ef2b529-cd24-4321-af57-f703353af149",
            "3042b8a2-3de9-4136-8ff0-558677b7f962",
            "968949a9-88d0-45b2-830e-fc416c5cc209",
            "e13e23fa-4161-4787-9be3-89fb06508809",
            "2b4b1b9d-6501-4694-b021-60dce7ac0ad0",
            "d1e9efb9-783f-4665-b1d0-840ac51139a8",
            "c460566a-e808-43e1-b671-5c490c5b8920",
            "decdc48c-699e-425c-87f1-d556b4602bd7",
            "50f57476-5b67-4108-b84d-5f84ddf25c20",
            "a99e0dc6-6215-488d-a14a-8fa2a899eff1",
            "813b5366-ea1e-4e38-81bf-c59946125763",
            "f9344c79-d096-425e-acf4-229b3e47cbdc",
            "85346510-7710-47c9-92e8-8003a1a67eb5",
            "0799922a-c0f3-426b-9a11-707a9e06d21b",
            "97bb7cfe-405f-40a9-b1dc-6c7406fea9b4",
            "fba64db9-6e97-444a-8bf0-303183a73ef8",
            "21f59a86-b504-4d05-9a1b-23f251a25060",
            "8a1feb34-76e2-43ae-b87c-310c5aae4fd3",
            "26fc37fc-0c50-44e8-a4fb-dde7642931ac"
          ]
        }
      ],
      "Page": 1
    },
    {
      "BlockType": "LINE",
      "Confidence": 99.9651107788086,
      "Text": "Sample",
      "Geometry": {
        "BoundingBox": {
          "Width": 0.04467716068029404,
          "Height": 0.023066241294145584,
          "Left": 0.24652110040187836,
          "Top": 0.3932415843009949
        },
        "Polygon": [
          {
            "X": 0.24652110040187836,
            "Y": 0.3932415843009949
          },
          {
            "X": 0.2911229729652405,
            "Y": 0.39327746629714966
          },
          {
            "X": 0.2911982536315918,
            "Y": 0.41630783677101135
          },
          {
            "X": 0.24659331142902374,
            "Y": 0.41626855731010437
          }
        ]
      },
      "Id": "288a03ca-b4fa-414a-8280-bea72fc63bdf",
      "Relationships": [
        {
          "Type": "CHILD",
          "Ids": [
            "0b6dbed6-ecdd-44ef-9ffd-ca3c03ecc238"
          ]
        }
      ],
      "Page": 1
    },
    {
      "BlockType": "LINE",
      "Confidence": 72.33784484863281,
      "Text": "T5% (°C)",
      "Geometry": {
        "BoundingBox": {
          "Width": 0.051982332020998,
          "Height": 0.0220907311886549,
          "Left": 0.38012003898620605,
          "Top": 0.3931807279586792
        },
        "Polygon": [
          {
            "X": 0.38012003898620605,
            "Y": 0.3931807279586792
          },
          {
            "X": 0.43202099204063416,
            "Y": 0.393222451210022
          },
          {
            "X": 0.43210235238075256,
            "Y": 0.41527146100997925
          },
          {
            "X": 0.3801979720592499,
            "Y": 0.41522595286369324
          }
        ]
      },
      "Id": "f4cbbb61-3b68-4b2d-9d96-94c8420cfeb8",
      "Relationships": [
        {
          "Type": "CHILD",
          "Ids": [
            "32a9ea2f-bf4d-46b3-959e-65fd626e1f77",
            "6ed450c3-4689-4238-b4d2-2c74016034b3"
          ]
        }
      ],
      "Page": 1
    },
    {
      "BlockType": "LINE",
      "Confidence": 74.90074920654297,
      "Text": "Tmax (C)",
      "Geometry": {
        "BoundingBox": {
          "Width": 0.05683770030736923,
          "Height": 0.021946169435977936,
          "Left": 0.4626827836036682,
          "Top": 0.3932013511657715
        },
        "Polygon": [
          {
            "X": 0.4626827836036682,
            "Y": 0.3932013511657715
          },
          {
            "X": 0.5194339156150818,
            "Y": 0.39324697852134705
          },
          {
            "X": 0.5195204615592957,
            "Y": 0.4151475429534912
          },
          {
            "X": 0.4627656042575836,
            "Y": 0.41509780287742615
          }
        ]
      },
      "Id": "b36933cd-fa31-48e3-a2f2-2d1f51b9a6ac",
      "Relationships": [
        {
          "Type": "CHILD",
          "Ids": [
            "f8c5e011-c08c-4319-82e9-3c1a78fdf1b5",
            "8921f7e4-4f0b-414d-8185-3e3384473e50"
          ]
        }
      ],
      "Page": 1
    },
    {
      "BlockType": "LINE",
      "Confidence": 99.23605346679688,
      "Text": "MLRmax (%/min)",
      "Geometry": {
        "BoundingBox": {
          "Width": 0.10475213825702667,
          "Height": 0.021707387641072273,
          "Left": 0.5503929853439331,
          "Top": 0.39335644245147705
        },
        "Polygon": [
          {
            "X": 0.5503929853439331,
            "Y": 0.39335644245147705
          },
          {
            "X": 0.6550508737564087,
            "Y": 0.3934405744075775
          },
          {
            "X": 0.6551451086997986,
            "Y": 0.4150638282299042
          },
          {
            "X": 0.5504804253578186,
            "Y": 0.414972186088562
          }
        ]
      },
      "Id": "8f0e00ec-5f83-49f7-8d5d-be183f60b70a",
      "Relationships": [
        {
          "Type": "CHILD",
          "Ids": [
            "1daa79f4-595f-4f5a-a713-8feb23d0f976",
            "14b35e0e-9530-45b0-a2ef-b2e981e0f3b8"
          ]
        }
      ],
      "Page": 1
    },
    {
      "BlockType": "LINE",
      "Confidence": 99.74977111816406,
      "Text": "Char residue",
      "Geometry": {
        "BoundingBox": {
          "Width": 0.07755870372056961,
          "Height": 0.018125474452972412,
          "Left": 0.6855027079582214,
          "Top": 0.39325398206710815
        },
        "Polygon": [
          {
            "X": 0.6855027079582214,
            "Y": 0.39325398206710815
          },
          {
            "X": 0.762976884841919,
            "Y": 0.39331620931625366
          },
          {
            "X": 0.7630614042282104,
            "Y": 0.41137945652008057
          },
          {
            "X": 0.6855830550193787,
            "Y": 0.4113125801086426
          }
        ]
      },
      "Id": "4b458516-3234-483e-afcc-caec7eada6bc",
      "Relationships": [
        {
          "Type": "CHILD",
          "Ids": [
            "482d442a-405f-429a-8486-cbf2ac427d67",
            "877ebb3b-3179-4910-ba5e-21e7b97b262a"
          ]
        }
      ],
      "Page": 1
    },
    {
      "BlockType": "LINE",
      "Confidence": 96.0807113647461,
      "Text": "(wt%)",
      "Geometry": {
        "BoundingBox": {
          "Width": 0.03793024271726608,
          "Height": 0.02092127874493599,
          "Left": 0.6855032444000244,
          "Top": 0.42378535866737366
        },
        "Polygon": [
          {
            "X": 0.6855032444000244,
            "Y": 0.42378535866737366
          },
          {
            "X": 0.7233381867408752,
            "Y": 0.42381957173347473
          },
          {
            "X": 0.7234334945678711,
            "Y": 0.44470664858818054
          },
          {
            "X": 0.6855961084365845,
            "Y": 0.44466978311538696
          }
        ]
      },
      "Id": "e6d05a1d-7d29-4a51-affd-a079e4cec85e",
      "Relationships": [
        {
          "Type": "CHILD",
          "Ids": [
            "6b9f7a68-c958-4d81-a9ee-2c06632626f2"
          ]
        }
      ],
      "Page": 1
    },
    {
      "BlockType": "LINE",
      "Confidence": 99.83013916015625,
      "Text": "EP",
      "Geometry": {
        "BoundingBox": {
          "Width": 0.01585533283650875,
          "Height": 0.01676115207374096,
          "Left": 0.2464062124490738,
          "Top": 0.4712987244129181
        },
        "Polygon": [
          {
            "X": 0.2464062124490738,
            "Y": 0.4712987244129181
          },
          {
            "X": 0.2622082531452179,
            "Y": 0.47131553292274475
          },
          {
            "X": 0.2622615396976471,
            "Y": 0.4880598783493042
          },
          {
            "X": 0.24645869433879852,
            "Y": 0.4880422055721283
          }
        ]
      },
      "Id": "4205e4e7-1d9d-4e7f-81e9-4dda2f1740ce",
      "Relationships": [
        {
          "Type": "CHILD",
          "Ids": [
            "e05c753f-892a-4c76-b4c4-6c9e0c297181"
          ]
        }
      ],
      "Page": 1
    },
    {
      "BlockType": "LINE",
      "Confidence": 99.97484588623047,
      "Text": "389",
      "Geometry": {
        "BoundingBox": {
          "Width": 0.023299401625990868,
          "Height": 0.01725940778851509,
          "Left": 0.38039445877075195,
          "Top": 0.47093719244003296
        },
        "Polygon": [
          {
            "X": 0.38039445877075195,
            "Y": 0.47093719244003296
          },
          {
            "X": 0.4036317467689514,
            "Y": 0.47096186876296997
          },
          {
            "X": 0.40369388461112976,
            "Y": 0.48819658160209656
          },
          {
            "X": 0.3804554045200348,
            "Y": 0.4881705939769745
          }
        ]
      },
      "Id": "04d6390c-0e1e-4c16-8f6a-11b3950649c9",
      "Relationships": [
        {
          "Type": "CHILD",
          "Ids": [
            "aa955572-37c9-4264-8fa1-458f7fe6cf2b"
          ]
        }
      ],
      "Page": 1
    },
    {
      "BlockType": "LINE",
      "Confidence": 99.98362731933594,
      "Text": "419",
      "Geometry": {
        "BoundingBox": {
          "Width": 0.023246239870786667,
          "Height": 0.01737782172858715,
          "Left": 0.46314042806625366,
          "Top": 0.47089409828186035
        },
        "Polygon": [
          {
            "X": 0.46314042806625366,
            "Y": 0.47089409828186035
          },
          {
            "X": 0.48631981015205383,
            "Y": 0.4709187150001526
          },
          {
            "X": 0.48638665676116943,
            "Y": 0.48827192187309265
          },
          {
            "X": 0.46320605278015137,
            "Y": 0.48824599385261536
          }
        ]
      },
      "Id": "8abe88df-85bf-4bee-884c-f7c75a08758d",
      "Relationships": [
        {
          "Type": "CHILD",
          "Ids": [
            "53e6d2b2-e3df-42f3-b67b-a2fdf9e1d4fb"
          ]
        }
      ],
      "Page": 1
    },
    {
      "BlockType": "LINE",
      "Confidence": 99.95335388183594,
      "Text": "20.10",
      "Geometry": {
        "BoundingBox": {
          "Width": 0.034885864704847336,
          "Height": 0.01742543652653694,
          "Left": 0.5503669381141663,
          "Top": 0.47083064913749695
        },
        "Polygon": [
          {
            "X": 0.5503669381141663,
            "Y": 0.47083064913749695
          },
          {
            "X": 0.5851806402206421,
            "Y": 0.4708675742149353
          },
          {
            "X": 0.5852528214454651,
            "Y": 0.4882560968399048
          },
          {
            "X": 0.5504372119903564,
            "Y": 0.48821714520454407
          }
        ]
      },
      "Id": "9b5375c0-1856-4b7a-ab62-153ab53e420f",
      "Relationships": [
        {
          "Type": "CHILD",
          "Ids": [
            "2d3484f7-d7f6-4fb5-8e5f-937da0cca2a6"
          ]
        }
      ],
      "Page": 1
    },
    {
      "BlockType": "LINE",
      "Confidence": 99.9619140625,
      "Text": "15.49",
      "Geometry": {
        "BoundingBox": {
          "Width": 0.03462681174278259,
          "Height": 0.01788911037147045,
          "Left": 0.6859909892082214,
          "Top": 0.4706520736217499
        },
        "Polygon": [
          {
            "X": 0.6859909892082214,
            "Y": 0.4706520736217499
          },
          {
            "X": 0.7205365300178528,
            "Y": 0.47068867087364197
          },
          {
            "X": 0.7206178307533264,
            "Y": 0.4885411858558655
          },
          {
            "X": 0.686070442199707,
            "Y": 0.48850253224372864
          }
        ]
      },
      "Id": "a776eb84-024c-4304-a973-c69692d384dd",
      "Relationships": [
        {
          "Type": "CHILD",
          "Ids": [
            "8be694d8-3c6f-4c1b-93c8-c609c8443f2a"
          ]
        }
      ],
      "Page": 1
    },
    {
      "BlockType": "LINE",
      "Confidence": 99.48047637939453,
      "Text": "EP/7.5%TAP",
      "Geometry": {
        "BoundingBox": {
          "Width": 0.07994358241558075,
          "Height": 0.018764430657029152,
          "Left": 0.2462622970342636,
          "Top": 0.5009179711341858
        },
        "Polygon": [
          {
            "X": 0.2462622970342636,
            "Y": 0.5009179711341858
          },
          {
            "X": 0.32614290714263916,
            "Y": 0.5010107755661011
          },
          {
            "X": 0.32620587944984436,
            "Y": 0.5196824073791504
          },
          {
            "X": 0.24632079899311066,
            "Y": 0.5195846557617188
          }
        ]
      },
      "Id": "69c7094a-e886-4fcc-9d37-1a86ee7e27be",
      "Relationships": [
        {
          "Type": "CHILD",
          "Ids": [
            "fb4dc9e5-619a-42f5-9e7e-2d8fb2c5902e"
          ]
        }
      ],
      "Page": 1
    },
    {
      "BlockType": "LINE",
      "Confidence": 99.9829330444336,
      "Text": "348",
      "Geometry": {
        "BoundingBox": {
          "Width": 0.023524858057498932,
          "Height": 0.017741333693265915,
          "Left": 0.38017162680625916,
          "Top": 0.5006418228149414
        },
        "Polygon": [
          {
            "X": 0.38017162680625916,
            "Y": 0.5006418228149414
          },
          {
            "X": 0.40363264083862305,
            "Y": 0.500669002532959
          },
          {
            "X": 0.4036965072154999,
            "Y": 0.5183831453323364
          },
          {
            "X": 0.3802342414855957,
            "Y": 0.5183545351028442
          }
        ]
      },
      "Id": "f2394e9c-10d1-4c77-a04a-ff72464b0326",
      "Relationships": [
        {
          "Type": "CHILD",
          "Ids": [
            "987a02c1-fe0a-446a-8158-f5a78c982fc4"
          ]
        }
      ],
      "Page": 1
    },
    {
      "BlockType": "LINE",
      "Confidence": 99.98211669921875,
      "Text": "400",
      "Geometry": {
        "BoundingBox": {
          "Width": 0.022447332739830017,
          "Height": 0.017186032608151436,
          "Left": 0.4634872078895569,
          "Top": 0.5011982917785645
        },
        "Polygon": [
          {
            "X": 0.4634872078895569,
            "Y": 0.5011982917785645
          },
          {
            "X": 0.4858684539794922,
            "Y": 0.5012242794036865
          },
          {
            "X": 0.4859345257282257,
            "Y": 0.5183843374252319
          },
          {
            "X": 0.4635521173477173,
            "Y": 0.5183570384979248
          }
        ]
      },
      "Id": "1ef2b529-cd24-4321-af57-f703353af149",
      "Relationships": [
        {
          "Type": "CHILD",
          "Ids": [
            "187665ab-eb5a-4cf1-b23c-827b0f720759"
          ]
        }
      ],
      "Page": 1
    },
    {
      "BlockType": "LINE",
      "Confidence": 99.94170379638672,
      "Text": "15.73",
      "Geometry": {
        "BoundingBox": {
          "Width": 0.033717717975378036,
          "Height": 0.017488405108451843,
          "Left": 0.5512502789497375,
          "Top": 0.501270055770874
        },
        "Polygon": [
          {
            "X": 0.5512502789497375,
            "Y": 0.501270055770874
          },
          {
            "X": 0.5848956108093262,
            "Y": 0.5013091564178467
          },
          {
            "X": 0.5849679708480835,
            "Y": 0.5187584757804871
          },
          {
            "X": 0.5513208508491516,
            "Y": 0.5187174677848816
          }
        ]
      },
      "Id": "3042b8a2-3de9-4136-8ff0-558677b7f962",
      "Relationships": [
        {
          "Type": "CHILD",
          "Ids": [
            "44d9c85a-2042-4a3c-b493-ebaba44fcb32"
          ]
        }
      ],
      "Page": 1
    },
    {
      "BlockType": "LINE",
      "Confidence": 99.9166259765625,
      "Text": "18.65",
      "Geometry": {
        "BoundingBox": {
          "Width": 0.034274786710739136,
          "Height": 0.017582466825842857,
          "Left": 0.6860463619232178,
          "Top": 0.500899612903595
        },
        "Polygon": [
          {
            "X": 0.6860463619232178,
            "Y": 0.500899612903595
          },
          {
            "X": 0.7202413082122803,
            "Y": 0.5009392499923706
          },
          {
            "X": 0.7203211784362793,
            "Y": 0.5184820890426636
          },
          {
            "X": 0.6861244440078735,
            "Y": 0.5184404253959656
          }
        ]
      },
      "Id": "968949a9-88d0-45b2-830e-fc416c5cc209",
      "Relationships": [
        {
          "Type": "CHILD",
          "Ids": [
            "9178d379-59c2-4435-980e-2c10aa70ece4"
          ]
        }
      ],
      "Page": 1
    },
    {
      "BlockType": "LINE",
      "Confidence": 99.52216339111328,
      "Text": "EP/10%TAP",
      "Geometry": {
        "BoundingBox": {
          "Width": 0.07617764174938202,
          "Height": 0.018960492685437202,
          "Left": 0.2460641711950302,
          "Top": 0.5299574136734009
        },
        "Polygon": [
          {
            "X": 0.2460641711950302,
            "Y": 0.5299574136734009
          },
          {
            "X": 0.3221783936023712,
            "Y": 0.5300531983375549
          },
          {
            "X": 0.32224181294441223,
            "Y": 0.5489179491996765
          },
          {
            "X": 0.24612325429916382,
            "Y": 0.5488173961639404
          }
        ]
      },
      "Id": "e13e23fa-4161-4787-9be3-89fb06508809",
      "Relationships": [
        {
          "Type": "CHILD",
          "Ids": [
            "e361cde6-e7e1-4136-a47a-b8d0a338acd2"
          ]
        }
      ],
      "Page": 1
    },
    {
      "BlockType": "LINE",
      "Confidence": 99.98847961425781,
      "Text": "340",
      "Geometry": {
        "BoundingBox": {
          "Width": 0.023413866758346558,
          "Height": 0.017410892993211746,
          "Left": 0.38034921884536743,
          "Top": 0.5301685929298401
        },
        "Polygon": [
          {
            "X": 0.38034921884536743,
            "Y": 0.5301685929298401
          },
          {
            "X": 0.40370044112205505,
            "Y": 0.5301979780197144
          },
          {
            "X": 0.403763085603714,
            "Y": 0.5475794672966003
          },
          {
            "X": 0.38041067123413086,
            "Y": 0.5475487112998962
          }
        ]
      },
      "Id": "2b4b1b9d-6501-4694-b021-60dce7ac0ad0",
      "Relationships": [
        {
          "Type": "CHILD",
          "Ids": [
            "d9f89a88-e42e-46c4-8350-ec65de527ec4"
          ]
        }
      ],
      "Page": 1
    },
    {
      "BlockType": "LINE",
      "Confidence": 99.99095916748047,
      "Text": "394",
      "Geometry": {
        "BoundingBox": {
          "Width": 0.02318750135600567,
          "Height": 0.017737476155161858,
          "Left": 0.46321579813957214,
          "Top": 0.5300498604774475
        },
        "Polygon": [
          {
            "X": 0.46321579813957214,
            "Y": 0.5300498604774475
          },
          {
            "X": 0.4863350987434387,
            "Y": 0.5300789475440979
          },
          {
            "X": 0.48640328645706177,
            "Y": 0.5477873682975769
          },
          {
            "X": 0.4632827639579773,
            "Y": 0.5477569103240967
          }
        ]
      },
      "Id": "d1e9efb9-783f-4665-b1d0-840ac51139a8",
      "Relationships": [
        {
          "Type": "CHILD",
          "Ids": [
            "9047762b-200c-48af-89f4-3b47efd631c4"
          ]
        }
      ],
      "Page": 1
    },
    {
      "BlockType": "LINE",
      "Confidence": 99.77755737304688,
      "Text": "14.42",
      "Geometry": {
        "BoundingBox": {
          "Width": 0.03414501994848251,
          "Height": 0.01761205494403839,
          "Left": 0.5511810779571533,
          "Top": 0.5298840403556824
        },
        "Polygon": [
          {
            "X": 0.5511810779571533,
            "Y": 0.5298840403556824
          },
          {
            "X": 0.5852532386779785,
            "Y": 0.5299268960952759
          },
          {
            "X": 0.5853261351585388,
            "Y": 0.5474960803985596
          },
          {
            "X": 0.5512521266937256,
            "Y": 0.5474513173103333
          }
        ]
      },
      "Id": "c460566a-e808-43e1-b671-5c490c5b8920",
      "Relationships": [
        {
          "Type": "CHILD",
          "Ids": [
            "765d75ae-b308-4de2-9781-824858435f2e"
          ]
        }
      ],
      "Page": 1
    },
    {
      "BlockType": "LINE",
      "Confidence": 99.97152709960938,
      "Text": "19.23",
      "Geometry": {
        "BoundingBox": {
          "Width": 0.03396269679069519,
          "Height": 0.017606716603040695,
          "Left": 0.6861878037452698,
          "Top": 0.5300083160400391
        },
        "Polygon": [
          {
            "X": 0.6861878037452698,
            "Y": 0.5300083160400391
          },
          {
            "X": 0.7200705409049988,
            "Y": 0.5300508737564087
          },
          {
            "X": 0.7201504707336426,
            "Y": 0.5476149916648865
          },
          {
            "X": 0.6862659454345703,
            "Y": 0.5475704669952393
          }
        ]
      },
      "Id": "decdc48c-699e-425c-87f1-d556b4602bd7",
      "Relationships": [
        {
          "Type": "CHILD",
          "Ids": [
            "7b740a76-a2c5-4a2a-aa4d-a2418d39c6f4"
          ]
        }
      ],
      "Page": 1
    },
    {
      "BlockType": "LINE",
      "Confidence": 99.20770263671875,
      "Text": "EP/12.5%TAP",
      "Geometry": {
        "BoundingBox": {
          "Width": 0.0879102274775505,
          "Height": 0.019386066123843193,
          "Left": 0.24615886807441711,
          "Top": 0.5599685311317444
        },
        "Polygon": [
          {
            "X": 0.24615886807441711,
            "Y": 0.5599685311317444
          },
          {
            "X": 0.33400365710258484,
            "Y": 0.5600878000259399
          },
          {
            "X": 0.3340691030025482,
            "Y": 0.5793545842170715
          },
          {
            "X": 0.2462192177772522,
            "Y": 0.5792296528816223
          }
        ]
      },
      "Id": "50f57476-5b67-4108-b84d-5f84ddf25c20",
      "Relationships": [
        {
          "Type": "CHILD",
          "Ids": [
            "38d425bc-b110-447c-b295-5e5985c44ab7"
          ]
        }
      ],
      "Page": 1
    },
    {
      "BlockType": "LINE",
      "Confidence": 99.95861053466797,
      "Text": "336",
      "Geometry": {
        "BoundingBox": {
          "Width": 0.023352665826678276,
          "Height": 0.01759888231754303,
          "Left": 0.38038745522499084,
          "Top": 0.5602115392684937
        },
        "Polygon": [
          {
            "X": 0.38038745522499084,
            "Y": 0.5602115392684937
          },
          {
            "X": 0.4036768078804016,
            "Y": 0.5602431297302246
          },
          {
            "X": 0.4037401080131531,
            "Y": 0.5778104066848755
          },
          {
            "X": 0.3804495334625244,
            "Y": 0.5777774453163147
          }
        ]
      },
      "Id": "a99e0dc6-6215-488d-a14a-8fa2a899eff1",
      "Relationships": [
        {
          "Type": "CHILD",
          "Ids": [
            "d9f2076e-8cf4-441b-840b-7479d40d671d"
          ]
        }
      ],
      "Page": 1
    },
    {
      "BlockType": "LINE",
      "Confidence": 99.96253204345703,
      "Text": "388",
      "Geometry": {
        "BoundingBox": {
          "Width": 0.022928914055228233,
          "Height": 0.017691029235720634,
          "Left": 0.4633978605270386,
          "Top": 0.5602306723594666
        },
        "Polygon": [
          {
            "X": 0.4633978605270386,
            "Y": 0.5602306723594666
          },
          {
            "X": 0.48625877499580383,
            "Y": 0.5602617263793945
          },
          {
            "X": 0.48632678389549255,
            "Y": 0.5779217481613159
          },
          {
            "X": 0.4634646773338318,
            "Y": 0.5778893232345581
          }
        ]
      },
      "Id": "813b5366-ea1e-4e38-81bf-c59946125763",
      "Relationships": [
        {
          "Type": "CHILD",
          "Ids": [
            "5f9af993-09a7-46c1-ab36-51707ffaed88"
          ]
        }
      ],
      "Page": 1
    },
    {
      "BlockType": "LINE",
      "Confidence": 99.93199920654297,
      "Text": "13.72",
      "Geometry": {
        "BoundingBox": {
          "Width": 0.034076329320669174,
          "Height": 0.017595386132597923,
          "Left": 0.5511742234230042,
          "Top": 0.5600900053977966
        },
        "Polygon": [
          {
            "X": 0.5511742234230042,
            "Y": 0.5600900053977966
          },
          {
            "X": 0.5851777195930481,
            "Y": 0.5601361989974976
          },
          {
            "X": 0.5852504968643188,
            "Y": 0.5776854157447815
          },
          {
            "X": 0.5512451529502869,
            "Y": 0.5776373147964478
          }
        ]
      },
      "Id": "f9344c79-d096-425e-acf4-229b3e47cbdc",
      "Relationships": [
        {
          "Type": "CHILD",
          "Ids": [
            "86dd59c2-b1a0-47e1-8335-6866490443a4"
          ]
        }
      ],
      "Page": 1
    },
    {
      "BlockType": "LINE",
      "Confidence": 99.7542495727539,
      "Text": "18.31",
      "Geometry": {
        "BoundingBox": {
          "Width": 0.03301313892006874,
          "Height": 0.01742366887629032,
          "Left": 0.6861501932144165,
          "Top": 0.5601126551628113
        },
        "Polygon": [
          {
            "X": 0.6861501932144165,
            "Y": 0.5601126551628113
          },
          {
            "X": 0.7190843224525452,
            "Y": 0.5601573586463928
          },
          {
            "X": 0.7191632986068726,
            "Y": 0.5775363445281982
          },
          {
            "X": 0.6862275004386902,
            "Y": 0.5774897933006287
          }
        ]
      },
      "Id": "85346510-7710-47c9-92e8-8003a1a67eb5",
      "Relationships": [
        {
          "Type": "CHILD",
          "Ids": [
            "7762efcb-003f-436b-9024-9102d9098186"
          ]
        }
      ],
      "Page": 1
    },
    {
      "BlockType": "LINE",
      "Confidence": 99.92220306396484,
      "Text": "TAP",
      "Geometry": {
        "BoundingBox": {
          "Width": 0.025848647579550743,
          "Height": 0.017034024000167847,
          "Left": 0.24602584540843964,
          "Top": 0.5905398726463318
        },
        "Polygon": [
          {
            "X": 0.24602584540843964,
            "Y": 0.5905398726463318
          },
          {
            "X": 0.27181994915008545,
            "Y": 0.5905774831771851
          },
          {
            "X": 0.27187448740005493,
            "Y": 0.6075738668441772
          },
          {
            "X": 0.24607908725738525,
            "Y": 0.6075347661972046
          }
        ]
      },
      "Id": "0799922a-c0f3-426b-9a11-707a9e06d21b",
      "Relationships": [
        {
          "Type": "CHILD",
          "Ids": [
            "359af26b-17f1-475c-b814-6c6089b7e92d"
          ]
        }
      ],
      "Page": 1
    },
    {
      "BlockType": "LINE",
      "Confidence": 99.98082733154297,
      "Text": "304",
      "Geometry": {
        "BoundingBox": {
          "Width": 0.023092590272426605,
          "Height": 0.017476443201303482,
          "Left": 0.38050082325935364,
          "Top": 0.5905101895332336
        },
        "Polygon": [
          {
            "X": 0.38050082325935364,
            "Y": 0.5905101895332336
          },
          {
            "X": 0.4035305678844452,
            "Y": 0.5905437469482422
          },
          {
            "X": 0.40359342098236084,
            "Y": 0.6079866290092468
          },
          {
            "X": 0.3805624842643738,
            "Y": 0.6079517006874084
          }
        ]
      },
      "Id": "97bb7cfe-405f-40a9-b1dc-6c7406fea9b4",
      "Relationships": [
        {
          "Type": "CHILD",
          "Ids": [
            "af45ff9a-cba5-49d5-8225-720c8924ce4b"
          ]
        }
      ],
      "Page": 1
    },
    {
      "BlockType": "LINE",
      "Confidence": 99.97931671142578,
      "Text": "316, 455",
      "Geometry": {
        "BoundingBox": {
          "Width": 0.054285407066345215,
          "Height": 0.021012239158153534,
          "Left": 0.46305784583091736,
          "Top": 0.5903586149215698
        },
        "Polygon": [
          {
            "X": 0.46305784583091736,
            "Y": 0.5903586149215698
          },
          {
            "X": 0.517260730266571,
            "Y": 0.590437650680542
          },
          {
            "X": 0.5173432230949402,
            "Y": 0.611370861530304
          },
          {
            "X": 0.4631370007991791,
            "Y": 0.6112880706787109
          }
        ]
      },
      "Id": "fba64db9-6e97-444a-8bf0-303183a73ef8",
      "Relationships": [
        {
          "Type": "CHILD",
          "Ids": [
            "d4e58918-4389-4aa7-a685-931478bc22a8",
            "db856e5a-4263-4143-89ae-f173f3cdee5b"
          ]
        }
      ],
      "Page": 1
    },
    {
      "BlockType": "LINE",
      "Confidence": 99.90345001220703,
      "Text": "7.57, 5.61",
      "Geometry": {
        "BoundingBox": {
          "Width": 0.061304133385419846,
          "Height": 0.02102048508822918,
          "Left": 0.5502139329910278,
          "Top": 0.5901970863342285
        },
        "Polygon": [
          {
            "X": 0.5502139329910278,
            "Y": 0.5901970863342285
          },
          {
            "X": 0.6114296317100525,
            "Y": 0.5902862548828125
          },
          {
            "X": 0.6115180253982544,
            "Y": 0.6112175583839417
          },
          {
            "X": 0.5502985119819641,
            "Y": 0.6111241579055786
          }
        ]
      },
      "Id": "21f59a86-b504-4d05-9a1b-23f251a25060",
      "Relationships": [
        {
          "Type": "CHILD",
          "Ids": [
            "e1d9d84b-be58-4fb6-bf83-167ad71de02a",
            "f2d8f472-24d9-494b-9a50-5d0a563a7d25"
          ]
        }
      ],
      "Page": 1
    },
    {
      "BlockType": "LINE",
      "Confidence": 99.92147064208984,
      "Text": "15.47",
      "Geometry": {
        "BoundingBox": {
          "Width": 0.0343237966299057,
          "Height": 0.017707690596580505,
          "Left": 0.6861199736595154,
          "Top": 0.5902280807495117
        },
        "Polygon": [
          {
            "X": 0.6861199736595154,
            "Y": 0.5902280807495117
          },
          {
            "X": 0.7203633785247803,
            "Y": 0.590277910232544
          },
          {
            "X": 0.7204437851905823,
            "Y": 0.6079357862472534
          },
          {
            "X": 0.6861985325813293,
            "Y": 0.607883870601654
          }
        ]
      },
      "Id": "8a1feb34-76e2-43ae-b87c-310c5aae4fd3",
      "Relationships": [
        {
          "Type": "CHILD",
          "Ids": [
            "ecee7935-19d8-4cd6-8c5b-43cda385c802"
          ]
        }
      ],
      "Page": 1
    },
    {
      "BlockType": "WORD",
      "Confidence": 99.9651107788086,
      "Text": "Sample",
      "TextType": "PRINTED",
      "Geometry": {
        "BoundingBox": {
          "Width": 0.04467716068029404,
          "Height": 0.023066241294145584,
          "Left": 0.24652110040187836,
          "Top": 0.3932415843009949
        },
        "Polygon": [
          {
            "X": 0.24652110040187836,
            "Y": 0.3932415843009949
          },
          {
            "X": 0.2911229729652405,
            "Y": 0.39327746629714966
          },
          {
            "X": 0.2911982536315918,
            "Y": 0.41630783677101135
          },
          {
            "X": 0.24659331142902374,
            "Y": 0.41626855731010437
          }
        ]
      },
      "Id": "0b6dbed6-ecdd-44ef-9ffd-ca3c03ecc238",
      "Page": 1
    },
    {
      "BlockType": "WORD",
      "Confidence": 99.37489318847656,
      "Text": "T5%",
      "TextType": "PRINTED",
      "Geometry": {
        "BoundingBox": {
          "Width": 0.023988027125597,
          "Height": 0.020931966602802277,
          "Left": 0.380124032497406,
          "Top": 0.3943149447441101
        },
        "Polygon": [
          {
            "X": 0.380124032497406,
            "Y": 0.3943149447441101
          },
          {
            "X": 0.40403664112091064,
            "Y": 0.39433425664901733
          },
          {
            "X": 0.4041120707988739,
            "Y": 0.4152469038963318
          },
          {
            "X": 0.3801979720592499,
            "Y": 0.41522595286369324
          }
        ]
      },
      "Id": "32a9ea2f-bf4d-46b3-959e-65fd626e1f77",
      "Page": 1
    },
    {
      "BlockType": "WORD",
      "Confidence": 45.30080032348633,
      "Text": "(°C)",
      "TextType": "PRINTED",
      "Geometry": {
        "BoundingBox": {
          "Width": 0.024284223094582558,
          "Height": 0.021522821858525276,
          "Left": 0.4078161120414734,
          "Top": 0.3932029902935028
        },
        "Polygon": [
          {
            "X": 0.4078161120414734,
            "Y": 0.3932029902935028
          },
          {
            "X": 0.43202099204063416,
            "Y": 0.393222451210022
          },
          {
            "X": 0.4321003556251526,
            "Y": 0.41472581028938293
          },
          {
            "X": 0.40789392590522766,
            "Y": 0.4147046208381653
          }
        ]
      },
      "Id": "6ed450c3-4689-4238-b4d2-2c74016034b3",
      "Page": 1
    },
    {
      "BlockType": "WORD",
      "Confidence": 99.63084411621094,
      "Text": "Tmax",
      "TextType": "PRINTED",
      "Geometry": {
        "BoundingBox": {
          "Width": 0.028292063623666763,
          "Height": 0.020865583792328835,
          "Left": 0.46268677711486816,
          "Top": 0.39425694942474365
        },
        "Polygon": [
          {
            "X": 0.46268677711486816,
            "Y": 0.39425694942474365
          },
          {
            "X": 0.4908982217311859,
            "Y": 0.39427971839904785
          },
          {
            "X": 0.49097883701324463,
            "Y": 0.41512250900268555
          },
          {
            "X": 0.4627656042575836,
            "Y": 0.41509780287742615
          }
        ]
      },
      "Id": "f8c5e011-c08c-4319-82e9-3c1a78fdf1b5",
      "Page": 1
    },
    {
      "BlockType": "WORD",
      "Confidence": 50.17066192626953,
      "Text": "(C)",
      "TextType": "PRINTED",
      "Geometry": {
        "BoundingBox": {
          "Width": 0.024501858279109,
          "Height": 0.0215291827917099,
          "Left": 0.49501708149909973,
          "Top": 0.39322733879089355
        },
        "Polygon": [
          {
            "X": 0.49501708149909973,
            "Y": 0.39322733879089355
          },
          {
            "X": 0.5194339156150818,
            "Y": 0.39324697852134705
          },
          {
            "X": 0.5195189118385315,
            "Y": 0.41475653648376465
          },
          {
            "X": 0.4951004981994629,
            "Y": 0.41473516821861267
          }
        ]
      },
      "Id": "8921f7e4-4f0b-414d-8185-3e3384473e50",
      "Page": 1
    },
    {
      "BlockType": "WORD",
      "Confidence": 98.93323516845703,
      "Text": "MLRmax",
      "TextType": "PRINTED",
      "Geometry": {
        "BoundingBox": {
          "Width": 0.04779168963432312,
          "Height": 0.020977552980184555,
          "Left": 0.5503957271575928,
          "Top": 0.3940364122390747
        },
        "Polygon": [
          {
            "X": 0.5503957271575928,
            "Y": 0.3940364122390747
          },
          {
            "X": 0.5980997085571289,
            "Y": 0.39407485723495483
          },
          {
            "X": 0.5981874465942383,
            "Y": 0.41501396894454956
          },
          {
            "X": 0.5504804253578186,
            "Y": 0.414972186088562
          }
        ]
      },
      "Id": "1daa79f4-595f-4f5a-a713-8feb23d0f976",
      "Page": 1
    },
    {
      "BlockType": "WORD",
      "Confidence": 99.53887176513672,
      "Text": "(%/min)",
      "TextType": "PRINTED",
      "Geometry": {
        "BoundingBox": {
          "Width": 0.05311988294124603,
          "Height": 0.02071293443441391,
          "Left": 0.6020210981369019,
          "Top": 0.3933979570865631
        },
        "Polygon": [
          {
            "X": 0.6020210981369019,
            "Y": 0.3933979570865631
          },
          {
            "X": 0.6550508737564087,
            "Y": 0.3934405744075775
          },
          {
            "X": 0.6551409959793091,
            "Y": 0.4141108989715576
          },
          {
            "X": 0.6021078824996948,
            "Y": 0.4140646159648895
          }
        ]
      },
      "Id": "14b35e0e-9530-45b0-a2ef-b2e981e0f3b8",
      "Page": 1
    },
    {
      "BlockType": "WORD",
      "Confidence": 99.77598571777344,
      "Text": "Char",
      "TextType": "PRINTED",
      "Geometry": {
        "BoundingBox": {
          "Width": 0.029728753492236137,
          "Height": 0.018084194511175156,
          "Left": 0.6855027079582214,
          "Top": 0.39325398206710815
        },
        "Polygon": [
          {
            "X": 0.6855027079582214,
            "Y": 0.39325398206710815
          },
          {
            "X": 0.7151495218276978,
            "Y": 0.3932777941226959
          },
          {
            "X": 0.7152314782142639,
            "Y": 0.4113381803035736
          },
          {
            "X": 0.6855830550193787,
            "Y": 0.4113125801086426
          }
        ]
      },
      "Id": "482d442a-405f-429a-8486-cbf2ac427d67",
      "Page": 1
    },
    {
      "BlockType": "WORD",
      "Confidence": 99.72354888916016,
      "Text": "residue",
      "TextType": "PRINTED",
      "Geometry": {
        "BoundingBox": {
          "Width": 0.04447178542613983,
          "Height": 0.018009766936302185,
          "Left": 0.7185894250869751,
          "Top": 0.39332520961761475
        },
        "Polygon": [
          {
            "X": 0.7185894250869751,
            "Y": 0.39332520961761475
          },
          {
            "X": 0.7629770636558533,
            "Y": 0.39336085319519043
          },
          {
            "X": 0.7630612254142761,
            "Y": 0.41133496165275574
          },
          {
            "X": 0.7186711430549622,
            "Y": 0.41129666566848755
          }
        ]
      },
      "Id": "877ebb3b-3179-4910-ba5e-21e7b97b262a",
      "Page": 1
    },
    {
      "BlockType": "WORD",
      "Confidence": 96.0807113647461,
      "Text": "(wt%)",
      "TextType": "PRINTED",
      "Geometry": {
        "BoundingBox": {
          "Width": 0.03793024271726608,
          "Height": 0.02092127874493599,
          "Left": 0.6855032444000244,
          "Top": 0.42378535866737366
        },
        "Polygon": [
          {
            "X": 0.6855032444000244,
            "Y": 0.42378535866737366
          },
          {
            "X": 0.7233381867408752,
            "Y": 0.42381957173347473
          },
          {
            "X": 0.7234334945678711,
            "Y": 0.44470664858818054
          },
          {
            "X": 0.6855961084365845,
            "Y": 0.44466978311538696
          }
        ]
      },
      "Id": "6b9f7a68-c958-4d81-a9ee-2c06632626f2",
      "Page": 1
    },
    {
      "BlockType": "WORD",
      "Confidence": 99.83013916015625,
      "Text": "EP",
      "TextType": "PRINTED",
      "Geometry": {
        "BoundingBox": {
          "Width": 0.01585533283650875,
          "Height": 0.01676115207374096,
          "Left": 0.2464062124490738,
          "Top": 0.4712987244129181
        },
        "Polygon": [
          {
            "X": 0.2464062124490738,
            "Y": 0.4712987244129181
          },
          {
            "X": 0.2622082531452179,
            "Y": 0.47131553292274475
          },
          {
            "X": 0.2622615396976471,
            "Y": 0.4880598783493042
          },
          {
            "X": 0.24645869433879852,
            "Y": 0.4880422055721283
          }
        ]
      },
      "Id": "e05c753f-892a-4c76-b4c4-6c9e0c297181",
      "Page": 1
    },
    {
      "BlockType": "WORD",
      "Confidence": 99.97484588623047,
      "Text": "389",
      "TextType": "PRINTED",
      "Geometry": {
        "BoundingBox": {
          "Width": 0.023299401625990868,
          "Height": 0.01725940778851509,
          "Left": 0.38039445877075195,
          "Top": 0.47093719244003296
        },
        "Polygon": [
          {
            "X": 0.38039445877075195,
            "Y": 0.47093719244003296
          },
          {
            "X": 0.4036317467689514,
            "Y": 0.47096186876296997
          },
          {
            "X": 0.40369388461112976,
            "Y": 0.48819658160209656
          },
          {
            "X": 0.3804554045200348,
            "Y": 0.4881705939769745
          }
        ]
      },
      "Id": "aa955572-37c9-4264-8fa1-458f7fe6cf2b",
      "Page": 1
    },
    {
      "BlockType": "WORD",
      "Confidence": 99.98362731933594,
      "Text": "419",
      "TextType": "PRINTED",
      "Geometry": {
        "BoundingBox": {
          "Width": 0.023246239870786667,
          "Height": 0.01737782172858715,
          "Left": 0.46314042806625366,
          "Top": 0.47089409828186035
        },
        "Polygon": [
          {
            "X": 0.46314042806625366,
            "Y": 0.47089409828186035
          },
          {
            "X": 0.48631981015205383,
            "Y": 0.4709187150001526
          },
          {
            "X": 0.48638665676116943,
            "Y": 0.48827192187309265
          },
          {
            "X": 0.46320605278015137,
            "Y": 0.48824599385261536
          }
        ]
      },
      "Id": "53e6d2b2-e3df-42f3-b67b-a2fdf9e1d4fb",
      "Page": 1
    },
    {
      "BlockType": "WORD",
      "Confidence": 99.95335388183594,
      "Text": "20.10",
      "TextType": "PRINTED",
      "Geometry": {
        "BoundingBox": {
          "Width": 0.034885864704847336,
          "Height": 0.01742543652653694,
          "Left": 0.5503669381141663,
          "Top": 0.47083064913749695
        },
        "Polygon": [
          {
            "X": 0.5503669381141663,
            "Y": 0.47083064913749695
          },
          {
            "X": 0.5851806402206421,
            "Y": 0.4708675742149353
          },
          {
            "X": 0.5852528214454651,
            "Y": 0.4882560968399048
          },
          {
            "X": 0.5504372119903564,
            "Y": 0.48821714520454407
          }
        ]
      },
      "Id": "2d3484f7-d7f6-4fb5-8e5f-937da0cca2a6",
      "Page": 1
    },
    {
      "BlockType": "WORD",
      "Confidence": 99.9619140625,
      "Text": "15.49",
      "TextType": "PRINTED",
      "Geometry": {
        "BoundingBox": {
          "Width": 0.03462681174278259,
          "Height": 0.01788911037147045,
          "Left": 0.6859909892082214,
          "Top": 0.4706520736217499
        },
        "Polygon": [
          {
            "X": 0.6859909892082214,
            "Y": 0.4706520736217499
          },
          {
            "X": 0.7205365300178528,
            "Y": 0.47068867087364197
          },
          {
            "X": 0.7206178307533264,
            "Y": 0.4885411858558655
          },
          {
            "X": 0.686070442199707,
            "Y": 0.48850253224372864
          }
        ]
      },
      "Id": "8be694d8-3c6f-4c1b-93c8-c609c8443f2a",
      "Page": 1
    },
    {
      "BlockType": "WORD",
      "Confidence": 99.48047637939453,
      "Text": "EP/7.5%TAP",
      "TextType": "PRINTED",
      "Geometry": {
        "BoundingBox": {
          "Width": 0.07994358241558075,
          "Height": 0.018764430657029152,
          "Left": 0.2462622970342636,
          "Top": 0.5009179711341858
        },
        "Polygon": [
          {
            "X": 0.2462622970342636,
            "Y": 0.5009179711341858
          },
          {
            "X": 0.32614290714263916,
            "Y": 0.5010107755661011
          },
          {
            "X": 0.32620587944984436,
            "Y": 0.5196824073791504
          },
          {
            "X": 0.24632079899311066,
            "Y": 0.5195846557617188
          }
        ]
      },
      "Id": "fb4dc9e5-619a-42f5-9e7e-2d8fb2c5902e",
      "Page": 1
    },
    {
      "BlockType": "WORD",
      "Confidence": 99.9829330444336,
      "Text": "348",
      "TextType": "PRINTED",
      "Geometry": {
        "BoundingBox": {
          "Width": 0.023524858057498932,
          "Height": 0.017741333693265915,
          "Left": 0.38017162680625916,
          "Top": 0.5006418228149414
        },
        "Polygon": [
          {
            "X": 0.38017162680625916,
            "Y": 0.5006418228149414
          },
          {
            "X": 0.40363264083862305,
            "Y": 0.500669002532959
          },
          {
            "X": 0.4036965072154999,
            "Y": 0.5183831453323364
          },
          {
            "X": 0.3802342414855957,
            "Y": 0.5183545351028442
          }
        ]
      },
      "Id": "987a02c1-fe0a-446a-8158-f5a78c982fc4",
      "Page": 1
    },
    {
      "BlockType": "WORD",
      "Confidence": 99.98211669921875,
      "Text": "400",
      "TextType": "PRINTED",
      "Geometry": {
        "BoundingBox": {
          "Width": 0.022447332739830017,
          "Height": 0.017186032608151436,
          "Left": 0.4634872078895569,
          "Top": 0.5011982917785645
        },
        "Polygon": [
          {
            "X": 0.4634872078895569,
            "Y": 0.5011982917785645
          },
          {
            "X": 0.4858684539794922,
            "Y": 0.5012242794036865
          },
          {
            "X": 0.4859345257282257,
            "Y": 0.5183843374252319
          },
          {
            "X": 0.4635521173477173,
            "Y": 0.5183570384979248
          }
        ]
      },
      "Id": "187665ab-eb5a-4cf1-b23c-827b0f720759",
      "Page": 1
    },
    {
      "BlockType": "WORD",
      "Confidence": 99.94170379638672,
      "Text": "15.73",
      "TextType": "PRINTED",
      "Geometry": {
        "BoundingBox": {
          "Width": 0.033717717975378036,
          "Height": 0.017488405108451843,
          "Left": 0.5512502789497375,
          "Top": 0.501270055770874
        },
        "Polygon": [
          {
            "X": 0.5512502789497375,
            "Y": 0.501270055770874
          },
          {
            "X": 0.5848956108093262,
            "Y": 0.5013091564178467
          },
          {
            "X": 0.5849679708480835,
            "Y": 0.5187584757804871
          },
          {
            "X": 0.5513208508491516,
            "Y": 0.5187174677848816
          }
        ]
      },
      "Id": "44d9c85a-2042-4a3c-b493-ebaba44fcb32",
      "Page": 1
    },
    {
      "BlockType": "WORD",
      "Confidence": 99.9166259765625,
      "Text": "18.65",
      "TextType": "PRINTED",
      "Geometry": {
        "BoundingBox": {
          "Width": 0.034274786710739136,
          "Height": 0.017582466825842857,
          "Left": 0.6860463619232178,
          "Top": 0.500899612903595
        },
        "Polygon": [
          {
            "X": 0.6860463619232178,
            "Y": 0.500899612903595
          },
          {
            "X": 0.7202413082122803,
            "Y": 0.5009392499923706
          },
          {
            "X": 0.7203211784362793,
            "Y": 0.5184820890426636
          },
          {
            "X": 0.6861244440078735,
            "Y": 0.5184404253959656
          }
        ]
      },
      "Id": "9178d379-59c2-4435-980e-2c10aa70ece4",
      "Page": 1
    },
    {
      "BlockType": "WORD",
      "Confidence": 99.52216339111328,
      "Text": "EP/10%TAP",
      "TextType": "PRINTED",
      "Geometry": {
        "BoundingBox": {
          "Width": 0.07617764174938202,
          "Height": 0.018960492685437202,
          "Left": 0.2460641711950302,
          "Top": 0.5299574136734009
        },
        "Polygon": [
          {
            "X": 0.2460641711950302,
            "Y": 0.5299574136734009
          },
          {
            "X": 0.3221783936023712,
            "Y": 0.5300531983375549
          },
          {
            "X": 0.32224181294441223,
            "Y": 0.5489179491996765
          },
          {
            "X": 0.24612325429916382,
            "Y": 0.5488173961639404
          }
        ]
      },
      "Id": "e361cde6-e7e1-4136-a47a-b8d0a338acd2",
      "Page": 1
    },
    {
      "BlockType": "WORD",
      "Confidence": 99.98847961425781,
      "Text": "340",
      "TextType": "PRINTED",
      "Geometry": {
        "BoundingBox": {
          "Width": 0.023413866758346558,
          "Height": 0.017410892993211746,
          "Left": 0.38034921884536743,
          "Top": 0.5301685929298401
        },
        "Polygon": [
          {
            "X": 0.38034921884536743,
            "Y": 0.5301685929298401
          },
          {
            "X": 0.40370044112205505,
            "Y": 0.5301979780197144
          },
          {
            "X": 0.403763085603714,
            "Y": 0.5475794672966003
          },
          {
            "X": 0.38041067123413086,
            "Y": 0.5475487112998962
          }
        ]
      },
      "Id": "d9f89a88-e42e-46c4-8350-ec65de527ec4",
      "Page": 1
    },
    {
      "BlockType": "WORD",
      "Confidence": 99.99095916748047,
      "Text": "394",
      "TextType": "PRINTED",
      "Geometry": {
        "BoundingBox": {
          "Width": 0.02318750135600567,
          "Height": 0.017737476155161858,
          "Left": 0.46321579813957214,
          "Top": 0.5300498604774475
        },
        "Polygon": [
          {
            "X": 0.46321579813957214,
            "Y": 0.5300498604774475
          },
          {
            "X": 0.4863350987434387,
            "Y": 0.5300789475440979
          },
          {
            "X": 0.48640328645706177,
            "Y": 0.5477873682975769
          },
          {
            "X": 0.4632827639579773,
            "Y": 0.5477569103240967
          }
        ]
      },
      "Id": "9047762b-200c-48af-89f4-3b47efd631c4",
      "Page": 1
    },
    {
      "BlockType": "WORD",
      "Confidence": 99.77755737304688,
      "Text": "14.42",
      "TextType": "PRINTED",
      "Geometry": {
        "BoundingBox": {
          "Width": 0.03414501994848251,
          "Height": 0.01761205494403839,
          "Left": 0.5511810779571533,
          "Top": 0.5298840403556824
        },
        "Polygon": [
          {
            "X": 0.5511810779571533,
            "Y": 0.5298840403556824
          },
          {
            "X": 0.5852532386779785,
            "Y": 0.5299268960952759
          },
          {
            "X": 0.5853261351585388,
            "Y": 0.5474960803985596
          },
          {
            "X": 0.5512521266937256,
            "Y": 0.5474513173103333
          }
        ]
      },
      "Id": "765d75ae-b308-4de2-9781-824858435f2e",
      "Page": 1
    },
    {
      "BlockType": "WORD",
      "Confidence": 99.97152709960938,
      "Text": "19.23",
      "TextType": "PRINTED",
      "Geometry": {
        "BoundingBox": {
          "Width": 0.03396269679069519,
          "Height": 0.017606716603040695,
          "Left": 0.6861878037452698,
          "Top": 0.5300083160400391
        },
        "Polygon": [
          {
            "X": 0.6861878037452698,
            "Y": 0.5300083160400391
          },
          {
            "X": 0.7200705409049988,
            "Y": 0.5300508737564087
          },
          {
            "X": 0.7201504707336426,
            "Y": 0.5476149916648865
          },
          {
            "X": 0.6862659454345703,
            "Y": 0.5475704669952393
          }
        ]
      },
      "Id": "7b740a76-a2c5-4a2a-aa4d-a2418d39c6f4",
      "Page": 1
    },
    {
      "BlockType": "WORD",
      "Confidence": 99.20770263671875,
      "Text": "EP/12.5%TAP",
      "TextType": "PRINTED",
      "Geometry": {
        "BoundingBox": {
          "Width": 0.0879102274775505,
          "Height": 0.019386066123843193,
          "Left": 0.24615886807441711,
          "Top": 0.5599685311317444
        },
        "Polygon": [
          {
            "X": 0.24615886807441711,
            "Y": 0.5599685311317444
          },
          {
            "X": 0.33400365710258484,
            "Y": 0.5600878000259399
          },
          {
            "X": 0.3340691030025482,
            "Y": 0.5793545842170715
          },
          {
            "X": 0.2462192177772522,
            "Y": 0.5792296528816223
          }
        ]
      },
      "Id": "38d425bc-b110-447c-b295-5e5985c44ab7",
      "Page": 1
    },
    {
      "BlockType": "WORD",
      "Confidence": 99.95861053466797,
      "Text": "336",
      "TextType": "PRINTED",
      "Geometry": {
        "BoundingBox": {
          "Width": 0.023352665826678276,
          "Height": 0.01759888231754303,
          "Left": 0.38038745522499084,
          "Top": 0.5602115392684937
        },
        "Polygon": [
          {
            "X": 0.38038745522499084,
            "Y": 0.5602115392684937
          },
          {
            "X": 0.4036768078804016,
            "Y": 0.5602431297302246
          },
          {
            "X": 0.4037401080131531,
            "Y": 0.5778104066848755
          },
          {
            "X": 0.3804495334625244,
            "Y": 0.5777774453163147
          }
        ]
      },
      "Id": "d9f2076e-8cf4-441b-840b-7479d40d671d",
      "Page": 1
    },
    {
      "BlockType": "WORD",
      "Confidence": 99.96253204345703,
      "Text": "388",
      "TextType": "PRINTED",
      "Geometry": {
        "BoundingBox": {
          "Width": 0.022928914055228233,
          "Height": 0.017691029235720634,
          "Left": 0.4633978605270386,
          "Top": 0.5602306723594666
        },
        "Polygon": [
          {
            "X": 0.4633978605270386,
            "Y": 0.5602306723594666
          },
          {
            "X": 0.48625877499580383,
            "Y": 0.5602617263793945
          },
          {
            "X": 0.48632678389549255,
            "Y": 0.5779217481613159
          },
          {
            "X": 0.4634646773338318,
            "Y": 0.5778893232345581
          }
        ]
      },
      "Id": "5f9af993-09a7-46c1-ab36-51707ffaed88",
      "Page": 1
    },
    {
      "BlockType": "WORD",
      "Confidence": 99.93199920654297,
      "Text": "13.72",
      "TextType": "PRINTED",
      "Geometry": {
        "BoundingBox": {
          "Width": 0.034076329320669174,
          "Height": 0.017595386132597923,
          "Left": 0.5511742234230042,
          "Top": 0.5600900053977966
        },
        "Polygon": [
          {
            "X": 0.5511742234230042,
            "Y": 0.5600900053977966
          },
          {
            "X": 0.5851777195930481,
            "Y": 0.5601361989974976
          },
          {
            "X": 0.5852504968643188,
            "Y": 0.5776854157447815
          },
          {
            "X": 0.5512451529502869,
            "Y": 0.5776373147964478
          }
        ]
      },
      "Id": "86dd59c2-b1a0-47e1-8335-6866490443a4",
      "Page": 1
    },
    {
      "BlockType": "WORD",
      "Confidence": 99.7542495727539,
      "Text": "18.31",
      "TextType": "PRINTED",
      "Geometry": {
        "BoundingBox": {
          "Width": 0.03301313892006874,
          "Height": 0.01742366887629032,
          "Left": 0.6861501932144165,
          "Top": 0.5601126551628113
        },
        "Polygon": [
          {
            "X": 0.6861501932144165,
            "Y": 0.5601126551628113
          },
          {
            "X": 0.7190843224525452,
            "Y": 0.5601573586463928
          },
          {
            "X": 0.7191632986068726,
            "Y": 0.5775363445281982
          },
          {
            "X": 0.6862275004386902,
            "Y": 0.5774897933006287
          }
        ]
      },
      "Id": "7762efcb-003f-436b-9024-9102d9098186",
      "Page": 1
    },
    {
      "BlockType": "WORD",
      "Confidence": 99.92220306396484,
      "Text": "TAP",
      "TextType": "PRINTED",
      "Geometry": {
        "BoundingBox": {
          "Width": 0.025848647579550743,
          "Height": 0.017034024000167847,
          "Left": 0.24602584540843964,
          "Top": 0.5905398726463318
        },
        "Polygon": [
          {
            "X": 0.24602584540843964,
            "Y": 0.5905398726463318
          },
          {
            "X": 0.27181994915008545,
            "Y": 0.5905774831771851
          },
          {
            "X": 0.27187448740005493,
            "Y": 0.6075738668441772
          },
          {
            "X": 0.24607908725738525,
            "Y": 0.6075347661972046
          }
        ]
      },
      "Id": "359af26b-17f1-475c-b814-6c6089b7e92d",
      "Page": 1
    },
    {
      "BlockType": "WORD",
      "Confidence": 99.98082733154297,
      "Text": "304",
      "TextType": "PRINTED",
      "Geometry": {
        "BoundingBox": {
          "Width": 0.023092590272426605,
          "Height": 0.017476443201303482,
          "Left": 0.38050082325935364,
          "Top": 0.5905101895332336
        },
        "Polygon": [
          {
            "X": 0.38050082325935364,
            "Y": 0.5905101895332336
          },
          {
            "X": 0.4035305678844452,
            "Y": 0.5905437469482422
          },
          {
            "X": 0.40359342098236084,
            "Y": 0.6079866290092468
          },
          {
            "X": 0.3805624842643738,
            "Y": 0.6079517006874084
          }
        ]
      },
      "Id": "af45ff9a-cba5-49d5-8225-720c8924ce4b",
      "Page": 1
    },
    {
      "BlockType": "WORD",
      "Confidence": 99.97206115722656,
      "Text": "316,",
      "TextType": "PRINTED",
      "Geometry": {
        "BoundingBox": {
          "Width": 0.0269246194511652,
          "Height": 0.020970458164811134,
          "Left": 0.46305784583091736,
          "Top": 0.5903586149215698
        },
        "Polygon": [
          {
            "X": 0.46305784583091736,
            "Y": 0.5903586149215698
          },
          {
            "X": 0.4899016320705414,
            "Y": 0.5903977751731873
          },
          {
            "X": 0.4899824559688568,
            "Y": 0.6113290786743164
          },
          {
            "X": 0.4631370007991791,
            "Y": 0.6112880706787109
          }
        ]
      },
      "Id": "d4e58918-4389-4aa7-a685-931478bc22a8",
      "Page": 1
    },
    {
      "BlockType": "WORD",
      "Confidence": 99.986572265625,
      "Text": "455",
      "TextType": "PRINTED",
      "Geometry": {
        "BoundingBox": {
          "Width": 0.02302977256476879,
          "Height": 0.017379194498062134,
          "Left": 0.4943004846572876,
          "Top": 0.5906984806060791
        },
        "Polygon": [
          {
            "X": 0.4943004846572876,
            "Y": 0.5906984806060791
          },
          {
            "X": 0.5172618627548218,
            "Y": 0.5907319188117981
          },
          {
            "X": 0.5173302888870239,
            "Y": 0.6080776453018188
          },
          {
            "X": 0.49436768889427185,
            "Y": 0.60804283618927
          }
        ]
      },
      "Id": "db856e5a-4263-4143-89ae-f173f3cdee5b",
      "Page": 1
    },
    {
      "BlockType": "WORD",
      "Confidence": 99.9024658203125,
      "Text": "7.57,",
      "TextType": "PRINTED",
      "Geometry": {
        "BoundingBox": {
          "Width": 0.031016061082482338,
          "Height": 0.02077498845756054,
          "Left": 0.5502147078514099,
          "Top": 0.5903963446617126
        },
        "Polygon": [
          {
            "X": 0.5502147078514099,
            "Y": 0.5903963446617126
          },
          {
            "X": 0.5811451077461243,
            "Y": 0.5904414057731628
          },
          {
            "X": 0.5812307596206665,
            "Y": 0.6111713647842407
          },
          {
            "X": 0.5502985119819641,
            "Y": 0.6111241579055786
          }
        ]
      },
      "Id": "e1d9d84b-be58-4fb6-bf83-167ad71de02a",
      "Page": 1
    },
    {
      "BlockType": "WORD",
      "Confidence": 99.90443420410156,
      "Text": "5.61",
      "TextType": "PRINTED",
      "Geometry": {
        "BoundingBox": {
          "Width": 0.025867896154522896,
          "Height": 0.01755649596452713,
          "Left": 0.5856357216835022,
          "Top": 0.5902486443519592
        },
        "Polygon": [
          {
            "X": 0.5856357216835022,
            "Y": 0.5902486443519592
          },
          {
            "X": 0.6114296317100525,
            "Y": 0.5902862548828125
          },
          {
            "X": 0.6115036606788635,
            "Y": 0.6078051924705505
          },
          {
            "X": 0.5857083797454834,
            "Y": 0.6077660918235779
          }
        ]
      },
      "Id": "f2d8f472-24d9-494b-9a50-5d0a563a7d25",
      "Page": 1
    },
    {
      "BlockType": "WORD",
      "Confidence": 99.92147064208984,
      "Text": "15.47",
      "TextType": "PRINTED",
      "Geometry": {
        "BoundingBox": {
          "Width": 0.0343237966299057,
          "Height": 0.017707690596580505,
          "Left": 0.6861199736595154,
          "Top": 0.5902280807495117
        },
        "Polygon": [
          {
            "X": 0.6861199736595154,
            "Y": 0.5902280807495117
          },
          {
            "X": 0.7203633785247803,
            "Y": 0.590277910232544
          },
          {
            "X": 0.7204437851905823,
            "Y": 0.6079357862472534
          },
          {
            "X": 0.6861985325813293,
            "Y": 0.607883870601654
          }
        ]
      },
      "Id": "ecee7935-19d8-4cd6-8c5b-43cda385c802",
      "Page": 1
    },
    {
      "BlockType": "TABLE",
      "Confidence": 99.658203125,
      "Geometry": {
        "BoundingBox": {
          "Width": 0.5343658924102783,
          "Height": 0.24332748353481293,
          "Left": 0.23274876177310944,
          "Top": 0.37768039107322693
        },
        "Polygon": [
          {
            "X": 0.23274876177310944,
            "Y": 0.37768039107322693
          },
          {
            "X": 0.765975296497345,
            "Y": 0.378081738948822
          },
          {
            "X": 0.7671146392822266,
            "Y": 0.6210078597068787
          },
          {
            "X": 0.2334991693496704,
            "Y": 0.6201766133308411
          }
        ]
      },
      "Id": "26fc37fc-0c50-44e8-a4fb-dde7642931ac",
      "Relationships": [
        {
          "Type": "CHILD",
          "Ids": [
            "1edc3d3e-c888-4ae9-b723-133e53af6f94",
            "7fd6229e-f59e-4c50-ad87-0b4f99d77899",
            "0ee2aac3-0afc-421d-ba19-f80b2de7de30",
            "5d734863-8552-4f07-aa10-93357c79797f",
            "b69bd3ea-ebec-41cf-a625-dbdda1fc751a",
            "abcb9138-c8f9-4352-bf4d-baba64482c46",
            "1b84dd6f-717a-4ac8-b646-9f0b526aa83d",
            "b8d7708c-efe4-46e1-95a3-1ada2236a676",
            "44278fdf-35ff-4684-8131-1f1d34025394",
            "6ffb3a4b-caae-4617-a0a8-f7dfc5a99b39",
            "f801eaeb-2d8d-4625-a74f-a421b9a6b260",
            "257d83fc-6376-4de8-951b-32571cd3b26d",
            "960b9368-9175-437f-82df-01085c38e007",
            "4a1a7e42-0055-4072-95bb-90ea144d63ab",
            "eee49b4b-c137-4f72-b8fa-ead98500eb7a",
            "c0fd48df-0459-4af4-8c14-439968e68709",
            "129b2a5c-5e19-49dc-887e-bb9d47c1dc08",
            "c43e6651-8e2c-4ab0-b26e-465e9101ef79",
            "4bfe6df5-21c7-4de8-95af-237c1027656b",
            "94635c0e-145f-4769-8922-486bb6cd1bfc",
            "92f2491a-ed20-4858-b8ac-c84447a6f0bf",
            "45a6444d-5291-4f0d-ae28-03d9689f60e6",
            "03ac2d54-3d09-4278-b0c7-ff2ad319a24d",
            "2194adcc-33f3-4be7-9ea4-5b8011817713",
            "f01adac7-f78a-4ab6-8394-bf64c5bb373b",
            "db61c4cc-9da5-4921-9bfd-5edf23a6cbfc",
            "c1f2061c-2647-49d6-88f7-203f2c059502",
            "a6dd0a32-3d98-4a34-8292-b2646af81882",
            "2fd008dd-c5bc-4098-9cd1-9e78230a39d7",
            "7b49e820-47b4-42f2-87f1-2a0fe931a9e5"
          ]
        }
      ],
      "EntityTypes": [
        "STRUCTURED_TABLE"
      ],
      "Page": 1
    },
    {
      "BlockType": "CELL",
      "Confidence": 94.287109375,
      "RowIndex": 1,
      "ColumnIndex": 1,
      "RowSpan": 1,
      "ColumnSpan": 1,
      "Geometry": {
        "BoundingBox": {
          "Width": 0.12276525050401688,
          "Height": 0.07807924598455429,
          "Left": 0.23274876177310944,
          "Top": 0.37768039107322693
        },
        "Polygon": [
          {
            "X": 0.23274876177310944,
            "Y": 0.37768039107322693
          },
          {
            "X": 0.35524410009384155,
            "Y": 0.37777259945869446
          },
          {
            "X": 0.3555140197277069,
            "Y": 0.45575961470603943
          },
          {
            "X": 0.23298999667167664,
            "Y": 0.4556356966495514
          }
        ]
      },
      "Id": "1edc3d3e-c888-4ae9-b723-133e53af6f94",
      "Relationships": [
        {
          "Type": "CHILD",
          "Ids": [
            "0b6dbed6-ecdd-44ef-9ffd-ca3c03ecc238"
          ]
        }
      ],
      "EntityTypes": [
        "COLUMN_HEADER"
      ],
      "Page": 1
    },
    {
      "BlockType": "CELL",
      "Confidence": 92.236328125,
      "RowIndex": 1,
      "ColumnIndex": 2,
      "RowSpan": 1,
      "ColumnSpan": 1,
      "Geometry": {
        "BoundingBox": {
          "Width": 0.09134665876626968,
          "Height": 0.07807917147874832,
          "Left": 0.35524410009384155,
          "Top": 0.37777259945869446
        },
        "Polygon": [
          {
            "X": 0.35524410009384155,
            "Y": 0.37777259945869446
          },
          {
            "X": 0.4462994933128357,
            "Y": 0.37784111499786377
          },
          {
            "X": 0.44659075140953064,
            "Y": 0.4558517634868622
          },
          {
            "X": 0.3555140197277069,
            "Y": 0.45575961470603943
          }
        ]
      },
      "Id": "7fd6229e-f59e-4c50-ad87-0b4f99d77899",
      "Relationships": [
        {
          "Type": "CHILD",
          "Ids": [
            "32a9ea2f-bf4d-46b3-959e-65fd626e1f77",
            "6ed450c3-4689-4238-b4d2-2c74016034b3"
          ]
        }
      ],
      "EntityTypes": [
        "COLUMN_HEADER"
      ],
      "Page": 1
    },
    {
      "BlockType": "CELL",
      "Confidence": 92.724609375,
      "RowIndex": 1,
      "ColumnIndex": 3,
      "RowSpan": 1,
      "ColumnSpan": 1,
      "Geometry": {
        "BoundingBox": {
          "Width": 0.0890856683254242,
          "Height": 0.07810044288635254,
          "Left": 0.4462994933128357,
          "Top": 0.37784111499786377
        },
        "Polygon": [
          {
            "X": 0.4462994933128357,
            "Y": 0.37784111499786377
          },
          {
            "X": 0.5350731015205383,
            "Y": 0.377907931804657
          },
          {
            "X": 0.5353851318359375,
            "Y": 0.4559415578842163
          },
          {
            "X": 0.44659075140953064,
            "Y": 0.4558517634868622
          }
        ]
      },
      "Id": "0ee2aac3-0afc-421d-ba19-f80b2de7de30",
      "Relationships": [
        {
          "Type": "CHILD",
          "Ids": [
            "f8c5e011-c08c-4319-82e9-3c1a78fdf1b5",
            "8921f7e4-4f0b-414d-8185-3e3384473e50"
          ]
        }
      ],
      "EntityTypes": [
        "COLUMN_HEADER"
      ],
      "Page": 1
    },
    {
      "BlockType": "CELL",
      "Confidence": 95.263671875,
      "RowIndex": 1,
      "ColumnIndex": 4,
      "RowSpan": 1,
      "ColumnSpan": 1,
      "Geometry": {
        "BoundingBox": {
          "Width": 0.13438162207603455,
          "Height": 0.07816923409700394,
          "Left": 0.5350731015205383,
          "Top": 0.377907931804657
        },
        "Polygon": [
          {
            "X": 0.5350731015205383,
            "Y": 0.377907931804657
          },
          {
            "X": 0.6691111922264099,
            "Y": 0.3780088424682617
          },
          {
            "X": 0.6694546937942505,
            "Y": 0.4560771882534027
          },
          {
            "X": 0.5353851318359375,
            "Y": 0.4559415578842163
          }
        ]
      },
      "Id": "5d734863-8552-4f07-aa10-93357c79797f",
      "Relationships": [
        {
          "Type": "CHILD",
          "Ids": [
            "1daa79f4-595f-4f5a-a713-8feb23d0f976",
            "14b35e0e-9530-45b0-a2ef-b2e981e0f3b8"
          ]
        }
      ],
      "EntityTypes": [
        "COLUMN_HEADER"
      ],
      "Page": 1
    },
    {
      "BlockType": "CELL",
      "Confidence": 92.041015625,
      "RowIndex": 1,
      "ColumnIndex": 5,
      "RowSpan": 1,
      "ColumnSpan": 1,
      "Geometry": {
        "BoundingBox": {
          "Width": 0.09723037481307983,
          "Height": 0.07816634327173233,
          "Left": 0.6691111922264099,
          "Top": 0.3780088424682617
        },
        "Polygon": [
          {
            "X": 0.6691111922264099,
            "Y": 0.3780088424682617
          },
          {
            "X": 0.765975296497345,
            "Y": 0.378081738948822
          },
          {
            "X": 0.7663415670394897,
            "Y": 0.45617517828941345
          },
          {
            "X": 0.6694546937942505,
            "Y": 0.4560771882534027
          }
        ]
      },
      "Id": "b69bd3ea-ebec-41cf-a625-dbdda1fc751a",
      "Relationships": [
        {
          "Type": "CHILD",
          "Ids": [
            "482d442a-405f-429a-8486-cbf2ac427d67",
            "877ebb3b-3179-4910-ba5e-21e7b97b262a",
            "6b9f7a68-c958-4d81-a9ee-2c06632626f2"
          ]
        }
      ],
      "EntityTypes": [
        "COLUMN_HEADER"
      ],
      "Page": 1
    },
    {
      "BlockType": "CELL",
      "Confidence": 89.94140625,
      "RowIndex": 2,
      "ColumnIndex": 1,
      "RowSpan": 1,
      "ColumnSpan": 1,
      "Geometry": {
        "BoundingBox": {
          "Width": 0.12265506386756897,
          "Height": 0.03798622637987137,
          "Left": 0.23298999667167664,
          "Top": 0.4556356966495514
        },
        "Polygon": [
          {
            "X": 0.23298999667167664,
            "Y": 0.4556356966495514
          },
          {
            "X": 0.3555140197277069,
            "Y": 0.45575961470603943
          },
          {
            "X": 0.3556450605392456,
            "Y": 0.49362191557884216
          },
          {
            "X": 0.23310711979866028,
            "Y": 0.4934825897216797
          }
        ]
      },
      "Id": "abcb9138-c8f9-4352-bf4d-baba64482c46",
      "Relationships": [
        {
          "Type": "CHILD",
          "Ids": [
            "e05c753f-892a-4c76-b4c4-6c9e0c297181"
          ]
        }
      ],
      "Page": 1
    },
    {
      "BlockType": "CELL",
      "Confidence": 87.98828125,
      "RowIndex": 2,
      "ColumnIndex": 2,
      "RowSpan": 1,
      "ColumnSpan": 1,
      "Geometry": {
        "BoundingBox": {
          "Width": 0.09121814370155334,
          "Height": 0.03796587139368057,
          "Left": 0.3555140197277069,
          "Top": 0.45575961470603943
        },
        "Polygon": [
          {
            "X": 0.3555140197277069,
            "Y": 0.45575961470603943
          },
          {
            "X": 0.44659075140953064,
            "Y": 0.4558517634868622
          },
          {
            "X": 0.44673216342926025,
            "Y": 0.4937255084514618
          },
          {
            "X": 0.3556450605392456,
            "Y": 0.49362191557884216
          }
        ]
      },
      "Id": "1b84dd6f-717a-4ac8-b646-9f0b526aa83d",
      "Relationships": [
        {
          "Type": "CHILD",
          "Ids": [
            "aa955572-37c9-4264-8fa1-458f7fe6cf2b"
          ]
        }
      ],
      "Page": 1
    },
    {
      "BlockType": "CELL",
      "Confidence": 88.427734375,
      "RowIndex": 2,
      "ColumnIndex": 3,
      "RowSpan": 1,
      "ColumnSpan": 1,
      "Geometry": {
        "BoundingBox": {
          "Width": 0.0889459177851677,
          "Height": 0.037974730134010315,
          "Left": 0.44659075140953064,
          "Top": 0.4558517634868622
        },
        "Polygon": [
          {
            "X": 0.44659075140953064,
            "Y": 0.4558517634868622
          },
          {
            "X": 0.5353851318359375,
            "Y": 0.4559415578842163
          },
          {
            "X": 0.5355366468429565,
            "Y": 0.4938264787197113
          },
          {
            "X": 0.44673216342926025,
            "Y": 0.4937255084514618
          }
        ]
      },
      "Id": "b8d7708c-efe4-46e1-95a3-1ada2236a676",
      "Relationships": [
        {
          "Type": "CHILD",
          "Ids": [
            "53e6d2b2-e3df-42f3-b67b-a2fdf9e1d4fb"
          ]
        }
      ],
      "Page": 1
    },
    {
      "BlockType": "CELL",
      "Confidence": 90.869140625,
      "RowIndex": 2,
      "ColumnIndex": 4,
      "RowSpan": 1,
      "ColumnSpan": 1,
      "Geometry": {
        "BoundingBox": {
          "Width": 0.13423633575439453,
          "Height": 0.038037389516830444,
          "Left": 0.5353851318359375,
          "Top": 0.4559415578842163
        },
        "Polygon": [
          {
            "X": 0.5353851318359375,
            "Y": 0.4559415578842163
          },
          {
            "X": 0.6694546937942505,
            "Y": 0.4560771882534027
          },
          {
            "X": 0.669621467590332,
            "Y": 0.49397894740104675
          },
          {
            "X": 0.5355366468429565,
            "Y": 0.4938264787197113
          }
        ]
      },
      "Id": "44278fdf-35ff-4684-8131-1f1d34025394",
      "Relationships": [
        {
          "Type": "CHILD",
          "Ids": [
            "2d3484f7-d7f6-4fb5-8e5f-937da0cca2a6"
          ]
        }
      ],
      "Page": 1
    },
    {
      "BlockType": "CELL",
      "Confidence": 87.79296875,
      "RowIndex": 2,
      "ColumnIndex": 5,
      "RowSpan": 1,
      "ColumnSpan": 1,
      "Geometry": {
        "BoundingBox": {
          "Width": 0.09706467390060425,
          "Height": 0.03801196441054344,
          "Left": 0.6694546937942505,
          "Top": 0.4560771882534027
        },
        "Polygon": [
          {
            "X": 0.6694546937942505,
            "Y": 0.4560771882534027
          },
          {
            "X": 0.7663415670394897,
            "Y": 0.45617517828941345
          },
          {
            "X": 0.7665193676948547,
            "Y": 0.49408915638923645
          },
          {
            "X": 0.669621467590332,
            "Y": 0.49397894740104675
          }
        ]
      },
      "Id": "6ffb3a4b-caae-4617-a0a8-f7dfc5a99b39",
      "Relationships": [
        {
          "Type": "CHILD",
          "Ids": [
            "8be694d8-3c6f-4c1b-93c8-c609c8443f2a"
          ]
        }
      ],
      "Page": 1
    },
    {
      "BlockType": "CELL",
      "Confidence": 87.40234375,
      "RowIndex": 3,
      "ColumnIndex": 1,
      "RowSpan": 1,
      "ColumnSpan": 1,
      "Geometry": {
        "BoundingBox": {
          "Width": 0.12264280021190643,
          "Height": 0.03043535351753235,
          "Left": 0.23310711979866028,
          "Top": 0.4934825897216797
        },
        "Polygon": [
          {
            "X": 0.23310711979866028,
            "Y": 0.4934825897216797
          },
          {
            "X": 0.3556450605392456,
            "Y": 0.49362191557884216
          },
          {
            "X": 0.3557499051094055,
            "Y": 0.5239179134368896
          },
          {
            "X": 0.2332008332014084,
            "Y": 0.523766279220581
          }
        ]
      },
      "Id": "f801eaeb-2d8d-4625-a74f-a421b9a6b260",
      "Relationships": [
        {
          "Type": "CHILD",
          "Ids": [
            "fb4dc9e5-619a-42f5-9e7e-2d8fb2c5902e"
          ]
        }
      ],
      "Page": 1
    },
    {
      "BlockType": "CELL",
      "Confidence": 85.498046875,
      "RowIndex": 3,
      "ColumnIndex": 2,
      "RowSpan": 1,
      "ColumnSpan": 1,
      "Geometry": {
        "BoundingBox": {
          "Width": 0.09120024740695953,
          "Height": 0.03040875680744648,
          "Left": 0.3556450605392456,
          "Top": 0.49362191557884216
        },
        "Polygon": [
          {
            "X": 0.3556450605392456,
            "Y": 0.49362191557884216
          },
          {
            "X": 0.44673216342926025,
            "Y": 0.4937255084514618
          },
          {
            "X": 0.44684529304504395,
            "Y": 0.5240306854248047
          },
          {
            "X": 0.3557499051094055,
            "Y": 0.5239179134368896
          }
        ]
      },
      "Id": "257d83fc-6376-4de8-951b-32571cd3b26d",
      "Relationships": [
        {
          "Type": "CHILD",
          "Ids": [
            "987a02c1-fe0a-446a-8158-f5a78c982fc4"
          ]
        }
      ],
      "Page": 1
    },
    {
      "BlockType": "CELL",
      "Confidence": 85.9375,
      "RowIndex": 3,
      "ColumnIndex": 3,
      "RowSpan": 1,
      "ColumnSpan": 1,
      "Geometry": {
        "BoundingBox": {
          "Width": 0.08892574161291122,
          "Height": 0.03041509911417961,
          "Left": 0.44673216342926025,
          "Top": 0.4937255084514618
        },
        "Polygon": [
          {
            "X": 0.44673216342926025,
            "Y": 0.4937255084514618
          },
          {
            "X": 0.5355366468429565,
            "Y": 0.4938264787197113
          },
          {
            "X": 0.5356578826904297,
            "Y": 0.5241405963897705
          },
          {
            "X": 0.44684529304504395,
            "Y": 0.5240306854248047
          }
        ]
      },
      "Id": "960b9368-9175-437f-82df-01085c38e007",
      "Relationships": [
        {
          "Type": "CHILD",
          "Ids": [
            "187665ab-eb5a-4cf1-b23c-827b0f720759"
          ]
        }
      ],
      "Page": 1
    },
    {
      "BlockType": "CELL",
      "Confidence": 88.28125,
      "RowIndex": 3,
      "ColumnIndex": 4,
      "RowSpan": 1,
      "ColumnSpan": 1,
      "Geometry": {
        "BoundingBox": {
          "Width": 0.1342182755470276,
          "Height": 0.03048008307814598,
          "Left": 0.5355366468429565,
          "Top": 0.4938264787197113
        },
        "Polygon": [
          {
            "X": 0.5355366468429565,
            "Y": 0.4938264787197113
          },
          {
            "X": 0.669621467590332,
            "Y": 0.49397894740104675
          },
          {
            "X": 0.6697549223899841,
            "Y": 0.52430659532547
          },
          {
            "X": 0.5356578826904297,
            "Y": 0.5241405963897705
          }
        ]
      },
      "Id": "4a1a7e42-0055-4072-95bb-90ea144d63ab",
      "Relationships": [
        {
          "Type": "CHILD",
          "Ids": [
            "44d9c85a-2042-4a3c-b493-ebaba44fcb32"
          ]
        }
      ],
      "Page": 1
    },
    {
      "BlockType": "CELL",
      "Confidence": 85.3515625,
      "RowIndex": 3,
      "ColumnIndex": 5,
      "RowSpan": 1,
      "ColumnSpan": 1,
      "Geometry": {
        "BoundingBox": {
          "Width": 0.09704017639160156,
          "Height": 0.030447548255324364,
          "Left": 0.669621467590332,
          "Top": 0.49397894740104675
        },
        "Polygon": [
          {
            "X": 0.669621467590332,
            "Y": 0.49397894740104675
          },
          {
            "X": 0.7665193676948547,
            "Y": 0.49408915638923645
          },
          {
            "X": 0.7666617035865784,
            "Y": 0.5244265198707581
          },
          {
            "X": 0.6697549223899841,
            "Y": 0.52430659532547
          }
        ]
      },
      "Id": "eee49b4b-c137-4f72-b8fa-ead98500eb7a",
      "Relationships": [
        {
          "Type": "CHILD",
          "Ids": [
            "9178d379-59c2-4435-980e-2c10aa70ece4"
          ]
        }
      ],
      "Page": 1
    },
    {
      "BlockType": "CELL",
      "Confidence": 87.79296875,
      "RowIndex": 4,
      "ColumnIndex": 1,
      "RowSpan": 1,
      "ColumnSpan": 1,
      "Geometry": {
        "BoundingBox": {
          "Width": 0.12264959514141083,
          "Height": 0.029190504923462868,
          "Left": 0.2332008332014084,
          "Top": 0.523766279220581
        },
        "Polygon": [
          {
            "X": 0.2332008332014084,
            "Y": 0.523766279220581
          },
          {
            "X": 0.3557499051094055,
            "Y": 0.5239179134368896
          },
          {
            "X": 0.3558504283428192,
            "Y": 0.552956759929657
          },
          {
            "X": 0.2332906574010849,
            "Y": 0.5527932643890381
          }
        ]
      },
      "Id": "c0fd48df-0459-4af4-8c14-439968e68709",
      "Relationships": [
        {
          "Type": "CHILD",
          "Ids": [
            "e361cde6-e7e1-4136-a47a-b8d0a338acd2"
          ]
        }
      ],
      "Page": 1
    },
    {
      "BlockType": "CELL",
      "Confidence": 85.888671875,
      "RowIndex": 4,
      "ColumnIndex": 2,
      "RowSpan": 1,
      "ColumnSpan": 1,
      "Geometry": {
        "BoundingBox": {
          "Width": 0.09120383858680725,
          "Height": 0.029160363599658012,
          "Left": 0.3557499051094055,
          "Top": 0.5239179134368896
        },
        "Polygon": [
          {
            "X": 0.3557499051094055,
            "Y": 0.5239179134368896
          },
          {
            "X": 0.44684529304504395,
            "Y": 0.5240306854248047
          },
          {
            "X": 0.44695374369621277,
            "Y": 0.553078293800354
          },
          {
            "X": 0.3558504283428192,
            "Y": 0.552956759929657
          }
        ]
      },
      "Id": "129b2a5c-5e19-49dc-887e-bb9d47c1dc08",
      "Relationships": [
        {
          "Type": "CHILD",
          "Ids": [
            "d9f89a88-e42e-46c4-8350-ec65de527ec4"
          ]
        }
      ],
      "Page": 1
    },
    {
      "BlockType": "CELL",
      "Confidence": 86.328125,
      "RowIndex": 4,
      "ColumnIndex": 3,
      "RowSpan": 1,
      "ColumnSpan": 1,
      "Geometry": {
        "BoundingBox": {
          "Width": 0.08892880380153656,
          "Height": 0.02916610799729824,
          "Left": 0.44684529304504395,
          "Top": 0.5240306854248047
        },
        "Polygon": [
          {
            "X": 0.44684529304504395,
            "Y": 0.5240306854248047
          },
          {
            "X": 0.5356578826904297,
            "Y": 0.5241405963897705
          },
          {
            "X": 0.5357741117477417,
            "Y": 0.5531967878341675
          },
          {
            "X": 0.44695374369621277,
            "Y": 0.553078293800354
          }
        ]
      },
      "Id": "c43e6651-8e2c-4ab0-b26e-465e9101ef79",
      "Relationships": [
        {
          "Type": "CHILD",
          "Ids": [
            "9047762b-200c-48af-89f4-3b47efd631c4"
          ]
        }
      ],
      "Page": 1
    },
    {
      "BlockType": "CELL",
      "Confidence": 88.671875,
      "RowIndex": 4,
      "ColumnIndex": 4,
      "RowSpan": 1,
      "ColumnSpan": 1,
      "Geometry": {
        "BoundingBox": {
          "Width": 0.13422495126724243,
          "Height": 0.02923509106040001,
          "Left": 0.5356578826904297,
          "Top": 0.5241405963897705
        },
        "Polygon": [
          {
            "X": 0.5356578826904297,
            "Y": 0.5241405963897705
          },
          {
            "X": 0.6697549223899841,
            "Y": 0.52430659532547
          },
          {
            "X": 0.6698828339576721,
            "Y": 0.5533756613731384
          },
          {
            "X": 0.5357741117477417,
            "Y": 0.5531967878341675
          }
        ]
      },
      "Id": "4bfe6df5-21c7-4de8-95af-237c1027656b",
      "Relationships": [
        {
          "Type": "CHILD",
          "Ids": [
            "765d75ae-b308-4de2-9781-824858435f2e"
          ]
        }
      ],
      "Page": 1
    },
    {
      "BlockType": "CELL",
      "Confidence": 85.693359375,
      "RowIndex": 4,
      "ColumnIndex": 5,
      "RowSpan": 1,
      "ColumnSpan": 1,
      "Geometry": {
        "BoundingBox": {
          "Width": 0.09704311192035675,
          "Height": 0.029198411852121353,
          "Left": 0.6697549223899841,
          "Top": 0.52430659532547
        },
        "Polygon": [
          {
            "X": 0.6697549223899841,
            "Y": 0.52430659532547
          },
          {
            "X": 0.7666617035865784,
            "Y": 0.5244265198707581
          },
          {
            "X": 0.7667980790138245,
            "Y": 0.553505003452301
          },
          {
            "X": 0.6698828339576721,
            "Y": 0.5533756613731384
          }
        ]
      },
      "Id": "94635c0e-145f-4769-8922-486bb6cd1bfc",
      "Relationships": [
        {
          "Type": "CHILD",
          "Ids": [
            "7b740a76-a2c5-4a2a-aa4d-a2418d39c6f4"
          ]
        }
      ],
      "Page": 1
    },
    {
      "BlockType": "CELL",
      "Confidence": 87.6953125,
      "RowIndex": 5,
      "ColumnIndex": 1,
      "RowSpan": 1,
      "ColumnSpan": 1,
      "Geometry": {
        "BoundingBox": {
          "Width": 0.12266466021537781,
          "Height": 0.030470265075564384,
          "Left": 0.2332906574010849,
          "Top": 0.5527932643890381
        },
        "Polygon": [
          {
            "X": 0.2332906574010849,
            "Y": 0.5527932643890381
          },
          {
            "X": 0.3558504283428192,
            "Y": 0.552956759929657
          },
          {
            "X": 0.3559553027153015,
            "Y": 0.5832635164260864
          },
          {
            "X": 0.2333844006061554,
            "Y": 0.583087682723999
          }
        ]
      },
      "Id": "92f2491a-ed20-4858-b8ac-c84447a6f0bf",
      "Relationships": [
        {
          "Type": "CHILD",
          "Ids": [
            "38d425bc-b110-447c-b295-5e5985c44ab7"
          ]
        }
      ],
      "Page": 1
    },
    {
      "BlockType": "CELL",
      "Confidence": 85.791015625,
      "RowIndex": 5,
      "ColumnIndex": 2,
      "RowSpan": 1,
      "ColumnSpan": 1,
      "Geometry": {
        "BoundingBox": {
          "Width": 0.09121651947498322,
          "Height": 0.030437475070357323,
          "Left": 0.3558504283428192,
          "Top": 0.552956759929657
        },
        "Polygon": [
          {
            "X": 0.3558504283428192,
            "Y": 0.552956759929657
          },
          {
            "X": 0.44695374369621277,
            "Y": 0.553078293800354
          },
          {
            "X": 0.44706693291664124,
            "Y": 0.5833942294120789
          },
          {
            "X": 0.3559553027153015,
            "Y": 0.5832635164260864
          }
        ]
      },
      "Id": "45a6444d-5291-4f0d-ae28-03d9689f60e6",
      "Relationships": [
        {
          "Type": "CHILD",
          "Ids": [
            "d9f2076e-8cf4-441b-840b-7479d40d671d"
          ]
        }
      ],
      "Page": 1
    },
    {
      "BlockType": "CELL",
      "Confidence": 86.23046875,
      "RowIndex": 5,
      "ColumnIndex": 3,
      "RowSpan": 1,
      "ColumnSpan": 1,
      "Geometry": {
        "BoundingBox": {
          "Width": 0.08894162625074387,
          "Height": 0.030443372204899788,
          "Left": 0.44695374369621277,
          "Top": 0.553078293800354
        },
        "Polygon": [
          {
            "X": 0.44695374369621277,
            "Y": 0.553078293800354
          },
          {
            "X": 0.5357741117477417,
            "Y": 0.5531967878341675
          },
          {
            "X": 0.5358953475952148,
            "Y": 0.5835216641426086
          },
          {
            "X": 0.44706693291664124,
            "Y": 0.5833942294120789
          }
        ]
      },
      "Id": "03ac2d54-3d09-4278-b0c7-ff2ad319a24d",
      "Relationships": [
        {
          "Type": "CHILD",
          "Ids": [
            "5f9af993-09a7-46c1-ab36-51707ffaed88"
          ]
        }
      ],
      "Page": 1
    },
    {
      "BlockType": "CELL",
      "Confidence": 88.57421875,
      "RowIndex": 5,
      "ColumnIndex": 4,
      "RowSpan": 1,
      "ColumnSpan": 1,
      "Geometry": {
        "BoundingBox": {
          "Width": 0.1342422515153885,
          "Height": 0.030517293140292168,
          "Left": 0.5357741117477417,
          "Top": 0.5531967878341675
        },
        "Polygon": [
          {
            "X": 0.5357741117477417,
            "Y": 0.5531967878341675
          },
          {
            "X": 0.6698828339576721,
            "Y": 0.5533756613731384
          },
          {
            "X": 0.670016348361969,
            "Y": 0.5837140679359436
          },
          {
            "X": 0.5358953475952148,
            "Y": 0.5835216641426086
          }
        ]
      },
      "Id": "2194adcc-33f3-4be7-9ea4-5b8011817713",
      "Relationships": [
        {
          "Type": "CHILD",
          "Ids": [
            "86dd59c2-b1a0-47e1-8335-6866490443a4"
          ]
        }
      ],
      "Page": 1
    },
    {
      "BlockType": "CELL",
      "Confidence": 85.595703125,
      "RowIndex": 5,
      "ColumnIndex": 5,
      "RowSpan": 1,
      "ColumnSpan": 1,
      "Geometry": {
        "BoundingBox": {
          "Width": 0.0970575362443924,
          "Height": 0.030477436259388924,
          "Left": 0.6698828339576721,
          "Top": 0.5533756613731384
        },
        "Polygon": [
          {
            "X": 0.6698828339576721,
            "Y": 0.5533756613731384
          },
          {
            "X": 0.7667980790138245,
            "Y": 0.553505003452301
          },
          {
            "X": 0.7669404149055481,
            "Y": 0.5838531255722046
          },
          {
            "X": 0.670016348361969,
            "Y": 0.5837140679359436
          }
        ]
      },
      "Id": "f01adac7-f78a-4ab6-8394-bf64c5bb373b",
      "Relationships": [
        {
          "Type": "CHILD",
          "Ids": [
            "7762efcb-003f-436b-9024-9102d9098186"
          ]
        }
      ],
      "Page": 1
    },
    {
      "BlockType": "CELL",
      "Confidence": 90.52734375,
      "RowIndex": 6,
      "ColumnIndex": 1,
      "RowSpan": 1,
      "ColumnSpan": 1,
      "Geometry": {
        "BoundingBox": {
          "Width": 0.12269933521747589,
          "Height": 0.03727990761399269,
          "Left": 0.2333844006061554,
          "Top": 0.583087682723999
        },
        "Polygon": [
          {
            "X": 0.2333844006061554,
            "Y": 0.583087682723999
          },
          {
            "X": 0.3559553027153015,
            "Y": 0.5832635164260864
          },
          {
            "X": 0.3560837209224701,
            "Y": 0.6203675866127014
          },
          {
            "X": 0.2334991693496704,
            "Y": 0.6201766133308411
          }
        ]
      },
      "Id": "db61c4cc-9da5-4921-9bfd-5edf23a6cbfc",
      "Relationships": [
        {
          "Type": "CHILD",
          "Ids": [
            "359af26b-17f1-475c-b814-6c6089b7e92d"
          ]
        }
      ],
      "EntityTypes": [
        "TABLE_SUMMARY"
      ],
      "Page": 1
    },
    {
      "BlockType": "CELL",
      "Confidence": 88.525390625,
      "RowIndex": 6,
      "ColumnIndex": 2,
      "RowSpan": 1,
      "ColumnSpan": 1,
      "Geometry": {
        "BoundingBox": {
          "Width": 0.09125019609928131,
          "Height": 0.037246011197566986,
          "Left": 0.3559553027153015,
          "Top": 0.5832635164260864
        },
        "Polygon": [
          {
            "X": 0.3559553027153015,
            "Y": 0.5832635164260864
          },
          {
            "X": 0.44706693291664124,
            "Y": 0.5833942294120789
          },
          {
            "X": 0.447205513715744,
            "Y": 0.6205095052719116
          },
          {
            "X": 0.3560837209224701,
            "Y": 0.6203675866127014
          }
        ]
      },
      "Id": "c1f2061c-2647-49d6-88f7-203f2c059502",
      "Relationships": [
        {
          "Type": "CHILD",
          "Ids": [
            "af45ff9a-cba5-49d5-8225-720c8924ce4b"
          ]
        }
      ],
      "EntityTypes": [
        "TABLE_SUMMARY"
      ],
      "Page": 1
    },
    {
      "BlockType": "CELL",
      "Confidence": 89.013671875,
      "RowIndex": 6,
      "ColumnIndex": 3,
      "RowSpan": 1,
      "ColumnSpan": 1,
      "Geometry": {
        "BoundingBox": {
          "Width": 0.0889769122004509,
          "Height": 0.03725368529558182,
          "Left": 0.44706693291664124,
          "Top": 0.5833942294120789
        },
        "Polygon": [
          {
            "X": 0.44706693291664124,
            "Y": 0.5833942294120789
          },
          {
            "X": 0.5358953475952148,
            "Y": 0.5835216641426086
          },
          {
            "X": 0.5360438227653503,
            "Y": 0.6206479072570801
          },
          {
            "X": 0.447205513715744,
            "Y": 0.6205095052719116
          }
        ]
      },
      "Id": "a6dd0a32-3d98-4a34-8292-b2646af81882",
      "Relationships": [
        {
          "Type": "CHILD",
          "Ids": [
            "d4e58918-4389-4aa7-a685-931478bc22a8",
            "db856e5a-4263-4143-89ae-f173f3cdee5b"
          ]
        }
      ],
      "EntityTypes": [
        "TABLE_SUMMARY"
      ],
      "Page": 1
    },
    {
      "BlockType": "CELL",
      "Confidence": 91.455078125,
      "RowIndex": 6,
      "ColumnIndex": 4,
      "RowSpan": 1,
      "ColumnSpan": 1,
      "Geometry": {
        "BoundingBox": {
          "Width": 0.13428440690040588,
          "Height": 0.03733519837260246,
          "Left": 0.5358953475952148,
          "Top": 0.5835216641426086
        },
        "Polygon": [
          {
            "X": 0.5358953475952148,
            "Y": 0.5835216641426086
          },
          {
            "X": 0.670016348361969,
            "Y": 0.5837140679359436
          },
          {
            "X": 0.6701797842979431,
            "Y": 0.6208568811416626
          },
          {
            "X": 0.5360438227653503,
            "Y": 0.6206479072570801
          }
        ]
      },
      "Id": "2fd008dd-c5bc-4098-9cd1-9e78230a39d7",
      "Relationships": [
        {
          "Type": "CHILD",
          "Ids": [
            "e1d9d84b-be58-4fb6-bf83-167ad71de02a",
            "f2d8f472-24d9-494b-9a50-5d0a563a7d25"
          ]
        }
      ],
      "EntityTypes": [
        "TABLE_SUMMARY"
      ],
      "Page": 1
    },
    {
      "BlockType": "CELL",
      "Confidence": 88.330078125,
      "RowIndex": 6,
      "ColumnIndex": 5,
      "RowSpan": 1,
      "ColumnSpan": 1,
      "Geometry": {
        "BoundingBox": {
          "Width": 0.09709829837083817,
          "Height": 0.03729378804564476,
          "Left": 0.670016348361969,
          "Top": 0.5837140679359436
        },
        "Polygon": [
          {
            "X": 0.670016348361969,
            "Y": 0.5837140679359436
          },
          {
            "X": 0.7669404149055481,
            "Y": 0.5838531255722046
          },
          {
            "X": 0.7671146392822266,
            "Y": 0.6210078597068787
          },
          {
            "X": 0.6701797842979431,
            "Y": 0.6208568811416626
          }
        ]
      },
      "Id": "7b49e820-47b4-42f2-87f1-2a0fe931a9e5",
      "Relationships": [
        {
          "Type": "CHILD",
          "Ids": [
            "ecee7935-19d8-4cd6-8c5b-43cda385c802"
          ]
        }
      ],
      "EntityTypes": [
        "TABLE_SUMMARY"
      ],
      "Page": 1
    }
  ],
  "AnalyzeDocumentModelVersion": "1.0"
}