{
  "DocumentMetadata": {
    "Pages": 1
  },
  "JobStatus": "SUCCEEDED",
  "Blocks": [
    {
      "BlockType": "PAGE",
      "Geometry": {
        "BoundingBox": {
          "Width": 1,
          "Height": 1,
          "Left": 0,
          "Top": 0
        },
        "Polygon": [
          {
            "X": 0.000049559959734324366,
            "Y": 0
          },
          {
            "X": 1,
            "Y": 0.000054500993428518996
          },
          {
            "X": 1,
            "Y": 1
          },
          {
            "X": 0,
            "Y": 1
          }
        ]
      },
      "Id": "8168913c-1d87-4399-b84b-973562ff7ea5",
      "Relationships": [
        {
          "Type": "CHILD",
          "Ids": [
            "d82dabb4-7502-4ca1-aec9-4900bd0ef9d4",
            "94ab9980-4761-4508-b63c-be154bcb4d12",
            "1b3277c1-9a9d-4a6d-8cfc-b23739d24477",
            "ad9cafcf-b759-49ec-ad03-26a729858cfa",
            "585ddd5a-91ab-4412-beb9-be2cfb07c240",
            "9e9e92b3-4a01-4b4d-8044-75d9a1bfb6df",
            "0a558ec7-5cf1-4501-8210-bec238c221cc",
            "ebd17f8b-db8d-4eed-9d75-eac378b2a466",
            "1757e47e-62a5-4aad-b73a-c96653154a8b",
            "ce2538d6-9c72-41d3-aa87-48024aefa4f4",
            "4d04a86c-823f-4a3a-9207-f7e137e0f9eb",
            "53612081-637c-4fc4-9fa1-709971ef75d3",
            "48ee68eb-2e69-4e5f-87de-ab5fad00be76",
            "d81f65b5-ad37-490a-8ff6-c25bbf00e1be",
            "f3473b6e-6523-4637-891f-3ea25918aef0",
            "c995f839-871b-4a65-a20f-a443f6ef8f5d",
            "9ec581ee-8f3b-402a-8abb-b465eaa24efd"
          ]
        }
      ],
      "Page": 1
    },
    {
      "BlockType": "LINE",
      "Confidence": 99.93751525878906,
      "Text": "System",
      "Geometry": {
        "BoundingBox": {
          "Width": 0.0437685027718544,
          "Height": 0.02210911549627781,
          "Left": 0.24895606935024261,
          "Top": 0.3943975865840912
        },
        "Polygon": [
          {
            "X": 0.24918951094150543,
            "Y": 0.3943975865840912
          },
          {
            "X": 0.2927245795726776,
            "Y": 0.3945143222808838
          },
          {
            "X": 0.2924908995628357,
            "Y": 0.41650670766830444
          },
          {
            "X": 0.24895606935024261,
            "Y": 0.41639479994773865
          }
        ]
      },
      "Id": "d82dabb4-7502-4ca1-aec9-4900bd0ef9d4",
      "Relationships": [
        {
          "Type": "CHILD",
          "Ids": [
            "7383d9ae-72c4-4d2f-8f1f-dee85ae1f417"
          ]
        }
      ],
      "Page": 1
    },
    {
      "BlockType": "LINE",
      "Confidence": 99.93407440185547,
      "Text": "Initial contact angle",
      "Geometry": {
        "BoundingBox": {
          "Width": 0.12347609549760818,
          "Height": 0.02312769927084446,
          "Left": 0.45007312297821045,
          "Top": 0.3933885395526886
        },
        "Polygon": [
          {
            "X": 0.45031648874282837,
            "Y": 0.3933885395526886
          },
          {
            "X": 0.573549211025238,
            "Y": 0.39372000098228455
          },
          {
            "X": 0.5733051896095276,
            "Y": 0.4165162444114685
          },
          {
            "X": 0.45007312297821045,
            "Y": 0.4161990284919739
          }
        ]
      },
      "Id": "94ab9980-4761-4508-b63c-be154bcb4d12",
      "Relationships": [
        {
          "Type": "CHILD",
          "Ids": [
            "171caca0-3f1f-41bb-aa01-2806ea7e144c",
            "953354f0-2c65-419b-886f-e2537886b9be",
            "e4711515-2299-4e47-bcfd-70c2fdc33d24"
          ]
        }
      ],
      "Page": 1
    },
    {
      "BlockType": "LINE",
      "Confidence": 99.9358901977539,
      "Text": "Stabilized contact angle",
      "Geometry": {
        "BoundingBox": {
          "Width": 0.14704062044620514,
          "Height": 0.023443248122930527,
          "Left": 0.6100518703460693,
          "Top": 0.3932804465293884
        },
        "Polygon": [
          {
            "X": 0.6102989912033081,
            "Y": 0.3932804465293884
          },
          {
            "X": 0.7570924758911133,
            "Y": 0.39367568492889404
          },
          {
            "X": 0.7568445801734924,
            "Y": 0.41672369837760925
          },
          {
            "X": 0.6100518703460693,
            "Y": 0.41634565591812134
          }
        ]
      },
      "Id": "1b3277c1-9a9d-4a6d-8cfc-b23739d24477",
      "Relationships": [
        {
          "Type": "CHILD",
          "Ids": [
            "61cc12cc-275b-4435-8152-267c94020aed",
            "05c13753-d0d6-4dd3-9bf5-41977b84baf7",
            "deb84ab7-da88-4514-9ce0-d4233104ec4a"
          ]
        }
      ],
      "Page": 1
    },
    {
      "BlockType": "LINE",
      "Confidence": 34.104427337646484,
      "Text": "(°)",
      "Geometry": {
        "BoundingBox": {
          "Width": 0.016163120046257973,
          "Height": 0.021404068917036057,
          "Left": 0.4504498541355133,
          "Top": 0.4237671196460724
        },
        "Polygon": [
          {
            "X": 0.4506778120994568,
            "Y": 0.4237671196460724
          },
          {
            "X": 0.46661296486854553,
            "Y": 0.4238075017929077
          },
          {
            "X": 0.4663849174976349,
            "Y": 0.44517117738723755
          },
          {
            "X": 0.4504498541355133,
            "Y": 0.4451324939727783
          }
        ]
      },
      "Id": "ad9cafcf-b759-49ec-ad03-26a729858cfa",
      "Relationships": [
        {
          "Type": "CHILD",
          "Ids": [
            "56acbcf6-1b61-480f-afb5-d6092120a4d5"
          ]
        }
      ],
      "Page": 1
    },
    {
      "BlockType": "LINE",
      "Confidence": 60.63889694213867,
      "Text": "(°)",
      "Geometry": {
        "BoundingBox": {
          "Width": 0.0166778564453125,
          "Height": 0.02140745520591736,
          "Left": 0.6103899478912354,
          "Top": 0.42380326986312866
        },
        "Polygon": [
          {
            "X": 0.6106189489364624,
            "Y": 0.42380326986312866
          },
          {
            "X": 0.6270678043365479,
            "Y": 0.4238450229167938
          },
          {
            "X": 0.6268388032913208,
            "Y": 0.445210725069046
          },
          {
            "X": 0.6103899478912354,
            "Y": 0.4451707601547241
          }
        ]
      },
      "Id": "585ddd5a-91ab-4412-beb9-be2cfb07c240",
      "Relationships": [
        {
          "Type": "CHILD",
          "Ids": [
            "adf863e6-10b7-4760-89ec-5ce981764ed9"
          ]
        }
      ],
      "Page": 1
    },
    {
      "BlockType": "LINE",
      "Confidence": 99.64678192138672,
      "Text": "EP-PEEKTOH blend (5 wt %)",
      "Geometry": {
        "BoundingBox": {
          "Width": 0.17720548808574677,
          "Height": 0.021856868639588356,
          "Left": 0.24851728975772858,
          "Top": 0.470257043838501
        },
        "Polygon": [
          {
            "X": 0.2487451285123825,
            "Y": 0.470257043838501
          },
          {
            "X": 0.42572277784347534,
            "Y": 0.4706636667251587
          },
          {
            "X": 0.42549407482147217,
            "Y": 0.4921139180660248
          },
          {
            "X": 0.24851728975772858,
            "Y": 0.4917265474796295
          }
        ]
      },
      "Id": "9e9e92b3-4a01-4b4d-8044-75d9a1bfb6df",
      "Relationships": [
        {
          "Type": "CHILD",
          "Ids": [
            "493cc394-8c06-489f-9ed2-7bde4c51c43a",
            "88294a54-ebee-4662-82da-b76ec83edbb7",
            "575788ff-3656-4e63-9ad8-be5d46d4d13d",
            "009b40df-ff14-4ec2-8913-ebf1c0e87df6",
            "1993b2b2-7561-4c48-a36b-672edc1a6836"
          ]
        }
      ],
      "Page": 1
    },
    {
      "BlockType": "LINE",
      "Confidence": 99.93754577636719,
      "Text": "66",
      "Geometry": {
        "BoundingBox": {
          "Width": 0.015499453991651535,
          "Height": 0.017413385212421417,
          "Left": 0.45035696029663086,
          "Top": 0.4713755249977112
        },
        "Polygon": [
          {
            "X": 0.4505424201488495,
            "Y": 0.4713755249977112
          },
          {
            "X": 0.4658564329147339,
            "Y": 0.4714106321334839
          },
          {
            "X": 0.46567094326019287,
            "Y": 0.488788902759552
          },
          {
            "X": 0.45035696029663086,
            "Y": 0.48875510692596436
          }
        ]
      },
      "Id": "0a558ec7-5cf1-4501-8210-bec238c221cc",
      "Relationships": [
        {
          "Type": "CHILD",
          "Ids": [
            "e518db00-386f-46ce-96af-26e9aed3b47a"
          ]
        }
      ],
      "Page": 1
    },
    {
      "BlockType": "LINE",
      "Confidence": 99.9545669555664,
      "Text": "42",
      "Geometry": {
        "BoundingBox": {
          "Width": 0.0159379281103611,
          "Height": 0.01697985827922821,
          "Left": 0.6103123426437378,
          "Top": 0.4716084897518158
        },
        "Polygon": [
          {
            "X": 0.6104938983917236,
            "Y": 0.4716084897518158
          },
          {
            "X": 0.6262502670288086,
            "Y": 0.47164463996887207
          },
          {
            "X": 0.6260685920715332,
            "Y": 0.4885883331298828
          },
          {
            "X": 0.6103123426437378,
            "Y": 0.488553524017334
          }
        ]
      },
      "Id": "ebd17f8b-db8d-4eed-9d75-eac378b2a466",
      "Relationships": [
        {
          "Type": "CHILD",
          "Ids": [
            "e7f4e23d-fd23-4209-9d61-219e5f0176bb"
          ]
        }
      ],
      "Page": 1
    },
    {
      "BlockType": "LINE",
      "Confidence": 99.7369613647461,
      "Text": "EP-PEEKTOH blend (10 wt",
      "Geometry": {
        "BoundingBox": {
          "Width": 0.1672981232404709,
          "Height": 0.022380294278264046,
          "Left": 0.24811407923698425,
          "Top": 0.49928566813468933
        },
        "Polygon": [
          {
            "X": 0.24834796786308289,
            "Y": 0.49928566813468933
          },
          {
            "X": 0.41541218757629395,
            "Y": 0.499644935131073
          },
          {
            "X": 0.41517746448516846,
            "Y": 0.5216659903526306
          },
          {
            "X": 0.24811407923698425,
            "Y": 0.5213253498077393
          }
        ]
      },
      "Id": "1757e47e-62a5-4aad-b73a-c96653154a8b",
      "Relationships": [
        {
          "Type": "CHILD",
          "Ids": [
            "d4417c86-f455-468c-b596-faad9d80af5a",
            "75d3acf5-0899-4d64-bd12-3e9aa007fe00",
            "a89b305e-2e79-40b2-a2aa-aea80dbfec5f",
            "2bd8d522-2285-4ac0-9c28-5d37b4b9957c"
          ]
        }
      ],
      "Page": 1
    },
    {
      "BlockType": "LINE",
      "Confidence": 99.98445129394531,
      "Text": "92",
      "Geometry": {
        "BoundingBox": {
          "Width": 0.01574329473078251,
          "Height": 0.01719905249774456,
          "Left": 0.4503302574157715,
          "Top": 0.5009154081344604
        },
        "Polygon": [
          {
            "X": 0.45051342248916626,
            "Y": 0.5009154081344604
          },
          {
            "X": 0.46607354283332825,
            "Y": 0.5009487867355347
          },
          {
            "X": 0.4658903181552887,
            "Y": 0.5181145071983337
          },
          {
            "X": 0.4503302574157715,
            "Y": 0.5180824995040894
          }
        ]
      },
      "Id": "ce2538d6-9c72-41d3-aa87-48024aefa4f4",
      "Relationships": [
        {
          "Type": "CHILD",
          "Ids": [
            "65585647-3104-4724-b093-449d473f905a"
          ]
        }
      ],
      "Page": 1
    },
    {
      "BlockType": "LINE",
      "Confidence": 99.93193054199219,
      "Text": "70",
      "Geometry": {
        "BoundingBox": {
          "Width": 0.015953360125422478,
          "Height": 0.01717456430196762,
          "Left": 0.6102506518363953,
          "Top": 0.5009328126907349
        },
        "Polygon": [
          {
            "X": 0.6104342937469482,
            "Y": 0.5009328126907349
          },
          {
            "X": 0.6262040138244629,
            "Y": 0.5009666681289673
          },
          {
            "X": 0.6260202527046204,
            "Y": 0.5181073546409607
          },
          {
            "X": 0.6102506518363953,
            "Y": 0.5180749297142029
          }
        ]
      },
      "Id": "4d04a86c-823f-4a3a-9207-f7e137e0f9eb",
      "Relationships": [
        {
          "Type": "CHILD",
          "Ids": [
            "dd015e02-1b83-4f52-92f2-d244462d7242"
          ]
        }
      ],
      "Page": 1
    },
    {
      "BlockType": "LINE",
      "Confidence": 99.54234313964844,
      "Text": "%)",
      "Geometry": {
        "BoundingBox": {
          "Width": 0.01776518113911152,
          "Height": 0.02058696374297142,
          "Left": 0.2614883482456207,
          "Top": 0.5304731130599976
        },
        "Polygon": [
          {
            "X": 0.26170656085014343,
            "Y": 0.5304731130599976
          },
          {
            "X": 0.2792535126209259,
            "Y": 0.5305081009864807
          },
          {
            "X": 0.2790352404117584,
            "Y": 0.5510600805282593
          },
          {
            "X": 0.2614883482456207,
            "Y": 0.5510269403457642
          }
        ]
      },
      "Id": "53612081-637c-4fc4-9fa1-709971ef75d3",
      "Relationships": [
        {
          "Type": "CHILD",
          "Ids": [
            "5b086a27-7ac8-4238-8388-f087ab847523"
          ]
        }
      ],
      "Page": 1
    },
    {
      "BlockType": "LINE",
      "Confidence": 99.77587127685547,
      "Text": "EP-PEEKTOH blend (15 wt",
      "Geometry": {
        "BoundingBox": {
          "Width": 0.16708949208259583,
          "Height": 0.021783336997032166,
          "Left": 0.24815377593040466,
          "Top": 0.5600959658622742
        },
        "Polygon": [
          {
            "X": 0.24838188290596008,
            "Y": 0.5600959658622742
          },
          {
            "X": 0.4152432680130005,
            "Y": 0.5604034066200256
          },
          {
            "X": 0.4150143265724182,
            "Y": 0.5818793177604675
          },
          {
            "X": 0.24815377593040466,
            "Y": 0.5815900564193726
          }
        ]
      },
      "Id": "48ee68eb-2e69-4e5f-87de-ab5fad00be76",
      "Relationships": [
        {
          "Type": "CHILD",
          "Ids": [
            "bf824fbc-57f5-46b9-9147-7a2fabb76306",
            "fdc51260-0e9a-460a-9fb2-b5b5b8e884f9",
            "df70536b-6985-4caf-8270-a63da9d14139",
            "8a64ece5-c4fa-468c-a88a-02bd3eba1a08"
          ]
        }
      ],
      "Page": 1
    },
    {
      "BlockType": "LINE",
      "Confidence": 99.98268127441406,
      "Text": "123",
      "Geometry": {
        "BoundingBox": {
          "Width": 0.022417789325118065,
          "Height": 0.017414214089512825,
          "Left": 0.45107969641685486,
          "Top": 0.5614580512046814
        },
        "Polygon": [
          {
            "X": 0.4512650966644287,
            "Y": 0.5614580512046814
          },
          {
            "X": 0.4734974801540375,
            "Y": 0.5614989399909973
          },
          {
            "X": 0.47331199049949646,
            "Y": 0.5788722634315491
          },
          {
            "X": 0.45107969641685486,
            "Y": 0.5788334012031555
          }
        ]
      },
      "Id": "d81f65b5-ad37-490a-8ff6-c25bbf00e1be",
      "Relationships": [
        {
          "Type": "CHILD",
          "Ids": [
            "e19b9c09-3650-46d1-8115-68905f0a01cd"
          ]
        }
      ],
      "Page": 1
    },
    {
      "BlockType": "LINE",
      "Confidence": 99.92093658447266,
      "Text": "82",
      "Geometry": {
        "BoundingBox": {
          "Width": 0.015528636984527111,
          "Height": 0.01738479733467102,
          "Left": 0.6106326580047607,
          "Top": 0.5616331100463867
        },
        "Polygon": [
          {
            "X": 0.61081862449646,
            "Y": 0.5616331100463867
          },
          {
            "X": 0.6261612772941589,
            "Y": 0.5616613030433655
          },
          {
            "X": 0.6259751915931702,
            "Y": 0.5790178775787354
          },
          {
            "X": 0.6106326580047607,
            "Y": 0.5789910554885864
          }
        ]
      },
      "Id": "f3473b6e-6523-4637-891f-3ea25918aef0",
      "Relationships": [
        {
          "Type": "CHILD",
          "Ids": [
            "17aab090-3a48-4512-af09-ccde85dd0c81"
          ]
        }
      ],
      "Page": 1
    },
    {
      "BlockType": "LINE",
      "Confidence": 99.62104034423828,
      "Text": "%)",
      "Geometry": {
        "BoundingBox": {
          "Width": 0.017663873732089996,
          "Height": 0.020553505048155785,
          "Left": 0.2615683078765869,
          "Top": 0.5912423729896545
        },
        "Polygon": [
          {
            "X": 0.26178622245788574,
            "Y": 0.5912423729896545
          },
          {
            "X": 0.2792321741580963,
            "Y": 0.5912717580795288
          },
          {
            "X": 0.2790141701698303,
            "Y": 0.6117959022521973
          },
          {
            "X": 0.2615683078765869,
            "Y": 0.6117683053016663
          }
        ]
      },
      "Id": "c995f839-871b-4a65-a20f-a443f6ef8f5d",
      "Relationships": [
        {
          "Type": "CHILD",
          "Ids": [
            "ff6cad48-5826-40c9-8abd-5595ac577336"
          ]
        }
      ],
      "Page": 1
    },
    {
      "BlockType": "WORD",
      "Confidence": 99.93751525878906,
      "Text": "System",
      "TextType": "PRINTED",
      "Geometry": {
        "BoundingBox": {
          "Width": 0.0437685027718544,
          "Height": 0.02210911549627781,
          "Left": 0.24895606935024261,
          "Top": 0.3943975865840912
        },
        "Polygon": [
          {
            "X": 0.24918951094150543,
            "Y": 0.3943975865840912
          },
          {
            "X": 0.2927245795726776,
            "Y": 0.3945143222808838
          },
          {
            "X": 0.2924908995628357,
            "Y": 0.41650670766830444
          },
          {
            "X": 0.24895606935024261,
            "Y": 0.41639479994773865
          }
        ]
      },
      "Id": "7383d9ae-72c4-4d2f-8f1f-dee85ae1f417",
      "Page": 1
    },
    {
      "BlockType": "WORD",
      "Confidence": 99.93643951416016,
      "Text": "Initial",
      "TextType": "PRINTED",
      "Geometry": {
        "BoundingBox": {
          "Width": 0.037228476256132126,
          "Height": 0.018387572839856148,
          "Left": 0.45012134313583374,
          "Top": 0.3933885395526886
        },
        "Polygon": [
          {
            "X": 0.45031648874282837,
            "Y": 0.3933885395526886
          },
          {
            "X": 0.48734980821609497,
            "Y": 0.3934881389141083
          },
          {
            "X": 0.4871545135974884,
            "Y": 0.4117760956287384
          },
          {
            "X": 0.45012134313583374,
            "Y": 0.4116799235343933
          }
        ]
      },
      "Id": "171caca0-3f1f-41bb-aa01-2806ea7e144c",
      "Page": 1
    },
    {
      "BlockType": "WORD",
      "Confidence": 99.98081970214844,
      "Text": "contact",
      "TextType": "PRINTED",
      "Geometry": {
        "BoundingBox": {
          "Width": 0.045260172337293625,
          "Height": 0.015458008274435997,
          "Left": 0.4909725487232208,
          "Top": 0.39606577157974243
        },
        "Polygon": [
          {
            "X": 0.4911364018917084,
            "Y": 0.39606577157974243
          },
          {
            "X": 0.5362327098846436,
            "Y": 0.3961864709854126
          },
          {
            "X": 0.5360686779022217,
            "Y": 0.4115237593650818
          },
          {
            "X": 0.4909725487232208,
            "Y": 0.41140657663345337
          }
        ]
      },
      "Id": "953354f0-2c65-419b-886f-e2537886b9be",
      "Page": 1
    },
    {
      "BlockType": "WORD",
      "Confidence": 99.88495635986328,
      "Text": "angle",
      "TextType": "PRINTED",
      "Geometry": {
        "BoundingBox": {
          "Width": 0.03341510146856308,
          "Height": 0.02275238372385502,
          "Left": 0.5401327013969421,
          "Top": 0.39376384019851685
        },
        "Polygon": [
          {
            "X": 0.5403751134872437,
            "Y": 0.39376384019851685
          },
          {
            "X": 0.5735477805137634,
            "Y": 0.3938530385494232
          },
          {
            "X": 0.5733051896095276,
            "Y": 0.4165162444114685
          },
          {
            "X": 0.5401327013969421,
            "Y": 0.41643086075782776
          }
        ]
      },
      "Id": "e4711515-2299-4e47-bcfd-70c2fdc33d24",
      "Page": 1
    },
    {
      "BlockType": "WORD",
      "Confidence": 99.90424346923828,
      "Text": "Stabilized",
      "TextType": "PRINTED",
      "Geometry": {
        "BoundingBox": {
          "Width": 0.06099491938948631,
          "Height": 0.018948547542095184,
          "Left": 0.6100976467132568,
          "Top": 0.3932804465293884
        },
        "Polygon": [
          {
            "X": 0.6102989912033081,
            "Y": 0.3932804465293884
          },
          {
            "X": 0.6710925698280334,
            "Y": 0.39344415068626404
          },
          {
            "X": 0.6708909869194031,
            "Y": 0.4122290015220642
          },
          {
            "X": 0.6100976467132568,
            "Y": 0.4120711088180542
          }
        ]
      },
      "Id": "61cc12cc-275b-4435-8152-267c94020aed",
      "Page": 1
    },
    {
      "BlockType": "WORD",
      "Confidence": 99.96654510498047,
      "Text": "contact",
      "TextType": "PRINTED",
      "Geometry": {
        "BoundingBox": {
          "Width": 0.04570275917649269,
          "Height": 0.01668647862970829,
          "Left": 0.6747764348983765,
          "Top": 0.39563867449760437
        },
        "Polygon": [
          {
            "X": 0.6749542355537415,
            "Y": 0.39563867449760437
          },
          {
            "X": 0.7204791903495789,
            "Y": 0.395760715007782
          },
          {
            "X": 0.7203011512756348,
            "Y": 0.4123251438140869
          },
          {
            "X": 0.6747764348983765,
            "Y": 0.4122069180011749
          }
        ]
      },
      "Id": "05c13753-d0d6-4dd3-9bf5-41977b84baf7",
      "Page": 1
    },
    {
      "BlockType": "WORD",
      "Confidence": 99.93688201904297,
      "Text": "angle",
      "TextType": "PRINTED",
      "Geometry": {
        "BoundingBox": {
          "Width": 0.033421024680137634,
          "Height": 0.022955475375056267,
          "Left": 0.7236695289611816,
          "Top": 0.39376822113990784
        },
        "Polygon": [
          {
            "X": 0.7239152789115906,
            "Y": 0.39376822113990784
          },
          {
            "X": 0.7570905089378357,
            "Y": 0.39385750889778137
          },
          {
            "X": 0.7568445801734924,
            "Y": 0.41672369837760925
          },
          {
            "X": 0.7236695289611816,
            "Y": 0.41663825511932373
          }
        ]
      },
      "Id": "deb84ab7-da88-4514-9ce0-d4233104ec4a",
      "Page": 1
    },
    {
      "BlockType": "WORD",
      "Confidence": 34.104427337646484,
      "Text": "(°)",
      "TextType": "PRINTED",
      "Geometry": {
        "BoundingBox": {
          "Width": 0.016163120046257973,
          "Height": 0.021404068917036057,
          "Left": 0.4504498541355133,
          "Top": 0.4237671196460724
        },
        "Polygon": [
          {
            "X": 0.4506778120994568,
            "Y": 0.4237671196460724
          },
          {
            "X": 0.46661296486854553,
            "Y": 0.4238075017929077
          },
          {
            "X": 0.4663849174976349,
            "Y": 0.44517117738723755
          },
          {
            "X": 0.4504498541355133,
            "Y": 0.4451324939727783
          }
        ]
      },
      "Id": "56acbcf6-1b61-480f-afb5-d6092120a4d5",
      "Page": 1
    },
    {
      "BlockType": "WORD",
      "Confidence": 60.63889694213867,
      "Text": "(°)",
      "TextType": "PRINTED",
      "Geometry": {
        "BoundingBox": {
          "Width": 0.0166778564453125,
          "Height": 0.02140745520591736,
          "Left": 0.6103899478912354,
          "Top": 0.42380326986312866
        },
        "Polygon": [
          {
            "X": 0.6106189489364624,
            "Y": 0.42380326986312866
          },
          {
            "X": 0.6270678043365479,
            "Y": 0.4238450229167938
          },
          {
            "X": 0.6268388032913208,
            "Y": 0.445210725069046
          },
          {
            "X": 0.6103899478912354,
            "Y": 0.4451707601547241
          }
        ]
      },
      "Id": "adf863e6-10b7-4760-89ec-5ce981764ed9",
      "Page": 1
    },
    {
      "BlockType": "WORD",
      "Confidence": 99.63497161865234,
      "Text": "EP-PEEKTOH",
      "TextType": "PRINTED",
      "Geometry": {
        "BoundingBox": {
          "Width": 0.08299315720796585,
          "Height": 0.017543917521834373,
          "Left": 0.24854794144630432,
          "Top": 0.4714770019054413
        },
        "Polygon": [
          {
            "X": 0.24873219430446625,
            "Y": 0.4714770019054413
          },
          {
            "X": 0.3315410912036896,
            "Y": 0.47166675329208374
          },
          {
            "X": 0.3313565254211426,
            "Y": 0.4890209138393402
          },
          {
            "X": 0.24854794144630432,
            "Y": 0.48883846402168274
          }
        ]
      },
      "Id": "493cc394-8c06-489f-9ed2-7bde4c51c43a",
      "Page": 1
    },
    {
      "BlockType": "WORD",
      "Confidence": 99.98209381103516,
      "Text": "blend",
      "TextType": "PRINTED",
      "Geometry": {
        "BoundingBox": {
          "Width": 0.03456263989210129,
          "Height": 0.018577421084046364,
          "Left": 0.3349214494228363,
          "Top": 0.47045549750328064
        },
        "Polygon": [
          {
            "X": 0.33511823415756226,
            "Y": 0.47045549750328064
          },
          {
            "X": 0.3694840967655182,
            "Y": 0.47053444385528564
          },
          {
            "X": 0.3692871332168579,
            "Y": 0.48903292417526245
          },
          {
            "X": 0.3349214494228363,
            "Y": 0.4889571964740753
          }
        ]
      },
      "Id": "88294a54-ebee-4662-82da-b76ec83edbb7",
      "Page": 1
    },
    {
      "BlockType": "WORD",
      "Confidence": 99.88859558105469,
      "Text": "(5",
      "TextType": "PRINTED",
      "Geometry": {
        "BoundingBox": {
          "Width": 0.013150878250598907,
          "Height": 0.021101118996739388,
          "Left": 0.3729434609413147,
          "Top": 0.4706897735595703
        },
        "Polygon": [
          {
            "X": 0.37316784262657166,
            "Y": 0.4706897735595703
          },
          {
            "X": 0.386094331741333,
            "Y": 0.47071945667266846
          },
          {
            "X": 0.3858698904514313,
            "Y": 0.49179089069366455
          },
          {
            "X": 0.3729434609413147,
            "Y": 0.49176257848739624
          }
        ]
      },
      "Id": "575788ff-3656-4e63-9ad8-be5d46d4d13d",
      "Page": 1
    },
    {
      "BlockType": "WORD",
      "Confidence": 99.13368225097656,
      "Text": "wt",
      "TextType": "PRINTED",
      "Geometry": {
        "BoundingBox": {
          "Width": 0.017024192959070206,
          "Height": 0.015908654779195786,
          "Left": 0.3888857364654541,
          "Top": 0.4735657870769501
        },
        "Polygon": [
          {
            "X": 0.3890548050403595,
            "Y": 0.4735657870769501
          },
          {
            "X": 0.405909925699234,
            "Y": 0.4736042618751526
          },
          {
            "X": 0.40574079751968384,
            "Y": 0.48947444558143616
          },
          {
            "X": 0.3888857364654541,
            "Y": 0.4894373118877411
          }
        ]
      },
      "Id": "009b40df-ff14-4ec2-8913-ebf1c0e87df6",
      "Page": 1
    },
    {
      "BlockType": "WORD",
      "Confidence": 99.59456634521484,
      "Text": "%)",
      "TextType": "PRINTED",
      "Geometry": {
        "BoundingBox": {
          "Width": 0.01798025332391262,
          "Height": 0.021437659859657288,
          "Left": 0.4077419638633728,
          "Top": 0.4706762433052063
        },
        "Polygon": [
          {
            "X": 0.40797001123428345,
            "Y": 0.4706762433052063
          },
          {
            "X": 0.42572221159935,
            "Y": 0.47071704268455505
          },
          {
            "X": 0.42549407482147217,
            "Y": 0.4921139180660248
          },
          {
            "X": 0.4077419638633728,
            "Y": 0.4920750558376312
          }
        ]
      },
      "Id": "1993b2b2-7561-4c48-a36b-672edc1a6836",
      "Page": 1
    },
    {
      "BlockType": "WORD",
      "Confidence": 99.93754577636719,
      "Text": "66",
      "TextType": "PRINTED",
      "Geometry": {
        "BoundingBox": {
          "Width": 0.015499453991651535,
          "Height": 0.017413385212421417,
          "Left": 0.45035696029663086,
          "Top": 0.4713755249977112
        },
        "Polygon": [
          {
            "X": 0.4505424201488495,
            "Y": 0.4713755249977112
          },
          {
            "X": 0.4658564329147339,
            "Y": 0.4714106321334839
          },
          {
            "X": 0.46567094326019287,
            "Y": 0.488788902759552
          },
          {
            "X": 0.45035696029663086,
            "Y": 0.48875510692596436
          }
        ]
      },
      "Id": "e518db00-386f-46ce-96af-26e9aed3b47a",
      "Page": 1
    },
    {
      "BlockType": "WORD",
      "Confidence": 99.9545669555664,
      "Text": "42",
      "TextType": "PRINTED",
      "Geometry": {
        "BoundingBox": {
          "Width": 0.0159379281103611,
          "Height": 0.01697985827922821,
          "Left": 0.6103123426437378,
          "Top": 0.4716084897518158
        },
        "Polygon": [
          {
            "X": 0.6104938983917236,
            "Y": 0.4716084897518158
          },
          {
            "X": 0.6262502670288086,
            "Y": 0.47164463996887207
          },
          {
            "X": 0.6260685920715332,
            "Y": 0.4885883331298828
          },
          {
            "X": 0.6103123426437378,
            "Y": 0.488553524017334
          }
        ]
      },
      "Id": "e7f4e23d-fd23-4209-9d61-219e5f0176bb",
      "Page": 1
    },
    {
      "BlockType": "WORD",
      "Confidence": 99.65069580078125,
      "Text": "EP-PEEKTOH",
      "TextType": "PRINTED",
      "Geometry": {
        "BoundingBox": {
          "Width": 0.08343014866113663,
          "Height": 0.017920251935720444,
          "Left": 0.2481483519077301,
          "Top": 0.5003464818000793
        },
        "Polygon": [
          {
            "X": 0.24833671748638153,
            "Y": 0.5003464818000793
          },
          {
            "X": 0.33157849311828613,
            "Y": 0.5005250573158264
          },
          {
            "X": 0.33138978481292725,
            "Y": 0.5182667374610901
          },
          {
            "X": 0.2481483519077301,
            "Y": 0.5180956721305847
          }
        ]
      },
      "Id": "d4417c86-f455-468c-b596-faad9d80af5a",
      "Page": 1
    },
    {
      "BlockType": "WORD",
      "Confidence": 99.98442840576172,
      "Text": "blend",
      "TextType": "PRINTED",
      "Geometry": {
        "BoundingBox": {
          "Width": 0.03466617316007614,
          "Height": 0.018670175224542618,
          "Left": 0.3353978097438812,
          "Top": 0.49950721859931946
        },
        "Polygon": [
          {
            "X": 0.33559566736221313,
            "Y": 0.49950721859931946
          },
          {
            "X": 0.37006399035453796,
            "Y": 0.49958133697509766
          },
          {
            "X": 0.3698660135269165,
            "Y": 0.5181773900985718
          },
          {
            "X": 0.3353978097438812,
            "Y": 0.5181065201759338
          }
        ]
      },
      "Id": "75d3acf5-0899-4d64-bd12-3e9aa007fe00",
      "Page": 1
    },
    {
      "BlockType": "WORD",
      "Confidence": 99.87850952148438,
      "Text": "(10",
      "TextType": "PRINTED",
      "Geometry": {
        "BoundingBox": {
          "Width": 0.021329566836357117,
          "Height": 0.022068629041314125,
          "Left": 0.37404316663742065,
          "Top": 0.4995564818382263
        },
        "Polygon": [
          {
            "X": 0.3742777109146118,
            "Y": 0.4995564818382263
          },
          {
            "X": 0.39537274837493896,
            "Y": 0.4996018409729004
          },
          {
            "X": 0.39513808488845825,
            "Y": 0.5216251015663147
          },
          {
            "X": 0.37404316663742065,
            "Y": 0.5215820670127869
          }
        ]
      },
      "Id": "a89b305e-2e79-40b2-a2aa-aea80dbfec5f",
      "Page": 1
    },
    {
      "BlockType": "WORD",
      "Confidence": 99.43421173095703,
      "Text": "wt",
      "TextType": "PRINTED",
      "Geometry": {
        "BoundingBox": {
          "Width": 0.01676882430911064,
          "Height": 0.01581096090376377,
          "Left": 0.3986128270626068,
          "Top": 0.5024738311767578
        },
        "Polygon": [
          {
            "X": 0.3987809419631958,
            "Y": 0.5024738311767578
          },
          {
            "X": 0.41538166999816895,
            "Y": 0.5025092959403992
          },
          {
            "X": 0.4152134954929352,
            "Y": 0.518284797668457
          },
          {
            "X": 0.3986128270626068,
            "Y": 0.5182507038116455
          }
        ]
      },
      "Id": "2bd8d522-2285-4ac0-9c28-5d37b4b9957c",
      "Page": 1
    },
    {
      "BlockType": "WORD",
      "Confidence": 99.98445129394531,
      "Text": "92",
      "TextType": "PRINTED",
      "Geometry": {
        "BoundingBox": {
          "Width": 0.01574329473078251,
          "Height": 0.01719905249774456,
          "Left": 0.4503302574157715,
          "Top": 0.5009154081344604
        },
        "Polygon": [
          {
            "X": 0.45051342248916626,
            "Y": 0.5009154081344604
          },
          {
            "X": 0.46607354283332825,
            "Y": 0.5009487867355347
          },
          {
            "X": 0.4658903181552887,
            "Y": 0.5181145071983337
          },
          {
            "X": 0.4503302574157715,
            "Y": 0.5180824995040894
          }
        ]
      },
      "Id": "65585647-3104-4724-b093-449d473f905a",
      "Page": 1
    },
    {
      "BlockType": "WORD",
      "Confidence": 99.93193054199219,
      "Text": "70",
      "TextType": "PRINTED",
      "Geometry": {
        "BoundingBox": {
          "Width": 0.015953360125422478,
          "Height": 0.01717456430196762,
          "Left": 0.6102506518363953,
          "Top": 0.5009328126907349
        },
        "Polygon": [
          {
            "X": 0.6104342937469482,
            "Y": 0.5009328126907349
          },
          {
            "X": 0.6262040138244629,
            "Y": 0.5009666681289673
          },
          {
            "X": 0.6260202527046204,
            "Y": 0.5181073546409607
          },
          {
            "X": 0.6102506518363953,
            "Y": 0.5180749297142029
          }
        ]
      },
      "Id": "dd015e02-1b83-4f52-92f2-d244462d7242",
      "Page": 1
    },
    {
      "BlockType": "WORD",
      "Confidence": 99.54234313964844,
      "Text": "%)",
      "TextType": "PRINTED",
      "Geometry": {
        "BoundingBox": {
          "Width": 0.01776518113911152,
          "Height": 0.02058696374297142,
          "Left": 0.2614883482456207,
          "Top": 0.5304731130599976
        },
        "Polygon": [
          {
            "X": 0.26170656085014343,
            "Y": 0.5304731130599976
          },
          {
            "X": 0.2792535126209259,
            "Y": 0.5305081009864807
          },
          {
            "X": 0.2790352404117584,
            "Y": 0.5510600805282593
          },
          {
            "X": 0.2614883482456207,
            "Y": 0.5510269403457642
          }
        ]
      },
      "Id": "5b086a27-7ac8-4238-8388-f087ab847523",
      "Page": 1
    },
    {
      "BlockType": "WORD",
      "Confidence": 99.64998626708984,
      "Text": "EP-PEEKTOH",
      "TextType": "PRINTED",
      "Geometry": {
        "BoundingBox": {
          "Width": 0.08333893865346909,
          "Height": 0.018042925745248795,
          "Left": 0.24818149209022522,
          "Top": 0.5610802173614502
        },
        "Polygon": [
          {
            "X": 0.2483714371919632,
            "Y": 0.5610802173614502
          },
          {
            "X": 0.3315204381942749,
            "Y": 0.5612330436706543
          },
          {
            "X": 0.33133015036582947,
            "Y": 0.5791231989860535
          },
          {
            "X": 0.24818149209022522,
            "Y": 0.5789779424667358
          }
        ]
      },
      "Id": "bf824fbc-57f5-46b9-9147-7a2fabb76306",
      "Page": 1
    },
    {
      "BlockType": "WORD",
      "Confidence": 99.98535919189453,
      "Text": "blend",
      "TextType": "PRINTED",
      "Geometry": {
        "BoundingBox": {
          "Width": 0.03455813229084015,
          "Height": 0.018578752875328064,
          "Left": 0.33551710844039917,
          "Top": 0.5602568984031677
        },
        "Polygon": [
          {
            "X": 0.33571410179138184,
            "Y": 0.5602568984031677
          },
          {
            "X": 0.3700752258300781,
            "Y": 0.5603201985359192
          },
          {
            "X": 0.3698780834674835,
            "Y": 0.578835666179657
          },
          {
            "X": 0.33551710844039917,
            "Y": 0.5787755846977234
          }
        ]
      },
      "Id": "fdc51260-0e9a-460a-9fb2-b5b5b8e884f9",
      "Page": 1
    },
    {
      "BlockType": "WORD",
      "Confidence": 99.84009552001953,
      "Text": "(15",
      "TextType": "PRINTED",
      "Geometry": {
        "BoundingBox": {
          "Width": 0.02081073448061943,
          "Height": 0.02107870951294899,
          "Left": 0.3740595579147339,
          "Top": 0.5607653260231018
        },
        "Polygon": [
          {
            "X": 0.3742836117744446,
            "Y": 0.5607653260231018
          },
          {
            "X": 0.3948702812194824,
            "Y": 0.5608031749725342
          },
          {
            "X": 0.3946461081504822,
            "Y": 0.5818440318107605
          },
          {
            "X": 0.3740595579147339,
            "Y": 0.58180832862854
          }
        ]
      },
      "Id": "df70536b-6985-4caf-8270-a63da9d14139",
      "Page": 1
    },
    {
      "BlockType": "WORD",
      "Confidence": 99.6280517578125,
      "Text": "wt",
      "TextType": "PRINTED",
      "Geometry": {
        "BoundingBox": {
          "Width": 0.016586270183324814,
          "Height": 0.014901392161846161,
          "Left": 0.39862194657325745,
          "Top": 0.5636597275733948
        },
        "Polygon": [
          {
            "X": 0.3987804353237152,
            "Y": 0.5636597275733948
          },
          {
            "X": 0.41520822048187256,
            "Y": 0.5636897087097168
          },
          {
            "X": 0.4150497019290924,
            "Y": 0.5785610675811768
          },
          {
            "X": 0.39862194657325745,
            "Y": 0.578532338142395
          }
        ]
      },
      "Id": "8a64ece5-c4fa-468c-a88a-02bd3eba1a08",
      "Page": 1
    },
    {
      "BlockType": "WORD",
      "Confidence": 99.98268127441406,
      "Text": "123",
      "TextType": "PRINTED",
      "Geometry": {
        "BoundingBox": {
          "Width": 0.022417789325118065,
          "Height": 0.017414214089512825,
          "Left": 0.45107969641685486,
          "Top": 0.5614580512046814
        },
        "Polygon": [
          {
            "X": 0.4512650966644287,
            "Y": 0.5614580512046814
          },
          {
            "X": 0.4734974801540375,
            "Y": 0.5614989399909973
          },
          {
            "X": 0.47331199049949646,
            "Y": 0.5788722634315491
          },
          {
            "X": 0.45107969641685486,
            "Y": 0.5788334012031555
          }
        ]
      },
      "Id": "e19b9c09-3650-46d1-8115-68905f0a01cd",
      "Page": 1
    },
    {
      "BlockType": "WORD",
      "Confidence": 99.92093658447266,
      "Text": "82",
      "TextType": "PRINTED",
      "Geometry": {
        "BoundingBox": {
          "Width": 0.015528636984527111,
          "Height": 0.01738479733467102,
          "Left": 0.6106326580047607,
          "Top": 0.5616331100463867
        },
        "Polygon": [
          {
            "X": 0.61081862449646,
            "Y": 0.5616331100463867
          },
          {
            "X": 0.6261612772941589,
            "Y": 0.5616613030433655
          },
          {
            "X": 0.6259751915931702,
            "Y": 0.5790178775787354
          },
          {
            "X": 0.6106326580047607,
            "Y": 0.5789910554885864
          }
        ]
      },
      "Id": "17aab090-3a48-4512-af09-ccde85dd0c81",
      "Page": 1
    },
    {
      "BlockType": "WORD",
      "Confidence": 99.62104034423828,
      "Text": "%)",
      "TextType": "PRINTED",
      "Geometry": {
        "BoundingBox": {
          "Width": 0.017663873732089996,
          "Height": 0.020553505048155785,
          "Left": 0.2615683078765869,
          "Top": 0.5912423729896545
        },
        "Polygon": [
          {
            "X": 0.26178622245788574,
            "Y": 0.5912423729896545
          },
          {
            "X": 0.2792321741580963,
            "Y": 0.5912717580795288
          },
          {
            "X": 0.2790141701698303,
            "Y": 0.6117959022521973
          },
          {
            "X": 0.2615683078765869,
            "Y": 0.6117683053016663
          }
        ]
      },
      "Id": "ff6cad48-5826-40c9-8abd-5595ac577336",
      "Page": 1
    },
    {
      "BlockType": "SELECTION_ELEMENT",
      "Confidence": 22.86376953125,
      "Geometry": {
        "BoundingBox": {
          "Width": 0.016041137278079987,
          "Height": 0.021610289812088013,
          "Left": 0.45047104358673096,
          "Top": 0.4237859547138214
        },
        "Polygon": [
          {
            "X": 0.45070120692253113,
            "Y": 0.4237859547138214
          },
          {
            "X": 0.46651217341423035,
            "Y": 0.42382603883743286
          },
          {
            "X": 0.466281920671463,
            "Y": 0.4453962445259094
          },
          {
            "X": 0.45047104358673096,
            "Y": 0.44535788893699646
          }
        ]
      },
      "Id": "f94468be-e1a5-4d4e-ab37-958ab0488efe",
      "SelectionStatus": "SELECTED",
      "Page": 1
    },
    {
      "BlockType": "TABLE",
      "Confidence": 99.951171875,
      "Geometry": {
        "BoundingBox": {
          "Width": 0.5337275266647339,
          "Height": 0.2389107346534729,
          "Left": 0.23288269340991974,
          "Top": 0.38127416372299194
        },
        "Polygon": [
          {
            "X": 0.2354084700345993,
            "Y": 0.38127416372299194
          },
          {
            "X": 0.7666102051734924,
            "Y": 0.38273394107818604
          },
          {
            "X": 0.7640554308891296,
            "Y": 0.6201848983764648
          },
          {
            "X": 0.23288269340991974,
            "Y": 0.6193657517433167
          }
        ]
      },
      "Id": "9ec581ee-8f3b-402a-8abb-b465eaa24efd",
      "Relationships": [
        {
          "Type": "CHILD",
          "Ids": [
            "383f9213-9864-44be-a384-a782810b6463",
            "b5dccb54-0c77-446e-8fc0-bc4dbbf7d712",
            "25d17881-65d1-4ecb-a6e3-9d6773e1d815",
            "31e40953-d5a8-4ab5-8684-5ee7f5223004",
            "f08fed03-d682-437a-afe8-997d9f38139e",
            "fa0e4d5f-c02c-42e3-a55a-22e3d1acc812",
            "ddc8a221-2017-4789-8cea-134e31324ad9",
            "26dfb5f8-b6d7-47aa-8131-f9b7539a1c06",
            "864a6713-c5a8-41b6-8c9a-46f677ef8a18",
            "a8e669b3-df49-4b76-895e-9d06cb844b28",
            "4916b4e5-9a77-43a8-a8db-b0e0439339a1",
            "52413f35-b118-47ef-81fe-f9a85c09af83"
          ]
        }
      ],
      "EntityTypes": [
        "STRUCTURED_TABLE"
      ],
      "Page": 1
    },
    {
      "BlockType": "CELL",
      "Confidence": 77.490234375,
      "RowIndex": 1,
      "ColumnIndex": 1,
      "RowSpan": 1,
      "ColumnSpan": 1,
      "Geometry": {
        "BoundingBox": {
          "Width": 0.20375964045524597,
          "Height": 0.07649727910757065,
          "Left": 0.23460203409194946,
          "Top": 0.38127416372299194
        },
        "Polygon": [
          {
            "X": 0.2354084700345993,
            "Y": 0.38127416372299194
          },
          {
            "X": 0.43836167454719543,
            "Y": 0.3818318843841553
          },
          {
            "X": 0.43755170702934265,
            "Y": 0.4577714204788208
          },
          {
            "X": 0.23460203409194946,
            "Y": 0.457291841506958
          }
        ]
      },
      "Id": "383f9213-9864-44be-a384-a782810b6463",
      "Relationships": [
        {
          "Type": "CHILD",
          "Ids": [
            "7383d9ae-72c4-4d2f-8f1f-dee85ae1f417"
          ]
        }
      ],
      "EntityTypes": [
        "COLUMN_HEADER"
      ],
      "Page": 1
    },
    {
      "BlockType": "CELL",
      "Confidence": 74.658203125,
      "RowIndex": 1,
      "ColumnIndex": 2,
      "RowSpan": 1,
      "ColumnSpan": 1,
      "Geometry": {
        "BoundingBox": {
          "Width": 0.15513412654399872,
          "Height": 0.07630421221256256,
          "Left": 0.43755170702934265,
          "Top": 0.3818318843841553
        },
        "Polygon": [
          {
            "X": 0.43836167454719543,
            "Y": 0.3818318843841553
          },
          {
            "X": 0.5926858186721802,
            "Y": 0.3822559714317322
          },
          {
            "X": 0.5918731689453125,
            "Y": 0.45813608169555664
          },
          {
            "X": 0.43755170702934265,
            "Y": 0.4577714204788208
          }
        ]
      },
      "Id": "b5dccb54-0c77-446e-8fc0-bc4dbbf7d712",
      "Relationships": [
        {
          "Type": "CHILD",
          "Ids": [
            "f94468be-e1a5-4d4e-ab37-958ab0488efe",
            "171caca0-3f1f-41bb-aa01-2806ea7e144c",
            "953354f0-2c65-419b-886f-e2537886b9be",
            "e4711515-2299-4e47-bcfd-70c2fdc33d24",
            "56acbcf6-1b61-480f-afb5-d6092120a4d5"
          ]
        }
      ],
      "EntityTypes": [
        "COLUMN_HEADER"
      ],
      "Page": 1
    },
    {
      "BlockType": "CELL",
      "Confidence": 77.197265625,
      "RowIndex": 1,
      "ColumnIndex": 3,
      "RowSpan": 1,
      "ColumnSpan": 1,
      "Geometry": {
        "BoundingBox": {
          "Width": 0.17473705112934113,
          "Height": 0.07629109919071198,
          "Left": 0.5918731689453125,
          "Top": 0.3822559714317322
        },
        "Polygon": [
          {
            "X": 0.5926858186721802,
            "Y": 0.3822559714317322
          },
          {
            "X": 0.7666102051734924,
            "Y": 0.38273394107818604
          },
          {
            "X": 0.7657945156097412,
            "Y": 0.45854708552360535
          },
          {
            "X": 0.5918731689453125,
            "Y": 0.45813608169555664
          }
        ]
      },
      "Id": "25d17881-65d1-4ecb-a6e3-9d6773e1d815",
      "Relationships": [
        {
          "Type": "CHILD",
          "Ids": [
            "61cc12cc-275b-4435-8152-267c94020aed",
            "05c13753-d0d6-4dd3-9bf5-41977b84baf7",
            "deb84ab7-da88-4514-9ce0-d4233104ec4a",
            "adf863e6-10b7-4760-89ec-5ce981764ed9"
          ]
        }
      ],
      "EntityTypes": [
        "COLUMN_HEADER"
      ],
      "Page": 1
    },
    {
      "BlockType": "CELL",
      "Confidence": 85.3515625,
      "RowIndex": 2,
      "ColumnIndex": 1,
      "RowSpan": 1,
      "ColumnSpan": 1,
      "Geometry": {
        "BoundingBox": {
          "Width": 0.20335255563259125,
          "Height": 0.0384184829890728,
          "Left": 0.2341991513967514,
          "Top": 0.457291841506958
        },
        "Polygon": [
          {
            "X": 0.23460203409194946,
            "Y": 0.457291841506958
          },
          {
            "X": 0.43755170702934265,
            "Y": 0.4577714204788208
          },
          {
            "X": 0.4371470510959625,
            "Y": 0.4957103431224823
          },
          {
            "X": 0.2341991513967514,
            "Y": 0.4952698051929474
          }
        ]
      },
      "Id": "31e40953-d5a8-4ab5-8684-5ee7f5223004",
      "Relationships": [
        {
          "Type": "CHILD",
          "Ids": [
            "493cc394-8c06-489f-9ed2-7bde4c51c43a",
            "88294a54-ebee-4662-82da-b76ec83edbb7",
            "575788ff-3656-4e63-9ad8-be5d46d4d13d",
            "009b40df-ff14-4ec2-8913-ebf1c0e87df6",
            "1993b2b2-7561-4c48-a36b-672edc1a6836"
          ]
        }
      ],
      "Page": 1
    },
    {
      "BlockType": "CELL",
      "Confidence": 82.2265625,
      "RowIndex": 2,
      "ColumnIndex": 2,
      "RowSpan": 1,
      "ColumnSpan": 1,
      "Geometry": {
        "BoundingBox": {
          "Width": 0.15472611784934998,
          "Height": 0.0382738821208477,
          "Left": 0.4371470510959625,
          "Top": 0.4577714204788208
        },
        "Polygon": [
          {
            "X": 0.43755170702934265,
            "Y": 0.4577714204788208
          },
          {
            "X": 0.5918731689453125,
            "Y": 0.45813608169555664
          },
          {
            "X": 0.5914672017097473,
            "Y": 0.49604532122612
          },
          {
            "X": 0.4371470510959625,
            "Y": 0.4957103431224823
          }
        ]
      },
      "Id": "f08fed03-d682-437a-afe8-997d9f38139e",
      "Relationships": [
        {
          "Type": "CHILD",
          "Ids": [
            "e518db00-386f-46ce-96af-26e9aed3b47a"
          ]
        }
      ],
      "Page": 1
    },
    {
      "BlockType": "CELL",
      "Confidence": 85.009765625,
      "RowIndex": 2,
      "ColumnIndex": 3,
      "RowSpan": 1,
      "ColumnSpan": 1,
      "Geometry": {
        "BoundingBox": {
          "Width": 0.17432737350463867,
          "Height": 0.038286738097667694,
          "Left": 0.5914672017097473,
          "Top": 0.45813608169555664
        },
        "Polygon": [
          {
            "X": 0.5918731689453125,
            "Y": 0.45813608169555664
          },
          {
            "X": 0.7657945156097412,
            "Y": 0.45854708552360535
          },
          {
            "X": 0.7653870582580566,
            "Y": 0.49642282724380493
          },
          {
            "X": 0.5914672017097473,
            "Y": 0.49604532122612
          }
        ]
      },
      "Id": "fa0e4d5f-c02c-42e3-a55a-22e3d1acc812",
      "Relationships": [
        {
          "Type": "CHILD",
          "Ids": [
            "e7f4e23d-fd23-4209-9d61-219e5f0176bb"
          ]
        }
      ],
      "Page": 1
    },
    {
      "BlockType": "CELL",
      "Confidence": 58.10546875,
      "RowIndex": 3,
      "ColumnIndex": 1,
      "RowSpan": 1,
      "ColumnSpan": 1,
      "Geometry": {
        "BoundingBox": {
          "Width": 0.20357906818389893,
          "Height": 0.05987650528550148,
          "Left": 0.2335679829120636,
          "Top": 0.4952698051929474
        },
        "Polygon": [
          {
            "X": 0.2341991513967514,
            "Y": 0.4952698051929474
          },
          {
            "X": 0.4371470510959625,
            "Y": 0.4957103431224823
          },
          {
            "X": 0.43651309609413147,
            "Y": 0.5551462769508362
          },
          {
            "X": 0.2335679829120636,
            "Y": 0.5547669529914856
          }
        ]
      },
      "Id": "ddc8a221-2017-4789-8cea-134e31324ad9",
      "Relationships": [
        {
          "Type": "CHILD",
          "Ids": [
            "d4417c86-f455-468c-b596-faad9d80af5a",
            "75d3acf5-0899-4d64-bd12-3e9aa007fe00",
            "a89b305e-2e79-40b2-a2aa-aea80dbfec5f",
            "2bd8d522-2285-4ac0-9c28-5d37b4b9957c",
            "5b086a27-7ac8-4238-8388-f087ab847523"
          ]
        }
      ],
      "Page": 1
    },
    {
      "BlockType": "CELL",
      "Confidence": 55.95703125,
      "RowIndex": 3,
      "ColumnIndex": 2,
      "RowSpan": 1,
      "ColumnSpan": 1,
      "Geometry": {
        "BoundingBox": {
          "Width": 0.15495406091213226,
          "Height": 0.059724438935518265,
          "Left": 0.43651309609413147,
          "Top": 0.4957103431224823
        },
        "Polygon": [
          {
            "X": 0.4371470510959625,
            "Y": 0.4957103431224823
          },
          {
            "X": 0.5914672017097473,
            "Y": 0.49604532122612
          },
          {
            "X": 0.5908311009407043,
            "Y": 0.5554347634315491
          },
          {
            "X": 0.43651309609413147,
            "Y": 0.5551462769508362
          }
        ]
      },
      "Id": "26dfb5f8-b6d7-47aa-8131-f9b7539a1c06",
      "Relationships": [
        {
          "Type": "CHILD",
          "Ids": [
            "65585647-3104-4724-b093-449d473f905a"
          ]
        }
      ],
      "Page": 1
    },
    {
      "BlockType": "CELL",
      "Confidence": 57.861328125,
      "RowIndex": 3,
      "ColumnIndex": 3,
      "RowSpan": 1,
      "ColumnSpan": 1,
      "Geometry": {
        "BoundingBox": {
          "Width": 0.1745559126138687,
          "Height": 0.05971456691622734,
          "Left": 0.5908311009407043,
          "Top": 0.49604532122612
        },
        "Polygon": [
          {
            "X": 0.5914672017097473,
            "Y": 0.49604532122612
          },
          {
            "X": 0.7653870582580566,
            "Y": 0.49642282724380493
          },
          {
            "X": 0.7647486329078674,
            "Y": 0.555759847164154
          },
          {
            "X": 0.5908311009407043,
            "Y": 0.5554347634315491
          }
        ]
      },
      "Id": "864a6713-c5a8-41b6-8c9a-46f677ef8a18",
      "Relationships": [
        {
          "Type": "CHILD",
          "Ids": [
            "dd015e02-1b83-4f52-92f2-d244462d7242"
          ]
        }
      ],
      "Page": 1
    },
    {
      "BlockType": "CELL",
      "Confidence": 64.0625,
      "RowIndex": 4,
      "ColumnIndex": 1,
      "RowSpan": 1,
      "ColumnSpan": 1,
      "Geometry": {
        "BoundingBox": {
          "Width": 0.20363041758537292,
          "Height": 0.06491177529096603,
          "Left": 0.23288269340991974,
          "Top": 0.5547669529914856
        },
        "Polygon": [
          {
            "X": 0.2335679829120636,
            "Y": 0.5547669529914856
          },
          {
            "X": 0.43651309609413147,
            "Y": 0.5551462769508362
          },
          {
            "X": 0.43582481145858765,
            "Y": 0.6196787357330322
          },
          {
            "X": 0.23288269340991974,
            "Y": 0.6193657517433167
          }
        ]
      },
      "Id": "a8e669b3-df49-4b76-895e-9d06cb844b28",
      "Relationships": [
        {
          "Type": "CHILD",
          "Ids": [
            "bf824fbc-57f5-46b9-9147-7a2fabb76306",
            "fdc51260-0e9a-460a-9fb2-b5b5b8e884f9",
            "df70536b-6985-4caf-8270-a63da9d14139",
            "8a64ece5-c4fa-468c-a88a-02bd3eba1a08",
            "ff6cad48-5826-40c9-8abd-5595ac577336"
          ]
        }
      ],
      "Page": 1
    },
    {
      "BlockType": "CELL",
      "Confidence": 61.71875,
      "RowIndex": 4,
      "ColumnIndex": 2,
      "RowSpan": 1,
      "ColumnSpan": 1,
      "Geometry": {
        "BoundingBox": {
          "Width": 0.1550063192844391,
          "Height": 0.06477037817239761,
          "Left": 0.43582481145858765,
          "Top": 0.5551462769508362
        },
        "Polygon": [
          {
            "X": 0.43651309609413147,
            "Y": 0.5551462769508362
          },
          {
            "X": 0.5908311009407043,
            "Y": 0.5554347634315491
          },
          {
            "X": 0.5901405215263367,
            "Y": 0.6199166774749756
          },
          {
            "X": 0.43582481145858765,
            "Y": 0.6196787357330322
          }
        ]
      },
      "Id": "4916b4e5-9a77-43a8-a8db-b0e0439339a1",
      "Relationships": [
        {
          "Type": "CHILD",
          "Ids": [
            "e19b9c09-3650-46d1-8115-68905f0a01cd"
          ]
        }
      ],
      "Page": 1
    },
    {
      "BlockType": "CELL",
      "Confidence": 63.76953125,
      "RowIndex": 4,
      "ColumnIndex": 3,
      "RowSpan": 1,
      "ColumnSpan": 1,
      "Geometry": {
        "BoundingBox": {
          "Width": 0.17460808157920837,
          "Height": 0.06475010514259338,
          "Left": 0.5901405215263367,
          "Top": 0.5554347634315491
        },
        "Polygon": [
          {
            "X": 0.5908311009407043,
            "Y": 0.5554347634315491
          },
          {
            "X": 0.7647486329078674,
            "Y": 0.555759847164154
          },
          {
            "X": 0.7640554308891296,
            "Y": 0.6201848983764648
          },
          {
            "X": 0.5901405215263367,
            "Y": 0.6199166774749756
          }
        ]
      },
      "Id": "52413f35-b118-47ef-81fe-f9a85c09af83",
      "Relationships": [
        {
          "Type": "CHILD",
          "Ids": [
            "17aab090-3a48-4512-af09-ccde85dd0c81"
          ]
        }
      ],
      "Page": 1
    }
  ],
  "AnalyzeDocumentModelVersion": "1.0"
}