{
  "DocumentMetadata": {
    "Pages": 1
  },
  "JobStatus": "SUCCEEDED",
  "Blocks": [
    {
      "BlockType": "PAGE",
      "Geometry": {
        "BoundingBox": {
          "Width": 0.5506939888000488,
          "Height": 0.26967522501945496,
          "Left": 0.22099560499191284,
          "Top": 0.3672961890697479
        },
        "Polygon": [
          {
            "X": 0.22099560499191284,
            "Y": 0.3674975633621216
          },
          {
            "X": 0.7675734758377075,
            "Y": 0.3672961890697479
          },
          {
            "X": 0.7716895937919617,
            "Y": 0.6369714140892029
          },
          {
            "X": 0.22374027967453003,
            "Y": 0.6353929042816162
          }
        ]
      },
      "Id": "92dadb55-dd80-4158-956a-8778053a8df4",
      "Relationships": [
        {
          "Type": "CHILD",
          "Ids": [
            "a6fac7c0-5737-48d0-b695-cabb06ae1880",
            "49a57215-26ef-4cf1-8fea-d4a0c2119d11",
            "4ace910b-f927-42d8-b046-a99a671bf6bc",
            "82b3ff60-bd80-4860-8c27-b26203263dd0",
            "bcb61c61-a2e6-4145-8921-7afa17a7bf4f",
            "d829bb9e-1028-4660-86da-da9f4ff1162a",
            "c24d9f8c-ea97-418e-82e7-2ccb877318ce",
            "d38fdc8a-a911-4e82-a1ac-6f6d388d54e6",
            "463087e9-467e-4760-b68d-de49a9d3b6d0",
            "de65ae41-d063-4a2b-a3ae-1bff81578e28",
            "34a8a56e-0230-454f-aba9-a564ca57f04a",
            "e05c2e65-4fe0-4179-bf15-817f22efb018",
            "ffe79a9a-8f92-42b0-a974-3a6d15a62600",
            "c18d65cd-6e4d-40fc-9849-de9ab0bfcda6",
            "730ff3b5-40a3-462d-84ee-a11062d654cb",
            "cc3614f5-e4e7-4b6d-a9b3-7b0315e9b3c4",
            "f386316e-75a2-46d3-a6c2-ce12f8f1aa4e",
            "560bc3bf-4cab-4d96-9f4e-772ab95f802e",
            "2dbe4ae1-ec34-4ef7-96d1-9d8c569128ca",
            "c56ace6b-f5bb-49b7-8e70-9c49c74717b4",
            "19b46d5b-c75c-4e9b-af37-5a2919377da7",
            "55941713-116d-47ad-a99f-70dbd3b70436",
            "019eda6f-88d1-4c36-a1be-678255b09517",
            "a3c037ab-3ab6-4147-b5f7-2c66d6282eda",
            "2e49a0ac-e8c6-4df0-ac21-55830df0021a",
            "ef4fa3c0-2aac-4f11-805f-96832732e4c8",
            "fa36f357-17be-4520-af69-4f4564172ae3",
            "ae8c63b9-40aa-46fe-8797-76667d1129dd",
            "3adb0629-cd73-43a8-b7b5-2e798f06f1a4"
          ]
        }
      ],
      "Page": 1
    },
    {
      "BlockType": "LINE",
      "Confidence": 99.88919830322266,
      "Text": "Resin",
      "Geometry": {
        "BoundingBox": {
          "Width": 0.033743128180503845,
          "Height": 0.01899390108883381,
          "Left": 0.25042203068733215,
          "Top": 0.39776739478111267
        },
        "Polygon": [
          {
            "X": 0.25042203068733215,
            "Y": 0.39776745438575745
          },
          {
            "X": 0.28395962715148926,
            "Y": 0.39776739478111267
          },
          {
            "X": 0.2841651439666748,
            "Y": 0.4167613089084625
          },
          {
            "X": 0.25062161684036255,
            "Y": 0.4167536199092865
          }
        ]
      },
      "Id": "a6fac7c0-5737-48d0-b695-cabb06ae1880",
      "Relationships": [
        {
          "Type": "CHILD",
          "Ids": [
            "d692af30-94f9-4273-b9c2-2bbd62a541b0"
          ]
        }
      ],
      "Page": 1
    },
    {
      "BlockType": "LINE",
      "Confidence": 76.08578491210938,
      "Text": "Tdi (C)",
      "Geometry": {
        "BoundingBox": {
          "Width": 0.04497750848531723,
          "Height": 0.024450019001960754,
          "Left": 0.37105217576026917,
          "Top": 0.39690279960632324
        },
        "Polygon": [
          {
            "X": 0.37105217576026917,
            "Y": 0.39690330624580383
          },
          {
            "X": 0.41573554277420044,
            "Y": 0.39690279960632324
          },
          {
            "X": 0.416029691696167,
            "Y": 0.4213528037071228
          },
          {
            "X": 0.3713361322879791,
            "Y": 0.42134010791778564
          }
        ]
      },
      "Id": "49a57215-26ef-4cf1-8fea-d4a0c2119d11",
      "Relationships": [
        {
          "Type": "CHILD",
          "Ids": [
            "2e126943-1228-4d7c-8a73-86489583da53",
            "00b503a1-f8cd-4be1-b633-a61bda1f3dab"
          ]
        }
      ],
      "Page": 1
    },
    {
      "BlockType": "LINE",
      "Confidence": 86.1812973022461,
      "Text": "Tmax (C)",
      "Geometry": {
        "BoundingBox": {
          "Width": 0.055909592658281326,
          "Height": 0.024423077702522278,
          "Left": 0.49901074171066284,
          "Top": 0.3969719111919403
        },
        "Polygon": [
          {
            "X": 0.49901074171066284,
            "Y": 0.39697253704071045
          },
          {
            "X": 0.554595410823822,
            "Y": 0.3969719111919403
          },
          {
            "X": 0.5549203157424927,
            "Y": 0.4213950037956238
          },
          {
            "X": 0.4993230104446411,
            "Y": 0.4213792085647583
          }
        ]
      },
      "Id": "4ace910b-f927-42d8-b046-a99a671bf6bc",
      "Relationships": [
        {
          "Type": "CHILD",
          "Ids": [
            "d733eaae-8c4f-4a32-b434-f0c11546f8d5",
            "7acf85ad-9eae-4c5c-8682-1c3b9ae61844"
          ]
        }
      ],
      "Page": 1
    },
    {
      "BlockType": "LINE",
      "Confidence": 81.74424743652344,
      "Text": "Yc at 800 O C (wt%)",
      "Geometry": {
        "BoundingBox": {
          "Width": 0.11553098261356354,
          "Height": 0.023533876985311508,
          "Left": 0.6383341550827026,
          "Top": 0.39769628643989563
        },
        "Polygon": [
          {
            "X": 0.6383341550827026,
            "Y": 0.39769652485847473
          },
          {
            "X": 0.7535090446472168,
            "Y": 0.39769628643989563
          },
          {
            "X": 0.753865122795105,
            "Y": 0.42123016715049744
          },
          {
            "X": 0.6386649012565613,
            "Y": 0.4211977422237396
          }
        ]
      },
      "Id": "82b3ff60-bd80-4860-8c27-b26203263dd0",
      "Relationships": [
        {
          "Type": "CHILD",
          "Ids": [
            "34a59190-d48f-4392-9571-8f35f2671c8f",
            "21872348-6f65-4829-95de-595b9fd6c7c0",
            "97d8f440-c059-48e0-95ac-1d53b8883c57",
            "bf93150d-0e43-4ccd-98f0-37326cec33fa",
            "55c99af3-88df-43eb-a3a4-b2d0f1f7b0bd",
            "adb9a2a0-fb3a-435a-a97c-ecfe5c7ae20c"
          ]
        }
      ],
      "Page": 1
    },
    {
      "BlockType": "LINE",
      "Confidence": 99.92798614501953,
      "Text": "BD",
      "Geometry": {
        "BoundingBox": {
          "Width": 0.018012044951319695,
          "Height": 0.018189378082752228,
          "Left": 0.2500160336494446,
          "Top": 0.43864232301712036
        },
        "Polygon": [
          {
            "X": 0.2500160336494446,
            "Y": 0.43864232301712036
          },
          {
            "X": 0.2678341269493103,
            "Y": 0.4386511445045471
          },
          {
            "X": 0.2680280804634094,
            "Y": 0.4568317234516144
          },
          {
            "X": 0.25020697712898254,
            "Y": 0.45681896805763245
          }
        ]
      },
      "Id": "bcb61c61-a2e6-4145-8921-7afa17a7bf4f",
      "Relationships": [
        {
          "Type": "CHILD",
          "Ids": [
            "d74125d6-d898-42a7-a2dd-5747713f46cf"
          ]
        }
      ],
      "Page": 1
    },
    {
      "BlockType": "LINE",
      "Confidence": 99.98663330078125,
      "Text": "425",
      "Geometry": {
        "BoundingBox": {
          "Width": 0.023843053728342056,
          "Height": 0.01889282837510109,
          "Left": 0.37093454599380493,
          "Top": 0.43843623995780945
        },
        "Polygon": [
          {
            "X": 0.37093454599380493,
            "Y": 0.43843623995780945
          },
          {
            "X": 0.3945541977882385,
            "Y": 0.43844783306121826
          },
          {
            "X": 0.3947775959968567,
            "Y": 0.45732906460762024
          },
          {
            "X": 0.3711537718772888,
            "Y": 0.45731204748153687
          }
        ]
      },
      "Id": "d829bb9e-1028-4660-86da-da9f4ff1162a",
      "Relationships": [
        {
          "Type": "CHILD",
          "Ids": [
            "c87ea593-d358-4e3c-a623-1d7f8097d45f"
          ]
        }
      ],
      "Page": 1
    },
    {
      "BlockType": "LINE",
      "Confidence": 99.977783203125,
      "Text": "442",
      "Geometry": {
        "BoundingBox": {
          "Width": 0.023961052298545837,
          "Height": 0.01859886758029461,
          "Left": 0.4988459050655365,
          "Top": 0.43841925263404846
        },
        "Polygon": [
          {
            "X": 0.4988459050655365,
            "Y": 0.43841925263404846
          },
          {
            "X": 0.5225652456283569,
            "Y": 0.43843087553977966
          },
          {
            "X": 0.5228069424629211,
            "Y": 0.457018107175827
          },
          {
            "X": 0.499083548784256,
            "Y": 0.4570011496543884
          }
        ]
      },
      "Id": "c24d9f8c-ea97-418e-82e7-2ccb877318ce",
      "Relationships": [
        {
          "Type": "CHILD",
          "Ids": [
            "be0ea076-da22-4df2-b62a-54e75725b9bb"
          ]
        }
      ],
      "Page": 1
    },
    {
      "BlockType": "LINE",
      "Confidence": 98.52194213867188,
      "Text": "28.3",
      "Geometry": {
        "BoundingBox": {
          "Width": 0.026560774073004723,
          "Height": 0.018813710659742355,
          "Left": 0.6379690766334534,
          "Top": 0.43825390934944153
        },
        "Polygon": [
          {
            "X": 0.6379690766334534,
            "Y": 0.43825390934944153
          },
          {
            "X": 0.6642609238624573,
            "Y": 0.43826672434806824
          },
          {
            "X": 0.6645298600196838,
            "Y": 0.4570676386356354
          },
          {
            "X": 0.6382334232330322,
            "Y": 0.45704886317253113
          }
        ]
      },
      "Id": "d38fdc8a-a911-4e82-a1ac-6f6d388d54e6",
      "Relationships": [
        {
          "Type": "CHILD",
          "Ids": [
            "cee1c63c-c610-4c7a-ae36-9920852491d6"
          ]
        }
      ],
      "Page": 1
    },
    {
      "BlockType": "LINE",
      "Confidence": 99.70655822753906,
      "Text": "BDP1",
      "Geometry": {
        "BoundingBox": {
          "Width": 0.031998179852962494,
          "Height": 0.018382348120212555,
          "Left": 0.2504090964794159,
          "Top": 0.4689437747001648
        },
        "Polygon": [
          {
            "X": 0.2504090964794159,
            "Y": 0.4689437747001648
          },
          {
            "X": 0.2822090983390808,
            "Y": 0.4689711928367615
          },
          {
            "X": 0.282407283782959,
            "Y": 0.48732614517211914
          },
          {
            "X": 0.2506018579006195,
            "Y": 0.4872916340827942
          }
        ]
      },
      "Id": "463087e9-467e-4760-b68d-de49a9d3b6d0",
      "Relationships": [
        {
          "Type": "CHILD",
          "Ids": [
            "f53f9676-e72c-4110-9907-c9410ae3e7f6"
          ]
        }
      ],
      "Page": 1
    },
    {
      "BlockType": "LINE",
      "Confidence": 99.99103546142578,
      "Text": "418",
      "Geometry": {
        "BoundingBox": {
          "Width": 0.02391418069601059,
          "Height": 0.018972521647810936,
          "Left": 0.37106138467788696,
          "Top": 0.46835964918136597
        },
        "Polygon": [
          {
            "X": 0.37106138467788696,
            "Y": 0.46835964918136597
          },
          {
            "X": 0.3947513699531555,
            "Y": 0.4683798551559448
          },
          {
            "X": 0.39497557282447815,
            "Y": 0.48733216524124146
          },
          {
            "X": 0.3712814152240753,
            "Y": 0.48730650544166565
          }
        ]
      },
      "Id": "de65ae41-d063-4a2b-a3ae-1bff81578e28",
      "Relationships": [
        {
          "Type": "CHILD",
          "Ids": [
            "ce8cc78d-3a6b-4911-b034-f5dfc577c9df"
          ]
        }
      ],
      "Page": 1
    },
    {
      "BlockType": "LINE",
      "Confidence": 99.98216247558594,
      "Text": "432",
      "Geometry": {
        "BoundingBox": {
          "Width": 0.02379433810710907,
          "Height": 0.0184197798371315,
          "Left": 0.49906274676322937,
          "Top": 0.4688093364238739
        },
        "Polygon": [
          {
            "X": 0.49906274676322937,
            "Y": 0.4688093364238739
          },
          {
            "X": 0.5226178169250488,
            "Y": 0.46882951259613037
          },
          {
            "X": 0.5228570699691772,
            "Y": 0.4872291088104248
          },
          {
            "X": 0.4992979168891907,
            "Y": 0.4872036576271057
          }
        ]
      },
      "Id": "34a8a56e-0230-454f-aba9-a564ca57f04a",
      "Relationships": [
        {
          "Type": "CHILD",
          "Ids": [
            "2863c861-b18e-4e6e-bbd2-d5ac0ba0c99e"
          ]
        }
      ],
      "Page": 1
    },
    {
      "BlockType": "LINE",
      "Confidence": 98.5951156616211,
      "Text": "55.6",
      "Geometry": {
        "BoundingBox": {
          "Width": 0.026844119653105736,
          "Height": 0.01837114244699478,
          "Left": 0.638270378112793,
          "Top": 0.4688779413700104
        },
        "Polygon": [
          {
            "X": 0.638270378112793,
            "Y": 0.4688779413700104
          },
          {
            "X": 0.6648520231246948,
            "Y": 0.4689007103443146
          },
          {
            "X": 0.6651145219802856,
            "Y": 0.48724907636642456
          },
          {
            "X": 0.6385283470153809,
            "Y": 0.4872204065322876
          }
        ]
      },
      "Id": "e05c2e65-4fe0-4179-bf15-817f22efb018",
      "Relationships": [
        {
          "Type": "CHILD",
          "Ids": [
            "2cf099a0-5ce9-4120-ad11-39bb656330c3"
          ]
        }
      ],
      "Page": 1
    },
    {
      "BlockType": "LINE",
      "Confidence": 98.59870910644531,
      "Text": "BDP2",
      "Geometry": {
        "BoundingBox": {
          "Width": 0.03342776000499725,
          "Height": 0.018438739702105522,
          "Left": 0.2503756582736969,
          "Top": 0.49804192781448364
        },
        "Polygon": [
          {
            "X": 0.2503756582736969,
            "Y": 0.49804192781448364
          },
          {
            "X": 0.28360456228256226,
            "Y": 0.49808230996131897
          },
          {
            "X": 0.28380340337753296,
            "Y": 0.5164806842803955
          },
          {
            "X": 0.25056880712509155,
            "Y": 0.5164328813552856
          }
        ]
      },
      "Id": "ffe79a9a-8f92-42b0-a974-3a6d15a62600",
      "Relationships": [
        {
          "Type": "CHILD",
          "Ids": [
            "8daa7c83-30f6-4602-b23e-0f81871ffc44"
          ]
        }
      ],
      "Page": 1
    },
    {
      "BlockType": "LINE",
      "Confidence": 99.98858642578125,
      "Text": "402",
      "Geometry": {
        "BoundingBox": {
          "Width": 0.024051792919635773,
          "Height": 0.018263529986143112,
          "Left": 0.37092098593711853,
          "Top": 0.49803829193115234
        },
        "Polygon": [
          {
            "X": 0.37092098593711853,
            "Y": 0.49803829193115234
          },
          {
            "X": 0.39475712180137634,
            "Y": 0.4980672001838684
          },
          {
            "X": 0.3949727714061737,
            "Y": 0.5163018107414246
          },
          {
            "X": 0.37113258242607117,
            "Y": 0.5162676572799683
          }
        ]
      },
      "Id": "c18d65cd-6e4d-40fc-9849-de9ab0bfcda6",
      "Relationships": [
        {
          "Type": "CHILD",
          "Ids": [
            "136a2a7b-d599-426f-859f-5690c41c5bf6"
          ]
        }
      ],
      "Page": 1
    },
    {
      "BlockType": "LINE",
      "Confidence": 99.98532104492188,
      "Text": "423",
      "Geometry": {
        "BoundingBox": {
          "Width": 0.023739980533719063,
          "Height": 0.018373088911175728,
          "Left": 0.49883684515953064,
          "Top": 0.4981960356235504
        },
        "Polygon": [
          {
            "X": 0.49883684515953064,
            "Y": 0.4981960356235504
          },
          {
            "X": 0.5223383903503418,
            "Y": 0.49822452664375305
          },
          {
            "X": 0.5225768089294434,
            "Y": 0.5165691375732422
          },
          {
            "X": 0.49907124042510986,
            "Y": 0.5165354013442993
          }
        ]
      },
      "Id": "730ff3b5-40a3-462d-84ee-a11062d654cb",
      "Relationships": [
        {
          "Type": "CHILD",
          "Ids": [
            "f6f9ff63-bc9d-47dd-bc2c-25690a3fd6f1"
          ]
        }
      ],
      "Page": 1
    },
    {
      "BlockType": "LINE",
      "Confidence": 99.71378326416016,
      "Text": "54.7",
      "Geometry": {
        "BoundingBox": {
          "Width": 0.026885531842708588,
          "Height": 0.01817590929567814,
          "Left": 0.6382960081100464,
          "Top": 0.4982735812664032
        },
        "Polygon": [
          {
            "X": 0.6382960081100464,
            "Y": 0.4982735812664032
          },
          {
            "X": 0.6649219989776611,
            "Y": 0.4983058571815491
          },
          {
            "X": 0.6651815176010132,
            "Y": 0.516449511051178
          },
          {
            "X": 0.6385509967803955,
            "Y": 0.5164114236831665
          }
        ]
      },
      "Id": "cc3614f5-e4e7-4b6d-a9b3-7b0315e9b3c4",
      "Relationships": [
        {
          "Type": "CHILD",
          "Ids": [
            "10e77208-89b0-4166-8b3b-d322e1e83088"
          ]
        }
      ],
      "Page": 1
    },
    {
      "BlockType": "LINE",
      "Confidence": 99.81161499023438,
      "Text": "BDP3",
      "Geometry": {
        "BoundingBox": {
          "Width": 0.03314585238695145,
          "Height": 0.018114855512976646,
          "Left": 0.25037869811058044,
          "Top": 0.5283926129341125
        },
        "Polygon": [
          {
            "X": 0.25037869811058044,
            "Y": 0.5283926129341125
          },
          {
            "X": 0.28332942724227905,
            "Y": 0.528444766998291
          },
          {
            "X": 0.2835245430469513,
            "Y": 0.5465074777603149
          },
          {
            "X": 0.2505682706832886,
            "Y": 0.5464481115341187
          }
        ]
      },
      "Id": "f386316e-75a2-46d3-a6c2-ce12f8f1aa4e",
      "Relationships": [
        {
          "Type": "CHILD",
          "Ids": [
            "c9bd950f-9269-4398-8a7e-2d590228c6b4"
          ]
        }
      ],
      "Page": 1
    },
    {
      "BlockType": "LINE",
      "Confidence": 99.95304107666016,
      "Text": "403",
      "Geometry": {
        "BoundingBox": {
          "Width": 0.023793572559952736,
          "Height": 0.018159430474042892,
          "Left": 0.3708954155445099,
          "Top": 0.5284574627876282
        },
        "Polygon": [
          {
            "X": 0.3708954155445099,
            "Y": 0.5284574627876282
          },
          {
            "X": 0.3944747745990753,
            "Y": 0.5284947156906128
          },
          {
            "X": 0.39468899369239807,
            "Y": 0.5466169118881226
          },
          {
            "X": 0.3711056709289551,
            "Y": 0.5465744137763977
          }
        ]
      },
      "Id": "560bc3bf-4cab-4d96-9f4e-772ab95f802e",
      "Relationships": [
        {
          "Type": "CHILD",
          "Ids": [
            "83e5bf23-eea1-4262-8627-74a01e260965"
          ]
        }
      ],
      "Page": 1
    },
    {
      "BlockType": "LINE",
      "Confidence": 99.9482192993164,
      "Text": "422",
      "Geometry": {
        "BoundingBox": {
          "Width": 0.023889873176813126,
          "Height": 0.018152566626667976,
          "Left": 0.4989169239997864,
          "Top": 0.5284648537635803
        },
        "Polygon": [
          {
            "X": 0.4989169239997864,
            "Y": 0.5284648537635803
          },
          {
            "X": 0.5225713849067688,
            "Y": 0.5285021662712097
          },
          {
            "X": 0.5228068232536316,
            "Y": 0.5466173887252808
          },
          {
            "X": 0.49914833903312683,
            "Y": 0.5465748906135559
          }
        ]
      },
      "Id": "2dbe4ae1-ec34-4ef7-96d1-9d8c569128ca",
      "Relationships": [
        {
          "Type": "CHILD",
          "Ids": [
            "6045c9e7-1ba5-49fd-9234-7951177a20af"
          ]
        }
      ],
      "Page": 1
    },
    {
      "BlockType": "LINE",
      "Confidence": 90.18090057373047,
      "Text": "55.9",
      "Geometry": {
        "BoundingBox": {
          "Width": 0.026591358706355095,
          "Height": 0.017951393499970436,
          "Left": 0.638310432434082,
          "Top": 0.5287296175956726
        },
        "Polygon": [
          {
            "X": 0.638310432434082,
            "Y": 0.5287296175956726
          },
          {
            "X": 0.6646457314491272,
            "Y": 0.528771162033081
          },
          {
            "X": 0.6649017930030823,
            "Y": 0.5466809868812561
          },
          {
            "X": 0.6385620832443237,
            "Y": 0.5466337203979492
          }
        ]
      },
      "Id": "c56ace6b-f5bb-49b7-8e70-9c49c74717b4",
      "Relationships": [
        {
          "Type": "CHILD",
          "Ids": [
            "de2e28bb-3f73-4316-8edf-e8e9c66a39e6"
          ]
        }
      ],
      "Page": 1
    },
    {
      "BlockType": "LINE",
      "Confidence": 98.99309539794922,
      "Text": "BDP4",
      "Geometry": {
        "BoundingBox": {
          "Width": 0.03385557234287262,
          "Height": 0.017923979088664055,
          "Left": 0.2504197061061859,
          "Top": 0.5586763024330139
        },
        "Polygon": [
          {
            "X": 0.2504197061061859,
            "Y": 0.5586763024330139
          },
          {
            "X": 0.284082293510437,
            "Y": 0.5587419271469116
          },
          {
            "X": 0.28427526354789734,
            "Y": 0.5766003131866455
          },
          {
            "X": 0.25060707330703735,
            "Y": 0.5765273571014404
          }
        ]
      },
      "Id": "19b46d5b-c75c-4e9b-af37-5a2919377da7",
      "Relationships": [
        {
          "Type": "CHILD",
          "Ids": [
            "6e8eb136-b271-4896-8f6d-b0c25f9a6164"
          ]
        }
      ],
      "Page": 1
    },
    {
      "BlockType": "LINE",
      "Confidence": 99.97647094726562,
      "Text": "404",
      "Geometry": {
        "BoundingBox": {
          "Width": 0.02485889568924904,
          "Height": 0.01801137812435627,
          "Left": 0.3707464933395386,
          "Top": 0.558612585067749
        },
        "Polygon": [
          {
            "X": 0.3707464933395386,
            "Y": 0.558612585067749
          },
          {
            "X": 0.3953929841518402,
            "Y": 0.5586605072021484
          },
          {
            "X": 0.3956054151058197,
            "Y": 0.5766239166259766
          },
          {
            "X": 0.37095481157302856,
            "Y": 0.5765706300735474
          }
        ]
      },
      "Id": "55941713-116d-47ad-a99f-70dbd3b70436",
      "Relationships": [
        {
          "Type": "CHILD",
          "Ids": [
            "e374b6b6-8ce8-4096-a277-f21623634c5d"
          ]
        }
      ],
      "Page": 1
    },
    {
      "BlockType": "LINE",
      "Confidence": 99.98297882080078,
      "Text": "420",
      "Geometry": {
        "BoundingBox": {
          "Width": 0.02435211092233658,
          "Height": 0.018069036304950714,
          "Left": 0.4987788796424866,
          "Top": 0.5587239265441895
        },
        "Polygon": [
          {
            "X": 0.4987788796424866,
            "Y": 0.5587239265441895
          },
          {
            "X": 0.5228968262672424,
            "Y": 0.5587707757949829
          },
          {
            "X": 0.5231310129165649,
            "Y": 0.5767929553985596
          },
          {
            "X": 0.49900901317596436,
            "Y": 0.5767408013343811
          }
        ]
      },
      "Id": "019eda6f-88d1-4c36-a1be-678255b09517",
      "Relationships": [
        {
          "Type": "CHILD",
          "Ids": [
            "db79cf60-3ccf-4d35-bb62-2dff3c9746ad"
          ]
        }
      ],
      "Page": 1
    },
    {
      "BlockType": "LINE",
      "Confidence": 94.98238372802734,
      "Text": "57.4",
      "Geometry": {
        "BoundingBox": {
          "Width": 0.02737089991569519,
          "Height": 0.018417920917272568,
          "Left": 0.6381281018257141,
          "Top": 0.5586224794387817
        },
        "Polygon": [
          {
            "X": 0.6381281018257141,
            "Y": 0.5586224794387817
          },
          {
            "X": 0.6652364134788513,
            "Y": 0.5586751103401184
          },
          {
            "X": 0.6654989719390869,
            "Y": 0.577040433883667
          },
          {
            "X": 0.638386070728302,
            "Y": 0.5769818425178528
          }
        ]
      },
      "Id": "a3c037ab-3ab6-4147-b5f7-2c66d6282eda",
      "Relationships": [
        {
          "Type": "CHILD",
          "Ids": [
            "3b9c3a61-bd81-4875-b9df-5be2d5faed5c"
          ]
        }
      ],
      "Page": 1
    },
    {
      "BlockType": "LINE",
      "Confidence": 99.91510009765625,
      "Text": "DOPO",
      "Geometry": {
        "BoundingBox": {
          "Width": 0.037533264607191086,
          "Height": 0.01900123618543148,
          "Left": 0.2502598464488983,
          "Top": 0.5885898470878601
        },
        "Polygon": [
          {
            "X": 0.2502598464488983,
            "Y": 0.5885898470878601
          },
          {
            "X": 0.2875881791114807,
            "Y": 0.5886761546134949
          },
          {
            "X": 0.2877931296825409,
            "Y": 0.6075910925865173
          },
          {
            "X": 0.2504582405090332,
            "Y": 0.6074962019920349
          }
        ]
      },
      "Id": "2e49a0ac-e8c6-4df0-ac21-55830df0021a",
      "Relationships": [
        {
          "Type": "CHILD",
          "Ids": [
            "d3352e39-9837-4fbe-84ab-3cbbe60cd6bc"
          ]
        }
      ],
      "Page": 1
    },
    {
      "BlockType": "LINE",
      "Confidence": 99.91580963134766,
      "Text": "263",
      "Geometry": {
        "BoundingBox": {
          "Width": 0.023893723264336586,
          "Height": 0.01857720874249935,
          "Left": 0.37089937925338745,
          "Top": 0.5887405276298523
        },
        "Polygon": [
          {
            "X": 0.37089937925338745,
            "Y": 0.5887405276298523
          },
          {
            "X": 0.39457425475120544,
            "Y": 0.5887951850891113
          },
          {
            "X": 0.3947930932044983,
            "Y": 0.6073176860809326
          },
          {
            "X": 0.3711141347885132,
            "Y": 0.6072576642036438
          }
        ]
      },
      "Id": "ef4fa3c0-2aac-4f11-805f-96832732e4c8",
      "Relationships": [
        {
          "Type": "CHILD",
          "Ids": [
            "e6981f45-5a5d-4a5d-a7c0-5bea0ccdde85"
          ]
        }
      ],
      "Page": 1
    },
    {
      "BlockType": "LINE",
      "Confidence": 99.91014862060547,
      "Text": "305",
      "Geometry": {
        "BoundingBox": {
          "Width": 0.023094860836863518,
          "Height": 0.019207414239645004,
          "Left": 0.4992050528526306,
          "Top": 0.5883033275604248
        },
        "Polygon": [
          {
            "X": 0.4992050528526306,
            "Y": 0.5883033275604248
          },
          {
            "X": 0.522051215171814,
            "Y": 0.5883559584617615
          },
          {
            "X": 0.5222999453544617,
            "Y": 0.6075107455253601
          },
          {
            "X": 0.4994496703147888,
            "Y": 0.6074528694152832
          }
        ]
      },
      "Id": "fa36f357-17be-4520-af69-4f4564172ae3",
      "Relationships": [
        {
          "Type": "CHILD",
          "Ids": [
            "25991b32-3d20-47c7-9f2e-f02c260074cf"
          ]
        }
      ],
      "Page": 1
    },
    {
      "BlockType": "LINE",
      "Confidence": 97.84165954589844,
      "Text": "-",
      "Geometry": {
        "BoundingBox": {
          "Width": 0.008181177079677582,
          "Height": 0.0042766244150698185,
          "Left": 0.6373376846313477,
          "Top": 0.6054114699363708
        },
        "Polygon": [
          {
            "X": 0.6373376846313477,
            "Y": 0.6054114699363708
          },
          {
            "X": 0.6454588174819946,
            "Y": 0.6054317951202393
          },
          {
            "X": 0.6455188393592834,
            "Y": 0.6096881031990051
          },
          {
            "X": 0.6373974084854126,
            "Y": 0.6096673607826233
          }
        ]
      },
      "Id": "ae8c63b9-40aa-46fe-8797-76667d1129dd",
      "Relationships": [
        {
          "Type": "CHILD",
          "Ids": [
            "3041803c-cd24-43d2-aed9-3ce5f0f13c51"
          ]
        }
      ],
      "Page": 1
    },
    {
      "BlockType": "WORD",
      "Confidence": 99.88919830322266,
      "Text": "Resin",
      "TextType": "PRINTED",
      "Geometry": {
        "BoundingBox": {
          "Width": 0.033743128180503845,
          "Height": 0.01899390108883381,
          "Left": 0.25042203068733215,
          "Top": 0.39776739478111267
        },
        "Polygon": [
          {
            "X": 0.25042203068733215,
            "Y": 0.39776745438575745
          },
          {
            "X": 0.28395962715148926,
            "Y": 0.39776739478111267
          },
          {
            "X": 0.2841651439666748,
            "Y": 0.4167613089084625
          },
          {
            "X": 0.25062161684036255,
            "Y": 0.4167536199092865
          }
        ]
      },
      "Id": "d692af30-94f9-4273-b9c2-2bbd62a541b0",
      "Page": 1
    },
    {
      "BlockType": "WORD",
      "Confidence": 95.14673614501953,
      "Text": "Tdi",
      "TextType": "PRINTED",
      "Geometry": {
        "BoundingBox": {
          "Width": 0.016387665644288063,
          "Height": 0.02226949669420719,
          "Left": 0.3710649609565735,
          "Top": 0.3980031907558441
        },
        "Polygon": [
          {
            "X": 0.3710649609565735,
            "Y": 0.3980031907558441
          },
          {
            "X": 0.3871905505657196,
            "Y": 0.3980032205581665
          },
          {
            "X": 0.3874526023864746,
            "Y": 0.42027270793914795
          },
          {
            "X": 0.37132367491722107,
            "Y": 0.42026832699775696
          }
        ]
      },
      "Id": "2e126943-1228-4d7c-8a73-86489583da53",
      "Page": 1
    },
    {
      "BlockType": "WORD",
      "Confidence": 57.024837493896484,
      "Text": "(C)",
      "TextType": "PRINTED",
      "Geometry": {
        "BoundingBox": {
          "Width": 0.024747123941779137,
          "Height": 0.024450019001960754,
          "Left": 0.3912825584411621,
          "Top": 0.39690279960632324
        },
        "Polygon": [
          {
            "X": 0.3912825584411621,
            "Y": 0.39690306782722473
          },
          {
            "X": 0.41573554277420044,
            "Y": 0.39690279960632324
          },
          {
            "X": 0.416029691696167,
            "Y": 0.4213528037071228
          },
          {
            "X": 0.3915711045265198,
            "Y": 0.42134585976600647
          }
        ]
      },
      "Id": "00b503a1-f8cd-4be1-b633-a61bda1f3dab",
      "Page": 1
    },
    {
      "BlockType": "WORD",
      "Confidence": 99.05271911621094,
      "Text": "Tmax",
      "TextType": "PRINTED",
      "Geometry": {
        "BoundingBox": {
          "Width": 0.02745296247303486,
          "Height": 0.02246641181409359,
          "Left": 0.49902400374412537,
          "Top": 0.39801025390625
        },
        "Polygon": [
          {
            "X": 0.49902400374412537,
            "Y": 0.39801025390625
          },
          {
            "X": 0.5261839628219604,
            "Y": 0.3980103135108948
          },
          {
            "X": 0.5264769792556763,
            "Y": 0.42047667503356934
          },
          {
            "X": 0.4993113577365875,
            "Y": 0.4204692542552948
          }
        ]
      },
      "Id": "d733eaae-8c4f-4a32-b434-f0c11546f8d5",
      "Page": 1
    },
    {
      "BlockType": "WORD",
      "Confidence": 73.30988311767578,
      "Text": "(C)",
      "TextType": "PRINTED",
      "Geometry": {
        "BoundingBox": {
          "Width": 0.02494996041059494,
          "Height": 0.024423077702522278,
          "Left": 0.5299703478813171,
          "Top": 0.3969719111919403
        },
        "Polygon": [
          {
            "X": 0.5299703478813171,
            "Y": 0.3969721794128418
          },
          {
            "X": 0.554595410823822,
            "Y": 0.3969719111919403
          },
          {
            "X": 0.5549203157424927,
            "Y": 0.4213950037956238
          },
          {
            "X": 0.5302897095680237,
            "Y": 0.42138800024986267
          }
        ]
      },
      "Id": "7acf85ad-9eae-4c5c-8682-1c3b9ae61844",
      "Page": 1
    },
    {
      "BlockType": "WORD",
      "Confidence": 43.31157302856445,
      "Text": "Yc",
      "TextType": "PRINTED",
      "Geometry": {
        "BoundingBox": {
          "Width": 0.012380717322230339,
          "Height": 0.02204766310751438,
          "Left": 0.6383410096168518,
          "Top": 0.39818400144577026
        },
        "Polygon": [
          {
            "X": 0.6383410096168518,
            "Y": 0.39818400144577026
          },
          {
            "X": 0.6504090428352356,
            "Y": 0.39818406105041504
          },
          {
            "X": 0.6507217288017273,
            "Y": 0.4202316701412201
          },
          {
            "X": 0.6386512517929077,
            "Y": 0.42022842168807983
          }
        ]
      },
      "Id": "34a59190-d48f-4392-9571-8f35f2671c8f",
      "Page": 1
    },
    {
      "BlockType": "WORD",
      "Confidence": 99.96610260009766,
      "Text": "at",
      "TextType": "PRINTED",
      "Geometry": {
        "BoundingBox": {
          "Width": 0.012419776059687138,
          "Height": 0.01673491857945919,
          "Left": 0.6548791527748108,
          "Top": 0.40049415826797485
        },
        "Polygon": [
          {
            "X": 0.6548791527748108,
            "Y": 0.40049415826797485
          },
          {
            "X": 0.6670590043067932,
            "Y": 0.4004945456981659
          },
          {
            "X": 0.6672989130020142,
            "Y": 0.4172290861606598
          },
          {
            "X": 0.6551171541213989,
            "Y": 0.41722622513771057
          }
        ]
      },
      "Id": "21872348-6f65-4829-95de-595b9fd6c7c0",
      "Page": 1
    },
    {
      "BlockType": "WORD",
      "Confidence": 99.96786499023438,
      "Text": "800",
      "TextType": "PRINTED",
      "Geometry": {
        "BoundingBox": {
          "Width": 0.024138804525136948,
          "Height": 0.019006455317139626,
          "Left": 0.6710716485977173,
          "Top": 0.3980008363723755
        },
        "Polygon": [
          {
            "X": 0.6710716485977173,
            "Y": 0.3980008363723755
          },
          {
            "X": 0.6949330568313599,
            "Y": 0.3980008661746979
          },
          {
            "X": 0.6952104568481445,
            "Y": 0.4170072674751282
          },
          {
            "X": 0.6713447570800781,
            "Y": 0.41700178384780884
          }
        ]
      },
      "Id": "97d8f440-c059-48e0-95ac-1d53b8883c57",
      "Page": 1
    },
    {
      "BlockType": "WORD",
      "Confidence": 57.587059020996094,
      "Text": "O",
      "TextType": "PRINTED",
      "Geometry": {
        "BoundingBox": {
          "Width": 0.0050605786964297295,
          "Height": 0.008196366019546986,
          "Left": 0.6989514231681824,
          "Top": 0.40006694197654724
        },
        "Polygon": [
          {
            "X": 0.6989514231681824,
            "Y": 0.40006694197654724
          },
          {
            "X": 0.7038917541503906,
            "Y": 0.4000670611858368
          },
          {
            "X": 0.7040120363235474,
            "Y": 0.40826332569122314
          },
          {
            "X": 0.6990713477134705,
            "Y": 0.408262699842453
          }
        ]
      },
      "Id": "bf93150d-0e43-4ccd-98f0-37326cec33fa",
      "Page": 1
    },
    {
      "BlockType": "WORD",
      "Confidence": 91.4297103881836,
      "Text": "C",
      "TextType": "PRINTED",
      "Geometry": {
        "BoundingBox": {
          "Width": 0.010200872085988522,
          "Height": 0.018560079857707024,
          "Left": 0.7041618227958679,
          "Top": 0.39806675910949707
        },
        "Polygon": [
          {
            "X": 0.7041618227958679,
            "Y": 0.39806675910949707
          },
          {
            "X": 0.7140886187553406,
            "Y": 0.39806678891181946
          },
          {
            "X": 0.7143627405166626,
            "Y": 0.41662684082984924
          },
          {
            "X": 0.7044342160224915,
            "Y": 0.41662460565567017
          }
        ]
      },
      "Id": "55c99af3-88df-43eb-a3a4-b2d0f1f7b0bd",
      "Page": 1
    },
    {
      "BlockType": "WORD",
      "Confidence": 98.20316314697266,
      "Text": "(wt%)",
      "TextType": "PRINTED",
      "Geometry": {
        "BoundingBox": {
          "Width": 0.036765433847904205,
          "Height": 0.023533876985311508,
          "Left": 0.7170997262001038,
          "Top": 0.39769628643989563
        },
        "Polygon": [
          {
            "X": 0.7170997262001038,
            "Y": 0.3976963758468628
          },
          {
            "X": 0.7535090446472168,
            "Y": 0.39769628643989563
          },
          {
            "X": 0.753865122795105,
            "Y": 0.42123016715049744
          },
          {
            "X": 0.7174477577209473,
            "Y": 0.42121991515159607
          }
        ]
      },
      "Id": "adb9a2a0-fb3a-435a-a97c-ecfe5c7ae20c",
      "Page": 1
    },
    {
      "BlockType": "WORD",
      "Confidence": 99.92798614501953,
      "Text": "BD",
      "TextType": "PRINTED",
      "Geometry": {
        "BoundingBox": {
          "Width": 0.018012044951319695,
          "Height": 0.018189378082752228,
          "Left": 0.2500160336494446,
          "Top": 0.43864232301712036
        },
        "Polygon": [
          {
            "X": 0.2500160336494446,
            "Y": 0.43864232301712036
          },
          {
            "X": 0.2678341269493103,
            "Y": 0.4386511445045471
          },
          {
            "X": 0.2680280804634094,
            "Y": 0.4568317234516144
          },
          {
            "X": 0.25020697712898254,
            "Y": 0.45681896805763245
          }
        ]
      },
      "Id": "d74125d6-d898-42a7-a2dd-5747713f46cf",
      "Page": 1
    },
    {
      "BlockType": "WORD",
      "Confidence": 99.98663330078125,
      "Text": "425",
      "TextType": "PRINTED",
      "Geometry": {
        "BoundingBox": {
          "Width": 0.023843053728342056,
          "Height": 0.01889282837510109,
          "Left": 0.37093454599380493,
          "Top": 0.43843623995780945
        },
        "Polygon": [
          {
            "X": 0.37093454599380493,
            "Y": 0.43843623995780945
          },
          {
            "X": 0.3945541977882385,
            "Y": 0.43844783306121826
          },
          {
            "X": 0.3947775959968567,
            "Y": 0.45732906460762024
          },
          {
            "X": 0.3711537718772888,
            "Y": 0.45731204748153687
          }
        ]
      },
      "Id": "c87ea593-d358-4e3c-a623-1d7f8097d45f",
      "Page": 1
    },
    {
      "BlockType": "WORD",
      "Confidence": 99.977783203125,
      "Text": "442",
      "TextType": "PRINTED",
      "Geometry": {
        "BoundingBox": {
          "Width": 0.023961052298545837,
          "Height": 0.01859886758029461,
          "Left": 0.4988459050655365,
          "Top": 0.43841925263404846
        },
        "Polygon": [
          {
            "X": 0.4988459050655365,
            "Y": 0.43841925263404846
          },
          {
            "X": 0.5225652456283569,
            "Y": 0.43843087553977966
          },
          {
            "X": 0.5228069424629211,
            "Y": 0.457018107175827
          },
          {
            "X": 0.499083548784256,
            "Y": 0.4570011496543884
          }
        ]
      },
      "Id": "be0ea076-da22-4df2-b62a-54e75725b9bb",
      "Page": 1
    },
    {
      "BlockType": "WORD",
      "Confidence": 98.52194213867188,
      "Text": "28.3",
      "TextType": "PRINTED",
      "Geometry": {
        "BoundingBox": {
          "Width": 0.026560774073004723,
          "Height": 0.018813710659742355,
          "Left": 0.6379690766334534,
          "Top": 0.43825390934944153
        },
        "Polygon": [
          {
            "X": 0.6379690766334534,
            "Y": 0.43825390934944153
          },
          {
            "X": 0.6642609238624573,
            "Y": 0.43826672434806824
          },
          {
            "X": 0.6645298600196838,
            "Y": 0.4570676386356354
          },
          {
            "X": 0.6382334232330322,
            "Y": 0.45704886317253113
          }
        ]
      },
      "Id": "cee1c63c-c610-4c7a-ae36-9920852491d6",
      "Page": 1
    },
    {
      "BlockType": "WORD",
      "Confidence": 99.70655822753906,
      "Text": "BDP1",
      "TextType": "PRINTED",
      "Geometry": {
        "BoundingBox": {
          "Width": 0.031998179852962494,
          "Height": 0.018382348120212555,
          "Left": 0.2504090964794159,
          "Top": 0.4689437747001648
        },
        "Polygon": [
          {
            "X": 0.2504090964794159,
            "Y": 0.4689437747001648
          },
          {
            "X": 0.2822090983390808,
            "Y": 0.4689711928367615
          },
          {
            "X": 0.282407283782959,
            "Y": 0.48732614517211914
          },
          {
            "X": 0.2506018579006195,
            "Y": 0.4872916340827942
          }
        ]
      },
      "Id": "f53f9676-e72c-4110-9907-c9410ae3e7f6",
      "Page": 1
    },
    {
      "BlockType": "WORD",
      "Confidence": 99.99103546142578,
      "Text": "418",
      "TextType": "PRINTED",
      "Geometry": {
        "BoundingBox": {
          "Width": 0.02391418069601059,
          "Height": 0.018972521647810936,
          "Left": 0.37106138467788696,
          "Top": 0.46835964918136597
        },
        "Polygon": [
          {
            "X": 0.37106138467788696,
            "Y": 0.46835964918136597
          },
          {
            "X": 0.3947513699531555,
            "Y": 0.4683798551559448
          },
          {
            "X": 0.39497557282447815,
            "Y": 0.48733216524124146
          },
          {
            "X": 0.3712814152240753,
            "Y": 0.48730650544166565
          }
        ]
      },
      "Id": "ce8cc78d-3a6b-4911-b034-f5dfc577c9df",
      "Page": 1
    },
    {
      "BlockType": "WORD",
      "Confidence": 99.98216247558594,
      "Text": "432",
      "TextType": "PRINTED",
      "Geometry": {
        "BoundingBox": {
          "Width": 0.02379433810710907,
          "Height": 0.0184197798371315,
          "Left": 0.49906274676322937,
          "Top": 0.4688093364238739
        },
        "Polygon": [
          {
            "X": 0.49906274676322937,
            "Y": 0.4688093364238739
          },
          {
            "X": 0.5226178169250488,
            "Y": 0.46882951259613037
          },
          {
            "X": 0.5228570699691772,
            "Y": 0.4872291088104248
          },
          {
            "X": 0.4992979168891907,
            "Y": 0.4872036576271057
          }
        ]
      },
      "Id": "2863c861-b18e-4e6e-bbd2-d5ac0ba0c99e",
      "Page": 1
    },
    {
      "BlockType": "WORD",
      "Confidence": 98.5951156616211,
      "Text": "55.6",
      "TextType": "PRINTED",
      "Geometry": {
        "BoundingBox": {
          "Width": 0.026844119653105736,
          "Height": 0.01837114244699478,
          "Left": 0.638270378112793,
          "Top": 0.4688779413700104
        },
        "Polygon": [
          {
            "X": 0.638270378112793,
            "Y": 0.4688779413700104
          },
          {
            "X": 0.6648520231246948,
            "Y": 0.4689007103443146
          },
          {
            "X": 0.6651145219802856,
            "Y": 0.48724907636642456
          },
          {
            "X": 0.6385283470153809,
            "Y": 0.4872204065322876
          }
        ]
      },
      "Id": "2cf099a0-5ce9-4120-ad11-39bb656330c3",
      "Page": 1
    },
    {
      "BlockType": "WORD",
      "Confidence": 98.59870910644531,
      "Text": "BDP2",
      "TextType": "PRINTED",
      "Geometry": {
        "BoundingBox": {
          "Width": 0.03342776000499725,
          "Height": 0.018438739702105522,
          "Left": 0.2503756582736969,
          "Top": 0.49804192781448364
        },
        "Polygon": [
          {
            "X": 0.2503756582736969,
            "Y": 0.49804192781448364
          },
          {
            "X": 0.28360456228256226,
            "Y": 0.49808230996131897
          },
          {
            "X": 0.28380340337753296,
            "Y": 0.5164806842803955
          },
          {
            "X": 0.25056880712509155,
            "Y": 0.5164328813552856
          }
        ]
      },
      "Id": "8daa7c83-30f6-4602-b23e-0f81871ffc44",
      "Page": 1
    },
    {
      "BlockType": "WORD",
      "Confidence": 99.98858642578125,
      "Text": "402",
      "TextType": "PRINTED",
      "Geometry": {
        "BoundingBox": {
          "Width": 0.024051792919635773,
          "Height": 0.018263529986143112,
          "Left": 0.37092098593711853,
          "Top": 0.49803829193115234
        },
        "Polygon": [
          {
            "X": 0.37092098593711853,
            "Y": 0.49803829193115234
          },
          {
            "X": 0.39475712180137634,
            "Y": 0.4980672001838684
          },
          {
            "X": 0.3949727714061737,
            "Y": 0.5163018107414246
          },
          {
            "X": 0.37113258242607117,
            "Y": 0.5162676572799683
          }
        ]
      },
      "Id": "136a2a7b-d599-426f-859f-5690c41c5bf6",
      "Page": 1
    },
    {
      "BlockType": "WORD",
      "Confidence": 99.98532104492188,
      "Text": "423",
      "TextType": "PRINTED",
      "Geometry": {
        "BoundingBox": {
          "Width": 0.023739980533719063,
          "Height": 0.018373088911175728,
          "Left": 0.49883684515953064,
          "Top": 0.4981960356235504
        },
        "Polygon": [
          {
            "X": 0.49883684515953064,
            "Y": 0.4981960356235504
          },
          {
            "X": 0.5223383903503418,
            "Y": 0.49822452664375305
          },
          {
            "X": 0.5225768089294434,
            "Y": 0.5165691375732422
          },
          {
            "X": 0.49907124042510986,
            "Y": 0.5165354013442993
          }
        ]
      },
      "Id": "f6f9ff63-bc9d-47dd-bc2c-25690a3fd6f1",
      "Page": 1
    },
    {
      "BlockType": "WORD",
      "Confidence": 99.71378326416016,
      "Text": "54.7",
      "TextType": "PRINTED",
      "Geometry": {
        "BoundingBox": {
          "Width": 0.026885531842708588,
          "Height": 0.01817590929567814,
          "Left": 0.6382960081100464,
          "Top": 0.4982735812664032
        },
        "Polygon": [
          {
            "X": 0.6382960081100464,
            "Y": 0.4982735812664032
          },
          {
            "X": 0.6649219989776611,
            "Y": 0.4983058571815491
          },
          {
            "X": 0.6651815176010132,
            "Y": 0.516449511051178
          },
          {
            "X": 0.6385509967803955,
            "Y": 0.5164114236831665
          }
        ]
      },
      "Id": "10e77208-89b0-4166-8b3b-d322e1e83088",
      "Page": 1
    },
    {
      "BlockType": "WORD",
      "Confidence": 99.81161499023438,
      "Text": "BDP3",
      "TextType": "PRINTED",
      "Geometry": {
        "BoundingBox": {
          "Width": 0.03314585238695145,
          "Height": 0.018114855512976646,
          "Left": 0.25037869811058044,
          "Top": 0.5283926129341125
        },
        "Polygon": [
          {
            "X": 0.25037869811058044,
            "Y": 0.5283926129341125
          },
          {
            "X": 0.28332942724227905,
            "Y": 0.528444766998291
          },
          {
            "X": 0.2835245430469513,
            "Y": 0.5465074777603149
          },
          {
            "X": 0.2505682706832886,
            "Y": 0.5464481115341187
          }
        ]
      },
      "Id": "c9bd950f-9269-4398-8a7e-2d590228c6b4",
      "Page": 1
    },
    {
      "BlockType": "WORD",
      "Confidence": 99.95304107666016,
      "Text": "403",
      "TextType": "PRINTED",
      "Geometry": {
        "BoundingBox": {
          "Width": 0.023793572559952736,
          "Height": 0.018159430474042892,
          "Left": 0.3708954155445099,
          "Top": 0.5284574627876282
        },
        "Polygon": [
          {
            "X": 0.3708954155445099,
            "Y": 0.5284574627876282
          },
          {
            "X": 0.3944747745990753,
            "Y": 0.5284947156906128
          },
          {
            "X": 0.39468899369239807,
            "Y": 0.5466169118881226
          },
          {
            "X": 0.3711056709289551,
            "Y": 0.5465744137763977
          }
        ]
      },
      "Id": "83e5bf23-eea1-4262-8627-74a01e260965",
      "Page": 1
    },
    {
      "BlockType": "WORD",
      "Confidence": 99.9482192993164,
      "Text": "422",
      "TextType": "PRINTED",
      "Geometry": {
        "BoundingBox": {
          "Width": 0.023889873176813126,
          "Height": 0.018152566626667976,
          "Left": 0.4989169239997864,
          "Top": 0.5284648537635803
        },
        "Polygon": [
          {
            "X": 0.4989169239997864,
            "Y": 0.5284648537635803
          },
          {
            "X": 0.5225713849067688,
            "Y": 0.5285021662712097
          },
          {
            "X": 0.5228068232536316,
            "Y": 0.5466173887252808
          },
          {
            "X": 0.49914833903312683,
            "Y": 0.5465748906135559
          }
        ]
      },
      "Id": "6045c9e7-1ba5-49fd-9234-7951177a20af",
      "Page": 1
    },
    {
      "BlockType": "WORD",
      "Confidence": 90.18090057373047,
      "Text": "55.9",
      "TextType": "PRINTED",
      "Geometry": {
        "BoundingBox": {
          "Width": 0.026591358706355095,
          "Height": 0.017951393499970436,
          "Left": 0.638310432434082,
          "Top": 0.5287296175956726
        },
        "Polygon": [
          {
            "X": 0.638310432434082,
            "Y": 0.5287296175956726
          },
          {
            "X": 0.6646457314491272,
            "Y": 0.528771162033081
          },
          {
            "X": 0.6649017930030823,
            "Y": 0.5466809868812561
          },
          {
            "X": 0.6385620832443237,
            "Y": 0.5466337203979492
          }
        ]
      },
      "Id": "de2e28bb-3f73-4316-8edf-e8e9c66a39e6",
      "Page": 1
    },
    {
      "BlockType": "WORD",
      "Confidence": 98.99309539794922,
      "Text": "BDP4",
      "TextType": "PRINTED",
      "Geometry": {
        "BoundingBox": {
          "Width": 0.03385557234287262,
          "Height": 0.017923979088664055,
          "Left": 0.2504197061061859,
          "Top": 0.5586763024330139
        },
        "Polygon": [
          {
            "X": 0.2504197061061859,
            "Y": 0.5586763024330139
          },
          {
            "X": 0.284082293510437,
            "Y": 0.5587419271469116
          },
          {
            "X": 0.28427526354789734,
            "Y": 0.5766003131866455
          },
          {
            "X": 0.25060707330703735,
            "Y": 0.5765273571014404
          }
        ]
      },
      "Id": "6e8eb136-b271-4896-8f6d-b0c25f9a6164",
      "Page": 1
    },
    {
      "BlockType": "WORD",
      "Confidence": 99.97647094726562,
      "Text": "404",
      "TextType": "PRINTED",
      "Geometry": {
        "BoundingBox": {
          "Width": 0.02485889568924904,
          "Height": 0.01801137812435627,
          "Left": 0.3707464933395386,
          "Top": 0.558612585067749
        },
        "Polygon": [
          {
            "X": 0.3707464933395386,
            "Y": 0.558612585067749
          },
          {
            "X": 0.3953929841518402,
            "Y": 0.5586605072021484
          },
          {
            "X": 0.3956054151058197,
            "Y": 0.5766239166259766
          },
          {
            "X": 0.37095481157302856,
            "Y": 0.5765706300735474
          }
        ]
      },
      "Id": "e374b6b6-8ce8-4096-a277-f21623634c5d",
      "Page": 1
    },
    {
      "BlockType": "WORD",
      "Confidence": 99.98297882080078,
      "Text": "420",
      "TextType": "PRINTED",
      "Geometry": {
        "BoundingBox": {
          "Width": 0.02435211092233658,
          "Height": 0.018069036304950714,
          "Left": 0.4987788796424866,
          "Top": 0.5587239265441895
        },
        "Polygon": [
          {
            "X": 0.4987788796424866,
            "Y": 0.5587239265441895
          },
          {
            "X": 0.5228968262672424,
            "Y": 0.5587707757949829
          },
          {
            "X": 0.5231310129165649,
            "Y": 0.5767929553985596
          },
          {
            "X": 0.49900901317596436,
            "Y": 0.5767408013343811
          }
        ]
      },
      "Id": "db79cf60-3ccf-4d35-bb62-2dff3c9746ad",
      "Page": 1
    },
    {
      "BlockType": "WORD",
      "Confidence": 94.98238372802734,
      "Text": "57.4",
      "TextType": "PRINTED",
      "Geometry": {
        "BoundingBox": {
          "Width": 0.02737089991569519,
          "Height": 0.018417920917272568,
          "Left": 0.6381281018257141,
          "Top": 0.5586224794387817
        },
        "Polygon": [
          {
            "X": 0.6381281018257141,
            "Y": 0.5586224794387817
          },
          {
            "X": 0.6652364134788513,
            "Y": 0.5586751103401184
          },
          {
            "X": 0.6654989719390869,
            "Y": 0.577040433883667
          },
          {
            "X": 0.638386070728302,
            "Y": 0.5769818425178528
          }
        ]
      },
      "Id": "3b9c3a61-bd81-4875-b9df-5be2d5faed5c",
      "Page": 1
    },
    {
      "BlockType": "WORD",
      "Confidence": 99.91510009765625,
      "Text": "DOPO",
      "TextType": "PRINTED",
      "Geometry": {
        "BoundingBox": {
          "Width": 0.037533264607191086,
          "Height": 0.01900123618543148,
          "Left": 0.2502598464488983,
          "Top": 0.5885898470878601
        },
        "Polygon": [
          {
            "X": 0.2502598464488983,
            "Y": 0.5885898470878601
          },
          {
            "X": 0.2875881791114807,
            "Y": 0.5886761546134949
          },
          {
            "X": 0.2877931296825409,
            "Y": 0.6075910925865173
          },
          {
            "X": 0.2504582405090332,
            "Y": 0.6074962019920349
          }
        ]
      },
      "Id": "d3352e39-9837-4fbe-84ab-3cbbe60cd6bc",
      "Page": 1
    },
    {
      "BlockType": "WORD",
      "Confidence": 99.91580963134766,
      "Text": "263",
      "TextType": "PRINTED",
      "Geometry": {
        "BoundingBox": {
          "Width": 0.023893723264336586,
          "Height": 0.01857720874249935,
          "Left": 0.37089937925338745,
          "Top": 0.5887405276298523
        },
        "Polygon": [
          {
            "X": 0.37089937925338745,
            "Y": 0.5887405276298523
          },
          {
            "X": 0.39457425475120544,
            "Y": 0.5887951850891113
          },
          {
            "X": 0.3947930932044983,
            "Y": 0.6073176860809326
          },
          {
            "X": 0.3711141347885132,
            "Y": 0.6072576642036438
          }
        ]
      },
      "Id": "e6981f45-5a5d-4a5d-a7c0-5bea0ccdde85",
      "Page": 1
    },
    {
      "BlockType": "WORD",
      "Confidence": 99.91014862060547,
      "Text": "305",
      "TextType": "PRINTED",
      "Geometry": {
        "BoundingBox": {
          "Width": 0.023094860836863518,
          "Height": 0.019207414239645004,
          "Left": 0.4992050528526306,
          "Top": 0.5883033275604248
        },
        "Polygon": [
          {
            "X": 0.4992050528526306,
            "Y": 0.5883033275604248
          },
          {
            "X": 0.522051215171814,
            "Y": 0.5883559584617615
          },
          {
            "X": 0.5222999453544617,
            "Y": 0.6075107455253601
          },
          {
            "X": 0.4994496703147888,
            "Y": 0.6074528694152832
          }
        ]
      },
      "Id": "25991b32-3d20-47c7-9f2e-f02c260074cf",
      "Page": 1
    },
    {
      "BlockType": "WORD",
      "Confidence": 97.84165954589844,
      "Text": "-",
      "TextType": "PRINTED",
      "Geometry": {
        "BoundingBox": {
          "Width": 0.008181177079677582,
          "Height": 0.0042766244150698185,
          "Left": 0.6373376846313477,
          "Top": 0.6054114699363708
        },
        "Polygon": [
          {
            "X": 0.6373376846313477,
            "Y": 0.6054114699363708
          },
          {
            "X": 0.6454588174819946,
            "Y": 0.6054317951202393
          },
          {
            "X": 0.6455188393592834,
            "Y": 0.6096881031990051
          },
          {
            "X": 0.6373974084854126,
            "Y": 0.6096673607826233
          }
        ]
      },
      "Id": "3041803c-cd24-43d2-aed9-3ce5f0f13c51",
      "Page": 1
    },
    {
      "BlockType": "TABLE",
      "Confidence": 99.560546875,
      "Geometry": {
        "BoundingBox": {
          "Width": 0.5404797792434692,
          "Height": 0.23596437275409698,
          "Left": 0.230537548661232,
          "Top": 0.38406893610954285
        },
        "Polygon": [
          {
            "X": 0.230537548661232,
            "Y": 0.3841582238674164
          },
          {
            "X": 0.7674166560173035,
            "Y": 0.38406893610954285
          },
          {
            "X": 0.7710173726081848,
            "Y": 0.620033323764801
          },
          {
            "X": 0.2329595685005188,
            "Y": 0.6185930967330933
          }
        ]
      },
      "Id": "3adb0629-cd73-43a8-b7b5-2e798f06f1a4",
      "Relationships": [
        {
          "Type": "CHILD",
          "Ids": [
            "6c6f3c32-557b-432c-b890-53c45dd9f3a3",
            "efe0aa5c-52a8-4c29-adc7-766461c2dcf0",
            "80165b52-1798-4ab2-a4d5-f1b782ae0f99",
            "63386938-9cb3-4f36-90b0-99bb4a56ebf7",
            "534db0d7-6ed4-4754-b39b-758c15a2024b",
            "530accba-d58d-4aeb-be35-d66d35d9e60d",
            "18fedd9d-f275-4b44-841c-9002ab848a85",
            "31e40b66-56a0-4bc4-a836-2230e376571f",
            "f76a9c64-40b8-4fc8-b107-d3335249b5f2",
            "e9384ef6-10c8-4341-9fd7-59e30d7685d0",
            "54e03985-0218-4026-bdcb-99332ef8e6d8",
            "329dae2d-bc9d-4d8f-94db-15d452264d3a",
            "7eb47813-314b-47fe-8be9-92a20ba937ab",
            "f9b1e818-d34a-4188-ace5-a28457d6f0f9",
            "447ec707-42fe-4fc6-ad23-e870d0b2a30e",
            "ad462ca5-64f9-4db1-b60d-4a0d2c4073ee",
            "6584f59b-52b9-4842-aab6-5b231922fc17",
            "3d91f317-d6b2-49fb-9eab-1ca952e52846",
            "72915e1d-1d58-4c73-96f8-f167385b7868",
            "d7a23c06-3ff2-41fa-b9c3-daf4de4331c7",
            "e972ac5a-a265-4f73-b09a-107ff3a9e4fc",
            "d7b16bf2-d673-442d-9029-8e7b754222d1",
            "7cc171ec-4253-4b15-8e14-62fe25468519",
            "eabfd0d0-b655-4c44-8de8-f344ea7f33cb",
            "34dbc509-cd9f-4a61-be3b-afcd86709c32",
            "8ebda705-6649-4c09-8f97-e50ec7b51df0",
            "63c13a83-9e37-4531-9c08-b87393ac90c4",
            "d99a7a59-ad4b-4f8b-a9b2-b7031c30abe6"
          ]
        }
      ],
      "EntityTypes": [
        "STRUCTURED_TABLE"
      ],
      "Page": 1
    },
    {
      "BlockType": "CELL",
      "Confidence": 91.69921875,
      "RowIndex": 1,
      "ColumnIndex": 1,
      "RowSpan": 1,
      "ColumnSpan": 1,
      "Geometry": {
        "BoundingBox": {
          "Width": 0.10037383437156677,
          "Height": 0.0477273128926754,
          "Left": 0.230537548661232,
          "Top": 0.38414162397384644
        },
        "Polygon": [
          {
            "X": 0.230537548661232,
            "Y": 0.3841582238674164
          },
          {
            "X": 0.3303745687007904,
            "Y": 0.38414162397384644
          },
          {
            "X": 0.33091139793395996,
            "Y": 0.43186894059181213
          },
          {
            "X": 0.23103003203868866,
            "Y": 0.4318278133869171
          }
        ]
      },
      "Id": "6c6f3c32-557b-432c-b890-53c45dd9f3a3",
      "Relationships": [
        {
          "Type": "CHILD",
          "Ids": [
            "d692af30-94f9-4273-b9c2-2bbd62a541b0"
          ]
        }
      ],
      "EntityTypes": [
        "COLUMN_HEADER"
      ],
      "Page": 1
    },
    {
      "BlockType": "CELL",
      "Confidence": 93.26171875,
      "RowIndex": 1,
      "ColumnIndex": 2,
      "RowSpan": 1,
      "ColumnSpan": 1,
      "Geometry": {
        "BoundingBox": {
          "Width": 0.12748660147190094,
          "Height": 0.0478006973862648,
          "Left": 0.3303745687007904,
          "Top": 0.38412052392959595
        },
        "Polygon": [
          {
            "X": 0.3303745687007904,
            "Y": 0.38414162397384644
          },
          {
            "X": 0.4572678208351135,
            "Y": 0.38412052392959595
          },
          {
            "X": 0.45786115527153015,
            "Y": 0.43192121386528015
          },
          {
            "X": 0.33091139793395996,
            "Y": 0.43186894059181213
          }
        ]
      },
      "Id": "efe0aa5c-52a8-4c29-adc7-766461c2dcf0",
      "Relationships": [
        {
          "Type": "CHILD",
          "Ids": [
            "2e126943-1228-4d7c-8a73-86489583da53",
            "00b503a1-f8cd-4be1-b633-a61bda1f3dab"
          ]
        }
      ],
      "EntityTypes": [
        "COLUMN_HEADER"
      ],
      "Page": 1
    },
    {
      "BlockType": "CELL",
      "Confidence": 93.896484375,
      "RowIndex": 1,
      "ColumnIndex": 3,
      "RowSpan": 1,
      "ColumnSpan": 1,
      "Geometry": {
        "BoundingBox": {
          "Width": 0.1416010558605194,
          "Height": 0.04788220301270485,
          "Left": 0.4572678208351135,
          "Top": 0.38409706950187683
        },
        "Polygon": [
          {
            "X": 0.4572678208351135,
            "Y": 0.38412052392959595
          },
          {
            "X": 0.5982125997543335,
            "Y": 0.38409706950187683
          },
          {
            "X": 0.5988689064979553,
            "Y": 0.4319792687892914
          },
          {
            "X": 0.45786115527153015,
            "Y": 0.43192121386528015
          }
        ]
      },
      "Id": "80165b52-1798-4ab2-a4d5-f1b782ae0f99",
      "Relationships": [
        {
          "Type": "CHILD",
          "Ids": [
            "d733eaae-8c4f-4a32-b434-f0c11546f8d5",
            "7acf85ad-9eae-4c5c-8682-1c3b9ae61844"
          ]
        }
      ],
      "EntityTypes": [
        "COLUMN_HEADER"
      ],
      "Page": 1
    },
    {
      "BlockType": "CELL",
      "Confidence": 94.53125,
      "RowIndex": 1,
      "ColumnIndex": 4,
      "RowSpan": 1,
      "ColumnSpan": 1,
      "Geometry": {
        "BoundingBox": {
          "Width": 0.16993620991706848,
          "Height": 0.04798005521297455,
          "Left": 0.5982125997543335,
          "Top": 0.38406893610954285
        },
        "Polygon": [
          {
            "X": 0.5982125997543335,
            "Y": 0.38409706950187683
          },
          {
            "X": 0.7674166560173035,
            "Y": 0.38406893610954285
          },
          {
            "X": 0.7681487798690796,
            "Y": 0.4320489764213562
          },
          {
            "X": 0.5988689064979553,
            "Y": 0.4319792687892914
          }
        ]
      },
      "Id": "63386938-9cb3-4f36-90b0-99bb4a56ebf7",
      "Relationships": [
        {
          "Type": "CHILD",
          "Ids": [
            "34a59190-d48f-4392-9571-8f35f2671c8f",
            "21872348-6f65-4829-95de-595b9fd6c7c0",
            "97d8f440-c059-48e0-95ac-1d53b8883c57",
            "bf93150d-0e43-4ccd-98f0-37326cec33fa",
            "55c99af3-88df-43eb-a3a4-b2d0f1f7b0bd",
            "adb9a2a0-fb3a-435a-a97c-ecfe5c7ae20c"
          ]
        }
      ],
      "EntityTypes": [
        "COLUMN_HEADER"
      ],
      "Page": 1
    },
    {
      "BlockType": "CELL",
      "Confidence": 86.083984375,
      "RowIndex": 2,
      "ColumnIndex": 1,
      "RowSpan": 1,
      "ColumnSpan": 1,
      "Geometry": {
        "BoundingBox": {
          "Width": 0.10022257268428802,
          "Height": 0.030378833413124084,
          "Left": 0.23103003203868866,
          "Top": 0.4318278133869171
        },
        "Polygon": [
          {
            "X": 0.23103003203868866,
            "Y": 0.4318278133869171
          },
          {
            "X": 0.33091139793395996,
            "Y": 0.43186894059181213
          },
          {
            "X": 0.3312526047229767,
            "Y": 0.46220663189888
          },
          {
            "X": 0.2313430905342102,
            "Y": 0.46212878823280334
          }
        ]
      },
      "Id": "534db0d7-6ed4-4754-b39b-758c15a2024b",
      "Relationships": [
        {
          "Type": "CHILD",
          "Ids": [
            "d74125d6-d898-42a7-a2dd-5747713f46cf"
          ]
        }
      ],
      "Page": 1
    },
    {
      "BlockType": "CELL",
      "Confidence": 87.59765625,
      "RowIndex": 2,
      "ColumnIndex": 2,
      "RowSpan": 1,
      "ColumnSpan": 1,
      "Geometry": {
        "BoundingBox": {
          "Width": 0.12732692062854767,
          "Height": 0.03043665923178196,
          "Left": 0.33091139793395996,
          "Top": 0.43186894059181213
        },
        "Polygon": [
          {
            "X": 0.33091139793395996,
            "Y": 0.43186894059181213
          },
          {
            "X": 0.45786115527153015,
            "Y": 0.43192121386528015
          },
          {
            "X": 0.45823830366134644,
            "Y": 0.46230560541152954
          },
          {
            "X": 0.3312526047229767,
            "Y": 0.46220663189888
          }
        ]
      },
      "Id": "530accba-d58d-4aeb-be35-d66d35d9e60d",
      "Relationships": [
        {
          "Type": "CHILD",
          "Ids": [
            "c87ea593-d358-4e3c-a623-1d7f8097d45f"
          ]
        }
      ],
      "Page": 1
    },
    {
      "BlockType": "CELL",
      "Confidence": 88.18359375,
      "RowIndex": 2,
      "ColumnIndex": 3,
      "RowSpan": 1,
      "ColumnSpan": 1,
      "Geometry": {
        "BoundingBox": {
          "Width": 0.14142489433288574,
          "Height": 0.030494295060634613,
          "Left": 0.45786115527153015,
          "Top": 0.43192121386528015
        },
        "Polygon": [
          {
            "X": 0.45786115527153015,
            "Y": 0.43192121386528015
          },
          {
            "X": 0.5988689064979553,
            "Y": 0.4319792687892914
          },
          {
            "X": 0.5992860794067383,
            "Y": 0.46241551637649536
          },
          {
            "X": 0.45823830366134644,
            "Y": 0.46230560541152954
          }
        ]
      },
      "Id": "18fedd9d-f275-4b44-841c-9002ab848a85",
      "Relationships": [
        {
          "Type": "CHILD",
          "Ids": [
            "be0ea076-da22-4df2-b62a-54e75725b9bb"
          ]
        }
      ],
      "Page": 1
    },
    {
      "BlockType": "CELL",
      "Confidence": 88.818359375,
      "RowIndex": 2,
      "ColumnIndex": 4,
      "RowSpan": 1,
      "ColumnSpan": 1,
      "Geometry": {
        "BoundingBox": {
          "Width": 0.1697453111410141,
          "Height": 0.030568180605769157,
          "Left": 0.5988689064979553,
          "Top": 0.4319792687892914
        },
        "Polygon": [
          {
            "X": 0.5988689064979553,
            "Y": 0.4319792687892914
          },
          {
            "X": 0.7681487798690796,
            "Y": 0.4320489764213562
          },
          {
            "X": 0.7686141729354858,
            "Y": 0.4625474512577057
          },
          {
            "X": 0.5992860794067383,
            "Y": 0.46241551637649536
          }
        ]
      },
      "Id": "31e40b66-56a0-4bc4-a836-2230e376571f",
      "Relationships": [
        {
          "Type": "CHILD",
          "Ids": [
            "cee1c63c-c610-4c7a-ae36-9920852491d6"
          ]
        }
      ],
      "Page": 1
    },
    {
      "BlockType": "CELL",
      "Confidence": 85.7421875,
      "RowIndex": 3,
      "ColumnIndex": 1,
      "RowSpan": 1,
      "ColumnSpan": 1,
      "Geometry": {
        "BoundingBox": {
          "Width": 0.10025094449520111,
          "Height": 0.030432453379034996,
          "Left": 0.2313430905342102,
          "Top": 0.46212878823280334
        },
        "Polygon": [
          {
            "X": 0.2313430905342102,
            "Y": 0.46212878823280334
          },
          {
            "X": 0.3312526047229767,
            "Y": 0.46220663189888
          },
          {
            "X": 0.3315940499305725,
            "Y": 0.4925612211227417
          },
          {
            "X": 0.23165631294250488,
            "Y": 0.4924466013908386
          }
        ]
      },
      "Id": "f76a9c64-40b8-4fc8-b107-d3335249b5f2",
      "Relationships": [
        {
          "Type": "CHILD",
          "Ids": [
            "f53f9676-e72c-4110-9907-c9410ae3e7f6"
          ]
        }
      ],
      "Page": 1
    },
    {
      "BlockType": "CELL",
      "Confidence": 87.20703125,
      "RowIndex": 3,
      "ColumnIndex": 2,
      "RowSpan": 1,
      "ColumnSpan": 1,
      "Geometry": {
        "BoundingBox": {
          "Width": 0.12736305594444275,
          "Height": 0.03050028346478939,
          "Left": 0.3312526047229767,
          "Top": 0.46220663189888
        },
        "Polygon": [
          {
            "X": 0.3312526047229767,
            "Y": 0.46220663189888
          },
          {
            "X": 0.45823830366134644,
            "Y": 0.46230560541152954
          },
          {
            "X": 0.45861566066741943,
            "Y": 0.49270692467689514
          },
          {
            "X": 0.3315940499305725,
            "Y": 0.4925612211227417
          }
        ]
      },
      "Id": "e9384ef6-10c8-4341-9fd7-59e30d7685d0",
      "Relationships": [
        {
          "Type": "CHILD",
          "Ids": [
            "ce8cc78d-3a6b-4911-b034-f5dfc577c9df"
          ]
        }
      ],
      "Page": 1
    },
    {
      "BlockType": "CELL",
      "Confidence": 87.79296875,
      "RowIndex": 3,
      "ColumnIndex": 3,
      "RowSpan": 1,
      "ColumnSpan": 1,
      "Geometry": {
        "BoundingBox": {
          "Width": 0.14146514236927032,
          "Height": 0.030563147738575935,
          "Left": 0.45823830366134644,
          "Top": 0.46230560541152954
        },
        "Polygon": [
          {
            "X": 0.45823830366134644,
            "Y": 0.46230560541152954
          },
          {
            "X": 0.5992860794067383,
            "Y": 0.46241551637649536
          },
          {
            "X": 0.5997034311294556,
            "Y": 0.4928687512874603
          },
          {
            "X": 0.45861566066741943,
            "Y": 0.49270692467689514
          }
        ]
      },
      "Id": "54e03985-0218-4026-bdcb-99332ef8e6d8",
      "Relationships": [
        {
          "Type": "CHILD",
          "Ids": [
            "2863c861-b18e-4e6e-bbd2-d5ac0ba0c99e"
          ]
        }
      ],
      "Page": 1
    },
    {
      "BlockType": "CELL",
      "Confidence": 88.427734375,
      "RowIndex": 3,
      "ColumnIndex": 4,
      "RowSpan": 1,
      "ColumnSpan": 1,
      "Geometry": {
        "BoundingBox": {
          "Width": 0.16979379951953888,
          "Height": 0.03064749762415886,
          "Left": 0.5992860794067383,
          "Top": 0.46241551637649536
        },
        "Polygon": [
          {
            "X": 0.5992860794067383,
            "Y": 0.46241551637649536
          },
          {
            "X": 0.7686141729354858,
            "Y": 0.4625474512577057
          },
          {
            "X": 0.769079864025116,
            "Y": 0.4930630028247833
          },
          {
            "X": 0.5997034311294556,
            "Y": 0.4928687512874603
          }
        ]
      },
      "Id": "329dae2d-bc9d-4d8f-94db-15d452264d3a",
      "Relationships": [
        {
          "Type": "CHILD",
          "Ids": [
            "2cf099a0-5ce9-4120-ad11-39bb656330c3"
          ]
        }
      ],
      "Page": 1
    },
    {
      "BlockType": "CELL",
      "Confidence": 85.64453125,
      "RowIndex": 4,
      "ColumnIndex": 1,
      "RowSpan": 1,
      "ColumnSpan": 1,
      "Geometry": {
        "BoundingBox": {
          "Width": 0.10026510059833527,
          "Height": 0.02922031097114086,
          "Left": 0.23165631294250488,
          "Top": 0.4924466013908386
        },
        "Polygon": [
          {
            "X": 0.23165631294250488,
            "Y": 0.4924466013908386
          },
          {
            "X": 0.3315940499305725,
            "Y": 0.4925612211227417
          },
          {
            "X": 0.33192139863967896,
            "Y": 0.521666944026947
          },
          {
            "X": 0.23195664584636688,
            "Y": 0.5215170383453369
          }
        ]
      },
      "Id": "7eb47813-314b-47fe-8be9-92a20ba937ab",
      "Relationships": [
        {
          "Type": "CHILD",
          "Ids": [
            "8daa7c83-30f6-4602-b23e-0f81871ffc44"
          ]
        }
      ],
      "Page": 1
    },
    {
      "BlockType": "CELL",
      "Confidence": 87.109375,
      "RowIndex": 4,
      "ColumnIndex": 2,
      "RowSpan": 1,
      "ColumnSpan": 1,
      "Geometry": {
        "BoundingBox": {
          "Width": 0.12738345563411713,
          "Height": 0.029296206310391426,
          "Left": 0.3315940499305725,
          "Top": 0.4925612211227417
        },
        "Polygon": [
          {
            "X": 0.3315940499305725,
            "Y": 0.4925612211227417
          },
          {
            "X": 0.45861566066741943,
            "Y": 0.49270692467689514
          },
          {
            "X": 0.45897749066352844,
            "Y": 0.5218574404716492
          },
          {
            "X": 0.33192139863967896,
            "Y": 0.521666944026947
          }
        ]
      },
      "Id": "f9b1e818-d34a-4188-ace5-a28457d6f0f9",
      "Relationships": [
        {
          "Type": "CHILD",
          "Ids": [
            "136a2a7b-d599-426f-859f-5690c41c5bf6"
          ]
        }
      ],
      "Page": 1
    },
    {
      "BlockType": "CELL",
      "Confidence": 87.6953125,
      "RowIndex": 4,
      "ColumnIndex": 3,
      "RowSpan": 1,
      "ColumnSpan": 1,
      "Geometry": {
        "BoundingBox": {
          "Width": 0.14148801565170288,
          "Height": 0.029362136498093605,
          "Left": 0.45861566066741943,
          "Top": 0.49270692467689514
        },
        "Polygon": [
          {
            "X": 0.45861566066741943,
            "Y": 0.49270692467689514
          },
          {
            "X": 0.5997034311294556,
            "Y": 0.4928687512874603
          },
          {
            "X": 0.6001036763191223,
            "Y": 0.5220690369606018
          },
          {
            "X": 0.45897749066352844,
            "Y": 0.5218574404716492
          }
        ]
      },
      "Id": "447ec707-42fe-4fc6-ad23-e870d0b2a30e",
      "Relationships": [
        {
          "Type": "CHILD",
          "Ids": [
            "f6f9ff63-bc9d-47dd-bc2c-25690a3fd6f1"
          ]
        }
      ],
      "Page": 1
    },
    {
      "BlockType": "CELL",
      "Confidence": 88.330078125,
      "RowIndex": 4,
      "ColumnIndex": 4,
      "RowSpan": 1,
      "ColumnSpan": 1,
      "Geometry": {
        "BoundingBox": {
          "Width": 0.16982288658618927,
          "Height": 0.029454363510012627,
          "Left": 0.5997034311294556,
          "Top": 0.4928687512874603
        },
        "Polygon": [
          {
            "X": 0.5997034311294556,
            "Y": 0.4928687512874603
          },
          {
            "X": 0.769079864025116,
            "Y": 0.4930630028247833
          },
          {
            "X": 0.7695263624191284,
            "Y": 0.5223231315612793
          },
          {
            "X": 0.6001036763191223,
            "Y": 0.5220690369606018
          }
        ]
      },
      "Id": "ad462ca5-64f9-4db1-b60d-4a0d2c4073ee",
      "Relationships": [
        {
          "Type": "CHILD",
          "Ids": [
            "10e77208-89b0-4166-8b3b-d322e1e83088"
          ]
        }
      ],
      "Page": 1
    },
    {
      "BlockType": "CELL",
      "Confidence": 87.20703125,
      "RowIndex": 5,
      "ColumnIndex": 1,
      "RowSpan": 1,
      "ColumnSpan": 1,
      "Geometry": {
        "BoundingBox": {
          "Width": 0.10030655562877655,
          "Height": 0.030537618324160576,
          "Left": 0.23195664584636688,
          "Top": 0.5215170383453369
        },
        "Polygon": [
          {
            "X": 0.23195664584636688,
            "Y": 0.5215170383453369
          },
          {
            "X": 0.33192139863967896,
            "Y": 0.521666944026947
          },
          {
            "X": 0.33226320147514343,
            "Y": 0.5520546436309814
          },
          {
            "X": 0.23227021098136902,
            "Y": 0.5518679022789001
          }
        ]
      },
      "Id": "6584f59b-52b9-4842-aab6-5b231922fc17",
      "Relationships": [
        {
          "Type": "CHILD",
          "Ids": [
            "c9bd950f-9269-4398-8a7e-2d590228c6b4"
          ]
        }
      ],
      "Page": 1
    },
    {
      "BlockType": "CELL",
      "Confidence": 88.720703125,
      "RowIndex": 5,
      "ColumnIndex": 2,
      "RowSpan": 1,
      "ColumnSpan": 1,
      "Geometry": {
        "BoundingBox": {
          "Width": 0.12743385136127472,
          "Height": 0.030625073239207268,
          "Left": 0.33192139863967896,
          "Top": 0.521666944026947
        },
        "Polygon": [
          {
            "X": 0.33192139863967896,
            "Y": 0.521666944026947
          },
          {
            "X": 0.45897749066352844,
            "Y": 0.5218574404716492
          },
          {
            "X": 0.45935526490211487,
            "Y": 0.552291989326477
          },
          {
            "X": 0.33226320147514343,
            "Y": 0.5520546436309814
          }
        ]
      },
      "Id": "3d91f317-d6b2-49fb-9eab-1ca952e52846",
      "Relationships": [
        {
          "Type": "CHILD",
          "Ids": [
            "83e5bf23-eea1-4262-8627-74a01e260965"
          ]
        }
      ],
      "Page": 1
    },
    {
      "BlockType": "CELL",
      "Confidence": 89.306640625,
      "RowIndex": 5,
      "ColumnIndex": 3,
      "RowSpan": 1,
      "ColumnSpan": 1,
      "Geometry": {
        "BoundingBox": {
          "Width": 0.14154404401779175,
          "Height": 0.03069818951189518,
          "Left": 0.45897749066352844,
          "Top": 0.5218574404716492
        },
        "Polygon": [
          {
            "X": 0.45897749066352844,
            "Y": 0.5218574404716492
          },
          {
            "X": 0.6001036763191223,
            "Y": 0.5220690369606018
          },
          {
            "X": 0.6005215644836426,
            "Y": 0.5525556206703186
          },
          {
            "X": 0.45935526490211487,
            "Y": 0.552291989326477
          }
        ]
      },
      "Id": "72915e1d-1d58-4c73-96f8-f167385b7868",
      "Relationships": [
        {
          "Type": "CHILD",
          "Ids": [
            "6045c9e7-1ba5-49fd-9234-7951177a20af"
          ]
        }
      ],
      "Page": 1
    },
    {
      "BlockType": "CELL",
      "Confidence": 89.94140625,
      "RowIndex": 5,
      "ColumnIndex": 4,
      "RowSpan": 1,
      "ColumnSpan": 1,
      "Geometry": {
        "BoundingBox": {
          "Width": 0.16988882422447205,
          "Height": 0.030803069472312927,
          "Left": 0.6001036763191223,
          "Top": 0.5220690369606018
        },
        "Polygon": [
          {
            "X": 0.6001036763191223,
            "Y": 0.5220690369606018
          },
          {
            "X": 0.7695263624191284,
            "Y": 0.5223231315612793
          },
          {
            "X": 0.7699925303459167,
            "Y": 0.5528721213340759
          },
          {
            "X": 0.6005215644836426,
            "Y": 0.5525556206703186
          }
        ]
      },
      "Id": "d7a23c06-3ff2-41fa-b9c3-daf4de4331c7",
      "Relationships": [
        {
          "Type": "CHILD",
          "Ids": [
            "de2e28bb-3f73-4316-8edf-e8e9c66a39e6"
          ]
        }
      ],
      "Page": 1
    },
    {
      "BlockType": "CELL",
      "Confidence": 84.814453125,
      "RowIndex": 6,
      "ColumnIndex": 1,
      "RowSpan": 1,
      "ColumnSpan": 1,
      "Geometry": {
        "BoundingBox": {
          "Width": 0.10033497214317322,
          "Height": 0.03059140034019947,
          "Left": 0.23227021098136902,
          "Top": 0.5518679022789001
        },
        "Polygon": [
          {
            "X": 0.23227021098136902,
            "Y": 0.5518679022789001
          },
          {
            "X": 0.33226320147514343,
            "Y": 0.5520546436309814
          },
          {
            "X": 0.33260518312454224,
            "Y": 0.5824593305587769
          },
          {
            "X": 0.23258395493030548,
            "Y": 0.5822356939315796
          }
        ]
      },
      "Id": "e972ac5a-a265-4f73-b09a-107ff3a9e4fc",
      "Relationships": [
        {
          "Type": "CHILD",
          "Ids": [
            "6e8eb136-b271-4896-8f6d-b0c25f9a6164"
          ]
        }
      ],
      "Page": 1
    },
    {
      "BlockType": "CELL",
      "Confidence": 86.279296875,
      "RowIndex": 6,
      "ColumnIndex": 2,
      "RowSpan": 1,
      "ColumnSpan": 1,
      "Geometry": {
        "BoundingBox": {
          "Width": 0.12747004628181458,
          "Height": 0.030688893049955368,
          "Left": 0.33226320147514343,
          "Top": 0.5520546436309814
        },
        "Polygon": [
          {
            "X": 0.33226320147514343,
            "Y": 0.5520546436309814
          },
          {
            "X": 0.45935526490211487,
            "Y": 0.552291989326477
          },
          {
            "X": 0.459733247756958,
            "Y": 0.5827435255050659
          },
          {
            "X": 0.33260518312454224,
            "Y": 0.5824593305587769
          }
        ]
      },
      "Id": "d7b16bf2-d673-442d-9029-8e7b754222d1",
      "Relationships": [
        {
          "Type": "CHILD",
          "Ids": [
            "e374b6b6-8ce8-4096-a277-f21623634c5d"
          ]
        }
      ],
      "Page": 1
    },
    {
      "BlockType": "CELL",
      "Confidence": 86.865234375,
      "RowIndex": 6,
      "ColumnIndex": 3,
      "RowSpan": 1,
      "ColumnSpan": 1,
      "Geometry": {
        "BoundingBox": {
          "Width": 0.1415843665599823,
          "Height": 0.030767254531383514,
          "Left": 0.45935526490211487,
          "Top": 0.552291989326477
        },
        "Polygon": [
          {
            "X": 0.45935526490211487,
            "Y": 0.552291989326477
          },
          {
            "X": 0.6005215644836426,
            "Y": 0.5525556206703186
          },
          {
            "X": 0.6009396314620972,
            "Y": 0.5830592513084412
          },
          {
            "X": 0.459733247756958,
            "Y": 0.5827435255050659
          }
        ]
      },
      "Id": "7cc171ec-4253-4b15-8e14-62fe25468519",
      "Relationships": [
        {
          "Type": "CHILD",
          "Ids": [
            "db79cf60-3ccf-4d35-bb62-2dff3c9746ad"
          ]
        }
      ],
      "Page": 1
    },
    {
      "BlockType": "CELL",
      "Confidence": 87.451171875,
      "RowIndex": 6,
      "ColumnIndex": 4,
      "RowSpan": 1,
      "ColumnSpan": 1,
      "Geometry": {
        "BoundingBox": {
          "Width": 0.1699373871088028,
          "Height": 0.030882634222507477,
          "Left": 0.6005215644836426,
          "Top": 0.5525556206703186
        },
        "Polygon": [
          {
            "X": 0.6005215644836426,
            "Y": 0.5525556206703186
          },
          {
            "X": 0.7699925303459167,
            "Y": 0.5528721213340759
          },
          {
            "X": 0.7704589366912842,
            "Y": 0.5834382772445679
          },
          {
            "X": 0.6009396314620972,
            "Y": 0.5830592513084412
          }
        ]
      },
      "Id": "eabfd0d0-b655-4c44-8de8-f344ea7f33cb",
      "Relationships": [
        {
          "Type": "CHILD",
          "Ids": [
            "3b9c3a61-bd81-4875-b9df-5be2d5faed5c"
          ]
        }
      ],
      "Page": 1
    },
    {
      "BlockType": "CELL",
      "Confidence": 88.18359375,
      "RowIndex": 7,
      "ColumnIndex": 1,
      "RowSpan": 1,
      "ColumnSpan": 1,
      "Geometry": {
        "BoundingBox": {
          "Width": 0.1004306748509407,
          "Height": 0.0366252176463604,
          "Left": 0.23258395493030548,
          "Top": 0.5822356939315796
        },
        "Polygon": [
          {
            "X": 0.23258395493030548,
            "Y": 0.5822356939315796
          },
          {
            "X": 0.33260518312454224,
            "Y": 0.5824593305587769
          },
          {
            "X": 0.3330146372318268,
            "Y": 0.6188609004020691
          },
          {
            "X": 0.2329595685005188,
            "Y": 0.6185930967330933
          }
        ]
      },
      "Id": "34dbc509-cd9f-4a61-be3b-afcd86709c32",
      "Relationships": [
        {
          "Type": "CHILD",
          "Ids": [
            "d3352e39-9837-4fbe-84ab-3cbbe60cd6bc"
          ]
        }
      ],
      "EntityTypes": [
        "TABLE_SUMMARY"
      ],
      "Page": 1
    },
    {
      "BlockType": "CELL",
      "Confidence": 89.697265625,
      "RowIndex": 7,
      "ColumnIndex": 2,
      "RowSpan": 1,
      "ColumnSpan": 1,
      "Geometry": {
        "BoundingBox": {
          "Width": 0.12758059799671173,
          "Height": 0.036741990596055984,
          "Left": 0.33260518312454224,
          "Top": 0.5824593305587769
        },
        "Polygon": [
          {
            "X": 0.33260518312454224,
            "Y": 0.5824593305587769
          },
          {
            "X": 0.459733247756958,
            "Y": 0.5827435255050659
          },
          {
            "X": 0.46018579602241516,
            "Y": 0.6192013025283813
          },
          {
            "X": 0.3330146372318268,
            "Y": 0.6188609004020691
          }
        ]
      },
      "Id": "8ebda705-6649-4c09-8f97-e50ec7b51df0",
      "Relationships": [
        {
          "Type": "CHILD",
          "Ids": [
            "e6981f45-5a5d-4a5d-a7c0-5bea0ccdde85"
          ]
        }
      ],
      "EntityTypes": [
        "TABLE_SUMMARY"
      ],
      "Page": 1
    },
    {
      "BlockType": "CELL",
      "Confidence": 90.283203125,
      "RowIndex": 7,
      "ColumnIndex": 3,
      "RowSpan": 1,
      "ColumnSpan": 1,
      "Geometry": {
        "BoundingBox": {
          "Width": 0.1417069435119629,
          "Height": 0.03683585301041603,
          "Left": 0.459733247756958,
          "Top": 0.5827435255050659
        },
        "Polygon": [
          {
            "X": 0.459733247756958,
            "Y": 0.5827435255050659
          },
          {
            "X": 0.6009396314620972,
            "Y": 0.5830592513084412
          },
          {
            "X": 0.6014401912689209,
            "Y": 0.6195793747901917
          },
          {
            "X": 0.46018579602241516,
            "Y": 0.6192013025283813
          }
        ]
      },
      "Id": "63c13a83-9e37-4531-9c08-b87393ac90c4",
      "Relationships": [
        {
          "Type": "CHILD",
          "Ids": [
            "25991b32-3d20-47c7-9f2e-f02c260074cf"
          ]
        }
      ],
      "EntityTypes": [
        "TABLE_SUMMARY"
      ],
      "Page": 1
    },
    {
      "BlockType": "CELL",
      "Confidence": 90.91796875,
      "RowIndex": 7,
      "ColumnIndex": 4,
      "RowSpan": 1,
      "ColumnSpan": 1,
      "Geometry": {
        "BoundingBox": {
          "Width": 0.17007771134376526,
          "Height": 0.03697405382990837,
          "Left": 0.6009396314620972,
          "Top": 0.5830592513084412
        },
        "Polygon": [
          {
            "X": 0.6009396314620972,
            "Y": 0.5830592513084412
          },
          {
            "X": 0.7704589366912842,
            "Y": 0.5834382772445679
          },
          {
            "X": 0.7710173726081848,
            "Y": 0.620033323764801
          },
          {
            "X": 0.6014401912689209,
            "Y": 0.6195793747901917
          }
        ]
      },
      "Id": "d99a7a59-ad4b-4f8b-a9b2-b7031c30abe6",
      "Relationships": [
        {
          "Type": "CHILD",
          "Ids": [
            "3041803c-cd24-43d2-aed9-3ce5f0f13c51"
          ]
        }
      ],
      "EntityTypes": [
        "TABLE_SUMMARY"
      ],
      "Page": 1
    }
  ],
  "AnalyzeDocumentModelVersion": "1.0"
}