{
  "DocumentMetadata": {
    "Pages": 1
  },
  "JobStatus": "SUCCEEDED",
  "Blocks": [
    {
      "BlockType": "PAGE",
      "Geometry": {
        "BoundingBox": {
          "Width": 0.5524600148200989,
          "Height": 0.28240230679512024,
          "Left": 0.22129996120929718,
          "Top": 0.3447733223438263
        },
        "Polygon": [
          {
            "X": 0.22129996120929718,
            "Y": 0.3447733223438263
          },
          {
            "X": 0.7718398571014404,
            "Y": 0.34507009387016296
          },
          {
            "X": 0.7737599611282349,
            "Y": 0.6271756291389465
          },
          {
            "X": 0.22212214767932892,
            "Y": 0.6268426179885864
          }
        ]
      },
      "Id": "893b5c87-217d-475d-af92-4e99fd13205b",
      "Relationships": [
        {
          "Type": "CHILD",
          "Ids": [
            "b2b0084e-77b2-4b39-a7f6-acd8b87423c3",
            "1846e565-da02-4391-a9cf-702bf02fde08",
            "398414e2-c62d-40d3-a619-517d0a034e34",
            "29f7d528-87ac-430d-acc6-7809a5d576aa",
            "b151fa88-cb62-4396-a108-9f30c9b6b627",
            "abc92cef-9a5d-4566-b1e9-4fac7779b54f",
            "d2a499da-bfb9-4401-a56f-1128a5c87f01",
            "331f95f1-0ac2-4d8b-8535-5205c9d8e944",
            "883394d0-d33b-4c85-a485-5c0dbb6120a8",
            "951c641c-2d25-4a40-a1d0-6fb84c62ac8f",
            "e3ed7cb2-a3ce-432f-bdf9-c92cfe174de5",
            "34a00cf8-d06d-45af-a448-f617bf46a894",
            "7c7153f5-63f5-460b-bec8-20b9c6239bd8",
            "18ed8895-78e6-42a5-82a6-bdc71b0fc5a5",
            "508d0673-13b3-4274-af44-90f008980422",
            "cf723664-ead2-4102-96b8-a525f304cd7b",
            "0e283bec-fc31-44b4-89ad-def3c9e0cdf8",
            "60720ebd-df26-455a-80ca-6a9bbd9a07a3",
            "eb35b780-392d-445a-90aa-30dcd847bbac",
            "e17ed840-5243-4729-ac20-a46295c5ba40",
            "d36bf215-89ee-4ad0-a166-60116fa5418a"
          ]
        }
      ],
      "Page": 1
    },
    {
      "BlockType": "LINE",
      "Confidence": 99.92314910888672,
      "Text": "Sample",
      "Geometry": {
        "BoundingBox": {
          "Width": 0.04400870203971863,
          "Height": 0.023217106238007545,
          "Left": 0.24847163259983063,
          "Top": 0.409128338098526
        },
        "Polygon": [
          {
            "X": 0.24847163259983063,
            "Y": 0.409128338098526
          },
          {
            "X": 0.29240110516548157,
            "Y": 0.40915268659591675
          },
          {
            "X": 0.29248034954071045,
            "Y": 0.432345449924469
          },
          {
            "X": 0.2485436648130417,
            "Y": 0.43232089281082153
          }
        ]
      },
      "Id": "b2b0084e-77b2-4b39-a7f6-acd8b87423c3",
      "Relationships": [
        {
          "Type": "CHILD",
          "Ids": [
            "6d169ce9-9b6c-4765-bf89-0f1f9821c32b"
          ]
        }
      ],
      "Page": 1
    },
    {
      "BlockType": "LINE",
      "Confidence": 86.28993225097656,
      "Text": "Initial exotherm (°C)",
      "Geometry": {
        "BoundingBox": {
          "Width": 0.12958301603794098,
          "Height": 0.02530883252620697,
          "Left": 0.3252740204334259,
          "Top": 0.4058493375778198
        },
        "Polygon": [
          {
            "X": 0.3252740204334259,
            "Y": 0.4058493375778198
          },
          {
            "X": 0.454741895198822,
            "Y": 0.40592095255851746
          },
          {
            "X": 0.4548570513725281,
            "Y": 0.431158185005188
          },
          {
            "X": 0.3253660798072815,
            "Y": 0.43108582496643066
          }
        ]
      },
      "Id": "1846e565-da02-4391-a9cf-702bf02fde08",
      "Relationships": [
        {
          "Type": "CHILD",
          "Ids": [
            "40692683-d4ed-42ab-bf95-ccca23a0e188",
            "f5bf700a-2968-48d6-838f-2a2086da3f06",
            "76c5f52d-c18e-42a0-8a98-85cf0cd78f59"
          ]
        }
      ],
      "Page": 1
    },
    {
      "BlockType": "LINE",
      "Confidence": 82.73233032226562,
      "Text": "Peak exotherm (°C)",
      "Geometry": {
        "BoundingBox": {
          "Width": 0.12210581451654434,
          "Height": 0.02500608004629612,
          "Left": 0.47900721430778503,
          "Top": 0.40605536103248596
        },
        "Polygon": [
          {
            "X": 0.47900721430778503,
            "Y": 0.40605536103248596
          },
          {
            "X": 0.6009734869003296,
            "Y": 0.4061228334903717
          },
          {
            "X": 0.6011130213737488,
            "Y": 0.43106144666671753
          },
          {
            "X": 0.4791252911090851,
            "Y": 0.43099328875541687
          }
        ]
      },
      "Id": "398414e2-c62d-40d3-a619-517d0a034e34",
      "Relationships": [
        {
          "Type": "CHILD",
          "Ids": [
            "d13162d3-169f-4fa9-882e-2ec610f83888",
            "17a15faf-fd50-401f-968d-a9b36210a97b",
            "602baf7e-d708-499b-9808-e8b703da1558"
          ]
        }
      ],
      "Page": 1
    },
    {
      "BlockType": "LINE",
      "Confidence": 99.74005889892578,
      "Text": "Heat of reaction (J/g)",
      "Geometry": {
        "BoundingBox": {
          "Width": 0.13396866619586945,
          "Height": 0.02346820943057537,
          "Left": 0.6252543926239014,
          "Top": 0.4087041914463043
        },
        "Polygon": [
          {
            "X": 0.6252543926239014,
            "Y": 0.4087041914463043
          },
          {
            "X": 0.7590659856796265,
            "Y": 0.40877825021743774
          },
          {
            "X": 0.7592230439186096,
            "Y": 0.43217238783836365
          },
          {
            "X": 0.6253892779350281,
            "Y": 0.43209758400917053
          }
        ]
      },
      "Id": "29f7d528-87ac-430d-acc6-7809a5d576aa",
      "Relationships": [
        {
          "Type": "CHILD",
          "Ids": [
            "ffe12745-2555-4dad-922d-d10a0db46447",
            "290cf059-ece9-42e9-8338-c4a1cfb7c4ac",
            "fe5d36d1-3d5f-444b-8771-0c3bb3ec855e",
            "fb3cca25-18ac-4149-8401-e949f7c55607"
          ]
        }
      ],
      "Page": 1
    },
    {
      "BlockType": "LINE",
      "Confidence": 99.97119903564453,
      "Text": "Neat",
      "Geometry": {
        "BoundingBox": {
          "Width": 0.02860637754201889,
          "Height": 0.0172316525131464,
          "Left": 0.24826563894748688,
          "Top": 0.46926552057266235
        },
        "Polygon": [
          {
            "X": 0.24826563894748688,
            "Y": 0.46926552057266235
          },
          {
            "X": 0.27681511640548706,
            "Y": 0.46928170323371887
          },
          {
            "X": 0.27687200903892517,
            "Y": 0.486497163772583
          },
          {
            "X": 0.24831904470920563,
            "Y": 0.48648083209991455
          }
        ]
      },
      "Id": "b151fa88-cb62-4396-a108-9f30c9b6b627",
      "Relationships": [
        {
          "Type": "CHILD",
          "Ids": [
            "7dc2f63f-422a-45df-af80-493469dbdcfc"
          ]
        }
      ],
      "Page": 1
    },
    {
      "BlockType": "LINE",
      "Confidence": 99.96661376953125,
      "Text": "110",
      "Geometry": {
        "BoundingBox": {
          "Width": 0.0226722601801157,
          "Height": 0.01819498836994171,
          "Left": 0.3259449005126953,
          "Top": 0.4690023362636566
        },
        "Polygon": [
          {
            "X": 0.3259449005126953,
            "Y": 0.4690023362636566
          },
          {
            "X": 0.34854787588119507,
            "Y": 0.4690151512622833
          },
          {
            "X": 0.34861716628074646,
            "Y": 0.48719730973243713
          },
          {
            "X": 0.3260112702846527,
            "Y": 0.48718440532684326
          }
        ]
      },
      "Id": "abc92cef-9a5d-4566-b1e9-4fac7779b54f",
      "Relationships": [
        {
          "Type": "CHILD",
          "Ids": [
            "cfb7c916-268c-4f2b-a87e-aec845a7e1ab"
          ]
        }
      ],
      "Page": 1
    },
    {
      "BlockType": "LINE",
      "Confidence": 99.98441314697266,
      "Text": "180",
      "Geometry": {
        "BoundingBox": {
          "Width": 0.022714676335453987,
          "Height": 0.018299221992492676,
          "Left": 0.47956642508506775,
          "Top": 0.46886926889419556
        },
        "Polygon": [
          {
            "X": 0.47956642508506775,
            "Y": 0.46886926889419556
          },
          {
            "X": 0.5021916031837463,
            "Y": 0.46888211369514465
          },
          {
            "X": 0.502281129360199,
            "Y": 0.48716849088668823
          },
          {
            "X": 0.4796530306339264,
            "Y": 0.487155556678772
          }
        ]
      },
      "Id": "d2a499da-bfb9-4401-a56f-1128a5c87f01",
      "Relationships": [
        {
          "Type": "CHILD",
          "Ids": [
            "bccdbca9-e9ad-45ee-a1d0-c9c8e1582770"
          ]
        }
      ],
      "Page": 1
    },
    {
      "BlockType": "LINE",
      "Confidence": 99.93437194824219,
      "Text": "383",
      "Geometry": {
        "BoundingBox": {
          "Width": 0.022865839302539825,
          "Height": 0.018353838473558426,
          "Left": 0.625439465045929,
          "Top": 0.46895095705986023
        },
        "Polygon": [
          {
            "X": 0.625439465045929,
            "Y": 0.46895095705986023
          },
          {
            "X": 0.6481965780258179,
            "Y": 0.4689638614654541
          },
          {
            "X": 0.6483052968978882,
            "Y": 0.48730477690696716
          },
          {
            "X": 0.6255452036857605,
            "Y": 0.48729178309440613
          }
        ]
      },
      "Id": "331f95f1-0ac2-4d8b-8535-5205c9d8e944",
      "Relationships": [
        {
          "Type": "CHILD",
          "Ids": [
            "ecbe927f-1674-4efd-b96d-491c5eb67419"
          ]
        }
      ],
      "Page": 1
    },
    {
      "BlockType": "LINE",
      "Confidence": 99.91581726074219,
      "Text": "0.5% AC",
      "Geometry": {
        "BoundingBox": {
          "Width": 0.0533248633146286,
          "Height": 0.01840788871049881,
          "Left": 0.2484823614358902,
          "Top": 0.5004968643188477
        },
        "Polygon": [
          {
            "X": 0.2484823614358902,
            "Y": 0.5004968643188477
          },
          {
            "X": 0.3017432689666748,
            "Y": 0.5005275011062622
          },
          {
            "X": 0.3018072247505188,
            "Y": 0.5189048051834106
          },
          {
            "X": 0.24853940308094025,
            "Y": 0.518873929977417
          }
        ]
      },
      "Id": "883394d0-d33b-4c85-a485-5c0dbb6120a8",
      "Relationships": [
        {
          "Type": "CHILD",
          "Ids": [
            "d66ed659-40bc-4bf4-ba0c-744e2b4ed13d",
            "8e437b6c-761a-496a-8538-b9c9c1468bd5"
          ]
        }
      ],
      "Page": 1
    },
    {
      "BlockType": "LINE",
      "Confidence": 99.97443389892578,
      "Text": "102",
      "Geometry": {
        "BoundingBox": {
          "Width": 0.022798269987106323,
          "Height": 0.017900308594107628,
          "Left": 0.325897753238678,
          "Top": 0.500586748123169
        },
        "Polygon": [
          {
            "X": 0.325897753238678,
            "Y": 0.500586748123169
          },
          {
            "X": 0.34862783551216125,
            "Y": 0.5005998015403748
          },
          {
            "X": 0.3486960232257843,
            "Y": 0.5184870362281799
          },
          {
            "X": 0.32596302032470703,
            "Y": 0.5184738636016846
          }
        ]
      },
      "Id": "951c641c-2d25-4a40-a1d0-6fb84c62ac8f",
      "Relationships": [
        {
          "Type": "CHILD",
          "Ids": [
            "f2e931ed-d9b4-4c53-8076-84ae06fe6412"
          ]
        }
      ],
      "Page": 1
    },
    {
      "BlockType": "LINE",
      "Confidence": 99.95516967773438,
      "Text": "174",
      "Geometry": {
        "BoundingBox": {
          "Width": 0.022750452160835266,
          "Height": 0.0185186006128788,
          "Left": 0.47969916462898254,
          "Top": 0.5002090334892273
        },
        "Polygon": [
          {
            "X": 0.47969916462898254,
            "Y": 0.5002090334892273
          },
          {
            "X": 0.5023590326309204,
            "Y": 0.5002220869064331
          },
          {
            "X": 0.502449631690979,
            "Y": 0.5187276601791382
          },
          {
            "X": 0.47978681325912476,
            "Y": 0.5187145471572876
          }
        ]
      },
      "Id": "e3ed7cb2-a3ce-432f-bdf9-c92cfe174de5",
      "Relationships": [
        {
          "Type": "CHILD",
          "Ids": [
            "2be34d9d-1c71-4bbd-bf95-4d6c3cec2477"
          ]
        }
      ],
      "Page": 1
    },
    {
      "BlockType": "LINE",
      "Confidence": 99.98184204101562,
      "Text": "352",
      "Geometry": {
        "BoundingBox": {
          "Width": 0.02313610538840294,
          "Height": 0.01845935359597206,
          "Left": 0.6254128217697144,
          "Top": 0.5004392266273499
        },
        "Polygon": [
          {
            "X": 0.6254128217697144,
            "Y": 0.5004392266273499
          },
          {
            "X": 0.6484395861625671,
            "Y": 0.50045245885849
          },
          {
            "X": 0.64854896068573,
            "Y": 0.518898606300354
          },
          {
            "X": 0.6255192160606384,
            "Y": 0.5188852548599243
          }
        ]
      },
      "Id": "34a00cf8-d06d-45af-a448-f617bf46a894",
      "Relationships": [
        {
          "Type": "CHILD",
          "Ids": [
            "f8f12db5-1b30-4187-b777-e3fffad4d254"
          ]
        }
      ],
      "Page": 1
    },
    {
      "BlockType": "LINE",
      "Confidence": 99.89971923828125,
      "Text": "1.0% AC",
      "Geometry": {
        "BoundingBox": {
          "Width": 0.05305667221546173,
          "Height": 0.0187456663697958,
          "Left": 0.24885766208171844,
          "Top": 0.5314469933509827
        },
        "Polygon": [
          {
            "X": 0.24885766208171844,
            "Y": 0.5314469933509827
          },
          {
            "X": 0.30184921622276306,
            "Y": 0.5314778685569763
          },
          {
            "X": 0.3019143342971802,
            "Y": 0.5501927137374878
          },
          {
            "X": 0.24891577661037445,
            "Y": 0.550161600112915
          }
        ]
      },
      "Id": "7c7153f5-63f5-460b-bec8-20b9c6239bd8",
      "Relationships": [
        {
          "Type": "CHILD",
          "Ids": [
            "bd139980-7cda-4fca-86cb-61092dc775c2",
            "f01deeca-2438-4fb4-87f0-24341f0c0598"
          ]
        }
      ],
      "Page": 1
    },
    {
      "BlockType": "LINE",
      "Confidence": 99.983642578125,
      "Text": "94",
      "Geometry": {
        "BoundingBox": {
          "Width": 0.015224847942590714,
          "Height": 0.0188475139439106,
          "Left": 0.32559269666671753,
          "Top": 0.5319835543632507
        },
        "Polygon": [
          {
            "X": 0.32559269666671753,
            "Y": 0.5319835543632507
          },
          {
            "X": 0.34074681997299194,
            "Y": 0.5319923758506775
          },
          {
            "X": 0.34081754088401794,
            "Y": 0.5508310794830322
          },
          {
            "X": 0.32566142082214355,
            "Y": 0.5508221983909607
          }
        ]
      },
      "Id": "18ed8895-78e6-42a5-82a6-bdc71b0fc5a5",
      "Relationships": [
        {
          "Type": "CHILD",
          "Ids": [
            "ef620254-b863-4b29-8cb1-02a5d8e21544"
          ]
        }
      ],
      "Page": 1
    },
    {
      "BlockType": "LINE",
      "Confidence": 99.97972106933594,
      "Text": "169",
      "Geometry": {
        "BoundingBox": {
          "Width": 0.02283262461423874,
          "Height": 0.018961109220981598,
          "Left": 0.4794904887676239,
          "Top": 0.5314667820930481
        },
        "Polygon": [
          {
            "X": 0.4794904887676239,
            "Y": 0.5314667820930481
          },
          {
            "X": 0.5022304058074951,
            "Y": 0.5314800143241882
          },
          {
            "X": 0.5023230910301208,
            "Y": 0.5504279136657715
          },
          {
            "X": 0.47958019375801086,
            "Y": 0.5504145622253418
          }
        ]
      },
      "Id": "508d0673-13b3-4274-af44-90f008980422",
      "Relationships": [
        {
          "Type": "CHILD",
          "Ids": [
            "2fdb4766-9844-4206-bdea-630f7a987367"
          ]
        }
      ],
      "Page": 1
    },
    {
      "BlockType": "LINE",
      "Confidence": 99.9804458618164,
      "Text": "295",
      "Geometry": {
        "BoundingBox": {
          "Width": 0.022753730416297913,
          "Height": 0.018706604838371277,
          "Left": 0.6254154443740845,
          "Top": 0.5316722989082336
        },
        "Polygon": [
          {
            "X": 0.6254154443740845,
            "Y": 0.5316722989082336
          },
          {
            "X": 0.6480584740638733,
            "Y": 0.531685471534729
          },
          {
            "X": 0.6481691598892212,
            "Y": 0.5503789186477661
          },
          {
            "X": 0.6255232095718384,
            "Y": 0.5503656268119812
          }
        ]
      },
      "Id": "cf723664-ead2-4102-96b8-a525f304cd7b",
      "Relationships": [
        {
          "Type": "CHILD",
          "Ids": [
            "36b74c91-7547-47af-b4dc-27aa1f13dff5"
          ]
        }
      ],
      "Page": 1
    },
    {
      "BlockType": "LINE",
      "Confidence": 99.8832015991211,
      "Text": "1.5% AC",
      "Geometry": {
        "BoundingBox": {
          "Width": 0.05294033885002136,
          "Height": 0.018335584551095963,
          "Left": 0.24885739386081696,
          "Top": 0.5635848641395569
        },
        "Polygon": [
          {
            "X": 0.24885739386081696,
            "Y": 0.5635848641395569
          },
          {
            "X": 0.301734060049057,
            "Y": 0.5636160373687744
          },
          {
            "X": 0.3017977178096771,
            "Y": 0.5819204449653625
          },
          {
            "X": 0.2489142119884491,
            "Y": 0.5818890929222107
          }
        ]
      },
      "Id": "0e283bec-fc31-44b4-89ad-def3c9e0cdf8",
      "Relationships": [
        {
          "Type": "CHILD",
          "Ids": [
            "80ec1f28-e704-4531-b712-60a4df0087e5",
            "dafe5959-2ead-47ba-8248-b90927cbccba"
          ]
        }
      ],
      "Page": 1
    },
    {
      "BlockType": "LINE",
      "Confidence": 99.98453521728516,
      "Text": "90",
      "Geometry": {
        "BoundingBox": {
          "Width": 0.015257352031767368,
          "Height": 0.01820189505815506,
          "Left": 0.32558685541152954,
          "Top": 0.5638012290000916
        },
        "Polygon": [
          {
            "X": 0.32558685541152954,
            "Y": 0.5638012290000916
          },
          {
            "X": 0.3407759368419647,
            "Y": 0.5638101696968079
          },
          {
            "X": 0.34084421396255493,
            "Y": 0.582003116607666
          },
          {
            "X": 0.32565319538116455,
            "Y": 0.5819941163063049
          }
        ]
      },
      "Id": "60720ebd-df26-455a-80ca-6a9bbd9a07a3",
      "Relationships": [
        {
          "Type": "CHILD",
          "Ids": [
            "0cc1e187-e88b-40eb-b288-dcf9a9b24c5f"
          ]
        }
      ],
      "Page": 1
    },
    {
      "BlockType": "LINE",
      "Confidence": 99.9619140625,
      "Text": "168",
      "Geometry": {
        "BoundingBox": {
          "Width": 0.02265053242444992,
          "Height": 0.018712522462010384,
          "Left": 0.47962623834609985,
          "Top": 0.5633441805839539
        },
        "Polygon": [
          {
            "X": 0.47962623834609985,
            "Y": 0.5633441805839539
          },
          {
            "X": 0.5021852850914001,
            "Y": 0.5633574724197388
          },
          {
            "X": 0.5022767782211304,
            "Y": 0.5820567011833191
          },
          {
            "X": 0.4797147512435913,
            "Y": 0.5820433497428894
          }
        ]
      },
      "Id": "eb35b780-392d-445a-90aa-30dcd847bbac",
      "Relationships": [
        {
          "Type": "CHILD",
          "Ids": [
            "ca1b14c2-4ed3-48a1-96e0-6c1315d874c4"
          ]
        }
      ],
      "Page": 1
    },
    {
      "BlockType": "LINE",
      "Confidence": 99.98445129394531,
      "Text": "302",
      "Geometry": {
        "BoundingBox": {
          "Width": 0.02303159423172474,
          "Height": 0.018311049789190292,
          "Left": 0.6254971027374268,
          "Top": 0.5636162161827087
        },
        "Polygon": [
          {
            "X": 0.6254971027374268,
            "Y": 0.5636162161827087
          },
          {
            "X": 0.6484202742576599,
            "Y": 0.563629686832428
          },
          {
            "X": 0.6485286951065063,
            "Y": 0.5819272398948669
          },
          {
            "X": 0.6256025433540344,
            "Y": 0.5819136500358582
          }
        ]
      },
      "Id": "e17ed840-5243-4729-ac20-a46295c5ba40",
      "Relationships": [
        {
          "Type": "CHILD",
          "Ids": [
            "1eb746f5-0cb6-4a67-9338-27cc334fada7"
          ]
        }
      ],
      "Page": 1
    },
    {
      "BlockType": "WORD",
      "Confidence": 99.92314910888672,
      "Text": "Sample",
      "TextType": "PRINTED",
      "Geometry": {
        "BoundingBox": {
          "Width": 0.04400870203971863,
          "Height": 0.023217106238007545,
          "Left": 0.24847163259983063,
          "Top": 0.409128338098526
        },
        "Polygon": [
          {
            "X": 0.24847163259983063,
            "Y": 0.409128338098526
          },
          {
            "X": 0.29240110516548157,
            "Y": 0.40915268659591675
          },
          {
            "X": 0.29248034954071045,
            "Y": 0.432345449924469
          },
          {
            "X": 0.2485436648130417,
            "Y": 0.43232089281082153
          }
        ]
      },
      "Id": "6d169ce9-9b6c-4765-bf89-0f1f9821c32b",
      "Page": 1
    },
    {
      "BlockType": "WORD",
      "Confidence": 99.95502471923828,
      "Text": "Initial",
      "TextType": "PRINTED",
      "Geometry": {
        "BoundingBox": {
          "Width": 0.03637624531984329,
          "Height": 0.01869348995387554,
          "Left": 0.32528504729270935,
          "Top": 0.4088752865791321
        },
        "Polygon": [
          {
            "X": 0.32528504729270935,
            "Y": 0.4088752865791321
          },
          {
            "X": 0.36158838868141174,
            "Y": 0.4088953733444214
          },
          {
            "X": 0.36166131496429443,
            "Y": 0.4275687634944916
          },
          {
            "X": 0.3253531754016876,
            "Y": 0.42754849791526794
          }
        ]
      },
      "Id": "40692683-d4ed-42ab-bf95-ccca23a0e188",
      "Page": 1
    },
    {
      "BlockType": "WORD",
      "Confidence": 99.87971496582031,
      "Text": "exotherm",
      "TextType": "PRINTED",
      "Geometry": {
        "BoundingBox": {
          "Width": 0.05718545988202095,
          "Height": 0.01826559193432331,
          "Left": 0.36603227257728577,
          "Top": 0.4090290665626526
        },
        "Polygon": [
          {
            "X": 0.36603227257728577,
            "Y": 0.4090290665626526
          },
          {
            "X": 0.4231385886669159,
            "Y": 0.40906068682670593
          },
          {
            "X": 0.4232177138328552,
            "Y": 0.42729464173316956
          },
          {
            "X": 0.36610403656959534,
            "Y": 0.4272627830505371
          }
        ]
      },
      "Id": "f5bf700a-2968-48d6-838f-2a2086da3f06",
      "Page": 1
    },
    {
      "BlockType": "WORD",
      "Confidence": 59.03504943847656,
      "Text": "(°C)",
      "TextType": "PRINTED",
      "Geometry": {
        "BoundingBox": {
          "Width": 0.027120579034090042,
          "Height": 0.025252168998122215,
          "Left": 0.42773646116256714,
          "Top": 0.4059060215950012
        },
        "Polygon": [
          {
            "X": 0.42773646116256714,
            "Y": 0.4059060215950012
          },
          {
            "X": 0.454741895198822,
            "Y": 0.40592095255851746
          },
          {
            "X": 0.4548570513725281,
            "Y": 0.431158185005188
          },
          {
            "X": 0.4278468191623688,
            "Y": 0.4311430752277374
          }
        ]
      },
      "Id": "76c5f52d-c18e-42a0-8a98-85cf0cd78f59",
      "Page": 1
    },
    {
      "BlockType": "WORD",
      "Confidence": 99.89778137207031,
      "Text": "Peak",
      "TextType": "PRINTED",
      "Geometry": {
        "BoundingBox": {
          "Width": 0.029136473312973976,
          "Height": 0.018771730363368988,
          "Left": 0.47902077436447144,
          "Top": 0.4089174270629883
        },
        "Polygon": [
          {
            "X": 0.47902077436447144,
            "Y": 0.4089174270629883
          },
          {
            "X": 0.5080646276473999,
            "Y": 0.40893352031707764
          },
          {
            "X": 0.5081572532653809,
            "Y": 0.42768916487693787
          },
          {
            "X": 0.47910958528518677,
            "Y": 0.42767295241355896
          }
        ]
      },
      "Id": "d13162d3-169f-4fa9-882e-2ec610f83888",
      "Page": 1
    },
    {
      "BlockType": "WORD",
      "Confidence": 99.8729248046875,
      "Text": "exotherm",
      "TextType": "PRINTED",
      "Geometry": {
        "BoundingBox": {
          "Width": 0.0571269765496254,
          "Height": 0.018385233357548714,
          "Left": 0.5122984051704407,
          "Top": 0.40895238518714905
        },
        "Polygon": [
          {
            "X": 0.5122984051704407,
            "Y": 0.40895238518714905
          },
          {
            "X": 0.5693268179893494,
            "Y": 0.4089839458465576
          },
          {
            "X": 0.5694254040718079,
            "Y": 0.4273376166820526
          },
          {
            "X": 0.5123896598815918,
            "Y": 0.42730578780174255
          }
        ]
      },
      "Id": "17a15faf-fd50-401f-968d-a9b36210a97b",
      "Page": 1
    },
    {
      "BlockType": "WORD",
      "Confidence": 48.426292419433594,
      "Text": "(°C)",
      "TextType": "PRINTED",
      "Geometry": {
        "BoundingBox": {
          "Width": 0.02701147459447384,
          "Height": 0.024953488260507584,
          "Left": 0.5741015672683716,
          "Top": 0.40610796213150024
        },
        "Polygon": [
          {
            "X": 0.5741015672683716,
            "Y": 0.40610796213150024
          },
          {
            "X": 0.6009734869003296,
            "Y": 0.4061228334903717
          },
          {
            "X": 0.6011130213737488,
            "Y": 0.43106144666671753
          },
          {
            "X": 0.5742363929748535,
            "Y": 0.43104642629623413
          }
        ]
      },
      "Id": "602baf7e-d708-499b-9808-e8b703da1558",
      "Page": 1
    },
    {
      "BlockType": "WORD",
      "Confidence": 99.93671417236328,
      "Text": "Heat",
      "TextType": "PRINTED",
      "Geometry": {
        "BoundingBox": {
          "Width": 0.02890617772936821,
          "Height": 0.017885319888591766,
          "Left": 0.6252610087394714,
          "Top": 0.4098495841026306
        },
        "Polygon": [
          {
            "X": 0.6252610087394714,
            "Y": 0.4098495841026306
          },
          {
            "X": 0.6540604829788208,
            "Y": 0.40986552834510803
          },
          {
            "X": 0.6541671752929688,
            "Y": 0.427734911441803
          },
          {
            "X": 0.6253640651702881,
            "Y": 0.4277188181877136
          }
        ]
      },
      "Id": "ffe12745-2555-4dad-922d-d10a0db46447",
      "Page": 1
    },
    {
      "BlockType": "WORD",
      "Confidence": 99.99433135986328,
      "Text": "of",
      "TextType": "PRINTED",
      "Geometry": {
        "BoundingBox": {
          "Width": 0.013416753150522709,
          "Height": 0.01896812953054905,
          "Left": 0.6583707928657532,
          "Top": 0.40872251987457275
        },
        "Polygon": [
          {
            "X": 0.6583707928657532,
            "Y": 0.40872251987457275
          },
          {
            "X": 0.6716719269752502,
            "Y": 0.4087298810482025
          },
          {
            "X": 0.6717875003814697,
            "Y": 0.42769065499305725
          },
          {
            "X": 0.6584845781326294,
            "Y": 0.4276832342147827
          }
        ]
      },
      "Id": "290cf059-ece9-42e9-8338-c4a1cfb7c4ac",
      "Page": 1
    },
    {
      "BlockType": "WORD",
      "Confidence": 99.97314453125,
      "Text": "reaction",
      "TextType": "PRINTED",
      "Geometry": {
        "BoundingBox": {
          "Width": 0.049532756209373474,
          "Height": 0.017885753884911537,
          "Left": 0.6745980381965637,
          "Top": 0.40962350368499756
        },
        "Polygon": [
          {
            "X": 0.6745980381965637,
            "Y": 0.40962350368499756
          },
          {
            "X": 0.7240153551101685,
            "Y": 0.40965086221694946
          },
          {
            "X": 0.7241308093070984,
            "Y": 0.42750924825668335
          },
          {
            "X": 0.6747072339057922,
            "Y": 0.42748168110847473
          }
        ]
      },
      "Id": "fe5d36d1-3d5f-444b-8771-0c3bb3ec855e",
      "Page": 1
    },
    {
      "BlockType": "WORD",
      "Confidence": 99.0560531616211,
      "Text": "(J/g)",
      "TextType": "PRINTED",
      "Geometry": {
        "BoundingBox": {
          "Width": 0.03073296695947647,
          "Height": 0.02291192300617695,
          "Left": 0.7284900546073914,
          "Top": 0.40926045179367065
        },
        "Polygon": [
          {
            "X": 0.7284900546073914,
            "Y": 0.40926045179367065
          },
          {
            "X": 0.7590693235397339,
            "Y": 0.40927740931510925
          },
          {
            "X": 0.7592230439186096,
            "Y": 0.43217238783836365
          },
          {
            "X": 0.7286388278007507,
            "Y": 0.4321552813053131
          }
        ]
      },
      "Id": "fb3cca25-18ac-4149-8401-e949f7c55607",
      "Page": 1
    },
    {
      "BlockType": "WORD",
      "Confidence": 99.97119903564453,
      "Text": "Neat",
      "TextType": "PRINTED",
      "Geometry": {
        "BoundingBox": {
          "Width": 0.02860637754201889,
          "Height": 0.0172316525131464,
          "Left": 0.24826563894748688,
          "Top": 0.46926552057266235
        },
        "Polygon": [
          {
            "X": 0.24826563894748688,
            "Y": 0.46926552057266235
          },
          {
            "X": 0.27681511640548706,
            "Y": 0.46928170323371887
          },
          {
            "X": 0.27687200903892517,
            "Y": 0.486497163772583
          },
          {
            "X": 0.24831904470920563,
            "Y": 0.48648083209991455
          }
        ]
      },
      "Id": "7dc2f63f-422a-45df-af80-493469dbdcfc",
      "Page": 1
    },
    {
      "BlockType": "WORD",
      "Confidence": 99.96661376953125,
      "Text": "110",
      "TextType": "PRINTED",
      "Geometry": {
        "BoundingBox": {
          "Width": 0.0226722601801157,
          "Height": 0.01819498836994171,
          "Left": 0.3259449005126953,
          "Top": 0.4690023362636566
        },
        "Polygon": [
          {
            "X": 0.3259449005126953,
            "Y": 0.4690023362636566
          },
          {
            "X": 0.34854787588119507,
            "Y": 0.4690151512622833
          },
          {
            "X": 0.34861716628074646,
            "Y": 0.48719730973243713
          },
          {
            "X": 0.3260112702846527,
            "Y": 0.48718440532684326
          }
        ]
      },
      "Id": "cfb7c916-268c-4f2b-a87e-aec845a7e1ab",
      "Page": 1
    },
    {
      "BlockType": "WORD",
      "Confidence": 99.98441314697266,
      "Text": "180",
      "TextType": "PRINTED",
      "Geometry": {
        "BoundingBox": {
          "Width": 0.022714676335453987,
          "Height": 0.018299221992492676,
          "Left": 0.47956642508506775,
          "Top": 0.46886926889419556
        },
        "Polygon": [
          {
            "X": 0.47956642508506775,
            "Y": 0.46886926889419556
          },
          {
            "X": 0.5021916031837463,
            "Y": 0.46888211369514465
          },
          {
            "X": 0.502281129360199,
            "Y": 0.48716849088668823
          },
          {
            "X": 0.4796530306339264,
            "Y": 0.487155556678772
          }
        ]
      },
      "Id": "bccdbca9-e9ad-45ee-a1d0-c9c8e1582770",
      "Page": 1
    },
    {
      "BlockType": "WORD",
      "Confidence": 99.93437194824219,
      "Text": "383",
      "TextType": "PRINTED",
      "Geometry": {
        "BoundingBox": {
          "Width": 0.022865839302539825,
          "Height": 0.018353838473558426,
          "Left": 0.625439465045929,
          "Top": 0.46895095705986023
        },
        "Polygon": [
          {
            "X": 0.625439465045929,
            "Y": 0.46895095705986023
          },
          {
            "X": 0.6481965780258179,
            "Y": 0.4689638614654541
          },
          {
            "X": 0.6483052968978882,
            "Y": 0.48730477690696716
          },
          {
            "X": 0.6255452036857605,
            "Y": 0.48729178309440613
          }
        ]
      },
      "Id": "ecbe927f-1674-4efd-b96d-491c5eb67419",
      "Page": 1
    },
    {
      "BlockType": "WORD",
      "Confidence": 99.97747039794922,
      "Text": "0.5%",
      "TextType": "PRINTED",
      "Geometry": {
        "BoundingBox": {
          "Width": 0.03108680248260498,
          "Height": 0.018395014107227325,
          "Left": 0.2484823614358902,
          "Top": 0.5004968643188477
        },
        "Polygon": [
          {
            "X": 0.2484823614358902,
            "Y": 0.5004968643188477
          },
          {
            "X": 0.279508113861084,
            "Y": 0.5005147457122803
          },
          {
            "X": 0.27956917881965637,
            "Y": 0.5188919305801392
          },
          {
            "X": 0.24853940308094025,
            "Y": 0.518873929977417
          }
        ]
      },
      "Id": "d66ed659-40bc-4bf4-ba0c-744e2b4ed13d",
      "Page": 1
    },
    {
      "BlockType": "WORD",
      "Confidence": 99.85416412353516,
      "Text": "AC",
      "TextType": "PRINTED",
      "Geometry": {
        "BoundingBox": {
          "Width": 0.018603703007102013,
          "Height": 0.017971891909837723,
          "Left": 0.2832021117210388,
          "Top": 0.5005285739898682
        },
        "Polygon": [
          {
            "X": 0.2832021117210388,
            "Y": 0.5005285739898682
          },
          {
            "X": 0.3017433285713196,
            "Y": 0.500539243221283
          },
          {
            "X": 0.3018058240413666,
            "Y": 0.5185004472732544
          },
          {
            "X": 0.2832622528076172,
            "Y": 0.5184897184371948
          }
        ]
      },
      "Id": "8e437b6c-761a-496a-8538-b9c9c1468bd5",
      "Page": 1
    },
    {
      "BlockType": "WORD",
      "Confidence": 99.97443389892578,
      "Text": "102",
      "TextType": "PRINTED",
      "Geometry": {
        "BoundingBox": {
          "Width": 0.022798269987106323,
          "Height": 0.017900308594107628,
          "Left": 0.325897753238678,
          "Top": 0.500586748123169
        },
        "Polygon": [
          {
            "X": 0.325897753238678,
            "Y": 0.500586748123169
          },
          {
            "X": 0.34862783551216125,
            "Y": 0.5005998015403748
          },
          {
            "X": 0.3486960232257843,
            "Y": 0.5184870362281799
          },
          {
            "X": 0.32596302032470703,
            "Y": 0.5184738636016846
          }
        ]
      },
      "Id": "f2e931ed-d9b4-4c53-8076-84ae06fe6412",
      "Page": 1
    },
    {
      "BlockType": "WORD",
      "Confidence": 99.95516967773438,
      "Text": "174",
      "TextType": "PRINTED",
      "Geometry": {
        "BoundingBox": {
          "Width": 0.022750452160835266,
          "Height": 0.0185186006128788,
          "Left": 0.47969916462898254,
          "Top": 0.5002090334892273
        },
        "Polygon": [
          {
            "X": 0.47969916462898254,
            "Y": 0.5002090334892273
          },
          {
            "X": 0.5023590326309204,
            "Y": 0.5002220869064331
          },
          {
            "X": 0.502449631690979,
            "Y": 0.5187276601791382
          },
          {
            "X": 0.47978681325912476,
            "Y": 0.5187145471572876
          }
        ]
      },
      "Id": "2be34d9d-1c71-4bbd-bf95-4d6c3cec2477",
      "Page": 1
    },
    {
      "BlockType": "WORD",
      "Confidence": 99.98184204101562,
      "Text": "352",
      "TextType": "PRINTED",
      "Geometry": {
        "BoundingBox": {
          "Width": 0.02313610538840294,
          "Height": 0.01845935359597206,
          "Left": 0.6254128217697144,
          "Top": 0.5004392266273499
        },
        "Polygon": [
          {
            "X": 0.6254128217697144,
            "Y": 0.5004392266273499
          },
          {
            "X": 0.6484395861625671,
            "Y": 0.50045245885849
          },
          {
            "X": 0.64854896068573,
            "Y": 0.518898606300354
          },
          {
            "X": 0.6255192160606384,
            "Y": 0.5188852548599243
          }
        ]
      },
      "Id": "f8f12db5-1b30-4187-b777-e3fffad4d254",
      "Page": 1
    },
    {
      "BlockType": "WORD",
      "Confidence": 99.89034271240234,
      "Text": "1.0%",
      "TextType": "PRINTED",
      "Geometry": {
        "BoundingBox": {
          "Width": 0.030741475522518158,
          "Height": 0.0187325868755579,
          "Left": 0.24885766208171844,
          "Top": 0.5314469933509827
        },
        "Polygon": [
          {
            "X": 0.24885766208171844,
            "Y": 0.5314469933509827
          },
          {
            "X": 0.2795369625091553,
            "Y": 0.5314648747444153
          },
          {
            "X": 0.279599130153656,
            "Y": 0.5501796007156372
          },
          {
            "X": 0.24891577661037445,
            "Y": 0.550161600112915
          }
        ]
      },
      "Id": "bd139980-7cda-4fca-86cb-61092dc775c2",
      "Page": 1
    },
    {
      "BlockType": "WORD",
      "Confidence": 99.90910339355469,
      "Text": "AC",
      "TextType": "PRINTED",
      "Geometry": {
        "BoundingBox": {
          "Width": 0.018649518489837646,
          "Height": 0.01795370690524578,
          "Left": 0.2832634747028351,
          "Top": 0.5318584442138672
        },
        "Polygon": [
          {
            "X": 0.2832634747028351,
            "Y": 0.5318584442138672
          },
          {
            "X": 0.3018505573272705,
            "Y": 0.5318692922592163
          },
          {
            "X": 0.30191299319267273,
            "Y": 0.5498121380805969
          },
          {
            "X": 0.2833235561847687,
            "Y": 0.5498012900352478
          }
        ]
      },
      "Id": "f01deeca-2438-4fb4-87f0-24341f0c0598",
      "Page": 1
    },
    {
      "BlockType": "WORD",
      "Confidence": 99.983642578125,
      "Text": "94",
      "TextType": "PRINTED",
      "Geometry": {
        "BoundingBox": {
          "Width": 0.015224847942590714,
          "Height": 0.0188475139439106,
          "Left": 0.32559269666671753,
          "Top": 0.5319835543632507
        },
        "Polygon": [
          {
            "X": 0.32559269666671753,
            "Y": 0.5319835543632507
          },
          {
            "X": 0.34074681997299194,
            "Y": 0.5319923758506775
          },
          {
            "X": 0.34081754088401794,
            "Y": 0.5508310794830322
          },
          {
            "X": 0.32566142082214355,
            "Y": 0.5508221983909607
          }
        ]
      },
      "Id": "ef620254-b863-4b29-8cb1-02a5d8e21544",
      "Page": 1
    },
    {
      "BlockType": "WORD",
      "Confidence": 99.97972106933594,
      "Text": "169",
      "TextType": "PRINTED",
      "Geometry": {
        "BoundingBox": {
          "Width": 0.02283262461423874,
          "Height": 0.018961109220981598,
          "Left": 0.4794904887676239,
          "Top": 0.5314667820930481
        },
        "Polygon": [
          {
            "X": 0.4794904887676239,
            "Y": 0.5314667820930481
          },
          {
            "X": 0.5022304058074951,
            "Y": 0.5314800143241882
          },
          {
            "X": 0.5023230910301208,
            "Y": 0.5504279136657715
          },
          {
            "X": 0.47958019375801086,
            "Y": 0.5504145622253418
          }
        ]
      },
      "Id": "2fdb4766-9844-4206-bdea-630f7a987367",
      "Page": 1
    },
    {
      "BlockType": "WORD",
      "Confidence": 99.9804458618164,
      "Text": "295",
      "TextType": "PRINTED",
      "Geometry": {
        "BoundingBox": {
          "Width": 0.022753730416297913,
          "Height": 0.018706604838371277,
          "Left": 0.6254154443740845,
          "Top": 0.5316722989082336
        },
        "Polygon": [
          {
            "X": 0.6254154443740845,
            "Y": 0.5316722989082336
          },
          {
            "X": 0.6480584740638733,
            "Y": 0.531685471534729
          },
          {
            "X": 0.6481691598892212,
            "Y": 0.5503789186477661
          },
          {
            "X": 0.6255232095718384,
            "Y": 0.5503656268119812
          }
        ]
      },
      "Id": "36b74c91-7547-47af-b4dc-27aa1f13dff5",
      "Page": 1
    },
    {
      "BlockType": "WORD",
      "Confidence": 99.9212646484375,
      "Text": "1.5%",
      "TextType": "PRINTED",
      "Geometry": {
        "BoundingBox": {
          "Width": 0.03070542775094509,
          "Height": 0.018235526978969574,
          "Left": 0.24885766208171844,
          "Top": 0.5636717081069946
        },
        "Polygon": [
          {
            "X": 0.24885766208171844,
            "Y": 0.5636717081069946
          },
          {
            "X": 0.2795025706291199,
            "Y": 0.5636897683143616
          },
          {
            "X": 0.2795630991458893,
            "Y": 0.5819072723388672
          },
          {
            "X": 0.2489142119884491,
            "Y": 0.5818890929222107
          }
        ]
      },
      "Id": "80ec1f28-e704-4531-b712-60a4df0087e5",
      "Page": 1
    },
    {
      "BlockType": "WORD",
      "Confidence": 99.84513854980469,
      "Text": "AC",
      "TextType": "PRINTED",
      "Geometry": {
        "BoundingBox": {
          "Width": 0.018401507288217545,
          "Height": 0.018107445910573006,
          "Left": 0.2833954989910126,
          "Top": 0.5636051893234253
        },
        "Polygon": [
          {
            "X": 0.2833954989910126,
            "Y": 0.5636051893234253
          },
          {
            "X": 0.301734060049057,
            "Y": 0.5636160373687744
          },
          {
            "X": 0.3017970025539398,
            "Y": 0.5817126631736755
          },
          {
            "X": 0.28345608711242676,
            "Y": 0.5817017555236816
          }
        ]
      },
      "Id": "dafe5959-2ead-47ba-8248-b90927cbccba",
      "Page": 1
    },
    {
      "BlockType": "WORD",
      "Confidence": 99.98453521728516,
      "Text": "90",
      "TextType": "PRINTED",
      "Geometry": {
        "BoundingBox": {
          "Width": 0.015257352031767368,
          "Height": 0.01820189505815506,
          "Left": 0.32558685541152954,
          "Top": 0.5638012290000916
        },
        "Polygon": [
          {
            "X": 0.32558685541152954,
            "Y": 0.5638012290000916
          },
          {
            "X": 0.3407759368419647,
            "Y": 0.5638101696968079
          },
          {
            "X": 0.34084421396255493,
            "Y": 0.582003116607666
          },
          {
            "X": 0.32565319538116455,
            "Y": 0.5819941163063049
          }
        ]
      },
      "Id": "0cc1e187-e88b-40eb-b288-dcf9a9b24c5f",
      "Page": 1
    },
    {
      "BlockType": "WORD",
      "Confidence": 99.9619140625,
      "Text": "168",
      "TextType": "PRINTED",
      "Geometry": {
        "BoundingBox": {
          "Width": 0.02265053242444992,
          "Height": 0.018712522462010384,
          "Left": 0.47962623834609985,
          "Top": 0.5633441805839539
        },
        "Polygon": [
          {
            "X": 0.47962623834609985,
            "Y": 0.5633441805839539
          },
          {
            "X": 0.5021852850914001,
            "Y": 0.5633574724197388
          },
          {
            "X": 0.5022767782211304,
            "Y": 0.5820567011833191
          },
          {
            "X": 0.4797147512435913,
            "Y": 0.5820433497428894
          }
        ]
      },
      "Id": "ca1b14c2-4ed3-48a1-96e0-6c1315d874c4",
      "Page": 1
    },
    {
      "BlockType": "WORD",
      "Confidence": 99.98445129394531,
      "Text": "302",
      "TextType": "PRINTED",
      "Geometry": {
        "BoundingBox": {
          "Width": 0.02303159423172474,
          "Height": 0.018311049789190292,
          "Left": 0.6254971027374268,
          "Top": 0.5636162161827087
        },
        "Polygon": [
          {
            "X": 0.6254971027374268,
            "Y": 0.5636162161827087
          },
          {
            "X": 0.6484202742576599,
            "Y": 0.563629686832428
          },
          {
            "X": 0.6485286951065063,
            "Y": 0.5819272398948669
          },
          {
            "X": 0.6256025433540344,
            "Y": 0.5819136500358582
          }
        ]
      },
      "Id": "1eb746f5-0cb6-4a67-9338-27cc334fada7",
      "Page": 1
    },
    {
      "BlockType": "TABLE",
      "Confidence": 99.462890625,
      "Geometry": {
        "BoundingBox": {
          "Width": 0.5395604372024536,
          "Height": 0.211381733417511,
          "Left": 0.23032374680042267,
          "Top": 0.3935448229312897
        },
        "Polygon": [
          {
            "X": 0.23032374680042267,
            "Y": 0.3935448229312897
          },
          {
            "X": 0.7684530019760132,
            "Y": 0.3938409090042114
          },
          {
            "X": 0.7698841691017151,
            "Y": 0.604926586151123
          },
          {
            "X": 0.230952188372612,
            "Y": 0.6046040058135986
          }
        ]
      },
      "Id": "d36bf215-89ee-4ad0-a166-60116fa5418a",
      "Relationships": [
        {
          "Type": "CHILD",
          "Ids": [
            "a90b9136-1247-49e9-91d1-a0763cb32e4e",
            "bdff7da0-1c92-4c2b-88d9-a9d331a3e680",
            "5959be1b-8d5b-4cde-a0e4-653c60dee339",
            "7b7b2897-508a-49ef-bbef-071ff0f7fdd8",
            "acd839ed-0f2c-434d-81eb-b7cb17dc66de",
            "ca9f5486-5243-47b9-9cf6-3fa1d363fbe4",
            "c93a00bd-2535-4f76-a4df-cc905138c1b4",
            "48cc2044-89a5-40e0-a192-cd9c3dda0e68",
            "adf7b4f3-af01-431a-a072-ca796144c831",
            "6b16a839-8865-4fda-9969-3a80785c07a7",
            "fc09a94c-da24-48a6-ac6d-771b3b09a0e6",
            "6096c5d7-a69e-4427-aa16-cc1557f089d6",
            "acb1df21-964c-4c5f-8252-b2077a95e171",
            "23930777-c758-4361-8f1b-d4569b4b266e",
            "254c2f16-e47f-4108-81d8-a9dfe7a2995f",
            "857526a5-26d2-4536-b629-be7e07634268",
            "9a593649-7573-4589-a521-1e51af0fbe7a",
            "33f97433-f668-4f1e-ab0d-1a2ba1590357",
            "15b54c8b-aceb-4ced-a47e-264b082b13bb",
            "ae1b6273-1fa4-48f8-a8e9-4fb0c34ec360"
          ]
        }
      ],
      "EntityTypes": [
        "STRUCTURED_TABLE"
      ],
      "Page": 1
    },
    {
      "BlockType": "CELL",
      "Confidence": 89.501953125,
      "RowIndex": 1,
      "ColumnIndex": 1,
      "RowSpan": 1,
      "ColumnSpan": 1,
      "Geometry": {
        "BoundingBox": {
          "Width": 0.08206496387720108,
          "Height": 0.05444219335913658,
          "Left": 0.23032374680042267,
          "Top": 0.3935448229312897
        },
        "Polygon": [
          {
            "X": 0.23032374680042267,
            "Y": 0.3935448229312897
          },
          {
            "X": 0.3121952712535858,
            "Y": 0.39358988404273987
          },
          {
            "X": 0.31238871812820435,
            "Y": 0.44798702001571655
          },
          {
            "X": 0.2304857075214386,
            "Y": 0.4479409456253052
          }
        ]
      },
      "Id": "a90b9136-1247-49e9-91d1-a0763cb32e4e",
      "Relationships": [
        {
          "Type": "CHILD",
          "Ids": [
            "6d169ce9-9b6c-4765-bf89-0f1f9821c32b"
          ]
        }
      ],
      "EntityTypes": [
        "COLUMN_HEADER"
      ],
      "Page": 1
    },
    {
      "BlockType": "CELL",
      "Confidence": 93.75,
      "RowIndex": 1,
      "ColumnIndex": 2,
      "RowSpan": 1,
      "ColumnSpan": 1,
      "Geometry": {
        "BoundingBox": {
          "Width": 0.154849573969841,
          "Height": 0.05448416620492935,
          "Left": 0.3121952712535858,
          "Top": 0.39358988404273987
        },
        "Polygon": [
          {
            "X": 0.3121952712535858,
            "Y": 0.39358988404273987
          },
          {
            "X": 0.46679195761680603,
            "Y": 0.39367493987083435
          },
          {
            "X": 0.4670448303222656,
            "Y": 0.4480740427970886
          },
          {
            "X": 0.31238871812820435,
            "Y": 0.44798702001571655
          }
        ]
      },
      "Id": "bdff7da0-1c92-4c2b-88d9-a9d331a3e680",
      "Relationships": [
        {
          "Type": "CHILD",
          "Ids": [
            "40692683-d4ed-42ab-bf95-ccca23a0e188",
            "f5bf700a-2968-48d6-838f-2a2086da3f06",
            "76c5f52d-c18e-42a0-8a98-85cf0cd78f59"
          ]
        }
      ],
      "EntityTypes": [
        "COLUMN_HEADER"
      ],
      "Page": 1
    },
    {
      "BlockType": "CELL",
      "Confidence": 90.869140625,
      "RowIndex": 1,
      "ColumnIndex": 3,
      "RowSpan": 1,
      "ColumnSpan": 1,
      "Geometry": {
        "BoundingBox": {
          "Width": 0.14722482860088348,
          "Height": 0.05448180437088013,
          "Left": 0.46679195761680603,
          "Top": 0.39367493987083435
        },
        "Polygon": [
          {
            "X": 0.46679195761680603,
            "Y": 0.39367493987083435
          },
          {
            "X": 0.613707423210144,
            "Y": 0.3937557637691498
          },
          {
            "X": 0.6140167713165283,
            "Y": 0.4481567442417145
          },
          {
            "X": 0.4670448303222656,
            "Y": 0.4480740427970886
          }
        ]
      },
      "Id": "5959be1b-8d5b-4cde-a0e4-653c60dee339",
      "Relationships": [
        {
          "Type": "CHILD",
          "Ids": [
            "d13162d3-169f-4fa9-882e-2ec610f83888",
            "17a15faf-fd50-401f-968d-a9b36210a97b",
            "602baf7e-d708-499b-9808-e8b703da1558"
          ]
        }
      ],
      "EntityTypes": [
        "COLUMN_HEADER"
      ],
      "Page": 1
    },
    {
      "BlockType": "CELL",
      "Confidence": 93.212890625,
      "RowIndex": 1,
      "ColumnIndex": 4,
      "RowSpan": 1,
      "ColumnSpan": 1,
      "Geometry": {
        "BoundingBox": {
          "Width": 0.15511442720890045,
          "Height": 0.05448807403445244,
          "Left": 0.613707423210144,
          "Top": 0.3937557637691498
        },
        "Polygon": [
          {
            "X": 0.613707423210144,
            "Y": 0.3937557637691498
          },
          {
            "X": 0.7684530019760132,
            "Y": 0.3938409090042114
          },
          {
            "X": 0.7688218355178833,
            "Y": 0.4482438564300537
          },
          {
            "X": 0.6140167713165283,
            "Y": 0.4481567442417145
          }
        ]
      },
      "Id": "7b7b2897-508a-49ef-bbef-071ff0f7fdd8",
      "Relationships": [
        {
          "Type": "CHILD",
          "Ids": [
            "ffe12745-2555-4dad-922d-d10a0db46447",
            "290cf059-ece9-42e9-8338-c4a1cfb7c4ac",
            "fe5d36d1-3d5f-444b-8771-0c3bb3ec855e",
            "fb3cca25-18ac-4149-8401-e949f7c55607"
          ]
        }
      ],
      "EntityTypes": [
        "COLUMN_HEADER"
      ],
      "Page": 1
    },
    {
      "BlockType": "CELL",
      "Confidence": 86.71875,
      "RowIndex": 2,
      "ColumnIndex": 1,
      "RowSpan": 1,
      "ColumnSpan": 1,
      "Geometry": {
        "BoundingBox": {
          "Width": 0.08206307888031006,
          "Height": 0.04506245627999306,
          "Left": 0.2304857075214386,
          "Top": 0.4479409456253052
        },
        "Polygon": [
          {
            "X": 0.2304857075214386,
            "Y": 0.4479409456253052
          },
          {
            "X": 0.31238871812820435,
            "Y": 0.44798702001571655
          },
          {
            "X": 0.31254878640174866,
            "Y": 0.49300339818000793
          },
          {
            "X": 0.23061975836753845,
            "Y": 0.4929564595222473
          }
        ]
      },
      "Id": "acd839ed-0f2c-434d-81eb-b7cb17dc66de",
      "Relationships": [
        {
          "Type": "CHILD",
          "Ids": [
            "7dc2f63f-422a-45df-af80-493469dbdcfc"
          ]
        }
      ],
      "Page": 1
    },
    {
      "BlockType": "CELL",
      "Confidence": 90.8203125,
      "RowIndex": 2,
      "ColumnIndex": 2,
      "RowSpan": 1,
      "ColumnSpan": 1,
      "Geometry": {
        "BoundingBox": {
          "Width": 0.15486539900302887,
          "Height": 0.045105017721652985,
          "Left": 0.31238871812820435,
          "Top": 0.44798702001571655
        },
        "Polygon": [
          {
            "X": 0.31238871812820435,
            "Y": 0.44798702001571655
          },
          {
            "X": 0.4670448303222656,
            "Y": 0.4480740427970886
          },
          {
            "X": 0.467254102230072,
            "Y": 0.49309203028678894
          },
          {
            "X": 0.31254878640174866,
            "Y": 0.49300339818000793
          }
        ]
      },
      "Id": "ca9f5486-5243-47b9-9cf6-3fa1d363fbe4",
      "Relationships": [
        {
          "Type": "CHILD",
          "Ids": [
            "cfb7c916-268c-4f2b-a87e-aec845a7e1ab"
          ]
        }
      ],
      "Page": 1
    },
    {
      "BlockType": "CELL",
      "Confidence": 88.0859375,
      "RowIndex": 2,
      "ColumnIndex": 3,
      "RowSpan": 1,
      "ColumnSpan": 1,
      "Geometry": {
        "BoundingBox": {
          "Width": 0.1472279578447342,
          "Height": 0.045102234929800034,
          "Left": 0.4670448303222656,
          "Top": 0.4480740427970886
        },
        "Polygon": [
          {
            "X": 0.4670448303222656,
            "Y": 0.4480740427970886
          },
          {
            "X": 0.6140167713165283,
            "Y": 0.4481567442417145
          },
          {
            "X": 0.6142727732658386,
            "Y": 0.49317628145217896
          },
          {
            "X": 0.467254102230072,
            "Y": 0.49309203028678894
          }
        ]
      },
      "Id": "c93a00bd-2535-4f76-a4df-cc905138c1b4",
      "Relationships": [
        {
          "Type": "CHILD",
          "Ids": [
            "bccdbca9-e9ad-45ee-a1d0-c9c8e1582770"
          ]
        }
      ],
      "Page": 1
    },
    {
      "BlockType": "CELL",
      "Confidence": 90.33203125,
      "RowIndex": 2,
      "ColumnIndex": 4,
      "RowSpan": 1,
      "ColumnSpan": 1,
      "Geometry": {
        "BoundingBox": {
          "Width": 0.15511031448841095,
          "Height": 0.04510826617479324,
          "Left": 0.6140167713165283,
          "Top": 0.4481567442417145
        },
        "Polygon": [
          {
            "X": 0.6140167713165283,
            "Y": 0.4481567442417145
          },
          {
            "X": 0.7688218355178833,
            "Y": 0.4482438564300537
          },
          {
            "X": 0.7691271305084229,
            "Y": 0.4932650029659271
          },
          {
            "X": 0.6142727732658386,
            "Y": 0.49317628145217896
          }
        ]
      },
      "Id": "48cc2044-89a5-40e0-a192-cd9c3dda0e68",
      "Relationships": [
        {
          "Type": "CHILD",
          "Ids": [
            "ecbe927f-1674-4efd-b96d-491c5eb67419"
          ]
        }
      ],
      "Page": 1
    },
    {
      "BlockType": "CELL",
      "Confidence": 83.203125,
      "RowIndex": 3,
      "ColumnIndex": 1,
      "RowSpan": 1,
      "ColumnSpan": 1,
      "Geometry": {
        "BoundingBox": {
          "Width": 0.08204209804534912,
          "Height": 0.03184044733643532,
          "Left": 0.23061975836753845,
          "Top": 0.4929564595222473
        },
        "Polygon": [
          {
            "X": 0.23061975836753845,
            "Y": 0.4929564595222473
          },
          {
            "X": 0.31254878640174866,
            "Y": 0.49300339818000793
          },
          {
            "X": 0.3126618564128876,
            "Y": 0.5247969031333923
          },
          {
            "X": 0.23071441054344177,
            "Y": 0.5247493386268616
          }
        ]
      },
      "Id": "adf7b4f3-af01-431a-a072-ca796144c831",
      "Relationships": [
        {
          "Type": "CHILD",
          "Ids": [
            "d66ed659-40bc-4bf4-ba0c-744e2b4ed13d",
            "8e437b6c-761a-496a-8538-b9c9c1468bd5"
          ]
        }
      ],
      "Page": 1
    },
    {
      "BlockType": "CELL",
      "Confidence": 87.158203125,
      "RowIndex": 3,
      "ColumnIndex": 2,
      "RowSpan": 1,
      "ColumnSpan": 1,
      "Geometry": {
        "BoundingBox": {
          "Width": 0.15485310554504395,
          "Height": 0.03188329562544823,
          "Left": 0.31254878640174866,
          "Top": 0.49300339818000793
        },
        "Polygon": [
          {
            "X": 0.31254878640174866,
            "Y": 0.49300339818000793
          },
          {
            "X": 0.467254102230072,
            "Y": 0.49309203028678894
          },
          {
            "X": 0.4674018919467926,
            "Y": 0.5248866677284241
          },
          {
            "X": 0.3126618564128876,
            "Y": 0.5247969031333923
          }
        ]
      },
      "Id": "6b16a839-8865-4fda-9969-3a80785c07a7",
      "Relationships": [
        {
          "Type": "CHILD",
          "Ids": [
            "f2e931ed-d9b4-4c53-8076-84ae06fe6412"
          ]
        }
      ],
      "Page": 1
    },
    {
      "BlockType": "CELL",
      "Confidence": 84.47265625,
      "RowIndex": 3,
      "ColumnIndex": 3,
      "RowSpan": 1,
      "ColumnSpan": 1,
      "Geometry": {
        "BoundingBox": {
          "Width": 0.14719949662685394,
          "Height": 0.031879980117082596,
          "Left": 0.467254102230072,
          "Top": 0.49309203028678894
        },
        "Polygon": [
          {
            "X": 0.467254102230072,
            "Y": 0.49309203028678894
          },
          {
            "X": 0.6142727732658386,
            "Y": 0.49317628145217896
          },
          {
            "X": 0.6144536137580872,
            "Y": 0.5249720215797424
          },
          {
            "X": 0.4674018919467926,
            "Y": 0.5248866677284241
          }
        ]
      },
      "Id": "fc09a94c-da24-48a6-ac6d-771b3b09a0e6",
      "Relationships": [
        {
          "Type": "CHILD",
          "Ids": [
            "2be34d9d-1c71-4bbd-bf95-4d6c3cec2477"
          ]
        }
      ],
      "Page": 1
    },
    {
      "BlockType": "CELL",
      "Confidence": 86.669921875,
      "RowIndex": 3,
      "ColumnIndex": 4,
      "RowSpan": 1,
      "ColumnSpan": 1,
      "Geometry": {
        "BoundingBox": {
          "Width": 0.15506990253925323,
          "Height": 0.03188561648130417,
          "Left": 0.6142727732658386,
          "Top": 0.49317628145217896
        },
        "Polygon": [
          {
            "X": 0.6142727732658386,
            "Y": 0.49317628145217896
          },
          {
            "X": 0.7691271305084229,
            "Y": 0.4932650029659271
          },
          {
            "X": 0.7693426609039307,
            "Y": 0.5250619053840637
          },
          {
            "X": 0.6144536137580872,
            "Y": 0.5249720215797424
          }
        ]
      },
      "Id": "6096c5d7-a69e-4427-aa16-cc1557f089d6",
      "Relationships": [
        {
          "Type": "CHILD",
          "Ids": [
            "f8f12db5-1b30-4187-b777-e3fffad4d254"
          ]
        }
      ],
      "Page": 1
    },
    {
      "BlockType": "CELL",
      "Confidence": 80.517578125,
      "RowIndex": 4,
      "ColumnIndex": 1,
      "RowSpan": 1,
      "ColumnSpan": 1,
      "Geometry": {
        "BoundingBox": {
          "Width": 0.0820605456829071,
          "Height": 0.03185533359646797,
          "Left": 0.23071441054344177,
          "Top": 0.5247493386268616
        },
        "Polygon": [
          {
            "X": 0.23071441054344177,
            "Y": 0.5247493386268616
          },
          {
            "X": 0.3126618564128876,
            "Y": 0.5247969031333923
          },
          {
            "X": 0.3127749562263489,
            "Y": 0.5566046833992004
          },
          {
            "X": 0.23080912232398987,
            "Y": 0.5565565228462219
          }
        ]
      },
      "Id": "acb1df21-964c-4c5f-8252-b2077a95e171",
      "Relationships": [
        {
          "Type": "CHILD",
          "Ids": [
            "bd139980-7cda-4fca-86cb-61092dc775c2",
            "f01deeca-2438-4fb4-87f0-24341f0c0598"
          ]
        }
      ],
      "Page": 1
    },
    {
      "BlockType": "CELL",
      "Confidence": 84.326171875,
      "RowIndex": 4,
      "ColumnIndex": 2,
      "RowSpan": 1,
      "ColumnSpan": 1,
      "Geometry": {
        "BoundingBox": {
          "Width": 0.15488791465759277,
          "Height": 0.03189872205257416,
          "Left": 0.3126618564128876,
          "Top": 0.5247969031333923
        },
        "Polygon": [
          {
            "X": 0.3126618564128876,
            "Y": 0.5247969031333923
          },
          {
            "X": 0.4674018919467926,
            "Y": 0.5248866677284241
          },
          {
            "X": 0.46754977107048035,
            "Y": 0.5566956400871277
          },
          {
            "X": 0.3127749562263489,
            "Y": 0.5566046833992004
          }
        ]
      },
      "Id": "23930777-c758-4361-8f1b-d4569b4b266e",
      "Relationships": [
        {
          "Type": "CHILD",
          "Ids": [
            "ef620254-b863-4b29-8cb1-02a5d8e21544"
          ]
        }
      ],
      "Page": 1
    },
    {
      "BlockType": "CELL",
      "Confidence": 81.73828125,
      "RowIndex": 4,
      "ColumnIndex": 3,
      "RowSpan": 1,
      "ColumnSpan": 1,
      "Geometry": {
        "BoundingBox": {
          "Width": 0.14723259210586548,
          "Height": 0.03189535066485405,
          "Left": 0.4674018919467926,
          "Top": 0.5248866677284241
        },
        "Polygon": [
          {
            "X": 0.4674018919467926,
            "Y": 0.5248866677284241
          },
          {
            "X": 0.6144536137580872,
            "Y": 0.5249720215797424
          },
          {
            "X": 0.6146345138549805,
            "Y": 0.556782066822052
          },
          {
            "X": 0.46754977107048035,
            "Y": 0.5566956400871277
          }
        ]
      },
      "Id": "254c2f16-e47f-4108-81d8-a9dfe7a2995f",
      "Relationships": [
        {
          "Type": "CHILD",
          "Ids": [
            "2fdb4766-9844-4206-bdea-630f7a987367"
          ]
        }
      ],
      "Page": 1
    },
    {
      "BlockType": "CELL",
      "Confidence": 83.88671875,
      "RowIndex": 4,
      "ColumnIndex": 4,
      "RowSpan": 1,
      "ColumnSpan": 1,
      "Geometry": {
        "BoundingBox": {
          "Width": 0.15510477125644684,
          "Height": 0.0319010466337204,
          "Left": 0.6144536137580872,
          "Top": 0.5249720215797424
        },
        "Polygon": [
          {
            "X": 0.6144536137580872,
            "Y": 0.5249720215797424
          },
          {
            "X": 0.7693426609039307,
            "Y": 0.5250619053840637
          },
          {
            "X": 0.7695583701133728,
            "Y": 0.556873083114624
          },
          {
            "X": 0.6146345138549805,
            "Y": 0.556782066822052
          }
        ]
      },
      "Id": "857526a5-26d2-4536-b629-be7e07634268",
      "Relationships": [
        {
          "Type": "CHILD",
          "Ids": [
            "36b74c91-7547-47af-b4dc-27aa1f13dff5"
          ]
        }
      ],
      "Page": 1
    },
    {
      "BlockType": "CELL",
      "Confidence": 88.57421875,
      "RowIndex": 5,
      "ColumnIndex": 1,
      "RowSpan": 1,
      "ColumnSpan": 1,
      "Geometry": {
        "BoundingBox": {
          "Width": 0.08213670551776886,
          "Height": 0.04809653386473656,
          "Left": 0.23080912232398987,
          "Top": 0.5565565228462219
        },
        "Polygon": [
          {
            "X": 0.23080912232398987,
            "Y": 0.5565565228462219
          },
          {
            "X": 0.3127749562263489,
            "Y": 0.5566046833992004
          },
          {
            "X": 0.3129458427429199,
            "Y": 0.6046530604362488
          },
          {
            "X": 0.230952188372612,
            "Y": 0.6046040058135986
          }
        ]
      },
      "Id": "9a593649-7573-4589-a521-1e51af0fbe7a",
      "Relationships": [
        {
          "Type": "CHILD",
          "Ids": [
            "80ec1f28-e704-4531-b712-60a4df0087e5",
            "dafe5959-2ead-47ba-8248-b90927cbccba"
          ]
        }
      ],
      "Page": 1
    },
    {
      "BlockType": "CELL",
      "Confidence": 92.7734375,
      "RowIndex": 5,
      "ColumnIndex": 2,
      "RowSpan": 1,
      "ColumnSpan": 1,
      "Geometry": {
        "BoundingBox": {
          "Width": 0.15499815344810486,
          "Height": 0.04814105108380318,
          "Left": 0.3127749562263489,
          "Top": 0.5566046833992004
        },
        "Polygon": [
          {
            "X": 0.3127749562263489,
            "Y": 0.5566046833992004
          },
          {
            "X": 0.46754977107048035,
            "Y": 0.5566956400871277
          },
          {
            "X": 0.46777310967445374,
            "Y": 0.6047457456588745
          },
          {
            "X": 0.3129458427429199,
            "Y": 0.6046530604362488
          }
        ]
      },
      "Id": "33f97433-f668-4f1e-ab0d-1a2ba1590357",
      "Relationships": [
        {
          "Type": "CHILD",
          "Ids": [
            "0cc1e187-e88b-40eb-b288-dcf9a9b24c5f"
          ]
        }
      ],
      "Page": 1
    },
    {
      "BlockType": "CELL",
      "Confidence": 89.94140625,
      "RowIndex": 5,
      "ColumnIndex": 3,
      "RowSpan": 1,
      "ColumnSpan": 1,
      "Geometry": {
        "BoundingBox": {
          "Width": 0.1473579853773117,
          "Height": 0.04813817888498306,
          "Left": 0.46754977107048035,
          "Top": 0.5566956400871277
        },
        "Polygon": [
          {
            "X": 0.46754977107048035,
            "Y": 0.5566956400871277
          },
          {
            "X": 0.6146345138549805,
            "Y": 0.556782066822052
          },
          {
            "X": 0.6149077415466309,
            "Y": 0.6048337817192078
          },
          {
            "X": 0.46777310967445374,
            "Y": 0.6047457456588745
          }
        ]
      },
      "Id": "15b54c8b-aceb-4ced-a47e-264b082b13bb",
      "Relationships": [
        {
          "Type": "CHILD",
          "Ids": [
            "ca1b14c2-4ed3-48a1-96e0-6c1315d874c4"
          ]
        }
      ],
      "Page": 1
    },
    {
      "BlockType": "CELL",
      "Confidence": 92.236328125,
      "RowIndex": 5,
      "ColumnIndex": 4,
      "RowSpan": 1,
      "ColumnSpan": 1,
      "Geometry": {
        "BoundingBox": {
          "Width": 0.155249685049057,
          "Height": 0.04814452305436134,
          "Left": 0.6146345138549805,
          "Top": 0.556782066822052
        },
        "Polygon": [
          {
            "X": 0.6146345138549805,
            "Y": 0.556782066822052
          },
          {
            "X": 0.7695583701133728,
            "Y": 0.556873083114624
          },
          {
            "X": 0.7698841691017151,
            "Y": 0.604926586151123
          },
          {
            "X": 0.6149077415466309,
            "Y": 0.6048337817192078
          }
        ]
      },
      "Id": "ae1b6273-1fa4-48f8-a8e9-4fb0c34ec360",
      "Relationships": [
        {
          "Type": "CHILD",
          "Ids": [
            "1eb746f5-0cb6-4a67-9338-27cc334fada7"
          ]
        }
      ],
      "Page": 1
    }
  ],
  "AnalyzeDocumentModelVersion": "1.0"
}