{
  "DocumentMetadata": {
    "Pages": 1
  },
  "JobStatus": "SUCCEEDED",
  "Blocks": [
    {
      "BlockType": "PAGE",
      "Geometry": {
        "BoundingBox": {
          "Width": 1,
          "Height": 1,
          "Left": 0,
          "Top": 0
        },
        "Polygon": [
          {
            "X": 0,
            "Y": 0.000018635841115610674
          },
          {
            "X": 1,
            "Y": 0
          },
          {
            "X": 1,
            "Y": 1
          },
          {
            "X": 0.000031947602110449225,
            "Y": 1
          }
        ]
      },
      "Id": "0feb1f8d-a7a0-4577-8bee-74d96ce655f3",
      "Relationships": [
        {
          "Type": "CHILD",
          "Ids": [
            "a1980eb6-9e2f-44ed-ae3a-3d16f400424f",
            "4949d71c-c8b7-49d5-a926-9dc50396ec3c",
            "d6a02ff2-6144-4fa0-8451-8944ed687132",
            "719f2476-955d-4355-bf91-58a4367578c2",
            "6e656a6b-aff8-4126-b55f-85ee23353d29",
            "0d74560a-4d31-4601-bd1b-f16f5a57b5ac",
            "f7adfcd1-de1a-4638-a0eb-1096c0742fd7",
            "a64e53bd-dbdf-41d9-a603-c12564945881",
            "fbdd717e-db3e-4d53-958f-7cdace0ad133",
            "9f5b33a7-3a43-4419-a1ca-fcef5a859cb0",
            "6f41cc10-fe9c-4dbc-9d09-5af14f248d64",
            "61e09f83-f6c2-46e7-8f62-26cddd4ffd32",
            "1b760574-2bde-497a-b879-42faa33706cc",
            "2273931e-b1b9-497f-8c12-0545c16adabe",
            "a682961b-3dc1-44ff-a685-e7d8ea958aeb",
            "893e90e7-6c51-40c7-ba32-fdaee15de2c3",
            "76ce6460-e118-4849-afaa-01f705926da5",
            "15cbdeb3-1dd7-4a34-90d6-80bd8fdedaf1",
            "f9f87d1d-7713-4f10-a6fc-8b132a96be8b",
            "a056c006-fe46-48c0-82cc-95336eac5498",
            "7eeda588-2713-42cc-af99-c53445b29f8f",
            "0ddde0eb-7d96-4820-a95b-d5fda54a7e00",
            "1b6f37b8-8fac-4092-a928-097edab9d323",
            "46c68505-aef4-4d39-96e3-7540d9288a96",
            "bb2d16aa-f8af-4058-abd7-1e3ee6e11574",
            "1a2d7d1e-8585-464a-8fdf-5946e0c2b97c"
          ]
        }
      ],
      "Page": 1
    },
    {
      "BlockType": "LINE",
      "Confidence": 99.95423889160156,
      "Text": "Curing system",
      "Geometry": {
        "BoundingBox": {
          "Width": 0.06278302520513535,
          "Height": 0.025711437687277794,
          "Left": 0.1850256323814392,
          "Top": 0.4168727695941925
        },
        "Polygon": [
          {
            "X": 0.1850256323814392,
            "Y": 0.4168727695941925
          },
          {
            "X": 0.24715466797351837,
            "Y": 0.41693350672721863
          },
          {
            "X": 0.24780865013599396,
            "Y": 0.44258421659469604
          },
          {
            "X": 0.18566900491714478,
            "Y": 0.4425167441368103
          }
        ]
      },
      "Id": "a1980eb6-9e2f-44ed-ae3a-3d16f400424f",
      "Relationships": [
        {
          "Type": "CHILD",
          "Ids": [
            "a1855c03-56b7-432e-9d5c-11e9129c7224",
            "e2320eb3-7bb0-4df2-bbd2-9662822241d6"
          ]
        }
      ],
      "Page": 1
    },
    {
      "BlockType": "LINE",
      "Confidence": 89.13011932373047,
      "Text": "Curing temperature (C)",
      "Geometry": {
        "BoundingBox": {
          "Width": 0.10584250092506409,
          "Height": 0.026471206918358803,
          "Left": 0.30046114325523376,
          "Top": 0.4163743853569031
        },
        "Polygon": [
          {
            "X": 0.30046114325523376,
            "Y": 0.4163743853569031
          },
          {
            "X": 0.40560394525527954,
            "Y": 0.41647690534591675
          },
          {
            "X": 0.40630364418029785,
            "Y": 0.44284558296203613
          },
          {
            "X": 0.3011423647403717,
            "Y": 0.4427313506603241
          }
        ]
      },
      "Id": "4949d71c-c8b7-49d5-a926-9dc50396ec3c",
      "Relationships": [
        {
          "Type": "CHILD",
          "Ids": [
            "ecb13efa-99bc-40b9-929d-4a8da143d042",
            "981e5ad7-6a88-4046-82ae-12b3f3f92efb",
            "a87cebab-f31c-4cf2-b20d-8d593c3f43ba"
          ]
        }
      ],
      "Page": 1
    },
    {
      "BlockType": "LINE",
      "Confidence": 99.97246551513672,
      "Text": "Curing time (h)",
      "Geometry": {
        "BoundingBox": {
          "Width": 0.06795447319746017,
          "Height": 0.026573410257697105,
          "Left": 0.45858699083328247,
          "Top": 0.41585707664489746
        },
        "Polygon": [
          {
            "X": 0.45858699083328247,
            "Y": 0.41585707664489746
          },
          {
            "X": 0.5258171558380127,
            "Y": 0.4159224331378937
          },
          {
            "X": 0.5265414714813232,
            "Y": 0.4424304962158203
          },
          {
            "X": 0.45929938554763794,
            "Y": 0.44235759973526
          }
        ]
      },
      "Id": "d6a02ff2-6144-4fa0-8451-8944ed687132",
      "Relationships": [
        {
          "Type": "CHILD",
          "Ids": [
            "66235ac8-95ce-4227-8bc7-a90ad2f8cd0f",
            "73eee67a-4c08-4304-91da-9e8f08590a1b",
            "77f34495-3b40-41ac-bafb-f240fcb0ba2e"
          ]
        }
      ],
      "Page": 1
    },
    {
      "BlockType": "LINE",
      "Confidence": 89.92927551269531,
      "Text": "Post cure temperature (C)",
      "Geometry": {
        "BoundingBox": {
          "Width": 0.1173514649271965,
          "Height": 0.02642667293548584,
          "Left": 0.5788346529006958,
          "Top": 0.4159463047981262
        },
        "Polygon": [
          {
            "X": 0.5788346529006958,
            "Y": 0.4159463047981262
          },
          {
            "X": 0.6954378485679626,
            "Y": 0.416059672832489
          },
          {
            "X": 0.6961861252784729,
            "Y": 0.44237297773361206
          },
          {
            "X": 0.5795624256134033,
            "Y": 0.4422467052936554
          }
        ]
      },
      "Id": "719f2476-955d-4355-bf91-58a4367578c2",
      "Relationships": [
        {
          "Type": "CHILD",
          "Ids": [
            "63ff72a0-7033-41a8-8351-a55a80e9940f",
            "81796a13-bff1-4808-97e8-5d087f273f40",
            "180c69de-6db2-4c0a-8785-87491fe85965",
            "64c647dd-c5e1-4e6a-859d-8e202ad94998"
          ]
        }
      ],
      "Page": 1
    },
    {
      "BlockType": "LINE",
      "Confidence": 99.85836029052734,
      "Text": "Post cure time (h)",
      "Geometry": {
        "BoundingBox": {
          "Width": 0.07932419329881668,
          "Height": 0.025772353634238243,
          "Left": 0.7483853697776794,
          "Top": 0.41638094186782837
        },
        "Polygon": [
          {
            "X": 0.7483853697776794,
            "Y": 0.41638094186782837
          },
          {
            "X": 0.8269566893577576,
            "Y": 0.4164574146270752
          },
          {
            "X": 0.8277095556259155,
            "Y": 0.44215330481529236
          },
          {
            "X": 0.7491247653961182,
            "Y": 0.44206830859184265
          }
        ]
      },
      "Id": "6e656a6b-aff8-4126-b55f-85ee23353d29",
      "Relationships": [
        {
          "Type": "CHILD",
          "Ids": [
            "d16c8069-8c82-412b-b90c-6ff23e97097b",
            "aba35e23-024a-4b74-a30b-dbc9801c3045",
            "751599e4-05b2-4729-9379-a830a8834236",
            "dfa58c1f-0f73-42ae-8563-a0af4f73c3ce"
          ]
        }
      ],
      "Page": 1
    },
    {
      "BlockType": "LINE",
      "Confidence": 98.476318359375,
      "Text": "PSER/m-PDA",
      "Geometry": {
        "BoundingBox": {
          "Width": 0.05583395063877106,
          "Height": 0.024773307144641876,
          "Left": 0.18462690711021423,
          "Top": 0.46351882815361023
        },
        "Polygon": [
          {
            "X": 0.18462690711021423,
            "Y": 0.46351882815361023
          },
          {
            "X": 0.23983226716518402,
            "Y": 0.46358364820480347
          },
          {
            "X": 0.2404608577489853,
            "Y": 0.4882921278476715
          },
          {
            "X": 0.18524640798568726,
            "Y": 0.48822152614593506
          }
        ]
      },
      "Id": "0d74560a-4d31-4601-bd1b-f16f5a57b5ac",
      "Relationships": [
        {
          "Type": "CHILD",
          "Ids": [
            "7572d69a-0b77-45a3-9fe9-999438f9e785"
          ]
        }
      ],
      "Page": 1
    },
    {
      "BlockType": "LINE",
      "Confidence": 99.91252136230469,
      "Text": "120",
      "Geometry": {
        "BoundingBox": {
          "Width": 0.01613660901784897,
          "Height": 0.020036380738019943,
          "Left": 0.30123370885849,
          "Top": 0.46407538652420044
        },
        "Polygon": [
          {
            "X": 0.30123370885849,
            "Y": 0.46407538652420044
          },
          {
            "X": 0.3168509602546692,
            "Y": 0.46409374475479126
          },
          {
            "X": 0.31737032532691956,
            "Y": 0.4841117560863495
          },
          {
            "X": 0.3017510175704956,
            "Y": 0.4840920567512512
          }
        ]
      },
      "Id": "f7adfcd1-de1a-4638-a0eb-1096c0742fd7",
      "Relationships": [
        {
          "Type": "CHILD",
          "Ids": [
            "b4092450-bd2d-4050-a4b6-2a1c45125ac7"
          ]
        }
      ],
      "Page": 1
    },
    {
      "BlockType": "LINE",
      "Confidence": 99.90576934814453,
      "Text": "3",
      "Geometry": {
        "BoundingBox": {
          "Width": 0.005522607360035181,
          "Height": 0.019862350076436996,
          "Left": 0.4585086703300476,
          "Top": 0.46427449584007263
        },
        "Polygon": [
          {
            "X": 0.4585086703300476,
            "Y": 0.46427449584007263
          },
          {
            "X": 0.46349701285362244,
            "Y": 0.464280366897583
          },
          {
            "X": 0.46403127908706665,
            "Y": 0.4841368496417999
          },
          {
            "X": 0.4590422809123993,
            "Y": 0.4841305613517761
          }
        ]
      },
      "Id": "a64e53bd-dbdf-41d9-a603-c12564945881",
      "Relationships": [
        {
          "Type": "CHILD",
          "Ids": [
            "70ab1b34-5e10-49d3-a8ef-878048b8ccdc"
          ]
        }
      ],
      "Page": 1
    },
    {
      "BlockType": "LINE",
      "Confidence": 99.95457458496094,
      "Text": "150",
      "Geometry": {
        "BoundingBox": {
          "Width": 0.0160247590392828,
          "Height": 0.0203681830316782,
          "Left": 0.5797411203384399,
          "Top": 0.4639836251735687
        },
        "Polygon": [
          {
            "X": 0.5797411203384399,
            "Y": 0.4639836251735687
          },
          {
            "X": 0.595200777053833,
            "Y": 0.46400177478790283
          },
          {
            "X": 0.5957658886909485,
            "Y": 0.4843518137931824
          },
          {
            "X": 0.5803041458129883,
            "Y": 0.4843323230743408
          }
        ]
      },
      "Id": "fbdd717e-db3e-4d53-958f-7cdace0ad133",
      "Relationships": [
        {
          "Type": "CHILD",
          "Ids": [
            "fb7155b4-79b8-4e39-a811-fbfe738f76a1"
          ]
        }
      ],
      "Page": 1
    },
    {
      "BlockType": "LINE",
      "Confidence": 99.8685302734375,
      "Text": "4",
      "Geometry": {
        "BoundingBox": {
          "Width": 0.00628971541300416,
          "Height": 0.019335296005010605,
          "Left": 0.7481288313865662,
          "Top": 0.46463775634765625
        },
        "Polygon": [
          {
            "X": 0.7481288313865662,
            "Y": 0.46463775634765625
          },
          {
            "X": 0.753861665725708,
            "Y": 0.46464452147483826
          },
          {
            "X": 0.7544184923171997,
            "Y": 0.48397305607795715
          },
          {
            "X": 0.7486849427223206,
            "Y": 0.48396584391593933
          }
        ]
      },
      "Id": "9f5b33a7-3a43-4419-a1ca-fcef5a859cb0",
      "Relationships": [
        {
          "Type": "CHILD",
          "Ids": [
            "029361eb-6831-432e-8fc3-97efa1e3ce52"
          ]
        }
      ],
      "Page": 1
    },
    {
      "BlockType": "LINE",
      "Confidence": 98.92752075195312,
      "Text": "TGCS/m-PDA",
      "Geometry": {
        "BoundingBox": {
          "Width": 0.05718865618109703,
          "Height": 0.025050243362784386,
          "Left": 0.18453150987625122,
          "Top": 0.495736688375473
        },
        "Polygon": [
          {
            "X": 0.18453150987625122,
            "Y": 0.495736688375473
          },
          {
            "X": 0.24108469486236572,
            "Y": 0.4958108067512512
          },
          {
            "X": 0.24172016978263855,
            "Y": 0.5207869410514832
          },
          {
            "X": 0.18515758216381073,
            "Y": 0.5207068920135498
          }
        ]
      },
      "Id": "6f41cc10-fe9c-4dbc-9d09-5af14f248d64",
      "Relationships": [
        {
          "Type": "CHILD",
          "Ids": [
            "b1097f48-6150-4a23-9148-eb316d48c32c"
          ]
        }
      ],
      "Page": 1
    },
    {
      "BlockType": "LINE",
      "Confidence": 99.97792053222656,
      "Text": "150",
      "Geometry": {
        "BoundingBox": {
          "Width": 0.01619010604918003,
          "Height": 0.0196455679833889,
          "Left": 0.301303505897522,
          "Top": 0.4966004192829132
        },
        "Polygon": [
          {
            "X": 0.301303505897522,
            "Y": 0.4966004192829132
          },
          {
            "X": 0.31698453426361084,
            "Y": 0.4966210126876831
          },
          {
            "X": 0.31749361753463745,
            "Y": 0.51624596118927
          },
          {
            "X": 0.30181053280830383,
            "Y": 0.5162240862846375
          }
        ]
      },
      "Id": "61e09f83-f6c2-46e7-8f62-26cddd4ffd32",
      "Relationships": [
        {
          "Type": "CHILD",
          "Ids": [
            "327c62aa-4949-41a6-a9c0-201d98692989"
          ]
        }
      ],
      "Page": 1
    },
    {
      "BlockType": "LINE",
      "Confidence": 99.89119720458984,
      "Text": "3",
      "Geometry": {
        "BoundingBox": {
          "Width": 0.005439472384750843,
          "Height": 0.019564040005207062,
          "Left": 0.45849505066871643,
          "Top": 0.4966304898262024
        },
        "Polygon": [
          {
            "X": 0.45849505066871643,
            "Y": 0.4966304898262024
          },
          {
            "X": 0.4634084403514862,
            "Y": 0.4966369569301605
          },
          {
            "X": 0.4639345407485962,
            "Y": 0.5161945223808289
          },
          {
            "X": 0.4590205252170563,
            "Y": 0.5161876678466797
          }
        ]
      },
      "Id": "1b760574-2bde-497a-b879-42faa33706cc",
      "Relationships": [
        {
          "Type": "CHILD",
          "Ids": [
            "26ab97d9-31dc-4017-9893-aa2ef5b4517f"
          ]
        }
      ],
      "Page": 1
    },
    {
      "BlockType": "LINE",
      "Confidence": 99.9594497680664,
      "Text": "180",
      "Geometry": {
        "BoundingBox": {
          "Width": 0.016274739056825638,
          "Height": 0.01979820802807808,
          "Left": 0.5795918107032776,
          "Top": 0.49655961990356445
        },
        "Polygon": [
          {
            "X": 0.5795918107032776,
            "Y": 0.49655961990356445
          },
          {
            "X": 0.5953174233436584,
            "Y": 0.49658024311065674
          },
          {
            "X": 0.5958665609359741,
            "Y": 0.5163578391075134
          },
          {
            "X": 0.5801388621330261,
            "Y": 0.5163359045982361
          }
        ]
      },
      "Id": "2273931e-b1b9-497f-8c12-0545c16adabe",
      "Relationships": [
        {
          "Type": "CHILD",
          "Ids": [
            "684a12e5-9752-4ea7-b9a9-2d4b1f659d67"
          ]
        }
      ],
      "Page": 1
    },
    {
      "BlockType": "LINE",
      "Confidence": 99.9462890625,
      "Text": "4",
      "Geometry": {
        "BoundingBox": {
          "Width": 0.006327784154564142,
          "Height": 0.019326310604810715,
          "Left": 0.7480500936508179,
          "Top": 0.497079461812973
        },
        "Polygon": [
          {
            "X": 0.7480500936508179,
            "Y": 0.497079461812973
          },
          {
            "X": 0.7538213729858398,
            "Y": 0.4970870316028595
          },
          {
            "X": 0.7543778419494629,
            "Y": 0.5164057612419128
          },
          {
            "X": 0.7486057877540588,
            "Y": 0.5163977146148682
          }
        ]
      },
      "Id": "a682961b-3dc1-44ff-a685-e7d8ea958aeb",
      "Relationships": [
        {
          "Type": "CHILD",
          "Ids": [
            "6931c411-69be-44c4-b715-5b88293824bb"
          ]
        }
      ],
      "Page": 1
    },
    {
      "BlockType": "LINE",
      "Confidence": 98.3806381225586,
      "Text": "PSER/2E4MZ",
      "Geometry": {
        "BoundingBox": {
          "Width": 0.0554947629570961,
          "Height": 0.024402284994721413,
          "Left": 0.18511901795864105,
          "Top": 0.5267923474311829
        },
        "Polygon": [
          {
            "X": 0.18511901795864105,
            "Y": 0.5267923474311829
          },
          {
            "X": 0.23999522626399994,
            "Y": 0.5268714427947998
          },
          {
            "X": 0.24061378836631775,
            "Y": 0.5511946678161621
          },
          {
            "X": 0.18572868406772614,
            "Y": 0.5511099100112915
          }
        ]
      },
      "Id": "893e90e7-6c51-40c7-ba32-fdaee15de2c3",
      "Relationships": [
        {
          "Type": "CHILD",
          "Ids": [
            "effe0e0a-e601-4c18-afbb-c0cfe8ebf982"
          ]
        }
      ],
      "Page": 1
    },
    {
      "BlockType": "LINE",
      "Confidence": 99.94091033935547,
      "Text": "120",
      "Geometry": {
        "BoundingBox": {
          "Width": 0.01607297733426094,
          "Height": 0.019705969840288162,
          "Left": 0.3012852668762207,
          "Top": 0.5275561213493347
        },
        "Polygon": [
          {
            "X": 0.3012852668762207,
            "Y": 0.5275561213493347
          },
          {
            "X": 0.3168477714061737,
            "Y": 0.527578592300415
          },
          {
            "X": 0.31735825538635254,
            "Y": 0.5472621321678162
          },
          {
            "X": 0.3017936944961548,
            "Y": 0.5472383499145508
          }
        ]
      },
      "Id": "76ce6460-e118-4849-afaa-01f705926da5",
      "Relationships": [
        {
          "Type": "CHILD",
          "Ids": [
            "3b6b437b-96bd-4d9b-bfa0-442537369412"
          ]
        }
      ],
      "Page": 1
    },
    {
      "BlockType": "LINE",
      "Confidence": 99.72589874267578,
      "Text": "3",
      "Geometry": {
        "BoundingBox": {
          "Width": 0.0055681015364825726,
          "Height": 0.019656335934996605,
          "Left": 0.4585082232952118,
          "Top": 0.5275839567184448
        },
        "Polygon": [
          {
            "X": 0.4585082232952118,
            "Y": 0.5275839567184448
          },
          {
            "X": 0.46354782581329346,
            "Y": 0.5275912284851074
          },
          {
            "X": 0.46407631039619446,
            "Y": 0.5472403168678284
          },
          {
            "X": 0.4590360224246979,
            "Y": 0.5472326278686523
          }
        ]
      },
      "Id": "15cbdeb3-1dd7-4a34-90d6-80bd8fdedaf1",
      "Relationships": [
        {
          "Type": "CHILD",
          "Ids": [
            "121be412-5f83-4d3b-ba47-4814f562b2cf"
          ]
        }
      ],
      "Page": 1
    },
    {
      "BlockType": "LINE",
      "Confidence": 99.96760559082031,
      "Text": "150",
      "Geometry": {
        "BoundingBox": {
          "Width": 0.01596841774880886,
          "Height": 0.019924964755773544,
          "Left": 0.5798548460006714,
          "Top": 0.5274176001548767
        },
        "Polygon": [
          {
            "X": 0.5798548460006714,
            "Y": 0.5274176001548767
          },
          {
            "X": 0.5952708125114441,
            "Y": 0.5274398326873779
          },
          {
            "X": 0.5958232879638672,
            "Y": 0.5473425388336182
          },
          {
            "X": 0.5804052948951721,
            "Y": 0.5473190546035767
          }
        ]
      },
      "Id": "f9f87d1d-7713-4f10-a6fc-8b132a96be8b",
      "Relationships": [
        {
          "Type": "CHILD",
          "Ids": [
            "69f68faf-ef61-4d81-8285-980d73785c54"
          ]
        }
      ],
      "Page": 1
    },
    {
      "BlockType": "LINE",
      "Confidence": 99.94215393066406,
      "Text": "4",
      "Geometry": {
        "BoundingBox": {
          "Width": 0.006253157742321491,
          "Height": 0.01961825229227543,
          "Left": 0.7482353448867798,
          "Top": 0.5275152921676636
        },
        "Polygon": [
          {
            "X": 0.7482353448867798,
            "Y": 0.5275152921676636
          },
          {
            "X": 0.753923773765564,
            "Y": 0.5275234580039978
          },
          {
            "X": 0.7544885277748108,
            "Y": 0.5471335649490356
          },
          {
            "X": 0.7487993836402893,
            "Y": 0.5471248626708984
          }
        ]
      },
      "Id": "a056c006-fe46-48c0-82cc-95336eac5498",
      "Relationships": [
        {
          "Type": "CHILD",
          "Ids": [
            "1813a1ff-71c4-4ad9-aea1-8755f5734627"
          ]
        }
      ],
      "Page": 1
    },
    {
      "BlockType": "LINE",
      "Confidence": 99.1476821899414,
      "Text": "TGCS/2E4MZ",
      "Geometry": {
        "BoundingBox": {
          "Width": 0.057182278484106064,
          "Height": 0.025029173120856285,
          "Left": 0.18477590382099152,
          "Top": 0.5588256120681763
        },
        "Polygon": [
          {
            "X": 0.18477590382099152,
            "Y": 0.5588256120681763
          },
          {
            "X": 0.24132385849952698,
            "Y": 0.5589147806167603
          },
          {
            "X": 0.24195818603038788,
            "Y": 0.5838547945022583
          },
          {
            "X": 0.1854008436203003,
            "Y": 0.5837596654891968
          }
        ]
      },
      "Id": "7eeda588-2713-42cc-af99-c53445b29f8f",
      "Relationships": [
        {
          "Type": "CHILD",
          "Ids": [
            "977f9fcb-0c35-4368-ba15-fc7aa78e5b7b"
          ]
        }
      ],
      "Page": 1
    },
    {
      "BlockType": "LINE",
      "Confidence": 99.96269989013672,
      "Text": "150",
      "Geometry": {
        "BoundingBox": {
          "Width": 0.01605987921357155,
          "Height": 0.02028679847717285,
          "Left": 0.30130815505981445,
          "Top": 0.5592947602272034
        },
        "Polygon": [
          {
            "X": 0.30130815505981445,
            "Y": 0.5592947602272034
          },
          {
            "X": 0.3168426752090454,
            "Y": 0.559319257736206
          },
          {
            "X": 0.3173680603504181,
            "Y": 0.5795815587043762
          },
          {
            "X": 0.30183145403862,
            "Y": 0.5795556902885437
          }
        ]
      },
      "Id": "0ddde0eb-7d96-4820-a95b-d5fda54a7e00",
      "Relationships": [
        {
          "Type": "CHILD",
          "Ids": [
            "3716e6d3-9933-4bcd-a3ea-1acd0bd16f1a"
          ]
        }
      ],
      "Page": 1
    },
    {
      "BlockType": "LINE",
      "Confidence": 99.75045013427734,
      "Text": "3",
      "Geometry": {
        "BoundingBox": {
          "Width": 0.005535314325243235,
          "Height": 0.019668707624077797,
          "Left": 0.4585418105125427,
          "Top": 0.5599509477615356
        },
        "Polygon": [
          {
            "X": 0.4585418105125427,
            "Y": 0.5599509477615356
          },
          {
            "X": 0.4635484516620636,
            "Y": 0.5599588751792908
          },
          {
            "X": 0.4640771150588989,
            "Y": 0.5796196460723877
          },
          {
            "X": 0.4590698182582855,
            "Y": 0.5796113014221191
          }
        ]
      },
      "Id": "1b6f37b8-8fac-4092-a928-097edab9d323",
      "Relationships": [
        {
          "Type": "CHILD",
          "Ids": [
            "0f6761c9-78bc-4ab2-b76a-33324c1e0552"
          ]
        }
      ],
      "Page": 1
    },
    {
      "BlockType": "LINE",
      "Confidence": 99.94415283203125,
      "Text": "180",
      "Geometry": {
        "BoundingBox": {
          "Width": 0.015898700803518295,
          "Height": 0.020062843337655067,
          "Left": 0.5799124836921692,
          "Top": 0.5595043301582336
        },
        "Polygon": [
          {
            "X": 0.5799124836921692,
            "Y": 0.5595043301582336
          },
          {
            "X": 0.5952550768852234,
            "Y": 0.5595285296440125
          },
          {
            "X": 0.5958111882209778,
            "Y": 0.5795671939849854
          },
          {
            "X": 0.5804665684700012,
            "Y": 0.5795416831970215
          }
        ]
      },
      "Id": "46c68505-aef4-4d39-96e3-7540d9288a96",
      "Relationships": [
        {
          "Type": "CHILD",
          "Ids": [
            "3f8b6a17-d0ff-477c-b83b-27167bf18057"
          ]
        }
      ],
      "Page": 1
    },
    {
      "BlockType": "LINE",
      "Confidence": 99.93900299072266,
      "Text": "4",
      "Geometry": {
        "BoundingBox": {
          "Width": 0.006347614340484142,
          "Height": 0.019674763083457947,
          "Left": 0.7481399774551392,
          "Top": 0.5598244071006775
        },
        "Polygon": [
          {
            "X": 0.7481399774551392,
            "Y": 0.5598244071006775
          },
          {
            "X": 0.753921389579773,
            "Y": 0.5598335266113281
          },
          {
            "X": 0.7544875741004944,
            "Y": 0.5794991254806519
          },
          {
            "X": 0.7487054467201233,
            "Y": 0.579489529132843
          }
        ]
      },
      "Id": "bb2d16aa-f8af-4058-abd7-1e3ee6e11574",
      "Relationships": [
        {
          "Type": "CHILD",
          "Ids": [
            "a4d1798b-45ce-46fe-bb8b-896510347a1d"
          ]
        }
      ],
      "Page": 1
    },
    {
      "BlockType": "WORD",
      "Confidence": 99.98495483398438,
      "Text": "Curing",
      "TextType": "PRINTED",
      "Geometry": {
        "BoundingBox": {
          "Width": 0.029491128399968147,
          "Height": 0.02567528933286667,
          "Left": 0.1850256323814392,
          "Top": 0.4168727695941925
        },
        "Polygon": [
          {
            "X": 0.1850256323814392,
            "Y": 0.4168727695941925
          },
          {
            "X": 0.21386845409870148,
            "Y": 0.41690096259117126
          },
          {
            "X": 0.2145167589187622,
            "Y": 0.44254806637763977
          },
          {
            "X": 0.18566900491714478,
            "Y": 0.4425167441368103
          }
        ]
      },
      "Id": "a1855c03-56b7-432e-9d5c-11e9129c7224",
      "Page": 1
    },
    {
      "BlockType": "WORD",
      "Confidence": 99.92353057861328,
      "Text": "system",
      "TextType": "PRINTED",
      "Geometry": {
        "BoundingBox": {
          "Width": 0.031171303242444992,
          "Height": 0.02321789041161537,
          "Left": 0.21663707494735718,
          "Top": 0.4193553626537323
        },
        "Polygon": [
          {
            "X": 0.21663707494735718,
            "Y": 0.4193553626537323
          },
          {
            "X": 0.24721717834472656,
            "Y": 0.4193855822086334
          },
          {
            "X": 0.24780838191509247,
            "Y": 0.4425732493400574
          },
          {
            "X": 0.21722353994846344,
            "Y": 0.4425400495529175
          }
        ]
      },
      "Id": "e2320eb3-7bb0-4df2-bbd2-9662822241d6",
      "Page": 1
    },
    {
      "BlockType": "WORD",
      "Confidence": 99.98775482177734,
      "Text": "Curing",
      "TextType": "PRINTED",
      "Geometry": {
        "BoundingBox": {
          "Width": 0.02953789010643959,
          "Height": 0.025631504133343697,
          "Left": 0.3004806935787201,
          "Top": 0.4171312153339386
        },
        "Polygon": [
          {
            "X": 0.3004806935787201,
            "Y": 0.4171312153339386
          },
          {
            "X": 0.3293519914150238,
            "Y": 0.41715946793556213
          },
          {
            "X": 0.3300185799598694,
            "Y": 0.44276273250579834
          },
          {
            "X": 0.3011423647403717,
            "Y": 0.4427313506603241
          }
        ]
      },
      "Id": "ecb13efa-99bc-40b9-929d-4a8da143d042",
      "Page": 1
    },
    {
      "BlockType": "WORD",
      "Confidence": 99.64253234863281,
      "Text": "temperature",
      "TextType": "PRINTED",
      "Geometry": {
        "BoundingBox": {
          "Width": 0.05477938428521156,
          "Height": 0.023700760677456856,
          "Left": 0.33199748396873474,
          "Top": 0.41863012313842773
        },
        "Polygon": [
          {
            "X": 0.33199748396873474,
            "Y": 0.41863012313842773
          },
          {
            "X": 0.3861524164676666,
            "Y": 0.4186834394931793
          },
          {
            "X": 0.386776864528656,
            "Y": 0.44233089685440063
          },
          {
            "X": 0.33261340856552124,
            "Y": 0.4422721862792969
          }
        ]
      },
      "Id": "981e5ad7-6a88-4046-82ae-12b3f3f92efb",
      "Page": 1
    },
    {
      "BlockType": "WORD",
      "Confidence": 67.76009368896484,
      "Text": "(C)",
      "TextType": "PRINTED",
      "Geometry": {
        "BoundingBox": {
          "Width": 0.017462899908423424,
          "Height": 0.025640815496444702,
          "Left": 0.388821005821228,
          "Top": 0.4164605438709259
        },
        "Polygon": [
          {
            "X": 0.388821005821228,
            "Y": 0.4164605438709259
          },
          {
            "X": 0.40560394525527954,
            "Y": 0.41647690534591675
          },
          {
            "X": 0.4062838852405548,
            "Y": 0.4421013593673706
          },
          {
            "X": 0.3894980847835541,
            "Y": 0.4420831799507141
          }
        ]
      },
      "Id": "a87cebab-f31c-4cf2-b20d-8d593c3f43ba",
      "Page": 1
    },
    {
      "BlockType": "WORD",
      "Confidence": 99.98783874511719,
      "Text": "Curing",
      "TextType": "PRINTED",
      "Geometry": {
        "BoundingBox": {
          "Width": 0.029302041977643967,
          "Height": 0.025288956239819527,
          "Left": 0.4586203992366791,
          "Top": 0.4170996844768524
        },
        "Polygon": [
          {
            "X": 0.4586203992366791,
            "Y": 0.4170996844768524
          },
          {
            "X": 0.4872385859489441,
            "Y": 0.4171276390552521
          },
          {
            "X": 0.48792243003845215,
            "Y": 0.4423886239528656
          },
          {
            "X": 0.45929938554763794,
            "Y": 0.44235759973526
          }
        ]
      },
      "Id": "66235ac8-95ce-4227-8bc7-a90ad2f8cd0f",
      "Page": 1
    },
    {
      "BlockType": "WORD",
      "Confidence": 99.98583221435547,
      "Text": "time",
      "TextType": "PRINTED",
      "Geometry": {
        "BoundingBox": {
          "Width": 0.020583458244800568,
          "Height": 0.02050560526549816,
          "Left": 0.4900771379470825,
          "Top": 0.416963130235672
        },
        "Polygon": [
          {
            "X": 0.4900771379470825,
            "Y": 0.416963130235672
          },
          {
            "X": 0.5101029872894287,
            "Y": 0.4169827103614807
          },
          {
            "X": 0.5106605887413025,
            "Y": 0.4374687373638153
          },
          {
            "X": 0.4906320571899414,
            "Y": 0.4374474585056305
          }
        ]
      },
      "Id": "73eee67a-4c08-4304-91da-9e8f08590a1b",
      "Page": 1
    },
    {
      "BlockType": "WORD",
      "Confidence": 99.94371032714844,
      "Text": "(h)",
      "TextType": "PRINTED",
      "Geometry": {
        "BoundingBox": {
          "Width": 0.01378521416336298,
          "Height": 0.02624690532684326,
          "Left": 0.5127487778663635,
          "Top": 0.4159097373485565
        },
        "Polygon": [
          {
            "X": 0.5127487778663635,
            "Y": 0.4159097373485565
          },
          {
            "X": 0.5258171558380127,
            "Y": 0.4159224331378937
          },
          {
            "X": 0.5265339612960815,
            "Y": 0.4421566426753998
          },
          {
            "X": 0.5134633183479309,
            "Y": 0.4421424865722656
          }
        ]
      },
      "Id": "77f34495-3b40-41ac-bafb-f240fcb0ba2e",
      "Page": 1
    },
    {
      "BlockType": "WORD",
      "Confidence": 99.88046264648438,
      "Text": "Post",
      "TextType": "PRINTED",
      "Geometry": {
        "BoundingBox": {
          "Width": 0.018838845193386078,
          "Height": 0.019958797842264175,
          "Left": 0.5788756608963013,
          "Top": 0.4174289107322693
        },
        "Polygon": [
          {
            "X": 0.5788756608963013,
            "Y": 0.4174289107322693
          },
          {
            "X": 0.5971603393554688,
            "Y": 0.4174467921257019
          },
          {
            "X": 0.5977145433425903,
            "Y": 0.43738770484924316
          },
          {
            "X": 0.5794274210929871,
            "Y": 0.4373682737350464
          }
        ]
      },
      "Id": "63ff72a0-7033-41a8-8351-a55a80e9940f",
      "Page": 1
    },
    {
      "BlockType": "WORD",
      "Confidence": 99.89546203613281,
      "Text": "cure",
      "TextType": "PRINTED",
      "Geometry": {
        "BoundingBox": {
          "Width": 0.01933029107749462,
          "Height": 0.015701116994023323,
          "Left": 0.6000947952270508,
          "Top": 0.42156264185905457
        },
        "Polygon": [
          {
            "X": 0.6000947952270508,
            "Y": 0.42156264185905457
          },
          {
            "X": 0.6189870238304138,
            "Y": 0.4215814471244812
          },
          {
            "X": 0.6194250583648682,
            "Y": 0.43726375699043274
          },
          {
            "X": 0.6005308628082275,
            "Y": 0.4372437000274658
          }
        ]
      },
      "Id": "81796a13-bff1-4808-97e8-5d087f273f40",
      "Page": 1
    },
    {
      "BlockType": "WORD",
      "Confidence": 99.74191284179688,
      "Text": "temperature",
      "TextType": "PRINTED",
      "Geometry": {
        "BoundingBox": {
          "Width": 0.05486482009291649,
          "Height": 0.02327236719429493,
          "Left": 0.6216903924942017,
          "Top": 0.4189547896385193
        },
        "Polygon": [
          {
            "X": 0.6216903924942017,
            "Y": 0.4189547896385193
          },
          {
            "X": 0.6758978962898254,
            "Y": 0.41900816559791565
          },
          {
            "X": 0.6765551567077637,
            "Y": 0.44222715497016907
          },
          {
            "X": 0.6223392486572266,
            "Y": 0.4421684741973877
          }
        ]
      },
      "Id": "180c69de-6db2-4c0a-8785-87491fe85965",
      "Page": 1
    },
    {
      "BlockType": "WORD",
      "Confidence": 60.19926834106445,
      "Text": "(C)",
      "TextType": "PRINTED",
      "Geometry": {
        "BoundingBox": {
          "Width": 0.01760566234588623,
          "Height": 0.026329711079597473,
          "Left": 0.6785804629325867,
          "Top": 0.4160432815551758
        },
        "Polygon": [
          {
            "X": 0.6785804629325867,
            "Y": 0.4160432815551758
          },
          {
            "X": 0.6954378485679626,
            "Y": 0.416059672832489
          },
          {
            "X": 0.6961861252784729,
            "Y": 0.44237297773361206
          },
          {
            "X": 0.6793257594108582,
            "Y": 0.4423547387123108
          }
        ]
      },
      "Id": "64c647dd-c5e1-4e6a-859d-8e202ad94998",
      "Page": 1
    },
    {
      "BlockType": "WORD",
      "Confidence": 99.64407348632812,
      "Text": "Post",
      "TextType": "PRINTED",
      "Geometry": {
        "BoundingBox": {
          "Width": 0.018654383718967438,
          "Height": 0.019510097801685333,
          "Left": 0.7484209537506104,
          "Top": 0.41761600971221924
        },
        "Polygon": [
          {
            "X": 0.7484209537506104,
            "Y": 0.41761600971221924
          },
          {
            "X": 0.7665119171142578,
            "Y": 0.41763371229171753
          },
          {
            "X": 0.7670753002166748,
            "Y": 0.437126100063324
          },
          {
            "X": 0.7489819526672363,
            "Y": 0.4371069073677063
          }
        ]
      },
      "Id": "d16c8069-8c82-412b-b90c-6ff23e97097b",
      "Page": 1
    },
    {
      "BlockType": "WORD",
      "Confidence": 99.85076141357422,
      "Text": "cure",
      "TextType": "PRINTED",
      "Geometry": {
        "BoundingBox": {
          "Width": 0.019357722252607346,
          "Height": 0.015158353373408318,
          "Left": 0.7696362733840942,
          "Top": 0.42192691564559937
        },
        "Polygon": [
          {
            "X": 0.7696362733840942,
            "Y": 0.42192691564559937
          },
          {
            "X": 0.7885542511940002,
            "Y": 0.4219457507133484
          },
          {
            "X": 0.7889940142631531,
            "Y": 0.43708527088165283
          },
          {
            "X": 0.7700741291046143,
            "Y": 0.4370652139186859
          }
        ]
      },
      "Id": "aba35e23-024a-4b74-a30b-dbc9801c3045",
      "Page": 1
    },
    {
      "BlockType": "WORD",
      "Confidence": 99.98474884033203,
      "Text": "time",
      "TextType": "PRINTED",
      "Geometry": {
        "BoundingBox": {
          "Width": 0.02048797719180584,
          "Height": 0.020552370697259903,
          "Left": 0.7914437651634216,
          "Top": 0.4168163239955902
        },
        "Polygon": [
          {
            "X": 0.7914437651634216,
            "Y": 0.4168163239955902
          },
          {
            "X": 0.8113322854042053,
            "Y": 0.4168356955051422
          },
          {
            "X": 0.8119317293167114,
            "Y": 0.4373686909675598
          },
          {
            "X": 0.7920405268669128,
            "Y": 0.43734756112098694
          }
        ]
      },
      "Id": "751599e4-05b2-4729-9379-a830a8834236",
      "Page": 1
    },
    {
      "BlockType": "WORD",
      "Confidence": 99.95386505126953,
      "Text": "(h)",
      "TextType": "PRINTED",
      "Geometry": {
        "BoundingBox": {
          "Width": 0.01366258505731821,
          "Height": 0.025708451867103577,
          "Left": 0.8140469789505005,
          "Top": 0.4164448380470276
        },
        "Polygon": [
          {
            "X": 0.8140469789505005,
            "Y": 0.4164448380470276
          },
          {
            "X": 0.8269566893577576,
            "Y": 0.4164574146270752
          },
          {
            "X": 0.8277095556259155,
            "Y": 0.44215330481529236
          },
          {
            "X": 0.8147976398468018,
            "Y": 0.44213932752609253
          }
        ]
      },
      "Id": "dfa58c1f-0f73-42ae-8563-a0af4f73c3ce",
      "Page": 1
    },
    {
      "BlockType": "WORD",
      "Confidence": 98.476318359375,
      "Text": "PSER/m-PDA",
      "TextType": "PRINTED",
      "Geometry": {
        "BoundingBox": {
          "Width": 0.05583395063877106,
          "Height": 0.024773307144641876,
          "Left": 0.18462690711021423,
          "Top": 0.46351882815361023
        },
        "Polygon": [
          {
            "X": 0.18462690711021423,
            "Y": 0.46351882815361023
          },
          {
            "X": 0.23983226716518402,
            "Y": 0.46358364820480347
          },
          {
            "X": 0.2404608577489853,
            "Y": 0.4882921278476715
          },
          {
            "X": 0.18524640798568726,
            "Y": 0.48822152614593506
          }
        ]
      },
      "Id": "7572d69a-0b77-45a3-9fe9-999438f9e785",
      "Page": 1
    },
    {
      "BlockType": "WORD",
      "Confidence": 99.91252136230469,
      "Text": "120",
      "TextType": "PRINTED",
      "Geometry": {
        "BoundingBox": {
          "Width": 0.01613660901784897,
          "Height": 0.020036380738019943,
          "Left": 0.30123370885849,
          "Top": 0.46407538652420044
        },
        "Polygon": [
          {
            "X": 0.30123370885849,
            "Y": 0.46407538652420044
          },
          {
            "X": 0.3168509602546692,
            "Y": 0.46409374475479126
          },
          {
            "X": 0.31737032532691956,
            "Y": 0.4841117560863495
          },
          {
            "X": 0.3017510175704956,
            "Y": 0.4840920567512512
          }
        ]
      },
      "Id": "b4092450-bd2d-4050-a4b6-2a1c45125ac7",
      "Page": 1
    },
    {
      "BlockType": "WORD",
      "Confidence": 99.90576934814453,
      "Text": "3",
      "TextType": "PRINTED",
      "Geometry": {
        "BoundingBox": {
          "Width": 0.005522607360035181,
          "Height": 0.019862350076436996,
          "Left": 0.4585086703300476,
          "Top": 0.46427449584007263
        },
        "Polygon": [
          {
            "X": 0.4585086703300476,
            "Y": 0.46427449584007263
          },
          {
            "X": 0.46349701285362244,
            "Y": 0.464280366897583
          },
          {
            "X": 0.46403127908706665,
            "Y": 0.4841368496417999
          },
          {
            "X": 0.4590422809123993,
            "Y": 0.4841305613517761
          }
        ]
      },
      "Id": "70ab1b34-5e10-49d3-a8ef-878048b8ccdc",
      "Page": 1
    },
    {
      "BlockType": "WORD",
      "Confidence": 99.95457458496094,
      "Text": "150",
      "TextType": "PRINTED",
      "Geometry": {
        "BoundingBox": {
          "Width": 0.0160247590392828,
          "Height": 0.0203681830316782,
          "Left": 0.5797411203384399,
          "Top": 0.4639836251735687
        },
        "Polygon": [
          {
            "X": 0.5797411203384399,
            "Y": 0.4639836251735687
          },
          {
            "X": 0.595200777053833,
            "Y": 0.46400177478790283
          },
          {
            "X": 0.5957658886909485,
            "Y": 0.4843518137931824
          },
          {
            "X": 0.5803041458129883,
            "Y": 0.4843323230743408
          }
        ]
      },
      "Id": "fb7155b4-79b8-4e39-a811-fbfe738f76a1",
      "Page": 1
    },
    {
      "BlockType": "WORD",
      "Confidence": 99.8685302734375,
      "Text": "4",
      "TextType": "PRINTED",
      "Geometry": {
        "BoundingBox": {
          "Width": 0.00628971541300416,
          "Height": 0.019335296005010605,
          "Left": 0.7481288313865662,
          "Top": 0.46463775634765625
        },
        "Polygon": [
          {
            "X": 0.7481288313865662,
            "Y": 0.46463775634765625
          },
          {
            "X": 0.753861665725708,
            "Y": 0.46464452147483826
          },
          {
            "X": 0.7544184923171997,
            "Y": 0.48397305607795715
          },
          {
            "X": 0.7486849427223206,
            "Y": 0.48396584391593933
          }
        ]
      },
      "Id": "029361eb-6831-432e-8fc3-97efa1e3ce52",
      "Page": 1
    },
    {
      "BlockType": "WORD",
      "Confidence": 98.92752075195312,
      "Text": "TGCS/m-PDA",
      "TextType": "PRINTED",
      "Geometry": {
        "BoundingBox": {
          "Width": 0.05718865618109703,
          "Height": 0.025050243362784386,
          "Left": 0.18453150987625122,
          "Top": 0.495736688375473
        },
        "Polygon": [
          {
            "X": 0.18453150987625122,
            "Y": 0.495736688375473
          },
          {
            "X": 0.24108469486236572,
            "Y": 0.4958108067512512
          },
          {
            "X": 0.24172016978263855,
            "Y": 0.5207869410514832
          },
          {
            "X": 0.18515758216381073,
            "Y": 0.5207068920135498
          }
        ]
      },
      "Id": "b1097f48-6150-4a23-9148-eb316d48c32c",
      "Page": 1
    },
    {
      "BlockType": "WORD",
      "Confidence": 99.97792053222656,
      "Text": "150",
      "TextType": "PRINTED",
      "Geometry": {
        "BoundingBox": {
          "Width": 0.01619010604918003,
          "Height": 0.0196455679833889,
          "Left": 0.301303505897522,
          "Top": 0.4966004192829132
        },
        "Polygon": [
          {
            "X": 0.301303505897522,
            "Y": 0.4966004192829132
          },
          {
            "X": 0.31698453426361084,
            "Y": 0.4966210126876831
          },
          {
            "X": 0.31749361753463745,
            "Y": 0.51624596118927
          },
          {
            "X": 0.30181053280830383,
            "Y": 0.5162240862846375
          }
        ]
      },
      "Id": "327c62aa-4949-41a6-a9c0-201d98692989",
      "Page": 1
    },
    {
      "BlockType": "WORD",
      "Confidence": 99.89119720458984,
      "Text": "3",
      "TextType": "PRINTED",
      "Geometry": {
        "BoundingBox": {
          "Width": 0.005439472384750843,
          "Height": 0.019564040005207062,
          "Left": 0.45849505066871643,
          "Top": 0.4966304898262024
        },
        "Polygon": [
          {
            "X": 0.45849505066871643,
            "Y": 0.4966304898262024
          },
          {
            "X": 0.4634084403514862,
            "Y": 0.4966369569301605
          },
          {
            "X": 0.4639345407485962,
            "Y": 0.5161945223808289
          },
          {
            "X": 0.4590205252170563,
            "Y": 0.5161876678466797
          }
        ]
      },
      "Id": "26ab97d9-31dc-4017-9893-aa2ef5b4517f",
      "Page": 1
    },
    {
      "BlockType": "WORD",
      "Confidence": 99.9594497680664,
      "Text": "180",
      "TextType": "PRINTED",
      "Geometry": {
        "BoundingBox": {
          "Width": 0.016274739056825638,
          "Height": 0.01979820802807808,
          "Left": 0.5795918107032776,
          "Top": 0.49655961990356445
        },
        "Polygon": [
          {
            "X": 0.5795918107032776,
            "Y": 0.49655961990356445
          },
          {
            "X": 0.5953174233436584,
            "Y": 0.49658024311065674
          },
          {
            "X": 0.5958665609359741,
            "Y": 0.5163578391075134
          },
          {
            "X": 0.5801388621330261,
            "Y": 0.5163359045982361
          }
        ]
      },
      "Id": "684a12e5-9752-4ea7-b9a9-2d4b1f659d67",
      "Page": 1
    },
    {
      "BlockType": "WORD",
      "Confidence": 99.9462890625,
      "Text": "4",
      "TextType": "PRINTED",
      "Geometry": {
        "BoundingBox": {
          "Width": 0.006327784154564142,
          "Height": 0.019326310604810715,
          "Left": 0.7480500936508179,
          "Top": 0.497079461812973
        },
        "Polygon": [
          {
            "X": 0.7480500936508179,
            "Y": 0.497079461812973
          },
          {
            "X": 0.7538213729858398,
            "Y": 0.4970870316028595
          },
          {
            "X": 0.7543778419494629,
            "Y": 0.5164057612419128
          },
          {
            "X": 0.7486057877540588,
            "Y": 0.5163977146148682
          }
        ]
      },
      "Id": "6931c411-69be-44c4-b715-5b88293824bb",
      "Page": 1
    },
    {
      "BlockType": "WORD",
      "Confidence": 98.3806381225586,
      "Text": "PSER/2E4MZ",
      "TextType": "PRINTED",
      "Geometry": {
        "BoundingBox": {
          "Width": 0.0554947629570961,
          "Height": 0.024402284994721413,
          "Left": 0.18511901795864105,
          "Top": 0.5267923474311829
        },
        "Polygon": [
          {
            "X": 0.18511901795864105,
            "Y": 0.5267923474311829
          },
          {
            "X": 0.23999522626399994,
            "Y": 0.5268714427947998
          },
          {
            "X": 0.24061378836631775,
            "Y": 0.5511946678161621
          },
          {
            "X": 0.18572868406772614,
            "Y": 0.5511099100112915
          }
        ]
      },
      "Id": "effe0e0a-e601-4c18-afbb-c0cfe8ebf982",
      "Page": 1
    },
    {
      "BlockType": "WORD",
      "Confidence": 99.94091033935547,
      "Text": "120",
      "TextType": "PRINTED",
      "Geometry": {
        "BoundingBox": {
          "Width": 0.01607297733426094,
          "Height": 0.019705969840288162,
          "Left": 0.3012852668762207,
          "Top": 0.5275561213493347
        },
        "Polygon": [
          {
            "X": 0.3012852668762207,
            "Y": 0.5275561213493347
          },
          {
            "X": 0.3168477714061737,
            "Y": 0.527578592300415
          },
          {
            "X": 0.31735825538635254,
            "Y": 0.5472621321678162
          },
          {
            "X": 0.3017936944961548,
            "Y": 0.5472383499145508
          }
        ]
      },
      "Id": "3b6b437b-96bd-4d9b-bfa0-442537369412",
      "Page": 1
    },
    {
      "BlockType": "WORD",
      "Confidence": 99.72589874267578,
      "Text": "3",
      "TextType": "PRINTED",
      "Geometry": {
        "BoundingBox": {
          "Width": 0.0055681015364825726,
          "Height": 0.019656335934996605,
          "Left": 0.4585082232952118,
          "Top": 0.5275839567184448
        },
        "Polygon": [
          {
            "X": 0.4585082232952118,
            "Y": 0.5275839567184448
          },
          {
            "X": 0.46354782581329346,
            "Y": 0.5275912284851074
          },
          {
            "X": 0.46407631039619446,
            "Y": 0.5472403168678284
          },
          {
            "X": 0.4590360224246979,
            "Y": 0.5472326278686523
          }
        ]
      },
      "Id": "121be412-5f83-4d3b-ba47-4814f562b2cf",
      "Page": 1
    },
    {
      "BlockType": "WORD",
      "Confidence": 99.96760559082031,
      "Text": "150",
      "TextType": "PRINTED",
      "Geometry": {
        "BoundingBox": {
          "Width": 0.01596841774880886,
          "Height": 0.019924964755773544,
          "Left": 0.5798548460006714,
          "Top": 0.5274176001548767
        },
        "Polygon": [
          {
            "X": 0.5798548460006714,
            "Y": 0.5274176001548767
          },
          {
            "X": 0.5952708125114441,
            "Y": 0.5274398326873779
          },
          {
            "X": 0.5958232879638672,
            "Y": 0.5473425388336182
          },
          {
            "X": 0.5804052948951721,
            "Y": 0.5473190546035767
          }
        ]
      },
      "Id": "69f68faf-ef61-4d81-8285-980d73785c54",
      "Page": 1
    },
    {
      "BlockType": "WORD",
      "Confidence": 99.94215393066406,
      "Text": "4",
      "TextType": "PRINTED",
      "Geometry": {
        "BoundingBox": {
          "Width": 0.006253157742321491,
          "Height": 0.01961825229227543,
          "Left": 0.7482353448867798,
          "Top": 0.5275152921676636
        },
        "Polygon": [
          {
            "X": 0.7482353448867798,
            "Y": 0.5275152921676636
          },
          {
            "X": 0.753923773765564,
            "Y": 0.5275234580039978
          },
          {
            "X": 0.7544885277748108,
            "Y": 0.5471335649490356
          },
          {
            "X": 0.7487993836402893,
            "Y": 0.5471248626708984
          }
        ]
      },
      "Id": "1813a1ff-71c4-4ad9-aea1-8755f5734627",
      "Page": 1
    },
    {
      "BlockType": "WORD",
      "Confidence": 99.1476821899414,
      "Text": "TGCS/2E4MZ",
      "TextType": "PRINTED",
      "Geometry": {
        "BoundingBox": {
          "Width": 0.057182278484106064,
          "Height": 0.025029173120856285,
          "Left": 0.18477590382099152,
          "Top": 0.5588256120681763
        },
        "Polygon": [
          {
            "X": 0.18477590382099152,
            "Y": 0.5588256120681763
          },
          {
            "X": 0.24132385849952698,
            "Y": 0.5589147806167603
          },
          {
            "X": 0.24195818603038788,
            "Y": 0.5838547945022583
          },
          {
            "X": 0.1854008436203003,
            "Y": 0.5837596654891968
          }
        ]
      },
      "Id": "977f9fcb-0c35-4368-ba15-fc7aa78e5b7b",
      "Page": 1
    },
    {
      "BlockType": "WORD",
      "Confidence": 99.96269989013672,
      "Text": "150",
      "TextType": "PRINTED",
      "Geometry": {
        "BoundingBox": {
          "Width": 0.01605987921357155,
          "Height": 0.02028679847717285,
          "Left": 0.30130815505981445,
          "Top": 0.5592947602272034
        },
        "Polygon": [
          {
            "X": 0.30130815505981445,
            "Y": 0.5592947602272034
          },
          {
            "X": 0.3168426752090454,
            "Y": 0.559319257736206
          },
          {
            "X": 0.3173680603504181,
            "Y": 0.5795815587043762
          },
          {
            "X": 0.30183145403862,
            "Y": 0.5795556902885437
          }
        ]
      },
      "Id": "3716e6d3-9933-4bcd-a3ea-1acd0bd16f1a",
      "Page": 1
    },
    {
      "BlockType": "WORD",
      "Confidence": 99.75045013427734,
      "Text": "3",
      "TextType": "PRINTED",
      "Geometry": {
        "BoundingBox": {
          "Width": 0.005535314325243235,
          "Height": 0.019668707624077797,
          "Left": 0.4585418105125427,
          "Top": 0.5599509477615356
        },
        "Polygon": [
          {
            "X": 0.4585418105125427,
            "Y": 0.5599509477615356
          },
          {
            "X": 0.4635484516620636,
            "Y": 0.5599588751792908
          },
          {
            "X": 0.4640771150588989,
            "Y": 0.5796196460723877
          },
          {
            "X": 0.4590698182582855,
            "Y": 0.5796113014221191
          }
        ]
      },
      "Id": "0f6761c9-78bc-4ab2-b76a-33324c1e0552",
      "Page": 1
    },
    {
      "BlockType": "WORD",
      "Confidence": 99.94415283203125,
      "Text": "180",
      "TextType": "PRINTED",
      "Geometry": {
        "BoundingBox": {
          "Width": 0.015898700803518295,
          "Height": 0.020062843337655067,
          "Left": 0.5799124836921692,
          "Top": 0.5595043301582336
        },
        "Polygon": [
          {
            "X": 0.5799124836921692,
            "Y": 0.5595043301582336
          },
          {
            "X": 0.5952550768852234,
            "Y": 0.5595285296440125
          },
          {
            "X": 0.5958111882209778,
            "Y": 0.5795671939849854
          },
          {
            "X": 0.5804665684700012,
            "Y": 0.5795416831970215
          }
        ]
      },
      "Id": "3f8b6a17-d0ff-477c-b83b-27167bf18057",
      "Page": 1
    },
    {
      "BlockType": "WORD",
      "Confidence": 99.93900299072266,
      "Text": "4",
      "TextType": "PRINTED",
      "Geometry": {
        "BoundingBox": {
          "Width": 0.006347614340484142,
          "Height": 0.019674763083457947,
          "Left": 0.7481399774551392,
          "Top": 0.5598244071006775
        },
        "Polygon": [
          {
            "X": 0.7481399774551392,
            "Y": 0.5598244071006775
          },
          {
            "X": 0.753921389579773,
            "Y": 0.5598335266113281
          },
          {
            "X": 0.7544875741004944,
            "Y": 0.5794991254806519
          },
          {
            "X": 0.7487054467201233,
            "Y": 0.579489529132843
          }
        ]
      },
      "Id": "a4d1798b-45ce-46fe-bb8b-896510347a1d",
      "Page": 1
    },
    {
      "BlockType": "TABLE",
      "Confidence": 99.853515625,
      "Geometry": {
        "BoundingBox": {
          "Width": 0.680112898349762,
          "Height": 0.19532878696918488,
          "Left": 0.16755525767803192,
          "Top": 0.4028887450695038
        },
        "Polygon": [
          {
            "X": 0.16755525767803192,
            "Y": 0.4028887450695038
          },
          {
            "X": 0.8419437408447266,
            "Y": 0.4035082757472992
          },
          {
            "X": 0.8476681113243103,
            "Y": 0.5982174873352051
          },
          {
            "X": 0.17240457236766815,
            "Y": 0.5970439910888672
          }
        ]
      },
      "Id": "1a2d7d1e-8585-464a-8fdf-5946e0c2b97c",
      "Relationships": [
        {
          "Type": "CHILD",
          "Ids": [
            "4deeb06f-6a87-4326-9cce-77b6db76270b",
            "a7047658-5e0c-4509-b14e-5bf79787aa6c",
            "e617565d-27e5-4125-804e-8f67bccd0a18",
            "cd61a658-fdf7-4d6b-a90c-cb1c76b85d23",
            "6a5d1555-466b-45df-88da-3ec2bc1fb274",
            "0825ce53-6155-42cf-99b1-817ee33d7931",
            "df460b43-f73c-4471-a6a3-656ca0181f95",
            "c2fb6acf-563a-468b-909c-06f5c1ae0146",
            "b7f757a6-7b64-4ac0-bb4e-14f1506e17f7",
            "e6cb8853-e8b4-416a-84b2-52927d92ed43",
            "895a256a-8c51-4928-8087-84e4ea67cafc",
            "fba90d3e-e0e1-46e0-8a4c-aa023458e734",
            "9a123114-dd3b-499c-8666-53846b50220c",
            "bba00519-a3bf-48be-adcc-4ec4e3d49e58",
            "0881965a-8c42-45b8-90d0-642975d8ff4f",
            "070e4051-52ca-4ffc-89a2-a2519c5953b9",
            "747db4ff-c223-4020-b703-6d054e1359d6",
            "d6a41d28-6622-45eb-b561-160b4a1f5610",
            "c5707572-5b81-4d34-afbb-1720ee6a866b",
            "ba294fc7-3c0f-4caf-b8a7-41e185383a37",
            "2ae0d5b4-8403-4539-9c3d-d23968f4186c",
            "b47334a9-0dcc-4fce-a53e-de61ff346046",
            "4aa2f846-ab72-4907-a68d-e4e07df771cb",
            "52e6c39d-516d-4aed-ae58-a243a7e657be",
            "b599960c-77ce-4495-b447-46eb2bc13aff"
          ]
        }
      ],
      "EntityTypes": [
        "STRUCTURED_TABLE"
      ],
      "Page": 1
    },
    {
      "BlockType": "CELL",
      "Confidence": 88.720703125,
      "RowIndex": 1,
      "ColumnIndex": 1,
      "RowSpan": 1,
      "ColumnSpan": 1,
      "Geometry": {
        "BoundingBox": {
          "Width": 0.10878127068281174,
          "Height": 0.0478224940598011,
          "Left": 0.16755525767803192,
          "Top": 0.4028887450695038
        },
        "Polygon": [
          {
            "X": 0.16755525767803192,
            "Y": 0.4028887450695038
          },
          {
            "X": 0.2751109004020691,
            "Y": 0.402987539768219
          },
          {
            "X": 0.27633652091026306,
            "Y": 0.4507112205028534
          },
          {
            "X": 0.1687466949224472,
            "Y": 0.45059072971343994
          }
        ]
      },
      "Id": "4deeb06f-6a87-4326-9cce-77b6db76270b",
      "Relationships": [
        {
          "Type": "CHILD",
          "Ids": [
            "a1855c03-56b7-432e-9d5c-11e9129c7224",
            "e2320eb3-7bb0-4df2-bbd2-9662822241d6"
          ]
        }
      ],
      "EntityTypes": [
        "COLUMN_HEADER"
      ],
      "Page": 1
    },
    {
      "BlockType": "CELL",
      "Confidence": 93.26171875,
      "RowIndex": 1,
      "ColumnIndex": 2,
      "RowSpan": 1,
      "ColumnSpan": 1,
      "Geometry": {
        "BoundingBox": {
          "Width": 0.16157357394695282,
          "Height": 0.047903262078762054,
          "Left": 0.2751109004020691,
          "Top": 0.402987539768219
        },
        "Polygon": [
          {
            "X": 0.2751109004020691,
            "Y": 0.402987539768219
          },
          {
            "X": 0.435407817363739,
            "Y": 0.4031347930431366
          },
          {
            "X": 0.4366844892501831,
            "Y": 0.45089080929756165
          },
          {
            "X": 0.27633652091026306,
            "Y": 0.4507112205028534
          }
        ]
      },
      "Id": "a7047658-5e0c-4509-b14e-5bf79787aa6c",
      "Relationships": [
        {
          "Type": "CHILD",
          "Ids": [
            "ecb13efa-99bc-40b9-929d-4a8da143d042",
            "981e5ad7-6a88-4046-82ae-12b3f3f92efb",
            "a87cebab-f31c-4cf2-b20d-8d593c3f43ba"
          ]
        }
      ],
      "EntityTypes": [
        "COLUMN_HEADER"
      ],
      "Page": 1
    },
    {
      "BlockType": "CELL",
      "Confidence": 90.234375,
      "RowIndex": 1,
      "ColumnIndex": 3,
      "RowSpan": 1,
      "ColumnSpan": 1,
      "Geometry": {
        "BoundingBox": {
          "Width": 0.12129514664411545,
          "Height": 0.04789041727781296,
          "Left": 0.435407817363739,
          "Top": 0.4031347930431366
        },
        "Polygon": [
          {
            "X": 0.435407817363739,
            "Y": 0.4031347930431366
          },
          {
            "X": 0.5553880333900452,
            "Y": 0.4032450318336487
          },
          {
            "X": 0.5567029714584351,
            "Y": 0.45102521777153015
          },
          {
            "X": 0.4366844892501831,
            "Y": 0.45089080929756165
          }
        ]
      },
      "Id": "e617565d-27e5-4125-804e-8f67bccd0a18",
      "Relationships": [
        {
          "Type": "CHILD",
          "Ids": [
            "66235ac8-95ce-4227-8bc7-a90ad2f8cd0f",
            "73eee67a-4c08-4304-91da-9e8f08590a1b",
            "77f34495-3b40-41ac-bafb-f240fcb0ba2e"
          ]
        }
      ],
      "EntityTypes": [
        "COLUMN_HEADER"
      ],
      "Page": 1
    },
    {
      "BlockType": "CELL",
      "Confidence": 93.896484375,
      "RowIndex": 1,
      "ColumnIndex": 4,
      "RowSpan": 1,
      "ColumnSpan": 1,
      "Geometry": {
        "BoundingBox": {
          "Width": 0.16872268915176392,
          "Height": 0.04796767979860306,
          "Left": 0.5553880333900452,
          "Top": 0.4032450318336487
        },
        "Polygon": [
          {
            "X": 0.5553880333900452,
            "Y": 0.4032450318336487
          },
          {
            "X": 0.7227423787117004,
            "Y": 0.4033987820148468
          },
          {
            "X": 0.7241107225418091,
            "Y": 0.45121270418167114
          },
          {
            "X": 0.5567029714584351,
            "Y": 0.45102521777153015
          }
        ]
      },
      "Id": "cd61a658-fdf7-4d6b-a90c-cb1c76b85d23",
      "Relationships": [
        {
          "Type": "CHILD",
          "Ids": [
            "63ff72a0-7033-41a8-8351-a55a80e9940f",
            "81796a13-bff1-4808-97e8-5d087f273f40",
            "180c69de-6db2-4c0a-8785-87491fe85965",
            "64c647dd-c5e1-4e6a-859d-8e202ad94998"
          ]
        }
      ],
      "EntityTypes": [
        "COLUMN_HEADER"
      ],
      "Page": 1
    },
    {
      "BlockType": "CELL",
      "Confidence": 89.35546875,
      "RowIndex": 1,
      "ColumnIndex": 5,
      "RowSpan": 1,
      "ColumnSpan": 1,
      "Geometry": {
        "BoundingBox": {
          "Width": 0.12060777097940445,
          "Height": 0.0479474775493145,
          "Left": 0.7227423787117004,
          "Top": 0.4033987820148468
        },
        "Polygon": [
          {
            "X": 0.7227423787117004,
            "Y": 0.4033987820148468
          },
          {
            "X": 0.8419437408447266,
            "Y": 0.4035082757472992
          },
          {
            "X": 0.8433501720428467,
            "Y": 0.4513462483882904
          },
          {
            "X": 0.7241107225418091,
            "Y": 0.45121270418167114
          }
        ]
      },
      "Id": "6a5d1555-466b-45df-88da-3ec2bc1fb274",
      "Relationships": [
        {
          "Type": "CHILD",
          "Ids": [
            "d16c8069-8c82-412b-b90c-6ff23e97097b",
            "aba35e23-024a-4b74-a30b-dbc9801c3045",
            "751599e4-05b2-4729-9379-a830a8834236",
            "dfa58c1f-0f73-42ae-8563-a0af4f73c3ce"
          ]
        }
      ],
      "EntityTypes": [
        "COLUMN_HEADER"
      ],
      "Page": 1
    },
    {
      "BlockType": "CELL",
      "Confidence": 84.27734375,
      "RowIndex": 2,
      "ColumnIndex": 1,
      "RowSpan": 1,
      "ColumnSpan": 1,
      "Geometry": {
        "BoundingBox": {
          "Width": 0.10861796885728836,
          "Height": 0.04015359655022621,
          "Left": 0.1687466949224472,
          "Top": 0.45059072971343994
        },
        "Polygon": [
          {
            "X": 0.1687466949224472,
            "Y": 0.45059072971343994
          },
          {
            "X": 0.27633652091026306,
            "Y": 0.4507112205028534
          },
          {
            "X": 0.27736467123031616,
            "Y": 0.49074432253837585
          },
          {
            "X": 0.16974611580371857,
            "Y": 0.4906056225299835
          }
        ]
      },
      "Id": "0825ce53-6155-42cf-99b1-817ee33d7931",
      "Relationships": [
        {
          "Type": "CHILD",
          "Ids": [
            "7572d69a-0b77-45a3-9fe9-999438f9e785"
          ]
        }
      ],
      "Page": 1
    },
    {
      "BlockType": "CELL",
      "Confidence": 88.57421875,
      "RowIndex": 2,
      "ColumnIndex": 2,
      "RowSpan": 1,
      "ColumnSpan": 1,
      "Geometry": {
        "BoundingBox": {
          "Width": 0.1614188849925995,
          "Height": 0.04023980721831322,
          "Left": 0.27633652091026306,
          "Top": 0.4507112205028534
        },
        "Polygon": [
          {
            "X": 0.27633652091026306,
            "Y": 0.4507112205028534
          },
          {
            "X": 0.4366844892501831,
            "Y": 0.45089080929756165
          },
          {
            "X": 0.43775540590286255,
            "Y": 0.4909510314464569
          },
          {
            "X": 0.27736467123031616,
            "Y": 0.49074432253837585
          }
        ]
      },
      "Id": "df460b43-f73c-4471-a6a3-656ca0181f95",
      "Relationships": [
        {
          "Type": "CHILD",
          "Ids": [
            "b4092450-bd2d-4050-a4b6-2a1c45125ac7"
          ]
        }
      ],
      "Page": 1
    },
    {
      "BlockType": "CELL",
      "Confidence": 85.693359375,
      "RowIndex": 2,
      "ColumnIndex": 3,
      "RowSpan": 1,
      "ColumnSpan": 1,
      "Geometry": {
        "BoundingBox": {
          "Width": 0.12112150341272354,
          "Height": 0.04021494463086128,
          "Left": 0.4366844892501831,
          "Top": 0.45089080929756165
        },
        "Polygon": [
          {
            "X": 0.4366844892501831,
            "Y": 0.45089080929756165
          },
          {
            "X": 0.5567029714584351,
            "Y": 0.45102521777153015
          },
          {
            "X": 0.5578059554100037,
            "Y": 0.4911057651042938
          },
          {
            "X": 0.43775540590286255,
            "Y": 0.4909510314464569
          }
        ]
      },
      "Id": "c2fb6acf-563a-468b-909c-06f5c1ae0146",
      "Relationships": [
        {
          "Type": "CHILD",
          "Ids": [
            "70ab1b34-5e10-49d3-a8ef-878048b8ccdc"
          ]
        }
      ],
      "Page": 1
    },
    {
      "BlockType": "CELL",
      "Confidence": 89.208984375,
      "RowIndex": 2,
      "ColumnIndex": 4,
      "RowSpan": 1,
      "ColumnSpan": 1,
      "Geometry": {
        "BoundingBox": {
          "Width": 0.1685556024312973,
          "Height": 0.04029633849859238,
          "Left": 0.5567029714584351,
          "Top": 0.45102521777153015
        },
        "Polygon": [
          {
            "X": 0.5567029714584351,
            "Y": 0.45102521777153015
          },
          {
            "X": 0.7241107225418091,
            "Y": 0.45121270418167114
          },
          {
            "X": 0.7252585291862488,
            "Y": 0.4913215637207031
          },
          {
            "X": 0.5578059554100037,
            "Y": 0.4911057651042938
          }
        ]
      },
      "Id": "b7f757a6-7b64-4ac0-bb4e-14f1506e17f7",
      "Relationships": [
        {
          "Type": "CHILD",
          "Ids": [
            "fb7155b4-79b8-4e39-a811-fbfe738f76a1"
          ]
        }
      ],
      "Page": 1
    },
    {
      "BlockType": "CELL",
      "Confidence": 84.912109375,
      "RowIndex": 2,
      "ColumnIndex": 5,
      "RowSpan": 1,
      "ColumnSpan": 1,
      "Geometry": {
        "BoundingBox": {
          "Width": 0.1204192191362381,
          "Height": 0.04026256501674652,
          "Left": 0.7241107225418091,
          "Top": 0.45121270418167114
        },
        "Polygon": [
          {
            "X": 0.7241107225418091,
            "Y": 0.45121270418167114
          },
          {
            "X": 0.8433501720428467,
            "Y": 0.4513462483882904
          },
          {
            "X": 0.844529926776886,
            "Y": 0.49147528409957886
          },
          {
            "X": 0.7252585291862488,
            "Y": 0.4913215637207031
          }
        ]
      },
      "Id": "e6cb8853-e8b4-416a-84b2-52927d92ed43",
      "Relationships": [
        {
          "Type": "CHILD",
          "Ids": [
            "029361eb-6831-432e-8fc3-97efa1e3ce52"
          ]
        }
      ],
      "Page": 1
    },
    {
      "BlockType": "CELL",
      "Confidence": 82.275390625,
      "RowIndex": 3,
      "ColumnIndex": 1,
      "RowSpan": 1,
      "ColumnSpan": 1,
      "Geometry": {
        "BoundingBox": {
          "Width": 0.10844143480062485,
          "Height": 0.032180313020944595,
          "Left": 0.16974611580371857,
          "Top": 0.4906056225299835
        },
        "Polygon": [
          {
            "X": 0.16974611580371857,
            "Y": 0.4906056225299835
          },
          {
            "X": 0.27736467123031616,
            "Y": 0.49074432253837585
          },
          {
            "X": 0.2781875431537628,
            "Y": 0.5227859616279602
          },
          {
            "X": 0.1705460399389267,
            "Y": 0.5226326584815979
          }
        ]
      },
      "Id": "895a256a-8c51-4928-8087-84e4ea67cafc",
      "Relationships": [
        {
          "Type": "CHILD",
          "Ids": [
            "b1097f48-6150-4a23-9148-eb316d48c32c"
          ]
        }
      ],
      "Page": 1
    },
    {
      "BlockType": "CELL",
      "Confidence": 86.474609375,
      "RowIndex": 3,
      "ColumnIndex": 2,
      "RowSpan": 1,
      "ColumnSpan": 1,
      "Geometry": {
        "BoundingBox": {
          "Width": 0.16124790906906128,
          "Height": 0.03227004408836365,
          "Left": 0.27736467123031616,
          "Top": 0.49074432253837585
        },
        "Polygon": [
          {
            "X": 0.27736467123031616,
            "Y": 0.49074432253837585
          },
          {
            "X": 0.43775540590286255,
            "Y": 0.4909510314464569
          },
          {
            "X": 0.43861258029937744,
            "Y": 0.5230143666267395
          },
          {
            "X": 0.2781875431537628,
            "Y": 0.5227859616279602
          }
        ]
      },
      "Id": "fba90d3e-e0e1-46e0-8a4c-aa023458e734",
      "Relationships": [
        {
          "Type": "CHILD",
          "Ids": [
            "327c62aa-4949-41a6-a9c0-201d98692989"
          ]
        }
      ],
      "Page": 1
    },
    {
      "BlockType": "CELL",
      "Confidence": 83.69140625,
      "RowIndex": 3,
      "ColumnIndex": 3,
      "RowSpan": 1,
      "ColumnSpan": 1,
      "Geometry": {
        "BoundingBox": {
          "Width": 0.120933398604393,
          "Height": 0.0322343148291111,
          "Left": 0.43775540590286255,
          "Top": 0.4909510314464569
        },
        "Polygon": [
          {
            "X": 0.43775540590286255,
            "Y": 0.4909510314464569
          },
          {
            "X": 0.5578059554100037,
            "Y": 0.4911057651042938
          },
          {
            "X": 0.5586888194084167,
            "Y": 0.5231853723526001
          },
          {
            "X": 0.43861258029937744,
            "Y": 0.5230143666267395
          }
        ]
      },
      "Id": "9a123114-dd3b-499c-8666-53846b50220c",
      "Relationships": [
        {
          "Type": "CHILD",
          "Ids": [
            "26ab97d9-31dc-4017-9893-aa2ef5b4517f"
          ]
        }
      ],
      "Page": 1
    },
    {
      "BlockType": "CELL",
      "Confidence": 87.060546875,
      "RowIndex": 3,
      "ColumnIndex": 4,
      "RowSpan": 1,
      "ColumnSpan": 1,
      "Geometry": {
        "BoundingBox": {
          "Width": 0.1683712750673294,
          "Height": 0.032318081706762314,
          "Left": 0.5578059554100037,
          "Top": 0.4911057651042938
        },
        "Polygon": [
          {
            "X": 0.5578059554100037,
            "Y": 0.4911057651042938
          },
          {
            "X": 0.7252585291862488,
            "Y": 0.4913215637207031
          },
          {
            "X": 0.7261772751808167,
            "Y": 0.5234238505363464
          },
          {
            "X": 0.5586888194084167,
            "Y": 0.5231853723526001
          }
        ]
      },
      "Id": "bba00519-a3bf-48be-adcc-4ec4e3d49e58",
      "Relationships": [
        {
          "Type": "CHILD",
          "Ids": [
            "684a12e5-9752-4ea7-b9a9-2d4b1f659d67"
          ]
        }
      ],
      "Page": 1
    },
    {
      "BlockType": "CELL",
      "Confidence": 82.861328125,
      "RowIndex": 3,
      "ColumnIndex": 5,
      "RowSpan": 1,
      "ColumnSpan": 1,
      "Geometry": {
        "BoundingBox": {
          "Width": 0.12021566182374954,
          "Height": 0.03227214142680168,
          "Left": 0.7252585291862488,
          "Top": 0.4913215637207031
        },
        "Polygon": [
          {
            "X": 0.7252585291862488,
            "Y": 0.4913215637207031
          },
          {
            "X": 0.844529926776886,
            "Y": 0.49147528409957886
          },
          {
            "X": 0.8454742431640625,
            "Y": 0.5235937237739563
          },
          {
            "X": 0.7261772751808167,
            "Y": 0.5234238505363464
          }
        ]
      },
      "Id": "0881965a-8c42-45b8-90d0-642975d8ff4f",
      "Relationships": [
        {
          "Type": "CHILD",
          "Ids": [
            "6931c411-69be-44c4-b715-5b88293824bb"
          ]
        }
      ],
      "Page": 1
    },
    {
      "BlockType": "CELL",
      "Confidence": 79.39453125,
      "RowIndex": 4,
      "ColumnIndex": 1,
      "RowSpan": 1,
      "ColumnSpan": 1,
      "Geometry": {
        "BoundingBox": {
          "Width": 0.10846474766731262,
          "Height": 0.03220834955573082,
          "Left": 0.1705460399389267,
          "Top": 0.5226326584815979
        },
        "Polygon": [
          {
            "X": 0.1705460399389267,
            "Y": 0.5226326584815979
          },
          {
            "X": 0.2781875431537628,
            "Y": 0.5227859616279602
          },
          {
            "X": 0.2790107727050781,
            "Y": 0.5548410415649414
          },
          {
            "X": 0.1713462918996811,
            "Y": 0.5546731948852539
          }
        ]
      },
      "Id": "070e4051-52ca-4ffc-89a2-a2519c5953b9",
      "Relationships": [
        {
          "Type": "CHILD",
          "Ids": [
            "effe0e0a-e601-4c18-afbb-c0cfe8ebf982"
          ]
        }
      ],
      "Page": 1
    },
    {
      "BlockType": "CELL",
      "Confidence": 83.447265625,
      "RowIndex": 4,
      "ColumnIndex": 2,
      "RowSpan": 1,
      "ColumnSpan": 1,
      "Geometry": {
        "BoundingBox": {
          "Width": 0.16128253936767578,
          "Height": 0.03230524808168411,
          "Left": 0.2781875431537628,
          "Top": 0.5227859616279602
        },
        "Polygon": [
          {
            "X": 0.2781875431537628,
            "Y": 0.5227859616279602
          },
          {
            "X": 0.43861258029937744,
            "Y": 0.5230143666267395
          },
          {
            "X": 0.4394700825214386,
            "Y": 0.5550912022590637
          },
          {
            "X": 0.2790107727050781,
            "Y": 0.5548410415649414
          }
        ]
      },
      "Id": "747db4ff-c223-4020-b703-6d054e1359d6",
      "Relationships": [
        {
          "Type": "CHILD",
          "Ids": [
            "3b6b437b-96bd-4d9b-bfa0-442537369412"
          ]
        }
      ],
      "Page": 1
    },
    {
      "BlockType": "CELL",
      "Confidence": 80.712890625,
      "RowIndex": 4,
      "ColumnIndex": 3,
      "RowSpan": 1,
      "ColumnSpan": 1,
      "Geometry": {
        "BoundingBox": {
          "Width": 0.12095944583415985,
          "Height": 0.032264068722724915,
          "Left": 0.43861258029937744,
          "Top": 0.5230143666267395
        },
        "Polygon": [
          {
            "X": 0.43861258029937744,
            "Y": 0.5230143666267395
          },
          {
            "X": 0.5586888194084167,
            "Y": 0.5231853723526001
          },
          {
            "X": 0.5595720410346985,
            "Y": 0.5552784204483032
          },
          {
            "X": 0.4394700825214386,
            "Y": 0.5550912022590637
          }
        ]
      },
      "Id": "d6a41d28-6622-45eb-b561-160b4a1f5610",
      "Relationships": [
        {
          "Type": "CHILD",
          "Ids": [
            "121be412-5f83-4d3b-ba47-4814f562b2cf"
          ]
        }
      ],
      "Page": 1
    },
    {
      "BlockType": "CELL",
      "Confidence": 84.033203125,
      "RowIndex": 4,
      "ColumnIndex": 4,
      "RowSpan": 1,
      "ColumnSpan": 1,
      "Geometry": {
        "BoundingBox": {
          "Width": 0.16840752959251404,
          "Height": 0.03235427290201187,
          "Left": 0.5586888194084167,
          "Top": 0.5231853723526001
        },
        "Polygon": [
          {
            "X": 0.5586888194084167,
            "Y": 0.5231853723526001
          },
          {
            "X": 0.7261772751808167,
            "Y": 0.5234238505363464
          },
          {
            "X": 0.7270963191986084,
            "Y": 0.555539608001709
          },
          {
            "X": 0.5595720410346985,
            "Y": 0.5552784204483032
          }
        ]
      },
      "Id": "c5707572-5b81-4d34-afbb-1720ee6a866b",
      "Relationships": [
        {
          "Type": "CHILD",
          "Ids": [
            "69f68faf-ef61-4d81-8285-980d73785c54"
          ]
        }
      ],
      "Page": 1
    },
    {
      "BlockType": "CELL",
      "Confidence": 79.98046875,
      "RowIndex": 4,
      "ColumnIndex": 5,
      "RowSpan": 1,
      "ColumnSpan": 1,
      "Geometry": {
        "BoundingBox": {
          "Width": 0.12024163454771042,
          "Height": 0.03230182081460953,
          "Left": 0.7261772751808167,
          "Top": 0.5234238505363464
        },
        "Polygon": [
          {
            "X": 0.7261772751808167,
            "Y": 0.5234238505363464
          },
          {
            "X": 0.8454742431640625,
            "Y": 0.5235937237739563
          },
          {
            "X": 0.8464189171791077,
            "Y": 0.555725634098053
          },
          {
            "X": 0.7270963191986084,
            "Y": 0.555539608001709
          }
        ]
      },
      "Id": "ba294fc7-3c0f-4caf-b8a7-41e185383a37",
      "Relationships": [
        {
          "Type": "CHILD",
          "Ids": [
            "1813a1ff-71c4-4ad9-aea1-8755f5734627"
          ]
        }
      ],
      "Page": 1
    },
    {
      "BlockType": "CELL",
      "Confidence": 88.330078125,
      "RowIndex": 5,
      "ColumnIndex": 1,
      "RowSpan": 1,
      "ColumnSpan": 1,
      "Geometry": {
        "BoundingBox": {
          "Width": 0.10875314474105835,
          "Height": 0.04255800321698189,
          "Left": 0.1713462918996811,
          "Top": 0.5546731948852539
        },
        "Polygon": [
          {
            "X": 0.1713462918996811,
            "Y": 0.5546731948852539
          },
          {
            "X": 0.2790107727050781,
            "Y": 0.5548410415649414
          },
          {
            "X": 0.28009945154190063,
            "Y": 0.5972311496734619
          },
          {
            "X": 0.17240457236766815,
            "Y": 0.5970439910888672
          }
        ]
      },
      "Id": "2ae0d5b4-8403-4539-9c3d-d23968f4186c",
      "Relationships": [
        {
          "Type": "CHILD",
          "Ids": [
            "977f9fcb-0c35-4368-ba15-fc7aa78e5b7b"
          ]
        }
      ],
      "Page": 1
    },
    {
      "BlockType": "CELL",
      "Confidence": 92.919921875,
      "RowIndex": 5,
      "ColumnIndex": 2,
      "RowSpan": 1,
      "ColumnSpan": 1,
      "Geometry": {
        "BoundingBox": {
          "Width": 0.16159330308437347,
          "Height": 0.04266907647252083,
          "Left": 0.2790107727050781,
          "Top": 0.5548410415649414
        },
        "Polygon": [
          {
            "X": 0.2790107727050781,
            "Y": 0.5548410415649414
          },
          {
            "X": 0.4394700825214386,
            "Y": 0.5550912022590637
          },
          {
            "X": 0.4406040906906128,
            "Y": 0.5975100994110107
          },
          {
            "X": 0.28009945154190063,
            "Y": 0.5972311496734619
          }
        ]
      },
      "Id": "b47334a9-0dcc-4fce-a53e-de61ff346046",
      "Relationships": [
        {
          "Type": "CHILD",
          "Ids": [
            "3716e6d3-9933-4bcd-a3ea-1acd0bd16f1a"
          ]
        }
      ],
      "Page": 1
    },
    {
      "BlockType": "CELL",
      "Confidence": 89.84375,
      "RowIndex": 5,
      "ColumnIndex": 3,
      "RowSpan": 1,
      "ColumnSpan": 1,
      "Geometry": {
        "BoundingBox": {
          "Width": 0.12126989662647247,
          "Height": 0.042627688497304916,
          "Left": 0.4394700825214386,
          "Top": 0.5550912022590637
        },
        "Polygon": [
          {
            "X": 0.4394700825214386,
            "Y": 0.5550912022590637
          },
          {
            "X": 0.5595720410346985,
            "Y": 0.5552784204483032
          },
          {
            "X": 0.5607399940490723,
            "Y": 0.5977188944816589
          },
          {
            "X": 0.4406040906906128,
            "Y": 0.5975100994110107
          }
        ]
      },
      "Id": "4aa2f846-ab72-4907-a68d-e4e07df771cb",
      "Relationships": [
        {
          "Type": "CHILD",
          "Ids": [
            "0f6761c9-78bc-4ab2-b76a-33324c1e0552"
          ]
        }
      ],
      "Page": 1
    },
    {
      "BlockType": "CELL",
      "Confidence": 93.505859375,
      "RowIndex": 5,
      "ColumnIndex": 4,
      "RowSpan": 1,
      "ColumnSpan": 1,
      "Geometry": {
        "BoundingBox": {
          "Width": 0.16873973608016968,
          "Height": 0.04273165017366409,
          "Left": 0.5595720410346985,
          "Top": 0.5552784204483032
        },
        "Polygon": [
          {
            "X": 0.5595720410346985,
            "Y": 0.5552784204483032
          },
          {
            "X": 0.7270963191986084,
            "Y": 0.555539608001709
          },
          {
            "X": 0.7283117771148682,
            "Y": 0.5980100631713867
          },
          {
            "X": 0.5607399940490723,
            "Y": 0.5977188944816589
          }
        ]
      },
      "Id": "52e6c39d-516d-4aed-ae58-a243a7e657be",
      "Relationships": [
        {
          "Type": "CHILD",
          "Ids": [
            "3f8b6a17-d0ff-477c-b83b-27167bf18057"
          ]
        }
      ],
      "Page": 1
    },
    {
      "BlockType": "CELL",
      "Confidence": 89.013671875,
      "RowIndex": 5,
      "ColumnIndex": 5,
      "RowSpan": 1,
      "ColumnSpan": 1,
      "Geometry": {
        "BoundingBox": {
          "Width": 0.1205717995762825,
          "Height": 0.04267789050936699,
          "Left": 0.7270963191986084,
          "Top": 0.555539608001709
        },
        "Polygon": [
          {
            "X": 0.7270963191986084,
            "Y": 0.555539608001709
          },
          {
            "X": 0.8464189171791077,
            "Y": 0.555725634098053
          },
          {
            "X": 0.8476681113243103,
            "Y": 0.5982174873352051
          },
          {
            "X": 0.7283117771148682,
            "Y": 0.5980100631713867
          }
        ]
      },
      "Id": "b599960c-77ce-4495-b447-46eb2bc13aff",
      "Relationships": [
        {
          "Type": "CHILD",
          "Ids": [
            "a4d1798b-45ce-46fe-bb8b-896510347a1d"
          ]
        }
      ],
      "Page": 1
    }
  ],
  "AnalyzeDocumentModelVersion": "1.0"
}