{
  "DocumentMetadata": {
    "Pages": 1
  },
  "JobStatus": "SUCCEEDED",
  "Blocks": [
    {
      "BlockType": "PAGE",
      "Geometry": {
        "BoundingBox": {
          "Width": 0.5517579317092896,
          "Height": 0.3132791519165039,
          "Left": 0.22824670374393463,
          "Top": 0.32450956106185913
        },
        "Polygon": [
          {
            "X": 0.22824670374393463,
            "Y": 0.32450956106185913
          },
          {
            "X": 0.7769393920898438,
            "Y": 0.32461366057395935
          },
          {
            "X": 0.7800046801567078,
            "Y": 0.637788712978363
          },
          {
            "X": 0.22940263152122498,
            "Y": 0.6374838948249817
          }
        ]
      },
      "Id": "02465f9a-deed-4a15-b5f2-e066ac77b2a6",
      "Relationships": [
        {
          "Type": "CHILD",
          "Ids": [
            "7e754d18-9ef6-48ac-8f1e-a418ff6e9495",
            "4efc3159-3461-4d03-a435-f27b14f1be56",
            "86a1a450-b096-4291-a5ff-5ab30e70a475",
            "9ad35a15-3151-45b1-a880-b12cd2450b5e",
            "35374fdd-9ea9-4c1a-bd6b-220fad1c73cb",
            "afd823df-defc-498e-b420-c8225dcee175",
            "a54b42b2-8d59-4c80-b937-771c91cefaec",
            "af386378-016e-4e8f-9a1c-21474e13bce3",
            "f0032411-f33b-4832-939e-be0f213a5c0e",
            "dcfe9248-3671-4bea-b458-590a3a372bb6",
            "c318086c-7e14-4dec-a27c-024b02c8047c",
            "4f50f225-e8c0-4a3a-be4b-62a48a6f1ed7",
            "8a4674e3-e81e-464e-9b12-7fe4e7013aef",
            "10ac6454-c0a7-4fc4-9024-33d447f88c1b",
            "0882a5a0-26d0-4515-a447-50e40b280196",
            "ddefd277-09f6-4b7e-858b-e9cbc42235ba",
            "b4a4be95-7fa4-42a3-914e-790fe57a85ee",
            "a07c1b6a-6ec5-41f4-89ef-46a12ac8967c",
            "61e6f2cc-b861-478c-b975-5535e6a75497"
          ]
        }
      ],
      "Page": 1
    },
    {
      "BlockType": "LINE",
      "Confidence": 99.9464111328125,
      "Text": "Sample name",
      "Geometry": {
        "BoundingBox": {
          "Width": 0.08237579464912415,
          "Height": 0.022731579840183258,
          "Left": 0.25328975915908813,
          "Top": 0.40450769662857056
        },
        "Polygon": [
          {
            "X": 0.25328975915908813,
            "Y": 0.40450769662857056
          },
          {
            "X": 0.33555471897125244,
            "Y": 0.40453094244003296
          },
          {
            "X": 0.3356655538082123,
            "Y": 0.4272392690181732
          },
          {
            "X": 0.2533798813819885,
            "Y": 0.4272138476371765
          }
        ]
      },
      "Id": "7e754d18-9ef6-48ac-8f1e-a418ff6e9495",
      "Relationships": [
        {
          "Type": "CHILD",
          "Ids": [
            "58106e52-ece8-4a4e-b406-a82880a04181",
            "4eb7994f-8bc3-4103-877d-ab7128131a28"
          ]
        }
      ],
      "Page": 1
    },
    {
      "BlockType": "LINE",
      "Confidence": 85.85431671142578,
      "Text": "Tg (C)",
      "Geometry": {
        "BoundingBox": {
          "Width": 0.039897799491882324,
          "Height": 0.025101441890001297,
          "Left": 0.5158718824386597,
          "Top": 0.4044547379016876
        },
        "Polygon": [
          {
            "X": 0.5158718824386597,
            "Y": 0.4044547379016876
          },
          {
            "X": 0.5555859804153442,
            "Y": 0.4044659733772278
          },
          {
            "X": 0.555769681930542,
            "Y": 0.4295561909675598
          },
          {
            "X": 0.516044557094574,
            "Y": 0.42954379320144653
          }
        ]
      },
      "Id": "4efc3159-3461-4d03-a435-f27b14f1be56",
      "Relationships": [
        {
          "Type": "CHILD",
          "Ids": [
            "1086bfa3-bcc8-445d-a290-3851c6168df2",
            "1b284dc8-5994-4f4a-a718-e8f7e7b82379"
          ]
        }
      ],
      "Page": 1
    },
    {
      "BlockType": "LINE",
      "Confidence": 97.13065338134766,
      "Text": "tan 8",
      "Geometry": {
        "BoundingBox": {
          "Width": 0.031244084239006042,
          "Height": 0.018644826486706734,
          "Left": 0.7362126708030701,
          "Top": 0.4042072892189026
        },
        "Polygon": [
          {
            "X": 0.7362126708030701,
            "Y": 0.4042072892189026
          },
          {
            "X": 0.7672765254974365,
            "Y": 0.40421608090400696
          },
          {
            "X": 0.7674567699432373,
            "Y": 0.42285212874412537
          },
          {
            "X": 0.7363864779472351,
            "Y": 0.42284268140792847
          }
        ]
      },
      "Id": "86a1a450-b096-4291-a5ff-5ab30e70a475",
      "Relationships": [
        {
          "Type": "CHILD",
          "Ids": [
            "2839d7b1-8983-4c67-8b5b-0d00af97b7b4",
            "e9a90def-97a7-472f-ab5f-f1e4906c7e48"
          ]
        }
      ],
      "Page": 1
    },
    {
      "BlockType": "LINE",
      "Confidence": 99.32502746582031,
      "Text": "EAPDMS-1",
      "Geometry": {
        "BoundingBox": {
          "Width": 0.0651511624455452,
          "Height": 0.01726999506354332,
          "Left": 0.2533724009990692,
          "Top": 0.46354570984840393
        },
        "Polygon": [
          {
            "X": 0.2533724009990692,
            "Y": 0.46354570984840393
          },
          {
            "X": 0.318442702293396,
            "Y": 0.4635685682296753
          },
          {
            "X": 0.3185235559940338,
            "Y": 0.48081570863723755
          },
          {
            "X": 0.253440797328949,
            "Y": 0.48079153895378113
          }
        ]
      },
      "Id": "9ad35a15-3151-45b1-a880-b12cd2450b5e",
      "Relationships": [
        {
          "Type": "CHILD",
          "Ids": [
            "ffc6f78e-dc95-49c2-ab94-87ef18a82a22"
          ]
        }
      ],
      "Page": 1
    },
    {
      "BlockType": "LINE",
      "Confidence": 99.52508544921875,
      "Text": "29.4",
      "Geometry": {
        "BoundingBox": {
          "Width": 0.02686130814254284,
          "Height": 0.01776551827788353,
          "Left": 0.5156505107879639,
          "Top": 0.4633360505104065
        },
        "Polygon": [
          {
            "X": 0.5156505107879639,
            "Y": 0.4633360505104065
          },
          {
            "X": 0.5423845052719116,
            "Y": 0.4633454382419586
          },
          {
            "X": 0.5425118207931519,
            "Y": 0.4811015725135803
          },
          {
            "X": 0.5157725811004639,
            "Y": 0.48109161853790283
          }
        ]
      },
      "Id": "35374fdd-9ea9-4c1a-bd6b-220fad1c73cb",
      "Relationships": [
        {
          "Type": "CHILD",
          "Ids": [
            "fb7edb54-de8b-4921-950d-c93ebcbe8058"
          ]
        }
      ],
      "Page": 1
    },
    {
      "BlockType": "LINE",
      "Confidence": 99.84028625488281,
      "Text": "0.30",
      "Geometry": {
        "BoundingBox": {
          "Width": 0.02662080153822899,
          "Height": 0.017535177990794182,
          "Left": 0.7363244295120239,
          "Top": 0.46346768736839294
        },
        "Polygon": [
          {
            "X": 0.7363244295120239,
            "Y": 0.46346768736839294
          },
          {
            "X": 0.7627767324447632,
            "Y": 0.4634769856929779
          },
          {
            "X": 0.7629452347755432,
            "Y": 0.4810028672218323
          },
          {
            "X": 0.7364878058433533,
            "Y": 0.48099303245544434
          }
        ]
      },
      "Id": "afd823df-defc-498e-b420-c8225dcee175",
      "Relationships": [
        {
          "Type": "CHILD",
          "Ids": [
            "945e40e1-a6b6-46c6-b168-b5d53364f640"
          ]
        }
      ],
      "Page": 1
    },
    {
      "BlockType": "LINE",
      "Confidence": 99.48516845703125,
      "Text": "EAPDMS-2",
      "Geometry": {
        "BoundingBox": {
          "Width": 0.06656888872385025,
          "Height": 0.017485789954662323,
          "Left": 0.25323009490966797,
          "Top": 0.4938286542892456
        },
        "Polygon": [
          {
            "X": 0.25323009490966797,
            "Y": 0.4938286542892456
          },
          {
            "X": 0.3197169005870819,
            "Y": 0.4938543438911438
          },
          {
            "X": 0.3197989761829376,
            "Y": 0.5113144516944885
          },
          {
            "X": 0.2532992959022522,
            "Y": 0.5112873911857605
          }
        ]
      },
      "Id": "a54b42b2-8d59-4c80-b937-771c91cefaec",
      "Relationships": [
        {
          "Type": "CHILD",
          "Ids": [
            "4d7317ce-5c35-4ddb-842a-6e38872a832d"
          ]
        }
      ],
      "Page": 1
    },
    {
      "BlockType": "LINE",
      "Confidence": 99.9762191772461,
      "Text": "42.0",
      "Geometry": {
        "BoundingBox": {
          "Width": 0.026866953819990158,
          "Height": 0.01763010583817959,
          "Left": 0.5156223177909851,
          "Top": 0.493764728307724
        },
        "Polygon": [
          {
            "X": 0.5156223177909851,
            "Y": 0.493764728307724
          },
          {
            "X": 0.5423629283905029,
            "Y": 0.49377506971359253
          },
          {
            "X": 0.542489230632782,
            "Y": 0.5113948583602905
          },
          {
            "X": 0.5157433748245239,
            "Y": 0.5113839507102966
          }
        ]
      },
      "Id": "af386378-016e-4e8f-9a1c-21474e13bce3",
      "Relationships": [
        {
          "Type": "CHILD",
          "Ids": [
            "b3e29fae-8338-4b26-9e00-7d36d86e90fd"
          ]
        }
      ],
      "Page": 1
    },
    {
      "BlockType": "LINE",
      "Confidence": 99.93521881103516,
      "Text": "0.52",
      "Geometry": {
        "BoundingBox": {
          "Width": 0.026705441996455193,
          "Height": 0.017254391685128212,
          "Left": 0.7363560199737549,
          "Top": 0.4938982129096985
        },
        "Polygon": [
          {
            "X": 0.7363560199737549,
            "Y": 0.4938982129096985
          },
          {
            "X": 0.7628956437110901,
            "Y": 0.49390846490859985
          },
          {
            "X": 0.7630614638328552,
            "Y": 0.5111526250839233
          },
          {
            "X": 0.7365167140960693,
            "Y": 0.5111417770385742
          }
        ]
      },
      "Id": "f0032411-f33b-4832-939e-be0f213a5c0e",
      "Relationships": [
        {
          "Type": "CHILD",
          "Ids": [
            "326550db-dd5f-4172-b376-12873d320618"
          ]
        }
      ],
      "Page": 1
    },
    {
      "BlockType": "LINE",
      "Confidence": 99.16988372802734,
      "Text": "EAPDMS-3",
      "Geometry": {
        "BoundingBox": {
          "Width": 0.06597227603197098,
          "Height": 0.017736811190843582,
          "Left": 0.2533133327960968,
          "Top": 0.5242260694503784
        },
        "Polygon": [
          {
            "X": 0.2533133327960968,
            "Y": 0.5242260694503784
          },
          {
            "X": 0.3192025125026703,
            "Y": 0.5242538452148438
          },
          {
            "X": 0.31928563117980957,
            "Y": 0.5419628620147705
          },
          {
            "X": 0.2533835172653198,
            "Y": 0.5419337153434753
          }
        ]
      },
      "Id": "dcfe9248-3671-4bea-b458-590a3a372bb6",
      "Relationships": [
        {
          "Type": "CHILD",
          "Ids": [
            "63fd5432-1e47-4174-ac85-f2c7a3737c07"
          ]
        }
      ],
      "Page": 1
    },
    {
      "BlockType": "LINE",
      "Confidence": 99.90259552001953,
      "Text": "49.1",
      "Geometry": {
        "BoundingBox": {
          "Width": 0.025453194975852966,
          "Height": 0.01753547042608261,
          "Left": 0.5156640410423279,
          "Top": 0.5242699980735779
        },
        "Polygon": [
          {
            "X": 0.5156640410423279,
            "Y": 0.5242699980735779
          },
          {
            "X": 0.5409919619560242,
            "Y": 0.5242806673049927
          },
          {
            "X": 0.541117250919342,
            "Y": 0.5418055057525635
          },
          {
            "X": 0.5157844424247742,
            "Y": 0.5417943000793457
          }
        ]
      },
      "Id": "c318086c-7e14-4dec-a27c-024b02c8047c",
      "Relationships": [
        {
          "Type": "CHILD",
          "Ids": [
            "57f10730-c59b-417b-acae-3edeb62de403"
          ]
        }
      ],
      "Page": 1
    },
    {
      "BlockType": "LINE",
      "Confidence": 99.98210906982422,
      "Text": "0.41",
      "Geometry": {
        "BoundingBox": {
          "Width": 0.025411883369088173,
          "Height": 0.01675194315612316,
          "Left": 0.7363740801811218,
          "Top": 0.5247939825057983
        },
        "Polygon": [
          {
            "X": 0.7363740801811218,
            "Y": 0.5247939825057983
          },
          {
            "X": 0.7616252899169922,
            "Y": 0.5248046517372131
          },
          {
            "X": 0.7617859840393066,
            "Y": 0.5415459275245667
          },
          {
            "X": 0.736530065536499,
            "Y": 0.5415347814559937
          }
        ]
      },
      "Id": "4f50f225-e8c0-4a3a-be4b-62a48a6f1ed7",
      "Relationships": [
        {
          "Type": "CHILD",
          "Ids": [
            "e5d4d9c0-e02a-4b71-8eec-da133b6469fb"
          ]
        }
      ],
      "Page": 1
    },
    {
      "BlockType": "LINE",
      "Confidence": 99.21273803710938,
      "Text": "EAPDMS-4",
      "Geometry": {
        "BoundingBox": {
          "Width": 0.06626362353563309,
          "Height": 0.01735483855009079,
          "Left": 0.2532845139503479,
          "Top": 0.5546872019767761
        },
        "Polygon": [
          {
            "X": 0.2532845139503479,
            "Y": 0.5546872019767761
          },
          {
            "X": 0.31946682929992676,
            "Y": 0.5547174215316772
          },
          {
            "X": 0.3195481598377228,
            "Y": 0.5720419883728027
          },
          {
            "X": 0.25335314869880676,
            "Y": 0.5720103979110718
          }
        ]
      },
      "Id": "8a4674e3-e81e-464e-9b12-7fe4e7013aef",
      "Relationships": [
        {
          "Type": "CHILD",
          "Ids": [
            "a6c70df6-ebf6-4ed2-b926-4c1a98f49505"
          ]
        }
      ],
      "Page": 1
    },
    {
      "BlockType": "LINE",
      "Confidence": 91.6312484741211,
      "Text": "41.6",
      "Geometry": {
        "BoundingBox": {
          "Width": 0.026943640783429146,
          "Height": 0.017184492200613022,
          "Left": 0.5155438780784607,
          "Top": 0.5547305345535278
        },
        "Polygon": [
          {
            "X": 0.5155438780784607,
            "Y": 0.5547305345535278
          },
          {
            "X": 0.5423645377159119,
            "Y": 0.5547428131103516
          },
          {
            "X": 0.5424875617027283,
            "Y": 0.5719150304794312
          },
          {
            "X": 0.5156618356704712,
            "Y": 0.5719022154808044
          }
        ]
      },
      "Id": "10ac6454-c0a7-4fc4-9024-33d447f88c1b",
      "Relationships": [
        {
          "Type": "CHILD",
          "Ids": [
            "b4e8acf6-22c9-4191-9c2b-fede45721d9d"
          ]
        }
      ],
      "Page": 1
    },
    {
      "BlockType": "LINE",
      "Confidence": 99.94979858398438,
      "Text": "0.39",
      "Geometry": {
        "BoundingBox": {
          "Width": 0.026700645685195923,
          "Height": 0.01712256669998169,
          "Left": 0.736290454864502,
          "Top": 0.5549291968345642
        },
        "Polygon": [
          {
            "X": 0.736290454864502,
            "Y": 0.5549291968345642
          },
          {
            "X": 0.7628267407417297,
            "Y": 0.5549413561820984
          },
          {
            "X": 0.7629910707473755,
            "Y": 0.5720517635345459
          },
          {
            "X": 0.7364497780799866,
            "Y": 0.5720390677452087
          }
        ]
      },
      "Id": "0882a5a0-26d0-4515-a447-50e40b280196",
      "Relationships": [
        {
          "Type": "CHILD",
          "Ids": [
            "6a05a5a1-4f78-4a52-bcad-7ccdd0f5a960"
          ]
        }
      ],
      "Page": 1
    },
    {
      "BlockType": "LINE",
      "Confidence": 98.96958923339844,
      "Text": "EAPDMS-5",
      "Geometry": {
        "BoundingBox": {
          "Width": 0.06657692790031433,
          "Height": 0.017285022884607315,
          "Left": 0.252997487783432,
          "Top": 0.5837351083755493
        },
        "Polygon": [
          {
            "X": 0.252997487783432,
            "Y": 0.5837351083755493
          },
          {
            "X": 0.31949344277381897,
            "Y": 0.5837677717208862
          },
          {
            "X": 0.31957441568374634,
            "Y": 0.601020097732544
          },
          {
            "X": 0.25306573510169983,
            "Y": 0.600986123085022
          }
        ]
      },
      "Id": "ddefd277-09f6-4b7e-858b-e9cbc42235ba",
      "Relationships": [
        {
          "Type": "CHILD",
          "Ids": [
            "2cd13226-0e50-4957-a4ce-216d061ef096"
          ]
        }
      ],
      "Page": 1
    },
    {
      "BlockType": "LINE",
      "Confidence": 87.59913635253906,
      "Text": "40.3",
      "Geometry": {
        "BoundingBox": {
          "Width": 0.026676269248127937,
          "Height": 0.017424562945961952,
          "Left": 0.5156905055046082,
          "Top": 0.5837269425392151
        },
        "Polygon": [
          {
            "X": 0.5156905055046082,
            "Y": 0.5837269425392151
          },
          {
            "X": 0.5422421097755432,
            "Y": 0.5837399959564209
          },
          {
            "X": 0.5423667430877686,
            "Y": 0.6011515259742737
          },
          {
            "X": 0.5158100128173828,
            "Y": 0.6011379361152649
          }
        ]
      },
      "Id": "b4a4be95-7fa4-42a3-914e-790fe57a85ee",
      "Relationships": [
        {
          "Type": "CHILD",
          "Ids": [
            "fa111e36-c2b9-465a-8d26-6d481c7ee28e"
          ]
        }
      ],
      "Page": 1
    },
    {
      "BlockType": "LINE",
      "Confidence": 94.6488037109375,
      "Text": "0.36",
      "Geometry": {
        "BoundingBox": {
          "Width": 0.026986414566636086,
          "Height": 0.017664194107055664,
          "Left": 0.7361785769462585,
          "Top": 0.5836560130119324
        },
        "Polygon": [
          {
            "X": 0.7361785769462585,
            "Y": 0.5836560130119324
          },
          {
            "X": 0.7629954814910889,
            "Y": 0.5836691856384277
          },
          {
            "X": 0.7631649971008301,
            "Y": 0.601320207118988
          },
          {
            "X": 0.7363429069519043,
            "Y": 0.6013064980506897
          }
        ]
      },
      "Id": "a07c1b6a-6ec5-41f4-89ef-46a12ac8967c",
      "Relationships": [
        {
          "Type": "CHILD",
          "Ids": [
            "3dcd8fe7-448c-4ca2-9c2b-84c38c20e618"
          ]
        }
      ],
      "Page": 1
    },
    {
      "BlockType": "WORD",
      "Confidence": 99.90855407714844,
      "Text": "Sample",
      "TextType": "PRINTED",
      "Geometry": {
        "BoundingBox": {
          "Width": 0.044670023024082184,
          "Height": 0.02271992340683937,
          "Left": 0.25328975915908813,
          "Top": 0.40450769662857056
        },
        "Polygon": [
          {
            "X": 0.25328975915908813,
            "Y": 0.40450769662857056
          },
          {
            "X": 0.29785847663879395,
            "Y": 0.40452030301094055
          },
          {
            "X": 0.2979598045349121,
            "Y": 0.42722761631011963
          },
          {
            "X": 0.2533798813819885,
            "Y": 0.4272138476371765
          }
        ]
      },
      "Id": "58106e52-ece8-4a4e-b406-a82880a04181",
      "Page": 1
    },
    {
      "BlockType": "WORD",
      "Confidence": 99.98426055908203,
      "Text": "name",
      "TextType": "PRINTED",
      "Geometry": {
        "BoundingBox": {
          "Width": 0.03356799855828285,
          "Height": 0.013293316587805748,
          "Left": 0.30207517743110657,
          "Top": 0.40936198830604553
        },
        "Polygon": [
          {
            "X": 0.30207517743110657,
            "Y": 0.40936198830604553
          },
          {
            "X": 0.3355783522129059,
            "Y": 0.40937164425849915
          },
          {
            "X": 0.3356432020664215,
            "Y": 0.42265528440475464
          },
          {
            "X": 0.30213508009910583,
            "Y": 0.42264512181282043
          }
        ]
      },
      "Id": "4eb7994f-8bc3-4103-877d-ab7128131a28",
      "Page": 1
    },
    {
      "BlockType": "WORD",
      "Confidence": 90.94913482666016,
      "Text": "Tg",
      "TextType": "PRINTED",
      "Geometry": {
        "BoundingBox": {
          "Width": 0.013337871991097927,
          "Height": 0.02433030866086483,
          "Left": 0.5158771872520447,
          "Top": 0.40521758794784546
        },
        "Polygon": [
          {
            "X": 0.5158771872520447,
            "Y": 0.40521758794784546
          },
          {
            "X": 0.5290440917015076,
            "Y": 0.4052213132381439
          },
          {
            "X": 0.5292150378227234,
            "Y": 0.42954790592193604
          },
          {
            "X": 0.516044557094574,
            "Y": 0.42954379320144653
          }
        ]
      },
      "Id": "1086bfa3-bcc8-445d-a290-3851c6168df2",
      "Page": 1
    },
    {
      "BlockType": "WORD",
      "Confidence": 80.7594985961914,
      "Text": "(C)",
      "TextType": "PRINTED",
      "Geometry": {
        "BoundingBox": {
          "Width": 0.02280396595597267,
          "Height": 0.021478230133652687,
          "Left": 0.5329392552375793,
          "Top": 0.40445956587791443
        },
        "Polygon": [
          {
            "X": 0.5329392552375793,
            "Y": 0.40445956587791443
          },
          {
            "X": 0.5555859804153442,
            "Y": 0.4044659733772278
          },
          {
            "X": 0.5557432174682617,
            "Y": 0.42593780159950256
          },
          {
            "X": 0.5330910682678223,
            "Y": 0.42593082785606384
          }
        ]
      },
      "Id": "1b284dc8-5994-4f4a-a718-e8f7e7b82379",
      "Page": 1
    },
    {
      "BlockType": "WORD",
      "Confidence": 99.86888885498047,
      "Text": "tan",
      "TextType": "PRINTED",
      "Geometry": {
        "BoundingBox": {
          "Width": 0.019660845398902893,
          "Height": 0.016278618946671486,
          "Left": 0.736234724521637,
          "Top": 0.4065699875354767
        },
        "Polygon": [
          {
            "X": 0.736234724521637,
            "Y": 0.4065699875354767
          },
          {
            "X": 0.755740225315094,
            "Y": 0.4065755605697632
          },
          {
            "X": 0.7558955550193787,
            "Y": 0.4228486120700836
          },
          {
            "X": 0.7363864779472351,
            "Y": 0.42284268140792847
          }
        ]
      },
      "Id": "2839d7b1-8983-4c67-8b5b-0d00af97b7b4",
      "Page": 1
    },
    {
      "BlockType": "WORD",
      "Confidence": 94.39242553710938,
      "Text": "8",
      "TextType": "PRINTED",
      "Geometry": {
        "BoundingBox": {
          "Width": 0.00716247595846653,
          "Height": 0.018179191276431084,
          "Left": 0.7602898478507996,
          "Top": 0.404214084148407
        },
        "Polygon": [
          {
            "X": 0.7602898478507996,
            "Y": 0.404214084148407
          },
          {
            "X": 0.7672765254974365,
            "Y": 0.40421608090400696
          },
          {
            "X": 0.7674522995948792,
            "Y": 0.4223932921886444
          },
          {
            "X": 0.7604642510414124,
            "Y": 0.4223911762237549
          }
        ]
      },
      "Id": "e9a90def-97a7-472f-ab5f-f1e4906c7e48",
      "Page": 1
    },
    {
      "BlockType": "WORD",
      "Confidence": 99.32502746582031,
      "Text": "EAPDMS-1",
      "TextType": "PRINTED",
      "Geometry": {
        "BoundingBox": {
          "Width": 0.0651511624455452,
          "Height": 0.01726999506354332,
          "Left": 0.2533724009990692,
          "Top": 0.46354570984840393
        },
        "Polygon": [
          {
            "X": 0.2533724009990692,
            "Y": 0.46354570984840393
          },
          {
            "X": 0.318442702293396,
            "Y": 0.4635685682296753
          },
          {
            "X": 0.3185235559940338,
            "Y": 0.48081570863723755
          },
          {
            "X": 0.253440797328949,
            "Y": 0.48079153895378113
          }
        ]
      },
      "Id": "ffc6f78e-dc95-49c2-ab94-87ef18a82a22",
      "Page": 1
    },
    {
      "BlockType": "WORD",
      "Confidence": 99.52508544921875,
      "Text": "29.4",
      "TextType": "PRINTED",
      "Geometry": {
        "BoundingBox": {
          "Width": 0.02686130814254284,
          "Height": 0.01776551827788353,
          "Left": 0.5156505107879639,
          "Top": 0.4633360505104065
        },
        "Polygon": [
          {
            "X": 0.5156505107879639,
            "Y": 0.4633360505104065
          },
          {
            "X": 0.5423845052719116,
            "Y": 0.4633454382419586
          },
          {
            "X": 0.5425118207931519,
            "Y": 0.4811015725135803
          },
          {
            "X": 0.5157725811004639,
            "Y": 0.48109161853790283
          }
        ]
      },
      "Id": "fb7edb54-de8b-4921-950d-c93ebcbe8058",
      "Page": 1
    },
    {
      "BlockType": "WORD",
      "Confidence": 99.84028625488281,
      "Text": "0.30",
      "TextType": "PRINTED",
      "Geometry": {
        "BoundingBox": {
          "Width": 0.02662080153822899,
          "Height": 0.017535177990794182,
          "Left": 0.7363244295120239,
          "Top": 0.46346768736839294
        },
        "Polygon": [
          {
            "X": 0.7363244295120239,
            "Y": 0.46346768736839294
          },
          {
            "X": 0.7627767324447632,
            "Y": 0.4634769856929779
          },
          {
            "X": 0.7629452347755432,
            "Y": 0.4810028672218323
          },
          {
            "X": 0.7364878058433533,
            "Y": 0.48099303245544434
          }
        ]
      },
      "Id": "945e40e1-a6b6-46c6-b168-b5d53364f640",
      "Page": 1
    },
    {
      "BlockType": "WORD",
      "Confidence": 99.48516845703125,
      "Text": "EAPDMS-2",
      "TextType": "PRINTED",
      "Geometry": {
        "BoundingBox": {
          "Width": 0.06656888872385025,
          "Height": 0.017485789954662323,
          "Left": 0.25323009490966797,
          "Top": 0.4938286542892456
        },
        "Polygon": [
          {
            "X": 0.25323009490966797,
            "Y": 0.4938286542892456
          },
          {
            "X": 0.3197169005870819,
            "Y": 0.4938543438911438
          },
          {
            "X": 0.3197989761829376,
            "Y": 0.5113144516944885
          },
          {
            "X": 0.2532992959022522,
            "Y": 0.5112873911857605
          }
        ]
      },
      "Id": "4d7317ce-5c35-4ddb-842a-6e38872a832d",
      "Page": 1
    },
    {
      "BlockType": "WORD",
      "Confidence": 99.9762191772461,
      "Text": "42.0",
      "TextType": "PRINTED",
      "Geometry": {
        "BoundingBox": {
          "Width": 0.026866953819990158,
          "Height": 0.01763010583817959,
          "Left": 0.5156223177909851,
          "Top": 0.493764728307724
        },
        "Polygon": [
          {
            "X": 0.5156223177909851,
            "Y": 0.493764728307724
          },
          {
            "X": 0.5423629283905029,
            "Y": 0.49377506971359253
          },
          {
            "X": 0.542489230632782,
            "Y": 0.5113948583602905
          },
          {
            "X": 0.5157433748245239,
            "Y": 0.5113839507102966
          }
        ]
      },
      "Id": "b3e29fae-8338-4b26-9e00-7d36d86e90fd",
      "Page": 1
    },
    {
      "BlockType": "WORD",
      "Confidence": 99.93521881103516,
      "Text": "0.52",
      "TextType": "PRINTED",
      "Geometry": {
        "BoundingBox": {
          "Width": 0.026705441996455193,
          "Height": 0.017254391685128212,
          "Left": 0.7363560199737549,
          "Top": 0.4938982129096985
        },
        "Polygon": [
          {
            "X": 0.7363560199737549,
            "Y": 0.4938982129096985
          },
          {
            "X": 0.7628956437110901,
            "Y": 0.49390846490859985
          },
          {
            "X": 0.7630614638328552,
            "Y": 0.5111526250839233
          },
          {
            "X": 0.7365167140960693,
            "Y": 0.5111417770385742
          }
        ]
      },
      "Id": "326550db-dd5f-4172-b376-12873d320618",
      "Page": 1
    },
    {
      "BlockType": "WORD",
      "Confidence": 99.16988372802734,
      "Text": "EAPDMS-3",
      "TextType": "PRINTED",
      "Geometry": {
        "BoundingBox": {
          "Width": 0.06597227603197098,
          "Height": 0.017736811190843582,
          "Left": 0.2533133327960968,
          "Top": 0.5242260694503784
        },
        "Polygon": [
          {
            "X": 0.2533133327960968,
            "Y": 0.5242260694503784
          },
          {
            "X": 0.3192025125026703,
            "Y": 0.5242538452148438
          },
          {
            "X": 0.31928563117980957,
            "Y": 0.5419628620147705
          },
          {
            "X": 0.2533835172653198,
            "Y": 0.5419337153434753
          }
        ]
      },
      "Id": "63fd5432-1e47-4174-ac85-f2c7a3737c07",
      "Page": 1
    },
    {
      "BlockType": "WORD",
      "Confidence": 99.90259552001953,
      "Text": "49.1",
      "TextType": "PRINTED",
      "Geometry": {
        "BoundingBox": {
          "Width": 0.025453194975852966,
          "Height": 0.01753547042608261,
          "Left": 0.5156640410423279,
          "Top": 0.5242699980735779
        },
        "Polygon": [
          {
            "X": 0.5156640410423279,
            "Y": 0.5242699980735779
          },
          {
            "X": 0.5409919619560242,
            "Y": 0.5242806673049927
          },
          {
            "X": 0.541117250919342,
            "Y": 0.5418055057525635
          },
          {
            "X": 0.5157844424247742,
            "Y": 0.5417943000793457
          }
        ]
      },
      "Id": "57f10730-c59b-417b-acae-3edeb62de403",
      "Page": 1
    },
    {
      "BlockType": "WORD",
      "Confidence": 99.98210906982422,
      "Text": "0.41",
      "TextType": "PRINTED",
      "Geometry": {
        "BoundingBox": {
          "Width": 0.025411883369088173,
          "Height": 0.01675194315612316,
          "Left": 0.7363740801811218,
          "Top": 0.5247939825057983
        },
        "Polygon": [
          {
            "X": 0.7363740801811218,
            "Y": 0.5247939825057983
          },
          {
            "X": 0.7616252899169922,
            "Y": 0.5248046517372131
          },
          {
            "X": 0.7617859840393066,
            "Y": 0.5415459275245667
          },
          {
            "X": 0.736530065536499,
            "Y": 0.5415347814559937
          }
        ]
      },
      "Id": "e5d4d9c0-e02a-4b71-8eec-da133b6469fb",
      "Page": 1
    },
    {
      "BlockType": "WORD",
      "Confidence": 99.21273803710938,
      "Text": "EAPDMS-4",
      "TextType": "PRINTED",
      "Geometry": {
        "BoundingBox": {
          "Width": 0.06626362353563309,
          "Height": 0.01735483855009079,
          "Left": 0.2532845139503479,
          "Top": 0.5546872019767761
        },
        "Polygon": [
          {
            "X": 0.2532845139503479,
            "Y": 0.5546872019767761
          },
          {
            "X": 0.31946682929992676,
            "Y": 0.5547174215316772
          },
          {
            "X": 0.3195481598377228,
            "Y": 0.5720419883728027
          },
          {
            "X": 0.25335314869880676,
            "Y": 0.5720103979110718
          }
        ]
      },
      "Id": "a6c70df6-ebf6-4ed2-b926-4c1a98f49505",
      "Page": 1
    },
    {
      "BlockType": "WORD",
      "Confidence": 91.6312484741211,
      "Text": "41.6",
      "TextType": "PRINTED",
      "Geometry": {
        "BoundingBox": {
          "Width": 0.026943640783429146,
          "Height": 0.017184492200613022,
          "Left": 0.5155438780784607,
          "Top": 0.5547305345535278
        },
        "Polygon": [
          {
            "X": 0.5155438780784607,
            "Y": 0.5547305345535278
          },
          {
            "X": 0.5423645377159119,
            "Y": 0.5547428131103516
          },
          {
            "X": 0.5424875617027283,
            "Y": 0.5719150304794312
          },
          {
            "X": 0.5156618356704712,
            "Y": 0.5719022154808044
          }
        ]
      },
      "Id": "b4e8acf6-22c9-4191-9c2b-fede45721d9d",
      "Page": 1
    },
    {
      "BlockType": "WORD",
      "Confidence": 99.94979858398438,
      "Text": "0.39",
      "TextType": "PRINTED",
      "Geometry": {
        "BoundingBox": {
          "Width": 0.026700645685195923,
          "Height": 0.01712256669998169,
          "Left": 0.736290454864502,
          "Top": 0.5549291968345642
        },
        "Polygon": [
          {
            "X": 0.736290454864502,
            "Y": 0.5549291968345642
          },
          {
            "X": 0.7628267407417297,
            "Y": 0.5549413561820984
          },
          {
            "X": 0.7629910707473755,
            "Y": 0.5720517635345459
          },
          {
            "X": 0.7364497780799866,
            "Y": 0.5720390677452087
          }
        ]
      },
      "Id": "6a05a5a1-4f78-4a52-bcad-7ccdd0f5a960",
      "Page": 1
    },
    {
      "BlockType": "WORD",
      "Confidence": 98.96958923339844,
      "Text": "EAPDMS-5",
      "TextType": "PRINTED",
      "Geometry": {
        "BoundingBox": {
          "Width": 0.06657692790031433,
          "Height": 0.017285022884607315,
          "Left": 0.252997487783432,
          "Top": 0.5837351083755493
        },
        "Polygon": [
          {
            "X": 0.252997487783432,
            "Y": 0.5837351083755493
          },
          {
            "X": 0.31949344277381897,
            "Y": 0.5837677717208862
          },
          {
            "X": 0.31957441568374634,
            "Y": 0.601020097732544
          },
          {
            "X": 0.25306573510169983,
            "Y": 0.600986123085022
          }
        ]
      },
      "Id": "2cd13226-0e50-4957-a4ce-216d061ef096",
      "Page": 1
    },
    {
      "BlockType": "WORD",
      "Confidence": 87.59913635253906,
      "Text": "40.3",
      "TextType": "PRINTED",
      "Geometry": {
        "BoundingBox": {
          "Width": 0.026676269248127937,
          "Height": 0.017424562945961952,
          "Left": 0.5156905055046082,
          "Top": 0.5837269425392151
        },
        "Polygon": [
          {
            "X": 0.5156905055046082,
            "Y": 0.5837269425392151
          },
          {
            "X": 0.5422421097755432,
            "Y": 0.5837399959564209
          },
          {
            "X": 0.5423667430877686,
            "Y": 0.6011515259742737
          },
          {
            "X": 0.5158100128173828,
            "Y": 0.6011379361152649
          }
        ]
      },
      "Id": "fa111e36-c2b9-465a-8d26-6d481c7ee28e",
      "Page": 1
    },
    {
      "BlockType": "WORD",
      "Confidence": 94.6488037109375,
      "Text": "0.36",
      "TextType": "PRINTED",
      "Geometry": {
        "BoundingBox": {
          "Width": 0.026986414566636086,
          "Height": 0.017664194107055664,
          "Left": 0.7361785769462585,
          "Top": 0.5836560130119324
        },
        "Polygon": [
          {
            "X": 0.7361785769462585,
            "Y": 0.5836560130119324
          },
          {
            "X": 0.7629954814910889,
            "Y": 0.5836691856384277
          },
          {
            "X": 0.7631649971008301,
            "Y": 0.601320207118988
          },
          {
            "X": 0.7363429069519043,
            "Y": 0.6013064980506897
          }
        ]
      },
      "Id": "3dcd8fe7-448c-4ca2-9c2b-84c38c20e618",
      "Page": 1
    },
    {
      "BlockType": "TABLE",
      "Confidence": 99.609375,
      "Geometry": {
        "BoundingBox": {
          "Width": 0.5329970717430115,
          "Height": 0.235208660364151,
          "Left": 0.23567098379135132,
          "Top": 0.3842513859272003
        },
        "Polygon": [
          {
            "X": 0.23567098379135132,
            "Y": 0.3842513859272003
          },
          {
            "X": 0.7663962841033936,
            "Y": 0.3843889534473419
          },
          {
            "X": 0.7686680555343628,
            "Y": 0.6194600462913513
          },
          {
            "X": 0.23655743896961212,
            "Y": 0.6191767454147339
          }
        ]
      },
      "Id": "61e6f2cc-b861-478c-b975-5535e6a75497",
      "Relationships": [
        {
          "Type": "CHILD",
          "Ids": [
            "6597193d-c761-43cf-8b5d-27d8a7470ef5",
            "89805c15-0b85-4dda-946e-b8a66ffe6649",
            "76e7b0ea-5867-4156-b99e-5370a55698ae",
            "5025b1ce-b562-4258-a739-efb81615b7bf",
            "1993f253-bdb1-4502-a8c5-0c3abaf41dca",
            "18675ad6-ae10-4068-b3fb-a8b571aa30be",
            "47b305b3-e9ff-4350-ab03-e01f043dbb06",
            "968d21d8-628d-4f72-8b19-71688693f9a3",
            "1f74090f-ae5b-47c9-9b36-ea4997c44bc1",
            "9a417db2-d603-44fc-846f-2a8374f908ca",
            "77f3d706-91c5-4d40-85a0-0cf3b8ca1029",
            "d65ae37f-7590-46f2-a222-72fe9bf2ecf0",
            "c95741d3-4f4b-4af5-acd6-517253c5d47c",
            "e0cbdeba-ad44-4e6c-978e-96144ca9d021",
            "cca3e2d6-90af-4d38-8c20-1cf1518ea09a",
            "502bfa76-96d9-4c63-a739-083e4103448d",
            "cb2fffb8-4f83-4e59-8ffd-3373c42ec940",
            "5ae21002-e006-4acf-9678-153c9dc5f639"
          ]
        }
      ],
      "EntityTypes": [
        "STRUCTURED_TABLE"
      ],
      "Page": 1
    },
    {
      "BlockType": "CELL",
      "Confidence": 92.529296875,
      "RowIndex": 1,
      "ColumnIndex": 1,
      "RowSpan": 1,
      "ColumnSpan": 1,
      "Geometry": {
        "BoundingBox": {
          "Width": 0.1905411183834076,
          "Height": 0.059658538550138474,
          "Left": 0.23567098379135132,
          "Top": 0.3842513859272003
        },
        "Polygon": [
          {
            "X": 0.23567098379135132,
            "Y": 0.3842513859272003
          },
          {
            "X": 0.42586132884025574,
            "Y": 0.38430067896842957
          },
          {
            "X": 0.4262121021747589,
            "Y": 0.4439099431037903
          },
          {
            "X": 0.23589585721492767,
            "Y": 0.4438474178314209
          }
        ]
      },
      "Id": "6597193d-c761-43cf-8b5d-27d8a7470ef5",
      "Relationships": [
        {
          "Type": "CHILD",
          "Ids": [
            "58106e52-ece8-4a4e-b406-a82880a04181",
            "4eb7994f-8bc3-4103-877d-ab7128131a28"
          ]
        }
      ],
      "EntityTypes": [
        "COLUMN_HEADER"
      ],
      "Page": 1
    },
    {
      "BlockType": "CELL",
      "Confidence": 94.3359375,
      "RowIndex": 1,
      "ColumnIndex": 2,
      "RowSpan": 1,
      "ColumnSpan": 1,
      "Geometry": {
        "BoundingBox": {
          "Width": 0.21967066824436188,
          "Height": 0.05968128889799118,
          "Left": 0.42586132884025574,
          "Top": 0.38430067896842957
        },
        "Polygon": [
          {
            "X": 0.42586132884025574,
            "Y": 0.38430067896842957
          },
          {
            "X": 0.6450361013412476,
            "Y": 0.3843574821949005
          },
          {
            "X": 0.6455320119857788,
            "Y": 0.44398197531700134
          },
          {
            "X": 0.4262121021747589,
            "Y": 0.4439099431037903
          }
        ]
      },
      "Id": "89805c15-0b85-4dda-946e-b8a66ffe6649",
      "Relationships": [
        {
          "Type": "CHILD",
          "Ids": [
            "1086bfa3-bcc8-445d-a290-3851c6168df2",
            "1b284dc8-5994-4f4a-a718-e8f7e7b82379"
          ]
        }
      ],
      "EntityTypes": [
        "COLUMN_HEADER"
      ],
      "Page": 1
    },
    {
      "BlockType": "CELL",
      "Confidence": 89.794921875,
      "RowIndex": 1,
      "ColumnIndex": 3,
      "RowSpan": 1,
      "ColumnSpan": 1,
      "Geometry": {
        "BoundingBox": {
          "Width": 0.12193648517131805,
          "Height": 0.05966437608003616,
          "Left": 0.6450361013412476,
          "Top": 0.3843574821949005
        },
        "Polygon": [
          {
            "X": 0.6450361013412476,
            "Y": 0.3843574821949005
          },
          {
            "X": 0.7663962841033936,
            "Y": 0.3843889534473419
          },
          {
            "X": 0.7669726014137268,
            "Y": 0.4440218508243561
          },
          {
            "X": 0.6455320119857788,
            "Y": 0.44398197531700134
          }
        ]
      },
      "Id": "76e7b0ea-5867-4156-b99e-5370a55698ae",
      "Relationships": [
        {
          "Type": "CHILD",
          "Ids": [
            "2839d7b1-8983-4c67-8b5b-0d00af97b7b4",
            "e9a90def-97a7-472f-ab5f-f1e4906c7e48"
          ]
        }
      ],
      "EntityTypes": [
        "COLUMN_HEADER"
      ],
      "Page": 1
    },
    {
      "BlockType": "CELL",
      "Confidence": 90.625,
      "RowIndex": 2,
      "ColumnIndex": 1,
      "RowSpan": 1,
      "ColumnSpan": 1,
      "Geometry": {
        "BoundingBox": {
          "Width": 0.19057075679302216,
          "Height": 0.04331432282924652,
          "Left": 0.23589585721492767,
          "Top": 0.4438474178314209
        },
        "Polygon": [
          {
            "X": 0.23589585721492767,
            "Y": 0.4438474178314209
          },
          {
            "X": 0.4262121021747589,
            "Y": 0.4439099431037903
          },
          {
            "X": 0.42646661400794983,
            "Y": 0.4871617555618286
          },
          {
            "X": 0.2360590249300003,
            "Y": 0.4870896339416504
          }
        ]
      },
      "Id": "5025b1ce-b562-4258-a739-efb81615b7bf",
      "Relationships": [
        {
          "Type": "CHILD",
          "Ids": [
            "ffc6f78e-dc95-49c2-ab94-87ef18a82a22"
          ]
        }
      ],
      "Page": 1
    },
    {
      "BlockType": "CELL",
      "Confidence": 92.3828125,
      "RowIndex": 2,
      "ColumnIndex": 2,
      "RowSpan": 1,
      "ColumnSpan": 1,
      "Geometry": {
        "BoundingBox": {
          "Width": 0.21967972815036774,
          "Height": 0.04333491995930672,
          "Left": 0.4262121021747589,
          "Top": 0.4439099431037903
        },
        "Polygon": [
          {
            "X": 0.4262121021747589,
            "Y": 0.4439099431037903
          },
          {
            "X": 0.6455320119857788,
            "Y": 0.44398197531700134
          },
          {
            "X": 0.6458918452262878,
            "Y": 0.4872448444366455
          },
          {
            "X": 0.42646661400794983,
            "Y": 0.4871617555618286
          }
        ]
      },
      "Id": "1993f253-bdb1-4502-a8c5-0c3abaf41dca",
      "Relationships": [
        {
          "Type": "CHILD",
          "Ids": [
            "fb7edb54-de8b-4921-950d-c93ebcbe8058"
          ]
        }
      ],
      "Page": 1
    },
    {
      "BlockType": "CELL",
      "Confidence": 87.939453125,
      "RowIndex": 2,
      "ColumnIndex": 3,
      "RowSpan": 1,
      "ColumnSpan": 1,
      "Geometry": {
        "BoundingBox": {
          "Width": 0.12185873836278915,
          "Height": 0.04330889880657196,
          "Left": 0.6455320119857788,
          "Top": 0.44398197531700134
        },
        "Polygon": [
          {
            "X": 0.6455320119857788,
            "Y": 0.44398197531700134
          },
          {
            "X": 0.7669726014137268,
            "Y": 0.4440218508243561
          },
          {
            "X": 0.7673907279968262,
            "Y": 0.4872908890247345
          },
          {
            "X": 0.6458918452262878,
            "Y": 0.4872448444366455
          }
        ]
      },
      "Id": "18675ad6-ae10-4068-b3fb-a8b571aa30be",
      "Relationships": [
        {
          "Type": "CHILD",
          "Ids": [
            "945e40e1-a6b6-46c6-b168-b5d53364f640"
          ]
        }
      ],
      "Page": 1
    },
    {
      "BlockType": "CELL",
      "Confidence": 86.767578125,
      "RowIndex": 3,
      "ColumnIndex": 1,
      "RowSpan": 1,
      "ColumnSpan": 1,
      "Geometry": {
        "BoundingBox": {
          "Width": 0.1905873864889145,
          "Height": 0.03062780387699604,
          "Left": 0.2360590249300003,
          "Top": 0.4870896339416504
        },
        "Polygon": [
          {
            "X": 0.2360590249300003,
            "Y": 0.4870896339416504
          },
          {
            "X": 0.42646661400794983,
            "Y": 0.4871617555618286
          },
          {
            "X": 0.4266464114189148,
            "Y": 0.5177174210548401
          },
          {
            "X": 0.2361743003129959,
            "Y": 0.5176385045051575
          }
        ]
      },
      "Id": "47b305b3-e9ff-4350-ab03-e01f043dbb06",
      "Relationships": [
        {
          "Type": "CHILD",
          "Ids": [
            "4d7317ce-5c35-4ddb-842a-6e38872a832d"
          ]
        }
      ],
      "Page": 1
    },
    {
      "BlockType": "CELL",
      "Confidence": 88.4765625,
      "RowIndex": 3,
      "ColumnIndex": 2,
      "RowSpan": 1,
      "ColumnSpan": 1,
      "Geometry": {
        "BoundingBox": {
          "Width": 0.21967941522598267,
          "Height": 0.03064662218093872,
          "Left": 0.42646661400794983,
          "Top": 0.4871617555618286
        },
        "Polygon": [
          {
            "X": 0.42646661400794983,
            "Y": 0.4871617555618286
          },
          {
            "X": 0.6458918452262878,
            "Y": 0.4872448444366455
          },
          {
            "X": 0.6461460590362549,
            "Y": 0.5178083777427673
          },
          {
            "X": 0.4266464114189148,
            "Y": 0.5177174210548401
          }
        ]
      },
      "Id": "968d21d8-628d-4f72-8b19-71688693f9a3",
      "Relationships": [
        {
          "Type": "CHILD",
          "Ids": [
            "b3e29fae-8338-4b26-9e00-7d36d86e90fd"
          ]
        }
      ],
      "Page": 1
    },
    {
      "BlockType": "CELL",
      "Confidence": 84.228515625,
      "RowIndex": 3,
      "ColumnIndex": 3,
      "RowSpan": 1,
      "ColumnSpan": 1,
      "Geometry": {
        "BoundingBox": {
          "Width": 0.12179432809352875,
          "Height": 0.030613863840699196,
          "Left": 0.6458918452262878,
          "Top": 0.4872448444366455
        },
        "Polygon": [
          {
            "X": 0.6458918452262878,
            "Y": 0.4872448444366455
          },
          {
            "X": 0.7673907279968262,
            "Y": 0.4872908890247345
          },
          {
            "X": 0.7676861882209778,
            "Y": 0.5178587436676025
          },
          {
            "X": 0.6461460590362549,
            "Y": 0.5178083777427673
          }
        ]
      },
      "Id": "1f74090f-ae5b-47c9-9b36-ea4997c44bc1",
      "Relationships": [
        {
          "Type": "CHILD",
          "Ids": [
            "326550db-dd5f-4172-b376-12873d320618"
          ]
        }
      ],
      "Page": 1
    },
    {
      "BlockType": "CELL",
      "Confidence": 87.20703125,
      "RowIndex": 4,
      "ColumnIndex": 1,
      "RowSpan": 1,
      "ColumnSpan": 1,
      "Geometry": {
        "BoundingBox": {
          "Width": 0.1906520426273346,
          "Height": 0.030655305832624435,
          "Left": 0.2361743003129959,
          "Top": 0.5176385045051575
        },
        "Polygon": [
          {
            "X": 0.2361743003129959,
            "Y": 0.5176385045051575
          },
          {
            "X": 0.4266464114189148,
            "Y": 0.5177174210548401
          },
          {
            "X": 0.4268263280391693,
            "Y": 0.5482938289642334
          },
          {
            "X": 0.23628965020179749,
            "Y": 0.5482081174850464
          }
        ]
      },
      "Id": "9a417db2-d603-44fc-846f-2a8374f908ca",
      "Relationships": [
        {
          "Type": "CHILD",
          "Ids": [
            "63fd5432-1e47-4174-ac85-f2c7a3737c07"
          ]
        }
      ],
      "Page": 1
    },
    {
      "BlockType": "CELL",
      "Confidence": 88.916015625,
      "RowIndex": 4,
      "ColumnIndex": 2,
      "RowSpan": 1,
      "ColumnSpan": 1,
      "Geometry": {
        "BoundingBox": {
          "Width": 0.21975399553775787,
          "Height": 0.030675169080495834,
          "Left": 0.4266464114189148,
          "Top": 0.5177174210548401
        },
        "Polygon": [
          {
            "X": 0.4266464114189148,
            "Y": 0.5177174210548401
          },
          {
            "X": 0.6461460590362549,
            "Y": 0.5178083777427673
          },
          {
            "X": 0.6464003920555115,
            "Y": 0.5483925938606262
          },
          {
            "X": 0.4268263280391693,
            "Y": 0.5482938289642334
          }
        ]
      },
      "Id": "77f3d706-91c5-4d40-85a0-0cf3b8ca1029",
      "Relationships": [
        {
          "Type": "CHILD",
          "Ids": [
            "57f10730-c59b-417b-acae-3edeb62de403"
          ]
        }
      ],
      "Page": 1
    },
    {
      "BlockType": "CELL",
      "Confidence": 84.66796875,
      "RowIndex": 4,
      "ColumnIndex": 3,
      "RowSpan": 1,
      "ColumnSpan": 1,
      "Geometry": {
        "BoundingBox": {
          "Width": 0.12183573842048645,
          "Height": 0.03063892386853695,
          "Left": 0.6461460590362549,
          "Top": 0.5178083777427673
        },
        "Polygon": [
          {
            "X": 0.6461460590362549,
            "Y": 0.5178083777427673
          },
          {
            "X": 0.7676861882209778,
            "Y": 0.5178587436676025
          },
          {
            "X": 0.767981767654419,
            "Y": 0.54844731092453
          },
          {
            "X": 0.6464003920555115,
            "Y": 0.5483925938606262
          }
        ]
      },
      "Id": "d65ae37f-7590-46f2-a222-72fe9bf2ecf0",
      "Relationships": [
        {
          "Type": "CHILD",
          "Ids": [
            "e5d4d9c0-e02a-4b71-8eec-da133b6469fb"
          ]
        }
      ],
      "Page": 1
    },
    {
      "BlockType": "CELL",
      "Confidence": 83.10546875,
      "RowIndex": 5,
      "ColumnIndex": 1,
      "RowSpan": 1,
      "ColumnSpan": 1,
      "Geometry": {
        "BoundingBox": {
          "Width": 0.19070923328399658,
          "Height": 0.029407542198896408,
          "Left": 0.23628965020179749,
          "Top": 0.5482081174850464
        },
        "Polygon": [
          {
            "X": 0.23628965020179749,
            "Y": 0.5482081174850464
          },
          {
            "X": 0.4268263280391693,
            "Y": 0.5482938289642334
          },
          {
            "X": 0.42699888348579407,
            "Y": 0.5776156783103943
          },
          {
            "X": 0.23640026152133942,
            "Y": 0.577523410320282
          }
        ]
      },
      "Id": "c95741d3-4f4b-4af5-acd6-517253c5d47c",
      "Relationships": [
        {
          "Type": "CHILD",
          "Ids": [
            "a6c70df6-ebf6-4ed2-b926-4c1a98f49505"
          ]
        }
      ],
      "Page": 1
    },
    {
      "BlockType": "CELL",
      "Confidence": 84.716796875,
      "RowIndex": 5,
      "ColumnIndex": 2,
      "RowSpan": 1,
      "ColumnSpan": 1,
      "Geometry": {
        "BoundingBox": {
          "Width": 0.21981801092624664,
          "Height": 0.02942812629044056,
          "Left": 0.4268263280391693,
          "Top": 0.5482938289642334
        },
        "Polygon": [
          {
            "X": 0.4268263280391693,
            "Y": 0.5482938289642334
          },
          {
            "X": 0.6464003920555115,
            "Y": 0.5483925938606262
          },
          {
            "X": 0.6466443538665771,
            "Y": 0.5777219533920288
          },
          {
            "X": 0.42699888348579407,
            "Y": 0.5776156783103943
          }
        ]
      },
      "Id": "e0cbdeba-ad44-4e6c-978e-96144ca9d021",
      "Relationships": [
        {
          "Type": "CHILD",
          "Ids": [
            "b4e8acf6-22c9-4191-9c2b-fede45721d9d"
          ]
        }
      ],
      "Page": 1
    },
    {
      "BlockType": "CELL",
      "Confidence": 80.6640625,
      "RowIndex": 5,
      "ColumnIndex": 3,
      "RowSpan": 1,
      "ColumnSpan": 1,
      "Geometry": {
        "BoundingBox": {
          "Width": 0.12186485528945923,
          "Height": 0.02938820794224739,
          "Left": 0.6464003920555115,
          "Top": 0.5483925938606262
        },
        "Polygon": [
          {
            "X": 0.6464003920555115,
            "Y": 0.5483925938606262
          },
          {
            "X": 0.767981767654419,
            "Y": 0.54844731092453
          },
          {
            "X": 0.7682652473449707,
            "Y": 0.5777807831764221
          },
          {
            "X": 0.6466443538665771,
            "Y": 0.5777219533920288
          }
        ]
      },
      "Id": "cca3e2d6-90af-4d38-8c20-1cf1518ea09a",
      "Relationships": [
        {
          "Type": "CHILD",
          "Ids": [
            "6a05a5a1-4f78-4a52-bcad-7ccdd0f5a960"
          ]
        }
      ],
      "Page": 1
    },
    {
      "BlockType": "CELL",
      "Confidence": 91.9921875,
      "RowIndex": 6,
      "ColumnIndex": 1,
      "RowSpan": 1,
      "ColumnSpan": 1,
      "Geometry": {
        "BoundingBox": {
          "Width": 0.19084377586841583,
          "Height": 0.041754864156246185,
          "Left": 0.23640026152133942,
          "Top": 0.577523410320282
        },
        "Polygon": [
          {
            "X": 0.23640026152133942,
            "Y": 0.577523410320282
          },
          {
            "X": 0.42699888348579407,
            "Y": 0.5776156783103943
          },
          {
            "X": 0.42724403738975525,
            "Y": 0.6192783117294312
          },
          {
            "X": 0.23655743896961212,
            "Y": 0.6191767454147339
          }
        ]
      },
      "Id": "502bfa76-96d9-4c63-a739-083e4103448d",
      "Relationships": [
        {
          "Type": "CHILD",
          "Ids": [
            "2cd13226-0e50-4957-a4ce-216d061ef096"
          ]
        }
      ],
      "Page": 1
    },
    {
      "BlockType": "CELL",
      "Confidence": 93.798828125,
      "RowIndex": 6,
      "ColumnIndex": 2,
      "RowSpan": 1,
      "ColumnSpan": 1,
      "Geometry": {
        "BoundingBox": {
          "Width": 0.21999207139015198,
          "Height": 0.041779614984989166,
          "Left": 0.42699888348579407,
          "Top": 0.5776156783103943
        },
        "Polygon": [
          {
            "X": 0.42699888348579407,
            "Y": 0.5776156783103943
          },
          {
            "X": 0.6466443538665771,
            "Y": 0.5777219533920288
          },
          {
            "X": 0.646990954875946,
            "Y": 0.6193952560424805
          },
          {
            "X": 0.42724403738975525,
            "Y": 0.6192783117294312
          }
        ]
      },
      "Id": "cb2fffb8-4f83-4e59-8ffd-3373c42ec940",
      "Relationships": [
        {
          "Type": "CHILD",
          "Ids": [
            "fa111e36-c2b9-465a-8d26-6d481c7ee28e"
          ]
        }
      ],
      "Page": 1
    },
    {
      "BlockType": "CELL",
      "Confidence": 89.306640625,
      "RowIndex": 6,
      "ColumnIndex": 3,
      "RowSpan": 1,
      "ColumnSpan": 1,
      "Geometry": {
        "BoundingBox": {
          "Width": 0.12202371656894684,
          "Height": 0.04173810034990311,
          "Left": 0.6466443538665771,
          "Top": 0.5777219533920288
        },
        "Polygon": [
          {
            "X": 0.6466443538665771,
            "Y": 0.5777219533920288
          },
          {
            "X": 0.7682652473449707,
            "Y": 0.5777807831764221
          },
          {
            "X": 0.7686680555343628,
            "Y": 0.6194600462913513
          },
          {
            "X": 0.646990954875946,
            "Y": 0.6193952560424805
          }
        ]
      },
      "Id": "5ae21002-e006-4acf-9678-153c9dc5f639",
      "Relationships": [
        {
          "Type": "CHILD",
          "Ids": [
            "3dcd8fe7-448c-4ca2-9c2b-84c38c20e618"
          ]
        }
      ],
      "Page": 1
    }
  ],
  "AnalyzeDocumentModelVersion": "1.0"
}