{
  "DocumentMetadata": {
    "Pages": 1
  },
  "JobStatus": "SUCCEEDED",
  "Blocks": [
    {
      "BlockType": "PAGE",
      "Geometry": {
        "BoundingBox": {
          "Width": 0.5442413687705994,
          "Height": 0.2863749563694,
          "Left": 0.23014357686042786,
          "Top": 0.3535921573638916
        },
        "Polygon": [
          {
            "X": 0.23014357686042786,
            "Y": 0.3535921573638916
          },
          {
            "X": 0.7709171772003174,
            "Y": 0.35520362854003906
          },
          {
            "X": 0.7743849754333496,
            "Y": 0.6399670839309692
          },
          {
            "X": 0.23185521364212036,
            "Y": 0.6381921172142029
          }
        ]
      },
      "Id": "95c76f5a-f9ac-4534-8fdd-c233e2bb10c1",
      "Relationships": [
        {
          "Type": "CHILD",
          "Ids": [
            "10c99ae8-13bd-4a08-89c0-1cfa0e89a9e1",
            "acaadf43-96e5-48e9-ab4e-4c070c246c88",
            "b2628565-d256-40fd-941d-6b78fc688ac0",
            "61e5b0f7-62a9-48d7-904e-78a3a90ba11a",
            "80f232aa-88d9-439c-9395-2d369b8d4eaa",
            "a533fdc8-5fa7-4059-ac83-3f2d2bf71222",
            "4f3adf4c-7867-4f89-bb18-6cbaa7cd131d",
            "a6cd1184-7a52-45f6-8316-8b092d2a18e8",
            "65b090db-c92b-478a-8ab4-bc098995143d",
            "1cfbf306-5fcd-4c23-a297-913145736e59",
            "ea775ff3-b9c5-4984-a60e-f6dae32983e0",
            "df6b923f-adc4-4f94-a03f-4611edc8c804",
            "1dbca138-3a8a-4d97-a0ef-5638e5256a02",
            "ef4aaf12-c41e-46bf-bc52-6a2c9b98db42",
            "d7c0c2f2-d24b-4bd9-b18c-10d81e8defa2",
            "42d11f38-4995-4b65-851a-19f45fba6fa6",
            "65bff981-7fb8-4b62-ad09-c0df797aedf4",
            "695a5fd8-70cc-4bc7-b497-6dc15e5070b7",
            "280f03e1-5fea-482c-b84d-7aceb45995fd",
            "01f3f747-73cb-45ab-882d-8de801ee430c",
            "5a3f3e9f-81a5-4ea5-a7b9-3bf96d6ad81f",
            "38221d0b-5367-419d-91c2-5efcbc41d0af",
            "66c22f94-bcf6-4ae4-be99-e9eb0e4785dc",
            "405b2f47-50d3-48af-b748-768cf299e409",
            "dca9e8fc-d70f-414f-95bd-06b4cf232372",
            "76d18ce8-e831-486c-b5d4-9ebd0cb3768e"
          ]
        }
      ],
      "Page": 1
    },
    {
      "BlockType": "LINE",
      "Confidence": 99.84320068359375,
      "Text": "Resin",
      "Geometry": {
        "BoundingBox": {
          "Width": 0.034285083413124084,
          "Height": 0.018745090812444687,
          "Left": 0.24827362596988678,
          "Top": 0.3900902271270752
        },
        "Polygon": [
          {
            "X": 0.24827362596988678,
            "Y": 0.3900902271270752
          },
          {
            "X": 0.2824355363845825,
            "Y": 0.39019331336021423
          },
          {
            "X": 0.28255870938301086,
            "Y": 0.4088353216648102
          },
          {
            "X": 0.24838954210281372,
            "Y": 0.4087315797805786
          }
        ]
      },
      "Id": "10c99ae8-13bd-4a08-89c0-1cfa0e89a9e1",
      "Relationships": [
        {
          "Type": "CHILD",
          "Ids": [
            "25ff1b93-0d84-4c88-a240-426cd38cd6f9"
          ]
        }
      ],
      "Page": 1
    },
    {
      "BlockType": "LINE",
      "Confidence": 99.83594512939453,
      "Text": "Weight ratio",
      "Geometry": {
        "BoundingBox": {
          "Width": 0.08202952146530151,
          "Height": 0.02370554581284523,
          "Left": 0.4093261659145355,
          "Top": 0.38981893658638
        },
        "Polygon": [
          {
            "X": 0.4093261659145355,
            "Y": 0.38981893658638
          },
          {
            "X": 0.49114489555358887,
            "Y": 0.3900657594203949
          },
          {
            "X": 0.49135568737983704,
            "Y": 0.41352447867393494
          },
          {
            "X": 0.4095150828361511,
            "Y": 0.41327565908432007
          }
        ]
      },
      "Id": "acaadf43-96e5-48e9-ab4e-4c070c246c88",
      "Relationships": [
        {
          "Type": "CHILD",
          "Ids": [
            "1746b010-a5e2-4d44-a205-34bd46128ff7",
            "ac0fb27e-2f3d-47a1-8b59-80db68307bc3"
          ]
        }
      ],
      "Page": 1
    },
    {
      "BlockType": "LINE",
      "Confidence": 99.9213638305664,
      "Text": "BDM",
      "Geometry": {
        "BoundingBox": {
          "Width": 0.030713586136698723,
          "Height": 0.017845138907432556,
          "Left": 0.40985745191574097,
          "Top": 0.4368991255760193
        },
        "Polygon": [
          {
            "X": 0.40985745191574097,
            "Y": 0.4368991255760193
          },
          {
            "X": 0.4404218792915344,
            "Y": 0.4369927942752838
          },
          {
            "X": 0.44057103991508484,
            "Y": 0.45474424958229065
          },
          {
            "X": 0.41000044345855713,
            "Y": 0.45465001463890076
          }
        ]
      },
      "Id": "b2628565-d256-40fd-941d-6b78fc688ac0",
      "Relationships": [
        {
          "Type": "CHILD",
          "Ids": [
            "585cceef-75d4-4d58-abdc-a3adfc630f2b"
          ]
        }
      ],
      "Page": 1
    },
    {
      "BlockType": "LINE",
      "Confidence": 99.87132263183594,
      "Text": "DBA",
      "Geometry": {
        "BoundingBox": {
          "Width": 0.027793997898697853,
          "Height": 0.017848161980509758,
          "Left": 0.5675268769264221,
          "Top": 0.4369369447231293
        },
        "Polygon": [
          {
            "X": 0.5675268769264221,
            "Y": 0.4369369447231293
          },
          {
            "X": 0.595140278339386,
            "Y": 0.4370215833187103
          },
          {
            "X": 0.5953208208084106,
            "Y": 0.4547851085662842
          },
          {
            "X": 0.5677018165588379,
            "Y": 0.4546999931335449
          }
        ]
      },
      "Id": "61e5b0f7-62a9-48d7-904e-78a3a90ba11a",
      "Relationships": [
        {
          "Type": "CHILD",
          "Ids": [
            "12c181ad-8872-44c4-971f-7cc5df001b6e"
          ]
        }
      ],
      "Page": 1
    },
    {
      "BlockType": "LINE",
      "Confidence": 99.85682678222656,
      "Text": "DOPO",
      "Geometry": {
        "BoundingBox": {
          "Width": 0.037663403898477554,
          "Height": 0.018072519451379776,
          "Left": 0.7216333150863647,
          "Top": 0.43677279353141785
        },
        "Polygon": [
          {
            "X": 0.7216333150863647,
            "Y": 0.43677279353141785
          },
          {
            "X": 0.7590806484222412,
            "Y": 0.4368875324726105
          },
          {
            "X": 0.759296715259552,
            "Y": 0.4548453092575073
          },
          {
            "X": 0.7218416929244995,
            "Y": 0.4547298848628998
          }
        ]
      },
      "Id": "80f232aa-88d9-439c-9395-2d369b8d4eaa",
      "Relationships": [
        {
          "Type": "CHILD",
          "Ids": [
            "8323b498-c4a4-4f8b-a979-a07f023dee9a"
          ]
        }
      ],
      "Page": 1
    },
    {
      "BlockType": "LINE",
      "Confidence": 99.92803192138672,
      "Text": "BD",
      "Geometry": {
        "BoundingBox": {
          "Width": 0.01784706301987171,
          "Height": 0.017547210678458214,
          "Left": 0.2484976351261139,
          "Top": 0.4757858216762543
        },
        "Polygon": [
          {
            "X": 0.2484976351261139,
            "Y": 0.4757858216762543
          },
          {
            "X": 0.2662324607372284,
            "Y": 0.47584089636802673
          },
          {
            "X": 0.26634469628334045,
            "Y": 0.49333304166793823
          },
          {
            "X": 0.248606339097023,
            "Y": 0.4932776391506195
          }
        ]
      },
      "Id": "a533fdc8-5fa7-4059-ac83-3f2d2bf71222",
      "Relationships": [
        {
          "Type": "CHILD",
          "Ids": [
            "e786b637-afb5-4a1a-b8d2-519763b0e02d"
          ]
        }
      ],
      "Page": 1
    },
    {
      "BlockType": "LINE",
      "Confidence": 99.93948364257812,
      "Text": "140",
      "Geometry": {
        "BoundingBox": {
          "Width": 0.022719740867614746,
          "Height": 0.017922574654221535,
          "Left": 0.41077208518981934,
          "Top": 0.4756440222263336
        },
        "Polygon": [
          {
            "X": 0.41077208518981934,
            "Y": 0.4756440222263336
          },
          {
            "X": 0.4333432912826538,
            "Y": 0.4757141172885895
          },
          {
            "X": 0.4334918260574341,
            "Y": 0.4935666024684906
          },
          {
            "X": 0.4109160006046295,
            "Y": 0.4934961199760437
          }
        ]
      },
      "Id": "4f3adf4c-7867-4f89-bb18-6cbaa7cd131d",
      "Relationships": [
        {
          "Type": "CHILD",
          "Ids": [
            "42c18ceb-dca8-4856-bded-d08f67bd4c43"
          ]
        }
      ],
      "Page": 1
    },
    {
      "BlockType": "LINE",
      "Confidence": 99.98082733154297,
      "Text": "70",
      "Geometry": {
        "BoundingBox": {
          "Width": 0.015680504962801933,
          "Height": 0.01764255203306675,
          "Left": 0.5677704215049744,
          "Top": 0.47586655616760254
        },
        "Polygon": [
          {
            "X": 0.5677704215049744,
            "Y": 0.47586655616760254
          },
          {
            "X": 0.5832745432853699,
            "Y": 0.47591468691825867
          },
          {
            "X": 0.5834509134292603,
            "Y": 0.49350911378860474
          },
          {
            "X": 0.5679436922073364,
            "Y": 0.49346068501472473
          }
        ]
      },
      "Id": "a6cd1184-7a52-45f6-8316-8b092d2a18e8",
      "Relationships": [
        {
          "Type": "CHILD",
          "Ids": [
            "ccf14010-1370-4c08-8e76-5f11e28983d3"
          ]
        }
      ],
      "Page": 1
    },
    {
      "BlockType": "LINE",
      "Confidence": 99.47674560546875,
      "Text": "0",
      "Geometry": {
        "BoundingBox": {
          "Width": 0.007879541255533695,
          "Height": 0.017636241391301155,
          "Left": 0.7297295331954956,
          "Top": 0.4760827422142029
        },
        "Polygon": [
          {
            "X": 0.7297295331954956,
            "Y": 0.4760827422142029
          },
          {
            "X": 0.7374016046524048,
            "Y": 0.47610655426979065
          },
          {
            "X": 0.7376090884208679,
            "Y": 0.4937189817428589
          },
          {
            "X": 0.7299354672431946,
            "Y": 0.49369505047798157
          }
        ]
      },
      "Id": "65b090db-c92b-478a-8ab4-bc098995143d",
      "Relationships": [
        {
          "Type": "CHILD",
          "Ids": [
            "5fd97fb3-9877-44e8-8120-d067663ff195"
          ]
        }
      ],
      "Page": 1
    },
    {
      "BlockType": "LINE",
      "Confidence": 97.88265991210938,
      "Text": "BDP1",
      "Geometry": {
        "BoundingBox": {
          "Width": 0.03236449882388115,
          "Height": 0.017926381900906563,
          "Left": 0.24833905696868896,
          "Top": 0.5057596564292908
        },
        "Polygon": [
          {
            "X": 0.24833905696868896,
            "Y": 0.5057596564292908
          },
          {
            "X": 0.280586302280426,
            "Y": 0.5058608055114746
          },
          {
            "X": 0.2807035446166992,
            "Y": 0.5236860513687134
          },
          {
            "X": 0.24844975769519806,
            "Y": 0.5235843062400818
          }
        ]
      },
      "Id": "1cfbf306-5fcd-4c23-a297-913145736e59",
      "Relationships": [
        {
          "Type": "CHILD",
          "Ids": [
            "54b6def0-675a-4e75-942f-b1004e714b56"
          ]
        }
      ],
      "Page": 1
    },
    {
      "BlockType": "LINE",
      "Confidence": 99.97489166259766,
      "Text": "140",
      "Geometry": {
        "BoundingBox": {
          "Width": 0.022973675280809402,
          "Height": 0.017877154052257538,
          "Left": 0.41062289476394653,
          "Top": 0.5055986642837524
        },
        "Polygon": [
          {
            "X": 0.41062289476394653,
            "Y": 0.5055986642837524
          },
          {
            "X": 0.4334484934806824,
            "Y": 0.5056701898574829
          },
          {
            "X": 0.43359658122062683,
            "Y": 0.5234757661819458
          },
          {
            "X": 0.4107663631439209,
            "Y": 0.5234038233757019
          }
        ]
      },
      "Id": "ea775ff3-b9c5-4984-a60e-f6dae32983e0",
      "Relationships": [
        {
          "Type": "CHILD",
          "Ids": [
            "50def59b-182b-44a6-b889-2beebb14711a"
          ]
        }
      ],
      "Page": 1
    },
    {
      "BlockType": "LINE",
      "Confidence": 99.97412109375,
      "Text": "70",
      "Geometry": {
        "BoundingBox": {
          "Width": 0.01605420559644699,
          "Height": 0.018386581912636757,
          "Left": 0.5673885345458984,
          "Top": 0.5055798888206482
        },
        "Polygon": [
          {
            "X": 0.5673885345458984,
            "Y": 0.5055798888206482
          },
          {
            "X": 0.5832589864730835,
            "Y": 0.5056296586990356
          },
          {
            "X": 0.583442747592926,
            "Y": 0.5239664912223816
          },
          {
            "X": 0.5675689578056335,
            "Y": 0.5239164233207703
          }
        ]
      },
      "Id": "df6b923f-adc4-4f94-a03f-4611edc8c804",
      "Relationships": [
        {
          "Type": "CHILD",
          "Ids": [
            "859eb9a4-bb58-4c82-a0d6-38afb7d11f6d"
          ]
        }
      ],
      "Page": 1
    },
    {
      "BlockType": "LINE",
      "Confidence": 98.94295501708984,
      "Text": "8.1",
      "Geometry": {
        "BoundingBox": {
          "Width": 0.017060328274965286,
          "Height": 0.018521608784794807,
          "Left": 0.7298228740692139,
          "Top": 0.5055275559425354
        },
        "Polygon": [
          {
            "X": 0.7298228740692139,
            "Y": 0.5055275559425354
          },
          {
            "X": 0.7466638088226318,
            "Y": 0.5055803060531616
          },
          {
            "X": 0.74688321352005,
            "Y": 0.5240491628646851
          },
          {
            "X": 0.7300387620925903,
            "Y": 0.5239960551261902
          }
        ]
      },
      "Id": "1dbca138-3a8a-4d97-a0ef-5638e5256a02",
      "Relationships": [
        {
          "Type": "CHILD",
          "Ids": [
            "1459b7bf-3a72-4d21-9d65-b794f7c5839a"
          ]
        }
      ],
      "Page": 1
    },
    {
      "BlockType": "LINE",
      "Confidence": 99.3082275390625,
      "Text": "BDP2",
      "Geometry": {
        "BoundingBox": {
          "Width": 0.03386267274618149,
          "Height": 0.01761224865913391,
          "Left": 0.24819746613502502,
          "Top": 0.5358089804649353
        },
        "Polygon": [
          {
            "X": 0.24819746613502502,
            "Y": 0.5358089804649353
          },
          {
            "X": 0.28194475173950195,
            "Y": 0.5359158515930176
          },
          {
            "X": 0.2820601463317871,
            "Y": 0.5534211993217468
          },
          {
            "X": 0.24830612540245056,
            "Y": 0.5533137321472168
          }
        ]
      },
      "Id": "ef4aaf12-c41e-46bf-bc52-6a2c9b98db42",
      "Relationships": [
        {
          "Type": "CHILD",
          "Ids": [
            "f6fe2be5-943d-4dd4-96a5-e88a066014f7"
          ]
        }
      ],
      "Page": 1
    },
    {
      "BlockType": "LINE",
      "Confidence": 99.9699935913086,
      "Text": "140",
      "Geometry": {
        "BoundingBox": {
          "Width": 0.02276640385389328,
          "Height": 0.017664778977632523,
          "Left": 0.410684198141098,
          "Top": 0.5359160900115967
        },
        "Polygon": [
          {
            "X": 0.410684198141098,
            "Y": 0.5359160900115967
          },
          {
            "X": 0.4333043396472931,
            "Y": 0.5359877347946167
          },
          {
            "X": 0.4334506094455719,
            "Y": 0.5535808801651001
          },
          {
            "X": 0.4108259081840515,
            "Y": 0.5535088777542114
          }
        ]
      },
      "Id": "d7c0c2f2-d24b-4bd9-b18c-10d81e8defa2",
      "Relationships": [
        {
          "Type": "CHILD",
          "Ids": [
            "3491b518-6434-4239-a8bf-0e5b975ca766"
          ]
        }
      ],
      "Page": 1
    },
    {
      "BlockType": "LINE",
      "Confidence": 99.95391082763672,
      "Text": "70",
      "Geometry": {
        "BoundingBox": {
          "Width": 0.015754738822579384,
          "Height": 0.01765797846019268,
          "Left": 0.5676115155220032,
          "Top": 0.5357986688613892
        },
        "Polygon": [
          {
            "X": 0.5676115155220032,
            "Y": 0.5357986688613892
          },
          {
            "X": 0.583189845085144,
            "Y": 0.5358479619026184
          },
          {
            "X": 0.5833662152290344,
            "Y": 0.5534566044807434
          },
          {
            "X": 0.5677847862243652,
            "Y": 0.5534070134162903
          }
        ]
      },
      "Id": "42d11f38-4995-4b65-851a-19f45fba6fa6",
      "Relationships": [
        {
          "Type": "CHILD",
          "Ids": [
            "96059a3c-2270-44c8-b380-5de305da9f2b"
          ]
        }
      ],
      "Page": 1
    },
    {
      "BlockType": "LINE",
      "Confidence": 77.86878204345703,
      "Text": "13.0",
      "Geometry": {
        "BoundingBox": {
          "Width": 0.02585650607943535,
          "Height": 0.017426399514079094,
          "Left": 0.7228261232376099,
          "Top": 0.5360298156738281
        },
        "Polygon": [
          {
            "X": 0.7228261232376099,
            "Y": 0.5360298156738281
          },
          {
            "X": 0.7484762668609619,
            "Y": 0.5361109972000122
          },
          {
            "X": 0.7486826181411743,
            "Y": 0.55345618724823
          },
          {
            "X": 0.7230274081230164,
            "Y": 0.5533745288848877
          }
        ]
      },
      "Id": "65bff981-7fb8-4b62-ad09-c0df797aedf4",
      "Relationships": [
        {
          "Type": "CHILD",
          "Ids": [
            "69f162f7-1f9a-48eb-906f-8bb61ba7522e"
          ]
        }
      ],
      "Page": 1
    },
    {
      "BlockType": "LINE",
      "Confidence": 99.69927215576172,
      "Text": "BDP3",
      "Geometry": {
        "BoundingBox": {
          "Width": 0.0334099605679512,
          "Height": 0.017410840839147568,
          "Left": 0.2483779340982437,
          "Top": 0.5658822059631348
        },
        "Polygon": [
          {
            "X": 0.2483779340982437,
            "Y": 0.5658822059631348
          },
          {
            "X": 0.28167393803596497,
            "Y": 0.5659887194633484
          },
          {
            "X": 0.2817879021167755,
            "Y": 0.583293080329895
          },
          {
            "X": 0.24848534166812897,
            "Y": 0.5831859707832336
          }
        ]
      },
      "Id": "695a5fd8-70cc-4bc7-b497-6dc15e5070b7",
      "Relationships": [
        {
          "Type": "CHILD",
          "Ids": [
            "174e5079-6334-451a-9822-2d4dc90e45a0"
          ]
        }
      ],
      "Page": 1
    },
    {
      "BlockType": "LINE",
      "Confidence": 99.90782165527344,
      "Text": "140",
      "Geometry": {
        "BoundingBox": {
          "Width": 0.022713853046298027,
          "Height": 0.017863504588603973,
          "Left": 0.4107758700847626,
          "Top": 0.5656725764274597
        },
        "Polygon": [
          {
            "X": 0.4107758700847626,
            "Y": 0.5656725764274597
          },
          {
            "X": 0.4333418607711792,
            "Y": 0.5657446980476379
          },
          {
            "X": 0.43348971009254456,
            "Y": 0.5835360884666443
          },
          {
            "X": 0.4109191298484802,
            "Y": 0.5834635496139526
          }
        ]
      },
      "Id": "280f03e1-5fea-482c-b84d-7aceb45995fd",
      "Relationships": [
        {
          "Type": "CHILD",
          "Ids": [
            "08cb3df6-2b81-4aa7-904e-d589dde5a8bf"
          ]
        }
      ],
      "Page": 1
    },
    {
      "BlockType": "LINE",
      "Confidence": 99.97168731689453,
      "Text": "70",
      "Geometry": {
        "BoundingBox": {
          "Width": 0.01577405445277691,
          "Height": 0.017704341560602188,
          "Left": 0.5676347017288208,
          "Top": 0.5657541751861572
        },
        "Polygon": [
          {
            "X": 0.5676347017288208,
            "Y": 0.5657541751861572
          },
          {
            "X": 0.5832319259643555,
            "Y": 0.5658040046691895
          },
          {
            "X": 0.5834087133407593,
            "Y": 0.5834585428237915
          },
          {
            "X": 0.5678083300590515,
            "Y": 0.5834083557128906
          }
        ]
      },
      "Id": "01f3f747-73cb-45ab-882d-8de801ee430c",
      "Relationships": [
        {
          "Type": "CHILD",
          "Ids": [
            "dc162add-097d-4a14-a23e-e2fbcf545f92"
          ]
        }
      ],
      "Page": 1
    },
    {
      "BlockType": "LINE",
      "Confidence": 98.02013397216797,
      "Text": "16.2",
      "Geometry": {
        "BoundingBox": {
          "Width": 0.025984661653637886,
          "Height": 0.01766986958682537,
          "Left": 0.7224261164665222,
          "Top": 0.5658502578735352
        },
        "Polygon": [
          {
            "X": 0.7224261164665222,
            "Y": 0.5658502578735352
          },
          {
            "X": 0.7482016682624817,
            "Y": 0.5659326314926147
          },
          {
            "X": 0.7484108209609985,
            "Y": 0.5835201144218445
          },
          {
            "X": 0.7226300835609436,
            "Y": 0.5834372639656067
          }
        ]
      },
      "Id": "5a3f3e9f-81a5-4ea5-a7b9-3bf96d6ad81f",
      "Relationships": [
        {
          "Type": "CHILD",
          "Ids": [
            "91a8422f-064f-4d85-a015-154d824742b9"
          ]
        }
      ],
      "Page": 1
    },
    {
      "BlockType": "LINE",
      "Confidence": 99.1587142944336,
      "Text": "BDP4",
      "Geometry": {
        "BoundingBox": {
          "Width": 0.0341925211250782,
          "Height": 0.017745478078722954,
          "Left": 0.24833250045776367,
          "Top": 0.5957808494567871
        },
        "Polygon": [
          {
            "X": 0.24833250045776367,
            "Y": 0.5957808494567871
          },
          {
            "X": 0.28240877389907837,
            "Y": 0.5958908796310425
          },
          {
            "X": 0.2825250029563904,
            "Y": 0.6135263442993164
          },
          {
            "X": 0.2484419047832489,
            "Y": 0.6134157180786133
          }
        ]
      },
      "Id": "38221d0b-5367-419d-91c2-5efcbc41d0af",
      "Relationships": [
        {
          "Type": "CHILD",
          "Ids": [
            "e37649cd-f23a-411a-acad-431bf5b4dc3f"
          ]
        }
      ],
      "Page": 1
    },
    {
      "BlockType": "LINE",
      "Confidence": 99.97467041015625,
      "Text": "140",
      "Geometry": {
        "BoundingBox": {
          "Width": 0.022843774408102036,
          "Height": 0.018093714490532875,
          "Left": 0.410724401473999,
          "Top": 0.5954732894897461
        },
        "Polygon": [
          {
            "X": 0.410724401473999,
            "Y": 0.5954732894897461
          },
          {
            "X": 0.4334184527397156,
            "Y": 0.5955464839935303
          },
          {
            "X": 0.43356817960739136,
            "Y": 0.6135669946670532
          },
          {
            "X": 0.4108694791793823,
            "Y": 0.6134933233261108
          }
        ]
      },
      "Id": "66c22f94-bcf6-4ae4-be99-e9eb0e4785dc",
      "Relationships": [
        {
          "Type": "CHILD",
          "Ids": [
            "92abe89d-a8ed-45a6-a514-9e17fc28b423"
          ]
        }
      ],
      "Page": 1
    },
    {
      "BlockType": "LINE",
      "Confidence": 99.97489166259766,
      "Text": "70",
      "Geometry": {
        "BoundingBox": {
          "Width": 0.01572246290743351,
          "Height": 0.017853977158665657,
          "Left": 0.5676925778388977,
          "Top": 0.5958693623542786
        },
        "Polygon": [
          {
            "X": 0.5676925778388977,
            "Y": 0.5958693623542786
          },
          {
            "X": 0.583236813545227,
            "Y": 0.5959194898605347
          },
          {
            "X": 0.5834150314331055,
            "Y": 0.6137233376502991
          },
          {
            "X": 0.567867636680603,
            "Y": 0.6136728525161743
          }
        ]
      },
      "Id": "405b2f47-50d3-48af-b748-768cf299e409",
      "Relationships": [
        {
          "Type": "CHILD",
          "Ids": [
            "9de9edb3-356a-4f94-8ca6-381666eac5de"
          ]
        }
      ],
      "Page": 1
    },
    {
      "BlockType": "LINE",
      "Confidence": 94.29159545898438,
      "Text": "19.7",
      "Geometry": {
        "BoundingBox": {
          "Width": 0.026015661656856537,
          "Height": 0.017998579889535904,
          "Left": 0.7226040959358215,
          "Top": 0.5957419276237488
        },
        "Polygon": [
          {
            "X": 0.7226040959358215,
            "Y": 0.5957419276237488
          },
          {
            "X": 0.7484067678451538,
            "Y": 0.5958251953125
          },
          {
            "X": 0.7486197352409363,
            "Y": 0.6137405037879944
          },
          {
            "X": 0.7228118181228638,
            "Y": 0.613656759262085
          }
        ]
      },
      "Id": "dca9e8fc-d70f-414f-95bd-06b4cf232372",
      "Relationships": [
        {
          "Type": "CHILD",
          "Ids": [
            "7d636d14-8a61-4509-a549-2e5e6a319889"
          ]
        }
      ],
      "Page": 1
    },
    {
      "BlockType": "WORD",
      "Confidence": 99.84320068359375,
      "Text": "Resin",
      "TextType": "PRINTED",
      "Geometry": {
        "BoundingBox": {
          "Width": 0.034285083413124084,
          "Height": 0.018745090812444687,
          "Left": 0.24827362596988678,
          "Top": 0.3900902271270752
        },
        "Polygon": [
          {
            "X": 0.24827362596988678,
            "Y": 0.3900902271270752
          },
          {
            "X": 0.2824355363845825,
            "Y": 0.39019331336021423
          },
          {
            "X": 0.28255870938301086,
            "Y": 0.4088353216648102
          },
          {
            "X": 0.24838954210281372,
            "Y": 0.4087315797805786
          }
        ]
      },
      "Id": "25ff1b93-0d84-4c88-a240-426cd38cd6f9",
      "Page": 1
    },
    {
      "BlockType": "WORD",
      "Confidence": 99.73735809326172,
      "Text": "Weight",
      "TextType": "PRINTED",
      "Geometry": {
        "BoundingBox": {
          "Width": 0.04800640419125557,
          "Height": 0.023545460775494576,
          "Left": 0.4093266427516937,
          "Top": 0.389875590801239
        },
        "Polygon": [
          {
            "X": 0.4093266427516937,
            "Y": 0.389875590801239
          },
          {
            "X": 0.45713183283805847,
            "Y": 0.39001980423927307
          },
          {
            "X": 0.4573330283164978,
            "Y": 0.41342103481292725
          },
          {
            "X": 0.4095150828361511,
            "Y": 0.41327565908432007
          }
        ]
      },
      "Id": "1746b010-a5e2-4d44-a205-34bd46128ff7",
      "Page": 1
    },
    {
      "BlockType": "WORD",
      "Confidence": 99.93453216552734,
      "Text": "ratio",
      "TextType": "PRINTED",
      "Geometry": {
        "BoundingBox": {
          "Width": 0.029936138540506363,
          "Height": 0.01859474554657936,
          "Left": 0.46137502789497375,
          "Top": 0.38997596502304077
        },
        "Polygon": [
          {
            "X": 0.46137502789497375,
            "Y": 0.38997596502304077
          },
          {
            "X": 0.49114489555358887,
            "Y": 0.3900657594203949
          },
          {
            "X": 0.4913111925125122,
            "Y": 0.40857070684432983
          },
          {
            "X": 0.4615350365638733,
            "Y": 0.40848031640052795
          }
        ]
      },
      "Id": "ac0fb27e-2f3d-47a1-8b59-80db68307bc3",
      "Page": 1
    },
    {
      "BlockType": "WORD",
      "Confidence": 99.9213638305664,
      "Text": "BDM",
      "TextType": "PRINTED",
      "Geometry": {
        "BoundingBox": {
          "Width": 0.030713586136698723,
          "Height": 0.017845138907432556,
          "Left": 0.40985745191574097,
          "Top": 0.4368991255760193
        },
        "Polygon": [
          {
            "X": 0.40985745191574097,
            "Y": 0.4368991255760193
          },
          {
            "X": 0.4404218792915344,
            "Y": 0.4369927942752838
          },
          {
            "X": 0.44057103991508484,
            "Y": 0.45474424958229065
          },
          {
            "X": 0.41000044345855713,
            "Y": 0.45465001463890076
          }
        ]
      },
      "Id": "585cceef-75d4-4d58-abdc-a3adfc630f2b",
      "Page": 1
    },
    {
      "BlockType": "WORD",
      "Confidence": 99.87132263183594,
      "Text": "DBA",
      "TextType": "PRINTED",
      "Geometry": {
        "BoundingBox": {
          "Width": 0.027793997898697853,
          "Height": 0.017848161980509758,
          "Left": 0.5675268769264221,
          "Top": 0.4369369447231293
        },
        "Polygon": [
          {
            "X": 0.5675268769264221,
            "Y": 0.4369369447231293
          },
          {
            "X": 0.595140278339386,
            "Y": 0.4370215833187103
          },
          {
            "X": 0.5953208208084106,
            "Y": 0.4547851085662842
          },
          {
            "X": 0.5677018165588379,
            "Y": 0.4546999931335449
          }
        ]
      },
      "Id": "12c181ad-8872-44c4-971f-7cc5df001b6e",
      "Page": 1
    },
    {
      "BlockType": "WORD",
      "Confidence": 99.85682678222656,
      "Text": "DOPO",
      "TextType": "PRINTED",
      "Geometry": {
        "BoundingBox": {
          "Width": 0.037663403898477554,
          "Height": 0.018072519451379776,
          "Left": 0.7216333150863647,
          "Top": 0.43677279353141785
        },
        "Polygon": [
          {
            "X": 0.7216333150863647,
            "Y": 0.43677279353141785
          },
          {
            "X": 0.7590806484222412,
            "Y": 0.4368875324726105
          },
          {
            "X": 0.759296715259552,
            "Y": 0.4548453092575073
          },
          {
            "X": 0.7218416929244995,
            "Y": 0.4547298848628998
          }
        ]
      },
      "Id": "8323b498-c4a4-4f8b-a979-a07f023dee9a",
      "Page": 1
    },
    {
      "BlockType": "WORD",
      "Confidence": 99.92803192138672,
      "Text": "BD",
      "TextType": "PRINTED",
      "Geometry": {
        "BoundingBox": {
          "Width": 0.01784706301987171,
          "Height": 0.017547210678458214,
          "Left": 0.2484976351261139,
          "Top": 0.4757858216762543
        },
        "Polygon": [
          {
            "X": 0.2484976351261139,
            "Y": 0.4757858216762543
          },
          {
            "X": 0.2662324607372284,
            "Y": 0.47584089636802673
          },
          {
            "X": 0.26634469628334045,
            "Y": 0.49333304166793823
          },
          {
            "X": 0.248606339097023,
            "Y": 0.4932776391506195
          }
        ]
      },
      "Id": "e786b637-afb5-4a1a-b8d2-519763b0e02d",
      "Page": 1
    },
    {
      "BlockType": "WORD",
      "Confidence": 99.93948364257812,
      "Text": "140",
      "TextType": "PRINTED",
      "Geometry": {
        "BoundingBox": {
          "Width": 0.022719740867614746,
          "Height": 0.017922574654221535,
          "Left": 0.41077208518981934,
          "Top": 0.4756440222263336
        },
        "Polygon": [
          {
            "X": 0.41077208518981934,
            "Y": 0.4756440222263336
          },
          {
            "X": 0.4333432912826538,
            "Y": 0.4757141172885895
          },
          {
            "X": 0.4334918260574341,
            "Y": 0.4935666024684906
          },
          {
            "X": 0.4109160006046295,
            "Y": 0.4934961199760437
          }
        ]
      },
      "Id": "42c18ceb-dca8-4856-bded-d08f67bd4c43",
      "Page": 1
    },
    {
      "BlockType": "WORD",
      "Confidence": 99.98082733154297,
      "Text": "70",
      "TextType": "PRINTED",
      "Geometry": {
        "BoundingBox": {
          "Width": 0.015680504962801933,
          "Height": 0.01764255203306675,
          "Left": 0.5677704215049744,
          "Top": 0.47586655616760254
        },
        "Polygon": [
          {
            "X": 0.5677704215049744,
            "Y": 0.47586655616760254
          },
          {
            "X": 0.5832745432853699,
            "Y": 0.47591468691825867
          },
          {
            "X": 0.5834509134292603,
            "Y": 0.49350911378860474
          },
          {
            "X": 0.5679436922073364,
            "Y": 0.49346068501472473
          }
        ]
      },
      "Id": "ccf14010-1370-4c08-8e76-5f11e28983d3",
      "Page": 1
    },
    {
      "BlockType": "WORD",
      "Confidence": 99.47674560546875,
      "Text": "0",
      "TextType": "PRINTED",
      "Geometry": {
        "BoundingBox": {
          "Width": 0.007879541255533695,
          "Height": 0.017636241391301155,
          "Left": 0.7297295331954956,
          "Top": 0.4760827422142029
        },
        "Polygon": [
          {
            "X": 0.7297295331954956,
            "Y": 0.4760827422142029
          },
          {
            "X": 0.7374016046524048,
            "Y": 0.47610655426979065
          },
          {
            "X": 0.7376090884208679,
            "Y": 0.4937189817428589
          },
          {
            "X": 0.7299354672431946,
            "Y": 0.49369505047798157
          }
        ]
      },
      "Id": "5fd97fb3-9877-44e8-8120-d067663ff195",
      "Page": 1
    },
    {
      "BlockType": "WORD",
      "Confidence": 97.88265991210938,
      "Text": "BDP1",
      "TextType": "PRINTED",
      "Geometry": {
        "BoundingBox": {
          "Width": 0.03236449882388115,
          "Height": 0.017926381900906563,
          "Left": 0.24833905696868896,
          "Top": 0.5057596564292908
        },
        "Polygon": [
          {
            "X": 0.24833905696868896,
            "Y": 0.5057596564292908
          },
          {
            "X": 0.280586302280426,
            "Y": 0.5058608055114746
          },
          {
            "X": 0.2807035446166992,
            "Y": 0.5236860513687134
          },
          {
            "X": 0.24844975769519806,
            "Y": 0.5235843062400818
          }
        ]
      },
      "Id": "54b6def0-675a-4e75-942f-b1004e714b56",
      "Page": 1
    },
    {
      "BlockType": "WORD",
      "Confidence": 99.97489166259766,
      "Text": "140",
      "TextType": "PRINTED",
      "Geometry": {
        "BoundingBox": {
          "Width": 0.022973675280809402,
          "Height": 0.017877154052257538,
          "Left": 0.41062289476394653,
          "Top": 0.5055986642837524
        },
        "Polygon": [
          {
            "X": 0.41062289476394653,
            "Y": 0.5055986642837524
          },
          {
            "X": 0.4334484934806824,
            "Y": 0.5056701898574829
          },
          {
            "X": 0.43359658122062683,
            "Y": 0.5234757661819458
          },
          {
            "X": 0.4107663631439209,
            "Y": 0.5234038233757019
          }
        ]
      },
      "Id": "50def59b-182b-44a6-b889-2beebb14711a",
      "Page": 1
    },
    {
      "BlockType": "WORD",
      "Confidence": 99.97412109375,
      "Text": "70",
      "TextType": "PRINTED",
      "Geometry": {
        "BoundingBox": {
          "Width": 0.01605420559644699,
          "Height": 0.018386581912636757,
          "Left": 0.5673885345458984,
          "Top": 0.5055798888206482
        },
        "Polygon": [
          {
            "X": 0.5673885345458984,
            "Y": 0.5055798888206482
          },
          {
            "X": 0.5832589864730835,
            "Y": 0.5056296586990356
          },
          {
            "X": 0.583442747592926,
            "Y": 0.5239664912223816
          },
          {
            "X": 0.5675689578056335,
            "Y": 0.5239164233207703
          }
        ]
      },
      "Id": "859eb9a4-bb58-4c82-a0d6-38afb7d11f6d",
      "Page": 1
    },
    {
      "BlockType": "WORD",
      "Confidence": 98.94295501708984,
      "Text": "8.1",
      "TextType": "PRINTED",
      "Geometry": {
        "BoundingBox": {
          "Width": 0.017060328274965286,
          "Height": 0.018521608784794807,
          "Left": 0.7298228740692139,
          "Top": 0.5055275559425354
        },
        "Polygon": [
          {
            "X": 0.7298228740692139,
            "Y": 0.5055275559425354
          },
          {
            "X": 0.7466638088226318,
            "Y": 0.5055803060531616
          },
          {
            "X": 0.74688321352005,
            "Y": 0.5240491628646851
          },
          {
            "X": 0.7300387620925903,
            "Y": 0.5239960551261902
          }
        ]
      },
      "Id": "1459b7bf-3a72-4d21-9d65-b794f7c5839a",
      "Page": 1
    },
    {
      "BlockType": "WORD",
      "Confidence": 99.3082275390625,
      "Text": "BDP2",
      "TextType": "PRINTED",
      "Geometry": {
        "BoundingBox": {
          "Width": 0.03386267274618149,
          "Height": 0.01761224865913391,
          "Left": 0.24819746613502502,
          "Top": 0.5358089804649353
        },
        "Polygon": [
          {
            "X": 0.24819746613502502,
            "Y": 0.5358089804649353
          },
          {
            "X": 0.28194475173950195,
            "Y": 0.5359158515930176
          },
          {
            "X": 0.2820601463317871,
            "Y": 0.5534211993217468
          },
          {
            "X": 0.24830612540245056,
            "Y": 0.5533137321472168
          }
        ]
      },
      "Id": "f6fe2be5-943d-4dd4-96a5-e88a066014f7",
      "Page": 1
    },
    {
      "BlockType": "WORD",
      "Confidence": 99.9699935913086,
      "Text": "140",
      "TextType": "PRINTED",
      "Geometry": {
        "BoundingBox": {
          "Width": 0.02276640385389328,
          "Height": 0.017664778977632523,
          "Left": 0.410684198141098,
          "Top": 0.5359160900115967
        },
        "Polygon": [
          {
            "X": 0.410684198141098,
            "Y": 0.5359160900115967
          },
          {
            "X": 0.4333043396472931,
            "Y": 0.5359877347946167
          },
          {
            "X": 0.4334506094455719,
            "Y": 0.5535808801651001
          },
          {
            "X": 0.4108259081840515,
            "Y": 0.5535088777542114
          }
        ]
      },
      "Id": "3491b518-6434-4239-a8bf-0e5b975ca766",
      "Page": 1
    },
    {
      "BlockType": "WORD",
      "Confidence": 99.95391082763672,
      "Text": "70",
      "TextType": "PRINTED",
      "Geometry": {
        "BoundingBox": {
          "Width": 0.015754738822579384,
          "Height": 0.01765797846019268,
          "Left": 0.5676115155220032,
          "Top": 0.5357986688613892
        },
        "Polygon": [
          {
            "X": 0.5676115155220032,
            "Y": 0.5357986688613892
          },
          {
            "X": 0.583189845085144,
            "Y": 0.5358479619026184
          },
          {
            "X": 0.5833662152290344,
            "Y": 0.5534566044807434
          },
          {
            "X": 0.5677847862243652,
            "Y": 0.5534070134162903
          }
        ]
      },
      "Id": "96059a3c-2270-44c8-b380-5de305da9f2b",
      "Page": 1
    },
    {
      "BlockType": "WORD",
      "Confidence": 77.86878204345703,
      "Text": "13.0",
      "TextType": "PRINTED",
      "Geometry": {
        "BoundingBox": {
          "Width": 0.02585650607943535,
          "Height": 0.017426399514079094,
          "Left": 0.7228261232376099,
          "Top": 0.5360298156738281
        },
        "Polygon": [
          {
            "X": 0.7228261232376099,
            "Y": 0.5360298156738281
          },
          {
            "X": 0.7484762668609619,
            "Y": 0.5361109972000122
          },
          {
            "X": 0.7486826181411743,
            "Y": 0.55345618724823
          },
          {
            "X": 0.7230274081230164,
            "Y": 0.5533745288848877
          }
        ]
      },
      "Id": "69f162f7-1f9a-48eb-906f-8bb61ba7522e",
      "Page": 1
    },
    {
      "BlockType": "WORD",
      "Confidence": 99.69927215576172,
      "Text": "BDP3",
      "TextType": "PRINTED",
      "Geometry": {
        "BoundingBox": {
          "Width": 0.0334099605679512,
          "Height": 0.017410840839147568,
          "Left": 0.2483779340982437,
          "Top": 0.5658822059631348
        },
        "Polygon": [
          {
            "X": 0.2483779340982437,
            "Y": 0.5658822059631348
          },
          {
            "X": 0.28167393803596497,
            "Y": 0.5659887194633484
          },
          {
            "X": 0.2817879021167755,
            "Y": 0.583293080329895
          },
          {
            "X": 0.24848534166812897,
            "Y": 0.5831859707832336
          }
        ]
      },
      "Id": "174e5079-6334-451a-9822-2d4dc90e45a0",
      "Page": 1
    },
    {
      "BlockType": "WORD",
      "Confidence": 99.90782165527344,
      "Text": "140",
      "TextType": "PRINTED",
      "Geometry": {
        "BoundingBox": {
          "Width": 0.022713853046298027,
          "Height": 0.017863504588603973,
          "Left": 0.4107758700847626,
          "Top": 0.5656725764274597
        },
        "Polygon": [
          {
            "X": 0.4107758700847626,
            "Y": 0.5656725764274597
          },
          {
            "X": 0.4333418607711792,
            "Y": 0.5657446980476379
          },
          {
            "X": 0.43348971009254456,
            "Y": 0.5835360884666443
          },
          {
            "X": 0.4109191298484802,
            "Y": 0.5834635496139526
          }
        ]
      },
      "Id": "08cb3df6-2b81-4aa7-904e-d589dde5a8bf",
      "Page": 1
    },
    {
      "BlockType": "WORD",
      "Confidence": 99.97168731689453,
      "Text": "70",
      "TextType": "PRINTED",
      "Geometry": {
        "BoundingBox": {
          "Width": 0.01577405445277691,
          "Height": 0.017704341560602188,
          "Left": 0.5676347017288208,
          "Top": 0.5657541751861572
        },
        "Polygon": [
          {
            "X": 0.5676347017288208,
            "Y": 0.5657541751861572
          },
          {
            "X": 0.5832319259643555,
            "Y": 0.5658040046691895
          },
          {
            "X": 0.5834087133407593,
            "Y": 0.5834585428237915
          },
          {
            "X": 0.5678083300590515,
            "Y": 0.5834083557128906
          }
        ]
      },
      "Id": "dc162add-097d-4a14-a23e-e2fbcf545f92",
      "Page": 1
    },
    {
      "BlockType": "WORD",
      "Confidence": 98.02013397216797,
      "Text": "16.2",
      "TextType": "PRINTED",
      "Geometry": {
        "BoundingBox": {
          "Width": 0.025984661653637886,
          "Height": 0.01766986958682537,
          "Left": 0.7224261164665222,
          "Top": 0.5658502578735352
        },
        "Polygon": [
          {
            "X": 0.7224261164665222,
            "Y": 0.5658502578735352
          },
          {
            "X": 0.7482016682624817,
            "Y": 0.5659326314926147
          },
          {
            "X": 0.7484108209609985,
            "Y": 0.5835201144218445
          },
          {
            "X": 0.7226300835609436,
            "Y": 0.5834372639656067
          }
        ]
      },
      "Id": "91a8422f-064f-4d85-a015-154d824742b9",
      "Page": 1
    },
    {
      "BlockType": "WORD",
      "Confidence": 99.1587142944336,
      "Text": "BDP4",
      "TextType": "PRINTED",
      "Geometry": {
        "BoundingBox": {
          "Width": 0.0341925211250782,
          "Height": 0.017745478078722954,
          "Left": 0.24833250045776367,
          "Top": 0.5957808494567871
        },
        "Polygon": [
          {
            "X": 0.24833250045776367,
            "Y": 0.5957808494567871
          },
          {
            "X": 0.28240877389907837,
            "Y": 0.5958908796310425
          },
          {
            "X": 0.2825250029563904,
            "Y": 0.6135263442993164
          },
          {
            "X": 0.2484419047832489,
            "Y": 0.6134157180786133
          }
        ]
      },
      "Id": "e37649cd-f23a-411a-acad-431bf5b4dc3f",
      "Page": 1
    },
    {
      "BlockType": "WORD",
      "Confidence": 99.97467041015625,
      "Text": "140",
      "TextType": "PRINTED",
      "Geometry": {
        "BoundingBox": {
          "Width": 0.022843774408102036,
          "Height": 0.018093714490532875,
          "Left": 0.410724401473999,
          "Top": 0.5954732894897461
        },
        "Polygon": [
          {
            "X": 0.410724401473999,
            "Y": 0.5954732894897461
          },
          {
            "X": 0.4334184527397156,
            "Y": 0.5955464839935303
          },
          {
            "X": 0.43356817960739136,
            "Y": 0.6135669946670532
          },
          {
            "X": 0.4108694791793823,
            "Y": 0.6134933233261108
          }
        ]
      },
      "Id": "92abe89d-a8ed-45a6-a514-9e17fc28b423",
      "Page": 1
    },
    {
      "BlockType": "WORD",
      "Confidence": 99.97489166259766,
      "Text": "70",
      "TextType": "PRINTED",
      "Geometry": {
        "BoundingBox": {
          "Width": 0.01572246290743351,
          "Height": 0.017853977158665657,
          "Left": 0.5676925778388977,
          "Top": 0.5958693623542786
        },
        "Polygon": [
          {
            "X": 0.5676925778388977,
            "Y": 0.5958693623542786
          },
          {
            "X": 0.583236813545227,
            "Y": 0.5959194898605347
          },
          {
            "X": 0.5834150314331055,
            "Y": 0.6137233376502991
          },
          {
            "X": 0.567867636680603,
            "Y": 0.6136728525161743
          }
        ]
      },
      "Id": "9de9edb3-356a-4f94-8ca6-381666eac5de",
      "Page": 1
    },
    {
      "BlockType": "WORD",
      "Confidence": 94.29159545898438,
      "Text": "19.7",
      "TextType": "PRINTED",
      "Geometry": {
        "BoundingBox": {
          "Width": 0.026015661656856537,
          "Height": 0.017998579889535904,
          "Left": 0.7226040959358215,
          "Top": 0.5957419276237488
        },
        "Polygon": [
          {
            "X": 0.7226040959358215,
            "Y": 0.5957419276237488
          },
          {
            "X": 0.7484067678451538,
            "Y": 0.5958251953125
          },
          {
            "X": 0.7486197352409363,
            "Y": 0.6137405037879944
          },
          {
            "X": 0.7228118181228638,
            "Y": 0.613656759262085
          }
        ]
      },
      "Id": "7d636d14-8a61-4509-a549-2e5e6a319889",
      "Page": 1
    },
    {
      "BlockType": "TABLE",
      "Confidence": 99.072265625,
      "Geometry": {
        "BoundingBox": {
          "Width": 0.5374338030815125,
          "Height": 0.249803364276886,
          "Left": 0.23352400958538055,
          "Top": 0.37620311975479126
        },
        "Polygon": [
          {
            "X": 0.23352400958538055,
            "Y": 0.37620311975479126
          },
          {
            "X": 0.7679445147514343,
            "Y": 0.3778080642223358
          },
          {
            "X": 0.7709578275680542,
            "Y": 0.6260064840316772
          },
          {
            "X": 0.23502503335475922,
            "Y": 0.6242607235908508
          }
        ]
      },
      "Id": "76d18ce8-e831-486c-b5d4-9ebd0cb3768e",
      "Relationships": [
        {
          "Type": "CHILD",
          "Ids": [
            "e0289dc9-f349-4834-bf0a-dd7dab677d72",
            "04a839b0-7254-454b-b9bc-a63607cd5071",
            "64ad06b9-782c-4bb9-8931-e1be796cd2c6",
            "531ede11-4e2d-4e1c-bec6-e03d17a165a3",
            "040fb967-c52f-4553-a5cc-5a8094a82a5a",
            "8d89d525-2d74-4eb0-91e5-fe001ec9931b",
            "310a72ec-c875-4b68-be65-4d98304848b4",
            "047538ef-07ad-4bec-a25c-5f75b6da4081",
            "787ed260-9956-4886-bdd8-5013fa239815",
            "cff0b878-eec4-428b-9e3a-42e0b7e48e7f",
            "2813d979-d7d8-4364-8af8-51aa3cea3715",
            "ee8037d6-86f0-450e-bcad-407dbfba56f2",
            "2cbb3f32-6341-41f0-b314-8d89d903e5d1",
            "e0d145ee-6157-48bc-b102-11c0509fd8c4",
            "f03e8928-d4fa-4a75-932c-e4ea7fe524ff",
            "185f95d2-7fd0-439f-ad98-1ab3a5e86e2c",
            "278c422b-54d5-4e31-a966-1630318f6df6",
            "af9af420-d5d6-4452-bb95-95580b10b336",
            "30db1017-27b7-4c2f-807f-31a7922f8c0e",
            "df988dad-70d7-48d6-9eba-3fe9499c95d1",
            "8b9497c1-425e-45dd-95ec-03bbbf49728e",
            "5b05d7ef-aada-43ed-976a-aff719795aa8",
            "79df8428-70a2-4a32-ae88-65dccbca25eb",
            "e10c9fb0-a889-451e-908e-7d56739c1cb1",
            "0322c457-0a0f-4d5a-8fc6-bdf0328d7471",
            "94d0b24e-16ec-424f-acb3-62815ebcdded",
            "bc015d98-654d-43a9-93ba-11cf63bbbf2c",
            "1d587d16-9979-4fe2-a3c5-ae5a3a15e7d8"
          ]
        },
        {
          "Type": "MERGED_CELL",
          "Ids": [
            "97b5e59f-b7b2-4224-9d0d-a2c28ef6fe8c",
            "77624da6-1330-4a3f-9d65-624a8011e6c6"
          ]
        }
      ],
      "EntityTypes": [
        "STRUCTURED_TABLE"
      ],
      "Page": 1
    },
    {
      "BlockType": "CELL",
      "Confidence": 46.77734375,
      "RowIndex": 1,
      "ColumnIndex": 1,
      "RowSpan": 1,
      "ColumnSpan": 1,
      "Geometry": {
        "BoundingBox": {
          "Width": 0.16572315990924835,
          "Height": 0.045539673417806625,
          "Left": 0.23335494101047516,
          "Top": 0.3761015832424164
        },
        "Polygon": [
          {
            "X": 0.23335494101047516,
            "Y": 0.3761015832424164
          },
          {
            "X": 0.39872074127197266,
            "Y": 0.37659817934036255
          },
          {
            "X": 0.3990781009197235,
            "Y": 0.4216412603855133
          },
          {
            "X": 0.23362736403942108,
            "Y": 0.4211367666721344
          }
        ]
      },
      "Id": "e0289dc9-f349-4834-bf0a-dd7dab677d72",
      "Relationships": [
        {
          "Type": "CHILD",
          "Ids": [
            "25ff1b93-0d84-4c88-a240-426cd38cd6f9"
          ]
        }
      ],
      "EntityTypes": [
        "COLUMN_HEADER"
      ],
      "Page": 1
    },
    {
      "BlockType": "CELL",
      "Confidence": 63.0859375,
      "RowIndex": 1,
      "ColumnIndex": 2,
      "RowSpan": 1,
      "ColumnSpan": 1,
      "Geometry": {
        "BoundingBox": {
          "Width": 0.12275004386901855,
          "Height": 0.045416273176670074,
          "Left": 0.39872074127197266,
          "Top": 0.37659817934036255
        },
        "Polygon": [
          {
            "X": 0.39872074127197266,
            "Y": 0.37659817934036255
          },
          {
            "X": 0.5210506319999695,
            "Y": 0.37696555256843567
          },
          {
            "X": 0.5214707851409912,
            "Y": 0.422014445066452
          },
          {
            "X": 0.3990781009197235,
            "Y": 0.4216412603855133
          }
        ]
      },
      "Id": "04a839b0-7254-454b-b9bc-a63607cd5071",
      "Relationships": [
        {
          "Type": "CHILD",
          "Ids": [
            "1746b010-a5e2-4d44-a205-34bd46128ff7",
            "ac0fb27e-2f3d-47a1-8b59-80db68307bc3"
          ]
        }
      ],
      "EntityTypes": [
        "COLUMN_HEADER"
      ],
      "Page": 1
    },
    {
      "BlockType": "CELL",
      "Confidence": 63.0859375,
      "RowIndex": 1,
      "ColumnIndex": 3,
      "RowSpan": 1,
      "ColumnSpan": 1,
      "Geometry": {
        "BoundingBox": {
          "Width": 0.14286543428897858,
          "Height": 0.04548325389623642,
          "Left": 0.5210506319999695,
          "Top": 0.37696555256843567
        },
        "Polygon": [
          {
            "X": 0.5210506319999695,
            "Y": 0.37696555256843567
          },
          {
            "X": 0.663422703742981,
            "Y": 0.37739309668540955
          },
          {
            "X": 0.6639160513877869,
            "Y": 0.4224487841129303
          },
          {
            "X": 0.5214707851409912,
            "Y": 0.422014445066452
          }
        ]
      },
      "Id": "64ad06b9-782c-4bb9-8931-e1be796cd2c6",
      "EntityTypes": [
        "COLUMN_HEADER"
      ],
      "Page": 1
    },
    {
      "BlockType": "CELL",
      "Confidence": 63.0859375,
      "RowIndex": 1,
      "ColumnIndex": 4,
      "RowSpan": 1,
      "ColumnSpan": 1,
      "Geometry": {
        "BoundingBox": {
          "Width": 0.10523637384176254,
          "Height": 0.04537509009242058,
          "Left": 0.663422703742981,
          "Top": 0.37739309668540955
        },
        "Polygon": [
          {
            "X": 0.663422703742981,
            "Y": 0.37739309668540955
          },
          {
            "X": 0.7681118845939636,
            "Y": 0.37770748138427734
          },
          {
            "X": 0.7686590552330017,
            "Y": 0.42276817560195923
          },
          {
            "X": 0.6639160513877869,
            "Y": 0.4224487841129303
          }
        ]
      },
      "Id": "531ede11-4e2d-4e1c-bec6-e03d17a165a3",
      "EntityTypes": [
        "COLUMN_HEADER"
      ],
      "Page": 1
    },
    {
      "BlockType": "CELL",
      "Confidence": 46.77734375,
      "RowIndex": 2,
      "ColumnIndex": 1,
      "RowSpan": 1,
      "ColumnSpan": 1,
      "Geometry": {
        "BoundingBox": {
          "Width": 0.16581839323043823,
          "Height": 0.04684697091579437,
          "Left": 0.23362736403942108,
          "Top": 0.4211367666721344
        },
        "Polygon": [
          {
            "X": 0.23362736403942108,
            "Y": 0.4211367666721344
          },
          {
            "X": 0.3990781009197235,
            "Y": 0.4216412603855133
          },
          {
            "X": 0.3994457721710205,
            "Y": 0.4679837226867676
          },
          {
            "X": 0.23390765488147736,
            "Y": 0.4674711227416992
          }
        ]
      },
      "Id": "040fb967-c52f-4553-a5cc-5a8094a82a5a",
      "EntityTypes": [
        "COLUMN_HEADER"
      ],
      "Page": 1
    },
    {
      "BlockType": "CELL",
      "Confidence": 78.41796875,
      "RowIndex": 2,
      "ColumnIndex": 2,
      "RowSpan": 1,
      "ColumnSpan": 1,
      "Geometry": {
        "BoundingBox": {
          "Width": 0.1228250041604042,
          "Height": 0.0467216894030571,
          "Left": 0.3990781009197235,
          "Top": 0.4216412603855133
        },
        "Polygon": [
          {
            "X": 0.3990781009197235,
            "Y": 0.4216412603855133
          },
          {
            "X": 0.5214707851409912,
            "Y": 0.422014445066452
          },
          {
            "X": 0.5219030976295471,
            "Y": 0.468362957239151
          },
          {
            "X": 0.3994457721710205,
            "Y": 0.4679837226867676
          }
        ]
      },
      "Id": "8d89d525-2d74-4eb0-91e5-fe001ec9931b",
      "Relationships": [
        {
          "Type": "CHILD",
          "Ids": [
            "585cceef-75d4-4d58-abdc-a3adfc630f2b"
          ]
        }
      ],
      "EntityTypes": [
        "COLUMN_HEADER"
      ],
      "Page": 1
    },
    {
      "BlockType": "CELL",
      "Confidence": 89.794921875,
      "RowIndex": 2,
      "ColumnIndex": 3,
      "RowSpan": 1,
      "ColumnSpan": 1,
      "Geometry": {
        "BoundingBox": {
          "Width": 0.1429528295993805,
          "Height": 0.046789832413196564,
          "Left": 0.5214707851409912,
          "Top": 0.422014445066452
        },
        "Polygon": [
          {
            "X": 0.5214707851409912,
            "Y": 0.422014445066452
          },
          {
            "X": 0.6639160513877869,
            "Y": 0.4224487841129303
          },
          {
            "X": 0.6644236445426941,
            "Y": 0.468804270029068
          },
          {
            "X": 0.5219030976295471,
            "Y": 0.468362957239151
          }
        ]
      },
      "Id": "310a72ec-c875-4b68-be65-4d98304848b4",
      "Relationships": [
        {
          "Type": "CHILD",
          "Ids": [
            "12c181ad-8872-44c4-971f-7cc5df001b6e"
          ]
        }
      ],
      "EntityTypes": [
        "COLUMN_HEADER"
      ],
      "Page": 1
    },
    {
      "BlockType": "CELL",
      "Confidence": 83.88671875,
      "RowIndex": 2,
      "ColumnIndex": 4,
      "RowSpan": 1,
      "ColumnSpan": 1,
      "Geometry": {
        "BoundingBox": {
          "Width": 0.10513714700937271,
          "Height": 0.04667949303984642,
          "Left": 0.6639160513877869,
          "Top": 0.4224487841129303
        },
        "Polygon": [
          {
            "X": 0.6639160513877869,
            "Y": 0.4224487841129303
          },
          {
            "X": 0.7684903144836426,
            "Y": 0.42276766896247864
          },
          {
            "X": 0.7690531611442566,
            "Y": 0.469128280878067
          },
          {
            "X": 0.6644236445426941,
            "Y": 0.468804270029068
          }
        ]
      },
      "Id": "047538ef-07ad-4bec-a25c-5f75b6da4081",
      "Relationships": [
        {
          "Type": "CHILD",
          "Ids": [
            "8323b498-c4a4-4f8b-a979-a07f023dee9a"
          ]
        }
      ],
      "EntityTypes": [
        "COLUMN_HEADER"
      ],
      "Page": 1
    },
    {
      "BlockType": "CELL",
      "Confidence": 46.4111328125,
      "RowIndex": 3,
      "ColumnIndex": 1,
      "RowSpan": 1,
      "ColumnSpan": 1,
      "Geometry": {
        "BoundingBox": {
          "Width": 0.16561812162399292,
          "Height": 0.03185228630900383,
          "Left": 0.23407627642154694,
          "Top": 0.4674716293811798
        },
        "Polygon": [
          {
            "X": 0.23407627642154694,
            "Y": 0.4674716293811798
          },
          {
            "X": 0.3994457721710205,
            "Y": 0.4679837226867676
          },
          {
            "X": 0.39969441294670105,
            "Y": 0.49932393431663513
          },
          {
            "X": 0.23426589369773865,
            "Y": 0.49880632758140564
          }
        ]
      },
      "Id": "787ed260-9956-4886-bdd8-5013fa239815",
      "Relationships": [
        {
          "Type": "CHILD",
          "Ids": [
            "e786b637-afb5-4a1a-b8d2-519763b0e02d"
          ]
        }
      ],
      "Page": 1
    },
    {
      "BlockType": "CELL",
      "Confidence": 78.125,
      "RowIndex": 3,
      "ColumnIndex": 2,
      "RowSpan": 1,
      "ColumnSpan": 1,
      "Geometry": {
        "BoundingBox": {
          "Width": 0.1227497085928917,
          "Height": 0.031723469495773315,
          "Left": 0.3994457721710205,
          "Top": 0.4679837226867676
        },
        "Polygon": [
          {
            "X": 0.3994457721710205,
            "Y": 0.4679837226867676
          },
          {
            "X": 0.5219030976295471,
            "Y": 0.468362957239151
          },
          {
            "X": 0.5221954584121704,
            "Y": 0.4997071921825409
          },
          {
            "X": 0.39969441294670105,
            "Y": 0.49932393431663513
          }
        ]
      },
      "Id": "cff0b878-eec4-428b-9e3a-42e0b7e48e7f",
      "Relationships": [
        {
          "Type": "CHILD",
          "Ids": [
            "42c18ceb-dca8-4856-bded-d08f67bd4c43"
          ]
        }
      ],
      "Page": 1
    },
    {
      "BlockType": "CELL",
      "Confidence": 89.453125,
      "RowIndex": 3,
      "ColumnIndex": 3,
      "RowSpan": 1,
      "ColumnSpan": 1,
      "Geometry": {
        "BoundingBox": {
          "Width": 0.14286376535892487,
          "Height": 0.03179033845663071,
          "Left": 0.5219030976295471,
          "Top": 0.468362957239151
        },
        "Polygon": [
          {
            "X": 0.5219030976295471,
            "Y": 0.468362957239151
          },
          {
            "X": 0.6644236445426941,
            "Y": 0.468804270029068
          },
          {
            "X": 0.6647669076919556,
            "Y": 0.5001533031463623
          },
          {
            "X": 0.5221954584121704,
            "Y": 0.4997071921825409
          }
        ]
      },
      "Id": "2813d979-d7d8-4364-8af8-51aa3cea3715",
      "Relationships": [
        {
          "Type": "CHILD",
          "Ids": [
            "ccf14010-1370-4c08-8e76-5f11e28983d3"
          ]
        }
      ],
      "Page": 1
    },
    {
      "BlockType": "CELL",
      "Confidence": 83.49609375,
      "RowIndex": 3,
      "ColumnIndex": 4,
      "RowSpan": 1,
      "ColumnSpan": 1,
      "Geometry": {
        "BoundingBox": {
          "Width": 0.10501021146774292,
          "Height": 0.03167647868394852,
          "Left": 0.6644236445426941,
          "Top": 0.468804270029068
        },
        "Polygon": [
          {
            "X": 0.6644236445426941,
            "Y": 0.468804270029068
          },
          {
            "X": 0.7690531611442566,
            "Y": 0.469128280878067
          },
          {
            "X": 0.769433856010437,
            "Y": 0.5004807710647583
          },
          {
            "X": 0.6647669076919556,
            "Y": 0.5001533031463623
          }
        ]
      },
      "Id": "ee8037d6-86f0-450e-bcad-407dbfba56f2",
      "Relationships": [
        {
          "Type": "CHILD",
          "Ids": [
            "5fd97fb3-9877-44e8-8120-d067663ff195"
          ]
        }
      ],
      "Page": 1
    },
    {
      "BlockType": "CELL",
      "Confidence": 45.5078125,
      "RowIndex": 4,
      "ColumnIndex": 1,
      "RowSpan": 1,
      "ColumnSpan": 1,
      "Geometry": {
        "BoundingBox": {
          "Width": 0.1656673699617386,
          "Height": 0.030625220388174057,
          "Left": 0.23426589369773865,
          "Top": 0.49880632758140564
        },
        "Polygon": [
          {
            "X": 0.23426589369773865,
            "Y": 0.49880632758140564
          },
          {
            "X": 0.39969441294670105,
            "Y": 0.49932393431663513
          },
          {
            "X": 0.3999332785606384,
            "Y": 0.5294315218925476
          },
          {
            "X": 0.23444804549217224,
            "Y": 0.5289086699485779
          }
        ]
      },
      "Id": "2cbb3f32-6341-41f0-b314-8d89d903e5d1",
      "Relationships": [
        {
          "Type": "CHILD",
          "Ids": [
            "54b6def0-675a-4e75-942f-b1004e714b56"
          ]
        }
      ],
      "Page": 1
    },
    {
      "BlockType": "CELL",
      "Confidence": 76.611328125,
      "RowIndex": 4,
      "ColumnIndex": 2,
      "RowSpan": 1,
      "ColumnSpan": 1,
      "Geometry": {
        "BoundingBox": {
          "Width": 0.12278193235397339,
          "Height": 0.030494820326566696,
          "Left": 0.39969441294670105,
          "Top": 0.49932393431663513
        },
        "Polygon": [
          {
            "X": 0.39969441294670105,
            "Y": 0.49932393431663513
          },
          {
            "X": 0.5221954584121704,
            "Y": 0.4997071921825409
          },
          {
            "X": 0.522476315498352,
            "Y": 0.5298187136650085
          },
          {
            "X": 0.3999332785606384,
            "Y": 0.5294315218925476
          }
        ]
      },
      "Id": "e0d145ee-6157-48bc-b102-11c0509fd8c4",
      "Relationships": [
        {
          "Type": "CHILD",
          "Ids": [
            "50def59b-182b-44a6-b889-2beebb14711a"
          ]
        }
      ],
      "Page": 1
    },
    {
      "BlockType": "CELL",
      "Confidence": 87.6953125,
      "RowIndex": 4,
      "ColumnIndex": 3,
      "RowSpan": 1,
      "ColumnSpan": 1,
      "Geometry": {
        "BoundingBox": {
          "Width": 0.14290116727352142,
          "Height": 0.03056216984987259,
          "Left": 0.5221954584121704,
          "Top": 0.4997071921825409
        },
        "Polygon": [
          {
            "X": 0.5221954584121704,
            "Y": 0.4997071921825409
          },
          {
            "X": 0.6647669076919556,
            "Y": 0.5001533031463623
          },
          {
            "X": 0.665096640586853,
            "Y": 0.5302693843841553
          },
          {
            "X": 0.522476315498352,
            "Y": 0.5298187136650085
          }
        ]
      },
      "Id": "f03e8928-d4fa-4a75-932c-e4ea7fe524ff",
      "Relationships": [
        {
          "Type": "CHILD",
          "Ids": [
            "859eb9a4-bb58-4c82-a0d6-38afb7d11f6d"
          ]
        }
      ],
      "Page": 1
    },
    {
      "BlockType": "CELL",
      "Confidence": 81.884765625,
      "RowIndex": 4,
      "ColumnIndex": 4,
      "RowSpan": 1,
      "ColumnSpan": 1,
      "Geometry": {
        "BoundingBox": {
          "Width": 0.10503261536359787,
          "Height": 0.030446916818618774,
          "Left": 0.6647669076919556,
          "Top": 0.5001533031463623
        },
        "Polygon": [
          {
            "X": 0.6647669076919556,
            "Y": 0.5001533031463623
          },
          {
            "X": 0.769433856010437,
            "Y": 0.5004807710647583
          },
          {
            "X": 0.769799530506134,
            "Y": 0.5306001901626587
          },
          {
            "X": 0.665096640586853,
            "Y": 0.5302693843841553
          }
        ]
      },
      "Id": "185f95d2-7fd0-439f-ad98-1ab3a5e86e2c",
      "Relationships": [
        {
          "Type": "CHILD",
          "Ids": [
            "1459b7bf-3a72-4d21-9d65-b794f7c5839a"
          ]
        }
      ],
      "Page": 1
    },
    {
      "BlockType": "CELL",
      "Confidence": 46.0205078125,
      "RowIndex": 5,
      "ColumnIndex": 1,
      "RowSpan": 1,
      "ColumnSpan": 1,
      "Geometry": {
        "BoundingBox": {
          "Width": 0.1657242476940155,
          "Height": 0.030651139095425606,
          "Left": 0.23444804549217224,
          "Top": 0.5289086699485779
        },
        "Polygon": [
          {
            "X": 0.23444804549217224,
            "Y": 0.5289086699485779
          },
          {
            "X": 0.3999332785606384,
            "Y": 0.5294315218925476
          },
          {
            "X": 0.40017229318618774,
            "Y": 0.5595598220825195
          },
          {
            "X": 0.23463033139705658,
            "Y": 0.5590316653251648
          }
        ]
      },
      "Id": "278c422b-54d5-4e31-a966-1630318f6df6",
      "Relationships": [
        {
          "Type": "CHILD",
          "Ids": [
            "f6fe2be5-943d-4dd4-96a5-e88a066014f7"
          ]
        }
      ],
      "Page": 1
    },
    {
      "BlockType": "CELL",
      "Confidence": 77.44140625,
      "RowIndex": 5,
      "ColumnIndex": 2,
      "RowSpan": 1,
      "ColumnSpan": 1,
      "Geometry": {
        "BoundingBox": {
          "Width": 0.12282413244247437,
          "Height": 0.030519375577569008,
          "Left": 0.3999332785606384,
          "Top": 0.5294315218925476
        },
        "Polygon": [
          {
            "X": 0.3999332785606384,
            "Y": 0.5294315218925476
          },
          {
            "X": 0.522476315498352,
            "Y": 0.5298187136650085
          },
          {
            "X": 0.5227574110031128,
            "Y": 0.5599509477615356
          },
          {
            "X": 0.40017229318618774,
            "Y": 0.5595598220825195
          }
        ]
      },
      "Id": "af9af420-d5d6-4452-bb95-95580b10b336",
      "Relationships": [
        {
          "Type": "CHILD",
          "Ids": [
            "3491b518-6434-4239-a8bf-0e5b975ca766"
          ]
        }
      ],
      "Page": 1
    },
    {
      "BlockType": "CELL",
      "Confidence": 88.671875,
      "RowIndex": 5,
      "ColumnIndex": 3,
      "RowSpan": 1,
      "ColumnSpan": 1,
      "Geometry": {
        "BoundingBox": {
          "Width": 0.14295029640197754,
          "Height": 0.030587371438741684,
          "Left": 0.522476315498352,
          "Top": 0.5298187136650085
        },
        "Polygon": [
          {
            "X": 0.522476315498352,
            "Y": 0.5298187136650085
          },
          {
            "X": 0.665096640586853,
            "Y": 0.5302693843841553
          },
          {
            "X": 0.6654266119003296,
            "Y": 0.5604060888290405
          },
          {
            "X": 0.5227574110031128,
            "Y": 0.5599509477615356
          }
        ]
      },
      "Id": "30db1017-27b7-4c2f-807f-31a7922f8c0e",
      "Relationships": [
        {
          "Type": "CHILD",
          "Ids": [
            "96059a3c-2270-44c8-b380-5de305da9f2b"
          ]
        }
      ],
      "Page": 1
    },
    {
      "BlockType": "CELL",
      "Confidence": 82.8125,
      "RowIndex": 5,
      "ColumnIndex": 4,
      "RowSpan": 1,
      "ColumnSpan": 1,
      "Geometry": {
        "BoundingBox": {
          "Width": 0.10506877303123474,
          "Height": 0.030470913276076317,
          "Left": 0.665096640586853,
          "Top": 0.5302693843841553
        },
        "Polygon": [
          {
            "X": 0.665096640586853,
            "Y": 0.5302693843841553
          },
          {
            "X": 0.769799530506134,
            "Y": 0.5306001901626587
          },
          {
            "X": 0.7701654434204102,
            "Y": 0.5607402920722961
          },
          {
            "X": 0.6654266119003296,
            "Y": 0.5604060888290405
          }
        ]
      },
      "Id": "df988dad-70d7-48d6-9eba-3fe9499c95d1",
      "Relationships": [
        {
          "Type": "CHILD",
          "Ids": [
            "69f162f7-1f9a-48eb-906f-8bb61ba7522e"
          ]
        }
      ],
      "Page": 1
    },
    {
      "BlockType": "CELL",
      "Confidence": 45.1171875,
      "RowIndex": 6,
      "ColumnIndex": 1,
      "RowSpan": 1,
      "ColumnSpan": 1,
      "Geometry": {
        "BoundingBox": {
          "Width": 0.16577118635177612,
          "Height": 0.02942047081887722,
          "Left": 0.23463033139705658,
          "Top": 0.5590316653251648
        },
        "Polygon": [
          {
            "X": 0.23463033139705658,
            "Y": 0.5590316653251648
          },
          {
            "X": 0.40017229318618774,
            "Y": 0.5595598220825195
          },
          {
            "X": 0.4004015028476715,
            "Y": 0.5884521007537842
          },
          {
            "X": 0.2348051220178604,
            "Y": 0.5879188776016235
          }
        ]
      },
      "Id": "8b9497c1-425e-45dd-95ec-03bbbf49728e",
      "Relationships": [
        {
          "Type": "CHILD",
          "Ids": [
            "174e5079-6334-451a-9822-2d4dc90e45a0"
          ]
        }
      ],
      "Page": 1
    },
    {
      "BlockType": "CELL",
      "Confidence": 75.927734375,
      "RowIndex": 6,
      "ColumnIndex": 2,
      "RowSpan": 1,
      "ColumnSpan": 1,
      "Geometry": {
        "BoundingBox": {
          "Width": 0.12285463511943817,
          "Height": 0.029287174344062805,
          "Left": 0.40017229318618774,
          "Top": 0.5595598220825195
        },
        "Polygon": [
          {
            "X": 0.40017229318618774,
            "Y": 0.5595598220825195
          },
          {
            "X": 0.5227574110031128,
            "Y": 0.5599509477615356
          },
          {
            "X": 0.5230269432067871,
            "Y": 0.5888469815254211
          },
          {
            "X": 0.4004015028476715,
            "Y": 0.5884521007537842
          }
        ]
      },
      "Id": "5b05d7ef-aada-43ed-976a-aff719795aa8",
      "Relationships": [
        {
          "Type": "CHILD",
          "Ids": [
            "08cb3df6-2b81-4aa7-904e-d589dde5a8bf"
          ]
        }
      ],
      "Page": 1
    },
    {
      "BlockType": "CELL",
      "Confidence": 86.962890625,
      "RowIndex": 6,
      "ColumnIndex": 3,
      "RowSpan": 1,
      "ColumnSpan": 1,
      "Geometry": {
        "BoundingBox": {
          "Width": 0.14298570156097412,
          "Height": 0.029355628415942192,
          "Left": 0.5227574110031128,
          "Top": 0.5599509477615356
        },
        "Polygon": [
          {
            "X": 0.5227574110031128,
            "Y": 0.5599509477615356
          },
          {
            "X": 0.6654266119003296,
            "Y": 0.5604060888290405
          },
          {
            "X": 0.6657431125640869,
            "Y": 0.5893065333366394
          },
          {
            "X": 0.5230269432067871,
            "Y": 0.5888469815254211
          }
        ]
      },
      "Id": "79df8428-70a2-4a32-ae88-65dccbca25eb",
      "Relationships": [
        {
          "Type": "CHILD",
          "Ids": [
            "dc162add-097d-4a14-a23e-e2fbcf545f92"
          ]
        }
      ],
      "Page": 1
    },
    {
      "BlockType": "CELL",
      "Confidence": 81.201171875,
      "RowIndex": 6,
      "ColumnIndex": 4,
      "RowSpan": 1,
      "ColumnSpan": 1,
      "Geometry": {
        "BoundingBox": {
          "Width": 0.1050896942615509,
          "Height": 0.02923782356083393,
          "Left": 0.6654266119003296,
          "Top": 0.5604060888290405
        },
        "Polygon": [
          {
            "X": 0.6654266119003296,
            "Y": 0.5604060888290405
          },
          {
            "X": 0.7701654434204102,
            "Y": 0.5607402920722961
          },
          {
            "X": 0.7705163359642029,
            "Y": 0.5896439552307129
          },
          {
            "X": 0.6657431125640869,
            "Y": 0.5893065333366394
          }
        ]
      },
      "Id": "e10c9fb0-a889-451e-908e-7d56739c1cb1",
      "Relationships": [
        {
          "Type": "CHILD",
          "Ids": [
            "91a8422f-064f-4d85-a015-154d824742b9"
          ]
        }
      ],
      "Page": 1
    },
    {
      "BlockType": "CELL",
      "Confidence": 47.216796875,
      "RowIndex": 7,
      "ColumnIndex": 1,
      "RowSpan": 1,
      "ColumnSpan": 1,
      "Geometry": {
        "BoundingBox": {
          "Width": 0.16588474810123444,
          "Height": 0.03688151016831398,
          "Left": 0.2348051220178604,
          "Top": 0.5879188776016235
        },
        "Polygon": [
          {
            "X": 0.2348051220178604,
            "Y": 0.5879188776016235
          },
          {
            "X": 0.4004015028476715,
            "Y": 0.5884521007537842
          },
          {
            "X": 0.40068987011909485,
            "Y": 0.6248003840446472
          },
          {
            "X": 0.23502503335475922,
            "Y": 0.6242607235908508
          }
        ]
      },
      "Id": "0322c457-0a0f-4d5a-8fc6-bdf0328d7471",
      "Relationships": [
        {
          "Type": "CHILD",
          "Ids": [
            "e37649cd-f23a-411a-acad-431bf5b4dc3f"
          ]
        }
      ],
      "Page": 1
    },
    {
      "BlockType": "CELL",
      "Confidence": 79.4921875,
      "RowIndex": 7,
      "ColumnIndex": 2,
      "RowSpan": 1,
      "ColumnSpan": 1,
      "Geometry": {
        "BoundingBox": {
          "Width": 0.12296450138092041,
          "Height": 0.03674786910414696,
          "Left": 0.4004015028476715,
          "Top": 0.5884521007537842
        },
        "Polygon": [
          {
            "X": 0.4004015028476715,
            "Y": 0.5884521007537842
          },
          {
            "X": 0.5230269432067871,
            "Y": 0.5888469815254211
          },
          {
            "X": 0.5233660340309143,
            "Y": 0.6251999735832214
          },
          {
            "X": 0.40068987011909485,
            "Y": 0.6248003840446472
          }
        ]
      },
      "Id": "94d0b24e-16ec-424f-acb3-62815ebcdded",
      "Relationships": [
        {
          "Type": "CHILD",
          "Ids": [
            "92abe89d-a8ed-45a6-a514-9e17fc28b423"
          ]
        }
      ],
      "Page": 1
    },
    {
      "BlockType": "CELL",
      "Confidence": 91.015625,
      "RowIndex": 7,
      "ColumnIndex": 3,
      "RowSpan": 1,
      "ColumnSpan": 1,
      "Geometry": {
        "BoundingBox": {
          "Width": 0.14311428368091583,
          "Height": 0.03681807219982147,
          "Left": 0.5230269432067871,
          "Top": 0.5888469815254211
        },
        "Polygon": [
          {
            "X": 0.5230269432067871,
            "Y": 0.5888469815254211
          },
          {
            "X": 0.6657431125640869,
            "Y": 0.5893065333366394
          },
          {
            "X": 0.6661412119865417,
            "Y": 0.6256650686264038
          },
          {
            "X": 0.5233660340309143,
            "Y": 0.6251999735832214
          }
        ]
      },
      "Id": "bc015d98-654d-43a9-93ba-11cf63bbbf2c",
      "Relationships": [
        {
          "Type": "CHILD",
          "Ids": [
            "9de9edb3-356a-4f94-8ca6-381666eac5de"
          ]
        }
      ],
      "Page": 1
    },
    {
      "BlockType": "CELL",
      "Confidence": 85.009765625,
      "RowIndex": 7,
      "ColumnIndex": 4,
      "RowSpan": 1,
      "ColumnSpan": 1,
      "Geometry": {
        "BoundingBox": {
          "Width": 0.10521471500396729,
          "Height": 0.03669993579387665,
          "Left": 0.6657431125640869,
          "Top": 0.5893065333366394
        },
        "Polygon": [
          {
            "X": 0.6657431125640869,
            "Y": 0.5893065333366394
          },
          {
            "X": 0.7705163359642029,
            "Y": 0.5896439552307129
          },
          {
            "X": 0.7709578275680542,
            "Y": 0.6260064840316772
          },
          {
            "X": 0.6661412119865417,
            "Y": 0.6256650686264038
          }
        ]
      },
      "Id": "1d587d16-9979-4fe2-a3c5-ae5a3a15e7d8",
      "Relationships": [
        {
          "Type": "CHILD",
          "Ids": [
            "7d636d14-8a61-4509-a549-2e5e6a319889"
          ]
        }
      ],
      "Page": 1
    },
    {
      "BlockType": "MERGED_CELL",
      "Confidence": 46.77734375,
      "RowIndex": 1,
      "ColumnIndex": 1,
      "RowSpan": 2,
      "ColumnSpan": 1,
      "Geometry": {
        "BoundingBox": {
          "Width": 0.16592176258563995,
          "Height": 0.09178060293197632,
          "Left": 0.23352400958538055,
          "Top": 0.37620311975479126
        },
        "Polygon": [
          {
            "X": 0.23352400958538055,
            "Y": 0.37620311975479126
          },
          {
            "X": 0.3987215459346771,
            "Y": 0.3766992390155792
          },
          {
            "X": 0.3994457721710205,
            "Y": 0.4679837226867676
          },
          {
            "X": 0.23407627642154694,
            "Y": 0.4674716293811798
          }
        ]
      },
      "Id": "97b5e59f-b7b2-4224-9d0d-a2c28ef6fe8c",
      "Relationships": [
        {
          "Type": "CHILD",
          "Ids": [
            "e0289dc9-f349-4834-bf0a-dd7dab677d72",
            "040fb967-c52f-4553-a5cc-5a8094a82a5a"
          ]
        }
      ],
      "EntityTypes": [
        "COLUMN_HEADER"
      ],
      "Page": 1
    },
    {
      "BlockType": "MERGED_CELL",
      "Confidence": 63.0859375,
      "RowIndex": 1,
      "ColumnIndex": 2,
      "RowSpan": 1,
      "ColumnSpan": 3,
      "Geometry": {
        "BoundingBox": {
          "Width": 0.36976876854896545,
          "Height": 0.04606842249631882,
          "Left": 0.3987215459346771,
          "Top": 0.3766992390155792
        },
        "Polygon": [
          {
            "X": 0.3987215459346771,
            "Y": 0.3766992390155792
          },
          {
            "X": 0.7679445147514343,
            "Y": 0.3778080642223358
          },
          {
            "X": 0.7684903144836426,
            "Y": 0.42276766896247864
          },
          {
            "X": 0.3990781009197235,
            "Y": 0.4216412603855133
          }
        ]
      },
      "Id": "77624da6-1330-4a3f-9d65-624a8011e6c6",
      "Relationships": [
        {
          "Type": "CHILD",
          "Ids": [
            "04a839b0-7254-454b-b9bc-a63607cd5071",
            "64ad06b9-782c-4bb9-8931-e1be796cd2c6",
            "531ede11-4e2d-4e1c-bec6-e03d17a165a3"
          ]
        }
      ],
      "EntityTypes": [
        "COLUMN_HEADER"
      ],
      "Page": 1
    }
  ],
  "AnalyzeDocumentModelVersion": "1.0"
}