{
  "DocumentMetadata": {
    "Pages": 1
  },
  "JobStatus": "SUCCEEDED",
  "Blocks": [
    {
      "BlockType": "PAGE",
      "Geometry": {
        "BoundingBox": {
          "Width": 0.6771220564842224,
          "Height": 0.39979687333106995,
          "Left": 0.16240668296813965,
          "Top": 0.29412582516670227
        },
        "Polygon": [
          {
            "X": 0.16240668296813965,
            "Y": 0.29468464851379395
          },
          {
            "X": 0.8368275761604309,
            "Y": 0.29412582516670227
          },
          {
            "X": 0.8395287394523621,
            "Y": 0.6939226984977722
          },
          {
            "X": 0.16409887373447418,
            "Y": 0.6935275793075562
          }
        ]
      },
      "Id": "2bff3e2b-04e9-4c84-9823-003d69e16f86",
      "Relationships": [
        {
          "Type": "CHILD",
          "Ids": [
            "1159433a-12bc-47ed-92fb-3662fcd5d1d2",
            "2bb94f7d-f09b-437b-be82-5045653aca15",
            "b68a7952-6969-4957-b0c6-29a036f0d0e0",
            "11f4e8ef-65b0-4ee1-91be-2e50beeb26c8",
            "afe344a0-10fe-484a-8a3a-92fc341a9c8d",
            "0e65a57c-cef6-4060-9574-60c2e2c50ea7",
            "35b004af-7efd-4aaf-815d-acd235942f38",
            "d91df81c-d24c-4c08-82a2-cad2a8bee422",
            "ad5915bb-3167-4c19-a98b-dd73c307b8cc",
            "d73d6654-f3d8-43f9-8136-7d1682f8536e",
            "462abd71-542f-4a6a-a2eb-508441a3f523",
            "6c42754a-a27d-41b6-a097-2f0b4eaaadfc",
            "00344a5f-807f-41fc-a073-83d087128e7e",
            "c12c6d66-ad2f-4c1b-ab46-af36c7f747f4",
            "b644ccc0-f7f0-4120-9fec-2f419df0cbb0",
            "9e7ee089-32d7-4c59-a5f6-58bb7094f738",
            "4eda79c3-65db-4d03-88ce-ed3e61a98d5a",
            "12db2600-09cf-40cf-a606-7ae4a91d75d0",
            "7557c7e4-f836-43b6-8684-0b182c52c9d0",
            "f3cb5201-e237-4f40-af74-378cd21b22a8",
            "ab788b49-c055-4d93-90d5-bc7da7adaf52",
            "4941722e-afb3-482f-9d92-b6f9495ffab7",
            "db7f8912-b074-4a63-a78f-0cb2c74e3231",
            "497698b3-d80c-4140-87f5-365a33626556",
            "8b390d41-10b2-442c-82dc-1a6c34fb9a27",
            "3a1f5ca9-8a0e-4811-819d-2ecf84abc0b7"
          ]
        }
      ],
      "Page": 1
    },
    {
      "BlockType": "LINE",
      "Confidence": 99.94583892822266,
      "Text": "Improvement of the",
      "Geometry": {
        "BoundingBox": {
          "Width": 0.12219558656215668,
          "Height": 0.028705578297376633,
          "Left": 0.6929028630256653,
          "Top": 0.319654643535614
        },
        "Polygon": [
          {
            "X": 0.6929028630256653,
            "Y": 0.319744735956192
          },
          {
            "X": 0.8149073719978333,
            "Y": 0.319654643535614
          },
          {
            "X": 0.8150984644889832,
            "Y": 0.34828248620033264
          },
          {
            "X": 0.6930808424949646,
            "Y": 0.34836021065711975
          }
        ]
      },
      "Id": "1159433a-12bc-47ed-92fb-3662fcd5d1d2",
      "Relationships": [
        {
          "Type": "CHILD",
          "Ids": [
            "38971c4e-da09-4850-9aa9-c0aa148ffadf",
            "63751e32-e901-4163-a8a6-e00440c5d859",
            "3b15bb2a-73e2-4797-a145-fc7dc0eb178a"
          ]
        }
      ],
      "Page": 1
    },
    {
      "BlockType": "LINE",
      "Confidence": 99.8746337890625,
      "Text": "Specimen",
      "Geometry": {
        "BoundingBox": {
          "Width": 0.06076061725616455,
          "Height": 0.029050102457404137,
          "Left": 0.23911002278327942,
          "Top": 0.34480056166648865
        },
        "Polygon": [
          {
            "X": 0.23911002278327942,
            "Y": 0.34483999013900757
          },
          {
            "X": 0.2997327148914337,
            "Y": 0.34480056166648865
          },
          {
            "X": 0.29987064003944397,
            "Y": 0.37381744384765625
          },
          {
            "X": 0.23924137651920319,
            "Y": 0.37385064363479614
          }
        ]
      },
      "Id": "2bb94f7d-f09b-437b-be82-5045653aca15",
      "Relationships": [
        {
          "Type": "CHILD",
          "Ids": [
            "bb4d22fd-befb-4b37-9d03-d86af758e262"
          ]
        }
      ],
      "Page": 1
    },
    {
      "BlockType": "LINE",
      "Confidence": 96.9061508178711,
      "Text": "E\" [MPa]",
      "Geometry": {
        "BoundingBox": {
          "Width": 0.06111467629671097,
          "Height": 0.028702300041913986,
          "Left": 0.4096470773220062,
          "Top": 0.3440946340560913
        },
        "Polygon": [
          {
            "X": 0.4096470773220062,
            "Y": 0.3441344201564789
          },
          {
            "X": 0.4706072211265564,
            "Y": 0.3440946340560913
          },
          {
            "X": 0.470761775970459,
            "Y": 0.3727633059024811
          },
          {
            "X": 0.4097950756549835,
            "Y": 0.3727969229221344
          }
        ]
      },
      "Id": "b68a7952-6969-4957-b0c6-29a036f0d0e0",
      "Relationships": [
        {
          "Type": "CHILD",
          "Ids": [
            "c3b4f6b4-7dfb-4f2d-8141-27e6786015a6",
            "32365c46-f8de-4415-afd4-d11f47d26e1b"
          ]
        }
      ],
      "Page": 1
    },
    {
      "BlockType": "LINE",
      "Confidence": 99.63507843017578,
      "Text": "Loss factor n",
      "Geometry": {
        "BoundingBox": {
          "Width": 0.08128994703292847,
          "Height": 0.02261156216263771,
          "Left": 0.5562545657157898,
          "Top": 0.34515222907066345
        },
        "Polygon": [
          {
            "X": 0.5562545657157898,
            "Y": 0.3452048897743225
          },
          {
            "X": 0.6374088525772095,
            "Y": 0.34515222907066345
          },
          {
            "X": 0.6375445127487183,
            "Y": 0.3677176237106323
          },
          {
            "X": 0.5563833713531494,
            "Y": 0.36776381731033325
          }
        ]
      },
      "Id": "11f4e8ef-65b0-4ee1-91be-2e50beeb26c8",
      "Relationships": [
        {
          "Type": "CHILD",
          "Ids": [
            "99fa5655-b6b2-475a-80e4-babb616a1b15",
            "69261feb-a618-4e31-88cb-82f5e7bdc6d3",
            "84b6de14-75c8-4083-a140-3a2f945c85dd"
          ]
        }
      ],
      "Page": 1
    },
    {
      "BlockType": "LINE",
      "Confidence": 99.912353515625,
      "Text": "loss factor (%)",
      "Geometry": {
        "BoundingBox": {
          "Width": 0.09043831378221512,
          "Height": 0.027222465723752975,
          "Left": 0.7085264921188354,
          "Top": 0.370247483253479
        },
        "Polygon": [
          {
            "X": 0.7085264921188354,
            "Y": 0.37029799818992615
          },
          {
            "X": 0.7987850904464722,
            "Y": 0.370247483253479
          },
          {
            "X": 0.7989648580551147,
            "Y": 0.39742812514305115
          },
          {
            "X": 0.7086970806121826,
            "Y": 0.3974699378013611
          }
        ]
      },
      "Id": "afe344a0-10fe-484a-8a3a-92fc341a9c8d",
      "Relationships": [
        {
          "Type": "CHILD",
          "Ids": [
            "6e9759fb-9957-436d-a889-bc4774b43742",
            "b9342d4b-128c-4583-8367-9dcbe58548a0",
            "860f5196-2675-424d-aeb1-bef9ddc9ac57"
          ]
        }
      ],
      "Page": 1
    },
    {
      "BlockType": "LINE",
      "Confidence": 99.80400848388672,
      "Text": "Neat epoxy resin",
      "Geometry": {
        "BoundingBox": {
          "Width": 0.10455524176359177,
          "Height": 0.02849196083843708,
          "Left": 0.21707849204540253,
          "Top": 0.4325917959213257
        },
        "Polygon": [
          {
            "X": 0.21707849204540253,
            "Y": 0.43262726068496704
          },
          {
            "X": 0.3214961588382721,
            "Y": 0.4325917959213257
          },
          {
            "X": 0.3216337263584137,
            "Y": 0.4610588252544403
          },
          {
            "X": 0.2172049582004547,
            "Y": 0.4610837697982788
          }
        ]
      },
      "Id": "0e65a57c-cef6-4060-9574-60c2e2c50ea7",
      "Relationships": [
        {
          "Type": "CHILD",
          "Ids": [
            "551e7e84-bab4-4822-a69a-64158e523c62",
            "71f68e8f-496c-4c11-a619-d4111e654452",
            "1be72513-469e-4c3f-9137-4699b2372131"
          ]
        }
      ],
      "Page": 1
    },
    {
      "BlockType": "LINE",
      "Confidence": 99.95218658447266,
      "Text": "147.82",
      "Geometry": {
        "BoundingBox": {
          "Width": 0.0415351539850235,
          "Height": 0.022611096501350403,
          "Left": 0.42052343487739563,
          "Top": 0.43274471163749695
        },
        "Polygon": [
          {
            "X": 0.42052343487739563,
            "Y": 0.43275874853134155
          },
          {
            "X": 0.4619375467300415,
            "Y": 0.43274471163749695
          },
          {
            "X": 0.4620586037635803,
            "Y": 0.455345094203949
          },
          {
            "X": 0.4206410050392151,
            "Y": 0.45535582304000854
          }
        ]
      },
      "Id": "35b004af-7efd-4aaf-815d-acd235942f38",
      "Relationships": [
        {
          "Type": "CHILD",
          "Ids": [
            "241bea80-0e16-4489-ab08-1b6200bc029f"
          ]
        }
      ],
      "Page": 1
    },
    {
      "BlockType": "LINE",
      "Confidence": 99.65315246582031,
      "Text": "0.0368",
      "Geometry": {
        "BoundingBox": {
          "Width": 0.042217835783958435,
          "Height": 0.022725244984030724,
          "Left": 0.5759940147399902,
          "Top": 0.43265944719314575
        },
        "Polygon": [
          {
            "X": 0.5759940147399902,
            "Y": 0.43267372250556946
          },
          {
            "X": 0.6180769801139832,
            "Y": 0.43265944719314575
          },
          {
            "X": 0.6182118654251099,
            "Y": 0.4553738236427307
          },
          {
            "X": 0.5761253237724304,
            "Y": 0.4553847014904022
          }
        ]
      },
      "Id": "d91df81c-d24c-4c08-82a2-cad2a8bee422",
      "Relationships": [
        {
          "Type": "CHILD",
          "Ids": [
            "3847a244-e19c-4162-bd50-462e741e5b8c"
          ]
        }
      ],
      "Page": 1
    },
    {
      "BlockType": "LINE",
      "Confidence": 99.35134887695312,
      "Text": "-",
      "Geometry": {
        "BoundingBox": {
          "Width": 0.004848060663789511,
          "Height": 0.0043215020559728146,
          "Left": 0.751326858997345,
          "Top": 0.44529327750205994
        },
        "Polygon": [
          {
            "X": 0.751326858997345,
            "Y": 0.44529470801353455
          },
          {
            "X": 0.7561470866203308,
            "Y": 0.44529327750205994
          },
          {
            "X": 0.7561749219894409,
            "Y": 0.44961345195770264
          },
          {
            "X": 0.7513546943664551,
            "Y": 0.4496147930622101
          }
        ]
      },
      "Id": "ad5915bb-3167-4c19-a98b-dd73c307b8cc",
      "Relationships": [
        {
          "Type": "CHILD",
          "Ids": [
            "5f892dff-eb69-473d-b521-d91518ba5c19"
          ]
        }
      ],
      "Page": 1
    },
    {
      "BlockType": "LINE",
      "Confidence": 99.67434692382812,
      "Text": "CTBN 10wt%",
      "Geometry": {
        "BoundingBox": {
          "Width": 0.08841907232999802,
          "Height": 0.022824149578809738,
          "Left": 0.2250746488571167,
          "Top": 0.48303669691085815
        },
        "Polygon": [
          {
            "X": 0.2250746488571167,
            "Y": 0.4830509126186371
          },
          {
            "X": 0.31338414549827576,
            "Y": 0.48303669691085815
          },
          {
            "X": 0.3134937286376953,
            "Y": 0.5058537721633911
          },
          {
            "X": 0.22517669200897217,
            "Y": 0.5058608055114746
          }
        ]
      },
      "Id": "d73d6654-f3d8-43f9-8136-7d1682f8536e",
      "Relationships": [
        {
          "Type": "CHILD",
          "Ids": [
            "5f4b4493-2894-458e-8f9d-a40070fb16c0",
            "6d605df1-7e20-43aa-933d-a2a98f58759b"
          ]
        }
      ],
      "Page": 1
    },
    {
      "BlockType": "LINE",
      "Confidence": 99.95392608642578,
      "Text": "163.46",
      "Geometry": {
        "BoundingBox": {
          "Width": 0.04115695878863335,
          "Height": 0.022342806681990623,
          "Left": 0.42082011699676514,
          "Top": 0.48345670104026794
        },
        "Polygon": [
          {
            "X": 0.42082011699676514,
            "Y": 0.48346322774887085
          },
          {
            "X": 0.4618574380874634,
            "Y": 0.48345670104026794
          },
          {
            "X": 0.4619770646095276,
            "Y": 0.5057961940765381
          },
          {
            "X": 0.42093631625175476,
            "Y": 0.5057995319366455
          }
        ]
      },
      "Id": "462abd71-542f-4a6a-a2eb-508441a3f523",
      "Relationships": [
        {
          "Type": "CHILD",
          "Ids": [
            "97c3d472-f781-4231-b970-3a664779ccb6"
          ]
        }
      ],
      "Page": 1
    },
    {
      "BlockType": "LINE",
      "Confidence": 99.85233306884766,
      "Text": "0.0534",
      "Geometry": {
        "BoundingBox": {
          "Width": 0.042908232659101486,
          "Height": 0.022432558238506317,
          "Left": 0.5759702324867249,
          "Top": 0.4833567142486572
        },
        "Polygon": [
          {
            "X": 0.5759702324867249,
            "Y": 0.4833635687828064
          },
          {
            "X": 0.6187452077865601,
            "Y": 0.4833567142486572
          },
          {
            "X": 0.6188784241676331,
            "Y": 0.5057858228683472
          },
          {
            "X": 0.5760998129844666,
            "Y": 0.5057892799377441
          }
        ]
      },
      "Id": "6c42754a-a27d-41b6-a097-2f0b4eaaadfc",
      "Relationships": [
        {
          "Type": "CHILD",
          "Ids": [
            "980700c4-a91b-4b89-ae2b-4f8cdeca7a68"
          ]
        }
      ],
      "Page": 1
    },
    {
      "BlockType": "LINE",
      "Confidence": 99.91473388671875,
      "Text": "45",
      "Geometry": {
        "BoundingBox": {
          "Width": 0.015374473296105862,
          "Height": 0.02233579196035862,
          "Left": 0.745814859867096,
          "Top": 0.4833051264286041
        },
        "Polygon": [
          {
            "X": 0.745814859867096,
            "Y": 0.48330754041671753
          },
          {
            "X": 0.7610448598861694,
            "Y": 0.4833051264286041
          },
          {
            "X": 0.761189341545105,
            "Y": 0.5056396722793579
          },
          {
            "X": 0.7459580898284912,
            "Y": 0.5056409239768982
          }
        ]
      },
      "Id": "00344a5f-807f-41fc-a073-83d087128e7e",
      "Relationships": [
        {
          "Type": "CHILD",
          "Ids": [
            "c3214bab-c63a-4324-afe4-93adea0db947"
          ]
        }
      ],
      "Page": 1
    },
    {
      "BlockType": "LINE",
      "Confidence": 99.74991607666016,
      "Text": "CTBN 15wt%",
      "Geometry": {
        "BoundingBox": {
          "Width": 0.08856704831123352,
          "Height": 0.022806113585829735,
          "Left": 0.2249877154827118,
          "Top": 0.533600389957428
        },
        "Polygon": [
          {
            "X": 0.2249877154827118,
            "Y": 0.533600389957428
          },
          {
            "X": 0.3134452700614929,
            "Y": 0.5336019992828369
          },
          {
            "X": 0.3135547637939453,
            "Y": 0.5564064979553223
          },
          {
            "X": 0.2250896692276001,
            "Y": 0.5563977360725403
          }
        ]
      },
      "Id": "c12c6d66-ad2f-4c1b-ab46-af36c7f747f4",
      "Relationships": [
        {
          "Type": "CHILD",
          "Ids": [
            "d994b370-aaca-4f21-bf7a-1947f9d6e96a",
            "4570efd7-04a4-47ee-9474-f135bc4ab725"
          ]
        }
      ],
      "Page": 1
    },
    {
      "BlockType": "LINE",
      "Confidence": 99.9464111328125,
      "Text": "173.67",
      "Geometry": {
        "BoundingBox": {
          "Width": 0.040723517537117004,
          "Height": 0.021932275965809822,
          "Left": 0.420951783657074,
          "Top": 0.5343379378318787
        },
        "Polygon": [
          {
            "X": 0.420951783657074,
            "Y": 0.5343379378318787
          },
          {
            "X": 0.46155789494514465,
            "Y": 0.5343387722969055
          },
          {
            "X": 0.4616752862930298,
            "Y": 0.556270182132721
          },
          {
            "X": 0.4210658371448517,
            "Y": 0.556266188621521
          }
        ]
      },
      "Id": "b644ccc0-f7f0-4120-9fec-2f419df0cbb0",
      "Relationships": [
        {
          "Type": "CHILD",
          "Ids": [
            "5f2f338d-bd9c-4397-9ac3-a4f47b1b161c"
          ]
        }
      ],
      "Page": 1
    },
    {
      "BlockType": "LINE",
      "Confidence": 99.77887725830078,
      "Text": "0.0614",
      "Geometry": {
        "BoundingBox": {
          "Width": 0.04272015392780304,
          "Height": 0.0223343838006258,
          "Left": 0.5760059356689453,
          "Top": 0.5338934659957886
        },
        "Polygon": [
          {
            "X": 0.5760059356689453,
            "Y": 0.5338934659957886
          },
          {
            "X": 0.6185934543609619,
            "Y": 0.5338943004608154
          },
          {
            "X": 0.6187260746955872,
            "Y": 0.5562278628349304
          },
          {
            "X": 0.576134979724884,
            "Y": 0.5562236905097961
          }
        ]
      },
      "Id": "9e7ee089-32d7-4c59-a5f6-58bb7094f738",
      "Relationships": [
        {
          "Type": "CHILD",
          "Ids": [
            "5854f290-1453-4239-ac7f-988149fb700b"
          ]
        }
      ],
      "Page": 1
    },
    {
      "BlockType": "LINE",
      "Confidence": 99.94007110595703,
      "Text": "67",
      "Geometry": {
        "BoundingBox": {
          "Width": 0.015297356061637402,
          "Height": 0.022269356995821,
          "Left": 0.7461100816726685,
          "Top": 0.5340047478675842
        },
        "Polygon": [
          {
            "X": 0.7461100816726685,
            "Y": 0.5340047478675842
          },
          {
            "X": 0.761263370513916,
            "Y": 0.5340050458908081
          },
          {
            "X": 0.7614074349403381,
            "Y": 0.5562741160392761
          },
          {
            "X": 0.7462528347969055,
            "Y": 0.5562726259231567
          }
        ]
      },
      "Id": "4eda79c3-65db-4d03-88ce-ed3e61a98d5a",
      "Relationships": [
        {
          "Type": "CHILD",
          "Ids": [
            "7b3bcd08-542d-439c-8ab1-da9e2888c0ef"
          ]
        }
      ],
      "Page": 1
    },
    {
      "BlockType": "LINE",
      "Confidence": 99.69593048095703,
      "Text": "CTBN 20wt%",
      "Geometry": {
        "BoundingBox": {
          "Width": 0.0884067565202713,
          "Height": 0.02255149371922016,
          "Left": 0.22504721581935883,
          "Top": 0.584488034248352
        },
        "Polygon": [
          {
            "X": 0.22504721581935883,
            "Y": 0.584488034248352
          },
          {
            "X": 0.3133458197116852,
            "Y": 0.584505558013916
          },
          {
            "X": 0.3134539723396301,
            "Y": 0.6070395112037659
          },
          {
            "X": 0.22514794766902924,
            "Y": 0.6070149540901184
          }
        ]
      },
      "Id": "12db2600-09cf-40cf-a606-7ae4a91d75d0",
      "Relationships": [
        {
          "Type": "CHILD",
          "Ids": [
            "a556f2fe-d522-4963-8162-7231532f690f",
            "4fd00400-4e20-4867-a88e-718645a7d87c"
          ]
        }
      ],
      "Page": 1
    },
    {
      "BlockType": "LINE",
      "Confidence": 99.98133087158203,
      "Text": "123.69",
      "Geometry": {
        "BoundingBox": {
          "Width": 0.04083382710814476,
          "Height": 0.02223333902657032,
          "Left": 0.4207548499107361,
          "Top": 0.5848749279975891
        },
        "Polygon": [
          {
            "X": 0.4207548499107361,
            "Y": 0.5848749279975891
          },
          {
            "X": 0.46146973967552185,
            "Y": 0.5848830938339233
          },
          {
            "X": 0.46158868074417114,
            "Y": 0.6071082949638367
          },
          {
            "X": 0.4208703935146332,
            "Y": 0.6070969700813293
          }
        ]
      },
      "Id": "7557c7e4-f836-43b6-8684-0b182c52c9d0",
      "Relationships": [
        {
          "Type": "CHILD",
          "Ids": [
            "f5d1c78e-cbb9-4cda-b368-051586352b9b"
          ]
        }
      ],
      "Page": 1
    },
    {
      "BlockType": "LINE",
      "Confidence": 99.86832427978516,
      "Text": "0.0682",
      "Geometry": {
        "BoundingBox": {
          "Width": 0.042631421238183975,
          "Height": 0.02239106222987175,
          "Left": 0.5759403705596924,
          "Top": 0.5845357775688171
        },
        "Polygon": [
          {
            "X": 0.5759403705596924,
            "Y": 0.5845357775688171
          },
          {
            "X": 0.6184389591217041,
            "Y": 0.5845442414283752
          },
          {
            "X": 0.6185718178749084,
            "Y": 0.6069268584251404
          },
          {
            "X": 0.576069712638855,
            "Y": 0.6069150567054749
          }
        ]
      },
      "Id": "f3cb5201-e237-4f40-af74-378cd21b22a8",
      "Relationships": [
        {
          "Type": "CHILD",
          "Ids": [
            "c2245986-0885-409e-8d68-58076a29747e"
          ]
        }
      ],
      "Page": 1
    },
    {
      "BlockType": "LINE",
      "Confidence": 99.9150161743164,
      "Text": "85",
      "Geometry": {
        "BoundingBox": {
          "Width": 0.014701424166560173,
          "Height": 0.021456493064761162,
          "Left": 0.7466301918029785,
          "Top": 0.5850953459739685
        },
        "Polygon": [
          {
            "X": 0.7466301918029785,
            "Y": 0.5850953459739685
          },
          {
            "X": 0.7611928582191467,
            "Y": 0.5850982666015625
          },
          {
            "X": 0.7613316178321838,
            "Y": 0.6065518260002136
          },
          {
            "X": 0.7467678189277649,
            "Y": 0.6065477728843689
          }
        ]
      },
      "Id": "ab788b49-c055-4d93-90d5-bc7da7adaf52",
      "Relationships": [
        {
          "Type": "CHILD",
          "Ids": [
            "ceb466f5-eaff-443d-bcfc-11d8ec7d251c"
          ]
        }
      ],
      "Page": 1
    },
    {
      "BlockType": "LINE",
      "Confidence": 99.60050964355469,
      "Text": "CTBN 25wt%",
      "Geometry": {
        "BoundingBox": {
          "Width": 0.08832328021526337,
          "Height": 0.022767391055822372,
          "Left": 0.22496287524700165,
          "Top": 0.6340817213058472
        },
        "Polygon": [
          {
            "X": 0.22496287524700165,
            "Y": 0.6340817213058472
          },
          {
            "X": 0.31317704916000366,
            "Y": 0.6341147422790527
          },
          {
            "X": 0.313286155462265,
            "Y": 0.6568491458892822
          },
          {
            "X": 0.2250644713640213,
            "Y": 0.6568090319633484
          }
        ]
      },
      "Id": "4941722e-afb3-482f-9d92-b6f9495ffab7",
      "Relationships": [
        {
          "Type": "CHILD",
          "Ids": [
            "c34f1623-6bbd-413b-a2b1-8bfd746cce67",
            "b29b2d8c-3fcc-44ae-9182-c70da3ec9bf1"
          ]
        }
      ],
      "Page": 1
    },
    {
      "BlockType": "LINE",
      "Confidence": 99.94400024414062,
      "Text": "121.57",
      "Geometry": {
        "BoundingBox": {
          "Width": 0.04141730070114136,
          "Height": 0.02314799837768078,
          "Left": 0.4205837547779083,
          "Top": 0.6340488791465759
        },
        "Polygon": [
          {
            "X": 0.4205837547779083,
            "Y": 0.6340488791465759
          },
          {
            "X": 0.4618772566318512,
            "Y": 0.6340643167495728
          },
          {
            "X": 0.4620010554790497,
            "Y": 0.6571968793869019
          },
          {
            "X": 0.4207040071487427,
            "Y": 0.6571780443191528
          }
        ]
      },
      "Id": "db7f8912-b074-4a63-a78f-0cb2c74e3231",
      "Relationships": [
        {
          "Type": "CHILD",
          "Ids": [
            "ebd3f9f2-b1ae-4a12-aafe-d180dc885d00"
          ]
        }
      ],
      "Page": 1
    },
    {
      "BlockType": "LINE",
      "Confidence": 99.73297882080078,
      "Text": "0.0838",
      "Geometry": {
        "BoundingBox": {
          "Width": 0.042144931852817535,
          "Height": 0.023657741025090218,
          "Left": 0.5761401057243347,
          "Top": 0.6340051889419556
        },
        "Polygon": [
          {
            "X": 0.5761401057243347,
            "Y": 0.6340051889419556
          },
          {
            "X": 0.6181447505950928,
            "Y": 0.6340208649635315
          },
          {
            "X": 0.6182850003242493,
            "Y": 0.6576629281044006
          },
          {
            "X": 0.5762766599655151,
            "Y": 0.657643735408783
          }
        ]
      },
      "Id": "497698b3-d80c-4140-87f5-365a33626556",
      "Relationships": [
        {
          "Type": "CHILD",
          "Ids": [
            "d8043927-cae0-4b27-81ee-701b2592b54a"
          ]
        }
      ],
      "Page": 1
    },
    {
      "BlockType": "LINE",
      "Confidence": 99.95870208740234,
      "Text": "128",
      "Geometry": {
        "BoundingBox": {
          "Width": 0.02185981161892414,
          "Height": 0.022275833413004875,
          "Left": 0.7434887886047363,
          "Top": 0.6339029669761658
        },
        "Polygon": [
          {
            "X": 0.7434887886047363,
            "Y": 0.6339029669761658
          },
          {
            "X": 0.7652043104171753,
            "Y": 0.6339110732078552
          },
          {
            "X": 0.7653486132621765,
            "Y": 0.6561788320541382
          },
          {
            "X": 0.7436313033103943,
            "Y": 0.6561689972877502
          }
        ]
      },
      "Id": "8b390d41-10b2-442c-82dc-1a6c34fb9a27",
      "Relationships": [
        {
          "Type": "CHILD",
          "Ids": [
            "2dd93745-c02e-436c-b179-3bc6791a2372"
          ]
        }
      ],
      "Page": 1
    },
    {
      "BlockType": "WORD",
      "Confidence": 99.85673522949219,
      "Text": "Improvement",
      "TextType": "PRINTED",
      "Geometry": {
        "BoundingBox": {
          "Width": 0.08413384109735489,
          "Height": 0.028369177132844925,
          "Left": 0.6929047703742981,
          "Top": 0.3199910521507263
        },
        "Polygon": [
          {
            "X": 0.6929047703742981,
            "Y": 0.32005295157432556
          },
          {
            "X": 0.776853621006012,
            "Y": 0.3199910521507263
          },
          {
            "X": 0.77703857421875,
            "Y": 0.34830671548843384
          },
          {
            "X": 0.6930808424949646,
            "Y": 0.34836021065711975
          }
        ]
      },
      "Id": "38971c4e-da09-4850-9aa9-c0aa148ffadf",
      "Page": 1
    },
    {
      "BlockType": "WORD",
      "Confidence": 99.98500061035156,
      "Text": "of",
      "TextType": "PRINTED",
      "Geometry": {
        "BoundingBox": {
          "Width": 0.014653868041932583,
          "Height": 0.022391796112060547,
          "Left": 0.7790830731391907,
          "Top": 0.3196703791618347
        },
        "Polygon": [
          {
            "X": 0.7790830731391907,
            "Y": 0.3196811079978943
          },
          {
            "X": 0.7935893535614014,
            "Y": 0.3196703791618347
          },
          {
            "X": 0.79373699426651,
            "Y": 0.3420526087284088
          },
          {
            "X": 0.779229462146759,
            "Y": 0.34206217527389526
          }
        ]
      },
      "Id": "63751e32-e901-4163-a8a6-e00440c5d859",
      "Page": 1
    },
    {
      "BlockType": "WORD",
      "Confidence": 99.99577331542969,
      "Text": "the",
      "TextType": "PRINTED",
      "Geometry": {
        "BoundingBox": {
          "Width": 0.019358383491635323,
          "Height": 0.02190253883600235,
          "Left": 0.7956976890563965,
          "Top": 0.3200416564941406
        },
        "Polygon": [
          {
            "X": 0.7956976890563965,
            "Y": 0.32005584239959717
          },
          {
            "X": 0.8149099349975586,
            "Y": 0.3200416564941406
          },
          {
            "X": 0.8150560259819031,
            "Y": 0.3419315218925476
          },
          {
            "X": 0.795842170715332,
            "Y": 0.34194421768188477
          }
        ]
      },
      "Id": "3b15bb2a-73e2-4797-a145-fc7dc0eb178a",
      "Page": 1
    },
    {
      "BlockType": "WORD",
      "Confidence": 99.8746337890625,
      "Text": "Specimen",
      "TextType": "PRINTED",
      "Geometry": {
        "BoundingBox": {
          "Width": 0.06076061725616455,
          "Height": 0.029050102457404137,
          "Left": 0.23911002278327942,
          "Top": 0.34480056166648865
        },
        "Polygon": [
          {
            "X": 0.23911002278327942,
            "Y": 0.34483999013900757
          },
          {
            "X": 0.2997327148914337,
            "Y": 0.34480056166648865
          },
          {
            "X": 0.29987064003944397,
            "Y": 0.37381744384765625
          },
          {
            "X": 0.23924137651920319,
            "Y": 0.37385064363479614
          }
        ]
      },
      "Id": "bb4d22fd-befb-4b37-9d03-d86af758e262",
      "Page": 1
    },
    {
      "BlockType": "WORD",
      "Confidence": 94.14591979980469,
      "Text": "E\"",
      "TextType": "PRINTED",
      "Geometry": {
        "BoundingBox": {
          "Width": 0.017406785860657692,
          "Height": 0.023413600400090218,
          "Left": 0.4096470773220062,
          "Top": 0.34412312507629395
        },
        "Polygon": [
          {
            "X": 0.4096470773220062,
            "Y": 0.3441344201564789
          },
          {
            "X": 0.4269315302371979,
            "Y": 0.34412312507629395
          },
          {
            "X": 0.42705386877059937,
            "Y": 0.3675268888473511
          },
          {
            "X": 0.40976792573928833,
            "Y": 0.367536723613739
          }
        ]
      },
      "Id": "c3b4f6b4-7dfb-4f2d-8141-27e6786015a6",
      "Page": 1
    },
    {
      "BlockType": "WORD",
      "Confidence": 99.6663818359375,
      "Text": "[MPa]",
      "TextType": "PRINTED",
      "Geometry": {
        "BoundingBox": {
          "Width": 0.038382623344659805,
          "Height": 0.027982566505670547,
          "Left": 0.4323791563510895,
          "Top": 0.34480181336402893
        },
        "Polygon": [
          {
            "X": 0.4323791563510895,
            "Y": 0.34482669830322266
          },
          {
            "X": 0.470611035823822,
            "Y": 0.34480181336402893
          },
          {
            "X": 0.470761775970459,
            "Y": 0.3727633059024811
          },
          {
            "X": 0.4325258731842041,
            "Y": 0.37278440594673157
          }
        ]
      },
      "Id": "32365c46-f8de-4415-afd4-d11f47d26e1b",
      "Page": 1
    },
    {
      "BlockType": "WORD",
      "Confidence": 99.80581665039062,
      "Text": "Loss",
      "TextType": "PRINTED",
      "Geometry": {
        "BoundingBox": {
          "Width": 0.029342537745833397,
          "Height": 0.022249264642596245,
          "Left": 0.5562564134597778,
          "Top": 0.34551453590393066
        },
        "Polygon": [
          {
            "X": 0.5562564134597778,
            "Y": 0.34553346037864685
          },
          {
            "X": 0.5854696035385132,
            "Y": 0.34551453590393066
          },
          {
            "X": 0.5855989456176758,
            "Y": 0.3677471876144409
          },
          {
            "X": 0.5563833713531494,
            "Y": 0.36776381731033325
          }
        ]
      },
      "Id": "99fa5655-b6b2-475a-80e4-babb616a1b15",
      "Page": 1
    },
    {
      "BlockType": "WORD",
      "Confidence": 99.98124694824219,
      "Text": "factor",
      "TextType": "PRINTED",
      "Geometry": {
        "BoundingBox": {
          "Width": 0.03672882914543152,
          "Height": 0.022391587495803833,
          "Left": 0.5891597867012024,
          "Top": 0.3451597988605499
        },
        "Polygon": [
          {
            "X": 0.5891597867012024,
            "Y": 0.3451835513114929
          },
          {
            "X": 0.6257550716400146,
            "Y": 0.3451597988605499
          },
          {
            "X": 0.6258885860443115,
            "Y": 0.36753055453300476
          },
          {
            "X": 0.589290201663971,
            "Y": 0.36755138635635376
          }
        ]
      },
      "Id": "69261feb-a618-4e31-88cb-82f5e7bdc6d3",
      "Page": 1
    },
    {
      "BlockType": "WORD",
      "Confidence": 99.11817169189453,
      "Text": "n",
      "TextType": "PRINTED",
      "Geometry": {
        "BoundingBox": {
          "Width": 0.008994675241410732,
          "Height": 0.016108831390738487,
          "Left": 0.6285467743873596,
          "Top": 0.3511051535606384
        },
        "Polygon": [
          {
            "X": 0.6285467743873596,
            "Y": 0.3511107265949249
          },
          {
            "X": 0.6374446153640747,
            "Y": 0.3511051535606384
          },
          {
            "X": 0.6375414133071899,
            "Y": 0.36720889806747437
          },
          {
            "X": 0.6286430358886719,
            "Y": 0.3672139644622803
          }
        ]
      },
      "Id": "84b6de14-75c8-4083-a140-3a2f945c85dd",
      "Page": 1
    },
    {
      "BlockType": "WORD",
      "Confidence": 99.93518829345703,
      "Text": "loss",
      "TextType": "PRINTED",
      "Geometry": {
        "BoundingBox": {
          "Width": 0.02415846474468708,
          "Height": 0.022304639220237732,
          "Left": 0.7085288763046265,
          "Top": 0.37065809965133667
        },
        "Polygon": [
          {
            "X": 0.7085288763046265,
            "Y": 0.37067151069641113
          },
          {
            "X": 0.7325454354286194,
            "Y": 0.37065809965133667
          },
          {
            "X": 0.7326873540878296,
            "Y": 0.39295122027397156
          },
          {
            "X": 0.7086687684059143,
            "Y": 0.3929627239704132
          }
        ]
      },
      "Id": "6e9759fb-9957-436d-a889-bc4774b43742",
      "Page": 1
    },
    {
      "BlockType": "WORD",
      "Confidence": 99.96922302246094,
      "Text": "factor",
      "TextType": "PRINTED",
      "Geometry": {
        "BoundingBox": {
          "Width": 0.03655160963535309,
          "Height": 0.022538580000400543,
          "Left": 0.7360942959785461,
          "Top": 0.37026217579841614
        },
        "Polygon": [
          {
            "X": 0.7360942959785461,
            "Y": 0.3702825605869293
          },
          {
            "X": 0.7724992036819458,
            "Y": 0.37026217579841614
          },
          {
            "X": 0.772645890712738,
            "Y": 0.3927833139896393
          },
          {
            "X": 0.7362379431724548,
            "Y": 0.39280077815055847
          }
        ]
      },
      "Id": "b9342d4b-128c-4583-8367-9dcbe58548a0",
      "Page": 1
    },
    {
      "BlockType": "WORD",
      "Confidence": 99.83262634277344,
      "Text": "(%)",
      "TextType": "PRINTED",
      "Geometry": {
        "BoundingBox": {
          "Width": 0.022953446954488754,
          "Height": 0.02710365690290928,
          "Left": 0.7760114073753357,
          "Top": 0.37033501267433167
        },
        "Polygon": [
          {
            "X": 0.7760114073753357,
            "Y": 0.3703477382659912
          },
          {
            "X": 0.7987856864929199,
            "Y": 0.37033501267433167
          },
          {
            "X": 0.7989648580551147,
            "Y": 0.39742812514305115
          },
          {
            "X": 0.7761882543563843,
            "Y": 0.3974386751651764
          }
        ]
      },
      "Id": "860f5196-2675-424d-aeb1-bef9ddc9ac57",
      "Page": 1
    },
    {
      "BlockType": "WORD",
      "Confidence": 99.96759033203125,
      "Text": "Neat",
      "TextType": "PRINTED",
      "Geometry": {
        "BoundingBox": {
          "Width": 0.029830342158675194,
          "Height": 0.02233530580997467,
          "Left": 0.2170788049697876,
          "Top": 0.43268728256225586
        },
        "Polygon": [
          {
            "X": 0.2170788049697876,
            "Y": 0.4326973855495453
          },
          {
            "X": 0.24680744111537933,
            "Y": 0.43268728256225586
          },
          {
            "X": 0.24690914154052734,
            "Y": 0.4550148546695709
          },
          {
            "X": 0.21717801690101624,
            "Y": 0.4550226032733917
          }
        ]
      },
      "Id": "551e7e84-bab4-4822-a69a-64158e523c62",
      "Page": 1
    },
    {
      "BlockType": "WORD",
      "Confidence": 99.86393737792969,
      "Text": "epoxy",
      "TextType": "PRINTED",
      "Geometry": {
        "BoundingBox": {
          "Width": 0.038671959191560745,
          "Height": 0.022290565073490143,
          "Left": 0.24961911141872406,
          "Top": 0.4387854337692261
        },
        "Polygon": [
          {
            "X": 0.24961911141872406,
            "Y": 0.4387976825237274
          },
          {
            "X": 0.2881861627101898,
            "Y": 0.4387854337692261
          },
          {
            "X": 0.2882910668849945,
            "Y": 0.4610667824745178
          },
          {
            "X": 0.24972082674503326,
            "Y": 0.4610759913921356
          }
        ]
      },
      "Id": "71f68e8f-496c-4c11-a619-d4111e654452",
      "Page": 1
    },
    {
      "BlockType": "WORD",
      "Confidence": 99.58049011230469,
      "Text": "resin",
      "TextType": "PRINTED",
      "Geometry": {
        "BoundingBox": {
          "Width": 0.030468391254544258,
          "Height": 0.022236542776226997,
          "Left": 0.29113519191741943,
          "Top": 0.4325917959213257
        },
        "Polygon": [
          {
            "X": 0.29113519191741943,
            "Y": 0.4326021075248718
          },
          {
            "X": 0.3214961588382721,
            "Y": 0.4325917959213257
          },
          {
            "X": 0.32160359621047974,
            "Y": 0.4548204243183136
          },
          {
            "X": 0.2912400960922241,
            "Y": 0.4548283517360687
          }
        ]
      },
      "Id": "1be72513-469e-4c3f-9137-4699b2372131",
      "Page": 1
    },
    {
      "BlockType": "WORD",
      "Confidence": 99.95218658447266,
      "Text": "147.82",
      "TextType": "PRINTED",
      "Geometry": {
        "BoundingBox": {
          "Width": 0.0415351539850235,
          "Height": 0.022611096501350403,
          "Left": 0.42052343487739563,
          "Top": 0.43274471163749695
        },
        "Polygon": [
          {
            "X": 0.42052343487739563,
            "Y": 0.43275874853134155
          },
          {
            "X": 0.4619375467300415,
            "Y": 0.43274471163749695
          },
          {
            "X": 0.4620586037635803,
            "Y": 0.455345094203949
          },
          {
            "X": 0.4206410050392151,
            "Y": 0.45535582304000854
          }
        ]
      },
      "Id": "241bea80-0e16-4489-ab08-1b6200bc029f",
      "Page": 1
    },
    {
      "BlockType": "WORD",
      "Confidence": 99.65315246582031,
      "Text": "0.0368",
      "TextType": "PRINTED",
      "Geometry": {
        "BoundingBox": {
          "Width": 0.042217835783958435,
          "Height": 0.022725244984030724,
          "Left": 0.5759940147399902,
          "Top": 0.43265944719314575
        },
        "Polygon": [
          {
            "X": 0.5759940147399902,
            "Y": 0.43267372250556946
          },
          {
            "X": 0.6180769801139832,
            "Y": 0.43265944719314575
          },
          {
            "X": 0.6182118654251099,
            "Y": 0.4553738236427307
          },
          {
            "X": 0.5761253237724304,
            "Y": 0.4553847014904022
          }
        ]
      },
      "Id": "3847a244-e19c-4162-bd50-462e741e5b8c",
      "Page": 1
    },
    {
      "BlockType": "WORD",
      "Confidence": 99.35134887695312,
      "Text": "-",
      "TextType": "PRINTED",
      "Geometry": {
        "BoundingBox": {
          "Width": 0.004848060663789511,
          "Height": 0.0043215020559728146,
          "Left": 0.751326858997345,
          "Top": 0.44529327750205994
        },
        "Polygon": [
          {
            "X": 0.751326858997345,
            "Y": 0.44529470801353455
          },
          {
            "X": 0.7561470866203308,
            "Y": 0.44529327750205994
          },
          {
            "X": 0.7561749219894409,
            "Y": 0.44961345195770264
          },
          {
            "X": 0.7513546943664551,
            "Y": 0.4496147930622101
          }
        ]
      },
      "Id": "5f892dff-eb69-473d-b521-d91518ba5c19",
      "Page": 1
    },
    {
      "BlockType": "WORD",
      "Confidence": 99.89644622802734,
      "Text": "CTBN",
      "TextType": "PRINTED",
      "Geometry": {
        "BoundingBox": {
          "Width": 0.04143461212515831,
          "Height": 0.022708119824528694,
          "Left": 0.2250746488571167,
          "Top": 0.48304423689842224
        },
        "Polygon": [
          {
            "X": 0.2250746488571167,
            "Y": 0.4830509126186371
          },
          {
            "X": 0.2664042115211487,
            "Y": 0.48304423689842224
          },
          {
            "X": 0.2665092647075653,
            "Y": 0.5057490468025208
          },
          {
            "X": 0.22517620027065277,
            "Y": 0.5057523846626282
          }
        ]
      },
      "Id": "5f4b4493-2894-458e-8f9d-a40070fb16c0",
      "Page": 1
    },
    {
      "BlockType": "WORD",
      "Confidence": 99.4522476196289,
      "Text": "10wt%",
      "TextType": "PRINTED",
      "Geometry": {
        "BoundingBox": {
          "Width": 0.04209856316447258,
          "Height": 0.022690918296575546,
          "Left": 0.27139514684677124,
          "Top": 0.4831662178039551
        },
        "Polygon": [
          {
            "X": 0.27139514684677124,
            "Y": 0.4831729531288147
          },
          {
            "X": 0.3133847713470459,
            "Y": 0.4831662178039551
          },
          {
            "X": 0.3134937286376953,
            "Y": 0.5058537721633911
          },
          {
            "X": 0.27150052785873413,
            "Y": 0.5058571100234985
          }
        ]
      },
      "Id": "6d605df1-7e20-43aa-933d-a2a98f58759b",
      "Page": 1
    },
    {
      "BlockType": "WORD",
      "Confidence": 99.95392608642578,
      "Text": "163.46",
      "TextType": "PRINTED",
      "Geometry": {
        "BoundingBox": {
          "Width": 0.04115695878863335,
          "Height": 0.022342806681990623,
          "Left": 0.42082011699676514,
          "Top": 0.48345670104026794
        },
        "Polygon": [
          {
            "X": 0.42082011699676514,
            "Y": 0.48346322774887085
          },
          {
            "X": 0.4618574380874634,
            "Y": 0.48345670104026794
          },
          {
            "X": 0.4619770646095276,
            "Y": 0.5057961940765381
          },
          {
            "X": 0.42093631625175476,
            "Y": 0.5057995319366455
          }
        ]
      },
      "Id": "97c3d472-f781-4231-b970-3a664779ccb6",
      "Page": 1
    },
    {
      "BlockType": "WORD",
      "Confidence": 99.85233306884766,
      "Text": "0.0534",
      "TextType": "PRINTED",
      "Geometry": {
        "BoundingBox": {
          "Width": 0.042908232659101486,
          "Height": 0.022432558238506317,
          "Left": 0.5759702324867249,
          "Top": 0.4833567142486572
        },
        "Polygon": [
          {
            "X": 0.5759702324867249,
            "Y": 0.4833635687828064
          },
          {
            "X": 0.6187452077865601,
            "Y": 0.4833567142486572
          },
          {
            "X": 0.6188784241676331,
            "Y": 0.5057858228683472
          },
          {
            "X": 0.5760998129844666,
            "Y": 0.5057892799377441
          }
        ]
      },
      "Id": "980700c4-a91b-4b89-ae2b-4f8cdeca7a68",
      "Page": 1
    },
    {
      "BlockType": "WORD",
      "Confidence": 99.91473388671875,
      "Text": "45",
      "TextType": "PRINTED",
      "Geometry": {
        "BoundingBox": {
          "Width": 0.015374473296105862,
          "Height": 0.02233579196035862,
          "Left": 0.745814859867096,
          "Top": 0.4833051264286041
        },
        "Polygon": [
          {
            "X": 0.745814859867096,
            "Y": 0.48330754041671753
          },
          {
            "X": 0.7610448598861694,
            "Y": 0.4833051264286041
          },
          {
            "X": 0.761189341545105,
            "Y": 0.5056396722793579
          },
          {
            "X": 0.7459580898284912,
            "Y": 0.5056409239768982
          }
        ]
      },
      "Id": "c3214bab-c63a-4324-afe4-93adea0db947",
      "Page": 1
    },
    {
      "BlockType": "WORD",
      "Confidence": 99.8600082397461,
      "Text": "CTBN",
      "TextType": "PRINTED",
      "Geometry": {
        "BoundingBox": {
          "Width": 0.04163176193833351,
          "Height": 0.02271779254078865,
          "Left": 0.2249877154827118,
          "Top": 0.533600389957428
        },
        "Polygon": [
          {
            "X": 0.2249877154827118,
            "Y": 0.533600389957428
          },
          {
            "X": 0.2665143609046936,
            "Y": 0.5336011648178101
          },
          {
            "X": 0.266619473695755,
            "Y": 0.5563181638717651
          },
          {
            "X": 0.22508929669857025,
            "Y": 0.5563141107559204
          }
        ]
      },
      "Id": "d994b370-aaca-4f21-bf7a-1947f9d6e96a",
      "Page": 1
    },
    {
      "BlockType": "WORD",
      "Confidence": 99.63982391357422,
      "Text": "15wt%",
      "TextType": "PRINTED",
      "Geometry": {
        "BoundingBox": {
          "Width": 0.04237755015492439,
          "Height": 0.0224404726177454,
          "Left": 0.27117720246315,
          "Top": 0.533966064453125
        },
        "Polygon": [
          {
            "X": 0.27117720246315,
            "Y": 0.533966064453125
          },
          {
            "X": 0.3134470283985138,
            "Y": 0.5339668393135071
          },
          {
            "X": 0.3135547637939453,
            "Y": 0.5564064979553223
          },
          {
            "X": 0.2712814211845398,
            "Y": 0.556402325630188
          }
        ]
      },
      "Id": "4570efd7-04a4-47ee-9474-f135bc4ab725",
      "Page": 1
    },
    {
      "BlockType": "WORD",
      "Confidence": 99.9464111328125,
      "Text": "173.67",
      "TextType": "PRINTED",
      "Geometry": {
        "BoundingBox": {
          "Width": 0.040723517537117004,
          "Height": 0.021932275965809822,
          "Left": 0.420951783657074,
          "Top": 0.5343379378318787
        },
        "Polygon": [
          {
            "X": 0.420951783657074,
            "Y": 0.5343379378318787
          },
          {
            "X": 0.46155789494514465,
            "Y": 0.5343387722969055
          },
          {
            "X": 0.4616752862930298,
            "Y": 0.556270182132721
          },
          {
            "X": 0.4210658371448517,
            "Y": 0.556266188621521
          }
        ]
      },
      "Id": "5f2f338d-bd9c-4397-9ac3-a4f47b1b161c",
      "Page": 1
    },
    {
      "BlockType": "WORD",
      "Confidence": 99.77887725830078,
      "Text": "0.0614",
      "TextType": "PRINTED",
      "Geometry": {
        "BoundingBox": {
          "Width": 0.04272015392780304,
          "Height": 0.0223343838006258,
          "Left": 0.5760059356689453,
          "Top": 0.5338934659957886
        },
        "Polygon": [
          {
            "X": 0.5760059356689453,
            "Y": 0.5338934659957886
          },
          {
            "X": 0.6185934543609619,
            "Y": 0.5338943004608154
          },
          {
            "X": 0.6187260746955872,
            "Y": 0.5562278628349304
          },
          {
            "X": 0.576134979724884,
            "Y": 0.5562236905097961
          }
        ]
      },
      "Id": "5854f290-1453-4239-ac7f-988149fb700b",
      "Page": 1
    },
    {
      "BlockType": "WORD",
      "Confidence": 99.94007110595703,
      "Text": "67",
      "TextType": "PRINTED",
      "Geometry": {
        "BoundingBox": {
          "Width": 0.015297356061637402,
          "Height": 0.022269356995821,
          "Left": 0.7461100816726685,
          "Top": 0.5340047478675842
        },
        "Polygon": [
          {
            "X": 0.7461100816726685,
            "Y": 0.5340047478675842
          },
          {
            "X": 0.761263370513916,
            "Y": 0.5340050458908081
          },
          {
            "X": 0.7614074349403381,
            "Y": 0.5562741160392761
          },
          {
            "X": 0.7462528347969055,
            "Y": 0.5562726259231567
          }
        ]
      },
      "Id": "7b3bcd08-542d-439c-8ab1-da9e2888c0ef",
      "Page": 1
    },
    {
      "BlockType": "WORD",
      "Confidence": 99.9020004272461,
      "Text": "CTBN",
      "TextType": "PRINTED",
      "Geometry": {
        "BoundingBox": {
          "Width": 0.04135514795780182,
          "Height": 0.022359441965818405,
          "Left": 0.22504721581935883,
          "Top": 0.584488034248352
        },
        "Polygon": [
          {
            "X": 0.22504721581935883,
            "Y": 0.584488034248352
          },
          {
            "X": 0.2662990093231201,
            "Y": 0.5844962000846863
          },
          {
            "X": 0.26640236377716064,
            "Y": 0.6068474650382996
          },
          {
            "X": 0.22514714300632477,
            "Y": 0.6068360209465027
          }
        ]
      },
      "Id": "a556f2fe-d522-4963-8162-7231532f690f",
      "Page": 1
    },
    {
      "BlockType": "WORD",
      "Confidence": 99.48985290527344,
      "Text": "20wt%",
      "TextType": "PRINTED",
      "Geometry": {
        "BoundingBox": {
          "Width": 0.043855130672454834,
          "Height": 0.022403046488761902,
          "Left": 0.2695988416671753,
          "Top": 0.5846364498138428
        },
        "Polygon": [
          {
            "X": 0.2695988416671753,
            "Y": 0.5846364498138428
          },
          {
            "X": 0.3133464753627777,
            "Y": 0.58464515209198
          },
          {
            "X": 0.3134539723396301,
            "Y": 0.6070395112037659
          },
          {
            "X": 0.269702672958374,
            "Y": 0.6070273518562317
          }
        ]
      },
      "Id": "4fd00400-4e20-4867-a88e-718645a7d87c",
      "Page": 1
    },
    {
      "BlockType": "WORD",
      "Confidence": 99.98133087158203,
      "Text": "123.69",
      "TextType": "PRINTED",
      "Geometry": {
        "BoundingBox": {
          "Width": 0.04083382710814476,
          "Height": 0.02223333902657032,
          "Left": 0.4207548499107361,
          "Top": 0.5848749279975891
        },
        "Polygon": [
          {
            "X": 0.4207548499107361,
            "Y": 0.5848749279975891
          },
          {
            "X": 0.46146973967552185,
            "Y": 0.5848830938339233
          },
          {
            "X": 0.46158868074417114,
            "Y": 0.6071082949638367
          },
          {
            "X": 0.4208703935146332,
            "Y": 0.6070969700813293
          }
        ]
      },
      "Id": "f5d1c78e-cbb9-4cda-b368-051586352b9b",
      "Page": 1
    },
    {
      "BlockType": "WORD",
      "Confidence": 99.86832427978516,
      "Text": "0.0682",
      "TextType": "PRINTED",
      "Geometry": {
        "BoundingBox": {
          "Width": 0.042631421238183975,
          "Height": 0.02239106222987175,
          "Left": 0.5759403705596924,
          "Top": 0.5845357775688171
        },
        "Polygon": [
          {
            "X": 0.5759403705596924,
            "Y": 0.5845357775688171
          },
          {
            "X": 0.6184389591217041,
            "Y": 0.5845442414283752
          },
          {
            "X": 0.6185718178749084,
            "Y": 0.6069268584251404
          },
          {
            "X": 0.576069712638855,
            "Y": 0.6069150567054749
          }
        ]
      },
      "Id": "c2245986-0885-409e-8d68-58076a29747e",
      "Page": 1
    },
    {
      "BlockType": "WORD",
      "Confidence": 99.9150161743164,
      "Text": "85",
      "TextType": "PRINTED",
      "Geometry": {
        "BoundingBox": {
          "Width": 0.014701424166560173,
          "Height": 0.021456493064761162,
          "Left": 0.7466301918029785,
          "Top": 0.5850953459739685
        },
        "Polygon": [
          {
            "X": 0.7466301918029785,
            "Y": 0.5850953459739685
          },
          {
            "X": 0.7611928582191467,
            "Y": 0.5850982666015625
          },
          {
            "X": 0.7613316178321838,
            "Y": 0.6065518260002136
          },
          {
            "X": 0.7467678189277649,
            "Y": 0.6065477728843689
          }
        ]
      },
      "Id": "ceb466f5-eaff-443d-bcfc-11d8ec7d251c",
      "Page": 1
    },
    {
      "BlockType": "WORD",
      "Confidence": 99.84069061279297,
      "Text": "CTBN",
      "TextType": "PRINTED",
      "Geometry": {
        "BoundingBox": {
          "Width": 0.04137301817536354,
          "Height": 0.022609781473875046,
          "Left": 0.22496287524700165,
          "Top": 0.6340817213058472
        },
        "Polygon": [
          {
            "X": 0.22496287524700165,
            "Y": 0.6340817213058472
          },
          {
            "X": 0.2662314176559448,
            "Y": 0.634097158908844
          },
          {
            "X": 0.2663358747959137,
            "Y": 0.6566914916038513
          },
          {
            "X": 0.22506386041641235,
            "Y": 0.6566727757453918
          }
        ]
      },
      "Id": "c34f1623-6bbd-413b-a2b1-8bfd746cce67",
      "Page": 1
    },
    {
      "BlockType": "WORD",
      "Confidence": 99.36032104492188,
      "Text": "25wt%",
      "TextType": "PRINTED",
      "Geometry": {
        "BoundingBox": {
          "Width": 0.04345615208148956,
          "Height": 0.022326147183775902,
          "Left": 0.26982998847961426,
          "Top": 0.6345229744911194
        },
        "Polygon": [
          {
            "X": 0.26982998847961426,
            "Y": 0.6345229744911194
          },
          {
            "X": 0.3131791055202484,
            "Y": 0.6345392465591431
          },
          {
            "X": 0.313286155462265,
            "Y": 0.6568491458892822
          },
          {
            "X": 0.26993343234062195,
            "Y": 0.6568294167518616
          }
        ]
      },
      "Id": "b29b2d8c-3fcc-44ae-9182-c70da3ec9bf1",
      "Page": 1
    },
    {
      "BlockType": "WORD",
      "Confidence": 99.94400024414062,
      "Text": "121.57",
      "TextType": "PRINTED",
      "Geometry": {
        "BoundingBox": {
          "Width": 0.04141730070114136,
          "Height": 0.02314799837768078,
          "Left": 0.4205837547779083,
          "Top": 0.6340488791465759
        },
        "Polygon": [
          {
            "X": 0.4205837547779083,
            "Y": 0.6340488791465759
          },
          {
            "X": 0.4618772566318512,
            "Y": 0.6340643167495728
          },
          {
            "X": 0.4620010554790497,
            "Y": 0.6571968793869019
          },
          {
            "X": 0.4207040071487427,
            "Y": 0.6571780443191528
          }
        ]
      },
      "Id": "ebd3f9f2-b1ae-4a12-aafe-d180dc885d00",
      "Page": 1
    },
    {
      "BlockType": "WORD",
      "Confidence": 99.73297882080078,
      "Text": "0.0838",
      "TextType": "PRINTED",
      "Geometry": {
        "BoundingBox": {
          "Width": 0.042144931852817535,
          "Height": 0.023657741025090218,
          "Left": 0.5761401057243347,
          "Top": 0.6340051889419556
        },
        "Polygon": [
          {
            "X": 0.5761401057243347,
            "Y": 0.6340051889419556
          },
          {
            "X": 0.6181447505950928,
            "Y": 0.6340208649635315
          },
          {
            "X": 0.6182850003242493,
            "Y": 0.6576629281044006
          },
          {
            "X": 0.5762766599655151,
            "Y": 0.657643735408783
          }
        ]
      },
      "Id": "d8043927-cae0-4b27-81ee-701b2592b54a",
      "Page": 1
    },
    {
      "BlockType": "WORD",
      "Confidence": 99.95870208740234,
      "Text": "128",
      "TextType": "PRINTED",
      "Geometry": {
        "BoundingBox": {
          "Width": 0.02185981161892414,
          "Height": 0.022275833413004875,
          "Left": 0.7434887886047363,
          "Top": 0.6339029669761658
        },
        "Polygon": [
          {
            "X": 0.7434887886047363,
            "Y": 0.6339029669761658
          },
          {
            "X": 0.7652043104171753,
            "Y": 0.6339110732078552
          },
          {
            "X": 0.7653486132621765,
            "Y": 0.6561788320541382
          },
          {
            "X": 0.7436313033103943,
            "Y": 0.6561689972877502
          }
        ]
      },
      "Id": "2dd93745-c02e-436c-b179-3bc6791a2372",
      "Page": 1
    },
    {
      "BlockType": "TABLE",
      "Confidence": 99.21875,
      "Geometry": {
        "BoundingBox": {
          "Width": 0.6612221598625183,
          "Height": 0.3592565059661865,
          "Left": 0.17309688031673431,
          "Top": 0.31527549028396606
        },
        "Polygon": [
          {
            "X": 0.17309688031673431,
            "Y": 0.3157721161842346
          },
          {
            "X": 0.83189857006073,
            "Y": 0.31527549028396606
          },
          {
            "X": 0.8343190550804138,
            "Y": 0.6745319962501526
          },
          {
            "X": 0.17463171482086182,
            "Y": 0.6741912961006165
          }
        ]
      },
      "Id": "3a1f5ca9-8a0e-4811-819d-2ecf84abc0b7",
      "Relationships": [
        {
          "Type": "CHILD",
          "Ids": [
            "d5f68106-03cc-4c44-a0d3-e5cf315d73f3",
            "15251403-4b77-4f06-a21a-4e6978692844",
            "bf0d590b-d64f-4097-aecd-e30a827f0c84",
            "960bc078-f7fc-4e16-aabe-3344b67bda32",
            "64f91f47-7e9a-4fd8-9c7d-41605b45acff",
            "b8ec1849-685a-4d63-8d1d-f030bb7c3a14",
            "ff845c40-190c-4e7b-b60a-ece35ad4a04b",
            "a26a17c6-83fe-40f0-8e3f-19ad0b3a622c",
            "f09082b3-f8f2-4c71-a979-d816b4375fd7",
            "fec40a13-31ca-4174-a79f-5d526a62008b",
            "1e5b2785-0a42-4341-9f52-22bc6b3b6a1d",
            "399f21f4-09e3-4391-a012-6dd42b596a57",
            "8db3c4fc-d1bc-4340-8f81-047f0f63bacf",
            "7aa39419-2228-430a-b7ff-c5bea00af658",
            "daf028b9-ac16-4c1e-a699-14ff5ec5938d",
            "3c2b2690-9a02-4e2e-af75-6fc49ad425c4",
            "70ce80ac-60f0-489c-97cc-8bf52c8ba545",
            "9bbdc3a8-7780-4f2c-aecf-b73174825d3c",
            "ee098485-ca4d-4bfe-bb34-8b7f7e0ea6af",
            "2708b149-28c6-40ad-b0bf-0c78afe03f2d",
            "bf585990-f832-4041-a278-f169775efe2b",
            "b2f2354b-55b2-419e-a850-2b87cb737dd8",
            "ef6bd159-4588-4268-97cb-060bcb5c69cf",
            "f44438e9-6e64-416c-a89c-b1b97bd1c3ab"
          ]
        }
      ],
      "EntityTypes": [
        "STRUCTURED_TABLE"
      ],
      "Page": 1
    },
    {
      "BlockType": "CELL",
      "Confidence": 94.287109375,
      "RowIndex": 1,
      "ColumnIndex": 1,
      "RowSpan": 1,
      "ColumnSpan": 1,
      "Geometry": {
        "BoundingBox": {
          "Width": 0.19136209785938263,
          "Height": 0.10237705707550049,
          "Left": 0.17309688031673431,
          "Top": 0.3156282305717468
        },
        "Polygon": [
          {
            "X": 0.17309688031673431,
            "Y": 0.3157721161842346
          },
          {
            "X": 0.36394813656806946,
            "Y": 0.3156282305717468
          },
          {
            "X": 0.36445897817611694,
            "Y": 0.417930543422699
          },
          {
            "X": 0.17353466153144836,
            "Y": 0.4180052876472473
          }
        ]
      },
      "Id": "d5f68106-03cc-4c44-a0d3-e5cf315d73f3",
      "Relationships": [
        {
          "Type": "CHILD",
          "Ids": [
            "bb4d22fd-befb-4b37-9d03-d86af758e262"
          ]
        }
      ],
      "EntityTypes": [
        "COLUMN_HEADER"
      ],
      "Page": 1
    },
    {
      "BlockType": "CELL",
      "Confidence": 92.724609375,
      "RowIndex": 1,
      "ColumnIndex": 2,
      "RowSpan": 1,
      "ColumnSpan": 1,
      "Geometry": {
        "BoundingBox": {
          "Width": 0.15585684776306152,
          "Height": 0.10241936147212982,
          "Left": 0.36394813656806946,
          "Top": 0.31551116704940796
        },
        "Polygon": [
          {
            "X": 0.36394813656806946,
            "Y": 0.3156282305717468
          },
          {
            "X": 0.5192345976829529,
            "Y": 0.31551116704940796
          },
          {
            "X": 0.5198049545288086,
            "Y": 0.4178697168827057
          },
          {
            "X": 0.36445897817611694,
            "Y": 0.417930543422699
          }
        ]
      },
      "Id": "15251403-4b77-4f06-a21a-4e6978692844",
      "Relationships": [
        {
          "Type": "CHILD",
          "Ids": [
            "c3b4f6b4-7dfb-4f2d-8141-27e6786015a6",
            "32365c46-f8de-4415-afd4-d11f47d26e1b"
          ]
        }
      ],
      "EntityTypes": [
        "COLUMN_HEADER"
      ],
      "Page": 1
    },
    {
      "BlockType": "CELL",
      "Confidence": 94.287109375,
      "RowIndex": 1,
      "ColumnIndex": 3,
      "RowSpan": 1,
      "ColumnSpan": 1,
      "Geometry": {
        "BoundingBox": {
          "Width": 0.1499963253736496,
          "Height": 0.10247114300727844,
          "Left": 0.5192345976829529,
          "Top": 0.31539857387542725
        },
        "Polygon": [
          {
            "X": 0.5192345976829529,
            "Y": 0.31551116704940796
          },
          {
            "X": 0.668603241443634,
            "Y": 0.31539857387542725
          },
          {
            "X": 0.6692309379577637,
            "Y": 0.41781121492385864
          },
          {
            "X": 0.5198049545288086,
            "Y": 0.4178697168827057
          }
        ]
      },
      "Id": "bf0d590b-d64f-4097-aecd-e30a827f0c84",
      "Relationships": [
        {
          "Type": "CHILD",
          "Ids": [
            "99fa5655-b6b2-475a-80e4-babb616a1b15",
            "69261feb-a618-4e31-88cb-82f5e7bdc6d3",
            "84b6de14-75c8-4083-a140-3a2f945c85dd"
          ]
        }
      ],
      "EntityTypes": [
        "COLUMN_HEADER"
      ],
      "Page": 1
    },
    {
      "BlockType": "CELL",
      "Confidence": 93.9453125,
      "RowIndex": 1,
      "ColumnIndex": 4,
      "RowSpan": 1,
      "ColumnSpan": 1,
      "Geometry": {
        "BoundingBox": {
          "Width": 0.1639857292175293,
          "Height": 0.10253573954105377,
          "Left": 0.668603241443634,
          "Top": 0.31527549028396606
        },
        "Polygon": [
          {
            "X": 0.668603241443634,
            "Y": 0.31539857387542725
          },
          {
            "X": 0.83189857006073,
            "Y": 0.31527549028396606
          },
          {
            "X": 0.8325889706611633,
            "Y": 0.41774725914001465
          },
          {
            "X": 0.6692309379577637,
            "Y": 0.41781121492385864
          }
        ]
      },
      "Id": "960bc078-f7fc-4e16-aabe-3344b67bda32",
      "Relationships": [
        {
          "Type": "CHILD",
          "Ids": [
            "38971c4e-da09-4850-9aa9-c0aa148ffadf",
            "63751e32-e901-4163-a8a6-e00440c5d859",
            "3b15bb2a-73e2-4797-a145-fc7dc0eb178a",
            "6e9759fb-9957-436d-a889-bc4774b43742",
            "b9342d4b-128c-4583-8367-9dcbe58548a0",
            "860f5196-2675-424d-aeb1-bef9ddc9ac57"
          ]
        }
      ],
      "EntityTypes": [
        "COLUMN_HEADER"
      ],
      "Page": 1
    },
    {
      "BlockType": "CELL",
      "Confidence": 88.8671875,
      "RowIndex": 2,
      "ColumnIndex": 1,
      "RowSpan": 1,
      "ColumnSpan": 1,
      "Geometry": {
        "BoundingBox": {
          "Width": 0.19118256866931915,
          "Height": 0.051759231835603714,
          "Left": 0.17353466153144836,
          "Top": 0.417930543422699
        },
        "Polygon": [
          {
            "X": 0.17353466153144836,
            "Y": 0.4180052876472473
          },
          {
            "X": 0.36445897817611694,
            "Y": 0.417930543422699
          },
          {
            "X": 0.3647172451019287,
            "Y": 0.469650000333786
          },
          {
            "X": 0.17375598847866058,
            "Y": 0.4696897566318512
          }
        ]
      },
      "Id": "64f91f47-7e9a-4fd8-9c7d-41605b45acff",
      "Relationships": [
        {
          "Type": "CHILD",
          "Ids": [
            "551e7e84-bab4-4822-a69a-64158e523c62",
            "71f68e8f-496c-4c11-a619-d4111e654452",
            "1be72513-469e-4c3f-9137-4699b2372131"
          ]
        }
      ],
      "Page": 1
    },
    {
      "BlockType": "CELL",
      "Confidence": 87.353515625,
      "RowIndex": 2,
      "ColumnIndex": 2,
      "RowSpan": 1,
      "ColumnSpan": 1,
      "Geometry": {
        "BoundingBox": {
          "Width": 0.15563435852527618,
          "Height": 0.05178026482462883,
          "Left": 0.36445897817611694,
          "Top": 0.4178697168827057
        },
        "Polygon": [
          {
            "X": 0.36445897817611694,
            "Y": 0.417930543422699
          },
          {
            "X": 0.5198049545288086,
            "Y": 0.4178697168827057
          },
          {
            "X": 0.5200933218002319,
            "Y": 0.4696176052093506
          },
          {
            "X": 0.3647172451019287,
            "Y": 0.469650000333786
          }
        ]
      },
      "Id": "b8ec1849-685a-4d63-8d1d-f030bb7c3a14",
      "Relationships": [
        {
          "Type": "CHILD",
          "Ids": [
            "241bea80-0e16-4489-ab08-1b6200bc029f"
          ]
        }
      ],
      "Page": 1
    },
    {
      "BlockType": "CELL",
      "Confidence": 88.818359375,
      "RowIndex": 2,
      "ColumnIndex": 3,
      "RowSpan": 1,
      "ColumnSpan": 1,
      "Geometry": {
        "BoundingBox": {
          "Width": 0.14974327385425568,
          "Height": 0.05180639773607254,
          "Left": 0.5198049545288086,
          "Top": 0.41781121492385864
        },
        "Polygon": [
          {
            "X": 0.5198049545288086,
            "Y": 0.4178697168827057
          },
          {
            "X": 0.6692309379577637,
            "Y": 0.41781121492385864
          },
          {
            "X": 0.6695482730865479,
            "Y": 0.46958646178245544
          },
          {
            "X": 0.5200933218002319,
            "Y": 0.4696176052093506
          }
        ]
      },
      "Id": "ff845c40-190c-4e7b-b60a-ece35ad4a04b",
      "Relationships": [
        {
          "Type": "CHILD",
          "Ids": [
            "3847a244-e19c-4162-bd50-462e741e5b8c"
          ]
        }
      ],
      "Page": 1
    },
    {
      "BlockType": "CELL",
      "Confidence": 88.525390625,
      "RowIndex": 2,
      "ColumnIndex": 4,
      "RowSpan": 1,
      "ColumnSpan": 1,
      "Geometry": {
        "BoundingBox": {
          "Width": 0.16370707750320435,
          "Height": 0.05183921381831169,
          "Left": 0.6692309379577637,
          "Top": 0.41774725914001465
        },
        "Polygon": [
          {
            "X": 0.6692309379577637,
            "Y": 0.41781121492385864
          },
          {
            "X": 0.8325889706611633,
            "Y": 0.41774725914001465
          },
          {
            "X": 0.832938015460968,
            "Y": 0.4695524275302887
          },
          {
            "X": 0.6695482730865479,
            "Y": 0.46958646178245544
          }
        ]
      },
      "Id": "a26a17c6-83fe-40f0-8e3f-19ad0b3a622c",
      "Relationships": [
        {
          "Type": "CHILD",
          "Ids": [
            "5f892dff-eb69-473d-b521-d91518ba5c19"
          ]
        }
      ],
      "Page": 1
    },
    {
      "BlockType": "CELL",
      "Confidence": 89.453125,
      "RowIndex": 3,
      "ColumnIndex": 1,
      "RowSpan": 1,
      "ColumnSpan": 1,
      "Geometry": {
        "BoundingBox": {
          "Width": 0.19121433794498444,
          "Height": 0.05068878456950188,
          "Left": 0.17375598847866058,
          "Top": 0.469650000333786
        },
        "Polygon": [
          {
            "X": 0.17375598847866058,
            "Y": 0.4696897566318512
          },
          {
            "X": 0.3647172451019287,
            "Y": 0.469650000333786
          },
          {
            "X": 0.364970326423645,
            "Y": 0.5203332304954529
          },
          {
            "X": 0.17397287487983704,
            "Y": 0.520338773727417
          }
        ]
      },
      "Id": "f09082b3-f8f2-4c71-a979-d816b4375fd7",
      "Relationships": [
        {
          "Type": "CHILD",
          "Ids": [
            "5f4b4493-2894-458e-8f9d-a40070fb16c0",
            "6d605df1-7e20-43aa-933d-a2a98f58759b"
          ]
        }
      ],
      "Page": 1
    },
    {
      "BlockType": "CELL",
      "Confidence": 87.939453125,
      "RowIndex": 3,
      "ColumnIndex": 2,
      "RowSpan": 1,
      "ColumnSpan": 1,
      "Geometry": {
        "BoundingBox": {
          "Width": 0.15565866231918335,
          "Height": 0.05071564391255379,
          "Left": 0.3647172451019287,
          "Top": 0.4696176052093506
        },
        "Polygon": [
          {
            "X": 0.3647172451019287,
            "Y": 0.469650000333786
          },
          {
            "X": 0.5200933218002319,
            "Y": 0.4696176052093506
          },
          {
            "X": 0.5203759074211121,
            "Y": 0.5203287601470947
          },
          {
            "X": 0.364970326423645,
            "Y": 0.5203332304954529
          }
        ]
      },
      "Id": "fec40a13-31ca-4174-a79f-5d526a62008b",
      "Relationships": [
        {
          "Type": "CHILD",
          "Ids": [
            "97c3d472-f781-4231-b970-3a664779ccb6"
          ]
        }
      ],
      "Page": 1
    },
    {
      "BlockType": "CELL",
      "Confidence": 89.404296875,
      "RowIndex": 3,
      "ColumnIndex": 3,
      "RowSpan": 1,
      "ColumnSpan": 1,
      "Geometry": {
        "BoundingBox": {
          "Width": 0.14976589381694794,
          "Height": 0.05074230208992958,
          "Left": 0.5200933218002319,
          "Top": 0.46958646178245544
        },
        "Polygon": [
          {
            "X": 0.5200933218002319,
            "Y": 0.4696176052093506
          },
          {
            "X": 0.6695482730865479,
            "Y": 0.46958646178245544
          },
          {
            "X": 0.6698592305183411,
            "Y": 0.5203244686126709
          },
          {
            "X": 0.5203759074211121,
            "Y": 0.5203287601470947
          }
        ]
      },
      "Id": "1e5b2785-0a42-4341-9f52-22bc6b3b6a1d",
      "Relationships": [
        {
          "Type": "CHILD",
          "Ids": [
            "980700c4-a91b-4b89-ae2b-4f8cdeca7a68"
          ]
        }
      ],
      "Page": 1
    },
    {
      "BlockType": "CELL",
      "Confidence": 89.0625,
      "RowIndex": 3,
      "ColumnIndex": 4,
      "RowSpan": 1,
      "ColumnSpan": 1,
      "Geometry": {
        "BoundingBox": {
          "Width": 0.16373179852962494,
          "Height": 0.05077202990651131,
          "Left": 0.6695482730865479,
          "Top": 0.4695524275302887
        },
        "Polygon": [
          {
            "X": 0.6695482730865479,
            "Y": 0.46958646178245544
          },
          {
            "X": 0.832938015460968,
            "Y": 0.4695524275302887
          },
          {
            "X": 0.8332800269126892,
            "Y": 0.5203197598457336
          },
          {
            "X": 0.6698592305183411,
            "Y": 0.5203244686126709
          }
        ]
      },
      "Id": "399f21f4-09e3-4391-a012-6dd42b596a57",
      "Relationships": [
        {
          "Type": "CHILD",
          "Ids": [
            "c3214bab-c63a-4324-afe4-93adea0db947"
          ]
        }
      ],
      "Page": 1
    },
    {
      "BlockType": "CELL",
      "Confidence": 89.013671875,
      "RowIndex": 4,
      "ColumnIndex": 1,
      "RowSpan": 1,
      "ColumnSpan": 1,
      "Geometry": {
        "BoundingBox": {
          "Width": 0.19124534726142883,
          "Height": 0.04964591935276985,
          "Left": 0.17397287487983704,
          "Top": 0.5203332304954529
        },
        "Polygon": [
          {
            "X": 0.17397287487983704,
            "Y": 0.520338773727417
          },
          {
            "X": 0.364970326423645,
            "Y": 0.5203332304954529
          },
          {
            "X": 0.36521822214126587,
            "Y": 0.569979190826416
          },
          {
            "X": 0.17418533563613892,
            "Y": 0.5699511170387268
          }
        ]
      },
      "Id": "8db3c4fc-d1bc-4340-8f81-047f0f63bacf",
      "Relationships": [
        {
          "Type": "CHILD",
          "Ids": [
            "d994b370-aaca-4f21-bf7a-1947f9d6e96a",
            "4570efd7-04a4-47ee-9474-f135bc4ab725"
          ]
        }
      ],
      "Page": 1
    },
    {
      "BlockType": "CELL",
      "Confidence": 87.5,
      "RowIndex": 4,
      "ColumnIndex": 2,
      "RowSpan": 1,
      "ColumnSpan": 1,
      "Geometry": {
        "BoundingBox": {
          "Width": 0.15568237006664276,
          "Height": 0.04967324808239937,
          "Left": 0.364970326423645,
          "Top": 0.5203287601470947
        },
        "Polygon": [
          {
            "X": 0.364970326423645,
            "Y": 0.5203332304954529
          },
          {
            "X": 0.5203759074211121,
            "Y": 0.5203287601470947
          },
          {
            "X": 0.520652711391449,
            "Y": 0.570002019405365
          },
          {
            "X": 0.36521822214126587,
            "Y": 0.569979190826416
          }
        ]
      },
      "Id": "7aa39419-2228-430a-b7ff-c5bea00af658",
      "Relationships": [
        {
          "Type": "CHILD",
          "Ids": [
            "5f2f338d-bd9c-4397-9ac3-a4f47b1b161c"
          ]
        }
      ],
      "Page": 1
    },
    {
      "BlockType": "CELL",
      "Confidence": 88.96484375,
      "RowIndex": 4,
      "ColumnIndex": 3,
      "RowSpan": 1,
      "ColumnSpan": 1,
      "Geometry": {
        "BoundingBox": {
          "Width": 0.14978793263435364,
          "Height": 0.049699533730745316,
          "Left": 0.5203759074211121,
          "Top": 0.5203244686126709
        },
        "Polygon": [
          {
            "X": 0.5203759074211121,
            "Y": 0.5203287601470947
          },
          {
            "X": 0.6698592305183411,
            "Y": 0.5203244686126709
          },
          {
            "X": 0.6701638102531433,
            "Y": 0.5700240135192871
          },
          {
            "X": 0.520652711391449,
            "Y": 0.570002019405365
          }
        ]
      },
      "Id": "daf028b9-ac16-4c1e-a699-14ff5ec5938d",
      "Relationships": [
        {
          "Type": "CHILD",
          "Ids": [
            "5854f290-1453-4239-ac7f-988149fb700b"
          ]
        }
      ],
      "Page": 1
    },
    {
      "BlockType": "CELL",
      "Confidence": 88.623046875,
      "RowIndex": 4,
      "ColumnIndex": 4,
      "RowSpan": 1,
      "ColumnSpan": 1,
      "Geometry": {
        "BoundingBox": {
          "Width": 0.1637558788061142,
          "Height": 0.04972827434539795,
          "Left": 0.6698592305183411,
          "Top": 0.5203197598457336
        },
        "Polygon": [
          {
            "X": 0.6698592305183411,
            "Y": 0.5203244686126709
          },
          {
            "X": 0.8332800269126892,
            "Y": 0.5203197598457336
          },
          {
            "X": 0.8336151242256165,
            "Y": 0.5700480341911316
          },
          {
            "X": 0.6701638102531433,
            "Y": 0.5700240135192871
          }
        ]
      },
      "Id": "3c2b2690-9a02-4e2e-af75-6fc49ad425c4",
      "Relationships": [
        {
          "Type": "CHILD",
          "Ids": [
            "7b3bcd08-542d-439c-8ab1-da9e2888c0ef"
          ]
        }
      ],
      "Page": 1
    },
    {
      "BlockType": "CELL",
      "Confidence": 87.548828125,
      "RowIndex": 5,
      "ColumnIndex": 1,
      "RowSpan": 1,
      "ColumnSpan": 1,
      "Geometry": {
        "BoundingBox": {
          "Width": 0.19128617644309998,
          "Height": 0.050749246031045914,
          "Left": 0.17418533563613892,
          "Top": 0.5699511170387268
        },
        "Polygon": [
          {
            "X": 0.17418533563613892,
            "Y": 0.5699511170387268
          },
          {
            "X": 0.36521822214126587,
            "Y": 0.569979190826416
          },
          {
            "X": 0.3654715120792389,
            "Y": 0.6207003593444824
          },
          {
            "X": 0.1744023859500885,
            "Y": 0.6206379532814026
          }
        ]
      },
      "Id": "70ce80ac-60f0-489c-97cc-8bf52c8ba545",
      "Relationships": [
        {
          "Type": "CHILD",
          "Ids": [
            "a556f2fe-d522-4963-8162-7231532f690f",
            "4fd00400-4e20-4867-a88e-718645a7d87c"
          ]
        }
      ],
      "Page": 1
    },
    {
      "BlockType": "CELL",
      "Confidence": 86.083984375,
      "RowIndex": 5,
      "ColumnIndex": 2,
      "RowSpan": 1,
      "ColumnSpan": 1,
      "Geometry": {
        "BoundingBox": {
          "Width": 0.15571725368499756,
          "Height": 0.05077194422483444,
          "Left": 0.36521822214126587,
          "Top": 0.569979190826416
        },
        "Polygon": [
          {
            "X": 0.36521822214126587,
            "Y": 0.569979190826416
          },
          {
            "X": 0.520652711391449,
            "Y": 0.570002019405365
          },
          {
            "X": 0.5209354758262634,
            "Y": 0.620751142501831
          },
          {
            "X": 0.3654715120792389,
            "Y": 0.6207003593444824
          }
        ]
      },
      "Id": "9bbdc3a8-7780-4f2c-aecf-b73174825d3c",
      "Relationships": [
        {
          "Type": "CHILD",
          "Ids": [
            "f5d1c78e-cbb9-4cda-b368-051586352b9b"
          ]
        }
      ],
      "Page": 1
    },
    {
      "BlockType": "CELL",
      "Confidence": 87.5,
      "RowIndex": 5,
      "ColumnIndex": 3,
      "RowSpan": 1,
      "ColumnSpan": 1,
      "Geometry": {
        "BoundingBox": {
          "Width": 0.14982233941555023,
          "Height": 0.05079793930053711,
          "Left": 0.520652711391449,
          "Top": 0.570002019405365
        },
        "Polygon": [
          {
            "X": 0.520652711391449,
            "Y": 0.570002019405365
          },
          {
            "X": 0.6701638102531433,
            "Y": 0.5700240135192871
          },
          {
            "X": 0.6704750061035156,
            "Y": 0.6207999587059021
          },
          {
            "X": 0.5209354758262634,
            "Y": 0.620751142501831
          }
        ]
      },
      "Id": "ee098485-ca4d-4bfe-bb34-8b7f7e0ea6af",
      "Relationships": [
        {
          "Type": "CHILD",
          "Ids": [
            "c2245986-0885-409e-8d68-58076a29747e"
          ]
        }
      ],
      "Page": 1
    },
    {
      "BlockType": "CELL",
      "Confidence": 87.20703125,
      "RowIndex": 5,
      "ColumnIndex": 4,
      "RowSpan": 1,
      "ColumnSpan": 1,
      "Geometry": {
        "BoundingBox": {
          "Width": 0.16379356384277344,
          "Height": 0.05082935839891434,
          "Left": 0.6701638102531433,
          "Top": 0.5700240135192871
        },
        "Polygon": [
          {
            "X": 0.6701638102531433,
            "Y": 0.5700240135192871
          },
          {
            "X": 0.8336151242256165,
            "Y": 0.5700480341911316
          },
          {
            "X": 0.8339573740959167,
            "Y": 0.6208533644676208
          },
          {
            "X": 0.6704750061035156,
            "Y": 0.6207999587059021
          }
        ]
      },
      "Id": "2708b149-28c6-40ad-b0bf-0c78afe03f2d",
      "Relationships": [
        {
          "Type": "CHILD",
          "Ids": [
            "ceb466f5-eaff-443d-bcfc-11d8ec7d251c"
          ]
        }
      ],
      "Page": 1
    },
    {
      "BlockType": "CELL",
      "Confidence": 91.552734375,
      "RowIndex": 6,
      "ColumnIndex": 1,
      "RowSpan": 1,
      "ColumnSpan": 1,
      "Geometry": {
        "BoundingBox": {
          "Width": 0.1913367211818695,
          "Height": 0.053652070462703705,
          "Left": 0.1744023859500885,
          "Top": 0.6206379532814026
        },
        "Polygon": [
          {
            "X": 0.1744023859500885,
            "Y": 0.6206379532814026
          },
          {
            "X": 0.3654715120792389,
            "Y": 0.6207003593444824
          },
          {
            "X": 0.365739107131958,
            "Y": 0.6742900013923645
          },
          {
            "X": 0.17463171482086182,
            "Y": 0.6741912961006165
          }
        ]
      },
      "Id": "bf585990-f832-4041-a278-f169775efe2b",
      "Relationships": [
        {
          "Type": "CHILD",
          "Ids": [
            "c34f1623-6bbd-413b-a2b1-8bfd746cce67",
            "b29b2d8c-3fcc-44ae-9182-c70da3ec9bf1"
          ]
        }
      ],
      "Page": 1
    },
    {
      "BlockType": "CELL",
      "Confidence": 89.990234375,
      "RowIndex": 6,
      "ColumnIndex": 2,
      "RowSpan": 1,
      "ColumnSpan": 1,
      "Geometry": {
        "BoundingBox": {
          "Width": 0.15576274693012238,
          "Height": 0.05366996303200722,
          "Left": 0.3654715120792389,
          "Top": 0.6207003593444824
        },
        "Polygon": [
          {
            "X": 0.3654715120792389,
            "Y": 0.6207003593444824
          },
          {
            "X": 0.5209354758262634,
            "Y": 0.620751142501831
          },
          {
            "X": 0.5212342739105225,
            "Y": 0.674370288848877
          },
          {
            "X": 0.365739107131958,
            "Y": 0.6742900013923645
          }
        ]
      },
      "Id": "b2f2354b-55b2-419e-a850-2b87cb737dd8",
      "Relationships": [
        {
          "Type": "CHILD",
          "Ids": [
            "ebd3f9f2-b1ae-4a12-aafe-d180dc885d00"
          ]
        }
      ],
      "Page": 1
    },
    {
      "BlockType": "CELL",
      "Confidence": 91.50390625,
      "RowIndex": 6,
      "ColumnIndex": 3,
      "RowSpan": 1,
      "ColumnSpan": 1,
      "Geometry": {
        "BoundingBox": {
          "Width": 0.14986835420131683,
          "Height": 0.05369642749428749,
          "Left": 0.5209354758262634,
          "Top": 0.620751142501831
        },
        "Polygon": [
          {
            "X": 0.5209354758262634,
            "Y": 0.620751142501831
          },
          {
            "X": 0.6704750061035156,
            "Y": 0.6207999587059021
          },
          {
            "X": 0.6708038449287415,
            "Y": 0.6744475364685059
          },
          {
            "X": 0.5212342739105225,
            "Y": 0.674370288848877
          }
        ]
      },
      "Id": "ef6bd159-4588-4268-97cb-060bcb5c69cf",
      "Relationships": [
        {
          "Type": "CHILD",
          "Ids": [
            "d8043927-cae0-4b27-81ee-701b2592b54a"
          ]
        }
      ],
      "Page": 1
    },
    {
      "BlockType": "CELL",
      "Confidence": 91.162109375,
      "RowIndex": 6,
      "ColumnIndex": 4,
      "RowSpan": 1,
      "ColumnSpan": 1,
      "Geometry": {
        "BoundingBox": {
          "Width": 0.163844034075737,
          "Height": 0.05373202636837959,
          "Left": 0.6704750061035156,
          "Top": 0.6207999587059021
        },
        "Polygon": [
          {
            "X": 0.6704750061035156,
            "Y": 0.6207999587059021
          },
          {
            "X": 0.8339573740959167,
            "Y": 0.6208533644676208
          },
          {
            "X": 0.8343190550804138,
            "Y": 0.6745319962501526
          },
          {
            "X": 0.6708038449287415,
            "Y": 0.6744475364685059
          }
        ]
      },
      "Id": "f44438e9-6e64-416c-a89c-b1b97bd1c3ab",
      "Relationships": [
        {
          "Type": "CHILD",
          "Ids": [
            "2dd93745-c02e-436c-b179-3bc6791a2372"
          ]
        }
      ],
      "Page": 1
    }
  ],
  "AnalyzeDocumentModelVersion": "1.0"
}