{
  "DocumentMetadata": {
    "Pages": 1
  },
  "JobStatus": "SUCCEEDED",
  "Blocks": [
    {
      "BlockType": "PAGE",
      "Geometry": {
        "BoundingBox": {
          "Width": 1,
          "Height": 1,
          "Left": 0,
          "Top": 0
        },
        "Polygon": [
          {
            "X": 0,
            "Y": 0.000009929653970175423
          },
          {
            "X": 1,
            "Y": 0
          },
          {
            "X": 1,
            "Y": 1
          },
          {
            "X": 0.000025240400645998307,
            "Y": 1
          }
        ]
      },
      "Id": "ebb6ee80-e905-40d3-8991-8d1c23318f27",
      "Relationships": [
        {
          "Type": "CHILD",
          "Ids": [
            "e82ae47e-08ad-4015-89f8-0d177fc7a78d",
            "9d5da0eb-1178-47da-8129-87f974886e73",
            "c2cf7a20-c18e-47cf-8362-a1025f23cd82",
            "bde1dd2a-71cc-4bf6-bd9d-18cad5c834d5",
            "6b7bd8a1-c019-43c9-9c61-b250595467a1",
            "2446222b-6692-4dea-a4c1-1541852b7f23",
            "64976c5b-5979-4746-86c6-b0e85759acac",
            "b76ea4b7-1a06-4bd4-936d-9870f9d284a6",
            "fb8fb0b1-a424-4c29-aebc-39f39e94c344",
            "a5811588-e45e-44ad-8880-8820d8a045e2",
            "9969bd38-66a1-444b-bb15-fea9e9a27ca8",
            "61d1b8c6-808f-4686-9f66-d2f4c3b2d7ee",
            "fe296e24-6742-4619-89b2-1ab7e1d1b205",
            "60b60843-9396-4aaf-a842-46d221ccc0f2",
            "3cd60a6a-3095-4db9-9db4-e42040bb4647",
            "4c778abe-3560-4960-8026-6aa044b2c0da",
            "2633e08b-0965-4894-9706-63ce1f97d550",
            "3a15ccfd-3764-43ba-8601-c1aa94cd5d1e",
            "e97b6215-c64c-4e06-872e-d2aeb8c998dc",
            "20cf80d9-22e0-4d14-a583-32ac9d557098",
            "73732a9c-9b40-42da-b7d7-d4b79ac466d8",
            "81144696-c568-4923-b505-19df44881beb",
            "6abdf40c-7fb2-4ddd-a865-320374c2c37a",
            "62ba9f92-c208-4c6c-b2d2-6aa0dd120fef",
            "3042835b-f6af-44a3-9d95-140a0dae2a5c"
          ]
        }
      ],
      "Page": 1
    },
    {
      "BlockType": "LINE",
      "Confidence": 99.90768432617188,
      "Text": "Samples",
      "Geometry": {
        "BoundingBox": {
          "Width": 0.03328075259923935,
          "Height": 0.022273393347859383,
          "Left": 0.21312150359153748,
          "Top": 0.45522433519363403
        },
        "Polygon": [
          {
            "X": 0.21312150359153748,
            "Y": 0.4553287923336029
          },
          {
            "X": 0.2463129162788391,
            "Y": 0.45522433519363403
          },
          {
            "X": 0.24640226364135742,
            "Y": 0.47739169001579285
          },
          {
            "X": 0.21321257948875427,
            "Y": 0.47749772667884827
          }
        ]
      },
      "Id": "e82ae47e-08ad-4015-89f8-0d177fc7a78d",
      "Relationships": [
        {
          "Type": "CHILD",
          "Ids": [
            "83b7e49f-f58a-4276-a71f-ee16a783eb36"
          ]
        }
      ],
      "Page": 1
    },
    {
      "BlockType": "LINE",
      "Confidence": 39.21219253540039,
      "Text": "To (°C)",
      "Geometry": {
        "BoundingBox": {
          "Width": 0.032120831310749054,
          "Height": 0.022162340581417084,
          "Left": 0.3007553219795227,
          "Top": 0.4550645053386688
        },
        "Polygon": [
          {
            "X": 0.3007553219795227,
            "Y": 0.4551653265953064
          },
          {
            "X": 0.3327917456626892,
            "Y": 0.4550645053386688
          },
          {
            "X": 0.33287617564201355,
            "Y": 0.47712448239326477
          },
          {
            "X": 0.30084142088890076,
            "Y": 0.4772268235683441
          }
        ]
      },
      "Id": "9d5da0eb-1178-47da-8129-87f974886e73",
      "Relationships": [
        {
          "Type": "CHILD",
          "Ids": [
            "82933902-e907-4c3c-9820-91d0a3a58bc9",
            "f85b933d-93f4-462d-a8f4-fe476784d96f"
          ]
        }
      ],
      "Page": 1
    },
    {
      "BlockType": "LINE",
      "Confidence": 61.312164306640625,
      "Text": "Tds (°C)b",
      "Geometry": {
        "BoundingBox": {
          "Width": 0.033532992005348206,
          "Height": 0.024516679346561432,
          "Left": 0.3700837790966034,
          "Top": 0.4525691270828247
        },
        "Polygon": [
          {
            "X": 0.3700837790966034,
            "Y": 0.4526742398738861
          },
          {
            "X": 0.4035274088382721,
            "Y": 0.4525691270828247
          },
          {
            "X": 0.4036167562007904,
            "Y": 0.47697895765304565
          },
          {
            "X": 0.3701750338077545,
            "Y": 0.47708582878112793
          }
        ]
      },
      "Id": "c2cf7a20-c18e-47cf-8362-a1025f23cd82",
      "Relationships": [
        {
          "Type": "CHILD",
          "Ids": [
            "0382b4f3-09e8-45bd-9c60-aaf7f34e8cec",
            "2b39a040-9faa-4357-9956-a22eae11e491"
          ]
        }
      ],
      "Page": 1
    },
    {
      "BlockType": "LINE",
      "Confidence": 48.019378662109375,
      "Text": "(C)c",
      "Geometry": {
        "BoundingBox": {
          "Width": 0.018357375636696815,
          "Height": 0.021738208830356598,
          "Left": 0.45942795276641846,
          "Top": 0.4552658796310425
        },
        "Polygon": [
          {
            "X": 0.45942795276641846,
            "Y": 0.4553234279155731
          },
          {
            "X": 0.4777097702026367,
            "Y": 0.4552658796310425
          },
          {
            "X": 0.4777853488922119,
            "Y": 0.4769456386566162
          },
          {
            "X": 0.45950445532798767,
            "Y": 0.4770040810108185
          }
        ]
      },
      "Id": "bde1dd2a-71cc-4bf6-bd9d-18cad5c834d5",
      "Relationships": [
        {
          "Type": "CHILD",
          "Ids": [
            "1fcbcbf8-c24d-4562-a79a-cf974f054b3b"
          ]
        }
      ],
      "Page": 1
    },
    {
      "BlockType": "LINE",
      "Confidence": 36.738975524902344,
      "Text": "Ts d",
      "Geometry": {
        "BoundingBox": {
          "Width": 0.012964602559804916,
          "Height": 0.020039716735482216,
          "Left": 0.5147044658660889,
          "Top": 0.45278793573379517
        },
        "Polygon": [
          {
            "X": 0.5147044658660889,
            "Y": 0.45282846689224243
          },
          {
            "X": 0.5276016592979431,
            "Y": 0.45278793573379517
          },
          {
            "X": 0.5276690721511841,
            "Y": 0.472786545753479
          },
          {
            "X": 0.5147724151611328,
            "Y": 0.47282764315605164
          }
        ]
      },
      "Id": "6b7bd8a1-c019-43c9-9c61-b250595467a1",
      "Relationships": [
        {
          "Type": "CHILD",
          "Ids": [
            "fad42b15-2c7e-4612-acbd-9d3daf6a7a66"
          ]
        }
      ],
      "Page": 1
    },
    {
      "BlockType": "LINE",
      "Confidence": 86.3279800415039,
      "Text": "Char600 (%)e",
      "Geometry": {
        "BoundingBox": {
          "Width": 0.046980030834674835,
          "Height": 0.021882111206650734,
          "Left": 0.5680689215660095,
          "Top": 0.4553389251232147
        },
        "Polygon": [
          {
            "X": 0.5680689215660095,
            "Y": 0.4554866850376129
          },
          {
            "X": 0.6149802207946777,
            "Y": 0.4553389251232147
          },
          {
            "X": 0.6150490045547485,
            "Y": 0.47707104682922363
          },
          {
            "X": 0.5681400895118713,
            "Y": 0.4772210419178009
          }
        ]
      },
      "Id": "2446222b-6692-4dea-a4c1-1541852b7f23",
      "Relationships": [
        {
          "Type": "CHILD",
          "Ids": [
            "82770cf7-73e6-4613-95b2-9e49268e89ed",
            "12a39271-0641-49f5-9a50-c2d6c2d61265"
          ]
        }
      ],
      "Page": 1
    },
    {
      "BlockType": "LINE",
      "Confidence": 99.94715881347656,
      "Text": "Swelling (%)",
      "Geometry": {
        "BoundingBox": {
          "Width": 0.04876796901226044,
          "Height": 0.022377459332346916,
          "Left": 0.6522474884986877,
          "Top": 0.4552619755268097
        },
        "Polygon": [
          {
            "X": 0.6522474884986877,
            "Y": 0.45541539788246155
          },
          {
            "X": 0.7009496688842773,
            "Y": 0.4552619755268097
          },
          {
            "X": 0.7010154724121094,
            "Y": 0.4774836599826813
          },
          {
            "X": 0.6523158550262451,
            "Y": 0.47763943672180176
          }
        ]
      },
      "Id": "64976c5b-5979-4746-86c6-b0e85759acac",
      "Relationships": [
        {
          "Type": "CHILD",
          "Ids": [
            "865a7dbd-9bca-45e5-85c4-acec1d294ff0",
            "19187e51-e7f7-4717-809a-957b2922657b"
          ]
        }
      ],
      "Page": 1
    },
    {
      "BlockType": "LINE",
      "Confidence": 99.91680145263672,
      "Text": "Soluble part (%)",
      "Geometry": {
        "BoundingBox": {
          "Width": 0.06246616691350937,
          "Height": 0.02225707843899727,
          "Left": 0.738813042640686,
          "Top": 0.4552692174911499
        },
        "Polygon": [
          {
            "X": 0.738813042640686,
            "Y": 0.4554658532142639
          },
          {
            "X": 0.80121910572052,
            "Y": 0.4552692174911499
          },
          {
            "X": 0.8012792468070984,
            "Y": 0.4773266613483429
          },
          {
            "X": 0.7388764023780823,
            "Y": 0.47752630710601807
          }
        ]
      },
      "Id": "b76ea4b7-1a06-4bd4-936d-9870f9d284a6",
      "Relationships": [
        {
          "Type": "CHILD",
          "Ids": [
            "1563495d-b902-45e2-9df8-15490b5cfd03",
            "64fad89a-35d3-4cd1-b15d-a1013c5f322a",
            "c124fb6f-9328-46a3-9279-deb80f940914"
          ]
        }
      ],
      "Page": 1
    },
    {
      "BlockType": "LINE",
      "Confidence": 98.40956115722656,
      "Text": "DGEBA/IPDA",
      "Geometry": {
        "BoundingBox": {
          "Width": 0.05056682229042053,
          "Height": 0.020869717001914978,
          "Left": 0.2133675366640091,
          "Top": 0.49472174048423767
        },
        "Polygon": [
          {
            "X": 0.2133675366640091,
            "Y": 0.4948849678039551
          },
          {
            "X": 0.26385176181793213,
            "Y": 0.49472174048423767
          },
          {
            "X": 0.26393434405326843,
            "Y": 0.5154259204864502
          },
          {
            "X": 0.21345259249210358,
            "Y": 0.5155914425849915
          }
        ]
      },
      "Id": "fb8fb0b1-a424-4c29-aebc-39f39e94c344",
      "Relationships": [
        {
          "Type": "CHILD",
          "Ids": [
            "6811cb3c-03c2-46d5-a6d3-bb03ff69e942"
          ]
        }
      ],
      "Page": 1
    },
    {
      "BlockType": "LINE",
      "Confidence": 99.95709991455078,
      "Text": "160",
      "Geometry": {
        "BoundingBox": {
          "Width": 0.014380480162799358,
          "Height": 0.017000047490000725,
          "Left": 0.3020532429218292,
          "Top": 0.49507489800453186
        },
        "Polygon": [
          {
            "X": 0.3020532429218292,
            "Y": 0.49512121081352234
          },
          {
            "X": 0.3163681924343109,
            "Y": 0.49507489800453186
          },
          {
            "X": 0.31643372774124146,
            "Y": 0.5120280981063843
          },
          {
            "X": 0.30211934447288513,
            "Y": 0.5120749473571777
          }
        ]
      },
      "Id": "a5811588-e45e-44ad-8880-8820d8a045e2",
      "Relationships": [
        {
          "Type": "CHILD",
          "Ids": [
            "d95ea151-598c-4e17-a3fc-667c3ca1f558"
          ]
        }
      ],
      "Page": 1
    },
    {
      "BlockType": "LINE",
      "Confidence": 99.95307159423828,
      "Text": "350",
      "Geometry": {
        "BoundingBox": {
          "Width": 0.01499455887824297,
          "Height": 0.01689079962670803,
          "Left": 0.37065640091896057,
          "Top": 0.49525436758995056
        },
        "Polygon": [
          {
            "X": 0.37065640091896057,
            "Y": 0.495302677154541
          },
          {
            "X": 0.3855886161327362,
            "Y": 0.49525436758995056
          },
          {
            "X": 0.38565096259117126,
            "Y": 0.5120962858200073
          },
          {
            "X": 0.37071937322616577,
            "Y": 0.5121451616287231
          }
        ]
      },
      "Id": "9969bd38-66a1-444b-bb15-fea9e9a27ca8",
      "Relationships": [
        {
          "Type": "CHILD",
          "Ids": [
            "129db3d1-a176-42c9-a4ee-bbca4b621cfb"
          ]
        }
      ],
      "Page": 1
    },
    {
      "BlockType": "LINE",
      "Confidence": 99.88031005859375,
      "Text": "365",
      "Geometry": {
        "BoundingBox": {
          "Width": 0.014682747423648834,
          "Height": 0.01690106838941574,
          "Left": 0.441416472196579,
          "Top": 0.4950491786003113
        },
        "Polygon": [
          {
            "X": 0.441416472196579,
            "Y": 0.49509647488594055
          },
          {
            "X": 0.4560396075248718,
            "Y": 0.4950491786003113
          },
          {
            "X": 0.4560992121696472,
            "Y": 0.511902391910553
          },
          {
            "X": 0.4414766728878021,
            "Y": 0.5119502544403076
          }
        ]
      },
      "Id": "61d1b8c6-808f-4686-9f66-d2f4c3b2d7ee",
      "Relationships": [
        {
          "Type": "CHILD",
          "Ids": [
            "4905cbfd-30e2-4a7f-8bae-9211b6f45a53"
          ]
        }
      ],
      "Page": 1
    },
    {
      "BlockType": "LINE",
      "Confidence": 99.79228973388672,
      "Text": "176",
      "Geometry": {
        "BoundingBox": {
          "Width": 0.014322544448077679,
          "Height": 0.01668066717684269,
          "Left": 0.5159348845481873,
          "Top": 0.4949904978275299
        },
        "Polygon": [
          {
            "X": 0.5159348845481873,
            "Y": 0.49503666162490845
          },
          {
            "X": 0.5302014946937561,
            "Y": 0.4949904978275299
          },
          {
            "X": 0.5302574634552002,
            "Y": 0.5116245150566101
          },
          {
            "X": 0.5159913897514343,
            "Y": 0.5116711854934692
          }
        ]
      },
      "Id": "fe296e24-6742-4619-89b2-1ab7e1d1b205",
      "Relationships": [
        {
          "Type": "CHILD",
          "Ids": [
            "4b12d417-d6fd-4ab4-9052-35c04a1bde4c"
          ]
        }
      ],
      "Page": 1
    },
    {
      "BlockType": "LINE",
      "Confidence": 99.93559265136719,
      "Text": "8",
      "Geometry": {
        "BoundingBox": {
          "Width": 0.00491417245939374,
          "Height": 0.0164894200861454,
          "Left": 0.5680386424064636,
          "Top": 0.49526503682136536
        },
        "Polygon": [
          {
            "X": 0.5680386424064636,
            "Y": 0.49528077244758606
          },
          {
            "X": 0.5728991031646729,
            "Y": 0.49526503682136536
          },
          {
            "X": 0.5729528069496155,
            "Y": 0.5117385387420654
          },
          {
            "X": 0.5680925846099854,
            "Y": 0.5117544531822205
          }
        ]
      },
      "Id": "60b60843-9396-4aaf-a842-46d221ccc0f2",
      "Relationships": [
        {
          "Type": "CHILD",
          "Ids": [
            "6b958d11-70d3-49bd-8098-84299cc25485"
          ]
        }
      ],
      "Page": 1
    },
    {
      "BlockType": "LINE",
      "Confidence": 99.94941711425781,
      "Text": "6",
      "Geometry": {
        "BoundingBox": {
          "Width": 0.0049482895992696285,
          "Height": 0.016460875049233437,
          "Left": 0.6527232527732849,
          "Top": 0.4952448606491089
        },
        "Polygon": [
          {
            "X": 0.6527232527732849,
            "Y": 0.49526071548461914
          },
          {
            "X": 0.6576211452484131,
            "Y": 0.4952448606491089
          },
          {
            "X": 0.6576715111732483,
            "Y": 0.5116896629333496
          },
          {
            "X": 0.6527737975120544,
            "Y": 0.5117056965827942
          }
        ]
      },
      "Id": "3cd60a6a-3095-4db9-9db4-e42040bb4647",
      "Relationships": [
        {
          "Type": "CHILD",
          "Ids": [
            "0d51d7a3-7f9a-4615-a78c-82ff78fc1ffb"
          ]
        }
      ],
      "Page": 1
    },
    {
      "BlockType": "LINE",
      "Confidence": 99.89717864990234,
      "Text": "1",
      "Geometry": {
        "BoundingBox": {
          "Width": 0.0034811049699783325,
          "Height": 0.016059014946222305,
          "Left": 0.7392167448997498,
          "Top": 0.4956302046775818
        },
        "Polygon": [
          {
            "X": 0.7392167448997498,
            "Y": 0.4956413209438324
          },
          {
            "X": 0.7426519393920898,
            "Y": 0.4956302046775818
          },
          {
            "X": 0.7426978349685669,
            "Y": 0.5116779804229736
          },
          {
            "X": 0.7392628192901611,
            "Y": 0.5116891860961914
          }
        ]
      },
      "Id": "4c778abe-3560-4960-8026-6aa044b2c0da",
      "Relationships": [
        {
          "Type": "CHILD",
          "Ids": [
            "d3cb2eb1-b1e9-4a5c-bc2d-1f4953bbee85"
          ]
        }
      ],
      "Page": 1
    },
    {
      "BlockType": "LINE",
      "Confidence": 98.62574768066406,
      "Text": "GEGA/IPDA",
      "Geometry": {
        "BoundingBox": {
          "Width": 0.04534715786576271,
          "Height": 0.02053091675043106,
          "Left": 0.21345745027065277,
          "Top": 0.521630048751831
        },
        "Polygon": [
          {
            "X": 0.21345745027065277,
            "Y": 0.5217790603637695
          },
          {
            "X": 0.25872305035591125,
            "Y": 0.521630048751831
          },
          {
            "X": 0.2588046193122864,
            "Y": 0.5420099496841431
          },
          {
            "X": 0.213541179895401,
            "Y": 0.5421609878540039
          }
        ]
      },
      "Id": "2633e08b-0965-4894-9706-63ce1f97d550",
      "Relationships": [
        {
          "Type": "CHILD",
          "Ids": [
            "523ba595-1bad-4681-a737-bcbcf0f2f312"
          ]
        }
      ],
      "Page": 1
    },
    {
      "BlockType": "LINE",
      "Confidence": 99.95298767089844,
      "Text": "233",
      "Geometry": {
        "BoundingBox": {
          "Width": 0.01467228401452303,
          "Height": 0.016968782991170883,
          "Left": 0.3013392388820648,
          "Top": 0.521763801574707
        },
        "Polygon": [
          {
            "X": 0.3013392388820648,
            "Y": 0.5218119025230408
          },
          {
            "X": 0.315946102142334,
            "Y": 0.521763801574707
          },
          {
            "X": 0.316011518239975,
            "Y": 0.5386839509010315
          },
          {
            "X": 0.30140525102615356,
            "Y": 0.5387325882911682
          }
        ]
      },
      "Id": "3a15ccfd-3764-43ba-8601-c1aa94cd5d1e",
      "Relationships": [
        {
          "Type": "CHILD",
          "Ids": [
            "780f3966-9024-4130-8d48-58cbef5d7c83"
          ]
        }
      ],
      "Page": 1
    },
    {
      "BlockType": "LINE",
      "Confidence": 99.95701599121094,
      "Text": "300",
      "Geometry": {
        "BoundingBox": {
          "Width": 0.01470115501433611,
          "Height": 0.01671190746128559,
          "Left": 0.3707844018936157,
          "Top": 0.5219540596008301
        },
        "Polygon": [
          {
            "X": 0.3707844018936157,
            "Y": 0.5220022797584534
          },
          {
            "X": 0.38542383909225464,
            "Y": 0.5219540596008301
          },
          {
            "X": 0.38548555970191956,
            "Y": 0.5386171936988831
          },
          {
            "X": 0.370846688747406,
            "Y": 0.5386659502983093
          }
        ]
      },
      "Id": "e97b6215-c64c-4e06-872e-d2aeb8c998dc",
      "Relationships": [
        {
          "Type": "CHILD",
          "Ids": [
            "82512d34-2d92-4474-a45b-ce3fd9ba77e3"
          ]
        }
      ],
      "Page": 1
    },
    {
      "BlockType": "LINE",
      "Confidence": 99.80347442626953,
      "Text": "335",
      "Geometry": {
        "BoundingBox": {
          "Width": 0.014666441828012466,
          "Height": 0.017247123643755913,
          "Left": 0.441519170999527,
          "Top": 0.5215153694152832
        },
        "Polygon": [
          {
            "X": 0.441519170999527,
            "Y": 0.5215634703636169
          },
          {
            "X": 0.45612478256225586,
            "Y": 0.5215153694152832
          },
          {
            "X": 0.45618560910224915,
            "Y": 0.5387138724327087
          },
          {
            "X": 0.441580593585968,
            "Y": 0.5387625098228455
          }
        ]
      },
      "Id": "20cf80d9-22e0-4d14-a583-32ac9d557098",
      "Relationships": [
        {
          "Type": "CHILD",
          "Ids": [
            "d78b7f8a-43ac-4a35-8cf1-5a70a56c3d32"
          ]
        }
      ],
      "Page": 1
    },
    {
      "BlockType": "LINE",
      "Confidence": 99.73564910888672,
      "Text": "157",
      "Geometry": {
        "BoundingBox": {
          "Width": 0.014185522682964802,
          "Height": 0.01695682480931282,
          "Left": 0.5159447193145752,
          "Top": 0.521725058555603
        },
        "Polygon": [
          {
            "X": 0.5159447193145752,
            "Y": 0.5217716097831726
          },
          {
            "X": 0.5300734043121338,
            "Y": 0.521725058555603
          },
          {
            "X": 0.5301302671432495,
            "Y": 0.5386348366737366
          },
          {
            "X": 0.5160021781921387,
            "Y": 0.5386819243431091
          }
        ]
      },
      "Id": "73732a9c-9b40-42da-b7d7-d4b79ac466d8",
      "Relationships": [
        {
          "Type": "CHILD",
          "Ids": [
            "43b7cf5d-b32a-45e3-bc72-17352b40cd77"
          ]
        }
      ],
      "Page": 1
    },
    {
      "BlockType": "LINE",
      "Confidence": 99.91630554199219,
      "Text": "23",
      "Geometry": {
        "BoundingBox": {
          "Width": 0.00977462250739336,
          "Height": 0.016590042039752007,
          "Left": 0.5678935647010803,
          "Top": 0.5219669938087463
        },
        "Polygon": [
          {
            "X": 0.5678935647010803,
            "Y": 0.5219990611076355
          },
          {
            "X": 0.5776143670082092,
            "Y": 0.5219669938087463
          },
          {
            "X": 0.5776681900024414,
            "Y": 0.5385246872901917
          },
          {
            "X": 0.5679478049278259,
            "Y": 0.5385570526123047
          }
        ]
      },
      "Id": "81144696-c568-4923-b505-19df44881beb",
      "Relationships": [
        {
          "Type": "CHILD",
          "Ids": [
            "70515bd0-0796-4d8b-9afd-aa25d461f625"
          ]
        }
      ],
      "Page": 1
    },
    {
      "BlockType": "LINE",
      "Confidence": 99.94404602050781,
      "Text": "4",
      "Geometry": {
        "BoundingBox": {
          "Width": 0.005337861832231283,
          "Height": 0.01651849038898945,
          "Left": 0.6524889469146729,
          "Top": 0.5220999717712402
        },
        "Polygon": [
          {
            "X": 0.6524889469146729,
            "Y": 0.5221174359321594
          },
          {
            "X": 0.6577762365341187,
            "Y": 0.5220999717712402
          },
          {
            "X": 0.6578267812728882,
            "Y": 0.5386008620262146
          },
          {
            "X": 0.6525396704673767,
            "Y": 0.5386185050010681
          }
        ]
      },
      "Id": "6abdf40c-7fb2-4ddd-a865-320374c2c37a",
      "Relationships": [
        {
          "Type": "CHILD",
          "Ids": [
            "63a5c6fc-c57b-447c-943e-869e423e3c76"
          ]
        }
      ],
      "Page": 1
    },
    {
      "BlockType": "LINE",
      "Confidence": 99.89205169677734,
      "Text": "1",
      "Geometry": {
        "BoundingBox": {
          "Width": 0.003215339034795761,
          "Height": 0.01639578491449356,
          "Left": 0.7393998503684998,
          "Top": 0.5222857594490051
        },
        "Polygon": [
          {
            "X": 0.7393998503684998,
            "Y": 0.5222961902618408
          },
          {
            "X": 0.7425682544708252,
            "Y": 0.5222857594490051
          },
          {
            "X": 0.7426152229309082,
            "Y": 0.5386709570884705
          },
          {
            "X": 0.7394468784332275,
            "Y": 0.5386815667152405
          }
        ]
      },
      "Id": "62ba9f92-c208-4c6c-b2d2-6aa0dd120fef",
      "Relationships": [
        {
          "Type": "CHILD",
          "Ids": [
            "3411c582-dcb2-44cd-8c3b-7cc6e0252416"
          ]
        }
      ],
      "Page": 1
    },
    {
      "BlockType": "WORD",
      "Confidence": 99.90768432617188,
      "Text": "Samples",
      "TextType": "PRINTED",
      "Geometry": {
        "BoundingBox": {
          "Width": 0.03328075259923935,
          "Height": 0.022273393347859383,
          "Left": 0.21312150359153748,
          "Top": 0.45522433519363403
        },
        "Polygon": [
          {
            "X": 0.21312150359153748,
            "Y": 0.4553287923336029
          },
          {
            "X": 0.2463129162788391,
            "Y": 0.45522433519363403
          },
          {
            "X": 0.24640226364135742,
            "Y": 0.47739169001579285
          },
          {
            "X": 0.21321257948875427,
            "Y": 0.47749772667884827
          }
        ]
      },
      "Id": "83b7e49f-f58a-4276-a71f-ee16a783eb36",
      "Page": 1
    },
    {
      "BlockType": "WORD",
      "Confidence": 49.23159408569336,
      "Text": "To",
      "TextType": "PRINTED",
      "Geometry": {
        "BoundingBox": {
          "Width": 0.011465155519545078,
          "Height": 0.017330612987279892,
          "Left": 0.30075928568840027,
          "Top": 0.4561437964439392
        },
        "Polygon": [
          {
            "X": 0.30075928568840027,
            "Y": 0.456179678440094
          },
          {
            "X": 0.31215742230415344,
            "Y": 0.4561437964439392
          },
          {
            "X": 0.31222444772720337,
            "Y": 0.4734380841255188
          },
          {
            "X": 0.300826758146286,
            "Y": 0.4734744131565094
          }
        ]
      },
      "Id": "82933902-e907-4c3c-9820-91d0a3a58bc9",
      "Page": 1
    },
    {
      "BlockType": "WORD",
      "Confidence": 29.192792892456055,
      "Text": "(°C)",
      "TextType": "PRINTED",
      "Geometry": {
        "BoundingBox": {
          "Width": 0.0185988936573267,
          "Height": 0.022119132801890373,
          "Left": 0.3142772614955902,
          "Top": 0.4550645053386688
        },
        "Polygon": [
          {
            "X": 0.3142772614955902,
            "Y": 0.45512276887893677
          },
          {
            "X": 0.3327917456626892,
            "Y": 0.4550645053386688
          },
          {
            "X": 0.33287617564201355,
            "Y": 0.47712448239326477
          },
          {
            "X": 0.31436264514923096,
            "Y": 0.47718364000320435
          }
        ]
      },
      "Id": "f85b933d-93f4-462d-a8f4-fe476784d96f",
      "Page": 1
    },
    {
      "BlockType": "WORD",
      "Confidence": 79.6683349609375,
      "Text": "Tds",
      "TextType": "PRINTED",
      "Geometry": {
        "BoundingBox": {
          "Width": 0.01218697801232338,
          "Height": 0.01939682848751545,
          "Left": 0.37009891867637634,
          "Top": 0.4566853940486908
        },
        "Polygon": [
          {
            "X": 0.37009891867637634,
            "Y": 0.45672357082366943
          },
          {
            "X": 0.3822140693664551,
            "Y": 0.4566853940486908
          },
          {
            "X": 0.3822858929634094,
            "Y": 0.4760435223579407
          },
          {
            "X": 0.37017127871513367,
            "Y": 0.4760822057723999
          }
        ]
      },
      "Id": "0382b4f3-09e8-45bd-9c60-aaf7f34e8cec",
      "Page": 1
    },
    {
      "BlockType": "WORD",
      "Confidence": 42.955989837646484,
      "Text": "(°C)b",
      "TextType": "PRINTED",
      "Geometry": {
        "BoundingBox": {
          "Width": 0.018893597647547722,
          "Height": 0.024469900876283646,
          "Left": 0.38472315669059753,
          "Top": 0.4525691270828247
        },
        "Polygon": [
          {
            "X": 0.38472315669059753,
            "Y": 0.4526282250881195
          },
          {
            "X": 0.4035274088382721,
            "Y": 0.4525691270828247
          },
          {
            "X": 0.4036167562007904,
            "Y": 0.47697895765304565
          },
          {
            "X": 0.3848135769367218,
            "Y": 0.47703903913497925
          }
        ]
      },
      "Id": "2b39a040-9faa-4357-9956-a22eae11e491",
      "Page": 1
    },
    {
      "BlockType": "WORD",
      "Confidence": 48.019378662109375,
      "Text": "(C)c",
      "TextType": "PRINTED",
      "Geometry": {
        "BoundingBox": {
          "Width": 0.018357375636696815,
          "Height": 0.021738208830356598,
          "Left": 0.45942795276641846,
          "Top": 0.4552658796310425
        },
        "Polygon": [
          {
            "X": 0.45942795276641846,
            "Y": 0.4553234279155731
          },
          {
            "X": 0.4777097702026367,
            "Y": 0.4552658796310425
          },
          {
            "X": 0.4777853488922119,
            "Y": 0.4769456386566162
          },
          {
            "X": 0.45950445532798767,
            "Y": 0.4770040810108185
          }
        ]
      },
      "Id": "1fcbcbf8-c24d-4562-a79a-cf974f054b3b",
      "Page": 1
    },
    {
      "BlockType": "WORD",
      "Confidence": 36.738975524902344,
      "Text": "Ts d",
      "TextType": "PRINTED",
      "Geometry": {
        "BoundingBox": {
          "Width": 0.012964602559804916,
          "Height": 0.020039716735482216,
          "Left": 0.5147044658660889,
          "Top": 0.45278793573379517
        },
        "Polygon": [
          {
            "X": 0.5147044658660889,
            "Y": 0.45282846689224243
          },
          {
            "X": 0.5276016592979431,
            "Y": 0.45278793573379517
          },
          {
            "X": 0.5276690721511841,
            "Y": 0.472786545753479
          },
          {
            "X": 0.5147724151611328,
            "Y": 0.47282764315605164
          }
        ]
      },
      "Id": "fad42b15-2c7e-4612-acbd-9d3daf6a7a66",
      "Page": 1
    },
    {
      "BlockType": "WORD",
      "Confidence": 74.86360168457031,
      "Text": "Char600",
      "TextType": "PRINTED",
      "Geometry": {
        "BoundingBox": {
          "Width": 0.02936757728457451,
          "Height": 0.021391486749053,
          "Left": 0.5680700540542603,
          "Top": 0.455732136964798
        },
        "Polygon": [
          {
            "X": 0.5680700540542603,
            "Y": 0.45582443475723267
          },
          {
            "X": 0.597369372844696,
            "Y": 0.455732136964798
          },
          {
            "X": 0.5974376201629639,
            "Y": 0.477029949426651
          },
          {
            "X": 0.5681397914886475,
            "Y": 0.4771236181259155
          }
        ]
      },
      "Id": "82770cf7-73e6-4613-95b2-9e49268e89ed",
      "Page": 1
    },
    {
      "BlockType": "WORD",
      "Confidence": 97.79236602783203,
      "Text": "(%)e",
      "TextType": "PRINTED",
      "Geometry": {
        "BoundingBox": {
          "Width": 0.015347673557698727,
          "Height": 0.02178097702562809,
          "Left": 0.5997012853622437,
          "Top": 0.4553389251232147
        },
        "Polygon": [
          {
            "X": 0.5997012853622437,
            "Y": 0.45538705587387085
          },
          {
            "X": 0.6149802207946777,
            "Y": 0.4553389251232147
          },
          {
            "X": 0.6150490045547485,
            "Y": 0.47707104682922363
          },
          {
            "X": 0.5997708439826965,
            "Y": 0.47711989283561707
          }
        ]
      },
      "Id": "12a39271-0641-49f5-9a50-c2d6c2d61265",
      "Page": 1
    },
    {
      "BlockType": "WORD",
      "Confidence": 99.96810913085938,
      "Text": "Swelling",
      "TextType": "PRINTED",
      "Geometry": {
        "BoundingBox": {
          "Width": 0.03449771925806999,
          "Height": 0.022332502529025078,
          "Left": 0.6522474884986877,
          "Top": 0.4553069472312927
        },
        "Polygon": [
          {
            "X": 0.6522474884986877,
            "Y": 0.45541539788246155
          },
          {
            "X": 0.6866786479949951,
            "Y": 0.4553069472312927
          },
          {
            "X": 0.6867452263832092,
            "Y": 0.4775293171405792
          },
          {
            "X": 0.6523158550262451,
            "Y": 0.47763943672180176
          }
        ]
      },
      "Id": "865a7dbd-9bca-45e5-85c4-acec1d294ff0",
      "Page": 1
    },
    {
      "BlockType": "WORD",
      "Confidence": 99.92620849609375,
      "Text": "(%)",
      "TextType": "PRINTED",
      "Geometry": {
        "BoundingBox": {
          "Width": 0.01190392579883337,
          "Height": 0.021648256108164787,
          "Left": 0.6891098618507385,
          "Top": 0.4553057849407196
        },
        "Polygon": [
          {
            "X": 0.6891098618507385,
            "Y": 0.4553430676460266
          },
          {
            "X": 0.7009497880935669,
            "Y": 0.4553057849407196
          },
          {
            "X": 0.7010138034820557,
            "Y": 0.4769161641597748
          },
          {
            "X": 0.6891744136810303,
            "Y": 0.47695404291152954
          }
        ]
      },
      "Id": "19187e51-e7f7-4717-809a-957b2922657b",
      "Page": 1
    },
    {
      "BlockType": "WORD",
      "Confidence": 99.85009765625,
      "Text": "Soluble",
      "TextType": "PRINTED",
      "Geometry": {
        "BoundingBox": {
          "Width": 0.02922842465341091,
          "Height": 0.018468661233782768,
          "Left": 0.738813042640686,
          "Top": 0.45537394285202026
        },
        "Polygon": [
          {
            "X": 0.738813042640686,
            "Y": 0.4554658532142639
          },
          {
            "X": 0.767989993095398,
            "Y": 0.45537394285202026
          },
          {
            "X": 0.7680414915084839,
            "Y": 0.4737494885921478
          },
          {
            "X": 0.738865852355957,
            "Y": 0.473842591047287
          }
        ]
      },
      "Id": "1563495d-b902-45e2-9df8-15490b5cfd03",
      "Page": 1
    },
    {
      "BlockType": "WORD",
      "Confidence": 99.95477294921875,
      "Text": "part",
      "TextType": "PRINTED",
      "Geometry": {
        "BoundingBox": {
          "Width": 0.01656992919743061,
          "Height": 0.01946585439145565,
          "Left": 0.770448625087738,
          "Top": 0.45795926451683044
        },
        "Polygon": [
          {
            "X": 0.770448625087738,
            "Y": 0.4580114185810089
          },
          {
            "X": 0.786965012550354,
            "Y": 0.45795926451683044
          },
          {
            "X": 0.7870185971260071,
            "Y": 0.47737228870391846
          },
          {
            "X": 0.7705029845237732,
            "Y": 0.47742512822151184
          }
        ]
      },
      "Id": "64fad89a-35d3-4cd1-b15d-a1013c5f322a",
      "Page": 1
    },
    {
      "BlockType": "WORD",
      "Confidence": 99.94552612304688,
      "Text": "(%)",
      "TextType": "PRINTED",
      "Geometry": {
        "BoundingBox": {
          "Width": 0.011888218112289906,
          "Height": 0.021686291322112083,
          "Left": 0.7893904447555542,
          "Top": 0.4554606080055237
        },
        "Polygon": [
          {
            "X": 0.7893904447555542,
            "Y": 0.4554978907108307
          },
          {
            "X": 0.801219642162323,
            "Y": 0.4554606080055237
          },
          {
            "X": 0.8012786507606506,
            "Y": 0.47710907459259033
          },
          {
            "X": 0.7894500494003296,
            "Y": 0.4771469235420227
          }
        ]
      },
      "Id": "c124fb6f-9328-46a3-9279-deb80f940914",
      "Page": 1
    },
    {
      "BlockType": "WORD",
      "Confidence": 98.40956115722656,
      "Text": "DGEBA/IPDA",
      "TextType": "PRINTED",
      "Geometry": {
        "BoundingBox": {
          "Width": 0.05056682229042053,
          "Height": 0.020869717001914978,
          "Left": 0.2133675366640091,
          "Top": 0.49472174048423767
        },
        "Polygon": [
          {
            "X": 0.2133675366640091,
            "Y": 0.4948849678039551
          },
          {
            "X": 0.26385176181793213,
            "Y": 0.49472174048423767
          },
          {
            "X": 0.26393434405326843,
            "Y": 0.5154259204864502
          },
          {
            "X": 0.21345259249210358,
            "Y": 0.5155914425849915
          }
        ]
      },
      "Id": "6811cb3c-03c2-46d5-a6d3-bb03ff69e942",
      "Page": 1
    },
    {
      "BlockType": "WORD",
      "Confidence": 99.95709991455078,
      "Text": "160",
      "TextType": "PRINTED",
      "Geometry": {
        "BoundingBox": {
          "Width": 0.014380480162799358,
          "Height": 0.017000047490000725,
          "Left": 0.3020532429218292,
          "Top": 0.49507489800453186
        },
        "Polygon": [
          {
            "X": 0.3020532429218292,
            "Y": 0.49512121081352234
          },
          {
            "X": 0.3163681924343109,
            "Y": 0.49507489800453186
          },
          {
            "X": 0.31643372774124146,
            "Y": 0.5120280981063843
          },
          {
            "X": 0.30211934447288513,
            "Y": 0.5120749473571777
          }
        ]
      },
      "Id": "d95ea151-598c-4e17-a3fc-667c3ca1f558",
      "Page": 1
    },
    {
      "BlockType": "WORD",
      "Confidence": 99.95307159423828,
      "Text": "350",
      "TextType": "PRINTED",
      "Geometry": {
        "BoundingBox": {
          "Width": 0.01499455887824297,
          "Height": 0.01689079962670803,
          "Left": 0.37065640091896057,
          "Top": 0.49525436758995056
        },
        "Polygon": [
          {
            "X": 0.37065640091896057,
            "Y": 0.495302677154541
          },
          {
            "X": 0.3855886161327362,
            "Y": 0.49525436758995056
          },
          {
            "X": 0.38565096259117126,
            "Y": 0.5120962858200073
          },
          {
            "X": 0.37071937322616577,
            "Y": 0.5121451616287231
          }
        ]
      },
      "Id": "129db3d1-a176-42c9-a4ee-bbca4b621cfb",
      "Page": 1
    },
    {
      "BlockType": "WORD",
      "Confidence": 99.88031005859375,
      "Text": "365",
      "TextType": "PRINTED",
      "Geometry": {
        "BoundingBox": {
          "Width": 0.014682747423648834,
          "Height": 0.01690106838941574,
          "Left": 0.441416472196579,
          "Top": 0.4950491786003113
        },
        "Polygon": [
          {
            "X": 0.441416472196579,
            "Y": 0.49509647488594055
          },
          {
            "X": 0.4560396075248718,
            "Y": 0.4950491786003113
          },
          {
            "X": 0.4560992121696472,
            "Y": 0.511902391910553
          },
          {
            "X": 0.4414766728878021,
            "Y": 0.5119502544403076
          }
        ]
      },
      "Id": "4905cbfd-30e2-4a7f-8bae-9211b6f45a53",
      "Page": 1
    },
    {
      "BlockType": "WORD",
      "Confidence": 99.79228973388672,
      "Text": "176",
      "TextType": "PRINTED",
      "Geometry": {
        "BoundingBox": {
          "Width": 0.014322544448077679,
          "Height": 0.01668066717684269,
          "Left": 0.5159348845481873,
          "Top": 0.4949904978275299
        },
        "Polygon": [
          {
            "X": 0.5159348845481873,
            "Y": 0.49503666162490845
          },
          {
            "X": 0.5302014946937561,
            "Y": 0.4949904978275299
          },
          {
            "X": 0.5302574634552002,
            "Y": 0.5116245150566101
          },
          {
            "X": 0.5159913897514343,
            "Y": 0.5116711854934692
          }
        ]
      },
      "Id": "4b12d417-d6fd-4ab4-9052-35c04a1bde4c",
      "Page": 1
    },
    {
      "BlockType": "WORD",
      "Confidence": 99.93559265136719,
      "Text": "8",
      "TextType": "PRINTED",
      "Geometry": {
        "BoundingBox": {
          "Width": 0.00491417245939374,
          "Height": 0.0164894200861454,
          "Left": 0.5680386424064636,
          "Top": 0.49526503682136536
        },
        "Polygon": [
          {
            "X": 0.5680386424064636,
            "Y": 0.49528077244758606
          },
          {
            "X": 0.5728991031646729,
            "Y": 0.49526503682136536
          },
          {
            "X": 0.5729528069496155,
            "Y": 0.5117385387420654
          },
          {
            "X": 0.5680925846099854,
            "Y": 0.5117544531822205
          }
        ]
      },
      "Id": "6b958d11-70d3-49bd-8098-84299cc25485",
      "Page": 1
    },
    {
      "BlockType": "WORD",
      "Confidence": 99.94941711425781,
      "Text": "6",
      "TextType": "PRINTED",
      "Geometry": {
        "BoundingBox": {
          "Width": 0.0049482895992696285,
          "Height": 0.016460875049233437,
          "Left": 0.6527232527732849,
          "Top": 0.4952448606491089
        },
        "Polygon": [
          {
            "X": 0.6527232527732849,
            "Y": 0.49526071548461914
          },
          {
            "X": 0.6576211452484131,
            "Y": 0.4952448606491089
          },
          {
            "X": 0.6576715111732483,
            "Y": 0.5116896629333496
          },
          {
            "X": 0.6527737975120544,
            "Y": 0.5117056965827942
          }
        ]
      },
      "Id": "0d51d7a3-7f9a-4615-a78c-82ff78fc1ffb",
      "Page": 1
    },
    {
      "BlockType": "WORD",
      "Confidence": 99.89717864990234,
      "Text": "1",
      "TextType": "PRINTED",
      "Geometry": {
        "BoundingBox": {
          "Width": 0.0034811049699783325,
          "Height": 0.016059014946222305,
          "Left": 0.7392167448997498,
          "Top": 0.4956302046775818
        },
        "Polygon": [
          {
            "X": 0.7392167448997498,
            "Y": 0.4956413209438324
          },
          {
            "X": 0.7426519393920898,
            "Y": 0.4956302046775818
          },
          {
            "X": 0.7426978349685669,
            "Y": 0.5116779804229736
          },
          {
            "X": 0.7392628192901611,
            "Y": 0.5116891860961914
          }
        ]
      },
      "Id": "d3cb2eb1-b1e9-4a5c-bc2d-1f4953bbee85",
      "Page": 1
    },
    {
      "BlockType": "WORD",
      "Confidence": 98.62574768066406,
      "Text": "GEGA/IPDA",
      "TextType": "PRINTED",
      "Geometry": {
        "BoundingBox": {
          "Width": 0.04534715786576271,
          "Height": 0.02053091675043106,
          "Left": 0.21345745027065277,
          "Top": 0.521630048751831
        },
        "Polygon": [
          {
            "X": 0.21345745027065277,
            "Y": 0.5217790603637695
          },
          {
            "X": 0.25872305035591125,
            "Y": 0.521630048751831
          },
          {
            "X": 0.2588046193122864,
            "Y": 0.5420099496841431
          },
          {
            "X": 0.213541179895401,
            "Y": 0.5421609878540039
          }
        ]
      },
      "Id": "523ba595-1bad-4681-a737-bcbcf0f2f312",
      "Page": 1
    },
    {
      "BlockType": "WORD",
      "Confidence": 99.95298767089844,
      "Text": "233",
      "TextType": "PRINTED",
      "Geometry": {
        "BoundingBox": {
          "Width": 0.01467228401452303,
          "Height": 0.016968782991170883,
          "Left": 0.3013392388820648,
          "Top": 0.521763801574707
        },
        "Polygon": [
          {
            "X": 0.3013392388820648,
            "Y": 0.5218119025230408
          },
          {
            "X": 0.315946102142334,
            "Y": 0.521763801574707
          },
          {
            "X": 0.316011518239975,
            "Y": 0.5386839509010315
          },
          {
            "X": 0.30140525102615356,
            "Y": 0.5387325882911682
          }
        ]
      },
      "Id": "780f3966-9024-4130-8d48-58cbef5d7c83",
      "Page": 1
    },
    {
      "BlockType": "WORD",
      "Confidence": 99.95701599121094,
      "Text": "300",
      "TextType": "PRINTED",
      "Geometry": {
        "BoundingBox": {
          "Width": 0.01470115501433611,
          "Height": 0.01671190746128559,
          "Left": 0.3707844018936157,
          "Top": 0.5219540596008301
        },
        "Polygon": [
          {
            "X": 0.3707844018936157,
            "Y": 0.5220022797584534
          },
          {
            "X": 0.38542383909225464,
            "Y": 0.5219540596008301
          },
          {
            "X": 0.38548555970191956,
            "Y": 0.5386171936988831
          },
          {
            "X": 0.370846688747406,
            "Y": 0.5386659502983093
          }
        ]
      },
      "Id": "82512d34-2d92-4474-a45b-ce3fd9ba77e3",
      "Page": 1
    },
    {
      "BlockType": "WORD",
      "Confidence": 99.80347442626953,
      "Text": "335",
      "TextType": "PRINTED",
      "Geometry": {
        "BoundingBox": {
          "Width": 0.014666441828012466,
          "Height": 0.017247123643755913,
          "Left": 0.441519170999527,
          "Top": 0.5215153694152832
        },
        "Polygon": [
          {
            "X": 0.441519170999527,
            "Y": 0.5215634703636169
          },
          {
            "X": 0.45612478256225586,
            "Y": 0.5215153694152832
          },
          {
            "X": 0.45618560910224915,
            "Y": 0.5387138724327087
          },
          {
            "X": 0.441580593585968,
            "Y": 0.5387625098228455
          }
        ]
      },
      "Id": "d78b7f8a-43ac-4a35-8cf1-5a70a56c3d32",
      "Page": 1
    },
    {
      "BlockType": "WORD",
      "Confidence": 99.73564910888672,
      "Text": "157",
      "TextType": "PRINTED",
      "Geometry": {
        "BoundingBox": {
          "Width": 0.014185522682964802,
          "Height": 0.01695682480931282,
          "Left": 0.5159447193145752,
          "Top": 0.521725058555603
        },
        "Polygon": [
          {
            "X": 0.5159447193145752,
            "Y": 0.5217716097831726
          },
          {
            "X": 0.5300734043121338,
            "Y": 0.521725058555603
          },
          {
            "X": 0.5301302671432495,
            "Y": 0.5386348366737366
          },
          {
            "X": 0.5160021781921387,
            "Y": 0.5386819243431091
          }
        ]
      },
      "Id": "43b7cf5d-b32a-45e3-bc72-17352b40cd77",
      "Page": 1
    },
    {
      "BlockType": "WORD",
      "Confidence": 99.91630554199219,
      "Text": "23",
      "TextType": "PRINTED",
      "Geometry": {
        "BoundingBox": {
          "Width": 0.00977462250739336,
          "Height": 0.016590042039752007,
          "Left": 0.5678935647010803,
          "Top": 0.5219669938087463
        },
        "Polygon": [
          {
            "X": 0.5678935647010803,
            "Y": 0.5219990611076355
          },
          {
            "X": 0.5776143670082092,
            "Y": 0.5219669938087463
          },
          {
            "X": 0.5776681900024414,
            "Y": 0.5385246872901917
          },
          {
            "X": 0.5679478049278259,
            "Y": 0.5385570526123047
          }
        ]
      },
      "Id": "70515bd0-0796-4d8b-9afd-aa25d461f625",
      "Page": 1
    },
    {
      "BlockType": "WORD",
      "Confidence": 99.94404602050781,
      "Text": "4",
      "TextType": "PRINTED",
      "Geometry": {
        "BoundingBox": {
          "Width": 0.005337861832231283,
          "Height": 0.01651849038898945,
          "Left": 0.6524889469146729,
          "Top": 0.5220999717712402
        },
        "Polygon": [
          {
            "X": 0.6524889469146729,
            "Y": 0.5221174359321594
          },
          {
            "X": 0.6577762365341187,
            "Y": 0.5220999717712402
          },
          {
            "X": 0.6578267812728882,
            "Y": 0.5386008620262146
          },
          {
            "X": 0.6525396704673767,
            "Y": 0.5386185050010681
          }
        ]
      },
      "Id": "63a5c6fc-c57b-447c-943e-869e423e3c76",
      "Page": 1
    },
    {
      "BlockType": "WORD",
      "Confidence": 99.89205169677734,
      "Text": "1",
      "TextType": "PRINTED",
      "Geometry": {
        "BoundingBox": {
          "Width": 0.003215339034795761,
          "Height": 0.01639578491449356,
          "Left": 0.7393998503684998,
          "Top": 0.5222857594490051
        },
        "Polygon": [
          {
            "X": 0.7393998503684998,
            "Y": 0.5222961902618408
          },
          {
            "X": 0.7425682544708252,
            "Y": 0.5222857594490051
          },
          {
            "X": 0.7426152229309082,
            "Y": 0.5386709570884705
          },
          {
            "X": 0.7394468784332275,
            "Y": 0.5386815667152405
          }
        ]
      },
      "Id": "3411c582-dcb2-44cd-8c3b-7cc6e0252416",
      "Page": 1
    },
    {
      "BlockType": "TABLE",
      "Confidence": 99.755859375,
      "Geometry": {
        "BoundingBox": {
          "Width": 0.6228188872337341,
          "Height": 0.11153841018676758,
          "Left": 0.18872570991516113,
          "Top": 0.44461941719055176
        },
        "Polygon": [
          {
            "X": 0.18872570991516113,
            "Y": 0.44656649231910706
          },
          {
            "X": 0.8112488985061646,
            "Y": 0.44461941719055176
          },
          {
            "X": 0.8115445971488953,
            "Y": 0.5540623068809509
          },
          {
            "X": 0.18918220698833466,
            "Y": 0.5561578273773193
          }
        ]
      },
      "Id": "3042835b-f6af-44a3-9d95-140a0dae2a5c",
      "Relationships": [
        {
          "Type": "CHILD",
          "Ids": [
            "6aa5fd06-05f6-40a6-b47c-4e3d313ae279",
            "ad700ce1-40d0-4f1d-b82f-ab9f6771072e",
            "d6db34e0-4de6-4607-97b5-4305b804146a",
            "b7d74d92-f1a3-4714-a293-8f6e70866313",
            "067eed57-aa73-446c-bf0d-d0d0448e8050",
            "1c4df537-63b3-4218-bddc-d52494d47971",
            "96a0b0ac-9294-4bdf-9934-ddc58d230c3f",
            "0820f5f4-6958-4540-89b9-70843fcac163",
            "9e7169d0-0537-4c9d-bb12-3d49a663e36e",
            "5428789f-f743-4047-9911-d0d25898750b",
            "5bdbf86a-bb2f-4dd6-99eb-4127dfec613a",
            "0b899c5e-487a-4253-9168-1aee34df2c3f",
            "ac21e7ce-262e-4266-a735-9062a808083c",
            "0f7d7fe8-d4c7-4ccd-95c8-a72a104a4614",
            "c2f58a55-af4e-4d3c-a98b-03eef60d8ece",
            "5896020a-6859-4a70-ad07-79a7c6755c46",
            "1677e5b9-5610-48ad-b9dc-758b0d14b125",
            "66de6625-5bb5-4bb1-af06-a18e497dff9c",
            "3865599e-f641-4139-81ee-14770f8a8b1f",
            "35ee0aeb-c093-4d19-a8aa-388a997a571b",
            "44a18a2c-87ff-4ae5-ae65-8af40c8d846c",
            "ec03d871-6e0d-4680-82f2-ff8e6fd86297",
            "f19de19f-ad02-4b49-8791-896142192977",
            "8fb37b9a-98ad-49c6-92aa-60b312ffa51b"
          ]
        }
      ],
      "EntityTypes": [
        "STRUCTURED_TABLE"
      ],
      "Page": 1
    },
    {
      "BlockType": "CELL",
      "Confidence": 87.451171875,
      "RowIndex": 1,
      "ColumnIndex": 1,
      "RowSpan": 1,
      "ColumnSpan": 1,
      "Geometry": {
        "BoundingBox": {
          "Width": 0.09470595419406891,
          "Height": 0.038606707006692886,
          "Left": 0.18872570991516113,
          "Top": 0.44627076387405396
        },
        "Polygon": [
          {
            "X": 0.18872570991516113,
            "Y": 0.44656649231910706
          },
          {
            "X": 0.2832806408405304,
            "Y": 0.44627076387405396
          },
          {
            "X": 0.28343167901039124,
            "Y": 0.4845738410949707
          },
          {
            "X": 0.18888528645038605,
            "Y": 0.48487746715545654
          }
        ]
      },
      "Id": "6aa5fd06-05f6-40a6-b47c-4e3d313ae279",
      "Relationships": [
        {
          "Type": "CHILD",
          "Ids": [
            "83b7e49f-f58a-4276-a71f-ee16a783eb36"
          ]
        }
      ],
      "EntityTypes": [
        "COLUMN_HEADER"
      ],
      "Page": 1
    },
    {
      "BlockType": "CELL",
      "Confidence": 83.251953125,
      "RowIndex": 1,
      "ColumnIndex": 2,
      "RowSpan": 1,
      "ColumnSpan": 1,
      "Geometry": {
        "BoundingBox": {
          "Width": 0.06801292300224304,
          "Height": 0.038515355437994,
          "Left": 0.2832806408405304,
          "Top": 0.4460584819316864
        },
        "Polygon": [
          {
            "X": 0.2832806408405304,
            "Y": 0.44627076387405396
          },
          {
            "X": 0.35114866495132446,
            "Y": 0.4460584819316864
          },
          {
            "X": 0.35129356384277344,
            "Y": 0.4843558967113495
          },
          {
            "X": 0.28343167901039124,
            "Y": 0.4845738410949707
          }
        ]
      },
      "Id": "ad700ce1-40d0-4f1d-b82f-ab9f6771072e",
      "Relationships": [
        {
          "Type": "CHILD",
          "Ids": [
            "82933902-e907-4c3c-9820-91d0a3a58bc9",
            "f85b933d-93f4-462d-a8f4-fe476784d96f"
          ]
        }
      ],
      "EntityTypes": [
        "COLUMN_HEADER"
      ],
      "Page": 1
    },
    {
      "BlockType": "CELL",
      "Confidence": 87.40234375,
      "RowIndex": 1,
      "ColumnIndex": 3,
      "RowSpan": 1,
      "ColumnSpan": 1,
      "Geometry": {
        "BoundingBox": {
          "Width": 0.07034192979335785,
          "Height": 0.038516998291015625,
          "Left": 0.35114866495132446,
          "Top": 0.44583889842033386
        },
        "Polygon": [
          {
            "X": 0.35114866495132446,
            "Y": 0.4460584819316864
          },
          {
            "X": 0.4213520288467407,
            "Y": 0.44583889842033386
          },
          {
            "X": 0.4214905798435211,
            "Y": 0.48413047194480896
          },
          {
            "X": 0.35129356384277344,
            "Y": 0.4843558967113495
          }
        ]
      },
      "Id": "d6db34e0-4de6-4607-97b5-4305b804146a",
      "Relationships": [
        {
          "Type": "CHILD",
          "Ids": [
            "0382b4f3-09e8-45bd-9c60-aaf7f34e8cec",
            "2b39a040-9faa-4357-9956-a22eae11e491"
          ]
        }
      ],
      "EntityTypes": [
        "COLUMN_HEADER"
      ],
      "Page": 1
    },
    {
      "BlockType": "CELL",
      "Confidence": 89.892578125,
      "RowIndex": 1,
      "ColumnIndex": 4,
      "RowSpan": 1,
      "ColumnSpan": 1,
      "Geometry": {
        "BoundingBox": {
          "Width": 0.07502304762601852,
          "Height": 0.03852580860257149,
          "Left": 0.4213520288467407,
          "Top": 0.44560468196868896
        },
        "Polygon": [
          {
            "X": 0.4213520288467407,
            "Y": 0.44583889842033386
          },
          {
            "X": 0.49624329805374146,
            "Y": 0.44560468196868896
          },
          {
            "X": 0.49637508392333984,
            "Y": 0.48388999700546265
          },
          {
            "X": 0.4214905798435211,
            "Y": 0.48413047194480896
          }
        ]
      },
      "Id": "b7d74d92-f1a3-4714-a293-8f6e70866313",
      "Relationships": [
        {
          "Type": "CHILD",
          "Ids": [
            "1fcbcbf8-c24d-4562-a79a-cf974f054b3b"
          ]
        }
      ],
      "EntityTypes": [
        "COLUMN_HEADER"
      ],
      "Page": 1
    },
    {
      "BlockType": "CELL",
      "Confidence": 83.837890625,
      "RowIndex": 1,
      "ColumnIndex": 5,
      "RowSpan": 1,
      "ColumnSpan": 1,
      "Geometry": {
        "BoundingBox": {
          "Width": 0.05333669111132622,
          "Height": 0.038451749831438065,
          "Left": 0.49624329805374146,
          "Top": 0.4454382359981537
        },
        "Polygon": [
          {
            "X": 0.49624329805374146,
            "Y": 0.44560468196868896
          },
          {
            "X": 0.5494530200958252,
            "Y": 0.4454382359981537
          },
          {
            "X": 0.5495799779891968,
            "Y": 0.483719140291214
          },
          {
            "X": 0.49637508392333984,
            "Y": 0.48388999700546265
          }
        ]
      },
      "Id": "067eed57-aa73-446c-bf0d-d0d0448e8050",
      "Relationships": [
        {
          "Type": "CHILD",
          "Ids": [
            "fad42b15-2c7e-4612-acbd-9d3daf6a7a66"
          ]
        }
      ],
      "EntityTypes": [
        "COLUMN_HEADER"
      ],
      "Page": 1
    },
    {
      "BlockType": "CELL",
      "Confidence": 89.501953125,
      "RowIndex": 1,
      "ColumnIndex": 6,
      "RowSpan": 1,
      "ColumnSpan": 1,
      "Geometry": {
        "BoundingBox": {
          "Width": 0.08249954134225845,
          "Height": 0.03853854909539223,
          "Left": 0.5494530200958252,
          "Top": 0.44518059492111206
        },
        "Polygon": [
          {
            "X": 0.5494530200958252,
            "Y": 0.4454382359981537
          },
          {
            "X": 0.631833016872406,
            "Y": 0.44518059492111206
          },
          {
            "X": 0.6319525241851807,
            "Y": 0.4834546148777008
          },
          {
            "X": 0.5495799779891968,
            "Y": 0.483719140291214
          }
        ]
      },
      "Id": "1c4df537-63b3-4218-bddc-d52494d47971",
      "Relationships": [
        {
          "Type": "CHILD",
          "Ids": [
            "82770cf7-73e6-4613-95b2-9e49268e89ed",
            "12a39271-0641-49f5-9a50-c2d6c2d61265"
          ]
        }
      ],
      "EntityTypes": [
        "COLUMN_HEADER"
      ],
      "Page": 1
    },
    {
      "BlockType": "CELL",
      "Confidence": 87.109375,
      "RowIndex": 1,
      "ColumnIndex": 7,
      "RowSpan": 1,
      "ColumnSpan": 1,
      "Geometry": {
        "BoundingBox": {
          "Width": 0.08810773491859436,
          "Height": 0.03854924440383911,
          "Left": 0.631833016872406,
          "Top": 0.4449053704738617
        },
        "Polygon": [
          {
            "X": 0.631833016872406,
            "Y": 0.44518059492111206
          },
          {
            "X": 0.7198291420936584,
            "Y": 0.4449053704738617
          },
          {
            "X": 0.719940721988678,
            "Y": 0.4831720292568207
          },
          {
            "X": 0.6319525241851807,
            "Y": 0.4834546148777008
          }
        ]
      },
      "Id": "96a0b0ac-9294-4bdf-9934-ddc58d230c3f",
      "Relationships": [
        {
          "Type": "CHILD",
          "Ids": [
            "865a7dbd-9bca-45e5-85c4-acec1d294ff0",
            "19187e51-e7f7-4717-809a-957b2922657b"
          ]
        }
      ],
      "EntityTypes": [
        "COLUMN_HEADER"
      ],
      "Page": 1
    },
    {
      "BlockType": "CELL",
      "Confidence": 87.451171875,
      "RowIndex": 1,
      "ColumnIndex": 8,
      "RowSpan": 1,
      "ColumnSpan": 1,
      "Geometry": {
        "BoundingBox": {
          "Width": 0.09152314066886902,
          "Height": 0.03855261579155922,
          "Left": 0.7198291420936584,
          "Top": 0.44461941719055176
        },
        "Polygon": [
          {
            "X": 0.7198291420936584,
            "Y": 0.4449053704738617
          },
          {
            "X": 0.8112488985061646,
            "Y": 0.44461941719055176
          },
          {
            "X": 0.8113522529602051,
            "Y": 0.4828784763813019
          },
          {
            "X": 0.719940721988678,
            "Y": 0.4831720292568207
          }
        ]
      },
      "Id": "0820f5f4-6958-4540-89b9-70843fcac163",
      "Relationships": [
        {
          "Type": "CHILD",
          "Ids": [
            "1563495d-b902-45e2-9df8-15490b5cfd03",
            "64fad89a-35d3-4cd1-b15d-a1013c5f322a",
            "c124fb6f-9328-46a3-9279-deb80f940914"
          ]
        }
      ],
      "EntityTypes": [
        "COLUMN_HEADER"
      ],
      "Page": 1
    },
    {
      "BlockType": "CELL",
      "Confidence": 76.46484375,
      "RowIndex": 2,
      "ColumnIndex": 1,
      "RowSpan": 1,
      "ColumnSpan": 1,
      "Geometry": {
        "BoundingBox": {
          "Width": 0.09467814862728119,
          "Height": 0.033730398863554,
          "Left": 0.18888528645038605,
          "Top": 0.4845738410949707
        },
        "Polygon": [
          {
            "X": 0.18888528645038605,
            "Y": 0.48487746715545654
          },
          {
            "X": 0.28343167901039124,
            "Y": 0.4845738410949707
          },
          {
            "X": 0.28356343507766724,
            "Y": 0.5179937481880188
          },
          {
            "X": 0.18902452290058136,
            "Y": 0.5183042287826538
          }
        ]
      },
      "Id": "9e7169d0-0537-4c9d-bb12-3d49a663e36e",
      "Relationships": [
        {
          "Type": "CHILD",
          "Ids": [
            "6811cb3c-03c2-46d5-a6d3-bb03ff69e942"
          ]
        }
      ],
      "Page": 1
    },
    {
      "BlockType": "CELL",
      "Confidence": 72.75390625,
      "RowIndex": 2,
      "ColumnIndex": 2,
      "RowSpan": 1,
      "ColumnSpan": 1,
      "Geometry": {
        "BoundingBox": {
          "Width": 0.0679883137345314,
          "Height": 0.03363782539963722,
          "Left": 0.28343167901039124,
          "Top": 0.4843558967113495
        },
        "Polygon": [
          {
            "X": 0.28343167901039124,
            "Y": 0.4845738410949707
          },
          {
            "X": 0.35129356384277344,
            "Y": 0.4843558967113495
          },
          {
            "X": 0.35141998529434204,
            "Y": 0.5177708864212036
          },
          {
            "X": 0.28356343507766724,
            "Y": 0.5179937481880188
          }
        ]
      },
      "Id": "5428789f-f743-4047-9911-d0d25898750b",
      "Relationships": [
        {
          "Type": "CHILD",
          "Ids": [
            "d95ea151-598c-4e17-a3fc-667c3ca1f558"
          ]
        }
      ],
      "Page": 1
    },
    {
      "BlockType": "CELL",
      "Confidence": 76.416015625,
      "RowIndex": 2,
      "ColumnIndex": 3,
      "RowSpan": 1,
      "ColumnSpan": 1,
      "Geometry": {
        "BoundingBox": {
          "Width": 0.07031791657209396,
          "Height": 0.033640388399362564,
          "Left": 0.35129356384277344,
          "Top": 0.48413047194480896
        },
        "Polygon": [
          {
            "X": 0.35129356384277344,
            "Y": 0.4843558967113495
          },
          {
            "X": 0.4214905798435211,
            "Y": 0.48413047194480896
          },
          {
            "X": 0.421611487865448,
            "Y": 0.5175403356552124
          },
          {
            "X": 0.35141998529434204,
            "Y": 0.5177708864212036
          }
        ]
      },
      "Id": "5bdbf86a-bb2f-4dd6-99eb-4127dfec613a",
      "Relationships": [
        {
          "Type": "CHILD",
          "Ids": [
            "129db3d1-a176-42c9-a4ee-bbca4b621cfb"
          ]
        }
      ],
      "Page": 1
    },
    {
      "BlockType": "CELL",
      "Confidence": 78.564453125,
      "RowIndex": 2,
      "ColumnIndex": 4,
      "RowSpan": 1,
      "ColumnSpan": 1,
      "Geometry": {
        "BoundingBox": {
          "Width": 0.07499948143959045,
          "Height": 0.03365033492445946,
          "Left": 0.4214905798435211,
          "Top": 0.48388999700546265
        },
        "Polygon": [
          {
            "X": 0.4214905798435211,
            "Y": 0.48413047194480896
          },
          {
            "X": 0.49637508392333984,
            "Y": 0.48388999700546265
          },
          {
            "X": 0.4964900612831116,
            "Y": 0.5172944068908691
          },
          {
            "X": 0.421611487865448,
            "Y": 0.5175403356552124
          }
        ]
      },
      "Id": "0b899c5e-487a-4253-9168-1aee34df2c3f",
      "Relationships": [
        {
          "Type": "CHILD",
          "Ids": [
            "4905cbfd-30e2-4a7f-8bae-9211b6f45a53"
          ]
        }
      ],
      "Page": 1
    },
    {
      "BlockType": "CELL",
      "Confidence": 73.291015625,
      "RowIndex": 2,
      "ColumnIndex": 5,
      "RowSpan": 1,
      "ColumnSpan": 1,
      "Geometry": {
        "BoundingBox": {
          "Width": 0.053315699100494385,
          "Height": 0.03357526659965515,
          "Left": 0.49637508392333984,
          "Top": 0.483719140291214
        },
        "Polygon": [
          {
            "X": 0.49637508392333984,
            "Y": 0.48388999700546265
          },
          {
            "X": 0.5495799779891968,
            "Y": 0.483719140291214
          },
          {
            "X": 0.5496907830238342,
            "Y": 0.5171196460723877
          },
          {
            "X": 0.4964900612831116,
            "Y": 0.5172944068908691
          }
        ]
      },
      "Id": "ac21e7ce-262e-4266-a735-9062a808083c",
      "Relationships": [
        {
          "Type": "CHILD",
          "Ids": [
            "4b12d417-d6fd-4ab4-9052-35c04a1bde4c"
          ]
        }
      ],
      "Page": 1
    },
    {
      "BlockType": "CELL",
      "Confidence": 78.271484375,
      "RowIndex": 2,
      "ColumnIndex": 6,
      "RowSpan": 1,
      "ColumnSpan": 1,
      "Geometry": {
        "BoundingBox": {
          "Width": 0.08247686922550201,
          "Height": 0.033665064722299576,
          "Left": 0.5495799779891968,
          "Top": 0.4834546148777008
        },
        "Polygon": [
          {
            "X": 0.5495799779891968,
            "Y": 0.483719140291214
          },
          {
            "X": 0.6319525241851807,
            "Y": 0.4834546148777008
          },
          {
            "X": 0.6320568323135376,
            "Y": 0.516849160194397
          },
          {
            "X": 0.5496907830238342,
            "Y": 0.5171196460723877
          }
        ]
      },
      "Id": "0f7d7fe8-d4c7-4ccd-95c8-a72a104a4614",
      "Relationships": [
        {
          "Type": "CHILD",
          "Ids": [
            "6b958d11-70d3-49bd-8098-84299cc25485"
          ]
        }
      ],
      "Page": 1
    },
    {
      "BlockType": "CELL",
      "Confidence": 76.171875,
      "RowIndex": 2,
      "ColumnIndex": 7,
      "RowSpan": 1,
      "ColumnSpan": 1,
      "Geometry": {
        "BoundingBox": {
          "Width": 0.08808556944131851,
          "Height": 0.033677104860544205,
          "Left": 0.6319525241851807,
          "Top": 0.4831720292568207
        },
        "Polygon": [
          {
            "X": 0.6319525241851807,
            "Y": 0.4834546148777008
          },
          {
            "X": 0.719940721988678,
            "Y": 0.4831720292568207
          },
          {
            "X": 0.720038115978241,
            "Y": 0.5165601968765259
          },
          {
            "X": 0.6320568323135376,
            "Y": 0.516849160194397
          }
        ]
      },
      "Id": "c2f58a55-af4e-4d3c-a98b-03eef60d8ece",
      "Relationships": [
        {
          "Type": "CHILD",
          "Ids": [
            "0d51d7a3-7f9a-4615-a78c-82ff78fc1ffb"
          ]
        }
      ],
      "Page": 1
    },
    {
      "BlockType": "CELL",
      "Confidence": 76.46484375,
      "RowIndex": 2,
      "ColumnIndex": 8,
      "RowSpan": 1,
      "ColumnSpan": 1,
      "Geometry": {
        "BoundingBox": {
          "Width": 0.09150171279907227,
          "Height": 0.03368169814348221,
          "Left": 0.719940721988678,
          "Top": 0.4828784763813019
        },
        "Polygon": [
          {
            "X": 0.719940721988678,
            "Y": 0.4831720292568207
          },
          {
            "X": 0.8113522529602051,
            "Y": 0.4828784763813019
          },
          {
            "X": 0.8114424347877502,
            "Y": 0.5162599682807922
          },
          {
            "X": 0.720038115978241,
            "Y": 0.5165601968765259
          }
        ]
      },
      "Id": "5896020a-6859-4a70-ad07-79a7c6755c46",
      "Relationships": [
        {
          "Type": "CHILD",
          "Ids": [
            "d3cb2eb1-b1e9-4a5c-bc2d-1f4953bbee85"
          ]
        }
      ],
      "Page": 1
    },
    {
      "BlockType": "CELL",
      "Confidence": 87.548828125,
      "RowIndex": 3,
      "ColumnIndex": 1,
      "RowSpan": 1,
      "ColumnSpan": 1,
      "Geometry": {
        "BoundingBox": {
          "Width": 0.09468813985586166,
          "Height": 0.03816409781575203,
          "Left": 0.18902452290058136,
          "Top": 0.5179937481880188
        },
        "Polygon": [
          {
            "X": 0.18902452290058136,
            "Y": 0.5183042287826538
          },
          {
            "X": 0.28356343507766724,
            "Y": 0.5179937481880188
          },
          {
            "X": 0.2837126553058624,
            "Y": 0.5558395385742188
          },
          {
            "X": 0.18918220698833466,
            "Y": 0.5561578273773193
          }
        ]
      },
      "Id": "1677e5b9-5610-48ad-b9dc-758b0d14b125",
      "Relationships": [
        {
          "Type": "CHILD",
          "Ids": [
            "523ba595-1bad-4681-a737-bcbcf0f2f312"
          ]
        }
      ],
      "Page": 1
    },
    {
      "BlockType": "CELL",
      "Confidence": 83.30078125,
      "RowIndex": 3,
      "ColumnIndex": 2,
      "RowSpan": 1,
      "ColumnSpan": 1,
      "Geometry": {
        "BoundingBox": {
          "Width": 0.0679997056722641,
          "Height": 0.038068678230047226,
          "Left": 0.28356343507766724,
          "Top": 0.5177708864212036
        },
        "Polygon": [
          {
            "X": 0.28356343507766724,
            "Y": 0.5179937481880188
          },
          {
            "X": 0.35141998529434204,
            "Y": 0.5177708864212036
          },
          {
            "X": 0.35156315565109253,
            "Y": 0.5556110739707947
          },
          {
            "X": 0.2837126553058624,
            "Y": 0.5558395385742188
          }
        ]
      },
      "Id": "66de6625-5bb5-4bb1-af06-a18e497dff9c",
      "Relationships": [
        {
          "Type": "CHILD",
          "Ids": [
            "780f3966-9024-4130-8d48-58cbef5d7c83"
          ]
        }
      ],
      "Page": 1
    },
    {
      "BlockType": "CELL",
      "Confidence": 87.5,
      "RowIndex": 3,
      "ColumnIndex": 3,
      "RowSpan": 1,
      "ColumnSpan": 1,
      "Geometry": {
        "BoundingBox": {
          "Width": 0.07032839208841324,
          "Height": 0.03807075694203377,
          "Left": 0.35141998529434204,
          "Top": 0.5175403356552124
        },
        "Polygon": [
          {
            "X": 0.35141998529434204,
            "Y": 0.5177708864212036
          },
          {
            "X": 0.421611487865448,
            "Y": 0.5175403356552124
          },
          {
            "X": 0.4217483699321747,
            "Y": 0.5553747415542603
          },
          {
            "X": 0.35156315565109253,
            "Y": 0.5556110739707947
          }
        ]
      },
      "Id": "3865599e-f641-4139-81ee-14770f8a8b1f",
      "Relationships": [
        {
          "Type": "CHILD",
          "Ids": [
            "82512d34-2d92-4474-a45b-ce3fd9ba77e3"
          ]
        }
      ],
      "Page": 1
    },
    {
      "BlockType": "CELL",
      "Confidence": 89.94140625,
      "RowIndex": 3,
      "ColumnIndex": 4,
      "RowSpan": 1,
      "ColumnSpan": 1,
      "Geometry": {
        "BoundingBox": {
          "Width": 0.0750088095664978,
          "Height": 0.0380803681910038,
          "Left": 0.421611487865448,
          "Top": 0.5172944068908691
        },
        "Polygon": [
          {
            "X": 0.421611487865448,
            "Y": 0.5175403356552124
          },
          {
            "X": 0.4964900612831116,
            "Y": 0.5172944068908691
          },
          {
            "X": 0.4966202974319458,
            "Y": 0.5551226735115051
          },
          {
            "X": 0.4217483699321747,
            "Y": 0.5553747415542603
          }
        ]
      },
      "Id": "35ee0aeb-c093-4d19-a8aa-388a997a571b",
      "Relationships": [
        {
          "Type": "CHILD",
          "Ids": [
            "d78b7f8a-43ac-4a35-8cf1-5a70a56c3d32"
          ]
        }
      ],
      "Page": 1
    },
    {
      "BlockType": "CELL",
      "Confidence": 83.935546875,
      "RowIndex": 3,
      "ColumnIndex": 5,
      "RowSpan": 1,
      "ColumnSpan": 1,
      "Geometry": {
        "BoundingBox": {
          "Width": 0.05332617834210396,
          "Height": 0.03800300136208534,
          "Left": 0.4964900612831116,
          "Top": 0.5171196460723877
        },
        "Polygon": [
          {
            "X": 0.4964900612831116,
            "Y": 0.5172944068908691
          },
          {
            "X": 0.5496907830238342,
            "Y": 0.5171196460723877
          },
          {
            "X": 0.5498162508010864,
            "Y": 0.5549435615539551
          },
          {
            "X": 0.4966202974319458,
            "Y": 0.5551226735115051
          }
        ]
      },
      "Id": "44a18a2c-87ff-4ae5-ae65-8af40c8d846c",
      "Relationships": [
        {
          "Type": "CHILD",
          "Ids": [
            "43b7cf5d-b32a-45e3-bc72-17352b40cd77"
          ]
        }
      ],
      "Page": 1
    },
    {
      "BlockType": "CELL",
      "Confidence": 89.599609375,
      "RowIndex": 3,
      "ColumnIndex": 6,
      "RowSpan": 1,
      "ColumnSpan": 1,
      "Geometry": {
        "BoundingBox": {
          "Width": 0.08248419314622879,
          "Height": 0.0380944088101387,
          "Left": 0.5496907830238342,
          "Top": 0.516849160194397
        },
        "Polygon": [
          {
            "X": 0.5496907830238342,
            "Y": 0.5171196460723877
          },
          {
            "X": 0.6320568323135376,
            "Y": 0.516849160194397
          },
          {
            "X": 0.6321749687194824,
            "Y": 0.5546662211418152
          },
          {
            "X": 0.5498162508010864,
            "Y": 0.5549435615539551
          }
        ]
      },
      "Id": "ec03d871-6e0d-4680-82f2-ff8e6fd86297",
      "Relationships": [
        {
          "Type": "CHILD",
          "Ids": [
            "70515bd0-0796-4d8b-9afd-aa25d461f625"
          ]
        }
      ],
      "Page": 1
    },
    {
      "BlockType": "CELL",
      "Confidence": 87.20703125,
      "RowIndex": 3,
      "ColumnIndex": 7,
      "RowSpan": 1,
      "ColumnSpan": 1,
      "Geometry": {
        "BoundingBox": {
          "Width": 0.08809153735637665,
          "Height": 0.03810606524348259,
          "Left": 0.6320568323135376,
          "Top": 0.5165601968765259
        },
        "Polygon": [
          {
            "X": 0.6320568323135376,
            "Y": 0.516849160194397
          },
          {
            "X": 0.720038115978241,
            "Y": 0.5165601968765259
          },
          {
            "X": 0.7201483845710754,
            "Y": 0.5543700456619263
          },
          {
            "X": 0.6321749687194824,
            "Y": 0.5546662211418152
          }
        ]
      },
      "Id": "f19de19f-ad02-4b49-8791-896142192977",
      "Relationships": [
        {
          "Type": "CHILD",
          "Ids": [
            "63a5c6fc-c57b-447c-943e-869e423e3c76"
          ]
        }
      ],
      "Page": 1
    },
    {
      "BlockType": "CELL",
      "Confidence": 87.548828125,
      "RowIndex": 3,
      "ColumnIndex": 8,
      "RowSpan": 1,
      "ColumnSpan": 1,
      "Geometry": {
        "BoundingBox": {
          "Width": 0.0915064662694931,
          "Height": 0.03811006247997284,
          "Left": 0.720038115978241,
          "Top": 0.5162599682807922
        },
        "Polygon": [
          {
            "X": 0.720038115978241,
            "Y": 0.5165601968765259
          },
          {
            "X": 0.8114424347877502,
            "Y": 0.5162599682807922
          },
          {
            "X": 0.8115445971488953,
            "Y": 0.5540623068809509
          },
          {
            "X": 0.7201483845710754,
            "Y": 0.5543700456619263
          }
        ]
      },
      "Id": "8fb37b9a-98ad-49c6-92aa-60b312ffa51b",
      "Relationships": [
        {
          "Type": "CHILD",
          "Ids": [
            "3411c582-dcb2-44cd-8c3b-7cc6e0252416"
          ]
        }
      ],
      "Page": 1
    }
  ],
  "AnalyzeDocumentModelVersion": "1.0"
}