{
  "DocumentMetadata": {
    "Pages": 1
  },
  "JobStatus": "SUCCEEDED",
  "Blocks": [
    {
      "BlockType": "PAGE",
      "Geometry": {
        "BoundingBox": {
          "Width": 0.7719109058380127,
          "Height": 0.4977363646030426,
          "Left": 0.11557037383317947,
          "Top": 0.23588326573371887
        },
        "Polygon": [
          {
            "X": 0.11557037383317947,
            "Y": 0.23588326573371887
          },
          {
            "X": 0.8864709734916687,
            "Y": 0.23779061436653137
          },
          {
            "X": 0.8874813318252563,
            "Y": 0.7336196303367615
          },
          {
            "X": 0.1161833256483078,
            "Y": 0.7328749299049377
          }
        ]
      },
      "Id": "500ca110-d575-4ac5-b680-19ab43213bc2",
      "Relationships": [
        {
          "Type": "CHILD",
          "Ids": [
            "c3aa721c-4798-4868-815a-4201c908fc7f",
            "d144b428-f590-4329-8b72-f76135571240",
            "9927d8da-0e35-4bfe-aa27-46e9bc3e1f46",
            "e2927c10-2537-4bfa-b258-b5c2853559af",
            "c85fd62e-d5a0-4238-84b5-713c31db18cb",
            "99d7de6b-5291-4e6f-a6ee-e1b18f0d1047",
            "37a84495-9f7d-4cb9-8203-49d9600c8318",
            "97b35847-98ce-4419-99bd-869db8b9e8a0",
            "fa2d545e-55e5-4857-b17f-9ded8b97e638",
            "3d2e8f28-9463-4dbf-92f4-208265fb3b90",
            "6ae3ad2f-4c81-480a-af01-b486e9fcf9d8",
            "f074166d-c3c2-4123-8a03-6201115f7ff3",
            "923edd64-41d9-4748-9dc9-6aeb09ce17c6",
            "f0e62ec8-de37-430c-ac5a-fea9cca6a496",
            "954ddc59-45cb-4a03-91d5-70521e467ade",
            "d3536ca9-081b-4dc1-a4df-b99ac054525b",
            "495655a2-af31-4669-8ed1-cc2b2dac564b",
            "d58ca715-8d51-4049-8bf2-fd588712bb23",
            "febca4d7-6d98-477f-9898-4d1ab146aa8f",
            "4f5636cd-3e39-4f58-9259-daeb3ff910fa",
            "9970dfb5-c18e-4011-b161-870709ed612c",
            "a144458d-cd92-45f4-a9b6-0082fe426904",
            "4a188860-0713-4429-9039-fb4ca95429ed",
            "2f025e41-3c0f-449b-a5dc-c0e6031e02c8",
            "2630031d-67ec-4b97-9df2-f1a410406a17",
            "e7d9e105-2d12-491a-9e5f-8c15c06f0cf7",
            "848a1c3e-f0d4-44c3-9de7-10c0b2ee2e03"
          ]
        }
      ],
      "Page": 1
    },
    {
      "BlockType": "LINE",
      "Confidence": 99.41654968261719,
      "Text": "Nano-particle",
      "Geometry": {
        "BoundingBox": {
          "Width": 0.10329273343086243,
          "Height": 0.030194902792572975,
          "Left": 0.18116424977779388,
          "Top": 0.320801705121994
        },
        "Polygon": [
          {
            "X": 0.18116424977779388,
            "Y": 0.320801705121994
          },
          {
            "X": 0.28441473841667175,
            "Y": 0.3210305869579315
          },
          {
            "X": 0.2844569683074951,
            "Y": 0.35099661350250244
          },
          {
            "X": 0.18120327591896057,
            "Y": 0.35077711939811707
          }
        ]
      },
      "Id": "c3aa721c-4798-4868-815a-4201c908fc7f",
      "Relationships": [
        {
          "Type": "CHILD",
          "Ids": [
            "11607cd8-a9b9-476b-bbf9-666a68f540f7"
          ]
        }
      ],
      "Page": 1
    },
    {
      "BlockType": "LINE",
      "Confidence": 98.443359375,
      "Text": "30-120 °C",
      "Geometry": {
        "BoundingBox": {
          "Width": 0.07420706748962402,
          "Height": 0.025526707991957664,
          "Left": 0.33215808868408203,
          "Top": 0.3200622498989105
        },
        "Polygon": [
          {
            "X": 0.33215808868408203,
            "Y": 0.3200622498989105
          },
          {
            "X": 0.40632617473602295,
            "Y": 0.32022690773010254
          },
          {
            "X": 0.40636515617370605,
            "Y": 0.34558895230293274
          },
          {
            "X": 0.33219510316848755,
            "Y": 0.3454299867153168
          }
        ]
      },
      "Id": "d144b428-f590-4329-8b72-f76135571240",
      "Relationships": [
        {
          "Type": "CHILD",
          "Ids": [
            "7043ff88-00b8-4cec-a0fb-33a9587a0d6a",
            "6ae2f615-4a7b-4d70-a7d0-16a4b1b5b8d6"
          ]
        }
      ],
      "Page": 1
    },
    {
      "BlockType": "LINE",
      "Confidence": 98.18183135986328,
      "Text": "120-200 °C",
      "Geometry": {
        "BoundingBox": {
          "Width": 0.081928551197052,
          "Height": 0.0254865400493145,
          "Left": 0.4656979739665985,
          "Top": 0.31989625096321106
        },
        "Polygon": [
          {
            "X": 0.4656979739665985,
            "Y": 0.31989625096321106
          },
          {
            "X": 0.5475838780403137,
            "Y": 0.32007816433906555
          },
          {
            "X": 0.5476264953613281,
            "Y": 0.34538277983665466
          },
          {
            "X": 0.4657384157180786,
            "Y": 0.34520718455314636
          }
        ]
      },
      "Id": "9927d8da-0e35-4bfe-aa27-46e9bc3e1f46",
      "Relationships": [
        {
          "Type": "CHILD",
          "Ids": [
            "3fcff54b-3f99-4ebe-b092-d1a1a1348ca5",
            "126b303c-642c-446c-a0bf-e4e50f3dc23f"
          ]
        }
      ],
      "Page": 1
    },
    {
      "BlockType": "LINE",
      "Confidence": 97.80115509033203,
      "Text": "220-320 °C",
      "Geometry": {
        "BoundingBox": {
          "Width": 0.08287717401981354,
          "Height": 0.025426937267184258,
          "Left": 0.6017065048217773,
          "Top": 0.31995004415512085
        },
        "Polygon": [
          {
            "X": 0.6017065048217773,
            "Y": 0.31995004415512085
          },
          {
            "X": 0.6845375895500183,
            "Y": 0.32013410329818726
          },
          {
            "X": 0.6845836639404297,
            "Y": 0.34537696838378906
          },
          {
            "X": 0.6017504334449768,
            "Y": 0.34519925713539124
          }
        ]
      },
      "Id": "e2927c10-2537-4bfa-b258-b5c2853559af",
      "Relationships": [
        {
          "Type": "CHILD",
          "Ids": [
            "d1de24e6-74a7-48ef-9cfe-1e8b7bb45e86",
            "67eaa80b-000a-4a5c-9d95-9deadea96e44"
          ]
        }
      ],
      "Page": 1
    },
    {
      "BlockType": "LINE",
      "Confidence": 98.13643646240234,
      "Text": "450-600 °C",
      "Geometry": {
        "BoundingBox": {
          "Width": 0.08275152742862701,
          "Height": 0.0270881075412035,
          "Left": 0.7380252480506897,
          "Top": 0.31938013434410095
        },
        "Polygon": [
          {
            "X": 0.7380252480506897,
            "Y": 0.31938013434410095
          },
          {
            "X": 0.8207237720489502,
            "Y": 0.3195641338825226
          },
          {
            "X": 0.8207767605781555,
            "Y": 0.3464682400226593
          },
          {
            "X": 0.7380759119987488,
            "Y": 0.3462910056114197
          }
        ]
      },
      "Id": "c85fd62e-d5a0-4238-84b5-713c31db18cb",
      "Relationships": [
        {
          "Type": "CHILD",
          "Ids": [
            "4bf92837-a4e9-4d84-9e35-dafcce996558",
            "e394b293-6d69-496b-8e9c-10422d6eb3f1"
          ]
        }
      ],
      "Page": 1
    },
    {
      "BlockType": "LINE",
      "Confidence": 99.8868179321289,
      "Text": "GO",
      "Geometry": {
        "BoundingBox": {
          "Width": 0.026585200801491737,
          "Height": 0.025063998997211456,
          "Left": 0.21929757297039032,
          "Top": 0.39820173382759094
        },
        "Polygon": [
          {
            "X": 0.21929757297039032,
            "Y": 0.39820173382759094
          },
          {
            "X": 0.24584852159023285,
            "Y": 0.3982543349266052
          },
          {
            "X": 0.2458827644586563,
            "Y": 0.4232657253742218
          },
          {
            "X": 0.21933111548423767,
            "Y": 0.4232151210308075
          }
        ]
      },
      "Id": "99d7de6b-5291-4e6f-a6ee-e1b18f0d1047",
      "Relationships": [
        {
          "Type": "CHILD",
          "Ids": [
            "c61366bc-cc85-4aca-91df-8c11a09037d9"
          ]
        }
      ],
      "Page": 1
    },
    {
      "BlockType": "LINE",
      "Confidence": 99.9553451538086,
      "Text": "10%",
      "Geometry": {
        "BoundingBox": {
          "Width": 0.030397064983844757,
          "Height": 0.02484297938644886,
          "Left": 0.35503143072128296,
          "Top": 0.3983002305030823
        },
        "Polygon": [
          {
            "X": 0.35503143072128296,
            "Y": 0.3983002305030823
          },
          {
            "X": 0.3853909373283386,
            "Y": 0.39836040139198303
          },
          {
            "X": 0.3854284882545471,
            "Y": 0.423143208026886
          },
          {
            "X": 0.355068176984787,
            "Y": 0.4230853021144867
          }
        ]
      },
      "Id": "37a84495-9f7d-4cb9-8203-49d9600c8318",
      "Relationships": [
        {
          "Type": "CHILD",
          "Ids": [
            "1de11e30-a94a-45b0-bcf5-215c90c9d2db"
          ]
        }
      ],
      "Page": 1
    },
    {
      "BlockType": "LINE",
      "Confidence": 99.88900756835938,
      "Text": "3%",
      "Geometry": {
        "BoundingBox": {
          "Width": 0.02305082604289055,
          "Height": 0.024892155081033707,
          "Left": 0.49483218789100647,
          "Top": 0.3981761038303375
        },
        "Polygon": [
          {
            "X": 0.49483218789100647,
            "Y": 0.3981761038303375
          },
          {
            "X": 0.5178419351577759,
            "Y": 0.3982217311859131
          },
          {
            "X": 0.5178830027580261,
            "Y": 0.42306825518608093
          },
          {
            "X": 0.49487265944480896,
            "Y": 0.42302432656288147
          }
        ]
      },
      "Id": "97b35847-98ce-4419-99bd-869db8b9e8a0",
      "Relationships": [
        {
          "Type": "CHILD",
          "Ids": [
            "4e89f9c3-b13d-47cd-8bd8-eedd0df9f587"
          ]
        }
      ],
      "Page": 1
    },
    {
      "BlockType": "LINE",
      "Confidence": 99.91883850097656,
      "Text": "6%",
      "Geometry": {
        "BoundingBox": {
          "Width": 0.02294609509408474,
          "Height": 0.02534210868179798,
          "Left": 0.6318675875663757,
          "Top": 0.3979664146900177
        },
        "Polygon": [
          {
            "X": 0.6318675875663757,
            "Y": 0.3979664146900177
          },
          {
            "X": 0.6547682881355286,
            "Y": 0.39801186323165894
          },
          {
            "X": 0.6548137068748474,
            "Y": 0.42330852150917053
          },
          {
            "X": 0.6319124102592468,
            "Y": 0.4232648015022278
          }
        ]
      },
      "Id": "fa2d545e-55e5-4857-b17f-9ded8b97e638",
      "Relationships": [
        {
          "Type": "CHILD",
          "Ids": [
            "16abccc3-5dc5-4be2-9cf7-8ef935e0b0cc"
          ]
        }
      ],
      "Page": 1
    },
    {
      "BlockType": "LINE",
      "Confidence": 99.96708679199219,
      "Text": "14%",
      "Geometry": {
        "BoundingBox": {
          "Width": 0.030814290046691895,
          "Height": 0.02575792744755745,
          "Left": 0.7656722664833069,
          "Top": 0.39790257811546326
        },
        "Polygon": [
          {
            "X": 0.7656722664833069,
            "Y": 0.39790257811546326
          },
          {
            "X": 0.7964366674423218,
            "Y": 0.3979637026786804
          },
          {
            "X": 0.7964865565299988,
            "Y": 0.4236605167388916
          },
          {
            "X": 0.7657214403152466,
            "Y": 0.42360180616378784
          }
        ]
      },
      "Id": "3d2e8f28-9463-4dbf-92f4-208265fb3b90",
      "Relationships": [
        {
          "Type": "CHILD",
          "Ids": [
            "11169af7-0eb8-44f3-ab0d-c0859a8d0afd"
          ]
        }
      ],
      "Page": 1
    },
    {
      "BlockType": "LINE",
      "Confidence": 99.78824615478516,
      "Text": "MGO",
      "Geometry": {
        "BoundingBox": {
          "Width": 0.04359792545437813,
          "Height": 0.024389950558543205,
          "Left": 0.21053902804851532,
          "Top": 0.4765596091747284
        },
        "Polygon": [
          {
            "X": 0.21053902804851532,
            "Y": 0.4765596091747284
          },
          {
            "X": 0.2541034519672394,
            "Y": 0.476635605096817
          },
          {
            "X": 0.25413694977760315,
            "Y": 0.5009495615959167
          },
          {
            "X": 0.21057142317295074,
            "Y": 0.500876784324646
          }
        ]
      },
      "Id": "6ae3ad2f-4c81-480a-af01-b486e9fcf9d8",
      "Relationships": [
        {
          "Type": "CHILD",
          "Ids": [
            "f7d3d625-9693-4553-85b5-b0a453efef11"
          ]
        }
      ],
      "Page": 1
    },
    {
      "BlockType": "LINE",
      "Confidence": 99.89035034179688,
      "Text": "8%",
      "Geometry": {
        "BoundingBox": {
          "Width": 0.022636784240603447,
          "Height": 0.02526373416185379,
          "Left": 0.35836514830589294,
          "Top": 0.4760541617870331
        },
        "Polygon": [
          {
            "X": 0.35836514830589294,
            "Y": 0.4760541617870331
          },
          {
            "X": 0.38096383213996887,
            "Y": 0.4760936200618744
          },
          {
            "X": 0.38100191950798035,
            "Y": 0.5013178586959839
          },
          {
            "X": 0.35840263962745667,
            "Y": 0.5012801289558411
          }
        ]
      },
      "Id": "f074166d-c3c2-4123-8a03-6201115f7ff3",
      "Relationships": [
        {
          "Type": "CHILD",
          "Ids": [
            "a4129dac-4af1-4a3d-b9ef-251b7d52c141"
          ]
        }
      ],
      "Page": 1
    },
    {
      "BlockType": "LINE",
      "Confidence": 99.9504623413086,
      "Text": "13%",
      "Geometry": {
        "BoundingBox": {
          "Width": 0.030169568955898285,
          "Height": 0.024970784783363342,
          "Left": 0.49211573600769043,
          "Top": 0.47619786858558655
        },
        "Polygon": [
          {
            "X": 0.49211573600769043,
            "Y": 0.47619786858558655
          },
          {
            "X": 0.5222440361976624,
            "Y": 0.4762504994869232
          },
          {
            "X": 0.5222852826118469,
            "Y": 0.5011686682701111
          },
          {
            "X": 0.4921562671661377,
            "Y": 0.5011183023452759
          }
        ]
      },
      "Id": "923edd64-41d9-4748-9dc9-6aeb09ce17c6",
      "Relationships": [
        {
          "Type": "CHILD",
          "Ids": [
            "36177605-1544-46a2-bbfb-d1e258c2b031"
          ]
        }
      ],
      "Page": 1
    },
    {
      "BlockType": "LINE",
      "Confidence": 99.9317855834961,
      "Text": "40%",
      "Geometry": {
        "BoundingBox": {
          "Width": 0.03206127882003784,
          "Height": 0.0251451525837183,
          "Left": 0.6268963813781738,
          "Top": 0.47607430815696716
        },
        "Polygon": [
          {
            "X": 0.6268963813781738,
            "Y": 0.47607430815696716
          },
          {
            "X": 0.6589125394821167,
            "Y": 0.47613027691841125
          },
          {
            "X": 0.6589576601982117,
            "Y": 0.5012194514274597
          },
          {
            "X": 0.6269407272338867,
            "Y": 0.5011659860610962
          }
        ]
      },
      "Id": "f0e62ec8-de37-430c-ac5a-fea9cca6a496",
      "Relationships": [
        {
          "Type": "CHILD",
          "Ids": [
            "81f9da66-5b26-4701-a521-dd7f5749dccc"
          ]
        }
      ],
      "Page": 1
    },
    {
      "BlockType": "LINE",
      "Confidence": 99.8563003540039,
      "Text": "0%",
      "Geometry": {
        "BoundingBox": {
          "Width": 0.022695068269968033,
          "Height": 0.025337977334856987,
          "Left": 0.7689980268478394,
          "Top": 0.47587350010871887
        },
        "Polygon": [
          {
            "X": 0.7689980268478394,
            "Y": 0.47587350010871887
          },
          {
            "X": 0.7916440367698669,
            "Y": 0.4759131073951721
          },
          {
            "X": 0.7916930913925171,
            "Y": 0.5012114644050598
          },
          {
            "X": 0.7690464854240417,
            "Y": 0.5011736154556274
          }
        ]
      },
      "Id": "954ddc59-45cb-4a03-91d5-70521e467ade",
      "Relationships": [
        {
          "Type": "CHILD",
          "Ids": [
            "2b384afa-6d93-4f08-8848-d62d7bc5448a"
          ]
        }
      ],
      "Page": 1
    },
    {
      "BlockType": "LINE",
      "Confidence": 95.82379913330078,
      "Text": "B-CD-MGO",
      "Geometry": {
        "BoundingBox": {
          "Width": 0.09114941209554672,
          "Height": 0.03026765212416649,
          "Left": 0.18604181706905365,
          "Top": 0.5539553165435791
        },
        "Polygon": [
          {
            "X": 0.18604181706905365,
            "Y": 0.5539553165435791
          },
          {
            "X": 0.2771490216255188,
            "Y": 0.5540927648544312
          },
          {
            "X": 0.2771912217140198,
            "Y": 0.5842229723930359
          },
          {
            "X": 0.186081200838089,
            "Y": 0.5840938091278076
          }
        ]
      },
      "Id": "d3536ca9-081b-4dc1-a4df-b99ac054525b",
      "Relationships": [
        {
          "Type": "CHILD",
          "Ids": [
            "73a3c6ea-02eb-41c0-b4ec-e7747fa34217"
          ]
        }
      ],
      "Page": 1
    },
    {
      "BlockType": "LINE",
      "Confidence": 99.89215087890625,
      "Text": "8%",
      "Geometry": {
        "BoundingBox": {
          "Width": 0.02252955734729767,
          "Height": 0.025235900655388832,
          "Left": 0.35842734575271606,
          "Top": 0.5539596676826477
        },
        "Polygon": [
          {
            "X": 0.35842734575271606,
            "Y": 0.5539596676826477
          },
          {
            "X": 0.38091886043548584,
            "Y": 0.5539935827255249
          },
          {
            "X": 0.3809569180011749,
            "Y": 0.5791955590248108
          },
          {
            "X": 0.3584648072719574,
            "Y": 0.5791633129119873
          }
        ]
      },
      "Id": "495655a2-af31-4669-8ed1-cc2b2dac564b",
      "Relationships": [
        {
          "Type": "CHILD",
          "Ids": [
            "83966c22-ce27-4ff2-8a6e-39dda87cf927"
          ]
        }
      ],
      "Page": 1
    },
    {
      "BlockType": "LINE",
      "Confidence": 99.87938690185547,
      "Text": "8%",
      "Geometry": {
        "BoundingBox": {
          "Width": 0.02255398966372013,
          "Height": 0.02526428923010826,
          "Left": 0.49535149335861206,
          "Top": 0.5538530945777893
        },
        "Polygon": [
          {
            "X": 0.49535149335861206,
            "Y": 0.5538530945777893
          },
          {
            "X": 0.5178638100624084,
            "Y": 0.553887128829956
          },
          {
            "X": 0.5179054737091064,
            "Y": 0.5791174173355103
          },
          {
            "X": 0.4953925907611847,
            "Y": 0.579085111618042
          }
        ]
      },
      "Id": "d58ca715-8d51-4049-8bf2-fd588712bb23",
      "Relationships": [
        {
          "Type": "CHILD",
          "Ids": [
            "607084f9-820e-41b8-ac41-bf6fc8fb4307"
          ]
        }
      ],
      "Page": 1
    },
    {
      "BlockType": "LINE",
      "Confidence": 99.93248748779297,
      "Text": "12%",
      "Geometry": {
        "BoundingBox": {
          "Width": 0.031091246753931046,
          "Height": 0.027327528223395348,
          "Left": 0.62834632396698,
          "Top": 0.5527001023292542
        },
        "Polygon": [
          {
            "X": 0.62834632396698,
            "Y": 0.5527001023292542
          },
          {
            "X": 0.6593884229660034,
            "Y": 0.5527471303939819
          },
          {
            "X": 0.6594375371932983,
            "Y": 0.5800276398658752
          },
          {
            "X": 0.6283945441246033,
            "Y": 0.5799831748008728
          }
        ]
      },
      "Id": "febca4d7-6d98-477f-9898-4d1ab146aa8f",
      "Relationships": [
        {
          "Type": "CHILD",
          "Ids": [
            "affc6e5f-3fc2-4fe7-9fbf-3facec04afe2"
          ]
        }
      ],
      "Page": 1
    },
    {
      "BlockType": "LINE",
      "Confidence": 99.97390747070312,
      "Text": "14%",
      "Geometry": {
        "BoundingBox": {
          "Width": 0.030485985800623894,
          "Height": 0.025205962359905243,
          "Left": 0.7656028270721436,
          "Top": 0.553930938243866
        },
        "Polygon": [
          {
            "X": 0.7656028270721436,
            "Y": 0.553930938243866
          },
          {
            "X": 0.7960399389266968,
            "Y": 0.5539769530296326
          },
          {
            "X": 0.7960888147354126,
            "Y": 0.5791369080543518
          },
          {
            "X": 0.7656508684158325,
            "Y": 0.5790932178497314
          }
        ]
      },
      "Id": "4f5636cd-3e39-4f58-9259-daeb3ff910fa",
      "Relationships": [
        {
          "Type": "CHILD",
          "Ids": [
            "bbeb2353-4767-4560-a625-bb31afd77134"
          ]
        }
      ],
      "Page": 1
    },
    {
      "BlockType": "LINE",
      "Confidence": 94.96317291259766,
      "Text": "B-CD-CeA-",
      "Geometry": {
        "BoundingBox": {
          "Width": 0.08626100420951843,
          "Height": 0.029997553676366806,
          "Left": 0.18861331045627594,
          "Top": 0.6128231883049011
        },
        "Polygon": [
          {
            "X": 0.18861331045627594,
            "Y": 0.6128231883049011
          },
          {
            "X": 0.27483251690864563,
            "Y": 0.612937867641449
          },
          {
            "X": 0.27487432956695557,
            "Y": 0.6428207159042358
          },
          {
            "X": 0.18865244090557098,
            "Y": 0.6427138447761536
          }
        ]
      },
      "Id": "9970dfb5-c18e-4011-b161-870709ed612c",
      "Relationships": [
        {
          "Type": "CHILD",
          "Ids": [
            "7b87fb7e-b025-4ed3-a197-5a3fa86c37c2"
          ]
        }
      ],
      "Page": 1
    },
    {
      "BlockType": "LINE",
      "Confidence": 99.87370300292969,
      "Text": "8%",
      "Geometry": {
        "BoundingBox": {
          "Width": 0.022658348083496094,
          "Height": 0.025074707344174385,
          "Left": 0.3582943379878998,
          "Top": 0.6319748163223267
        },
        "Polygon": [
          {
            "X": 0.3582943379878998,
            "Y": 0.6319748163223267
          },
          {
            "X": 0.3809148669242859,
            "Y": 0.6320036053657532
          },
          {
            "X": 0.3809526860713959,
            "Y": 0.6570495367050171
          },
          {
            "X": 0.358331561088562,
            "Y": 0.6570224165916443
          }
        ]
      },
      "Id": "a144458d-cd92-45f4-a9b6-0082fe426904",
      "Relationships": [
        {
          "Type": "CHILD",
          "Ids": [
            "752e449d-f82d-4566-8ca0-94ad747bfeb8"
          ]
        }
      ],
      "Page": 1
    },
    {
      "BlockType": "LINE",
      "Confidence": 99.96194458007812,
      "Text": "18%",
      "Geometry": {
        "BoundingBox": {
          "Width": 0.030022677034139633,
          "Height": 0.024566879495978355,
          "Left": 0.49204039573669434,
          "Top": 0.6323357224464417
        },
        "Polygon": [
          {
            "X": 0.49204039573669434,
            "Y": 0.6323357224464417
          },
          {
            "X": 0.5220224261283875,
            "Y": 0.6323738694190979
          },
          {
            "X": 0.5220630764961243,
            "Y": 0.6569026112556458
          },
          {
            "X": 0.4920802712440491,
            "Y": 0.656866729259491
          }
        ]
      },
      "Id": "4a188860-0713-4429-9039-fb4ca95429ed",
      "Relationships": [
        {
          "Type": "CHILD",
          "Ids": [
            "284c6606-fd25-4e67-8c93-0683e35d95ab"
          ]
        }
      ],
      "Page": 1
    },
    {
      "BlockType": "LINE",
      "Confidence": 99.95137786865234,
      "Text": "40%",
      "Geometry": {
        "BoundingBox": {
          "Width": 0.03253220021724701,
          "Height": 0.02594737336039543,
          "Left": 0.6266342997550964,
          "Top": 0.6315610408782959
        },
        "Polygon": [
          {
            "X": 0.6266342997550964,
            "Y": 0.6315610408782959
          },
          {
            "X": 0.6591199040412903,
            "Y": 0.6316024661064148
          },
          {
            "X": 0.6591665148735046,
            "Y": 0.6575084328651428
          },
          {
            "X": 0.6266800761222839,
            "Y": 0.6574695706367493
          }
        ]
      },
      "Id": "2f025e41-3c0f-449b-a5dc-c0e6031e02c8",
      "Relationships": [
        {
          "Type": "CHILD",
          "Ids": [
            "a5fa8004-86fe-4329-a930-35b0875761ce"
          ]
        }
      ],
      "Page": 1
    },
    {
      "BlockType": "LINE",
      "Confidence": 99.90995788574219,
      "Text": "0%",
      "Geometry": {
        "BoundingBox": {
          "Width": 0.02294887788593769,
          "Height": 0.02521449699997902,
          "Left": 0.7688241600990295,
          "Top": 0.6318749189376831
        },
        "Polygon": [
          {
            "X": 0.7688241600990295,
            "Y": 0.6318749189376831
          },
          {
            "X": 0.7917242646217346,
            "Y": 0.6319040656089783
          },
          {
            "X": 0.7917730808258057,
            "Y": 0.6570894122123718
          },
          {
            "X": 0.7688723802566528,
            "Y": 0.6570619940757751
          }
        ]
      },
      "Id": "2630031d-67ec-4b97-9df2-f1a410406a17",
      "Relationships": [
        {
          "Type": "CHILD",
          "Ids": [
            "15326973-66a3-4388-85c5-12ada6866d56"
          ]
        }
      ],
      "Page": 1
    },
    {
      "BlockType": "LINE",
      "Confidence": 99.73406219482422,
      "Text": "MGO",
      "Geometry": {
        "BoundingBox": {
          "Width": 0.04366546496748924,
          "Height": 0.024450793862342834,
          "Left": 0.21042118966579437,
          "Top": 0.6513723134994507
        },
        "Polygon": [
          {
            "X": 0.21042118966579437,
            "Y": 0.6513723134994507
          },
          {
            "X": 0.2540530562400818,
            "Y": 0.6514252424240112
          },
          {
            "X": 0.2540866434574127,
            "Y": 0.6758230924606323
          },
          {
            "X": 0.21045367419719696,
            "Y": 0.6757733821868896
          }
        ]
      },
      "Id": "e7d9e105-2d12-491a-9e5f-8c15c06f0cf7",
      "Relationships": [
        {
          "Type": "CHILD",
          "Ids": [
            "f98718ae-d66d-4129-8a54-292c0f9ebe32"
          ]
        }
      ],
      "Page": 1
    },
    {
      "BlockType": "WORD",
      "Confidence": 99.41654968261719,
      "Text": "Nano-particle",
      "TextType": "PRINTED",
      "Geometry": {
        "BoundingBox": {
          "Width": 0.10329273343086243,
          "Height": 0.030194902792572975,
          "Left": 0.18116424977779388,
          "Top": 0.320801705121994
        },
        "Polygon": [
          {
            "X": 0.18116424977779388,
            "Y": 0.320801705121994
          },
          {
            "X": 0.28441473841667175,
            "Y": 0.3210305869579315
          },
          {
            "X": 0.2844569683074951,
            "Y": 0.35099661350250244
          },
          {
            "X": 0.18120327591896057,
            "Y": 0.35077711939811707
          }
        ]
      },
      "Id": "11607cd8-a9b9-476b-bbf9-666a68f540f7",
      "Page": 1
    },
    {
      "BlockType": "WORD",
      "Confidence": 99.89832305908203,
      "Text": "30-120",
      "TextType": "PRINTED",
      "Geometry": {
        "BoundingBox": {
          "Width": 0.05028460547327995,
          "Height": 0.02547544240951538,
          "Left": 0.33215808868408203,
          "Top": 0.3200622498989105
        },
        "Polygon": [
          {
            "X": 0.33215808868408203,
            "Y": 0.3200622498989105
          },
          {
            "X": 0.3824043571949005,
            "Y": 0.32017379999160767
          },
          {
            "X": 0.3824426829814911,
            "Y": 0.3455376923084259
          },
          {
            "X": 0.33219510316848755,
            "Y": 0.3454299867153168
          }
        ]
      },
      "Id": "7043ff88-00b8-4cec-a0fb-33a9587a0d6a",
      "Page": 1
    },
    {
      "BlockType": "WORD",
      "Confidence": 96.98838806152344,
      "Text": "°C",
      "TextType": "PRINTED",
      "Geometry": {
        "BoundingBox": {
          "Width": 0.019543683156371117,
          "Height": 0.024429749697446823,
          "Left": 0.3868202865123749,
          "Top": 0.3203933537006378
        },
        "Polygon": [
          {
            "X": 0.3868202865123749,
            "Y": 0.3203933537006378
          },
          {
            "X": 0.4063265025615692,
            "Y": 0.32043665647506714
          },
          {
            "X": 0.40636396408081055,
            "Y": 0.34482309222221375
          },
          {
            "X": 0.386857271194458,
            "Y": 0.3447812497615814
          }
        ]
      },
      "Id": "6ae2f615-4a7b-4d70-a7d0-16a4b1b5b8d6",
      "Page": 1
    },
    {
      "BlockType": "WORD",
      "Confidence": 99.8799819946289,
      "Text": "120-200",
      "TextType": "PRINTED",
      "Geometry": {
        "BoundingBox": {
          "Width": 0.05809225142002106,
          "Height": 0.025435421615839005,
          "Left": 0.4656979739665985,
          "Top": 0.31989625096321106
        },
        "Polygon": [
          {
            "X": 0.4656979739665985,
            "Y": 0.31989625096321106
          },
          {
            "X": 0.5237482190132141,
            "Y": 0.3200252056121826
          },
          {
            "X": 0.5237902402877808,
            "Y": 0.34533166885375977
          },
          {
            "X": 0.4657384157180786,
            "Y": 0.34520718455314636
          }
        ]
      },
      "Id": "3fcff54b-3f99-4ebe-b092-d1a1a1348ca5",
      "Page": 1
    },
    {
      "BlockType": "WORD",
      "Confidence": 96.48368072509766,
      "Text": "°C",
      "TextType": "PRINTED",
      "Geometry": {
        "BoundingBox": {
          "Width": 0.019523588940501213,
          "Height": 0.0248579028993845,
          "Left": 0.5281023383140564,
          "Top": 0.3201693594455719
        },
        "Polygon": [
          {
            "X": 0.5281023383140564,
            "Y": 0.3201693594455719
          },
          {
            "X": 0.5475841164588928,
            "Y": 0.32021263241767883
          },
          {
            "X": 0.5476258993148804,
            "Y": 0.34502726793289185
          },
          {
            "X": 0.528143584728241,
            "Y": 0.3449854552745819
          }
        ]
      },
      "Id": "126b303c-642c-446c-a0bf-e4e50f3dc23f",
      "Page": 1
    },
    {
      "BlockType": "WORD",
      "Confidence": 99.80170440673828,
      "Text": "220-320",
      "TextType": "PRINTED",
      "Geometry": {
        "BoundingBox": {
          "Width": 0.05877762660384178,
          "Height": 0.025305859744548798,
          "Left": 0.6017066240310669,
          "Top": 0.3200194239616394
        },
        "Polygon": [
          {
            "X": 0.6017066240310669,
            "Y": 0.3200194239616394
          },
          {
            "X": 0.6604388952255249,
            "Y": 0.3201499283313751
          },
          {
            "X": 0.660484254360199,
            "Y": 0.3453252911567688
          },
          {
            "X": 0.6017504334449768,
            "Y": 0.34519925713539124
          }
        ]
      },
      "Id": "d1de24e6-74a7-48ef-9cfe-1e8b7bb45e86",
      "Page": 1
    },
    {
      "BlockType": "WORD",
      "Confidence": 95.80060577392578,
      "Text": "°C",
      "TextType": "PRINTED",
      "Geometry": {
        "BoundingBox": {
          "Width": 0.019553901627659798,
          "Height": 0.024594780057668686,
          "Left": 0.6650285124778748,
          "Top": 0.32009077072143555
        },
        "Polygon": [
          {
            "X": 0.6650285124778748,
            "Y": 0.32009077072143555
          },
          {
            "X": 0.6845375895500183,
            "Y": 0.32013410329818726
          },
          {
            "X": 0.6845824122428894,
            "Y": 0.34468555450439453
          },
          {
            "X": 0.6650728583335876,
            "Y": 0.34464365243911743
          }
        ]
      },
      "Id": "67eaa80b-000a-4a5c-9d95-9deadea96e44",
      "Page": 1
    },
    {
      "BlockType": "WORD",
      "Confidence": 99.96532440185547,
      "Text": "450-600",
      "TextType": "PRINTED",
      "Geometry": {
        "BoundingBox": {
          "Width": 0.0593596026301384,
          "Height": 0.027037976309657097,
          "Left": 0.7380252480506897,
          "Top": 0.31938013434410095
        },
        "Polygon": [
          {
            "X": 0.7380252480506897,
            "Y": 0.31938013434410095
          },
          {
            "X": 0.7973325252532959,
            "Y": 0.31951209902763367
          },
          {
            "X": 0.7973848581314087,
            "Y": 0.3464181125164032
          },
          {
            "X": 0.7380759119987488,
            "Y": 0.3462910056114197
          }
        ]
      },
      "Id": "4bf92837-a4e9-4d84-9e35-dafcce996558",
      "Page": 1
    },
    {
      "BlockType": "WORD",
      "Confidence": 96.30754852294922,
      "Text": "°C",
      "TextType": "PRINTED",
      "Geometry": {
        "BoundingBox": {
          "Width": 0.018282150849699974,
          "Height": 0.024357888847589493,
          "Left": 0.8024910092353821,
          "Top": 0.3202853202819824
        },
        "Polygon": [
          {
            "X": 0.8024910092353821,
            "Y": 0.3202853202819824
          },
          {
            "X": 0.8207253217697144,
            "Y": 0.3203258514404297
          },
          {
            "X": 0.820773184299469,
            "Y": 0.3446432054042816
          },
          {
            "X": 0.8025384545326233,
            "Y": 0.3446040153503418
          }
        ]
      },
      "Id": "e394b293-6d69-496b-8e9c-10422d6eb3f1",
      "Page": 1
    },
    {
      "BlockType": "WORD",
      "Confidence": 99.8868179321289,
      "Text": "GO",
      "TextType": "PRINTED",
      "Geometry": {
        "BoundingBox": {
          "Width": 0.026585200801491737,
          "Height": 0.025063998997211456,
          "Left": 0.21929757297039032,
          "Top": 0.39820173382759094
        },
        "Polygon": [
          {
            "X": 0.21929757297039032,
            "Y": 0.39820173382759094
          },
          {
            "X": 0.24584852159023285,
            "Y": 0.3982543349266052
          },
          {
            "X": 0.2458827644586563,
            "Y": 0.4232657253742218
          },
          {
            "X": 0.21933111548423767,
            "Y": 0.4232151210308075
          }
        ]
      },
      "Id": "c61366bc-cc85-4aca-91df-8c11a09037d9",
      "Page": 1
    },
    {
      "BlockType": "WORD",
      "Confidence": 99.9553451538086,
      "Text": "10%",
      "TextType": "PRINTED",
      "Geometry": {
        "BoundingBox": {
          "Width": 0.030397064983844757,
          "Height": 0.02484297938644886,
          "Left": 0.35503143072128296,
          "Top": 0.3983002305030823
        },
        "Polygon": [
          {
            "X": 0.35503143072128296,
            "Y": 0.3983002305030823
          },
          {
            "X": 0.3853909373283386,
            "Y": 0.39836040139198303
          },
          {
            "X": 0.3854284882545471,
            "Y": 0.423143208026886
          },
          {
            "X": 0.355068176984787,
            "Y": 0.4230853021144867
          }
        ]
      },
      "Id": "1de11e30-a94a-45b0-bcf5-215c90c9d2db",
      "Page": 1
    },
    {
      "BlockType": "WORD",
      "Confidence": 99.88900756835938,
      "Text": "3%",
      "TextType": "PRINTED",
      "Geometry": {
        "BoundingBox": {
          "Width": 0.02305082604289055,
          "Height": 0.024892155081033707,
          "Left": 0.49483218789100647,
          "Top": 0.3981761038303375
        },
        "Polygon": [
          {
            "X": 0.49483218789100647,
            "Y": 0.3981761038303375
          },
          {
            "X": 0.5178419351577759,
            "Y": 0.3982217311859131
          },
          {
            "X": 0.5178830027580261,
            "Y": 0.42306825518608093
          },
          {
            "X": 0.49487265944480896,
            "Y": 0.42302432656288147
          }
        ]
      },
      "Id": "4e89f9c3-b13d-47cd-8bd8-eedd0df9f587",
      "Page": 1
    },
    {
      "BlockType": "WORD",
      "Confidence": 99.91883850097656,
      "Text": "6%",
      "TextType": "PRINTED",
      "Geometry": {
        "BoundingBox": {
          "Width": 0.02294609509408474,
          "Height": 0.02534210868179798,
          "Left": 0.6318675875663757,
          "Top": 0.3979664146900177
        },
        "Polygon": [
          {
            "X": 0.6318675875663757,
            "Y": 0.3979664146900177
          },
          {
            "X": 0.6547682881355286,
            "Y": 0.39801186323165894
          },
          {
            "X": 0.6548137068748474,
            "Y": 0.42330852150917053
          },
          {
            "X": 0.6319124102592468,
            "Y": 0.4232648015022278
          }
        ]
      },
      "Id": "16abccc3-5dc5-4be2-9cf7-8ef935e0b0cc",
      "Page": 1
    },
    {
      "BlockType": "WORD",
      "Confidence": 99.96708679199219,
      "Text": "14%",
      "TextType": "PRINTED",
      "Geometry": {
        "BoundingBox": {
          "Width": 0.030814290046691895,
          "Height": 0.02575792744755745,
          "Left": 0.7656722664833069,
          "Top": 0.39790257811546326
        },
        "Polygon": [
          {
            "X": 0.7656722664833069,
            "Y": 0.39790257811546326
          },
          {
            "X": 0.7964366674423218,
            "Y": 0.3979637026786804
          },
          {
            "X": 0.7964865565299988,
            "Y": 0.4236605167388916
          },
          {
            "X": 0.7657214403152466,
            "Y": 0.42360180616378784
          }
        ]
      },
      "Id": "11169af7-0eb8-44f3-ab0d-c0859a8d0afd",
      "Page": 1
    },
    {
      "BlockType": "WORD",
      "Confidence": 99.78824615478516,
      "Text": "MGO",
      "TextType": "PRINTED",
      "Geometry": {
        "BoundingBox": {
          "Width": 0.04359792545437813,
          "Height": 0.024389950558543205,
          "Left": 0.21053902804851532,
          "Top": 0.4765596091747284
        },
        "Polygon": [
          {
            "X": 0.21053902804851532,
            "Y": 0.4765596091747284
          },
          {
            "X": 0.2541034519672394,
            "Y": 0.476635605096817
          },
          {
            "X": 0.25413694977760315,
            "Y": 0.5009495615959167
          },
          {
            "X": 0.21057142317295074,
            "Y": 0.500876784324646
          }
        ]
      },
      "Id": "f7d3d625-9693-4553-85b5-b0a453efef11",
      "Page": 1
    },
    {
      "BlockType": "WORD",
      "Confidence": 99.89035034179688,
      "Text": "8%",
      "TextType": "PRINTED",
      "Geometry": {
        "BoundingBox": {
          "Width": 0.022636784240603447,
          "Height": 0.02526373416185379,
          "Left": 0.35836514830589294,
          "Top": 0.4760541617870331
        },
        "Polygon": [
          {
            "X": 0.35836514830589294,
            "Y": 0.4760541617870331
          },
          {
            "X": 0.38096383213996887,
            "Y": 0.4760936200618744
          },
          {
            "X": 0.38100191950798035,
            "Y": 0.5013178586959839
          },
          {
            "X": 0.35840263962745667,
            "Y": 0.5012801289558411
          }
        ]
      },
      "Id": "a4129dac-4af1-4a3d-b9ef-251b7d52c141",
      "Page": 1
    },
    {
      "BlockType": "WORD",
      "Confidence": 99.9504623413086,
      "Text": "13%",
      "TextType": "PRINTED",
      "Geometry": {
        "BoundingBox": {
          "Width": 0.030169568955898285,
          "Height": 0.024970784783363342,
          "Left": 0.49211573600769043,
          "Top": 0.47619786858558655
        },
        "Polygon": [
          {
            "X": 0.49211573600769043,
            "Y": 0.47619786858558655
          },
          {
            "X": 0.5222440361976624,
            "Y": 0.4762504994869232
          },
          {
            "X": 0.5222852826118469,
            "Y": 0.5011686682701111
          },
          {
            "X": 0.4921562671661377,
            "Y": 0.5011183023452759
          }
        ]
      },
      "Id": "36177605-1544-46a2-bbfb-d1e258c2b031",
      "Page": 1
    },
    {
      "BlockType": "WORD",
      "Confidence": 99.9317855834961,
      "Text": "40%",
      "TextType": "PRINTED",
      "Geometry": {
        "BoundingBox": {
          "Width": 0.03206127882003784,
          "Height": 0.0251451525837183,
          "Left": 0.6268963813781738,
          "Top": 0.47607430815696716
        },
        "Polygon": [
          {
            "X": 0.6268963813781738,
            "Y": 0.47607430815696716
          },
          {
            "X": 0.6589125394821167,
            "Y": 0.47613027691841125
          },
          {
            "X": 0.6589576601982117,
            "Y": 0.5012194514274597
          },
          {
            "X": 0.6269407272338867,
            "Y": 0.5011659860610962
          }
        ]
      },
      "Id": "81f9da66-5b26-4701-a521-dd7f5749dccc",
      "Page": 1
    },
    {
      "BlockType": "WORD",
      "Confidence": 99.8563003540039,
      "Text": "0%",
      "TextType": "PRINTED",
      "Geometry": {
        "BoundingBox": {
          "Width": 0.022695068269968033,
          "Height": 0.025337977334856987,
          "Left": 0.7689980268478394,
          "Top": 0.47587350010871887
        },
        "Polygon": [
          {
            "X": 0.7689980268478394,
            "Y": 0.47587350010871887
          },
          {
            "X": 0.7916440367698669,
            "Y": 0.4759131073951721
          },
          {
            "X": 0.7916930913925171,
            "Y": 0.5012114644050598
          },
          {
            "X": 0.7690464854240417,
            "Y": 0.5011736154556274
          }
        ]
      },
      "Id": "2b384afa-6d93-4f08-8848-d62d7bc5448a",
      "Page": 1
    },
    {
      "BlockType": "WORD",
      "Confidence": 95.82379913330078,
      "Text": "B-CD-MGO",
      "TextType": "PRINTED",
      "Geometry": {
        "BoundingBox": {
          "Width": 0.09114941209554672,
          "Height": 0.03026765212416649,
          "Left": 0.18604181706905365,
          "Top": 0.5539553165435791
        },
        "Polygon": [
          {
            "X": 0.18604181706905365,
            "Y": 0.5539553165435791
          },
          {
            "X": 0.2771490216255188,
            "Y": 0.5540927648544312
          },
          {
            "X": 0.2771912217140198,
            "Y": 0.5842229723930359
          },
          {
            "X": 0.186081200838089,
            "Y": 0.5840938091278076
          }
        ]
      },
      "Id": "73a3c6ea-02eb-41c0-b4ec-e7747fa34217",
      "Page": 1
    },
    {
      "BlockType": "WORD",
      "Confidence": 99.89215087890625,
      "Text": "8%",
      "TextType": "PRINTED",
      "Geometry": {
        "BoundingBox": {
          "Width": 0.02252955734729767,
          "Height": 0.025235900655388832,
          "Left": 0.35842734575271606,
          "Top": 0.5539596676826477
        },
        "Polygon": [
          {
            "X": 0.35842734575271606,
            "Y": 0.5539596676826477
          },
          {
            "X": 0.38091886043548584,
            "Y": 0.5539935827255249
          },
          {
            "X": 0.3809569180011749,
            "Y": 0.5791955590248108
          },
          {
            "X": 0.3584648072719574,
            "Y": 0.5791633129119873
          }
        ]
      },
      "Id": "83966c22-ce27-4ff2-8a6e-39dda87cf927",
      "Page": 1
    },
    {
      "BlockType": "WORD",
      "Confidence": 99.87938690185547,
      "Text": "8%",
      "TextType": "PRINTED",
      "Geometry": {
        "BoundingBox": {
          "Width": 0.02255398966372013,
          "Height": 0.02526428923010826,
          "Left": 0.49535149335861206,
          "Top": 0.5538530945777893
        },
        "Polygon": [
          {
            "X": 0.49535149335861206,
            "Y": 0.5538530945777893
          },
          {
            "X": 0.5178638100624084,
            "Y": 0.553887128829956
          },
          {
            "X": 0.5179054737091064,
            "Y": 0.5791174173355103
          },
          {
            "X": 0.4953925907611847,
            "Y": 0.579085111618042
          }
        ]
      },
      "Id": "607084f9-820e-41b8-ac41-bf6fc8fb4307",
      "Page": 1
    },
    {
      "BlockType": "WORD",
      "Confidence": 99.93248748779297,
      "Text": "12%",
      "TextType": "PRINTED",
      "Geometry": {
        "BoundingBox": {
          "Width": 0.031091246753931046,
          "Height": 0.027327528223395348,
          "Left": 0.62834632396698,
          "Top": 0.5527001023292542
        },
        "Polygon": [
          {
            "X": 0.62834632396698,
            "Y": 0.5527001023292542
          },
          {
            "X": 0.6593884229660034,
            "Y": 0.5527471303939819
          },
          {
            "X": 0.6594375371932983,
            "Y": 0.5800276398658752
          },
          {
            "X": 0.6283945441246033,
            "Y": 0.5799831748008728
          }
        ]
      },
      "Id": "affc6e5f-3fc2-4fe7-9fbf-3facec04afe2",
      "Page": 1
    },
    {
      "BlockType": "WORD",
      "Confidence": 99.97390747070312,
      "Text": "14%",
      "TextType": "PRINTED",
      "Geometry": {
        "BoundingBox": {
          "Width": 0.030485985800623894,
          "Height": 0.025205962359905243,
          "Left": 0.7656028270721436,
          "Top": 0.553930938243866
        },
        "Polygon": [
          {
            "X": 0.7656028270721436,
            "Y": 0.553930938243866
          },
          {
            "X": 0.7960399389266968,
            "Y": 0.5539769530296326
          },
          {
            "X": 0.7960888147354126,
            "Y": 0.5791369080543518
          },
          {
            "X": 0.7656508684158325,
            "Y": 0.5790932178497314
          }
        ]
      },
      "Id": "bbeb2353-4767-4560-a625-bb31afd77134",
      "Page": 1
    },
    {
      "BlockType": "WORD",
      "Confidence": 94.96317291259766,
      "Text": "B-CD-CeA-",
      "TextType": "PRINTED",
      "Geometry": {
        "BoundingBox": {
          "Width": 0.08626100420951843,
          "Height": 0.029997553676366806,
          "Left": 0.18861331045627594,
          "Top": 0.6128231883049011
        },
        "Polygon": [
          {
            "X": 0.18861331045627594,
            "Y": 0.6128231883049011
          },
          {
            "X": 0.27483251690864563,
            "Y": 0.612937867641449
          },
          {
            "X": 0.27487432956695557,
            "Y": 0.6428207159042358
          },
          {
            "X": 0.18865244090557098,
            "Y": 0.6427138447761536
          }
        ]
      },
      "Id": "7b87fb7e-b025-4ed3-a197-5a3fa86c37c2",
      "Page": 1
    },
    {
      "BlockType": "WORD",
      "Confidence": 99.87370300292969,
      "Text": "8%",
      "TextType": "PRINTED",
      "Geometry": {
        "BoundingBox": {
          "Width": 0.022658348083496094,
          "Height": 0.025074707344174385,
          "Left": 0.3582943379878998,
          "Top": 0.6319748163223267
        },
        "Polygon": [
          {
            "X": 0.3582943379878998,
            "Y": 0.6319748163223267
          },
          {
            "X": 0.3809148669242859,
            "Y": 0.6320036053657532
          },
          {
            "X": 0.3809526860713959,
            "Y": 0.6570495367050171
          },
          {
            "X": 0.358331561088562,
            "Y": 0.6570224165916443
          }
        ]
      },
      "Id": "752e449d-f82d-4566-8ca0-94ad747bfeb8",
      "Page": 1
    },
    {
      "BlockType": "WORD",
      "Confidence": 99.96194458007812,
      "Text": "18%",
      "TextType": "PRINTED",
      "Geometry": {
        "BoundingBox": {
          "Width": 0.030022677034139633,
          "Height": 0.024566879495978355,
          "Left": 0.49204039573669434,
          "Top": 0.6323357224464417
        },
        "Polygon": [
          {
            "X": 0.49204039573669434,
            "Y": 0.6323357224464417
          },
          {
            "X": 0.5220224261283875,
            "Y": 0.6323738694190979
          },
          {
            "X": 0.5220630764961243,
            "Y": 0.6569026112556458
          },
          {
            "X": 0.4920802712440491,
            "Y": 0.656866729259491
          }
        ]
      },
      "Id": "284c6606-fd25-4e67-8c93-0683e35d95ab",
      "Page": 1
    },
    {
      "BlockType": "WORD",
      "Confidence": 99.95137786865234,
      "Text": "40%",
      "TextType": "PRINTED",
      "Geometry": {
        "BoundingBox": {
          "Width": 0.03253220021724701,
          "Height": 0.02594737336039543,
          "Left": 0.6266342997550964,
          "Top": 0.6315610408782959
        },
        "Polygon": [
          {
            "X": 0.6266342997550964,
            "Y": 0.6315610408782959
          },
          {
            "X": 0.6591199040412903,
            "Y": 0.6316024661064148
          },
          {
            "X": 0.6591665148735046,
            "Y": 0.6575084328651428
          },
          {
            "X": 0.6266800761222839,
            "Y": 0.6574695706367493
          }
        ]
      },
      "Id": "a5fa8004-86fe-4329-a930-35b0875761ce",
      "Page": 1
    },
    {
      "BlockType": "WORD",
      "Confidence": 99.90995788574219,
      "Text": "0%",
      "TextType": "PRINTED",
      "Geometry": {
        "BoundingBox": {
          "Width": 0.02294887788593769,
          "Height": 0.02521449699997902,
          "Left": 0.7688241600990295,
          "Top": 0.6318749189376831
        },
        "Polygon": [
          {
            "X": 0.7688241600990295,
            "Y": 0.6318749189376831
          },
          {
            "X": 0.7917242646217346,
            "Y": 0.6319040656089783
          },
          {
            "X": 0.7917730808258057,
            "Y": 0.6570894122123718
          },
          {
            "X": 0.7688723802566528,
            "Y": 0.6570619940757751
          }
        ]
      },
      "Id": "15326973-66a3-4388-85c5-12ada6866d56",
      "Page": 1
    },
    {
      "BlockType": "WORD",
      "Confidence": 99.73406219482422,
      "Text": "MGO",
      "TextType": "PRINTED",
      "Geometry": {
        "BoundingBox": {
          "Width": 0.04366546496748924,
          "Height": 0.024450793862342834,
          "Left": 0.21042118966579437,
          "Top": 0.6513723134994507
        },
        "Polygon": [
          {
            "X": 0.21042118966579437,
            "Y": 0.6513723134994507
          },
          {
            "X": 0.2540530562400818,
            "Y": 0.6514252424240112
          },
          {
            "X": 0.2540866434574127,
            "Y": 0.6758230924606323
          },
          {
            "X": 0.21045367419719696,
            "Y": 0.6757733821868896
          }
        ]
      },
      "Id": "f98718ae-d66d-4129-8a54-292c0f9ebe32",
      "Page": 1
    },
    {
      "BlockType": "TABLE",
      "Confidence": 99.853515625,
      "Geometry": {
        "BoundingBox": {
          "Width": 0.6823806762695312,
          "Height": 0.39692750573158264,
          "Left": 0.159401997923851,
          "Top": 0.2921783924102783
        },
        "Polygon": [
          {
            "X": 0.159401997923851,
            "Y": 0.2921783924102783
          },
          {
            "X": 0.8409959077835083,
            "Y": 0.29374852776527405
          },
          {
            "X": 0.8417826890945435,
            "Y": 0.6891059279441833
          },
          {
            "X": 0.1599086970090866,
            "Y": 0.6883552670478821
          }
        ]
      },
      "Id": "848a1c3e-f0d4-44c3-9de7-10c0b2ee2e03",
      "Relationships": [
        {
          "Type": "CHILD",
          "Ids": [
            "04a375c6-fefa-4c3a-8e7a-31a6c72c988f",
            "30224335-52ed-4e14-bd6a-9f52b9be86d9",
            "f1af48b4-0f26-44db-9f8b-e0404dea7b8d",
            "d64998fa-3bc7-424d-bc08-ee5ef61f0c48",
            "34d95bc7-f9f4-4c02-b53d-68f78ecb19e2",
            "357522e4-6b0c-4c90-8f4c-474f684970fe",
            "0c12ed86-f84c-4be9-b3ef-1a6fd56e0bd7",
            "a6665657-2d8c-48df-8f82-1b3d3aa6006d",
            "cdca1615-43aa-439b-8b2b-d63c7a8bd44c",
            "cb331a7e-5dce-4e2d-9c9c-c9fa5a792f85",
            "87cbaf66-8a3e-4649-9dfa-1407e51c7350",
            "5457d1e5-195a-4da7-a5de-40b7fba1bbe2",
            "35f980e8-d8ef-4e8e-9560-bcfa1b61c389",
            "f399ed1a-96d0-43a3-8fc2-3ef6a8fdbb5f",
            "b7fe28b1-8802-474f-a4a0-77216716d5bb",
            "93fecc73-6703-48d8-963a-84606dd85e76",
            "65347d48-3c52-4f3d-98fd-fe2de507cf3d",
            "b7c8c692-bcfe-43f5-a93e-6405d4efeef5",
            "2e78f38b-a2f3-4138-ad25-4fb3eccfa265",
            "15ec9864-00cf-48b3-af1e-45f16e11e23f",
            "de7c0859-2037-479e-b879-ecec3d9fd951",
            "c1f47437-3c1a-4948-8203-dd1ac5259d73",
            "ba8f025a-3641-4106-9f00-52e238d72e3a",
            "9f41f422-b01f-4ad3-9a47-469ca1dc9bd4",
            "477aa6cb-bca9-4315-b1b0-41b9464823aa",
            "be18d083-93fc-497d-a87f-63476073dc67",
            "3cdc9dcb-1f85-4d2e-be24-e66e3793c7b3",
            "07c73fdb-5f7d-4f3d-beec-1578aa6f64fe",
            "9d9a5400-b4c6-47ae-8c16-b04cb4679c6d",
            "0653659e-96f7-436f-b750-c9ba38a57f54"
          ]
        },
        {
          "Type": "MERGED_CELL",
          "Ids": [
            "8be08485-8ba0-4a6f-ac0c-5770a0bbd958"
          ]
        }
      ],
      "EntityTypes": [
        "STRUCTURED_TABLE"
      ],
      "Page": 1
    },
    {
      "BlockType": "CELL",
      "Confidence": 93.1640625,
      "RowIndex": 1,
      "ColumnIndex": 1,
      "RowSpan": 1,
      "ColumnSpan": 1,
      "Geometry": {
        "BoundingBox": {
          "Width": 0.14863251149654388,
          "Height": 0.07808291167020798,
          "Left": 0.159401997923851,
          "Top": 0.2921783924102783
        },
        "Polygon": [
          {
            "X": 0.159401997923851,
            "Y": 0.2921783924102783
          },
          {
            "X": 0.30792301893234253,
            "Y": 0.29252052307128906
          },
          {
            "X": 0.3080345094203949,
            "Y": 0.3702613115310669
          },
          {
            "X": 0.15950147807598114,
            "Y": 0.3699542284011841
          }
        ]
      },
      "Id": "04a375c6-fefa-4c3a-8e7a-31a6c72c988f",
      "Relationships": [
        {
          "Type": "CHILD",
          "Ids": [
            "11607cd8-a9b9-476b-bbf9-666a68f540f7"
          ]
        }
      ],
      "EntityTypes": [
        "COLUMN_HEADER"
      ],
      "Page": 1
    },
    {
      "BlockType": "CELL",
      "Confidence": 90.8203125,
      "RowIndex": 1,
      "ColumnIndex": 2,
      "RowSpan": 1,
      "ColumnSpan": 1,
      "Geometry": {
        "BoundingBox": {
          "Width": 0.13047219812870026,
          "Height": 0.07801029831171036,
          "Left": 0.30792301893234253,
          "Top": 0.29252052307128906
        },
        "Polygon": [
          {
            "X": 0.30792301893234253,
            "Y": 0.29252052307128906
          },
          {
            "X": 0.43827325105667114,
            "Y": 0.2928208112716675
          },
          {
            "X": 0.438395231962204,
            "Y": 0.3705308437347412
          },
          {
            "X": 0.3080345094203949,
            "Y": 0.3702613115310669
          }
        ]
      },
      "Id": "30224335-52ed-4e14-bd6a-9f52b9be86d9",
      "Relationships": [
        {
          "Type": "CHILD",
          "Ids": [
            "7043ff88-00b8-4cec-a0fb-33a9587a0d6a",
            "6ae2f615-4a7b-4d70-a7d0-16a4b1b5b8d6"
          ]
        }
      ],
      "EntityTypes": [
        "COLUMN_HEADER"
      ],
      "Page": 1
    },
    {
      "BlockType": "CELL",
      "Confidence": 93.45703125,
      "RowIndex": 1,
      "ColumnIndex": 3,
      "RowSpan": 1,
      "ColumnSpan": 1,
      "Geometry": {
        "BoundingBox": {
          "Width": 0.13828659057617188,
          "Height": 0.0779956802725792,
          "Left": 0.43827325105667114,
          "Top": 0.2928208112716675
        },
        "Polygon": [
          {
            "X": 0.43827325105667114,
            "Y": 0.2928208112716675
          },
          {
            "X": 0.5764266848564148,
            "Y": 0.2931390404701233
          },
          {
            "X": 0.576559841632843,
            "Y": 0.3708164691925049
          },
          {
            "X": 0.438395231962204,
            "Y": 0.3705308437347412
          }
        ]
      },
      "Id": "f1af48b4-0f26-44db-9f8b-e0404dea7b8d",
      "Relationships": [
        {
          "Type": "CHILD",
          "Ids": [
            "3fcff54b-3f99-4ebe-b092-d1a1a1348ca5",
            "126b303c-642c-446c-a0bf-e4e50f3dc23f"
          ]
        }
      ],
      "EntityTypes": [
        "COLUMN_HEADER"
      ],
      "Page": 1
    },
    {
      "BlockType": "CELL",
      "Confidence": 93.26171875,
      "RowIndex": 1,
      "ColumnIndex": 4,
      "RowSpan": 1,
      "ColumnSpan": 1,
      "Geometry": {
        "BoundingBox": {
          "Width": 0.13712841272354126,
          "Height": 0.07796066254377365,
          "Left": 0.5764266848564148,
          "Top": 0.2931390404701233
        },
        "Polygon": [
          {
            "X": 0.5764266848564148,
            "Y": 0.2931390404701233
          },
          {
            "X": 0.7134109139442444,
            "Y": 0.2934546172618866
          },
          {
            "X": 0.713555097579956,
            "Y": 0.37109971046447754
          },
          {
            "X": 0.576559841632843,
            "Y": 0.3708164691925049
          }
        ]
      },
      "Id": "d64998fa-3bc7-424d-bc08-ee5ef61f0c48",
      "Relationships": [
        {
          "Type": "CHILD",
          "Ids": [
            "d1de24e6-74a7-48ef-9cfe-1e8b7bb45e86",
            "67eaa80b-000a-4a5c-9d95-9deadea96e44"
          ]
        }
      ],
      "EntityTypes": [
        "COLUMN_HEADER"
      ],
      "Page": 1
    },
    {
      "BlockType": "CELL",
      "Confidence": 92.431640625,
      "RowIndex": 1,
      "ColumnIndex": 5,
      "RowSpan": 1,
      "ColumnSpan": 1,
      "Geometry": {
        "BoundingBox": {
          "Width": 0.12773942947387695,
          "Height": 0.07790890336036682,
          "Left": 0.7134109139442444,
          "Top": 0.2934546172618866
        },
        "Polygon": [
          {
            "X": 0.7134109139442444,
            "Y": 0.2934546172618866
          },
          {
            "X": 0.8409959077835083,
            "Y": 0.29374852776527405
          },
          {
            "X": 0.8411503434181213,
            "Y": 0.3713635206222534
          },
          {
            "X": 0.713555097579956,
            "Y": 0.37109971046447754
          }
        ]
      },
      "Id": "34d95bc7-f9f4-4c02-b53d-68f78ecb19e2",
      "Relationships": [
        {
          "Type": "CHILD",
          "Ids": [
            "4bf92837-a4e9-4d84-9e35-dafcce996558",
            "e394b293-6d69-496b-8e9c-10422d6eb3f1"
          ]
        }
      ],
      "EntityTypes": [
        "COLUMN_HEADER"
      ],
      "Page": 1
    },
    {
      "BlockType": "CELL",
      "Confidence": 91.552734375,
      "RowIndex": 2,
      "ColumnIndex": 1,
      "RowSpan": 1,
      "ColumnSpan": 1,
      "Geometry": {
        "BoundingBox": {
          "Width": 0.14864517748355865,
          "Height": 0.07851553708314896,
          "Left": 0.15950147807598114,
          "Top": 0.3699542284011841
        },
        "Polygon": [
          {
            "X": 0.15950147807598114,
            "Y": 0.3699542284011841
          },
          {
            "X": 0.3080345094203949,
            "Y": 0.3702613115310669
          },
          {
            "X": 0.3081466555595398,
            "Y": 0.44846975803375244
          },
          {
            "X": 0.15960153937339783,
            "Y": 0.4481979310512543
          }
        ]
      },
      "Id": "357522e4-6b0c-4c90-8f4c-474f684970fe",
      "Relationships": [
        {
          "Type": "CHILD",
          "Ids": [
            "c61366bc-cc85-4aca-91df-8c11a09037d9"
          ]
        }
      ],
      "Page": 1
    },
    {
      "BlockType": "CELL",
      "Confidence": 89.2578125,
      "RowIndex": 2,
      "ColumnIndex": 2,
      "RowSpan": 1,
      "ColumnSpan": 1,
      "Geometry": {
        "BoundingBox": {
          "Width": 0.1304834634065628,
          "Height": 0.07844701409339905,
          "Left": 0.3080345094203949,
          "Top": 0.3702613115310669
        },
        "Polygon": [
          {
            "X": 0.3080345094203949,
            "Y": 0.3702613115310669
          },
          {
            "X": 0.438395231962204,
            "Y": 0.3705308437347412
          },
          {
            "X": 0.4385179579257965,
            "Y": 0.44870832562446594
          },
          {
            "X": 0.3081466555595398,
            "Y": 0.44846975803375244
          }
        ]
      },
      "Id": "0c12ed86-f84c-4be9-b3ef-1a6fd56e0bd7",
      "Relationships": [
        {
          "Type": "CHILD",
          "Ids": [
            "1de11e30-a94a-45b0-bcf5-215c90c9d2db"
          ]
        }
      ],
      "Page": 1
    },
    {
      "BlockType": "CELL",
      "Confidence": 91.845703125,
      "RowIndex": 2,
      "ColumnIndex": 3,
      "RowSpan": 1,
      "ColumnSpan": 1,
      "Geometry": {
        "BoundingBox": {
          "Width": 0.13829854130744934,
          "Height": 0.07843035459518433,
          "Left": 0.438395231962204,
          "Top": 0.3705308437347412
        },
        "Polygon": [
          {
            "X": 0.438395231962204,
            "Y": 0.3705308437347412
          },
          {
            "X": 0.576559841632843,
            "Y": 0.3708164691925049
          },
          {
            "X": 0.5766937732696533,
            "Y": 0.44896116852760315
          },
          {
            "X": 0.4385179579257965,
            "Y": 0.44870832562446594
          }
        ]
      },
      "Id": "a6665657-2d8c-48df-8f82-1b3d3aa6006d",
      "Relationships": [
        {
          "Type": "CHILD",
          "Ids": [
            "4e89f9c3-b13d-47cd-8bd8-eedd0df9f587"
          ]
        }
      ],
      "Page": 1
    },
    {
      "BlockType": "CELL",
      "Confidence": 91.650390625,
      "RowIndex": 2,
      "ColumnIndex": 4,
      "RowSpan": 1,
      "ColumnSpan": 1,
      "Geometry": {
        "BoundingBox": {
          "Width": 0.13714031875133514,
          "Height": 0.07839541137218475,
          "Left": 0.576559841632843,
          "Top": 0.3708164691925049
        },
        "Polygon": [
          {
            "X": 0.576559841632843,
            "Y": 0.3708164691925049
          },
          {
            "X": 0.713555097579956,
            "Y": 0.37109971046447754
          },
          {
            "X": 0.7137001752853394,
            "Y": 0.44921189546585083
          },
          {
            "X": 0.5766937732696533,
            "Y": 0.44896116852760315
          }
        ]
      },
      "Id": "cdca1615-43aa-439b-8b2b-d63c7a8bd44c",
      "Relationships": [
        {
          "Type": "CHILD",
          "Ids": [
            "16abccc3-5dc5-4be2-9cf7-8ef935e0b0cc"
          ]
        }
      ],
      "Page": 1
    },
    {
      "BlockType": "CELL",
      "Confidence": 90.771484375,
      "RowIndex": 2,
      "ColumnIndex": 5,
      "RowSpan": 1,
      "ColumnSpan": 1,
      "Geometry": {
        "BoundingBox": {
          "Width": 0.12775063514709473,
          "Height": 0.07834568619728088,
          "Left": 0.713555097579956,
          "Top": 0.37109971046447754
        },
        "Polygon": [
          {
            "X": 0.713555097579956,
            "Y": 0.37109971046447754
          },
          {
            "X": 0.8411503434181213,
            "Y": 0.3713635206222534
          },
          {
            "X": 0.8413057327270508,
            "Y": 0.4494453966617584
          },
          {
            "X": 0.7137001752853394,
            "Y": 0.44921189546585083
          }
        ]
      },
      "Id": "cb331a7e-5dce-4e2d-9c9c-c9fa5a792f85",
      "Relationships": [
        {
          "Type": "CHILD",
          "Ids": [
            "11169af7-0eb8-44f3-ab0d-c0859a8d0afd"
          ]
        }
      ],
      "Page": 1
    },
    {
      "BlockType": "CELL",
      "Confidence": 91.357421875,
      "RowIndex": 3,
      "ColumnIndex": 1,
      "RowSpan": 1,
      "ColumnSpan": 1,
      "Geometry": {
        "BoundingBox": {
          "Width": 0.14865586161613464,
          "Height": 0.07751519232988358,
          "Left": 0.15960153937339783,
          "Top": 0.4481979310512543
        },
        "Polygon": [
          {
            "X": 0.15960153937339783,
            "Y": 0.4481979310512543
          },
          {
            "X": 0.3081466555595398,
            "Y": 0.44846975803375244
          },
          {
            "X": 0.30825740098953247,
            "Y": 0.5257131457328796
          },
          {
            "X": 0.15970037877559662,
            "Y": 0.5254760980606079
          }
        ]
      },
      "Id": "87cbaf66-8a3e-4649-9dfa-1407e51c7350",
      "Relationships": [
        {
          "Type": "CHILD",
          "Ids": [
            "f7d3d625-9693-4553-85b5-b0a453efef11"
          ]
        }
      ],
      "Page": 1
    },
    {
      "BlockType": "CELL",
      "Confidence": 89.0625,
      "RowIndex": 3,
      "ColumnIndex": 2,
      "RowSpan": 1,
      "ColumnSpan": 1,
      "Geometry": {
        "BoundingBox": {
          "Width": 0.13049253821372986,
          "Height": 0.07745136320590973,
          "Left": 0.3081466555595398,
          "Top": 0.44846975803375244
        },
        "Polygon": [
          {
            "X": 0.3081466555595398,
            "Y": 0.44846975803375244
          },
          {
            "X": 0.4385179579257965,
            "Y": 0.44870832562446594
          },
          {
            "X": 0.43863919377326965,
            "Y": 0.525921106338501
          },
          {
            "X": 0.30825740098953247,
            "Y": 0.5257131457328796
          }
        ]
      },
      "Id": "5457d1e5-195a-4da7-a5de-40b7fba1bbe2",
      "Relationships": [
        {
          "Type": "CHILD",
          "Ids": [
            "a4129dac-4af1-4a3d-b9ef-251b7d52c141"
          ]
        }
      ],
      "Page": 1
    },
    {
      "BlockType": "CELL",
      "Confidence": 91.650390625,
      "RowIndex": 3,
      "ColumnIndex": 3,
      "RowSpan": 1,
      "ColumnSpan": 1,
      "Geometry": {
        "BoundingBox": {
          "Width": 0.1383080929517746,
          "Height": 0.07743325084447861,
          "Left": 0.4385179579257965,
          "Top": 0.44870832562446594
        },
        "Polygon": [
          {
            "X": 0.4385179579257965,
            "Y": 0.44870832562446594
          },
          {
            "X": 0.5766937732696533,
            "Y": 0.44896116852760315
          },
          {
            "X": 0.5768260955810547,
            "Y": 0.5261415839195251
          },
          {
            "X": 0.43863919377326965,
            "Y": 0.525921106338501
          }
        ]
      },
      "Id": "35f980e8-d8ef-4e8e-9560-bcfa1b61c389",
      "Relationships": [
        {
          "Type": "CHILD",
          "Ids": [
            "36177605-1544-46a2-bbfb-d1e258c2b031"
          ]
        }
      ],
      "Page": 1
    },
    {
      "BlockType": "CELL",
      "Confidence": 91.455078125,
      "RowIndex": 3,
      "ColumnIndex": 4,
      "RowSpan": 1,
      "ColumnSpan": 1,
      "Geometry": {
        "BoundingBox": {
          "Width": 0.1371496319770813,
          "Height": 0.07739898562431335,
          "Left": 0.5766937732696533,
          "Top": 0.44896116852760315
        },
        "Polygon": [
          {
            "X": 0.5766937732696533,
            "Y": 0.44896116852760315
          },
          {
            "X": 0.7137001752853394,
            "Y": 0.44921189546585083
          },
          {
            "X": 0.7138434052467346,
            "Y": 0.5263601541519165
          },
          {
            "X": 0.5768260955810547,
            "Y": 0.5261415839195251
          }
        ]
      },
      "Id": "f399ed1a-96d0-43a3-8fc2-3ef6a8fdbb5f",
      "Relationships": [
        {
          "Type": "CHILD",
          "Ids": [
            "81f9da66-5b26-4701-a521-dd7f5749dccc"
          ]
        }
      ],
      "Page": 1
    },
    {
      "BlockType": "CELL",
      "Confidence": 90.625,
      "RowIndex": 3,
      "ColumnIndex": 5,
      "RowSpan": 1,
      "ColumnSpan": 1,
      "Geometry": {
        "BoundingBox": {
          "Width": 0.12775905430316925,
          "Height": 0.07735186070203781,
          "Left": 0.7137001752853394,
          "Top": 0.44921189546585083
        },
        "Polygon": [
          {
            "X": 0.7137001752853394,
            "Y": 0.44921189546585083
          },
          {
            "X": 0.8413057327270508,
            "Y": 0.4494453966617584
          },
          {
            "X": 0.8414592146873474,
            "Y": 0.5265637636184692
          },
          {
            "X": 0.7138434052467346,
            "Y": 0.5263601541519165
          }
        ]
      },
      "Id": "b7fe28b1-8802-474f-a4a0-77216716d5bb",
      "Relationships": [
        {
          "Type": "CHILD",
          "Ids": [
            "2b384afa-6d93-4f08-8848-d62d7bc5448a"
          ]
        }
      ],
      "Page": 1
    },
    {
      "BlockType": "CELL",
      "Confidence": 91.455078125,
      "RowIndex": 4,
      "ColumnIndex": 1,
      "RowSpan": 1,
      "ColumnSpan": 1,
      "Geometry": {
        "BoundingBox": {
          "Width": 0.14866921305656433,
          "Height": 0.07847081124782562,
          "Left": 0.15970037877559662,
          "Top": 0.5254760980606079
        },
        "Polygon": [
          {
            "X": 0.15970037877559662,
            "Y": 0.5254760980606079
          },
          {
            "X": 0.30825740098953247,
            "Y": 0.5257131457328796
          },
          {
            "X": 0.30836960673332214,
            "Y": 0.6039469242095947
          },
          {
            "X": 0.1598004847764969,
            "Y": 0.6037452220916748
          }
        ]
      },
      "Id": "93fecc73-6703-48d8-963a-84606dd85e76",
      "Relationships": [
        {
          "Type": "CHILD",
          "Ids": [
            "73a3c6ea-02eb-41c0-b4ec-e7747fa34217"
          ]
        }
      ],
      "Page": 1
    },
    {
      "BlockType": "CELL",
      "Confidence": 89.16015625,
      "RowIndex": 4,
      "ColumnIndex": 2,
      "RowSpan": 1,
      "ColumnSpan": 1,
      "Geometry": {
        "BoundingBox": {
          "Width": 0.1305045485496521,
          "Height": 0.07841084897518158,
          "Left": 0.30825740098953247,
          "Top": 0.5257131457328796
        },
        "Polygon": [
          {
            "X": 0.30825740098953247,
            "Y": 0.5257131457328796
          },
          {
            "X": 0.43863919377326965,
            "Y": 0.525921106338501
          },
          {
            "X": 0.43876194953918457,
            "Y": 0.6041239500045776
          },
          {
            "X": 0.30836960673332214,
            "Y": 0.6039469242095947
          }
        ]
      },
      "Id": "65347d48-3c52-4f3d-98fd-fe2de507cf3d",
      "Relationships": [
        {
          "Type": "CHILD",
          "Ids": [
            "83966c22-ce27-4ff2-8a6e-39dda87cf927"
          ]
        }
      ],
      "Page": 1
    },
    {
      "BlockType": "CELL",
      "Confidence": 91.748046875,
      "RowIndex": 4,
      "ColumnIndex": 3,
      "RowSpan": 1,
      "ColumnSpan": 1,
      "Geometry": {
        "BoundingBox": {
          "Width": 0.13832086324691772,
          "Height": 0.07839047908782959,
          "Left": 0.43863919377326965,
          "Top": 0.525921106338501
        },
        "Polygon": [
          {
            "X": 0.43863919377326965,
            "Y": 0.525921106338501
          },
          {
            "X": 0.5768260955810547,
            "Y": 0.5261415839195251
          },
          {
            "X": 0.576960027217865,
            "Y": 0.6043115854263306
          },
          {
            "X": 0.43876194953918457,
            "Y": 0.6041239500045776
          }
        ]
      },
      "Id": "b7c8c692-bcfe-43f5-a93e-6405d4efeef5",
      "Relationships": [
        {
          "Type": "CHILD",
          "Ids": [
            "607084f9-820e-41b8-ac41-bf6fc8fb4307"
          ]
        }
      ],
      "Page": 1
    },
    {
      "BlockType": "CELL",
      "Confidence": 91.552734375,
      "RowIndex": 4,
      "ColumnIndex": 4,
      "RowSpan": 1,
      "ColumnSpan": 1,
      "Geometry": {
        "BoundingBox": {
          "Width": 0.137162446975708,
          "Height": 0.078356072306633,
          "Left": 0.5768260955810547,
          "Top": 0.5261415839195251
        },
        "Polygon": [
          {
            "X": 0.5768260955810547,
            "Y": 0.5261415839195251
          },
          {
            "X": 0.7138434052467346,
            "Y": 0.5263601541519165
          },
          {
            "X": 0.7139884829521179,
            "Y": 0.6044976711273193
          },
          {
            "X": 0.576960027217865,
            "Y": 0.6043115854263306
          }
        ]
      },
      "Id": "2e78f38b-a2f3-4138-ad25-4fb3eccfa265",
      "Relationships": [
        {
          "Type": "CHILD",
          "Ids": [
            "affc6e5f-3fc2-4fe7-9fbf-3facec04afe2"
          ]
        }
      ],
      "Page": 1
    },
    {
      "BlockType": "CELL",
      "Confidence": 90.72265625,
      "RowIndex": 4,
      "ColumnIndex": 5,
      "RowSpan": 1,
      "ColumnSpan": 1,
      "Geometry": {
        "BoundingBox": {
          "Width": 0.12777122855186462,
          "Height": 0.0783107653260231,
          "Left": 0.7138434052467346,
          "Top": 0.5263601541519165
        },
        "Polygon": [
          {
            "X": 0.7138434052467346,
            "Y": 0.5263601541519165
          },
          {
            "X": 0.8414592146873474,
            "Y": 0.5265637636184692
          },
          {
            "X": 0.8416146636009216,
            "Y": 0.6046709418296814
          },
          {
            "X": 0.7139884829521179,
            "Y": 0.6044976711273193
          }
        ]
      },
      "Id": "15ec9864-00cf-48b3-af1e-45f16e11e23f",
      "Relationships": [
        {
          "Type": "CHILD",
          "Ids": [
            "bbeb2353-4767-4560-a625-bb31afd77134"
          ]
        }
      ],
      "Page": 1
    },
    {
      "BlockType": "CELL",
      "Confidence": 93.505859375,
      "RowIndex": 5,
      "ColumnIndex": 1,
      "RowSpan": 1,
      "ColumnSpan": 1,
      "Geometry": {
        "BoundingBox": {
          "Width": 0.14868131279945374,
          "Height": 0.07844829559326172,
          "Left": 0.1598004847764969,
          "Top": 0.6037452220916748
        },
        "Polygon": [
          {
            "X": 0.1598004847764969,
            "Y": 0.6037452220916748
          },
          {
            "X": 0.30836960673332214,
            "Y": 0.6039469242095947
          },
          {
            "X": 0.30848178267478943,
            "Y": 0.6821935176849365
          },
          {
            "X": 0.15990060567855835,
            "Y": 0.6820271015167236
          }
        ]
      },
      "Id": "de7c0859-2037-479e-b879-ecec3d9fd951",
      "Relationships": [
        {
          "Type": "CHILD",
          "Ids": [
            "7b87fb7e-b025-4ed3-a197-5a3fa86c37c2",
            "f98718ae-d66d-4129-8a54-292c0f9ebe32"
          ]
        }
      ],
      "Page": 1
    },
    {
      "BlockType": "CELL",
      "Confidence": 91.162109375,
      "RowIndex": 5,
      "ColumnIndex": 2,
      "RowSpan": 1,
      "ColumnSpan": 1,
      "Geometry": {
        "BoundingBox": {
          "Width": 0.13051515817642212,
          "Height": 0.0783926397562027,
          "Left": 0.30836960673332214,
          "Top": 0.6039469242095947
        },
        "Polygon": [
          {
            "X": 0.30836960673332214,
            "Y": 0.6039469242095947
          },
          {
            "X": 0.43876194953918457,
            "Y": 0.6041239500045776
          },
          {
            "X": 0.43888476490974426,
            "Y": 0.6823395490646362
          },
          {
            "X": 0.30848178267478943,
            "Y": 0.6821935176849365
          }
        ]
      },
      "Id": "c1f47437-3c1a-4948-8203-dd1ac5259d73",
      "Relationships": [
        {
          "Type": "CHILD",
          "Ids": [
            "752e449d-f82d-4566-8ca0-94ad747bfeb8"
          ]
        }
      ],
      "Page": 1
    },
    {
      "BlockType": "CELL",
      "Confidence": 93.798828125,
      "RowIndex": 5,
      "ColumnIndex": 3,
      "RowSpan": 1,
      "ColumnSpan": 1,
      "Geometry": {
        "BoundingBox": {
          "Width": 0.13833209872245789,
          "Height": 0.07837040722370148,
          "Left": 0.43876194953918457,
          "Top": 0.6041239500045776
        },
        "Polygon": [
          {
            "X": 0.43876194953918457,
            "Y": 0.6041239500045776
          },
          {
            "X": 0.576960027217865,
            "Y": 0.6043115854263306
          },
          {
            "X": 0.5770940780639648,
            "Y": 0.6824944019317627
          },
          {
            "X": 0.43888476490974426,
            "Y": 0.6823395490646362
          }
        ]
      },
      "Id": "ba8f025a-3641-4106-9f00-52e238d72e3a",
      "Relationships": [
        {
          "Type": "CHILD",
          "Ids": [
            "284c6606-fd25-4e67-8c93-0683e35d95ab"
          ]
        }
      ],
      "Page": 1
    },
    {
      "BlockType": "CELL",
      "Confidence": 93.603515625,
      "RowIndex": 5,
      "ColumnIndex": 4,
      "RowSpan": 1,
      "ColumnSpan": 1,
      "Geometry": {
        "BoundingBox": {
          "Width": 0.1371735781431198,
          "Height": 0.07833626866340637,
          "Left": 0.576960027217865,
          "Top": 0.6043115854263306
        },
        "Polygon": [
          {
            "X": 0.576960027217865,
            "Y": 0.6043115854263306
          },
          {
            "X": 0.7139884829521179,
            "Y": 0.6044976711273193
          },
          {
            "X": 0.714133620262146,
            "Y": 0.6826478838920593
          },
          {
            "X": 0.5770940780639648,
            "Y": 0.6824944019317627
          }
        ]
      },
      "Id": "9f41f422-b01f-4ad3-9a47-469ca1dc9bd4",
      "Relationships": [
        {
          "Type": "CHILD",
          "Ids": [
            "a5fa8004-86fe-4329-a930-35b0875761ce"
          ]
        }
      ],
      "Page": 1
    },
    {
      "BlockType": "CELL",
      "Confidence": 92.724609375,
      "RowIndex": 5,
      "ColumnIndex": 5,
      "RowSpan": 1,
      "ColumnSpan": 1,
      "Geometry": {
        "BoundingBox": {
          "Width": 0.12778159976005554,
          "Height": 0.07829318195581436,
          "Left": 0.7139884829521179,
          "Top": 0.6044976711273193
        },
        "Polygon": [
          {
            "X": 0.7139884829521179,
            "Y": 0.6044976711273193
          },
          {
            "X": 0.8416146636009216,
            "Y": 0.6046709418296814
          },
          {
            "X": 0.8417701125144958,
            "Y": 0.6827908158302307
          },
          {
            "X": 0.714133620262146,
            "Y": 0.6826478838920593
          }
        ]
      },
      "Id": "477aa6cb-bca9-4315-b1b0-41b9464823aa",
      "Relationships": [
        {
          "Type": "CHILD",
          "Ids": [
            "15326973-66a3-4388-85c5-12ada6866d56"
          ]
        }
      ],
      "Page": 1
    },
    {
      "BlockType": "CELL",
      "Confidence": 40.0390625,
      "RowIndex": 6,
      "ColumnIndex": 1,
      "RowSpan": 1,
      "ColumnSpan": 1,
      "Geometry": {
        "BoundingBox": {
          "Width": 0.14848728477954865,
          "Height": 0.006035311613231897,
          "Left": 0.1600029319524765,
          "Top": 0.6820272207260132
        },
        "Polygon": [
          {
            "X": 0.1600029319524765,
            "Y": 0.6820272207260132
          },
          {
            "X": 0.30848178267478943,
            "Y": 0.6821935176849365
          },
          {
            "X": 0.30849021673202515,
            "Y": 0.6880625486373901
          },
          {
            "X": 0.1600104421377182,
            "Y": 0.6878988742828369
          }
        ]
      },
      "Id": "be18d083-93fc-497d-a87f-63476073dc67",
      "Page": 1
    },
    {
      "BlockType": "CELL",
      "Confidence": 40.0390625,
      "RowIndex": 6,
      "ColumnIndex": 2,
      "RowSpan": 1,
      "ColumnSpan": 1,
      "Geometry": {
        "BoundingBox": {
          "Width": 0.13041216135025024,
          "Height": 0.006012742407619953,
          "Left": 0.30848178267478943,
          "Top": 0.6821935176849365
        },
        "Polygon": [
          {
            "X": 0.30848178267478943,
            "Y": 0.6821935176849365
          },
          {
            "X": 0.43888476490974426,
            "Y": 0.6823395490646362
          },
          {
            "X": 0.43889397382736206,
            "Y": 0.6882062554359436
          },
          {
            "X": 0.30849021673202515,
            "Y": 0.6880625486373901
          }
        ]
      },
      "Id": "3cdc9dcb-1f85-4d2e-be24-e66e3793c7b3",
      "Page": 1
    },
    {
      "BlockType": "CELL",
      "Confidence": 40.0390625,
      "RowIndex": 6,
      "ColumnIndex": 3,
      "RowSpan": 1,
      "ColumnSpan": 1,
      "Geometry": {
        "BoundingBox": {
          "Width": 0.13821935653686523,
          "Height": 0.006019022781401873,
          "Left": 0.43888476490974426,
          "Top": 0.6823395490646362
        },
        "Polygon": [
          {
            "X": 0.43888476490974426,
            "Y": 0.6823395490646362
          },
          {
            "X": 0.5770940780639648,
            "Y": 0.6824944019317627
          },
          {
            "X": 0.5771040916442871,
            "Y": 0.6883586049079895
          },
          {
            "X": 0.43889397382736206,
            "Y": 0.6882062554359436
          }
        ]
      },
      "Id": "07c73fdb-5f7d-4f3d-beec-1578aa6f64fe",
      "Page": 1
    },
    {
      "BlockType": "CELL",
      "Confidence": 40.0390625,
      "RowIndex": 6,
      "ColumnIndex": 4,
      "RowSpan": 1,
      "ColumnSpan": 1,
      "Geometry": {
        "BoundingBox": {
          "Width": 0.13705044984817505,
          "Height": 0.006015270948410034,
          "Left": 0.5770940780639648,
          "Top": 0.6824944019317627
        },
        "Polygon": [
          {
            "X": 0.5770940780639648,
            "Y": 0.6824944019317627
          },
          {
            "X": 0.714133620262146,
            "Y": 0.6826478838920593
          },
          {
            "X": 0.7141445279121399,
            "Y": 0.6885096430778503
          },
          {
            "X": 0.5771040916442871,
            "Y": 0.6883586049079895
          }
        ]
      },
      "Id": "9d9a5400-b4c6-47ae-8c16-b04cb4679c6d",
      "Page": 1
    },
    {
      "BlockType": "CELL",
      "Confidence": 40.0390625,
      "RowIndex": 6,
      "ColumnIndex": 5,
      "RowSpan": 1,
      "ColumnSpan": 1,
      "Geometry": {
        "BoundingBox": {
          "Width": 0.12746132910251617,
          "Height": 0.006002258509397507,
          "Left": 0.714133620262146,
          "Top": 0.6826478838920593
        },
        "Polygon": [
          {
            "X": 0.714133620262146,
            "Y": 0.6826478838920593
          },
          {
            "X": 0.8415833115577698,
            "Y": 0.6827906370162964
          },
          {
            "X": 0.841594934463501,
            "Y": 0.6886501312255859
          },
          {
            "X": 0.7141445279121399,
            "Y": 0.6885096430778503
          }
        ]
      },
      "Id": "0653659e-96f7-436f-b750-c9ba38a57f54",
      "Page": 1
    },
    {
      "BlockType": "MERGED_CELL",
      "Confidence": 40.0390625,
      "RowIndex": 6,
      "ColumnIndex": 1,
      "RowSpan": 1,
      "ColumnSpan": 5,
      "Geometry": {
        "BoundingBox": {
          "Width": 0.6818820834159851,
          "Height": 0.007078802678734064,
          "Left": 0.15990060567855835,
          "Top": 0.6820271015167236
        },
        "Polygon": [
          {
            "X": 0.15990060567855835,
            "Y": 0.6820271015167236
          },
          {
            "X": 0.8417701125144958,
            "Y": 0.6827908158302307
          },
          {
            "X": 0.8417826890945435,
            "Y": 0.6891059279441833
          },
          {
            "X": 0.1599086970090866,
            "Y": 0.6883552670478821
          }
        ]
      },
      "Id": "8be08485-8ba0-4a6f-ac0c-5770a0bbd958",
      "Relationships": [
        {
          "Type": "CHILD",
          "Ids": [
            "be18d083-93fc-497d-a87f-63476073dc67",
            "3cdc9dcb-1f85-4d2e-be24-e66e3793c7b3",
            "07c73fdb-5f7d-4f3d-beec-1578aa6f64fe",
            "9d9a5400-b4c6-47ae-8c16-b04cb4679c6d",
            "0653659e-96f7-436f-b750-c9ba38a57f54"
          ]
        }
      ],
      "Page": 1
    }
  ],
  "AnalyzeDocumentModelVersion": "1.0"
}