{
  "DocumentMetadata": {
    "Pages": 1
  },
  "JobStatus": "SUCCEEDED",
  "Blocks": [
    {
      "BlockType": "PAGE",
      "Geometry": {
        "BoundingBox": {
          "Width": 0.5336662530899048,
          "Height": 0.23925264179706573,
          "Left": 0.22965304553508759,
          "Top": 0.3827137351036072
        },
        "Polygon": [
          {
            "X": 0.23052412271499634,
            "Y": 0.3827137351036072
          },
          {
            "X": 0.7628778219223022,
            "Y": 0.3830626904964447
          },
          {
            "X": 0.7633192539215088,
            "Y": 0.6219663619995117
          },
          {
            "X": 0.22965304553508759,
            "Y": 0.621176540851593
          }
        ]
      },
      "Id": "8b10fa36-8f43-4cf2-9754-d1e1808bd47f",
      "Relationships": [
        {
          "Type": "CHILD",
          "Ids": [
            "a6b30a7f-08c3-42a5-9ca4-daa50e1b8511",
            "add9c4f1-1b28-400f-b72e-e2c3c4a05926",
            "fb1b93f0-f08d-4f09-93f5-611ebef7b117",
            "1a4845f9-bae4-40cc-985c-c86ba4690f86",
            "44757ed4-ad06-4ffa-b64a-a346a80df97c",
            "78377b63-83ca-4969-86c8-32fb090046a5",
            "c2929b93-fc36-49e6-828b-fe12dfc00cc3",
            "273c98f5-e938-482e-ac9a-6d24cdd60400",
            "ca06f3e9-93c2-4094-acff-e7944b303a5d",
            "80d58593-174e-4107-9c33-56f6761181d5",
            "381cde64-78e3-40d4-9b2f-bf80538f5b63",
            "fd673379-be11-4db2-ab97-93fa4e47d594",
            "bac3bb77-53f6-4f5e-866e-1304407372a2",
            "75e30b0f-0321-478b-9806-8a8ba08abba3",
            "35a7cd48-aadb-4d49-9648-9576f2ce2b07",
            "ad8c3446-1804-453c-b271-c101b12e4be4",
            "25801353-c56c-459b-ab76-8241e051ad33",
            "ecef8bfa-53b4-4648-84b4-fed5d98d210b",
            "0a5f1885-e7ab-47d5-92d7-80a5f61d7d0a"
          ]
        }
      ],
      "Page": 1
    },
    {
      "BlockType": "LINE",
      "Confidence": 75.04647064208984,
      "Text": "F (N)",
      "Geometry": {
        "BoundingBox": {
          "Width": 0.04383351281285286,
          "Height": 0.027920030057430267,
          "Left": 0.4768608808517456,
          "Top": 0.41874179244041443
        },
        "Polygon": [
          {
            "X": 0.47689175605773926,
            "Y": 0.41874179244041443
          },
          {
            "X": 0.5206944346427917,
            "Y": 0.4187759459018707
          },
          {
            "X": 0.5206761360168457,
            "Y": 0.4466618299484253
          },
          {
            "X": 0.4768608808517456,
            "Y": 0.44662344455718994
          }
        ]
      },
      "Id": "a6b30a7f-08c3-42a5-9ca4-daa50e1b8511",
      "Relationships": [
        {
          "Type": "CHILD",
          "Ids": [
            "807fdbcb-5c33-4d44-a9c1-66ba4ce957d5",
            "3a527641-46aa-47f8-8ace-144d41ba3c4d"
          ]
        }
      ],
      "Page": 1
    },
    {
      "BlockType": "LINE",
      "Confidence": 87.70578002929688,
      "Text": "Al (mm)",
      "Geometry": {
        "BoundingBox": {
          "Width": 0.060223184525966644,
          "Height": 0.029271310195326805,
          "Left": 0.580181896686554,
          "Top": 0.4181229770183563
        },
        "Polygon": [
          {
            "X": 0.5801830291748047,
            "Y": 0.4181229770183563
          },
          {
            "X": 0.6403880715370178,
            "Y": 0.418169766664505
          },
          {
            "X": 0.6404050588607788,
            "Y": 0.4473942816257477
          },
          {
            "X": 0.580181896686554,
            "Y": 0.4473414123058319
          }
        ]
      },
      "Id": "add9c4f1-1b28-400f-b72e-e2c3c4a05926",
      "Relationships": [
        {
          "Type": "CHILD",
          "Ids": [
            "9440d997-6b67-4e39-a2aa-febf00413a8b",
            "08980dfe-ae50-4400-a2c5-27d6527dbea9"
          ]
        }
      ],
      "Page": 1
    },
    {
      "BlockType": "LINE",
      "Confidence": 82.81141662597656,
      "Text": "W1 (mJ)",
      "Geometry": {
        "BoundingBox": {
          "Width": 0.05797887220978737,
          "Height": 0.029355766251683235,
          "Left": 0.6858991384506226,
          "Top": 0.4183872640132904
        },
        "Polygon": [
          {
            "X": 0.6858991384506226,
            "Y": 0.4183872640132904
          },
          {
            "X": 0.7438296675682068,
            "Y": 0.4184322953224182
          },
          {
            "X": 0.7438780069351196,
            "Y": 0.4477430284023285
          },
          {
            "X": 0.6859299540519714,
            "Y": 0.4476920962333679
          }
        ]
      },
      "Id": "fb1b93f0-f08d-4f09-93f5-611ebef7b117",
      "Relationships": [
        {
          "Type": "CHILD",
          "Ids": [
            "4f0fddac-7a3e-4e71-82ef-b94404ff9bb1",
            "101f8ae7-a92f-4148-89e6-66fcf3f94ec5"
          ]
        }
      ],
      "Page": 1
    },
    {
      "BlockType": "LINE",
      "Confidence": 99.95559692382812,
      "Text": "Neat",
      "Geometry": {
        "BoundingBox": {
          "Width": 0.03560425341129303,
          "Height": 0.022470969706773758,
          "Left": 0.2432669848203659,
          "Top": 0.4916677474975586
        },
        "Polygon": [
          {
            "X": 0.24334585666656494,
            "Y": 0.4916677474975586
          },
          {
            "X": 0.27887123823165894,
            "Y": 0.49170443415641785
          },
          {
            "X": 0.2788005769252777,
            "Y": 0.5141387581825256
          },
          {
            "X": 0.2432669848203659,
            "Y": 0.5140992999076843
          }
        ]
      },
      "Id": "1a4845f9-bae4-40cc-985c-c86ba4690f86",
      "Relationships": [
        {
          "Type": "CHILD",
          "Ids": [
            "e127fb82-d953-414d-bd75-da23f763b7a4"
          ]
        }
      ],
      "Page": 1
    },
    {
      "BlockType": "LINE",
      "Confidence": 99.65164184570312,
      "Text": "aE-PA",
      "Geometry": {
        "BoundingBox": {
          "Width": 0.04983335733413696,
          "Height": 0.022762402892112732,
          "Left": 0.37272700667381287,
          "Top": 0.4914415776729584
        },
        "Polygon": [
          {
            "X": 0.3727765381336212,
            "Y": 0.4914415776729584
          },
          {
            "X": 0.42256036400794983,
            "Y": 0.4914929270744324
          },
          {
            "X": 0.42252251505851746,
            "Y": 0.5142039656639099
          },
          {
            "X": 0.37272700667381287,
            "Y": 0.5141487717628479
          }
        ]
      },
      "Id": "44757ed4-ad06-4ffa-b64a-a346a80df97c",
      "Relationships": [
        {
          "Type": "CHILD",
          "Ids": [
            "0888d272-1fbd-4e3c-99aa-e25dddf6be7f"
          ]
        }
      ],
      "Page": 1
    },
    {
      "BlockType": "LINE",
      "Confidence": 99.70042419433594,
      "Text": "40 + 15",
      "Geometry": {
        "BoundingBox": {
          "Width": 0.05201707035303116,
          "Height": 0.023507097736001015,
          "Left": 0.4846547842025757,
          "Top": 0.49142611026763916
        },
        "Polygon": [
          {
            "X": 0.48467883467674255,
            "Y": 0.49142611026763916
          },
          {
            "X": 0.5366718769073486,
            "Y": 0.49147969484329224
          },
          {
            "X": 0.536660373210907,
            "Y": 0.5149332284927368
          },
          {
            "X": 0.4846547842025757,
            "Y": 0.5148754119873047
          }
        ]
      },
      "Id": "78377b63-83ca-4969-86c8-32fb090046a5",
      "Relationships": [
        {
          "Type": "CHILD",
          "Ids": [
            "febe56c7-fa38-4405-9b5a-2b88eeda0ee4",
            "38a00884-ebae-401b-8709-a2651b25cc1d",
            "3b5b8bc4-e9d1-4a10-9774-25239abfbb1e"
          ]
        }
      ],
      "Page": 1
    },
    {
      "BlockType": "LINE",
      "Confidence": 99.36432647705078,
      "Text": "0.11 + 0.03",
      "Geometry": {
        "BoundingBox": {
          "Width": 0.07655337452888489,
          "Height": 0.023378783836960793,
          "Left": 0.5801355838775635,
          "Top": 0.4911971986293793
        },
        "Polygon": [
          {
            "X": 0.5801365375518799,
            "Y": 0.4911971986293793
          },
          {
            "X": 0.6566715240478516,
            "Y": 0.49127599596977234
          },
          {
            "X": 0.6566889882087708,
            "Y": 0.5145760178565979
          },
          {
            "X": 0.5801355838775635,
            "Y": 0.5144910216331482
          }
        ]
      },
      "Id": "c2929b93-fc36-49e6-828b-fe12dfc00cc3",
      "Relationships": [
        {
          "Type": "CHILD",
          "Ids": [
            "030264f8-8d6a-405d-ba6c-0e367d7e6363",
            "a50e2049-7b2c-4474-bd07-2fbbebd409cb",
            "cd70e5b0-a618-43d7-8ba8-044e0f7b17d4"
          ]
        }
      ],
      "Page": 1
    },
    {
      "BlockType": "LINE",
      "Confidence": 98.74612426757812,
      "Text": "2.0 + 1,3",
      "Geometry": {
        "BoundingBox": {
          "Width": 0.058686982840299606,
          "Height": 0.02617446705698967,
          "Left": 0.6844094395637512,
          "Top": 0.49165108799934387
        },
        "Polygon": [
          {
            "X": 0.6844094395637512,
            "Y": 0.49165108799934387
          },
          {
            "X": 0.7430535554885864,
            "Y": 0.4917115271091461
          },
          {
            "X": 0.7430964112281799,
            "Y": 0.5178255438804626
          },
          {
            "X": 0.6844364404678345,
            "Y": 0.5177597999572754
          }
        ]
      },
      "Id": "273c98f5-e938-482e-ac9a-6d24cdd60400",
      "Relationships": [
        {
          "Type": "CHILD",
          "Ids": [
            "5f789fb5-b65d-4370-97c2-9307ea74c7eb",
            "9ea7c2f1-c15c-48e2-bbb2-52b4f83e1615",
            "34024613-5c53-47a7-8ae3-a71ce00f1ab8"
          ]
        }
      ],
      "Page": 1
    },
    {
      "BlockType": "LINE",
      "Confidence": 40.12630081176758,
      "Text": "O/N",
      "Geometry": {
        "BoundingBox": {
          "Width": 0.049552589654922485,
          "Height": 0.029391026124358177,
          "Left": 0.2423475980758667,
          "Top": 0.5277109146118164
        },
        "Polygon": [
          {
            "X": 0.24245096743106842,
            "Y": 0.5277109146118164
          },
          {
            "X": 0.2919001877307892,
            "Y": 0.5277681350708008
          },
          {
            "X": 0.2918117642402649,
            "Y": 0.5571019649505615
          },
          {
            "X": 0.2423475980758667,
            "Y": 0.557039737701416
          }
        ]
      },
      "Id": "ca06f3e9-93c2-4094-acff-e7944b303a5d",
      "Relationships": [
        {
          "Type": "CHILD",
          "Ids": [
            "20a1b90f-c99c-4823-b833-9a66ee226859"
          ]
        }
      ],
      "Page": 1
    },
    {
      "BlockType": "LINE",
      "Confidence": 99.28471374511719,
      "Text": "aPA-Pr",
      "Geometry": {
        "BoundingBox": {
          "Width": 0.05662708729505539,
          "Height": 0.022651048377156258,
          "Left": 0.37268543243408203,
          "Top": 0.5285201668739319
        },
        "Polygon": [
          {
            "X": 0.3727346658706665,
            "Y": 0.5285201668739319
          },
          {
            "X": 0.429312527179718,
            "Y": 0.5285857319831848
          },
          {
            "X": 0.4292764663696289,
            "Y": 0.5511712431907654
          },
          {
            "X": 0.37268543243408203,
            "Y": 0.5511012077331543
          }
        ]
      },
      "Id": "80d58593-174e-4107-9c33-56f6761181d5",
      "Relationships": [
        {
          "Type": "CHILD",
          "Ids": [
            "f67931ef-3f51-4d80-895c-eb27213021b5"
          ]
        }
      ],
      "Page": 1
    },
    {
      "BlockType": "LINE",
      "Confidence": 98.92986297607422,
      "Text": "154 +7",
      "Geometry": {
        "BoundingBox": {
          "Width": 0.05018828436732292,
          "Height": 0.023799533024430275,
          "Left": 0.4777016341686249,
          "Top": 0.5282727479934692
        },
        "Polygon": [
          {
            "X": 0.47772765159606934,
            "Y": 0.5282727479934692
          },
          {
            "X": 0.5278899073600769,
            "Y": 0.5283308625221252
          },
          {
            "X": 0.5278761386871338,
            "Y": 0.552072286605835
          },
          {
            "X": 0.4777016341686249,
            "Y": 0.5520100593566895
          }
        ]
      },
      "Id": "381cde64-78e3-40d4-9b2f-bf80538f5b63",
      "Relationships": [
        {
          "Type": "CHILD",
          "Ids": [
            "3e0963b6-117e-40d7-a7d7-c2e44a3574ee",
            "4bf0e0e0-4069-47f4-bfed-5192f603c5d2"
          ]
        }
      ],
      "Page": 1
    },
    {
      "BlockType": "LINE",
      "Confidence": 99.70047760009766,
      "Text": "0.42 + 0.06",
      "Geometry": {
        "BoundingBox": {
          "Width": 0.07669424265623093,
          "Height": 0.022584641352295876,
          "Left": 0.5804442167282104,
          "Top": 0.5284023880958557
        },
        "Polygon": [
          {
            "X": 0.5804450511932373,
            "Y": 0.5284023880958557
          },
          {
            "X": 0.657121479511261,
            "Y": 0.528491199016571
          },
          {
            "X": 0.657138466835022,
            "Y": 0.5509870648384094
          },
          {
            "X": 0.5804442167282104,
            "Y": 0.5508922934532166
          }
        ]
      },
      "Id": "fd673379-be11-4db2-ab97-93fa4e47d594",
      "Relationships": [
        {
          "Type": "CHILD",
          "Ids": [
            "10baa883-5da8-45bb-89dc-28b141955ed4",
            "32eb6a2a-e0dd-49c4-b694-d94c11037e58",
            "483479b6-5729-4606-a3a2-1b80a60dc952"
          ]
        }
      ],
      "Page": 1
    },
    {
      "BlockType": "LINE",
      "Confidence": 98.77314758300781,
      "Text": "27 +9",
      "Geometry": {
        "BoundingBox": {
          "Width": 0.04198193550109863,
          "Height": 0.023236749693751335,
          "Left": 0.6882215142250061,
          "Top": 0.5287033319473267
        },
        "Polygon": [
          {
            "X": 0.6882215142250061,
            "Y": 0.5287033319473267
          },
          {
            "X": 0.7301685214042664,
            "Y": 0.5287519693374634
          },
          {
            "X": 0.7302034497261047,
            "Y": 0.5519400835037231
          },
          {
            "X": 0.6882464289665222,
            "Y": 0.5518881678581238
          }
        ]
      },
      "Id": "bac3bb77-53f6-4f5e-866e-1304407372a2",
      "Relationships": [
        {
          "Type": "CHILD",
          "Ids": [
            "fdac194a-8b7e-4d23-8ff6-e6b0dff4ece9",
            "7b2d6dee-39cd-40f3-8fba-cca5e26c854a"
          ]
        }
      ],
      "Page": 1
    },
    {
      "BlockType": "LINE",
      "Confidence": 97.27105712890625,
      "Text": "NH3 plasma",
      "Geometry": {
        "BoundingBox": {
          "Width": 0.09391012787818909,
          "Height": 0.029154108837246895,
          "Left": 0.24309146404266357,
          "Top": 0.5639275312423706
        },
        "Polygon": [
          {
            "X": 0.24319349229335785,
            "Y": 0.5639275312423706
          },
          {
            "X": 0.33700159192085266,
            "Y": 0.5640478134155273
          },
          {
            "X": 0.3369276225566864,
            "Y": 0.5930816531181335
          },
          {
            "X": 0.24309146404266357,
            "Y": 0.5929519534111023
          }
        ]
      },
      "Id": "75e30b0f-0321-478b-9806-8a8ba08abba3",
      "Relationships": [
        {
          "Type": "CHILD",
          "Ids": [
            "03609041-1277-49ef-8f10-59ab51794333",
            "fe2cc2d3-955b-4d30-8888-49ce8a58df14"
          ]
        }
      ],
      "Page": 1
    },
    {
      "BlockType": "LINE",
      "Confidence": 99.21144104003906,
      "Text": "aPA-Pr",
      "Geometry": {
        "BoundingBox": {
          "Width": 0.05689344182610512,
          "Height": 0.02259652130305767,
          "Left": 0.37256672978401184,
          "Top": 0.5642714500427246
        },
        "Polygon": [
          {
            "X": 0.37261584401130676,
            "Y": 0.5642714500427246
          },
          {
            "X": 0.42946016788482666,
            "Y": 0.5643443465232849
          },
          {
            "X": 0.4294242858886719,
            "Y": 0.5868679285049438
          },
          {
            "X": 0.37256672978401184,
            "Y": 0.5867906212806702
          }
        ]
      },
      "Id": "35a7cd48-aadb-4d49-9648-9576f2ce2b07",
      "Relationships": [
        {
          "Type": "CHILD",
          "Ids": [
            "ee4221ca-7edd-4faa-9e36-19410915339c"
          ]
        }
      ],
      "Page": 1
    },
    {
      "BlockType": "LINE",
      "Confidence": 99.76547241210938,
      "Text": "173 + 10",
      "Geometry": {
        "BoundingBox": {
          "Width": 0.05986756831407547,
          "Height": 0.02347736619412899,
          "Left": 0.4776468873023987,
          "Top": 0.5640327334403992
        },
        "Polygon": [
          {
            "X": 0.4776725769042969,
            "Y": 0.5640327334403992
          },
          {
            "X": 0.5375144481658936,
            "Y": 0.5641093850135803
          },
          {
            "X": 0.5375032424926758,
            "Y": 0.5875101089477539
          },
          {
            "X": 0.4776468873023987,
            "Y": 0.5874285697937012
          }
        ]
      },
      "Id": "ad8c3446-1804-453c-b271-c101b12e4be4",
      "Relationships": [
        {
          "Type": "CHILD",
          "Ids": [
            "187ce427-1228-45ac-97e6-bd40ea38acab",
            "d81649b0-8702-48ab-8c3a-8a77c1209e88",
            "1fa67e36-c3b3-4fc3-8f64-156f50dab9d1"
          ]
        }
      ],
      "Page": 1
    },
    {
      "BlockType": "LINE",
      "Confidence": 99.77557373046875,
      "Text": "0.53 + 0.07",
      "Geometry": {
        "BoundingBox": {
          "Width": 0.07653355598449707,
          "Height": 0.022798797115683556,
          "Left": 0.5805681943893433,
          "Top": 0.5642874836921692
        },
        "Polygon": [
          {
            "X": 0.5805690288543701,
            "Y": 0.5642874836921692
          },
          {
            "X": 0.6570846438407898,
            "Y": 0.5643855333328247
          },
          {
            "X": 0.6571017503738403,
            "Y": 0.5870862603187561
          },
          {
            "X": 0.5805681943893433,
            "Y": 0.5869821310043335
          }
        ]
      },
      "Id": "25801353-c56c-459b-ab76-8241e051ad33",
      "Relationships": [
        {
          "Type": "CHILD",
          "Ids": [
            "c2e4d12d-8b79-49c7-a391-2cab8dfe9a62",
            "90f75318-fb43-40bd-a5aa-1b6b990b5897",
            "0ea9de01-ac23-4b00-ad81-2d58da416606"
          ]
        }
      ],
      "Page": 1
    },
    {
      "BlockType": "LINE",
      "Confidence": 99.51146697998047,
      "Text": "39 +9",
      "Geometry": {
        "BoundingBox": {
          "Width": 0.042339667677879333,
          "Height": 0.02405361458659172,
          "Left": 0.6885240077972412,
          "Top": 0.5643402934074402
        },
        "Polygon": [
          {
            "X": 0.6885240077972412,
            "Y": 0.5643402934074402
          },
          {
            "X": 0.7308273315429688,
            "Y": 0.5643945336341858
          },
          {
            "X": 0.7308636903762817,
            "Y": 0.5883939266204834
          },
          {
            "X": 0.6885498762130737,
            "Y": 0.5883362293243408
          }
        ]
      },
      "Id": "ecef8bfa-53b4-4648-84b4-fed5d98d210b",
      "Relationships": [
        {
          "Type": "CHILD",
          "Ids": [
            "510ee514-e538-4bec-bb3f-0946bf4710b2",
            "9b63e503-880f-47e9-9680-69ac1e3f4a2c"
          ]
        }
      ],
      "Page": 1
    },
    {
      "BlockType": "WORD",
      "Confidence": 50.413291931152344,
      "Text": "F",
      "TextType": "PRINTED",
      "Geometry": {
        "BoundingBox": {
          "Width": 0.014611073769629002,
          "Height": 0.02663753367960453,
          "Left": 0.4768620729446411,
          "Top": 0.41893142461776733
        },
        "Polygon": [
          {
            "X": 0.47689154744148254,
            "Y": 0.41893142461776733
          },
          {
            "X": 0.49147313833236694,
            "Y": 0.41894277930259705
          },
          {
            "X": 0.49144768714904785,
            "Y": 0.4455689489841461
          },
          {
            "X": 0.4768620729446411,
            "Y": 0.4455562233924866
          }
        ]
      },
      "Id": "807fdbcb-5c33-4d44-a9c1-66ba4ce957d5",
      "Page": 1
    },
    {
      "BlockType": "WORD",
      "Confidence": 99.67965698242188,
      "Text": "(N)",
      "TextType": "PRINTED",
      "Geometry": {
        "BoundingBox": {
          "Width": 0.024108968675136566,
          "Height": 0.027904661372303963,
          "Left": 0.4965854287147522,
          "Top": 0.4187571704387665
        },
        "Polygon": [
          {
            "X": 0.4966106116771698,
            "Y": 0.4187571704387665
          },
          {
            "X": 0.5206944346427917,
            "Y": 0.4187759459018707
          },
          {
            "X": 0.5206761360168457,
            "Y": 0.4466618299484253
          },
          {
            "X": 0.4965854287147522,
            "Y": 0.4466407299041748
          }
        ]
      },
      "Id": "3a527641-46aa-47f8-8ace-144d41ba3c4d",
      "Page": 1
    },
    {
      "BlockType": "WORD",
      "Confidence": 75.58338928222656,
      "Text": "Al",
      "TextType": "PRINTED",
      "Geometry": {
        "BoundingBox": {
          "Width": 0.016893796622753143,
          "Height": 0.023247677832841873,
          "Left": 0.5801821351051331,
          "Top": 0.4181229770183563
        },
        "Polygon": [
          {
            "X": 0.5801830291748047,
            "Y": 0.4181229770183563
          },
          {
            "X": 0.5970727801322937,
            "Y": 0.4181360900402069
          },
          {
            "X": 0.597075879573822,
            "Y": 0.4413706660270691
          },
          {
            "X": 0.5801821351051331,
            "Y": 0.44135618209838867
          }
        ]
      },
      "Id": "9440d997-6b67-4e39-a2aa-febf00413a8b",
      "Page": 1
    },
    {
      "BlockType": "WORD",
      "Confidence": 99.82817077636719,
      "Text": "(mm)",
      "TextType": "PRINTED",
      "Geometry": {
        "BoundingBox": {
          "Width": 0.038629475980997086,
          "Height": 0.02904568985104561,
          "Left": 0.601775586605072,
          "Top": 0.4183485805988312
        },
        "Polygon": [
          {
            "X": 0.601775586605072,
            "Y": 0.4183485805988312
          },
          {
            "X": 0.6403881907463074,
            "Y": 0.418378621339798
          },
          {
            "X": 0.6404050588607788,
            "Y": 0.4473942816257477
          },
          {
            "X": 0.601780891418457,
            "Y": 0.4473603665828705
          }
        ]
      },
      "Id": "08980dfe-ae50-4400-a2c5-27d6527dbea9",
      "Page": 1
    },
    {
      "BlockType": "WORD",
      "Confidence": 66.61449432373047,
      "Text": "W1",
      "TextType": "PRINTED",
      "Geometry": {
        "BoundingBox": {
          "Width": 0.018947642296552658,
          "Height": 0.026714367792010307,
          "Left": 0.6858998537063599,
          "Top": 0.4190499186515808
        },
        "Polygon": [
          {
            "X": 0.6858998537063599,
            "Y": 0.4190499186515808
          },
          {
            "X": 0.7048141956329346,
            "Y": 0.4190646708011627
          },
          {
            "X": 0.704847514629364,
            "Y": 0.44576430320739746
          },
          {
            "X": 0.6859279274940491,
            "Y": 0.4457477927207947
          }
        ]
      },
      "Id": "4f0fddac-7a3e-4e71-82ef-b94404ff9bb1",
      "Page": 1
    },
    {
      "BlockType": "WORD",
      "Confidence": 99.00834655761719,
      "Text": "(mJ)",
      "TextType": "PRINTED",
      "Geometry": {
        "BoundingBox": {
          "Width": 0.0339481495320797,
          "Height": 0.02933708019554615,
          "Left": 0.709929883480072,
          "Top": 0.4184059500694275
        },
        "Polygon": [
          {
            "X": 0.709929883480072,
            "Y": 0.4184059500694275
          },
          {
            "X": 0.7438296675682068,
            "Y": 0.4184322953224182
          },
          {
            "X": 0.7438780069351196,
            "Y": 0.4477430284023285
          },
          {
            "X": 0.7099679708480835,
            "Y": 0.4477132260799408
          }
        ]
      },
      "Id": "101f8ae7-a92f-4148-89e6-66fcf3f94ec5",
      "Page": 1
    },
    {
      "BlockType": "WORD",
      "Confidence": 99.95559692382812,
      "Text": "Neat",
      "TextType": "PRINTED",
      "Geometry": {
        "BoundingBox": {
          "Width": 0.03560425341129303,
          "Height": 0.022470969706773758,
          "Left": 0.2432669848203659,
          "Top": 0.4916677474975586
        },
        "Polygon": [
          {
            "X": 0.24334585666656494,
            "Y": 0.4916677474975586
          },
          {
            "X": 0.27887123823165894,
            "Y": 0.49170443415641785
          },
          {
            "X": 0.2788005769252777,
            "Y": 0.5141387581825256
          },
          {
            "X": 0.2432669848203659,
            "Y": 0.5140992999076843
          }
        ]
      },
      "Id": "e127fb82-d953-414d-bd75-da23f763b7a4",
      "Page": 1
    },
    {
      "BlockType": "WORD",
      "Confidence": 99.65164184570312,
      "Text": "aE-PA",
      "TextType": "PRINTED",
      "Geometry": {
        "BoundingBox": {
          "Width": 0.04983335733413696,
          "Height": 0.022762402892112732,
          "Left": 0.37272700667381287,
          "Top": 0.4914415776729584
        },
        "Polygon": [
          {
            "X": 0.3727765381336212,
            "Y": 0.4914415776729584
          },
          {
            "X": 0.42256036400794983,
            "Y": 0.4914929270744324
          },
          {
            "X": 0.42252251505851746,
            "Y": 0.5142039656639099
          },
          {
            "X": 0.37272700667381287,
            "Y": 0.5141487717628479
          }
        ]
      },
      "Id": "0888d272-1fbd-4e3c-99aa-e25dddf6be7f",
      "Page": 1
    },
    {
      "BlockType": "WORD",
      "Confidence": 99.96590423583984,
      "Text": "40",
      "TextType": "PRINTED",
      "Geometry": {
        "BoundingBox": {
          "Width": 0.01804572157561779,
          "Height": 0.022754499688744545,
          "Left": 0.484655499458313,
          "Top": 0.49142611026763916
        },
        "Polygon": [
          {
            "X": 0.48467883467674255,
            "Y": 0.49142611026763916
          },
          {
            "X": 0.5027012228965759,
            "Y": 0.4914446771144867
          },
          {
            "X": 0.5026821494102478,
            "Y": 0.514180600643158
          },
          {
            "X": 0.484655499458313,
            "Y": 0.5141606330871582
          }
        ]
      },
      "Id": "febe56c7-fa38-4405-9b5a-2b88eeda0ee4",
      "Page": 1
    },
    {
      "BlockType": "WORD",
      "Confidence": 99.43095397949219,
      "Text": "+",
      "TextType": "PRINTED",
      "Geometry": {
        "BoundingBox": {
          "Width": 0.011556408368051052,
          "Height": 0.022268421947956085,
          "Left": 0.5053287148475647,
          "Top": 0.4926427900791168
        },
        "Polygon": [
          {
            "X": 0.5053467750549316,
            "Y": 0.4926427900791168
          },
          {
            "X": 0.5168851017951965,
            "Y": 0.4926547110080719
          },
          {
            "X": 0.5168696641921997,
            "Y": 0.5149112343788147
          },
          {
            "X": 0.5053287148475647,
            "Y": 0.5148983597755432
          }
        ]
      },
      "Id": "38a00884-ebae-401b-8709-a2651b25cc1d",
      "Page": 1
    },
    {
      "BlockType": "WORD",
      "Confidence": 99.70442962646484,
      "Text": "15",
      "TextType": "PRINTED",
      "Geometry": {
        "BoundingBox": {
          "Width": 0.015550591051578522,
          "Height": 0.022102436050772667,
          "Left": 0.5211211442947388,
          "Top": 0.4917254149913788
        },
        "Polygon": [
          {
            "X": 0.5211354494094849,
            "Y": 0.4917254149913788
          },
          {
            "X": 0.5366716980934143,
            "Y": 0.49174144864082336
          },
          {
            "X": 0.53666090965271,
            "Y": 0.5138278603553772
          },
          {
            "X": 0.5211211442947388,
            "Y": 0.5138106346130371
          }
        ]
      },
      "Id": "3b5b8bc4-e9d1-4a10-9774-25239abfbb1e",
      "Page": 1
    },
    {
      "BlockType": "WORD",
      "Confidence": 98.78691101074219,
      "Text": "0.11",
      "TextType": "PRINTED",
      "Geometry": {
        "BoundingBox": {
          "Width": 0.028525760397315025,
          "Height": 0.02297777310013771,
          "Left": 0.5801356434822083,
          "Top": 0.4911971986293793
        },
        "Polygon": [
          {
            "X": 0.5801365375518799,
            "Y": 0.4911971986293793
          },
          {
            "X": 0.608655571937561,
            "Y": 0.49122655391693115
          },
          {
            "X": 0.608661413192749,
            "Y": 0.5141749978065491
          },
          {
            "X": 0.5801356434822083,
            "Y": 0.5141433477401733
          }
        ]
      },
      "Id": "030264f8-8d6a-405d-ba6c-0e367d7e6363",
      "Page": 1
    },
    {
      "BlockType": "WORD",
      "Confidence": 99.59344482421875,
      "Text": "+",
      "TextType": "PRINTED",
      "Geometry": {
        "BoundingBox": {
          "Width": 0.011143668554723263,
          "Height": 0.02089730277657509,
          "Left": 0.613183319568634,
          "Top": 0.49364277720451355
        },
        "Polygon": [
          {
            "X": 0.613183319568634,
            "Y": 0.49364277720451355
          },
          {
            "X": 0.6243183016777039,
            "Y": 0.4936543405056
          },
          {
            "X": 0.6243270039558411,
            "Y": 0.5145400762557983
          },
          {
            "X": 0.6131895780563354,
            "Y": 0.5145277380943298
          }
        ]
      },
      "Id": "a50e2049-7b2c-4474-bd07-2fbbebd409cb",
      "Page": 1
    },
    {
      "BlockType": "WORD",
      "Confidence": 99.71263122558594,
      "Text": "0.03",
      "TextType": "PRINTED",
      "Geometry": {
        "BoundingBox": {
          "Width": 0.029272019863128662,
          "Height": 0.022475719451904297,
          "Left": 0.6274165511131287,
          "Top": 0.49150651693344116
        },
        "Polygon": [
          {
            "X": 0.6274165511131287,
            "Y": 0.49150651693344116
          },
          {
            "X": 0.6566717028617859,
            "Y": 0.4915366470813751
          },
          {
            "X": 0.6566885709762573,
            "Y": 0.5139822363853455
          },
          {
            "X": 0.6274265646934509,
            "Y": 0.5139498114585876
          }
        ]
      },
      "Id": "cd70e5b0-a618-43d7-8ba8-044e0f7b17d4",
      "Page": 1
    },
    {
      "BlockType": "WORD",
      "Confidence": 99.7003402709961,
      "Text": "2.0",
      "TextType": "PRINTED",
      "Geometry": {
        "BoundingBox": {
          "Width": 0.021239131689071655,
          "Height": 0.02216227352619171,
          "Left": 0.684409499168396,
          "Top": 0.49172472953796387
        },
        "Polygon": [
          {
            "X": 0.684409499168396,
            "Y": 0.49172472953796387
          },
          {
            "X": 0.7056208252906799,
            "Y": 0.49174660444259644
          },
          {
            "X": 0.7056486010551453,
            "Y": 0.5138869881629944
          },
          {
            "X": 0.6844324469566345,
            "Y": 0.5138635039329529
          }
        ]
      },
      "Id": "5f789fb5-b65d-4370-97c2-9307ea74c7eb",
      "Page": 1
    },
    {
      "BlockType": "WORD",
      "Confidence": 98.82766723632812,
      "Text": "+",
      "TextType": "PRINTED",
      "Geometry": {
        "BoundingBox": {
          "Width": 0.011485375463962555,
          "Height": 0.019936982542276382,
          "Left": 0.7082334756851196,
          "Top": 0.49380481243133545
        },
        "Polygon": [
          {
            "X": 0.7082334756851196,
            "Y": 0.49380481243133545
          },
          {
            "X": 0.7196909785270691,
            "Y": 0.49381670355796814
          },
          {
            "X": 0.719718873500824,
            "Y": 0.5137417912483215
          },
          {
            "X": 0.7082590460777283,
            "Y": 0.5137290954589844
          }
        ]
      },
      "Id": "9ea7c2f1-c15c-48e2-bbb2-52b4f83e1615",
      "Page": 1
    },
    {
      "BlockType": "WORD",
      "Confidence": 97.71038055419922,
      "Text": "1,3",
      "TextType": "PRINTED",
      "Geometry": {
        "BoundingBox": {
          "Width": 0.01943086087703705,
          "Height": 0.026134012266993523,
          "Left": 0.7236655354499817,
          "Top": 0.491691529750824
        },
        "Polygon": [
          {
            "X": 0.7236655354499817,
            "Y": 0.491691529750824
          },
          {
            "X": 0.7430535554885864,
            "Y": 0.4917115271091461
          },
          {
            "X": 0.7430964112281799,
            "Y": 0.5178255438804626
          },
          {
            "X": 0.723703145980835,
            "Y": 0.5178038477897644
          }
        ]
      },
      "Id": "34024613-5c53-47a7-8ae3-a71ce00f1ab8",
      "Page": 1
    },
    {
      "BlockType": "WORD",
      "Confidence": 40.12630081176758,
      "Text": "O/N",
      "TextType": "PRINTED",
      "Geometry": {
        "BoundingBox": {
          "Width": 0.049552589654922485,
          "Height": 0.029391026124358177,
          "Left": 0.2423475980758667,
          "Top": 0.5277109146118164
        },
        "Polygon": [
          {
            "X": 0.24245096743106842,
            "Y": 0.5277109146118164
          },
          {
            "X": 0.2919001877307892,
            "Y": 0.5277681350708008
          },
          {
            "X": 0.2918117642402649,
            "Y": 0.5571019649505615
          },
          {
            "X": 0.2423475980758667,
            "Y": 0.557039737701416
          }
        ]
      },
      "Id": "20a1b90f-c99c-4823-b833-9a66ee226859",
      "Page": 1
    },
    {
      "BlockType": "WORD",
      "Confidence": 99.28471374511719,
      "Text": "aPA-Pr",
      "TextType": "PRINTED",
      "Geometry": {
        "BoundingBox": {
          "Width": 0.05662708729505539,
          "Height": 0.022651048377156258,
          "Left": 0.37268543243408203,
          "Top": 0.5285201668739319
        },
        "Polygon": [
          {
            "X": 0.3727346658706665,
            "Y": 0.5285201668739319
          },
          {
            "X": 0.429312527179718,
            "Y": 0.5285857319831848
          },
          {
            "X": 0.4292764663696289,
            "Y": 0.5511712431907654
          },
          {
            "X": 0.37268543243408203,
            "Y": 0.5511012077331543
          }
        ]
      },
      "Id": "f67931ef-3f51-4d80-895c-eb27213021b5",
      "Page": 1
    },
    {
      "BlockType": "WORD",
      "Confidence": 99.95680236816406,
      "Text": "154",
      "TextType": "PRINTED",
      "Geometry": {
        "BoundingBox": {
          "Width": 0.025436313822865486,
          "Height": 0.023145291954278946,
          "Left": 0.4777023196220398,
          "Top": 0.5282727479934692
        },
        "Polygon": [
          {
            "X": 0.47772765159606934,
            "Y": 0.5282727479934692
          },
          {
            "X": 0.5031386017799377,
            "Y": 0.5283021926879883
          },
          {
            "X": 0.5031193494796753,
            "Y": 0.5514180660247803
          },
          {
            "X": 0.4777023196220398,
            "Y": 0.5513865947723389
          }
        ]
      },
      "Id": "3e0963b6-117e-40d7-a7d7-c2e44a3574ee",
      "Page": 1
    },
    {
      "BlockType": "WORD",
      "Confidence": 97.90292358398438,
      "Text": "+7",
      "TextType": "PRINTED",
      "Geometry": {
        "BoundingBox": {
          "Width": 0.022601300850510597,
          "Height": 0.023621099069714546,
          "Left": 0.5052885413169861,
          "Top": 0.5284512042999268
        },
        "Polygon": [
          {
            "X": 0.505307674407959,
            "Y": 0.5284512042999268
          },
          {
            "X": 0.5278898477554321,
            "Y": 0.5284773707389832
          },
          {
            "X": 0.5278761386871338,
            "Y": 0.552072286605835
          },
          {
            "X": 0.5052885413169861,
            "Y": 0.5520442724227905
          }
        ]
      },
      "Id": "4bf0e0e0-4069-47f4-bfed-5192f603c5d2",
      "Page": 1
    },
    {
      "BlockType": "WORD",
      "Confidence": 99.7436294555664,
      "Text": "0.42",
      "TextType": "PRINTED",
      "Geometry": {
        "BoundingBox": {
          "Width": 0.02982424944639206,
          "Height": 0.022526733577251434,
          "Left": 0.5804442167282104,
          "Top": 0.5284023880958557
        },
        "Polygon": [
          {
            "X": 0.5804450511932373,
            "Y": 0.5284023880958557
          },
          {
            "X": 0.610262393951416,
            "Y": 0.5284368991851807
          },
          {
            "X": 0.6102684736251831,
            "Y": 0.5509291291236877
          },
          {
            "X": 0.5804442167282104,
            "Y": 0.5508922934532166
          }
        ]
      },
      "Id": "10baa883-5da8-45bb-89dc-28b141955ed4",
      "Page": 1
    },
    {
      "BlockType": "WORD",
      "Confidence": 99.49040222167969,
      "Text": "+",
      "TextType": "PRINTED",
      "Geometry": {
        "BoundingBox": {
          "Width": 0.011048337444663048,
          "Height": 0.019928358495235443,
          "Left": 0.6132301092147827,
          "Top": 0.5308488011360168
        },
        "Polygon": [
          {
            "X": 0.6132301092147827,
            "Y": 0.5308488011360168
          },
          {
            "X": 0.6242702007293701,
            "Y": 0.5308616757392883
          },
          {
            "X": 0.6242784261703491,
            "Y": 0.5507771372795105
          },
          {
            "X": 0.613236129283905,
            "Y": 0.5507635474205017
          }
        ]
      },
      "Id": "32eb6a2a-e0dd-49c4-b694-d94c11037e58",
      "Page": 1
    },
    {
      "BlockType": "WORD",
      "Confidence": 99.86740112304688,
      "Text": "0.06",
      "TextType": "PRINTED",
      "Geometry": {
        "BoundingBox": {
          "Width": 0.029605187475681305,
          "Height": 0.022393088787794113,
          "Left": 0.6275331974029541,
          "Top": 0.5284909605979919
        },
        "Polygon": [
          {
            "X": 0.6275331974029541,
            "Y": 0.5284909605979919
          },
          {
            "X": 0.6571215391159058,
            "Y": 0.5285252332687378
          },
          {
            "X": 0.6571383476257324,
            "Y": 0.5508840680122375
          },
          {
            "X": 0.6275432109832764,
            "Y": 0.5508474707603455
          }
        ]
      },
      "Id": "483479b6-5729-4606-a3a2-1b80a60dc952",
      "Page": 1
    },
    {
      "BlockType": "WORD",
      "Confidence": 99.76323699951172,
      "Text": "27",
      "TextType": "PRINTED",
      "Geometry": {
        "BoundingBox": {
          "Width": 0.017143147066235542,
          "Height": 0.022141817957162857,
          "Left": 0.6882215142250061,
          "Top": 0.5287033319473267
        },
        "Polygon": [
          {
            "X": 0.6882215142250061,
            "Y": 0.5287033319473267
          },
          {
            "X": 0.7053369879722595,
            "Y": 0.5287231802940369
          },
          {
            "X": 0.7053647041320801,
            "Y": 0.5508451461791992
          },
          {
            "X": 0.6882452964782715,
            "Y": 0.5508240461349487
          }
        ]
      },
      "Id": "fdac194a-8b7e-4d23-8ff6-e6b0dff4ece9",
      "Page": 1
    },
    {
      "BlockType": "WORD",
      "Confidence": 97.7830581665039,
      "Text": "+9",
      "TextType": "PRINTED",
      "Geometry": {
        "BoundingBox": {
          "Width": 0.02316896989941597,
          "Height": 0.02296122908592224,
          "Left": 0.7070345282554626,
          "Top": 0.5289788842201233
        },
        "Polygon": [
          {
            "X": 0.7070345282554626,
            "Y": 0.5289788842201233
          },
          {
            "X": 0.730168879032135,
            "Y": 0.5290057063102722
          },
          {
            "X": 0.7302034497261047,
            "Y": 0.5519400835037231
          },
          {
            "X": 0.707063615322113,
            "Y": 0.551911473274231
          }
        ]
      },
      "Id": "7b2d6dee-39cd-40f3-8fba-cca5e26c854a",
      "Page": 1
    },
    {
      "BlockType": "WORD",
      "Confidence": 95.05608367919922,
      "Text": "NH3",
      "TextType": "PRINTED",
      "Geometry": {
        "BoundingBox": {
          "Width": 0.035269275307655334,
          "Height": 0.029073022305965424,
          "Left": 0.24309146404266357,
          "Top": 0.5639275312423706
        },
        "Polygon": [
          {
            "X": 0.24319349229335785,
            "Y": 0.5639275312423706
          },
          {
            "X": 0.2783607244491577,
            "Y": 0.5639726519584656
          },
          {
            "X": 0.2782692313194275,
            "Y": 0.593000590801239
          },
          {
            "X": 0.24309146404266357,
            "Y": 0.5929519534111023
          }
        ]
      },
      "Id": "03609041-1277-49ef-8f10-59ab51794333",
      "Page": 1
    },
    {
      "BlockType": "WORD",
      "Confidence": 99.48603057861328,
      "Text": "plasma",
      "TextType": "PRINTED",
      "Geometry": {
        "BoundingBox": {
          "Width": 0.05260802060365677,
          "Height": 0.02838858589529991,
          "Left": 0.2843925654888153,
          "Top": 0.5643748641014099
        },
        "Polygon": [
          {
            "X": 0.2844800353050232,
            "Y": 0.5643748641014099
          },
          {
            "X": 0.3370005786418915,
            "Y": 0.5644422769546509
          },
          {
            "X": 0.33692842721939087,
            "Y": 0.5927634239196777
          },
          {
            "X": 0.2843925654888153,
            "Y": 0.5926908850669861
          }
        ]
      },
      "Id": "fe2cc2d3-955b-4d30-8888-49ce8a58df14",
      "Page": 1
    },
    {
      "BlockType": "WORD",
      "Confidence": 99.21144104003906,
      "Text": "aPA-Pr",
      "TextType": "PRINTED",
      "Geometry": {
        "BoundingBox": {
          "Width": 0.05689344182610512,
          "Height": 0.02259652130305767,
          "Left": 0.37256672978401184,
          "Top": 0.5642714500427246
        },
        "Polygon": [
          {
            "X": 0.37261584401130676,
            "Y": 0.5642714500427246
          },
          {
            "X": 0.42946016788482666,
            "Y": 0.5643443465232849
          },
          {
            "X": 0.4294242858886719,
            "Y": 0.5868679285049438
          },
          {
            "X": 0.37256672978401184,
            "Y": 0.5867906212806702
          }
        ]
      },
      "Id": "ee4221ca-7edd-4faa-9e36-19410915339c",
      "Page": 1
    },
    {
      "BlockType": "WORD",
      "Confidence": 99.91529846191406,
      "Text": "173",
      "TextType": "PRINTED",
      "Geometry": {
        "BoundingBox": {
          "Width": 0.0245057325810194,
          "Height": 0.02283298596739769,
          "Left": 0.4776475429534912,
          "Top": 0.5640327334403992
        },
        "Polygon": [
          {
            "X": 0.4776725769042969,
            "Y": 0.5640327334403992
          },
          {
            "X": 0.5021532773971558,
            "Y": 0.564064085483551
          },
          {
            "X": 0.5021340250968933,
            "Y": 0.5868657231330872
          },
          {
            "X": 0.4776475429534912,
            "Y": 0.5868324041366577
          }
        ]
      },
      "Id": "187ce427-1228-45ac-97e6-bd40ea38acab",
      "Page": 1
    },
    {
      "BlockType": "WORD",
      "Confidence": 99.41700744628906,
      "Text": "+",
      "TextType": "PRINTED",
      "Geometry": {
        "BoundingBox": {
          "Width": 0.012102833017706871,
          "Height": 0.020709363743662834,
          "Left": 0.5052688717842102,
          "Top": 0.5667732954025269
        },
        "Polygon": [
          {
            "X": 0.5052856802940369,
            "Y": 0.5667732954025269
          },
          {
            "X": 0.5173717141151428,
            "Y": 0.566788911819458
          },
          {
            "X": 0.5173574686050415,
            "Y": 0.5874826312065125
          },
          {
            "X": 0.5052688717842102,
            "Y": 0.5874661803245544
          }
        ]
      },
      "Id": "d81649b0-8702-48ab-8c3a-8a77c1209e88",
      "Page": 1
    },
    {
      "BlockType": "WORD",
      "Confidence": 99.964111328125,
      "Text": "10",
      "TextType": "PRINTED",
      "Geometry": {
        "BoundingBox": {
          "Width": 0.016560252755880356,
          "Height": 0.02272394485771656,
          "Left": 0.5209540724754333,
          "Top": 0.5643826723098755
        },
        "Polygon": [
          {
            "X": 0.5209688544273376,
            "Y": 0.5643826723098755
          },
          {
            "X": 0.537514328956604,
            "Y": 0.5644038915634155
          },
          {
            "X": 0.5375034213066101,
            "Y": 0.5871065855026245
          },
          {
            "X": 0.5209540724754333,
            "Y": 0.5870840549468994
          }
        ]
      },
      "Id": "1fa67e36-c3b3-4fc3-8f64-156f50dab9d1",
      "Page": 1
    },
    {
      "BlockType": "WORD",
      "Confidence": 99.95759582519531,
      "Text": "0.53",
      "TextType": "PRINTED",
      "Geometry": {
        "BoundingBox": {
          "Width": 0.02919100597500801,
          "Height": 0.02243666723370552,
          "Left": 0.5805681943893433,
          "Top": 0.5642932653427124
        },
        "Polygon": [
          {
            "X": 0.5805690288543701,
            "Y": 0.5642932653427124
          },
          {
            "X": 0.6097533106803894,
            "Y": 0.5643306970596313
          },
          {
            "X": 0.6097592115402222,
            "Y": 0.5867299437522888
          },
          {
            "X": 0.5805681943893433,
            "Y": 0.5866903066635132
          }
        ]
      },
      "Id": "c2e4d12d-8b79-49c7-a391-2cab8dfe9a62",
      "Page": 1
    },
    {
      "BlockType": "WORD",
      "Confidence": 99.53376007080078,
      "Text": "+",
      "TextType": "PRINTED",
      "Geometry": {
        "BoundingBox": {
          "Width": 0.010890580713748932,
          "Height": 0.02060297690331936,
          "Left": 0.6133090257644653,
          "Top": 0.5664384961128235
        },
        "Polygon": [
          {
            "X": 0.6133090257644653,
            "Y": 0.5664384961128235
          },
          {
            "X": 0.6241911053657532,
            "Y": 0.5664525628089905
          },
          {
            "X": 0.624199628829956,
            "Y": 0.5870414972305298
          },
          {
            "X": 0.613315224647522,
            "Y": 0.5870267152786255
          }
        ]
      },
      "Id": "90f75318-fb43-40bd-a5aa-1b6b990b5897",
      "Page": 1
    },
    {
      "BlockType": "WORD",
      "Confidence": 99.83538055419922,
      "Text": "0.07",
      "TextType": "PRINTED",
      "Geometry": {
        "BoundingBox": {
          "Width": 0.029759733006358147,
          "Height": 0.022738663479685783,
          "Left": 0.6273420453071594,
          "Top": 0.5643473863601685
        },
        "Polygon": [
          {
            "X": 0.6273420453071594,
            "Y": 0.5643473863601685
          },
          {
            "X": 0.6570846438407898,
            "Y": 0.5643855333328247
          },
          {
            "X": 0.6571017503738403,
            "Y": 0.5870860815048218
          },
          {
            "X": 0.6273521780967712,
            "Y": 0.5870456099510193
          }
        ]
      },
      "Id": "0ea9de01-ac23-4b00-ad81-2d58da416606",
      "Page": 1
    },
    {
      "BlockType": "WORD",
      "Confidence": 99.94298553466797,
      "Text": "39",
      "TextType": "PRINTED",
      "Geometry": {
        "BoundingBox": {
          "Width": 0.016595009714365005,
          "Height": 0.022868243977427483,
          "Left": 0.6885240077972412,
          "Top": 0.5643402934074402
        },
        "Polygon": [
          {
            "X": 0.6885240077972412,
            "Y": 0.5643402934074402
          },
          {
            "X": 0.7050905227661133,
            "Y": 0.564361572265625
          },
          {
            "X": 0.7051190137863159,
            "Y": 0.5872085690498352
          },
          {
            "X": 0.6885486245155334,
            "Y": 0.5871860384941101
          }
        ]
      },
      "Id": "510ee514-e538-4bec-bb3f-0946bf4710b2",
      "Page": 1
    },
    {
      "BlockType": "WORD",
      "Confidence": 99.0799560546875,
      "Text": "+9",
      "TextType": "PRINTED",
      "Geometry": {
        "BoundingBox": {
          "Width": 0.022394215688109398,
          "Height": 0.023687388747930527,
          "Left": 0.7084694504737854,
          "Top": 0.564706563949585
        },
        "Polygon": [
          {
            "X": 0.7084694504737854,
            "Y": 0.564706563949585
          },
          {
            "X": 0.7308278679847717,
            "Y": 0.5647352337837219
          },
          {
            "X": 0.7308636903762817,
            "Y": 0.5883939266204834
          },
          {
            "X": 0.7084997892379761,
            "Y": 0.5883634090423584
          }
        ]
      },
      "Id": "9b63e503-880f-47e9-9680-69ac1e3f4a2c",
      "Page": 1
    },
    {
      "BlockType": "TABLE",
      "Confidence": 99.21875,
      "Geometry": {
        "BoundingBox": {
          "Width": 0.5265676975250244,
          "Height": 0.20811764895915985,
          "Left": 0.23671573400497437,
          "Top": 0.39446181058883667
        },
        "Polygon": [
          {
            "X": 0.23745828866958618,
            "Y": 0.39446181058883667
          },
          {
            "X": 0.7628995776176453,
            "Y": 0.39482757449150085
          },
          {
            "X": 0.7632834315299988,
            "Y": 0.6025794744491577
          },
          {
            "X": 0.23671573400497437,
            "Y": 0.6018353700637817
          }
        ]
      },
      "Id": "0a5f1885-e7ab-47d5-92d7-80a5f61d7d0a",
      "Relationships": [
        {
          "Type": "CHILD",
          "Ids": [
            "baafbdad-5956-41a2-9684-dfb47d98ba08",
            "bb84c339-3353-4029-b0fc-b8bb60374e31",
            "59815ffa-a518-4132-aa53-0ad234916c97",
            "20cdcd2c-b130-4d08-889f-a3cbd5604506",
            "1673d1aa-bdb8-40b2-9201-fa854e91264a",
            "d35600af-d9ab-4a6a-bf40-1b69adbf2c2f",
            "ccb9e3bf-d13e-4749-821f-7f65e75d5ba7",
            "d8293681-3416-457e-922c-d17a160fac6b",
            "74e1b3d7-1947-4c22-a202-98ff9cbc0639",
            "33693564-9bea-4680-8ed6-79d6e8ea0de0",
            "70313013-a2b3-423c-88f6-c54683549aed",
            "9f01f05f-7665-42bc-8357-75954009ff5a",
            "3588f2db-802a-430e-94b4-fd437f0e5211",
            "8c07551f-d3f9-49fa-8e7e-60f67a3493eb",
            "f4fb9052-8620-4252-8bc0-0d408c523c57",
            "04b8ebb9-62c7-4160-9491-e0ce10b75096",
            "dda67f09-7c9b-49dd-a9b0-ee601e01331b",
            "12bd8a84-a1a6-45fb-8d1f-ff60e608baba",
            "b6419ab3-2c76-4b45-8bdb-a283bda42dc1",
            "728bf930-ea35-443a-b916-ed5b33144fb4"
          ]
        }
      ],
      "EntityTypes": [
        "STRUCTURED_TABLE"
      ],
      "Page": 1
    },
    {
      "BlockType": "CELL",
      "Confidence": 89.501953125,
      "RowIndex": 1,
      "ColumnIndex": 1,
      "RowSpan": 1,
      "ColumnSpan": 1,
      "Geometry": {
        "BoundingBox": {
          "Width": 0.11507485061883926,
          "Height": 0.07301986962556839,
          "Left": 0.23719722032546997,
          "Top": 0.39446181058883667
        },
        "Polygon": [
          {
            "X": 0.23745828866958618,
            "Y": 0.39446181058883667
          },
          {
            "X": 0.35227206349372864,
            "Y": 0.39454174041748047
          },
          {
            "X": 0.35209739208221436,
            "Y": 0.46748167276382446
          },
          {
            "X": 0.23719722032546997,
            "Y": 0.46737271547317505
          }
        ]
      },
      "Id": "baafbdad-5956-41a2-9684-dfb47d98ba08",
      "Page": 1
    },
    {
      "BlockType": "CELL",
      "Confidence": 79.296875,
      "RowIndex": 1,
      "ColumnIndex": 2,
      "RowSpan": 1,
      "ColumnSpan": 1,
      "Geometry": {
        "BoundingBox": {
          "Width": 0.10174540430307388,
          "Height": 0.073036327958107,
          "Left": 0.35209739208221436,
          "Top": 0.39454174041748047
        },
        "Polygon": [
          {
            "X": 0.35227206349372864,
            "Y": 0.39454174041748047
          },
          {
            "X": 0.45384281873703003,
            "Y": 0.3946124315261841
          },
          {
            "X": 0.45374464988708496,
            "Y": 0.46757805347442627
          },
          {
            "X": 0.35209739208221436,
            "Y": 0.46748167276382446
          }
        ]
      },
      "Id": "bb84c339-3353-4029-b0fc-b8bb60374e31",
      "Page": 1
    },
    {
      "BlockType": "CELL",
      "Confidence": 92.87109375,
      "RowIndex": 1,
      "ColumnIndex": 3,
      "RowSpan": 1,
      "ColumnSpan": 1,
      "Geometry": {
        "BoundingBox": {
          "Width": 0.1048688143491745,
          "Height": 0.07306503504514694,
          "Left": 0.45374464988708496,
          "Top": 0.3946124315261841
        },
        "Polygon": [
          {
            "X": 0.45384281873703003,
            "Y": 0.3946124315261841
          },
          {
            "X": 0.5586134791374207,
            "Y": 0.3946853578090668
          },
          {
            "X": 0.558594286441803,
            "Y": 0.4676774740219116
          },
          {
            "X": 0.45374464988708496,
            "Y": 0.46757805347442627
          }
        ]
      },
      "Id": "59815ffa-a518-4132-aa53-0ad234916c97",
      "Relationships": [
        {
          "Type": "CHILD",
          "Ids": [
            "807fdbcb-5c33-4d44-a9c1-66ba4ce957d5",
            "3a527641-46aa-47f8-8ace-144d41ba3c4d"
          ]
        }
      ],
      "EntityTypes": [
        "COLUMN_HEADER"
      ],
      "Page": 1
    },
    {
      "BlockType": "CELL",
      "Confidence": 93.798828125,
      "RowIndex": 1,
      "ColumnIndex": 4,
      "RowSpan": 1,
      "ColumnSpan": 1,
      "Geometry": {
        "BoundingBox": {
          "Width": 0.11275894194841385,
          "Height": 0.07309902459383011,
          "Left": 0.558594286441803,
          "Top": 0.3946853578090668
        },
        "Polygon": [
          {
            "X": 0.5586134791374207,
            "Y": 0.3946853578090668
          },
          {
            "X": 0.6712874174118042,
            "Y": 0.3947637975215912
          },
          {
            "X": 0.6713532209396362,
            "Y": 0.4677843749523163
          },
          {
            "X": 0.558594286441803,
            "Y": 0.4676774740219116
          }
        ]
      },
      "Id": "20cdcd2c-b130-4d08-889f-a3cbd5604506",
      "Relationships": [
        {
          "Type": "CHILD",
          "Ids": [
            "9440d997-6b67-4e39-a2aa-febf00413a8b",
            "08980dfe-ae50-4400-a2c5-27d6527dbea9"
          ]
        }
      ],
      "EntityTypes": [
        "COLUMN_HEADER"
      ],
      "Page": 1
    },
    {
      "BlockType": "CELL",
      "Confidence": 90.72265625,
      "RowIndex": 1,
      "ColumnIndex": 5,
      "RowSpan": 1,
      "ColumnSpan": 1,
      "Geometry": {
        "BoundingBox": {
          "Width": 0.09174713492393494,
          "Height": 0.0731075257062912,
          "Left": 0.6712874174118042,
          "Top": 0.3947637975215912
        },
        "Polygon": [
          {
            "X": 0.6712874174118042,
            "Y": 0.3947637975215912
          },
          {
            "X": 0.7628995776176453,
            "Y": 0.39482757449150085
          },
          {
            "X": 0.7630345225334167,
            "Y": 0.4678713083267212
          },
          {
            "X": 0.6713532209396362,
            "Y": 0.4677843749523163
          }
        ]
      },
      "Id": "1673d1aa-bdb8-40b2-9201-fa854e91264a",
      "Relationships": [
        {
          "Type": "CHILD",
          "Ids": [
            "4f0fddac-7a3e-4e71-82ef-b94404ff9bb1",
            "101f8ae7-a92f-4148-89e6-66fcf3f94ec5"
          ]
        }
      ],
      "EntityTypes": [
        "COLUMN_HEADER"
      ],
      "Page": 1
    },
    {
      "BlockType": "CELL",
      "Confidence": 87.3046875,
      "RowIndex": 2,
      "ColumnIndex": 1,
      "RowSpan": 1,
      "ColumnSpan": 1,
      "Geometry": {
        "BoundingBox": {
          "Width": 0.11509466171264648,
          "Height": 0.054440196603536606,
          "Left": 0.23700274527072906,
          "Top": 0.46737271547317505
        },
        "Polygon": [
          {
            "X": 0.23719722032546997,
            "Y": 0.46737271547317505
          },
          {
            "X": 0.35209739208221436,
            "Y": 0.46748167276382446
          },
          {
            "X": 0.35196730494499207,
            "Y": 0.521812915802002
          },
          {
            "X": 0.23700274527072906,
            "Y": 0.5216823220252991
          }
        ]
      },
      "Id": "d35600af-d9ab-4a6a-bf40-1b69adbf2c2f",
      "Relationships": [
        {
          "Type": "CHILD",
          "Ids": [
            "e127fb82-d953-414d-bd75-da23f763b7a4"
          ]
        }
      ],
      "Page": 1
    },
    {
      "BlockType": "CELL",
      "Confidence": 77.34375,
      "RowIndex": 2,
      "ColumnIndex": 2,
      "RowSpan": 1,
      "ColumnSpan": 1,
      "Geometry": {
        "BoundingBox": {
          "Width": 0.10177735239267349,
          "Height": 0.054446782916784286,
          "Left": 0.35196730494499207,
          "Top": 0.46748167276382446
        },
        "Polygon": [
          {
            "X": 0.35209739208221436,
            "Y": 0.46748167276382446
          },
          {
            "X": 0.45374464988708496,
            "Y": 0.46757805347442627
          },
          {
            "X": 0.45367154479026794,
            "Y": 0.5219284296035767
          },
          {
            "X": 0.35196730494499207,
            "Y": 0.521812915802002
          }
        ]
      },
      "Id": "ccb9e3bf-d13e-4749-821f-7f65e75d5ba7",
      "Relationships": [
        {
          "Type": "CHILD",
          "Ids": [
            "0888d272-1fbd-4e3c-99aa-e25dddf6be7f"
          ]
        }
      ],
      "Page": 1
    },
    {
      "BlockType": "CELL",
      "Confidence": 90.576171875,
      "RowIndex": 2,
      "ColumnIndex": 3,
      "RowSpan": 1,
      "ColumnSpan": 1,
      "Geometry": {
        "BoundingBox": {
          "Width": 0.10492274165153503,
          "Height": 0.054469574242830276,
          "Left": 0.45367154479026794,
          "Top": 0.46757805347442627
        },
        "Polygon": [
          {
            "X": 0.45374464988708496,
            "Y": 0.46757805347442627
          },
          {
            "X": 0.558594286441803,
            "Y": 0.4676774740219116
          },
          {
            "X": 0.5585799813270569,
            "Y": 0.5220476388931274
          },
          {
            "X": 0.45367154479026794,
            "Y": 0.5219284296035767
          }
        ]
      },
      "Id": "d8293681-3416-457e-922c-d17a160fac6b",
      "Relationships": [
        {
          "Type": "CHILD",
          "Ids": [
            "febe56c7-fa38-4405-9b5a-2b88eeda0ee4",
            "38a00884-ebae-401b-8709-a2651b25cc1d",
            "3b5b8bc4-e9d1-4a10-9774-25239abfbb1e"
          ]
        }
      ],
      "Page": 1
    },
    {
      "BlockType": "CELL",
      "Confidence": 91.455078125,
      "RowIndex": 2,
      "ColumnIndex": 4,
      "RowSpan": 1,
      "ColumnSpan": 1,
      "Geometry": {
        "BoundingBox": {
          "Width": 0.11282224953174591,
          "Height": 0.05449831858277321,
          "Left": 0.5585799813270569,
          "Top": 0.4676774740219116
        },
        "Polygon": [
          {
            "X": 0.558594286441803,
            "Y": 0.4676774740219116
          },
          {
            "X": 0.6713532209396362,
            "Y": 0.4677843749523163
          },
          {
            "X": 0.6714022755622864,
            "Y": 0.5221757888793945
          },
          {
            "X": 0.5585799813270569,
            "Y": 0.5220476388931274
          }
        ]
      },
      "Id": "74e1b3d7-1947-4c22-a202-98ff9cbc0639",
      "Relationships": [
        {
          "Type": "CHILD",
          "Ids": [
            "030264f8-8d6a-405d-ba6c-0e367d7e6363",
            "a50e2049-7b2c-4474-bd07-2fbbebd409cb",
            "cd70e5b0-a618-43d7-8ba8-044e0f7b17d4"
          ]
        }
      ],
      "Page": 1
    },
    {
      "BlockType": "CELL",
      "Confidence": 88.4765625,
      "RowIndex": 2,
      "ColumnIndex": 5,
      "RowSpan": 1,
      "ColumnSpan": 1,
      "Geometry": {
        "BoundingBox": {
          "Width": 0.0917818620800972,
          "Height": 0.05449560657143593,
          "Left": 0.6713532209396362,
          "Top": 0.4677843749523163
        },
        "Polygon": [
          {
            "X": 0.6713532209396362,
            "Y": 0.4677843749523163
          },
          {
            "X": 0.7630345225334167,
            "Y": 0.4678713083267212
          },
          {
            "X": 0.7631350755691528,
            "Y": 0.5222799777984619
          },
          {
            "X": 0.6714022755622864,
            "Y": 0.5221757888793945
          }
        ]
      },
      "Id": "33693564-9bea-4680-8ed6-79d6e8ea0de0",
      "Relationships": [
        {
          "Type": "CHILD",
          "Ids": [
            "5f789fb5-b65d-4370-97c2-9307ea74c7eb",
            "9ea7c2f1-c15c-48e2-bbb2-52b4f83e1615",
            "34024613-5c53-47a7-8ae3-a71ce00f1ab8"
          ]
        }
      ],
      "Page": 1
    },
    {
      "BlockType": "CELL",
      "Confidence": 81.0546875,
      "RowIndex": 3,
      "ColumnIndex": 1,
      "RowSpan": 1,
      "ColumnSpan": 1,
      "Geometry": {
        "BoundingBox": {
          "Width": 0.11509749293327332,
          "Height": 0.03726990148425102,
          "Left": 0.23686981201171875,
          "Top": 0.5216823220252991
        },
        "Polygon": [
          {
            "X": 0.23700274527072906,
            "Y": 0.5216823220252991
          },
          {
            "X": 0.35196730494499207,
            "Y": 0.521812915802002
          },
          {
            "X": 0.3518783748149872,
            "Y": 0.5589522123336792
          },
          {
            "X": 0.23686981201171875,
            "Y": 0.558806836605072
          }
        ]
      },
      "Id": "70313013-a2b3-423c-88f6-c54683549aed",
      "Relationships": [
        {
          "Type": "CHILD",
          "Ids": [
            "20a1b90f-c99c-4823-b833-9a66ee226859"
          ]
        }
      ],
      "Page": 1
    },
    {
      "BlockType": "CELL",
      "Confidence": 71.826171875,
      "RowIndex": 3,
      "ColumnIndex": 2,
      "RowSpan": 1,
      "ColumnSpan": 1,
      "Geometry": {
        "BoundingBox": {
          "Width": 0.10179316997528076,
          "Height": 0.03726794198155403,
          "Left": 0.3518783748149872,
          "Top": 0.521812915802002
        },
        "Polygon": [
          {
            "X": 0.35196730494499207,
            "Y": 0.521812915802002
          },
          {
            "X": 0.45367154479026794,
            "Y": 0.5219284296035767
          },
          {
            "X": 0.4536215662956238,
            "Y": 0.5590808391571045
          },
          {
            "X": 0.3518783748149872,
            "Y": 0.5589522123336792
          }
        ]
      },
      "Id": "9f01f05f-7665-42bc-8357-75954009ff5a",
      "Relationships": [
        {
          "Type": "CHILD",
          "Ids": [
            "f67931ef-3f51-4d80-895c-eb27213021b5"
          ]
        }
      ],
      "Page": 1
    },
    {
      "BlockType": "CELL",
      "Confidence": 84.08203125,
      "RowIndex": 3,
      "ColumnIndex": 3,
      "RowSpan": 1,
      "ColumnSpan": 1,
      "Geometry": {
        "BoundingBox": {
          "Width": 0.1049584373831749,
          "Height": 0.03728509694337845,
          "Left": 0.4536215662956238,
          "Top": 0.5219284296035767
        },
        "Polygon": [
          {
            "X": 0.45367154479026794,
            "Y": 0.5219284296035767
          },
          {
            "X": 0.5585799813270569,
            "Y": 0.5220476388931274
          },
          {
            "X": 0.5585702061653137,
            "Y": 0.5592135787010193
          },
          {
            "X": 0.4536215662956238,
            "Y": 0.5590808391571045
          }
        ]
      },
      "Id": "3588f2db-802a-430e-94b4-fd437f0e5211",
      "Relationships": [
        {
          "Type": "CHILD",
          "Ids": [
            "3e0963b6-117e-40d7-a7d7-c2e44a3574ee",
            "4bf0e0e0-4069-47f4-bfed-5192f603c5d2"
          ]
        }
      ],
      "Page": 1
    },
    {
      "BlockType": "CELL",
      "Confidence": 84.912109375,
      "RowIndex": 3,
      "ColumnIndex": 4,
      "RowSpan": 1,
      "ColumnSpan": 1,
      "Geometry": {
        "BoundingBox": {
          "Width": 0.11286552995443344,
          "Height": 0.037308625876903534,
          "Left": 0.5585702061653137,
          "Top": 0.5220476388931274
        },
        "Polygon": [
          {
            "X": 0.5585799813270569,
            "Y": 0.5220476388931274
          },
          {
            "X": 0.6714022755622864,
            "Y": 0.5221757888793945
          },
          {
            "X": 0.6714357733726501,
            "Y": 0.5593562722206116
          },
          {
            "X": 0.5585702061653137,
            "Y": 0.5592135787010193
          }
        ]
      },
      "Id": "8c07551f-d3f9-49fa-8e7e-60f67a3493eb",
      "Relationships": [
        {
          "Type": "CHILD",
          "Ids": [
            "10baa883-5da8-45bb-89dc-28b141955ed4",
            "32eb6a2a-e0dd-49c4-b694-d94c11037e58",
            "483479b6-5729-4606-a3a2-1b80a60dc952"
          ]
        }
      ],
      "Page": 1
    },
    {
      "BlockType": "CELL",
      "Confidence": 82.12890625,
      "RowIndex": 3,
      "ColumnIndex": 5,
      "RowSpan": 1,
      "ColumnSpan": 1,
      "Geometry": {
        "BoundingBox": {
          "Width": 0.09180156141519547,
          "Height": 0.03729648515582085,
          "Left": 0.6714022755622864,
          "Top": 0.5221757888793945
        },
        "Polygon": [
          {
            "X": 0.6714022755622864,
            "Y": 0.5221757888793945
          },
          {
            "X": 0.7631350755691528,
            "Y": 0.5222799777984619
          },
          {
            "X": 0.7632037997245789,
            "Y": 0.5594722628593445
          },
          {
            "X": 0.6714357733726501,
            "Y": 0.5593562722206116
          }
        ]
      },
      "Id": "f4fb9052-8620-4252-8bc0-0d408c523c57",
      "Relationships": [
        {
          "Type": "CHILD",
          "Ids": [
            "fdac194a-8b7e-4d23-8ff6-e6b0dff4ece9",
            "7b2d6dee-39cd-40f3-8fba-cca5e26c854a"
          ]
        }
      ],
      "Page": 1
    },
    {
      "BlockType": "CELL",
      "Confidence": 87.3046875,
      "RowIndex": 4,
      "ColumnIndex": 1,
      "RowSpan": 1,
      "ColumnSpan": 1,
      "Geometry": {
        "BoundingBox": {
          "Width": 0.11516264081001282,
          "Height": 0.04319113492965698,
          "Left": 0.23671573400497437,
          "Top": 0.558806836605072
        },
        "Polygon": [
          {
            "X": 0.23686981201171875,
            "Y": 0.558806836605072
          },
          {
            "X": 0.3518783748149872,
            "Y": 0.5589522123336792
          },
          {
            "X": 0.35177528858184814,
            "Y": 0.601997971534729
          },
          {
            "X": 0.23671573400497437,
            "Y": 0.6018353700637817
          }
        ]
      },
      "Id": "04b8ebb9-62c7-4160-9491-e0ce10b75096",
      "Relationships": [
        {
          "Type": "CHILD",
          "Ids": [
            "03609041-1277-49ef-8f10-59ab51794333",
            "fe2cc2d3-955b-4d30-8888-49ce8a58df14"
          ]
        }
      ],
      "Page": 1
    },
    {
      "BlockType": "CELL",
      "Confidence": 77.34375,
      "RowIndex": 4,
      "ColumnIndex": 2,
      "RowSpan": 1,
      "ColumnSpan": 1,
      "Geometry": {
        "BoundingBox": {
          "Width": 0.10184627026319504,
          "Height": 0.04318956658244133,
          "Left": 0.35177528858184814,
          "Top": 0.5589522123336792
        },
        "Polygon": [
          {
            "X": 0.3518783748149872,
            "Y": 0.5589522123336792
          },
          {
            "X": 0.4536215662956238,
            "Y": 0.5590808391571045
          },
          {
            "X": 0.4535636305809021,
            "Y": 0.602141797542572
          },
          {
            "X": 0.35177528858184814,
            "Y": 0.601997971534729
          }
        ]
      },
      "Id": "dda67f09-7c9b-49dd-a9b0-ee601e01331b",
      "Relationships": [
        {
          "Type": "CHILD",
          "Ids": [
            "ee4221ca-7edd-4faa-9e36-19410915339c"
          ]
        }
      ],
      "Page": 1
    },
    {
      "BlockType": "CELL",
      "Confidence": 90.576171875,
      "RowIndex": 4,
      "ColumnIndex": 3,
      "RowSpan": 1,
      "ColumnSpan": 1,
      "Geometry": {
        "BoundingBox": {
          "Width": 0.10500659793615341,
          "Height": 0.043209295719861984,
          "Left": 0.4535636305809021,
          "Top": 0.5590808391571045
        },
        "Polygon": [
          {
            "X": 0.4536215662956238,
            "Y": 0.5590808391571045
          },
          {
            "X": 0.5585702061653137,
            "Y": 0.5592135787010193
          },
          {
            "X": 0.5585588812828064,
            "Y": 0.602290153503418
          },
          {
            "X": 0.4535636305809021,
            "Y": 0.602141797542572
          }
        ]
      },
      "Id": "12bd8a84-a1a6-45fb-8d1f-ff60e608baba",
      "Relationships": [
        {
          "Type": "CHILD",
          "Ids": [
            "187ce427-1228-45ac-97e6-bd40ea38acab",
            "d81649b0-8702-48ab-8c3a-8a77c1209e88",
            "1fa67e36-c3b3-4fc3-8f64-156f50dab9d1"
          ]
        }
      ],
      "Page": 1
    },
    {
      "BlockType": "CELL",
      "Confidence": 91.455078125,
      "RowIndex": 4,
      "ColumnIndex": 4,
      "RowSpan": 1,
      "ColumnSpan": 1,
      "Geometry": {
        "BoundingBox": {
          "Width": 0.11291568726301193,
          "Height": 0.04323616623878479,
          "Left": 0.5585588812828064,
          "Top": 0.5592135787010193
        },
        "Polygon": [
          {
            "X": 0.5585702061653137,
            "Y": 0.5592135787010193
          },
          {
            "X": 0.6714357733726501,
            "Y": 0.5593562722206116
          },
          {
            "X": 0.6714745759963989,
            "Y": 0.6024497151374817
          },
          {
            "X": 0.5585588812828064,
            "Y": 0.602290153503418
          }
        ]
      },
      "Id": "b6419ab3-2c76-4b45-8bdb-a283bda42dc1",
      "Relationships": [
        {
          "Type": "CHILD",
          "Ids": [
            "c2e4d12d-8b79-49c7-a391-2cab8dfe9a62",
            "90f75318-fb43-40bd-a5aa-1b6b990b5897",
            "0ea9de01-ac23-4b00-ad81-2d58da416606"
          ]
        }
      ],
      "Page": 1
    },
    {
      "BlockType": "CELL",
      "Confidence": 88.4765625,
      "RowIndex": 4,
      "ColumnIndex": 5,
      "RowSpan": 1,
      "ColumnSpan": 1,
      "Geometry": {
        "BoundingBox": {
          "Width": 0.09184770286083221,
          "Height": 0.04322320222854614,
          "Left": 0.6714357733726501,
          "Top": 0.5593562722206116
        },
        "Polygon": [
          {
            "X": 0.6714357733726501,
            "Y": 0.5593562722206116
          },
          {
            "X": 0.7632037997245789,
            "Y": 0.5594722628593445
          },
          {
            "X": 0.7632834315299988,
            "Y": 0.6025794744491577
          },
          {
            "X": 0.6714745759963989,
            "Y": 0.6024497151374817
          }
        ]
      },
      "Id": "728bf930-ea35-443a-b916-ed5b33144fb4",
      "Relationships": [
        {
          "Type": "CHILD",
          "Ids": [
            "510ee514-e538-4bec-bb3f-0946bf4710b2",
            "9b63e503-880f-47e9-9680-69ac1e3f4a2c"
          ]
        }
      ],
      "Page": 1
    }
  ],
  "AnalyzeDocumentModelVersion": "1.0"
}