"'","'Brand","'Composition",
"'Substrate","'artBloc Temp","'PMMA unfilled",
"'","'exp. CAD/CAM composite","'Polymeric composite with inorganic fillers",
"'Adhesive system","'Monobond Plus","'Silane methacrylate, phosphoric acid methacrylate, sulfide methacrylate in an alcoholic solvent",
"'","'Heliobond visio.link","'Bis-GMA, TEGDMA, initiators, stabilizers MMA, PETIA, photoinitiator",
"'","'Ambarino P60","'DMA based on phosphor acidesters and phosphon acidesters",
"'","'Exp. VP connect","'MMA",
"'Resin composite cement","'Clearfil SA Cement","'Paste A: MDP, Bis-GMA, TEGDMA, DMA, Ba-Al fluorosilicate glass, SiO2, benzoyl peroxide, initiators Paste B: Bis-GMA, DMA, Ba-Al fluorosilicate glass, SiO2, pigments",
"'","'Variolink II","'Bis-GMA, TEGDMA, UDMA, benzoyl peroxide, inorganic fillers, ytterbium trifluoride, Ba-Al fluorosilicate glass, spheroid mixed oxide, initiators, stabilizers, pigments",
,,

'Confidence Scores % (Table Cell)
"'89.40429688","'86.91406250","'96.63085938",
"'78.51562500","'76.31835938","'84.81445313",
"'78.85742188","'76.66015625","'85.20507813",
"'45.43457031","'66.01562500","'73.38867188",
"'45.43457031","'41.87011719","'46.53320313",
"'45.43457031","'63.37890625","'70.45898438",
"'45.43457031","'71.53320313","'79.54101563",
"'42.89550781","'41.69921875","'46.33789063",
"'46.82617188","'45.53222656","'50.58593750",
