{
  "DocumentMetadata": {
    "Pages": 1
  },
  "JobStatus": "SUCCEEDED",
  "Blocks": [
    {
      "BlockType": "PAGE",
      "Geometry": {
        "BoundingBox": {
          "Width": 1,
          "Height": 1,
          "Left": 0,
          "Top": 0
        },
        "Polygon": [
          {
            "X": 0,
            "Y": 0
          },
          {
            "X": 1,
            "Y": 0.0000012293386362216552
          },
          {
            "X": 1,
            "Y": 1
          },
          {
            "X": 0.000017764312360668555,
            "Y": 1
          }
        ]
      },
      "Id": "f352d108-0809-4582-8977-9bc9c106e3da",
      "Relationships": [
        {
          "Type": "CHILD",
          "Ids": [
            "17bb4eff-641e-41e7-8e8e-efa4748ebebe",
            "8ce14bf0-24df-4292-b219-5db2c603e345",
            "0ab804d5-c739-4b81-8d19-8c1cc5390525",
            "82031194-1155-49f4-9789-4ce43573f6ff",
            "7112f088-fd30-416b-8c18-7d902d388fbc",
            "1ac16e43-af6d-4d5f-b2fe-757a05bce940",
            "b8ae1e55-b796-43fb-8923-dd8a635b5a9e",
            "3a2a5bf0-ae41-46fa-9e93-39e17ec38088",
            "159fc15c-0c45-45dc-b93c-a30fa04c077e",
            "e699117e-78b6-4d5a-bf5c-2ab136b0f99f",
            "becea82c-4e2b-4cde-8e67-5a3bbf7cb9d3",
            "69f2d522-9faa-4cb8-afd1-51a550c2886d",
            "1956d1a1-c9ed-4a60-b491-9c087b6928d6",
            "c615a336-818a-4d33-a9eb-a2ee1e473061",
            "c7cd6a65-a814-4498-8f02-4bc69b852136",
            "22cebb4a-50e7-4a59-a984-afeb980e3e0c",
            "26d66145-9a62-4e1d-a9fd-0b4957831c1b",
            "f44fb7eb-7a85-49f6-86d8-c90b0d8a5999",
            "b9783d64-0cb1-4441-83ba-d64b0eb2706a",
            "207779a6-eff2-4615-b802-04505e9d41ac",
            "ee31af6b-0112-48c8-86a8-0be54d9419d2",
            "f1e263e0-8d5d-4e51-99d0-263093599bc1",
            "29412b7a-4028-45b2-a2e1-fe26ce1a3a15",
            "a785c093-5761-4ffc-92a3-cc3838688189",
            "b9d33a37-8681-4e1e-9cd3-87f4007c257c"
          ]
        }
      ],
      "Page": 1
    },
    {
      "BlockType": "LINE",
      "Confidence": 99.7830810546875,
      "Text": "Samples",
      "Geometry": {
        "BoundingBox": {
          "Width": 0.05294163525104523,
          "Height": 0.025147568434476852,
          "Left": 0.2549950182437897,
          "Top": 0.40932324528694153
        },
        "Polygon": [
          {
            "X": 0.2549950182437897,
            "Y": 0.40932324528694153
          },
          {
            "X": 0.3077961504459381,
            "Y": 0.40933725237846375
          },
          {
            "X": 0.3079366385936737,
            "Y": 0.4344708323478699
          },
          {
            "X": 0.25513795018196106,
            "Y": 0.4344608783721924
          }
        ]
      },
      "Id": "17bb4eff-641e-41e7-8e8e-efa4748ebebe",
      "Relationships": [
        {
          "Type": "CHILD",
          "Ids": [
            "364d89e4-5f39-4f83-bc0c-34f88c1b35d7"
          ]
        }
      ],
      "Page": 1
    },
    {
      "BlockType": "LINE",
      "Confidence": 99.49347686767578,
      "Text": "Cured epoxy APP-MMT OPS DOPO P content Si content",
      "Geometry": {
        "BoundingBox": {
          "Width": 0.4008202850818634,
          "Height": 0.025858204811811447,
          "Left": 0.3574039936065674,
          "Top": 0.408915251493454
        },
        "Polygon": [
          {
            "X": 0.3574039936065674,
            "Y": 0.408915251493454
          },
          {
            "X": 0.7581014633178711,
            "Y": 0.40902209281921387
          },
          {
            "X": 0.7582243084907532,
            "Y": 0.4347734749317169
          },
          {
            "X": 0.35754576325416565,
            "Y": 0.4346981942653656
          }
        ]
      },
      "Id": "8ce14bf0-24df-4292-b219-5db2c603e345",
      "Relationships": [
        {
          "Type": "CHILD",
          "Ids": [
            "db52ca73-1df8-49f5-8d03-4d5c273393f1",
            "5023bbc0-4954-4dcb-ac79-d03069b5eeda",
            "faac61d7-2e19-4ac3-934f-b66b12a01101",
            "9c11f504-ffac-4e65-8144-12080bd24688",
            "b008357f-4606-471a-9d57-2dfcc7e161f1",
            "22e65e04-4f9a-4528-b2b1-f9e77aa260ad",
            "09c041a4-9545-4797-af00-45ce850cd54e",
            "16238897-f731-4c81-bb52-7ea60748dc04",
            "4fb6dfcf-1a68-41ac-8a54-9a2c48b4b206"
          ]
        }
      ],
      "Page": 1
    },
    {
      "BlockType": "LINE",
      "Confidence": 99.5265121459961,
      "Text": "resins",
      "Geometry": {
        "BoundingBox": {
          "Width": 0.03940099477767944,
          "Height": 0.020238196477293968,
          "Left": 0.35568660497665405,
          "Top": 0.44225209951400757
        },
        "Polygon": [
          {
            "X": 0.35568660497665405,
            "Y": 0.44225209951400757
          },
          {
            "X": 0.39497771859169006,
            "Y": 0.4422585666179657
          },
          {
            "X": 0.3950875997543335,
            "Y": 0.4624902904033661
          },
          {
            "X": 0.3557979464530945,
            "Y": 0.46248623728752136
          }
        ]
      },
      "Id": "0ab804d5-c739-4b81-8d19-8c1cc5390525",
      "Relationships": [
        {
          "Type": "CHILD",
          "Ids": [
            "cdfea31b-1ddd-4045-9fcb-e065d7ee0f42"
          ]
        }
      ],
      "Page": 1
    },
    {
      "BlockType": "LINE",
      "Confidence": 99.71759033203125,
      "Text": "Pure EP",
      "Geometry": {
        "BoundingBox": {
          "Width": 0.04856638237833977,
          "Height": 0.020202837884426117,
          "Left": 0.25548988580703735,
          "Top": 0.48978912830352783
        },
        "Polygon": [
          {
            "X": 0.25548988580703735,
            "Y": 0.48978912830352783
          },
          {
            "X": 0.3039431869983673,
            "Y": 0.48979008197784424
          },
          {
            "X": 0.3040562570095062,
            "Y": 0.5099899172782898
          },
          {
            "X": 0.25560474395751953,
            "Y": 0.5099920034408569
          }
        ]
      },
      "Id": "82031194-1155-49f4-9789-4ce43573f6ff",
      "Relationships": [
        {
          "Type": "CHILD",
          "Ids": [
            "182aa2b6-b02b-4545-bedc-74d7e23f3c55",
            "81dd05d5-0058-49df-a0f7-0935ee76637a"
          ]
        }
      ],
      "Page": 1
    },
    {
      "BlockType": "LINE",
      "Confidence": 68.23426055908203,
      "Text": "100.0",
      "Geometry": {
        "BoundingBox": {
          "Width": 0.03420021012425423,
          "Height": 0.020175762474536896,
          "Left": 0.3583584725856781,
          "Top": 0.49006223678588867
        },
        "Polygon": [
          {
            "X": 0.3583584725856781,
            "Y": 0.49006223678588867
          },
          {
            "X": 0.3924490213394165,
            "Y": 0.4900628924369812
          },
          {
            "X": 0.3925586938858032,
            "Y": 0.5102365612983704
          },
          {
            "X": 0.3584693968296051,
            "Y": 0.510237991809845
          }
        ]
      },
      "Id": "7112f088-fd30-416b-8c18-7d902d388fbc",
      "Relationships": [
        {
          "Type": "CHILD",
          "Ids": [
            "cb48fb36-af72-48dd-92a2-748697959589"
          ]
        }
      ],
      "Page": 1
    },
    {
      "BlockType": "LINE",
      "Confidence": 94.08751678466797,
      "Text": "/",
      "Geometry": {
        "BoundingBox": {
          "Width": 0.00510769709944725,
          "Height": 0.024701181799173355,
          "Left": 0.45058685541152954,
          "Top": 0.48985084891319275
        },
        "Polygon": [
          {
            "X": 0.45058685541152954,
            "Y": 0.48985084891319275
          },
          {
            "X": 0.45556312799453735,
            "Y": 0.4898509383201599
          },
          {
            "X": 0.4556945562362671,
            "Y": 0.5145517587661743
          },
          {
            "X": 0.4507185220718384,
            "Y": 0.5145520567893982
          }
        ]
      },
      "Id": "1ac16e43-af6d-4d5f-b2fe-757a05bce940",
      "Relationships": [
        {
          "Type": "CHILD",
          "Ids": [
            "3f38cb7c-93e4-42c5-bcfb-1fbb2e5fe79b"
          ]
        }
      ],
      "Page": 1
    },
    {
      "BlockType": "LINE",
      "Confidence": 99.22964477539062,
      "Text": "/",
      "Geometry": {
        "BoundingBox": {
          "Width": 0.005681759212166071,
          "Height": 0.02565637044608593,
          "Left": 0.5317894816398621,
          "Top": 0.489513099193573
        },
        "Polygon": [
          {
            "X": 0.5317894816398621,
            "Y": 0.489513099193573
          },
          {
            "X": 0.5373385548591614,
            "Y": 0.48951321840286255
          },
          {
            "X": 0.5374712347984314,
            "Y": 0.5151691436767578
          },
          {
            "X": 0.5319223999977112,
            "Y": 0.5151695013046265
          }
        ]
      },
      "Id": "b8ae1e55-b796-43fb-8923-dd8a635b5a9e",
      "Relationships": [
        {
          "Type": "CHILD",
          "Ids": [
            "904a8216-e789-4e96-84f7-0ea0b881ce39"
          ]
        }
      ],
      "Page": 1
    },
    {
      "BlockType": "LINE",
      "Confidence": 99.45097351074219,
      "Text": "/",
      "Geometry": {
        "BoundingBox": {
          "Width": 0.006292152684181929,
          "Height": 0.025233974680304527,
          "Left": 0.5691366791725159,
          "Top": 0.4894413352012634
        },
        "Polygon": [
          {
            "X": 0.5691366791725159,
            "Y": 0.4894413352012634
          },
          {
            "X": 0.5753000378608704,
            "Y": 0.48944148421287537
          },
          {
            "X": 0.5754287838935852,
            "Y": 0.514674961566925
          },
          {
            "X": 0.5692657232284546,
            "Y": 0.5146753191947937
          }
        ]
      },
      "Id": "3a2a5bf0-ae41-46fa-9e93-39e17ec38088",
      "Relationships": [
        {
          "Type": "CHILD",
          "Ids": [
            "ae21f145-c5e1-4af4-9bd6-2791509e2928"
          ]
        }
      ],
      "Page": 1
    },
    {
      "BlockType": "LINE",
      "Confidence": 96.17343139648438,
      "Text": "/",
      "Geometry": {
        "BoundingBox": {
          "Width": 0.005567894782871008,
          "Height": 0.025081602856516838,
          "Left": 0.6199800372123718,
          "Top": 0.4895743131637573
        },
        "Polygon": [
          {
            "X": 0.6199800372123718,
            "Y": 0.4895743131637573
          },
          {
            "X": 0.6254222393035889,
            "Y": 0.4895744323730469
          },
          {
            "X": 0.6255479454994202,
            "Y": 0.514655590057373
          },
          {
            "X": 0.6201059818267822,
            "Y": 0.5146558880805969
          }
        ]
      },
      "Id": "159fc15c-0c45-45dc-b93c-a30fa04c077e",
      "Relationships": [
        {
          "Type": "CHILD",
          "Ids": [
            "48786f00-4fb3-4cf3-a69a-d159ec595def"
          ]
        }
      ],
      "Page": 1
    },
    {
      "BlockType": "LINE",
      "Confidence": 84.82210540771484,
      "Text": "/",
      "Geometry": {
        "BoundingBox": {
          "Width": 0.005238780286163092,
          "Height": 0.024375129491090775,
          "Left": 0.6933873295783997,
          "Top": 0.48992547392845154
        },
        "Polygon": [
          {
            "X": 0.6933873295783997,
            "Y": 0.48992547392845154
          },
          {
            "X": 0.6985071897506714,
            "Y": 0.4899255633354187
          },
          {
            "X": 0.6986261010169983,
            "Y": 0.5143002867698669
          },
          {
            "X": 0.6935064792633057,
            "Y": 0.5143005847930908
          }
        ]
      },
      "Id": "e699117e-78b6-4d5a-bf5c-2ab136b0f99f",
      "Relationships": [
        {
          "Type": "CHILD",
          "Ids": [
            "5bf11e69-8e8a-45ec-a40a-225ab37b40dc"
          ]
        }
      ],
      "Page": 1
    },
    {
      "BlockType": "LINE",
      "Confidence": 98.58953094482422,
      "Text": "EP/APP-MMT",
      "Geometry": {
        "BoundingBox": {
          "Width": 0.0897454246878624,
          "Height": 0.023235827684402466,
          "Left": 0.25542372465133667,
          "Top": 0.5219736099243164
        },
        "Polygon": [
          {
            "X": 0.25542372465133667,
            "Y": 0.5219807028770447
          },
          {
            "X": 0.345040887594223,
            "Y": 0.5219736099243164
          },
          {
            "X": 0.3451691269874573,
            "Y": 0.5451960563659668
          },
          {
            "X": 0.25555577874183655,
            "Y": 0.5452094674110413
          }
        ]
      },
      "Id": "becea82c-4e2b-4cde-8e67-5a3bbf7cb9d3",
      "Relationships": [
        {
          "Type": "CHILD",
          "Ids": [
            "65aa3549-f70b-45f0-8cf3-69042608fcb6"
          ]
        }
      ],
      "Page": 1
    },
    {
      "BlockType": "LINE",
      "Confidence": 99.87846374511719,
      "Text": "94.8",
      "Geometry": {
        "BoundingBox": {
          "Width": 0.026647230610251427,
          "Height": 0.020479585975408554,
          "Left": 0.36532920598983765,
          "Top": 0.5221856832504272
        },
        "Polygon": [
          {
            "X": 0.36532920598983765,
            "Y": 0.5221877694129944
          },
          {
            "X": 0.3918651044368744,
            "Y": 0.5221856832504272
          },
          {
            "X": 0.3919764459133148,
            "Y": 0.5426614880561829
          },
          {
            "X": 0.36544153094291687,
            "Y": 0.5426652431488037
          }
        ]
      },
      "Id": "69f2d522-9faa-4cb8-afd1-51a550c2886d",
      "Relationships": [
        {
          "Type": "CHILD",
          "Ids": [
            "2fddb1ae-ff4c-4b22-aa42-55b0911d136e"
          ]
        }
      ],
      "Page": 1
    },
    {
      "BlockType": "LINE",
      "Confidence": 69.32591247558594,
      "Text": "10,0",
      "Geometry": {
        "BoundingBox": {
          "Width": 0.026036135852336884,
          "Height": 0.02049628086388111,
          "Left": 0.45206770300865173,
          "Top": 0.5219718813896179
        },
        "Polygon": [
          {
            "X": 0.45206770300865173,
            "Y": 0.5219739079475403
          },
          {
            "X": 0.4779956340789795,
            "Y": 0.5219718813896179
          },
          {
            "X": 0.4781038463115692,
            "Y": 0.5424644947052002
          },
          {
            "X": 0.45217689871788025,
            "Y": 0.5424681901931763
          }
        ]
      },
      "Id": "1956d1a1-c9ed-4a60-b491-9c087b6928d6",
      "Relationships": [
        {
          "Type": "CHILD",
          "Ids": [
            "de942e6c-c937-473f-958d-677bac8d5d64"
          ]
        }
      ],
      "Page": 1
    },
    {
      "BlockType": "LINE",
      "Confidence": 98.18618774414062,
      "Text": "/",
      "Geometry": {
        "BoundingBox": {
          "Width": 0.005600853357464075,
          "Height": 0.023926835507154465,
          "Left": 0.5323981046676636,
          "Top": 0.5224074125289917
        },
        "Polygon": [
          {
            "X": 0.5323981046676636,
            "Y": 0.5224078893661499
          },
          {
            "X": 0.537875235080719,
            "Y": 0.5224074125289917
          },
          {
            "X": 0.5379989743232727,
            "Y": 0.5463334321975708
          },
          {
            "X": 0.5325220823287964,
            "Y": 0.5463342666625977
          }
        ]
      },
      "Id": "c615a336-818a-4d33-a9eb-a2ee1e473061",
      "Relationships": [
        {
          "Type": "CHILD",
          "Ids": [
            "b9dfa1d4-8b8a-434b-9557-fb796ff4f878"
          ]
        }
      ],
      "Page": 1
    },
    {
      "BlockType": "LINE",
      "Confidence": 98.7810287475586,
      "Text": "/",
      "Geometry": {
        "BoundingBox": {
          "Width": 0.006795856636017561,
          "Height": 0.02590089477598667,
          "Left": 0.5690076947212219,
          "Top": 0.5211455225944519
        },
        "Polygon": [
          {
            "X": 0.5690076947212219,
            "Y": 0.5211459994316101
          },
          {
            "X": 0.5756714344024658,
            "Y": 0.5211455225944519
          },
          {
            "X": 0.5758035778999329,
            "Y": 0.5470453500747681
          },
          {
            "X": 0.5691401958465576,
            "Y": 0.547046422958374
          }
        ]
      },
      "Id": "c7cd6a65-a814-4498-8f02-4bc69b852136",
      "Relationships": [
        {
          "Type": "CHILD",
          "Ids": [
            "d889911d-8bab-4e9b-a25b-6f9d06e8d33d"
          ]
        }
      ],
      "Page": 1
    },
    {
      "BlockType": "LINE",
      "Confidence": 56.30338668823242,
      "Text": "=3,3",
      "Geometry": {
        "BoundingBox": {
          "Width": 0.030061809346079826,
          "Height": 0.020479831844568253,
          "Left": 0.6222772002220154,
          "Top": 0.5219025611877441
        },
        "Polygon": [
          {
            "X": 0.6222772002220154,
            "Y": 0.5219049453735352
          },
          {
            "X": 0.6522374153137207,
            "Y": 0.5219025611877441
          },
          {
            "X": 0.652338981628418,
            "Y": 0.5423781871795654
          },
          {
            "X": 0.6223799586296082,
            "Y": 0.5423824191093445
          }
        ]
      },
      "Id": "22cebb4a-50e7-4a59-a984-afeb980e3e0c",
      "Relationships": [
        {
          "Type": "CHILD",
          "Ids": [
            "e7d1434b-7cd3-4695-9dfd-724389648878"
          ]
        }
      ],
      "Page": 1
    },
    {
      "BlockType": "LINE",
      "Confidence": 89.84751892089844,
      "Text": "/",
      "Geometry": {
        "BoundingBox": {
          "Width": 0.0048698908649384975,
          "Height": 0.024074126034975052,
          "Left": 0.6937606334686279,
          "Top": 0.5223230719566345
        },
        "Polygon": [
          {
            "X": 0.6937606334686279,
            "Y": 0.5223234295845032
          },
          {
            "X": 0.6985130906105042,
            "Y": 0.5223230719566345
          },
          {
            "X": 0.6986305117607117,
            "Y": 0.5463964343070984
          },
          {
            "X": 0.6938782930374146,
            "Y": 0.5463972091674805
          }
        ]
      },
      "Id": "26d66145-9a62-4e1d-a9fd-0b4957831c1b",
      "Relationships": [
        {
          "Type": "CHILD",
          "Ids": [
            "bcaa3c17-c00f-4360-86d9-959837a5bc4e"
          ]
        }
      ],
      "Page": 1
    },
    {
      "BlockType": "LINE",
      "Confidence": 98.98535919189453,
      "Text": "EP/OPS/DOPO",
      "Geometry": {
        "BoundingBox": {
          "Width": 0.08758189529180527,
          "Height": 0.024389682337641716,
          "Left": 0.25518500804901123,
          "Top": 0.5537320971488953
        },
        "Polygon": [
          {
            "X": 0.25518500804901123,
            "Y": 0.5537474155426025
          },
          {
            "X": 0.3426322042942047,
            "Y": 0.5537320971488953
          },
          {
            "X": 0.3427669107913971,
            "Y": 0.5780999064445496
          },
          {
            "X": 0.2553236186504364,
            "Y": 0.5781217813491821
          }
        ]
      },
      "Id": "f44fb7eb-7a85-49f6-86d8-c90b0d8a5999",
      "Relationships": [
        {
          "Type": "CHILD",
          "Ids": [
            "64ef5853-afc5-4ccc-904d-3e58fdb2d16f"
          ]
        }
      ],
      "Page": 1
    },
    {
      "BlockType": "LINE",
      "Confidence": 85.87673950195312,
      "Text": "94.8",
      "Geometry": {
        "BoundingBox": {
          "Width": 0.026607397943735123,
          "Height": 0.01972259022295475,
          "Left": 0.36541247367858887,
          "Top": 0.5546426773071289
        },
        "Polygon": [
          {
            "X": 0.36541247367858887,
            "Y": 0.5546473860740662
          },
          {
            "X": 0.39191266894340515,
            "Y": 0.5546426773071289
          },
          {
            "X": 0.3920198678970337,
            "Y": 0.5743589401245117
          },
          {
            "X": 0.3655206263065338,
            "Y": 0.5743652582168579
          }
        ]
      },
      "Id": "b9783d64-0cb1-4441-83ba-d64b0eb2706a",
      "Relationships": [
        {
          "Type": "CHILD",
          "Ids": [
            "4fa1ab16-8f9e-4896-9876-f58672ef214d"
          ]
        }
      ],
      "Page": 1
    },
    {
      "BlockType": "LINE",
      "Confidence": 97.89559173583984,
      "Text": "/",
      "Geometry": {
        "BoundingBox": {
          "Width": 0.006351063027977943,
          "Height": 0.027437305077910423,
          "Left": 0.4496544897556305,
          "Top": 0.5530399084091187
        },
        "Polygon": [
          {
            "X": 0.4496544897556305,
            "Y": 0.5530409812927246
          },
          {
            "X": 0.45585957169532776,
            "Y": 0.5530399084091187
          },
          {
            "X": 0.4560055732727051,
            "Y": 0.5804756283760071
          },
          {
            "X": 0.4498007893562317,
            "Y": 0.580477237701416
          }
        ]
      },
      "Id": "207779a6-eff2-4615-b802-04505e9d41ac",
      "Relationships": [
        {
          "Type": "CHILD",
          "Ids": [
            "ef76adf2-2ccd-4776-b71c-f331853bec6f"
          ]
        }
      ],
      "Page": 1
    },
    {
      "BlockType": "LINE",
      "Confidence": 99.27470397949219,
      "Text": "2.5",
      "Geometry": {
        "BoundingBox": {
          "Width": 0.019160892814397812,
          "Height": 0.021302122622728348,
          "Left": 0.5319488048553467,
          "Top": 0.5537106990814209
        },
        "Polygon": [
          {
            "X": 0.5319488048553467,
            "Y": 0.5537140369415283
          },
          {
            "X": 0.5510000586509705,
            "Y": 0.5537106990814209
          },
          {
            "X": 0.5511097311973572,
            "Y": 0.5750082731246948
          },
          {
            "X": 0.5320591926574707,
            "Y": 0.5750128626823425
          }
        ]
      },
      "Id": "ee31af6b-0112-48c8-86a8-0be54d9419d2",
      "Relationships": [
        {
          "Type": "CHILD",
          "Ids": [
            "61a2a1cb-316c-4f78-a8a1-56e3acc03487"
          ]
        }
      ],
      "Page": 1
    },
    {
      "BlockType": "LINE",
      "Confidence": 98.92601013183594,
      "Text": "2.5",
      "Geometry": {
        "BoundingBox": {
          "Width": 0.019408637657761574,
          "Height": 0.02141832560300827,
          "Left": 0.5696699023246765,
          "Top": 0.5536924600601196
        },
        "Polygon": [
          {
            "X": 0.5696699023246765,
            "Y": 0.553695797920227
          },
          {
            "X": 0.5889697670936584,
            "Y": 0.5536924600601196
          },
          {
            "X": 0.5890785455703735,
            "Y": 0.5751060843467712
          },
          {
            "X": 0.5697793960571289,
            "Y": 0.5751107335090637
          }
        ]
      },
      "Id": "f1e263e0-8d5d-4e51-99d0-263093599bc1",
      "Relationships": [
        {
          "Type": "CHILD",
          "Ids": [
            "19db9f2e-9ebf-4561-9283-a04560802012"
          ]
        }
      ],
      "Page": 1
    },
    {
      "BlockType": "LINE",
      "Confidence": 92.8050537109375,
      "Text": "0.54",
      "Geometry": {
        "BoundingBox": {
          "Width": 0.02758653461933136,
          "Height": 0.02088741958141327,
          "Left": 0.6202525496482849,
          "Top": 0.5539513230323792
        },
        "Polygon": [
          {
            "X": 0.6202525496482849,
            "Y": 0.553956151008606
          },
          {
            "X": 0.6477352976799011,
            "Y": 0.5539513230323792
          },
          {
            "X": 0.6478390693664551,
            "Y": 0.5748321413993835
          },
          {
            "X": 0.6203573942184448,
            "Y": 0.5748387575149536
          }
        ]
      },
      "Id": "29412b7a-4028-45b2-a2e1-fe26ce1a3a15",
      "Relationships": [
        {
          "Type": "CHILD",
          "Ids": [
            "ed7e11f4-b0f8-4dc1-a7cb-4732e79cb1ce"
          ]
        }
      ],
      "Page": 1
    },
    {
      "BlockType": "LINE",
      "Confidence": 97.76348876953125,
      "Text": "0.36",
      "Geometry": {
        "BoundingBox": {
          "Width": 0.027034569531679153,
          "Height": 0.020417140796780586,
          "Left": 0.6939957737922668,
          "Top": 0.5541146397590637
        },
        "Polygon": [
          {
            "X": 0.6939957737922668,
            "Y": 0.5541194081306458
          },
          {
            "X": 0.7209315896034241,
            "Y": 0.5541146397590637
          },
          {
            "X": 0.7210302948951721,
            "Y": 0.5745252966880798
          },
          {
            "X": 0.6940954923629761,
            "Y": 0.5745317339897156
          }
        ]
      },
      "Id": "a785c093-5761-4ffc-92a3-cc3838688189",
      "Relationships": [
        {
          "Type": "CHILD",
          "Ids": [
            "b113e41b-88f9-4456-8b12-3c600ee7cbc9"
          ]
        }
      ],
      "Page": 1
    },
    {
      "BlockType": "WORD",
      "Confidence": 99.7830810546875,
      "Text": "Samples",
      "TextType": "PRINTED",
      "Geometry": {
        "BoundingBox": {
          "Width": 0.05294163525104523,
          "Height": 0.025147568434476852,
          "Left": 0.2549950182437897,
          "Top": 0.40932324528694153
        },
        "Polygon": [
          {
            "X": 0.2549950182437897,
            "Y": 0.40932324528694153
          },
          {
            "X": 0.3077961504459381,
            "Y": 0.40933725237846375
          },
          {
            "X": 0.3079366385936737,
            "Y": 0.4344708323478699
          },
          {
            "X": 0.25513795018196106,
            "Y": 0.4344608783721924
          }
        ]
      },
      "Id": "364d89e4-5f39-4f83-bc0c-34f88c1b35d7",
      "Page": 1
    },
    {
      "BlockType": "WORD",
      "Confidence": 99.93183898925781,
      "Text": "Cured",
      "TextType": "PRINTED",
      "Geometry": {
        "BoundingBox": {
          "Width": 0.03747580945491791,
          "Height": 0.021535024046897888,
          "Left": 0.3574039936065674,
          "Top": 0.408915251493454
        },
        "Polygon": [
          {
            "X": 0.3574039936065674,
            "Y": 0.408915251493454
          },
          {
            "X": 0.39476290345191956,
            "Y": 0.40892523527145386
          },
          {
            "X": 0.3948797881603241,
            "Y": 0.43045029044151306
          },
          {
            "X": 0.3575223684310913,
            "Y": 0.43044278025627136
          }
        ]
      },
      "Id": "db52ca73-1df8-49f5-8d03-4d5c273393f1",
      "Page": 1
    },
    {
      "BlockType": "WORD",
      "Confidence": 99.68742370605469,
      "Text": "epoxy",
      "TextType": "PRINTED",
      "Geometry": {
        "BoundingBox": {
          "Width": 0.03867146000266075,
          "Height": 0.02064329758286476,
          "Left": 0.39923951029777527,
          "Top": 0.4140699803829193
        },
        "Polygon": [
          {
            "X": 0.39923951029777527,
            "Y": 0.4140699803829193
          },
          {
            "X": 0.4378005266189575,
            "Y": 0.4140796661376953
          },
          {
            "X": 0.4379109740257263,
            "Y": 0.4347132742404938
          },
          {
            "X": 0.39935141801834106,
            "Y": 0.43470603227615356
          }
        ]
      },
      "Id": "5023bbc0-4954-4dcb-ac79-d03069b5eeda",
      "Page": 1
    },
    {
      "BlockType": "WORD",
      "Confidence": 99.47645568847656,
      "Text": "APP-MMT",
      "TextType": "PRINTED",
      "Geometry": {
        "BoundingBox": {
          "Width": 0.06944452226161957,
          "Height": 0.01955379731953144,
          "Left": 0.45048925280570984,
          "Top": 0.41012462973594666
        },
        "Polygon": [
          {
            "X": 0.45048925280570984,
            "Y": 0.41012462973594666
          },
          {
            "X": 0.5198321342468262,
            "Y": 0.4101428687572479
          },
          {
            "X": 0.519933819770813,
            "Y": 0.42967841029167175
          },
          {
            "X": 0.45059341192245483,
            "Y": 0.4296643137931824
          }
        ]
      },
      "Id": "faac61d7-2e19-4ac3-934f-b66b12a01101",
      "Page": 1
    },
    {
      "BlockType": "WORD",
      "Confidence": 99.74578094482422,
      "Text": "OPS",
      "TextType": "PRINTED",
      "Geometry": {
        "BoundingBox": {
          "Width": 0.025086432695388794,
          "Height": 0.020784664899110794,
          "Left": 0.532248318195343,
          "Top": 0.4095214307308197
        },
        "Polygon": [
          {
            "X": 0.532248318195343,
            "Y": 0.4095214307308197
          },
          {
            "X": 0.5572280883789062,
            "Y": 0.40952804684638977
          },
          {
            "X": 0.5573347806930542,
            "Y": 0.430306077003479
          },
          {
            "X": 0.5323560237884521,
            "Y": 0.4303010404109955
          }
        ]
      },
      "Id": "9c11f504-ffac-4e65-8144-12080bd24688",
      "Page": 1
    },
    {
      "BlockType": "WORD",
      "Confidence": 99.55870819091797,
      "Text": "DOPO",
      "TextType": "PRINTED",
      "Geometry": {
        "BoundingBox": {
          "Width": 0.03712675720453262,
          "Height": 0.020078619942069054,
          "Left": 0.5702178478240967,
          "Top": 0.4097258448600769
        },
        "Polygon": [
          {
            "X": 0.5702178478240967,
            "Y": 0.4097258448600769
          },
          {
            "X": 0.6072433590888977,
            "Y": 0.40973562002182007
          },
          {
            "X": 0.6073445677757263,
            "Y": 0.4298044741153717
          },
          {
            "X": 0.5703204274177551,
            "Y": 0.42979696393013
          }
        ]
      },
      "Id": "b008357f-4606-471a-9d57-2dfcc7e161f1",
      "Page": 1
    },
    {
      "BlockType": "WORD",
      "Confidence": 97.83989715576172,
      "Text": "P",
      "TextType": "PRINTED",
      "Geometry": {
        "BoundingBox": {
          "Width": 0.008228814229369164,
          "Height": 0.019494228065013885,
          "Left": 0.620140016078949,
          "Top": 0.4101337790489197
        },
        "Polygon": [
          {
            "X": 0.620140016078949,
            "Y": 0.4101337790489197
          },
          {
            "X": 0.628271222114563,
            "Y": 0.4101359248161316
          },
          {
            "X": 0.6283687949180603,
            "Y": 0.42962801456451416
          },
          {
            "X": 0.6202378273010254,
            "Y": 0.42962637543678284
          }
        ]
      },
      "Id": "22e65e04-4f9a-4528-b2b1-f9e77aa260ad",
      "Page": 1
    },
    {
      "BlockType": "WORD",
      "Confidence": 99.90971374511719,
      "Text": "content",
      "TextType": "PRINTED",
      "Geometry": {
        "BoundingBox": {
          "Width": 0.049158599227666855,
          "Height": 0.018606189638376236,
          "Left": 0.6321179866790771,
          "Top": 0.4113689661026001
        },
        "Polygon": [
          {
            "X": 0.6321179866790771,
            "Y": 0.4113689661026001
          },
          {
            "X": 0.6811853051185608,
            "Y": 0.41138169169425964
          },
          {
            "X": 0.6812765598297119,
            "Y": 0.42997515201568604
          },
          {
            "X": 0.632210910320282,
            "Y": 0.42996519804000854
          }
        ]
      },
      "Id": "09c041a4-9545-4797-af00-45ce850cd54e",
      "Page": 1
    },
    {
      "BlockType": "WORD",
      "Confidence": 99.33875274658203,
      "Text": "Si",
      "TextType": "PRINTED",
      "Geometry": {
        "BoundingBox": {
          "Width": 0.011755440384149551,
          "Height": 0.02075488306581974,
          "Left": 0.6936187744140625,
          "Top": 0.4094313979148865
        },
        "Polygon": [
          {
            "X": 0.6936187744140625,
            "Y": 0.4094313979148865
          },
          {
            "X": 0.7052732706069946,
            "Y": 0.4094344675540924
          },
          {
            "X": 0.7053742408752441,
            "Y": 0.43018627166748047
          },
          {
            "X": 0.6937201619148254,
            "Y": 0.43018391728401184
          }
        ]
      },
      "Id": "16238897-f731-4c81-bb52-7ea60748dc04",
      "Page": 1
    },
    {
      "BlockType": "WORD",
      "Confidence": 99.95271301269531,
      "Text": "content",
      "TextType": "PRINTED",
      "Geometry": {
        "BoundingBox": {
          "Width": 0.04887042194604874,
          "Height": 0.01914077438414097,
          "Left": 0.709331750869751,
          "Top": 0.41099458932876587
        },
        "Polygon": [
          {
            "X": 0.709331750869751,
            "Y": 0.41099458932876587
          },
          {
            "X": 0.7581109404563904,
            "Y": 0.411007285118103
          },
          {
            "X": 0.7582021951675415,
            "Y": 0.4301353394985199
          },
          {
            "X": 0.7094246745109558,
            "Y": 0.43012550473213196
          }
        ]
      },
      "Id": "4fb6dfcf-1a68-41ac-8a54-9a2c48b4b206",
      "Page": 1
    },
    {
      "BlockType": "WORD",
      "Confidence": 99.5265121459961,
      "Text": "resins",
      "TextType": "PRINTED",
      "Geometry": {
        "BoundingBox": {
          "Width": 0.03940099477767944,
          "Height": 0.020238196477293968,
          "Left": 0.35568660497665405,
          "Top": 0.44225209951400757
        },
        "Polygon": [
          {
            "X": 0.35568660497665405,
            "Y": 0.44225209951400757
          },
          {
            "X": 0.39497771859169006,
            "Y": 0.4422585666179657
          },
          {
            "X": 0.3950875997543335,
            "Y": 0.4624902904033661
          },
          {
            "X": 0.3557979464530945,
            "Y": 0.46248623728752136
          }
        ]
      },
      "Id": "cdfea31b-1ddd-4045-9fcb-e065d7ee0f42",
      "Page": 1
    },
    {
      "BlockType": "WORD",
      "Confidence": 99.72483825683594,
      "Text": "Pure",
      "TextType": "PRINTED",
      "Geometry": {
        "BoundingBox": {
          "Width": 0.028927337378263474,
          "Height": 0.020202837884426117,
          "Left": 0.25548988580703735,
          "Top": 0.48978912830352783
        },
        "Polygon": [
          {
            "X": 0.25548988580703735,
            "Y": 0.48978912830352783
          },
          {
            "X": 0.2843034267425537,
            "Y": 0.4897896945476532
          },
          {
            "X": 0.28441721200942993,
            "Y": 0.5099907517433167
          },
          {
            "X": 0.25560474395751953,
            "Y": 0.5099920034408569
          }
        ]
      },
      "Id": "182aa2b6-b02b-4545-bedc-74d7e23f3c55",
      "Page": 1
    },
    {
      "BlockType": "WORD",
      "Confidence": 99.71034240722656,
      "Text": "EP",
      "TextType": "PRINTED",
      "Geometry": {
        "BoundingBox": {
          "Width": 0.015252833254635334,
          "Height": 0.018739189952611923,
          "Left": 0.2887996435165405,
          "Top": 0.4905741512775421
        },
        "Polygon": [
          {
            "X": 0.2887996435165405,
            "Y": 0.4905741512775421
          },
          {
            "X": 0.3039475977420807,
            "Y": 0.4905744194984436
          },
          {
            "X": 0.304052472114563,
            "Y": 0.5093127489089966
          },
          {
            "X": 0.2889050543308258,
            "Y": 0.5093133449554443
          }
        ]
      },
      "Id": "81dd05d5-0058-49df-a0f7-0935ee76637a",
      "Page": 1
    },
    {
      "BlockType": "WORD",
      "Confidence": 68.23426055908203,
      "Text": "100.0",
      "TextType": "PRINTED",
      "Geometry": {
        "BoundingBox": {
          "Width": 0.03420021012425423,
          "Height": 0.020175762474536896,
          "Left": 0.3583584725856781,
          "Top": 0.49006223678588867
        },
        "Polygon": [
          {
            "X": 0.3583584725856781,
            "Y": 0.49006223678588867
          },
          {
            "X": 0.3924490213394165,
            "Y": 0.4900628924369812
          },
          {
            "X": 0.3925586938858032,
            "Y": 0.5102365612983704
          },
          {
            "X": 0.3584693968296051,
            "Y": 0.510237991809845
          }
        ]
      },
      "Id": "cb48fb36-af72-48dd-92a2-748697959589",
      "Page": 1
    },
    {
      "BlockType": "WORD",
      "Confidence": 94.08751678466797,
      "Text": "/",
      "TextType": "PRINTED",
      "Geometry": {
        "BoundingBox": {
          "Width": 0.00510769709944725,
          "Height": 0.024701181799173355,
          "Left": 0.45058685541152954,
          "Top": 0.48985084891319275
        },
        "Polygon": [
          {
            "X": 0.45058685541152954,
            "Y": 0.48985084891319275
          },
          {
            "X": 0.45556312799453735,
            "Y": 0.4898509383201599
          },
          {
            "X": 0.4556945562362671,
            "Y": 0.5145517587661743
          },
          {
            "X": 0.4507185220718384,
            "Y": 0.5145520567893982
          }
        ]
      },
      "Id": "3f38cb7c-93e4-42c5-bcfb-1fbb2e5fe79b",
      "Page": 1
    },
    {
      "BlockType": "WORD",
      "Confidence": 99.22964477539062,
      "Text": "/",
      "TextType": "PRINTED",
      "Geometry": {
        "BoundingBox": {
          "Width": 0.005681759212166071,
          "Height": 0.02565637044608593,
          "Left": 0.5317894816398621,
          "Top": 0.489513099193573
        },
        "Polygon": [
          {
            "X": 0.5317894816398621,
            "Y": 0.489513099193573
          },
          {
            "X": 0.5373385548591614,
            "Y": 0.48951321840286255
          },
          {
            "X": 0.5374712347984314,
            "Y": 0.5151691436767578
          },
          {
            "X": 0.5319223999977112,
            "Y": 0.5151695013046265
          }
        ]
      },
      "Id": "904a8216-e789-4e96-84f7-0ea0b881ce39",
      "Page": 1
    },
    {
      "BlockType": "WORD",
      "Confidence": 99.45097351074219,
      "Text": "/",
      "TextType": "PRINTED",
      "Geometry": {
        "BoundingBox": {
          "Width": 0.006292152684181929,
          "Height": 0.025233974680304527,
          "Left": 0.5691366791725159,
          "Top": 0.4894413352012634
        },
        "Polygon": [
          {
            "X": 0.5691366791725159,
            "Y": 0.4894413352012634
          },
          {
            "X": 0.5753000378608704,
            "Y": 0.48944148421287537
          },
          {
            "X": 0.5754287838935852,
            "Y": 0.514674961566925
          },
          {
            "X": 0.5692657232284546,
            "Y": 0.5146753191947937
          }
        ]
      },
      "Id": "ae21f145-c5e1-4af4-9bd6-2791509e2928",
      "Page": 1
    },
    {
      "BlockType": "WORD",
      "Confidence": 96.17343139648438,
      "Text": "/",
      "TextType": "PRINTED",
      "Geometry": {
        "BoundingBox": {
          "Width": 0.005567894782871008,
          "Height": 0.025081602856516838,
          "Left": 0.6199800372123718,
          "Top": 0.4895743131637573
        },
        "Polygon": [
          {
            "X": 0.6199800372123718,
            "Y": 0.4895743131637573
          },
          {
            "X": 0.6254222393035889,
            "Y": 0.4895744323730469
          },
          {
            "X": 0.6255479454994202,
            "Y": 0.514655590057373
          },
          {
            "X": 0.6201059818267822,
            "Y": 0.5146558880805969
          }
        ]
      },
      "Id": "48786f00-4fb3-4cf3-a69a-d159ec595def",
      "Page": 1
    },
    {
      "BlockType": "WORD",
      "Confidence": 84.82210540771484,
      "Text": "/",
      "TextType": "PRINTED",
      "Geometry": {
        "BoundingBox": {
          "Width": 0.005238780286163092,
          "Height": 0.024375129491090775,
          "Left": 0.6933873295783997,
          "Top": 0.48992547392845154
        },
        "Polygon": [
          {
            "X": 0.6933873295783997,
            "Y": 0.48992547392845154
          },
          {
            "X": 0.6985071897506714,
            "Y": 0.4899255633354187
          },
          {
            "X": 0.6986261010169983,
            "Y": 0.5143002867698669
          },
          {
            "X": 0.6935064792633057,
            "Y": 0.5143005847930908
          }
        ]
      },
      "Id": "5bf11e69-8e8a-45ec-a40a-225ab37b40dc",
      "Page": 1
    },
    {
      "BlockType": "WORD",
      "Confidence": 98.58953094482422,
      "Text": "EP/APP-MMT",
      "TextType": "PRINTED",
      "Geometry": {
        "BoundingBox": {
          "Width": 0.0897454246878624,
          "Height": 0.023235827684402466,
          "Left": 0.25542372465133667,
          "Top": 0.5219736099243164
        },
        "Polygon": [
          {
            "X": 0.25542372465133667,
            "Y": 0.5219807028770447
          },
          {
            "X": 0.345040887594223,
            "Y": 0.5219736099243164
          },
          {
            "X": 0.3451691269874573,
            "Y": 0.5451960563659668
          },
          {
            "X": 0.25555577874183655,
            "Y": 0.5452094674110413
          }
        ]
      },
      "Id": "65aa3549-f70b-45f0-8cf3-69042608fcb6",
      "Page": 1
    },
    {
      "BlockType": "WORD",
      "Confidence": 99.87846374511719,
      "Text": "94.8",
      "TextType": "PRINTED",
      "Geometry": {
        "BoundingBox": {
          "Width": 0.026647230610251427,
          "Height": 0.020479585975408554,
          "Left": 0.36532920598983765,
          "Top": 0.5221856832504272
        },
        "Polygon": [
          {
            "X": 0.36532920598983765,
            "Y": 0.5221877694129944
          },
          {
            "X": 0.3918651044368744,
            "Y": 0.5221856832504272
          },
          {
            "X": 0.3919764459133148,
            "Y": 0.5426614880561829
          },
          {
            "X": 0.36544153094291687,
            "Y": 0.5426652431488037
          }
        ]
      },
      "Id": "2fddb1ae-ff4c-4b22-aa42-55b0911d136e",
      "Page": 1
    },
    {
      "BlockType": "WORD",
      "Confidence": 69.32591247558594,
      "Text": "10,0",
      "TextType": "PRINTED",
      "Geometry": {
        "BoundingBox": {
          "Width": 0.026036135852336884,
          "Height": 0.02049628086388111,
          "Left": 0.45206770300865173,
          "Top": 0.5219718813896179
        },
        "Polygon": [
          {
            "X": 0.45206770300865173,
            "Y": 0.5219739079475403
          },
          {
            "X": 0.4779956340789795,
            "Y": 0.5219718813896179
          },
          {
            "X": 0.4781038463115692,
            "Y": 0.5424644947052002
          },
          {
            "X": 0.45217689871788025,
            "Y": 0.5424681901931763
          }
        ]
      },
      "Id": "de942e6c-c937-473f-958d-677bac8d5d64",
      "Page": 1
    },
    {
      "BlockType": "WORD",
      "Confidence": 98.18618774414062,
      "Text": "/",
      "TextType": "PRINTED",
      "Geometry": {
        "BoundingBox": {
          "Width": 0.005600853357464075,
          "Height": 0.023926835507154465,
          "Left": 0.5323981046676636,
          "Top": 0.5224074125289917
        },
        "Polygon": [
          {
            "X": 0.5323981046676636,
            "Y": 0.5224078893661499
          },
          {
            "X": 0.537875235080719,
            "Y": 0.5224074125289917
          },
          {
            "X": 0.5379989743232727,
            "Y": 0.5463334321975708
          },
          {
            "X": 0.5325220823287964,
            "Y": 0.5463342666625977
          }
        ]
      },
      "Id": "b9dfa1d4-8b8a-434b-9557-fb796ff4f878",
      "Page": 1
    },
    {
      "BlockType": "WORD",
      "Confidence": 98.7810287475586,
      "Text": "/",
      "TextType": "PRINTED",
      "Geometry": {
        "BoundingBox": {
          "Width": 0.006795856636017561,
          "Height": 0.02590089477598667,
          "Left": 0.5690076947212219,
          "Top": 0.5211455225944519
        },
        "Polygon": [
          {
            "X": 0.5690076947212219,
            "Y": 0.5211459994316101
          },
          {
            "X": 0.5756714344024658,
            "Y": 0.5211455225944519
          },
          {
            "X": 0.5758035778999329,
            "Y": 0.5470453500747681
          },
          {
            "X": 0.5691401958465576,
            "Y": 0.547046422958374
          }
        ]
      },
      "Id": "d889911d-8bab-4e9b-a25b-6f9d06e8d33d",
      "Page": 1
    },
    {
      "BlockType": "WORD",
      "Confidence": 56.30338668823242,
      "Text": "=3,3",
      "TextType": "PRINTED",
      "Geometry": {
        "BoundingBox": {
          "Width": 0.030061809346079826,
          "Height": 0.020479831844568253,
          "Left": 0.6222772002220154,
          "Top": 0.5219025611877441
        },
        "Polygon": [
          {
            "X": 0.6222772002220154,
            "Y": 0.5219049453735352
          },
          {
            "X": 0.6522374153137207,
            "Y": 0.5219025611877441
          },
          {
            "X": 0.652338981628418,
            "Y": 0.5423781871795654
          },
          {
            "X": 0.6223799586296082,
            "Y": 0.5423824191093445
          }
        ]
      },
      "Id": "e7d1434b-7cd3-4695-9dfd-724389648878",
      "Page": 1
    },
    {
      "BlockType": "WORD",
      "Confidence": 89.84751892089844,
      "Text": "/",
      "TextType": "PRINTED",
      "Geometry": {
        "BoundingBox": {
          "Width": 0.0048698908649384975,
          "Height": 0.024074126034975052,
          "Left": 0.6937606334686279,
          "Top": 0.5223230719566345
        },
        "Polygon": [
          {
            "X": 0.6937606334686279,
            "Y": 0.5223234295845032
          },
          {
            "X": 0.6985130906105042,
            "Y": 0.5223230719566345
          },
          {
            "X": 0.6986305117607117,
            "Y": 0.5463964343070984
          },
          {
            "X": 0.6938782930374146,
            "Y": 0.5463972091674805
          }
        ]
      },
      "Id": "bcaa3c17-c00f-4360-86d9-959837a5bc4e",
      "Page": 1
    },
    {
      "BlockType": "WORD",
      "Confidence": 98.98535919189453,
      "Text": "EP/OPS/DOPO",
      "TextType": "PRINTED",
      "Geometry": {
        "BoundingBox": {
          "Width": 0.08758189529180527,
          "Height": 0.024389682337641716,
          "Left": 0.25518500804901123,
          "Top": 0.5537320971488953
        },
        "Polygon": [
          {
            "X": 0.25518500804901123,
            "Y": 0.5537474155426025
          },
          {
            "X": 0.3426322042942047,
            "Y": 0.5537320971488953
          },
          {
            "X": 0.3427669107913971,
            "Y": 0.5780999064445496
          },
          {
            "X": 0.2553236186504364,
            "Y": 0.5781217813491821
          }
        ]
      },
      "Id": "64ef5853-afc5-4ccc-904d-3e58fdb2d16f",
      "Page": 1
    },
    {
      "BlockType": "WORD",
      "Confidence": 85.87673950195312,
      "Text": "94.8",
      "TextType": "PRINTED",
      "Geometry": {
        "BoundingBox": {
          "Width": 0.026607397943735123,
          "Height": 0.01972259022295475,
          "Left": 0.36541247367858887,
          "Top": 0.5546426773071289
        },
        "Polygon": [
          {
            "X": 0.36541247367858887,
            "Y": 0.5546473860740662
          },
          {
            "X": 0.39191266894340515,
            "Y": 0.5546426773071289
          },
          {
            "X": 0.3920198678970337,
            "Y": 0.5743589401245117
          },
          {
            "X": 0.3655206263065338,
            "Y": 0.5743652582168579
          }
        ]
      },
      "Id": "4fa1ab16-8f9e-4896-9876-f58672ef214d",
      "Page": 1
    },
    {
      "BlockType": "WORD",
      "Confidence": 97.89559173583984,
      "Text": "/",
      "TextType": "PRINTED",
      "Geometry": {
        "BoundingBox": {
          "Width": 0.006351063027977943,
          "Height": 0.027437305077910423,
          "Left": 0.4496544897556305,
          "Top": 0.5530399084091187
        },
        "Polygon": [
          {
            "X": 0.4496544897556305,
            "Y": 0.5530409812927246
          },
          {
            "X": 0.45585957169532776,
            "Y": 0.5530399084091187
          },
          {
            "X": 0.4560055732727051,
            "Y": 0.5804756283760071
          },
          {
            "X": 0.4498007893562317,
            "Y": 0.580477237701416
          }
        ]
      },
      "Id": "ef76adf2-2ccd-4776-b71c-f331853bec6f",
      "Page": 1
    },
    {
      "BlockType": "WORD",
      "Confidence": 99.27470397949219,
      "Text": "2.5",
      "TextType": "PRINTED",
      "Geometry": {
        "BoundingBox": {
          "Width": 0.019160892814397812,
          "Height": 0.021302122622728348,
          "Left": 0.5319488048553467,
          "Top": 0.5537106990814209
        },
        "Polygon": [
          {
            "X": 0.5319488048553467,
            "Y": 0.5537140369415283
          },
          {
            "X": 0.5510000586509705,
            "Y": 0.5537106990814209
          },
          {
            "X": 0.5511097311973572,
            "Y": 0.5750082731246948
          },
          {
            "X": 0.5320591926574707,
            "Y": 0.5750128626823425
          }
        ]
      },
      "Id": "61a2a1cb-316c-4f78-a8a1-56e3acc03487",
      "Page": 1
    },
    {
      "BlockType": "WORD",
      "Confidence": 98.92601013183594,
      "Text": "2.5",
      "TextType": "PRINTED",
      "Geometry": {
        "BoundingBox": {
          "Width": 0.019408637657761574,
          "Height": 0.02141832560300827,
          "Left": 0.5696699023246765,
          "Top": 0.5536924600601196
        },
        "Polygon": [
          {
            "X": 0.5696699023246765,
            "Y": 0.553695797920227
          },
          {
            "X": 0.5889697670936584,
            "Y": 0.5536924600601196
          },
          {
            "X": 0.5890785455703735,
            "Y": 0.5751060843467712
          },
          {
            "X": 0.5697793960571289,
            "Y": 0.5751107335090637
          }
        ]
      },
      "Id": "19db9f2e-9ebf-4561-9283-a04560802012",
      "Page": 1
    },
    {
      "BlockType": "WORD",
      "Confidence": 92.8050537109375,
      "Text": "0.54",
      "TextType": "PRINTED",
      "Geometry": {
        "BoundingBox": {
          "Width": 0.02758653461933136,
          "Height": 0.02088741958141327,
          "Left": 0.6202525496482849,
          "Top": 0.5539513230323792
        },
        "Polygon": [
          {
            "X": 0.6202525496482849,
            "Y": 0.553956151008606
          },
          {
            "X": 0.6477352976799011,
            "Y": 0.5539513230323792
          },
          {
            "X": 0.6478390693664551,
            "Y": 0.5748321413993835
          },
          {
            "X": 0.6203573942184448,
            "Y": 0.5748387575149536
          }
        ]
      },
      "Id": "ed7e11f4-b0f8-4dc1-a7cb-4732e79cb1ce",
      "Page": 1
    },
    {
      "BlockType": "WORD",
      "Confidence": 97.76348876953125,
      "Text": "0.36",
      "TextType": "PRINTED",
      "Geometry": {
        "BoundingBox": {
          "Width": 0.027034569531679153,
          "Height": 0.020417140796780586,
          "Left": 0.6939957737922668,
          "Top": 0.5541146397590637
        },
        "Polygon": [
          {
            "X": 0.6939957737922668,
            "Y": 0.5541194081306458
          },
          {
            "X": 0.7209315896034241,
            "Y": 0.5541146397590637
          },
          {
            "X": 0.7210302948951721,
            "Y": 0.5745252966880798
          },
          {
            "X": 0.6940954923629761,
            "Y": 0.5745317339897156
          }
        ]
      },
      "Id": "b113e41b-88f9-4456-8b12-3c600ee7cbc9",
      "Page": 1
    },
    {
      "BlockType": "TABLE",
      "Confidence": 99.951171875,
      "Geometry": {
        "BoundingBox": {
          "Width": 0.546477735042572,
          "Height": 0.1959429532289505,
          "Left": 0.2265087068080902,
          "Top": 0.4004756808280945
        },
        "Polygon": [
          {
            "X": 0.2265087068080902,
            "Y": 0.4004756808280945
          },
          {
            "X": 0.7720585465431213,
            "Y": 0.40063512325286865
          },
          {
            "X": 0.7729864716529846,
            "Y": 0.5962518453598022
          },
          {
            "X": 0.22763292491436005,
            "Y": 0.5964186191558838
          }
        ]
      },
      "Id": "b9d33a37-8681-4e1e-9cd3-87f4007c257c",
      "Relationships": [
        {
          "Type": "CHILD",
          "Ids": [
            "14444bf7-3c54-4602-933a-c0d7c2cf8567",
            "36f26639-2076-4d48-92e5-b897a3f8cd96",
            "583dafaf-18bd-4177-af70-6a36d8e5953c",
            "97cf254c-6058-49f3-919f-4724a59180ef",
            "52b9d6c8-fda5-4973-8451-6659d45983cd",
            "9d93a326-7764-464a-ac14-51f4091bbc2a",
            "c3de0d52-9995-4ce4-bfeb-954e7a28f95c",
            "41e406f4-19bb-4f2f-96c1-31cea9e045c9",
            "789970fd-1985-4c63-b8a8-0489e049c770",
            "3cc1e1f6-0df3-4403-8f93-23894c8cc8c4",
            "05330420-7709-491a-ba81-5a61f9994339",
            "9392bc04-81c9-41b6-9079-066dfec60c6c",
            "ff802c53-81d4-4c65-890e-20121cafe8a8",
            "79a29709-dfd3-44d3-befc-5158fb010101",
            "4bf1fa61-54f1-4a02-b2bb-bfdd57ae3407",
            "ad47a9ed-7360-4412-be10-7f3bca29cbc1",
            "87706ec0-c6c4-4df6-885f-34e7a59c6ede",
            "52e8069b-1a02-437c-84ac-f89814048aae",
            "9b6411cd-0906-4769-b2f2-457fc3e6ed02",
            "a2458927-d929-45b9-b6d7-36a102a847c5",
            "dd6220bf-9503-4fa8-a256-8d9c0cd2944b",
            "e433cd9f-237f-43fd-9fc6-ee061f24337c",
            "dadf865b-9bd4-4033-a4d1-b4670823846d",
            "92ef196c-1d90-4ac7-bb4a-a35899d2f8db",
            "dd00325a-e246-4d12-9ff6-fa61dd7279b4",
            "60c85782-4856-4325-b207-e75dacbcfd23",
            "12feea41-30ba-4720-9219-77b60dd95bc1",
            "61e58fe5-1d2b-4318-a2ba-994650c3a3e0"
          ]
        }
      ],
      "EntityTypes": [
        "STRUCTURED_TABLE"
      ],
      "Page": 1
    },
    {
      "BlockType": "CELL",
      "Confidence": 93.26171875,
      "RowIndex": 1,
      "ColumnIndex": 1,
      "RowSpan": 1,
      "ColumnSpan": 1,
      "Geometry": {
        "BoundingBox": {
          "Width": 0.12525178492069244,
          "Height": 0.0772724598646164,
          "Left": 0.2265087068080902,
          "Top": 0.4004756808280945
        },
        "Polygon": [
          {
            "X": 0.2265087068080902,
            "Y": 0.4004756808280945
          },
          {
            "X": 0.35133489966392517,
            "Y": 0.400512158870697
          },
          {
            "X": 0.35176047682762146,
            "Y": 0.4777481257915497
          },
          {
            "X": 0.22695201635360718,
            "Y": 0.4777410924434662
          }
        ]
      },
      "Id": "14444bf7-3c54-4602-933a-c0d7c2cf8567",
      "Relationships": [
        {
          "Type": "CHILD",
          "Ids": [
            "364d89e4-5f39-4f83-bc0c-34f88c1b35d7"
          ]
        }
      ],
      "EntityTypes": [
        "COLUMN_HEADER"
      ],
      "Page": 1
    },
    {
      "BlockType": "CELL",
      "Confidence": 87.744140625,
      "RowIndex": 1,
      "ColumnIndex": 2,
      "RowSpan": 1,
      "ColumnSpan": 1,
      "Geometry": {
        "BoundingBox": {
          "Width": 0.09283576905727386,
          "Height": 0.0772411897778511,
          "Left": 0.35133489966392517,
          "Top": 0.400512158870697
        },
        "Polygon": [
          {
            "X": 0.35133489966392517,
            "Y": 0.400512158870697
          },
          {
            "X": 0.4437582194805145,
            "Y": 0.4005391597747803
          },
          {
            "X": 0.44417068362236023,
            "Y": 0.47775334119796753
          },
          {
            "X": 0.35176047682762146,
            "Y": 0.4777481257915497
          }
        ]
      },
      "Id": "36f26639-2076-4d48-92e5-b897a3f8cd96",
      "Relationships": [
        {
          "Type": "CHILD",
          "Ids": [
            "db52ca73-1df8-49f5-8d03-4d5c273393f1",
            "5023bbc0-4954-4dcb-ac79-d03069b5eeda",
            "cdfea31b-1ddd-4045-9fcb-e065d7ee0f42"
          ]
        }
      ],
      "EntityTypes": [
        "COLUMN_HEADER"
      ],
      "Page": 1
    },
    {
      "BlockType": "CELL",
      "Confidence": 80.419921875,
      "RowIndex": 1,
      "ColumnIndex": 3,
      "RowSpan": 1,
      "ColumnSpan": 1,
      "Geometry": {
        "BoundingBox": {
          "Width": 0.08141781389713287,
          "Height": 0.07721874117851257,
          "Left": 0.4437582194805145,
          "Top": 0.4005391597747803
        },
        "Polygon": [
          {
            "X": 0.4437582194805145,
            "Y": 0.4005391597747803
          },
          {
            "X": 0.5247750878334045,
            "Y": 0.4005628526210785
          },
          {
            "X": 0.5251760482788086,
            "Y": 0.47775790095329285
          },
          {
            "X": 0.44417068362236023,
            "Y": 0.47775334119796753
          }
        ]
      },
      "Id": "583dafaf-18bd-4177-af70-6a36d8e5953c",
      "Relationships": [
        {
          "Type": "CHILD",
          "Ids": [
            "faac61d7-2e19-4ac3-934f-b66b12a01101"
          ]
        }
      ],
      "EntityTypes": [
        "COLUMN_HEADER"
      ],
      "Page": 1
    },
    {
      "BlockType": "CELL",
      "Confidence": 65.478515625,
      "RowIndex": 1,
      "ColumnIndex": 4,
      "RowSpan": 1,
      "ColumnSpan": 1,
      "Geometry": {
        "BoundingBox": {
          "Width": 0.03899688273668289,
          "Height": 0.07719723880290985,
          "Left": 0.5247750878334045,
          "Top": 0.4005628526210785
        },
        "Polygon": [
          {
            "X": 0.5247750878334045,
            "Y": 0.4005628526210785
          },
          {
            "X": 0.5633764863014221,
            "Y": 0.40057411789894104
          },
          {
            "X": 0.5637719631195068,
            "Y": 0.47776007652282715
          },
          {
            "X": 0.5251760482788086,
            "Y": 0.47775790095329285
          }
        ]
      },
      "Id": "97cf254c-6058-49f3-919f-4724a59180ef",
      "Relationships": [
        {
          "Type": "CHILD",
          "Ids": [
            "9c11f504-ffac-4e65-8144-12080bd24688"
          ]
        }
      ],
      "EntityTypes": [
        "COLUMN_HEADER"
      ],
      "Page": 1
    },
    {
      "BlockType": "CELL",
      "Confidence": 70.21484375,
      "RowIndex": 1,
      "ColumnIndex": 5,
      "RowSpan": 1,
      "ColumnSpan": 1,
      "Geometry": {
        "BoundingBox": {
          "Width": 0.05032963678240776,
          "Height": 0.07718877494335175,
          "Left": 0.5633764863014221,
          "Top": 0.40057411789894104
        },
        "Polygon": [
          {
            "X": 0.5633764863014221,
            "Y": 0.40057411789894104
          },
          {
            "X": 0.6133177280426025,
            "Y": 0.400588721036911
          },
          {
            "X": 0.613706111907959,
            "Y": 0.477762907743454
          },
          {
            "X": 0.5637719631195068,
            "Y": 0.47776007652282715
          }
        ]
      },
      "Id": "52b9d6c8-fda5-4973-8451-6659d45983cd",
      "Relationships": [
        {
          "Type": "CHILD",
          "Ids": [
            "b008357f-4606-471a-9d57-2dfcc7e161f1"
          ]
        }
      ],
      "EntityTypes": [
        "COLUMN_HEADER"
      ],
      "Page": 1
    },
    {
      "BlockType": "CELL",
      "Confidence": 79.6875,
      "RowIndex": 1,
      "ColumnIndex": 6,
      "RowSpan": 1,
      "ColumnSpan": 1,
      "Geometry": {
        "BoundingBox": {
          "Width": 0.07374882698059082,
          "Height": 0.07717831432819366,
          "Left": 0.6133177280426025,
          "Top": 0.400588721036911
        },
        "Polygon": [
          {
            "X": 0.6133177280426025,
            "Y": 0.400588721036911
          },
          {
            "X": 0.6866885423660278,
            "Y": 0.40061017870903015
          },
          {
            "X": 0.6870665550231934,
            "Y": 0.47776705026626587
          },
          {
            "X": 0.613706111907959,
            "Y": 0.477762907743454
          }
        ]
      },
      "Id": "9d93a326-7764-464a-ac14-51f4091bbc2a",
      "Relationships": [
        {
          "Type": "CHILD",
          "Ids": [
            "22e65e04-4f9a-4528-b2b1-f9e77aa260ad",
            "09c041a4-9545-4797-af00-45ce850cd54e"
          ]
        }
      ],
      "EntityTypes": [
        "COLUMN_HEADER"
      ],
      "Page": 1
    },
    {
      "BlockType": "CELL",
      "Confidence": 85.25390625,
      "RowIndex": 1,
      "ColumnIndex": 7,
      "RowSpan": 1,
      "ColumnSpan": 1,
      "Geometry": {
        "BoundingBox": {
          "Width": 0.08573587983846664,
          "Height": 0.07716168463230133,
          "Left": 0.6866885423660278,
          "Top": 0.40061017870903015
        },
        "Polygon": [
          {
            "X": 0.6866885423660278,
            "Y": 0.40061017870903015
          },
          {
            "X": 0.7720585465431213,
            "Y": 0.40063512325286865
          },
          {
            "X": 0.7724244594573975,
            "Y": 0.4777718484401703
          },
          {
            "X": 0.6870665550231934,
            "Y": 0.47776705026626587
          }
        ]
      },
      "Id": "c3de0d52-9995-4ce4-bfeb-954e7a28f95c",
      "Relationships": [
        {
          "Type": "CHILD",
          "Ids": [
            "16238897-f731-4c81-bb52-7ea60748dc04",
            "4fb6dfcf-1a68-41ac-8a54-9a2c48b4b206"
          ]
        }
      ],
      "EntityTypes": [
        "COLUMN_HEADER"
      ],
      "Page": 1
    },
    {
      "BlockType": "CELL",
      "Confidence": 75.87890625,
      "RowIndex": 2,
      "ColumnIndex": 1,
      "RowSpan": 1,
      "ColumnSpan": 1,
      "Geometry": {
        "BoundingBox": {
          "Width": 0.1250293105840683,
          "Height": 0.040094949305057526,
          "Left": 0.22695201635360718,
          "Top": 0.4777410924434662
        },
        "Polygon": [
          {
            "X": 0.22695201635360718,
            "Y": 0.4777410924434662
          },
          {
            "X": 0.35176047682762146,
            "Y": 0.4777481257915497
          },
          {
            "X": 0.35198134183883667,
            "Y": 0.5178278088569641
          },
          {
            "X": 0.2271820604801178,
            "Y": 0.5178360342979431
          }
        ]
      },
      "Id": "41e406f4-19bb-4f2f-96c1-31cea9e045c9",
      "Relationships": [
        {
          "Type": "CHILD",
          "Ids": [
            "182aa2b6-b02b-4545-bedc-74d7e23f3c55",
            "81dd05d5-0058-49df-a0f7-0935ee76637a"
          ]
        }
      ],
      "Page": 1
    },
    {
      "BlockType": "CELL",
      "Confidence": 71.38671875,
      "RowIndex": 2,
      "ColumnIndex": 2,
      "RowSpan": 1,
      "ColumnSpan": 1,
      "Geometry": {
        "BoundingBox": {
          "Width": 0.0926242247223854,
          "Height": 0.04007967561483383,
          "Left": 0.35176047682762146,
          "Top": 0.4777481257915497
        },
        "Polygon": [
          {
            "X": 0.35176047682762146,
            "Y": 0.4777481257915497
          },
          {
            "X": 0.44417068362236023,
            "Y": 0.47775334119796753
          },
          {
            "X": 0.44438472390174866,
            "Y": 0.517821729183197
          },
          {
            "X": 0.35198134183883667,
            "Y": 0.5178278088569641
          }
        ]
      },
      "Id": "789970fd-1985-4c63-b8a8-0489e049c770",
      "Relationships": [
        {
          "Type": "CHILD",
          "Ids": [
            "cb48fb36-af72-48dd-92a2-748697959589"
          ]
        }
      ],
      "Page": 1
    },
    {
      "BlockType": "CELL",
      "Confidence": 65.4296875,
      "RowIndex": 2,
      "ColumnIndex": 3,
      "RowSpan": 1,
      "ColumnSpan": 1,
      "Geometry": {
        "BoundingBox": {
          "Width": 0.08121342957019806,
          "Height": 0.0400683656334877,
          "Left": 0.44417068362236023,
          "Top": 0.47775334119796753
        },
        "Polygon": [
          {
            "X": 0.44417068362236023,
            "Y": 0.47775334119796753
          },
          {
            "X": 0.5251760482788086,
            "Y": 0.47775790095329285
          },
          {
            "X": 0.5253841280937195,
            "Y": 0.5178163647651672
          },
          {
            "X": 0.44438472390174866,
            "Y": 0.517821729183197
          }
        ]
      },
      "Id": "3cc1e1f6-0df3-4403-8f93-23894c8cc8c4",
      "Relationships": [
        {
          "Type": "CHILD",
          "Ids": [
            "3f38cb7c-93e4-42c5-bcfb-1fbb2e5fe79b"
          ]
        }
      ],
      "Page": 1
    },
    {
      "BlockType": "CELL",
      "Confidence": 53.271484375,
      "RowIndex": 2,
      "ColumnIndex": 4,
      "RowSpan": 1,
      "ColumnSpan": 1,
      "Geometry": {
        "BoundingBox": {
          "Width": 0.038801152259111404,
          "Height": 0.040058448910713196,
          "Left": 0.5251760482788086,
          "Top": 0.47775790095329285
        },
        "Polygon": [
          {
            "X": 0.5251760482788086,
            "Y": 0.47775790095329285
          },
          {
            "X": 0.5637719631195068,
            "Y": 0.47776007652282715
          },
          {
            "X": 0.5639771819114685,
            "Y": 0.5178138017654419
          },
          {
            "X": 0.5253841280937195,
            "Y": 0.5178163647651672
          }
        ]
      },
      "Id": "05330420-7709-491a-ba81-5a61f9994339",
      "Relationships": [
        {
          "Type": "CHILD",
          "Ids": [
            "904a8216-e789-4e96-84f7-0ea0b881ce39"
          ]
        }
      ],
      "Page": 1
    },
    {
      "BlockType": "CELL",
      "Confidence": 57.12890625,
      "RowIndex": 2,
      "ColumnIndex": 5,
      "RowSpan": 1,
      "ColumnSpan": 1,
      "Geometry": {
        "BoundingBox": {
          "Width": 0.05013570562005043,
          "Height": 0.040053725242614746,
          "Left": 0.5637719631195068,
          "Top": 0.47776007652282715
        },
        "Polygon": [
          {
            "X": 0.5637719631195068,
            "Y": 0.47776007652282715
          },
          {
            "X": 0.613706111907959,
            "Y": 0.477762907743454
          },
          {
            "X": 0.6139076948165894,
            "Y": 0.5178105235099792
          },
          {
            "X": 0.5639771819114685,
            "Y": 0.5178138017654419
          }
        ]
      },
      "Id": "9392bc04-81c9-41b6-9079-066dfec60c6c",
      "Relationships": [
        {
          "Type": "CHILD",
          "Ids": [
            "ae21f145-c5e1-4af4-9bd6-2791509e2928"
          ]
        }
      ],
      "Page": 1
    },
    {
      "BlockType": "CELL",
      "Confidence": 64.84375,
      "RowIndex": 2,
      "ColumnIndex": 6,
      "RowSpan": 1,
      "ColumnSpan": 1,
      "Geometry": {
        "BoundingBox": {
          "Width": 0.0735565796494484,
          "Height": 0.04004761576652527,
          "Left": 0.613706111907959,
          "Top": 0.477762907743454
        },
        "Polygon": [
          {
            "X": 0.613706111907959,
            "Y": 0.477762907743454
          },
          {
            "X": 0.6870665550231934,
            "Y": 0.47776705026626587
          },
          {
            "X": 0.6872627139091492,
            "Y": 0.5178056955337524
          },
          {
            "X": 0.6139076948165894,
            "Y": 0.5178105235099792
          }
        ]
      },
      "Id": "ff802c53-81d4-4c65-890e-20121cafe8a8",
      "Relationships": [
        {
          "Type": "CHILD",
          "Ids": [
            "48786f00-4fb3-4cf3-a69a-d159ec595def"
          ]
        }
      ],
      "Page": 1
    },
    {
      "BlockType": "CELL",
      "Confidence": 69.384765625,
      "RowIndex": 2,
      "ColumnIndex": 7,
      "RowSpan": 1,
      "ColumnSpan": 1,
      "Geometry": {
        "BoundingBox": {
          "Width": 0.08554776012897491,
          "Height": 0.04003863409161568,
          "Left": 0.6870665550231934,
          "Top": 0.47776705026626587
        },
        "Polygon": [
          {
            "X": 0.6870665550231934,
            "Y": 0.47776705026626587
          },
          {
            "X": 0.7724244594573975,
            "Y": 0.4777718484401703
          },
          {
            "X": 0.7726143002510071,
            "Y": 0.5178000330924988
          },
          {
            "X": 0.6872627139091492,
            "Y": 0.5178056955337524
          }
        ]
      },
      "Id": "79a29709-dfd3-44d3-befc-5158fb010101",
      "Relationships": [
        {
          "Type": "CHILD",
          "Ids": [
            "5bf11e69-8e8a-45ec-a40a-225ab37b40dc"
          ]
        }
      ],
      "Page": 1
    },
    {
      "BlockType": "CELL",
      "Confidence": 75.341796875,
      "RowIndex": 3,
      "ColumnIndex": 1,
      "RowSpan": 1,
      "ColumnSpan": 1,
      "Geometry": {
        "BoundingBox": {
          "Width": 0.12497591972351074,
          "Height": 0.03207997605204582,
          "Left": 0.2271820604801178,
          "Top": 0.5178278088569641
        },
        "Polygon": [
          {
            "X": 0.2271820604801178,
            "Y": 0.5178360342979431
          },
          {
            "X": 0.35198134183883667,
            "Y": 0.5178278088569641
          },
          {
            "X": 0.35215798020362854,
            "Y": 0.5498872995376587
          },
          {
            "X": 0.22736607491970062,
            "Y": 0.5499078035354614
          }
        ]
      },
      "Id": "4bf1fa61-54f1-4a02-b2bb-bfdd57ae3407",
      "Relationships": [
        {
          "Type": "CHILD",
          "Ids": [
            "65aa3549-f70b-45f0-8cf3-69042608fcb6"
          ]
        }
      ],
      "Page": 1
    },
    {
      "BlockType": "CELL",
      "Confidence": 70.849609375,
      "RowIndex": 3,
      "ColumnIndex": 2,
      "RowSpan": 1,
      "ColumnSpan": 1,
      "Geometry": {
        "BoundingBox": {
          "Width": 0.0925745889544487,
          "Height": 0.03206562250852585,
          "Left": 0.35198134183883667,
          "Top": 0.517821729183197
        },
        "Polygon": [
          {
            "X": 0.35198134183883667,
            "Y": 0.5178278088569641
          },
          {
            "X": 0.44438472390174866,
            "Y": 0.517821729183197
          },
          {
            "X": 0.4445559084415436,
            "Y": 0.5498721599578857
          },
          {
            "X": 0.35215798020362854,
            "Y": 0.5498872995376587
          }
        ]
      },
      "Id": "ad47a9ed-7360-4412-be10-7f3bca29cbc1",
      "Relationships": [
        {
          "Type": "CHILD",
          "Ids": [
            "2fddb1ae-ff4c-4b22-aa42-55b0911d136e"
          ]
        }
      ],
      "Page": 1
    },
    {
      "BlockType": "CELL",
      "Confidence": 64.94140625,
      "RowIndex": 3,
      "ColumnIndex": 3,
      "RowSpan": 1,
      "ColumnSpan": 1,
      "Geometry": {
        "BoundingBox": {
          "Width": 0.08116582781076431,
          "Height": 0.032055824995040894,
          "Left": 0.44438472390174866,
          "Top": 0.5178163647651672
        },
        "Polygon": [
          {
            "X": 0.44438472390174866,
            "Y": 0.517821729183197
          },
          {
            "X": 0.5253841280937195,
            "Y": 0.5178163647651672
          },
          {
            "X": 0.5255505442619324,
            "Y": 0.5498589277267456
          },
          {
            "X": 0.4445559084415436,
            "Y": 0.5498721599578857
          }
        ]
      },
      "Id": "87706ec0-c6c4-4df6-885f-34e7a59c6ede",
      "Relationships": [
        {
          "Type": "CHILD",
          "Ids": [
            "de942e6c-c937-473f-958d-677bac8d5d64"
          ]
        }
      ],
      "Page": 1
    },
    {
      "BlockType": "CELL",
      "Confidence": 52.880859375,
      "RowIndex": 3,
      "ColumnIndex": 4,
      "RowSpan": 1,
      "ColumnSpan": 1,
      "Geometry": {
        "BoundingBox": {
          "Width": 0.038757242262363434,
          "Height": 0.03204509615898132,
          "Left": 0.5253841280937195,
          "Top": 0.5178138017654419
        },
        "Polygon": [
          {
            "X": 0.5253841280937195,
            "Y": 0.5178163647651672
          },
          {
            "X": 0.5639771819114685,
            "Y": 0.5178138017654419
          },
          {
            "X": 0.5641413331031799,
            "Y": 0.5498526096343994
          },
          {
            "X": 0.5255505442619324,
            "Y": 0.5498589277267456
          }
        ]
      },
      "Id": "52e8069b-1a02-437c-84ac-f89814048aae",
      "Relationships": [
        {
          "Type": "CHILD",
          "Ids": [
            "b9dfa1d4-8b8a-434b-9557-fb796ff4f878"
          ]
        }
      ],
      "Page": 1
    },
    {
      "BlockType": "CELL",
      "Confidence": 56.689453125,
      "RowIndex": 3,
      "ColumnIndex": 5,
      "RowSpan": 1,
      "ColumnSpan": 1,
      "Geometry": {
        "BoundingBox": {
          "Width": 0.050091702491045,
          "Height": 0.032042067497968674,
          "Left": 0.5639771819114685,
          "Top": 0.5178105235099792
        },
        "Polygon": [
          {
            "X": 0.5639771819114685,
            "Y": 0.5178138017654419
          },
          {
            "X": 0.6139076948165894,
            "Y": 0.5178105235099792
          },
          {
            "X": 0.614068865776062,
            "Y": 0.5498443841934204
          },
          {
            "X": 0.5641413331031799,
            "Y": 0.5498526096343994
          }
        ]
      },
      "Id": "9b6411cd-0906-4769-b2f2-457fc3e6ed02",
      "Relationships": [
        {
          "Type": "CHILD",
          "Ids": [
            "d889911d-8bab-4e9b-a25b-6f9d06e8d33d"
          ]
        }
      ],
      "Page": 1
    },
    {
      "BlockType": "CELL",
      "Confidence": 64.35546875,
      "RowIndex": 3,
      "ColumnIndex": 6,
      "RowSpan": 1,
      "ColumnSpan": 1,
      "Geometry": {
        "BoundingBox": {
          "Width": 0.07351193577051163,
          "Height": 0.032038722187280655,
          "Left": 0.6139076948165894,
          "Top": 0.5178056955337524
        },
        "Polygon": [
          {
            "X": 0.6139076948165894,
            "Y": 0.5178105235099792
          },
          {
            "X": 0.6872627139091492,
            "Y": 0.5178056955337524
          },
          {
            "X": 0.687419593334198,
            "Y": 0.5498324036598206
          },
          {
            "X": 0.614068865776062,
            "Y": 0.5498443841934204
          }
        ]
      },
      "Id": "a2458927-d929-45b9-b6d7-36a102a847c5",
      "Relationships": [
        {
          "Type": "CHILD",
          "Ids": [
            "e7d1434b-7cd3-4695-9dfd-724389648878"
          ]
        }
      ],
      "Page": 1
    },
    {
      "BlockType": "CELL",
      "Confidence": 68.84765625,
      "RowIndex": 3,
      "ColumnIndex": 7,
      "RowSpan": 1,
      "ColumnSpan": 1,
      "Geometry": {
        "BoundingBox": {
          "Width": 0.085503488779068,
          "Height": 0.03203233331441879,
          "Left": 0.6872627139091492,
          "Top": 0.5178000330924988
        },
        "Polygon": [
          {
            "X": 0.6872627139091492,
            "Y": 0.5178056955337524
          },
          {
            "X": 0.7726143002510071,
            "Y": 0.5178000330924988
          },
          {
            "X": 0.7727661728858948,
            "Y": 0.5498183965682983
          },
          {
            "X": 0.687419593334198,
            "Y": 0.5498324036598206
          }
        ]
      },
      "Id": "dd6220bf-9503-4fa8-a256-8d9c0cd2944b",
      "Relationships": [
        {
          "Type": "CHILD",
          "Ids": [
            "bcaa3c17-c00f-4360-86d9-959837a5bc4e"
          ]
        }
      ],
      "Page": 1
    },
    {
      "BlockType": "CELL",
      "Confidence": 83.349609375,
      "RowIndex": 4,
      "ColumnIndex": 1,
      "RowSpan": 1,
      "ColumnSpan": 1,
      "Geometry": {
        "BoundingBox": {
          "Width": 0.12504808604717255,
          "Height": 0.04653129726648331,
          "Left": 0.22736607491970062,
          "Top": 0.5498872995376587
        },
        "Polygon": [
          {
            "X": 0.22736607491970062,
            "Y": 0.5499078035354614
          },
          {
            "X": 0.35215798020362854,
            "Y": 0.5498872995376587
          },
          {
            "X": 0.35241416096687317,
            "Y": 0.5963804721832275
          },
          {
            "X": 0.22763292491436005,
            "Y": 0.5964186191558838
          }
        ]
      },
      "Id": "e433cd9f-237f-43fd-9fc6-ee061f24337c",
      "Relationships": [
        {
          "Type": "CHILD",
          "Ids": [
            "64ef5853-afc5-4ccc-904d-3e58fdb2d16f"
          ]
        }
      ],
      "Page": 1
    },
    {
      "BlockType": "CELL",
      "Confidence": 78.369140625,
      "RowIndex": 4,
      "ColumnIndex": 2,
      "RowSpan": 1,
      "ColumnSpan": 1,
      "Geometry": {
        "BoundingBox": {
          "Width": 0.09264621883630753,
          "Height": 0.04650827497243881,
          "Left": 0.35215798020362854,
          "Top": 0.5498721599578857
        },
        "Polygon": [
          {
            "X": 0.35215798020362854,
            "Y": 0.5498872995376587
          },
          {
            "X": 0.4445559084415436,
            "Y": 0.5498721599578857
          },
          {
            "X": 0.44480419158935547,
            "Y": 0.596352219581604
          },
          {
            "X": 0.35241416096687317,
            "Y": 0.5963804721832275
          }
        ]
      },
      "Id": "dadf865b-9bd4-4033-a4d1-b4670823846d",
      "Relationships": [
        {
          "Type": "CHILD",
          "Ids": [
            "4fa1ab16-8f9e-4896-9876-f58672ef214d"
          ]
        }
      ],
      "Page": 1
    },
    {
      "BlockType": "CELL",
      "Confidence": 71.875,
      "RowIndex": 4,
      "ColumnIndex": 3,
      "RowSpan": 1,
      "ColumnSpan": 1,
      "Geometry": {
        "BoundingBox": {
          "Width": 0.08123598247766495,
          "Height": 0.0464932881295681,
          "Left": 0.4445559084415436,
          "Top": 0.5498589277267456
        },
        "Polygon": [
          {
            "X": 0.4445559084415436,
            "Y": 0.5498721599578857
          },
          {
            "X": 0.5255505442619324,
            "Y": 0.5498589277267456
          },
          {
            "X": 0.5257918834686279,
            "Y": 0.5963274240493774
          },
          {
            "X": 0.44480419158935547,
            "Y": 0.596352219581604
          }
        ]
      },
      "Id": "92ef196c-1d90-4ac7-bb4a-a35899d2f8db",
      "Relationships": [
        {
          "Type": "CHILD",
          "Ids": [
            "ef76adf2-2ccd-4776-b71c-f331853bec6f"
          ]
        }
      ],
      "Page": 1
    },
    {
      "BlockType": "CELL",
      "Confidence": 58.49609375,
      "RowIndex": 4,
      "ColumnIndex": 4,
      "RowSpan": 1,
      "ColumnSpan": 1,
      "Geometry": {
        "BoundingBox": {
          "Width": 0.03882887586951256,
          "Height": 0.04647484049201012,
          "Left": 0.5255505442619324,
          "Top": 0.5498526096343994
        },
        "Polygon": [
          {
            "X": 0.5255505442619324,
            "Y": 0.5498589277267456
          },
          {
            "X": 0.5641413331031799,
            "Y": 0.5498526096343994
          },
          {
            "X": 0.5643793940544128,
            "Y": 0.5963156223297119
          },
          {
            "X": 0.5257918834686279,
            "Y": 0.5963274240493774
          }
        ]
      },
      "Id": "dd00325a-e246-4d12-9ff6-fa61dd7279b4",
      "Relationships": [
        {
          "Type": "CHILD",
          "Ids": [
            "61a2a1cb-316c-4f78-a8a1-56e3acc03487"
          ]
        }
      ],
      "Page": 1
    },
    {
      "BlockType": "CELL",
      "Confidence": 62.744140625,
      "RowIndex": 4,
      "ColumnIndex": 5,
      "RowSpan": 1,
      "ColumnSpan": 1,
      "Geometry": {
        "BoundingBox": {
          "Width": 0.050161343067884445,
          "Height": 0.04647122323513031,
          "Left": 0.5641413331031799,
          "Top": 0.5498443841934204
        },
        "Polygon": [
          {
            "X": 0.5641413331031799,
            "Y": 0.5498526096343994
          },
          {
            "X": 0.614068865776062,
            "Y": 0.5498443841934204
          },
          {
            "X": 0.6143026947975159,
            "Y": 0.5963003635406494
          },
          {
            "X": 0.5643793940544128,
            "Y": 0.5963156223297119
          }
        ]
      },
      "Id": "60c85782-4856-4325-b207-e75dacbcfd23",
      "Relationships": [
        {
          "Type": "CHILD",
          "Ids": [
            "19db9f2e-9ebf-4561-9283-a04560802012"
          ]
        }
      ],
      "Page": 1
    },
    {
      "BlockType": "CELL",
      "Confidence": 71.240234375,
      "RowIndex": 4,
      "ColumnIndex": 6,
      "RowSpan": 1,
      "ColumnSpan": 1,
      "Geometry": {
        "BoundingBox": {
          "Width": 0.07357825338840485,
          "Height": 0.04646797105669975,
          "Left": 0.614068865776062,
          "Top": 0.5498324036598206
        },
        "Polygon": [
          {
            "X": 0.614068865776062,
            "Y": 0.5498443841934204
          },
          {
            "X": 0.687419593334198,
            "Y": 0.5498324036598206
          },
          {
            "X": 0.6876471638679504,
            "Y": 0.5962778925895691
          },
          {
            "X": 0.6143026947975159,
            "Y": 0.5963003635406494
          }
        ]
      },
      "Id": "12feea41-30ba-4720-9219-77b60dd95bc1",
      "Relationships": [
        {
          "Type": "CHILD",
          "Ids": [
            "ed7e11f4-b0f8-4dc1-a7cb-4732e79cb1ce"
          ]
        }
      ],
      "Page": 1
    },
    {
      "BlockType": "CELL",
      "Confidence": 76.171875,
      "RowIndex": 4,
      "ColumnIndex": 7,
      "RowSpan": 1,
      "ColumnSpan": 1,
      "Geometry": {
        "BoundingBox": {
          "Width": 0.08556684106588364,
          "Height": 0.04645952582359314,
          "Left": 0.687419593334198,
          "Top": 0.5498183965682983
        },
        "Polygon": [
          {
            "X": 0.687419593334198,
            "Y": 0.5498324036598206
          },
          {
            "X": 0.7727661728858948,
            "Y": 0.5498183965682983
          },
          {
            "X": 0.7729864716529846,
            "Y": 0.5962518453598022
          },
          {
            "X": 0.6876471638679504,
            "Y": 0.5962778925895691
          }
        ]
      },
      "Id": "61e58fe5-1d2b-4318-a2ba-994650c3a3e0",
      "Relationships": [
        {
          "Type": "CHILD",
          "Ids": [
            "b113e41b-88f9-4456-8b12-3c600ee7cbc9"
          ]
        }
      ],
      "Page": 1
    }
  ],
  "AnalyzeDocumentModelVersion": "1.0"
}