{
  "DocumentMetadata": {
    "Pages": 1
  },
  "JobStatus": "SUCCEEDED",
  "Blocks": [
    {
      "BlockType": "PAGE",
      "Geometry": {
        "BoundingBox": {
          "Width": 1,
          "Height": 1,
          "Left": 0,
          "Top": 0
        },
        "Polygon": [
          {
            "X": 0.000019129493011860177,
            "Y": 0
          },
          {
            "X": 1,
            "Y": 0.0000024051951186265796
          },
          {
            "X": 1,
            "Y": 1
          },
          {
            "X": 0,
            "Y": 1
          }
        ]
      },
      "Id": "4b4987a6-d37f-4867-8842-8768c8d0d22e",
      "Relationships": [
        {
          "Type": "CHILD",
          "Ids": [
            "1443be0a-ec88-4945-a729-6f6500e043df",
            "351ce132-a830-4fe9-9d7d-839018646ba5",
            "612381ef-4b74-48c7-8fd1-6d7837f44651",
            "42e14493-3d62-4abe-89dc-c0cb59fc6890",
            "d70614fe-4602-4bf3-8240-f544a0e76623",
            "830830bc-dcbc-4c9a-bd57-35ca6446cae8",
            "f6edfb36-bcfa-4588-bacb-bc3990ae3ce5",
            "980d2c89-b99c-45f1-b997-75d97424c3bb",
            "ed08dd24-5a54-4f6b-b6ee-fdf3840c9ac1",
            "b6899ecc-8ae5-4373-9e3b-8c7144ef32b1",
            "5fb77436-d01b-4014-8ded-b899fb36a1c7",
            "6389f91e-b3ab-4129-9418-ed17552a7c5f",
            "a5400855-e863-4e6a-bb2d-ec2759b95676"
          ]
        }
      ],
      "Page": 1
    },
    {
      "BlockType": "LINE",
      "Confidence": 99.94096374511719,
      "Text": "Sample",
      "Geometry": {
        "BoundingBox": {
          "Width": 0.05932250991463661,
          "Height": 0.026386741548776627,
          "Left": 0.32592129707336426,
          "Top": 0.42943131923675537
        },
        "Polygon": [
          {
            "X": 0.3259856402873993,
            "Y": 0.42943131923675537
          },
          {
            "X": 0.38524380326271057,
            "Y": 0.4296724498271942
          },
          {
            "X": 0.38520514965057373,
            "Y": 0.4558180570602417
          },
          {
            "X": 0.32592129707336426,
            "Y": 0.45557090640068054
          }
        ]
      },
      "Id": "1443be0a-ec88-4945-a729-6f6500e043df",
      "Relationships": [
        {
          "Type": "CHILD",
          "Ids": [
            "2090c6b1-09a3-4d6e-a63b-12e794154042"
          ]
        }
      ],
      "Page": 1
    },
    {
      "BlockType": "LINE",
      "Confidence": 97.91898345947266,
      "Text": "G' at 25 °C (GPa)",
      "Geometry": {
        "BoundingBox": {
          "Width": 0.13557998836040497,
          "Height": 0.02661588229238987,
          "Left": 0.46116378903388977,
          "Top": 0.4288346469402313
        },
        "Polygon": [
          {
            "X": 0.4611695110797882,
            "Y": 0.4288346469402313
          },
          {
            "X": 0.5966909527778625,
            "Y": 0.4293854832649231
          },
          {
            "X": 0.5967437624931335,
            "Y": 0.45545053482055664
          },
          {
            "X": 0.46116378903388977,
            "Y": 0.45488592982292175
          }
        ]
      },
      "Id": "351ce132-a830-4fe9-9d7d-839018646ba5",
      "Relationships": [
        {
          "Type": "CHILD",
          "Ids": [
            "505ea8b2-1d23-4322-8713-25154855a9e1",
            "bf9e1045-2d67-4693-b8ce-ec9a2799e202",
            "92ab7d0b-1b01-4c8d-80a7-021583dd5887",
            "05fe98f9-b9e2-4c73-9a96-3ae81c4e9d9a",
            "da693b24-27c4-4d53-b185-be61cf00c3ae"
          ]
        }
      ],
      "Page": 1
    },
    {
      "BlockType": "LINE",
      "Confidence": 74.8844223022461,
      "Text": "Tg (°C)",
      "Geometry": {
        "BoundingBox": {
          "Width": 0.05253514647483826,
          "Height": 0.029194965958595276,
          "Left": 0.6358606219291687,
          "Top": 0.42899179458618164
        },
        "Polygon": [
          {
            "X": 0.6358606219291687,
            "Y": 0.42899179458618164
          },
          {
            "X": 0.6882930397987366,
            "Y": 0.4292047917842865
          },
          {
            "X": 0.6883957386016846,
            "Y": 0.4581867456436157
          },
          {
            "X": 0.6359381079673767,
            "Y": 0.4579678475856781
          }
        ]
      },
      "Id": "612381ef-4b74-48c7-8fd1-6d7837f44651",
      "Relationships": [
        {
          "Type": "CHILD",
          "Ids": [
            "883d42e5-f0a1-4210-a658-aa241df2f706",
            "46719c11-b9da-4497-bf47-9dd97f4dd0c8"
          ]
        }
      ],
      "Page": 1
    },
    {
      "BlockType": "LINE",
      "Confidence": 99.81145477294922,
      "Text": "TGK/RC",
      "Geometry": {
        "BoundingBox": {
          "Width": 0.06277409195899963,
          "Height": 0.02556672692298889,
          "Left": 0.32511106133461,
          "Top": 0.4779244363307953
        },
        "Polygon": [
          {
            "X": 0.32517358660697937,
            "Y": 0.4779244363307953
          },
          {
            "X": 0.3878851532936096,
            "Y": 0.4781912863254547
          },
          {
            "X": 0.3878488838672638,
            "Y": 0.5034911632537842
          },
          {
            "X": 0.32511106133461,
            "Y": 0.5032181739807129
          }
        ]
      },
      "Id": "42e14493-3d62-4abe-89dc-c0cb59fc6890",
      "Relationships": [
        {
          "Type": "CHILD",
          "Ids": [
            "2d6d5e02-7862-4e5e-8ab8-06014b9d83e0"
          ]
        }
      ],
      "Page": 1
    },
    {
      "BlockType": "LINE",
      "Confidence": 65.89620971679688,
      "Text": "1.71",
      "Geometry": {
        "BoundingBox": {
          "Width": 0.03178446739912033,
          "Height": 0.020684774965047836,
          "Left": 0.4621310234069824,
          "Top": 0.4785374104976654
        },
        "Polygon": [
          {
            "X": 0.4621352255344391,
            "Y": 0.4785374104976654
          },
          {
            "X": 0.4939088821411133,
            "Y": 0.4786726236343384
          },
          {
            "X": 0.49391549825668335,
            "Y": 0.49922218918800354
          },
          {
            "X": 0.4621310234069824,
            "Y": 0.4990844428539276
          }
        ]
      },
      "Id": "d70614fe-4602-4bf3-8240-f544a0e76623",
      "Relationships": [
        {
          "Type": "CHILD",
          "Ids": [
            "aab983d6-8ab0-4e29-8512-6cf5ca9957b3"
          ]
        }
      ],
      "Page": 1
    },
    {
      "BlockType": "LINE",
      "Confidence": 99.97230529785156,
      "Text": "140",
      "Geometry": {
        "BoundingBox": {
          "Width": 0.029173241928219795,
          "Height": 0.021088702604174614,
          "Left": 0.6377608776092529,
          "Top": 0.4781559407711029
        },
        "Polygon": [
          {
            "X": 0.6377608776092529,
            "Y": 0.4781559407711029
          },
          {
            "X": 0.6668673157691956,
            "Y": 0.47827965021133423
          },
          {
            "X": 0.6669341325759888,
            "Y": 0.4992446303367615
          },
          {
            "X": 0.6378176212310791,
            "Y": 0.49911853671073914
          }
        ]
      },
      "Id": "830830bc-dcbc-4c9a-bd57-35ca6446cae8",
      "Relationships": [
        {
          "Type": "CHILD",
          "Ids": [
            "f99ac18b-fdbd-4125-8530-2cb4c218e11e"
          ]
        }
      ],
      "Page": 1
    },
    {
      "BlockType": "LINE",
      "Confidence": 99.80891418457031,
      "Text": "TGK/PPD",
      "Geometry": {
        "BoundingBox": {
          "Width": 0.07256639748811722,
          "Height": 0.026101129129529,
          "Left": 0.32512539625167847,
          "Top": 0.5108811855316162
        },
        "Polygon": [
          {
            "X": 0.32518908381462097,
            "Y": 0.5108811855316162
          },
          {
            "X": 0.3976918160915375,
            "Y": 0.511198878288269
          },
          {
            "X": 0.397659033536911,
            "Y": 0.5369823575019836
          },
          {
            "X": 0.32512539625167847,
            "Y": 0.5366573333740234
          }
        ]
      },
      "Id": "f6edfb36-bcfa-4588-bacb-bc3990ae3ce5",
      "Relationships": [
        {
          "Type": "CHILD",
          "Ids": [
            "d955a6c7-66db-4fff-b04a-499b5d21a6ee"
          ]
        }
      ],
      "Page": 1
    },
    {
      "BlockType": "LINE",
      "Confidence": 91.97871398925781,
      "Text": "0.71",
      "Geometry": {
        "BoundingBox": {
          "Width": 0.0326358824968338,
          "Height": 0.020542435348033905,
          "Left": 0.46115759015083313,
          "Top": 0.5117189884185791
        },
        "Polygon": [
          {
            "X": 0.46116209030151367,
            "Y": 0.5117189884185791
          },
          {
            "X": 0.49378693103790283,
            "Y": 0.5118619203567505
          },
          {
            "X": 0.4937934875488281,
            "Y": 0.5322613716125488
          },
          {
            "X": 0.46115759015083313,
            "Y": 0.5321158170700073
          }
        ]
      },
      "Id": "980d2c89-b99c-45f1-b997-75d97424c3bb",
      "Relationships": [
        {
          "Type": "CHILD",
          "Ids": [
            "4891b98c-4c73-4667-ad44-88f123c93389"
          ]
        }
      ],
      "Page": 1
    },
    {
      "BlockType": "LINE",
      "Confidence": 99.94651794433594,
      "Text": "122",
      "Geometry": {
        "BoundingBox": {
          "Width": 0.0289364755153656,
          "Height": 0.020639659836888313,
          "Left": 0.637423574924469,
          "Top": 0.5115271806716919
        },
        "Polygon": [
          {
            "X": 0.637423574924469,
            "Y": 0.5115271806716919
          },
          {
            "X": 0.6662948727607727,
            "Y": 0.5116536021232605
          },
          {
            "X": 0.6663600206375122,
            "Y": 0.5321668386459351
          },
          {
            "X": 0.6374788880348206,
            "Y": 0.5320380926132202
          }
        ]
      },
      "Id": "ed08dd24-5a54-4f6b-b6ee-fdf3840c9ac1",
      "Relationships": [
        {
          "Type": "CHILD",
          "Ids": [
            "edbc3d0d-6811-4432-9efe-8e1aff296858"
          ]
        }
      ],
      "Page": 1
    },
    {
      "BlockType": "LINE",
      "Confidence": 99.26588439941406,
      "Text": "DGEBA/PPD",
      "Geometry": {
        "BoundingBox": {
          "Width": 0.09477047622203827,
          "Height": 0.026222947984933853,
          "Left": 0.3259425759315491,
          "Top": 0.5442520976066589
        },
        "Polygon": [
          {
            "X": 0.3260059058666229,
            "Y": 0.5442520976066589
          },
          {
            "X": 0.42071306705474854,
            "Y": 0.5446791648864746
          },
          {
            "X": 0.42069011926651,
            "Y": 0.5704750418663025
          },
          {
            "X": 0.3259425759315491,
            "Y": 0.5700384378433228
          }
        ]
      },
      "Id": "b6899ecc-8ae5-4373-9e3b-8c7144ef32b1",
      "Relationships": [
        {
          "Type": "CHILD",
          "Ids": [
            "971cd7a1-6093-4c6f-8e19-bc1a0365fce2"
          ]
        }
      ],
      "Page": 1
    },
    {
      "BlockType": "LINE",
      "Confidence": 94.1645278930664,
      "Text": "1.58",
      "Geometry": {
        "BoundingBox": {
          "Width": 0.032019563019275665,
          "Height": 0.01980270817875862,
          "Left": 0.4631496071815491,
          "Top": 0.5450443625450134
        },
        "Polygon": [
          {
            "X": 0.46315327286720276,
            "Y": 0.5450443625450134
          },
          {
            "X": 0.4951624274253845,
            "Y": 0.5451887249946594
          },
          {
            "X": 0.49516916275024414,
            "Y": 0.5648470520973206
          },
          {
            "X": 0.4631496071815491,
            "Y": 0.5647002458572388
          }
        ]
      },
      "Id": "5fb77436-d01b-4014-8ded-b899fb36a1c7",
      "Relationships": [
        {
          "Type": "CHILD",
          "Ids": [
            "4d931f33-188a-4fec-afc0-ffceed3c6c7c"
          ]
        }
      ],
      "Page": 1
    },
    {
      "BlockType": "LINE",
      "Confidence": 99.97388458251953,
      "Text": "90",
      "Geometry": {
        "BoundingBox": {
          "Width": 0.020092062652111053,
          "Height": 0.020170923322439194,
          "Left": 0.6464408040046692,
          "Top": 0.545053243637085
        },
        "Polygon": [
          {
            "X": 0.6464408040046692,
            "Y": 0.545053243637085
          },
          {
            "X": 0.6664690375328064,
            "Y": 0.5451435446739197
          },
          {
            "X": 0.6665328145027161,
            "Y": 0.5652241706848145
          },
          {
            "X": 0.646497905254364,
            "Y": 0.5651323199272156
          }
        ]
      },
      "Id": "6389f91e-b3ab-4129-9418-ed17552a7c5f",
      "Relationships": [
        {
          "Type": "CHILD",
          "Ids": [
            "b997ee40-bce3-4cee-be07-cc7b30ac20a4"
          ]
        }
      ],
      "Page": 1
    },
    {
      "BlockType": "WORD",
      "Confidence": 99.94096374511719,
      "Text": "Sample",
      "TextType": "PRINTED",
      "Geometry": {
        "BoundingBox": {
          "Width": 0.05932250991463661,
          "Height": 0.026386741548776627,
          "Left": 0.32592129707336426,
          "Top": 0.42943131923675537
        },
        "Polygon": [
          {
            "X": 0.3259856402873993,
            "Y": 0.42943131923675537
          },
          {
            "X": 0.38524380326271057,
            "Y": 0.4296724498271942
          },
          {
            "X": 0.38520514965057373,
            "Y": 0.4558180570602417
          },
          {
            "X": 0.32592129707336426,
            "Y": 0.45557090640068054
          }
        ]
      },
      "Id": "2090c6b1-09a3-4d6e-a63b-12e794154042",
      "Page": 1
    },
    {
      "BlockType": "WORD",
      "Confidence": 93.00843048095703,
      "Text": "G'",
      "TextType": "PRINTED",
      "Geometry": {
        "BoundingBox": {
          "Width": 0.015589674934744835,
          "Height": 0.020768139511346817,
          "Left": 0.4611647427082062,
          "Top": 0.4298678934574127
        },
        "Polygon": [
          {
            "X": 0.4611692726612091,
            "Y": 0.4298678934574127
          },
          {
            "X": 0.4767536222934723,
            "Y": 0.42993131279945374
          },
          {
            "X": 0.47675439715385437,
            "Y": 0.45063602924346924
          },
          {
            "X": 0.4611647427082062,
            "Y": 0.4505713880062103
          }
        ]
      },
      "Id": "505ea8b2-1d23-4322-8713-25154855a9e1",
      "Page": 1
    },
    {
      "BlockType": "WORD",
      "Confidence": 99.98155975341797,
      "Text": "at",
      "TextType": "PRINTED",
      "Geometry": {
        "BoundingBox": {
          "Width": 0.016298016533255577,
          "Height": 0.018896223977208138,
          "Left": 0.482769638299942,
          "Top": 0.4322803318500519
        },
        "Polygon": [
          {
            "X": 0.482769638299942,
            "Y": 0.4322803318500519
          },
          {
            "X": 0.4990599751472473,
            "Y": 0.43234673142433167
          },
          {
            "X": 0.49906766414642334,
            "Y": 0.45117655396461487
          },
          {
            "X": 0.48277226090431213,
            "Y": 0.4511089324951172
          }
        ]
      },
      "Id": "bf9e1045-2d67-4693-b8ce-ec9a2799e202",
      "Page": 1
    },
    {
      "BlockType": "WORD",
      "Confidence": 99.8906021118164,
      "Text": "25",
      "TextType": "PRINTED",
      "Geometry": {
        "BoundingBox": {
          "Width": 0.020015273243188858,
          "Height": 0.020967839285731316,
          "Left": 0.504054069519043,
          "Top": 0.43007034063339233
        },
        "Polygon": [
          {
            "X": 0.504054069519043,
            "Y": 0.43007034063339233
          },
          {
            "X": 0.5240522027015686,
            "Y": 0.43015170097351074
          },
          {
            "X": 0.5240693688392639,
            "Y": 0.4510381817817688
          },
          {
            "X": 0.5040643215179443,
            "Y": 0.45095518231391907
          }
        ]
      },
      "Id": "92ab7d0b-1b01-4c8d-80a7-021583dd5887",
      "Page": 1
    },
    {
      "BlockType": "WORD",
      "Confidence": 97.74738311767578,
      "Text": "°C",
      "TextType": "PRINTED",
      "Geometry": {
        "BoundingBox": {
          "Width": 0.017940685153007507,
          "Height": 0.020568035542964935,
          "Left": 0.529119610786438,
          "Top": 0.42996102571487427
        },
        "Polygon": [
          {
            "X": 0.529119610786438,
            "Y": 0.42996102571487427
          },
          {
            "X": 0.5470356345176697,
            "Y": 0.4300338923931122
          },
          {
            "X": 0.5470602512359619,
            "Y": 0.4505290687084198
          },
          {
            "X": 0.5291381478309631,
            "Y": 0.4504547417163849
          }
        ]
      },
      "Id": "05fe98f9-b9e2-4c73-9a96-3ae81c4e9d9a",
      "Page": 1
    },
    {
      "BlockType": "WORD",
      "Confidence": 98.9669418334961,
      "Text": "(GPa)",
      "TextType": "PRINTED",
      "Geometry": {
        "BoundingBox": {
          "Width": 0.044432368129491806,
          "Height": 0.026245437562465668,
          "Left": 0.5523114204406738,
          "Top": 0.4292050898075104
        },
        "Polygon": [
          {
            "X": 0.5523114204406738,
            "Y": 0.4292050898075104
          },
          {
            "X": 0.5966909527778625,
            "Y": 0.4293854832649231
          },
          {
            "X": 0.5967437624931335,
            "Y": 0.45545053482055664
          },
          {
            "X": 0.5523450374603271,
            "Y": 0.4552656412124634
          }
        ]
      },
      "Id": "da693b24-27c4-4d53-b185-be61cf00c3ae",
      "Page": 1
    },
    {
      "BlockType": "WORD",
      "Confidence": 88.59996032714844,
      "Text": "Tg",
      "TextType": "PRINTED",
      "Geometry": {
        "BoundingBox": {
          "Width": 0.01663985848426819,
          "Height": 0.02783360332250595,
          "Left": 0.6358638405799866,
          "Top": 0.430203378200531
        },
        "Polygon": [
          {
            "X": 0.6358638405799866,
            "Y": 0.430203378200531
          },
          {
            "X": 0.652421772480011,
            "Y": 0.4302707016468048
          },
          {
            "X": 0.6525036692619324,
            "Y": 0.45803695917129517
          },
          {
            "X": 0.6359381079673767,
            "Y": 0.4579678475856781
          }
        ]
      },
      "Id": "883d42e5-f0a1-4210-a658-aa241df2f706",
      "Page": 1
    },
    {
      "BlockType": "WORD",
      "Confidence": 61.16887283325195,
      "Text": "(°C)",
      "TextType": "PRINTED",
      "Geometry": {
        "BoundingBox": {
          "Width": 0.031216120347380638,
          "Height": 0.02676105871796608,
          "Left": 0.6571713089942932,
          "Top": 0.4290783703327179
        },
        "Polygon": [
          {
            "X": 0.6571713089942932,
            "Y": 0.4290783703327179
          },
          {
            "X": 0.6882930397987366,
            "Y": 0.4292047917842865
          },
          {
            "X": 0.688387393951416,
            "Y": 0.4558394253253937
          },
          {
            "X": 0.6572519540786743,
            "Y": 0.4557097554206848
          }
        ]
      },
      "Id": "46719c11-b9da-4497-bf47-9dd97f4dd0c8",
      "Page": 1
    },
    {
      "BlockType": "WORD",
      "Confidence": 99.81145477294922,
      "Text": "TGK/RC",
      "TextType": "PRINTED",
      "Geometry": {
        "BoundingBox": {
          "Width": 0.06277409195899963,
          "Height": 0.02556672692298889,
          "Left": 0.32511106133461,
          "Top": 0.4779244363307953
        },
        "Polygon": [
          {
            "X": 0.32517358660697937,
            "Y": 0.4779244363307953
          },
          {
            "X": 0.3878851532936096,
            "Y": 0.4781912863254547
          },
          {
            "X": 0.3878488838672638,
            "Y": 0.5034911632537842
          },
          {
            "X": 0.32511106133461,
            "Y": 0.5032181739807129
          }
        ]
      },
      "Id": "2d6d5e02-7862-4e5e-8ab8-06014b9d83e0",
      "Page": 1
    },
    {
      "BlockType": "WORD",
      "Confidence": 65.89620971679688,
      "Text": "1.71",
      "TextType": "PRINTED",
      "Geometry": {
        "BoundingBox": {
          "Width": 0.03178446739912033,
          "Height": 0.020684774965047836,
          "Left": 0.4621310234069824,
          "Top": 0.4785374104976654
        },
        "Polygon": [
          {
            "X": 0.4621352255344391,
            "Y": 0.4785374104976654
          },
          {
            "X": 0.4939088821411133,
            "Y": 0.4786726236343384
          },
          {
            "X": 0.49391549825668335,
            "Y": 0.49922218918800354
          },
          {
            "X": 0.4621310234069824,
            "Y": 0.4990844428539276
          }
        ]
      },
      "Id": "aab983d6-8ab0-4e29-8512-6cf5ca9957b3",
      "Page": 1
    },
    {
      "BlockType": "WORD",
      "Confidence": 99.97230529785156,
      "Text": "140",
      "TextType": "PRINTED",
      "Geometry": {
        "BoundingBox": {
          "Width": 0.029173241928219795,
          "Height": 0.021088702604174614,
          "Left": 0.6377608776092529,
          "Top": 0.4781559407711029
        },
        "Polygon": [
          {
            "X": 0.6377608776092529,
            "Y": 0.4781559407711029
          },
          {
            "X": 0.6668673157691956,
            "Y": 0.47827965021133423
          },
          {
            "X": 0.6669341325759888,
            "Y": 0.4992446303367615
          },
          {
            "X": 0.6378176212310791,
            "Y": 0.49911853671073914
          }
        ]
      },
      "Id": "f99ac18b-fdbd-4125-8530-2cb4c218e11e",
      "Page": 1
    },
    {
      "BlockType": "WORD",
      "Confidence": 99.80891418457031,
      "Text": "TGK/PPD",
      "TextType": "PRINTED",
      "Geometry": {
        "BoundingBox": {
          "Width": 0.07256639748811722,
          "Height": 0.026101129129529,
          "Left": 0.32512539625167847,
          "Top": 0.5108811855316162
        },
        "Polygon": [
          {
            "X": 0.32518908381462097,
            "Y": 0.5108811855316162
          },
          {
            "X": 0.3976918160915375,
            "Y": 0.511198878288269
          },
          {
            "X": 0.397659033536911,
            "Y": 0.5369823575019836
          },
          {
            "X": 0.32512539625167847,
            "Y": 0.5366573333740234
          }
        ]
      },
      "Id": "d955a6c7-66db-4fff-b04a-499b5d21a6ee",
      "Page": 1
    },
    {
      "BlockType": "WORD",
      "Confidence": 91.97871398925781,
      "Text": "0.71",
      "TextType": "PRINTED",
      "Geometry": {
        "BoundingBox": {
          "Width": 0.0326358824968338,
          "Height": 0.020542435348033905,
          "Left": 0.46115759015083313,
          "Top": 0.5117189884185791
        },
        "Polygon": [
          {
            "X": 0.46116209030151367,
            "Y": 0.5117189884185791
          },
          {
            "X": 0.49378693103790283,
            "Y": 0.5118619203567505
          },
          {
            "X": 0.4937934875488281,
            "Y": 0.5322613716125488
          },
          {
            "X": 0.46115759015083313,
            "Y": 0.5321158170700073
          }
        ]
      },
      "Id": "4891b98c-4c73-4667-ad44-88f123c93389",
      "Page": 1
    },
    {
      "BlockType": "WORD",
      "Confidence": 99.94651794433594,
      "Text": "122",
      "TextType": "PRINTED",
      "Geometry": {
        "BoundingBox": {
          "Width": 0.0289364755153656,
          "Height": 0.020639659836888313,
          "Left": 0.637423574924469,
          "Top": 0.5115271806716919
        },
        "Polygon": [
          {
            "X": 0.637423574924469,
            "Y": 0.5115271806716919
          },
          {
            "X": 0.6662948727607727,
            "Y": 0.5116536021232605
          },
          {
            "X": 0.6663600206375122,
            "Y": 0.5321668386459351
          },
          {
            "X": 0.6374788880348206,
            "Y": 0.5320380926132202
          }
        ]
      },
      "Id": "edbc3d0d-6811-4432-9efe-8e1aff296858",
      "Page": 1
    },
    {
      "BlockType": "WORD",
      "Confidence": 99.26588439941406,
      "Text": "DGEBA/PPD",
      "TextType": "PRINTED",
      "Geometry": {
        "BoundingBox": {
          "Width": 0.09477047622203827,
          "Height": 0.026222947984933853,
          "Left": 0.3259425759315491,
          "Top": 0.5442520976066589
        },
        "Polygon": [
          {
            "X": 0.3260059058666229,
            "Y": 0.5442520976066589
          },
          {
            "X": 0.42071306705474854,
            "Y": 0.5446791648864746
          },
          {
            "X": 0.42069011926651,
            "Y": 0.5704750418663025
          },
          {
            "X": 0.3259425759315491,
            "Y": 0.5700384378433228
          }
        ]
      },
      "Id": "971cd7a1-6093-4c6f-8e19-bc1a0365fce2",
      "Page": 1
    },
    {
      "BlockType": "WORD",
      "Confidence": 94.1645278930664,
      "Text": "1.58",
      "TextType": "PRINTED",
      "Geometry": {
        "BoundingBox": {
          "Width": 0.032019563019275665,
          "Height": 0.01980270817875862,
          "Left": 0.4631496071815491,
          "Top": 0.5450443625450134
        },
        "Polygon": [
          {
            "X": 0.46315327286720276,
            "Y": 0.5450443625450134
          },
          {
            "X": 0.4951624274253845,
            "Y": 0.5451887249946594
          },
          {
            "X": 0.49516916275024414,
            "Y": 0.5648470520973206
          },
          {
            "X": 0.4631496071815491,
            "Y": 0.5647002458572388
          }
        ]
      },
      "Id": "4d931f33-188a-4fec-afc0-ffceed3c6c7c",
      "Page": 1
    },
    {
      "BlockType": "WORD",
      "Confidence": 99.97388458251953,
      "Text": "90",
      "TextType": "PRINTED",
      "Geometry": {
        "BoundingBox": {
          "Width": 0.020092062652111053,
          "Height": 0.020170923322439194,
          "Left": 0.6464408040046692,
          "Top": 0.545053243637085
        },
        "Polygon": [
          {
            "X": 0.6464408040046692,
            "Y": 0.545053243637085
          },
          {
            "X": 0.6664690375328064,
            "Y": 0.5451435446739197
          },
          {
            "X": 0.6665328145027161,
            "Y": 0.5652241706848145
          },
          {
            "X": 0.646497905254364,
            "Y": 0.5651323199272156
          }
        ]
      },
      "Id": "b997ee40-bce3-4cee-be07-cc7b30ac20a4",
      "Page": 1
    },
    {
      "BlockType": "TABLE",
      "Confidence": 99.853515625,
      "Geometry": {
        "BoundingBox": {
          "Width": 0.4220864176750183,
          "Height": 0.1715555042028427,
          "Left": 0.28933480381965637,
          "Top": 0.4150344133377075
        },
        "Polygon": [
          {
            "X": 0.2898537814617157,
            "Y": 0.4150344133377075
          },
          {
            "X": 0.7107557058334351,
            "Y": 0.41672399640083313
          },
          {
            "X": 0.7114211916923523,
            "Y": 0.5865899324417114
          },
          {
            "X": 0.28933480381965637,
            "Y": 0.5846209526062012
          }
        ]
      },
      "Id": "a5400855-e863-4e6a-bb2d-ec2759b95676",
      "Relationships": [
        {
          "Type": "CHILD",
          "Ids": [
            "a93d5923-9664-4fa8-ba52-d96aab75ecbc",
            "c8cf6b91-98d1-4f85-9efd-a3028a6021eb",
            "d8a77f95-b951-4f31-81f4-dd6d271224ac",
            "0292e49b-90bc-4001-862a-4e2c1c65743a",
            "7199e27e-4e94-49ad-b990-bcbe634f6014",
            "952fbda8-7e31-4061-81d0-eb7f224b10bc",
            "ad16b3b4-5ab8-49e6-9ee1-95846af81f68",
            "55baab0e-86d6-453c-ad64-d5b3d42fe6b1",
            "dc92bad1-83d7-4151-8c86-1eae07c4cafd",
            "54308045-5ed8-45b9-8034-e45c1cec1646",
            "e4d255e1-af07-41e6-8907-cf107d576016",
            "58097697-a849-4fba-abc1-7df0f67760cb"
          ]
        }
      ],
      "EntityTypes": [
        "STRUCTURED_TABLE"
      ],
      "Page": 1
    },
    {
      "BlockType": "CELL",
      "Confidence": 90.4296875,
      "RowIndex": 1,
      "ColumnIndex": 1,
      "RowSpan": 1,
      "ColumnSpan": 1,
      "Geometry": {
        "BoundingBox": {
          "Width": 0.14934362471103668,
          "Height": 0.04905223473906517,
          "Left": 0.2897056043148041,
          "Top": 0.4150344133377075
        },
        "Polygon": [
          {
            "X": 0.2898537814617157,
            "Y": 0.4150344133377075
          },
          {
            "X": 0.43904921412467957,
            "Y": 0.41563329100608826
          },
          {
            "X": 0.4390207827091217,
            "Y": 0.4640866219997406
          },
          {
            "X": 0.2897056043148041,
            "Y": 0.4634595215320587
          }
        ]
      },
      "Id": "a93d5923-9664-4fa8-ba52-d96aab75ecbc",
      "Relationships": [
        {
          "Type": "CHILD",
          "Ids": [
            "2090c6b1-09a3-4d6e-a63b-12e794154042"
          ]
        }
      ],
      "EntityTypes": [
        "COLUMN_HEADER"
      ],
      "Page": 1
    },
    {
      "BlockType": "CELL",
      "Confidence": 91.796875,
      "RowIndex": 1,
      "ColumnIndex": 2,
      "RowSpan": 1,
      "ColumnSpan": 1,
      "Geometry": {
        "BoundingBox": {
          "Width": 0.1778773069381714,
          "Height": 0.04920041561126709,
          "Left": 0.4390207827091217,
          "Top": 0.41563329100608826
        },
        "Polygon": [
          {
            "X": 0.43904921412467957,
            "Y": 0.41563329100608826
          },
          {
            "X": 0.6167836785316467,
            "Y": 0.4163467586040497
          },
          {
            "X": 0.6168981194496155,
            "Y": 0.46483370661735535
          },
          {
            "X": 0.4390207827091217,
            "Y": 0.4640866219997406
          }
        ]
      },
      "Id": "c8cf6b91-98d1-4f85-9efd-a3028a6021eb",
      "Relationships": [
        {
          "Type": "CHILD",
          "Ids": [
            "505ea8b2-1d23-4322-8713-25154855a9e1",
            "bf9e1045-2d67-4693-b8ce-ec9a2799e202",
            "92ab7d0b-1b01-4c8d-80a7-021583dd5887",
            "05fe98f9-b9e2-4c73-9a96-3ae81c4e9d9a",
            "da693b24-27c4-4d53-b185-be61cf00c3ae"
          ]
        }
      ],
      "EntityTypes": [
        "COLUMN_HEADER"
      ],
      "Page": 1
    },
    {
      "BlockType": "CELL",
      "Confidence": 87.841796875,
      "RowIndex": 1,
      "ColumnIndex": 3,
      "RowSpan": 1,
      "ColumnSpan": 1,
      "Geometry": {
        "BoundingBox": {
          "Width": 0.09416207671165466,
          "Height": 0.048881951719522476,
          "Left": 0.6167836785316467,
          "Top": 0.4163467586040497
        },
        "Polygon": [
          {
            "X": 0.6167836785316467,
            "Y": 0.4163467586040497
          },
          {
            "X": 0.7107557058334351,
            "Y": 0.41672399640083313
          },
          {
            "X": 0.710945725440979,
            "Y": 0.46522870659828186
          },
          {
            "X": 0.6168981194496155,
            "Y": 0.46483370661735535
          }
        ]
      },
      "Id": "d8a77f95-b951-4f31-81f4-dd6d271224ac",
      "Relationships": [
        {
          "Type": "CHILD",
          "Ids": [
            "883d42e5-f0a1-4210-a658-aa241df2f706",
            "46719c11-b9da-4497-bf47-9dd97f4dd0c8"
          ]
        }
      ],
      "EntityTypes": [
        "COLUMN_HEADER"
      ],
      "Page": 1
    },
    {
      "BlockType": "CELL",
      "Confidence": 87.451171875,
      "RowIndex": 2,
      "ColumnIndex": 1,
      "RowSpan": 1,
      "ColumnSpan": 1,
      "Geometry": {
        "BoundingBox": {
          "Width": 0.14944186806678772,
          "Height": 0.042042940855026245,
          "Left": 0.289578914642334,
          "Top": 0.4634595215320587
        },
        "Polygon": [
          {
            "X": 0.2897056043148041,
            "Y": 0.4634595215320587
          },
          {
            "X": 0.4390207827091217,
            "Y": 0.4640866219997406
          },
          {
            "X": 0.43899649381637573,
            "Y": 0.505502462387085
          },
          {
            "X": 0.289578914642334,
            "Y": 0.5048511624336243
          }
        ]
      },
      "Id": "0292e49b-90bc-4001-862a-4e2c1c65743a",
      "Relationships": [
        {
          "Type": "CHILD",
          "Ids": [
            "2d6d5e02-7862-4e5e-8ab8-06014b9d83e0"
          ]
        }
      ],
      "Page": 1
    },
    {
      "BlockType": "CELL",
      "Confidence": 88.720703125,
      "RowIndex": 2,
      "ColumnIndex": 2,
      "RowSpan": 1,
      "ColumnSpan": 1,
      "Geometry": {
        "BoundingBox": {
          "Width": 0.17799942195415497,
          "Height": 0.04219168424606323,
          "Left": 0.43899649381637573,
          "Top": 0.4640866219997406
        },
        "Polygon": [
          {
            "X": 0.4390207827091217,
            "Y": 0.4640866219997406
          },
          {
            "X": 0.6168981194496155,
            "Y": 0.46483370661735535
          },
          {
            "X": 0.6169958710670471,
            "Y": 0.5062783360481262
          },
          {
            "X": 0.43899649381637573,
            "Y": 0.505502462387085
          }
        ]
      },
      "Id": "7199e27e-4e94-49ad-b990-bcbe634f6014",
      "Relationships": [
        {
          "Type": "CHILD",
          "Ids": [
            "aab983d6-8ab0-4e29-8512-6cf5ca9957b3"
          ]
        }
      ],
      "Page": 1
    },
    {
      "BlockType": "CELL",
      "Confidence": 84.912109375,
      "RowIndex": 2,
      "ColumnIndex": 3,
      "RowSpan": 1,
      "ColumnSpan": 1,
      "Geometry": {
        "BoundingBox": {
          "Width": 0.09421008080244064,
          "Height": 0.04185481369495392,
          "Left": 0.6168981194496155,
          "Top": 0.46483370661735535
        },
        "Polygon": [
          {
            "X": 0.6168981194496155,
            "Y": 0.46483370661735535
          },
          {
            "X": 0.710945725440979,
            "Y": 0.46522870659828186
          },
          {
            "X": 0.7111081480979919,
            "Y": 0.5066885352134705
          },
          {
            "X": 0.6169958710670471,
            "Y": 0.5062783360481262
          }
        ]
      },
      "Id": "952fbda8-7e31-4061-81d0-eb7f224b10bc",
      "Relationships": [
        {
          "Type": "CHILD",
          "Ids": [
            "f99ac18b-fdbd-4125-8530-2cb4c218e11e"
          ]
        }
      ],
      "Page": 1
    },
    {
      "BlockType": "CELL",
      "Confidence": 80.76171875,
      "RowIndex": 3,
      "ColumnIndex": 1,
      "RowSpan": 1,
      "ColumnSpan": 1,
      "Geometry": {
        "BoundingBox": {
          "Width": 0.14952325820922852,
          "Height": 0.035207901149988174,
          "Left": 0.2894732356071472,
          "Top": 0.5048511624336243
        },
        "Polygon": [
          {
            "X": 0.289578914642334,
            "Y": 0.5048511624336243
          },
          {
            "X": 0.43899649381637573,
            "Y": 0.505502462387085
          },
          {
            "X": 0.4389761984348297,
            "Y": 0.5400590896606445
          },
          {
            "X": 0.2894732356071472,
            "Y": 0.539387583732605
          }
        ]
      },
      "Id": "ad16b3b4-5ab8-49e6-9ee1-95846af81f68",
      "Relationships": [
        {
          "Type": "CHILD",
          "Ids": [
            "d955a6c7-66db-4fff-b04a-499b5d21a6ee"
          ]
        }
      ],
      "Page": 1
    },
    {
      "BlockType": "CELL",
      "Confidence": 81.982421875,
      "RowIndex": 3,
      "ColumnIndex": 2,
      "RowSpan": 1,
      "ColumnSpan": 1,
      "Geometry": {
        "BoundingBox": {
          "Width": 0.1781013011932373,
          "Height": 0.03535652533173561,
          "Left": 0.4389761984348297,
          "Top": 0.505502462387085
        },
        "Polygon": [
          {
            "X": 0.43899649381637573,
            "Y": 0.505502462387085
          },
          {
            "X": 0.6169958710670471,
            "Y": 0.5062783360481262
          },
          {
            "X": 0.6170775294303894,
            "Y": 0.5408589839935303
          },
          {
            "X": 0.4389761984348297,
            "Y": 0.5400590896606445
          }
        ]
      },
      "Id": "55baab0e-86d6-453c-ad64-d5b3d42fe6b1",
      "Relationships": [
        {
          "Type": "CHILD",
          "Ids": [
            "4891b98c-4c73-4667-ad44-88f123c93389"
          ]
        }
      ],
      "Page": 1
    },
    {
      "BlockType": "CELL",
      "Confidence": 78.466796875,
      "RowIndex": 3,
      "ColumnIndex": 3,
      "RowSpan": 1,
      "ColumnSpan": 1,
      "Geometry": {
        "BoundingBox": {
          "Width": 0.09424781054258347,
          "Height": 0.03500359132885933,
          "Left": 0.6169958710670471,
          "Top": 0.5062783360481262
        },
        "Polygon": [
          {
            "X": 0.6169958710670471,
            "Y": 0.5062783360481262
          },
          {
            "X": 0.7111081480979919,
            "Y": 0.5066885352134705
          },
          {
            "X": 0.7112436890602112,
            "Y": 0.5412818789482117
          },
          {
            "X": 0.6170775294303894,
            "Y": 0.5408589839935303
          }
        ]
      },
      "Id": "dc92bad1-83d7-4151-8c86-1eae07c4cafd",
      "Relationships": [
        {
          "Type": "CHILD",
          "Ids": [
            "edbc3d0d-6811-4432-9efe-8e1aff296858"
          ]
        }
      ],
      "Page": 1
    },
    {
      "BlockType": "CELL",
      "Confidence": 90.576171875,
      "RowIndex": 4,
      "ColumnIndex": 1,
      "RowSpan": 1,
      "ColumnSpan": 1,
      "Geometry": {
        "BoundingBox": {
          "Width": 0.14964140951633453,
          "Height": 0.04593126103281975,
          "Left": 0.28933480381965637,
          "Top": 0.539387583732605
        },
        "Polygon": [
          {
            "X": 0.2894732356071472,
            "Y": 0.539387583732605
          },
          {
            "X": 0.4389761984348297,
            "Y": 0.5400590896606445
          },
          {
            "X": 0.4389496445655823,
            "Y": 0.5853188633918762
          },
          {
            "X": 0.28933480381965637,
            "Y": 0.5846209526062012
          }
        ]
      },
      "Id": "54308045-5ed8-45b9-8034-e45c1cec1646",
      "Relationships": [
        {
          "Type": "CHILD",
          "Ids": [
            "971cd7a1-6093-4c6f-8e19-bc1a0365fce2"
          ]
        }
      ],
      "Page": 1
    },
    {
      "BlockType": "CELL",
      "Confidence": 91.89453125,
      "RowIndex": 4,
      "ColumnIndex": 2,
      "RowSpan": 1,
      "ColumnSpan": 1,
      "Geometry": {
        "BoundingBox": {
          "Width": 0.1782347410917282,
          "Height": 0.0460912361741066,
          "Left": 0.4389496445655823,
          "Top": 0.5400590896606445
        },
        "Polygon": [
          {
            "X": 0.4389761984348297,
            "Y": 0.5400590896606445
          },
          {
            "X": 0.6170775294303894,
            "Y": 0.5408589839935303
          },
          {
            "X": 0.6171844005584717,
            "Y": 0.5861502885818481
          },
          {
            "X": 0.4389496445655823,
            "Y": 0.5853188633918762
          }
        ]
      },
      "Id": "e4d255e1-af07-41e6-8907-cf107d576016",
      "Relationships": [
        {
          "Type": "CHILD",
          "Ids": [
            "4d931f33-188a-4fec-afc0-ffceed3c6c7c"
          ]
        }
      ],
      "Page": 1
    },
    {
      "BlockType": "CELL",
      "Confidence": 87.98828125,
      "RowIndex": 4,
      "ColumnIndex": 3,
      "RowSpan": 1,
      "ColumnSpan": 1,
      "Geometry": {
        "BoundingBox": {
          "Width": 0.09434370696544647,
          "Height": 0.04573092609643936,
          "Left": 0.6170775294303894,
          "Top": 0.5408589839935303
        },
        "Polygon": [
          {
            "X": 0.6170775294303894,
            "Y": 0.5408589839935303
          },
          {
            "X": 0.7112436890602112,
            "Y": 0.5412818789482117
          },
          {
            "X": 0.7114211916923523,
            "Y": 0.5865899324417114
          },
          {
            "X": 0.6171844005584717,
            "Y": 0.5861502885818481
          }
        ]
      },
      "Id": "58097697-a849-4fba-abc1-7df0f67760cb",
      "Relationships": [
        {
          "Type": "CHILD",
          "Ids": [
            "b997ee40-bce3-4cee-be07-cc7b30ac20a4"
          ]
        }
      ],
      "Page": 1
    }
  ],
  "AnalyzeDocumentModelVersion": "1.0"
}