"'Sample","'Description",
"'APTES","'(3-aminopropyl) triethoxysilane",
"'GPTES","'(3-glycidyloxypropyl) trimethoxysilane",
"'G","'Graphite",
"'GO","'Graphene oxide",
"'GOFA","'Furfuryl alcohol-functionalized GO",
"'GOFASi","'APTES-functionalized GOFA",
"'GA","'Graphene-containing silica aerogel",
"'SA","'Silica aerogel",
"'R","'Novolac resin",
"'MR","'GPTES-functionalized R",
"'CR","'Cured R",
"'RGAX","'GA/R cured composite with X wt% of GA",
"'MRGAX","'GOFASi/MR cured composite with X wt% of GOFASi",
,

'Confidence Scores % (Table Cell)
"'94.14062500","'97.46093750",
"'89.50195313","'92.67578125",
"'86.71875000","'89.74609375",
"'85.83984375","'88.91601563",
"'88.52539063","'91.65039063",
"'88.03710938","'91.16210938",
"'85.64453125","'88.67187500",
"'88.33007813","'91.45507813",
"'87.54882813","'90.62500000",
"'87.20703125","'90.28320313",
"'88.86718750","'92.04101563",
"'87.10937500","'90.18554688",
"'86.18164063","'89.25781250",
"'90.96679688","'94.18945313",
