{
  "DocumentMetadata": {
    "Pages": 1
  },
  "JobStatus": "SUCCEEDED",
  "Blocks": [
    {
      "BlockType": "PAGE",
      "Geometry": {
        "BoundingBox": {
          "Width": 1,
          "Height": 1,
          "Left": 0,
          "Top": 0
        },
        "Polygon": [
          {
            "X": 0,
            "Y": 0
          },
          {
            "X": 1,
            "Y": 0.000002669623199835769
          },
          {
            "X": 1,
            "Y": 1
          },
          {
            "X": 0.000035237557312939316,
            "Y": 1
          }
        ]
      },
      "Id": "39d9958c-fb0c-40ec-a3b8-67506bbe5a17",
      "Relationships": [
        {
          "Type": "CHILD",
          "Ids": [
            "24f67114-a0fd-41a0-bdb3-1ef4971a1c59",
            "89ac7d14-ca04-4473-8f80-9ec54545cf71",
            "65920821-9c78-4b4d-9fe2-3bb309442271",
            "c50ad8a4-62a1-4187-b735-11de0160a8b8",
            "46cd5268-fc23-4613-9edb-5ddd84f43ff3",
            "05523016-2523-40a0-aea3-7cccb7ee8b75",
            "db7b89bb-05e1-4bd1-b046-97880b7b6aa9",
            "49a40141-d27e-444a-b928-77b5eee45711",
            "ea9cb240-da24-4f0a-9fa7-806bb8c0d4a8",
            "42c7cde0-335e-453e-a030-a9133947132d",
            "86f95b00-f28f-47c6-a2b3-01cfc1d08942",
            "ed54b873-398a-49f4-9820-b4c254dce02a",
            "2594fc29-bf42-4e02-a37f-a7da6c8a0f8e",
            "f05a1f1a-b858-42ef-a57b-8132fed1cbc5",
            "b0226865-51a9-4898-98c8-565a97a1a1d3",
            "90dd9736-1140-49a1-9e4c-4e4d5ac22808",
            "0d35f50d-701c-4bdb-b4d6-6d66bc9b8c44",
            "d46bb37f-2037-46b4-9e50-4984c048d4f8",
            "0c337e93-6640-43bc-b7a3-e397acb3622c",
            "bd5d0869-18fa-4e5b-a6ec-224a97041eac",
            "5c871d35-da49-45d7-b731-214848c5b1c3",
            "45c6de5d-462e-41b2-9b2c-2f6e9ad5c13e",
            "6dd9c7bf-8abe-4db0-afd7-1d18421e17b1",
            "5d7b86c6-d8d3-47a0-8076-ec22f2481884",
            "55bec98c-cc79-42b9-8abc-bb42bc1c7df5"
          ]
        }
      ],
      "Page": 1
    },
    {
      "BlockType": "LINE",
      "Confidence": 99.70785522460938,
      "Text": "Samples",
      "Geometry": {
        "BoundingBox": {
          "Width": 0.05342738330364227,
          "Height": 0.025537313893437386,
          "Left": 0.24965296685695648,
          "Top": 0.42183035612106323
        },
        "Polygon": [
          {
            "X": 0.24965296685695648,
            "Y": 0.42183035612106323
          },
          {
            "X": 0.3027302622795105,
            "Y": 0.4218967854976654
          },
          {
            "X": 0.30308035016059875,
            "Y": 0.44736766815185547
          },
          {
            "X": 0.24999204277992249,
            "Y": 0.44730818271636963
          }
        ]
      },
      "Id": "24f67114-a0fd-41a0-bdb3-1ef4971a1c59",
      "Relationships": [
        {
          "Type": "CHILD",
          "Ids": [
            "9d09e6ae-f47b-4322-bce3-a6551151d951"
          ]
        }
      ],
      "Page": 1
    },
    {
      "BlockType": "LINE",
      "Confidence": 87.15885162353516,
      "Text": "T-5",
      "Geometry": {
        "BoundingBox": {
          "Width": 0.017447609454393387,
          "Height": 0.02330135926604271,
          "Left": 0.34338560700416565,
          "Top": 0.42307794094085693
        },
        "Polygon": [
          {
            "X": 0.34338560700416565,
            "Y": 0.42307794094085693
          },
          {
            "X": 0.3605021834373474,
            "Y": 0.42309924960136414
          },
          {
            "X": 0.36083319783210754,
            "Y": 0.44637927412986755
          },
          {
            "X": 0.3437133729457855,
            "Y": 0.4463600218296051
          }
        ]
      },
      "Id": "89ac7d14-ca04-4473-8f80-9ec54545cf71",
      "Relationships": [
        {
          "Type": "CHILD",
          "Ids": [
            "89e9d4d7-fa39-4a3b-9126-44e3db61c482"
          ]
        }
      ],
      "Page": 1
    },
    {
      "BlockType": "LINE",
      "Confidence": 91.51258850097656,
      "Text": "R1peak/T1peak",
      "Geometry": {
        "BoundingBox": {
          "Width": 0.07923562824726105,
          "Height": 0.028809722512960434,
          "Left": 0.39208710193634033,
          "Top": 0.4216713607311249
        },
        "Polygon": [
          {
            "X": 0.39208710193634033,
            "Y": 0.4216713607311249
          },
          {
            "X": 0.4708884358406067,
            "Y": 0.4217701256275177
          },
          {
            "X": 0.4713227152824402,
            "Y": 0.4504810571670532
          },
          {
            "X": 0.39250296354293823,
            "Y": 0.450393944978714
          }
        ]
      },
      "Id": "65920821-9c78-4b4d-9fe2-3bb309442271",
      "Relationships": [
        {
          "Type": "CHILD",
          "Ids": [
            "0676a3df-4a9a-405d-ab84-43abc18b3dfe"
          ]
        }
      ],
      "Page": 1
    },
    {
      "BlockType": "LINE",
      "Confidence": 96.17675018310547,
      "Text": "R2peak/T2peak",
      "Geometry": {
        "BoundingBox": {
          "Width": 0.07914081960916519,
          "Height": 0.029183099046349525,
          "Left": 0.4865885376930237,
          "Top": 0.4219991862773895
        },
        "Polygon": [
          {
            "X": 0.4865885376930237,
            "Y": 0.4219991862773895
          },
          {
            "X": 0.5652668476104736,
            "Y": 0.42209771275520325
          },
          {
            "X": 0.5657293200492859,
            "Y": 0.4511822760105133
          },
          {
            "X": 0.48703238368034363,
            "Y": 0.4510955214500427
          }
        ]
      },
      "Id": "c50ad8a4-62a1-4187-b735-11de0160a8b8",
      "Relationships": [
        {
          "Type": "CHILD",
          "Ids": [
            "b710e953-ea19-46d2-830d-8116c44b0032"
          ]
        }
      ],
      "Page": 1
    },
    {
      "BlockType": "LINE",
      "Confidence": 98.43650817871094,
      "Text": "R3peak/T3peak",
      "Geometry": {
        "BoundingBox": {
          "Width": 0.07885967940092087,
          "Height": 0.03002343140542507,
          "Left": 0.579250156879425,
          "Top": 0.42180463671684265
        },
        "Polygon": [
          {
            "X": 0.579250156879425,
            "Y": 0.42180463671684265
          },
          {
            "X": 0.6576113104820251,
            "Y": 0.4219028949737549
          },
          {
            "X": 0.6581098437309265,
            "Y": 0.4518280625343323
          },
          {
            "X": 0.5797296762466431,
            "Y": 0.45174190402030945
          }
        ]
      },
      "Id": "46cd5268-fc23-4613-9edb-5ddd84f43ff3",
      "Relationships": [
        {
          "Type": "CHILD",
          "Ids": [
            "12f0ce34-d75a-468f-b77d-2740fb75b658"
          ]
        }
      ],
      "Page": 1
    },
    {
      "BlockType": "LINE",
      "Confidence": 99.34614562988281,
      "Text": "Char residues",
      "Geometry": {
        "BoundingBox": {
          "Width": 0.08722210675477982,
          "Height": 0.0212999377399683,
          "Left": 0.6714584827423096,
          "Top": 0.42118799686431885
        },
        "Polygon": [
          {
            "X": 0.6714584827423096,
            "Y": 0.42118799686431885
          },
          {
            "X": 0.7583100199699402,
            "Y": 0.42129725217819214
          },
          {
            "X": 0.7586805820465088,
            "Y": 0.4424879550933838
          },
          {
            "X": 0.6718140840530396,
            "Y": 0.4423882067203522
          }
        ]
      },
      "Id": "05523016-2523-40a0-aea3-7cccb7ee8b75",
      "Relationships": [
        {
          "Type": "CHILD",
          "Ids": [
            "817f3d1b-3355-49b1-8532-8fc5ffea6036",
            "c68cb0c6-f1a2-42f3-9252-ea982f4aa4ef"
          ]
        }
      ],
      "Page": 1
    },
    {
      "BlockType": "LINE",
      "Confidence": 68.0691146850586,
      "Text": "wt%/°C",
      "Geometry": {
        "BoundingBox": {
          "Width": 0.04063113033771515,
          "Height": 0.026411153376102448,
          "Left": 0.34269583225250244,
          "Top": 0.4546155035495758
        },
        "Polygon": [
          {
            "X": 0.34269583225250244,
            "Y": 0.4546155035495758
          },
          {
            "X": 0.38294726610183716,
            "Y": 0.454659104347229
          },
          {
            "X": 0.3833269476890564,
            "Y": 0.48102664947509766
          },
          {
            "X": 0.34306687116622925,
            "Y": 0.4809885025024414
          }
        ]
      },
      "Id": "db7b89bb-05e1-4bd1-b046-97880b7b6aa9",
      "Relationships": [
        {
          "Type": "CHILD",
          "Ids": [
            "a3c09926-764f-42b8-a420-3b57ac503b13"
          ]
        }
      ],
      "Page": 1
    },
    {
      "BlockType": "LINE",
      "Confidence": 25.06118392944336,
      "Text": "(% min-1/°C)",
      "Geometry": {
        "BoundingBox": {
          "Width": 0.08416558802127838,
          "Height": 0.031398989260196686,
          "Left": 0.3921830356121063,
          "Top": 0.44999805092811584
        },
        "Polygon": [
          {
            "X": 0.3921830356121063,
            "Y": 0.44999805092811584
          },
          {
            "X": 0.4758739173412323,
            "Y": 0.4500907361507416
          },
          {
            "X": 0.4763486087322235,
            "Y": 0.48139703273773193
          },
          {
            "X": 0.39263641834259033,
            "Y": 0.4813178479671478
          }
        ]
      },
      "Id": "49a40141-d27e-444a-b928-77b5eee45711",
      "Relationships": [
        {
          "Type": "CHILD",
          "Ids": [
            "64509cbb-ebce-46a5-98e9-89eba5a2ac1f"
          ]
        }
      ],
      "Page": 1
    },
    {
      "BlockType": "LINE",
      "Confidence": 52.515010833740234,
      "Text": "(% min-1/°C)",
      "Geometry": {
        "BoundingBox": {
          "Width": 0.0813005194067955,
          "Height": 0.028951440006494522,
          "Left": 0.486977219581604,
          "Top": 0.4531637728214264
        },
        "Polygon": [
          {
            "X": 0.486977219581604,
            "Y": 0.4531637728214264
          },
          {
            "X": 0.567818284034729,
            "Y": 0.45325201749801636
          },
          {
            "X": 0.5682777166366577,
            "Y": 0.4821152091026306
          },
          {
            "X": 0.48741769790649414,
            "Y": 0.4820389747619629
          }
        ]
      },
      "Id": "ea9cb240-da24-4f0a-9fa7-806bb8c0d4a8",
      "Relationships": [
        {
          "Type": "CHILD",
          "Ids": [
            "bdc4671a-e4c3-4be3-8e4f-085486f99bd9"
          ]
        }
      ],
      "Page": 1
    },
    {
      "BlockType": "LINE",
      "Confidence": 99.4228744506836,
      "Text": "(%",
      "Geometry": {
        "BoundingBox": {
          "Width": 0.014328667894005775,
          "Height": 0.026455165818333626,
          "Left": 0.5789670944213867,
          "Top": 0.4543570578098297
        },
        "Polygon": [
          {
            "X": 0.5789670944213867,
            "Y": 0.4543570578098297
          },
          {
            "X": 0.5928694009780884,
            "Y": 0.4543721675872803
          },
          {
            "X": 0.5932957530021667,
            "Y": 0.4808122217655182
          },
          {
            "X": 0.5793904066085815,
            "Y": 0.48079901933670044
          }
        ]
      },
      "Id": "42c7cde0-335e-453e-a030-a9133947132d",
      "Relationships": [
        {
          "Type": "CHILD",
          "Ids": [
            "9f88666d-4f54-4628-83b2-bc065677b777"
          ]
        }
      ],
      "Page": 1
    },
    {
      "BlockType": "LINE",
      "Confidence": 37.62706756591797,
      "Text": "min-1/°C)",
      "Geometry": {
        "BoundingBox": {
          "Width": 0.06869843602180481,
          "Height": 0.03053576685488224,
          "Left": 0.5921981930732727,
          "Top": 0.45109066367149353
        },
        "Polygon": [
          {
            "X": 0.5921981930732727,
            "Y": 0.45109066367149353
          },
          {
            "X": 0.6603885293006897,
            "Y": 0.4511658847332001
          },
          {
            "X": 0.6608965992927551,
            "Y": 0.48162642121315
          },
          {
            "X": 0.5926893353462219,
            "Y": 0.48156192898750305
          }
        ]
      },
      "Id": "86f95b00-f28f-47c6-a2b3-01cfc1d08942",
      "Relationships": [
        {
          "Type": "CHILD",
          "Ids": [
            "1fab89af-15d0-4be2-bc42-1d09be29115b"
          ]
        }
      ],
      "Page": 1
    },
    {
      "BlockType": "LINE",
      "Confidence": 95.7658462524414,
      "Text": "(wt%) 700 °C",
      "Geometry": {
        "BoundingBox": {
          "Width": 0.08410422503948212,
          "Height": 0.025412563234567642,
          "Left": 0.6710288524627686,
          "Top": 0.455213338136673
        },
        "Polygon": [
          {
            "X": 0.6710288524627686,
            "Y": 0.455213338136673
          },
          {
            "X": 0.7546911835670471,
            "Y": 0.4553038775920868
          },
          {
            "X": 0.7551330924034119,
            "Y": 0.4806258976459503
          },
          {
            "X": 0.671453595161438,
            "Y": 0.4805462956428528
          }
        ]
      },
      "Id": "ed54b873-398a-49f4-9820-b4c254dce02a",
      "Relationships": [
        {
          "Type": "CHILD",
          "Ids": [
            "a82f2b22-df6f-4d34-ab32-fd4bb69f3d57",
            "51389cfa-47e7-4c4c-af68-5b0e359eea43"
          ]
        }
      ],
      "Page": 1
    },
    {
      "BlockType": "LINE",
      "Confidence": 98.77569580078125,
      "Text": "DGEBA/DDM",
      "Geometry": {
        "BoundingBox": {
          "Width": 0.08309216052293777,
          "Height": 0.024292398244142532,
          "Left": 0.25015416741371155,
          "Top": 0.5069239735603333
        },
        "Polygon": [
          {
            "X": 0.25015416741371155,
            "Y": 0.5069239735603333
          },
          {
            "X": 0.3329075872898102,
            "Y": 0.5069912672042847
          },
          {
            "X": 0.3332463204860687,
            "Y": 0.5312163233757019
          },
          {
            "X": 0.25047656893730164,
            "Y": 0.5311593413352966
          }
        ]
      },
      "Id": "2594fc29-bf42-4e02-a37f-a7da6c8a0f8e",
      "Relationships": [
        {
          "Type": "CHILD",
          "Ids": [
            "63e748e7-9244-468e-adc4-cfa438d7ee02"
          ]
        }
      ],
      "Page": 1
    },
    {
      "BlockType": "LINE",
      "Confidence": 99.8644027709961,
      "Text": "364",
      "Geometry": {
        "BoundingBox": {
          "Width": 0.02372172847390175,
          "Height": 0.019923986867070198,
          "Left": 0.34390774369239807,
          "Top": 0.5074670314788818
        },
        "Polygon": [
          {
            "X": 0.34390774369239807,
            "Y": 0.5074670314788818
          },
          {
            "X": 0.36734551191329956,
            "Y": 0.5074860453605652
          },
          {
            "X": 0.3676294684410095,
            "Y": 0.5273910164833069
          },
          {
            "X": 0.3441878855228424,
            "Y": 0.5273743867874146
          }
        ]
      },
      "Id": "f05a1f1a-b858-42ef-a57b-8132fed1cbc5",
      "Relationships": [
        {
          "Type": "CHILD",
          "Ids": [
            "bb621406-08d7-4731-95be-bca0fa27303c"
          ]
        }
      ],
      "Page": 1
    },
    {
      "BlockType": "LINE",
      "Confidence": 98.21623229980469,
      "Text": "15.3/386",
      "Geometry": {
        "BoundingBox": {
          "Width": 0.05490196868777275,
          "Height": 0.02530282363295555,
          "Left": 0.3938366770744324,
          "Top": 0.5064666867256165
        },
        "Polygon": [
          {
            "X": 0.3938366770744324,
            "Y": 0.5064666867256165
          },
          {
            "X": 0.44836151599884033,
            "Y": 0.5065112113952637
          },
          {
            "X": 0.44873863458633423,
            "Y": 0.5317695140838623
          },
          {
            "X": 0.3942025899887085,
            "Y": 0.5317320823669434
          }
        ]
      },
      "Id": "b0226865-51a9-4898-98c8-565a97a1a1d3",
      "Relationships": [
        {
          "Type": "CHILD",
          "Ids": [
            "97429e9b-db5d-4ac9-b250-83b055ad079d"
          ]
        }
      ],
      "Page": 1
    },
    {
      "BlockType": "LINE",
      "Confidence": 98.13832092285156,
      "Text": "13.9/397",
      "Geometry": {
        "BoundingBox": {
          "Width": 0.05535713955760002,
          "Height": 0.02472163736820221,
          "Left": 0.48761487007141113,
          "Top": 0.5064831376075745
        },
        "Polygon": [
          {
            "X": 0.48761487007141113,
            "Y": 0.5064831376075745
          },
          {
            "X": 0.5425844788551331,
            "Y": 0.5065280199050903
          },
          {
            "X": 0.5429720282554626,
            "Y": 0.5312047600746155
          },
          {
            "X": 0.4879913628101349,
            "Y": 0.5311668515205383
          }
        ]
      },
      "Id": "90dd9736-1140-49a1-9e4c-4e4d5ac22808",
      "Relationships": [
        {
          "Type": "CHILD",
          "Ids": [
            "e7a32e6d-33ea-4bae-838d-74b72682ccb1"
          ]
        }
      ],
      "Page": 1
    },
    {
      "BlockType": "LINE",
      "Confidence": 86.13008117675781,
      "Text": "-",
      "Geometry": {
        "BoundingBox": {
          "Width": 0.010878565721213818,
          "Height": 0.005135663319379091,
          "Left": 0.5788145065307617,
          "Top": 0.5165096521377563
        },
        "Polygon": [
          {
            "X": 0.5788145065307617,
            "Y": 0.5165096521377563
          },
          {
            "X": 0.5896105766296387,
            "Y": 0.5165179371833801
          },
          {
            "X": 0.5896930694580078,
            "Y": 0.5216453075408936
          },
          {
            "X": 0.5788965225219727,
            "Y": 0.5216373205184937
          }
        ]
      },
      "Id": "0d35f50d-701c-4bdb-b4d6-6d66bc9b8c44",
      "Relationships": [
        {
          "Type": "CHILD",
          "Ids": [
            "0f80c7b4-b5b1-47cc-b128-4106cf363acc"
          ]
        }
      ],
      "Page": 1
    },
    {
      "BlockType": "LINE",
      "Confidence": 92.98435974121094,
      "Text": "14.1",
      "Geometry": {
        "BoundingBox": {
          "Width": 0.024363987147808075,
          "Height": 0.019559001550078392,
          "Left": 0.6726651787757874,
          "Top": 0.5068408250808716
        },
        "Polygon": [
          {
            "X": 0.6726651787757874,
            "Y": 0.5068408250808716
          },
          {
            "X": 0.6966975927352905,
            "Y": 0.5068603754043579
          },
          {
            "X": 0.697029173374176,
            "Y": 0.5263997912406921
          },
          {
            "X": 0.6729929447174072,
            "Y": 0.5263826251029968
          }
        ]
      },
      "Id": "d46bb37f-2037-46b4-9e50-4984c048d4f8",
      "Relationships": [
        {
          "Type": "CHILD",
          "Ids": [
            "3cf40a56-1030-40e5-a9b5-5f92cf26d1b9"
          ]
        }
      ],
      "Page": 1
    },
    {
      "BlockType": "LINE",
      "Confidence": 99.41248321533203,
      "Text": "CTP-EP/DDM",
      "Geometry": {
        "BoundingBox": {
          "Width": 0.08302818983793259,
          "Height": 0.02490760199725628,
          "Left": 0.250143826007843,
          "Top": 0.5391684174537659
        },
        "Polygon": [
          {
            "X": 0.250143826007843,
            "Y": 0.5391684174537659
          },
          {
            "X": 0.33282458782196045,
            "Y": 0.5392219424247742
          },
          {
            "X": 0.3331720232963562,
            "Y": 0.5640760064125061
          },
          {
            "X": 0.2504745125770569,
            "Y": 0.564033031463623
          }
        ]
      },
      "Id": "0c337e93-6640-43bc-b7a3-e397acb3622c",
      "Relationships": [
        {
          "Type": "CHILD",
          "Ids": [
            "42f712bf-3496-4db6-b62b-60924c874836"
          ]
        }
      ],
      "Page": 1
    },
    {
      "BlockType": "LINE",
      "Confidence": 99.7494125366211,
      "Text": "290",
      "Geometry": {
        "BoundingBox": {
          "Width": 0.023769447579979897,
          "Height": 0.01934203878045082,
          "Left": 0.3436231315135956,
          "Top": 0.5397535562515259
        },
        "Polygon": [
          {
            "X": 0.3436231315135956,
            "Y": 0.5397535562515259
          },
          {
            "X": 0.3671169579029083,
            "Y": 0.5397686958312988
          },
          {
            "X": 0.36739256978034973,
            "Y": 0.5590956211090088
          },
          {
            "X": 0.3438950181007385,
            "Y": 0.5590828061103821
          }
        ]
      },
      "Id": "bd5d0869-18fa-4e5b-a6ec-224a97041eac",
      "Relationships": [
        {
          "Type": "CHILD",
          "Ids": [
            "ede4f417-183f-42e3-a77a-16d41a0836f4"
          ]
        }
      ],
      "Page": 1
    },
    {
      "BlockType": "LINE",
      "Confidence": 98.64258575439453,
      "Text": "6.4/315",
      "Geometry": {
        "BoundingBox": {
          "Width": 0.04799904674291611,
          "Height": 0.025837762281298637,
          "Left": 0.4005511403083801,
          "Top": 0.5385586023330688
        },
        "Polygon": [
          {
            "X": 0.4005511403083801,
            "Y": 0.5385586023330688
          },
          {
            "X": 0.44816502928733826,
            "Y": 0.538589596748352
          },
          {
            "X": 0.44855019450187683,
            "Y": 0.564396321773529
          },
          {
            "X": 0.4009263217449188,
            "Y": 0.564371645450592
          }
        ]
      },
      "Id": "5c871d35-da49-45d7-b731-214848c5b1c3",
      "Relationships": [
        {
          "Type": "CHILD",
          "Ids": [
            "285d718e-de12-4fb9-b73a-c0082853e410"
          ]
        }
      ],
      "Page": 1
    },
    {
      "BlockType": "LINE",
      "Confidence": 98.76917266845703,
      "Text": "6.1/345",
      "Geometry": {
        "BoundingBox": {
          "Width": 0.04777718335390091,
          "Height": 0.02562958002090454,
          "Left": 0.4951435625553131,
          "Top": 0.5385980606079102
        },
        "Polygon": [
          {
            "X": 0.4951435625553131,
            "Y": 0.5385980606079102
          },
          {
            "X": 0.5425188541412354,
            "Y": 0.538628876209259
          },
          {
            "X": 0.5429207682609558,
            "Y": 0.5642276406288147
          },
          {
            "X": 0.49553558230400085,
            "Y": 0.5642030239105225
          }
        ]
      },
      "Id": "45c6de5d-462e-41b2-9b2c-2f6e9ad5c13e",
      "Relationships": [
        {
          "Type": "CHILD",
          "Ids": [
            "5ce435da-f251-4e6a-8b1b-62b74bbf0099"
          ]
        }
      ],
      "Page": 1
    },
    {
      "BlockType": "LINE",
      "Confidence": 98.34530639648438,
      "Text": "1.2/464",
      "Geometry": {
        "BoundingBox": {
          "Width": 0.04768181964755058,
          "Height": 0.025060713291168213,
          "Left": 0.5798913836479187,
          "Top": 0.5390080809593201
        },
        "Polygon": [
          {
            "X": 0.5798913836479187,
            "Y": 0.5390080809593201
          },
          {
            "X": 0.6271628141403198,
            "Y": 0.5390387773513794
          },
          {
            "X": 0.6275731921195984,
            "Y": 0.5640687942504883
          },
          {
            "X": 0.5802921056747437,
            "Y": 0.5640442371368408
          }
        ]
      },
      "Id": "6dd9c7bf-8abe-4db0-afd7-1d18421e17b1",
      "Relationships": [
        {
          "Type": "CHILD",
          "Ids": [
            "74bdd2af-18a3-4244-8dfe-a2ed36891848"
          ]
        }
      ],
      "Page": 1
    },
    {
      "BlockType": "LINE",
      "Confidence": 82.89470672607422,
      "Text": "39.0",
      "Geometry": {
        "BoundingBox": {
          "Width": 0.026977604255080223,
          "Height": 0.019833777099847794,
          "Left": 0.6718423962593079,
          "Top": 0.539512574672699
        },
        "Polygon": [
          {
            "X": 0.6718423962593079,
            "Y": 0.539512574672699
          },
          {
            "X": 0.6984835267066956,
            "Y": 0.5395298004150391
          },
          {
            "X": 0.6988199949264526,
            "Y": 0.5593463182449341
          },
          {
            "X": 0.6721746325492859,
            "Y": 0.5593318343162537
          }
        ]
      },
      "Id": "5d7b86c6-d8d3-47a0-8076-ec22f2481884",
      "Relationships": [
        {
          "Type": "CHILD",
          "Ids": [
            "ee8a881f-9884-4c2a-a6ec-683de51abbf0"
          ]
        }
      ],
      "Page": 1
    },
    {
      "BlockType": "WORD",
      "Confidence": 99.70785522460938,
      "Text": "Samples",
      "TextType": "PRINTED",
      "Geometry": {
        "BoundingBox": {
          "Width": 0.05342738330364227,
          "Height": 0.025537313893437386,
          "Left": 0.24965296685695648,
          "Top": 0.42183035612106323
        },
        "Polygon": [
          {
            "X": 0.24965296685695648,
            "Y": 0.42183035612106323
          },
          {
            "X": 0.3027302622795105,
            "Y": 0.4218967854976654
          },
          {
            "X": 0.30308035016059875,
            "Y": 0.44736766815185547
          },
          {
            "X": 0.24999204277992249,
            "Y": 0.44730818271636963
          }
        ]
      },
      "Id": "9d09e6ae-f47b-4322-bce3-a6551151d951",
      "Page": 1
    },
    {
      "BlockType": "WORD",
      "Confidence": 87.15885162353516,
      "Text": "T-5",
      "TextType": "PRINTED",
      "Geometry": {
        "BoundingBox": {
          "Width": 0.017447609454393387,
          "Height": 0.02330135926604271,
          "Left": 0.34338560700416565,
          "Top": 0.42307794094085693
        },
        "Polygon": [
          {
            "X": 0.34338560700416565,
            "Y": 0.42307794094085693
          },
          {
            "X": 0.3605021834373474,
            "Y": 0.42309924960136414
          },
          {
            "X": 0.36083319783210754,
            "Y": 0.44637927412986755
          },
          {
            "X": 0.3437133729457855,
            "Y": 0.4463600218296051
          }
        ]
      },
      "Id": "89e9d4d7-fa39-4a3b-9126-44e3db61c482",
      "Page": 1
    },
    {
      "BlockType": "WORD",
      "Confidence": 91.51258850097656,
      "Text": "R1peak/T1peak",
      "TextType": "PRINTED",
      "Geometry": {
        "BoundingBox": {
          "Width": 0.07923562824726105,
          "Height": 0.028809722512960434,
          "Left": 0.39208710193634033,
          "Top": 0.4216713607311249
        },
        "Polygon": [
          {
            "X": 0.39208710193634033,
            "Y": 0.4216713607311249
          },
          {
            "X": 0.4708884358406067,
            "Y": 0.4217701256275177
          },
          {
            "X": 0.4713227152824402,
            "Y": 0.4504810571670532
          },
          {
            "X": 0.39250296354293823,
            "Y": 0.450393944978714
          }
        ]
      },
      "Id": "0676a3df-4a9a-405d-ab84-43abc18b3dfe",
      "Page": 1
    },
    {
      "BlockType": "WORD",
      "Confidence": 96.17675018310547,
      "Text": "R2peak/T2peak",
      "TextType": "PRINTED",
      "Geometry": {
        "BoundingBox": {
          "Width": 0.07914081960916519,
          "Height": 0.029183099046349525,
          "Left": 0.4865885376930237,
          "Top": 0.4219991862773895
        },
        "Polygon": [
          {
            "X": 0.4865885376930237,
            "Y": 0.4219991862773895
          },
          {
            "X": 0.5652668476104736,
            "Y": 0.42209771275520325
          },
          {
            "X": 0.5657293200492859,
            "Y": 0.4511822760105133
          },
          {
            "X": 0.48703238368034363,
            "Y": 0.4510955214500427
          }
        ]
      },
      "Id": "b710e953-ea19-46d2-830d-8116c44b0032",
      "Page": 1
    },
    {
      "BlockType": "WORD",
      "Confidence": 98.43650817871094,
      "Text": "R3peak/T3peak",
      "TextType": "PRINTED",
      "Geometry": {
        "BoundingBox": {
          "Width": 0.07885967940092087,
          "Height": 0.03002343140542507,
          "Left": 0.579250156879425,
          "Top": 0.42180463671684265
        },
        "Polygon": [
          {
            "X": 0.579250156879425,
            "Y": 0.42180463671684265
          },
          {
            "X": 0.6576113104820251,
            "Y": 0.4219028949737549
          },
          {
            "X": 0.6581098437309265,
            "Y": 0.4518280625343323
          },
          {
            "X": 0.5797296762466431,
            "Y": 0.45174190402030945
          }
        ]
      },
      "Id": "12f0ce34-d75a-468f-b77d-2740fb75b658",
      "Page": 1
    },
    {
      "BlockType": "WORD",
      "Confidence": 99.22201538085938,
      "Text": "Char",
      "TextType": "PRINTED",
      "Geometry": {
        "BoundingBox": {
          "Width": 0.030073251575231552,
          "Height": 0.021204369142651558,
          "Left": 0.6714584827423096,
          "Top": 0.42118799686431885
        },
        "Polygon": [
          {
            "X": 0.6714584827423096,
            "Y": 0.42118799686431885
          },
          {
            "X": 0.7011715173721313,
            "Y": 0.421225368976593
          },
          {
            "X": 0.701531708240509,
            "Y": 0.44239237904548645
          },
          {
            "X": 0.6718135476112366,
            "Y": 0.44235825538635254
          }
        ]
      },
      "Id": "817f3d1b-3355-49b1-8532-8fc5ffea6036",
      "Page": 1
    },
    {
      "BlockType": "WORD",
      "Confidence": 99.47027587890625,
      "Text": "residues",
      "TextType": "PRINTED",
      "Geometry": {
        "BoundingBox": {
          "Width": 0.05370815470814705,
          "Height": 0.0208369642496109,
          "Left": 0.7049723863601685,
          "Top": 0.4216509759426117
        },
        "Polygon": [
          {
            "X": 0.7049723863601685,
            "Y": 0.4216509759426117
          },
          {
            "X": 0.7583173513412476,
            "Y": 0.42171797156333923
          },
          {
            "X": 0.7586805820465088,
            "Y": 0.4424879550933838
          },
          {
            "X": 0.7053266167640686,
            "Y": 0.4424266815185547
          }
        ]
      },
      "Id": "c68cb0c6-f1a2-42f3-9252-ea982f4aa4ef",
      "Page": 1
    },
    {
      "BlockType": "WORD",
      "Confidence": 68.0691146850586,
      "Text": "wt%/°C",
      "TextType": "PRINTED",
      "Geometry": {
        "BoundingBox": {
          "Width": 0.04063113033771515,
          "Height": 0.026411153376102448,
          "Left": 0.34269583225250244,
          "Top": 0.4546155035495758
        },
        "Polygon": [
          {
            "X": 0.34269583225250244,
            "Y": 0.4546155035495758
          },
          {
            "X": 0.38294726610183716,
            "Y": 0.454659104347229
          },
          {
            "X": 0.3833269476890564,
            "Y": 0.48102664947509766
          },
          {
            "X": 0.34306687116622925,
            "Y": 0.4809885025024414
          }
        ]
      },
      "Id": "a3c09926-764f-42b8-a420-3b57ac503b13",
      "Page": 1
    },
    {
      "BlockType": "WORD",
      "Confidence": 25.06118392944336,
      "Text": "(% min-1/°C)",
      "TextType": "PRINTED",
      "Geometry": {
        "BoundingBox": {
          "Width": 0.08416558802127838,
          "Height": 0.031398989260196686,
          "Left": 0.3921830356121063,
          "Top": 0.44999805092811584
        },
        "Polygon": [
          {
            "X": 0.3921830356121063,
            "Y": 0.44999805092811584
          },
          {
            "X": 0.4758739173412323,
            "Y": 0.4500907361507416
          },
          {
            "X": 0.4763486087322235,
            "Y": 0.48139703273773193
          },
          {
            "X": 0.39263641834259033,
            "Y": 0.4813178479671478
          }
        ]
      },
      "Id": "64509cbb-ebce-46a5-98e9-89eba5a2ac1f",
      "Page": 1
    },
    {
      "BlockType": "WORD",
      "Confidence": 52.515010833740234,
      "Text": "(% min-1/°C)",
      "TextType": "PRINTED",
      "Geometry": {
        "BoundingBox": {
          "Width": 0.0813005194067955,
          "Height": 0.028951440006494522,
          "Left": 0.486977219581604,
          "Top": 0.4531637728214264
        },
        "Polygon": [
          {
            "X": 0.486977219581604,
            "Y": 0.4531637728214264
          },
          {
            "X": 0.567818284034729,
            "Y": 0.45325201749801636
          },
          {
            "X": 0.5682777166366577,
            "Y": 0.4821152091026306
          },
          {
            "X": 0.48741769790649414,
            "Y": 0.4820389747619629
          }
        ]
      },
      "Id": "bdc4671a-e4c3-4be3-8e4f-085486f99bd9",
      "Page": 1
    },
    {
      "BlockType": "WORD",
      "Confidence": 99.4228744506836,
      "Text": "(%",
      "TextType": "PRINTED",
      "Geometry": {
        "BoundingBox": {
          "Width": 0.014328667894005775,
          "Height": 0.026455165818333626,
          "Left": 0.5789670944213867,
          "Top": 0.4543570578098297
        },
        "Polygon": [
          {
            "X": 0.5789670944213867,
            "Y": 0.4543570578098297
          },
          {
            "X": 0.5928694009780884,
            "Y": 0.4543721675872803
          },
          {
            "X": 0.5932957530021667,
            "Y": 0.4808122217655182
          },
          {
            "X": 0.5793904066085815,
            "Y": 0.48079901933670044
          }
        ]
      },
      "Id": "9f88666d-4f54-4628-83b2-bc065677b777",
      "Page": 1
    },
    {
      "BlockType": "WORD",
      "Confidence": 37.62706756591797,
      "Text": "min-1/°C)",
      "TextType": "PRINTED",
      "Geometry": {
        "BoundingBox": {
          "Width": 0.06869843602180481,
          "Height": 0.03053576685488224,
          "Left": 0.5921981930732727,
          "Top": 0.45109066367149353
        },
        "Polygon": [
          {
            "X": 0.5921981930732727,
            "Y": 0.45109066367149353
          },
          {
            "X": 0.6603885293006897,
            "Y": 0.4511658847332001
          },
          {
            "X": 0.6608965992927551,
            "Y": 0.48162642121315
          },
          {
            "X": 0.5926893353462219,
            "Y": 0.48156192898750305
          }
        ]
      },
      "Id": "1fab89af-15d0-4be2-bc42-1d09be29115b",
      "Page": 1
    },
    {
      "BlockType": "WORD",
      "Confidence": 93.14302825927734,
      "Text": "(wt%)",
      "TextType": "PRINTED",
      "Geometry": {
        "BoundingBox": {
          "Width": 0.03612343221902847,
          "Height": 0.02536691538989544,
          "Left": 0.6710288524627686,
          "Top": 0.455213338136673
        },
        "Polygon": [
          {
            "X": 0.6710288524627686,
            "Y": 0.455213338136673
          },
          {
            "X": 0.706720232963562,
            "Y": 0.4552519619464874
          },
          {
            "X": 0.7071523070335388,
            "Y": 0.48058027029037476
          },
          {
            "X": 0.671453595161438,
            "Y": 0.4805462956428528
          }
        ]
      },
      "Id": "a82f2b22-df6f-4d34-ab32-fd4bb69f3d57",
      "Page": 1
    },
    {
      "BlockType": "WORD",
      "Confidence": 98.38866424560547,
      "Text": "700 °C",
      "TextType": "PRINTED",
      "Geometry": {
        "BoundingBox": {
          "Width": 0.042164649814367294,
          "Height": 0.021182537078857422,
          "Left": 0.7128979563713074,
          "Top": 0.4554045796394348
        },
        "Polygon": [
          {
            "X": 0.7128979563713074,
            "Y": 0.4554045796394348
          },
          {
            "X": 0.7546936869621277,
            "Y": 0.45544975996017456
          },
          {
            "X": 0.7550626397132874,
            "Y": 0.47658711671829224
          },
          {
            "X": 0.7132596969604492,
            "Y": 0.4765464663505554
          }
        ]
      },
      "Id": "51389cfa-47e7-4c4c-af68-5b0e359eea43",
      "Page": 1
    },
    {
      "BlockType": "WORD",
      "Confidence": 98.77569580078125,
      "Text": "DGEBA/DDM",
      "TextType": "PRINTED",
      "Geometry": {
        "BoundingBox": {
          "Width": 0.08309216052293777,
          "Height": 0.024292398244142532,
          "Left": 0.25015416741371155,
          "Top": 0.5069239735603333
        },
        "Polygon": [
          {
            "X": 0.25015416741371155,
            "Y": 0.5069239735603333
          },
          {
            "X": 0.3329075872898102,
            "Y": 0.5069912672042847
          },
          {
            "X": 0.3332463204860687,
            "Y": 0.5312163233757019
          },
          {
            "X": 0.25047656893730164,
            "Y": 0.5311593413352966
          }
        ]
      },
      "Id": "63e748e7-9244-468e-adc4-cfa438d7ee02",
      "Page": 1
    },
    {
      "BlockType": "WORD",
      "Confidence": 99.8644027709961,
      "Text": "364",
      "TextType": "PRINTED",
      "Geometry": {
        "BoundingBox": {
          "Width": 0.02372172847390175,
          "Height": 0.019923986867070198,
          "Left": 0.34390774369239807,
          "Top": 0.5074670314788818
        },
        "Polygon": [
          {
            "X": 0.34390774369239807,
            "Y": 0.5074670314788818
          },
          {
            "X": 0.36734551191329956,
            "Y": 0.5074860453605652
          },
          {
            "X": 0.3676294684410095,
            "Y": 0.5273910164833069
          },
          {
            "X": 0.3441878855228424,
            "Y": 0.5273743867874146
          }
        ]
      },
      "Id": "bb621406-08d7-4731-95be-bca0fa27303c",
      "Page": 1
    },
    {
      "BlockType": "WORD",
      "Confidence": 98.21623229980469,
      "Text": "15.3/386",
      "TextType": "PRINTED",
      "Geometry": {
        "BoundingBox": {
          "Width": 0.05490196868777275,
          "Height": 0.02530282363295555,
          "Left": 0.3938366770744324,
          "Top": 0.5064666867256165
        },
        "Polygon": [
          {
            "X": 0.3938366770744324,
            "Y": 0.5064666867256165
          },
          {
            "X": 0.44836151599884033,
            "Y": 0.5065112113952637
          },
          {
            "X": 0.44873863458633423,
            "Y": 0.5317695140838623
          },
          {
            "X": 0.3942025899887085,
            "Y": 0.5317320823669434
          }
        ]
      },
      "Id": "97429e9b-db5d-4ac9-b250-83b055ad079d",
      "Page": 1
    },
    {
      "BlockType": "WORD",
      "Confidence": 98.13832092285156,
      "Text": "13.9/397",
      "TextType": "PRINTED",
      "Geometry": {
        "BoundingBox": {
          "Width": 0.05535713955760002,
          "Height": 0.02472163736820221,
          "Left": 0.48761487007141113,
          "Top": 0.5064831376075745
        },
        "Polygon": [
          {
            "X": 0.48761487007141113,
            "Y": 0.5064831376075745
          },
          {
            "X": 0.5425844788551331,
            "Y": 0.5065280199050903
          },
          {
            "X": 0.5429720282554626,
            "Y": 0.5312047600746155
          },
          {
            "X": 0.4879913628101349,
            "Y": 0.5311668515205383
          }
        ]
      },
      "Id": "e7a32e6d-33ea-4bae-838d-74b72682ccb1",
      "Page": 1
    },
    {
      "BlockType": "WORD",
      "Confidence": 86.13008117675781,
      "Text": "-",
      "TextType": "PRINTED",
      "Geometry": {
        "BoundingBox": {
          "Width": 0.010878565721213818,
          "Height": 0.005135663319379091,
          "Left": 0.5788145065307617,
          "Top": 0.5165096521377563
        },
        "Polygon": [
          {
            "X": 0.5788145065307617,
            "Y": 0.5165096521377563
          },
          {
            "X": 0.5896105766296387,
            "Y": 0.5165179371833801
          },
          {
            "X": 0.5896930694580078,
            "Y": 0.5216453075408936
          },
          {
            "X": 0.5788965225219727,
            "Y": 0.5216373205184937
          }
        ]
      },
      "Id": "0f80c7b4-b5b1-47cc-b128-4106cf363acc",
      "Page": 1
    },
    {
      "BlockType": "WORD",
      "Confidence": 92.98435974121094,
      "Text": "14.1",
      "TextType": "PRINTED",
      "Geometry": {
        "BoundingBox": {
          "Width": 0.024363987147808075,
          "Height": 0.019559001550078392,
          "Left": 0.6726651787757874,
          "Top": 0.5068408250808716
        },
        "Polygon": [
          {
            "X": 0.6726651787757874,
            "Y": 0.5068408250808716
          },
          {
            "X": 0.6966975927352905,
            "Y": 0.5068603754043579
          },
          {
            "X": 0.697029173374176,
            "Y": 0.5263997912406921
          },
          {
            "X": 0.6729929447174072,
            "Y": 0.5263826251029968
          }
        ]
      },
      "Id": "3cf40a56-1030-40e5-a9b5-5f92cf26d1b9",
      "Page": 1
    },
    {
      "BlockType": "WORD",
      "Confidence": 99.41248321533203,
      "Text": "CTP-EP/DDM",
      "TextType": "PRINTED",
      "Geometry": {
        "BoundingBox": {
          "Width": 0.08302818983793259,
          "Height": 0.02490760199725628,
          "Left": 0.250143826007843,
          "Top": 0.5391684174537659
        },
        "Polygon": [
          {
            "X": 0.250143826007843,
            "Y": 0.5391684174537659
          },
          {
            "X": 0.33282458782196045,
            "Y": 0.5392219424247742
          },
          {
            "X": 0.3331720232963562,
            "Y": 0.5640760064125061
          },
          {
            "X": 0.2504745125770569,
            "Y": 0.564033031463623
          }
        ]
      },
      "Id": "42f712bf-3496-4db6-b62b-60924c874836",
      "Page": 1
    },
    {
      "BlockType": "WORD",
      "Confidence": 99.7494125366211,
      "Text": "290",
      "TextType": "PRINTED",
      "Geometry": {
        "BoundingBox": {
          "Width": 0.023769447579979897,
          "Height": 0.01934203878045082,
          "Left": 0.3436231315135956,
          "Top": 0.5397535562515259
        },
        "Polygon": [
          {
            "X": 0.3436231315135956,
            "Y": 0.5397535562515259
          },
          {
            "X": 0.3671169579029083,
            "Y": 0.5397686958312988
          },
          {
            "X": 0.36739256978034973,
            "Y": 0.5590956211090088
          },
          {
            "X": 0.3438950181007385,
            "Y": 0.5590828061103821
          }
        ]
      },
      "Id": "ede4f417-183f-42e3-a77a-16d41a0836f4",
      "Page": 1
    },
    {
      "BlockType": "WORD",
      "Confidence": 98.64258575439453,
      "Text": "6.4/315",
      "TextType": "PRINTED",
      "Geometry": {
        "BoundingBox": {
          "Width": 0.04799904674291611,
          "Height": 0.025837762281298637,
          "Left": 0.4005511403083801,
          "Top": 0.5385586023330688
        },
        "Polygon": [
          {
            "X": 0.4005511403083801,
            "Y": 0.5385586023330688
          },
          {
            "X": 0.44816502928733826,
            "Y": 0.538589596748352
          },
          {
            "X": 0.44855019450187683,
            "Y": 0.564396321773529
          },
          {
            "X": 0.4009263217449188,
            "Y": 0.564371645450592
          }
        ]
      },
      "Id": "285d718e-de12-4fb9-b73a-c0082853e410",
      "Page": 1
    },
    {
      "BlockType": "WORD",
      "Confidence": 98.76917266845703,
      "Text": "6.1/345",
      "TextType": "PRINTED",
      "Geometry": {
        "BoundingBox": {
          "Width": 0.04777718335390091,
          "Height": 0.02562958002090454,
          "Left": 0.4951435625553131,
          "Top": 0.5385980606079102
        },
        "Polygon": [
          {
            "X": 0.4951435625553131,
            "Y": 0.5385980606079102
          },
          {
            "X": 0.5425188541412354,
            "Y": 0.538628876209259
          },
          {
            "X": 0.5429207682609558,
            "Y": 0.5642276406288147
          },
          {
            "X": 0.49553558230400085,
            "Y": 0.5642030239105225
          }
        ]
      },
      "Id": "5ce435da-f251-4e6a-8b1b-62b74bbf0099",
      "Page": 1
    },
    {
      "BlockType": "WORD",
      "Confidence": 98.34530639648438,
      "Text": "1.2/464",
      "TextType": "PRINTED",
      "Geometry": {
        "BoundingBox": {
          "Width": 0.04768181964755058,
          "Height": 0.025060713291168213,
          "Left": 0.5798913836479187,
          "Top": 0.5390080809593201
        },
        "Polygon": [
          {
            "X": 0.5798913836479187,
            "Y": 0.5390080809593201
          },
          {
            "X": 0.6271628141403198,
            "Y": 0.5390387773513794
          },
          {
            "X": 0.6275731921195984,
            "Y": 0.5640687942504883
          },
          {
            "X": 0.5802921056747437,
            "Y": 0.5640442371368408
          }
        ]
      },
      "Id": "74bdd2af-18a3-4244-8dfe-a2ed36891848",
      "Page": 1
    },
    {
      "BlockType": "WORD",
      "Confidence": 82.89470672607422,
      "Text": "39.0",
      "TextType": "PRINTED",
      "Geometry": {
        "BoundingBox": {
          "Width": 0.026977604255080223,
          "Height": 0.019833777099847794,
          "Left": 0.6718423962593079,
          "Top": 0.539512574672699
        },
        "Polygon": [
          {
            "X": 0.6718423962593079,
            "Y": 0.539512574672699
          },
          {
            "X": 0.6984835267066956,
            "Y": 0.5395298004150391
          },
          {
            "X": 0.6988199949264526,
            "Y": 0.5593463182449341
          },
          {
            "X": 0.6721746325492859,
            "Y": 0.5593318343162537
          }
        ]
      },
      "Id": "ee8a881f-9884-4c2a-a6ec-683de51abbf0",
      "Page": 1
    },
    {
      "BlockType": "TABLE",
      "Confidence": 99.853515625,
      "Geometry": {
        "BoundingBox": {
          "Width": 0.541447639465332,
          "Height": 0.162933349609375,
          "Left": 0.22980082035064697,
          "Top": 0.4166621267795563
        },
        "Polygon": [
          {
            "X": 0.22980082035064697,
            "Y": 0.4166621267795563
          },
          {
            "X": 0.7683976888656616,
            "Y": 0.41735056042671204
          },
          {
            "X": 0.771248459815979,
            "Y": 0.5795954465866089
          },
          {
            "X": 0.2319396287202835,
            "Y": 0.5793579816818237
          }
        ]
      },
      "Id": "55bec98c-cc79-42b9-8abc-bb42bc1c7df5",
      "Relationships": [
        {
          "Type": "CHILD",
          "Ids": [
            "e89c2244-6a9d-4bde-879c-9417b865047f",
            "2c234a05-3cbd-4402-9cb7-304a04fdbe8f",
            "40a0a221-482f-45c9-8886-a654c4d8553b",
            "b55e4709-474e-4051-a2e7-9da9ce393d1a",
            "d4830be2-b1c5-4311-b67f-3957309a7d72",
            "5f23784b-11ec-463a-bff5-56da254ec933",
            "55c02e5e-07b1-4023-a0ee-141d645ef180",
            "8ea47326-a326-4c70-81ee-781874d5ea88",
            "821b822b-1b27-426f-8d69-51266ae2c6f7",
            "ad518a4a-077a-4be4-a3da-59ea951a35a3",
            "4bbb9619-c617-4df4-bd25-c8faf549dc71",
            "43a2168c-497b-4129-9d58-e39ca8873729",
            "d24477fa-1ecb-48e5-ab8d-9efe0c7a58e5",
            "0bf4a467-b8ea-4453-8041-da000f204698",
            "44e1309f-ac16-49cc-87cd-9379a91a131f",
            "b5669f2f-b376-41fa-b550-454be885964a",
            "0ee10f73-31ec-4759-bfff-36be1272b880",
            "1689dcc5-f907-4ffb-b4fb-c31b811d59ab"
          ]
        }
      ],
      "EntityTypes": [
        "STRUCTURED_TABLE"
      ],
      "Page": 1
    },
    {
      "BlockType": "CELL",
      "Confidence": 92.041015625,
      "RowIndex": 1,
      "ColumnIndex": 1,
      "RowSpan": 1,
      "ColumnSpan": 1,
      "Geometry": {
        "BoundingBox": {
          "Width": 0.1082276701927185,
          "Height": 0.07650818675756454,
          "Left": 0.22980082035064697,
          "Top": 0.4166621267795563
        },
        "Polygon": [
          {
            "X": 0.22980082035064697,
            "Y": 0.4166621267795563
          },
          {
            "X": 0.33695727586746216,
            "Y": 0.41679906845092773
          },
          {
            "X": 0.3380284905433655,
            "Y": 0.49317029118537903
          },
          {
            "X": 0.23080535233020782,
            "Y": 0.493075430393219
          }
        ]
      },
      "Id": "e89c2244-6a9d-4bde-879c-9417b865047f",
      "Relationships": [
        {
          "Type": "CHILD",
          "Ids": [
            "9d09e6ae-f47b-4322-bce3-a6551151d951"
          ]
        }
      ],
      "EntityTypes": [
        "COLUMN_HEADER"
      ],
      "Page": 1
    },
    {
      "BlockType": "CELL",
      "Confidence": 75.390625,
      "RowIndex": 1,
      "ColumnIndex": 2,
      "RowSpan": 1,
      "ColumnSpan": 1,
      "Geometry": {
        "BoundingBox": {
          "Width": 0.05083901062607765,
          "Height": 0.07641524821519852,
          "Left": 0.33695727586746216,
          "Top": 0.41679906845092773
        },
        "Polygon": [
          {
            "X": 0.33695727586746216,
            "Y": 0.41679906845092773
          },
          {
            "X": 0.38669413328170776,
            "Y": 0.4168626666069031
          },
          {
            "X": 0.3877962827682495,
            "Y": 0.49321433901786804
          },
          {
            "X": 0.3380284905433655,
            "Y": 0.49317029118537903
          }
        ]
      },
      "Id": "2c234a05-3cbd-4402-9cb7-304a04fdbe8f",
      "Relationships": [
        {
          "Type": "CHILD",
          "Ids": [
            "89e9d4d7-fa39-4a3b-9126-44e3db61c482",
            "a3c09926-764f-42b8-a420-3b57ac503b13"
          ]
        }
      ],
      "EntityTypes": [
        "COLUMN_HEADER"
      ],
      "Page": 1
    },
    {
      "BlockType": "CELL",
      "Confidence": 92.578125,
      "RowIndex": 1,
      "ColumnIndex": 3,
      "RowSpan": 1,
      "ColumnSpan": 1,
      "Geometry": {
        "BoundingBox": {
          "Width": 0.0952083021402359,
          "Height": 0.07643492519855499,
          "Left": 0.38669413328170776,
          "Top": 0.4168626666069031
        },
        "Polygon": [
          {
            "X": 0.38669413328170776,
            "Y": 0.4168626666069031
          },
          {
            "X": 0.4807418882846832,
            "Y": 0.41698285937309265
          },
          {
            "X": 0.48190245032310486,
            "Y": 0.4932975769042969
          },
          {
            "X": 0.3877962827682495,
            "Y": 0.49321433901786804
          }
        ]
      },
      "Id": "40a0a221-482f-45c9-8886-a654c4d8553b",
      "Relationships": [
        {
          "Type": "CHILD",
          "Ids": [
            "0676a3df-4a9a-405d-ab84-43abc18b3dfe",
            "64509cbb-ebce-46a5-98e9-89eba5a2ac1f"
          ]
        }
      ],
      "EntityTypes": [
        "COLUMN_HEADER"
      ],
      "Page": 1
    },
    {
      "BlockType": "CELL",
      "Confidence": 91.650390625,
      "RowIndex": 1,
      "ColumnIndex": 4,
      "RowSpan": 1,
      "ColumnSpan": 1,
      "Geometry": {
        "BoundingBox": {
          "Width": 0.09364752471446991,
          "Height": 0.07639653980731964,
          "Left": 0.4807418882846832,
          "Top": 0.41698285937309265
        },
        "Polygon": [
          {
            "X": 0.4807418882846832,
            "Y": 0.41698285937309265
          },
          {
            "X": 0.5731714367866516,
            "Y": 0.41710102558135986
          },
          {
            "X": 0.5743893980979919,
            "Y": 0.4933794140815735
          },
          {
            "X": 0.48190245032310486,
            "Y": 0.4932975769042969
          }
        ]
      },
      "Id": "b55e4709-474e-4051-a2e7-9da9ce393d1a",
      "Relationships": [
        {
          "Type": "CHILD",
          "Ids": [
            "b710e953-ea19-46d2-830d-8116c44b0032",
            "bdc4671a-e4c3-4be3-8e4f-085486f99bd9"
          ]
        }
      ],
      "EntityTypes": [
        "COLUMN_HEADER"
      ],
      "Page": 1
    },
    {
      "BlockType": "CELL",
      "Confidence": 90.52734375,
      "RowIndex": 1,
      "ColumnIndex": 5,
      "RowSpan": 1,
      "ColumnSpan": 1,
      "Geometry": {
        "BoundingBox": {
          "Width": 0.0943799763917923,
          "Height": 0.07636081427335739,
          "Left": 0.5731714367866516,
          "Top": 0.41710102558135986
        },
        "Polygon": [
          {
            "X": 0.5731714367866516,
            "Y": 0.41710102558135986
          },
          {
            "X": 0.6662757396697998,
            "Y": 0.41722002625465393
          },
          {
            "X": 0.6675514578819275,
            "Y": 0.49346181750297546
          },
          {
            "X": 0.5743893980979919,
            "Y": 0.4933794140815735
          }
        ]
      },
      "Id": "d4830be2-b1c5-4311-b67f-3957309a7d72",
      "Relationships": [
        {
          "Type": "CHILD",
          "Ids": [
            "12f0ce34-d75a-468f-b77d-2740fb75b658",
            "9f88666d-4f54-4628-83b2-bc065677b777",
            "1fab89af-15d0-4be2-bc42-1d09be29115b"
          ]
        }
      ],
      "EntityTypes": [
        "COLUMN_HEADER"
      ],
      "Page": 1
    },
    {
      "BlockType": "CELL",
      "Confidence": 91.943359375,
      "RowIndex": 1,
      "ColumnIndex": 6,
      "RowSpan": 1,
      "ColumnSpan": 1,
      "Geometry": {
        "BoundingBox": {
          "Width": 0.10346086323261261,
          "Height": 0.0763322114944458,
          "Left": 0.6662757396697998,
          "Top": 0.41722002625465393
        },
        "Polygon": [
          {
            "X": 0.6662757396697998,
            "Y": 0.41722002625465393
          },
          {
            "X": 0.7683976888656616,
            "Y": 0.41735056042671204
          },
          {
            "X": 0.769736647605896,
            "Y": 0.49355223774909973
          },
          {
            "X": 0.6675514578819275,
            "Y": 0.49346181750297546
          }
        ]
      },
      "Id": "5f23784b-11ec-463a-bff5-56da254ec933",
      "Relationships": [
        {
          "Type": "CHILD",
          "Ids": [
            "817f3d1b-3355-49b1-8532-8fc5ffea6036",
            "c68cb0c6-f1a2-42f3-9252-ea982f4aa4ef",
            "a82f2b22-df6f-4d34-ab32-fd4bb69f3d57",
            "51389cfa-47e7-4c4c-af68-5b0e359eea43"
          ]
        }
      ],
      "EntityTypes": [
        "COLUMN_HEADER"
      ],
      "Page": 1
    },
    {
      "BlockType": "CELL",
      "Confidence": 72.94921875,
      "RowIndex": 2,
      "ColumnIndex": 1,
      "RowSpan": 1,
      "ColumnSpan": 1,
      "Geometry": {
        "BoundingBox": {
          "Width": 0.10780972242355347,
          "Height": 0.04191539064049721,
          "Left": 0.23080535233020782,
          "Top": 0.493075430393219
        },
        "Polygon": [
          {
            "X": 0.23080535233020782,
            "Y": 0.493075430393219
          },
          {
            "X": 0.3380284905433655,
            "Y": 0.49317029118537903
          },
          {
            "X": 0.3386150896549225,
            "Y": 0.5349908471107483
          },
          {
            "X": 0.2313554286956787,
            "Y": 0.534919023513794
          }
        ]
      },
      "Id": "55c02e5e-07b1-4023-a0ee-141d645ef180",
      "Relationships": [
        {
          "Type": "CHILD",
          "Ids": [
            "63e748e7-9244-468e-adc4-cfa438d7ee02"
          ]
        }
      ],
      "Page": 1
    },
    {
      "BlockType": "CELL",
      "Confidence": 59.765625,
      "RowIndex": 2,
      "ColumnIndex": 2,
      "RowSpan": 1,
      "ColumnSpan": 1,
      "Geometry": {
        "BoundingBox": {
          "Width": 0.05037131905555725,
          "Height": 0.04185384884476662,
          "Left": 0.3380284905433655,
          "Top": 0.49317029118537903
        },
        "Polygon": [
          {
            "X": 0.3380284905433655,
            "Y": 0.49317029118537903
          },
          {
            "X": 0.3877962827682495,
            "Y": 0.49321433901786804
          },
          {
            "X": 0.38839980959892273,
            "Y": 0.5350241661071777
          },
          {
            "X": 0.3386150896549225,
            "Y": 0.5349908471107483
          }
        ]
      },
      "Id": "8ea47326-a326-4c70-81ee-781874d5ea88",
      "Relationships": [
        {
          "Type": "CHILD",
          "Ids": [
            "bb621406-08d7-4731-95be-bca0fa27303c"
          ]
        }
      ],
      "Page": 1
    },
    {
      "BlockType": "CELL",
      "Confidence": 73.388671875,
      "RowIndex": 2,
      "ColumnIndex": 3,
      "RowSpan": 1,
      "ColumnSpan": 1,
      "Geometry": {
        "BoundingBox": {
          "Width": 0.09474168717861176,
          "Height": 0.041872818022966385,
          "Left": 0.3877962827682495,
          "Top": 0.49321433901786804
        },
        "Polygon": [
          {
            "X": 0.3877962827682495,
            "Y": 0.49321433901786804
          },
          {
            "X": 0.48190245032310486,
            "Y": 0.4932975769042969
          },
          {
            "X": 0.4825379550457001,
            "Y": 0.5350871682167053
          },
          {
            "X": 0.38839980959892273,
            "Y": 0.5350241661071777
          }
        ]
      },
      "Id": "821b822b-1b27-426f-8d69-51266ae2c6f7",
      "Relationships": [
        {
          "Type": "CHILD",
          "Ids": [
            "97429e9b-db5d-4ac9-b250-83b055ad079d"
          ]
        }
      ],
      "Page": 1
    },
    {
      "BlockType": "CELL",
      "Confidence": 72.65625,
      "RowIndex": 2,
      "ColumnIndex": 4,
      "RowSpan": 1,
      "ColumnSpan": 1,
      "Geometry": {
        "BoundingBox": {
          "Width": 0.09315388649702072,
          "Height": 0.0418514758348465,
          "Left": 0.48190245032310486,
          "Top": 0.4932975769042969
        },
        "Polygon": [
          {
            "X": 0.48190245032310486,
            "Y": 0.4932975769042969
          },
          {
            "X": 0.5743893980979919,
            "Y": 0.4933794140815735
          },
          {
            "X": 0.5750563144683838,
            "Y": 0.5351490378379822
          },
          {
            "X": 0.4825379550457001,
            "Y": 0.5350871682167053
          }
        ]
      },
      "Id": "ad518a4a-077a-4be4-a3da-59ea951a35a3",
      "Relationships": [
        {
          "Type": "CHILD",
          "Ids": [
            "e7a32e6d-33ea-4bae-838d-74b72682ccb1"
          ]
        }
      ],
      "Page": 1
    },
    {
      "BlockType": "CELL",
      "Confidence": 71.77734375,
      "RowIndex": 2,
      "ColumnIndex": 5,
      "RowSpan": 1,
      "ColumnSpan": 1,
      "Geometry": {
        "BoundingBox": {
          "Width": 0.09386058896780014,
          "Height": 0.04183201864361763,
          "Left": 0.5743893980979919,
          "Top": 0.4933794140815735
        },
        "Polygon": [
          {
            "X": 0.5743893980979919,
            "Y": 0.4933794140815735
          },
          {
            "X": 0.6675514578819275,
            "Y": 0.49346181750297546
          },
          {
            "X": 0.6682499647140503,
            "Y": 0.535211443901062
          },
          {
            "X": 0.5750563144683838,
            "Y": 0.5351490378379822
          }
        ]
      },
      "Id": "4bbb9619-c617-4df4-bd25-c8faf549dc71",
      "Relationships": [
        {
          "Type": "CHILD",
          "Ids": [
            "0f80c7b4-b5b1-47cc-b128-4106cf363acc"
          ]
        }
      ],
      "Page": 1
    },
    {
      "BlockType": "CELL",
      "Confidence": 72.900390625,
      "RowIndex": 2,
      "ColumnIndex": 6,
      "RowSpan": 1,
      "ColumnSpan": 1,
      "Geometry": {
        "BoundingBox": {
          "Width": 0.10291837900876999,
          "Height": 0.041818004101514816,
          "Left": 0.6675514578819275,
          "Top": 0.49346181750297546
        },
        "Polygon": [
          {
            "X": 0.6675514578819275,
            "Y": 0.49346181750297546
          },
          {
            "X": 0.769736647605896,
            "Y": 0.49355223774909973
          },
          {
            "X": 0.7704698443412781,
            "Y": 0.5352798104286194
          },
          {
            "X": 0.6682499647140503,
            "Y": 0.535211443901062
          }
        ]
      },
      "Id": "43a2168c-497b-4129-9d58-e39ca8873729",
      "Relationships": [
        {
          "Type": "CHILD",
          "Ids": [
            "3cf40a56-1030-40e5-a9b5-5f92cf26d1b9"
          ]
        }
      ],
      "Page": 1
    },
    {
      "BlockType": "CELL",
      "Confidence": 80.517578125,
      "RowIndex": 3,
      "ColumnIndex": 1,
      "RowSpan": 1,
      "ColumnSpan": 1,
      "Geometry": {
        "BoundingBox": {
          "Width": 0.10788261890411377,
          "Height": 0.04448616877198219,
          "Left": 0.2313554286956787,
          "Top": 0.534919023513794
        },
        "Polygon": [
          {
            "X": 0.2313554286956787,
            "Y": 0.534919023513794
          },
          {
            "X": 0.3386150896549225,
            "Y": 0.5349908471107483
          },
          {
            "X": 0.3392380475997925,
            "Y": 0.5794052481651306
          },
          {
            "X": 0.2319396287202835,
            "Y": 0.5793579816818237
          }
        ]
      },
      "Id": "d24477fa-1ecb-48e5-ab8d-9efe0c7a58e5",
      "Relationships": [
        {
          "Type": "CHILD",
          "Ids": [
            "42f712bf-3496-4db6-b62b-60924c874836"
          ]
        }
      ],
      "Page": 1
    },
    {
      "BlockType": "CELL",
      "Confidence": 65.91796875,
      "RowIndex": 3,
      "ColumnIndex": 2,
      "RowSpan": 1,
      "ColumnSpan": 1,
      "Geometry": {
        "BoundingBox": {
          "Width": 0.050425685942173004,
          "Height": 0.044436320662498474,
          "Left": 0.3386150896549225,
          "Top": 0.5349908471107483
        },
        "Polygon": [
          {
            "X": 0.3386150896549225,
            "Y": 0.5349908471107483
          },
          {
            "X": 0.38839980959892273,
            "Y": 0.5350241661071777
          },
          {
            "X": 0.3890407681465149,
            "Y": 0.579427182674408
          },
          {
            "X": 0.3392380475997925,
            "Y": 0.5794052481651306
          }
        ]
      },
      "Id": "0bf4a467-b8ea-4453-8041-da000f204698",
      "Relationships": [
        {
          "Type": "CHILD",
          "Ids": [
            "ede4f417-183f-42e3-a77a-16d41a0836f4"
          ]
        }
      ],
      "Page": 1
    },
    {
      "BlockType": "CELL",
      "Confidence": 80.95703125,
      "RowIndex": 3,
      "ColumnIndex": 3,
      "RowSpan": 1,
      "ColumnSpan": 1,
      "Geometry": {
        "BoundingBox": {
          "Width": 0.09481310099363327,
          "Height": 0.04444447532296181,
          "Left": 0.38839980959892273,
          "Top": 0.5350241661071777
        },
        "Polygon": [
          {
            "X": 0.38839980959892273,
            "Y": 0.5350241661071777
          },
          {
            "X": 0.4825379550457001,
            "Y": 0.5350871682167053
          },
          {
            "X": 0.4832129180431366,
            "Y": 0.5794686079025269
          },
          {
            "X": 0.3890407681465149,
            "Y": 0.579427182674408
          }
        ]
      },
      "Id": "44e1309f-ac16-49cc-87cd-9379a91a131f",
      "Relationships": [
        {
          "Type": "CHILD",
          "Ids": [
            "285d718e-de12-4fb9-b73a-c0082853e410"
          ]
        }
      ],
      "Page": 1
    },
    {
      "BlockType": "CELL",
      "Confidence": 80.17578125,
      "RowIndex": 3,
      "ColumnIndex": 4,
      "RowSpan": 1,
      "ColumnSpan": 1,
      "Geometry": {
        "BoundingBox": {
          "Width": 0.09322667121887207,
          "Height": 0.04442223161458969,
          "Left": 0.4825379550457001,
          "Top": 0.5350871682167053
        },
        "Polygon": [
          {
            "X": 0.4825379550457001,
            "Y": 0.5350871682167053
          },
          {
            "X": 0.5750563144683838,
            "Y": 0.5351490378379822
          },
          {
            "X": 0.5757646560668945,
            "Y": 0.5795093774795532
          },
          {
            "X": 0.4832129180431366,
            "Y": 0.5794686079025269
          }
        ]
      },
      "Id": "b5669f2f-b376-41fa-b550-454be885964a",
      "Relationships": [
        {
          "Type": "CHILD",
          "Ids": [
            "5ce435da-f251-4e6a-8b1b-62b74bbf0099"
          ]
        }
      ],
      "Page": 1
    },
    {
      "BlockType": "CELL",
      "Confidence": 79.19921875,
      "RowIndex": 3,
      "ColumnIndex": 5,
      "RowSpan": 1,
      "ColumnSpan": 1,
      "Geometry": {
        "BoundingBox": {
          "Width": 0.093935526907444,
          "Height": 0.044401369988918304,
          "Left": 0.5750563144683838,
          "Top": 0.5351490378379822
        },
        "Polygon": [
          {
            "X": 0.5750563144683838,
            "Y": 0.5351490378379822
          },
          {
            "X": 0.6682499647140503,
            "Y": 0.535211443901062
          },
          {
            "X": 0.6689918637275696,
            "Y": 0.5795504450798035
          },
          {
            "X": 0.5757646560668945,
            "Y": 0.5795093774795532
          }
        ]
      },
      "Id": "0ee10f73-31ec-4759-bfff-36be1272b880",
      "Relationships": [
        {
          "Type": "CHILD",
          "Ids": [
            "74bdd2af-18a3-4244-8dfe-a2ed36891848"
          ]
        }
      ],
      "Page": 1
    },
    {
      "BlockType": "CELL",
      "Confidence": 80.419921875,
      "RowIndex": 3,
      "ColumnIndex": 6,
      "RowSpan": 1,
      "ColumnSpan": 1,
      "Geometry": {
        "BoundingBox": {
          "Width": 0.10299849510192871,
          "Height": 0.04438403621315956,
          "Left": 0.6682499647140503,
          "Top": 0.535211443901062
        },
        "Polygon": [
          {
            "X": 0.6682499647140503,
            "Y": 0.535211443901062
          },
          {
            "X": 0.7704698443412781,
            "Y": 0.5352798104286194
          },
          {
            "X": 0.771248459815979,
            "Y": 0.5795954465866089
          },
          {
            "X": 0.6689918637275696,
            "Y": 0.5795504450798035
          }
        ]
      },
      "Id": "1689dcc5-f907-4ffb-b4fb-c31b811d59ab",
      "Relationships": [
        {
          "Type": "CHILD",
          "Ids": [
            "ee8a881f-9884-4c2a-a6ec-683de51abbf0"
          ]
        }
      ],
      "Page": 1
    }
  ],
  "AnalyzeDocumentModelVersion": "1.0"
}