{
  "DocumentMetadata": {
    "Pages": 1
  },
  "JobStatus": "SUCCEEDED",
  "Blocks": [
    {
      "BlockType": "PAGE",
      "Geometry": {
        "BoundingBox": {
          "Width": 0.7268370389938354,
          "Height": 0.5405541062355042,
          "Left": 0.14973832666873932,
          "Top": 0.20511803030967712
        },
        "Polygon": [
          {
            "X": 0.14973832666873932,
            "Y": 0.20532572269439697
          },
          {
            "X": 0.8730660080909729,
            "Y": 0.20511803030967712
          },
          {
            "X": 0.8765754103660583,
            "Y": 0.7450723648071289
          },
          {
            "X": 0.1511685997247696,
            "Y": 0.7456721067428589
          }
        ]
      },
      "Id": "10036aa4-1011-4a51-8ce0-5450c00c896e",
      "Relationships": [
        {
          "Type": "CHILD",
          "Ids": [
            "9250f50e-533f-41fc-97a0-035bc9292adb",
            "aee75b66-f494-4a24-979c-fba6ed2c8e60",
            "002e186e-f274-4447-9420-7f5f50b11990",
            "1b0fc2c3-37c5-47c4-9fa5-a5267814637d",
            "bec60821-349a-4138-bf33-c52a805699bb",
            "9492969e-9465-4b2a-a9ce-3b6407ed1dfa",
            "5827da3b-f779-486d-b011-5680be08c489",
            "16ea4e7e-ae57-42bb-b2ec-3d77a5278658",
            "7e75f96a-3335-48e4-a0b3-49f0496b6293",
            "f34bce1a-2007-4e53-ac93-545a4130c365",
            "300289ac-df6a-49cc-803e-e313b2291619",
            "7769d79f-023f-4272-a5f4-5cb1b4c2d8d2",
            "72569799-4bce-4c06-9859-30170ec049c8",
            "7333a656-1685-4492-9ae0-0267eb27796e",
            "29a66b3d-5bc3-40e4-9dae-4d062feb37e6",
            "ac4b18df-8373-4ae7-ad04-a4ce3a37d9d4",
            "eb4bf5fa-b6e0-458f-91ac-b51b8f22b30e",
            "44f2588e-ca78-4916-a476-915784b91f71",
            "3d39878f-78a4-490c-9646-57a3a00e7148",
            "531dc79d-314c-44d1-a1b2-ac490f1b6ea5",
            "1ecb5bd0-1742-4cfd-b63a-02580a0229f4"
          ]
        }
      ],
      "Page": 1
    },
    {
      "BlockType": "LINE",
      "Confidence": 99.93854522705078,
      "Text": "Samples",
      "Geometry": {
        "BoundingBox": {
          "Width": 0.05216364189982414,
          "Height": 0.02550310641527176,
          "Left": 0.16586987674236298,
          "Top": 0.3097323477268219
        },
        "Polygon": [
          {
            "X": 0.16586987674236298,
            "Y": 0.3097527325153351
          },
          {
            "X": 0.21795685589313507,
            "Y": 0.3097323477268219
          },
          {
            "X": 0.21803350746631622,
            "Y": 0.3352137506008148
          },
          {
            "X": 0.16593948006629944,
            "Y": 0.33523547649383545
          }
        ]
      },
      "Id": "9250f50e-533f-41fc-97a0-035bc9292adb",
      "Relationships": [
        {
          "Type": "CHILD",
          "Ids": [
            "2696f4d8-c054-4ef6-8e98-ce734f1709b2"
          ]
        }
      ],
      "Page": 1
    },
    {
      "BlockType": "LINE",
      "Confidence": 99.7755126953125,
      "Text": "C-C Area (%)",
      "Geometry": {
        "BoundingBox": {
          "Width": 0.08846727013587952,
          "Height": 0.025268670171499252,
          "Left": 0.34633854031562805,
          "Top": 0.30869099497795105
        },
        "Polygon": [
          {
            "X": 0.34633854031562805,
            "Y": 0.308725506067276
          },
          {
            "X": 0.43470078706741333,
            "Y": 0.30869099497795105
          },
          {
            "X": 0.43480581045150757,
            "Y": 0.3339229226112366
          },
          {
            "X": 0.346431702375412,
            "Y": 0.3339596688747406
          }
        ]
      },
      "Id": "aee75b66-f494-4a24-979c-fba6ed2c8e60",
      "Relationships": [
        {
          "Type": "CHILD",
          "Ids": [
            "2db2a30d-60ce-4003-9785-2b8cdb6d153a",
            "0a9033d5-d359-4328-a481-9308b75dba1e",
            "053c9f6d-876c-4bbb-80b0-900b9371c1c8"
          ]
        }
      ],
      "Page": 1
    },
    {
      "BlockType": "LINE",
      "Confidence": 97.19911193847656,
      "Text": "C-O Area (%)",
      "Geometry": {
        "BoundingBox": {
          "Width": 0.0888822078704834,
          "Height": 0.025181228294968605,
          "Left": 0.5095902681350708,
          "Top": 0.3086317479610443
        },
        "Polygon": [
          {
            "X": 0.5095902681350708,
            "Y": 0.3086664080619812
          },
          {
            "X": 0.598345935344696,
            "Y": 0.3086317479610443
          },
          {
            "X": 0.5984724760055542,
            "Y": 0.3337760865688324
          },
          {
            "X": 0.5097049474716187,
            "Y": 0.33381298184394836
          }
        ]
      },
      "Id": "002e186e-f274-4447-9420-7f5f50b11990",
      "Relationships": [
        {
          "Type": "CHILD",
          "Ids": [
            "cf1758fb-abf0-40a0-ab8c-557ca4c6df0b",
            "8e7330ca-839f-45dc-9c97-54e7a946dd81",
            "e2d59287-3413-4277-8cc6-7ee0545e58cd"
          ]
        }
      ],
      "Page": 1
    },
    {
      "BlockType": "LINE",
      "Confidence": 99.89295959472656,
      "Text": "C-N Area (%)",
      "Geometry": {
        "BoundingBox": {
          "Width": 0.08904679119586945,
          "Height": 0.025031734257936478,
          "Left": 0.6741020679473877,
          "Top": 0.3088851571083069
        },
        "Polygon": [
          {
            "X": 0.6741020679473877,
            "Y": 0.30891990661621094
          },
          {
            "X": 0.7630010843276978,
            "Y": 0.3088851571083069
          },
          {
            "X": 0.763148844242096,
            "Y": 0.3338799476623535
          },
          {
            "X": 0.6742379665374756,
            "Y": 0.33391690254211426
          }
        ]
      },
      "Id": "1b0fc2c3-37c5-47c4-9fa5-a5267814637d",
      "Relationships": [
        {
          "Type": "CHILD",
          "Ids": [
            "262de591-e063-4735-a77a-bd4140b7ce7b",
            "ca75fe2f-7ce6-4248-8133-785cd161949d",
            "54ca6c2f-58c4-40fa-b150-6da8ce6fcb17"
          ]
        }
      ],
      "Page": 1
    },
    {
      "BlockType": "LINE",
      "Confidence": 99.1377182006836,
      "Text": "DGEBA-PA",
      "Geometry": {
        "BoundingBox": {
          "Width": 0.07639049738645554,
          "Height": 0.019685503095388412,
          "Left": 0.16577664017677307,
          "Top": 0.38735008239746094
        },
        "Polygon": [
          {
            "X": 0.16577664017677307,
            "Y": 0.38738587498664856
          },
          {
            "X": 0.24210551381111145,
            "Y": 0.38735008239746094
          },
          {
            "X": 0.242167130112648,
            "Y": 0.40699830651283264
          },
          {
            "X": 0.16583028435707092,
            "Y": 0.40703558921813965
          }
        ]
      },
      "Id": "bec60821-349a-4138-bf33-c52a805699bb",
      "Relationships": [
        {
          "Type": "CHILD",
          "Ids": [
            "f179855a-382d-4813-8385-f7a7206a520f"
          ]
        }
      ],
      "Page": 1
    },
    {
      "BlockType": "LINE",
      "Confidence": 96.61245727539062,
      "Text": "95.96",
      "Geometry": {
        "BoundingBox": {
          "Width": 0.03431784361600876,
          "Height": 0.020044175907969475,
          "Left": 0.3467445969581604,
          "Top": 0.38716575503349304
        },
        "Polygon": [
          {
            "X": 0.3467445969581604,
            "Y": 0.38718181848526
          },
          {
            "X": 0.3809848427772522,
            "Y": 0.38716575503349304
          },
          {
            "X": 0.38106244802474976,
            "Y": 0.4071931838989258
          },
          {
            "X": 0.34681856632232666,
            "Y": 0.40720993280410767
          }
        ]
      },
      "Id": "9492969e-9465-4b2a-a9ce-3b6407ed1dfa",
      "Relationships": [
        {
          "Type": "CHILD",
          "Ids": [
            "4c560e8e-5805-4a24-9282-874a156ff604"
          ]
        }
      ],
      "Page": 1
    },
    {
      "BlockType": "LINE",
      "Confidence": 99.6500244140625,
      "Text": "4.06",
      "Geometry": {
        "BoundingBox": {
          "Width": 0.026949236169457436,
          "Height": 0.020288437604904175,
          "Left": 0.5092843770980835,
          "Top": 0.38694798946380615
        },
        "Polygon": [
          {
            "X": 0.5092843770980835,
            "Y": 0.38696056604385376
          },
          {
            "X": 0.5361382961273193,
            "Y": 0.38694798946380615
          },
          {
            "X": 0.5362336039543152,
            "Y": 0.40722328424453735
          },
          {
            "X": 0.5093767642974854,
            "Y": 0.4072364270687103
          }
        ]
      },
      "Id": "5827da3b-f779-486d-b011-5680be08c489",
      "Relationships": [
        {
          "Type": "CHILD",
          "Ids": [
            "f563f60a-1217-4137-8fa9-36a793009b2c"
          ]
        }
      ],
      "Page": 1
    },
    {
      "BlockType": "LINE",
      "Confidence": 98.841552734375,
      "Text": "0",
      "Geometry": {
        "BoundingBox": {
          "Width": 0.008317804895341396,
          "Height": 0.021491510793566704,
          "Left": 0.673803985118866,
          "Top": 0.3864562213420868
        },
        "Polygon": [
          {
            "X": 0.673803985118866,
            "Y": 0.3864600658416748
          },
          {
            "X": 0.6820041537284851,
            "Y": 0.3864562213420868
          },
          {
            "X": 0.6821218132972717,
            "Y": 0.4079437255859375
          },
          {
            "X": 0.673920750617981,
            "Y": 0.40794774889945984
          }
        ]
      },
      "Id": "16ea4e7e-ae57-42bb-b2ec-3d77a5278658",
      "Relationships": [
        {
          "Type": "CHILD",
          "Ids": [
            "db0b007e-e81b-4bae-9d3f-b035adc218bc"
          ]
        }
      ],
      "Page": 1
    },
    {
      "BlockType": "LINE",
      "Confidence": 99.01973724365234,
      "Text": "DGEBA-PEPA",
      "Geometry": {
        "BoundingBox": {
          "Width": 0.09465399384498596,
          "Height": 0.020157353952527046,
          "Left": 0.16526886820793152,
          "Top": 0.4642805755138397
        },
        "Polygon": [
          {
            "X": 0.16526886820793152,
            "Y": 0.4643321931362152
          },
          {
            "X": 0.2598579525947571,
            "Y": 0.4642805755138397
          },
          {
            "X": 0.2599228620529175,
            "Y": 0.4843843877315521
          },
          {
            "X": 0.1653236746788025,
            "Y": 0.4844379127025604
          }
        ]
      },
      "Id": "7e75f96a-3335-48e4-a0b3-49f0496b6293",
      "Relationships": [
        {
          "Type": "CHILD",
          "Ids": [
            "c21a40c7-6923-4053-a63f-0cf662274968"
          ]
        }
      ],
      "Page": 1
    },
    {
      "BlockType": "LINE",
      "Confidence": 99.91105651855469,
      "Text": "88.51",
      "Geometry": {
        "BoundingBox": {
          "Width": 0.03223384916782379,
          "Height": 0.01984396204352379,
          "Left": 0.34706225991249084,
          "Top": 0.46438881754875183
        },
        "Polygon": [
          {
            "X": 0.34706225991249084,
            "Y": 0.4644063711166382
          },
          {
            "X": 0.37921950221061707,
            "Y": 0.46438881754875183
          },
          {
            "X": 0.37929609417915344,
            "Y": 0.48421457409858704
          },
          {
            "X": 0.347135454416275,
            "Y": 0.48423275351524353
          }
        ]
      },
      "Id": "f34bce1a-2007-4e53-ac93-545a4130c365",
      "Relationships": [
        {
          "Type": "CHILD",
          "Ids": [
            "3806f31c-0cb3-4b9b-b6e8-1aad5e8ef14c"
          ]
        }
      ],
      "Page": 1
    },
    {
      "BlockType": "LINE",
      "Confidence": 99.86743927001953,
      "Text": "11.46",
      "Geometry": {
        "BoundingBox": {
          "Width": 0.032533831894397736,
          "Height": 0.01988304778933525,
          "Left": 0.5110570788383484,
          "Top": 0.4643121659755707
        },
        "Polygon": [
          {
            "X": 0.5110570788383484,
            "Y": 0.46432986855506897
          },
          {
            "X": 0.5434967875480652,
            "Y": 0.4643121659755707
          },
          {
            "X": 0.5435909032821655,
            "Y": 0.4841768443584442
          },
          {
            "X": 0.5111477971076965,
            "Y": 0.48419520258903503
          }
        ]
      },
      "Id": "300289ac-df6a-49cc-803e-e313b2291619",
      "Relationships": [
        {
          "Type": "CHILD",
          "Ids": [
            "2e094eaf-f7f2-43f2-af3b-c674c3173c15"
          ]
        }
      ],
      "Page": 1
    },
    {
      "BlockType": "LINE",
      "Confidence": 99.04610443115234,
      "Text": "0",
      "Geometry": {
        "BoundingBox": {
          "Width": 0.007563217543065548,
          "Height": 0.019877396523952484,
          "Left": 0.6741043925285339,
          "Top": 0.46435466408729553
        },
        "Polygon": [
          {
            "X": 0.6741043925285339,
            "Y": 0.46435874700546265
          },
          {
            "X": 0.6815588474273682,
            "Y": 0.46435466408729553
          },
          {
            "X": 0.6816676259040833,
            "Y": 0.48422786593437195
          },
          {
            "X": 0.6742123365402222,
            "Y": 0.4842320680618286
          }
        ]
      },
      "Id": "7769d79f-023f-4272-a5f4-5cb1b4c2d8d2",
      "Relationships": [
        {
          "Type": "CHILD",
          "Ids": [
            "d18e257c-6c6c-4fff-a5ec-6679d96e0298"
          ]
        }
      ],
      "Page": 1
    },
    {
      "BlockType": "LINE",
      "Confidence": 98.33695220947266,
      "Text": "Azo-EP-PA",
      "Geometry": {
        "BoundingBox": {
          "Width": 0.07230132818222046,
          "Height": 0.019151596352458,
          "Left": 0.16549080610275269,
          "Top": 0.5408410429954529
        },
        "Polygon": [
          {
            "X": 0.16549080610275269,
            "Y": 0.5408859848976135
          },
          {
            "X": 0.23773270845413208,
            "Y": 0.5408410429954529
          },
          {
            "X": 0.23779211938381195,
            "Y": 0.5599462985992432
          },
          {
            "X": 0.16554288566112518,
            "Y": 0.5599926114082336
          }
        ]
      },
      "Id": "72569799-4bce-4c06-9859-30170ec049c8",
      "Relationships": [
        {
          "Type": "CHILD",
          "Ids": [
            "fc84559f-8a1e-4874-8929-6e41a1a962fb"
          ]
        }
      ],
      "Page": 1
    },
    {
      "BlockType": "LINE",
      "Confidence": 99.81973266601562,
      "Text": "91.57",
      "Geometry": {
        "BoundingBox": {
          "Width": 0.03404821828007698,
          "Height": 0.019875235855579376,
          "Left": 0.34678494930267334,
          "Top": 0.5408094525337219
        },
        "Polygon": [
          {
            "X": 0.34678494930267334,
            "Y": 0.5408306121826172
          },
          {
            "X": 0.38075631856918335,
            "Y": 0.5408094525337219
          },
          {
            "X": 0.3808331787586212,
            "Y": 0.5606629252433777
          },
          {
            "X": 0.3468582034111023,
            "Y": 0.5606847405433655
          }
        ]
      },
      "Id": "7333a656-1685-4492-9ae0-0267eb27796e",
      "Relationships": [
        {
          "Type": "CHILD",
          "Ids": [
            "eb9f637c-dd62-428f-8238-de589136fa92"
          ]
        }
      ],
      "Page": 1
    },
    {
      "BlockType": "LINE",
      "Confidence": 99.50369262695312,
      "Text": "3.02",
      "Geometry": {
        "BoundingBox": {
          "Width": 0.02629207819700241,
          "Height": 0.019410718232393265,
          "Left": 0.5096815824508667,
          "Top": 0.5408641695976257
        },
        "Polygon": [
          {
            "X": 0.5096815824508667,
            "Y": 0.5408804416656494
          },
          {
            "X": 0.5358825922012329,
            "Y": 0.5408641695976257
          },
          {
            "X": 0.5359736680984497,
            "Y": 0.5602580308914185
          },
          {
            "X": 0.5097699165344238,
            "Y": 0.5602748394012451
          }
        ]
      },
      "Id": "29a66b3d-5bc3-40e4-9dae-4d062feb37e6",
      "Relationships": [
        {
          "Type": "CHILD",
          "Ids": [
            "6fa95a80-f602-463d-bd66-a35232095cd0"
          ]
        }
      ],
      "Page": 1
    },
    {
      "BlockType": "LINE",
      "Confidence": 99.33605194091797,
      "Text": "5.41",
      "Geometry": {
        "BoundingBox": {
          "Width": 0.024616148322820663,
          "Height": 0.02000807225704193,
          "Left": 0.6745100021362305,
          "Top": 0.5401574969291687
        },
        "Polygon": [
          {
            "X": 0.6745100021362305,
            "Y": 0.5401726961135864
          },
          {
            "X": 0.6990149617195129,
            "Y": 0.5401574969291687
          },
          {
            "X": 0.6991261839866638,
            "Y": 0.5601498484611511
          },
          {
            "X": 0.6746186017990112,
            "Y": 0.560165524482727
          }
        ]
      },
      "Id": "ac4b18df-8373-4ae7-ad04-a4ce3a37d9d4",
      "Relationships": [
        {
          "Type": "CHILD",
          "Ids": [
            "ad31f0ba-d254-472b-a997-7763d95ba5bb"
          ]
        }
      ],
      "Page": 1
    },
    {
      "BlockType": "LINE",
      "Confidence": 98.45574951171875,
      "Text": "Azo-EP-PEPA",
      "Geometry": {
        "BoundingBox": {
          "Width": 0.09056314080953598,
          "Height": 0.019800465553998947,
          "Left": 0.1656286120414734,
          "Top": 0.6167064905166626
        },
        "Polygon": [
          {
            "X": 0.1656286120414734,
            "Y": 0.6167696714401245
          },
          {
            "X": 0.2561284601688385,
            "Y": 0.6167064905166626
          },
          {
            "X": 0.2561917304992676,
            "Y": 0.6364420056343079
          },
          {
            "X": 0.16568240523338318,
            "Y": 0.6365069150924683
          }
        ]
      },
      "Id": "eb4bf5fa-b6e0-458f-91ac-b51b8f22b30e",
      "Relationships": [
        {
          "Type": "CHILD",
          "Ids": [
            "46cb27ce-e5a4-441e-8763-6bd11020f267"
          ]
        }
      ],
      "Page": 1
    },
    {
      "BlockType": "LINE",
      "Confidence": 99.98619842529297,
      "Text": "90.08",
      "Geometry": {
        "BoundingBox": {
          "Width": 0.03414592146873474,
          "Height": 0.019887125119566917,
          "Left": 0.3466581404209137,
          "Top": 0.6169055700302124
        },
        "Polygon": [
          {
            "X": 0.3466581404209137,
            "Y": 0.6169293522834778
          },
          {
            "X": 0.38072720170021057,
            "Y": 0.6169055700302124
          },
          {
            "X": 0.38080406188964844,
            "Y": 0.6367682218551636
          },
          {
            "X": 0.34673136472702026,
            "Y": 0.6367927193641663
          }
        ]
      },
      "Id": "44f2588e-ca78-4916-a476-915784b91f71",
      "Relationships": [
        {
          "Type": "CHILD",
          "Ids": [
            "e2c54c78-496a-4008-a66d-f14a31f47c45"
          ]
        }
      ],
      "Page": 1
    },
    {
      "BlockType": "LINE",
      "Confidence": 99.96028900146484,
      "Text": "4.68",
      "Geometry": {
        "BoundingBox": {
          "Width": 0.027100371196866035,
          "Height": 0.019883736968040466,
          "Left": 0.5090124011039734,
          "Top": 0.616783857345581
        },
        "Polygon": [
          {
            "X": 0.5090124011039734,
            "Y": 0.6168026924133301
          },
          {
            "X": 0.5360195636749268,
            "Y": 0.616783857345581
          },
          {
            "X": 0.5361127853393555,
            "Y": 0.6366481781005859
          },
          {
            "X": 0.5091028213500977,
            "Y": 0.6366676092147827
          }
        ]
      },
      "Id": "3d39878f-78a4-490c-9646-57a3a00e7148",
      "Relationships": [
        {
          "Type": "CHILD",
          "Ids": [
            "3712a1c8-d743-46a8-9a3a-1fb5310c8d5a"
          ]
        }
      ],
      "Page": 1
    },
    {
      "BlockType": "LINE",
      "Confidence": 99.94664764404297,
      "Text": "5.24",
      "Geometry": {
        "BoundingBox": {
          "Width": 0.02669474110007286,
          "Height": 0.01973176933825016,
          "Left": 0.6743307113647461,
          "Top": 0.6168432831764221
        },
        "Polygon": [
          {
            "X": 0.6743307113647461,
            "Y": 0.616861879825592
          },
          {
            "X": 0.7009156346321106,
            "Y": 0.6168432831764221
          },
          {
            "X": 0.7010254859924316,
            "Y": 0.6365559697151184
          },
          {
            "X": 0.6744377613067627,
            "Y": 0.6365750432014465
          }
        ]
      },
      "Id": "531dc79d-314c-44d1-a1b2-ac490f1b6ea5",
      "Relationships": [
        {
          "Type": "CHILD",
          "Ids": [
            "14176570-004d-494a-90f2-fefef1a3b017"
          ]
        }
      ],
      "Page": 1
    },
    {
      "BlockType": "WORD",
      "Confidence": 99.93854522705078,
      "Text": "Samples",
      "TextType": "PRINTED",
      "Geometry": {
        "BoundingBox": {
          "Width": 0.05216364189982414,
          "Height": 0.02550310641527176,
          "Left": 0.16586987674236298,
          "Top": 0.3097323477268219
        },
        "Polygon": [
          {
            "X": 0.16586987674236298,
            "Y": 0.3097527325153351
          },
          {
            "X": 0.21795685589313507,
            "Y": 0.3097323477268219
          },
          {
            "X": 0.21803350746631622,
            "Y": 0.3352137506008148
          },
          {
            "X": 0.16593948006629944,
            "Y": 0.33523547649383545
          }
        ]
      },
      "Id": "2696f4d8-c054-4ef6-8e98-ce734f1709b2",
      "Page": 1
    },
    {
      "BlockType": "WORD",
      "Confidence": 99.46086120605469,
      "Text": "C-C",
      "TextType": "PRINTED",
      "Geometry": {
        "BoundingBox": {
          "Width": 0.02840029075741768,
          "Height": 0.020646173506975174,
          "Left": 0.34633854031562805,
          "Top": 0.30871444940567017
        },
        "Polygon": [
          {
            "X": 0.34633854031562805,
            "Y": 0.308725506067276
          },
          {
            "X": 0.37465953826904297,
            "Y": 0.30871444940567017
          },
          {
            "X": 0.3747388422489166,
            "Y": 0.32934898138046265
          },
          {
            "X": 0.3464147448539734,
            "Y": 0.32936060428619385
          }
        ]
      },
      "Id": "2db2a30d-60ce-4003-9785-2b8cdb6d153a",
      "Page": 1
    },
    {
      "BlockType": "WORD",
      "Confidence": 99.95381927490234,
      "Text": "Area",
      "TextType": "PRINTED",
      "Geometry": {
        "BoundingBox": {
          "Width": 0.030602457001805305,
          "Height": 0.019309932366013527,
          "Left": 0.37744274735450745,
          "Top": 0.30947941541671753
        },
        "Polygon": [
          {
            "X": 0.37744274735450745,
            "Y": 0.309491366147995
          },
          {
            "X": 0.40796762704849243,
            "Y": 0.30947941541671753
          },
          {
            "X": 0.4080452024936676,
            "Y": 0.3287768065929413
          },
          {
            "X": 0.3775171935558319,
            "Y": 0.3287893533706665
          }
        ]
      },
      "Id": "0a9033d5-d359-4328-a481-9308b75dba1e",
      "Page": 1
    },
    {
      "BlockType": "WORD",
      "Confidence": 99.9118423461914,
      "Text": "(%)",
      "TextType": "PRINTED",
      "Geometry": {
        "BoundingBox": {
          "Width": 0.022908739745616913,
          "Height": 0.0249169934540987,
          "Left": 0.41189706325531006,
          "Top": 0.3090154230594635
        },
        "Polygon": [
          {
            "X": 0.41189706325531006,
            "Y": 0.3090243339538574
          },
          {
            "X": 0.4347021281719208,
            "Y": 0.3090154230594635
          },
          {
            "X": 0.43480581045150757,
            "Y": 0.3339229226112366
          },
          {
            "X": 0.4119977355003357,
            "Y": 0.33393239974975586
          }
        ]
      },
      "Id": "053c9f6d-876c-4bbb-80b0-900b9371c1c8",
      "Page": 1
    },
    {
      "BlockType": "WORD",
      "Confidence": 91.76956939697266,
      "Text": "C-O",
      "TextType": "PRINTED",
      "Geometry": {
        "BoundingBox": {
          "Width": 0.028518669307231903,
          "Height": 0.020697690546512604,
          "Left": 0.5095902681350708,
          "Top": 0.308655321598053
        },
        "Polygon": [
          {
            "X": 0.5095902681350708,
            "Y": 0.3086664080619812
          },
          {
            "X": 0.5380114912986755,
            "Y": 0.308655321598053
          },
          {
            "X": 0.5381089448928833,
            "Y": 0.329341322183609
          },
          {
            "X": 0.5096846222877502,
            "Y": 0.329353004693985
          }
        ]
      },
      "Id": "cf1758fb-abf0-40a0-ab8c-557ca4c6df0b",
      "Page": 1
    },
    {
      "BlockType": "WORD",
      "Confidence": 99.94743347167969,
      "Text": "Area",
      "TextType": "PRINTED",
      "Geometry": {
        "BoundingBox": {
          "Width": 0.030533472076058388,
          "Height": 0.019575944170355797,
          "Left": 0.5413370728492737,
          "Top": 0.30937251448631287
        },
        "Polygon": [
          {
            "X": 0.5413370728492737,
            "Y": 0.30938443541526794
          },
          {
            "X": 0.5717748403549194,
            "Y": 0.30937251448631287
          },
          {
            "X": 0.5718705654144287,
            "Y": 0.3289359509944916
          },
          {
            "X": 0.5414296388626099,
            "Y": 0.3289484679698944
          }
        ]
      },
      "Id": "8e7330ca-839f-45dc-9c97-54e7a946dd81",
      "Page": 1
    },
    {
      "BlockType": "WORD",
      "Confidence": 99.88032531738281,
      "Text": "(%)",
      "TextType": "PRINTED",
      "Geometry": {
        "BoundingBox": {
          "Width": 0.02270359732210636,
          "Height": 0.024678707122802734,
          "Left": 0.5757688879966736,
          "Top": 0.3091067671775818
        },
        "Polygon": [
          {
            "X": 0.5757688879966736,
            "Y": 0.30911558866500854
          },
          {
            "X": 0.5983483195304871,
            "Y": 0.3091067671775818
          },
          {
            "X": 0.5984724760055542,
            "Y": 0.3337760865688324
          },
          {
            "X": 0.5758901238441467,
            "Y": 0.3337854743003845
          }
        ]
      },
      "Id": "e2d59287-3413-4277-8cc6-7ee0545e58cd",
      "Page": 1
    },
    {
      "BlockType": "WORD",
      "Confidence": 99.78810119628906,
      "Text": "C-N",
      "TextType": "PRINTED",
      "Geometry": {
        "BoundingBox": {
          "Width": 0.028810633346438408,
          "Height": 0.019962647929787636,
          "Left": 0.6741032600402832,
          "Top": 0.30913496017456055
        },
        "Polygon": [
          {
            "X": 0.6741032600402832,
            "Y": 0.3091461658477783
          },
          {
            "X": 0.7028023600578308,
            "Y": 0.30913496017456055
          },
          {
            "X": 0.7029138803482056,
            "Y": 0.3290857970714569
          },
          {
            "X": 0.6742117404937744,
            "Y": 0.32909759879112244
          }
        ]
      },
      "Id": "262de591-e063-4735-a77a-bd4140b7ce7b",
      "Page": 1
    },
    {
      "BlockType": "WORD",
      "Confidence": 99.9473876953125,
      "Text": "Area",
      "TextType": "PRINTED",
      "Geometry": {
        "BoundingBox": {
          "Width": 0.030343269929289818,
          "Height": 0.01834862120449543,
          "Left": 0.7059342861175537,
          "Top": 0.31013426184654236
        },
        "Polygon": [
          {
            "X": 0.7059342861175537,
            "Y": 0.31014612317085266
          },
          {
            "X": 0.7361717820167542,
            "Y": 0.31013426184654236
          },
          {
            "X": 0.7362775802612305,
            "Y": 0.32847046852111816
          },
          {
            "X": 0.7060371041297913,
            "Y": 0.32848289608955383
          }
        ]
      },
      "Id": "ca75fe2f-7ce6-4248-8133-785cd161949d",
      "Page": 1
    },
    {
      "BlockType": "WORD",
      "Confidence": 99.94337463378906,
      "Text": "(%)",
      "TextType": "PRINTED",
      "Geometry": {
        "BoundingBox": {
          "Width": 0.022977637127041817,
          "Height": 0.02500426024198532,
          "Left": 0.7401711940765381,
          "Top": 0.3088851571083069
        },
        "Polygon": [
          {
            "X": 0.7401711940765381,
            "Y": 0.3088940978050232
          },
          {
            "X": 0.7630010843276978,
            "Y": 0.3088851571083069
          },
          {
            "X": 0.763148844242096,
            "Y": 0.3338799476623535
          },
          {
            "X": 0.740315854549408,
            "Y": 0.3338894248008728
          }
        ]
      },
      "Id": "54ca6c2f-58c4-40fa-b150-6da8ce6fcb17",
      "Page": 1
    },
    {
      "BlockType": "WORD",
      "Confidence": 99.1377182006836,
      "Text": "DGEBA-PA",
      "TextType": "PRINTED",
      "Geometry": {
        "BoundingBox": {
          "Width": 0.07639049738645554,
          "Height": 0.019685503095388412,
          "Left": 0.16577664017677307,
          "Top": 0.38735008239746094
        },
        "Polygon": [
          {
            "X": 0.16577664017677307,
            "Y": 0.38738587498664856
          },
          {
            "X": 0.24210551381111145,
            "Y": 0.38735008239746094
          },
          {
            "X": 0.242167130112648,
            "Y": 0.40699830651283264
          },
          {
            "X": 0.16583028435707092,
            "Y": 0.40703558921813965
          }
        ]
      },
      "Id": "f179855a-382d-4813-8385-f7a7206a520f",
      "Page": 1
    },
    {
      "BlockType": "WORD",
      "Confidence": 96.61245727539062,
      "Text": "95.96",
      "TextType": "PRINTED",
      "Geometry": {
        "BoundingBox": {
          "Width": 0.03431784361600876,
          "Height": 0.020044175907969475,
          "Left": 0.3467445969581604,
          "Top": 0.38716575503349304
        },
        "Polygon": [
          {
            "X": 0.3467445969581604,
            "Y": 0.38718181848526
          },
          {
            "X": 0.3809848427772522,
            "Y": 0.38716575503349304
          },
          {
            "X": 0.38106244802474976,
            "Y": 0.4071931838989258
          },
          {
            "X": 0.34681856632232666,
            "Y": 0.40720993280410767
          }
        ]
      },
      "Id": "4c560e8e-5805-4a24-9282-874a156ff604",
      "Page": 1
    },
    {
      "BlockType": "WORD",
      "Confidence": 99.6500244140625,
      "Text": "4.06",
      "TextType": "PRINTED",
      "Geometry": {
        "BoundingBox": {
          "Width": 0.026949236169457436,
          "Height": 0.020288437604904175,
          "Left": 0.5092843770980835,
          "Top": 0.38694798946380615
        },
        "Polygon": [
          {
            "X": 0.5092843770980835,
            "Y": 0.38696056604385376
          },
          {
            "X": 0.5361382961273193,
            "Y": 0.38694798946380615
          },
          {
            "X": 0.5362336039543152,
            "Y": 0.40722328424453735
          },
          {
            "X": 0.5093767642974854,
            "Y": 0.4072364270687103
          }
        ]
      },
      "Id": "f563f60a-1217-4137-8fa9-36a793009b2c",
      "Page": 1
    },
    {
      "BlockType": "WORD",
      "Confidence": 98.841552734375,
      "Text": "0",
      "TextType": "PRINTED",
      "Geometry": {
        "BoundingBox": {
          "Width": 0.008317804895341396,
          "Height": 0.021491510793566704,
          "Left": 0.673803985118866,
          "Top": 0.3864562213420868
        },
        "Polygon": [
          {
            "X": 0.673803985118866,
            "Y": 0.3864600658416748
          },
          {
            "X": 0.6820041537284851,
            "Y": 0.3864562213420868
          },
          {
            "X": 0.6821218132972717,
            "Y": 0.4079437255859375
          },
          {
            "X": 0.673920750617981,
            "Y": 0.40794774889945984
          }
        ]
      },
      "Id": "db0b007e-e81b-4bae-9d3f-b035adc218bc",
      "Page": 1
    },
    {
      "BlockType": "WORD",
      "Confidence": 99.01973724365234,
      "Text": "DGEBA-PEPA",
      "TextType": "PRINTED",
      "Geometry": {
        "BoundingBox": {
          "Width": 0.09465399384498596,
          "Height": 0.020157353952527046,
          "Left": 0.16526886820793152,
          "Top": 0.4642805755138397
        },
        "Polygon": [
          {
            "X": 0.16526886820793152,
            "Y": 0.4643321931362152
          },
          {
            "X": 0.2598579525947571,
            "Y": 0.4642805755138397
          },
          {
            "X": 0.2599228620529175,
            "Y": 0.4843843877315521
          },
          {
            "X": 0.1653236746788025,
            "Y": 0.4844379127025604
          }
        ]
      },
      "Id": "c21a40c7-6923-4053-a63f-0cf662274968",
      "Page": 1
    },
    {
      "BlockType": "WORD",
      "Confidence": 99.91105651855469,
      "Text": "88.51",
      "TextType": "PRINTED",
      "Geometry": {
        "BoundingBox": {
          "Width": 0.03223384916782379,
          "Height": 0.01984396204352379,
          "Left": 0.34706225991249084,
          "Top": 0.46438881754875183
        },
        "Polygon": [
          {
            "X": 0.34706225991249084,
            "Y": 0.4644063711166382
          },
          {
            "X": 0.37921950221061707,
            "Y": 0.46438881754875183
          },
          {
            "X": 0.37929609417915344,
            "Y": 0.48421457409858704
          },
          {
            "X": 0.347135454416275,
            "Y": 0.48423275351524353
          }
        ]
      },
      "Id": "3806f31c-0cb3-4b9b-b6e8-1aad5e8ef14c",
      "Page": 1
    },
    {
      "BlockType": "WORD",
      "Confidence": 99.86743927001953,
      "Text": "11.46",
      "TextType": "PRINTED",
      "Geometry": {
        "BoundingBox": {
          "Width": 0.032533831894397736,
          "Height": 0.01988304778933525,
          "Left": 0.5110570788383484,
          "Top": 0.4643121659755707
        },
        "Polygon": [
          {
            "X": 0.5110570788383484,
            "Y": 0.46432986855506897
          },
          {
            "X": 0.5434967875480652,
            "Y": 0.4643121659755707
          },
          {
            "X": 0.5435909032821655,
            "Y": 0.4841768443584442
          },
          {
            "X": 0.5111477971076965,
            "Y": 0.48419520258903503
          }
        ]
      },
      "Id": "2e094eaf-f7f2-43f2-af3b-c674c3173c15",
      "Page": 1
    },
    {
      "BlockType": "WORD",
      "Confidence": 99.04610443115234,
      "Text": "0",
      "TextType": "PRINTED",
      "Geometry": {
        "BoundingBox": {
          "Width": 0.007563217543065548,
          "Height": 0.019877396523952484,
          "Left": 0.6741043925285339,
          "Top": 0.46435466408729553
        },
        "Polygon": [
          {
            "X": 0.6741043925285339,
            "Y": 0.46435874700546265
          },
          {
            "X": 0.6815588474273682,
            "Y": 0.46435466408729553
          },
          {
            "X": 0.6816676259040833,
            "Y": 0.48422786593437195
          },
          {
            "X": 0.6742123365402222,
            "Y": 0.4842320680618286
          }
        ]
      },
      "Id": "d18e257c-6c6c-4fff-a5ec-6679d96e0298",
      "Page": 1
    },
    {
      "BlockType": "WORD",
      "Confidence": 98.33695220947266,
      "Text": "Azo-EP-PA",
      "TextType": "PRINTED",
      "Geometry": {
        "BoundingBox": {
          "Width": 0.07230132818222046,
          "Height": 0.019151596352458,
          "Left": 0.16549080610275269,
          "Top": 0.5408410429954529
        },
        "Polygon": [
          {
            "X": 0.16549080610275269,
            "Y": 0.5408859848976135
          },
          {
            "X": 0.23773270845413208,
            "Y": 0.5408410429954529
          },
          {
            "X": 0.23779211938381195,
            "Y": 0.5599462985992432
          },
          {
            "X": 0.16554288566112518,
            "Y": 0.5599926114082336
          }
        ]
      },
      "Id": "fc84559f-8a1e-4874-8929-6e41a1a962fb",
      "Page": 1
    },
    {
      "BlockType": "WORD",
      "Confidence": 99.81973266601562,
      "Text": "91.57",
      "TextType": "PRINTED",
      "Geometry": {
        "BoundingBox": {
          "Width": 0.03404821828007698,
          "Height": 0.019875235855579376,
          "Left": 0.34678494930267334,
          "Top": 0.5408094525337219
        },
        "Polygon": [
          {
            "X": 0.34678494930267334,
            "Y": 0.5408306121826172
          },
          {
            "X": 0.38075631856918335,
            "Y": 0.5408094525337219
          },
          {
            "X": 0.3808331787586212,
            "Y": 0.5606629252433777
          },
          {
            "X": 0.3468582034111023,
            "Y": 0.5606847405433655
          }
        ]
      },
      "Id": "eb9f637c-dd62-428f-8238-de589136fa92",
      "Page": 1
    },
    {
      "BlockType": "WORD",
      "Confidence": 99.50369262695312,
      "Text": "3.02",
      "TextType": "PRINTED",
      "Geometry": {
        "BoundingBox": {
          "Width": 0.02629207819700241,
          "Height": 0.019410718232393265,
          "Left": 0.5096815824508667,
          "Top": 0.5408641695976257
        },
        "Polygon": [
          {
            "X": 0.5096815824508667,
            "Y": 0.5408804416656494
          },
          {
            "X": 0.5358825922012329,
            "Y": 0.5408641695976257
          },
          {
            "X": 0.5359736680984497,
            "Y": 0.5602580308914185
          },
          {
            "X": 0.5097699165344238,
            "Y": 0.5602748394012451
          }
        ]
      },
      "Id": "6fa95a80-f602-463d-bd66-a35232095cd0",
      "Page": 1
    },
    {
      "BlockType": "WORD",
      "Confidence": 99.33605194091797,
      "Text": "5.41",
      "TextType": "PRINTED",
      "Geometry": {
        "BoundingBox": {
          "Width": 0.024616148322820663,
          "Height": 0.02000807225704193,
          "Left": 0.6745100021362305,
          "Top": 0.5401574969291687
        },
        "Polygon": [
          {
            "X": 0.6745100021362305,
            "Y": 0.5401726961135864
          },
          {
            "X": 0.6990149617195129,
            "Y": 0.5401574969291687
          },
          {
            "X": 0.6991261839866638,
            "Y": 0.5601498484611511
          },
          {
            "X": 0.6746186017990112,
            "Y": 0.560165524482727
          }
        ]
      },
      "Id": "ad31f0ba-d254-472b-a997-7763d95ba5bb",
      "Page": 1
    },
    {
      "BlockType": "WORD",
      "Confidence": 98.45574951171875,
      "Text": "Azo-EP-PEPA",
      "TextType": "PRINTED",
      "Geometry": {
        "BoundingBox": {
          "Width": 0.09056314080953598,
          "Height": 0.019800465553998947,
          "Left": 0.1656286120414734,
          "Top": 0.6167064905166626
        },
        "Polygon": [
          {
            "X": 0.1656286120414734,
            "Y": 0.6167696714401245
          },
          {
            "X": 0.2561284601688385,
            "Y": 0.6167064905166626
          },
          {
            "X": 0.2561917304992676,
            "Y": 0.6364420056343079
          },
          {
            "X": 0.16568240523338318,
            "Y": 0.6365069150924683
          }
        ]
      },
      "Id": "46cb27ce-e5a4-441e-8763-6bd11020f267",
      "Page": 1
    },
    {
      "BlockType": "WORD",
      "Confidence": 99.98619842529297,
      "Text": "90.08",
      "TextType": "PRINTED",
      "Geometry": {
        "BoundingBox": {
          "Width": 0.03414592146873474,
          "Height": 0.019887125119566917,
          "Left": 0.3466581404209137,
          "Top": 0.6169055700302124
        },
        "Polygon": [
          {
            "X": 0.3466581404209137,
            "Y": 0.6169293522834778
          },
          {
            "X": 0.38072720170021057,
            "Y": 0.6169055700302124
          },
          {
            "X": 0.38080406188964844,
            "Y": 0.6367682218551636
          },
          {
            "X": 0.34673136472702026,
            "Y": 0.6367927193641663
          }
        ]
      },
      "Id": "e2c54c78-496a-4008-a66d-f14a31f47c45",
      "Page": 1
    },
    {
      "BlockType": "WORD",
      "Confidence": 99.96028900146484,
      "Text": "4.68",
      "TextType": "PRINTED",
      "Geometry": {
        "BoundingBox": {
          "Width": 0.027100371196866035,
          "Height": 0.019883736968040466,
          "Left": 0.5090124011039734,
          "Top": 0.616783857345581
        },
        "Polygon": [
          {
            "X": 0.5090124011039734,
            "Y": 0.6168026924133301
          },
          {
            "X": 0.5360195636749268,
            "Y": 0.616783857345581
          },
          {
            "X": 0.5361127853393555,
            "Y": 0.6366481781005859
          },
          {
            "X": 0.5091028213500977,
            "Y": 0.6366676092147827
          }
        ]
      },
      "Id": "3712a1c8-d743-46a8-9a3a-1fb5310c8d5a",
      "Page": 1
    },
    {
      "BlockType": "WORD",
      "Confidence": 99.94664764404297,
      "Text": "5.24",
      "TextType": "PRINTED",
      "Geometry": {
        "BoundingBox": {
          "Width": 0.02669474110007286,
          "Height": 0.01973176933825016,
          "Left": 0.6743307113647461,
          "Top": 0.6168432831764221
        },
        "Polygon": [
          {
            "X": 0.6743307113647461,
            "Y": 0.616861879825592
          },
          {
            "X": 0.7009156346321106,
            "Y": 0.6168432831764221
          },
          {
            "X": 0.7010254859924316,
            "Y": 0.6365559697151184
          },
          {
            "X": 0.6744377613067627,
            "Y": 0.6365750432014465
          }
        ]
      },
      "Id": "14176570-004d-494a-90f2-fefef1a3b017",
      "Page": 1
    },
    {
      "BlockType": "TABLE",
      "Confidence": 99.609375,
      "Geometry": {
        "BoundingBox": {
          "Width": 0.6845694780349731,
          "Height": 0.3921692967414856,
          "Left": 0.1605195850133896,
          "Top": 0.27624836564064026
        },
        "Polygon": [
          {
            "X": 0.1605195850133896,
            "Y": 0.276492714881897
          },
          {
            "X": 0.8426079750061035,
            "Y": 0.27624836564064026
          },
          {
            "X": 0.8450890779495239,
            "Y": 0.6679052710533142
          },
          {
            "X": 0.16157908737659454,
            "Y": 0.6684176921844482
          }
        ]
      },
      "Id": "1ecb5bd0-1742-4cfd-b63a-02580a0229f4",
      "Relationships": [
        {
          "Type": "CHILD",
          "Ids": [
            "6501145a-0005-4bfa-b51a-c0608235a831",
            "508d83aa-10d6-4b9a-8e56-6a1817e7ab8c",
            "6b24584b-95f1-4fa2-bd8d-68112972cc1f",
            "ebcf10c0-2e1b-4eb5-8ad1-7704a620b7ff",
            "15ced297-e2a4-4381-a19c-eedf5728689e",
            "d9daf6cb-2700-4c1b-8ab2-87fd422ec43c",
            "baaa20e3-545e-4245-b223-87d9ac0e8044",
            "60021f62-37bb-46ce-8edb-e1dd28b80911",
            "f1406894-c72f-4d84-b62d-babcaccf777d",
            "414d8dfb-d1de-4853-87f4-7f4a73bb6bbe",
            "fce90b63-d5f0-44b2-8314-b53f91fb95b8",
            "b786199d-dd23-43a4-a3bb-479b522ccfe4",
            "6c56c152-cde2-471a-a6f5-ab16d5cf2f1d",
            "e7910655-a1b7-4fa9-8e0c-ccd11bc270f2",
            "04e9877f-812f-4c0a-b087-e5097a17235a",
            "2f3ede30-885d-43c6-a30a-0ff860cdb0be",
            "16b139e1-8826-4ab0-9a6a-f6e98dda05e1",
            "8310e9cc-d3fe-4b90-a006-a5a43a10cd50",
            "37ac1313-4376-4f5e-95c9-dade5af6dde6",
            "3fa7c87a-c9d5-4bf8-a0da-9e9ebd53a172"
          ]
        }
      ],
      "EntityTypes": [
        "STRUCTURED_TABLE"
      ],
      "Page": 1
    },
    {
      "BlockType": "CELL",
      "Confidence": 91.9921875,
      "RowIndex": 1,
      "ColumnIndex": 1,
      "RowSpan": 1,
      "ColumnSpan": 1,
      "Geometry": {
        "BoundingBox": {
          "Width": 0.14197885990142822,
          "Height": 0.08229811489582062,
          "Left": 0.1605195850133896,
          "Top": 0.2764419615268707
        },
        "Polygon": [
          {
            "X": 0.1605195850133896,
            "Y": 0.276492714881897
          },
          {
            "X": 0.3022140860557556,
            "Y": 0.2764419615268707
          },
          {
            "X": 0.3024984300136566,
            "Y": 0.3586776554584503
          },
          {
            "X": 0.160741925239563,
            "Y": 0.35874006152153015
          }
        ]
      },
      "Id": "6501145a-0005-4bfa-b51a-c0608235a831",
      "Relationships": [
        {
          "Type": "CHILD",
          "Ids": [
            "2696f4d8-c054-4ef6-8e98-ce734f1709b2"
          ]
        }
      ],
      "EntityTypes": [
        "COLUMN_HEADER"
      ],
      "Page": 1
    },
    {
      "BlockType": "CELL",
      "Confidence": 92.87109375,
      "RowIndex": 1,
      "ColumnIndex": 2,
      "RowSpan": 1,
      "ColumnSpan": 1,
      "Geometry": {
        "BoundingBox": {
          "Width": 0.1640262007713318,
          "Height": 0.08229432255029678,
          "Left": 0.3022140860557556,
          "Top": 0.27638334035873413
        },
        "Polygon": [
          {
            "X": 0.3022140860557556,
            "Y": 0.2764419615268707
          },
          {
            "X": 0.46588432788848877,
            "Y": 0.27638334035873413
          },
          {
            "X": 0.4662402868270874,
            "Y": 0.3586055338382721
          },
          {
            "X": 0.3024984300136566,
            "Y": 0.3586776554584503
          }
        ]
      },
      "Id": "508d83aa-10d6-4b9a-8e56-6a1817e7ab8c",
      "Relationships": [
        {
          "Type": "CHILD",
          "Ids": [
            "2db2a30d-60ce-4003-9785-2b8cdb6d153a",
            "0a9033d5-d359-4328-a481-9308b75dba1e",
            "053c9f6d-876c-4bbb-80b0-900b9371c1c8"
          ]
        }
      ],
      "EntityTypes": [
        "COLUMN_HEADER"
      ],
      "Page": 1
    },
    {
      "BlockType": "CELL",
      "Confidence": 92.626953125,
      "RowIndex": 1,
      "ColumnIndex": 3,
      "RowSpan": 1,
      "ColumnSpan": 1,
      "Geometry": {
        "BoundingBox": {
          "Width": 0.16248556971549988,
          "Height": 0.08228026330471039,
          "Left": 0.46588432788848877,
          "Top": 0.2763252854347229
        },
        "Polygon": [
          {
            "X": 0.46588432788848877,
            "Y": 0.27638334035873413
          },
          {
            "X": 0.6279430985450745,
            "Y": 0.2763252854347229
          },
          {
            "X": 0.628369927406311,
            "Y": 0.35853415727615356
          },
          {
            "X": 0.4662402868270874,
            "Y": 0.3586055338382721
          }
        ]
      },
      "Id": "6b24584b-95f1-4fa2-bd8d-68112972cc1f",
      "Relationships": [
        {
          "Type": "CHILD",
          "Ids": [
            "cf1758fb-abf0-40a0-ab8c-557ca4c6df0b",
            "8e7330ca-839f-45dc-9c97-54e7a946dd81",
            "e2d59287-3413-4277-8cc6-7ee0545e58cd"
          ]
        }
      ],
      "EntityTypes": [
        "COLUMN_HEADER"
      ],
      "Page": 1
    },
    {
      "BlockType": "CELL",
      "Confidence": 93.84765625,
      "RowIndex": 1,
      "ColumnIndex": 4,
      "RowSpan": 1,
      "ColumnSpan": 1,
      "Geometry": {
        "BoundingBox": {
          "Width": 0.21518556773662567,
          "Height": 0.08228576928377151,
          "Left": 0.6279430985450745,
          "Top": 0.27624836564064026
        },
        "Polygon": [
          {
            "X": 0.6279430985450745,
            "Y": 0.2763252854347229
          },
          {
            "X": 0.8426079750061035,
            "Y": 0.27624836564064026
          },
          {
            "X": 0.8431286215782166,
            "Y": 0.358439564704895
          },
          {
            "X": 0.628369927406311,
            "Y": 0.35853415727615356
          }
        ]
      },
      "Id": "ebcf10c0-2e1b-4eb5-8ad1-7704a620b7ff",
      "Relationships": [
        {
          "Type": "CHILD",
          "Ids": [
            "262de591-e063-4735-a77a-bd4140b7ce7b",
            "ca75fe2f-7ce6-4248-8133-785cd161949d",
            "54ca6c2f-58c4-40fa-b150-6da8ce6fcb17"
          ]
        }
      ],
      "EntityTypes": [
        "COLUMN_HEADER"
      ],
      "Page": 1
    },
    {
      "BlockType": "CELL",
      "Confidence": 86.9140625,
      "RowIndex": 2,
      "ColumnIndex": 1,
      "RowSpan": 1,
      "ColumnSpan": 1,
      "Geometry": {
        "BoundingBox": {
          "Width": 0.14203932881355286,
          "Height": 0.08186634629964828,
          "Left": 0.160741925239563,
          "Top": 0.3586776554584503
        },
        "Polygon": [
          {
            "X": 0.160741925239563,
            "Y": 0.35874006152153015
          },
          {
            "X": 0.3024984300136566,
            "Y": 0.3586776554584503
          },
          {
            "X": 0.30278125405311584,
            "Y": 0.4404699504375458
          },
          {
            "X": 0.16096307337284088,
            "Y": 0.4405440092086792
          }
        ]
      },
      "Id": "15ced297-e2a4-4381-a19c-eedf5728689e",
      "Relationships": [
        {
          "Type": "CHILD",
          "Ids": [
            "f179855a-382d-4813-8385-f7a7206a520f"
          ]
        }
      ],
      "Page": 1
    },
    {
      "BlockType": "CELL",
      "Confidence": 87.6953125,
      "RowIndex": 2,
      "ColumnIndex": 2,
      "RowSpan": 1,
      "ColumnSpan": 1,
      "Geometry": {
        "BoundingBox": {
          "Width": 0.16409587860107422,
          "Height": 0.08186441659927368,
          "Left": 0.3024984300136566,
          "Top": 0.3586055338382721
        },
        "Polygon": [
          {
            "X": 0.3024984300136566,
            "Y": 0.3586776554584503
          },
          {
            "X": 0.4662402868270874,
            "Y": 0.3586055338382721
          },
          {
            "X": 0.46659430861473083,
            "Y": 0.4403844475746155
          },
          {
            "X": 0.30278125405311584,
            "Y": 0.4404699504375458
          }
        ]
      },
      "Id": "d9daf6cb-2700-4c1b-8ab2-87fd422ec43c",
      "Relationships": [
        {
          "Type": "CHILD",
          "Ids": [
            "4c560e8e-5805-4a24-9282-874a156ff604"
          ]
        }
      ],
      "Page": 1
    },
    {
      "BlockType": "CELL",
      "Confidence": 87.5,
      "RowIndex": 2,
      "ColumnIndex": 3,
      "RowSpan": 1,
      "ColumnSpan": 1,
      "Geometry": {
        "BoundingBox": {
          "Width": 0.16255412995815277,
          "Height": 0.08185029029846191,
          "Left": 0.4662402868270874,
          "Top": 0.35853415727615356
        },
        "Polygon": [
          {
            "X": 0.4662402868270874,
            "Y": 0.3586055338382721
          },
          {
            "X": 0.628369927406311,
            "Y": 0.35853415727615356
          },
          {
            "X": 0.6287944316864014,
            "Y": 0.44029974937438965
          },
          {
            "X": 0.46659430861473083,
            "Y": 0.4403844475746155
          }
        ]
      },
      "Id": "baaa20e3-545e-4245-b223-87d9ac0e8044",
      "Relationships": [
        {
          "Type": "CHILD",
          "Ids": [
            "f563f60a-1217-4137-8fa9-36a793009b2c"
          ]
        }
      ],
      "Page": 1
    },
    {
      "BlockType": "CELL",
      "Confidence": 88.671875,
      "RowIndex": 2,
      "ColumnIndex": 4,
      "RowSpan": 1,
      "ColumnSpan": 1,
      "Geometry": {
        "BoundingBox": {
          "Width": 0.21527661383152008,
          "Height": 0.08186018466949463,
          "Left": 0.628369927406311,
          "Top": 0.358439564704895
        },
        "Polygon": [
          {
            "X": 0.628369927406311,
            "Y": 0.35853415727615356
          },
          {
            "X": 0.8431286215782166,
            "Y": 0.358439564704895
          },
          {
            "X": 0.8436465263366699,
            "Y": 0.44018760323524475
          },
          {
            "X": 0.6287944316864014,
            "Y": 0.44029974937438965
          }
        ]
      },
      "Id": "60021f62-37bb-46ce-8edb-e1dd28b80911",
      "Relationships": [
        {
          "Type": "CHILD",
          "Ids": [
            "db0b007e-e81b-4bae-9d3f-b035adc218bc"
          ]
        }
      ],
      "Page": 1
    },
    {
      "BlockType": "CELL",
      "Confidence": 87.353515625,
      "RowIndex": 3,
      "ColumnIndex": 1,
      "RowSpan": 1,
      "ColumnSpan": 1,
      "Geometry": {
        "BoundingBox": {
          "Width": 0.1421106904745102,
          "Height": 0.08467961847782135,
          "Left": 0.16096307337284088,
          "Top": 0.4404699504375458
        },
        "Polygon": [
          {
            "X": 0.16096307337284088,
            "Y": 0.4405440092086792
          },
          {
            "X": 0.30278125405311584,
            "Y": 0.4404699504375458
          },
          {
            "X": 0.3030737638473511,
            "Y": 0.5250635147094727
          },
          {
            "X": 0.16119179129600525,
            "Y": 0.5251495838165283
          }
        ]
      },
      "Id": "f1406894-c72f-4d84-b62d-babcaccf777d",
      "Relationships": [
        {
          "Type": "CHILD",
          "Ids": [
            "c21a40c7-6923-4053-a63f-0cf662274968"
          ]
        }
      ],
      "Page": 1
    },
    {
      "BlockType": "CELL",
      "Confidence": 88.18359375,
      "RowIndex": 3,
      "ColumnIndex": 2,
      "RowSpan": 1,
      "ColumnSpan": 1,
      "Geometry": {
        "BoundingBox": {
          "Width": 0.1641792207956314,
          "Height": 0.08467907458543777,
          "Left": 0.30278125405311584,
          "Top": 0.4403844475746155
        },
        "Polygon": [
          {
            "X": 0.30278125405311584,
            "Y": 0.4404699504375458
          },
          {
            "X": 0.46659430861473083,
            "Y": 0.4403844475746155
          },
          {
            "X": 0.46696045994758606,
            "Y": 0.5249640941619873
          },
          {
            "X": 0.3030737638473511,
            "Y": 0.5250635147094727
          }
        ]
      },
      "Id": "414d8dfb-d1de-4853-87f4-7f4a73bb6bbe",
      "Relationships": [
        {
          "Type": "CHILD",
          "Ids": [
            "3806f31c-0cb3-4b9b-b6e8-1aad5e8ef14c"
          ]
        }
      ],
      "Page": 1
    },
    {
      "BlockType": "CELL",
      "Confidence": 87.939453125,
      "RowIndex": 3,
      "ColumnIndex": 3,
      "RowSpan": 1,
      "ColumnSpan": 1,
      "Geometry": {
        "BoundingBox": {
          "Width": 0.16263917088508606,
          "Height": 0.08466435223817825,
          "Left": 0.46659430861473083,
          "Top": 0.44029974937438965
        },
        "Polygon": [
          {
            "X": 0.46659430861473083,
            "Y": 0.4403844475746155
          },
          {
            "X": 0.6287944316864014,
            "Y": 0.44029974937438965
          },
          {
            "X": 0.6292334794998169,
            "Y": 0.5248656868934631
          },
          {
            "X": 0.46696045994758606,
            "Y": 0.5249640941619873
          }
        ]
      },
      "Id": "fce90b63-d5f0-44b2-8314-b53f91fb95b8",
      "Relationships": [
        {
          "Type": "CHILD",
          "Ids": [
            "2e094eaf-f7f2-43f2-af3b-c674c3173c15"
          ]
        }
      ],
      "Page": 1
    },
    {
      "BlockType": "CELL",
      "Confidence": 89.111328125,
      "RowIndex": 3,
      "ColumnIndex": 4,
      "RowSpan": 1,
      "ColumnSpan": 1,
      "Geometry": {
        "BoundingBox": {
          "Width": 0.21538768708705902,
          "Height": 0.08467808365821838,
          "Left": 0.6287944316864014,
          "Top": 0.44018760323524475
        },
        "Polygon": [
          {
            "X": 0.6287944316864014,
            "Y": 0.44029974937438965
          },
          {
            "X": 0.8436465263366699,
            "Y": 0.44018760323524475
          },
          {
            "X": 0.8441821336746216,
            "Y": 0.5247352719306946
          },
          {
            "X": 0.6292334794998169,
            "Y": 0.5248656868934631
          }
        ]
      },
      "Id": "b786199d-dd23-43a4-a3bb-479b522ccfe4",
      "Relationships": [
        {
          "Type": "CHILD",
          "Ids": [
            "d18e257c-6c6c-4fff-a5ec-6679d96e0298"
          ]
        }
      ],
      "Page": 1
    },
    {
      "BlockType": "CELL",
      "Confidence": 87.255859375,
      "RowIndex": 4,
      "ColumnIndex": 1,
      "RowSpan": 1,
      "ColumnSpan": 1,
      "Geometry": {
        "BoundingBox": {
          "Width": 0.14211489260196686,
          "Height": 0.0674610510468483,
          "Left": 0.16119179129600525,
          "Top": 0.5250635147094727
        },
        "Polygon": [
          {
            "X": 0.16119179129600525,
            "Y": 0.5251495838165283
          },
          {
            "X": 0.3030737638473511,
            "Y": 0.5250635147094727
          },
          {
            "X": 0.3033066987991333,
            "Y": 0.5924289226531982
          },
          {
            "X": 0.16137392818927765,
            "Y": 0.5925245881080627
          }
        ]
      },
      "Id": "6c56c152-cde2-471a-a6f5-ab16d5cf2f1d",
      "Relationships": [
        {
          "Type": "CHILD",
          "Ids": [
            "fc84559f-8a1e-4874-8929-6e41a1a962fb"
          ]
        }
      ],
      "Page": 1
    },
    {
      "BlockType": "CELL",
      "Confidence": 88.0859375,
      "RowIndex": 4,
      "ColumnIndex": 2,
      "RowSpan": 1,
      "ColumnSpan": 1,
      "Geometry": {
        "BoundingBox": {
          "Width": 0.16417831182479858,
          "Height": 0.06746482104063034,
          "Left": 0.3030737638473511,
          "Top": 0.5249640941619873
        },
        "Polygon": [
          {
            "X": 0.3030737638473511,
            "Y": 0.5250635147094727
          },
          {
            "X": 0.46696045994758606,
            "Y": 0.5249640941619873
          },
          {
            "X": 0.46725204586982727,
            "Y": 0.5923184752464294
          },
          {
            "X": 0.3033066987991333,
            "Y": 0.5924289226531982
          }
        ]
      },
      "Id": "e7910655-a1b7-4fa9-8e0c-ccd11bc270f2",
      "Relationships": [
        {
          "Type": "CHILD",
          "Ids": [
            "eb9f637c-dd62-428f-8238-de589136fa92"
          ]
        }
      ],
      "Page": 1
    },
    {
      "BlockType": "CELL",
      "Confidence": 87.841796875,
      "RowIndex": 4,
      "ColumnIndex": 3,
      "RowSpan": 1,
      "ColumnSpan": 1,
      "Geometry": {
        "BoundingBox": {
          "Width": 0.16262264549732208,
          "Height": 0.06745277345180511,
          "Left": 0.46696045994758606,
          "Top": 0.5248656868934631
        },
        "Polygon": [
          {
            "X": 0.46696045994758606,
            "Y": 0.5249640941619873
          },
          {
            "X": 0.6292334794998169,
            "Y": 0.5248656868934631
          },
          {
            "X": 0.6295831203460693,
            "Y": 0.5922090411186218
          },
          {
            "X": 0.46725204586982727,
            "Y": 0.5923184752464294
          }
        ]
      },
      "Id": "04e9877f-812f-4c0a-b087-e5097a17235a",
      "Relationships": [
        {
          "Type": "CHILD",
          "Ids": [
            "6fa95a80-f602-463d-bd66-a35232095cd0"
          ]
        }
      ],
      "Page": 1
    },
    {
      "BlockType": "CELL",
      "Confidence": 89.013671875,
      "RowIndex": 4,
      "ColumnIndex": 4,
      "RowSpan": 1,
      "ColumnSpan": 1,
      "Geometry": {
        "BoundingBox": {
          "Width": 0.2153751403093338,
          "Height": 0.06747376918792725,
          "Left": 0.6292334794998169,
          "Top": 0.5247352719306946
        },
        "Polygon": [
          {
            "X": 0.6292334794998169,
            "Y": 0.5248656868934631
          },
          {
            "X": 0.8441821336746216,
            "Y": 0.5247352719306946
          },
          {
            "X": 0.8446086049079895,
            "Y": 0.5920641422271729
          },
          {
            "X": 0.6295831203460693,
            "Y": 0.5922090411186218
          }
        ]
      },
      "Id": "2f3ede30-885d-43c6-a30a-0ff860cdb0be",
      "Relationships": [
        {
          "Type": "CHILD",
          "Ids": [
            "ad31f0ba-d254-472b-a997-7763d95ba5bb"
          ]
        }
      ],
      "Page": 1
    },
    {
      "BlockType": "CELL",
      "Confidence": 86.62109375,
      "RowIndex": 5,
      "ColumnIndex": 1,
      "RowSpan": 1,
      "ColumnSpan": 1,
      "Geometry": {
        "BoundingBox": {
          "Width": 0.14219513535499573,
          "Height": 0.0759887620806694,
          "Left": 0.16137392818927765,
          "Top": 0.5924289226531982
        },
        "Polygon": [
          {
            "X": 0.16137392818927765,
            "Y": 0.5925245881080627
          },
          {
            "X": 0.3033066987991333,
            "Y": 0.5924289226531982
          },
          {
            "X": 0.30356907844543457,
            "Y": 0.6683112382888794
          },
          {
            "X": 0.16157908737659454,
            "Y": 0.6684176921844482
          }
        ]
      },
      "Id": "16b139e1-8826-4ab0-9a6a-f6e98dda05e1",
      "Relationships": [
        {
          "Type": "CHILD",
          "Ids": [
            "46cb27ce-e5a4-441e-8763-6bd11020f267"
          ]
        }
      ],
      "Page": 1
    },
    {
      "BlockType": "CELL",
      "Confidence": 87.451171875,
      "RowIndex": 5,
      "ColumnIndex": 2,
      "RowSpan": 1,
      "ColumnSpan": 1,
      "Geometry": {
        "BoundingBox": {
          "Width": 0.16427382826805115,
          "Height": 0.07599279284477234,
          "Left": 0.3033066987991333,
          "Top": 0.5923184752464294
        },
        "Polygon": [
          {
            "X": 0.3033066987991333,
            "Y": 0.5924289226531982
          },
          {
            "X": 0.46725204586982727,
            "Y": 0.5923184752464294
          },
          {
            "X": 0.46758049726486206,
            "Y": 0.6681882739067078
          },
          {
            "X": 0.30356907844543457,
            "Y": 0.6683112382888794
          }
        ]
      },
      "Id": "8310e9cc-d3fe-4b90-a006-a5a43a10cd50",
      "Relationships": [
        {
          "Type": "CHILD",
          "Ids": [
            "e2c54c78-496a-4008-a66d-f14a31f47c45"
          ]
        }
      ],
      "Page": 1
    },
    {
      "BlockType": "CELL",
      "Confidence": 87.20703125,
      "RowIndex": 5,
      "ColumnIndex": 3,
      "RowSpan": 1,
      "ColumnSpan": 1,
      "Geometry": {
        "BoundingBox": {
          "Width": 0.16272491216659546,
          "Height": 0.07597922533750534,
          "Left": 0.46725204586982727,
          "Top": 0.5922090411186218
        },
        "Polygon": [
          {
            "X": 0.46725204586982727,
            "Y": 0.5923184752464294
          },
          {
            "X": 0.6295831203460693,
            "Y": 0.5922090411186218
          },
          {
            "X": 0.6299769878387451,
            "Y": 0.6680665612220764
          },
          {
            "X": 0.46758049726486206,
            "Y": 0.6681882739067078
          }
        ]
      },
      "Id": "37ac1313-4376-4f5e-95c9-dade5af6dde6",
      "Relationships": [
        {
          "Type": "CHILD",
          "Ids": [
            "3712a1c8-d743-46a8-9a3a-1fb5310c8d5a"
          ]
        }
      ],
      "Page": 1
    },
    {
      "BlockType": "CELL",
      "Confidence": 88.37890625,
      "RowIndex": 5,
      "ColumnIndex": 4,
      "RowSpan": 1,
      "ColumnSpan": 1,
      "Geometry": {
        "BoundingBox": {
          "Width": 0.2155059278011322,
          "Height": 0.07600238174200058,
          "Left": 0.6295831203460693,
          "Top": 0.5920641422271729
        },
        "Polygon": [
          {
            "X": 0.6295831203460693,
            "Y": 0.5922090411186218
          },
          {
            "X": 0.8446086049079895,
            "Y": 0.5920641422271729
          },
          {
            "X": 0.8450890779495239,
            "Y": 0.6679052710533142
          },
          {
            "X": 0.6299769878387451,
            "Y": 0.6680665612220764
          }
        ]
      },
      "Id": "3fa7c87a-c9d5-4bf8-a0da-9e9ebd53a172",
      "Relationships": [
        {
          "Type": "CHILD",
          "Ids": [
            "14176570-004d-494a-90f2-fefef1a3b017"
          ]
        }
      ],
      "Page": 1
    }
  ],
  "AnalyzeDocumentModelVersion": "1.0"
}