"'Type of resin cement","'Brand","'Chemical composition","'Manufacturer","'Batch number",
"'Self adhesive resin cement (CSA)","'Clearfil SA cement","'Paste A: 10-MDP, bis-GMA, TEGMA, hydrophobic aromatic dimethacrylate, silanated barium glass filler, silanated colloidal silica, di-camphorquinone, benzoyl peroxide, Initiator Paste B: bis-GMA, hydrophobic aromatic dimethacrylate, Hydrophobic aliphatic dimethacrylate, silanated barium glass filler, silanated colloidal silica, surface treated sodium fluoride, accelerators, pigments","'Kuraray, Osaka, Japan","'009ADA",
"'Conventional resin cement (PAN)","'Panavia F2.0","'ED Primer 2.0 A: HEMA, 10-MDP, 5-NMSA, water, accelerator ED Primer 2.0 B: 5-NMSA, water, accelerator, sodium benzene sulfinate Paste A: 10-MDP, hydrophobic aromatic dimethacrylate, hydropholic aliphatic dimethacrylate, hyrdophilic dimetacrilate, silanated silica, photoinitiator, benzoyl peroxide Paste B: Hydrophobic aromatic dimethacrylate, hydropholic aliphatic dimethacrylate, hyrdophilic dimetacrylate, sodium aromatic sulfinate, accelerator, sodium fluoride, silanated barium glass","'Kuraray","'041320 Paste A: 00095A Paste B: 00498A ED Primer A:00301A ED Primer B: 00175",
,,,,

'Confidence Scores % (Table Cell)
"'93.06640625","'80.32226563","'93.84765625","'77.68554688","'79.34570313",
"'63.18359375","'54.54101563","'63.72070313","'52.73437500","'53.85742188",
"'48.21777344","'41.62597656","'48.63281250","'40.28320313","'41.11328125",
