{
  "DocumentMetadata": {
    "Pages": 1
  },
  "JobStatus": "SUCCEEDED",
  "Blocks": [
    {
      "BlockType": "PAGE",
      "Geometry": {
        "BoundingBox": {
          "Width": 1,
          "Height": 1,
          "Left": 0,
          "Top": 0
        },
        "Polygon": [
          {
            "X": 0,
            "Y": 0
          },
          {
            "X": 1,
            "Y": 3.358650815243891e-7
          },
          {
            "X": 1,
            "Y": 1
          },
          {
            "X": 0.000039630183891858906,
            "Y": 1
          }
        ]
      },
      "Id": "d39aef47-39c4-4f0b-b04f-52d7ebfb37dd",
      "Relationships": [
        {
          "Type": "CHILD",
          "Ids": [
            "c38d6e78-67f3-4edf-89f4-d5d9ea98d3ba",
            "1eb042f2-e3d7-41d1-a1ff-5ffd9bcffb6e",
            "fbecc55a-caef-48c1-aedc-1f37126dd26c",
            "f343f0bb-3abb-479f-a8ac-e8ea61b50026",
            "ecca90b9-4bf2-42d6-a67e-9629860cbf3a",
            "ebe7b34d-5ecd-402e-b2c0-862dab8224dc",
            "ff7b0c3d-9c86-48a7-bef9-36bcf42f01c7",
            "9930f079-41cb-46ab-a944-17cc99443bf2",
            "14731ff2-93a4-4d73-81c9-e099ecf96aa9",
            "c725d410-8574-4fa1-ad17-e8c9af5eab06",
            "a4257b61-1263-480f-b1a7-cc7204fe53e6",
            "66345261-124a-4e36-b183-5f61bd572b61",
            "7f897f2d-b9a2-486a-9d74-87929dc66245",
            "d1f7e914-7127-4415-a32a-24d76fd48f47",
            "8b154f63-2ac4-4960-9cf7-94af0eae926a",
            "f7cac113-2b55-483b-b357-b9a1e4b82c4d",
            "27156162-cadf-4924-871c-82a93cefaa5e",
            "bc90ef42-3ca2-4043-ab1f-6fdd29d4b800",
            "6c1fe05c-cdf0-49f3-a530-0b00ddfc1877"
          ]
        }
      ],
      "Page": 1
    },
    {
      "BlockType": "LINE",
      "Confidence": 99.91167449951172,
      "Text": "Sample",
      "Geometry": {
        "BoundingBox": {
          "Width": 0.0440615676343441,
          "Height": 0.023348798975348473,
          "Left": 0.2450130581855774,
          "Top": 0.40494635701179504
        },
        "Polygon": [
          {
            "X": 0.2450130581855774,
            "Y": 0.4050166606903076
          },
          {
            "X": 0.2889275848865509,
            "Y": 0.40494635701179504
          },
          {
            "X": 0.2890746295452118,
            "Y": 0.4282199740409851
          },
          {
            "X": 0.24516206979751587,
            "Y": 0.42829516530036926
          }
        ]
      },
      "Id": "c38d6e78-67f3-4edf-89f4-d5d9ea98d3ba",
      "Relationships": [
        {
          "Type": "CHILD",
          "Ids": [
            "258968fd-ce67-41bb-9432-2d8fa1c7ec89"
          ]
        }
      ],
      "Page": 1
    },
    {
      "BlockType": "LINE",
      "Confidence": 81.00603485107422,
      "Text": "Tin (C)",
      "Geometry": {
        "BoundingBox": {
          "Width": 0.04582081362605095,
          "Height": 0.02203897014260292,
          "Left": 0.5068677663803101,
          "Top": 0.4050576388835907
        },
        "Polygon": [
          {
            "X": 0.5068677663803101,
            "Y": 0.40513089299201965
          },
          {
            "X": 0.5525607466697693,
            "Y": 0.4050576388835907
          },
          {
            "X": 0.5526885390281677,
            "Y": 0.42701855301856995
          },
          {
            "X": 0.5069974660873413,
            "Y": 0.4270966053009033
          }
        ]
      },
      "Id": "1eb042f2-e3d7-41d1-a1ff-5ffd9bcffb6e",
      "Relationships": [
        {
          "Type": "CHILD",
          "Ids": [
            "07582de8-02b0-43cb-b97b-929d133b78e9",
            "0f1302a5-4205-4fb7-a875-84a48bc7ab96"
          ]
        }
      ],
      "Page": 1
    },
    {
      "BlockType": "LINE",
      "Confidence": 86.14433288574219,
      "Text": "Tmax (C)",
      "Geometry": {
        "BoundingBox": {
          "Width": 0.056267548352479935,
          "Height": 0.02174699306488037,
          "Left": 0.6964929699897766,
          "Top": 0.405316025018692
        },
        "Polygon": [
          {
            "X": 0.6964929699897766,
            "Y": 0.4054062068462372
          },
          {
            "X": 0.7526426911354065,
            "Y": 0.405316025018692
          },
          {
            "X": 0.7527605295181274,
            "Y": 0.4269670248031616
          },
          {
            "X": 0.6966131329536438,
            "Y": 0.4270630180835724
          }
        ]
      },
      "Id": "fbecc55a-caef-48c1-aedc-1f37126dd26c",
      "Relationships": [
        {
          "Type": "CHILD",
          "Ids": [
            "f558f8e8-8ce9-4033-a12d-ceda374bd306",
            "3b6edb6f-0d79-4f55-859c-f109777d103d"
          ]
        }
      ],
      "Page": 1
    },
    {
      "BlockType": "LINE",
      "Confidence": 94.84298706054688,
      "Text": "TPU-0",
      "Geometry": {
        "BoundingBox": {
          "Width": 0.03831171244382858,
          "Height": 0.01707625761628151,
          "Left": 0.24450039863586426,
          "Top": 0.4528729021549225
        },
        "Polygon": [
          {
            "X": 0.24450039863586426,
            "Y": 0.452942818403244
          },
          {
            "X": 0.2827044725418091,
            "Y": 0.4528729021549225
          },
          {
            "X": 0.28281211853027344,
            "Y": 0.46987614035606384
          },
          {
            "X": 0.2446092814207077,
            "Y": 0.4699491560459137
          }
        ]
      },
      "Id": "f343f0bb-3abb-479f-a8ac-e8ea61b50026",
      "Relationships": [
        {
          "Type": "CHILD",
          "Ids": [
            "d032b499-b477-41c6-a102-553b15162093"
          ]
        }
      ],
      "Page": 1
    },
    {
      "BlockType": "LINE",
      "Confidence": 98.32537078857422,
      "Text": "306.2",
      "Geometry": {
        "BoundingBox": {
          "Width": 0.03405805677175522,
          "Height": 0.017777428030967712,
          "Left": 0.5078762769699097,
          "Top": 0.4525222182273865
        },
        "Polygon": [
          {
            "X": 0.5078762769699097,
            "Y": 0.4525843560695648
          },
          {
            "X": 0.5418308973312378,
            "Y": 0.4525222182273865
          },
          {
            "X": 0.5419343709945679,
            "Y": 0.47023460268974304
          },
          {
            "X": 0.5079808831214905,
            "Y": 0.470299631357193
          }
        ]
      },
      "Id": "ecca90b9-4bf2-42d6-a67e-9629860cbf3a",
      "Relationships": [
        {
          "Type": "CHILD",
          "Ids": [
            "01088972-6c28-41eb-98a4-33a9daf90410"
          ]
        }
      ],
      "Page": 1
    },
    {
      "BlockType": "LINE",
      "Confidence": 65.03485870361328,
      "Text": "407.5",
      "Geometry": {
        "BoundingBox": {
          "Width": 0.034137122333049774,
          "Height": 0.017807936295866966,
          "Left": 0.6976094841957092,
          "Top": 0.45257607102394104
        },
        "Polygon": [
          {
            "X": 0.6976094841957092,
            "Y": 0.4526384174823761
          },
          {
            "X": 0.7316493391990662,
            "Y": 0.45257607102394104
          },
          {
            "X": 0.7317466139793396,
            "Y": 0.4703187346458435
          },
          {
            "X": 0.6977078914642334,
            "Y": 0.47038400173187256
          }
        ]
      },
      "Id": "ebe7b34d-5ecd-402e-b2c0-862dab8224dc",
      "Relationships": [
        {
          "Type": "CHILD",
          "Ids": [
            "371ddc91-be68-4503-b778-870783482972"
          ]
        }
      ],
      "Page": 1
    },
    {
      "BlockType": "LINE",
      "Confidence": 99.44418334960938,
      "Text": "TPU/GO 0.10",
      "Geometry": {
        "BoundingBox": {
          "Width": 0.08283712714910507,
          "Height": 0.020044993609189987,
          "Left": 0.2445947378873825,
          "Top": 0.48322704434394836
        },
        "Polygon": [
          {
            "X": 0.2445947378873825,
            "Y": 0.4833904504776001
          },
          {
            "X": 0.32730770111083984,
            "Y": 0.48322704434394836
          },
          {
            "X": 0.327431857585907,
            "Y": 0.5031007528305054
          },
          {
            "X": 0.24472203850746155,
            "Y": 0.5032720565795898
          }
        ]
      },
      "Id": "ff7b0c3d-9c86-48a7-bef9-36bcf42f01c7",
      "Relationships": [
        {
          "Type": "CHILD",
          "Ids": [
            "56523e52-b8b4-4457-ad09-15ae6b4bca80",
            "d36043eb-a165-46cf-bae1-94ccd0e61538"
          ]
        }
      ],
      "Page": 1
    },
    {
      "BlockType": "LINE",
      "Confidence": 99.03196716308594,
      "Text": "312.0",
      "Geometry": {
        "BoundingBox": {
          "Width": 0.03395684435963631,
          "Height": 0.017488699406385422,
          "Left": 0.5078702569007874,
          "Top": 0.48388880491256714
        },
        "Polygon": [
          {
            "X": 0.5078702569007874,
            "Y": 0.48395586013793945
          },
          {
            "X": 0.5417253375053406,
            "Y": 0.48388880491256714
          },
          {
            "X": 0.5418271422386169,
            "Y": 0.5013076066970825
          },
          {
            "X": 0.5079731345176697,
            "Y": 0.501377522945404
          }
        ]
      },
      "Id": "9930f079-41cb-46ab-a944-17cc99443bf2",
      "Relationships": [
        {
          "Type": "CHILD",
          "Ids": [
            "aaeba589-75dc-44a8-a005-34639b709721"
          ]
        }
      ],
      "Page": 1
    },
    {
      "BlockType": "LINE",
      "Confidence": 81.45320129394531,
      "Text": "414.0",
      "Geometry": {
        "BoundingBox": {
          "Width": 0.034573063254356384,
          "Height": 0.017746813595294952,
          "Left": 0.6974854469299316,
          "Top": 0.4836764335632324
        },
        "Polygon": [
          {
            "X": 0.6974854469299316,
            "Y": 0.4837447702884674
          },
          {
            "X": 0.7319616079330444,
            "Y": 0.4836764335632324
          },
          {
            "X": 0.7320585250854492,
            "Y": 0.5013520121574402
          },
          {
            "X": 0.6975834965705872,
            "Y": 0.5014232397079468
          }
        ]
      },
      "Id": "14731ff2-93a4-4d73-81c9-e099ecf96aa9",
      "Relationships": [
        {
          "Type": "CHILD",
          "Ids": [
            "f4dca9b0-318a-46d5-a8e0-476b68fb98e2"
          ]
        }
      ],
      "Page": 1
    },
    {
      "BlockType": "LINE",
      "Confidence": 99.661376953125,
      "Text": "TPU/GO-PPD 0.10",
      "Geometry": {
        "BoundingBox": {
          "Width": 0.11233967542648315,
          "Height": 0.019882410764694214,
          "Left": 0.2444256842136383,
          "Top": 0.5143595337867737
        },
        "Polygon": [
          {
            "X": 0.2444256842136383,
            "Y": 0.5145979523658752
          },
          {
            "X": 0.35664379596710205,
            "Y": 0.5143595337867737
          },
          {
            "X": 0.35676535964012146,
            "Y": 0.5339929461479187
          },
          {
            "X": 0.24455147981643677,
            "Y": 0.5342419147491455
          }
        ]
      },
      "Id": "c725d410-8574-4fa1-ad17-e8c9af5eab06",
      "Relationships": [
        {
          "Type": "CHILD",
          "Ids": [
            "7c0d398f-1364-48cb-b3f1-8c0f2f651318",
            "53fb769f-50a5-4227-8eed-8b9717955421"
          ]
        }
      ],
      "Page": 1
    },
    {
      "BlockType": "LINE",
      "Confidence": 99.94876098632812,
      "Text": "313.5",
      "Geometry": {
        "BoundingBox": {
          "Width": 0.035441480576992035,
          "Height": 0.01860024780035019,
          "Left": 0.5069483518600464,
          "Top": 0.5152271389961243
        },
        "Polygon": [
          {
            "X": 0.5069483518600464,
            "Y": 0.5153024196624756
          },
          {
            "X": 0.5422816276550293,
            "Y": 0.5152271389961243
          },
          {
            "X": 0.5423898100852966,
            "Y": 0.533748984336853
          },
          {
            "X": 0.507057785987854,
            "Y": 0.5338273644447327
          }
        ]
      },
      "Id": "a4257b61-1263-480f-b1a7-cc7204fe53e6",
      "Relationships": [
        {
          "Type": "CHILD",
          "Ids": [
            "e8bb5c51-d68b-48d5-ad85-01546848b2f6"
          ]
        }
      ],
      "Page": 1
    },
    {
      "BlockType": "LINE",
      "Confidence": 99.16624450683594,
      "Text": "421.0",
      "Geometry": {
        "BoundingBox": {
          "Width": 0.0343535840511322,
          "Height": 0.017613736912608147,
          "Left": 0.6976113319396973,
          "Top": 0.5148953199386597
        },
        "Polygon": [
          {
            "X": 0.6976113319396973,
            "Y": 0.5149683356285095
          },
          {
            "X": 0.7318687438964844,
            "Y": 0.5148953199386597
          },
          {
            "X": 0.7319648861885071,
            "Y": 0.5324332118034363
          },
          {
            "X": 0.6977086067199707,
            "Y": 0.5325090885162354
          }
        ]
      },
      "Id": "66345261-124a-4e36-b183-5f61bd572b61",
      "Relationships": [
        {
          "Type": "CHILD",
          "Ids": [
            "890f15f7-3b68-41e1-a66a-3bb570925a09"
          ]
        }
      ],
      "Page": 1
    },
    {
      "BlockType": "LINE",
      "Confidence": 99.68031311035156,
      "Text": "TPU/GO-HMD 0.10",
      "Geometry": {
        "BoundingBox": {
          "Width": 0.11868657916784286,
          "Height": 0.019878622144460678,
          "Left": 0.24419622123241425,
          "Top": 0.5455028414726257
        },
        "Polygon": [
          {
            "X": 0.24419622123241425,
            "Y": 0.5457724928855896
          },
          {
            "X": 0.3627616763114929,
            "Y": 0.5455028414726257
          },
          {
            "X": 0.3628827929496765,
            "Y": 0.5651007294654846
          },
          {
            "X": 0.244321808218956,
            "Y": 0.5653814673423767
          }
        ]
      },
      "Id": "7f897f2d-b9a2-486a-9d74-87929dc66245",
      "Relationships": [
        {
          "Type": "CHILD",
          "Ids": [
            "371a347b-5826-4887-b6d1-838c35c7facc",
            "d007dff7-7e28-4054-bfc8-08784fe3a54f"
          ]
        }
      ],
      "Page": 1
    },
    {
      "BlockType": "LINE",
      "Confidence": 94.24018096923828,
      "Text": "313.0",
      "Geometry": {
        "BoundingBox": {
          "Width": 0.03362018242478371,
          "Height": 0.01737028919160366,
          "Left": 0.508010983467102,
          "Top": 0.5463002324104309
        },
        "Polygon": [
          {
            "X": 0.508010983467102,
            "Y": 0.546376645565033
          },
          {
            "X": 0.5415301322937012,
            "Y": 0.5463002324104309
          },
          {
            "X": 0.5416311621665955,
            "Y": 0.5635913014411926
          },
          {
            "X": 0.5081130862236023,
            "Y": 0.5636705160140991
          }
        ]
      },
      "Id": "d1f7e914-7127-4415-a32a-24d76fd48f47",
      "Relationships": [
        {
          "Type": "CHILD",
          "Ids": [
            "0312508d-bc73-4809-b33c-69d3508801ec"
          ]
        }
      ],
      "Page": 1
    },
    {
      "BlockType": "LINE",
      "Confidence": 97.71949768066406,
      "Text": "418.0",
      "Geometry": {
        "BoundingBox": {
          "Width": 0.03408795967698097,
          "Height": 0.017645956948399544,
          "Left": 0.6977272033691406,
          "Top": 0.5461198091506958
        },
        "Polygon": [
          {
            "X": 0.6977272033691406,
            "Y": 0.5461972951889038
          },
          {
            "X": 0.7317188382148743,
            "Y": 0.5461198091506958
          },
          {
            "X": 0.7318151593208313,
            "Y": 0.5636853575706482
          },
          {
            "X": 0.6978246569633484,
            "Y": 0.5637657642364502
          }
        ]
      },
      "Id": "8b154f63-2ac4-4960-9cf7-94af0eae926a",
      "Relationships": [
        {
          "Type": "CHILD",
          "Ids": [
            "17268168-682e-4b4c-b983-b0c6cf8817ec"
          ]
        }
      ],
      "Page": 1
    },
    {
      "BlockType": "LINE",
      "Confidence": 98.88369750976562,
      "Text": "TPU/GO-NH3 0.10",
      "Geometry": {
        "BoundingBox": {
          "Width": 0.1127236932516098,
          "Height": 0.02217063121497631,
          "Left": 0.24428752064704895,
          "Top": 0.5768523216247559
        },
        "Polygon": [
          {
            "X": 0.24428752064704895,
            "Y": 0.5771252512931824
          },
          {
            "X": 0.3568756878376007,
            "Y": 0.5768523216247559
          },
          {
            "X": 0.35701122879981995,
            "Y": 0.5987382531166077
          },
          {
            "X": 0.24442777037620544,
            "Y": 0.5990229845046997
          }
        ]
      },
      "Id": "f7cac113-2b55-483b-b357-b9a1e4b82c4d",
      "Relationships": [
        {
          "Type": "CHILD",
          "Ids": [
            "fd551833-66a1-4793-b563-51fc34c98f91",
            "097a95d8-12f1-4a08-a443-a242682998f4"
          ]
        }
      ],
      "Page": 1
    },
    {
      "BlockType": "LINE",
      "Confidence": 96.34159851074219,
      "Text": "318.6",
      "Geometry": {
        "BoundingBox": {
          "Width": 0.0336909145116806,
          "Height": 0.017542337998747826,
          "Left": 0.5078550577163696,
          "Top": 0.5773544311523438
        },
        "Polygon": [
          {
            "X": 0.5078550577163696,
            "Y": 0.5774359703063965
          },
          {
            "X": 0.541443943977356,
            "Y": 0.5773544311523438
          },
          {
            "X": 0.5415459871292114,
            "Y": 0.5948123931884766
          },
          {
            "X": 0.507958173751831,
            "Y": 0.5948967933654785
          }
        ]
      },
      "Id": "27156162-cadf-4924-871c-82a93cefaa5e",
      "Relationships": [
        {
          "Type": "CHILD",
          "Ids": [
            "cfe759b1-17d7-4ffb-8ce2-f07db5c1992f"
          ]
        }
      ],
      "Page": 1
    },
    {
      "BlockType": "LINE",
      "Confidence": 80.12615966796875,
      "Text": "419.0",
      "Geometry": {
        "BoundingBox": {
          "Width": 0.034057702869176865,
          "Height": 0.01754150167107582,
          "Left": 0.6977348327636719,
          "Top": 0.5772464275360107
        },
        "Polygon": [
          {
            "X": 0.6977348327636719,
            "Y": 0.5773289799690247
          },
          {
            "X": 0.7316968441009521,
            "Y": 0.5772464275360107
          },
          {
            "X": 0.7317925691604614,
            "Y": 0.5947025418281555
          },
          {
            "X": 0.6978316903114319,
            "Y": 0.5947879552841187
          }
        ]
      },
      "Id": "bc90ef42-3ca2-4043-ab1f-6fdd29d4b800",
      "Relationships": [
        {
          "Type": "CHILD",
          "Ids": [
            "ebe0ca33-0a61-4a8c-b25c-068bf684a069"
          ]
        }
      ],
      "Page": 1
    },
    {
      "BlockType": "WORD",
      "Confidence": 99.91167449951172,
      "Text": "Sample",
      "TextType": "PRINTED",
      "Geometry": {
        "BoundingBox": {
          "Width": 0.0440615676343441,
          "Height": 0.023348798975348473,
          "Left": 0.2450130581855774,
          "Top": 0.40494635701179504
        },
        "Polygon": [
          {
            "X": 0.2450130581855774,
            "Y": 0.4050166606903076
          },
          {
            "X": 0.2889275848865509,
            "Y": 0.40494635701179504
          },
          {
            "X": 0.2890746295452118,
            "Y": 0.4282199740409851
          },
          {
            "X": 0.24516206979751587,
            "Y": 0.42829516530036926
          }
        ]
      },
      "Id": "258968fd-ce67-41bb-9432-2d8fa1c7ec89",
      "Page": 1
    },
    {
      "BlockType": "WORD",
      "Confidence": 99.56622314453125,
      "Text": "Tin",
      "TextType": "PRINTED",
      "Geometry": {
        "BoundingBox": {
          "Width": 0.0181141160428524,
          "Height": 0.02079070545732975,
          "Left": 0.5068748593330383,
          "Top": 0.4063059091567993
        },
        "Polygon": [
          {
            "X": 0.5068748593330383,
            "Y": 0.40633484721183777
          },
          {
            "X": 0.524867057800293,
            "Y": 0.4063059091567993
          },
          {
            "X": 0.5249889492988586,
            "Y": 0.4270658791065216
          },
          {
            "X": 0.5069974660873413,
            "Y": 0.4270966053009033
          }
        ]
      },
      "Id": "07582de8-02b0-43cb-b97b-929d133b78e9",
      "Page": 1
    },
    {
      "BlockType": "WORD",
      "Confidence": 62.44584274291992,
      "Text": "(C)",
      "TextType": "PRINTED",
      "Geometry": {
        "BoundingBox": {
          "Width": 0.02475559152662754,
          "Height": 0.021776854991912842,
          "Left": 0.5279316306114197,
          "Top": 0.4050576388835907
        },
        "Polygon": [
          {
            "X": 0.5279316306114197,
            "Y": 0.4050971269607544
          },
          {
            "X": 0.5525607466697693,
            "Y": 0.4050576388835907
          },
          {
            "X": 0.5526872277259827,
            "Y": 0.4267924427986145
          },
          {
            "X": 0.528059184551239,
            "Y": 0.42683449387550354
          }
        ]
      },
      "Id": "0f1302a5-4205-4fb7-a875-84a48bc7ab96",
      "Page": 1
    },
    {
      "BlockType": "WORD",
      "Confidence": 99.2989273071289,
      "Text": "Tmax",
      "TextType": "PRINTED",
      "Geometry": {
        "BoundingBox": {
          "Width": 0.028765182942152023,
          "Height": 0.020651234313845634,
          "Left": 0.6964988112449646,
          "Top": 0.4064117670059204
        },
        "Polygon": [
          {
            "X": 0.6964988112449646,
            "Y": 0.40645793080329895
          },
          {
            "X": 0.7251507639884949,
            "Y": 0.4064117670059204
          },
          {
            "X": 0.7252639532089233,
            "Y": 0.427014023065567
          },
          {
            "X": 0.6966131329536438,
            "Y": 0.4270630180835724
          }
        ]
      },
      "Id": "f558f8e8-8ce9-4033-a12d-ceda374bd306",
      "Page": 1
    },
    {
      "BlockType": "WORD",
      "Confidence": 72.98973846435547,
      "Text": "(C)",
      "TextType": "PRINTED",
      "Geometry": {
        "BoundingBox": {
          "Width": 0.023917868733406067,
          "Height": 0.02117381989955902,
          "Left": 0.7288398146629333,
          "Top": 0.405316025018692
        },
        "Polygon": [
          {
            "X": 0.7288398146629333,
            "Y": 0.40535426139831543
          },
          {
            "X": 0.7526426911354065,
            "Y": 0.405316025018692
          },
          {
            "X": 0.7527576684951782,
            "Y": 0.4264492094516754
          },
          {
            "X": 0.7289558053016663,
            "Y": 0.42648983001708984
          }
        ]
      },
      "Id": "3b6edb6f-0d79-4f55-859c-f109777d103d",
      "Page": 1
    },
    {
      "BlockType": "WORD",
      "Confidence": 94.84298706054688,
      "Text": "TPU-0",
      "TextType": "PRINTED",
      "Geometry": {
        "BoundingBox": {
          "Width": 0.03831171244382858,
          "Height": 0.01707625761628151,
          "Left": 0.24450039863586426,
          "Top": 0.4528729021549225
        },
        "Polygon": [
          {
            "X": 0.24450039863586426,
            "Y": 0.452942818403244
          },
          {
            "X": 0.2827044725418091,
            "Y": 0.4528729021549225
          },
          {
            "X": 0.28281211853027344,
            "Y": 0.46987614035606384
          },
          {
            "X": 0.2446092814207077,
            "Y": 0.4699491560459137
          }
        ]
      },
      "Id": "d032b499-b477-41c6-a102-553b15162093",
      "Page": 1
    },
    {
      "BlockType": "WORD",
      "Confidence": 98.32537078857422,
      "Text": "306.2",
      "TextType": "PRINTED",
      "Geometry": {
        "BoundingBox": {
          "Width": 0.03405805677175522,
          "Height": 0.017777428030967712,
          "Left": 0.5078762769699097,
          "Top": 0.4525222182273865
        },
        "Polygon": [
          {
            "X": 0.5078762769699097,
            "Y": 0.4525843560695648
          },
          {
            "X": 0.5418308973312378,
            "Y": 0.4525222182273865
          },
          {
            "X": 0.5419343709945679,
            "Y": 0.47023460268974304
          },
          {
            "X": 0.5079808831214905,
            "Y": 0.470299631357193
          }
        ]
      },
      "Id": "01088972-6c28-41eb-98a4-33a9daf90410",
      "Page": 1
    },
    {
      "BlockType": "WORD",
      "Confidence": 65.03485870361328,
      "Text": "407.5",
      "TextType": "PRINTED",
      "Geometry": {
        "BoundingBox": {
          "Width": 0.034137122333049774,
          "Height": 0.017807936295866966,
          "Left": 0.6976094841957092,
          "Top": 0.45257607102394104
        },
        "Polygon": [
          {
            "X": 0.6976094841957092,
            "Y": 0.4526384174823761
          },
          {
            "X": 0.7316493391990662,
            "Y": 0.45257607102394104
          },
          {
            "X": 0.7317466139793396,
            "Y": 0.4703187346458435
          },
          {
            "X": 0.6977078914642334,
            "Y": 0.47038400173187256
          }
        ]
      },
      "Id": "371ddc91-be68-4503-b778-870783482972",
      "Page": 1
    },
    {
      "BlockType": "WORD",
      "Confidence": 99.48271179199219,
      "Text": "TPU/GO",
      "TextType": "PRINTED",
      "Geometry": {
        "BoundingBox": {
          "Width": 0.0521901473402977,
          "Height": 0.019984446465969086,
          "Left": 0.2445947378873825,
          "Top": 0.48328760266304016
        },
        "Polygon": [
          {
            "X": 0.2445947378873825,
            "Y": 0.4833904504776001
          },
          {
            "X": 0.29665955901145935,
            "Y": 0.48328760266304016
          },
          {
            "X": 0.2967848777770996,
            "Y": 0.5031642317771912
          },
          {
            "X": 0.24472203850746155,
            "Y": 0.5032720565795898
          }
        ]
      },
      "Id": "56523e52-b8b4-4457-ad09-15ae6b4bca80",
      "Page": 1
    },
    {
      "BlockType": "WORD",
      "Confidence": 99.40565490722656,
      "Text": "0.10",
      "TextType": "PRINTED",
      "Geometry": {
        "BoundingBox": {
          "Width": 0.026671748608350754,
          "Height": 0.017850197851657867,
          "Left": 0.30075064301490784,
          "Top": 0.4837872087955475
        },
        "Polygon": [
          {
            "X": 0.30075064301490784,
            "Y": 0.483839750289917
          },
          {
            "X": 0.3273112177848816,
            "Y": 0.4837872087955475
          },
          {
            "X": 0.3274223804473877,
            "Y": 0.5015826225280762
          },
          {
            "X": 0.30086269974708557,
            "Y": 0.5016373991966248
          }
        ]
      },
      "Id": "d36043eb-a165-46cf-bae1-94ccd0e61538",
      "Page": 1
    },
    {
      "BlockType": "WORD",
      "Confidence": 99.03196716308594,
      "Text": "312.0",
      "TextType": "PRINTED",
      "Geometry": {
        "BoundingBox": {
          "Width": 0.03395684435963631,
          "Height": 0.017488699406385422,
          "Left": 0.5078702569007874,
          "Top": 0.48388880491256714
        },
        "Polygon": [
          {
            "X": 0.5078702569007874,
            "Y": 0.48395586013793945
          },
          {
            "X": 0.5417253375053406,
            "Y": 0.48388880491256714
          },
          {
            "X": 0.5418271422386169,
            "Y": 0.5013076066970825
          },
          {
            "X": 0.5079731345176697,
            "Y": 0.501377522945404
          }
        ]
      },
      "Id": "aaeba589-75dc-44a8-a005-34639b709721",
      "Page": 1
    },
    {
      "BlockType": "WORD",
      "Confidence": 81.45320129394531,
      "Text": "414.0",
      "TextType": "PRINTED",
      "Geometry": {
        "BoundingBox": {
          "Width": 0.034573063254356384,
          "Height": 0.017746813595294952,
          "Left": 0.6974854469299316,
          "Top": 0.4836764335632324
        },
        "Polygon": [
          {
            "X": 0.6974854469299316,
            "Y": 0.4837447702884674
          },
          {
            "X": 0.7319616079330444,
            "Y": 0.4836764335632324
          },
          {
            "X": 0.7320585250854492,
            "Y": 0.5013520121574402
          },
          {
            "X": 0.6975834965705872,
            "Y": 0.5014232397079468
          }
        ]
      },
      "Id": "f4dca9b0-318a-46d5-a8e0-476b68fb98e2",
      "Page": 1
    },
    {
      "BlockType": "WORD",
      "Confidence": 99.35933685302734,
      "Text": "TPU/GO-PPD",
      "TextType": "PRINTED",
      "Geometry": {
        "BoundingBox": {
          "Width": 0.08198367059230804,
          "Height": 0.019817907363176346,
          "Left": 0.2444256842136383,
          "Top": 0.5144240260124207
        },
        "Polygon": [
          {
            "X": 0.2444256842136383,
            "Y": 0.5145979523658752
          },
          {
            "X": 0.326286643743515,
            "Y": 0.5144240260124207
          },
          {
            "X": 0.32640936970710754,
            "Y": 0.5340602993965149
          },
          {
            "X": 0.24455147981643677,
            "Y": 0.5342419147491455
          }
        ]
      },
      "Id": "7c0d398f-1364-48cb-b3f1-8c0f2f651318",
      "Page": 1
    },
    {
      "BlockType": "WORD",
      "Confidence": 99.96341705322266,
      "Text": "0.10",
      "TextType": "PRINTED",
      "Geometry": {
        "BoundingBox": {
          "Width": 0.02660905010998249,
          "Height": 0.017947861924767494,
          "Left": 0.3301486074924469,
          "Top": 0.5148582458496094
        },
        "Polygon": [
          {
            "X": 0.3301486074924469,
            "Y": 0.5149146318435669
          },
          {
            "X": 0.35664689540863037,
            "Y": 0.5148582458496094
          },
          {
            "X": 0.35675764083862305,
            "Y": 0.5327475070953369
          },
          {
            "X": 0.3302602767944336,
            "Y": 0.5328061580657959
          }
        ]
      },
      "Id": "53fb769f-50a5-4227-8eed-8b9717955421",
      "Page": 1
    },
    {
      "BlockType": "WORD",
      "Confidence": 99.94876098632812,
      "Text": "313.5",
      "TextType": "PRINTED",
      "Geometry": {
        "BoundingBox": {
          "Width": 0.035441480576992035,
          "Height": 0.01860024780035019,
          "Left": 0.5069483518600464,
          "Top": 0.5152271389961243
        },
        "Polygon": [
          {
            "X": 0.5069483518600464,
            "Y": 0.5153024196624756
          },
          {
            "X": 0.5422816276550293,
            "Y": 0.5152271389961243
          },
          {
            "X": 0.5423898100852966,
            "Y": 0.533748984336853
          },
          {
            "X": 0.507057785987854,
            "Y": 0.5338273644447327
          }
        ]
      },
      "Id": "e8bb5c51-d68b-48d5-ad85-01546848b2f6",
      "Page": 1
    },
    {
      "BlockType": "WORD",
      "Confidence": 99.16624450683594,
      "Text": "421.0",
      "TextType": "PRINTED",
      "Geometry": {
        "BoundingBox": {
          "Width": 0.0343535840511322,
          "Height": 0.017613736912608147,
          "Left": 0.6976113319396973,
          "Top": 0.5148953199386597
        },
        "Polygon": [
          {
            "X": 0.6976113319396973,
            "Y": 0.5149683356285095
          },
          {
            "X": 0.7318687438964844,
            "Y": 0.5148953199386597
          },
          {
            "X": 0.7319648861885071,
            "Y": 0.5324332118034363
          },
          {
            "X": 0.6977086067199707,
            "Y": 0.5325090885162354
          }
        ]
      },
      "Id": "890f15f7-3b68-41e1-a66a-3bb570925a09",
      "Page": 1
    },
    {
      "BlockType": "WORD",
      "Confidence": 99.39592742919922,
      "Text": "TPU/GO-HMD",
      "TextType": "PRINTED",
      "Geometry": {
        "BoundingBox": {
          "Width": 0.0887405201792717,
          "Height": 0.019810523837804794,
          "Left": 0.24419622123241425,
          "Top": 0.545570969581604
        },
        "Polygon": [
          {
            "X": 0.24419622123241425,
            "Y": 0.5457724928855896
          },
          {
            "X": 0.332814484834671,
            "Y": 0.545570969581604
          },
          {
            "X": 0.33293673396110535,
            "Y": 0.5651716589927673
          },
          {
            "X": 0.244321808218956,
            "Y": 0.5653814673423767
          }
        ]
      },
      "Id": "371a347b-5826-4887-b6d1-838c35c7facc",
      "Page": 1
    },
    {
      "BlockType": "WORD",
      "Confidence": 99.9646987915039,
      "Text": "0.10",
      "TextType": "PRINTED",
      "Geometry": {
        "BoundingBox": {
          "Width": 0.026647992432117462,
          "Height": 0.017834078520536423,
          "Left": 0.3362264335155487,
          "Top": 0.5459740161895752
        },
        "Polygon": [
          {
            "X": 0.3362264335155487,
            "Y": 0.5460344552993774
          },
          {
            "X": 0.3627645969390869,
            "Y": 0.5459740161895752
          },
          {
            "X": 0.36287441849708557,
            "Y": 0.5637454390525818
          },
          {
            "X": 0.3363371789455414,
            "Y": 0.5638080835342407
          }
        ]
      },
      "Id": "d007dff7-7e28-4054-bfc8-08784fe3a54f",
      "Page": 1
    },
    {
      "BlockType": "WORD",
      "Confidence": 94.24018096923828,
      "Text": "313.0",
      "TextType": "PRINTED",
      "Geometry": {
        "BoundingBox": {
          "Width": 0.03362018242478371,
          "Height": 0.01737028919160366,
          "Left": 0.508010983467102,
          "Top": 0.5463002324104309
        },
        "Polygon": [
          {
            "X": 0.508010983467102,
            "Y": 0.546376645565033
          },
          {
            "X": 0.5415301322937012,
            "Y": 0.5463002324104309
          },
          {
            "X": 0.5416311621665955,
            "Y": 0.5635913014411926
          },
          {
            "X": 0.5081130862236023,
            "Y": 0.5636705160140991
          }
        ]
      },
      "Id": "0312508d-bc73-4809-b33c-69d3508801ec",
      "Page": 1
    },
    {
      "BlockType": "WORD",
      "Confidence": 97.71949768066406,
      "Text": "418.0",
      "TextType": "PRINTED",
      "Geometry": {
        "BoundingBox": {
          "Width": 0.03408795967698097,
          "Height": 0.017645956948399544,
          "Left": 0.6977272033691406,
          "Top": 0.5461198091506958
        },
        "Polygon": [
          {
            "X": 0.6977272033691406,
            "Y": 0.5461972951889038
          },
          {
            "X": 0.7317188382148743,
            "Y": 0.5461198091506958
          },
          {
            "X": 0.7318151593208313,
            "Y": 0.5636853575706482
          },
          {
            "X": 0.6978246569633484,
            "Y": 0.5637657642364502
          }
        ]
      },
      "Id": "17268168-682e-4b4c-b983-b0c6cf8817ec",
      "Page": 1
    },
    {
      "BlockType": "WORD",
      "Confidence": 98.02842712402344,
      "Text": "TPU/GO-NH3",
      "TextType": "PRINTED",
      "Geometry": {
        "BoundingBox": {
          "Width": 0.08267562091350555,
          "Height": 0.022097792476415634,
          "Left": 0.24428752064704895,
          "Top": 0.5769251585006714
        },
        "Polygon": [
          {
            "X": 0.24428752064704895,
            "Y": 0.5771252512931824
          },
          {
            "X": 0.3268263638019562,
            "Y": 0.5769251585006714
          },
          {
            "X": 0.3269631564617157,
            "Y": 0.5988142490386963
          },
          {
            "X": 0.24442777037620544,
            "Y": 0.5990229845046997
          }
        ]
      },
      "Id": "fd551833-66a1-4793-b563-51fc34c98f91",
      "Page": 1
    },
    {
      "BlockType": "WORD",
      "Confidence": 99.73895263671875,
      "Text": "0.10",
      "TextType": "PRINTED",
      "Geometry": {
        "BoundingBox": {
          "Width": 0.02650572918355465,
          "Height": 0.017291992902755737,
          "Left": 0.33048102259635925,
          "Top": 0.57756108045578
        },
        "Polygon": [
          {
            "X": 0.33048102259635925,
            "Y": 0.5776252150535583
          },
          {
            "X": 0.3568800985813141,
            "Y": 0.57756108045578
          },
          {
            "X": 0.35698676109313965,
            "Y": 0.5947868227958679
          },
          {
            "X": 0.33058854937553406,
            "Y": 0.5948531031608582
          }
        ]
      },
      "Id": "097a95d8-12f1-4a08-a443-a242682998f4",
      "Page": 1
    },
    {
      "BlockType": "WORD",
      "Confidence": 96.34159851074219,
      "Text": "318.6",
      "TextType": "PRINTED",
      "Geometry": {
        "BoundingBox": {
          "Width": 0.0336909145116806,
          "Height": 0.017542337998747826,
          "Left": 0.5078550577163696,
          "Top": 0.5773544311523438
        },
        "Polygon": [
          {
            "X": 0.5078550577163696,
            "Y": 0.5774359703063965
          },
          {
            "X": 0.541443943977356,
            "Y": 0.5773544311523438
          },
          {
            "X": 0.5415459871292114,
            "Y": 0.5948123931884766
          },
          {
            "X": 0.507958173751831,
            "Y": 0.5948967933654785
          }
        ]
      },
      "Id": "cfe759b1-17d7-4ffb-8ce2-f07db5c1992f",
      "Page": 1
    },
    {
      "BlockType": "WORD",
      "Confidence": 80.12615966796875,
      "Text": "419.0",
      "TextType": "PRINTED",
      "Geometry": {
        "BoundingBox": {
          "Width": 0.034057702869176865,
          "Height": 0.01754150167107582,
          "Left": 0.6977348327636719,
          "Top": 0.5772464275360107
        },
        "Polygon": [
          {
            "X": 0.6977348327636719,
            "Y": 0.5773289799690247
          },
          {
            "X": 0.7316968441009521,
            "Y": 0.5772464275360107
          },
          {
            "X": 0.7317925691604614,
            "Y": 0.5947025418281555
          },
          {
            "X": 0.6978316903114319,
            "Y": 0.5947879552841187
          }
        ]
      },
      "Id": "ebe0ca33-0a61-4a8c-b25c-068bf684a069",
      "Page": 1
    },
    {
      "BlockType": "TABLE",
      "Confidence": 99.951171875,
      "Geometry": {
        "BoundingBox": {
          "Width": 0.5410751104354858,
          "Height": 0.22066712379455566,
          "Left": 0.22951339185237885,
          "Top": 0.3893727958202362
        },
        "Polygon": [
          {
            "X": 0.22951339185237885,
            "Y": 0.39019861817359924
          },
          {
            "X": 0.7694022059440613,
            "Y": 0.3893727958202362
          },
          {
            "X": 0.7705885171890259,
            "Y": 0.6086469292640686
          },
          {
            "X": 0.23092707991600037,
            "Y": 0.6100399494171143
          }
        ]
      },
      "Id": "6c1fe05c-cdf0-49f3-a530-0b00ddfc1877",
      "Relationships": [
        {
          "Type": "CHILD",
          "Ids": [
            "ec22c4eb-ab59-4090-a99f-a11d721c3b0c",
            "5ea48aa8-38d0-4474-b7c5-bb6ad0a051d0",
            "a61442bc-0c85-47ec-9069-b131468cf645",
            "73c4d80b-5978-4be7-8c7b-e4cf5d849de2",
            "45254c35-2980-4bd7-97bc-af5d3a77c5bc",
            "4ecb9e1f-f92f-42f8-967f-1f9e10e24734",
            "8bb6f45c-0677-443d-b659-ee6ec6730472",
            "d8b3c964-15f8-42bb-b250-c13ffc6705d4",
            "532684d4-65c1-42b0-ac4f-4a2cafb6edf8",
            "a13b6f58-ba9b-476e-91e4-39412915099b",
            "7b77fbe6-6119-4abb-926b-cb57829d7ad5",
            "eda2eecd-01eb-4436-8430-431c1dda7405",
            "bbd08227-2e9a-426b-95cd-8fbc65f8df20",
            "794eceb7-0711-4cc7-a8f8-5ce42ffdba13",
            "a30cff3d-65ce-4e76-90b4-e9afc27f7609",
            "8ecd316b-d50a-415a-820b-3a0984f4d893",
            "236b6425-f7de-417d-9039-1eaff590e21b",
            "a9bc61c6-7700-465d-8466-27117020b6fc"
          ]
        }
      ],
      "EntityTypes": [
        "STRUCTURED_TABLE"
      ],
      "Page": 1
    },
    {
      "BlockType": "CELL",
      "Confidence": 92.87109375,
      "RowIndex": 1,
      "ColumnIndex": 1,
      "RowSpan": 1,
      "ColumnSpan": 1,
      "Geometry": {
        "BoundingBox": {
          "Width": 0.2027016580104828,
          "Height": 0.049754366278648376,
          "Left": 0.22951339185237885,
          "Top": 0.38988903164863586
        },
        "Polygon": [
          {
            "X": 0.22951339185237885,
            "Y": 0.39019861817359924
          },
          {
            "X": 0.4319162964820862,
            "Y": 0.38988903164863586
          },
          {
            "X": 0.43221503496170044,
            "Y": 0.4392859637737274
          },
          {
            "X": 0.22983133792877197,
            "Y": 0.43964338302612305
          }
        ]
      },
      "Id": "ec22c4eb-ab59-4090-a99f-a11d721c3b0c",
      "Relationships": [
        {
          "Type": "CHILD",
          "Ids": [
            "258968fd-ce67-41bb-9432-2d8fa1c7ec89"
          ]
        }
      ],
      "EntityTypes": [
        "COLUMN_HEADER"
      ],
      "Page": 1
    },
    {
      "BlockType": "CELL",
      "Confidence": 92.87109375,
      "RowIndex": 1,
      "ColumnIndex": 2,
      "RowSpan": 1,
      "ColumnSpan": 1,
      "Geometry": {
        "BoundingBox": {
          "Width": 0.2015933096408844,
          "Height": 0.049704860895872116,
          "Left": 0.4319162964820862,
          "Top": 0.3895810842514038
        },
        "Polygon": [
          {
            "X": 0.4319162964820862,
            "Y": 0.38988903164863586
          },
          {
            "X": 0.6332299113273621,
            "Y": 0.3895810842514038
          },
          {
            "X": 0.6335095763206482,
            "Y": 0.4389304518699646
          },
          {
            "X": 0.43221503496170044,
            "Y": 0.4392859637737274
          }
        ]
      },
      "Id": "5ea48aa8-38d0-4474-b7c5-bb6ad0a051d0",
      "Relationships": [
        {
          "Type": "CHILD",
          "Ids": [
            "07582de8-02b0-43cb-b97b-929d133b78e9",
            "0f1302a5-4205-4fb7-a875-84a48bc7ab96"
          ]
        }
      ],
      "EntityTypes": [
        "COLUMN_HEADER"
      ],
      "Page": 1
    },
    {
      "BlockType": "CELL",
      "Confidence": 91.650390625,
      "RowIndex": 1,
      "ColumnIndex": 3,
      "RowSpan": 1,
      "ColumnSpan": 1,
      "Geometry": {
        "BoundingBox": {
          "Width": 0.13643909990787506,
          "Height": 0.0495576374232769,
          "Left": 0.6332299113273621,
          "Top": 0.3893727958202362
        },
        "Polygon": [
          {
            "X": 0.6332299113273621,
            "Y": 0.3895810842514038
          },
          {
            "X": 0.7694022059440613,
            "Y": 0.3893727958202362
          },
          {
            "X": 0.7696689963340759,
            "Y": 0.4386899769306183
          },
          {
            "X": 0.6335095763206482,
            "Y": 0.4389304518699646
          }
        ]
      },
      "Id": "a61442bc-0c85-47ec-9069-b131468cf645",
      "Relationships": [
        {
          "Type": "CHILD",
          "Ids": [
            "f558f8e8-8ce9-4033-a12d-ceda374bd306",
            "3b6edb6f-0d79-4f55-859c-f109777d103d"
          ]
        }
      ],
      "EntityTypes": [
        "COLUMN_HEADER"
      ],
      "Page": 1
    },
    {
      "BlockType": "CELL",
      "Confidence": 89.16015625,
      "RowIndex": 2,
      "ColumnIndex": 1,
      "RowSpan": 1,
      "ColumnSpan": 1,
      "Geometry": {
        "BoundingBox": {
          "Width": 0.2026115506887436,
          "Height": 0.03806670010089874,
          "Left": 0.22983133792877197,
          "Top": 0.4392859637737274
        },
        "Polygon": [
          {
            "X": 0.22983133792877197,
            "Y": 0.43964338302612305
          },
          {
            "X": 0.43221503496170044,
            "Y": 0.4392859637737274
          },
          {
            "X": 0.43244287371635437,
            "Y": 0.4769587516784668
          },
          {
            "X": 0.23007382452487946,
            "Y": 0.47735264897346497
          }
        ]
      },
      "Id": "73c4d80b-5978-4be7-8c7b-e4cf5d849de2",
      "Relationships": [
        {
          "Type": "CHILD",
          "Ids": [
            "d032b499-b477-41c6-a102-553b15162093"
          ]
        }
      ],
      "Page": 1
    },
    {
      "BlockType": "CELL",
      "Confidence": 89.16015625,
      "RowIndex": 2,
      "ColumnIndex": 2,
      "RowSpan": 1,
      "ColumnSpan": 1,
      "Geometry": {
        "BoundingBox": {
          "Width": 0.20150786638259888,
          "Height": 0.0380282998085022,
          "Left": 0.43221503496170044,
          "Top": 0.4389304518699646
        },
        "Polygon": [
          {
            "X": 0.43221503496170044,
            "Y": 0.4392859637737274
          },
          {
            "X": 0.6335095763206482,
            "Y": 0.4389304518699646
          },
          {
            "X": 0.6337229013442993,
            "Y": 0.47656694054603577
          },
          {
            "X": 0.43244287371635437,
            "Y": 0.4769587516784668
          }
        ]
      },
      "Id": "45254c35-2980-4bd7-97bc-af5d3a77c5bc",
      "Relationships": [
        {
          "Type": "CHILD",
          "Ids": [
            "01088972-6c28-41eb-98a4-33a9daf90410"
          ]
        }
      ],
      "Page": 1
    },
    {
      "BlockType": "CELL",
      "Confidence": 88.037109375,
      "RowIndex": 2,
      "ColumnIndex": 3,
      "RowSpan": 1,
      "ColumnSpan": 1,
      "Geometry": {
        "BoundingBox": {
          "Width": 0.13636289536952972,
          "Height": 0.037876978516578674,
          "Left": 0.6335095763206482,
          "Top": 0.4386899769306183
        },
        "Polygon": [
          {
            "X": 0.6335095763206482,
            "Y": 0.4389304518699646
          },
          {
            "X": 0.7696689963340759,
            "Y": 0.4386899769306183
          },
          {
            "X": 0.7698724865913391,
            "Y": 0.4763019382953644
          },
          {
            "X": 0.6337229013442993,
            "Y": 0.47656694054603577
          }
        ]
      },
      "Id": "4ecb9e1f-f92f-42f8-967f-1f9e10e24734",
      "Relationships": [
        {
          "Type": "CHILD",
          "Ids": [
            "371ddc91-be68-4503-b778-870783482972"
          ]
        }
      ],
      "Page": 1
    },
    {
      "BlockType": "CELL",
      "Confidence": 86.62109375,
      "RowIndex": 3,
      "ColumnIndex": 1,
      "RowSpan": 1,
      "ColumnSpan": 1,
      "Geometry": {
        "BoundingBox": {
          "Width": 0.20255759358406067,
          "Height": 0.03159751743078232,
          "Left": 0.23007382452487946,
          "Top": 0.4769587516784668
        },
        "Polygon": [
          {
            "X": 0.23007382452487946,
            "Y": 0.47735264897346497
          },
          {
            "X": 0.43244287371635437,
            "Y": 0.4769587516784668
          },
          {
            "X": 0.4326314330101013,
            "Y": 0.5081321597099304
          },
          {
            "X": 0.2302744835615158,
            "Y": 0.5085562467575073
          }
        ]
      },
      "Id": "8bb6f45c-0677-443d-b659-ee6ec6730472",
      "Relationships": [
        {
          "Type": "CHILD",
          "Ids": [
            "56523e52-b8b4-4457-ad09-15ae6b4bca80",
            "d36043eb-a165-46cf-bae1-94ccd0e61538"
          ]
        }
      ],
      "Page": 1
    },
    {
      "BlockType": "CELL",
      "Confidence": 86.62109375,
      "RowIndex": 3,
      "ColumnIndex": 2,
      "RowSpan": 1,
      "ColumnSpan": 1,
      "Geometry": {
        "BoundingBox": {
          "Width": 0.20145651698112488,
          "Height": 0.03156521916389465,
          "Left": 0.43244287371635437,
          "Top": 0.47656694054603577
        },
        "Polygon": [
          {
            "X": 0.43244287371635437,
            "Y": 0.4769587516784668
          },
          {
            "X": 0.6337229013442993,
            "Y": 0.47656694054603577
          },
          {
            "X": 0.6338993906974792,
            "Y": 0.507710337638855
          },
          {
            "X": 0.4326314330101013,
            "Y": 0.5081321597099304
          }
        ]
      },
      "Id": "d8b3c964-15f8-42bb-b250-c13ffc6705d4",
      "Relationships": [
        {
          "Type": "CHILD",
          "Ids": [
            "aaeba589-75dc-44a8-a005-34639b709721"
          ]
        }
      ],
      "Page": 1
    },
    {
      "BlockType": "CELL",
      "Confidence": 85.546875,
      "RowIndex": 3,
      "ColumnIndex": 3,
      "RowSpan": 1,
      "ColumnSpan": 1,
      "Geometry": {
        "BoundingBox": {
          "Width": 0.13631796836853027,
          "Height": 0.03140842169523239,
          "Left": 0.6337229013442993,
          "Top": 0.4763019382953644
        },
        "Polygon": [
          {
            "X": 0.6337229013442993,
            "Y": 0.47656694054603577
          },
          {
            "X": 0.7698724865913391,
            "Y": 0.4763019382953644
          },
          {
            "X": 0.7700408697128296,
            "Y": 0.5074250102043152
          },
          {
            "X": 0.6338993906974792,
            "Y": 0.507710337638855
          }
        ]
      },
      "Id": "532684d4-65c1-42b0-ac4f-4a2cafb6edf8",
      "Relationships": [
        {
          "Type": "CHILD",
          "Ids": [
            "f4dca9b0-318a-46d5-a8e0-476b68fb98e2"
          ]
        }
      ],
      "Page": 1
    },
    {
      "BlockType": "CELL",
      "Confidence": 87.451171875,
      "RowIndex": 4,
      "ColumnIndex": 1,
      "RowSpan": 1,
      "ColumnSpan": 1,
      "Geometry": {
        "BoundingBox": {
          "Width": 0.20254544913768768,
          "Height": 0.031624019145965576,
          "Left": 0.2302744835615158,
          "Top": 0.5081321597099304
        },
        "Polygon": [
          {
            "X": 0.2302744835615158,
            "Y": 0.5085562467575073
          },
          {
            "X": 0.4326314330101013,
            "Y": 0.5081321597099304
          },
          {
            "X": 0.4328199326992035,
            "Y": 0.5393019318580627
          },
          {
            "X": 0.23047511279582977,
            "Y": 0.539756178855896
          }
        ]
      },
      "Id": "a13b6f58-ba9b-476e-91e4-39412915099b",
      "Relationships": [
        {
          "Type": "CHILD",
          "Ids": [
            "7c0d398f-1364-48cb-b3f1-8c0f2f651318",
            "53fb769f-50a5-4227-8eed-8b9717955421"
          ]
        }
      ],
      "Page": 1
    },
    {
      "BlockType": "CELL",
      "Confidence": 87.451171875,
      "RowIndex": 4,
      "ColumnIndex": 2,
      "RowSpan": 1,
      "ColumnSpan": 1,
      "Geometry": {
        "BoundingBox": {
          "Width": 0.20144447684288025,
          "Height": 0.031591564416885376,
          "Left": 0.4326314330101013,
          "Top": 0.507710337638855
        },
        "Polygon": [
          {
            "X": 0.4326314330101013,
            "Y": 0.5081321597099304
          },
          {
            "X": 0.6338993906974792,
            "Y": 0.507710337638855
          },
          {
            "X": 0.6340758800506592,
            "Y": 0.5388500690460205
          },
          {
            "X": 0.4328199326992035,
            "Y": 0.5393019318580627
          }
        ]
      },
      "Id": "7b77fbe6-6119-4abb-926b-cb57829d7ad5",
      "Relationships": [
        {
          "Type": "CHILD",
          "Ids": [
            "e8bb5c51-d68b-48d5-ad85-01546848b2f6"
          ]
        }
      ],
      "Page": 1
    },
    {
      "BlockType": "CELL",
      "Confidence": 86.328125,
      "RowIndex": 4,
      "ColumnIndex": 3,
      "RowSpan": 1,
      "ColumnSpan": 1,
      "Geometry": {
        "BoundingBox": {
          "Width": 0.13630983233451843,
          "Height": 0.03142505884170532,
          "Left": 0.6338993906974792,
          "Top": 0.5074250102043152
        },
        "Polygon": [
          {
            "X": 0.6338993906974792,
            "Y": 0.507710337638855
          },
          {
            "X": 0.7700408697128296,
            "Y": 0.5074250102043152
          },
          {
            "X": 0.7702092528343201,
            "Y": 0.5385444760322571
          },
          {
            "X": 0.6340758800506592,
            "Y": 0.5388500690460205
          }
        ]
      },
      "Id": "eda2eecd-01eb-4436-8430-431c1dda7405",
      "Relationships": [
        {
          "Type": "CHILD",
          "Ids": [
            "890f15f7-3b68-41e1-a66a-3bb570925a09"
          ]
        }
      ],
      "Page": 1
    },
    {
      "BlockType": "CELL",
      "Confidence": 85.44921875,
      "RowIndex": 5,
      "ColumnIndex": 1,
      "RowSpan": 1,
      "ColumnSpan": 1,
      "Geometry": {
        "BoundingBox": {
          "Width": 0.2025333195924759,
          "Height": 0.03165051341056824,
          "Left": 0.23047511279582977,
          "Top": 0.5393019318580627
        },
        "Polygon": [
          {
            "X": 0.23047511279582977,
            "Y": 0.539756178855896
          },
          {
            "X": 0.4328199326992035,
            "Y": 0.5393019318580627
          },
          {
            "X": 0.43300843238830566,
            "Y": 0.570468008518219
          },
          {
            "X": 0.23067572712898254,
            "Y": 0.5709524154663086
          }
        ]
      },
      "Id": "bbd08227-2e9a-426b-95cd-8fbc65f8df20",
      "Relationships": [
        {
          "Type": "CHILD",
          "Ids": [
            "371a347b-5826-4887-b6d1-838c35c7facc",
            "d007dff7-7e28-4054-bfc8-08784fe3a54f"
          ]
        }
      ],
      "Page": 1
    },
    {
      "BlockType": "CELL",
      "Confidence": 85.44921875,
      "RowIndex": 5,
      "ColumnIndex": 2,
      "RowSpan": 1,
      "ColumnSpan": 1,
      "Geometry": {
        "BoundingBox": {
          "Width": 0.20143242180347443,
          "Height": 0.0316179022192955,
          "Left": 0.4328199326992035,
          "Top": 0.5388500690460205
        },
        "Polygon": [
          {
            "X": 0.4328199326992035,
            "Y": 0.5393019318580627
          },
          {
            "X": 0.6340758800506592,
            "Y": 0.5388500690460205
          },
          {
            "X": 0.6342523694038391,
            "Y": 0.5699861645698547
          },
          {
            "X": 0.43300843238830566,
            "Y": 0.570468008518219
          }
        ]
      },
      "Id": "794eceb7-0711-4cc7-a8f8-5ce42ffdba13",
      "Relationships": [
        {
          "Type": "CHILD",
          "Ids": [
            "0312508d-bc73-4809-b33c-69d3508801ec"
          ]
        }
      ],
      "Page": 1
    },
    {
      "BlockType": "CELL",
      "Confidence": 84.375,
      "RowIndex": 5,
      "ColumnIndex": 3,
      "RowSpan": 1,
      "ColumnSpan": 1,
      "Geometry": {
        "BoundingBox": {
          "Width": 0.1363016813993454,
          "Height": 0.03144169598817825,
          "Left": 0.6340758800506592,
          "Top": 0.5385444760322571
        },
        "Polygon": [
          {
            "X": 0.6340758800506592,
            "Y": 0.5388500690460205
          },
          {
            "X": 0.7702092528343201,
            "Y": 0.5385444760322571
          },
          {
            "X": 0.7703775763511658,
            "Y": 0.5696602463722229
          },
          {
            "X": 0.6342523694038391,
            "Y": 0.5699861645698547
          }
        ]
      },
      "Id": "a30cff3d-65ce-4e76-90b4-e9afc27f7609",
      "Relationships": [
        {
          "Type": "CHILD",
          "Ids": [
            "17268168-682e-4b4c-b983-b0c6cf8817ec"
          ]
        }
      ],
      "Page": 1
    },
    {
      "BlockType": "CELL",
      "Confidence": 93.45703125,
      "RowIndex": 6,
      "ColumnIndex": 1,
      "RowSpan": 1,
      "ColumnSpan": 1,
      "Geometry": {
        "BoundingBox": {
          "Width": 0.2025688886642456,
          "Height": 0.03957193344831467,
          "Left": 0.23067572712898254,
          "Top": 0.570468008518219
        },
        "Polygon": [
          {
            "X": 0.23067572712898254,
            "Y": 0.5709524154663086
          },
          {
            "X": 0.43300843238830566,
            "Y": 0.570468008518219
          },
          {
            "X": 0.43324461579322815,
            "Y": 0.6095176935195923
          },
          {
            "X": 0.23092707991600037,
            "Y": 0.6100399494171143
          }
        ]
      },
      "Id": "8ecd316b-d50a-415a-820b-3a0984f4d893",
      "Relationships": [
        {
          "Type": "CHILD",
          "Ids": [
            "fd551833-66a1-4793-b563-51fc34c98f91",
            "097a95d8-12f1-4a08-a443-a242682998f4"
          ]
        }
      ],
      "Page": 1
    },
    {
      "BlockType": "CELL",
      "Confidence": 93.45703125,
      "RowIndex": 6,
      "ColumnIndex": 2,
      "RowSpan": 1,
      "ColumnSpan": 1,
      "Geometry": {
        "BoundingBox": {
          "Width": 0.20146504044532776,
          "Height": 0.039531536400318146,
          "Left": 0.43300843238830566,
          "Top": 0.5699861645698547
        },
        "Polygon": [
          {
            "X": 0.43300843238830566,
            "Y": 0.570468008518219
          },
          {
            "X": 0.6342523694038391,
            "Y": 0.5699861645698547
          },
          {
            "X": 0.634473443031311,
            "Y": 0.6089982390403748
          },
          {
            "X": 0.43324461579322815,
            "Y": 0.6095176935195923
          }
        ]
      },
      "Id": "236b6425-f7de-417d-9039-1eaff590e21b",
      "Relationships": [
        {
          "Type": "CHILD",
          "Ids": [
            "cfe759b1-17d7-4ffb-8ce2-f07db5c1992f"
          ]
        }
      ],
      "Page": 1
    },
    {
      "BlockType": "CELL",
      "Confidence": 92.28515625,
      "RowIndex": 6,
      "ColumnIndex": 3,
      "RowSpan": 1,
      "ColumnSpan": 1,
      "Geometry": {
        "BoundingBox": {
          "Width": 0.13633614778518677,
          "Height": 0.03933803364634514,
          "Left": 0.6342523694038391,
          "Top": 0.5696602463722229
        },
        "Polygon": [
          {
            "X": 0.6342523694038391,
            "Y": 0.5699861645698547
          },
          {
            "X": 0.7703775763511658,
            "Y": 0.5696602463722229
          },
          {
            "X": 0.7705885171890259,
            "Y": 0.6086469292640686
          },
          {
            "X": 0.634473443031311,
            "Y": 0.6089982390403748
          }
        ]
      },
      "Id": "a9bc61c6-7700-465d-8466-27117020b6fc",
      "Relationships": [
        {
          "Type": "CHILD",
          "Ids": [
            "ebe0ca33-0a61-4a8c-b25c-068bf684a069"
          ]
        }
      ],
      "Page": 1
    }
  ],
  "AnalyzeDocumentModelVersion": "1.0"
}