{
  "DocumentMetadata": {
    "Pages": 1
  },
  "JobStatus": "SUCCEEDED",
  "Blocks": [
    {
      "BlockType": "PAGE",
      "Geometry": {
        "BoundingBox": {
          "Width": 1,
          "Height": 1,
          "Left": 0,
          "Top": 0
        },
        "Polygon": [
          {
            "X": 0,
            "Y": 0
          },
          {
            "X": 1,
            "Y": 0.0000012153052466601366
          },
          {
            "X": 1,
            "Y": 1
          },
          {
            "X": 0.000007013638423813973,
            "Y": 1
          }
        ]
      },
      "Id": "58b3706c-71e0-4b21-a6e1-63f1c6206caa",
      "Relationships": [
        {
          "Type": "CHILD",
          "Ids": [
            "9d7f3c99-71d2-4143-b627-12c11e0f5369",
            "715928a7-47b5-4df5-a4d7-d5126bc9c3b7",
            "a479affa-8d6c-44a7-9044-d8f69da49f17",
            "cef9c138-5105-43dc-bd48-7a590db055c0",
            "f6c2d7d5-182c-4452-a1a0-47620b59b49b",
            "9a97bce6-35e5-4c98-83dd-1be26941a4ab",
            "37ac2221-1e44-4933-bd92-e5a16d2fa29c",
            "34bc464c-a7ff-4005-bd15-3302489120ee",
            "ad6b7b50-ab7f-4703-b245-5194a3b7b3db",
            "29b5f0a1-f83e-465e-9b8f-d232b414d656",
            "d1ab29d7-3401-480b-8f4c-c066e0dd5ed8",
            "965c50d2-3b99-4254-9bf8-b0d5ba777574",
            "494a3dfe-e7f3-4dd9-ab17-6cbe0e7a38c1",
            "db89bc82-8951-4cbb-b44e-f0e9da960d31",
            "c01b8a7f-f1be-4d7c-b4ec-80854beb1099",
            "d512e7cd-dbb1-4a57-8012-5b054c8915dd",
            "3a30078f-060b-49a5-ac20-85d906db04ab",
            "66879e34-f8cf-4142-af64-60872eefaf45",
            "12d1d849-d9e4-4516-9856-a80c969c5bcd",
            "bef61bde-d3bb-48ee-b158-4b5ad8e2c0e7",
            "466f8c23-70d8-4f6b-9a11-364b3569b97a"
          ]
        }
      ],
      "Page": 1
    },
    {
      "BlockType": "LINE",
      "Confidence": 99.9239730834961,
      "Text": "Sample",
      "Geometry": {
        "BoundingBox": {
          "Width": 0.03296542167663574,
          "Height": 0.026457522064447403,
          "Left": 0.18482261896133423,
          "Top": 0.42798465490341187
        },
        "Polygon": [
          {
            "X": 0.18482261896133423,
            "Y": 0.42798465490341187
          },
          {
            "X": 0.21760740876197815,
            "Y": 0.4280330538749695
          },
          {
            "X": 0.21778804063796997,
            "Y": 0.45444217324256897
          },
          {
            "X": 0.1849961131811142,
            "Y": 0.45439547300338745
          }
        ]
      },
      "Id": "9d7f3c99-71d2-4143-b627-12c11e0f5369",
      "Relationships": [
        {
          "Type": "CHILD",
          "Ids": [
            "a34c5cad-6dfe-4cb8-beff-dbe0f8c4625e"
          ]
        }
      ],
      "Page": 1
    },
    {
      "BlockType": "LINE",
      "Confidence": 83.53917694091797,
      "Text": "M (g/mol)",
      "Geometry": {
        "BoundingBox": {
          "Width": 0.049450382590293884,
          "Height": 0.025911927223205566,
          "Left": 0.35363641381263733,
          "Top": 0.42791762948036194
        },
        "Polygon": [
          {
            "X": 0.35363641381263733,
            "Y": 0.42791762948036194
          },
          {
            "X": 0.40287062525749207,
            "Y": 0.4279903173446655
          },
          {
            "X": 0.40308678150177,
            "Y": 0.4538295567035675
          },
          {
            "X": 0.3538421094417572,
            "Y": 0.4537593424320221
          }
        ]
      },
      "Id": "715928a7-47b5-4df5-a4d7-d5126bc9c3b7",
      "Relationships": [
        {
          "Type": "CHILD",
          "Ids": [
            "82c695da-ce99-4c81-8f69-a7b2ebdb22af",
            "04630cb5-a09d-47b3-9339-149b981d2e80"
          ]
        }
      ],
      "Page": 1
    },
    {
      "BlockType": "LINE",
      "Confidence": 95.4443130493164,
      "Text": "Mw (g/mol)",
      "Geometry": {
        "BoundingBox": {
          "Width": 0.051456060260534286,
          "Height": 0.027289416640996933,
          "Left": 0.49734026193618774,
          "Top": 0.4273686707019806
        },
        "Polygon": [
          {
            "X": 0.49734026193618774,
            "Y": 0.4273686707019806
          },
          {
            "X": 0.5485360026359558,
            "Y": 0.42744433879852295
          },
          {
            "X": 0.5487963557243347,
            "Y": 0.4546580910682678
          },
          {
            "X": 0.4975891411304474,
            "Y": 0.45458513498306274
          }
        ]
      },
      "Id": "a479affa-8d6c-44a7-9044-d8f69da49f17",
      "Relationships": [
        {
          "Type": "CHILD",
          "Ids": [
            "9380dd30-43d7-4c70-97ab-b7db242614ef",
            "ef825f95-b437-4753-ba4a-7f07a83bbc9b"
          ]
        }
      ],
      "Page": 1
    },
    {
      "BlockType": "LINE",
      "Confidence": 99.78330993652344,
      "Text": "PDI",
      "Geometry": {
        "BoundingBox": {
          "Width": 0.015422261320054531,
          "Height": 0.020779406651854515,
          "Left": 0.6429737210273743,
          "Top": 0.4287390410900116
        },
        "Polygon": [
          {
            "X": 0.6429737210273743,
            "Y": 0.4287390410900116
          },
          {
            "X": 0.6581786870956421,
            "Y": 0.42876148223876953
          },
          {
            "X": 0.6583960056304932,
            "Y": 0.44951844215393066
          },
          {
            "X": 0.6431884169578552,
            "Y": 0.44949662685394287
          }
        ]
      },
      "Id": "cef9c138-5105-43dc-bd48-7a590db055c0",
      "Relationships": [
        {
          "Type": "CHILD",
          "Ids": [
            "a910b684-9a9c-4733-be9a-e738c3885014"
          ]
        }
      ],
      "Page": 1
    },
    {
      "BlockType": "LINE",
      "Confidence": 94.41897583007812,
      "Text": "Epoxy content (wt%",
      "Geometry": {
        "BoundingBox": {
          "Width": 0.08913754671812057,
          "Height": 0.026906264945864677,
          "Left": 0.7524315118789673,
          "Top": 0.4274756908416748
        },
        "Polygon": [
          {
            "X": 0.7524315118789673,
            "Y": 0.4274756908416748
          },
          {
            "X": 0.8412483930587769,
            "Y": 0.427606999874115
          },
          {
            "X": 0.8415690660476685,
            "Y": 0.45438194274902344
          },
          {
            "X": 0.7527326941490173,
            "Y": 0.45425528287887573
          }
        ]
      },
      "Id": "f6c2d7d5-182c-4452-a1a0-47620b59b49b",
      "Relationships": [
        {
          "Type": "CHILD",
          "Ids": [
            "b0c6eb0c-a1ab-45d7-8b21-9f8df7fb0235",
            "4391ceec-5570-4c0e-a4a3-f0146dd97708",
            "e6e4ab41-3798-45ca-aa64-dc03d71691fc"
          ]
        }
      ],
      "Page": 1
    },
    {
      "BlockType": "LINE",
      "Confidence": 99.73269653320312,
      "Text": "DKL-epoxy resin",
      "Geometry": {
        "BoundingBox": {
          "Width": 0.07315675914287567,
          "Height": 0.026368698105216026,
          "Left": 0.18520918488502502,
          "Top": 0.47634968161582947
        },
        "Polygon": [
          {
            "X": 0.18520918488502502,
            "Y": 0.47634968161582947
          },
          {
            "X": 0.25817757844924927,
            "Y": 0.47645047307014465
          },
          {
            "X": 0.2583659291267395,
            "Y": 0.5027183890342712
          },
          {
            "X": 0.18538178503513336,
            "Y": 0.5026213526725769
          }
        ]
      },
      "Id": "9a97bce6-35e5-4c98-83dd-1be26941a4ab",
      "Relationships": [
        {
          "Type": "CHILD",
          "Ids": [
            "a237aa02-7f79-4696-9964-11e8bbc80a14",
            "39bb2ef2-008e-4737-a531-a24b0984f5a2"
          ]
        }
      ],
      "Page": 1
    },
    {
      "BlockType": "LINE",
      "Confidence": 99.87715148925781,
      "Text": "790",
      "Geometry": {
        "BoundingBox": {
          "Width": 0.01680944673717022,
          "Height": 0.02010365016758442,
          "Left": 0.35395392775535583,
          "Top": 0.47698304057121277
        },
        "Polygon": [
          {
            "X": 0.35395392775535583,
            "Y": 0.47698304057121277
          },
          {
            "X": 0.37060078978538513,
            "Y": 0.4770060181617737
          },
          {
            "X": 0.3707633912563324,
            "Y": 0.49708670377731323
          },
          {
            "X": 0.35411378741264343,
            "Y": 0.49706438183784485
          }
        ]
      },
      "Id": "37ac2221-1e44-4933-bd92-e5a16d2fa29c",
      "Relationships": [
        {
          "Type": "CHILD",
          "Ids": [
            "dfcf5fbf-7002-4b3c-8956-53be8399c262"
          ]
        }
      ],
      "Page": 1
    },
    {
      "BlockType": "LINE",
      "Confidence": 99.9627914428711,
      "Text": "2800",
      "Geometry": {
        "BoundingBox": {
          "Width": 0.022319654002785683,
          "Height": 0.020310504361987114,
          "Left": 0.497430682182312,
          "Top": 0.4770425260066986
        },
        "Polygon": [
          {
            "X": 0.497430682182312,
            "Y": 0.4770425260066986
          },
          {
            "X": 0.519561231136322,
            "Y": 0.477073073387146
          },
          {
            "X": 0.5197503566741943,
            "Y": 0.4973530173301697
          },
          {
            "X": 0.49761608242988586,
            "Y": 0.49732333421707153
          }
        ]
      },
      "Id": "34bc464c-a7ff-4005-bd15-3302489120ee",
      "Relationships": [
        {
          "Type": "CHILD",
          "Ids": [
            "7935a10e-1c1e-47fd-a814-a758614f9eb4"
          ]
        }
      ],
      "Page": 1
    },
    {
      "BlockType": "LINE",
      "Confidence": 97.18124389648438,
      "Text": "3.5",
      "Geometry": {
        "BoundingBox": {
          "Width": 0.013353508897125721,
          "Height": 0.0202798992395401,
          "Left": 0.642960250377655,
          "Top": 0.4770892858505249
        },
        "Polygon": [
          {
            "X": 0.642960250377655,
            "Y": 0.4770892858505249
          },
          {
            "X": 0.6561020612716675,
            "Y": 0.477107435464859
          },
          {
            "X": 0.6563137769699097,
            "Y": 0.4973691999912262
          },
          {
            "X": 0.6431697607040405,
            "Y": 0.4973515570163727
          }
        ]
      },
      "Id": "ad6b7b50-ab7f-4703-b245-5194a3b7b3db",
      "Relationships": [
        {
          "Type": "CHILD",
          "Ids": [
            "138ad1a6-cbf1-4406-94e0-6d67a8731943"
          ]
        }
      ],
      "Page": 1
    },
    {
      "BlockType": "LINE",
      "Confidence": 97.15198516845703,
      "Text": "5.6",
      "Geometry": {
        "BoundingBox": {
          "Width": 0.013457205146551132,
          "Height": 0.020262448117136955,
          "Left": 0.7525923848152161,
          "Top": 0.4771619439125061
        },
        "Polygon": [
          {
            "X": 0.7525923848152161,
            "Y": 0.4771619439125061
          },
          {
            "X": 0.765819787979126,
            "Y": 0.47718021273612976
          },
          {
            "X": 0.7660495638847351,
            "Y": 0.4974243938922882
          },
          {
            "X": 0.7528200149536133,
            "Y": 0.49740663170814514
          }
        ]
      },
      "Id": "29b5f0a1-f83e-465e-9b8f-d232b414d656",
      "Relationships": [
        {
          "Type": "CHILD",
          "Ids": [
            "85766c52-b0e9-4506-a7bb-92792a4474c2"
          ]
        }
      ],
      "Page": 1
    },
    {
      "BlockType": "LINE",
      "Confidence": 99.65343475341797,
      "Text": "DOL-epoxy resin",
      "Geometry": {
        "BoundingBox": {
          "Width": 0.07417468726634979,
          "Height": 0.02666425332427025,
          "Left": 0.18524564802646637,
          "Top": 0.5096227526664734
        },
        "Polygon": [
          {
            "X": 0.18524564802646637,
            "Y": 0.5096227526664734
          },
          {
            "X": 0.2592296600341797,
            "Y": 0.5097200870513916
          },
          {
            "X": 0.25942033529281616,
            "Y": 0.5362870097160339
          },
          {
            "X": 0.1854201704263687,
            "Y": 0.5361934900283813
          }
        ]
      },
      "Id": "d1ab29d7-3401-480b-8f4c-c066e0dd5ed8",
      "Relationships": [
        {
          "Type": "CHILD",
          "Ids": [
            "ebfece88-0ae8-4ccb-81cc-cdb0ac2dd4ef",
            "a99e7a72-ffe4-45a8-900c-ee68826d83e0"
          ]
        }
      ],
      "Page": 1
    },
    {
      "BlockType": "LINE",
      "Confidence": 99.81816101074219,
      "Text": "500",
      "Geometry": {
        "BoundingBox": {
          "Width": 0.016678107902407646,
          "Height": 0.02001057006418705,
          "Left": 0.3539358675479889,
          "Top": 0.5102943181991577
        },
        "Polygon": [
          {
            "X": 0.3539358675479889,
            "Y": 0.5102943181991577
          },
          {
            "X": 0.3704521954059601,
            "Y": 0.5103160738945007
          },
          {
            "X": 0.3706139624118805,
            "Y": 0.5303049087524414
          },
          {
            "X": 0.354094922542572,
            "Y": 0.5302838087081909
          }
        ]
      },
      "Id": "965c50d2-3b99-4254-9bf8-b0d5ba777574",
      "Relationships": [
        {
          "Type": "CHILD",
          "Ids": [
            "760edc1b-8073-4cb9-b4f3-ab89e251dca5"
          ]
        }
      ],
      "Page": 1
    },
    {
      "BlockType": "LINE",
      "Confidence": 99.97572326660156,
      "Text": "1400",
      "Geometry": {
        "BoundingBox": {
          "Width": 0.021793000400066376,
          "Height": 0.020574232563376427,
          "Left": 0.49809402227401733,
          "Top": 0.510100245475769
        },
        "Polygon": [
          {
            "X": 0.49809402227401733,
            "Y": 0.510100245475769
          },
          {
            "X": 0.519695520401001,
            "Y": 0.5101286172866821
          },
          {
            "X": 0.5198870301246643,
            "Y": 0.5306744575500488
          },
          {
            "X": 0.49828189611434937,
            "Y": 0.5306469202041626
          }
        ]
      },
      "Id": "494a3dfe-e7f3-4dd9-ab17-6cbe0e7a38c1",
      "Relationships": [
        {
          "Type": "CHILD",
          "Ids": [
            "995ca28c-e3cc-4f46-9cd1-fa00648ac908"
          ]
        }
      ],
      "Page": 1
    },
    {
      "BlockType": "LINE",
      "Confidence": 99.70567321777344,
      "Text": "2.8",
      "Geometry": {
        "BoundingBox": {
          "Width": 0.013607223518192768,
          "Height": 0.020222775638103485,
          "Left": 0.642723023891449,
          "Top": 0.5102171897888184
        },
        "Polygon": [
          {
            "X": 0.642723023891449,
            "Y": 0.5102171897888184
          },
          {
            "X": 0.656119167804718,
            "Y": 0.5102348327636719
          },
          {
            "X": 0.6563302278518677,
            "Y": 0.5304399728775024
          },
          {
            "X": 0.6429318189620972,
            "Y": 0.5304228663444519
          }
        ]
      },
      "Id": "db89bc82-8951-4cbb-b44e-f0e9da960d31",
      "Relationships": [
        {
          "Type": "CHILD",
          "Ids": [
            "fa283cd7-513b-4c8c-aa7d-0b988b0d5c50"
          ]
        }
      ],
      "Page": 1
    },
    {
      "BlockType": "LINE",
      "Confidence": 99.94164276123047,
      "Text": "8.0",
      "Geometry": {
        "BoundingBox": {
          "Width": 0.013459829613566399,
          "Height": 0.019961616024374962,
          "Left": 0.752632737159729,
          "Top": 0.5105403065681458
        },
        "Polygon": [
          {
            "X": 0.752632737159729,
            "Y": 0.5105403065681458
          },
          {
            "X": 0.765866219997406,
            "Y": 0.5105577111244202
          },
          {
            "X": 0.7660925388336182,
            "Y": 0.5305019021034241
          },
          {
            "X": 0.7528569102287292,
            "Y": 0.5304850339889526
          }
        ]
      },
      "Id": "c01b8a7f-f1be-4d7c-b4ec-80854beb1099",
      "Relationships": [
        {
          "Type": "CHILD",
          "Ids": [
            "3c7ab38d-76ba-4478-abd6-a8967b27adb8"
          ]
        }
      ],
      "Page": 1
    },
    {
      "BlockType": "LINE",
      "Confidence": 98.05724334716797,
      "Text": "DGEBA",
      "Geometry": {
        "BoundingBox": {
          "Width": 0.03147989884018898,
          "Height": 0.01912512071430683,
          "Left": 0.1853300929069519,
          "Top": 0.5436131358146667
        },
        "Polygon": [
          {
            "X": 0.1853300929069519,
            "Y": 0.5436131358146667
          },
          {
            "X": 0.21667972207069397,
            "Y": 0.5436522960662842
          },
          {
            "X": 0.21680998802185059,
            "Y": 0.5627382397651672
          },
          {
            "X": 0.18545544147491455,
            "Y": 0.5627002716064453
          }
        ]
      },
      "Id": "d512e7cd-dbb1-4a57-8012-5b054c8915dd",
      "Relationships": [
        {
          "Type": "CHILD",
          "Ids": [
            "aefad896-a700-464a-8f5d-17d6638ea6ef"
          ]
        }
      ],
      "Page": 1
    },
    {
      "BlockType": "LINE",
      "Confidence": 99.94661712646484,
      "Text": "550",
      "Geometry": {
        "BoundingBox": {
          "Width": 0.016770856454968452,
          "Height": 0.020237963646650314,
          "Left": 0.35390040278434753,
          "Top": 0.5433882474899292
        },
        "Polygon": [
          {
            "X": 0.35390040278434753,
            "Y": 0.5433882474899292
          },
          {
            "X": 0.3705076575279236,
            "Y": 0.543408989906311
          },
          {
            "X": 0.37067124247550964,
            "Y": 0.563626229763031
          },
          {
            "X": 0.35406121611595154,
            "Y": 0.5636060833930969
          }
        ]
      },
      "Id": "3a30078f-060b-49a5-ac20-85d906db04ab",
      "Relationships": [
        {
          "Type": "CHILD",
          "Ids": [
            "46953558-19ff-4fe3-bef8-5c0b3496a5ef"
          ]
        }
      ],
      "Page": 1
    },
    {
      "BlockType": "LINE",
      "Confidence": 99.96025085449219,
      "Text": "822",
      "Geometry": {
        "BoundingBox": {
          "Width": 0.01683855801820755,
          "Height": 0.020404400303959846,
          "Left": 0.49742740392684937,
          "Top": 0.5431437492370605
        },
        "Polygon": [
          {
            "X": 0.49742740392684937,
            "Y": 0.5431437492370605
          },
          {
            "X": 0.5140769481658936,
            "Y": 0.5431646108627319
          },
          {
            "X": 0.5142659544944763,
            "Y": 0.5635481476783752
          },
          {
            "X": 0.4976136386394501,
            "Y": 0.5635280013084412
          }
        ]
      },
      "Id": "66879e34-f8cf-4142-af64-60872eefaf45",
      "Relationships": [
        {
          "Type": "CHILD",
          "Ids": [
            "28bb5c24-16e1-477c-bdb2-0dcfa2d860ce"
          ]
        }
      ],
      "Page": 1
    },
    {
      "BlockType": "LINE",
      "Confidence": 99.41222381591797,
      "Text": "1.5",
      "Geometry": {
        "BoundingBox": {
          "Width": 0.012659023515880108,
          "Height": 0.019883185625076294,
          "Left": 0.6436300873756409,
          "Top": 0.5437315106391907
        },
        "Polygon": [
          {
            "X": 0.6436300873756409,
            "Y": 0.5437315106391907
          },
          {
            "X": 0.6560816764831543,
            "Y": 0.543747067451477
          },
          {
            "X": 0.6562891602516174,
            "Y": 0.5636146664619446
          },
          {
            "X": 0.6438355445861816,
            "Y": 0.5635995864868164
          }
        ]
      },
      "Id": "12d1d849-d9e4-4516-9856-a80c969c5bcd",
      "Relationships": [
        {
          "Type": "CHILD",
          "Ids": [
            "547c6b51-d14d-48e7-a70c-c626939df8eb"
          ]
        }
      ],
      "Page": 1
    },
    {
      "BlockType": "LINE",
      "Confidence": 99.66699981689453,
      "Text": "14.6",
      "Geometry": {
        "BoundingBox": {
          "Width": 0.018573638051748276,
          "Height": 0.020807472988963127,
          "Left": 0.7533416152000427,
          "Top": 0.5432321429252625
        },
        "Polygon": [
          {
            "X": 0.7533416152000427,
            "Y": 0.5432321429252625
          },
          {
            "X": 0.7716784477233887,
            "Y": 0.543255090713501
          },
          {
            "X": 0.7719152569770813,
            "Y": 0.5640396475791931
          },
          {
            "X": 0.753575325012207,
            "Y": 0.5640174150466919
          }
        ]
      },
      "Id": "bef61bde-d3bb-48ee-b158-4b5ad8e2c0e7",
      "Relationships": [
        {
          "Type": "CHILD",
          "Ids": [
            "d1716429-3385-4cea-abc9-996f8bd30d35"
          ]
        }
      ],
      "Page": 1
    },
    {
      "BlockType": "WORD",
      "Confidence": 99.9239730834961,
      "Text": "Sample",
      "TextType": "PRINTED",
      "Geometry": {
        "BoundingBox": {
          "Width": 0.03296542167663574,
          "Height": 0.026457522064447403,
          "Left": 0.18482261896133423,
          "Top": 0.42798465490341187
        },
        "Polygon": [
          {
            "X": 0.18482261896133423,
            "Y": 0.42798465490341187
          },
          {
            "X": 0.21760740876197815,
            "Y": 0.4280330538749695
          },
          {
            "X": 0.21778804063796997,
            "Y": 0.45444217324256897
          },
          {
            "X": 0.1849961131811142,
            "Y": 0.45439547300338745
          }
        ]
      },
      "Id": "a34c5cad-6dfe-4cb8-beff-dbe0f8c4625e",
      "Page": 1
    },
    {
      "BlockType": "WORD",
      "Confidence": 67.53105926513672,
      "Text": "M",
      "TextType": "PRINTED",
      "Geometry": {
        "BoundingBox": {
          "Width": 0.013215814717113972,
          "Height": 0.024578973650932312,
          "Left": 0.35364481806755066,
          "Top": 0.4289763867855072
        },
        "Polygon": [
          {
            "X": 0.35364481806755066,
            "Y": 0.4289763867855072
          },
          {
            "X": 0.36666250228881836,
            "Y": 0.4289955794811249
          },
          {
            "X": 0.36686065793037415,
            "Y": 0.4535553455352783
          },
          {
            "X": 0.35384035110473633,
            "Y": 0.4535367786884308
          }
        ]
      },
      "Id": "82c695da-ce99-4c81-8f69-a7b2ebdb22af",
      "Page": 1
    },
    {
      "BlockType": "WORD",
      "Confidence": 99.54728698730469,
      "Text": "(g/mol)",
      "TextType": "PRINTED",
      "Geometry": {
        "BoundingBox": {
          "Width": 0.03321206569671631,
          "Height": 0.025887951254844666,
          "Left": 0.3698747158050537,
          "Top": 0.42794159054756165
        },
        "Polygon": [
          {
            "X": 0.3698747158050537,
            "Y": 0.42794159054756165
          },
          {
            "X": 0.40287062525749207,
            "Y": 0.4279903173446655
          },
          {
            "X": 0.40308678150177,
            "Y": 0.4538295567035675
          },
          {
            "X": 0.37008386850357056,
            "Y": 0.45378249883651733
          }
        ]
      },
      "Id": "04630cb5-a09d-47b3-9339-149b981d2e80",
      "Page": 1
    },
    {
      "BlockType": "WORD",
      "Confidence": 91.2652359008789,
      "Text": "Mw",
      "TextType": "PRINTED",
      "Geometry": {
        "BoundingBox": {
          "Width": 0.015410092659294605,
          "Height": 0.024493737146258354,
          "Left": 0.49735593795776367,
          "Top": 0.42907989025115967
        },
        "Polygon": [
          {
            "X": 0.49735593795776367,
            "Y": 0.42907989025115967
          },
          {
            "X": 0.5125392079353333,
            "Y": 0.4291022717952728
          },
          {
            "X": 0.5127660036087036,
            "Y": 0.453573614358902
          },
          {
            "X": 0.4975796937942505,
            "Y": 0.4535519480705261
          }
        ]
      },
      "Id": "9380dd30-43d7-4c70-97ab-b7db242614ef",
      "Page": 1
    },
    {
      "BlockType": "WORD",
      "Confidence": 99.62338256835938,
      "Text": "(g/mol)",
      "TextType": "PRINTED",
      "Geometry": {
        "BoundingBox": {
          "Width": 0.033510494977235794,
          "Height": 0.027262892574071884,
          "Left": 0.515285849571228,
          "Top": 0.42739519476890564
        },
        "Polygon": [
          {
            "X": 0.515285849571228,
            "Y": 0.42739519476890564
          },
          {
            "X": 0.5485360026359558,
            "Y": 0.42744433879852295
          },
          {
            "X": 0.5487963557243347,
            "Y": 0.4546580910682678
          },
          {
            "X": 0.51553875207901,
            "Y": 0.4546107053756714
          }
        ]
      },
      "Id": "ef825f95-b437-4753-ba4a-7f07a83bbc9b",
      "Page": 1
    },
    {
      "BlockType": "WORD",
      "Confidence": 99.78330993652344,
      "Text": "PDI",
      "TextType": "PRINTED",
      "Geometry": {
        "BoundingBox": {
          "Width": 0.015422261320054531,
          "Height": 0.020779406651854515,
          "Left": 0.6429737210273743,
          "Top": 0.4287390410900116
        },
        "Polygon": [
          {
            "X": 0.6429737210273743,
            "Y": 0.4287390410900116
          },
          {
            "X": 0.6581786870956421,
            "Y": 0.42876148223876953
          },
          {
            "X": 0.6583960056304932,
            "Y": 0.44951844215393066
          },
          {
            "X": 0.6431884169578552,
            "Y": 0.44949662685394287
          }
        ]
      },
      "Id": "a910b684-9a9c-4733-be9a-e738c3885014",
      "Page": 1
    },
    {
      "BlockType": "WORD",
      "Confidence": 99.63260650634766,
      "Text": "Epoxy",
      "TextType": "PRINTED",
      "Geometry": {
        "BoundingBox": {
          "Width": 0.0275738462805748,
          "Height": 0.02605372667312622,
          "Left": 0.7524400949478149,
          "Top": 0.42824044823646545
        },
        "Polygon": [
          {
            "X": 0.7524400949478149,
            "Y": 0.42824044823646545
          },
          {
            "X": 0.7797155976295471,
            "Y": 0.4282807409763336
          },
          {
            "X": 0.7800139784812927,
            "Y": 0.4542941749095917
          },
          {
            "X": 0.7527326941490173,
            "Y": 0.45425528287887573
          }
        ]
      },
      "Id": "b0c6eb0c-a1ab-45d7-8b21-9f8df7fb0235",
      "Page": 1
    },
    {
      "BlockType": "WORD",
      "Confidence": 99.9442367553711,
      "Text": "content",
      "TextType": "PRINTED",
      "Geometry": {
        "BoundingBox": {
          "Width": 0.03409413993358612,
          "Height": 0.01929645612835884,
          "Left": 0.7826203107833862,
          "Top": 0.43060070276260376
        },
        "Polygon": [
          {
            "X": 0.7826203107833862,
            "Y": 0.43060070276260376
          },
          {
            "X": 0.8164878487586975,
            "Y": 0.4306505620479584
          },
          {
            "X": 0.8167144656181335,
            "Y": 0.4498971402645111
          },
          {
            "X": 0.7828415632247925,
            "Y": 0.44984856247901917
          }
        ]
      },
      "Id": "4391ceec-5570-4c0e-a4a3-f0146dd97708",
      "Page": 1
    },
    {
      "BlockType": "WORD",
      "Confidence": 83.68008422851562,
      "Text": "(wt%",
      "TextType": "PRINTED",
      "Geometry": {
        "BoundingBox": {
          "Width": 0.021979909390211105,
          "Height": 0.02671428583562374,
          "Left": 0.8195880651473999,
          "Top": 0.4275749921798706
        },
        "Polygon": [
          {
            "X": 0.8195880651473999,
            "Y": 0.4275749921798706
          },
          {
            "X": 0.8412483930587769,
            "Y": 0.427606999874115
          },
          {
            "X": 0.8415679335594177,
            "Y": 0.4542892575263977
          },
          {
            "X": 0.8199028968811035,
            "Y": 0.45425838232040405
          }
        ]
      },
      "Id": "e6e4ab41-3798-45ca-aa64-dc03d71691fc",
      "Page": 1
    },
    {
      "BlockType": "WORD",
      "Confidence": 99.80024719238281,
      "Text": "DKL-epoxy",
      "TextType": "PRINTED",
      "Geometry": {
        "BoundingBox": {
          "Width": 0.048878829926252365,
          "Height": 0.025831609964370728,
          "Left": 0.18521249294281006,
          "Top": 0.47685450315475464
        },
        "Polygon": [
          {
            "X": 0.18521249294281006,
            "Y": 0.47685450315475464
          },
          {
            "X": 0.23391172289848328,
            "Y": 0.4769217073917389
          },
          {
            "X": 0.23409132659435272,
            "Y": 0.5026861429214478
          },
          {
            "X": 0.18538178503513336,
            "Y": 0.5026213526725769
          }
        ]
      },
      "Id": "a237aa02-7f79-4696-9964-11e8bbc80a14",
      "Page": 1
    },
    {
      "BlockType": "WORD",
      "Confidence": 99.66514587402344,
      "Text": "resin",
      "TextType": "PRINTED",
      "Geometry": {
        "BoundingBox": {
          "Width": 0.021572954952716827,
          "Height": 0.020813100039958954,
          "Left": 0.2367536574602127,
          "Top": 0.47642087936401367
        },
        "Polygon": [
          {
            "X": 0.2367536574602127,
            "Y": 0.47642087936401367
          },
          {
            "X": 0.25817757844924927,
            "Y": 0.47645047307014465
          },
          {
            "X": 0.25832661986351013,
            "Y": 0.4972339868545532
          },
          {
            "X": 0.23689903318881989,
            "Y": 0.4972052574157715
          }
        ]
      },
      "Id": "39bb2ef2-008e-4737-a531-a24b0984f5a2",
      "Page": 1
    },
    {
      "BlockType": "WORD",
      "Confidence": 99.87715148925781,
      "Text": "790",
      "TextType": "PRINTED",
      "Geometry": {
        "BoundingBox": {
          "Width": 0.01680944673717022,
          "Height": 0.02010365016758442,
          "Left": 0.35395392775535583,
          "Top": 0.47698304057121277
        },
        "Polygon": [
          {
            "X": 0.35395392775535583,
            "Y": 0.47698304057121277
          },
          {
            "X": 0.37060078978538513,
            "Y": 0.4770060181617737
          },
          {
            "X": 0.3707633912563324,
            "Y": 0.49708670377731323
          },
          {
            "X": 0.35411378741264343,
            "Y": 0.49706438183784485
          }
        ]
      },
      "Id": "dfcf5fbf-7002-4b3c-8956-53be8399c262",
      "Page": 1
    },
    {
      "BlockType": "WORD",
      "Confidence": 99.9627914428711,
      "Text": "2800",
      "TextType": "PRINTED",
      "Geometry": {
        "BoundingBox": {
          "Width": 0.022319654002785683,
          "Height": 0.020310504361987114,
          "Left": 0.497430682182312,
          "Top": 0.4770425260066986
        },
        "Polygon": [
          {
            "X": 0.497430682182312,
            "Y": 0.4770425260066986
          },
          {
            "X": 0.519561231136322,
            "Y": 0.477073073387146
          },
          {
            "X": 0.5197503566741943,
            "Y": 0.4973530173301697
          },
          {
            "X": 0.49761608242988586,
            "Y": 0.49732333421707153
          }
        ]
      },
      "Id": "7935a10e-1c1e-47fd-a814-a758614f9eb4",
      "Page": 1
    },
    {
      "BlockType": "WORD",
      "Confidence": 97.18124389648438,
      "Text": "3.5",
      "TextType": "PRINTED",
      "Geometry": {
        "BoundingBox": {
          "Width": 0.013353508897125721,
          "Height": 0.0202798992395401,
          "Left": 0.642960250377655,
          "Top": 0.4770892858505249
        },
        "Polygon": [
          {
            "X": 0.642960250377655,
            "Y": 0.4770892858505249
          },
          {
            "X": 0.6561020612716675,
            "Y": 0.477107435464859
          },
          {
            "X": 0.6563137769699097,
            "Y": 0.4973691999912262
          },
          {
            "X": 0.6431697607040405,
            "Y": 0.4973515570163727
          }
        ]
      },
      "Id": "138ad1a6-cbf1-4406-94e0-6d67a8731943",
      "Page": 1
    },
    {
      "BlockType": "WORD",
      "Confidence": 97.15198516845703,
      "Text": "5.6",
      "TextType": "PRINTED",
      "Geometry": {
        "BoundingBox": {
          "Width": 0.013457205146551132,
          "Height": 0.020262448117136955,
          "Left": 0.7525923848152161,
          "Top": 0.4771619439125061
        },
        "Polygon": [
          {
            "X": 0.7525923848152161,
            "Y": 0.4771619439125061
          },
          {
            "X": 0.765819787979126,
            "Y": 0.47718021273612976
          },
          {
            "X": 0.7660495638847351,
            "Y": 0.4974243938922882
          },
          {
            "X": 0.7528200149536133,
            "Y": 0.49740663170814514
          }
        ]
      },
      "Id": "85766c52-b0e9-4506-a7bb-92792a4474c2",
      "Page": 1
    },
    {
      "BlockType": "WORD",
      "Confidence": 99.67559814453125,
      "Text": "DOL-epoxy",
      "TextType": "PRINTED",
      "Geometry": {
        "BoundingBox": {
          "Width": 0.04919937998056412,
          "Height": 0.026221005246043205,
          "Left": 0.18524834513664246,
          "Top": 0.510034441947937
        },
        "Polygon": [
          {
            "X": 0.18524834513664246,
            "Y": 0.510034441947937
          },
          {
            "X": 0.23426537215709686,
            "Y": 0.5100988745689392
          },
          {
            "X": 0.23444773256778717,
            "Y": 0.536255419254303
          },
          {
            "X": 0.1854201704263687,
            "Y": 0.5361934900283813
          }
        ]
      },
      "Id": "ebfece88-0ae8-4ccb-81cc-cdb0ac2dd4ef",
      "Page": 1
    },
    {
      "BlockType": "WORD",
      "Confidence": 99.63127136230469,
      "Text": "resin",
      "TextType": "PRINTED",
      "Geometry": {
        "BoundingBox": {
          "Width": 0.021639635786414146,
          "Height": 0.020542902871966362,
          "Left": 0.2377372533082962,
          "Top": 0.5096918344497681
        },
        "Polygon": [
          {
            "X": 0.2377372533082962,
            "Y": 0.5096918344497681
          },
          {
            "X": 0.2592296600341797,
            "Y": 0.5097200870513916
          },
          {
            "X": 0.2593768835067749,
            "Y": 0.530234694480896
          },
          {
            "X": 0.2378808706998825,
            "Y": 0.5302072763442993
          }
        ]
      },
      "Id": "a99e7a72-ffe4-45a8-900c-ee68826d83e0",
      "Page": 1
    },
    {
      "BlockType": "WORD",
      "Confidence": 99.81816101074219,
      "Text": "500",
      "TextType": "PRINTED",
      "Geometry": {
        "BoundingBox": {
          "Width": 0.016678107902407646,
          "Height": 0.02001057006418705,
          "Left": 0.3539358675479889,
          "Top": 0.5102943181991577
        },
        "Polygon": [
          {
            "X": 0.3539358675479889,
            "Y": 0.5102943181991577
          },
          {
            "X": 0.3704521954059601,
            "Y": 0.5103160738945007
          },
          {
            "X": 0.3706139624118805,
            "Y": 0.5303049087524414
          },
          {
            "X": 0.354094922542572,
            "Y": 0.5302838087081909
          }
        ]
      },
      "Id": "760edc1b-8073-4cb9-b4f3-ab89e251dca5",
      "Page": 1
    },
    {
      "BlockType": "WORD",
      "Confidence": 99.97572326660156,
      "Text": "1400",
      "TextType": "PRINTED",
      "Geometry": {
        "BoundingBox": {
          "Width": 0.021793000400066376,
          "Height": 0.020574232563376427,
          "Left": 0.49809402227401733,
          "Top": 0.510100245475769
        },
        "Polygon": [
          {
            "X": 0.49809402227401733,
            "Y": 0.510100245475769
          },
          {
            "X": 0.519695520401001,
            "Y": 0.5101286172866821
          },
          {
            "X": 0.5198870301246643,
            "Y": 0.5306744575500488
          },
          {
            "X": 0.49828189611434937,
            "Y": 0.5306469202041626
          }
        ]
      },
      "Id": "995ca28c-e3cc-4f46-9cd1-fa00648ac908",
      "Page": 1
    },
    {
      "BlockType": "WORD",
      "Confidence": 99.70567321777344,
      "Text": "2.8",
      "TextType": "PRINTED",
      "Geometry": {
        "BoundingBox": {
          "Width": 0.013607223518192768,
          "Height": 0.020222775638103485,
          "Left": 0.642723023891449,
          "Top": 0.5102171897888184
        },
        "Polygon": [
          {
            "X": 0.642723023891449,
            "Y": 0.5102171897888184
          },
          {
            "X": 0.656119167804718,
            "Y": 0.5102348327636719
          },
          {
            "X": 0.6563302278518677,
            "Y": 0.5304399728775024
          },
          {
            "X": 0.6429318189620972,
            "Y": 0.5304228663444519
          }
        ]
      },
      "Id": "fa283cd7-513b-4c8c-aa7d-0b988b0d5c50",
      "Page": 1
    },
    {
      "BlockType": "WORD",
      "Confidence": 99.94164276123047,
      "Text": "8.0",
      "TextType": "PRINTED",
      "Geometry": {
        "BoundingBox": {
          "Width": 0.013459829613566399,
          "Height": 0.019961616024374962,
          "Left": 0.752632737159729,
          "Top": 0.5105403065681458
        },
        "Polygon": [
          {
            "X": 0.752632737159729,
            "Y": 0.5105403065681458
          },
          {
            "X": 0.765866219997406,
            "Y": 0.5105577111244202
          },
          {
            "X": 0.7660925388336182,
            "Y": 0.5305019021034241
          },
          {
            "X": 0.7528569102287292,
            "Y": 0.5304850339889526
          }
        ]
      },
      "Id": "3c7ab38d-76ba-4478-abd6-a8967b27adb8",
      "Page": 1
    },
    {
      "BlockType": "WORD",
      "Confidence": 98.05724334716797,
      "Text": "DGEBA",
      "TextType": "PRINTED",
      "Geometry": {
        "BoundingBox": {
          "Width": 0.03147989884018898,
          "Height": 0.01912512071430683,
          "Left": 0.1853300929069519,
          "Top": 0.5436131358146667
        },
        "Polygon": [
          {
            "X": 0.1853300929069519,
            "Y": 0.5436131358146667
          },
          {
            "X": 0.21667972207069397,
            "Y": 0.5436522960662842
          },
          {
            "X": 0.21680998802185059,
            "Y": 0.5627382397651672
          },
          {
            "X": 0.18545544147491455,
            "Y": 0.5627002716064453
          }
        ]
      },
      "Id": "aefad896-a700-464a-8f5d-17d6638ea6ef",
      "Page": 1
    },
    {
      "BlockType": "WORD",
      "Confidence": 99.94661712646484,
      "Text": "550",
      "TextType": "PRINTED",
      "Geometry": {
        "BoundingBox": {
          "Width": 0.016770856454968452,
          "Height": 0.020237963646650314,
          "Left": 0.35390040278434753,
          "Top": 0.5433882474899292
        },
        "Polygon": [
          {
            "X": 0.35390040278434753,
            "Y": 0.5433882474899292
          },
          {
            "X": 0.3705076575279236,
            "Y": 0.543408989906311
          },
          {
            "X": 0.37067124247550964,
            "Y": 0.563626229763031
          },
          {
            "X": 0.35406121611595154,
            "Y": 0.5636060833930969
          }
        ]
      },
      "Id": "46953558-19ff-4fe3-bef8-5c0b3496a5ef",
      "Page": 1
    },
    {
      "BlockType": "WORD",
      "Confidence": 99.96025085449219,
      "Text": "822",
      "TextType": "PRINTED",
      "Geometry": {
        "BoundingBox": {
          "Width": 0.01683855801820755,
          "Height": 0.020404400303959846,
          "Left": 0.49742740392684937,
          "Top": 0.5431437492370605
        },
        "Polygon": [
          {
            "X": 0.49742740392684937,
            "Y": 0.5431437492370605
          },
          {
            "X": 0.5140769481658936,
            "Y": 0.5431646108627319
          },
          {
            "X": 0.5142659544944763,
            "Y": 0.5635481476783752
          },
          {
            "X": 0.4976136386394501,
            "Y": 0.5635280013084412
          }
        ]
      },
      "Id": "28bb5c24-16e1-477c-bdb2-0dcfa2d860ce",
      "Page": 1
    },
    {
      "BlockType": "WORD",
      "Confidence": 99.41222381591797,
      "Text": "1.5",
      "TextType": "PRINTED",
      "Geometry": {
        "BoundingBox": {
          "Width": 0.012659023515880108,
          "Height": 0.019883185625076294,
          "Left": 0.6436300873756409,
          "Top": 0.5437315106391907
        },
        "Polygon": [
          {
            "X": 0.6436300873756409,
            "Y": 0.5437315106391907
          },
          {
            "X": 0.6560816764831543,
            "Y": 0.543747067451477
          },
          {
            "X": 0.6562891602516174,
            "Y": 0.5636146664619446
          },
          {
            "X": 0.6438355445861816,
            "Y": 0.5635995864868164
          }
        ]
      },
      "Id": "547c6b51-d14d-48e7-a70c-c626939df8eb",
      "Page": 1
    },
    {
      "BlockType": "WORD",
      "Confidence": 99.66699981689453,
      "Text": "14.6",
      "TextType": "PRINTED",
      "Geometry": {
        "BoundingBox": {
          "Width": 0.018573638051748276,
          "Height": 0.020807472988963127,
          "Left": 0.7533416152000427,
          "Top": 0.5432321429252625
        },
        "Polygon": [
          {
            "X": 0.7533416152000427,
            "Y": 0.5432321429252625
          },
          {
            "X": 0.7716784477233887,
            "Y": 0.543255090713501
          },
          {
            "X": 0.7719152569770813,
            "Y": 0.5640396475791931
          },
          {
            "X": 0.753575325012207,
            "Y": 0.5640174150466919
          }
        ]
      },
      "Id": "d1716429-3385-4cea-abc9-996f8bd30d35",
      "Page": 1
    },
    {
      "BlockType": "TABLE",
      "Confidence": 99.658203125,
      "Geometry": {
        "BoundingBox": {
          "Width": 0.6844215393066406,
          "Height": 0.17052409052848816,
          "Left": 0.15817475318908691,
          "Top": 0.41411590576171875
        },
        "Polygon": [
          {
            "X": 0.15817475318908691,
            "Y": 0.41411590576171875
          },
          {
            "X": 0.8405668139457703,
            "Y": 0.41514158248901367
          },
          {
            "X": 0.8425962924957275,
            "Y": 0.5846400260925293
          },
          {
            "X": 0.1592525839805603,
            "Y": 0.5838404297828674
          }
        ]
      },
      "Id": "466f8c23-70d8-4f6b-9a11-364b3569b97a",
      "Relationships": [
        {
          "Type": "CHILD",
          "Ids": [
            "79f65858-d424-457d-8484-7840d028af27",
            "64062413-f20c-42d0-b71b-10c2b006afad",
            "ab89b13c-50d5-442c-bae3-0ad9ab67ae87",
            "04378189-71df-449c-8869-dae027f8e2ea",
            "f271c581-887d-47dd-af89-66776fe2ec86",
            "92844115-3605-459f-a9dc-e09fddcd8cb0",
            "ab76b2bf-11ff-4c1b-9907-6eb7c53e5e19",
            "ac771756-b71a-4c81-964d-2b2ecb9743d6",
            "43230abb-64a0-4680-af33-beec064a6ace",
            "b6fc4a72-7c93-4b92-aa3a-56878a45be9f",
            "64b4bd0a-d76b-4964-9979-7213c2b3c573",
            "592aa118-0e4a-4f9e-b928-d89c4f6819c6",
            "5666da8e-d014-4cf8-aa13-2f0a2557cc1f",
            "71133f72-1cc3-46d1-abe8-4708bc43c0b0",
            "ff9570eb-2e72-43b4-96b7-37b143d592cb",
            "30f047c7-923d-4ee3-9177-a8221ace461b",
            "763a3ffd-8919-4423-8f36-9f67a8db9007",
            "fde38734-b51e-47bc-a204-03db5ce451df",
            "fa7f1944-744a-421a-87a3-e12e7430fd19",
            "bea86e28-53da-49c4-894d-745088ee5226"
          ]
        }
      ],
      "EntityTypes": [
        "STRUCTURED_TABLE"
      ],
      "Page": 1
    },
    {
      "BlockType": "CELL",
      "Confidence": 91.69921875,
      "RowIndex": 1,
      "ColumnIndex": 1,
      "RowSpan": 1,
      "ColumnSpan": 1,
      "Geometry": {
        "BoundingBox": {
          "Width": 0.14705635607242584,
          "Height": 0.048483774065971375,
          "Left": 0.15817475318908691,
          "Top": 0.41411590576171875
        },
        "Polygon": [
          {
            "X": 0.15817475318908691,
            "Y": 0.41411590576171875
          },
          {
            "X": 0.3048662543296814,
            "Y": 0.4143364131450653
          },
          {
            "X": 0.30523109436035156,
            "Y": 0.4625996947288513
          },
          {
            "X": 0.15848132967948914,
            "Y": 0.46239301562309265
          }
        ]
      },
      "Id": "79f65858-d424-457d-8484-7840d028af27",
      "Relationships": [
        {
          "Type": "CHILD",
          "Ids": [
            "a34c5cad-6dfe-4cb8-beff-dbe0f8c4625e"
          ]
        }
      ],
      "EntityTypes": [
        "COLUMN_HEADER"
      ],
      "Page": 1
    },
    {
      "BlockType": "CELL",
      "Confidence": 90.869140625,
      "RowIndex": 1,
      "ColumnIndex": 2,
      "RowSpan": 1,
      "ColumnSpan": 1,
      "Geometry": {
        "BoundingBox": {
          "Width": 0.14523856341838837,
          "Height": 0.04846731945872307,
          "Left": 0.3048662543296814,
          "Top": 0.4143364131450653
        },
        "Polygon": [
          {
            "X": 0.3048662543296814,
            "Y": 0.4143364131450653
          },
          {
            "X": 0.4496825337409973,
            "Y": 0.41455405950546265
          },
          {
            "X": 0.45010483264923096,
            "Y": 0.4628037214279175
          },
          {
            "X": 0.30523109436035156,
            "Y": 0.4625996947288513
          }
        ]
      },
      "Id": "64062413-f20c-42d0-b71b-10c2b006afad",
      "Relationships": [
        {
          "Type": "CHILD",
          "Ids": [
            "82c695da-ce99-4c81-8f69-a7b2ebdb22af",
            "04630cb5-a09d-47b3-9339-149b981d2e80"
          ]
        }
      ],
      "EntityTypes": [
        "COLUMN_HEADER"
      ],
      "Page": 1
    },
    {
      "BlockType": "CELL",
      "Confidence": 92.919921875,
      "RowIndex": 1,
      "ColumnIndex": 3,
      "RowSpan": 1,
      "ColumnSpan": 1,
      "Geometry": {
        "BoundingBox": {
          "Width": 0.14468732476234436,
          "Height": 0.04845282807946205,
          "Left": 0.4496825337409973,
          "Top": 0.41455405950546265
        },
        "Polygon": [
          {
            "X": 0.4496825337409973,
            "Y": 0.41455405950546265
          },
          {
            "X": 0.593890368938446,
            "Y": 0.41477081179618835
          },
          {
            "X": 0.5943698287010193,
            "Y": 0.4630068838596344
          },
          {
            "X": 0.45010483264923096,
            "Y": 0.4628037214279175
          }
        ]
      },
      "Id": "ab89b13c-50d5-442c-bae3-0ad9ab67ae87",
      "Relationships": [
        {
          "Type": "CHILD",
          "Ids": [
            "9380dd30-43d7-4c70-97ab-b7db242614ef",
            "ef825f95-b437-4753-ba4a-7f07a83bbc9b"
          ]
        }
      ],
      "EntityTypes": [
        "COLUMN_HEADER"
      ],
      "Page": 1
    },
    {
      "BlockType": "CELL",
      "Confidence": 89.16015625,
      "RowIndex": 1,
      "ColumnIndex": 4,
      "RowSpan": 1,
      "ColumnSpan": 1,
      "Geometry": {
        "BoundingBox": {
          "Width": 0.11625360697507858,
          "Height": 0.04839912801980972,
          "Left": 0.593890368938446,
          "Top": 0.41477081179618835
        },
        "Polygon": [
          {
            "X": 0.593890368938446,
            "Y": 0.41477081179618835
          },
          {
            "X": 0.7096185684204102,
            "Y": 0.41494476795196533
          },
          {
            "X": 0.7101439833641052,
            "Y": 0.4631699323654175
          },
          {
            "X": 0.5943698287010193,
            "Y": 0.4630068838596344
          }
        ]
      },
      "Id": "04378189-71df-449c-8869-dae027f8e2ea",
      "Relationships": [
        {
          "Type": "CHILD",
          "Ids": [
            "a910b684-9a9c-4733-be9a-e738c3885014"
          ]
        }
      ],
      "EntityTypes": [
        "COLUMN_HEADER"
      ],
      "Page": 1
    },
    {
      "BlockType": "CELL",
      "Confidence": 91.845703125,
      "RowIndex": 1,
      "ColumnIndex": 5,
      "RowSpan": 1,
      "ColumnSpan": 1,
      "Geometry": {
        "BoundingBox": {
          "Width": 0.13152550160884857,
          "Height": 0.04840967431664467,
          "Left": 0.7096185684204102,
          "Top": 0.41494476795196533
        },
        "Polygon": [
          {
            "X": 0.7096185684204102,
            "Y": 0.41494476795196533
          },
          {
            "X": 0.8405668139457703,
            "Y": 0.41514158248901367
          },
          {
            "X": 0.8411440849304199,
            "Y": 0.4633544385433197
          },
          {
            "X": 0.7101439833641052,
            "Y": 0.4631699323654175
          }
        ]
      },
      "Id": "f271c581-887d-47dd-af89-66776fe2ec86",
      "Relationships": [
        {
          "Type": "CHILD",
          "Ids": [
            "b0c6eb0c-a1ab-45d7-8b21-9f8df7fb0235",
            "4391ceec-5570-4c0e-a4a3-f0146dd97708",
            "e6e4ab41-3798-45ca-aa64-dc03d71691fc"
          ]
        }
      ],
      "EntityTypes": [
        "COLUMN_HEADER"
      ],
      "Page": 1
    },
    {
      "BlockType": "CELL",
      "Confidence": 87.40234375,
      "RowIndex": 2,
      "ColumnIndex": 1,
      "RowSpan": 1,
      "ColumnSpan": 1,
      "Geometry": {
        "BoundingBox": {
          "Width": 0.1470634639263153,
          "Height": 0.04170462116599083,
          "Left": 0.15848132967948914,
          "Top": 0.46239301562309265
        },
        "Polygon": [
          {
            "X": 0.15848132967948914,
            "Y": 0.46239301562309265
          },
          {
            "X": 0.30523109436035156,
            "Y": 0.4625996947288513
          },
          {
            "X": 0.30554479360580444,
            "Y": 0.5040976405143738
          },
          {
            "X": 0.1587449461221695,
            "Y": 0.5039028525352478
          }
        ]
      },
      "Id": "92844115-3605-459f-a9dc-e09fddcd8cb0",
      "Relationships": [
        {
          "Type": "CHILD",
          "Ids": [
            "a237aa02-7f79-4696-9964-11e8bbc80a14",
            "39bb2ef2-008e-4737-a531-a24b0984f5a2"
          ]
        }
      ],
      "Page": 1
    },
    {
      "BlockType": "CELL",
      "Confidence": 86.62109375,
      "RowIndex": 2,
      "ColumnIndex": 2,
      "RowSpan": 1,
      "ColumnSpan": 1,
      "Geometry": {
        "BoundingBox": {
          "Width": 0.14523684978485107,
          "Height": 0.04169024899601936,
          "Left": 0.30523109436035156,
          "Top": 0.4625996947288513
        },
        "Polygon": [
          {
            "X": 0.30523109436035156,
            "Y": 0.4625996947288513
          },
          {
            "X": 0.45010483264923096,
            "Y": 0.4628037214279175
          },
          {
            "X": 0.45046794414520264,
            "Y": 0.5042899250984192
          },
          {
            "X": 0.30554479360580444,
            "Y": 0.5040976405143738
          }
        ]
      },
      "Id": "ab76b2bf-11ff-4c1b-9907-6eb7c53e5e19",
      "Relationships": [
        {
          "Type": "CHILD",
          "Ids": [
            "dfcf5fbf-7002-4b3c-8956-53be8399c262"
          ]
        }
      ],
      "Page": 1
    },
    {
      "BlockType": "CELL",
      "Confidence": 88.57421875,
      "RowIndex": 2,
      "ColumnIndex": 3,
      "RowSpan": 1,
      "ColumnSpan": 1,
      "Geometry": {
        "BoundingBox": {
          "Width": 0.1446773111820221,
          "Height": 0.04167770594358444,
          "Left": 0.45010483264923096,
          "Top": 0.4628037214279175
        },
        "Polygon": [
          {
            "X": 0.45010483264923096,
            "Y": 0.4628037214279175
          },
          {
            "X": 0.5943698287010193,
            "Y": 0.4630068838596344
          },
          {
            "X": 0.5947821736335754,
            "Y": 0.5044814348220825
          },
          {
            "X": 0.45046794414520264,
            "Y": 0.5042899250984192
          }
        ]
      },
      "Id": "ac771756-b71a-4c81-964d-2b2ecb9743d6",
      "Relationships": [
        {
          "Type": "CHILD",
          "Ids": [
            "7935a10e-1c1e-47fd-a814-a758614f9eb4"
          ]
        }
      ],
      "Page": 1
    },
    {
      "BlockType": "CELL",
      "Confidence": 84.9609375,
      "RowIndex": 2,
      "ColumnIndex": 4,
      "RowSpan": 1,
      "ColumnSpan": 1,
      "Geometry": {
        "BoundingBox": {
          "Width": 0.11622583866119385,
          "Height": 0.04162820801138878,
          "Left": 0.5943698287010193,
          "Top": 0.4630068838596344
        },
        "Polygon": [
          {
            "X": 0.5943698287010193,
            "Y": 0.4630068838596344
          },
          {
            "X": 0.7101439833641052,
            "Y": 0.4631699323654175
          },
          {
            "X": 0.7105956673622131,
            "Y": 0.5046350955963135
          },
          {
            "X": 0.5947821736335754,
            "Y": 0.5044814348220825
          }
        ]
      },
      "Id": "43230abb-64a0-4680-af33-beec064a6ace",
      "Relationships": [
        {
          "Type": "CHILD",
          "Ids": [
            "138ad1a6-cbf1-4406-94e0-6d67a8731943"
          ]
        }
      ],
      "Page": 1
    },
    {
      "BlockType": "CELL",
      "Confidence": 87.548828125,
      "RowIndex": 2,
      "ColumnIndex": 5,
      "RowSpan": 1,
      "ColumnSpan": 1,
      "Geometry": {
        "BoundingBox": {
          "Width": 0.13149647414684296,
          "Height": 0.041639041155576706,
          "Left": 0.7101439833641052,
          "Top": 0.4631699323654175
        },
        "Polygon": [
          {
            "X": 0.7101439833641052,
            "Y": 0.4631699323654175
          },
          {
            "X": 0.8411440849304199,
            "Y": 0.4633544385433197
          },
          {
            "X": 0.8416404128074646,
            "Y": 0.5048089623451233
          },
          {
            "X": 0.7105956673622131,
            "Y": 0.5046350955963135
          }
        ]
      },
      "Id": "b6fc4a72-7c93-4b92-aa3a-56878a45be9f",
      "Relationships": [
        {
          "Type": "CHILD",
          "Ids": [
            "85766c52-b0e9-4506-a7bb-92792a4474c2"
          ]
        }
      ],
      "Page": 1
    },
    {
      "BlockType": "CELL",
      "Confidence": 82.177734375,
      "RowIndex": 3,
      "ColumnIndex": 1,
      "RowSpan": 1,
      "ColumnSpan": 1,
      "Geometry": {
        "BoundingBox": {
          "Width": 0.14705096185207367,
          "Height": 0.03341357782483101,
          "Left": 0.1587449461221695,
          "Top": 0.5039028525352478
        },
        "Polygon": [
          {
            "X": 0.1587449461221695,
            "Y": 0.5039028525352478
          },
          {
            "X": 0.30554479360580444,
            "Y": 0.5040976405143738
          },
          {
            "X": 0.30579590797424316,
            "Y": 0.5373164415359497
          },
          {
            "X": 0.15895596146583557,
            "Y": 0.5371311902999878
          }
        ]
      },
      "Id": "64b4bd0a-d76b-4964-9979-7213c2b3c573",
      "Relationships": [
        {
          "Type": "CHILD",
          "Ids": [
            "ebfece88-0ae8-4ccb-81cc-cdb0ac2dd4ef",
            "a99e7a72-ffe4-45a8-900c-ee68826d83e0"
          ]
        }
      ],
      "Page": 1
    },
    {
      "BlockType": "CELL",
      "Confidence": 81.396484375,
      "RowIndex": 3,
      "ColumnIndex": 2,
      "RowSpan": 1,
      "ColumnSpan": 1,
      "Geometry": {
        "BoundingBox": {
          "Width": 0.14521381258964539,
          "Height": 0.03340169042348862,
          "Left": 0.30554479360580444,
          "Top": 0.5040976405143738
        },
        "Polygon": [
          {
            "X": 0.30554479360580444,
            "Y": 0.5040976405143738
          },
          {
            "X": 0.45046794414520264,
            "Y": 0.5042899250984192
          },
          {
            "X": 0.45075860619544983,
            "Y": 0.5374993085861206
          },
          {
            "X": 0.30579590797424316,
            "Y": 0.5373164415359497
          }
        ]
      },
      "Id": "592aa118-0e4a-4f9e-b928-d89c4f6819c6",
      "Relationships": [
        {
          "Type": "CHILD",
          "Ids": [
            "760edc1b-8073-4cb9-b4f3-ab89e251dca5"
          ]
        }
      ],
      "Page": 1
    },
    {
      "BlockType": "CELL",
      "Confidence": 83.203125,
      "RowIndex": 3,
      "ColumnIndex": 3,
      "RowSpan": 1,
      "ColumnSpan": 1,
      "Geometry": {
        "BoundingBox": {
          "Width": 0.14464423060417175,
          "Height": 0.033391524106264114,
          "Left": 0.45046794414520264,
          "Top": 0.5042899250984192
        },
        "Polygon": [
          {
            "X": 0.45046794414520264,
            "Y": 0.5042899250984192
          },
          {
            "X": 0.5947821736335754,
            "Y": 0.5044814348220825
          },
          {
            "X": 0.5951122045516968,
            "Y": 0.5376814603805542
          },
          {
            "X": 0.45075860619544983,
            "Y": 0.5374993085861206
          }
        ]
      },
      "Id": "5666da8e-d014-4cf8-aa13-2f0a2557cc1f",
      "Relationships": [
        {
          "Type": "CHILD",
          "Ids": [
            "995ca28c-e3cc-4f46-9cd1-fa00648ac908"
          ]
        }
      ],
      "Page": 1
    },
    {
      "BlockType": "CELL",
      "Confidence": 79.8828125,
      "RowIndex": 3,
      "ColumnIndex": 4,
      "RowSpan": 1,
      "ColumnSpan": 1,
      "Geometry": {
        "BoundingBox": {
          "Width": 0.11617515981197357,
          "Height": 0.03334619849920273,
          "Left": 0.5947821736335754,
          "Top": 0.5044814348220825
        },
        "Polygon": [
          {
            "X": 0.5947821736335754,
            "Y": 0.5044814348220825
          },
          {
            "X": 0.7105956673622131,
            "Y": 0.5046350955963135
          },
          {
            "X": 0.7109572887420654,
            "Y": 0.5378276109695435
          },
          {
            "X": 0.5951122045516968,
            "Y": 0.5376814603805542
          }
        ]
      },
      "Id": "71133f72-1cc3-46d1-abe8-4708bc43c0b0",
      "Relationships": [
        {
          "Type": "CHILD",
          "Ids": [
            "fa283cd7-513b-4c8c-aa7d-0b988b0d5c50"
          ]
        }
      ],
      "Page": 1
    },
    {
      "BlockType": "CELL",
      "Confidence": 82.275390625,
      "RowIndex": 3,
      "ColumnIndex": 5,
      "RowSpan": 1,
      "ColumnSpan": 1,
      "Geometry": {
        "BoundingBox": {
          "Width": 0.13144205510616302,
          "Height": 0.03335791081190109,
          "Left": 0.7105956673622131,
          "Top": 0.5046350955963135
        },
        "Polygon": [
          {
            "X": 0.7105956673622131,
            "Y": 0.5046350955963135
          },
          {
            "X": 0.8416404128074646,
            "Y": 0.5048089623451233
          },
          {
            "X": 0.8420377373695374,
            "Y": 0.5379930138587952
          },
          {
            "X": 0.7109572887420654,
            "Y": 0.5378276109695435
          }
        ]
      },
      "Id": "ff9570eb-2e72-43b4-96b7-37b143d592cb",
      "Relationships": [
        {
          "Type": "CHILD",
          "Ids": [
            "3c7ab38d-76ba-4478-abd6-a8967b27adb8"
          ]
        }
      ],
      "Page": 1
    },
    {
      "BlockType": "CELL",
      "Confidence": 91.11328125,
      "RowIndex": 4,
      "ColumnIndex": 1,
      "RowSpan": 1,
      "ColumnSpan": 1,
      "Geometry": {
        "BoundingBox": {
          "Width": 0.14719292521476746,
          "Height": 0.04688115417957306,
          "Left": 0.15895596146583557,
          "Top": 0.5371311902999878
        },
        "Polygon": [
          {
            "X": 0.15895596146583557,
            "Y": 0.5371311902999878
          },
          {
            "X": 0.30579590797424316,
            "Y": 0.5373164415359497
          },
          {
            "X": 0.306148886680603,
            "Y": 0.5840123295783997
          },
          {
            "X": 0.1592525839805603,
            "Y": 0.5838404297828674
          }
        ]
      },
      "Id": "30f047c7-923d-4ee3-9177-a8221ace461b",
      "Relationships": [
        {
          "Type": "CHILD",
          "Ids": [
            "aefad896-a700-464a-8f5d-17d6638ea6ef"
          ]
        }
      ],
      "Page": 1
    },
    {
      "BlockType": "CELL",
      "Confidence": 90.283203125,
      "RowIndex": 4,
      "ColumnIndex": 2,
      "RowSpan": 1,
      "ColumnSpan": 1,
      "Geometry": {
        "BoundingBox": {
          "Width": 0.14537130296230316,
          "Height": 0.046865567564964294,
          "Left": 0.30579590797424316,
          "Top": 0.5373164415359497
        },
        "Polygon": [
          {
            "X": 0.30579590797424316,
            "Y": 0.5373164415359497
          },
          {
            "X": 0.45075860619544983,
            "Y": 0.5374993085861206
          },
          {
            "X": 0.45116719603538513,
            "Y": 0.5841820240020752
          },
          {
            "X": 0.306148886680603,
            "Y": 0.5840123295783997
          }
        ]
      },
      "Id": "763a3ffd-8919-4423-8f36-9f67a8db9007",
      "Relationships": [
        {
          "Type": "CHILD",
          "Ids": [
            "46953558-19ff-4fe3-bef8-5c0b3496a5ef"
          ]
        }
      ],
      "Page": 1
    },
    {
      "BlockType": "CELL",
      "Confidence": 92.28515625,
      "RowIndex": 4,
      "ColumnIndex": 3,
      "RowSpan": 1,
      "ColumnSpan": 1,
      "Geometry": {
        "BoundingBox": {
          "Width": 0.1448175013065338,
          "Height": 0.04685163497924805,
          "Left": 0.45075860619544983,
          "Top": 0.5374993085861206
        },
        "Polygon": [
          {
            "X": 0.45075860619544983,
            "Y": 0.5374993085861206
          },
          {
            "X": 0.5951122045516968,
            "Y": 0.5376814603805542
          },
          {
            "X": 0.5955761075019836,
            "Y": 0.5843509435653687
          },
          {
            "X": 0.45116719603538513,
            "Y": 0.5841820240020752
          }
        ]
      },
      "Id": "fde38734-b51e-47bc-a204-03db5ce451df",
      "Relationships": [
        {
          "Type": "CHILD",
          "Ids": [
            "28bb5c24-16e1-477c-bdb2-0dcfa2d860ce"
          ]
        }
      ],
      "Page": 1
    },
    {
      "BlockType": "CELL",
      "Confidence": 88.57421875,
      "RowIndex": 4,
      "ColumnIndex": 4,
      "RowSpan": 1,
      "ColumnSpan": 1,
      "Geometry": {
        "BoundingBox": {
          "Width": 0.11635344475507736,
          "Height": 0.04680510237812996,
          "Left": 0.5951122045516968,
          "Top": 0.5376814603805542
        },
        "Polygon": [
          {
            "X": 0.5951122045516968,
            "Y": 0.5376814603805542
          },
          {
            "X": 0.7109572887420654,
            "Y": 0.5378276109695435
          },
          {
            "X": 0.71146559715271,
            "Y": 0.5844865441322327
          },
          {
            "X": 0.5955761075019836,
            "Y": 0.5843509435653687
          }
        ]
      },
      "Id": "fa7f1944-744a-421a-87a3-e12e7430fd19",
      "Relationships": [
        {
          "Type": "CHILD",
          "Ids": [
            "547c6b51-d14d-48e7-a70c-c626939df8eb"
          ]
        }
      ],
      "Page": 1
    },
    {
      "BlockType": "CELL",
      "Confidence": 91.259765625,
      "RowIndex": 4,
      "ColumnIndex": 5,
      "RowSpan": 1,
      "ColumnSpan": 1,
      "Geometry": {
        "BoundingBox": {
          "Width": 0.13163897395133972,
          "Height": 0.04681237414479256,
          "Left": 0.7109572887420654,
          "Top": 0.5378276109695435
        },
        "Polygon": [
          {
            "X": 0.7109572887420654,
            "Y": 0.5378276109695435
          },
          {
            "X": 0.8420377373695374,
            "Y": 0.5379930138587952
          },
          {
            "X": 0.8425962924957275,
            "Y": 0.5846400260925293
          },
          {
            "X": 0.71146559715271,
            "Y": 0.5844865441322327
          }
        ]
      },
      "Id": "bea86e28-53da-49c4-894d-745088ee5226",
      "Relationships": [
        {
          "Type": "CHILD",
          "Ids": [
            "d1716429-3385-4cea-abc9-996f8bd30d35"
          ]
        }
      ],
      "Page": 1
    }
  ],
  "AnalyzeDocumentModelVersion": "1.0"
}