{
  "DocumentMetadata": {
    "Pages": 1
  },
  "JobStatus": "SUCCEEDED",
  "Blocks": [
    {
      "BlockType": "PAGE",
      "Geometry": {
        "BoundingBox": {
          "Width": 1,
          "Height": 1,
          "Left": 0,
          "Top": 0
        },
        "Polygon": [
          {
            "X": 0,
            "Y": 0
          },
          {
            "X": 1,
            "Y": 8.469713748127106e-7
          },
          {
            "X": 1,
            "Y": 1
          },
          {
            "X": 0.00009466445044381544,
            "Y": 1
          }
        ]
      },
      "Id": "9ae4c18b-4e57-4ec0-b10b-58a6fe1ec992",
      "Relationships": [
        {
          "Type": "CHILD",
          "Ids": [
            "41ad5960-c4c8-4b92-aa37-4bbf56a25d79",
            "8faf9d39-85f7-4619-8b8f-ab3e919a2956",
            "11dacbdc-c8ae-4ae3-ad41-63c1a80a4515",
            "5ed804c6-939e-4444-bf8e-b6ffa3fb2755",
            "89f5e89b-0079-4d3d-9dfc-dc8199c48684",
            "4dba83e4-7124-4a23-9683-8a193c6e1a18",
            "7fedd03a-8b6c-455e-972a-9733f0b89b81",
            "d5168118-baa2-455a-abce-41bf8b82dcf4",
            "5a84ae24-ad77-4622-8434-d72bbc947c84",
            "ffc89ed8-1164-4521-ac8b-ebd890fbb046",
            "7f43907e-d792-4847-a583-fb634788a432",
            "ad79d294-8795-4270-bfb0-2895da7cf9b1",
            "095ef9b2-1009-497d-ae0c-4d3cbe002b6d",
            "8aa641f3-f0d1-4c6f-a713-499c4c18148a",
            "e015d240-2df3-4032-8d4e-a5872a9e029b",
            "b5300485-4fff-47d1-b012-41ec7ea84045"
          ]
        }
      ],
      "Page": 1
    },
    {
      "BlockType": "LINE",
      "Confidence": 99.92533874511719,
      "Text": "Samples",
      "Geometry": {
        "BoundingBox": {
          "Width": 0.05708559975028038,
          "Height": 0.02548932284116745,
          "Left": 0.26850423216819763,
          "Top": 0.41698339581489563
        },
        "Polygon": [
          {
            "X": 0.26850423216819763,
            "Y": 0.41702932119369507
          },
          {
            "X": 0.32508039474487305,
            "Y": 0.41698339581489563
          },
          {
            "X": 0.3255898356437683,
            "Y": 0.44242018461227417
          },
          {
            "X": 0.269011914730072,
            "Y": 0.4424727261066437
          }
        ]
      },
      "Id": "41ad5960-c4c8-4b92-aa37-4bbf56a25d79",
      "Relationships": [
        {
          "Type": "CHILD",
          "Ids": [
            "eebac07f-2845-4e3c-8b60-f2a5580b6ad5"
          ]
        }
      ],
      "Page": 1
    },
    {
      "BlockType": "LINE",
      "Confidence": 82.26516723632812,
      "Text": "Gel content [%]ª",
      "Geometry": {
        "BoundingBox": {
          "Width": 0.11147049814462662,
          "Height": 0.027315296232700348,
          "Left": 0.4758874475955963,
          "Top": 0.41560932993888855
        },
        "Polygon": [
          {
            "X": 0.4758874475955963,
            "Y": 0.4156987965106964
          },
          {
            "X": 0.5868036150932312,
            "Y": 0.41560932993888855
          },
          {
            "X": 0.5873579382896423,
            "Y": 0.44282132387161255
          },
          {
            "X": 0.47643810510635376,
            "Y": 0.4429246187210083
          }
        ]
      },
      "Id": "8faf9d39-85f7-4619-8b8f-ab3e919a2956",
      "Relationships": [
        {
          "Type": "CHILD",
          "Ids": [
            "db73d361-575e-413d-b4e2-3143b8d705cc",
            "3f56e8d7-327f-494d-a282-82cc46b55736",
            "6e47ed67-919f-46c5-af71-b26e55da3330"
          ]
        }
      ],
      "Page": 1
    },
    {
      "BlockType": "LINE",
      "Confidence": 93.27536010742188,
      "Text": "Tg [°C]b",
      "Geometry": {
        "BoundingBox": {
          "Width": 0.05426918342709541,
          "Height": 0.02940818853676319,
          "Left": 0.6777132749557495,
          "Top": 0.41294100880622864
        },
        "Polygon": [
          {
            "X": 0.6777132749557495,
            "Y": 0.4129836857318878
          },
          {
            "X": 0.7313787937164307,
            "Y": 0.41294100880622864
          },
          {
            "X": 0.731982409954071,
            "Y": 0.4422993063926697
          },
          {
            "X": 0.6783149838447571,
            "Y": 0.4423491954803467
          }
        ]
      },
      "Id": "11dacbdc-c8ae-4ae3-ad41-63c1a80a4515",
      "Relationships": [
        {
          "Type": "CHILD",
          "Ids": [
            "69cbc773-057f-4fb5-a5cf-7a10ef8aa623",
            "ff73e0f6-704c-4a3b-a398-794c6ebae65a"
          ]
        }
      ],
      "Page": 1
    },
    {
      "BlockType": "LINE",
      "Confidence": 99.45101165771484,
      "Text": "DGEBA",
      "Geometry": {
        "BoundingBox": {
          "Width": 0.0485045500099659,
          "Height": 0.01953369937837124,
          "Left": 0.2688848078250885,
          "Top": 0.46467143297195435
        },
        "Polygon": [
          {
            "X": 0.2688848078250885,
            "Y": 0.4647209942340851
          },
          {
            "X": 0.3169994652271271,
            "Y": 0.46467143297195435
          },
          {
            "X": 0.3173893690109253,
            "Y": 0.48415127396583557
          },
          {
            "X": 0.269273579120636,
            "Y": 0.48420512676239014
          }
        ]
      },
      "Id": "5ed804c6-939e-4444-bf8e-b6ffa3fb2755",
      "Relationships": [
        {
          "Type": "CHILD",
          "Ids": [
            "be3a7c98-288c-4f7c-826f-b764ef30372e"
          ]
        }
      ],
      "Page": 1
    },
    {
      "BlockType": "LINE",
      "Confidence": 99.93115997314453,
      "Text": "100",
      "Geometry": {
        "BoundingBox": {
          "Width": 0.024632412940263748,
          "Height": 0.01929701864719391,
          "Left": 0.476872980594635,
          "Top": 0.4647413194179535
        },
        "Polygon": [
          {
            "X": 0.476872980594635,
            "Y": 0.46476632356643677
          },
          {
            "X": 0.5011150240898132,
            "Y": 0.4647413194179535
          },
          {
            "X": 0.5015053749084473,
            "Y": 0.4840112030506134
          },
          {
            "X": 0.4772627651691437,
            "Y": 0.4840383529663086
          }
        ]
      },
      "Id": "89f5e89b-0079-4d3d-9dfc-dc8199c48684",
      "Relationships": [
        {
          "Type": "CHILD",
          "Ids": [
            "8fcc1ffd-a72a-4606-9c8d-887c29ddf7b4"
          ]
        }
      ],
      "Page": 1
    },
    {
      "BlockType": "LINE",
      "Confidence": 99.85843658447266,
      "Text": "223",
      "Geometry": {
        "BoundingBox": {
          "Width": 0.025646232068538666,
          "Height": 0.019343556836247444,
          "Left": 0.6782847046852112,
          "Top": 0.46470245718955994
        },
        "Polygon": [
          {
            "X": 0.6782847046852112,
            "Y": 0.46472853422164917
          },
          {
            "X": 0.7035345435142517,
            "Y": 0.46470245718955994
          },
          {
            "X": 0.7039309144020081,
            "Y": 0.4840177297592163
          },
          {
            "X": 0.6786804795265198,
            "Y": 0.48404601216316223
          }
        ]
      },
      "Id": "4dba83e4-7124-4a23-9683-8a193c6e1a18",
      "Relationships": [
        {
          "Type": "CHILD",
          "Ids": [
            "91688e06-f333-49d5-8366-178560983ddb"
          ]
        }
      ],
      "Page": 1
    },
    {
      "BlockType": "LINE",
      "Confidence": 98.41775512695312,
      "Text": "DGEBA/CL 95:5",
      "Geometry": {
        "BoundingBox": {
          "Width": 0.10550478845834732,
          "Height": 0.024400316178798676,
          "Left": 0.2688829004764557,
          "Top": 0.49635645747184753
        },
        "Polygon": [
          {
            "X": 0.2688829004764557,
            "Y": 0.496479868888855
          },
          {
            "X": 0.3739002048969269,
            "Y": 0.49635645747184753
          },
          {
            "X": 0.3743876814842224,
            "Y": 0.520621657371521
          },
          {
            "X": 0.2693672776222229,
            "Y": 0.5207567811012268
          }
        ]
      },
      "Id": "7fedd03a-8b6c-455e-972a-9733f0b89b81",
      "Relationships": [
        {
          "Type": "CHILD",
          "Ids": [
            "c43698f9-e437-449c-896d-bc8f7ccdea09",
            "d010d9ef-f3ae-4e77-a1c4-dc7c116cf5e3"
          ]
        }
      ],
      "Page": 1
    },
    {
      "BlockType": "LINE",
      "Confidence": 99.90743255615234,
      "Text": "99",
      "Geometry": {
        "BoundingBox": {
          "Width": 0.01726452074944973,
          "Height": 0.01898840442299843,
          "Left": 0.4756822884082794,
          "Top": 0.4972648620605469
        },
        "Polygon": [
          {
            "X": 0.4756822884082794,
            "Y": 0.49728479981422424
          },
          {
            "X": 0.49256280064582825,
            "Y": 0.4972648620605469
          },
          {
            "X": 0.4929468035697937,
            "Y": 0.516231894493103
          },
          {
            "X": 0.47606587409973145,
            "Y": 0.5162532925605774
          }
        ]
      },
      "Id": "d5168118-baa2-455a-abce-41bf8b82dcf4",
      "Relationships": [
        {
          "Type": "CHILD",
          "Ids": [
            "a6e9bcd4-3777-4612-81a8-d94085e94721"
          ]
        }
      ],
      "Page": 1
    },
    {
      "BlockType": "LINE",
      "Confidence": 99.927978515625,
      "Text": "186",
      "Geometry": {
        "BoundingBox": {
          "Width": 0.025012221187353134,
          "Height": 0.01931305043399334,
          "Left": 0.6795334219932556,
          "Top": 0.4968550205230713
        },
        "Polygon": [
          {
            "X": 0.6795334219932556,
            "Y": 0.4968840479850769
          },
          {
            "X": 0.7041499614715576,
            "Y": 0.4968550205230713
          },
          {
            "X": 0.7045456767082214,
            "Y": 0.5161368250846863
          },
          {
            "X": 0.6799286007881165,
            "Y": 0.5161680579185486
          }
        ]
      },
      "Id": "5a84ae24-ad77-4622-8434-d72bbc947c84",
      "Relationships": [
        {
          "Type": "CHILD",
          "Ids": [
            "74d1adcd-1409-4430-bb76-e07964beb31e"
          ]
        }
      ],
      "Page": 1
    },
    {
      "BlockType": "LINE",
      "Confidence": 98.94406127929688,
      "Text": "DGEBA/CL 92:8",
      "Geometry": {
        "BoundingBox": {
          "Width": 0.10585382580757141,
          "Height": 0.024407871067523956,
          "Left": 0.26860249042510986,
          "Top": 0.5283065438270569
        },
        "Polygon": [
          {
            "X": 0.26860249042510986,
            "Y": 0.5284457802772522
          },
          {
            "X": 0.37396901845932007,
            "Y": 0.5283065438270569
          },
          {
            "X": 0.3744563162326813,
            "Y": 0.5525634288787842
          },
          {
            "X": 0.26908665895462036,
            "Y": 0.5527144074440002
          }
        ]
      },
      "Id": "ffc89ed8-1164-4521-ac8b-ebd890fbb046",
      "Relationships": [
        {
          "Type": "CHILD",
          "Ids": [
            "1e7c7bc9-ca4b-4d7b-9068-f6dd880104c6",
            "16111a10-640f-4321-829c-aeb7338a2a37"
          ]
        }
      ],
      "Page": 1
    },
    {
      "BlockType": "LINE",
      "Confidence": 99.92303466796875,
      "Text": "100",
      "Geometry": {
        "BoundingBox": {
          "Width": 0.024517733603715897,
          "Height": 0.0194090623408556,
          "Left": 0.47688934206962585,
          "Top": 0.5291503071784973
        },
        "Polygon": [
          {
            "X": 0.47688934206962585,
            "Y": 0.5291823148727417
          },
          {
            "X": 0.5010146498680115,
            "Y": 0.5291503071784973
          },
          {
            "X": 0.5014070868492126,
            "Y": 0.5485252737998962
          },
          {
            "X": 0.47728121280670166,
            "Y": 0.5485593676567078
          }
        ]
      },
      "Id": "7f43907e-d792-4847-a583-fb634788a432",
      "Relationships": [
        {
          "Type": "CHILD",
          "Ids": [
            "10a8e4e8-952e-4da4-b52b-a2d61a00ce7e"
          ]
        }
      ],
      "Page": 1
    },
    {
      "BlockType": "LINE",
      "Confidence": 99.89154052734375,
      "Text": "166",
      "Geometry": {
        "BoundingBox": {
          "Width": 0.024897195398807526,
          "Height": 0.019183285534381866,
          "Left": 0.6796506643295288,
          "Top": 0.5290906429290771
        },
        "Polygon": [
          {
            "X": 0.6796506643295288,
            "Y": 0.5291231870651245
          },
          {
            "X": 0.704154908657074,
            "Y": 0.5290906429290771
          },
          {
            "X": 0.7045478820800781,
            "Y": 0.5482392907142639
          },
          {
            "X": 0.6800430417060852,
            "Y": 0.5482739210128784
          }
        ]
      },
      "Id": "ad79d294-8795-4270-bfb0-2895da7cf9b1",
      "Relationships": [
        {
          "Type": "CHILD",
          "Ids": [
            "3c2bdedb-0f7a-48a3-aa1b-23bbdd942c03"
          ]
        }
      ],
      "Page": 1
    },
    {
      "BlockType": "LINE",
      "Confidence": 99.53400421142578,
      "Text": "DGEBA/CL 90:10",
      "Geometry": {
        "BoundingBox": {
          "Width": 0.11416435986757278,
          "Height": 0.024390118196606636,
          "Left": 0.2688307464122772,
          "Top": 0.5606240630149841
        },
        "Polygon": [
          {
            "X": 0.2688307464122772,
            "Y": 0.5607910752296448
          },
          {
            "X": 0.3825084865093231,
            "Y": 0.5606240630149841
          },
          {
            "X": 0.3829950988292694,
            "Y": 0.5848345160484314
          },
          {
            "X": 0.2693139910697937,
            "Y": 0.5850141644477844
          }
        ]
      },
      "Id": "095ef9b2-1009-497d-ae0c-4d3cbe002b6d",
      "Relationships": [
        {
          "Type": "CHILD",
          "Ids": [
            "0e7aa910-03d5-4952-a508-40ee84f0305f",
            "d4923e3e-34a8-45df-9828-567bfa3ff062"
          ]
        }
      ],
      "Page": 1
    },
    {
      "BlockType": "LINE",
      "Confidence": 99.94650268554688,
      "Text": "100",
      "Geometry": {
        "BoundingBox": {
          "Width": 0.02471330016851425,
          "Height": 0.01944781094789505,
          "Left": 0.47674253582954407,
          "Top": 0.5612451434135437
        },
        "Polygon": [
          {
            "X": 0.47674253582954407,
            "Y": 0.5612809658050537
          },
          {
            "X": 0.5010626912117004,
            "Y": 0.5612451434135437
          },
          {
            "X": 0.5014558434486389,
            "Y": 0.5806549787521362
          },
          {
            "X": 0.4771350920200348,
            "Y": 0.5806929469108582
          }
        ]
      },
      "Id": "8aa641f3-f0d1-4c6f-a713-499c4c18148a",
      "Relationships": [
        {
          "Type": "CHILD",
          "Ids": [
            "af46b74a-6537-4e27-80e1-5ec6f7d3d5ac"
          ]
        }
      ],
      "Page": 1
    },
    {
      "BlockType": "LINE",
      "Confidence": 99.9496841430664,
      "Text": "142",
      "Geometry": {
        "BoundingBox": {
          "Width": 0.02467251382768154,
          "Height": 0.018868783488869667,
          "Left": 0.6795186996459961,
          "Top": 0.5613647699356079
        },
        "Polygon": [
          {
            "X": 0.6795186996459961,
            "Y": 0.5614005923271179
          },
          {
            "X": 0.7038047909736633,
            "Y": 0.5613647699356079
          },
          {
            "X": 0.7041912078857422,
            "Y": 0.5801956653594971
          },
          {
            "X": 0.6799045205116272,
            "Y": 0.5802335739135742
          }
        ]
      },
      "Id": "e015d240-2df3-4032-8d4e-a5872a9e029b",
      "Relationships": [
        {
          "Type": "CHILD",
          "Ids": [
            "0b91f6a1-4dfb-4af9-b4a5-963add3d609e"
          ]
        }
      ],
      "Page": 1
    },
    {
      "BlockType": "WORD",
      "Confidence": 99.92533874511719,
      "Text": "Samples",
      "TextType": "PRINTED",
      "Geometry": {
        "BoundingBox": {
          "Width": 0.05708559975028038,
          "Height": 0.02548932284116745,
          "Left": 0.26850423216819763,
          "Top": 0.41698339581489563
        },
        "Polygon": [
          {
            "X": 0.26850423216819763,
            "Y": 0.41702932119369507
          },
          {
            "X": 0.32508039474487305,
            "Y": 0.41698339581489563
          },
          {
            "X": 0.3255898356437683,
            "Y": 0.44242018461227417
          },
          {
            "X": 0.269011914730072,
            "Y": 0.4424727261066437
          }
        ]
      },
      "Id": "eebac07f-2845-4e3c-8b60-f2a5580b6ad5",
      "Page": 1
    },
    {
      "BlockType": "WORD",
      "Confidence": 99.6700668334961,
      "Text": "Gel",
      "TextType": "PRINTED",
      "Geometry": {
        "BoundingBox": {
          "Width": 0.022180695086717606,
          "Height": 0.019832301884889603,
          "Left": 0.4759182631969452,
          "Top": 0.41720446944236755
        },
        "Polygon": [
          {
            "X": 0.4759182631969452,
            "Y": 0.41722220182418823
          },
          {
            "X": 0.4976976811885834,
            "Y": 0.41720446944236755
          },
          {
            "X": 0.4980989694595337,
            "Y": 0.4370170831680298
          },
          {
            "X": 0.47631901502609253,
            "Y": 0.43703678250312805
          }
        ]
      },
      "Id": "db73d361-575e-413d-b4e2-3143b8d705cc",
      "Page": 1
    },
    {
      "BlockType": "WORD",
      "Confidence": 99.94349670410156,
      "Text": "content",
      "TextType": "PRINTED",
      "Geometry": {
        "BoundingBox": {
          "Width": 0.052469681948423386,
          "Height": 0.01848650723695755,
          "Left": 0.5035260915756226,
          "Top": 0.4188973605632782
        },
        "Polygon": [
          {
            "X": 0.5035260915756226,
            "Y": 0.4189401865005493
          },
          {
            "X": 0.5556209087371826,
            "Y": 0.4188973605632782
          },
          {
            "X": 0.555995762348175,
            "Y": 0.43733668327331543
          },
          {
            "X": 0.5038997530937195,
            "Y": 0.43738389015197754
          }
        ]
      },
      "Id": "3f56e8d7-327f-494d-a282-82cc46b55736",
      "Page": 1
    },
    {
      "BlockType": "WORD",
      "Confidence": 47.181949615478516,
      "Text": "[%]ª",
      "TextType": "PRINTED",
      "Geometry": {
        "BoundingBox": {
          "Width": 0.027217399328947067,
          "Height": 0.027236826717853546,
          "Left": 0.5601405501365662,
          "Top": 0.41560932993888855
        },
        "Polygon": [
          {
            "X": 0.5601405501365662,
            "Y": 0.4156308174133301
          },
          {
            "X": 0.5868036150932312,
            "Y": 0.41560932993888855
          },
          {
            "X": 0.5873579382896423,
            "Y": 0.44282132387161255
          },
          {
            "X": 0.5606939792633057,
            "Y": 0.4428461492061615
          }
        ]
      },
      "Id": "6e47ed67-919f-46c5-af71-b26e55da3330",
      "Page": 1
    },
    {
      "BlockType": "WORD",
      "Confidence": 99.40108489990234,
      "Text": "Tg",
      "TextType": "PRINTED",
      "Geometry": {
        "BoundingBox": {
          "Width": 0.01738278567790985,
          "Height": 0.024640224874019623,
          "Left": 0.677803099155426,
          "Top": 0.4173556864261627
        },
        "Polygon": [
          {
            "X": 0.677803099155426,
            "Y": 0.41736945509910583
          },
          {
            "X": 0.6946808099746704,
            "Y": 0.4173556864261627
          },
          {
            "X": 0.6951858997344971,
            "Y": 0.4419802725315094
          },
          {
            "X": 0.6783077120780945,
            "Y": 0.44199591875076294
          }
        ]
      },
      "Id": "69cbc773-057f-4fb5-a5cf-7a10ef8aa623",
      "Page": 1
    },
    {
      "BlockType": "WORD",
      "Confidence": 87.1496353149414,
      "Text": "[°C]b",
      "TextType": "PRINTED",
      "Geometry": {
        "BoundingBox": {
          "Width": 0.03177009895443916,
          "Height": 0.029387272894382477,
          "Left": 0.7002123594284058,
          "Top": 0.41294100880622864
        },
        "Polygon": [
          {
            "X": 0.7002123594284058,
            "Y": 0.4129658043384552
          },
          {
            "X": 0.7313787937164307,
            "Y": 0.41294100880622864
          },
          {
            "X": 0.731982409954071,
            "Y": 0.4422993063926697
          },
          {
            "X": 0.7008148431777954,
            "Y": 0.4423283040523529
          }
        ]
      },
      "Id": "ff73e0f6-704c-4a3b-a398-794c6ebae65a",
      "Page": 1
    },
    {
      "BlockType": "WORD",
      "Confidence": 99.45101165771484,
      "Text": "DGEBA",
      "TextType": "PRINTED",
      "Geometry": {
        "BoundingBox": {
          "Width": 0.0485045500099659,
          "Height": 0.01953369937837124,
          "Left": 0.2688848078250885,
          "Top": 0.46467143297195435
        },
        "Polygon": [
          {
            "X": 0.2688848078250885,
            "Y": 0.4647209942340851
          },
          {
            "X": 0.3169994652271271,
            "Y": 0.46467143297195435
          },
          {
            "X": 0.3173893690109253,
            "Y": 0.48415127396583557
          },
          {
            "X": 0.269273579120636,
            "Y": 0.48420512676239014
          }
        ]
      },
      "Id": "be3a7c98-288c-4f7c-826f-b764ef30372e",
      "Page": 1
    },
    {
      "BlockType": "WORD",
      "Confidence": 99.93115997314453,
      "Text": "100",
      "TextType": "PRINTED",
      "Geometry": {
        "BoundingBox": {
          "Width": 0.024632412940263748,
          "Height": 0.01929701864719391,
          "Left": 0.476872980594635,
          "Top": 0.4647413194179535
        },
        "Polygon": [
          {
            "X": 0.476872980594635,
            "Y": 0.46476632356643677
          },
          {
            "X": 0.5011150240898132,
            "Y": 0.4647413194179535
          },
          {
            "X": 0.5015053749084473,
            "Y": 0.4840112030506134
          },
          {
            "X": 0.4772627651691437,
            "Y": 0.4840383529663086
          }
        ]
      },
      "Id": "8fcc1ffd-a72a-4606-9c8d-887c29ddf7b4",
      "Page": 1
    },
    {
      "BlockType": "WORD",
      "Confidence": 99.85843658447266,
      "Text": "223",
      "TextType": "PRINTED",
      "Geometry": {
        "BoundingBox": {
          "Width": 0.025646232068538666,
          "Height": 0.019343556836247444,
          "Left": 0.6782847046852112,
          "Top": 0.46470245718955994
        },
        "Polygon": [
          {
            "X": 0.6782847046852112,
            "Y": 0.46472853422164917
          },
          {
            "X": 0.7035345435142517,
            "Y": 0.46470245718955994
          },
          {
            "X": 0.7039309144020081,
            "Y": 0.4840177297592163
          },
          {
            "X": 0.6786804795265198,
            "Y": 0.48404601216316223
          }
        ]
      },
      "Id": "91688e06-f333-49d5-8366-178560983ddb",
      "Page": 1
    },
    {
      "BlockType": "WORD",
      "Confidence": 99.2569351196289,
      "Text": "DGEBA/CL",
      "TextType": "PRINTED",
      "Geometry": {
        "BoundingBox": {
          "Width": 0.07050158828496933,
          "Height": 0.02435917593538761,
          "Left": 0.2688829004764557,
          "Top": 0.49639758467674255
        },
        "Polygon": [
          {
            "X": 0.2688829004764557,
            "Y": 0.496479868888855
          },
          {
            "X": 0.33889803290367126,
            "Y": 0.49639758467674255
          },
          {
            "X": 0.3393844962120056,
            "Y": 0.5206667184829712
          },
          {
            "X": 0.2693672776222229,
            "Y": 0.5207567811012268
          }
        ]
      },
      "Id": "c43698f9-e437-449c-896d-bc8f7ccdea09",
      "Page": 1
    },
    {
      "BlockType": "WORD",
      "Confidence": 97.57857513427734,
      "Text": "95:5",
      "TextType": "PRINTED",
      "Geometry": {
        "BoundingBox": {
          "Width": 0.03090883232653141,
          "Height": 0.019079729914665222,
          "Left": 0.343392014503479,
          "Top": 0.4972582757472992
        },
        "Polygon": [
          {
            "X": 0.343392014503479,
            "Y": 0.4972943067550659
          },
          {
            "X": 0.3739183247089386,
            "Y": 0.4972582757472992
          },
          {
            "X": 0.37430086731910706,
            "Y": 0.5162993669509888
          },
          {
            "X": 0.34377384185791016,
            "Y": 0.5163379907608032
          }
        ]
      },
      "Id": "d010d9ef-f3ae-4e77-a1c4-dc7c116cf5e3",
      "Page": 1
    },
    {
      "BlockType": "WORD",
      "Confidence": 99.90743255615234,
      "Text": "99",
      "TextType": "PRINTED",
      "Geometry": {
        "BoundingBox": {
          "Width": 0.01726452074944973,
          "Height": 0.01898840442299843,
          "Left": 0.4756822884082794,
          "Top": 0.4972648620605469
        },
        "Polygon": [
          {
            "X": 0.4756822884082794,
            "Y": 0.49728479981422424
          },
          {
            "X": 0.49256280064582825,
            "Y": 0.4972648620605469
          },
          {
            "X": 0.4929468035697937,
            "Y": 0.516231894493103
          },
          {
            "X": 0.47606587409973145,
            "Y": 0.5162532925605774
          }
        ]
      },
      "Id": "a6e9bcd4-3777-4612-81a8-d94085e94721",
      "Page": 1
    },
    {
      "BlockType": "WORD",
      "Confidence": 99.927978515625,
      "Text": "186",
      "TextType": "PRINTED",
      "Geometry": {
        "BoundingBox": {
          "Width": 0.025012221187353134,
          "Height": 0.01931305043399334,
          "Left": 0.6795334219932556,
          "Top": 0.4968550205230713
        },
        "Polygon": [
          {
            "X": 0.6795334219932556,
            "Y": 0.4968840479850769
          },
          {
            "X": 0.7041499614715576,
            "Y": 0.4968550205230713
          },
          {
            "X": 0.7045456767082214,
            "Y": 0.5161368250846863
          },
          {
            "X": 0.6799286007881165,
            "Y": 0.5161680579185486
          }
        ]
      },
      "Id": "74d1adcd-1409-4430-bb76-e07964beb31e",
      "Page": 1
    },
    {
      "BlockType": "WORD",
      "Confidence": 99.13639068603516,
      "Text": "DGEBA/CL",
      "TextType": "PRINTED",
      "Geometry": {
        "BoundingBox": {
          "Width": 0.07104793936014175,
          "Height": 0.024361873045563698,
          "Left": 0.26860249042510986,
          "Top": 0.5283524990081787
        },
        "Polygon": [
          {
            "X": 0.26860249042510986,
            "Y": 0.5284457802772522
          },
          {
            "X": 0.3391641676425934,
            "Y": 0.5283524990081787
          },
          {
            "X": 0.339650422334671,
            "Y": 0.5526133179664612
          },
          {
            "X": 0.26908665895462036,
            "Y": 0.5527144074440002
          }
        ]
      },
      "Id": "1e7c7bc9-ca4b-4d7b-9068-f6dd880104c6",
      "Page": 1
    },
    {
      "BlockType": "WORD",
      "Confidence": 98.75173950195312,
      "Text": "92:8",
      "TextType": "PRINTED",
      "Geometry": {
        "BoundingBox": {
          "Width": 0.031043654307723045,
          "Height": 0.019237276166677475,
          "Left": 0.34332799911499023,
          "Top": 0.5291547775268555
        },
        "Polygon": [
          {
            "X": 0.34332799911499023,
            "Y": 0.5291953682899475
          },
          {
            "X": 0.37398606538772583,
            "Y": 0.5291547775268555
          },
          {
            "X": 0.37437164783477783,
            "Y": 0.5483487248420715
          },
          {
            "X": 0.34371286630630493,
            "Y": 0.5483920574188232
          }
        ]
      },
      "Id": "16111a10-640f-4321-829c-aeb7338a2a37",
      "Page": 1
    },
    {
      "BlockType": "WORD",
      "Confidence": 99.92303466796875,
      "Text": "100",
      "TextType": "PRINTED",
      "Geometry": {
        "BoundingBox": {
          "Width": 0.024517733603715897,
          "Height": 0.0194090623408556,
          "Left": 0.47688934206962585,
          "Top": 0.5291503071784973
        },
        "Polygon": [
          {
            "X": 0.47688934206962585,
            "Y": 0.5291823148727417
          },
          {
            "X": 0.5010146498680115,
            "Y": 0.5291503071784973
          },
          {
            "X": 0.5014070868492126,
            "Y": 0.5485252737998962
          },
          {
            "X": 0.47728121280670166,
            "Y": 0.5485593676567078
          }
        ]
      },
      "Id": "10a8e4e8-952e-4da4-b52b-a2d61a00ce7e",
      "Page": 1
    },
    {
      "BlockType": "WORD",
      "Confidence": 99.89154052734375,
      "Text": "166",
      "TextType": "PRINTED",
      "Geometry": {
        "BoundingBox": {
          "Width": 0.024897195398807526,
          "Height": 0.019183285534381866,
          "Left": 0.6796506643295288,
          "Top": 0.5290906429290771
        },
        "Polygon": [
          {
            "X": 0.6796506643295288,
            "Y": 0.5291231870651245
          },
          {
            "X": 0.704154908657074,
            "Y": 0.5290906429290771
          },
          {
            "X": 0.7045478820800781,
            "Y": 0.5482392907142639
          },
          {
            "X": 0.6800430417060852,
            "Y": 0.5482739210128784
          }
        ]
      },
      "Id": "3c2bdedb-0f7a-48a3-aa1b-23bbdd942c03",
      "Page": 1
    },
    {
      "BlockType": "WORD",
      "Confidence": 99.13754272460938,
      "Text": "DGEBA/CL",
      "TextType": "PRINTED",
      "Geometry": {
        "BoundingBox": {
          "Width": 0.07064753770828247,
          "Height": 0.024326171725988388,
          "Left": 0.2688307464122772,
          "Top": 0.5606880187988281
        },
        "Polygon": [
          {
            "X": 0.2688307464122772,
            "Y": 0.5607910752296448
          },
          {
            "X": 0.3389929533004761,
            "Y": 0.5606880187988281
          },
          {
            "X": 0.3394782841205597,
            "Y": 0.5849032998085022
          },
          {
            "X": 0.2693139910697937,
            "Y": 0.5850141644477844
          }
        ]
      },
      "Id": "0e7aa910-03d5-4952-a508-40ee84f0305f",
      "Page": 1
    },
    {
      "BlockType": "WORD",
      "Confidence": 99.93047332763672,
      "Text": "90:10",
      "TextType": "PRINTED",
      "Geometry": {
        "BoundingBox": {
          "Width": 0.03932593762874603,
          "Height": 0.019642289727926254,
          "Left": 0.3435862958431244,
          "Top": 0.5611294507980347
        },
        "Polygon": [
          {
            "X": 0.3435862958431244,
            "Y": 0.5611867308616638
          },
          {
            "X": 0.3825186491012573,
            "Y": 0.5611294507980347
          },
          {
            "X": 0.38291221857070923,
            "Y": 0.5807109475135803
          },
          {
            "X": 0.3439789414405823,
            "Y": 0.5807717442512512
          }
        ]
      },
      "Id": "d4923e3e-34a8-45df-9828-567bfa3ff062",
      "Page": 1
    },
    {
      "BlockType": "WORD",
      "Confidence": 99.94650268554688,
      "Text": "100",
      "TextType": "PRINTED",
      "Geometry": {
        "BoundingBox": {
          "Width": 0.02471330016851425,
          "Height": 0.01944781094789505,
          "Left": 0.47674253582954407,
          "Top": 0.5612451434135437
        },
        "Polygon": [
          {
            "X": 0.47674253582954407,
            "Y": 0.5612809658050537
          },
          {
            "X": 0.5010626912117004,
            "Y": 0.5612451434135437
          },
          {
            "X": 0.5014558434486389,
            "Y": 0.5806549787521362
          },
          {
            "X": 0.4771350920200348,
            "Y": 0.5806929469108582
          }
        ]
      },
      "Id": "af46b74a-6537-4e27-80e1-5ec6f7d3d5ac",
      "Page": 1
    },
    {
      "BlockType": "WORD",
      "Confidence": 99.9496841430664,
      "Text": "142",
      "TextType": "PRINTED",
      "Geometry": {
        "BoundingBox": {
          "Width": 0.02467251382768154,
          "Height": 0.018868783488869667,
          "Left": 0.6795186996459961,
          "Top": 0.5613647699356079
        },
        "Polygon": [
          {
            "X": 0.6795186996459961,
            "Y": 0.5614005923271179
          },
          {
            "X": 0.7038047909736633,
            "Y": 0.5613647699356079
          },
          {
            "X": 0.7041912078857422,
            "Y": 0.5801956653594971
          },
          {
            "X": 0.6799045205116272,
            "Y": 0.5802335739135742
          }
        ]
      },
      "Id": "0b91f6a1-4dfb-4af9-b4a5-963add3d609e",
      "Page": 1
    },
    {
      "BlockType": "TABLE",
      "Confidence": 99.951171875,
      "Geometry": {
        "BoundingBox": {
          "Width": 0.5134884715080261,
          "Height": 0.19404694437980652,
          "Left": 0.24331358075141907,
          "Top": 0.4040166139602661
        },
        "Polygon": [
          {
            "X": 0.24331358075141907,
            "Y": 0.40440088510513306
          },
          {
            "X": 0.7528240084648132,
            "Y": 0.4040166139602661
          },
          {
            "X": 0.7568020820617676,
            "Y": 0.5972278714179993
          },
          {
            "X": 0.24717149138450623,
            "Y": 0.598063588142395
          }
        ]
      },
      "Id": "b5300485-4fff-47d1-b012-41ec7ea84045",
      "Relationships": [
        {
          "Type": "CHILD",
          "Ids": [
            "649d7d20-1d0e-45c0-8532-19edc505c2ba",
            "59cea0d6-7c17-4c02-9327-9dee59bbed00",
            "95e4f02c-6daf-446c-85b1-27e05f437615",
            "5a6a2082-9cbd-471d-8247-d73b1120a7ec",
            "4d877521-5d93-45f2-a11c-550136642884",
            "5accc0f4-b5eb-49b4-a668-e75c5f96f63a",
            "c3d79d98-2cb7-4bf0-a280-abb6874c8db0",
            "b4ee2c29-413a-4808-9c9f-13d301e9a63d",
            "41b907be-0487-4c6a-a254-965aebf4e842",
            "ad16f838-13c5-479f-b73b-0aeb7c9428a2",
            "f7deff5c-2c09-43c0-8077-8c715008ae43",
            "bbcb9041-910c-4684-a9f9-fffcf7a203d9",
            "127663f8-6f60-41dc-9704-5feadbe19224",
            "d71369b7-1d7a-4f8d-8fe7-fdceb2f0b5a4",
            "a64afa90-dc1c-4821-8bee-6fd798907739"
          ]
        }
      ],
      "EntityTypes": [
        "STRUCTURED_TABLE"
      ],
      "Page": 1
    },
    {
      "BlockType": "CELL",
      "Confidence": 93.310546875,
      "RowIndex": 1,
      "ColumnIndex": 1,
      "RowSpan": 1,
      "ColumnSpan": 1,
      "Geometry": {
        "BoundingBox": {
          "Width": 0.18572065234184265,
          "Height": 0.046655505895614624,
          "Left": 0.24331358075141907,
          "Top": 0.4042615294456482
        },
        "Polygon": [
          {
            "X": 0.24331358075141907,
            "Y": 0.40440088510513306
          },
          {
            "X": 0.42809709906578064,
            "Y": 0.4042615294456482
          },
          {
            "X": 0.4290342330932617,
            "Y": 0.4507383406162262
          },
          {
            "X": 0.24424022436141968,
            "Y": 0.4509170353412628
          }
        ]
      },
      "Id": "649d7d20-1d0e-45c0-8532-19edc505c2ba",
      "Relationships": [
        {
          "Type": "CHILD",
          "Ids": [
            "eebac07f-2845-4e3c-8b60-f2a5580b6ad5"
          ]
        }
      ],
      "EntityTypes": [
        "COLUMN_HEADER"
      ],
      "Page": 1
    },
    {
      "BlockType": "CELL",
      "Confidence": 93.1640625,
      "RowIndex": 1,
      "ColumnIndex": 2,
      "RowSpan": 1,
      "ColumnSpan": 1,
      "Geometry": {
        "BoundingBox": {
          "Width": 0.20181281864643097,
          "Height": 0.04662831500172615,
          "Left": 0.42809709906578064,
          "Top": 0.40411004424095154
        },
        "Polygon": [
          {
            "X": 0.42809709906578064,
            "Y": 0.4042615294456482
          },
          {
            "X": 0.628961443901062,
            "Y": 0.40411004424095154
          },
          {
            "X": 0.6299099326133728,
            "Y": 0.4505441188812256
          },
          {
            "X": 0.4290342330932617,
            "Y": 0.4507383406162262
          }
        ]
      },
      "Id": "59cea0d6-7c17-4c02-9327-9dee59bbed00",
      "Relationships": [
        {
          "Type": "CHILD",
          "Ids": [
            "db73d361-575e-413d-b4e2-3143b8d705cc",
            "3f56e8d7-327f-494d-a282-82cc46b55736",
            "6e47ed67-919f-46c5-af71-b26e55da3330"
          ]
        }
      ],
      "EntityTypes": [
        "COLUMN_HEADER"
      ],
      "Page": 1
    },
    {
      "BlockType": "CELL",
      "Confidence": 91.259765625,
      "RowIndex": 1,
      "ColumnIndex": 3,
      "RowSpan": 1,
      "ColumnSpan": 1,
      "Geometry": {
        "BoundingBox": {
          "Width": 0.12481807917356491,
          "Height": 0.04652750492095947,
          "Left": 0.628961443901062,
          "Top": 0.4040166139602661
        },
        "Polygon": [
          {
            "X": 0.628961443901062,
            "Y": 0.40411004424095154
          },
          {
            "X": 0.7528240084648132,
            "Y": 0.4040166139602661
          },
          {
            "X": 0.7537795305252075,
            "Y": 0.4504243731498718
          },
          {
            "X": 0.6299099326133728,
            "Y": 0.4505441188812256
          }
        ]
      },
      "Id": "95e4f02c-6daf-446c-85b1-27e05f437615",
      "Relationships": [
        {
          "Type": "CHILD",
          "Ids": [
            "69cbc773-057f-4fb5-a5cf-7a10ef8aa623",
            "ff73e0f6-704c-4a3b-a398-794c6ebae65a"
          ]
        }
      ],
      "EntityTypes": [
        "COLUMN_HEADER"
      ],
      "Page": 1
    },
    {
      "BlockType": "CELL",
      "Confidence": 89.84375,
      "RowIndex": 2,
      "ColumnIndex": 1,
      "RowSpan": 1,
      "ColumnSpan": 1,
      "Geometry": {
        "BoundingBox": {
          "Width": 0.18557770550251007,
          "Height": 0.039078984409570694,
          "Left": 0.24424022436141968,
          "Top": 0.4507383406162262
        },
        "Polygon": [
          {
            "X": 0.24424022436141968,
            "Y": 0.4509170353412628
          },
          {
            "X": 0.4290342330932617,
            "Y": 0.4507383406162262
          },
          {
            "X": 0.42981791496276855,
            "Y": 0.48960578441619873
          },
          {
            "X": 0.24501514434814453,
            "Y": 0.4898173213005066
          }
        ]
      },
      "Id": "5a6a2082-9cbd-471d-8247-d73b1120a7ec",
      "Relationships": [
        {
          "Type": "CHILD",
          "Ids": [
            "be3a7c98-288c-4f7c-826f-b764ef30372e"
          ]
        }
      ],
      "Page": 1
    },
    {
      "BlockType": "CELL",
      "Confidence": 89.74609375,
      "RowIndex": 2,
      "ColumnIndex": 2,
      "RowSpan": 1,
      "ColumnSpan": 1,
      "Geometry": {
        "BoundingBox": {
          "Width": 0.2016689032316208,
          "Height": 0.03906165063381195,
          "Left": 0.4290342330932617,
          "Top": 0.4505441188812256
        },
        "Polygon": [
          {
            "X": 0.4290342330932617,
            "Y": 0.4507383406162262
          },
          {
            "X": 0.6299099326133728,
            "Y": 0.4505441188812256
          },
          {
            "X": 0.6307031512260437,
            "Y": 0.4893757998943329
          },
          {
            "X": 0.42981791496276855,
            "Y": 0.48960578441619873
          }
        ]
      },
      "Id": "4d877521-5d93-45f2-a11c-550136642884",
      "Relationships": [
        {
          "Type": "CHILD",
          "Ids": [
            "8fcc1ffd-a72a-4606-9c8d-887c29ddf7b4"
          ]
        }
      ],
      "Page": 1
    },
    {
      "BlockType": "CELL",
      "Confidence": 87.890625,
      "RowIndex": 2,
      "ColumnIndex": 3,
      "RowSpan": 1,
      "ColumnSpan": 1,
      "Geometry": {
        "BoundingBox": {
          "Width": 0.12466864287853241,
          "Height": 0.03895144909620285,
          "Left": 0.6299099326133728,
          "Top": 0.4504243731498718
        },
        "Polygon": [
          {
            "X": 0.6299099326133728,
            "Y": 0.4505441188812256
          },
          {
            "X": 0.7537795305252075,
            "Y": 0.4504243731498718
          },
          {
            "X": 0.7545785903930664,
            "Y": 0.48923400044441223
          },
          {
            "X": 0.6307031512260437,
            "Y": 0.4893757998943329
          }
        ]
      },
      "Id": "5accc0f4-b5eb-49b4-a668-e75c5f96f63a",
      "Relationships": [
        {
          "Type": "CHILD",
          "Ids": [
            "91688e06-f333-49d5-8366-178560983ddb"
          ]
        }
      ],
      "Page": 1
    },
    {
      "BlockType": "CELL",
      "Confidence": 86.9140625,
      "RowIndex": 3,
      "ColumnIndex": 1,
      "RowSpan": 1,
      "ColumnSpan": 1,
      "Geometry": {
        "BoundingBox": {
          "Width": 0.18547843396663666,
          "Height": 0.03374949470162392,
          "Left": 0.24501514434814453,
          "Top": 0.48960578441619873
        },
        "Polygon": [
          {
            "X": 0.24501514434814453,
            "Y": 0.4898173213005066
          },
          {
            "X": 0.42981791496276855,
            "Y": 0.48960578441619873
          },
          {
            "X": 0.4304935932159424,
            "Y": 0.523115336894989
          },
          {
            "X": 0.24568325281143188,
            "Y": 0.52335524559021
          }
        ]
      },
      "Id": "c3d79d98-2cb7-4bf0-a280-abb6874c8db0",
      "Relationships": [
        {
          "Type": "CHILD",
          "Ids": [
            "c43698f9-e437-449c-896d-bc8f7ccdea09",
            "d010d9ef-f3ae-4e77-a1c4-dc7c116cf5e3"
          ]
        }
      ],
      "Page": 1
    },
    {
      "BlockType": "CELL",
      "Confidence": 86.767578125,
      "RowIndex": 3,
      "ColumnIndex": 2,
      "RowSpan": 1,
      "ColumnSpan": 1,
      "Geometry": {
        "BoundingBox": {
          "Width": 0.201569065451622,
          "Height": 0.03373955190181732,
          "Left": 0.42981791496276855,
          "Top": 0.4893757998943329
        },
        "Polygon": [
          {
            "X": 0.42981791496276855,
            "Y": 0.48960578441619873
          },
          {
            "X": 0.6307031512260437,
            "Y": 0.4893757998943329
          },
          {
            "X": 0.6313869953155518,
            "Y": 0.5228545665740967
          },
          {
            "X": 0.4304935932159424,
            "Y": 0.523115336894989
          }
        ]
      },
      "Id": "b4ee2c29-413a-4808-9c9f-13d301e9a63d",
      "Relationships": [
        {
          "Type": "CHILD",
          "Ids": [
            "a6e9bcd4-3777-4612-81a8-d94085e94721"
          ]
        }
      ],
      "Page": 1
    },
    {
      "BlockType": "CELL",
      "Confidence": 85.009765625,
      "RowIndex": 3,
      "ColumnIndex": 3,
      "RowSpan": 1,
      "ColumnSpan": 1,
      "Geometry": {
        "BoundingBox": {
          "Width": 0.12456434965133667,
          "Height": 0.03362056985497475,
          "Left": 0.6307031512260437,
          "Top": 0.48923400044441223
        },
        "Polygon": [
          {
            "X": 0.6307031512260437,
            "Y": 0.4893757998943329
          },
          {
            "X": 0.7545785903930664,
            "Y": 0.48923400044441223
          },
          {
            "X": 0.7552675008773804,
            "Y": 0.5226937532424927
          },
          {
            "X": 0.6313869953155518,
            "Y": 0.5228545665740967
          }
        ]
      },
      "Id": "41b907be-0487-4c6a-a254-965aebf4e842",
      "Relationships": [
        {
          "Type": "CHILD",
          "Ids": [
            "74d1adcd-1409-4430-bb76-e07964beb31e"
          ]
        }
      ],
      "Page": 1
    },
    {
      "BlockType": "CELL",
      "Confidence": 85.15625,
      "RowIndex": 4,
      "ColumnIndex": 1,
      "RowSpan": 1,
      "ColumnSpan": 1,
      "Geometry": {
        "BoundingBox": {
          "Width": 0.18545901775360107,
          "Height": 0.032439108937978745,
          "Left": 0.24568325281143188,
          "Top": 0.523115336894989
        },
        "Polygon": [
          {
            "X": 0.24568325281143188,
            "Y": 0.52335524559021
          },
          {
            "X": 0.4304935932159424,
            "Y": 0.523115336894989
          },
          {
            "X": 0.43114227056503296,
            "Y": 0.5552873611450195
          },
          {
            "X": 0.24632467329502106,
            "Y": 0.5555544495582581
          }
        ]
      },
      "Id": "ad16f838-13c5-479f-b73b-0aeb7c9428a2",
      "Relationships": [
        {
          "Type": "CHILD",
          "Ids": [
            "1e7c7bc9-ca4b-4d7b-9068-f6dd880104c6",
            "16111a10-640f-4321-829c-aeb7338a2a37"
          ]
        }
      ],
      "Page": 1
    },
    {
      "BlockType": "CELL",
      "Confidence": 85.009765625,
      "RowIndex": 4,
      "ColumnIndex": 2,
      "RowSpan": 1,
      "ColumnSpan": 1,
      "Geometry": {
        "BoundingBox": {
          "Width": 0.2015499770641327,
          "Height": 0.032432761043310165,
          "Left": 0.4304935932159424,
          "Top": 0.5228545665740967
        },
        "Polygon": [
          {
            "X": 0.4304935932159424,
            "Y": 0.523115336894989
          },
          {
            "X": 0.6313869953155518,
            "Y": 0.5228545665740967
          },
          {
            "X": 0.6320435404777527,
            "Y": 0.5549969673156738
          },
          {
            "X": 0.43114227056503296,
            "Y": 0.5552873611450195
          }
        ]
      },
      "Id": "f7deff5c-2c09-43c0-8077-8c715008ae43",
      "Relationships": [
        {
          "Type": "CHILD",
          "Ids": [
            "10a8e4e8-952e-4da4-b52b-a2d61a00ce7e"
          ]
        }
      ],
      "Page": 1
    },
    {
      "BlockType": "CELL",
      "Confidence": 83.251953125,
      "RowIndex": 4,
      "ColumnIndex": 3,
      "RowSpan": 1,
      "ColumnSpan": 1,
      "Geometry": {
        "BoundingBox": {
          "Width": 0.12454190105199814,
          "Height": 0.03230319172143936,
          "Left": 0.6313869953155518,
          "Top": 0.5226937532424927
        },
        "Polygon": [
          {
            "X": 0.6313869953155518,
            "Y": 0.5228545665740967
          },
          {
            "X": 0.7552675008773804,
            "Y": 0.5226937532424927
          },
          {
            "X": 0.7559288740158081,
            "Y": 0.5548178553581238
          },
          {
            "X": 0.6320435404777527,
            "Y": 0.5549969673156738
          }
        ]
      },
      "Id": "bbcb9041-910c-4684-a9f9-fffcf7a203d9",
      "Relationships": [
        {
          "Type": "CHILD",
          "Ids": [
            "3c2bdedb-0f7a-48a3-aa1b-23bbdd942c03"
          ]
        }
      ],
      "Page": 1
    },
    {
      "BlockType": "CELL",
      "Confidence": 93.06640625,
      "RowIndex": 5,
      "ColumnIndex": 1,
      "RowSpan": 1,
      "ColumnSpan": 1,
      "Geometry": {
        "BoundingBox": {
          "Width": 0.18567398190498352,
          "Height": 0.042776238173246384,
          "Left": 0.24632467329502106,
          "Top": 0.5552873611450195
        },
        "Polygon": [
          {
            "X": 0.24632467329502106,
            "Y": 0.5555544495582581
          },
          {
            "X": 0.43114227056503296,
            "Y": 0.5552873611450195
          },
          {
            "X": 0.43199867010116577,
            "Y": 0.5977604985237122
          },
          {
            "X": 0.24717149138450623,
            "Y": 0.598063588142395
          }
        ]
      },
      "Id": "127663f8-6f60-41dc-9704-5feadbe19224",
      "Relationships": [
        {
          "Type": "CHILD",
          "Ids": [
            "0e7aa910-03d5-4952-a508-40ee84f0305f",
            "d4923e3e-34a8-45df-9828-567bfa3ff062"
          ]
        }
      ],
      "Page": 1
    },
    {
      "BlockType": "CELL",
      "Confidence": 92.919921875,
      "RowIndex": 5,
      "ColumnIndex": 2,
      "RowSpan": 1,
      "ColumnSpan": 1,
      "Geometry": {
        "BoundingBox": {
          "Width": 0.20176807045936584,
          "Height": 0.04276353865861893,
          "Left": 0.43114227056503296,
          "Top": 0.5549969673156738
        },
        "Polygon": [
          {
            "X": 0.43114227056503296,
            "Y": 0.5552873611450195
          },
          {
            "X": 0.6320435404777527,
            "Y": 0.5549969673156738
          },
          {
            "X": 0.6329103112220764,
            "Y": 0.5974310040473938
          },
          {
            "X": 0.43199867010116577,
            "Y": 0.5977604985237122
          }
        ]
      },
      "Id": "d71369b7-1d7a-4f8d-8fe7-fdceb2f0b5a4",
      "Relationships": [
        {
          "Type": "CHILD",
          "Ids": [
            "af46b74a-6537-4e27-80e1-5ec6f7d3d5ac"
          ]
        }
      ],
      "Page": 1
    },
    {
      "BlockType": "CELL",
      "Confidence": 91.064453125,
      "RowIndex": 5,
      "ColumnIndex": 3,
      "RowSpan": 1,
      "ColumnSpan": 1,
      "Geometry": {
        "BoundingBox": {
          "Width": 0.1247585192322731,
          "Height": 0.04261314496397972,
          "Left": 0.6320435404777527,
          "Top": 0.5548178553581238
        },
        "Polygon": [
          {
            "X": 0.6320435404777527,
            "Y": 0.5549969673156738
          },
          {
            "X": 0.7559288740158081,
            "Y": 0.5548178553581238
          },
          {
            "X": 0.7568020820617676,
            "Y": 0.5972278714179993
          },
          {
            "X": 0.6329103112220764,
            "Y": 0.5974310040473938
          }
        ]
      },
      "Id": "a64afa90-dc1c-4821-8bee-6fd798907739",
      "Relationships": [
        {
          "Type": "CHILD",
          "Ids": [
            "0b91f6a1-4dfb-4af9-b4a5-963add3d609e"
          ]
        }
      ],
      "Page": 1
    }
  ],
  "AnalyzeDocumentModelVersion": "1.0"
}