{
  "DocumentMetadata": {
    "Pages": 1
  },
  "JobStatus": "SUCCEEDED",
  "Blocks": [
    {
      "BlockType": "PAGE",
      "Geometry": {
        "BoundingBox": {
          "Width": 0.5318155884742737,
          "Height": 0.2743279039859772,
          "Left": 0.23309408128261566,
          "Top": 0.3605358600616455
        },
        "Polygon": [
          {
            "X": 0.23309408128261566,
            "Y": 0.3605358600616455
          },
          {
            "X": 0.7635064721107483,
            "Y": 0.36174848675727844
          },
          {
            "X": 0.7649096250534058,
            "Y": 0.6348637938499451
          },
          {
            "X": 0.23390386998653412,
            "Y": 0.6328763961791992
          }
        ]
      },
      "Id": "d6609e8e-7ca2-48e2-807d-353f5e77a634",
      "Relationships": [
        {
          "Type": "CHILD",
          "Ids": [
            "f861dc9c-80e9-4525-b2fe-1e024d456420",
            "68c6f122-ef8d-48bc-9599-67a627a7ae8a",
            "d54649ba-3e94-46f1-be47-60ec8674631b",
            "9f42465f-89d2-4045-b253-5aa6d2aad670",
            "594e8572-e932-4d6b-85b1-f533e2b306bf",
            "020a1965-212f-47f8-999a-03d75b451fe8",
            "def82e4c-f3ae-4520-867d-6f2e5a2feecf",
            "3fcb5a21-cb8c-4bdd-849a-128498ee9e4a",
            "4b60b869-e0e5-4d31-9754-41b56b039885",
            "bf6b1fe7-e373-49ca-8d42-0e2905bd4169",
            "d3ef9862-c661-4321-8001-13477d06c295",
            "80e65ce0-a6a8-41db-8891-997418e4f8f2",
            "116e9cc7-53f9-4b51-b1d6-f0e62890e8ac",
            "c0736c66-482d-4014-a522-d33cf80f7fe4",
            "e343286b-1b94-4408-8dda-1a91d330f91d",
            "5948ae05-5a30-49c6-ab71-35d8e7a7088b",
            "aec9961e-47fa-43b7-b722-3558f0861ca8",
            "92300725-3152-4e1e-838d-f70d41d2a93d",
            "685d4291-b044-42a4-b00e-342275a8644c",
            "014f9f56-f88b-4ab2-bb7b-9a5e5e8017f7",
            "6747d3f5-0bd8-488b-929b-cd2d7f8e2ae1",
            "3e0045c6-897d-4a10-8376-2c43070afc2b",
            "35961a40-3524-43df-929f-c22b680d60d9"
          ]
        }
      ],
      "Page": 1
    },
    {
      "BlockType": "LINE",
      "Confidence": 99.8350601196289,
      "Text": "Concentration of",
      "Geometry": {
        "BoundingBox": {
          "Width": 0.13030633330345154,
          "Height": 0.023302335292100906,
          "Left": 0.24153223633766174,
          "Top": 0.3871176540851593
        },
        "Polygon": [
          {
            "X": 0.24153223633766174,
            "Y": 0.3871176540851593
          },
          {
            "X": 0.37175723910331726,
            "Y": 0.38743385672569275
          },
          {
            "X": 0.3718385696411133,
            "Y": 0.4104199707508087
          },
          {
            "X": 0.24160131812095642,
            "Y": 0.4100877344608307
          }
        ]
      },
      "Id": "f861dc9c-80e9-4525-b2fe-1e024d456420",
      "Relationships": [
        {
          "Type": "CHILD",
          "Ids": [
            "e3980013-095e-4166-a22f-9dd6e9128ef3",
            "e8bd25b0-2337-4dfb-a1c4-7886c570d435"
          ]
        }
      ],
      "Page": 1
    },
    {
      "BlockType": "LINE",
      "Confidence": 90.90093231201172,
      "Text": "Relative peak intensity (x 1000)",
      "Geometry": {
        "BoundingBox": {
          "Width": 0.24239732325077057,
          "Height": 0.02914259023964405,
          "Left": 0.391726016998291,
          "Top": 0.3872082829475403
        },
        "Polygon": [
          {
            "X": 0.391726016998291,
            "Y": 0.3872082829475403
          },
          {
            "X": 0.6339917182922363,
            "Y": 0.38779619336128235
          },
          {
            "X": 0.6341233253479004,
            "Y": 0.4163508713245392
          },
          {
            "X": 0.391829252243042,
            "Y": 0.4157259464263916
          }
        ]
      },
      "Id": "68c6f122-ef8d-48bc-9599-67a627a7ae8a",
      "Relationships": [
        {
          "Type": "CHILD",
          "Ids": [
            "6d0ee814-6fdd-4183-92f0-a9a88a0aed7e",
            "b7939911-fa0e-4e9a-87ed-e39e9daa0d37",
            "839156ba-b8d1-4665-98c3-70ecab0da860",
            "51d79a8f-4caf-443b-b453-9bc6c7cd29d6",
            "eacdcd44-c8ad-4512-981a-aebb9cd95fc2"
          ]
        }
      ],
      "Page": 1
    },
    {
      "BlockType": "LINE",
      "Confidence": 99.63262939453125,
      "Text": "DGEBA (M)",
      "Geometry": {
        "BoundingBox": {
          "Width": 0.10008826106786728,
          "Height": 0.028244072571396828,
          "Left": 0.24172478914260864,
          "Top": 0.4224082827568054
        },
        "Polygon": [
          {
            "X": 0.24172478914260864,
            "Y": 0.4224082827568054
          },
          {
            "X": 0.3417174518108368,
            "Y": 0.4226699769496918
          },
          {
            "X": 0.3418130576610565,
            "Y": 0.4506523609161377
          },
          {
            "X": 0.2418089061975479,
            "Y": 0.4503757059574127
          }
        ]
      },
      "Id": "d54649ba-3e94-46f1-be47-60ec8674631b",
      "Relationships": [
        {
          "Type": "CHILD",
          "Ids": [
            "2db43904-24d1-4864-b200-c3eae9bbb801",
            "8b90d455-7786-4432-8daa-f29e8c14763c"
          ]
        }
      ],
      "Page": 1
    },
    {
      "BlockType": "LINE",
      "Confidence": 99.9399185180664,
      "Text": "57",
      "Geometry": {
        "BoundingBox": {
          "Width": 0.016681663691997528,
          "Height": 0.0210399329662323,
          "Left": 0.3914472162723541,
          "Top": 0.45239943265914917
        },
        "Polygon": [
          {
            "X": 0.3914472162723541,
            "Y": 0.45239943265914917
          },
          {
            "X": 0.4080514907836914,
            "Y": 0.45244550704956055
          },
          {
            "X": 0.40812885761260986,
            "Y": 0.47343936562538147
          },
          {
            "X": 0.391523152589798,
            "Y": 0.47339141368865967
          }
        ]
      },
      "Id": "9f42465f-89d2-4045-b253-5aa6d2aad670",
      "Relationships": [
        {
          "Type": "CHILD",
          "Ids": [
            "20588242-003d-49c9-9f80-0f1daeda985d"
          ]
        }
      ],
      "Page": 1
    },
    {
      "BlockType": "LINE",
      "Confidence": 99.94789123535156,
      "Text": "77",
      "Geometry": {
        "BoundingBox": {
          "Width": 0.0171863604336977,
          "Height": 0.02140788920223713,
          "Left": 0.5033004283905029,
          "Top": 0.4522027373313904
        },
        "Polygon": [
          {
            "X": 0.5033004283905029,
            "Y": 0.4522027373313904
          },
          {
            "X": 0.5203982591629028,
            "Y": 0.4522501230239868
          },
          {
            "X": 0.5204868316650391,
            "Y": 0.47361060976982117
          },
          {
            "X": 0.503387451171875,
            "Y": 0.47356125712394714
          }
        ]
      },
      "Id": "594e8572-e932-4d6b-85b1-f533e2b306bf",
      "Relationships": [
        {
          "Type": "CHILD",
          "Ids": [
            "2e52da7a-1e55-45e6-abad-fa70c2bfb434"
          ]
        }
      ],
      "Page": 1
    },
    {
      "BlockType": "LINE",
      "Confidence": 99.9632568359375,
      "Text": "91",
      "Geometry": {
        "BoundingBox": {
          "Width": 0.01563122682273388,
          "Height": 0.020928502082824707,
          "Left": 0.6150414943695068,
          "Top": 0.45262211561203003
        },
        "Polygon": [
          {
            "X": 0.6150414943695068,
            "Y": 0.45262211561203003
          },
          {
            "X": 0.6305767297744751,
            "Y": 0.45266517996788025
          },
          {
            "X": 0.6306726932525635,
            "Y": 0.47355061769485474
          },
          {
            "X": 0.6151360869407654,
            "Y": 0.47350579500198364
          }
        ]
      },
      "Id": "020a1965-212f-47f8-999a-03d75b451fe8",
      "Relationships": [
        {
          "Type": "CHILD",
          "Ids": [
            "298a718c-d880-4bf0-a239-63d4c7194617"
          ]
        }
      ],
      "Page": 1
    },
    {
      "BlockType": "LINE",
      "Confidence": 99.88267517089844,
      "Text": "135",
      "Geometry": {
        "BoundingBox": {
          "Width": 0.024235380813479424,
          "Height": 0.02145695686340332,
          "Left": 0.6914217472076416,
          "Top": 0.45223045349121094
        },
        "Polygon": [
          {
            "X": 0.6914217472076416,
            "Y": 0.45223045349121094
          },
          {
            "X": 0.7155514359474182,
            "Y": 0.45229727029800415
          },
          {
            "X": 0.715657114982605,
            "Y": 0.47368741035461426
          },
          {
            "X": 0.6915252804756165,
            "Y": 0.473617821931839
          }
        ]
      },
      "Id": "def82e4c-f3ae-4520-867d-6f2e5a2feecf",
      "Relationships": [
        {
          "Type": "CHILD",
          "Ids": [
            "b6fbe8b4-760b-4ff7-a8c7-aff9478b993c"
          ]
        }
      ],
      "Page": 1
    },
    {
      "BlockType": "LINE",
      "Confidence": 91.8477554321289,
      "Text": "1 10-3",
      "Geometry": {
        "BoundingBox": {
          "Width": 0.06110461428761482,
          "Height": 0.02111353538930416,
          "Left": 0.243221253156662,
          "Top": 0.5171706676483154
        },
        "Polygon": [
          {
            "X": 0.243221253156662,
            "Y": 0.5171706676483154
          },
          {
            "X": 0.3042576313018799,
            "Y": 0.5173613429069519
          },
          {
            "X": 0.3043258488178253,
            "Y": 0.538284182548523
          },
          {
            "X": 0.24328427016735077,
            "Y": 0.5380867123603821
          }
        ]
      },
      "Id": "3fcb5a21-cb8c-4bdd-849a-128498ee9e4a",
      "Relationships": [
        {
          "Type": "CHILD",
          "Ids": [
            "ce1c74f7-a32a-4f78-a80f-bcf03fde742d",
            "64bd1773-cf4c-4992-bc84-e88c8821f27c"
          ]
        }
      ],
      "Page": 1
    },
    {
      "BlockType": "LINE",
      "Confidence": 99.948974609375,
      "Text": "23.0",
      "Geometry": {
        "BoundingBox": {
          "Width": 0.030957559123635292,
          "Height": 0.022127144038677216,
          "Left": 0.3908087909221649,
          "Top": 0.5166682004928589
        },
        "Polygon": [
          {
            "X": 0.3908087909221649,
            "Y": 0.5166682004928589
          },
          {
            "X": 0.4216839373111725,
            "Y": 0.5167644619941711
          },
          {
            "X": 0.42176634073257446,
            "Y": 0.5387953519821167
          },
          {
            "X": 0.39088839292526245,
            "Y": 0.5386953949928284
          }
        ]
      },
      "Id": "4b60b869-e0e5-4d31-9754-41b56b039885",
      "Relationships": [
        {
          "Type": "CHILD",
          "Ids": [
            "cf9e8bd3-ec15-4acd-a01a-c148798182ac"
          ]
        }
      ],
      "Page": 1
    },
    {
      "BlockType": "LINE",
      "Confidence": 99.73001098632812,
      "Text": "1.7",
      "Geometry": {
        "BoundingBox": {
          "Width": 0.020729616284370422,
          "Height": 0.021456874907016754,
          "Left": 0.5043136477470398,
          "Top": 0.5171135067939758
        },
        "Polygon": [
          {
            "X": 0.5043136477470398,
            "Y": 0.5171135067939758
          },
          {
            "X": 0.5249541997909546,
            "Y": 0.5171778798103333
          },
          {
            "X": 0.525043249130249,
            "Y": 0.5385704040527344
          },
          {
            "X": 0.5044008493423462,
            "Y": 0.5385036468505859
          }
        ]
      },
      "Id": "bf6b1fe7-e373-49ca-8d42-0e2905bd4169",
      "Relationships": [
        {
          "Type": "CHILD",
          "Ids": [
            "0ff2878e-2f07-4147-8915-3016d553f189"
          ]
        }
      ],
      "Page": 1
    },
    {
      "BlockType": "LINE",
      "Confidence": 99.70013427734375,
      "Text": "1.5",
      "Geometry": {
        "BoundingBox": {
          "Width": 0.02026483416557312,
          "Height": 0.021420251578092575,
          "Left": 0.6167570352554321,
          "Top": 0.5169861912727356
        },
        "Polygon": [
          {
            "X": 0.6167570352554321,
            "Y": 0.5169861912727356
          },
          {
            "X": 0.6369231939315796,
            "Y": 0.5170490145683289
          },
          {
            "X": 0.6370218396186829,
            "Y": 0.5384064316749573
          },
          {
            "X": 0.6168538928031921,
            "Y": 0.5383412837982178
          }
        ]
      },
      "Id": "d3ef9862-c661-4321-8001-13477d06c295",
      "Relationships": [
        {
          "Type": "CHILD",
          "Ids": [
            "fc98ade8-ae67-48ab-a67a-bb106a42feb3"
          ]
        }
      ],
      "Page": 1
    },
    {
      "BlockType": "LINE",
      "Confidence": 99.97410583496094,
      "Text": "0.8",
      "Geometry": {
        "BoundingBox": {
          "Width": 0.02181299403309822,
          "Height": 0.021889187395572662,
          "Left": 0.6896048784255981,
          "Top": 0.516868531703949
        },
        "Polygon": [
          {
            "X": 0.6896048784255981,
            "Y": 0.516868531703949
          },
          {
            "X": 0.7113105058670044,
            "Y": 0.516936182975769
          },
          {
            "X": 0.7114179134368896,
            "Y": 0.5387577414512634
          },
          {
            "X": 0.6897103786468506,
            "Y": 0.5386875867843628
          }
        ]
      },
      "Id": "80e65ce0-a6a8-41db-8891-997418e4f8f2",
      "Relationships": [
        {
          "Type": "CHILD",
          "Ids": [
            "9129f78b-2553-432d-90ca-9e3a7dec0ae1"
          ]
        }
      ],
      "Page": 1
    },
    {
      "BlockType": "LINE",
      "Confidence": 89.83598327636719,
      "Text": "1 10-2",
      "Geometry": {
        "BoundingBox": {
          "Width": 0.061040349304676056,
          "Height": 0.023565802723169327,
          "Left": 0.24303174018859863,
          "Top": 0.5504961609840393
        },
        "Polygon": [
          {
            "X": 0.24303174018859863,
            "Y": 0.5504961609840393
          },
          {
            "X": 0.30399590730667114,
            "Y": 0.5506975054740906
          },
          {
            "X": 0.3040720820426941,
            "Y": 0.5740619897842407
          },
          {
            "X": 0.2431020885705948,
            "Y": 0.573853075504303
          }
        ]
      },
      "Id": "116e9cc7-53f9-4b51-b1d6-f0e62890e8ac",
      "Relationships": [
        {
          "Type": "CHILD",
          "Ids": [
            "e9c6603a-450f-477e-ab2e-7e7dfca7aa82",
            "a317b351-7613-4a20-b96b-9ec21dc110ff"
          ]
        }
      ],
      "Page": 1
    },
    {
      "BlockType": "LINE",
      "Confidence": 99.73291778564453,
      "Text": "25.6",
      "Geometry": {
        "BoundingBox": {
          "Width": 0.030767973512411118,
          "Height": 0.02151510864496231,
          "Left": 0.3910585045814514,
          "Top": 0.5508297681808472
        },
        "Polygon": [
          {
            "X": 0.3910585045814514,
            "Y": 0.5508297681808472
          },
          {
            "X": 0.4217463731765747,
            "Y": 0.5509310960769653
          },
          {
            "X": 0.42182648181915283,
            "Y": 0.5723448991775513
          },
          {
            "X": 0.39113590121269226,
            "Y": 0.5722400546073914
          }
        ]
      },
      "Id": "c0736c66-482d-4014-a522-d33cf80f7fe4",
      "Relationships": [
        {
          "Type": "CHILD",
          "Ids": [
            "0a093419-0640-4e27-880a-7195b39c8658"
          ]
        }
      ],
      "Page": 1
    },
    {
      "BlockType": "LINE",
      "Confidence": 99.17552947998047,
      "Text": "3.4",
      "Geometry": {
        "BoundingBox": {
          "Width": 0.02225589193403721,
          "Height": 0.02151596173644066,
          "Left": 0.5032783150672913,
          "Top": 0.5505831837654114
        },
        "Polygon": [
          {
            "X": 0.5032783150672913,
            "Y": 0.5505831837654114
          },
          {
            "X": 0.5254449844360352,
            "Y": 0.550656259059906
          },
          {
            "X": 0.5255342125892639,
            "Y": 0.5720991492271423
          },
          {
            "X": 0.5033656358718872,
            "Y": 0.5720234513282776
          }
        ]
      },
      "Id": "e343286b-1b94-4408-8dda-1a91d330f91d",
      "Relationships": [
        {
          "Type": "CHILD",
          "Ids": [
            "05d796b2-7b22-468a-a469-c84405bdef64"
          ]
        }
      ],
      "Page": 1
    },
    {
      "BlockType": "LINE",
      "Confidence": 99.92790222167969,
      "Text": "3.6",
      "Geometry": {
        "BoundingBox": {
          "Width": 0.022131050005555153,
          "Height": 0.022086724638938904,
          "Left": 0.6153107285499573,
          "Top": 0.5504869818687439
        },
        "Polygon": [
          {
            "X": 0.6153107285499573,
            "Y": 0.5504869818687439
          },
          {
            "X": 0.6373400688171387,
            "Y": 0.5505595803260803
          },
          {
            "X": 0.6374417543411255,
            "Y": 0.572573721408844
          },
          {
            "X": 0.6154104471206665,
            "Y": 0.5724985003471375
          }
        ]
      },
      "Id": "5948ae05-5a30-49c6-ab71-35d8e7a7088b",
      "Relationships": [
        {
          "Type": "CHILD",
          "Ids": [
            "52445df0-4a4e-4da5-8fc4-53f6ce633670"
          ]
        }
      ],
      "Page": 1
    },
    {
      "BlockType": "LINE",
      "Confidence": 99.67341613769531,
      "Text": "3.3",
      "Geometry": {
        "BoundingBox": {
          "Width": 0.02152206376194954,
          "Height": 0.021935375407338142,
          "Left": 0.6899318099021912,
          "Top": 0.5506961345672607
        },
        "Polygon": [
          {
            "X": 0.6899318099021912,
            "Y": 0.5506961345672607
          },
          {
            "X": 0.7113462686538696,
            "Y": 0.5507667064666748
          },
          {
            "X": 0.711453914642334,
            "Y": 0.5726315379142761
          },
          {
            "X": 0.6900374889373779,
            "Y": 0.5725584626197815
          }
        ]
      },
      "Id": "aec9961e-47fa-43b7-b722-3558f0861ca8",
      "Relationships": [
        {
          "Type": "CHILD",
          "Ids": [
            "3e589303-409e-457b-92cc-7c0faa52b325"
          ]
        }
      ],
      "Page": 1
    },
    {
      "BlockType": "LINE",
      "Confidence": 83.04656219482422,
      "Text": "1 10-1",
      "Geometry": {
        "BoundingBox": {
          "Width": 0.05948561802506447,
          "Height": 0.022069115191698074,
          "Left": 0.24316710233688354,
          "Top": 0.5857545733451843
        },
        "Polygon": [
          {
            "X": 0.24316710233688354,
            "Y": 0.5857545733451843
          },
          {
            "X": 0.3025815784931183,
            "Y": 0.5859619379043579
          },
          {
            "X": 0.3026527166366577,
            "Y": 0.6078236699104309
          },
          {
            "X": 0.24323292076587677,
            "Y": 0.6076093316078186
          }
        ]
      },
      "Id": "92300725-3152-4e1e-838d-f70d41d2a93d",
      "Relationships": [
        {
          "Type": "CHILD",
          "Ids": [
            "3f9c021f-b868-40d0-b1cb-7e5c6d40cdd5",
            "febcfcee-b725-44f0-ac4d-c100ecdd86b3"
          ]
        }
      ],
      "Page": 1
    },
    {
      "BlockType": "LINE",
      "Confidence": 99.89785766601562,
      "Text": "28.5",
      "Geometry": {
        "BoundingBox": {
          "Width": 0.03070831671357155,
          "Height": 0.021610001102089882,
          "Left": 0.39078205823898315,
          "Top": 0.5855880379676819
        },
        "Polygon": [
          {
            "X": 0.39078205823898315,
            "Y": 0.5855880379676819
          },
          {
            "X": 0.4214099943637848,
            "Y": 0.5856948494911194
          },
          {
            "X": 0.4214903712272644,
            "Y": 0.6071980595588684
          },
          {
            "X": 0.3908597528934479,
            "Y": 0.6070877313613892
          }
        ]
      },
      "Id": "685d4291-b044-42a4-b00e-342275a8644c",
      "Relationships": [
        {
          "Type": "CHILD",
          "Ids": [
            "24a9e8dd-360e-479b-b768-7c5aa65ef1d5"
          ]
        }
      ],
      "Page": 1
    },
    {
      "BlockType": "LINE",
      "Confidence": 99.85635375976562,
      "Text": "6.7",
      "Geometry": {
        "BoundingBox": {
          "Width": 0.021905532106757164,
          "Height": 0.021819598972797394,
          "Left": 0.5032089948654175,
          "Top": 0.5855123400688171
        },
        "Polygon": [
          {
            "X": 0.5032089948654175,
            "Y": 0.5855123400688171
          },
          {
            "X": 0.5250240564346313,
            "Y": 0.5855883359909058
          },
          {
            "X": 0.5251145362854004,
            "Y": 0.6073319315910339
          },
          {
            "X": 0.5032975077629089,
            "Y": 0.60725337266922
          }
        ]
      },
      "Id": "014f9f56-f88b-4ab2-bb7b-9a5e5e8017f7",
      "Relationships": [
        {
          "Type": "CHILD",
          "Ids": [
            "4f9948ca-7a82-455f-ad39-02325250f4ba"
          ]
        }
      ],
      "Page": 1
    },
    {
      "BlockType": "LINE",
      "Confidence": 99.92859649658203,
      "Text": "6.8",
      "Geometry": {
        "BoundingBox": {
          "Width": 0.021770307794213295,
          "Height": 0.021845530718564987,
          "Left": 0.615203320980072,
          "Top": 0.5854234099388123
        },
        "Polygon": [
          {
            "X": 0.615203320980072,
            "Y": 0.5854234099388123
          },
          {
            "X": 0.6368731260299683,
            "Y": 0.5854988694190979
          },
          {
            "X": 0.6369736194610596,
            "Y": 0.6072689294815063
          },
          {
            "X": 0.6153018474578857,
            "Y": 0.6071909666061401
          }
        ]
      },
      "Id": "6747d3f5-0bd8-488b-929b-cd2d7f8e2ae1",
      "Relationships": [
        {
          "Type": "CHILD",
          "Ids": [
            "057dbcb4-e32d-4f93-9211-ffe0f2889cd7"
          ]
        }
      ],
      "Page": 1
    },
    {
      "BlockType": "LINE",
      "Confidence": 99.8956527709961,
      "Text": "8.6",
      "Geometry": {
        "BoundingBox": {
          "Width": 0.022138623520731926,
          "Height": 0.022302519530057907,
          "Left": 0.6899139881134033,
          "Top": 0.5851819515228271
        },
        "Polygon": [
          {
            "X": 0.6899139881134033,
            "Y": 0.5851819515228271
          },
          {
            "X": 0.7119432091712952,
            "Y": 0.5852585434913635
          },
          {
            "X": 0.712052583694458,
            "Y": 0.6074844598770142
          },
          {
            "X": 0.6900213956832886,
            "Y": 0.6074051856994629
          }
        ]
      },
      "Id": "3e0045c6-897d-4a10-8376-2c43070afc2b",
      "Relationships": [
        {
          "Type": "CHILD",
          "Ids": [
            "932e0f55-3809-435c-bea8-7e31a1cefc1a"
          ]
        }
      ],
      "Page": 1
    },
    {
      "BlockType": "WORD",
      "Confidence": 99.68173217773438,
      "Text": "Concentration",
      "TextType": "PRINTED",
      "Geometry": {
        "BoundingBox": {
          "Width": 0.10894585400819778,
          "Height": 0.02293524518609047,
          "Left": 0.24153317511081696,
          "Top": 0.38743025064468384
        },
        "Polygon": [
          {
            "X": 0.24153317511081696,
            "Y": 0.38743025064468384
          },
          {
            "X": 0.35040077567100525,
            "Y": 0.387694776058197
          },
          {
            "X": 0.35047903656959534,
            "Y": 0.410365492105484
          },
          {
            "X": 0.24160131812095642,
            "Y": 0.4100877344608307
          }
        ]
      },
      "Id": "e3980013-095e-4166-a22f-9dd6e9128ef3",
      "Page": 1
    },
    {
      "BlockType": "WORD",
      "Confidence": 99.9884033203125,
      "Text": "of",
      "TextType": "PRINTED",
      "Geometry": {
        "BoundingBox": {
          "Width": 0.017049875110387802,
          "Height": 0.022481022402644157,
          "Left": 0.35478675365448,
          "Top": 0.38739264011383057
        },
        "Polygon": [
          {
            "X": 0.35478675365448,
            "Y": 0.38739264011383057
          },
          {
            "X": 0.37175723910331726,
            "Y": 0.38743385672569275
          },
          {
            "X": 0.3718366324901581,
            "Y": 0.4098736643791199
          },
          {
            "X": 0.35486462712287903,
            "Y": 0.4098304212093353
          }
        ]
      },
      "Id": "e8bd25b0-2337-4dfb-a1c4-7886c570d435",
      "Page": 1
    },
    {
      "BlockType": "WORD",
      "Confidence": 99.91576385498047,
      "Text": "Relative",
      "TextType": "PRINTED",
      "Geometry": {
        "BoundingBox": {
          "Width": 0.06076385825872421,
          "Height": 0.022656504064798355,
          "Left": 0.39172735810279846,
          "Top": 0.3875746726989746
        },
        "Polygon": [
          {
            "X": 0.39172735810279846,
            "Y": 0.3875746726989746
          },
          {
            "X": 0.4524041414260864,
            "Y": 0.38772204518318176
          },
          {
            "X": 0.4524911940097809,
            "Y": 0.41023117303848267
          },
          {
            "X": 0.39180880784988403,
            "Y": 0.4100764989852905
          }
        ]
      },
      "Id": "6d0ee814-6fdd-4183-92f0-a9a88a0aed7e",
      "Page": 1
    },
    {
      "BlockType": "WORD",
      "Confidence": 99.9594955444336,
      "Text": "peak",
      "TextType": "PRINTED",
      "Geometry": {
        "BoundingBox": {
          "Width": 0.03526242822408676,
          "Height": 0.028102848678827286,
          "Left": 0.45781487226486206,
          "Top": 0.3878842294216156
        },
        "Polygon": [
          {
            "X": 0.45781487226486206,
            "Y": 0.3878842294216156
          },
          {
            "X": 0.4929642975330353,
            "Y": 0.38796964287757874
          },
          {
            "X": 0.4930773079395294,
            "Y": 0.4159870743751526
          },
          {
            "X": 0.4579238295555115,
            "Y": 0.4158964157104492
          }
        ]
      },
      "Id": "b7939911-fa0e-4e9a-87ed-e39e9daa0d37",
      "Page": 1
    },
    {
      "BlockType": "WORD",
      "Confidence": 99.95072174072266,
      "Text": "intensity",
      "TextType": "PRINTED",
      "Geometry": {
        "BoundingBox": {
          "Width": 0.06356167048215866,
          "Height": 0.027536330744624138,
          "Left": 0.49908336997032166,
          "Top": 0.38777801394462585
        },
        "Polygon": [
          {
            "X": 0.49908336997032166,
            "Y": 0.38777801394462585
          },
          {
            "X": 0.5625268220901489,
            "Y": 0.38793206214904785
          },
          {
            "X": 0.5626450777053833,
            "Y": 0.41531431674957275
          },
          {
            "X": 0.499194473028183,
            "Y": 0.4151509702205658
          }
        ]
      },
      "Id": "839156ba-b8d1-4665-98c3-70ecab0da860",
      "Page": 1
    },
    {
      "BlockType": "WORD",
      "Confidence": 54.8358268737793,
      "Text": "(x",
      "TextType": "PRINTED",
      "Geometry": {
        "BoundingBox": {
          "Width": 0.020740559324622154,
          "Height": 0.027310041710734367,
          "Left": 0.5682582855224609,
          "Top": 0.3876366913318634
        },
        "Polygon": [
          {
            "X": 0.5682582855224609,
            "Y": 0.3876366913318634
          },
          {
            "X": 0.5888782143592834,
            "Y": 0.38768672943115234
          },
          {
            "X": 0.5889988541603088,
            "Y": 0.4149467349052429
          },
          {
            "X": 0.5683766007423401,
            "Y": 0.4148936867713928
          }
        ]
      },
      "Id": "51d79a8f-4caf-443b-b453-9bc6c7cd29d6",
      "Page": 1
    },
    {
      "BlockType": "WORD",
      "Confidence": 99.84285736083984,
      "Text": "1000)",
      "TextType": "PRINTED",
      "Geometry": {
        "BoundingBox": {
          "Width": 0.03905149921774864,
          "Height": 0.02705058641731739,
          "Left": 0.595065176486969,
          "Top": 0.38784950971603394
        },
        "Polygon": [
          {
            "X": 0.595065176486969,
            "Y": 0.38784950971603394
          },
          {
            "X": 0.6339924335479736,
            "Y": 0.3879440128803253
          },
          {
            "X": 0.6341166496276855,
            "Y": 0.41490012407302856
          },
          {
            "X": 0.5951851010322571,
            "Y": 0.4147999882698059
          }
        ]
      },
      "Id": "eacdcd44-c8ad-4512-981a-aebb9cd95fc2",
      "Page": 1
    },
    {
      "BlockType": "WORD",
      "Confidence": 99.29995727539062,
      "Text": "DGEBA",
      "TextType": "PRINTED",
      "Geometry": {
        "BoundingBox": {
          "Width": 0.06491876393556595,
          "Height": 0.022240784019231796,
          "Left": 0.24172699451446533,
          "Top": 0.42314445972442627
        },
        "Polygon": [
          {
            "X": 0.24172699451446533,
            "Y": 0.42314445972442627
          },
          {
            "X": 0.3065735399723053,
            "Y": 0.4233144223690033
          },
          {
            "X": 0.3066457509994507,
            "Y": 0.44538524746894836
          },
          {
            "X": 0.24179336428642273,
            "Y": 0.4452076256275177
          }
        ]
      },
      "Id": "2db43904-24d1-4864-b200-c3eae9bbb801",
      "Page": 1
    },
    {
      "BlockType": "WORD",
      "Confidence": 99.96529388427734,
      "Text": "(M)",
      "TextType": "PRINTED",
      "Geometry": {
        "BoundingBox": {
          "Width": 0.029334167018532753,
          "Height": 0.028058910742402077,
          "Left": 0.3124788701534271,
          "Top": 0.42259344458580017
        },
        "Polygon": [
          {
            "X": 0.3124788701534271,
            "Y": 0.42259344458580017
          },
          {
            "X": 0.3417174518108368,
            "Y": 0.4226699769496918
          },
          {
            "X": 0.3418130576610565,
            "Y": 0.4506523609161377
          },
          {
            "X": 0.31257110834121704,
            "Y": 0.4505714774131775
          }
        ]
      },
      "Id": "8b90d455-7786-4432-8daa-f29e8c14763c",
      "Page": 1
    },
    {
      "BlockType": "WORD",
      "Confidence": 99.9399185180664,
      "Text": "57",
      "TextType": "PRINTED",
      "Geometry": {
        "BoundingBox": {
          "Width": 0.016681663691997528,
          "Height": 0.0210399329662323,
          "Left": 0.3914472162723541,
          "Top": 0.45239943265914917
        },
        "Polygon": [
          {
            "X": 0.3914472162723541,
            "Y": 0.45239943265914917
          },
          {
            "X": 0.4080514907836914,
            "Y": 0.45244550704956055
          },
          {
            "X": 0.40812885761260986,
            "Y": 0.47343936562538147
          },
          {
            "X": 0.391523152589798,
            "Y": 0.47339141368865967
          }
        ]
      },
      "Id": "20588242-003d-49c9-9f80-0f1daeda985d",
      "Page": 1
    },
    {
      "BlockType": "WORD",
      "Confidence": 99.94789123535156,
      "Text": "77",
      "TextType": "PRINTED",
      "Geometry": {
        "BoundingBox": {
          "Width": 0.0171863604336977,
          "Height": 0.02140788920223713,
          "Left": 0.5033004283905029,
          "Top": 0.4522027373313904
        },
        "Polygon": [
          {
            "X": 0.5033004283905029,
            "Y": 0.4522027373313904
          },
          {
            "X": 0.5203982591629028,
            "Y": 0.4522501230239868
          },
          {
            "X": 0.5204868316650391,
            "Y": 0.47361060976982117
          },
          {
            "X": 0.503387451171875,
            "Y": 0.47356125712394714
          }
        ]
      },
      "Id": "2e52da7a-1e55-45e6-abad-fa70c2bfb434",
      "Page": 1
    },
    {
      "BlockType": "WORD",
      "Confidence": 99.9632568359375,
      "Text": "91",
      "TextType": "PRINTED",
      "Geometry": {
        "BoundingBox": {
          "Width": 0.01563122682273388,
          "Height": 0.020928502082824707,
          "Left": 0.6150414943695068,
          "Top": 0.45262211561203003
        },
        "Polygon": [
          {
            "X": 0.6150414943695068,
            "Y": 0.45262211561203003
          },
          {
            "X": 0.6305767297744751,
            "Y": 0.45266517996788025
          },
          {
            "X": 0.6306726932525635,
            "Y": 0.47355061769485474
          },
          {
            "X": 0.6151360869407654,
            "Y": 0.47350579500198364
          }
        ]
      },
      "Id": "298a718c-d880-4bf0-a239-63d4c7194617",
      "Page": 1
    },
    {
      "BlockType": "WORD",
      "Confidence": 99.88267517089844,
      "Text": "135",
      "TextType": "PRINTED",
      "Geometry": {
        "BoundingBox": {
          "Width": 0.024235380813479424,
          "Height": 0.02145695686340332,
          "Left": 0.6914217472076416,
          "Top": 0.45223045349121094
        },
        "Polygon": [
          {
            "X": 0.6914217472076416,
            "Y": 0.45223045349121094
          },
          {
            "X": 0.7155514359474182,
            "Y": 0.45229727029800415
          },
          {
            "X": 0.715657114982605,
            "Y": 0.47368741035461426
          },
          {
            "X": 0.6915252804756165,
            "Y": 0.473617821931839
          }
        ]
      },
      "Id": "b6fbe8b4-760b-4ff7-a8c7-aff9478b993c",
      "Page": 1
    },
    {
      "BlockType": "WORD",
      "Confidence": 98.61309051513672,
      "Text": "1",
      "TextType": "PRINTED",
      "Geometry": {
        "BoundingBox": {
          "Width": 0.005273729562759399,
          "Height": 0.021460046991705894,
          "Left": 0.243221253156662,
          "Top": 0.5171706676483154
        },
        "Polygon": [
          {
            "X": 0.243221253156662,
            "Y": 0.5171706676483154
          },
          {
            "X": 0.24842990934848785,
            "Y": 0.5171869397163391
          },
          {
            "X": 0.2484949827194214,
            "Y": 0.5386307239532471
          },
          {
            "X": 0.24328584969043732,
            "Y": 0.5386138558387756
          }
        ]
      },
      "Id": "ce1c74f7-a32a-4f78-a80f-bcf03fde742d",
      "Page": 1
    },
    {
      "BlockType": "WORD",
      "Confidence": 97.55670166015625,
      "Text": "10-3",
      "TextType": "PRINTED",
      "Geometry": {
        "BoundingBox": {
          "Width": 0.03331361711025238,
          "Height": 0.028424294665455818,
          "Left": 0.27101224660873413,
          "Top": 0.5098599195480347
        },
        "Polygon": [
          {
            "X": 0.27101224660873413,
            "Y": 0.5098599195480347
          },
          {
            "X": 0.30423349142074585,
            "Y": 0.5099623799324036
          },
          {
            "X": 0.3043258488178253,
            "Y": 0.538284182548523
          },
          {
            "X": 0.2711007595062256,
            "Y": 0.5381767153739929
          }
        ]
      },
      "Id": "64bd1773-cf4c-4992-bc84-e88c8821f27c",
      "Page": 1
    },
    {
      "BlockType": "WORD",
      "Confidence": 99.948974609375,
      "Text": "23.0",
      "TextType": "PRINTED",
      "Geometry": {
        "BoundingBox": {
          "Width": 0.030957559123635292,
          "Height": 0.022127144038677216,
          "Left": 0.3908087909221649,
          "Top": 0.5166682004928589
        },
        "Polygon": [
          {
            "X": 0.3908087909221649,
            "Y": 0.5166682004928589
          },
          {
            "X": 0.4216839373111725,
            "Y": 0.5167644619941711
          },
          {
            "X": 0.42176634073257446,
            "Y": 0.5387953519821167
          },
          {
            "X": 0.39088839292526245,
            "Y": 0.5386953949928284
          }
        ]
      },
      "Id": "cf9e8bd3-ec15-4acd-a01a-c148798182ac",
      "Page": 1
    },
    {
      "BlockType": "WORD",
      "Confidence": 99.73001098632812,
      "Text": "1.7",
      "TextType": "PRINTED",
      "Geometry": {
        "BoundingBox": {
          "Width": 0.020729616284370422,
          "Height": 0.021456874907016754,
          "Left": 0.5043136477470398,
          "Top": 0.5171135067939758
        },
        "Polygon": [
          {
            "X": 0.5043136477470398,
            "Y": 0.5171135067939758
          },
          {
            "X": 0.5249541997909546,
            "Y": 0.5171778798103333
          },
          {
            "X": 0.525043249130249,
            "Y": 0.5385704040527344
          },
          {
            "X": 0.5044008493423462,
            "Y": 0.5385036468505859
          }
        ]
      },
      "Id": "0ff2878e-2f07-4147-8915-3016d553f189",
      "Page": 1
    },
    {
      "BlockType": "WORD",
      "Confidence": 99.70013427734375,
      "Text": "1.5",
      "TextType": "PRINTED",
      "Geometry": {
        "BoundingBox": {
          "Width": 0.02026483416557312,
          "Height": 0.021420251578092575,
          "Left": 0.6167570352554321,
          "Top": 0.5169861912727356
        },
        "Polygon": [
          {
            "X": 0.6167570352554321,
            "Y": 0.5169861912727356
          },
          {
            "X": 0.6369231939315796,
            "Y": 0.5170490145683289
          },
          {
            "X": 0.6370218396186829,
            "Y": 0.5384064316749573
          },
          {
            "X": 0.6168538928031921,
            "Y": 0.5383412837982178
          }
        ]
      },
      "Id": "fc98ade8-ae67-48ab-a67a-bb106a42feb3",
      "Page": 1
    },
    {
      "BlockType": "WORD",
      "Confidence": 99.97410583496094,
      "Text": "0.8",
      "TextType": "PRINTED",
      "Geometry": {
        "BoundingBox": {
          "Width": 0.02181299403309822,
          "Height": 0.021889187395572662,
          "Left": 0.6896048784255981,
          "Top": 0.516868531703949
        },
        "Polygon": [
          {
            "X": 0.6896048784255981,
            "Y": 0.516868531703949
          },
          {
            "X": 0.7113105058670044,
            "Y": 0.516936182975769
          },
          {
            "X": 0.7114179134368896,
            "Y": 0.5387577414512634
          },
          {
            "X": 0.6897103786468506,
            "Y": 0.5386875867843628
          }
        ]
      },
      "Id": "9129f78b-2553-432d-90ca-9e3a7dec0ae1",
      "Page": 1
    },
    {
      "BlockType": "WORD",
      "Confidence": 98.85154724121094,
      "Text": "1",
      "TextType": "PRINTED",
      "Geometry": {
        "BoundingBox": {
          "Width": 0.005486676469445229,
          "Height": 0.02180086076259613,
          "Left": 0.24303174018859863,
          "Top": 0.5504961609840393
        },
        "Polygon": [
          {
            "X": 0.24303174018859863,
            "Y": 0.5504961609840393
          },
          {
            "X": 0.2484523355960846,
            "Y": 0.5505141019821167
          },
          {
            "X": 0.2485184222459793,
            "Y": 0.5722970366477966
          },
          {
            "X": 0.24309733510017395,
            "Y": 0.5722784996032715
          }
        ]
      },
      "Id": "e9c6603a-450f-477e-ab2e-7e7dfca7aa82",
      "Page": 1
    },
    {
      "BlockType": "WORD",
      "Confidence": 89.35945129394531,
      "Text": "10-2",
      "TextType": "PRINTED",
      "Geometry": {
        "BoundingBox": {
          "Width": 0.033177901059389114,
          "Height": 0.03139754757285118,
          "Left": 0.27089419960975647,
          "Top": 0.5426644682884216
        },
        "Polygon": [
          {
            "X": 0.27089419960975647,
            "Y": 0.5426644682884216
          },
          {
            "X": 0.303970068693161,
            "Y": 0.5427722334861755
          },
          {
            "X": 0.3040720820426941,
            "Y": 0.5740619897842407
          },
          {
            "X": 0.2709919512271881,
            "Y": 0.5739486217498779
          }
        ]
      },
      "Id": "a317b351-7613-4a20-b96b-9ec21dc110ff",
      "Page": 1
    },
    {
      "BlockType": "WORD",
      "Confidence": 99.73291778564453,
      "Text": "25.6",
      "TextType": "PRINTED",
      "Geometry": {
        "BoundingBox": {
          "Width": 0.030767973512411118,
          "Height": 0.02151510864496231,
          "Left": 0.3910585045814514,
          "Top": 0.5508297681808472
        },
        "Polygon": [
          {
            "X": 0.3910585045814514,
            "Y": 0.5508297681808472
          },
          {
            "X": 0.4217463731765747,
            "Y": 0.5509310960769653
          },
          {
            "X": 0.42182648181915283,
            "Y": 0.5723448991775513
          },
          {
            "X": 0.39113590121269226,
            "Y": 0.5722400546073914
          }
        ]
      },
      "Id": "0a093419-0640-4e27-880a-7195b39c8658",
      "Page": 1
    },
    {
      "BlockType": "WORD",
      "Confidence": 99.17552947998047,
      "Text": "3.4",
      "TextType": "PRINTED",
      "Geometry": {
        "BoundingBox": {
          "Width": 0.02225589193403721,
          "Height": 0.02151596173644066,
          "Left": 0.5032783150672913,
          "Top": 0.5505831837654114
        },
        "Polygon": [
          {
            "X": 0.5032783150672913,
            "Y": 0.5505831837654114
          },
          {
            "X": 0.5254449844360352,
            "Y": 0.550656259059906
          },
          {
            "X": 0.5255342125892639,
            "Y": 0.5720991492271423
          },
          {
            "X": 0.5033656358718872,
            "Y": 0.5720234513282776
          }
        ]
      },
      "Id": "05d796b2-7b22-468a-a469-c84405bdef64",
      "Page": 1
    },
    {
      "BlockType": "WORD",
      "Confidence": 99.92790222167969,
      "Text": "3.6",
      "TextType": "PRINTED",
      "Geometry": {
        "BoundingBox": {
          "Width": 0.022131050005555153,
          "Height": 0.022086724638938904,
          "Left": 0.6153107285499573,
          "Top": 0.5504869818687439
        },
        "Polygon": [
          {
            "X": 0.6153107285499573,
            "Y": 0.5504869818687439
          },
          {
            "X": 0.6373400688171387,
            "Y": 0.5505595803260803
          },
          {
            "X": 0.6374417543411255,
            "Y": 0.572573721408844
          },
          {
            "X": 0.6154104471206665,
            "Y": 0.5724985003471375
          }
        ]
      },
      "Id": "52445df0-4a4e-4da5-8fc4-53f6ce633670",
      "Page": 1
    },
    {
      "BlockType": "WORD",
      "Confidence": 99.67341613769531,
      "Text": "3.3",
      "TextType": "PRINTED",
      "Geometry": {
        "BoundingBox": {
          "Width": 0.02152206376194954,
          "Height": 0.021935375407338142,
          "Left": 0.6899318099021912,
          "Top": 0.5506961345672607
        },
        "Polygon": [
          {
            "X": 0.6899318099021912,
            "Y": 0.5506961345672607
          },
          {
            "X": 0.7113462686538696,
            "Y": 0.5507667064666748
          },
          {
            "X": 0.711453914642334,
            "Y": 0.5726315379142761
          },
          {
            "X": 0.6900374889373779,
            "Y": 0.5725584626197815
          }
        ]
      },
      "Id": "3e589303-409e-457b-92cc-7c0faa52b325",
      "Page": 1
    },
    {
      "BlockType": "WORD",
      "Confidence": 97.19363403320312,
      "Text": "1",
      "TextType": "PRINTED",
      "Geometry": {
        "BoundingBox": {
          "Width": 0.005026616156101227,
          "Height": 0.020989814773201942,
          "Left": 0.24316710233688354,
          "Top": 0.5857545733451843
        },
        "Polygon": [
          {
            "X": 0.24316710233688354,
            "Y": 0.5857545733451843
          },
          {
            "X": 0.24813012778759003,
            "Y": 0.5857718586921692
          },
          {
            "X": 0.24819372594356537,
            "Y": 0.6067443490028381
          },
          {
            "X": 0.24323026835918427,
            "Y": 0.6067264676094055
          }
        ]
      },
      "Id": "3f9c021f-b868-40d0-b1cb-7e5c6d40cdd5",
      "Page": 1
    },
    {
      "BlockType": "WORD",
      "Confidence": 61.69041442871094,
      "Text": "10-1",
      "TextType": "PRINTED",
      "Geometry": {
        "BoundingBox": {
          "Width": 0.03177986294031143,
          "Height": 0.02774355746805668,
          "Left": 0.2708728611469269,
          "Top": 0.5800800919532776
        },
        "Polygon": [
          {
            "X": 0.2708728611469269,
            "Y": 0.5800800919532776
          },
          {
            "X": 0.30256280303001404,
            "Y": 0.5801897644996643
          },
          {
            "X": 0.3026527166366577,
            "Y": 0.6078236699104309
          },
          {
            "X": 0.27095919847488403,
            "Y": 0.6077093482017517
          }
        ]
      },
      "Id": "febcfcee-b725-44f0-ac4d-c100ecdd86b3",
      "Page": 1
    },
    {
      "BlockType": "WORD",
      "Confidence": 99.89785766601562,
      "Text": "28.5",
      "TextType": "PRINTED",
      "Geometry": {
        "BoundingBox": {
          "Width": 0.03070831671357155,
          "Height": 0.021610001102089882,
          "Left": 0.39078205823898315,
          "Top": 0.5855880379676819
        },
        "Polygon": [
          {
            "X": 0.39078205823898315,
            "Y": 0.5855880379676819
          },
          {
            "X": 0.4214099943637848,
            "Y": 0.5856948494911194
          },
          {
            "X": 0.4214903712272644,
            "Y": 0.6071980595588684
          },
          {
            "X": 0.3908597528934479,
            "Y": 0.6070877313613892
          }
        ]
      },
      "Id": "24a9e8dd-360e-479b-b768-7c5aa65ef1d5",
      "Page": 1
    },
    {
      "BlockType": "WORD",
      "Confidence": 99.85635375976562,
      "Text": "6.7",
      "TextType": "PRINTED",
      "Geometry": {
        "BoundingBox": {
          "Width": 0.021905532106757164,
          "Height": 0.021819598972797394,
          "Left": 0.5032089948654175,
          "Top": 0.5855123400688171
        },
        "Polygon": [
          {
            "X": 0.5032089948654175,
            "Y": 0.5855123400688171
          },
          {
            "X": 0.5250240564346313,
            "Y": 0.5855883359909058
          },
          {
            "X": 0.5251145362854004,
            "Y": 0.6073319315910339
          },
          {
            "X": 0.5032975077629089,
            "Y": 0.60725337266922
          }
        ]
      },
      "Id": "4f9948ca-7a82-455f-ad39-02325250f4ba",
      "Page": 1
    },
    {
      "BlockType": "WORD",
      "Confidence": 99.92859649658203,
      "Text": "6.8",
      "TextType": "PRINTED",
      "Geometry": {
        "BoundingBox": {
          "Width": 0.021770307794213295,
          "Height": 0.021845530718564987,
          "Left": 0.615203320980072,
          "Top": 0.5854234099388123
        },
        "Polygon": [
          {
            "X": 0.615203320980072,
            "Y": 0.5854234099388123
          },
          {
            "X": 0.6368731260299683,
            "Y": 0.5854988694190979
          },
          {
            "X": 0.6369736194610596,
            "Y": 0.6072689294815063
          },
          {
            "X": 0.6153018474578857,
            "Y": 0.6071909666061401
          }
        ]
      },
      "Id": "057dbcb4-e32d-4f93-9211-ffe0f2889cd7",
      "Page": 1
    },
    {
      "BlockType": "WORD",
      "Confidence": 99.8956527709961,
      "Text": "8.6",
      "TextType": "PRINTED",
      "Geometry": {
        "BoundingBox": {
          "Width": 0.022138623520731926,
          "Height": 0.022302519530057907,
          "Left": 0.6899139881134033,
          "Top": 0.5851819515228271
        },
        "Polygon": [
          {
            "X": 0.6899139881134033,
            "Y": 0.5851819515228271
          },
          {
            "X": 0.7119432091712952,
            "Y": 0.5852585434913635
          },
          {
            "X": 0.712052583694458,
            "Y": 0.6074844598770142
          },
          {
            "X": 0.6900213956832886,
            "Y": 0.6074051856994629
          }
        ]
      },
      "Id": "932e0f55-3809-435c-bea8-7e31a1cefc1a",
      "Page": 1
    },
    {
      "BlockType": "SELECTION_ELEMENT",
      "Confidence": 34.716796875,
      "Geometry": {
        "BoundingBox": {
          "Width": 0.01090721320360899,
          "Height": 0.01573880948126316,
          "Left": 0.254256010055542,
          "Top": 0.555489718914032
        },
        "Polygon": [
          {
            "X": 0.254256010055542,
            "Y": 0.555489718914032
          },
          {
            "X": 0.26511454582214355,
            "Y": 0.5555258989334106
          },
          {
            "X": 0.26516324281692505,
            "Y": 0.571228563785553
          },
          {
            "X": 0.25430402159690857,
            "Y": 0.5711914896965027
          }
        ]
      },
      "Id": "6ff13db1-5edb-4e7e-a0e9-a6d8b4760576",
      "SelectionStatus": "SELECTED",
      "Page": 1
    },
    {
      "BlockType": "SELECTION_ELEMENT",
      "Confidence": 30.6640625,
      "Geometry": {
        "BoundingBox": {
          "Width": 0.011203703470528126,
          "Height": 0.017077259719371796,
          "Left": 0.2539707124233246,
          "Top": 0.5890233516693115
        },
        "Polygon": [
          {
            "X": 0.2539707124233246,
            "Y": 0.5890233516693115
          },
          {
            "X": 0.26512157917022705,
            "Y": 0.5890624523162842
          },
          {
            "X": 0.26517441868782043,
            "Y": 0.6061006188392639
          },
          {
            "X": 0.2540227770805359,
            "Y": 0.6060605049133301
          }
        ]
      },
      "Id": "8a773910-e873-44a0-950f-94544cc9c48d",
      "SelectionStatus": "SELECTED",
      "Page": 1
    },
    {
      "BlockType": "SELECTION_ELEMENT",
      "Confidence": 29.00390625,
      "Geometry": {
        "BoundingBox": {
          "Width": 0.010422658175230026,
          "Height": 0.016263114288449287,
          "Left": 0.2545396089553833,
          "Top": 0.5214330554008484
        },
        "Polygon": [
          {
            "X": 0.2545396089553833,
            "Y": 0.5214330554008484
          },
          {
            "X": 0.264911949634552,
            "Y": 0.5214656591415405
          },
          {
            "X": 0.2649622857570648,
            "Y": 0.537696123123169
          },
          {
            "X": 0.2545892596244812,
            "Y": 0.5376626253128052
          }
        ]
      },
      "Id": "db756e75-460b-42f3-805e-46e05bb8360f",
      "SelectionStatus": "SELECTED",
      "Page": 1
    },
    {
      "BlockType": "TABLE",
      "Confidence": 93.359375,
      "Geometry": {
        "BoundingBox": {
          "Width": 0.5239788293838501,
          "Height": 0.25222012400627136,
          "Left": 0.238886296749115,
          "Top": 0.3734593093395233
        },
        "Polygon": [
          {
            "X": 0.238886296749115,
            "Y": 0.3734593093395233
          },
          {
            "X": 0.7615776658058167,
            "Y": 0.37469038367271423
          },
          {
            "X": 0.7628651261329651,
            "Y": 0.6256794333457947
          },
          {
            "X": 0.2396364063024521,
            "Y": 0.6237468123435974
          }
        ]
      },
      "Id": "35961a40-3524-43df-929f-c22b680d60d9",
      "Relationships": [
        {
          "Type": "CHILD",
          "Ids": [
            "417af6d9-a03e-47d8-b9b3-9ebdea71f902",
            "722f6a35-71fb-4e16-a77e-7afeb354cd9f",
            "3c3c52dd-d693-42c0-a930-74c7e9532f15",
            "19663b85-2245-4a34-8ff1-fabc04a93625",
            "953f21c0-3051-446a-937d-ecae5676fdad",
            "6eee3a12-71eb-44e3-96e3-0824e8425307",
            "82cf49a9-a0da-4143-bae4-0585da5f408e",
            "b5afe95f-9835-443f-b65d-4613d5d085e5",
            "6aa4971f-3306-499f-baec-8c6616e9c403",
            "d4421b68-936e-4851-8331-52ce8d5a078f",
            "805fb273-9ad0-4f02-9490-b4a771933d0b",
            "2b24578a-3684-4ba5-be7d-e3b5ccc32e94",
            "16280f30-a4c8-4da8-8059-88506d112ca6",
            "9136d1a9-0b5f-4d4c-82ac-d1a069933cb6",
            "220dfb39-a637-4043-983e-0e80609caa1b",
            "45344141-2484-4a15-a3ee-906ccb45baf2",
            "439aed0c-e0f4-47d1-a3c9-3809c84b485e",
            "ed1d6c76-a5bb-4262-ac4e-5d7f6b61ce4f",
            "571798d8-6ad2-4c6e-b552-a4c8bde10141",
            "7c2a7f8e-678b-41ee-a078-b60998704831",
            "4b6c9210-f88f-4e1d-8854-327211ec64bc",
            "61f9e269-822e-4ddc-96ae-219d2d1f735e",
            "380ab382-b2ce-426a-85e0-a376951405e5",
            "23ab7f23-a698-49f9-ac7d-c6e0e5415c81",
            "841ffc61-ec77-41a8-b85d-4df914b5da7a"
          ]
        },
        {
          "Type": "MERGED_CELL",
          "Ids": [
            "ffbfc1e1-4153-43a7-9bf0-2d3369f77189",
            "2dc18f18-b836-433d-9b08-96932286ebfb"
          ]
        }
      ],
      "EntityTypes": [
        "STRUCTURED_TABLE"
      ],
      "Page": 1
    },
    {
      "BlockType": "CELL",
      "Confidence": 81.8359375,
      "RowIndex": 1,
      "ColumnIndex": 1,
      "RowSpan": 1,
      "ColumnSpan": 1,
      "Geometry": {
        "BoundingBox": {
          "Width": 0.1433696150779724,
          "Height": 0.059054046869277954,
          "Left": 0.238632932305336,
          "Top": 0.3730282783508301
        },
        "Polygon": [
          {
            "X": 0.238632932305336,
            "Y": 0.3730282783508301
          },
          {
            "X": 0.3817923665046692,
            "Y": 0.3733651041984558
          },
          {
            "X": 0.3820025622844696,
            "Y": 0.43208232522010803
          },
          {
            "X": 0.23880872130393982,
            "Y": 0.4317004680633545
          }
        ]
      },
      "Id": "417af6d9-a03e-47d8-b9b3-9ebdea71f902",
      "Relationships": [
        {
          "Type": "CHILD",
          "Ids": [
            "e3980013-095e-4166-a22f-9dd6e9128ef3",
            "e8bd25b0-2337-4dfb-a1c4-7886c570d435"
          ]
        }
      ],
      "Page": 1
    },
    {
      "BlockType": "CELL",
      "Confidence": 92.236328125,
      "RowIndex": 1,
      "ColumnIndex": 2,
      "RowSpan": 1,
      "ColumnSpan": 1,
      "Geometry": {
        "BoundingBox": {
          "Width": 0.09001481533050537,
          "Height": 0.058956682682037354,
          "Left": 0.3817923665046692,
          "Top": 0.3733651041984558
        },
        "Polygon": [
          {
            "X": 0.3817923665046692,
            "Y": 0.3733651041984558
          },
          {
            "X": 0.4715753495693207,
            "Y": 0.3735763728618622
          },
          {
            "X": 0.47180718183517456,
            "Y": 0.43232178688049316
          },
          {
            "X": 0.3820025622844696,
            "Y": 0.43208232522010803
          }
        ]
      },
      "Id": "722f6a35-71fb-4e16-a77e-7afeb354cd9f",
      "Relationships": [
        {
          "Type": "CHILD",
          "Ids": [
            "6d0ee814-6fdd-4183-92f0-a9a88a0aed7e"
          ]
        }
      ],
      "Page": 1
    },
    {
      "BlockType": "CELL",
      "Confidence": 92.236328125,
      "RowIndex": 1,
      "ColumnIndex": 3,
      "RowSpan": 1,
      "ColumnSpan": 1,
      "Geometry": {
        "BoundingBox": {
          "Width": 0.09958988428115845,
          "Height": 0.05901039019227028,
          "Left": 0.4715753495693207,
          "Top": 0.3735763728618622
        },
        "Polygon": [
          {
            "X": 0.4715753495693207,
            "Y": 0.3735763728618622
          },
          {
            "X": 0.5709094405174255,
            "Y": 0.3738100826740265
          },
          {
            "X": 0.5711652040481567,
            "Y": 0.43258675932884216
          },
          {
            "X": 0.47180718183517456,
            "Y": 0.43232178688049316
          }
        ]
      },
      "Id": "3c3c52dd-d693-42c0-a930-74c7e9532f15",
      "Relationships": [
        {
          "Type": "CHILD",
          "Ids": [
            "b7939911-fa0e-4e9a-87ed-e39e9daa0d37",
            "839156ba-b8d1-4665-98c3-70ecab0da860"
          ]
        }
      ],
      "Page": 1
    },
    {
      "BlockType": "CELL",
      "Confidence": 92.236328125,
      "RowIndex": 1,
      "ColumnIndex": 4,
      "RowSpan": 1,
      "ColumnSpan": 1,
      "Geometry": {
        "BoundingBox": {
          "Width": 0.09261129796504974,
          "Height": 0.059022944420576096,
          "Left": 0.5709094405174255,
          "Top": 0.3738100826740265
        },
        "Polygon": [
          {
            "X": 0.5709094405174255,
            "Y": 0.3738100826740265
          },
          {
            "X": 0.6632426977157593,
            "Y": 0.3740273416042328
          },
          {
            "X": 0.6635207533836365,
            "Y": 0.4328330457210541
          },
          {
            "X": 0.5711652040481567,
            "Y": 0.43258675932884216
          }
        ]
      },
      "Id": "19663b85-2245-4a34-8ff1-fabc04a93625",
      "Relationships": [
        {
          "Type": "CHILD",
          "Ids": [
            "51d79a8f-4caf-443b-b453-9bc6c7cd29d6",
            "eacdcd44-c8ad-4512-981a-aebb9cd95fc2"
          ]
        }
      ],
      "Page": 1
    },
    {
      "BlockType": "CELL",
      "Confidence": 92.236328125,
      "RowIndex": 1,
      "ColumnIndex": 5,
      "RowSpan": 1,
      "ColumnSpan": 1,
      "Geometry": {
        "BoundingBox": {
          "Width": 0.09825857728719711,
          "Height": 0.059066977351903915,
          "Left": 0.6632426977157593,
          "Top": 0.3740273416042328
        },
        "Polygon": [
          {
            "X": 0.6632426977157593,
            "Y": 0.3740273416042328
          },
          {
            "X": 0.7611995339393616,
            "Y": 0.3742578327655792
          },
          {
            "X": 0.7615012526512146,
            "Y": 0.433094322681427
          },
          {
            "X": 0.6635207533836365,
            "Y": 0.4328330457210541
          }
        ]
      },
      "Id": "953f21c0-3051-446a-937d-ecae5676fdad",
      "Page": 1
    },
    {
      "BlockType": "CELL",
      "Confidence": 81.8359375,
      "RowIndex": 2,
      "ColumnIndex": 1,
      "RowSpan": 1,
      "ColumnSpan": 1,
      "Geometry": {
        "BoundingBox": {
          "Width": 0.14342205226421356,
          "Height": 0.0641281008720398,
          "Left": 0.23880872130393982,
          "Top": 0.4317004680633545
        },
        "Polygon": [
          {
            "X": 0.23880872130393982,
            "Y": 0.4317004680633545
          },
          {
            "X": 0.3820025622844696,
            "Y": 0.43208232522010803
          },
          {
            "X": 0.3822307884693146,
            "Y": 0.4958285689353943
          },
          {
            "X": 0.23899954557418823,
            "Y": 0.49539780616760254
          }
        ]
      },
      "Id": "6eee3a12-71eb-44e3-96e3-0824e8425307",
      "Relationships": [
        {
          "Type": "CHILD",
          "Ids": [
            "2db43904-24d1-4864-b200-c3eae9bbb801",
            "8b90d455-7786-4432-8daa-f29e8c14763c"
          ]
        }
      ],
      "Page": 1
    },
    {
      "BlockType": "CELL",
      "Confidence": 78.955078125,
      "RowIndex": 2,
      "ColumnIndex": 2,
      "RowSpan": 1,
      "ColumnSpan": 1,
      "Geometry": {
        "BoundingBox": {
          "Width": 0.09005629271268845,
          "Height": 0.06401638686656952,
          "Left": 0.3820025622844696,
          "Top": 0.43208232522010803
        },
        "Polygon": [
          {
            "X": 0.3820025622844696,
            "Y": 0.43208232522010803
          },
          {
            "X": 0.47180718183517456,
            "Y": 0.43232178688049316
          },
          {
            "X": 0.47205886244773865,
            "Y": 0.49609869718551636
          },
          {
            "X": 0.3822307884693146,
            "Y": 0.4958285689353943
          }
        ]
      },
      "Id": "82cf49a9-a0da-4143-bae4-0585da5f408e",
      "Relationships": [
        {
          "Type": "CHILD",
          "Ids": [
            "20588242-003d-49c9-9f80-0f1daeda985d"
          ]
        }
      ],
      "Page": 1
    },
    {
      "BlockType": "CELL",
      "Confidence": 91.30859375,
      "RowIndex": 2,
      "ColumnIndex": 3,
      "RowSpan": 1,
      "ColumnSpan": 1,
      "Geometry": {
        "BoundingBox": {
          "Width": 0.09963573515415192,
          "Height": 0.06407579034566879,
          "Left": 0.47180718183517456,
          "Top": 0.43232178688049316
        },
        "Polygon": [
          {
            "X": 0.47180718183517456,
            "Y": 0.43232178688049316
          },
          {
            "X": 0.5711652040481567,
            "Y": 0.43258675932884216
          },
          {
            "X": 0.5714429020881653,
            "Y": 0.49639758467674255
          },
          {
            "X": 0.47205886244773865,
            "Y": 0.49609869718551636
          }
        ]
      },
      "Id": "b5afe95f-9835-443f-b65d-4613d5d085e5",
      "Relationships": [
        {
          "Type": "CHILD",
          "Ids": [
            "2e52da7a-1e55-45e6-abad-fa70c2bfb434"
          ]
        }
      ],
      "Page": 1
    },
    {
      "BlockType": "CELL",
      "Confidence": 88.671875,
      "RowIndex": 2,
      "ColumnIndex": 4,
      "RowSpan": 1,
      "ColumnSpan": 1,
      "Geometry": {
        "BoundingBox": {
          "Width": 0.09265739470720291,
          "Height": 0.06408865004777908,
          "Left": 0.5711652040481567,
          "Top": 0.43258675932884216
        },
        "Polygon": [
          {
            "X": 0.5711652040481567,
            "Y": 0.43258675932884216
          },
          {
            "X": 0.6635207533836365,
            "Y": 0.4328330457210541
          },
          {
            "X": 0.663822591304779,
            "Y": 0.49667540192604065
          },
          {
            "X": 0.5714429020881653,
            "Y": 0.49639758467674255
          }
        ]
      },
      "Id": "6aa4971f-3306-499f-baec-8c6616e9c403",
      "Relationships": [
        {
          "Type": "CHILD",
          "Ids": [
            "298a718c-d880-4bf0-a239-63d4c7194617"
          ]
        }
      ],
      "Page": 1
    },
    {
      "BlockType": "CELL",
      "Confidence": 87.98828125,
      "RowIndex": 2,
      "ColumnIndex": 5,
      "RowSpan": 1,
      "ColumnSpan": 1,
      "Geometry": {
        "BoundingBox": {
          "Width": 0.0986841693520546,
          "Height": 0.06413823366165161,
          "Left": 0.6635207533836365,
          "Top": 0.4328330457210541
        },
        "Polygon": [
          {
            "X": 0.6635207533836365,
            "Y": 0.4328330457210541
          },
          {
            "X": 0.7618772387504578,
            "Y": 0.4330953359603882
          },
          {
            "X": 0.7622048854827881,
            "Y": 0.4969712793827057
          },
          {
            "X": 0.663822591304779,
            "Y": 0.49667540192604065
          }
        ]
      },
      "Id": "d4421b68-936e-4851-8331-52ce8d5a078f",
      "Relationships": [
        {
          "Type": "CHILD",
          "Ids": [
            "b6fbe8b4-760b-4ff7-a8c7-aff9478b993c"
          ]
        }
      ],
      "Page": 1
    },
    {
      "BlockType": "CELL",
      "Confidence": 85.888671875,
      "RowIndex": 3,
      "ColumnIndex": 1,
      "RowSpan": 1,
      "ColumnSpan": 1,
      "Geometry": {
        "BoundingBox": {
          "Width": 0.1431446671485901,
          "Height": 0.04669801890850067,
          "Left": 0.2392517477273941,
          "Top": 0.4953985810279846
        },
        "Polygon": [
          {
            "X": 0.2392517477273941,
            "Y": 0.4953985810279846
          },
          {
            "X": 0.3822307884693146,
            "Y": 0.4958285689353943
          },
          {
            "X": 0.3823964297771454,
            "Y": 0.5420966148376465
          },
          {
            "X": 0.2393902987241745,
            "Y": 0.5416311621665955
          }
        ]
      },
      "Id": "805fb273-9ad0-4f02-9490-b4a771933d0b",
      "Relationships": [
        {
          "Type": "CHILD",
          "Ids": [
            "db756e75-460b-42f3-805e-46e05bb8360f",
            "ce1c74f7-a32a-4f78-a80f-bcf03fde742d",
            "64bd1773-cf4c-4992-bc84-e88c8821f27c"
          ]
        }
      ],
      "Page": 1
    },
    {
      "BlockType": "CELL",
      "Confidence": 73.486328125,
      "RowIndex": 3,
      "ColumnIndex": 2,
      "RowSpan": 1,
      "ColumnSpan": 1,
      "Geometry": {
        "BoundingBox": {
          "Width": 0.09001075476408005,
          "Height": 0.046560440212488174,
          "Left": 0.3822307884693146,
          "Top": 0.4958285689353943
        },
        "Polygon": [
          {
            "X": 0.3822307884693146,
            "Y": 0.4958285689353943
          },
          {
            "X": 0.47205886244773865,
            "Y": 0.49609869718551636
          },
          {
            "X": 0.47224152088165283,
            "Y": 0.5423889756202698
          },
          {
            "X": 0.3823964297771454,
            "Y": 0.5420966148376465
          }
        ]
      },
      "Id": "2b24578a-3684-4ba5-be7d-e3b5ccc32e94",
      "Relationships": [
        {
          "Type": "CHILD",
          "Ids": [
            "cf9e8bd3-ec15-4acd-a01a-c148798182ac"
          ]
        }
      ],
      "Page": 1
    },
    {
      "BlockType": "CELL",
      "Confidence": 85.009765625,
      "RowIndex": 3,
      "ColumnIndex": 3,
      "RowSpan": 1,
      "ColumnSpan": 1,
      "Geometry": {
        "BoundingBox": {
          "Width": 0.09958560019731522,
          "Height": 0.04661380872130394,
          "Left": 0.47205886244773865,
          "Top": 0.49609869718551636
        },
        "Polygon": [
          {
            "X": 0.47205886244773865,
            "Y": 0.49609869718551636
          },
          {
            "X": 0.5714429020881653,
            "Y": 0.49639758467674255
          },
          {
            "X": 0.5716444253921509,
            "Y": 0.5427125096321106
          },
          {
            "X": 0.47224152088165283,
            "Y": 0.5423889756202698
          }
        ]
      },
      "Id": "16280f30-a4c8-4da8-8059-88506d112ca6",
      "Relationships": [
        {
          "Type": "CHILD",
          "Ids": [
            "0ff2878e-2f07-4147-8915-3016d553f189"
          ]
        }
      ],
      "Page": 1
    },
    {
      "BlockType": "CELL",
      "Confidence": 82.51953125,
      "RowIndex": 3,
      "ColumnIndex": 4,
      "RowSpan": 1,
      "ColumnSpan": 1,
      "Geometry": {
        "BoundingBox": {
          "Width": 0.0925988107919693,
          "Height": 0.04661564156413078,
          "Left": 0.5714429020881653,
          "Top": 0.49639758467674255
        },
        "Polygon": [
          {
            "X": 0.5714429020881653,
            "Y": 0.49639758467674255
          },
          {
            "X": 0.663822591304779,
            "Y": 0.49667540192604065
          },
          {
            "X": 0.6640416979789734,
            "Y": 0.5430132150650024
          },
          {
            "X": 0.5716444253921509,
            "Y": 0.5427125096321106
          }
        ]
      },
      "Id": "9136d1a9-0b5f-4d4c-82ac-d1a069933cb6",
      "Relationships": [
        {
          "Type": "CHILD",
          "Ids": [
            "fc98ade8-ae67-48ab-a67a-bb106a42feb3"
          ]
        }
      ],
      "Page": 1
    },
    {
      "BlockType": "CELL",
      "Confidence": 81.93359375,
      "RowIndex": 3,
      "ColumnIndex": 5,
      "RowSpan": 1,
      "ColumnSpan": 1,
      "Geometry": {
        "BoundingBox": {
          "Width": 0.09862011671066284,
          "Height": 0.04665808007121086,
          "Left": 0.663822591304779,
          "Top": 0.49667540192604065
        },
        "Polygon": [
          {
            "X": 0.663822591304779,
            "Y": 0.49667540192604065
          },
          {
            "X": 0.7622048854827881,
            "Y": 0.4969712793827057
          },
          {
            "X": 0.7624427080154419,
            "Y": 0.5433334708213806
          },
          {
            "X": 0.6640416979789734,
            "Y": 0.5430132150650024
          }
        ]
      },
      "Id": "220dfb39-a637-4043-983e-0e80609caa1b",
      "Relationships": [
        {
          "Type": "CHILD",
          "Ids": [
            "9129f78b-2553-432d-90ca-9e3a7dec0ae1"
          ]
        }
      ],
      "Page": 1
    },
    {
      "BlockType": "CELL",
      "Confidence": 79.052734375,
      "RowIndex": 4,
      "ColumnIndex": 1,
      "RowSpan": 1,
      "ColumnSpan": 1,
      "Geometry": {
        "BoundingBox": {
          "Width": 0.14313150942325592,
          "Height": 0.03549067676067352,
          "Left": 0.2393902987241745,
          "Top": 0.5416311621665955
        },
        "Polygon": [
          {
            "X": 0.2393902987241745,
            "Y": 0.5416311621665955
          },
          {
            "X": 0.3823964297771454,
            "Y": 0.5420966148376465
          },
          {
            "X": 0.3825218081474304,
            "Y": 0.5771218538284302
          },
          {
            "X": 0.239495187997818,
            "Y": 0.5766295790672302
          }
        ]
      },
      "Id": "45344141-2484-4a15-a3ee-906ccb45baf2",
      "Relationships": [
        {
          "Type": "CHILD",
          "Ids": [
            "6ff13db1-5edb-4e7e-a0e9-a6d8b4760576",
            "e9c6603a-450f-477e-ab2e-7e7dfca7aa82",
            "a317b351-7613-4a20-b96b-9ec21dc110ff"
          ]
        }
      ],
      "Page": 1
    },
    {
      "BlockType": "CELL",
      "Confidence": 67.626953125,
      "RowIndex": 4,
      "ColumnIndex": 2,
      "RowSpan": 1,
      "ColumnSpan": 1,
      "Geometry": {
        "BoundingBox": {
          "Width": 0.08998340368270874,
          "Height": 0.035334520041942596,
          "Left": 0.3823964297771454,
          "Top": 0.5420966148376465
        },
        "Polygon": [
          {
            "X": 0.3823964297771454,
            "Y": 0.5420966148376465
          },
          {
            "X": 0.47224152088165283,
            "Y": 0.5423889756202698
          },
          {
            "X": 0.4723798334598541,
            "Y": 0.5774311423301697
          },
          {
            "X": 0.3825218081474304,
            "Y": 0.5771218538284302
          }
        ]
      },
      "Id": "439aed0c-e0f4-47d1-a3c9-3809c84b485e",
      "Relationships": [
        {
          "Type": "CHILD",
          "Ids": [
            "0a093419-0640-4e27-880a-7195b39c8658"
          ]
        }
      ],
      "Page": 1
    },
    {
      "BlockType": "CELL",
      "Confidence": 78.22265625,
      "RowIndex": 4,
      "ColumnIndex": 3,
      "RowSpan": 1,
      "ColumnSpan": 1,
      "Geometry": {
        "BoundingBox": {
          "Width": 0.09955549240112305,
          "Height": 0.03538427874445915,
          "Left": 0.47224152088165283,
          "Top": 0.5423889756202698
        },
        "Polygon": [
          {
            "X": 0.47224152088165283,
            "Y": 0.5423889756202698
          },
          {
            "X": 0.5716444253921509,
            "Y": 0.5427125096321106
          },
          {
            "X": 0.5717970132827759,
            "Y": 0.5777732729911804
          },
          {
            "X": 0.4723798334598541,
            "Y": 0.5774311423301697
          }
        ]
      },
      "Id": "ed1d6c76-a5bb-4262-ac4e-5d7f6b61ce4f",
      "Relationships": [
        {
          "Type": "CHILD",
          "Ids": [
            "05d796b2-7b22-468a-a469-c84405bdef64"
          ]
        }
      ],
      "Page": 1
    },
    {
      "BlockType": "CELL",
      "Confidence": 75.9765625,
      "RowIndex": 4,
      "ColumnIndex": 4,
      "RowSpan": 1,
      "ColumnSpan": 1,
      "Geometry": {
        "BoundingBox": {
          "Width": 0.09256312996149063,
          "Height": 0.03537881746888161,
          "Left": 0.5716444253921509,
          "Top": 0.5427125096321106
        },
        "Polygon": [
          {
            "X": 0.5716444253921509,
            "Y": 0.5427125096321106
          },
          {
            "X": 0.6640416979789734,
            "Y": 0.5430132150650024
          },
          {
            "X": 0.6642075777053833,
            "Y": 0.5780913233757019
          },
          {
            "X": 0.5717970132827759,
            "Y": 0.5777732729911804
          }
        ]
      },
      "Id": "571798d8-6ad2-4c6e-b552-a4c8bde10141",
      "Relationships": [
        {
          "Type": "CHILD",
          "Ids": [
            "52445df0-4a4e-4da5-8fc4-53f6ce633670"
          ]
        }
      ],
      "Page": 1
    },
    {
      "BlockType": "CELL",
      "Confidence": 75.390625,
      "RowIndex": 4,
      "ColumnIndex": 5,
      "RowSpan": 1,
      "ColumnSpan": 1,
      "Geometry": {
        "BoundingBox": {
          "Width": 0.09858104586601257,
          "Height": 0.035416822880506516,
          "Left": 0.6640416979789734,
          "Top": 0.5430132150650024
        },
        "Polygon": [
          {
            "X": 0.6640416979789734,
            "Y": 0.5430132150650024
          },
          {
            "X": 0.7624427080154419,
            "Y": 0.5433334708213806
          },
          {
            "X": 0.7626227736473083,
            "Y": 0.5784300565719604
          },
          {
            "X": 0.6642075777053833,
            "Y": 0.5780913233757019
          }
        ]
      },
      "Id": "7c2a7f8e-678b-41ee-a078-b60998704831",
      "Relationships": [
        {
          "Type": "CHILD",
          "Ids": [
            "3e589303-409e-457b-92cc-7c0faa52b325"
          ]
        }
      ],
      "Page": 1
    },
    {
      "BlockType": "CELL",
      "Confidence": 88.18359375,
      "RowIndex": 5,
      "ColumnIndex": 1,
      "RowSpan": 1,
      "ColumnSpan": 1,
      "Geometry": {
        "BoundingBox": {
          "Width": 0.14319542050361633,
          "Height": 0.04764561727643013,
          "Left": 0.239495187997818,
          "Top": 0.5766295790672302
        },
        "Polygon": [
          {
            "X": 0.239495187997818,
            "Y": 0.5766295790672302
          },
          {
            "X": 0.3825218081474304,
            "Y": 0.5771218538284302
          },
          {
            "X": 0.3826906085014343,
            "Y": 0.6242752075195312
          },
          {
            "X": 0.2396364063024521,
            "Y": 0.6237468123435974
          }
        ]
      },
      "Id": "4b6c9210-f88f-4e1d-8854-327211ec64bc",
      "Relationships": [
        {
          "Type": "CHILD",
          "Ids": [
            "8a773910-e873-44a0-950f-94544cc9c48d",
            "3f9c021f-b868-40d0-b1cb-7e5c6d40cdd5",
            "febcfcee-b725-44f0-ac4d-c100ecdd86b3"
          ]
        }
      ],
      "Page": 1
    },
    {
      "BlockType": "CELL",
      "Confidence": 75.48828125,
      "RowIndex": 5,
      "ColumnIndex": 2,
      "RowSpan": 1,
      "ColumnSpan": 1,
      "Geometry": {
        "BoundingBox": {
          "Width": 0.09004418551921844,
          "Height": 0.04748532921075821,
          "Left": 0.3825218081474304,
          "Top": 0.5771218538284302
        },
        "Polygon": [
          {
            "X": 0.3825218081474304,
            "Y": 0.5771218538284302
          },
          {
            "X": 0.4723798334598541,
            "Y": 0.5774311423301697
          },
          {
            "X": 0.47256597876548767,
            "Y": 0.6246071457862854
          },
          {
            "X": 0.3826906085014343,
            "Y": 0.6242752075195312
          }
        ]
      },
      "Id": "61f9e269-822e-4ddc-96ae-219d2d1f735e",
      "Relationships": [
        {
          "Type": "CHILD",
          "Ids": [
            "24a9e8dd-360e-479b-b768-7c5aa65ef1d5"
          ]
        }
      ],
      "Page": 1
    },
    {
      "BlockType": "CELL",
      "Confidence": 87.3046875,
      "RowIndex": 5,
      "ColumnIndex": 3,
      "RowSpan": 1,
      "ColumnSpan": 1,
      "Geometry": {
        "BoundingBox": {
          "Width": 0.09962260723114014,
          "Height": 0.047543350607156754,
          "Left": 0.4723798334598541,
          "Top": 0.5774311423301697
        },
        "Polygon": [
          {
            "X": 0.4723798334598541,
            "Y": 0.5774311423301697
          },
          {
            "X": 0.5717970132827759,
            "Y": 0.5777732729911804
          },
          {
            "X": 0.5720024108886719,
            "Y": 0.6249744892120361
          },
          {
            "X": 0.47256597876548767,
            "Y": 0.6246071457862854
          }
        ]
      },
      "Id": "380ab382-b2ce-426a-85e0-a376951405e5",
      "Relationships": [
        {
          "Type": "CHILD",
          "Ids": [
            "4f9948ca-7a82-455f-ad39-02325250f4ba"
          ]
        }
      ],
      "Page": 1
    },
    {
      "BlockType": "CELL",
      "Confidence": 84.765625,
      "RowIndex": 5,
      "ColumnIndex": 4,
      "RowSpan": 1,
      "ColumnSpan": 1,
      "Geometry": {
        "BoundingBox": {
          "Width": 0.09263385087251663,
          "Height": 0.04754258692264557,
          "Left": 0.5717970132827759,
          "Top": 0.5777732729911804
        },
        "Polygon": [
          {
            "X": 0.5717970132827759,
            "Y": 0.5777732729911804
          },
          {
            "X": 0.6642075777053833,
            "Y": 0.5780913233757019
          },
          {
            "X": 0.6644308567047119,
            "Y": 0.6253158450126648
          },
          {
            "X": 0.5720024108886719,
            "Y": 0.6249744892120361
          }
        ]
      },
      "Id": "23ab7f23-a698-49f9-ac7d-c6e0e5415c81",
      "Relationships": [
        {
          "Type": "CHILD",
          "Ids": [
            "057dbcb4-e32d-4f93-9211-ffe0f2889cd7"
          ]
        }
      ],
      "Page": 1
    },
    {
      "BlockType": "CELL",
      "Confidence": 84.130859375,
      "RowIndex": 5,
      "ColumnIndex": 5,
      "RowSpan": 1,
      "ColumnSpan": 1,
      "Geometry": {
        "BoundingBox": {
          "Width": 0.09865754842758179,
          "Height": 0.04758812114596367,
          "Left": 0.6642075777053833,
          "Top": 0.5780913233757019
        },
        "Polygon": [
          {
            "X": 0.6642075777053833,
            "Y": 0.5780913233757019
          },
          {
            "X": 0.7626227736473083,
            "Y": 0.5784300565719604
          },
          {
            "X": 0.7628651261329651,
            "Y": 0.6256794333457947
          },
          {
            "X": 0.6644308567047119,
            "Y": 0.6253158450126648
          }
        ]
      },
      "Id": "841ffc61-ec77-41a8-b85d-4df914b5da7a",
      "Relationships": [
        {
          "Type": "CHILD",
          "Ids": [
            "932e0f55-3809-435c-bea8-7e31a1cefc1a"
          ]
        }
      ],
      "Page": 1
    },
    {
      "BlockType": "MERGED_CELL",
      "Confidence": 81.8359375,
      "RowIndex": 1,
      "ColumnIndex": 1,
      "RowSpan": 2,
      "ColumnSpan": 1,
      "Geometry": {
        "BoundingBox": {
          "Width": 0.1433444768190384,
          "Height": 0.12236923724412918,
          "Left": 0.238886296749115,
          "Top": 0.3734593093395233
        },
        "Polygon": [
          {
            "X": 0.238886296749115,
            "Y": 0.3734593093395233
          },
          {
            "X": 0.38179388642311096,
            "Y": 0.37379589676856995
          },
          {
            "X": 0.3822307884693146,
            "Y": 0.4958285689353943
          },
          {
            "X": 0.2392517477273941,
            "Y": 0.4953985810279846
          }
        ]
      },
      "Id": "ffbfc1e1-4153-43a7-9bf0-2d3369f77189",
      "Relationships": [
        {
          "Type": "CHILD",
          "Ids": [
            "417af6d9-a03e-47d8-b9b3-9ebdea71f902",
            "6eee3a12-71eb-44e3-96e3-0824e8425307"
          ]
        }
      ],
      "Page": 1
    },
    {
      "BlockType": "MERGED_CELL",
      "Confidence": 92.236328125,
      "RowIndex": 1,
      "ColumnIndex": 2,
      "RowSpan": 1,
      "ColumnSpan": 4,
      "Geometry": {
        "BoundingBox": {
          "Width": 0.3800833523273468,
          "Height": 0.05929942429065704,
          "Left": 0.38179388642311096,
          "Top": 0.37379589676856995
        },
        "Polygon": [
          {
            "X": 0.38179388642311096,
            "Y": 0.37379589676856995
          },
          {
            "X": 0.7615776658058167,
            "Y": 0.37469038367271423
          },
          {
            "X": 0.7618772387504578,
            "Y": 0.4330953359603882
          },
          {
            "X": 0.3820025622844696,
            "Y": 0.43208232522010803
          }
        ]
      },
      "Id": "2dc18f18-b836-433d-9b08-96932286ebfb",
      "Relationships": [
        {
          "Type": "CHILD",
          "Ids": [
            "722f6a35-71fb-4e16-a77e-7afeb354cd9f",
            "3c3c52dd-d693-42c0-a930-74c7e9532f15",
            "19663b85-2245-4a34-8ff1-fabc04a93625",
            "953f21c0-3051-446a-937d-ecae5676fdad"
          ]
        }
      ],
      "Page": 1
    }
  ],
  "AnalyzeDocumentModelVersion": "1.0"
}