{
  "DocumentMetadata": {
    "Pages": 1
  },
  "JobStatus": "SUCCEEDED",
  "Blocks": [
    {
      "BlockType": "PAGE",
      "Geometry": {
        "BoundingBox": {
          "Width": 1,
          "Height": 1,
          "Left": 0,
          "Top": 0
        },
        "Polygon": [
          {
            "X": 0,
            "Y": 0.000010816050235007424
          },
          {
            "X": 1,
            "Y": 0
          },
          {
            "X": 1,
            "Y": 1
          },
          {
            "X": 0.000014000378541823011,
            "Y": 1
          }
        ]
      },
      "Id": "48fe539a-3420-4867-be4c-81fb858e006f",
      "Relationships": [
        {
          "Type": "CHILD",
          "Ids": [
            "e094e08b-3ae0-47ae-b72d-2b0c7166f05f",
            "ea76693d-d5d0-49cb-a58e-2e2f17d4355a",
            "bb0e4a01-0af2-4130-8feb-844b79cc6939",
            "a1ba74cf-c3ea-47d6-ba80-e274e51722c3",
            "79cc8df0-f144-4c53-81ea-8380d47bb44b",
            "16a01b8a-c198-4b92-a4a7-b988ca60628d",
            "6ce7178e-0bc8-4e05-b39f-dd8f327b522f",
            "d4c0a485-869b-423f-9055-131e75c86e35",
            "407ab793-e9bc-430d-8685-a959f9c9d204",
            "c312f4a5-caaa-44b8-b92c-952a84e40127",
            "2dbe0386-0332-4fc2-a7d0-d48d16ffb1ec",
            "24c95cdf-58de-4872-812f-d853edd24f70",
            "8765fa02-663e-418f-ba7d-0d1be247d0b1",
            "475dcd51-3476-41dc-9742-1efacbe85e7f",
            "eeab3705-17de-4951-99c8-f26191378368",
            "a017ebbd-ba90-4c93-a4ab-c5711f956e87",
            "4d547fc1-5382-413b-a5fe-6e0b8e008143",
            "89a01f22-d9e9-437c-9381-6aa8b19bf9a9",
            "9d62111b-5819-4277-aaea-d8f8635bcb11",
            "e85673d8-604e-467e-8743-5fa7e1887210",
            "12c1ab9b-7ae7-464b-a2b8-57977a17d0f2",
            "73e9337d-83ea-49b6-8e89-beab5a066633",
            "23472202-cda1-4337-916e-c209ff4e79b1",
            "773861be-42f3-485a-90e1-27f729c610a2",
            "ec33de29-edb9-4c4d-8773-31838c109616",
            "17caca90-eb26-4d9f-b809-a32c1a6932c1"
          ]
        }
      ],
      "Page": 1
    },
    {
      "BlockType": "LINE",
      "Confidence": 99.9699478149414,
      "Text": "Testing items",
      "Geometry": {
        "BoundingBox": {
          "Width": 0.055412109941244125,
          "Height": 0.028475448489189148,
          "Left": 0.16441358625888824,
          "Top": 0.4268683195114136
        },
        "Polygon": [
          {
            "X": 0.16441358625888824,
            "Y": 0.4270092248916626
          },
          {
            "X": 0.219610795378685,
            "Y": 0.4268683195114136
          },
          {
            "X": 0.21982568502426147,
            "Y": 0.45520371198654175
          },
          {
            "X": 0.1646023690700531,
            "Y": 0.45534375309944153
          }
        ]
      },
      "Id": "e094e08b-3ae0-47ae-b72d-2b0c7166f05f",
      "Relationships": [
        {
          "Type": "CHILD",
          "Ids": [
            "7f2d3824-27ed-4ac5-a650-283f243f6531",
            "97f56840-cd01-4927-bee5-33859b3cafd3"
          ]
        }
      ],
      "Page": 1
    },
    {
      "BlockType": "LINE",
      "Confidence": 99.89569854736328,
      "Text": "UL-94",
      "Geometry": {
        "BoundingBox": {
          "Width": 0.024674518033862114,
          "Height": 0.021802090108394623,
          "Left": 0.2511986792087555,
          "Top": 0.42869681119918823
        },
        "Polygon": [
          {
            "X": 0.2511986792087555,
            "Y": 0.42875927686691284
          },
          {
            "X": 0.2756879925727844,
            "Y": 0.42869681119918823
          },
          {
            "X": 0.27587318420410156,
            "Y": 0.45043668150901794
          },
          {
            "X": 0.2513750195503235,
            "Y": 0.45049890875816345
          }
        ]
      },
      "Id": "ea76693d-d5d0-49cb-a58e-2e2f17d4355a",
      "Relationships": [
        {
          "Type": "CHILD",
          "Ids": [
            "38e942ee-2c40-4c63-b327-ff3f77e228f0"
          ]
        }
      ],
      "Page": 1
    },
    {
      "BlockType": "LINE",
      "Confidence": 99.93755340576172,
      "Text": "Blowing-out effect",
      "Geometry": {
        "BoundingBox": {
          "Width": 0.07536172866821289,
          "Height": 0.026473749428987503,
          "Left": 0.3679777979850769,
          "Top": 0.42832857370376587
        },
        "Polygon": [
          {
            "X": 0.3679777979850769,
            "Y": 0.4285201132297516
          },
          {
            "X": 0.44304218888282776,
            "Y": 0.42832857370376587
          },
          {
            "X": 0.4433395266532898,
            "Y": 0.4546118676662445
          },
          {
            "X": 0.36824220418930054,
            "Y": 0.45480233430862427
          }
        ]
      },
      "Id": "bb0e4a01-0af2-4130-8feb-844b79cc6939",
      "Relationships": [
        {
          "Type": "CHILD",
          "Ids": [
            "fc3a51d8-1e4d-4ac3-8780-29be390cd314",
            "78e81fd5-55cf-4016-8314-faceb5867fbb"
          ]
        }
      ],
      "Page": 1
    },
    {
      "BlockType": "LINE",
      "Confidence": 99.5578842163086,
      "Text": "p-HRR",
      "Geometry": {
        "BoundingBox": {
          "Width": 0.027054626494646072,
          "Height": 0.025586945936083794,
          "Left": 0.4746353328227997,
          "Top": 0.4293084740638733
        },
        "Polygon": [
          {
            "X": 0.4746353328227997,
            "Y": 0.4293766915798187
          },
          {
            "X": 0.5013763904571533,
            "Y": 0.4293084740638733
          },
          {
            "X": 0.5016899704933167,
            "Y": 0.45482757687568665
          },
          {
            "X": 0.47493746876716614,
            "Y": 0.45489540696144104
          }
        ]
      },
      "Id": "a1ba74cf-c3ea-47d6-ba80-e274e51722c3",
      "Relationships": [
        {
          "Type": "CHILD",
          "Ids": [
            "ff3e3fa5-5ede-432d-82b7-7e91df419d25"
          ]
        }
      ],
      "Page": 1
    },
    {
      "BlockType": "LINE",
      "Confidence": 91.5730209350586,
      "Text": "COPR and CO2PR",
      "Geometry": {
        "BoundingBox": {
          "Width": 0.06874217092990875,
          "Height": 0.025459351018071175,
          "Left": 0.5483092069625854,
          "Top": 0.4282435178756714
        },
        "Polygon": [
          {
            "X": 0.5483092069625854,
            "Y": 0.42841798067092896
          },
          {
            "X": 0.6166920065879822,
            "Y": 0.4282435178756714
          },
          {
            "X": 0.617051362991333,
            "Y": 0.45352932810783386
          },
          {
            "X": 0.5486396551132202,
            "Y": 0.4537028670310974
          }
        ]
      },
      "Id": "79cc8df0-f144-4c53-81ea-8380d47bb44b",
      "Relationships": [
        {
          "Type": "CHILD",
          "Ids": [
            "bc971f79-4b4b-4ddb-a591-58a93fe21d88",
            "dd3dc619-7eea-4388-b2c9-6e29c2cc78eb",
            "97daf287-fb11-4a5f-bf77-0b0e2cd5e754"
          ]
        }
      ],
      "Page": 1
    },
    {
      "BlockType": "LINE",
      "Confidence": 99.80702209472656,
      "Text": "Char layer",
      "Geometry": {
        "BoundingBox": {
          "Width": 0.04213443771004677,
          "Height": 0.026917921379208565,
          "Left": 0.6482225060462952,
          "Top": 0.428183913230896
        },
        "Polygon": [
          {
            "X": 0.6482225060462952,
            "Y": 0.42829036712646484
          },
          {
            "X": 0.6899431347846985,
            "Y": 0.428183913230896
          },
          {
            "X": 0.690356969833374,
            "Y": 0.4549959897994995
          },
          {
            "X": 0.6486176252365112,
            "Y": 0.4551018476486206
          }
        ]
      },
      "Id": "16a01b8a-c198-4b92-a4a7-b988ca60628d",
      "Relationships": [
        {
          "Type": "CHILD",
          "Ids": [
            "8b5baefd-5ce5-4f3c-b3f6-ce53e896ed66",
            "cf29a45a-5177-4942-ba99-ede2e470c867"
          ]
        }
      ],
      "Page": 1
    },
    {
      "BlockType": "LINE",
      "Confidence": 99.70307159423828,
      "Text": "Si in interior char",
      "Geometry": {
        "BoundingBox": {
          "Width": 0.07193465530872345,
          "Height": 0.0223610270768404,
          "Left": 0.769809901714325,
          "Top": 0.4279492497444153
        },
        "Polygon": [
          {
            "X": 0.769809901714325,
            "Y": 0.42813172936439514
          },
          {
            "X": 0.8413462042808533,
            "Y": 0.4279492497444153
          },
          {
            "X": 0.8417445421218872,
            "Y": 0.45012861490249634
          },
          {
            "X": 0.7701817750930786,
            "Y": 0.45031026005744934
          }
        ]
      },
      "Id": "6ce7178e-0bc8-4e05-b39f-dd8f327b522f",
      "Relationships": [
        {
          "Type": "CHILD",
          "Ids": [
            "e8a8c05f-9181-47d9-b69c-f74afc095482",
            "dbd5b7fb-e6e4-4934-8669-99a847e36de8",
            "3e38a369-9789-46a1-a94d-036454a66950",
            "e5f931b4-8e51-438c-a110-a0fd9f1a2889"
          ]
        }
      ],
      "Page": 1
    },
    {
      "BlockType": "LINE",
      "Confidence": 99.7699966430664,
      "Text": "EP/",
      "Geometry": {
        "BoundingBox": {
          "Width": 0.01337937731295824,
          "Height": 0.024609483778476715,
          "Left": 0.25143861770629883,
          "Top": 0.47933444380760193
        },
        "Polygon": [
          {
            "X": 0.25143861770629883,
            "Y": 0.4793676733970642
          },
          {
            "X": 0.2646133303642273,
            "Y": 0.47933444380760193
          },
          {
            "X": 0.2648179829120636,
            "Y": 0.5039108395576477
          },
          {
            "X": 0.25163787603378296,
            "Y": 0.503943920135498
          }
        ]
      },
      "Id": "d4c0a485-869b-423f-9055-131e75c86e35",
      "Relationships": [
        {
          "Type": "CHILD",
          "Ids": [
            "a82376c8-405c-44bf-8c79-ee18d4e67224"
          ]
        }
      ],
      "Page": 1
    },
    {
      "BlockType": "LINE",
      "Confidence": 99.50575256347656,
      "Text": "EP/DOPO/",
      "Geometry": {
        "BoundingBox": {
          "Width": 0.04023709520697594,
          "Height": 0.02526784874498844,
          "Left": 0.2963210940361023,
          "Top": 0.4791266918182373
        },
        "Polygon": [
          {
            "X": 0.2963210940361023,
            "Y": 0.47922760248184204
          },
          {
            "X": 0.3363184928894043,
            "Y": 0.4791266918182373
          },
          {
            "X": 0.33655819296836853,
            "Y": 0.504294216632843
          },
          {
            "X": 0.29654398560523987,
            "Y": 0.50439453125
          }
        ]
      },
      "Id": "407ab793-e9bc-430d-8685-a959f9c9d204",
      "Relationships": [
        {
          "Type": "CHILD",
          "Ids": [
            "db0e5ef8-0314-4f6a-81a3-f4b6b89e7f16"
          ]
        }
      ],
      "Page": 1
    },
    {
      "BlockType": "LINE",
      "Confidence": 99.9368896484375,
      "Text": "OPS",
      "Geometry": {
        "BoundingBox": {
          "Width": 0.016043147072196007,
          "Height": 0.02002783864736557,
          "Left": 0.16515560448169708,
          "Top": 0.5219913125038147
        },
        "Polygon": [
          {
            "X": 0.16515560448169708,
            "Y": 0.5220310688018799
          },
          {
            "X": 0.18106023967266083,
            "Y": 0.5219913125038147
          },
          {
            "X": 0.18119874596595764,
            "Y": 0.5419796109199524
          },
          {
            "X": 0.16528882086277008,
            "Y": 0.5420191884040833
          }
        ]
      },
      "Id": "c312f4a5-caaa-44b8-b92c-952a84e40127",
      "Relationships": [
        {
          "Type": "CHILD",
          "Ids": [
            "ce438e5b-2084-44ce-9c70-1d06673aa4fe"
          ]
        }
      ],
      "Page": 1
    },
    {
      "BlockType": "LINE",
      "Confidence": 99.94326782226562,
      "Text": "NR",
      "Geometry": {
        "BoundingBox": {
          "Width": 0.01216954831033945,
          "Height": 0.019841372966766357,
          "Left": 0.25146883726119995,
          "Top": 0.5223320722579956
        },
        "Polygon": [
          {
            "X": 0.25146883726119995,
            "Y": 0.5223620533943176
          },
          {
            "X": 0.26347389817237854,
            "Y": 0.5223320722579956
          },
          {
            "X": 0.26363837718963623,
            "Y": 0.5421435832977295
          },
          {
            "X": 0.2516293525695801,
            "Y": 0.542173445224762
          }
        ]
      },
      "Id": "2dbe0386-0332-4fc2-a7d0-d48d16ffb1ec",
      "Relationships": [
        {
          "Type": "CHILD",
          "Ids": [
            "d06eb77a-bc0d-4bb9-87aa-75a9bdded470"
          ]
        }
      ],
      "Page": 1
    },
    {
      "BlockType": "LINE",
      "Confidence": 99.3376235961914,
      "Text": "V-0",
      "Geometry": {
        "BoundingBox": {
          "Width": 0.014852218329906464,
          "Height": 0.020077193155884743,
          "Left": 0.2961738407611847,
          "Top": 0.5218835473060608
        },
        "Polygon": [
          {
            "X": 0.2961738407611847,
            "Y": 0.5219202041625977
          },
          {
            "X": 0.3108438551425934,
            "Y": 0.5218835473060608
          },
          {
            "X": 0.31102606654167175,
            "Y": 0.5419242978096008
          },
          {
            "X": 0.2963511645793915,
            "Y": 0.5419607758522034
          }
        ]
      },
      "Id": "24c95cdf-58de-4872-812f-d853edd24f70",
      "Relationships": [
        {
          "Type": "CHILD",
          "Ids": [
            "d14d51e9-53ee-4696-bca8-aac69e98c1d7"
          ]
        }
      ],
      "Page": 1
    },
    {
      "BlockType": "LINE",
      "Confidence": 99.9691162109375,
      "Text": "Yes",
      "Geometry": {
        "BoundingBox": {
          "Width": 0.014148966409265995,
          "Height": 0.020710043609142303,
          "Left": 0.36781567335128784,
          "Top": 0.521548867225647
        },
        "Polygon": [
          {
            "X": 0.36781567335128784,
            "Y": 0.5215836763381958
          },
          {
            "X": 0.38175222277641296,
            "Y": 0.521548867225647
          },
          {
            "X": 0.38196462392807007,
            "Y": 0.5422242879867554
          },
          {
            "X": 0.3680232763290405,
            "Y": 0.5422589182853699
          }
        ]
      },
      "Id": "8765fa02-663e-418f-ba7d-0d1be247d0b1",
      "Relationships": [
        {
          "Type": "CHILD",
          "Ids": [
            "933f611f-bdfd-429c-9d31-f3eef7f36ff6"
          ]
        }
      ],
      "Page": 1
    },
    {
      "BlockType": "LINE",
      "Confidence": 99.9367904663086,
      "Text": "Minimum",
      "Geometry": {
        "BoundingBox": {
          "Width": 0.04030909389257431,
          "Height": 0.021773897111415863,
          "Left": 0.4748247563838959,
          "Top": 0.5205697417259216
        },
        "Polygon": [
          {
            "X": 0.4748247563838959,
            "Y": 0.5206697583198547
          },
          {
            "X": 0.5148630738258362,
            "Y": 0.5205697417259216
          },
          {
            "X": 0.5151338577270508,
            "Y": 0.542244017124176
          },
          {
            "X": 0.47508105635643005,
            "Y": 0.5423436164855957
          }
        ]
      },
      "Id": "475dcd51-3476-41dc-9742-1efacbe85e7f",
      "Relationships": [
        {
          "Type": "CHILD",
          "Ids": [
            "59e48a8a-a995-433a-851b-d0c614bf1688"
          ]
        }
      ],
      "Page": 1
    },
    {
      "BlockType": "LINE",
      "Confidence": 99.91180419921875,
      "Text": "Low",
      "Geometry": {
        "BoundingBox": {
          "Width": 0.017400220036506653,
          "Height": 0.021054428070783615,
          "Left": 0.5482699871063232,
          "Top": 0.5214352011680603
        },
        "Polygon": [
          {
            "X": 0.5482699871063232,
            "Y": 0.521477997303009
          },
          {
            "X": 0.5653900504112244,
            "Y": 0.5214352011680603
          },
          {
            "X": 0.5656701922416687,
            "Y": 0.5424470901489258
          },
          {
            "X": 0.54854416847229,
            "Y": 0.5424896478652954
          }
        ]
      },
      "Id": "eeab3705-17de-4951-99c8-f26191378368",
      "Relationships": [
        {
          "Type": "CHILD",
          "Ids": [
            "77f5e618-cb07-42b3-b886-69cd39264c14"
          ]
        }
      ],
      "Page": 1
    },
    {
      "BlockType": "LINE",
      "Confidence": 99.94142150878906,
      "Text": "Dense and continuous",
      "Geometry": {
        "BoundingBox": {
          "Width": 0.09003983438014984,
          "Height": 0.02189411036670208,
          "Left": 0.6483191251754761,
          "Top": 0.5207705497741699
        },
        "Polygon": [
          {
            "X": 0.6483191251754761,
            "Y": 0.5209946036338806
          },
          {
            "X": 0.738007664680481,
            "Y": 0.5207705497741699
          },
          {
            "X": 0.7383589744567871,
            "Y": 0.5424416065216064
          },
          {
            "X": 0.6486380100250244,
            "Y": 0.542664647102356
          }
        ]
      },
      "Id": "a017ebbd-ba90-4c93-a4ab-c5711f956e87",
      "Relationships": [
        {
          "Type": "CHILD",
          "Ids": [
            "30d464fc-6438-4984-b4de-e39b402cfacf",
            "6e72d747-a868-44e7-8262-99835d626eca",
            "e08bb7ef-3fda-4a4b-8345-7402638c6f8b"
          ]
        }
      ],
      "Page": 1
    },
    {
      "BlockType": "LINE",
      "Confidence": 99.45445251464844,
      "Text": "Less",
      "Geometry": {
        "BoundingBox": {
          "Width": 0.017261046916246414,
          "Height": 0.02143310196697712,
          "Left": 0.769885241985321,
          "Top": 0.5211758613586426
        },
        "Polygon": [
          {
            "X": 0.769885241985321,
            "Y": 0.5212180614471436
          },
          {
            "X": 0.7867821455001831,
            "Y": 0.5211758613586426
          },
          {
            "X": 0.787146270275116,
            "Y": 0.5425669550895691
          },
          {
            "X": 0.7702433466911316,
            "Y": 0.5426089763641357
          }
        ]
      },
      "Id": "4d547fc1-5382-413b-a5fe-6e0b8e008143",
      "Relationships": [
        {
          "Type": "CHILD",
          "Ids": [
            "1219edca-04e2-45ff-840e-15c669d67d2d"
          ]
        }
      ],
      "Page": 1
    },
    {
      "BlockType": "LINE",
      "Confidence": 99.66293334960938,
      "Text": "PPSQ",
      "Geometry": {
        "BoundingBox": {
          "Width": 0.021373732015490532,
          "Height": 0.02196957729756832,
          "Left": 0.16524046659469604,
          "Top": 0.5544715523719788
        },
        "Polygon": [
          {
            "X": 0.16524046659469604,
            "Y": 0.5545241832733154
          },
          {
            "X": 0.1864604353904724,
            "Y": 0.5544715523719788
          },
          {
            "X": 0.18661420047283173,
            "Y": 0.5763887166976929
          },
          {
            "X": 0.16538648307323456,
            "Y": 0.5764411091804504
          }
        ]
      },
      "Id": "89a01f22-d9e9-437c-9381-6aa8b19bf9a9",
      "Relationships": [
        {
          "Type": "CHILD",
          "Ids": [
            "eb67b40b-4307-4d09-b8ba-e8c18b5a4c12"
          ]
        }
      ],
      "Page": 1
    },
    {
      "BlockType": "LINE",
      "Confidence": 99.92292785644531,
      "Text": "NR",
      "Geometry": {
        "BoundingBox": {
          "Width": 0.012198960408568382,
          "Height": 0.020062575116753578,
          "Left": 0.2514001727104187,
          "Top": 0.5546385049819946
        },
        "Polygon": [
          {
            "X": 0.2514001727104187,
            "Y": 0.5546683073043823
          },
          {
            "X": 0.26343291997909546,
            "Y": 0.5546385049819946
          },
          {
            "X": 0.263599157333374,
            "Y": 0.5746713876724243
          },
          {
            "X": 0.2515623867511749,
            "Y": 0.5747010707855225
          }
        ]
      },
      "Id": "9d62111b-5819-4277-aaea-d8f8635bcb11",
      "Relationships": [
        {
          "Type": "CHILD",
          "Ids": [
            "82480ec7-4253-43de-bb12-c97b0fe6e0d6"
          ]
        }
      ],
      "Page": 1
    },
    {
      "BlockType": "LINE",
      "Confidence": 99.96001434326172,
      "Text": "NR",
      "Geometry": {
        "BoundingBox": {
          "Width": 0.012280547060072422,
          "Height": 0.02010214887559414,
          "Left": 0.29640433192253113,
          "Top": 0.5545340776443481
        },
        "Polygon": [
          {
            "X": 0.29640433192253113,
            "Y": 0.5545640587806702
          },
          {
            "X": 0.30850324034690857,
            "Y": 0.5545340776443481
          },
          {
            "X": 0.3086848855018616,
            "Y": 0.5746063590049744
          },
          {
            "X": 0.296581894159317,
            "Y": 0.5746362209320068
          }
        ]
      },
      "Id": "e85673d8-604e-467e-8743-5fa7e1887210",
      "Relationships": [
        {
          "Type": "CHILD",
          "Ids": [
            "0edbc106-9a25-4cd2-bee6-7cc7fb5803e7"
          ]
        }
      ],
      "Page": 1
    },
    {
      "BlockType": "LINE",
      "Confidence": 99.9681167602539,
      "Text": "No",
      "Geometry": {
        "BoundingBox": {
          "Width": 0.011422369629144669,
          "Height": 0.020343635231256485,
          "Left": 0.36812689900398254,
          "Top": 0.5544341206550598
        },
        "Polygon": [
          {
            "X": 0.36812689900398254,
            "Y": 0.5544619560241699
          },
          {
            "X": 0.3793414831161499,
            "Y": 0.5544341206550598
          },
          {
            "X": 0.3795492649078369,
            "Y": 0.5747500658035278
          },
          {
            "X": 0.3683308959007263,
            "Y": 0.5747777819633484
          }
        ]
      },
      "Id": "12c1ab9b-7ae7-464b-a2b8-57977a17d0f2",
      "Relationships": [
        {
          "Type": "CHILD",
          "Ids": [
            "cd1e73ce-0133-4351-995e-fdc92807034c"
          ]
        }
      ],
      "Page": 1
    },
    {
      "BlockType": "LINE",
      "Confidence": 99.91890716552734,
      "Text": "Maximum",
      "Geometry": {
        "BoundingBox": {
          "Width": 0.04190940409898758,
          "Height": 0.020810231566429138,
          "Left": 0.47468146681785583,
          "Top": 0.5534948706626892
        },
        "Polygon": [
          {
            "X": 0.47468146681785583,
            "Y": 0.553598165512085
          },
          {
            "X": 0.5163318514823914,
            "Y": 0.5534948706626892
          },
          {
            "X": 0.5165908932685852,
            "Y": 0.574202299118042
          },
          {
            "X": 0.4749261438846588,
            "Y": 0.5743051171302795
          }
        ]
      },
      "Id": "73e9337d-83ea-49b6-8e89-beab5a066633",
      "Relationships": [
        {
          "Type": "CHILD",
          "Ids": [
            "728ae504-d0ff-4b3f-9655-60bc265f313a"
          ]
        }
      ],
      "Page": 1
    },
    {
      "BlockType": "LINE",
      "Confidence": 99.98851776123047,
      "Text": "High",
      "Geometry": {
        "BoundingBox": {
          "Width": 0.019483283162117004,
          "Height": 0.026316283270716667,
          "Left": 0.5483146905899048,
          "Top": 0.5534109473228455
        },
        "Polygon": [
          {
            "X": 0.5483146905899048,
            "Y": 0.5534583926200867
          },
          {
            "X": 0.5674470067024231,
            "Y": 0.5534109473228455
          },
          {
            "X": 0.5677979588508606,
            "Y": 0.5796800255775452
          },
          {
            "X": 0.5486572980880737,
            "Y": 0.5797272324562073
          }
        ]
      },
      "Id": "23472202-cda1-4337-916e-c209ff4e79b1",
      "Relationships": [
        {
          "Type": "CHILD",
          "Ids": [
            "ef015715-b364-4d61-949a-56adbb9079a3"
          ]
        }
      ],
      "Page": 1
    },
    {
      "BlockType": "LINE",
      "Confidence": 99.91615295410156,
      "Text": "Cracked",
      "Geometry": {
        "BoundingBox": {
          "Width": 0.03252793103456497,
          "Height": 0.021596241742372513,
          "Left": 0.64809250831604,
          "Top": 0.5533372163772583
        },
        "Polygon": [
          {
            "X": 0.64809250831604,
            "Y": 0.5534170269966125
          },
          {
            "X": 0.680292546749115,
            "Y": 0.5533372163772583
          },
          {
            "X": 0.6806204319000244,
            "Y": 0.5748539566993713
          },
          {
            "X": 0.6484088897705078,
            "Y": 0.5749334692955017
          }
        ]
      },
      "Id": "773861be-42f3-485a-90e1-27f729c610a2",
      "Relationships": [
        {
          "Type": "CHILD",
          "Ids": [
            "3540f610-3e10-432c-b2f0-182755956b86"
          ]
        }
      ],
      "Page": 1
    },
    {
      "BlockType": "LINE",
      "Confidence": 99.95942687988281,
      "Text": "More",
      "Geometry": {
        "BoundingBox": {
          "Width": 0.02170528657734394,
          "Height": 0.020986253395676613,
          "Left": 0.7699651718139648,
          "Top": 0.5539103746414185
        },
        "Polygon": [
          {
            "X": 0.7699651718139648,
            "Y": 0.553963303565979
          },
          {
            "X": 0.7913127541542053,
            "Y": 0.5539103746414185
          },
          {
            "X": 0.7916705012321472,
            "Y": 0.5748439431190491
          },
          {
            "X": 0.7703154683113098,
            "Y": 0.5748966336250305
          }
        ]
      },
      "Id": "ec33de29-edb9-4c4d-8773-31838c109616",
      "Relationships": [
        {
          "Type": "CHILD",
          "Ids": [
            "2b8c6b7e-abfe-47cc-839e-8b2884545e83"
          ]
        }
      ],
      "Page": 1
    },
    {
      "BlockType": "WORD",
      "Confidence": 99.978759765625,
      "Text": "Testing",
      "TextType": "PRINTED",
      "Geometry": {
        "BoundingBox": {
          "Width": 0.030353492125868797,
          "Height": 0.02658337727189064,
          "Left": 0.16442576050758362,
          "Top": 0.4287603795528412
        },
        "Polygon": [
          {
            "X": 0.16442576050758362,
            "Y": 0.4288373589515686
          },
          {
            "X": 0.194589301943779,
            "Y": 0.4287603795528412
          },
          {
            "X": 0.19477924704551697,
            "Y": 0.4552672207355499
          },
          {
            "X": 0.1646023690700531,
            "Y": 0.45534375309944153
          }
        ]
      },
      "Id": "7f2d3824-27ed-4ac5-a650-283f243f6531",
      "Page": 1
    },
    {
      "BlockType": "WORD",
      "Confidence": 99.96112823486328,
      "Text": "items",
      "TextType": "PRINTED",
      "Geometry": {
        "BoundingBox": {
          "Width": 0.023245587944984436,
          "Height": 0.022373072803020477,
          "Left": 0.1965344399213791,
          "Top": 0.4268683195114136
        },
        "Polygon": [
          {
            "X": 0.1965344399213791,
            "Y": 0.42692720890045166
          },
          {
            "X": 0.219610795378685,
            "Y": 0.4268683195114136
          },
          {
            "X": 0.21978002786636353,
            "Y": 0.44918274879455566
          },
          {
            "X": 0.19669507443904877,
            "Y": 0.44924139976501465
          }
        ]
      },
      "Id": "97f56840-cd01-4927-bee5-33859b3cafd3",
      "Page": 1
    },
    {
      "BlockType": "WORD",
      "Confidence": 99.89569854736328,
      "Text": "UL-94",
      "TextType": "PRINTED",
      "Geometry": {
        "BoundingBox": {
          "Width": 0.024674518033862114,
          "Height": 0.021802090108394623,
          "Left": 0.2511986792087555,
          "Top": 0.42869681119918823
        },
        "Polygon": [
          {
            "X": 0.2511986792087555,
            "Y": 0.42875927686691284
          },
          {
            "X": 0.2756879925727844,
            "Y": 0.42869681119918823
          },
          {
            "X": 0.27587318420410156,
            "Y": 0.45043668150901794
          },
          {
            "X": 0.2513750195503235,
            "Y": 0.45049890875816345
          }
        ]
      },
      "Id": "38e942ee-2c40-4c63-b327-ff3f77e228f0",
      "Page": 1
    },
    {
      "BlockType": "WORD",
      "Confidence": 99.90235900878906,
      "Text": "Blowing-out",
      "TextType": "PRINTED",
      "Geometry": {
        "BoundingBox": {
          "Width": 0.05068416893482208,
          "Height": 0.026410814374685287,
          "Left": 0.3679777979850769,
          "Top": 0.4283915162086487
        },
        "Polygon": [
          {
            "X": 0.3679777979850769,
            "Y": 0.4285201132297516
          },
          {
            "X": 0.4183754622936249,
            "Y": 0.4283915162086487
          },
          {
            "X": 0.4186619520187378,
            "Y": 0.45467445254325867
          },
          {
            "X": 0.36824220418930054,
            "Y": 0.45480233430862427
          }
        ]
      },
      "Id": "fc3a51d8-1e4d-4ac3-8780-29be390cd314",
      "Page": 1
    },
    {
      "BlockType": "WORD",
      "Confidence": 99.97274017333984,
      "Text": "effect",
      "TextType": "PRINTED",
      "Geometry": {
        "BoundingBox": {
          "Width": 0.022633567452430725,
          "Height": 0.02115638740360737,
          "Left": 0.4206479787826538,
          "Top": 0.4283883571624756
        },
        "Polygon": [
          {
            "X": 0.4206479787826538,
            "Y": 0.4284454882144928
          },
          {
            "X": 0.4430428445339203,
            "Y": 0.4283883571624756
          },
          {
            "X": 0.4432815611362457,
            "Y": 0.4494878351688385
          },
          {
            "X": 0.4208787977695465,
            "Y": 0.4495447278022766
          }
        ]
      },
      "Id": "78e81fd5-55cf-4016-8314-faceb5867fbb",
      "Page": 1
    },
    {
      "BlockType": "WORD",
      "Confidence": 99.5578842163086,
      "Text": "p-HRR",
      "TextType": "PRINTED",
      "Geometry": {
        "BoundingBox": {
          "Width": 0.027054626494646072,
          "Height": 0.025586945936083794,
          "Left": 0.4746353328227997,
          "Top": 0.4293084740638733
        },
        "Polygon": [
          {
            "X": 0.4746353328227997,
            "Y": 0.4293766915798187
          },
          {
            "X": 0.5013763904571533,
            "Y": 0.4293084740638733
          },
          {
            "X": 0.5016899704933167,
            "Y": 0.45482757687568665
          },
          {
            "X": 0.47493746876716614,
            "Y": 0.45489540696144104
          }
        ]
      },
      "Id": "ff3e3fa5-5ede-432d-82b7-7e91df419d25",
      "Page": 1
    },
    {
      "BlockType": "WORD",
      "Confidence": 99.68936157226562,
      "Text": "COPR",
      "TextType": "PRINTED",
      "Geometry": {
        "BoundingBox": {
          "Width": 0.02264908142387867,
          "Height": 0.020597437396645546,
          "Left": 0.5483200550079346,
          "Top": 0.42919373512268066
        },
        "Polygon": [
          {
            "X": 0.5483200550079346,
            "Y": 0.4292508065700531
          },
          {
            "X": 0.5706930160522461,
            "Y": 0.42919373512268066
          },
          {
            "X": 0.5709691643714905,
            "Y": 0.4497343599796295
          },
          {
            "X": 0.5485885143280029,
            "Y": 0.44979119300842285
          }
        ]
      },
      "Id": "bc971f79-4b4b-4ddb-a591-58a93fe21d88",
      "Page": 1
    },
    {
      "BlockType": "WORD",
      "Confidence": 99.99188232421875,
      "Text": "and",
      "TextType": "PRINTED",
      "Geometry": {
        "BoundingBox": {
          "Width": 0.015107453800737858,
          "Height": 0.021504217758774757,
          "Left": 0.5729359984397888,
          "Top": 0.4283173680305481
        },
        "Polygon": [
          {
            "X": 0.5729359984397888,
            "Y": 0.4283551573753357
          },
          {
            "X": 0.5877487659454346,
            "Y": 0.4283173680305481
          },
          {
            "X": 0.5880434513092041,
            "Y": 0.44978398084640503
          },
          {
            "X": 0.5732253789901733,
            "Y": 0.4498215913772583
          }
        ]
      },
      "Id": "dd3dc619-7eea-4388-b2c9-6e29c2cc78eb",
      "Page": 1
    },
    {
      "BlockType": "WORD",
      "Confidence": 75.03783416748047,
      "Text": "CO2PR",
      "TextType": "PRINTED",
      "Geometry": {
        "BoundingBox": {
          "Width": 0.026710499078035355,
          "Height": 0.02453167364001274,
          "Left": 0.5903408527374268,
          "Top": 0.4290645718574524
        },
        "Polygon": [
          {
            "X": 0.5903408527374268,
            "Y": 0.42913180589675903
          },
          {
            "X": 0.6167036890983582,
            "Y": 0.4290645718574524
          },
          {
            "X": 0.617051362991333,
            "Y": 0.45352932810783386
          },
          {
            "X": 0.5906777381896973,
            "Y": 0.45359623432159424
          }
        ]
      },
      "Id": "97daf287-fb11-4a5f-bf77-0b0e2cd5e754",
      "Page": 1
    },
    {
      "BlockType": "WORD",
      "Confidence": 99.66410064697266,
      "Text": "Char",
      "TextType": "PRINTED",
      "Geometry": {
        "BoundingBox": {
          "Width": 0.019579533487558365,
          "Height": 0.021549351513385773,
          "Left": 0.6482257843017578,
          "Top": 0.42846155166625977
        },
        "Polygon": [
          {
            "X": 0.6482257843017578,
            "Y": 0.4285106956958771
          },
          {
            "X": 0.667481541633606,
            "Y": 0.42846155166625977
          },
          {
            "X": 0.6678053140640259,
            "Y": 0.4499620199203491
          },
          {
            "X": 0.6485426425933838,
            "Y": 0.45001092553138733
          }
        ]
      },
      "Id": "8b5baefd-5ce5-4f3c-b3f6-ce53e896ed66",
      "Page": 1
    },
    {
      "BlockType": "WORD",
      "Confidence": 99.94994354248047,
      "Text": "layer",
      "TextType": "PRINTED",
      "Geometry": {
        "BoundingBox": {
          "Width": 0.02067803032696247,
          "Height": 0.02686348743736744,
          "Left": 0.6696789264678955,
          "Top": 0.428183913230896
        },
        "Polygon": [
          {
            "X": 0.6696789264678955,
            "Y": 0.42823562026023865
          },
          {
            "X": 0.6899431347846985,
            "Y": 0.428183913230896
          },
          {
            "X": 0.690356969833374,
            "Y": 0.4549959897994995
          },
          {
            "X": 0.6700836420059204,
            "Y": 0.4550473988056183
          }
        ]
      },
      "Id": "cf29a45a-5177-4942-ba99-ede2e470c867",
      "Page": 1
    },
    {
      "BlockType": "WORD",
      "Confidence": 99.5865249633789,
      "Text": "Si",
      "TextType": "PRINTED",
      "Geometry": {
        "BoundingBox": {
          "Width": 0.007842415943741798,
          "Height": 0.021668637171387672,
          "Left": 0.7698158621788025,
          "Top": 0.42846736311912537
        },
        "Polygon": [
          {
            "X": 0.7698158621788025,
            "Y": 0.4284864068031311
          },
          {
            "X": 0.7772925496101379,
            "Y": 0.42846736311912537
          },
          {
            "X": 0.7776582837104797,
            "Y": 0.45011699199676514
          },
          {
            "X": 0.7701788544654846,
            "Y": 0.4501359760761261
          }
        ]
      },
      "Id": "e8a8c05f-9181-47d9-b69c-f74afc095482",
      "Page": 1
    },
    {
      "BlockType": "WORD",
      "Confidence": 99.97697448730469,
      "Text": "in",
      "TextType": "PRINTED",
      "Geometry": {
        "BoundingBox": {
          "Width": 0.00821157731115818,
          "Height": 0.02151905559003353,
          "Left": 0.779845118522644,
          "Top": 0.4283309876918793
        },
        "Polygon": [
          {
            "X": 0.779845118522644,
            "Y": 0.4283509850502014
          },
          {
            "X": 0.7876898050308228,
            "Y": 0.4283309876918793
          },
          {
            "X": 0.7880567312240601,
            "Y": 0.4498301148414612
          },
          {
            "X": 0.7802091836929321,
            "Y": 0.44985002279281616
          }
        ]
      },
      "Id": "dbd5b7fb-e6e4-4934-8669-99a847e36de8",
      "Page": 1
    },
    {
      "BlockType": "WORD",
      "Confidence": 99.67398834228516,
      "Text": "interior",
      "TextType": "PRINTED",
      "Geometry": {
        "BoundingBox": {
          "Width": 0.03123917244374752,
          "Height": 0.022257469594478607,
          "Left": 0.7902662754058838,
          "Top": 0.42800086736679077
        },
        "Polygon": [
          {
            "X": 0.7902662754058838,
            "Y": 0.4280795454978943
          },
          {
            "X": 0.8211145997047424,
            "Y": 0.42800086736679077
          },
          {
            "X": 0.8215054273605347,
            "Y": 0.4501799941062927
          },
          {
            "X": 0.7906457185745239,
            "Y": 0.4502583146095276
          }
        ]
      },
      "Id": "3e38a369-9789-46a1-a94d-036454a66950",
      "Page": 1
    },
    {
      "BlockType": "WORD",
      "Confidence": 99.57479858398438,
      "Text": "char",
      "TextType": "PRINTED",
      "Geometry": {
        "BoundingBox": {
          "Width": 0.018540767952799797,
          "Height": 0.02155880816280842,
          "Left": 0.8231987953186035,
          "Top": 0.42833927273750305
        },
        "Polygon": [
          {
            "X": 0.8231987953186035,
            "Y": 0.42838558554649353
          },
          {
            "X": 0.8413532376289368,
            "Y": 0.42833927273750305
          },
          {
            "X": 0.8417395949363708,
            "Y": 0.44985195994377136
          },
          {
            "X": 0.8235786557197571,
            "Y": 0.4498980641365051
          }
        ]
      },
      "Id": "e5f931b4-8e51-438c-a110-a0fd9f1a2889",
      "Page": 1
    },
    {
      "BlockType": "WORD",
      "Confidence": 99.7699966430664,
      "Text": "EP/",
      "TextType": "PRINTED",
      "Geometry": {
        "BoundingBox": {
          "Width": 0.01337937731295824,
          "Height": 0.024609483778476715,
          "Left": 0.25143861770629883,
          "Top": 0.47933444380760193
        },
        "Polygon": [
          {
            "X": 0.25143861770629883,
            "Y": 0.4793676733970642
          },
          {
            "X": 0.2646133303642273,
            "Y": 0.47933444380760193
          },
          {
            "X": 0.2648179829120636,
            "Y": 0.5039108395576477
          },
          {
            "X": 0.25163787603378296,
            "Y": 0.503943920135498
          }
        ]
      },
      "Id": "a82376c8-405c-44bf-8c79-ee18d4e67224",
      "Page": 1
    },
    {
      "BlockType": "WORD",
      "Confidence": 99.50575256347656,
      "Text": "EP/DOPO/",
      "TextType": "PRINTED",
      "Geometry": {
        "BoundingBox": {
          "Width": 0.04023709520697594,
          "Height": 0.02526784874498844,
          "Left": 0.2963210940361023,
          "Top": 0.4791266918182373
        },
        "Polygon": [
          {
            "X": 0.2963210940361023,
            "Y": 0.47922760248184204
          },
          {
            "X": 0.3363184928894043,
            "Y": 0.4791266918182373
          },
          {
            "X": 0.33655819296836853,
            "Y": 0.504294216632843
          },
          {
            "X": 0.29654398560523987,
            "Y": 0.50439453125
          }
        ]
      },
      "Id": "db0e5ef8-0314-4f6a-81a3-f4b6b89e7f16",
      "Page": 1
    },
    {
      "BlockType": "WORD",
      "Confidence": 99.9368896484375,
      "Text": "OPS",
      "TextType": "PRINTED",
      "Geometry": {
        "BoundingBox": {
          "Width": 0.016043147072196007,
          "Height": 0.02002783864736557,
          "Left": 0.16515560448169708,
          "Top": 0.5219913125038147
        },
        "Polygon": [
          {
            "X": 0.16515560448169708,
            "Y": 0.5220310688018799
          },
          {
            "X": 0.18106023967266083,
            "Y": 0.5219913125038147
          },
          {
            "X": 0.18119874596595764,
            "Y": 0.5419796109199524
          },
          {
            "X": 0.16528882086277008,
            "Y": 0.5420191884040833
          }
        ]
      },
      "Id": "ce438e5b-2084-44ce-9c70-1d06673aa4fe",
      "Page": 1
    },
    {
      "BlockType": "WORD",
      "Confidence": 99.94326782226562,
      "Text": "NR",
      "TextType": "PRINTED",
      "Geometry": {
        "BoundingBox": {
          "Width": 0.01216954831033945,
          "Height": 0.019841372966766357,
          "Left": 0.25146883726119995,
          "Top": 0.5223320722579956
        },
        "Polygon": [
          {
            "X": 0.25146883726119995,
            "Y": 0.5223620533943176
          },
          {
            "X": 0.26347389817237854,
            "Y": 0.5223320722579956
          },
          {
            "X": 0.26363837718963623,
            "Y": 0.5421435832977295
          },
          {
            "X": 0.2516293525695801,
            "Y": 0.542173445224762
          }
        ]
      },
      "Id": "d06eb77a-bc0d-4bb9-87aa-75a9bdded470",
      "Page": 1
    },
    {
      "BlockType": "WORD",
      "Confidence": 99.3376235961914,
      "Text": "V-0",
      "TextType": "PRINTED",
      "Geometry": {
        "BoundingBox": {
          "Width": 0.014852218329906464,
          "Height": 0.020077193155884743,
          "Left": 0.2961738407611847,
          "Top": 0.5218835473060608
        },
        "Polygon": [
          {
            "X": 0.2961738407611847,
            "Y": 0.5219202041625977
          },
          {
            "X": 0.3108438551425934,
            "Y": 0.5218835473060608
          },
          {
            "X": 0.31102606654167175,
            "Y": 0.5419242978096008
          },
          {
            "X": 0.2963511645793915,
            "Y": 0.5419607758522034
          }
        ]
      },
      "Id": "d14d51e9-53ee-4696-bca8-aac69e98c1d7",
      "Page": 1
    },
    {
      "BlockType": "WORD",
      "Confidence": 99.9691162109375,
      "Text": "Yes",
      "TextType": "PRINTED",
      "Geometry": {
        "BoundingBox": {
          "Width": 0.014148966409265995,
          "Height": 0.020710043609142303,
          "Left": 0.36781567335128784,
          "Top": 0.521548867225647
        },
        "Polygon": [
          {
            "X": 0.36781567335128784,
            "Y": 0.5215836763381958
          },
          {
            "X": 0.38175222277641296,
            "Y": 0.521548867225647
          },
          {
            "X": 0.38196462392807007,
            "Y": 0.5422242879867554
          },
          {
            "X": 0.3680232763290405,
            "Y": 0.5422589182853699
          }
        ]
      },
      "Id": "933f611f-bdfd-429c-9d31-f3eef7f36ff6",
      "Page": 1
    },
    {
      "BlockType": "WORD",
      "Confidence": 99.9367904663086,
      "Text": "Minimum",
      "TextType": "PRINTED",
      "Geometry": {
        "BoundingBox": {
          "Width": 0.04030909389257431,
          "Height": 0.021773897111415863,
          "Left": 0.4748247563838959,
          "Top": 0.5205697417259216
        },
        "Polygon": [
          {
            "X": 0.4748247563838959,
            "Y": 0.5206697583198547
          },
          {
            "X": 0.5148630738258362,
            "Y": 0.5205697417259216
          },
          {
            "X": 0.5151338577270508,
            "Y": 0.542244017124176
          },
          {
            "X": 0.47508105635643005,
            "Y": 0.5423436164855957
          }
        ]
      },
      "Id": "59e48a8a-a995-433a-851b-d0c614bf1688",
      "Page": 1
    },
    {
      "BlockType": "WORD",
      "Confidence": 99.91180419921875,
      "Text": "Low",
      "TextType": "PRINTED",
      "Geometry": {
        "BoundingBox": {
          "Width": 0.017400220036506653,
          "Height": 0.021054428070783615,
          "Left": 0.5482699871063232,
          "Top": 0.5214352011680603
        },
        "Polygon": [
          {
            "X": 0.5482699871063232,
            "Y": 0.521477997303009
          },
          {
            "X": 0.5653900504112244,
            "Y": 0.5214352011680603
          },
          {
            "X": 0.5656701922416687,
            "Y": 0.5424470901489258
          },
          {
            "X": 0.54854416847229,
            "Y": 0.5424896478652954
          }
        ]
      },
      "Id": "77f5e618-cb07-42b3-b886-69cd39264c14",
      "Page": 1
    },
    {
      "BlockType": "WORD",
      "Confidence": 99.93731689453125,
      "Text": "Dense",
      "TextType": "PRINTED",
      "Geometry": {
        "BoundingBox": {
          "Width": 0.024843523278832436,
          "Height": 0.02103082463145256,
          "Left": 0.6483266949653625,
          "Top": 0.5214483141899109
        },
        "Polygon": [
          {
            "X": 0.6483266949653625,
            "Y": 0.52150958776474
          },
          {
            "X": 0.6728530526161194,
            "Y": 0.5214483141899109
          },
          {
            "X": 0.6731702089309692,
            "Y": 0.5424181818962097
          },
          {
            "X": 0.6486352682113647,
            "Y": 0.5424791574478149
          }
        ]
      },
      "Id": "30d464fc-6438-4984-b4de-e39b402cfacf",
      "Page": 1
    },
    {
      "BlockType": "WORD",
      "Confidence": 99.99384307861328,
      "Text": "and",
      "TextType": "PRINTED",
      "Geometry": {
        "BoundingBox": {
          "Width": 0.015228301286697388,
          "Height": 0.021415846422314644,
          "Left": 0.6753920912742615,
          "Top": 0.5208896994590759
        },
        "Polygon": [
          {
            "X": 0.6753920912742615,
            "Y": 0.5209269523620605
          },
          {
            "X": 0.6902908682823181,
            "Y": 0.5208896994590759
          },
          {
            "X": 0.6906204223632812,
            "Y": 0.5422685146331787
          },
          {
            "X": 0.6757163405418396,
            "Y": 0.542305588722229
          }
        ]
      },
      "Id": "6e72d747-a868-44e7-8262-99835d626eca",
      "Page": 1
    },
    {
      "BlockType": "WORD",
      "Confidence": 99.89309692382812,
      "Text": "continuous",
      "TextType": "PRINTED",
      "Geometry": {
        "BoundingBox": {
          "Width": 0.04528515413403511,
          "Height": 0.021561149507761,
          "Left": 0.6930738091468811,
          "Top": 0.5209922194480896
        },
        "Polygon": [
          {
            "X": 0.6930738091468811,
            "Y": 0.5211044549942017
          },
          {
            "X": 0.7380112409591675,
            "Y": 0.5209922194480896
          },
          {
            "X": 0.7383589744567871,
            "Y": 0.5424416065216064
          },
          {
            "X": 0.6934054493904114,
            "Y": 0.5425533652305603
          }
        ]
      },
      "Id": "e08bb7ef-3fda-4a4b-8345-7402638c6f8b",
      "Page": 1
    },
    {
      "BlockType": "WORD",
      "Confidence": 99.45445251464844,
      "Text": "Less",
      "TextType": "PRINTED",
      "Geometry": {
        "BoundingBox": {
          "Width": 0.017261046916246414,
          "Height": 0.02143310196697712,
          "Left": 0.769885241985321,
          "Top": 0.5211758613586426
        },
        "Polygon": [
          {
            "X": 0.769885241985321,
            "Y": 0.5212180614471436
          },
          {
            "X": 0.7867821455001831,
            "Y": 0.5211758613586426
          },
          {
            "X": 0.787146270275116,
            "Y": 0.5425669550895691
          },
          {
            "X": 0.7702433466911316,
            "Y": 0.5426089763641357
          }
        ]
      },
      "Id": "1219edca-04e2-45ff-840e-15c669d67d2d",
      "Page": 1
    },
    {
      "BlockType": "WORD",
      "Confidence": 99.66293334960938,
      "Text": "PPSQ",
      "TextType": "PRINTED",
      "Geometry": {
        "BoundingBox": {
          "Width": 0.021373732015490532,
          "Height": 0.02196957729756832,
          "Left": 0.16524046659469604,
          "Top": 0.5544715523719788
        },
        "Polygon": [
          {
            "X": 0.16524046659469604,
            "Y": 0.5545241832733154
          },
          {
            "X": 0.1864604353904724,
            "Y": 0.5544715523719788
          },
          {
            "X": 0.18661420047283173,
            "Y": 0.5763887166976929
          },
          {
            "X": 0.16538648307323456,
            "Y": 0.5764411091804504
          }
        ]
      },
      "Id": "eb67b40b-4307-4d09-b8ba-e8c18b5a4c12",
      "Page": 1
    },
    {
      "BlockType": "WORD",
      "Confidence": 99.92292785644531,
      "Text": "NR",
      "TextType": "PRINTED",
      "Geometry": {
        "BoundingBox": {
          "Width": 0.012198960408568382,
          "Height": 0.020062575116753578,
          "Left": 0.2514001727104187,
          "Top": 0.5546385049819946
        },
        "Polygon": [
          {
            "X": 0.2514001727104187,
            "Y": 0.5546683073043823
          },
          {
            "X": 0.26343291997909546,
            "Y": 0.5546385049819946
          },
          {
            "X": 0.263599157333374,
            "Y": 0.5746713876724243
          },
          {
            "X": 0.2515623867511749,
            "Y": 0.5747010707855225
          }
        ]
      },
      "Id": "82480ec7-4253-43de-bb12-c97b0fe6e0d6",
      "Page": 1
    },
    {
      "BlockType": "WORD",
      "Confidence": 99.96001434326172,
      "Text": "NR",
      "TextType": "PRINTED",
      "Geometry": {
        "BoundingBox": {
          "Width": 0.012280547060072422,
          "Height": 0.02010214887559414,
          "Left": 0.29640433192253113,
          "Top": 0.5545340776443481
        },
        "Polygon": [
          {
            "X": 0.29640433192253113,
            "Y": 0.5545640587806702
          },
          {
            "X": 0.30850324034690857,
            "Y": 0.5545340776443481
          },
          {
            "X": 0.3086848855018616,
            "Y": 0.5746063590049744
          },
          {
            "X": 0.296581894159317,
            "Y": 0.5746362209320068
          }
        ]
      },
      "Id": "0edbc106-9a25-4cd2-bee6-7cc7fb5803e7",
      "Page": 1
    },
    {
      "BlockType": "WORD",
      "Confidence": 99.9681167602539,
      "Text": "No",
      "TextType": "PRINTED",
      "Geometry": {
        "BoundingBox": {
          "Width": 0.011422369629144669,
          "Height": 0.020343635231256485,
          "Left": 0.36812689900398254,
          "Top": 0.5544341206550598
        },
        "Polygon": [
          {
            "X": 0.36812689900398254,
            "Y": 0.5544619560241699
          },
          {
            "X": 0.3793414831161499,
            "Y": 0.5544341206550598
          },
          {
            "X": 0.3795492649078369,
            "Y": 0.5747500658035278
          },
          {
            "X": 0.3683308959007263,
            "Y": 0.5747777819633484
          }
        ]
      },
      "Id": "cd1e73ce-0133-4351-995e-fdc92807034c",
      "Page": 1
    },
    {
      "BlockType": "WORD",
      "Confidence": 99.91890716552734,
      "Text": "Maximum",
      "TextType": "PRINTED",
      "Geometry": {
        "BoundingBox": {
          "Width": 0.04190940409898758,
          "Height": 0.020810231566429138,
          "Left": 0.47468146681785583,
          "Top": 0.5534948706626892
        },
        "Polygon": [
          {
            "X": 0.47468146681785583,
            "Y": 0.553598165512085
          },
          {
            "X": 0.5163318514823914,
            "Y": 0.5534948706626892
          },
          {
            "X": 0.5165908932685852,
            "Y": 0.574202299118042
          },
          {
            "X": 0.4749261438846588,
            "Y": 0.5743051171302795
          }
        ]
      },
      "Id": "728ae504-d0ff-4b3f-9655-60bc265f313a",
      "Page": 1
    },
    {
      "BlockType": "WORD",
      "Confidence": 99.98851776123047,
      "Text": "High",
      "TextType": "PRINTED",
      "Geometry": {
        "BoundingBox": {
          "Width": 0.019483283162117004,
          "Height": 0.026316283270716667,
          "Left": 0.5483146905899048,
          "Top": 0.5534109473228455
        },
        "Polygon": [
          {
            "X": 0.5483146905899048,
            "Y": 0.5534583926200867
          },
          {
            "X": 0.5674470067024231,
            "Y": 0.5534109473228455
          },
          {
            "X": 0.5677979588508606,
            "Y": 0.5796800255775452
          },
          {
            "X": 0.5486572980880737,
            "Y": 0.5797272324562073
          }
        ]
      },
      "Id": "ef015715-b364-4d61-949a-56adbb9079a3",
      "Page": 1
    },
    {
      "BlockType": "WORD",
      "Confidence": 99.91615295410156,
      "Text": "Cracked",
      "TextType": "PRINTED",
      "Geometry": {
        "BoundingBox": {
          "Width": 0.03252793103456497,
          "Height": 0.021596241742372513,
          "Left": 0.64809250831604,
          "Top": 0.5533372163772583
        },
        "Polygon": [
          {
            "X": 0.64809250831604,
            "Y": 0.5534170269966125
          },
          {
            "X": 0.680292546749115,
            "Y": 0.5533372163772583
          },
          {
            "X": 0.6806204319000244,
            "Y": 0.5748539566993713
          },
          {
            "X": 0.6484088897705078,
            "Y": 0.5749334692955017
          }
        ]
      },
      "Id": "3540f610-3e10-432c-b2f0-182755956b86",
      "Page": 1
    },
    {
      "BlockType": "WORD",
      "Confidence": 99.95942687988281,
      "Text": "More",
      "TextType": "PRINTED",
      "Geometry": {
        "BoundingBox": {
          "Width": 0.02170528657734394,
          "Height": 0.020986253395676613,
          "Left": 0.7699651718139648,
          "Top": 0.5539103746414185
        },
        "Polygon": [
          {
            "X": 0.7699651718139648,
            "Y": 0.553963303565979
          },
          {
            "X": 0.7913127541542053,
            "Y": 0.5539103746414185
          },
          {
            "X": 0.7916705012321472,
            "Y": 0.5748439431190491
          },
          {
            "X": 0.7703154683113098,
            "Y": 0.5748966336250305
          }
        ]
      },
      "Id": "2b8c6b7e-abfe-47cc-839e-8b2884545e83",
      "Page": 1
    },
    {
      "BlockType": "TABLE",
      "Confidence": 99.462890625,
      "Geometry": {
        "BoundingBox": {
          "Width": 0.7131293416023254,
          "Height": 0.17904669046401978,
          "Left": 0.14426158368587494,
          "Top": 0.4115459620952606
        },
        "Polygon": [
          {
            "X": 0.14426158368587494,
            "Y": 0.41336360573768616
          },
          {
            "X": 0.8541678190231323,
            "Y": 0.4115459620952606
          },
          {
            "X": 0.8573909401893616,
            "Y": 0.5888417959213257
          },
          {
            "X": 0.1453830748796463,
            "Y": 0.590592622756958
          }
        ]
      },
      "Id": "17caca90-eb26-4d9f-b809-a32c1a6932c1",
      "Relationships": [
        {
          "Type": "CHILD",
          "Ids": [
            "8087af59-9c38-4448-a1b8-6dac13711349",
            "13f82858-04b7-459b-b3d3-709281625dfa",
            "113ea0bd-7df0-4862-b2a5-074344a57169",
            "4c02703d-ed3d-4db0-a782-4bb77d6f0daa",
            "285d41e1-116a-4015-a522-1ffd9ba434e8",
            "c5135e2d-8bab-49b0-ad3a-3e40369f2704",
            "ffa50910-7f23-4116-8957-c5cec118b821",
            "9b277206-c57b-49dd-b806-dde8d0315cdd",
            "f98e36df-f190-4b71-a5a2-1b02eb88fcf9",
            "271b2ce5-e2dd-4935-80ab-8e4e6be6ccce",
            "0d4d930c-271e-427d-a5d9-34bddb3336c0",
            "0f03e2e5-fe52-44b6-9021-15ef0aa309d0",
            "ae2613df-6ada-4ed9-b16f-ea9136d17df8",
            "d56a9528-4711-4c73-ae28-d90d442c0705",
            "bff62d28-7e10-446b-a12d-1c2f37c51925",
            "b56b4bf5-63d8-4c13-9b5f-a39299db1893",
            "367c54d6-c31f-48d7-bce1-8a2810e119d7",
            "ae4c8d62-c827-4cb8-a015-e350d5cd2904",
            "605c5543-13db-41d9-8c4d-faf8b708ef5b",
            "34b9f080-414a-4540-817e-ed57fd183603",
            "eadb27a6-7259-41aa-bb55-410d61c55470",
            "15a4c73e-29a6-4441-8a23-70001905f76f",
            "778e8079-c492-4129-a9b0-8f54c893596d",
            "e54b5329-e35c-4f07-aba6-3dbb55d0a551",
            "90680024-6f39-47f9-aaa3-9c4984fae2d3",
            "f5849f07-8124-4142-ad5a-fa3ecab01b03",
            "b7235945-bfe7-461c-b5bb-b35774c24a9e",
            "0f0d4131-31e2-48ba-80a5-ada5152fd009",
            "23dc3e92-e363-4896-98ee-f030989ca16c",
            "082b03d9-7e3d-4ea8-9e66-398b1321f5e0",
            "21ca276c-c7e3-45ab-9d14-9e0e1e8ebcf7",
            "40477c86-8ec7-44b4-89e2-591b4e1b6d47"
          ]
        },
        {
          "Type": "MERGED_CELL",
          "Ids": [
            "ee2d4b8c-2ca1-4e41-b09e-12b640b51e64",
            "9b3fc323-72d7-47ae-bf40-79677c15bf21"
          ]
        }
      ],
      "EntityTypes": [
        "STRUCTURED_TABLE"
      ],
      "Page": 1
    },
    {
      "BlockType": "CELL",
      "Confidence": 38.916015625,
      "RowIndex": 1,
      "ColumnIndex": 1,
      "RowSpan": 1,
      "ColumnSpan": 1,
      "Geometry": {
        "BoundingBox": {
          "Width": 0.09291064739227295,
          "Height": 0.05167300999164581,
          "Left": 0.14428994059562683,
          "Top": 0.41303613781929016
        },
        "Polygon": [
          {
            "X": 0.14428994059562683,
            "Y": 0.41327300667762756
          },
          {
            "X": 0.23679563403129578,
            "Y": 0.41303613781929016
          },
          {
            "X": 0.23720058798789978,
            "Y": 0.46447479724884033
          },
          {
            "X": 0.14461544156074524,
            "Y": 0.4647091329097748
          }
        ]
      },
      "Id": "8087af59-9c38-4448-a1b8-6dac13711349",
      "Relationships": [
        {
          "Type": "CHILD",
          "Ids": [
            "7f2d3824-27ed-4ac5-a650-283f243f6531",
            "97f56840-cd01-4927-bee5-33859b3cafd3"
          ]
        }
      ],
      "EntityTypes": [
        "COLUMN_HEADER"
      ],
      "Page": 1
    },
    {
      "BlockType": "CELL",
      "Confidence": 50.9765625,
      "RowIndex": 1,
      "ColumnIndex": 2,
      "RowSpan": 1,
      "ColumnSpan": 1,
      "Geometry": {
        "BoundingBox": {
          "Width": 0.04456440359354019,
          "Height": 0.05155164375901222,
          "Left": 0.23679563403129578,
          "Top": 0.4129231572151184
        },
        "Polygon": [
          {
            "X": 0.23679563403129578,
            "Y": 0.41303613781929016
          },
          {
            "X": 0.2809171676635742,
            "Y": 0.4129231572151184
          },
          {
            "X": 0.28136003017425537,
            "Y": 0.4643630385398865
          },
          {
            "X": 0.23720058798789978,
            "Y": 0.46447479724884033
          }
        ]
      },
      "Id": "13f82858-04b7-459b-b3d3-709281625dfa",
      "Relationships": [
        {
          "Type": "CHILD",
          "Ids": [
            "38e942ee-2c40-4c63-b327-ff3f77e228f0"
          ]
        }
      ],
      "EntityTypes": [
        "COLUMN_HEADER"
      ],
      "Page": 1
    },
    {
      "BlockType": "CELL",
      "Confidence": 50.9765625,
      "RowIndex": 1,
      "ColumnIndex": 3,
      "RowSpan": 1,
      "ColumnSpan": 1,
      "Geometry": {
        "BoundingBox": {
          "Width": 0.06644877046346664,
          "Height": 0.05160873755812645,
          "Left": 0.2809171676635742,
          "Top": 0.4127542972564697
        },
        "Polygon": [
          {
            "X": 0.2809171676635742,
            "Y": 0.4129231572151184
          },
          {
            "X": 0.3468664288520813,
            "Y": 0.4127542972564697
          },
          {
            "X": 0.34736594557762146,
            "Y": 0.46419596672058105
          },
          {
            "X": 0.28136003017425537,
            "Y": 0.4643630385398865
          }
        ]
      },
      "Id": "113ea0bd-7df0-4862-b2a5-074344a57169",
      "EntityTypes": [
        "COLUMN_HEADER"
      ],
      "Page": 1
    },
    {
      "BlockType": "CELL",
      "Confidence": 55.810546875,
      "RowIndex": 1,
      "ColumnIndex": 4,
      "RowSpan": 1,
      "ColumnSpan": 1,
      "Geometry": {
        "BoundingBox": {
          "Width": 0.11067787557840347,
          "Height": 0.05163297429680824,
          "Left": 0.34686732292175293,
          "Top": 0.4125629961490631
        },
        "Polygon": [
          {
            "X": 0.34686732292175293,
            "Y": 0.41284486651420593
          },
          {
            "X": 0.45695215463638306,
            "Y": 0.4125629961490631
          },
          {
            "X": 0.4575451910495758,
            "Y": 0.4639171063899994
          },
          {
            "X": 0.34736594557762146,
            "Y": 0.46419596672058105
          }
        ]
      },
      "Id": "4c02703d-ed3d-4db0-a782-4bb77d6f0daa",
      "Relationships": [
        {
          "Type": "CHILD",
          "Ids": [
            "fc3a51d8-1e4d-4ac3-8780-29be390cd314",
            "78e81fd5-55cf-4016-8314-faceb5867fbb"
          ]
        }
      ],
      "EntityTypes": [
        "COLUMN_HEADER"
      ],
      "Page": 1
    },
    {
      "BlockType": "CELL",
      "Confidence": 51.3671875,
      "RowIndex": 1,
      "ColumnIndex": 5,
      "RowSpan": 1,
      "ColumnSpan": 1,
      "Geometry": {
        "BoundingBox": {
          "Width": 0.0756368562579155,
          "Height": 0.05154608562588692,
          "Left": 0.45695215463638306,
          "Top": 0.4123710095882416
        },
        "Polygon": [
          {
            "X": 0.45695215463638306,
            "Y": 0.4125629961490631
          },
          {
            "X": 0.5319316387176514,
            "Y": 0.4123710095882416
          },
          {
            "X": 0.5325890183448792,
            "Y": 0.4637271761894226
          },
          {
            "X": 0.4575451910495758,
            "Y": 0.4639171063899994
          }
        ]
      },
      "Id": "285d41e1-116a-4015-a522-1ffd9ba434e8",
      "Relationships": [
        {
          "Type": "CHILD",
          "Ids": [
            "ff3e3fa5-5ede-432d-82b7-7e91df419d25"
          ]
        }
      ],
      "EntityTypes": [
        "COLUMN_HEADER"
      ],
      "Page": 1
    },
    {
      "BlockType": "CELL",
      "Confidence": 49.7802734375,
      "RowIndex": 1,
      "ColumnIndex": 6,
      "RowSpan": 1,
      "ColumnSpan": 1,
      "Geometry": {
        "BoundingBox": {
          "Width": 0.10183420777320862,
          "Height": 0.05161498114466667,
          "Left": 0.5319316387176514,
          "Top": 0.41211217641830444
        },
        "Polygon": [
          {
            "X": 0.5319316387176514,
            "Y": 0.4123710095882416
          },
          {
            "X": 0.6330218315124512,
            "Y": 0.41211217641830444
          },
          {
            "X": 0.6337658762931824,
            "Y": 0.46347108483314514
          },
          {
            "X": 0.5325890183448792,
            "Y": 0.4637271761894226
          }
        ]
      },
      "Id": "c5135e2d-8bab-49b0-ad3a-3e40369f2704",
      "Relationships": [
        {
          "Type": "CHILD",
          "Ids": [
            "bc971f79-4b4b-4ddb-a591-58a93fe21d88",
            "dd3dc619-7eea-4388-b2c9-6e29c2cc78eb",
            "97daf287-fb11-4a5f-bf77-0b0e2cd5e754"
          ]
        }
      ],
      "EntityTypes": [
        "COLUMN_HEADER"
      ],
      "Page": 1
    },
    {
      "BlockType": "CELL",
      "Confidence": 49.072265625,
      "RowIndex": 1,
      "ColumnIndex": 7,
      "RowSpan": 1,
      "ColumnSpan": 1,
      "Geometry": {
        "BoundingBox": {
          "Width": 0.12806305289268494,
          "Height": 0.05168461054563522,
          "Left": 0.6330218315124512,
          "Top": 0.4117864668369293
        },
        "Polygon": [
          {
            "X": 0.6330218315124512,
            "Y": 0.41211217641830444
          },
          {
            "X": 0.7602316737174988,
            "Y": 0.4117864668369293
          },
          {
            "X": 0.7610848546028137,
            "Y": 0.463148832321167
          },
          {
            "X": 0.6337658762931824,
            "Y": 0.46347108483314514
          }
        ]
      },
      "Id": "ffa50910-7f23-4116-8957-c5cec118b821",
      "Relationships": [
        {
          "Type": "CHILD",
          "Ids": [
            "8b5baefd-5ce5-4f3c-b3f6-ce53e896ed66",
            "cf29a45a-5177-4942-ba99-ede2e470c867"
          ]
        }
      ],
      "EntityTypes": [
        "COLUMN_HEADER"
      ],
      "Page": 1
    },
    {
      "BlockType": "CELL",
      "Confidence": 44.7265625,
      "RowIndex": 1,
      "ColumnIndex": 8,
      "RowSpan": 1,
      "ColumnSpan": 1,
      "Geometry": {
        "BoundingBox": {
          "Width": 0.09486991167068481,
          "Height": 0.05160287395119667,
          "Left": 0.7602316737174988,
          "Top": 0.4115459620952606
        },
        "Polygon": [
          {
            "X": 0.7602316737174988,
            "Y": 0.4117864668369293
          },
          {
            "X": 0.8541678190231323,
            "Y": 0.4115459620952606
          },
          {
            "X": 0.8551015853881836,
            "Y": 0.46291086077690125
          },
          {
            "X": 0.7610848546028137,
            "Y": 0.463148832321167
          }
        ]
      },
      "Id": "9b277206-c57b-49dd-b806-dde8d0315cdd",
      "Relationships": [
        {
          "Type": "CHILD",
          "Ids": [
            "e8a8c05f-9181-47d9-b69c-f74afc095482",
            "dbd5b7fb-e6e4-4934-8669-99a847e36de8",
            "3e38a369-9789-46a1-a94d-036454a66950",
            "e5f931b4-8e51-438c-a110-a0fd9f1a2889"
          ]
        }
      ],
      "EntityTypes": [
        "COLUMN_HEADER"
      ],
      "Page": 1
    },
    {
      "BlockType": "CELL",
      "Confidence": 38.916015625,
      "RowIndex": 2,
      "ColumnIndex": 1,
      "RowSpan": 1,
      "ColumnSpan": 1,
      "Geometry": {
        "BoundingBox": {
          "Width": 0.09298010915517807,
          "Height": 0.050401851534843445,
          "Left": 0.14461544156074524,
          "Top": 0.46447479724884033
        },
        "Polygon": [
          {
            "X": 0.14461544156074524,
            "Y": 0.4647091329097748
          },
          {
            "X": 0.23720058798789978,
            "Y": 0.46447479724884033
          },
          {
            "X": 0.2375955581665039,
            "Y": 0.5146448016166687
          },
          {
            "X": 0.14493292570114136,
            "Y": 0.514876663684845
          }
        ]
      },
      "Id": "f98e36df-f190-4b71-a5a2-1b02eb88fcf9",
      "EntityTypes": [
        "COLUMN_HEADER"
      ],
      "Page": 1
    },
    {
      "BlockType": "CELL",
      "Confidence": 41.3818359375,
      "RowIndex": 2,
      "ColumnIndex": 2,
      "RowSpan": 1,
      "ColumnSpan": 1,
      "Geometry": {
        "BoundingBox": {
          "Width": 0.044591378420591354,
          "Height": 0.05028174817562103,
          "Left": 0.23720058798789978,
          "Top": 0.4643630385398865
        },
        "Polygon": [
          {
            "X": 0.23720058798789978,
            "Y": 0.46447479724884033
          },
          {
            "X": 0.28136003017425537,
            "Y": 0.4643630385398865
          },
          {
            "X": 0.28179195523262024,
            "Y": 0.5145341753959656
          },
          {
            "X": 0.2375955581665039,
            "Y": 0.5146448016166687
          }
        ]
      },
      "Id": "271b2ce5-e2dd-4935-80ab-8e4e6be6ccce",
      "Relationships": [
        {
          "Type": "CHILD",
          "Ids": [
            "a82376c8-405c-44bf-8c79-ee18d4e67224"
          ]
        }
      ],
      "EntityTypes": [
        "COLUMN_HEADER"
      ],
      "Page": 1
    },
    {
      "BlockType": "CELL",
      "Confidence": 49.267578125,
      "RowIndex": 2,
      "ColumnIndex": 3,
      "RowSpan": 1,
      "ColumnSpan": 1,
      "Geometry": {
        "BoundingBox": {
          "Width": 0.06649310141801834,
          "Height": 0.05033821985125542,
          "Left": 0.28136003017425537,
          "Top": 0.46419596672058105
        },
        "Polygon": [
          {
            "X": 0.28136003017425537,
            "Y": 0.4643630385398865
          },
          {
            "X": 0.34736594557762146,
            "Y": 0.46419596672058105
          },
          {
            "X": 0.3478531241416931,
            "Y": 0.5143688917160034
          },
          {
            "X": 0.28179195523262024,
            "Y": 0.5145341753959656
          }
        ]
      },
      "Id": "0d4d930c-271e-427d-a5d9-34bddb3336c0",
      "Relationships": [
        {
          "Type": "CHILD",
          "Ids": [
            "db0e5ef8-0314-4f6a-81a3-f4b6b89e7f16"
          ]
        }
      ],
      "EntityTypes": [
        "COLUMN_HEADER"
      ],
      "Page": 1
    },
    {
      "BlockType": "CELL",
      "Confidence": 63.720703125,
      "RowIndex": 2,
      "ColumnIndex": 4,
      "RowSpan": 1,
      "ColumnSpan": 1,
      "Geometry": {
        "BoundingBox": {
          "Width": 0.11075867712497711,
          "Height": 0.05045178160071373,
          "Left": 0.34736594557762146,
          "Top": 0.4639171063899994
        },
        "Polygon": [
          {
            "X": 0.34736594557762146,
            "Y": 0.46419596672058105
          },
          {
            "X": 0.4575451910495758,
            "Y": 0.4639171063899994
          },
          {
            "X": 0.4581246078014374,
            "Y": 0.5140929222106934
          },
          {
            "X": 0.3478531241416931,
            "Y": 0.5143688917160034
          }
        ]
      },
      "Id": "0f03e2e5-fe52-44b6-9021-15ef0aa309d0",
      "EntityTypes": [
        "COLUMN_HEADER"
      ],
      "Page": 1
    },
    {
      "BlockType": "CELL",
      "Confidence": 58.642578125,
      "RowIndex": 2,
      "ColumnIndex": 5,
      "RowSpan": 1,
      "ColumnSpan": 1,
      "Geometry": {
        "BoundingBox": {
          "Width": 0.07568608224391937,
          "Height": 0.05036578327417374,
          "Left": 0.4575451910495758,
          "Top": 0.4637271761894226
        },
        "Polygon": [
          {
            "X": 0.4575451910495758,
            "Y": 0.4639171063899994
          },
          {
            "X": 0.5325890183448792,
            "Y": 0.4637271761894226
          },
          {
            "X": 0.533231258392334,
            "Y": 0.5139049887657166
          },
          {
            "X": 0.4581246078014374,
            "Y": 0.5140929222106934
          }
        ]
      },
      "Id": "ae2613df-6ada-4ed9-b16f-ea9136d17df8",
      "EntityTypes": [
        "COLUMN_HEADER"
      ],
      "Page": 1
    },
    {
      "BlockType": "CELL",
      "Confidence": 56.8359375,
      "RowIndex": 2,
      "ColumnIndex": 6,
      "RowSpan": 1,
      "ColumnSpan": 1,
      "Geometry": {
        "BoundingBox": {
          "Width": 0.10190384835004807,
          "Height": 0.0504339225590229,
          "Left": 0.5325890183448792,
          "Top": 0.46347108483314514
        },
        "Polygon": [
          {
            "X": 0.5325890183448792,
            "Y": 0.4637271761894226
          },
          {
            "X": 0.6337658762931824,
            "Y": 0.46347108483314514
          },
          {
            "X": 0.6344928741455078,
            "Y": 0.5136516094207764
          },
          {
            "X": 0.533231258392334,
            "Y": 0.5139049887657166
          }
        ]
      },
      "Id": "d56a9528-4711-4c73-ae28-d90d442c0705",
      "EntityTypes": [
        "COLUMN_HEADER"
      ],
      "Page": 1
    },
    {
      "BlockType": "CELL",
      "Confidence": 56.005859375,
      "RowIndex": 2,
      "ColumnIndex": 7,
      "RowSpan": 1,
      "ColumnSpan": 1,
      "Geometry": {
        "BoundingBox": {
          "Width": 0.12815260887145996,
          "Height": 0.05050278455018997,
          "Left": 0.6337658762931824,
          "Top": 0.463148832321167
        },
        "Polygon": [
          {
            "X": 0.6337658762931824,
            "Y": 0.46347108483314514
          },
          {
            "X": 0.7610848546028137,
            "Y": 0.463148832321167
          },
          {
            "X": 0.7619184851646423,
            "Y": 0.513332724571228
          },
          {
            "X": 0.6344928741455078,
            "Y": 0.5136516094207764
          }
        ]
      },
      "Id": "bff62d28-7e10-446b-a12d-1c2f37c51925",
      "EntityTypes": [
        "COLUMN_HEADER"
      ],
      "Page": 1
    },
    {
      "BlockType": "CELL",
      "Confidence": 51.07421875,
      "RowIndex": 2,
      "ColumnIndex": 8,
      "RowSpan": 1,
      "ColumnSpan": 1,
      "Geometry": {
        "BoundingBox": {
          "Width": 0.09492908418178558,
          "Height": 0.050421882420778275,
          "Left": 0.7610848546028137,
          "Top": 0.46291086077690125
        },
        "Polygon": [
          {
            "X": 0.7610848546028137,
            "Y": 0.463148832321167
          },
          {
            "X": 0.8551015853881836,
            "Y": 0.46291086077690125
          },
          {
            "X": 0.8560139536857605,
            "Y": 0.5130972862243652
          },
          {
            "X": 0.7619184851646423,
            "Y": 0.513332724571228
          }
        ]
      },
      "Id": "b56b4bf5-63d8-4c13-9b5f-a39299db1893",
      "EntityTypes": [
        "COLUMN_HEADER"
      ],
      "Page": 1
    },
    {
      "BlockType": "CELL",
      "Confidence": 58.447265625,
      "RowIndex": 3,
      "ColumnIndex": 1,
      "RowSpan": 1,
      "ColumnSpan": 1,
      "Geometry": {
        "BoundingBox": {
          "Width": 0.09295885264873505,
          "Height": 0.03417647257447243,
          "Left": 0.14490394294261932,
          "Top": 0.5146448016166687
        },
        "Polygon": [
          {
            "X": 0.14490394294261932,
            "Y": 0.5148767232894897
          },
          {
            "X": 0.2375955581665039,
            "Y": 0.5146448016166687
          },
          {
            "X": 0.23786281049251556,
            "Y": 0.5485909581184387
          },
          {
            "X": 0.14511874318122864,
            "Y": 0.5488212704658508
          }
        ]
      },
      "Id": "367c54d6-c31f-48d7-bce1-8a2810e119d7",
      "Relationships": [
        {
          "Type": "CHILD",
          "Ids": [
            "ce438e5b-2084-44ce-9c70-1d06673aa4fe"
          ]
        }
      ],
      "Page": 1
    },
    {
      "BlockType": "CELL",
      "Confidence": 38.330078125,
      "RowIndex": 3,
      "ColumnIndex": 2,
      "RowSpan": 1,
      "ColumnSpan": 1,
      "Geometry": {
        "BoundingBox": {
          "Width": 0.04448866471648216,
          "Height": 0.03405679017305374,
          "Left": 0.2375955581665039,
          "Top": 0.5145341753959656
        },
        "Polygon": [
          {
            "X": 0.2375955581665039,
            "Y": 0.5146448016166687
          },
          {
            "X": 0.28179195523262024,
            "Y": 0.5145341753959656
          },
          {
            "X": 0.28208422660827637,
            "Y": 0.5484811663627625
          },
          {
            "X": 0.23786281049251556,
            "Y": 0.5485909581184387
          }
        ]
      },
      "Id": "ae4c8d62-c827-4cb8-a015-e350d5cd2904",
      "Relationships": [
        {
          "Type": "CHILD",
          "Ids": [
            "d06eb77a-bc0d-4bb9-87aa-75a9bdded470"
          ]
        }
      ],
      "Page": 1
    },
    {
      "BlockType": "CELL",
      "Confidence": 45.654296875,
      "RowIndex": 3,
      "ColumnIndex": 3,
      "RowSpan": 1,
      "ColumnSpan": 1,
      "Geometry": {
        "BoundingBox": {
          "Width": 0.06639081239700317,
          "Height": 0.03411230072379112,
          "Left": 0.28179195523262024,
          "Top": 0.5143688917160034
        },
        "Polygon": [
          {
            "X": 0.28179195523262024,
            "Y": 0.5145341753959656
          },
          {
            "X": 0.3478531241416931,
            "Y": 0.5143688917160034
          },
          {
            "X": 0.3481827676296234,
            "Y": 0.5483170747756958
          },
          {
            "X": 0.28208422660827637,
            "Y": 0.5484811663627625
          }
        ]
      },
      "Id": "605c5543-13db-41d9-8c4d-faf8b708ef5b",
      "Relationships": [
        {
          "Type": "CHILD",
          "Ids": [
            "d14d51e9-53ee-4696-bca8-aac69e98c1d7"
          ]
        }
      ],
      "Page": 1
    },
    {
      "BlockType": "CELL",
      "Confidence": 59.033203125,
      "RowIndex": 3,
      "ColumnIndex": 4,
      "RowSpan": 1,
      "ColumnSpan": 1,
      "Geometry": {
        "BoundingBox": {
          "Width": 0.11066354811191559,
          "Height": 0.034224119037389755,
          "Left": 0.3478531241416931,
          "Top": 0.5140929222106934
        },
        "Polygon": [
          {
            "X": 0.3478531241416931,
            "Y": 0.5143688917160034
          },
          {
            "X": 0.4581246078014374,
            "Y": 0.5140929222106934
          },
          {
            "X": 0.4585166871547699,
            "Y": 0.5480431318283081
          },
          {
            "X": 0.3481827676296234,
            "Y": 0.5483170747756958
          }
        ]
      },
      "Id": "34b9f080-414a-4540-817e-ed57fd183603",
      "Relationships": [
        {
          "Type": "CHILD",
          "Ids": [
            "933f611f-bdfd-429c-9d31-f3eef7f36ff6"
          ]
        }
      ],
      "Page": 1
    },
    {
      "BlockType": "CELL",
      "Confidence": 54.296875,
      "RowIndex": 3,
      "ColumnIndex": 5,
      "RowSpan": 1,
      "ColumnSpan": 1,
      "Geometry": {
        "BoundingBox": {
          "Width": 0.07554122060537338,
          "Height": 0.03413810953497887,
          "Left": 0.4581246078014374,
          "Top": 0.5139049887657166
        },
        "Polygon": [
          {
            "X": 0.4581246078014374,
            "Y": 0.5140929222106934
          },
          {
            "X": 0.533231258392334,
            "Y": 0.5139049887657166
          },
          {
            "X": 0.5336658358573914,
            "Y": 0.5478565096855164
          },
          {
            "X": 0.4585166871547699,
            "Y": 0.5480431318283081
          }
        ]
      },
      "Id": "eadb27a6-7259-41aa-bb55-410d61c55470",
      "Relationships": [
        {
          "Type": "CHILD",
          "Ids": [
            "59e48a8a-a995-433a-851b-d0c614bf1688"
          ]
        }
      ],
      "Page": 1
    },
    {
      "BlockType": "CELL",
      "Confidence": 52.63671875,
      "RowIndex": 3,
      "ColumnIndex": 6,
      "RowSpan": 1,
      "ColumnSpan": 1,
      "Geometry": {
        "BoundingBox": {
          "Width": 0.10175348818302155,
          "Height": 0.034204911440610886,
          "Left": 0.533231258392334,
          "Top": 0.5136516094207764
        },
        "Polygon": [
          {
            "X": 0.533231258392334,
            "Y": 0.5139049887657166
          },
          {
            "X": 0.6344928741455078,
            "Y": 0.5136516094207764
          },
          {
            "X": 0.6349847316741943,
            "Y": 0.5476049780845642
          },
          {
            "X": 0.5336658358573914,
            "Y": 0.5478565096855164
          }
        ]
      },
      "Id": "15a4c73e-29a6-4441-8a23-70001905f76f",
      "Relationships": [
        {
          "Type": "CHILD",
          "Ids": [
            "77f5e618-cb07-42b3-b886-69cd39264c14"
          ]
        }
      ],
      "Page": 1
    },
    {
      "BlockType": "CELL",
      "Confidence": 51.904296875,
      "RowIndex": 3,
      "ColumnIndex": 7,
      "RowSpan": 1,
      "ColumnSpan": 1,
      "Geometry": {
        "BoundingBox": {
          "Width": 0.12798966467380524,
          "Height": 0.0342722088098526,
          "Left": 0.6344928741455078,
          "Top": 0.513332724571228
        },
        "Polygon": [
          {
            "X": 0.6344928741455078,
            "Y": 0.5136516094207764
          },
          {
            "X": 0.7619184851646423,
            "Y": 0.513332724571228
          },
          {
            "X": 0.7624825239181519,
            "Y": 0.5472884178161621
          },
          {
            "X": 0.6349847316741943,
            "Y": 0.5476049780845642
          }
        ]
      },
      "Id": "778e8079-c492-4129-a9b0-8f54c893596d",
      "Relationships": [
        {
          "Type": "CHILD",
          "Ids": [
            "30d464fc-6438-4984-b4de-e39b402cfacf",
            "6e72d747-a868-44e7-8262-99835d626eca",
            "e08bb7ef-3fda-4a4b-8345-7402638c6f8b"
          ]
        }
      ],
      "Page": 1
    },
    {
      "BlockType": "CELL",
      "Confidence": 47.2900390625,
      "RowIndex": 3,
      "ColumnIndex": 8,
      "RowSpan": 1,
      "ColumnSpan": 1,
      "Geometry": {
        "BoundingBox": {
          "Width": 0.09471279382705688,
          "Height": 0.03419110178947449,
          "Left": 0.7619184851646423,
          "Top": 0.5130972862243652
        },
        "Polygon": [
          {
            "X": 0.7619184851646423,
            "Y": 0.513332724571228
          },
          {
            "X": 0.8560139536857605,
            "Y": 0.5130972862243652
          },
          {
            "X": 0.8566312789916992,
            "Y": 0.547054648399353
          },
          {
            "X": 0.7624825239181519,
            "Y": 0.5472884178161621
          }
        ]
      },
      "Id": "e54b5329-e35c-4f07-aba6-3dbb55d0a551",
      "Relationships": [
        {
          "Type": "CHILD",
          "Ids": [
            "1219edca-04e2-45ff-840e-15c669d67d2d"
          ]
        }
      ],
      "Page": 1
    },
    {
      "BlockType": "CELL",
      "Confidence": 62.109375,
      "RowIndex": 4,
      "ColumnIndex": 1,
      "RowSpan": 1,
      "ColumnSpan": 1,
      "Geometry": {
        "BoundingBox": {
          "Width": 0.09307292103767395,
          "Height": 0.04200166091322899,
          "Left": 0.14511874318122864,
          "Top": 0.5485909581184387
        },
        "Polygon": [
          {
            "X": 0.14511874318122864,
            "Y": 0.5488212704658508
          },
          {
            "X": 0.23786281049251556,
            "Y": 0.5485909581184387
          },
          {
            "X": 0.2381916642189026,
            "Y": 0.590364396572113
          },
          {
            "X": 0.1453830748796463,
            "Y": 0.590592622756958
          }
        ]
      },
      "Id": "90680024-6f39-47f9-aaa3-9c4984fae2d3",
      "Relationships": [
        {
          "Type": "CHILD",
          "Ids": [
            "eb67b40b-4307-4d09-b8ba-e8c18b5a4c12"
          ]
        }
      ],
      "Page": 1
    },
    {
      "BlockType": "CELL",
      "Confidence": 40.7470703125,
      "RowIndex": 4,
      "ColumnIndex": 2,
      "RowSpan": 1,
      "ColumnSpan": 1,
      "Geometry": {
        "BoundingBox": {
          "Width": 0.04458106681704521,
          "Height": 0.04188324138522148,
          "Left": 0.23786281049251556,
          "Top": 0.5484811663627625
        },
        "Polygon": [
          {
            "X": 0.23786281049251556,
            "Y": 0.5485909581184387
          },
          {
            "X": 0.28208422660827637,
            "Y": 0.5484811663627625
          },
          {
            "X": 0.2824438810348511,
            "Y": 0.590255618095398
          },
          {
            "X": 0.2381916642189026,
            "Y": 0.590364396572113
          }
        ]
      },
      "Id": "f5849f07-8124-4142-ad5a-fa3ecab01b03",
      "Relationships": [
        {
          "Type": "CHILD",
          "Ids": [
            "82480ec7-4253-43de-bb12-c97b0fe6e0d6"
          ]
        }
      ],
      "Page": 1
    },
    {
      "BlockType": "CELL",
      "Confidence": 48.53515625,
      "RowIndex": 4,
      "ColumnIndex": 3,
      "RowSpan": 1,
      "ColumnSpan": 1,
      "Geometry": {
        "BoundingBox": {
          "Width": 0.06650420278310776,
          "Height": 0.04193853959441185,
          "Left": 0.28208422660827637,
          "Top": 0.5483170747756958
        },
        "Polygon": [
          {
            "X": 0.28208422660827637,
            "Y": 0.5484811663627625
          },
          {
            "X": 0.3481827676296234,
            "Y": 0.5483170747756958
          },
          {
            "X": 0.3485884368419647,
            "Y": 0.5900929570198059
          },
          {
            "X": 0.2824438810348511,
            "Y": 0.590255618095398
          }
        ]
      },
      "Id": "b7235945-bfe7-461c-b5bb-b35774c24a9e",
      "Relationships": [
        {
          "Type": "CHILD",
          "Ids": [
            "0edbc106-9a25-4cd2-bee6-7cc7fb5803e7"
          ]
        }
      ],
      "Page": 1
    },
    {
      "BlockType": "CELL",
      "Confidence": 62.744140625,
      "RowIndex": 4,
      "ColumnIndex": 4,
      "RowSpan": 1,
      "ColumnSpan": 1,
      "Geometry": {
        "BoundingBox": {
          "Width": 0.1108163595199585,
          "Height": 0.042049840092659,
          "Left": 0.3481827676296234,
          "Top": 0.5480431318283081
        },
        "Polygon": [
          {
            "X": 0.3481827676296234,
            "Y": 0.5483170747756958
          },
          {
            "X": 0.4585166871547699,
            "Y": 0.5480431318283081
          },
          {
            "X": 0.4589991271495819,
            "Y": 0.589821457862854
          },
          {
            "X": 0.3485884368419647,
            "Y": 0.5900929570198059
          }
        ]
      },
      "Id": "0f0d4131-31e2-48ba-80a5-ada5152fd009",
      "Relationships": [
        {
          "Type": "CHILD",
          "Ids": [
            "cd1e73ce-0133-4351-995e-fdc92807034c"
          ]
        }
      ],
      "Page": 1
    },
    {
      "BlockType": "CELL",
      "Confidence": 57.71484375,
      "RowIndex": 4,
      "ColumnIndex": 5,
      "RowSpan": 1,
      "ColumnSpan": 1,
      "Geometry": {
        "BoundingBox": {
          "Width": 0.07568393647670746,
          "Height": 0.041964929550886154,
          "Left": 0.4585166871547699,
          "Top": 0.5478565096855164
        },
        "Polygon": [
          {
            "X": 0.4585166871547699,
            "Y": 0.5480431318283081
          },
          {
            "X": 0.5336658358573914,
            "Y": 0.5478565096855164
          },
          {
            "X": 0.5342006087303162,
            "Y": 0.5896365642547607
          },
          {
            "X": 0.4589991271495819,
            "Y": 0.589821457862854
          }
        ]
      },
      "Id": "23dc3e92-e363-4896-98ee-f030989ca16c",
      "Relationships": [
        {
          "Type": "CHILD",
          "Ids": [
            "728ae504-d0ff-4b3f-9655-60bc265f313a"
          ]
        }
      ],
      "Page": 1
    },
    {
      "BlockType": "CELL",
      "Confidence": 55.95703125,
      "RowIndex": 4,
      "ColumnIndex": 6,
      "RowSpan": 1,
      "ColumnSpan": 1,
      "Geometry": {
        "BoundingBox": {
          "Width": 0.10192423313856125,
          "Height": 0.04203157126903534,
          "Left": 0.5336658358573914,
          "Top": 0.5476049780845642
        },
        "Polygon": [
          {
            "X": 0.5336658358573914,
            "Y": 0.5478565096855164
          },
          {
            "X": 0.6349847316741943,
            "Y": 0.5476049780845642
          },
          {
            "X": 0.6355900764465332,
            "Y": 0.5893872380256653
          },
          {
            "X": 0.5342006087303162,
            "Y": 0.5896365642547607
          }
        ]
      },
      "Id": "082b03d9-7e3d-4ea8-9e66-398b1321f5e0",
      "Relationships": [
        {
          "Type": "CHILD",
          "Ids": [
            "ef015715-b364-4d61-949a-56adbb9079a3"
          ]
        }
      ],
      "Page": 1
    },
    {
      "BlockType": "CELL",
      "Confidence": 55.17578125,
      "RowIndex": 4,
      "ColumnIndex": 7,
      "RowSpan": 1,
      "ColumnSpan": 1,
      "Geometry": {
        "BoundingBox": {
          "Width": 0.12819185853004456,
          "Height": 0.042098820209503174,
          "Left": 0.6349847316741943,
          "Top": 0.5472884178161621
        },
        "Polygon": [
          {
            "X": 0.6349847316741943,
            "Y": 0.5476049780845642
          },
          {
            "X": 0.7624825239181519,
            "Y": 0.5472884178161621
          },
          {
            "X": 0.7631766200065613,
            "Y": 0.5890734791755676
          },
          {
            "X": 0.6355900764465332,
            "Y": 0.5893872380256653
          }
        ]
      },
      "Id": "21ca276c-c7e3-45ab-9d14-9e0e1e8ebcf7",
      "Relationships": [
        {
          "Type": "CHILD",
          "Ids": [
            "3540f610-3e10-432c-b2f0-182755956b86"
          ]
        }
      ],
      "Page": 1
    },
    {
      "BlockType": "CELL",
      "Confidence": 50.29296875,
      "RowIndex": 4,
      "ColumnIndex": 8,
      "RowSpan": 1,
      "ColumnSpan": 1,
      "Geometry": {
        "BoundingBox": {
          "Width": 0.09490841627120972,
          "Height": 0.04201884567737579,
          "Left": 0.7624825239181519,
          "Top": 0.547054648399353
        },
        "Polygon": [
          {
            "X": 0.7624825239181519,
            "Y": 0.5472884178161621
          },
          {
            "X": 0.8566312789916992,
            "Y": 0.547054648399353
          },
          {
            "X": 0.8573909401893616,
            "Y": 0.5888417959213257
          },
          {
            "X": 0.7631766200065613,
            "Y": 0.5890734791755676
          }
        ]
      },
      "Id": "40477c86-8ec7-44b4-89e2-591b4e1b6d47",
      "Relationships": [
        {
          "Type": "CHILD",
          "Ids": [
            "2b8c6b7e-abfe-47cc-839e-8b2884545e83"
          ]
        }
      ],
      "Page": 1
    },
    {
      "BlockType": "MERGED_CELL",
      "Confidence": 38.916015625,
      "RowIndex": 1,
      "ColumnIndex": 1,
      "RowSpan": 2,
      "ColumnSpan": 1,
      "Geometry": {
        "BoundingBox": {
          "Width": 0.09333396703004837,
          "Height": 0.10175003856420517,
          "Left": 0.14426158368587494,
          "Top": 0.413126677274704
        },
        "Polygon": [
          {
            "X": 0.14426158368587494,
            "Y": 0.41336360573768616
          },
          {
            "X": 0.23679634928703308,
            "Y": 0.413126677274704
          },
          {
            "X": 0.2375955581665039,
            "Y": 0.5146448016166687
          },
          {
            "X": 0.14490394294261932,
            "Y": 0.5148767232894897
          }
        ]
      },
      "Id": "ee2d4b8c-2ca1-4e41-b09e-12b640b51e64",
      "Relationships": [
        {
          "Type": "CHILD",
          "Ids": [
            "8087af59-9c38-4448-a1b8-6dac13711349",
            "f98e36df-f190-4b71-a5a2-1b02eb88fcf9"
          ]
        }
      ],
      "EntityTypes": [
        "COLUMN_HEADER"
      ],
      "Page": 1
    },
    {
      "BlockType": "MERGED_CELL",
      "Confidence": 50.9765625,
      "RowIndex": 1,
      "ColumnIndex": 2,
      "RowSpan": 1,
      "ColumnSpan": 2,
      "Geometry": {
        "BoundingBox": {
          "Width": 0.11056960374116898,
          "Height": 0.05162994563579559,
          "Left": 0.23679634928703308,
          "Top": 0.41284486651420593
        },
        "Polygon": [
          {
            "X": 0.23679634928703308,
            "Y": 0.413126677274704
          },
          {
            "X": 0.34686732292175293,
            "Y": 0.41284486651420593
          },
          {
            "X": 0.34736594557762146,
            "Y": 0.46419596672058105
          },
          {
            "X": 0.23720058798789978,
            "Y": 0.46447479724884033
          }
        ]
      },
      "Id": "9b3fc323-72d7-47ae-bf40-79677c15bf21",
      "Relationships": [
        {
          "Type": "CHILD",
          "Ids": [
            "13f82858-04b7-459b-b3d3-709281625dfa",
            "113ea0bd-7df0-4862-b2a5-074344a57169"
          ]
        }
      ],
      "EntityTypes": [
        "COLUMN_HEADER"
      ],
      "Page": 1
    }
  ],
  "AnalyzeDocumentModelVersion": "1.0"
}