{
  "DocumentMetadata": {
    "Pages": 1
  },
  "JobStatus": "SUCCEEDED",
  "Blocks": [
    {
      "BlockType": "PAGE",
      "Geometry": {
        "BoundingBox": {
          "Width": 1,
          "Height": 1,
          "Left": 0,
          "Top": 0
        },
        "Polygon": [
          {
            "X": 0,
            "Y": 0.000009300165402237326
          },
          {
            "X": 1,
            "Y": 0
          },
          {
            "X": 1,
            "Y": 1
          },
          {
            "X": 0.000011580024875001982,
            "Y": 1
          }
        ]
      },
      "Id": "5dd34f8d-67be-46e3-b743-01a186b12f1c",
      "Relationships": [
        {
          "Type": "CHILD",
          "Ids": [
            "67936273-700c-41a6-b750-f1c44e43b9a5",
            "d3e15f5d-3925-4cdc-8a7a-4ac8294dd7e8",
            "b2bd85f8-079c-417c-9ba7-deadb2fa9183",
            "2c280826-5b30-4d08-8419-0f8ee67cc3d0",
            "7dd45cf5-4a4b-4385-9d66-cbd5078d5895",
            "242151e7-82ff-4620-81d1-a4a40192ac50",
            "6ac50293-1055-4a4b-abf5-4edced76a4b3",
            "6f44816e-15fb-4367-8532-e25127e33634",
            "e5c720bb-0739-4221-985f-834f7ab74b0d",
            "265fa321-2136-4b07-bd3c-308a87174f4c",
            "7403d5b1-5050-4530-92bc-017309560567",
            "907c72a6-36d9-4ff4-ae79-a1ae7805189c",
            "dd8c8c05-eab5-4ed9-8370-82943a5cff0d"
          ]
        }
      ],
      "Page": 1
    },
    {
      "BlockType": "LINE",
      "Confidence": 98.88786315917969,
      "Text": "DGEBA/DEDA model compound",
      "Geometry": {
        "BoundingBox": {
          "Width": 0.23430423438549042,
          "Height": 0.02866235189139843,
          "Left": 0.22958718240261078,
          "Top": 0.429841011762619
        },
        "Polygon": [
          {
            "X": 0.22958718240261078,
            "Y": 0.4300742745399475
          },
          {
            "X": 0.46355414390563965,
            "Y": 0.429841011762619
          },
          {
            "X": 0.4638914167881012,
            "Y": 0.45827680826187134
          },
          {
            "X": 0.22984810173511505,
            "Y": 0.4585033655166626
          }
        ]
      },
      "Id": "67936273-700c-41a6-b750-f1c44e43b9a5",
      "Relationships": [
        {
          "Type": "CHILD",
          "Ids": [
            "b90cd85c-d4ba-4b49-8f4a-e15b4f4eb065",
            "93dab3aa-cc21-4fce-9c8a-463b8d2bf512",
            "b400cf83-1f9c-4994-94b1-19afb2f71501"
          ]
        }
      ],
      "Page": 1
    },
    {
      "BlockType": "LINE",
      "Confidence": 99.86016082763672,
      "Text": "a Scission",
      "Geometry": {
        "BoundingBox": {
          "Width": 0.07062897831201553,
          "Height": 0.02177516743540764,
          "Left": 0.5318943858146667,
          "Top": 0.43101856112480164
        },
        "Polygon": [
          {
            "X": 0.5318943858146667,
            "Y": 0.4310885965824127
          },
          {
            "X": 0.6022313833236694,
            "Y": 0.43101856112480164
          },
          {
            "X": 0.6025233864784241,
            "Y": 0.45272526144981384
          },
          {
            "X": 0.5321688652038574,
            "Y": 0.45279374718666077
          }
        ]
      },
      "Id": "d3e15f5d-3925-4cdc-8a7a-4ac8294dd7e8",
      "Relationships": [
        {
          "Type": "CHILD",
          "Ids": [
            "789bf86e-3208-4e6e-a421-1da631a5ee9c",
            "07174aba-0428-43f6-b062-80069ad06b97"
          ]
        }
      ],
      "Page": 1
    },
    {
      "BlockType": "LINE",
      "Confidence": 98.25028991699219,
      "Text": "d Scission",
      "Geometry": {
        "BoundingBox": {
          "Width": 0.07120644301176071,
          "Height": 0.02373472973704338,
          "Left": 0.6817119717597961,
          "Top": 0.4293755292892456
        },
        "Polygon": [
          {
            "X": 0.6817119717597961,
            "Y": 0.42944616079330444
          },
          {
            "X": 0.7525593042373657,
            "Y": 0.4293755292892456
          },
          {
            "X": 0.7529184222221375,
            "Y": 0.45304128527641296
          },
          {
            "X": 0.6820518970489502,
            "Y": 0.4531102478504181
          }
        ]
      },
      "Id": "b2bd85f8-079c-417c-9ba7-deadb2fa9183",
      "Relationships": [
        {
          "Type": "CHILD",
          "Ids": [
            "00d2bac4-8b73-4359-893c-ac06c8486444",
            "c2001f7e-5f0c-493f-8978-942c08594cae"
          ]
        }
      ],
      "Page": 1
    },
    {
      "BlockType": "LINE",
      "Confidence": 99.9315414428711,
      "Text": "Unfilled",
      "Geometry": {
        "BoundingBox": {
          "Width": 0.055986274033784866,
          "Height": 0.022927284240722656,
          "Left": 0.23000362515449524,
          "Top": 0.48187965154647827
        },
        "Polygon": [
          {
            "X": 0.23000362515449524,
            "Y": 0.48193228244781494
          },
          {
            "X": 0.2857653498649597,
            "Y": 0.48187965154647827
          },
          {
            "X": 0.285989910364151,
            "Y": 0.5047555565834045
          },
          {
            "X": 0.23021355271339417,
            "Y": 0.5048069357872009
          }
        ]
      },
      "Id": "2c280826-5b30-4d08-8419-0f8ee67cc3d0",
      "Relationships": [
        {
          "Type": "CHILD",
          "Ids": [
            "e9264a19-6cc8-4df6-978f-3d498864be99"
          ]
        }
      ],
      "Page": 1
    },
    {
      "BlockType": "LINE",
      "Confidence": 64.12692260742188,
      "Text": "2.11 x 10-7",
      "Geometry": {
        "BoundingBox": {
          "Width": 0.08350981771945953,
          "Height": 0.029342500492930412,
          "Left": 0.5316864252090454,
          "Top": 0.4749651849269867
        },
        "Polygon": [
          {
            "X": 0.5316864252090454,
            "Y": 0.47504422068595886
          },
          {
            "X": 0.6147985458374023,
            "Y": 0.4749651849269867
          },
          {
            "X": 0.6151962280273438,
            "Y": 0.5042310953140259
          },
          {
            "X": 0.5320561528205872,
            "Y": 0.5043076872825623
          }
        ]
      },
      "Id": "7dd45cf5-4a4b-4385-9d66-cbd5078d5895",
      "Relationships": [
        {
          "Type": "CHILD",
          "Ids": [
            "f3b57977-1d93-4243-9cb2-82cfaa6149c0"
          ]
        }
      ],
      "Page": 1
    },
    {
      "BlockType": "LINE",
      "Confidence": 25.09678077697754,
      "Text": "1.34 x 10-2",
      "Geometry": {
        "BoundingBox": {
          "Width": 0.07925979793071747,
          "Height": 0.02937861904501915,
          "Left": 0.6838458776473999,
          "Top": 0.47507715225219727
        },
        "Polygon": [
          {
            "X": 0.6838458776473999,
            "Y": 0.47515207529067993
          },
          {
            "X": 0.7626578211784363,
            "Y": 0.47507715225219727
          },
          {
            "X": 0.7631056904792786,
            "Y": 0.5043832063674927
          },
          {
            "X": 0.6842672824859619,
            "Y": 0.5044557452201843
          }
        ]
      },
      "Id": "242151e7-82ff-4620-81d1-a4a40192ac50",
      "Relationships": [
        {
          "Type": "CHILD",
          "Ids": [
            "48de317f-0c8f-4aff-b1b9-a94ad2fbb442"
          ]
        }
      ],
      "Page": 1
    },
    {
      "BlockType": "LINE",
      "Confidence": 99.62834930419922,
      "Text": "Pure nanometric silica filled",
      "Geometry": {
        "BoundingBox": {
          "Width": 0.1968953013420105,
          "Height": 0.02294844388961792,
          "Left": 0.2283342033624649,
          "Top": 0.5192081332206726
        },
        "Polygon": [
          {
            "X": 0.2283342033624649,
            "Y": 0.5193862318992615
          },
          {
            "X": 0.42496973276138306,
            "Y": 0.5192081332206726
          },
          {
            "X": 0.4252295196056366,
            "Y": 0.5419830083847046
          },
          {
            "X": 0.22854264080524445,
            "Y": 0.5421565771102905
          }
        ]
      },
      "Id": "6ac50293-1055-4a4b-abf5-4edced76a4b3",
      "Relationships": [
        {
          "Type": "CHILD",
          "Ids": [
            "0b1d4306-4eb7-4732-92ea-3543e464e255",
            "53ff0bfd-e8f9-45b4-9532-55d7ad8e031e",
            "3ed44b4e-aed3-459a-a9ec-e814e4dcc7f0",
            "dcb3d3e0-2a68-492e-b691-17b5c53612b0"
          ]
        }
      ],
      "Page": 1
    },
    {
      "BlockType": "LINE",
      "Confidence": 87.57730102539062,
      "Text": "1.55 X 10-7",
      "Geometry": {
        "BoundingBox": {
          "Width": 0.08133164793252945,
          "Height": 0.029171761125326157,
          "Left": 0.533261775970459,
          "Top": 0.5128155946731567
        },
        "Polygon": [
          {
            "X": 0.533261775970459,
            "Y": 0.5128894448280334
          },
          {
            "X": 0.6141983270645142,
            "Y": 0.5128155946731567
          },
          {
            "X": 0.6145933866500854,
            "Y": 0.5419159531593323
          },
          {
            "X": 0.5336297750473022,
            "Y": 0.5419873595237732
          }
        ]
      },
      "Id": "6f44816e-15fb-4367-8532-e25127e33634",
      "Relationships": [
        {
          "Type": "CHILD",
          "Ids": [
            "6581ec42-4aab-4fce-b9b1-ea741619bb23",
            "c12f6ea0-5646-4313-a601-c5684c54295c",
            "6ace940e-1924-4f6d-9575-46719e01cbd7"
          ]
        }
      ],
      "Page": 1
    },
    {
      "BlockType": "LINE",
      "Confidence": 36.25801086425781,
      "Text": "5.34 x 10",
      "Geometry": {
        "BoundingBox": {
          "Width": 0.072397381067276,
          "Height": 0.024396639317274094,
          "Left": 0.6826632618904114,
          "Top": 0.5178646445274353
        },
        "Polygon": [
          {
            "X": 0.6826632618904114,
            "Y": 0.5179299712181091
          },
          {
            "X": 0.7546911835670471,
            "Y": 0.5178646445274353
          },
          {
            "X": 0.7550606727600098,
            "Y": 0.5421977639198303
          },
          {
            "X": 0.6830126643180847,
            "Y": 0.5422613024711609
          }
        ]
      },
      "Id": "e5c720bb-0739-4221-985f-834f7ab74b0d",
      "Relationships": [
        {
          "Type": "CHILD",
          "Ids": [
            "1f887bd3-47d5-4769-af85-bbc6798ac73b"
          ]
        }
      ],
      "Page": 1
    },
    {
      "BlockType": "LINE",
      "Confidence": 99.75885009765625,
      "Text": "Treated nanometric silica filled",
      "Geometry": {
        "BoundingBox": {
          "Width": 0.2162887006998062,
          "Height": 0.022425614297389984,
          "Left": 0.22947227954864502,
          "Top": 0.555985152721405
        },
        "Polygon": [
          {
            "X": 0.22947227954864502,
            "Y": 0.5561727285385132
          },
          {
            "X": 0.4455021321773529,
            "Y": 0.555985152721405
          },
          {
            "X": 0.44576096534729004,
            "Y": 0.5782280564308167
          },
          {
            "X": 0.2296760529279709,
            "Y": 0.578410804271698
          }
        ]
      },
      "Id": "265fa321-2136-4b07-bd3c-308a87174f4c",
      "Relationships": [
        {
          "Type": "CHILD",
          "Ids": [
            "49facc45-5e3d-4c3e-bde3-b17c742b1dd1",
            "8a91cbd8-67bb-40b8-b304-52fbd9e3bd73",
            "bba91039-aef1-47a7-ae53-68d7be45a961",
            "d229bd92-ee6e-47f7-980d-5105685d78b5"
          ]
        }
      ],
      "Page": 1
    },
    {
      "BlockType": "LINE",
      "Confidence": 87.87268829345703,
      "Text": "1.72 X 10-7",
      "Geometry": {
        "BoundingBox": {
          "Width": 0.08077642321586609,
          "Height": 0.029198642820119858,
          "Left": 0.5334312319755554,
          "Top": 0.5493327379226685
        },
        "Polygon": [
          {
            "X": 0.5334312319755554,
            "Y": 0.5494030714035034
          },
          {
            "X": 0.6138125061988831,
            "Y": 0.5493327379226685
          },
          {
            "X": 0.6142076849937439,
            "Y": 0.5784634351730347
          },
          {
            "X": 0.5337995886802673,
            "Y": 0.5785313844680786
          }
        ]
      },
      "Id": "7403d5b1-5050-4530-92bc-017309560567",
      "Relationships": [
        {
          "Type": "CHILD",
          "Ids": [
            "27639c63-148f-4f5d-9bd8-deab144ab776",
            "b57892f4-01f6-424c-896a-d0132e2be0bd",
            "3dbf8675-5abe-4f8b-bf6b-3780d0d1ef78"
          ]
        }
      ],
      "Page": 1
    },
    {
      "BlockType": "LINE",
      "Confidence": 89.01470947265625,
      "Text": "9.29 X 10-",
      "Geometry": {
        "BoundingBox": {
          "Width": 0.07767660170793533,
          "Height": 0.025818314403295517,
          "Left": 0.6825995445251465,
          "Top": 0.5537619590759277
        },
        "Polygon": [
          {
            "X": 0.6825995445251465,
            "Y": 0.5538291931152344
          },
          {
            "X": 0.7598837614059448,
            "Y": 0.5537619590759277
          },
          {
            "X": 0.7602761387825012,
            "Y": 0.5795149803161621
          },
          {
            "X": 0.6829691529273987,
            "Y": 0.5795802474021912
          }
        ]
      },
      "Id": "907c72a6-36d9-4ff4-ae79-a1ae7805189c",
      "Relationships": [
        {
          "Type": "CHILD",
          "Ids": [
            "e247b0c6-c620-44a8-89f3-e85c4dee99bf",
            "75312317-f47f-45d9-9f79-59af227db923",
            "d0ea132a-0486-4813-acc7-f3f89e7b1077"
          ]
        }
      ],
      "Page": 1
    },
    {
      "BlockType": "WORD",
      "Confidence": 96.99894714355469,
      "Text": "DGEBA/DEDA",
      "TextType": "PRINTED",
      "Geometry": {
        "BoundingBox": {
          "Width": 0.10972364246845245,
          "Height": 0.022097164765000343,
          "Left": 0.22958718240261078,
          "Top": 0.4299651086330414
        },
        "Polygon": [
          {
            "X": 0.22958718240261078,
            "Y": 0.4300742745399475
          },
          {
            "X": 0.33908140659332275,
            "Y": 0.4299651086330414
          },
          {
            "X": 0.33931082487106323,
            "Y": 0.45195555686950684
          },
          {
            "X": 0.22978898882865906,
            "Y": 0.4520622789859772
          }
        ]
      },
      "Id": "b90cd85c-d4ba-4b49-8f4a-e15b4f4eb065",
      "Page": 1
    },
    {
      "BlockType": "WORD",
      "Confidence": 99.87236022949219,
      "Text": "model",
      "TextType": "PRINTED",
      "Geometry": {
        "BoundingBox": {
          "Width": 0.0428442619740963,
          "Height": 0.020450057461857796,
          "Left": 0.34376588463783264,
          "Top": 0.43143144249916077
        },
        "Polygon": [
          {
            "X": 0.34376588463783264,
            "Y": 0.43147388100624084
          },
          {
            "X": 0.3863861560821533,
            "Y": 0.43143144249916077
          },
          {
            "X": 0.38661015033721924,
            "Y": 0.45183995366096497
          },
          {
            "X": 0.3439798951148987,
            "Y": 0.4518814980983734
          }
        ]
      },
      "Id": "93dab3aa-cc21-4fce-9c8a-463b8d2bf512",
      "Page": 1
    },
    {
      "BlockType": "WORD",
      "Confidence": 99.79228210449219,
      "Text": "compound",
      "TextType": "PRINTED",
      "Geometry": {
        "BoundingBox": {
          "Width": 0.07155349850654602,
          "Height": 0.028105974197387695,
          "Left": 0.3923379182815552,
          "Top": 0.43023979663848877
        },
        "Polygon": [
          {
            "X": 0.3923379182815552,
            "Y": 0.43031078577041626
          },
          {
            "X": 0.4635588824748993,
            "Y": 0.43023979663848877
          },
          {
            "X": 0.4638914167881012,
            "Y": 0.45827680826187134
          },
          {
            "X": 0.39264753460884094,
            "Y": 0.45834577083587646
          }
        ]
      },
      "Id": "b400cf83-1f9c-4994-94b1-19afb2f71501",
      "Page": 1
    },
    {
      "BlockType": "WORD",
      "Confidence": 99.8437271118164,
      "Text": "a",
      "TextType": "PRINTED",
      "Geometry": {
        "BoundingBox": {
          "Width": 0.008918858133256435,
          "Height": 0.015616005286574364,
          "Left": 0.5319604873657227,
          "Top": 0.4363083839416504
        },
        "Polygon": [
          {
            "X": 0.5319604873657227,
            "Y": 0.4363170266151428
          },
          {
            "X": 0.540680468082428,
            "Y": 0.4363083839416504
          },
          {
            "X": 0.5408793687820435,
            "Y": 0.4519158899784088
          },
          {
            "X": 0.532157838344574,
            "Y": 0.4519243836402893
          }
        ]
      },
      "Id": "789bf86e-3208-4e6e-a421-1da631a5ee9c",
      "Page": 1
    },
    {
      "BlockType": "WORD",
      "Confidence": 99.8765869140625,
      "Text": "Scission",
      "TextType": "PRINTED",
      "Geometry": {
        "BoundingBox": {
          "Width": 0.056231457740068436,
          "Height": 0.021761147305369377,
          "Left": 0.5462918877601624,
          "Top": 0.43101856112480164
        },
        "Polygon": [
          {
            "X": 0.5462918877601624,
            "Y": 0.43107426166534424
          },
          {
            "X": 0.6022313833236694,
            "Y": 0.43101856112480164
          },
          {
            "X": 0.6025233864784241,
            "Y": 0.45272526144981384
          },
          {
            "X": 0.5465699434280396,
            "Y": 0.45277971029281616
          }
        ]
      },
      "Id": "07174aba-0428-43f6-b062-80069ad06b97",
      "Page": 1
    },
    {
      "BlockType": "WORD",
      "Confidence": 96.60203552246094,
      "Text": "d",
      "TextType": "PRINTED",
      "Geometry": {
        "BoundingBox": {
          "Width": 0.010016012005507946,
          "Height": 0.022226445376873016,
          "Left": 0.6817119717597961,
          "Top": 0.42943650484085083
        },
        "Polygon": [
          {
            "X": 0.6817119717597961,
            "Y": 0.42944616079330444
          },
          {
            "X": 0.6914064288139343,
            "Y": 0.42943650484085083
          },
          {
            "X": 0.6917279958724976,
            "Y": 0.45165351033210754
          },
          {
            "X": 0.6820310950279236,
            "Y": 0.45166295766830444
          }
        ]
      },
      "Id": "00d2bac4-8b73-4359-893c-ac06c8486444",
      "Page": 1
    },
    {
      "BlockType": "WORD",
      "Confidence": 99.89855194091797,
      "Text": "Scission",
      "TextType": "PRINTED",
      "Geometry": {
        "BoundingBox": {
          "Width": 0.05596112832427025,
          "Height": 0.022220095619559288,
          "Left": 0.6969572901725769,
          "Top": 0.43087533116340637
        },
        "Polygon": [
          {
            "X": 0.6969572901725769,
            "Y": 0.4309307336807251
          },
          {
            "X": 0.7525820732116699,
            "Y": 0.43087533116340637
          },
          {
            "X": 0.7529184222221375,
            "Y": 0.45304128527641296
          },
          {
            "X": 0.6972795128822327,
            "Y": 0.4530954360961914
          }
        ]
      },
      "Id": "c2001f7e-5f0c-493f-8978-942c08594cae",
      "Page": 1
    },
    {
      "BlockType": "WORD",
      "Confidence": 99.9315414428711,
      "Text": "Unfilled",
      "TextType": "PRINTED",
      "Geometry": {
        "BoundingBox": {
          "Width": 0.055986274033784866,
          "Height": 0.022927284240722656,
          "Left": 0.23000362515449524,
          "Top": 0.48187965154647827
        },
        "Polygon": [
          {
            "X": 0.23000362515449524,
            "Y": 0.48193228244781494
          },
          {
            "X": 0.2857653498649597,
            "Y": 0.48187965154647827
          },
          {
            "X": 0.285989910364151,
            "Y": 0.5047555565834045
          },
          {
            "X": 0.23021355271339417,
            "Y": 0.5048069357872009
          }
        ]
      },
      "Id": "e9264a19-6cc8-4df6-978f-3d498864be99",
      "Page": 1
    },
    {
      "BlockType": "WORD",
      "Confidence": 64.12692260742188,
      "Text": "2.11 x 10-7",
      "TextType": "PRINTED",
      "Geometry": {
        "BoundingBox": {
          "Width": 0.08350981771945953,
          "Height": 0.029342500492930412,
          "Left": 0.5316864252090454,
          "Top": 0.4749651849269867
        },
        "Polygon": [
          {
            "X": 0.5316864252090454,
            "Y": 0.47504422068595886
          },
          {
            "X": 0.6147985458374023,
            "Y": 0.4749651849269867
          },
          {
            "X": 0.6151962280273438,
            "Y": 0.5042310953140259
          },
          {
            "X": 0.5320561528205872,
            "Y": 0.5043076872825623
          }
        ]
      },
      "Id": "f3b57977-1d93-4243-9cb2-82cfaa6149c0",
      "Page": 1
    },
    {
      "BlockType": "WORD",
      "Confidence": 25.09678077697754,
      "Text": "1.34 x 10-2",
      "TextType": "PRINTED",
      "Geometry": {
        "BoundingBox": {
          "Width": 0.07925979793071747,
          "Height": 0.02937861904501915,
          "Left": 0.6838458776473999,
          "Top": 0.47507715225219727
        },
        "Polygon": [
          {
            "X": 0.6838458776473999,
            "Y": 0.47515207529067993
          },
          {
            "X": 0.7626578211784363,
            "Y": 0.47507715225219727
          },
          {
            "X": 0.7631056904792786,
            "Y": 0.5043832063674927
          },
          {
            "X": 0.6842672824859619,
            "Y": 0.5044557452201843
          }
        ]
      },
      "Id": "48de317f-0c8f-4aff-b1b9-a94ad2fbb442",
      "Page": 1
    },
    {
      "BlockType": "WORD",
      "Confidence": 99.37985229492188,
      "Text": "Pure",
      "TextType": "PRINTED",
      "Geometry": {
        "BoundingBox": {
          "Width": 0.03300536796450615,
          "Height": 0.022239232435822487,
          "Left": 0.2283342033624649,
          "Top": 0.5193565487861633
        },
        "Polygon": [
          {
            "X": 0.2283342033624649,
            "Y": 0.5193862318992615
          },
          {
            "X": 0.26112791895866394,
            "Y": 0.5193565487861633
          },
          {
            "X": 0.26133957505226135,
            "Y": 0.541566789150238
          },
          {
            "X": 0.22853751480579376,
            "Y": 0.5415957570075989
          }
        ]
      },
      "Id": "0b1d4306-4eb7-4732-92ea-3543e464e255",
      "Page": 1
    },
    {
      "BlockType": "WORD",
      "Confidence": 99.36295318603516,
      "Text": "nanometric",
      "TextType": "PRINTED",
      "Geometry": {
        "BoundingBox": {
          "Width": 0.0764971673488617,
          "Height": 0.022167613729834557,
          "Left": 0.2666587233543396,
          "Top": 0.5196518301963806
        },
        "Polygon": [
          {
            "X": 0.2666587233543396,
            "Y": 0.5197208523750305
          },
          {
            "X": 0.342924565076828,
            "Y": 0.5196518301963806
          },
          {
            "X": 0.3431558907032013,
            "Y": 0.5417520999908447
          },
          {
            "X": 0.2668707072734833,
            "Y": 0.5418194532394409
          }
        ]
      },
      "Id": "53ff0bfd-e8f9-45b4-9532-55d7ad8e031e",
      "Page": 1
    },
    {
      "BlockType": "WORD",
      "Confidence": 99.8027114868164,
      "Text": "silica",
      "TextType": "PRINTED",
      "Geometry": {
        "BoundingBox": {
          "Width": 0.03533095121383667,
          "Height": 0.020710980519652367,
          "Left": 0.34940704703330994,
          "Top": 0.5212383270263672
        },
        "Polygon": [
          {
            "X": 0.34940704703330994,
            "Y": 0.5212700963020325
          },
          {
            "X": 0.38451170921325684,
            "Y": 0.5212383270263672
          },
          {
            "X": 0.3847379982471466,
            "Y": 0.5419183373451233
          },
          {
            "X": 0.34962502121925354,
            "Y": 0.5419493317604065
          }
        ]
      },
      "Id": "3ed44b4e-aed3-459a-a9ec-e814e4dcc7f0",
      "Page": 1
    },
    {
      "BlockType": "WORD",
      "Confidence": 99.9678726196289,
      "Text": "filled",
      "TextType": "PRINTED",
      "Geometry": {
        "BoundingBox": {
          "Width": 0.03454851359128952,
          "Height": 0.022203898057341576,
          "Left": 0.3906809985637665,
          "Top": 0.519809365272522
        },
        "Polygon": [
          {
            "X": 0.3906809985637665,
            "Y": 0.51984041929245
          },
          {
            "X": 0.4249765872955322,
            "Y": 0.519809365272522
          },
          {
            "X": 0.4252295196056366,
            "Y": 0.5419830083847046
          },
          {
            "X": 0.39092519879341125,
            "Y": 0.5420132875442505
          }
        ]
      },
      "Id": "dcb3d3e0-2a68-492e-b691-17b5c53612b0",
      "Page": 1
    },
    {
      "BlockType": "WORD",
      "Confidence": 96.787109375,
      "Text": "1.55",
      "TextType": "PRINTED",
      "Geometry": {
        "BoundingBox": {
          "Width": 0.028185095638036728,
          "Height": 0.022221699357032776,
          "Left": 0.5333490371704102,
          "Top": 0.5197656750679016
        },
        "Polygon": [
          {
            "X": 0.5333490371704102,
            "Y": 0.5197909474372864
          },
          {
            "X": 0.5612462759017944,
            "Y": 0.5197656750679016
          },
          {
            "X": 0.5615341663360596,
            "Y": 0.541962742805481
          },
          {
            "X": 0.5336297750473022,
            "Y": 0.5419873595237732
          }
        ]
      },
      "Id": "6581ec42-4aab-4fce-b9b1-ea741619bb23",
      "Page": 1
    },
    {
      "BlockType": "WORD",
      "Confidence": 69.13268280029297,
      "Text": "X",
      "TextType": "PRINTED",
      "Geometry": {
        "BoundingBox": {
          "Width": 0.009883688762784004,
          "Height": 0.01573711261153221,
          "Left": 0.5666806101799011,
          "Top": 0.5256810784339905
        },
        "Polygon": [
          {
            "X": 0.5666806101799011,
            "Y": 0.5256897807121277
          },
          {
            "X": 0.5763576626777649,
            "Y": 0.5256810784339905
          },
          {
            "X": 0.5765643119812012,
            "Y": 0.5414096713066101
          },
          {
            "X": 0.5668855309486389,
            "Y": 0.541418194770813
          }
        ]
      },
      "Id": "c12f6ea0-5646-4313-a601-c5684c54295c",
      "Page": 1
    },
    {
      "BlockType": "WORD",
      "Confidence": 96.81210327148438,
      "Text": "10-7",
      "TextType": "PRINTED",
      "Geometry": {
        "BoundingBox": {
          "Width": 0.03134015575051308,
          "Height": 0.027882147580385208,
          "Left": 0.5832363367080688,
          "Top": 0.5128155946731567
        },
        "Polygon": [
          {
            "X": 0.5832363367080688,
            "Y": 0.5128438472747803
          },
          {
            "X": 0.6141983270645142,
            "Y": 0.5128155946731567
          },
          {
            "X": 0.614576518535614,
            "Y": 0.5406703948974609
          },
          {
            "X": 0.5836045742034912,
            "Y": 0.5406977534294128
          }
        ]
      },
      "Id": "6ace940e-1924-4f6d-9575-46719e01cbd7",
      "Page": 1
    },
    {
      "BlockType": "WORD",
      "Confidence": 36.25801086425781,
      "Text": "5.34 x 10",
      "TextType": "PRINTED",
      "Geometry": {
        "BoundingBox": {
          "Width": 0.072397381067276,
          "Height": 0.024396639317274094,
          "Left": 0.6826632618904114,
          "Top": 0.5178646445274353
        },
        "Polygon": [
          {
            "X": 0.6826632618904114,
            "Y": 0.5179299712181091
          },
          {
            "X": 0.7546911835670471,
            "Y": 0.5178646445274353
          },
          {
            "X": 0.7550606727600098,
            "Y": 0.5421977639198303
          },
          {
            "X": 0.6830126643180847,
            "Y": 0.5422613024711609
          }
        ]
      },
      "Id": "1f887bd3-47d5-4769-af85-bbc6798ac73b",
      "Page": 1
    },
    {
      "BlockType": "WORD",
      "Confidence": 99.95976257324219,
      "Text": "Treated",
      "TextType": "PRINTED",
      "Geometry": {
        "BoundingBox": {
          "Width": 0.052252329885959625,
          "Height": 0.022283226251602173,
          "Left": 0.22947227954864502,
          "Top": 0.5561275482177734
        },
        "Polygon": [
          {
            "X": 0.22947227954864502,
            "Y": 0.5561727285385132
          },
          {
            "X": 0.28150758147239685,
            "Y": 0.5561275482177734
          },
          {
            "X": 0.28172460198402405,
            "Y": 0.578366756439209
          },
          {
            "X": 0.2296760529279709,
            "Y": 0.578410804271698
          }
        ]
      },
      "Id": "49facc45-5e3d-4c3e-bde3-b17c742b1dd1",
      "Page": 1
    },
    {
      "BlockType": "WORD",
      "Confidence": 99.35169982910156,
      "Text": "nanometric",
      "TextType": "PRINTED",
      "Geometry": {
        "BoundingBox": {
          "Width": 0.0768720954656601,
          "Height": 0.021261511370539665,
          "Left": 0.2871397137641907,
          "Top": 0.5567114949226379
        },
        "Polygon": [
          {
            "X": 0.2871397137641907,
            "Y": 0.5567780137062073
          },
          {
            "X": 0.3637849688529968,
            "Y": 0.5567114949226379
          },
          {
            "X": 0.3640117943286896,
            "Y": 0.5779081583023071
          },
          {
            "X": 0.2873479127883911,
            "Y": 0.5779730081558228
          }
        ]
      },
      "Id": "8a91cbd8-67bb-40b8-b304-52fbd9e3bd73",
      "Page": 1
    },
    {
      "BlockType": "WORD",
      "Confidence": 99.75540161132812,
      "Text": "silica",
      "TextType": "PRINTED",
      "Geometry": {
        "BoundingBox": {
          "Width": 0.036036450415849686,
          "Height": 0.02136354334652424,
          "Left": 0.36956489086151123,
          "Top": 0.5565111637115479
        },
        "Polygon": [
          {
            "X": 0.36956489086151123,
            "Y": 0.5565422177314758
          },
          {
            "X": 0.40536290407180786,
            "Y": 0.5565111637115479
          },
          {
            "X": 0.4056013524532318,
            "Y": 0.5778443813323975
          },
          {
            "X": 0.3697946071624756,
            "Y": 0.5778747200965881
          }
        ]
      },
      "Id": "bba91039-aef1-47a7-ae53-68d7be45a961",
      "Page": 1
    },
    {
      "BlockType": "WORD",
      "Confidence": 99.96854400634766,
      "Text": "filled",
      "TextType": "PRINTED",
      "Geometry": {
        "BoundingBox": {
          "Width": 0.03454822674393654,
          "Height": 0.02183104306459427,
          "Left": 0.4112096130847931,
          "Top": 0.5561574697494507
        },
        "Polygon": [
          {
            "X": 0.4112096130847931,
            "Y": 0.5561872124671936
          },
          {
            "X": 0.4455041289329529,
            "Y": 0.5561574697494507
          },
          {
            "X": 0.44575783610343933,
            "Y": 0.5779594779014587
          },
          {
            "X": 0.4114547669887543,
            "Y": 0.5779885053634644
          }
        ]
      },
      "Id": "d229bd92-ee6e-47f7-980d-5105685d78b5",
      "Page": 1
    },
    {
      "BlockType": "WORD",
      "Confidence": 94.93553924560547,
      "Text": "1.72",
      "TextType": "PRINTED",
      "Geometry": {
        "BoundingBox": {
          "Width": 0.028361165896058083,
          "Height": 0.0223271194845438,
          "Left": 0.5335162878036499,
          "Top": 0.5561023950576782
        },
        "Polygon": [
          {
            "X": 0.5335162878036499,
            "Y": 0.5561267733573914
          },
          {
            "X": 0.5615882277488708,
            "Y": 0.5561023950576782
          },
          {
            "X": 0.561877429485321,
            "Y": 0.5784057974815369
          },
          {
            "X": 0.5337982773780823,
            "Y": 0.5784295201301575
          }
        ]
      },
      "Id": "27639c63-148f-4f5d-9bd8-deab144ab776",
      "Page": 1
    },
    {
      "BlockType": "WORD",
      "Confidence": 79.55722045898438,
      "Text": "X",
      "TextType": "PRINTED",
      "Geometry": {
        "BoundingBox": {
          "Width": 0.010166115127503872,
          "Height": 0.016004811972379684,
          "Left": 0.5666607022285461,
          "Top": 0.5616779327392578
        },
        "Polygon": [
          {
            "X": 0.5666607022285461,
            "Y": 0.5616865158081055
          },
          {
            "X": 0.5766167044639587,
            "Y": 0.5616779327392578
          },
          {
            "X": 0.576826810836792,
            "Y": 0.5776742696762085
          },
          {
            "X": 0.5668690204620361,
            "Y": 0.5776827335357666
          }
        ]
      },
      "Id": "b57892f4-01f6-424c-896a-d0132e2be0bd",
      "Page": 1
    },
    {
      "BlockType": "WORD",
      "Confidence": 89.12530517578125,
      "Text": "10-7",
      "TextType": "PRINTED",
      "Geometry": {
        "BoundingBox": {
          "Width": 0.031027745455503464,
          "Height": 0.029156582430005074,
          "Left": 0.5831799507141113,
          "Top": 0.5493327379226685
        },
        "Polygon": [
          {
            "X": 0.5831799507141113,
            "Y": 0.5493595600128174
          },
          {
            "X": 0.6138125061988831,
            "Y": 0.5493327379226685
          },
          {
            "X": 0.6142076849937439,
            "Y": 0.5784634351730347
          },
          {
            "X": 0.5835648775100708,
            "Y": 0.5784893035888672
          }
        ]
      },
      "Id": "3dbf8675-5abe-4f8b-bf6b-3780d0d1ef78",
      "Page": 1
    },
    {
      "BlockType": "WORD",
      "Confidence": 99.885498046875,
      "Text": "9.29",
      "TextType": "PRINTED",
      "Geometry": {
        "BoundingBox": {
          "Width": 0.029771586880087852,
          "Height": 0.02327355556190014,
          "Left": 0.682635486125946,
          "Top": 0.5563067197799683
        },
        "Polygon": [
          {
            "X": 0.682635486125946,
            "Y": 0.5563322305679321
          },
          {
            "X": 0.712065577507019,
            "Y": 0.5563067197799683
          },
          {
            "X": 0.7124070525169373,
            "Y": 0.5795553922653198
          },
          {
            "X": 0.6829691529273987,
            "Y": 0.5795802474021912
          }
        ]
      },
      "Id": "e247b0c6-c620-44a8-89f3-e85c4dee99bf",
      "Page": 1
    },
    {
      "BlockType": "WORD",
      "Confidence": 76.46151733398438,
      "Text": "X",
      "TextType": "PRINTED",
      "Geometry": {
        "BoundingBox": {
          "Width": 0.010165768675506115,
          "Height": 0.016120843589305878,
          "Left": 0.7169968485832214,
          "Top": 0.561506986618042
        },
        "Polygon": [
          {
            "X": 0.7169968485832214,
            "Y": 0.5615155100822449
          },
          {
            "X": 0.7269231677055359,
            "Y": 0.561506986618042
          },
          {
            "X": 0.7271625995635986,
            "Y": 0.5776194334030151
          },
          {
            "X": 0.7172344326972961,
            "Y": 0.5776278376579285
          }
        ]
      },
      "Id": "75312317-f47f-45d9-9f79-59af227db923",
      "Page": 1
    },
    {
      "BlockType": "WORD",
      "Confidence": 90.69711303710938,
      "Text": "10-",
      "TextType": "PRINTED",
      "Geometry": {
        "BoundingBox": {
          "Width": 0.026937779039144516,
          "Height": 0.02509189210832119,
          "Left": 0.7333279848098755,
          "Top": 0.5537619590759277
        },
        "Polygon": [
          {
            "X": 0.7333279848098755,
            "Y": 0.5537850260734558
          },
          {
            "X": 0.7598837614059448,
            "Y": 0.5537619590759277
          },
          {
            "X": 0.7602657675743103,
            "Y": 0.5788313746452332
          },
          {
            "X": 0.7337023019790649,
            "Y": 0.5788538455963135
          }
        ]
      },
      "Id": "d0ea132a-0486-4813-acc7-f3f89e7b1077",
      "Page": 1
    },
    {
      "BlockType": "TABLE",
      "Confidence": 99.951171875,
      "Geometry": {
        "BoundingBox": {
          "Width": 0.5421212911605835,
          "Height": 0.19186118245124817,
          "Left": 0.22806060314178467,
          "Top": 0.40470942854881287
        },
        "Polygon": [
          {
            "X": 0.22806060314178467,
            "Y": 0.40526068210601807
          },
          {
            "X": 0.7672440409660339,
            "Y": 0.40470942854881287
          },
          {
            "X": 0.7701818943023682,
            "Y": 0.5961237549781799
          },
          {
            "X": 0.22981354594230652,
            "Y": 0.596570611000061
          }
        ]
      },
      "Id": "dd8c8c05-eab5-4ed9-8370-82943a5cff0d",
      "Relationships": [
        {
          "Type": "CHILD",
          "Ids": [
            "361376ff-97b5-434d-9fde-675698383c6d",
            "66beaca4-9736-4f8f-82d7-0f67bd81ec13",
            "45cdb893-21b5-48b0-b559-dd857720086c",
            "01c29d2f-2c49-4385-a244-5e094c1b94bb",
            "ffe523ee-7aed-49c1-b9a1-f8ea629bfa19",
            "e81ba845-a785-47fc-b102-8d36cfa184c4",
            "791b6c90-8f0a-47c8-8dcc-4d18a68781c2",
            "216280cc-d582-4015-ac47-2b00c88a14d2",
            "116c8ecd-84a7-4366-8b5e-bf083d5bda4b",
            "765eab7e-cbdd-4606-a063-34616926bbff",
            "629c49e8-69ba-4f90-8235-e0119a468e2a",
            "8092c436-26d2-44b4-9c5d-02ff26850418",
            "46410313-b048-4b0e-ba5b-0011d8c93d19",
            "a828cd02-53f6-4d28-bd97-07e7ccbd6dd8",
            "91256901-be1c-4188-8355-f56bbd8638b1"
          ]
        },
        {
          "Type": "MERGED_CELL",
          "Ids": [
            "80e7c8bb-001e-413a-a67c-acaaeb80aa2e"
          ]
        }
      ],
      "EntityTypes": [
        "STRUCTURED_TABLE"
      ],
      "Page": 1
    },
    {
      "BlockType": "CELL",
      "Confidence": 37.060546875,
      "RowIndex": 1,
      "ColumnIndex": 1,
      "RowSpan": 1,
      "ColumnSpan": 1,
      "Geometry": {
        "BoundingBox": {
          "Width": 0.27077242732048035,
          "Height": 0.011000176891684532,
          "Left": 0.22777538001537323,
          "Top": 0.40494757890701294
        },
        "Polygon": [
          {
            "X": 0.22777538001537323,
            "Y": 0.4052242934703827
          },
          {
            "X": 0.4984162449836731,
            "Y": 0.40494757890701294
          },
          {
            "X": 0.4985477924346924,
            "Y": 0.41567397117614746
          },
          {
            "X": 0.22787360846996307,
            "Y": 0.4159477651119232
          }
        ]
      },
      "Id": "361376ff-97b5-434d-9fde-675698383c6d",
      "Page": 1
    },
    {
      "BlockType": "CELL",
      "Confidence": 37.060546875,
      "RowIndex": 1,
      "ColumnIndex": 2,
      "RowSpan": 1,
      "ColumnSpan": 1,
      "Geometry": {
        "BoundingBox": {
          "Width": 0.14811252057552338,
          "Height": 0.010877679102122784,
          "Left": 0.4984162449836731,
          "Top": 0.404796302318573
        },
        "Polygon": [
          {
            "X": 0.4984162449836731,
            "Y": 0.40494757890701294
          },
          {
            "X": 0.6463789939880371,
            "Y": 0.404796302318573
          },
          {
            "X": 0.6465287804603577,
            "Y": 0.41552430391311646
          },
          {
            "X": 0.4985477924346924,
            "Y": 0.41567397117614746
          }
        ]
      },
      "Id": "66beaca4-9736-4f8f-82d7-0f67bd81ec13",
      "Page": 1
    },
    {
      "BlockType": "CELL",
      "Confidence": 37.060546875,
      "RowIndex": 1,
      "ColumnIndex": 3,
      "RowSpan": 1,
      "ColumnSpan": 1,
      "Geometry": {
        "BoundingBox": {
          "Width": 0.12070341408252716,
          "Height": 0.010851242579519749,
          "Left": 0.6463789939880371,
          "Top": 0.4046730399131775
        },
        "Polygon": [
          {
            "X": 0.6463789939880371,
            "Y": 0.404796302318573
          },
          {
            "X": 0.7669177651405334,
            "Y": 0.4046730399131775
          },
          {
            "X": 0.7670823931694031,
            "Y": 0.415402352809906
          },
          {
            "X": 0.6465287804603577,
            "Y": 0.41552430391311646
          }
        ]
      },
      "Id": "45cdb893-21b5-48b0-b559-dd857720086c",
      "Page": 1
    },
    {
      "BlockType": "CELL",
      "Confidence": 43.75,
      "RowIndex": 2,
      "ColumnIndex": 1,
      "RowSpan": 1,
      "ColumnSpan": 1,
      "Geometry": {
        "BoundingBox": {
          "Width": 0.27104753255844116,
          "Height": 0.05393045023083687,
          "Left": 0.22815851867198944,
          "Top": 0.41567397117614746
        },
        "Polygon": [
          {
            "X": 0.22815851867198944,
            "Y": 0.41594746708869934
          },
          {
            "X": 0.4985477924346924,
            "Y": 0.41567397117614746
          },
          {
            "X": 0.4992060363292694,
            "Y": 0.4693455994129181
          },
          {
            "X": 0.22865016758441925,
            "Y": 0.4696044325828552
          }
        ]
      },
      "Id": "01c29d2f-2c49-4385-a244-5e094c1b94bb",
      "Relationships": [
        {
          "Type": "CHILD",
          "Ids": [
            "b90cd85c-d4ba-4b49-8f4a-e15b4f4eb065",
            "93dab3aa-cc21-4fce-9c8a-463b8d2bf512",
            "b400cf83-1f9c-4994-94b1-19afb2f71501"
          ]
        }
      ],
      "EntityTypes": [
        "COLUMN_HEADER"
      ],
      "Page": 1
    },
    {
      "BlockType": "CELL",
      "Confidence": 41.650390625,
      "RowIndex": 2,
      "ColumnIndex": 2,
      "RowSpan": 1,
      "ColumnSpan": 1,
      "Geometry": {
        "BoundingBox": {
          "Width": 0.14873042702674866,
          "Height": 0.053821295499801636,
          "Left": 0.4985477924346924,
          "Top": 0.41552430391311646
        },
        "Polygon": [
          {
            "X": 0.4985477924346924,
            "Y": 0.41567397117614746
          },
          {
            "X": 0.6465287804603577,
            "Y": 0.41552430391311646
          },
          {
            "X": 0.6472782492637634,
            "Y": 0.4692039489746094
          },
          {
            "X": 0.4992060363292694,
            "Y": 0.4693455994129181
          }
        ]
      },
      "Id": "ffe523ee-7aed-49c1-b9a1-f8ea629bfa19",
      "Relationships": [
        {
          "Type": "CHILD",
          "Ids": [
            "789bf86e-3208-4e6e-a421-1da631a5ee9c",
            "07174aba-0428-43f6-b062-80069ad06b97"
          ]
        }
      ],
      "EntityTypes": [
        "COLUMN_HEADER"
      ],
      "Page": 1
    },
    {
      "BlockType": "CELL",
      "Confidence": 42.87109375,
      "RowIndex": 2,
      "ColumnIndex": 3,
      "RowSpan": 1,
      "ColumnSpan": 1,
      "Geometry": {
        "BoundingBox": {
          "Width": 0.1217033639550209,
          "Height": 0.05380190536379814,
          "Left": 0.6465287804603577,
          "Top": 0.41540202498435974
        },
        "Polygon": [
          {
            "X": 0.6465287804603577,
            "Y": 0.41552430391311646
          },
          {
            "X": 0.7674081325531006,
            "Y": 0.41540202498435974
          },
          {
            "X": 0.7682321667671204,
            "Y": 0.46908822655677795
          },
          {
            "X": 0.6472782492637634,
            "Y": 0.4692039489746094
          }
        ]
      },
      "Id": "e81ba845-a785-47fc-b102-8d36cfa184c4",
      "Relationships": [
        {
          "Type": "CHILD",
          "Ids": [
            "00d2bac4-8b73-4359-893c-ac06c8486444",
            "c2001f7e-5f0c-493f-8978-942c08594cae"
          ]
        }
      ],
      "EntityTypes": [
        "COLUMN_HEADER"
      ],
      "Page": 1
    },
    {
      "BlockType": "CELL",
      "Confidence": 90.185546875,
      "RowIndex": 3,
      "ColumnIndex": 1,
      "RowSpan": 1,
      "ColumnSpan": 1,
      "Geometry": {
        "BoundingBox": {
          "Width": 0.2710830569267273,
          "Height": 0.04323197528719902,
          "Left": 0.22865016758441925,
          "Top": 0.4693455994129181
        },
        "Polygon": [
          {
            "X": 0.22865016758441925,
            "Y": 0.4696044325828552
          },
          {
            "X": 0.4992060363292694,
            "Y": 0.4693455994129181
          },
          {
            "X": 0.49973320960998535,
            "Y": 0.5123304724693298
          },
          {
            "X": 0.22904393076896667,
            "Y": 0.5125775933265686
          }
        ]
      },
      "Id": "791b6c90-8f0a-47c8-8dcc-4d18a68781c2",
      "Relationships": [
        {
          "Type": "CHILD",
          "Ids": [
            "e9264a19-6cc8-4df6-978f-3d498864be99"
          ]
        }
      ],
      "Page": 1
    },
    {
      "BlockType": "CELL",
      "Confidence": 85.791015625,
      "RowIndex": 3,
      "ColumnIndex": 2,
      "RowSpan": 1,
      "ColumnSpan": 1,
      "Geometry": {
        "BoundingBox": {
          "Width": 0.148672416806221,
          "Height": 0.04312655329704285,
          "Left": 0.4992060363292694,
          "Top": 0.4692039489746094
        },
        "Polygon": [
          {
            "X": 0.4992060363292694,
            "Y": 0.4693455994129181
          },
          {
            "X": 0.6472782492637634,
            "Y": 0.4692039489746094
          },
          {
            "X": 0.6478784680366516,
            "Y": 0.5121952891349792
          },
          {
            "X": 0.49973320960998535,
            "Y": 0.5123304724693298
          }
        ]
      },
      "Id": "216280cc-d582-4015-ac47-2b00c88a14d2",
      "Relationships": [
        {
          "Type": "CHILD",
          "Ids": [
            "f3b57977-1d93-4243-9cb2-82cfaa6149c0"
          ]
        }
      ],
      "Page": 1
    },
    {
      "BlockType": "CELL",
      "Confidence": 88.330078125,
      "RowIndex": 3,
      "ColumnIndex": 3,
      "RowSpan": 1,
      "ColumnSpan": 1,
      "Geometry": {
        "BoundingBox": {
          "Width": 0.12161382287740707,
          "Height": 0.0431070402264595,
          "Left": 0.6472782492637634,
          "Top": 0.46908822655677795
        },
        "Polygon": [
          {
            "X": 0.6472782492637634,
            "Y": 0.4692039489746094
          },
          {
            "X": 0.7682321667671204,
            "Y": 0.46908822655677795
          },
          {
            "X": 0.7688920497894287,
            "Y": 0.5120847821235657
          },
          {
            "X": 0.6478784680366516,
            "Y": 0.5121952891349792
          }
        ]
      },
      "Id": "116c8ecd-84a7-4366-8b5e-bf083d5bda4b",
      "Relationships": [
        {
          "Type": "CHILD",
          "Ids": [
            "48de317f-0c8f-4aff-b1b9-a94ad2fbb442"
          ]
        }
      ],
      "Page": 1
    },
    {
      "BlockType": "CELL",
      "Confidence": 82.03125,
      "RowIndex": 4,
      "ColumnIndex": 1,
      "RowSpan": 1,
      "ColumnSpan": 1,
      "Geometry": {
        "BoundingBox": {
          "Width": 0.27115100622177124,
          "Height": 0.037883322685956955,
          "Left": 0.22904393076896667,
          "Top": 0.5123304724693298
        },
        "Polygon": [
          {
            "X": 0.22904393076896667,
            "Y": 0.5125775933265686
          },
          {
            "X": 0.49973320960998535,
            "Y": 0.5123304724693298
          },
          {
            "X": 0.5001949071884155,
            "Y": 0.5499770045280457
          },
          {
            "X": 0.2293887883424759,
            "Y": 0.5502138137817383
          }
        ]
      },
      "Id": "765eab7e-cbdd-4606-a063-34616926bbff",
      "Relationships": [
        {
          "Type": "CHILD",
          "Ids": [
            "0b1d4306-4eb7-4732-92ea-3543e464e255",
            "53ff0bfd-e8f9-45b4-9532-55d7ad8e031e",
            "3ed44b4e-aed3-459a-a9ec-e814e4dcc7f0",
            "dcb3d3e0-2a68-492e-b691-17b5c53612b0"
          ]
        }
      ],
      "Page": 1
    },
    {
      "BlockType": "CELL",
      "Confidence": 78.076171875,
      "RowIndex": 4,
      "ColumnIndex": 2,
      "RowSpan": 1,
      "ColumnSpan": 1,
      "Geometry": {
        "BoundingBox": {
          "Width": 0.14867092669010162,
          "Height": 0.03778177127242088,
          "Left": 0.49973320960998535,
          "Top": 0.5121952891349792
        },
        "Polygon": [
          {
            "X": 0.49973320960998535,
            "Y": 0.5123304724693298
          },
          {
            "X": 0.6478784680366516,
            "Y": 0.5121952891349792
          },
          {
            "X": 0.6484041213989258,
            "Y": 0.549847424030304
          },
          {
            "X": 0.5001949071884155,
            "Y": 0.5499770045280457
          }
        ]
      },
      "Id": "629c49e8-69ba-4f90-8235-e0119a468e2a",
      "Relationships": [
        {
          "Type": "CHILD",
          "Ids": [
            "6581ec42-4aab-4fce-b9b1-ea741619bb23",
            "c12f6ea0-5646-4313-a601-c5684c54295c",
            "6ace940e-1924-4f6d-9575-46719e01cbd7"
          ]
        }
      ],
      "Page": 1
    },
    {
      "BlockType": "CELL",
      "Confidence": 80.37109375,
      "RowIndex": 4,
      "ColumnIndex": 3,
      "RowSpan": 1,
      "ColumnSpan": 1,
      "Geometry": {
        "BoundingBox": {
          "Width": 0.12159156054258347,
          "Height": 0.03776264563202858,
          "Left": 0.6478784680366516,
          "Top": 0.5120847821235657
        },
        "Polygon": [
          {
            "X": 0.6478784680366516,
            "Y": 0.5121952891349792
          },
          {
            "X": 0.7688920497894287,
            "Y": 0.5120847821235657
          },
          {
            "X": 0.7694700360298157,
            "Y": 0.5497416257858276
          },
          {
            "X": 0.6484041213989258,
            "Y": 0.549847424030304
          }
        ]
      },
      "Id": "8092c436-26d2-44b4-9c5d-02ff26850418",
      "Relationships": [
        {
          "Type": "CHILD",
          "Ids": [
            "1f887bd3-47d5-4769-af85-bbc6798ac73b"
          ]
        }
      ],
      "Page": 1
    },
    {
      "BlockType": "CELL",
      "Confidence": 92.96875,
      "RowIndex": 5,
      "ColumnIndex": 1,
      "RowSpan": 1,
      "ColumnSpan": 1,
      "Geometry": {
        "BoundingBox": {
          "Width": 0.27137482166290283,
          "Height": 0.04659357666969299,
          "Left": 0.2293887883424759,
          "Top": 0.5499770045280457
        },
        "Polygon": [
          {
            "X": 0.2293887883424759,
            "Y": 0.5502138137817383
          },
          {
            "X": 0.5001949071884155,
            "Y": 0.5499770045280457
          },
          {
            "X": 0.5007635951042175,
            "Y": 0.5963465571403503
          },
          {
            "X": 0.22981354594230652,
            "Y": 0.596570611000061
          }
        ]
      },
      "Id": "46410313-b048-4b0e-ba5b-0011d8c93d19",
      "Relationships": [
        {
          "Type": "CHILD",
          "Ids": [
            "49facc45-5e3d-4c3e-bde3-b17c742b1dd1",
            "8a91cbd8-67bb-40b8-b304-52fbd9e3bd73",
            "bba91039-aef1-47a7-ae53-68d7be45a961",
            "d229bd92-ee6e-47f7-980d-5105685d78b5"
          ]
        }
      ],
      "Page": 1
    },
    {
      "BlockType": "CELL",
      "Confidence": 88.427734375,
      "RowIndex": 5,
      "ColumnIndex": 2,
      "RowSpan": 1,
      "ColumnSpan": 1,
      "Geometry": {
        "BoundingBox": {
          "Width": 0.14885671436786652,
          "Height": 0.046499088406562805,
          "Left": 0.5001949071884155,
          "Top": 0.549847424030304
        },
        "Polygon": [
          {
            "X": 0.5001949071884155,
            "Y": 0.5499770045280457
          },
          {
            "X": 0.6484041213989258,
            "Y": 0.549847424030304
          },
          {
            "X": 0.6490516066551208,
            "Y": 0.5962238907814026
          },
          {
            "X": 0.5007635951042175,
            "Y": 0.5963465571403503
          }
        ]
      },
      "Id": "a828cd02-53f6-4d28-bd97-07e7ccbd6dd8",
      "Relationships": [
        {
          "Type": "CHILD",
          "Ids": [
            "27639c63-148f-4f5d-9bd8-deab144ab776",
            "b57892f4-01f6-424c-896a-d0132e2be0bd",
            "3dbf8675-5abe-4f8b-bf6b-3780d0d1ef78"
          ]
        }
      ],
      "Page": 1
    },
    {
      "BlockType": "CELL",
      "Confidence": 91.064453125,
      "RowIndex": 5,
      "ColumnIndex": 3,
      "RowSpan": 1,
      "ColumnSpan": 1,
      "Geometry": {
        "BoundingBox": {
          "Width": 0.12177775055170059,
          "Height": 0.046482305973768234,
          "Left": 0.6484041213989258,
          "Top": 0.5497416257858276
        },
        "Polygon": [
          {
            "X": 0.6484041213989258,
            "Y": 0.549847424030304
          },
          {
            "X": 0.7694700360298157,
            "Y": 0.5497416257858276
          },
          {
            "X": 0.7701818943023682,
            "Y": 0.5961237549781799
          },
          {
            "X": 0.6490516066551208,
            "Y": 0.5962238907814026
          }
        ]
      },
      "Id": "91256901-be1c-4188-8355-f56bbd8638b1",
      "Relationships": [
        {
          "Type": "CHILD",
          "Ids": [
            "e247b0c6-c620-44a8-89f3-e85c4dee99bf",
            "75312317-f47f-45d9-9f79-59af227db923",
            "d0ea132a-0486-4813-acc7-f3f89e7b1077"
          ]
        }
      ],
      "Page": 1
    },
    {
      "BlockType": "MERGED_CELL",
      "Confidence": 37.060546875,
      "RowIndex": 1,
      "ColumnIndex": 1,
      "RowSpan": 1,
      "ColumnSpan": 3,
      "Geometry": {
        "BoundingBox": {
          "Width": 0.5393475294113159,
          "Height": 0.011238033883273602,
          "Left": 0.22806060314178467,
          "Top": 0.40470942854881287
        },
        "Polygon": [
          {
            "X": 0.22806060314178467,
            "Y": 0.40526068210601807
          },
          {
            "X": 0.7672440409660339,
            "Y": 0.40470942854881287
          },
          {
            "X": 0.7674081325531006,
            "Y": 0.41540202498435974
          },
          {
            "X": 0.22815851867198944,
            "Y": 0.41594746708869934
          }
        ]
      },
      "Id": "80e7c8bb-001e-413a-a67c-acaaeb80aa2e",
      "Relationships": [
        {
          "Type": "CHILD",
          "Ids": [
            "361376ff-97b5-434d-9fde-675698383c6d",
            "66beaca4-9736-4f8f-82d7-0f67bd81ec13",
            "45cdb893-21b5-48b0-b559-dd857720086c"
          ]
        }
      ],
      "Page": 1
    }
  ],
  "AnalyzeDocumentModelVersion": "1.0"
}