"'Material","'Compositions (batch number)","'Procedures",
"'Variolink N with Syntac and Heliobond (Ivoclar Vivadent, Schaan, Liechtenstein)","'Etchant: 37% phosphoric acid (M51589) Syntac Primer: 4% maleic acid, TEGDMA, PEGDMA, water, acetone (N05610) Syntac Adhesive: PEGDMA, glutaraldehyde, water (N04087) Heliobond: Bis-GMA, UDMA, TEGDMA (N01057) Variolink N Base: Bis-GMA, UDMA, TEGDMA, fillers, ytterbium trifluoride, stabilisers, pigments (N01556) Variolink N Catalyst: Bis-GMA, UDMA, TEGDMA, fillers, ytterbium trifluoride, stabilisers, pigments, benzoyl peroxide (N01548)","'Apply etchant 15 s; rinse 10 s leaving dentine surface visibly moist; apply Syntac Primer 15 S with light scrubbing action; air dry; apply Syntac Adhesive 10 s; air dry; apply Heliobond and blow to a thin layer; mix Variolink N Base and Catalyst for 10 S and apply o composite surface; lute composite block; light-cure 20 S from each sid",
"'Panavia F2.0 with ED Primer II (Kuraray Medical, Okayama, Japan)","'ED Primer II Liquid A: 10-MDP, 5-NMSA, HEMA, water, accelerator (00284A) ED Primer II Liquid B: 5-NMSA, water, sodium benzene (00158B) Panavia F2.0 Paste A: 10-MDP, 5-NMSA, dimethacrylates, silica, initiator (00437A) Panavia F2.0 Paste B: dimethacrylates, barium glass, sodium fluoride, benzoyl peroxide (00225A)","'Mix one drop of each ED Primer II Liquid A and B; apply 30 s; air dry; mix Panavia F2.0 Paste A and B for 20 S and apply on composite surface; lute composite block; light-cure 20 S from each side",
"'Rely X U100 (3M ESPE, Seefeld, Germany)","'Base paste: methacrylated phosphoric acid esters, dimethacrylates, silanated silica, glass fillers, sodium persulfide Catalyst paste: dimethacrylated phosphoric acid esters, silanated silica, glass fillers, p-toluene sodium sulphate, calcium hydroxide (397658)","'Mix Rely X U100 Base and Catalyst pastes for 10 S and apply on composite surface; lute composite block; light-cure 20 S from each side",
"'Clearfil SA Luting (Kuraray Medical, Okayama, Japan)","'Paste A: Bis-GMA, dimethacrylates, Ba-Al fluorosilicate glass, silica, pigments Paste B: 10-MDP, Bis-GMA, TEGDMA, dimethacrylates, Ba-Al fluorosilicate glass, silica, benzoyl peroxide, initiators (00201A)","'Mix Clearfil SA Luting Paste A and Paste B for 20 and apply on composite surface; lute composite block; light-cure 20 S from each side",
"'Tooth Mousse (GC Corp., Tokyo, Japan)","'Recaldent CPP-ACP, glycerol, D-sorbitol, water, sodium carboxymethyl cellulose, propylene glycol, xylitol, sodium saccharine, phosphoric acid, guar gum, silicon dioxide, titanium dioxide, zinc oxide, ethyl paraben, butyl paraben, propyl paraben (091118T)","'Apply and leave in place for either 5 min or 5 days",
,,

'Confidence Scores % (Table Cell)
"'90.23437500","'92.57812500","'92.52929688",
"'38.33007813","'39.33105469","'39.30664063",
"'43.72558594","'44.84863281","'44.82421875",
"'52.39257813","'53.75976563","'53.75976563",
"'45.41015625","'46.58203125","'46.55761719",
"'78.41796875","'80.46875000","'80.41992188",
