{
  "DocumentMetadata": {
    "Pages": 1
  },
  "JobStatus": "SUCCEEDED",
  "Blocks": [
    {
      "BlockType": "PAGE",
      "Geometry": {
        "BoundingBox": {
          "Width": 1,
          "Height": 1,
          "Left": 0,
          "Top": 0
        },
        "Polygon": [
          {
            "X": 0,
            "Y": 0
          },
          {
            "X": 1,
            "Y": 0.0000025872870992316166
          },
          {
            "X": 1,
            "Y": 1
          },
          {
            "X": 0.000011025757885363419,
            "Y": 1
          }
        ]
      },
      "Id": "1f189b6c-5139-4b07-a0a1-a20a308bc74b",
      "Relationships": [
        {
          "Type": "CHILD",
          "Ids": [
            "cddad7bf-a2e1-427d-b9f1-0338b995ec9e",
            "267c78e7-9954-41eb-892e-253931579723",
            "5a3f9436-6765-4147-ab3d-462dde6059a4",
            "b602708b-4935-4585-951a-23d5659e2c62",
            "0012957b-6db7-4195-b46d-233f75385b4c",
            "c2d19015-216a-4640-94f9-ed5f51cc5e8b",
            "d9f2bf99-74c8-45ef-ba12-ae36a2f442be",
            "7aac160a-7fd0-4f1f-837a-5fa81f479699",
            "ce829260-8d85-4ae5-b7a8-2c1b450e3498",
            "cd5cb0e2-c03d-4276-90c9-8fc165350412",
            "d44927a9-ab70-4bd5-a9a6-6ce3804d3427",
            "ff2c7930-42f7-430e-8be7-1dbab4bc4a04",
            "e96e33cb-a854-4425-adae-262d73695024",
            "55c3e65e-a850-4606-84ea-59c82261d502",
            "85fce975-dd11-4c2c-954c-3144f4bd8e3e",
            "bef177eb-3c2b-44d8-b803-c7911fb9e679",
            "31739833-2ef0-492b-bbba-33de3374f53b",
            "e6857436-8914-47df-a886-dfdb9989dd29",
            "514f3aaf-c4ed-4ada-852f-e33962a62537",
            "5ba85dcb-468a-48a0-8dd7-83c931c65254",
            "2726a712-f5dc-4b70-9bfd-fa50785a7765",
            "cf05d163-2727-4ad9-8370-192b1d7da455",
            "798bb2ab-c72a-4b3d-b3c5-c129d742f01c",
            "966d79a2-d6a1-4502-b465-fa476026fe1b",
            "51938c3e-26fb-480e-9293-0dc933b19e03"
          ]
        }
      ],
      "Page": 1
    },
    {
      "BlockType": "LINE",
      "Confidence": 99.93570709228516,
      "Text": "Sample",
      "Geometry": {
        "BoundingBox": {
          "Width": 0.04350826516747475,
          "Height": 0.023181648924946785,
          "Left": 0.24751152098178864,
          "Top": 0.40008091926574707
        },
        "Polygon": [
          {
            "X": 0.24751152098178864,
            "Y": 0.40008091926574707
          },
          {
            "X": 0.2909793257713318,
            "Y": 0.4000902473926544
          },
          {
            "X": 0.2910197973251343,
            "Y": 0.4232625663280487
          },
          {
            "X": 0.24755260348320007,
            "Y": 0.4232609272003174
          }
        ]
      },
      "Id": "cddad7bf-a2e1-427d-b9f1-0338b995ec9e",
      "Relationships": [
        {
          "Type": "CHILD",
          "Ids": [
            "748fa837-2b8d-4215-a74f-29cd8f8e6cb4"
          ]
        }
      ],
      "Page": 1
    },
    {
      "BlockType": "LINE",
      "Confidence": 99.94970703125,
      "Text": "Curing agent",
      "Geometry": {
        "BoundingBox": {
          "Width": 0.07765499502420425,
          "Height": 0.023207617923617363,
          "Left": 0.4089425504207611,
          "Top": 0.3998555839061737
        },
        "Polygon": [
          {
            "X": 0.4089425504207611,
            "Y": 0.3998555839061737
          },
          {
            "X": 0.4865598678588867,
            "Y": 0.39987242221832275
          },
          {
            "X": 0.48659753799438477,
            "Y": 0.423063188791275
          },
          {
            "X": 0.4089813530445099,
            "Y": 0.4230601489543915
          }
        ]
      },
      "Id": "267c78e7-9954-41eb-892e-253931579723",
      "Relationships": [
        {
          "Type": "CHILD",
          "Ids": [
            "f771dddf-cb74-40cc-ad3e-0e2d8664775f",
            "26ad3efa-5654-4faa-a161-8fd86e93671c"
          ]
        }
      ],
      "Page": 1
    },
    {
      "BlockType": "LINE",
      "Confidence": 99.95244598388672,
      "Text": "GNP",
      "Geometry": {
        "BoundingBox": {
          "Width": 0.026784587651491165,
          "Height": 0.017543107271194458,
          "Left": 0.5232584476470947,
          "Top": 0.4006788730621338
        },
        "Polygon": [
          {
            "X": 0.5232584476470947,
            "Y": 0.4006788730621338
          },
          {
            "X": 0.5500152111053467,
            "Y": 0.40068450570106506
          },
          {
            "X": 0.5500430464744568,
            "Y": 0.41822198033332825
          },
          {
            "X": 0.5232865810394287,
            "Y": 0.4182199239730835
          }
        ]
      },
      "Id": "5a3f9436-6765-4147-ab3d-462dde6059a4",
      "Relationships": [
        {
          "Type": "CHILD",
          "Ids": [
            "004066dc-7878-482f-839e-17e7192a9fa2"
          ]
        }
      ],
      "Page": 1
    },
    {
      "BlockType": "LINE",
      "Confidence": 99.96627807617188,
      "Text": "GNP coated curing agent",
      "Geometry": {
        "BoundingBox": {
          "Width": 0.1499929577112198,
          "Height": 0.02391558326780796,
          "Left": 0.6054962873458862,
          "Top": 0.3997270464897156
        },
        "Polygon": [
          {
            "X": 0.6054962873458862,
            "Y": 0.3997270464897156
          },
          {
            "X": 0.7554543614387512,
            "Y": 0.39975979924201965
          },
          {
            "X": 0.7554892301559448,
            "Y": 0.423642635345459
          },
          {
            "X": 0.6055333614349365,
            "Y": 0.42363739013671875
          }
        ]
      },
      "Id": "b602708b-4935-4585-951a-23d5659e2c62",
      "Relationships": [
        {
          "Type": "CHILD",
          "Ids": [
            "cf41b042-8ee7-4e16-ab7e-e6384fc20d4e",
            "a9a9beb5-d1b1-4be7-bef4-f5f9ac1b865e",
            "e54b8dd8-aa73-44b7-a875-acf68195210d",
            "82526b19-17c8-4517-9154-07413daeee4f"
          ]
        }
      ],
      "Page": 1
    },
    {
      "BlockType": "LINE",
      "Confidence": 99.89412689208984,
      "Text": "Pristine curing agent",
      "Geometry": {
        "BoundingBox": {
          "Width": 0.12523777782917023,
          "Height": 0.023135220631957054,
          "Left": 0.24702437222003937,
          "Top": 0.4468698501586914
        },
        "Polygon": [
          {
            "X": 0.24702437222003937,
            "Y": 0.446887731552124
          },
          {
            "X": 0.37222298979759216,
            "Y": 0.4468698501586914
          },
          {
            "X": 0.3722621500492096,
            "Y": 0.4699650704860687
          },
          {
            "X": 0.24706535041332245,
            "Y": 0.470005065202713
          }
        ]
      },
      "Id": "0012957b-6db7-4195-b46d-233f75385b4c",
      "Relationships": [
        {
          "Type": "CHILD",
          "Ids": [
            "bd812593-e155-4514-9321-477eb9297285",
            "104eb159-00e2-432f-acac-02368cabb0eb",
            "85c2edcd-cbe2-45eb-9adc-1d5c337c39ea"
          ]
        }
      ],
      "Page": 1
    },
    {
      "BlockType": "LINE",
      "Confidence": 57.44063186645508,
      "Text": "1 g",
      "Geometry": {
        "BoundingBox": {
          "Width": 0.017828237265348434,
          "Height": 0.023409591987729073,
          "Left": 0.40967077016830444,
          "Top": 0.44692981243133545
        },
        "Polygon": [
          {
            "X": 0.40967077016830444,
            "Y": 0.4469323456287384
          },
          {
            "X": 0.4274601340293884,
            "Y": 0.44692981243133545
          },
          {
            "X": 0.42749902606010437,
            "Y": 0.47033366560935974
          },
          {
            "X": 0.4097099304199219,
            "Y": 0.4703393876552582
          }
        ]
      },
      "Id": "c2d19015-216a-4640-94f9-ed5f51cc5e8b",
      "Relationships": [
        {
          "Type": "CHILD",
          "Ids": [
            "0bb53665-4796-4f39-91e4-fdebc9e4208f"
          ]
        }
      ],
      "Page": 1
    },
    {
      "BlockType": "LINE",
      "Confidence": 92.39703369140625,
      "Text": "-",
      "Geometry": {
        "BoundingBox": {
          "Width": 0.008033696562051773,
          "Height": 0.005773801356554031,
          "Left": 0.5226381421089172,
          "Top": 0.45569777488708496
        },
        "Polygon": [
          {
            "X": 0.5226381421089172,
            "Y": 0.45569947361946106
          },
          {
            "X": 0.5306626558303833,
            "Y": 0.45569777488708496
          },
          {
            "X": 0.5306718349456787,
            "Y": 0.46146953105926514
          },
          {
            "X": 0.5226474404335022,
            "Y": 0.4614715874195099
          }
        ]
      },
      "Id": "d9f2bf99-74c8-45ef-ba12-ae36a2f442be",
      "Relationships": [
        {
          "Type": "CHILD",
          "Ids": [
            "075efd06-5dd6-4d5b-8776-263f8b10f829"
          ]
        }
      ],
      "Page": 1
    },
    {
      "BlockType": "LINE",
      "Confidence": 91.10313415527344,
      "Text": "-",
      "Geometry": {
        "BoundingBox": {
          "Width": 0.007856019772589207,
          "Height": 0.005789892747998238,
          "Left": 0.6049878001213074,
          "Top": 0.4556023180484772
        },
        "Polygon": [
          {
            "X": 0.6049878001213074,
            "Y": 0.4556039571762085
          },
          {
            "X": 0.6128348708152771,
            "Y": 0.4556023180484772
          },
          {
            "X": 0.6128438711166382,
            "Y": 0.4613902270793915
          },
          {
            "X": 0.6049968004226685,
            "Y": 0.46139222383499146
          }
        ]
      },
      "Id": "7aac160a-7fd0-4f1f-837a-5fa81f479699",
      "Relationships": [
        {
          "Type": "CHILD",
          "Ids": [
            "d6a7545a-95cf-42d7-a661-25052ace0eba"
          ]
        }
      ],
      "Page": 1
    },
    {
      "BlockType": "LINE",
      "Confidence": 98.80545806884766,
      "Text": "DPCG-0.055",
      "Geometry": {
        "BoundingBox": {
          "Width": 0.07360697537660599,
          "Height": 0.018257692456245422,
          "Left": 0.24736624956130981,
          "Top": 0.4783565104007721
        },
        "Polygon": [
          {
            "X": 0.24736624956130981,
            "Y": 0.47838473320007324
          },
          {
            "X": 0.3209417462348938,
            "Y": 0.4783565104007721
          },
          {
            "X": 0.3209732174873352,
            "Y": 0.4965757131576538
          },
          {
            "X": 0.24739855527877808,
            "Y": 0.4966141879558563
          }
        ]
      },
      "Id": "ce829260-8d85-4ae5-b7a8-2c1b450e3498",
      "Relationships": [
        {
          "Type": "CHILD",
          "Ids": [
            "df18df75-6f6d-4509-aa1f-8be232cac338"
          ]
        }
      ],
      "Page": 1
    },
    {
      "BlockType": "LINE",
      "Confidence": 62.11810302734375,
      "Text": "1g",
      "Geometry": {
        "BoundingBox": {
          "Width": 0.017760464921593666,
          "Height": 0.022866029292345047,
          "Left": 0.40963903069496155,
          "Top": 0.4784725606441498
        },
        "Polygon": [
          {
            "X": 0.40963903069496155,
            "Y": 0.47847938537597656
          },
          {
            "X": 0.42736151814460754,
            "Y": 0.4784725606441498
          },
          {
            "X": 0.42739948630332947,
            "Y": 0.501328706741333
          },
          {
            "X": 0.40967726707458496,
            "Y": 0.5013386011123657
          }
        ]
      },
      "Id": "cd5cb0e2-c03d-4276-90c9-8fc165350412",
      "Relationships": [
        {
          "Type": "CHILD",
          "Ids": [
            "3fd8aa1b-77f3-4450-a7b3-b227d8337bfc"
          ]
        }
      ],
      "Page": 1
    },
    {
      "BlockType": "LINE",
      "Confidence": 99.07164764404297,
      "Text": "0.055 g",
      "Geometry": {
        "BoundingBox": {
          "Width": 0.04571153596043587,
          "Height": 0.02397283911705017,
          "Left": 0.5225539803504944,
          "Top": 0.4775872230529785
        },
        "Polygon": [
          {
            "X": 0.5225539803504944,
            "Y": 0.4776045083999634
          },
          {
            "X": 0.5682278275489807,
            "Y": 0.4775872230529785
          },
          {
            "X": 0.5682654976844788,
            "Y": 0.5015344023704529
          },
          {
            "X": 0.5225923657417297,
            "Y": 0.5015600919723511
          }
        ]
      },
      "Id": "d44927a9-ab70-4bd5-a9a6-6ce3804d3427",
      "Relationships": [
        {
          "Type": "CHILD",
          "Ids": [
            "98137027-ca91-4cd7-9908-2987451af023",
            "af01a1a8-f9d6-4ae5-91ae-3c25187d19c4"
          ]
        }
      ],
      "Page": 1
    },
    {
      "BlockType": "LINE",
      "Confidence": 99.48162841796875,
      "Text": "1.055 g",
      "Geometry": {
        "BoundingBox": {
          "Width": 0.04575302451848984,
          "Height": 0.024002540856599808,
          "Left": 0.605100691318512,
          "Top": 0.4775216579437256
        },
        "Polygon": [
          {
            "X": 0.605100691318512,
            "Y": 0.47753894329071045
          },
          {
            "X": 0.6508171558380127,
            "Y": 0.4775216579437256
          },
          {
            "X": 0.65085369348526,
            "Y": 0.5014985203742981
          },
          {
            "X": 0.6051378846168518,
            "Y": 0.5015242099761963
          }
        ]
      },
      "Id": "ff2c7930-42f7-430e-8be7-1dbab4bc4a04",
      "Relationships": [
        {
          "Type": "CHILD",
          "Ids": [
            "d7985650-9df6-4d4c-8a76-63536c5cffba",
            "b97ca183-5082-45c8-8d66-526d106e3419"
          ]
        }
      ],
      "Page": 1
    },
    {
      "BlockType": "LINE",
      "Confidence": 98.10945892333984,
      "Text": "DPCG-0.111",
      "Geometry": {
        "BoundingBox": {
          "Width": 0.07241218537092209,
          "Height": 0.018581397831439972,
          "Left": 0.24740470945835114,
          "Top": 0.5091490149497986
        },
        "Polygon": [
          {
            "X": 0.24740470945835114,
            "Y": 0.5091938376426697
          },
          {
            "X": 0.31978487968444824,
            "Y": 0.5091490149497986
          },
          {
            "X": 0.3198168873786926,
            "Y": 0.5276753306388855
          },
          {
            "X": 0.24743756651878357,
            "Y": 0.527730405330658
          }
        ]
      },
      "Id": "e96e33cb-a854-4425-adae-262d73695024",
      "Relationships": [
        {
          "Type": "CHILD",
          "Ids": [
            "1a5b7525-b766-49bd-a3ac-884d9dcb06f0"
          ]
        }
      ],
      "Page": 1
    },
    {
      "BlockType": "LINE",
      "Confidence": 60.230743408203125,
      "Text": "1g",
      "Geometry": {
        "BoundingBox": {
          "Width": 0.017620516940951347,
          "Height": 0.023171953856945038,
          "Left": 0.40978074073791504,
          "Top": 0.5097423195838928
        },
        "Polygon": [
          {
            "X": 0.40978074073791504,
            "Y": 0.5097532868385315
          },
          {
            "X": 0.4273627996444702,
            "Y": 0.5097423195838928
          },
          {
            "X": 0.42740127444267273,
            "Y": 0.5329001545906067
          },
          {
            "X": 0.40981948375701904,
            "Y": 0.5329142808914185
          }
        ]
      },
      "Id": "55c3e65e-a850-4606-84ea-59c82261d502",
      "Relationships": [
        {
          "Type": "CHILD",
          "Ids": [
            "da2ecf7a-7297-48a4-b8ca-074161373b4e"
          ]
        }
      ],
      "Page": 1
    },
    {
      "BlockType": "LINE",
      "Confidence": 99.49432373046875,
      "Text": "0.111 g",
      "Geometry": {
        "BoundingBox": {
          "Width": 0.04627816006541252,
          "Height": 0.024091538041830063,
          "Left": 0.5218306183815002,
          "Top": 0.5085991024971008
        },
        "Polygon": [
          {
            "X": 0.5218306183815002,
            "Y": 0.5086275935173035
          },
          {
            "X": 0.5680708885192871,
            "Y": 0.5085991024971008
          },
          {
            "X": 0.5681087970733643,
            "Y": 0.5326536297798157
          },
          {
            "X": 0.5218691825866699,
            "Y": 0.5326906442642212
          }
        ]
      },
      "Id": "85fce975-dd11-4c2c-954c-3144f4bd8e3e",
      "Relationships": [
        {
          "Type": "CHILD",
          "Ids": [
            "d6e8c968-42de-4399-8761-1294c7b2bdab",
            "d9ea9ada-dc0d-4528-85c3-51c169d85437"
          ]
        }
      ],
      "Page": 1
    },
    {
      "BlockType": "LINE",
      "Confidence": 99.24901580810547,
      "Text": "1.111 g",
      "Geometry": {
        "BoundingBox": {
          "Width": 0.04495810344815254,
          "Height": 0.023806560784578323,
          "Left": 0.6058207750320435,
          "Top": 0.5090414881706238
        },
        "Polygon": [
          {
            "X": 0.6058207750320435,
            "Y": 0.5090693235397339
          },
          {
            "X": 0.6507427096366882,
            "Y": 0.5090414881706238
          },
          {
            "X": 0.6507788896560669,
            "Y": 0.5328119993209839
          },
          {
            "X": 0.6058576703071594,
            "Y": 0.532848060131073
          }
        ]
      },
      "Id": "bef177eb-3c2b-44d8-b803-c7911fb9e679",
      "Relationships": [
        {
          "Type": "CHILD",
          "Ids": [
            "e0e07b15-6462-43be-84c5-7d40fd60c78e",
            "dae9feb4-f9ea-4f69-b5a8-7902035db33d"
          ]
        }
      ],
      "Page": 1
    },
    {
      "BlockType": "LINE",
      "Confidence": 98.208740234375,
      "Text": "DPCG-0.224",
      "Geometry": {
        "BoundingBox": {
          "Width": 0.07371767610311508,
          "Height": 0.01839570328593254,
          "Left": 0.24732738733291626,
          "Top": 0.5405455827713013
        },
        "Polygon": [
          {
            "X": 0.24732738733291626,
            "Y": 0.5406089425086975
          },
          {
            "X": 0.3210134208202362,
            "Y": 0.5405455827713013
          },
          {
            "X": 0.32104507088661194,
            "Y": 0.5588676333427429
          },
          {
            "X": 0.24735987186431885,
            "Y": 0.5589413046836853
          }
        ]
      },
      "Id": "31739833-2ef0-492b-bbba-33de3374f53b",
      "Relationships": [
        {
          "Type": "CHILD",
          "Ids": [
            "7db162fd-8288-4ef9-a0a6-c95b14509add"
          ]
        }
      ],
      "Page": 1
    },
    {
      "BlockType": "LINE",
      "Confidence": 61.27461242675781,
      "Text": "1g",
      "Geometry": {
        "BoundingBox": {
          "Width": 0.017512550577521324,
          "Height": 0.022636864334344864,
          "Left": 0.4097805619239807,
          "Top": 0.541175901889801
        },
        "Polygon": [
          {
            "X": 0.4097805619239807,
            "Y": 0.541191041469574
          },
          {
            "X": 0.4272555410861969,
            "Y": 0.541175901889801
          },
          {
            "X": 0.4272931218147278,
            "Y": 0.5637946128845215
          },
          {
            "X": 0.4098184108734131,
            "Y": 0.563812792301178
          }
        ]
      },
      "Id": "e6857436-8914-47df-a886-dfdb9989dd29",
      "Relationships": [
        {
          "Type": "CHILD",
          "Ids": [
            "3733d875-bdef-43e7-91c4-ab9b3d3afc23"
          ]
        }
      ],
      "Page": 1
    },
    {
      "BlockType": "LINE",
      "Confidence": 99.35507202148438,
      "Text": "0.224 g",
      "Geometry": {
        "BoundingBox": {
          "Width": 0.04480258747935295,
          "Height": 0.022863799706101418,
          "Left": 0.5232535600662231,
          "Top": 0.5410670638084412
        },
        "Polygon": [
          {
            "X": 0.5232535600662231,
            "Y": 0.5411058068275452
          },
          {
            "X": 0.568020224571228,
            "Y": 0.5410670638084412
          },
          {
            "X": 0.5680561661720276,
            "Y": 0.5638843178749084
          },
          {
            "X": 0.5232901573181152,
            "Y": 0.563930869102478
          }
        ]
      },
      "Id": "514f3aaf-c4ed-4ada-852f-e33962a62537",
      "Relationships": [
        {
          "Type": "CHILD",
          "Ids": [
            "d54f08fc-56cc-41a7-9057-6786912c4c54",
            "efd87b57-1b20-4626-b724-011a4ab662f5"
          ]
        }
      ],
      "Page": 1
    },
    {
      "BlockType": "LINE",
      "Confidence": 98.96781921386719,
      "Text": "1.224 g",
      "Geometry": {
        "BoundingBox": {
          "Width": 0.04462273046374321,
          "Height": 0.023071032017469406,
          "Left": 0.6060226559638977,
          "Top": 0.5406681895256042
        },
        "Polygon": [
          {
            "X": 0.6060226559638977,
            "Y": 0.5407066345214844
          },
          {
            "X": 0.6506102681159973,
            "Y": 0.5406681895256042
          },
          {
            "X": 0.65064537525177,
            "Y": 0.5636928677558899
          },
          {
            "X": 0.6060583591461182,
            "Y": 0.5637392401695251
          }
        ]
      },
      "Id": "5ba85dcb-468a-48a0-8dd7-83c931c65254",
      "Relationships": [
        {
          "Type": "CHILD",
          "Ids": [
            "21353b2c-bbc7-40d0-a0d7-a77662edae11",
            "b8bbd592-03ac-4ba0-9680-68a2f02ae8fd"
          ]
        }
      ],
      "Page": 1
    },
    {
      "BlockType": "LINE",
      "Confidence": 98.52841186523438,
      "Text": "DPCG-0.340",
      "Geometry": {
        "BoundingBox": {
          "Width": 0.07375314831733704,
          "Height": 0.0187174454331398,
          "Left": 0.24734769761562347,
          "Top": 0.5702242255210876
        },
        "Polygon": [
          {
            "X": 0.24734769761562347,
            "Y": 0.5703043341636658
          },
          {
            "X": 0.321068674325943,
            "Y": 0.5702242255210876
          },
          {
            "X": 0.3211008608341217,
            "Y": 0.5888510346412659
          },
          {
            "X": 0.24738073348999023,
            "Y": 0.5889416337013245
          }
        ]
      },
      "Id": "2726a712-f5dc-4b70-9bfd-fa50785a7765",
      "Relationships": [
        {
          "Type": "CHILD",
          "Ids": [
            "b2669d69-fe04-40a6-a3e5-b0b3a68cf1cc"
          ]
        }
      ],
      "Page": 1
    },
    {
      "BlockType": "LINE",
      "Confidence": 58.81660461425781,
      "Text": "1 g",
      "Geometry": {
        "BoundingBox": {
          "Width": 0.017778411507606506,
          "Height": 0.02365165390074253,
          "Left": 0.40973690152168274,
          "Top": 0.5705498456954956
        },
        "Polygon": [
          {
            "X": 0.40973690152168274,
            "Y": 0.5705691576004028
          },
          {
            "X": 0.42747607827186584,
            "Y": 0.5705498456954956
          },
          {
            "X": 0.42751532793045044,
            "Y": 0.5941789746284485
          },
          {
            "X": 0.4097764492034912,
            "Y": 0.5942015051841736
          }
        ]
      },
      "Id": "cf05d163-2727-4ad9-8370-192b1d7da455",
      "Relationships": [
        {
          "Type": "CHILD",
          "Ids": [
            "78d4fdc0-86f3-41e3-a57c-1361262a143d"
          ]
        }
      ],
      "Page": 1
    },
    {
      "BlockType": "LINE",
      "Confidence": 98.82160186767578,
      "Text": "0.340 g",
      "Geometry": {
        "BoundingBox": {
          "Width": 0.04473680257797241,
          "Height": 0.022879527881741524,
          "Left": 0.5233790278434753,
          "Top": 0.5710448026657104
        },
        "Polygon": [
          {
            "X": 0.5233790278434753,
            "Y": 0.571093738079071
          },
          {
            "X": 0.5680798888206482,
            "Y": 0.5710448026657104
          },
          {
            "X": 0.5681158304214478,
            "Y": 0.5938675403594971
          },
          {
            "X": 0.5234156250953674,
            "Y": 0.593924343585968
          }
        ]
      },
      "Id": "798bb2ab-c72a-4b3d-b3c5-c129d742f01c",
      "Relationships": [
        {
          "Type": "CHILD",
          "Ids": [
            "e13f3987-43f2-4bf4-832c-4f6325a89b0b",
            "4e53050e-4e71-4810-806b-86750860cbbe"
          ]
        }
      ],
      "Page": 1
    },
    {
      "BlockType": "LINE",
      "Confidence": 98.98542785644531,
      "Text": "1.340 g",
      "Geometry": {
        "BoundingBox": {
          "Width": 0.044534631073474884,
          "Height": 0.022990021854639053,
          "Left": 0.6060402393341064,
          "Top": 0.5710199475288391
        },
        "Polygon": [
          {
            "X": 0.6060402393341064,
            "Y": 0.5710687041282654
          },
          {
            "X": 0.6505399346351624,
            "Y": 0.5710199475288391
          },
          {
            "X": 0.6505748629570007,
            "Y": 0.5939533710479736
          },
          {
            "X": 0.6060758233070374,
            "Y": 0.5940099358558655
          }
        ]
      },
      "Id": "966d79a2-d6a1-4502-b465-fa476026fe1b",
      "Relationships": [
        {
          "Type": "CHILD",
          "Ids": [
            "363c2a83-d275-4c06-90b9-617999e37bb8",
            "a4178c01-ca94-4e39-a70c-854aa2d05475"
          ]
        }
      ],
      "Page": 1
    },
    {
      "BlockType": "WORD",
      "Confidence": 99.93570709228516,
      "Text": "Sample",
      "TextType": "PRINTED",
      "Geometry": {
        "BoundingBox": {
          "Width": 0.04350826516747475,
          "Height": 0.023181648924946785,
          "Left": 0.24751152098178864,
          "Top": 0.40008091926574707
        },
        "Polygon": [
          {
            "X": 0.24751152098178864,
            "Y": 0.40008091926574707
          },
          {
            "X": 0.2909793257713318,
            "Y": 0.4000902473926544
          },
          {
            "X": 0.2910197973251343,
            "Y": 0.4232625663280487
          },
          {
            "X": 0.24755260348320007,
            "Y": 0.4232609272003174
          }
        ]
      },
      "Id": "748fa837-2b8d-4215-a74f-29cd8f8e6cb4",
      "Page": 1
    },
    {
      "BlockType": "WORD",
      "Confidence": 99.95576477050781,
      "Text": "Curing",
      "TextType": "PRINTED",
      "Geometry": {
        "BoundingBox": {
          "Width": 0.04050707444548607,
          "Height": 0.023002615198493004,
          "Left": 0.4089425504207611,
          "Top": 0.3998555839061737
        },
        "Polygon": [
          {
            "X": 0.4089425504207611,
            "Y": 0.3998555839061737
          },
          {
            "X": 0.4494117200374603,
            "Y": 0.3998643457889557
          },
          {
            "X": 0.4494496285915375,
            "Y": 0.42285817861557007
          },
          {
            "X": 0.4089810252189636,
            "Y": 0.42285653948783875
          }
        ]
      },
      "Id": "f771dddf-cb74-40cc-ad3e-0e2d8664775f",
      "Page": 1
    },
    {
      "BlockType": "WORD",
      "Confidence": 99.94364929199219,
      "Text": "agent",
      "TextType": "PRINTED",
      "Geometry": {
        "BoundingBox": {
          "Width": 0.03344789519906044,
          "Height": 0.020841803401708603,
          "Left": 0.4531496465206146,
          "Top": 0.4022213816642761
        },
        "Polygon": [
          {
            "X": 0.4531496465206146,
            "Y": 0.4022213816642761
          },
          {
            "X": 0.48656368255615234,
            "Y": 0.4022280275821686
          },
          {
            "X": 0.48659753799438477,
            "Y": 0.423063188791275
          },
          {
            "X": 0.45318394899368286,
            "Y": 0.42306187748908997
          }
        ]
      },
      "Id": "26ad3efa-5654-4faa-a161-8fd86e93671c",
      "Page": 1
    },
    {
      "BlockType": "WORD",
      "Confidence": 99.95244598388672,
      "Text": "GNP",
      "TextType": "PRINTED",
      "Geometry": {
        "BoundingBox": {
          "Width": 0.026784587651491165,
          "Height": 0.017543107271194458,
          "Left": 0.5232584476470947,
          "Top": 0.4006788730621338
        },
        "Polygon": [
          {
            "X": 0.5232584476470947,
            "Y": 0.4006788730621338
          },
          {
            "X": 0.5500152111053467,
            "Y": 0.40068450570106506
          },
          {
            "X": 0.5500430464744568,
            "Y": 0.41822198033332825
          },
          {
            "X": 0.5232865810394287,
            "Y": 0.4182199239730835
          }
        ]
      },
      "Id": "004066dc-7878-482f-839e-17e7192a9fa2",
      "Page": 1
    },
    {
      "BlockType": "WORD",
      "Confidence": 99.95722961425781,
      "Text": "GNP",
      "TextType": "PRINTED",
      "Geometry": {
        "BoundingBox": {
          "Width": 0.02689536102116108,
          "Height": 0.018654534593224525,
          "Left": 0.6054968237876892,
          "Top": 0.40007999539375305
        },
        "Polygon": [
          {
            "X": 0.6054968237876892,
            "Y": 0.40007999539375305
          },
          {
            "X": 0.6323635578155518,
            "Y": 0.40008577704429626
          },
          {
            "X": 0.632392168045044,
            "Y": 0.41873452067375183
          },
          {
            "X": 0.6055257320404053,
            "Y": 0.41873255372047424
          }
        ]
      },
      "Id": "cf41b042-8ee7-4e16-ab7e-e6384fc20d4e",
      "Page": 1
    },
    {
      "BlockType": "WORD",
      "Confidence": 99.97322845458984,
      "Text": "coated",
      "TextType": "PRINTED",
      "Geometry": {
        "BoundingBox": {
          "Width": 0.03991639241576195,
          "Height": 0.01908525824546814,
          "Left": 0.6361385583877563,
          "Top": 0.3997337520122528
        },
        "Polygon": [
          {
            "X": 0.6361385583877563,
            "Y": 0.3997337520122528
          },
          {
            "X": 0.6760261654853821,
            "Y": 0.39974245429039
          },
          {
            "X": 0.6760549545288086,
            "Y": 0.41881901025772095
          },
          {
            "X": 0.6361678242683411,
            "Y": 0.41881611943244934
          }
        ]
      },
      "Id": "a9a9beb5-d1b1-4be7-bef4-f5f9ac1b865e",
      "Page": 1
    },
    {
      "BlockType": "WORD",
      "Confidence": 99.97606658935547,
      "Text": "curing",
      "TextType": "PRINTED",
      "Geometry": {
        "BoundingBox": {
          "Width": 0.03837256133556366,
          "Height": 0.02312285266816616,
          "Left": 0.6799142956733704,
          "Top": 0.39987465739250183
        },
        "Polygon": [
          {
            "X": 0.6799142956733704,
            "Y": 0.39987465739250183
          },
          {
            "X": 0.7182525992393494,
            "Y": 0.3998830020427704
          },
          {
            "X": 0.7182868719100952,
            "Y": 0.42299750447273254
          },
          {
            "X": 0.6799491047859192,
            "Y": 0.42299598455429077
          }
        ]
      },
      "Id": "e54b8dd8-aa73-44b7-a875-acf68195210d",
      "Page": 1
    },
    {
      "BlockType": "WORD",
      "Confidence": 99.9585952758789,
      "Text": "agent",
      "TextType": "PRINTED",
      "Geometry": {
        "BoundingBox": {
          "Width": 0.03363271430134773,
          "Height": 0.02165091596543789,
          "Left": 0.7218565344810486,
          "Top": 0.40199172496795654
        },
        "Polygon": [
          {
            "X": 0.7218565344810486,
            "Y": 0.40199172496795654
          },
          {
            "X": 0.7554576396942139,
            "Y": 0.40199849009513855
          },
          {
            "X": 0.7554892301559448,
            "Y": 0.423642635345459
          },
          {
            "X": 0.721888542175293,
            "Y": 0.42364147305488586
          }
        ]
      },
      "Id": "82526b19-17c8-4517-9154-07413daeee4f",
      "Page": 1
    },
    {
      "BlockType": "WORD",
      "Confidence": 99.76971435546875,
      "Text": "Pristine",
      "TextType": "PRINTED",
      "Geometry": {
        "BoundingBox": {
          "Width": 0.04627842456102371,
          "Height": 0.01857748255133629,
          "Left": 0.24702437222003937,
          "Top": 0.44688114523887634
        },
        "Polygon": [
          {
            "X": 0.24702437222003937,
            "Y": 0.446887731552124
          },
          {
            "X": 0.29327040910720825,
            "Y": 0.44688114523887634
          },
          {
            "X": 0.2933028042316437,
            "Y": 0.4654454290866852
          },
          {
            "X": 0.24705728888511658,
            "Y": 0.46545860171318054
          }
        ]
      },
      "Id": "bd812593-e155-4514-9321-477eb9297285",
      "Page": 1
    },
    {
      "BlockType": "WORD",
      "Confidence": 99.97178649902344,
      "Text": "curing",
      "TextType": "PRINTED",
      "Geometry": {
        "BoundingBox": {
          "Width": 0.038126494735479355,
          "Height": 0.02264915034174919,
          "Left": 0.2972356081008911,
          "Top": 0.44710832834243774
        },
        "Polygon": [
          {
            "X": 0.2972356081008911,
            "Y": 0.44711384177207947
          },
          {
            "X": 0.33532318472862244,
            "Y": 0.44710832834243774
          },
          {
            "X": 0.3353620767593384,
            "Y": 0.46974536776542664
          },
          {
            "X": 0.29727503657341003,
            "Y": 0.46975746750831604
          }
        ]
      },
      "Id": "104eb159-00e2-432f-acac-02368cabb0eb",
      "Page": 1
    },
    {
      "BlockType": "WORD",
      "Confidence": 99.94085693359375,
      "Text": "agent",
      "TextType": "PRINTED",
      "Geometry": {
        "BoundingBox": {
          "Width": 0.033026017248630524,
          "Height": 0.02080133929848671,
          "Left": 0.33923614025115967,
          "Top": 0.44917425513267517
        },
        "Polygon": [
          {
            "X": 0.33923614025115967,
            "Y": 0.4491795599460602
          },
          {
            "X": 0.37222689390182495,
            "Y": 0.44917425513267517
          },
          {
            "X": 0.3722621500492096,
            "Y": 0.4699650704860687
          },
          {
            "X": 0.33927181363105774,
            "Y": 0.46997562050819397
          }
        ]
      },
      "Id": "85c2edcd-cbe2-45eb-9adc-1d5c337c39ea",
      "Page": 1
    },
    {
      "BlockType": "WORD",
      "Confidence": 57.44063186645508,
      "Text": "1 g",
      "TextType": "PRINTED",
      "Geometry": {
        "BoundingBox": {
          "Width": 0.017828237265348434,
          "Height": 0.023409591987729073,
          "Left": 0.40967077016830444,
          "Top": 0.44692981243133545
        },
        "Polygon": [
          {
            "X": 0.40967077016830444,
            "Y": 0.4469323456287384
          },
          {
            "X": 0.4274601340293884,
            "Y": 0.44692981243133545
          },
          {
            "X": 0.42749902606010437,
            "Y": 0.47033366560935974
          },
          {
            "X": 0.4097099304199219,
            "Y": 0.4703393876552582
          }
        ]
      },
      "Id": "0bb53665-4796-4f39-91e4-fdebc9e4208f",
      "Page": 1
    },
    {
      "BlockType": "WORD",
      "Confidence": 92.39703369140625,
      "Text": "-",
      "TextType": "PRINTED",
      "Geometry": {
        "BoundingBox": {
          "Width": 0.008033696562051773,
          "Height": 0.005773801356554031,
          "Left": 0.5226381421089172,
          "Top": 0.45569777488708496
        },
        "Polygon": [
          {
            "X": 0.5226381421089172,
            "Y": 0.45569947361946106
          },
          {
            "X": 0.5306626558303833,
            "Y": 0.45569777488708496
          },
          {
            "X": 0.5306718349456787,
            "Y": 0.46146953105926514
          },
          {
            "X": 0.5226474404335022,
            "Y": 0.4614715874195099
          }
        ]
      },
      "Id": "075efd06-5dd6-4d5b-8776-263f8b10f829",
      "Page": 1
    },
    {
      "BlockType": "WORD",
      "Confidence": 91.10313415527344,
      "Text": "-",
      "TextType": "PRINTED",
      "Geometry": {
        "BoundingBox": {
          "Width": 0.007856019772589207,
          "Height": 0.005789892747998238,
          "Left": 0.6049878001213074,
          "Top": 0.4556023180484772
        },
        "Polygon": [
          {
            "X": 0.6049878001213074,
            "Y": 0.4556039571762085
          },
          {
            "X": 0.6128348708152771,
            "Y": 0.4556023180484772
          },
          {
            "X": 0.6128438711166382,
            "Y": 0.4613902270793915
          },
          {
            "X": 0.6049968004226685,
            "Y": 0.46139222383499146
          }
        ]
      },
      "Id": "d6a7545a-95cf-42d7-a661-25052ace0eba",
      "Page": 1
    },
    {
      "BlockType": "WORD",
      "Confidence": 98.80545806884766,
      "Text": "DPCG-0.055",
      "TextType": "PRINTED",
      "Geometry": {
        "BoundingBox": {
          "Width": 0.07360697537660599,
          "Height": 0.018257692456245422,
          "Left": 0.24736624956130981,
          "Top": 0.4783565104007721
        },
        "Polygon": [
          {
            "X": 0.24736624956130981,
            "Y": 0.47838473320007324
          },
          {
            "X": 0.3209417462348938,
            "Y": 0.4783565104007721
          },
          {
            "X": 0.3209732174873352,
            "Y": 0.4965757131576538
          },
          {
            "X": 0.24739855527877808,
            "Y": 0.4966141879558563
          }
        ]
      },
      "Id": "df18df75-6f6d-4509-aa1f-8be232cac338",
      "Page": 1
    },
    {
      "BlockType": "WORD",
      "Confidence": 62.11810302734375,
      "Text": "1g",
      "TextType": "PRINTED",
      "Geometry": {
        "BoundingBox": {
          "Width": 0.017760464921593666,
          "Height": 0.022866029292345047,
          "Left": 0.40963903069496155,
          "Top": 0.4784725606441498
        },
        "Polygon": [
          {
            "X": 0.40963903069496155,
            "Y": 0.47847938537597656
          },
          {
            "X": 0.42736151814460754,
            "Y": 0.4784725606441498
          },
          {
            "X": 0.42739948630332947,
            "Y": 0.501328706741333
          },
          {
            "X": 0.40967726707458496,
            "Y": 0.5013386011123657
          }
        ]
      },
      "Id": "3fd8aa1b-77f3-4450-a7b3-b227d8337bfc",
      "Page": 1
    },
    {
      "BlockType": "WORD",
      "Confidence": 99.90483856201172,
      "Text": "0.055",
      "TextType": "PRINTED",
      "Geometry": {
        "BoundingBox": {
          "Width": 0.03449930623173714,
          "Height": 0.02069641277194023,
          "Left": 0.5225539803504944,
          "Top": 0.47759148478507996
        },
        "Polygon": [
          {
            "X": 0.5225539803504944,
            "Y": 0.4776045083999634
          },
          {
            "X": 0.5570206046104431,
            "Y": 0.47759148478507996
          },
          {
            "X": 0.55705326795578,
            "Y": 0.49826937913894653
          },
          {
            "X": 0.5225871205329895,
            "Y": 0.4982878863811493
          }
        ]
      },
      "Id": "98137027-ca91-4cd7-9908-2987451af023",
      "Page": 1
    },
    {
      "BlockType": "WORD",
      "Confidence": 98.23844146728516,
      "Text": "g",
      "TextType": "PRINTED",
      "Geometry": {
        "BoundingBox": {
          "Width": 0.007229241542518139,
          "Height": 0.01928875967860222,
          "Left": 0.5610362887382507,
          "Top": 0.4822496771812439
        },
        "Polygon": [
          {
            "X": 0.5610362887382507,
            "Y": 0.48225265741348267
          },
          {
            "X": 0.5682351589202881,
            "Y": 0.4822496771812439
          },
          {
            "X": 0.5682654976844788,
            "Y": 0.5015344023704529
          },
          {
            "X": 0.561066746711731,
            "Y": 0.5015384554862976
          }
        ]
      },
      "Id": "af01a1a8-f9d6-4ae5-91ae-3c25187d19c4",
      "Page": 1
    },
    {
      "BlockType": "WORD",
      "Confidence": 99.19579315185547,
      "Text": "1.055",
      "TextType": "PRINTED",
      "Geometry": {
        "BoundingBox": {
          "Width": 0.034195464104413986,
          "Height": 0.01874898374080658,
          "Left": 0.605100691318512,
          "Top": 0.4775260388851166
        },
        "Polygon": [
          {
            "X": 0.605100691318512,
            "Y": 0.47753894329071045
          },
          {
            "X": 0.6392674446105957,
            "Y": 0.4775260388851166
          },
          {
            "X": 0.6392961144447327,
            "Y": 0.4962571859359741
          },
          {
            "X": 0.6051297187805176,
            "Y": 0.49627500772476196
          }
        ]
      },
      "Id": "d7985650-9df6-4d4c-8a76-63536c5cffba",
      "Page": 1
    },
    {
      "BlockType": "WORD",
      "Confidence": 99.7674560546875,
      "Text": "g",
      "TextType": "PRINTED",
      "Geometry": {
        "BoundingBox": {
          "Width": 0.0071474299766123295,
          "Height": 0.019198542460799217,
          "Left": 0.6437062621116638,
          "Top": 0.4823039472103119
        },
        "Polygon": [
          {
            "X": 0.6437062621116638,
            "Y": 0.48230689764022827
          },
          {
            "X": 0.6508244276046753,
            "Y": 0.4823039472103119
          },
          {
            "X": 0.65085369348526,
            "Y": 0.5014985203742981
          },
          {
            "X": 0.6437355875968933,
            "Y": 0.501502513885498
          }
        ]
      },
      "Id": "b97ca183-5082-45c8-8d66-526d106e3419",
      "Page": 1
    },
    {
      "BlockType": "WORD",
      "Confidence": 98.10945892333984,
      "Text": "DPCG-0.111",
      "TextType": "PRINTED",
      "Geometry": {
        "BoundingBox": {
          "Width": 0.07241218537092209,
          "Height": 0.018581397831439972,
          "Left": 0.24740470945835114,
          "Top": 0.5091490149497986
        },
        "Polygon": [
          {
            "X": 0.24740470945835114,
            "Y": 0.5091938376426697
          },
          {
            "X": 0.31978487968444824,
            "Y": 0.5091490149497986
          },
          {
            "X": 0.3198168873786926,
            "Y": 0.5276753306388855
          },
          {
            "X": 0.24743756651878357,
            "Y": 0.527730405330658
          }
        ]
      },
      "Id": "1a5b7525-b766-49bd-a3ac-884d9dcb06f0",
      "Page": 1
    },
    {
      "BlockType": "WORD",
      "Confidence": 60.230743408203125,
      "Text": "1g",
      "TextType": "PRINTED",
      "Geometry": {
        "BoundingBox": {
          "Width": 0.017620516940951347,
          "Height": 0.023171953856945038,
          "Left": 0.40978074073791504,
          "Top": 0.5097423195838928
        },
        "Polygon": [
          {
            "X": 0.40978074073791504,
            "Y": 0.5097532868385315
          },
          {
            "X": 0.4273627996444702,
            "Y": 0.5097423195838928
          },
          {
            "X": 0.42740127444267273,
            "Y": 0.5329001545906067
          },
          {
            "X": 0.40981948375701904,
            "Y": 0.5329142808914185
          }
        ]
      },
      "Id": "da2ecf7a-7297-48a4-b8ca-074161373b4e",
      "Page": 1
    },
    {
      "BlockType": "WORD",
      "Confidence": 99.62051391601562,
      "Text": "0.111",
      "TextType": "PRINTED",
      "Geometry": {
        "BoundingBox": {
          "Width": 0.03383203595876694,
          "Height": 0.019922375679016113,
          "Left": 0.5218306183815002,
          "Top": 0.5086067914962769
        },
        "Polygon": [
          {
            "X": 0.5218306183815002,
            "Y": 0.5086275935173035
          },
          {
            "X": 0.555631160736084,
            "Y": 0.5086067914962769
          },
          {
            "X": 0.5556626319885254,
            "Y": 0.5285031795501709
          },
          {
            "X": 0.5218625068664551,
            "Y": 0.528529167175293
          }
        ]
      },
      "Id": "d6e8c968-42de-4399-8761-1294c7b2bdab",
      "Page": 1
    },
    {
      "BlockType": "WORD",
      "Confidence": 99.36813354492188,
      "Text": "g",
      "TextType": "PRINTED",
      "Geometry": {
        "BoundingBox": {
          "Width": 0.006884831469506025,
          "Height": 0.018967404961586,
          "Left": 0.5612239241600037,
          "Top": 0.5136917233467102
        },
        "Polygon": [
          {
            "X": 0.5612239241600037,
            "Y": 0.5136961936950684
          },
          {
            "X": 0.5680789351463318,
            "Y": 0.5136917233467102
          },
          {
            "X": 0.5681087970733643,
            "Y": 0.5326536297798157
          },
          {
            "X": 0.5612539052963257,
            "Y": 0.532659113407135
          }
        ]
      },
      "Id": "d9ea9ada-dc0d-4528-85c3-51c169d85437",
      "Page": 1
    },
    {
      "BlockType": "WORD",
      "Confidence": 98.76383209228516,
      "Text": "1.111",
      "TextType": "PRINTED",
      "Geometry": {
        "BoundingBox": {
          "Width": 0.03258350118994713,
          "Height": 0.018601108342409134,
          "Left": 0.6058207750320435,
          "Top": 0.5090491771697998
        },
        "Polygon": [
          {
            "X": 0.6058207750320435,
            "Y": 0.5090693235397339
          },
          {
            "X": 0.6383758783340454,
            "Y": 0.5090491771697998
          },
          {
            "X": 0.6384043097496033,
            "Y": 0.5276254415512085
          },
          {
            "X": 0.6058496236801147,
            "Y": 0.5276502966880798
          }
        ]
      },
      "Id": "e0e07b15-6462-43be-84c5-7d40fd60c78e",
      "Page": 1
    },
    {
      "BlockType": "WORD",
      "Confidence": 99.73419189453125,
      "Text": "g",
      "TextType": "PRINTED",
      "Geometry": {
        "BoundingBox": {
          "Width": 0.006876339204609394,
          "Height": 0.01917843706905842,
          "Left": 0.6439025402069092,
          "Top": 0.5136390924453735
        },
        "Polygon": [
          {
            "X": 0.6439025402069092,
            "Y": 0.5136435627937317
          },
          {
            "X": 0.650749683380127,
            "Y": 0.5136390924453735
          },
          {
            "X": 0.6507788896560669,
            "Y": 0.5328119993209839
          },
          {
            "X": 0.6439318656921387,
            "Y": 0.5328174829483032
          }
        ]
      },
      "Id": "dae9feb4-f9ea-4f69-b5a8-7902035db33d",
      "Page": 1
    },
    {
      "BlockType": "WORD",
      "Confidence": 98.208740234375,
      "Text": "DPCG-0.224",
      "TextType": "PRINTED",
      "Geometry": {
        "BoundingBox": {
          "Width": 0.07371767610311508,
          "Height": 0.01839570328593254,
          "Left": 0.24732738733291626,
          "Top": 0.5405455827713013
        },
        "Polygon": [
          {
            "X": 0.24732738733291626,
            "Y": 0.5406089425086975
          },
          {
            "X": 0.3210134208202362,
            "Y": 0.5405455827713013
          },
          {
            "X": 0.32104507088661194,
            "Y": 0.5588676333427429
          },
          {
            "X": 0.24735987186431885,
            "Y": 0.5589413046836853
          }
        ]
      },
      "Id": "7db162fd-8288-4ef9-a0a6-c95b14509add",
      "Page": 1
    },
    {
      "BlockType": "WORD",
      "Confidence": 61.27461242675781,
      "Text": "1g",
      "TextType": "PRINTED",
      "Geometry": {
        "BoundingBox": {
          "Width": 0.017512550577521324,
          "Height": 0.022636864334344864,
          "Left": 0.4097805619239807,
          "Top": 0.541175901889801
        },
        "Polygon": [
          {
            "X": 0.4097805619239807,
            "Y": 0.541191041469574
          },
          {
            "X": 0.4272555410861969,
            "Y": 0.541175901889801
          },
          {
            "X": 0.4272931218147278,
            "Y": 0.5637946128845215
          },
          {
            "X": 0.4098184108734131,
            "Y": 0.563812792301178
          }
        ]
      },
      "Id": "3733d875-bdef-43e7-91c4-ab9b3d3afc23",
      "Page": 1
    },
    {
      "BlockType": "WORD",
      "Confidence": 99.34790802001953,
      "Text": "0.224",
      "TextType": "PRINTED",
      "Geometry": {
        "BoundingBox": {
          "Width": 0.033958252519369125,
          "Height": 0.018023092299699783,
          "Left": 0.5232535600662231,
          "Top": 0.5410764813423157
        },
        "Polygon": [
          {
            "X": 0.5232535600662231,
            "Y": 0.5411058068275452
          },
          {
            "X": 0.5571833848953247,
            "Y": 0.5410764813423157
          },
          {
            "X": 0.5572118163108826,
            "Y": 0.5590655207633972
          },
          {
            "X": 0.5232824087142944,
            "Y": 0.559099555015564
          }
        ]
      },
      "Id": "d54f08fc-56cc-41a7-9057-6786912c4c54",
      "Page": 1
    },
    {
      "BlockType": "WORD",
      "Confidence": 99.36223602294922,
      "Text": "g",
      "TextType": "PRINTED",
      "Geometry": {
        "BoundingBox": {
          "Width": 0.006555757950991392,
          "Height": 0.01872534304857254,
          "Left": 0.5615003705024719,
          "Top": 0.5451657772064209
        },
        "Polygon": [
          {
            "X": 0.5615003705024719,
            "Y": 0.5451716184616089
          },
          {
            "X": 0.5680266618728638,
            "Y": 0.5451657772064209
          },
          {
            "X": 0.5680561661720276,
            "Y": 0.5638843178749084
          },
          {
            "X": 0.5615299344062805,
            "Y": 0.5638911128044128
          }
        ]
      },
      "Id": "efd87b57-1b20-4626-b724-011a4ab662f5",
      "Page": 1
    },
    {
      "BlockType": "WORD",
      "Confidence": 98.15898895263672,
      "Text": "1.224",
      "TextType": "PRINTED",
      "Geometry": {
        "BoundingBox": {
          "Width": 0.033465705811977386,
          "Height": 0.017760779708623886,
          "Left": 0.6060226559638977,
          "Top": 0.5406777858734131
        },
        "Polygon": [
          {
            "X": 0.6060226559638977,
            "Y": 0.5407066345214844
          },
          {
            "X": 0.6394612193107605,
            "Y": 0.5406777858734131
          },
          {
            "X": 0.6394883394241333,
            "Y": 0.5584052205085754
          },
          {
            "X": 0.6060501337051392,
            "Y": 0.5584385991096497
          }
        ]
      },
      "Id": "21353b2c-bbc7-40d0-a0d7-a77662edae11",
      "Page": 1
    },
    {
      "BlockType": "WORD",
      "Confidence": 99.77665710449219,
      "Text": "g",
      "TextType": "PRINTED",
      "Geometry": {
        "BoundingBox": {
          "Width": 0.006530378945171833,
          "Height": 0.01845405623316765,
          "Left": 0.6441149711608887,
          "Top": 0.5452455878257751
        },
        "Polygon": [
          {
            "X": 0.6441149711608887,
            "Y": 0.5452514290809631
          },
          {
            "X": 0.650617241859436,
            "Y": 0.5452455878257751
          },
          {
            "X": 0.65064537525177,
            "Y": 0.5636928677558899
          },
          {
            "X": 0.6441431641578674,
            "Y": 0.5636996626853943
          }
        ]
      },
      "Id": "b8bbd592-03ac-4ba0-9680-68a2f02ae8fd",
      "Page": 1
    },
    {
      "BlockType": "WORD",
      "Confidence": 98.52841186523438,
      "Text": "DPCG-0.340",
      "TextType": "PRINTED",
      "Geometry": {
        "BoundingBox": {
          "Width": 0.07375314831733704,
          "Height": 0.0187174454331398,
          "Left": 0.24734769761562347,
          "Top": 0.5702242255210876
        },
        "Polygon": [
          {
            "X": 0.24734769761562347,
            "Y": 0.5703043341636658
          },
          {
            "X": 0.321068674325943,
            "Y": 0.5702242255210876
          },
          {
            "X": 0.3211008608341217,
            "Y": 0.5888510346412659
          },
          {
            "X": 0.24738073348999023,
            "Y": 0.5889416337013245
          }
        ]
      },
      "Id": "b2669d69-fe04-40a6-a3e5-b0b3a68cf1cc",
      "Page": 1
    },
    {
      "BlockType": "WORD",
      "Confidence": 58.81660461425781,
      "Text": "1 g",
      "TextType": "PRINTED",
      "Geometry": {
        "BoundingBox": {
          "Width": 0.017778411507606506,
          "Height": 0.02365165390074253,
          "Left": 0.40973690152168274,
          "Top": 0.5705498456954956
        },
        "Polygon": [
          {
            "X": 0.40973690152168274,
            "Y": 0.5705691576004028
          },
          {
            "X": 0.42747607827186584,
            "Y": 0.5705498456954956
          },
          {
            "X": 0.42751532793045044,
            "Y": 0.5941789746284485
          },
          {
            "X": 0.4097764492034912,
            "Y": 0.5942015051841736
          }
        ]
      },
      "Id": "78d4fdc0-86f3-41e3-a57c-1361262a143d",
      "Page": 1
    },
    {
      "BlockType": "WORD",
      "Confidence": 98.52973937988281,
      "Text": "0.340",
      "TextType": "PRINTED",
      "Geometry": {
        "BoundingBox": {
          "Width": 0.03361409157514572,
          "Height": 0.01793241873383522,
          "Left": 0.5233790278434753,
          "Top": 0.5710569620132446
        },
        "Polygon": [
          {
            "X": 0.5233790278434753,
            "Y": 0.571093738079071
          },
          {
            "X": 0.5569648146629333,
            "Y": 0.5710569620132446
          },
          {
            "X": 0.5569931268692017,
            "Y": 0.5889480113983154
          },
          {
            "X": 0.5234076976776123,
            "Y": 0.5889893770217896
          }
        ]
      },
      "Id": "e13f3987-43f2-4bf4-832c-4f6325a89b0b",
      "Page": 1
    },
    {
      "BlockType": "WORD",
      "Confidence": 99.11347961425781,
      "Text": "g",
      "TextType": "PRINTED",
      "Geometry": {
        "BoundingBox": {
          "Width": 0.006737852934747934,
          "Height": 0.01912597194314003,
          "Left": 0.5613779425621033,
          "Top": 0.5747501254081726
        },
        "Polygon": [
          {
            "X": 0.5613779425621033,
            "Y": 0.5747576355934143
          },
          {
            "X": 0.5680857300758362,
            "Y": 0.5747501254081726
          },
          {
            "X": 0.5681158304214478,
            "Y": 0.5938675403594971
          },
          {
            "X": 0.5614081621170044,
            "Y": 0.5938760638237
          }
        ]
      },
      "Id": "4e53050e-4e71-4810-806b-86750860cbbe",
      "Page": 1
    },
    {
      "BlockType": "WORD",
      "Confidence": 98.505615234375,
      "Text": "1.340",
      "TextType": "PRINTED",
      "Geometry": {
        "BoundingBox": {
          "Width": 0.03331268951296806,
          "Height": 0.01770320162177086,
          "Left": 0.6060402393341064,
          "Top": 0.5710322260856628
        },
        "Polygon": [
          {
            "X": 0.6060402393341064,
            "Y": 0.5710687041282654
          },
          {
            "X": 0.6393259167671204,
            "Y": 0.5710322260856628
          },
          {
            "X": 0.6393529772758484,
            "Y": 0.5886944532394409
          },
          {
            "X": 0.6060676574707031,
            "Y": 0.5887354016304016
          }
        ]
      },
      "Id": "363c2a83-d275-4c06-90b9-617999e37bb8",
      "Page": 1
    },
    {
      "BlockType": "WORD",
      "Confidence": 99.46524047851562,
      "Text": "g",
      "TextType": "PRINTED",
      "Geometry": {
        "BoundingBox": {
          "Width": 0.006707667838782072,
          "Height": 0.01915757730603218,
          "Left": 0.6438672542572021,
          "Top": 0.5748043060302734
        },
        "Polygon": [
          {
            "X": 0.6438672542572021,
            "Y": 0.5748118162155151
          },
          {
            "X": 0.6505457162857056,
            "Y": 0.5748043060302734
          },
          {
            "X": 0.6505748629570007,
            "Y": 0.5939533710479736
          },
          {
            "X": 0.6438964605331421,
            "Y": 0.5939618945121765
          }
        ]
      },
      "Id": "a4178c01-ca94-4e39-a70c-854aa2d05475",
      "Page": 1
    },
    {
      "BlockType": "TABLE",
      "Confidence": 99.951171875,
      "Geometry": {
        "BoundingBox": {
          "Width": 0.5404601693153381,
          "Height": 0.2189331203699112,
          "Left": 0.23011793196201324,
          "Top": 0.389200359582901
        },
        "Polygon": [
          {
            "X": 0.23011793196201324,
            "Y": 0.389200359582901
          },
          {
            "X": 0.7702620029449463,
            "Y": 0.3893614411354065
          },
          {
            "X": 0.7705780863761902,
            "Y": 0.6073905229568481
          },
          {
            "X": 0.23050829768180847,
            "Y": 0.6081334948539734
          }
        ]
      },
      "Id": "51938c3e-26fb-480e-9293-0dc933b19e03",
      "Relationships": [
        {
          "Type": "CHILD",
          "Ids": [
            "2e60fd2b-3047-4ce9-abaf-44e8a437444f",
            "8888d65b-f55a-4ee0-a682-4306a76bf28d",
            "cb0b6cf1-ab67-408b-8b30-64a6048cf315",
            "55aa871d-6fbd-4f2c-8450-ee8ba7ded094",
            "d957587e-e2ee-4d6e-a95f-42d967061668",
            "8a58defc-66cb-4fcf-b1d7-f2aa709c3b67",
            "4d8de8f9-fbbb-468c-a71a-50528ab028f3",
            "3f68c8b5-c112-488f-9f5f-7058a26ed596",
            "3a789e13-c087-4b95-b828-333adf37b9fe",
            "21e83ef0-98b2-4553-9a6e-f42e21f15580",
            "5a11d4d3-50b2-4d3a-813d-2bec8e95d596",
            "c4402e1e-fe90-4882-9198-60aff672a7e3",
            "b5002ac5-3783-4178-b4d5-07ea57b3b93d",
            "8768ebd8-cef4-4d45-b8d1-35af8e2df100",
            "1129915c-242d-4e62-88b4-624ea00155a9",
            "cf466895-b112-4b17-b930-3cba70def6a1",
            "ac7dd5ed-007e-4453-866d-76e0b10cdba4",
            "4472c537-61bf-4183-8b0c-beb9667f3b3d",
            "25340307-538b-407d-9f5c-e84ede58d211",
            "0821d9b4-4cbe-4a1a-af00-8730f6ebd578",
            "213e2c66-2195-4eb1-94b2-cdae966c8136",
            "b7c59564-7614-4753-b758-0f7a7025b809",
            "fee49bf5-337a-4d61-8c99-9a36f0a30152",
            "76605ee1-f079-4a20-81a8-34db539578cd"
          ]
        }
      ],
      "EntityTypes": [
        "STRUCTURED_TABLE"
      ],
      "Page": 1
    },
    {
      "BlockType": "CELL",
      "Confidence": 93.994140625,
      "RowIndex": 1,
      "ColumnIndex": 1,
      "RowSpan": 1,
      "ColumnSpan": 1,
      "Geometry": {
        "BoundingBox": {
          "Width": 0.15934307873249054,
          "Height": 0.04379342123866081,
          "Left": 0.23011793196201324,
          "Top": 0.389200359582901
        },
        "Polygon": [
          {
            "X": 0.23011793196201324,
            "Y": 0.389200359582901
          },
          {
            "X": 0.389387309551239,
            "Y": 0.3892478346824646
          },
          {
            "X": 0.3894610106945038,
            "Y": 0.43298792839050293
          },
          {
            "X": 0.230196014046669,
            "Y": 0.4329937696456909
          }
        ]
      },
      "Id": "2e60fd2b-3047-4ce9-abaf-44e8a437444f",
      "Relationships": [
        {
          "Type": "CHILD",
          "Ids": [
            "748fa837-2b8d-4215-a74f-29cd8f8e6cb4"
          ]
        }
      ],
      "EntityTypes": [
        "COLUMN_HEADER"
      ],
      "Page": 1
    },
    {
      "BlockType": "CELL",
      "Confidence": 91.455078125,
      "RowIndex": 1,
      "ColumnIndex": 2,
      "RowSpan": 1,
      "ColumnSpan": 1,
      "Geometry": {
        "BoundingBox": {
          "Width": 0.11341923475265503,
          "Height": 0.04374009370803833,
          "Left": 0.389387309551239,
          "Top": 0.3892478346824646
        },
        "Polygon": [
          {
            "X": 0.389387309551239,
            "Y": 0.3892478346824646
          },
          {
            "X": 0.50273597240448,
            "Y": 0.38928166031837463
          },
          {
            "X": 0.502806544303894,
            "Y": 0.43298378586769104
          },
          {
            "X": 0.3894610106945038,
            "Y": 0.43298792839050293
          }
        ]
      },
      "Id": "8888d65b-f55a-4ee0-a682-4306a76bf28d",
      "Relationships": [
        {
          "Type": "CHILD",
          "Ids": [
            "f771dddf-cb74-40cc-ad3e-0e2d8664775f",
            "26ad3efa-5654-4faa-a161-8fd86e93671c"
          ]
        }
      ],
      "EntityTypes": [
        "COLUMN_HEADER"
      ],
      "Page": 1
    },
    {
      "BlockType": "CELL",
      "Confidence": 88.8671875,
      "RowIndex": 1,
      "ColumnIndex": 3,
      "RowSpan": 1,
      "ColumnSpan": 1,
      "Geometry": {
        "BoundingBox": {
          "Width": 0.0857149288058281,
          "Height": 0.0437021441757679,
          "Left": 0.50273597240448,
          "Top": 0.38928166031837463
        },
        "Polygon": [
          {
            "X": 0.50273597240448,
            "Y": 0.38928166031837463
          },
          {
            "X": 0.5883827209472656,
            "Y": 0.3893072009086609
          },
          {
            "X": 0.5884509086608887,
            "Y": 0.43298065662384033
          },
          {
            "X": 0.502806544303894,
            "Y": 0.43298378586769104
          }
        ]
      },
      "Id": "cb0b6cf1-ab67-408b-8b30-64a6048cf315",
      "Relationships": [
        {
          "Type": "CHILD",
          "Ids": [
            "004066dc-7878-482f-839e-17e7192a9fa2"
          ]
        }
      ],
      "EntityTypes": [
        "COLUMN_HEADER"
      ],
      "Page": 1
    },
    {
      "BlockType": "CELL",
      "Confidence": 94.970703125,
      "RowIndex": 1,
      "ColumnIndex": 4,
      "RowSpan": 1,
      "ColumnSpan": 1,
      "Geometry": {
        "BoundingBox": {
          "Width": 0.18194250762462616,
          "Height": 0.04367346689105034,
          "Left": 0.5883827209472656,
          "Top": 0.3893072009086609
        },
        "Polygon": [
          {
            "X": 0.5883827209472656,
            "Y": 0.3893072009086609
          },
          {
            "X": 0.7702620029449463,
            "Y": 0.3893614411354065
          },
          {
            "X": 0.7703251838684082,
            "Y": 0.4329740107059479
          },
          {
            "X": 0.5884509086608887,
            "Y": 0.43298065662384033
          }
        ]
      },
      "Id": "55aa871d-6fbd-4f2c-8450-ee8ba7ded094",
      "Relationships": [
        {
          "Type": "CHILD",
          "Ids": [
            "cf41b042-8ee7-4e16-ab7e-e6384fc20d4e",
            "a9a9beb5-d1b1-4be7-bef4-f5f9ac1b865e",
            "e54b8dd8-aa73-44b7-a875-acf68195210d",
            "82526b19-17c8-4517-9154-07413daeee4f"
          ]
        }
      ],
      "EntityTypes": [
        "COLUMN_HEADER"
      ],
      "Page": 1
    },
    {
      "BlockType": "CELL",
      "Confidence": 91.064453125,
      "RowIndex": 2,
      "ColumnIndex": 1,
      "RowSpan": 1,
      "ColumnSpan": 1,
      "Geometry": {
        "BoundingBox": {
          "Width": 0.15933279693126678,
          "Height": 0.040296901017427444,
          "Left": 0.230196014046669,
          "Top": 0.43298792839050293
        },
        "Polygon": [
          {
            "X": 0.230196014046669,
            "Y": 0.4329937696456909
          },
          {
            "X": 0.3894610106945038,
            "Y": 0.43298792839050293
          },
          {
            "X": 0.3895288109779358,
            "Y": 0.47322994470596313
          },
          {
            "X": 0.23026786744594574,
            "Y": 0.47328484058380127
          }
        ]
      },
      "Id": "d957587e-e2ee-4d6e-a95f-42d967061668",
      "Relationships": [
        {
          "Type": "CHILD",
          "Ids": [
            "bd812593-e155-4514-9321-477eb9297285",
            "104eb159-00e2-432f-acac-02368cabb0eb",
            "85c2edcd-cbe2-45eb-9adc-1d5c337c39ea"
          ]
        }
      ],
      "Page": 1
    },
    {
      "BlockType": "CELL",
      "Confidence": 88.623046875,
      "RowIndex": 2,
      "ColumnIndex": 2,
      "RowSpan": 1,
      "ColumnSpan": 1,
      "Geometry": {
        "BoundingBox": {
          "Width": 0.11341047286987305,
          "Height": 0.04024616256356239,
          "Left": 0.3894610106945038,
          "Top": 0.43298378586769104
        },
        "Polygon": [
          {
            "X": 0.3894610106945038,
            "Y": 0.43298792839050293
          },
          {
            "X": 0.502806544303894,
            "Y": 0.43298378586769104
          },
          {
            "X": 0.5028715133666992,
            "Y": 0.47319087386131287
          },
          {
            "X": 0.3895288109779358,
            "Y": 0.47322994470596313
          }
        ]
      },
      "Id": "8a58defc-66cb-4fcf-b1d7-f2aa709c3b67",
      "Relationships": [
        {
          "Type": "CHILD",
          "Ids": [
            "0bb53665-4796-4f39-91e4-fdebc9e4208f"
          ]
        }
      ],
      "Page": 1
    },
    {
      "BlockType": "CELL",
      "Confidence": 86.1328125,
      "RowIndex": 2,
      "ColumnIndex": 3,
      "RowSpan": 1,
      "ColumnSpan": 1,
      "Geometry": {
        "BoundingBox": {
          "Width": 0.08570711314678192,
          "Height": 0.04021023213863373,
          "Left": 0.502806544303894,
          "Top": 0.43298065662384033
        },
        "Polygon": [
          {
            "X": 0.502806544303894,
            "Y": 0.43298378586769104
          },
          {
            "X": 0.5884509086608887,
            "Y": 0.43298065662384033
          },
          {
            "X": 0.5885136723518372,
            "Y": 0.47316136956214905
          },
          {
            "X": 0.5028715133666992,
            "Y": 0.47319087386131287
          }
        ]
      },
      "Id": "4d8de8f9-fbbb-468c-a71a-50528ab028f3",
      "Relationships": [
        {
          "Type": "CHILD",
          "Ids": [
            "075efd06-5dd6-4d5b-8776-263f8b10f829"
          ]
        }
      ],
      "Page": 1
    },
    {
      "BlockType": "CELL",
      "Confidence": 92.041015625,
      "RowIndex": 2,
      "ColumnIndex": 4,
      "RowSpan": 1,
      "ColumnSpan": 1,
      "Geometry": {
        "BoundingBox": {
          "Width": 0.1819324642419815,
          "Height": 0.040187373757362366,
          "Left": 0.5884509086608887,
          "Top": 0.4329740107059479
        },
        "Polygon": [
          {
            "X": 0.5884509086608887,
            "Y": 0.43298065662384033
          },
          {
            "X": 0.7703251838684082,
            "Y": 0.4329740107059479
          },
          {
            "X": 0.770383358001709,
            "Y": 0.4730986952781677
          },
          {
            "X": 0.5885136723518372,
            "Y": 0.47316136956214905
          }
        ]
      },
      "Id": "3f68c8b5-c112-488f-9f5f-7058a26ed596",
      "Relationships": [
        {
          "Type": "CHILD",
          "Ids": [
            "d6a7545a-95cf-42d7-a661-25052ace0eba"
          ]
        }
      ],
      "Page": 1
    },
    {
      "BlockType": "CELL",
      "Confidence": 88.427734375,
      "RowIndex": 3,
      "ColumnIndex": 1,
      "RowSpan": 1,
      "ColumnSpan": 1,
      "Geometry": {
        "BoundingBox": {
          "Width": 0.15931344032287598,
          "Height": 0.031246598809957504,
          "Left": 0.23026786744594574,
          "Top": 0.47322994470596313
        },
        "Polygon": [
          {
            "X": 0.23026786744594574,
            "Y": 0.47328484058380127
          },
          {
            "X": 0.3895288109779358,
            "Y": 0.47322994470596313
          },
          {
            "X": 0.3895812928676605,
            "Y": 0.5043836832046509
          },
          {
            "X": 0.23032347857952118,
            "Y": 0.5044765472412109
          }
        ]
      },
      "Id": "3a789e13-c087-4b95-b828-333adf37b9fe",
      "Relationships": [
        {
          "Type": "CHILD",
          "Ids": [
            "df18df75-6f6d-4509-aa1f-8be232cac338"
          ]
        }
      ],
      "Page": 1
    },
    {
      "BlockType": "CELL",
      "Confidence": 86.083984375,
      "RowIndex": 3,
      "ColumnIndex": 2,
      "RowSpan": 1,
      "ColumnSpan": 1,
      "Geometry": {
        "BoundingBox": {
          "Width": 0.11339294165372849,
          "Height": 0.031192796304821968,
          "Left": 0.3895288109779358,
          "Top": 0.47319087386131287
        },
        "Polygon": [
          {
            "X": 0.3895288109779358,
            "Y": 0.47322994470596313
          },
          {
            "X": 0.5028715133666992,
            "Y": 0.47319087386131287
          },
          {
            "X": 0.5029217600822449,
            "Y": 0.504317581653595
          },
          {
            "X": 0.3895812928676605,
            "Y": 0.5043836832046509
          }
        ]
      },
      "Id": "21e83ef0-98b2-4553-9a6e-f42e21f15580",
      "Relationships": [
        {
          "Type": "CHILD",
          "Ids": [
            "3fd8aa1b-77f3-4450-a7b3-b227d8337bfc"
          ]
        }
      ],
      "Page": 1
    },
    {
      "BlockType": "CELL",
      "Confidence": 83.642578125,
      "RowIndex": 3,
      "ColumnIndex": 3,
      "RowSpan": 1,
      "ColumnSpan": 1,
      "Geometry": {
        "BoundingBox": {
          "Width": 0.08569077402353287,
          "Height": 0.03115622140467167,
          "Left": 0.5028715133666992,
          "Top": 0.47316136956214905
        },
        "Polygon": [
          {
            "X": 0.5028715133666992,
            "Y": 0.47319087386131287
          },
          {
            "X": 0.5885136723518372,
            "Y": 0.47316136956214905
          },
          {
            "X": 0.5885622501373291,
            "Y": 0.5042676329612732
          },
          {
            "X": 0.5029217600822449,
            "Y": 0.504317581653595
          }
        ]
      },
      "Id": "5a11d4d3-50b2-4d3a-813d-2bec8e95d596",
      "Relationships": [
        {
          "Type": "CHILD",
          "Ids": [
            "98137027-ca91-4cd7-9908-2987451af023",
            "af01a1a8-f9d6-4ae5-91ae-3c25187d19c4"
          ]
        }
      ],
      "Page": 1
    },
    {
      "BlockType": "CELL",
      "Confidence": 89.404296875,
      "RowIndex": 3,
      "ColumnIndex": 4,
      "RowSpan": 1,
      "ColumnSpan": 1,
      "Geometry": {
        "BoundingBox": {
          "Width": 0.18191474676132202,
          "Height": 0.031168963760137558,
          "Left": 0.5885136723518372,
          "Top": 0.4730986952781677
        },
        "Polygon": [
          {
            "X": 0.5885136723518372,
            "Y": 0.47316136956214905
          },
          {
            "X": 0.770383358001709,
            "Y": 0.4730986952781677
          },
          {
            "X": 0.7704284191131592,
            "Y": 0.5041615962982178
          },
          {
            "X": 0.5885622501373291,
            "Y": 0.5042676329612732
          }
        ]
      },
      "Id": "c4402e1e-fe90-4882-9198-60aff672a7e3",
      "Relationships": [
        {
          "Type": "CHILD",
          "Ids": [
            "d7985650-9df6-4d4c-8a76-63536c5cffba",
            "b97ca183-5082-45c8-8d66-526d106e3419"
          ]
        }
      ],
      "Page": 1
    },
    {
      "BlockType": "CELL",
      "Confidence": 87.98828125,
      "RowIndex": 4,
      "ColumnIndex": 1,
      "RowSpan": 1,
      "ColumnSpan": 1,
      "Geometry": {
        "BoundingBox": {
          "Width": 0.15931031107902527,
          "Height": 0.03128337487578392,
          "Left": 0.23032347857952118,
          "Top": 0.5043836832046509
        },
        "Polygon": [
          {
            "X": 0.23032347857952118,
            "Y": 0.5044765472412109
          },
          {
            "X": 0.3895812928676605,
            "Y": 0.5043836832046509
          },
          {
            "X": 0.38963377475738525,
            "Y": 0.5355362296104431
          },
          {
            "X": 0.23037908971309662,
            "Y": 0.5356670618057251
          }
        ]
      },
      "Id": "b5002ac5-3783-4178-b4d5-07ea57b3b93d",
      "Relationships": [
        {
          "Type": "CHILD",
          "Ids": [
            "1a5b7525-b766-49bd-a3ac-884d9dcb06f0"
          ]
        }
      ],
      "Page": 1
    },
    {
      "BlockType": "CELL",
      "Confidence": 85.595703125,
      "RowIndex": 4,
      "ColumnIndex": 2,
      "RowSpan": 1,
      "ColumnSpan": 1,
      "Geometry": {
        "BoundingBox": {
          "Width": 0.11339071393013,
          "Height": 0.031218627467751503,
          "Left": 0.3895812928676605,
          "Top": 0.504317581653595
        },
        "Polygon": [
          {
            "X": 0.3895812928676605,
            "Y": 0.5043836832046509
          },
          {
            "X": 0.5029217600822449,
            "Y": 0.504317581653595
          },
          {
            "X": 0.5029720067977905,
            "Y": 0.535443127155304
          },
          {
            "X": 0.38963377475738525,
            "Y": 0.5355362296104431
          }
        ]
      },
      "Id": "8768ebd8-cef4-4d45-b8d1-35af8e2df100",
      "Relationships": [
        {
          "Type": "CHILD",
          "Ids": [
            "da2ecf7a-7297-48a4-b8ca-074161373b4e"
          ]
        }
      ],
      "Page": 1
    },
    {
      "BlockType": "CELL",
      "Confidence": 83.203125,
      "RowIndex": 4,
      "ColumnIndex": 3,
      "RowSpan": 1,
      "ColumnSpan": 1,
      "Geometry": {
        "BoundingBox": {
          "Width": 0.08568909764289856,
          "Height": 0.03117544949054718,
          "Left": 0.5029217600822449,
          "Top": 0.5042676329612732
        },
        "Polygon": [
          {
            "X": 0.5029217600822449,
            "Y": 0.504317581653595
          },
          {
            "X": 0.5885622501373291,
            "Y": 0.5042676329612732
          },
          {
            "X": 0.588610827922821,
            "Y": 0.5353727340698242
          },
          {
            "X": 0.5029720067977905,
            "Y": 0.535443127155304
          }
        ]
      },
      "Id": "1129915c-242d-4e62-88b4-624ea00155a9",
      "Relationships": [
        {
          "Type": "CHILD",
          "Ids": [
            "d6e8c968-42de-4399-8761-1294c7b2bdab",
            "d9ea9ada-dc0d-4528-85c3-51c169d85437"
          ]
        }
      ],
      "Page": 1
    },
    {
      "BlockType": "CELL",
      "Confidence": 88.916015625,
      "RowIndex": 4,
      "ColumnIndex": 4,
      "RowSpan": 1,
      "ColumnSpan": 1,
      "Geometry": {
        "BoundingBox": {
          "Width": 0.1819111853837967,
          "Height": 0.031211137771606445,
          "Left": 0.5885622501373291,
          "Top": 0.5041615962982178
        },
        "Polygon": [
          {
            "X": 0.5885622501373291,
            "Y": 0.5042676329612732
          },
          {
            "X": 0.7704284191131592,
            "Y": 0.5041615962982178
          },
          {
            "X": 0.7704734802246094,
            "Y": 0.5352233052253723
          },
          {
            "X": 0.588610827922821,
            "Y": 0.5353727340698242
          }
        ]
      },
      "Id": "cf466895-b112-4b17-b930-3cba70def6a1",
      "Relationships": [
        {
          "Type": "CHILD",
          "Ids": [
            "e0e07b15-6462-43be-84c5-7d40fd60c78e",
            "dae9feb4-f9ea-4f69-b5a8-7902035db33d"
          ]
        }
      ],
      "Page": 1
    },
    {
      "BlockType": "CELL",
      "Confidence": 81.0546875,
      "RowIndex": 5,
      "ColumnIndex": 1,
      "RowSpan": 1,
      "ColumnSpan": 1,
      "Geometry": {
        "BoundingBox": {
          "Width": 0.15930718183517456,
          "Height": 0.031320150941610336,
          "Left": 0.23037908971309662,
          "Top": 0.5355362296104431
        },
        "Polygon": [
          {
            "X": 0.23037908971309662,
            "Y": 0.5356670618057251
          },
          {
            "X": 0.38963377475738525,
            "Y": 0.5355362296104431
          },
          {
            "X": 0.3896862864494324,
            "Y": 0.5666875839233398
          },
          {
            "X": 0.23043470084667206,
            "Y": 0.5668563842773438
          }
        ]
      },
      "Id": "ac7dd5ed-007e-4453-866d-76e0b10cdba4",
      "Relationships": [
        {
          "Type": "CHILD",
          "Ids": [
            "7db162fd-8288-4ef9-a0a6-c95b14509add"
          ]
        }
      ],
      "Page": 1
    },
    {
      "BlockType": "CELL",
      "Confidence": 78.857421875,
      "RowIndex": 5,
      "ColumnIndex": 2,
      "RowSpan": 1,
      "ColumnSpan": 1,
      "Geometry": {
        "BoundingBox": {
          "Width": 0.11338849365711212,
          "Height": 0.03124445490539074,
          "Left": 0.38963377475738525,
          "Top": 0.535443127155304
        },
        "Polygon": [
          {
            "X": 0.38963377475738525,
            "Y": 0.5355362296104431
          },
          {
            "X": 0.5029720067977905,
            "Y": 0.535443127155304
          },
          {
            "X": 0.5030222535133362,
            "Y": 0.5665674209594727
          },
          {
            "X": 0.3896862864494324,
            "Y": 0.5666875839233398
          }
        ]
      },
      "Id": "4472c537-61bf-4183-8b0c-beb9667f3b3d",
      "Relationships": [
        {
          "Type": "CHILD",
          "Ids": [
            "3733d875-bdef-43e7-91c4-ab9b3d3afc23"
          ]
        }
      ],
      "Page": 1
    },
    {
      "BlockType": "CELL",
      "Confidence": 76.611328125,
      "RowIndex": 5,
      "ColumnIndex": 3,
      "RowSpan": 1,
      "ColumnSpan": 1,
      "Geometry": {
        "BoundingBox": {
          "Width": 0.08568742126226425,
          "Height": 0.031194673851132393,
          "Left": 0.5029720067977905,
          "Top": 0.5353727340698242
        },
        "Polygon": [
          {
            "X": 0.5029720067977905,
            "Y": 0.535443127155304
          },
          {
            "X": 0.588610827922821,
            "Y": 0.5353727340698242
          },
          {
            "X": 0.5886594653129578,
            "Y": 0.5664766430854797
          },
          {
            "X": 0.5030222535133362,
            "Y": 0.5665674209594727
          }
        ]
      },
      "Id": "25340307-538b-407d-9f5c-e84ede58d211",
      "Relationships": [
        {
          "Type": "CHILD",
          "Ids": [
            "d54f08fc-56cc-41a7-9057-6786912c4c54",
            "efd87b57-1b20-4626-b724-011a4ab662f5"
          ]
        }
      ],
      "Page": 1
    },
    {
      "BlockType": "CELL",
      "Confidence": 81.884765625,
      "RowIndex": 5,
      "ColumnIndex": 4,
      "RowSpan": 1,
      "ColumnSpan": 1,
      "Geometry": {
        "BoundingBox": {
          "Width": 0.18190762400627136,
          "Height": 0.03125331178307533,
          "Left": 0.588610827922821,
          "Top": 0.5352233052253723
        },
        "Polygon": [
          {
            "X": 0.588610827922821,
            "Y": 0.5353727340698242
          },
          {
            "X": 0.7704734802246094,
            "Y": 0.5352233052253723
          },
          {
            "X": 0.7705184817314148,
            "Y": 0.5662838816642761
          },
          {
            "X": 0.5886594653129578,
            "Y": 0.5664766430854797
          }
        ]
      },
      "Id": "0821d9b4-4cbe-4a1a-af00-8730f6ebd578",
      "Relationships": [
        {
          "Type": "CHILD",
          "Ids": [
            "21353b2c-bbc7-40d0-a0d7-a77662edae11",
            "b8bbd592-03ac-4ba0-9680-68a2f02ae8fd"
          ]
        }
      ],
      "Page": 1
    },
    {
      "BlockType": "CELL",
      "Confidence": 43.1640625,
      "RowIndex": 6,
      "ColumnIndex": 1,
      "RowSpan": 1,
      "ColumnSpan": 1,
      "Geometry": {
        "BoundingBox": {
          "Width": 0.15932102501392365,
          "Height": 0.041445910930633545,
          "Left": 0.23043470084667206,
          "Top": 0.5666875839233398
        },
        "Polygon": [
          {
            "X": 0.23043470084667206,
            "Y": 0.5668563842773438
          },
          {
            "X": 0.3896862864494324,
            "Y": 0.5666875839233398
          },
          {
            "X": 0.3897557258605957,
            "Y": 0.607914388179779
          },
          {
            "X": 0.23050829768180847,
            "Y": 0.6081334948539734
          }
        ]
      },
      "Id": "213e2c66-2195-4eb1-94b2-cdae966c8136",
      "Relationships": [
        {
          "Type": "CHILD",
          "Ids": [
            "b2669d69-fe04-40a6-a3e5-b0b3a68cf1cc"
          ]
        }
      ],
      "Page": 1
    },
    {
      "BlockType": "CELL",
      "Confidence": 42.0166015625,
      "RowIndex": 6,
      "ColumnIndex": 2,
      "RowSpan": 1,
      "ColumnSpan": 1,
      "Geometry": {
        "BoundingBox": {
          "Width": 0.11340252310037613,
          "Height": 0.04134698584675789,
          "Left": 0.3896862864494324,
          "Top": 0.5665674209594727
        },
        "Polygon": [
          {
            "X": 0.3896862864494324,
            "Y": 0.5666875839233398
          },
          {
            "X": 0.5030222535133362,
            "Y": 0.5665674209594727
          },
          {
            "X": 0.5030887722969055,
            "Y": 0.6077585220336914
          },
          {
            "X": 0.3897557258605957,
            "Y": 0.607914388179779
          }
        ]
      },
      "Id": "b7c59564-7614-4753-b758-0f7a7025b809",
      "Relationships": [
        {
          "Type": "CHILD",
          "Ids": [
            "78d4fdc0-86f3-41e3-a57c-1361262a143d"
          ]
        }
      ],
      "Page": 1
    },
    {
      "BlockType": "CELL",
      "Confidence": 40.8203125,
      "RowIndex": 6,
      "ColumnIndex": 3,
      "RowSpan": 1,
      "ColumnSpan": 1,
      "Geometry": {
        "BoundingBox": {
          "Width": 0.08570145815610886,
          "Height": 0.041281864047050476,
          "Left": 0.5030222535133362,
          "Top": 0.5664766430854797
        },
        "Polygon": [
          {
            "X": 0.5030222535133362,
            "Y": 0.5665674209594727
          },
          {
            "X": 0.5886594653129578,
            "Y": 0.5664766430854797
          },
          {
            "X": 0.5887237191200256,
            "Y": 0.6076406836509705
          },
          {
            "X": 0.5030887722969055,
            "Y": 0.6077585220336914
          }
        ]
      },
      "Id": "fee49bf5-337a-4d61-8c99-9a36f0a30152",
      "Relationships": [
        {
          "Type": "CHILD",
          "Ids": [
            "e13f3987-43f2-4bf4-832c-4f6325a89b0b",
            "4e53050e-4e71-4810-806b-86750860cbbe"
          ]
        }
      ],
      "Page": 1
    },
    {
      "BlockType": "CELL",
      "Confidence": 43.6279296875,
      "RowIndex": 6,
      "ColumnIndex": 4,
      "RowSpan": 1,
      "ColumnSpan": 1,
      "Geometry": {
        "BoundingBox": {
          "Width": 0.18191863596439362,
          "Height": 0.04135683923959732,
          "Left": 0.5886594653129578,
          "Top": 0.5662838816642761
        },
        "Polygon": [
          {
            "X": 0.5886594653129578,
            "Y": 0.5664766430854797
          },
          {
            "X": 0.7705184817314148,
            "Y": 0.5662838816642761
          },
          {
            "X": 0.7705780863761902,
            "Y": 0.6073905229568481
          },
          {
            "X": 0.5887237191200256,
            "Y": 0.6076406836509705
          }
        ]
      },
      "Id": "76605ee1-f079-4a20-81a8-34db539578cd",
      "Relationships": [
        {
          "Type": "CHILD",
          "Ids": [
            "363c2a83-d275-4c06-90b9-617999e37bb8",
            "a4178c01-ca94-4e39-a70c-854aa2d05475"
          ]
        }
      ],
      "Page": 1
    }
  ],
  "AnalyzeDocumentModelVersion": "1.0"
}