{
  "DocumentMetadata": {
    "Pages": 1
  },
  "JobStatus": "SUCCEEDED",
  "Blocks": [
    {
      "BlockType": "PAGE",
      "Geometry": {
        "BoundingBox": {
          "Width": 0.4178117513656616,
          "Height": 0.27922356128692627,
          "Left": 0.2917262017726898,
          "Top": 0.3568466305732727
        },
        "Polygon": [
          {
            "X": 0.29251334071159363,
            "Y": 0.3568466305732727
          },
          {
            "X": 0.709220290184021,
            "Y": 0.3577122688293457
          },
          {
            "X": 0.7095379829406738,
            "Y": 0.636070191860199
          },
          {
            "X": 0.2917262017726898,
            "Y": 0.6351261138916016
          }
        ]
      },
      "Id": "eaf0cccb-7697-4ca2-9063-58a6cafa8dfa",
      "Relationships": [
        {
          "Type": "CHILD",
          "Ids": [
            "1144a004-e93b-4454-838c-07a4eace1f64",
            "ead87f79-a723-4e2a-9009-0cc59e793b19",
            "4a8ff7e2-32c6-4e7d-9e50-60a7f08ea9f4",
            "52e4bf58-b953-4a45-a859-df95077efcc0",
            "02908bbb-c7ff-43f2-a5ff-b95036ee067f",
            "583a0ba7-3c1a-4f8f-b392-cf5b6bd028b0",
            "1b7e5954-0450-4946-9ead-f31f56f1d1c3",
            "85d1f5ec-bd6f-4eec-abe0-762edc3affbe",
            "a344fc53-b819-47ef-88ae-d678f398b023",
            "11f91d13-d3c2-43d7-9057-935ee077be88",
            "3d9f1768-0f38-4e86-9e16-75c4f041cd1c",
            "962f86a6-a6a7-4587-b77c-235e86a99c9d",
            "3a0a9394-adb8-4734-811d-2af5f667f688",
            "e2a87032-e3cd-432a-8ff7-96b141af25f9",
            "7b1ddeb3-7151-43cc-bf5f-fa19ad5b0f0b",
            "b1ec722b-64e0-46a5-b105-84bff280b282",
            "8db97760-2cf1-461c-92ea-7cb1ab813b5b",
            "0754bfc3-1429-4ad6-b88d-9fba2162331e",
            "8425739c-4977-4adf-ac22-fe4acae42dd1",
            "da4d2c86-3a82-4633-a92d-d23f0b6b8353",
            "06aa451c-d303-4d7c-a961-5e81afdf6b83",
            "066dca79-6586-419d-a78d-14203b7cd0f0",
            "676e987a-e5fa-4662-87af-eb730e6c4889",
            "1fc7a360-923f-4baa-a659-0dfa25f74307",
            "21b1632d-7ffa-476d-bc40-5dd513ecd50e",
            "b0703731-e6b5-414b-8ba4-11118f2c08b1",
            "e27458c3-8c6f-4927-8400-f349c1ee63e5"
          ]
        }
      ],
      "Page": 1
    },
    {
      "BlockType": "LINE",
      "Confidence": 99.32433319091797,
      "Text": "Specimens",
      "Geometry": {
        "BoundingBox": {
          "Width": 0.08496902883052826,
          "Height": 0.024421675130724907,
          "Left": 0.3068050444126129,
          "Top": 0.3940217196941376
        },
        "Polygon": [
          {
            "X": 0.3068702518939972,
            "Y": 0.3940217196941376
          },
          {
            "X": 0.39177405834198,
            "Y": 0.3942001461982727
          },
          {
            "X": 0.3917284309864044,
            "Y": 0.4184434115886688
          },
          {
            "X": 0.3068050444126129,
            "Y": 0.41826358437538147
          }
        ]
      },
      "Id": "1144a004-e93b-4454-838c-07a4eace1f64",
      "Relationships": [
        {
          "Type": "CHILD",
          "Ids": [
            "96a0db02-005c-45a2-b4a7-f9168c307c4e"
          ]
        }
      ],
      "Page": 1
    },
    {
      "BlockType": "LINE",
      "Confidence": 98.93534851074219,
      "Text": "Composition(g)",
      "Geometry": {
        "BoundingBox": {
          "Width": 0.12246815860271454,
          "Height": 0.024715345352888107,
          "Left": 0.4481385350227356,
          "Top": 0.3939892649650574
        },
        "Polygon": [
          {
            "X": 0.4481714367866516,
            "Y": 0.3939892649650574
          },
          {
            "X": 0.5706067085266113,
            "Y": 0.39424654841423035
          },
          {
            "X": 0.570602297782898,
            "Y": 0.4187045991420746
          },
          {
            "X": 0.4481385350227356,
            "Y": 0.41844528913497925
          }
        ]
      },
      "Id": "ead87f79-a723-4e2a-9009-0cc59e793b19",
      "Relationships": [
        {
          "Type": "CHILD",
          "Ids": [
            "08e6dd60-21d0-47f9-948f-b91050ff1b7b"
          ]
        }
      ],
      "Page": 1
    },
    {
      "BlockType": "LINE",
      "Confidence": 99.6171646118164,
      "Text": "EP",
      "Geometry": {
        "BoundingBox": {
          "Width": 0.018377868458628654,
          "Height": 0.018324006348848343,
          "Left": 0.4487965404987335,
          "Top": 0.44196027517318726
        },
        "Polygon": [
          {
            "X": 0.4488210082054138,
            "Y": 0.44196027517318726
          },
          {
            "X": 0.4671744108200073,
            "Y": 0.4419994056224823
          },
          {
            "X": 0.4671531319618225,
            "Y": 0.4602842628955841
          },
          {
            "X": 0.4487965404987335,
            "Y": 0.46024489402770996
          }
        ]
      },
      "Id": "4a8ff7e2-32c6-4e7d-9e50-60a7f08ea9f4",
      "Relationships": [
        {
          "Type": "CHILD",
          "Ids": [
            "0c4689f0-7ab9-4122-834b-68989e9a2864"
          ]
        }
      ],
      "Page": 1
    },
    {
      "BlockType": "LINE",
      "Confidence": 99.96429443359375,
      "Text": "DDM",
      "Geometry": {
        "BoundingBox": {
          "Width": 0.04033426567912102,
          "Height": 0.019307561218738556,
          "Left": 0.510506272315979,
          "Top": 0.44161301851272583
        },
        "Polygon": [
          {
            "X": 0.5105207562446594,
            "Y": 0.44161301851272583
          },
          {
            "X": 0.5508405566215515,
            "Y": 0.44169899821281433
          },
          {
            "X": 0.550833523273468,
            "Y": 0.4609205722808838
          },
          {
            "X": 0.510506272315979,
            "Y": 0.4608340561389923
          }
        ]
      },
      "Id": "52e4bf58-b953-4a45-a859-df95077efcc0",
      "Relationships": [
        {
          "Type": "CHILD",
          "Ids": [
            "92c13920-ec3f-44bd-beea-0512d3598852"
          ]
        }
      ],
      "Page": 1
    },
    {
      "BlockType": "LINE",
      "Confidence": 99.85844421386719,
      "Text": "APP",
      "Geometry": {
        "BoundingBox": {
          "Width": 0.03129895031452179,
          "Height": 0.018855856731534004,
          "Left": 0.5828827023506165,
          "Top": 0.4417305290699005
        },
        "Polygon": [
          {
            "X": 0.5828838348388672,
            "Y": 0.4417305290699005
          },
          {
            "X": 0.6141772270202637,
            "Y": 0.44179725646972656
          },
          {
            "X": 0.614181637763977,
            "Y": 0.46058639883995056
          },
          {
            "X": 0.5828827023506165,
            "Y": 0.4605192542076111
          }
        ]
      },
      "Id": "02908bbb-c7ff-43f2-a5ff-b95036ee067f",
      "Relationships": [
        {
          "Type": "CHILD",
          "Ids": [
            "e807b7ce-caad-45fb-9a2e-532e38902ec0"
          ]
        }
      ],
      "Page": 1
    },
    {
      "BlockType": "LINE",
      "Confidence": 99.84962463378906,
      "Text": "HPCA",
      "Geometry": {
        "BoundingBox": {
          "Width": 0.043817196041345596,
          "Height": 0.018639767542481422,
          "Left": 0.6463949084281921,
          "Top": 0.4419197738170624
        },
        "Polygon": [
          {
            "X": 0.6463949084281921,
            "Y": 0.4419197738170624
          },
          {
            "X": 0.690194308757782,
            "Y": 0.4420131742954254
          },
          {
            "X": 0.6902121305465698,
            "Y": 0.46055954694747925
          },
          {
            "X": 0.6464049816131592,
            "Y": 0.46046561002731323
          }
        ]
      },
      "Id": "583a0ba7-3c1a-4f8f-b392-cf5b6bd028b0",
      "Relationships": [
        {
          "Type": "CHILD",
          "Ids": [
            "210c0750-b3f5-4a75-9912-fb290b230b45"
          ]
        }
      ],
      "Page": 1
    },
    {
      "BlockType": "LINE",
      "Confidence": 99.55785369873047,
      "Text": "EP",
      "Geometry": {
        "BoundingBox": {
          "Width": 0.01946241408586502,
          "Height": 0.018791520968079567,
          "Left": 0.3079078793525696,
          "Top": 0.48895198106765747
        },
        "Polygon": [
          {
            "X": 0.30795806646347046,
            "Y": 0.48895198106765747
          },
          {
            "X": 0.327370285987854,
            "Y": 0.48899397253990173
          },
          {
            "X": 0.3273235261440277,
            "Y": 0.5077434778213501
          },
          {
            "X": 0.3079078793525696,
            "Y": 0.5077012777328491
          }
        ]
      },
      "Id": "1b7e5954-0450-4946-9ead-f31f56f1d1c3",
      "Relationships": [
        {
          "Type": "CHILD",
          "Ids": [
            "08eaee7e-f2fc-4c95-a35b-7a091ab9143d"
          ]
        }
      ],
      "Page": 1
    },
    {
      "BlockType": "LINE",
      "Confidence": 99.97705078125,
      "Text": "100",
      "Geometry": {
        "BoundingBox": {
          "Width": 0.029804788529872894,
          "Height": 0.019951919093728065,
          "Left": 0.4486883878707886,
          "Top": 0.48836591839790344
        },
        "Polygon": [
          {
            "X": 0.4487150013446808,
            "Y": 0.48836591839790344
          },
          {
            "X": 0.4784931540489197,
            "Y": 0.48843032121658325
          },
          {
            "X": 0.47847217321395874,
            "Y": 0.5083178281784058
          },
          {
            "X": 0.4486883878707886,
            "Y": 0.5082530379295349
          }
        ]
      },
      "Id": "85d1f5ec-bd6f-4eec-abe0-762edc3affbe",
      "Relationships": [
        {
          "Type": "CHILD",
          "Ids": [
            "c317bb7d-07dd-42ed-b391-1707c6d26558"
          ]
        }
      ],
      "Page": 1
    },
    {
      "BlockType": "LINE",
      "Confidence": 99.96577453613281,
      "Text": "25",
      "Geometry": {
        "BoundingBox": {
          "Width": 0.01951213926076889,
          "Height": 0.01905798725783825,
          "Left": 0.5105574131011963,
          "Top": 0.4888036549091339
        },
        "Polygon": [
          {
            "X": 0.5105717182159424,
            "Y": 0.4888036549091339
          },
          {
            "X": 0.5300695896148682,
            "Y": 0.4888458549976349
          },
          {
            "X": 0.5300588607788086,
            "Y": 0.5078616738319397
          },
          {
            "X": 0.5105574131011963,
            "Y": 0.5078192353248596
          }
        ]
      },
      "Id": "a344fc53-b819-47ef-88ae-d678f398b023",
      "Relationships": [
        {
          "Type": "CHILD",
          "Ids": [
            "9e484d81-3fe1-4e87-84c3-2067c44a28b4"
          ]
        }
      ],
      "Page": 1
    },
    {
      "BlockType": "LINE",
      "Confidence": 99.7197265625,
      "Text": "-",
      "Geometry": {
        "BoundingBox": {
          "Width": 0.006527565885335207,
          "Height": 0.003609169740229845,
          "Left": 0.5835254788398743,
          "Top": 0.4987766742706299
        },
        "Polygon": [
          {
            "X": 0.5835256576538086,
            "Y": 0.4987766742706299
          },
          {
            "X": 0.5900530219078064,
            "Y": 0.49879083037376404
          },
          {
            "X": 0.5900530219078064,
            "Y": 0.5023858547210693
          },
          {
            "X": 0.5835254788398743,
            "Y": 0.5023716688156128
          }
        ]
      },
      "Id": "11f91d13-d3c2-43d7-9057-935ee077be88",
      "Relationships": [
        {
          "Type": "CHILD",
          "Ids": [
            "dac8dc8c-d0df-4108-8466-e5473f3a93d5"
          ]
        }
      ],
      "Page": 1
    },
    {
      "BlockType": "LINE",
      "Confidence": 99.61933898925781,
      "Text": "-",
      "Geometry": {
        "BoundingBox": {
          "Width": 0.006756877060979605,
          "Height": 0.0038391125854104757,
          "Left": 0.6459442973136902,
          "Top": 0.4986380338668823
        },
        "Polygon": [
          {
            "X": 0.6459442973136902,
            "Y": 0.4986380338668823
          },
          {
            "X": 0.6526988744735718,
            "Y": 0.49865269660949707
          },
          {
            "X": 0.6527011394500732,
            "Y": 0.5024771690368652
          },
          {
            "X": 0.6459463238716125,
            "Y": 0.5024624466896057
          }
        ]
      },
      "Id": "3d9f1768-0f38-4e86-9e16-75c4f041cd1c",
      "Relationships": [
        {
          "Type": "CHILD",
          "Ids": [
            "ae48bc5c-b2a7-4a1e-9ec6-229780decc4a"
          ]
        }
      ],
      "Page": 1
    },
    {
      "BlockType": "LINE",
      "Confidence": 99.594970703125,
      "Text": "EP/APP",
      "Geometry": {
        "BoundingBox": {
          "Width": 0.05676065385341644,
          "Height": 0.02330603450536728,
          "Left": 0.30792704224586487,
          "Top": 0.5188871026039124
        },
        "Polygon": [
          {
            "X": 0.30798912048339844,
            "Y": 0.5188871026039124
          },
          {
            "X": 0.3646877110004425,
            "Y": 0.5190109014511108
          },
          {
            "X": 0.36463814973831177,
            "Y": 0.5421931147575378
          },
          {
            "X": 0.30792704224586487,
            "Y": 0.5420684814453125
          }
        ]
      },
      "Id": "962f86a6-a6a7-4587-b77c-235e86a99c9d",
      "Relationships": [
        {
          "Type": "CHILD",
          "Ids": [
            "316d8bb2-b3d5-4b24-8e4f-ad65e3c4431a"
          ]
        }
      ],
      "Page": 1
    },
    {
      "BlockType": "LINE",
      "Confidence": 99.97865295410156,
      "Text": "100",
      "Geometry": {
        "BoundingBox": {
          "Width": 0.02945900335907936,
          "Height": 0.01942174695432186,
          "Left": 0.44906362891197205,
          "Top": 0.5191811919212341
        },
        "Polygon": [
          {
            "X": 0.44908949732780457,
            "Y": 0.5191811919212341
          },
          {
            "X": 0.4785226583480835,
            "Y": 0.519245445728302
          },
          {
            "X": 0.47850221395492554,
            "Y": 0.5386029481887817
          },
          {
            "X": 0.44906362891197205,
            "Y": 0.5385382771492004
          }
        ]
      },
      "Id": "3a0a9394-adb8-4734-811d-2af5f667f688",
      "Relationships": [
        {
          "Type": "CHILD",
          "Ids": [
            "15fd1de3-3134-4c15-8206-790680206869"
          ]
        }
      ],
      "Page": 1
    },
    {
      "BlockType": "LINE",
      "Confidence": 99.95952606201172,
      "Text": "25",
      "Geometry": {
        "BoundingBox": {
          "Width": 0.019630027934908867,
          "Height": 0.01905665174126625,
          "Left": 0.5105212926864624,
          "Top": 0.5192520022392273
        },
        "Polygon": [
          {
            "X": 0.5105355381965637,
            "Y": 0.5192520022392273
          },
          {
            "X": 0.5301513075828552,
            "Y": 0.519294798374176
          },
          {
            "X": 0.5301405787467957,
            "Y": 0.5383086204528809
          },
          {
            "X": 0.5105212926864624,
            "Y": 0.5382655262947083
          }
        ]
      },
      "Id": "e2a87032-e3cd-432a-8ff7-96b141af25f9",
      "Relationships": [
        {
          "Type": "CHILD",
          "Ids": [
            "481e753e-3d8f-43b7-973c-fa59d126afab"
          ]
        }
      ],
      "Page": 1
    },
    {
      "BlockType": "LINE",
      "Confidence": 99.98053741455078,
      "Text": "14",
      "Geometry": {
        "BoundingBox": {
          "Width": 0.01966075226664543,
          "Height": 0.018402958288788795,
          "Left": 0.5842495560646057,
          "Top": 0.519590437412262
        },
        "Polygon": [
          {
            "X": 0.5842504501342773,
            "Y": 0.519590437412262
          },
          {
            "X": 0.6039077639579773,
            "Y": 0.5196333527565002
          },
          {
            "X": 0.6039102673530579,
            "Y": 0.5379933714866638
          },
          {
            "X": 0.5842495560646057,
            "Y": 0.5379502177238464
          }
        ]
      },
      "Id": "7b1ddeb3-7151-43cc-bf5f-fa19ad5b0f0b",
      "Relationships": [
        {
          "Type": "CHILD",
          "Ids": [
            "080a2143-6d50-4ba0-bc7f-715923984bbd"
          ]
        }
      ],
      "Page": 1
    },
    {
      "BlockType": "LINE",
      "Confidence": 98.79471588134766,
      "Text": "-",
      "Geometry": {
        "BoundingBox": {
          "Width": 0.006788299418985844,
          "Height": 0.0037736345548182726,
          "Left": 0.645902693271637,
          "Top": 0.5291866660118103
        },
        "Polygon": [
          {
            "X": 0.645902693271637,
            "Y": 0.5291866660118103
          },
          {
            "X": 0.65268874168396,
            "Y": 0.5292015075683594
          },
          {
            "X": 0.6526910066604614,
            "Y": 0.5329602956771851
          },
          {
            "X": 0.6459047198295593,
            "Y": 0.5329453945159912
          }
        ]
      },
      "Id": "b1ec722b-64e0-46a5-b105-84bff280b282",
      "Relationships": [
        {
          "Type": "CHILD",
          "Ids": [
            "007b2517-c862-4828-84ca-8482f49395fd"
          ]
        }
      ],
      "Page": 1
    },
    {
      "BlockType": "LINE",
      "Confidence": 99.49642181396484,
      "Text": "EP/HPCA",
      "Geometry": {
        "BoundingBox": {
          "Width": 0.07060303539037704,
          "Height": 0.023082435131072998,
          "Left": 0.3079863488674164,
          "Top": 0.5495973229408264
        },
        "Polygon": [
          {
            "X": 0.30804768204689026,
            "Y": 0.5495973229408264
          },
          {
            "X": 0.378589391708374,
            "Y": 0.5497527718544006
          },
          {
            "X": 0.3785434067249298,
            "Y": 0.5726797580718994
          },
          {
            "X": 0.3079863488674164,
            "Y": 0.5725232362747192
          }
        ]
      },
      "Id": "8db97760-2cf1-461c-92ea-7cb1ab813b5b",
      "Relationships": [
        {
          "Type": "CHILD",
          "Ids": [
            "8bb495f9-9f38-452d-a1a7-7835dc30f639"
          ]
        }
      ],
      "Page": 1
    },
    {
      "BlockType": "LINE",
      "Confidence": 99.97258758544922,
      "Text": "100",
      "Geometry": {
        "BoundingBox": {
          "Width": 0.029702136293053627,
          "Height": 0.01918768510222435,
          "Left": 0.44894710183143616,
          "Top": 0.5497679710388184
        },
        "Polygon": [
          {
            "X": 0.4489726424217224,
            "Y": 0.5497679710388184
          },
          {
            "X": 0.47864922881126404,
            "Y": 0.549833357334137
          },
          {
            "X": 0.47862908244132996,
            "Y": 0.568955659866333
          },
          {
            "X": 0.44894710183143616,
            "Y": 0.568889856338501
          }
        ]
      },
      "Id": "0754bfc3-1429-4ad6-b88d-9fba2162331e",
      "Relationships": [
        {
          "Type": "CHILD",
          "Ids": [
            "448e27c3-ef71-42a5-9232-53b99e10ae10"
          ]
        }
      ],
      "Page": 1
    },
    {
      "BlockType": "LINE",
      "Confidence": 99.94738006591797,
      "Text": "25",
      "Geometry": {
        "BoundingBox": {
          "Width": 0.01947275549173355,
          "Height": 0.018789783120155334,
          "Left": 0.510574996471405,
          "Top": 0.5499695539474487
        },
        "Polygon": [
          {
            "X": 0.510589063167572,
            "Y": 0.5499695539474487
          },
          {
            "X": 0.5300477147102356,
            "Y": 0.5500124096870422
          },
          {
            "X": 0.5300371646881104,
            "Y": 0.5687593221664429
          },
          {
            "X": 0.510574996471405,
            "Y": 0.5687162280082703
          }
        ]
      },
      "Id": "8425739c-4977-4adf-ac22-fe4acae42dd1",
      "Relationships": [
        {
          "Type": "CHILD",
          "Ids": [
            "d5af361b-df83-421a-b614-49112b0644ba"
          ]
        }
      ],
      "Page": 1
    },
    {
      "BlockType": "LINE",
      "Confidence": 98.90419006347656,
      "Text": "-",
      "Geometry": {
        "BoundingBox": {
          "Width": 0.006428989581763744,
          "Height": 0.0035016548354178667,
          "Left": 0.5835580229759216,
          "Top": 0.5598172545433044
        },
        "Polygon": [
          {
            "X": 0.583558201789856,
            "Y": 0.5598172545433044
          },
          {
            "X": 0.5899869799613953,
            "Y": 0.5598315000534058
          },
          {
            "X": 0.5899869799613953,
            "Y": 0.5633189082145691
          },
          {
            "X": 0.5835580229759216,
            "Y": 0.5633047223091125
          }
        ]
      },
      "Id": "da4d2c86-3a82-4633-a92d-d23f0b6b8353",
      "Relationships": [
        {
          "Type": "CHILD",
          "Ids": [
            "e1f3285f-1ed8-46ec-b316-0cb1ca5414d8"
          ]
        }
      ],
      "Page": 1
    },
    {
      "BlockType": "LINE",
      "Confidence": 99.93904113769531,
      "Text": "14",
      "Geometry": {
        "BoundingBox": {
          "Width": 0.019190605729818344,
          "Height": 0.01857473887503147,
          "Left": 0.6469537019729614,
          "Top": 0.5498946309089661
        },
        "Polygon": [
          {
            "X": 0.6469537019729614,
            "Y": 0.5498946309089661
          },
          {
            "X": 0.666130781173706,
            "Y": 0.5499368906021118
          },
          {
            "X": 0.6661443114280701,
            "Y": 0.5684693455696106
          },
          {
            "X": 0.6469638347625732,
            "Y": 0.5684268474578857
          }
        ]
      },
      "Id": "06aa451c-d303-4d7c-a961-5e81afdf6b83",
      "Relationships": [
        {
          "Type": "CHILD",
          "Ids": [
            "ee38faea-d0a9-4862-beb6-115fe60d259a"
          ]
        }
      ],
      "Page": 1
    },
    {
      "BlockType": "LINE",
      "Confidence": 98.67632293701172,
      "Text": "EP/APP/HPCA",
      "Geometry": {
        "BoundingBox": {
          "Width": 0.10786113888025284,
          "Height": 0.0239352248609066,
          "Left": 0.3080523610115051,
          "Top": 0.5796366333961487
        },
        "Polygon": [
          {
            "X": 0.30811572074890137,
            "Y": 0.5796366333961487
          },
          {
            "X": 0.41591349244117737,
            "Y": 0.5798763036727905
          },
          {
            "X": 0.4158744215965271,
            "Y": 0.603571891784668
          },
          {
            "X": 0.3080523610115051,
            "Y": 0.6033304929733276
          }
        ]
      },
      "Id": "066dca79-6586-419d-a78d-14203b7cd0f0",
      "Relationships": [
        {
          "Type": "CHILD",
          "Ids": [
            "c0a40de4-3f3f-488b-a971-dd489f90a01e"
          ]
        }
      ],
      "Page": 1
    },
    {
      "BlockType": "LINE",
      "Confidence": 99.97806549072266,
      "Text": "100",
      "Geometry": {
        "BoundingBox": {
          "Width": 0.029580537229776382,
          "Height": 0.019017977640032768,
          "Left": 0.4489578902721405,
          "Top": 0.580396831035614
        },
        "Polygon": [
          {
            "X": 0.44898319244384766,
            "Y": 0.580396831035614
          },
          {
            "X": 0.4785384237766266,
            "Y": 0.5804625153541565
          },
          {
            "X": 0.47851842641830444,
            "Y": 0.5994148254394531
          },
          {
            "X": 0.4489578902721405,
            "Y": 0.5993487238883972
          }
        ]
      },
      "Id": "676e987a-e5fa-4662-87af-eb730e6c4889",
      "Relationships": [
        {
          "Type": "CHILD",
          "Ids": [
            "d262a735-4e2a-4570-adfc-01a6893457d2"
          ]
        }
      ],
      "Page": 1
    },
    {
      "BlockType": "LINE",
      "Confidence": 99.92963409423828,
      "Text": "25",
      "Geometry": {
        "BoundingBox": {
          "Width": 0.020029928535223007,
          "Height": 0.018649335950613022,
          "Left": 0.5103565454483032,
          "Top": 0.580568253993988
        },
        "Polygon": [
          {
            "X": 0.5103704929351807,
            "Y": 0.580568253993988
          },
          {
            "X": 0.5303864479064941,
            "Y": 0.5806127190589905
          },
          {
            "X": 0.5303760170936584,
            "Y": 0.5992175936698914
          },
          {
            "X": 0.5103565454483032,
            "Y": 0.599172830581665
          }
        ]
      },
      "Id": "1fc7a360-923f-4baa-a659-0dfa25f74307",
      "Relationships": [
        {
          "Type": "CHILD",
          "Ids": [
            "eaf7ad71-8b59-4aa9-84e3-93a5b21e2550"
          ]
        }
      ],
      "Page": 1
    },
    {
      "BlockType": "LINE",
      "Confidence": 99.81220245361328,
      "Text": "7",
      "Geometry": {
        "BoundingBox": {
          "Width": 0.009362742304801941,
          "Height": 0.018034063279628754,
          "Left": 0.5835012197494507,
          "Top": 0.5805755853652954
        },
        "Polygon": [
          {
            "X": 0.5835022330284119,
            "Y": 0.5805755853652954
          },
          {
            "X": 0.5928633213043213,
            "Y": 0.580596387386322
          },
          {
            "X": 0.592863917350769,
            "Y": 0.5986096262931824
          },
          {
            "X": 0.5835012197494507,
            "Y": 0.5985887050628662
          }
        ]
      },
      "Id": "21b1632d-7ffa-476d-bc40-5dd513ecd50e",
      "Relationships": [
        {
          "Type": "CHILD",
          "Ids": [
            "35f841d3-0088-48cb-9f5e-c8f74004e5d4"
          ]
        }
      ],
      "Page": 1
    },
    {
      "BlockType": "LINE",
      "Confidence": 99.76161193847656,
      "Text": "7",
      "Geometry": {
        "BoundingBox": {
          "Width": 0.00910113099962473,
          "Height": 0.018089596182107925,
          "Left": 0.6461983919143677,
          "Top": 0.5806482434272766
        },
        "Polygon": [
          {
            "X": 0.6461983919143677,
            "Y": 0.5806482434272766
          },
          {
            "X": 0.6552882194519043,
            "Y": 0.5806684494018555
          },
          {
            "X": 0.6552995443344116,
            "Y": 0.5987378358840942
          },
          {
            "X": 0.6462081670761108,
            "Y": 0.5987175107002258
          }
        ]
      },
      "Id": "b0703731-e6b5-414b-8ba4-11118f2c08b1",
      "Relationships": [
        {
          "Type": "CHILD",
          "Ids": [
            "28dba116-6fc3-4d4d-8733-4aa2cae7985d"
          ]
        }
      ],
      "Page": 1
    },
    {
      "BlockType": "WORD",
      "Confidence": 99.32433319091797,
      "Text": "Specimens",
      "TextType": "PRINTED",
      "Geometry": {
        "BoundingBox": {
          "Width": 0.08496902883052826,
          "Height": 0.024421675130724907,
          "Left": 0.3068050444126129,
          "Top": 0.3940217196941376
        },
        "Polygon": [
          {
            "X": 0.3068702518939972,
            "Y": 0.3940217196941376
          },
          {
            "X": 0.39177405834198,
            "Y": 0.3942001461982727
          },
          {
            "X": 0.3917284309864044,
            "Y": 0.4184434115886688
          },
          {
            "X": 0.3068050444126129,
            "Y": 0.41826358437538147
          }
        ]
      },
      "Id": "96a0db02-005c-45a2-b4a7-f9168c307c4e",
      "Page": 1
    },
    {
      "BlockType": "WORD",
      "Confidence": 98.93534851074219,
      "Text": "Composition(g)",
      "TextType": "PRINTED",
      "Geometry": {
        "BoundingBox": {
          "Width": 0.12246815860271454,
          "Height": 0.024715345352888107,
          "Left": 0.4481385350227356,
          "Top": 0.3939892649650574
        },
        "Polygon": [
          {
            "X": 0.4481714367866516,
            "Y": 0.3939892649650574
          },
          {
            "X": 0.5706067085266113,
            "Y": 0.39424654841423035
          },
          {
            "X": 0.570602297782898,
            "Y": 0.4187045991420746
          },
          {
            "X": 0.4481385350227356,
            "Y": 0.41844528913497925
          }
        ]
      },
      "Id": "08e6dd60-21d0-47f9-948f-b91050ff1b7b",
      "Page": 1
    },
    {
      "BlockType": "WORD",
      "Confidence": 99.6171646118164,
      "Text": "EP",
      "TextType": "PRINTED",
      "Geometry": {
        "BoundingBox": {
          "Width": 0.018377868458628654,
          "Height": 0.018324006348848343,
          "Left": 0.4487965404987335,
          "Top": 0.44196027517318726
        },
        "Polygon": [
          {
            "X": 0.4488210082054138,
            "Y": 0.44196027517318726
          },
          {
            "X": 0.4671744108200073,
            "Y": 0.4419994056224823
          },
          {
            "X": 0.4671531319618225,
            "Y": 0.4602842628955841
          },
          {
            "X": 0.4487965404987335,
            "Y": 0.46024489402770996
          }
        ]
      },
      "Id": "0c4689f0-7ab9-4122-834b-68989e9a2864",
      "Page": 1
    },
    {
      "BlockType": "WORD",
      "Confidence": 99.96429443359375,
      "Text": "DDM",
      "TextType": "PRINTED",
      "Geometry": {
        "BoundingBox": {
          "Width": 0.04033426567912102,
          "Height": 0.019307561218738556,
          "Left": 0.510506272315979,
          "Top": 0.44161301851272583
        },
        "Polygon": [
          {
            "X": 0.5105207562446594,
            "Y": 0.44161301851272583
          },
          {
            "X": 0.5508405566215515,
            "Y": 0.44169899821281433
          },
          {
            "X": 0.550833523273468,
            "Y": 0.4609205722808838
          },
          {
            "X": 0.510506272315979,
            "Y": 0.4608340561389923
          }
        ]
      },
      "Id": "92c13920-ec3f-44bd-beea-0512d3598852",
      "Page": 1
    },
    {
      "BlockType": "WORD",
      "Confidence": 99.85844421386719,
      "Text": "APP",
      "TextType": "PRINTED",
      "Geometry": {
        "BoundingBox": {
          "Width": 0.03129895031452179,
          "Height": 0.018855856731534004,
          "Left": 0.5828827023506165,
          "Top": 0.4417305290699005
        },
        "Polygon": [
          {
            "X": 0.5828838348388672,
            "Y": 0.4417305290699005
          },
          {
            "X": 0.6141772270202637,
            "Y": 0.44179725646972656
          },
          {
            "X": 0.614181637763977,
            "Y": 0.46058639883995056
          },
          {
            "X": 0.5828827023506165,
            "Y": 0.4605192542076111
          }
        ]
      },
      "Id": "e807b7ce-caad-45fb-9a2e-532e38902ec0",
      "Page": 1
    },
    {
      "BlockType": "WORD",
      "Confidence": 99.84962463378906,
      "Text": "HPCA",
      "TextType": "PRINTED",
      "Geometry": {
        "BoundingBox": {
          "Width": 0.043817196041345596,
          "Height": 0.018639767542481422,
          "Left": 0.6463949084281921,
          "Top": 0.4419197738170624
        },
        "Polygon": [
          {
            "X": 0.6463949084281921,
            "Y": 0.4419197738170624
          },
          {
            "X": 0.690194308757782,
            "Y": 0.4420131742954254
          },
          {
            "X": 0.6902121305465698,
            "Y": 0.46055954694747925
          },
          {
            "X": 0.6464049816131592,
            "Y": 0.46046561002731323
          }
        ]
      },
      "Id": "210c0750-b3f5-4a75-9912-fb290b230b45",
      "Page": 1
    },
    {
      "BlockType": "WORD",
      "Confidence": 99.55785369873047,
      "Text": "EP",
      "TextType": "PRINTED",
      "Geometry": {
        "BoundingBox": {
          "Width": 0.01946241408586502,
          "Height": 0.018791520968079567,
          "Left": 0.3079078793525696,
          "Top": 0.48895198106765747
        },
        "Polygon": [
          {
            "X": 0.30795806646347046,
            "Y": 0.48895198106765747
          },
          {
            "X": 0.327370285987854,
            "Y": 0.48899397253990173
          },
          {
            "X": 0.3273235261440277,
            "Y": 0.5077434778213501
          },
          {
            "X": 0.3079078793525696,
            "Y": 0.5077012777328491
          }
        ]
      },
      "Id": "08eaee7e-f2fc-4c95-a35b-7a091ab9143d",
      "Page": 1
    },
    {
      "BlockType": "WORD",
      "Confidence": 99.97705078125,
      "Text": "100",
      "TextType": "PRINTED",
      "Geometry": {
        "BoundingBox": {
          "Width": 0.029804788529872894,
          "Height": 0.019951919093728065,
          "Left": 0.4486883878707886,
          "Top": 0.48836591839790344
        },
        "Polygon": [
          {
            "X": 0.4487150013446808,
            "Y": 0.48836591839790344
          },
          {
            "X": 0.4784931540489197,
            "Y": 0.48843032121658325
          },
          {
            "X": 0.47847217321395874,
            "Y": 0.5083178281784058
          },
          {
            "X": 0.4486883878707886,
            "Y": 0.5082530379295349
          }
        ]
      },
      "Id": "c317bb7d-07dd-42ed-b391-1707c6d26558",
      "Page": 1
    },
    {
      "BlockType": "WORD",
      "Confidence": 99.96577453613281,
      "Text": "25",
      "TextType": "PRINTED",
      "Geometry": {
        "BoundingBox": {
          "Width": 0.01951213926076889,
          "Height": 0.01905798725783825,
          "Left": 0.5105574131011963,
          "Top": 0.4888036549091339
        },
        "Polygon": [
          {
            "X": 0.5105717182159424,
            "Y": 0.4888036549091339
          },
          {
            "X": 0.5300695896148682,
            "Y": 0.4888458549976349
          },
          {
            "X": 0.5300588607788086,
            "Y": 0.5078616738319397
          },
          {
            "X": 0.5105574131011963,
            "Y": 0.5078192353248596
          }
        ]
      },
      "Id": "9e484d81-3fe1-4e87-84c3-2067c44a28b4",
      "Page": 1
    },
    {
      "BlockType": "WORD",
      "Confidence": 99.7197265625,
      "Text": "-",
      "TextType": "PRINTED",
      "Geometry": {
        "BoundingBox": {
          "Width": 0.006527565885335207,
          "Height": 0.003609169740229845,
          "Left": 0.5835254788398743,
          "Top": 0.4987766742706299
        },
        "Polygon": [
          {
            "X": 0.5835256576538086,
            "Y": 0.4987766742706299
          },
          {
            "X": 0.5900530219078064,
            "Y": 0.49879083037376404
          },
          {
            "X": 0.5900530219078064,
            "Y": 0.5023858547210693
          },
          {
            "X": 0.5835254788398743,
            "Y": 0.5023716688156128
          }
        ]
      },
      "Id": "dac8dc8c-d0df-4108-8466-e5473f3a93d5",
      "Page": 1
    },
    {
      "BlockType": "WORD",
      "Confidence": 99.61933898925781,
      "Text": "-",
      "TextType": "PRINTED",
      "Geometry": {
        "BoundingBox": {
          "Width": 0.006756877060979605,
          "Height": 0.0038391125854104757,
          "Left": 0.6459442973136902,
          "Top": 0.4986380338668823
        },
        "Polygon": [
          {
            "X": 0.6459442973136902,
            "Y": 0.4986380338668823
          },
          {
            "X": 0.6526988744735718,
            "Y": 0.49865269660949707
          },
          {
            "X": 0.6527011394500732,
            "Y": 0.5024771690368652
          },
          {
            "X": 0.6459463238716125,
            "Y": 0.5024624466896057
          }
        ]
      },
      "Id": "ae48bc5c-b2a7-4a1e-9ec6-229780decc4a",
      "Page": 1
    },
    {
      "BlockType": "WORD",
      "Confidence": 99.594970703125,
      "Text": "EP/APP",
      "TextType": "PRINTED",
      "Geometry": {
        "BoundingBox": {
          "Width": 0.05676065385341644,
          "Height": 0.02330603450536728,
          "Left": 0.30792704224586487,
          "Top": 0.5188871026039124
        },
        "Polygon": [
          {
            "X": 0.30798912048339844,
            "Y": 0.5188871026039124
          },
          {
            "X": 0.3646877110004425,
            "Y": 0.5190109014511108
          },
          {
            "X": 0.36463814973831177,
            "Y": 0.5421931147575378
          },
          {
            "X": 0.30792704224586487,
            "Y": 0.5420684814453125
          }
        ]
      },
      "Id": "316d8bb2-b3d5-4b24-8e4f-ad65e3c4431a",
      "Page": 1
    },
    {
      "BlockType": "WORD",
      "Confidence": 99.97865295410156,
      "Text": "100",
      "TextType": "PRINTED",
      "Geometry": {
        "BoundingBox": {
          "Width": 0.02945900335907936,
          "Height": 0.01942174695432186,
          "Left": 0.44906362891197205,
          "Top": 0.5191811919212341
        },
        "Polygon": [
          {
            "X": 0.44908949732780457,
            "Y": 0.5191811919212341
          },
          {
            "X": 0.4785226583480835,
            "Y": 0.519245445728302
          },
          {
            "X": 0.47850221395492554,
            "Y": 0.5386029481887817
          },
          {
            "X": 0.44906362891197205,
            "Y": 0.5385382771492004
          }
        ]
      },
      "Id": "15fd1de3-3134-4c15-8206-790680206869",
      "Page": 1
    },
    {
      "BlockType": "WORD",
      "Confidence": 99.95952606201172,
      "Text": "25",
      "TextType": "PRINTED",
      "Geometry": {
        "BoundingBox": {
          "Width": 0.019630027934908867,
          "Height": 0.01905665174126625,
          "Left": 0.5105212926864624,
          "Top": 0.5192520022392273
        },
        "Polygon": [
          {
            "X": 0.5105355381965637,
            "Y": 0.5192520022392273
          },
          {
            "X": 0.5301513075828552,
            "Y": 0.519294798374176
          },
          {
            "X": 0.5301405787467957,
            "Y": 0.5383086204528809
          },
          {
            "X": 0.5105212926864624,
            "Y": 0.5382655262947083
          }
        ]
      },
      "Id": "481e753e-3d8f-43b7-973c-fa59d126afab",
      "Page": 1
    },
    {
      "BlockType": "WORD",
      "Confidence": 99.98053741455078,
      "Text": "14",
      "TextType": "PRINTED",
      "Geometry": {
        "BoundingBox": {
          "Width": 0.01966075226664543,
          "Height": 0.018402958288788795,
          "Left": 0.5842495560646057,
          "Top": 0.519590437412262
        },
        "Polygon": [
          {
            "X": 0.5842504501342773,
            "Y": 0.519590437412262
          },
          {
            "X": 0.6039077639579773,
            "Y": 0.5196333527565002
          },
          {
            "X": 0.6039102673530579,
            "Y": 0.5379933714866638
          },
          {
            "X": 0.5842495560646057,
            "Y": 0.5379502177238464
          }
        ]
      },
      "Id": "080a2143-6d50-4ba0-bc7f-715923984bbd",
      "Page": 1
    },
    {
      "BlockType": "WORD",
      "Confidence": 98.79471588134766,
      "Text": "-",
      "TextType": "PRINTED",
      "Geometry": {
        "BoundingBox": {
          "Width": 0.006788299418985844,
          "Height": 0.0037736345548182726,
          "Left": 0.645902693271637,
          "Top": 0.5291866660118103
        },
        "Polygon": [
          {
            "X": 0.645902693271637,
            "Y": 0.5291866660118103
          },
          {
            "X": 0.65268874168396,
            "Y": 0.5292015075683594
          },
          {
            "X": 0.6526910066604614,
            "Y": 0.5329602956771851
          },
          {
            "X": 0.6459047198295593,
            "Y": 0.5329453945159912
          }
        ]
      },
      "Id": "007b2517-c862-4828-84ca-8482f49395fd",
      "Page": 1
    },
    {
      "BlockType": "WORD",
      "Confidence": 99.49642181396484,
      "Text": "EP/HPCA",
      "TextType": "PRINTED",
      "Geometry": {
        "BoundingBox": {
          "Width": 0.07060303539037704,
          "Height": 0.023082435131072998,
          "Left": 0.3079863488674164,
          "Top": 0.5495973229408264
        },
        "Polygon": [
          {
            "X": 0.30804768204689026,
            "Y": 0.5495973229408264
          },
          {
            "X": 0.378589391708374,
            "Y": 0.5497527718544006
          },
          {
            "X": 0.3785434067249298,
            "Y": 0.5726797580718994
          },
          {
            "X": 0.3079863488674164,
            "Y": 0.5725232362747192
          }
        ]
      },
      "Id": "8bb495f9-9f38-452d-a1a7-7835dc30f639",
      "Page": 1
    },
    {
      "BlockType": "WORD",
      "Confidence": 99.97258758544922,
      "Text": "100",
      "TextType": "PRINTED",
      "Geometry": {
        "BoundingBox": {
          "Width": 0.029702136293053627,
          "Height": 0.01918768510222435,
          "Left": 0.44894710183143616,
          "Top": 0.5497679710388184
        },
        "Polygon": [
          {
            "X": 0.4489726424217224,
            "Y": 0.5497679710388184
          },
          {
            "X": 0.47864922881126404,
            "Y": 0.549833357334137
          },
          {
            "X": 0.47862908244132996,
            "Y": 0.568955659866333
          },
          {
            "X": 0.44894710183143616,
            "Y": 0.568889856338501
          }
        ]
      },
      "Id": "448e27c3-ef71-42a5-9232-53b99e10ae10",
      "Page": 1
    },
    {
      "BlockType": "WORD",
      "Confidence": 99.94738006591797,
      "Text": "25",
      "TextType": "PRINTED",
      "Geometry": {
        "BoundingBox": {
          "Width": 0.01947275549173355,
          "Height": 0.018789783120155334,
          "Left": 0.510574996471405,
          "Top": 0.5499695539474487
        },
        "Polygon": [
          {
            "X": 0.510589063167572,
            "Y": 0.5499695539474487
          },
          {
            "X": 0.5300477147102356,
            "Y": 0.5500124096870422
          },
          {
            "X": 0.5300371646881104,
            "Y": 0.5687593221664429
          },
          {
            "X": 0.510574996471405,
            "Y": 0.5687162280082703
          }
        ]
      },
      "Id": "d5af361b-df83-421a-b614-49112b0644ba",
      "Page": 1
    },
    {
      "BlockType": "WORD",
      "Confidence": 98.90419006347656,
      "Text": "-",
      "TextType": "PRINTED",
      "Geometry": {
        "BoundingBox": {
          "Width": 0.006428989581763744,
          "Height": 0.0035016548354178667,
          "Left": 0.5835580229759216,
          "Top": 0.5598172545433044
        },
        "Polygon": [
          {
            "X": 0.583558201789856,
            "Y": 0.5598172545433044
          },
          {
            "X": 0.5899869799613953,
            "Y": 0.5598315000534058
          },
          {
            "X": 0.5899869799613953,
            "Y": 0.5633189082145691
          },
          {
            "X": 0.5835580229759216,
            "Y": 0.5633047223091125
          }
        ]
      },
      "Id": "e1f3285f-1ed8-46ec-b316-0cb1ca5414d8",
      "Page": 1
    },
    {
      "BlockType": "WORD",
      "Confidence": 99.93904113769531,
      "Text": "14",
      "TextType": "PRINTED",
      "Geometry": {
        "BoundingBox": {
          "Width": 0.019190605729818344,
          "Height": 0.01857473887503147,
          "Left": 0.6469537019729614,
          "Top": 0.5498946309089661
        },
        "Polygon": [
          {
            "X": 0.6469537019729614,
            "Y": 0.5498946309089661
          },
          {
            "X": 0.666130781173706,
            "Y": 0.5499368906021118
          },
          {
            "X": 0.6661443114280701,
            "Y": 0.5684693455696106
          },
          {
            "X": 0.6469638347625732,
            "Y": 0.5684268474578857
          }
        ]
      },
      "Id": "ee38faea-d0a9-4862-beb6-115fe60d259a",
      "Page": 1
    },
    {
      "BlockType": "WORD",
      "Confidence": 98.67632293701172,
      "Text": "EP/APP/HPCA",
      "TextType": "PRINTED",
      "Geometry": {
        "BoundingBox": {
          "Width": 0.10786113888025284,
          "Height": 0.0239352248609066,
          "Left": 0.3080523610115051,
          "Top": 0.5796366333961487
        },
        "Polygon": [
          {
            "X": 0.30811572074890137,
            "Y": 0.5796366333961487
          },
          {
            "X": 0.41591349244117737,
            "Y": 0.5798763036727905
          },
          {
            "X": 0.4158744215965271,
            "Y": 0.603571891784668
          },
          {
            "X": 0.3080523610115051,
            "Y": 0.6033304929733276
          }
        ]
      },
      "Id": "c0a40de4-3f3f-488b-a971-dd489f90a01e",
      "Page": 1
    },
    {
      "BlockType": "WORD",
      "Confidence": 99.97806549072266,
      "Text": "100",
      "TextType": "PRINTED",
      "Geometry": {
        "BoundingBox": {
          "Width": 0.029580537229776382,
          "Height": 0.019017977640032768,
          "Left": 0.4489578902721405,
          "Top": 0.580396831035614
        },
        "Polygon": [
          {
            "X": 0.44898319244384766,
            "Y": 0.580396831035614
          },
          {
            "X": 0.4785384237766266,
            "Y": 0.5804625153541565
          },
          {
            "X": 0.47851842641830444,
            "Y": 0.5994148254394531
          },
          {
            "X": 0.4489578902721405,
            "Y": 0.5993487238883972
          }
        ]
      },
      "Id": "d262a735-4e2a-4570-adfc-01a6893457d2",
      "Page": 1
    },
    {
      "BlockType": "WORD",
      "Confidence": 99.92963409423828,
      "Text": "25",
      "TextType": "PRINTED",
      "Geometry": {
        "BoundingBox": {
          "Width": 0.020029928535223007,
          "Height": 0.018649335950613022,
          "Left": 0.5103565454483032,
          "Top": 0.580568253993988
        },
        "Polygon": [
          {
            "X": 0.5103704929351807,
            "Y": 0.580568253993988
          },
          {
            "X": 0.5303864479064941,
            "Y": 0.5806127190589905
          },
          {
            "X": 0.5303760170936584,
            "Y": 0.5992175936698914
          },
          {
            "X": 0.5103565454483032,
            "Y": 0.599172830581665
          }
        ]
      },
      "Id": "eaf7ad71-8b59-4aa9-84e3-93a5b21e2550",
      "Page": 1
    },
    {
      "BlockType": "WORD",
      "Confidence": 99.81220245361328,
      "Text": "7",
      "TextType": "PRINTED",
      "Geometry": {
        "BoundingBox": {
          "Width": 0.009362742304801941,
          "Height": 0.018034063279628754,
          "Left": 0.5835012197494507,
          "Top": 0.5805755853652954
        },
        "Polygon": [
          {
            "X": 0.5835022330284119,
            "Y": 0.5805755853652954
          },
          {
            "X": 0.5928633213043213,
            "Y": 0.580596387386322
          },
          {
            "X": 0.592863917350769,
            "Y": 0.5986096262931824
          },
          {
            "X": 0.5835012197494507,
            "Y": 0.5985887050628662
          }
        ]
      },
      "Id": "35f841d3-0088-48cb-9f5e-c8f74004e5d4",
      "Page": 1
    },
    {
      "BlockType": "WORD",
      "Confidence": 99.76161193847656,
      "Text": "7",
      "TextType": "PRINTED",
      "Geometry": {
        "BoundingBox": {
          "Width": 0.00910113099962473,
          "Height": 0.018089596182107925,
          "Left": 0.6461983919143677,
          "Top": 0.5806482434272766
        },
        "Polygon": [
          {
            "X": 0.6461983919143677,
            "Y": 0.5806482434272766
          },
          {
            "X": 0.6552882194519043,
            "Y": 0.5806684494018555
          },
          {
            "X": 0.6552995443344116,
            "Y": 0.5987378358840942
          },
          {
            "X": 0.6462081670761108,
            "Y": 0.5987175107002258
          }
        ]
      },
      "Id": "28dba116-6fc3-4d4d-8733-4aa2cae7985d",
      "Page": 1
    },
    {
      "BlockType": "TABLE",
      "Confidence": 99.072265625,
      "Geometry": {
        "BoundingBox": {
          "Width": 0.410210520029068,
          "Height": 0.188973531126976,
          "Left": 0.296169638633728,
          "Top": 0.4268031716346741
        },
        "Polygon": [
          {
            "X": 0.29669374227523804,
            "Y": 0.4268031716346741
          },
          {
            "X": 0.7061710953712463,
            "Y": 0.42767253518104553
          },
          {
            "X": 0.7063801288604736,
            "Y": 0.6157767176628113
          },
          {
            "X": 0.296169638633728,
            "Y": 0.6148552298545837
          }
        ]
      },
      "Id": "e27458c3-8c6f-4927-8400-f349c1ee63e5",
      "Relationships": [
        {
          "Type": "CHILD",
          "Ids": [
            "fbed4305-fd85-4420-8951-765bb2364c70",
            "aa80ce3a-c12c-4aa0-881c-29d0ab16398f",
            "c8840929-ca94-42e3-838b-3837760fc9e9",
            "6c476630-d480-4177-9120-0fba3c25c355",
            "db6c7641-e41c-43f4-a1da-93973ba69cd9",
            "6929910c-a8f6-4a4f-b6b6-9ba374cedd9e",
            "df51de2a-d262-4eec-b36f-05e4f3e0c80f",
            "fe6543cd-70a2-4ed3-863f-ed79c013d31a",
            "6520574e-3c1e-4d1e-aa2c-c18b905df455",
            "e9c73118-3dbe-4a7e-87a1-63f4d4c2aa3c",
            "403d1d70-c8c6-4ecf-a570-123df707e35d",
            "4335b5ff-a95b-4741-a836-f58916c0ab21",
            "8b1637b8-e418-49d3-997d-b660d4045128",
            "d3ccfa9a-6140-4150-9cab-987b70f375f1",
            "3251e67c-859e-4e3c-af52-12b5716be49d",
            "4e21542c-f5df-4ec3-9601-1938264a2858",
            "e86ba3db-98b0-44cd-be2d-7252a5736d88",
            "6cbfabdb-c4ee-4c9f-8896-044488ca2209",
            "bdef3996-34c0-418f-a85a-71b8350cfd00",
            "7ca6b7de-5389-4d11-9864-b71a883c98fb",
            "c9126532-2f29-41b1-ad12-b6d2b7b1cac1",
            "ccdfcfb2-0f75-4f57-b1dc-377d2029d3f4",
            "25534b1d-098a-4db0-ab6d-2a3e68079980",
            "7cc91588-fb5c-4fc5-ad89-ae321555733c",
            "54073760-f142-44bd-94a1-f0fc6ca0e764"
          ]
        },
        {
          "Type": "TABLE_TITLE",
          "Ids": [
            "d2c449ae-6f25-4d30-b6d3-f35e0ae584ed"
          ]
        }
      ],
      "EntityTypes": [
        "STRUCTURED_TABLE"
      ],
      "Page": 1
    },
    {
      "BlockType": "CELL",
      "Confidence": 93.798828125,
      "RowIndex": 1,
      "ColumnIndex": 1,
      "RowSpan": 1,
      "ColumnSpan": 1,
      "Geometry": {
        "BoundingBox": {
          "Width": 0.1379549503326416,
          "Height": 0.050161559134721756,
          "Left": 0.2965547740459442,
          "Top": 0.4268031716346741
        },
        "Polygon": [
          {
            "X": 0.29669374227523804,
            "Y": 0.4268031716346741
          },
          {
            "X": 0.4345097243785858,
            "Y": 0.42709577083587646
          },
          {
            "X": 0.434436172246933,
            "Y": 0.4769647419452667
          },
          {
            "X": 0.2965547740459442,
            "Y": 0.47666749358177185
          }
        ]
      },
      "Id": "fbed4305-fd85-4420-8951-765bb2364c70",
      "Page": 1
    },
    {
      "BlockType": "CELL",
      "Confidence": 83.349609375,
      "RowIndex": 1,
      "ColumnIndex": 2,
      "RowSpan": 1,
      "ColumnSpan": 1,
      "Geometry": {
        "BoundingBox": {
          "Width": 0.06102204695343971,
          "Height": 0.05000041425228119,
          "Left": 0.434436172246933,
          "Top": 0.42709577083587646
        },
        "Polygon": [
          {
            "X": 0.4345097243785858,
            "Y": 0.42709577083587646
          },
          {
            "X": 0.4954582154750824,
            "Y": 0.42722517251968384
          },
          {
            "X": 0.495413601398468,
            "Y": 0.47709619998931885
          },
          {
            "X": 0.434436172246933,
            "Y": 0.4769647419452667
          }
        ]
      },
      "Id": "aa80ce3a-c12c-4aa0-881c-29d0ab16398f",
      "Relationships": [
        {
          "Type": "CHILD",
          "Ids": [
            "0c4689f0-7ab9-4122-834b-68989e9a2864"
          ]
        }
      ],
      "EntityTypes": [
        "COLUMN_HEADER"
      ],
      "Page": 1
    },
    {
      "BlockType": "CELL",
      "Confidence": 91.89453125,
      "RowIndex": 1,
      "ColumnIndex": 3,
      "RowSpan": 1,
      "ColumnSpan": 1,
      "Geometry": {
        "BoundingBox": {
          "Width": 0.07067356258630753,
          "Height": 0.05002334713935852,
          "Left": 0.495413601398468,
          "Top": 0.42722517251968384
        },
        "Polygon": [
          {
            "X": 0.4954582154750824,
            "Y": 0.42722517251968384
          },
          {
            "X": 0.5660871863365173,
            "Y": 0.4273751378059387
          },
          {
            "X": 0.5660760998725891,
            "Y": 0.47724851965904236
          },
          {
            "X": 0.495413601398468,
            "Y": 0.47709619998931885
          }
        ]
      },
      "Id": "c8840929-ca94-42e3-838b-3837760fc9e9",
      "Relationships": [
        {
          "Type": "CHILD",
          "Ids": [
            "92c13920-ec3f-44bd-beea-0512d3598852"
          ]
        }
      ],
      "EntityTypes": [
        "COLUMN_HEADER"
      ],
      "Page": 1
    },
    {
      "BlockType": "CELL",
      "Confidence": 86.03515625,
      "RowIndex": 1,
      "ColumnIndex": 4,
      "RowSpan": 1,
      "ColumnSpan": 1,
      "Geometry": {
        "BoundingBox": {
          "Width": 0.061956048011779785,
          "Height": 0.05000695586204529,
          "Left": 0.5660760998725891,
          "Top": 0.4273751378059387
        },
        "Polygon": [
          {
            "X": 0.5660871863365173,
            "Y": 0.4273751378059387
          },
          {
            "X": 0.6280137896537781,
            "Y": 0.42750659584999084
          },
          {
            "X": 0.6280321478843689,
            "Y": 0.477382093667984
          },
          {
            "X": 0.5660760998725891,
            "Y": 0.47724851965904236
          }
        ]
      },
      "Id": "6c476630-d480-4177-9120-0fba3c25c355",
      "Relationships": [
        {
          "Type": "CHILD",
          "Ids": [
            "e807b7ce-caad-45fb-9a2e-532e38902ec0"
          ]
        }
      ],
      "EntityTypes": [
        "COLUMN_HEADER"
      ],
      "Page": 1
    },
    {
      "BlockType": "CELL",
      "Confidence": 91.015625,
      "RowIndex": 1,
      "ColumnIndex": 5,
      "RowSpan": 1,
      "ColumnSpan": 1,
      "Geometry": {
        "BoundingBox": {
          "Width": 0.07821273803710938,
          "Height": 0.05004404857754707,
          "Left": 0.6280137896537781,
          "Top": 0.42750659584999084
        },
        "Polygon": [
          {
            "X": 0.6280137896537781,
            "Y": 0.42750659584999084
          },
          {
            "X": 0.7061710953712463,
            "Y": 0.42767253518104553
          },
          {
            "X": 0.7062265276908875,
            "Y": 0.4775506556034088
          },
          {
            "X": 0.6280321478843689,
            "Y": 0.477382093667984
          }
        ]
      },
      "Id": "db6c7641-e41c-43f4-a1da-93973ba69cd9",
      "Relationships": [
        {
          "Type": "CHILD",
          "Ids": [
            "210c0750-b3f5-4a75-9912-fb290b230b45"
          ]
        }
      ],
      "EntityTypes": [
        "COLUMN_HEADER"
      ],
      "Page": 1
    },
    {
      "BlockType": "CELL",
      "Confidence": 91.357421875,
      "RowIndex": 2,
      "ColumnIndex": 1,
      "RowSpan": 1,
      "ColumnSpan": 1,
      "Geometry": {
        "BoundingBox": {
          "Width": 0.13798101246356964,
          "Height": 0.036042068153619766,
          "Left": 0.29645514488220215,
          "Top": 0.47666749358177185
        },
        "Polygon": [
          {
            "X": 0.2965547740459442,
            "Y": 0.47666749358177185
          },
          {
            "X": 0.434436172246933,
            "Y": 0.4769647419452667
          },
          {
            "X": 0.43438345193862915,
            "Y": 0.5127095580101013
          },
          {
            "X": 0.29645514488220215,
            "Y": 0.512408971786499
          }
        ]
      },
      "Id": "6929910c-a8f6-4a4f-b6b6-9ba374cedd9e",
      "Relationships": [
        {
          "Type": "CHILD",
          "Ids": [
            "08eaee7e-f2fc-4c95-a35b-7a091ab9143d"
          ]
        }
      ],
      "Page": 1
    },
    {
      "BlockType": "CELL",
      "Confidence": 81.201171875,
      "RowIndex": 2,
      "ColumnIndex": 2,
      "RowSpan": 1,
      "ColumnSpan": 1,
      "Geometry": {
        "BoundingBox": {
          "Width": 0.06103014945983887,
          "Height": 0.03587775304913521,
          "Left": 0.43438345193862915,
          "Top": 0.4769647419452667
        },
        "Polygon": [
          {
            "X": 0.434436172246933,
            "Y": 0.4769647419452667
          },
          {
            "X": 0.495413601398468,
            "Y": 0.47709619998931885
          },
          {
            "X": 0.495381623506546,
            "Y": 0.5128424763679504
          },
          {
            "X": 0.43438345193862915,
            "Y": 0.5127095580101013
          }
        ]
      },
      "Id": "df51de2a-d262-4eec-b36f-05e4f3e0c80f",
      "Relationships": [
        {
          "Type": "CHILD",
          "Ids": [
            "c317bb7d-07dd-42ed-b391-1707c6d26558"
          ]
        }
      ],
      "Page": 1
    },
    {
      "BlockType": "CELL",
      "Confidence": 89.55078125,
      "RowIndex": 2,
      "ColumnIndex": 3,
      "RowSpan": 1,
      "ColumnSpan": 1,
      "Geometry": {
        "BoundingBox": {
          "Width": 0.0706944614648819,
          "Height": 0.03590033948421478,
          "Left": 0.495381623506546,
          "Top": 0.47709619998931885
        },
        "Polygon": [
          {
            "X": 0.495413601398468,
            "Y": 0.47709619998931885
          },
          {
            "X": 0.5660760998725891,
            "Y": 0.47724851965904236
          },
          {
            "X": 0.5660681128501892,
            "Y": 0.5129965543746948
          },
          {
            "X": 0.495381623506546,
            "Y": 0.5128424763679504
          }
        ]
      },
      "Id": "fe6543cd-70a2-4ed3-863f-ed79c013d31a",
      "Relationships": [
        {
          "Type": "CHILD",
          "Ids": [
            "9e484d81-3fe1-4e87-84c3-2067c44a28b4"
          ]
        }
      ],
      "Page": 1
    },
    {
      "BlockType": "CELL",
      "Confidence": 83.837890625,
      "RowIndex": 2,
      "ColumnIndex": 4,
      "RowSpan": 1,
      "ColumnSpan": 1,
      "Geometry": {
        "BoundingBox": {
          "Width": 0.06197712570428848,
          "Height": 0.035883065313100815,
          "Left": 0.5660681128501892,
          "Top": 0.47724851965904236
        },
        "Polygon": [
          {
            "X": 0.5660760998725891,
            "Y": 0.47724851965904236
          },
          {
            "X": 0.6280321478843689,
            "Y": 0.477382093667984
          },
          {
            "X": 0.6280452609062195,
            "Y": 0.5131315588951111
          },
          {
            "X": 0.5660681128501892,
            "Y": 0.5129965543746948
          }
        ]
      },
      "Id": "6520574e-3c1e-4d1e-aa2c-c18b905df455",
      "Relationships": [
        {
          "Type": "CHILD",
          "Ids": [
            "dac8dc8c-d0df-4108-8466-e5473f3a93d5"
          ]
        }
      ],
      "Page": 1
    },
    {
      "BlockType": "CELL",
      "Confidence": 88.671875,
      "RowIndex": 2,
      "ColumnIndex": 5,
      "RowSpan": 1,
      "ColumnSpan": 1,
      "Geometry": {
        "BoundingBox": {
          "Width": 0.07823415100574493,
          "Height": 0.03591996058821678,
          "Left": 0.6280321478843689,
          "Top": 0.477382093667984
        },
        "Polygon": [
          {
            "X": 0.6280321478843689,
            "Y": 0.477382093667984
          },
          {
            "X": 0.7062265276908875,
            "Y": 0.4775506556034088
          },
          {
            "X": 0.7062662839889526,
            "Y": 0.5133020281791687
          },
          {
            "X": 0.6280452609062195,
            "Y": 0.5131315588951111
          }
        ]
      },
      "Id": "e9c73118-3dbe-4a7e-87a1-63f4d4c2aa3c",
      "Relationships": [
        {
          "Type": "CHILD",
          "Ids": [
            "ae48bc5c-b2a7-4a1e-9ec6-229780decc4a"
          ]
        }
      ],
      "Page": 1
    },
    {
      "BlockType": "CELL",
      "Confidence": 88.818359375,
      "RowIndex": 3,
      "ColumnIndex": 1,
      "RowSpan": 1,
      "ColumnSpan": 1,
      "Geometry": {
        "BoundingBox": {
          "Width": 0.13801728188991547,
          "Height": 0.03223614767193794,
          "Left": 0.2963661551475525,
          "Top": 0.512408971786499
        },
        "Polygon": [
          {
            "X": 0.29645514488220215,
            "Y": 0.512408971786499
          },
          {
            "X": 0.43438345193862915,
            "Y": 0.5127095580101013
          },
          {
            "X": 0.4343363344669342,
            "Y": 0.5446451306343079
          },
          {
            "X": 0.2963661551475525,
            "Y": 0.5443415641784668
          }
        ]
      },
      "Id": "403d1d70-c8c6-4ecf-a570-123df707e35d",
      "Relationships": [
        {
          "Type": "CHILD",
          "Ids": [
            "316d8bb2-b3d5-4b24-8e4f-ad65e3c4431a"
          ]
        }
      ],
      "Page": 1
    },
    {
      "BlockType": "CELL",
      "Confidence": 78.90625,
      "RowIndex": 3,
      "ColumnIndex": 2,
      "RowSpan": 1,
      "ColumnSpan": 1,
      "Geometry": {
        "BoundingBox": {
          "Width": 0.061045270413160324,
          "Height": 0.032069820910692215,
          "Left": 0.4343363344669342,
          "Top": 0.5127095580101013
        },
        "Polygon": [
          {
            "X": 0.43438345193862915,
            "Y": 0.5127095580101013
          },
          {
            "X": 0.495381623506546,
            "Y": 0.5128424763679504
          },
          {
            "X": 0.4953530430793762,
            "Y": 0.544779360294342
          },
          {
            "X": 0.4343363344669342,
            "Y": 0.5446451306343079
          }
        ]
      },
      "Id": "4335b5ff-a95b-4741-a836-f58916c0ab21",
      "Relationships": [
        {
          "Type": "CHILD",
          "Ids": [
            "15fd1de3-3134-4c15-8206-790680206869"
          ]
        }
      ],
      "Page": 1
    },
    {
      "BlockType": "CELL",
      "Confidence": 87.01171875,
      "RowIndex": 3,
      "ColumnIndex": 3,
      "RowSpan": 1,
      "ColumnSpan": 1,
      "Geometry": {
        "BoundingBox": {
          "Width": 0.07071508467197418,
          "Height": 0.03209245949983597,
          "Left": 0.4953530430793762,
          "Top": 0.5128424763679504
        },
        "Polygon": [
          {
            "X": 0.495381623506546,
            "Y": 0.5128424763679504
          },
          {
            "X": 0.5660681128501892,
            "Y": 0.5129965543746948
          },
          {
            "X": 0.5660610198974609,
            "Y": 0.5449349284172058
          },
          {
            "X": 0.4953530430793762,
            "Y": 0.544779360294342
          }
        ]
      },
      "Id": "8b1637b8-e418-49d3-997d-b660d4045128",
      "Relationships": [
        {
          "Type": "CHILD",
          "Ids": [
            "481e753e-3d8f-43b7-973c-fa59d126afab"
          ]
        }
      ],
      "Page": 1
    },
    {
      "BlockType": "CELL",
      "Confidence": 81.4453125,
      "RowIndex": 3,
      "ColumnIndex": 4,
      "RowSpan": 1,
      "ColumnSpan": 1,
      "Geometry": {
        "BoundingBox": {
          "Width": 0.06199595332145691,
          "Height": 0.03207481652498245,
          "Left": 0.5660610198974609,
          "Top": 0.5129965543746948
        },
        "Polygon": [
          {
            "X": 0.5660681128501892,
            "Y": 0.5129965543746948
          },
          {
            "X": 0.6280452609062195,
            "Y": 0.5131315588951111
          },
          {
            "X": 0.6280570030212402,
            "Y": 0.5450713634490967
          },
          {
            "X": 0.5660610198974609,
            "Y": 0.5449349284172058
          }
        ]
      },
      "Id": "d3ccfa9a-6140-4150-9cab-987b70f375f1",
      "Relationships": [
        {
          "Type": "CHILD",
          "Ids": [
            "080a2143-6d50-4ba0-bc7f-715923984bbd"
          ]
        }
      ],
      "Page": 1
    },
    {
      "BlockType": "CELL",
      "Confidence": 86.181640625,
      "RowIndex": 3,
      "ColumnIndex": 5,
      "RowSpan": 1,
      "ColumnSpan": 1,
      "Geometry": {
        "BoundingBox": {
          "Width": 0.0782565176486969,
          "Height": 0.03211190551519394,
          "Left": 0.6280452609062195,
          "Top": 0.5131315588951111
        },
        "Polygon": [
          {
            "X": 0.6280452609062195,
            "Y": 0.5131315588951111
          },
          {
            "X": 0.7062662839889526,
            "Y": 0.5133020281791687
          },
          {
            "X": 0.706301748752594,
            "Y": 0.545243501663208
          },
          {
            "X": 0.6280570030212402,
            "Y": 0.5450713634490967
          }
        ]
      },
      "Id": "3251e67c-859e-4e3c-af52-12b5716be49d",
      "Relationships": [
        {
          "Type": "CHILD",
          "Ids": [
            "007b2517-c862-4828-84ca-8482f49395fd"
          ]
        }
      ],
      "Page": 1
    },
    {
      "BlockType": "CELL",
      "Confidence": 86.572265625,
      "RowIndex": 4,
      "ColumnIndex": 1,
      "RowSpan": 1,
      "ColumnSpan": 1,
      "Geometry": {
        "BoundingBox": {
          "Width": 0.13805566728115082,
          "Height": 0.030979963019490242,
          "Left": 0.2962806820869446,
          "Top": 0.5443415641784668
        },
        "Polygon": [
          {
            "X": 0.2963661551475525,
            "Y": 0.5443415641784668
          },
          {
            "X": 0.4343363344669342,
            "Y": 0.5446451306343079
          },
          {
            "X": 0.4342910945415497,
            "Y": 0.5753215551376343
          },
          {
            "X": 0.2962806820869446,
            "Y": 0.575015127658844
          }
        ]
      },
      "Id": "4e21542c-f5df-4ec3-9601-1938264a2858",
      "Relationships": [
        {
          "Type": "CHILD",
          "Ids": [
            "8bb495f9-9f38-452d-a1a7-7835dc30f639"
          ]
        }
      ],
      "Page": 1
    },
    {
      "BlockType": "CELL",
      "Confidence": 76.953125,
      "RowIndex": 4,
      "ColumnIndex": 2,
      "RowSpan": 1,
      "ColumnSpan": 1,
      "Geometry": {
        "BoundingBox": {
          "Width": 0.06106194108724594,
          "Height": 0.030811922624707222,
          "Left": 0.4342910945415497,
          "Top": 0.5446451306343079
        },
        "Polygon": [
          {
            "X": 0.4343363344669342,
            "Y": 0.5446451306343079
          },
          {
            "X": 0.4953530430793762,
            "Y": 0.544779360294342
          },
          {
            "X": 0.49532559514045715,
            "Y": 0.5754570364952087
          },
          {
            "X": 0.4342910945415497,
            "Y": 0.5753215551376343
          }
        ]
      },
      "Id": "e86ba3db-98b0-44cd-be2d-7252a5736d88",
      "Relationships": [
        {
          "Type": "CHILD",
          "Ids": [
            "448e27c3-ef71-42a5-9232-53b99e10ae10"
          ]
        }
      ],
      "Page": 1
    },
    {
      "BlockType": "CELL",
      "Confidence": 84.814453125,
      "RowIndex": 4,
      "ColumnIndex": 3,
      "RowSpan": 1,
      "ColumnSpan": 1,
      "Geometry": {
        "BoundingBox": {
          "Width": 0.07073543220758438,
          "Height": 0.030834710225462914,
          "Left": 0.49532559514045715,
          "Top": 0.544779360294342
        },
        "Polygon": [
          {
            "X": 0.4953530430793762,
            "Y": 0.544779360294342
          },
          {
            "X": 0.5660610198974609,
            "Y": 0.5449349284172058
          },
          {
            "X": 0.5660542249679565,
            "Y": 0.5756140947341919
          },
          {
            "X": 0.49532559514045715,
            "Y": 0.5754570364952087
          }
        ]
      },
      "Id": "6cbfabdb-c4ee-4c9f-8896-044488ca2209",
      "Relationships": [
        {
          "Type": "CHILD",
          "Ids": [
            "d5af361b-df83-421a-b614-49112b0644ba"
          ]
        }
      ],
      "Page": 1
    },
    {
      "BlockType": "CELL",
      "Confidence": 79.39453125,
      "RowIndex": 4,
      "ColumnIndex": 4,
      "RowSpan": 1,
      "ColumnSpan": 1,
      "Geometry": {
        "BoundingBox": {
          "Width": 0.06201404333114624,
          "Height": 0.030816828832030296,
          "Left": 0.5660542249679565,
          "Top": 0.5449349284172058
        },
        "Polygon": [
          {
            "X": 0.5660610198974609,
            "Y": 0.5449349284172058
          },
          {
            "X": 0.6280570030212402,
            "Y": 0.5450713634490967
          },
          {
            "X": 0.6280682682991028,
            "Y": 0.575751781463623
          },
          {
            "X": 0.5660542249679565,
            "Y": 0.5756140947341919
          }
        ]
      },
      "Id": "bdef3996-34c0-418f-a85a-71b8350cfd00",
      "Relationships": [
        {
          "Type": "CHILD",
          "Ids": [
            "e1f3285f-1ed8-46ec-b316-0cb1ca5414d8"
          ]
        }
      ],
      "Page": 1
    },
    {
      "BlockType": "CELL",
      "Confidence": 83.984375,
      "RowIndex": 4,
      "ColumnIndex": 5,
      "RowSpan": 1,
      "ColumnSpan": 1,
      "Geometry": {
        "BoundingBox": {
          "Width": 0.07827888429164886,
          "Height": 0.030854200944304466,
          "Left": 0.6280570030212402,
          "Top": 0.5450713634490967
        },
        "Polygon": [
          {
            "X": 0.6280570030212402,
            "Y": 0.5450713634490967
          },
          {
            "X": 0.706301748752594,
            "Y": 0.545243501663208
          },
          {
            "X": 0.7063358426094055,
            "Y": 0.5759255290031433
          },
          {
            "X": 0.6280682682991028,
            "Y": 0.575751781463623
          }
        ]
      },
      "Id": "7ca6b7de-5389-4d11-9864-b71a883c98fb",
      "Relationships": [
        {
          "Type": "CHILD",
          "Ids": [
            "ee38faea-d0a9-4862-beb6-115fe60d259a"
          ]
        }
      ],
      "Page": 1
    },
    {
      "BlockType": "CELL",
      "Confidence": 93.701171875,
      "RowIndex": 5,
      "ColumnIndex": 1,
      "RowSpan": 1,
      "ColumnSpan": 1,
      "Geometry": {
        "BoundingBox": {
          "Width": 0.13812145590782166,
          "Height": 0.04015025123953819,
          "Left": 0.296169638633728,
          "Top": 0.575015127658844
        },
        "Polygon": [
          {
            "X": 0.2962806820869446,
            "Y": 0.575015127658844
          },
          {
            "X": 0.4342910945415497,
            "Y": 0.5753215551376343
          },
          {
            "X": 0.43423232436180115,
            "Y": 0.6151653528213501
          },
          {
            "X": 0.296169638633728,
            "Y": 0.6148552298545837
          }
        ]
      },
      "Id": "c9126532-2f29-41b1-ad12-b6d2b7b1cac1",
      "Relationships": [
        {
          "Type": "CHILD",
          "Ids": [
            "c0a40de4-3f3f-488b-a971-dd489f90a01e"
          ]
        }
      ],
      "Page": 1
    },
    {
      "BlockType": "CELL",
      "Confidence": 83.251953125,
      "RowIndex": 5,
      "ColumnIndex": 2,
      "RowSpan": 1,
      "ColumnSpan": 1,
      "Geometry": {
        "BoundingBox": {
          "Width": 0.06109326332807541,
          "Height": 0.039980992674827576,
          "Left": 0.43423232436180115,
          "Top": 0.5753215551376343
        },
        "Polygon": [
          {
            "X": 0.4342910945415497,
            "Y": 0.5753215551376343
          },
          {
            "X": 0.49532559514045715,
            "Y": 0.5754570364952087
          },
          {
            "X": 0.49528995156288147,
            "Y": 0.615302562713623
          },
          {
            "X": 0.43423232436180115,
            "Y": 0.6151653528213501
          }
        ]
      },
      "Id": "ccdfcfb2-0f75-4f57-b1dc-377d2029d3f4",
      "Relationships": [
        {
          "Type": "CHILD",
          "Ids": [
            "d262a735-4e2a-4570-adfc-01a6893457d2"
          ]
        }
      ],
      "Page": 1
    },
    {
      "BlockType": "CELL",
      "Confidence": 91.845703125,
      "RowIndex": 5,
      "ColumnIndex": 3,
      "RowSpan": 1,
      "ColumnSpan": 1,
      "Geometry": {
        "BoundingBox": {
          "Width": 0.07076426595449448,
          "Height": 0.0400044210255146,
          "Left": 0.49528995156288147,
          "Top": 0.5754570364952087
        },
        "Polygon": [
          {
            "X": 0.49532559514045715,
            "Y": 0.5754570364952087
          },
          {
            "X": 0.5660542249679565,
            "Y": 0.5756140947341919
          },
          {
            "X": 0.566045343875885,
            "Y": 0.6154614686965942
          },
          {
            "X": 0.49528995156288147,
            "Y": 0.615302562713623
          }
        ]
      },
      "Id": "25534b1d-098a-4db0-ab6d-2a3e68079980",
      "Relationships": [
        {
          "Type": "CHILD",
          "Ids": [
            "eaf7ad71-8b59-4aa9-84e3-93a5b21e2550"
          ]
        }
      ],
      "Page": 1
    },
    {
      "BlockType": "CELL",
      "Confidence": 85.9375,
      "RowIndex": 5,
      "ColumnIndex": 4,
      "RowSpan": 1,
      "ColumnSpan": 1,
      "Geometry": {
        "BoundingBox": {
          "Width": 0.06203753501176834,
          "Height": 0.0399867445230484,
          "Left": 0.566045343875885,
          "Top": 0.5756140947341919
        },
        "Polygon": [
          {
            "X": 0.5660542249679565,
            "Y": 0.5756140947341919
          },
          {
            "X": 0.6280682682991028,
            "Y": 0.575751781463623
          },
          {
            "X": 0.6280828714370728,
            "Y": 0.6156008243560791
          },
          {
            "X": 0.566045343875885,
            "Y": 0.6154614686965942
          }
        ]
      },
      "Id": "7cc91588-fb5c-4fc5-ad89-ae321555733c",
      "Relationships": [
        {
          "Type": "CHILD",
          "Ids": [
            "35f841d3-0088-48cb-9f5e-c8f74004e5d4"
          ]
        }
      ],
      "Page": 1
    },
    {
      "BlockType": "CELL",
      "Confidence": 90.91796875,
      "RowIndex": 5,
      "ColumnIndex": 5,
      "RowSpan": 1,
      "ColumnSpan": 1,
      "Geometry": {
        "BoundingBox": {
          "Width": 0.07831190526485443,
          "Height": 0.04002493992447853,
          "Left": 0.6280682682991028,
          "Top": 0.575751781463623
        },
        "Polygon": [
          {
            "X": 0.6280682682991028,
            "Y": 0.575751781463623
          },
          {
            "X": 0.7063358426094055,
            "Y": 0.5759255290031433
          },
          {
            "X": 0.7063801288604736,
            "Y": 0.6157767176628113
          },
          {
            "X": 0.6280828714370728,
            "Y": 0.6156008243560791
          }
        ]
      },
      "Id": "54073760-f142-44bd-94a1-f0fc6ca0e764",
      "Relationships": [
        {
          "Type": "CHILD",
          "Ids": [
            "28dba116-6fc3-4d4d-8733-4aa2cae7985d"
          ]
        }
      ],
      "Page": 1
    },
    {
      "BlockType": "TABLE_TITLE",
      "Confidence": 89.990234375,
      "Geometry": {
        "BoundingBox": {
          "Width": 0.12199416756629944,
          "Height": 0.02481074258685112,
          "Left": 0.44839608669281006,
          "Top": 0.3938104808330536
        },
        "Polygon": [
          {
            "X": 0.44842907786369324,
            "Y": 0.3938104808330536
          },
          {
            "X": 0.5703902840614319,
            "Y": 0.3940667510032654
          },
          {
            "X": 0.5703858137130737,
            "Y": 0.4186212122440338
          },
          {
            "X": 0.44839608669281006,
            "Y": 0.41836291551589966
          }
        ]
      },
      "Id": "d2c449ae-6f25-4d30-b6d3-f35e0ae584ed",
      "Relationships": [
        {
          "Type": "CHILD",
          "Ids": [
            "08e6dd60-21d0-47f9-948f-b91050ff1b7b"
          ]
        }
      ],
      "Page": 1
    }
  ],
  "AnalyzeDocumentModelVersion": "1.0"
}