{
  "DocumentMetadata": {
    "Pages": 1
  },
  "JobStatus": "SUCCEEDED",
  "Blocks": [
    {
      "BlockType": "PAGE",
      "Geometry": {
        "BoundingBox": {
          "Width": 0.5301722884178162,
          "Height": 0.26872798800468445,
          "Left": 0.23885610699653625,
          "Top": 0.35584592819213867
        },
        "Polygon": [
          {
            "X": 0.23885610699653625,
            "Y": 0.35584592819213867
          },
          {
            "X": 0.7683490514755249,
            "Y": 0.3565473258495331
          },
          {
            "X": 0.76902836561203,
            "Y": 0.6245739459991455
          },
          {
            "X": 0.23899969458580017,
            "Y": 0.623482346534729
          }
        ]
      },
      "Id": "0fcf53c1-7752-4927-a320-39e6232d4a87",
      "Relationships": [
        {
          "Type": "CHILD",
          "Ids": [
            "4ae0a3e8-db3e-493f-bf58-0843953235cf",
            "7960bf11-e637-46c0-b32e-1b71c8d5250c",
            "f95419e1-f5d2-4f5f-8b4b-ae7a12a2a914",
            "0d3e53a2-13d0-4c86-86df-e0b33ddf6c2e",
            "6a4d82d0-0cd9-4105-b439-27ab852c2a30",
            "c0e796c1-e482-4666-ba51-1d9b8dc99c51",
            "9b68324b-1247-49dc-9e51-31def3c2c247",
            "4f4de4b6-4c54-4689-97e7-be063ed262e7",
            "e9bc2b86-158c-42c1-8ce3-b4cb84b2d2ff",
            "04dfdadf-4ab1-4cb6-83c4-93f0100b3e64",
            "79488b0b-77b1-4893-b0dc-55b38507b363",
            "30d3b5d7-8e59-459f-9c99-2740d14f8b17",
            "c6488fe2-6f91-424b-8b76-d11b4e9aa168",
            "2bed0626-4985-4517-818c-a0e9671ca7b5",
            "0b761bcf-4746-40fa-b197-f00feb308ed6",
            "5980aa1a-ac4b-4747-8bfe-8ac3a79c0a97",
            "91ddc504-bb52-4cbf-b236-f61c33485db4",
            "c0f6a420-d1b7-4fdd-9340-0a11db8e3d98"
          ]
        }
      ],
      "Page": 1
    },
    {
      "BlockType": "LINE",
      "Confidence": 99.96192169189453,
      "Text": "Sample",
      "Geometry": {
        "BoundingBox": {
          "Width": 0.051817234605550766,
          "Height": 0.025484517216682434,
          "Left": 0.27264606952667236,
          "Top": 0.4062265157699585
        },
        "Polygon": [
          {
            "X": 0.27264606952667236,
            "Y": 0.4062265157699585
          },
          {
            "X": 0.32444146275520325,
            "Y": 0.406302273273468
          },
          {
            "X": 0.3244633078575134,
            "Y": 0.43171101808547974
          },
          {
            "X": 0.2726629376411438,
            "Y": 0.4316316246986389
          }
        ]
      },
      "Id": "4ae0a3e8-db3e-493f-bf58-0843953235cf",
      "Relationships": [
        {
          "Type": "CHILD",
          "Ids": [
            "a80fb21e-9c68-4756-bf79-9a6586d97d2e"
          ]
        }
      ],
      "Page": 1
    },
    {
      "BlockType": "LINE",
      "Confidence": 79.32489776611328,
      "Text": "Tg (C)",
      "Geometry": {
        "BoundingBox": {
          "Width": 0.046408042311668396,
          "Height": 0.028515895828604698,
          "Left": 0.44291457533836365,
          "Top": 0.4058254659175873
        },
        "Polygon": [
          {
            "X": 0.44291457533836365,
            "Y": 0.4058254659175873
          },
          {
            "X": 0.48928046226501465,
            "Y": 0.4058932065963745
          },
          {
            "X": 0.48932260274887085,
            "Y": 0.4343413710594177
          },
          {
            "X": 0.4429517090320587,
            "Y": 0.4342699944972992
          }
        ]
      },
      "Id": "7960bf11-e637-46c0-b32e-1b71c8d5250c",
      "Relationships": [
        {
          "Type": "CHILD",
          "Ids": [
            "55429adc-75dc-48e8-be86-ec9bee162b63",
            "f30dcbcc-fb60-4aa0-a720-007ffe5ff2ea"
          ]
        }
      ],
      "Page": 1
    },
    {
      "BlockType": "LINE",
      "Confidence": 82.973876953125,
      "Text": "Mc (g/mol)",
      "Geometry": {
        "BoundingBox": {
          "Width": 0.07681430131196976,
          "Height": 0.025772197172045708,
          "Left": 0.6493625044822693,
          "Top": 0.4059315323829651
        },
        "Polygon": [
          {
            "X": 0.6493625044822693,
            "Y": 0.4059315323829651
          },
          {
            "X": 0.726115882396698,
            "Y": 0.4060436487197876
          },
          {
            "X": 0.7261768579483032,
            "Y": 0.43170374631881714
          },
          {
            "X": 0.6494160294532776,
            "Y": 0.43158623576164246
          }
        ]
      },
      "Id": "f95419e1-f5d2-4f5f-8b4b-ae7a12a2a914",
      "Relationships": [
        {
          "Type": "CHILD",
          "Ids": [
            "9e6cfdd8-4b29-4b4e-88b7-76d76c0048b5",
            "0ca81950-a947-4ac6-bbaf-9b3375c99b86"
          ]
        }
      ],
      "Page": 1
    },
    {
      "BlockType": "LINE",
      "Confidence": 99.87094116210938,
      "Text": "DSC",
      "Geometry": {
        "BoundingBox": {
          "Width": 0.02812790311872959,
          "Height": 0.01986122317612171,
          "Left": 0.44361674785614014,
          "Top": 0.45446646213531494
        },
        "Polygon": [
          {
            "X": 0.44361674785614014,
            "Y": 0.45446646213531494
          },
          {
            "X": 0.47171661257743835,
            "Y": 0.45451128482818604
          },
          {
            "X": 0.4717446267604828,
            "Y": 0.4743276834487915
          },
          {
            "X": 0.44364267587661743,
            "Y": 0.47428134083747864
          }
        ]
      },
      "Id": "0d3e53a2-13d0-4c86-86df-e0b33ddf6c2e",
      "Relationships": [
        {
          "Type": "CHILD",
          "Ids": [
            "f35c4583-b7fd-49bc-aeff-12fa96e81cb2"
          ]
        }
      ],
      "Page": 1
    },
    {
      "BlockType": "LINE",
      "Confidence": 99.88107299804688,
      "Text": "DMA",
      "Geometry": {
        "BoundingBox": {
          "Width": 0.035541415214538574,
          "Height": 0.01950729824602604,
          "Left": 0.5429248809814453,
          "Top": 0.45451632142066956
        },
        "Polygon": [
          {
            "X": 0.5429248809814453,
            "Y": 0.45451632142066956
          },
          {
            "X": 0.5784309506416321,
            "Y": 0.4545729458332062
          },
          {
            "X": 0.5784662961959839,
            "Y": 0.47402364015579224
          },
          {
            "X": 0.542957603931427,
            "Y": 0.4739651381969452
          }
        ]
      },
      "Id": "6a4d82d0-0cd9-4105-b439-27ab852c2a30",
      "Relationships": [
        {
          "Type": "CHILD",
          "Ids": [
            "6a16cb9b-c248-4513-8e1b-a7e2872eaea9"
          ]
        }
      ],
      "Page": 1
    },
    {
      "BlockType": "LINE",
      "Confidence": 99.61563110351562,
      "Text": "DGEBA",
      "Geometry": {
        "BoundingBox": {
          "Width": 0.04965565726161003,
          "Height": 0.019566930830478668,
          "Left": 0.2731669247150421,
          "Top": 0.5010901689529419
        },
        "Polygon": [
          {
            "X": 0.2731669247150421,
            "Y": 0.5010901689529419
          },
          {
            "X": 0.3228059709072113,
            "Y": 0.5011757016181946
          },
          {
            "X": 0.32282260060310364,
            "Y": 0.5206571221351624
          },
          {
            "X": 0.27317988872528076,
            "Y": 0.5205689072608948
          }
        ]
      },
      "Id": "c0e796c1-e482-4666-ba51-1d9b8dc99c51",
      "Relationships": [
        {
          "Type": "CHILD",
          "Ids": [
            "94cc9507-d30b-45f3-acfb-94648e7681d4"
          ]
        }
      ],
      "Page": 1
    },
    {
      "BlockType": "LINE",
      "Confidence": 99.85176086425781,
      "Text": "129",
      "Geometry": {
        "BoundingBox": {
          "Width": 0.024928787723183632,
          "Height": 0.019940746948122978,
          "Left": 0.4445834457874298,
          "Top": 0.5009695291519165
        },
        "Polygon": [
          {
            "X": 0.4445834457874298,
            "Y": 0.5009695291519165
          },
          {
            "X": 0.46948423981666565,
            "Y": 0.5010124444961548
          },
          {
            "X": 0.4695122241973877,
            "Y": 0.5209102630615234
          },
          {
            "X": 0.44460955262184143,
            "Y": 0.5208660364151001
          }
        ]
      },
      "Id": "9b68324b-1247-49dc-9e51-31def3c2c247",
      "Relationships": [
        {
          "Type": "CHILD",
          "Ids": [
            "ac4292c7-cead-4cf7-b3e6-9c1d75a8084c"
          ]
        }
      ],
      "Page": 1
    },
    {
      "BlockType": "LINE",
      "Confidence": 99.66557312011719,
      "Text": "117",
      "Geometry": {
        "BoundingBox": {
          "Width": 0.025277787819504738,
          "Height": 0.02003861404955387,
          "Left": 0.5439479351043701,
          "Top": 0.5009254813194275
        },
        "Polygon": [
          {
            "X": 0.5439479351043701,
            "Y": 0.5009254813194275
          },
          {
            "X": 0.5691900849342346,
            "Y": 0.5009689331054688
          },
          {
            "X": 0.5692257285118103,
            "Y": 0.5209640860557556
          },
          {
            "X": 0.543981671333313,
            "Y": 0.5209192633628845
          }
        ]
      },
      "Id": "4f4de4b6-4c54-4689-97e7-be063ed262e7",
      "Relationships": [
        {
          "Type": "CHILD",
          "Ids": [
            "04fc6fc3-8b7b-4be6-9f02-f0745c6a4032"
          ]
        }
      ],
      "Page": 1
    },
    {
      "BlockType": "LINE",
      "Confidence": 93.64031219482422,
      "Text": "47.2",
      "Geometry": {
        "BoundingBox": {
          "Width": 0.029637910425662994,
          "Height": 0.019800499081611633,
          "Left": 0.6494225859642029,
          "Top": 0.5010793805122375
        },
        "Polygon": [
          {
            "X": 0.6494225859642029,
            "Y": 0.5010793805122375
          },
          {
            "X": 0.6790171265602112,
            "Y": 0.5011303424835205
          },
          {
            "X": 0.6790605187416077,
            "Y": 0.5208799242973328
          },
          {
            "X": 0.6494637727737427,
            "Y": 0.5208273530006409
          }
        ]
      },
      "Id": "e9bc2b86-158c-42c1-8ce3-b4cb84b2d2ff",
      "Relationships": [
        {
          "Type": "CHILD",
          "Ids": [
            "6dd140c8-fa92-43c0-a60c-06c61cb33480"
          ]
        }
      ],
      "Page": 1
    },
    {
      "BlockType": "LINE",
      "Confidence": 99.74854278564453,
      "Text": "50%DOL-DDM",
      "Geometry": {
        "BoundingBox": {
          "Width": 0.09860992431640625,
          "Height": 0.01955443061888218,
          "Left": 0.2730894982814789,
          "Top": 0.5314216613769531
        },
        "Polygon": [
          {
            "X": 0.2730894982814789,
            "Y": 0.5314216613769531
          },
          {
            "X": 0.37167930603027344,
            "Y": 0.531599760055542
          },
          {
            "X": 0.37169942259788513,
            "Y": 0.5509760975837708
          },
          {
            "X": 0.27310237288475037,
            "Y": 0.5507927536964417
          }
        ]
      },
      "Id": "04dfdadf-4ab1-4cb6-83c4-93f0100b3e64",
      "Relationships": [
        {
          "Type": "CHILD",
          "Ids": [
            "0eb47cbb-a924-4344-b0ab-11d69889b954"
          ]
        }
      ],
      "Page": 1
    },
    {
      "BlockType": "LINE",
      "Confidence": 99.93045806884766,
      "Text": "85",
      "Geometry": {
        "BoundingBox": {
          "Width": 0.017110904678702354,
          "Height": 0.019729262217879295,
          "Left": 0.44338589906692505,
          "Top": 0.5317752957344055
        },
        "Polygon": [
          {
            "X": 0.44338589906692505,
            "Y": 0.5317752957344055
          },
          {
            "X": 0.4604697823524475,
            "Y": 0.5318061113357544
          },
          {
            "X": 0.46049681305885315,
            "Y": 0.5515045523643494
          },
          {
            "X": 0.4434116780757904,
            "Y": 0.5514727234840393
          }
        ]
      },
      "Id": "79488b0b-77b1-4893-b0dc-55b38507b363",
      "Relationships": [
        {
          "Type": "CHILD",
          "Ids": [
            "7fbf11a3-3736-424e-ba13-8ceb99cc7b04"
          ]
        }
      ],
      "Page": 1
    },
    {
      "BlockType": "LINE",
      "Confidence": 99.83753204345703,
      "Text": "83",
      "Geometry": {
        "BoundingBox": {
          "Width": 0.01665330119431019,
          "Height": 0.02001766301691532,
          "Left": 0.542988657951355,
          "Top": 0.531524658203125
        },
        "Polygon": [
          {
            "X": 0.542988657951355,
            "Y": 0.531524658203125
          },
          {
            "X": 0.5596070885658264,
            "Y": 0.5315546989440918
          },
          {
            "X": 0.55964195728302,
            "Y": 0.551542341709137
          },
          {
            "X": 0.5430222749710083,
            "Y": 0.5515114068984985
          }
        ]
      },
      "Id": "30d3b5d7-8e59-459f-9c99-2740d14f8b17",
      "Relationships": [
        {
          "Type": "CHILD",
          "Ids": [
            "698dd780-f0ba-466b-a941-a02a48b9a42e"
          ]
        }
      ],
      "Page": 1
    },
    {
      "BlockType": "LINE",
      "Confidence": 99.86163330078125,
      "Text": "46.1",
      "Geometry": {
        "BoundingBox": {
          "Width": 0.02872956544160843,
          "Height": 0.019691001623868942,
          "Left": 0.6491963863372803,
          "Top": 0.5315279960632324
        },
        "Polygon": [
          {
            "X": 0.6491963863372803,
            "Y": 0.5315279960632324
          },
          {
            "X": 0.6778829097747803,
            "Y": 0.5315797328948975
          },
          {
            "X": 0.6779259443283081,
            "Y": 0.5512189865112305
          },
          {
            "X": 0.6492372751235962,
            "Y": 0.5511656403541565
          }
        ]
      },
      "Id": "c6488fe2-6f91-424b-8b76-d11b4e9aa168",
      "Relationships": [
        {
          "Type": "CHILD",
          "Ids": [
            "8f4f7970-da92-4554-80b2-dfcdb05a875c"
          ]
        }
      ],
      "Page": 1
    },
    {
      "BlockType": "LINE",
      "Confidence": 99.76065063476562,
      "Text": "50%DKL-DDM",
      "Geometry": {
        "BoundingBox": {
          "Width": 0.09779208898544312,
          "Height": 0.019837625324726105,
          "Left": 0.2727542817592621,
          "Top": 0.5632324814796448
        },
        "Polygon": [
          {
            "X": 0.2727542817592621,
            "Y": 0.5632324814796448
          },
          {
            "X": 0.3705260753631592,
            "Y": 0.5634176731109619
          },
          {
            "X": 0.3705463707447052,
            "Y": 0.5830700993537903
          },
          {
            "X": 0.2727673351764679,
            "Y": 0.5828796625137329
          }
        ]
      },
      "Id": "2bed0626-4985-4517-818c-a0e9671ca7b5",
      "Relationships": [
        {
          "Type": "CHILD",
          "Ids": [
            "48f41c2f-9181-44c2-8534-6faf72341d56"
          ]
        }
      ],
      "Page": 1
    },
    {
      "BlockType": "LINE",
      "Confidence": 99.90699005126953,
      "Text": "101",
      "Geometry": {
        "BoundingBox": {
          "Width": 0.02322802133858204,
          "Height": 0.01992853917181492,
          "Left": 0.44453710317611694,
          "Top": 0.5631821751594543
        },
        "Polygon": [
          {
            "X": 0.44453710317611694,
            "Y": 0.5631821751594543
          },
          {
            "X": 0.4677373170852661,
            "Y": 0.5632261037826538
          },
          {
            "X": 0.46776512265205383,
            "Y": 0.5831106901168823
          },
          {
            "X": 0.4445631802082062,
            "Y": 0.5830655097961426
          }
        ]
      },
      "Id": "0b761bcf-4746-40fa-b197-f00feb308ed6",
      "Relationships": [
        {
          "Type": "CHILD",
          "Ids": [
            "ddf20ce5-9662-4159-ad18-157cc01e0f40"
          ]
        }
      ],
      "Page": 1
    },
    {
      "BlockType": "LINE",
      "Confidence": 99.95298767089844,
      "Text": "100",
      "Geometry": {
        "BoundingBox": {
          "Width": 0.025103509426116943,
          "Height": 0.02013045735657215,
          "Left": 0.5441412925720215,
          "Top": 0.5630713105201721
        },
        "Polygon": [
          {
            "X": 0.5441412925720215,
            "Y": 0.5630713105201721
          },
          {
            "X": 0.5692090392112732,
            "Y": 0.5631187558174133
          },
          {
            "X": 0.5692448019981384,
            "Y": 0.5832017660140991
          },
          {
            "X": 0.5441752076148987,
            "Y": 0.5831529498100281
          }
        ]
      },
      "Id": "5980aa1a-ac4b-4747-8bfe-8ac3a79c0a97",
      "Relationships": [
        {
          "Type": "CHILD",
          "Ids": [
            "aad2b270-3953-441c-834e-fe07032497b1"
          ]
        }
      ],
      "Page": 1
    },
    {
      "BlockType": "LINE",
      "Confidence": 99.85040283203125,
      "Text": "57.9",
      "Geometry": {
        "BoundingBox": {
          "Width": 0.029948586598038673,
          "Height": 0.019834676757454872,
          "Left": 0.6495741009712219,
          "Top": 0.5633578896522522
        },
        "Polygon": [
          {
            "X": 0.6495741009712219,
            "Y": 0.5633578896522522
          },
          {
            "X": 0.67947918176651,
            "Y": 0.563414454460144
          },
          {
            "X": 0.679522693157196,
            "Y": 0.5831925272941589
          },
          {
            "X": 0.6496152877807617,
            "Y": 0.5831343531608582
          }
        ]
      },
      "Id": "91ddc504-bb52-4cbf-b236-f61c33485db4",
      "Relationships": [
        {
          "Type": "CHILD",
          "Ids": [
            "ab2b12da-c535-4682-955d-7f9edf22b5a4"
          ]
        }
      ],
      "Page": 1
    },
    {
      "BlockType": "WORD",
      "Confidence": 99.96192169189453,
      "Text": "Sample",
      "TextType": "PRINTED",
      "Geometry": {
        "BoundingBox": {
          "Width": 0.051817234605550766,
          "Height": 0.025484517216682434,
          "Left": 0.27264606952667236,
          "Top": 0.4062265157699585
        },
        "Polygon": [
          {
            "X": 0.27264606952667236,
            "Y": 0.4062265157699585
          },
          {
            "X": 0.32444146275520325,
            "Y": 0.406302273273468
          },
          {
            "X": 0.3244633078575134,
            "Y": 0.43171101808547974
          },
          {
            "X": 0.2726629376411438,
            "Y": 0.4316316246986389
          }
        ]
      },
      "Id": "a80fb21e-9c68-4756-bf79-9a6586d97d2e",
      "Page": 1
    },
    {
      "BlockType": "WORD",
      "Confidence": 97.30722045898438,
      "Text": "Tg",
      "TextType": "PRINTED",
      "Geometry": {
        "BoundingBox": {
          "Width": 0.015005527064204216,
          "Height": 0.027475865557789803,
          "Left": 0.4429158568382263,
          "Top": 0.40681716799736023
        },
        "Polygon": [
          {
            "X": 0.4429158568382263,
            "Y": 0.40681716799736023
          },
          {
            "X": 0.4578839838504791,
            "Y": 0.4068390727043152
          },
          {
            "X": 0.4579213857650757,
            "Y": 0.4342930316925049
          },
          {
            "X": 0.4429517090320587,
            "Y": 0.4342699944972992
          }
        ]
      },
      "Id": "55429adc-75dc-48e8-be86-ec9bee162b63",
      "Page": 1
    },
    {
      "BlockType": "WORD",
      "Confidence": 61.34257888793945,
      "Text": "(C)",
      "TextType": "PRINTED",
      "Geometry": {
        "BoundingBox": {
          "Width": 0.02776072919368744,
          "Height": 0.02611471898853779,
          "Left": 0.46155837178230286,
          "Top": 0.40585270524024963
        },
        "Polygon": [
          {
            "X": 0.46155837178230286,
            "Y": 0.40585270524024963
          },
          {
            "X": 0.48928046226501465,
            "Y": 0.4058932065963745
          },
          {
            "X": 0.4893190860748291,
            "Y": 0.43196743726730347
          },
          {
            "X": 0.46159425377845764,
            "Y": 0.4319249391555786
          }
        ]
      },
      "Id": "f30dcbcc-fb60-4aa0-a720-007ffe5ff2ea",
      "Page": 1
    },
    {
      "BlockType": "WORD",
      "Confidence": 66.1790771484375,
      "Text": "Mc",
      "TextType": "PRINTED",
      "Geometry": {
        "BoundingBox": {
          "Width": 0.01949012279510498,
          "Height": 0.023130163550376892,
          "Left": 0.6493666172027588,
          "Top": 0.4079035520553589
        },
        "Polygon": [
          {
            "X": 0.6493666172027588,
            "Y": 0.4079035520553589
          },
          {
            "X": 0.6688069105148315,
            "Y": 0.4079320728778839
          },
          {
            "X": 0.6688567399978638,
            "Y": 0.431033730506897
          },
          {
            "X": 0.6494148373603821,
            "Y": 0.43100398778915405
          }
        ]
      },
      "Id": "9e6cfdd8-4b29-4b4e-88b7-76d76c0048b5",
      "Page": 1
    },
    {
      "BlockType": "WORD",
      "Confidence": 99.76866149902344,
      "Text": "(g/mol)",
      "TextType": "PRINTED",
      "Geometry": {
        "BoundingBox": {
          "Width": 0.05277170613408089,
          "Height": 0.025737084448337555,
          "Left": 0.673405110836029,
          "Top": 0.4059666693210602
        },
        "Polygon": [
          {
            "X": 0.673405110836029,
            "Y": 0.4059666693210602
          },
          {
            "X": 0.726115882396698,
            "Y": 0.4060436487197876
          },
          {
            "X": 0.7261768579483032,
            "Y": 0.43170374631881714
          },
          {
            "X": 0.6734609603881836,
            "Y": 0.43162304162979126
          }
        ]
      },
      "Id": "0ca81950-a947-4ac6-bbaf-9b3375c99b86",
      "Page": 1
    },
    {
      "BlockType": "WORD",
      "Confidence": 99.87094116210938,
      "Text": "DSC",
      "TextType": "PRINTED",
      "Geometry": {
        "BoundingBox": {
          "Width": 0.02812790311872959,
          "Height": 0.01986122317612171,
          "Left": 0.44361674785614014,
          "Top": 0.45446646213531494
        },
        "Polygon": [
          {
            "X": 0.44361674785614014,
            "Y": 0.45446646213531494
          },
          {
            "X": 0.47171661257743835,
            "Y": 0.45451128482818604
          },
          {
            "X": 0.4717446267604828,
            "Y": 0.4743276834487915
          },
          {
            "X": 0.44364267587661743,
            "Y": 0.47428134083747864
          }
        ]
      },
      "Id": "f35c4583-b7fd-49bc-aeff-12fa96e81cb2",
      "Page": 1
    },
    {
      "BlockType": "WORD",
      "Confidence": 99.88107299804688,
      "Text": "DMA",
      "TextType": "PRINTED",
      "Geometry": {
        "BoundingBox": {
          "Width": 0.035541415214538574,
          "Height": 0.01950729824602604,
          "Left": 0.5429248809814453,
          "Top": 0.45451632142066956
        },
        "Polygon": [
          {
            "X": 0.5429248809814453,
            "Y": 0.45451632142066956
          },
          {
            "X": 0.5784309506416321,
            "Y": 0.4545729458332062
          },
          {
            "X": 0.5784662961959839,
            "Y": 0.47402364015579224
          },
          {
            "X": 0.542957603931427,
            "Y": 0.4739651381969452
          }
        ]
      },
      "Id": "6a16cb9b-c248-4513-8e1b-a7e2872eaea9",
      "Page": 1
    },
    {
      "BlockType": "WORD",
      "Confidence": 99.61563110351562,
      "Text": "DGEBA",
      "TextType": "PRINTED",
      "Geometry": {
        "BoundingBox": {
          "Width": 0.04965565726161003,
          "Height": 0.019566930830478668,
          "Left": 0.2731669247150421,
          "Top": 0.5010901689529419
        },
        "Polygon": [
          {
            "X": 0.2731669247150421,
            "Y": 0.5010901689529419
          },
          {
            "X": 0.3228059709072113,
            "Y": 0.5011757016181946
          },
          {
            "X": 0.32282260060310364,
            "Y": 0.5206571221351624
          },
          {
            "X": 0.27317988872528076,
            "Y": 0.5205689072608948
          }
        ]
      },
      "Id": "94cc9507-d30b-45f3-acfb-94648e7681d4",
      "Page": 1
    },
    {
      "BlockType": "WORD",
      "Confidence": 99.85176086425781,
      "Text": "129",
      "TextType": "PRINTED",
      "Geometry": {
        "BoundingBox": {
          "Width": 0.024928787723183632,
          "Height": 0.019940746948122978,
          "Left": 0.4445834457874298,
          "Top": 0.5009695291519165
        },
        "Polygon": [
          {
            "X": 0.4445834457874298,
            "Y": 0.5009695291519165
          },
          {
            "X": 0.46948423981666565,
            "Y": 0.5010124444961548
          },
          {
            "X": 0.4695122241973877,
            "Y": 0.5209102630615234
          },
          {
            "X": 0.44460955262184143,
            "Y": 0.5208660364151001
          }
        ]
      },
      "Id": "ac4292c7-cead-4cf7-b3e6-9c1d75a8084c",
      "Page": 1
    },
    {
      "BlockType": "WORD",
      "Confidence": 99.66557312011719,
      "Text": "117",
      "TextType": "PRINTED",
      "Geometry": {
        "BoundingBox": {
          "Width": 0.025277787819504738,
          "Height": 0.02003861404955387,
          "Left": 0.5439479351043701,
          "Top": 0.5009254813194275
        },
        "Polygon": [
          {
            "X": 0.5439479351043701,
            "Y": 0.5009254813194275
          },
          {
            "X": 0.5691900849342346,
            "Y": 0.5009689331054688
          },
          {
            "X": 0.5692257285118103,
            "Y": 0.5209640860557556
          },
          {
            "X": 0.543981671333313,
            "Y": 0.5209192633628845
          }
        ]
      },
      "Id": "04fc6fc3-8b7b-4be6-9f02-f0745c6a4032",
      "Page": 1
    },
    {
      "BlockType": "WORD",
      "Confidence": 93.64031219482422,
      "Text": "47.2",
      "TextType": "PRINTED",
      "Geometry": {
        "BoundingBox": {
          "Width": 0.029637910425662994,
          "Height": 0.019800499081611633,
          "Left": 0.6494225859642029,
          "Top": 0.5010793805122375
        },
        "Polygon": [
          {
            "X": 0.6494225859642029,
            "Y": 0.5010793805122375
          },
          {
            "X": 0.6790171265602112,
            "Y": 0.5011303424835205
          },
          {
            "X": 0.6790605187416077,
            "Y": 0.5208799242973328
          },
          {
            "X": 0.6494637727737427,
            "Y": 0.5208273530006409
          }
        ]
      },
      "Id": "6dd140c8-fa92-43c0-a60c-06c61cb33480",
      "Page": 1
    },
    {
      "BlockType": "WORD",
      "Confidence": 99.74854278564453,
      "Text": "50%DOL-DDM",
      "TextType": "PRINTED",
      "Geometry": {
        "BoundingBox": {
          "Width": 0.09860992431640625,
          "Height": 0.01955443061888218,
          "Left": 0.2730894982814789,
          "Top": 0.5314216613769531
        },
        "Polygon": [
          {
            "X": 0.2730894982814789,
            "Y": 0.5314216613769531
          },
          {
            "X": 0.37167930603027344,
            "Y": 0.531599760055542
          },
          {
            "X": 0.37169942259788513,
            "Y": 0.5509760975837708
          },
          {
            "X": 0.27310237288475037,
            "Y": 0.5507927536964417
          }
        ]
      },
      "Id": "0eb47cbb-a924-4344-b0ab-11d69889b954",
      "Page": 1
    },
    {
      "BlockType": "WORD",
      "Confidence": 99.93045806884766,
      "Text": "85",
      "TextType": "PRINTED",
      "Geometry": {
        "BoundingBox": {
          "Width": 0.017110904678702354,
          "Height": 0.019729262217879295,
          "Left": 0.44338589906692505,
          "Top": 0.5317752957344055
        },
        "Polygon": [
          {
            "X": 0.44338589906692505,
            "Y": 0.5317752957344055
          },
          {
            "X": 0.4604697823524475,
            "Y": 0.5318061113357544
          },
          {
            "X": 0.46049681305885315,
            "Y": 0.5515045523643494
          },
          {
            "X": 0.4434116780757904,
            "Y": 0.5514727234840393
          }
        ]
      },
      "Id": "7fbf11a3-3736-424e-ba13-8ceb99cc7b04",
      "Page": 1
    },
    {
      "BlockType": "WORD",
      "Confidence": 99.83753204345703,
      "Text": "83",
      "TextType": "PRINTED",
      "Geometry": {
        "BoundingBox": {
          "Width": 0.01665330119431019,
          "Height": 0.02001766301691532,
          "Left": 0.542988657951355,
          "Top": 0.531524658203125
        },
        "Polygon": [
          {
            "X": 0.542988657951355,
            "Y": 0.531524658203125
          },
          {
            "X": 0.5596070885658264,
            "Y": 0.5315546989440918
          },
          {
            "X": 0.55964195728302,
            "Y": 0.551542341709137
          },
          {
            "X": 0.5430222749710083,
            "Y": 0.5515114068984985
          }
        ]
      },
      "Id": "698dd780-f0ba-466b-a941-a02a48b9a42e",
      "Page": 1
    },
    {
      "BlockType": "WORD",
      "Confidence": 99.86163330078125,
      "Text": "46.1",
      "TextType": "PRINTED",
      "Geometry": {
        "BoundingBox": {
          "Width": 0.02872956544160843,
          "Height": 0.019691001623868942,
          "Left": 0.6491963863372803,
          "Top": 0.5315279960632324
        },
        "Polygon": [
          {
            "X": 0.6491963863372803,
            "Y": 0.5315279960632324
          },
          {
            "X": 0.6778829097747803,
            "Y": 0.5315797328948975
          },
          {
            "X": 0.6779259443283081,
            "Y": 0.5512189865112305
          },
          {
            "X": 0.6492372751235962,
            "Y": 0.5511656403541565
          }
        ]
      },
      "Id": "8f4f7970-da92-4554-80b2-dfcdb05a875c",
      "Page": 1
    },
    {
      "BlockType": "WORD",
      "Confidence": 99.76065063476562,
      "Text": "50%DKL-DDM",
      "TextType": "PRINTED",
      "Geometry": {
        "BoundingBox": {
          "Width": 0.09779208898544312,
          "Height": 0.019837625324726105,
          "Left": 0.2727542817592621,
          "Top": 0.5632324814796448
        },
        "Polygon": [
          {
            "X": 0.2727542817592621,
            "Y": 0.5632324814796448
          },
          {
            "X": 0.3705260753631592,
            "Y": 0.5634176731109619
          },
          {
            "X": 0.3705463707447052,
            "Y": 0.5830700993537903
          },
          {
            "X": 0.2727673351764679,
            "Y": 0.5828796625137329
          }
        ]
      },
      "Id": "48f41c2f-9181-44c2-8534-6faf72341d56",
      "Page": 1
    },
    {
      "BlockType": "WORD",
      "Confidence": 99.90699005126953,
      "Text": "101",
      "TextType": "PRINTED",
      "Geometry": {
        "BoundingBox": {
          "Width": 0.02322802133858204,
          "Height": 0.01992853917181492,
          "Left": 0.44453710317611694,
          "Top": 0.5631821751594543
        },
        "Polygon": [
          {
            "X": 0.44453710317611694,
            "Y": 0.5631821751594543
          },
          {
            "X": 0.4677373170852661,
            "Y": 0.5632261037826538
          },
          {
            "X": 0.46776512265205383,
            "Y": 0.5831106901168823
          },
          {
            "X": 0.4445631802082062,
            "Y": 0.5830655097961426
          }
        ]
      },
      "Id": "ddf20ce5-9662-4159-ad18-157cc01e0f40",
      "Page": 1
    },
    {
      "BlockType": "WORD",
      "Confidence": 99.95298767089844,
      "Text": "100",
      "TextType": "PRINTED",
      "Geometry": {
        "BoundingBox": {
          "Width": 0.025103509426116943,
          "Height": 0.02013045735657215,
          "Left": 0.5441412925720215,
          "Top": 0.5630713105201721
        },
        "Polygon": [
          {
            "X": 0.5441412925720215,
            "Y": 0.5630713105201721
          },
          {
            "X": 0.5692090392112732,
            "Y": 0.5631187558174133
          },
          {
            "X": 0.5692448019981384,
            "Y": 0.5832017660140991
          },
          {
            "X": 0.5441752076148987,
            "Y": 0.5831529498100281
          }
        ]
      },
      "Id": "aad2b270-3953-441c-834e-fe07032497b1",
      "Page": 1
    },
    {
      "BlockType": "WORD",
      "Confidence": 99.85040283203125,
      "Text": "57.9",
      "TextType": "PRINTED",
      "Geometry": {
        "BoundingBox": {
          "Width": 0.029948586598038673,
          "Height": 0.019834676757454872,
          "Left": 0.6495741009712219,
          "Top": 0.5633578896522522
        },
        "Polygon": [
          {
            "X": 0.6495741009712219,
            "Y": 0.5633578896522522
          },
          {
            "X": 0.67947918176651,
            "Y": 0.563414454460144
          },
          {
            "X": 0.679522693157196,
            "Y": 0.5831925272941589
          },
          {
            "X": 0.6496152877807617,
            "Y": 0.5831343531608582
          }
        ]
      },
      "Id": "ab2b12da-c535-4682-955d-7f9edf22b5a4",
      "Page": 1
    },
    {
      "BlockType": "TABLE",
      "Confidence": 99.8046875,
      "Geometry": {
        "BoundingBox": {
          "Width": 0.49470946192741394,
          "Height": 0.20803384482860565,
          "Left": 0.2523650825023651,
          "Top": 0.39440304040908813
        },
        "Polygon": [
          {
            "X": 0.2523650825023651,
            "Y": 0.39440304040908813
          },
          {
            "X": 0.7465661764144897,
            "Y": 0.39510998129844666
          },
          {
            "X": 0.747074544429779,
            "Y": 0.602436900138855
          },
          {
            "X": 0.2524867057800293,
            "Y": 0.6014482975006104
          }
        ]
      },
      "Id": "c0f6a420-d1b7-4fdd-9340-0a11db8e3d98",
      "Relationships": [
        {
          "Type": "CHILD",
          "Ids": [
            "51b1476c-2bbe-47c3-b786-bb67bb47ade4",
            "31067282-132f-406c-afc9-4aed7501ad7c",
            "6dbc5d4c-4d96-496f-83bb-197419794b3d",
            "2555438f-8bac-4128-bff5-c85ac4b2623f",
            "508e2dbc-ed31-4292-a46a-f62f2f1a224a",
            "aa476c67-e49d-4cb7-96bc-cdec80d762bc",
            "4d2efa4f-f3f9-4a48-8ed1-3321d5dd0f34",
            "f2f92bea-28ab-49e2-a5d2-193e13e6c9e4",
            "ae660904-a754-45d0-a52a-a3f30051654d",
            "a38c8e95-6ee5-41be-bca9-03ee3244a093",
            "89f2a4d6-f097-4119-924d-02c24fc3d0d2",
            "4cb0dd85-b533-40e9-af28-0b202fabebe0",
            "1d022c36-244d-43a9-a161-3f21bbb2d3f5",
            "bae213e9-1e02-4ae8-986d-b07936f23e51",
            "dba7efdc-6421-440a-9716-323c14e20e4f",
            "598e9b63-e38e-4fba-a7ca-77be2f19b8e7",
            "b0981085-9068-4a21-b284-1be30dba276c",
            "5c00d72a-abea-4d8a-9ca6-4374d525879a",
            "de526a7e-e5d2-45b6-b61f-f1b4c2d4ebbb",
            "c7abd756-d33d-483c-910b-078d073af3b7"
          ]
        },
        {
          "Type": "MERGED_CELL",
          "Ids": [
            "badfa760-9daf-43e5-a7f3-d910986bb859",
            "148d2b19-d073-4ca4-a136-835df2e9be2c",
            "3b304eb6-6467-41a7-bc0f-fa0aa4b6dab3"
          ]
        }
      ],
      "EntityTypes": [
        "STRUCTURED_TABLE"
      ],
      "Page": 1
    },
    {
      "BlockType": "CELL",
      "Confidence": 38.2080078125,
      "RowIndex": 1,
      "ColumnIndex": 1,
      "RowSpan": 1,
      "ColumnSpan": 1,
      "Geometry": {
        "BoundingBox": {
          "Width": 0.1570943146944046,
          "Height": 0.04549292474985123,
          "Left": 0.2523071765899658,
          "Top": 0.3944460153579712
        },
        "Polygon": [
          {
            "X": 0.2523071765899658,
            "Y": 0.3944460153579712
          },
          {
            "X": 0.4093480706214905,
            "Y": 0.39467066526412964
          },
          {
            "X": 0.40940147638320923,
            "Y": 0.4399389326572418
          },
          {
            "X": 0.25233373045921326,
            "Y": 0.43969473242759705
          }
        ]
      },
      "Id": "51b1476c-2bbe-47c3-b786-bb67bb47ade4",
      "Relationships": [
        {
          "Type": "CHILD",
          "Ids": [
            "a80fb21e-9c68-4756-bf79-9a6586d97d2e"
          ]
        }
      ],
      "EntityTypes": [
        "COLUMN_HEADER"
      ],
      "Page": 1
    },
    {
      "BlockType": "CELL",
      "Confidence": 88.76953125,
      "RowIndex": 1,
      "ColumnIndex": 2,
      "RowSpan": 1,
      "ColumnSpan": 1,
      "Geometry": {
        "BoundingBox": {
          "Width": 0.10091691464185715,
          "Height": 0.045425090938806534,
          "Left": 0.4093480706214905,
          "Top": 0.39467066526412964
        },
        "Polygon": [
          {
            "X": 0.4093480706214905,
            "Y": 0.39467066526412964
          },
          {
            "X": 0.5101943612098694,
            "Y": 0.39481493830680847
          },
          {
            "X": 0.5102649927139282,
            "Y": 0.4400957524776459
          },
          {
            "X": 0.40940147638320923,
            "Y": 0.4399389326572418
          }
        ]
      },
      "Id": "31067282-132f-406c-afc9-4aed7501ad7c",
      "Relationships": [
        {
          "Type": "CHILD",
          "Ids": [
            "55429adc-75dc-48e8-be86-ec9bee162b63",
            "f30dcbcc-fb60-4aa0-a720-007ffe5ff2ea"
          ]
        }
      ],
      "EntityTypes": [
        "COLUMN_HEADER"
      ],
      "Page": 1
    },
    {
      "BlockType": "CELL",
      "Confidence": 88.76953125,
      "RowIndex": 1,
      "ColumnIndex": 3,
      "RowSpan": 1,
      "ColumnSpan": 1,
      "Geometry": {
        "BoundingBox": {
          "Width": 0.10267247259616852,
          "Height": 0.045440349727869034,
          "Left": 0.5101943612098694,
          "Top": 0.39481493830680847
        },
        "Polygon": [
          {
            "X": 0.5101943612098694,
            "Y": 0.39481493830680847
          },
          {
            "X": 0.6127786040306091,
            "Y": 0.3949616849422455
          },
          {
            "X": 0.6128668189048767,
            "Y": 0.4402552843093872
          },
          {
            "X": 0.5102649927139282,
            "Y": 0.4400957524776459
          }
        ]
      },
      "Id": "6dbc5d4c-4d96-496f-83bb-197419794b3d",
      "EntityTypes": [
        "COLUMN_HEADER"
      ],
      "Page": 1
    },
    {
      "BlockType": "CELL",
      "Confidence": 44.3603515625,
      "RowIndex": 1,
      "ColumnIndex": 4,
      "RowSpan": 1,
      "ColumnSpan": 1,
      "Geometry": {
        "BoundingBox": {
          "Width": 0.1338936984539032,
          "Height": 0.04550163447856903,
          "Left": 0.6127786040306091,
          "Top": 0.3949616849422455
        },
        "Polygon": [
          {
            "X": 0.6127786040306091,
            "Y": 0.3949616849422455
          },
          {
            "X": 0.7465612292289734,
            "Y": 0.39515307545661926
          },
          {
            "X": 0.7466723322868347,
            "Y": 0.4404633343219757
          },
          {
            "X": 0.6128668189048767,
            "Y": 0.4402552843093872
          }
        ]
      },
      "Id": "2555438f-8bac-4128-bff5-c85ac4b2623f",
      "Relationships": [
        {
          "Type": "CHILD",
          "Ids": [
            "9e6cfdd8-4b29-4b4e-88b7-76d76c0048b5",
            "0ca81950-a947-4ac6-bbaf-9b3375c99b86"
          ]
        }
      ],
      "EntityTypes": [
        "COLUMN_HEADER"
      ],
      "Page": 1
    },
    {
      "BlockType": "CELL",
      "Confidence": 38.2080078125,
      "RowIndex": 2,
      "ColumnIndex": 1,
      "RowSpan": 1,
      "ColumnSpan": 1,
      "Geometry": {
        "BoundingBox": {
          "Width": 0.15712273120880127,
          "Height": 0.04686005413532257,
          "Left": 0.25233373045921326,
          "Top": 0.43969473242759705
        },
        "Polygon": [
          {
            "X": 0.25233373045921326,
            "Y": 0.43969473242759705
          },
          {
            "X": 0.40940147638320923,
            "Y": 0.4399389326572418
          },
          {
            "X": 0.4094564914703369,
            "Y": 0.4865548014640808
          },
          {
            "X": 0.25236108899116516,
            "Y": 0.48629042506217957
          }
        ]
      },
      "Id": "508e2dbc-ed31-4292-a46a-f62f2f1a224a",
      "EntityTypes": [
        "COLUMN_HEADER"
      ],
      "Page": 1
    },
    {
      "BlockType": "CELL",
      "Confidence": 81.25,
      "RowIndex": 2,
      "ColumnIndex": 2,
      "RowSpan": 1,
      "ColumnSpan": 1,
      "Geometry": {
        "BoundingBox": {
          "Width": 0.10093626379966736,
          "Height": 0.04678560048341751,
          "Left": 0.40940147638320923,
          "Top": 0.4399389326572418
        },
        "Polygon": [
          {
            "X": 0.40940147638320923,
            "Y": 0.4399389326572418
          },
          {
            "X": 0.5102649927139282,
            "Y": 0.4400957524776459
          },
          {
            "X": 0.510337769985199,
            "Y": 0.4867245554924011
          },
          {
            "X": 0.4094564914703369,
            "Y": 0.4865548014640808
          }
        ]
      },
      "Id": "aa476c67-e49d-4cb7-96bc-cdec80d762bc",
      "Relationships": [
        {
          "Type": "CHILD",
          "Ids": [
            "f35c4583-b7fd-49bc-aeff-12fa96e81cb2"
          ]
        }
      ],
      "EntityTypes": [
        "COLUMN_HEADER"
      ],
      "Page": 1
    },
    {
      "BlockType": "CELL",
      "Confidence": 78.955078125,
      "RowIndex": 2,
      "ColumnIndex": 3,
      "RowSpan": 1,
      "ColumnSpan": 1,
      "Geometry": {
        "BoundingBox": {
          "Width": 0.10269264876842499,
          "Height": 0.04680145904421806,
          "Left": 0.5102649927139282,
          "Top": 0.4400957524776459
        },
        "Polygon": [
          {
            "X": 0.5102649927139282,
            "Y": 0.4400957524776459
          },
          {
            "X": 0.6128668189048767,
            "Y": 0.4402552843093872
          },
          {
            "X": 0.6129576563835144,
            "Y": 0.48689723014831543
          },
          {
            "X": 0.510337769985199,
            "Y": 0.4867245554924011
          }
        ]
      },
      "Id": "4d2efa4f-f3f9-4a48-8ed1-3321d5dd0f34",
      "Relationships": [
        {
          "Type": "CHILD",
          "Ids": [
            "6a16cb9b-c248-4513-8e1b-a7e2872eaea9"
          ]
        }
      ],
      "EntityTypes": [
        "COLUMN_HEADER"
      ],
      "Page": 1
    },
    {
      "BlockType": "CELL",
      "Confidence": 44.3603515625,
      "RowIndex": 2,
      "ColumnIndex": 4,
      "RowSpan": 1,
      "ColumnSpan": 1,
      "Geometry": {
        "BoundingBox": {
          "Width": 0.13391990959644318,
          "Height": 0.04686713218688965,
          "Left": 0.6128668189048767,
          "Top": 0.4402552843093872
        },
        "Polygon": [
          {
            "X": 0.6128668189048767,
            "Y": 0.4402552843093872
          },
          {
            "X": 0.7466723322868347,
            "Y": 0.4404633343219757
          },
          {
            "X": 0.7467867136001587,
            "Y": 0.48712241649627686
          },
          {
            "X": 0.6129576563835144,
            "Y": 0.48689723014831543
          }
        ]
      },
      "Id": "f2f92bea-28ab-49e2-a5d2-193e13e6c9e4",
      "EntityTypes": [
        "COLUMN_HEADER"
      ],
      "Page": 1
    },
    {
      "BlockType": "CELL",
      "Confidence": 83.0078125,
      "RowIndex": 3,
      "ColumnIndex": 1,
      "RowSpan": 1,
      "ColumnSpan": 1,
      "Geometry": {
        "BoundingBox": {
          "Width": 0.15708300471305847,
          "Height": 0.038901228457689285,
          "Left": 0.25241905450820923,
          "Top": 0.4862905442714691
        },
        "Polygon": [
          {
            "X": 0.25241905450820923,
            "Y": 0.4862905442714691
          },
          {
            "X": 0.4094564914703369,
            "Y": 0.4865548014640808
          },
          {
            "X": 0.4095020592212677,
            "Y": 0.5251917839050293
          },
          {
            "X": 0.25244173407554626,
            "Y": 0.5249108076095581
          }
        ]
      },
      "Id": "ae660904-a754-45d0-a52a-a3f30051654d",
      "Relationships": [
        {
          "Type": "CHILD",
          "Ids": [
            "94cc9507-d30b-45f3-acfb-94648e7681d4"
          ]
        }
      ],
      "Page": 1
    },
    {
      "BlockType": "CELL",
      "Confidence": 77.880859375,
      "RowIndex": 3,
      "ColumnIndex": 2,
      "RowSpan": 1,
      "ColumnSpan": 1,
      "Geometry": {
        "BoundingBox": {
          "Width": 0.10094156861305237,
          "Height": 0.03881745785474777,
          "Left": 0.4094564914703369,
          "Top": 0.4865548014640808
        },
        "Polygon": [
          {
            "X": 0.4094564914703369,
            "Y": 0.4865548014640808
          },
          {
            "X": 0.510337769985199,
            "Y": 0.4867245554924011
          },
          {
            "X": 0.5103980302810669,
            "Y": 0.5253722667694092
          },
          {
            "X": 0.4095020592212677,
            "Y": 0.5251917839050293
          }
        ]
      },
      "Id": "a38c8e95-6ee5-41be-bca9-03ee3244a093",
      "Relationships": [
        {
          "Type": "CHILD",
          "Ids": [
            "ac4292c7-cead-4cf7-b3e6-9c1d75a8084c"
          ]
        }
      ],
      "Page": 1
    },
    {
      "BlockType": "CELL",
      "Confidence": 75.68359375,
      "RowIndex": 3,
      "ColumnIndex": 3,
      "RowSpan": 1,
      "ColumnSpan": 1,
      "Geometry": {
        "BoundingBox": {
          "Width": 0.10269518196582794,
          "Height": 0.03883128985762596,
          "Left": 0.510337769985199,
          "Top": 0.4867245554924011
        },
        "Polygon": [
          {
            "X": 0.510337769985199,
            "Y": 0.4867245554924011
          },
          {
            "X": 0.6129576563835144,
            "Y": 0.48689723014831543
          },
          {
            "X": 0.6130329370498657,
            "Y": 0.5255558490753174
          },
          {
            "X": 0.5103980302810669,
            "Y": 0.5253722667694092
          }
        ]
      },
      "Id": "89f2a4d6-f097-4119-924d-02c24fc3d0d2",
      "Relationships": [
        {
          "Type": "CHILD",
          "Ids": [
            "04fc6fc3-8b7b-4be6-9f02-f0745c6a4032"
          ]
        }
      ],
      "Page": 1
    },
    {
      "BlockType": "CELL",
      "Confidence": 83.837890625,
      "RowIndex": 3,
      "ColumnIndex": 4,
      "RowSpan": 1,
      "ColumnSpan": 1,
      "Geometry": {
        "BoundingBox": {
          "Width": 0.13392895460128784,
          "Height": 0.0388980433344841,
          "Left": 0.6129576563835144,
          "Top": 0.48689723014831543
        },
        "Polygon": [
          {
            "X": 0.6129576563835144,
            "Y": 0.48689723014831543
          },
          {
            "X": 0.7467917799949646,
            "Y": 0.48712241649627686
          },
          {
            "X": 0.7468866109848022,
            "Y": 0.5257952809333801
          },
          {
            "X": 0.6130329370498657,
            "Y": 0.5255558490753174
          }
        ]
      },
      "Id": "4cb0dd85-b533-40e9-af28-0b202fabebe0",
      "Relationships": [
        {
          "Type": "CHILD",
          "Ids": [
            "6dd140c8-fa92-43c0-a60c-06c61cb33480"
          ]
        }
      ],
      "Page": 1
    },
    {
      "BlockType": "CELL",
      "Confidence": 78.564453125,
      "RowIndex": 4,
      "ColumnIndex": 1,
      "RowSpan": 1,
      "ColumnSpan": 1,
      "Geometry": {
        "BoundingBox": {
          "Width": 0.15709803998470306,
          "Height": 0.032264892011880875,
          "Left": 0.25244173407554626,
          "Top": 0.5249108076095581
        },
        "Polygon": [
          {
            "X": 0.25244173407554626,
            "Y": 0.5249108076095581
          },
          {
            "X": 0.4095020592212677,
            "Y": 0.5251917839050293
          },
          {
            "X": 0.4095397889614105,
            "Y": 0.5571756958961487
          },
          {
            "X": 0.2524605095386505,
            "Y": 0.5568809509277344
          }
        ]
      },
      "Id": "1d022c36-244d-43a9-a161-3f21bbb2d3f5",
      "Relationships": [
        {
          "Type": "CHILD",
          "Ids": [
            "0eb47cbb-a924-4344-b0ab-11d69889b954"
          ]
        }
      ],
      "Page": 1
    },
    {
      "BlockType": "CELL",
      "Confidence": 73.681640625,
      "RowIndex": 4,
      "ColumnIndex": 2,
      "RowSpan": 1,
      "ColumnSpan": 1,
      "Geometry": {
        "BoundingBox": {
          "Width": 0.10094590485095978,
          "Height": 0.03217330574989319,
          "Left": 0.4095020592212677,
          "Top": 0.5251917839050293
        },
        "Polygon": [
          {
            "X": 0.4095020592212677,
            "Y": 0.5251917839050293
          },
          {
            "X": 0.5103980302810669,
            "Y": 0.5253722667694092
          },
          {
            "X": 0.5104479789733887,
            "Y": 0.5573650598526001
          },
          {
            "X": 0.4095397889614105,
            "Y": 0.5571756958961487
          }
        ]
      },
      "Id": "bae213e9-1e02-4ae8-986d-b07936f23e51",
      "Relationships": [
        {
          "Type": "CHILD",
          "Ids": [
            "7fbf11a3-3736-424e-ba13-8ceb99cc7b04"
          ]
        }
      ],
      "Page": 1
    },
    {
      "BlockType": "CELL",
      "Confidence": 71.58203125,
      "RowIndex": 4,
      "ColumnIndex": 3,
      "RowSpan": 1,
      "ColumnSpan": 1,
      "Geometry": {
        "BoundingBox": {
          "Width": 0.10269720107316971,
          "Height": 0.032185450196266174,
          "Left": 0.5103980302810669,
          "Top": 0.5253722667694092
        },
        "Polygon": [
          {
            "X": 0.5103980302810669,
            "Y": 0.5253722667694092
          },
          {
            "X": 0.6130329370498657,
            "Y": 0.5255558490753174
          },
          {
            "X": 0.613095223903656,
            "Y": 0.5575577020645142
          },
          {
            "X": 0.5104479789733887,
            "Y": 0.5573650598526001
          }
        ]
      },
      "Id": "dba7efdc-6421-440a-9716-323c14e20e4f",
      "Relationships": [
        {
          "Type": "CHILD",
          "Ids": [
            "698dd780-f0ba-466b-a941-a02a48b9a42e"
          ]
        }
      ],
      "Page": 1
    },
    {
      "BlockType": "CELL",
      "Confidence": 79.345703125,
      "RowIndex": 4,
      "ColumnIndex": 4,
      "RowSpan": 1,
      "ColumnSpan": 1,
      "Geometry": {
        "BoundingBox": {
          "Width": 0.1339321732521057,
          "Height": 0.032253071665763855,
          "Left": 0.6130329370498657,
          "Top": 0.5255558490753174
        },
        "Polygon": [
          {
            "X": 0.6130329370498657,
            "Y": 0.5255558490753174
          },
          {
            "X": 0.7468866109848022,
            "Y": 0.5257952809333801
          },
          {
            "X": 0.7469651103019714,
            "Y": 0.5578088760375977
          },
          {
            "X": 0.613095223903656,
            "Y": 0.5575577020645142
          }
        ]
      },
      "Id": "598e9b63-e38e-4fba-a7ca-77be2f19b8e7",
      "Relationships": [
        {
          "Type": "CHILD",
          "Ids": [
            "8f4f7970-da92-4554-80b2-dfcdb05a875c"
          ]
        }
      ],
      "Page": 1
    },
    {
      "BlockType": "CELL",
      "Confidence": 93.06640625,
      "RowIndex": 5,
      "ColumnIndex": 1,
      "RowSpan": 1,
      "ColumnSpan": 1,
      "Geometry": {
        "BoundingBox": {
          "Width": 0.1571318656206131,
          "Height": 0.04488135501742363,
          "Left": 0.2524605095386505,
          "Top": 0.5568809509277344
        },
        "Polygon": [
          {
            "X": 0.2524605095386505,
            "Y": 0.5568809509277344
          },
          {
            "X": 0.4095397889614105,
            "Y": 0.5571756958961487
          },
          {
            "X": 0.4095923900604248,
            "Y": 0.6017622947692871
          },
          {
            "X": 0.2524867057800293,
            "Y": 0.6014482975006104
          }
        ]
      },
      "Id": "b0981085-9068-4a21-b284-1be30dba276c",
      "Relationships": [
        {
          "Type": "CHILD",
          "Ids": [
            "48f41c2f-9181-44c2-8534-6faf72341d56"
          ]
        }
      ],
      "Page": 1
    },
    {
      "BlockType": "CELL",
      "Confidence": 87.3046875,
      "RowIndex": 5,
      "ColumnIndex": 2,
      "RowSpan": 1,
      "ColumnSpan": 1,
      "Geometry": {
        "BoundingBox": {
          "Width": 0.10097775608301163,
          "Height": 0.04478833079338074,
          "Left": 0.4095397889614105,
          "Top": 0.5571756958961487
        },
        "Polygon": [
          {
            "X": 0.4095397889614105,
            "Y": 0.5571756958961487
          },
          {
            "X": 0.5104479789733887,
            "Y": 0.5573650598526001
          },
          {
            "X": 0.5105175375938416,
            "Y": 0.6019640564918518
          },
          {
            "X": 0.4095923900604248,
            "Y": 0.6017622947692871
          }
        ]
      },
      "Id": "5c00d72a-abea-4d8a-9ca6-4374d525879a",
      "Relationships": [
        {
          "Type": "CHILD",
          "Ids": [
            "ddf20ce5-9662-4159-ad18-157cc01e0f40"
          ]
        }
      ],
      "Page": 1
    },
    {
      "BlockType": "CELL",
      "Confidence": 84.86328125,
      "RowIndex": 5,
      "ColumnIndex": 3,
      "RowSpan": 1,
      "ColumnSpan": 1,
      "Geometry": {
        "BoundingBox": {
          "Width": 0.10273415595293045,
          "Height": 0.04480418935418129,
          "Left": 0.5104479789733887,
          "Top": 0.5573650598526001
        },
        "Polygon": [
          {
            "X": 0.5104479789733887,
            "Y": 0.5573650598526001
          },
          {
            "X": 0.613095223903656,
            "Y": 0.5575577020645142
          },
          {
            "X": 0.6131821274757385,
            "Y": 0.6021692752838135
          },
          {
            "X": 0.5105175375938416,
            "Y": 0.6019640564918518
          }
        ]
      },
      "Id": "de526a7e-e5d2-45b6-b61f-f1b4c2d4ebbb",
      "Relationships": [
        {
          "Type": "CHILD",
          "Ids": [
            "aad2b270-3953-441c-834e-fe07032497b1"
          ]
        }
      ],
      "Page": 1
    },
    {
      "BlockType": "CELL",
      "Confidence": 94.04296875,
      "RowIndex": 5,
      "ColumnIndex": 4,
      "RowSpan": 1,
      "ColumnSpan": 1,
      "Geometry": {
        "BoundingBox": {
          "Width": 0.13397929072380066,
          "Height": 0.04487920552492142,
          "Left": 0.613095223903656,
          "Top": 0.5575577020645142
        },
        "Polygon": [
          {
            "X": 0.613095223903656,
            "Y": 0.5575577020645142
          },
          {
            "X": 0.7469651103019714,
            "Y": 0.5578088760375977
          },
          {
            "X": 0.747074544429779,
            "Y": 0.602436900138855
          },
          {
            "X": 0.6131821274757385,
            "Y": 0.6021692752838135
          }
        ]
      },
      "Id": "c7abd756-d33d-483c-910b-078d073af3b7",
      "Relationships": [
        {
          "Type": "CHILD",
          "Ids": [
            "ab2b12da-c535-4682-955d-7f9edf22b5a4"
          ]
        }
      ],
      "Page": 1
    },
    {
      "BlockType": "MERGED_CELL",
      "Confidence": 38.2080078125,
      "RowIndex": 1,
      "ColumnIndex": 1,
      "RowSpan": 2,
      "ColumnSpan": 1,
      "Geometry": {
        "BoundingBox": {
          "Width": 0.1570913940668106,
          "Height": 0.09215173870325089,
          "Left": 0.2523650825023651,
          "Top": 0.39440304040908813
        },
        "Polygon": [
          {
            "X": 0.2523650825023651,
            "Y": 0.39440304040908813
          },
          {
            "X": 0.4093480408191681,
            "Y": 0.3946276009082794
          },
          {
            "X": 0.4094564914703369,
            "Y": 0.4865548014640808
          },
          {
            "X": 0.25241905450820923,
            "Y": 0.4862905442714691
          }
        ]
      },
      "Id": "badfa760-9daf-43e5-a7f3-d910986bb859",
      "Relationships": [
        {
          "Type": "CHILD",
          "Ids": [
            "51b1476c-2bbe-47c3-b786-bb67bb47ade4",
            "508e2dbc-ed31-4292-a46a-f62f2f1a224a"
          ]
        }
      ],
      "EntityTypes": [
        "COLUMN_HEADER"
      ],
      "Page": 1
    },
    {
      "BlockType": "MERGED_CELL",
      "Confidence": 88.76953125,
      "RowIndex": 1,
      "ColumnIndex": 2,
      "RowSpan": 1,
      "ColumnSpan": 2,
      "Geometry": {
        "BoundingBox": {
          "Width": 0.2035187929868698,
          "Height": 0.04562768340110779,
          "Left": 0.4093480408191681,
          "Top": 0.3946276009082794
        },
        "Polygon": [
          {
            "X": 0.4093480408191681,
            "Y": 0.3946276009082794
          },
          {
            "X": 0.6127785444259644,
            "Y": 0.3949185907840729
          },
          {
            "X": 0.6128668189048767,
            "Y": 0.4402552843093872
          },
          {
            "X": 0.40940147638320923,
            "Y": 0.4399389326572418
          }
        ]
      },
      "Id": "148d2b19-d073-4ca4-a136-835df2e9be2c",
      "Relationships": [
        {
          "Type": "CHILD",
          "Ids": [
            "31067282-132f-406c-afc9-4aed7501ad7c",
            "6dbc5d4c-4d96-496f-83bb-197419794b3d"
          ]
        }
      ],
      "EntityTypes": [
        "COLUMN_HEADER"
      ],
      "Page": 1
    },
    {
      "BlockType": "MERGED_CELL",
      "Confidence": 44.3603515625,
      "RowIndex": 1,
      "ColumnIndex": 4,
      "RowSpan": 2,
      "ColumnSpan": 1,
      "Geometry": {
        "BoundingBox": {
          "Width": 0.13401323556900024,
          "Height": 0.09220382571220398,
          "Left": 0.6127785444259644,
          "Top": 0.3949185907840729
        },
        "Polygon": [
          {
            "X": 0.6127785444259644,
            "Y": 0.3949185907840729
          },
          {
            "X": 0.7465661764144897,
            "Y": 0.39510998129844666
          },
          {
            "X": 0.7467917799949646,
            "Y": 0.48712241649627686
          },
          {
            "X": 0.6129576563835144,
            "Y": 0.48689723014831543
          }
        ]
      },
      "Id": "3b304eb6-6467-41a7-bc0f-fa0aa4b6dab3",
      "Relationships": [
        {
          "Type": "CHILD",
          "Ids": [
            "2555438f-8bac-4128-bff5-c85ac4b2623f",
            "f2f92bea-28ab-49e2-a5d2-193e13e6c9e4"
          ]
        }
      ],
      "EntityTypes": [
        "COLUMN_HEADER"
      ],
      "Page": 1
    }
  ],
  "AnalyzeDocumentModelVersion": "1.0"
}