{
  "DocumentMetadata": {
    "Pages": 1
  },
  "JobStatus": "SUCCEEDED",
  "Blocks": [
    {
      "BlockType": "PAGE",
      "Geometry": {
        "BoundingBox": {
          "Width": 1,
          "Height": 1,
          "Left": 0,
          "Top": 0
        },
        "Polygon": [
          {
            "X": 5.997885921260604e-8,
            "Y": 0
          },
          {
            "X": 1,
            "Y": 0
          },
          {
            "X": 1,
            "Y": 1
          },
          {
            "X": 0,
            "Y": 1
          }
        ]
      },
      "Id": "706beca9-8630-4bad-8595-e238e0868c3a",
      "Relationships": [
        {
          "Type": "CHILD",
          "Ids": [
            "abb7370f-e9ed-43dc-919c-3c5e45bb0e01",
            "1e57c8bc-1816-422c-85c7-70227ada21af",
            "e6191ce1-3d7c-446d-b814-35778b3b23f8",
            "10a1d7fa-eb13-4f72-a0d2-8379362cc8ba",
            "092de853-dfcd-4efd-bb83-c2882590503c",
            "1a5620ba-0a8b-4f1d-92f2-7b494058a7a1",
            "85963bc9-862e-414d-8701-115980b0740a",
            "6172871c-abaf-48ff-8874-98ded4c3fd2c",
            "bab99fdd-c17f-49cd-bc5e-97ea4b2047c3",
            "1ebd54d0-4570-4514-af4d-bc84b826e8b3",
            "b855ed84-59b8-4829-9606-09c4f15478c5",
            "7bdeddeb-080a-44ad-9087-6e9c37d9056c",
            "9c90c9fb-04cf-4a0c-b6f3-b6e1a9671300",
            "5ec6f051-227e-44ba-853f-ef33215e4239",
            "bc7aac71-e271-4246-8bbe-994a9c224cf6",
            "8d0ade8e-97aa-4ad7-872b-a8fd6bafcdfb",
            "8a996b23-013f-49f0-b1ef-6189d8440407"
          ]
        }
      ],
      "Page": 1
    },
    {
      "BlockType": "LINE",
      "Confidence": 98.76480865478516,
      "Text": "DGEBA/15%PA-AEP",
      "Geometry": {
        "BoundingBox": {
          "Width": 0.07749048620462418,
          "Height": 0.024820027872920036,
          "Left": 0.5484174489974976,
          "Top": 0.41893988847732544
        },
        "Polygon": [
          {
            "X": 0.5484174489974976,
            "Y": 0.41893988847732544
          },
          {
            "X": 0.6258144378662109,
            "Y": 0.41894567012786865
          },
          {
            "X": 0.6259079575538635,
            "Y": 0.4437599182128906
          },
          {
            "X": 0.5484830141067505,
            "Y": 0.44374167919158936
          }
        ]
      },
      "Id": "abb7370f-e9ed-43dc-919c-3c5e45bb0e01",
      "Relationships": [
        {
          "Type": "CHILD",
          "Ids": [
            "b738deb2-54aa-4476-b615-f63a14a03d0a"
          ]
        }
      ],
      "Page": 1
    },
    {
      "BlockType": "LINE",
      "Confidence": 96.94436645507812,
      "Text": "DGEBA/20%PA-AEP",
      "Geometry": {
        "BoundingBox": {
          "Width": 0.07779911905527115,
          "Height": 0.025109348818659782,
          "Left": 0.7614770531654358,
          "Top": 0.4188942611217499
        },
        "Polygon": [
          {
            "X": 0.7614770531654358,
            "Y": 0.4188942611217499
          },
          {
            "X": 0.839103639125824,
            "Y": 0.4189000129699707
          },
          {
            "X": 0.839276134967804,
            "Y": 0.4440036118030548
          },
          {
            "X": 0.7616211771965027,
            "Y": 0.4439851939678192
          }
        ]
      },
      "Id": "1e57c8bc-1816-422c-85c7-70227ada21af",
      "Relationships": [
        {
          "Type": "CHILD",
          "Ids": [
            "de4671a7-57d9-44ed-b87b-41f1e5fdb3de"
          ]
        }
      ],
      "Page": 1
    },
    {
      "BlockType": "LINE",
      "Confidence": 86.68568420410156,
      "Text": "Kissinger and Crane eqe",
      "Geometry": {
        "BoundingBox": {
          "Width": 0.10248056799173355,
          "Height": 0.02940448559820652,
          "Left": 0.15738292038440704,
          "Top": 0.46452534198760986
        },
        "Polygon": [
          {
            "X": 0.15747222304344177,
            "Y": 0.46452534198760986
          },
          {
            "X": 0.2598634958267212,
            "Y": 0.46456342935562134
          },
          {
            "X": 0.25981783866882324,
            "Y": 0.49392983317375183
          },
          {
            "X": 0.15738292038440704,
            "Y": 0.4938720762729645
          }
        ]
      },
      "Id": "e6191ce1-3d7c-446d-b814-35778b3b23f8",
      "Relationships": [
        {
          "Type": "CHILD",
          "Ids": [
            "1db100b4-3878-43d3-8e92-dbfcc4f38a81",
            "e57a1f3f-be80-44ff-a492-e79dc6d3c99a",
            "b43b40e0-4312-4c7d-b502-50e7d5446944",
            "4496ed6c-f308-484a-b63b-c46a1e641077"
          ]
        }
      ],
      "Page": 1
    },
    {
      "BlockType": "LINE",
      "Confidence": 34.2837028503418,
      "Text": "E",
      "Geometry": {
        "BoundingBox": {
          "Width": 0.011117581278085709,
          "Height": 0.02429739385843277,
          "Left": 0.39540091156959534,
          "Top": 0.46743208169937134
        },
        "Polygon": [
          {
            "X": 0.39540091156959534,
            "Y": 0.46743208169937134
          },
          {
            "X": 0.40650445222854614,
            "Y": 0.46743643283843994
          },
          {
            "X": 0.40651848912239075,
            "Y": 0.4917294681072235
          },
          {
            "X": 0.39541104435920715,
            "Y": 0.4917233884334564
          }
        ]
      },
      "Id": "10a1d7fa-eb13-4f72-a0d2-8379362cc8ba",
      "Relationships": [
        {
          "Type": "CHILD",
          "Ids": [
            "26cbbe34-b327-466b-9a18-d47557dca477"
          ]
        }
      ],
      "Page": 1
    },
    {
      "BlockType": "LINE",
      "Confidence": 99.36963653564453,
      "Text": "88.05",
      "Geometry": {
        "BoundingBox": {
          "Width": 0.02204849012196064,
          "Height": 0.020632382482290268,
          "Left": 0.5484718680381775,
          "Top": 0.46902287006378174
        },
        "Polygon": [
          {
            "X": 0.5484718680381775,
            "Y": 0.46902287006378174
          },
          {
            "X": 0.570459246635437,
            "Y": 0.4690316915512085
          },
          {
            "X": 0.5705203413963318,
            "Y": 0.4896552562713623
          },
          {
            "X": 0.5485263466835022,
            "Y": 0.48964351415634155
          }
        ]
      },
      "Id": "092de853-dfcd-4efd-bb83-c2882590503c",
      "Relationships": [
        {
          "Type": "CHILD",
          "Ids": [
            "00233c76-091d-41c7-9280-6f1c75c2a7b7"
          ]
        }
      ],
      "Page": 1
    },
    {
      "BlockType": "LINE",
      "Confidence": 99.7542724609375,
      "Text": "108.75",
      "Geometry": {
        "BoundingBox": {
          "Width": 0.026770438998937607,
          "Height": 0.02068822644650936,
          "Left": 0.7622208595275879,
          "Top": 0.46884456276893616
        },
        "Polygon": [
          {
            "X": 0.7622208595275879,
            "Y": 0.46884456276893616
          },
          {
            "X": 0.7888644337654114,
            "Y": 0.46885520219802856
          },
          {
            "X": 0.7889913320541382,
            "Y": 0.48953279852867126
          },
          {
            "X": 0.7623397707939148,
            "Y": 0.48951858282089233
          }
        ]
      },
      "Id": "1a5620ba-0a8b-4f1d-92f2-7b494058a7a1",
      "Relationships": [
        {
          "Type": "CHILD",
          "Ids": [
            "2175d633-c4c6-4242-a06b-3604a3f8c6f9"
          ]
        }
      ],
      "Page": 1
    },
    {
      "BlockType": "LINE",
      "Confidence": 89.5823974609375,
      "Text": "InAb",
      "Geometry": {
        "BoundingBox": {
          "Width": 0.016906073316931725,
          "Height": 0.02298884466290474,
          "Left": 0.3953990936279297,
          "Top": 0.4966988265514374
        },
        "Polygon": [
          {
            "X": 0.3953990936279297,
            "Y": 0.4966988265514374
          },
          {
            "X": 0.41228994727134705,
            "Y": 0.49670863151550293
          },
          {
            "X": 0.41230517625808716,
            "Y": 0.5196876525878906
          },
          {
            "X": 0.39540866017341614,
            "Y": 0.5196753144264221
          }
        ]
      },
      "Id": "85963bc9-862e-414d-8701-115980b0740a",
      "Relationships": [
        {
          "Type": "CHILD",
          "Ids": [
            "222fe9df-0aa5-4c1d-925c-c670e8225e25"
          ]
        }
      ],
      "Page": 1
    },
    {
      "BlockType": "LINE",
      "Confidence": 99.90040588378906,
      "Text": "15.02",
      "Geometry": {
        "BoundingBox": {
          "Width": 0.021820712834596634,
          "Height": 0.02115107700228691,
          "Left": 0.5491822957992554,
          "Top": 0.4993378520011902
        },
        "Polygon": [
          {
            "X": 0.5491822957992554,
            "Y": 0.4993378520011902
          },
          {
            "X": 0.5709403157234192,
            "Y": 0.4993508458137512
          },
          {
            "X": 0.5710030198097229,
            "Y": 0.5204889178276062
          },
          {
            "X": 0.5492383241653442,
            "Y": 0.5204729437828064
          }
        ]
      },
      "Id": "6172871c-abaf-48ff-8874-98ded4c3fd2c",
      "Relationships": [
        {
          "Type": "CHILD",
          "Ids": [
            "8e3fb33c-e1d0-45cb-b2c7-b4211857dc14"
          ]
        }
      ],
      "Page": 1
    },
    {
      "BlockType": "LINE",
      "Confidence": 97.76459503173828,
      "Text": "20.33",
      "Geometry": {
        "BoundingBox": {
          "Width": 0.022595591843128204,
          "Height": 0.021448519080877304,
          "Left": 0.7613123655319214,
          "Top": 0.499124675989151
        },
        "Polygon": [
          {
            "X": 0.7613123655319214,
            "Y": 0.499124675989151
          },
          {
            "X": 0.7837780714035034,
            "Y": 0.4991380572319031
          },
          {
            "X": 0.783907949924469,
            "Y": 0.5205731987953186
          },
          {
            "X": 0.7614352703094482,
            "Y": 0.5205566883087158
          }
        ]
      },
      "Id": "bab99fdd-c17f-49cd-bc5e-97ea4b2047c3",
      "Relationships": [
        {
          "Type": "CHILD",
          "Ids": [
            "dc0e5b3b-77be-4617-8b67-23d152f21d23"
          ]
        }
      ],
      "Page": 1
    },
    {
      "BlockType": "LINE",
      "Confidence": 82.27300262451172,
      "Text": "n°",
      "Geometry": {
        "BoundingBox": {
          "Width": 0.008319641463458538,
          "Height": 0.020704252645373344,
          "Left": 0.3953242003917694,
          "Top": 0.5304656624794006
        },
        "Polygon": [
          {
            "X": 0.3953242003917694,
            "Y": 0.5304656624794006
          },
          {
            "X": 0.4036327302455902,
            "Y": 0.5304722785949707
          },
          {
            "X": 0.40364381670951843,
            "Y": 0.5511698722839355
          },
          {
            "X": 0.39533278346061707,
            "Y": 0.5511621236801147
          }
        ]
      },
      "Id": "1ebd54d0-4570-4514-af4d-bc84b826e8b3",
      "Relationships": [
        {
          "Type": "CHILD",
          "Ids": [
            "381c0e54-82a1-4366-bd7c-5ef5ec408d4a"
          ]
        }
      ],
      "Page": 1
    },
    {
      "BlockType": "LINE",
      "Confidence": 98.43295288085938,
      "Text": "0.95",
      "Geometry": {
        "BoundingBox": {
          "Width": 0.017674842849373817,
          "Height": 0.020758016034960747,
          "Left": 0.5482833981513977,
          "Top": 0.5317694544792175
        },
        "Polygon": [
          {
            "X": 0.5482833981513977,
            "Y": 0.5317694544792175
          },
          {
            "X": 0.5658982396125793,
            "Y": 0.5317836999893188
          },
          {
            "X": 0.5659582614898682,
            "Y": 0.5525274872779846
          },
          {
            "X": 0.5483381152153015,
            "Y": 0.5525108575820923
          }
        ]
      },
      "Id": "b855ed84-59b8-4829-9606-09c4f15478c5",
      "Relationships": [
        {
          "Type": "CHILD",
          "Ids": [
            "b212f1f1-2ed4-4d12-9323-e0000aa9bd0b"
          ]
        }
      ],
      "Page": 1
    },
    {
      "BlockType": "LINE",
      "Confidence": 95.12120819091797,
      "Text": "0.96",
      "Geometry": {
        "BoundingBox": {
          "Width": 0.018037674948573112,
          "Height": 0.021121053025126457,
          "Left": 0.7613384127616882,
          "Top": 0.5314900875091553
        },
        "Polygon": [
          {
            "X": 0.7613384127616882,
            "Y": 0.5314900875091553
          },
          {
            "X": 0.7792496085166931,
            "Y": 0.5315045118331909
          },
          {
            "X": 0.7793760895729065,
            "Y": 0.5526111125946045
          },
          {
            "X": 0.7614594101905823,
            "Y": 0.5525942444801331
          }
        ]
      },
      "Id": "7bdeddeb-080a-44ad-9087-6e9c37d9056c",
      "Relationships": [
        {
          "Type": "CHILD",
          "Ids": [
            "96190539-7bb1-4c1a-b049-2f85ae973f21"
          ]
        }
      ],
      "Page": 1
    },
    {
      "BlockType": "LINE",
      "Confidence": 64.94733428955078,
      "Text": "Flynn-Wall-Ozawa eq",
      "Geometry": {
        "BoundingBox": {
          "Width": 0.09083912521600723,
          "Height": 0.028973933309316635,
          "Left": 0.15896017849445343,
          "Top": 0.5598264336585999
        },
        "Polygon": [
          {
            "X": 0.15904724597930908,
            "Y": 0.5598264336585999
          },
          {
            "X": 0.24979931116104126,
            "Y": 0.5599166750907898
          },
          {
            "X": 0.2497502714395523,
            "Y": 0.5888003706932068
          },
          {
            "X": 0.15896017849445343,
            "Y": 0.5886929631233215
          }
        ]
      },
      "Id": "9c90c9fb-04cf-4a0c-b6f3-b6e1a9671300",
      "Relationships": [
        {
          "Type": "CHILD",
          "Ids": [
            "cab9adcf-1897-475b-a296-d82346d4c459"
          ]
        }
      ],
      "Page": 1
    },
    {
      "BlockType": "LINE",
      "Confidence": 53.712059020996094,
      "Text": "E",
      "Geometry": {
        "BoundingBox": {
          "Width": 0.008682400919497013,
          "Height": 0.023501483723521233,
          "Left": 0.3950844705104828,
          "Top": 0.5615087151527405
        },
        "Polygon": [
          {
            "X": 0.3950844705104828,
            "Y": 0.5615087151527405
          },
          {
            "X": 0.40375426411628723,
            "Y": 0.5615174174308777
          },
          {
            "X": 0.4037669003009796,
            "Y": 0.5850101709365845
          },
          {
            "X": 0.3950941562652588,
            "Y": 0.5850001573562622
          }
        ]
      },
      "Id": "5ec6f051-227e-44ba-853f-ef33215e4239",
      "Relationships": [
        {
          "Type": "CHILD",
          "Ids": [
            "330aaf86-0dd8-4399-b756-077727828f4e"
          ]
        }
      ],
      "Page": 1
    },
    {
      "BlockType": "LINE",
      "Confidence": 99.47925567626953,
      "Text": "89.73",
      "Geometry": {
        "BoundingBox": {
          "Width": 0.02223125845193863,
          "Height": 0.020715845748782158,
          "Left": 0.5484085083007812,
          "Top": 0.5637970566749573
        },
        "Polygon": [
          {
            "X": 0.5484085083007812,
            "Y": 0.5637970566749573
          },
          {
            "X": 0.5705785155296326,
            "Y": 0.5638196468353271
          },
          {
            "X": 0.5706397294998169,
            "Y": 0.5845128893852234
          },
          {
            "X": 0.5484630465507507,
            "Y": 0.5844873785972595
          }
        ]
      },
      "Id": "bc7aac71-e271-4246-8bbe-994a9c224cf6",
      "Relationships": [
        {
          "Type": "CHILD",
          "Ids": [
            "2ba42b20-5f76-4061-aaf6-076adf447452"
          ]
        }
      ],
      "Page": 1
    },
    {
      "BlockType": "LINE",
      "Confidence": 99.68282318115234,
      "Text": "110.68",
      "Geometry": {
        "BoundingBox": {
          "Width": 0.0269407257437706,
          "Height": 0.020992377772927284,
          "Left": 0.7622586488723755,
          "Top": 0.5634554624557495
        },
        "Polygon": [
          {
            "X": 0.7622586488723755,
            "Y": 0.5634554624557495
          },
          {
            "X": 0.7890707850456238,
            "Y": 0.5634826421737671
          },
          {
            "X": 0.7891993522644043,
            "Y": 0.5844478607177734
          },
          {
            "X": 0.762378990650177,
            "Y": 0.5844169855117798
          }
        ]
      },
      "Id": "8d0ade8e-97aa-4ad7-872b-a8fd6bafcdfb",
      "Relationships": [
        {
          "Type": "CHILD",
          "Ids": [
            "68d33ffb-e86e-47df-be62-5f2c6ded40bf"
          ]
        }
      ],
      "Page": 1
    },
    {
      "BlockType": "WORD",
      "Confidence": 98.76480865478516,
      "Text": "DGEBA/15%PA-AEP",
      "TextType": "PRINTED",
      "Geometry": {
        "BoundingBox": {
          "Width": 0.07749048620462418,
          "Height": 0.024820027872920036,
          "Left": 0.5484174489974976,
          "Top": 0.41893988847732544
        },
        "Polygon": [
          {
            "X": 0.5484174489974976,
            "Y": 0.41893988847732544
          },
          {
            "X": 0.6258144378662109,
            "Y": 0.41894567012786865
          },
          {
            "X": 0.6259079575538635,
            "Y": 0.4437599182128906
          },
          {
            "X": 0.5484830141067505,
            "Y": 0.44374167919158936
          }
        ]
      },
      "Id": "b738deb2-54aa-4476-b615-f63a14a03d0a",
      "Page": 1
    },
    {
      "BlockType": "WORD",
      "Confidence": 96.94436645507812,
      "Text": "DGEBA/20%PA-AEP",
      "TextType": "PRINTED",
      "Geometry": {
        "BoundingBox": {
          "Width": 0.07779911905527115,
          "Height": 0.025109348818659782,
          "Left": 0.7614770531654358,
          "Top": 0.4188942611217499
        },
        "Polygon": [
          {
            "X": 0.7614770531654358,
            "Y": 0.4188942611217499
          },
          {
            "X": 0.839103639125824,
            "Y": 0.4189000129699707
          },
          {
            "X": 0.839276134967804,
            "Y": 0.4440036118030548
          },
          {
            "X": 0.7616211771965027,
            "Y": 0.4439851939678192
          }
        ]
      },
      "Id": "de4671a7-57d9-44ed-b87b-41f1e5fdb3de",
      "Page": 1
    },
    {
      "BlockType": "WORD",
      "Confidence": 85.93364715576172,
      "Text": "Kissinger",
      "TextType": "PRINTED",
      "Geometry": {
        "BoundingBox": {
          "Width": 0.04252268746495247,
          "Height": 0.027457131072878838,
          "Left": 0.15738874673843384,
          "Top": 0.46452534198760986
        },
        "Polygon": [
          {
            "X": 0.15747222304344177,
            "Y": 0.46452534198760986
          },
          {
            "X": 0.199911430478096,
            "Y": 0.46454113721847534
          },
          {
            "X": 0.1998448669910431,
            "Y": 0.49198246002197266
          },
          {
            "X": 0.15738874673843384,
            "Y": 0.4919590651988983
          }
        ]
      },
      "Id": "1db100b4-3878-43d3-8e92-dbfcc4f38a81",
      "Page": 1
    },
    {
      "BlockType": "WORD",
      "Confidence": 99.99463653564453,
      "Text": "and",
      "TextType": "PRINTED",
      "Geometry": {
        "BoundingBox": {
          "Width": 0.01495764497667551,
          "Height": 0.021844780072569847,
          "Left": 0.20228512585163116,
          "Top": 0.46761587262153625
        },
        "Polygon": [
          {
            "X": 0.2023373246192932,
            "Y": 0.46761587262153625
          },
          {
            "X": 0.2172427773475647,
            "Y": 0.46762171387672424
          },
          {
            "X": 0.2171953022480011,
            "Y": 0.48946064710617065
          },
          {
            "X": 0.20228512585163116,
            "Y": 0.48945266008377075
          }
        ]
      },
      "Id": "e57a1f3f-be80-44ff-a492-e79dc6d3c99a",
      "Page": 1
    },
    {
      "BlockType": "WORD",
      "Confidence": 99.84616088867188,
      "Text": "Crane",
      "TextType": "PRINTED",
      "Geometry": {
        "BoundingBox": {
          "Width": 0.02356748655438423,
          "Height": 0.020643077790737152,
          "Left": 0.22017785906791687,
          "Top": 0.46883565187454224
        },
        "Polygon": [
          {
            "X": 0.22022180259227753,
            "Y": 0.46883565187454224
          },
          {
            "X": 0.2437453418970108,
            "Y": 0.46884503960609436
          },
          {
            "X": 0.24370844662189484,
            "Y": 0.4894787073135376
          },
          {
            "X": 0.22017785906791687,
            "Y": 0.48946613073349
          }
        ]
      },
      "Id": "b43b40e0-4312-4c7d-b502-50e7d5446944",
      "Page": 1
    },
    {
      "BlockType": "WORD",
      "Confidence": 60.96829605102539,
      "Text": "eqe",
      "TextType": "PRINTED",
      "Geometry": {
        "BoundingBox": {
          "Width": 0.013591744005680084,
          "Height": 0.026755865663290024,
          "Left": 0.2462676763534546,
          "Top": 0.4671739637851715
        },
        "Polygon": [
          {
            "X": 0.24631451070308685,
            "Y": 0.4671739637851715
          },
          {
            "X": 0.2598594129085541,
            "Y": 0.46717923879623413
          },
          {
            "X": 0.25981783866882324,
            "Y": 0.49392983317375183
          },
          {
            "X": 0.2462676763534546,
            "Y": 0.4939221739768982
          }
        ]
      },
      "Id": "4496ed6c-f308-484a-b63b-c46a1e641077",
      "Page": 1
    },
    {
      "BlockType": "WORD",
      "Confidence": 34.2837028503418,
      "Text": "E",
      "TextType": "PRINTED",
      "Geometry": {
        "BoundingBox": {
          "Width": 0.011117581278085709,
          "Height": 0.02429739385843277,
          "Left": 0.39540091156959534,
          "Top": 0.46743208169937134
        },
        "Polygon": [
          {
            "X": 0.39540091156959534,
            "Y": 0.46743208169937134
          },
          {
            "X": 0.40650445222854614,
            "Y": 0.46743643283843994
          },
          {
            "X": 0.40651848912239075,
            "Y": 0.4917294681072235
          },
          {
            "X": 0.39541104435920715,
            "Y": 0.4917233884334564
          }
        ]
      },
      "Id": "26cbbe34-b327-466b-9a18-d47557dca477",
      "Page": 1
    },
    {
      "BlockType": "WORD",
      "Confidence": 99.36963653564453,
      "Text": "88.05",
      "TextType": "PRINTED",
      "Geometry": {
        "BoundingBox": {
          "Width": 0.02204849012196064,
          "Height": 0.020632382482290268,
          "Left": 0.5484718680381775,
          "Top": 0.46902287006378174
        },
        "Polygon": [
          {
            "X": 0.5484718680381775,
            "Y": 0.46902287006378174
          },
          {
            "X": 0.570459246635437,
            "Y": 0.4690316915512085
          },
          {
            "X": 0.5705203413963318,
            "Y": 0.4896552562713623
          },
          {
            "X": 0.5485263466835022,
            "Y": 0.48964351415634155
          }
        ]
      },
      "Id": "00233c76-091d-41c7-9280-6f1c75c2a7b7",
      "Page": 1
    },
    {
      "BlockType": "WORD",
      "Confidence": 99.7542724609375,
      "Text": "108.75",
      "TextType": "PRINTED",
      "Geometry": {
        "BoundingBox": {
          "Width": 0.026770438998937607,
          "Height": 0.02068822644650936,
          "Left": 0.7622208595275879,
          "Top": 0.46884456276893616
        },
        "Polygon": [
          {
            "X": 0.7622208595275879,
            "Y": 0.46884456276893616
          },
          {
            "X": 0.7888644337654114,
            "Y": 0.46885520219802856
          },
          {
            "X": 0.7889913320541382,
            "Y": 0.48953279852867126
          },
          {
            "X": 0.7623397707939148,
            "Y": 0.48951858282089233
          }
        ]
      },
      "Id": "2175d633-c4c6-4242-a06b-3604a3f8c6f9",
      "Page": 1
    },
    {
      "BlockType": "WORD",
      "Confidence": 89.5823974609375,
      "Text": "InAb",
      "TextType": "PRINTED",
      "Geometry": {
        "BoundingBox": {
          "Width": 0.016906073316931725,
          "Height": 0.02298884466290474,
          "Left": 0.3953990936279297,
          "Top": 0.4966988265514374
        },
        "Polygon": [
          {
            "X": 0.3953990936279297,
            "Y": 0.4966988265514374
          },
          {
            "X": 0.41228994727134705,
            "Y": 0.49670863151550293
          },
          {
            "X": 0.41230517625808716,
            "Y": 0.5196876525878906
          },
          {
            "X": 0.39540866017341614,
            "Y": 0.5196753144264221
          }
        ]
      },
      "Id": "222fe9df-0aa5-4c1d-925c-c670e8225e25",
      "Page": 1
    },
    {
      "BlockType": "WORD",
      "Confidence": 99.90040588378906,
      "Text": "15.02",
      "TextType": "PRINTED",
      "Geometry": {
        "BoundingBox": {
          "Width": 0.021820712834596634,
          "Height": 0.02115107700228691,
          "Left": 0.5491822957992554,
          "Top": 0.4993378520011902
        },
        "Polygon": [
          {
            "X": 0.5491822957992554,
            "Y": 0.4993378520011902
          },
          {
            "X": 0.5709403157234192,
            "Y": 0.4993508458137512
          },
          {
            "X": 0.5710030198097229,
            "Y": 0.5204889178276062
          },
          {
            "X": 0.5492383241653442,
            "Y": 0.5204729437828064
          }
        ]
      },
      "Id": "8e3fb33c-e1d0-45cb-b2c7-b4211857dc14",
      "Page": 1
    },
    {
      "BlockType": "WORD",
      "Confidence": 97.76459503173828,
      "Text": "20.33",
      "TextType": "PRINTED",
      "Geometry": {
        "BoundingBox": {
          "Width": 0.022595591843128204,
          "Height": 0.021448519080877304,
          "Left": 0.7613123655319214,
          "Top": 0.499124675989151
        },
        "Polygon": [
          {
            "X": 0.7613123655319214,
            "Y": 0.499124675989151
          },
          {
            "X": 0.7837780714035034,
            "Y": 0.4991380572319031
          },
          {
            "X": 0.783907949924469,
            "Y": 0.5205731987953186
          },
          {
            "X": 0.7614352703094482,
            "Y": 0.5205566883087158
          }
        ]
      },
      "Id": "dc0e5b3b-77be-4617-8b67-23d152f21d23",
      "Page": 1
    },
    {
      "BlockType": "WORD",
      "Confidence": 82.27300262451172,
      "Text": "n°",
      "TextType": "PRINTED",
      "Geometry": {
        "BoundingBox": {
          "Width": 0.008319641463458538,
          "Height": 0.020704252645373344,
          "Left": 0.3953242003917694,
          "Top": 0.5304656624794006
        },
        "Polygon": [
          {
            "X": 0.3953242003917694,
            "Y": 0.5304656624794006
          },
          {
            "X": 0.4036327302455902,
            "Y": 0.5304722785949707
          },
          {
            "X": 0.40364381670951843,
            "Y": 0.5511698722839355
          },
          {
            "X": 0.39533278346061707,
            "Y": 0.5511621236801147
          }
        ]
      },
      "Id": "381c0e54-82a1-4366-bd7c-5ef5ec408d4a",
      "Page": 1
    },
    {
      "BlockType": "WORD",
      "Confidence": 98.43295288085938,
      "Text": "0.95",
      "TextType": "PRINTED",
      "Geometry": {
        "BoundingBox": {
          "Width": 0.017674842849373817,
          "Height": 0.020758016034960747,
          "Left": 0.5482833981513977,
          "Top": 0.5317694544792175
        },
        "Polygon": [
          {
            "X": 0.5482833981513977,
            "Y": 0.5317694544792175
          },
          {
            "X": 0.5658982396125793,
            "Y": 0.5317836999893188
          },
          {
            "X": 0.5659582614898682,
            "Y": 0.5525274872779846
          },
          {
            "X": 0.5483381152153015,
            "Y": 0.5525108575820923
          }
        ]
      },
      "Id": "b212f1f1-2ed4-4d12-9323-e0000aa9bd0b",
      "Page": 1
    },
    {
      "BlockType": "WORD",
      "Confidence": 95.12120819091797,
      "Text": "0.96",
      "TextType": "PRINTED",
      "Geometry": {
        "BoundingBox": {
          "Width": 0.018037674948573112,
          "Height": 0.021121053025126457,
          "Left": 0.7613384127616882,
          "Top": 0.5314900875091553
        },
        "Polygon": [
          {
            "X": 0.7613384127616882,
            "Y": 0.5314900875091553
          },
          {
            "X": 0.7792496085166931,
            "Y": 0.5315045118331909
          },
          {
            "X": 0.7793760895729065,
            "Y": 0.5526111125946045
          },
          {
            "X": 0.7614594101905823,
            "Y": 0.5525942444801331
          }
        ]
      },
      "Id": "96190539-7bb1-4c1a-b049-2f85ae973f21",
      "Page": 1
    },
    {
      "BlockType": "WORD",
      "Confidence": 64.94733428955078,
      "Text": "Flynn-Wall-Ozawa eq",
      "TextType": "PRINTED",
      "Geometry": {
        "BoundingBox": {
          "Width": 0.09083912521600723,
          "Height": 0.028973933309316635,
          "Left": 0.15896017849445343,
          "Top": 0.5598264336585999
        },
        "Polygon": [
          {
            "X": 0.15904724597930908,
            "Y": 0.5598264336585999
          },
          {
            "X": 0.24979931116104126,
            "Y": 0.5599166750907898
          },
          {
            "X": 0.2497502714395523,
            "Y": 0.5888003706932068
          },
          {
            "X": 0.15896017849445343,
            "Y": 0.5886929631233215
          }
        ]
      },
      "Id": "cab9adcf-1897-475b-a296-d82346d4c459",
      "Page": 1
    },
    {
      "BlockType": "WORD",
      "Confidence": 53.712059020996094,
      "Text": "E",
      "TextType": "PRINTED",
      "Geometry": {
        "BoundingBox": {
          "Width": 0.008682400919497013,
          "Height": 0.023501483723521233,
          "Left": 0.3950844705104828,
          "Top": 0.5615087151527405
        },
        "Polygon": [
          {
            "X": 0.3950844705104828,
            "Y": 0.5615087151527405
          },
          {
            "X": 0.40375426411628723,
            "Y": 0.5615174174308777
          },
          {
            "X": 0.4037669003009796,
            "Y": 0.5850101709365845
          },
          {
            "X": 0.3950941562652588,
            "Y": 0.5850001573562622
          }
        ]
      },
      "Id": "330aaf86-0dd8-4399-b756-077727828f4e",
      "Page": 1
    },
    {
      "BlockType": "WORD",
      "Confidence": 99.47925567626953,
      "Text": "89.73",
      "TextType": "PRINTED",
      "Geometry": {
        "BoundingBox": {
          "Width": 0.02223125845193863,
          "Height": 0.020715845748782158,
          "Left": 0.5484085083007812,
          "Top": 0.5637970566749573
        },
        "Polygon": [
          {
            "X": 0.5484085083007812,
            "Y": 0.5637970566749573
          },
          {
            "X": 0.5705785155296326,
            "Y": 0.5638196468353271
          },
          {
            "X": 0.5706397294998169,
            "Y": 0.5845128893852234
          },
          {
            "X": 0.5484630465507507,
            "Y": 0.5844873785972595
          }
        ]
      },
      "Id": "2ba42b20-5f76-4061-aaf6-076adf447452",
      "Page": 1
    },
    {
      "BlockType": "WORD",
      "Confidence": 99.68282318115234,
      "Text": "110.68",
      "TextType": "PRINTED",
      "Geometry": {
        "BoundingBox": {
          "Width": 0.0269407257437706,
          "Height": 0.020992377772927284,
          "Left": 0.7622586488723755,
          "Top": 0.5634554624557495
        },
        "Polygon": [
          {
            "X": 0.7622586488723755,
            "Y": 0.5634554624557495
          },
          {
            "X": 0.7890707850456238,
            "Y": 0.5634826421737671
          },
          {
            "X": 0.7891993522644043,
            "Y": 0.5844478607177734
          },
          {
            "X": 0.762378990650177,
            "Y": 0.5844169855117798
          }
        ]
      },
      "Id": "68d33ffb-e86e-47df-be62-5f2c6ded40bf",
      "Page": 1
    },
    {
      "BlockType": "TABLE",
      "Confidence": 99.609375,
      "Geometry": {
        "BoundingBox": {
          "Width": 0.709791898727417,
          "Height": 0.19383475184440613,
          "Left": 0.14624479413032532,
          "Top": 0.40378403663635254
        },
        "Polygon": [
          {
            "X": 0.14686219394207,
            "Y": 0.40380117297172546
          },
          {
            "X": 0.8546603322029114,
            "Y": 0.40378403663635254
          },
          {
            "X": 0.8560367226600647,
            "Y": 0.597618818283081
          },
          {
            "X": 0.14624479413032532,
            "Y": 0.5967420339584351
          }
        ]
      },
      "Id": "8a996b23-013f-49f0-b1ef-6189d8440407",
      "Relationships": [
        {
          "Type": "CHILD",
          "Ids": [
            "c12e95d9-08d6-49af-b912-d3c3211ad4b7",
            "145ba544-8194-48cb-b0fe-ccfc35214b63",
            "ef51bde4-f6a2-4625-9466-a548b481ca81",
            "96fc73a3-b510-4c6c-9fbf-88e76aaa9765",
            "8fb5bd50-f3c1-4e5d-9d1a-60a9a0383129",
            "5f59dec3-e949-4d34-9f08-e0cdb2bf9f5c",
            "5b0a65c7-91f5-469b-86c4-dc07e982867d",
            "13882a04-a799-4982-b1cd-282519457071",
            "e6049116-ea97-4fc6-9540-68a71fec7836",
            "5e682353-801a-47ab-956d-8dcc12e0c5d0",
            "232fbf0c-f9e0-402a-88f8-e485641a97c5",
            "4f10769f-f19d-4d0d-ad52-df04737d1511",
            "e54d0b40-60bc-4d64-a2c3-e6c7f3d0960c",
            "320aed76-c483-4060-a940-f773b5b83845",
            "5d58f880-4eb3-4fd6-b71f-36be21070c7f",
            "1975367f-ac8b-4996-8e1f-47ad1a82adb1",
            "fff24052-9fd9-48e4-99ab-8387765cab35",
            "cc0fb76f-027f-4907-8cd5-58a5f0a751dc",
            "40df75dd-e505-45a4-9513-4675e77bddd1",
            "2684c98e-e7ec-43d2-a9d5-1e9df1a3e0c9"
          ]
        },
        {
          "Type": "MERGED_CELL",
          "Ids": [
            "8d2f4a96-6a00-4460-b701-216f09860736"
          ]
        }
      ],
      "EntityTypes": [
        "STRUCTURED_TABLE"
      ],
      "Page": 1
    },
    {
      "BlockType": "CELL",
      "Confidence": 45.60546875,
      "RowIndex": 1,
      "ColumnIndex": 1,
      "RowSpan": 1,
      "ColumnSpan": 1,
      "Geometry": {
        "BoundingBox": {
          "Width": 0.17319458723068237,
          "Height": 0.05193568393588066,
          "Left": 0.14654739201068878,
          "Top": 0.4039367735385895
        },
        "Polygon": [
          {
            "X": 0.1467135101556778,
            "Y": 0.4039407968521118
          },
          {
            "X": 0.31974196434020996,
            "Y": 0.4039367735385895
          },
          {
            "X": 0.31970643997192383,
            "Y": 0.45587244629859924
          },
          {
            "X": 0.14654739201068878,
            "Y": 0.455817848443985
          }
        ]
      },
      "Id": "c12e95d9-08d6-49af-b912-d3c3211ad4b7",
      "Page": 1
    },
    {
      "BlockType": "CELL",
      "Confidence": 45.60546875,
      "RowIndex": 1,
      "ColumnIndex": 2,
      "RowSpan": 1,
      "ColumnSpan": 1,
      "Geometry": {
        "BoundingBox": {
          "Width": 0.16206437349319458,
          "Height": 0.0519905611872673,
          "Left": 0.31970643997192383,
          "Top": 0.40393298864364624
        },
        "Polygon": [
          {
            "X": 0.31974196434020996,
            "Y": 0.4039367735385895
          },
          {
            "X": 0.4816838502883911,
            "Y": 0.40393298864364624
          },
          {
            "X": 0.4817708432674408,
            "Y": 0.45592355728149414
          },
          {
            "X": 0.31970643997192383,
            "Y": 0.45587244629859924
          }
        ]
      },
      "Id": "145ba544-8194-48cb-b0fe-ccfc35214b63",
      "Page": 1
    },
    {
      "BlockType": "CELL",
      "Confidence": 45.60546875,
      "RowIndex": 1,
      "ColumnIndex": 3,
      "RowSpan": 1,
      "ColumnSpan": 1,
      "Geometry": {
        "BoundingBox": {
          "Width": 0.21814611554145813,
          "Height": 0.05206440016627312,
          "Left": 0.4816838502883911,
          "Top": 0.40392792224884033
        },
        "Polygon": [
          {
            "X": 0.4816838502883911,
            "Y": 0.40393298864364624
          },
          {
            "X": 0.699577808380127,
            "Y": 0.40392792224884033
          },
          {
            "X": 0.6998299956321716,
            "Y": 0.45599231123924255
          },
          {
            "X": 0.4817708432674408,
            "Y": 0.45592355728149414
          }
        ]
      },
      "Id": "ef51bde4-f6a2-4625-9466-a548b481ca81",
      "Relationships": [
        {
          "Type": "CHILD",
          "Ids": [
            "b738deb2-54aa-4476-b615-f63a14a03d0a"
          ]
        }
      ],
      "Page": 1
    },
    {
      "BlockType": "CELL",
      "Confidence": 84.375,
      "RowIndex": 1,
      "ColumnIndex": 4,
      "RowSpan": 1,
      "ColumnSpan": 1,
      "Geometry": {
        "BoundingBox": {
          "Width": 0.15545427799224854,
          "Height": 0.05225721746683121,
          "Left": 0.6995770931243896,
          "Top": 0.40378403663635254
        },
        "Polygon": [
          {
            "X": 0.6995770931243896,
            "Y": 0.4037877917289734
          },
          {
            "X": 0.8546603322029114,
            "Y": 0.40378403663635254
          },
          {
            "X": 0.8550313711166382,
            "Y": 0.45604124665260315
          },
          {
            "X": 0.6998299956321716,
            "Y": 0.45599231123924255
          }
        ]
      },
      "Id": "96fc73a3-b510-4c6c-9fbf-88e76aaa9765",
      "Relationships": [
        {
          "Type": "CHILD",
          "Ids": [
            "de4671a7-57d9-44ed-b87b-41f1e5fdb3de"
          ]
        }
      ],
      "EntityTypes": [
        "COLUMN_HEADER"
      ],
      "Page": 1
    },
    {
      "BlockType": "CELL",
      "Confidence": 75.048828125,
      "RowIndex": 2,
      "ColumnIndex": 1,
      "RowSpan": 1,
      "ColumnSpan": 1,
      "Geometry": {
        "BoundingBox": {
          "Width": 0.1731385737657547,
          "Height": 0.04005853459239006,
          "Left": 0.14656788110733032,
          "Top": 0.45581790804862976
        },
        "Polygon": [
          {
            "X": 0.14669574797153473,
            "Y": 0.45581790804862976
          },
          {
            "X": 0.31970643997192383,
            "Y": 0.45587244629859924
          },
          {
            "X": 0.3196790814399719,
            "Y": 0.4958764314651489
          },
          {
            "X": 0.14656788110733032,
            "Y": 0.4957767128944397
          }
        ]
      },
      "Id": "8fb5bd50-f3c1-4e5d-9d1a-60a9a0383129",
      "Relationships": [
        {
          "Type": "CHILD",
          "Ids": [
            "1db100b4-3878-43d3-8e92-dbfcc4f38a81",
            "e57a1f3f-be80-44ff-a492-e79dc6d3c99a",
            "b43b40e0-4312-4c7d-b502-50e7d5446944",
            "4496ed6c-f308-484a-b63b-c46a1e641077"
          ]
        }
      ],
      "Page": 1
    },
    {
      "BlockType": "CELL",
      "Confidence": 73.046875,
      "RowIndex": 2,
      "ColumnIndex": 2,
      "RowSpan": 1,
      "ColumnSpan": 1,
      "Geometry": {
        "BoundingBox": {
          "Width": 0.16215872764587402,
          "Height": 0.04009741172194481,
          "Left": 0.3196790814399719,
          "Top": 0.45587244629859924
        },
        "Polygon": [
          {
            "X": 0.31970643997192383,
            "Y": 0.45587244629859924
          },
          {
            "X": 0.4817708432674408,
            "Y": 0.45592355728149414
          },
          {
            "X": 0.48183780908584595,
            "Y": 0.49596986174583435
          },
          {
            "X": 0.3196790814399719,
            "Y": 0.4958764314651489
          }
        ]
      },
      "Id": "5f59dec3-e949-4d34-9f08-e0cdb2bf9f5c",
      "Relationships": [
        {
          "Type": "CHILD",
          "Ids": [
            "26cbbe34-b327-466b-9a18-d47557dca477"
          ]
        }
      ],
      "Page": 1
    },
    {
      "BlockType": "CELL",
      "Confidence": 80.56640625,
      "RowIndex": 2,
      "ColumnIndex": 3,
      "RowSpan": 1,
      "ColumnSpan": 1,
      "Geometry": {
        "BoundingBox": {
          "Width": 0.21825340390205383,
          "Height": 0.040172018110752106,
          "Left": 0.4817708432674408,
          "Top": 0.45592355728149414
        },
        "Polygon": [
          {
            "X": 0.4817708432674408,
            "Y": 0.45592355728149414
          },
          {
            "X": 0.6998299956321716,
            "Y": 0.45599231123924255
          },
          {
            "X": 0.7000242471694946,
            "Y": 0.49609556794166565
          },
          {
            "X": 0.48183780908584595,
            "Y": 0.49596986174583435
          }
        ]
      },
      "Id": "5b0a65c7-91f5-469b-86c4-dc07e982867d",
      "Relationships": [
        {
          "Type": "CHILD",
          "Ids": [
            "00233c76-091d-41c7-9280-6f1c75c2a7b7"
          ]
        }
      ],
      "Page": 1
    },
    {
      "BlockType": "CELL",
      "Confidence": 79.931640625,
      "RowIndex": 2,
      "ColumnIndex": 4,
      "RowSpan": 1,
      "ColumnSpan": 1,
      "Geometry": {
        "BoundingBox": {
          "Width": 0.15548646450042725,
          "Height": 0.040192730724811554,
          "Left": 0.6998299956321716,
          "Top": 0.45599231123924255
        },
        "Polygon": [
          {
            "X": 0.6998299956321716,
            "Y": 0.45599231123924255
          },
          {
            "X": 0.8550313711166382,
            "Y": 0.45604124665260315
          },
          {
            "X": 0.8553164601325989,
            "Y": 0.4961850643157959
          },
          {
            "X": 0.7000242471694946,
            "Y": 0.49609556794166565
          }
        ]
      },
      "Id": "13882a04-a799-4982-b1cd-282519457071",
      "Relationships": [
        {
          "Type": "CHILD",
          "Ids": [
            "2175d633-c4c6-4242-a06b-3604a3f8c6f9"
          ]
        }
      ],
      "Page": 1
    },
    {
      "BlockType": "CELL",
      "Confidence": 73.486328125,
      "RowIndex": 3,
      "ColumnIndex": 1,
      "RowSpan": 1,
      "ColumnSpan": 1,
      "Geometry": {
        "BoundingBox": {
          "Width": 0.17320933938026428,
          "Height": 0.030800992622971535,
          "Left": 0.14646974205970764,
          "Top": 0.4957767128944397
        },
        "Polygon": [
          {
            "X": 0.14656788110733032,
            "Y": 0.4957767128944397
          },
          {
            "X": 0.3196790814399719,
            "Y": 0.4958764314651489
          },
          {
            "X": 0.319658100605011,
            "Y": 0.5265777111053467
          },
          {
            "X": 0.14646974205970764,
            "Y": 0.5264432430267334
          }
        ]
      },
      "Id": "e6049116-ea97-4fc6-9540-68a71fec7836",
      "Page": 1
    },
    {
      "BlockType": "CELL",
      "Confidence": 71.533203125,
      "RowIndex": 3,
      "ColumnIndex": 2,
      "RowSpan": 1,
      "ColumnSpan": 1,
      "Geometry": {
        "BoundingBox": {
          "Width": 0.16223113238811493,
          "Height": 0.030827200040221214,
          "Left": 0.319658100605011,
          "Top": 0.4958764314651489
        },
        "Polygon": [
          {
            "X": 0.3196790814399719,
            "Y": 0.4958764314651489
          },
          {
            "X": 0.48183780908584595,
            "Y": 0.49596986174583435
          },
          {
            "X": 0.4818892180919647,
            "Y": 0.5267036557197571
          },
          {
            "X": 0.319658100605011,
            "Y": 0.5265777111053467
          }
        ]
      },
      "Id": "5e682353-801a-47ab-956d-8dcc12e0c5d0",
      "Relationships": [
        {
          "Type": "CHILD",
          "Ids": [
            "222fe9df-0aa5-4c1d-925c-c670e8225e25"
          ]
        }
      ],
      "Page": 1
    },
    {
      "BlockType": "CELL",
      "Confidence": 78.90625,
      "RowIndex": 3,
      "ColumnIndex": 3,
      "RowSpan": 1,
      "ColumnSpan": 1,
      "Geometry": {
        "BoundingBox": {
          "Width": 0.21833549439907074,
          "Height": 0.030903233215212822,
          "Left": 0.48183780908584595,
          "Top": 0.49596986174583435
        },
        "Polygon": [
          {
            "X": 0.48183780908584595,
            "Y": 0.49596986174583435
          },
          {
            "X": 0.7000242471694946,
            "Y": 0.49609556794166565
          },
          {
            "X": 0.7001733183860779,
            "Y": 0.5268731117248535
          },
          {
            "X": 0.4818892180919647,
            "Y": 0.5267036557197571
          }
        ]
      },
      "Id": "232fbf0c-f9e0-402a-88f8-e485641a97c5",
      "Relationships": [
        {
          "Type": "CHILD",
          "Ids": [
            "8e3fb33c-e1d0-45cb-b2c7-b4211857dc14"
          ]
        }
      ],
      "Page": 1
    },
    {
      "BlockType": "CELL",
      "Confidence": 78.271484375,
      "RowIndex": 3,
      "ColumnIndex": 4,
      "RowSpan": 1,
      "ColumnSpan": 1,
      "Geometry": {
        "BoundingBox": {
          "Width": 0.15551097691059113,
          "Height": 0.030898137018084526,
          "Left": 0.7000242471694946,
          "Top": 0.49609556794166565
        },
        "Polygon": [
          {
            "X": 0.7000242471694946,
            "Y": 0.49609556794166565
          },
          {
            "X": 0.8553164601325989,
            "Y": 0.4961850643157959
          },
          {
            "X": 0.8555352091789246,
            "Y": 0.5269936919212341
          },
          {
            "X": 0.7001733183860779,
            "Y": 0.5268731117248535
          }
        ]
      },
      "Id": "4f10769f-f19d-4d0d-ad52-df04737d1511",
      "Relationships": [
        {
          "Type": "CHILD",
          "Ids": [
            "dc0e5b3b-77be-4617-8b67-23d152f21d23"
          ]
        }
      ],
      "Page": 1
    },
    {
      "BlockType": "CELL",
      "Confidence": 70.458984375,
      "RowIndex": 4,
      "ColumnIndex": 1,
      "RowSpan": 1,
      "ColumnSpan": 1,
      "Geometry": {
        "BoundingBox": {
          "Width": 0.17329083383083344,
          "Height": 0.03219976648688316,
          "Left": 0.14636725187301636,
          "Top": 0.5264432430267334
        },
        "Polygon": [
          {
            "X": 0.14646974205970764,
            "Y": 0.5264432430267334
          },
          {
            "X": 0.319658100605011,
            "Y": 0.5265777111053467
          },
          {
            "X": 0.31963616609573364,
            "Y": 0.5586429834365845
          },
          {
            "X": 0.14636725187301636,
            "Y": 0.5584722757339478
          }
        ]
      },
      "Id": "e54d0b40-60bc-4d64-a2c3-e6c7f3d0960c",
      "Page": 1
    },
    {
      "BlockType": "CELL",
      "Confidence": 68.603515625,
      "RowIndex": 4,
      "ColumnIndex": 2,
      "RowSpan": 1,
      "ColumnSpan": 1,
      "Geometry": {
        "BoundingBox": {
          "Width": 0.1623067706823349,
          "Height": 0.03222525492310524,
          "Left": 0.31963616609573364,
          "Top": 0.5265777111053467
        },
        "Polygon": [
          {
            "X": 0.319658100605011,
            "Y": 0.5265777111053467
          },
          {
            "X": 0.4818892180919647,
            "Y": 0.5267036557197571
          },
          {
            "X": 0.48194292187690735,
            "Y": 0.5588029623031616
          },
          {
            "X": 0.31963616609573364,
            "Y": 0.5586429834365845
          }
        ]
      },
      "Id": "320aed76-c483-4060-a940-f773b5b83845",
      "Relationships": [
        {
          "Type": "CHILD",
          "Ids": [
            "381c0e54-82a1-4366-bd7c-5ef5ec408d4a"
          ]
        }
      ],
      "Page": 1
    },
    {
      "BlockType": "CELL",
      "Confidence": 75.68359375,
      "RowIndex": 4,
      "ColumnIndex": 3,
      "RowSpan": 1,
      "ColumnSpan": 1,
      "Geometry": {
        "BoundingBox": {
          "Width": 0.21843980252742767,
          "Height": 0.03231450915336609,
          "Left": 0.4818892180919647,
          "Top": 0.5267036557197571
        },
        "Polygon": [
          {
            "X": 0.4818892180919647,
            "Y": 0.5267036557197571
          },
          {
            "X": 0.7001733183860779,
            "Y": 0.5268731117248535
          },
          {
            "X": 0.7003290057182312,
            "Y": 0.5590181350708008
          },
          {
            "X": 0.48194292187690735,
            "Y": 0.5588029623031616
          }
        ]
      },
      "Id": "5d58f880-4eb3-4fd6-b71f-36be21070c7f",
      "Relationships": [
        {
          "Type": "CHILD",
          "Ids": [
            "b212f1f1-2ed4-4d12-9323-e0000aa9bd0b"
          ]
        }
      ],
      "Page": 1
    },
    {
      "BlockType": "CELL",
      "Confidence": 75.09765625,
      "RowIndex": 4,
      "ColumnIndex": 4,
      "RowSpan": 1,
      "ColumnSpan": 1,
      "Geometry": {
        "BoundingBox": {
          "Width": 0.15559038519859314,
          "Height": 0.032298214733600616,
          "Left": 0.7001733183860779,
          "Top": 0.5268731117248535
        },
        "Polygon": [
          {
            "X": 0.7001733183860779,
            "Y": 0.5268731117248535
          },
          {
            "X": 0.8555352091789246,
            "Y": 0.5269936919212341
          },
          {
            "X": 0.8557636737823486,
            "Y": 0.5591713190078735
          },
          {
            "X": 0.7003290057182312,
            "Y": 0.5590181350708008
          }
        ]
      },
      "Id": "1975367f-ac8b-4996-8e1f-47ad1a82adb1",
      "Relationships": [
        {
          "Type": "CHILD",
          "Ids": [
            "96190539-7bb1-4c1a-b049-2f85ae973f21"
          ]
        }
      ],
      "Page": 1
    },
    {
      "BlockType": "CELL",
      "Confidence": 84.1796875,
      "RowIndex": 5,
      "ColumnIndex": 1,
      "RowSpan": 1,
      "ColumnSpan": 1,
      "Geometry": {
        "BoundingBox": {
          "Width": 0.17339137196540833,
          "Height": 0.03848392143845558,
          "Left": 0.14624479413032532,
          "Top": 0.5584722757339478
        },
        "Polygon": [
          {
            "X": 0.14636725187301636,
            "Y": 0.5584722757339478
          },
          {
            "X": 0.31963616609573364,
            "Y": 0.5586429834365845
          },
          {
            "X": 0.31960994005203247,
            "Y": 0.596956193447113
          },
          {
            "X": 0.14624479413032532,
            "Y": 0.5967420339584351
          }
        ]
      },
      "Id": "fff24052-9fd9-48e4-99ab-8387765cab35",
      "Relationships": [
        {
          "Type": "CHILD",
          "Ids": [
            "cab9adcf-1897-475b-a296-d82346d4c459"
          ]
        }
      ],
      "Page": 1
    },
    {
      "BlockType": "CELL",
      "Confidence": 81.982421875,
      "RowIndex": 5,
      "ColumnIndex": 2,
      "RowSpan": 1,
      "ColumnSpan": 1,
      "Geometry": {
        "BoundingBox": {
          "Width": 0.1623971313238144,
          "Height": 0.038513775914907455,
          "Left": 0.31960994005203247,
          "Top": 0.5586429834365845
        },
        "Polygon": [
          {
            "X": 0.31963616609573364,
            "Y": 0.5586429834365845
          },
          {
            "X": 0.48194292187690735,
            "Y": 0.5588029623031616
          },
          {
            "X": 0.48200708627700806,
            "Y": 0.5971567630767822
          },
          {
            "X": 0.31960994005203247,
            "Y": 0.596956193447113
          }
        ]
      },
      "Id": "cc0fb76f-027f-4907-8cd5-58a5f0a751dc",
      "Relationships": [
        {
          "Type": "CHILD",
          "Ids": [
            "330aaf86-0dd8-4399-b756-077727828f4e"
          ]
        }
      ],
      "Page": 1
    },
    {
      "BlockType": "CELL",
      "Confidence": 90.4296875,
      "RowIndex": 5,
      "ColumnIndex": 3,
      "RowSpan": 1,
      "ColumnSpan": 1,
      "Geometry": {
        "BoundingBox": {
          "Width": 0.21857213973999023,
          "Height": 0.03862374275922775,
          "Left": 0.48194292187690735,
          "Top": 0.5588029623031616
        },
        "Polygon": [
          {
            "X": 0.48194292187690735,
            "Y": 0.5588029623031616
          },
          {
            "X": 0.7003290057182312,
            "Y": 0.5590181350708008
          },
          {
            "X": 0.70051509141922,
            "Y": 0.59742671251297
          },
          {
            "X": 0.48200708627700806,
            "Y": 0.5971567630767822
          }
        ]
      },
      "Id": "40df75dd-e505-45a4-9513-4675e77bddd1",
      "Relationships": [
        {
          "Type": "CHILD",
          "Ids": [
            "2ba42b20-5f76-4061-aaf6-076adf447452"
          ]
        }
      ],
      "Page": 1
    },
    {
      "BlockType": "CELL",
      "Confidence": 89.697265625,
      "RowIndex": 5,
      "ColumnIndex": 4,
      "RowSpan": 1,
      "ColumnSpan": 1,
      "Geometry": {
        "BoundingBox": {
          "Width": 0.1557076871395111,
          "Height": 0.03860064595937729,
          "Left": 0.7003290057182312,
          "Top": 0.5590181350708008
        },
        "Polygon": [
          {
            "X": 0.7003290057182312,
            "Y": 0.5590181350708008
          },
          {
            "X": 0.8557636737823486,
            "Y": 0.5591713190078735
          },
          {
            "X": 0.8560367226600647,
            "Y": 0.597618818283081
          },
          {
            "X": 0.70051509141922,
            "Y": 0.59742671251297
          }
        ]
      },
      "Id": "2684c98e-e7ec-43d2-a9d5-1e9df1a3e0c9",
      "Relationships": [
        {
          "Type": "CHILD",
          "Ids": [
            "68d33ffb-e86e-47df-be62-5f2c6ded40bf"
          ]
        }
      ],
      "Page": 1
    },
    {
      "BlockType": "MERGED_CELL",
      "Confidence": 45.60546875,
      "RowIndex": 1,
      "ColumnIndex": 1,
      "RowSpan": 1,
      "ColumnSpan": 3,
      "Geometry": {
        "BoundingBox": {
          "Width": 0.5531342625617981,
          "Height": 0.052204523235559464,
          "Left": 0.14669574797153473,
          "Top": 0.4037877917289734
        },
        "Polygon": [
          {
            "X": 0.14686219394207,
            "Y": 0.40380117297172546
          },
          {
            "X": 0.6995770931243896,
            "Y": 0.4037877917289734
          },
          {
            "X": 0.6998299956321716,
            "Y": 0.45599231123924255
          },
          {
            "X": 0.14669574797153473,
            "Y": 0.45581790804862976
          }
        ]
      },
      "Id": "8d2f4a96-6a00-4460-b701-216f09860736",
      "Relationships": [
        {
          "Type": "CHILD",
          "Ids": [
            "c12e95d9-08d6-49af-b912-d3c3211ad4b7",
            "145ba544-8194-48cb-b0fe-ccfc35214b63",
            "ef51bde4-f6a2-4625-9466-a548b481ca81"
          ]
        }
      ],
      "Page": 1
    }
  ],
  "AnalyzeDocumentModelVersion": "1.0"
}