"'Material","'Composition","'Batch number",
"'Adper Single Bond 2 (3M/ESPE, St Paul, MN, USA)","'Silane treated silica (nanofiller). Bis-GMA, HEMA. Dimethacrylate, methacrylate functional copolymer of polyacrylic and polytaconic acid. Water. Ethyl alcohol","'9UU",
"'Filtek Z250 (3M/ESPE, St Paul, MN, USA)","'Silane treated ceramic. BISEMA. UDMA. BISGMA. TEGDMA","'N148344BR",
"'Vitro Fil (DFL, Rio de Janeiro, RJ, Brazil)","'Powder-strontium aluminum silicate, dehydrated polyacrylic acid, and iron oxide Liquid-polyacrylic acid, tartaric acid and distilled water","'09121362",
"'Vitro Fil LC (DFL, Rio de Janeiro, RJ, Brazil)","'Powder-strontium aluminum silicate, excipients, activators and iron oxide","'09020210",
"'","'Liquid-2-hydroxyetil methacrylate, polyacrylic and tartaric acid solutions, benzoyl peroxide and camphorquinone","'",
,,

'Confidence Scores % (Table Cell)
"'81.20117188","'82.81250000","'76.46484375",
"'90.52734375","'92.33398438","'85.25390625",
"'58.83789063","'60.00976563","'55.41992188",
"'41.08886719","'41.89453125","'38.69628906",
"'44.16503906","'44.18945313","'45.23925781",
"'44.16503906","'49.14550781","'45.23925781",
