"'Coating","'Substrate","'WCA","'Ref.",
"'Octanoate functionalized","'Glass slide","'143°","'[42]",
"'Al2O3","'","'","'",
"'2-hexyldecanoate functionalized Al2O3","'Glass slide","'151°","'[42]",
"'isostearate functionalized Al2O3","'Glass slide","'154","'[37]",
"'stearate functionalized Al2O3","'Glass slide","'156°","'[38]",
"'stearate functionalized Al2O3","'PDMS-coated lignocellulose composite","'156","'[56]",
"'Silane funct.Al2O3/PDMS","'Pristine fabrics","'155","'[6]",
"'isostearate funct. Al2O3/ epoxy resin","'Plastic film","'150","'[41]",
"'Funct. Al2O3 with silica/ fluor-silane","'Al plate etched with CuCl2","'164","'[41]",
"'stearate functionalized","'Stainless steel coated with","'Roll","'This",
"'Al2O3","'DGEBA epoxy resin","'off","'work",
"'stearate functionalized Al2O3","'Stainless steel coated with Novolac epoxy system","'144","'This work",
,,,

'Confidence Scores % (Table Cell)
"'92.57812500","'93.84765625","'87.84179688","'90.18554688",
"'38.11035156","'48.43750000","'40.91796875","'42.26074219",
"'32.83691406","'48.43750000","'40.91796875","'42.26074219",
"'70.80078125","'71.77734375","'67.18750000","'68.94531250",
"'39.28222656","'39.84375000","'37.30468750","'38.28125000",
"'42.08984375","'42.67578125","'39.96582031","'41.01562500",
"'86.91406250","'88.08593750","'82.47070313","'84.66796875",
"'67.33398438","'68.26171875","'63.91601563","'65.62500000",
"'84.81445313","'85.98632813","'80.51757813","'82.61718750",
"'92.52929688","'93.79882813","'87.79296875","'90.13671875",
"'41.55273438","'42.11425781","'39.42871094","'40.47851563",
"'39.28222656","'39.84375000","'37.30468750","'38.28125000",
"'41.01562500","'41.57714844","'38.91601563","'39.96582031",
