{
  "DocumentMetadata": {
    "Pages": 1
  },
  "JobStatus": "SUCCEEDED",
  "Blocks": [
    {
      "BlockType": "PAGE",
      "Geometry": {
        "BoundingBox": {
          "Width": 1,
          "Height": 1,
          "Left": 0,
          "Top": 0
        },
        "Polygon": [
          {
            "X": 0.0000053412422857945785,
            "Y": 0
          },
          {
            "X": 1,
            "Y": 0.0000013276192021294264
          },
          {
            "X": 1,
            "Y": 1
          },
          {
            "X": 0,
            "Y": 1
          }
        ]
      },
      "Id": "c5d1daa1-e863-4459-b38d-ce02697aa078",
      "Relationships": [
        {
          "Type": "CHILD",
          "Ids": [
            "c330f95b-30da-46bf-8787-47fbb242819c",
            "e3d66173-1f8f-4b60-940e-cd5748148ce7",
            "914d2ebe-eee8-4d86-8011-346913788ebc",
            "58016b99-38cb-4bd3-bc68-e5ed503a2e94",
            "9adb1653-e49c-47c0-b77e-71c75891736e",
            "17636bd6-5c1d-4e5c-818c-14205c431d87",
            "6fbbecc3-7905-49d7-8180-6af339e57f1d",
            "42a7989f-cc99-4002-affd-c3adb9719db8",
            "d340a0ef-1499-4c70-bd25-cbe5e53197ab",
            "7949f4ed-5afb-4eaa-8510-7861de55debf",
            "3ec8cc68-b206-4b3b-988f-61743622d301",
            "50b74862-b7d8-4f91-9613-32e1556c8833",
            "431784b6-3d4b-4972-adbe-7565f07bdf88",
            "e3168dfc-fb5b-46be-9463-6cfb9da71dc7",
            "b01ee050-ad82-4f7e-adb3-26e8f59cfa10",
            "05fb635b-5406-48e3-b382-7ffa46cd6aa0",
            "ea8ebae9-1ca3-4e29-9f44-5450f4a27fb7",
            "50b0922a-755c-45d5-ba7a-e3a02c1dcf6f",
            "01bb9c9d-d296-4f15-8e4b-887a85ae30d8"
          ]
        }
      ],
      "Page": 1
    },
    {
      "BlockType": "LINE",
      "Confidence": 99.7660140991211,
      "Text": "EP",
      "Geometry": {
        "BoundingBox": {
          "Width": 0.015870148316025734,
          "Height": 0.01927206479012966,
          "Left": 0.5704478621482849,
          "Top": 0.4185824394226074
        },
        "Polygon": [
          {
            "X": 0.5704478621482849,
            "Y": 0.4185824394226074
          },
          {
            "X": 0.5862895846366882,
            "Y": 0.4185914397239685
          },
          {
            "X": 0.5863180160522461,
            "Y": 0.43785449862480164
          },
          {
            "X": 0.570473849773407,
            "Y": 0.43784624338150024
          }
        ]
      },
      "Id": "c330f95b-30da-46bf-8787-47fbb242819c",
      "Relationships": [
        {
          "Type": "CHILD",
          "Ids": [
            "79e4465d-1f44-450f-95ff-4183cedadb0a"
          ]
        }
      ],
      "Page": 1
    },
    {
      "BlockType": "LINE",
      "Confidence": 99.1646499633789,
      "Text": "EP/9%BPS-BPP",
      "Geometry": {
        "BoundingBox": {
          "Width": 0.09159352630376816,
          "Height": 0.025397246703505516,
          "Left": 0.6667102575302124,
          "Top": 0.4170464873313904
        },
        "Polygon": [
          {
            "X": 0.6667102575302124,
            "Y": 0.4170464873313904
          },
          {
            "X": 0.7582311630249023,
            "Y": 0.41709887981414795
          },
          {
            "X": 0.7583038210868835,
            "Y": 0.44244372844696045
          },
          {
            "X": 0.6667641997337341,
            "Y": 0.44239702820777893
          }
        ]
      },
      "Id": "e3d66173-1f8f-4b60-940e-cd5748148ce7",
      "Relationships": [
        {
          "Type": "CHILD",
          "Ids": [
            "ecacfead-2294-469a-b7a0-7b80f65e2c1d"
          ]
        }
      ],
      "Page": 1
    },
    {
      "BlockType": "LINE",
      "Confidence": 93.05036926269531,
      "Text": "Kissinger and Crane eqe",
      "Geometry": {
        "BoundingBox": {
          "Width": 0.15478119254112244,
          "Height": 0.030386831611394882,
          "Left": 0.24636626243591309,
          "Top": 0.4629884660243988
        },
        "Polygon": [
          {
            "X": 0.24640482664108276,
            "Y": 0.4629884660243988
          },
          {
            "X": 0.4011474549770355,
            "Y": 0.4630594551563263
          },
          {
            "X": 0.4011468291282654,
            "Y": 0.493375301361084
          },
          {
            "X": 0.24636626243591309,
            "Y": 0.49331584572792053
          }
        ]
      },
      "Id": "914d2ebe-eee8-4d86-8011-346913788ebc",
      "Relationships": [
        {
          "Type": "CHILD",
          "Ids": [
            "94cd3ca7-6080-4008-868c-cd59e225d43f",
            "772b2ee0-9662-44d5-b2a9-c00e485e4be7",
            "0fb977cb-bb1e-4f8a-963e-bed7c0134b63",
            "6d4dac7a-c25f-4259-b140-15fd61974a90"
          ]
        }
      ],
      "Page": 1
    },
    {
      "BlockType": "LINE",
      "Confidence": 44.12942123413086,
      "Text": "E",
      "Geometry": {
        "BoundingBox": {
          "Width": 0.017071129754185677,
          "Height": 0.025254594162106514,
          "Left": 0.47043415904045105,
          "Top": 0.4668978750705719
        },
        "Polygon": [
          {
            "X": 0.47043415904045105,
            "Y": 0.4668978750705719
          },
          {
            "X": 0.4874882102012634,
            "Y": 0.46690553426742554
          },
          {
            "X": 0.4875052869319916,
            "Y": 0.49215245246887207
          },
          {
            "X": 0.4704477787017822,
            "Y": 0.492145836353302
          }
        ]
      },
      "Id": "58016b99-38cb-4bd3-bc68-e5ed503a2e94",
      "Relationships": [
        {
          "Type": "CHILD",
          "Ids": [
            "cf92b929-194a-43a9-a1c0-ede8536b22f6"
          ]
        }
      ],
      "Page": 1
    },
    {
      "BlockType": "LINE",
      "Confidence": 89.91590118408203,
      "Text": "a",
      "Geometry": {
        "BoundingBox": {
          "Width": 0.004660916980355978,
          "Height": 0.010407467372715473,
          "Left": 0.4846215844154358,
          "Top": 0.46623390913009644
        },
        "Polygon": [
          {
            "X": 0.4846215844154358,
            "Y": 0.46623390913009644
          },
          {
            "X": 0.4892753064632416,
            "Y": 0.46623602509498596
          },
          {
            "X": 0.489282488822937,
            "Y": 0.47664138674736023
          },
          {
            "X": 0.4846283793449402,
            "Y": 0.47663938999176025
          }
        ]
      },
      "Id": "9adb1653-e49c-47c0-b77e-71c75891736e",
      "Relationships": [
        {
          "Type": "CHILD",
          "Ids": [
            "1dfbbdb7-b67c-4b45-a5df-770675ca8685"
          ]
        }
      ],
      "Page": 1
    },
    {
      "BlockType": "LINE",
      "Confidence": 97.68177795410156,
      "Text": "53.1",
      "Geometry": {
        "BoundingBox": {
          "Width": 0.02504347451031208,
          "Height": 0.01994366943836212,
          "Left": 0.5703577995300293,
          "Top": 0.4682519733905792
        },
        "Polygon": [
          {
            "X": 0.5703577995300293,
            "Y": 0.4682519733905792
          },
          {
            "X": 0.5953704118728638,
            "Y": 0.4682631194591522
          },
          {
            "X": 0.5954012870788574,
            "Y": 0.48819562792778015
          },
          {
            "X": 0.5703846216201782,
            "Y": 0.48818570375442505
          }
        ]
      },
      "Id": "17636bd6-5c1d-4e5c-818c-14205c431d87",
      "Relationships": [
        {
          "Type": "CHILD",
          "Ids": [
            "59d565fc-bd3b-4ae8-9015-1fdf30aad72a"
          ]
        }
      ],
      "Page": 1
    },
    {
      "BlockType": "LINE",
      "Confidence": 99.42634582519531,
      "Text": "51.8",
      "Geometry": {
        "BoundingBox": {
          "Width": 0.026980917900800705,
          "Height": 0.019720062613487244,
          "Left": 0.6670553088188171,
          "Top": 0.4684809744358063
        },
        "Polygon": [
          {
            "X": 0.6670553088188171,
            "Y": 0.4684809744358063
          },
          {
            "X": 0.6939899921417236,
            "Y": 0.46849295496940613
          },
          {
            "X": 0.6940362453460693,
            "Y": 0.4882010221481323
          },
          {
            "X": 0.667097270488739,
            "Y": 0.48819032311439514
          }
        ]
      },
      "Id": "6fbbecc3-7905-49d7-8180-6af339e57f1d",
      "Relationships": [
        {
          "Type": "CHILD",
          "Ids": [
            "0797bad9-a982-4166-9f6a-b3f03bfd73aa"
          ]
        }
      ],
      "Page": 1
    },
    {
      "BlockType": "LINE",
      "Confidence": 74.91502380371094,
      "Text": "In Ab",
      "Geometry": {
        "BoundingBox": {
          "Width": 0.029684830456972122,
          "Height": 0.02457030676305294,
          "Left": 0.4705621004104614,
          "Top": 0.49569663405418396
        },
        "Polygon": [
          {
            "X": 0.4705621004104614,
            "Y": 0.49569663405418396
          },
          {
            "X": 0.5002277493476868,
            "Y": 0.49570783972740173
          },
          {
            "X": 0.5002469420433044,
            "Y": 0.5202669501304626
          },
          {
            "X": 0.47057536244392395,
            "Y": 0.5202574729919434
          }
        ]
      },
      "Id": "42a7989f-cc99-4002-affd-c3adb9719db8",
      "Relationships": [
        {
          "Type": "CHILD",
          "Ids": [
            "5adf3395-f648-43a2-b1cf-efa2d52d7517",
            "27b79117-ba99-42a6-9f01-f806b19609a8"
          ]
        }
      ],
      "Page": 1
    },
    {
      "BlockType": "LINE",
      "Confidence": 99.52301025390625,
      "Text": "9.3",
      "Geometry": {
        "BoundingBox": {
          "Width": 0.019047493115067482,
          "Height": 0.02006782405078411,
          "Left": 0.5700661540031433,
          "Top": 0.5005470514297485
        },
        "Polygon": [
          {
            "X": 0.5700661540031433,
            "Y": 0.5005470514297485
          },
          {
            "X": 0.5890836119651794,
            "Y": 0.5005540251731873
          },
          {
            "X": 0.5891136527061462,
            "Y": 0.5206149220466614
          },
          {
            "X": 0.5700930953025818,
            "Y": 0.5206088423728943
          }
        ]
      },
      "Id": "d340a0ef-1499-4c70-bd25-cbe5e53197ab",
      "Relationships": [
        {
          "Type": "CHILD",
          "Ids": [
            "6e465362-a54b-492a-a144-73ca083e4e0d"
          ]
        }
      ],
      "Page": 1
    },
    {
      "BlockType": "LINE",
      "Confidence": 98.9145278930664,
      "Text": "9.4",
      "Geometry": {
        "BoundingBox": {
          "Width": 0.019960224628448486,
          "Height": 0.019898515194654465,
          "Left": 0.6664232611656189,
          "Top": 0.5006924271583557
        },
        "Polygon": [
          {
            "X": 0.6664232611656189,
            "Y": 0.5006924271583557
          },
          {
            "X": 0.6863380670547485,
            "Y": 0.5006997585296631
          },
          {
            "X": 0.6863834857940674,
            "Y": 0.5205909609794617
          },
          {
            "X": 0.6664654612541199,
            "Y": 0.5205846428871155
          }
        ]
      },
      "Id": "7949f4ed-5afb-4eaa-8510-7861de55debf",
      "Relationships": [
        {
          "Type": "CHILD",
          "Ids": [
            "47eafb31-90b2-469d-8b74-2106db79e39d"
          ]
        }
      ],
      "Page": 1
    },
    {
      "BlockType": "LINE",
      "Confidence": 83.33924865722656,
      "Text": "n°",
      "Geometry": {
        "BoundingBox": {
          "Width": 0.013424411416053772,
          "Height": 0.020809052512049675,
          "Left": 0.470132976770401,
          "Top": 0.5309714078903198
        },
        "Polygon": [
          {
            "X": 0.470132976770401,
            "Y": 0.5309714078903198
          },
          {
            "X": 0.4835439920425415,
            "Y": 0.5309752821922302
          },
          {
            "X": 0.48355740308761597,
            "Y": 0.5517804622650146
          },
          {
            "X": 0.4701441526412964,
            "Y": 0.5517772436141968
          }
        ]
      },
      "Id": "3ec8cc68-b206-4b3b-988f-61743622d301",
      "Relationships": [
        {
          "Type": "CHILD",
          "Ids": [
            "0756a262-8b4d-4274-a773-8908067332b9"
          ]
        }
      ],
      "Page": 1
    },
    {
      "BlockType": "LINE",
      "Confidence": 94.19456481933594,
      "Text": "0.88",
      "Geometry": {
        "BoundingBox": {
          "Width": 0.02667563408613205,
          "Height": 0.01886523887515068,
          "Left": 0.5704307556152344,
          "Top": 0.532115638256073
        },
        "Polygon": [
          {
            "X": 0.5704307556152344,
            "Y": 0.532115638256073
          },
          {
            "X": 0.597076952457428,
            "Y": 0.532123327255249
          },
          {
            "X": 0.597106397151947,
            "Y": 0.5509808659553528
          },
          {
            "X": 0.5704561471939087,
            "Y": 0.550974428653717
          }
        ]
      },
      "Id": "50b74862-b7d8-4f91-9613-32e1556c8833",
      "Relationships": [
        {
          "Type": "CHILD",
          "Ids": [
            "25c09fe7-a99c-4583-9fa8-e89be3909d2a"
          ]
        }
      ],
      "Page": 1
    },
    {
      "BlockType": "LINE",
      "Confidence": 67.56777954101562,
      "Text": "0.88",
      "Geometry": {
        "BoundingBox": {
          "Width": 0.02657300978899002,
          "Height": 0.019144348800182343,
          "Left": 0.666785478591919,
          "Top": 0.5319187641143799
        },
        "Polygon": [
          {
            "X": 0.666785478591919,
            "Y": 0.5319187641143799
          },
          {
            "X": 0.693313717842102,
            "Y": 0.5319264531135559
          },
          {
            "X": 0.6933584809303284,
            "Y": 0.5510631203651428
          },
          {
            "X": 0.6668261289596558,
            "Y": 0.5510566830635071
          }
        ]
      },
      "Id": "431784b6-3d4b-4972-adbe-7565f07bdf88",
      "Relationships": [
        {
          "Type": "CHILD",
          "Ids": [
            "516462c7-fe77-414d-9b13-dd7ba0938083"
          ]
        }
      ],
      "Page": 1
    },
    {
      "BlockType": "LINE",
      "Confidence": 97.66386413574219,
      "Text": "Flynn-Wall-Ozawa eq",
      "Geometry": {
        "BoundingBox": {
          "Width": 0.13585983216762543,
          "Height": 0.025962164625525475,
          "Left": 0.24654702842235565,
          "Top": 0.5630788207054138
        },
        "Polygon": [
          {
            "X": 0.24657995998859406,
            "Y": 0.5630788207054138
          },
          {
            "X": 0.3824068605899811,
            "Y": 0.5631076693534851
          },
          {
            "X": 0.3824023902416229,
            "Y": 0.589040994644165
          },
          {
            "X": 0.24654702842235565,
            "Y": 0.589020848274231
          }
        ]
      },
      "Id": "e3168dfc-fb5b-46be-9463-6cfb9da71dc7",
      "Relationships": [
        {
          "Type": "CHILD",
          "Ids": [
            "6eba09cd-f51a-4353-b44a-0710cfae4cce",
            "2419b3bb-3b2b-41cb-9a87-561d6a4fd538"
          ]
        }
      ],
      "Page": 1
    },
    {
      "BlockType": "LINE",
      "Confidence": 97.47399139404297,
      "Text": "f",
      "Geometry": {
        "BoundingBox": {
          "Width": 0.00591821875423193,
          "Height": 0.01519477553665638,
          "Left": 0.3858688771724701,
          "Top": 0.5575992465019226
        },
        "Polygon": [
          {
            "X": 0.3858710527420044,
            "Y": 0.5575992465019226
          },
          {
            "X": 0.3917870819568634,
            "Y": 0.5576005578041077
          },
          {
            "X": 0.3917856216430664,
            "Y": 0.5727940201759338
          },
          {
            "X": 0.3858688771724701,
            "Y": 0.5727928876876831
          }
        ]
      },
      "Id": "b01ee050-ad82-4f7e-adb3-26e8f59cfa10",
      "Relationships": [
        {
          "Type": "CHILD",
          "Ids": [
            "f4fe7c05-7ac8-493e-b7fd-1ba2f1e61299"
          ]
        }
      ],
      "Page": 1
    },
    {
      "BlockType": "LINE",
      "Confidence": 47.309749603271484,
      "Text": "E",
      "Geometry": {
        "BoundingBox": {
          "Width": 0.014388319104909897,
          "Height": 0.02414868213236332,
          "Left": 0.4702678918838501,
          "Top": 0.5643448233604431
        },
        "Polygon": [
          {
            "X": 0.4702678918838501,
            "Y": 0.5643448233604431
          },
          {
            "X": 0.4846404492855072,
            "Y": 0.5643478035926819
          },
          {
            "X": 0.4846562147140503,
            "Y": 0.5884935259819031
          },
          {
            "X": 0.47028088569641113,
            "Y": 0.5884913206100464
          }
        ]
      },
      "Id": "05fb635b-5406-48e3-b382-7ffa46cd6aa0",
      "Relationships": [
        {
          "Type": "CHILD",
          "Ids": [
            "1143ed39-c38a-4d35-8ef4-359d64445af6"
          ]
        }
      ],
      "Page": 1
    },
    {
      "BlockType": "LINE",
      "Confidence": 96.67401885986328,
      "Text": "57.4",
      "Geometry": {
        "BoundingBox": {
          "Width": 0.02766973339021206,
          "Height": 0.02057466097176075,
          "Left": 0.5702087879180908,
          "Top": 0.5635911226272583
        },
        "Polygon": [
          {
            "X": 0.5702087879180908,
            "Y": 0.5635911226272583
          },
          {
            "X": 0.597846269607544,
            "Y": 0.5635969042778015
          },
          {
            "X": 0.5978785157203674,
            "Y": 0.5841657519340515
          },
          {
            "X": 0.5702364444732666,
            "Y": 0.5841613411903381
          }
        ]
      },
      "Id": "ea8ebae9-1ca3-4e29-9f44-5450f4a27fb7",
      "Relationships": [
        {
          "Type": "CHILD",
          "Ids": [
            "0571766a-6acb-4bde-b5c1-3cfdb69a38da"
          ]
        }
      ],
      "Page": 1
    },
    {
      "BlockType": "LINE",
      "Confidence": 99.84283447265625,
      "Text": "56.0",
      "Geometry": {
        "BoundingBox": {
          "Width": 0.02752489410340786,
          "Height": 0.019785990938544273,
          "Left": 0.666819155216217,
          "Top": 0.5640219449996948
        },
        "Polygon": [
          {
            "X": 0.666819155216217,
            "Y": 0.5640219449996948
          },
          {
            "X": 0.6942976117134094,
            "Y": 0.5640276670455933
          },
          {
            "X": 0.6943440437316895,
            "Y": 0.5838078856468201
          },
          {
            "X": 0.6668611764907837,
            "Y": 0.5838034749031067
          }
        ]
      },
      "Id": "50b0922a-755c-45d5-ba7a-e3a02c1dcf6f",
      "Relationships": [
        {
          "Type": "CHILD",
          "Ids": [
            "d8419740-e63a-43df-be68-2d743e8a8f44"
          ]
        }
      ],
      "Page": 1
    },
    {
      "BlockType": "WORD",
      "Confidence": 99.7660140991211,
      "Text": "EP",
      "TextType": "PRINTED",
      "Geometry": {
        "BoundingBox": {
          "Width": 0.015870148316025734,
          "Height": 0.01927206479012966,
          "Left": 0.5704478621482849,
          "Top": 0.4185824394226074
        },
        "Polygon": [
          {
            "X": 0.5704478621482849,
            "Y": 0.4185824394226074
          },
          {
            "X": 0.5862895846366882,
            "Y": 0.4185914397239685
          },
          {
            "X": 0.5863180160522461,
            "Y": 0.43785449862480164
          },
          {
            "X": 0.570473849773407,
            "Y": 0.43784624338150024
          }
        ]
      },
      "Id": "79e4465d-1f44-450f-95ff-4183cedadb0a",
      "Page": 1
    },
    {
      "BlockType": "WORD",
      "Confidence": 99.1646499633789,
      "Text": "EP/9%BPS-BPP",
      "TextType": "PRINTED",
      "Geometry": {
        "BoundingBox": {
          "Width": 0.09159352630376816,
          "Height": 0.025397246703505516,
          "Left": 0.6667102575302124,
          "Top": 0.4170464873313904
        },
        "Polygon": [
          {
            "X": 0.6667102575302124,
            "Y": 0.4170464873313904
          },
          {
            "X": 0.7582311630249023,
            "Y": 0.41709887981414795
          },
          {
            "X": 0.7583038210868835,
            "Y": 0.44244372844696045
          },
          {
            "X": 0.6667641997337341,
            "Y": 0.44239702820777893
          }
        ]
      },
      "Id": "ecacfead-2294-469a-b7a0-7b80f65e2c1d",
      "Page": 1
    },
    {
      "BlockType": "WORD",
      "Confidence": 92.9422607421875,
      "Text": "Kissinger",
      "TextType": "PRINTED",
      "Geometry": {
        "BoundingBox": {
          "Width": 0.06231845170259476,
          "Height": 0.03035130351781845,
          "Left": 0.24636626243591309,
          "Top": 0.4629884660243988
        },
        "Polygon": [
          {
            "X": 0.24640482664108276,
            "Y": 0.4629884660243988
          },
          {
            "X": 0.30868470668792725,
            "Y": 0.4630170464515686
          },
          {
            "X": 0.30866140127182007,
            "Y": 0.49333977699279785
          },
          {
            "X": 0.24636626243591309,
            "Y": 0.49331584572792053
          }
        ]
      },
      "Id": "94cd3ca7-6080-4008-868c-cd59e225d43f",
      "Page": 1
    },
    {
      "BlockType": "WORD",
      "Confidence": 99.98794555664062,
      "Text": "and",
      "TextType": "PRINTED",
      "Geometry": {
        "BoundingBox": {
          "Width": 0.023900287225842476,
          "Height": 0.021386321634054184,
          "Left": 0.3130112290382385,
          "Top": 0.46686607599258423
        },
        "Polygon": [
          {
            "X": 0.31302690505981445,
            "Y": 0.46686607599258423
          },
          {
            "X": 0.33691152930259705,
            "Y": 0.4668768048286438
          },
          {
            "X": 0.336899995803833,
            "Y": 0.4882524013519287
          },
          {
            "X": 0.3130112290382385,
            "Y": 0.4882429242134094
          }
        ]
      },
      "Id": "772b2ee0-9662-44d5-b2a9-c00e485e4be7",
      "Page": 1
    },
    {
      "BlockType": "WORD",
      "Confidence": 99.87496948242188,
      "Text": "Crane",
      "TextType": "PRINTED",
      "Geometry": {
        "BoundingBox": {
          "Width": 0.03654506057500839,
          "Height": 0.020626647397875786,
          "Left": 0.3409169912338257,
          "Top": 0.4679286479949951
        },
        "Polygon": [
          {
            "X": 0.34092745184898376,
            "Y": 0.4679286479949951
          },
          {
            "X": 0.3774620592594147,
            "Y": 0.4679449796676636
          },
          {
            "X": 0.3774576783180237,
            "Y": 0.48855528235435486
          },
          {
            "X": 0.3409169912338257,
            "Y": 0.4885408282279968
          }
        ]
      },
      "Id": "0fb977cb-bb1e-4f8a-963e-bed7c0134b63",
      "Page": 1
    },
    {
      "BlockType": "WORD",
      "Confidence": 79.39631652832031,
      "Text": "eqe",
      "TextType": "PRINTED",
      "Geometry": {
        "BoundingBox": {
          "Width": 0.01986851915717125,
          "Height": 0.027387287467718124,
          "Left": 0.3812788724899292,
          "Top": 0.4655265212059021
        },
        "Polygon": [
          {
            "X": 0.38128384947776794,
            "Y": 0.4655265212059021
          },
          {
            "X": 0.40114739537239075,
            "Y": 0.4655355215072632
          },
          {
            "X": 0.4011468291282654,
            "Y": 0.4929138123989105
          },
          {
            "X": 0.3812788724899292,
            "Y": 0.4929061532020569
          }
        ]
      },
      "Id": "6d4dac7a-c25f-4259-b140-15fd61974a90",
      "Page": 1
    },
    {
      "BlockType": "WORD",
      "Confidence": 44.12942123413086,
      "Text": "E",
      "TextType": "PRINTED",
      "Geometry": {
        "BoundingBox": {
          "Width": 0.017071129754185677,
          "Height": 0.025254594162106514,
          "Left": 0.47043415904045105,
          "Top": 0.4668978750705719
        },
        "Polygon": [
          {
            "X": 0.47043415904045105,
            "Y": 0.4668978750705719
          },
          {
            "X": 0.4874882102012634,
            "Y": 0.46690553426742554
          },
          {
            "X": 0.4875052869319916,
            "Y": 0.49215245246887207
          },
          {
            "X": 0.4704477787017822,
            "Y": 0.492145836353302
          }
        ]
      },
      "Id": "cf92b929-194a-43a9-a1c0-ede8536b22f6",
      "Page": 1
    },
    {
      "BlockType": "WORD",
      "Confidence": 89.91590118408203,
      "Text": "a",
      "TextType": "PRINTED",
      "Geometry": {
        "BoundingBox": {
          "Width": 0.004660916980355978,
          "Height": 0.010407467372715473,
          "Left": 0.4846215844154358,
          "Top": 0.46623390913009644
        },
        "Polygon": [
          {
            "X": 0.4846215844154358,
            "Y": 0.46623390913009644
          },
          {
            "X": 0.4892753064632416,
            "Y": 0.46623602509498596
          },
          {
            "X": 0.489282488822937,
            "Y": 0.47664138674736023
          },
          {
            "X": 0.4846283793449402,
            "Y": 0.47663938999176025
          }
        ]
      },
      "Id": "1dfbbdb7-b67c-4b45-a5df-770675ca8685",
      "Page": 1
    },
    {
      "BlockType": "WORD",
      "Confidence": 97.68177795410156,
      "Text": "53.1",
      "TextType": "PRINTED",
      "Geometry": {
        "BoundingBox": {
          "Width": 0.02504347451031208,
          "Height": 0.01994366943836212,
          "Left": 0.5703577995300293,
          "Top": 0.4682519733905792
        },
        "Polygon": [
          {
            "X": 0.5703577995300293,
            "Y": 0.4682519733905792
          },
          {
            "X": 0.5953704118728638,
            "Y": 0.4682631194591522
          },
          {
            "X": 0.5954012870788574,
            "Y": 0.48819562792778015
          },
          {
            "X": 0.5703846216201782,
            "Y": 0.48818570375442505
          }
        ]
      },
      "Id": "59d565fc-bd3b-4ae8-9015-1fdf30aad72a",
      "Page": 1
    },
    {
      "BlockType": "WORD",
      "Confidence": 99.42634582519531,
      "Text": "51.8",
      "TextType": "PRINTED",
      "Geometry": {
        "BoundingBox": {
          "Width": 0.026980917900800705,
          "Height": 0.019720062613487244,
          "Left": 0.6670553088188171,
          "Top": 0.4684809744358063
        },
        "Polygon": [
          {
            "X": 0.6670553088188171,
            "Y": 0.4684809744358063
          },
          {
            "X": 0.6939899921417236,
            "Y": 0.46849295496940613
          },
          {
            "X": 0.6940362453460693,
            "Y": 0.4882010221481323
          },
          {
            "X": 0.667097270488739,
            "Y": 0.48819032311439514
          }
        ]
      },
      "Id": "0797bad9-a982-4166-9f6a-b3f03bfd73aa",
      "Page": 1
    },
    {
      "BlockType": "WORD",
      "Confidence": 99.56449890136719,
      "Text": "In",
      "TextType": "PRINTED",
      "Geometry": {
        "BoundingBox": {
          "Width": 0.011480813845992088,
          "Height": 0.02002815343439579,
          "Left": 0.4705643653869629,
          "Top": 0.4999360740184784
        },
        "Polygon": [
          {
            "X": 0.4705643653869629,
            "Y": 0.4999360740184784
          },
          {
            "X": 0.48203250765800476,
            "Y": 0.49994030594825745
          },
          {
            "X": 0.4820452034473419,
            "Y": 0.5199642181396484
          },
          {
            "X": 0.4705751836299896,
            "Y": 0.5199605822563171
          }
        ]
      },
      "Id": "5adf3395-f648-43a2-b1cf-efa2d52d7517",
      "Page": 1
    },
    {
      "BlockType": "WORD",
      "Confidence": 50.26555633544922,
      "Text": "Ab",
      "TextType": "PRINTED",
      "Geometry": {
        "BoundingBox": {
          "Width": 0.01472275797277689,
          "Height": 0.024564644321799278,
          "Left": 0.48552414774894714,
          "Top": 0.4957022964954376
        },
        "Polygon": [
          {
            "X": 0.48552414774894714,
            "Y": 0.4957022964954376
          },
          {
            "X": 0.5002277493476868,
            "Y": 0.49570783972740173
          },
          {
            "X": 0.5002469420433044,
            "Y": 0.5202669501304626
          },
          {
            "X": 0.48554039001464844,
            "Y": 0.5202622413635254
          }
        ]
      },
      "Id": "27b79117-ba99-42a6-9f01-f806b19609a8",
      "Page": 1
    },
    {
      "BlockType": "WORD",
      "Confidence": 99.52301025390625,
      "Text": "9.3",
      "TextType": "PRINTED",
      "Geometry": {
        "BoundingBox": {
          "Width": 0.019047493115067482,
          "Height": 0.02006782405078411,
          "Left": 0.5700661540031433,
          "Top": 0.5005470514297485
        },
        "Polygon": [
          {
            "X": 0.5700661540031433,
            "Y": 0.5005470514297485
          },
          {
            "X": 0.5890836119651794,
            "Y": 0.5005540251731873
          },
          {
            "X": 0.5891136527061462,
            "Y": 0.5206149220466614
          },
          {
            "X": 0.5700930953025818,
            "Y": 0.5206088423728943
          }
        ]
      },
      "Id": "6e465362-a54b-492a-a144-73ca083e4e0d",
      "Page": 1
    },
    {
      "BlockType": "WORD",
      "Confidence": 98.9145278930664,
      "Text": "9.4",
      "TextType": "PRINTED",
      "Geometry": {
        "BoundingBox": {
          "Width": 0.019960224628448486,
          "Height": 0.019898515194654465,
          "Left": 0.6664232611656189,
          "Top": 0.5006924271583557
        },
        "Polygon": [
          {
            "X": 0.6664232611656189,
            "Y": 0.5006924271583557
          },
          {
            "X": 0.6863380670547485,
            "Y": 0.5006997585296631
          },
          {
            "X": 0.6863834857940674,
            "Y": 0.5205909609794617
          },
          {
            "X": 0.6664654612541199,
            "Y": 0.5205846428871155
          }
        ]
      },
      "Id": "47eafb31-90b2-469d-8b74-2106db79e39d",
      "Page": 1
    },
    {
      "BlockType": "WORD",
      "Confidence": 83.33924865722656,
      "Text": "n°",
      "TextType": "PRINTED",
      "Geometry": {
        "BoundingBox": {
          "Width": 0.013424411416053772,
          "Height": 0.020809052512049675,
          "Left": 0.470132976770401,
          "Top": 0.5309714078903198
        },
        "Polygon": [
          {
            "X": 0.470132976770401,
            "Y": 0.5309714078903198
          },
          {
            "X": 0.4835439920425415,
            "Y": 0.5309752821922302
          },
          {
            "X": 0.48355740308761597,
            "Y": 0.5517804622650146
          },
          {
            "X": 0.4701441526412964,
            "Y": 0.5517772436141968
          }
        ]
      },
      "Id": "0756a262-8b4d-4274-a773-8908067332b9",
      "Page": 1
    },
    {
      "BlockType": "WORD",
      "Confidence": 94.19456481933594,
      "Text": "0.88",
      "TextType": "PRINTED",
      "Geometry": {
        "BoundingBox": {
          "Width": 0.02667563408613205,
          "Height": 0.01886523887515068,
          "Left": 0.5704307556152344,
          "Top": 0.532115638256073
        },
        "Polygon": [
          {
            "X": 0.5704307556152344,
            "Y": 0.532115638256073
          },
          {
            "X": 0.597076952457428,
            "Y": 0.532123327255249
          },
          {
            "X": 0.597106397151947,
            "Y": 0.5509808659553528
          },
          {
            "X": 0.5704561471939087,
            "Y": 0.550974428653717
          }
        ]
      },
      "Id": "25c09fe7-a99c-4583-9fa8-e89be3909d2a",
      "Page": 1
    },
    {
      "BlockType": "WORD",
      "Confidence": 67.56777954101562,
      "Text": "0.88",
      "TextType": "PRINTED",
      "Geometry": {
        "BoundingBox": {
          "Width": 0.02657300978899002,
          "Height": 0.019144348800182343,
          "Left": 0.666785478591919,
          "Top": 0.5319187641143799
        },
        "Polygon": [
          {
            "X": 0.666785478591919,
            "Y": 0.5319187641143799
          },
          {
            "X": 0.693313717842102,
            "Y": 0.5319264531135559
          },
          {
            "X": 0.6933584809303284,
            "Y": 0.5510631203651428
          },
          {
            "X": 0.6668261289596558,
            "Y": 0.5510566830635071
          }
        ]
      },
      "Id": "516462c7-fe77-414d-9b13-dd7ba0938083",
      "Page": 1
    },
    {
      "BlockType": "WORD",
      "Confidence": 96.98978424072266,
      "Text": "Flynn-Wall-Ozawa",
      "TextType": "PRINTED",
      "Geometry": {
        "BoundingBox": {
          "Width": 0.11677929013967514,
          "Height": 0.025959331542253494,
          "Left": 0.24654702842235565,
          "Top": 0.5630788207054138
        },
        "Polygon": [
          {
            "X": 0.24657995998859406,
            "Y": 0.5630788207054138
          },
          {
            "X": 0.3633263111114502,
            "Y": 0.5631036162376404
          },
          {
            "X": 0.3633178472518921,
            "Y": 0.5890381932258606
          },
          {
            "X": 0.24654702842235565,
            "Y": 0.589020848274231
          }
        ]
      },
      "Id": "6eba09cd-f51a-4353-b44a-0710cfae4cce",
      "Page": 1
    },
    {
      "BlockType": "WORD",
      "Confidence": 98.33795166015625,
      "Text": "eq",
      "TextType": "PRINTED",
      "Geometry": {
        "BoundingBox": {
          "Width": 0.014900383539497852,
          "Height": 0.02010505646467209,
          "Left": 0.36750560998916626,
          "Top": 0.568102240562439
        },
        "Polygon": [
          {
            "X": 0.367511510848999,
            "Y": 0.568102240562439
          },
          {
            "X": 0.38240599632263184,
            "Y": 0.5681052207946777
          },
          {
            "X": 0.38240253925323486,
            "Y": 0.5882073044776917
          },
          {
            "X": 0.36750560998916626,
            "Y": 0.588205099105835
          }
        ]
      },
      "Id": "2419b3bb-3b2b-41cb-9a87-561d6a4fd538",
      "Page": 1
    },
    {
      "BlockType": "WORD",
      "Confidence": 97.47399139404297,
      "Text": "f",
      "TextType": "PRINTED",
      "Geometry": {
        "BoundingBox": {
          "Width": 0.00591821875423193,
          "Height": 0.01519477553665638,
          "Left": 0.3858688771724701,
          "Top": 0.5575992465019226
        },
        "Polygon": [
          {
            "X": 0.3858710527420044,
            "Y": 0.5575992465019226
          },
          {
            "X": 0.3917870819568634,
            "Y": 0.5576005578041077
          },
          {
            "X": 0.3917856216430664,
            "Y": 0.5727940201759338
          },
          {
            "X": 0.3858688771724701,
            "Y": 0.5727928876876831
          }
        ]
      },
      "Id": "f4fe7c05-7ac8-493e-b7fd-1ba2f1e61299",
      "Page": 1
    },
    {
      "BlockType": "WORD",
      "Confidence": 47.309749603271484,
      "Text": "E",
      "TextType": "PRINTED",
      "Geometry": {
        "BoundingBox": {
          "Width": 0.014388319104909897,
          "Height": 0.02414868213236332,
          "Left": 0.4702678918838501,
          "Top": 0.5643448233604431
        },
        "Polygon": [
          {
            "X": 0.4702678918838501,
            "Y": 0.5643448233604431
          },
          {
            "X": 0.4846404492855072,
            "Y": 0.5643478035926819
          },
          {
            "X": 0.4846562147140503,
            "Y": 0.5884935259819031
          },
          {
            "X": 0.47028088569641113,
            "Y": 0.5884913206100464
          }
        ]
      },
      "Id": "1143ed39-c38a-4d35-8ef4-359d64445af6",
      "Page": 1
    },
    {
      "BlockType": "WORD",
      "Confidence": 96.67401885986328,
      "Text": "57.4",
      "TextType": "PRINTED",
      "Geometry": {
        "BoundingBox": {
          "Width": 0.02766973339021206,
          "Height": 0.02057466097176075,
          "Left": 0.5702087879180908,
          "Top": 0.5635911226272583
        },
        "Polygon": [
          {
            "X": 0.5702087879180908,
            "Y": 0.5635911226272583
          },
          {
            "X": 0.597846269607544,
            "Y": 0.5635969042778015
          },
          {
            "X": 0.5978785157203674,
            "Y": 0.5841657519340515
          },
          {
            "X": 0.5702364444732666,
            "Y": 0.5841613411903381
          }
        ]
      },
      "Id": "0571766a-6acb-4bde-b5c1-3cfdb69a38da",
      "Page": 1
    },
    {
      "BlockType": "WORD",
      "Confidence": 99.84283447265625,
      "Text": "56.0",
      "TextType": "PRINTED",
      "Geometry": {
        "BoundingBox": {
          "Width": 0.02752489410340786,
          "Height": 0.019785990938544273,
          "Left": 0.666819155216217,
          "Top": 0.5640219449996948
        },
        "Polygon": [
          {
            "X": 0.666819155216217,
            "Y": 0.5640219449996948
          },
          {
            "X": 0.6942976117134094,
            "Y": 0.5640276670455933
          },
          {
            "X": 0.6943440437316895,
            "Y": 0.5838078856468201
          },
          {
            "X": 0.6668611764907837,
            "Y": 0.5838034749031067
          }
        ]
      },
      "Id": "d8419740-e63a-43df-be68-2d743e8a8f44",
      "Page": 1
    },
    {
      "BlockType": "TABLE",
      "Confidence": 99.951171875,
      "Geometry": {
        "BoundingBox": {
          "Width": 0.5380702614784241,
          "Height": 0.19025631248950958,
          "Left": 0.23141001164913177,
          "Top": 0.4056647717952728
        },
        "Polygon": [
          {
            "X": 0.23167464137077332,
            "Y": 0.4056647717952728
          },
          {
            "X": 0.7689193487167358,
            "Y": 0.40598711371421814
          },
          {
            "X": 0.769480288028717,
            "Y": 0.5959210991859436
          },
          {
            "X": 0.23141001164913177,
            "Y": 0.5958502292633057
          }
        ]
      },
      "Id": "01bb9c9d-d296-4f15-8e4b-887a85ae30d8",
      "Relationships": [
        {
          "Type": "CHILD",
          "Ids": [
            "da245eb8-6a91-47ee-bc0c-c0bd22ba281d",
            "a5350287-355e-4b2c-8a4c-cd25b175c9a6",
            "111e6064-eada-412f-8310-536d56370919",
            "3e2ab94c-8c9b-40c6-9645-bfc2cae2c1c5",
            "33a0bf37-4c51-41cc-b34c-3e2cad4a9532",
            "fb102c2a-78d8-4538-8bd7-366cb422870c",
            "33afbc4a-5156-49a4-919b-6f53303c5e33",
            "38c5da48-108e-40d1-8a04-5f9b3431dc41",
            "771220a2-7b1b-4592-a6cb-e6d683685a14",
            "2f53aeb4-636f-44fa-a316-0cd80b1f03d9",
            "8ae9f36f-2e60-4ed5-bfbf-627c326dbce8",
            "6f32103c-2663-4e5d-8712-1bb19ed5e1b7",
            "2ca2a928-22b0-4728-b473-724edbda2952",
            "fa1afb2c-cb2c-4e52-a023-f3190c85efef",
            "95d06754-f2bd-4a17-af41-601479f8e609",
            "bca5e314-3fe3-4a94-b886-e6f563c3b580",
            "f4849792-8330-4560-b009-54541c9f1767",
            "66ccd492-df54-4142-bfed-d551e34a5572",
            "92c121ac-2df4-4026-b292-b28984bfe6f6",
            "bd4cd2a2-df44-4ee8-b0bc-b5fcce2f9629"
          ]
        },
        {
          "Type": "MERGED_CELL",
          "Ids": [
            "de1f4660-bb83-4f65-abfa-1c9dca3744c3",
            "be14b2e0-b049-455c-8249-90b645dd5a52"
          ]
        }
      ],
      "EntityTypes": [
        "STRUCTURED_TABLE"
      ],
      "Page": 1
    },
    {
      "BlockType": "CELL",
      "Confidence": 41.11328125,
      "RowIndex": 1,
      "ColumnIndex": 1,
      "RowSpan": 1,
      "ColumnSpan": 1,
      "Geometry": {
        "BoundingBox": {
          "Width": 0.20597456395626068,
          "Height": 0.04865448549389839,
          "Left": 0.2316378355026245,
          "Top": 0.40594175457954407
        },
        "Polygon": [
          {
            "X": 0.23170538246631622,
            "Y": 0.40594175457954407
          },
          {
            "X": 0.4375991225242615,
            "Y": 0.4060651361942291
          },
          {
            "X": 0.4376124143600464,
            "Y": 0.45459622144699097
          },
          {
            "X": 0.2316378355026245,
            "Y": 0.45449742674827576
          }
        ]
      },
      "Id": "da245eb8-6a91-47ee-bc0c-c0bd22ba281d",
      "Page": 1
    },
    {
      "BlockType": "CELL",
      "Confidence": 41.11328125,
      "RowIndex": 1,
      "ColumnIndex": 2,
      "RowSpan": 1,
      "ColumnSpan": 1,
      "Geometry": {
        "BoundingBox": {
          "Width": 0.09294082224369049,
          "Height": 0.04857567697763443,
          "Left": 0.4375991225242615,
          "Top": 0.4060651361942291
        },
        "Polygon": [
          {
            "X": 0.4375991225242615,
            "Y": 0.4060651361942291
          },
          {
            "X": 0.5304902195930481,
            "Y": 0.40612080693244934
          },
          {
            "X": 0.5305399298667908,
            "Y": 0.45464080572128296
          },
          {
            "X": 0.4376124143600464,
            "Y": 0.45459622144699097
          }
        ]
      },
      "Id": "a5350287-355e-4b2c-8a4c-cd25b175c9a6",
      "Page": 1
    },
    {
      "BlockType": "CELL",
      "Confidence": 83.642578125,
      "RowIndex": 1,
      "ColumnIndex": 3,
      "RowSpan": 1,
      "ColumnSpan": 1,
      "Geometry": {
        "BoundingBox": {
          "Width": 0.10291186720132828,
          "Height": 0.04884609952569008,
          "Left": 0.5304899215698242,
          "Top": 0.4058440625667572
        },
        "Polygon": [
          {
            "X": 0.5304899215698242,
            "Y": 0.4058440625667572
          },
          {
            "X": 0.6333112120628357,
            "Y": 0.40590575337409973
          },
          {
            "X": 0.6334018111228943,
            "Y": 0.454690158367157
          },
          {
            "X": 0.5305399298667908,
            "Y": 0.45464080572128296
          }
        ]
      },
      "Id": "111e6064-eada-412f-8310-536d56370919",
      "Relationships": [
        {
          "Type": "CHILD",
          "Ids": [
            "79e4465d-1f44-450f-95ff-4183cedadb0a"
          ]
        }
      ],
      "EntityTypes": [
        "COLUMN_HEADER"
      ],
      "Page": 1
    },
    {
      "BlockType": "CELL",
      "Confidence": 91.455078125,
      "RowIndex": 1,
      "ColumnIndex": 4,
      "RowSpan": 1,
      "ColumnSpan": 1,
      "Geometry": {
        "BoundingBox": {
          "Width": 0.13575217127799988,
          "Height": 0.04884948953986168,
          "Left": 0.6333112120628357,
          "Top": 0.40590575337409973
        },
        "Polygon": [
          {
            "X": 0.6333112120628357,
            "Y": 0.40590575337409973
          },
          {
            "X": 0.7689193487167358,
            "Y": 0.40598711371421814
          },
          {
            "X": 0.769063413143158,
            "Y": 0.4547552466392517
          },
          {
            "X": 0.6334018111228943,
            "Y": 0.454690158367157
          }
        ]
      },
      "Id": "3e2ab94c-8c9b-40c6-9645-bfc2cae2c1c5",
      "Relationships": [
        {
          "Type": "CHILD",
          "Ids": [
            "ecacfead-2294-469a-b7a0-7b80f65e2c1d"
          ]
        }
      ],
      "EntityTypes": [
        "COLUMN_HEADER"
      ],
      "Page": 1
    },
    {
      "BlockType": "CELL",
      "Confidence": 40.2587890625,
      "RowIndex": 2,
      "ColumnIndex": 1,
      "RowSpan": 1,
      "ColumnSpan": 1,
      "Geometry": {
        "BoundingBox": {
          "Width": 0.20604422688484192,
          "Height": 0.0419200137257576,
          "Left": 0.23157963156700134,
          "Top": 0.45449742674827576
        },
        "Polygon": [
          {
            "X": 0.2316378355026245,
            "Y": 0.45449742674827576
          },
          {
            "X": 0.4376124143600464,
            "Y": 0.45459622144699097
          },
          {
            "X": 0.43762385845184326,
            "Y": 0.49641743302345276
          },
          {
            "X": 0.23157963156700134,
            "Y": 0.4963398277759552
          }
        ]
      },
      "Id": "33a0bf37-4c51-41cc-b34c-3e2cad4a9532",
      "Relationships": [
        {
          "Type": "CHILD",
          "Ids": [
            "94cd3ca7-6080-4008-868c-cd59e225d43f",
            "772b2ee0-9662-44d5-b2a9-c00e485e4be7",
            "0fb977cb-bb1e-4f8a-963e-bed7c0134b63",
            "6d4dac7a-c25f-4259-b140-15fd61974a90"
          ]
        }
      ],
      "Page": 1
    },
    {
      "BlockType": "CELL",
      "Confidence": 42.626953125,
      "RowIndex": 2,
      "ColumnIndex": 2,
      "RowSpan": 1,
      "ColumnSpan": 1,
      "Geometry": {
        "BoundingBox": {
          "Width": 0.09297039359807968,
          "Height": 0.04185621812939644,
          "Left": 0.4376124143600464,
          "Top": 0.45459622144699097
        },
        "Polygon": [
          {
            "X": 0.4376124143600464,
            "Y": 0.45459622144699097
          },
          {
            "X": 0.5305399298667908,
            "Y": 0.45464080572128296
          },
          {
            "X": 0.5305827856063843,
            "Y": 0.4964524507522583
          },
          {
            "X": 0.43762385845184326,
            "Y": 0.49641743302345276
          }
        ]
      },
      "Id": "fb102c2a-78d8-4538-8bd7-366cb422870c",
      "Relationships": [
        {
          "Type": "CHILD",
          "Ids": [
            "cf92b929-194a-43a9-a1c0-ede8536b22f6",
            "1dfbbdb7-b67c-4b45-a5df-770675ca8685"
          ]
        }
      ],
      "Page": 1
    },
    {
      "BlockType": "CELL",
      "Confidence": 62.890625,
      "RowIndex": 2,
      "ColumnIndex": 3,
      "RowSpan": 1,
      "ColumnSpan": 1,
      "Geometry": {
        "BoundingBox": {
          "Width": 0.10293944925069809,
          "Height": 0.04185039922595024,
          "Left": 0.5305399298667908,
          "Top": 0.45464080572128296
        },
        "Polygon": [
          {
            "X": 0.5305399298667908,
            "Y": 0.45464080572128296
          },
          {
            "X": 0.6334018111228943,
            "Y": 0.454690158367157
          },
          {
            "X": 0.6334794163703918,
            "Y": 0.4964912235736847
          },
          {
            "X": 0.5305827856063843,
            "Y": 0.4964524507522583
          }
        ]
      },
      "Id": "33afbc4a-5156-49a4-919b-6f53303c5e33",
      "Relationships": [
        {
          "Type": "CHILD",
          "Ids": [
            "59d565fc-bd3b-4ae8-9015-1fdf30aad72a"
          ]
        }
      ],
      "Page": 1
    },
    {
      "BlockType": "CELL",
      "Confidence": 68.798828125,
      "RowIndex": 2,
      "ColumnIndex": 4,
      "RowSpan": 1,
      "ColumnSpan": 1,
      "Geometry": {
        "BoundingBox": {
          "Width": 0.13578499853610992,
          "Height": 0.04185217618942261,
          "Left": 0.6334018111228943,
          "Top": 0.454690158367157
        },
        "Polygon": [
          {
            "X": 0.6334018111228943,
            "Y": 0.454690158367157
          },
          {
            "X": 0.769063413143158,
            "Y": 0.4547552466392517
          },
          {
            "X": 0.769186794757843,
            "Y": 0.4965423345565796
          },
          {
            "X": 0.6334794163703918,
            "Y": 0.4964912235736847
          }
        ]
      },
      "Id": "38c5da48-108e-40d1-8a04-5f9b3431dc41",
      "Relationships": [
        {
          "Type": "CHILD",
          "Ids": [
            "0797bad9-a982-4166-9f6a-b3f03bfd73aa"
          ]
        }
      ],
      "Page": 1
    },
    {
      "BlockType": "CELL",
      "Confidence": 40.2587890625,
      "RowIndex": 3,
      "ColumnIndex": 1,
      "RowSpan": 1,
      "ColumnSpan": 1,
      "Geometry": {
        "BoundingBox": {
          "Width": 0.2060936987400055,
          "Height": 0.029774336144328117,
          "Left": 0.2315382957458496,
          "Top": 0.4963398277759552
        },
        "Polygon": [
          {
            "X": 0.23157963156700134,
            "Y": 0.4963398277759552
          },
          {
            "X": 0.43762385845184326,
            "Y": 0.49641743302345276
          },
          {
            "X": 0.4376319944858551,
            "Y": 0.5261141657829285
          },
          {
            "X": 0.2315382957458496,
            "Y": 0.5260515809059143
          }
        ]
      },
      "Id": "771220a2-7b1b-4592-a6cb-e6d683685a14",
      "Page": 1
    },
    {
      "BlockType": "CELL",
      "Confidence": 41.2841796875,
      "RowIndex": 3,
      "ColumnIndex": 2,
      "RowSpan": 1,
      "ColumnSpan": 1,
      "Geometry": {
        "BoundingBox": {
          "Width": 0.09298937022686005,
          "Height": 0.02972494438290596,
          "Left": 0.43762385845184326,
          "Top": 0.49641743302345276
        },
        "Polygon": [
          {
            "X": 0.43762385845184326,
            "Y": 0.49641743302345276
          },
          {
            "X": 0.5305827856063843,
            "Y": 0.4964524507522583
          },
          {
            "X": 0.5306132435798645,
            "Y": 0.5261423587799072
          },
          {
            "X": 0.4376319944858551,
            "Y": 0.5261141657829285
          }
        ]
      },
      "Id": "2f53aeb4-636f-44fa-a316-0cd80b1f03d9",
      "Relationships": [
        {
          "Type": "CHILD",
          "Ids": [
            "5adf3395-f648-43a2-b1cf-efa2d52d7517",
            "27b79117-ba99-42a6-9f01-f806b19609a8"
          ]
        }
      ],
      "Page": 1
    },
    {
      "BlockType": "CELL",
      "Confidence": 60.9375,
      "RowIndex": 3,
      "ColumnIndex": 3,
      "RowSpan": 1,
      "ColumnSpan": 1,
      "Geometry": {
        "BoundingBox": {
          "Width": 0.10295169800519943,
          "Height": 0.02972116693854332,
          "Left": 0.5305827856063843,
          "Top": 0.4964524507522583
        },
        "Polygon": [
          {
            "X": 0.5305827856063843,
            "Y": 0.4964524507522583
          },
          {
            "X": 0.6334794163703918,
            "Y": 0.4964912235736847
          },
          {
            "X": 0.6335344910621643,
            "Y": 0.5261735916137695
          },
          {
            "X": 0.5306132435798645,
            "Y": 0.5261423587799072
          }
        ]
      },
      "Id": "8ae9f36f-2e60-4ed5-bfbf-627c326dbce8",
      "Relationships": [
        {
          "Type": "CHILD",
          "Ids": [
            "6e465362-a54b-492a-a144-73ca083e4e0d"
          ]
        }
      ],
      "Page": 1
    },
    {
      "BlockType": "CELL",
      "Confidence": 66.650390625,
      "RowIndex": 3,
      "ColumnIndex": 4,
      "RowSpan": 1,
      "ColumnSpan": 1,
      "Geometry": {
        "BoundingBox": {
          "Width": 0.13579502701759338,
          "Height": 0.02972360886633396,
          "Left": 0.6334794163703918,
          "Top": 0.4964912235736847
        },
        "Polygon": [
          {
            "X": 0.6334794163703918,
            "Y": 0.4964912235736847
          },
          {
            "X": 0.769186794757843,
            "Y": 0.4965423345565796
          },
          {
            "X": 0.7692744135856628,
            "Y": 0.5262148380279541
          },
          {
            "X": 0.6335344910621643,
            "Y": 0.5261735916137695
          }
        ]
      },
      "Id": "6f32103c-2663-4e5d-8712-1bb19ed5e1b7",
      "Relationships": [
        {
          "Type": "CHILD",
          "Ids": [
            "47eafb31-90b2-469d-8b74-2106db79e39d"
          ]
        }
      ],
      "Page": 1
    },
    {
      "BlockType": "CELL",
      "Confidence": 40.2587890625,
      "RowIndex": 4,
      "ColumnIndex": 1,
      "RowSpan": 1,
      "ColumnSpan": 1,
      "Geometry": {
        "BoundingBox": {
          "Width": 0.2061476856470108,
          "Height": 0.03247524052858353,
          "Left": 0.23149317502975464,
          "Top": 0.5260515809059143
        },
        "Polygon": [
          {
            "X": 0.2315382957458496,
            "Y": 0.5260515809059143
          },
          {
            "X": 0.4376319944858551,
            "Y": 0.5261141657829285
          },
          {
            "X": 0.43764084577560425,
            "Y": 0.5585268139839172
          },
          {
            "X": 0.23149317502975464,
            "Y": 0.5584807395935059
          }
        ]
      },
      "Id": "2ca2a928-22b0-4728-b473-724edbda2952",
      "Page": 1
    },
    {
      "BlockType": "CELL",
      "Confidence": 41.3818359375,
      "RowIndex": 4,
      "ColumnIndex": 2,
      "RowSpan": 1,
      "ColumnSpan": 1,
      "Geometry": {
        "BoundingBox": {
          "Width": 0.09301445633172989,
          "Height": 0.032433487474918365,
          "Left": 0.4376319944858551,
          "Top": 0.5261141657829285
        },
        "Polygon": [
          {
            "X": 0.4376319944858551,
            "Y": 0.5261141657829285
          },
          {
            "X": 0.5306132435798645,
            "Y": 0.5261423587799072
          },
          {
            "X": 0.5306464433670044,
            "Y": 0.5585476160049438
          },
          {
            "X": 0.43764084577560425,
            "Y": 0.5585268139839172
          }
        ]
      },
      "Id": "fa1afb2c-cb2c-4e52-a023-f3190c85efef",
      "Relationships": [
        {
          "Type": "CHILD",
          "Ids": [
            "0756a262-8b4d-4274-a773-8908067332b9"
          ]
        }
      ],
      "Page": 1
    },
    {
      "BlockType": "CELL",
      "Confidence": 61.083984375,
      "RowIndex": 4,
      "ColumnIndex": 3,
      "RowSpan": 1,
      "ColumnSpan": 1,
      "Geometry": {
        "BoundingBox": {
          "Width": 0.10298141092061996,
          "Height": 0.03242829069495201,
          "Left": 0.5306132435798645,
          "Top": 0.5261423587799072
        },
        "Polygon": [
          {
            "X": 0.5306132435798645,
            "Y": 0.5261423587799072
          },
          {
            "X": 0.6335344910621643,
            "Y": 0.5261735916137695
          },
          {
            "X": 0.6335946321487427,
            "Y": 0.5585706830024719
          },
          {
            "X": 0.5306464433670044,
            "Y": 0.5585476160049438
          }
        ]
      },
      "Id": "95d06754-f2bd-4a17-af41-601479f8e609",
      "Relationships": [
        {
          "Type": "CHILD",
          "Ids": [
            "25c09fe7-a99c-4583-9fa8-e89be3909d2a"
          ]
        }
      ],
      "Page": 1
    },
    {
      "BlockType": "CELL",
      "Confidence": 66.796875,
      "RowIndex": 4,
      "ColumnIndex": 4,
      "RowSpan": 1,
      "ColumnSpan": 1,
      "Geometry": {
        "BoundingBox": {
          "Width": 0.13583555817604065,
          "Height": 0.03242742270231247,
          "Left": 0.6335344910621643,
          "Top": 0.5261735916137695
        },
        "Polygon": [
          {
            "X": 0.6335344910621643,
            "Y": 0.5261735916137695
          },
          {
            "X": 0.7692744135856628,
            "Y": 0.5262148380279541
          },
          {
            "X": 0.7693700790405273,
            "Y": 0.5586010217666626
          },
          {
            "X": 0.6335946321487427,
            "Y": 0.5585706830024719
          }
        ]
      },
      "Id": "bca5e314-3fe3-4a94-b886-e6f563c3b580",
      "Relationships": [
        {
          "Type": "CHILD",
          "Ids": [
            "516462c7-fe77-414d-9b13-dd7ba0938083"
          ]
        }
      ],
      "Page": 1
    },
    {
      "BlockType": "CELL",
      "Confidence": 59.765625,
      "RowIndex": 5,
      "ColumnIndex": 1,
      "RowSpan": 1,
      "ColumnSpan": 1,
      "Geometry": {
        "BoundingBox": {
          "Width": 0.20624107122421265,
          "Height": 0.037396691739559174,
          "Left": 0.23141001164913177,
          "Top": 0.5584807395935059
        },
        "Polygon": [
          {
            "X": 0.2314620167016983,
            "Y": 0.5584807395935059
          },
          {
            "X": 0.43764084577560425,
            "Y": 0.5585268139839172
          },
          {
            "X": 0.4376510977745056,
            "Y": 0.5958774089813232
          },
          {
            "X": 0.23141001164913177,
            "Y": 0.5958502292633057
          }
        ]
      },
      "Id": "f4849792-8330-4560-b009-54541c9f1767",
      "Relationships": [
        {
          "Type": "CHILD",
          "Ids": [
            "6eba09cd-f51a-4353-b44a-0710cfae4cce",
            "2419b3bb-3b2b-41cb-9a87-561d6a4fd538",
            "f4fe7c05-7ac8-493e-b7fd-1ba2f1e61299"
          ]
        }
      ],
      "Page": 1
    },
    {
      "BlockType": "CELL",
      "Confidence": 53.857421875,
      "RowIndex": 5,
      "ColumnIndex": 2,
      "RowSpan": 1,
      "ColumnSpan": 1,
      "Geometry": {
        "BoundingBox": {
          "Width": 0.09304385632276535,
          "Height": 0.03736282140016556,
          "Left": 0.43764084577560425,
          "Top": 0.5585268139839172
        },
        "Polygon": [
          {
            "X": 0.43764084577560425,
            "Y": 0.5585268139839172
          },
          {
            "X": 0.5306464433670044,
            "Y": 0.5585476160049438
          },
          {
            "X": 0.5306847095489502,
            "Y": 0.5958896279335022
          },
          {
            "X": 0.4376510977745056,
            "Y": 0.5958774089813232
          }
        ]
      },
      "Id": "66ccd492-df54-4142-bfed-d551e34a5572",
      "Relationships": [
        {
          "Type": "CHILD",
          "Ids": [
            "1143ed39-c38a-4d35-8ef4-359d64445af6"
          ]
        }
      ],
      "Page": 1
    },
    {
      "BlockType": "CELL",
      "Confidence": 79.4921875,
      "RowIndex": 5,
      "ColumnIndex": 3,
      "RowSpan": 1,
      "ColumnSpan": 1,
      "Geometry": {
        "BoundingBox": {
          "Width": 0.10301750153303146,
          "Height": 0.03735557571053505,
          "Left": 0.5306464433670044,
          "Top": 0.5585476160049438
        },
        "Polygon": [
          {
            "X": 0.5306464433670044,
            "Y": 0.5585476160049438
          },
          {
            "X": 0.6335946321487427,
            "Y": 0.5585706830024719
          },
          {
            "X": 0.6336639523506165,
            "Y": 0.595903217792511
          },
          {
            "X": 0.5306847095489502,
            "Y": 0.5958896279335022
          }
        ]
      },
      "Id": "92c121ac-2df4-4026-b292-b28984bfe6f6",
      "Relationships": [
        {
          "Type": "CHILD",
          "Ids": [
            "0571766a-6acb-4bde-b5c1-3cfdb69a38da"
          ]
        }
      ],
      "Page": 1
    },
    {
      "BlockType": "CELL",
      "Confidence": 86.9140625,
      "RowIndex": 5,
      "ColumnIndex": 4,
      "RowSpan": 1,
      "ColumnSpan": 1,
      "Geometry": {
        "BoundingBox": {
          "Width": 0.13588562607765198,
          "Height": 0.037350431084632874,
          "Left": 0.6335946321487427,
          "Top": 0.5585706830024719
        },
        "Polygon": [
          {
            "X": 0.6335946321487427,
            "Y": 0.5585706830024719
          },
          {
            "X": 0.7693700790405273,
            "Y": 0.5586010217666626
          },
          {
            "X": 0.769480288028717,
            "Y": 0.5959210991859436
          },
          {
            "X": 0.6336639523506165,
            "Y": 0.595903217792511
          }
        ]
      },
      "Id": "bd4cd2a2-df44-4ee8-b0bc-b5fcce2f9629",
      "Relationships": [
        {
          "Type": "CHILD",
          "Ids": [
            "d8419740-e63a-43df-be68-2d743e8a8f44"
          ]
        }
      ],
      "Page": 1
    },
    {
      "BlockType": "MERGED_CELL",
      "Confidence": 41.11328125,
      "RowIndex": 1,
      "ColumnIndex": 1,
      "RowSpan": 1,
      "ColumnSpan": 2,
      "Geometry": {
        "BoundingBox": {
          "Width": 0.2989332377910614,
          "Height": 0.04897603020071983,
          "Left": 0.23160669207572937,
          "Top": 0.4056647717952728
        },
        "Polygon": [
          {
            "X": 0.23167464137077332,
            "Y": 0.4056647717952728
          },
          {
            "X": 0.5304899215698242,
            "Y": 0.4058440625667572
          },
          {
            "X": 0.5305399298667908,
            "Y": 0.45464080572128296
          },
          {
            "X": 0.23160669207572937,
            "Y": 0.45449739694595337
          }
        ]
      },
      "Id": "de1f4660-bb83-4f65-abfa-1c9dca3744c3",
      "Relationships": [
        {
          "Type": "CHILD",
          "Ids": [
            "da245eb8-6a91-47ee-bc0c-c0bd22ba281d",
            "a5350287-355e-4b2c-8a4c-cd25b175c9a6"
          ]
        }
      ],
      "Page": 1
    },
    {
      "BlockType": "MERGED_CELL",
      "Confidence": 40.2587890625,
      "RowIndex": 2,
      "ColumnIndex": 1,
      "RowSpan": 3,
      "ColumnSpan": 1,
      "Geometry": {
        "BoundingBox": {
          "Width": 0.20617884397506714,
          "Height": 0.10402943193912506,
          "Left": 0.2314620167016983,
          "Top": 0.45449739694595337
        },
        "Polygon": [
          {
            "X": 0.23160669207572937,
            "Y": 0.45449739694595337
          },
          {
            "X": 0.4376124143600464,
            "Y": 0.45459622144699097
          },
          {
            "X": 0.43764084577560425,
            "Y": 0.5585268139839172
          },
          {
            "X": 0.2314620167016983,
            "Y": 0.5584807395935059
          }
        ]
      },
      "Id": "be14b2e0-b049-455c-8249-90b645dd5a52",
      "Relationships": [
        {
          "Type": "CHILD",
          "Ids": [
            "33a0bf37-4c51-41cc-b34c-3e2cad4a9532",
            "771220a2-7b1b-4592-a6cb-e6d683685a14",
            "2ca2a928-22b0-4728-b473-724edbda2952"
          ]
        }
      ],
      "Page": 1
    }
  ],
  "AnalyzeDocumentModelVersion": "1.0"
}