{
  "DocumentMetadata": {
    "Pages": 1
  },
  "JobStatus": "SUCCEEDED",
  "Blocks": [
    {
      "BlockType": "PAGE",
      "Geometry": {
        "BoundingBox": {
          "Width": 1,
          "Height": 1,
          "Left": 0,
          "Top": 0
        },
        "Polygon": [
          {
            "X": 0,
            "Y": 0
          },
          {
            "X": 1,
            "Y": 0.000008617333151050843
          },
          {
            "X": 1,
            "Y": 1
          },
          {
            "X": 0.00002236316322523635,
            "Y": 1
          }
        ]
      },
      "Id": "011e41cb-6647-4279-8504-dd0efd39b4f2",
      "Relationships": [
        {
          "Type": "CHILD",
          "Ids": [
            "34997221-e2e9-4236-a1fc-afd2b0003c8b",
            "50948f0d-3137-47dc-8588-370adec6dee7",
            "3af0b189-3055-4d8a-b2c9-491939e7ce4d",
            "f825dede-1a62-49ee-9fea-9c5154f83250",
            "df94ca6d-459b-4a8a-a7e8-1b68c6b154a8",
            "ba9da6f3-7820-4561-8635-35de8f6724f7",
            "cbec8fdb-41be-4406-9044-416d8090eccf",
            "d155139b-471c-406f-b0c2-a8b95383e425",
            "f055cf75-2830-4cce-b5c7-878a3d52ff7c",
            "f2c52397-379c-4551-a842-28096fcbe58c",
            "16736b48-35e8-4481-82cb-9b3244e10147",
            "c72df4a2-99bc-4971-8880-6e646dd3dbeb",
            "fe60f345-fa45-4671-83b3-a26d20bb2625",
            "b306c6de-1101-4e41-981d-a149ce854ded",
            "a6fe7b23-3fb3-4f93-9259-e42d96dc16ed",
            "7be0b941-d027-49de-805c-a33314c41738",
            "a41702de-3e8e-4037-909e-ec7c70c1303b",
            "02492d2e-0527-466b-9727-44372b114178",
            "d24b9395-c5f8-40e6-9bed-b1957d8d5810",
            "b3b238f2-6c09-431a-a6d2-037828d957f7",
            "29c7ffb3-c7e2-40bc-b2d9-a57b8291db8b",
            "a200485b-77cc-4683-8c55-8e620604b19e",
            "7f46d97d-c090-41f1-acc8-da31a2f78fcf",
            "5d5035c2-00ef-4e44-b37e-c8fc9718ffd3",
            "7d9c718a-688e-4713-9446-4e26d8e4960e"
          ]
        }
      ],
      "Page": 1
    },
    {
      "BlockType": "LINE",
      "Confidence": 99.91728210449219,
      "Text": "Samples",
      "Geometry": {
        "BoundingBox": {
          "Width": 0.05330329015851021,
          "Height": 0.024244066327810287,
          "Left": 0.24936357140541077,
          "Top": 0.403193861246109
        },
        "Polygon": [
          {
            "X": 0.24936357140541077,
            "Y": 0.403193861246109
          },
          {
            "X": 0.3026184141635895,
            "Y": 0.40319448709487915
          },
          {
            "X": 0.3026668429374695,
            "Y": 0.4274284243583679
          },
          {
            "X": 0.24941930174827576,
            "Y": 0.4274379014968872
          }
        ]
      },
      "Id": "34997221-e2e9-4236-a1fc-afd2b0003c8b",
      "Relationships": [
        {
          "Type": "CHILD",
          "Ids": [
            "7771278e-3f6c-4827-8bfc-78212909e730"
          ]
        }
      ],
      "Page": 1
    },
    {
      "BlockType": "LINE",
      "Confidence": 71.70147705078125,
      "Text": "Td,5% (°C)",
      "Geometry": {
        "BoundingBox": {
          "Width": 0.05850572511553764,
          "Height": 0.025413639843463898,
          "Left": 0.37174203991889954,
          "Top": 0.4029073119163513
        },
        "Polygon": [
          {
            "X": 0.37174203991889954,
            "Y": 0.4029073119163513
          },
          {
            "X": 0.4302152693271637,
            "Y": 0.4029081463813782
          },
          {
            "X": 0.4302477538585663,
            "Y": 0.4283100962638855
          },
          {
            "X": 0.37178292870521545,
            "Y": 0.4283209443092346
          }
        ]
      },
      "Id": "50948f0d-3137-47dc-8588-370adec6dee7",
      "Relationships": [
        {
          "Type": "CHILD",
          "Ids": [
            "b8ca5e45-f283-4cd5-b0db-2cf7a1658df8",
            "cd3a3c8f-aee0-4ac6-81d7-e363d9b3dbaa"
          ]
        }
      ],
      "Page": 1
    },
    {
      "BlockType": "LINE",
      "Confidence": 78.23937225341797,
      "Text": "Tmax (C)",
      "Geometry": {
        "BoundingBox": {
          "Width": 0.05820672586560249,
          "Height": 0.024180594831705093,
          "Left": 0.4800659716129303,
          "Top": 0.4030573070049286
        },
        "Polygon": [
          {
            "X": 0.4800659716129303,
            "Y": 0.4030573070049286
          },
          {
            "X": 0.5382565259933472,
            "Y": 0.4030580520629883
          },
          {
            "X": 0.5382726788520813,
            "Y": 0.42722758650779724
          },
          {
            "X": 0.48009011149406433,
            "Y": 0.4272378981113434
          }
        ]
      },
      "Id": "3af0b189-3055-4d8a-b2c9-491939e7ce4d",
      "Relationships": [
        {
          "Type": "CHILD",
          "Ids": [
            "baf5b9d5-0d78-45f1-a0a0-7540910dbf77",
            "ea638686-caa0-4664-9c1c-a2c68e3c880b"
          ]
        }
      ],
      "Page": 1
    },
    {
      "BlockType": "LINE",
      "Confidence": 96.62444305419922,
      "Text": "Residuals at 700 °C (wt.%)",
      "Geometry": {
        "BoundingBox": {
          "Width": 0.16688799858093262,
          "Height": 0.024236483499407768,
          "Left": 0.5888916850090027,
          "Top": 0.402931272983551
        },
        "Polygon": [
          {
            "X": 0.5888916850090027,
            "Y": 0.402931272983551
          },
          {
            "X": 0.7557796835899353,
            "Y": 0.40293362736701965
          },
          {
            "X": 0.7557662129402161,
            "Y": 0.4271382689476013
          },
          {
            "X": 0.5889009833335876,
            "Y": 0.42716777324676514
          }
        ]
      },
      "Id": "f825dede-1a62-49ee-9fea-9c5154f83250",
      "Relationships": [
        {
          "Type": "CHILD",
          "Ids": [
            "56366a01-7f7b-49e3-b50c-bb27caad1c1d",
            "fed17301-b278-4200-b7a3-b1129553bd9a",
            "4dd9de47-5465-4671-bf07-2442bc247054",
            "bc502e4c-73f2-46d1-b02e-83d789e9674d",
            "53df4872-3a74-42ac-8001-9c96cfcb39f6"
          ]
        }
      ],
      "Page": 1
    },
    {
      "BlockType": "LINE",
      "Confidence": 99.80796813964844,
      "Text": "Neat EP",
      "Geometry": {
        "BoundingBox": {
          "Width": 0.049638185650110245,
          "Height": 0.018713491037487984,
          "Left": 0.24964645504951477,
          "Top": 0.45160970091819763
        },
        "Polygon": [
          {
            "X": 0.24964645504951477,
            "Y": 0.4516279697418213
          },
          {
            "X": 0.2992469370365143,
            "Y": 0.45160970091819763
          },
          {
            "X": 0.2992846369743347,
            "Y": 0.4702976644039154
          },
          {
            "X": 0.24968941509723663,
            "Y": 0.47032320499420166
          }
        ]
      },
      "Id": "df94ca6d-459b-4a8a-a7e8-1b68c6b154a8",
      "Relationships": [
        {
          "Type": "CHILD",
          "Ids": [
            "2bca6ed4-b672-4a08-aadc-89e4a71cdc94",
            "3f66c14d-60d7-4363-8d72-a703bc8807da"
          ]
        }
      ],
      "Page": 1
    },
    {
      "BlockType": "LINE",
      "Confidence": 99.8847885131836,
      "Text": "361",
      "Geometry": {
        "BoundingBox": {
          "Width": 0.02218572236597538,
          "Height": 0.019009122624993324,
          "Left": 0.37280067801475525,
          "Top": 0.45157086849212646
        },
        "Polygon": [
          {
            "X": 0.37280067801475525,
            "Y": 0.4515790343284607
          },
          {
            "X": 0.3949583172798157,
            "Y": 0.45157086849212646
          },
          {
            "X": 0.3949863910675049,
            "Y": 0.47056853771209717
          },
          {
            "X": 0.3728311359882355,
            "Y": 0.47057998180389404
          }
        ]
      },
      "Id": "ba9da6f3-7820-4561-8635-35de8f6724f7",
      "Relationships": [
        {
          "Type": "CHILD",
          "Ids": [
            "ea400338-ea19-461d-87b6-74af2bd0c490"
          ]
        }
      ],
      "Page": 1
    },
    {
      "BlockType": "LINE",
      "Confidence": 99.84181213378906,
      "Text": "376",
      "Geometry": {
        "BoundingBox": {
          "Width": 0.023539384827017784,
          "Height": 0.019104788079857826,
          "Left": 0.4813181161880493,
          "Top": 0.45145079493522644
        },
        "Polygon": [
          {
            "X": 0.4813181161880493,
            "Y": 0.45145943760871887
          },
          {
            "X": 0.5048410892486572,
            "Y": 0.45145079493522644
          },
          {
            "X": 0.5048574805259705,
            "Y": 0.47054341435432434
          },
          {
            "X": 0.4813370406627655,
            "Y": 0.4705555737018585
          }
        ]
      },
      "Id": "cbec8fdb-41be-4406-9044-416d8090eccf",
      "Relationships": [
        {
          "Type": "CHILD",
          "Ids": [
            "e0f0dd8c-0fa0-49cf-b5b5-93e7f70df6b1"
          ]
        }
      ],
      "Page": 1
    },
    {
      "BlockType": "LINE",
      "Confidence": 90.3316650390625,
      "Text": "14.1",
      "Geometry": {
        "BoundingBox": {
          "Width": 0.024582671001553535,
          "Height": 0.019257867708802223,
          "Left": 0.5898215174674988,
          "Top": 0.4513453543186188
        },
        "Polygon": [
          {
            "X": 0.5898215174674988,
            "Y": 0.45135438442230225
          },
          {
            "X": 0.6143995523452759,
            "Y": 0.4513453543186188
          },
          {
            "X": 0.6144041419029236,
            "Y": 0.4705904722213745
          },
          {
            "X": 0.5898287892341614,
            "Y": 0.47060322761535645
          }
        ]
      },
      "Id": "d155139b-471c-406f-b0c2-a8b95383e425",
      "Relationships": [
        {
          "Type": "CHILD",
          "Ids": [
            "4d0482af-f4ee-498c-8737-3150b414fe4c"
          ]
        }
      ],
      "Page": 1
    },
    {
      "BlockType": "LINE",
      "Confidence": 99.52671813964844,
      "Text": "2%APHP/EP",
      "Geometry": {
        "BoundingBox": {
          "Width": 0.07278997451066971,
          "Height": 0.02330891042947769,
          "Left": 0.24934974312782288,
          "Top": 0.4809139370918274
        },
        "Polygon": [
          {
            "X": 0.24934974312782288,
            "Y": 0.4809574782848358
          },
          {
            "X": 0.3220957815647125,
            "Y": 0.4809139370918274
          },
          {
            "X": 0.322139710187912,
            "Y": 0.5041660070419312
          },
          {
            "X": 0.24940325319766998,
            "Y": 0.5042228698730469
          }
        ]
      },
      "Id": "f055cf75-2830-4cce-b5c7-878a3d52ff7c",
      "Relationships": [
        {
          "Type": "CHILD",
          "Ids": [
            "065a737e-82c5-430c-855d-206d7166ea65"
          ]
        }
      ],
      "Page": 1
    },
    {
      "BlockType": "LINE",
      "Confidence": 99.90180969238281,
      "Text": "362",
      "Geometry": {
        "BoundingBox": {
          "Width": 0.02366376295685768,
          "Height": 0.018787717446684837,
          "Left": 0.37281957268714905,
          "Top": 0.4814426302909851
        },
        "Polygon": [
          {
            "X": 0.37281957268714905,
            "Y": 0.4814568758010864
          },
          {
            "X": 0.3964557647705078,
            "Y": 0.4814426302909851
          },
          {
            "X": 0.3964833617210388,
            "Y": 0.5002126097679138
          },
          {
            "X": 0.372849702835083,
            "Y": 0.5002303719520569
          }
        ]
      },
      "Id": "f2c52397-379c-4551-a842-28096fcbe58c",
      "Relationships": [
        {
          "Type": "CHILD",
          "Ids": [
            "0832d061-e82e-4ffd-a8da-74cb9c33e28e"
          ]
        }
      ],
      "Page": 1
    },
    {
      "BlockType": "LINE",
      "Confidence": 99.82170104980469,
      "Text": "376",
      "Geometry": {
        "BoundingBox": {
          "Width": 0.023565491661429405,
          "Height": 0.01882210746407509,
          "Left": 0.4812704622745514,
          "Top": 0.4812540113925934
        },
        "Polygon": [
          {
            "X": 0.4812704622745514,
            "Y": 0.48126816749572754
          },
          {
            "X": 0.5048198103904724,
            "Y": 0.4812540113925934
          },
          {
            "X": 0.5048359632492065,
            "Y": 0.5000584721565247
          },
          {
            "X": 0.4812891185283661,
            "Y": 0.5000761151313782
          }
        ]
      },
      "Id": "16736b48-35e8-4481-82cb-9b3244e10147",
      "Relationships": [
        {
          "Type": "CHILD",
          "Ids": [
            "53c18705-a5eb-445e-ab13-e1a5042d776f"
          ]
        }
      ],
      "Page": 1
    },
    {
      "BlockType": "LINE",
      "Confidence": 87.70528411865234,
      "Text": "18.1",
      "Geometry": {
        "BoundingBox": {
          "Width": 0.024330342188477516,
          "Height": 0.018835194408893585,
          "Left": 0.589958667755127,
          "Top": 0.481308251619339
        },
        "Polygon": [
          {
            "X": 0.589958667755127,
            "Y": 0.48132291436195374
          },
          {
            "X": 0.6142845153808594,
            "Y": 0.481308251619339
          },
          {
            "X": 0.6142890453338623,
            "Y": 0.5001251697540283
          },
          {
            "X": 0.5899658203125,
            "Y": 0.5001434087753296
          }
        ]
      },
      "Id": "c72df4a2-99bc-4971-8880-6e646dd3dbeb",
      "Relationships": [
        {
          "Type": "CHILD",
          "Ids": [
            "4ac11996-aa5b-4533-86e2-90ef7307a011"
          ]
        }
      ],
      "Page": 1
    },
    {
      "BlockType": "LINE",
      "Confidence": 98.94054412841797,
      "Text": "4%APHP/EP",
      "Geometry": {
        "BoundingBox": {
          "Width": 0.071309395134449,
          "Height": 0.023837383836507797,
          "Left": 0.2500910460948944,
          "Top": 0.5115675926208496
        },
        "Polygon": [
          {
            "X": 0.2500910460948944,
            "Y": 0.5116274356842041
          },
          {
            "X": 0.3213554322719574,
            "Y": 0.5115675926208496
          },
          {
            "X": 0.3214004337787628,
            "Y": 0.5353319048881531
          },
          {
            "X": 0.25014564394950867,
            "Y": 0.5354049801826477
          }
        ]
      },
      "Id": "fe60f345-fa45-4671-83b3-a26d20bb2625",
      "Relationships": [
        {
          "Type": "CHILD",
          "Ids": [
            "d5744058-d849-4dec-ba12-93f595a1c33f"
          ]
        }
      ],
      "Page": 1
    },
    {
      "BlockType": "LINE",
      "Confidence": 99.90699005126953,
      "Text": "361",
      "Geometry": {
        "BoundingBox": {
          "Width": 0.022266095504164696,
          "Height": 0.018746772781014442,
          "Left": 0.3728199601173401,
          "Top": 0.5124613642692566
        },
        "Polygon": [
          {
            "X": 0.3728199601173401,
            "Y": 0.5124801993370056
          },
          {
            "X": 0.39505836367607117,
            "Y": 0.5124613642692566
          },
          {
            "X": 0.39508605003356934,
            "Y": 0.531186044216156
          },
          {
            "X": 0.3728500008583069,
            "Y": 0.5312081575393677
          }
        ]
      },
      "Id": "b306c6de-1101-4e41-981d-a149ce854ded",
      "Relationships": [
        {
          "Type": "CHILD",
          "Ids": [
            "4518dfff-3f96-44ac-9c13-1d5899a093b6"
          ]
        }
      ],
      "Page": 1
    },
    {
      "BlockType": "LINE",
      "Confidence": 99.89263153076172,
      "Text": "375",
      "Geometry": {
        "BoundingBox": {
          "Width": 0.023119909688830376,
          "Height": 0.018809417262673378,
          "Left": 0.4812420606613159,
          "Top": 0.5124611258506775
        },
        "Polygon": [
          {
            "X": 0.4812420606613159,
            "Y": 0.5124807357788086
          },
          {
            "X": 0.5043457746505737,
            "Y": 0.5124611258506775
          },
          {
            "X": 0.5043619275093079,
            "Y": 0.5312475562095642
          },
          {
            "X": 0.4812606871128082,
            "Y": 0.5312705636024475
          }
        ]
      },
      "Id": "a6fe7b23-3fb3-4f93-9259-e42d96dc16ed",
      "Relationships": [
        {
          "Type": "CHILD",
          "Ids": [
            "e4f11ab7-59b3-426f-9360-4d0923f8fef6"
          ]
        }
      ],
      "Page": 1
    },
    {
      "BlockType": "LINE",
      "Confidence": 61.27290725708008,
      "Text": "22.9",
      "Geometry": {
        "BoundingBox": {
          "Width": 0.0268904697149992,
          "Height": 0.019021615386009216,
          "Left": 0.5889017581939697,
          "Top": 0.512261152267456
        },
        "Polygon": [
          {
            "X": 0.5889017581939697,
            "Y": 0.5122839212417603
          },
          {
            "X": 0.6157878041267395,
            "Y": 0.512261152267456
          },
          {
            "X": 0.6157922744750977,
            "Y": 0.5312559604644775
          },
          {
            "X": 0.5889090895652771,
            "Y": 0.5312827825546265
          }
        ]
      },
      "Id": "7be0b941-d027-49de-805c-a33314c41738",
      "Relationships": [
        {
          "Type": "CHILD",
          "Ids": [
            "e91807a3-8ba7-4952-a22e-ccd85502a352"
          ]
        }
      ],
      "Page": 1
    },
    {
      "BlockType": "LINE",
      "Confidence": 99.65601348876953,
      "Text": "6%APHP/EP",
      "Geometry": {
        "BoundingBox": {
          "Width": 0.07222303748130798,
          "Height": 0.0234657172113657,
          "Left": 0.24994763731956482,
          "Top": 0.543097198009491
        },
        "Polygon": [
          {
            "X": 0.24994763731956482,
            "Y": 0.5431756973266602
          },
          {
            "X": 0.32212650775909424,
            "Y": 0.543097198009491
          },
          {
            "X": 0.3221706748008728,
            "Y": 0.5664712190628052
          },
          {
            "X": 0.25000137090682983,
            "Y": 0.5665629506111145
          }
        ]
      },
      "Id": "a41702de-3e8e-4037-909e-ec7c70c1303b",
      "Relationships": [
        {
          "Type": "CHILD",
          "Ids": [
            "ea6da74a-cd89-4c53-8d88-b15d2075d3fe"
          ]
        }
      ],
      "Page": 1
    },
    {
      "BlockType": "LINE",
      "Confidence": 99.92571258544922,
      "Text": "362",
      "Geometry": {
        "BoundingBox": {
          "Width": 0.023732280358672142,
          "Height": 0.018618205562233925,
          "Left": 0.3727988302707672,
          "Top": 0.5435819625854492
        },
        "Polygon": [
          {
            "X": 0.3727988302707672,
            "Y": 0.5436078310012817
          },
          {
            "X": 0.3965037763118744,
            "Y": 0.5435819625854492
          },
          {
            "X": 0.3965311050415039,
            "Y": 0.5621708631515503
          },
          {
            "X": 0.3728286623954773,
            "Y": 0.5622001886367798
          }
        ]
      },
      "Id": "02492d2e-0527-466b-9727-44372b114178",
      "Relationships": [
        {
          "Type": "CHILD",
          "Ids": [
            "35124173-9b60-4757-a964-28e8ca3e9af2"
          ]
        }
      ],
      "Page": 1
    },
    {
      "BlockType": "LINE",
      "Confidence": 99.71641540527344,
      "Text": "377",
      "Geometry": {
        "BoundingBox": {
          "Width": 0.023279676213860512,
          "Height": 0.018671460449695587,
          "Left": 0.4812934696674347,
          "Top": 0.5435510873794556
        },
        "Polygon": [
          {
            "X": 0.4812934696674347,
            "Y": 0.5435764789581299
          },
          {
            "X": 0.5045570731163025,
            "Y": 0.5435510873794556
          },
          {
            "X": 0.5045731663703918,
            "Y": 0.5621936917304993
          },
          {
            "X": 0.48131197690963745,
            "Y": 0.5622225403785706
          }
        ]
      },
      "Id": "d24b9395-c5f8-40e6-9bed-b1957d8d5810",
      "Relationships": [
        {
          "Type": "CHILD",
          "Ids": [
            "26100f10-fb3c-4c45-a37b-686b5ac24389"
          ]
        }
      ],
      "Page": 1
    },
    {
      "BlockType": "LINE",
      "Confidence": 99.74826049804688,
      "Text": "24.2",
      "Geometry": {
        "BoundingBox": {
          "Width": 0.02691977098584175,
          "Height": 0.019009782001376152,
          "Left": 0.5889062881469727,
          "Top": 0.5433093905448914
        },
        "Polygon": [
          {
            "X": 0.5889062881469727,
            "Y": 0.5433387160301208
          },
          {
            "X": 0.6158215999603271,
            "Y": 0.5433093905448914
          },
          {
            "X": 0.6158260703086853,
            "Y": 0.5622857809066772
          },
          {
            "X": 0.5889135599136353,
            "Y": 0.5623191595077515
          }
        ]
      },
      "Id": "b3b238f2-6c09-431a-a6d2-037828d957f7",
      "Relationships": [
        {
          "Type": "CHILD",
          "Ids": [
            "990f3297-66cd-47d2-a9bf-fbf527472453"
          ]
        }
      ],
      "Page": 1
    },
    {
      "BlockType": "LINE",
      "Confidence": 99.52699279785156,
      "Text": "APHP",
      "Geometry": {
        "BoundingBox": {
          "Width": 0.03550344705581665,
          "Height": 0.01782994158565998,
          "Left": 0.24928195774555206,
          "Top": 0.5747913122177124
        },
        "Polygon": [
          {
            "X": 0.24928195774555206,
            "Y": 0.5748386979103088
          },
          {
            "X": 0.28474804759025574,
            "Y": 0.5747913122177124
          },
          {
            "X": 0.2847854197025299,
            "Y": 0.5925689339637756
          },
          {
            "X": 0.24932289123535156,
            "Y": 0.5926212668418884
          }
        ]
      },
      "Id": "29c7ffb3-c7e2-40bc-b2d9-a57b8291db8b",
      "Relationships": [
        {
          "Type": "CHILD",
          "Ids": [
            "737df839-95af-4425-b345-cde18b0ff524"
          ]
        }
      ],
      "Page": 1
    },
    {
      "BlockType": "LINE",
      "Confidence": 99.95085906982422,
      "Text": "416",
      "Geometry": {
        "BoundingBox": {
          "Width": 0.02435697428882122,
          "Height": 0.018763510510325432,
          "Left": 0.37233778834342957,
          "Top": 0.574426531791687
        },
        "Polygon": [
          {
            "X": 0.37233778834342957,
            "Y": 0.5744589567184448
          },
          {
            "X": 0.3966672122478485,
            "Y": 0.574426531791687
          },
          {
            "X": 0.39669474959373474,
            "Y": 0.5931540131568909
          },
          {
            "X": 0.37236788868904114,
            "Y": 0.5931900143623352
          }
        ]
      },
      "Id": "a200485b-77cc-4683-8c55-8e620604b19e",
      "Relationships": [
        {
          "Type": "CHILD",
          "Ids": [
            "71cfa786-0bf8-4e74-8107-8084ae84b8a8"
          ]
        }
      ],
      "Page": 1
    },
    {
      "BlockType": "LINE",
      "Confidence": 99.9183349609375,
      "Text": "486",
      "Geometry": {
        "BoundingBox": {
          "Width": 0.023863689973950386,
          "Height": 0.01874547265470028,
          "Left": 0.48101314902305603,
          "Top": 0.5743921399116516
        },
        "Polygon": [
          {
            "X": 0.48101314902305603,
            "Y": 0.5744239687919617
          },
          {
            "X": 0.5048607587814331,
            "Y": 0.5743921399116516
          },
          {
            "X": 0.5048768520355225,
            "Y": 0.5931022763252258
          },
          {
            "X": 0.48103174567222595,
            "Y": 0.5931376218795776
          }
        ]
      },
      "Id": "7f46d97d-c090-41f1-acc8-da31a2f78fcf",
      "Relationships": [
        {
          "Type": "CHILD",
          "Ids": [
            "9d74e693-2806-446a-b6fc-7d07d1ea4955"
          ]
        }
      ],
      "Page": 1
    },
    {
      "BlockType": "LINE",
      "Confidence": 99.51045227050781,
      "Text": "45.8",
      "Geometry": {
        "BoundingBox": {
          "Width": 0.026969604194164276,
          "Height": 0.01903688907623291,
          "Left": 0.5887791514396667,
          "Top": 0.5744478106498718
        },
        "Polygon": [
          {
            "X": 0.5887791514396667,
            "Y": 0.5744838714599609
          },
          {
            "X": 0.6157442927360535,
            "Y": 0.5744478106498718
          },
          {
            "X": 0.6157487630844116,
            "Y": 0.5934446454048157
          },
          {
            "X": 0.5887864828109741,
            "Y": 0.5934846997261047
          }
        ]
      },
      "Id": "5d5035c2-00ef-4e44-b37e-c8fc9718ffd3",
      "Relationships": [
        {
          "Type": "CHILD",
          "Ids": [
            "a342541e-b303-491d-8bd8-2296ad5aae5b"
          ]
        }
      ],
      "Page": 1
    },
    {
      "BlockType": "WORD",
      "Confidence": 99.91728210449219,
      "Text": "Samples",
      "TextType": "PRINTED",
      "Geometry": {
        "BoundingBox": {
          "Width": 0.05330329015851021,
          "Height": 0.024244066327810287,
          "Left": 0.24936357140541077,
          "Top": 0.403193861246109
        },
        "Polygon": [
          {
            "X": 0.24936357140541077,
            "Y": 0.403193861246109
          },
          {
            "X": 0.3026184141635895,
            "Y": 0.40319448709487915
          },
          {
            "X": 0.3026668429374695,
            "Y": 0.4274284243583679
          },
          {
            "X": 0.24941930174827576,
            "Y": 0.4274379014968872
          }
        ]
      },
      "Id": "7771278e-3f6c-4827-8bfc-78212909e730",
      "Page": 1
    },
    {
      "BlockType": "WORD",
      "Confidence": 91.77446746826172,
      "Text": "Td,5%",
      "TextType": "PRINTED",
      "Geometry": {
        "BoundingBox": {
          "Width": 0.02991376630961895,
          "Height": 0.02395370602607727,
          "Left": 0.37174439430236816,
          "Top": 0.40436723828315735
        },
        "Polygon": [
          {
            "X": 0.37174439430236816,
            "Y": 0.40436723828315735
          },
          {
            "X": 0.4016236662864685,
            "Y": 0.4043673276901245
          },
          {
            "X": 0.40165814757347107,
            "Y": 0.4283154010772705
          },
          {
            "X": 0.37178292870521545,
            "Y": 0.4283209443092346
          }
        ]
      },
      "Id": "b8ca5e45-f283-4cd5-b0db-2cf7a1658df8",
      "Page": 1
    },
    {
      "BlockType": "WORD",
      "Confidence": 51.62848663330078,
      "Text": "(°C)",
      "TextType": "PRINTED",
      "Geometry": {
        "BoundingBox": {
          "Width": 0.024579105898737907,
          "Height": 0.024499991908669472,
          "Left": 0.4056674838066101,
          "Top": 0.4029077887535095
        },
        "Polygon": [
          {
            "X": 0.4056674838066101,
            "Y": 0.4029077887535095
          },
          {
            "X": 0.4302152693271637,
            "Y": 0.4029081463813782
          },
          {
            "X": 0.43024659156799316,
            "Y": 0.42740342020988464
          },
          {
            "X": 0.40570223331451416,
            "Y": 0.42740777134895325
          }
        ]
      },
      "Id": "cd3a3c8f-aee0-4ac6-81d7-e363d9b3dbaa",
      "Page": 1
    },
    {
      "BlockType": "WORD",
      "Confidence": 98.81807708740234,
      "Text": "Tmax",
      "TextType": "PRINTED",
      "Geometry": {
        "BoundingBox": {
          "Width": 0.029809482395648956,
          "Height": 0.022365648299455643,
          "Left": 0.48006701469421387,
          "Top": 0.4040891230106354
        },
        "Polygon": [
          {
            "X": 0.48006701469421387,
            "Y": 0.4040891230106354
          },
          {
            "X": 0.5098579525947571,
            "Y": 0.4040892720222473
          },
          {
            "X": 0.5098764896392822,
            "Y": 0.4264496862888336
          },
          {
            "X": 0.48008933663368225,
            "Y": 0.4264547824859619
          }
        ]
      },
      "Id": "baf5b9d5-0d78-45f1-a0a0-7540910dbf77",
      "Page": 1
    },
    {
      "BlockType": "WORD",
      "Confidence": 57.660675048828125,
      "Text": "(C)",
      "TextType": "PRINTED",
      "Geometry": {
        "BoundingBox": {
          "Width": 0.024600399658083916,
          "Height": 0.02417420595884323,
          "Left": 0.5136722922325134,
          "Top": 0.4030577540397644
        },
        "Polygon": [
          {
            "X": 0.5136722922325134,
            "Y": 0.4030577540397644
          },
          {
            "X": 0.5382565259933472,
            "Y": 0.4030580520629883
          },
          {
            "X": 0.5382726788520813,
            "Y": 0.42722758650779724
          },
          {
            "X": 0.5136918425559998,
            "Y": 0.42723193764686584
          }
        ]
      },
      "Id": "ea638686-caa0-4664-9c1c-a2c68e3c880b",
      "Page": 1
    },
    {
      "BlockType": "WORD",
      "Confidence": 99.91897583007812,
      "Text": "Residuals",
      "TextType": "PRINTED",
      "Geometry": {
        "BoundingBox": {
          "Width": 0.05984299257397652,
          "Height": 0.019990772008895874,
          "Left": 0.5888916850090027,
          "Top": 0.4029390215873718
        },
        "Polygon": [
          {
            "X": 0.5888916850090027,
            "Y": 0.4029390215873718
          },
          {
            "X": 0.6487337350845337,
            "Y": 0.4029398560523987
          },
          {
            "X": 0.6487346887588501,
            "Y": 0.42292121052742004
          },
          {
            "X": 0.5888993740081787,
            "Y": 0.4229297935962677
          }
        ]
      },
      "Id": "56366a01-7f7b-49e3-b50c-bb27caad1c1d",
      "Page": 1
    },
    {
      "BlockType": "WORD",
      "Confidence": 99.98123168945312,
      "Text": "at",
      "TextType": "PRINTED",
      "Geometry": {
        "BoundingBox": {
          "Width": 0.012672758661210537,
          "Height": 0.01726069301366806,
          "Left": 0.6532689332962036,
          "Top": 0.4054884612560272
        },
        "Polygon": [
          {
            "X": 0.6532689332962036,
            "Y": 0.4054885506629944
          },
          {
            "X": 0.6659417152404785,
            "Y": 0.4054884612560272
          },
          {
            "X": 0.6659408211708069,
            "Y": 0.42274734377861023
          },
          {
            "X": 0.653269350528717,
            "Y": 0.4227491617202759
          }
        ]
      },
      "Id": "fed17301-b278-4200-b7a3-b1129553bd9a",
      "Page": 1
    },
    {
      "BlockType": "WORD",
      "Confidence": 99.92865753173828,
      "Text": "700",
      "TextType": "PRINTED",
      "Geometry": {
        "BoundingBox": {
          "Width": 0.023914068937301636,
          "Height": 0.01867903396487236,
          "Left": 0.6697505116462708,
          "Top": 0.4039607048034668
        },
        "Polygon": [
          {
            "X": 0.6697518825531006,
            "Y": 0.4039607048034668
          },
          {
            "X": 0.6936646103858948,
            "Y": 0.40396082401275635
          },
          {
            "X": 0.6936607360839844,
            "Y": 0.42263635993003845
          },
          {
            "X": 0.6697505116462708,
            "Y": 0.42263972759246826
          }
        ]
      },
      "Id": "4dd9de47-5465-4671-bf07-2442bc247054",
      "Page": 1
    },
    {
      "BlockType": "WORD",
      "Confidence": 88.74798583984375,
      "Text": "°C",
      "TextType": "PRINTED",
      "Geometry": {
        "BoundingBox": {
          "Width": 0.015003513544797897,
          "Height": 0.018337475135922432,
          "Left": 0.6979765892028809,
          "Top": 0.4040781259536743
        },
        "Polygon": [
          {
            "X": 0.6979807615280151,
            "Y": 0.4040781259536743
          },
          {
            "X": 0.7129800915718079,
            "Y": 0.4040781855583191
          },
          {
            "X": 0.7129743099212646,
            "Y": 0.42241349816322327
          },
          {
            "X": 0.6979765892028809,
            "Y": 0.4224155843257904
          }
        ]
      },
      "Id": "bc502e4c-73f2-46d1-b02e-83d789e9674d",
      "Page": 1
    },
    {
      "BlockType": "WORD",
      "Confidence": 94.54534912109375,
      "Text": "(wt.%)",
      "TextType": "PRINTED",
      "Geometry": {
        "BoundingBox": {
          "Width": 0.03930037468671799,
          "Height": 0.024212144315242767,
          "Left": 0.7164793014526367,
          "Top": 0.4029330611228943
        },
        "Polygon": [
          {
            "X": 0.7164874076843262,
            "Y": 0.4029330611228943
          },
          {
            "X": 0.7557796835899353,
            "Y": 0.40293362736701965
          },
          {
            "X": 0.7557662129402161,
            "Y": 0.4271382689476013
          },
          {
            "X": 0.7164793014526367,
            "Y": 0.42714521288871765
          }
        ]
      },
      "Id": "53df4872-3a74-42ac-8001-9c96cfcb39f6",
      "Page": 1
    },
    {
      "BlockType": "WORD",
      "Confidence": 99.96896362304688,
      "Text": "Neat",
      "TextType": "PRINTED",
      "Geometry": {
        "BoundingBox": {
          "Width": 0.02975311316549778,
          "Height": 0.018706167116761208,
          "Left": 0.24964645504951477,
          "Top": 0.451617032289505
        },
        "Polygon": [
          {
            "X": 0.24964645504951477,
            "Y": 0.4516279697418213
          },
          {
            "X": 0.27935975790023804,
            "Y": 0.451617032289505
          },
          {
            "X": 0.279399573802948,
            "Y": 0.4703078866004944
          },
          {
            "X": 0.24968941509723663,
            "Y": 0.47032320499420166
          }
        ]
      },
      "Id": "2bca6ed4-b672-4a08-aadc-89e4a71cdc94",
      "Page": 1
    },
    {
      "BlockType": "WORD",
      "Confidence": 99.64696502685547,
      "Text": "EP",
      "TextType": "PRINTED",
      "Geometry": {
        "BoundingBox": {
          "Width": 0.015501834452152252,
          "Height": 0.018228963017463684,
          "Left": 0.28378209471702576,
          "Top": 0.4517296850681305
        },
        "Polygon": [
          {
            "X": 0.28378209471702576,
            "Y": 0.45173540711402893
          },
          {
            "X": 0.2992471754550934,
            "Y": 0.4517296850681305
          },
          {
            "X": 0.2992839515209198,
            "Y": 0.46995073556900024
          },
          {
            "X": 0.2838204801082611,
            "Y": 0.469958633184433
          }
        ]
      },
      "Id": "3f66c14d-60d7-4363-8d72-a703bc8807da",
      "Page": 1
    },
    {
      "BlockType": "WORD",
      "Confidence": 99.8847885131836,
      "Text": "361",
      "TextType": "PRINTED",
      "Geometry": {
        "BoundingBox": {
          "Width": 0.02218572236597538,
          "Height": 0.019009122624993324,
          "Left": 0.37280067801475525,
          "Top": 0.45157086849212646
        },
        "Polygon": [
          {
            "X": 0.37280067801475525,
            "Y": 0.4515790343284607
          },
          {
            "X": 0.3949583172798157,
            "Y": 0.45157086849212646
          },
          {
            "X": 0.3949863910675049,
            "Y": 0.47056853771209717
          },
          {
            "X": 0.3728311359882355,
            "Y": 0.47057998180389404
          }
        ]
      },
      "Id": "ea400338-ea19-461d-87b6-74af2bd0c490",
      "Page": 1
    },
    {
      "BlockType": "WORD",
      "Confidence": 99.84181213378906,
      "Text": "376",
      "TextType": "PRINTED",
      "Geometry": {
        "BoundingBox": {
          "Width": 0.023539384827017784,
          "Height": 0.019104788079857826,
          "Left": 0.4813181161880493,
          "Top": 0.45145079493522644
        },
        "Polygon": [
          {
            "X": 0.4813181161880493,
            "Y": 0.45145943760871887
          },
          {
            "X": 0.5048410892486572,
            "Y": 0.45145079493522644
          },
          {
            "X": 0.5048574805259705,
            "Y": 0.47054341435432434
          },
          {
            "X": 0.4813370406627655,
            "Y": 0.4705555737018585
          }
        ]
      },
      "Id": "e0f0dd8c-0fa0-49cf-b5b5-93e7f70df6b1",
      "Page": 1
    },
    {
      "BlockType": "WORD",
      "Confidence": 90.3316650390625,
      "Text": "14.1",
      "TextType": "PRINTED",
      "Geometry": {
        "BoundingBox": {
          "Width": 0.024582671001553535,
          "Height": 0.019257867708802223,
          "Left": 0.5898215174674988,
          "Top": 0.4513453543186188
        },
        "Polygon": [
          {
            "X": 0.5898215174674988,
            "Y": 0.45135438442230225
          },
          {
            "X": 0.6143995523452759,
            "Y": 0.4513453543186188
          },
          {
            "X": 0.6144041419029236,
            "Y": 0.4705904722213745
          },
          {
            "X": 0.5898287892341614,
            "Y": 0.47060322761535645
          }
        ]
      },
      "Id": "4d0482af-f4ee-498c-8737-3150b414fe4c",
      "Page": 1
    },
    {
      "BlockType": "WORD",
      "Confidence": 99.52671813964844,
      "Text": "2%APHP/EP",
      "TextType": "PRINTED",
      "Geometry": {
        "BoundingBox": {
          "Width": 0.07278997451066971,
          "Height": 0.02330891042947769,
          "Left": 0.24934974312782288,
          "Top": 0.4809139370918274
        },
        "Polygon": [
          {
            "X": 0.24934974312782288,
            "Y": 0.4809574782848358
          },
          {
            "X": 0.3220957815647125,
            "Y": 0.4809139370918274
          },
          {
            "X": 0.322139710187912,
            "Y": 0.5041660070419312
          },
          {
            "X": 0.24940325319766998,
            "Y": 0.5042228698730469
          }
        ]
      },
      "Id": "065a737e-82c5-430c-855d-206d7166ea65",
      "Page": 1
    },
    {
      "BlockType": "WORD",
      "Confidence": 99.90180969238281,
      "Text": "362",
      "TextType": "PRINTED",
      "Geometry": {
        "BoundingBox": {
          "Width": 0.02366376295685768,
          "Height": 0.018787717446684837,
          "Left": 0.37281957268714905,
          "Top": 0.4814426302909851
        },
        "Polygon": [
          {
            "X": 0.37281957268714905,
            "Y": 0.4814568758010864
          },
          {
            "X": 0.3964557647705078,
            "Y": 0.4814426302909851
          },
          {
            "X": 0.3964833617210388,
            "Y": 0.5002126097679138
          },
          {
            "X": 0.372849702835083,
            "Y": 0.5002303719520569
          }
        ]
      },
      "Id": "0832d061-e82e-4ffd-a8da-74cb9c33e28e",
      "Page": 1
    },
    {
      "BlockType": "WORD",
      "Confidence": 99.82170104980469,
      "Text": "376",
      "TextType": "PRINTED",
      "Geometry": {
        "BoundingBox": {
          "Width": 0.023565491661429405,
          "Height": 0.01882210746407509,
          "Left": 0.4812704622745514,
          "Top": 0.4812540113925934
        },
        "Polygon": [
          {
            "X": 0.4812704622745514,
            "Y": 0.48126816749572754
          },
          {
            "X": 0.5048198103904724,
            "Y": 0.4812540113925934
          },
          {
            "X": 0.5048359632492065,
            "Y": 0.5000584721565247
          },
          {
            "X": 0.4812891185283661,
            "Y": 0.5000761151313782
          }
        ]
      },
      "Id": "53c18705-a5eb-445e-ab13-e1a5042d776f",
      "Page": 1
    },
    {
      "BlockType": "WORD",
      "Confidence": 87.70528411865234,
      "Text": "18.1",
      "TextType": "PRINTED",
      "Geometry": {
        "BoundingBox": {
          "Width": 0.024330342188477516,
          "Height": 0.018835194408893585,
          "Left": 0.589958667755127,
          "Top": 0.481308251619339
        },
        "Polygon": [
          {
            "X": 0.589958667755127,
            "Y": 0.48132291436195374
          },
          {
            "X": 0.6142845153808594,
            "Y": 0.481308251619339
          },
          {
            "X": 0.6142890453338623,
            "Y": 0.5001251697540283
          },
          {
            "X": 0.5899658203125,
            "Y": 0.5001434087753296
          }
        ]
      },
      "Id": "4ac11996-aa5b-4533-86e2-90ef7307a011",
      "Page": 1
    },
    {
      "BlockType": "WORD",
      "Confidence": 98.94054412841797,
      "Text": "4%APHP/EP",
      "TextType": "PRINTED",
      "Geometry": {
        "BoundingBox": {
          "Width": 0.071309395134449,
          "Height": 0.023837383836507797,
          "Left": 0.2500910460948944,
          "Top": 0.5115675926208496
        },
        "Polygon": [
          {
            "X": 0.2500910460948944,
            "Y": 0.5116274356842041
          },
          {
            "X": 0.3213554322719574,
            "Y": 0.5115675926208496
          },
          {
            "X": 0.3214004337787628,
            "Y": 0.5353319048881531
          },
          {
            "X": 0.25014564394950867,
            "Y": 0.5354049801826477
          }
        ]
      },
      "Id": "d5744058-d849-4dec-ba12-93f595a1c33f",
      "Page": 1
    },
    {
      "BlockType": "WORD",
      "Confidence": 99.90699005126953,
      "Text": "361",
      "TextType": "PRINTED",
      "Geometry": {
        "BoundingBox": {
          "Width": 0.022266095504164696,
          "Height": 0.018746772781014442,
          "Left": 0.3728199601173401,
          "Top": 0.5124613642692566
        },
        "Polygon": [
          {
            "X": 0.3728199601173401,
            "Y": 0.5124801993370056
          },
          {
            "X": 0.39505836367607117,
            "Y": 0.5124613642692566
          },
          {
            "X": 0.39508605003356934,
            "Y": 0.531186044216156
          },
          {
            "X": 0.3728500008583069,
            "Y": 0.5312081575393677
          }
        ]
      },
      "Id": "4518dfff-3f96-44ac-9c13-1d5899a093b6",
      "Page": 1
    },
    {
      "BlockType": "WORD",
      "Confidence": 99.89263153076172,
      "Text": "375",
      "TextType": "PRINTED",
      "Geometry": {
        "BoundingBox": {
          "Width": 0.023119909688830376,
          "Height": 0.018809417262673378,
          "Left": 0.4812420606613159,
          "Top": 0.5124611258506775
        },
        "Polygon": [
          {
            "X": 0.4812420606613159,
            "Y": 0.5124807357788086
          },
          {
            "X": 0.5043457746505737,
            "Y": 0.5124611258506775
          },
          {
            "X": 0.5043619275093079,
            "Y": 0.5312475562095642
          },
          {
            "X": 0.4812606871128082,
            "Y": 0.5312705636024475
          }
        ]
      },
      "Id": "e4f11ab7-59b3-426f-9360-4d0923f8fef6",
      "Page": 1
    },
    {
      "BlockType": "WORD",
      "Confidence": 61.27290725708008,
      "Text": "22.9",
      "TextType": "PRINTED",
      "Geometry": {
        "BoundingBox": {
          "Width": 0.0268904697149992,
          "Height": 0.019021615386009216,
          "Left": 0.5889017581939697,
          "Top": 0.512261152267456
        },
        "Polygon": [
          {
            "X": 0.5889017581939697,
            "Y": 0.5122839212417603
          },
          {
            "X": 0.6157878041267395,
            "Y": 0.512261152267456
          },
          {
            "X": 0.6157922744750977,
            "Y": 0.5312559604644775
          },
          {
            "X": 0.5889090895652771,
            "Y": 0.5312827825546265
          }
        ]
      },
      "Id": "e91807a3-8ba7-4952-a22e-ccd85502a352",
      "Page": 1
    },
    {
      "BlockType": "WORD",
      "Confidence": 99.65601348876953,
      "Text": "6%APHP/EP",
      "TextType": "PRINTED",
      "Geometry": {
        "BoundingBox": {
          "Width": 0.07222303748130798,
          "Height": 0.0234657172113657,
          "Left": 0.24994763731956482,
          "Top": 0.543097198009491
        },
        "Polygon": [
          {
            "X": 0.24994763731956482,
            "Y": 0.5431756973266602
          },
          {
            "X": 0.32212650775909424,
            "Y": 0.543097198009491
          },
          {
            "X": 0.3221706748008728,
            "Y": 0.5664712190628052
          },
          {
            "X": 0.25000137090682983,
            "Y": 0.5665629506111145
          }
        ]
      },
      "Id": "ea6da74a-cd89-4c53-8d88-b15d2075d3fe",
      "Page": 1
    },
    {
      "BlockType": "WORD",
      "Confidence": 99.92571258544922,
      "Text": "362",
      "TextType": "PRINTED",
      "Geometry": {
        "BoundingBox": {
          "Width": 0.023732280358672142,
          "Height": 0.018618205562233925,
          "Left": 0.3727988302707672,
          "Top": 0.5435819625854492
        },
        "Polygon": [
          {
            "X": 0.3727988302707672,
            "Y": 0.5436078310012817
          },
          {
            "X": 0.3965037763118744,
            "Y": 0.5435819625854492
          },
          {
            "X": 0.3965311050415039,
            "Y": 0.5621708631515503
          },
          {
            "X": 0.3728286623954773,
            "Y": 0.5622001886367798
          }
        ]
      },
      "Id": "35124173-9b60-4757-a964-28e8ca3e9af2",
      "Page": 1
    },
    {
      "BlockType": "WORD",
      "Confidence": 99.71641540527344,
      "Text": "377",
      "TextType": "PRINTED",
      "Geometry": {
        "BoundingBox": {
          "Width": 0.023279676213860512,
          "Height": 0.018671460449695587,
          "Left": 0.4812934696674347,
          "Top": 0.5435510873794556
        },
        "Polygon": [
          {
            "X": 0.4812934696674347,
            "Y": 0.5435764789581299
          },
          {
            "X": 0.5045570731163025,
            "Y": 0.5435510873794556
          },
          {
            "X": 0.5045731663703918,
            "Y": 0.5621936917304993
          },
          {
            "X": 0.48131197690963745,
            "Y": 0.5622225403785706
          }
        ]
      },
      "Id": "26100f10-fb3c-4c45-a37b-686b5ac24389",
      "Page": 1
    },
    {
      "BlockType": "WORD",
      "Confidence": 99.74826049804688,
      "Text": "24.2",
      "TextType": "PRINTED",
      "Geometry": {
        "BoundingBox": {
          "Width": 0.02691977098584175,
          "Height": 0.019009782001376152,
          "Left": 0.5889062881469727,
          "Top": 0.5433093905448914
        },
        "Polygon": [
          {
            "X": 0.5889062881469727,
            "Y": 0.5433387160301208
          },
          {
            "X": 0.6158215999603271,
            "Y": 0.5433093905448914
          },
          {
            "X": 0.6158260703086853,
            "Y": 0.5622857809066772
          },
          {
            "X": 0.5889135599136353,
            "Y": 0.5623191595077515
          }
        ]
      },
      "Id": "990f3297-66cd-47d2-a9bf-fbf527472453",
      "Page": 1
    },
    {
      "BlockType": "WORD",
      "Confidence": 99.52699279785156,
      "Text": "APHP",
      "TextType": "PRINTED",
      "Geometry": {
        "BoundingBox": {
          "Width": 0.03550344705581665,
          "Height": 0.01782994158565998,
          "Left": 0.24928195774555206,
          "Top": 0.5747913122177124
        },
        "Polygon": [
          {
            "X": 0.24928195774555206,
            "Y": 0.5748386979103088
          },
          {
            "X": 0.28474804759025574,
            "Y": 0.5747913122177124
          },
          {
            "X": 0.2847854197025299,
            "Y": 0.5925689339637756
          },
          {
            "X": 0.24932289123535156,
            "Y": 0.5926212668418884
          }
        ]
      },
      "Id": "737df839-95af-4425-b345-cde18b0ff524",
      "Page": 1
    },
    {
      "BlockType": "WORD",
      "Confidence": 99.95085906982422,
      "Text": "416",
      "TextType": "PRINTED",
      "Geometry": {
        "BoundingBox": {
          "Width": 0.02435697428882122,
          "Height": 0.018763510510325432,
          "Left": 0.37233778834342957,
          "Top": 0.574426531791687
        },
        "Polygon": [
          {
            "X": 0.37233778834342957,
            "Y": 0.5744589567184448
          },
          {
            "X": 0.3966672122478485,
            "Y": 0.574426531791687
          },
          {
            "X": 0.39669474959373474,
            "Y": 0.5931540131568909
          },
          {
            "X": 0.37236788868904114,
            "Y": 0.5931900143623352
          }
        ]
      },
      "Id": "71cfa786-0bf8-4e74-8107-8084ae84b8a8",
      "Page": 1
    },
    {
      "BlockType": "WORD",
      "Confidence": 99.9183349609375,
      "Text": "486",
      "TextType": "PRINTED",
      "Geometry": {
        "BoundingBox": {
          "Width": 0.023863689973950386,
          "Height": 0.01874547265470028,
          "Left": 0.48101314902305603,
          "Top": 0.5743921399116516
        },
        "Polygon": [
          {
            "X": 0.48101314902305603,
            "Y": 0.5744239687919617
          },
          {
            "X": 0.5048607587814331,
            "Y": 0.5743921399116516
          },
          {
            "X": 0.5048768520355225,
            "Y": 0.5931022763252258
          },
          {
            "X": 0.48103174567222595,
            "Y": 0.5931376218795776
          }
        ]
      },
      "Id": "9d74e693-2806-446a-b6fc-7d07d1ea4955",
      "Page": 1
    },
    {
      "BlockType": "WORD",
      "Confidence": 99.51045227050781,
      "Text": "45.8",
      "TextType": "PRINTED",
      "Geometry": {
        "BoundingBox": {
          "Width": 0.026969604194164276,
          "Height": 0.01903688907623291,
          "Left": 0.5887791514396667,
          "Top": 0.5744478106498718
        },
        "Polygon": [
          {
            "X": 0.5887791514396667,
            "Y": 0.5744838714599609
          },
          {
            "X": 0.6157442927360535,
            "Y": 0.5744478106498718
          },
          {
            "X": 0.6157487630844116,
            "Y": 0.5934446454048157
          },
          {
            "X": 0.5887864828109741,
            "Y": 0.5934846997261047
          }
        ]
      },
      "Id": "a342541e-b303-491d-8bd8-2296ad5aae5b",
      "Page": 1
    },
    {
      "BlockType": "TABLE",
      "Confidence": 99.951171875,
      "Geometry": {
        "BoundingBox": {
          "Width": 0.5414652228355408,
          "Height": 0.2205248773097992,
          "Left": 0.22984986007213593,
          "Top": 0.38975968956947327
        },
        "Polygon": [
          {
            "X": 0.22984986007213593,
            "Y": 0.38975968956947327
          },
          {
            "X": 0.7713150978088379,
            "Y": 0.38982322812080383
          },
          {
            "X": 0.7711737155914307,
            "Y": 0.6094119548797607
          },
          {
            "X": 0.23038101196289062,
            "Y": 0.6102845668792725
          }
        ]
      },
      "Id": "7d9c718a-688e-4713-9446-4e26d8e4960e",
      "Relationships": [
        {
          "Type": "CHILD",
          "Ids": [
            "44b27439-25b7-4806-b893-2cdafc25da3a",
            "613ef315-4897-4929-a630-66a30e143adc",
            "6a044d6c-3162-42f0-8dad-764073ee3374",
            "b6aa40c4-3203-4f06-99bb-f57030dde909",
            "e57f981f-8cb0-497a-9e40-993d597020b3",
            "35678f55-4714-460e-832e-793ed5612d36",
            "dd6b0c26-7aa5-47fc-9ee6-7e821bed2fda",
            "a4040532-2f01-4d56-a338-487302dc0330",
            "95a2f0bc-1500-4e2d-9e7f-ef723069390c",
            "a4f2241b-079e-4f7b-923c-8ebdfdc6f2e3",
            "e1cd97af-a542-4810-8ad8-56c402e08526",
            "86a696f8-4589-44af-8564-87317d734c91",
            "84a69b51-b17d-441b-8279-4c5817c29361",
            "bcc20330-5471-48bb-83cb-a9097c88364f",
            "fb432355-dbcf-4e04-974c-ca2307a76d76",
            "18eebd43-b232-47e2-8bdd-649ddfac0277",
            "914c2537-8896-45a3-947a-ddfa37e106c6",
            "fa09f358-4266-4ce1-9304-e2ea9d102eda",
            "8aae3c16-caaa-4668-afee-500127e1f872",
            "d58c1213-1fdb-4302-be7f-2364129b6d23",
            "ccba661c-9731-4308-9c2e-1b8d4d7f65b7",
            "183a75a0-e09b-4f0b-9760-cc04dd68d4b8",
            "8ca96451-3eb6-4817-b296-c5c0d5d06405",
            "6c9590c1-25a4-4828-bf91-a783aab08b3e"
          ]
        }
      ],
      "EntityTypes": [
        "STRUCTURED_TABLE"
      ],
      "Page": 1
    },
    {
      "BlockType": "CELL",
      "Confidence": 93.06640625,
      "RowIndex": 1,
      "ColumnIndex": 1,
      "RowSpan": 1,
      "ColumnSpan": 1,
      "Geometry": {
        "BoundingBox": {
          "Width": 0.11617055535316467,
          "Height": 0.048290301114320755,
          "Left": 0.22984986007213593,
          "Top": 0.38975968956947327
        },
        "Polygon": [
          {
            "X": 0.22984986007213593,
            "Y": 0.38975968956947327
          },
          {
            "X": 0.34593579173088074,
            "Y": 0.38977330923080444
          },
          {
            "X": 0.3460204303264618,
            "Y": 0.43801960349082947
          },
          {
            "X": 0.2299661785364151,
            "Y": 0.43804997205734253
          }
        ]
      },
      "Id": "44b27439-25b7-4806-b893-2cdafc25da3a",
      "Relationships": [
        {
          "Type": "CHILD",
          "Ids": [
            "7771278e-3f6c-4827-8bfc-78212909e730"
          ]
        }
      ],
      "EntityTypes": [
        "COLUMN_HEADER"
      ],
      "Page": 1
    },
    {
      "BlockType": "CELL",
      "Confidence": 91.015625,
      "RowIndex": 1,
      "ColumnIndex": 2,
      "RowSpan": 1,
      "ColumnSpan": 1,
      "Geometry": {
        "BoundingBox": {
          "Width": 0.10909843444824219,
          "Height": 0.04824630543589592,
          "Left": 0.34593579173088074,
          "Top": 0.38977330923080444
        },
        "Polygon": [
          {
            "X": 0.34593579173088074,
            "Y": 0.38977330923080444
          },
          {
            "X": 0.4549793004989624,
            "Y": 0.38978609442710876
          },
          {
            "X": 0.4550342261791229,
            "Y": 0.43799108266830444
          },
          {
            "X": 0.3460204303264618,
            "Y": 0.43801960349082947
          }
        ]
      },
      "Id": "613ef315-4897-4929-a630-66a30e143adc",
      "Relationships": [
        {
          "Type": "CHILD",
          "Ids": [
            "b8ca5e45-f283-4cd5-b0db-2cf7a1658df8",
            "cd3a3c8f-aee0-4ac6-81d7-e363d9b3dbaa"
          ]
        }
      ],
      "EntityTypes": [
        "COLUMN_HEADER"
      ],
      "Page": 1
    },
    {
      "BlockType": "CELL",
      "Confidence": 91.9921875,
      "RowIndex": 1,
      "ColumnIndex": 3,
      "RowSpan": 1,
      "ColumnSpan": 1,
      "Geometry": {
        "BoundingBox": {
          "Width": 0.1134442687034607,
          "Height": 0.04820498079061508,
          "Left": 0.4549793004989624,
          "Top": 0.38978609442710876
        },
        "Polygon": [
          {
            "X": 0.4549793004989624,
            "Y": 0.38978609442710876
          },
          {
            "X": 0.5683994889259338,
            "Y": 0.38979941606521606
          },
          {
            "X": 0.5684235692024231,
            "Y": 0.4379613995552063
          },
          {
            "X": 0.4550342261791229,
            "Y": 0.43799108266830444
          }
        ]
      },
      "Id": "6a044d6c-3162-42f0-8dad-764073ee3374",
      "Relationships": [
        {
          "Type": "CHILD",
          "Ids": [
            "baf5b9d5-0d78-45f1-a0a0-7540910dbf77",
            "ea638686-caa0-4664-9c1c-a2c68e3c880b"
          ]
        }
      ],
      "EntityTypes": [
        "COLUMN_HEADER"
      ],
      "Page": 1
    },
    {
      "BlockType": "CELL",
      "Confidence": 95.068359375,
      "RowIndex": 1,
      "ColumnIndex": 4,
      "RowSpan": 1,
      "ColumnSpan": 1,
      "Geometry": {
        "BoundingBox": {
          "Width": 0.20291560888290405,
          "Height": 0.04816199839115143,
          "Left": 0.5683994889259338,
          "Top": 0.38979941606521606
        },
        "Polygon": [
          {
            "X": 0.5683994889259338,
            "Y": 0.38979941606521606
          },
          {
            "X": 0.7713150978088379,
            "Y": 0.38982322812080383
          },
          {
            "X": 0.7712841629981995,
            "Y": 0.4379083216190338
          },
          {
            "X": 0.5684235692024231,
            "Y": 0.4379613995552063
          }
        ]
      },
      "Id": "b6aa40c4-3203-4f06-99bb-f57030dde909",
      "Relationships": [
        {
          "Type": "CHILD",
          "Ids": [
            "56366a01-7f7b-49e3-b50c-bb27caad1c1d",
            "fed17301-b278-4200-b7a3-b1129553bd9a",
            "4dd9de47-5465-4671-bf07-2442bc247054",
            "bc502e4c-73f2-46d1-b02e-83d789e9674d",
            "53df4872-3a74-42ac-8001-9c96cfcb39f6"
          ]
        }
      ],
      "EntityTypes": [
        "COLUMN_HEADER"
      ],
      "Page": 1
    },
    {
      "BlockType": "CELL",
      "Confidence": 88.037109375,
      "RowIndex": 2,
      "ColumnIndex": 1,
      "RowSpan": 1,
      "ColumnSpan": 1,
      "Geometry": {
        "BoundingBox": {
          "Width": 0.11611992120742798,
          "Height": 0.03750264272093773,
          "Left": 0.2299661785364151,
          "Top": 0.43801960349082947
        },
        "Polygon": [
          {
            "X": 0.2299661785364151,
            "Y": 0.43804997205734253
          },
          {
            "X": 0.3460204303264618,
            "Y": 0.43801960349082947
          },
          {
            "X": 0.3460860848426819,
            "Y": 0.4754577577114105
          },
          {
            "X": 0.23005643486976624,
            "Y": 0.4755222499370575
          }
        ]
      },
      "Id": "e57f981f-8cb0-497a-9e40-993d597020b3",
      "Relationships": [
        {
          "Type": "CHILD",
          "Ids": [
            "2bca6ed4-b672-4a08-aadc-89e4a71cdc94",
            "3f66c14d-60d7-4363-8d72-a703bc8807da"
          ]
        }
      ],
      "Page": 1
    },
    {
      "BlockType": "CELL",
      "Confidence": 86.1328125,
      "RowIndex": 2,
      "ColumnIndex": 2,
      "RowSpan": 1,
      "ColumnSpan": 1,
      "Geometry": {
        "BoundingBox": {
          "Width": 0.10905642807483673,
          "Height": 0.03746667876839638,
          "Left": 0.3460204303264618,
          "Top": 0.43799108266830444
        },
        "Polygon": [
          {
            "X": 0.3460204303264618,
            "Y": 0.43801960349082947
          },
          {
            "X": 0.4550342261791229,
            "Y": 0.43799108266830444
          },
          {
            "X": 0.45507684350013733,
            "Y": 0.4753971993923187
          },
          {
            "X": 0.3460860848426819,
            "Y": 0.4754577577114105
          }
        ]
      },
      "Id": "35678f55-4714-460e-832e-793ed5612d36",
      "Relationships": [
        {
          "Type": "CHILD",
          "Ids": [
            "ea400338-ea19-461d-87b6-74af2bd0c490"
          ]
        }
      ],
      "Page": 1
    },
    {
      "BlockType": "CELL",
      "Confidence": 87.01171875,
      "RowIndex": 2,
      "ColumnIndex": 3,
      "RowSpan": 1,
      "ColumnSpan": 1,
      "Geometry": {
        "BoundingBox": {
          "Width": 0.11340802907943726,
          "Height": 0.03743577376008034,
          "Left": 0.4550342261791229,
          "Top": 0.4379613995552063
        },
        "Polygon": [
          {
            "X": 0.4550342261791229,
            "Y": 0.43799108266830444
          },
          {
            "X": 0.5684235692024231,
            "Y": 0.4379613995552063
          },
          {
            "X": 0.5684422254562378,
            "Y": 0.47533416748046875
          },
          {
            "X": 0.45507684350013733,
            "Y": 0.4753971993923187
          }
        ]
      },
      "Id": "dd6b0c26-7aa5-47fc-9ee6-7e821bed2fda",
      "Relationships": [
        {
          "Type": "CHILD",
          "Ids": [
            "e0f0dd8c-0fa0-49cf-b5b5-93e7f70df6b1"
          ]
        }
      ],
      "Page": 1
    },
    {
      "BlockType": "CELL",
      "Confidence": 89.94140625,
      "RowIndex": 2,
      "ColumnIndex": 4,
      "RowSpan": 1,
      "ColumnSpan": 1,
      "Geometry": {
        "BoundingBox": {
          "Width": 0.20286057889461517,
          "Height": 0.037425849586725235,
          "Left": 0.5684235692024231,
          "Top": 0.4379083216190338
        },
        "Polygon": [
          {
            "X": 0.5684235692024231,
            "Y": 0.4379613995552063
          },
          {
            "X": 0.7712841629981995,
            "Y": 0.4379083216190338
          },
          {
            "X": 0.771260142326355,
            "Y": 0.4752214550971985
          },
          {
            "X": 0.5684422254562378,
            "Y": 0.47533416748046875
          }
        ]
      },
      "Id": "a4040532-2f01-4d56-a338-487302dc0330",
      "Relationships": [
        {
          "Type": "CHILD",
          "Ids": [
            "4d0482af-f4ee-498c-8737-3150b414fe4c"
          ]
        }
      ],
      "Page": 1
    },
    {
      "BlockType": "CELL",
      "Confidence": 86.279296875,
      "RowIndex": 3,
      "ColumnIndex": 1,
      "RowSpan": 1,
      "ColumnSpan": 1,
      "Geometry": {
        "BoundingBox": {
          "Width": 0.11608399450778961,
          "Height": 0.031064053997397423,
          "Left": 0.23005643486976624,
          "Top": 0.4754577577114105
        },
        "Polygon": [
          {
            "X": 0.23005643486976624,
            "Y": 0.4755222499370575
          },
          {
            "X": 0.3460860848426819,
            "Y": 0.4754577577114105
          },
          {
            "X": 0.34614041447639465,
            "Y": 0.506429135799408
          },
          {
            "X": 0.2301310896873474,
            "Y": 0.5065218210220337
          }
        ]
      },
      "Id": "95a2f0bc-1500-4e2d-9e7f-ef723069390c",
      "Relationships": [
        {
          "Type": "CHILD",
          "Ids": [
            "065a737e-82c5-430c-855d-206d7166ea65"
          ]
        }
      ],
      "Page": 1
    },
    {
      "BlockType": "CELL",
      "Confidence": 84.375,
      "RowIndex": 3,
      "ColumnIndex": 2,
      "RowSpan": 1,
      "ColumnSpan": 1,
      "Geometry": {
        "BoundingBox": {
          "Width": 0.10902601480484009,
          "Height": 0.031031925231218338,
          "Left": 0.3460860848426819,
          "Top": 0.4753971993923187
        },
        "Polygon": [
          {
            "X": 0.3460860848426819,
            "Y": 0.4754577577114105
          },
          {
            "X": 0.45507684350013733,
            "Y": 0.4753971993923187
          },
          {
            "X": 0.455112099647522,
            "Y": 0.5063420534133911
          },
          {
            "X": 0.34614041447639465,
            "Y": 0.506429135799408
          }
        ]
      },
      "Id": "a4f2241b-079e-4f7b-923c-8ebdfdc6f2e3",
      "Relationships": [
        {
          "Type": "CHILD",
          "Ids": [
            "0832d061-e82e-4ffd-a8da-74cb9c33e28e"
          ]
        }
      ],
      "Page": 1
    },
    {
      "BlockType": "CELL",
      "Confidence": 85.25390625,
      "RowIndex": 3,
      "ColumnIndex": 3,
      "RowSpan": 1,
      "ColumnSpan": 1,
      "Geometry": {
        "BoundingBox": {
          "Width": 0.11338087171316147,
          "Height": 0.031007852405309677,
          "Left": 0.45507684350013733,
          "Top": 0.47533416748046875
        },
        "Polygon": [
          {
            "X": 0.45507684350013733,
            "Y": 0.4753971993923187
          },
          {
            "X": 0.5684422254562378,
            "Y": 0.47533416748046875
          },
          {
            "X": 0.5684577226638794,
            "Y": 0.5062514543533325
          },
          {
            "X": 0.455112099647522,
            "Y": 0.5063420534133911
          }
        ]
      },
      "Id": "e1cd97af-a542-4810-8ad8-56c402e08526",
      "Relationships": [
        {
          "Type": "CHILD",
          "Ids": [
            "53c18705-a5eb-445e-ab13-e1a5042d776f"
          ]
        }
      ],
      "Page": 1
    },
    {
      "BlockType": "CELL",
      "Confidence": 88.134765625,
      "RowIndex": 3,
      "ColumnIndex": 4,
      "RowSpan": 1,
      "ColumnSpan": 1,
      "Geometry": {
        "BoundingBox": {
          "Width": 0.2028178721666336,
          "Height": 0.03103000298142433,
          "Left": 0.5684422254562378,
          "Top": 0.4752214550971985
        },
        "Polygon": [
          {
            "X": 0.5684422254562378,
            "Y": 0.47533416748046875
          },
          {
            "X": 0.771260142326355,
            "Y": 0.4752214550971985
          },
          {
            "X": 0.771240234375,
            "Y": 0.5060893893241882
          },
          {
            "X": 0.5684577226638794,
            "Y": 0.5062514543533325
          }
        ]
      },
      "Id": "86a696f8-4589-44af-8564-87317d734c91",
      "Relationships": [
        {
          "Type": "CHILD",
          "Ids": [
            "4ac11996-aa5b-4533-86e2-90ef7307a011"
          ]
        }
      ],
      "Page": 1
    },
    {
      "BlockType": "CELL",
      "Confidence": 87.255859375,
      "RowIndex": 4,
      "ColumnIndex": 1,
      "RowSpan": 1,
      "ColumnSpan": 1,
      "Geometry": {
        "BoundingBox": {
          "Width": 0.11606363952159882,
          "Height": 0.031081432476639748,
          "Left": 0.2301310896873474,
          "Top": 0.506429135799408
        },
        "Polygon": [
          {
            "X": 0.2301310896873474,
            "Y": 0.5065218210220337
          },
          {
            "X": 0.34614041447639465,
            "Y": 0.506429135799408
          },
          {
            "X": 0.3461947441101074,
            "Y": 0.5373896360397339
          },
          {
            "X": 0.2302057296037674,
            "Y": 0.5375105142593384
          }
        ]
      },
      "Id": "84a69b51-b17d-441b-8279-4c5817c29361",
      "Relationships": [
        {
          "Type": "CHILD",
          "Ids": [
            "d5744058-d849-4dec-ba12-93f595a1c33f"
          ]
        }
      ],
      "Page": 1
    },
    {
      "BlockType": "CELL",
      "Confidence": 85.3515625,
      "RowIndex": 4,
      "ColumnIndex": 2,
      "RowSpan": 1,
      "ColumnSpan": 1,
      "Geometry": {
        "BoundingBox": {
          "Width": 0.10900693386793137,
          "Height": 0.03104761242866516,
          "Left": 0.34614041447639465,
          "Top": 0.5063420534133911
        },
        "Polygon": [
          {
            "X": 0.34614041447639465,
            "Y": 0.506429135799408
          },
          {
            "X": 0.455112099647522,
            "Y": 0.5063420534133911
          },
          {
            "X": 0.4551473557949066,
            "Y": 0.5372760891914368
          },
          {
            "X": 0.3461947441101074,
            "Y": 0.5373896360397339
          }
        ]
      },
      "Id": "bcc20330-5471-48bb-83cb-a9097c88364f",
      "Relationships": [
        {
          "Type": "CHILD",
          "Ids": [
            "4518dfff-3f96-44ac-9c13-1d5899a093b6"
          ]
        }
      ],
      "Page": 1
    },
    {
      "BlockType": "CELL",
      "Confidence": 86.23046875,
      "RowIndex": 4,
      "ColumnIndex": 3,
      "RowSpan": 1,
      "ColumnSpan": 1,
      "Geometry": {
        "BoundingBox": {
          "Width": 0.11336106806993484,
          "Height": 0.031024621799588203,
          "Left": 0.455112099647522,
          "Top": 0.5062514543533325
        },
        "Polygon": [
          {
            "X": 0.455112099647522,
            "Y": 0.5063420534133911
          },
          {
            "X": 0.5684577226638794,
            "Y": 0.5062514543533325
          },
          {
            "X": 0.5684731602668762,
            "Y": 0.5371579527854919
          },
          {
            "X": 0.4551473557949066,
            "Y": 0.5372760891914368
          }
        ]
      },
      "Id": "fb432355-dbcf-4e04-974c-ca2307a76d76",
      "Relationships": [
        {
          "Type": "CHILD",
          "Ids": [
            "e4f11ab7-59b3-426f-9360-4d0923f8fef6"
          ]
        }
      ],
      "Page": 1
    },
    {
      "BlockType": "CELL",
      "Confidence": 89.111328125,
      "RowIndex": 4,
      "ColumnIndex": 4,
      "RowSpan": 1,
      "ColumnSpan": 1,
      "Geometry": {
        "BoundingBox": {
          "Width": 0.2027825266122818,
          "Height": 0.03106854483485222,
          "Left": 0.5684577226638794,
          "Top": 0.5060893893241882
        },
        "Polygon": [
          {
            "X": 0.5684577226638794,
            "Y": 0.5062514543533325
          },
          {
            "X": 0.771240234375,
            "Y": 0.5060893893241882
          },
          {
            "X": 0.7712203860282898,
            "Y": 0.5369465947151184
          },
          {
            "X": 0.5684731602668762,
            "Y": 0.5371579527854919
          }
        ]
      },
      "Id": "18eebd43-b232-47e2-8bdd-649ddfac0277",
      "Relationships": [
        {
          "Type": "CHILD",
          "Ids": [
            "e91807a3-8ba7-4952-a22e-ccd85502a352"
          ]
        }
      ],
      "Page": 1
    },
    {
      "BlockType": "CELL",
      "Confidence": 85.009765625,
      "RowIndex": 5,
      "ColumnIndex": 1,
      "RowSpan": 1,
      "ColumnSpan": 1,
      "Geometry": {
        "BoundingBox": {
          "Width": 0.11604329198598862,
          "Height": 0.031098797917366028,
          "Left": 0.2302057296037674,
          "Top": 0.5373896360397339
        },
        "Polygon": [
          {
            "X": 0.2302057296037674,
            "Y": 0.5375105142593384
          },
          {
            "X": 0.3461947441101074,
            "Y": 0.5373896360397339
          },
          {
            "X": 0.3462490141391754,
            "Y": 0.5683393478393555
          },
          {
            "X": 0.230280339717865,
            "Y": 0.5684884190559387
          }
        ]
      },
      "Id": "914c2537-8896-45a3-947a-ddfa37e106c6",
      "Relationships": [
        {
          "Type": "CHILD",
          "Ids": [
            "ea6da74a-cd89-4c53-8d88-b15d2075d3fe"
          ]
        }
      ],
      "Page": 1
    },
    {
      "BlockType": "CELL",
      "Confidence": 83.154296875,
      "RowIndex": 5,
      "ColumnIndex": 2,
      "RowSpan": 1,
      "ColumnSpan": 1,
      "Geometry": {
        "BoundingBox": {
          "Width": 0.10898786038160324,
          "Height": 0.03106328658759594,
          "Left": 0.3461947441101074,
          "Top": 0.5372760891914368
        },
        "Polygon": [
          {
            "X": 0.3461947441101074,
            "Y": 0.5373896360397339
          },
          {
            "X": 0.4551473557949066,
            "Y": 0.5372760891914368
          },
          {
            "X": 0.45518258213996887,
            "Y": 0.5681993365287781
          },
          {
            "X": 0.3462490141391754,
            "Y": 0.5683393478393555
          }
        ]
      },
      "Id": "fa09f358-4266-4ce1-9304-e2ea9d102eda",
      "Relationships": [
        {
          "Type": "CHILD",
          "Ids": [
            "35124173-9b60-4757-a964-28e8ca3e9af2"
          ]
        }
      ],
      "Page": 1
    },
    {
      "BlockType": "CELL",
      "Confidence": 84.033203125,
      "RowIndex": 5,
      "ColumnIndex": 3,
      "RowSpan": 1,
      "ColumnSpan": 1,
      "Geometry": {
        "BoundingBox": {
          "Width": 0.11334127187728882,
          "Height": 0.031041376292705536,
          "Left": 0.4551473557949066,
          "Top": 0.5371579527854919
        },
        "Polygon": [
          {
            "X": 0.4551473557949066,
            "Y": 0.5372760891914368
          },
          {
            "X": 0.5684731602668762,
            "Y": 0.5371579527854919
          },
          {
            "X": 0.568488597869873,
            "Y": 0.568053662776947
          },
          {
            "X": 0.45518258213996887,
            "Y": 0.5681993365287781
          }
        ]
      },
      "Id": "8aae3c16-caaa-4668-afee-500127e1f872",
      "Relationships": [
        {
          "Type": "CHILD",
          "Ids": [
            "26100f10-fb3c-4c45-a37b-686b5ac24389"
          ]
        }
      ],
      "Page": 1
    },
    {
      "BlockType": "CELL",
      "Confidence": 86.865234375,
      "RowIndex": 5,
      "ColumnIndex": 4,
      "RowSpan": 1,
      "ColumnSpan": 1,
      "Geometry": {
        "BoundingBox": {
          "Width": 0.20274721086025238,
          "Height": 0.031107058748602867,
          "Left": 0.5684731602668762,
          "Top": 0.5369465947151184
        },
        "Polygon": [
          {
            "X": 0.5684731602668762,
            "Y": 0.5371579527854919
          },
          {
            "X": 0.7712203860282898,
            "Y": 0.5369465947151184
          },
          {
            "X": 0.7712005376815796,
            "Y": 0.567793071269989
          },
          {
            "X": 0.568488597869873,
            "Y": 0.568053662776947
          }
        ]
      },
      "Id": "d58c1213-1fdb-4302-be7f-2364129b6d23",
      "Relationships": [
        {
          "Type": "CHILD",
          "Ids": [
            "990f3297-66cd-47d2-a9bf-fbf527472453"
          ]
        }
      ],
      "Page": 1
    },
    {
      "BlockType": "CELL",
      "Confidence": 92.7734375,
      "RowIndex": 6,
      "ColumnIndex": 1,
      "RowSpan": 1,
      "ColumnSpan": 1,
      "Geometry": {
        "BoundingBox": {
          "Width": 0.11604193598031998,
          "Height": 0.0419452078640461,
          "Left": 0.230280339717865,
          "Top": 0.5683393478393555
        },
        "Polygon": [
          {
            "X": 0.230280339717865,
            "Y": 0.5684884190559387
          },
          {
            "X": 0.3462490141391754,
            "Y": 0.5683393478393555
          },
          {
            "X": 0.34632226824760437,
            "Y": 0.6100974678993225
          },
          {
            "X": 0.23038101196289062,
            "Y": 0.6102845668792725
          }
        ]
      },
      "Id": "ccba661c-9731-4308-9c2e-1b8d4d7f65b7",
      "Relationships": [
        {
          "Type": "CHILD",
          "Ids": [
            "737df839-95af-4425-b345-cde18b0ff524"
          ]
        }
      ],
      "Page": 1
    },
    {
      "BlockType": "CELL",
      "Confidence": 90.72265625,
      "RowIndex": 6,
      "ColumnIndex": 2,
      "RowSpan": 1,
      "ColumnSpan": 1,
      "Geometry": {
        "BoundingBox": {
          "Width": 0.10898111760616302,
          "Height": 0.04189816489815712,
          "Left": 0.3462490141391754,
          "Top": 0.5681993365287781
        },
        "Polygon": [
          {
            "X": 0.3462490141391754,
            "Y": 0.5683393478393555
          },
          {
            "X": 0.45518258213996887,
            "Y": 0.5681993365287781
          },
          {
            "X": 0.45523014664649963,
            "Y": 0.6099217534065247
          },
          {
            "X": 0.34632226824760437,
            "Y": 0.6100974678993225
          }
        ]
      },
      "Id": "183a75a0-e09b-4f0b-9760-cc04dd68d4b8",
      "Relationships": [
        {
          "Type": "CHILD",
          "Ids": [
            "71cfa786-0bf8-4e74-8107-8084ae84b8a8"
          ]
        }
      ],
      "Page": 1
    },
    {
      "BlockType": "CELL",
      "Confidence": 91.650390625,
      "RowIndex": 6,
      "ColumnIndex": 3,
      "RowSpan": 1,
      "ColumnSpan": 1,
      "Geometry": {
        "BoundingBox": {
          "Width": 0.11332687735557556,
          "Height": 0.04186808690428734,
          "Left": 0.45518258213996887,
          "Top": 0.568053662776947
        },
        "Polygon": [
          {
            "X": 0.45518258213996887,
            "Y": 0.5681993365287781
          },
          {
            "X": 0.568488597869873,
            "Y": 0.568053662776947
          },
          {
            "X": 0.5685094594955444,
            "Y": 0.6097389459609985
          },
          {
            "X": 0.45523014664649963,
            "Y": 0.6099217534065247
          }
        ]
      },
      "Id": "8ca96451-3eb6-4817-b296-c5c0d5d06405",
      "Relationships": [
        {
          "Type": "CHILD",
          "Ids": [
            "9d74e693-2806-446a-b6fc-7d07d1ea4955"
          ]
        }
      ],
      "Page": 1
    },
    {
      "BlockType": "CELL",
      "Confidence": 94.7265625,
      "RowIndex": 6,
      "ColumnIndex": 4,
      "RowSpan": 1,
      "ColumnSpan": 1,
      "Geometry": {
        "BoundingBox": {
          "Width": 0.20271191000938416,
          "Height": 0.041945893317461014,
          "Left": 0.568488597869873,
          "Top": 0.567793071269989
        },
        "Polygon": [
          {
            "X": 0.568488597869873,
            "Y": 0.568053662776947
          },
          {
            "X": 0.7712005376815796,
            "Y": 0.567793071269989
          },
          {
            "X": 0.7711737155914307,
            "Y": 0.6094119548797607
          },
          {
            "X": 0.5685094594955444,
            "Y": 0.6097389459609985
          }
        ]
      },
      "Id": "6c9590c1-25a4-4828-bf91-a783aab08b3e",
      "Relationships": [
        {
          "Type": "CHILD",
          "Ids": [
            "a342541e-b303-491d-8bd8-2296ad5aae5b"
          ]
        }
      ],
      "Page": 1
    }
  ],
  "AnalyzeDocumentModelVersion": "1.0"
}