{
  "DocumentMetadata": {
    "Pages": 1
  },
  "JobStatus": "SUCCEEDED",
  "Blocks": [
    {
      "BlockType": "PAGE",
      "Geometry": {
        "BoundingBox": {
          "Width": 1,
          "Height": 1,
          "Left": 0,
          "Top": 0
        },
        "Polygon": [
          {
            "X": 0,
            "Y": 0
          },
          {
            "X": 1,
            "Y": 9.170834687211027e-7
          },
          {
            "X": 1,
            "Y": 1
          },
          {
            "X": 0.00006596188904950395,
            "Y": 1
          }
        ]
      },
      "Id": "ae0f828d-7965-4fdb-9478-e9d883de5f1d",
      "Relationships": [
        {
          "Type": "CHILD",
          "Ids": [
            "6b713788-8191-49b2-b0d4-9dcb0008bd7c",
            "ef4c05d2-89eb-4ceb-9316-55b052947e78",
            "fb4c268f-f67e-4aaf-bdbf-456ae426f889",
            "9c2d5796-d8e1-4e11-bdd6-9a077707dabe",
            "08ec69d5-f87c-44c4-bd42-63f6694cb442",
            "cd553013-00df-4bce-9cfa-008f4d1581aa",
            "ad526a27-b553-4d45-bfc0-8636d474fdeb",
            "f4896efb-7b55-46f2-9808-4069abb1ddad",
            "21d145e5-3fad-4c37-af4c-4ef1625a081b",
            "fb2d7d04-4876-49db-b05b-95cd2d5080cd",
            "84e2829c-0158-48ba-a297-bc74e393690d",
            "476dd4ca-5a5f-49cd-9318-08d37ad18bea",
            "57bda654-b29c-4f0d-8dda-af25923ed2c9",
            "931eae3f-4acb-450b-8c8b-7f76d8c4c5c1",
            "48299585-6dad-4d24-8508-284ae7c4966d",
            "4c2331de-8287-4048-a802-77b2fa7d6a2a",
            "272966ec-3f7b-4411-85d6-6d78bbc1a1c7",
            "9327307f-7e63-4f1f-9b08-407ac018631d",
            "2a601008-ccb2-45ae-8578-78a8d5b08bd4",
            "c00ed925-9033-42e7-8390-d1c76651895d",
            "1a2e986c-a410-4bf5-966f-50592e285ea6"
          ]
        }
      ],
      "Page": 1
    },
    {
      "BlockType": "LINE",
      "Confidence": 99.63374328613281,
      "Text": "Resin",
      "Geometry": {
        "BoundingBox": {
          "Width": 0.024142971262335777,
          "Height": 0.021193640306591988,
          "Left": 0.17759406566619873,
          "Top": 0.43051937222480774
        },
        "Polygon": [
          {
            "X": 0.17759406566619873,
            "Y": 0.43051937222480774
          },
          {
            "X": 0.20070374011993408,
            "Y": 0.43054941296577454
          },
          {
            "X": 0.20173704624176025,
            "Y": 0.45171302556991577
          },
          {
            "X": 0.17862549424171448,
            "Y": 0.4516837000846863
          }
        ]
      },
      "Id": "6b713788-8191-49b2-b0d4-9dcb0008bd7c",
      "Relationships": [
        {
          "Type": "CHILD",
          "Ids": [
            "cfe015dc-b356-4111-bf4c-8639f88d0242"
          ]
        }
      ],
      "Page": 1
    },
    {
      "BlockType": "LINE",
      "Confidence": 99.73001098632812,
      "Text": "Pull off resistance (MP)",
      "Geometry": {
        "BoundingBox": {
          "Width": 0.10226834565401077,
          "Height": 0.02739621140062809,
          "Left": 0.3049716353416443,
          "Top": 0.42962461709976196
        },
        "Polygon": [
          {
            "X": 0.3049716353416443,
            "Y": 0.42962461709976196
          },
          {
            "X": 0.4058869779109955,
            "Y": 0.42975592613220215
          },
          {
            "X": 0.40723997354507446,
            "Y": 0.4570208489894867
          },
          {
            "X": 0.3063141107559204,
            "Y": 0.45689353346824646
          }
        ]
      },
      "Id": "ef4c05d2-89eb-4ceb-9316-55b052947e78",
      "Relationships": [
        {
          "Type": "CHILD",
          "Ids": [
            "28e856ff-b281-498a-90b8-26503df72396",
            "1637ef57-e2ac-45bd-a4e5-126b1ac86fab",
            "bf7627de-d339-4426-bd4a-45f1373efbe6",
            "4ab558ad-08a6-4eaf-9d6f-489450e94430"
          ]
        }
      ],
      "Page": 1
    },
    {
      "BlockType": "LINE",
      "Confidence": 92.0915298461914,
      "Text": "Impact strength (J)",
      "Geometry": {
        "BoundingBox": {
          "Width": 0.08317479491233826,
          "Height": 0.026611896231770515,
          "Left": 0.4823019504547119,
          "Top": 0.43042173981666565
        },
        "Polygon": [
          {
            "X": 0.4823019504547119,
            "Y": 0.43042173981666565
          },
          {
            "X": 0.5641450881958008,
            "Y": 0.4305281639099121
          },
          {
            "X": 0.5654767751693726,
            "Y": 0.4570336639881134
          },
          {
            "X": 0.4836253225803375,
            "Y": 0.45693036913871765
          }
        ]
      },
      "Id": "fb4c268f-f67e-4aaf-bdbf-456ae426f889",
      "Relationships": [
        {
          "Type": "CHILD",
          "Ids": [
            "9b2c2b39-0e0c-4a94-b96a-fb787e0e4b6a",
            "264a6397-42fb-4003-b816-b65d658a4d8b",
            "5838f22a-e763-47b3-a3cf-03da3840f95e"
          ]
        }
      ],
      "Page": 1
    },
    {
      "BlockType": "LINE",
      "Confidence": 99.93527221679688,
      "Text": "Hardness",
      "Geometry": {
        "BoundingBox": {
          "Width": 0.04104786738753319,
          "Height": 0.021837210282683372,
          "Left": 0.6404991745948792,
          "Top": 0.43062084913253784
        },
        "Polygon": [
          {
            "X": 0.6404991745948792,
            "Y": 0.43062084913253784
          },
          {
            "X": 0.6804426312446594,
            "Y": 0.4306727945804596
          },
          {
            "X": 0.6815469861030579,
            "Y": 0.45245808362960815
          },
          {
            "X": 0.6416002511978149,
            "Y": 0.4524073898792267
          }
        ]
      },
      "Id": "9c2d5796-d8e1-4e11-bdd6-9a077707dabe",
      "Relationships": [
        {
          "Type": "CHILD",
          "Ids": [
            "29994c48-dfc3-4104-946d-02f6918da0c1"
          ]
        }
      ],
      "Page": 1
    },
    {
      "BlockType": "LINE",
      "Confidence": 99.70439910888672,
      "Text": "T-bend (mm)",
      "Geometry": {
        "BoundingBox": {
          "Width": 0.059663064777851105,
          "Height": 0.026724373921751976,
          "Left": 0.7568216919898987,
          "Top": 0.43011030554771423
        },
        "Polygon": [
          {
            "X": 0.7568216919898987,
            "Y": 0.43011030554771423
          },
          {
            "X": 0.8151198029518127,
            "Y": 0.4301861822605133
          },
          {
            "X": 0.8164847493171692,
            "Y": 0.45683470368385315
          },
          {
            "X": 0.7581806778907776,
            "Y": 0.45676109194755554
          }
        ]
      },
      "Id": "08ec69d5-f87c-44c4-bd42-63f6694cb442",
      "Relationships": [
        {
          "Type": "CHILD",
          "Ids": [
            "b3cf9c88-d924-4ba2-b724-7ed0db4e4c86",
            "dc499cf4-68d7-42d4-b70d-b48d619b555e"
          ]
        }
      ],
      "Page": 1
    },
    {
      "BlockType": "LINE",
      "Confidence": 99.50856018066406,
      "Text": "TGK/RC",
      "Geometry": {
        "BoundingBox": {
          "Width": 0.034618034958839417,
          "Height": 0.02557404525578022,
          "Left": 0.17726723849773407,
          "Top": 0.47884437441825867
        },
        "Polygon": [
          {
            "X": 0.17726723849773407,
            "Y": 0.47884437441825867
          },
          {
            "X": 0.2106378823518753,
            "Y": 0.47888538241386414
          },
          {
            "X": 0.2118852734565735,
            "Y": 0.5044184327125549
          },
          {
            "X": 0.1785113662481308,
            "Y": 0.504378616809845
          }
        ]
      },
      "Id": "cd553013-00df-4bce-9cfa-008f4d1581aa",
      "Relationships": [
        {
          "Type": "CHILD",
          "Ids": [
            "1f4e55f1-5113-4b49-b5b3-00d8339511c2"
          ]
        }
      ],
      "Page": 1
    },
    {
      "BlockType": "LINE",
      "Confidence": 99.94849395751953,
      "Text": "9",
      "Geometry": {
        "BoundingBox": {
          "Width": 0.0065348027274012566,
          "Height": 0.020211562514305115,
          "Left": 0.30508536100387573,
          "Top": 0.47973427176475525
        },
        "Polygon": [
          {
            "X": 0.30508536100387573,
            "Y": 0.47973427176475525
          },
          {
            "X": 0.31062519550323486,
            "Y": 0.47974106669425964
          },
          {
            "X": 0.31162014603614807,
            "Y": 0.49994581937789917
          },
          {
            "X": 0.3060798645019531,
            "Y": 0.4999392032623291
          }
        ]
      },
      "Id": "ad526a27-b553-4d45-bfc0-8636d474fdeb",
      "Relationships": [
        {
          "Type": "CHILD",
          "Ids": [
            "b0f54eed-757c-4847-80be-11ddc86f405d"
          ]
        }
      ],
      "Page": 1
    },
    {
      "BlockType": "LINE",
      "Confidence": 99.89482879638672,
      "Text": "8",
      "Geometry": {
        "BoundingBox": {
          "Width": 0.006271101534366608,
          "Height": 0.020210573449730873,
          "Left": 0.4823080003261566,
          "Top": 0.47954365611076355
        },
        "Polygon": [
          {
            "X": 0.4823080003261566,
            "Y": 0.47954365611076355
          },
          {
            "X": 0.48757025599479675,
            "Y": 0.4795501232147217
          },
          {
            "X": 0.4885790944099426,
            "Y": 0.49975425004959106
          },
          {
            "X": 0.48331645131111145,
            "Y": 0.4997479319572449
          }
        ]
      },
      "Id": "f4896efb-7b55-46f2-9808-4069abb1ddad",
      "Relationships": [
        {
          "Type": "CHILD",
          "Ids": [
            "98165884-3699-4c9a-b7c6-77e8a24e6781"
          ]
        }
      ],
      "Page": 1
    },
    {
      "BlockType": "LINE",
      "Confidence": 99.61443328857422,
      "Text": "5H",
      "Geometry": {
        "BoundingBox": {
          "Width": 0.013766486197710037,
          "Height": 0.020757656544446945,
          "Left": 0.6406129598617554,
          "Top": 0.4794044494628906
        },
        "Polygon": [
          {
            "X": 0.6406129598617554,
            "Y": 0.4794044494628906
          },
          {
            "X": 0.6533303260803223,
            "Y": 0.4794200658798218
          },
          {
            "X": 0.6543794274330139,
            "Y": 0.5001621246337891
          },
          {
            "X": 0.6416610479354858,
            "Y": 0.5001468658447266
          }
        ]
      },
      "Id": "21d145e5-3fad-4c37-af4c-4ef1625a081b",
      "Relationships": [
        {
          "Type": "CHILD",
          "Ids": [
            "c30a7ad9-ea5d-4b49-a2c7-f80df9af0ff8"
          ]
        }
      ],
      "Page": 1
    },
    {
      "BlockType": "LINE",
      "Confidence": 99.68437957763672,
      "Text": "<4",
      "Geometry": {
        "BoundingBox": {
          "Width": 0.011098328046500683,
          "Height": 0.02058875560760498,
          "Left": 0.757786750793457,
          "Top": 0.47949546575546265
        },
        "Polygon": [
          {
            "X": 0.757786750793457,
            "Y": 0.47949546575546265
          },
          {
            "X": 0.7678351402282715,
            "Y": 0.47950783371925354
          },
          {
            "X": 0.76888507604599,
            "Y": 0.5000842213630676
          },
          {
            "X": 0.7588358521461487,
            "Y": 0.500072181224823
          }
        ]
      },
      "Id": "fb2d7d04-4876-49db-b05b-95cd2d5080cd",
      "Relationships": [
        {
          "Type": "CHILD",
          "Ids": [
            "6bf410c5-124f-471c-ada1-8fcedf534d31"
          ]
        }
      ],
      "Page": 1
    },
    {
      "BlockType": "LINE",
      "Confidence": 99.75830841064453,
      "Text": "TGK/PPD",
      "Geometry": {
        "BoundingBox": {
          "Width": 0.039868686348199844,
          "Height": 0.025105653330683708,
          "Left": 0.177385151386261,
          "Top": 0.5121776461601257
        },
        "Polygon": [
          {
            "X": 0.177385151386261,
            "Y": 0.5121776461601257
          },
          {
            "X": 0.21602919697761536,
            "Y": 0.5122232437133789
          },
          {
            "X": 0.21725384891033173,
            "Y": 0.5372833013534546
          },
          {
            "X": 0.1786060929298401,
            "Y": 0.5372390747070312
          }
        ]
      },
      "Id": "84e2829c-0158-48ba-a297-bc74e393690d",
      "Relationships": [
        {
          "Type": "CHILD",
          "Ids": [
            "0aa841e3-f288-4a8f-880e-e3fe343ab73e"
          ]
        }
      ],
      "Page": 1
    },
    {
      "BlockType": "LINE",
      "Confidence": 99.95609283447266,
      "Text": "6",
      "Geometry": {
        "BoundingBox": {
          "Width": 0.006510713137686253,
          "Height": 0.019931165501475334,
          "Left": 0.3051212430000305,
          "Top": 0.5129601955413818
        },
        "Polygon": [
          {
            "X": 0.3051212430000305,
            "Y": 0.5129601955413818
          },
          {
            "X": 0.31065091490745544,
            "Y": 0.5129666924476624
          },
          {
            "X": 0.3116319477558136,
            "Y": 0.5328913331031799
          },
          {
            "X": 0.30610185861587524,
            "Y": 0.5328850150108337
          }
        ]
      },
      "Id": "476dd4ca-5a5f-49cd-9318-08d37ad18bea",
      "Relationships": [
        {
          "Type": "CHILD",
          "Ids": [
            "31f8205d-5c15-4040-ad5a-6ab84deae204"
          ]
        }
      ],
      "Page": 1
    },
    {
      "BlockType": "LINE",
      "Confidence": 99.85778045654297,
      "Text": "5",
      "Geometry": {
        "BoundingBox": {
          "Width": 0.006134237628430128,
          "Height": 0.019459981471300125,
          "Left": 0.48254022002220154,
          "Top": 0.5133395791053772
        },
        "Polygon": [
          {
            "X": 0.48254022002220154,
            "Y": 0.5133395791053772
          },
          {
            "X": 0.4877031743526459,
            "Y": 0.5133456587791443
          },
          {
            "X": 0.48867446184158325,
            "Y": 0.5327995419502258
          },
          {
            "X": 0.4835111200809479,
            "Y": 0.5327936410903931
          }
        ]
      },
      "Id": "57bda654-b29c-4f0d-8dda-af25923ed2c9",
      "Relationships": [
        {
          "Type": "CHILD",
          "Ids": [
            "1f9879f0-7b39-4202-a78b-c26bbd7d5a6f"
          ]
        }
      ],
      "Page": 1
    },
    {
      "BlockType": "LINE",
      "Confidence": 99.9142074584961,
      "Text": "2H",
      "Geometry": {
        "BoundingBox": {
          "Width": 0.01352973934262991,
          "Height": 0.019864529371261597,
          "Left": 0.6406368613243103,
          "Top": 0.5128093957901001
        },
        "Polygon": [
          {
            "X": 0.6406368613243103,
            "Y": 0.5128093957901001
          },
          {
            "X": 0.6531627178192139,
            "Y": 0.5128241777420044
          },
          {
            "X": 0.654166579246521,
            "Y": 0.5326739549636841
          },
          {
            "X": 0.6416397094726562,
            "Y": 0.5326594710350037
          }
        ]
      },
      "Id": "931eae3f-4acb-450b-8c8b-7f76d8c4c5c1",
      "Relationships": [
        {
          "Type": "CHILD",
          "Ids": [
            "db4b66d9-5d6e-4db2-a45b-6f6443ccc26b"
          ]
        }
      ],
      "Page": 1
    },
    {
      "BlockType": "LINE",
      "Confidence": 99.74221801757812,
      "Text": "<4",
      "Geometry": {
        "BoundingBox": {
          "Width": 0.011132077313959599,
          "Height": 0.01897522807121277,
          "Left": 0.7577401995658875,
          "Top": 0.5132631659507751
        },
        "Polygon": [
          {
            "X": 0.7577401995658875,
            "Y": 0.5132631659507751
          },
          {
            "X": 0.7679047584533691,
            "Y": 0.5132752060890198
          },
          {
            "X": 0.7688722610473633,
            "Y": 0.5322384238243103
          },
          {
            "X": 0.7587069272994995,
            "Y": 0.5322266817092896
          }
        ]
      },
      "Id": "48299585-6dad-4d24-8508-284ae7c4966d",
      "Relationships": [
        {
          "Type": "CHILD",
          "Ids": [
            "80f1272e-8f09-4ebd-9a43-a9ac9eef527f"
          ]
        }
      ],
      "Page": 1
    },
    {
      "BlockType": "LINE",
      "Confidence": 99.29585266113281,
      "Text": "DGEBA/PPD",
      "Geometry": {
        "BoundingBox": {
          "Width": 0.052101388573646545,
          "Height": 0.025892237201333046,
          "Left": 0.17736898362636566,
          "Top": 0.5448123216629028
        },
        "Polygon": [
          {
            "X": 0.17736898362636566,
            "Y": 0.5448123216629028
          },
          {
            "X": 0.2282067984342575,
            "Y": 0.5448698997497559
          },
          {
            "X": 0.2294703722000122,
            "Y": 0.5707045197486877
          },
          {
            "X": 0.17862752079963684,
            "Y": 0.5706488490104675
          }
        ]
      },
      "Id": "4c2331de-8287-4048-a802-77b2fa7d6a2a",
      "Relationships": [
        {
          "Type": "CHILD",
          "Ids": [
            "eb72acf7-216b-4232-998a-ae37fc2df72d"
          ]
        }
      ],
      "Page": 1
    },
    {
      "BlockType": "LINE",
      "Confidence": 99.93894958496094,
      "Text": "4",
      "Geometry": {
        "BoundingBox": {
          "Width": 0.006862821523100138,
          "Height": 0.020473141223192215,
          "Left": 0.30477461218833923,
          "Top": 0.5460323691368103
        },
        "Polygon": [
          {
            "X": 0.30477461218833923,
            "Y": 0.5460323691368103
          },
          {
            "X": 0.31062984466552734,
            "Y": 0.5460389852523804
          },
          {
            "X": 0.31163743138313293,
            "Y": 0.566505491733551
          },
          {
            "X": 0.3057817220687866,
            "Y": 0.5664990544319153
          }
        ]
      },
      "Id": "272966ec-3f7b-4411-85d6-6d78bbc1a1c7",
      "Relationships": [
        {
          "Type": "CHILD",
          "Ids": [
            "b6457bdc-07b0-4cf6-8797-431028e30a44"
          ]
        }
      ],
      "Page": 1
    },
    {
      "BlockType": "LINE",
      "Confidence": 99.9353256225586,
      "Text": "6",
      "Geometry": {
        "BoundingBox": {
          "Width": 0.006320171989500523,
          "Height": 0.019993271678686142,
          "Left": 0.4825291335582733,
          "Top": 0.5460708141326904
        },
        "Polygon": [
          {
            "X": 0.4825291335582733,
            "Y": 0.5460708141326904
          },
          {
            "X": 0.48785150051116943,
            "Y": 0.5460768938064575
          },
          {
            "X": 0.48884931206703186,
            "Y": 0.5660641193389893
          },
          {
            "X": 0.4835265278816223,
            "Y": 0.5660582184791565
          }
        ]
      },
      "Id": "9327307f-7e63-4f1f-9b08-407ac018631d",
      "Relationships": [
        {
          "Type": "CHILD",
          "Ids": [
            "8ca27a4e-c95a-4ccc-b1f2-0368a8bd5603"
          ]
        }
      ],
      "Page": 1
    },
    {
      "BlockType": "LINE",
      "Confidence": 99.9406967163086,
      "Text": "4H",
      "Geometry": {
        "BoundingBox": {
          "Width": 0.013742160052061081,
          "Height": 0.02011827938258648,
          "Left": 0.6405593752861023,
          "Top": 0.5459545254707336
        },
        "Polygon": [
          {
            "X": 0.6405593752861023,
            "Y": 0.5459545254707336
          },
          {
            "X": 0.6532849669456482,
            "Y": 0.5459689497947693
          },
          {
            "X": 0.6543015837669373,
            "Y": 0.5660727620124817
          },
          {
            "X": 0.6415749788284302,
            "Y": 0.5660587549209595
          }
        ]
      },
      "Id": "2a601008-ccb2-45ae-8578-78a8d5b08bd4",
      "Relationships": [
        {
          "Type": "CHILD",
          "Ids": [
            "d26ab079-156a-4ca0-b086-aa0374c3e919"
          ]
        }
      ],
      "Page": 1
    },
    {
      "BlockType": "LINE",
      "Confidence": 99.75296020507812,
      "Text": "<4",
      "Geometry": {
        "BoundingBox": {
          "Width": 0.011219465173780918,
          "Height": 0.019752871245145798,
          "Left": 0.7579053044319153,
          "Top": 0.5462684035301208
        },
        "Polygon": [
          {
            "X": 0.7579053044319153,
            "Y": 0.5462684035301208
          },
          {
            "X": 0.7681177258491516,
            "Y": 0.5462799668312073
          },
          {
            "X": 0.7691248059272766,
            "Y": 0.5660212635993958
          },
          {
            "X": 0.7589116096496582,
            "Y": 0.5660099983215332
          }
        ]
      },
      "Id": "c00ed925-9033-42e7-8390-d1c76651895d",
      "Relationships": [
        {
          "Type": "CHILD",
          "Ids": [
            "545c9b12-2790-47b1-ae64-6c7c6d9bfdc7"
          ]
        }
      ],
      "Page": 1
    },
    {
      "BlockType": "WORD",
      "Confidence": 99.63374328613281,
      "Text": "Resin",
      "TextType": "PRINTED",
      "Geometry": {
        "BoundingBox": {
          "Width": 0.024142971262335777,
          "Height": 0.021193640306591988,
          "Left": 0.17759406566619873,
          "Top": 0.43051937222480774
        },
        "Polygon": [
          {
            "X": 0.17759406566619873,
            "Y": 0.43051937222480774
          },
          {
            "X": 0.20070374011993408,
            "Y": 0.43054941296577454
          },
          {
            "X": 0.20173704624176025,
            "Y": 0.45171302556991577
          },
          {
            "X": 0.17862549424171448,
            "Y": 0.4516837000846863
          }
        ]
      },
      "Id": "cfe015dc-b356-4111-bf4c-8639f88d0242",
      "Page": 1
    },
    {
      "BlockType": "WORD",
      "Confidence": 99.84788513183594,
      "Text": "Pull",
      "TextType": "PRINTED",
      "Geometry": {
        "BoundingBox": {
          "Width": 0.017530787736177444,
          "Height": 0.021233435720205307,
          "Left": 0.30500656366348267,
          "Top": 0.4303340017795563
        },
        "Polygon": [
          {
            "X": 0.30500656366348267,
            "Y": 0.4303340017795563
          },
          {
            "X": 0.32149168848991394,
            "Y": 0.430355429649353
          },
          {
            "X": 0.3225373327732086,
            "Y": 0.4515674412250519
          },
          {
            "X": 0.3060508668422699,
            "Y": 0.4515465199947357
          }
        ]
      },
      "Id": "28e856ff-b281-498a-90b8-26503df72396",
      "Page": 1
    },
    {
      "BlockType": "WORD",
      "Confidence": 99.95587158203125,
      "Text": "off",
      "TextType": "PRINTED",
      "Geometry": {
        "BoundingBox": {
          "Width": 0.014007310383021832,
          "Height": 0.021979473531246185,
          "Left": 0.32422101497650146,
          "Top": 0.42964968085289
        },
        "Polygon": [
          {
            "X": 0.32422101497650146,
            "Y": 0.42964968085289
          },
          {
            "X": 0.3371443450450897,
            "Y": 0.4296664893627167
          },
          {
            "X": 0.33822834491729736,
            "Y": 0.4516291320323944
          },
          {
            "X": 0.32530394196510315,
            "Y": 0.4516127407550812
          }
        ]
      },
      "Id": "1637ef57-e2ac-45bd-a4e5-126b1ac86fab",
      "Page": 1
    },
    {
      "BlockType": "WORD",
      "Confidence": 99.53826904296875,
      "Text": "resistance",
      "TextType": "PRINTED",
      "Geometry": {
        "BoundingBox": {
          "Width": 0.04425869882106781,
          "Height": 0.021006019786000252,
          "Left": 0.33882492780685425,
          "Top": 0.43127480149269104
        },
        "Polygon": [
          {
            "X": 0.33882492780685425,
            "Y": 0.43127480149269104
          },
          {
            "X": 0.3820459544658661,
            "Y": 0.43133094906806946
          },
          {
            "X": 0.38308364152908325,
            "Y": 0.45228081941604614
          },
          {
            "X": 0.33985912799835205,
            "Y": 0.4522259831428528
          }
        ]
      },
      "Id": "bf7627de-d339-4426-bd4a-45f1373efbe6",
      "Page": 1
    },
    {
      "BlockType": "WORD",
      "Confidence": 99.5780258178711,
      "Text": "(MP)",
      "TextType": "PRINTED",
      "Geometry": {
        "BoundingBox": {
          "Width": 0.02281218208372593,
          "Height": 0.026672158390283585,
          "Left": 0.3844277858734131,
          "Top": 0.430348664522171
        },
        "Polygon": [
          {
            "X": 0.3844277858734131,
            "Y": 0.430348664522171
          },
          {
            "X": 0.405917763710022,
            "Y": 0.4303766191005707
          },
          {
            "X": 0.40723997354507446,
            "Y": 0.4570208489894867
          },
          {
            "X": 0.3857478201389313,
            "Y": 0.4569937288761139
          }
        ]
      },
      "Id": "4ab558ad-08a6-4eaf-9d6f-489450e94430",
      "Page": 1
    },
    {
      "BlockType": "WORD",
      "Confidence": 99.43991088867188,
      "Text": "Impact",
      "TextType": "PRINTED",
      "Geometry": {
        "BoundingBox": {
          "Width": 0.031339067965745926,
          "Height": 0.025947021320462227,
          "Left": 0.4823242127895355,
          "Top": 0.4308674931526184
        },
        "Polygon": [
          {
            "X": 0.4823242127895355,
            "Y": 0.4308674931526184
          },
          {
            "X": 0.5123668313026428,
            "Y": 0.4309065341949463
          },
          {
            "X": 0.5136632919311523,
            "Y": 0.4568145275115967
          },
          {
            "X": 0.4836176633834839,
            "Y": 0.45677658915519714
          }
        ]
      },
      "Id": "9b2c2b39-0e0c-4a94-b96a-fb787e0e4b6a",
      "Page": 1
    },
    {
      "BlockType": "WORD",
      "Confidence": 99.81004333496094,
      "Text": "strength",
      "TextType": "PRINTED",
      "Geometry": {
        "BoundingBox": {
          "Width": 0.037533171474933624,
          "Height": 0.026536962017416954,
          "Left": 0.5149481296539307,
          "Top": 0.4304642081260681
        },
        "Polygon": [
          {
            "X": 0.5149481296539307,
            "Y": 0.4304642081260681
          },
          {
            "X": 0.5511517524719238,
            "Y": 0.4305112659931183
          },
          {
            "X": 0.5524812936782837,
            "Y": 0.4570011794567108
          },
          {
            "X": 0.5162740349769592,
            "Y": 0.4569554924964905
          }
        ]
      },
      "Id": "264a6397-42fb-4003-b816-b65d658a4d8b",
      "Page": 1
    },
    {
      "BlockType": "WORD",
      "Confidence": 77.0246353149414,
      "Text": "(J)",
      "TextType": "PRINTED",
      "Geometry": {
        "BoundingBox": {
          "Width": 0.0116347661241889,
          "Height": 0.02640550211071968,
          "Left": 0.5538420081138611,
          "Top": 0.4306281507015228
        },
        "Polygon": [
          {
            "X": 0.5538420081138611,
            "Y": 0.4306281507015228
          },
          {
            "X": 0.5641507506370544,
            "Y": 0.4306415617465973
          },
          {
            "X": 0.5654767751693726,
            "Y": 0.4570336639881134
          },
          {
            "X": 0.5551669001579285,
            "Y": 0.45702064037323
          }
        ]
      },
      "Id": "5838f22a-e763-47b3-a3cf-03da3840f95e",
      "Page": 1
    },
    {
      "BlockType": "WORD",
      "Confidence": 99.93527221679688,
      "Text": "Hardness",
      "TextType": "PRINTED",
      "Geometry": {
        "BoundingBox": {
          "Width": 0.04104786738753319,
          "Height": 0.021837210282683372,
          "Left": 0.6404991745948792,
          "Top": 0.43062084913253784
        },
        "Polygon": [
          {
            "X": 0.6404991745948792,
            "Y": 0.43062084913253784
          },
          {
            "X": 0.6804426312446594,
            "Y": 0.4306727945804596
          },
          {
            "X": 0.6815469861030579,
            "Y": 0.45245808362960815
          },
          {
            "X": 0.6416002511978149,
            "Y": 0.4524073898792267
          }
        ]
      },
      "Id": "29994c48-dfc3-4104-946d-02f6918da0c1",
      "Page": 1
    },
    {
      "BlockType": "WORD",
      "Confidence": 99.59486389160156,
      "Text": "T-bend",
      "TextType": "PRINTED",
      "Geometry": {
        "BoundingBox": {
          "Width": 0.03203386813402176,
          "Height": 0.02141503244638443,
          "Left": 0.7568491697311401,
          "Top": 0.4306491017341614
        },
        "Polygon": [
          {
            "X": 0.7568491697311401,
            "Y": 0.4306491017341614
          },
          {
            "X": 0.7877904772758484,
            "Y": 0.43068933486938477
          },
          {
            "X": 0.7888830304145813,
            "Y": 0.4520641267299652
          },
          {
            "X": 0.7579391598701477,
            "Y": 0.4520248472690582
          }
        ]
      },
      "Id": "b3cf9c88-d924-4ba2-b724-7ed0db4e4c86",
      "Page": 1
    },
    {
      "BlockType": "WORD",
      "Confidence": 99.81391906738281,
      "Text": "(mm)",
      "TextType": "PRINTED",
      "Geometry": {
        "BoundingBox": {
          "Width": 0.02586297318339348,
          "Height": 0.026680391281843185,
          "Left": 0.7906217575073242,
          "Top": 0.43015429377555847
        },
        "Polygon": [
          {
            "X": 0.7906217575073242,
            "Y": 0.43015429377555847
          },
          {
            "X": 0.8151198029518127,
            "Y": 0.4301861822605133
          },
          {
            "X": 0.8164847493171692,
            "Y": 0.45683470368385315
          },
          {
            "X": 0.7919842600822449,
            "Y": 0.4568037688732147
          }
        ]
      },
      "Id": "dc499cf4-68d7-42d4-b70d-b48d619b555e",
      "Page": 1
    },
    {
      "BlockType": "WORD",
      "Confidence": 99.50856018066406,
      "Text": "TGK/RC",
      "TextType": "PRINTED",
      "Geometry": {
        "BoundingBox": {
          "Width": 0.034618034958839417,
          "Height": 0.02557404525578022,
          "Left": 0.17726723849773407,
          "Top": 0.47884437441825867
        },
        "Polygon": [
          {
            "X": 0.17726723849773407,
            "Y": 0.47884437441825867
          },
          {
            "X": 0.2106378823518753,
            "Y": 0.47888538241386414
          },
          {
            "X": 0.2118852734565735,
            "Y": 0.5044184327125549
          },
          {
            "X": 0.1785113662481308,
            "Y": 0.504378616809845
          }
        ]
      },
      "Id": "1f4e55f1-5113-4b49-b5b3-00d8339511c2",
      "Page": 1
    },
    {
      "BlockType": "WORD",
      "Confidence": 99.94849395751953,
      "Text": "9",
      "TextType": "PRINTED",
      "Geometry": {
        "BoundingBox": {
          "Width": 0.0065348027274012566,
          "Height": 0.020211562514305115,
          "Left": 0.30508536100387573,
          "Top": 0.47973427176475525
        },
        "Polygon": [
          {
            "X": 0.30508536100387573,
            "Y": 0.47973427176475525
          },
          {
            "X": 0.31062519550323486,
            "Y": 0.47974106669425964
          },
          {
            "X": 0.31162014603614807,
            "Y": 0.49994581937789917
          },
          {
            "X": 0.3060798645019531,
            "Y": 0.4999392032623291
          }
        ]
      },
      "Id": "b0f54eed-757c-4847-80be-11ddc86f405d",
      "Page": 1
    },
    {
      "BlockType": "WORD",
      "Confidence": 99.89482879638672,
      "Text": "8",
      "TextType": "PRINTED",
      "Geometry": {
        "BoundingBox": {
          "Width": 0.006271101534366608,
          "Height": 0.020210573449730873,
          "Left": 0.4823080003261566,
          "Top": 0.47954365611076355
        },
        "Polygon": [
          {
            "X": 0.4823080003261566,
            "Y": 0.47954365611076355
          },
          {
            "X": 0.48757025599479675,
            "Y": 0.4795501232147217
          },
          {
            "X": 0.4885790944099426,
            "Y": 0.49975425004959106
          },
          {
            "X": 0.48331645131111145,
            "Y": 0.4997479319572449
          }
        ]
      },
      "Id": "98165884-3699-4c9a-b7c6-77e8a24e6781",
      "Page": 1
    },
    {
      "BlockType": "WORD",
      "Confidence": 99.61443328857422,
      "Text": "5H",
      "TextType": "PRINTED",
      "Geometry": {
        "BoundingBox": {
          "Width": 0.013766486197710037,
          "Height": 0.020757656544446945,
          "Left": 0.6406129598617554,
          "Top": 0.4794044494628906
        },
        "Polygon": [
          {
            "X": 0.6406129598617554,
            "Y": 0.4794044494628906
          },
          {
            "X": 0.6533303260803223,
            "Y": 0.4794200658798218
          },
          {
            "X": 0.6543794274330139,
            "Y": 0.5001621246337891
          },
          {
            "X": 0.6416610479354858,
            "Y": 0.5001468658447266
          }
        ]
      },
      "Id": "c30a7ad9-ea5d-4b49-a2c7-f80df9af0ff8",
      "Page": 1
    },
    {
      "BlockType": "WORD",
      "Confidence": 99.68437957763672,
      "Text": "<4",
      "TextType": "PRINTED",
      "Geometry": {
        "BoundingBox": {
          "Width": 0.011098328046500683,
          "Height": 0.02058875560760498,
          "Left": 0.757786750793457,
          "Top": 0.47949546575546265
        },
        "Polygon": [
          {
            "X": 0.757786750793457,
            "Y": 0.47949546575546265
          },
          {
            "X": 0.7678351402282715,
            "Y": 0.47950783371925354
          },
          {
            "X": 0.76888507604599,
            "Y": 0.5000842213630676
          },
          {
            "X": 0.7588358521461487,
            "Y": 0.500072181224823
          }
        ]
      },
      "Id": "6bf410c5-124f-471c-ada1-8fcedf534d31",
      "Page": 1
    },
    {
      "BlockType": "WORD",
      "Confidence": 99.75830841064453,
      "Text": "TGK/PPD",
      "TextType": "PRINTED",
      "Geometry": {
        "BoundingBox": {
          "Width": 0.039868686348199844,
          "Height": 0.025105653330683708,
          "Left": 0.177385151386261,
          "Top": 0.5121776461601257
        },
        "Polygon": [
          {
            "X": 0.177385151386261,
            "Y": 0.5121776461601257
          },
          {
            "X": 0.21602919697761536,
            "Y": 0.5122232437133789
          },
          {
            "X": 0.21725384891033173,
            "Y": 0.5372833013534546
          },
          {
            "X": 0.1786060929298401,
            "Y": 0.5372390747070312
          }
        ]
      },
      "Id": "0aa841e3-f288-4a8f-880e-e3fe343ab73e",
      "Page": 1
    },
    {
      "BlockType": "WORD",
      "Confidence": 99.95609283447266,
      "Text": "6",
      "TextType": "PRINTED",
      "Geometry": {
        "BoundingBox": {
          "Width": 0.006510713137686253,
          "Height": 0.019931165501475334,
          "Left": 0.3051212430000305,
          "Top": 0.5129601955413818
        },
        "Polygon": [
          {
            "X": 0.3051212430000305,
            "Y": 0.5129601955413818
          },
          {
            "X": 0.31065091490745544,
            "Y": 0.5129666924476624
          },
          {
            "X": 0.3116319477558136,
            "Y": 0.5328913331031799
          },
          {
            "X": 0.30610185861587524,
            "Y": 0.5328850150108337
          }
        ]
      },
      "Id": "31f8205d-5c15-4040-ad5a-6ab84deae204",
      "Page": 1
    },
    {
      "BlockType": "WORD",
      "Confidence": 99.85778045654297,
      "Text": "5",
      "TextType": "PRINTED",
      "Geometry": {
        "BoundingBox": {
          "Width": 0.006134237628430128,
          "Height": 0.019459981471300125,
          "Left": 0.48254022002220154,
          "Top": 0.5133395791053772
        },
        "Polygon": [
          {
            "X": 0.48254022002220154,
            "Y": 0.5133395791053772
          },
          {
            "X": 0.4877031743526459,
            "Y": 0.5133456587791443
          },
          {
            "X": 0.48867446184158325,
            "Y": 0.5327995419502258
          },
          {
            "X": 0.4835111200809479,
            "Y": 0.5327936410903931
          }
        ]
      },
      "Id": "1f9879f0-7b39-4202-a78b-c26bbd7d5a6f",
      "Page": 1
    },
    {
      "BlockType": "WORD",
      "Confidence": 99.9142074584961,
      "Text": "2H",
      "TextType": "PRINTED",
      "Geometry": {
        "BoundingBox": {
          "Width": 0.01352973934262991,
          "Height": 0.019864529371261597,
          "Left": 0.6406368613243103,
          "Top": 0.5128093957901001
        },
        "Polygon": [
          {
            "X": 0.6406368613243103,
            "Y": 0.5128093957901001
          },
          {
            "X": 0.6531627178192139,
            "Y": 0.5128241777420044
          },
          {
            "X": 0.654166579246521,
            "Y": 0.5326739549636841
          },
          {
            "X": 0.6416397094726562,
            "Y": 0.5326594710350037
          }
        ]
      },
      "Id": "db4b66d9-5d6e-4db2-a45b-6f6443ccc26b",
      "Page": 1
    },
    {
      "BlockType": "WORD",
      "Confidence": 99.74221801757812,
      "Text": "<4",
      "TextType": "PRINTED",
      "Geometry": {
        "BoundingBox": {
          "Width": 0.011132077313959599,
          "Height": 0.01897522807121277,
          "Left": 0.7577401995658875,
          "Top": 0.5132631659507751
        },
        "Polygon": [
          {
            "X": 0.7577401995658875,
            "Y": 0.5132631659507751
          },
          {
            "X": 0.7679047584533691,
            "Y": 0.5132752060890198
          },
          {
            "X": 0.7688722610473633,
            "Y": 0.5322384238243103
          },
          {
            "X": 0.7587069272994995,
            "Y": 0.5322266817092896
          }
        ]
      },
      "Id": "80f1272e-8f09-4ebd-9a43-a9ac9eef527f",
      "Page": 1
    },
    {
      "BlockType": "WORD",
      "Confidence": 99.29585266113281,
      "Text": "DGEBA/PPD",
      "TextType": "PRINTED",
      "Geometry": {
        "BoundingBox": {
          "Width": 0.052101388573646545,
          "Height": 0.025892237201333046,
          "Left": 0.17736898362636566,
          "Top": 0.5448123216629028
        },
        "Polygon": [
          {
            "X": 0.17736898362636566,
            "Y": 0.5448123216629028
          },
          {
            "X": 0.2282067984342575,
            "Y": 0.5448698997497559
          },
          {
            "X": 0.2294703722000122,
            "Y": 0.5707045197486877
          },
          {
            "X": 0.17862752079963684,
            "Y": 0.5706488490104675
          }
        ]
      },
      "Id": "eb72acf7-216b-4232-998a-ae37fc2df72d",
      "Page": 1
    },
    {
      "BlockType": "WORD",
      "Confidence": 99.93894958496094,
      "Text": "4",
      "TextType": "PRINTED",
      "Geometry": {
        "BoundingBox": {
          "Width": 0.006862821523100138,
          "Height": 0.020473141223192215,
          "Left": 0.30477461218833923,
          "Top": 0.5460323691368103
        },
        "Polygon": [
          {
            "X": 0.30477461218833923,
            "Y": 0.5460323691368103
          },
          {
            "X": 0.31062984466552734,
            "Y": 0.5460389852523804
          },
          {
            "X": 0.31163743138313293,
            "Y": 0.566505491733551
          },
          {
            "X": 0.3057817220687866,
            "Y": 0.5664990544319153
          }
        ]
      },
      "Id": "b6457bdc-07b0-4cf6-8797-431028e30a44",
      "Page": 1
    },
    {
      "BlockType": "WORD",
      "Confidence": 99.9353256225586,
      "Text": "6",
      "TextType": "PRINTED",
      "Geometry": {
        "BoundingBox": {
          "Width": 0.006320171989500523,
          "Height": 0.019993271678686142,
          "Left": 0.4825291335582733,
          "Top": 0.5460708141326904
        },
        "Polygon": [
          {
            "X": 0.4825291335582733,
            "Y": 0.5460708141326904
          },
          {
            "X": 0.48785150051116943,
            "Y": 0.5460768938064575
          },
          {
            "X": 0.48884931206703186,
            "Y": 0.5660641193389893
          },
          {
            "X": 0.4835265278816223,
            "Y": 0.5660582184791565
          }
        ]
      },
      "Id": "8ca27a4e-c95a-4ccc-b1f2-0368a8bd5603",
      "Page": 1
    },
    {
      "BlockType": "WORD",
      "Confidence": 99.9406967163086,
      "Text": "4H",
      "TextType": "PRINTED",
      "Geometry": {
        "BoundingBox": {
          "Width": 0.013742160052061081,
          "Height": 0.02011827938258648,
          "Left": 0.6405593752861023,
          "Top": 0.5459545254707336
        },
        "Polygon": [
          {
            "X": 0.6405593752861023,
            "Y": 0.5459545254707336
          },
          {
            "X": 0.6532849669456482,
            "Y": 0.5459689497947693
          },
          {
            "X": 0.6543015837669373,
            "Y": 0.5660727620124817
          },
          {
            "X": 0.6415749788284302,
            "Y": 0.5660587549209595
          }
        ]
      },
      "Id": "d26ab079-156a-4ca0-b086-aa0374c3e919",
      "Page": 1
    },
    {
      "BlockType": "WORD",
      "Confidence": 99.75296020507812,
      "Text": "<4",
      "TextType": "PRINTED",
      "Geometry": {
        "BoundingBox": {
          "Width": 0.011219465173780918,
          "Height": 0.019752871245145798,
          "Left": 0.7579053044319153,
          "Top": 0.5462684035301208
        },
        "Polygon": [
          {
            "X": 0.7579053044319153,
            "Y": 0.5462684035301208
          },
          {
            "X": 0.7681177258491516,
            "Y": 0.5462799668312073
          },
          {
            "X": 0.7691248059272766,
            "Y": 0.5660212635993958
          },
          {
            "X": 0.7589116096496582,
            "Y": 0.5660099983215332
          }
        ]
      },
      "Id": "545c9b12-2790-47b1-ae64-6c7c6d9bfdc7",
      "Page": 1
    },
    {
      "BlockType": "TABLE",
      "Confidence": 99.609375,
      "Geometry": {
        "BoundingBox": {
          "Width": 0.7044821977615356,
          "Height": 0.17243526875972748,
          "Left": 0.14860360324382782,
          "Top": 0.41401931643486023
        },
        "Polygon": [
          {
            "X": 0.14860360324382782,
            "Y": 0.41401931643486023
          },
          {
            "X": 0.8442807793617249,
            "Y": 0.4149400591850281
          },
          {
            "X": 0.8530858159065247,
            "Y": 0.5864545702934265
          },
          {
            "X": 0.15695181488990784,
            "Y": 0.5857070088386536
          }
        ]
      },
      "Id": "1a2e986c-a410-4bf5-966f-50592e285ea6",
      "Relationships": [
        {
          "Type": "CHILD",
          "Ids": [
            "4f14baf6-6d5e-4e82-9679-3b5b46c012b4",
            "e749ad04-b85f-4d7d-bc81-e6bd854a8e07",
            "61b85b21-0306-460d-95cc-f63781b3d19f",
            "2d455167-dc2a-46c3-b5d7-37ebaaa5b1b1",
            "025b928e-a937-42df-8e73-103e633928c1",
            "71886e08-db48-4f0b-ab90-c4e16e1690bd",
            "6dfa0fe6-f7fa-4a11-9b00-95a67b8c31b1",
            "d3ed93c3-b63d-4e61-9a5e-1eda725b02fe",
            "94b73fa6-5805-43e1-a3f4-4cc6b6f409c5",
            "3e9ebc5a-2e78-4beb-ae76-d215ecb464f2",
            "3cb8ed4a-ab8f-48e7-b4ed-b5ad0d3ea06d",
            "d83b1eaa-0ed0-4b01-8539-cf30711864f4",
            "a4591bff-8c24-4f69-913b-2b7ec74b2843",
            "65e5a335-126b-459d-9a1d-0115eeb56e48",
            "2a59f564-fb27-4bab-91d1-93e568f0e487",
            "b7bea01f-1697-471a-9b0c-dda63a790a73",
            "cde69b45-7535-4290-afd4-15e25eab242a",
            "b6bc8776-d057-4868-ba66-091fe51240e2",
            "42535c81-c30c-4513-b24c-4109e3a0e422",
            "fbed0b2a-2782-4e44-be7c-a4c148f75de8"
          ]
        }
      ],
      "EntityTypes": [
        "STRUCTURED_TABLE"
      ],
      "Page": 1
    },
    {
      "BlockType": "CELL",
      "Confidence": 78.466796875,
      "RowIndex": 1,
      "ColumnIndex": 1,
      "RowSpan": 1,
      "ColumnSpan": 1,
      "Geometry": {
        "BoundingBox": {
          "Width": 0.11669374257326126,
          "Height": 0.050776492804288864,
          "Left": 0.14860360324382782,
          "Top": 0.41401931643486023
        },
        "Polygon": [
          {
            "X": 0.14860360324382782,
            "Y": 0.41401931643486023
          },
          {
            "X": 0.26281318068504333,
            "Y": 0.4141704738140106
          },
          {
            "X": 0.2652973532676697,
            "Y": 0.4647957980632782
          },
          {
            "X": 0.1510656476020813,
            "Y": 0.46465301513671875
          }
        ]
      },
      "Id": "4f14baf6-6d5e-4e82-9679-3b5b46c012b4",
      "Relationships": [
        {
          "Type": "CHILD",
          "Ids": [
            "cfe015dc-b356-4111-bf4c-8639f88d0242"
          ]
        }
      ],
      "EntityTypes": [
        "COLUMN_HEADER"
      ],
      "Page": 1
    },
    {
      "BlockType": "CELL",
      "Confidence": 84.716796875,
      "RowIndex": 1,
      "ColumnIndex": 2,
      "RowSpan": 1,
      "ColumnSpan": 1,
      "Geometry": {
        "BoundingBox": {
          "Width": 0.18051795661449432,
          "Height": 0.0508478581905365,
          "Left": 0.26281318068504333,
          "Top": 0.4141704738140106
        },
        "Polygon": [
          {
            "X": 0.26281318068504333,
            "Y": 0.4141704738140106
          },
          {
            "X": 0.44081246852874756,
            "Y": 0.41440606117248535
          },
          {
            "X": 0.44333115220069885,
            "Y": 0.4650183320045471
          },
          {
            "X": 0.2652973532676697,
            "Y": 0.4647957980632782
          }
        ]
      },
      "Id": "e749ad04-b85f-4d7d-bc81-e6bd854a8e07",
      "Relationships": [
        {
          "Type": "CHILD",
          "Ids": [
            "28e856ff-b281-498a-90b8-26503df72396",
            "1637ef57-e2ac-45bd-a4e5-126b1ac86fab",
            "bf7627de-d339-4426-bd4a-45f1373efbe6",
            "4ab558ad-08a6-4eaf-9d6f-489450e94430"
          ]
        }
      ],
      "EntityTypes": [
        "COLUMN_HEADER"
      ],
      "Page": 1
    },
    {
      "BlockType": "CELL",
      "Confidence": 85.107421875,
      "RowIndex": 1,
      "ColumnIndex": 3,
      "RowSpan": 1,
      "ColumnSpan": 1,
      "Geometry": {
        "BoundingBox": {
          "Width": 0.16465827822685242,
          "Height": 0.050814926624298096,
          "Left": 0.44081246852874756,
          "Top": 0.41440606117248535
        },
        "Polygon": [
          {
            "X": 0.44081246852874756,
            "Y": 0.41440606117248535
          },
          {
            "X": 0.6029207110404968,
            "Y": 0.41462060809135437
          },
          {
            "X": 0.6054707765579224,
            "Y": 0.46522098779678345
          },
          {
            "X": 0.44333115220069885,
            "Y": 0.4650183320045471
          }
        ]
      },
      "Id": "61b85b21-0306-460d-95cc-f63781b3d19f",
      "Relationships": [
        {
          "Type": "CHILD",
          "Ids": [
            "9b2c2b39-0e0c-4a94-b96a-fb787e0e4b6a",
            "264a6397-42fb-4003-b816-b65d658a4d8b",
            "5838f22a-e763-47b3-a3cf-03da3840f95e"
          ]
        }
      ],
      "EntityTypes": [
        "COLUMN_HEADER"
      ],
      "Page": 1
    },
    {
      "BlockType": "CELL",
      "Confidence": 80.029296875,
      "RowIndex": 1,
      "ColumnIndex": 4,
      "RowSpan": 1,
      "ColumnSpan": 1,
      "Geometry": {
        "BoundingBox": {
          "Width": 0.11926360428333282,
          "Height": 0.05074625089764595,
          "Left": 0.6029207110404968,
          "Top": 0.41462060809135437
        },
        "Polygon": [
          {
            "X": 0.6029207110404968,
            "Y": 0.41462060809135437
          },
          {
            "X": 0.719611644744873,
            "Y": 0.4147750437259674
          },
          {
            "X": 0.7221843004226685,
            "Y": 0.4653668701648712
          },
          {
            "X": 0.6054707765579224,
            "Y": 0.46522098779678345
          }
        ]
      },
      "Id": "2d455167-dc2a-46c3-b5d7-37ebaaa5b1b1",
      "Relationships": [
        {
          "Type": "CHILD",
          "Ids": [
            "29994c48-dfc3-4104-946d-02f6918da0c1"
          ]
        }
      ],
      "EntityTypes": [
        "COLUMN_HEADER"
      ],
      "Page": 1
    },
    {
      "BlockType": "CELL",
      "Confidence": 84.1796875,
      "RowIndex": 1,
      "ColumnIndex": 5,
      "RowSpan": 1,
      "ColumnSpan": 1,
      "Geometry": {
        "BoundingBox": {
          "Width": 0.12726587057113647,
          "Height": 0.05074765905737877,
          "Left": 0.719611644744873,
          "Top": 0.4147750437259674
        },
        "Polygon": [
          {
            "X": 0.719611644744873,
            "Y": 0.4147750437259674
          },
          {
            "X": 0.8442807793617249,
            "Y": 0.4149400591850281
          },
          {
            "X": 0.8468775153160095,
            "Y": 0.4655227065086365
          },
          {
            "X": 0.7221843004226685,
            "Y": 0.4653668701648712
          }
        ]
      },
      "Id": "025b928e-a937-42df-8e73-103e633928c1",
      "Relationships": [
        {
          "Type": "CHILD",
          "Ids": [
            "b3cf9c88-d924-4ba2-b724-7ed0db4e4c86",
            "dc499cf4-68d7-42d4-b70d-b48d619b555e"
          ]
        }
      ],
      "EntityTypes": [
        "COLUMN_HEADER"
      ],
      "Page": 1
    },
    {
      "BlockType": "CELL",
      "Confidence": 80.224609375,
      "RowIndex": 2,
      "ColumnIndex": 1,
      "RowSpan": 1,
      "ColumnSpan": 1,
      "Geometry": {
        "BoundingBox": {
          "Width": 0.11624851822853088,
          "Height": 0.04124370962381363,
          "Left": 0.1510656476020813,
          "Top": 0.46465301513671875
        },
        "Polygon": [
          {
            "X": 0.1510656476020813,
            "Y": 0.46465301513671875
          },
          {
            "X": 0.2652973532676697,
            "Y": 0.4647957980632782
          },
          {
            "X": 0.2673141658306122,
            "Y": 0.5058967471122742
          },
          {
            "X": 0.15306447446346283,
            "Y": 0.5057607889175415
          }
        ]
      },
      "Id": "71886e08-db48-4f0b-ab90-c4e16e1690bd",
      "Relationships": [
        {
          "Type": "CHILD",
          "Ids": [
            "1f4e55f1-5113-4b49-b5b3-00d8339511c2"
          ]
        }
      ],
      "Page": 1
    },
    {
      "BlockType": "CELL",
      "Confidence": 86.62109375,
      "RowIndex": 2,
      "ColumnIndex": 2,
      "RowSpan": 1,
      "ColumnSpan": 1,
      "Geometry": {
        "BoundingBox": {
          "Width": 0.18007859587669373,
          "Height": 0.041312843561172485,
          "Left": 0.2652973532676697,
          "Top": 0.4647957980632782
        },
        "Polygon": [
          {
            "X": 0.2652973532676697,
            "Y": 0.4647957980632782
          },
          {
            "X": 0.44333115220069885,
            "Y": 0.4650183320045471
          },
          {
            "X": 0.4453759491443634,
            "Y": 0.5061086416244507
          },
          {
            "X": 0.2673141658306122,
            "Y": 0.5058967471122742
          }
        ]
      },
      "Id": "6dfa0fe6-f7fa-4a11-9b00-95a67b8c31b1",
      "Relationships": [
        {
          "Type": "CHILD",
          "Ids": [
            "b0f54eed-757c-4847-80be-11ddc86f405d"
          ]
        }
      ],
      "Page": 1
    },
    {
      "BlockType": "CELL",
      "Confidence": 87.01171875,
      "RowIndex": 2,
      "ColumnIndex": 3,
      "RowSpan": 1,
      "ColumnSpan": 1,
      "Geometry": {
        "BoundingBox": {
          "Width": 0.16420991718769073,
          "Height": 0.04128331318497658,
          "Left": 0.44333115220069885,
          "Top": 0.4650183320045471
        },
        "Polygon": [
          {
            "X": 0.44333115220069885,
            "Y": 0.4650183320045471
          },
          {
            "X": 0.6054707765579224,
            "Y": 0.46522098779678345
          },
          {
            "X": 0.6075410842895508,
            "Y": 0.5063016414642334
          },
          {
            "X": 0.4453759491443634,
            "Y": 0.5061086416244507
          }
        ]
      },
      "Id": "d3ed93c3-b63d-4e61-9a5e-1eda725b02fe",
      "Relationships": [
        {
          "Type": "CHILD",
          "Ids": [
            "98165884-3699-4c9a-b7c6-77e8a24e6781"
          ]
        }
      ],
      "Page": 1
    },
    {
      "BlockType": "CELL",
      "Confidence": 81.8359375,
      "RowIndex": 2,
      "ColumnIndex": 4,
      "RowSpan": 1,
      "ColumnSpan": 1,
      "Geometry": {
        "BoundingBox": {
          "Width": 0.11880218982696533,
          "Height": 0.04121958091855049,
          "Left": 0.6054707765579224,
          "Top": 0.46522098779678345
        },
        "Polygon": [
          {
            "X": 0.6054707765579224,
            "Y": 0.46522098779678345
          },
          {
            "X": 0.7221843004226685,
            "Y": 0.4653668701648712
          },
          {
            "X": 0.7242729663848877,
            "Y": 0.5064405798912048
          },
          {
            "X": 0.6075410842895508,
            "Y": 0.5063016414642334
          }
        ]
      },
      "Id": "94b73fa6-5805-43e1-a3f4-4cc6b6f409c5",
      "Relationships": [
        {
          "Type": "CHILD",
          "Ids": [
            "c30a7ad9-ea5d-4b49-a2c7-f80df9af0ff8"
          ]
        }
      ],
      "Page": 1
    },
    {
      "BlockType": "CELL",
      "Confidence": 86.03515625,
      "RowIndex": 2,
      "ColumnIndex": 5,
      "RowSpan": 1,
      "ColumnSpan": 1,
      "Geometry": {
        "BoundingBox": {
          "Width": 0.12680146098136902,
          "Height": 0.04122212156653404,
          "Left": 0.7221843004226685,
          "Top": 0.4653668701648712
        },
        "Polygon": [
          {
            "X": 0.7221843004226685,
            "Y": 0.4653668701648712
          },
          {
            "X": 0.8468775153160095,
            "Y": 0.4655227065086365
          },
          {
            "X": 0.8489857912063599,
            "Y": 0.5065889954566956
          },
          {
            "X": 0.7242729663848877,
            "Y": 0.5064405798912048
          }
        ]
      },
      "Id": "3e9ebc5a-2e78-4beb-ae76-d215ecb464f2",
      "Relationships": [
        {
          "Type": "CHILD",
          "Ids": [
            "6bf410c5-124f-471c-ada1-8fcedf534d31"
          ]
        }
      ],
      "Page": 1
    },
    {
      "BlockType": "CELL",
      "Confidence": 75.146484375,
      "RowIndex": 3,
      "ColumnIndex": 1,
      "RowSpan": 1,
      "ColumnSpan": 1,
      "Geometry": {
        "BoundingBox": {
          "Width": 0.11593085527420044,
          "Height": 0.034396808594465256,
          "Left": 0.15306447446346283,
          "Top": 0.5057607889175415
        },
        "Polygon": [
          {
            "X": 0.15306447446346283,
            "Y": 0.5057607889175415
          },
          {
            "X": 0.2673141658306122,
            "Y": 0.5058967471122742
          },
          {
            "X": 0.26899534463882446,
            "Y": 0.5401575565338135
          },
          {
            "X": 0.1547306627035141,
            "Y": 0.5400272607803345
          }
        ]
      },
      "Id": "3cb8ed4a-ab8f-48e7-b4ed-b5ad0d3ea06d",
      "Relationships": [
        {
          "Type": "CHILD",
          "Ids": [
            "0aa841e3-f288-4a8f-880e-e3fe343ab73e"
          ]
        }
      ],
      "Page": 1
    },
    {
      "BlockType": "CELL",
      "Confidence": 81.15234375,
      "RowIndex": 3,
      "ColumnIndex": 2,
      "RowSpan": 1,
      "ColumnSpan": 1,
      "Geometry": {
        "BoundingBox": {
          "Width": 0.17976629734039307,
          "Height": 0.03446390479803085,
          "Left": 0.2673141658306122,
          "Top": 0.5058967471122742
        },
        "Polygon": [
          {
            "X": 0.2673141658306122,
            "Y": 0.5058967471122742
          },
          {
            "X": 0.4453759491443634,
            "Y": 0.5061086416244507
          },
          {
            "X": 0.44708046317100525,
            "Y": 0.5403606295585632
          },
          {
            "X": 0.26899534463882446,
            "Y": 0.5401575565338135
          }
        ]
      },
      "Id": "d83b1eaa-0ed0-4b01-8539-cf30711864f4",
      "Relationships": [
        {
          "Type": "CHILD",
          "Ids": [
            "31f8205d-5c15-4040-ad5a-6ab84deae204"
          ]
        }
      ],
      "Page": 1
    },
    {
      "BlockType": "CELL",
      "Confidence": 81.54296875,
      "RowIndex": 3,
      "ColumnIndex": 3,
      "RowSpan": 1,
      "ColumnSpan": 1,
      "Geometry": {
        "BoundingBox": {
          "Width": 0.16389086842536926,
          "Height": 0.03443692997097969,
          "Left": 0.4453759491443634,
          "Top": 0.5061086416244507
        },
        "Polygon": [
          {
            "X": 0.4453759491443634,
            "Y": 0.5061086416244507
          },
          {
            "X": 0.6075410842895508,
            "Y": 0.5063016414642334
          },
          {
            "X": 0.6092668175697327,
            "Y": 0.5405455827713013
          },
          {
            "X": 0.44708046317100525,
            "Y": 0.5403606295585632
          }
        ]
      },
      "Id": "a4591bff-8c24-4f69-913b-2b7ec74b2843",
      "Relationships": [
        {
          "Type": "CHILD",
          "Ids": [
            "1f9879f0-7b39-4202-a78b-c26bbd7d5a6f"
          ]
        }
      ],
      "Page": 1
    },
    {
      "BlockType": "CELL",
      "Confidence": 76.66015625,
      "RowIndex": 3,
      "ColumnIndex": 4,
      "RowSpan": 1,
      "ColumnSpan": 1,
      "Geometry": {
        "BoundingBox": {
          "Width": 0.11847293376922607,
          "Height": 0.03437705710530281,
          "Left": 0.6075410842895508,
          "Top": 0.5063016414642334
        },
        "Polygon": [
          {
            "X": 0.6075410842895508,
            "Y": 0.5063016414642334
          },
          {
            "X": 0.7242729663848877,
            "Y": 0.5064405798912048
          },
          {
            "X": 0.7260140180587769,
            "Y": 0.5406786799430847
          },
          {
            "X": 0.6092668175697327,
            "Y": 0.5405455827713013
          }
        ]
      },
      "Id": "65e5a335-126b-459d-9a1d-0115eeb56e48",
      "Relationships": [
        {
          "Type": "CHILD",
          "Ids": [
            "db4b66d9-5d6e-4db2-a45b-6f6443ccc26b"
          ]
        }
      ],
      "Page": 1
    },
    {
      "BlockType": "CELL",
      "Confidence": 80.615234375,
      "RowIndex": 3,
      "ColumnIndex": 5,
      "RowSpan": 1,
      "ColumnSpan": 1,
      "Geometry": {
        "BoundingBox": {
          "Width": 0.1264701932668686,
          "Height": 0.034380361437797546,
          "Left": 0.7242729663848877,
          "Top": 0.5064405798912048
        },
        "Polygon": [
          {
            "X": 0.7242729663848877,
            "Y": 0.5064405798912048
          },
          {
            "X": 0.8489857912063599,
            "Y": 0.5065889954566956
          },
          {
            "X": 0.8507431149482727,
            "Y": 0.5408208966255188
          },
          {
            "X": 0.7260140180587769,
            "Y": 0.5406786799430847
          }
        ]
      },
      "Id": "2a59f564-fb27-4bab-91d1-93e568f0e487",
      "Relationships": [
        {
          "Type": "CHILD",
          "Ids": [
            "80f1272e-8f09-4ebd-9a43-a9ac9eef527f"
          ]
        }
      ],
      "Page": 1
    },
    {
      "BlockType": "CELL",
      "Confidence": 83.056640625,
      "RowIndex": 4,
      "ColumnIndex": 1,
      "RowSpan": 1,
      "ColumnSpan": 1,
      "Geometry": {
        "BoundingBox": {
          "Width": 0.11650578677654266,
          "Height": 0.045802485197782516,
          "Left": 0.1547306627035141,
          "Top": 0.5400272607803345
        },
        "Polygon": [
          {
            "X": 0.1547306627035141,
            "Y": 0.5400272607803345
          },
          {
            "X": 0.26899534463882446,
            "Y": 0.5401575565338135
          },
          {
            "X": 0.27123644948005676,
            "Y": 0.5858297348022461
          },
          {
            "X": 0.15695181488990784,
            "Y": 0.5857070088386536
          }
        ]
      },
      "Id": "b7bea01f-1697-471a-9b0c-dda63a790a73",
      "Relationships": [
        {
          "Type": "CHILD",
          "Ids": [
            "eb72acf7-216b-4232-998a-ae37fc2df72d"
          ]
        }
      ],
      "Page": 1
    },
    {
      "BlockType": "CELL",
      "Confidence": 89.74609375,
      "RowIndex": 4,
      "ColumnIndex": 2,
      "RowSpan": 1,
      "ColumnSpan": 1,
      "Geometry": {
        "BoundingBox": {
          "Width": 0.18035736680030823,
          "Height": 0.04586346074938774,
          "Left": 0.26899534463882446,
          "Top": 0.5401575565338135
        },
        "Polygon": [
          {
            "X": 0.26899534463882446,
            "Y": 0.5401575565338135
          },
          {
            "X": 0.44708046317100525,
            "Y": 0.5403606295585632
          },
          {
            "X": 0.4493526816368103,
            "Y": 0.5860210061073303
          },
          {
            "X": 0.27123644948005676,
            "Y": 0.5858297348022461
          }
        ]
      },
      "Id": "cde69b45-7535-4290-afd4-15e25eab242a",
      "Relationships": [
        {
          "Type": "CHILD",
          "Ids": [
            "b6457bdc-07b0-4cf6-8797-431028e30a44"
          ]
        }
      ],
      "Page": 1
    },
    {
      "BlockType": "CELL",
      "Confidence": 90.13671875,
      "RowIndex": 4,
      "ColumnIndex": 3,
      "RowSpan": 1,
      "ColumnSpan": 1,
      "Geometry": {
        "BoundingBox": {
          "Width": 0.16448691487312317,
          "Height": 0.04583458602428436,
          "Left": 0.44708046317100525,
          "Top": 0.5403606295585632
        },
        "Polygon": [
          {
            "X": 0.44708046317100525,
            "Y": 0.5403606295585632
          },
          {
            "X": 0.6092668175697327,
            "Y": 0.5405455827713013
          },
          {
            "X": 0.6115673780441284,
            "Y": 0.5861952304840088
          },
          {
            "X": 0.4493526816368103,
            "Y": 0.5860210061073303
          }
        ]
      },
      "Id": "b6bc8776-d057-4868-ba66-091fe51240e2",
      "Relationships": [
        {
          "Type": "CHILD",
          "Ids": [
            "8ca27a4e-c95a-4ccc-b1f2-0368a8bd5603"
          ]
        }
      ],
      "Page": 1
    },
    {
      "BlockType": "CELL",
      "Confidence": 84.765625,
      "RowIndex": 4,
      "ColumnIndex": 4,
      "RowSpan": 1,
      "ColumnSpan": 1,
      "Geometry": {
        "BoundingBox": {
          "Width": 0.11906810849905014,
          "Height": 0.04577503725886345,
          "Left": 0.6092668175697327,
          "Top": 0.5405455827713013
        },
        "Polygon": [
          {
            "X": 0.6092668175697327,
            "Y": 0.5405455827713013
          },
          {
            "X": 0.7260140180587769,
            "Y": 0.5406786799430847
          },
          {
            "X": 0.728334903717041,
            "Y": 0.5863206386566162
          },
          {
            "X": 0.6115673780441284,
            "Y": 0.5861952304840088
          }
        ]
      },
      "Id": "42535c81-c30c-4513-b24c-4109e3a0e422",
      "Relationships": [
        {
          "Type": "CHILD",
          "Ids": [
            "d26ab079-156a-4ca0-b086-aa0374c3e919"
          ]
        }
      ],
      "Page": 1
    },
    {
      "BlockType": "CELL",
      "Confidence": 89.111328125,
      "RowIndex": 4,
      "ColumnIndex": 5,
      "RowSpan": 1,
      "ColumnSpan": 1,
      "Geometry": {
        "BoundingBox": {
          "Width": 0.12707184255123138,
          "Height": 0.0457758754491806,
          "Left": 0.7260140180587769,
          "Top": 0.5406786799430847
        },
        "Polygon": [
          {
            "X": 0.7260140180587769,
            "Y": 0.5406786799430847
          },
          {
            "X": 0.8507431149482727,
            "Y": 0.5408208966255188
          },
          {
            "X": 0.8530858159065247,
            "Y": 0.5864545702934265
          },
          {
            "X": 0.728334903717041,
            "Y": 0.5863206386566162
          }
        ]
      },
      "Id": "fbed0b2a-2782-4e44-be7c-a4c148f75de8",
      "Relationships": [
        {
          "Type": "CHILD",
          "Ids": [
            "545c9b12-2790-47b1-ae64-6c7c6d9bfdc7"
          ]
        }
      ],
      "Page": 1
    }
  ],
  "AnalyzeDocumentModelVersion": "1.0"
}