"'Resin cements (Manufacturer)","'Chemical composition","'Filler fraction","'Cementation protocol in dentin/enamel",
"'Allcem (FGM)","'Organic: Bis-GMA, Bis- EMA, TEGDMA,","'66-67 wt%","'Perform the following clinical steps: ""a" (15 s",
"'Allcem Core (FGM)","'photoinitiators, stabilizers Inorganic: Ba-Al-Si glass microfillers, SiO2 nanofillers, pigments","'62 wt%","'in dentin and 30 S in enamel), ""b", "c" (10 s), "d" (10 s), "e" (10 s), "f" (20 s), and "g"",
"'RelyX ARC (3 M ESPE)","'Organic: Bis-GMA, TEGDMA, photoinitiators Inorganic: zirconia/ silica fillers, pigments","'67.5 wt %","'Perform the following clinical steps: ""a" (15 S in dentin and 30 S in enamel), "b", "c" (10 s), "h" (20 S, only in dentin), "c" (10 "i" (10 s), "f", and "g"",
"'RelyX U200 (3 M ESPE)","'Organic: acidic monomers, TEGDMA, acids, dimethacrylates, photoinitiators Inorganic: glass fillers, SiO2, pigments, sodium persulfate, glass fibers,","'~70 wt %","'Perform the clinical step ""g".",
,,,

'Confidence Scores % (Table Cell)
"'87.25585938","'88.72070313","'83.54492188","'89.30664063",
"'39.86816406","'43.01757813","'47.46093750","'46.48437500",
"'44.97070313","'43.01757813","'47.46093750","'46.48437500",
"'72.75390625","'73.97460938","'69.67773438","'74.46289063",
"'79.15039063","'80.51757813","'75.78125000","'81.05468750",
