"'Materials","'K (MPa m 1/2)","'GIC (J m ²",
"'Neat EP (standard SENB)","'0.418 + 0.022","'48.52 + 7.22",
"'CNTs/EP composite (standard SENB)","'0.480 + 0.027","'62.02 + 9.87",
"'CNTs/EP composite (sandwich SENB, no MF) crack growth in longitudinal direction","'0.468 + 0.016","'60.82 + 5.88",
"'CNTs/EP composite (sandwich SENB, no MF) crack growth in transverse direction","'0.460 0 0.006","'58.76 + 2.17",
"'CNTs/EP composite (sandwich SENB, MF) crack growth parallel to aligned CNTs","'0.453 + 0.025","'56.98 + 8.89",
"'CNTs/EP composite (sandwich SENB, MF) crack growth transverse to aligned CNTs","'0.504 + 0.021","'70.54 + 8.31",
,,

'Confidence Scores % (Table Cell)
"'94.53125000","'91.06445313","'92.91992188",
"'92.28515625","'88.91601563","'90.72265625",
"'86.13281250","'82.95898438","'84.66796875",
"'77.39257813","'74.56054688","'76.07421875",
"'94.09179688","'90.62500000","'92.48046875",
"'91.01562500","'87.69531250","'89.50195313",
"'92.82226563","'89.45312500","'91.25976563",
