{
  "DocumentMetadata": {
    "Pages": 1
  },
  "JobStatus": "SUCCEEDED",
  "Blocks": [
    {
      "BlockType": "PAGE",
      "Geometry": {
        "BoundingBox": {
          "Width": 1,
          "Height": 1,
          "Left": 0,
          "Top": 0
        },
        "Polygon": [
          {
            "X": 0.000047934016038198024,
            "Y": 0
          },
          {
            "X": 1,
            "Y": 0.00004209186226944439
          },
          {
            "X": 1,
            "Y": 1
          },
          {
            "X": 0,
            "Y": 1
          }
        ]
      },
      "Id": "d4248eb5-649c-401f-bb9d-daaa8eae79ed",
      "Relationships": [
        {
          "Type": "CHILD",
          "Ids": [
            "49d5e5d7-c4a1-4c56-9cb9-376e62498666",
            "d393d1d2-17ca-4bb9-920b-39b64a82da0f",
            "e5191799-3695-4070-8e44-28cc75591af9",
            "56bbeff8-dcd8-439c-ae6e-23d15002eb1d",
            "3ca93374-c8ed-4fd4-9051-7529d6caa055",
            "69838872-393d-44db-a206-10eb65011f5f",
            "34f7bb49-a22d-481d-ae8b-77bc3c15d9a0",
            "3b475166-5f38-4343-aa11-53cb49505c67",
            "4bfbf777-7201-4254-afcf-b9dd12c42960",
            "76e5d29c-b86b-4a72-a4de-4b9f02e2898a",
            "35562e0f-3db6-496b-a4f6-766b6ea8eb7f",
            "c3d51450-b747-4d64-8835-c643fac8d7d4",
            "c77d244e-db06-4999-8b09-c1a7d10b9637",
            "2c40078b-02ba-4f6f-b0b5-e08f03f4a71a",
            "d669168b-974a-4572-ac96-018d0f9aeb5d",
            "4f386d27-a405-460e-8878-f20f8ba4f411",
            "e329a0bf-8846-4433-bdfb-094d0fc27e18",
            "807b9a03-1c4d-4145-965a-87613e520969",
            "48183b15-f337-4f83-ae67-fdb0fbbc7cde",
            "9c97502c-1b95-4797-a349-81386433717a",
            "fad0bcf3-6bec-423e-81b0-8a2c76c4db27",
            "6ba8a9e9-5f5b-4b0d-8828-299742d7f55a",
            "38616553-cdd0-40ac-add6-2aeedfc034fa"
          ]
        }
      ],
      "Page": 1
    },
    {
      "BlockType": "LINE",
      "Confidence": 99.8987808227539,
      "Text": "Samples",
      "Geometry": {
        "BoundingBox": {
          "Width": 0.050662241876125336,
          "Height": 0.02349427342414856,
          "Left": 0.2507486641407013,
          "Top": 0.4140235483646393
        },
        "Polygon": [
          {
            "X": 0.2510800063610077,
            "Y": 0.4140235483646393
          },
          {
            "X": 0.3014109134674072,
            "Y": 0.41404134035110474
          },
          {
            "X": 0.30108270049095154,
            "Y": 0.43751782178878784
          },
          {
            "X": 0.2507486641407013,
            "Y": 0.437508225440979
          }
        ]
      },
      "Id": "49d5e5d7-c4a1-4c56-9cb9-376e62498666",
      "Relationships": [
        {
          "Type": "CHILD",
          "Ids": [
            "56c14c47-a6c4-4989-8201-c32a468095cd"
          ]
        }
      ],
      "Page": 1
    },
    {
      "BlockType": "LINE",
      "Confidence": 79.37452697753906,
      "Text": "Rf (%)",
      "Geometry": {
        "BoundingBox": {
          "Width": 0.038766443729400635,
          "Height": 0.021228903904557228,
          "Left": 0.4373888075351715,
          "Top": 0.4140705466270447
        },
        "Polygon": [
          {
            "X": 0.43767818808555603,
            "Y": 0.4140705466270447
          },
          {
            "X": 0.47615525126457214,
            "Y": 0.41408416628837585
          },
          {
            "X": 0.4758680462837219,
            "Y": 0.43529945611953735
          },
          {
            "X": 0.4373888075351715,
            "Y": 0.4352915287017822
          }
        ]
      },
      "Id": "d393d1d2-17ca-4bb9-920b-39b64a82da0f",
      "Relationships": [
        {
          "Type": "CHILD",
          "Ids": [
            "485d03cf-63f5-4aa1-a981-5f6dc4cbe630",
            "16677411-a0ff-47af-a0bb-c438285e9407"
          ]
        }
      ],
      "Page": 1
    },
    {
      "BlockType": "LINE",
      "Confidence": 74.58771514892578,
      "Text": "R (%)",
      "Geometry": {
        "BoundingBox": {
          "Width": 0.039112064987421036,
          "Height": 0.02195022627711296,
          "Left": 0.630983293056488,
          "Top": 0.4136282205581665
        },
        "Polygon": [
          {
            "X": 0.6312717199325562,
            "Y": 0.4136282205581665
          },
          {
            "X": 0.6700953245162964,
            "Y": 0.4136420786380768
          },
          {
            "X": 0.669809103012085,
            "Y": 0.43557843565940857
          },
          {
            "X": 0.630983293056488,
            "Y": 0.43557050824165344
          }
        ]
      },
      "Id": "e5191799-3695-4070-8e44-28cc75591af9",
      "Relationships": [
        {
          "Type": "CHILD",
          "Ids": [
            "99c17aa9-fb59-4187-9629-accc75c5d6d1",
            "55e92938-c11d-4ce5-b4aa-925ba59f00b4"
          ]
        }
      ],
      "Page": 1
    },
    {
      "BlockType": "LINE",
      "Confidence": 56.470985412597656,
      "Text": "S0-S1",
      "Geometry": {
        "BoundingBox": {
          "Width": 0.04209964722394943,
          "Height": 0.01876217871904373,
          "Left": 0.4375634789466858,
          "Top": 0.4607747197151184
        },
        "Polygon": [
          {
            "X": 0.4378192722797394,
            "Y": 0.4607747197151184
          },
          {
            "X": 0.47966310381889343,
            "Y": 0.4607759416103363
          },
          {
            "X": 0.4794093668460846,
            "Y": 0.4795326590538025
          },
          {
            "X": 0.4375634789466858,
            "Y": 0.47953692078590393
          }
        ]
      },
      "Id": "56bbeff8-dcd8-439c-ae6e-23d15002eb1d",
      "Relationships": [
        {
          "Type": "CHILD",
          "Ids": [
            "aaa4de54-5d28-4824-b9c8-6aae23552bcf"
          ]
        }
      ],
      "Page": 1
    },
    {
      "BlockType": "LINE",
      "Confidence": 97.19892120361328,
      "Text": "S1-S2",
      "Geometry": {
        "BoundingBox": {
          "Width": 0.04365247115492821,
          "Height": 0.018318500369787216,
          "Left": 0.5342891216278076,
          "Top": 0.4614922106266022
        },
        "Polygon": [
          {
            "X": 0.5345343947410583,
            "Y": 0.4614922106266022
          },
          {
            "X": 0.5779415965080261,
            "Y": 0.46149325370788574
          },
          {
            "X": 0.5776984095573425,
            "Y": 0.47980624437332153
          },
          {
            "X": 0.5342891216278076,
            "Y": 0.4798107147216797
          }
        ]
      },
      "Id": "3ca93374-c8ed-4fd4-9051-7529d6caa055",
      "Relationships": [
        {
          "Type": "CHILD",
          "Ids": [
            "92fcb5a9-53ec-4dc5-b707-916c87697f71"
          ]
        }
      ],
      "Page": 1
    },
    {
      "BlockType": "LINE",
      "Confidence": 96.21692657470703,
      "Text": "S2-S1",
      "Geometry": {
        "BoundingBox": {
          "Width": 0.041447121649980545,
          "Height": 0.01835607923567295,
          "Left": 0.6312698721885681,
          "Top": 0.4615333676338196
        },
        "Polygon": [
          {
            "X": 0.6315111517906189,
            "Y": 0.4615333676338196
          },
          {
            "X": 0.6727170348167419,
            "Y": 0.4615343511104584
          },
          {
            "X": 0.6724777221679688,
            "Y": 0.47988516092300415
          },
          {
            "X": 0.6312698721885681,
            "Y": 0.479889452457428
          }
        ]
      },
      "Id": "69838872-393d-44db-a206-10eb65011f5f",
      "Relationships": [
        {
          "Type": "CHILD",
          "Ids": [
            "9be1d375-348d-413e-a019-46872adc8afa"
          ]
        }
      ],
      "Page": 1
    },
    {
      "BlockType": "LINE",
      "Confidence": 88.86468505859375,
      "Text": "S1-> S",
      "Geometry": {
        "BoundingBox": {
          "Width": 0.03566102311015129,
          "Height": 0.018437007442116737,
          "Left": 0.7281627058982849,
          "Top": 0.4615955948829651
        },
        "Polygon": [
          {
            "X": 0.728400468826294,
            "Y": 0.4615955948829651
          },
          {
            "X": 0.7638236880302429,
            "Y": 0.46159642934799194
          },
          {
            "X": 0.7635875940322876,
            "Y": 0.4800288677215576
          },
          {
            "X": 0.7281627058982849,
            "Y": 0.4800325930118561
          }
        ]
      },
      "Id": "34f7bb49-a22d-481d-ae8b-77bc3c15d9a0",
      "Relationships": [
        {
          "Type": "CHILD",
          "Ids": [
            "75925dbb-42d3-481c-8b5b-548981bec477",
            "7924e894-6508-4804-8b0d-85a023762ad9"
          ]
        }
      ],
      "Page": 1
    },
    {
      "BlockType": "LINE",
      "Confidence": 87.79421997070312,
      "Text": "60CE/40EP/GA/ZAA",
      "Geometry": {
        "BoundingBox": {
          "Width": 0.13157929480075836,
          "Height": 0.019590741023421288,
          "Left": 0.25150635838508606,
          "Top": 0.5098296403884888
        },
        "Polygon": [
          {
            "X": 0.251782089471817,
            "Y": 0.5098705887794495
          },
          {
            "X": 0.3830856680870056,
            "Y": 0.5098296403884888
          },
          {
            "X": 0.3828166723251343,
            "Y": 0.5293616652488708
          },
          {
            "X": 0.25150635838508606,
            "Y": 0.5294204354286194
          }
        ]
      },
      "Id": "3b475166-5f38-4343-aa11-53cb49505c67",
      "Relationships": [
        {
          "Type": "CHILD",
          "Ids": [
            "882ca785-fd5b-468d-9074-dde35ce5cb1c"
          ]
        }
      ],
      "Page": 1
    },
    {
      "BlockType": "LINE",
      "Confidence": 99.97195434570312,
      "Text": "63",
      "Geometry": {
        "BoundingBox": {
          "Width": 0.015609348192811012,
          "Height": 0.01772957295179367,
          "Left": 0.43767663836479187,
          "Top": 0.5099047422409058
        },
        "Polygon": [
          {
            "X": 0.4379182457923889,
            "Y": 0.5099095702171326
          },
          {
            "X": 0.45328599214553833,
            "Y": 0.5099047422409058
          },
          {
            "X": 0.4530450701713562,
            "Y": 0.5276276469230652
          },
          {
            "X": 0.43767663836479187,
            "Y": 0.52763432264328
          }
        ]
      },
      "Id": "4bfbf777-7201-4254-afcf-b9dd12c42960",
      "Relationships": [
        {
          "Type": "CHILD",
          "Ids": [
            "b6b50b79-c5db-47a8-a6b4-db6be79d07d0"
          ]
        }
      ],
      "Page": 1
    },
    {
      "BlockType": "LINE",
      "Confidence": 99.97832489013672,
      "Text": "97",
      "Geometry": {
        "BoundingBox": {
          "Width": 0.015594566240906715,
          "Height": 0.017567718401551247,
          "Left": 0.5345661044120789,
          "Top": 0.5099573135375977
        },
        "Polygon": [
          {
            "X": 0.534801185131073,
            "Y": 0.5099621415138245
          },
          {
            "X": 0.5501606464385986,
            "Y": 0.5099573135375977
          },
          {
            "X": 0.549926221370697,
            "Y": 0.5275183916091919
          },
          {
            "X": 0.5345661044120789,
            "Y": 0.5275250673294067
          }
        ]
      },
      "Id": "76e5d29c-b86b-4a72-a4de-4b9f02e2898a",
      "Relationships": [
        {
          "Type": "CHILD",
          "Ids": [
            "c2ecc54e-a260-4465-bb5b-3c83e54fa6c3"
          ]
        }
      ],
      "Page": 1
    },
    {
      "BlockType": "LINE",
      "Confidence": 99.96410369873047,
      "Text": "64",
      "Geometry": {
        "BoundingBox": {
          "Width": 0.01560306828469038,
          "Height": 0.017522083595395088,
          "Left": 0.631321370601654,
          "Top": 0.5101003646850586
        },
        "Polygon": [
          {
            "X": 0.6315515637397766,
            "Y": 0.5101051926612854
          },
          {
            "X": 0.6469244360923767,
            "Y": 0.5101003646850586
          },
          {
            "X": 0.6466949582099915,
            "Y": 0.5276157259941101
          },
          {
            "X": 0.631321370601654,
            "Y": 0.5276224613189697
          }
        ]
      },
      "Id": "35562e0f-3db6-496b-a4f6-766b6ea8eb7f",
      "Relationships": [
        {
          "Type": "CHILD",
          "Ids": [
            "b6bdc046-a5f0-4955-82f3-7934ac3dc597"
          ]
        }
      ],
      "Page": 1
    },
    {
      "BlockType": "LINE",
      "Confidence": 99.95445251464844,
      "Text": "83",
      "Geometry": {
        "BoundingBox": {
          "Width": 0.015293821692466736,
          "Height": 0.01751953922212124,
          "Left": 0.7280216813087463,
          "Top": 0.5100331902503967
        },
        "Polygon": [
          {
            "X": 0.7282475829124451,
            "Y": 0.510037899017334
          },
          {
            "X": 0.7433155179023743,
            "Y": 0.5100331902503967
          },
          {
            "X": 0.7430903315544128,
            "Y": 0.5275461673736572
          },
          {
            "X": 0.7280216813087463,
            "Y": 0.5275527238845825
          }
        ]
      },
      "Id": "c3d51450-b747-4d64-8835-c643fac8d7d4",
      "Relationships": [
        {
          "Type": "CHILD",
          "Ids": [
            "ecf5aaa8-46dc-475a-8420-d0031bfe4f15"
          ]
        }
      ],
      "Page": 1
    },
    {
      "BlockType": "LINE",
      "Confidence": 99.34612274169922,
      "Text": "50CE/50 EP/GA/ZAA",
      "Geometry": {
        "BoundingBox": {
          "Width": 0.13302363455295563,
          "Height": 0.01938466541469097,
          "Left": 0.2509860694408417,
          "Top": 0.5397493243217468
        },
        "Polygon": [
          {
            "X": 0.2512584924697876,
            "Y": 0.539818286895752
          },
          {
            "X": 0.3840096890926361,
            "Y": 0.5397493243217468
          },
          {
            "X": 0.3837440013885498,
            "Y": 0.5590471625328064
          },
          {
            "X": 0.2509860694408417,
            "Y": 0.5591339468955994
          }
        ]
      },
      "Id": "c77d244e-db06-4999-8b09-c1a7d10b9637",
      "Relationships": [
        {
          "Type": "CHILD",
          "Ids": [
            "e8bd472b-cd73-4b77-9b28-1ef3feb6960d",
            "892275c1-8bad-4727-a268-4636a4634b3d"
          ]
        }
      ],
      "Page": 1
    },
    {
      "BlockType": "LINE",
      "Confidence": 99.94535827636719,
      "Text": "62",
      "Geometry": {
        "BoundingBox": {
          "Width": 0.015538143925368786,
          "Height": 0.01733427308499813,
          "Left": 0.43807291984558105,
          "Top": 0.5400717854499817
        },
        "Polygon": [
          {
            "X": 0.43830907344818115,
            "Y": 0.5400797724723816
          },
          {
            "X": 0.4536110758781433,
            "Y": 0.5400717854499817
          },
          {
            "X": 0.45337560772895813,
            "Y": 0.5573961734771729
          },
          {
            "X": 0.43807291984558105,
            "Y": 0.5574060082435608
          }
        ]
      },
      "Id": "2c40078b-02ba-4f6f-b0b5-e08f03f4a71a",
      "Relationships": [
        {
          "Type": "CHILD",
          "Ids": [
            "c2950c61-5929-4d7e-aff2-e6657917e38d"
          ]
        }
      ],
      "Page": 1
    },
    {
      "BlockType": "LINE",
      "Confidence": 99.9832534790039,
      "Text": "94",
      "Geometry": {
        "BoundingBox": {
          "Width": 0.015358511358499527,
          "Height": 0.01785276271402836,
          "Left": 0.5347776412963867,
          "Top": 0.5400187969207764
        },
        "Polygon": [
          {
            "X": 0.5350164771080017,
            "Y": 0.5400266647338867
          },
          {
            "X": 0.550136148929596,
            "Y": 0.5400187969207764
          },
          {
            "X": 0.5498980283737183,
            "Y": 0.5578617453575134
          },
          {
            "X": 0.5347776412963867,
            "Y": 0.5578715205192566
          }
        ]
      },
      "Id": "d669168b-974a-4572-ac96-018d0f9aeb5d",
      "Relationships": [
        {
          "Type": "CHILD",
          "Ids": [
            "5665dc0d-ac11-41ba-8c42-2f5c794cabc4"
          ]
        }
      ],
      "Page": 1
    },
    {
      "BlockType": "LINE",
      "Confidence": 99.95114135742188,
      "Text": "47",
      "Geometry": {
        "BoundingBox": {
          "Width": 0.015475963242352009,
          "Height": 0.017418045550584793,
          "Left": 0.6312904953956604,
          "Top": 0.5401583313941956
        },
        "Polygon": [
          {
            "X": 0.6315193176269531,
            "Y": 0.5401663184165955
          },
          {
            "X": 0.6467664837837219,
            "Y": 0.5401583313941956
          },
          {
            "X": 0.6465383768081665,
            "Y": 0.5575665235519409
          },
          {
            "X": 0.6312904953956604,
            "Y": 0.5575763583183289
          }
        ]
      },
      "Id": "4f386d27-a405-460e-8878-f20f8ba4f411",
      "Relationships": [
        {
          "Type": "CHILD",
          "Ids": [
            "5637c384-5c09-4bc6-819f-a5568064c3ef"
          ]
        }
      ],
      "Page": 1
    },
    {
      "BlockType": "LINE",
      "Confidence": 99.96977233886719,
      "Text": "88",
      "Geometry": {
        "BoundingBox": {
          "Width": 0.015294968150556087,
          "Height": 0.017597075551748276,
          "Left": 0.7281923294067383,
          "Top": 0.5400747060775757
        },
        "Polygon": [
          {
            "X": 0.7284191846847534,
            "Y": 0.5400826334953308
          },
          {
            "X": 0.7434872984886169,
            "Y": 0.5400747060775757
          },
          {
            "X": 0.7432612180709839,
            "Y": 0.5576620697975159
          },
          {
            "X": 0.7281923294067383,
            "Y": 0.5576717853546143
          }
        ]
      },
      "Id": "e329a0bf-8846-4433-bdfb-094d0fc27e18",
      "Relationships": [
        {
          "Type": "CHILD",
          "Ids": [
            "acce63f7-c74a-48ae-a555-771e8ffde5b7"
          ]
        }
      ],
      "Page": 1
    },
    {
      "BlockType": "LINE",
      "Confidence": 99.27165222167969,
      "Text": "40CE/60 EP/GA/ZAA",
      "Geometry": {
        "BoundingBox": {
          "Width": 0.13344578444957733,
          "Height": 0.019954057410359383,
          "Left": 0.25101062655448914,
          "Top": 0.5708950161933899
        },
        "Polygon": [
          {
            "X": 0.2512906491756439,
            "Y": 0.5709930658340454
          },
          {
            "X": 0.38445642590522766,
            "Y": 0.5708950161933899
          },
          {
            "X": 0.3841833472251892,
            "Y": 0.5907326936721802
          },
          {
            "X": 0.25101062655448914,
            "Y": 0.5908491015434265
          }
        ]
      },
      "Id": "807b9a03-1c4d-4145-965a-87613e520969",
      "Relationships": [
        {
          "Type": "CHILD",
          "Ids": [
            "39b60f98-f181-4634-960b-93aa325648b4",
            "cbb06435-99de-4614-9c14-ae3251effe10"
          ]
        }
      ],
      "Page": 1
    },
    {
      "BlockType": "LINE",
      "Confidence": 99.93016052246094,
      "Text": "44",
      "Geometry": {
        "BoundingBox": {
          "Width": 0.015538922511041164,
          "Height": 0.017116324976086617,
          "Left": 0.43783462047576904,
          "Top": 0.5713745355606079
        },
        "Polygon": [
          {
            "X": 0.438067764043808,
            "Y": 0.5713858604431152
          },
          {
            "X": 0.4533735513687134,
            "Y": 0.5713745355606079
          },
          {
            "X": 0.45314109325408936,
            "Y": 0.5884777307510376
          },
          {
            "X": 0.43783462047576904,
            "Y": 0.5884908437728882
          }
        ]
      },
      "Id": "48183b15-f337-4f83-ae67-fdb0fbbc7cde",
      "Relationships": [
        {
          "Type": "CHILD",
          "Ids": [
            "2272f61e-b280-4bd5-b00a-189a460f8717"
          ]
        }
      ],
      "Page": 1
    },
    {
      "BlockType": "LINE",
      "Confidence": 99.98030853271484,
      "Text": "93",
      "Geometry": {
        "BoundingBox": {
          "Width": 0.01539096049964428,
          "Height": 0.017951935529708862,
          "Left": 0.5346675515174866,
          "Top": 0.571243166923523
        },
        "Polygon": [
          {
            "X": 0.5349076390266418,
            "Y": 0.5712543725967407
          },
          {
            "X": 0.5500584840774536,
            "Y": 0.571243166923523
          },
          {
            "X": 0.5498190522193909,
            "Y": 0.5891819596290588
          },
          {
            "X": 0.5346675515174866,
            "Y": 0.5891950726509094
          }
        ]
      },
      "Id": "9c97502c-1b95-4797-a349-81386433717a",
      "Relationships": [
        {
          "Type": "CHILD",
          "Ids": [
            "9e8ff8d0-e080-4c96-88ef-aafa6df0f113"
          ]
        }
      ],
      "Page": 1
    },
    {
      "BlockType": "LINE",
      "Confidence": 99.97813415527344,
      "Text": "68",
      "Geometry": {
        "BoundingBox": {
          "Width": 0.015568036586046219,
          "Height": 0.017452962696552277,
          "Left": 0.6314656138420105,
          "Top": 0.5713248252868652
        },
        "Polygon": [
          {
            "X": 0.6316947937011719,
            "Y": 0.5713361501693726
          },
          {
            "X": 0.64703369140625,
            "Y": 0.5713248252868652
          },
          {
            "X": 0.6468052268028259,
            "Y": 0.5887645483016968
          },
          {
            "X": 0.6314656138420105,
            "Y": 0.5887777805328369
          }
        ]
      },
      "Id": "fad0bcf3-6bec-423e-81b0-8a2c76c4db27",
      "Relationships": [
        {
          "Type": "CHILD",
          "Ids": [
            "775d4863-2ce1-4bfc-89aa-fb547c1485d9"
          ]
        }
      ],
      "Page": 1
    },
    {
      "BlockType": "LINE",
      "Confidence": 99.91756439208984,
      "Text": "67",
      "Geometry": {
        "BoundingBox": {
          "Width": 0.015064270235598087,
          "Height": 0.01783413626253605,
          "Left": 0.7282837629318237,
          "Top": 0.5712743997573853
        },
        "Polygon": [
          {
            "X": 0.7285135984420776,
            "Y": 0.5712854266166687
          },
          {
            "X": 0.7433480620384216,
            "Y": 0.5712743997573853
          },
          {
            "X": 0.743118941783905,
            "Y": 0.5890957117080688
          },
          {
            "X": 0.7282837629318237,
            "Y": 0.5891085267066956
          }
        ]
      },
      "Id": "6ba8a9e9-5f5b-4b0d-8828-299742d7f55a",
      "Relationships": [
        {
          "Type": "CHILD",
          "Ids": [
            "9f009fd6-e6fe-4a32-9113-3c935337eaba"
          ]
        }
      ],
      "Page": 1
    },
    {
      "BlockType": "WORD",
      "Confidence": 99.8987808227539,
      "Text": "Samples",
      "TextType": "PRINTED",
      "Geometry": {
        "BoundingBox": {
          "Width": 0.050662241876125336,
          "Height": 0.02349427342414856,
          "Left": 0.2507486641407013,
          "Top": 0.4140235483646393
        },
        "Polygon": [
          {
            "X": 0.2510800063610077,
            "Y": 0.4140235483646393
          },
          {
            "X": 0.3014109134674072,
            "Y": 0.41404134035110474
          },
          {
            "X": 0.30108270049095154,
            "Y": 0.43751782178878784
          },
          {
            "X": 0.2507486641407013,
            "Y": 0.437508225440979
          }
        ]
      },
      "Id": "56c14c47-a6c4-4989-8201-c32a468095cd",
      "Page": 1
    },
    {
      "BlockType": "WORD",
      "Confidence": 58.86601638793945,
      "Text": "Rf",
      "TextType": "PRINTED",
      "Geometry": {
        "BoundingBox": {
          "Width": 0.013731089420616627,
          "Height": 0.01943538337945938,
          "Left": 0.4374021589756012,
          "Top": 0.4148798882961273
        },
        "Polygon": [
          {
            "X": 0.4376671612262726,
            "Y": 0.4148798882961273
          },
          {
            "X": 0.45113325119018555,
            "Y": 0.4148845672607422
          },
          {
            "X": 0.45086896419525146,
            "Y": 0.4343152642250061
          },
          {
            "X": 0.4374021589756012,
            "Y": 0.4343124032020569
          }
        ]
      },
      "Id": "485d03cf-63f5-4aa1-a981-5f6dc4cbe630",
      "Page": 1
    },
    {
      "BlockType": "WORD",
      "Confidence": 99.8830337524414,
      "Text": "(%)",
      "TextType": "PRINTED",
      "Geometry": {
        "BoundingBox": {
          "Width": 0.021989351138472557,
          "Height": 0.021222971379756927,
          "Left": 0.45416590571403503,
          "Top": 0.41407647728919983
        },
        "Polygon": [
          {
            "X": 0.45445433259010315,
            "Y": 0.41407647728919983
          },
          {
            "X": 0.47615525126457214,
            "Y": 0.41408416628837585
          },
          {
            "X": 0.4758680462837219,
            "Y": 0.43529945611953735
          },
          {
            "X": 0.45416590571403503,
            "Y": 0.4352949857711792
          }
        ]
      },
      "Id": "16677411-a0ff-47af-a0bb-c438285e9407",
      "Page": 1
    },
    {
      "BlockType": "WORD",
      "Confidence": 49.32848358154297,
      "Text": "R",
      "TextType": "PRINTED",
      "Geometry": {
        "BoundingBox": {
          "Width": 0.014002040028572083,
          "Height": 0.019934918731451035,
          "Left": 0.6309934258460999,
          "Top": 0.4148635268211365
        },
        "Polygon": [
          {
            "X": 0.6312554478645325,
            "Y": 0.4148635268211365
          },
          {
            "X": 0.6449955105781555,
            "Y": 0.4148683249950409
          },
          {
            "X": 0.6447342038154602,
            "Y": 0.4347984492778778
          },
          {
            "X": 0.6309934258460999,
            "Y": 0.4347955882549286
          }
        ]
      },
      "Id": "99c17aa9-fb59-4187-9629-accc75c5d6d1",
      "Page": 1
    },
    {
      "BlockType": "WORD",
      "Confidence": 99.84693908691406,
      "Text": "(%)",
      "TextType": "PRINTED",
      "Geometry": {
        "BoundingBox": {
          "Width": 0.02176482416689396,
          "Height": 0.02194403111934662,
          "Left": 0.6483305096626282,
          "Top": 0.41363441944122314
        },
        "Polygon": [
          {
            "X": 0.6486179232597351,
            "Y": 0.41363441944122314
          },
          {
            "X": 0.6700953245162964,
            "Y": 0.4136420786380768
          },
          {
            "X": 0.669809103012085,
            "Y": 0.43557843565940857
          },
          {
            "X": 0.6483305096626282,
            "Y": 0.4355740547180176
          }
        ]
      },
      "Id": "55e92938-c11d-4ce5-b4aa-925ba59f00b4",
      "Page": 1
    },
    {
      "BlockType": "WORD",
      "Confidence": 56.470985412597656,
      "Text": "S0-S1",
      "TextType": "PRINTED",
      "Geometry": {
        "BoundingBox": {
          "Width": 0.04209964722394943,
          "Height": 0.01876217871904373,
          "Left": 0.4375634789466858,
          "Top": 0.4607747197151184
        },
        "Polygon": [
          {
            "X": 0.4378192722797394,
            "Y": 0.4607747197151184
          },
          {
            "X": 0.47966310381889343,
            "Y": 0.4607759416103363
          },
          {
            "X": 0.4794093668460846,
            "Y": 0.4795326590538025
          },
          {
            "X": 0.4375634789466858,
            "Y": 0.47953692078590393
          }
        ]
      },
      "Id": "aaa4de54-5d28-4824-b9c8-6aae23552bcf",
      "Page": 1
    },
    {
      "BlockType": "WORD",
      "Confidence": 97.19892120361328,
      "Text": "S1-S2",
      "TextType": "PRINTED",
      "Geometry": {
        "BoundingBox": {
          "Width": 0.04365247115492821,
          "Height": 0.018318500369787216,
          "Left": 0.5342891216278076,
          "Top": 0.4614922106266022
        },
        "Polygon": [
          {
            "X": 0.5345343947410583,
            "Y": 0.4614922106266022
          },
          {
            "X": 0.5779415965080261,
            "Y": 0.46149325370788574
          },
          {
            "X": 0.5776984095573425,
            "Y": 0.47980624437332153
          },
          {
            "X": 0.5342891216278076,
            "Y": 0.4798107147216797
          }
        ]
      },
      "Id": "92fcb5a9-53ec-4dc5-b707-916c87697f71",
      "Page": 1
    },
    {
      "BlockType": "WORD",
      "Confidence": 96.21692657470703,
      "Text": "S2-S1",
      "TextType": "PRINTED",
      "Geometry": {
        "BoundingBox": {
          "Width": 0.041447121649980545,
          "Height": 0.01835607923567295,
          "Left": 0.6312698721885681,
          "Top": 0.4615333676338196
        },
        "Polygon": [
          {
            "X": 0.6315111517906189,
            "Y": 0.4615333676338196
          },
          {
            "X": 0.6727170348167419,
            "Y": 0.4615343511104584
          },
          {
            "X": 0.6724777221679688,
            "Y": 0.47988516092300415
          },
          {
            "X": 0.6312698721885681,
            "Y": 0.479889452457428
          }
        ]
      },
      "Id": "9be1d375-348d-413e-a019-46872adc8afa",
      "Page": 1
    },
    {
      "BlockType": "WORD",
      "Confidence": 79.65911102294922,
      "Text": "S1->",
      "TextType": "PRINTED",
      "Geometry": {
        "BoundingBox": {
          "Width": 0.029569117352366447,
          "Height": 0.018437007442116737,
          "Left": 0.7281627058982849,
          "Top": 0.4615955948829651
        },
        "Polygon": [
          {
            "X": 0.728400468826294,
            "Y": 0.4615955948829651
          },
          {
            "X": 0.7577317953109741,
            "Y": 0.46159628033638
          },
          {
            "X": 0.7574954032897949,
            "Y": 0.48002952337265015
          },
          {
            "X": 0.7281627058982849,
            "Y": 0.4800325930118561
          }
        ]
      },
      "Id": "75925dbb-42d3-481c-8b5b-548981bec477",
      "Page": 1
    },
    {
      "BlockType": "WORD",
      "Confidence": 98.07026672363281,
      "Text": "S",
      "TextType": "PRINTED",
      "Geometry": {
        "BoundingBox": {
          "Width": 0.008433565497398376,
          "Height": 0.01804945059120655,
          "Left": 0.7553898096084595,
          "Top": 0.46162405610084534
        },
        "Polygon": [
          {
            "X": 0.7556213140487671,
            "Y": 0.46162405610084534
          },
          {
            "X": 0.7638233304023743,
            "Y": 0.46162426471710205
          },
          {
            "X": 0.7635921835899353,
            "Y": 0.4796726703643799
          },
          {
            "X": 0.7553898096084595,
            "Y": 0.47967350482940674
          }
        ]
      },
      "Id": "7924e894-6508-4804-8b0d-85a023762ad9",
      "Page": 1
    },
    {
      "BlockType": "WORD",
      "Confidence": 87.79421997070312,
      "Text": "60CE/40EP/GA/ZAA",
      "TextType": "PRINTED",
      "Geometry": {
        "BoundingBox": {
          "Width": 0.13157929480075836,
          "Height": 0.019590741023421288,
          "Left": 0.25150635838508606,
          "Top": 0.5098296403884888
        },
        "Polygon": [
          {
            "X": 0.251782089471817,
            "Y": 0.5098705887794495
          },
          {
            "X": 0.3830856680870056,
            "Y": 0.5098296403884888
          },
          {
            "X": 0.3828166723251343,
            "Y": 0.5293616652488708
          },
          {
            "X": 0.25150635838508606,
            "Y": 0.5294204354286194
          }
        ]
      },
      "Id": "882ca785-fd5b-468d-9074-dde35ce5cb1c",
      "Page": 1
    },
    {
      "BlockType": "WORD",
      "Confidence": 99.97195434570312,
      "Text": "63",
      "TextType": "PRINTED",
      "Geometry": {
        "BoundingBox": {
          "Width": 0.015609348192811012,
          "Height": 0.01772957295179367,
          "Left": 0.43767663836479187,
          "Top": 0.5099047422409058
        },
        "Polygon": [
          {
            "X": 0.4379182457923889,
            "Y": 0.5099095702171326
          },
          {
            "X": 0.45328599214553833,
            "Y": 0.5099047422409058
          },
          {
            "X": 0.4530450701713562,
            "Y": 0.5276276469230652
          },
          {
            "X": 0.43767663836479187,
            "Y": 0.52763432264328
          }
        ]
      },
      "Id": "b6b50b79-c5db-47a8-a6b4-db6be79d07d0",
      "Page": 1
    },
    {
      "BlockType": "WORD",
      "Confidence": 99.97832489013672,
      "Text": "97",
      "TextType": "PRINTED",
      "Geometry": {
        "BoundingBox": {
          "Width": 0.015594566240906715,
          "Height": 0.017567718401551247,
          "Left": 0.5345661044120789,
          "Top": 0.5099573135375977
        },
        "Polygon": [
          {
            "X": 0.534801185131073,
            "Y": 0.5099621415138245
          },
          {
            "X": 0.5501606464385986,
            "Y": 0.5099573135375977
          },
          {
            "X": 0.549926221370697,
            "Y": 0.5275183916091919
          },
          {
            "X": 0.5345661044120789,
            "Y": 0.5275250673294067
          }
        ]
      },
      "Id": "c2ecc54e-a260-4465-bb5b-3c83e54fa6c3",
      "Page": 1
    },
    {
      "BlockType": "WORD",
      "Confidence": 99.96410369873047,
      "Text": "64",
      "TextType": "PRINTED",
      "Geometry": {
        "BoundingBox": {
          "Width": 0.01560306828469038,
          "Height": 0.017522083595395088,
          "Left": 0.631321370601654,
          "Top": 0.5101003646850586
        },
        "Polygon": [
          {
            "X": 0.6315515637397766,
            "Y": 0.5101051926612854
          },
          {
            "X": 0.6469244360923767,
            "Y": 0.5101003646850586
          },
          {
            "X": 0.6466949582099915,
            "Y": 0.5276157259941101
          },
          {
            "X": 0.631321370601654,
            "Y": 0.5276224613189697
          }
        ]
      },
      "Id": "b6bdc046-a5f0-4955-82f3-7934ac3dc597",
      "Page": 1
    },
    {
      "BlockType": "WORD",
      "Confidence": 99.95445251464844,
      "Text": "83",
      "TextType": "PRINTED",
      "Geometry": {
        "BoundingBox": {
          "Width": 0.015293821692466736,
          "Height": 0.01751953922212124,
          "Left": 0.7280216813087463,
          "Top": 0.5100331902503967
        },
        "Polygon": [
          {
            "X": 0.7282475829124451,
            "Y": 0.510037899017334
          },
          {
            "X": 0.7433155179023743,
            "Y": 0.5100331902503967
          },
          {
            "X": 0.7430903315544128,
            "Y": 0.5275461673736572
          },
          {
            "X": 0.7280216813087463,
            "Y": 0.5275527238845825
          }
        ]
      },
      "Id": "ecf5aaa8-46dc-475a-8420-d0031bfe4f15",
      "Page": 1
    },
    {
      "BlockType": "WORD",
      "Confidence": 99.65738677978516,
      "Text": "50CE/50",
      "TextType": "PRINTED",
      "Geometry": {
        "BoundingBox": {
          "Width": 0.05529060214757919,
          "Height": 0.019082918763160706,
          "Left": 0.25098973512649536,
          "Top": 0.5397896766662598
        },
        "Polygon": [
          {
            "X": 0.2512584924697876,
            "Y": 0.539818286895752
          },
          {
            "X": 0.30628034472465515,
            "Y": 0.5397896766662598
          },
          {
            "X": 0.30601435899734497,
            "Y": 0.5588367581367493
          },
          {
            "X": 0.25098973512649536,
            "Y": 0.558872640132904
          }
        ]
      },
      "Id": "e8bd472b-cd73-4b77-9b28-1ef3feb6960d",
      "Page": 1
    },
    {
      "BlockType": "WORD",
      "Confidence": 99.03486633300781,
      "Text": "EP/GA/ZAA",
      "TextType": "PRINTED",
      "Geometry": {
        "BoundingBox": {
          "Width": 0.07545893639326096,
          "Height": 0.019337380304932594,
          "Left": 0.308550626039505,
          "Top": 0.5397589206695557
        },
        "Polygon": [
          {
            "X": 0.308819979429245,
            "Y": 0.5397980213165283
          },
          {
            "X": 0.38400956988334656,
            "Y": 0.5397589206695557
          },
          {
            "X": 0.3837440013885498,
            "Y": 0.5590471625328064
          },
          {
            "X": 0.308550626039505,
            "Y": 0.5590963363647461
          }
        ]
      },
      "Id": "892275c1-8bad-4727-a268-4636a4634b3d",
      "Page": 1
    },
    {
      "BlockType": "WORD",
      "Confidence": 99.94535827636719,
      "Text": "62",
      "TextType": "PRINTED",
      "Geometry": {
        "BoundingBox": {
          "Width": 0.015538143925368786,
          "Height": 0.01733427308499813,
          "Left": 0.43807291984558105,
          "Top": 0.5400717854499817
        },
        "Polygon": [
          {
            "X": 0.43830907344818115,
            "Y": 0.5400797724723816
          },
          {
            "X": 0.4536110758781433,
            "Y": 0.5400717854499817
          },
          {
            "X": 0.45337560772895813,
            "Y": 0.5573961734771729
          },
          {
            "X": 0.43807291984558105,
            "Y": 0.5574060082435608
          }
        ]
      },
      "Id": "c2950c61-5929-4d7e-aff2-e6657917e38d",
      "Page": 1
    },
    {
      "BlockType": "WORD",
      "Confidence": 99.9832534790039,
      "Text": "94",
      "TextType": "PRINTED",
      "Geometry": {
        "BoundingBox": {
          "Width": 0.015358511358499527,
          "Height": 0.01785276271402836,
          "Left": 0.5347776412963867,
          "Top": 0.5400187969207764
        },
        "Polygon": [
          {
            "X": 0.5350164771080017,
            "Y": 0.5400266647338867
          },
          {
            "X": 0.550136148929596,
            "Y": 0.5400187969207764
          },
          {
            "X": 0.5498980283737183,
            "Y": 0.5578617453575134
          },
          {
            "X": 0.5347776412963867,
            "Y": 0.5578715205192566
          }
        ]
      },
      "Id": "5665dc0d-ac11-41ba-8c42-2f5c794cabc4",
      "Page": 1
    },
    {
      "BlockType": "WORD",
      "Confidence": 99.95114135742188,
      "Text": "47",
      "TextType": "PRINTED",
      "Geometry": {
        "BoundingBox": {
          "Width": 0.015475963242352009,
          "Height": 0.017418045550584793,
          "Left": 0.6312904953956604,
          "Top": 0.5401583313941956
        },
        "Polygon": [
          {
            "X": 0.6315193176269531,
            "Y": 0.5401663184165955
          },
          {
            "X": 0.6467664837837219,
            "Y": 0.5401583313941956
          },
          {
            "X": 0.6465383768081665,
            "Y": 0.5575665235519409
          },
          {
            "X": 0.6312904953956604,
            "Y": 0.5575763583183289
          }
        ]
      },
      "Id": "5637c384-5c09-4bc6-819f-a5568064c3ef",
      "Page": 1
    },
    {
      "BlockType": "WORD",
      "Confidence": 99.96977233886719,
      "Text": "88",
      "TextType": "PRINTED",
      "Geometry": {
        "BoundingBox": {
          "Width": 0.015294968150556087,
          "Height": 0.017597075551748276,
          "Left": 0.7281923294067383,
          "Top": 0.5400747060775757
        },
        "Polygon": [
          {
            "X": 0.7284191846847534,
            "Y": 0.5400826334953308
          },
          {
            "X": 0.7434872984886169,
            "Y": 0.5400747060775757
          },
          {
            "X": 0.7432612180709839,
            "Y": 0.5576620697975159
          },
          {
            "X": 0.7281923294067383,
            "Y": 0.5576717853546143
          }
        ]
      },
      "Id": "acce63f7-c74a-48ae-a555-771e8ffde5b7",
      "Page": 1
    },
    {
      "BlockType": "WORD",
      "Confidence": 99.38190460205078,
      "Text": "40CE/60",
      "TextType": "PRINTED",
      "Geometry": {
        "BoundingBox": {
          "Width": 0.054759591817855835,
          "Height": 0.019059138372540474,
          "Left": 0.2510223984718323,
          "Top": 0.5709566473960876
        },
        "Polygon": [
          {
            "X": 0.25129061937332153,
            "Y": 0.5709967613220215
          },
          {
            "X": 0.3057819902896881,
            "Y": 0.5709566473960876
          },
          {
            "X": 0.30551648139953613,
            "Y": 0.5899685025215149
          },
          {
            "X": 0.2510223984718323,
            "Y": 0.5900158286094666
          }
        ]
      },
      "Id": "39b60f98-f181-4634-960b-93aa325648b4",
      "Page": 1
    },
    {
      "BlockType": "WORD",
      "Confidence": 99.16139221191406,
      "Text": "EP/GA/ZAA",
      "TextType": "PRINTED",
      "Geometry": {
        "BoundingBox": {
          "Width": 0.07602251321077347,
          "Height": 0.019903870299458504,
          "Left": 0.3084338903427124,
          "Top": 0.5708950161933899
        },
        "Polygon": [
          {
            "X": 0.3087109327316284,
            "Y": 0.5709507465362549
          },
          {
            "X": 0.38445642590522766,
            "Y": 0.5708950161933899
          },
          {
            "X": 0.3841833472251892,
            "Y": 0.5907326936721802
          },
          {
            "X": 0.3084338903427124,
            "Y": 0.5907989144325256
          }
        ]
      },
      "Id": "cbb06435-99de-4614-9c14-ae3251effe10",
      "Page": 1
    },
    {
      "BlockType": "WORD",
      "Confidence": 99.93016052246094,
      "Text": "44",
      "TextType": "PRINTED",
      "Geometry": {
        "BoundingBox": {
          "Width": 0.015538922511041164,
          "Height": 0.017116324976086617,
          "Left": 0.43783462047576904,
          "Top": 0.5713745355606079
        },
        "Polygon": [
          {
            "X": 0.438067764043808,
            "Y": 0.5713858604431152
          },
          {
            "X": 0.4533735513687134,
            "Y": 0.5713745355606079
          },
          {
            "X": 0.45314109325408936,
            "Y": 0.5884777307510376
          },
          {
            "X": 0.43783462047576904,
            "Y": 0.5884908437728882
          }
        ]
      },
      "Id": "2272f61e-b280-4bd5-b00a-189a460f8717",
      "Page": 1
    },
    {
      "BlockType": "WORD",
      "Confidence": 99.98030853271484,
      "Text": "93",
      "TextType": "PRINTED",
      "Geometry": {
        "BoundingBox": {
          "Width": 0.01539096049964428,
          "Height": 0.017951935529708862,
          "Left": 0.5346675515174866,
          "Top": 0.571243166923523
        },
        "Polygon": [
          {
            "X": 0.5349076390266418,
            "Y": 0.5712543725967407
          },
          {
            "X": 0.5500584840774536,
            "Y": 0.571243166923523
          },
          {
            "X": 0.5498190522193909,
            "Y": 0.5891819596290588
          },
          {
            "X": 0.5346675515174866,
            "Y": 0.5891950726509094
          }
        ]
      },
      "Id": "9e8ff8d0-e080-4c96-88ef-aafa6df0f113",
      "Page": 1
    },
    {
      "BlockType": "WORD",
      "Confidence": 99.97813415527344,
      "Text": "68",
      "TextType": "PRINTED",
      "Geometry": {
        "BoundingBox": {
          "Width": 0.015568036586046219,
          "Height": 0.017452962696552277,
          "Left": 0.6314656138420105,
          "Top": 0.5713248252868652
        },
        "Polygon": [
          {
            "X": 0.6316947937011719,
            "Y": 0.5713361501693726
          },
          {
            "X": 0.64703369140625,
            "Y": 0.5713248252868652
          },
          {
            "X": 0.6468052268028259,
            "Y": 0.5887645483016968
          },
          {
            "X": 0.6314656138420105,
            "Y": 0.5887777805328369
          }
        ]
      },
      "Id": "775d4863-2ce1-4bfc-89aa-fb547c1485d9",
      "Page": 1
    },
    {
      "BlockType": "WORD",
      "Confidence": 99.91756439208984,
      "Text": "67",
      "TextType": "PRINTED",
      "Geometry": {
        "BoundingBox": {
          "Width": 0.015064270235598087,
          "Height": 0.01783413626253605,
          "Left": 0.7282837629318237,
          "Top": 0.5712743997573853
        },
        "Polygon": [
          {
            "X": 0.7285135984420776,
            "Y": 0.5712854266166687
          },
          {
            "X": 0.7433480620384216,
            "Y": 0.5712743997573853
          },
          {
            "X": 0.743118941783905,
            "Y": 0.5890957117080688
          },
          {
            "X": 0.7282837629318237,
            "Y": 0.5891085267066956
          }
        ]
      },
      "Id": "9f009fd6-e6fe-4a32-9113-3c935337eaba",
      "Page": 1
    },
    {
      "BlockType": "TABLE",
      "Confidence": 99.951171875,
      "Geometry": {
        "BoundingBox": {
          "Width": 0.5324606895446777,
          "Height": 0.21435512602329254,
          "Left": 0.23396696150302887,
          "Top": 0.39402300119400024
        },
        "Polygon": [
          {
            "X": 0.2369990348815918,
            "Y": 0.39402300119400024
          },
          {
            "X": 0.7664276361465454,
            "Y": 0.39428362250328064
          },
          {
            "X": 0.7636931538581848,
            "Y": 0.6078507900238037
          },
          {
            "X": 0.23396696150302887,
            "Y": 0.6083781123161316
          }
        ]
      },
      "Id": "38616553-cdd0-40ac-add6-2aeedfc034fa",
      "Relationships": [
        {
          "Type": "CHILD",
          "Ids": [
            "66d43bb2-9ded-469c-9e22-3fda06fef3be",
            "ef8a6d7b-e60c-44fe-8be1-1dde11944be2",
            "ba1c068b-4875-4677-a661-51c4eb88a4f9",
            "25eedfba-e940-4707-9e33-5bd383d28ac7",
            "6905afdd-25ad-40fa-9ca3-5a04ca1657b4",
            "aab283bb-45b3-4977-9c93-72c3a63d6aa3",
            "e15ac590-78d6-4d5b-869f-bec7fcf70110",
            "a6449a9b-72b7-425c-8b4e-ef5b0021c5ff",
            "494e6350-20c5-4c0b-bee9-3d557377ea3c",
            "236c5d92-13a0-4ce4-939d-1a468b2a1d46",
            "6008b6c9-de72-4dae-85af-b295f7481e77",
            "7c6f8ae5-404a-4544-8307-ee7bf8502d98",
            "0f559ef4-be2d-4d5e-9f25-81a77f05c56e",
            "51a4df00-0fb4-41a2-8a93-ab5f654c7814",
            "256990cd-9ef9-4b9d-a84e-7fc294f08f4d",
            "30b98f53-57ca-4e97-a97c-d8caeaef627f",
            "526b4884-5b5c-4a83-a040-9f806197150a",
            "ad0a3e03-fe32-4e9c-9213-21e94f705fe8",
            "b1c37a02-9d76-4f52-aa6f-a12f02a268de",
            "f8d4cb64-3656-4cfc-a53b-3170045fa0e6",
            "c9cb606b-eff7-47dc-916d-3e6deb397405",
            "d645480f-d106-432b-9f19-09c8bd0c5e74",
            "a614793c-8bc4-48a7-b36d-cb235b1ab1f8",
            "f86636e6-bf25-4049-903b-49a50ce721d9",
            "bdc53e04-df1b-40b4-a334-dd962e06309f"
          ]
        },
        {
          "Type": "MERGED_CELL",
          "Ids": [
            "0ab1c6a1-b64e-4c25-9006-1fb21f0721b7",
            "35e37843-04cf-4fd1-9ec0-a23375d77c61",
            "912b6a9e-e668-495a-b48d-9a465e5f414e"
          ]
        }
      ],
      "EntityTypes": [
        "STRUCTURED_TABLE"
      ],
      "Page": 1
    },
    {
      "BlockType": "CELL",
      "Confidence": 49.21875,
      "RowIndex": 1,
      "ColumnIndex": 1,
      "RowSpan": 1,
      "ColumnSpan": 1,
      "Geometry": {
        "BoundingBox": {
          "Width": 0.17971445620059967,
          "Height": 0.05339274927973747,
          "Left": 0.23588985204696655,
          "Top": 0.39411768317222595
        },
        "Polygon": [
          {
            "X": 0.23664483428001404,
            "Y": 0.39411768317222595
          },
          {
            "X": 0.41560429334640503,
            "Y": 0.39420565962791443
          },
          {
            "X": 0.41487443447113037,
            "Y": 0.44751042127609253
          },
          {
            "X": 0.23588985204696655,
            "Y": 0.4474887251853943
          }
        ]
      },
      "Id": "66d43bb2-9ded-469c-9e22-3fda06fef3be",
      "Relationships": [
        {
          "Type": "CHILD",
          "Ids": [
            "56c14c47-a6c4-4989-8201-c32a468095cd"
          ]
        }
      ],
      "EntityTypes": [
        "COLUMN_HEADER"
      ],
      "Page": 1
    },
    {
      "BlockType": "CELL",
      "Confidence": 45.2392578125,
      "RowIndex": 1,
      "ColumnIndex": 2,
      "RowSpan": 1,
      "ColumnSpan": 1,
      "Geometry": {
        "BoundingBox": {
          "Width": 0.09160890430212021,
          "Height": 0.05331578105688095,
          "Left": 0.41487443447113037,
          "Top": 0.39420565962791443
        },
        "Polygon": [
          {
            "X": 0.41560429334640503,
            "Y": 0.39420565962791443
          },
          {
            "X": 0.5064833164215088,
            "Y": 0.3942503333091736
          },
          {
            "X": 0.5057661533355713,
            "Y": 0.447521448135376
          },
          {
            "X": 0.41487443447113037,
            "Y": 0.44751042127609253
          }
        ]
      },
      "Id": "ef8a6d7b-e60c-44fe-8be1-1dde11944be2",
      "Relationships": [
        {
          "Type": "CHILD",
          "Ids": [
            "485d03cf-63f5-4aa1-a981-5f6dc4cbe630",
            "16677411-a0ff-47af-a0bb-c438285e9407"
          ]
        }
      ],
      "EntityTypes": [
        "COLUMN_HEADER"
      ],
      "Page": 1
    },
    {
      "BlockType": "CELL",
      "Confidence": 45.2392578125,
      "RowIndex": 1,
      "ColumnIndex": 3,
      "RowSpan": 1,
      "ColumnSpan": 1,
      "Geometry": {
        "BoundingBox": {
          "Width": 0.09773684293031693,
          "Height": 0.05328286066651344,
          "Left": 0.5057661533355713,
          "Top": 0.3942503333091736
        },
        "Polygon": [
          {
            "X": 0.5064833164215088,
            "Y": 0.3942503333091736
          },
          {
            "X": 0.6035030484199524,
            "Y": 0.3942980468273163
          },
          {
            "X": 0.6027994155883789,
            "Y": 0.44753319025039673
          },
          {
            "X": 0.5057661533355713,
            "Y": 0.447521448135376
          }
        ]
      },
      "Id": "ba1c068b-4875-4677-a661-51c4eb88a4f9",
      "EntityTypes": [
        "COLUMN_HEADER"
      ],
      "Page": 1
    },
    {
      "BlockType": "CELL",
      "Confidence": 47.4609375,
      "RowIndex": 1,
      "ColumnIndex": 4,
      "RowSpan": 1,
      "ColumnSpan": 1,
      "Geometry": {
        "BoundingBox": {
          "Width": 0.09681161493062973,
          "Height": 0.05324681103229523,
          "Left": 0.6027994155883789,
          "Top": 0.3942980468273163
        },
        "Polygon": [
          {
            "X": 0.6035030484199524,
            "Y": 0.3942980468273163
          },
          {
            "X": 0.6996110677719116,
            "Y": 0.3943452835083008
          },
          {
            "X": 0.6989209055900574,
            "Y": 0.4475448429584503
          },
          {
            "X": 0.6027994155883789,
            "Y": 0.44753319025039673
          }
        ]
      },
      "Id": "25eedfba-e940-4707-9e33-5bd383d28ac7",
      "Relationships": [
        {
          "Type": "CHILD",
          "Ids": [
            "99c17aa9-fb59-4187-9629-accc75c5d6d1",
            "55e92938-c11d-4ce5-b4aa-925ba59f00b4"
          ]
        }
      ],
      "EntityTypes": [
        "COLUMN_HEADER"
      ],
      "Page": 1
    },
    {
      "BlockType": "CELL",
      "Confidence": 47.4609375,
      "RowIndex": 1,
      "ColumnIndex": 5,
      "RowSpan": 1,
      "ColumnSpan": 1,
      "Geometry": {
        "BoundingBox": {
          "Width": 0.06781131774187088,
          "Height": 0.05320769548416138,
          "Left": 0.6989209055900574,
          "Top": 0.3943452835083008
        },
        "Polygon": [
          {
            "X": 0.6996110677719116,
            "Y": 0.3943452835083008
          },
          {
            "X": 0.7667322158813477,
            "Y": 0.39437827467918396
          },
          {
            "X": 0.7660514116287231,
            "Y": 0.44755297899246216
          },
          {
            "X": 0.6989209055900574,
            "Y": 0.4475448429584503
          }
        ]
      },
      "Id": "6905afdd-25ad-40fa-9ca3-5a04ca1657b4",
      "EntityTypes": [
        "COLUMN_HEADER"
      ],
      "Page": 1
    },
    {
      "BlockType": "CELL",
      "Confidence": 49.21875,
      "RowIndex": 2,
      "ColumnIndex": 1,
      "RowSpan": 1,
      "ColumnSpan": 1,
      "Geometry": {
        "BoundingBox": {
          "Width": 0.17966608703136444,
          "Height": 0.048176515847444534,
          "Left": 0.23520834743976593,
          "Top": 0.4474887251853943
        },
        "Polygon": [
          {
            "X": 0.23588985204696655,
            "Y": 0.4474887251853943
          },
          {
            "X": 0.41487443447113037,
            "Y": 0.44751042127609253
          },
          {
            "X": 0.4142155945301056,
            "Y": 0.4956270754337311
          },
          {
            "X": 0.23520834743976593,
            "Y": 0.4956652522087097
          }
        ]
      },
      "Id": "aab283bb-45b3-4977-9c93-72c3a63d6aa3",
      "EntityTypes": [
        "COLUMN_HEADER"
      ],
      "Page": 1
    },
    {
      "BlockType": "CELL",
      "Confidence": 76.953125,
      "RowIndex": 2,
      "ColumnIndex": 2,
      "RowSpan": 1,
      "ColumnSpan": 1,
      "Geometry": {
        "BoundingBox": {
          "Width": 0.09155059605836868,
          "Height": 0.04811666160821915,
          "Left": 0.4142155945301056,
          "Top": 0.44751042127609253
        },
        "Polygon": [
          {
            "X": 0.41487443447113037,
            "Y": 0.44751042127609253
          },
          {
            "X": 0.5057661533355713,
            "Y": 0.447521448135376
          },
          {
            "X": 0.5051188468933105,
            "Y": 0.4956077039241791
          },
          {
            "X": 0.4142155945301056,
            "Y": 0.4956270754337311
          }
        ]
      },
      "Id": "e15ac590-78d6-4d5b-869f-bec7fcf70110",
      "Relationships": [
        {
          "Type": "CHILD",
          "Ids": [
            "aaa4de54-5d28-4824-b9c8-6aae23552bcf"
          ]
        }
      ],
      "EntityTypes": [
        "COLUMN_HEADER"
      ],
      "Page": 1
    },
    {
      "BlockType": "CELL",
      "Confidence": 75.87890625,
      "RowIndex": 2,
      "ColumnIndex": 3,
      "RowSpan": 1,
      "ColumnSpan": 1,
      "Geometry": {
        "BoundingBox": {
          "Width": 0.09768061339855194,
          "Height": 0.0480862632393837,
          "Left": 0.5051188468933105,
          "Top": 0.447521448135376
        },
        "Polygon": [
          {
            "X": 0.5057661533355713,
            "Y": 0.447521448135376
          },
          {
            "X": 0.6027994155883789,
            "Y": 0.44753319025039673
          },
          {
            "X": 0.6021643280982971,
            "Y": 0.495587021112442
          },
          {
            "X": 0.5051188468933105,
            "Y": 0.4956077039241791
          }
        ]
      },
      "Id": "a6449a9b-72b7-425c-8b4e-ef5b0021c5ff",
      "Relationships": [
        {
          "Type": "CHILD",
          "Ids": [
            "92fcb5a9-53ec-4dc5-b707-916c87697f71"
          ]
        }
      ],
      "EntityTypes": [
        "COLUMN_HEADER"
      ],
      "Page": 1
    },
    {
      "BlockType": "CELL",
      "Confidence": 83.447265625,
      "RowIndex": 2,
      "ColumnIndex": 4,
      "RowSpan": 1,
      "ColumnSpan": 1,
      "Geometry": {
        "BoundingBox": {
          "Width": 0.09675655514001846,
          "Height": 0.048053815960884094,
          "Left": 0.6021643280982971,
          "Top": 0.44753319025039673
        },
        "Polygon": [
          {
            "X": 0.6027994155883789,
            "Y": 0.44753319025039673
          },
          {
            "X": 0.6989209055900574,
            "Y": 0.4475448429584503
          },
          {
            "X": 0.698297917842865,
            "Y": 0.4955665171146393
          },
          {
            "X": 0.6021643280982971,
            "Y": 0.495587021112442
          }
        ]
      },
      "Id": "494e6350-20c5-4c0b-bee9-3d557377ea3c",
      "Relationships": [
        {
          "Type": "CHILD",
          "Ids": [
            "9be1d375-348d-413e-a019-46872adc8afa"
          ]
        }
      ],
      "EntityTypes": [
        "COLUMN_HEADER"
      ],
      "Page": 1
    },
    {
      "BlockType": "CELL",
      "Confidence": 72.802734375,
      "RowIndex": 2,
      "ColumnIndex": 5,
      "RowSpan": 1,
      "ColumnSpan": 1,
      "Geometry": {
        "BoundingBox": {
          "Width": 0.06744768470525742,
          "Height": 0.048021670430898666,
          "Left": 0.698297917842865,
          "Top": 0.4475448429584503
        },
        "Polygon": [
          {
            "X": 0.6989209055900574,
            "Y": 0.4475448429584503
          },
          {
            "X": 0.7657455801963806,
            "Y": 0.44755294919013977
          },
          {
            "X": 0.7651309967041016,
            "Y": 0.49555227160453796
          },
          {
            "X": 0.698297917842865,
            "Y": 0.4955665171146393
          }
        ]
      },
      "Id": "236c5d92-13a0-4ce4-939d-1a468b2a1d46",
      "Relationships": [
        {
          "Type": "CHILD",
          "Ids": [
            "75925dbb-42d3-481c-8b5b-548981bec477",
            "7924e894-6508-4804-8b0d-85a023762ad9"
          ]
        }
      ],
      "EntityTypes": [
        "COLUMN_HEADER"
      ],
      "Page": 1
    },
    {
      "BlockType": "CELL",
      "Confidence": 87.5,
      "RowIndex": 3,
      "ColumnIndex": 1,
      "RowSpan": 1,
      "ColumnSpan": 1,
      "Geometry": {
        "BoundingBox": {
          "Width": 0.1792069375514984,
          "Height": 0.03910866752266884,
          "Left": 0.23500864207744598,
          "Top": 0.4956270754337311
        },
        "Polygon": [
          {
            "X": 0.2355612963438034,
            "Y": 0.49566516280174255
          },
          {
            "X": 0.4142155945301056,
            "Y": 0.4956270754337311
          },
          {
            "X": 0.4136812686920166,
            "Y": 0.5346491932868958
          },
          {
            "X": 0.23500864207744598,
            "Y": 0.5347357392311096
          }
        ]
      },
      "Id": "6008b6c9-de72-4dae-85af-b295f7481e77",
      "Relationships": [
        {
          "Type": "CHILD",
          "Ids": [
            "882ca785-fd5b-468d-9074-dde35ce5cb1c"
          ]
        }
      ],
      "Page": 1
    },
    {
      "BlockType": "CELL",
      "Confidence": 79.443359375,
      "RowIndex": 3,
      "ColumnIndex": 2,
      "RowSpan": 1,
      "ColumnSpan": 1,
      "Geometry": {
        "BoundingBox": {
          "Width": 0.09143755584955215,
          "Height": 0.03904150053858757,
          "Left": 0.4136812686920166,
          "Top": 0.4956077039241791
        },
        "Polygon": [
          {
            "X": 0.4142155945301056,
            "Y": 0.4956270754337311
          },
          {
            "X": 0.5051188468933105,
            "Y": 0.4956077039241791
          },
          {
            "X": 0.5045938491821289,
            "Y": 0.5346051454544067
          },
          {
            "X": 0.4136812686920166,
            "Y": 0.5346491932868958
          }
        ]
      },
      "Id": "7c6f8ae5-404a-4544-8307-ee7bf8502d98",
      "Relationships": [
        {
          "Type": "CHILD",
          "Ids": [
            "b6b50b79-c5db-47a8-a6b4-db6be79d07d0"
          ]
        }
      ],
      "Page": 1
    },
    {
      "BlockType": "CELL",
      "Confidence": 78.3203125,
      "RowIndex": 3,
      "ColumnIndex": 3,
      "RowSpan": 1,
      "ColumnSpan": 1,
      "Geometry": {
        "BoundingBox": {
          "Width": 0.0975705087184906,
          "Height": 0.03901815414428711,
          "Left": 0.5045938491821289,
          "Top": 0.495587021112442
        },
        "Polygon": [
          {
            "X": 0.5051188468933105,
            "Y": 0.4956077039241791
          },
          {
            "X": 0.6021643280982971,
            "Y": 0.495587021112442
          },
          {
            "X": 0.601649284362793,
            "Y": 0.5345581769943237
          },
          {
            "X": 0.5045938491821289,
            "Y": 0.5346051454544067
          }
        ]
      },
      "Id": "0f559ef4-be2d-4d5e-9f25-81a77f05c56e",
      "Relationships": [
        {
          "Type": "CHILD",
          "Ids": [
            "c2ecc54e-a260-4465-bb5b-3c83e54fa6c3"
          ]
        }
      ],
      "Page": 1
    },
    {
      "BlockType": "CELL",
      "Confidence": 86.1328125,
      "RowIndex": 3,
      "ColumnIndex": 4,
      "RowSpan": 1,
      "ColumnSpan": 1,
      "Geometry": {
        "BoundingBox": {
          "Width": 0.09664863348007202,
          "Height": 0.03899163752794266,
          "Left": 0.601649284362793,
          "Top": 0.4955665171146393
        },
        "Polygon": [
          {
            "X": 0.6021643280982971,
            "Y": 0.495587021112442
          },
          {
            "X": 0.698297917842865,
            "Y": 0.4955665171146393
          },
          {
            "X": 0.697792649269104,
            "Y": 0.5345115661621094
          },
          {
            "X": 0.601649284362793,
            "Y": 0.5345581769943237
          }
        ]
      },
      "Id": "51a4df00-0fb4-41a2-8a93-ab5f654c7814",
      "Relationships": [
        {
          "Type": "CHILD",
          "Ids": [
            "b6bdc046-a5f0-4955-82f3-7934ac3dc597"
          ]
        }
      ],
      "Page": 1
    },
    {
      "BlockType": "CELL",
      "Confidence": 75.146484375,
      "RowIndex": 3,
      "ColumnIndex": 5,
      "RowSpan": 1,
      "ColumnSpan": 1,
      "Geometry": {
        "BoundingBox": {
          "Width": 0.06733834743499756,
          "Height": 0.0389593169093132,
          "Left": 0.697792649269104,
          "Top": 0.49555227160453796
        },
        "Polygon": [
          {
            "X": 0.698297917842865,
            "Y": 0.4955665171146393
          },
          {
            "X": 0.7651309967041016,
            "Y": 0.49555227160453796
          },
          {
            "X": 0.7646325826644897,
            "Y": 0.5344792008399963
          },
          {
            "X": 0.697792649269104,
            "Y": 0.5345115661621094
          }
        ]
      },
      "Id": "256990cd-9ef9-4b9d-a84e-7fc294f08f4d",
      "Relationships": [
        {
          "Type": "CHILD",
          "Ids": [
            "ecf5aaa8-46dc-475a-8420-d0031bfe4f15"
          ]
        }
      ],
      "Page": 1
    },
    {
      "BlockType": "CELL",
      "Confidence": 80.56640625,
      "RowIndex": 4,
      "ColumnIndex": 1,
      "RowSpan": 1,
      "ColumnSpan": 1,
      "Geometry": {
        "BoundingBox": {
          "Width": 0.17911483347415924,
          "Height": 0.0313485749065876,
          "Left": 0.23456643521785736,
          "Top": 0.5346491932868958
        },
        "Polygon": [
          {
            "X": 0.23500864207744598,
            "Y": 0.5347357392311096
          },
          {
            "X": 0.4136812686920166,
            "Y": 0.5346491932868958
          },
          {
            "X": 0.4132537543773651,
            "Y": 0.5658724308013916
          },
          {
            "X": 0.23456643521785736,
            "Y": 0.5659977793693542
          }
        ]
      },
      "Id": "30b98f53-57ca-4e97-a97c-d8caeaef627f",
      "Relationships": [
        {
          "Type": "CHILD",
          "Ids": [
            "e8bd472b-cd73-4b77-9b28-1ef3feb6960d",
            "892275c1-8bad-4727-a268-4636a4634b3d"
          ]
        }
      ],
      "Page": 1
    },
    {
      "BlockType": "CELL",
      "Confidence": 73.14453125,
      "RowIndex": 4,
      "ColumnIndex": 2,
      "RowSpan": 1,
      "ColumnSpan": 1,
      "Geometry": {
        "BoundingBox": {
          "Width": 0.0913400873541832,
          "Height": 0.03126728534698486,
          "Left": 0.4132537543773651,
          "Top": 0.5346051454544067
        },
        "Polygon": [
          {
            "X": 0.4136812686920166,
            "Y": 0.5346491932868958
          },
          {
            "X": 0.5045938491821289,
            "Y": 0.5346051454544067
          },
          {
            "X": 0.504173755645752,
            "Y": 0.5658087134361267
          },
          {
            "X": 0.4132537543773651,
            "Y": 0.5658724308013916
          }
        ]
      },
      "Id": "526b4884-5b5c-4a83-a040-9f806197150a",
      "Relationships": [
        {
          "Type": "CHILD",
          "Ids": [
            "c2950c61-5929-4d7e-aff2-e6657917e38d"
          ]
        }
      ],
      "Page": 1
    },
    {
      "BlockType": "CELL",
      "Confidence": 72.119140625,
      "RowIndex": 4,
      "ColumnIndex": 3,
      "RowSpan": 1,
      "ColumnSpan": 1,
      "Geometry": {
        "BoundingBox": {
          "Width": 0.09747551381587982,
          "Height": 0.03125052899122238,
          "Left": 0.504173755645752,
          "Top": 0.5345581769943237
        },
        "Polygon": [
          {
            "X": 0.5045938491821289,
            "Y": 0.5346051454544067
          },
          {
            "X": 0.601649284362793,
            "Y": 0.5345581769943237
          },
          {
            "X": 0.6012371182441711,
            "Y": 0.5657405853271484
          },
          {
            "X": 0.504173755645752,
            "Y": 0.5658087134361267
          }
        ]
      },
      "Id": "ad0a3e03-fe32-4e9c-9213-21e94f705fe8",
      "Relationships": [
        {
          "Type": "CHILD",
          "Ids": [
            "5665dc0d-ac11-41ba-8c42-2f5c794cabc4"
          ]
        }
      ],
      "Page": 1
    },
    {
      "BlockType": "CELL",
      "Confidence": 79.296875,
      "RowIndex": 4,
      "ColumnIndex": 4,
      "RowSpan": 1,
      "ColumnSpan": 1,
      "Geometry": {
        "BoundingBox": {
          "Width": 0.09655551612377167,
          "Height": 0.03122902289032936,
          "Left": 0.6012371182441711,
          "Top": 0.5345115661621094
        },
        "Polygon": [
          {
            "X": 0.601649284362793,
            "Y": 0.5345581769943237
          },
          {
            "X": 0.697792649269104,
            "Y": 0.5345115661621094
          },
          {
            "X": 0.6973884105682373,
            "Y": 0.5656731724739075
          },
          {
            "X": 0.6012371182441711,
            "Y": 0.5657405853271484
          }
        ]
      },
      "Id": "b1c37a02-9d76-4f52-aa6f-a12f02a268de",
      "Relationships": [
        {
          "Type": "CHILD",
          "Ids": [
            "5637c384-5c09-4bc6-819f-a5568064c3ef"
          ]
        }
      ],
      "Page": 1
    },
    {
      "BlockType": "CELL",
      "Confidence": 69.189453125,
      "RowIndex": 4,
      "ColumnIndex": 5,
      "RowSpan": 1,
      "ColumnSpan": 1,
      "Geometry": {
        "BoundingBox": {
          "Width": 0.06724419444799423,
          "Height": 0.031193962320685387,
          "Left": 0.6973884105682373,
          "Top": 0.5344792008399963
        },
        "Polygon": [
          {
            "X": 0.697792649269104,
            "Y": 0.5345115661621094
          },
          {
            "X": 0.7646325826644897,
            "Y": 0.5344792008399963
          },
          {
            "X": 0.7642337679862976,
            "Y": 0.5656262636184692
          },
          {
            "X": 0.6973884105682373,
            "Y": 0.5656731724739075
          }
        ]
      },
      "Id": "f8d4cb64-3656-4cfc-a53b-3170045fa0e6",
      "Relationships": [
        {
          "Type": "CHILD",
          "Ids": [
            "acce63f7-c74a-48ae-a555-771e8ffde5b7"
          ]
        }
      ],
      "Page": 1
    },
    {
      "BlockType": "CELL",
      "Confidence": 92.919921875,
      "RowIndex": 5,
      "ColumnIndex": 1,
      "RowSpan": 1,
      "ColumnSpan": 1,
      "Geometry": {
        "BoundingBox": {
          "Width": 0.17928677797317505,
          "Height": 0.042505666613578796,
          "Left": 0.23396696150302887,
          "Top": 0.5658724308013916
        },
        "Polygon": [
          {
            "X": 0.23456643521785736,
            "Y": 0.5659977793693542
          },
          {
            "X": 0.4132537543773651,
            "Y": 0.5658724308013916
          },
          {
            "X": 0.4126741588115692,
            "Y": 0.608200192451477
          },
          {
            "X": 0.23396696150302887,
            "Y": 0.6083781123161316
          }
        ]
      },
      "Id": "c9cb606b-eff7-47dc-916d-3e6deb397405",
      "Relationships": [
        {
          "Type": "CHILD",
          "Ids": [
            "39b60f98-f181-4634-960b-93aa325648b4",
            "cbb06435-99de-4614-9c14-ae3251effe10"
          ]
        }
      ],
      "Page": 1
    },
    {
      "BlockType": "CELL",
      "Confidence": 84.326171875,
      "RowIndex": 5,
      "ColumnIndex": 2,
      "RowSpan": 1,
      "ColumnSpan": 1,
      "Geometry": {
        "BoundingBox": {
          "Width": 0.09149958938360214,
          "Height": 0.04239152744412422,
          "Left": 0.4126741588115692,
          "Top": 0.5658087134361267
        },
        "Polygon": [
          {
            "X": 0.4132537543773651,
            "Y": 0.5658724308013916
          },
          {
            "X": 0.504173755645752,
            "Y": 0.5658087134361267
          },
          {
            "X": 0.5036042928695679,
            "Y": 0.608109712600708
          },
          {
            "X": 0.4126741588115692,
            "Y": 0.608200192451477
          }
        ]
      },
      "Id": "d645480f-d106-432b-9f19-09c8bd0c5e74",
      "Relationships": [
        {
          "Type": "CHILD",
          "Ids": [
            "2272f61e-b280-4bd5-b00a-189a460f8717"
          ]
        }
      ],
      "Page": 1
    },
    {
      "BlockType": "CELL",
      "Confidence": 83.154296875,
      "RowIndex": 5,
      "ColumnIndex": 3,
      "RowSpan": 1,
      "ColumnSpan": 1,
      "Geometry": {
        "BoundingBox": {
          "Width": 0.09763286262750626,
          "Height": 0.04236908257007599,
          "Left": 0.5036042928695679,
          "Top": 0.5657405853271484
        },
        "Polygon": [
          {
            "X": 0.504173755645752,
            "Y": 0.5658087134361267
          },
          {
            "X": 0.6012371182441711,
            "Y": 0.5657405853271484
          },
          {
            "X": 0.6006784439086914,
            "Y": 0.6080130338668823
          },
          {
            "X": 0.5036042928695679,
            "Y": 0.608109712600708
          }
        ]
      },
      "Id": "a614793c-8bc4-48a7-b36d-cb235b1ab1f8",
      "Relationships": [
        {
          "Type": "CHILD",
          "Ids": [
            "9e8ff8d0-e080-4c96-88ef-aafa6df0f113"
          ]
        }
      ],
      "Page": 1
    },
    {
      "BlockType": "CELL",
      "Confidence": 91.455078125,
      "RowIndex": 5,
      "ColumnIndex": 4,
      "RowSpan": 1,
      "ColumnSpan": 1,
      "Geometry": {
        "BoundingBox": {
          "Width": 0.0967099517583847,
          "Height": 0.042339880019426346,
          "Left": 0.6006784439086914,
          "Top": 0.5656731724739075
        },
        "Polygon": [
          {
            "X": 0.6012371182441711,
            "Y": 0.5657405853271484
          },
          {
            "X": 0.6973884105682373,
            "Y": 0.5656731724739075
          },
          {
            "X": 0.6968403458595276,
            "Y": 0.607917308807373
          },
          {
            "X": 0.6006784439086914,
            "Y": 0.6080130338668823
          }
        ]
      },
      "Id": "f86636e6-bf25-4049-903b-49a50ce721d9",
      "Relationships": [
        {
          "Type": "CHILD",
          "Ids": [
            "775d4863-2ce1-4bfc-89aa-fb547c1485d9"
          ]
        }
      ],
      "Page": 1
    },
    {
      "BlockType": "CELL",
      "Confidence": 79.78515625,
      "RowIndex": 5,
      "ColumnIndex": 5,
      "RowSpan": 1,
      "ColumnSpan": 1,
      "Geometry": {
        "BoundingBox": {
          "Width": 0.06739342957735062,
          "Height": 0.04229103401303291,
          "Left": 0.6968403458595276,
          "Top": 0.5656262636184692
        },
        "Polygon": [
          {
            "X": 0.6973884105682373,
            "Y": 0.5656731724739075
          },
          {
            "X": 0.7642337679862976,
            "Y": 0.5656262636184692
          },
          {
            "X": 0.7636931538581848,
            "Y": 0.6078507900238037
          },
          {
            "X": 0.6968403458595276,
            "Y": 0.607917308807373
          }
        ]
      },
      "Id": "bdc53e04-df1b-40b4-a334-dd962e06309f",
      "Relationships": [
        {
          "Type": "CHILD",
          "Ids": [
            "9f009fd6-e6fe-4a32-9113-3c935337eaba"
          ]
        }
      ],
      "Page": 1
    },
    {
      "BlockType": "MERGED_CELL",
      "Confidence": 49.21875,
      "RowIndex": 1,
      "ColumnIndex": 1,
      "RowSpan": 2,
      "ColumnSpan": 1,
      "Geometry": {
        "BoundingBox": {
          "Width": 0.18004430830478668,
          "Height": 0.1016421765089035,
          "Left": 0.2355612963438034,
          "Top": 0.39402300119400024
        },
        "Polygon": [
          {
            "X": 0.2369990348815918,
            "Y": 0.39402300119400024
          },
          {
            "X": 0.4156056046485901,
            "Y": 0.39411091804504395
          },
          {
            "X": 0.4142155945301056,
            "Y": 0.4956270754337311
          },
          {
            "X": 0.2355612963438034,
            "Y": 0.49566516280174255
          }
        ]
      },
      "Id": "0ab1c6a1-b64e-4c25-9006-1fb21f0721b7",
      "Relationships": [
        {
          "Type": "CHILD",
          "Ids": [
            "66d43bb2-9ded-469c-9e22-3fda06fef3be",
            "aab283bb-45b3-4977-9c93-72c3a63d6aa3"
          ]
        }
      ],
      "EntityTypes": [
        "COLUMN_HEADER"
      ],
      "Page": 1
    },
    {
      "BlockType": "MERGED_CELL",
      "Confidence": 45.2392578125,
      "RowIndex": 1,
      "ColumnIndex": 2,
      "RowSpan": 1,
      "ColumnSpan": 2,
      "Geometry": {
        "BoundingBox": {
          "Width": 0.1886298507452011,
          "Height": 0.05342227220535278,
          "Left": 0.41487443447113037,
          "Top": 0.39411091804504395
        },
        "Polygon": [
          {
            "X": 0.4156056046485901,
            "Y": 0.39411091804504395
          },
          {
            "X": 0.6035043001174927,
            "Y": 0.39420342445373535
          },
          {
            "X": 0.6027994155883789,
            "Y": 0.44753319025039673
          },
          {
            "X": 0.41487443447113037,
            "Y": 0.44751042127609253
          }
        ]
      },
      "Id": "35e37843-04cf-4fd1-9ec0-a23375d77c61",
      "Relationships": [
        {
          "Type": "CHILD",
          "Ids": [
            "ef8a6d7b-e60c-44fe-8be1-1dde11944be2",
            "ba1c068b-4875-4677-a661-51c4eb88a4f9"
          ]
        }
      ],
      "EntityTypes": [
        "COLUMN_HEADER"
      ],
      "Page": 1
    },
    {
      "BlockType": "MERGED_CELL",
      "Confidence": 47.4609375,
      "RowIndex": 1,
      "ColumnIndex": 4,
      "RowSpan": 1,
      "ColumnSpan": 2,
      "Geometry": {
        "BoundingBox": {
          "Width": 0.16362819075584412,
          "Height": 0.05334952101111412,
          "Left": 0.6027994155883789,
          "Top": 0.39420342445373535
        },
        "Polygon": [
          {
            "X": 0.6035043001174927,
            "Y": 0.39420342445373535
          },
          {
            "X": 0.7664276361465454,
            "Y": 0.39428362250328064
          },
          {
            "X": 0.7657455801963806,
            "Y": 0.44755294919013977
          },
          {
            "X": 0.6027994155883789,
            "Y": 0.44753319025039673
          }
        ]
      },
      "Id": "912b6a9e-e668-495a-b48d-9a465e5f414e",
      "Relationships": [
        {
          "Type": "CHILD",
          "Ids": [
            "25eedfba-e940-4707-9e33-5bd383d28ac7",
            "6905afdd-25ad-40fa-9ca3-5a04ca1657b4"
          ]
        }
      ],
      "EntityTypes": [
        "COLUMN_HEADER"
      ],
      "Page": 1
    }
  ],
  "AnalyzeDocumentModelVersion": "1.0"
}