{
  "DocumentMetadata": {
    "Pages": 1
  },
  "JobStatus": "SUCCEEDED",
  "Blocks": [
    {
      "BlockType": "PAGE",
      "Geometry": {
        "BoundingBox": {
          "Width": 0.5802658796310425,
          "Height": 0.24123232066631317,
          "Left": 0.2107810080051422,
          "Top": 0.3750302791595459
        },
        "Polygon": [
          {
            "X": 0.2107810080051422,
            "Y": 0.3750818967819214
          },
          {
            "X": 0.7867987751960754,
            "Y": 0.3750302791595459
          },
          {
            "X": 0.7910468578338623,
            "Y": 0.6162626147270203
          },
          {
            "X": 0.21400073170661926,
            "Y": 0.6159457564353943
          }
        ]
      },
      "Id": "6ffb95ba-1872-44cf-8583-aa60de71dee9",
      "Relationships": [
        {
          "Type": "CHILD",
          "Ids": [
            "e95e1698-64d7-4fb7-a9c6-903aa845ae55",
            "1e526f69-1c01-4fb6-b99d-e90c21dc295c",
            "281f95e9-e417-4ce2-afd0-3b5170feaf2e",
            "17030187-0424-4e96-918f-09d403ca0b14",
            "c8930080-4258-43d5-ad6a-ae684c2701cb",
            "0b87bfeb-7a60-4eb5-b81c-9eb23fd28186",
            "b6bf9861-d01e-4843-b87e-6ef06ad917df",
            "4a6f92da-5920-4528-8bd9-1228a4597a7b",
            "8238be17-21df-48d3-a4af-e9fb9352215f",
            "e24cbda0-5d06-412e-bf40-4d23bf9f9dfe",
            "f198411d-1ef8-4353-8144-705f2b417599",
            "82a0a231-d99e-40b1-8a8c-394a06e860c6",
            "858983b4-deda-4420-9591-7443c99dc91e",
            "02ef2a8d-696e-420a-b6b3-1a77faf6e47b",
            "34e41aba-f49f-4fd4-86bf-cbcd7cd6f10f",
            "29620e53-d641-401c-babc-73d2f58ff257",
            "5d863f20-3064-4611-9b8d-6d4cf7b808b7",
            "a3053c95-ab00-4ea9-ab26-e89b5f328e05",
            "b87c2e92-282e-4992-8301-931e707dbed2",
            "7d87a87f-c317-4b06-932c-8afc0f31d7c8",
            "5b46d7ee-57d0-4d0f-89b9-68c2b4552793"
          ]
        }
      ],
      "Page": 1
    },
    {
      "BlockType": "LINE",
      "Confidence": 99.92396545410156,
      "Text": "Sample",
      "Geometry": {
        "BoundingBox": {
          "Width": 0.046013303101062775,
          "Height": 0.025356406345963478,
          "Left": 0.27383390069007874,
          "Top": 0.41685834527015686
        },
        "Polygon": [
          {
            "X": 0.27383390069007874,
            "Y": 0.41685834527015686
          },
          {
            "X": 0.3194880783557892,
            "Y": 0.41685929894447327
          },
          {
            "X": 0.3198472261428833,
            "Y": 0.4422147572040558
          },
          {
            "X": 0.2741844654083252,
            "Y": 0.44221070408821106
          }
        ]
      },
      "Id": "e95e1698-64d7-4fb7-a9c6-903aa845ae55",
      "Relationships": [
        {
          "Type": "CHILD",
          "Ids": [
            "7c37441a-a64d-44c8-99a8-2046268571fc"
          ]
        }
      ],
      "Page": 1
    },
    {
      "BlockType": "LINE",
      "Confidence": 99.57862854003906,
      "Text": "Elastic modulus (GPa)",
      "Geometry": {
        "BoundingBox": {
          "Width": 0.13728566467761993,
          "Height": 0.025004258379340172,
          "Left": 0.3837295174598694,
          "Top": 0.41643819212913513
        },
        "Polygon": [
          {
            "X": 0.3837295174598694,
            "Y": 0.41643819212913513
          },
          {
            "X": 0.520624041557312,
            "Y": 0.4164409339427948
          },
          {
            "X": 0.5210152268409729,
            "Y": 0.44144245982170105
          },
          {
            "X": 0.38409534096717834,
            "Y": 0.44143062829971313
          }
        ]
      },
      "Id": "1e526f69-1c01-4fb6-b99d-e90c21dc295c",
      "Relationships": [
        {
          "Type": "CHILD",
          "Ids": [
            "07f018fb-648c-4110-bebe-4663e67ee619",
            "0835f17a-d40b-40b0-b818-40504f8b22e4",
            "4f5b5037-40ea-4ab3-a91f-f77ea0590592"
          ]
        }
      ],
      "Page": 1
    },
    {
      "BlockType": "LINE",
      "Confidence": 99.30171966552734,
      "Text": "Hardness (GPa)",
      "Geometry": {
        "BoundingBox": {
          "Width": 0.09679126739501953,
          "Height": 0.024609917774796486,
          "Left": 0.5485712289810181,
          "Top": 0.41656091809272766
        },
        "Polygon": [
          {
            "X": 0.5485712289810181,
            "Y": 0.41656091809272766
          },
          {
            "X": 0.6449549794197083,
            "Y": 0.41656288504600525
          },
          {
            "X": 0.6453624963760376,
            "Y": 0.4411708414554596
          },
          {
            "X": 0.5489611625671387,
            "Y": 0.4411625862121582
          }
        ]
      },
      "Id": "281f95e9-e417-4ce2-afd0-3b5170feaf2e",
      "Relationships": [
        {
          "Type": "CHILD",
          "Ids": [
            "b7f0a93f-0290-4caf-a962-9f2996a378e0",
            "886be48e-6b83-4213-919c-282b79dd18be"
          ]
        }
      ],
      "Page": 1
    },
    {
      "BlockType": "LINE",
      "Confidence": 99.80272674560547,
      "Text": "Plasticity index",
      "Geometry": {
        "BoundingBox": {
          "Width": 0.0960208997130394,
          "Height": 0.02533121034502983,
          "Left": 0.6729219555854797,
          "Top": 0.4164375960826874
        },
        "Polygon": [
          {
            "X": 0.6729219555854797,
            "Y": 0.4164375960826874
          },
          {
            "X": 0.7685003876686096,
            "Y": 0.4164395034313202
          },
          {
            "X": 0.7689428925514221,
            "Y": 0.4417687952518463
          },
          {
            "X": 0.6733465194702148,
            "Y": 0.44176048040390015
          }
        ]
      },
      "Id": "17030187-0424-4e96-918f-09d403ca0b14",
      "Relationships": [
        {
          "Type": "CHILD",
          "Ids": [
            "5016d266-f07f-45ea-ab7b-f95cf3d487b3",
            "5e5c87f5-fff9-413d-80eb-9abfc1165083"
          ]
        }
      ],
      "Page": 1
    },
    {
      "BlockType": "LINE",
      "Confidence": 99.51172637939453,
      "Text": "Ep",
      "Geometry": {
        "BoundingBox": {
          "Width": 0.015347563661634922,
          "Height": 0.02440323866903782,
          "Left": 0.27416279911994934,
          "Top": 0.4670082926750183
        },
        "Polygon": [
          {
            "X": 0.27416279911994934,
            "Y": 0.4670082926750183
          },
          {
            "X": 0.2891703248023987,
            "Y": 0.46701058745384216
          },
          {
            "X": 0.2895103394985199,
            "Y": 0.4914115071296692
          },
          {
            "X": 0.2745001018047333,
            "Y": 0.49140822887420654
          }
        ]
      },
      "Id": "c8930080-4258-43d5-ad6a-ae684c2701cb",
      "Relationships": [
        {
          "Type": "CHILD",
          "Ids": [
            "c35bb213-323b-44c3-ac5d-8cda87764e0c"
          ]
        }
      ],
      "Page": 1
    },
    {
      "BlockType": "LINE",
      "Confidence": 99.70413208007812,
      "Text": "3.96",
      "Geometry": {
        "BoundingBox": {
          "Width": 0.026305077597498894,
          "Height": 0.01963486708700657,
          "Left": 0.38382095098495483,
          "Top": 0.46653297543525696
        },
        "Polygon": [
          {
            "X": 0.38382095098495483,
            "Y": 0.46653297543525696
          },
          {
            "X": 0.40983501076698303,
            "Y": 0.4665369391441345
          },
          {
            "X": 0.4101260304450989,
            "Y": 0.486167848110199
          },
          {
            "X": 0.38410815596580505,
            "Y": 0.4861625134944916
          }
        ]
      },
      "Id": "0b87bfeb-7a60-4eb5-b81c-9eb23fd28186",
      "Relationships": [
        {
          "Type": "CHILD",
          "Ids": [
            "cf9956cc-921c-45f2-9371-da2d5708bdff"
          ]
        }
      ],
      "Page": 1
    },
    {
      "BlockType": "LINE",
      "Confidence": 99.80352783203125,
      "Text": "0.174",
      "Geometry": {
        "BoundingBox": {
          "Width": 0.034872379153966904,
          "Height": 0.020151855424046516,
          "Left": 0.5484063625335693,
          "Top": 0.4667300879955292
        },
        "Polygon": [
          {
            "X": 0.5484063625335693,
            "Y": 0.4667300879955292
          },
          {
            "X": 0.5829544067382812,
            "Y": 0.4667353928089142
          },
          {
            "X": 0.5832787156105042,
            "Y": 0.48688194155693054
          },
          {
            "X": 0.5487254858016968,
            "Y": 0.4868748188018799
          }
        ]
      },
      "Id": "b6bf9861-d01e-4843-b87e-6ef06ad917df",
      "Relationships": [
        {
          "Type": "CHILD",
          "Ids": [
            "792a33e5-7509-4f4d-99f7-0a40f60c5b8d"
          ]
        }
      ],
      "Page": 1
    },
    {
      "BlockType": "LINE",
      "Confidence": 97.86651611328125,
      "Text": "0.59",
      "Geometry": {
        "BoundingBox": {
          "Width": 0.02636636607348919,
          "Height": 0.01948525942862034,
          "Left": 0.6730515360832214,
          "Top": 0.4672258198261261
        },
        "Polygon": [
          {
            "X": 0.6730515360832214,
            "Y": 0.4672258198261261
          },
          {
            "X": 0.6990876197814941,
            "Y": 0.46722984313964844
          },
          {
            "X": 0.6994178891181946,
            "Y": 0.4867110550403595
          },
          {
            "X": 0.673378050327301,
            "Y": 0.4867056906223297
          }
        ]
      },
      "Id": "4a6f92da-5920-4528-8bd9-1228a4597a7b",
      "Relationships": [
        {
          "Type": "CHILD",
          "Ids": [
            "45e2ded7-f317-439e-b058-789e576ad5c8"
          ]
        }
      ],
      "Page": 1
    },
    {
      "BlockType": "LINE",
      "Confidence": 98.17694091796875,
      "Text": "Ep-CNT",
      "Geometry": {
        "BoundingBox": {
          "Width": 0.04762827232480049,
          "Height": 0.024643799290060997,
          "Left": 0.27398428320884705,
          "Top": 0.49870508909225464
        },
        "Polygon": [
          {
            "X": 0.27398428320884705,
            "Y": 0.49870508909225464
          },
          {
            "X": 0.32126355171203613,
            "Y": 0.4987163543701172
          },
          {
            "X": 0.32161256670951843,
            "Y": 0.523348867893219
          },
          {
            "X": 0.2743246853351593,
            "Y": 0.5233345627784729
          }
        ]
      },
      "Id": "8238be17-21df-48d3-a4af-e9fb9352215f",
      "Relationships": [
        {
          "Type": "CHILD",
          "Ids": [
            "b8f1b5b1-0965-4da0-968e-83172cba029b"
          ]
        }
      ],
      "Page": 1
    },
    {
      "BlockType": "LINE",
      "Confidence": 93.22093963623047,
      "Text": "4.50",
      "Geometry": {
        "BoundingBox": {
          "Width": 0.026397351175546646,
          "Height": 0.019074276089668274,
          "Left": 0.38350462913513184,
          "Top": 0.4991222023963928
        },
        "Polygon": [
          {
            "X": 0.38350462913513184,
            "Y": 0.4991222023963928
          },
          {
            "X": 0.40961942076683044,
            "Y": 0.49912846088409424
          },
          {
            "X": 0.4099019765853882,
            "Y": 0.5181964635848999
          },
          {
            "X": 0.3837834894657135,
            "Y": 0.5181888937950134
          }
        ]
      },
      "Id": "e24cbda0-5d06-412e-bf40-4d23bf9f9dfe",
      "Relationships": [
        {
          "Type": "CHILD",
          "Ids": [
            "7e7d96c9-ae88-43c2-a875-93f86d6c6c68"
          ]
        }
      ],
      "Page": 1
    },
    {
      "BlockType": "LINE",
      "Confidence": 95.1805648803711,
      "Text": "0.253",
      "Geometry": {
        "BoundingBox": {
          "Width": 0.0341130830347538,
          "Height": 0.01914745569229126,
          "Left": 0.5484938025474548,
          "Top": 0.49911314249038696
        },
        "Polygon": [
          {
            "X": 0.5484938025474548,
            "Y": 0.49911314249038696
          },
          {
            "X": 0.5822989344596863,
            "Y": 0.4991212487220764
          },
          {
            "X": 0.582606852054596,
            "Y": 0.5182605981826782
          },
          {
            "X": 0.5487969517707825,
            "Y": 0.5182508230209351
          }
        ]
      },
      "Id": "f198411d-1ef8-4353-8144-705f2b417599",
      "Relationships": [
        {
          "Type": "CHILD",
          "Ids": [
            "b3cef86c-2ea5-4544-818c-e713678282ea"
          ]
        }
      ],
      "Page": 1
    },
    {
      "BlockType": "LINE",
      "Confidence": 99.24678802490234,
      "Text": "0.57",
      "Geometry": {
        "BoundingBox": {
          "Width": 0.026780592277646065,
          "Height": 0.01924966275691986,
          "Left": 0.6727980375289917,
          "Top": 0.49929797649383545
        },
        "Polygon": [
          {
            "X": 0.6727980375289917,
            "Y": 0.49929797649383545
          },
          {
            "X": 0.6992524862289429,
            "Y": 0.49930429458618164
          },
          {
            "X": 0.6995786428451538,
            "Y": 0.5185476541519165
          },
          {
            "X": 0.6731204390525818,
            "Y": 0.5185399651527405
          }
        ]
      },
      "Id": "82a0a231-d99e-40b1-8a8c-394a06e860c6",
      "Relationships": [
        {
          "Type": "CHILD",
          "Ids": [
            "391923ce-56e8-4db1-81f5-965de871812d"
          ]
        }
      ],
      "Page": 1
    },
    {
      "BlockType": "LINE",
      "Confidence": 99.3486099243164,
      "Text": "Ep-Caps",
      "Geometry": {
        "BoundingBox": {
          "Width": 0.05050186067819595,
          "Height": 0.024421552196145058,
          "Left": 0.27400532364845276,
          "Top": 0.5311189293861389
        },
        "Polygon": [
          {
            "X": 0.27400532364845276,
            "Y": 0.5311189293861389
          },
          {
            "X": 0.32416096329689026,
            "Y": 0.5311351418495178
          },
          {
            "X": 0.3245071768760681,
            "Y": 0.5555404424667358
          },
          {
            "X": 0.27434247732162476,
            "Y": 0.5555209517478943
          }
        ]
      },
      "Id": "858983b4-deda-4420-9591-7443c99dc91e",
      "Relationships": [
        {
          "Type": "CHILD",
          "Ids": [
            "782e4c8c-6f32-4e70-98e8-b041ef791535"
          ]
        }
      ],
      "Page": 1
    },
    {
      "BlockType": "LINE",
      "Confidence": 63.88843536376953,
      "Text": "3,87",
      "Geometry": {
        "BoundingBox": {
          "Width": 0.025949399918317795,
          "Height": 0.018933096900582314,
          "Left": 0.3838493525981903,
          "Top": 0.5312983989715576
        },
        "Polygon": [
          {
            "X": 0.3838493525981903,
            "Y": 0.5312983989715576
          },
          {
            "X": 0.40951839089393616,
            "Y": 0.5313067436218262
          },
          {
            "X": 0.4097987413406372,
            "Y": 0.5502315163612366
          },
          {
            "X": 0.38412609696388245,
            "Y": 0.550221860408783
          }
        ]
      },
      "Id": "02ef2a8d-696e-420a-b6b3-1a77faf6e47b",
      "Relationships": [
        {
          "Type": "CHILD",
          "Ids": [
            "51318256-29d6-4b3f-8932-8e477b5216d4"
          ]
        }
      ],
      "Page": 1
    },
    {
      "BlockType": "LINE",
      "Confidence": 92.96398162841797,
      "Text": "0.157",
      "Geometry": {
        "BoundingBox": {
          "Width": 0.034099042415618896,
          "Height": 0.01909536123275757,
          "Left": 0.548926055431366,
          "Top": 0.5311186909675598
        },
        "Polygon": [
          {
            "X": 0.548926055431366,
            "Y": 0.5311186909675598
          },
          {
            "X": 0.5827180743217468,
            "Y": 0.5311296582221985
          },
          {
            "X": 0.5830250978469849,
            "Y": 0.5502140522003174
          },
          {
            "X": 0.5492283701896667,
            "Y": 0.550201416015625
          }
        ]
      },
      "Id": "34e41aba-f49f-4fd4-86bf-cbcd7cd6f10f",
      "Relationships": [
        {
          "Type": "CHILD",
          "Ids": [
            "1c2c4e14-0974-412f-81fa-319f1b809c04"
          ]
        }
      ],
      "Page": 1
    },
    {
      "BlockType": "LINE",
      "Confidence": 72.06945037841797,
      "Text": "0,64",
      "Geometry": {
        "BoundingBox": {
          "Width": 0.026756025850772858,
          "Height": 0.019090186804533005,
          "Left": 0.6729511618614197,
          "Top": 0.5313286185264587
        },
        "Polygon": [
          {
            "X": 0.6729511618614197,
            "Y": 0.5313286185264587
          },
          {
            "X": 0.6993837952613831,
            "Y": 0.5313371419906616
          },
          {
            "X": 0.6997071504592896,
            "Y": 0.5504187941551208
          },
          {
            "X": 0.6732707619667053,
            "Y": 0.5504088401794434
          }
        ]
      },
      "Id": "29620e53-d641-401c-babc-73d2f58ff257",
      "Relationships": [
        {
          "Type": "CHILD",
          "Ids": [
            "f1565ac4-2924-4c9c-90bf-0c723624b979"
          ]
        }
      ],
      "Page": 1
    },
    {
      "BlockType": "LINE",
      "Confidence": 99.16924285888672,
      "Text": "Ep-CNT-Caps",
      "Geometry": {
        "BoundingBox": {
          "Width": 0.08164230734109879,
          "Height": 0.024920079857110977,
          "Left": 0.27406901121139526,
          "Top": 0.561664879322052
        },
        "Polygon": [
          {
            "X": 0.27406901121139526,
            "Y": 0.561664879322052
          },
          {
            "X": 0.35535264015197754,
            "Y": 0.5616978406906128
          },
          {
            "X": 0.35571131110191345,
            "Y": 0.5865849852561951
          },
          {
            "X": 0.27441275119781494,
            "Y": 0.5865466594696045
          }
        ]
      },
      "Id": "5d863f20-3064-4611-9b8d-6d4cf7b808b7",
      "Relationships": [
        {
          "Type": "CHILD",
          "Ids": [
            "bef9c79a-f260-4aab-bf7d-9dc88cff97b0"
          ]
        }
      ],
      "Page": 1
    },
    {
      "BlockType": "LINE",
      "Confidence": 93.69693756103516,
      "Text": "4.32",
      "Geometry": {
        "BoundingBox": {
          "Width": 0.0262263473123312,
          "Height": 0.01893104612827301,
          "Left": 0.3834797143936157,
          "Top": 0.5619326829910278
        },
        "Polygon": [
          {
            "X": 0.3834797143936157,
            "Y": 0.5619326829910278
          },
          {
            "X": 0.40942585468292236,
            "Y": 0.5619432330131531
          },
          {
            "X": 0.4097060561180115,
            "Y": 0.5808637738227844
          },
          {
            "X": 0.3837563097476959,
            "Y": 0.5808519124984741
          }
        ]
      },
      "Id": "a3053c95-ab00-4ea9-ab26-e89b5f328e05",
      "Relationships": [
        {
          "Type": "CHILD",
          "Ids": [
            "c4d0aa72-14f0-4abf-ac3c-0fe02f7f7029"
          ]
        }
      ],
      "Page": 1
    },
    {
      "BlockType": "LINE",
      "Confidence": 97.93528747558594,
      "Text": "0.220",
      "Geometry": {
        "BoundingBox": {
          "Width": 0.034618303179740906,
          "Height": 0.019202252849936485,
          "Left": 0.5485641956329346,
          "Top": 0.5618956685066223
        },
        "Polygon": [
          {
            "X": 0.5485641956329346,
            "Y": 0.5618956685066223
          },
          {
            "X": 0.5828738212585449,
            "Y": 0.561909556388855
          },
          {
            "X": 0.5831824541091919,
            "Y": 0.5810979008674622
          },
          {
            "X": 0.54886794090271,
            "Y": 0.581082284450531
          }
        ]
      },
      "Id": "b87c2e92-282e-4992-8301-931e707dbed2",
      "Relationships": [
        {
          "Type": "CHILD",
          "Ids": [
            "8d6de7ca-819f-447b-b607-5ae5eb903c10"
          ]
        }
      ],
      "Page": 1
    },
    {
      "BlockType": "LINE",
      "Confidence": 60.66337966918945,
      "Text": "0,60",
      "Geometry": {
        "BoundingBox": {
          "Width": 0.026337744668126106,
          "Height": 0.01887812465429306,
          "Left": 0.6731250286102295,
          "Top": 0.5619872808456421
        },
        "Polygon": [
          {
            "X": 0.6731250286102295,
            "Y": 0.5619872808456421
          },
          {
            "X": 0.6991431713104248,
            "Y": 0.5619978308677673
          },
          {
            "X": 0.6994627714157104,
            "Y": 0.5808654427528381
          },
          {
            "X": 0.6734410524368286,
            "Y": 0.5808535814285278
          }
        ]
      },
      "Id": "7d87a87f-c317-4b06-932c-8afc0f31d7c8",
      "Relationships": [
        {
          "Type": "CHILD",
          "Ids": [
            "9460399d-2362-4c34-8596-cd9bbb1cd37e"
          ]
        }
      ],
      "Page": 1
    },
    {
      "BlockType": "WORD",
      "Confidence": 99.92396545410156,
      "Text": "Sample",
      "TextType": "PRINTED",
      "Geometry": {
        "BoundingBox": {
          "Width": 0.046013303101062775,
          "Height": 0.025356406345963478,
          "Left": 0.27383390069007874,
          "Top": 0.41685834527015686
        },
        "Polygon": [
          {
            "X": 0.27383390069007874,
            "Y": 0.41685834527015686
          },
          {
            "X": 0.3194880783557892,
            "Y": 0.41685929894447327
          },
          {
            "X": 0.3198472261428833,
            "Y": 0.4422147572040558
          },
          {
            "X": 0.2741844654083252,
            "Y": 0.44221070408821106
          }
        ]
      },
      "Id": "7c37441a-a64d-44c8-99a8-2046268571fc",
      "Page": 1
    },
    {
      "BlockType": "WORD",
      "Confidence": 99.96923065185547,
      "Text": "Elastic",
      "TextType": "PRINTED",
      "Geometry": {
        "BoundingBox": {
          "Width": 0.04042213782668114,
          "Height": 0.020249828696250916,
          "Left": 0.3837305009365082,
          "Top": 0.41650450229644775
        },
        "Polygon": [
          {
            "X": 0.3837305009365082,
            "Y": 0.41650450229644775
          },
          {
            "X": 0.42385026812553406,
            "Y": 0.4165053367614746
          },
          {
            "X": 0.4241526424884796,
            "Y": 0.43675434589385986
          },
          {
            "X": 0.3840268552303314,
            "Y": 0.4367513954639435
          }
        ]
      },
      "Id": "07f018fb-648c-4110-bebe-4663e67ee619",
      "Page": 1
    },
    {
      "BlockType": "WORD",
      "Confidence": 99.86579132080078,
      "Text": "modulus",
      "TextType": "PRINTED",
      "Geometry": {
        "BoundingBox": {
          "Width": 0.05483361706137657,
          "Height": 0.02066391333937645,
          "Left": 0.4278297424316406,
          "Top": 0.4164612889289856
        },
        "Polygon": [
          {
            "X": 0.4278297424316406,
            "Y": 0.4164612889289856
          },
          {
            "X": 0.48234593868255615,
            "Y": 0.41646239161491394
          },
          {
            "X": 0.4826633632183075,
            "Y": 0.43712520599365234
          },
          {
            "X": 0.4281388521194458,
            "Y": 0.43712112307548523
          }
        ]
      },
      "Id": "0835f17a-d40b-40b0-b818-40504f8b22e4",
      "Page": 1
    },
    {
      "BlockType": "WORD",
      "Confidence": 98.90086364746094,
      "Text": "(GPa)",
      "TextType": "PRINTED",
      "Geometry": {
        "BoundingBox": {
          "Width": 0.03462837636470795,
          "Height": 0.02500220388174057,
          "Left": 0.48638683557510376,
          "Top": 0.4164402484893799
        },
        "Polygon": [
          {
            "X": 0.48638683557510376,
            "Y": 0.4164402484893799
          },
          {
            "X": 0.520624041557312,
            "Y": 0.4164409339427948
          },
          {
            "X": 0.5210152268409729,
            "Y": 0.44144245982170105
          },
          {
            "X": 0.4867716133594513,
            "Y": 0.44143950939178467
          }
        ]
      },
      "Id": "4f5b5037-40ea-4ab3-a91f-f77ea0590592",
      "Page": 1
    },
    {
      "BlockType": "WORD",
      "Confidence": 99.97403717041016,
      "Text": "Hardness",
      "TextType": "PRINTED",
      "Geometry": {
        "BoundingBox": {
          "Width": 0.05822337791323662,
          "Height": 0.020432541146874428,
          "Left": 0.5485713481903076,
          "Top": 0.4165688753128052
        },
        "Polygon": [
          {
            "X": 0.5485713481903076,
            "Y": 0.4165688753128052
          },
          {
            "X": 0.6064621806144714,
            "Y": 0.4165700674057007
          },
          {
            "X": 0.6067947149276733,
            "Y": 0.43700143694877625
          },
          {
            "X": 0.5488951802253723,
            "Y": 0.43699711561203003
          }
        ]
      },
      "Id": "b7f0a93f-0290-4caf-a962-9f2996a378e0",
      "Page": 1
    },
    {
      "BlockType": "WORD",
      "Confidence": 98.62940979003906,
      "Text": "(GPa)",
      "TextType": "PRINTED",
      "Geometry": {
        "BoundingBox": {
          "Width": 0.03450484201312065,
          "Height": 0.02460864931344986,
          "Left": 0.6108576655387878,
          "Top": 0.41656216979026794
        },
        "Polygon": [
          {
            "X": 0.6108576655387878,
            "Y": 0.41656216979026794
          },
          {
            "X": 0.6449549794197083,
            "Y": 0.41656288504600525
          },
          {
            "X": 0.6453624963760376,
            "Y": 0.4411708414554596
          },
          {
            "X": 0.6112589836120605,
            "Y": 0.4411679208278656
          }
        ]
      },
      "Id": "886be48e-6b83-4213-919c-282b79dd18be",
      "Page": 1
    },
    {
      "BlockType": "WORD",
      "Confidence": 99.94902801513672,
      "Text": "Plasticity",
      "TextType": "PRINTED",
      "Geometry": {
        "BoundingBox": {
          "Width": 0.056857917457818985,
          "Height": 0.02532779984176159,
          "Left": 0.6729219555854797,
          "Top": 0.4164375960826874
        },
        "Polygon": [
          {
            "X": 0.6729219555854797,
            "Y": 0.4164375960826874
          },
          {
            "X": 0.7293447256088257,
            "Y": 0.4164387285709381
          },
          {
            "X": 0.7297798991203308,
            "Y": 0.4417653977870941
          },
          {
            "X": 0.6733465194702148,
            "Y": 0.44176048040390015
          }
        ]
      },
      "Id": "5016d266-f07f-45ea-ab7b-f95cf3d487b3",
      "Page": 1
    },
    {
      "BlockType": "WORD",
      "Confidence": 99.65642547607422,
      "Text": "index",
      "TextType": "PRINTED",
      "Geometry": {
        "BoundingBox": {
          "Width": 0.035231441259384155,
          "Height": 0.020095188170671463,
          "Left": 0.7336203455924988,
          "Top": 0.41646161675453186
        },
        "Polygon": [
          {
            "X": 0.7336203455924988,
            "Y": 0.41646161675453186
          },
          {
            "X": 0.7685007452964783,
            "Y": 0.41646233201026917
          },
          {
            "X": 0.7688518166542053,
            "Y": 0.4365568161010742
          },
          {
            "X": 0.7339662313461304,
            "Y": 0.4365542531013489
          }
        ]
      },
      "Id": "5e5c87f5-fff9-413d-80eb-9abfc1165083",
      "Page": 1
    },
    {
      "BlockType": "WORD",
      "Confidence": 99.51172637939453,
      "Text": "Ep",
      "TextType": "PRINTED",
      "Geometry": {
        "BoundingBox": {
          "Width": 0.015347563661634922,
          "Height": 0.02440323866903782,
          "Left": 0.27416279911994934,
          "Top": 0.4670082926750183
        },
        "Polygon": [
          {
            "X": 0.27416279911994934,
            "Y": 0.4670082926750183
          },
          {
            "X": 0.2891703248023987,
            "Y": 0.46701058745384216
          },
          {
            "X": 0.2895103394985199,
            "Y": 0.4914115071296692
          },
          {
            "X": 0.2745001018047333,
            "Y": 0.49140822887420654
          }
        ]
      },
      "Id": "c35bb213-323b-44c3-ac5d-8cda87764e0c",
      "Page": 1
    },
    {
      "BlockType": "WORD",
      "Confidence": 99.70413208007812,
      "Text": "3.96",
      "TextType": "PRINTED",
      "Geometry": {
        "BoundingBox": {
          "Width": 0.026305077597498894,
          "Height": 0.01963486708700657,
          "Left": 0.38382095098495483,
          "Top": 0.46653297543525696
        },
        "Polygon": [
          {
            "X": 0.38382095098495483,
            "Y": 0.46653297543525696
          },
          {
            "X": 0.40983501076698303,
            "Y": 0.4665369391441345
          },
          {
            "X": 0.4101260304450989,
            "Y": 0.486167848110199
          },
          {
            "X": 0.38410815596580505,
            "Y": 0.4861625134944916
          }
        ]
      },
      "Id": "cf9956cc-921c-45f2-9371-da2d5708bdff",
      "Page": 1
    },
    {
      "BlockType": "WORD",
      "Confidence": 99.80352783203125,
      "Text": "0.174",
      "TextType": "PRINTED",
      "Geometry": {
        "BoundingBox": {
          "Width": 0.034872379153966904,
          "Height": 0.020151855424046516,
          "Left": 0.5484063625335693,
          "Top": 0.4667300879955292
        },
        "Polygon": [
          {
            "X": 0.5484063625335693,
            "Y": 0.4667300879955292
          },
          {
            "X": 0.5829544067382812,
            "Y": 0.4667353928089142
          },
          {
            "X": 0.5832787156105042,
            "Y": 0.48688194155693054
          },
          {
            "X": 0.5487254858016968,
            "Y": 0.4868748188018799
          }
        ]
      },
      "Id": "792a33e5-7509-4f4d-99f7-0a40f60c5b8d",
      "Page": 1
    },
    {
      "BlockType": "WORD",
      "Confidence": 97.86651611328125,
      "Text": "0.59",
      "TextType": "PRINTED",
      "Geometry": {
        "BoundingBox": {
          "Width": 0.02636636607348919,
          "Height": 0.01948525942862034,
          "Left": 0.6730515360832214,
          "Top": 0.4672258198261261
        },
        "Polygon": [
          {
            "X": 0.6730515360832214,
            "Y": 0.4672258198261261
          },
          {
            "X": 0.6990876197814941,
            "Y": 0.46722984313964844
          },
          {
            "X": 0.6994178891181946,
            "Y": 0.4867110550403595
          },
          {
            "X": 0.673378050327301,
            "Y": 0.4867056906223297
          }
        ]
      },
      "Id": "45e2ded7-f317-439e-b058-789e576ad5c8",
      "Page": 1
    },
    {
      "BlockType": "WORD",
      "Confidence": 98.17694091796875,
      "Text": "Ep-CNT",
      "TextType": "PRINTED",
      "Geometry": {
        "BoundingBox": {
          "Width": 0.04762827232480049,
          "Height": 0.024643799290060997,
          "Left": 0.27398428320884705,
          "Top": 0.49870508909225464
        },
        "Polygon": [
          {
            "X": 0.27398428320884705,
            "Y": 0.49870508909225464
          },
          {
            "X": 0.32126355171203613,
            "Y": 0.4987163543701172
          },
          {
            "X": 0.32161256670951843,
            "Y": 0.523348867893219
          },
          {
            "X": 0.2743246853351593,
            "Y": 0.5233345627784729
          }
        ]
      },
      "Id": "b8f1b5b1-0965-4da0-968e-83172cba029b",
      "Page": 1
    },
    {
      "BlockType": "WORD",
      "Confidence": 93.22093963623047,
      "Text": "4.50",
      "TextType": "PRINTED",
      "Geometry": {
        "BoundingBox": {
          "Width": 0.026397351175546646,
          "Height": 0.019074276089668274,
          "Left": 0.38350462913513184,
          "Top": 0.4991222023963928
        },
        "Polygon": [
          {
            "X": 0.38350462913513184,
            "Y": 0.4991222023963928
          },
          {
            "X": 0.40961942076683044,
            "Y": 0.49912846088409424
          },
          {
            "X": 0.4099019765853882,
            "Y": 0.5181964635848999
          },
          {
            "X": 0.3837834894657135,
            "Y": 0.5181888937950134
          }
        ]
      },
      "Id": "7e7d96c9-ae88-43c2-a875-93f86d6c6c68",
      "Page": 1
    },
    {
      "BlockType": "WORD",
      "Confidence": 95.1805648803711,
      "Text": "0.253",
      "TextType": "PRINTED",
      "Geometry": {
        "BoundingBox": {
          "Width": 0.0341130830347538,
          "Height": 0.01914745569229126,
          "Left": 0.5484938025474548,
          "Top": 0.49911314249038696
        },
        "Polygon": [
          {
            "X": 0.5484938025474548,
            "Y": 0.49911314249038696
          },
          {
            "X": 0.5822989344596863,
            "Y": 0.4991212487220764
          },
          {
            "X": 0.582606852054596,
            "Y": 0.5182605981826782
          },
          {
            "X": 0.5487969517707825,
            "Y": 0.5182508230209351
          }
        ]
      },
      "Id": "b3cef86c-2ea5-4544-818c-e713678282ea",
      "Page": 1
    },
    {
      "BlockType": "WORD",
      "Confidence": 99.24678802490234,
      "Text": "0.57",
      "TextType": "PRINTED",
      "Geometry": {
        "BoundingBox": {
          "Width": 0.026780592277646065,
          "Height": 0.01924966275691986,
          "Left": 0.6727980375289917,
          "Top": 0.49929797649383545
        },
        "Polygon": [
          {
            "X": 0.6727980375289917,
            "Y": 0.49929797649383545
          },
          {
            "X": 0.6992524862289429,
            "Y": 0.49930429458618164
          },
          {
            "X": 0.6995786428451538,
            "Y": 0.5185476541519165
          },
          {
            "X": 0.6731204390525818,
            "Y": 0.5185399651527405
          }
        ]
      },
      "Id": "391923ce-56e8-4db1-81f5-965de871812d",
      "Page": 1
    },
    {
      "BlockType": "WORD",
      "Confidence": 99.3486099243164,
      "Text": "Ep-Caps",
      "TextType": "PRINTED",
      "Geometry": {
        "BoundingBox": {
          "Width": 0.05050186067819595,
          "Height": 0.024421552196145058,
          "Left": 0.27400532364845276,
          "Top": 0.5311189293861389
        },
        "Polygon": [
          {
            "X": 0.27400532364845276,
            "Y": 0.5311189293861389
          },
          {
            "X": 0.32416096329689026,
            "Y": 0.5311351418495178
          },
          {
            "X": 0.3245071768760681,
            "Y": 0.5555404424667358
          },
          {
            "X": 0.27434247732162476,
            "Y": 0.5555209517478943
          }
        ]
      },
      "Id": "782e4c8c-6f32-4e70-98e8-b041ef791535",
      "Page": 1
    },
    {
      "BlockType": "WORD",
      "Confidence": 63.88843536376953,
      "Text": "3,87",
      "TextType": "PRINTED",
      "Geometry": {
        "BoundingBox": {
          "Width": 0.025949399918317795,
          "Height": 0.018933096900582314,
          "Left": 0.3838493525981903,
          "Top": 0.5312983989715576
        },
        "Polygon": [
          {
            "X": 0.3838493525981903,
            "Y": 0.5312983989715576
          },
          {
            "X": 0.40951839089393616,
            "Y": 0.5313067436218262
          },
          {
            "X": 0.4097987413406372,
            "Y": 0.5502315163612366
          },
          {
            "X": 0.38412609696388245,
            "Y": 0.550221860408783
          }
        ]
      },
      "Id": "51318256-29d6-4b3f-8932-8e477b5216d4",
      "Page": 1
    },
    {
      "BlockType": "WORD",
      "Confidence": 92.96398162841797,
      "Text": "0.157",
      "TextType": "PRINTED",
      "Geometry": {
        "BoundingBox": {
          "Width": 0.034099042415618896,
          "Height": 0.01909536123275757,
          "Left": 0.548926055431366,
          "Top": 0.5311186909675598
        },
        "Polygon": [
          {
            "X": 0.548926055431366,
            "Y": 0.5311186909675598
          },
          {
            "X": 0.5827180743217468,
            "Y": 0.5311296582221985
          },
          {
            "X": 0.5830250978469849,
            "Y": 0.5502140522003174
          },
          {
            "X": 0.5492283701896667,
            "Y": 0.550201416015625
          }
        ]
      },
      "Id": "1c2c4e14-0974-412f-81fa-319f1b809c04",
      "Page": 1
    },
    {
      "BlockType": "WORD",
      "Confidence": 72.06945037841797,
      "Text": "0,64",
      "TextType": "PRINTED",
      "Geometry": {
        "BoundingBox": {
          "Width": 0.026756025850772858,
          "Height": 0.019090186804533005,
          "Left": 0.6729511618614197,
          "Top": 0.5313286185264587
        },
        "Polygon": [
          {
            "X": 0.6729511618614197,
            "Y": 0.5313286185264587
          },
          {
            "X": 0.6993837952613831,
            "Y": 0.5313371419906616
          },
          {
            "X": 0.6997071504592896,
            "Y": 0.5504187941551208
          },
          {
            "X": 0.6732707619667053,
            "Y": 0.5504088401794434
          }
        ]
      },
      "Id": "f1565ac4-2924-4c9c-90bf-0c723624b979",
      "Page": 1
    },
    {
      "BlockType": "WORD",
      "Confidence": 99.16924285888672,
      "Text": "Ep-CNT-Caps",
      "TextType": "PRINTED",
      "Geometry": {
        "BoundingBox": {
          "Width": 0.08164230734109879,
          "Height": 0.024920079857110977,
          "Left": 0.27406901121139526,
          "Top": 0.561664879322052
        },
        "Polygon": [
          {
            "X": 0.27406901121139526,
            "Y": 0.561664879322052
          },
          {
            "X": 0.35535264015197754,
            "Y": 0.5616978406906128
          },
          {
            "X": 0.35571131110191345,
            "Y": 0.5865849852561951
          },
          {
            "X": 0.27441275119781494,
            "Y": 0.5865466594696045
          }
        ]
      },
      "Id": "bef9c79a-f260-4aab-bf7d-9dc88cff97b0",
      "Page": 1
    },
    {
      "BlockType": "WORD",
      "Confidence": 93.69693756103516,
      "Text": "4.32",
      "TextType": "PRINTED",
      "Geometry": {
        "BoundingBox": {
          "Width": 0.0262263473123312,
          "Height": 0.01893104612827301,
          "Left": 0.3834797143936157,
          "Top": 0.5619326829910278
        },
        "Polygon": [
          {
            "X": 0.3834797143936157,
            "Y": 0.5619326829910278
          },
          {
            "X": 0.40942585468292236,
            "Y": 0.5619432330131531
          },
          {
            "X": 0.4097060561180115,
            "Y": 0.5808637738227844
          },
          {
            "X": 0.3837563097476959,
            "Y": 0.5808519124984741
          }
        ]
      },
      "Id": "c4d0aa72-14f0-4abf-ac3c-0fe02f7f7029",
      "Page": 1
    },
    {
      "BlockType": "WORD",
      "Confidence": 97.93528747558594,
      "Text": "0.220",
      "TextType": "PRINTED",
      "Geometry": {
        "BoundingBox": {
          "Width": 0.034618303179740906,
          "Height": 0.019202252849936485,
          "Left": 0.5485641956329346,
          "Top": 0.5618956685066223
        },
        "Polygon": [
          {
            "X": 0.5485641956329346,
            "Y": 0.5618956685066223
          },
          {
            "X": 0.5828738212585449,
            "Y": 0.561909556388855
          },
          {
            "X": 0.5831824541091919,
            "Y": 0.5810979008674622
          },
          {
            "X": 0.54886794090271,
            "Y": 0.581082284450531
          }
        ]
      },
      "Id": "8d6de7ca-819f-447b-b607-5ae5eb903c10",
      "Page": 1
    },
    {
      "BlockType": "WORD",
      "Confidence": 60.66337966918945,
      "Text": "0,60",
      "TextType": "PRINTED",
      "Geometry": {
        "BoundingBox": {
          "Width": 0.026337744668126106,
          "Height": 0.01887812465429306,
          "Left": 0.6731250286102295,
          "Top": 0.5619872808456421
        },
        "Polygon": [
          {
            "X": 0.6731250286102295,
            "Y": 0.5619872808456421
          },
          {
            "X": 0.6991431713104248,
            "Y": 0.5619978308677673
          },
          {
            "X": 0.6994627714157104,
            "Y": 0.5808654427528381
          },
          {
            "X": 0.6734410524368286,
            "Y": 0.5808535814285278
          }
        ]
      },
      "Id": "9460399d-2362-4c34-8596-cd9bbb1cd37e",
      "Page": 1
    },
    {
      "BlockType": "TABLE",
      "Confidence": 99.853515625,
      "Geometry": {
        "BoundingBox": {
          "Width": 0.5233634114265442,
          "Height": 0.19244198501110077,
          "Left": 0.25517094135284424,
          "Top": 0.40250644087791443
        },
        "Polygon": [
          {
            "X": 0.25517094135284424,
            "Y": 0.4025152325630188
          },
          {
            "X": 0.7751626372337341,
            "Y": 0.40250644087791443
          },
          {
            "X": 0.7785343527793884,
            "Y": 0.594948410987854
          },
          {
            "X": 0.25780215859413147,
            "Y": 0.5946918725967407
          }
        ]
      },
      "Id": "5b46d7ee-57d0-4d0f-89b9-68c2b4552793",
      "Relationships": [
        {
          "Type": "CHILD",
          "Ids": [
            "a98a9092-d1a3-4198-912c-6741b224dd8e",
            "f4e560c3-8a7e-4c0c-a14e-c1197cc1dafc",
            "19623971-a025-47fd-b72f-b79a789db9f6",
            "6e6437b6-ce77-468a-a45a-dc1b3b12e147",
            "a0b50e0a-9070-44e9-9c04-590caa3b8c3d",
            "ffc27c85-c3d4-4c5d-96ca-04310d4d329c",
            "2d4281eb-266f-433b-b23d-daf63f57c6f2",
            "38f5bf00-47fc-47d9-b1b9-8f74ccfdebd7",
            "b6cde072-52ff-4741-ad8f-79de58fe6268",
            "b3e6632e-6616-4240-8479-c2f94efbfa49",
            "9f8c07ed-c77d-4480-9040-030b642fdd18",
            "c9b00104-bb19-4ed8-bd69-c865d2da5c6b",
            "40a35b8b-2b86-40e1-94f5-0d9f261f1cc9",
            "6709e2ec-1bbc-4e74-a8b6-90c2ebb67476",
            "540f5bc8-8523-4bc5-bc34-417b9fefe642",
            "b83b2a87-a76d-4ab9-97cb-92a5403a0d27",
            "db43e4b4-0c55-4033-a63a-bf6ee73c2c74",
            "537eef5e-cd30-45c7-948a-47669b643c10",
            "8348a7ce-feae-4cbb-974a-f8fede7131f1",
            "234df5f8-a48c-4189-b06d-5731badca63e"
          ]
        }
      ],
      "EntityTypes": [
        "STRUCTURED_TABLE"
      ],
      "Page": 1
    },
    {
      "BlockType": "CELL",
      "Confidence": 86.71875,
      "RowIndex": 1,
      "ColumnIndex": 1,
      "RowSpan": 1,
      "ColumnSpan": 1,
      "Geometry": {
        "BoundingBox": {
          "Width": 0.11230935901403427,
          "Height": 0.0505385659635067,
          "Left": 0.25517094135284424,
          "Top": 0.4025133550167084
        },
        "Polygon": [
          {
            "X": 0.25517094135284424,
            "Y": 0.4025152325630188
          },
          {
            "X": 0.36674684286117554,
            "Y": 0.4025133550167084
          },
          {
            "X": 0.3674803078174591,
            "Y": 0.45305192470550537
          },
          {
            "X": 0.2558627128601074,
            "Y": 0.4530388414859772
          }
        ]
      },
      "Id": "a98a9092-d1a3-4198-912c-6741b224dd8e",
      "Relationships": [
        {
          "Type": "CHILD",
          "Ids": [
            "7c37441a-a64d-44c8-99a8-2046268571fc"
          ]
        }
      ],
      "EntityTypes": [
        "COLUMN_HEADER"
      ],
      "Page": 1
    },
    {
      "BlockType": "CELL",
      "Confidence": 88.8671875,
      "RowIndex": 1,
      "ColumnIndex": 2,
      "RowSpan": 1,
      "ColumnSpan": 1,
      "Geometry": {
        "BoundingBox": {
          "Width": 0.16845081746578217,
          "Height": 0.05056103318929672,
          "Left": 0.36674684286117554,
          "Top": 0.40251052379608154
        },
        "Polygon": [
          {
            "X": 0.36674684286117554,
            "Y": 0.4025133550167084
          },
          {
            "X": 0.5344014167785645,
            "Y": 0.40251052379608154
          },
          {
            "X": 0.5351976752281189,
            "Y": 0.45307156443595886
          },
          {
            "X": 0.3674803078174591,
            "Y": 0.45305192470550537
          }
        ]
      },
      "Id": "f4e560c3-8a7e-4c0c-a14e-c1197cc1dafc",
      "Relationships": [
        {
          "Type": "CHILD",
          "Ids": [
            "07f018fb-648c-4110-bebe-4663e67ee619",
            "0835f17a-d40b-40b0-b818-40504f8b22e4",
            "4f5b5037-40ea-4ab3-a91f-f77ea0590592"
          ]
        }
      ],
      "EntityTypes": [
        "COLUMN_HEADER"
      ],
      "Page": 1
    },
    {
      "BlockType": "CELL",
      "Confidence": 86.865234375,
      "RowIndex": 1,
      "ColumnIndex": 3,
      "RowSpan": 1,
      "ColumnSpan": 1,
      "Geometry": {
        "BoundingBox": {
          "Width": 0.12537622451782227,
          "Height": 0.05057772248983383,
          "Left": 0.5344014167785645,
          "Top": 0.402508407831192
        },
        "Polygon": [
          {
            "X": 0.5344014167785645,
            "Y": 0.40251052379608154
          },
          {
            "X": 0.6589347720146179,
            "Y": 0.402508407831192
          },
          {
            "X": 0.6597776412963867,
            "Y": 0.45308613777160645
          },
          {
            "X": 0.5351976752281189,
            "Y": 0.45307156443595886
          }
        ]
      },
      "Id": "19623971-a025-47fd-b72f-b79a789db9f6",
      "Relationships": [
        {
          "Type": "CHILD",
          "Ids": [
            "b7f0a93f-0290-4caf-a962-9f2996a378e0",
            "886be48e-6b83-4213-919c-282b79dd18be"
          ]
        }
      ],
      "EntityTypes": [
        "COLUMN_HEADER"
      ],
      "Page": 1
    },
    {
      "BlockType": "CELL",
      "Confidence": 87.841796875,
      "RowIndex": 1,
      "ColumnIndex": 4,
      "RowSpan": 1,
      "ColumnSpan": 1,
      "Geometry": {
        "BoundingBox": {
          "Width": 0.11711430549621582,
          "Height": 0.0505932979285717,
          "Left": 0.6589347720146179,
          "Top": 0.40250644087791443
        },
        "Polygon": [
          {
            "X": 0.6589347720146179,
            "Y": 0.402508407831192
          },
          {
            "X": 0.7751626372337341,
            "Y": 0.40250644087791443
          },
          {
            "X": 0.7760490775108337,
            "Y": 0.4530997574329376
          },
          {
            "X": 0.6597776412963867,
            "Y": 0.45308613777160645
          }
        ]
      },
      "Id": "6e6437b6-ce77-468a-a45a-dc1b3b12e147",
      "Relationships": [
        {
          "Type": "CHILD",
          "Ids": [
            "5016d266-f07f-45ea-ab7b-f95cf3d487b3",
            "5e5c87f5-fff9-413d-80eb-9abfc1165083"
          ]
        }
      ],
      "EntityTypes": [
        "COLUMN_HEADER"
      ],
      "Page": 1
    },
    {
      "BlockType": "CELL",
      "Confidence": 88.671875,
      "RowIndex": 2,
      "ColumnIndex": 1,
      "RowSpan": 1,
      "ColumnSpan": 1,
      "Geometry": {
        "BoundingBox": {
          "Width": 0.11220353096723557,
          "Height": 0.04038475453853607,
          "Left": 0.2558627128601074,
          "Top": 0.4530388414859772
        },
        "Polygon": [
          {
            "X": 0.2558627128601074,
            "Y": 0.4530388414859772
          },
          {
            "X": 0.3674803078174591,
            "Y": 0.45305192470550537
          },
          {
            "X": 0.3680662214756012,
            "Y": 0.49342361092567444
          },
          {
            "X": 0.2564152777194977,
            "Y": 0.4933985769748688
          }
        ]
      },
      "Id": "a0b50e0a-9070-44e9-9c04-590caa3b8c3d",
      "Relationships": [
        {
          "Type": "CHILD",
          "Ids": [
            "c35bb213-323b-44c3-ac5d-8cda87764e0c"
          ]
        }
      ],
      "Page": 1
    },
    {
      "BlockType": "CELL",
      "Confidence": 90.869140625,
      "RowIndex": 2,
      "ColumnIndex": 2,
      "RowSpan": 1,
      "ColumnSpan": 1,
      "Geometry": {
        "BoundingBox": {
          "Width": 0.1683533936738968,
          "Height": 0.040409285575151443,
          "Left": 0.3674803078174591,
          "Top": 0.45305192470550537
        },
        "Polygon": [
          {
            "X": 0.3674803078174591,
            "Y": 0.45305192470550537
          },
          {
            "X": 0.5351976752281189,
            "Y": 0.45307156443595886
          },
          {
            "X": 0.5358337163925171,
            "Y": 0.4934611916542053
          },
          {
            "X": 0.3680662214756012,
            "Y": 0.49342361092567444
          }
        ]
      },
      "Id": "ffc27c85-c3d4-4c5d-96ca-04310d4d329c",
      "Relationships": [
        {
          "Type": "CHILD",
          "Ids": [
            "cf9956cc-921c-45f2-9371-da2d5708bdff"
          ]
        }
      ],
      "Page": 1
    },
    {
      "BlockType": "CELL",
      "Confidence": 88.8671875,
      "RowIndex": 2,
      "ColumnIndex": 3,
      "RowSpan": 1,
      "ColumnSpan": 1,
      "Geometry": {
        "BoundingBox": {
          "Width": 0.12525330483913422,
          "Height": 0.04041757434606552,
          "Left": 0.5351976752281189,
          "Top": 0.45307156443595886
        },
        "Polygon": [
          {
            "X": 0.5351976752281189,
            "Y": 0.45307156443595886
          },
          {
            "X": 0.6597776412963867,
            "Y": 0.45308613777160645
          },
          {
            "X": 0.6604509353637695,
            "Y": 0.4934891164302826
          },
          {
            "X": 0.5358337163925171,
            "Y": 0.4934611916542053
          }
        ]
      },
      "Id": "2d4281eb-266f-433b-b23d-daf63f57c6f2",
      "Relationships": [
        {
          "Type": "CHILD",
          "Ids": [
            "792a33e5-7509-4f4d-99f7-0a40f60c5b8d"
          ]
        }
      ],
      "Page": 1
    },
    {
      "BlockType": "CELL",
      "Confidence": 89.84375,
      "RowIndex": 2,
      "ColumnIndex": 4,
      "RowSpan": 1,
      "ColumnSpan": 1,
      "Geometry": {
        "BoundingBox": {
          "Width": 0.11697954684495926,
          "Height": 0.04042905196547508,
          "Left": 0.6597776412963867,
          "Top": 0.45308613777160645
        },
        "Polygon": [
          {
            "X": 0.6597776412963867,
            "Y": 0.45308613777160645
          },
          {
            "X": 0.7760490775108337,
            "Y": 0.4530997574329376
          },
          {
            "X": 0.7767571806907654,
            "Y": 0.4935151934623718
          },
          {
            "X": 0.6604509353637695,
            "Y": 0.4934891164302826
          }
        ]
      },
      "Id": "38f5bf00-47fc-47d9-b1b9-8f74ccfdebd7",
      "Relationships": [
        {
          "Type": "CHILD",
          "Ids": [
            "45e2ded7-f317-439e-b058-789e576ad5c8"
          ]
        }
      ],
      "Page": 1
    },
    {
      "BlockType": "CELL",
      "Confidence": 86.1328125,
      "RowIndex": 3,
      "ColumnIndex": 1,
      "RowSpan": 1,
      "ColumnSpan": 1,
      "Geometry": {
        "BoundingBox": {
          "Width": 0.11211993545293808,
          "Height": 0.03233965113759041,
          "Left": 0.2564152777194977,
          "Top": 0.4933985769748688
        },
        "Polygon": [
          {
            "X": 0.2564152777194977,
            "Y": 0.4933985769748688
          },
          {
            "X": 0.3680662214756012,
            "Y": 0.49342361092567444
          },
          {
            "X": 0.36853522062301636,
            "Y": 0.5257382392883301
          },
          {
            "X": 0.25685760378837585,
            "Y": 0.5257036685943604
          }
        ]
      },
      "Id": "b6cde072-52ff-4741-ad8f-79de58fe6268",
      "Relationships": [
        {
          "Type": "CHILD",
          "Ids": [
            "b8f1b5b1-0965-4da0-968e-83172cba029b"
          ]
        }
      ],
      "Page": 1
    },
    {
      "BlockType": "CELL",
      "Confidence": 88.330078125,
      "RowIndex": 3,
      "ColumnIndex": 2,
      "RowSpan": 1,
      "ColumnSpan": 1,
      "Geometry": {
        "BoundingBox": {
          "Width": 0.1682765781879425,
          "Height": 0.03236661106348038,
          "Left": 0.3680662214756012,
          "Top": 0.49342361092567444
        },
        "Polygon": [
          {
            "X": 0.3680662214756012,
            "Y": 0.49342361092567444
          },
          {
            "X": 0.5358337163925171,
            "Y": 0.4934611916542053
          },
          {
            "X": 0.5363427996635437,
            "Y": 0.5257902145385742
          },
          {
            "X": 0.36853522062301636,
            "Y": 0.5257382392883301
          }
        ]
      },
      "Id": "b3e6632e-6616-4240-8479-c2f94efbfa49",
      "Relationships": [
        {
          "Type": "CHILD",
          "Ids": [
            "7e7d96c9-ae88-43c2-a875-93f86d6c6c68"
          ]
        }
      ],
      "Page": 1
    },
    {
      "BlockType": "CELL",
      "Confidence": 86.328125,
      "RowIndex": 3,
      "ColumnIndex": 3,
      "RowSpan": 1,
      "ColumnSpan": 1,
      "Geometry": {
        "BoundingBox": {
          "Width": 0.1251561939716339,
          "Height": 0.03236762434244156,
          "Left": 0.5358337163925171,
          "Top": 0.4934611916542053
        },
        "Polygon": [
          {
            "X": 0.5358337163925171,
            "Y": 0.4934611916542053
          },
          {
            "X": 0.6604509353637695,
            "Y": 0.4934891164302826
          },
          {
            "X": 0.6609898805618286,
            "Y": 0.5258288383483887
          },
          {
            "X": 0.5363427996635437,
            "Y": 0.5257902145385742
          }
        ]
      },
      "Id": "9f8c07ed-c77d-4480-9040-030b642fdd18",
      "Relationships": [
        {
          "Type": "CHILD",
          "Ids": [
            "b3cef86c-2ea5-4544-818c-e713678282ea"
          ]
        }
      ],
      "Page": 1
    },
    {
      "BlockType": "CELL",
      "Confidence": 87.255859375,
      "RowIndex": 3,
      "ColumnIndex": 4,
      "RowSpan": 1,
      "ColumnSpan": 1,
      "Geometry": {
        "BoundingBox": {
          "Width": 0.11687302589416504,
          "Height": 0.03237573429942131,
          "Left": 0.6604509353637695,
          "Top": 0.4934891164302826
        },
        "Polygon": [
          {
            "X": 0.6604509353637695,
            "Y": 0.4934891164302826
          },
          {
            "X": 0.7767571806907654,
            "Y": 0.4935151934623718
          },
          {
            "X": 0.7773239612579346,
            "Y": 0.525864839553833
          },
          {
            "X": 0.6609898805618286,
            "Y": 0.5258288383483887
          }
        ]
      },
      "Id": "c9b00104-bb19-4ed8-bd69-c865d2da5c6b",
      "Relationships": [
        {
          "Type": "CHILD",
          "Ids": [
            "391923ce-56e8-4db1-81f5-965de871812d"
          ]
        }
      ],
      "Page": 1
    },
    {
      "BlockType": "CELL",
      "Confidence": 83.740234375,
      "RowIndex": 4,
      "ColumnIndex": 1,
      "RowSpan": 1,
      "ColumnSpan": 1,
      "Geometry": {
        "BoundingBox": {
          "Width": 0.11214683949947357,
          "Height": 0.03236459568142891,
          "Left": 0.25685760378837585,
          "Top": 0.5257036685943604
        },
        "Polygon": [
          {
            "X": 0.25685760378837585,
            "Y": 0.5257036685943604
          },
          {
            "X": 0.36853522062301636,
            "Y": 0.5257382392883301
          },
          {
            "X": 0.36900442838668823,
            "Y": 0.5580682158470154
          },
          {
            "X": 0.25730010867118835,
            "Y": 0.5580240488052368
          }
        ]
      },
      "Id": "40a35b8b-2b86-40e1-94f5-0d9f261f1cc9",
      "Relationships": [
        {
          "Type": "CHILD",
          "Ids": [
            "782e4c8c-6f32-4e70-98e8-b041ef791535"
          ]
        }
      ],
      "Page": 1
    },
    {
      "BlockType": "CELL",
      "Confidence": 85.83984375,
      "RowIndex": 4,
      "ColumnIndex": 2,
      "RowSpan": 1,
      "ColumnSpan": 1,
      "Geometry": {
        "BoundingBox": {
          "Width": 0.16831694543361664,
          "Height": 0.032396379858255386,
          "Left": 0.36853522062301636,
          "Top": 0.5257382392883301
        },
        "Polygon": [
          {
            "X": 0.36853522062301636,
            "Y": 0.5257382392883301
          },
          {
            "X": 0.5363427996635437,
            "Y": 0.5257902145385742
          },
          {
            "X": 0.5368521809577942,
            "Y": 0.5581346154212952
          },
          {
            "X": 0.36900442838668823,
            "Y": 0.5580682158470154
          }
        ]
      },
      "Id": "6709e2ec-1bbc-4e74-a8b6-90c2ebb67476",
      "Relationships": [
        {
          "Type": "CHILD",
          "Ids": [
            "51318256-29d6-4b3f-8932-8e477b5216d4"
          ]
        }
      ],
      "Page": 1
    },
    {
      "BlockType": "CELL",
      "Confidence": 83.88671875,
      "RowIndex": 4,
      "ColumnIndex": 3,
      "RowSpan": 1,
      "ColumnSpan": 1,
      "Geometry": {
        "BoundingBox": {
          "Width": 0.1251862794160843,
          "Height": 0.03239370509982109,
          "Left": 0.5363427996635437,
          "Top": 0.5257902145385742
        },
        "Polygon": [
          {
            "X": 0.5363427996635437,
            "Y": 0.5257902145385742
          },
          {
            "X": 0.6609898805618286,
            "Y": 0.5258288383483887
          },
          {
            "X": 0.6615290641784668,
            "Y": 0.5581839084625244
          },
          {
            "X": 0.5368521809577942,
            "Y": 0.5581346154212952
          }
        ]
      },
      "Id": "540f5bc8-8523-4bc5-bc34-417b9fefe642",
      "Relationships": [
        {
          "Type": "CHILD",
          "Ids": [
            "1c2c4e14-0974-412f-81fa-319f1b809c04"
          ]
        }
      ],
      "Page": 1
    },
    {
      "BlockType": "CELL",
      "Confidence": 84.814453125,
      "RowIndex": 4,
      "ColumnIndex": 4,
      "RowSpan": 1,
      "ColumnSpan": 1,
      "Geometry": {
        "BoundingBox": {
          "Width": 0.11690115183591843,
          "Height": 0.03240111097693443,
          "Left": 0.6609898805618286,
          "Top": 0.5258288383483887
        },
        "Polygon": [
          {
            "X": 0.6609898805618286,
            "Y": 0.5258288383483887
          },
          {
            "X": 0.7773239612579346,
            "Y": 0.525864839553833
          },
          {
            "X": 0.7778910398483276,
            "Y": 0.558229923248291
          },
          {
            "X": 0.6615290641784668,
            "Y": 0.5581839084625244
          }
        ]
      },
      "Id": "b83b2a87-a76d-4ab9-97cb-92a5403a0d27",
      "Relationships": [
        {
          "Type": "CHILD",
          "Ids": [
            "f1565ac4-2924-4c9c-90bf-0c723624b979"
          ]
        }
      ],
      "Page": 1
    },
    {
      "BlockType": "CELL",
      "Confidence": 90.234375,
      "RowIndex": 5,
      "ColumnIndex": 1,
      "RowSpan": 1,
      "ColumnSpan": 1,
      "Geometry": {
        "BoundingBox": {
          "Width": 0.11223664879798889,
          "Height": 0.036722857505083084,
          "Left": 0.25730010867118835,
          "Top": 0.5580240488052368
        },
        "Polygon": [
          {
            "X": 0.25730010867118835,
            "Y": 0.5580240488052368
          },
          {
            "X": 0.36900442838668823,
            "Y": 0.5580682158470154
          },
          {
            "X": 0.36953675746917725,
            "Y": 0.5947469472885132
          },
          {
            "X": 0.25780215859413147,
            "Y": 0.5946918725967407
          }
        ]
      },
      "Id": "db43e4b4-0c55-4033-a63a-bf6ee73c2c74",
      "Relationships": [
        {
          "Type": "CHILD",
          "Ids": [
            "bef9c79a-f260-4aab-bf7d-9dc88cff97b0"
          ]
        }
      ],
      "Page": 1
    },
    {
      "BlockType": "CELL",
      "Confidence": 92.48046875,
      "RowIndex": 5,
      "ColumnIndex": 2,
      "RowSpan": 1,
      "ColumnSpan": 1,
      "Geometry": {
        "BoundingBox": {
          "Width": 0.16842560470104218,
          "Height": 0.03676140308380127,
          "Left": 0.36900442838668823,
          "Top": 0.5580682158470154
        },
        "Polygon": [
          {
            "X": 0.36900442838668823,
            "Y": 0.5580682158470154
          },
          {
            "X": 0.5368521809577942,
            "Y": 0.5581346154212952
          },
          {
            "X": 0.5374300479888916,
            "Y": 0.5948296189308167
          },
          {
            "X": 0.36953675746917725,
            "Y": 0.5947469472885132
          }
        ]
      },
      "Id": "537eef5e-cd30-45c7-948a-47669b643c10",
      "Relationships": [
        {
          "Type": "CHILD",
          "Ids": [
            "c4d0aa72-14f0-4abf-ac3c-0fe02f7f7029"
          ]
        }
      ],
      "Page": 1
    },
    {
      "BlockType": "CELL",
      "Confidence": 90.4296875,
      "RowIndex": 5,
      "ColumnIndex": 3,
      "RowSpan": 1,
      "ColumnSpan": 1,
      "Geometry": {
        "BoundingBox": {
          "Width": 0.12528863549232483,
          "Height": 0.03675646707415581,
          "Left": 0.5368521809577942,
          "Top": 0.5581346154212952
        },
        "Polygon": [
          {
            "X": 0.5368521809577942,
            "Y": 0.5581346154212952
          },
          {
            "X": 0.6615290641784668,
            "Y": 0.5581839084625244
          },
          {
            "X": 0.6621407866477966,
            "Y": 0.5948910713195801
          },
          {
            "X": 0.5374300479888916,
            "Y": 0.5948296189308167
          }
        ]
      },
      "Id": "8348a7ce-feae-4cbb-974a-f8fede7131f1",
      "Relationships": [
        {
          "Type": "CHILD",
          "Ids": [
            "8d6de7ca-819f-447b-b607-5ae5eb903c10"
          ]
        }
      ],
      "Page": 1
    },
    {
      "BlockType": "CELL",
      "Confidence": 91.40625,
      "RowIndex": 5,
      "ColumnIndex": 4,
      "RowSpan": 1,
      "ColumnSpan": 1,
      "Geometry": {
        "BoundingBox": {
          "Width": 0.11700528860092163,
          "Height": 0.03676450997591019,
          "Left": 0.6615290641784668,
          "Top": 0.5581839084625244
        },
        "Polygon": [
          {
            "X": 0.6615290641784668,
            "Y": 0.5581839084625244
          },
          {
            "X": 0.7778910398483276,
            "Y": 0.558229923248291
          },
          {
            "X": 0.7785343527793884,
            "Y": 0.594948410987854
          },
          {
            "X": 0.6621407866477966,
            "Y": 0.5948910713195801
          }
        ]
      },
      "Id": "234df5f8-a48c-4189-b06d-5731badca63e",
      "Relationships": [
        {
          "Type": "CHILD",
          "Ids": [
            "9460399d-2362-4c34-8596-cd9bbb1cd37e"
          ]
        }
      ],
      "Page": 1
    }
  ],
  "AnalyzeDocumentModelVersion": "1.0"
}