{
  "DocumentMetadata": {
    "Pages": 1
  },
  "JobStatus": "SUCCEEDED",
  "Blocks": [
    {
      "BlockType": "PAGE",
      "Geometry": {
        "BoundingBox": {
          "Width": 0.6871933937072754,
          "Height": 0.5215803384780884,
          "Left": 0.15932540595531464,
          "Top": 0.23620592057704926
        },
        "Polygon": [
          {
            "X": 0.15932540595531464,
            "Y": 0.23628823459148407
          },
          {
            "X": 0.8428382277488708,
            "Y": 0.23620592057704926
          },
          {
            "X": 0.8465188145637512,
            "Y": 0.7571102380752563
          },
          {
            "X": 0.16202183067798615,
            "Y": 0.7577862739562988
          }
        ]
      },
      "Id": "dc8b5905-2719-4f68-b6fe-bba73aa05361",
      "Relationships": [
        {
          "Type": "CHILD",
          "Ids": [
            "a9343d9f-8b68-4332-9506-bad50bb35d77",
            "30bf3db8-d64b-488e-bd20-c20b425e7099",
            "7bf624f7-97a6-45e9-b469-49dfb0ae4137",
            "67a48055-47fc-4626-ac2d-4e5722164d78",
            "08f0be41-5f37-4445-90fd-1a612119b905",
            "c6ceac25-8faa-4bbc-944b-1c0f4bdaf5f7",
            "0a0d0b5c-d54b-4e10-ac24-2a8b058c43ac",
            "679abfc9-1ea9-449d-9748-2455b65a0693",
            "6782fd13-686e-4910-92f2-78882597fc95",
            "43c2f86b-b0f0-445f-85fe-b40ab2a6bd38",
            "1f596f61-a3b7-419a-8cce-fb8a4ebde90c",
            "c8d46ab4-2b09-4057-af07-9a7ce4260561",
            "32c4f0bd-358c-4951-8451-35e7b80f740c",
            "1b7f7a35-e0ad-4e19-8082-f3a4e854bfce",
            "a3e265ce-875c-4d50-b19b-c7b68fe6771e",
            "452d90e2-d6fd-4f7f-ae22-8bd607e1ec6f",
            "be38bb89-cffc-4e03-9d04-a0c83e3fbaa1",
            "3589851d-818c-43ba-9161-a89c1a81005c",
            "6ade46a1-2b64-4b79-b825-3a2fa8ec63ff",
            "b755a57c-778b-4e7f-a3a4-767e3903b9b1",
            "8256bc3e-3233-43ac-ad57-569594bb9c6a",
            "8b8b47d1-3ded-43f3-996e-587c09cb61eb",
            "a538b64c-0ca7-4499-8a81-59e32843020a",
            "aafb59e8-e62b-4299-9a56-153d218739b3",
            "cc6e0fba-5101-4514-9374-f52628d7210c",
            "a3937143-9270-46f4-acb2-9c8f6a8afa3c",
            "10fd8f85-8729-4244-826a-bba017e91aa0",
            "7fd1d7dd-56dc-4a20-9aa7-3b4ebcbead47"
          ]
        }
      ],
      "Page": 1
    },
    {
      "BlockType": "LINE",
      "Confidence": 99.9482192993164,
      "Text": "Sample",
      "Geometry": {
        "BoundingBox": {
          "Width": 0.05289938673377037,
          "Height": 0.026071559637784958,
          "Left": 0.2182532250881195,
          "Top": 0.27435871958732605
        },
        "Polygon": [
          {
            "X": 0.2182532250881195,
            "Y": 0.27436840534210205
          },
          {
            "X": 0.27100980281829834,
            "Y": 0.27435871958732605
          },
          {
            "X": 0.2711526155471802,
            "Y": 0.30041828751564026
          },
          {
            "X": 0.21839222311973572,
            "Y": 0.3004302680492401
          }
        ]
      },
      "Id": "a9343d9f-8b68-4332-9506-bad50bb35d77",
      "Relationships": [
        {
          "Type": "CHILD",
          "Ids": [
            "6bb1771b-1228-4d35-a474-b6eb021098c5"
          ]
        }
      ],
      "Page": 1
    },
    {
      "BlockType": "LINE",
      "Confidence": 99.81168365478516,
      "Text": "Tensile strength",
      "Geometry": {
        "BoundingBox": {
          "Width": 0.11290880292654037,
          "Height": 0.025532307103276253,
          "Left": 0.3605998456478119,
          "Top": 0.2747608423233032
        },
        "Polygon": [
          {
            "X": 0.3605998456478119,
            "Y": 0.27478164434432983
          },
          {
            "X": 0.4733545780181885,
            "Y": 0.2747608423233032
          },
          {
            "X": 0.47350865602493286,
            "Y": 0.3002675473690033
          },
          {
            "X": 0.36074599623680115,
            "Y": 0.3002931475639343
          }
        ]
      },
      "Id": "30bf3db8-d64b-488e-bd20-c20b425e7099",
      "Relationships": [
        {
          "Type": "CHILD",
          "Ids": [
            "a8bad9c5-f126-4e8f-aaee-6a84cba1a157",
            "34c8518c-2aeb-4581-a9f6-39331e071e82"
          ]
        }
      ],
      "Page": 1
    },
    {
      "BlockType": "LINE",
      "Confidence": 99.78055572509766,
      "Text": "Flexural strength",
      "Geometry": {
        "BoundingBox": {
          "Width": 0.12106791138648987,
          "Height": 0.025769418105483055,
          "Left": 0.5387721657752991,
          "Top": 0.2745126187801361
        },
        "Polygon": [
          {
            "X": 0.5387721657752991,
            "Y": 0.2745348811149597
          },
          {
            "X": 0.6596712470054626,
            "Y": 0.2745126187801361
          },
          {
            "X": 0.6598400473594666,
            "Y": 0.30025461316108704
          },
          {
            "X": 0.5389323234558105,
            "Y": 0.3002820312976837
          }
        ]
      },
      "Id": "7bf624f7-97a6-45e9-b469-49dfb0ae4137",
      "Relationships": [
        {
          "Type": "CHILD",
          "Ids": [
            "d3e3d550-8149-4af8-a490-7e34b01b67d2",
            "67a45b6a-ca4e-4f4e-95fc-24501fe5ef2b"
          ]
        }
      ],
      "Page": 1
    },
    {
      "BlockType": "LINE",
      "Confidence": 99.93042755126953,
      "Text": "Impact strength",
      "Geometry": {
        "BoundingBox": {
          "Width": 0.11151747405529022,
          "Height": 0.026043327525258064,
          "Left": 0.7112051248550415,
          "Top": 0.27462151646614075
        },
        "Polygon": [
          {
            "X": 0.7112051248550415,
            "Y": 0.27464205026626587
          },
          {
            "X": 0.822540283203125,
            "Y": 0.27462151646614075
          },
          {
            "X": 0.8227226138114929,
            "Y": 0.3006395101547241
          },
          {
            "X": 0.7113794684410095,
            "Y": 0.30066484212875366
          }
        ]
      },
      "Id": "67a48055-47fc-4626-ac2d-4e5722164d78",
      "Relationships": [
        {
          "Type": "CHILD",
          "Ids": [
            "fb173808-4528-4faa-882b-2e6e2c58cc41",
            "cd7af0a4-d7aa-469d-ab87-0e3c25aeed3c"
          ]
        }
      ],
      "Page": 1
    },
    {
      "BlockType": "LINE",
      "Confidence": 99.84883117675781,
      "Text": "(MPa)",
      "Geometry": {
        "BoundingBox": {
          "Width": 0.044574763625860214,
          "Height": 0.02473234385251999,
          "Left": 0.3942178189754486,
          "Top": 0.3462814688682556
        },
        "Polygon": [
          {
            "X": 0.3942178189754486,
            "Y": 0.34629493951797485
          },
          {
            "X": 0.43864569067955017,
            "Y": 0.3462814688682556
          },
          {
            "X": 0.4387925863265991,
            "Y": 0.3709985017776489
          },
          {
            "X": 0.3943617045879364,
            "Y": 0.3710137903690338
          }
        ]
      },
      "Id": "08f0be41-5f37-4445-90fd-1a612119b905",
      "Relationships": [
        {
          "Type": "CHILD",
          "Ids": [
            "9f4e7e6f-19af-4725-b4c8-9ae800bdd0f1"
          ]
        }
      ],
      "Page": 1
    },
    {
      "BlockType": "LINE",
      "Confidence": 99.70415496826172,
      "Text": "(MPa)",
      "Geometry": {
        "BoundingBox": {
          "Width": 0.0443522147834301,
          "Height": 0.02466556802392006,
          "Left": 0.5769636034965515,
          "Top": 0.3463329076766968
        },
        "Polygon": [
          {
            "X": 0.5769636034965515,
            "Y": 0.34634631872177124
          },
          {
            "X": 0.6211568713188171,
            "Y": 0.3463329076766968
          },
          {
            "X": 0.6213158369064331,
            "Y": 0.3709832429885864
          },
          {
            "X": 0.5771195888519287,
            "Y": 0.37099847197532654
          }
        ]
      },
      "Id": "c6ceac25-8faa-4bbc-944b-1c0f4bdaf5f7",
      "Relationships": [
        {
          "Type": "CHILD",
          "Ids": [
            "308892e5-60a8-4e4d-be57-b61b5b51240a"
          ]
        }
      ],
      "Page": 1
    },
    {
      "BlockType": "LINE",
      "Confidence": 47.05280685424805,
      "Text": "(kJ/m2)",
      "Geometry": {
        "BoundingBox": {
          "Width": 0.05565771833062172,
          "Height": 0.031756844371557236,
          "Left": 0.7390002608299255,
          "Top": 0.3395498991012573
        },
        "Polygon": [
          {
            "X": 0.7390002608299255,
            "Y": 0.33956611156463623
          },
          {
            "X": 0.7944380640983582,
            "Y": 0.3395498991012573
          },
          {
            "X": 0.7946579456329346,
            "Y": 0.37128761410713196
          },
          {
            "X": 0.7392153143882751,
            "Y": 0.37130674719810486
          }
        ]
      },
      "Id": "0a0d0b5c-d54b-4e10-ac24-2a8b058c43ac",
      "Relationships": [
        {
          "Type": "CHILD",
          "Ids": [
            "b31f962c-0b28-4a93-a131-1d3d28fa21f2"
          ]
        }
      ],
      "Page": 1
    },
    {
      "BlockType": "LINE",
      "Confidence": 99.3575668334961,
      "Text": "PEI-EP",
      "Geometry": {
        "BoundingBox": {
          "Width": 0.05384477972984314,
          "Height": 0.019476788118481636,
          "Left": 0.21796992421150208,
          "Top": 0.41958609223365784
        },
        "Polygon": [
          {
            "X": 0.21796992421150208,
            "Y": 0.4196089506149292
          },
          {
            "X": 0.2717081308364868,
            "Y": 0.41958609223365784
          },
          {
            "X": 0.2718147039413452,
            "Y": 0.4390382766723633
          },
          {
            "X": 0.21807362139225006,
            "Y": 0.4390628933906555
          }
        ]
      },
      "Id": "679abfc9-1ea9-449d-9748-2455b65a0693",
      "Relationships": [
        {
          "Type": "CHILD",
          "Ids": [
            "e45aed68-7750-400d-a91c-7c520eb40d6d"
          ]
        }
      ],
      "Page": 1
    },
    {
      "BlockType": "LINE",
      "Confidence": 94.42092895507812,
      "Text": "52.6+2.3",
      "Geometry": {
        "BoundingBox": {
          "Width": 0.06272231787443161,
          "Height": 0.020574845373630524,
          "Left": 0.3853607177734375,
          "Top": 0.4191463589668274
        },
        "Polygon": [
          {
            "X": 0.3853607177734375,
            "Y": 0.4191729426383972
          },
          {
            "X": 0.44796043634414673,
            "Y": 0.4191463589668274
          },
          {
            "X": 0.4480830430984497,
            "Y": 0.4396924674510956
          },
          {
            "X": 0.38547977805137634,
            "Y": 0.4397211968898773
          }
        ]
      },
      "Id": "6782fd13-686e-4910-92f2-78882597fc95",
      "Relationships": [
        {
          "Type": "CHILD",
          "Ids": [
            "de5add1f-e237-46bb-b3d9-5ebbe0e6c25c"
          ]
        }
      ],
      "Page": 1
    },
    {
      "BlockType": "LINE",
      "Confidence": 52.711002349853516,
      "Text": "89.8+3.8",
      "Geometry": {
        "BoundingBox": {
          "Width": 0.06240904703736305,
          "Height": 0.020594889298081398,
          "Left": 0.5685250163078308,
          "Top": 0.4191867709159851
        },
        "Polygon": [
          {
            "X": 0.5685250163078308,
            "Y": 0.4192132353782654
          },
          {
            "X": 0.6308009028434753,
            "Y": 0.4191867709159851
          },
          {
            "X": 0.6309340596199036,
            "Y": 0.43975308537483215
          },
          {
            "X": 0.5686546564102173,
            "Y": 0.43978166580200195
          }
        ]
      },
      "Id": "43c2f86b-b0f0-445f-85fe-b40ab2a6bd38",
      "Relationships": [
        {
          "Type": "CHILD",
          "Ids": [
            "768d3142-eb2e-40cd-9278-bb4267f24c69"
          ]
        }
      ],
      "Page": 1
    },
    {
      "BlockType": "LINE",
      "Confidence": 56.189727783203125,
      "Text": "7.5+0.4",
      "Geometry": {
        "BoundingBox": {
          "Width": 0.06259335577487946,
          "Height": 0.021607810631394386,
          "Left": 0.7357690930366516,
          "Top": 0.418254017829895
        },
        "Polygon": [
          {
            "X": 0.7357690930366516,
            "Y": 0.4182804822921753
          },
          {
            "X": 0.7982127070426941,
            "Y": 0.418254017829895
          },
          {
            "X": 0.7983624339103699,
            "Y": 0.4398331344127655
          },
          {
            "X": 0.7359150648117065,
            "Y": 0.43986183404922485
          }
        ]
      },
      "Id": "1f596f61-a3b7-419a-8cce-fb8a4ebde90c",
      "Relationships": [
        {
          "Type": "CHILD",
          "Ids": [
            "a90ea7b3-2468-4d07-b614-c9444b00ee70"
          ]
        }
      ],
      "Page": 1
    },
    {
      "BlockType": "LINE",
      "Confidence": 97.51586151123047,
      "Text": "DPPEI(20)-EP",
      "Geometry": {
        "BoundingBox": {
          "Width": 0.1055510863661766,
          "Height": 0.02493148110806942,
          "Left": 0.19232740998268127,
          "Top": 0.49007323384284973
        },
        "Polygon": [
          {
            "X": 0.19232740998268127,
            "Y": 0.4901304244995117
          },
          {
            "X": 0.29774045944213867,
            "Y": 0.49007323384284973
          },
          {
            "X": 0.2978785037994385,
            "Y": 0.5149431228637695
          },
          {
            "X": 0.19245819747447968,
            "Y": 0.5150046944618225
          }
        ]
      },
      "Id": "c8d46ab4-2b09-4057-af07-9a7ce4260561",
      "Relationships": [
        {
          "Type": "CHILD",
          "Ids": [
            "8d9d87fd-8866-4869-beaa-23d90582560f"
          ]
        }
      ],
      "Page": 1
    },
    {
      "BlockType": "LINE",
      "Confidence": 49.34364700317383,
      "Text": "48.4+3.5",
      "Geometry": {
        "BoundingBox": {
          "Width": 0.06328806281089783,
          "Height": 0.020436467602849007,
          "Left": 0.384807288646698,
          "Top": 0.4902649521827698
        },
        "Polygon": [
          {
            "X": 0.384807288646698,
            "Y": 0.490299254655838
          },
          {
            "X": 0.4479736387729645,
            "Y": 0.4902649521827698
          },
          {
            "X": 0.4480953514575958,
            "Y": 0.5106649994850159
          },
          {
            "X": 0.3849254548549652,
            "Y": 0.5107014179229736
          }
        ]
      },
      "Id": "32c4f0bd-358c-4951-8451-35e7b80f740c",
      "Relationships": [
        {
          "Type": "CHILD",
          "Ids": [
            "f142359d-7120-41fc-9eb8-d0aeb28d92b6"
          ]
        }
      ],
      "Page": 1
    },
    {
      "BlockType": "LINE",
      "Confidence": 75.1796875,
      "Text": "70.3+1.9",
      "Geometry": {
        "BoundingBox": {
          "Width": 0.06278515607118607,
          "Height": 0.020527340471744537,
          "Left": 0.5680699348449707,
          "Top": 0.4902915358543396
        },
        "Polygon": [
          {
            "X": 0.5680699348449707,
            "Y": 0.49032557010650635
          },
          {
            "X": 0.6307224631309509,
            "Y": 0.4902915358543396
          },
          {
            "X": 0.6308550834655762,
            "Y": 0.5107827186584473
          },
          {
            "X": 0.5681990385055542,
            "Y": 0.5108188986778259
          }
        ]
      },
      "Id": "1b7f7a35-e0ad-4e19-8082-f3a4e854bfce",
      "Relationships": [
        {
          "Type": "CHILD",
          "Ids": [
            "848060dc-ecff-4944-93ea-49e58dc3aa4b"
          ]
        }
      ],
      "Page": 1
    },
    {
      "BlockType": "LINE",
      "Confidence": 99.67585754394531,
      "Text": "6.1 + 0.2",
      "Geometry": {
        "BoundingBox": {
          "Width": 0.06237604841589928,
          "Height": 0.021035263314843178,
          "Left": 0.7356731295585632,
          "Top": 0.490420401096344
        },
        "Polygon": [
          {
            "X": 0.7356731295585632,
            "Y": 0.49045422673225403
          },
          {
            "X": 0.7979035377502441,
            "Y": 0.490420401096344
          },
          {
            "X": 0.7980492115020752,
            "Y": 0.5114196538925171
          },
          {
            "X": 0.735815167427063,
            "Y": 0.5114556550979614
          }
        ]
      },
      "Id": "a3e265ce-875c-4d50-b19b-c7b68fe6771e",
      "Relationships": [
        {
          "Type": "CHILD",
          "Ids": [
            "39f8dba0-07e9-4329-9640-2c77de3808b2",
            "5a1e90df-8be3-4b77-a97a-3d300052b7c8",
            "8406eabc-6e9d-485e-a744-2bf0f4d471d5"
          ]
        }
      ],
      "Page": 1
    },
    {
      "BlockType": "LINE",
      "Confidence": 97.24909210205078,
      "Text": "DPPEI(25)-EP",
      "Geometry": {
        "BoundingBox": {
          "Width": 0.1057620719075203,
          "Height": 0.024441763758659363,
          "Left": 0.19230473041534424,
          "Top": 0.562095046043396
        },
        "Polygon": [
          {
            "X": 0.19230473041534424,
            "Y": 0.5621650218963623
          },
          {
            "X": 0.29793158173561096,
            "Y": 0.562095046043396
          },
          {
            "X": 0.2980668246746063,
            "Y": 0.5864625573158264
          },
          {
            "X": 0.19243286550045013,
            "Y": 0.5865368247032166
          }
        ]
      },
      "Id": "452d90e2-d6fd-4f7f-ae22-8bd607e1ec6f",
      "Relationships": [
        {
          "Type": "CHILD",
          "Ids": [
            "f3a0b0cb-335e-4242-8e66-5e5e4956c5ca"
          ]
        }
      ],
      "Page": 1
    },
    {
      "BlockType": "LINE",
      "Confidence": 72.9319839477539,
      "Text": "51.4+3.5",
      "Geometry": {
        "BoundingBox": {
          "Width": 0.06263314932584763,
          "Height": 0.020358582958579063,
          "Left": 0.3853868842124939,
          "Top": 0.5621315240859985
        },
        "Polygon": [
          {
            "X": 0.3853868842124939,
            "Y": 0.5621729493141174
          },
          {
            "X": 0.44789883494377136,
            "Y": 0.5621315240859985
          },
          {
            "X": 0.44802001118659973,
            "Y": 0.5824465751647949
          },
          {
            "X": 0.3855045437812805,
            "Y": 0.582490086555481
          }
        ]
      },
      "Id": "be38bb89-cffc-4e03-9d04-a0c83e3fbaa1",
      "Relationships": [
        {
          "Type": "CHILD",
          "Ids": [
            "118ba7ba-3c3e-4589-b587-981a3f8a055d"
          ]
        }
      ],
      "Page": 1
    },
    {
      "BlockType": "LINE",
      "Confidence": 91.425048828125,
      "Text": "82.3+2.3",
      "Geometry": {
        "BoundingBox": {
          "Width": 0.06198083981871605,
          "Height": 0.020368525758385658,
          "Left": 0.5683334469795227,
          "Top": 0.5620311498641968
        },
        "Polygon": [
          {
            "X": 0.5683334469795227,
            "Y": 0.5620720982551575
          },
          {
            "X": 0.6301828026771545,
            "Y": 0.5620311498641968
          },
          {
            "X": 0.630314290523529,
            "Y": 0.5823565721511841
          },
          {
            "X": 0.5684614777565002,
            "Y": 0.5823996663093567
          }
        ]
      },
      "Id": "3589851d-818c-43ba-9161-a89c1a81005c",
      "Relationships": [
        {
          "Type": "CHILD",
          "Ids": [
            "29fc3ced-75b2-4342-a547-2c9b6f7ef2a0"
          ]
        }
      ],
      "Page": 1
    },
    {
      "BlockType": "LINE",
      "Confidence": 99.74813079833984,
      "Text": "6.9 + 0.3",
      "Geometry": {
        "BoundingBox": {
          "Width": 0.06173880770802498,
          "Height": 0.02167506515979767,
          "Left": 0.7355245351791382,
          "Top": 0.5620325803756714
        },
        "Polygon": [
          {
            "X": 0.7355245351791382,
            "Y": 0.5620734095573425
          },
          {
            "X": 0.7971133589744568,
            "Y": 0.5620325803756714
          },
          {
            "X": 0.7972633242607117,
            "Y": 0.58366459608078
          },
          {
            "X": 0.735670804977417,
            "Y": 0.5837076306343079
          }
        ]
      },
      "Id": "6ade46a1-2b64-4b79-b825-3a2fa8ec63ff",
      "Relationships": [
        {
          "Type": "CHILD",
          "Ids": [
            "75a028fd-b4c6-4dbf-8b6a-870851423c33",
            "5d9958ec-05ff-4863-8e7d-a438c7a36156",
            "e1325a93-014a-4385-86a0-4488ee3d9050"
          ]
        }
      ],
      "Page": 1
    },
    {
      "BlockType": "LINE",
      "Confidence": 94.62945556640625,
      "Text": "DPPEI(30)-EP",
      "Geometry": {
        "BoundingBox": {
          "Width": 0.10459976643323898,
          "Height": 0.02477746084332466,
          "Left": 0.19268898665905,
          "Top": 0.6338179707527161
        },
        "Polygon": [
          {
            "X": 0.19268898665905,
            "Y": 0.6338996291160583
          },
          {
            "X": 0.2971518039703369,
            "Y": 0.6338179707527161
          },
          {
            "X": 0.2972887456417084,
            "Y": 0.6585094928741455
          },
          {
            "X": 0.19281882047653198,
            "Y": 0.6585954427719116
          }
        ]
      },
      "Id": "b755a57c-778b-4e7f-a3a4-767e3903b9b1",
      "Relationships": [
        {
          "Type": "CHILD",
          "Ids": [
            "34532268-3b12-4d82-9b13-005833116b18"
          ]
        }
      ],
      "Page": 1
    },
    {
      "BlockType": "LINE",
      "Confidence": 79.90375518798828,
      "Text": "51.5+1.7",
      "Geometry": {
        "BoundingBox": {
          "Width": 0.06299231946468353,
          "Height": 0.02050291933119297,
          "Left": 0.38535380363464355,
          "Top": 0.6341385841369629
        },
        "Polygon": [
          {
            "X": 0.38535380363464355,
            "Y": 0.6341878175735474
          },
          {
            "X": 0.44822412729263306,
            "Y": 0.6341385841369629
          },
          {
            "X": 0.4483461081981659,
            "Y": 0.6545901894569397
          },
          {
            "X": 0.38547223806381226,
            "Y": 0.6546415090560913
          }
        ]
      },
      "Id": "8256bc3e-3233-43ac-ad57-569594bb9c6a",
      "Relationships": [
        {
          "Type": "CHILD",
          "Ids": [
            "86128375-583b-414f-9678-c96eabde8dc4"
          ]
        }
      ],
      "Page": 1
    },
    {
      "BlockType": "LINE",
      "Confidence": 83.19263458251953,
      "Text": "88.9+2.4",
      "Geometry": {
        "BoundingBox": {
          "Width": 0.06300274282693863,
          "Height": 0.020795324817299843,
          "Left": 0.5683786869049072,
          "Top": 0.6339507102966309
        },
        "Polygon": [
          {
            "X": 0.5683786869049072,
            "Y": 0.6339998841285706
          },
          {
            "X": 0.6312471628189087,
            "Y": 0.6339507102966309
          },
          {
            "X": 0.6313814520835876,
            "Y": 0.654694676399231
          },
          {
            "X": 0.5685093402862549,
            "Y": 0.6547460556030273
          }
        ]
      },
      "Id": "8b8b47d1-3ded-43f3-996e-587c09cb61eb",
      "Relationships": [
        {
          "Type": "CHILD",
          "Ids": [
            "f8a19877-9ae5-4db8-b062-6b24e74a3191"
          ]
        }
      ],
      "Page": 1
    },
    {
      "BlockType": "LINE",
      "Confidence": 36.74329376220703,
      "Text": "7.4+0.5",
      "Geometry": {
        "BoundingBox": {
          "Width": 0.05360405892133713,
          "Height": 0.019780291244387627,
          "Left": 0.7400272488594055,
          "Top": 0.634290874004364
        },
        "Polygon": [
          {
            "X": 0.7400272488594055,
            "Y": 0.6343327164649963
          },
          {
            "X": 0.793494701385498,
            "Y": 0.634290874004364
          },
          {
            "X": 0.7936313152313232,
            "Y": 0.65402752161026
          },
          {
            "X": 0.7401609420776367,
            "Y": 0.6540711522102356
          }
        ]
      },
      "Id": "a538b64c-0ca7-4499-8a81-59e32843020a",
      "Relationships": [
        {
          "Type": "CHILD",
          "Ids": [
            "a3d31e30-e4d0-46db-912c-a49fc4f34013"
          ]
        }
      ],
      "Page": 1
    },
    {
      "BlockType": "LINE",
      "Confidence": 96.59957885742188,
      "Text": "DPPEI(35)-EP",
      "Geometry": {
        "BoundingBox": {
          "Width": 0.10569855570793152,
          "Height": 0.02508976124227047,
          "Left": 0.19227319955825806,
          "Top": 0.7049045562744141
        },
        "Polygon": [
          {
            "X": 0.19227319955825806,
            "Y": 0.704999566078186
          },
          {
            "X": 0.297833114862442,
            "Y": 0.7049045562744141
          },
          {
            "X": 0.2979717552661896,
            "Y": 0.7298949360847473
          },
          {
            "X": 0.19240455329418182,
            "Y": 0.7299943566322327
          }
        ]
      },
      "Id": "aafb59e8-e62b-4299-9a56-153d218739b3",
      "Relationships": [
        {
          "Type": "CHILD",
          "Ids": [
            "4feacf27-34ee-4d06-a728-d55a12dd6be2"
          ]
        }
      ],
      "Page": 1
    },
    {
      "BlockType": "LINE",
      "Confidence": 75.52837371826172,
      "Text": "53.4+3.7",
      "Geometry": {
        "BoundingBox": {
          "Width": 0.06327441334724426,
          "Height": 0.02066018246114254,
          "Left": 0.38535672426223755,
          "Top": 0.7050507068634033
        },
        "Polygon": [
          {
            "X": 0.38535672426223755,
            "Y": 0.705107569694519
          },
          {
            "X": 0.44850826263427734,
            "Y": 0.7050507068634033
          },
          {
            "X": 0.4486311376094818,
            "Y": 0.7256518602371216
          },
          {
            "X": 0.3854759931564331,
            "Y": 0.7257108688354492
          }
        ]
      },
      "Id": "cc6e0fba-5101-4514-9374-f52628d7210c",
      "Relationships": [
        {
          "Type": "CHILD",
          "Ids": [
            "45804917-1efe-4736-a58e-897ad260c652"
          ]
        }
      ],
      "Page": 1
    },
    {
      "BlockType": "LINE",
      "Confidence": 84.1388931274414,
      "Text": "84.6+4.5",
      "Geometry": {
        "BoundingBox": {
          "Width": 0.06214812770485878,
          "Height": 0.020884595811367035,
          "Left": 0.5684908032417297,
          "Top": 0.7048346996307373
        },
        "Polygon": [
          {
            "X": 0.5684908032417297,
            "Y": 0.7048905491828918
          },
          {
            "X": 0.6305042505264282,
            "Y": 0.7048346996307373
          },
          {
            "X": 0.6306389570236206,
            "Y": 0.7256613373756409
          },
          {
            "X": 0.5686219930648804,
            "Y": 0.7257193326950073
          }
        ]
      },
      "Id": "a3937143-9270-46f4-acb2-9c8f6a8afa3c",
      "Relationships": [
        {
          "Type": "CHILD",
          "Ids": [
            "03ef9574-9695-4098-805c-d67b07cde645"
          ]
        }
      ],
      "Page": 1
    },
    {
      "BlockType": "LINE",
      "Confidence": 44.144561767578125,
      "Text": "7.0+0.7",
      "Geometry": {
        "BoundingBox": {
          "Width": 0.054335836321115494,
          "Height": 0.02035409025847912,
          "Left": 0.7399289011955261,
          "Top": 0.7052001357078552
        },
        "Polygon": [
          {
            "X": 0.7399289011955261,
            "Y": 0.7052489519119263
          },
          {
            "X": 0.794124186038971,
            "Y": 0.7052001357078552
          },
          {
            "X": 0.7942647337913513,
            "Y": 0.7255035638809204
          },
          {
            "X": 0.740066409111023,
            "Y": 0.7255542278289795
          }
        ]
      },
      "Id": "10fd8f85-8729-4244-826a-bba017e91aa0",
      "Relationships": [
        {
          "Type": "CHILD",
          "Ids": [
            "9cd9f208-6edc-47f2-a39a-ecb8d5462b15"
          ]
        }
      ],
      "Page": 1
    },
    {
      "BlockType": "WORD",
      "Confidence": 99.9482192993164,
      "Text": "Sample",
      "TextType": "PRINTED",
      "Geometry": {
        "BoundingBox": {
          "Width": 0.05289938673377037,
          "Height": 0.026071559637784958,
          "Left": 0.2182532250881195,
          "Top": 0.27435871958732605
        },
        "Polygon": [
          {
            "X": 0.2182532250881195,
            "Y": 0.27436840534210205
          },
          {
            "X": 0.27100980281829834,
            "Y": 0.27435871958732605
          },
          {
            "X": 0.2711526155471802,
            "Y": 0.30041828751564026
          },
          {
            "X": 0.21839222311973572,
            "Y": 0.3004302680492401
          }
        ]
      },
      "Id": "6bb1771b-1228-4d35-a474-b6eb021098c5",
      "Page": 1
    },
    {
      "BlockType": "WORD",
      "Confidence": 99.76319122314453,
      "Text": "Tensile",
      "TextType": "PRINTED",
      "Geometry": {
        "BoundingBox": {
          "Width": 0.050483886152505875,
          "Height": 0.020275382325053215,
          "Left": 0.36059993505477905,
          "Top": 0.27478599548339844
        },
        "Polygon": [
          {
            "X": 0.36059993505477905,
            "Y": 0.2747952938079834
          },
          {
            "X": 0.4109649062156677,
            "Y": 0.27478599548339844
          },
          {
            "X": 0.41108381748199463,
            "Y": 0.29505038261413574
          },
          {
            "X": 0.3607160151004791,
            "Y": 0.2950613796710968
          }
        ]
      },
      "Id": "a8bad9c5-f126-4e8f-aaee-6a84cba1a157",
      "Page": 1
    },
    {
      "BlockType": "WORD",
      "Confidence": 99.86018371582031,
      "Text": "strength",
      "TextType": "PRINTED",
      "Geometry": {
        "BoundingBox": {
          "Width": 0.05751967430114746,
          "Height": 0.025519736111164093,
          "Left": 0.4159889817237854,
          "Top": 0.2747608423233032
        },
        "Polygon": [
          {
            "X": 0.4159889817237854,
            "Y": 0.27477142214775085
          },
          {
            "X": 0.4733545780181885,
            "Y": 0.2747608423233032
          },
          {
            "X": 0.47350865602493286,
            "Y": 0.3002675473690033
          },
          {
            "X": 0.41613900661468506,
            "Y": 0.3002805709838867
          }
        ]
      },
      "Id": "34c8518c-2aeb-4581-a9f6-39331e071e82",
      "Page": 1
    },
    {
      "BlockType": "WORD",
      "Confidence": 99.64517211914062,
      "Text": "Flexural",
      "TextType": "PRINTED",
      "Geometry": {
        "BoundingBox": {
          "Width": 0.0588982068002224,
          "Height": 0.02004091441631317,
          "Left": 0.5387721657752991,
          "Top": 0.274524062871933
        },
        "Polygon": [
          {
            "X": 0.5387721657752991,
            "Y": 0.2745348811149597
          },
          {
            "X": 0.5975424647331238,
            "Y": 0.274524062871933
          },
          {
            "X": 0.5976703763008118,
            "Y": 0.294552206993103
          },
          {
            "X": 0.5388967990875244,
            "Y": 0.29456499218940735
          }
        ]
      },
      "Id": "d3e3d550-8149-4af8-a490-7e34b01b67d2",
      "Page": 1
    },
    {
      "BlockType": "WORD",
      "Confidence": 99.91593170166016,
      "Text": "strength",
      "TextType": "PRINTED",
      "Geometry": {
        "BoundingBox": {
          "Width": 0.05742591619491577,
          "Height": 0.02562401071190834,
          "Left": 0.6024141311645508,
          "Top": 0.27464359998703003
        },
        "Polygon": [
          {
            "X": 0.6024141311645508,
            "Y": 0.2746541500091553
          },
          {
            "X": 0.6596721410751343,
            "Y": 0.27464359998703003
          },
          {
            "X": 0.6598400473594666,
            "Y": 0.30025461316108704
          },
          {
            "X": 0.6025780439376831,
            "Y": 0.30026760697364807
          }
        ]
      },
      "Id": "67a45b6a-ca4e-4f4e-95fc-24501fe5ef2b",
      "Page": 1
    },
    {
      "BlockType": "WORD",
      "Confidence": 99.94410705566406,
      "Text": "Impact",
      "TextType": "PRINTED",
      "Geometry": {
        "BoundingBox": {
          "Width": 0.04958396777510643,
          "Height": 0.025882307440042496,
          "Left": 0.7112061381340027,
          "Top": 0.27478253841400146
        },
        "Polygon": [
          {
            "X": 0.7112061381340027,
            "Y": 0.2747916579246521
          },
          {
            "X": 0.760613203048706,
            "Y": 0.27478253841400146
          },
          {
            "X": 0.7607901096343994,
            "Y": 0.3006536066532135
          },
          {
            "X": 0.7113794684410095,
            "Y": 0.30066484212875366
          }
        ]
      },
      "Id": "fb173808-4528-4faa-882b-2e6e2c58cc41",
      "Page": 1
    },
    {
      "BlockType": "WORD",
      "Confidence": 99.91675567626953,
      "Text": "strength",
      "TextType": "PRINTED",
      "Geometry": {
        "BoundingBox": {
          "Width": 0.05712326988577843,
          "Height": 0.02571004256606102,
          "Left": 0.7655971050262451,
          "Top": 0.27462151646614075
        },
        "Polygon": [
          {
            "X": 0.7655971050262451,
            "Y": 0.2746320366859436
          },
          {
            "X": 0.822540283203125,
            "Y": 0.27462151646614075
          },
          {
            "X": 0.8227203488349915,
            "Y": 0.3003186285495758
          },
          {
            "X": 0.7657731771469116,
            "Y": 0.30033156275749207
          }
        ]
      },
      "Id": "cd7af0a4-d7aa-469d-ab87-0e3c25aeed3c",
      "Page": 1
    },
    {
      "BlockType": "WORD",
      "Confidence": 99.84883117675781,
      "Text": "(MPa)",
      "TextType": "PRINTED",
      "Geometry": {
        "BoundingBox": {
          "Width": 0.044574763625860214,
          "Height": 0.02473234385251999,
          "Left": 0.3942178189754486,
          "Top": 0.3462814688682556
        },
        "Polygon": [
          {
            "X": 0.3942178189754486,
            "Y": 0.34629493951797485
          },
          {
            "X": 0.43864569067955017,
            "Y": 0.3462814688682556
          },
          {
            "X": 0.4387925863265991,
            "Y": 0.3709985017776489
          },
          {
            "X": 0.3943617045879364,
            "Y": 0.3710137903690338
          }
        ]
      },
      "Id": "9f4e7e6f-19af-4725-b4c8-9ae800bdd0f1",
      "Page": 1
    },
    {
      "BlockType": "WORD",
      "Confidence": 99.70415496826172,
      "Text": "(MPa)",
      "TextType": "PRINTED",
      "Geometry": {
        "BoundingBox": {
          "Width": 0.0443522147834301,
          "Height": 0.02466556802392006,
          "Left": 0.5769636034965515,
          "Top": 0.3463329076766968
        },
        "Polygon": [
          {
            "X": 0.5769636034965515,
            "Y": 0.34634631872177124
          },
          {
            "X": 0.6211568713188171,
            "Y": 0.3463329076766968
          },
          {
            "X": 0.6213158369064331,
            "Y": 0.3709832429885864
          },
          {
            "X": 0.5771195888519287,
            "Y": 0.37099847197532654
          }
        ]
      },
      "Id": "308892e5-60a8-4e4d-be57-b61b5b51240a",
      "Page": 1
    },
    {
      "BlockType": "WORD",
      "Confidence": 47.05280685424805,
      "Text": "(kJ/m2)",
      "TextType": "PRINTED",
      "Geometry": {
        "BoundingBox": {
          "Width": 0.05565771833062172,
          "Height": 0.031756844371557236,
          "Left": 0.7390002608299255,
          "Top": 0.3395498991012573
        },
        "Polygon": [
          {
            "X": 0.7390002608299255,
            "Y": 0.33956611156463623
          },
          {
            "X": 0.7944380640983582,
            "Y": 0.3395498991012573
          },
          {
            "X": 0.7946579456329346,
            "Y": 0.37128761410713196
          },
          {
            "X": 0.7392153143882751,
            "Y": 0.37130674719810486
          }
        ]
      },
      "Id": "b31f962c-0b28-4a93-a131-1d3d28fa21f2",
      "Page": 1
    },
    {
      "BlockType": "WORD",
      "Confidence": 99.3575668334961,
      "Text": "PEI-EP",
      "TextType": "PRINTED",
      "Geometry": {
        "BoundingBox": {
          "Width": 0.05384477972984314,
          "Height": 0.019476788118481636,
          "Left": 0.21796992421150208,
          "Top": 0.41958609223365784
        },
        "Polygon": [
          {
            "X": 0.21796992421150208,
            "Y": 0.4196089506149292
          },
          {
            "X": 0.2717081308364868,
            "Y": 0.41958609223365784
          },
          {
            "X": 0.2718147039413452,
            "Y": 0.4390382766723633
          },
          {
            "X": 0.21807362139225006,
            "Y": 0.4390628933906555
          }
        ]
      },
      "Id": "e45aed68-7750-400d-a91c-7c520eb40d6d",
      "Page": 1
    },
    {
      "BlockType": "WORD",
      "Confidence": 94.42092895507812,
      "Text": "52.6+2.3",
      "TextType": "PRINTED",
      "Geometry": {
        "BoundingBox": {
          "Width": 0.06272231787443161,
          "Height": 0.020574845373630524,
          "Left": 0.3853607177734375,
          "Top": 0.4191463589668274
        },
        "Polygon": [
          {
            "X": 0.3853607177734375,
            "Y": 0.4191729426383972
          },
          {
            "X": 0.44796043634414673,
            "Y": 0.4191463589668274
          },
          {
            "X": 0.4480830430984497,
            "Y": 0.4396924674510956
          },
          {
            "X": 0.38547977805137634,
            "Y": 0.4397211968898773
          }
        ]
      },
      "Id": "de5add1f-e237-46bb-b3d9-5ebbe0e6c25c",
      "Page": 1
    },
    {
      "BlockType": "WORD",
      "Confidence": 52.711002349853516,
      "Text": "89.8+3.8",
      "TextType": "PRINTED",
      "Geometry": {
        "BoundingBox": {
          "Width": 0.06240904703736305,
          "Height": 0.020594889298081398,
          "Left": 0.5685250163078308,
          "Top": 0.4191867709159851
        },
        "Polygon": [
          {
            "X": 0.5685250163078308,
            "Y": 0.4192132353782654
          },
          {
            "X": 0.6308009028434753,
            "Y": 0.4191867709159851
          },
          {
            "X": 0.6309340596199036,
            "Y": 0.43975308537483215
          },
          {
            "X": 0.5686546564102173,
            "Y": 0.43978166580200195
          }
        ]
      },
      "Id": "768d3142-eb2e-40cd-9278-bb4267f24c69",
      "Page": 1
    },
    {
      "BlockType": "WORD",
      "Confidence": 56.189727783203125,
      "Text": "7.5+0.4",
      "TextType": "PRINTED",
      "Geometry": {
        "BoundingBox": {
          "Width": 0.06259335577487946,
          "Height": 0.021607810631394386,
          "Left": 0.7357690930366516,
          "Top": 0.418254017829895
        },
        "Polygon": [
          {
            "X": 0.7357690930366516,
            "Y": 0.4182804822921753
          },
          {
            "X": 0.7982127070426941,
            "Y": 0.418254017829895
          },
          {
            "X": 0.7983624339103699,
            "Y": 0.4398331344127655
          },
          {
            "X": 0.7359150648117065,
            "Y": 0.43986183404922485
          }
        ]
      },
      "Id": "a90ea7b3-2468-4d07-b614-c9444b00ee70",
      "Page": 1
    },
    {
      "BlockType": "WORD",
      "Confidence": 97.51586151123047,
      "Text": "DPPEI(20)-EP",
      "TextType": "PRINTED",
      "Geometry": {
        "BoundingBox": {
          "Width": 0.1055510863661766,
          "Height": 0.02493148110806942,
          "Left": 0.19232740998268127,
          "Top": 0.49007323384284973
        },
        "Polygon": [
          {
            "X": 0.19232740998268127,
            "Y": 0.4901304244995117
          },
          {
            "X": 0.29774045944213867,
            "Y": 0.49007323384284973
          },
          {
            "X": 0.2978785037994385,
            "Y": 0.5149431228637695
          },
          {
            "X": 0.19245819747447968,
            "Y": 0.5150046944618225
          }
        ]
      },
      "Id": "8d9d87fd-8866-4869-beaa-23d90582560f",
      "Page": 1
    },
    {
      "BlockType": "WORD",
      "Confidence": 49.34364700317383,
      "Text": "48.4+3.5",
      "TextType": "PRINTED",
      "Geometry": {
        "BoundingBox": {
          "Width": 0.06328806281089783,
          "Height": 0.020436467602849007,
          "Left": 0.384807288646698,
          "Top": 0.4902649521827698
        },
        "Polygon": [
          {
            "X": 0.384807288646698,
            "Y": 0.490299254655838
          },
          {
            "X": 0.4479736387729645,
            "Y": 0.4902649521827698
          },
          {
            "X": 0.4480953514575958,
            "Y": 0.5106649994850159
          },
          {
            "X": 0.3849254548549652,
            "Y": 0.5107014179229736
          }
        ]
      },
      "Id": "f142359d-7120-41fc-9eb8-d0aeb28d92b6",
      "Page": 1
    },
    {
      "BlockType": "WORD",
      "Confidence": 75.1796875,
      "Text": "70.3+1.9",
      "TextType": "PRINTED",
      "Geometry": {
        "BoundingBox": {
          "Width": 0.06278515607118607,
          "Height": 0.020527340471744537,
          "Left": 0.5680699348449707,
          "Top": 0.4902915358543396
        },
        "Polygon": [
          {
            "X": 0.5680699348449707,
            "Y": 0.49032557010650635
          },
          {
            "X": 0.6307224631309509,
            "Y": 0.4902915358543396
          },
          {
            "X": 0.6308550834655762,
            "Y": 0.5107827186584473
          },
          {
            "X": 0.5681990385055542,
            "Y": 0.5108188986778259
          }
        ]
      },
      "Id": "848060dc-ecff-4944-93ea-49e58dc3aa4b",
      "Page": 1
    },
    {
      "BlockType": "WORD",
      "Confidence": 99.80403137207031,
      "Text": "6.1",
      "TextType": "PRINTED",
      "Geometry": {
        "BoundingBox": {
          "Width": 0.020511725917458534,
          "Height": 0.020845698192715645,
          "Left": 0.735674262046814,
          "Top": 0.4906099736690521
        },
        "Polygon": [
          {
            "X": 0.735674262046814,
            "Y": 0.49062106013298035
          },
          {
            "X": 0.7560439109802246,
            "Y": 0.4906099736690521
          },
          {
            "X": 0.7561860084533691,
            "Y": 0.5114439129829407
          },
          {
            "X": 0.735815167427063,
            "Y": 0.5114556550979614
          }
        ]
      },
      "Id": "39f8dba0-07e9-4329-9640-2c77de3808b2",
      "Page": 1
    },
    {
      "BlockType": "WORD",
      "Confidence": 99.30223083496094,
      "Text": "+",
      "TextType": "PRINTED",
      "Geometry": {
        "BoundingBox": {
          "Width": 0.01278941985219717,
          "Height": 0.019027145579457283,
          "Left": 0.7603998780250549,
          "Top": 0.490433931350708
        },
        "Polygon": [
          {
            "X": 0.7603998780250549,
            "Y": 0.4904407858848572
          },
          {
            "X": 0.7730587124824524,
            "Y": 0.490433931350708
          },
          {
            "X": 0.7731893062591553,
            "Y": 0.5094537734985352
          },
          {
            "X": 0.7605298161506653,
            "Y": 0.5094610452651978
          }
        ]
      },
      "Id": "5a1e90df-8be3-4b77-a97a-3d300052b7c8",
      "Page": 1
    },
    {
      "BlockType": "WORD",
      "Confidence": 99.92130279541016,
      "Text": "0.2",
      "TextType": "PRINTED",
      "Geometry": {
        "BoundingBox": {
          "Width": 0.02413327433168888,
          "Height": 0.020380521193146706,
          "Left": 0.7739136219024658,
          "Top": 0.4907219707965851
        },
        "Polygon": [
          {
            "X": 0.7739136219024658,
            "Y": 0.4907350242137909
          },
          {
            "X": 0.7979056239128113,
            "Y": 0.4907219707965851
          },
          {
            "X": 0.798046886920929,
            "Y": 0.5110886096954346
          },
          {
            "X": 0.7740535140037537,
            "Y": 0.5111024975776672
          }
        ]
      },
      "Id": "8406eabc-6e9d-485e-a744-2bf0f4d471d5",
      "Page": 1
    },
    {
      "BlockType": "WORD",
      "Confidence": 97.24909210205078,
      "Text": "DPPEI(25)-EP",
      "TextType": "PRINTED",
      "Geometry": {
        "BoundingBox": {
          "Width": 0.1057620719075203,
          "Height": 0.024441763758659363,
          "Left": 0.19230473041534424,
          "Top": 0.562095046043396
        },
        "Polygon": [
          {
            "X": 0.19230473041534424,
            "Y": 0.5621650218963623
          },
          {
            "X": 0.29793158173561096,
            "Y": 0.562095046043396
          },
          {
            "X": 0.2980668246746063,
            "Y": 0.5864625573158264
          },
          {
            "X": 0.19243286550045013,
            "Y": 0.5865368247032166
          }
        ]
      },
      "Id": "f3a0b0cb-335e-4242-8e66-5e5e4956c5ca",
      "Page": 1
    },
    {
      "BlockType": "WORD",
      "Confidence": 72.9319839477539,
      "Text": "51.4+3.5",
      "TextType": "PRINTED",
      "Geometry": {
        "BoundingBox": {
          "Width": 0.06263314932584763,
          "Height": 0.020358582958579063,
          "Left": 0.3853868842124939,
          "Top": 0.5621315240859985
        },
        "Polygon": [
          {
            "X": 0.3853868842124939,
            "Y": 0.5621729493141174
          },
          {
            "X": 0.44789883494377136,
            "Y": 0.5621315240859985
          },
          {
            "X": 0.44802001118659973,
            "Y": 0.5824465751647949
          },
          {
            "X": 0.3855045437812805,
            "Y": 0.582490086555481
          }
        ]
      },
      "Id": "118ba7ba-3c3e-4589-b587-981a3f8a055d",
      "Page": 1
    },
    {
      "BlockType": "WORD",
      "Confidence": 91.425048828125,
      "Text": "82.3+2.3",
      "TextType": "PRINTED",
      "Geometry": {
        "BoundingBox": {
          "Width": 0.06198083981871605,
          "Height": 0.020368525758385658,
          "Left": 0.5683334469795227,
          "Top": 0.5620311498641968
        },
        "Polygon": [
          {
            "X": 0.5683334469795227,
            "Y": 0.5620720982551575
          },
          {
            "X": 0.6301828026771545,
            "Y": 0.5620311498641968
          },
          {
            "X": 0.630314290523529,
            "Y": 0.5823565721511841
          },
          {
            "X": 0.5684614777565002,
            "Y": 0.5823996663093567
          }
        ]
      },
      "Id": "29fc3ced-75b2-4342-a547-2c9b6f7ef2a0",
      "Page": 1
    },
    {
      "BlockType": "WORD",
      "Confidence": 99.87985229492188,
      "Text": "6.9",
      "TextType": "PRINTED",
      "Geometry": {
        "BoundingBox": {
          "Width": 0.02242770418524742,
          "Height": 0.02131054177880287,
          "Left": 0.7355268001556396,
          "Top": 0.5623970627784729
        },
        "Polygon": [
          {
            "X": 0.7355268001556396,
            "Y": 0.5624118447303772
          },
          {
            "X": 0.7578092217445374,
            "Y": 0.5623970627784729
          },
          {
            "X": 0.757954478263855,
            "Y": 0.5836920738220215
          },
          {
            "X": 0.735670804977417,
            "Y": 0.5837076306343079
          }
        ]
      },
      "Id": "75a028fd-b4c6-4dbf-8b6a-870851423c33",
      "Page": 1
    },
    {
      "BlockType": "WORD",
      "Confidence": 99.41838073730469,
      "Text": "+",
      "TextType": "PRINTED",
      "Geometry": {
        "BoundingBox": {
          "Width": 0.01263364963233471,
          "Height": 0.01819913275539875,
          "Left": 0.760653018951416,
          "Top": 0.5620484352111816
        },
        "Polygon": [
          {
            "X": 0.760653018951416,
            "Y": 0.5620567202568054
          },
          {
            "X": 0.773161768913269,
            "Y": 0.5620484352111816
          },
          {
            "X": 0.7732867002487183,
            "Y": 0.5802388787269592
          },
          {
            "X": 0.7607772946357727,
            "Y": 0.5802475810050964
          }
        ]
      },
      "Id": "5d9958ec-05ff-4863-8e7d-a438c7a36156",
      "Page": 1
    },
    {
      "BlockType": "WORD",
      "Confidence": 99.94617462158203,
      "Text": "0.3",
      "TextType": "PRINTED",
      "Geometry": {
        "BoundingBox": {
          "Width": 0.02145196869969368,
          "Height": 0.020041057839989662,
          "Left": 0.7758065462112427,
          "Top": 0.5629484057426453
        },
        "Polygon": [
          {
            "X": 0.7758065462112427,
            "Y": 0.562962532043457
          },
          {
            "X": 0.797119677066803,
            "Y": 0.5629484057426453
          },
          {
            "X": 0.7972585558891296,
            "Y": 0.5829745531082153
          },
          {
            "X": 0.7759442329406738,
            "Y": 0.5829894542694092
          }
        ]
      },
      "Id": "e1325a93-014a-4385-86a0-4488ee3d9050",
      "Page": 1
    },
    {
      "BlockType": "WORD",
      "Confidence": 94.62945556640625,
      "Text": "DPPEI(30)-EP",
      "TextType": "PRINTED",
      "Geometry": {
        "BoundingBox": {
          "Width": 0.10459976643323898,
          "Height": 0.02477746084332466,
          "Left": 0.19268898665905,
          "Top": 0.6338179707527161
        },
        "Polygon": [
          {
            "X": 0.19268898665905,
            "Y": 0.6338996291160583
          },
          {
            "X": 0.2971518039703369,
            "Y": 0.6338179707527161
          },
          {
            "X": 0.2972887456417084,
            "Y": 0.6585094928741455
          },
          {
            "X": 0.19281882047653198,
            "Y": 0.6585954427719116
          }
        ]
      },
      "Id": "34532268-3b12-4d82-9b13-005833116b18",
      "Page": 1
    },
    {
      "BlockType": "WORD",
      "Confidence": 79.90375518798828,
      "Text": "51.5+1.7",
      "TextType": "PRINTED",
      "Geometry": {
        "BoundingBox": {
          "Width": 0.06299231946468353,
          "Height": 0.02050291933119297,
          "Left": 0.38535380363464355,
          "Top": 0.6341385841369629
        },
        "Polygon": [
          {
            "X": 0.38535380363464355,
            "Y": 0.6341878175735474
          },
          {
            "X": 0.44822412729263306,
            "Y": 0.6341385841369629
          },
          {
            "X": 0.4483461081981659,
            "Y": 0.6545901894569397
          },
          {
            "X": 0.38547223806381226,
            "Y": 0.6546415090560913
          }
        ]
      },
      "Id": "86128375-583b-414f-9678-c96eabde8dc4",
      "Page": 1
    },
    {
      "BlockType": "WORD",
      "Confidence": 83.19263458251953,
      "Text": "88.9+2.4",
      "TextType": "PRINTED",
      "Geometry": {
        "BoundingBox": {
          "Width": 0.06300274282693863,
          "Height": 0.020795324817299843,
          "Left": 0.5683786869049072,
          "Top": 0.6339507102966309
        },
        "Polygon": [
          {
            "X": 0.5683786869049072,
            "Y": 0.6339998841285706
          },
          {
            "X": 0.6312471628189087,
            "Y": 0.6339507102966309
          },
          {
            "X": 0.6313814520835876,
            "Y": 0.654694676399231
          },
          {
            "X": 0.5685093402862549,
            "Y": 0.6547460556030273
          }
        ]
      },
      "Id": "f8a19877-9ae5-4db8-b062-6b24e74a3191",
      "Page": 1
    },
    {
      "BlockType": "WORD",
      "Confidence": 36.74329376220703,
      "Text": "7.4+0.5",
      "TextType": "PRINTED",
      "Geometry": {
        "BoundingBox": {
          "Width": 0.05360405892133713,
          "Height": 0.019780291244387627,
          "Left": 0.7400272488594055,
          "Top": 0.634290874004364
        },
        "Polygon": [
          {
            "X": 0.7400272488594055,
            "Y": 0.6343327164649963
          },
          {
            "X": 0.793494701385498,
            "Y": 0.634290874004364
          },
          {
            "X": 0.7936313152313232,
            "Y": 0.65402752161026
          },
          {
            "X": 0.7401609420776367,
            "Y": 0.6540711522102356
          }
        ]
      },
      "Id": "a3d31e30-e4d0-46db-912c-a49fc4f34013",
      "Page": 1
    },
    {
      "BlockType": "WORD",
      "Confidence": 96.59957885742188,
      "Text": "DPPEI(35)-EP",
      "TextType": "PRINTED",
      "Geometry": {
        "BoundingBox": {
          "Width": 0.10569855570793152,
          "Height": 0.02508976124227047,
          "Left": 0.19227319955825806,
          "Top": 0.7049045562744141
        },
        "Polygon": [
          {
            "X": 0.19227319955825806,
            "Y": 0.704999566078186
          },
          {
            "X": 0.297833114862442,
            "Y": 0.7049045562744141
          },
          {
            "X": 0.2979717552661896,
            "Y": 0.7298949360847473
          },
          {
            "X": 0.19240455329418182,
            "Y": 0.7299943566322327
          }
        ]
      },
      "Id": "4feacf27-34ee-4d06-a728-d55a12dd6be2",
      "Page": 1
    },
    {
      "BlockType": "WORD",
      "Confidence": 75.52837371826172,
      "Text": "53.4+3.7",
      "TextType": "PRINTED",
      "Geometry": {
        "BoundingBox": {
          "Width": 0.06327441334724426,
          "Height": 0.02066018246114254,
          "Left": 0.38535672426223755,
          "Top": 0.7050507068634033
        },
        "Polygon": [
          {
            "X": 0.38535672426223755,
            "Y": 0.705107569694519
          },
          {
            "X": 0.44850826263427734,
            "Y": 0.7050507068634033
          },
          {
            "X": 0.4486311376094818,
            "Y": 0.7256518602371216
          },
          {
            "X": 0.3854759931564331,
            "Y": 0.7257108688354492
          }
        ]
      },
      "Id": "45804917-1efe-4736-a58e-897ad260c652",
      "Page": 1
    },
    {
      "BlockType": "WORD",
      "Confidence": 84.1388931274414,
      "Text": "84.6+4.5",
      "TextType": "PRINTED",
      "Geometry": {
        "BoundingBox": {
          "Width": 0.06214812770485878,
          "Height": 0.020884595811367035,
          "Left": 0.5684908032417297,
          "Top": 0.7048346996307373
        },
        "Polygon": [
          {
            "X": 0.5684908032417297,
            "Y": 0.7048905491828918
          },
          {
            "X": 0.6305042505264282,
            "Y": 0.7048346996307373
          },
          {
            "X": 0.6306389570236206,
            "Y": 0.7256613373756409
          },
          {
            "X": 0.5686219930648804,
            "Y": 0.7257193326950073
          }
        ]
      },
      "Id": "03ef9574-9695-4098-805c-d67b07cde645",
      "Page": 1
    },
    {
      "BlockType": "WORD",
      "Confidence": 44.144561767578125,
      "Text": "7.0+0.7",
      "TextType": "PRINTED",
      "Geometry": {
        "BoundingBox": {
          "Width": 0.054335836321115494,
          "Height": 0.02035409025847912,
          "Left": 0.7399289011955261,
          "Top": 0.7052001357078552
        },
        "Polygon": [
          {
            "X": 0.7399289011955261,
            "Y": 0.7052489519119263
          },
          {
            "X": 0.794124186038971,
            "Y": 0.7052001357078552
          },
          {
            "X": 0.7942647337913513,
            "Y": 0.7255035638809204
          },
          {
            "X": 0.740066409111023,
            "Y": 0.7255542278289795
          }
        ]
      },
      "Id": "9cd9f208-6edc-47f2-a39a-ecb8d5462b15",
      "Page": 1
    },
    {
      "BlockType": "TABLE",
      "Confidence": 99.365234375,
      "Geometry": {
        "BoundingBox": {
          "Width": 0.680425226688385,
          "Height": 0.5048752427101135,
          "Left": 0.16143228113651276,
          "Top": 0.24653050303459167
        },
        "Polygon": [
          {
            "X": 0.16143228113651276,
            "Y": 0.24662363529205322
          },
          {
            "X": 0.8383013606071472,
            "Y": 0.24653050303459167
          },
          {
            "X": 0.8418575525283813,
            "Y": 0.7507435083389282
          },
          {
            "X": 0.16404515504837036,
            "Y": 0.7514057755470276
          }
        ]
      },
      "Id": "7fd1d7dd-56dc-4a20-9aa7-3b4ebcbead47",
      "Relationships": [
        {
          "Type": "CHILD",
          "Ids": [
            "d4751c3f-81dc-4829-baa2-fb9bd8dc97d1",
            "dd0c901f-00c4-4524-b3de-a19fb8a03a55",
            "32b97e9b-32c2-40f8-a7ba-6b2c5e728aa3",
            "f6a4cb19-5470-4d0c-b174-b8f84ab9e5e1",
            "8f405b11-5627-4839-a1a9-298336d47d5a",
            "19ae432c-1acf-4a2a-a1b1-222bd199ddc9",
            "3afe640a-065b-4938-a61a-349d414e9ead",
            "717b20ed-1ffa-4b12-8453-c81675a6d8e3",
            "b5871d28-08f6-4b57-bd8d-f730f3c9f264",
            "48b6eca9-20b6-40ad-a571-cba26984f0cc",
            "682ee264-b2f4-46d9-80fa-c6b6e319b1fc",
            "4da2cbea-0590-4cd4-a8a4-60d87e8823de",
            "e5f8b773-b73b-4050-b70a-b8207c00ef7c",
            "642303c6-f064-4041-acf2-8ad244779280",
            "d225c754-25db-4812-af79-55faaec5a994",
            "65ac5c63-c3ec-4ac5-91f5-aeb42a6e7e15",
            "5c949b76-afe7-4a3a-bd09-36a29b6d2bd0",
            "f4f88d4f-c106-45cb-b8fc-a5d90661bf49",
            "4b22cef1-29b2-41cb-9e70-2e05d9bca516",
            "1477b83d-9528-498a-9f26-c6b092b0a021",
            "999f2a58-11e3-4f89-97cd-e6998aebb6b0",
            "5c396ad0-f459-4cb4-ba51-15aa8fbab5fe",
            "a8dc88d6-bc1a-48de-a637-f31ac439dd90",
            "ee7134de-dfc3-4a25-b141-d19e93cd8b6f"
          ]
        }
      ],
      "EntityTypes": [
        "STRUCTURED_TABLE"
      ],
      "Page": 1
    },
    {
      "BlockType": "CELL",
      "Confidence": 43.9453125,
      "RowIndex": 1,
      "ColumnIndex": 1,
      "RowSpan": 1,
      "ColumnSpan": 1,
      "Geometry": {
        "BoundingBox": {
          "Width": 0.17206552624702454,
          "Height": 0.14597859978675842,
          "Left": 0.16143228113651276,
          "Top": 0.24660007655620575
        },
        "Polygon": [
          {
            "X": 0.16143228113651276,
            "Y": 0.24662363529205322
          },
          {
            "X": 0.33267325162887573,
            "Y": 0.24660007655620575
          },
          {
            "X": 0.3334978222846985,
            "Y": 0.3925135135650635
          },
          {
            "X": 0.16218778491020203,
            "Y": 0.392578661441803
          }
        ]
      },
      "Id": "d4751c3f-81dc-4829-baa2-fb9bd8dc97d1",
      "Relationships": [
        {
          "Type": "CHILD",
          "Ids": [
            "6bb1771b-1228-4d35-a474-b6eb021098c5"
          ]
        }
      ],
      "EntityTypes": [
        "COLUMN_HEADER"
      ],
      "Page": 1
    },
    {
      "BlockType": "CELL",
      "Confidence": 43.7744140625,
      "RowIndex": 1,
      "ColumnIndex": 2,
      "RowSpan": 1,
      "ColumnSpan": 1,
      "Geometry": {
        "BoundingBox": {
          "Width": 0.17515484988689423,
          "Height": 0.14593742787837982,
          "Left": 0.33267325162887573,
          "Top": 0.24657610058784485
        },
        "Polygon": [
          {
            "X": 0.33267325162887573,
            "Y": 0.24660007655620575
          },
          {
            "X": 0.506933331489563,
            "Y": 0.24657610058784485
          },
          {
            "X": 0.5078281164169312,
            "Y": 0.39244723320007324
          },
          {
            "X": 0.3334978222846985,
            "Y": 0.3925135135650635
          }
        ]
      },
      "Id": "dd0c901f-00c4-4524-b3de-a19fb8a03a55",
      "Relationships": [
        {
          "Type": "CHILD",
          "Ids": [
            "a8bad9c5-f126-4e8f-aaee-6a84cba1a157",
            "34c8518c-2aeb-4581-a9f6-39331e071e82",
            "9f4e7e6f-19af-4725-b4c8-9ae800bdd0f1"
          ]
        }
      ],
      "EntityTypes": [
        "COLUMN_HEADER"
      ],
      "Page": 1
    },
    {
      "BlockType": "CELL",
      "Confidence": 43.84765625,
      "RowIndex": 1,
      "ColumnIndex": 3,
      "RowSpan": 1,
      "ColumnSpan": 1,
      "Geometry": {
        "BoundingBox": {
          "Width": 0.17991788685321808,
          "Height": 0.14589574933052063,
          "Left": 0.506933331489563,
          "Top": 0.24655146896839142
        },
        "Polygon": [
          {
            "X": 0.506933331489563,
            "Y": 0.24657610058784485
          },
          {
            "X": 0.6858842968940735,
            "Y": 0.24655146896839142
          },
          {
            "X": 0.6868512034416199,
            "Y": 0.39237913489341736
          },
          {
            "X": 0.5078281164169312,
            "Y": 0.39244723320007324
          }
        ]
      },
      "Id": "32b97e9b-32c2-40f8-a7ba-6b2c5e728aa3",
      "Relationships": [
        {
          "Type": "CHILD",
          "Ids": [
            "d3e3d550-8149-4af8-a490-7e34b01b67d2",
            "67a45b6a-ca4e-4f4e-95fc-24501fe5ef2b",
            "308892e5-60a8-4e4d-be57-b61b5b51240a"
          ]
        }
      ],
      "EntityTypes": [
        "COLUMN_HEADER"
      ],
      "Page": 1
    },
    {
      "BlockType": "CELL",
      "Confidence": 43.310546875,
      "RowIndex": 1,
      "ColumnIndex": 4,
      "RowSpan": 1,
      "ColumnSpan": 1,
      "Geometry": {
        "BoundingBox": {
          "Width": 0.153445303440094,
          "Height": 0.14584863185882568,
          "Left": 0.6858842968940735,
          "Top": 0.24653050303459167
        },
        "Polygon": [
          {
            "X": 0.6858842968940735,
            "Y": 0.24655146896839142
          },
          {
            "X": 0.8383013606071472,
            "Y": 0.24653050303459167
          },
          {
            "X": 0.8393296003341675,
            "Y": 0.3923211395740509
          },
          {
            "X": 0.6868512034416199,
            "Y": 0.39237913489341736
          }
        ]
      },
      "Id": "f6a4cb19-5470-4d0c-b174-b8f84ab9e5e1",
      "Relationships": [
        {
          "Type": "CHILD",
          "Ids": [
            "fb173808-4528-4faa-882b-2e6e2c58cc41",
            "cd7af0a4-d7aa-469d-ab87-0e3c25aeed3c",
            "b31f962c-0b28-4a93-a131-1d3d28fa21f2"
          ]
        }
      ],
      "EntityTypes": [
        "COLUMN_HEADER"
      ],
      "Page": 1
    },
    {
      "BlockType": "CELL",
      "Confidence": 91.455078125,
      "RowIndex": 2,
      "ColumnIndex": 1,
      "RowSpan": 1,
      "ColumnSpan": 1,
      "Geometry": {
        "BoundingBox": {
          "Width": 0.17171204090118408,
          "Height": 0.07122640311717987,
          "Left": 0.16218778491020203,
          "Top": 0.3925135135650635
        },
        "Polygon": [
          {
            "X": 0.16218778491020203,
            "Y": 0.392578661441803
          },
          {
            "X": 0.3334978222846985,
            "Y": 0.3925135135650635
          },
          {
            "X": 0.3338998258113861,
            "Y": 0.463654488325119
          },
          {
            "X": 0.16255612671375275,
            "Y": 0.46373993158340454
          }
        ]
      },
      "Id": "8f405b11-5627-4839-a1a9-298336d47d5a",
      "Relationships": [
        {
          "Type": "CHILD",
          "Ids": [
            "e45aed68-7750-400d-a91c-7c520eb40d6d"
          ]
        }
      ],
      "Page": 1
    },
    {
      "BlockType": "CELL",
      "Confidence": 91.064453125,
      "RowIndex": 2,
      "ColumnIndex": 2,
      "RowSpan": 1,
      "ColumnSpan": 1,
      "Geometry": {
        "BoundingBox": {
          "Width": 0.17476655542850494,
          "Height": 0.07120726257562637,
          "Left": 0.3334978222846985,
          "Top": 0.39244723320007324
        },
        "Polygon": [
          {
            "X": 0.3334978222846985,
            "Y": 0.3925135135650635
          },
          {
            "X": 0.5078281164169312,
            "Y": 0.39244723320007324
          },
          {
            "X": 0.5082643628120422,
            "Y": 0.4635675251483917
          },
          {
            "X": 0.3338998258113861,
            "Y": 0.463654488325119
          }
        ]
      },
      "Id": "19ae432c-1acf-4a2a-a1b1-222bd199ddc9",
      "Relationships": [
        {
          "Type": "CHILD",
          "Ids": [
            "de5add1f-e237-46bb-b3d9-5ebbe0e6c25c"
          ]
        }
      ],
      "Page": 1
    },
    {
      "BlockType": "CELL",
      "Confidence": 91.2109375,
      "RowIndex": 2,
      "ColumnIndex": 3,
      "RowSpan": 1,
      "ColumnSpan": 1,
      "Geometry": {
        "BoundingBox": {
          "Width": 0.17949450016021729,
          "Height": 0.07118839770555496,
          "Left": 0.5078281164169312,
          "Top": 0.39237913489341736
        },
        "Polygon": [
          {
            "X": 0.5078281164169312,
            "Y": 0.39244723320007324
          },
          {
            "X": 0.6868512034416199,
            "Y": 0.39237913489341736
          },
          {
            "X": 0.6873226165771484,
            "Y": 0.4634782373905182
          },
          {
            "X": 0.5082643628120422,
            "Y": 0.4635675251483917
          }
        ]
      },
      "Id": "3afe640a-065b-4938-a61a-349d414e9ead",
      "Relationships": [
        {
          "Type": "CHILD",
          "Ids": [
            "768d3142-eb2e-40cd-9278-bb4267f24c69"
          ]
        }
      ],
      "Page": 1
    },
    {
      "BlockType": "CELL",
      "Confidence": 90.087890625,
      "RowIndex": 2,
      "ColumnIndex": 4,
      "RowSpan": 1,
      "ColumnSpan": 1,
      "Geometry": {
        "BoundingBox": {
          "Width": 0.1529797613620758,
          "Height": 0.07115709781646729,
          "Left": 0.6868512034416199,
          "Top": 0.3923211395740509
        },
        "Polygon": [
          {
            "X": 0.6868512034416199,
            "Y": 0.39237913489341736
          },
          {
            "X": 0.8393296003341675,
            "Y": 0.3923211395740509
          },
          {
            "X": 0.8398309350013733,
            "Y": 0.4634021818637848
          },
          {
            "X": 0.6873226165771484,
            "Y": 0.4634782373905182
          }
        ]
      },
      "Id": "717b20ed-1ffa-4b12-8453-c81675a6d8e3",
      "Relationships": [
        {
          "Type": "CHILD",
          "Ids": [
            "a90ea7b3-2468-4d07-b614-c9444b00ee70"
          ]
        }
      ],
      "Page": 1
    },
    {
      "BlockType": "CELL",
      "Confidence": 90.771484375,
      "RowIndex": 3,
      "ColumnIndex": 1,
      "RowSpan": 1,
      "ColumnSpan": 1,
      "Geometry": {
        "BoundingBox": {
          "Width": 0.17175523936748505,
          "Height": 0.07293066382408142,
          "Left": 0.16255612671375275,
          "Top": 0.463654488325119
        },
        "Polygon": [
          {
            "X": 0.16255612671375275,
            "Y": 0.46373993158340454
          },
          {
            "X": 0.3338998258113861,
            "Y": 0.463654488325119
          },
          {
            "X": 0.3343113660812378,
            "Y": 0.5364789366722107
          },
          {
            "X": 0.16293320059776306,
            "Y": 0.5365851521492004
          }
        ]
      },
      "Id": "b5871d28-08f6-4b57-bd8d-f730f3c9f264",
      "Relationships": [
        {
          "Type": "CHILD",
          "Ids": [
            "8d9d87fd-8866-4869-beaa-23d90582560f"
          ]
        }
      ],
      "Page": 1
    },
    {
      "BlockType": "CELL",
      "Confidence": 90.4296875,
      "RowIndex": 3,
      "ColumnIndex": 2,
      "RowSpan": 1,
      "ColumnSpan": 1,
      "Geometry": {
        "BoundingBox": {
          "Width": 0.17481112480163574,
          "Height": 0.07291139662265778,
          "Left": 0.3338998258113861,
          "Top": 0.4635675251483917
        },
        "Polygon": [
          {
            "X": 0.3338998258113861,
            "Y": 0.463654488325119
          },
          {
            "X": 0.5082643628120422,
            "Y": 0.4635675251483917
          },
          {
            "X": 0.5087109804153442,
            "Y": 0.5363708138465881
          },
          {
            "X": 0.3343113660812378,
            "Y": 0.5364789366722107
          }
        ]
      },
      "Id": "48b6eca9-20b6-40ad-a571-cba26984f0cc",
      "Relationships": [
        {
          "Type": "CHILD",
          "Ids": [
            "f142359d-7120-41fc-9eb8-d0aeb28d92b6"
          ]
        }
      ],
      "Page": 1
    },
    {
      "BlockType": "CELL",
      "Confidence": 90.52734375,
      "RowIndex": 3,
      "ColumnIndex": 3,
      "RowSpan": 1,
      "ColumnSpan": 1,
      "Geometry": {
        "BoundingBox": {
          "Width": 0.17954079806804657,
          "Height": 0.07289259135723114,
          "Left": 0.5082643628120422,
          "Top": 0.4634782373905182
        },
        "Polygon": [
          {
            "X": 0.5082643628120422,
            "Y": 0.4635675251483917
          },
          {
            "X": 0.6873226165771484,
            "Y": 0.4634782373905182
          },
          {
            "X": 0.68780517578125,
            "Y": 0.5362598299980164
          },
          {
            "X": 0.5087109804153442,
            "Y": 0.5363708138465881
          }
        ]
      },
      "Id": "682ee264-b2f4-46d9-80fa-c6b6e319b1fc",
      "Relationships": [
        {
          "Type": "CHILD",
          "Ids": [
            "848060dc-ecff-4944-93ea-49e58dc3aa4b"
          ]
        }
      ],
      "Page": 1
    },
    {
      "BlockType": "CELL",
      "Confidence": 89.453125,
      "RowIndex": 3,
      "ColumnIndex": 4,
      "RowSpan": 1,
      "ColumnSpan": 1,
      "Geometry": {
        "BoundingBox": {
          "Width": 0.15302152931690216,
          "Height": 0.07285764068365097,
          "Left": 0.6873226165771484,
          "Top": 0.4634021818637848
        },
        "Polygon": [
          {
            "X": 0.6873226165771484,
            "Y": 0.4634782373905182
          },
          {
            "X": 0.8398309350013733,
            "Y": 0.4634021818637848
          },
          {
            "X": 0.8403441309928894,
            "Y": 0.5361652970314026
          },
          {
            "X": 0.68780517578125,
            "Y": 0.5362598299980164
          }
        ]
      },
      "Id": "4da2cbea-0590-4cd4-a8a4-60d87e8823de",
      "Relationships": [
        {
          "Type": "CHILD",
          "Ids": [
            "39f8dba0-07e9-4329-9640-2c77de3808b2",
            "5a1e90df-8be3-4b77-a97a-3d300052b7c8",
            "8406eabc-6e9d-485e-a744-2bf0f4d471d5"
          ]
        }
      ],
      "Page": 1
    },
    {
      "BlockType": "CELL",
      "Confidence": 90.087890625,
      "RowIndex": 4,
      "ColumnIndex": 1,
      "RowSpan": 1,
      "ColumnSpan": 1,
      "Geometry": {
        "BoundingBox": {
          "Width": 0.17178986966609955,
          "Height": 0.0729808583855629,
          "Left": 0.16293320059776306,
          "Top": 0.5364789366722107
        },
        "Polygon": [
          {
            "X": 0.16293320059776306,
            "Y": 0.5365851521492004
          },
          {
            "X": 0.3343113660812378,
            "Y": 0.5364789366722107
          },
          {
            "X": 0.3347230553627014,
            "Y": 0.6093327403068542
          },
          {
            "X": 0.16331040859222412,
            "Y": 0.6094597578048706
          }
        ]
      },
      "Id": "e5f8b773-b73b-4050-b70a-b8207c00ef7c",
      "Relationships": [
        {
          "Type": "CHILD",
          "Ids": [
            "f3a0b0cb-335e-4242-8e66-5e5e4956c5ca"
          ]
        }
      ],
      "Page": 1
    },
    {
      "BlockType": "CELL",
      "Confidence": 89.697265625,
      "RowIndex": 4,
      "ColumnIndex": 2,
      "RowSpan": 1,
      "ColumnSpan": 1,
      "Geometry": {
        "BoundingBox": {
          "Width": 0.1748463660478592,
          "Height": 0.07296193391084671,
          "Left": 0.3343113660812378,
          "Top": 0.5363708138465881
        },
        "Polygon": [
          {
            "X": 0.3343113660812378,
            "Y": 0.5364789366722107
          },
          {
            "X": 0.5087109804153442,
            "Y": 0.5363708138465881
          },
          {
            "X": 0.5091577172279358,
            "Y": 0.6092035174369812
          },
          {
            "X": 0.3347230553627014,
            "Y": 0.6093327403068542
          }
        ]
      },
      "Id": "642303c6-f064-4041-acf2-8ad244779280",
      "Relationships": [
        {
          "Type": "CHILD",
          "Ids": [
            "118ba7ba-3c3e-4589-b587-981a3f8a055d"
          ]
        }
      ],
      "Page": 1
    },
    {
      "BlockType": "CELL",
      "Confidence": 89.84375,
      "RowIndex": 4,
      "ColumnIndex": 3,
      "RowSpan": 1,
      "ColumnSpan": 1,
      "Geometry": {
        "BoundingBox": {
          "Width": 0.17957696318626404,
          "Height": 0.07294367998838425,
          "Left": 0.5087109804153442,
          "Top": 0.5362598299980164
        },
        "Polygon": [
          {
            "X": 0.5087109804153442,
            "Y": 0.5363708138465881
          },
          {
            "X": 0.68780517578125,
            "Y": 0.5362598299980164
          },
          {
            "X": 0.6882879137992859,
            "Y": 0.6090707778930664
          },
          {
            "X": 0.5091577172279358,
            "Y": 0.6092035174369812
          }
        ]
      },
      "Id": "d225c754-25db-4812-af79-55faaec5a994",
      "Relationships": [
        {
          "Type": "CHILD",
          "Ids": [
            "29fc3ced-75b2-4342-a547-2c9b6f7ef2a0"
          ]
        }
      ],
      "Page": 1
    },
    {
      "BlockType": "CELL",
      "Confidence": 88.76953125,
      "RowIndex": 4,
      "ColumnIndex": 4,
      "RowSpan": 1,
      "ColumnSpan": 1,
      "Geometry": {
        "BoundingBox": {
          "Width": 0.15305237472057343,
          "Height": 0.07290549576282501,
          "Left": 0.68780517578125,
          "Top": 0.5361652970314026
        },
        "Polygon": [
          {
            "X": 0.68780517578125,
            "Y": 0.5362598299980164
          },
          {
            "X": 0.8403441309928894,
            "Y": 0.5361652970314026
          },
          {
            "X": 0.8408575654029846,
            "Y": 0.6089577078819275
          },
          {
            "X": 0.6882879137992859,
            "Y": 0.6090707778930664
          }
        ]
      },
      "Id": "65ac5c63-c3ec-4ac5-91f5-aeb42a6e7e15",
      "Relationships": [
        {
          "Type": "CHILD",
          "Ids": [
            "75a028fd-b4c6-4dbf-8b6a-870851423c33",
            "5d9958ec-05ff-4863-8e7d-a438c7a36156",
            "e1325a93-014a-4385-86a0-4488ee3d9050"
          ]
        }
      ],
      "Page": 1
    },
    {
      "BlockType": "CELL",
      "Confidence": 89.501953125,
      "RowIndex": 5,
      "ColumnIndex": 1,
      "RowSpan": 1,
      "ColumnSpan": 1,
      "Geometry": {
        "BoundingBox": {
          "Width": 0.1718151569366455,
          "Height": 0.0713738426566124,
          "Left": 0.16331040859222412,
          "Top": 0.6093327403068542
        },
        "Polygon": [
          {
            "X": 0.16331040859222412,
            "Y": 0.6094597578048706
          },
          {
            "X": 0.3347230553627014,
            "Y": 0.6093327403068542
          },
          {
            "X": 0.33512556552886963,
            "Y": 0.6805592775344849
          },
          {
            "X": 0.16367919743061066,
            "Y": 0.6807066202163696
          }
        ]
      },
      "Id": "5c949b76-afe7-4a3a-bd09-36a29b6d2bd0",
      "Relationships": [
        {
          "Type": "CHILD",
          "Ids": [
            "34532268-3b12-4d82-9b13-005833116b18"
          ]
        }
      ],
      "Page": 1
    },
    {
      "BlockType": "CELL",
      "Confidence": 89.16015625,
      "RowIndex": 5,
      "ColumnIndex": 2,
      "RowSpan": 1,
      "ColumnSpan": 1,
      "Geometry": {
        "BoundingBox": {
          "Width": 0.17487144470214844,
          "Height": 0.07135574519634247,
          "Left": 0.3347230553627014,
          "Top": 0.6092035174369812
        },
        "Polygon": [
          {
            "X": 0.3347230553627014,
            "Y": 0.6093327403068542
          },
          {
            "X": 0.5091577172279358,
            "Y": 0.6092035174369812
          },
          {
            "X": 0.5095945000648499,
            "Y": 0.68040931224823
          },
          {
            "X": 0.33512556552886963,
            "Y": 0.6805592775344849
          }
        ]
      },
      "Id": "f4f88d4f-c106-45cb-b8fc-a5d90661bf49",
      "Relationships": [
        {
          "Type": "CHILD",
          "Ids": [
            "86128375-583b-414f-9678-c96eabde8dc4"
          ]
        }
      ],
      "Page": 1
    },
    {
      "BlockType": "CELL",
      "Confidence": 89.2578125,
      "RowIndex": 5,
      "ColumnIndex": 3,
      "RowSpan": 1,
      "ColumnSpan": 1,
      "Geometry": {
        "BoundingBox": {
          "Width": 0.17960217595100403,
          "Height": 0.07133852690458298,
          "Left": 0.5091577172279358,
          "Top": 0.6090707778930664
        },
        "Polygon": [
          {
            "X": 0.5091577172279358,
            "Y": 0.6092035174369812
          },
          {
            "X": 0.6882879137992859,
            "Y": 0.6090707778930664
          },
          {
            "X": 0.6887599229812622,
            "Y": 0.6802552938461304
          },
          {
            "X": 0.5095945000648499,
            "Y": 0.68040931224823
          }
        ]
      },
      "Id": "4b22cef1-29b2-41cb-9e70-2e05d9bca516",
      "Relationships": [
        {
          "Type": "CHILD",
          "Ids": [
            "f8a19877-9ae5-4db8-b062-6b24e74a3191"
          ]
        }
      ],
      "Page": 1
    },
    {
      "BlockType": "CELL",
      "Confidence": 88.18359375,
      "RowIndex": 5,
      "ColumnIndex": 4,
      "RowSpan": 1,
      "ColumnSpan": 1,
      "Geometry": {
        "BoundingBox": {
          "Width": 0.1530715376138687,
          "Height": 0.07129759341478348,
          "Left": 0.6882879137992859,
          "Top": 0.6089577078819275
        },
        "Polygon": [
          {
            "X": 0.6882879137992859,
            "Y": 0.6090707778930664
          },
          {
            "X": 0.8408575654029846,
            "Y": 0.6089577078819275
          },
          {
            "X": 0.8413594961166382,
            "Y": 0.6801241636276245
          },
          {
            "X": 0.6887599229812622,
            "Y": 0.6802552938461304
          }
        ]
      },
      "Id": "1477b83d-9528-498a-9f26-c6b092b0a021",
      "Relationships": [
        {
          "Type": "CHILD",
          "Ids": [
            "a3d31e30-e4d0-46db-912c-a49fc4f34013"
          ]
        }
      ],
      "Page": 1
    },
    {
      "BlockType": "CELL",
      "Confidence": 89.208984375,
      "RowIndex": 6,
      "ColumnIndex": 1,
      "RowSpan": 1,
      "ColumnSpan": 1,
      "Geometry": {
        "BoundingBox": {
          "Width": 0.17184576392173767,
          "Height": 0.07084649056196213,
          "Left": 0.16367919743061066,
          "Top": 0.6805592775344849
        },
        "Polygon": [
          {
            "X": 0.16367919743061066,
            "Y": 0.6807066202163696
          },
          {
            "X": 0.33512556552886963,
            "Y": 0.6805592775344849
          },
          {
            "X": 0.3355249762535095,
            "Y": 0.751238226890564
          },
          {
            "X": 0.16404515504837036,
            "Y": 0.7514057755470276
          }
        ]
      },
      "Id": "999f2a58-11e3-4f89-97cd-e6998aebb6b0",
      "Relationships": [
        {
          "Type": "CHILD",
          "Ids": [
            "4feacf27-34ee-4d06-a728-d55a12dd6be2"
          ]
        }
      ],
      "Page": 1
    },
    {
      "BlockType": "CELL",
      "Confidence": 88.8671875,
      "RowIndex": 6,
      "ColumnIndex": 2,
      "RowSpan": 1,
      "ColumnSpan": 1,
      "Geometry": {
        "BoundingBox": {
          "Width": 0.17490237951278687,
          "Height": 0.07082889974117279,
          "Left": 0.33512556552886963,
          "Top": 0.68040931224823
        },
        "Polygon": [
          {
            "X": 0.33512556552886963,
            "Y": 0.6805592775344849
          },
          {
            "X": 0.5095945000648499,
            "Y": 0.68040931224823
          },
          {
            "X": 0.5100279450416565,
            "Y": 0.7510676980018616
          },
          {
            "X": 0.3355249762535095,
            "Y": 0.751238226890564
          }
        ]
      },
      "Id": "5c396ad0-f459-4cb4-ba51-15aa8fbab5fe",
      "Relationships": [
        {
          "Type": "CHILD",
          "Ids": [
            "45804917-1efe-4736-a58e-897ad260c652"
          ]
        }
      ],
      "Page": 1
    },
    {
      "BlockType": "CELL",
      "Confidence": 89.013671875,
      "RowIndex": 6,
      "ColumnIndex": 3,
      "RowSpan": 1,
      "ColumnSpan": 1,
      "Geometry": {
        "BoundingBox": {
          "Width": 0.1796337366104126,
          "Height": 0.07081238925457001,
          "Left": 0.5095945000648499,
          "Top": 0.6802552938461304
        },
        "Polygon": [
          {
            "X": 0.5095945000648499,
            "Y": 0.68040931224823
          },
          {
            "X": 0.6887599229812622,
            "Y": 0.6802552938461304
          },
          {
            "X": 0.6892282366752625,
            "Y": 0.7508926391601562
          },
          {
            "X": 0.5100279450416565,
            "Y": 0.7510676980018616
          }
        ]
      },
      "Id": "a8dc88d6-bc1a-48de-a637-f31ac439dd90",
      "Relationships": [
        {
          "Type": "CHILD",
          "Ids": [
            "03ef9574-9695-4098-805c-d67b07cde645"
          ]
        }
      ],
      "Page": 1
    },
    {
      "BlockType": "CELL",
      "Confidence": 87.890625,
      "RowIndex": 6,
      "ColumnIndex": 4,
      "RowSpan": 1,
      "ColumnSpan": 1,
      "Geometry": {
        "BoundingBox": {
          "Width": 0.15309762954711914,
          "Height": 0.07076846063137054,
          "Left": 0.6887599229812622,
          "Top": 0.6801241636276245
        },
        "Polygon": [
          {
            "X": 0.6887599229812622,
            "Y": 0.6802552938461304
          },
          {
            "X": 0.8413594961166382,
            "Y": 0.6801241636276245
          },
          {
            "X": 0.8418575525283813,
            "Y": 0.7507435083389282
          },
          {
            "X": 0.6892282366752625,
            "Y": 0.7508926391601562
          }
        ]
      },
      "Id": "ee7134de-dfc3-4a25-b141-d19e93cd8b6f",
      "Relationships": [
        {
          "Type": "CHILD",
          "Ids": [
            "9cd9f208-6edc-47f2-a39a-ecb8d5462b15"
          ]
        }
      ],
      "Page": 1
    }
  ],
  "AnalyzeDocumentModelVersion": "1.0"
}