{
  "DocumentMetadata": {
    "Pages": 1
  },
  "JobStatus": "SUCCEEDED",
  "Blocks": [
    {
      "BlockType": "PAGE",
      "Geometry": {
        "BoundingBox": {
          "Width": 0.5400522351264954,
          "Height": 0.29396650195121765,
          "Left": 0.22941212356090546,
          "Top": 0.3471178710460663
        },
        "Polygon": [
          {
            "X": 0.22941212356090546,
            "Y": 0.3472372889518738
          },
          {
            "X": 0.7661181688308716,
            "Y": 0.3471178710460663
          },
          {
            "X": 0.769464373588562,
            "Y": 0.6410843729972839
          },
          {
            "X": 0.23165208101272583,
            "Y": 0.6405460238456726
          }
        ]
      },
      "Id": "f0a9cb87-a2df-4bfb-a736-3b4e9372c3fb",
      "Relationships": [
        {
          "Type": "CHILD",
          "Ids": [
            "0bf51401-8a12-4de9-8643-6c8a7f8b1ff8",
            "85509eaa-b4c5-4677-8561-a32279857cf0",
            "02965ee2-1e27-412c-945e-06417a52b0c2",
            "6258bdfc-8d71-4011-8269-39deeca2cd32",
            "5614524c-b03e-4be8-afd2-f69fa2905ffb",
            "5afdcdbc-2cb3-44db-89cd-830000dfd7a5",
            "e7e44195-d13d-4b9f-b93b-8a2c004fa1eb",
            "c77f7398-89f1-456c-b64e-bd9de9bfc7cf",
            "6ad7a0f5-9999-4195-9920-02b2211d2acb",
            "9d0430f0-91b6-46df-8dc6-440198dd18ad",
            "a0967d5f-59ee-4475-bbf2-ef5c7a0234ee",
            "69e1c778-59e0-440a-8191-65a3ec3a7022",
            "aa684dc2-8e84-4f6b-b5e6-1a995df61e73",
            "e67fbd99-1cdc-470a-94b3-e03de18a5d50",
            "0cbc8386-db9e-4ca9-8a43-1a55aa4d744f",
            "a1c9ced3-41b3-44b8-8eda-0d13377bc44c",
            "f7bafae2-c903-4682-ab5b-4636f980a954",
            "0d3a7dc4-b6c9-4def-ae49-c87e8d2c5452",
            "b39e8e11-c34f-4c36-9b8a-a33da743ef54",
            "a8b067c6-4e0e-4482-9c37-e5278a13ca64",
            "95845869-96e7-40a9-9785-2e0fea1e9c81",
            "7e2cd6bc-8e99-4c3f-a427-92e768e34971",
            "49497370-cb53-4fad-984f-1cda074397ac",
            "c61ae2c2-eb6e-4fea-aace-313364d29e86",
            "a6ff9476-0884-4ace-ac17-639dd52009b8"
          ]
        }
      ],
      "Page": 1
    },
    {
      "BlockType": "LINE",
      "Confidence": 59.31675338745117,
      "Text": "TB (C)",
      "Geometry": {
        "BoundingBox": {
          "Width": 0.049048326909542084,
          "Height": 0.026032932102680206,
          "Left": 0.37905383110046387,
          "Top": 0.3731185495853424
        },
        "Polygon": [
          {
            "X": 0.37905383110046387,
            "Y": 0.3731241524219513
          },
          {
            "X": 0.4278673529624939,
            "Y": 0.3731185495853424
          },
          {
            "X": 0.42810216546058655,
            "Y": 0.3991512060165405
          },
          {
            "X": 0.379279762506485,
            "Y": 0.399151474237442
          }
        ]
      },
      "Id": "0bf51401-8a12-4de9-8643-6c8a7f8b1ff8",
      "Relationships": [
        {
          "Type": "CHILD",
          "Ids": [
            "3598d355-10a0-4c61-a863-24e4ea7b259e",
            "cdd085eb-59fb-4892-a25c-4d079df77f43"
          ]
        }
      ],
      "Page": 1
    },
    {
      "BlockType": "LINE",
      "Confidence": 82.67948913574219,
      "Text": "Intensity (MPa)b Width (°C)c Area (MPa.min) d",
      "Geometry": {
        "BoundingBox": {
          "Width": 0.3188709616661072,
          "Height": 0.02747402712702751,
          "Left": 0.44098761677742004,
          "Top": 0.36986953020095825
        },
        "Polygon": [
          {
            "X": 0.44098761677742004,
            "Y": 0.36991024017333984
          },
          {
            "X": 0.7595471739768982,
            "Y": 0.36986953020095825
          },
          {
            "X": 0.7598585486412048,
            "Y": 0.3973392844200134
          },
          {
            "X": 0.44123759865760803,
            "Y": 0.39734354615211487
          }
        ]
      },
      "Id": "85509eaa-b4c5-4677-8561-a32279857cf0",
      "Relationships": [
        {
          "Type": "CHILD",
          "Ids": [
            "6b61af75-07b3-4522-911e-bf0cb58b2353",
            "f6d9a798-cad8-4b00-9e39-813046777c58",
            "0282ddb8-5dca-438d-80c2-5ca8f025a71f",
            "0bb7e591-5852-4498-a288-d9dcfab5217d",
            "5ac7b41c-677e-4874-8868-37e982c13f35",
            "4169b84f-2a7a-46bf-b21e-a45d73cc574d",
            "2b45516b-9f53-4dd6-8f93-6db4e949cd5e"
          ]
        }
      ],
      "Page": 1
    },
    {
      "BlockType": "LINE",
      "Confidence": 88.79035949707031,
      "Text": "DGEBA-MHHPA",
      "Geometry": {
        "BoundingBox": {
          "Width": 0.10731285810470581,
          "Height": 0.017524434253573418,
          "Left": 0.24993760883808136,
          "Top": 0.41883817315101624
        },
        "Polygon": [
          {
            "X": 0.24993760883808136,
            "Y": 0.41883817315101624
          },
          {
            "X": 0.357101172208786,
            "Y": 0.41884633898735046
          },
          {
            "X": 0.35725048184394836,
            "Y": 0.436362624168396
          },
          {
            "X": 0.25007376074790955,
            "Y": 0.4363466203212738
          }
        ]
      },
      "Id": "02965ee2-1e27-412c-945e-06417a52b0c2",
      "Relationships": [
        {
          "Type": "CHILD",
          "Ids": [
            "8f8d3670-99f5-4aa3-b4f5-21c9bf41755c"
          ]
        }
      ],
      "Page": 1
    },
    {
      "BlockType": "LINE",
      "Confidence": 60.14458465576172,
      "Text": "-34,6",
      "Geometry": {
        "BoundingBox": {
          "Width": 0.03747077286243439,
          "Height": 0.017852602526545525,
          "Left": 0.3807954788208008,
          "Top": 0.4186260402202606
        },
        "Polygon": [
          {
            "X": 0.3807954788208008,
            "Y": 0.4186260402202606
          },
          {
            "X": 0.4181064963340759,
            "Y": 0.41862887144088745
          },
          {
            "X": 0.41826626658439636,
            "Y": 0.4364786446094513
          },
          {
            "X": 0.38095057010650635,
            "Y": 0.4364730715751648
          }
        ]
      },
      "Id": "6258bdfc-8d71-4011-8269-39deeca2cd32",
      "Relationships": [
        {
          "Type": "CHILD",
          "Ids": [
            "ca8d6896-2a1a-4069-ac23-79eb899a79cf"
          ]
        }
      ],
      "Page": 1
    },
    {
      "BlockType": "LINE",
      "Confidence": 94.83845520019531,
      "Text": "130.0",
      "Geometry": {
        "BoundingBox": {
          "Width": 0.034468211233615875,
          "Height": 0.017668668180704117,
          "Left": 0.4420476257801056,
          "Top": 0.4187525510787964
        },
        "Polygon": [
          {
            "X": 0.4420476257801056,
            "Y": 0.4187525510787964
          },
          {
            "X": 0.4763505756855011,
            "Y": 0.4187551438808441
          },
          {
            "X": 0.47651582956314087,
            "Y": 0.4364212155342102
          },
          {
            "X": 0.4422086477279663,
            "Y": 0.4364160895347595
          }
        ]
      },
      "Id": "5614524c-b03e-4be8-afd2-f69fa2905ffb",
      "Relationships": [
        {
          "Type": "CHILD",
          "Ids": [
            "4551c181-4a51-43a7-bc89-b85761fb0d81"
          ]
        }
      ],
      "Page": 1
    },
    {
      "BlockType": "LINE",
      "Confidence": 90.08788299560547,
      "Text": "93.0",
      "Geometry": {
        "BoundingBox": {
          "Width": 0.02786659635603428,
          "Height": 0.017765069380402565,
          "Left": 0.5677664875984192,
          "Top": 0.41870084404945374
        },
        "Polygon": [
          {
            "X": 0.5677664875984192,
            "Y": 0.41870084404945374
          },
          {
            "X": 0.5954521298408508,
            "Y": 0.4187029302120209
          },
          {
            "X": 0.5956330895423889,
            "Y": 0.43646591901779175
          },
          {
            "X": 0.5679439902305603,
            "Y": 0.43646177649497986
          }
        ]
      },
      "Id": "5afdcdbc-2cb3-44db-89cd-830000dfd7a5",
      "Relationships": [
        {
          "Type": "CHILD",
          "Ids": [
            "b2289dd7-36c3-411c-ba90-7aac7f343ad5"
          ]
        }
      ],
      "Page": 1
    },
    {
      "BlockType": "LINE",
      "Confidence": 96.20995330810547,
      "Text": "622.1",
      "Geometry": {
        "BoundingBox": {
          "Width": 0.03425152227282524,
          "Height": 0.01769796945154667,
          "Left": 0.6476145386695862,
          "Top": 0.41864052414894104
        },
        "Polygon": [
          {
            "X": 0.6476145386695862,
            "Y": 0.41864052414894104
          },
          {
            "X": 0.681675136089325,
            "Y": 0.4186430871486664
          },
          {
            "X": 0.6818660497665405,
            "Y": 0.43633848428726196
          },
          {
            "X": 0.6478012204170227,
            "Y": 0.43633341789245605
          }
        ]
      },
      "Id": "e7e44195-d13d-4b9f-b93b-8a2c004fa1eb",
      "Relationships": [
        {
          "Type": "CHILD",
          "Ids": [
            "73e19265-2671-4cfd-a022-aba6e681ea33"
          ]
        }
      ],
      "Page": 1
    },
    {
      "BlockType": "LINE",
      "Confidence": 75.32317352294922,
      "Text": "DGEBA-PMSE-0.2",
      "Geometry": {
        "BoundingBox": {
          "Width": 0.11859853565692902,
          "Height": 0.017970304936170578,
          "Left": 0.2479647845029831,
          "Top": 0.4476524591445923
        },
        "Polygon": [
          {
            "X": 0.2479647845029831,
            "Y": 0.4476524591445923
          },
          {
            "X": 0.36640921235084534,
            "Y": 0.4476757049560547
          },
          {
            "X": 0.3665633201599121,
            "Y": 0.46562275290489197
          },
          {
            "X": 0.2481040060520172,
            "Y": 0.46559062600135803
          }
        ]
      },
      "Id": "c77f7398-89f1-456c-b64e-bd9de9bfc7cf",
      "Relationships": [
        {
          "Type": "CHILD",
          "Ids": [
            "26a3956d-7645-4f12-a28d-50113d59e6a6"
          ]
        }
      ],
      "Page": 1
    },
    {
      "BlockType": "LINE",
      "Confidence": 63.55565643310547,
      "Text": "-35.6",
      "Geometry": {
        "BoundingBox": {
          "Width": 0.03863237053155899,
          "Height": 0.01791614107787609,
          "Left": 0.3800397217273712,
          "Top": 0.4478801488876343
        },
        "Polygon": [
          {
            "X": 0.3800397217273712,
            "Y": 0.4478801488876343
          },
          {
            "X": 0.4185118079185486,
            "Y": 0.44788774847984314
          },
          {
            "X": 0.4186720848083496,
            "Y": 0.4657962918281555
          },
          {
            "X": 0.38019517064094543,
            "Y": 0.46578583121299744
          }
        ]
      },
      "Id": "6ad7a0f5-9999-4195-9920-02b2211d2acb",
      "Relationships": [
        {
          "Type": "CHILD",
          "Ids": [
            "c023f37d-c8f7-45da-b0a9-fc2e1a3b8cb5"
          ]
        }
      ],
      "Page": 1
    },
    {
      "BlockType": "LINE",
      "Confidence": 97.60626983642578,
      "Text": "116.9",
      "Geometry": {
        "BoundingBox": {
          "Width": 0.034434542059898376,
          "Height": 0.017387740314006805,
          "Left": 0.44206511974334717,
          "Top": 0.4481138586997986
        },
        "Polygon": [
          {
            "X": 0.44206511974334717,
            "Y": 0.4481138586997986
          },
          {
            "X": 0.4763370752334595,
            "Y": 0.448120653629303
          },
          {
            "X": 0.47649967670440674,
            "Y": 0.465501606464386
          },
          {
            "X": 0.44222351908683777,
            "Y": 0.4654923379421234
          }
        ]
      },
      "Id": "9d0430f0-91b6-46df-8dc6-440198dd18ad",
      "Relationships": [
        {
          "Type": "CHILD",
          "Ids": [
            "4e1f90e5-cc3e-4e6e-9d8a-6b0a8aae149f"
          ]
        }
      ],
      "Page": 1
    },
    {
      "BlockType": "LINE",
      "Confidence": 92.25143432617188,
      "Text": "116.5",
      "Geometry": {
        "BoundingBox": {
          "Width": 0.03461498022079468,
          "Height": 0.01767001673579216,
          "Left": 0.5605745911598206,
          "Top": 0.44798368215560913
        },
        "Polygon": [
          {
            "X": 0.5605745911598206,
            "Y": 0.44798368215560913
          },
          {
            "X": 0.5950097441673279,
            "Y": 0.4479905068874359
          },
          {
            "X": 0.5951895713806152,
            "Y": 0.4656537175178528
          },
          {
            "X": 0.5607501864433289,
            "Y": 0.46564438939094543
          }
        ]
      },
      "Id": "a0967d5f-59ee-4475-bbf2-ef5c7a0234ee",
      "Relationships": [
        {
          "Type": "CHILD",
          "Ids": [
            "17c2809e-189f-4a5d-a417-9352e4caecb0"
          ]
        }
      ],
      "Page": 1
    },
    {
      "BlockType": "LINE",
      "Confidence": 92.16448211669922,
      "Text": "540.0",
      "Geometry": {
        "BoundingBox": {
          "Width": 0.03559427335858345,
          "Height": 0.017284121364355087,
          "Left": 0.6477538347244263,
          "Top": 0.44833412766456604
        },
        "Polygon": [
          {
            "X": 0.6477538347244263,
            "Y": 0.44833412766456604
          },
          {
            "X": 0.6831615567207336,
            "Y": 0.44834116101264954
          },
          {
            "X": 0.6833481192588806,
            "Y": 0.4656182527542114
          },
          {
            "X": 0.6479360461235046,
            "Y": 0.4656086564064026
          }
        ]
      },
      "Id": "69e1c778-59e0-440a-8191-65a3ec3a7022",
      "Relationships": [
        {
          "Type": "CHILD",
          "Ids": [
            "4cfa9894-9b33-4419-8dbc-ee087308f784"
          ]
        }
      ],
      "Page": 1
    },
    {
      "BlockType": "LINE",
      "Confidence": 84.996826171875,
      "Text": "DGEBA-PMSE-0.4",
      "Geometry": {
        "BoundingBox": {
          "Width": 0.11804404109716415,
          "Height": 0.017976557835936546,
          "Left": 0.24930129945278168,
          "Top": 0.47667333483695984
        },
        "Polygon": [
          {
            "X": 0.24930129945278168,
            "Y": 0.47667333483695984
          },
          {
            "X": 0.36719122529029846,
            "Y": 0.4767107665538788
          },
          {
            "X": 0.36734533309936523,
            "Y": 0.49464988708496094
          },
          {
            "X": 0.24944059550762177,
            "Y": 0.4946036636829376
          }
        ]
      },
      "Id": "aa684dc2-8e84-4f6b-b5e6-1a995df61e73",
      "Relationships": [
        {
          "Type": "CHILD",
          "Ids": [
            "84d15a3e-58a2-41b1-aed1-ad92e850e047"
          ]
        }
      ],
      "Page": 1
    },
    {
      "BlockType": "LINE",
      "Confidence": 80.32611846923828,
      "Text": "-38.3",
      "Geometry": {
        "BoundingBox": {
          "Width": 0.037911757826805115,
          "Height": 0.01827177219092846,
          "Left": 0.37975451350212097,
          "Top": 0.476637065410614
        },
        "Polygon": [
          {
            "X": 0.37975451350212097,
            "Y": 0.476637065410614
          },
          {
            "X": 0.4175029993057251,
            "Y": 0.4766490161418915
          },
          {
            "X": 0.4176662862300873,
            "Y": 0.4949088394641876
          },
          {
            "X": 0.37991294264793396,
            "Y": 0.49489396810531616
          }
        ]
      },
      "Id": "e67fbd99-1cdc-470a-94b3-e03de18a5d50",
      "Relationships": [
        {
          "Type": "CHILD",
          "Ids": [
            "06afc8a8-e029-4cd6-a65b-c43520a779e4"
          ]
        }
      ],
      "Page": 1
    },
    {
      "BlockType": "LINE",
      "Confidence": 98.90884399414062,
      "Text": "117.3",
      "Geometry": {
        "BoundingBox": {
          "Width": 0.033750928938388824,
          "Height": 0.01767214946448803,
          "Left": 0.4420526325702667,
          "Top": 0.47694846987724304
        },
        "Polygon": [
          {
            "X": 0.4420526325702667,
            "Y": 0.47694846987724304
          },
          {
            "X": 0.4756384789943695,
            "Y": 0.4769591689109802
          },
          {
            "X": 0.47580355405807495,
            "Y": 0.4946206212043762
          },
          {
            "X": 0.4422135353088379,
            "Y": 0.49460744857788086
          }
        ]
      },
      "Id": "0cbc8386-db9e-4ca9-8a43-1a55aa4d744f",
      "Relationships": [
        {
          "Type": "CHILD",
          "Ids": [
            "df184a5a-ca5e-4525-b71c-f376379af602"
          ]
        }
      ],
      "Page": 1
    },
    {
      "BlockType": "LINE",
      "Confidence": 98.82887268066406,
      "Text": "92.2",
      "Geometry": {
        "BoundingBox": {
          "Width": 0.02758467011153698,
          "Height": 0.017743641510605812,
          "Left": 0.5677546262741089,
          "Top": 0.47684991359710693
        },
        "Polygon": [
          {
            "X": 0.5677546262741089,
            "Y": 0.47684991359710693
          },
          {
            "X": 0.5951587557792664,
            "Y": 0.47685861587524414
          },
          {
            "X": 0.595339298248291,
            "Y": 0.4945935606956482
          },
          {
            "X": 0.5679317712783813,
            "Y": 0.4945828318595886
          }
        ]
      },
      "Id": "a1c9ced3-41b3-44b8-8eda-0d13377bc44c",
      "Relationships": [
        {
          "Type": "CHILD",
          "Ids": [
            "bf297fc3-4480-42a9-abe8-1effa726ad49"
          ]
        }
      ],
      "Page": 1
    },
    {
      "BlockType": "LINE",
      "Confidence": 99.64238739013672,
      "Text": "119.3",
      "Geometry": {
        "BoundingBox": {
          "Width": 0.03395116701722145,
          "Height": 0.017568904906511307,
          "Left": 0.6487241983413696,
          "Top": 0.47699931263923645
        },
        "Polygon": [
          {
            "X": 0.6487241983413696,
            "Y": 0.47699931263923645
          },
          {
            "X": 0.6824858784675598,
            "Y": 0.4770100712776184
          },
          {
            "X": 0.6826753616333008,
            "Y": 0.49456822872161865
          },
          {
            "X": 0.6489094495773315,
            "Y": 0.4945550262928009
          }
        ]
      },
      "Id": "f7bafae2-c903-4682-ab5b-4636f980a954",
      "Relationships": [
        {
          "Type": "CHILD",
          "Ids": [
            "fee932d5-4df0-4805-b4ab-9eae4158fd9c"
          ]
        }
      ],
      "Page": 1
    },
    {
      "BlockType": "LINE",
      "Confidence": 99.82650756835938,
      "Text": "a",
      "Geometry": {
        "BoundingBox": {
          "Width": 0.005845502484589815,
          "Height": 0.010507595725357533,
          "Left": 0.2488340586423874,
          "Top": 0.5182985663414001
        },
        "Polygon": [
          {
            "X": 0.2488340586423874,
            "Y": 0.5182985663414001
          },
          {
            "X": 0.25459757447242737,
            "Y": 0.5183014273643494
          },
          {
            "X": 0.2546795606613159,
            "Y": 0.5288061499595642
          },
          {
            "X": 0.24891559779644012,
            "Y": 0.5288031101226807
          }
        ]
      },
      "Id": "0d3a7dc4-b6c9-4def-ae49-c87e8d2c5452",
      "Relationships": [
        {
          "Type": "CHILD",
          "Ids": [
            "0ab0440a-6fea-4b92-afc6-271e3b6ce64a"
          ]
        }
      ],
      "Page": 1
    },
    {
      "BlockType": "LINE",
      "Confidence": 99.64034271240234,
      "Text": "transition peak temperature.",
      "Geometry": {
        "BoundingBox": {
          "Width": 0.18645785748958588,
          "Height": 0.02251463197171688,
          "Left": 0.27366697788238525,
          "Top": 0.520095705986023
        },
        "Polygon": [
          {
            "X": 0.27366697788238525,
            "Y": 0.520095705986023
          },
          {
            "X": 0.4599177837371826,
            "Y": 0.520188570022583
          },
          {
            "X": 0.4601248502731323,
            "Y": 0.5426103472709656
          },
          {
            "X": 0.27384477853775024,
            "Y": 0.5425000786781311
          }
        ]
      },
      "Id": "b39e8e11-c34f-4c36-9b8a-a33da743ef54",
      "Relationships": [
        {
          "Type": "CHILD",
          "Ids": [
            "33d1c188-f0a5-4566-8792-53284754bc08",
            "634a1367-0d62-4681-926f-611c65412912",
            "1be9b784-621e-4507-bfa9-9dc76d25891d"
          ]
        }
      ],
      "Page": 1
    },
    {
      "BlockType": "LINE",
      "Confidence": 99.77791595458984,
      "Text": "b",
      "Geometry": {
        "BoundingBox": {
          "Width": 0.006515928544104099,
          "Height": 0.013725784607231617,
          "Left": 0.24830369651317596,
          "Top": 0.5440848469734192
        },
        "Polygon": [
          {
            "X": 0.24830369651317596,
            "Y": 0.5440848469734192
          },
          {
            "X": 0.2547125518321991,
            "Y": 0.5440887212753296
          },
          {
            "X": 0.2548196315765381,
            "Y": 0.5578106641769409
          },
          {
            "X": 0.2484101504087448,
            "Y": 0.5578064322471619
          }
        ]
      },
      "Id": "a8b067c6-4e0e-4482-9c37-e5278a13ca64",
      "Relationships": [
        {
          "Type": "CHILD",
          "Ids": [
            "ce8795e7-8d5d-4bde-b03c-1601d5c0689b"
          ]
        }
      ],
      "Page": 1
    },
    {
      "BlockType": "LINE",
      "Confidence": 89.1067886352539,
      "Text": "B transition peak intensity.",
      "Geometry": {
        "BoundingBox": {
          "Width": 0.17334216833114624,
          "Height": 0.02321006916463375,
          "Left": 0.262545645236969,
          "Top": 0.5488757491111755
        },
        "Polygon": [
          {
            "X": 0.262545645236969,
            "Y": 0.5488757491111755
          },
          {
            "X": 0.4356783926486969,
            "Y": 0.5489827990531921
          },
          {
            "X": 0.43588781356811523,
            "Y": 0.5720857977867126
          },
          {
            "X": 0.2627270221710205,
            "Y": 0.5719619989395142
          }
        ]
      },
      "Id": "95845869-96e7-40a9-9785-2e0fea1e9c81",
      "Relationships": [
        {
          "Type": "CHILD",
          "Ids": [
            "fed5481d-56d4-462d-88a0-a237a086b9b8",
            "9af6e137-75b7-40a2-a317-545b547c3d70",
            "ef34fea7-8f9e-4036-94f1-a6af9ed13cf5",
            "8a99e995-47f3-40d7-832b-4b031688ee2d"
          ]
        }
      ],
      "Page": 1
    },
    {
      "BlockType": "LINE",
      "Confidence": 97.33088684082031,
      "Text": "C transition width at half peak.",
      "Geometry": {
        "BoundingBox": {
          "Width": 0.213495671749115,
          "Height": 0.023901501670479774,
          "Left": 0.2492883950471878,
          "Top": 0.5767250657081604
        },
        "Polygon": [
          {
            "X": 0.2492883950471878,
            "Y": 0.5767250657081604
          },
          {
            "X": 0.4625644385814667,
            "Y": 0.5768817663192749
          },
          {
            "X": 0.462784081697464,
            "Y": 0.6006265878677368
          },
          {
            "X": 0.24947257339954376,
            "Y": 0.600448727607727
          }
        ]
      },
      "Id": "7e2cd6bc-8e99-4c3f-a427-92e768e34971",
      "Relationships": [
        {
          "Type": "CHILD",
          "Ids": [
            "fd4de007-4303-4794-8ec4-8aff9d1c0675",
            "efd2a9f6-3cd1-498e-ba42-bfcf7e71c6bc",
            "bbafe763-db90-4966-bd52-7b6564de8b3a",
            "e0885abb-e152-4a1d-83b9-86758a6beb24",
            "b95cb0f5-252f-4546-83f3-d03b4cecf2d6",
            "9ba732e3-d500-4695-8181-40fc990afd4c"
          ]
        }
      ],
      "Page": 1
    },
    {
      "BlockType": "LINE",
      "Confidence": 99.20824432373047,
      "Text": "d",
      "Geometry": {
        "BoundingBox": {
          "Width": 0.006429431028664112,
          "Height": 0.013547192327678204,
          "Left": 0.24784603714942932,
          "Top": 0.6022934317588806
        },
        "Polygon": [
          {
            "X": 0.24784603714942932,
            "Y": 0.6022934317588806
          },
          {
            "X": 0.25416991114616394,
            "Y": 0.6022987365722656
          },
          {
            "X": 0.25427547097206116,
            "Y": 0.6158406138420105
          },
          {
            "X": 0.24795100092887878,
            "Y": 0.6158349514007568
          }
        ]
      },
      "Id": "49497370-cb53-4fad-984f-1cda074397ac",
      "Relationships": [
        {
          "Type": "CHILD",
          "Ids": [
            "92ebea54-115b-4639-b449-5018c03e70ee"
          ]
        }
      ],
      "Page": 1
    },
    {
      "BlockType": "LINE",
      "Confidence": 99.75363159179688,
      "Text": "transition area.",
      "Geometry": {
        "BoundingBox": {
          "Width": 0.0980869010090828,
          "Height": 0.01785021647810936,
          "Left": 0.2740406095981598,
          "Top": 0.6067495942115784
        },
        "Polygon": [
          {
            "X": 0.2740406095981598,
            "Y": 0.6067495942115784
          },
          {
            "X": 0.3719744384288788,
            "Y": 0.606833815574646
          },
          {
            "X": 0.3721275329589844,
            "Y": 0.624599814414978
          },
          {
            "X": 0.2741815149784088,
            "Y": 0.6245083212852478
          }
        ]
      },
      "Id": "c61ae2c2-eb6e-4fea-aace-313364d29e86",
      "Relationships": [
        {
          "Type": "CHILD",
          "Ids": [
            "88796dc0-cc5a-4836-9017-5c96ba7b656a",
            "e9a646c1-46da-4c44-aa82-04dbf4ee4c27"
          ]
        }
      ],
      "Page": 1
    },
    {
      "BlockType": "WORD",
      "Confidence": 94.4078140258789,
      "Text": "TB",
      "TextType": "PRINTED",
      "Geometry": {
        "BoundingBox": {
          "Width": 0.014822456054389477,
          "Height": 0.02368181012570858,
          "Left": 0.37907421588897705,
          "Top": 0.3754696846008301
        },
        "Polygon": [
          {
            "X": 0.37907421588897705,
            "Y": 0.37547120451927185
          },
          {
            "X": 0.39368870854377747,
            "Y": 0.3754696846008301
          },
          {
            "X": 0.3938966691493988,
            "Y": 0.39915138483047485
          },
          {
            "X": 0.379279762506485,
            "Y": 0.399151474237442
          }
        ]
      },
      "Id": "3598d355-10a0-4c61-a863-24e4ea7b259e",
      "Page": 1
    },
    {
      "BlockType": "WORD",
      "Confidence": 24.22569465637207,
      "Text": "(C)",
      "TextType": "PRINTED",
      "Geometry": {
        "BoundingBox": {
          "Width": 0.03058052249252796,
          "Height": 0.024328093975782394,
          "Left": 0.3975062668323517,
          "Top": 0.3731185495853424
        },
        "Polygon": [
          {
            "X": 0.3975062668323517,
            "Y": 0.37312203645706177
          },
          {
            "X": 0.4278673529624939,
            "Y": 0.3731185495853424
          },
          {
            "X": 0.4280867874622345,
            "Y": 0.39744624495506287
          },
          {
            "X": 0.3977205455303192,
            "Y": 0.3974466621875763
          }
        ]
      },
      "Id": "cdd085eb-59fb-4892-a25c-4d079df77f43",
      "Page": 1
    },
    {
      "BlockType": "WORD",
      "Confidence": 99.90328979492188,
      "Text": "Intensity",
      "TextType": "PRINTED",
      "Geometry": {
        "BoundingBox": {
          "Width": 0.057422440499067307,
          "Height": 0.022796127945184708,
          "Left": 0.44102993607521057,
          "Top": 0.37454742193222046
        },
        "Polygon": [
          {
            "X": 0.44102993607521057,
            "Y": 0.3745536208152771
          },
          {
            "X": 0.4982355535030365,
            "Y": 0.37454742193222046
          },
          {
            "X": 0.498452365398407,
            "Y": 0.3973428010940552
          },
          {
            "X": 0.44123759865760803,
            "Y": 0.39734354615211487
          }
        ]
      },
      "Id": "6b61af75-07b3-4522-911e-bf0cb58b2353",
      "Page": 1
    },
    {
      "BlockType": "WORD",
      "Confidence": 81.73783874511719,
      "Text": "(MPa)b",
      "TextType": "PRINTED",
      "Geometry": {
        "BoundingBox": {
          "Width": 0.04540302976965904,
          "Height": 0.02701546438038349,
          "Left": 0.501977264881134,
          "Top": 0.3700196146965027
        },
        "Polygon": [
          {
            "X": 0.501977264881134,
            "Y": 0.3700253665447235
          },
          {
            "X": 0.5471141338348389,
            "Y": 0.3700196146965027
          },
          {
            "X": 0.5473803281784058,
            "Y": 0.3970344066619873
          },
          {
            "X": 0.5022348761558533,
            "Y": 0.39703506231307983
          }
        ]
      },
      "Id": "f6d9a798-cad8-4b00-9e39-813046777c58",
      "Page": 1
    },
    {
      "BlockType": "WORD",
      "Confidence": 99.96002197265625,
      "Text": "Width",
      "TextType": "PRINTED",
      "Geometry": {
        "BoundingBox": {
          "Width": 0.04129236564040184,
          "Height": 0.018629752099514008,
          "Left": 0.5592710375785828,
          "Top": 0.37442946434020996
        },
        "Polygon": [
          {
            "X": 0.5592710375785828,
            "Y": 0.3744339346885681
          },
          {
            "X": 0.6003729104995728,
            "Y": 0.37442946434020996
          },
          {
            "X": 0.6005633473396301,
            "Y": 0.3930579125881195
          },
          {
            "X": 0.5594561100006104,
            "Y": 0.3930591940879822
          }
        ]
      },
      "Id": "0282ddb8-5dca-438d-80c2-5ca8f025a71f",
      "Page": 1
    },
    {
      "BlockType": "WORD",
      "Confidence": 49.10613250732422,
      "Text": "(°C)c",
      "TextType": "PRINTED",
      "Geometry": {
        "BoundingBox": {
          "Width": 0.030680930241942406,
          "Height": 0.023941192775964737,
          "Left": 0.604677677154541,
          "Top": 0.37308213114738464
        },
        "Polygon": [
          {
            "X": 0.604677677154541,
            "Y": 0.373085618019104
          },
          {
            "X": 0.6351079940795898,
            "Y": 0.37308213114738464
          },
          {
            "X": 0.6353585720062256,
            "Y": 0.39702287316322327
          },
          {
            "X": 0.6049231290817261,
            "Y": 0.3970233201980591
          }
        ]
      },
      "Id": "0bb7e591-5852-4498-a288-d9dcfab5217d",
      "Page": 1
    },
    {
      "BlockType": "WORD",
      "Confidence": 99.90970611572266,
      "Text": "Area",
      "TextType": "PRINTED",
      "Geometry": {
        "BoundingBox": {
          "Width": 0.030096035450696945,
          "Height": 0.01725294068455696,
          "Left": 0.6471195816993713,
          "Top": 0.3754785358905792
        },
        "Polygon": [
          {
            "X": 0.6471195816993713,
            "Y": 0.37548163533210754
          },
          {
            "X": 0.6770300269126892,
            "Y": 0.3754785358905792
          },
          {
            "X": 0.6772156357765198,
            "Y": 0.3927304744720459
          },
          {
            "X": 0.6473016142845154,
            "Y": 0.3927314579486847
          }
        ]
      },
      "Id": "5ac7b41c-677e-4874-8868-37e982c13f35",
      "Page": 1
    },
    {
      "BlockType": "WORD",
      "Confidence": 72.5108413696289,
      "Text": "(MPa.min)",
      "TextType": "PRINTED",
      "Geometry": {
        "BoundingBox": {
          "Width": 0.07650162279605865,
          "Height": 0.025032533332705498,
          "Left": 0.6811189651489258,
          "Top": 0.37191885709762573
        },
        "Polygon": [
          {
            "X": 0.6811189651489258,
            "Y": 0.371927946805954
          },
          {
            "X": 0.757337212562561,
            "Y": 0.37191885709762573
          },
          {
            "X": 0.7576205730438232,
            "Y": 0.39695024490356445
          },
          {
            "X": 0.6813889145851135,
            "Y": 0.3969514071941376
          }
        ]
      },
      "Id": "4169b84f-2a7a-46bf-b21e-a45d73cc574d",
      "Page": 1
    },
    {
      "BlockType": "WORD",
      "Confidence": 75.62860870361328,
      "Text": "d",
      "TextType": "PRINTED",
      "Geometry": {
        "BoundingBox": {
          "Width": 0.007972792722284794,
          "Height": 0.012995069846510887,
          "Left": 0.7517216801643372,
          "Top": 0.36986953020095825
        },
        "Polygon": [
          {
            "X": 0.7517216801643372,
            "Y": 0.36987054347991943
          },
          {
            "X": 0.7595471739768982,
            "Y": 0.36986953020095825
          },
          {
            "X": 0.7596944570541382,
            "Y": 0.3828640282154083
          },
          {
            "X": 0.7518682479858398,
            "Y": 0.3828645944595337
          }
        ]
      },
      "Id": "2b45516b-9f53-4dd6-8f93-6db4e949cd5e",
      "Page": 1
    },
    {
      "BlockType": "WORD",
      "Confidence": 88.79035949707031,
      "Text": "DGEBA-MHHPA",
      "TextType": "PRINTED",
      "Geometry": {
        "BoundingBox": {
          "Width": 0.10731285810470581,
          "Height": 0.017524434253573418,
          "Left": 0.24993760883808136,
          "Top": 0.41883817315101624
        },
        "Polygon": [
          {
            "X": 0.24993760883808136,
            "Y": 0.41883817315101624
          },
          {
            "X": 0.357101172208786,
            "Y": 0.41884633898735046
          },
          {
            "X": 0.35725048184394836,
            "Y": 0.436362624168396
          },
          {
            "X": 0.25007376074790955,
            "Y": 0.4363466203212738
          }
        ]
      },
      "Id": "8f8d3670-99f5-4aa3-b4f5-21c9bf41755c",
      "Page": 1
    },
    {
      "BlockType": "WORD",
      "Confidence": 60.14458465576172,
      "Text": "-34,6",
      "TextType": "PRINTED",
      "Geometry": {
        "BoundingBox": {
          "Width": 0.03747077286243439,
          "Height": 0.017852602526545525,
          "Left": 0.3807954788208008,
          "Top": 0.4186260402202606
        },
        "Polygon": [
          {
            "X": 0.3807954788208008,
            "Y": 0.4186260402202606
          },
          {
            "X": 0.4181064963340759,
            "Y": 0.41862887144088745
          },
          {
            "X": 0.41826626658439636,
            "Y": 0.4364786446094513
          },
          {
            "X": 0.38095057010650635,
            "Y": 0.4364730715751648
          }
        ]
      },
      "Id": "ca8d6896-2a1a-4069-ac23-79eb899a79cf",
      "Page": 1
    },
    {
      "BlockType": "WORD",
      "Confidence": 94.83845520019531,
      "Text": "130.0",
      "TextType": "PRINTED",
      "Geometry": {
        "BoundingBox": {
          "Width": 0.034468211233615875,
          "Height": 0.017668668180704117,
          "Left": 0.4420476257801056,
          "Top": 0.4187525510787964
        },
        "Polygon": [
          {
            "X": 0.4420476257801056,
            "Y": 0.4187525510787964
          },
          {
            "X": 0.4763505756855011,
            "Y": 0.4187551438808441
          },
          {
            "X": 0.47651582956314087,
            "Y": 0.4364212155342102
          },
          {
            "X": 0.4422086477279663,
            "Y": 0.4364160895347595
          }
        ]
      },
      "Id": "4551c181-4a51-43a7-bc89-b85761fb0d81",
      "Page": 1
    },
    {
      "BlockType": "WORD",
      "Confidence": 90.08788299560547,
      "Text": "93.0",
      "TextType": "PRINTED",
      "Geometry": {
        "BoundingBox": {
          "Width": 0.02786659635603428,
          "Height": 0.017765069380402565,
          "Left": 0.5677664875984192,
          "Top": 0.41870084404945374
        },
        "Polygon": [
          {
            "X": 0.5677664875984192,
            "Y": 0.41870084404945374
          },
          {
            "X": 0.5954521298408508,
            "Y": 0.4187029302120209
          },
          {
            "X": 0.5956330895423889,
            "Y": 0.43646591901779175
          },
          {
            "X": 0.5679439902305603,
            "Y": 0.43646177649497986
          }
        ]
      },
      "Id": "b2289dd7-36c3-411c-ba90-7aac7f343ad5",
      "Page": 1
    },
    {
      "BlockType": "WORD",
      "Confidence": 96.20995330810547,
      "Text": "622.1",
      "TextType": "PRINTED",
      "Geometry": {
        "BoundingBox": {
          "Width": 0.03425152227282524,
          "Height": 0.01769796945154667,
          "Left": 0.6476145386695862,
          "Top": 0.41864052414894104
        },
        "Polygon": [
          {
            "X": 0.6476145386695862,
            "Y": 0.41864052414894104
          },
          {
            "X": 0.681675136089325,
            "Y": 0.4186430871486664
          },
          {
            "X": 0.6818660497665405,
            "Y": 0.43633848428726196
          },
          {
            "X": 0.6478012204170227,
            "Y": 0.43633341789245605
          }
        ]
      },
      "Id": "73e19265-2671-4cfd-a022-aba6e681ea33",
      "Page": 1
    },
    {
      "BlockType": "WORD",
      "Confidence": 75.32317352294922,
      "Text": "DGEBA-PMSE-0.2",
      "TextType": "PRINTED",
      "Geometry": {
        "BoundingBox": {
          "Width": 0.11859853565692902,
          "Height": 0.017970304936170578,
          "Left": 0.2479647845029831,
          "Top": 0.4476524591445923
        },
        "Polygon": [
          {
            "X": 0.2479647845029831,
            "Y": 0.4476524591445923
          },
          {
            "X": 0.36640921235084534,
            "Y": 0.4476757049560547
          },
          {
            "X": 0.3665633201599121,
            "Y": 0.46562275290489197
          },
          {
            "X": 0.2481040060520172,
            "Y": 0.46559062600135803
          }
        ]
      },
      "Id": "26a3956d-7645-4f12-a28d-50113d59e6a6",
      "Page": 1
    },
    {
      "BlockType": "WORD",
      "Confidence": 63.55565643310547,
      "Text": "-35.6",
      "TextType": "PRINTED",
      "Geometry": {
        "BoundingBox": {
          "Width": 0.03863237053155899,
          "Height": 0.01791614107787609,
          "Left": 0.3800397217273712,
          "Top": 0.4478801488876343
        },
        "Polygon": [
          {
            "X": 0.3800397217273712,
            "Y": 0.4478801488876343
          },
          {
            "X": 0.4185118079185486,
            "Y": 0.44788774847984314
          },
          {
            "X": 0.4186720848083496,
            "Y": 0.4657962918281555
          },
          {
            "X": 0.38019517064094543,
            "Y": 0.46578583121299744
          }
        ]
      },
      "Id": "c023f37d-c8f7-45da-b0a9-fc2e1a3b8cb5",
      "Page": 1
    },
    {
      "BlockType": "WORD",
      "Confidence": 97.60626983642578,
      "Text": "116.9",
      "TextType": "PRINTED",
      "Geometry": {
        "BoundingBox": {
          "Width": 0.034434542059898376,
          "Height": 0.017387740314006805,
          "Left": 0.44206511974334717,
          "Top": 0.4481138586997986
        },
        "Polygon": [
          {
            "X": 0.44206511974334717,
            "Y": 0.4481138586997986
          },
          {
            "X": 0.4763370752334595,
            "Y": 0.448120653629303
          },
          {
            "X": 0.47649967670440674,
            "Y": 0.465501606464386
          },
          {
            "X": 0.44222351908683777,
            "Y": 0.4654923379421234
          }
        ]
      },
      "Id": "4e1f90e5-cc3e-4e6e-9d8a-6b0a8aae149f",
      "Page": 1
    },
    {
      "BlockType": "WORD",
      "Confidence": 92.25143432617188,
      "Text": "116.5",
      "TextType": "PRINTED",
      "Geometry": {
        "BoundingBox": {
          "Width": 0.03461498022079468,
          "Height": 0.01767001673579216,
          "Left": 0.5605745911598206,
          "Top": 0.44798368215560913
        },
        "Polygon": [
          {
            "X": 0.5605745911598206,
            "Y": 0.44798368215560913
          },
          {
            "X": 0.5950097441673279,
            "Y": 0.4479905068874359
          },
          {
            "X": 0.5951895713806152,
            "Y": 0.4656537175178528
          },
          {
            "X": 0.5607501864433289,
            "Y": 0.46564438939094543
          }
        ]
      },
      "Id": "17c2809e-189f-4a5d-a417-9352e4caecb0",
      "Page": 1
    },
    {
      "BlockType": "WORD",
      "Confidence": 92.16448211669922,
      "Text": "540.0",
      "TextType": "PRINTED",
      "Geometry": {
        "BoundingBox": {
          "Width": 0.03559427335858345,
          "Height": 0.017284121364355087,
          "Left": 0.6477538347244263,
          "Top": 0.44833412766456604
        },
        "Polygon": [
          {
            "X": 0.6477538347244263,
            "Y": 0.44833412766456604
          },
          {
            "X": 0.6831615567207336,
            "Y": 0.44834116101264954
          },
          {
            "X": 0.6833481192588806,
            "Y": 0.4656182527542114
          },
          {
            "X": 0.6479360461235046,
            "Y": 0.4656086564064026
          }
        ]
      },
      "Id": "4cfa9894-9b33-4419-8dbc-ee087308f784",
      "Page": 1
    },
    {
      "BlockType": "WORD",
      "Confidence": 84.996826171875,
      "Text": "DGEBA-PMSE-0.4",
      "TextType": "PRINTED",
      "Geometry": {
        "BoundingBox": {
          "Width": 0.11804404109716415,
          "Height": 0.017976557835936546,
          "Left": 0.24930129945278168,
          "Top": 0.47667333483695984
        },
        "Polygon": [
          {
            "X": 0.24930129945278168,
            "Y": 0.47667333483695984
          },
          {
            "X": 0.36719122529029846,
            "Y": 0.4767107665538788
          },
          {
            "X": 0.36734533309936523,
            "Y": 0.49464988708496094
          },
          {
            "X": 0.24944059550762177,
            "Y": 0.4946036636829376
          }
        ]
      },
      "Id": "84d15a3e-58a2-41b1-aed1-ad92e850e047",
      "Page": 1
    },
    {
      "BlockType": "WORD",
      "Confidence": 80.32611846923828,
      "Text": "-38.3",
      "TextType": "PRINTED",
      "Geometry": {
        "BoundingBox": {
          "Width": 0.037911757826805115,
          "Height": 0.01827177219092846,
          "Left": 0.37975451350212097,
          "Top": 0.476637065410614
        },
        "Polygon": [
          {
            "X": 0.37975451350212097,
            "Y": 0.476637065410614
          },
          {
            "X": 0.4175029993057251,
            "Y": 0.4766490161418915
          },
          {
            "X": 0.4176662862300873,
            "Y": 0.4949088394641876
          },
          {
            "X": 0.37991294264793396,
            "Y": 0.49489396810531616
          }
        ]
      },
      "Id": "06afc8a8-e029-4cd6-a65b-c43520a779e4",
      "Page": 1
    },
    {
      "BlockType": "WORD",
      "Confidence": 98.90884399414062,
      "Text": "117.3",
      "TextType": "PRINTED",
      "Geometry": {
        "BoundingBox": {
          "Width": 0.033750928938388824,
          "Height": 0.01767214946448803,
          "Left": 0.4420526325702667,
          "Top": 0.47694846987724304
        },
        "Polygon": [
          {
            "X": 0.4420526325702667,
            "Y": 0.47694846987724304
          },
          {
            "X": 0.4756384789943695,
            "Y": 0.4769591689109802
          },
          {
            "X": 0.47580355405807495,
            "Y": 0.4946206212043762
          },
          {
            "X": 0.4422135353088379,
            "Y": 0.49460744857788086
          }
        ]
      },
      "Id": "df184a5a-ca5e-4525-b71c-f376379af602",
      "Page": 1
    },
    {
      "BlockType": "WORD",
      "Confidence": 98.82887268066406,
      "Text": "92.2",
      "TextType": "PRINTED",
      "Geometry": {
        "BoundingBox": {
          "Width": 0.02758467011153698,
          "Height": 0.017743641510605812,
          "Left": 0.5677546262741089,
          "Top": 0.47684991359710693
        },
        "Polygon": [
          {
            "X": 0.5677546262741089,
            "Y": 0.47684991359710693
          },
          {
            "X": 0.5951587557792664,
            "Y": 0.47685861587524414
          },
          {
            "X": 0.595339298248291,
            "Y": 0.4945935606956482
          },
          {
            "X": 0.5679317712783813,
            "Y": 0.4945828318595886
          }
        ]
      },
      "Id": "bf297fc3-4480-42a9-abe8-1effa726ad49",
      "Page": 1
    },
    {
      "BlockType": "WORD",
      "Confidence": 99.64238739013672,
      "Text": "119.3",
      "TextType": "PRINTED",
      "Geometry": {
        "BoundingBox": {
          "Width": 0.03395116701722145,
          "Height": 0.017568904906511307,
          "Left": 0.6487241983413696,
          "Top": 0.47699931263923645
        },
        "Polygon": [
          {
            "X": 0.6487241983413696,
            "Y": 0.47699931263923645
          },
          {
            "X": 0.6824858784675598,
            "Y": 0.4770100712776184
          },
          {
            "X": 0.6826753616333008,
            "Y": 0.49456822872161865
          },
          {
            "X": 0.6489094495773315,
            "Y": 0.4945550262928009
          }
        ]
      },
      "Id": "fee932d5-4df0-4805-b4ab-9eae4158fd9c",
      "Page": 1
    },
    {
      "BlockType": "WORD",
      "Confidence": 99.82650756835938,
      "Text": "a",
      "TextType": "PRINTED",
      "Geometry": {
        "BoundingBox": {
          "Width": 0.005845502484589815,
          "Height": 0.010507595725357533,
          "Left": 0.2488340586423874,
          "Top": 0.5182985663414001
        },
        "Polygon": [
          {
            "X": 0.2488340586423874,
            "Y": 0.5182985663414001
          },
          {
            "X": 0.25459757447242737,
            "Y": 0.5183014273643494
          },
          {
            "X": 0.2546795606613159,
            "Y": 0.5288061499595642
          },
          {
            "X": 0.24891559779644012,
            "Y": 0.5288031101226807
          }
        ]
      },
      "Id": "0ab0440a-6fea-4b92-afc6-271e3b6ce64a",
      "Page": 1
    },
    {
      "BlockType": "WORD",
      "Confidence": 99.90962219238281,
      "Text": "transition",
      "TextType": "PRINTED",
      "Geometry": {
        "BoundingBox": {
          "Width": 0.06342951953411102,
          "Height": 0.01872367225587368,
          "Left": 0.27366697788238525,
          "Top": 0.520095705986023
        },
        "Polygon": [
          {
            "X": 0.27366697788238525,
            "Y": 0.520095705986023
          },
          {
            "X": 0.33693990111351013,
            "Y": 0.5201272368431091
          },
          {
            "X": 0.3370964825153351,
            "Y": 0.5388193726539612
          },
          {
            "X": 0.2738152742385864,
            "Y": 0.5387828946113586
          }
        ]
      },
      "Id": "33d1c188-f0a5-4566-8792-53284754bc08",
      "Page": 1
    },
    {
      "BlockType": "WORD",
      "Confidence": 99.92819213867188,
      "Text": "peak",
      "TextType": "PRINTED",
      "Geometry": {
        "BoundingBox": {
          "Width": 0.030762389302253723,
          "Height": 0.022289667278528214,
          "Left": 0.3414202630519867,
          "Top": 0.5202686190605164
        },
        "Polygon": [
          {
            "X": 0.3414202630519867,
            "Y": 0.5202686190605164
          },
          {
            "X": 0.3719906210899353,
            "Y": 0.5202838778495789
          },
          {
            "X": 0.3721826672554016,
            "Y": 0.5425582528114319
          },
          {
            "X": 0.34160754084587097,
            "Y": 0.5425401926040649
          }
        ]
      },
      "Id": "634a1367-0d62-4681-926f-611c65412912",
      "Page": 1
    },
    {
      "BlockType": "WORD",
      "Confidence": 99.08320617675781,
      "Text": "temperature.",
      "TextType": "PRINTED",
      "Geometry": {
        "BoundingBox": {
          "Width": 0.08369657397270203,
          "Height": 0.020371301099658012,
          "Left": 0.37642812728881836,
          "Top": 0.5222250819206238
        },
        "Polygon": [
          {
            "X": 0.37642812728881836,
            "Y": 0.5222250819206238
          },
          {
            "X": 0.4599369764328003,
            "Y": 0.5222674608230591
          },
          {
            "X": 0.4601247012615204,
            "Y": 0.5425963997840881
          },
          {
            "X": 0.37660396099090576,
            "Y": 0.5425469875335693
          }
        ]
      },
      "Id": "1be9b784-621e-4507-bfa9-9dc76d25891d",
      "Page": 1
    },
    {
      "BlockType": "WORD",
      "Confidence": 99.77791595458984,
      "Text": "b",
      "TextType": "PRINTED",
      "Geometry": {
        "BoundingBox": {
          "Width": 0.006515928544104099,
          "Height": 0.013725784607231617,
          "Left": 0.24830369651317596,
          "Top": 0.5440848469734192
        },
        "Polygon": [
          {
            "X": 0.24830369651317596,
            "Y": 0.5440848469734192
          },
          {
            "X": 0.2547125518321991,
            "Y": 0.5440887212753296
          },
          {
            "X": 0.2548196315765381,
            "Y": 0.5578106641769409
          },
          {
            "X": 0.2484101504087448,
            "Y": 0.5578064322471619
          }
        ]
      },
      "Id": "ce8795e7-8d5d-4bde-b03c-1601d5c0689b",
      "Page": 1
    },
    {
      "BlockType": "WORD",
      "Confidence": 56.78816604614258,
      "Text": "B",
      "TextType": "PRINTED",
      "Geometry": {
        "BoundingBox": {
          "Width": 0.007751380559056997,
          "Height": 0.022198107093572617,
          "Left": 0.262546181678772,
          "Top": 0.5489436388015747
        },
        "Polygon": [
          {
            "X": 0.262546181678772,
            "Y": 0.5489436388015747
          },
          {
            "X": 0.2701219916343689,
            "Y": 0.5489482879638672
          },
          {
            "X": 0.2702975571155548,
            "Y": 0.5711417198181152
          },
          {
            "X": 0.2627205550670624,
            "Y": 0.5711363554000854
          }
        ]
      },
      "Id": "fed5481d-56d4-462d-88a0-a237a086b9b8",
      "Page": 1
    },
    {
      "BlockType": "WORD",
      "Confidence": 99.93849182128906,
      "Text": "transition",
      "TextType": "PRINTED",
      "Geometry": {
        "BoundingBox": {
          "Width": 0.06238448992371559,
          "Height": 0.01828627847135067,
          "Left": 0.2741175591945648,
          "Top": 0.5491241812705994
        },
        "Polygon": [
          {
            "X": 0.2741175591945648,
            "Y": 0.5491241812705994
          },
          {
            "X": 0.3363493084907532,
            "Y": 0.549162745475769
          },
          {
            "X": 0.3365020453929901,
            "Y": 0.5674104690551758
          },
          {
            "X": 0.27426236867904663,
            "Y": 0.5673671960830688
          }
        ]
      },
      "Id": "9af6e137-75b7-40a2-a317-545b547c3d70",
      "Page": 1
    },
    {
      "BlockType": "WORD",
      "Confidence": 99.95281982421875,
      "Text": "peak",
      "TextType": "PRINTED",
      "Geometry": {
        "BoundingBox": {
          "Width": 0.031126797199249268,
          "Height": 0.02249309793114662,
          "Left": 0.34113430976867676,
          "Top": 0.5492613911628723
        },
        "Polygon": [
          {
            "X": 0.34113430976867676,
            "Y": 0.5492613911628723
          },
          {
            "X": 0.3720673620700836,
            "Y": 0.5492805242538452
          },
          {
            "X": 0.372261106967926,
            "Y": 0.5717544555664062
          },
          {
            "X": 0.3413231670856476,
            "Y": 0.5717324018478394
          }
        ]
      },
      "Id": "ef34fea7-8f9e-4036-94f1-a6af9ed13cf5",
      "Page": 1
    },
    {
      "BlockType": "WORD",
      "Confidence": 99.74768829345703,
      "Text": "intensity.",
      "TextType": "PRINTED",
      "Geometry": {
        "BoundingBox": {
          "Width": 0.05950868874788284,
          "Height": 0.023139657452702522,
          "Left": 0.3763791024684906,
          "Top": 0.5489461421966553
        },
        "Polygon": [
          {
            "X": 0.3763791024684906,
            "Y": 0.5489461421966553
          },
          {
            "X": 0.4356783926486969,
            "Y": 0.5489827990531921
          },
          {
            "X": 0.43588781356811523,
            "Y": 0.5720857977867126
          },
          {
            "X": 0.3765789270401001,
            "Y": 0.5720434188842773
          }
        ]
      },
      "Id": "8a99e995-47f3-40d7-832b-4b031688ee2d",
      "Page": 1
    },
    {
      "BlockType": "WORD",
      "Confidence": 85.16683959960938,
      "Text": "C",
      "TextType": "PRINTED",
      "Geometry": {
        "BoundingBox": {
          "Width": 0.005543708335608244,
          "Height": 0.010013285093009472,
          "Left": 0.2492883950471878,
          "Top": 0.5767250657081604
        },
        "Polygon": [
          {
            "X": 0.2492883950471878,
            "Y": 0.5767250657081604
          },
          {
            "X": 0.25475403666496277,
            "Y": 0.5767290592193604
          },
          {
            "X": 0.25483211874961853,
            "Y": 0.5867383480072021
          },
          {
            "X": 0.24936610460281372,
            "Y": 0.5867341160774231
          }
        ]
      },
      "Id": "fd4de007-4303-4794-8ec4-8aff9d1c0675",
      "Page": 1
    },
    {
      "BlockType": "WORD",
      "Confidence": 99.9315414428711,
      "Text": "transition",
      "TextType": "PRINTED",
      "Geometry": {
        "BoundingBox": {
          "Width": 0.06259171664714813,
          "Height": 0.01851353794336319,
          "Left": 0.27384600043296814,
          "Top": 0.5782514214515686
        },
        "Polygon": [
          {
            "X": 0.27384600043296814,
            "Y": 0.5782514214515686
          },
          {
            "X": 0.3362831771373749,
            "Y": 0.5782976746559143
          },
          {
            "X": 0.33643773198127747,
            "Y": 0.5967649817466736
          },
          {
            "X": 0.27399247884750366,
            "Y": 0.5967139005661011
          }
        ]
      },
      "Id": "efd2a9f6-3cd1-498e-ba42-bfcf7e71c6bc",
      "Page": 1
    },
    {
      "BlockType": "WORD",
      "Confidence": 99.9893798828125,
      "Text": "width",
      "TextType": "PRINTED",
      "Geometry": {
        "BoundingBox": {
          "Width": 0.03814796730875969,
          "Height": 0.017985086888074875,
          "Left": 0.3411269783973694,
          "Top": 0.5781645178794861
        },
        "Polygon": [
          {
            "X": 0.3411269783973694,
            "Y": 0.5781645178794861
          },
          {
            "X": 0.37911930680274963,
            "Y": 0.5781926512718201
          },
          {
            "X": 0.3792749345302582,
            "Y": 0.5961496233940125
          },
          {
            "X": 0.3412778377532959,
            "Y": 0.5961186289787292
          }
        ]
      },
      "Id": "bbafe763-db90-4966-bd52-7b6564de8b3a",
      "Page": 1
    },
    {
      "BlockType": "WORD",
      "Confidence": 99.9774169921875,
      "Text": "at",
      "TextType": "PRINTED",
      "Geometry": {
        "BoundingBox": {
          "Width": 0.012553372420370579,
          "Height": 0.01525083463639021,
          "Left": 0.38378116488456726,
          "Top": 0.5808830261230469
        },
        "Polygon": [
          {
            "X": 0.38378116488456726,
            "Y": 0.5808830261230469
          },
          {
            "X": 0.39620062708854675,
            "Y": 0.5808923840522766
          },
          {
            "X": 0.39633455872535706,
            "Y": 0.596133828163147
          },
          {
            "X": 0.3839137852191925,
            "Y": 0.5961237549781799
          }
        ]
      },
      "Id": "e0885abb-e152-4a1d-83b9-86758a6beb24",
      "Page": 1
    },
    {
      "BlockType": "WORD",
      "Confidence": 99.99258422851562,
      "Text": "half",
      "TextType": "PRINTED",
      "Geometry": {
        "BoundingBox": {
          "Width": 0.025877954438328743,
          "Height": 0.01825171709060669,
          "Left": 0.40046074986457825,
          "Top": 0.5777122974395752
        },
        "Polygon": [
          {
            "X": 0.40046074986457825,
            "Y": 0.5777122974395752
          },
          {
            "X": 0.42617470026016235,
            "Y": 0.5777312517166138
          },
          {
            "X": 0.42633873224258423,
            "Y": 0.5959640145301819
          },
          {
            "X": 0.4006215035915375,
            "Y": 0.595943033695221
          }
        ]
      },
      "Id": "b95cb0f5-252f-4546-83f3-d03b4cecf2d6",
      "Page": 1
    },
    {
      "BlockType": "WORD",
      "Confidence": 98.92753601074219,
      "Text": "peak.",
      "TextType": "PRINTED",
      "Geometry": {
        "BoundingBox": {
          "Width": 0.03349559009075165,
          "Height": 0.022632958367466927,
          "Left": 0.42928847670555115,
          "Top": 0.577993631362915
        },
        "Polygon": [
          {
            "X": 0.42928847670555115,
            "Y": 0.577993631362915
          },
          {
            "X": 0.46257495880126953,
            "Y": 0.5780182480812073
          },
          {
            "X": 0.462784081697464,
            "Y": 0.6006265878677368
          },
          {
            "X": 0.429492324590683,
            "Y": 0.6005988121032715
          }
        ]
      },
      "Id": "9ba732e3-d500-4695-8181-40fc990afd4c",
      "Page": 1
    },
    {
      "BlockType": "WORD",
      "Confidence": 99.20824432373047,
      "Text": "d",
      "TextType": "PRINTED",
      "Geometry": {
        "BoundingBox": {
          "Width": 0.006429431028664112,
          "Height": 0.013547192327678204,
          "Left": 0.24784603714942932,
          "Top": 0.6022934317588806
        },
        "Polygon": [
          {
            "X": 0.24784603714942932,
            "Y": 0.6022934317588806
          },
          {
            "X": 0.25416991114616394,
            "Y": 0.6022987365722656
          },
          {
            "X": 0.25427547097206116,
            "Y": 0.6158406138420105
          },
          {
            "X": 0.24795100092887878,
            "Y": 0.6158349514007568
          }
        ]
      },
      "Id": "92ebea54-115b-4639-b449-5018c03e70ee",
      "Page": 1
    },
    {
      "BlockType": "WORD",
      "Confidence": 99.91789245605469,
      "Text": "transition",
      "TextType": "PRINTED",
      "Geometry": {
        "BoundingBox": {
          "Width": 0.06253969669342041,
          "Height": 0.017493531107902527,
          "Left": 0.2740406095981598,
          "Top": 0.6067495942115784
        },
        "Polygon": [
          {
            "X": 0.2740406095981598,
            "Y": 0.6067495942115784
          },
          {
            "X": 0.33643436431884766,
            "Y": 0.6068032383918762
          },
          {
            "X": 0.3365803062915802,
            "Y": 0.6242431402206421
          },
          {
            "X": 0.27417895197868347,
            "Y": 0.6241849064826965
          }
        ]
      },
      "Id": "88796dc0-cc5a-4836-9017-5c96ba7b656a",
      "Page": 1
    },
    {
      "BlockType": "WORD",
      "Confidence": 99.58936309814453,
      "Text": "area.",
      "TextType": "PRINTED",
      "Geometry": {
        "BoundingBox": {
          "Width": 0.030962739139795303,
          "Height": 0.01331755705177784,
          "Left": 0.34116479754447937,
          "Top": 0.611282229423523
        },
        "Polygon": [
          {
            "X": 0.34116479754447937,
            "Y": 0.611282229423523
          },
          {
            "X": 0.37201300263404846,
            "Y": 0.6113093495368958
          },
          {
            "X": 0.3721275329589844,
            "Y": 0.624599814414978
          },
          {
            "X": 0.3412764370441437,
            "Y": 0.6245709657669067
          }
        ]
      },
      "Id": "e9a646c1-46da-4c44-aa82-04dbf4ee4c27",
      "Page": 1
    },
    {
      "BlockType": "TABLE",
      "Confidence": 99.853515625,
      "Geometry": {
        "BoundingBox": {
          "Width": 0.5337866544723511,
          "Height": 0.1447851061820984,
          "Left": 0.2337425798177719,
          "Top": 0.36178767681121826
        },
        "Polygon": [
          {
            "X": 0.2337425798177719,
            "Y": 0.3618735671043396
          },
          {
            "X": 0.7658815979957581,
            "Y": 0.36178767681121826
          },
          {
            "X": 0.7675292491912842,
            "Y": 0.5065727829933167
          },
          {
            "X": 0.23485009372234344,
            "Y": 0.5063377618789673
          }
        ]
      },
      "Id": "a6ff9476-0884-4ace-ac17-639dd52009b8",
      "Relationships": [
        {
          "Type": "CHILD",
          "Ids": [
            "38f22bbd-388b-4a85-9312-386da26818e7",
            "f02cd595-6213-4233-b0c6-02705ce01d0e",
            "13da9f63-2bcb-4178-acb8-fac7af2437bd",
            "351ad473-b9fb-4605-be3a-8b48e0c6ea27",
            "215d311b-fddf-4f11-832b-aee2351a5569",
            "62cf68d0-d3df-439b-a872-69fe50db3c74",
            "be876958-7807-4ae3-bb4a-8beafcb7e61b",
            "5df5b1f5-048b-48c1-a7c5-32242db352c0",
            "ad97ad79-17d5-4e88-87df-b7fd1f21d3be",
            "446966fd-fc2b-45af-8df5-164493bd9c68",
            "ba9a29e2-ce7f-4e34-a0d6-7fea5d6262b5",
            "8739f563-e3db-40bb-8465-eef8817c21e7",
            "946ef4f9-209c-42b3-a1ff-2e2571ba2858",
            "d05a1a60-ae12-49f8-bc16-607931df11a2",
            "9577d837-5c77-48fb-aacf-2309f990e5b5",
            "cccd2dfa-c6e9-4069-95df-2ed9b28edfcb",
            "4fe15d95-ff22-48c3-8dac-f1ac7b2eea59",
            "c546e5dc-efa7-4373-a5c5-6c32e1971651",
            "fc8b2881-d05c-4055-888f-2f061d057150",
            "0369f9a2-5051-4e2e-ada9-e8a69a95d026"
          ]
        },
        {
          "Type": "TABLE_FOOTER",
          "Ids": [
            "bd180bde-78a8-432e-9966-ad93883f4153"
          ]
        }
      ],
      "EntityTypes": [
        "STRUCTURED_TABLE"
      ],
      "Page": 1
    },
    {
      "BlockType": "CELL",
      "Confidence": 92.529296875,
      "RowIndex": 1,
      "ColumnIndex": 1,
      "RowSpan": 1,
      "ColumnSpan": 1,
      "Geometry": {
        "BoundingBox": {
          "Width": 0.1405053585767746,
          "Height": 0.04492834582924843,
          "Left": 0.2337425798177719,
          "Top": 0.36185094714164734
        },
        "Polygon": [
          {
            "X": 0.2337425798177719,
            "Y": 0.3618735671043396
          },
          {
            "X": 0.37385955452919006,
            "Y": 0.36185094714164734
          },
          {
            "X": 0.3742479383945465,
            "Y": 0.40677928924560547
          },
          {
            "X": 0.234086811542511,
            "Y": 0.40677565336227417
          }
        ]
      },
      "Id": "38f22bbd-388b-4a85-9312-386da26818e7",
      "Page": 1
    },
    {
      "BlockType": "CELL",
      "Confidence": 73.876953125,
      "RowIndex": 1,
      "ColumnIndex": 2,
      "RowSpan": 1,
      "ColumnSpan": 1,
      "Geometry": {
        "BoundingBox": {
          "Width": 0.06034223735332489,
          "Height": 0.044939570128917694,
          "Left": 0.37385955452919006,
          "Top": 0.36184126138687134
        },
        "Polygon": [
          {
            "X": 0.37385955452919006,
            "Y": 0.36185094714164734
          },
          {
            "X": 0.4337945282459259,
            "Y": 0.36184126138687134
          },
          {
            "X": 0.43420180678367615,
            "Y": 0.40678083896636963
          },
          {
            "X": 0.3742479383945465,
            "Y": 0.40677928924560547
          }
        ]
      },
      "Id": "f02cd595-6213-4233-b0c6-02705ce01d0e",
      "Relationships": [
        {
          "Type": "CHILD",
          "Ids": [
            "3598d355-10a0-4c61-a863-24e4ea7b259e",
            "cdd085eb-59fb-4892-a25c-4d079df77f43"
          ]
        }
      ],
      "EntityTypes": [
        "COLUMN_HEADER"
      ],
      "Page": 1
    },
    {
      "BlockType": "CELL",
      "Confidence": 94.3359375,
      "RowIndex": 1,
      "ColumnIndex": 3,
      "RowSpan": 1,
      "ColumnSpan": 1,
      "Geometry": {
        "BoundingBox": {
          "Width": 0.11886576563119888,
          "Height": 0.044961750507354736,
          "Left": 0.4337945282459259,
          "Top": 0.3618221580982208
        },
        "Polygon": [
          {
            "X": 0.4337945282459259,
            "Y": 0.36184126138687134
          },
          {
            "X": 0.5522156953811646,
            "Y": 0.3618221580982208
          },
          {
            "X": 0.5526602864265442,
            "Y": 0.40678390860557556
          },
          {
            "X": 0.43420180678367615,
            "Y": 0.40678083896636963
          }
        ]
      },
      "Id": "13da9f63-2bcb-4178-acb8-fac7af2437bd",
      "Relationships": [
        {
          "Type": "CHILD",
          "Ids": [
            "6b61af75-07b3-4522-911e-bf0cb58b2353",
            "f6d9a798-cad8-4b00-9e39-813046777c58"
          ]
        }
      ],
      "EntityTypes": [
        "COLUMN_HEADER"
      ],
      "Page": 1
    },
    {
      "BlockType": "CELL",
      "Confidence": 89.892578125,
      "RowIndex": 1,
      "ColumnIndex": 4,
      "RowSpan": 1,
      "ColumnSpan": 1,
      "Geometry": {
        "BoundingBox": {
          "Width": 0.08743990212678909,
          "Height": 0.04497804120182991,
          "Left": 0.5522156953811646,
          "Top": 0.3618081212043762
        },
        "Polygon": [
          {
            "X": 0.5522156953811646,
            "Y": 0.3618221580982208
          },
          {
            "X": 0.639183521270752,
            "Y": 0.3618081212043762
          },
          {
            "X": 0.639655590057373,
            "Y": 0.406786173582077
          },
          {
            "X": 0.5526602864265442,
            "Y": 0.40678390860557556
          }
        ]
      },
      "Id": "351ad473-b9fb-4605-be3a-8b48e0c6ea27",
      "Relationships": [
        {
          "Type": "CHILD",
          "Ids": [
            "0282ddb8-5dca-438d-80c2-5ca8f025a71f",
            "0bb7e591-5852-4498-a288-d9dcfab5217d"
          ]
        }
      ],
      "EntityTypes": [
        "COLUMN_HEADER"
      ],
      "Page": 1
    },
    {
      "BlockType": "CELL",
      "Confidence": 94.23828125,
      "RowIndex": 1,
      "ColumnIndex": 5,
      "RowSpan": 1,
      "ColumnSpan": 1,
      "Geometry": {
        "BoundingBox": {
          "Width": 0.12721021473407745,
          "Height": 0.04500177502632141,
          "Left": 0.639183521270752,
          "Top": 0.36178767681121826
        },
        "Polygon": [
          {
            "X": 0.639183521270752,
            "Y": 0.3618081212043762
          },
          {
            "X": 0.7658815979957581,
            "Y": 0.36178767681121826
          },
          {
            "X": 0.7663937211036682,
            "Y": 0.4067894518375397
          },
          {
            "X": 0.639655590057373,
            "Y": 0.406786173582077
          }
        ]
      },
      "Id": "215d311b-fddf-4f11-832b-aee2351a5569",
      "Relationships": [
        {
          "Type": "CHILD",
          "Ids": [
            "5ac7b41c-677e-4874-8868-37e982c13f35",
            "4169b84f-2a7a-46bf-b21e-a45d73cc574d",
            "2b45516b-9f53-4dd6-8f93-6db4e949cd5e"
          ]
        }
      ],
      "EntityTypes": [
        "COLUMN_HEADER"
      ],
      "Page": 1
    },
    {
      "BlockType": "CELL",
      "Confidence": 88.18359375,
      "RowIndex": 2,
      "ColumnIndex": 1,
      "RowSpan": 1,
      "ColumnSpan": 1,
      "Geometry": {
        "BoundingBox": {
          "Width": 0.1404660940170288,
          "Height": 0.03528512269258499,
          "Left": 0.234086811542511,
          "Top": 0.40677565336227417
        },
        "Polygon": [
          {
            "X": 0.234086811542511,
            "Y": 0.40677565336227417
          },
          {
            "X": 0.3742479383945465,
            "Y": 0.40677928924560547
          },
          {
            "X": 0.3745529055595398,
            "Y": 0.44206079840660095
          },
          {
            "X": 0.23435713350772858,
            "Y": 0.44203653931617737
          }
        ]
      },
      "Id": "62cf68d0-d3df-439b-a872-69fe50db3c74",
      "Relationships": [
        {
          "Type": "CHILD",
          "Ids": [
            "8f8d3670-99f5-4aa3-b4f5-21c9bf41755c"
          ]
        }
      ],
      "Page": 1
    },
    {
      "BlockType": "CELL",
      "Confidence": 70.361328125,
      "RowIndex": 2,
      "ColumnIndex": 2,
      "RowSpan": 1,
      "ColumnSpan": 1,
      "Geometry": {
        "BoundingBox": {
          "Width": 0.06027368828654289,
          "Height": 0.035291869193315506,
          "Left": 0.3742479383945465,
          "Top": 0.40677928924560547
        },
        "Polygon": [
          {
            "X": 0.3742479383945465,
            "Y": 0.40677928924560547
          },
          {
            "X": 0.43420180678367615,
            "Y": 0.40678083896636963
          },
          {
            "X": 0.4345216155052185,
            "Y": 0.44207116961479187
          },
          {
            "X": 0.3745529055595398,
            "Y": 0.44206079840660095
          }
        ]
      },
      "Id": "be876958-7807-4ae3-bb4a-8beafcb7e61b",
      "Relationships": [
        {
          "Type": "CHILD",
          "Ids": [
            "ca8d6896-2a1a-4069-ac23-79eb899a79cf"
          ]
        }
      ],
      "Page": 1
    },
    {
      "BlockType": "CELL",
      "Confidence": 89.84375,
      "RowIndex": 2,
      "ColumnIndex": 3,
      "RowSpan": 1,
      "ColumnSpan": 1,
      "Geometry": {
        "BoundingBox": {
          "Width": 0.11880765855312347,
          "Height": 0.035310812294483185,
          "Left": 0.43420180678367615,
          "Top": 0.40678083896636963
        },
        "Polygon": [
          {
            "X": 0.43420180678367615,
            "Y": 0.40678083896636963
          },
          {
            "X": 0.5526602864265442,
            "Y": 0.40678390860557556
          },
          {
            "X": 0.5530094504356384,
            "Y": 0.4420916438102722
          },
          {
            "X": 0.4345216155052185,
            "Y": 0.44207116961479187
          }
        ]
      },
      "Id": "5df5b1f5-048b-48c1-a7c5-32242db352c0",
      "Relationships": [
        {
          "Type": "CHILD",
          "Ids": [
            "4551c181-4a51-43a7-bc89-b85761fb0d81"
          ]
        }
      ],
      "Page": 1
    },
    {
      "BlockType": "CELL",
      "Confidence": 85.595703125,
      "RowIndex": 2,
      "ColumnIndex": 4,
      "RowSpan": 1,
      "ColumnSpan": 1,
      "Geometry": {
        "BoundingBox": {
          "Width": 0.0873659998178482,
          "Height": 0.03532279655337334,
          "Left": 0.5526602864265442,
          "Top": 0.40678390860557556
        },
        "Polygon": [
          {
            "X": 0.5526602864265442,
            "Y": 0.40678390860557556
          },
          {
            "X": 0.639655590057373,
            "Y": 0.406786173582077
          },
          {
            "X": 0.640026330947876,
            "Y": 0.442106693983078
          },
          {
            "X": 0.5530094504356384,
            "Y": 0.4420916438102722
          }
        ]
      },
      "Id": "ad97ad79-17d5-4e88-87df-b7fd1f21d3be",
      "Relationships": [
        {
          "Type": "CHILD",
          "Ids": [
            "b2289dd7-36c3-411c-ba90-7aac7f343ad5"
          ]
        }
      ],
      "Page": 1
    },
    {
      "BlockType": "CELL",
      "Confidence": 89.74609375,
      "RowIndex": 2,
      "ColumnIndex": 5,
      "RowSpan": 1,
      "ColumnSpan": 1,
      "Geometry": {
        "BoundingBox": {
          "Width": 0.12714029848575592,
          "Height": 0.03534247353672981,
          "Left": 0.639655590057373,
          "Top": 0.406786173582077
        },
        "Polygon": [
          {
            "X": 0.639655590057373,
            "Y": 0.406786173582077
          },
          {
            "X": 0.7663937211036682,
            "Y": 0.4067894518375397
          },
          {
            "X": 0.7667958736419678,
            "Y": 0.44212862849235535
          },
          {
            "X": 0.640026330947876,
            "Y": 0.442106693983078
          }
        ]
      },
      "Id": "446966fd-fc2b-45af-8df5-164493bd9c68",
      "Relationships": [
        {
          "Type": "CHILD",
          "Ids": [
            "73e19265-2671-4cfd-a022-aba6e681ea33"
          ]
        }
      ],
      "Page": 1
    },
    {
      "BlockType": "CELL",
      "Confidence": 82.080078125,
      "RowIndex": 3,
      "ColumnIndex": 1,
      "RowSpan": 1,
      "ColumnSpan": 1,
      "Geometry": {
        "BoundingBox": {
          "Width": 0.14044828712940216,
          "Height": 0.02923586778342724,
          "Left": 0.23435713350772858,
          "Top": 0.44203653931617737
        },
        "Polygon": [
          {
            "X": 0.23435713350772858,
            "Y": 0.44203653931617737
          },
          {
            "X": 0.3745529055595398,
            "Y": 0.44206079840660095
          },
          {
            "X": 0.37480542063713074,
            "Y": 0.47127240896224976
          },
          {
            "X": 0.23458094894886017,
            "Y": 0.471231073141098
          }
        ]
      },
      "Id": "ba9a29e2-ce7f-4e34-a0d6-7fea5d6262b5",
      "Relationships": [
        {
          "Type": "CHILD",
          "Ids": [
            "26a3956d-7645-4f12-a28d-50113d59e6a6"
          ]
        }
      ],
      "Page": 1
    },
    {
      "BlockType": "CELL",
      "Confidence": 65.52734375,
      "RowIndex": 3,
      "ColumnIndex": 2,
      "RowSpan": 1,
      "ColumnSpan": 1,
      "Geometry": {
        "BoundingBox": {
          "Width": 0.060233503580093384,
          "Height": 0.0292292982339859,
          "Left": 0.3745529055595398,
          "Top": 0.44206079840660095
        },
        "Polygon": [
          {
            "X": 0.3745529055595398,
            "Y": 0.44206079840660095
          },
          {
            "X": 0.4345216155052185,
            "Y": 0.44207116961479187
          },
          {
            "X": 0.4347864091396332,
            "Y": 0.47129008173942566
          },
          {
            "X": 0.37480542063713074,
            "Y": 0.47127240896224976
          }
        ]
      },
      "Id": "8739f563-e3db-40bb-8465-eef8817c21e7",
      "Relationships": [
        {
          "Type": "CHILD",
          "Ids": [
            "c023f37d-c8f7-45da-b0a9-fc2e1a3b8cb5"
          ]
        }
      ],
      "Page": 1
    },
    {
      "BlockType": "CELL",
      "Confidence": 83.69140625,
      "RowIndex": 3,
      "ColumnIndex": 3,
      "RowSpan": 1,
      "ColumnSpan": 1,
      "Geometry": {
        "BoundingBox": {
          "Width": 0.11877692490816116,
          "Height": 0.029253855347633362,
          "Left": 0.4345216155052185,
          "Top": 0.44207116961479187
        },
        "Polygon": [
          {
            "X": 0.4345216155052185,
            "Y": 0.44207116961479187
          },
          {
            "X": 0.5530094504356384,
            "Y": 0.4420916438102722
          },
          {
            "X": 0.5532985329627991,
            "Y": 0.47132501006126404
          },
          {
            "X": 0.4347864091396332,
            "Y": 0.47129008173942566
          }
        ]
      },
      "Id": "946ef4f9-209c-42b3-a1ff-2e2571ba2858",
      "Relationships": [
        {
          "Type": "CHILD",
          "Ids": [
            "4e1f90e5-cc3e-4e6e-9d8a-6b0a8aae149f"
          ]
        }
      ],
      "Page": 1
    },
    {
      "BlockType": "CELL",
      "Confidence": 79.736328125,
      "RowIndex": 3,
      "ColumnIndex": 4,
      "RowSpan": 1,
      "ColumnSpan": 1,
      "Geometry": {
        "BoundingBox": {
          "Width": 0.08732378482818604,
          "Height": 0.02925901487469673,
          "Left": 0.5530094504356384,
          "Top": 0.4420916438102722
        },
        "Polygon": [
          {
            "X": 0.5530094504356384,
            "Y": 0.4420916438102722
          },
          {
            "X": 0.640026330947876,
            "Y": 0.442106693983078
          },
          {
            "X": 0.6403332352638245,
            "Y": 0.47135066986083984
          },
          {
            "X": 0.5532985329627991,
            "Y": 0.47132501006126404
          }
        ]
      },
      "Id": "d05a1a60-ae12-49f8-bc16-607931df11a2",
      "Relationships": [
        {
          "Type": "CHILD",
          "Ids": [
            "17c2809e-189f-4a5d-a417-9352e4caecb0"
          ]
        }
      ],
      "Page": 1
    },
    {
      "BlockType": "CELL",
      "Confidence": 83.59375,
      "RowIndex": 3,
      "ColumnIndex": 5,
      "RowSpan": 1,
      "ColumnSpan": 1,
      "Geometry": {
        "BoundingBox": {
          "Width": 0.1271025538444519,
          "Height": 0.029281336814165115,
          "Left": 0.640026330947876,
          "Top": 0.442106693983078
        },
        "Polygon": [
          {
            "X": 0.640026330947876,
            "Y": 0.442106693983078
          },
          {
            "X": 0.7667958736419678,
            "Y": 0.44212862849235535
          },
          {
            "X": 0.7671288251876831,
            "Y": 0.471388041973114
          },
          {
            "X": 0.6403332352638245,
            "Y": 0.47135066986083984
          }
        ]
      },
      "Id": "9577d837-5c77-48fb-aacf-2309f990e5b5",
      "Relationships": [
        {
          "Type": "CHILD",
          "Ids": [
            "4cfa9894-9b33-4419-8dbc-ee087308f784"
          ]
        }
      ],
      "Page": 1
    },
    {
      "BlockType": "CELL",
      "Confidence": 90.283203125,
      "RowIndex": 4,
      "ColumnIndex": 1,
      "RowSpan": 1,
      "ColumnSpan": 1,
      "Geometry": {
        "BoundingBox": {
          "Width": 0.1405281275510788,
          "Height": 0.035168569535017014,
          "Left": 0.23458094894886017,
          "Top": 0.471231073141098
        },
        "Polygon": [
          {
            "X": 0.23458094894886017,
            "Y": 0.471231073141098
          },
          {
            "X": 0.37480542063713074,
            "Y": 0.47127240896224976
          },
          {
            "X": 0.37510907649993896,
            "Y": 0.5063996315002441
          },
          {
            "X": 0.23485009372234344,
            "Y": 0.5063377618789673
          }
        ]
      },
      "Id": "cccd2dfa-c6e9-4069-95df-2ed9b28edfcb",
      "Relationships": [
        {
          "Type": "CHILD",
          "Ids": [
            "84d15a3e-58a2-41b1-aed1-ad92e850e047"
          ]
        }
      ],
      "Page": 1
    },
    {
      "BlockType": "CELL",
      "Confidence": 72.0703125,
      "RowIndex": 4,
      "ColumnIndex": 2,
      "RowSpan": 1,
      "ColumnSpan": 1,
      "Geometry": {
        "BoundingBox": {
          "Width": 0.06029941141605377,
          "Height": 0.03515370935201645,
          "Left": 0.37480542063713074,
          "Top": 0.47127240896224976
        },
        "Polygon": [
          {
            "X": 0.37480542063713074,
            "Y": 0.47127240896224976
          },
          {
            "X": 0.4347864091396332,
            "Y": 0.47129008173942566
          },
          {
            "X": 0.4351048469543457,
            "Y": 0.5064260959625244
          },
          {
            "X": 0.37510907649993896,
            "Y": 0.5063996315002441
          }
        ]
      },
      "Id": "4fe15d95-ff22-48c3-8dac-f1ac7b2eea59",
      "Relationships": [
        {
          "Type": "CHILD",
          "Ids": [
            "06afc8a8-e029-4cd6-a65b-c43520a779e4"
          ]
        }
      ],
      "Page": 1
    },
    {
      "BlockType": "CELL",
      "Confidence": 91.9921875,
      "RowIndex": 4,
      "ColumnIndex": 3,
      "RowSpan": 1,
      "ColumnSpan": 1,
      "Geometry": {
        "BoundingBox": {
          "Width": 0.11885976046323776,
          "Height": 0.035188328474760056,
          "Left": 0.4347864091396332,
          "Top": 0.47129008173942566
        },
        "Polygon": [
          {
            "X": 0.4347864091396332,
            "Y": 0.47129008173942566
          },
          {
            "X": 0.5532985329627991,
            "Y": 0.47132501006126404
          },
          {
            "X": 0.5536462068557739,
            "Y": 0.5064784288406372
          },
          {
            "X": 0.4351048469543457,
            "Y": 0.5064260959625244
          }
        ]
      },
      "Id": "c546e5dc-efa7-4373-a5c5-6c32e1971651",
      "Relationships": [
        {
          "Type": "CHILD",
          "Ids": [
            "df184a5a-ca5e-4525-b71c-f376379af602"
          ]
        }
      ],
      "Page": 1
    },
    {
      "BlockType": "CELL",
      "Confidence": 87.6953125,
      "RowIndex": 4,
      "ColumnIndex": 4,
      "RowSpan": 1,
      "ColumnSpan": 1,
      "Geometry": {
        "BoundingBox": {
          "Width": 0.0874037966132164,
          "Height": 0.03519180789589882,
          "Left": 0.5532985329627991,
          "Top": 0.47132501006126404
        },
        "Polygon": [
          {
            "X": 0.5532985329627991,
            "Y": 0.47132501006126404
          },
          {
            "X": 0.6403332352638245,
            "Y": 0.47135066986083984
          },
          {
            "X": 0.6407023668289185,
            "Y": 0.5065168142318726
          },
          {
            "X": 0.5536462068557739,
            "Y": 0.5064784288406372
          }
        ]
      },
      "Id": "fc8b2881-d05c-4055-888f-2f061d057150",
      "Relationships": [
        {
          "Type": "CHILD",
          "Ids": [
            "bf297fc3-4480-42a9-abe8-1effa726ad49"
          ]
        }
      ],
      "Page": 1
    },
    {
      "BlockType": "CELL",
      "Confidence": 91.89453125,
      "RowIndex": 4,
      "ColumnIndex": 5,
      "RowSpan": 1,
      "ColumnSpan": 1,
      "Geometry": {
        "BoundingBox": {
          "Width": 0.12719601392745972,
          "Height": 0.03522210568189621,
          "Left": 0.6403332352638245,
          "Top": 0.47135066986083984
        },
        "Polygon": [
          {
            "X": 0.6403332352638245,
            "Y": 0.47135066986083984
          },
          {
            "X": 0.7671288251876831,
            "Y": 0.471388041973114
          },
          {
            "X": 0.7675292491912842,
            "Y": 0.5065727829933167
          },
          {
            "X": 0.6407023668289185,
            "Y": 0.5065168142318726
          }
        ]
      },
      "Id": "0369f9a2-5051-4e2e-ada9-e8a69a95d026",
      "Relationships": [
        {
          "Type": "CHILD",
          "Ids": [
            "fee932d5-4df0-4805-b4ab-9eae4158fd9c"
          ]
        }
      ],
      "Page": 1
    },
    {
      "BlockType": "TABLE_FOOTER",
      "Confidence": 51.806640625,
      "Geometry": {
        "BoundingBox": {
          "Width": 0.5328337550163269,
          "Height": 0.03629088029265404,
          "Left": 0.23657052218914032,
          "Top": 0.5995106101036072
        },
        "Polygon": [
          {
            "X": 0.23657052218914032,
            "Y": 0.5995106101036072
          },
          {
            "X": 0.7689961791038513,
            "Y": 0.5999524593353271
          },
          {
            "X": 0.7694042325019836,
            "Y": 0.6358014941215515
          },
          {
            "X": 0.2368449866771698,
            "Y": 0.6352801322937012
          }
        ]
      },
      "Id": "bd180bde-78a8-432e-9966-ad93883f4153",
      "Relationships": [
        {
          "Type": "CHILD",
          "Ids": [
            "92ebea54-115b-4639-b449-5018c03e70ee",
            "88796dc0-cc5a-4836-9017-5c96ba7b656a",
            "e9a646c1-46da-4c44-aa82-04dbf4ee4c27"
          ]
        }
      ],
      "Page": 1
    }
  ],
  "AnalyzeDocumentModelVersion": "1.0"
}