"'","'Composition","'Control","'Deproteinized",
"'RelyX ARC/Single Bond 2 (3M/ESPE, Seefeld, Germany)","'RelyXMR MR ARC: TEGDMA, Bis-GMA, ether zircônia/ sílica filler, functional dimethacrylate polymer","'1. Apply of 37% H3PO4 Gel (Con- dac 37%/FGM, Joinville, SC, Brazil) for 15 S","'1. Apply 37% H3PO4 Gel (Condac 37%/ FGM, Joinville, SC, Brazil) for 15 S",
"'","'","'2. Rinsing with air spray","'2. Rinsing with air spray + apply 5% NaOCI (Vetec, Rio de Janeiro, RJ, Bra- zil) for 2 min",
"'","'","'3. Dry with absorbent paper, keeping dentin moisture","'3. Rinsing with air spray for 30 S",
"'","'Adper Single BondTM 2: Ethanol, Bis-GMA, silanated silica filler, 2-HEMA, GDM, copolymer of polyacrylic and polyitaconic acidse UDMA.","'4. Apply of two consecutive coats of Single Bond 2 for 15 S with gently agitation","'4. Dry with absorbent paper, keeping dentin moisture",
"'","'","'5. Gently air thin for 5 S to eva- porate the solvent","'5. Apply two consecutive coats of Single Bond 2 for 15 S with gently agitation",
"'","'","'6. Light cure adhesive for 10 S","'6. Gently air thin for 5 S to evaporate the solvent",
"'","'","'7. Apply the silane on the pre- viously ragged surface of resin block","'7. Light cure adhesive for 10 S",
"'","'","'8. Mix cement for 10 S and apply","'8. Apply the silane on the previously",
,,,

'Confidence Scores % (Table Cell)
"'58.59375000","'70.55664063","'71.14257813","'71.58203125",
"'37.15820313","'36.88964844","'55.41992188","'55.76171875",
"'37.15820313","'36.88964844","'53.66210938","'54.00390625",
"'37.15820313","'38.98925781","'40.38085938","'40.62500000",
"'37.15820313","'38.98925781","'41.69921875","'41.94335938",
"'37.15820313","'38.98925781","'42.06542969","'42.33398438",
"'37.15820313","'38.98925781","'46.19140625","'46.45996094",
"'37.15820313","'38.98925781","'38.57421875","'38.79394531",
"'37.15820313","'38.98925781","'46.38671875","'46.65527344",
