"'","'Table I","'Abbreviations and basic properties of raw","'materials",
"'Reagent","'abbreviation","'basic propertie","'Supplier",
"'Epoxy resin","'EP","'epoxide equivalent: 185-208 g/eq","'Wuhuigang Adhesive",
"'Polyamide 650","'PA","'amine value: 220 20 mgKOH/g","'Wuxi Resin Factory",
"'Multi-walled carbon nanotubes","'MWCNTs","'inner and outer diameters: 4 and 12 nm; lengths: ~ 12 um; carbon purity: > 95 %","'Hengqiu Graphene Science & Technology",
"'Diethanolamine","'DA","'analytical grade","'Tianjin Damao Chemical reagent factory",
"'Methyl acrylate","'MA","'analytical grade","'Chemical",
"'y-Aminopropyl triethoxysilane","'y-APS","'analytical grade","'Sinopharm Reagent",
"'Oleic acid","'OA","'analytical grade","'Shanpu Chemical Reagent",
"'Methanol","'","'analytical grade","'",
"'H2O2","'","'30 wt%","'Chengdu Kelong",
"'toluene","'","'analytical grade","'Chemical Reagent",
,,,

'Confidence Scores % (Table Cell)
"'88.23242188","'88.23242188","'88.23242188","'88.23242188",
"'90.03906250","'74.51171875","'89.94140625","'89.55078125",
"'92.48046875","'76.51367188","'92.33398438","'91.94335938",
"'91.55273438","'75.78125000","'91.45507813","'91.06445313",
"'43.53027344","'36.03515625","'43.45703125","'43.28613281",
"'94.72656250","'78.41796875","'94.62890625","'94.23828125",
"'77.24609375","'63.91601563","'77.14843750","'80.90820313",
"'94.67773438","'78.36914063","'94.58007813","'80.90820313",
"'87.93945313","'72.75390625","'87.79296875","'87.45117188",
"'77.29492188","'63.96484375","'77.19726563","'89.50195313",
"'80.61523438","'66.69921875","'80.51757813","'89.50195313",
"'88.18359375","'72.94921875","'88.03710938","'89.50195313",
