"'Material (manufacturer)","'Composition","'Batch number",
"'Heliomolar (Ivoclar Vivadent, Schaan, Liechtenstein)","'BisGMA, UDMA, 1,10-decanediol dimethacrylate, camphorquinone, silicon dioxide, ytterbium trifluoride and prepolymerized filler (prepolymers) (46 vol%)","'K35053",
"'Tetric N-Ceram (Ivoclar Vivadent, Schaan, Liechtenstein)","'Dimethacrylates, additives, catalysts, stabilizers and pigments, barium glass, ytterbium trifluoride, mixed oxide and prepolymerized filler (prepolymers) (56 vol%)","'L48183",
"'AeliteTM LS (Bisco Inc., Schaumburg, IL, USA)","'BisGMA, BisEMA, TEGDMA, camphorquinone, glass filler, amorphous sílica (74 vol%)","'0900005990",
"'Filtek Silorane (3M ESPE, St. Paul, MN, USA)","'Bis-3,4-epoxycyclohexylethyl-phenyl-Methylsilane 3,4 Epoxycyclohexylcyclopolymethylsiloxane, cam- phorquinone, iodonium salt and electrondonor, silanized quartz, yttrium fluoride (55 vol%)","'N205711",
,,

'Confidence Scores % (Table Cell)
"'94.18945313","'96.33789063","'86.81640625",
"'86.62109375","'88.57421875","'79.83398438",
"'80.76171875","'82.56835938","'74.41406250",
"'77.78320313","'79.54101563","'71.67968750",
"'89.59960938","'91.65039063","'82.61718750",
