{
  "DocumentMetadata": {
    "Pages": 1
  },
  "JobStatus": "SUCCEEDED",
  "Blocks": [
    {
      "BlockType": "PAGE",
      "Geometry": {
        "BoundingBox": {
          "Width": 0.5461588501930237,
          "Height": 0.30203351378440857,
          "Left": 0.22777801752090454,
          "Top": 0.33345919847488403
        },
        "Polygon": [
          {
            "X": 0.22777801752090454,
            "Y": 0.33345919847488403
          },
          {
            "X": 0.7733734250068665,
            "Y": 0.33541738986968994
          },
          {
            "X": 0.7739368677139282,
            "Y": 0.635492742061615
          },
          {
            "X": 0.22808584570884705,
            "Y": 0.6332924962043762
          }
        ]
      },
      "Id": "f59a143c-83b2-4b58-8253-305f029c2cd9",
      "Relationships": [
        {
          "Type": "CHILD",
          "Ids": [
            "211c3e04-2378-41d0-acac-da3aa9593a85",
            "be11671f-4768-40c8-9ddb-652899fe076b",
            "d6061663-dd1b-4d3e-a0fc-de4446decdf1",
            "a9003157-7db7-4d22-8551-35e9b4051972",
            "96dc1dbc-4c14-4558-8978-c55ced8b6b5f",
            "40522d29-efe3-45e2-8c0f-5b83baf65ed8",
            "c7dafcc5-078f-4d68-936a-5b2380ceea12",
            "a0d737da-9467-4556-b407-ff7aa46a9fef",
            "c0bab8b2-735f-4e78-9fca-b5800db948f6",
            "36355084-12b8-4b5f-983d-6d8d55a3262f",
            "5f578b52-d470-46c2-ad5d-497a8fcaaf30",
            "1144004f-3b83-4874-a426-340c8aaa1bfd",
            "cd9e8779-dd66-4bdc-9a82-93358cbf83dc",
            "37aafdfd-d50d-4662-969d-04cd354871ba",
            "ec87600d-e6b5-4d62-96a8-4fcb955dcc4d",
            "dd819a53-f830-44ad-94a3-b85f5d858551",
            "c349d89c-d655-43a8-9118-96c3a574e1bd",
            "112ea87e-097f-4b88-b392-562dd5256c51"
          ]
        }
      ],
      "Page": 1
    },
    {
      "BlockType": "LINE",
      "Confidence": 99.5472412109375,
      "Text": "RNPs",
      "Geometry": {
        "BoundingBox": {
          "Width": 0.03881538286805153,
          "Height": 0.01991477981209755,
          "Left": 0.3018016517162323,
          "Top": 0.40273815393447876
        },
        "Polygon": [
          {
            "X": 0.3018016517162323,
            "Y": 0.40273815393447876
          },
          {
            "X": 0.34059324860572815,
            "Y": 0.40288132429122925
          },
          {
            "X": 0.34061703085899353,
            "Y": 0.422652930021286
          },
          {
            "X": 0.3018242120742798,
            "Y": 0.4225086271762848
          }
        ]
      },
      "Id": "211c3e04-2378-41d0-acac-da3aa9593a85",
      "Relationships": [
        {
          "Type": "CHILD",
          "Ids": [
            "985c81b9-d5c9-4dd5-87df-dea84611286a"
          ]
        }
      ],
      "Page": 1
    },
    {
      "BlockType": "LINE",
      "Confidence": 99.48590850830078,
      "Text": "pH",
      "Geometry": {
        "BoundingBox": {
          "Width": 0.021695923060178757,
          "Height": 0.025558624416589737,
          "Left": 0.4687274694442749,
          "Top": 0.40283989906311035
        },
        "Polygon": [
          {
            "X": 0.4687274694442749,
            "Y": 0.40283989906311035
          },
          {
            "X": 0.49038681387901306,
            "Y": 0.40291982889175415
          },
          {
            "X": 0.49042338132858276,
            "Y": 0.4283985495567322
          },
          {
            "X": 0.46876320242881775,
            "Y": 0.4283177852630615
          }
        ]
      },
      "Id": "be11671f-4768-40c8-9ddb-652899fe076b",
      "Relationships": [
        {
          "Type": "CHILD",
          "Ids": [
            "9bb40741-cdee-4562-a9f2-85ab69a1c2fc"
          ]
        }
      ],
      "Page": 1
    },
    {
      "BlockType": "LINE",
      "Confidence": 64.2818603515625,
      "Text": "R/C (mol/mol)",
      "Geometry": {
        "BoundingBox": {
          "Width": 0.11595480889081955,
          "Height": 0.028301425278186798,
          "Left": 0.605222225189209,
          "Top": 0.3995779752731323
        },
        "Polygon": [
          {
            "X": 0.605222225189209,
            "Y": 0.3995779752731323
          },
          {
            "X": 0.7211269736289978,
            "Y": 0.4000050127506256
          },
          {
            "X": 0.7211770415306091,
            "Y": 0.4278793931007385
          },
          {
            "X": 0.6052672266960144,
            "Y": 0.4274475574493408
          }
        ]
      },
      "Id": "d6061663-dd1b-4d3e-a0fc-de4446decdf1",
      "Relationships": [
        {
          "Type": "CHILD",
          "Ids": [
            "497b7c54-139f-451e-877d-449aa474fa18",
            "e0457e94-999a-4479-b914-ccf20fffc4fc"
          ]
        }
      ],
      "Page": 1
    },
    {
      "BlockType": "LINE",
      "Confidence": 99.91238403320312,
      "Text": "A",
      "Geometry": {
        "BoundingBox": {
          "Width": 0.01159896794706583,
          "Height": 0.018925275653600693,
          "Left": 0.29324811697006226,
          "Top": 0.44822007417678833
        },
        "Polygon": [
          {
            "X": 0.29324811697006226,
            "Y": 0.44822007417678833
          },
          {
            "X": 0.30482545495033264,
            "Y": 0.448263555765152
          },
          {
            "X": 0.3048470914363861,
            "Y": 0.46714532375335693
          },
          {
            "X": 0.29326942563056946,
            "Y": 0.467101514339447
          }
        ]
      },
      "Id": "a9003157-7db7-4d22-8551-35e9b4051972",
      "Relationships": [
        {
          "Type": "CHILD",
          "Ids": [
            "91e8f4e8-49d8-4acf-a0f3-a529503bed19"
          ]
        }
      ],
      "Page": 1
    },
    {
      "BlockType": "LINE",
      "Confidence": 99.79595947265625,
      "Text": "7.2",
      "Geometry": {
        "BoundingBox": {
          "Width": 0.019809668883681297,
          "Height": 0.01872066594660282,
          "Left": 0.4699461758136749,
          "Top": 0.44866687059402466
        },
        "Polygon": [
          {
            "X": 0.4699461758136749,
            "Y": 0.44866687059402466
          },
          {
            "X": 0.489729106426239,
            "Y": 0.44874119758605957
          },
          {
            "X": 0.4897558391094208,
            "Y": 0.46738752722740173
          },
          {
            "X": 0.4699723720550537,
            "Y": 0.46731266379356384
          }
        ]
      },
      "Id": "96dc1dbc-4c14-4558-8978-c55ced8b6b5f",
      "Relationships": [
        {
          "Type": "CHILD",
          "Ids": [
            "337d96b7-2c58-4dcc-8b10-99ed14ee8bbb"
          ]
        }
      ],
      "Page": 1
    },
    {
      "BlockType": "LINE",
      "Confidence": 99.98220825195312,
      "Text": "100",
      "Geometry": {
        "BoundingBox": {
          "Width": 0.023079298436641693,
          "Height": 0.01885640062391758,
          "Left": 0.6525642275810242,
          "Top": 0.4482545852661133
        },
        "Polygon": [
          {
            "X": 0.6525642275810242,
            "Y": 0.4482545852661133
          },
          {
            "X": 0.675611138343811,
            "Y": 0.44834113121032715
          },
          {
            "X": 0.6756435036659241,
            "Y": 0.4671109914779663
          },
          {
            "X": 0.6525958776473999,
            "Y": 0.4670237898826599
          }
        ]
      },
      "Id": "40522d29-efe3-45e2-8c0f-5b83baf65ed8",
      "Relationships": [
        {
          "Type": "CHILD",
          "Ids": [
            "87d123a2-b614-4e8b-a82a-afcb951171d0"
          ]
        }
      ],
      "Page": 1
    },
    {
      "BlockType": "LINE",
      "Confidence": 99.02892303466797,
      "Text": "B",
      "Geometry": {
        "BoundingBox": {
          "Width": 0.009541872888803482,
          "Height": 0.019040854647755623,
          "Left": 0.2938116788864136,
          "Top": 0.48571670055389404
        },
        "Polygon": [
          {
            "X": 0.2938116788864136,
            "Y": 0.48571670055389404
          },
          {
            "X": 0.30333179235458374,
            "Y": 0.48575299978256226
          },
          {
            "X": 0.30335354804992676,
            "Y": 0.5047575831413269
          },
          {
            "X": 0.2938331365585327,
            "Y": 0.5047209858894348
          }
        ]
      },
      "Id": "c7dafcc5-078f-4d68-936a-5b2380ceea12",
      "Relationships": [
        {
          "Type": "CHILD",
          "Ids": [
            "07953eaf-096b-4337-b3d2-36eaa8408277"
          ]
        }
      ],
      "Page": 1
    },
    {
      "BlockType": "LINE",
      "Confidence": 91.61680603027344,
      "Text": "7.0",
      "Geometry": {
        "BoundingBox": {
          "Width": 0.01974281296133995,
          "Height": 0.01862064003944397,
          "Left": 0.47001156210899353,
          "Top": 0.48641133308410645
        },
        "Polygon": [
          {
            "X": 0.47001156210899353,
            "Y": 0.48641133308410645
          },
          {
            "X": 0.48972776532173157,
            "Y": 0.4864865243434906
          },
          {
            "X": 0.4897543787956238,
            "Y": 0.5050320029258728
          },
          {
            "X": 0.4700376093387604,
            "Y": 0.5049562454223633
          }
        ]
      },
      "Id": "a0d737da-9467-4556-b407-ff7aa46a9fef",
      "Relationships": [
        {
          "Type": "CHILD",
          "Ids": [
            "1ec46591-a3da-4a3f-8cf6-c804964a1be0"
          ]
        }
      ],
      "Page": 1
    },
    {
      "BlockType": "LINE",
      "Confidence": 99.97733306884766,
      "Text": "150",
      "Geometry": {
        "BoundingBox": {
          "Width": 0.023088591173291206,
          "Height": 0.019123289734125137,
          "Left": 0.6525315642356873,
          "Top": 0.48614948987960815
        },
        "Polygon": [
          {
            "X": 0.6525315642356873,
            "Y": 0.48614948987960815
          },
          {
            "X": 0.6755873560905457,
            "Y": 0.4862373471260071
          },
          {
            "X": 0.6756201982498169,
            "Y": 0.5052727460861206
          },
          {
            "X": 0.652563750743866,
            "Y": 0.5051842331886292
          }
        ]
      },
      "Id": "c0bab8b2-735f-4e78-9fca-b5800db948f6",
      "Relationships": [
        {
          "Type": "CHILD",
          "Ids": [
            "a086920f-e56d-4bb1-8537-cd5cd5340a39"
          ]
        }
      ],
      "Page": 1
    },
    {
      "BlockType": "LINE",
      "Confidence": 96.27597045898438,
      "Text": "C",
      "Geometry": {
        "BoundingBox": {
          "Width": 0.011082625947892666,
          "Height": 0.02074182964861393,
          "Left": 0.29419970512390137,
          "Top": 0.5225845575332642
        },
        "Polygon": [
          {
            "X": 0.29419970512390137,
            "Y": 0.5225845575332642
          },
          {
            "X": 0.305258572101593,
            "Y": 0.5226273536682129
          },
          {
            "X": 0.305282324552536,
            "Y": 0.5433264374732971
          },
          {
            "X": 0.2942230999469757,
            "Y": 0.5432832837104797
          }
        ]
      },
      "Id": "36355084-12b8-4b5f-983d-6d8d55a3262f",
      "Relationships": [
        {
          "Type": "CHILD",
          "Ids": [
            "f8bddc19-d547-4a7c-8f1e-67986fa0d22a"
          ]
        }
      ],
      "Page": 1
    },
    {
      "BlockType": "LINE",
      "Confidence": 99.89964294433594,
      "Text": "6.7",
      "Geometry": {
        "BoundingBox": {
          "Width": 0.01890663243830204,
          "Height": 0.01985209994018078,
          "Left": 0.4704580008983612,
          "Top": 0.5232125520706177
        },
        "Polygon": [
          {
            "X": 0.4704580008983612,
            "Y": 0.5232125520706177
          },
          {
            "X": 0.4893362820148468,
            "Y": 0.5232855081558228
          },
          {
            "X": 0.4893646538257599,
            "Y": 0.5430646538734436
          },
          {
            "X": 0.4704858064651489,
            "Y": 0.542991042137146
          }
        ]
      },
      "Id": "5f578b52-d470-46c2-ad5d-497a8fcaaf30",
      "Relationships": [
        {
          "Type": "CHILD",
          "Ids": [
            "07ddda64-9881-4175-aece-4ef487532a73"
          ]
        }
      ],
      "Page": 1
    },
    {
      "BlockType": "LINE",
      "Confidence": 99.96200561523438,
      "Text": "250",
      "Geometry": {
        "BoundingBox": {
          "Width": 0.024276942014694214,
          "Height": 0.019491547718644142,
          "Left": 0.6511731147766113,
          "Top": 0.5237776041030884
        },
        "Polygon": [
          {
            "X": 0.6511731147766113,
            "Y": 0.5237776041030884
          },
          {
            "X": 0.6754165887832642,
            "Y": 0.5238713026046753
          },
          {
            "X": 0.6754500269889832,
            "Y": 0.5432690978050232
          },
          {
            "X": 0.6512057781219482,
            "Y": 0.543174684047699
          }
        ]
      },
      "Id": "1144004f-3b83-4874-a426-340c8aaa1bfd",
      "Relationships": [
        {
          "Type": "CHILD",
          "Ids": [
            "e3872e00-0536-43c8-abc5-9c047a7fe0c4"
          ]
        }
      ],
      "Page": 1
    },
    {
      "BlockType": "LINE",
      "Confidence": 99.97781372070312,
      "Text": "D",
      "Geometry": {
        "BoundingBox": {
          "Width": 0.012304121628403664,
          "Height": 0.019917111843824387,
          "Left": 0.293398380279541,
          "Top": 0.5617197751998901
        },
        "Polygon": [
          {
            "X": 0.293398380279541,
            "Y": 0.5617197751998901
          },
          {
            "X": 0.30567970871925354,
            "Y": 0.5617679357528687
          },
          {
            "X": 0.3057025074958801,
            "Y": 0.5816368460655212
          },
          {
            "X": 0.29342082142829895,
            "Y": 0.5815882682800293
          }
        ]
      },
      "Id": "cd9e8779-dd66-4bdc-9a82-93358cbf83dc",
      "Relationships": [
        {
          "Type": "CHILD",
          "Ids": [
            "0671a167-c3f7-4bba-9e34-b68aa16c5aef"
          ]
        }
      ],
      "Page": 1
    },
    {
      "BlockType": "LINE",
      "Confidence": 99.57466125488281,
      "Text": "6.3",
      "Geometry": {
        "BoundingBox": {
          "Width": 0.018741512671113014,
          "Height": 0.020035089924931526,
          "Left": 0.47033971548080444,
          "Top": 0.562117338180542
        },
        "Polygon": [
          {
            "X": 0.47033971548080444,
            "Y": 0.562117338180542
          },
          {
            "X": 0.48905259370803833,
            "Y": 0.5621907711029053
          },
          {
            "X": 0.4890812337398529,
            "Y": 0.5821524262428284
          },
          {
            "X": 0.47036775946617126,
            "Y": 0.5820784568786621
          }
        ]
      },
      "Id": "37aafdfd-d50d-4662-969d-04cd354871ba",
      "Relationships": [
        {
          "Type": "CHILD",
          "Ids": [
            "168694aa-b17e-4061-ba1e-5aee61f7ef6c"
          ]
        }
      ],
      "Page": 1
    },
    {
      "BlockType": "LINE",
      "Confidence": 99.91104888916016,
      "Text": "500",
      "Geometry": {
        "BoundingBox": {
          "Width": 0.023972611874341965,
          "Height": 0.019458623602986336,
          "Left": 0.6513451337814331,
          "Top": 0.5626319050788879
        },
        "Polygon": [
          {
            "X": 0.6513451337814331,
            "Y": 0.5626319050788879
          },
          {
            "X": 0.6752843260765076,
            "Y": 0.562725841999054
          },
          {
            "X": 0.6753177046775818,
            "Y": 0.5820904970169067
          },
          {
            "X": 0.6513777375221252,
            "Y": 0.5819959044456482
          }
        ]
      },
      "Id": "ec87600d-e6b5-4d62-96a8-4fcb955dcc4d",
      "Relationships": [
        {
          "Type": "CHILD",
          "Ids": [
            "4bfccc7a-920d-488e-baa5-17d4f9cdc454"
          ]
        }
      ],
      "Page": 1
    },
    {
      "BlockType": "LINE",
      "Confidence": 98.7627182006836,
      "Text": "dRNPs b",
      "Geometry": {
        "BoundingBox": {
          "Width": 0.05483736842870712,
          "Height": 0.02628251351416111,
          "Left": 0.2938697338104248,
          "Top": 0.5930521488189697
        },
        "Polygon": [
          {
            "X": 0.2938697338104248,
            "Y": 0.5930521488189697
          },
          {
            "X": 0.3486754596233368,
            "Y": 0.5932697653770447
          },
          {
            "X": 0.3487071096897125,
            "Y": 0.6193346381187439
          },
          {
            "X": 0.29389917850494385,
            "Y": 0.619114875793457
          }
        ]
      },
      "Id": "dd819a53-f830-44ad-94a3-b85f5d858551",
      "Relationships": [
        {
          "Type": "CHILD",
          "Ids": [
            "20f3c067-0517-44cb-8177-1f3e7ac14468",
            "26bfa90d-736a-4e1b-8fb0-863628325989"
          ]
        }
      ],
      "Page": 1
    },
    {
      "BlockType": "LINE",
      "Confidence": 99.90216827392578,
      "Text": "246",
      "Geometry": {
        "BoundingBox": {
          "Width": 0.024564189836382866,
          "Height": 0.018604079261422157,
          "Left": 0.6511897444725037,
          "Top": 0.6002064347267151
        },
        "Polygon": [
          {
            "X": 0.6511897444725037,
            "Y": 0.6002064347267151
          },
          {
            "X": 0.6757220029830933,
            "Y": 0.6003040671348572
          },
          {
            "X": 0.6757539510726929,
            "Y": 0.6188105344772339
          },
          {
            "X": 0.651220977306366,
            "Y": 0.6187122464179993
          }
        ]
      },
      "Id": "c349d89c-d655-43a8-9118-96c3a574e1bd",
      "Relationships": [
        {
          "Type": "CHILD",
          "Ids": [
            "960dc13a-1486-439e-b206-694d74115cd0"
          ]
        }
      ],
      "Page": 1
    },
    {
      "BlockType": "WORD",
      "Confidence": 99.5472412109375,
      "Text": "RNPs",
      "TextType": "PRINTED",
      "Geometry": {
        "BoundingBox": {
          "Width": 0.03881538286805153,
          "Height": 0.01991477981209755,
          "Left": 0.3018016517162323,
          "Top": 0.40273815393447876
        },
        "Polygon": [
          {
            "X": 0.3018016517162323,
            "Y": 0.40273815393447876
          },
          {
            "X": 0.34059324860572815,
            "Y": 0.40288132429122925
          },
          {
            "X": 0.34061703085899353,
            "Y": 0.422652930021286
          },
          {
            "X": 0.3018242120742798,
            "Y": 0.4225086271762848
          }
        ]
      },
      "Id": "985c81b9-d5c9-4dd5-87df-dea84611286a",
      "Page": 1
    },
    {
      "BlockType": "WORD",
      "Confidence": 99.48590850830078,
      "Text": "pH",
      "TextType": "PRINTED",
      "Geometry": {
        "BoundingBox": {
          "Width": 0.021695923060178757,
          "Height": 0.025558624416589737,
          "Left": 0.4687274694442749,
          "Top": 0.40283989906311035
        },
        "Polygon": [
          {
            "X": 0.4687274694442749,
            "Y": 0.40283989906311035
          },
          {
            "X": 0.49038681387901306,
            "Y": 0.40291982889175415
          },
          {
            "X": 0.49042338132858276,
            "Y": 0.4283985495567322
          },
          {
            "X": 0.46876320242881775,
            "Y": 0.4283177852630615
          }
        ]
      },
      "Id": "9bb40741-cdee-4562-a9f2-85ab69a1c2fc",
      "Page": 1
    },
    {
      "BlockType": "WORD",
      "Confidence": 29.639404296875,
      "Text": "R/C",
      "TextType": "PRINTED",
      "Geometry": {
        "BoundingBox": {
          "Width": 0.03713304176926613,
          "Height": 0.024365892633795738,
          "Left": 0.6052230000495911,
          "Top": 0.4000813961029053
        },
        "Polygon": [
          {
            "X": 0.6052230000495911,
            "Y": 0.4000813961029053
          },
          {
            "X": 0.6423155069351196,
            "Y": 0.40021809935569763
          },
          {
            "X": 0.6423560380935669,
            "Y": 0.42444729804992676
          },
          {
            "X": 0.6052621603012085,
            "Y": 0.42430928349494934
          }
        ]
      },
      "Id": "497b7c54-139f-451e-877d-449aa474fa18",
      "Page": 1
    },
    {
      "BlockType": "WORD",
      "Confidence": 98.92430114746094,
      "Text": "(mol/mol)",
      "TextType": "PRINTED",
      "Geometry": {
        "BoundingBox": {
          "Width": 0.07171909511089325,
          "Height": 0.02813844196498394,
          "Left": 0.6494579315185547,
          "Top": 0.39974093437194824
        },
        "Polygon": [
          {
            "X": 0.6494579315185547,
            "Y": 0.39974093437194824
          },
          {
            "X": 0.7211269736289978,
            "Y": 0.4000050127506256
          },
          {
            "X": 0.7211770415306091,
            "Y": 0.4278793931007385
          },
          {
            "X": 0.6495048403739929,
            "Y": 0.4276123642921448
          }
        ]
      },
      "Id": "e0457e94-999a-4479-b914-ccf20fffc4fc",
      "Page": 1
    },
    {
      "BlockType": "WORD",
      "Confidence": 99.91238403320312,
      "Text": "A",
      "TextType": "PRINTED",
      "Geometry": {
        "BoundingBox": {
          "Width": 0.01159896794706583,
          "Height": 0.018925275653600693,
          "Left": 0.29324811697006226,
          "Top": 0.44822007417678833
        },
        "Polygon": [
          {
            "X": 0.29324811697006226,
            "Y": 0.44822007417678833
          },
          {
            "X": 0.30482545495033264,
            "Y": 0.448263555765152
          },
          {
            "X": 0.3048470914363861,
            "Y": 0.46714532375335693
          },
          {
            "X": 0.29326942563056946,
            "Y": 0.467101514339447
          }
        ]
      },
      "Id": "91e8f4e8-49d8-4acf-a0f3-a529503bed19",
      "Page": 1
    },
    {
      "BlockType": "WORD",
      "Confidence": 99.79595947265625,
      "Text": "7.2",
      "TextType": "PRINTED",
      "Geometry": {
        "BoundingBox": {
          "Width": 0.019809668883681297,
          "Height": 0.01872066594660282,
          "Left": 0.4699461758136749,
          "Top": 0.44866687059402466
        },
        "Polygon": [
          {
            "X": 0.4699461758136749,
            "Y": 0.44866687059402466
          },
          {
            "X": 0.489729106426239,
            "Y": 0.44874119758605957
          },
          {
            "X": 0.4897558391094208,
            "Y": 0.46738752722740173
          },
          {
            "X": 0.4699723720550537,
            "Y": 0.46731266379356384
          }
        ]
      },
      "Id": "337d96b7-2c58-4dcc-8b10-99ed14ee8bbb",
      "Page": 1
    },
    {
      "BlockType": "WORD",
      "Confidence": 99.98220825195312,
      "Text": "100",
      "TextType": "PRINTED",
      "Geometry": {
        "BoundingBox": {
          "Width": 0.023079298436641693,
          "Height": 0.01885640062391758,
          "Left": 0.6525642275810242,
          "Top": 0.4482545852661133
        },
        "Polygon": [
          {
            "X": 0.6525642275810242,
            "Y": 0.4482545852661133
          },
          {
            "X": 0.675611138343811,
            "Y": 0.44834113121032715
          },
          {
            "X": 0.6756435036659241,
            "Y": 0.4671109914779663
          },
          {
            "X": 0.6525958776473999,
            "Y": 0.4670237898826599
          }
        ]
      },
      "Id": "87d123a2-b614-4e8b-a82a-afcb951171d0",
      "Page": 1
    },
    {
      "BlockType": "WORD",
      "Confidence": 99.02892303466797,
      "Text": "B",
      "TextType": "PRINTED",
      "Geometry": {
        "BoundingBox": {
          "Width": 0.009541872888803482,
          "Height": 0.019040854647755623,
          "Left": 0.2938116788864136,
          "Top": 0.48571670055389404
        },
        "Polygon": [
          {
            "X": 0.2938116788864136,
            "Y": 0.48571670055389404
          },
          {
            "X": 0.30333179235458374,
            "Y": 0.48575299978256226
          },
          {
            "X": 0.30335354804992676,
            "Y": 0.5047575831413269
          },
          {
            "X": 0.2938331365585327,
            "Y": 0.5047209858894348
          }
        ]
      },
      "Id": "07953eaf-096b-4337-b3d2-36eaa8408277",
      "Page": 1
    },
    {
      "BlockType": "WORD",
      "Confidence": 91.61680603027344,
      "Text": "7.0",
      "TextType": "PRINTED",
      "Geometry": {
        "BoundingBox": {
          "Width": 0.01974281296133995,
          "Height": 0.01862064003944397,
          "Left": 0.47001156210899353,
          "Top": 0.48641133308410645
        },
        "Polygon": [
          {
            "X": 0.47001156210899353,
            "Y": 0.48641133308410645
          },
          {
            "X": 0.48972776532173157,
            "Y": 0.4864865243434906
          },
          {
            "X": 0.4897543787956238,
            "Y": 0.5050320029258728
          },
          {
            "X": 0.4700376093387604,
            "Y": 0.5049562454223633
          }
        ]
      },
      "Id": "1ec46591-a3da-4a3f-8cf6-c804964a1be0",
      "Page": 1
    },
    {
      "BlockType": "WORD",
      "Confidence": 99.97733306884766,
      "Text": "150",
      "TextType": "PRINTED",
      "Geometry": {
        "BoundingBox": {
          "Width": 0.023088591173291206,
          "Height": 0.019123289734125137,
          "Left": 0.6525315642356873,
          "Top": 0.48614948987960815
        },
        "Polygon": [
          {
            "X": 0.6525315642356873,
            "Y": 0.48614948987960815
          },
          {
            "X": 0.6755873560905457,
            "Y": 0.4862373471260071
          },
          {
            "X": 0.6756201982498169,
            "Y": 0.5052727460861206
          },
          {
            "X": 0.652563750743866,
            "Y": 0.5051842331886292
          }
        ]
      },
      "Id": "a086920f-e56d-4bb1-8537-cd5cd5340a39",
      "Page": 1
    },
    {
      "BlockType": "WORD",
      "Confidence": 96.27597045898438,
      "Text": "C",
      "TextType": "PRINTED",
      "Geometry": {
        "BoundingBox": {
          "Width": 0.011082625947892666,
          "Height": 0.02074182964861393,
          "Left": 0.29419970512390137,
          "Top": 0.5225845575332642
        },
        "Polygon": [
          {
            "X": 0.29419970512390137,
            "Y": 0.5225845575332642
          },
          {
            "X": 0.305258572101593,
            "Y": 0.5226273536682129
          },
          {
            "X": 0.305282324552536,
            "Y": 0.5433264374732971
          },
          {
            "X": 0.2942230999469757,
            "Y": 0.5432832837104797
          }
        ]
      },
      "Id": "f8bddc19-d547-4a7c-8f1e-67986fa0d22a",
      "Page": 1
    },
    {
      "BlockType": "WORD",
      "Confidence": 99.89964294433594,
      "Text": "6.7",
      "TextType": "PRINTED",
      "Geometry": {
        "BoundingBox": {
          "Width": 0.01890663243830204,
          "Height": 0.01985209994018078,
          "Left": 0.4704580008983612,
          "Top": 0.5232125520706177
        },
        "Polygon": [
          {
            "X": 0.4704580008983612,
            "Y": 0.5232125520706177
          },
          {
            "X": 0.4893362820148468,
            "Y": 0.5232855081558228
          },
          {
            "X": 0.4893646538257599,
            "Y": 0.5430646538734436
          },
          {
            "X": 0.4704858064651489,
            "Y": 0.542991042137146
          }
        ]
      },
      "Id": "07ddda64-9881-4175-aece-4ef487532a73",
      "Page": 1
    },
    {
      "BlockType": "WORD",
      "Confidence": 99.96200561523438,
      "Text": "250",
      "TextType": "PRINTED",
      "Geometry": {
        "BoundingBox": {
          "Width": 0.024276942014694214,
          "Height": 0.019491547718644142,
          "Left": 0.6511731147766113,
          "Top": 0.5237776041030884
        },
        "Polygon": [
          {
            "X": 0.6511731147766113,
            "Y": 0.5237776041030884
          },
          {
            "X": 0.6754165887832642,
            "Y": 0.5238713026046753
          },
          {
            "X": 0.6754500269889832,
            "Y": 0.5432690978050232
          },
          {
            "X": 0.6512057781219482,
            "Y": 0.543174684047699
          }
        ]
      },
      "Id": "e3872e00-0536-43c8-abc5-9c047a7fe0c4",
      "Page": 1
    },
    {
      "BlockType": "WORD",
      "Confidence": 99.97781372070312,
      "Text": "D",
      "TextType": "PRINTED",
      "Geometry": {
        "BoundingBox": {
          "Width": 0.012304121628403664,
          "Height": 0.019917111843824387,
          "Left": 0.293398380279541,
          "Top": 0.5617197751998901
        },
        "Polygon": [
          {
            "X": 0.293398380279541,
            "Y": 0.5617197751998901
          },
          {
            "X": 0.30567970871925354,
            "Y": 0.5617679357528687
          },
          {
            "X": 0.3057025074958801,
            "Y": 0.5816368460655212
          },
          {
            "X": 0.29342082142829895,
            "Y": 0.5815882682800293
          }
        ]
      },
      "Id": "0671a167-c3f7-4bba-9e34-b68aa16c5aef",
      "Page": 1
    },
    {
      "BlockType": "WORD",
      "Confidence": 99.57466125488281,
      "Text": "6.3",
      "TextType": "PRINTED",
      "Geometry": {
        "BoundingBox": {
          "Width": 0.018741512671113014,
          "Height": 0.020035089924931526,
          "Left": 0.47033971548080444,
          "Top": 0.562117338180542
        },
        "Polygon": [
          {
            "X": 0.47033971548080444,
            "Y": 0.562117338180542
          },
          {
            "X": 0.48905259370803833,
            "Y": 0.5621907711029053
          },
          {
            "X": 0.4890812337398529,
            "Y": 0.5821524262428284
          },
          {
            "X": 0.47036775946617126,
            "Y": 0.5820784568786621
          }
        ]
      },
      "Id": "168694aa-b17e-4061-ba1e-5aee61f7ef6c",
      "Page": 1
    },
    {
      "BlockType": "WORD",
      "Confidence": 99.91104888916016,
      "Text": "500",
      "TextType": "PRINTED",
      "Geometry": {
        "BoundingBox": {
          "Width": 0.023972611874341965,
          "Height": 0.019458623602986336,
          "Left": 0.6513451337814331,
          "Top": 0.5626319050788879
        },
        "Polygon": [
          {
            "X": 0.6513451337814331,
            "Y": 0.5626319050788879
          },
          {
            "X": 0.6752843260765076,
            "Y": 0.562725841999054
          },
          {
            "X": 0.6753177046775818,
            "Y": 0.5820904970169067
          },
          {
            "X": 0.6513777375221252,
            "Y": 0.5819959044456482
          }
        ]
      },
      "Id": "4bfccc7a-920d-488e-baa5-17d4f9cdc454",
      "Page": 1
    },
    {
      "BlockType": "WORD",
      "Confidence": 98.98045349121094,
      "Text": "dRNPs",
      "TextType": "PRINTED",
      "Geometry": {
        "BoundingBox": {
          "Width": 0.04686979949474335,
          "Height": 0.021613163873553276,
          "Left": 0.29387497901916504,
          "Top": 0.5976895689964294
        },
        "Polygon": [
          {
            "X": 0.29387497901916504,
            "Y": 0.5976895689964294
          },
          {
            "X": 0.3407190144062042,
            "Y": 0.5978758931159973
          },
          {
            "X": 0.3407447636127472,
            "Y": 0.6193026900291443
          },
          {
            "X": 0.29389917850494385,
            "Y": 0.619114875793457
          }
        ]
      },
      "Id": "20f3c067-0517-44cb-8177-1f3e7ac14468",
      "Page": 1
    },
    {
      "BlockType": "WORD",
      "Confidence": 98.54496765136719,
      "Text": "b",
      "TextType": "PRINTED",
      "Geometry": {
        "BoundingBox": {
          "Width": 0.007295174989849329,
          "Height": 0.014557969756424427,
          "Left": 0.3413979113101959,
          "Top": 0.5932408571243286
        },
        "Polygon": [
          {
            "X": 0.3413979113101959,
            "Y": 0.5932408571243286
          },
          {
            "X": 0.3486754596233368,
            "Y": 0.5932697653770447
          },
          {
            "X": 0.3486931025981903,
            "Y": 0.6077988147735596
          },
          {
            "X": 0.3414154052734375,
            "Y": 0.607769787311554
          }
        ]
      },
      "Id": "26bfa90d-736a-4e1b-8fb0-863628325989",
      "Page": 1
    },
    {
      "BlockType": "WORD",
      "Confidence": 99.90216827392578,
      "Text": "246",
      "TextType": "PRINTED",
      "Geometry": {
        "BoundingBox": {
          "Width": 0.024564189836382866,
          "Height": 0.018604079261422157,
          "Left": 0.6511897444725037,
          "Top": 0.6002064347267151
        },
        "Polygon": [
          {
            "X": 0.6511897444725037,
            "Y": 0.6002064347267151
          },
          {
            "X": 0.6757220029830933,
            "Y": 0.6003040671348572
          },
          {
            "X": 0.6757539510726929,
            "Y": 0.6188105344772339
          },
          {
            "X": 0.651220977306366,
            "Y": 0.6187122464179993
          }
        ]
      },
      "Id": "960dc13a-1486-439e-b206-694d74115cd0",
      "Page": 1
    },
    {
      "BlockType": "TABLE",
      "Confidence": 99.609375,
      "Geometry": {
        "BoundingBox": {
          "Width": 0.5241747498512268,
          "Height": 0.2341374307870865,
          "Left": 0.23785728216171265,
          "Top": 0.3904232978820801
        },
        "Polygon": [
          {
            "X": 0.23785728216171265,
            "Y": 0.3904232978820801
          },
          {
            "X": 0.7616003155708313,
            "Y": 0.39234697818756104
          },
          {
            "X": 0.7620320320129395,
            "Y": 0.6245607137680054
          },
          {
            "X": 0.2380991280078888,
            "Y": 0.6224572658538818
          }
        ]
      },
      "Id": "112ea87e-097f-4b88-b392-562dd5256c51",
      "Relationships": [
        {
          "Type": "CHILD",
          "Ids": [
            "17ff736b-5a31-4fec-8578-96c7a189508b",
            "b9636542-ea75-4bc5-acad-394e03d74801",
            "4fbbc3a7-bb81-47c4-b5ae-1310cd200ac8",
            "08f08f92-fbdf-4984-9c8d-b0d1c535d76f",
            "269e87ef-6a0b-4664-bdca-a17d49b75fce",
            "b385f0ac-1694-4e33-be43-a4a326d2d7f3",
            "6078f552-7ee6-4534-8bda-71231f1b8259",
            "203cc902-cb5d-4819-9447-5590030a556f",
            "0854680a-39fc-4617-8494-d36a2bdb320f",
            "8c415d38-dcc2-48e8-bed2-8494778c918f",
            "52e6573c-daea-4a90-92b1-eaa336e53381",
            "1172dbab-28cf-4ac8-bbbc-9c59acaaaa0d",
            "dd65aee3-f787-465a-849b-ed473399fce9",
            "2448a801-e3d8-4175-bbac-a00a51899658",
            "02e90b8e-90bc-42dc-888e-acf2cf5e878d",
            "3c18d349-de2a-486f-bac4-fab28cf8f53c",
            "ff81ec1b-5f73-4a28-8c0e-31fd7794db27",
            "911f96d6-b4b7-440b-9f51-57c62b51182e"
          ]
        }
      ],
      "EntityTypes": [
        "STRUCTURED_TABLE"
      ],
      "Page": 1
    },
    {
      "BlockType": "CELL",
      "Confidence": 92.87109375,
      "RowIndex": 1,
      "ColumnIndex": 1,
      "RowSpan": 1,
      "ColumnSpan": 1,
      "Geometry": {
        "BoundingBox": {
          "Width": 0.16493342816829681,
          "Height": 0.04822246730327606,
          "Left": 0.23785728216171265,
          "Top": 0.3904232978820801
        },
        "Polygon": [
          {
            "X": 0.23785728216171265,
            "Y": 0.3904232978820801
          },
          {
            "X": 0.4027288258075714,
            "Y": 0.39102885127067566
          },
          {
            "X": 0.40279069542884827,
            "Y": 0.43864578008651733
          },
          {
            "X": 0.23790688812732697,
            "Y": 0.43802860379219055
          }
        ]
      },
      "Id": "17ff736b-5a31-4fec-8578-96c7a189508b",
      "Relationships": [
        {
          "Type": "CHILD",
          "Ids": [
            "985c81b9-d5c9-4dd5-87df-dea84611286a"
          ]
        }
      ],
      "EntityTypes": [
        "COLUMN_HEADER"
      ],
      "Page": 1
    },
    {
      "BlockType": "CELL",
      "Confidence": 91.30859375,
      "RowIndex": 1,
      "ColumnIndex": 2,
      "RowSpan": 1,
      "ColumnSpan": 1,
      "Geometry": {
        "BoundingBox": {
          "Width": 0.15596258640289307,
          "Height": 0.04820045083761215,
          "Left": 0.4027288258075714,
          "Top": 0.39102885127067566
        },
        "Polygon": [
          {
            "X": 0.4027288258075714,
            "Y": 0.39102885127067566
          },
          {
            "X": 0.5586179494857788,
            "Y": 0.39160144329071045
          },
          {
            "X": 0.5586913824081421,
            "Y": 0.4392293095588684
          },
          {
            "X": 0.40279069542884827,
            "Y": 0.43864578008651733
          }
        ]
      },
      "Id": "b9636542-ea75-4bc5-acad-394e03d74801",
      "Relationships": [
        {
          "Type": "CHILD",
          "Ids": [
            "9bb40741-cdee-4562-a9f2-85ab69a1c2fc"
          ]
        }
      ],
      "EntityTypes": [
        "COLUMN_HEADER"
      ],
      "Page": 1
    },
    {
      "BlockType": "CELL",
      "Confidence": 94.287109375,
      "RowIndex": 1,
      "ColumnIndex": 3,
      "RowSpan": 1,
      "ColumnSpan": 1,
      "Geometry": {
        "BoundingBox": {
          "Width": 0.2030709683895111,
          "Height": 0.048387713730335236,
          "Left": 0.5586179494857788,
          "Top": 0.39160144329071045
        },
        "Polygon": [
          {
            "X": 0.5586179494857788,
            "Y": 0.39160144329071045
          },
          {
            "X": 0.7616003155708313,
            "Y": 0.39234697818756104
          },
          {
            "X": 0.7616888880729675,
            "Y": 0.4399891495704651
          },
          {
            "X": 0.5586913824081421,
            "Y": 0.4392293095588684
          }
        ]
      },
      "Id": "4fbbc3a7-bb81-47c4-b5ae-1310cd200ac8",
      "Relationships": [
        {
          "Type": "CHILD",
          "Ids": [
            "497b7c54-139f-451e-877d-449aa474fa18",
            "e0457e94-999a-4479-b914-ccf20fffc4fc"
          ]
        }
      ],
      "EntityTypes": [
        "COLUMN_HEADER"
      ],
      "Page": 1
    },
    {
      "BlockType": "CELL",
      "Confidence": 88.330078125,
      "RowIndex": 2,
      "ColumnIndex": 1,
      "RowSpan": 1,
      "ColumnSpan": 1,
      "Geometry": {
        "BoundingBox": {
          "Width": 0.1649312824010849,
          "Height": 0.03715784475207329,
          "Left": 0.23790688812732697,
          "Top": 0.43802860379219055
        },
        "Polygon": [
          {
            "X": 0.23790688812732697,
            "Y": 0.43802860379219055
          },
          {
            "X": 0.40279069542884827,
            "Y": 0.43864578008651733
          },
          {
            "X": 0.40283817052841187,
            "Y": 0.47518643736839294
          },
          {
            "X": 0.23794497549533844,
            "Y": 0.47456035017967224
          }
        ]
      },
      "Id": "08f08f92-fbdf-4984-9c8d-b0d1c535d76f",
      "Relationships": [
        {
          "Type": "CHILD",
          "Ids": [
            "91e8f4e8-49d8-4acf-a0f3-a529503bed19"
          ]
        }
      ],
      "Page": 1
    },
    {
      "BlockType": "CELL",
      "Confidence": 86.81640625,
      "RowIndex": 2,
      "ColumnIndex": 2,
      "RowSpan": 1,
      "ColumnSpan": 1,
      "Geometry": {
        "BoundingBox": {
          "Width": 0.15595708787441254,
          "Height": 0.03713264316320419,
          "Left": 0.40279069542884827,
          "Top": 0.43864578008651733
        },
        "Polygon": [
          {
            "X": 0.40279069542884827,
            "Y": 0.43864578008651733
          },
          {
            "X": 0.5586913824081421,
            "Y": 0.4392293095588684
          },
          {
            "X": 0.5587477684020996,
            "Y": 0.47577840089797974
          },
          {
            "X": 0.40283817052841187,
            "Y": 0.47518643736839294
          }
        ]
      },
      "Id": "269e87ef-6a0b-4664-bdca-a17d49b75fce",
      "Relationships": [
        {
          "Type": "CHILD",
          "Ids": [
            "337d96b7-2c58-4dcc-8b10-99ed14ee8bbb"
          ]
        }
      ],
      "Page": 1
    },
    {
      "BlockType": "CELL",
      "Confidence": 89.6484375,
      "RowIndex": 2,
      "ColumnIndex": 3,
      "RowSpan": 1,
      "ColumnSpan": 1,
      "Geometry": {
        "BoundingBox": {
          "Width": 0.20306546986103058,
          "Height": 0.03731989860534668,
          "Left": 0.5586913824081421,
          "Top": 0.4392293095588684
        },
        "Polygon": [
          {
            "X": 0.5586913824081421,
            "Y": 0.4392293095588684
          },
          {
            "X": 0.7616888880729675,
            "Y": 0.4399891495704651
          },
          {
            "X": 0.7617568969726562,
            "Y": 0.4765492081642151
          },
          {
            "X": 0.5587477684020996,
            "Y": 0.47577840089797974
          }
        ]
      },
      "Id": "b385f0ac-1694-4e33-be43-a4a326d2d7f3",
      "Relationships": [
        {
          "Type": "CHILD",
          "Ids": [
            "87d123a2-b614-4e8b-a82a-afcb951171d0"
          ]
        }
      ],
      "Page": 1
    },
    {
      "BlockType": "CELL",
      "Confidence": 89.697265625,
      "RowIndex": 3,
      "ColumnIndex": 1,
      "RowSpan": 1,
      "ColumnSpan": 1,
      "Geometry": {
        "BoundingBox": {
          "Width": 0.16494232416152954,
          "Height": 0.038431160151958466,
          "Left": 0.23794497549533844,
          "Top": 0.47456035017967224
        },
        "Polygon": [
          {
            "X": 0.23794497549533844,
            "Y": 0.47456035017967224
          },
          {
            "X": 0.40283817052841187,
            "Y": 0.47518643736839294
          },
          {
            "X": 0.4028873145580292,
            "Y": 0.5129915475845337
          },
          {
            "X": 0.23798435926437378,
            "Y": 0.5123562216758728
          }
        ]
      },
      "Id": "6078f552-7ee6-4534-8bda-71231f1b8259",
      "Relationships": [
        {
          "Type": "CHILD",
          "Ids": [
            "07953eaf-096b-4337-b3d2-36eaa8408277"
          ]
        }
      ],
      "Page": 1
    },
    {
      "BlockType": "CELL",
      "Confidence": 88.18359375,
      "RowIndex": 3,
      "ColumnIndex": 2,
      "RowSpan": 1,
      "ColumnSpan": 1,
      "Geometry": {
        "BoundingBox": {
          "Width": 0.15596793591976166,
          "Height": 0.03840576484799385,
          "Left": 0.40283817052841187,
          "Top": 0.47518643736839294
        },
        "Polygon": [
          {
            "X": 0.40283817052841187,
            "Y": 0.47518643736839294
          },
          {
            "X": 0.5587477684020996,
            "Y": 0.47577840089797974
          },
          {
            "X": 0.5588061213493347,
            "Y": 0.5135921835899353
          },
          {
            "X": 0.4028873145580292,
            "Y": 0.5129915475845337
          }
        ]
      },
      "Id": "203cc902-cb5d-4819-9447-5590030a556f",
      "Relationships": [
        {
          "Type": "CHILD",
          "Ids": [
            "1ec46591-a3da-4a3f-8cf6-c804964a1be0"
          ]
        }
      ],
      "Page": 1
    },
    {
      "BlockType": "CELL",
      "Confidence": 91.015625,
      "RowIndex": 3,
      "ColumnIndex": 3,
      "RowSpan": 1,
      "ColumnSpan": 1,
      "Geometry": {
        "BoundingBox": {
          "Width": 0.20307940244674683,
          "Height": 0.03859594464302063,
          "Left": 0.5587477684020996,
          "Top": 0.47577840089797974
        },
        "Polygon": [
          {
            "X": 0.5587477684020996,
            "Y": 0.47577840089797974
          },
          {
            "X": 0.7617568969726562,
            "Y": 0.4765492081642151
          },
          {
            "X": 0.7618271708488464,
            "Y": 0.5143743753433228
          },
          {
            "X": 0.5588061213493347,
            "Y": 0.5135921835899353
          }
        ]
      },
      "Id": "0854680a-39fc-4617-8494-d36a2bdb320f",
      "Relationships": [
        {
          "Type": "CHILD",
          "Ids": [
            "a086920f-e56d-4bb1-8537-cd5cd5340a39"
          ]
        }
      ],
      "Page": 1
    },
    {
      "BlockType": "CELL",
      "Confidence": 89.892578125,
      "RowIndex": 4,
      "ColumnIndex": 1,
      "RowSpan": 1,
      "ColumnSpan": 1,
      "Geometry": {
        "BoundingBox": {
          "Width": 0.16495370864868164,
          "Height": 0.03970522806048393,
          "Left": 0.23798435926437378,
          "Top": 0.5123562216758728
        },
        "Polygon": [
          {
            "X": 0.23798435926437378,
            "Y": 0.5123562216758728
          },
          {
            "X": 0.4028873145580292,
            "Y": 0.5129915475845337
          },
          {
            "X": 0.4029380679130554,
            "Y": 0.5520614385604858
          },
          {
            "X": 0.23802508413791656,
            "Y": 0.5514166355133057
          }
        ]
      },
      "Id": "8c415d38-dcc2-48e8-bed2-8494778c918f",
      "Relationships": [
        {
          "Type": "CHILD",
          "Ids": [
            "f8bddc19-d547-4a7c-8f1e-67986fa0d22a"
          ]
        }
      ],
      "Page": 1
    },
    {
      "BlockType": "CELL",
      "Confidence": 88.37890625,
      "RowIndex": 4,
      "ColumnIndex": 2,
      "RowSpan": 1,
      "ColumnSpan": 1,
      "Geometry": {
        "BoundingBox": {
          "Width": 0.15597908198833466,
          "Height": 0.0396796278655529,
          "Left": 0.4028873145580292,
          "Top": 0.5129915475845337
        },
        "Polygon": [
          {
            "X": 0.4028873145580292,
            "Y": 0.5129915475845337
          },
          {
            "X": 0.5588061213493347,
            "Y": 0.5135921835899353
          },
          {
            "X": 0.5588663816452026,
            "Y": 0.5526711344718933
          },
          {
            "X": 0.4029380679130554,
            "Y": 0.5520614385604858
          }
        ]
      },
      "Id": "52e6573c-daea-4a90-92b1-eaa336e53381",
      "Relationships": [
        {
          "Type": "CHILD",
          "Ids": [
            "07ddda64-9881-4175-aece-4ef487532a73"
          ]
        }
      ],
      "Page": 1
    },
    {
      "BlockType": "CELL",
      "Confidence": 91.259765625,
      "RowIndex": 4,
      "ColumnIndex": 3,
      "RowSpan": 1,
      "ColumnSpan": 1,
      "Geometry": {
        "BoundingBox": {
          "Width": 0.2030937522649765,
          "Height": 0.03987282142043114,
          "Left": 0.5588061213493347,
          "Top": 0.5135921835899353
        },
        "Polygon": [
          {
            "X": 0.5588061213493347,
            "Y": 0.5135921835899353
          },
          {
            "X": 0.7618271708488464,
            "Y": 0.5143743753433228
          },
          {
            "X": 0.7618998885154724,
            "Y": 0.5534650087356567
          },
          {
            "X": 0.5588663816452026,
            "Y": 0.5526711344718933
          }
        ]
      },
      "Id": "1172dbab-28cf-4ac8-bbbc-9c59acaaaa0d",
      "Relationships": [
        {
          "Type": "CHILD",
          "Ids": [
            "e3872e00-0536-43c8-abc5-9c047a7fe0c4"
          ]
        }
      ],
      "Page": 1
    },
    {
      "BlockType": "CELL",
      "Confidence": 85.986328125,
      "RowIndex": 5,
      "ColumnIndex": 1,
      "RowSpan": 1,
      "ColumnSpan": 1,
      "Geometry": {
        "BoundingBox": {
          "Width": 0.16496212780475616,
          "Height": 0.038458969444036484,
          "Left": 0.23802508413791656,
          "Top": 0.5514166355133057
        },
        "Polygon": [
          {
            "X": 0.23802508413791656,
            "Y": 0.5514166355133057
          },
          {
            "X": 0.4029380679130554,
            "Y": 0.5520614385604858
          },
          {
            "X": 0.40298721194267273,
            "Y": 0.5898755788803101
          },
          {
            "X": 0.2380644828081131,
            "Y": 0.5892215371131897
          }
        ]
      },
      "Id": "dd65aee3-f787-465a-849b-ed473399fce9",
      "Relationships": [
        {
          "Type": "CHILD",
          "Ids": [
            "0671a167-c3f7-4bba-9e34-b68aa16c5aef"
          ]
        }
      ],
      "Page": 1
    },
    {
      "BlockType": "CELL",
      "Confidence": 84.521484375,
      "RowIndex": 5,
      "ColumnIndex": 2,
      "RowSpan": 1,
      "ColumnSpan": 1,
      "Geometry": {
        "BoundingBox": {
          "Width": 0.15598666667938232,
          "Height": 0.03843256086111069,
          "Left": 0.4029380679130554,
          "Top": 0.5520614385604858
        },
        "Polygon": [
          {
            "X": 0.4029380679130554,
            "Y": 0.5520614385604858
          },
          {
            "X": 0.5588663816452026,
            "Y": 0.5526711344718933
          },
          {
            "X": 0.5589247345924377,
            "Y": 0.5904940366744995
          },
          {
            "X": 0.40298721194267273,
            "Y": 0.5898755788803101
          }
        ]
      },
      "Id": "2448a801-e3d8-4175-bbac-a00a51899658",
      "Relationships": [
        {
          "Type": "CHILD",
          "Ids": [
            "168694aa-b17e-4061-ba1e-5aee61f7ef6c"
          ]
        }
      ],
      "Page": 1
    },
    {
      "BlockType": "CELL",
      "Confidence": 87.255859375,
      "RowIndex": 5,
      "ColumnIndex": 3,
      "RowSpan": 1,
      "ColumnSpan": 1,
      "Geometry": {
        "BoundingBox": {
          "Width": 0.20310381054878235,
          "Height": 0.03862810134887695,
          "Left": 0.5588663816452026,
          "Top": 0.5526711344718933
        },
        "Polygon": [
          {
            "X": 0.5588663816452026,
            "Y": 0.5526711344718933
          },
          {
            "X": 0.7618998885154724,
            "Y": 0.5534650087356567
          },
          {
            "X": 0.7619702219963074,
            "Y": 0.5912992358207703
          },
          {
            "X": 0.5589247345924377,
            "Y": 0.5904940366744995
          }
        ]
      },
      "Id": "02e90b8e-90bc-42dc-888e-acf2cf5e878d",
      "Relationships": [
        {
          "Type": "CHILD",
          "Ids": [
            "4bfccc7a-920d-488e-baa5-17d4f9cdc454"
          ]
        }
      ],
      "Page": 1
    },
    {
      "BlockType": "CELL",
      "Confidence": 75.390625,
      "RowIndex": 6,
      "ColumnIndex": 1,
      "RowSpan": 1,
      "ColumnSpan": 1,
      "Geometry": {
        "BoundingBox": {
          "Width": 0.1649659276008606,
          "Height": 0.03389787673950195,
          "Left": 0.2380644828081131,
          "Top": 0.5892215371131897
        },
        "Polygon": [
          {
            "X": 0.2380644828081131,
            "Y": 0.5892215371131897
          },
          {
            "X": 0.40298721194267273,
            "Y": 0.5898755788803101
          },
          {
            "X": 0.4030303955078125,
            "Y": 0.6231194138526917
          },
          {
            "X": 0.2380991280078888,
            "Y": 0.6224572658538818
          }
        ]
      },
      "Id": "3c18d349-de2a-486f-bac4-fab28cf8f53c",
      "Relationships": [
        {
          "Type": "CHILD",
          "Ids": [
            "20f3c067-0517-44cb-8177-1f3e7ac14468",
            "26bfa90d-736a-4e1b-8fb0-863628325989"
          ]
        }
      ],
      "Page": 1
    },
    {
      "BlockType": "CELL",
      "Confidence": 74.12109375,
      "RowIndex": 6,
      "ColumnIndex": 2,
      "RowSpan": 1,
      "ColumnSpan": 1,
      "Geometry": {
        "BoundingBox": {
          "Width": 0.15598881244659424,
          "Height": 0.0338699109852314,
          "Left": 0.40298721194267273,
          "Top": 0.5898755788803101
        },
        "Polygon": [
          {
            "X": 0.40298721194267273,
            "Y": 0.5898755788803101
          },
          {
            "X": 0.5589247345924377,
            "Y": 0.5904940366744995
          },
          {
            "X": 0.5589760541915894,
            "Y": 0.6237455010414124
          },
          {
            "X": 0.4030303955078125,
            "Y": 0.6231194138526917
          }
        ]
      },
      "Id": "ff81ec1b-5f73-4a28-8c0e-31fd7794db27",
      "Page": 1
    },
    {
      "BlockType": "CELL",
      "Confidence": 76.513671875,
      "RowIndex": 6,
      "ColumnIndex": 3,
      "RowSpan": 1,
      "ColumnSpan": 1,
      "Geometry": {
        "BoundingBox": {
          "Width": 0.2031072974205017,
          "Height": 0.034066714346408844,
          "Left": 0.5589247345924377,
          "Top": 0.5904940366744995
        },
        "Polygon": [
          {
            "X": 0.5589247345924377,
            "Y": 0.5904940366744995
          },
          {
            "X": 0.7619702219963074,
            "Y": 0.5912992358207703
          },
          {
            "X": 0.7620320320129395,
            "Y": 0.6245607137680054
          },
          {
            "X": 0.5589760541915894,
            "Y": 0.6237455010414124
          }
        ]
      },
      "Id": "911f96d6-b4b7-440b-9f51-57c62b51182e",
      "Relationships": [
        {
          "Type": "CHILD",
          "Ids": [
            "960dc13a-1486-439e-b206-694d74115cd0"
          ]
        }
      ],
      "Page": 1
    }
  ],
  "AnalyzeDocumentModelVersion": "1.0"
}