{
  "DocumentMetadata": {
    "Pages": 1
  },
  "JobStatus": "SUCCEEDED",
  "Blocks": [
    {
      "BlockType": "PAGE",
      "Geometry": {
        "BoundingBox": {
          "Width": 1,
          "Height": 1,
          "Left": 0,
          "Top": 0
        },
        "Polygon": [
          {
            "X": 0,
            "Y": 5.198579344778409e-9
          },
          {
            "X": 1,
            "Y": 0
          },
          {
            "X": 1,
            "Y": 1
          },
          {
            "X": 0.00003387837568880059,
            "Y": 1
          }
        ]
      },
      "Id": "dbf6cd4d-634e-432f-b797-31019fa9232d",
      "Relationships": [
        {
          "Type": "CHILD",
          "Ids": [
            "e1512545-19ea-4fdc-9b1f-3c80ccd2bace",
            "3b38cb67-789b-4668-8a74-bd75ec1f9a00",
            "b0a7e731-0ee7-4ef9-a622-8726777f38f1",
            "45d34581-cc9f-4837-b25f-5363c4e6b5e7",
            "47b479b0-12e6-4443-bd3a-c85060e179a5",
            "5f311a0f-fd89-4d37-87f1-5621530d9cbf",
            "83741d55-5b97-4401-b2e4-77b5dc49b058",
            "8b7ab6e9-78ef-40ba-b95b-3df76ef4ecc1",
            "30ce96af-c63a-49f6-b400-11e889774a0e",
            "63236615-7318-47ca-9070-6cc0e8ca98a8",
            "c7761eeb-aab3-4093-860b-40371e1d85c0",
            "9a658178-d68d-49e5-ae64-e2d2be8ed82f",
            "a6492eb4-d57a-4436-a355-cbf63d3dc1bb",
            "dc848d75-b4b5-4625-a6b4-55fd79acedb4",
            "63b67026-a3ad-4aaf-87ba-445333c4a82b",
            "349be481-52ef-4611-b12b-64744e2246ae",
            "7ad07ecb-aa25-4f9c-a36e-04f6bc4c21a2",
            "62081dac-f48c-4939-bd36-9bd13649a47a",
            "574c3b31-5e94-4ff3-b50e-67974abd7318",
            "478c5e67-1f0b-4e9d-8b2e-ae2998ffe837",
            "6e31179a-2827-4245-9a1c-ed26d7d33868"
          ]
        }
      ],
      "Page": 1
    },
    {
      "BlockType": "LINE",
      "Confidence": 99.84993743896484,
      "Text": "Samples",
      "Geometry": {
        "BoundingBox": {
          "Width": 0.053268980234861374,
          "Height": 0.026019386947155,
          "Left": 0.2534683346748352,
          "Top": 0.41951990127563477
        },
        "Polygon": [
          {
            "X": 0.2534683346748352,
            "Y": 0.41965168714523315
          },
          {
            "X": 0.306607723236084,
            "Y": 0.41951990127563477
          },
          {
            "X": 0.30673733353614807,
            "Y": 0.44539937376976013
          },
          {
            "X": 0.25359630584716797,
            "Y": 0.44553929567337036
          }
        ]
      },
      "Id": "e1512545-19ea-4fdc-9b1f-3c80ccd2bace",
      "Relationships": [
        {
          "Type": "CHILD",
          "Ids": [
            "92d8b349-5ecb-43a5-90c5-04b797df6269"
          ]
        }
      ],
      "Page": 1
    },
    {
      "BlockType": "LINE",
      "Confidence": 99.89025115966797,
      "Text": "Cured epoxy",
      "Geometry": {
        "BoundingBox": {
          "Width": 0.08054503053426743,
          "Height": 0.026070555672049522,
          "Left": 0.3688333332538605,
          "Top": 0.4198995530605316
        },
        "Polygon": [
          {
            "X": 0.3688333332538605,
            "Y": 0.42009931802749634
          },
          {
            "X": 0.4492444097995758,
            "Y": 0.4198995530605316
          },
          {
            "X": 0.4493783712387085,
            "Y": 0.44575804471969604
          },
          {
            "X": 0.368964821100235,
            "Y": 0.4459701180458069
          }
        ]
      },
      "Id": "3b38cb67-789b-4668-8a74-bd75ec1f9a00",
      "Relationships": [
        {
          "Type": "CHILD",
          "Ids": [
            "4000e57e-3288-48bd-bf0a-c374b6bdd61e",
            "e25b590a-7f63-41f9-aec5-fea81d09c199"
          ]
        }
      ],
      "Page": 1
    },
    {
      "BlockType": "LINE",
      "Confidence": 99.01473236083984,
      "Text": "Content of flame retardant (wt.%)",
      "Geometry": {
        "BoundingBox": {
          "Width": 0.21345175802707672,
          "Height": 0.027407173067331314,
          "Left": 0.47712019085884094,
          "Top": 0.4183179438114166
        },
        "Polygon": [
          {
            "X": 0.47712019085884094,
            "Y": 0.41884663701057434
          },
          {
            "X": 0.6904249787330627,
            "Y": 0.4183179438114166
          },
          {
            "X": 0.6905719041824341,
            "Y": 0.44516250491142273
          },
          {
            "X": 0.4772603213787079,
            "Y": 0.44572511315345764
          }
        ]
      },
      "Id": "b0a7e731-0ee7-4ef9-a622-8726777f38f1",
      "Relationships": [
        {
          "Type": "CHILD",
          "Ids": [
            "e3a83016-4dab-4c7c-be96-11834c01819a",
            "898b44e8-4823-4151-a9f0-0fce86a4bacc",
            "c31459b9-f100-4589-8b6d-f401d0f5fa23",
            "22f68139-fbd9-496e-bdf3-97317ef49f09",
            "4bf16696-5bd8-4a5a-9902-0d092acdb53a"
          ]
        }
      ],
      "Page": 1
    },
    {
      "BlockType": "LINE",
      "Confidence": 95.24707794189453,
      "Text": "resin (wt.%)",
      "Geometry": {
        "BoundingBox": {
          "Width": 0.07452403753995895,
          "Height": 0.026100018993020058,
          "Left": 0.36903056502342224,
          "Top": 0.4514901041984558
        },
        "Polygon": [
          {
            "X": 0.36903056502342224,
            "Y": 0.45168882608413696
          },
          {
            "X": 0.4434206783771515,
            "Y": 0.4514901041984558
          },
          {
            "X": 0.4435546100139618,
            "Y": 0.47738003730773926
          },
          {
            "X": 0.3691622316837311,
            "Y": 0.4775901436805725
          }
        ]
      },
      "Id": "45d34581-cc9f-4837-b25f-5363c4e6b5e7",
      "Relationships": [
        {
          "Type": "CHILD",
          "Ids": [
            "75e75826-6c37-427c-99d9-ea5fc3224ab2",
            "5b3dbb04-238e-4382-a2d5-aa0521362e21"
          ]
        }
      ],
      "Page": 1
    },
    {
      "BlockType": "LINE",
      "Confidence": 99.88739776611328,
      "Text": "OPS",
      "Geometry": {
        "BoundingBox": {
          "Width": 0.02481531910598278,
          "Height": 0.020708782598376274,
          "Left": 0.4770280420780182,
          "Top": 0.4705979824066162
        },
        "Polygon": [
          {
            "X": 0.4770280420780182,
            "Y": 0.4706667959690094
          },
          {
            "X": 0.5017351508140564,
            "Y": 0.4705979824066162
          },
          {
            "X": 0.5018433332443237,
            "Y": 0.4912349581718445
          },
          {
            "X": 0.47713562846183777,
            "Y": 0.49130678176879883
          }
        ]
      },
      "Id": "47b479b0-12e6-4443-bd3a-c85060e179a5",
      "Relationships": [
        {
          "Type": "CHILD",
          "Ids": [
            "8e63c178-8df7-4b0f-83b5-656a45906d4c"
          ]
        }
      ],
      "Page": 1
    },
    {
      "BlockType": "LINE",
      "Confidence": 99.69277954101562,
      "Text": "Si",
      "Geometry": {
        "BoundingBox": {
          "Width": 0.011220456101000309,
          "Height": 0.020675674080848694,
          "Left": 0.553483247756958,
          "Top": 0.4702702760696411
        },
        "Polygon": [
          {
            "X": 0.553483247756958,
            "Y": 0.47030121088027954
          },
          {
            "X": 0.5645938515663147,
            "Y": 0.4702702760696411
          },
          {
            "X": 0.5647037029266357,
            "Y": 0.49091365933418274
          },
          {
            "X": 0.5535928010940552,
            "Y": 0.490945965051651
          }
        ]
      },
      "Id": "5f311a0f-fd89-4d37-87f1-5621530d9cbf",
      "Relationships": [
        {
          "Type": "CHILD",
          "Ids": [
            "7fde6a0f-44df-46ff-a9d8-f4af8646dcb9"
          ]
        }
      ],
      "Page": 1
    },
    {
      "BlockType": "LINE",
      "Confidence": 99.84962463378906,
      "Text": "DOPO",
      "Geometry": {
        "BoundingBox": {
          "Width": 0.036843787878751755,
          "Height": 0.01978042535483837,
          "Left": 0.6240738034248352,
          "Top": 0.4708813726902008
        },
        "Polygon": [
          {
            "X": 0.6240738034248352,
            "Y": 0.4709838330745697
          },
          {
            "X": 0.660810649394989,
            "Y": 0.4708813726902008
          },
          {
            "X": 0.6609175801277161,
            "Y": 0.4905550479888916
          },
          {
            "X": 0.6241798996925354,
            "Y": 0.4906617999076843
          }
        ]
      },
      "Id": "83741d55-5b97-4401-b2e4-77b5dc49b058",
      "Relationships": [
        {
          "Type": "CHILD",
          "Ids": [
            "041ceb7b-56e8-4676-90e5-691f9234ae1e"
          ]
        }
      ],
      "Page": 1
    },
    {
      "BlockType": "LINE",
      "Confidence": 99.18313598632812,
      "Text": "P",
      "Geometry": {
        "BoundingBox": {
          "Width": 0.008007096126675606,
          "Height": 0.019840402528643608,
          "Left": 0.7127542495727539,
          "Top": 0.47100013494491577
        },
        "Polygon": [
          {
            "X": 0.7127542495727539,
            "Y": 0.4710221588611603
          },
          {
            "X": 0.720652163028717,
            "Y": 0.47100013494491577
          },
          {
            "X": 0.7207613587379456,
            "Y": 0.4908175468444824
          },
          {
            "X": 0.7128632664680481,
            "Y": 0.49084052443504333
          }
        ]
      },
      "Id": "8b7ab6e9-78ef-40ba-b95b-3df76ef4ecc1",
      "Relationships": [
        {
          "Type": "CHILD",
          "Ids": [
            "16fec85f-055a-41da-8253-e821f2031588"
          ]
        }
      ],
      "Page": 1
    },
    {
      "BlockType": "LINE",
      "Confidence": 99.53076171875,
      "Text": "Pure EP",
      "Geometry": {
        "BoundingBox": {
          "Width": 0.0484185665845871,
          "Height": 0.01944446749985218,
          "Left": 0.2539808750152588,
          "Top": 0.5213175415992737
        },
        "Polygon": [
          {
            "X": 0.2539808750152588,
            "Y": 0.5214664340019226
          },
          {
            "X": 0.3023029565811157,
            "Y": 0.5213175415992737
          },
          {
            "X": 0.3023994565010071,
            "Y": 0.5406075716018677
          },
          {
            "X": 0.2540762424468994,
            "Y": 0.5407620072364807
          }
        ]
      },
      "Id": "30ce96af-c63a-49f6-b400-11e889774a0e",
      "Relationships": [
        {
          "Type": "CHILD",
          "Ids": [
            "d08709dd-1f5d-4a16-a708-6cdb9054f4d6",
            "f12c26fd-607f-46e7-ba77-e7243d9c071d"
          ]
        }
      ],
      "Page": 1
    },
    {
      "BlockType": "LINE",
      "Confidence": 99.9635238647461,
      "Text": "100.0",
      "Geometry": {
        "BoundingBox": {
          "Width": 0.03378292918205261,
          "Height": 0.02048601396381855,
          "Left": 0.37033599615097046,
          "Top": 0.5210942625999451
        },
        "Polygon": [
          {
            "X": 0.37033599615097046,
            "Y": 0.521198034286499
          },
          {
            "X": 0.4040144979953766,
            "Y": 0.5210942625999451
          },
          {
            "X": 0.40411892533302307,
            "Y": 0.5414724349975586
          },
          {
            "X": 0.3704396188259125,
            "Y": 0.5415802597999573
          }
        ]
      },
      "Id": "63236615-7318-47ca-9070-6cc0e8ca98a8",
      "Relationships": [
        {
          "Type": "CHILD",
          "Ids": [
            "d691139b-5236-4646-ab71-8a9fe0d243ed"
          ]
        }
      ],
      "Page": 1
    },
    {
      "BlockType": "LINE",
      "Confidence": 98.495849609375,
      "Text": "/",
      "Geometry": {
        "BoundingBox": {
          "Width": 0.005159654188901186,
          "Height": 0.023924322798848152,
          "Left": 0.4767911434173584,
          "Top": 0.5213885307312012
        },
        "Polygon": [
          {
            "X": 0.4767911434173584,
            "Y": 0.5214040875434875
          },
          {
            "X": 0.4818260073661804,
            "Y": 0.5213885307312012
          },
          {
            "X": 0.4819507896900177,
            "Y": 0.5452966094017029
          },
          {
            "X": 0.47691577672958374,
            "Y": 0.5453128814697266
          }
        ]
      },
      "Id": "c7761eeb-aab3-4093-860b-40371e1d85c0",
      "Relationships": [
        {
          "Type": "CHILD",
          "Ids": [
            "693e814d-29dc-46e9-874a-66e9b1298800"
          ]
        }
      ],
      "Page": 1
    },
    {
      "BlockType": "LINE",
      "Confidence": 98.3753662109375,
      "Text": "/",
      "Geometry": {
        "BoundingBox": {
          "Width": 0.005345367360860109,
          "Height": 0.02440093830227852,
          "Left": 0.5531500577926636,
          "Top": 0.5209435224533081
        },
        "Polygon": [
          {
            "X": 0.5531500577926636,
            "Y": 0.5209596157073975
          },
          {
            "X": 0.5583658814430237,
            "Y": 0.5209435224533081
          },
          {
            "X": 0.5584954023361206,
            "Y": 0.5453276038169861
          },
          {
            "X": 0.5532793998718262,
            "Y": 0.5453444719314575
          }
        ]
      },
      "Id": "9a658178-d68d-49e5-ae64-e2d2be8ed82f",
      "Relationships": [
        {
          "Type": "CHILD",
          "Ids": [
            "80c4f5a1-4dc4-4194-b337-fd3029b01f0d"
          ]
        }
      ],
      "Page": 1
    },
    {
      "BlockType": "LINE",
      "Confidence": 98.66806030273438,
      "Text": "/",
      "Geometry": {
        "BoundingBox": {
          "Width": 0.005245165433734655,
          "Height": 0.024365151301026344,
          "Left": 0.6237220764160156,
          "Top": 0.5211049318313599
        },
        "Polygon": [
          {
            "X": 0.6237220764160156,
            "Y": 0.5211207270622253
          },
          {
            "X": 0.6288358569145203,
            "Y": 0.5211049318313599
          },
          {
            "X": 0.62896728515625,
            "Y": 0.5454535484313965
          },
          {
            "X": 0.6238533854484558,
            "Y": 0.545470118522644
          }
        ]
      },
      "Id": "a6492eb4-d57a-4436-a355-cbf63d3dc1bb",
      "Relationships": [
        {
          "Type": "CHILD",
          "Ids": [
            "79d2d99d-f668-4809-885e-4d49c521ccc3"
          ]
        }
      ],
      "Page": 1
    },
    {
      "BlockType": "LINE",
      "Confidence": 98.99676513671875,
      "Text": "/",
      "Geometry": {
        "BoundingBox": {
          "Width": 0.005242359358817339,
          "Height": 0.024421030655503273,
          "Left": 0.7123950123786926,
          "Top": 0.5207629203796387
        },
        "Polygon": [
          {
            "X": 0.7123950123786926,
            "Y": 0.5207786560058594
          },
          {
            "X": 0.717503011226654,
            "Y": 0.5207629203796387
          },
          {
            "X": 0.7176373600959778,
            "Y": 0.5451674461364746
          },
          {
            "X": 0.7125292420387268,
            "Y": 0.5451839566230774
          }
        ]
      },
      "Id": "dc848d75-b4b5-4625-a6b4-55fd79acedb4",
      "Relationships": [
        {
          "Type": "CHILD",
          "Ids": [
            "636e0741-6209-40ad-9f64-ed62258344de"
          ]
        }
      ],
      "Page": 1
    },
    {
      "BlockType": "LINE",
      "Confidence": 98.78182983398438,
      "Text": "EP/DOPO/OPS",
      "Geometry": {
        "BoundingBox": {
          "Width": 0.08623628318309784,
          "Height": 0.025356754660606384,
          "Left": 0.2541506588459015,
          "Top": 0.5517688393592834
        },
        "Polygon": [
          {
            "X": 0.2541506588459015,
            "Y": 0.5520497560501099
          },
          {
            "X": 0.34026041626930237,
            "Y": 0.5517688393592834
          },
          {
            "X": 0.34038692712783813,
            "Y": 0.5768319368362427
          },
          {
            "X": 0.2542745769023895,
            "Y": 0.577125608921051
          }
        ]
      },
      "Id": "63b67026-a3ad-4aaf-87ba-445333c4a82b",
      "Relationships": [
        {
          "Type": "CHILD",
          "Ids": [
            "dc105613-eb36-4782-902f-a76e7fd4416f"
          ]
        }
      ],
      "Page": 1
    },
    {
      "BlockType": "LINE",
      "Confidence": 99.8502426147461,
      "Text": "89.6",
      "Geometry": {
        "BoundingBox": {
          "Width": 0.026782529428601265,
          "Height": 0.019975906237959862,
          "Left": 0.377412348985672,
          "Top": 0.5526044368743896
        },
        "Polygon": [
          {
            "X": 0.377412348985672,
            "Y": 0.552691638469696
          },
          {
            "X": 0.4040929675102234,
            "Y": 0.5526044368743896
          },
          {
            "X": 0.4041948914527893,
            "Y": 0.5724899768829346
          },
          {
            "X": 0.3775136470794678,
            "Y": 0.5725803375244141
          }
        ]
      },
      "Id": "349be481-52ef-4611-b12b-64744e2246ae",
      "Relationships": [
        {
          "Type": "CHILD",
          "Ids": [
            "80c8b5a4-363e-40ee-8570-ca0431add8e1"
          ]
        }
      ],
      "Page": 1
    },
    {
      "BlockType": "LINE",
      "Confidence": 99.70668029785156,
      "Text": "4.1",
      "Geometry": {
        "BoundingBox": {
          "Width": 0.017338568344712257,
          "Height": 0.020371530205011368,
          "Left": 0.47698408365249634,
          "Top": 0.5524587035179138
        },
        "Polygon": [
          {
            "X": 0.47698408365249634,
            "Y": 0.5525150299072266
          },
          {
            "X": 0.49421632289886475,
            "Y": 0.5524587035179138
          },
          {
            "X": 0.49432262778282166,
            "Y": 0.5727718472480774
          },
          {
            "X": 0.4770899713039398,
            "Y": 0.5728302001953125
          }
        ]
      },
      "Id": "7ad07ecb-aa25-4f9c-a36e-04f6bc4c21a2",
      "Relationships": [
        {
          "Type": "CHILD",
          "Ids": [
            "d7fca6f3-cc68-45dc-b63a-d203494054e1"
          ]
        }
      ],
      "Page": 1
    },
    {
      "BlockType": "LINE",
      "Confidence": 61.262054443359375,
      "Text": "0.9",
      "Geometry": {
        "BoundingBox": {
          "Width": 0.018718911334872246,
          "Height": 0.02027551457285881,
          "Left": 0.5536527037620544,
          "Top": 0.5525100231170654
        },
        "Polygon": [
          {
            "X": 0.5536527037620544,
            "Y": 0.5525708794593811
          },
          {
            "X": 0.5722639560699463,
            "Y": 0.5525100231170654
          },
          {
            "X": 0.5723716616630554,
            "Y": 0.5727224349975586
          },
          {
            "X": 0.5537599921226501,
            "Y": 0.572785496711731
          }
        ]
      },
      "Id": "62081dac-f48c-4939-bd36-9bd13649a47a",
      "Relationships": [
        {
          "Type": "CHILD",
          "Ids": [
            "d27d2f10-1d70-46fb-9332-9fd2ff24a1b3"
          ]
        }
      ],
      "Page": 1
    },
    {
      "BlockType": "LINE",
      "Confidence": 89.54389953613281,
      "Text": "6.3",
      "Geometry": {
        "BoundingBox": {
          "Width": 0.018483683466911316,
          "Height": 0.020247766748070717,
          "Left": 0.6238290667533875,
          "Top": 0.5524119734764099
        },
        "Polygon": [
          {
            "X": 0.6238290667533875,
            "Y": 0.5524720549583435
          },
          {
            "X": 0.6422034502029419,
            "Y": 0.5524119734764099
          },
          {
            "X": 0.6423127055168152,
            "Y": 0.5725973844528198
          },
          {
            "X": 0.6239379048347473,
            "Y": 0.5726597309112549
          }
        ]
      },
      "Id": "574c3b31-5e94-4ff3-b50e-67974abd7318",
      "Relationships": [
        {
          "Type": "CHILD",
          "Ids": [
            "901a757a-d44d-4aa0-9575-efed69290f5d"
          ]
        }
      ],
      "Page": 1
    },
    {
      "BlockType": "LINE",
      "Confidence": 99.66120147705078,
      "Text": "0.9",
      "Geometry": {
        "BoundingBox": {
          "Width": 0.01895316131412983,
          "Height": 0.0207736287266016,
          "Left": 0.7127408385276794,
          "Top": 0.5520211458206177
        },
        "Polygon": [
          {
            "X": 0.7127408385276794,
            "Y": 0.5520827770233154
          },
          {
            "X": 0.731579601764679,
            "Y": 0.5520211458206177
          },
          {
            "X": 0.7316939830780029,
            "Y": 0.5727308392524719
          },
          {
            "X": 0.7128547430038452,
            "Y": 0.5727947950363159
          }
        ]
      },
      "Id": "478c5e67-1f0b-4e9d-8b2e-ae2998ffe837",
      "Relationships": [
        {
          "Type": "CHILD",
          "Ids": [
            "b7333186-1b2e-42bb-8444-d2ea432c77f4"
          ]
        }
      ],
      "Page": 1
    },
    {
      "BlockType": "WORD",
      "Confidence": 99.84993743896484,
      "Text": "Samples",
      "TextType": "PRINTED",
      "Geometry": {
        "BoundingBox": {
          "Width": 0.053268980234861374,
          "Height": 0.026019386947155,
          "Left": 0.2534683346748352,
          "Top": 0.41951990127563477
        },
        "Polygon": [
          {
            "X": 0.2534683346748352,
            "Y": 0.41965168714523315
          },
          {
            "X": 0.306607723236084,
            "Y": 0.41951990127563477
          },
          {
            "X": 0.30673733353614807,
            "Y": 0.44539937376976013
          },
          {
            "X": 0.25359630584716797,
            "Y": 0.44553929567337036
          }
        ]
      },
      "Id": "92d8b349-5ecb-43a5-90c5-04b797df6269",
      "Page": 1
    },
    {
      "BlockType": "WORD",
      "Confidence": 99.98758697509766,
      "Text": "Cured",
      "TextType": "PRINTED",
      "Geometry": {
        "BoundingBox": {
          "Width": 0.037484850734472275,
          "Height": 0.02106327936053276,
          "Left": 0.3688333332538605,
          "Top": 0.4200064539909363
        },
        "Polygon": [
          {
            "X": 0.3688333332538605,
            "Y": 0.42009931802749634
          },
          {
            "X": 0.40621066093444824,
            "Y": 0.4200064539909363
          },
          {
            "X": 0.40631818771362305,
            "Y": 0.440972238779068
          },
          {
            "X": 0.36893993616104126,
            "Y": 0.44106975197792053
          }
        ]
      },
      "Id": "4000e57e-3288-48bd-bf0a-c374b6bdd61e",
      "Page": 1
    },
    {
      "BlockType": "WORD",
      "Confidence": 99.79291534423828,
      "Text": "epoxy",
      "TextType": "PRINTED",
      "Geometry": {
        "BoundingBox": {
          "Width": 0.038567859679460526,
          "Height": 0.02142397314310074,
          "Left": 0.4108105003833771,
          "Top": 0.42443549633026123
        },
        "Polygon": [
          {
            "X": 0.4108105003833771,
            "Y": 0.42453205585479736
          },
          {
            "X": 0.4492678940296173,
            "Y": 0.42443549633026123
          },
          {
            "X": 0.4493783712387085,
            "Y": 0.44575804471969604
          },
          {
            "X": 0.41091999411582947,
            "Y": 0.44585946202278137
          }
        ]
      },
      "Id": "e25b590a-7f63-41f9-aec5-fea81d09c199",
      "Page": 1
    },
    {
      "BlockType": "WORD",
      "Confidence": 99.94390106201172,
      "Text": "Content",
      "TextType": "PRINTED",
      "Geometry": {
        "BoundingBox": {
          "Width": 0.05064485967159271,
          "Height": 0.020738689228892326,
          "Left": 0.4771267771720886,
          "Top": 0.4199836850166321
        },
        "Polygon": [
          {
            "X": 0.4771267771720886,
            "Y": 0.4201093018054962
          },
          {
            "X": 0.5276629328727722,
            "Y": 0.4199836850166321
          },
          {
            "X": 0.5277716517448425,
            "Y": 0.4405905604362488
          },
          {
            "X": 0.47723424434661865,
            "Y": 0.44072237610816956
          }
        ]
      },
      "Id": "e3a83016-4dab-4c7c-be96-11834c01819a",
      "Page": 1
    },
    {
      "BlockType": "WORD",
      "Confidence": 99.98629760742188,
      "Text": "of",
      "TextType": "PRINTED",
      "Geometry": {
        "BoundingBox": {
          "Width": 0.013789054937660694,
          "Height": 0.02161427028477192,
          "Left": 0.5314568281173706,
          "Top": 0.41900795698165894
        },
        "Polygon": [
          {
            "X": 0.5314568281173706,
            "Y": 0.41904187202453613
          },
          {
            "X": 0.5451315641403198,
            "Y": 0.41900795698165894
          },
          {
            "X": 0.545245885848999,
            "Y": 0.44058653712272644
          },
          {
            "X": 0.5315707921981812,
            "Y": 0.4406222105026245
          }
        ]
      },
      "Id": "898b44e8-4823-4151-a9f0-0fce86a4bacc",
      "Page": 1
    },
    {
      "BlockType": "WORD",
      "Confidence": 99.89352416992188,
      "Text": "flame",
      "TextType": "PRINTED",
      "Geometry": {
        "BoundingBox": {
          "Width": 0.03578215092420578,
          "Height": 0.02172258496284485,
          "Left": 0.5479337573051453,
          "Top": 0.4185827076435089
        },
        "Polygon": [
          {
            "X": 0.5479337573051453,
            "Y": 0.4186711013317108
          },
          {
            "X": 0.5836003422737122,
            "Y": 0.4185827076435089
          },
          {
            "X": 0.5837159156799316,
            "Y": 0.44021233916282654
          },
          {
            "X": 0.5480484366416931,
            "Y": 0.44030529260635376
          }
        ]
      },
      "Id": "c31459b9-f100-4589-8b6d-f401d0f5fa23",
      "Page": 1
    },
    {
      "BlockType": "WORD",
      "Confidence": 99.8144760131836,
      "Text": "retardant",
      "TextType": "PRINTED",
      "Geometry": {
        "BoundingBox": {
          "Width": 0.059823088347911835,
          "Height": 0.021380921825766563,
          "Left": 0.5878545045852661,
          "Top": 0.4193471074104309
        },
        "Polygon": [
          {
            "X": 0.5878545045852661,
            "Y": 0.41949543356895447
          },
          {
            "X": 0.6475625038146973,
            "Y": 0.4193471074104309
          },
          {
            "X": 0.6476776003837585,
            "Y": 0.44057223200798035
          },
          {
            "X": 0.5879680514335632,
            "Y": 0.4407280385494232
          }
        ]
      },
      "Id": "22f68139-fbd9-496e-bdf3-97317ef49f09",
      "Page": 1
    },
    {
      "BlockType": "WORD",
      "Confidence": 95.4354476928711,
      "Text": "(wt.%)",
      "TextType": "PRINTED",
      "Geometry": {
        "BoundingBox": {
          "Width": 0.039258040487766266,
          "Height": 0.02587934397161007,
          "Left": 0.6513139009475708,
          "Top": 0.4193863272666931
        },
        "Polygon": [
          {
            "X": 0.6513139009475708,
            "Y": 0.4194835424423218
          },
          {
            "X": 0.6904308199882507,
            "Y": 0.4193863272666931
          },
          {
            "X": 0.6905719041824341,
            "Y": 0.44516250491142273
          },
          {
            "X": 0.6514537930488586,
            "Y": 0.44526568055152893
          }
        ]
      },
      "Id": "4bf16696-5bd8-4a5a-9902-0d092acdb53a",
      "Page": 1
    },
    {
      "BlockType": "WORD",
      "Confidence": 99.54541015625,
      "Text": "resin",
      "TextType": "PRINTED",
      "Geometry": {
        "BoundingBox": {
          "Width": 0.03128799796104431,
          "Height": 0.020772544667124748,
          "Left": 0.3690359592437744,
          "Top": 0.45266616344451904
        },
        "Polygon": [
          {
            "X": 0.3690359592437744,
            "Y": 0.452749639749527
          },
          {
            "X": 0.40021803975105286,
            "Y": 0.45266616344451904
          },
          {
            "X": 0.4003239572048187,
            "Y": 0.4733514189720154
          },
          {
            "X": 0.3691411316394806,
            "Y": 0.47343870997428894
          }
        ]
      },
      "Id": "75e75826-6c37-427c-99d9-ea5fc3224ab2",
      "Page": 1
    },
    {
      "BlockType": "WORD",
      "Confidence": 90.94874572753906,
      "Text": "(wt.%)",
      "TextType": "PRINTED",
      "Geometry": {
        "BoundingBox": {
          "Width": 0.03907344490289688,
          "Height": 0.025999898090958595,
          "Left": 0.4044811725616455,
          "Top": 0.4514901041984558
        },
        "Polygon": [
          {
            "X": 0.4044811725616455,
            "Y": 0.45159411430358887
          },
          {
            "X": 0.4434206783771515,
            "Y": 0.4514901041984558
          },
          {
            "X": 0.4435546100139618,
            "Y": 0.47738003730773926
          },
          {
            "X": 0.4046139121055603,
            "Y": 0.47749000787734985
          }
        ]
      },
      "Id": "5b3dbb04-238e-4382-a2d5-aa0521362e21",
      "Page": 1
    },
    {
      "BlockType": "WORD",
      "Confidence": 99.88739776611328,
      "Text": "OPS",
      "TextType": "PRINTED",
      "Geometry": {
        "BoundingBox": {
          "Width": 0.02481531910598278,
          "Height": 0.020708782598376274,
          "Left": 0.4770280420780182,
          "Top": 0.4705979824066162
        },
        "Polygon": [
          {
            "X": 0.4770280420780182,
            "Y": 0.4706667959690094
          },
          {
            "X": 0.5017351508140564,
            "Y": 0.4705979824066162
          },
          {
            "X": 0.5018433332443237,
            "Y": 0.4912349581718445
          },
          {
            "X": 0.47713562846183777,
            "Y": 0.49130678176879883
          }
        ]
      },
      "Id": "8e63c178-8df7-4b0f-83b5-656a45906d4c",
      "Page": 1
    },
    {
      "BlockType": "WORD",
      "Confidence": 99.69277954101562,
      "Text": "Si",
      "TextType": "PRINTED",
      "Geometry": {
        "BoundingBox": {
          "Width": 0.011220456101000309,
          "Height": 0.020675674080848694,
          "Left": 0.553483247756958,
          "Top": 0.4702702760696411
        },
        "Polygon": [
          {
            "X": 0.553483247756958,
            "Y": 0.47030121088027954
          },
          {
            "X": 0.5645938515663147,
            "Y": 0.4702702760696411
          },
          {
            "X": 0.5647037029266357,
            "Y": 0.49091365933418274
          },
          {
            "X": 0.5535928010940552,
            "Y": 0.490945965051651
          }
        ]
      },
      "Id": "7fde6a0f-44df-46ff-a9d8-f4af8646dcb9",
      "Page": 1
    },
    {
      "BlockType": "WORD",
      "Confidence": 99.84962463378906,
      "Text": "DOPO",
      "TextType": "PRINTED",
      "Geometry": {
        "BoundingBox": {
          "Width": 0.036843787878751755,
          "Height": 0.01978042535483837,
          "Left": 0.6240738034248352,
          "Top": 0.4708813726902008
        },
        "Polygon": [
          {
            "X": 0.6240738034248352,
            "Y": 0.4709838330745697
          },
          {
            "X": 0.660810649394989,
            "Y": 0.4708813726902008
          },
          {
            "X": 0.6609175801277161,
            "Y": 0.4905550479888916
          },
          {
            "X": 0.6241798996925354,
            "Y": 0.4906617999076843
          }
        ]
      },
      "Id": "041ceb7b-56e8-4676-90e5-691f9234ae1e",
      "Page": 1
    },
    {
      "BlockType": "WORD",
      "Confidence": 99.18313598632812,
      "Text": "P",
      "TextType": "PRINTED",
      "Geometry": {
        "BoundingBox": {
          "Width": 0.008007096126675606,
          "Height": 0.019840402528643608,
          "Left": 0.7127542495727539,
          "Top": 0.47100013494491577
        },
        "Polygon": [
          {
            "X": 0.7127542495727539,
            "Y": 0.4710221588611603
          },
          {
            "X": 0.720652163028717,
            "Y": 0.47100013494491577
          },
          {
            "X": 0.7207613587379456,
            "Y": 0.4908175468444824
          },
          {
            "X": 0.7128632664680481,
            "Y": 0.49084052443504333
          }
        ]
      },
      "Id": "16fec85f-055a-41da-8253-e821f2031588",
      "Page": 1
    },
    {
      "BlockType": "WORD",
      "Confidence": 99.73077392578125,
      "Text": "Pure",
      "TextType": "PRINTED",
      "Geometry": {
        "BoundingBox": {
          "Width": 0.02850298397243023,
          "Height": 0.019307490438222885,
          "Left": 0.2539810836315155,
          "Top": 0.5214178562164307
        },
        "Polygon": [
          {
            "X": 0.2539810836315155,
            "Y": 0.5215054154396057
          },
          {
            "X": 0.2823884189128876,
            "Y": 0.5214178562164307
          },
          {
            "X": 0.2824840545654297,
            "Y": 0.5406345725059509
          },
          {
            "X": 0.2540760636329651,
            "Y": 0.5407253503799438
          }
        ]
      },
      "Id": "d08709dd-1f5d-4a16-a708-6cdb9054f4d6",
      "Page": 1
    },
    {
      "BlockType": "WORD",
      "Confidence": 99.33074951171875,
      "Text": "EP",
      "TextType": "PRINTED",
      "Geometry": {
        "BoundingBox": {
          "Width": 0.014991768635809422,
          "Height": 0.019337652251124382,
          "Left": 0.28740766644477844,
          "Top": 0.5213175415992737
        },
        "Polygon": [
          {
            "X": 0.28740766644477844,
            "Y": 0.5213634371757507
          },
          {
            "X": 0.3023029565811157,
            "Y": 0.5213175415992737
          },
          {
            "X": 0.3023994565010071,
            "Y": 0.5406075716018677
          },
          {
            "X": 0.28750380873680115,
            "Y": 0.5406551957130432
          }
        ]
      },
      "Id": "f12c26fd-607f-46e7-ba77-e7243d9c071d",
      "Page": 1
    },
    {
      "BlockType": "WORD",
      "Confidence": 99.9635238647461,
      "Text": "100.0",
      "TextType": "PRINTED",
      "Geometry": {
        "BoundingBox": {
          "Width": 0.03378292918205261,
          "Height": 0.02048601396381855,
          "Left": 0.37033599615097046,
          "Top": 0.5210942625999451
        },
        "Polygon": [
          {
            "X": 0.37033599615097046,
            "Y": 0.521198034286499
          },
          {
            "X": 0.4040144979953766,
            "Y": 0.5210942625999451
          },
          {
            "X": 0.40411892533302307,
            "Y": 0.5414724349975586
          },
          {
            "X": 0.3704396188259125,
            "Y": 0.5415802597999573
          }
        ]
      },
      "Id": "d691139b-5236-4646-ab71-8a9fe0d243ed",
      "Page": 1
    },
    {
      "BlockType": "WORD",
      "Confidence": 98.495849609375,
      "Text": "/",
      "TextType": "PRINTED",
      "Geometry": {
        "BoundingBox": {
          "Width": 0.005159654188901186,
          "Height": 0.023924322798848152,
          "Left": 0.4767911434173584,
          "Top": 0.5213885307312012
        },
        "Polygon": [
          {
            "X": 0.4767911434173584,
            "Y": 0.5214040875434875
          },
          {
            "X": 0.4818260073661804,
            "Y": 0.5213885307312012
          },
          {
            "X": 0.4819507896900177,
            "Y": 0.5452966094017029
          },
          {
            "X": 0.47691577672958374,
            "Y": 0.5453128814697266
          }
        ]
      },
      "Id": "693e814d-29dc-46e9-874a-66e9b1298800",
      "Page": 1
    },
    {
      "BlockType": "WORD",
      "Confidence": 98.3753662109375,
      "Text": "/",
      "TextType": "PRINTED",
      "Geometry": {
        "BoundingBox": {
          "Width": 0.005345367360860109,
          "Height": 0.02440093830227852,
          "Left": 0.5531500577926636,
          "Top": 0.5209435224533081
        },
        "Polygon": [
          {
            "X": 0.5531500577926636,
            "Y": 0.5209596157073975
          },
          {
            "X": 0.5583658814430237,
            "Y": 0.5209435224533081
          },
          {
            "X": 0.5584954023361206,
            "Y": 0.5453276038169861
          },
          {
            "X": 0.5532793998718262,
            "Y": 0.5453444719314575
          }
        ]
      },
      "Id": "80c4f5a1-4dc4-4194-b337-fd3029b01f0d",
      "Page": 1
    },
    {
      "BlockType": "WORD",
      "Confidence": 98.66806030273438,
      "Text": "/",
      "TextType": "PRINTED",
      "Geometry": {
        "BoundingBox": {
          "Width": 0.005245165433734655,
          "Height": 0.024365151301026344,
          "Left": 0.6237220764160156,
          "Top": 0.5211049318313599
        },
        "Polygon": [
          {
            "X": 0.6237220764160156,
            "Y": 0.5211207270622253
          },
          {
            "X": 0.6288358569145203,
            "Y": 0.5211049318313599
          },
          {
            "X": 0.62896728515625,
            "Y": 0.5454535484313965
          },
          {
            "X": 0.6238533854484558,
            "Y": 0.545470118522644
          }
        ]
      },
      "Id": "79d2d99d-f668-4809-885e-4d49c521ccc3",
      "Page": 1
    },
    {
      "BlockType": "WORD",
      "Confidence": 98.99676513671875,
      "Text": "/",
      "TextType": "PRINTED",
      "Geometry": {
        "BoundingBox": {
          "Width": 0.005242359358817339,
          "Height": 0.024421030655503273,
          "Left": 0.7123950123786926,
          "Top": 0.5207629203796387
        },
        "Polygon": [
          {
            "X": 0.7123950123786926,
            "Y": 0.5207786560058594
          },
          {
            "X": 0.717503011226654,
            "Y": 0.5207629203796387
          },
          {
            "X": 0.7176373600959778,
            "Y": 0.5451674461364746
          },
          {
            "X": 0.7125292420387268,
            "Y": 0.5451839566230774
          }
        ]
      },
      "Id": "636e0741-6209-40ad-9f64-ed62258344de",
      "Page": 1
    },
    {
      "BlockType": "WORD",
      "Confidence": 98.78182983398438,
      "Text": "EP/DOPO/OPS",
      "TextType": "PRINTED",
      "Geometry": {
        "BoundingBox": {
          "Width": 0.08623628318309784,
          "Height": 0.025356754660606384,
          "Left": 0.2541506588459015,
          "Top": 0.5517688393592834
        },
        "Polygon": [
          {
            "X": 0.2541506588459015,
            "Y": 0.5520497560501099
          },
          {
            "X": 0.34026041626930237,
            "Y": 0.5517688393592834
          },
          {
            "X": 0.34038692712783813,
            "Y": 0.5768319368362427
          },
          {
            "X": 0.2542745769023895,
            "Y": 0.577125608921051
          }
        ]
      },
      "Id": "dc105613-eb36-4782-902f-a76e7fd4416f",
      "Page": 1
    },
    {
      "BlockType": "WORD",
      "Confidence": 99.8502426147461,
      "Text": "89.6",
      "TextType": "PRINTED",
      "Geometry": {
        "BoundingBox": {
          "Width": 0.026782529428601265,
          "Height": 0.019975906237959862,
          "Left": 0.377412348985672,
          "Top": 0.5526044368743896
        },
        "Polygon": [
          {
            "X": 0.377412348985672,
            "Y": 0.552691638469696
          },
          {
            "X": 0.4040929675102234,
            "Y": 0.5526044368743896
          },
          {
            "X": 0.4041948914527893,
            "Y": 0.5724899768829346
          },
          {
            "X": 0.3775136470794678,
            "Y": 0.5725803375244141
          }
        ]
      },
      "Id": "80c8b5a4-363e-40ee-8570-ca0431add8e1",
      "Page": 1
    },
    {
      "BlockType": "WORD",
      "Confidence": 99.70668029785156,
      "Text": "4.1",
      "TextType": "PRINTED",
      "Geometry": {
        "BoundingBox": {
          "Width": 0.017338568344712257,
          "Height": 0.020371530205011368,
          "Left": 0.47698408365249634,
          "Top": 0.5524587035179138
        },
        "Polygon": [
          {
            "X": 0.47698408365249634,
            "Y": 0.5525150299072266
          },
          {
            "X": 0.49421632289886475,
            "Y": 0.5524587035179138
          },
          {
            "X": 0.49432262778282166,
            "Y": 0.5727718472480774
          },
          {
            "X": 0.4770899713039398,
            "Y": 0.5728302001953125
          }
        ]
      },
      "Id": "d7fca6f3-cc68-45dc-b63a-d203494054e1",
      "Page": 1
    },
    {
      "BlockType": "WORD",
      "Confidence": 61.262054443359375,
      "Text": "0.9",
      "TextType": "PRINTED",
      "Geometry": {
        "BoundingBox": {
          "Width": 0.018718911334872246,
          "Height": 0.02027551457285881,
          "Left": 0.5536527037620544,
          "Top": 0.5525100231170654
        },
        "Polygon": [
          {
            "X": 0.5536527037620544,
            "Y": 0.5525708794593811
          },
          {
            "X": 0.5722639560699463,
            "Y": 0.5525100231170654
          },
          {
            "X": 0.5723716616630554,
            "Y": 0.5727224349975586
          },
          {
            "X": 0.5537599921226501,
            "Y": 0.572785496711731
          }
        ]
      },
      "Id": "d27d2f10-1d70-46fb-9332-9fd2ff24a1b3",
      "Page": 1
    },
    {
      "BlockType": "WORD",
      "Confidence": 89.54389953613281,
      "Text": "6.3",
      "TextType": "PRINTED",
      "Geometry": {
        "BoundingBox": {
          "Width": 0.018483683466911316,
          "Height": 0.020247766748070717,
          "Left": 0.6238290667533875,
          "Top": 0.5524119734764099
        },
        "Polygon": [
          {
            "X": 0.6238290667533875,
            "Y": 0.5524720549583435
          },
          {
            "X": 0.6422034502029419,
            "Y": 0.5524119734764099
          },
          {
            "X": 0.6423127055168152,
            "Y": 0.5725973844528198
          },
          {
            "X": 0.6239379048347473,
            "Y": 0.5726597309112549
          }
        ]
      },
      "Id": "901a757a-d44d-4aa0-9575-efed69290f5d",
      "Page": 1
    },
    {
      "BlockType": "WORD",
      "Confidence": 99.66120147705078,
      "Text": "0.9",
      "TextType": "PRINTED",
      "Geometry": {
        "BoundingBox": {
          "Width": 0.01895316131412983,
          "Height": 0.0207736287266016,
          "Left": 0.7127408385276794,
          "Top": 0.5520211458206177
        },
        "Polygon": [
          {
            "X": 0.7127408385276794,
            "Y": 0.5520827770233154
          },
          {
            "X": 0.731579601764679,
            "Y": 0.5520211458206177
          },
          {
            "X": 0.7316939830780029,
            "Y": 0.5727308392524719
          },
          {
            "X": 0.7128547430038452,
            "Y": 0.5727947950363159
          }
        ]
      },
      "Id": "b7333186-1b2e-42bb-8444-d2ea432c77f4",
      "Page": 1
    },
    {
      "BlockType": "TABLE",
      "Confidence": 99.853515625,
      "Geometry": {
        "BoundingBox": {
          "Width": 0.5462076663970947,
          "Height": 0.18167679011821747,
          "Left": 0.22582228481769562,
          "Top": 0.4074331521987915
        },
        "Polygon": [
          {
            "X": 0.22582228481769562,
            "Y": 0.4087499678134918
          },
          {
            "X": 0.7710283398628235,
            "Y": 0.4074331521987915
          },
          {
            "X": 0.7720299363136292,
            "Y": 0.5872120261192322
          },
          {
            "X": 0.22670771181583405,
            "Y": 0.5891099572181702
          }
        ]
      },
      "Id": "6e31179a-2827-4245-9a1c-ed26d7d33868",
      "Relationships": [
        {
          "Type": "CHILD",
          "Ids": [
            "ca280870-fc25-4b0f-88f4-f046e77409ee",
            "512774bc-2f94-4e81-b939-ae01117728b3",
            "babdb31e-79d4-4cc9-a6af-6499554af7a6",
            "56231e93-0e60-4b50-8d36-1866dbd567d8",
            "933aea42-b0c2-41cc-92a2-31ae747678ff",
            "9585c465-03b9-4477-81db-047be8bcab99",
            "2a4c6544-1c97-493d-8061-bce730d53234",
            "7c69d9b0-48b9-45ed-9927-3d0af7cd2872",
            "50959c74-6d63-4f05-aae5-8a28df472964",
            "422d37c3-b3d4-4662-aa39-c9cd1b110305",
            "4005a6c2-f919-462d-937c-70ab173e8b4e",
            "ad13b866-c827-4ec4-9e6e-60c90970f0a4",
            "edd7c7fe-d59c-4826-9913-e5c86cca8b3d",
            "9e425e04-70f9-4bcd-ad96-9ec43901f467",
            "e89341d4-8aaa-4ba2-a299-7e3f7cc3246e",
            "90d5c138-1064-45e8-b2f7-e4005d2a149e",
            "f2732f45-00df-428a-b335-9d4d769d4844",
            "2a4b1f9c-b290-4b24-973b-0a893e05e95a",
            "ac828944-09ee-46c3-b55c-0fc5ec1203e7",
            "0cff04c6-1178-4245-afdf-1281874547f9",
            "ea9e8317-3382-4234-b04a-1012b019f5ef",
            "39dab974-b353-441d-ad2a-c5716b6a8ab1",
            "87ebffbd-27dc-489e-b402-a21951808ca1",
            "f512f85c-72f5-4099-b91e-ea84123546de"
          ]
        },
        {
          "Type": "MERGED_CELL",
          "Ids": [
            "62ac1a80-dd31-48e5-9efa-be42fa990ba2",
            "3903dac2-995b-43f8-b4fc-a1519e886a41",
            "12792c17-5a26-4f39-b37d-cdcd97826d04"
          ]
        }
      ],
      "EntityTypes": [
        "STRUCTURED_TABLE"
      ],
      "Page": 1
    },
    {
      "BlockType": "CELL",
      "Confidence": 80.029296875,
      "RowIndex": 1,
      "ColumnIndex": 1,
      "RowSpan": 1,
      "ColumnSpan": 1,
      "Geometry": {
        "BoundingBox": {
          "Width": 0.13055603206157684,
          "Height": 0.04937666654586792,
          "Left": 0.22578555345535278,
          "Top": 0.408308207988739
        },
        "Polygon": [
          {
            "X": 0.22578555345535278,
            "Y": 0.4086228311061859
          },
          {
            "X": 0.3560931384563446,
            "Y": 0.408308207988739
          },
          {
            "X": 0.35634157061576843,
            "Y": 0.45733246207237244
          },
          {
            "X": 0.22602640092372894,
            "Y": 0.45768487453460693
          }
        ]
      },
      "Id": "ca280870-fc25-4b0f-88f4-f046e77409ee",
      "Relationships": [
        {
          "Type": "CHILD",
          "Ids": [
            "92d8b349-5ecb-43a5-90c5-04b797df6269"
          ]
        }
      ],
      "EntityTypes": [
        "COLUMN_HEADER"
      ],
      "Page": 1
    },
    {
      "BlockType": "CELL",
      "Confidence": 78.61328125,
      "RowIndex": 1,
      "ColumnIndex": 2,
      "RowSpan": 1,
      "ColumnSpan": 1,
      "Geometry": {
        "BoundingBox": {
          "Width": 0.10919533669948578,
          "Height": 0.04928729683160782,
          "Left": 0.3560931384563446,
          "Top": 0.4080451726913452
        },
        "Polygon": [
          {
            "X": 0.3560931384563446,
            "Y": 0.408308207988739
          },
          {
            "X": 0.46503373980522156,
            "Y": 0.4080451726913452
          },
          {
            "X": 0.4652884900569916,
            "Y": 0.4570378363132477
          },
          {
            "X": 0.35634157061576843,
            "Y": 0.45733246207237244
          }
        ]
      },
      "Id": "512774bc-2f94-4e81-b939-ae01117728b3",
      "Relationships": [
        {
          "Type": "CHILD",
          "Ids": [
            "4000e57e-3288-48bd-bf0a-c374b6bdd61e",
            "e25b590a-7f63-41f9-aec5-fea81d09c199"
          ]
        }
      ],
      "EntityTypes": [
        "COLUMN_HEADER"
      ],
      "Page": 1
    },
    {
      "BlockType": "CELL",
      "Confidence": 87.744140625,
      "RowIndex": 1,
      "ColumnIndex": 3,
      "RowSpan": 1,
      "ColumnSpan": 1,
      "Geometry": {
        "BoundingBox": {
          "Width": 0.062986820936203,
          "Height": 0.04914413392543793,
          "Left": 0.46503373980522156,
          "Top": 0.40789371728897095
        },
        "Polygon": [
          {
            "X": 0.46503373980522156,
            "Y": 0.4080451726913452
          },
          {
            "X": 0.5277621746063232,
            "Y": 0.40789371728897095
          },
          {
            "X": 0.5280205607414246,
            "Y": 0.4568682014942169
          },
          {
            "X": 0.4652884900569916,
            "Y": 0.4570378363132477
          }
        ]
      },
      "Id": "babdb31e-79d4-4cc9-a6af-6499554af7a6",
      "Relationships": [
        {
          "Type": "CHILD",
          "Ids": [
            "e3a83016-4dab-4c7c-be96-11834c01819a"
          ]
        }
      ],
      "EntityTypes": [
        "COLUMN_HEADER"
      ],
      "Page": 1
    },
    {
      "BlockType": "CELL",
      "Confidence": 87.744140625,
      "RowIndex": 1,
      "ColumnIndex": 4,
      "RowSpan": 1,
      "ColumnSpan": 1,
      "Geometry": {
        "BoundingBox": {
          "Width": 0.06973835825920105,
          "Height": 0.04914224147796631,
          "Left": 0.5277621746063232,
          "Top": 0.4077259600162506
        },
        "Polygon": [
          {
            "X": 0.5277621746063232,
            "Y": 0.40789371728897095
          },
          {
            "X": 0.5972381234169006,
            "Y": 0.4077259600162506
          },
          {
            "X": 0.5975005030632019,
            "Y": 0.4566803276538849
          },
          {
            "X": 0.5280205607414246,
            "Y": 0.4568682014942169
          }
        ]
      },
      "Id": "56231e93-0e60-4b50-8d36-1866dbd567d8",
      "Relationships": [
        {
          "Type": "CHILD",
          "Ids": [
            "898b44e8-4823-4151-a9f0-0fce86a4bacc",
            "c31459b9-f100-4589-8b6d-f401d0f5fa23"
          ]
        }
      ],
      "EntityTypes": [
        "COLUMN_HEADER"
      ],
      "Page": 1
    },
    {
      "BlockType": "CELL",
      "Confidence": 87.744140625,
      "RowIndex": 1,
      "ColumnIndex": 5,
      "RowSpan": 1,
      "ColumnSpan": 1,
      "Geometry": {
        "BoundingBox": {
          "Width": 0.08703208714723587,
          "Height": 0.04916384071111679,
          "Left": 0.5972381234169006,
          "Top": 0.4075164794921875
        },
        "Polygon": [
          {
            "X": 0.5972381234169006,
            "Y": 0.4077259600162506
          },
          {
            "X": 0.6840027570724487,
            "Y": 0.4075164794921875
          },
          {
            "X": 0.6842702031135559,
            "Y": 0.4564456641674042
          },
          {
            "X": 0.5975005030632019,
            "Y": 0.4566803276538849
          }
        ]
      },
      "Id": "933aea42-b0c2-41cc-92a2-31ae747678ff",
      "Relationships": [
        {
          "Type": "CHILD",
          "Ids": [
            "22f68139-fbd9-496e-bdf3-97317ef49f09",
            "4bf16696-5bd8-4a5a-9902-0d092acdb53a"
          ]
        }
      ],
      "EntityTypes": [
        "COLUMN_HEADER"
      ],
      "Page": 1
    },
    {
      "BlockType": "CELL",
      "Confidence": 87.744140625,
      "RowIndex": 1,
      "ColumnIndex": 6,
      "RowSpan": 1,
      "ColumnSpan": 1,
      "Geometry": {
        "BoundingBox": {
          "Width": 0.08694802224636078,
          "Height": 0.049138471484184265,
          "Left": 0.6840027570724487,
          "Top": 0.4073072075843811
        },
        "Polygon": [
          {
            "X": 0.6840027570724487,
            "Y": 0.4075164794921875
          },
          {
            "X": 0.7706783413887024,
            "Y": 0.4073072075843811
          },
          {
            "X": 0.7709507942199707,
            "Y": 0.45621126890182495
          },
          {
            "X": 0.6842702031135559,
            "Y": 0.4564456641674042
          }
        ]
      },
      "Id": "9585c465-03b9-4477-81db-047be8bcab99",
      "EntityTypes": [
        "COLUMN_HEADER"
      ],
      "Page": 1
    },
    {
      "BlockType": "CELL",
      "Confidence": 80.029296875,
      "RowIndex": 2,
      "ColumnIndex": 1,
      "RowSpan": 1,
      "ColumnSpan": 1,
      "Geometry": {
        "BoundingBox": {
          "Width": 0.1305636316537857,
          "Height": 0.04942028969526291,
          "Left": 0.22602640092372894,
          "Top": 0.45733246207237244
        },
        "Polygon": [
          {
            "X": 0.22602640092372894,
            "Y": 0.45768487453460693
          },
          {
            "X": 0.35634157061576843,
            "Y": 0.45733246207237244
          },
          {
            "X": 0.35659003257751465,
            "Y": 0.5063625574111938
          },
          {
            "X": 0.2262672781944275,
            "Y": 0.5067527294158936
          }
        ]
      },
      "Id": "2a4c6544-1c97-493d-8061-bce730d53234",
      "EntityTypes": [
        "COLUMN_HEADER"
      ],
      "Page": 1
    },
    {
      "BlockType": "CELL",
      "Confidence": 78.61328125,
      "RowIndex": 2,
      "ColumnIndex": 2,
      "RowSpan": 1,
      "ColumnSpan": 1,
      "Geometry": {
        "BoundingBox": {
          "Width": 0.10920169204473495,
          "Height": 0.04932471737265587,
          "Left": 0.35634157061576843,
          "Top": 0.4570378363132477
        },
        "Polygon": [
          {
            "X": 0.35634157061576843,
            "Y": 0.45733246207237244
          },
          {
            "X": 0.4652884900569916,
            "Y": 0.4570378363132477
          },
          {
            "X": 0.465543270111084,
            "Y": 0.5060363411903381
          },
          {
            "X": 0.35659003257751465,
            "Y": 0.5063625574111938
          }
        ]
      },
      "Id": "7c69d9b0-48b9-45ed-9927-3d0af7cd2872",
      "Relationships": [
        {
          "Type": "CHILD",
          "Ids": [
            "75e75826-6c37-427c-99d9-ea5fc3224ab2",
            "5b3dbb04-238e-4382-a2d5-aa0521362e21"
          ]
        }
      ],
      "EntityTypes": [
        "COLUMN_HEADER"
      ],
      "Page": 1
    },
    {
      "BlockType": "CELL",
      "Confidence": 75.341796875,
      "RowIndex": 2,
      "ColumnIndex": 3,
      "RowSpan": 1,
      "ColumnSpan": 1,
      "Geometry": {
        "BoundingBox": {
          "Width": 0.06299048662185669,
          "Height": 0.04916815087199211,
          "Left": 0.4652884900569916,
          "Top": 0.4568682014942169
        },
        "Polygon": [
          {
            "X": 0.4652884900569916,
            "Y": 0.4570378363132477
          },
          {
            "X": 0.5280205607414246,
            "Y": 0.4568682014942169
          },
          {
            "X": 0.5282790064811707,
            "Y": 0.5058485269546509
          },
          {
            "X": 0.465543270111084,
            "Y": 0.5060363411903381
          }
        ]
      },
      "Id": "50959c74-6d63-4f05-aae5-8a28df472964",
      "Relationships": [
        {
          "Type": "CHILD",
          "Ids": [
            "8e63c178-8df7-4b0f-83b5-656a45906d4c"
          ]
        }
      ],
      "EntityTypes": [
        "COLUMN_HEADER"
      ],
      "Page": 1
    },
    {
      "BlockType": "CELL",
      "Confidence": 83.837890625,
      "RowIndex": 2,
      "ColumnIndex": 4,
      "RowSpan": 1,
      "ColumnSpan": 1,
      "Geometry": {
        "BoundingBox": {
          "Width": 0.06974241137504578,
          "Height": 0.04916821047663689,
          "Left": 0.5280205607414246,
          "Top": 0.4566803276538849
        },
        "Polygon": [
          {
            "X": 0.5280205607414246,
            "Y": 0.4568682014942169
          },
          {
            "X": 0.5975005030632019,
            "Y": 0.4566803276538849
          },
          {
            "X": 0.5977630019187927,
            "Y": 0.5056405067443848
          },
          {
            "X": 0.5282790064811707,
            "Y": 0.5058485269546509
          }
        ]
      },
      "Id": "422d37c3-b3d4-4662-aa39-c9cd1b110305",
      "Relationships": [
        {
          "Type": "CHILD",
          "Ids": [
            "7fde6a0f-44df-46ff-a9d8-f4af8646dcb9"
          ]
        }
      ],
      "EntityTypes": [
        "COLUMN_HEADER"
      ],
      "Page": 1
    },
    {
      "BlockType": "CELL",
      "Confidence": 85.546875,
      "RowIndex": 2,
      "ColumnIndex": 5,
      "RowSpan": 1,
      "ColumnSpan": 1,
      "Geometry": {
        "BoundingBox": {
          "Width": 0.08703713864088058,
          "Height": 0.0491948164999485,
          "Left": 0.5975005030632019,
          "Top": 0.4564456641674042
        },
        "Polygon": [
          {
            "X": 0.5975005030632019,
            "Y": 0.4566803276538849
          },
          {
            "X": 0.6842702031135559,
            "Y": 0.4564456641674042
          },
          {
            "X": 0.6845376491546631,
            "Y": 0.5053806900978088
          },
          {
            "X": 0.5977630019187927,
            "Y": 0.5056405067443848
          }
        ]
      },
      "Id": "4005a6c2-f919-462d-937c-70ab173e8b4e",
      "Relationships": [
        {
          "Type": "CHILD",
          "Ids": [
            "041ceb7b-56e8-4676-90e5-691f9234ae1e"
          ]
        }
      ],
      "EntityTypes": [
        "COLUMN_HEADER"
      ],
      "Page": 1
    },
    {
      "BlockType": "CELL",
      "Confidence": 82.958984375,
      "RowIndex": 2,
      "ColumnIndex": 6,
      "RowSpan": 1,
      "ColumnSpan": 1,
      "Geometry": {
        "BoundingBox": {
          "Width": 0.08730236440896988,
          "Height": 0.0491703599691391,
          "Left": 0.6842702031135559,
          "Top": 0.45621031522750854
        },
        "Polygon": [
          {
            "X": 0.6842702031135559,
            "Y": 0.4564456641674042
          },
          {
            "X": 0.7713000774383545,
            "Y": 0.45621031522750854
          },
          {
            "X": 0.7715725898742676,
            "Y": 0.5051200985908508
          },
          {
            "X": 0.6845376491546631,
            "Y": 0.5053806900978088
          }
        ]
      },
      "Id": "ad13b866-c827-4ec4-9e6e-60c90970f0a4",
      "Relationships": [
        {
          "Type": "CHILD",
          "Ids": [
            "16fec85f-055a-41da-8253-e821f2031588"
          ]
        }
      ],
      "EntityTypes": [
        "COLUMN_HEADER"
      ],
      "Page": 1
    },
    {
      "BlockType": "CELL",
      "Confidence": 51.904296875,
      "RowIndex": 3,
      "ColumnIndex": 1,
      "RowSpan": 1,
      "ColumnSpan": 1,
      "Geometry": {
        "BoundingBox": {
          "Width": 0.13050059974193573,
          "Height": 0.04264766350388527,
          "Left": 0.22630339860916138,
          "Top": 0.5063625574111938
        },
        "Polygon": [
          {
            "X": 0.22630339860916138,
            "Y": 0.5067526698112488
          },
          {
            "X": 0.35659003257751465,
            "Y": 0.5063625574111938
          },
          {
            "X": 0.3568040132522583,
            "Y": 0.5485876202583313
          },
          {
            "X": 0.22651085257530212,
            "Y": 0.5490102171897888
          }
        ]
      },
      "Id": "edd7c7fe-d59c-4826-9913-e5c86cca8b3d",
      "Relationships": [
        {
          "Type": "CHILD",
          "Ids": [
            "d08709dd-1f5d-4a16-a708-6cdb9054f4d6",
            "f12c26fd-607f-46e7-ba77-e7243d9c071d"
          ]
        }
      ],
      "Page": 1
    },
    {
      "BlockType": "CELL",
      "Confidence": 51.318359375,
      "RowIndex": 3,
      "ColumnIndex": 2,
      "RowSpan": 1,
      "ColumnSpan": 1,
      "Geometry": {
        "BoundingBox": {
          "Width": 0.10917264968156815,
          "Height": 0.042551252990961075,
          "Left": 0.35659003257751465,
          "Top": 0.5060363411903381
        },
        "Polygon": [
          {
            "X": 0.35659003257751465,
            "Y": 0.5063625574111938
          },
          {
            "X": 0.465543270111084,
            "Y": 0.5060363411903381
          },
          {
            "X": 0.4657626748085022,
            "Y": 0.5482341647148132
          },
          {
            "X": 0.3568040132522583,
            "Y": 0.5485876202583313
          }
        ]
      },
      "Id": "9e425e04-70f9-4bcd-ad96-9ec43901f467",
      "Relationships": [
        {
          "Type": "CHILD",
          "Ids": [
            "d691139b-5236-4646-ab71-8a9fe0d243ed"
          ]
        }
      ],
      "Page": 1
    },
    {
      "BlockType": "CELL",
      "Confidence": 45.0439453125,
      "RowIndex": 3,
      "ColumnIndex": 3,
      "RowSpan": 1,
      "ColumnSpan": 1,
      "Geometry": {
        "BoundingBox": {
          "Width": 0.0629582554101944,
          "Height": 0.04238566756248474,
          "Left": 0.465543270111084,
          "Top": 0.5058485269546509
        },
        "Polygon": [
          {
            "X": 0.465543270111084,
            "Y": 0.5060363411903381
          },
          {
            "X": 0.5282790064811707,
            "Y": 0.5058485269546509
          },
          {
            "X": 0.5285015106201172,
            "Y": 0.54803067445755
          },
          {
            "X": 0.4657626748085022,
            "Y": 0.5482341647148132
          }
        ]
      },
      "Id": "e89341d4-8aaa-4ba2-a299-7e3f7cc3246e",
      "Relationships": [
        {
          "Type": "CHILD",
          "Ids": [
            "693e814d-29dc-46e9-874a-66e9b1298800"
          ]
        }
      ],
      "Page": 1
    },
    {
      "BlockType": "CELL",
      "Confidence": 50.09765625,
      "RowIndex": 3,
      "ColumnIndex": 4,
      "RowSpan": 1,
      "ColumnSpan": 1,
      "Geometry": {
        "BoundingBox": {
          "Width": 0.06971001625061035,
          "Height": 0.04239020496606827,
          "Left": 0.5282790064811707,
          "Top": 0.5056405067443848
        },
        "Polygon": [
          {
            "X": 0.5282790064811707,
            "Y": 0.5058485269546509
          },
          {
            "X": 0.5977630019187927,
            "Y": 0.5056405067443848
          },
          {
            "X": 0.5979889631271362,
            "Y": 0.5478053092956543
          },
          {
            "X": 0.5285015106201172,
            "Y": 0.54803067445755
          }
        ]
      },
      "Id": "90d5c138-1064-45e8-b2f7-e4005d2a149e",
      "Relationships": [
        {
          "Type": "CHILD",
          "Ids": [
            "80c4f5a1-4dc4-4194-b337-fd3029b01f0d"
          ]
        }
      ],
      "Page": 1
    },
    {
      "BlockType": "CELL",
      "Confidence": 51.171875,
      "RowIndex": 3,
      "ColumnIndex": 5,
      "RowSpan": 1,
      "ColumnSpan": 1,
      "Geometry": {
        "BoundingBox": {
          "Width": 0.08700504153966904,
          "Height": 0.04242461919784546,
          "Left": 0.5977630019187927,
          "Top": 0.5053806900978088
        },
        "Polygon": [
          {
            "X": 0.5977630019187927,
            "Y": 0.5056405067443848
          },
          {
            "X": 0.6845376491546631,
            "Y": 0.5053806900978088
          },
          {
            "X": 0.68476802110672,
            "Y": 0.5475238561630249
          },
          {
            "X": 0.5979889631271362,
            "Y": 0.5478053092956543
          }
        ]
      },
      "Id": "f2732f45-00df-428a-b335-9d4d769d4844",
      "Relationships": [
        {
          "Type": "CHILD",
          "Ids": [
            "79d2d99d-f668-4809-885e-4d49c521ccc3"
          ]
        }
      ],
      "Page": 1
    },
    {
      "BlockType": "CELL",
      "Confidence": 49.609375,
      "RowIndex": 3,
      "ColumnIndex": 6,
      "RowSpan": 1,
      "ColumnSpan": 1,
      "Geometry": {
        "BoundingBox": {
          "Width": 0.08726957440376282,
          "Height": 0.042403727769851685,
          "Left": 0.6845376491546631,
          "Top": 0.5051200985908508
        },
        "Polygon": [
          {
            "X": 0.6845376491546631,
            "Y": 0.5053806900978088
          },
          {
            "X": 0.7715725898742676,
            "Y": 0.5051200985908508
          },
          {
            "X": 0.7718072533607483,
            "Y": 0.5472415089607239
          },
          {
            "X": 0.68476802110672,
            "Y": 0.5475238561630249
          }
        ]
      },
      "Id": "2a4b1f9c-b290-4b24-973b-0a893e05e95a",
      "Relationships": [
        {
          "Type": "CHILD",
          "Ids": [
            "636e0741-6209-40ad-9f64-ed62258344de"
          ]
        }
      ],
      "Page": 1
    },
    {
      "BlockType": "CELL",
      "Confidence": 52.5390625,
      "RowIndex": 4,
      "ColumnIndex": 1,
      "RowSpan": 1,
      "ColumnSpan": 1,
      "Geometry": {
        "BoundingBox": {
          "Width": 0.13049620389938354,
          "Height": 0.040522344410419464,
          "Left": 0.22651085257530212,
          "Top": 0.5485876202583313
        },
        "Polygon": [
          {
            "X": 0.22651085257530212,
            "Y": 0.5490102171897888
          },
          {
            "X": 0.3568040132522583,
            "Y": 0.5485876202583313
          },
          {
            "X": 0.35700705647468567,
            "Y": 0.588656485080719
          },
          {
            "X": 0.22670771181583405,
            "Y": 0.5891099572181702
          }
        ]
      },
      "Id": "ac828944-09ee-46c3-b55c-0fc5ec1203e7",
      "Relationships": [
        {
          "Type": "CHILD",
          "Ids": [
            "dc105613-eb36-4782-902f-a76e7fd4416f"
          ]
        }
      ],
      "Page": 1
    },
    {
      "BlockType": "CELL",
      "Confidence": 51.953125,
      "RowIndex": 4,
      "ColumnIndex": 2,
      "RowSpan": 1,
      "ColumnSpan": 1,
      "Geometry": {
        "BoundingBox": {
          "Width": 0.10916689783334732,
          "Height": 0.040422264486551285,
          "Left": 0.3568040132522583,
          "Top": 0.5482341647148132
        },
        "Polygon": [
          {
            "X": 0.3568040132522583,
            "Y": 0.5485876202583313
          },
          {
            "X": 0.4657626748085022,
            "Y": 0.5482341647148132
          },
          {
            "X": 0.465970903635025,
            "Y": 0.5882772207260132
          },
          {
            "X": 0.35700705647468567,
            "Y": 0.588656485080719
          }
        ]
      },
      "Id": "0cff04c6-1178-4245-afdf-1281874547f9",
      "Relationships": [
        {
          "Type": "CHILD",
          "Ids": [
            "80c8b5a4-363e-40ee-8570-ca0431add8e1"
          ]
        }
      ],
      "Page": 1
    },
    {
      "BlockType": "CELL",
      "Confidence": 45.60546875,
      "RowIndex": 4,
      "ColumnIndex": 3,
      "RowSpan": 1,
      "ColumnSpan": 1,
      "Geometry": {
        "BoundingBox": {
          "Width": 0.0629500225186348,
          "Height": 0.040246523916721344,
          "Left": 0.4657626748085022,
          "Top": 0.54803067445755
        },
        "Polygon": [
          {
            "X": 0.4657626748085022,
            "Y": 0.5482341647148132
          },
          {
            "X": 0.5285015106201172,
            "Y": 0.54803067445755
          },
          {
            "X": 0.5287126898765564,
            "Y": 0.5880588293075562
          },
          {
            "X": 0.465970903635025,
            "Y": 0.5882772207260132
          }
        ]
      },
      "Id": "ea9e8317-3382-4234-b04a-1012b019f5ef",
      "Relationships": [
        {
          "Type": "CHILD",
          "Ids": [
            "d7fca6f3-cc68-45dc-b63a-d203494054e1"
          ]
        }
      ],
      "Page": 1
    },
    {
      "BlockType": "CELL",
      "Confidence": 50.732421875,
      "RowIndex": 4,
      "ColumnIndex": 4,
      "RowSpan": 1,
      "ColumnSpan": 1,
      "Geometry": {
        "BoundingBox": {
          "Width": 0.06970193982124329,
          "Height": 0.040253542363643646,
          "Left": 0.5285015106201172,
          "Top": 0.5478053092956543
        },
        "Polygon": [
          {
            "X": 0.5285015106201172,
            "Y": 0.54803067445755
          },
          {
            "X": 0.5979889631271362,
            "Y": 0.5478053092956543
          },
          {
            "X": 0.5982034802436829,
            "Y": 0.5878170132637024
          },
          {
            "X": 0.5287126898765564,
            "Y": 0.5880588293075562
          }
        ]
      },
      "Id": "39dab974-b353-441d-ad2a-c5716b6a8ab1",
      "Relationships": [
        {
          "Type": "CHILD",
          "Ids": [
            "d27d2f10-1d70-46fb-9332-9fd2ff24a1b3"
          ]
        }
      ],
      "Page": 1
    },
    {
      "BlockType": "CELL",
      "Confidence": 51.806640625,
      "RowIndex": 4,
      "ColumnIndex": 5,
      "RowSpan": 1,
      "ColumnSpan": 1,
      "Geometry": {
        "BoundingBox": {
          "Width": 0.08699759840965271,
          "Height": 0.04029316082596779,
          "Left": 0.5979889631271362,
          "Top": 0.5475238561630249
        },
        "Polygon": [
          {
            "X": 0.5979889631271362,
            "Y": 0.5478053092956543
          },
          {
            "X": 0.68476802110672,
            "Y": 0.5475238561630249
          },
          {
            "X": 0.6849865913391113,
            "Y": 0.5875149369239807
          },
          {
            "X": 0.5982034802436829,
            "Y": 0.5878170132637024
          }
        ]
      },
      "Id": "87ebffbd-27dc-489e-b402-a21951808ca1",
      "Relationships": [
        {
          "Type": "CHILD",
          "Ids": [
            "901a757a-d44d-4aa0-9575-efed69290f5d"
          ]
        }
      ],
      "Page": 1
    },
    {
      "BlockType": "CELL",
      "Confidence": 50.244140625,
      "RowIndex": 4,
      "ColumnIndex": 6,
      "RowSpan": 1,
      "ColumnSpan": 1,
      "Geometry": {
        "BoundingBox": {
          "Width": 0.08726192265748978,
          "Height": 0.04027343913912773,
          "Left": 0.68476802110672,
          "Top": 0.5472415089607239
        },
        "Polygon": [
          {
            "X": 0.68476802110672,
            "Y": 0.5475238561630249
          },
          {
            "X": 0.7718072533607483,
            "Y": 0.5472415089607239
          },
          {
            "X": 0.7720299363136292,
            "Y": 0.5872120261192322
          },
          {
            "X": 0.6849865913391113,
            "Y": 0.5875149369239807
          }
        ]
      },
      "Id": "f512f85c-72f5-4099-b91e-ea84123546de",
      "Relationships": [
        {
          "Type": "CHILD",
          "Ids": [
            "b7333186-1b2e-42bb-8444-d2ea432c77f4"
          ]
        }
      ],
      "Page": 1
    },
    {
      "BlockType": "MERGED_CELL",
      "Confidence": 80.029296875,
      "RowIndex": 1,
      "ColumnIndex": 1,
      "RowSpan": 2,
      "ColumnSpan": 1,
      "Geometry": {
        "BoundingBox": {
          "Width": 0.13076774775981903,
          "Height": 0.09831732511520386,
          "Left": 0.22582228481769562,
          "Top": 0.40843531489372253
        },
        "Polygon": [
          {
            "X": 0.22582228481769562,
            "Y": 0.4087499678134918
          },
          {
            "X": 0.35609379410743713,
            "Y": 0.40843531489372253
          },
          {
            "X": 0.35659003257751465,
            "Y": 0.5063625574111938
          },
          {
            "X": 0.22630339860916138,
            "Y": 0.5067526698112488
          }
        ]
      },
      "Id": "62ac1a80-dd31-48e5-9efa-be42fa990ba2",
      "Relationships": [
        {
          "Type": "CHILD",
          "Ids": [
            "ca280870-fc25-4b0f-88f4-f046e77409ee",
            "2a4c6544-1c97-493d-8061-bce730d53234"
          ]
        }
      ],
      "EntityTypes": [
        "COLUMN_HEADER"
      ],
      "Page": 1
    },
    {
      "BlockType": "MERGED_CELL",
      "Confidence": 78.61328125,
      "RowIndex": 1,
      "ColumnIndex": 2,
      "RowSpan": 2,
      "ColumnSpan": 1,
      "Geometry": {
        "BoundingBox": {
          "Width": 0.10944947600364685,
          "Height": 0.09819035977125168,
          "Left": 0.35609379410743713,
          "Top": 0.40817221999168396
        },
        "Polygon": [
          {
            "X": 0.35609379410743713,
            "Y": 0.40843531489372253
          },
          {
            "X": 0.4650343954563141,
            "Y": 0.40817221999168396
          },
          {
            "X": 0.465543270111084,
            "Y": 0.5060363411903381
          },
          {
            "X": 0.35659003257751465,
            "Y": 0.5063625574111938
          }
        ]
      },
      "Id": "3903dac2-995b-43f8-b4fc-a1519e886a41",
      "Relationships": [
        {
          "Type": "CHILD",
          "Ids": [
            "512774bc-2f94-4e81-b939-ae01117728b3",
            "7c69d9b0-48b9-45ed-9927-3d0af7cd2872"
          ]
        }
      ],
      "EntityTypes": [
        "COLUMN_HEADER"
      ],
      "Page": 1
    },
    {
      "BlockType": "MERGED_CELL",
      "Confidence": 87.744140625,
      "RowIndex": 1,
      "ColumnIndex": 3,
      "RowSpan": 1,
      "ColumnSpan": 4,
      "Geometry": {
        "BoundingBox": {
          "Width": 0.3062656819820404,
          "Height": 0.04960468411445618,
          "Left": 0.4650343954563141,
          "Top": 0.4074331521987915
        },
        "Polygon": [
          {
            "X": 0.4650343954563141,
            "Y": 0.40817221999168396
          },
          {
            "X": 0.7710283398628235,
            "Y": 0.4074331521987915
          },
          {
            "X": 0.7713000774383545,
            "Y": 0.45621031522750854
          },
          {
            "X": 0.4652884900569916,
            "Y": 0.4570378363132477
          }
        ]
      },
      "Id": "12792c17-5a26-4f39-b37d-cdcd97826d04",
      "Relationships": [
        {
          "Type": "CHILD",
          "Ids": [
            "babdb31e-79d4-4cc9-a6af-6499554af7a6",
            "56231e93-0e60-4b50-8d36-1866dbd567d8",
            "933aea42-b0c2-41cc-92a2-31ae747678ff",
            "9585c465-03b9-4477-81db-047be8bcab99"
          ]
        }
      ],
      "EntityTypes": [
        "COLUMN_HEADER"
      ],
      "Page": 1
    }
  ],
  "AnalyzeDocumentModelVersion": "1.0"
}