{
  "DocumentMetadata": {
    "Pages": 1
  },
  "JobStatus": "SUCCEEDED",
  "Blocks": [
    {
      "BlockType": "PAGE",
      "Geometry": {
        "BoundingBox": {
          "Width": 1,
          "Height": 1,
          "Left": 0,
          "Top": 0
        },
        "Polygon": [
          {
            "X": 0,
            "Y": 0
          },
          {
            "X": 1,
            "Y": 4.764566199355613e-7
          },
          {
            "X": 1,
            "Y": 1
          },
          {
            "X": 0.000025147923224722035,
            "Y": 1
          }
        ]
      },
      "Id": "326761d5-0cb6-4aef-88e3-8fd3bcf18b20",
      "Relationships": [
        {
          "Type": "CHILD",
          "Ids": [
            "9419e2d4-995f-4892-8326-986f734b9fd2",
            "2101d8bd-c333-4fd5-8b2e-2de00228961b",
            "70de7d45-0f06-4a2c-aafc-3f551d38f775",
            "5b3dba40-786e-4be4-b3d7-80841ca1c8d6",
            "550ea171-f7f0-4147-a428-ba8eaf39b1d3",
            "b973c026-3ed1-43fc-b1fd-fd6482e89c49",
            "22729108-7eb5-497d-a8c6-21aed492d045",
            "85a67ed2-6e46-4bac-a2c8-eb119053d420",
            "dbc9e682-6023-4943-a7aa-51a3d1df6cb8",
            "6a384159-8418-4254-a871-08a4c096f229",
            "f175a781-9c09-4d78-bd7c-95395ec13d2b",
            "df85e3a8-b8bf-45a8-bb3f-d752258453a3",
            "eea7f390-a64c-445b-bc4f-78a6b86b7bf6",
            "53ed8255-2fab-4287-960d-2b52398d2f74",
            "5af524cc-05bc-4f4f-ac65-8d3891c28126",
            "90863a82-c365-4877-8bf9-3609e958a5a7",
            "cce71a58-0b41-484a-b9c2-18e83f81bac3",
            "a25b7a52-54ae-4b28-b57c-c2ade5cbf175",
            "5e75bf93-e4ea-459b-a33a-3421b0e1bd03",
            "1ca98fd0-18e7-405d-907f-1602de21b938",
            "837a8100-4766-4c1c-982e-1e1239e2d257",
            "d9b953df-2e54-47eb-9e98-ed99a4d864cd",
            "d17b85a2-4f84-4afe-944d-4f4612df69be",
            "8009e0bd-7c5e-4277-935c-f5dd27478b02",
            "c50e4de5-9dfd-4a89-9542-ab00a7913434",
            "3348f6c3-b170-46f3-82d6-c06cb1092bd8"
          ]
        }
      ],
      "Page": 1
    },
    {
      "BlockType": "LINE",
      "Confidence": 95.38375854492188,
      "Text": "G-EP/pG content (wt%)",
      "Geometry": {
        "BoundingBox": {
          "Width": 0.09966545552015305,
          "Height": 0.025823263451457024,
          "Left": 0.1797855943441391,
          "Top": 0.417831689119339
        },
        "Polygon": [
          {
            "X": 0.1797855943441391,
            "Y": 0.417831689119339
          },
          {
            "X": 0.27888327836990356,
            "Y": 0.41803276538848877
          },
          {
            "X": 0.27945104241371155,
            "Y": 0.44365495443344116
          },
          {
            "X": 0.1803220510482788,
            "Y": 0.44344791769981384
          }
        ]
      },
      "Id": "9419e2d4-995f-4892-8326-986f734b9fd2",
      "Relationships": [
        {
          "Type": "CHILD",
          "Ids": [
            "2e66261f-56e4-4391-a8d3-9574d9ef311b",
            "7324fb03-3539-4eb0-aee5-3a96ccf03c30",
            "a62510de-0f35-41a2-abe9-c9a646d0951a"
          ]
        }
      ],
      "Page": 1
    },
    {
      "BlockType": "LINE",
      "Confidence": 98.45118713378906,
      "Text": "0",
      "Geometry": {
        "BoundingBox": {
          "Width": 0.006026396527886391,
          "Height": 0.019052278250455856,
          "Left": 0.45711418986320496,
          "Top": 0.41942673921585083
        },
        "Polygon": [
          {
            "X": 0.45711418986320496,
            "Y": 0.41942673921585083
          },
          {
            "X": 0.46267569065093994,
            "Y": 0.41943803429603577
          },
          {
            "X": 0.4631405770778656,
            "Y": 0.4384790062904358
          },
          {
            "X": 0.45757779479026794,
            "Y": 0.43846747279167175
          }
        ]
      },
      "Id": "2101d8bd-c333-4fd5-8b2e-2de00228961b",
      "Relationships": [
        {
          "Type": "CHILD",
          "Ids": [
            "c51619b4-8a46-46be-9f69-5d970726321f"
          ]
        }
      ],
      "Page": 1
    },
    {
      "BlockType": "LINE",
      "Confidence": 97.9537582397461,
      "Text": "0.5",
      "Geometry": {
        "BoundingBox": {
          "Width": 0.013388787396252155,
          "Height": 0.019606810063123703,
          "Left": 0.5724608898162842,
          "Top": 0.41894054412841797
        },
        "Polygon": [
          {
            "X": 0.5724608898162842,
            "Y": 0.41894054412841797
          },
          {
            "X": 0.5853421092033386,
            "Y": 0.418966680765152
          },
          {
            "X": 0.5858497023582458,
            "Y": 0.4385473430156708
          },
          {
            "X": 0.5729653835296631,
            "Y": 0.438520610332489
          }
        ]
      },
      "Id": "70de7d45-0f06-4a2c-aafc-3f551d38f775",
      "Relationships": [
        {
          "Type": "CHILD",
          "Ids": [
            "3d433b52-c257-48eb-a366-78cc4db3c770"
          ]
        }
      ],
      "Page": 1
    },
    {
      "BlockType": "LINE",
      "Confidence": 96.67529296875,
      "Text": "1.0",
      "Geometry": {
        "BoundingBox": {
          "Width": 0.01288522593677044,
          "Height": 0.019372569397091866,
          "Left": 0.6894403696060181,
          "Top": 0.4191368520259857
        },
        "Polygon": [
          {
            "X": 0.6894403696060181,
            "Y": 0.4191368520259857
          },
          {
            "X": 0.7017963528633118,
            "Y": 0.41916194558143616
          },
          {
            "X": 0.7023255825042725,
            "Y": 0.43850943446159363
          },
          {
            "X": 0.68996661901474,
            "Y": 0.4384838044643402
          }
        ]
      },
      "Id": "5b3dba40-786e-4be4-b3d7-80841ca1c8d6",
      "Relationships": [
        {
          "Type": "CHILD",
          "Ids": [
            "a8663f56-703a-495b-a3bc-e33c67d9398b"
          ]
        }
      ],
      "Page": 1
    },
    {
      "BlockType": "LINE",
      "Confidence": 99.87451934814453,
      "Text": "2.0",
      "Geometry": {
        "BoundingBox": {
          "Width": 0.013496245257556438,
          "Height": 0.019624928012490273,
          "Left": 0.8042340874671936,
          "Top": 0.4191611707210541
        },
        "Polygon": [
          {
            "X": 0.8042340874671936,
            "Y": 0.4191611707210541
          },
          {
            "X": 0.8171664476394653,
            "Y": 0.41918742656707764
          },
          {
            "X": 0.8177303075790405,
            "Y": 0.4387860894203186
          },
          {
            "X": 0.8047947883605957,
            "Y": 0.4387592673301697
          }
        ]
      },
      "Id": "550ea171-f7f0-4147-a428-ba8eaf39b1d3",
      "Relationships": [
        {
          "Type": "CHILD",
          "Ids": [
            "07cca12d-a449-49a0-b58f-5a0b0f437988"
          ]
        }
      ],
      "Page": 1
    },
    {
      "BlockType": "LINE",
      "Confidence": 71.70956420898438,
      "Text": "To (C)",
      "Geometry": {
        "BoundingBox": {
          "Width": 0.028823230415582657,
          "Height": 0.025058051571249962,
          "Left": 0.1794581264257431,
          "Top": 0.46523407101631165
        },
        "Polygon": [
          {
            "X": 0.1794581264257431,
            "Y": 0.46523407101631165
          },
          {
            "X": 0.20774957537651062,
            "Y": 0.46529459953308105
          },
          {
            "X": 0.20828135311603546,
            "Y": 0.49029213190078735
          },
          {
            "X": 0.17998118698596954,
            "Y": 0.49022993445396423
          }
        ]
      },
      "Id": "b973c026-3ed1-43fc-b1fd-fd6482e89c49",
      "Relationships": [
        {
          "Type": "CHILD",
          "Ids": [
            "ed0bd390-43fe-4417-a8ec-6942da557a54",
            "63ca6342-a7bc-4cd4-ac9b-232983c9fccd"
          ]
        }
      ],
      "Page": 1
    },
    {
      "BlockType": "LINE",
      "Confidence": 99.31744384765625,
      "Text": "Epoxy/pG",
      "Geometry": {
        "BoundingBox": {
          "Width": 0.04199841991066933,
          "Height": 0.02588990516960621,
          "Left": 0.30721622705459595,
          "Top": 0.46518298983573914
        },
        "Polygon": [
          {
            "X": 0.30721622705459595,
            "Y": 0.46518298983573914
          },
          {
            "X": 0.348621129989624,
            "Y": 0.465271532535553
          },
          {
            "X": 0.349214643239975,
            "Y": 0.4910728931427002
          },
          {
            "X": 0.30779653787612915,
            "Y": 0.4909818470478058
          }
        ]
      },
      "Id": "22729108-7eb5-497d-a8c6-21aed492d045",
      "Relationships": [
        {
          "Type": "CHILD",
          "Ids": [
            "39558f25-4dd1-437f-bb38-3eeb55041e3c"
          ]
        }
      ],
      "Page": 1
    },
    {
      "BlockType": "LINE",
      "Confidence": 99.93604278564453,
      "Text": "319",
      "Geometry": {
        "BoundingBox": {
          "Width": 0.016599111258983612,
          "Height": 0.019900023937225342,
          "Left": 0.4572393596172333,
          "Top": 0.4658127725124359
        },
        "Polygon": [
          {
            "X": 0.4572393596172333,
            "Y": 0.4658127725124359
          },
          {
            "X": 0.4733510911464691,
            "Y": 0.4658472239971161
          },
          {
            "X": 0.4738384783267975,
            "Y": 0.48571279644966125
          },
          {
            "X": 0.4577227830886841,
            "Y": 0.485677570104599
          }
        ]
      },
      "Id": "85a67ed2-6e46-4bac-a2c8-eb119053d420",
      "Relationships": [
        {
          "Type": "CHILD",
          "Ids": [
            "0adeaa53-13c1-4a26-aea7-e87da6f91ff4"
          ]
        }
      ],
      "Page": 1
    },
    {
      "BlockType": "LINE",
      "Confidence": 99.97886657714844,
      "Text": "318",
      "Geometry": {
        "BoundingBox": {
          "Width": 0.016662923619151115,
          "Height": 0.019739516079425812,
          "Left": 0.5727630257606506,
          "Top": 0.46579548716545105
        },
        "Polygon": [
          {
            "X": 0.5727630257606506,
            "Y": 0.46579548716545105
          },
          {
            "X": 0.5889145731925964,
            "Y": 0.4658300280570984
          },
          {
            "X": 0.5894259810447693,
            "Y": 0.48553499579429626
          },
          {
            "X": 0.5732704997062683,
            "Y": 0.48549970984458923
          }
        ]
      },
      "Id": "dbc9e682-6023-4943-a7aa-51a3d1df6cb8",
      "Relationships": [
        {
          "Type": "CHILD",
          "Ids": [
            "23d3f07c-f078-4837-a057-fa4807458932"
          ]
        }
      ],
      "Page": 1
    },
    {
      "BlockType": "LINE",
      "Confidence": 99.96761322021484,
      "Text": "321",
      "Geometry": {
        "BoundingBox": {
          "Width": 0.015598799102008343,
          "Height": 0.019652750343084335,
          "Left": 0.6886216998100281,
          "Top": 0.46587052941322327
        },
        "Polygon": [
          {
            "X": 0.6886216998100281,
            "Y": 0.46587052941322327
          },
          {
            "X": 0.7036836743354797,
            "Y": 0.465902715921402
          },
          {
            "X": 0.7042205333709717,
            "Y": 0.4855232834815979
          },
          {
            "X": 0.6891549229621887,
            "Y": 0.4854903817176819
          }
        ]
      },
      "Id": "6a384159-8418-4254-a871-08a4c096f229",
      "Relationships": [
        {
          "Type": "CHILD",
          "Ids": [
            "e83734f3-4d3b-44f9-aa9a-950ab5a3b876"
          ]
        }
      ],
      "Page": 1
    },
    {
      "BlockType": "LINE",
      "Confidence": 99.96268463134766,
      "Text": "320",
      "Geometry": {
        "BoundingBox": {
          "Width": 0.016857989132404327,
          "Height": 0.019760621711611748,
          "Left": 0.804212749004364,
          "Top": 0.46586933732032776
        },
        "Polygon": [
          {
            "X": 0.804212749004364,
            "Y": 0.46586933732032776
          },
          {
            "X": 0.820502758026123,
            "Y": 0.465904176235199
          },
          {
            "X": 0.8210707306861877,
            "Y": 0.48562997579574585
          },
          {
            "X": 0.8047767877578735,
            "Y": 0.48559439182281494
          }
        ]
      },
      "Id": "f175a781-9c09-4d78-bd7c-95395ec13d2b",
      "Relationships": [
        {
          "Type": "CHILD",
          "Ids": [
            "d0c66600-d404-4a5c-af04-9f835c689a69"
          ]
        }
      ],
      "Page": 1
    },
    {
      "BlockType": "LINE",
      "Confidence": 99.33991241455078,
      "Text": "Epoxy/G-EP",
      "Geometry": {
        "BoundingBox": {
          "Width": 0.05144934728741646,
          "Height": 0.025552278384566307,
          "Left": 0.3073183298110962,
          "Top": 0.497565895318985
        },
        "Polygon": [
          {
            "X": 0.3073183298110962,
            "Y": 0.497565895318985
          },
          {
            "X": 0.3581797480583191,
            "Y": 0.4976784884929657
          },
          {
            "X": 0.35876768827438354,
            "Y": 0.5231181979179382
          },
          {
            "X": 0.3078903257846832,
            "Y": 0.523002564907074
          }
        ]
      },
      "Id": "df85e3a8-b8bf-45a8-bb3f-d752258453a3",
      "Relationships": [
        {
          "Type": "CHILD",
          "Ids": [
            "da63a435-2599-403d-9d5d-2f74c7738a96"
          ]
        }
      ],
      "Page": 1
    },
    {
      "BlockType": "LINE",
      "Confidence": 99.87142944335938,
      "Text": "324",
      "Geometry": {
        "BoundingBox": {
          "Width": 0.01691962219774723,
          "Height": 0.01933525875210762,
          "Left": 0.5728026628494263,
          "Top": 0.49837568402290344
        },
        "Polygon": [
          {
            "X": 0.5728026628494263,
            "Y": 0.49837568402290344
          },
          {
            "X": 0.5892215967178345,
            "Y": 0.49841204285621643
          },
          {
            "X": 0.5897222757339478,
            "Y": 0.5177109241485596
          },
          {
            "X": 0.5732994675636292,
            "Y": 0.5176738500595093
          }
        ]
      },
      "Id": "eea7f390-a64c-445b-bc4f-78a6b86b7bf6",
      "Relationships": [
        {
          "Type": "CHILD",
          "Ids": [
            "9a7227bc-1ed3-450a-b951-512d8b743d65"
          ]
        }
      ],
      "Page": 1
    },
    {
      "BlockType": "LINE",
      "Confidence": 99.93449401855469,
      "Text": "333",
      "Geometry": {
        "BoundingBox": {
          "Width": 0.016202442348003387,
          "Height": 0.019211675971746445,
          "Left": 0.6887059807777405,
          "Top": 0.4983050227165222
        },
        "Polygon": [
          {
            "X": 0.6887059807777405,
            "Y": 0.4983050227165222
          },
          {
            "X": 0.7043837904930115,
            "Y": 0.4983397424221039
          },
          {
            "X": 0.7049084305763245,
            "Y": 0.5175167322158813
          },
          {
            "X": 0.6892269253730774,
            "Y": 0.5174813270568848
          }
        ]
      },
      "Id": "53ed8255-2fab-4287-960d-2b52398d2f74",
      "Relationships": [
        {
          "Type": "CHILD",
          "Ids": [
            "efd83de3-8e0b-47b5-90c9-ebe111935392"
          ]
        }
      ],
      "Page": 1
    },
    {
      "BlockType": "LINE",
      "Confidence": 99.93285369873047,
      "Text": "334",
      "Geometry": {
        "BoundingBox": {
          "Width": 0.016650265082716942,
          "Height": 0.019692515954375267,
          "Left": 0.804321825504303,
          "Top": 0.4981878995895386
        },
        "Polygon": [
          {
            "X": 0.804321825504303,
            "Y": 0.4981878995895386
          },
          {
            "X": 0.8204063177108765,
            "Y": 0.4982234835624695
          },
          {
            "X": 0.8209720849990845,
            "Y": 0.5178804397583008
          },
          {
            "X": 0.8048837184906006,
            "Y": 0.5178440809249878
          }
        ]
      },
      "Id": "5af524cc-05bc-4f4f-ac65-8d3891c28126",
      "Relationships": [
        {
          "Type": "CHILD",
          "Ids": [
            "2a3ba133-9662-4bc7-b634-1875926daedb"
          ]
        }
      ],
      "Page": 1
    },
    {
      "BlockType": "LINE",
      "Confidence": 79.19361114501953,
      "Text": "Tp (C)",
      "Geometry": {
        "BoundingBox": {
          "Width": 0.029056251049041748,
          "Height": 0.027478976175189018,
          "Left": 0.17955228686332703,
          "Top": 0.5295443534851074
        },
        "Polygon": [
          {
            "X": 0.17955228686332703,
            "Y": 0.5295443534851074
          },
          {
            "X": 0.208025723695755,
            "Y": 0.5296095013618469
          },
          {
            "X": 0.20860853791236877,
            "Y": 0.5570233464241028
          },
          {
            "X": 0.18012548983097076,
            "Y": 0.5569563508033752
          }
        ]
      },
      "Id": "90863a82-c365-4877-8bf9-3609e958a5a7",
      "Relationships": [
        {
          "Type": "CHILD",
          "Ids": [
            "e7e52d80-c9f5-4cd2-b715-feda65ed6dc3",
            "376460aa-7521-4707-a536-f6b22ac9e30b"
          ]
        }
      ],
      "Page": 1
    },
    {
      "BlockType": "LINE",
      "Confidence": 99.61180877685547,
      "Text": "Epoxy/pG",
      "Geometry": {
        "BoundingBox": {
          "Width": 0.04174748435616493,
          "Height": 0.026246529072523117,
          "Left": 0.30726704001426697,
          "Top": 0.5295240879058838
        },
        "Polygon": [
          {
            "X": 0.30726704001426697,
            "Y": 0.5295240879058838
          },
          {
            "X": 0.34841349720954895,
            "Y": 0.5296182632446289
          },
          {
            "X": 0.3490145206451416,
            "Y": 0.5557706356048584
          },
          {
            "X": 0.3078548014163971,
            "Y": 0.5556739568710327
          }
        ]
      },
      "Id": "cce71a58-0b41-484a-b9c2-18e83f81bac3",
      "Relationships": [
        {
          "Type": "CHILD",
          "Ids": [
            "a529de4d-7429-4ab3-9786-14867e6e72a2"
          ]
        }
      ],
      "Page": 1
    },
    {
      "BlockType": "LINE",
      "Confidence": 99.87367248535156,
      "Text": "382",
      "Geometry": {
        "BoundingBox": {
          "Width": 0.016429729759693146,
          "Height": 0.01937158964574337,
          "Left": 0.4572752118110657,
          "Top": 0.5306175351142883
        },
        "Polygon": [
          {
            "X": 0.4572752118110657,
            "Y": 0.5306175351142883
          },
          {
            "X": 0.4732309877872467,
            "Y": 0.5306540727615356
          },
          {
            "X": 0.4737049341201782,
            "Y": 0.5499891042709351
          },
          {
            "X": 0.45774534344673157,
            "Y": 0.5499518513679504
          }
        ]
      },
      "Id": "a25b7a52-54ae-4b28-b57c-c2ade5cbf175",
      "Relationships": [
        {
          "Type": "CHILD",
          "Ids": [
            "0903172b-753b-4c3f-97fd-e3b43b78d8c7"
          ]
        }
      ],
      "Page": 1
    },
    {
      "BlockType": "LINE",
      "Confidence": 99.88197326660156,
      "Text": "384",
      "Geometry": {
        "BoundingBox": {
          "Width": 0.016824664548039436,
          "Height": 0.019388847053050995,
          "Left": 0.5728499293327332,
          "Top": 0.5304873585700989
        },
        "Polygon": [
          {
            "X": 0.5728499293327332,
            "Y": 0.5304873585700989
          },
          {
            "X": 0.5891727209091187,
            "Y": 0.530524730682373
          },
          {
            "X": 0.5896745920181274,
            "Y": 0.5498762130737305
          },
          {
            "X": 0.5733478665351868,
            "Y": 0.549838125705719
          }
        ]
      },
      "Id": "5e75bf93-e4ea-459b-a33a-3421b0e1bd03",
      "Relationships": [
        {
          "Type": "CHILD",
          "Ids": [
            "91945020-9c91-48c3-b42b-4be5cba5e62e"
          ]
        }
      ],
      "Page": 1
    },
    {
      "BlockType": "LINE",
      "Confidence": 99.95712280273438,
      "Text": "389",
      "Geometry": {
        "BoundingBox": {
          "Width": 0.016616059467196465,
          "Height": 0.019294964149594307,
          "Left": 0.6887908577919006,
          "Top": 0.5305359363555908
        },
        "Polygon": [
          {
            "X": 0.6887908577919006,
            "Y": 0.5305359363555908
          },
          {
            "X": 0.7048801183700562,
            "Y": 0.530572772026062
          },
          {
            "X": 0.705406904220581,
            "Y": 0.5498309135437012
          },
          {
            "X": 0.6893138289451599,
            "Y": 0.5497933626174927
          }
        ]
      },
      "Id": "1ca98fd0-18e7-405d-907f-1602de21b938",
      "Relationships": [
        {
          "Type": "CHILD",
          "Ids": [
            "835b8a04-d0e5-4bab-b9c8-66a0959db7c3"
          ]
        }
      ],
      "Page": 1
    },
    {
      "BlockType": "LINE",
      "Confidence": 99.94580841064453,
      "Text": "390",
      "Geometry": {
        "BoundingBox": {
          "Width": 0.016535446047782898,
          "Height": 0.01947897858917713,
          "Left": 0.8044428825378418,
          "Top": 0.5305340886116028
        },
        "Polygon": [
          {
            "X": 0.8044428825378418,
            "Y": 0.5305340886116028
          },
          {
            "X": 0.8204189538955688,
            "Y": 0.5305706262588501
          },
          {
            "X": 0.8209782838821411,
            "Y": 0.5500130653381348
          },
          {
            "X": 0.8049983978271484,
            "Y": 0.5499758124351501
          }
        ]
      },
      "Id": "837a8100-4766-4c1c-982e-1e1239e2d257",
      "Relationships": [
        {
          "Type": "CHILD",
          "Ids": [
            "9a5b5757-6401-4c83-a08b-95c832defbf6"
          ]
        }
      ],
      "Page": 1
    },
    {
      "BlockType": "LINE",
      "Confidence": 99.50608825683594,
      "Text": "Epoxy/G-EP",
      "Geometry": {
        "BoundingBox": {
          "Width": 0.051491912454366684,
          "Height": 0.02605908177793026,
          "Left": 0.3071424663066864,
          "Top": 0.5617905855178833
        },
        "Polygon": [
          {
            "X": 0.3071424663066864,
            "Y": 0.5617905855178833
          },
          {
            "X": 0.35803544521331787,
            "Y": 0.5619108080863953
          },
          {
            "X": 0.3586343824863434,
            "Y": 0.5878496766090393
          },
          {
            "X": 0.3077251613140106,
            "Y": 0.5877262949943542
          }
        ]
      },
      "Id": "d9b953df-2e54-47eb-9e98-ed99a4d864cd",
      "Relationships": [
        {
          "Type": "CHILD",
          "Ids": [
            "7700bc77-cf6d-4d48-8f6c-40eae1a6905a"
          ]
        }
      ],
      "Page": 1
    },
    {
      "BlockType": "LINE",
      "Confidence": 99.91751098632812,
      "Text": "382",
      "Geometry": {
        "BoundingBox": {
          "Width": 0.016591154038906097,
          "Height": 0.01959005929529667,
          "Left": 0.572806715965271,
          "Top": 0.5625944137573242
        },
        "Polygon": [
          {
            "X": 0.572806715965271,
            "Y": 0.5625944137573242
          },
          {
            "X": 0.5888910293579102,
            "Y": 0.5626323819160461
          },
          {
            "X": 0.5893978476524353,
            "Y": 0.5821844339370728
          },
          {
            "X": 0.573309600353241,
            "Y": 0.5821456909179688
          }
        ]
      },
      "Id": "d17b85a2-4f84-4afe-944d-4f4612df69be",
      "Relationships": [
        {
          "Type": "CHILD",
          "Ids": [
            "b1d7e1b7-5082-4a5d-9432-814f9975db8e"
          ]
        }
      ],
      "Page": 1
    },
    {
      "BlockType": "LINE",
      "Confidence": 99.93366241455078,
      "Text": "398",
      "Geometry": {
        "BoundingBox": {
          "Width": 0.016326801851391792,
          "Height": 0.019484389573335648,
          "Left": 0.6887333393096924,
          "Top": 0.562732458114624
        },
        "Polygon": [
          {
            "X": 0.6887333393096924,
            "Y": 0.562732458114624
          },
          {
            "X": 0.7045285105705261,
            "Y": 0.5627697706222534
          },
          {
            "X": 0.7050601243972778,
            "Y": 0.5822167992591858
          },
          {
            "X": 0.6892611980438232,
            "Y": 0.5821787714958191
          }
        ]
      },
      "Id": "8009e0bd-7c5e-4277-935c-f5dd27478b02",
      "Relationships": [
        {
          "Type": "CHILD",
          "Ids": [
            "95707c99-8639-48a4-8c23-bacf88229efc"
          ]
        }
      ],
      "Page": 1
    },
    {
      "BlockType": "LINE",
      "Confidence": 99.9465560913086,
      "Text": "392",
      "Geometry": {
        "BoundingBox": {
          "Width": 0.01654621586203575,
          "Height": 0.01978069357573986,
          "Left": 0.8042187690734863,
          "Top": 0.5624938607215881
        },
        "Polygon": [
          {
            "X": 0.8042187690734863,
            "Y": 0.5624938607215881
          },
          {
            "X": 0.8201972246170044,
            "Y": 0.562531590461731
          },
          {
            "X": 0.82076495885849,
            "Y": 0.5822745561599731
          },
          {
            "X": 0.8047826290130615,
            "Y": 0.582236111164093
          }
        ]
      },
      "Id": "c50e4de5-9dfd-4a89-9542-ab00a7913434",
      "Relationships": [
        {
          "Type": "CHILD",
          "Ids": [
            "9617f67f-c4c7-4abe-9e8b-90c2f8470690"
          ]
        }
      ],
      "Page": 1
    },
    {
      "BlockType": "WORD",
      "Confidence": 88.16842651367188,
      "Text": "G-EP/pG",
      "TextType": "PRINTED",
      "Geometry": {
        "BoundingBox": {
          "Width": 0.036225784569978714,
          "Height": 0.024986397475004196,
          "Left": 0.1797967404127121,
          "Top": 0.41836392879486084
        },
        "Polygon": [
          {
            "X": 0.1797967404127121,
            "Y": 0.41836392879486084
          },
          {
            "X": 0.21548984944820404,
            "Y": 0.4184364080429077
          },
          {
            "X": 0.2160225212574005,
            "Y": 0.44335031509399414
          },
          {
            "X": 0.1803184449672699,
            "Y": 0.4432757794857025
          }
        ]
      },
      "Id": "2e66261f-56e4-4391-a8d3-9574d9ef311b",
      "Page": 1
    },
    {
      "BlockType": "WORD",
      "Confidence": 99.96627807617188,
      "Text": "content",
      "TextType": "PRINTED",
      "Geometry": {
        "BoundingBox": {
          "Width": 0.03345417231321335,
          "Height": 0.018422091379761696,
          "Left": 0.21859011054039001,
          "Top": 0.4206361770629883
        },
        "Polygon": [
          {
            "X": 0.21859011054039001,
            "Y": 0.4206361770629883
          },
          {
            "X": 0.25164371728897095,
            "Y": 0.4207034707069397
          },
          {
            "X": 0.25204429030418396,
            "Y": 0.4390582740306854
          },
          {
            "X": 0.2189832180738449,
            "Y": 0.4389895796775818
          }
        ]
      },
      "Id": "7324fb03-3539-4eb0-aee5-3a96ccf03c30",
      "Page": 1
    },
    {
      "BlockType": "WORD",
      "Confidence": 98.01657104492188,
      "Text": "(wt%)",
      "TextType": "PRINTED",
      "Geometry": {
        "BoundingBox": {
          "Width": 0.02505023591220379,
          "Height": 0.025671860203146935,
          "Left": 0.2544008195400238,
          "Top": 0.4179830849170685
        },
        "Polygon": [
          {
            "X": 0.2544008195400238,
            "Y": 0.4179830849170685
          },
          {
            "X": 0.27888327836990356,
            "Y": 0.41803276538848877
          },
          {
            "X": 0.27945104241371155,
            "Y": 0.44365495443344116
          },
          {
            "X": 0.254960834980011,
            "Y": 0.4436038136482239
          }
        ]
      },
      "Id": "a62510de-0f35-41a2-abe9-c9a646d0951a",
      "Page": 1
    },
    {
      "BlockType": "WORD",
      "Confidence": 98.45118713378906,
      "Text": "0",
      "TextType": "PRINTED",
      "Geometry": {
        "BoundingBox": {
          "Width": 0.006026396527886391,
          "Height": 0.019052278250455856,
          "Left": 0.45711418986320496,
          "Top": 0.41942673921585083
        },
        "Polygon": [
          {
            "X": 0.45711418986320496,
            "Y": 0.41942673921585083
          },
          {
            "X": 0.46267569065093994,
            "Y": 0.41943803429603577
          },
          {
            "X": 0.4631405770778656,
            "Y": 0.4384790062904358
          },
          {
            "X": 0.45757779479026794,
            "Y": 0.43846747279167175
          }
        ]
      },
      "Id": "c51619b4-8a46-46be-9f69-5d970726321f",
      "Page": 1
    },
    {
      "BlockType": "WORD",
      "Confidence": 97.9537582397461,
      "Text": "0.5",
      "TextType": "PRINTED",
      "Geometry": {
        "BoundingBox": {
          "Width": 0.013388787396252155,
          "Height": 0.019606810063123703,
          "Left": 0.5724608898162842,
          "Top": 0.41894054412841797
        },
        "Polygon": [
          {
            "X": 0.5724608898162842,
            "Y": 0.41894054412841797
          },
          {
            "X": 0.5853421092033386,
            "Y": 0.418966680765152
          },
          {
            "X": 0.5858497023582458,
            "Y": 0.4385473430156708
          },
          {
            "X": 0.5729653835296631,
            "Y": 0.438520610332489
          }
        ]
      },
      "Id": "3d433b52-c257-48eb-a366-78cc4db3c770",
      "Page": 1
    },
    {
      "BlockType": "WORD",
      "Confidence": 96.67529296875,
      "Text": "1.0",
      "TextType": "PRINTED",
      "Geometry": {
        "BoundingBox": {
          "Width": 0.01288522593677044,
          "Height": 0.019372569397091866,
          "Left": 0.6894403696060181,
          "Top": 0.4191368520259857
        },
        "Polygon": [
          {
            "X": 0.6894403696060181,
            "Y": 0.4191368520259857
          },
          {
            "X": 0.7017963528633118,
            "Y": 0.41916194558143616
          },
          {
            "X": 0.7023255825042725,
            "Y": 0.43850943446159363
          },
          {
            "X": 0.68996661901474,
            "Y": 0.4384838044643402
          }
        ]
      },
      "Id": "a8663f56-703a-495b-a3bc-e33c67d9398b",
      "Page": 1
    },
    {
      "BlockType": "WORD",
      "Confidence": 99.87451934814453,
      "Text": "2.0",
      "TextType": "PRINTED",
      "Geometry": {
        "BoundingBox": {
          "Width": 0.013496245257556438,
          "Height": 0.019624928012490273,
          "Left": 0.8042340874671936,
          "Top": 0.4191611707210541
        },
        "Polygon": [
          {
            "X": 0.8042340874671936,
            "Y": 0.4191611707210541
          },
          {
            "X": 0.8171664476394653,
            "Y": 0.41918742656707764
          },
          {
            "X": 0.8177303075790405,
            "Y": 0.4387860894203186
          },
          {
            "X": 0.8047947883605957,
            "Y": 0.4387592673301697
          }
        ]
      },
      "Id": "07cca12d-a449-49a0-b58f-5a0b0f437988",
      "Page": 1
    },
    {
      "BlockType": "WORD",
      "Confidence": 86.42583465576172,
      "Text": "To",
      "TextType": "PRINTED",
      "Geometry": {
        "BoundingBox": {
          "Width": 0.009219540283083916,
          "Height": 0.023933762684464455,
          "Left": 0.17947091162204742,
          "Top": 0.4658452570438385
        },
        "Polygon": [
          {
            "X": 0.17947091162204742,
            "Y": 0.4658452570438385
          },
          {
            "X": 0.18818745017051697,
            "Y": 0.4658639132976532
          },
          {
            "X": 0.1886904537677765,
            "Y": 0.4897790253162384
          },
          {
            "X": 0.1799713522195816,
            "Y": 0.4897598922252655
          }
        ]
      },
      "Id": "ed0bd390-43fe-4417-a8ec-6942da557a54",
      "Page": 1
    },
    {
      "BlockType": "WORD",
      "Confidence": 56.99330139160156,
      "Text": "(C)",
      "TextType": "PRINTED",
      "Geometry": {
        "BoundingBox": {
          "Width": 0.017024239525198936,
          "Height": 0.025032810866832733,
          "Left": 0.19125711917877197,
          "Top": 0.465259313583374
        },
        "Polygon": [
          {
            "X": 0.19125711917877197,
            "Y": 0.465259313583374
          },
          {
            "X": 0.20774957537651062,
            "Y": 0.46529459953308105
          },
          {
            "X": 0.20828135311603546,
            "Y": 0.49029213190078735
          },
          {
            "X": 0.1917838156223297,
            "Y": 0.49025586247444153
          }
        ]
      },
      "Id": "63ca6342-a7bc-4cd4-ac9b-232983c9fccd",
      "Page": 1
    },
    {
      "BlockType": "WORD",
      "Confidence": 99.31744384765625,
      "Text": "Epoxy/pG",
      "TextType": "PRINTED",
      "Geometry": {
        "BoundingBox": {
          "Width": 0.04199841991066933,
          "Height": 0.02588990516960621,
          "Left": 0.30721622705459595,
          "Top": 0.46518298983573914
        },
        "Polygon": [
          {
            "X": 0.30721622705459595,
            "Y": 0.46518298983573914
          },
          {
            "X": 0.348621129989624,
            "Y": 0.465271532535553
          },
          {
            "X": 0.349214643239975,
            "Y": 0.4910728931427002
          },
          {
            "X": 0.30779653787612915,
            "Y": 0.4909818470478058
          }
        ]
      },
      "Id": "39558f25-4dd1-437f-bb38-3eeb55041e3c",
      "Page": 1
    },
    {
      "BlockType": "WORD",
      "Confidence": 99.93604278564453,
      "Text": "319",
      "TextType": "PRINTED",
      "Geometry": {
        "BoundingBox": {
          "Width": 0.016599111258983612,
          "Height": 0.019900023937225342,
          "Left": 0.4572393596172333,
          "Top": 0.4658127725124359
        },
        "Polygon": [
          {
            "X": 0.4572393596172333,
            "Y": 0.4658127725124359
          },
          {
            "X": 0.4733510911464691,
            "Y": 0.4658472239971161
          },
          {
            "X": 0.4738384783267975,
            "Y": 0.48571279644966125
          },
          {
            "X": 0.4577227830886841,
            "Y": 0.485677570104599
          }
        ]
      },
      "Id": "0adeaa53-13c1-4a26-aea7-e87da6f91ff4",
      "Page": 1
    },
    {
      "BlockType": "WORD",
      "Confidence": 99.97886657714844,
      "Text": "318",
      "TextType": "PRINTED",
      "Geometry": {
        "BoundingBox": {
          "Width": 0.016662923619151115,
          "Height": 0.019739516079425812,
          "Left": 0.5727630257606506,
          "Top": 0.46579548716545105
        },
        "Polygon": [
          {
            "X": 0.5727630257606506,
            "Y": 0.46579548716545105
          },
          {
            "X": 0.5889145731925964,
            "Y": 0.4658300280570984
          },
          {
            "X": 0.5894259810447693,
            "Y": 0.48553499579429626
          },
          {
            "X": 0.5732704997062683,
            "Y": 0.48549970984458923
          }
        ]
      },
      "Id": "23d3f07c-f078-4837-a057-fa4807458932",
      "Page": 1
    },
    {
      "BlockType": "WORD",
      "Confidence": 99.96761322021484,
      "Text": "321",
      "TextType": "PRINTED",
      "Geometry": {
        "BoundingBox": {
          "Width": 0.015598799102008343,
          "Height": 0.019652750343084335,
          "Left": 0.6886216998100281,
          "Top": 0.46587052941322327
        },
        "Polygon": [
          {
            "X": 0.6886216998100281,
            "Y": 0.46587052941322327
          },
          {
            "X": 0.7036836743354797,
            "Y": 0.465902715921402
          },
          {
            "X": 0.7042205333709717,
            "Y": 0.4855232834815979
          },
          {
            "X": 0.6891549229621887,
            "Y": 0.4854903817176819
          }
        ]
      },
      "Id": "e83734f3-4d3b-44f9-aa9a-950ab5a3b876",
      "Page": 1
    },
    {
      "BlockType": "WORD",
      "Confidence": 99.96268463134766,
      "Text": "320",
      "TextType": "PRINTED",
      "Geometry": {
        "BoundingBox": {
          "Width": 0.016857989132404327,
          "Height": 0.019760621711611748,
          "Left": 0.804212749004364,
          "Top": 0.46586933732032776
        },
        "Polygon": [
          {
            "X": 0.804212749004364,
            "Y": 0.46586933732032776
          },
          {
            "X": 0.820502758026123,
            "Y": 0.465904176235199
          },
          {
            "X": 0.8210707306861877,
            "Y": 0.48562997579574585
          },
          {
            "X": 0.8047767877578735,
            "Y": 0.48559439182281494
          }
        ]
      },
      "Id": "d0c66600-d404-4a5c-af04-9f835c689a69",
      "Page": 1
    },
    {
      "BlockType": "WORD",
      "Confidence": 99.33991241455078,
      "Text": "Epoxy/G-EP",
      "TextType": "PRINTED",
      "Geometry": {
        "BoundingBox": {
          "Width": 0.05144934728741646,
          "Height": 0.025552278384566307,
          "Left": 0.3073183298110962,
          "Top": 0.497565895318985
        },
        "Polygon": [
          {
            "X": 0.3073183298110962,
            "Y": 0.497565895318985
          },
          {
            "X": 0.3581797480583191,
            "Y": 0.4976784884929657
          },
          {
            "X": 0.35876768827438354,
            "Y": 0.5231181979179382
          },
          {
            "X": 0.3078903257846832,
            "Y": 0.523002564907074
          }
        ]
      },
      "Id": "da63a435-2599-403d-9d5d-2f74c7738a96",
      "Page": 1
    },
    {
      "BlockType": "WORD",
      "Confidence": 99.87142944335938,
      "Text": "324",
      "TextType": "PRINTED",
      "Geometry": {
        "BoundingBox": {
          "Width": 0.01691962219774723,
          "Height": 0.01933525875210762,
          "Left": 0.5728026628494263,
          "Top": 0.49837568402290344
        },
        "Polygon": [
          {
            "X": 0.5728026628494263,
            "Y": 0.49837568402290344
          },
          {
            "X": 0.5892215967178345,
            "Y": 0.49841204285621643
          },
          {
            "X": 0.5897222757339478,
            "Y": 0.5177109241485596
          },
          {
            "X": 0.5732994675636292,
            "Y": 0.5176738500595093
          }
        ]
      },
      "Id": "9a7227bc-1ed3-450a-b951-512d8b743d65",
      "Page": 1
    },
    {
      "BlockType": "WORD",
      "Confidence": 99.93449401855469,
      "Text": "333",
      "TextType": "PRINTED",
      "Geometry": {
        "BoundingBox": {
          "Width": 0.016202442348003387,
          "Height": 0.019211675971746445,
          "Left": 0.6887059807777405,
          "Top": 0.4983050227165222
        },
        "Polygon": [
          {
            "X": 0.6887059807777405,
            "Y": 0.4983050227165222
          },
          {
            "X": 0.7043837904930115,
            "Y": 0.4983397424221039
          },
          {
            "X": 0.7049084305763245,
            "Y": 0.5175167322158813
          },
          {
            "X": 0.6892269253730774,
            "Y": 0.5174813270568848
          }
        ]
      },
      "Id": "efd83de3-8e0b-47b5-90c9-ebe111935392",
      "Page": 1
    },
    {
      "BlockType": "WORD",
      "Confidence": 99.93285369873047,
      "Text": "334",
      "TextType": "PRINTED",
      "Geometry": {
        "BoundingBox": {
          "Width": 0.016650265082716942,
          "Height": 0.019692515954375267,
          "Left": 0.804321825504303,
          "Top": 0.4981878995895386
        },
        "Polygon": [
          {
            "X": 0.804321825504303,
            "Y": 0.4981878995895386
          },
          {
            "X": 0.8204063177108765,
            "Y": 0.4982234835624695
          },
          {
            "X": 0.8209720849990845,
            "Y": 0.5178804397583008
          },
          {
            "X": 0.8048837184906006,
            "Y": 0.5178440809249878
          }
        ]
      },
      "Id": "2a3ba133-9662-4bc7-b634-1875926daedb",
      "Page": 1
    },
    {
      "BlockType": "WORD",
      "Confidence": 96.7472915649414,
      "Text": "Tp",
      "TextType": "PRINTED",
      "Geometry": {
        "BoundingBox": {
          "Width": 0.009490040130913258,
          "Height": 0.026109544560313225,
          "Left": 0.179579958319664,
          "Top": 0.5308678150177002
        },
        "Polygon": [
          {
            "X": 0.179579958319664,
            "Y": 0.5308678150177002
          },
          {
            "X": 0.1885215938091278,
            "Y": 0.5308883190155029
          },
          {
            "X": 0.18907000124454498,
            "Y": 0.556977391242981
          },
          {
            "X": 0.18012548983097076,
            "Y": 0.5569563508033752
          }
        ]
      },
      "Id": "e7e52d80-c9f5-4cd2-b715-feda65ed6dc3",
      "Page": 1
    },
    {
      "BlockType": "WORD",
      "Confidence": 61.63993453979492,
      "Text": "(C)",
      "TextType": "PRINTED",
      "Geometry": {
        "BoundingBox": {
          "Width": 0.01699887029826641,
          "Height": 0.026205146685242653,
          "Left": 0.19158317148685455,
          "Top": 0.5295718908309937
        },
        "Polygon": [
          {
            "X": 0.19158317148685455,
            "Y": 0.5295718908309937
          },
          {
            "X": 0.208025723695755,
            "Y": 0.5296095013618469
          },
          {
            "X": 0.2085820436477661,
            "Y": 0.5557770133018494
          },
          {
            "X": 0.19213420152664185,
            "Y": 0.5557383894920349
          }
        ]
      },
      "Id": "376460aa-7521-4707-a536-f6b22ac9e30b",
      "Page": 1
    },
    {
      "BlockType": "WORD",
      "Confidence": 99.61180877685547,
      "Text": "Epoxy/pG",
      "TextType": "PRINTED",
      "Geometry": {
        "BoundingBox": {
          "Width": 0.04174748435616493,
          "Height": 0.026246529072523117,
          "Left": 0.30726704001426697,
          "Top": 0.5295240879058838
        },
        "Polygon": [
          {
            "X": 0.30726704001426697,
            "Y": 0.5295240879058838
          },
          {
            "X": 0.34841349720954895,
            "Y": 0.5296182632446289
          },
          {
            "X": 0.3490145206451416,
            "Y": 0.5557706356048584
          },
          {
            "X": 0.3078548014163971,
            "Y": 0.5556739568710327
          }
        ]
      },
      "Id": "a529de4d-7429-4ab3-9786-14867e6e72a2",
      "Page": 1
    },
    {
      "BlockType": "WORD",
      "Confidence": 99.87367248535156,
      "Text": "382",
      "TextType": "PRINTED",
      "Geometry": {
        "BoundingBox": {
          "Width": 0.016429729759693146,
          "Height": 0.01937158964574337,
          "Left": 0.4572752118110657,
          "Top": 0.5306175351142883
        },
        "Polygon": [
          {
            "X": 0.4572752118110657,
            "Y": 0.5306175351142883
          },
          {
            "X": 0.4732309877872467,
            "Y": 0.5306540727615356
          },
          {
            "X": 0.4737049341201782,
            "Y": 0.5499891042709351
          },
          {
            "X": 0.45774534344673157,
            "Y": 0.5499518513679504
          }
        ]
      },
      "Id": "0903172b-753b-4c3f-97fd-e3b43b78d8c7",
      "Page": 1
    },
    {
      "BlockType": "WORD",
      "Confidence": 99.88197326660156,
      "Text": "384",
      "TextType": "PRINTED",
      "Geometry": {
        "BoundingBox": {
          "Width": 0.016824664548039436,
          "Height": 0.019388847053050995,
          "Left": 0.5728499293327332,
          "Top": 0.5304873585700989
        },
        "Polygon": [
          {
            "X": 0.5728499293327332,
            "Y": 0.5304873585700989
          },
          {
            "X": 0.5891727209091187,
            "Y": 0.530524730682373
          },
          {
            "X": 0.5896745920181274,
            "Y": 0.5498762130737305
          },
          {
            "X": 0.5733478665351868,
            "Y": 0.549838125705719
          }
        ]
      },
      "Id": "91945020-9c91-48c3-b42b-4be5cba5e62e",
      "Page": 1
    },
    {
      "BlockType": "WORD",
      "Confidence": 99.95712280273438,
      "Text": "389",
      "TextType": "PRINTED",
      "Geometry": {
        "BoundingBox": {
          "Width": 0.016616059467196465,
          "Height": 0.019294964149594307,
          "Left": 0.6887908577919006,
          "Top": 0.5305359363555908
        },
        "Polygon": [
          {
            "X": 0.6887908577919006,
            "Y": 0.5305359363555908
          },
          {
            "X": 0.7048801183700562,
            "Y": 0.530572772026062
          },
          {
            "X": 0.705406904220581,
            "Y": 0.5498309135437012
          },
          {
            "X": 0.6893138289451599,
            "Y": 0.5497933626174927
          }
        ]
      },
      "Id": "835b8a04-d0e5-4bab-b9c8-66a0959db7c3",
      "Page": 1
    },
    {
      "BlockType": "WORD",
      "Confidence": 99.94580841064453,
      "Text": "390",
      "TextType": "PRINTED",
      "Geometry": {
        "BoundingBox": {
          "Width": 0.016535446047782898,
          "Height": 0.01947897858917713,
          "Left": 0.8044428825378418,
          "Top": 0.5305340886116028
        },
        "Polygon": [
          {
            "X": 0.8044428825378418,
            "Y": 0.5305340886116028
          },
          {
            "X": 0.8204189538955688,
            "Y": 0.5305706262588501
          },
          {
            "X": 0.8209782838821411,
            "Y": 0.5500130653381348
          },
          {
            "X": 0.8049983978271484,
            "Y": 0.5499758124351501
          }
        ]
      },
      "Id": "9a5b5757-6401-4c83-a08b-95c832defbf6",
      "Page": 1
    },
    {
      "BlockType": "WORD",
      "Confidence": 99.50608825683594,
      "Text": "Epoxy/G-EP",
      "TextType": "PRINTED",
      "Geometry": {
        "BoundingBox": {
          "Width": 0.051491912454366684,
          "Height": 0.02605908177793026,
          "Left": 0.3071424663066864,
          "Top": 0.5617905855178833
        },
        "Polygon": [
          {
            "X": 0.3071424663066864,
            "Y": 0.5617905855178833
          },
          {
            "X": 0.35803544521331787,
            "Y": 0.5619108080863953
          },
          {
            "X": 0.3586343824863434,
            "Y": 0.5878496766090393
          },
          {
            "X": 0.3077251613140106,
            "Y": 0.5877262949943542
          }
        ]
      },
      "Id": "7700bc77-cf6d-4d48-8f6c-40eae1a6905a",
      "Page": 1
    },
    {
      "BlockType": "WORD",
      "Confidence": 99.91751098632812,
      "Text": "382",
      "TextType": "PRINTED",
      "Geometry": {
        "BoundingBox": {
          "Width": 0.016591154038906097,
          "Height": 0.01959005929529667,
          "Left": 0.572806715965271,
          "Top": 0.5625944137573242
        },
        "Polygon": [
          {
            "X": 0.572806715965271,
            "Y": 0.5625944137573242
          },
          {
            "X": 0.5888910293579102,
            "Y": 0.5626323819160461
          },
          {
            "X": 0.5893978476524353,
            "Y": 0.5821844339370728
          },
          {
            "X": 0.573309600353241,
            "Y": 0.5821456909179688
          }
        ]
      },
      "Id": "b1d7e1b7-5082-4a5d-9432-814f9975db8e",
      "Page": 1
    },
    {
      "BlockType": "WORD",
      "Confidence": 99.93366241455078,
      "Text": "398",
      "TextType": "PRINTED",
      "Geometry": {
        "BoundingBox": {
          "Width": 0.016326801851391792,
          "Height": 0.019484389573335648,
          "Left": 0.6887333393096924,
          "Top": 0.562732458114624
        },
        "Polygon": [
          {
            "X": 0.6887333393096924,
            "Y": 0.562732458114624
          },
          {
            "X": 0.7045285105705261,
            "Y": 0.5627697706222534
          },
          {
            "X": 0.7050601243972778,
            "Y": 0.5822167992591858
          },
          {
            "X": 0.6892611980438232,
            "Y": 0.5821787714958191
          }
        ]
      },
      "Id": "95707c99-8639-48a4-8c23-bacf88229efc",
      "Page": 1
    },
    {
      "BlockType": "WORD",
      "Confidence": 99.9465560913086,
      "Text": "392",
      "TextType": "PRINTED",
      "Geometry": {
        "BoundingBox": {
          "Width": 0.01654621586203575,
          "Height": 0.01978069357573986,
          "Left": 0.8042187690734863,
          "Top": 0.5624938607215881
        },
        "Polygon": [
          {
            "X": 0.8042187690734863,
            "Y": 0.5624938607215881
          },
          {
            "X": 0.8201972246170044,
            "Y": 0.562531590461731
          },
          {
            "X": 0.82076495885849,
            "Y": 0.5822745561599731
          },
          {
            "X": 0.8047826290130615,
            "Y": 0.582236111164093
          }
        ]
      },
      "Id": "9617f67f-c4c7-4abe-9e8b-90c2f8470690",
      "Page": 1
    },
    {
      "BlockType": "TABLE",
      "Confidence": 99.609375,
      "Geometry": {
        "BoundingBox": {
          "Width": 0.6975523829460144,
          "Height": 0.19512739777565002,
          "Left": 0.1526108831167221,
          "Top": 0.4030773639678955
        },
        "Polygon": [
          {
            "X": 0.1526108831167221,
            "Y": 0.4030773639678955
          },
          {
            "X": 0.8445230722427368,
            "Y": 0.4044577181339264
          },
          {
            "X": 0.8501632809638977,
            "Y": 0.5982047319412231
          },
          {
            "X": 0.15659797191619873,
            "Y": 0.5965096354484558
          }
        ]
      },
      "Id": "3348f6c3-b170-46f3-82d6-c06cb1092bd8",
      "Relationships": [
        {
          "Type": "CHILD",
          "Ids": [
            "8711de6b-dbb8-435f-89e3-66489d3d1cd2",
            "a8d13fb1-c630-45e8-aa6f-a969692a5488",
            "636cede4-4fc8-48bf-a354-61acaf6111e2",
            "47417e9c-2c4e-4cf1-8877-1d9d3a6c1370",
            "839f483a-58f7-4acc-a13e-731777c3faa3",
            "5d76faa8-9dd0-45af-a0eb-dcdeb824d9fe",
            "8eb570ec-de6b-4c83-b75b-d451aa381ae3",
            "9f4e2afa-4c91-407e-aa3a-8ca964e02262",
            "b978026a-8475-43c8-90bc-2a2b508bb5a8",
            "f6aa51d8-b478-458d-945e-37e0a5244ff3",
            "ab749291-a80f-47ac-b479-31d45dd02eb4",
            "0936cfbf-a454-4c8c-8b2c-8c6ab3bc81bc",
            "7c9dc05b-2fd1-4bfa-a50d-f5186d3211ad",
            "2f9c0e58-47b6-4fb9-aaf8-4fa4c2045d63",
            "d20f571a-4481-4820-bbd1-e06b739d5272",
            "048d8bdc-a9ad-4fec-9ffa-e118c7585da8",
            "2a4094aa-8663-4930-8295-88c65beb92e0",
            "f83e9e49-2a8c-43af-8d62-5224a1a841e4",
            "46749374-ebe5-4fa8-8504-5c4e0f577f4e",
            "8e62ee89-8051-4f97-8685-6202b91fa400",
            "d791d0ae-aed6-48c1-ac95-88b610784aab",
            "7f23b068-f441-4622-9fa2-33119e6c0aa0",
            "bd976140-91e9-4789-9ce0-662eda950486",
            "f4b3cc3e-2274-4cbd-b6fb-9cb1a1b1179d",
            "d8c9b636-6cdb-49d6-b512-bf9a10909a0e",
            "c75935db-a56b-4f40-8c06-a9b4408faf74",
            "94de6150-479a-4194-81c1-af84d594ec33",
            "b094efb0-526b-49f8-92a5-1ffd88d93cfc",
            "f3909425-1b31-40ab-ab95-52afeee06b0f",
            "d8426ae4-abdd-4c63-b4da-dc8866cd4ab2"
          ]
        },
        {
          "Type": "MERGED_CELL",
          "Ids": [
            "cf037a77-271c-4a34-9368-082b1d0f59a0"
          ]
        }
      ],
      "EntityTypes": [
        "STRUCTURED_TABLE"
      ],
      "Page": 1
    },
    {
      "BlockType": "CELL",
      "Confidence": 38.1103515625,
      "RowIndex": 1,
      "ColumnIndex": 1,
      "RowSpan": 1,
      "ColumnSpan": 1,
      "Geometry": {
        "BoundingBox": {
          "Width": 0.11929812282323837,
          "Height": 0.048235855996608734,
          "Left": 0.15238744020462036,
          "Top": 0.4033905863761902
        },
        "Polygon": [
          {
            "X": 0.15238744020462036,
            "Y": 0.4033905863761902
          },
          {
            "X": 0.27062660455703735,
            "Y": 0.40362656116485596
          },
          {
            "X": 0.27168557047843933,
            "Y": 0.4516264498233795
          },
          {
            "X": 0.15337641537189484,
            "Y": 0.45137715339660645
          }
        ]
      },
      "Id": "8711de6b-dbb8-435f-89e3-66489d3d1cd2",
      "Relationships": [
        {
          "Type": "CHILD",
          "Ids": [
            "2e66261f-56e4-4391-a8d3-9574d9ef311b",
            "7324fb03-3539-4eb0-aee5-3a96ccf03c30",
            "a62510de-0f35-41a2-abe9-c9a646d0951a"
          ]
        }
      ],
      "EntityTypes": [
        "COLUMN_HEADER"
      ],
      "Page": 1
    },
    {
      "BlockType": "CELL",
      "Confidence": 38.1103515625,
      "RowIndex": 1,
      "ColumnIndex": 2,
      "RowSpan": 1,
      "ColumnSpan": 1,
      "Geometry": {
        "BoundingBox": {
          "Width": 0.13168244063854218,
          "Height": 0.04827512428164482,
          "Left": 0.27062660455703735,
          "Top": 0.40362656116485596
        },
        "Polygon": [
          {
            "X": 0.27062660455703735,
            "Y": 0.40362656116485596
          },
          {
            "X": 0.4011727571487427,
            "Y": 0.4038870930671692
          },
          {
            "X": 0.4023090600967407,
            "Y": 0.4519016742706299
          },
          {
            "X": 0.27168557047843933,
            "Y": 0.4516264498233795
          }
        ]
      },
      "Id": "a8d13fb1-c630-45e8-aa6f-a969692a5488",
      "EntityTypes": [
        "COLUMN_HEADER"
      ],
      "Page": 1
    },
    {
      "BlockType": "CELL",
      "Confidence": 74.658203125,
      "RowIndex": 1,
      "ColumnIndex": 3,
      "RowSpan": 1,
      "ColumnSpan": 1,
      "Geometry": {
        "BoundingBox": {
          "Width": 0.12316448241472244,
          "Height": 0.04858557879924774,
          "Left": 0.40116533637046814,
          "Top": 0.403573215007782
        },
        "Polygon": [
          {
            "X": 0.40116533637046814,
            "Y": 0.403573215007782
          },
          {
            "X": 0.5231133699417114,
            "Y": 0.4038165211677551
          },
          {
            "X": 0.5243298411369324,
            "Y": 0.4521588087081909
          },
          {
            "X": 0.4023090600967407,
            "Y": 0.4519016742706299
          }
        ]
      },
      "Id": "636cede4-4fc8-48bf-a354-61acaf6111e2",
      "Relationships": [
        {
          "Type": "CHILD",
          "Ids": [
            "c51619b4-8a46-46be-9f69-5d970726321f"
          ]
        }
      ],
      "EntityTypes": [
        "COLUMN_HEADER"
      ],
      "Page": 1
    },
    {
      "BlockType": "CELL",
      "Confidence": 74.21875,
      "RowIndex": 1,
      "ColumnIndex": 4,
      "RowSpan": 1,
      "ColumnSpan": 1,
      "Geometry": {
        "BoundingBox": {
          "Width": 0.1156417652964592,
          "Height": 0.04858339950442314,
          "Left": 0.5231133699417114,
          "Top": 0.4038165211677551
        },
        "Polygon": [
          {
            "X": 0.5231133699417114,
            "Y": 0.4038165211677551
          },
          {
            "X": 0.6374704241752625,
            "Y": 0.40404465794563293
          },
          {
            "X": 0.6387551426887512,
            "Y": 0.4523999094963074
          },
          {
            "X": 0.5243298411369324,
            "Y": 0.4521588087081909
          }
        ]
      },
      "Id": "47417e9c-2c4e-4cf1-8877-1d9d3a6c1370",
      "Relationships": [
        {
          "Type": "CHILD",
          "Ids": [
            "3d433b52-c257-48eb-a366-78cc4db3c770"
          ]
        }
      ],
      "EntityTypes": [
        "COLUMN_HEADER"
      ],
      "Page": 1
    },
    {
      "BlockType": "CELL",
      "Confidence": 73.974609375,
      "RowIndex": 1,
      "ColumnIndex": 5,
      "RowSpan": 1,
      "ColumnSpan": 1,
      "Geometry": {
        "BoundingBox": {
          "Width": 0.11781571805477142,
          "Height": 0.048600804060697556,
          "Left": 0.6374704241752625,
          "Top": 0.40404465794563293
        },
        "Polygon": [
          {
            "X": 0.6374704241752625,
            "Y": 0.40404465794563293
          },
          {
            "X": 0.7539319396018982,
            "Y": 0.4042769968509674
          },
          {
            "X": 0.7552861571311951,
            "Y": 0.4526454508304596
          },
          {
            "X": 0.6387551426887512,
            "Y": 0.4523999094963074
          }
        ]
      },
      "Id": "839f483a-58f7-4acc-a13e-731777c3faa3",
      "Relationships": [
        {
          "Type": "CHILD",
          "Ids": [
            "a8663f56-703a-495b-a3bc-e33c67d9398b"
          ]
        }
      ],
      "EntityTypes": [
        "COLUMN_HEADER"
      ],
      "Page": 1
    },
    {
      "BlockType": "CELL",
      "Confidence": 72.36328125,
      "RowIndex": 1,
      "ColumnIndex": 6,
      "RowSpan": 1,
      "ColumnSpan": 1,
      "Geometry": {
        "BoundingBox": {
          "Width": 0.09199953079223633,
          "Height": 0.04855946823954582,
          "Left": 0.7539319396018982,
          "Top": 0.4042769968509674
        },
        "Polygon": [
          {
            "X": 0.7539319396018982,
            "Y": 0.4042769968509674
          },
          {
            "X": 0.8445230722427368,
            "Y": 0.4044577181339264
          },
          {
            "X": 0.8459314703941345,
            "Y": 0.45283645391464233
          },
          {
            "X": 0.7552861571311951,
            "Y": 0.4526454508304596
          }
        ]
      },
      "Id": "5d76faa8-9dd0-45af-a0eb-dcdeb824d9fe",
      "Relationships": [
        {
          "Type": "CHILD",
          "Ids": [
            "07cca12d-a449-49a0-b58f-5a0b0f437988"
          ]
        }
      ],
      "EntityTypes": [
        "COLUMN_HEADER"
      ],
      "Page": 1
    },
    {
      "BlockType": "CELL",
      "Confidence": 56.103515625,
      "RowIndex": 2,
      "ColumnIndex": 1,
      "RowSpan": 1,
      "ColumnSpan": 1,
      "Geometry": {
        "BoundingBox": {
          "Width": 0.11899199336767197,
          "Height": 0.0416274219751358,
          "Left": 0.15360645949840546,
          "Top": 0.45137763023376465
        },
        "Polygon": [
          {
            "X": 0.15360645949840546,
            "Y": 0.45137763023376465
          },
          {
            "X": 0.27168557047843933,
            "Y": 0.4516264498233795
          },
          {
            "X": 0.2725984454154968,
            "Y": 0.49300506711006165
          },
          {
            "X": 0.1544591337442398,
            "Y": 0.4927447736263275
          }
        ]
      },
      "Id": "8eb570ec-de6b-4c83-b75b-d451aa381ae3",
      "Relationships": [
        {
          "Type": "CHILD",
          "Ids": [
            "ed0bd390-43fe-4417-a8ec-6942da557a54",
            "63ca6342-a7bc-4cd4-ac9b-232983c9fccd"
          ]
        }
      ],
      "Page": 1
    },
    {
      "BlockType": "CELL",
      "Confidence": 53.125,
      "RowIndex": 2,
      "ColumnIndex": 2,
      "RowSpan": 1,
      "ColumnSpan": 1,
      "Geometry": {
        "BoundingBox": {
          "Width": 0.13160301744937897,
          "Height": 0.04166654497385025,
          "Left": 0.27168557047843933,
          "Top": 0.4516264498233795
        },
        "Polygon": [
          {
            "X": 0.27168557047843933,
            "Y": 0.4516264498233795
          },
          {
            "X": 0.4023090600967407,
            "Y": 0.4519016742706299
          },
          {
            "X": 0.4032886028289795,
            "Y": 0.49329298734664917
          },
          {
            "X": 0.2725984454154968,
            "Y": 0.49300506711006165
          }
        ]
      },
      "Id": "9f4e2afa-4c91-407e-aa3a-8ca964e02262",
      "Relationships": [
        {
          "Type": "CHILD",
          "Ids": [
            "39558f25-4dd1-437f-bb38-3eeb55041e3c"
          ]
        }
      ],
      "Page": 1
    },
    {
      "BlockType": "CELL",
      "Confidence": 76.7578125,
      "RowIndex": 2,
      "ColumnIndex": 3,
      "RowSpan": 1,
      "ColumnSpan": 1,
      "Geometry": {
        "BoundingBox": {
          "Width": 0.1230626180768013,
          "Height": 0.04166027531027794,
          "Left": 0.4023090600967407,
          "Top": 0.4519016742706299
        },
        "Polygon": [
          {
            "X": 0.4023090600967407,
            "Y": 0.4519016742706299
          },
          {
            "X": 0.5243298411369324,
            "Y": 0.4521588087081909
          },
          {
            "X": 0.5253716707229614,
            "Y": 0.4935619533061981
          },
          {
            "X": 0.4032886028289795,
            "Y": 0.49329298734664917
          }
        ]
      },
      "Id": "b978026a-8475-43c8-90bc-2a2b508bb5a8",
      "Relationships": [
        {
          "Type": "CHILD",
          "Ids": [
            "0adeaa53-13c1-4a26-aea7-e87da6f91ff4"
          ]
        }
      ],
      "Page": 1
    },
    {
      "BlockType": "CELL",
      "Confidence": 76.26953125,
      "RowIndex": 2,
      "ColumnIndex": 4,
      "RowSpan": 1,
      "ColumnSpan": 1,
      "Geometry": {
        "BoundingBox": {
          "Width": 0.11552560329437256,
          "Height": 0.04165538772940636,
          "Left": 0.5243298411369324,
          "Top": 0.4521588087081909
        },
        "Polygon": [
          {
            "X": 0.5243298411369324,
            "Y": 0.4521588087081909
          },
          {
            "X": 0.6387551426887512,
            "Y": 0.4523999094963074
          },
          {
            "X": 0.6398554444313049,
            "Y": 0.4938142001628876
          },
          {
            "X": 0.5253716707229614,
            "Y": 0.4935619533061981
          }
        ]
      },
      "Id": "f6aa51d8-b478-458d-945e-37e0a5244ff3",
      "Relationships": [
        {
          "Type": "CHILD",
          "Ids": [
            "23d3f07c-f078-4837-a057-fa4807458932"
          ]
        }
      ],
      "Page": 1
    },
    {
      "BlockType": "CELL",
      "Confidence": 76.025390625,
      "RowIndex": 2,
      "ColumnIndex": 5,
      "RowSpan": 1,
      "ColumnSpan": 1,
      "Geometry": {
        "BoundingBox": {
          "Width": 0.11769087612628937,
          "Height": 0.04167114943265915,
          "Left": 0.6387551426887512,
          "Top": 0.4523999094963074
        },
        "Polygon": [
          {
            "X": 0.6387551426887512,
            "Y": 0.4523999094963074
          },
          {
            "X": 0.7552861571311951,
            "Y": 0.4526454508304596
          },
          {
            "X": 0.7564460039138794,
            "Y": 0.4940710663795471
          },
          {
            "X": 0.6398554444313049,
            "Y": 0.4938142001628876
          }
        ]
      },
      "Id": "ab749291-a80f-47ac-b479-31d45dd02eb4",
      "Relationships": [
        {
          "Type": "CHILD",
          "Ids": [
            "e83734f3-4d3b-44f9-aa9a-950ab5a3b876"
          ]
        }
      ],
      "Page": 1
    },
    {
      "BlockType": "CELL",
      "Confidence": 74.4140625,
      "RowIndex": 2,
      "ColumnIndex": 6,
      "RowSpan": 1,
      "ColumnSpan": 1,
      "Geometry": {
        "BoundingBox": {
          "Width": 0.09185149520635605,
          "Height": 0.041625410318374634,
          "Left": 0.7552861571311951,
          "Top": 0.4526454508304596
        },
        "Polygon": [
          {
            "X": 0.7552861571311951,
            "Y": 0.4526454508304596
          },
          {
            "X": 0.8459314703941345,
            "Y": 0.45283645391464233
          },
          {
            "X": 0.8471376299858093,
            "Y": 0.49427086114883423
          },
          {
            "X": 0.7564460039138794,
            "Y": 0.4940710663795471
          }
        ]
      },
      "Id": "0936cfbf-a454-4c8c-8b2c-8c6ab3bc81bc",
      "Relationships": [
        {
          "Type": "CHILD",
          "Ids": [
            "d0c66600-d404-4a5c-af04-9f835c689a69"
          ]
        }
      ],
      "Page": 1
    },
    {
      "BlockType": "CELL",
      "Confidence": 51.904296875,
      "RowIndex": 3,
      "ColumnIndex": 1,
      "RowSpan": 1,
      "ColumnSpan": 1,
      "Geometry": {
        "BoundingBox": {
          "Width": 0.11884670704603195,
          "Height": 0.03232422098517418,
          "Left": 0.1544591337442398,
          "Top": 0.4927447736263275
        },
        "Polygon": [
          {
            "X": 0.1544591337442398,
            "Y": 0.4927447736263275
          },
          {
            "X": 0.2725984454154968,
            "Y": 0.49300506711006165
          },
          {
            "X": 0.27330583333969116,
            "Y": 0.525068998336792
          },
          {
            "X": 0.1551198661327362,
            "Y": 0.5247998237609863
          }
        ]
      },
      "Id": "7c9dc05b-2fd1-4bfa-a50d-f5186d3211ad",
      "Page": 1
    },
    {
      "BlockType": "CELL",
      "Confidence": 49.169921875,
      "RowIndex": 3,
      "ColumnIndex": 2,
      "RowSpan": 1,
      "ColumnSpan": 1,
      "Geometry": {
        "BoundingBox": {
          "Width": 0.1314491629600525,
          "Height": 0.0323617160320282,
          "Left": 0.2725984454154968,
          "Top": 0.49300506711006165
        },
        "Polygon": [
          {
            "X": 0.2725984454154968,
            "Y": 0.49300506711006165
          },
          {
            "X": 0.4032886028289795,
            "Y": 0.49329298734664917
          },
          {
            "X": 0.4040476381778717,
            "Y": 0.5253667831420898
          },
          {
            "X": 0.27330583333969116,
            "Y": 0.525068998336792
          }
        ]
      },
      "Id": "2f9c0e58-47b6-4fb9-aaf8-4fa4c2045d63",
      "Relationships": [
        {
          "Type": "CHILD",
          "Ids": [
            "da63a435-2599-403d-9d5d-2f74c7738a96"
          ]
        }
      ],
      "Page": 1
    },
    {
      "BlockType": "CELL",
      "Confidence": 70.99609375,
      "RowIndex": 3,
      "ColumnIndex": 3,
      "RowSpan": 1,
      "ColumnSpan": 1,
      "Geometry": {
        "BoundingBox": {
          "Width": 0.12289039045572281,
          "Height": 0.03235194832086563,
          "Left": 0.4032886028289795,
          "Top": 0.49329298734664917
        },
        "Polygon": [
          {
            "X": 0.4032886028289795,
            "Y": 0.49329298734664917
          },
          {
            "X": 0.5253716707229614,
            "Y": 0.4935619533061981
          },
          {
            "X": 0.5261789560317993,
            "Y": 0.5256449580192566
          },
          {
            "X": 0.4040476381778717,
            "Y": 0.5253667831420898
          }
        ]
      },
      "Id": "d20f571a-4481-4820-bbd1-e06b739d5272",
      "Page": 1
    },
    {
      "BlockType": "CELL",
      "Confidence": 70.556640625,
      "RowIndex": 3,
      "ColumnIndex": 4,
      "RowSpan": 1,
      "ColumnSpan": 1,
      "Geometry": {
        "BoundingBox": {
          "Width": 0.11533637344837189,
          "Height": 0.032343827188014984,
          "Left": 0.5253716707229614,
          "Top": 0.4935619533061981
        },
        "Polygon": [
          {
            "X": 0.5253716707229614,
            "Y": 0.4935619533061981
          },
          {
            "X": 0.6398554444313049,
            "Y": 0.4938142001628876
          },
          {
            "X": 0.6407080292701721,
            "Y": 0.5259057879447937
          },
          {
            "X": 0.5261789560317993,
            "Y": 0.5256449580192566
          }
        ]
      },
      "Id": "048d8bdc-a9ad-4fec-9ffa-e118c7585da8",
      "Relationships": [
        {
          "Type": "CHILD",
          "Ids": [
            "9a7227bc-1ed3-450a-b951-512d8b743d65"
          ]
        }
      ],
      "Page": 1
    },
    {
      "BlockType": "CELL",
      "Confidence": 70.361328125,
      "RowIndex": 3,
      "ColumnIndex": 5,
      "RowSpan": 1,
      "ColumnSpan": 1,
      "Geometry": {
        "BoundingBox": {
          "Width": 0.11748934537172318,
          "Height": 0.03235725313425064,
          "Left": 0.6398554444313049,
          "Top": 0.4938142001628876
        },
        "Polygon": [
          {
            "X": 0.6398554444313049,
            "Y": 0.4938142001628876
          },
          {
            "X": 0.7564460039138794,
            "Y": 0.4940710663795471
          },
          {
            "X": 0.7573447823524475,
            "Y": 0.5261714458465576
          },
          {
            "X": 0.6407080292701721,
            "Y": 0.5259057879447937
          }
        ]
      },
      "Id": "2a4094aa-8663-4930-8295-88c65beb92e0",
      "Relationships": [
        {
          "Type": "CHILD",
          "Ids": [
            "efd83de3-8e0b-47b5-90c9-ebe111935392"
          ]
        }
      ],
      "Page": 1
    },
    {
      "BlockType": "CELL",
      "Confidence": 68.798828125,
      "RowIndex": 3,
      "ColumnIndex": 6,
      "RowSpan": 1,
      "ColumnSpan": 1,
      "Geometry": {
        "BoundingBox": {
          "Width": 0.09162631630897522,
          "Height": 0.03230702131986618,
          "Left": 0.7564460039138794,
          "Top": 0.4940710663795471
        },
        "Polygon": [
          {
            "X": 0.7564460039138794,
            "Y": 0.4940710663795471
          },
          {
            "X": 0.8471376299858093,
            "Y": 0.49427086114883423
          },
          {
            "X": 0.848072350025177,
            "Y": 0.5263780951499939
          },
          {
            "X": 0.7573447823524475,
            "Y": 0.5261714458465576
          }
        ]
      },
      "Id": "f83e9e49-2a8c-43af-8d62-5224a1a841e4",
      "Relationships": [
        {
          "Type": "CHILD",
          "Ids": [
            "2a3ba133-9662-4bc7-b634-1875926daedb"
          ]
        }
      ],
      "Page": 1
    },
    {
      "BlockType": "CELL",
      "Confidence": 54.541015625,
      "RowIndex": 4,
      "ColumnIndex": 1,
      "RowSpan": 1,
      "ColumnSpan": 1,
      "Geometry": {
        "BoundingBox": {
          "Width": 0.11892344057559967,
          "Height": 0.03369595482945442,
          "Left": 0.1551198661327362,
          "Top": 0.5247998237609863
        },
        "Polygon": [
          {
            "X": 0.1551198661327362,
            "Y": 0.5247998237609863
          },
          {
            "X": 0.27330583333969116,
            "Y": 0.525068998336792
          },
          {
            "X": 0.2740432918071747,
            "Y": 0.5584957599639893
          },
          {
            "X": 0.15580867230892181,
            "Y": 0.5582173466682434
          }
        ]
      },
      "Id": "46749374-ebe5-4fa8-8504-5c4e0f577f4e",
      "Relationships": [
        {
          "Type": "CHILD",
          "Ids": [
            "e7e52d80-c9f5-4cd2-b715-feda65ed6dc3",
            "376460aa-7521-4707-a536-f6b22ac9e30b"
          ]
        }
      ],
      "Page": 1
    },
    {
      "BlockType": "CELL",
      "Confidence": 51.66015625,
      "RowIndex": 4,
      "ColumnIndex": 2,
      "RowSpan": 1,
      "ColumnSpan": 1,
      "Geometry": {
        "BoundingBox": {
          "Width": 0.13153307139873505,
          "Height": 0.033734824508428574,
          "Left": 0.27330583333969116,
          "Top": 0.525068998336792
        },
        "Polygon": [
          {
            "X": 0.27330583333969116,
            "Y": 0.525068998336792
          },
          {
            "X": 0.4040476381778717,
            "Y": 0.5253667831420898
          },
          {
            "X": 0.4048389196395874,
            "Y": 0.5588037967681885
          },
          {
            "X": 0.2740432918071747,
            "Y": 0.5584957599639893
          }
        ]
      },
      "Id": "8e62ee89-8051-4f97-8685-6202b91fa400",
      "Relationships": [
        {
          "Type": "CHILD",
          "Ids": [
            "a529de4d-7429-4ab3-9786-14867e6e72a2"
          ]
        }
      ],
      "Page": 1
    },
    {
      "BlockType": "CELL",
      "Confidence": 74.609375,
      "RowIndex": 4,
      "ColumnIndex": 3,
      "RowSpan": 1,
      "ColumnSpan": 1,
      "Geometry": {
        "BoundingBox": {
          "Width": 0.12297298014163971,
          "Height": 0.03372480720281601,
          "Left": 0.4040476381778717,
          "Top": 0.5253667831420898
        },
        "Polygon": [
          {
            "X": 0.4040476381778717,
            "Y": 0.5253667831420898
          },
          {
            "X": 0.5261789560317993,
            "Y": 0.5256449580192566
          },
          {
            "X": 0.5270206332206726,
            "Y": 0.5590915679931641
          },
          {
            "X": 0.4048389196395874,
            "Y": 0.5588037967681885
          }
        ]
      },
      "Id": "d791d0ae-aed6-48c1-ac95-88b610784aab",
      "Relationships": [
        {
          "Type": "CHILD",
          "Ids": [
            "0903172b-753b-4c3f-97fd-e3b43b78d8c7"
          ]
        }
      ],
      "Page": 1
    },
    {
      "BlockType": "CELL",
      "Confidence": 74.169921875,
      "RowIndex": 4,
      "ColumnIndex": 4,
      "RowSpan": 1,
      "ColumnSpan": 1,
      "Geometry": {
        "BoundingBox": {
          "Width": 0.11541790515184402,
          "Height": 0.033716488629579544,
          "Left": 0.5261789560317993,
          "Top": 0.5256449580192566
        },
        "Polygon": [
          {
            "X": 0.5261789560317993,
            "Y": 0.5256449580192566
          },
          {
            "X": 0.6407080292701721,
            "Y": 0.5259057879447937
          },
          {
            "X": 0.6415969133377075,
            "Y": 0.559361457824707
          },
          {
            "X": 0.5270206332206726,
            "Y": 0.5590915679931641
          }
        ]
      },
      "Id": "7f23b068-f441-4622-9fa2-33119e6c0aa0",
      "Relationships": [
        {
          "Type": "CHILD",
          "Ids": [
            "91945020-9c91-48c3-b42b-4be5cba5e62e"
          ]
        }
      ],
      "Page": 1
    },
    {
      "BlockType": "CELL",
      "Confidence": 73.92578125,
      "RowIndex": 4,
      "ColumnIndex": 5,
      "RowSpan": 1,
      "ColumnSpan": 1,
      "Geometry": {
        "BoundingBox": {
          "Width": 0.11757370084524155,
          "Height": 0.03373045101761818,
          "Left": 0.6407080292701721,
          "Top": 0.5259057879447937
        },
        "Polygon": [
          {
            "X": 0.6407080292701721,
            "Y": 0.5259057879447937
          },
          {
            "X": 0.7573447823524475,
            "Y": 0.5261714458465576
          },
          {
            "X": 0.7582817077636719,
            "Y": 0.5596362352371216
          },
          {
            "X": 0.6415969133377075,
            "Y": 0.559361457824707
          }
        ]
      },
      "Id": "bd976140-91e9-4789-9ce0-662eda950486",
      "Relationships": [
        {
          "Type": "CHILD",
          "Ids": [
            "835b8a04-d0e5-4bab-b9c8-66a0959db7c3"
          ]
        }
      ],
      "Page": 1
    },
    {
      "BlockType": "CELL",
      "Confidence": 72.314453125,
      "RowIndex": 4,
      "ColumnIndex": 6,
      "RowSpan": 1,
      "ColumnSpan": 1,
      "Geometry": {
        "BoundingBox": {
          "Width": 0.09170196205377579,
          "Height": 0.0336785651743412,
          "Left": 0.7573447823524475,
          "Top": 0.5261714458465576
        },
        "Polygon": [
          {
            "X": 0.7573447823524475,
            "Y": 0.5261714458465576
          },
          {
            "X": 0.848072350025177,
            "Y": 0.5263780951499939
          },
          {
            "X": 0.8490467667579651,
            "Y": 0.5598500370979309
          },
          {
            "X": 0.7582817077636719,
            "Y": 0.5596362352371216
          }
        ]
      },
      "Id": "f4b3cc3e-2274-4cbd-b6fb-9cb1a1b1179d",
      "Relationships": [
        {
          "Type": "CHILD",
          "Ids": [
            "9a5b5757-6401-4c83-a08b-95c832defbf6"
          ]
        }
      ],
      "Page": 1
    },
    {
      "BlockType": "CELL",
      "Confidence": 63.37890625,
      "RowIndex": 5,
      "ColumnIndex": 1,
      "RowSpan": 1,
      "ColumnSpan": 1,
      "Geometry": {
        "BoundingBox": {
          "Width": 0.11907966434955597,
          "Height": 0.038581427186727524,
          "Left": 0.15580867230892181,
          "Top": 0.5582173466682434
        },
        "Polygon": [
          {
            "X": 0.15580867230892181,
            "Y": 0.5582173466682434
          },
          {
            "X": 0.2740432918071747,
            "Y": 0.5584957599639893
          },
          {
            "X": 0.2748883366584778,
            "Y": 0.5967987179756165
          },
          {
            "X": 0.15659797191619873,
            "Y": 0.5965096354484558
          }
        ]
      },
      "Id": "d8c9b636-6cdb-49d6-b512-bf9a10909a0e",
      "Page": 1
    },
    {
      "BlockType": "CELL",
      "Confidence": 60.009765625,
      "RowIndex": 5,
      "ColumnIndex": 2,
      "RowSpan": 1,
      "ColumnSpan": 1,
      "Geometry": {
        "BoundingBox": {
          "Width": 0.13170234858989716,
          "Height": 0.038622789084911346,
          "Left": 0.2740432918071747,
          "Top": 0.5584957599639893
        },
        "Polygon": [
          {
            "X": 0.2740432918071747,
            "Y": 0.5584957599639893
          },
          {
            "X": 0.4048389196395874,
            "Y": 0.5588037967681885
          },
          {
            "X": 0.40574565529823303,
            "Y": 0.5971185564994812
          },
          {
            "X": 0.2748883366584778,
            "Y": 0.5967987179756165
          }
        ]
      },
      "Id": "c75935db-a56b-4f40-8c06-a9b4408faf74",
      "Relationships": [
        {
          "Type": "CHILD",
          "Ids": [
            "7700bc77-cf6d-4d48-8f6c-40eae1a6905a"
          ]
        }
      ],
      "Page": 1
    },
    {
      "BlockType": "CELL",
      "Confidence": 86.71875,
      "RowIndex": 5,
      "ColumnIndex": 3,
      "RowSpan": 1,
      "ColumnSpan": 1,
      "Geometry": {
        "BoundingBox": {
          "Width": 0.12314607948064804,
          "Height": 0.03861350193619728,
          "Left": 0.4048389196395874,
          "Top": 0.5588037967681885
        },
        "Polygon": [
          {
            "X": 0.4048389196395874,
            "Y": 0.5588037967681885
          },
          {
            "X": 0.5270206332206726,
            "Y": 0.5590915679931641
          },
          {
            "X": 0.5279849767684937,
            "Y": 0.5974173545837402
          },
          {
            "X": 0.40574565529823303,
            "Y": 0.5971185564994812
          }
        ]
      },
      "Id": "94de6150-479a-4194-81c1-af84d594ec33",
      "Page": 1
    },
    {
      "BlockType": "CELL",
      "Confidence": 86.181640625,
      "RowIndex": 5,
      "ColumnIndex": 4,
      "RowSpan": 1,
      "ColumnSpan": 1,
      "Geometry": {
        "BoundingBox": {
          "Width": 0.1155947893857956,
          "Height": 0.038605909794569016,
          "Left": 0.5270206332206726,
          "Top": 0.5590915679931641
        },
        "Polygon": [
          {
            "X": 0.5270206332206726,
            "Y": 0.5590915679931641
          },
          {
            "X": 0.6415969133377075,
            "Y": 0.559361457824707
          },
          {
            "X": 0.6426153779029846,
            "Y": 0.5976974964141846
          },
          {
            "X": 0.5279849767684937,
            "Y": 0.5974173545837402
          }
        ]
      },
      "Id": "b094efb0-526b-49f8-92a5-1ffd88d93cfc",
      "Relationships": [
        {
          "Type": "CHILD",
          "Ids": [
            "b1d7e1b7-5082-4a5d-9432-814f9975db8e"
          ]
        }
      ],
      "Page": 1
    },
    {
      "BlockType": "CELL",
      "Confidence": 85.9375,
      "RowIndex": 5,
      "ColumnIndex": 5,
      "RowSpan": 1,
      "ColumnSpan": 1,
      "Geometry": {
        "BoundingBox": {
          "Width": 0.11775849759578705,
          "Height": 0.038621384650468826,
          "Left": 0.6415969133377075,
          "Top": 0.559361457824707
        },
        "Polygon": [
          {
            "X": 0.6415969133377075,
            "Y": 0.559361457824707
          },
          {
            "X": 0.7582817077636719,
            "Y": 0.5596362352371216
          },
          {
            "X": 0.759355366230011,
            "Y": 0.5979828238487244
          },
          {
            "X": 0.6426153779029846,
            "Y": 0.5976974964141846
          }
        ]
      },
      "Id": "f3909425-1b31-40ab-ab95-52afeee06b0f",
      "Relationships": [
        {
          "Type": "CHILD",
          "Ids": [
            "95707c99-8639-48a4-8c23-bacf88229efc"
          ]
        }
      ],
      "Page": 1
    },
    {
      "BlockType": "CELL",
      "Confidence": 84.033203125,
      "RowIndex": 5,
      "ColumnIndex": 6,
      "RowSpan": 1,
      "ColumnSpan": 1,
      "Geometry": {
        "BoundingBox": {
          "Width": 0.09188155829906464,
          "Height": 0.038568511605262756,
          "Left": 0.7582817077636719,
          "Top": 0.5596362352371216
        },
        "Polygon": [
          {
            "X": 0.7582817077636719,
            "Y": 0.5596362352371216
          },
          {
            "X": 0.8490467667579651,
            "Y": 0.5598500370979309
          },
          {
            "X": 0.8501632809638977,
            "Y": 0.5982047319412231
          },
          {
            "X": 0.759355366230011,
            "Y": 0.5979828238487244
          }
        ]
      },
      "Id": "d8426ae4-abdd-4c63-b4da-dc8866cd4ab2",
      "Relationships": [
        {
          "Type": "CHILD",
          "Ids": [
            "9617f67f-c4c7-4abe-9e8b-90c2f8470690"
          ]
        }
      ],
      "Page": 1
    },
    {
      "BlockType": "MERGED_CELL",
      "Confidence": 38.1103515625,
      "RowIndex": 1,
      "ColumnIndex": 1,
      "RowSpan": 1,
      "ColumnSpan": 2,
      "Geometry": {
        "BoundingBox": {
          "Width": 0.24969816207885742,
          "Height": 0.04882432892918587,
          "Left": 0.1526108831167221,
          "Top": 0.4030773639678955
        },
        "Polygon": [
          {
            "X": 0.1526108831167221,
            "Y": 0.4030773639678955
          },
          {
            "X": 0.40116533637046814,
            "Y": 0.403573215007782
          },
          {
            "X": 0.4023090600967407,
            "Y": 0.4519016742706299
          },
          {
            "X": 0.15360645949840546,
            "Y": 0.45137763023376465
          }
        ]
      },
      "Id": "cf037a77-271c-4a34-9368-082b1d0f59a0",
      "Relationships": [
        {
          "Type": "CHILD",
          "Ids": [
            "8711de6b-dbb8-435f-89e3-66489d3d1cd2",
            "a8d13fb1-c630-45e8-aa6f-a969692a5488"
          ]
        }
      ],
      "EntityTypes": [
        "COLUMN_HEADER"
      ],
      "Page": 1
    }
  ],
  "AnalyzeDocumentModelVersion": "1.0"
}