{
  "DocumentMetadata": {
    "Pages": 1
  },
  "JobStatus": "SUCCEEDED",
  "Blocks": [
    {
      "BlockType": "PAGE",
      "Geometry": {
        "BoundingBox": {
          "Width": 0.6722743511199951,
          "Height": 0.441447377204895,
          "Left": 0.16781456768512726,
          "Top": 0.26280441880226135
        },
        "Polygon": [
          {
            "X": 0.16781456768512726,
            "Y": 0.26280441880226135
          },
          {
            "X": 0.8367566466331482,
            "Y": 0.263414204120636
          },
          {
            "X": 0.8400889039039612,
            "Y": 0.7036603689193726
          },
          {
            "X": 0.16926218569278717,
            "Y": 0.704251766204834
          }
        ]
      },
      "Id": "b624113f-6982-4c12-bfc5-6199f891decd",
      "Relationships": [
        {
          "Type": "CHILD",
          "Ids": [
            "ab468d0f-b506-4b37-86ba-cfc2d1c906fa",
            "2eb08394-4d4b-48ad-a6fb-b5ef1c053f23",
            "68de3ba1-5804-4036-be16-72bd96b32dc3",
            "503a22b8-5364-4cce-bca8-5a84863290d3",
            "9823929c-f396-4c3c-9739-1afe626032a4",
            "d7e2e21e-7300-44b6-8c9e-eb5935b8d479",
            "c3436ccf-d87e-4a8b-8e30-fceb6db9dd46",
            "ceb8e657-8bdc-49fe-8ecb-cab6070f43a9",
            "58fdbe25-4fa7-4ec0-b33d-2b17f43f7f11",
            "35ea9fde-66b7-4f0f-8606-2207fb74a2ff",
            "2b43d209-5d81-4b99-81b2-4066cf83eb91",
            "92012e40-31f1-4922-ba17-97c2e7e87ce6",
            "ddac1e0c-a447-43fd-8287-b66591ed011c",
            "40e926b6-8d28-4223-966e-7f7c944396c1",
            "00f615f3-84ad-4fae-b06f-a4e89fc82ed7",
            "38a1a0e2-5739-410f-ae25-678c1079036b",
            "c92c817b-7338-4d55-b6af-27e5189295fe",
            "84d81e5f-bfa3-4e8a-a848-35699918fa79",
            "5a6a18ec-9981-4244-8569-878bfe4c1ae4",
            "aad98b9a-524d-4544-b193-1884dd89fd95",
            "856fec56-d451-4aab-96e3-58616170c4ce",
            "e2808d86-0c8a-40c5-bc14-b04ce460129f",
            "d92ff0b7-84bc-4563-ac88-8e5705f3bddb",
            "612e7fff-c7e4-472d-81a4-9c73ee94d9f3",
            "c4d23526-8418-4302-8492-97711c43e814",
            "2f62ecd8-d9fa-43f6-bae7-6c347914c1c3"
          ]
        }
      ],
      "Page": 1
    },
    {
      "BlockType": "LINE",
      "Confidence": 99.92884063720703,
      "Text": "Sample",
      "Geometry": {
        "BoundingBox": {
          "Width": 0.0583551749587059,
          "Height": 0.03327929601073265,
          "Left": 0.1853419542312622,
          "Top": 0.3555005192756653
        },
        "Polygon": [
          {
            "X": 0.1853419542312622,
            "Y": 0.3555005192756653
          },
          {
            "X": 0.24357202649116516,
            "Y": 0.3555316627025604
          },
          {
            "X": 0.2436971366405487,
            "Y": 0.38877978920936584
          },
          {
            "X": 0.18545468151569366,
            "Y": 0.38875651359558105
          }
        ]
      },
      "Id": "ab468d0f-b506-4b37-86ba-cfc2d1c906fa",
      "Relationships": [
        {
          "Type": "CHILD",
          "Ids": [
            "42a44902-958d-45bf-b8b8-56afaf3a777e"
          ]
        }
      ],
      "Page": 1
    },
    {
      "BlockType": "LINE",
      "Confidence": 97.08961486816406,
      "Text": "C (at%)",
      "Geometry": {
        "BoundingBox": {
          "Width": 0.06240317225456238,
          "Height": 0.03188709169626236,
          "Left": 0.31694692373275757,
          "Top": 0.3547799289226532
        },
        "Polygon": [
          {
            "X": 0.31694692373275757,
            "Y": 0.3547799289226532
          },
          {
            "X": 0.37920254468917847,
            "Y": 0.35481342673301697
          },
          {
            "X": 0.37935009598731995,
            "Y": 0.38666701316833496
          },
          {
            "X": 0.3170817792415619,
            "Y": 0.38664156198501587
          }
        ]
      },
      "Id": "2eb08394-4d4b-48ad-a6fb-b5ef1c053f23",
      "Relationships": [
        {
          "Type": "CHILD",
          "Ids": [
            "21e0e704-c826-4397-a07a-03223bf33a10",
            "4bb4ed34-8ad9-4915-9067-ebfe8df88684"
          ]
        }
      ],
      "Page": 1
    },
    {
      "BlockType": "LINE",
      "Confidence": 81.30523681640625,
      "Text": "o (at%)",
      "Geometry": {
        "BoundingBox": {
          "Width": 0.0646546483039856,
          "Height": 0.03196483477950096,
          "Left": 0.44754931330680847,
          "Top": 0.35471346974372864
        },
        "Polygon": [
          {
            "X": 0.44754931330680847,
            "Y": 0.35471346974372864
          },
          {
            "X": 0.5120288729667664,
            "Y": 0.3547482192516327
          },
          {
            "X": 0.5122039318084717,
            "Y": 0.3866783082485199
          },
          {
            "X": 0.4477112591266632,
            "Y": 0.3866519331932068
          }
        ]
      },
      "Id": "68de3ba1-5804-4036-be16-72bd96b32dc3",
      "Relationships": [
        {
          "Type": "CHILD",
          "Ids": [
            "5f0ded11-85e9-437f-8fb1-4222533679f3",
            "bd2c32af-0205-4524-b5d9-2006eea5f491"
          ]
        }
      ],
      "Page": 1
    },
    {
      "BlockType": "LINE",
      "Confidence": 98.92936706542969,
      "Text": "N (at%)",
      "Geometry": {
        "BoundingBox": {
          "Width": 0.0633225217461586,
          "Height": 0.0315011627972126,
          "Left": 0.5781463384628296,
          "Top": 0.3547993302345276
        },
        "Polygon": [
          {
            "X": 0.5781463384628296,
            "Y": 0.3547993302345276
          },
          {
            "X": 0.6412702798843384,
            "Y": 0.35483333468437195
          },
          {
            "X": 0.64146888256073,
            "Y": 0.3863005042076111
          },
          {
            "X": 0.5783323049545288,
            "Y": 0.3862745761871338
          }
        ]
      },
      "Id": "503a22b8-5364-4cce-bca8-5a84863290d3",
      "Relationships": [
        {
          "Type": "CHILD",
          "Ids": [
            "e555cdc7-f01b-4a5d-a2a9-073a2f36bbeb",
            "4dcf24a3-d206-4842-b3cf-0db56ed20e06"
          ]
        }
      ],
      "Page": 1
    },
    {
      "BlockType": "LINE",
      "Confidence": 98.72949981689453,
      "Text": "P (at%)",
      "Geometry": {
        "BoundingBox": {
          "Width": 0.06055713817477226,
          "Height": 0.031493425369262695,
          "Left": 0.7085723876953125,
          "Top": 0.35492628812789917
        },
        "Polygon": [
          {
            "X": 0.7085723876953125,
            "Y": 0.35492628812789917
          },
          {
            "X": 0.7689052224159241,
            "Y": 0.35495880246162415
          },
          {
            "X": 0.7691295146942139,
            "Y": 0.38641971349716187
          },
          {
            "X": 0.7087845802307129,
            "Y": 0.3863949477672577
          }
        ]
      },
      "Id": "9823929c-f396-4c3c-9739-1afe626032a4",
      "Relationships": [
        {
          "Type": "CHILD",
          "Ids": [
            "98164213-b379-4cb0-af92-ef8fde596969",
            "c31d95b2-3868-4825-bdf7-1d8f77a657e4"
          ]
        }
      ],
      "Page": 1
    },
    {
      "BlockType": "LINE",
      "Confidence": 99.85289764404297,
      "Text": "GO",
      "Geometry": {
        "BoundingBox": {
          "Width": 0.02514091320335865,
          "Height": 0.025009043514728546,
          "Left": 0.1856444925069809,
          "Top": 0.42786040902137756
        },
        "Polygon": [
          {
            "X": 0.1856444925069809,
            "Y": 0.42786040902137756
          },
          {
            "X": 0.21069663763046265,
            "Y": 0.4278664290904999
          },
          {
            "X": 0.2107854038476944,
            "Y": 0.4528694450855255
          },
          {
            "X": 0.1857292652130127,
            "Y": 0.45286595821380615
          }
        ]
      },
      "Id": "d7e2e21e-7300-44b6-8c9e-eb5935b8d479",
      "Relationships": [
        {
          "Type": "CHILD",
          "Ids": [
            "9727c67d-82aa-4708-aefd-c9b3fa2ee310"
          ]
        }
      ],
      "Page": 1
    },
    {
      "BlockType": "LINE",
      "Confidence": 99.95873260498047,
      "Text": "68.9",
      "Geometry": {
        "BoundingBox": {
          "Width": 0.031760040670633316,
          "Height": 0.02636907249689102,
          "Left": 0.31642353534698486,
          "Top": 0.4270082414150238
        },
        "Polygon": [
          {
            "X": 0.31642353534698486,
            "Y": 0.4270082414150238
          },
          {
            "X": 0.3480667769908905,
            "Y": 0.4270159900188446
          },
          {
            "X": 0.3481835722923279,
            "Y": 0.4533773362636566
          },
          {
            "X": 0.31653499603271484,
            "Y": 0.453372985124588
          }
        ]
      },
      "Id": "c3436ccf-d87e-4a8b-8e30-fceb6db9dd46",
      "Relationships": [
        {
          "Type": "CHILD",
          "Ids": [
            "c705748f-a1c8-4bcf-a1c2-c3ef52afc023"
          ]
        }
      ],
      "Page": 1
    },
    {
      "BlockType": "LINE",
      "Confidence": 99.77837371826172,
      "Text": "31.1",
      "Geometry": {
        "BoundingBox": {
          "Width": 0.03006483055651188,
          "Height": 0.02576279453933239,
          "Left": 0.4473685026168823,
          "Top": 0.4273429214954376
        },
        "Polygon": [
          {
            "X": 0.4473685026168823,
            "Y": 0.4273429214954376
          },
          {
            "X": 0.47729790210723877,
            "Y": 0.4273501932621002
          },
          {
            "X": 0.47743332386016846,
            "Y": 0.45310571789741516
          },
          {
            "X": 0.44749900698661804,
            "Y": 0.45310157537460327
          }
        ]
      },
      "Id": "ceb8e657-8bdc-49fe-8ecb-cab6070f43a9",
      "Relationships": [
        {
          "Type": "CHILD",
          "Ids": [
            "9fba76db-838d-4a2e-878b-36bd35a2ffeb"
          ]
        }
      ],
      "Page": 1
    },
    {
      "BlockType": "LINE",
      "Confidence": 99.51290893554688,
      "Text": "-",
      "Geometry": {
        "BoundingBox": {
          "Width": 0.0054388754069805145,
          "Height": 0.004494845867156982,
          "Left": 0.5784346461296082,
          "Top": 0.441453754901886
        },
        "Polygon": [
          {
            "X": 0.5784346461296082,
            "Y": 0.441453754901886
          },
          {
            "X": 0.5838468074798584,
            "Y": 0.44145476818084717
          },
          {
            "X": 0.5838735103607178,
            "Y": 0.44594860076904297
          },
          {
            "X": 0.5784611701965332,
            "Y": 0.44594767689704895
          }
        ]
      },
      "Id": "58fdbe25-4fa7-4ec0-b33d-2b17f43f7f11",
      "Relationships": [
        {
          "Type": "CHILD",
          "Ids": [
            "9502c0ef-885d-45d0-84b8-c01640495adf"
          ]
        }
      ],
      "Page": 1
    },
    {
      "BlockType": "LINE",
      "Confidence": 99.39934539794922,
      "Text": "-",
      "Geometry": {
        "BoundingBox": {
          "Width": 0.005472398828715086,
          "Height": 0.0040701585821807384,
          "Left": 0.7090986371040344,
          "Top": 0.4418000876903534
        },
        "Polygon": [
          {
            "X": 0.7090986371040344,
            "Y": 0.4418000876903534
          },
          {
            "X": 0.7145434617996216,
            "Y": 0.4418010711669922
          },
          {
            "X": 0.7145710587501526,
            "Y": 0.44587022066116333
          },
          {
            "X": 0.7091261148452759,
            "Y": 0.4458693265914917
          }
        ]
      },
      "Id": "35ea9fde-66b7-4f0f-8606-2207fb74a2ff",
      "Relationships": [
        {
          "Type": "CHILD",
          "Ids": [
            "fd970db7-82d6-4bb4-a75a-af8a8fa5caac"
          ]
        }
      ],
      "Page": 1
    },
    {
      "BlockType": "LINE",
      "Confidence": 99.19342803955078,
      "Text": "rGO",
      "Geometry": {
        "BoundingBox": {
          "Width": 0.03252890706062317,
          "Height": 0.025841711089015007,
          "Left": 0.18522144854068756,
          "Top": 0.49473893642425537
        },
        "Polygon": [
          {
            "X": 0.18522144854068756,
            "Y": 0.49473994970321655
          },
          {
            "X": 0.21765750646591187,
            "Y": 0.49473893642425537
          },
          {
            "X": 0.21775035560131073,
            "Y": 0.5205762386322021
          },
          {
            "X": 0.18530893325805664,
            "Y": 0.5205806493759155
          }
        ]
      },
      "Id": "2b43d209-5d81-4b99-81b2-4066cf83eb91",
      "Relationships": [
        {
          "Type": "CHILD",
          "Ids": [
            "cbc66493-315e-4117-8f95-89080c0f5aeb"
          ]
        }
      ],
      "Page": 1
    },
    {
      "BlockType": "LINE",
      "Confidence": 99.95128631591797,
      "Text": "74.0",
      "Geometry": {
        "BoundingBox": {
          "Width": 0.03244250267744064,
          "Height": 0.025849081575870514,
          "Left": 0.3162117004394531,
          "Top": 0.4949016869068146
        },
        "Polygon": [
          {
            "X": 0.3162117004394531,
            "Y": 0.49490270018577576
          },
          {
            "X": 0.34853965044021606,
            "Y": 0.4949016869068146
          },
          {
            "X": 0.34865421056747437,
            "Y": 0.5207463502883911
          },
          {
            "X": 0.31632089614868164,
            "Y": 0.5207507610321045
          }
        ]
      },
      "Id": "92012e40-31f1-4922-ba17-97c2e7e87ce6",
      "Relationships": [
        {
          "Type": "CHILD",
          "Ids": [
            "a003a95b-bb80-4233-87bc-49e45c705dbc"
          ]
        }
      ],
      "Page": 1
    },
    {
      "BlockType": "LINE",
      "Confidence": 99.28803253173828,
      "Text": "18.4",
      "Geometry": {
        "BoundingBox": {
          "Width": 0.03049059957265854,
          "Height": 0.025757787749171257,
          "Left": 0.4490852355957031,
          "Top": 0.49491071701049805
        },
        "Polygon": [
          {
            "X": 0.4490852355957031,
            "Y": 0.49491167068481445
          },
          {
            "X": 0.4794401228427887,
            "Y": 0.49491071701049805
          },
          {
            "X": 0.47957584261894226,
            "Y": 0.520664393901825
          },
          {
            "X": 0.44921594858169556,
            "Y": 0.5206685066223145
          }
        ]
      },
      "Id": "ddac1e0c-a447-43fd-8287-b66591ed011c",
      "Relationships": [
        {
          "Type": "CHILD",
          "Ids": [
            "50df37e0-c9b5-42ce-9eb4-813481d5ecad"
          ]
        }
      ],
      "Page": 1
    },
    {
      "BlockType": "LINE",
      "Confidence": 99.91014862060547,
      "Text": "7.6",
      "Geometry": {
        "BoundingBox": {
          "Width": 0.0230700746178627,
          "Height": 0.025997767224907875,
          "Left": 0.5780186653137207,
          "Top": 0.4947538673877716
        },
        "Polygon": [
          {
            "X": 0.5780186653137207,
            "Y": 0.4947545528411865
          },
          {
            "X": 0.6009315252304077,
            "Y": 0.4947538673877716
          },
          {
            "X": 0.6010887622833252,
            "Y": 0.520748496055603
          },
          {
            "X": 0.5781720876693726,
            "Y": 0.5207515954971313
          }
        ]
      },
      "Id": "40e926b6-8d28-4223-966e-7f7c944396c1",
      "Relationships": [
        {
          "Type": "CHILD",
          "Ids": [
            "deb172ed-7a52-4950-8808-6098cfb48cf6"
          ]
        }
      ],
      "Page": 1
    },
    {
      "BlockType": "LINE",
      "Confidence": 99.52779388427734,
      "Text": "-",
      "Geometry": {
        "BoundingBox": {
          "Width": 0.005568970460444689,
          "Height": 0.004524046089500189,
          "Left": 0.7090015411376953,
          "Top": 0.5090860724449158
        },
        "Polygon": [
          {
            "X": 0.7090015411376953,
            "Y": 0.5090866088867188
          },
          {
            "X": 0.7145398855209351,
            "Y": 0.5090860724449158
          },
          {
            "X": 0.7145705223083496,
            "Y": 0.5136095285415649
          },
          {
            "X": 0.7090319991111755,
            "Y": 0.5136101245880127
          }
        ]
      },
      "Id": "00f615f3-84ad-4fae-b06f-a4e89fc82ed7",
      "Relationships": [
        {
          "Type": "CHILD",
          "Ids": [
            "978cfba8-faf9-4e02-88d3-83128beed409"
          ]
        }
      ],
      "Page": 1
    },
    {
      "BlockType": "LINE",
      "Confidence": 98.66988372802734,
      "Text": "PD-rGO5",
      "Geometry": {
        "BoundingBox": {
          "Width": 0.07145852595567703,
          "Height": 0.025669364258646965,
          "Left": 0.18505412340164185,
          "Top": 0.5627074241638184
        },
        "Polygon": [
          {
            "X": 0.18505412340164185,
            "Y": 0.5627293586730957
          },
          {
            "X": 0.25641417503356934,
            "Y": 0.5627074241638184
          },
          {
            "X": 0.2565126419067383,
            "Y": 0.5883474946022034
          },
          {
            "X": 0.18514089286327362,
            "Y": 0.5883768200874329
          }
        ]
      },
      "Id": "38a1a0e2-5739-410f-ae25-678c1079036b",
      "Relationships": [
        {
          "Type": "CHILD",
          "Ids": [
            "44690712-4842-4e92-bb8e-6ccf88a4e5de"
          ]
        }
      ],
      "Page": 1
    },
    {
      "BlockType": "LINE",
      "Confidence": 99.96332550048828,
      "Text": "77.2",
      "Geometry": {
        "BoundingBox": {
          "Width": 0.03190316632390022,
          "Height": 0.025261208415031433,
          "Left": 0.31632331013679504,
          "Top": 0.5626901984214783
        },
        "Polygon": [
          {
            "X": 0.31632331013679504,
            "Y": 0.5626999735832214
          },
          {
            "X": 0.3481146991252899,
            "Y": 0.5626901984214783
          },
          {
            "X": 0.34822648763656616,
            "Y": 0.5879384279251099
          },
          {
            "X": 0.3164299726486206,
            "Y": 0.5879514217376709
          }
        ]
      },
      "Id": "c92c817b-7338-4d55-b6af-27e5189295fe",
      "Relationships": [
        {
          "Type": "CHILD",
          "Ids": [
            "b275c078-73f8-4101-9a3b-4685e8d01499"
          ]
        }
      ],
      "Page": 1
    },
    {
      "BlockType": "LINE",
      "Confidence": 99.76803588867188,
      "Text": "11.3",
      "Geometry": {
        "BoundingBox": {
          "Width": 0.028859969228506088,
          "Height": 0.02586197294294834,
          "Left": 0.4489007294178009,
          "Top": 0.5623894333839417
        },
        "Polygon": [
          {
            "X": 0.4489007294178009,
            "Y": 0.5623982548713684
          },
          {
            "X": 0.4776248335838318,
            "Y": 0.5623894333839417
          },
          {
            "X": 0.4777607023715973,
            "Y": 0.5882396101951599
          },
          {
            "X": 0.44903185963630676,
            "Y": 0.5882514119148254
          }
        ]
      },
      "Id": "84d81e5f-bfa3-4e8a-a848-35699918fa79",
      "Relationships": [
        {
          "Type": "CHILD",
          "Ids": [
            "0c136783-7db0-48cc-84cf-8fb4ca07c189"
          ]
        }
      ],
      "Page": 1
    },
    {
      "BlockType": "LINE",
      "Confidence": 99.93668365478516,
      "Text": "5.9",
      "Geometry": {
        "BoundingBox": {
          "Width": 0.022710401564836502,
          "Height": 0.02616121619939804,
          "Left": 0.578087568283081,
          "Top": 0.5622737407684326
        },
        "Polygon": [
          {
            "X": 0.578087568283081,
            "Y": 0.5622805953025818
          },
          {
            "X": 0.6006399393081665,
            "Y": 0.5622737407684326
          },
          {
            "X": 0.6007980108261108,
            "Y": 0.5884256362915039
          },
          {
            "X": 0.5782418847084045,
            "Y": 0.5884349346160889
          }
        ]
      },
      "Id": "5a6a18ec-9981-4244-8569-878bfe4c1ae4",
      "Relationships": [
        {
          "Type": "CHILD",
          "Ids": [
            "36fa3ed7-54cb-46bb-99da-bf0e86611972"
          ]
        }
      ],
      "Page": 1
    },
    {
      "BlockType": "LINE",
      "Confidence": 99.87869262695312,
      "Text": "5.6",
      "Geometry": {
        "BoundingBox": {
          "Width": 0.02361765131354332,
          "Height": 0.026511965319514275,
          "Left": 0.7084332704544067,
          "Top": 0.5618026256561279
        },
        "Polygon": [
          {
            "X": 0.7084332704544067,
            "Y": 0.5618097186088562
          },
          {
            "X": 0.7318685054779053,
            "Y": 0.5618026256561279
          },
          {
            "X": 0.7320509552955627,
            "Y": 0.5883049368858337
          },
          {
            "X": 0.708611786365509,
            "Y": 0.5883145928382874
          }
        ]
      },
      "Id": "aad98b9a-524d-4544-b193-1884dd89fd95",
      "Relationships": [
        {
          "Type": "CHILD",
          "Ids": [
            "fbe8bf24-9453-4b5b-86dc-574144e289fa"
          ]
        }
      ],
      "Page": 1
    },
    {
      "BlockType": "LINE",
      "Confidence": 95.04564666748047,
      "Text": "PD-rGO10",
      "Geometry": {
        "BoundingBox": {
          "Width": 0.08138468116521835,
          "Height": 0.02549225650727749,
          "Left": 0.18510529398918152,
          "Top": 0.6304780840873718
        },
        "Polygon": [
          {
            "X": 0.18510529398918152,
            "Y": 0.6305254101753235
          },
          {
            "X": 0.26639071106910706,
            "Y": 0.6304780840873718
          },
          {
            "X": 0.26648998260498047,
            "Y": 0.6559146046638489
          },
          {
            "X": 0.18519136309623718,
            "Y": 0.6559703350067139
          }
        ]
      },
      "Id": "856fec56-d451-4aab-96e3-58616170c4ce",
      "Relationships": [
        {
          "Type": "CHILD",
          "Ids": [
            "af6b91c8-6d41-448e-8657-9fff022cb740"
          ]
        }
      ],
      "Page": 1
    },
    {
      "BlockType": "LINE",
      "Confidence": 99.81893157958984,
      "Text": "76.9",
      "Geometry": {
        "BoundingBox": {
          "Width": 0.031697746366262436,
          "Height": 0.02618006244301796,
          "Left": 0.3163204789161682,
          "Top": 0.6298838257789612
        },
        "Polygon": [
          {
            "X": 0.3163204789161682,
            "Y": 0.629902184009552
          },
          {
            "X": 0.3479025065898895,
            "Y": 0.6298838257789612
          },
          {
            "X": 0.34801822900772095,
            "Y": 0.656042218208313
          },
          {
            "X": 0.316430926322937,
            "Y": 0.6560639142990112
          }
        ]
      },
      "Id": "e2808d86-0c8a-40c5-bc14-b04ce460129f",
      "Relationships": [
        {
          "Type": "CHILD",
          "Ids": [
            "0eeb893e-1374-4773-bb75-59f6436d4d65"
          ]
        }
      ],
      "Page": 1
    },
    {
      "BlockType": "LINE",
      "Confidence": 99.89492797851562,
      "Text": "11.7",
      "Geometry": {
        "BoundingBox": {
          "Width": 0.029920868575572968,
          "Height": 0.025784365832805634,
          "Left": 0.44855841994285583,
          "Top": 0.6300273537635803
        },
        "Polygon": [
          {
            "X": 0.44855841994285583,
            "Y": 0.6300446391105652
          },
          {
            "X": 0.47834381461143494,
            "Y": 0.6300273537635803
          },
          {
            "X": 0.4784792959690094,
            "Y": 0.6557912826538086
          },
          {
            "X": 0.4486890137195587,
            "Y": 0.6558116674423218
          }
        ]
      },
      "Id": "d92ff0b7-84bc-4563-ac88-8e5705f3bddb",
      "Relationships": [
        {
          "Type": "CHILD",
          "Ids": [
            "ec00ba0f-4a7b-4379-9a52-af4a6f41745a"
          ]
        }
      ],
      "Page": 1
    },
    {
      "BlockType": "LINE",
      "Confidence": 99.95001220703125,
      "Text": "6.0",
      "Geometry": {
        "BoundingBox": {
          "Width": 0.02304493449628353,
          "Height": 0.026347098872065544,
          "Left": 0.5781785249710083,
          "Top": 0.6296506524085999
        },
        "Polygon": [
          {
            "X": 0.5781785249710083,
            "Y": 0.62966388463974
          },
          {
            "X": 0.6010643243789673,
            "Y": 0.6296506524085999
          },
          {
            "X": 0.6012234687805176,
            "Y": 0.6559820175170898
          },
          {
            "X": 0.5783337950706482,
            "Y": 0.6559977531433105
          }
        ]
      },
      "Id": "612e7fff-c7e4-472d-81a4-9c73ee94d9f3",
      "Relationships": [
        {
          "Type": "CHILD",
          "Ids": [
            "7bec0732-53dc-4b6d-a537-f9bb0d4d7468"
          ]
        }
      ],
      "Page": 1
    },
    {
      "BlockType": "LINE",
      "Confidence": 99.34941101074219,
      "Text": "5.4",
      "Geometry": {
        "BoundingBox": {
          "Width": 0.023215701803565025,
          "Height": 0.02561168745160103,
          "Left": 0.7087070941925049,
          "Top": 0.6301852464675903
        },
        "Polygon": [
          {
            "X": 0.7087070941925049,
            "Y": 0.6301986575126648
          },
          {
            "X": 0.7317467331886292,
            "Y": 0.6301852464675903
          },
          {
            "X": 0.7319228053092957,
            "Y": 0.6557811498641968
          },
          {
            "X": 0.7088794708251953,
            "Y": 0.6557969450950623
          }
        ]
      },
      "Id": "c4d23526-8418-4302-8492-97711c43e814",
      "Relationships": [
        {
          "Type": "CHILD",
          "Ids": [
            "1ecba910-4d3a-4eab-b05c-8e072a586e02"
          ]
        }
      ],
      "Page": 1
    },
    {
      "BlockType": "WORD",
      "Confidence": 99.92884063720703,
      "Text": "Sample",
      "TextType": "PRINTED",
      "Geometry": {
        "BoundingBox": {
          "Width": 0.0583551749587059,
          "Height": 0.03327929601073265,
          "Left": 0.1853419542312622,
          "Top": 0.3555005192756653
        },
        "Polygon": [
          {
            "X": 0.1853419542312622,
            "Y": 0.3555005192756653
          },
          {
            "X": 0.24357202649116516,
            "Y": 0.3555316627025604
          },
          {
            "X": 0.2436971366405487,
            "Y": 0.38877978920936584
          },
          {
            "X": 0.18545468151569366,
            "Y": 0.38875651359558105
          }
        ]
      },
      "Id": "42a44902-958d-45bf-b8b8-56afaf3a777e",
      "Page": 1
    },
    {
      "BlockType": "WORD",
      "Confidence": 95.7123794555664,
      "Text": "C",
      "TextType": "PRINTED",
      "Geometry": {
        "BoundingBox": {
          "Width": 0.012549464590847492,
          "Height": 0.026169806718826294,
          "Left": 0.31694716215133667,
          "Top": 0.35483667254447937
        },
        "Polygon": [
          {
            "X": 0.31694716215133667,
            "Y": 0.35483667254447937
          },
          {
            "X": 0.3293837904930115,
            "Y": 0.3548433482646942
          },
          {
            "X": 0.3294966220855713,
            "Y": 0.38100647926330566
          },
          {
            "X": 0.31705790758132935,
            "Y": 0.3810011148452759
          }
        ]
      },
      "Id": "21e0e704-c826-4397-a07a-03223bf33a10",
      "Page": 1
    },
    {
      "BlockType": "WORD",
      "Confidence": 98.46684265136719,
      "Text": "(at%)",
      "TextType": "PRINTED",
      "Geometry": {
        "BoundingBox": {
          "Width": 0.04516961798071861,
          "Height": 0.03187781572341919,
          "Left": 0.33418047428131104,
          "Top": 0.35478919744491577
        },
        "Polygon": [
          {
            "X": 0.33418047428131104,
            "Y": 0.35478919744491577
          },
          {
            "X": 0.37920254468917847,
            "Y": 0.35481342673301697
          },
          {
            "X": 0.37935009598731995,
            "Y": 0.38666701316833496
          },
          {
            "X": 0.3343188464641571,
            "Y": 0.38664859533309937
          }
        ]
      },
      "Id": "4bb4ed34-8ad9-4915-9067-ebfe8df88684",
      "Page": 1
    },
    {
      "BlockType": "WORD",
      "Confidence": 64.07007598876953,
      "Text": "o",
      "TextType": "PRINTED",
      "Geometry": {
        "BoundingBox": {
          "Width": 0.01351841539144516,
          "Height": 0.027275389060378075,
          "Left": 0.4475495219230652,
          "Top": 0.3547533452510834
        },
        "Polygon": [
          {
            "X": 0.4475495219230652,
            "Y": 0.3547533452510834
          },
          {
            "X": 0.4609273374080658,
            "Y": 0.3547605574131012
          },
          {
            "X": 0.46106791496276855,
            "Y": 0.382028728723526
          },
          {
            "X": 0.4476877748966217,
            "Y": 0.38202300667762756
          }
        ]
      },
      "Id": "5f0ded11-85e9-437f-8fb1-4222533679f3",
      "Page": 1
    },
    {
      "BlockType": "WORD",
      "Confidence": 98.54039764404297,
      "Text": "(at%)",
      "TextType": "PRINTED",
      "Geometry": {
        "BoundingBox": {
          "Width": 0.04548691585659981,
          "Height": 0.031954504549503326,
          "Left": 0.46671703457832336,
          "Top": 0.35472381114959717
        },
        "Polygon": [
          {
            "X": 0.46671703457832336,
            "Y": 0.35472381114959717
          },
          {
            "X": 0.5120288729667664,
            "Y": 0.3547482192516327
          },
          {
            "X": 0.5122039318084717,
            "Y": 0.3866783082485199
          },
          {
            "X": 0.4668828845024109,
            "Y": 0.38665977120399475
          }
        ]
      },
      "Id": "bd2c32af-0205-4524-b5d9-2006eea5f491",
      "Page": 1
    },
    {
      "BlockType": "WORD",
      "Confidence": 99.91471862792969,
      "Text": "N",
      "TextType": "PRINTED",
      "Geometry": {
        "BoundingBox": {
          "Width": 0.013204279355704784,
          "Height": 0.025916988030076027,
          "Left": 0.578149139881134,
          "Top": 0.35527077317237854
        },
        "Polygon": [
          {
            "X": 0.578149139881134,
            "Y": 0.35527077317237854
          },
          {
            "X": 0.591198205947876,
            "Y": 0.35527777671813965
          },
          {
            "X": 0.5913534164428711,
            "Y": 0.38118776679039
          },
          {
            "X": 0.5783022046089172,
            "Y": 0.38118213415145874
          }
        ]
      },
      "Id": "e555cdc7-f01b-4a5d-a2a9-073a2f36bbeb",
      "Page": 1
    },
    {
      "BlockType": "WORD",
      "Confidence": 97.94402313232422,
      "Text": "(at%)",
      "TextType": "PRINTED",
      "Geometry": {
        "BoundingBox": {
          "Width": 0.04489151015877724,
          "Height": 0.0314912311732769,
          "Left": 0.5965773463249207,
          "Top": 0.3548092544078827
        },
        "Polygon": [
          {
            "X": 0.5965773463249207,
            "Y": 0.3548092544078827
          },
          {
            "X": 0.6412702798843384,
            "Y": 0.35483333468437195
          },
          {
            "X": 0.64146888256073,
            "Y": 0.3863005042076111
          },
          {
            "X": 0.596767008304596,
            "Y": 0.38628214597702026
          }
        ]
      },
      "Id": "4dcf24a3-d206-4842-b3cf-0db56ed20e06",
      "Page": 1
    },
    {
      "BlockType": "WORD",
      "Confidence": 99.59526062011719,
      "Text": "P",
      "TextType": "PRINTED",
      "Geometry": {
        "BoundingBox": {
          "Width": 0.011597095988690853,
          "Height": 0.025830240920186043,
          "Left": 0.7085745334625244,
          "Top": 0.3552446961402893
        },
        "Polygon": [
          {
            "X": 0.7085745334625244,
            "Y": 0.3552446961402893
          },
          {
            "X": 0.7199956178665161,
            "Y": 0.35525083541870117
          },
          {
            "X": 0.7201716303825378,
            "Y": 0.3810749351978302
          },
          {
            "X": 0.7087486982345581,
            "Y": 0.38107001781463623
          }
        ]
      },
      "Id": "98164213-b379-4cb0-af92-ef8fde596969",
      "Page": 1
    },
    {
      "BlockType": "WORD",
      "Confidence": 97.8637466430664,
      "Text": "(at%)",
      "TextType": "PRINTED",
      "Geometry": {
        "BoundingBox": {
          "Width": 0.045057132840156555,
          "Height": 0.03148507699370384,
          "Left": 0.7240723967552185,
          "Top": 0.3549346625804901
        },
        "Polygon": [
          {
            "X": 0.7240723967552185,
            "Y": 0.3549346625804901
          },
          {
            "X": 0.7689052224159241,
            "Y": 0.35495880246162415
          },
          {
            "X": 0.7691295146942139,
            "Y": 0.38641971349716187
          },
          {
            "X": 0.7242876887321472,
            "Y": 0.38640132546424866
          }
        ]
      },
      "Id": "c31d95b2-3868-4825-bdf7-1d8f77a657e4",
      "Page": 1
    },
    {
      "BlockType": "WORD",
      "Confidence": 99.85289764404297,
      "Text": "GO",
      "TextType": "PRINTED",
      "Geometry": {
        "BoundingBox": {
          "Width": 0.02514091320335865,
          "Height": 0.025009043514728546,
          "Left": 0.1856444925069809,
          "Top": 0.42786040902137756
        },
        "Polygon": [
          {
            "X": 0.1856444925069809,
            "Y": 0.42786040902137756
          },
          {
            "X": 0.21069663763046265,
            "Y": 0.4278664290904999
          },
          {
            "X": 0.2107854038476944,
            "Y": 0.4528694450855255
          },
          {
            "X": 0.1857292652130127,
            "Y": 0.45286595821380615
          }
        ]
      },
      "Id": "9727c67d-82aa-4708-aefd-c9b3fa2ee310",
      "Page": 1
    },
    {
      "BlockType": "WORD",
      "Confidence": 99.95873260498047,
      "Text": "68.9",
      "TextType": "PRINTED",
      "Geometry": {
        "BoundingBox": {
          "Width": 0.031760040670633316,
          "Height": 0.02636907249689102,
          "Left": 0.31642353534698486,
          "Top": 0.4270082414150238
        },
        "Polygon": [
          {
            "X": 0.31642353534698486,
            "Y": 0.4270082414150238
          },
          {
            "X": 0.3480667769908905,
            "Y": 0.4270159900188446
          },
          {
            "X": 0.3481835722923279,
            "Y": 0.4533773362636566
          },
          {
            "X": 0.31653499603271484,
            "Y": 0.453372985124588
          }
        ]
      },
      "Id": "c705748f-a1c8-4bcf-a1c2-c3ef52afc023",
      "Page": 1
    },
    {
      "BlockType": "WORD",
      "Confidence": 99.77837371826172,
      "Text": "31.1",
      "TextType": "PRINTED",
      "Geometry": {
        "BoundingBox": {
          "Width": 0.03006483055651188,
          "Height": 0.02576279453933239,
          "Left": 0.4473685026168823,
          "Top": 0.4273429214954376
        },
        "Polygon": [
          {
            "X": 0.4473685026168823,
            "Y": 0.4273429214954376
          },
          {
            "X": 0.47729790210723877,
            "Y": 0.4273501932621002
          },
          {
            "X": 0.47743332386016846,
            "Y": 0.45310571789741516
          },
          {
            "X": 0.44749900698661804,
            "Y": 0.45310157537460327
          }
        ]
      },
      "Id": "9fba76db-838d-4a2e-878b-36bd35a2ffeb",
      "Page": 1
    },
    {
      "BlockType": "WORD",
      "Confidence": 99.51290893554688,
      "Text": "-",
      "TextType": "PRINTED",
      "Geometry": {
        "BoundingBox": {
          "Width": 0.0054388754069805145,
          "Height": 0.004494845867156982,
          "Left": 0.5784346461296082,
          "Top": 0.441453754901886
        },
        "Polygon": [
          {
            "X": 0.5784346461296082,
            "Y": 0.441453754901886
          },
          {
            "X": 0.5838468074798584,
            "Y": 0.44145476818084717
          },
          {
            "X": 0.5838735103607178,
            "Y": 0.44594860076904297
          },
          {
            "X": 0.5784611701965332,
            "Y": 0.44594767689704895
          }
        ]
      },
      "Id": "9502c0ef-885d-45d0-84b8-c01640495adf",
      "Page": 1
    },
    {
      "BlockType": "WORD",
      "Confidence": 99.39934539794922,
      "Text": "-",
      "TextType": "PRINTED",
      "Geometry": {
        "BoundingBox": {
          "Width": 0.005472398828715086,
          "Height": 0.0040701585821807384,
          "Left": 0.7090986371040344,
          "Top": 0.4418000876903534
        },
        "Polygon": [
          {
            "X": 0.7090986371040344,
            "Y": 0.4418000876903534
          },
          {
            "X": 0.7145434617996216,
            "Y": 0.4418010711669922
          },
          {
            "X": 0.7145710587501526,
            "Y": 0.44587022066116333
          },
          {
            "X": 0.7091261148452759,
            "Y": 0.4458693265914917
          }
        ]
      },
      "Id": "fd970db7-82d6-4bb4-a75a-af8a8fa5caac",
      "Page": 1
    },
    {
      "BlockType": "WORD",
      "Confidence": 99.19342803955078,
      "Text": "rGO",
      "TextType": "PRINTED",
      "Geometry": {
        "BoundingBox": {
          "Width": 0.03252890706062317,
          "Height": 0.025841711089015007,
          "Left": 0.18522144854068756,
          "Top": 0.49473893642425537
        },
        "Polygon": [
          {
            "X": 0.18522144854068756,
            "Y": 0.49473994970321655
          },
          {
            "X": 0.21765750646591187,
            "Y": 0.49473893642425537
          },
          {
            "X": 0.21775035560131073,
            "Y": 0.5205762386322021
          },
          {
            "X": 0.18530893325805664,
            "Y": 0.5205806493759155
          }
        ]
      },
      "Id": "cbc66493-315e-4117-8f95-89080c0f5aeb",
      "Page": 1
    },
    {
      "BlockType": "WORD",
      "Confidence": 99.95128631591797,
      "Text": "74.0",
      "TextType": "PRINTED",
      "Geometry": {
        "BoundingBox": {
          "Width": 0.03244250267744064,
          "Height": 0.025849081575870514,
          "Left": 0.3162117004394531,
          "Top": 0.4949016869068146
        },
        "Polygon": [
          {
            "X": 0.3162117004394531,
            "Y": 0.49490270018577576
          },
          {
            "X": 0.34853965044021606,
            "Y": 0.4949016869068146
          },
          {
            "X": 0.34865421056747437,
            "Y": 0.5207463502883911
          },
          {
            "X": 0.31632089614868164,
            "Y": 0.5207507610321045
          }
        ]
      },
      "Id": "a003a95b-bb80-4233-87bc-49e45c705dbc",
      "Page": 1
    },
    {
      "BlockType": "WORD",
      "Confidence": 99.28803253173828,
      "Text": "18.4",
      "TextType": "PRINTED",
      "Geometry": {
        "BoundingBox": {
          "Width": 0.03049059957265854,
          "Height": 0.025757787749171257,
          "Left": 0.4490852355957031,
          "Top": 0.49491071701049805
        },
        "Polygon": [
          {
            "X": 0.4490852355957031,
            "Y": 0.49491167068481445
          },
          {
            "X": 0.4794401228427887,
            "Y": 0.49491071701049805
          },
          {
            "X": 0.47957584261894226,
            "Y": 0.520664393901825
          },
          {
            "X": 0.44921594858169556,
            "Y": 0.5206685066223145
          }
        ]
      },
      "Id": "50df37e0-c9b5-42ce-9eb4-813481d5ecad",
      "Page": 1
    },
    {
      "BlockType": "WORD",
      "Confidence": 99.91014862060547,
      "Text": "7.6",
      "TextType": "PRINTED",
      "Geometry": {
        "BoundingBox": {
          "Width": 0.0230700746178627,
          "Height": 0.025997767224907875,
          "Left": 0.5780186653137207,
          "Top": 0.4947538673877716
        },
        "Polygon": [
          {
            "X": 0.5780186653137207,
            "Y": 0.4947545528411865
          },
          {
            "X": 0.6009315252304077,
            "Y": 0.4947538673877716
          },
          {
            "X": 0.6010887622833252,
            "Y": 0.520748496055603
          },
          {
            "X": 0.5781720876693726,
            "Y": 0.5207515954971313
          }
        ]
      },
      "Id": "deb172ed-7a52-4950-8808-6098cfb48cf6",
      "Page": 1
    },
    {
      "BlockType": "WORD",
      "Confidence": 99.52779388427734,
      "Text": "-",
      "TextType": "PRINTED",
      "Geometry": {
        "BoundingBox": {
          "Width": 0.005568970460444689,
          "Height": 0.004524046089500189,
          "Left": 0.7090015411376953,
          "Top": 0.5090860724449158
        },
        "Polygon": [
          {
            "X": 0.7090015411376953,
            "Y": 0.5090866088867188
          },
          {
            "X": 0.7145398855209351,
            "Y": 0.5090860724449158
          },
          {
            "X": 0.7145705223083496,
            "Y": 0.5136095285415649
          },
          {
            "X": 0.7090319991111755,
            "Y": 0.5136101245880127
          }
        ]
      },
      "Id": "978cfba8-faf9-4e02-88d3-83128beed409",
      "Page": 1
    },
    {
      "BlockType": "WORD",
      "Confidence": 98.66988372802734,
      "Text": "PD-rGO5",
      "TextType": "PRINTED",
      "Geometry": {
        "BoundingBox": {
          "Width": 0.07145852595567703,
          "Height": 0.025669364258646965,
          "Left": 0.18505412340164185,
          "Top": 0.5627074241638184
        },
        "Polygon": [
          {
            "X": 0.18505412340164185,
            "Y": 0.5627293586730957
          },
          {
            "X": 0.25641417503356934,
            "Y": 0.5627074241638184
          },
          {
            "X": 0.2565126419067383,
            "Y": 0.5883474946022034
          },
          {
            "X": 0.18514089286327362,
            "Y": 0.5883768200874329
          }
        ]
      },
      "Id": "44690712-4842-4e92-bb8e-6ccf88a4e5de",
      "Page": 1
    },
    {
      "BlockType": "WORD",
      "Confidence": 99.96332550048828,
      "Text": "77.2",
      "TextType": "PRINTED",
      "Geometry": {
        "BoundingBox": {
          "Width": 0.03190316632390022,
          "Height": 0.025261208415031433,
          "Left": 0.31632331013679504,
          "Top": 0.5626901984214783
        },
        "Polygon": [
          {
            "X": 0.31632331013679504,
            "Y": 0.5626999735832214
          },
          {
            "X": 0.3481146991252899,
            "Y": 0.5626901984214783
          },
          {
            "X": 0.34822648763656616,
            "Y": 0.5879384279251099
          },
          {
            "X": 0.3164299726486206,
            "Y": 0.5879514217376709
          }
        ]
      },
      "Id": "b275c078-73f8-4101-9a3b-4685e8d01499",
      "Page": 1
    },
    {
      "BlockType": "WORD",
      "Confidence": 99.76803588867188,
      "Text": "11.3",
      "TextType": "PRINTED",
      "Geometry": {
        "BoundingBox": {
          "Width": 0.028859969228506088,
          "Height": 0.02586197294294834,
          "Left": 0.4489007294178009,
          "Top": 0.5623894333839417
        },
        "Polygon": [
          {
            "X": 0.4489007294178009,
            "Y": 0.5623982548713684
          },
          {
            "X": 0.4776248335838318,
            "Y": 0.5623894333839417
          },
          {
            "X": 0.4777607023715973,
            "Y": 0.5882396101951599
          },
          {
            "X": 0.44903185963630676,
            "Y": 0.5882514119148254
          }
        ]
      },
      "Id": "0c136783-7db0-48cc-84cf-8fb4ca07c189",
      "Page": 1
    },
    {
      "BlockType": "WORD",
      "Confidence": 99.93668365478516,
      "Text": "5.9",
      "TextType": "PRINTED",
      "Geometry": {
        "BoundingBox": {
          "Width": 0.022710401564836502,
          "Height": 0.02616121619939804,
          "Left": 0.578087568283081,
          "Top": 0.5622737407684326
        },
        "Polygon": [
          {
            "X": 0.578087568283081,
            "Y": 0.5622805953025818
          },
          {
            "X": 0.6006399393081665,
            "Y": 0.5622737407684326
          },
          {
            "X": 0.6007980108261108,
            "Y": 0.5884256362915039
          },
          {
            "X": 0.5782418847084045,
            "Y": 0.5884349346160889
          }
        ]
      },
      "Id": "36fa3ed7-54cb-46bb-99da-bf0e86611972",
      "Page": 1
    },
    {
      "BlockType": "WORD",
      "Confidence": 99.87869262695312,
      "Text": "5.6",
      "TextType": "PRINTED",
      "Geometry": {
        "BoundingBox": {
          "Width": 0.02361765131354332,
          "Height": 0.026511965319514275,
          "Left": 0.7084332704544067,
          "Top": 0.5618026256561279
        },
        "Polygon": [
          {
            "X": 0.7084332704544067,
            "Y": 0.5618097186088562
          },
          {
            "X": 0.7318685054779053,
            "Y": 0.5618026256561279
          },
          {
            "X": 0.7320509552955627,
            "Y": 0.5883049368858337
          },
          {
            "X": 0.708611786365509,
            "Y": 0.5883145928382874
          }
        ]
      },
      "Id": "fbe8bf24-9453-4b5b-86dc-574144e289fa",
      "Page": 1
    },
    {
      "BlockType": "WORD",
      "Confidence": 95.04564666748047,
      "Text": "PD-rGO10",
      "TextType": "PRINTED",
      "Geometry": {
        "BoundingBox": {
          "Width": 0.08138468116521835,
          "Height": 0.02549225650727749,
          "Left": 0.18510529398918152,
          "Top": 0.6304780840873718
        },
        "Polygon": [
          {
            "X": 0.18510529398918152,
            "Y": 0.6305254101753235
          },
          {
            "X": 0.26639071106910706,
            "Y": 0.6304780840873718
          },
          {
            "X": 0.26648998260498047,
            "Y": 0.6559146046638489
          },
          {
            "X": 0.18519136309623718,
            "Y": 0.6559703350067139
          }
        ]
      },
      "Id": "af6b91c8-6d41-448e-8657-9fff022cb740",
      "Page": 1
    },
    {
      "BlockType": "WORD",
      "Confidence": 99.81893157958984,
      "Text": "76.9",
      "TextType": "PRINTED",
      "Geometry": {
        "BoundingBox": {
          "Width": 0.031697746366262436,
          "Height": 0.02618006244301796,
          "Left": 0.3163204789161682,
          "Top": 0.6298838257789612
        },
        "Polygon": [
          {
            "X": 0.3163204789161682,
            "Y": 0.629902184009552
          },
          {
            "X": 0.3479025065898895,
            "Y": 0.6298838257789612
          },
          {
            "X": 0.34801822900772095,
            "Y": 0.656042218208313
          },
          {
            "X": 0.316430926322937,
            "Y": 0.6560639142990112
          }
        ]
      },
      "Id": "0eeb893e-1374-4773-bb75-59f6436d4d65",
      "Page": 1
    },
    {
      "BlockType": "WORD",
      "Confidence": 99.89492797851562,
      "Text": "11.7",
      "TextType": "PRINTED",
      "Geometry": {
        "BoundingBox": {
          "Width": 0.029920868575572968,
          "Height": 0.025784365832805634,
          "Left": 0.44855841994285583,
          "Top": 0.6300273537635803
        },
        "Polygon": [
          {
            "X": 0.44855841994285583,
            "Y": 0.6300446391105652
          },
          {
            "X": 0.47834381461143494,
            "Y": 0.6300273537635803
          },
          {
            "X": 0.4784792959690094,
            "Y": 0.6557912826538086
          },
          {
            "X": 0.4486890137195587,
            "Y": 0.6558116674423218
          }
        ]
      },
      "Id": "ec00ba0f-4a7b-4379-9a52-af4a6f41745a",
      "Page": 1
    },
    {
      "BlockType": "WORD",
      "Confidence": 99.95001220703125,
      "Text": "6.0",
      "TextType": "PRINTED",
      "Geometry": {
        "BoundingBox": {
          "Width": 0.02304493449628353,
          "Height": 0.026347098872065544,
          "Left": 0.5781785249710083,
          "Top": 0.6296506524085999
        },
        "Polygon": [
          {
            "X": 0.5781785249710083,
            "Y": 0.62966388463974
          },
          {
            "X": 0.6010643243789673,
            "Y": 0.6296506524085999
          },
          {
            "X": 0.6012234687805176,
            "Y": 0.6559820175170898
          },
          {
            "X": 0.5783337950706482,
            "Y": 0.6559977531433105
          }
        ]
      },
      "Id": "7bec0732-53dc-4b6d-a537-f9bb0d4d7468",
      "Page": 1
    },
    {
      "BlockType": "WORD",
      "Confidence": 99.34941101074219,
      "Text": "5.4",
      "TextType": "PRINTED",
      "Geometry": {
        "BoundingBox": {
          "Width": 0.023215701803565025,
          "Height": 0.02561168745160103,
          "Left": 0.7087070941925049,
          "Top": 0.6301852464675903
        },
        "Polygon": [
          {
            "X": 0.7087070941925049,
            "Y": 0.6301986575126648
          },
          {
            "X": 0.7317467331886292,
            "Y": 0.6301852464675903
          },
          {
            "X": 0.7319228053092957,
            "Y": 0.6557811498641968
          },
          {
            "X": 0.7088794708251953,
            "Y": 0.6557969450950623
          }
        ]
      },
      "Id": "1ecba910-4d3a-4eab-b05c-8e072a586e02",
      "Page": 1
    },
    {
      "BlockType": "TABLE",
      "Confidence": 99.609375,
      "Geometry": {
        "BoundingBox": {
          "Width": 0.6598092317581177,
          "Height": 0.3506344258785248,
          "Left": 0.17508190870285034,
          "Top": 0.3298145532608032
        },
        "Polygon": [
          {
            "X": 0.17508190870285034,
            "Y": 0.3298145532608032
          },
          {
            "X": 0.8322555422782898,
            "Y": 0.33023473620414734
          },
          {
            "X": 0.8348912000656128,
            "Y": 0.6799319982528687
          },
          {
            "X": 0.17624756693840027,
            "Y": 0.6804489493370056
          }
        ]
      },
      "Id": "2f62ecd8-d9fa-43f6-bae7-6c347914c1c3",
      "Relationships": [
        {
          "Type": "CHILD",
          "Ids": [
            "43eebafe-6a9a-4ff0-910c-ccde6d9db681",
            "94bfd518-0761-4633-8565-ca89d5186ab6",
            "62827e96-5e09-4e86-9c99-2c0084df6cc7",
            "2a135fff-2b73-46d0-b8d4-c1271cd0e452",
            "a29a814e-8fca-4706-ae3e-e3171dc437e9",
            "465ec211-9466-40eb-b742-899abc086c31",
            "a0639a7c-f799-4b80-bff6-476434827b85",
            "1c6c09c9-8219-474c-b711-514698d02c6f",
            "83f8d15d-484e-494d-aef4-efe433b4a25d",
            "4a0fe800-68df-425c-8b88-fc0d95d93e01",
            "de95e069-7d49-49bb-9e4c-2f984037a07a",
            "4287887b-788f-4b82-9b70-af12ec13a348",
            "77b7da67-7cc6-441f-bdfb-2131394977fa",
            "c18d35cc-ea88-4c04-97d0-23fff96c02e1",
            "37604298-4cf3-43a9-ac36-9cd7b705ed43",
            "8f9b0d18-4c9e-46b4-b03c-29fba088a4f4",
            "b036e4a9-0d71-4e91-8b8b-5f5776738df5",
            "27ed1301-b3d6-43f2-a4b2-f961c42bedd9",
            "f7fb80c1-dc0d-4e36-8f8e-f681e3e3d1c3",
            "b4c9e433-0746-4fbc-a9b5-12dd70d687fc",
            "43fd109b-63c8-4436-a17b-c0e3f643a5da",
            "012496fb-5daf-4ec8-b398-75111b3bd916",
            "30776a63-4057-457c-8f4a-dae000121793",
            "b6d91319-3e37-4fce-91e9-cd66ccbbe934",
            "abc00981-f762-48ac-958a-c64b8a72c091"
          ]
        }
      ],
      "EntityTypes": [
        "STRUCTURED_TABLE"
      ],
      "Page": 1
    },
    {
      "BlockType": "CELL",
      "Confidence": 92.236328125,
      "RowIndex": 1,
      "ColumnIndex": 1,
      "RowSpan": 1,
      "ColumnSpan": 1,
      "Geometry": {
        "BoundingBox": {
          "Width": 0.1127854511141777,
          "Height": 0.07364699989557266,
          "Left": 0.17508190870285034,
          "Top": 0.3298145532608032
        },
        "Polygon": [
          {
            "X": 0.17508190870285034,
            "Y": 0.3298145532608032
          },
          {
            "X": 0.28756970167160034,
            "Y": 0.32988646626472473
          },
          {
            "X": 0.28786736726760864,
            "Y": 0.4034615457057953
          },
          {
            "X": 0.1753266155719757,
            "Y": 0.4034232497215271
          }
        ]
      },
      "Id": "43eebafe-6a9a-4ff0-910c-ccde6d9db681",
      "Relationships": [
        {
          "Type": "CHILD",
          "Ids": [
            "42a44902-958d-45bf-b8b8-56afaf3a777e"
          ]
        }
      ],
      "EntityTypes": [
        "COLUMN_HEADER"
      ],
      "Page": 1
    },
    {
      "BlockType": "CELL",
      "Confidence": 92.724609375,
      "RowIndex": 1,
      "ColumnIndex": 2,
      "RowSpan": 1,
      "ColumnSpan": 1,
      "Geometry": {
        "BoundingBox": {
          "Width": 0.12419597804546356,
          "Height": 0.07361724972724915,
          "Left": 0.28756970167160034,
          "Top": 0.32988646626472473
        },
        "Polygon": [
          {
            "X": 0.28756970167160034,
            "Y": 0.32988646626472473
          },
          {
            "X": 0.41140982508659363,
            "Y": 0.32996565103530884
          },
          {
            "X": 0.4117656946182251,
            "Y": 0.4035037159919739
          },
          {
            "X": 0.28786736726760864,
            "Y": 0.4034615457057953
          }
        ]
      },
      "Id": "94bfd518-0761-4633-8565-ca89d5186ab6",
      "Relationships": [
        {
          "Type": "CHILD",
          "Ids": [
            "21e0e704-c826-4397-a07a-03223bf33a10",
            "4bb4ed34-8ad9-4915-9067-ebfe8df88684"
          ]
        }
      ],
      "EntityTypes": [
        "COLUMN_HEADER"
      ],
      "Page": 1
    },
    {
      "BlockType": "CELL",
      "Confidence": 93.994140625,
      "RowIndex": 1,
      "ColumnIndex": 3,
      "RowSpan": 1,
      "ColumnSpan": 1,
      "Geometry": {
        "BoundingBox": {
          "Width": 0.13186120986938477,
          "Height": 0.07358282804489136,
          "Left": 0.41140982508659363,
          "Top": 0.32996565103530884
        },
        "Polygon": [
          {
            "X": 0.41140982508659363,
            "Y": 0.32996565103530884
          },
          {
            "X": 0.5428534150123596,
            "Y": 0.33004969358444214
          },
          {
            "X": 0.543271005153656,
            "Y": 0.4035484790802002
          },
          {
            "X": 0.4117656946182251,
            "Y": 0.4035037159919739
          }
        ]
      },
      "Id": "62827e96-5e09-4e86-9c99-2c0084df6cc7",
      "Relationships": [
        {
          "Type": "CHILD",
          "Ids": [
            "5f0ded11-85e9-437f-8fb1-4222533679f3",
            "bd2c32af-0205-4524-b5d9-2006eea5f491"
          ]
        }
      ],
      "EntityTypes": [
        "COLUMN_HEADER"
      ],
      "Page": 1
    },
    {
      "BlockType": "CELL",
      "Confidence": 93.45703125,
      "RowIndex": 1,
      "ColumnIndex": 4,
      "RowSpan": 1,
      "ColumnSpan": 1,
      "Geometry": {
        "BoundingBox": {
          "Width": 0.13233405351638794,
          "Height": 0.07354369014501572,
          "Left": 0.5428534150123596,
          "Top": 0.33004969358444214
        },
        "Polygon": [
          {
            "X": 0.5428534150123596,
            "Y": 0.33004969358444214
          },
          {
            "X": 0.6747080087661743,
            "Y": 0.33013400435447693
          },
          {
            "X": 0.6751874685287476,
            "Y": 0.40359339118003845
          },
          {
            "X": 0.543271005153656,
            "Y": 0.4035484790802002
          }
        ]
      },
      "Id": "2a135fff-2b73-46d0-b8d4-c1271cd0e452",
      "Relationships": [
        {
          "Type": "CHILD",
          "Ids": [
            "e555cdc7-f01b-4a5d-a2a9-073a2f36bbeb",
            "4dcf24a3-d206-4842-b3cf-0db56ed20e06"
          ]
        }
      ],
      "EntityTypes": [
        "COLUMN_HEADER"
      ],
      "Page": 1
    },
    {
      "BlockType": "CELL",
      "Confidence": 93.84765625,
      "RowIndex": 1,
      "ColumnIndex": 5,
      "RowSpan": 1,
      "ColumnSpan": 1,
      "Geometry": {
        "BoundingBox": {
          "Width": 0.15810082852840424,
          "Height": 0.07351303100585938,
          "Left": 0.6747080087661743,
          "Top": 0.33013400435447693
        },
        "Polygon": [
          {
            "X": 0.6747080087661743,
            "Y": 0.33013400435447693
          },
          {
            "X": 0.8322555422782898,
            "Y": 0.33023473620414734
          },
          {
            "X": 0.832808792591095,
            "Y": 0.4036470353603363
          },
          {
            "X": 0.6751874685287476,
            "Y": 0.40359339118003845
          }
        ]
      },
      "Id": "a29a814e-8fca-4706-ae3e-e3171dc437e9",
      "Relationships": [
        {
          "Type": "CHILD",
          "Ids": [
            "98164213-b379-4cb0-af92-ef8fde596969",
            "c31d95b2-3868-4825-bdf7-1d8f77a657e4"
          ]
        }
      ],
      "EntityTypes": [
        "COLUMN_HEADER"
      ],
      "Page": 1
    },
    {
      "BlockType": "CELL",
      "Confidence": 88.18359375,
      "RowIndex": 2,
      "ColumnIndex": 1,
      "RowSpan": 1,
      "ColumnSpan": 1,
      "Geometry": {
        "BoundingBox": {
          "Width": 0.11282330751419067,
          "Height": 0.0698859840631485,
          "Left": 0.1753266155719757,
          "Top": 0.4034232497215271
        },
        "Polygon": [
          {
            "X": 0.1753266155719757,
            "Y": 0.4034232497215271
          },
          {
            "X": 0.28786736726760864,
            "Y": 0.4034615457057953
          },
          {
            "X": 0.2881499230861664,
            "Y": 0.4733092188835144
          },
          {
            "X": 0.1755589246749878,
            "Y": 0.4733028709888458
          }
        ]
      },
      "Id": "465ec211-9466-40eb-b742-899abc086c31",
      "Relationships": [
        {
          "Type": "CHILD",
          "Ids": [
            "9727c67d-82aa-4708-aefd-c9b3fa2ee310"
          ]
        }
      ],
      "Page": 1
    },
    {
      "BlockType": "CELL",
      "Confidence": 88.623046875,
      "RowIndex": 2,
      "ColumnIndex": 2,
      "RowSpan": 1,
      "ColumnSpan": 1,
      "Geometry": {
        "BoundingBox": {
          "Width": 0.12423617392778397,
          "Height": 0.06985468417406082,
          "Left": 0.28786736726760864,
          "Top": 0.4034615457057953
        },
        "Polygon": [
          {
            "X": 0.28786736726760864,
            "Y": 0.4034615457057953
          },
          {
            "X": 0.4117656946182251,
            "Y": 0.4035037159919739
          },
          {
            "X": 0.412103533744812,
            "Y": 0.4733162224292755
          },
          {
            "X": 0.2881499230861664,
            "Y": 0.4733092188835144
          }
        ]
      },
      "Id": "a0639a7c-f799-4b80-bff6-476434827b85",
      "Relationships": [
        {
          "Type": "CHILD",
          "Ids": [
            "c705748f-a1c8-4bcf-a1c2-c3ef52afc023"
          ]
        }
      ],
      "Page": 1
    },
    {
      "BlockType": "CELL",
      "Confidence": 89.794921875,
      "RowIndex": 2,
      "ColumnIndex": 3,
      "RowSpan": 1,
      "ColumnSpan": 1,
      "Geometry": {
        "BoundingBox": {
          "Width": 0.1319017857313156,
          "Height": 0.06981994211673737,
          "Left": 0.4117656946182251,
          "Top": 0.4035037159919739
        },
        "Polygon": [
          {
            "X": 0.4117656946182251,
            "Y": 0.4035037159919739
          },
          {
            "X": 0.543271005153656,
            "Y": 0.4035484790802002
          },
          {
            "X": 0.5436674952507019,
            "Y": 0.47332367300987244
          },
          {
            "X": 0.412103533744812,
            "Y": 0.4733162224292755
          }
        ]
      },
      "Id": "1c6c09c9-8219-474c-b711-514698d02c6f",
      "Relationships": [
        {
          "Type": "CHILD",
          "Ids": [
            "9fba76db-838d-4a2e-878b-36bd35a2ffeb"
          ]
        }
      ],
      "Page": 1
    },
    {
      "BlockType": "CELL",
      "Confidence": 89.306640625,
      "RowIndex": 2,
      "ColumnIndex": 4,
      "RowSpan": 1,
      "ColumnSpan": 1,
      "Geometry": {
        "BoundingBox": {
          "Width": 0.13237161934375763,
          "Height": 0.06978264451026917,
          "Left": 0.543271005153656,
          "Top": 0.4035484790802002
        },
        "Polygon": [
          {
            "X": 0.543271005153656,
            "Y": 0.4035484790802002
          },
          {
            "X": 0.6751874685287476,
            "Y": 0.40359339118003845
          },
          {
            "X": 0.6756426692008972,
            "Y": 0.47333112359046936
          },
          {
            "X": 0.5436674952507019,
            "Y": 0.47332367300987244
          }
        ]
      },
      "Id": "83f8d15d-484e-494d-aef4-efe433b4a25d",
      "Relationships": [
        {
          "Type": "CHILD",
          "Ids": [
            "9502c0ef-885d-45d0-84b8-c01640495adf"
          ]
        }
      ],
      "Page": 1
    },
    {
      "BlockType": "CELL",
      "Confidence": 89.697265625,
      "RowIndex": 2,
      "ColumnIndex": 5,
      "RowSpan": 1,
      "ColumnSpan": 1,
      "Geometry": {
        "BoundingBox": {
          "Width": 0.15814661979675293,
          "Height": 0.06974665820598602,
          "Left": 0.6751874685287476,
          "Top": 0.40359339118003845
        },
        "Polygon": [
          {
            "X": 0.6751874685287476,
            "Y": 0.40359339118003845
          },
          {
            "X": 0.832808792591095,
            "Y": 0.4036470353603363
          },
          {
            "X": 0.8333340883255005,
            "Y": 0.4733400344848633
          },
          {
            "X": 0.6756426692008972,
            "Y": 0.47333112359046936
          }
        ]
      },
      "Id": "4a0fe800-68df-425c-8b88-fc0d95d93e01",
      "Relationships": [
        {
          "Type": "CHILD",
          "Ids": [
            "fd970db7-82d6-4bb4-a75a-af8a8fa5caac"
          ]
        }
      ],
      "Page": 1
    },
    {
      "BlockType": "CELL",
      "Confidence": 87.79296875,
      "RowIndex": 3,
      "ColumnIndex": 1,
      "RowSpan": 1,
      "ColumnSpan": 1,
      "Geometry": {
        "BoundingBox": {
          "Width": 0.11286114901304245,
          "Height": 0.06680914014577866,
          "Left": 0.1755589246749878,
          "Top": 0.4733028709888458
        },
        "Polygon": [
          {
            "X": 0.1755589246749878,
            "Y": 0.4733028709888458
          },
          {
            "X": 0.2881499230861664,
            "Y": 0.4733092188835144
          },
          {
            "X": 0.28842008113861084,
            "Y": 0.5400878190994263
          },
          {
            "X": 0.1757810264825821,
            "Y": 0.5401120185852051
          }
        ]
      },
      "Id": "de95e069-7d49-49bb-9e4c-2f984037a07a",
      "Relationships": [
        {
          "Type": "CHILD",
          "Ids": [
            "cbc66493-315e-4117-8f95-89080c0f5aeb"
          ]
        }
      ],
      "Page": 1
    },
    {
      "BlockType": "CELL",
      "Confidence": 88.232421875,
      "RowIndex": 3,
      "ColumnIndex": 2,
      "RowSpan": 1,
      "ColumnSpan": 1,
      "Geometry": {
        "BoundingBox": {
          "Width": 0.12427660822868347,
          "Height": 0.06677857041358948,
          "Left": 0.2881499230861664,
          "Top": 0.4733092188835144
        },
        "Polygon": [
          {
            "X": 0.2881499230861664,
            "Y": 0.4733092188835144
          },
          {
            "X": 0.412103533744812,
            "Y": 0.4733162224292755
          },
          {
            "X": 0.41242653131484985,
            "Y": 0.5400611758232117
          },
          {
            "X": 0.28842008113861084,
            "Y": 0.5400878190994263
          }
        ]
      },
      "Id": "4287887b-788f-4b82-9b70-af12ec13a348",
      "Relationships": [
        {
          "Type": "CHILD",
          "Ids": [
            "a003a95b-bb80-4233-87bc-49e45c705dbc"
          ]
        }
      ],
      "Page": 1
    },
    {
      "BlockType": "CELL",
      "Confidence": 89.453125,
      "RowIndex": 3,
      "ColumnIndex": 3,
      "RowSpan": 1,
      "ColumnSpan": 1,
      "Geometry": {
        "BoundingBox": {
          "Width": 0.1319429874420166,
          "Height": 0.06674492359161377,
          "Left": 0.412103533744812,
          "Top": 0.4733162224292755
        },
        "Polygon": [
          {
            "X": 0.412103533744812,
            "Y": 0.4733162224292755
          },
          {
            "X": 0.5436674952507019,
            "Y": 0.47332367300987244
          },
          {
            "X": 0.5440465211868286,
            "Y": 0.5400328636169434
          },
          {
            "X": 0.41242653131484985,
            "Y": 0.5400611758232117
          }
        ]
      },
      "Id": "77b7da67-7cc6-441f-bdfb-2131394977fa",
      "Relationships": [
        {
          "Type": "CHILD",
          "Ids": [
            "50df37e0-c9b5-42ce-9eb4-813481d5ecad"
          ]
        }
      ],
      "Page": 1
    },
    {
      "BlockType": "CELL",
      "Confidence": 88.916015625,
      "RowIndex": 3,
      "ColumnIndex": 4,
      "RowSpan": 1,
      "ColumnSpan": 1,
      "Geometry": {
        "BoundingBox": {
          "Width": 0.13241034746170044,
          "Height": 0.06670920550823212,
          "Left": 0.5436674952507019,
          "Top": 0.47332367300987244
        },
        "Polygon": [
          {
            "X": 0.5436674952507019,
            "Y": 0.47332367300987244
          },
          {
            "X": 0.6756426692008972,
            "Y": 0.47333112359046936
          },
          {
            "X": 0.6760778427124023,
            "Y": 0.5400044918060303
          },
          {
            "X": 0.5440465211868286,
            "Y": 0.5400328636169434
          }
        ]
      },
      "Id": "c18d35cc-ea88-4c04-97d0-23fff96c02e1",
      "Relationships": [
        {
          "Type": "CHILD",
          "Ids": [
            "deb172ed-7a52-4950-8808-6098cfb48cf6"
          ]
        }
      ],
      "Page": 1
    },
    {
      "BlockType": "CELL",
      "Confidence": 89.306640625,
      "RowIndex": 3,
      "ColumnIndex": 5,
      "RowSpan": 1,
      "ColumnSpan": 1,
      "Geometry": {
        "BoundingBox": {
          "Width": 0.15819363296031952,
          "Height": 0.06667337566614151,
          "Left": 0.6756426692008972,
          "Top": 0.47333112359046936
        },
        "Polygon": [
          {
            "X": 0.6756426692008972,
            "Y": 0.47333112359046936
          },
          {
            "X": 0.8333340883255005,
            "Y": 0.4733400344848633
          },
          {
            "X": 0.8338362574577332,
            "Y": 0.5399706363677979
          },
          {
            "X": 0.6760778427124023,
            "Y": 0.5400044918060303
          }
        ]
      },
      "Id": "37604298-4cf3-43a9-ac36-9cd7b705ed43",
      "Relationships": [
        {
          "Type": "CHILD",
          "Ids": [
            "978cfba8-faf9-4e02-88d3-83128beed409"
          ]
        }
      ],
      "Page": 1
    },
    {
      "BlockType": "CELL",
      "Confidence": 85.83984375,
      "RowIndex": 4,
      "ColumnIndex": 1,
      "RowSpan": 1,
      "ColumnSpan": 1,
      "Geometry": {
        "BoundingBox": {
          "Width": 0.11291788518428802,
          "Height": 0.06898102909326553,
          "Left": 0.1757810264825821,
          "Top": 0.5400878190994263
        },
        "Polygon": [
          {
            "X": 0.1757810264825821,
            "Y": 0.5401120185852051
          },
          {
            "X": 0.28842008113861084,
            "Y": 0.5400878190994263
          },
          {
            "X": 0.2886989116668701,
            "Y": 0.609013020992279
          },
          {
            "X": 0.17601026594638824,
            "Y": 0.6090688109397888
          }
        ]
      },
      "Id": "8f9b0d18-4c9e-46b4-b03c-29fba088a4f4",
      "Relationships": [
        {
          "Type": "CHILD",
          "Ids": [
            "44690712-4842-4e92-bb8e-6ccf88a4e5de"
          ]
        }
      ],
      "Page": 1
    },
    {
      "BlockType": "CELL",
      "Confidence": 86.279296875,
      "RowIndex": 4,
      "ColumnIndex": 2,
      "RowSpan": 1,
      "ColumnSpan": 1,
      "Geometry": {
        "BoundingBox": {
          "Width": 0.12433983385562897,
          "Height": 0.06895189732313156,
          "Left": 0.28842008113861084,
          "Top": 0.5400611758232117
        },
        "Polygon": [
          {
            "X": 0.28842008113861084,
            "Y": 0.5400878190994263
          },
          {
            "X": 0.41242653131484985,
            "Y": 0.5400611758232117
          },
          {
            "X": 0.4127599000930786,
            "Y": 0.6089516282081604
          },
          {
            "X": 0.2886989116668701,
            "Y": 0.609013020992279
          }
        ]
      },
      "Id": "b036e4a9-0d71-4e91-8b8b-5f5776738df5",
      "Relationships": [
        {
          "Type": "CHILD",
          "Ids": [
            "b275c078-73f8-4101-9a3b-4685e8d01499"
          ]
        }
      ],
      "Page": 1
    },
    {
      "BlockType": "CELL",
      "Confidence": 87.451171875,
      "RowIndex": 4,
      "ColumnIndex": 3,
      "RowSpan": 1,
      "ColumnSpan": 1,
      "Geometry": {
        "BoundingBox": {
          "Width": 0.13201120495796204,
          "Height": 0.06891877204179764,
          "Left": 0.41242653131484985,
          "Top": 0.5400328636169434
        },
        "Polygon": [
          {
            "X": 0.41242653131484985,
            "Y": 0.5400611758232117
          },
          {
            "X": 0.5440465211868286,
            "Y": 0.5400328636169434
          },
          {
            "X": 0.5444377064704895,
            "Y": 0.6088864803314209
          },
          {
            "X": 0.4127599000930786,
            "Y": 0.6089516282081604
          }
        ]
      },
      "Id": "27ed1301-b3d6-43f2-a4b2-f961c42bedd9",
      "Relationships": [
        {
          "Type": "CHILD",
          "Ids": [
            "0c136783-7db0-48cc-84cf-8fb4ca07c189"
          ]
        }
      ],
      "Page": 1
    },
    {
      "BlockType": "CELL",
      "Confidence": 86.962890625,
      "RowIndex": 4,
      "ColumnIndex": 4,
      "RowSpan": 1,
      "ColumnSpan": 1,
      "Geometry": {
        "BoundingBox": {
          "Width": 0.13248048722743988,
          "Height": 0.06888195872306824,
          "Left": 0.5440465211868286,
          "Top": 0.5400044918060303
        },
        "Polygon": [
          {
            "X": 0.5440465211868286,
            "Y": 0.5400328636169434
          },
          {
            "X": 0.6760778427124023,
            "Y": 0.5400044918060303
          },
          {
            "X": 0.6765270233154297,
            "Y": 0.6088210940361023
          },
          {
            "X": 0.5444377064704895,
            "Y": 0.6088864803314209
          }
        ]
      },
      "Id": "f7fb80c1-dc0d-4e36-8f8e-f681e3e3d1c3",
      "Relationships": [
        {
          "Type": "CHILD",
          "Ids": [
            "36fa3ed7-54cb-46bb-99da-bf0e86611972"
          ]
        }
      ],
      "Page": 1
    },
    {
      "BlockType": "CELL",
      "Confidence": 87.3046875,
      "RowIndex": 4,
      "ColumnIndex": 5,
      "RowSpan": 1,
      "ColumnSpan": 1,
      "Geometry": {
        "BoundingBox": {
          "Width": 0.1582767814397812,
          "Height": 0.06885048002004623,
          "Left": 0.6760778427124023,
          "Top": 0.5399706363677979
        },
        "Polygon": [
          {
            "X": 0.6760778427124023,
            "Y": 0.5400044918060303
          },
          {
            "X": 0.8338362574577332,
            "Y": 0.5399706363677979
          },
          {
            "X": 0.8343546390533447,
            "Y": 0.6087429523468018
          },
          {
            "X": 0.6765270233154297,
            "Y": 0.6088210940361023
          }
        ]
      },
      "Id": "b4c9e433-0746-4fbc-a9b5-12dd70d687fc",
      "Relationships": [
        {
          "Type": "CHILD",
          "Ids": [
            "fbe8bf24-9453-4b5b-86dc-574144e289fa"
          ]
        }
      ],
      "Page": 1
    },
    {
      "BlockType": "CELL",
      "Confidence": 87.548828125,
      "RowIndex": 5,
      "ColumnIndex": 1,
      "RowSpan": 1,
      "ColumnSpan": 1,
      "Geometry": {
        "BoundingBox": {
          "Width": 0.1129772812128067,
          "Height": 0.07143592089414597,
          "Left": 0.17601026594638824,
          "Top": 0.609013020992279
        },
        "Polygon": [
          {
            "X": 0.17601026594638824,
            "Y": 0.6090688109397888
          },
          {
            "X": 0.2886989116668701,
            "Y": 0.609013020992279
          },
          {
            "X": 0.28898754715919495,
            "Y": 0.6803604960441589
          },
          {
            "X": 0.17624756693840027,
            "Y": 0.6804489493370056
          }
        ]
      },
      "Id": "43fd109b-63c8-4436-a17b-c0e3f643a5da",
      "Relationships": [
        {
          "Type": "CHILD",
          "Ids": [
            "af6b91c8-6d41-448e-8657-9fff022cb740"
          ]
        }
      ],
      "Page": 1
    },
    {
      "BlockType": "CELL",
      "Confidence": 88.037109375,
      "RowIndex": 5,
      "ColumnIndex": 2,
      "RowSpan": 1,
      "ColumnSpan": 1,
      "Geometry": {
        "BoundingBox": {
          "Width": 0.12440609931945801,
          "Height": 0.07140883803367615,
          "Left": 0.2886989116668701,
          "Top": 0.6089516282081604
        },
        "Polygon": [
          {
            "X": 0.2886989116668701,
            "Y": 0.609013020992279
          },
          {
            "X": 0.4127599000930786,
            "Y": 0.6089516282081604
          },
          {
            "X": 0.4131050109863281,
            "Y": 0.6802630424499512
          },
          {
            "X": 0.28898754715919495,
            "Y": 0.6803604960441589
          }
        ]
      },
      "Id": "012496fb-5daf-4ec8-b398-75111b3bd916",
      "Relationships": [
        {
          "Type": "CHILD",
          "Ids": [
            "0eeb893e-1374-4773-bb75-59f6436d4d65"
          ]
        }
      ],
      "Page": 1
    },
    {
      "BlockType": "CELL",
      "Confidence": 89.208984375,
      "RowIndex": 5,
      "ColumnIndex": 3,
      "RowSpan": 1,
      "ColumnSpan": 1,
      "Geometry": {
        "BoundingBox": {
          "Width": 0.13208279013633728,
          "Height": 0.07137659192085266,
          "Left": 0.4127599000930786,
          "Top": 0.6088864803314209
        },
        "Polygon": [
          {
            "X": 0.4127599000930786,
            "Y": 0.6089516282081604
          },
          {
            "X": 0.5444377064704895,
            "Y": 0.6088864803314209
          },
          {
            "X": 0.5448427200317383,
            "Y": 0.6801596283912659
          },
          {
            "X": 0.4131050109863281,
            "Y": 0.6802630424499512
          }
        ]
      },
      "Id": "30776a63-4057-457c-8f4a-dae000121793",
      "Relationships": [
        {
          "Type": "CHILD",
          "Ids": [
            "ec00ba0f-4a7b-4379-9a52-af4a6f41745a"
          ]
        }
      ],
      "Page": 1
    },
    {
      "BlockType": "CELL",
      "Confidence": 88.720703125,
      "RowIndex": 5,
      "ColumnIndex": 4,
      "RowSpan": 1,
      "ColumnSpan": 1,
      "Geometry": {
        "BoundingBox": {
          "Width": 0.13255423307418823,
          "Height": 0.07133856415748596,
          "Left": 0.5444377064704895,
          "Top": 0.6088210940361023
        },
        "Polygon": [
          {
            "X": 0.5444377064704895,
            "Y": 0.6088864803314209
          },
          {
            "X": 0.6765270233154297,
            "Y": 0.6088210940361023
          },
          {
            "X": 0.6769919395446777,
            "Y": 0.6800559163093567
          },
          {
            "X": 0.5448427200317383,
            "Y": 0.6801596283912659
          }
        ]
      },
      "Id": "b6d91319-3e37-4fce-91e9-cd66ccbbe934",
      "Relationships": [
        {
          "Type": "CHILD",
          "Ids": [
            "7bec0732-53dc-4b6d-a537-f9bb0d4d7468"
          ]
        }
      ],
      "Page": 1
    },
    {
      "BlockType": "CELL",
      "Confidence": 89.0625,
      "RowIndex": 5,
      "ColumnIndex": 5,
      "RowSpan": 1,
      "ColumnSpan": 1,
      "Geometry": {
        "BoundingBox": {
          "Width": 0.1583641618490219,
          "Height": 0.07131296396255493,
          "Left": 0.6765270233154297,
          "Top": 0.6087429523468018
        },
        "Polygon": [
          {
            "X": 0.6765270233154297,
            "Y": 0.6088210940361023
          },
          {
            "X": 0.8343546390533447,
            "Y": 0.6087429523468018
          },
          {
            "X": 0.8348912000656128,
            "Y": 0.6799319982528687
          },
          {
            "X": 0.6769919395446777,
            "Y": 0.6800559163093567
          }
        ]
      },
      "Id": "abc00981-f762-48ac-958a-c64b8a72c091",
      "Relationships": [
        {
          "Type": "CHILD",
          "Ids": [
            "1ecba910-4d3a-4eab-b05c-8e072a586e02"
          ]
        }
      ],
      "Page": 1
    }
  ],
  "AnalyzeDocumentModelVersion": "1.0"
}