{
  "DocumentMetadata": {
    "Pages": 1
  },
  "JobStatus": "SUCCEEDED",
  "Blocks": [
    {
      "BlockType": "PAGE",
      "Geometry": {
        "BoundingBox": {
          "Width": 0.5445547103881836,
          "Height": 0.25465020537376404,
          "Left": 0.228361576795578,
          "Top": 0.3655247986316681
        },
        "Polygon": [
          {
            "X": 0.228361576795578,
            "Y": 0.3655247986316681
          },
          {
            "X": 0.771670401096344,
            "Y": 0.36637184023857117
          },
          {
            "X": 0.772916316986084,
            "Y": 0.6201750040054321
          },
          {
            "X": 0.2292899340391159,
            "Y": 0.6186028122901917
          }
        ]
      },
      "Id": "8e63f023-8f7a-4e58-a210-e8c82d038fec",
      "Relationships": [
        {
          "Type": "CHILD",
          "Ids": [
            "1340bb4e-2316-4742-bdc9-e0c139b10a5d",
            "c18f46ca-4186-4269-8b15-df5d2804abdc",
            "81975fcd-3092-414f-8d0f-a506c77faaac",
            "7bc72866-7096-4c3b-97e7-71319b0ecf8e",
            "55cf9d39-39be-4f03-a188-767dd79911ce",
            "ae2e07a0-dd0d-4795-b39e-10b27b93b3ec",
            "afc2558a-7f1e-4dbb-85a6-b72314e9027a",
            "4cc58d38-224f-4164-8228-563cff00b3aa",
            "6657e4b9-d0ba-4069-9ba7-8d874a7f0a67",
            "2846e0bc-9c5d-4f37-ace3-e56fe5047382",
            "9e327df5-4f1b-41d3-8da8-8c59879b1518",
            "0923bccc-f9bb-451d-9ff4-5b488c0485a0",
            "df2bb359-85db-42c5-91eb-640fdcb02d17",
            "a5520898-d25f-4d1c-ac55-182fd8adccb7",
            "7d27fc3b-28eb-42f8-bfa3-1463e40abceb",
            "4f14d094-fe07-44fe-9f79-73fd30c9d5d6",
            "cf53d459-1899-4520-affc-d682df4ab2de",
            "f9af349a-ad41-403c-8251-b7b1fc513f77",
            "4d1efdba-5aad-496e-844a-14f624ac0cf5",
            "99c86690-83a0-43ef-a633-3c8ac34b2eb4",
            "a9987baa-346f-48d9-b292-4f2aa55c6ad8",
            "009c47c7-ba31-4440-9fbf-1a94c0055979",
            "4f124e8d-05af-4e15-ac31-f254d31d11b8",
            "98e91723-10f5-4d8a-9861-1668c169ffc3",
            "3a8cf5a7-21e9-427a-a4a2-c6fbcba9566c"
          ]
        }
      ],
      "Page": 1
    },
    {
      "BlockType": "LINE",
      "Confidence": 99.93140411376953,
      "Text": "Material",
      "Geometry": {
        "BoundingBox": {
          "Width": 0.05327277630567551,
          "Height": 0.019616877660155296,
          "Left": 0.25239425897598267,
          "Top": 0.40629953145980835
        },
        "Polygon": [
          {
            "X": 0.25239425897598267,
            "Y": 0.40629953145980835
          },
          {
            "X": 0.30559200048446655,
            "Y": 0.4063938856124878
          },
          {
            "X": 0.30566704273223877,
            "Y": 0.4259164035320282
          },
          {
            "X": 0.25246691703796387,
            "Y": 0.4258165657520294
          }
        ]
      },
      "Id": "1340bb4e-2316-4742-bdc9-e0c139b10a5d",
      "Relationships": [
        {
          "Type": "CHILD",
          "Ids": [
            "d361f827-c1b4-4b56-8a23-001adc52369e"
          ]
        }
      ],
      "Page": 1
    },
    {
      "BlockType": "LINE",
      "Confidence": 99.82223510742188,
      "Text": "Epoxy",
      "Geometry": {
        "BoundingBox": {
          "Width": 0.038765713572502136,
          "Height": 0.023934924975037575,
          "Left": 0.4386146068572998,
          "Top": 0.4071815609931946
        },
        "Polygon": [
          {
            "X": 0.4386146068572998,
            "Y": 0.4071815609931946
          },
          {
            "X": 0.4772792160511017,
            "Y": 0.4072502553462982
          },
          {
            "X": 0.47738033533096313,
            "Y": 0.4311164915561676
          },
          {
            "X": 0.43871358036994934,
            "Y": 0.43104293942451477
          }
        ]
      },
      "Id": "c18f46ca-4186-4269-8b15-df5d2804abdc",
      "Relationships": [
        {
          "Type": "CHILD",
          "Ids": [
            "8fd926af-93ef-46b8-a487-5cc2efbf363a"
          ]
        }
      ],
      "Page": 1
    },
    {
      "BlockType": "LINE",
      "Confidence": 99.91299438476562,
      "Text": "Nanoclay",
      "Geometry": {
        "BoundingBox": {
          "Width": 0.05928035080432892,
          "Height": 0.024889077991247177,
          "Left": 0.5566477179527283,
          "Top": 0.4061484932899475
        },
        "Polygon": [
          {
            "X": 0.5566477179527283,
            "Y": 0.4061484932899475
          },
          {
            "X": 0.615815281867981,
            "Y": 0.40625321865081787
          },
          {
            "X": 0.6159281134605408,
            "Y": 0.431037575006485
          },
          {
            "X": 0.5567572116851807,
            "Y": 0.4309251308441162
          }
        ]
      },
      "Id": "81975fcd-3092-414f-8d0f-a506c77faaac",
      "Relationships": [
        {
          "Type": "CHILD",
          "Ids": [
            "1ba90544-3591-4b0b-b027-ed96ccecc897"
          ]
        }
      ],
      "Page": 1
    },
    {
      "BlockType": "LINE",
      "Confidence": 99.85028839111328,
      "Text": "MWCNT",
      "Geometry": {
        "BoundingBox": {
          "Width": 0.054219141602516174,
          "Height": 0.01867569610476494,
          "Left": 0.6952547430992126,
          "Top": 0.40705493092536926
        },
        "Polygon": [
          {
            "X": 0.6952547430992126,
            "Y": 0.40705493092536926
          },
          {
            "X": 0.7493836283683777,
            "Y": 0.40715092420578003
          },
          {
            "X": 0.7494738698005676,
            "Y": 0.4257306158542633
          },
          {
            "X": 0.6953426599502563,
            "Y": 0.4256293475627899
          }
        ]
      },
      "Id": "7bc72866-7096-4c3b-97e7-71319b0ecf8e",
      "Relationships": [
        {
          "Type": "CHILD",
          "Ids": [
            "02214041-e017-4483-b7af-f2930524add5"
          ]
        }
      ],
      "Page": 1
    },
    {
      "BlockType": "LINE",
      "Confidence": 99.83870697021484,
      "Text": "GFRP",
      "Geometry": {
        "BoundingBox": {
          "Width": 0.03349924460053444,
          "Height": 0.019065450876951218,
          "Left": 0.2524808943271637,
          "Top": 0.45228078961372375
        },
        "Polygon": [
          {
            "X": 0.2524808943271637,
            "Y": 0.45228078961372375
          },
          {
            "X": 0.28590795397758484,
            "Y": 0.45234817266464233
          },
          {
            "X": 0.28598013520240784,
            "Y": 0.4713462293148041
          },
          {
            "X": 0.2525516152381897,
            "Y": 0.4712755084037781
          }
        ]
      },
      "Id": "55cf9d39-39be-4f03-a188-767dd79911ce",
      "Relationships": [
        {
          "Type": "CHILD",
          "Ids": [
            "de6060c9-c6e3-419d-896e-a12bdc8af85c"
          ]
        }
      ],
      "Page": 1
    },
    {
      "BlockType": "LINE",
      "Confidence": 99.98681640625,
      "Text": "100",
      "Geometry": {
        "BoundingBox": {
          "Width": 0.02292092703282833,
          "Height": 0.01898886449635029,
          "Left": 0.43943122029304504,
          "Top": 0.4524219334125519
        },
        "Polygon": [
          {
            "X": 0.43943122029304504,
            "Y": 0.4524219334125519
          },
          {
            "X": 0.4622725546360016,
            "Y": 0.4524679481983185
          },
          {
            "X": 0.4623521566390991,
            "Y": 0.4714107811450958
          },
          {
            "X": 0.4395098090171814,
            "Y": 0.47136250138282776
          }
        ]
      },
      "Id": "ae2e07a0-dd0d-4795-b39e-10b27b93b3ec",
      "Relationships": [
        {
          "Type": "CHILD",
          "Ids": [
            "d6923a09-19bf-48f2-9dce-1711d67a69db"
          ]
        }
      ],
      "Page": 1
    },
    {
      "BlockType": "LINE",
      "Confidence": 98.54434967041016,
      "Text": "-",
      "Geometry": {
        "BoundingBox": {
          "Width": 0.007258176803588867,
          "Height": 0.003995572216808796,
          "Left": 0.5568510293960571,
          "Top": 0.46211251616477966
        },
        "Polygon": [
          {
            "X": 0.5568510293960571,
            "Y": 0.46211251616477966
          },
          {
            "X": 0.5640915632247925,
            "Y": 0.4621274471282959
          },
          {
            "X": 0.564109206199646,
            "Y": 0.4661080837249756
          },
          {
            "X": 0.5568686127662659,
            "Y": 0.466092973947525
          }
        ]
      },
      "Id": "afc2558a-7f1e-4dbb-85a6-b72314e9027a",
      "Relationships": [
        {
          "Type": "CHILD",
          "Ids": [
            "1b9ed321-d1a1-4644-b3ba-b33b6786faeb"
          ]
        }
      ],
      "Page": 1
    },
    {
      "BlockType": "LINE",
      "Confidence": 98.75093078613281,
      "Text": "-",
      "Geometry": {
        "BoundingBox": {
          "Width": 0.007402811199426651,
          "Height": 0.0038474660832434893,
          "Left": 0.6952756643295288,
          "Top": 0.4621455669403076
        },
        "Polygon": [
          {
            "X": 0.6952756643295288,
            "Y": 0.4621455669403076
          },
          {
            "X": 0.7026602625846863,
            "Y": 0.4621608257293701
          },
          {
            "X": 0.7026784420013428,
            "Y": 0.4659930467605591
          },
          {
            "X": 0.6952937841415405,
            "Y": 0.46597766876220703
          }
        ]
      },
      "Id": "4cc58d38-224f-4164-8228-563cff00b3aa",
      "Relationships": [
        {
          "Type": "CHILD",
          "Ids": [
            "da5f74e7-18a6-420a-a770-9e0eace52b3b"
          ]
        }
      ],
      "Page": 1
    },
    {
      "BlockType": "LINE",
      "Confidence": 99.87684631347656,
      "Text": "GFRP + 1% NC",
      "Geometry": {
        "BoundingBox": {
          "Width": 0.08774242550134659,
          "Height": 0.019474932923913002,
          "Left": 0.2525031566619873,
          "Top": 0.4819484353065491
        },
        "Polygon": [
          {
            "X": 0.2525031566619873,
            "Y": 0.4819484353065491
          },
          {
            "X": 0.3401699364185333,
            "Y": 0.48213884234428406
          },
          {
            "X": 0.3402455747127533,
            "Y": 0.5014233589172363
          },
          {
            "X": 0.2525748908519745,
            "Y": 0.5012240409851074
          }
        ]
      },
      "Id": "6657e4b9-d0ba-4069-9ba7-8d874a7f0a67",
      "Relationships": [
        {
          "Type": "CHILD",
          "Ids": [
            "e867fe7b-bb16-478d-8dce-454b47d5b6cd",
            "c597739b-a16e-40a2-b3d6-423c0563b2aa",
            "c8019c0b-6275-447b-93b3-83eaa7fa86c7",
            "0d79fc90-ade9-4291-aa3d-d3b616698d2a"
          ]
        }
      ],
      "Page": 1
    },
    {
      "BlockType": "LINE",
      "Confidence": 99.95059204101562,
      "Text": "99",
      "Geometry": {
        "BoundingBox": {
          "Width": 0.015993228182196617,
          "Height": 0.01890845037996769,
          "Left": 0.4381850063800812,
          "Top": 0.48261916637420654
        },
        "Polygon": [
          {
            "X": 0.4381850063800812,
            "Y": 0.48261916637420654
          },
          {
            "X": 0.45409929752349854,
            "Y": 0.48265373706817627
          },
          {
            "X": 0.45417824387550354,
            "Y": 0.5015276074409485
          },
          {
            "X": 0.43826326727867126,
            "Y": 0.5014914274215698
          }
        ]
      },
      "Id": "2846e0bc-9c5d-4f37-ace3-e56fe5047382",
      "Relationships": [
        {
          "Type": "CHILD",
          "Ids": [
            "6fbd43e5-99a8-408a-9414-b9f923f92ac1"
          ]
        }
      ],
      "Page": 1
    },
    {
      "BlockType": "LINE",
      "Confidence": 99.70769500732422,
      "Text": "1",
      "Geometry": {
        "BoundingBox": {
          "Width": 0.005230477079749107,
          "Height": 0.01785147935152054,
          "Left": 0.5575441718101501,
          "Top": 0.4828173518180847
        },
        "Polygon": [
          {
            "X": 0.5575441718101501,
            "Y": 0.4828173518180847
          },
          {
            "X": 0.5626956224441528,
            "Y": 0.4828285276889801
          },
          {
            "X": 0.562774658203125,
            "Y": 0.5006688237190247
          },
          {
            "X": 0.557623028755188,
            "Y": 0.5006571412086487
          }
        ]
      },
      "Id": "9e327df5-4f1b-41d3-8da8-8c59879b1518",
      "Relationships": [
        {
          "Type": "CHILD",
          "Ids": [
            "3536bd11-a83a-4ad7-9065-bf8f3e7a675c"
          ]
        }
      ],
      "Page": 1
    },
    {
      "BlockType": "LINE",
      "Confidence": 99.0247573852539,
      "Text": "-",
      "Geometry": {
        "BoundingBox": {
          "Width": 0.00729203037917614,
          "Height": 0.003591894870623946,
          "Left": 0.6953786015510559,
          "Top": 0.4921890199184418
        },
        "Polygon": [
          {
            "X": 0.6953786015510559,
            "Y": 0.4921890199184418
          },
          {
            "X": 0.7026536464691162,
            "Y": 0.4922052025794983
          },
          {
            "X": 0.7026706337928772,
            "Y": 0.49578091502189636
          },
          {
            "X": 0.6953955292701721,
            "Y": 0.4957646429538727
          }
        ]
      },
      "Id": "0923bccc-f9bb-451d-9ff4-5b488c0485a0",
      "Relationships": [
        {
          "Type": "CHILD",
          "Ids": [
            "f75594b1-efe1-4b92-99aa-ee4a725cbcb2"
          ]
        }
      ],
      "Page": 1
    },
    {
      "BlockType": "LINE",
      "Confidence": 99.86414337158203,
      "Text": "GFRP + 3% NC",
      "Geometry": {
        "BoundingBox": {
          "Width": 0.08782295882701874,
          "Height": 0.01948041096329689,
          "Left": 0.25238680839538574,
          "Top": 0.5131251215934753
        },
        "Polygon": [
          {
            "X": 0.25238680839538574,
            "Y": 0.5131251215934753
          },
          {
            "X": 0.3401341438293457,
            "Y": 0.5133301019668579
          },
          {
            "X": 0.3402097523212433,
            "Y": 0.5326055288314819
          },
          {
            "X": 0.25245851278305054,
            "Y": 0.5323916077613831
          }
        ]
      },
      "Id": "df2bb359-85db-42c5-91eb-640fdcb02d17",
      "Relationships": [
        {
          "Type": "CHILD",
          "Ids": [
            "0f29e198-76fb-479b-868c-921399c44238",
            "8c3bc5a6-1bcf-4610-8a79-8f72327bcd07",
            "e578e423-e18f-4409-b233-b61530f70124",
            "1732832d-a23b-49bf-b8ca-19f9af5a8c3f"
          ]
        }
      ],
      "Page": 1
    },
    {
      "BlockType": "LINE",
      "Confidence": 99.92279052734375,
      "Text": "97",
      "Geometry": {
        "BoundingBox": {
          "Width": 0.015575375407934189,
          "Height": 0.018912851810455322,
          "Left": 0.4383133351802826,
          "Top": 0.5135147571563721
        },
        "Polygon": [
          {
            "X": 0.4383133351802826,
            "Y": 0.5135147571563721
          },
          {
            "X": 0.45380979776382446,
            "Y": 0.5135509371757507
          },
          {
            "X": 0.4538887143135071,
            "Y": 0.5324276089668274
          },
          {
            "X": 0.4383915960788727,
            "Y": 0.5323898196220398
          }
        ]
      },
      "Id": "a5520898-d25f-4d1c-ac55-182fd8adccb7",
      "Relationships": [
        {
          "Type": "CHILD",
          "Ids": [
            "d15769f4-c825-4ced-ab63-a3066244b71d"
          ]
        }
      ],
      "Page": 1
    },
    {
      "BlockType": "LINE",
      "Confidence": 99.88981628417969,
      "Text": "3",
      "Geometry": {
        "BoundingBox": {
          "Width": 0.007011241279542446,
          "Height": 0.017955554649233818,
          "Left": 0.5567821860313416,
          "Top": 0.5138065218925476
        },
        "Polygon": [
          {
            "X": 0.5567821860313416,
            "Y": 0.5138065218925476
          },
          {
            "X": 0.5637139081954956,
            "Y": 0.5138226747512817
          },
          {
            "X": 0.563793420791626,
            "Y": 0.5317620635032654
          },
          {
            "X": 0.556861400604248,
            "Y": 0.531745195388794
          }
        ]
      },
      "Id": "7d27fc3b-28eb-42f8-bfa3-1463e40abceb",
      "Relationships": [
        {
          "Type": "CHILD",
          "Ids": [
            "26998744-254a-4a40-aa03-2c5bc87679ce"
          ]
        }
      ],
      "Page": 1
    },
    {
      "BlockType": "LINE",
      "Confidence": 99.38581848144531,
      "Text": "-",
      "Geometry": {
        "BoundingBox": {
          "Width": 0.007247466593980789,
          "Height": 0.003970740828663111,
          "Left": 0.6953926682472229,
          "Top": 0.5233237743377686
        },
        "Polygon": [
          {
            "X": 0.6953926682472229,
            "Y": 0.5233237743377686
          },
          {
            "X": 0.702621340751648,
            "Y": 0.5233410000801086
          },
          {
            "X": 0.7026401162147522,
            "Y": 0.5272945165634155
          },
          {
            "X": 0.6954113841056824,
            "Y": 0.5272771120071411
          }
        ]
      },
      "Id": "4f14d094-fe07-44fe-9f79-73fd30c9d5d6",
      "Relationships": [
        {
          "Type": "CHILD",
          "Ids": [
            "597d348d-04c7-4a7c-b6e2-5f9894a31920"
          ]
        }
      ],
      "Page": 1
    },
    {
      "BlockType": "LINE",
      "Confidence": 99.59649658203125,
      "Text": "GFRP + 0.5% CNT",
      "Geometry": {
        "BoundingBox": {
          "Width": 0.10694797337055206,
          "Height": 0.019305570051074028,
          "Left": 0.25239986181259155,
          "Top": 0.5443833470344543
        },
        "Polygon": [
          {
            "X": 0.25239986181259155,
            "Y": 0.5443833470344543
          },
          {
            "X": 0.3592723309993744,
            "Y": 0.5446506142616272
          },
          {
            "X": 0.3593478500843048,
            "Y": 0.5636889338493347
          },
          {
            "X": 0.2524706721305847,
            "Y": 0.5634109377861023
          }
        ]
      },
      "Id": "cf53d459-1899-4520-affc-d682df4ab2de",
      "Relationships": [
        {
          "Type": "CHILD",
          "Ids": [
            "f5de4433-618f-411e-bf92-a6be8c81f22a",
            "2e5db0b2-8b52-4399-9ed2-cf1704305a92",
            "50f08efb-bcb8-4111-8722-eee70c17f790",
            "cab7501c-6363-4510-9de4-b80f07dce7a9"
          ]
        }
      ],
      "Page": 1
    },
    {
      "BlockType": "LINE",
      "Confidence": 64.82720947265625,
      "Text": "99,5",
      "Geometry": {
        "BoundingBox": {
          "Width": 0.02690446749329567,
          "Height": 0.01864476129412651,
          "Left": 0.4382876753807068,
          "Top": 0.5450125932693481
        },
        "Polygon": [
          {
            "X": 0.4382876753807068,
            "Y": 0.5450125932693481
          },
          {
            "X": 0.4651139974594116,
            "Y": 0.5450797080993652
          },
          {
            "X": 0.46519213914871216,
            "Y": 0.5636573433876038
          },
          {
            "X": 0.4383646845817566,
            "Y": 0.5635876059532166
          }
        ]
      },
      "Id": "f9af349a-ad41-403c-8251-b7b1fc513f77",
      "Relationships": [
        {
          "Type": "CHILD",
          "Ids": [
            "d088ea67-dd81-4df3-b5c2-42ba6d1dc4d3"
          ]
        }
      ],
      "Page": 1
    },
    {
      "BlockType": "LINE",
      "Confidence": 98.69873809814453,
      "Text": "-",
      "Geometry": {
        "BoundingBox": {
          "Width": 0.006957315374165773,
          "Height": 0.003509263275191188,
          "Left": 0.5568797588348389,
          "Top": 0.554614245891571
        },
        "Polygon": [
          {
            "X": 0.5568797588348389,
            "Y": 0.554614245891571
          },
          {
            "X": 0.5638216137886047,
            "Y": 0.5546319484710693
          },
          {
            "X": 0.5638371109962463,
            "Y": 0.5581235289573669
          },
          {
            "X": 0.5568951964378357,
            "Y": 0.5581057071685791
          }
        ]
      },
      "Id": "4d1efdba-5aad-496e-844a-14f624ac0cf5",
      "Relationships": [
        {
          "Type": "CHILD",
          "Ids": [
            "21b6bf97-0581-42ed-9945-0f0b3fac49a5"
          ]
        }
      ],
      "Page": 1
    },
    {
      "BlockType": "LINE",
      "Confidence": 96.72630310058594,
      "Text": "0.5",
      "Geometry": {
        "BoundingBox": {
          "Width": 0.017978042364120483,
          "Height": 0.019581597298383713,
          "Left": 0.6952214241027832,
          "Top": 0.5443695187568665
        },
        "Polygon": [
          {
            "X": 0.6952214241027832,
            "Y": 0.5443695187568665
          },
          {
            "X": 0.7131062150001526,
            "Y": 0.5444141626358032
          },
          {
            "X": 0.7131994962692261,
            "Y": 0.5639511346817017
          },
          {
            "X": 0.6953138709068298,
            "Y": 0.5639047026634216
          }
        ]
      },
      "Id": "99c86690-83a0-43ef-a633-3c8ac34b2eb4",
      "Relationships": [
        {
          "Type": "CHILD",
          "Ids": [
            "6f032af0-505a-493d-9d6a-a2bf37ae40ac"
          ]
        }
      ],
      "Page": 1
    },
    {
      "BlockType": "LINE",
      "Confidence": 99.81769561767578,
      "Text": "GFRP + 1% CNT",
      "Geometry": {
        "BoundingBox": {
          "Width": 0.09575295448303223,
          "Height": 0.01926209218800068,
          "Left": 0.25254151225090027,
          "Top": 0.575559139251709
        },
        "Polygon": [
          {
            "X": 0.25254151225090027,
            "Y": 0.575559139251709
          },
          {
            "X": 0.3482195734977722,
            "Y": 0.5758141279220581
          },
          {
            "X": 0.3482944667339325,
            "Y": 0.5948212742805481
          },
          {
            "X": 0.2526122033596039,
            "Y": 0.5945566892623901
          }
        ]
      },
      "Id": "a9987baa-346f-48d9-b292-4f2aa55c6ad8",
      "Relationships": [
        {
          "Type": "CHILD",
          "Ids": [
            "7aa556e0-78c3-4318-acf2-81b705a97402",
            "6b900456-7aee-40ce-acb6-3a0289216405",
            "3f5ea58b-5758-4187-8375-9406c8207b41",
            "1687da18-6e48-48dc-9d63-b885e0f4591e"
          ]
        }
      ],
      "Page": 1
    },
    {
      "BlockType": "LINE",
      "Confidence": 99.90214538574219,
      "Text": "99",
      "Geometry": {
        "BoundingBox": {
          "Width": 0.01580353081226349,
          "Height": 0.018915647640824318,
          "Left": 0.43828141689300537,
          "Top": 0.5761061906814575
        },
        "Polygon": [
          {
            "X": 0.43828141689300537,
            "Y": 0.5761061906814575
          },
          {
            "X": 0.45400601625442505,
            "Y": 0.5761480927467346
          },
          {
            "X": 0.45408493280410767,
            "Y": 0.5950218439102173
          },
          {
            "X": 0.43835964798927307,
            "Y": 0.5949783325195312
          }
        ]
      },
      "Id": "009c47c7-ba31-4440-9fbf-1a94c0055979",
      "Relationships": [
        {
          "Type": "CHILD",
          "Ids": [
            "cc5e186c-d1b9-498b-8e74-d8b04b29d3a9"
          ]
        }
      ],
      "Page": 1
    },
    {
      "BlockType": "LINE",
      "Confidence": 96.56056213378906,
      "Text": "-",
      "Geometry": {
        "BoundingBox": {
          "Width": 0.007261945400387049,
          "Height": 0.003856777912005782,
          "Left": 0.5569049119949341,
          "Top": 0.5855772495269775
        },
        "Polygon": [
          {
            "X": 0.5569049119949341,
            "Y": 0.5855772495269775
          },
          {
            "X": 0.5641498565673828,
            "Y": 0.5855969190597534
          },
          {
            "X": 0.5641669034957886,
            "Y": 0.589434027671814
          },
          {
            "X": 0.5569218993186951,
            "Y": 0.5894142389297485
          }
        ]
      },
      "Id": "4f124e8d-05af-4e15-ac31-f254d31d11b8",
      "Relationships": [
        {
          "Type": "CHILD",
          "Ids": [
            "b6190532-9ead-48a2-9ab0-b5220662d57c"
          ]
        }
      ],
      "Page": 1
    },
    {
      "BlockType": "LINE",
      "Confidence": 99.76793670654297,
      "Text": "1",
      "Geometry": {
        "BoundingBox": {
          "Width": 0.004980366211384535,
          "Height": 0.018274657428264618,
          "Left": 0.6964802742004395,
          "Top": 0.5759717226028442
        },
        "Polygon": [
          {
            "X": 0.6964802742004395,
            "Y": 0.5759717226028442
          },
          {
            "X": 0.7013739943504333,
            "Y": 0.57598477602005
          },
          {
            "X": 0.7014606595039368,
            "Y": 0.5942463874816895
          },
          {
            "X": 0.6965667605400085,
            "Y": 0.5942329168319702
          }
        ]
      },
      "Id": "98e91723-10f5-4d8a-9861-1668c169ffc3",
      "Relationships": [
        {
          "Type": "CHILD",
          "Ids": [
            "51cc9fb9-5fd2-4733-801a-dad8fd1b9641"
          ]
        }
      ],
      "Page": 1
    },
    {
      "BlockType": "WORD",
      "Confidence": 99.93140411376953,
      "Text": "Material",
      "TextType": "PRINTED",
      "Geometry": {
        "BoundingBox": {
          "Width": 0.05327277630567551,
          "Height": 0.019616877660155296,
          "Left": 0.25239425897598267,
          "Top": 0.40629953145980835
        },
        "Polygon": [
          {
            "X": 0.25239425897598267,
            "Y": 0.40629953145980835
          },
          {
            "X": 0.30559200048446655,
            "Y": 0.4063938856124878
          },
          {
            "X": 0.30566704273223877,
            "Y": 0.4259164035320282
          },
          {
            "X": 0.25246691703796387,
            "Y": 0.4258165657520294
          }
        ]
      },
      "Id": "d361f827-c1b4-4b56-8a23-001adc52369e",
      "Page": 1
    },
    {
      "BlockType": "WORD",
      "Confidence": 99.82223510742188,
      "Text": "Epoxy",
      "TextType": "PRINTED",
      "Geometry": {
        "BoundingBox": {
          "Width": 0.038765713572502136,
          "Height": 0.023934924975037575,
          "Left": 0.4386146068572998,
          "Top": 0.4071815609931946
        },
        "Polygon": [
          {
            "X": 0.4386146068572998,
            "Y": 0.4071815609931946
          },
          {
            "X": 0.4772792160511017,
            "Y": 0.4072502553462982
          },
          {
            "X": 0.47738033533096313,
            "Y": 0.4311164915561676
          },
          {
            "X": 0.43871358036994934,
            "Y": 0.43104293942451477
          }
        ]
      },
      "Id": "8fd926af-93ef-46b8-a487-5cc2efbf363a",
      "Page": 1
    },
    {
      "BlockType": "WORD",
      "Confidence": 99.91299438476562,
      "Text": "Nanoclay",
      "TextType": "PRINTED",
      "Geometry": {
        "BoundingBox": {
          "Width": 0.05928035080432892,
          "Height": 0.024889077991247177,
          "Left": 0.5566477179527283,
          "Top": 0.4061484932899475
        },
        "Polygon": [
          {
            "X": 0.5566477179527283,
            "Y": 0.4061484932899475
          },
          {
            "X": 0.615815281867981,
            "Y": 0.40625321865081787
          },
          {
            "X": 0.6159281134605408,
            "Y": 0.431037575006485
          },
          {
            "X": 0.5567572116851807,
            "Y": 0.4309251308441162
          }
        ]
      },
      "Id": "1ba90544-3591-4b0b-b027-ed96ccecc897",
      "Page": 1
    },
    {
      "BlockType": "WORD",
      "Confidence": 99.85028839111328,
      "Text": "MWCNT",
      "TextType": "PRINTED",
      "Geometry": {
        "BoundingBox": {
          "Width": 0.054219141602516174,
          "Height": 0.01867569610476494,
          "Left": 0.6952547430992126,
          "Top": 0.40705493092536926
        },
        "Polygon": [
          {
            "X": 0.6952547430992126,
            "Y": 0.40705493092536926
          },
          {
            "X": 0.7493836283683777,
            "Y": 0.40715092420578003
          },
          {
            "X": 0.7494738698005676,
            "Y": 0.4257306158542633
          },
          {
            "X": 0.6953426599502563,
            "Y": 0.4256293475627899
          }
        ]
      },
      "Id": "02214041-e017-4483-b7af-f2930524add5",
      "Page": 1
    },
    {
      "BlockType": "WORD",
      "Confidence": 99.83870697021484,
      "Text": "GFRP",
      "TextType": "PRINTED",
      "Geometry": {
        "BoundingBox": {
          "Width": 0.03349924460053444,
          "Height": 0.019065450876951218,
          "Left": 0.2524808943271637,
          "Top": 0.45228078961372375
        },
        "Polygon": [
          {
            "X": 0.2524808943271637,
            "Y": 0.45228078961372375
          },
          {
            "X": 0.28590795397758484,
            "Y": 0.45234817266464233
          },
          {
            "X": 0.28598013520240784,
            "Y": 0.4713462293148041
          },
          {
            "X": 0.2525516152381897,
            "Y": 0.4712755084037781
          }
        ]
      },
      "Id": "de6060c9-c6e3-419d-896e-a12bdc8af85c",
      "Page": 1
    },
    {
      "BlockType": "WORD",
      "Confidence": 99.98681640625,
      "Text": "100",
      "TextType": "PRINTED",
      "Geometry": {
        "BoundingBox": {
          "Width": 0.02292092703282833,
          "Height": 0.01898886449635029,
          "Left": 0.43943122029304504,
          "Top": 0.4524219334125519
        },
        "Polygon": [
          {
            "X": 0.43943122029304504,
            "Y": 0.4524219334125519
          },
          {
            "X": 0.4622725546360016,
            "Y": 0.4524679481983185
          },
          {
            "X": 0.4623521566390991,
            "Y": 0.4714107811450958
          },
          {
            "X": 0.4395098090171814,
            "Y": 0.47136250138282776
          }
        ]
      },
      "Id": "d6923a09-19bf-48f2-9dce-1711d67a69db",
      "Page": 1
    },
    {
      "BlockType": "WORD",
      "Confidence": 98.54434967041016,
      "Text": "-",
      "TextType": "PRINTED",
      "Geometry": {
        "BoundingBox": {
          "Width": 0.007258176803588867,
          "Height": 0.003995572216808796,
          "Left": 0.5568510293960571,
          "Top": 0.46211251616477966
        },
        "Polygon": [
          {
            "X": 0.5568510293960571,
            "Y": 0.46211251616477966
          },
          {
            "X": 0.5640915632247925,
            "Y": 0.4621274471282959
          },
          {
            "X": 0.564109206199646,
            "Y": 0.4661080837249756
          },
          {
            "X": 0.5568686127662659,
            "Y": 0.466092973947525
          }
        ]
      },
      "Id": "1b9ed321-d1a1-4644-b3ba-b33b6786faeb",
      "Page": 1
    },
    {
      "BlockType": "WORD",
      "Confidence": 98.75093078613281,
      "Text": "-",
      "TextType": "PRINTED",
      "Geometry": {
        "BoundingBox": {
          "Width": 0.007402811199426651,
          "Height": 0.0038474660832434893,
          "Left": 0.6952756643295288,
          "Top": 0.4621455669403076
        },
        "Polygon": [
          {
            "X": 0.6952756643295288,
            "Y": 0.4621455669403076
          },
          {
            "X": 0.7026602625846863,
            "Y": 0.4621608257293701
          },
          {
            "X": 0.7026784420013428,
            "Y": 0.4659930467605591
          },
          {
            "X": 0.6952937841415405,
            "Y": 0.46597766876220703
          }
        ]
      },
      "Id": "da5f74e7-18a6-420a-a770-9e0eace52b3b",
      "Page": 1
    },
    {
      "BlockType": "WORD",
      "Confidence": 99.86890411376953,
      "Text": "GFRP",
      "TextType": "PRINTED",
      "Geometry": {
        "BoundingBox": {
          "Width": 0.03333719074726105,
          "Height": 0.019351240247488022,
          "Left": 0.2525031566619873,
          "Top": 0.4819484353065491
        },
        "Polygon": [
          {
            "X": 0.2525031566619873,
            "Y": 0.4819484353065491
          },
          {
            "X": 0.2857671082019806,
            "Y": 0.48202067613601685
          },
          {
            "X": 0.28584033250808716,
            "Y": 0.5012996792793274
          },
          {
            "X": 0.2525748908519745,
            "Y": 0.5012240409851074
          }
        ]
      },
      "Id": "e867fe7b-bb16-478d-8dce-454b47d5b6cd",
      "Page": 1
    },
    {
      "BlockType": "WORD",
      "Confidence": 99.823974609375,
      "Text": "+",
      "TextType": "PRINTED",
      "Geometry": {
        "BoundingBox": {
          "Width": 0.007522237487137318,
          "Height": 0.013375682756304741,
          "Left": 0.28898152709007263,
          "Top": 0.4851613938808441
        },
        "Polygon": [
          {
            "X": 0.28898152709007263,
            "Y": 0.4851613938808441
          },
          {
            "X": 0.29645270109176636,
            "Y": 0.4851777255535126
          },
          {
            "X": 0.2965037524700165,
            "Y": 0.4985370635986328
          },
          {
            "X": 0.28903236985206604,
            "Y": 0.4985201954841614
          }
        ]
      },
      "Id": "c597739b-a16e-40a2-b3d6-423c0563b2aa",
      "Page": 1
    },
    {
      "BlockType": "WORD",
      "Confidence": 99.84429931640625,
      "Text": "1%",
      "TextType": "PRINTED",
      "Geometry": {
        "BoundingBox": {
          "Width": 0.015648383647203445,
          "Height": 0.018633008003234863,
          "Left": 0.3013420104980469,
          "Top": 0.4824272692203522
        },
        "Polygon": [
          {
            "X": 0.3013420104980469,
            "Y": 0.4824272692203522
          },
          {
            "X": 0.31691840291023254,
            "Y": 0.482461154460907
          },
          {
            "X": 0.31699037551879883,
            "Y": 0.5010603070259094
          },
          {
            "X": 0.30141329765319824,
            "Y": 0.5010249018669128
          }
        ]
      },
      "Id": "c8019c0b-6275-447b-93b3-83eaa7fa86c7",
      "Page": 1
    },
    {
      "BlockType": "WORD",
      "Confidence": 99.97020721435547,
      "Text": "NC",
      "TextType": "PRINTED",
      "Geometry": {
        "BoundingBox": {
          "Width": 0.01882980205118656,
          "Height": 0.018799493089318275,
          "Left": 0.32141435146331787,
          "Top": 0.48226529359817505
        },
        "Polygon": [
          {
            "X": 0.32141435146331787,
            "Y": 0.48226529359817505
          },
          {
            "X": 0.34017059206962585,
            "Y": 0.48230603337287903
          },
          {
            "X": 0.3402441740036011,
            "Y": 0.5010647773742676
          },
          {
            "X": 0.3214871287345886,
            "Y": 0.5010221600532532
          }
        ]
      },
      "Id": "0d79fc90-ade9-4291-aa3d-d3b616698d2a",
      "Page": 1
    },
    {
      "BlockType": "WORD",
      "Confidence": 99.95059204101562,
      "Text": "99",
      "TextType": "PRINTED",
      "Geometry": {
        "BoundingBox": {
          "Width": 0.015993228182196617,
          "Height": 0.01890845037996769,
          "Left": 0.4381850063800812,
          "Top": 0.48261916637420654
        },
        "Polygon": [
          {
            "X": 0.4381850063800812,
            "Y": 0.48261916637420654
          },
          {
            "X": 0.45409929752349854,
            "Y": 0.48265373706817627
          },
          {
            "X": 0.45417824387550354,
            "Y": 0.5015276074409485
          },
          {
            "X": 0.43826326727867126,
            "Y": 0.5014914274215698
          }
        ]
      },
      "Id": "6fbd43e5-99a8-408a-9414-b9f923f92ac1",
      "Page": 1
    },
    {
      "BlockType": "WORD",
      "Confidence": 99.70769500732422,
      "Text": "1",
      "TextType": "PRINTED",
      "Geometry": {
        "BoundingBox": {
          "Width": 0.005230477079749107,
          "Height": 0.01785147935152054,
          "Left": 0.5575441718101501,
          "Top": 0.4828173518180847
        },
        "Polygon": [
          {
            "X": 0.5575441718101501,
            "Y": 0.4828173518180847
          },
          {
            "X": 0.5626956224441528,
            "Y": 0.4828285276889801
          },
          {
            "X": 0.562774658203125,
            "Y": 0.5006688237190247
          },
          {
            "X": 0.557623028755188,
            "Y": 0.5006571412086487
          }
        ]
      },
      "Id": "3536bd11-a83a-4ad7-9065-bf8f3e7a675c",
      "Page": 1
    },
    {
      "BlockType": "WORD",
      "Confidence": 99.0247573852539,
      "Text": "-",
      "TextType": "PRINTED",
      "Geometry": {
        "BoundingBox": {
          "Width": 0.00729203037917614,
          "Height": 0.003591894870623946,
          "Left": 0.6953786015510559,
          "Top": 0.4921890199184418
        },
        "Polygon": [
          {
            "X": 0.6953786015510559,
            "Y": 0.4921890199184418
          },
          {
            "X": 0.7026536464691162,
            "Y": 0.4922052025794983
          },
          {
            "X": 0.7026706337928772,
            "Y": 0.49578091502189636
          },
          {
            "X": 0.6953955292701721,
            "Y": 0.4957646429538727
          }
        ]
      },
      "Id": "f75594b1-efe1-4b92-99aa-ee4a725cbcb2",
      "Page": 1
    },
    {
      "BlockType": "WORD",
      "Confidence": 99.82936096191406,
      "Text": "GFRP",
      "TextType": "PRINTED",
      "Geometry": {
        "BoundingBox": {
          "Width": 0.033444441854953766,
          "Height": 0.019321883097290993,
          "Left": 0.2523868978023529,
          "Top": 0.5131511092185974
        },
        "Polygon": [
          {
            "X": 0.2523868978023529,
            "Y": 0.5131511092185974
          },
          {
            "X": 0.28575825691223145,
            "Y": 0.5132290720939636
          },
          {
            "X": 0.2858313322067261,
            "Y": 0.5324729681015015
          },
          {
            "X": 0.25245851278305054,
            "Y": 0.5323916077613831
          }
        ]
      },
      "Id": "0f29e198-76fb-479b-868c-921399c44238",
      "Page": 1
    },
    {
      "BlockType": "WORD",
      "Confidence": 99.79833984375,
      "Text": "+",
      "TextType": "PRINTED",
      "Geometry": {
        "BoundingBox": {
          "Width": 0.007481933105736971,
          "Height": 0.013047215528786182,
          "Left": 0.2890384793281555,
          "Top": 0.5168882012367249
        },
        "Polygon": [
          {
            "X": 0.2890384793281555,
            "Y": 0.5168882012367249
          },
          {
            "X": 0.29647061228752136,
            "Y": 0.5169057250022888
          },
          {
            "X": 0.2965204119682312,
            "Y": 0.5299354195594788
          },
          {
            "X": 0.28908807039260864,
            "Y": 0.5299173593521118
          }
        ]
      },
      "Id": "8c3bc5a6-1bcf-4610-8a79-8f72327bcd07",
      "Page": 1
    },
    {
      "BlockType": "WORD",
      "Confidence": 99.85657501220703,
      "Text": "3%",
      "TextType": "PRINTED",
      "Geometry": {
        "BoundingBox": {
          "Width": 0.01684669591486454,
          "Height": 0.019161760807037354,
          "Left": 0.30016693472862244,
          "Top": 0.5132367610931396
        },
        "Polygon": [
          {
            "X": 0.30016693472862244,
            "Y": 0.5132367610931396
          },
          {
            "X": 0.31693965196609497,
            "Y": 0.5132759213447571
          },
          {
            "X": 0.31701362133026123,
            "Y": 0.532398521900177
          },
          {
            "X": 0.3002401888370514,
            "Y": 0.5323576331138611
          }
        ]
      },
      "Id": "e578e423-e18f-4409-b233-b61530f70124",
      "Page": 1
    },
    {
      "BlockType": "WORD",
      "Confidence": 99.97230529785156,
      "Text": "NC",
      "TextType": "PRINTED",
      "Geometry": {
        "BoundingBox": {
          "Width": 0.018799660727381706,
          "Height": 0.018911955878138542,
          "Left": 0.32140856981277466,
          "Top": 0.5133016705513
        },
        "Polygon": [
          {
            "X": 0.32140856981277466,
            "Y": 0.5133016705513
          },
          {
            "X": 0.3401342034339905,
            "Y": 0.5133454203605652
          },
          {
            "X": 0.3402082324028015,
            "Y": 0.5322136282920837
          },
          {
            "X": 0.32148176431655884,
            "Y": 0.5321680307388306
          }
        ]
      },
      "Id": "1732832d-a23b-49bf-b8ca-19f9af5a8c3f",
      "Page": 1
    },
    {
      "BlockType": "WORD",
      "Confidence": 99.92279052734375,
      "Text": "97",
      "TextType": "PRINTED",
      "Geometry": {
        "BoundingBox": {
          "Width": 0.015575375407934189,
          "Height": 0.018912851810455322,
          "Left": 0.4383133351802826,
          "Top": 0.5135147571563721
        },
        "Polygon": [
          {
            "X": 0.4383133351802826,
            "Y": 0.5135147571563721
          },
          {
            "X": 0.45380979776382446,
            "Y": 0.5135509371757507
          },
          {
            "X": 0.4538887143135071,
            "Y": 0.5324276089668274
          },
          {
            "X": 0.4383915960788727,
            "Y": 0.5323898196220398
          }
        ]
      },
      "Id": "d15769f4-c825-4ced-ab63-a3066244b71d",
      "Page": 1
    },
    {
      "BlockType": "WORD",
      "Confidence": 99.88981628417969,
      "Text": "3",
      "TextType": "PRINTED",
      "Geometry": {
        "BoundingBox": {
          "Width": 0.007011241279542446,
          "Height": 0.017955554649233818,
          "Left": 0.5567821860313416,
          "Top": 0.5138065218925476
        },
        "Polygon": [
          {
            "X": 0.5567821860313416,
            "Y": 0.5138065218925476
          },
          {
            "X": 0.5637139081954956,
            "Y": 0.5138226747512817
          },
          {
            "X": 0.563793420791626,
            "Y": 0.5317620635032654
          },
          {
            "X": 0.556861400604248,
            "Y": 0.531745195388794
          }
        ]
      },
      "Id": "26998744-254a-4a40-aa03-2c5bc87679ce",
      "Page": 1
    },
    {
      "BlockType": "WORD",
      "Confidence": 99.38581848144531,
      "Text": "-",
      "TextType": "PRINTED",
      "Geometry": {
        "BoundingBox": {
          "Width": 0.007247466593980789,
          "Height": 0.003970740828663111,
          "Left": 0.6953926682472229,
          "Top": 0.5233237743377686
        },
        "Polygon": [
          {
            "X": 0.6953926682472229,
            "Y": 0.5233237743377686
          },
          {
            "X": 0.702621340751648,
            "Y": 0.5233410000801086
          },
          {
            "X": 0.7026401162147522,
            "Y": 0.5272945165634155
          },
          {
            "X": 0.6954113841056824,
            "Y": 0.5272771120071411
          }
        ]
      },
      "Id": "597d348d-04c7-4a7c-b6e2-5f9894a31920",
      "Page": 1
    },
    {
      "BlockType": "WORD",
      "Confidence": 99.7970199584961,
      "Text": "GFRP",
      "TextType": "PRINTED",
      "Geometry": {
        "BoundingBox": {
          "Width": 0.03332587704062462,
          "Height": 0.01904151774942875,
          "Left": 0.25239986181259155,
          "Top": 0.5443833470344543
        },
        "Polygon": [
          {
            "X": 0.25239986181259155,
            "Y": 0.5443833470344543
          },
          {
            "X": 0.2856537401676178,
            "Y": 0.5444665551185608
          },
          {
            "X": 0.28572574257850647,
            "Y": 0.5634248852729797
          },
          {
            "X": 0.2524704039096832,
            "Y": 0.5633383989334106
          }
        ]
      },
      "Id": "f5de4433-618f-411e-bf92-a6be8c81f22a",
      "Page": 1
    },
    {
      "BlockType": "WORD",
      "Confidence": 99.84406280517578,
      "Text": "+",
      "TextType": "PRINTED",
      "Geometry": {
        "BoundingBox": {
          "Width": 0.007548272609710693,
          "Height": 0.013317631557583809,
          "Left": 0.28899332880973816,
          "Top": 0.5474973320960999
        },
        "Polygon": [
          {
            "X": 0.28899332880973816,
            "Y": 0.5474973320960999
          },
          {
            "X": 0.29649075865745544,
            "Y": 0.5475161671638489
          },
          {
            "X": 0.29654160141944885,
            "Y": 0.5608149170875549
          },
          {
            "X": 0.2890439033508301,
            "Y": 0.5607955455780029
          }
        ]
      },
      "Id": "2e5db0b2-8b52-4399-9ed2-cf1704305a92",
      "Page": 1
    },
    {
      "BlockType": "WORD",
      "Confidence": 99.9457778930664,
      "Text": "0.5%",
      "TextType": "PRINTED",
      "Geometry": {
        "BoundingBox": {
          "Width": 0.028286419808864594,
          "Height": 0.018898604437708855,
          "Left": 0.30006974935531616,
          "Top": 0.5447097420692444
        },
        "Polygon": [
          {
            "X": 0.30006974935531616,
            "Y": 0.5447097420692444
          },
          {
            "X": 0.32828283309936523,
            "Y": 0.5447803139686584
          },
          {
            "X": 0.32835614681243896,
            "Y": 0.5636083483695984
          },
          {
            "X": 0.300141841173172,
            "Y": 0.5635349154472351
          }
        ]
      },
      "Id": "50f08efb-bcb8-4111-8722-eee70c17f790",
      "Page": 1
    },
    {
      "BlockType": "WORD",
      "Confidence": 98.79912567138672,
      "Text": "CNT",
      "TextType": "PRINTED",
      "Geometry": {
        "BoundingBox": {
          "Width": 0.026683777570724487,
          "Height": 0.018800774589180946,
          "Left": 0.33266305923461914,
          "Top": 0.5446367263793945
        },
        "Polygon": [
          {
            "X": 0.33266305923461914,
            "Y": 0.5446367263793945
          },
          {
            "X": 0.3592725396156311,
            "Y": 0.5447032451629639
          },
          {
            "X": 0.35934683680534363,
            "Y": 0.5634375214576721
          },
          {
            "X": 0.33273619413375854,
            "Y": 0.5633683204650879
          }
        ]
      },
      "Id": "cab7501c-6363-4510-9de4-b80f07dce7a9",
      "Page": 1
    },
    {
      "BlockType": "WORD",
      "Confidence": 64.82720947265625,
      "Text": "99,5",
      "TextType": "PRINTED",
      "Geometry": {
        "BoundingBox": {
          "Width": 0.02690446749329567,
          "Height": 0.01864476129412651,
          "Left": 0.4382876753807068,
          "Top": 0.5450125932693481
        },
        "Polygon": [
          {
            "X": 0.4382876753807068,
            "Y": 0.5450125932693481
          },
          {
            "X": 0.4651139974594116,
            "Y": 0.5450797080993652
          },
          {
            "X": 0.46519213914871216,
            "Y": 0.5636573433876038
          },
          {
            "X": 0.4383646845817566,
            "Y": 0.5635876059532166
          }
        ]
      },
      "Id": "d088ea67-dd81-4df3-b5c2-42ba6d1dc4d3",
      "Page": 1
    },
    {
      "BlockType": "WORD",
      "Confidence": 98.69873809814453,
      "Text": "-",
      "TextType": "PRINTED",
      "Geometry": {
        "BoundingBox": {
          "Width": 0.006957315374165773,
          "Height": 0.003509263275191188,
          "Left": 0.5568797588348389,
          "Top": 0.554614245891571
        },
        "Polygon": [
          {
            "X": 0.5568797588348389,
            "Y": 0.554614245891571
          },
          {
            "X": 0.5638216137886047,
            "Y": 0.5546319484710693
          },
          {
            "X": 0.5638371109962463,
            "Y": 0.5581235289573669
          },
          {
            "X": 0.5568951964378357,
            "Y": 0.5581057071685791
          }
        ]
      },
      "Id": "21b6bf97-0581-42ed-9945-0f0b3fac49a5",
      "Page": 1
    },
    {
      "BlockType": "WORD",
      "Confidence": 96.72630310058594,
      "Text": "0.5",
      "TextType": "PRINTED",
      "Geometry": {
        "BoundingBox": {
          "Width": 0.017978042364120483,
          "Height": 0.019581597298383713,
          "Left": 0.6952214241027832,
          "Top": 0.5443695187568665
        },
        "Polygon": [
          {
            "X": 0.6952214241027832,
            "Y": 0.5443695187568665
          },
          {
            "X": 0.7131062150001526,
            "Y": 0.5444141626358032
          },
          {
            "X": 0.7131994962692261,
            "Y": 0.5639511346817017
          },
          {
            "X": 0.6953138709068298,
            "Y": 0.5639047026634216
          }
        ]
      },
      "Id": "6f032af0-505a-493d-9d6a-a2bf37ae40ac",
      "Page": 1
    },
    {
      "BlockType": "WORD",
      "Confidence": 99.78739929199219,
      "Text": "GFRP",
      "TextType": "PRINTED",
      "Geometry": {
        "BoundingBox": {
          "Width": 0.03320619836449623,
          "Height": 0.019089149311184883,
          "Left": 0.25254151225090027,
          "Top": 0.575559139251709
        },
        "Polygon": [
          {
            "X": 0.25254151225090027,
            "Y": 0.575559139251709
          },
          {
            "X": 0.2856755554676056,
            "Y": 0.5756474733352661
          },
          {
            "X": 0.2857477068901062,
            "Y": 0.5946483016014099
          },
          {
            "X": 0.2526122033596039,
            "Y": 0.5945566892623901
          }
        ]
      },
      "Id": "7aa556e0-78c3-4318-acf2-81b705a97402",
      "Page": 1
    },
    {
      "BlockType": "WORD",
      "Confidence": 99.73767852783203,
      "Text": "+",
      "TextType": "PRINTED",
      "Geometry": {
        "BoundingBox": {
          "Width": 0.007724266033619642,
          "Height": 0.013170371763408184,
          "Left": 0.2889132797718048,
          "Top": 0.5787875652313232
        },
        "Polygon": [
          {
            "X": 0.2889132797718048,
            "Y": 0.5787875652313232
          },
          {
            "X": 0.2965872883796692,
            "Y": 0.5788081288337708
          },
          {
            "X": 0.29663756489753723,
            "Y": 0.5919579267501831
          },
          {
            "X": 0.28896331787109375,
            "Y": 0.5919368267059326
          }
        ]
      },
      "Id": "6b900456-7aee-40ce-acb6-3a0289216405",
      "Page": 1
    },
    {
      "BlockType": "WORD",
      "Confidence": 99.84111785888672,
      "Text": "1%",
      "TextType": "PRINTED",
      "Geometry": {
        "BoundingBox": {
          "Width": 0.015554911457002163,
          "Height": 0.018675221130251884,
          "Left": 0.301272451877594,
          "Top": 0.5758503079414368
        },
        "Polygon": [
          {
            "X": 0.301272451877594,
            "Y": 0.5758503079414368
          },
          {
            "X": 0.3167552649974823,
            "Y": 0.5758915543556213
          },
          {
            "X": 0.31682735681533813,
            "Y": 0.5945255160331726
          },
          {
            "X": 0.3013438582420349,
            "Y": 0.5944827198982239
          }
        ]
      },
      "Id": "3f5ea58b-5758-4187-8375-9406c8207b41",
      "Page": 1
    },
    {
      "BlockType": "WORD",
      "Confidence": 99.90457916259766,
      "Text": "CNT",
      "TextType": "PRINTED",
      "Geometry": {
        "BoundingBox": {
          "Width": 0.0270600076764822,
          "Height": 0.018784435465931892,
          "Left": 0.3212338089942932,
          "Top": 0.575876772403717
        },
        "Polygon": [
          {
            "X": 0.3212338089942932,
            "Y": 0.575876772403717
          },
          {
            "X": 0.3482201099395752,
            "Y": 0.5759486556053162
          },
          {
            "X": 0.34829384088516235,
            "Y": 0.5946611762046814
          },
          {
            "X": 0.32130637764930725,
            "Y": 0.5945866107940674
          }
        ]
      },
      "Id": "1687da18-6e48-48dc-9d63-b885e0f4591e",
      "Page": 1
    },
    {
      "BlockType": "WORD",
      "Confidence": 99.90214538574219,
      "Text": "99",
      "TextType": "PRINTED",
      "Geometry": {
        "BoundingBox": {
          "Width": 0.01580353081226349,
          "Height": 0.018915647640824318,
          "Left": 0.43828141689300537,
          "Top": 0.5761061906814575
        },
        "Polygon": [
          {
            "X": 0.43828141689300537,
            "Y": 0.5761061906814575
          },
          {
            "X": 0.45400601625442505,
            "Y": 0.5761480927467346
          },
          {
            "X": 0.45408493280410767,
            "Y": 0.5950218439102173
          },
          {
            "X": 0.43835964798927307,
            "Y": 0.5949783325195312
          }
        ]
      },
      "Id": "cc5e186c-d1b9-498b-8e74-d8b04b29d3a9",
      "Page": 1
    },
    {
      "BlockType": "WORD",
      "Confidence": 96.56056213378906,
      "Text": "-",
      "TextType": "PRINTED",
      "Geometry": {
        "BoundingBox": {
          "Width": 0.007261945400387049,
          "Height": 0.003856777912005782,
          "Left": 0.5569049119949341,
          "Top": 0.5855772495269775
        },
        "Polygon": [
          {
            "X": 0.5569049119949341,
            "Y": 0.5855772495269775
          },
          {
            "X": 0.5641498565673828,
            "Y": 0.5855969190597534
          },
          {
            "X": 0.5641669034957886,
            "Y": 0.589434027671814
          },
          {
            "X": 0.5569218993186951,
            "Y": 0.5894142389297485
          }
        ]
      },
      "Id": "b6190532-9ead-48a2-9ab0-b5220662d57c",
      "Page": 1
    },
    {
      "BlockType": "WORD",
      "Confidence": 99.76793670654297,
      "Text": "1",
      "TextType": "PRINTED",
      "Geometry": {
        "BoundingBox": {
          "Width": 0.004980366211384535,
          "Height": 0.018274657428264618,
          "Left": 0.6964802742004395,
          "Top": 0.5759717226028442
        },
        "Polygon": [
          {
            "X": 0.6964802742004395,
            "Y": 0.5759717226028442
          },
          {
            "X": 0.7013739943504333,
            "Y": 0.57598477602005
          },
          {
            "X": 0.7014606595039368,
            "Y": 0.5942463874816895
          },
          {
            "X": 0.6965667605400085,
            "Y": 0.5942329168319702
          }
        ]
      },
      "Id": "51cc9fb9-5fd2-4733-801a-dad8fd1b9641",
      "Page": 1
    },
    {
      "BlockType": "TABLE",
      "Confidence": 99.462890625,
      "Geometry": {
        "BoundingBox": {
          "Width": 0.5374860763549805,
          "Height": 0.2208915650844574,
          "Left": 0.2316998392343521,
          "Top": 0.3891570270061493
        },
        "Polygon": [
          {
            "X": 0.2316998392343521,
            "Y": 0.3891570270061493
          },
          {
            "X": 0.7681078910827637,
            "Y": 0.39006009697914124
          },
          {
            "X": 0.7691859602928162,
            "Y": 0.6100485920906067
          },
          {
            "X": 0.2325061708688736,
            "Y": 0.6085250377655029
          }
        ]
      },
      "Id": "3a8cf5a7-21e9-427a-a4a2-c6fbcba9566c",
      "Relationships": [
        {
          "Type": "CHILD",
          "Ids": [
            "6c9afee6-ddbc-416b-b78b-f1de32c21a49",
            "42307060-2f3f-455c-8ef2-0c1106efcf48",
            "6640661e-7181-4e81-9550-639199f7f7ea",
            "f9114fb0-df21-410e-a889-c188ee1e1124",
            "a59a211e-d9b2-4bc5-aae8-1d703150c447",
            "78c9c117-ac45-4031-acef-0024be7a0b2f",
            "3d600c5b-5389-4ca4-aa79-4cab0e6327b5",
            "8aba1fe1-e808-4281-b685-e0ec4651e406",
            "2dee3a5f-7ea1-466d-99d7-f0bc83d396b2",
            "458fa8ac-f895-4e9c-9bc4-c2d595d3588d",
            "e913ea83-f0e3-4cc3-b912-a961126ec7b7",
            "3927e575-498c-43ed-a45f-2c75d99a70ae",
            "19197701-f7f3-415c-81c3-f721d9f509fa",
            "87f9d435-2d7a-4462-9ff9-870f17383b1c",
            "d116ea59-c853-4e73-b698-776916fb6f13",
            "5ef8012f-d006-435b-b64e-7b099758dfcf",
            "7c36f879-2396-4fa1-8940-d45663decb89",
            "ec0df3b4-1360-4668-a0a3-61c2eefe0f59",
            "4087e277-6207-43a7-8e18-b7ff9fa4c9e9",
            "8f8ad407-c135-430e-bf28-831d3569c7c3",
            "d57725df-de43-4399-a40b-346b758322c0",
            "e1ace3a4-60a6-4889-b8a4-9a1cba7840a2",
            "48c917f3-5a88-4a25-8287-ed870fac9eb4",
            "25ed13f8-1af8-416d-bdb3-3e7d0bc5627c"
          ]
        }
      ],
      "EntityTypes": [
        "STRUCTURED_TABLE"
      ],
      "Page": 1
    },
    {
      "BlockType": "CELL",
      "Confidence": 93.06640625,
      "RowIndex": 1,
      "ColumnIndex": 1,
      "RowSpan": 1,
      "ColumnSpan": 1,
      "Geometry": {
        "BoundingBox": {
          "Width": 0.1603882759809494,
          "Height": 0.04970889165997505,
          "Left": 0.2316998392343521,
          "Top": 0.3891570270061493
        },
        "Polygon": [
          {
            "X": 0.2316998392343521,
            "Y": 0.3891570270061493
          },
          {
            "X": 0.3918883204460144,
            "Y": 0.38942670822143555
          },
          {
            "X": 0.3920881152153015,
            "Y": 0.43886592984199524
          },
          {
            "X": 0.23188140988349915,
            "Y": 0.4385545253753662
          }
        ]
      },
      "Id": "6c9afee6-ddbc-416b-b78b-f1de32c21a49",
      "Relationships": [
        {
          "Type": "CHILD",
          "Ids": [
            "d361f827-c1b4-4b56-8a23-001adc52369e"
          ]
        }
      ],
      "EntityTypes": [
        "COLUMN_HEADER"
      ],
      "Page": 1
    },
    {
      "BlockType": "CELL",
      "Confidence": 91.50390625,
      "RowIndex": 1,
      "ColumnIndex": 2,
      "RowSpan": 1,
      "ColumnSpan": 1,
      "Geometry": {
        "BoundingBox": {
          "Width": 0.1256578117609024,
          "Height": 0.049683064222335815,
          "Left": 0.3918883204460144,
          "Top": 0.38942670822143555
        },
        "Polygon": [
          {
            "X": 0.3918883204460144,
            "Y": 0.38942670822143555
          },
          {
            "X": 0.5173320174217224,
            "Y": 0.38963791728019714
          },
          {
            "X": 0.5175461173057556,
            "Y": 0.43910977244377136
          },
          {
            "X": 0.3920881152153015,
            "Y": 0.43886592984199524
          }
        ]
      },
      "Id": "42307060-2f3f-455c-8ef2-0c1106efcf48",
      "Relationships": [
        {
          "Type": "CHILD",
          "Ids": [
            "8fd926af-93ef-46b8-a487-5cc2efbf363a"
          ]
        }
      ],
      "EntityTypes": [
        "COLUMN_HEADER"
      ],
      "Page": 1
    },
    {
      "BlockType": "CELL",
      "Confidence": 93.408203125,
      "RowIndex": 1,
      "ColumnIndex": 3,
      "RowSpan": 1,
      "ColumnSpan": 1,
      "Geometry": {
        "BoundingBox": {
          "Width": 0.13810275495052338,
          "Height": 0.04973988980054855,
          "Left": 0.5173320174217224,
          "Top": 0.38963791728019714
        },
        "Polygon": [
          {
            "X": 0.5173320174217224,
            "Y": 0.38963791728019714
          },
          {
            "X": 0.6552049517631531,
            "Y": 0.3898700177669525
          },
          {
            "X": 0.655434787273407,
            "Y": 0.4393777847290039
          },
          {
            "X": 0.5175461173057556,
            "Y": 0.43910977244377136
          }
        ]
      },
      "Id": "6640661e-7181-4e81-9550-639199f7f7ea",
      "Relationships": [
        {
          "Type": "CHILD",
          "Ids": [
            "1ba90544-3591-4b0b-b027-ed96ccecc897"
          ]
        }
      ],
      "EntityTypes": [
        "COLUMN_HEADER"
      ],
      "Page": 1
    },
    {
      "BlockType": "CELL",
      "Confidence": 91.89453125,
      "RowIndex": 1,
      "ColumnIndex": 4,
      "RowSpan": 1,
      "ColumnSpan": 1,
      "Geometry": {
        "BoundingBox": {
          "Width": 0.11314572393894196,
          "Height": 0.04972724989056587,
          "Left": 0.6552049517631531,
          "Top": 0.3898700177669525
        },
        "Polygon": [
          {
            "X": 0.6552049517631531,
            "Y": 0.3898700177669525
          },
          {
            "X": 0.7681078910827637,
            "Y": 0.39006009697914124
          },
          {
            "X": 0.7683506608009338,
            "Y": 0.4395972788333893
          },
          {
            "X": 0.655434787273407,
            "Y": 0.4393777847290039
          }
        ]
      },
      "Id": "f9114fb0-df21-410e-a889-c188ee1e1124",
      "Relationships": [
        {
          "Type": "CHILD",
          "Ids": [
            "02214041-e017-4483-b7af-f2930524add5"
          ]
        }
      ],
      "EntityTypes": [
        "COLUMN_HEADER"
      ],
      "Page": 1
    },
    {
      "BlockType": "CELL",
      "Confidence": 88.818359375,
      "RowIndex": 2,
      "ColumnIndex": 1,
      "RowSpan": 1,
      "ColumnSpan": 1,
      "Geometry": {
        "BoundingBox": {
          "Width": 0.16035443544387817,
          "Height": 0.03686371073126793,
          "Left": 0.23188140988349915,
          "Top": 0.4385545253753662
        },
        "Polygon": [
          {
            "X": 0.23188140988349915,
            "Y": 0.4385545253753662
          },
          {
            "X": 0.3920881152153015,
            "Y": 0.43886592984199524
          },
          {
            "X": 0.3922358453273773,
            "Y": 0.47541823983192444
          },
          {
            "X": 0.23201565444469452,
            "Y": 0.47507601976394653
          }
        ]
      },
      "Id": "a59a211e-d9b2-4bc5-aae8-1d703150c447",
      "Relationships": [
        {
          "Type": "CHILD",
          "Ids": [
            "de6060c9-c6e3-419d-896e-a12bdc8af85c"
          ]
        }
      ],
      "Page": 1
    },
    {
      "BlockType": "CELL",
      "Confidence": 87.353515625,
      "RowIndex": 2,
      "ColumnIndex": 2,
      "RowSpan": 1,
      "ColumnSpan": 1,
      "Geometry": {
        "BoundingBox": {
          "Width": 0.12561631202697754,
          "Height": 0.03682032600045204,
          "Left": 0.3920881152153015,
          "Top": 0.43886592984199524
        },
        "Polygon": [
          {
            "X": 0.3920881152153015,
            "Y": 0.43886592984199524
          },
          {
            "X": 0.5175461173057556,
            "Y": 0.43910977244377136
          },
          {
            "X": 0.517704427242279,
            "Y": 0.475686252117157
          },
          {
            "X": 0.3922358453273773,
            "Y": 0.47541823983192444
          }
        ]
      },
      "Id": "78c9c117-ac45-4031-acef-0024be7a0b2f",
      "Relationships": [
        {
          "Type": "CHILD",
          "Ids": [
            "d6923a09-19bf-48f2-9dce-1711d67a69db"
          ]
        }
      ],
      "Page": 1
    },
    {
      "BlockType": "CELL",
      "Confidence": 89.16015625,
      "RowIndex": 2,
      "ColumnIndex": 3,
      "RowSpan": 1,
      "ColumnSpan": 1,
      "Geometry": {
        "BoundingBox": {
          "Width": 0.13805857300758362,
          "Height": 0.036871034651994705,
          "Left": 0.5175461173057556,
          "Top": 0.43910977244377136
        },
        "Polygon": [
          {
            "X": 0.5175461173057556,
            "Y": 0.43910977244377136
          },
          {
            "X": 0.655434787273407,
            "Y": 0.4393777847290039
          },
          {
            "X": 0.6556047201156616,
            "Y": 0.47598081827163696
          },
          {
            "X": 0.517704427242279,
            "Y": 0.475686252117157
          }
        ]
      },
      "Id": "3d600c5b-5389-4ca4-aa79-4cab0e6327b5",
      "Relationships": [
        {
          "Type": "CHILD",
          "Ids": [
            "1b9ed321-d1a1-4644-b3ba-b33b6786faeb"
          ]
        }
      ],
      "Page": 1
    },
    {
      "BlockType": "CELL",
      "Confidence": 87.6953125,
      "RowIndex": 2,
      "ColumnIndex": 4,
      "RowSpan": 1,
      "ColumnSpan": 1,
      "Geometry": {
        "BoundingBox": {
          "Width": 0.11309535801410675,
          "Height": 0.03684423491358757,
          "Left": 0.655434787273407,
          "Top": 0.4393777847290039
        },
        "Polygon": [
          {
            "X": 0.655434787273407,
            "Y": 0.4393777847290039
          },
          {
            "X": 0.7683506608009338,
            "Y": 0.4395972788333893
          },
          {
            "X": 0.7685301303863525,
            "Y": 0.47622203826904297
          },
          {
            "X": 0.6556047201156616,
            "Y": 0.47598081827163696
          }
        ]
      },
      "Id": "8aba1fe1-e808-4281-b685-e0ec4651e406",
      "Relationships": [
        {
          "Type": "CHILD",
          "Ids": [
            "da5f74e7-18a6-420a-a770-9e0eace52b3b"
          ]
        }
      ],
      "Page": 1
    },
    {
      "BlockType": "CELL",
      "Confidence": 86.328125,
      "RowIndex": 3,
      "ColumnIndex": 1,
      "RowSpan": 1,
      "ColumnSpan": 1,
      "Geometry": {
        "BoundingBox": {
          "Width": 0.16034682095050812,
          "Height": 0.03167765215039253,
          "Left": 0.23201565444469452,
          "Top": 0.47507601976394653
        },
        "Polygon": [
          {
            "X": 0.23201565444469452,
            "Y": 0.47507601976394653
          },
          {
            "X": 0.3922358453273773,
            "Y": 0.47541823983192444
          },
          {
            "X": 0.39236247539520264,
            "Y": 0.50675368309021
          },
          {
            "X": 0.2321307361125946,
            "Y": 0.5063849687576294
          }
        ]
      },
      "Id": "2dee3a5f-7ea1-466d-99d7-f0bc83d396b2",
      "Relationships": [
        {
          "Type": "CHILD",
          "Ids": [
            "e867fe7b-bb16-478d-8dce-454b47d5b6cd",
            "c597739b-a16e-40a2-b3d6-423c0563b2aa",
            "c8019c0b-6275-447b-93b3-83eaa7fa86c7",
            "0d79fc90-ade9-4291-aa3d-d3b616698d2a"
          ]
        }
      ],
      "Page": 1
    },
    {
      "BlockType": "CELL",
      "Confidence": 84.86328125,
      "RowIndex": 3,
      "ColumnIndex": 2,
      "RowSpan": 1,
      "ColumnSpan": 1,
      "Geometry": {
        "BoundingBox": {
          "Width": 0.1256042867898941,
          "Height": 0.03162413090467453,
          "Left": 0.3922358453273773,
          "Top": 0.47541823983192444
        },
        "Polygon": [
          {
            "X": 0.3922358453273773,
            "Y": 0.47541823983192444
          },
          {
            "X": 0.517704427242279,
            "Y": 0.475686252117157
          },
          {
            "X": 0.5178401470184326,
            "Y": 0.507042407989502
          },
          {
            "X": 0.39236247539520264,
            "Y": 0.50675368309021
          }
        ]
      },
      "Id": "458fa8ac-f895-4e9c-9bc4-c2d595d3588d",
      "Relationships": [
        {
          "Type": "CHILD",
          "Ids": [
            "6fbd43e5-99a8-408a-9414-b9f923f92ac1"
          ]
        }
      ],
      "Page": 1
    },
    {
      "BlockType": "CELL",
      "Confidence": 86.62109375,
      "RowIndex": 3,
      "ColumnIndex": 3,
      "RowSpan": 1,
      "ColumnSpan": 1,
      "Geometry": {
        "BoundingBox": {
          "Width": 0.13804596662521362,
          "Height": 0.03167345002293587,
          "Left": 0.517704427242279,
          "Top": 0.475686252117157
        },
        "Polygon": [
          {
            "X": 0.517704427242279,
            "Y": 0.475686252117157
          },
          {
            "X": 0.6556047201156616,
            "Y": 0.47598081827163696
          },
          {
            "X": 0.6557503938674927,
            "Y": 0.5073596835136414
          },
          {
            "X": 0.5178401470184326,
            "Y": 0.507042407989502
          }
        ]
      },
      "Id": "e913ea83-f0e3-4cc3-b912-a961126ec7b7",
      "Relationships": [
        {
          "Type": "CHILD",
          "Ids": [
            "3536bd11-a83a-4ad7-9065-bf8f3e7a675c"
          ]
        }
      ],
      "Page": 1
    },
    {
      "BlockType": "CELL",
      "Confidence": 85.205078125,
      "RowIndex": 3,
      "ColumnIndex": 4,
      "RowSpan": 1,
      "ColumnSpan": 1,
      "Geometry": {
        "BoundingBox": {
          "Width": 0.11307927966117859,
          "Height": 0.0316387414932251,
          "Left": 0.6556047201156616,
          "Top": 0.47598081827163696
        },
        "Polygon": [
          {
            "X": 0.6556047201156616,
            "Y": 0.47598081827163696
          },
          {
            "X": 0.7685301303863525,
            "Y": 0.47622203826904297
          },
          {
            "X": 0.7686839699745178,
            "Y": 0.5076195597648621
          },
          {
            "X": 0.6557503938674927,
            "Y": 0.5073596835136414
          }
        ]
      },
      "Id": "3927e575-498c-43ed-a45f-2c75d99a70ae",
      "Relationships": [
        {
          "Type": "CHILD",
          "Ids": [
            "f75594b1-efe1-4b92-99aa-ee4a725cbcb2"
          ]
        }
      ],
      "Page": 1
    },
    {
      "BlockType": "CELL",
      "Confidence": 88.037109375,
      "RowIndex": 4,
      "ColumnIndex": 1,
      "RowSpan": 1,
      "ColumnSpan": 1,
      "Geometry": {
        "BoundingBox": {
          "Width": 0.16035839915275574,
          "Height": 0.03170858323574066,
          "Left": 0.2321307361125946,
          "Top": 0.5063849687576294
        },
        "Polygon": [
          {
            "X": 0.2321307361125946,
            "Y": 0.5063849687576294
          },
          {
            "X": 0.39236247539520264,
            "Y": 0.50675368309021
          },
          {
            "X": 0.39248913526535034,
            "Y": 0.5380935668945312
          },
          {
            "X": 0.23224583268165588,
            "Y": 0.5376984477043152
          }
        ]
      },
      "Id": "19197701-f7f3-415c-81c3-f721d9f509fa",
      "Relationships": [
        {
          "Type": "CHILD",
          "Ids": [
            "0f29e198-76fb-479b-868c-921399c44238",
            "8c3bc5a6-1bcf-4610-8a79-8f72327bcd07",
            "e578e423-e18f-4409-b233-b61530f70124",
            "1732832d-a23b-49bf-b8ca-19f9af5a8c3f"
          ]
        }
      ],
      "Page": 1
    },
    {
      "BlockType": "CELL",
      "Confidence": 86.572265625,
      "RowIndex": 4,
      "ColumnIndex": 2,
      "RowSpan": 1,
      "ColumnSpan": 1,
      "Geometry": {
        "BoundingBox": {
          "Width": 0.12561337649822235,
          "Height": 0.031649332493543625,
          "Left": 0.39236247539520264,
          "Top": 0.50675368309021
        },
        "Polygon": [
          {
            "X": 0.39236247539520264,
            "Y": 0.50675368309021
          },
          {
            "X": 0.5178401470184326,
            "Y": 0.507042407989502
          },
          {
            "X": 0.5179758667945862,
            "Y": 0.5384029746055603
          },
          {
            "X": 0.39248913526535034,
            "Y": 0.5380935668945312
          }
        ]
      },
      "Id": "87f9d435-2d7a-4462-9ff9-870f17383b1c",
      "Relationships": [
        {
          "Type": "CHILD",
          "Ids": [
            "d15769f4-c825-4ced-ab63-a3066244b71d"
          ]
        }
      ],
      "Page": 1
    },
    {
      "BlockType": "CELL",
      "Confidence": 88.37890625,
      "RowIndex": 4,
      "ColumnIndex": 3,
      "RowSpan": 1,
      "ColumnSpan": 1,
      "Geometry": {
        "BoundingBox": {
          "Width": 0.1380559653043747,
          "Height": 0.03170070797204971,
          "Left": 0.5178401470184326,
          "Top": 0.507042407989502
        },
        "Polygon": [
          {
            "X": 0.5178401470184326,
            "Y": 0.507042407989502
          },
          {
            "X": 0.6557503938674927,
            "Y": 0.5073596835136414
          },
          {
            "X": 0.6558960676193237,
            "Y": 0.5387430787086487
          },
          {
            "X": 0.5179758667945862,
            "Y": 0.5384029746055603
          }
        ]
      },
      "Id": "d116ea59-c853-4e73-b698-776916fb6f13",
      "Relationships": [
        {
          "Type": "CHILD",
          "Ids": [
            "26998744-254a-4a40-aa03-2c5bc87679ce"
          ]
        }
      ],
      "Page": 1
    },
    {
      "BlockType": "CELL",
      "Confidence": 86.9140625,
      "RowIndex": 4,
      "ColumnIndex": 4,
      "RowSpan": 1,
      "ColumnSpan": 1,
      "Geometry": {
        "BoundingBox": {
          "Width": 0.1130874827504158,
          "Height": 0.03166188299655914,
          "Left": 0.6557503938674927,
          "Top": 0.5073596835136414
        },
        "Polygon": [
          {
            "X": 0.6557503938674927,
            "Y": 0.5073596835136414
          },
          {
            "X": 0.7686839699745178,
            "Y": 0.5076195597648621
          },
          {
            "X": 0.7688378691673279,
            "Y": 0.5390216112136841
          },
          {
            "X": 0.6558960676193237,
            "Y": 0.5387430787086487
          }
        ]
      },
      "Id": "5ef8012f-d006-435b-b64e-7b099758dfcf",
      "Relationships": [
        {
          "Type": "CHILD",
          "Ids": [
            "597d348d-04c7-4a7c-b6e2-5f9894a31920"
          ]
        }
      ],
      "Page": 1
    },
    {
      "BlockType": "CELL",
      "Confidence": 87.255859375,
      "RowIndex": 5,
      "ColumnIndex": 1,
      "RowSpan": 1,
      "ColumnSpan": 1,
      "Geometry": {
        "BoundingBox": {
          "Width": 0.16036997735500336,
          "Height": 0.03173952177166939,
          "Left": 0.23224583268165588,
          "Top": 0.5376984477043152
        },
        "Polygon": [
          {
            "X": 0.23224583268165588,
            "Y": 0.5376984477043152
          },
          {
            "X": 0.39248913526535034,
            "Y": 0.5380935668945312
          },
          {
            "X": 0.39261582493782043,
            "Y": 0.5694379210472107
          },
          {
            "X": 0.23236095905303955,
            "Y": 0.5690163373947144
          }
        ]
      },
      "Id": "7c36f879-2396-4fa1-8940-d45663decb89",
      "Relationships": [
        {
          "Type": "CHILD",
          "Ids": [
            "f5de4433-618f-411e-bf92-a6be8c81f22a",
            "2e5db0b2-8b52-4399-9ed2-cf1704305a92",
            "50f08efb-bcb8-4111-8722-eee70c17f790",
            "cab7501c-6363-4510-9de4-b80f07dce7a9"
          ]
        }
      ],
      "Page": 1
    },
    {
      "BlockType": "CELL",
      "Confidence": 85.791015625,
      "RowIndex": 5,
      "ColumnIndex": 2,
      "RowSpan": 1,
      "ColumnSpan": 1,
      "Geometry": {
        "BoundingBox": {
          "Width": 0.1256224662065506,
          "Height": 0.03167453780770302,
          "Left": 0.39248913526535034,
          "Top": 0.5380935668945312
        },
        "Polygon": [
          {
            "X": 0.39248913526535034,
            "Y": 0.5380935668945312
          },
          {
            "X": 0.5179758667945862,
            "Y": 0.5384029746055603
          },
          {
            "X": 0.5181115865707397,
            "Y": 0.5697680711746216
          },
          {
            "X": 0.39261582493782043,
            "Y": 0.5694379210472107
          }
        ]
      },
      "Id": "ec0df3b4-1360-4668-a0a3-61c2eefe0f59",
      "Relationships": [
        {
          "Type": "CHILD",
          "Ids": [
            "d088ea67-dd81-4df3-b5c2-42ba6d1dc4d3"
          ]
        }
      ],
      "Page": 1
    },
    {
      "BlockType": "CELL",
      "Confidence": 87.548828125,
      "RowIndex": 5,
      "ColumnIndex": 3,
      "RowSpan": 1,
      "ColumnSpan": 1,
      "Geometry": {
        "BoundingBox": {
          "Width": 0.13806596398353577,
          "Height": 0.031727973371744156,
          "Left": 0.5179758667945862,
          "Top": 0.5384029746055603
        },
        "Polygon": [
          {
            "X": 0.5179758667945862,
            "Y": 0.5384029746055603
          },
          {
            "X": 0.6558960676193237,
            "Y": 0.5387430787086487
          },
          {
            "X": 0.6560418009757996,
            "Y": 0.5701309442520142
          },
          {
            "X": 0.5181115865707397,
            "Y": 0.5697680711746216
          }
        ]
      },
      "Id": "4087e277-6207-43a7-8e18-b7ff9fa4c9e9",
      "Relationships": [
        {
          "Type": "CHILD",
          "Ids": [
            "21b6bf97-0581-42ed-9945-0f0b3fac49a5"
          ]
        }
      ],
      "Page": 1
    },
    {
      "BlockType": "CELL",
      "Confidence": 86.1328125,
      "RowIndex": 5,
      "ColumnIndex": 4,
      "RowSpan": 1,
      "ColumnSpan": 1,
      "Geometry": {
        "BoundingBox": {
          "Width": 0.11309568583965302,
          "Height": 0.03168502822518349,
          "Left": 0.6558960676193237,
          "Top": 0.5387430787086487
        },
        "Polygon": [
          {
            "X": 0.6558960676193237,
            "Y": 0.5387430787086487
          },
          {
            "X": 0.7688378691673279,
            "Y": 0.5390216112136841
          },
          {
            "X": 0.7689917683601379,
            "Y": 0.5704281330108643
          },
          {
            "X": 0.6560418009757996,
            "Y": 0.5701309442520142
          }
        ]
      },
      "Id": "8f8ad407-c135-430e-bf28-831d3569c7c3",
      "Relationships": [
        {
          "Type": "CHILD",
          "Ids": [
            "6f032af0-505a-493d-9d6a-a2bf37ae40ac"
          ]
        }
      ],
      "Page": 1
    },
    {
      "BlockType": "CELL",
      "Confidence": 90.380859375,
      "RowIndex": 6,
      "ColumnIndex": 1,
      "RowSpan": 1,
      "ColumnSpan": 1,
      "Geometry": {
        "BoundingBox": {
          "Width": 0.1604146808385849,
          "Height": 0.039963673800230026,
          "Left": 0.23236095905303955,
          "Top": 0.5690163373947144
        },
        "Polygon": [
          {
            "X": 0.23236095905303955,
            "Y": 0.5690163373947144
          },
          {
            "X": 0.39261582493782043,
            "Y": 0.5694379210472107
          },
          {
            "X": 0.39277562499046326,
            "Y": 0.6089800000190735
          },
          {
            "X": 0.2325061708688736,
            "Y": 0.6085250377655029
          }
        ]
      },
      "Id": "d57725df-de43-4399-a40b-346b758322c0",
      "Relationships": [
        {
          "Type": "CHILD",
          "Ids": [
            "7aa556e0-78c3-4318-acf2-81b705a97402",
            "6b900456-7aee-40ce-acb6-3a0289216405",
            "3f5ea58b-5758-4187-8375-9406c8207b41",
            "1687da18-6e48-48dc-9d63-b885e0f4591e"
          ]
        }
      ],
      "Page": 1
    },
    {
      "BlockType": "CELL",
      "Confidence": 88.8671875,
      "RowIndex": 6,
      "ColumnIndex": 2,
      "RowSpan": 1,
      "ColumnSpan": 1,
      "Geometry": {
        "BoundingBox": {
          "Width": 0.1256670355796814,
          "Height": 0.039898376911878586,
          "Left": 0.39261582493782043,
          "Top": 0.5694379210472107
        },
        "Polygon": [
          {
            "X": 0.39261582493782043,
            "Y": 0.5694379210472107
          },
          {
            "X": 0.5181115865707397,
            "Y": 0.5697680711746216
          },
          {
            "X": 0.5182828307151794,
            "Y": 0.6093363165855408
          },
          {
            "X": 0.39277562499046326,
            "Y": 0.6089800000190735
          }
        ]
      },
      "Id": "e1ace3a4-60a6-4889-b8a4-9a1cba7840a2",
      "Relationships": [
        {
          "Type": "CHILD",
          "Ids": [
            "cc5e186c-d1b9-498b-8e74-d8b04b29d3a9"
          ]
        }
      ],
      "Page": 1
    },
    {
      "BlockType": "CELL",
      "Confidence": 90.72265625,
      "RowIndex": 6,
      "ColumnIndex": 3,
      "RowSpan": 1,
      "ColumnSpan": 1,
      "Geometry": {
        "BoundingBox": {
          "Width": 0.1381140500307083,
          "Height": 0.039959825575351715,
          "Left": 0.5181115865707397,
          "Top": 0.5697680711746216
        },
        "Polygon": [
          {
            "X": 0.5181115865707397,
            "Y": 0.5697680711746216
          },
          {
            "X": 0.6560418009757996,
            "Y": 0.5701309442520142
          },
          {
            "X": 0.6562256813049316,
            "Y": 0.6097279191017151
          },
          {
            "X": 0.5182828307151794,
            "Y": 0.6093363165855408
          }
        ]
      },
      "Id": "48c917f3-5a88-4a25-8287-ed870fac9eb4",
      "Relationships": [
        {
          "Type": "CHILD",
          "Ids": [
            "b6190532-9ead-48a2-9ab0-b5220662d57c"
          ]
        }
      ],
      "Page": 1
    },
    {
      "BlockType": "CELL",
      "Confidence": 89.208984375,
      "RowIndex": 6,
      "ColumnIndex": 4,
      "RowSpan": 1,
      "ColumnSpan": 1,
      "Geometry": {
        "BoundingBox": {
          "Width": 0.11314412206411362,
          "Height": 0.03991764038801193,
          "Left": 0.6560418009757996,
          "Top": 0.5701309442520142
        },
        "Polygon": [
          {
            "X": 0.6560418009757996,
            "Y": 0.5701309442520142
          },
          {
            "X": 0.7689917683601379,
            "Y": 0.5704281330108643
          },
          {
            "X": 0.7691859602928162,
            "Y": 0.6100485920906067
          },
          {
            "X": 0.6562256813049316,
            "Y": 0.6097279191017151
          }
        ]
      },
      "Id": "25ed13f8-1af8-416d-bdb3-3e7d0bc5627c",
      "Relationships": [
        {
          "Type": "CHILD",
          "Ids": [
            "51cc9fb9-5fd2-4733-801a-dad8fd1b9641"
          ]
        }
      ],
      "Page": 1
    }
  ],
  "AnalyzeDocumentModelVersion": "1.0"
}