{
  "DocumentMetadata": {
    "Pages": 1
  },
  "JobStatus": "SUCCEEDED",
  "Blocks": [
    {
      "BlockType": "PAGE",
      "Geometry": {
        "BoundingBox": {
          "Width": 0.54498291015625,
          "Height": 0.2650326192378998,
          "Left": 0.22800476849079132,
          "Top": 0.3587929606437683
        },
        "Polygon": [
          {
            "X": 0.22800476849079132,
            "Y": 0.3587929606437683
          },
          {
            "X": 0.7699213624000549,
            "Y": 0.35950812697410583
          },
          {
            "X": 0.7729876637458801,
            "Y": 0.6238256096839905
          },
          {
            "X": 0.23045481741428375,
            "Y": 0.6225315928459167
          }
        ]
      },
      "Id": "07021686-fa85-4fd3-9815-60fe9dc8f399",
      "Relationships": [
        {
          "Type": "CHILD",
          "Ids": [
            "14773888-4725-46c3-a015-0353ed1dafd6",
            "8ed704e4-ce84-4fef-84e1-ec0fe4a0cdb8",
            "9910036f-e0f8-4ad2-b41d-3bc55c320c21",
            "36f17e69-5818-4628-89e4-2e987754d396",
            "d9eddeb0-e7eb-4dad-87d0-8d5de698f8c6",
            "89c5f707-132f-4f30-af94-174f46244543",
            "d8465d4c-fa75-433f-a2b2-c2b79bcf2d8c",
            "ed67f49a-20f1-4100-8755-b3dd35adbeb5",
            "f8fd3b4b-4157-4277-a19c-674036f6c372",
            "749c7b41-6736-42eb-9fb0-dc86f7223e6d",
            "93dc6e0b-d545-4339-90de-3f935c46cd0a",
            "9d277a65-aa44-4a9a-9c3a-04df0cb3d259",
            "5551ddf4-50c2-447e-a2a0-e023883db479",
            "ba2ad4d8-407f-4e87-916d-960cb6209ea7",
            "5235388d-79f7-48f6-95ef-14616129646e",
            "364f22d3-54b2-45ba-8198-065eba933796",
            "30adb25f-5038-483c-a6fb-5809c78e9c05",
            "c080e4a0-fef7-4235-80dd-7b940cee23be",
            "1b32fc86-f285-43a6-bed4-9ef0b2b6d8cd",
            "f54eef3e-374f-4966-b7e2-6fc0f4c378f2",
            "d9c9bca5-51e7-45f3-8740-1ef46b6a8f1a",
            "025b8e2c-f5fc-49f4-9ab3-ac8154ebf50a",
            "e2481d5d-76b5-4e98-8d34-51bb615f6d8a",
            "b6fce66f-c528-4f9d-b976-120266b2900b",
            "27b20e7c-501b-48d2-a229-6116517b9f08",
            "7a196dad-6753-4621-8354-cf5d9c15471d",
            "4f09e14f-bf40-44f4-a7e3-7fa9faa9723d",
            "e97f0c6a-2d51-4c1e-a128-040d2e78caba",
            "6ecb18eb-c79d-4cb5-9455-8a2e21eade49",
            "6ba7218b-4949-4fa5-8256-e90884c759e1"
          ]
        }
      ],
      "Page": 1
    },
    {
      "BlockType": "LINE",
      "Confidence": 99.95295715332031,
      "Text": "Curing system",
      "Geometry": {
        "BoundingBox": {
          "Width": 0.09340018033981323,
          "Height": 0.024639373645186424,
          "Left": 0.23971858620643616,
          "Top": 0.40670034289360046
        },
        "Polygon": [
          {
            "X": 0.23971858620643616,
            "Y": 0.40670034289360046
          },
          {
            "X": 0.33288028836250305,
            "Y": 0.40684130787849426
          },
          {
            "X": 0.3331187665462494,
            "Y": 0.43133971095085144
          },
          {
            "X": 0.23994727432727814,
            "Y": 0.43118950724601746
          }
        ]
      },
      "Id": "14773888-4725-46c3-a015-0353ed1dafd6",
      "Relationships": [
        {
          "Type": "CHILD",
          "Ids": [
            "bd7ad46b-04c9-4180-8448-c2ebd60075a0",
            "09a09dce-7c0f-4441-bbdc-2951f78e864f"
          ]
        }
      ],
      "Page": 1
    },
    {
      "BlockType": "LINE",
      "Confidence": 99.9836654663086,
      "Text": "Curing",
      "Geometry": {
        "BoundingBox": {
          "Width": 0.04390016943216324,
          "Height": 0.025096867233514786,
          "Left": 0.3574199676513672,
          "Top": 0.4063379466533661
        },
        "Polygon": [
          {
            "X": 0.3574199676513672,
            "Y": 0.4063379466533661
          },
          {
            "X": 0.40106916427612305,
            "Y": 0.40640389919281006
          },
          {
            "X": 0.40132012963294983,
            "Y": 0.4314348101615906
          },
          {
            "X": 0.3576661944389343,
            "Y": 0.4313644468784332
          }
        ]
      },
      "Id": "8ed704e4-ce84-4fef-84e1-ec0fe4a0cdb8",
      "Relationships": [
        {
          "Type": "CHILD",
          "Ids": [
            "eb0154a9-5466-4ef6-8c19-822d8dd97806"
          ]
        }
      ],
      "Page": 1
    },
    {
      "BlockType": "LINE",
      "Confidence": 99.98848724365234,
      "Text": "Curing",
      "Geometry": {
        "BoundingBox": {
          "Width": 0.04357233643531799,
          "Height": 0.024630706757307053,
          "Left": 0.4892612397670746,
          "Top": 0.4064754545688629
        },
        "Polygon": [
          {
            "X": 0.4892612397670746,
            "Y": 0.4064754545688629
          },
          {
            "X": 0.5325735211372375,
            "Y": 0.4065408706665039
          },
          {
            "X": 0.5328335762023926,
            "Y": 0.4311061501502991
          },
          {
            "X": 0.4895167052745819,
            "Y": 0.43103644251823425
          }
        ]
      },
      "Id": "9910036f-e0f8-4ad2-b41d-3bc55c320c21",
      "Relationships": [
        {
          "Type": "CHILD",
          "Ids": [
            "c2f58156-6b16-4519-b93b-440b84de4586"
          ]
        }
      ],
      "Page": 1
    },
    {
      "BlockType": "LINE",
      "Confidence": 99.46610260009766,
      "Text": "Postcuring",
      "Geometry": {
        "BoundingBox": {
          "Width": 0.06950390338897705,
          "Height": 0.024720020592212677,
          "Left": 0.580786406993866,
          "Top": 0.4065282642841339
        },
        "Polygon": [
          {
            "X": 0.580786406993866,
            "Y": 0.4065282642841339
          },
          {
            "X": 0.6500174403190613,
            "Y": 0.40663284063339233
          },
          {
            "X": 0.650290310382843,
            "Y": 0.4312483072280884
          },
          {
            "X": 0.5810520052909851,
            "Y": 0.4311368465423584
          }
        ]
      },
      "Id": "36f17e69-5818-4628-89e4-2e987754d396",
      "Relationships": [
        {
          "Type": "CHILD",
          "Ids": [
            "0de8cf07-c5e1-4b8c-8298-933fe77e371a"
          ]
        }
      ],
      "Page": 1
    },
    {
      "BlockType": "LINE",
      "Confidence": 97.51168823242188,
      "Text": "Postcuril",
      "Geometry": {
        "BoundingBox": {
          "Width": 0.05442100018262863,
          "Height": 0.019327286630868912,
          "Left": 0.7126950621604919,
          "Top": 0.40661945939064026
        },
        "Polygon": [
          {
            "X": 0.7126950621604919,
            "Y": 0.40661945939064026
          },
          {
            "X": 0.7668930888175964,
            "Y": 0.40670129656791687
          },
          {
            "X": 0.7671160697937012,
            "Y": 0.42594674229621887
          },
          {
            "X": 0.7129135131835938,
            "Y": 0.4258607029914856
          }
        ]
      },
      "Id": "d9eddeb0-e7eb-4dad-87d0-8d5de698f8c6",
      "Relationships": [
        {
          "Type": "CHILD",
          "Ids": [
            "38b47bfc-5cc8-424a-81e4-9a140de2f80a"
          ]
        }
      ],
      "Page": 1
    },
    {
      "BlockType": "LINE",
      "Confidence": 79.40127563476562,
      "Text": "temperature (C)",
      "Geometry": {
        "BoundingBox": {
          "Width": 0.11151273548603058,
          "Height": 0.02527928538620472,
          "Left": 0.3576433062553406,
          "Top": 0.43722018599510193
        },
        "Polygon": [
          {
            "X": 0.3576433062553406,
            "Y": 0.43722018599510193
          },
          {
            "X": 0.4688971936702728,
            "Y": 0.4374021589756012
          },
          {
            "X": 0.46915602684020996,
            "Y": 0.4624994695186615
          },
          {
            "X": 0.35789012908935547,
            "Y": 0.4623062312602997
          }
        ]
      },
      "Id": "89c5f707-132f-4f30-af94-174f46244543",
      "Relationships": [
        {
          "Type": "CHILD",
          "Ids": [
            "46c3a3c0-4495-48aa-88d6-dc858c5ea65d",
            "fe7cab88-952a-451f-979a-db7ce1ee9920"
          ]
        }
      ],
      "Page": 1
    },
    {
      "BlockType": "LINE",
      "Confidence": 99.9311294555664,
      "Text": "time (min)",
      "Geometry": {
        "BoundingBox": {
          "Width": 0.07152558118104935,
          "Height": 0.0252251997590065,
          "Left": 0.4891009032726288,
          "Top": 0.43765223026275635
        },
        "Polygon": [
          {
            "X": 0.4891009032726288,
            "Y": 0.43765223026275635
          },
          {
            "X": 0.5603577494621277,
            "Y": 0.4377688467502594
          },
          {
            "X": 0.5606264472007751,
            "Y": 0.46287745237350464
          },
          {
            "X": 0.4893619418144226,
            "Y": 0.4627535939216614
          }
        ]
      },
      "Id": "d8465d4c-fa75-433f-a2b2-c2b79bcf2d8c",
      "Relationships": [
        {
          "Type": "CHILD",
          "Ids": [
            "51a63bc8-e6ba-4b4c-8345-53ac307fbfff",
            "d12176aa-87dd-4325-bca7-1ab75ef39be6"
          ]
        }
      ],
      "Page": 1
    },
    {
      "BlockType": "LINE",
      "Confidence": 80.77855682373047,
      "Text": "temperature (C)",
      "Geometry": {
        "BoundingBox": {
          "Width": 0.1118997186422348,
          "Height": 0.025039076805114746,
          "Left": 0.5805503726005554,
          "Top": 0.4374391436576843
        },
        "Polygon": [
          {
            "X": 0.5805503726005554,
            "Y": 0.4374391436576843
          },
          {
            "X": 0.6921700835227966,
            "Y": 0.4376216530799866
          },
          {
            "X": 0.6924501061439514,
            "Y": 0.4624782204627991
          },
          {
            "X": 0.5808184742927551,
            "Y": 0.46228450536727905
          }
        ]
      },
      "Id": "ed67f49a-20f1-4100-8755-b3dd35adbeb5",
      "Relationships": [
        {
          "Type": "CHILD",
          "Ids": [
            "254e8641-45f1-453b-bdc9-4c4161c66f16",
            "b46ce0d6-c422-46ff-832b-478b57adda9f"
          ]
        }
      ],
      "Page": 1
    },
    {
      "BlockType": "LINE",
      "Confidence": 91.17334747314453,
      "Text": "time (m)",
      "Geometry": {
        "BoundingBox": {
          "Width": 0.05576479062438011,
          "Height": 0.023927999660372734,
          "Left": 0.7125226855278015,
          "Top": 0.4378853738307953
        },
        "Polygon": [
          {
            "X": 0.7125226855278015,
            "Y": 0.4378853738307953
          },
          {
            "X": 0.768011212348938,
            "Y": 0.4379761517047882
          },
          {
            "X": 0.7682874798774719,
            "Y": 0.461813360452652
          },
          {
            "X": 0.712793231010437,
            "Y": 0.46171724796295166
          }
        ]
      },
      "Id": "f8fd3b4b-4157-4277-a19c-674036f6c372",
      "Relationships": [
        {
          "Type": "CHILD",
          "Ids": [
            "591be51e-d7f6-4cfd-bf9a-dc653b623b16",
            "9fe4bb65-d34c-460e-a7b9-16a77933df67"
          ]
        }
      ],
      "Page": 1
    },
    {
      "BlockType": "LINE",
      "Confidence": 99.50759887695312,
      "Text": "PN-EP/DDM",
      "Geometry": {
        "BoundingBox": {
          "Width": 0.07853713631629944,
          "Height": 0.023825310170650482,
          "Left": 0.23970338702201843,
          "Top": 0.48011514544487
        },
        "Polygon": [
          {
            "X": 0.23970338702201843,
            "Y": 0.48011514544487
          },
          {
            "X": 0.3180115222930908,
            "Y": 0.4802568554878235
          },
          {
            "X": 0.31824052333831787,
            "Y": 0.5039404630661011
          },
          {
            "X": 0.2399243861436844,
            "Y": 0.5037912726402283
          }
        ]
      },
      "Id": "749c7b41-6736-42eb-9fb0-dc86f7223e6d",
      "Relationships": [
        {
          "Type": "CHILD",
          "Ids": [
            "380da3e0-f6fd-4f45-8a26-6f61f084744f"
          ]
        }
      ],
      "Page": 1
    },
    {
      "BlockType": "LINE",
      "Confidence": 99.96360778808594,
      "Text": "120",
      "Geometry": {
        "BoundingBox": {
          "Width": 0.02297782339155674,
          "Height": 0.019909940659999847,
          "Left": 0.35844719409942627,
          "Top": 0.48018866777420044
        },
        "Polygon": [
          {
            "X": 0.35844719409942627,
            "Y": 0.48018866777420044
          },
          {
            "X": 0.3812275826931,
            "Y": 0.4802298843860626
          },
          {
            "X": 0.38142502307891846,
            "Y": 0.5000985860824585
          },
          {
            "X": 0.35864272713661194,
            "Y": 0.5000555515289307
          }
        ]
      },
      "Id": "93dc6e0b-d545-4339-90de-3f935c46cd0a",
      "Relationships": [
        {
          "Type": "CHILD",
          "Ids": [
            "56c2ddd8-3b9f-464b-b3e8-48d8bdbe85f4"
          ]
        }
      ],
      "Page": 1
    },
    {
      "BlockType": "LINE",
      "Confidence": 99.91184997558594,
      "Text": "60",
      "Geometry": {
        "BoundingBox": {
          "Width": 0.01636751927435398,
          "Height": 0.019376561045646667,
          "Left": 0.4892553985118866,
          "Top": 0.48050662875175476
        },
        "Polygon": [
          {
            "X": 0.4892553985118866,
            "Y": 0.48050662875175476
          },
          {
            "X": 0.5054203867912292,
            "Y": 0.4805358946323395
          },
          {
            "X": 0.505622923374176,
            "Y": 0.4998832046985626
          },
          {
            "X": 0.48945656418800354,
            "Y": 0.4998526871204376
          }
        ]
      },
      "Id": "9d277a65-aa44-4a9a-9c3a-04df0cb3d259",
      "Relationships": [
        {
          "Type": "CHILD",
          "Ids": [
            "0cfbba9b-ded1-414f-8000-b99e327f7fb7"
          ]
        }
      ],
      "Page": 1
    },
    {
      "BlockType": "LINE",
      "Confidence": 99.94873046875,
      "Text": "150",
      "Geometry": {
        "BoundingBox": {
          "Width": 0.02291332185268402,
          "Height": 0.019357532262802124,
          "Left": 0.583054780960083,
          "Top": 0.4804699718952179
        },
        "Polygon": [
          {
            "X": 0.583054780960083,
            "Y": 0.4804699718952179
          },
          {
            "X": 0.6057576537132263,
            "Y": 0.48051100969314575
          },
          {
            "X": 0.6059681177139282,
            "Y": 0.49982750415802
          },
          {
            "X": 0.5832633376121521,
            "Y": 0.4997846484184265
          }
        ]
      },
      "Id": "5551ddf4-50c2-447e-a2a0-e023883db479",
      "Relationships": [
        {
          "Type": "CHILD",
          "Ids": [
            "d5fe7dcb-c867-4f6a-b40a-16bba078a6c6"
          ]
        }
      ],
      "Page": 1
    },
    {
      "BlockType": "LINE",
      "Confidence": 99.92638397216797,
      "Text": "180",
      "Geometry": {
        "BoundingBox": {
          "Width": 0.02256207913160324,
          "Height": 0.01892026700079441,
          "Left": 0.7135605812072754,
          "Top": 0.4806714951992035
        },
        "Polygon": [
          {
            "X": 0.7135605812072754,
            "Y": 0.4806714951992035
          },
          {
            "X": 0.7359064817428589,
            "Y": 0.4807119071483612
          },
          {
            "X": 0.7361226677894592,
            "Y": 0.49959173798561096
          },
          {
            "X": 0.7137749195098877,
            "Y": 0.49954962730407715
          }
        ]
      },
      "Id": "ba2ad4d8-407f-4e87-916d-960cb6209ea7",
      "Relationships": [
        {
          "Type": "CHILD",
          "Ids": [
            "d30655df-5b70-45c5-9eb9-cf26c60070dc"
          ]
        }
      ],
      "Page": 1
    },
    {
      "BlockType": "LINE",
      "Confidence": 99.55529022216797,
      "Text": "PN-EP/DICY",
      "Geometry": {
        "BoundingBox": {
          "Width": 0.07753093540668488,
          "Height": 0.023283949121832848,
          "Left": 0.23967766761779785,
          "Top": 0.5103331208229065
        },
        "Polygon": [
          {
            "X": 0.23967766761779785,
            "Y": 0.5103331208229065
          },
          {
            "X": 0.31698504090309143,
            "Y": 0.5104824900627136
          },
          {
            "X": 0.3172086179256439,
            "Y": 0.5336170792579651
          },
          {
            "X": 0.23989352583885193,
            "Y": 0.5334604978561401
          }
        ]
      },
      "Id": "5235388d-79f7-48f6-95ef-14616129646e",
      "Relationships": [
        {
          "Type": "CHILD",
          "Ids": [
            "a40822da-f19c-4737-a4ab-ea968a69aad5"
          ]
        }
      ],
      "Page": 1
    },
    {
      "BlockType": "LINE",
      "Confidence": 99.91483306884766,
      "Text": "160",
      "Geometry": {
        "BoundingBox": {
          "Width": 0.022908532992005348,
          "Height": 0.019635450094938278,
          "Left": 0.3586142361164093,
          "Top": 0.5106322765350342
        },
        "Polygon": [
          {
            "X": 0.3586142361164093,
            "Y": 0.5106322765350342
          },
          {
            "X": 0.3813280761241913,
            "Y": 0.5106761455535889
          },
          {
            "X": 0.3815227746963501,
            "Y": 0.5302677154541016
          },
          {
            "X": 0.3588069975376129,
            "Y": 0.5302220582962036
          }
        ]
      },
      "Id": "364f22d3-54b2-45ba-8198-065eba933796",
      "Relationships": [
        {
          "Type": "CHILD",
          "Ids": [
            "a8d60696-499e-46d5-b6ff-7ca9e0d0ad97"
          ]
        }
      ],
      "Page": 1
    },
    {
      "BlockType": "LINE",
      "Confidence": 99.94258117675781,
      "Text": "30",
      "Geometry": {
        "BoundingBox": {
          "Width": 0.01634293608367443,
          "Height": 0.019283868372440338,
          "Left": 0.48937806487083435,
          "Top": 0.5108116865158081
        },
        "Polygon": [
          {
            "X": 0.48937806487083435,
            "Y": 0.5108116865158081
          },
          {
            "X": 0.5055195093154907,
            "Y": 0.5108428597450256
          },
          {
            "X": 0.5057209730148315,
            "Y": 0.5300955772399902
          },
          {
            "X": 0.4895782172679901,
            "Y": 0.5300630927085876
          }
        ]
      },
      "Id": "30adb25f-5038-483c-a6fb-5809c78e9c05",
      "Relationships": [
        {
          "Type": "CHILD",
          "Ids": [
            "37fa1ee7-72eb-423a-9a55-105eb9c02c80"
          ]
        }
      ],
      "Page": 1
    },
    {
      "BlockType": "LINE",
      "Confidence": 99.88916015625,
      "Text": "190",
      "Geometry": {
        "BoundingBox": {
          "Width": 0.02294299006462097,
          "Height": 0.01962822861969471,
          "Left": 0.5829644799232483,
          "Top": 0.5103316307067871
        },
        "Polygon": [
          {
            "X": 0.5829644799232483,
            "Y": 0.5103316307067871
          },
          {
            "X": 0.6056941151618958,
            "Y": 0.5103754997253418
          },
          {
            "X": 0.6059074401855469,
            "Y": 0.5299598574638367
          },
          {
            "X": 0.5831758975982666,
            "Y": 0.5299142003059387
          }
        ]
      },
      "Id": "c080e4a0-fef7-4235-80dd-7b940cee23be",
      "Relationships": [
        {
          "Type": "CHILD",
          "Ids": [
            "e5585bc0-0b70-4e13-b5f5-8d73b0e1da9f"
          ]
        }
      ],
      "Page": 1
    },
    {
      "BlockType": "LINE",
      "Confidence": 99.87957763671875,
      "Text": "60",
      "Geometry": {
        "BoundingBox": {
          "Width": 0.016552535817027092,
          "Height": 0.01958599127829075,
          "Left": 0.7197943925857544,
          "Top": 0.5107394456863403
        },
        "Polygon": [
          {
            "X": 0.7197943925857544,
            "Y": 0.5107394456863403
          },
          {
            "X": 0.7361230254173279,
            "Y": 0.5107709765434265
          },
          {
            "X": 0.7363469004631042,
            "Y": 0.5303254127502441
          },
          {
            "X": 0.7200168967247009,
            "Y": 0.5302926301956177
          }
        ]
      },
      "Id": "1b32fc86-f285-43a6-bed4-9ef0b2b6d8cd",
      "Relationships": [
        {
          "Type": "CHILD",
          "Ids": [
            "d4adbcf7-b642-44a5-a7ef-af45f8d32545"
          ]
        }
      ],
      "Page": 1
    },
    {
      "BlockType": "LINE",
      "Confidence": 98.6663589477539,
      "Text": "PN-EP/novolak",
      "Geometry": {
        "BoundingBox": {
          "Width": 0.09694089740514755,
          "Height": 0.02465449646115303,
          "Left": 0.23991040885448456,
          "Top": 0.5415230989456177
        },
        "Polygon": [
          {
            "X": 0.23991040885448456,
            "Y": 0.5415230989456177
          },
          {
            "X": 0.3366129994392395,
            "Y": 0.5417221188545227
          },
          {
            "X": 0.3368512988090515,
            "Y": 0.5661776065826416
          },
          {
            "X": 0.24013857543468475,
            "Y": 0.5659690499305725
          }
        ]
      },
      "Id": "f54eef3e-374f-4966-b7e2-6fc0f4c378f2",
      "Relationships": [
        {
          "Type": "CHILD",
          "Ids": [
            "cf4f8306-e0fc-48f5-801a-b43c521ec534"
          ]
        }
      ],
      "Page": 1
    },
    {
      "BlockType": "LINE",
      "Confidence": 99.9844741821289,
      "Text": "140",
      "Geometry": {
        "BoundingBox": {
          "Width": 0.02305212803184986,
          "Height": 0.01922861859202385,
          "Left": 0.35853761434555054,
          "Top": 0.5423918962478638
        },
        "Polygon": [
          {
            "X": 0.35853761434555054,
            "Y": 0.5423918962478638
          },
          {
            "X": 0.38139915466308594,
            "Y": 0.5424390435218811
          },
          {
            "X": 0.38158974051475525,
            "Y": 0.5616205334663391
          },
          {
            "X": 0.3587263226509094,
            "Y": 0.5615716576576233
          }
        ]
      },
      "Id": "d9c9bca5-51e7-45f3-8740-1ef46b6a8f1a",
      "Relationships": [
        {
          "Type": "CHILD",
          "Ids": [
            "c28ec61e-10de-489b-ad68-f8b3475502b0"
          ]
        }
      ],
      "Page": 1
    },
    {
      "BlockType": "LINE",
      "Confidence": 99.8294448852539,
      "Text": "60",
      "Geometry": {
        "BoundingBox": {
          "Width": 0.016165005043148994,
          "Height": 0.019017554819583893,
          "Left": 0.48935285210609436,
          "Top": 0.5423285365104675
        },
        "Polygon": [
          {
            "X": 0.48935285210609436,
            "Y": 0.5423285365104675
          },
          {
            "X": 0.5053191781044006,
            "Y": 0.5423614382743835
          },
          {
            "X": 0.505517840385437,
            "Y": 0.5613461136817932
          },
          {
            "X": 0.4895502030849457,
            "Y": 0.5613120198249817
          }
        ]
      },
      "Id": "025b8e2c-f5fc-49f4-9ab3-ac8154ebf50a",
      "Relationships": [
        {
          "Type": "CHILD",
          "Ids": [
            "a0013c9f-02ea-4cae-b388-aac1425a6ce3"
          ]
        }
      ],
      "Page": 1
    },
    {
      "BlockType": "LINE",
      "Confidence": 99.9134750366211,
      "Text": "170",
      "Geometry": {
        "BoundingBox": {
          "Width": 0.02256925217807293,
          "Height": 0.018998850136995316,
          "Left": 0.5836780071258545,
          "Top": 0.5424225330352783
        },
        "Polygon": [
          {
            "X": 0.5836780071258545,
            "Y": 0.5424225330352783
          },
          {
            "X": 0.6060407757759094,
            "Y": 0.5424685478210449
          },
          {
            "X": 0.6062472462654114,
            "Y": 0.5614213943481445
          },
          {
            "X": 0.5838826298713684,
            "Y": 0.5613736510276794
          }
        ]
      },
      "Id": "e2481d5d-76b5-4e98-8d34-51bb615f6d8a",
      "Relationships": [
        {
          "Type": "CHILD",
          "Ids": [
            "b8dfc95b-bed5-4e43-9a7d-885415375d05"
          ]
        }
      ],
      "Page": 1
    },
    {
      "BlockType": "LINE",
      "Confidence": 99.96279907226562,
      "Text": "180",
      "Geometry": {
        "BoundingBox": {
          "Width": 0.02265399880707264,
          "Height": 0.01926274225115776,
          "Left": 0.7135932445526123,
          "Top": 0.5423874855041504
        },
        "Polygon": [
          {
            "X": 0.7135932445526123,
            "Y": 0.5423874855041504
          },
          {
            "X": 0.7360272407531738,
            "Y": 0.5424336791038513
          },
          {
            "X": 0.7362472414970398,
            "Y": 0.5616502165794373
          },
          {
            "X": 0.7138113379478455,
            "Y": 0.5616023540496826
          }
        ]
      },
      "Id": "b6fce66f-c528-4f9d-b976-120266b2900b",
      "Relationships": [
        {
          "Type": "CHILD",
          "Ids": [
            "249e7dd8-5f89-4fba-b3a2-17c509117d65"
          ]
        }
      ],
      "Page": 1
    },
    {
      "BlockType": "LINE",
      "Confidence": 99.1157455444336,
      "Text": "PN-EP/PMDA",
      "Geometry": {
        "BoundingBox": {
          "Width": 0.0870388075709343,
          "Height": 0.024822551757097244,
          "Left": 0.23899073898792267,
          "Top": 0.5730926990509033
        },
        "Polygon": [
          {
            "X": 0.23899073898792267,
            "Y": 0.5730926990509033
          },
          {
            "X": 0.325790673494339,
            "Y": 0.5732824206352234
          },
          {
            "X": 0.32602953910827637,
            "Y": 0.5979152917861938
          },
          {
            "X": 0.23922044038772583,
            "Y": 0.5977169275283813
          }
        ]
      },
      "Id": "27b20e7c-501b-48d2-a229-6116517b9f08",
      "Relationships": [
        {
          "Type": "CHILD",
          "Ids": [
            "3a29f9d8-0dec-4b07-86eb-1e505db8a13b"
          ]
        }
      ],
      "Page": 1
    },
    {
      "BlockType": "LINE",
      "Confidence": 99.9543228149414,
      "Text": "180",
      "Geometry": {
        "BoundingBox": {
          "Width": 0.02273963764309883,
          "Height": 0.019588639959692955,
          "Left": 0.35874179005622864,
          "Top": 0.573560893535614
        },
        "Polygon": [
          {
            "X": 0.35874179005622864,
            "Y": 0.573560893535614
          },
          {
            "X": 0.3812873065471649,
            "Y": 0.5736101865768433
          },
          {
            "X": 0.381481409072876,
            "Y": 0.5931495428085327
          },
          {
            "X": 0.3589340150356293,
            "Y": 0.5930984616279602
          }
        ]
      },
      "Id": "7a196dad-6753-4621-8354-cf5d9c15471d",
      "Relationships": [
        {
          "Type": "CHILD",
          "Ids": [
            "36c04923-d4b3-40a3-bff7-74b621c97140"
          ]
        }
      ],
      "Page": 1
    },
    {
      "BlockType": "LINE",
      "Confidence": 99.9186782836914,
      "Text": "60",
      "Geometry": {
        "BoundingBox": {
          "Width": 0.016661562025547028,
          "Height": 0.019288232550024986,
          "Left": 0.4891872704029083,
          "Top": 0.5738615989685059
        },
        "Polygon": [
          {
            "X": 0.4891872704029083,
            "Y": 0.5738615989685059
          },
          {
            "X": 0.5056473612785339,
            "Y": 0.5738976001739502
          },
          {
            "X": 0.5058488249778748,
            "Y": 0.5931498408317566
          },
          {
            "X": 0.4893873631954193,
            "Y": 0.593112587928772
          }
        ]
      },
      "Id": "4f09e14f-bf40-44f4-a7e3-7fa9faa9723d",
      "Relationships": [
        {
          "Type": "CHILD",
          "Ids": [
            "98666718-b330-42aa-9535-bd6a7d36488d"
          ]
        }
      ],
      "Page": 1
    },
    {
      "BlockType": "LINE",
      "Confidence": 99.94061279296875,
      "Text": "200",
      "Geometry": {
        "BoundingBox": {
          "Width": 0.025479460135102272,
          "Height": 0.019731305539608,
          "Left": 0.5805512070655823,
          "Top": 0.5736094117164612
        },
        "Polygon": [
          {
            "X": 0.5805512070655823,
            "Y": 0.5736094117164612
          },
          {
            "X": 0.6058163642883301,
            "Y": 0.5736645460128784
          },
          {
            "X": 0.6060306429862976,
            "Y": 0.5933406949043274
          },
          {
            "X": 0.5807633399963379,
            "Y": 0.593283474445343
          }
        ]
      },
      "Id": "e97f0c6a-2d51-4c1e-a128-040d2e78caba",
      "Relationships": [
        {
          "Type": "CHILD",
          "Ids": [
            "922251d7-431c-4878-afac-35d33d9d751c"
          ]
        }
      ],
      "Page": 1
    },
    {
      "BlockType": "LINE",
      "Confidence": 99.9683837890625,
      "Text": "180",
      "Geometry": {
        "BoundingBox": {
          "Width": 0.022590218111872673,
          "Height": 0.01956639252603054,
          "Left": 0.7136290073394775,
          "Top": 0.573706328868866
        },
        "Polygon": [
          {
            "X": 0.7136290073394775,
            "Y": 0.573706328868866
          },
          {
            "X": 0.7359958291053772,
            "Y": 0.5737552046775818
          },
          {
            "X": 0.7362192273139954,
            "Y": 0.5932727456092834
          },
          {
            "X": 0.7138505578041077,
            "Y": 0.5932221412658691
          }
        ]
      },
      "Id": "6ecb18eb-c79d-4cb5-9455-8a2e21eade49",
      "Relationships": [
        {
          "Type": "CHILD",
          "Ids": [
            "88b160a0-20b3-42f8-b3bf-50ea4353ce49"
          ]
        }
      ],
      "Page": 1
    },
    {
      "BlockType": "WORD",
      "Confidence": 99.98690795898438,
      "Text": "Curing",
      "TextType": "PRINTED",
      "Geometry": {
        "BoundingBox": {
          "Width": 0.043678849935531616,
          "Height": 0.024510148912668228,
          "Left": 0.23971858620643616,
          "Top": 0.40670034289360046
        },
        "Polygon": [
          {
            "X": 0.23971858620643616,
            "Y": 0.40670034289360046
          },
          {
            "X": 0.2831646502017975,
            "Y": 0.4067660868167877
          },
          {
            "X": 0.2833974361419678,
            "Y": 0.4312104880809784
          },
          {
            "X": 0.23994681239128113,
            "Y": 0.4311404526233673
          }
        ]
      },
      "Id": "bd7ad46b-04c9-4180-8448-c2ebd60075a0",
      "Page": 1
    },
    {
      "BlockType": "WORD",
      "Confidence": 99.91899871826172,
      "Text": "system",
      "TextType": "PRINTED",
      "Geometry": {
        "BoundingBox": {
          "Width": 0.04580887034535408,
          "Height": 0.022187497466802597,
          "Left": 0.2873099148273468,
          "Top": 0.40915220975875854
        },
        "Polygon": [
          {
            "X": 0.2873099148273468,
            "Y": 0.40915220975875854
          },
          {
            "X": 0.3329034447669983,
            "Y": 0.4092216491699219
          },
          {
            "X": 0.3331187665462494,
            "Y": 0.43133971095085144
          },
          {
            "X": 0.2875208854675293,
            "Y": 0.431266188621521
          }
        ]
      },
      "Id": "09a09dce-7c0f-4441-bbdc-2951f78e864f",
      "Page": 1
    },
    {
      "BlockType": "WORD",
      "Confidence": 99.9836654663086,
      "Text": "Curing",
      "TextType": "PRINTED",
      "Geometry": {
        "BoundingBox": {
          "Width": 0.04390016943216324,
          "Height": 0.025096867233514786,
          "Left": 0.3574199676513672,
          "Top": 0.4063379466533661
        },
        "Polygon": [
          {
            "X": 0.3574199676513672,
            "Y": 0.4063379466533661
          },
          {
            "X": 0.40106916427612305,
            "Y": 0.40640389919281006
          },
          {
            "X": 0.40132012963294983,
            "Y": 0.4314348101615906
          },
          {
            "X": 0.3576661944389343,
            "Y": 0.4313644468784332
          }
        ]
      },
      "Id": "eb0154a9-5466-4ef6-8c19-822d8dd97806",
      "Page": 1
    },
    {
      "BlockType": "WORD",
      "Confidence": 99.98848724365234,
      "Text": "Curing",
      "TextType": "PRINTED",
      "Geometry": {
        "BoundingBox": {
          "Width": 0.04357233643531799,
          "Height": 0.024630706757307053,
          "Left": 0.4892612397670746,
          "Top": 0.4064754545688629
        },
        "Polygon": [
          {
            "X": 0.4892612397670746,
            "Y": 0.4064754545688629
          },
          {
            "X": 0.5325735211372375,
            "Y": 0.4065408706665039
          },
          {
            "X": 0.5328335762023926,
            "Y": 0.4311061501502991
          },
          {
            "X": 0.4895167052745819,
            "Y": 0.43103644251823425
          }
        ]
      },
      "Id": "c2f58156-6b16-4519-b93b-440b84de4586",
      "Page": 1
    },
    {
      "BlockType": "WORD",
      "Confidence": 99.46610260009766,
      "Text": "Postcuring",
      "TextType": "PRINTED",
      "Geometry": {
        "BoundingBox": {
          "Width": 0.06950390338897705,
          "Height": 0.024720020592212677,
          "Left": 0.580786406993866,
          "Top": 0.4065282642841339
        },
        "Polygon": [
          {
            "X": 0.580786406993866,
            "Y": 0.4065282642841339
          },
          {
            "X": 0.6500174403190613,
            "Y": 0.40663284063339233
          },
          {
            "X": 0.650290310382843,
            "Y": 0.4312483072280884
          },
          {
            "X": 0.5810520052909851,
            "Y": 0.4311368465423584
          }
        ]
      },
      "Id": "0de8cf07-c5e1-4b8c-8298-933fe77e371a",
      "Page": 1
    },
    {
      "BlockType": "WORD",
      "Confidence": 97.51168823242188,
      "Text": "Postcuril",
      "TextType": "PRINTED",
      "Geometry": {
        "BoundingBox": {
          "Width": 0.05442100018262863,
          "Height": 0.019327286630868912,
          "Left": 0.7126950621604919,
          "Top": 0.40661945939064026
        },
        "Polygon": [
          {
            "X": 0.7126950621604919,
            "Y": 0.40661945939064026
          },
          {
            "X": 0.7668930888175964,
            "Y": 0.40670129656791687
          },
          {
            "X": 0.7671160697937012,
            "Y": 0.42594674229621887
          },
          {
            "X": 0.7129135131835938,
            "Y": 0.4258607029914856
          }
        ]
      },
      "Id": "38b47bfc-5cc8-424a-81e4-9a140de2f80a",
      "Page": 1
    },
    {
      "BlockType": "WORD",
      "Confidence": 99.71234130859375,
      "Text": "temperature",
      "TextType": "PRINTED",
      "Geometry": {
        "BoundingBox": {
          "Width": 0.08165647089481354,
          "Height": 0.02290424518287182,
          "Left": 0.35766616463661194,
          "Top": 0.4395434260368347
        },
        "Polygon": [
          {
            "X": 0.35766616463661194,
            "Y": 0.4395434260368347
          },
          {
            "X": 0.43909069895744324,
            "Y": 0.439677357673645
          },
          {
            "X": 0.4393226206302643,
            "Y": 0.4624476730823517
          },
          {
            "X": 0.35789012908935547,
            "Y": 0.4623062312602997
          }
        ]
      },
      "Id": "46c3a3c0-4495-48aa-88d6-dc858c5ea65d",
      "Page": 1
    },
    {
      "BlockType": "WORD",
      "Confidence": 59.0901985168457,
      "Text": "(C)",
      "TextType": "PRINTED",
      "Geometry": {
        "BoundingBox": {
          "Width": 0.026129793375730515,
          "Height": 0.025098925456404686,
          "Left": 0.4430258274078369,
          "Top": 0.43735983967781067
        },
        "Polygon": [
          {
            "X": 0.4430258274078369,
            "Y": 0.43735983967781067
          },
          {
            "X": 0.4688971936702728,
            "Y": 0.4374021589756012
          },
          {
            "X": 0.46915560960769653,
            "Y": 0.4624587893486023
          },
          {
            "X": 0.4432814419269562,
            "Y": 0.46241384744644165
          }
        ]
      },
      "Id": "fe7cab88-952a-451f-979a-db7ce1ee9920",
      "Page": 1
    },
    {
      "BlockType": "WORD",
      "Confidence": 99.98284912109375,
      "Text": "time",
      "TextType": "PRINTED",
      "Geometry": {
        "BoundingBox": {
          "Width": 0.030250955373048782,
          "Height": 0.01984178088605404,
          "Left": 0.48910343647003174,
          "Top": 0.4378972053527832
        },
        "Polygon": [
          {
            "X": 0.48910343647003174,
            "Y": 0.4378972053527832
          },
          {
            "X": 0.5191460251808167,
            "Y": 0.4379464089870453
          },
          {
            "X": 0.5193544030189514,
            "Y": 0.457738995552063
          },
          {
            "X": 0.48930925130844116,
            "Y": 0.4576874077320099
          }
        ]
      },
      "Id": "51a63bc8-e6ba-4b4c-8345-53ac307fbfff",
      "Page": 1
    },
    {
      "BlockType": "WORD",
      "Confidence": 99.87940979003906,
      "Text": "(min)",
      "TextType": "PRINTED",
      "Geometry": {
        "BoundingBox": {
          "Width": 0.03751233220100403,
          "Height": 0.025169536471366882,
          "Left": 0.5231141448020935,
          "Top": 0.43770790100097656
        },
        "Polygon": [
          {
            "X": 0.5231141448020935,
            "Y": 0.43770790100097656
          },
          {
            "X": 0.5603577494621277,
            "Y": 0.4377688467502594
          },
          {
            "X": 0.5606264472007751,
            "Y": 0.46287745237350464
          },
          {
            "X": 0.523378849029541,
            "Y": 0.46281272172927856
          }
        ]
      },
      "Id": "d12176aa-87dd-4325-bca7-1ab75ef39be6",
      "Page": 1
    },
    {
      "BlockType": "WORD",
      "Confidence": 99.61083221435547,
      "Text": "temperature",
      "TextType": "PRINTED",
      "Geometry": {
        "BoundingBox": {
          "Width": 0.08189894258975983,
          "Height": 0.022865135222673416,
          "Left": 0.580573320388794,
          "Top": 0.43956106901168823
        },
        "Polygon": [
          {
            "X": 0.580573320388794,
            "Y": 0.43956106901168823
          },
          {
            "X": 0.6622190475463867,
            "Y": 0.4396952688694
          },
          {
            "X": 0.6624722480773926,
            "Y": 0.46242618560791016
          },
          {
            "X": 0.5808184742927551,
            "Y": 0.46228450536727905
          }
        ]
      },
      "Id": "254e8641-45f1-453b-bdc9-4c4161c66f16",
      "Page": 1
    },
    {
      "BlockType": "WORD",
      "Confidence": 61.9462890625,
      "Text": "(C)",
      "TextType": "PRINTED",
      "Geometry": {
        "BoundingBox": {
          "Width": 0.026158293709158897,
          "Height": 0.024837153032422066,
          "Left": 0.6662911176681519,
          "Top": 0.43757933378219604
        },
        "Polygon": [
          {
            "X": 0.6662911176681519,
            "Y": 0.43757933378219604
          },
          {
            "X": 0.6921700835227966,
            "Y": 0.4376216530799866
          },
          {
            "X": 0.6924493908882141,
            "Y": 0.46241649985313416
          },
          {
            "X": 0.6665676832199097,
            "Y": 0.4623715877532959
          }
        ]
      },
      "Id": "b46ce0d6-c422-46ff-832b-478b57adda9f",
      "Page": 1
    },
    {
      "BlockType": "WORD",
      "Confidence": 99.98579406738281,
      "Text": "time",
      "TextType": "PRINTED",
      "Geometry": {
        "BoundingBox": {
          "Width": 0.030118023976683617,
          "Height": 0.019738605245947838,
          "Left": 0.7125226855278015,
          "Top": 0.4378853738307953
        },
        "Polygon": [
          {
            "X": 0.7125226855278015,
            "Y": 0.4378853738307953
          },
          {
            "X": 0.742414653301239,
            "Y": 0.4379342794418335
          },
          {
            "X": 0.7426407337188721,
            "Y": 0.45762398838996887
          },
          {
            "X": 0.7127461433410645,
            "Y": 0.45757269859313965
          }
        ]
      },
      "Id": "591be51e-d7f6-4cfd-bf9a-dc653b623b16",
      "Page": 1
    },
    {
      "BlockType": "WORD",
      "Confidence": 82.36089324951172,
      "Text": "(m)",
      "TextType": "PRINTED",
      "Geometry": {
        "BoundingBox": {
          "Width": 0.02198190800845623,
          "Height": 0.023697838187217712,
          "Left": 0.7463055849075317,
          "Top": 0.43811553716659546
        },
        "Polygon": [
          {
            "X": 0.7463055849075317,
            "Y": 0.43811553716659546
          },
          {
            "X": 0.7680132389068604,
            "Y": 0.4381510615348816
          },
          {
            "X": 0.7682874798774719,
            "Y": 0.461813360452652
          },
          {
            "X": 0.7465775609016418,
            "Y": 0.4617757797241211
          }
        ]
      },
      "Id": "9fe4bb65-d34c-460e-a7b9-16a77933df67",
      "Page": 1
    },
    {
      "BlockType": "WORD",
      "Confidence": 99.50759887695312,
      "Text": "PN-EP/DDM",
      "TextType": "PRINTED",
      "Geometry": {
        "BoundingBox": {
          "Width": 0.07853713631629944,
          "Height": 0.023825310170650482,
          "Left": 0.23970338702201843,
          "Top": 0.48011514544487
        },
        "Polygon": [
          {
            "X": 0.23970338702201843,
            "Y": 0.48011514544487
          },
          {
            "X": 0.3180115222930908,
            "Y": 0.4802568554878235
          },
          {
            "X": 0.31824052333831787,
            "Y": 0.5039404630661011
          },
          {
            "X": 0.2399243861436844,
            "Y": 0.5037912726402283
          }
        ]
      },
      "Id": "380da3e0-f6fd-4f45-8a26-6f61f084744f",
      "Page": 1
    },
    {
      "BlockType": "WORD",
      "Confidence": 99.96360778808594,
      "Text": "120",
      "TextType": "PRINTED",
      "Geometry": {
        "BoundingBox": {
          "Width": 0.02297782339155674,
          "Height": 0.019909940659999847,
          "Left": 0.35844719409942627,
          "Top": 0.48018866777420044
        },
        "Polygon": [
          {
            "X": 0.35844719409942627,
            "Y": 0.48018866777420044
          },
          {
            "X": 0.3812275826931,
            "Y": 0.4802298843860626
          },
          {
            "X": 0.38142502307891846,
            "Y": 0.5000985860824585
          },
          {
            "X": 0.35864272713661194,
            "Y": 0.5000555515289307
          }
        ]
      },
      "Id": "56c2ddd8-3b9f-464b-b3e8-48d8bdbe85f4",
      "Page": 1
    },
    {
      "BlockType": "WORD",
      "Confidence": 99.91184997558594,
      "Text": "60",
      "TextType": "PRINTED",
      "Geometry": {
        "BoundingBox": {
          "Width": 0.01636751927435398,
          "Height": 0.019376561045646667,
          "Left": 0.4892553985118866,
          "Top": 0.48050662875175476
        },
        "Polygon": [
          {
            "X": 0.4892553985118866,
            "Y": 0.48050662875175476
          },
          {
            "X": 0.5054203867912292,
            "Y": 0.4805358946323395
          },
          {
            "X": 0.505622923374176,
            "Y": 0.4998832046985626
          },
          {
            "X": 0.48945656418800354,
            "Y": 0.4998526871204376
          }
        ]
      },
      "Id": "0cfbba9b-ded1-414f-8000-b99e327f7fb7",
      "Page": 1
    },
    {
      "BlockType": "WORD",
      "Confidence": 99.94873046875,
      "Text": "150",
      "TextType": "PRINTED",
      "Geometry": {
        "BoundingBox": {
          "Width": 0.02291332185268402,
          "Height": 0.019357532262802124,
          "Left": 0.583054780960083,
          "Top": 0.4804699718952179
        },
        "Polygon": [
          {
            "X": 0.583054780960083,
            "Y": 0.4804699718952179
          },
          {
            "X": 0.6057576537132263,
            "Y": 0.48051100969314575
          },
          {
            "X": 0.6059681177139282,
            "Y": 0.49982750415802
          },
          {
            "X": 0.5832633376121521,
            "Y": 0.4997846484184265
          }
        ]
      },
      "Id": "d5fe7dcb-c867-4f6a-b40a-16bba078a6c6",
      "Page": 1
    },
    {
      "BlockType": "WORD",
      "Confidence": 99.92638397216797,
      "Text": "180",
      "TextType": "PRINTED",
      "Geometry": {
        "BoundingBox": {
          "Width": 0.02256207913160324,
          "Height": 0.01892026700079441,
          "Left": 0.7135605812072754,
          "Top": 0.4806714951992035
        },
        "Polygon": [
          {
            "X": 0.7135605812072754,
            "Y": 0.4806714951992035
          },
          {
            "X": 0.7359064817428589,
            "Y": 0.4807119071483612
          },
          {
            "X": 0.7361226677894592,
            "Y": 0.49959173798561096
          },
          {
            "X": 0.7137749195098877,
            "Y": 0.49954962730407715
          }
        ]
      },
      "Id": "d30655df-5b70-45c5-9eb9-cf26c60070dc",
      "Page": 1
    },
    {
      "BlockType": "WORD",
      "Confidence": 99.55529022216797,
      "Text": "PN-EP/DICY",
      "TextType": "PRINTED",
      "Geometry": {
        "BoundingBox": {
          "Width": 0.07753093540668488,
          "Height": 0.023283949121832848,
          "Left": 0.23967766761779785,
          "Top": 0.5103331208229065
        },
        "Polygon": [
          {
            "X": 0.23967766761779785,
            "Y": 0.5103331208229065
          },
          {
            "X": 0.31698504090309143,
            "Y": 0.5104824900627136
          },
          {
            "X": 0.3172086179256439,
            "Y": 0.5336170792579651
          },
          {
            "X": 0.23989352583885193,
            "Y": 0.5334604978561401
          }
        ]
      },
      "Id": "a40822da-f19c-4737-a4ab-ea968a69aad5",
      "Page": 1
    },
    {
      "BlockType": "WORD",
      "Confidence": 99.91483306884766,
      "Text": "160",
      "TextType": "PRINTED",
      "Geometry": {
        "BoundingBox": {
          "Width": 0.022908532992005348,
          "Height": 0.019635450094938278,
          "Left": 0.3586142361164093,
          "Top": 0.5106322765350342
        },
        "Polygon": [
          {
            "X": 0.3586142361164093,
            "Y": 0.5106322765350342
          },
          {
            "X": 0.3813280761241913,
            "Y": 0.5106761455535889
          },
          {
            "X": 0.3815227746963501,
            "Y": 0.5302677154541016
          },
          {
            "X": 0.3588069975376129,
            "Y": 0.5302220582962036
          }
        ]
      },
      "Id": "a8d60696-499e-46d5-b6ff-7ca9e0d0ad97",
      "Page": 1
    },
    {
      "BlockType": "WORD",
      "Confidence": 99.94258117675781,
      "Text": "30",
      "TextType": "PRINTED",
      "Geometry": {
        "BoundingBox": {
          "Width": 0.01634293608367443,
          "Height": 0.019283868372440338,
          "Left": 0.48937806487083435,
          "Top": 0.5108116865158081
        },
        "Polygon": [
          {
            "X": 0.48937806487083435,
            "Y": 0.5108116865158081
          },
          {
            "X": 0.5055195093154907,
            "Y": 0.5108428597450256
          },
          {
            "X": 0.5057209730148315,
            "Y": 0.5300955772399902
          },
          {
            "X": 0.4895782172679901,
            "Y": 0.5300630927085876
          }
        ]
      },
      "Id": "37fa1ee7-72eb-423a-9a55-105eb9c02c80",
      "Page": 1
    },
    {
      "BlockType": "WORD",
      "Confidence": 99.88916015625,
      "Text": "190",
      "TextType": "PRINTED",
      "Geometry": {
        "BoundingBox": {
          "Width": 0.02294299006462097,
          "Height": 0.01962822861969471,
          "Left": 0.5829644799232483,
          "Top": 0.5103316307067871
        },
        "Polygon": [
          {
            "X": 0.5829644799232483,
            "Y": 0.5103316307067871
          },
          {
            "X": 0.6056941151618958,
            "Y": 0.5103754997253418
          },
          {
            "X": 0.6059074401855469,
            "Y": 0.5299598574638367
          },
          {
            "X": 0.5831758975982666,
            "Y": 0.5299142003059387
          }
        ]
      },
      "Id": "e5585bc0-0b70-4e13-b5f5-8d73b0e1da9f",
      "Page": 1
    },
    {
      "BlockType": "WORD",
      "Confidence": 99.87957763671875,
      "Text": "60",
      "TextType": "PRINTED",
      "Geometry": {
        "BoundingBox": {
          "Width": 0.016552535817027092,
          "Height": 0.01958599127829075,
          "Left": 0.7197943925857544,
          "Top": 0.5107394456863403
        },
        "Polygon": [
          {
            "X": 0.7197943925857544,
            "Y": 0.5107394456863403
          },
          {
            "X": 0.7361230254173279,
            "Y": 0.5107709765434265
          },
          {
            "X": 0.7363469004631042,
            "Y": 0.5303254127502441
          },
          {
            "X": 0.7200168967247009,
            "Y": 0.5302926301956177
          }
        ]
      },
      "Id": "d4adbcf7-b642-44a5-a7ef-af45f8d32545",
      "Page": 1
    },
    {
      "BlockType": "WORD",
      "Confidence": 98.6663589477539,
      "Text": "PN-EP/novolak",
      "TextType": "PRINTED",
      "Geometry": {
        "BoundingBox": {
          "Width": 0.09694089740514755,
          "Height": 0.02465449646115303,
          "Left": 0.23991040885448456,
          "Top": 0.5415230989456177
        },
        "Polygon": [
          {
            "X": 0.23991040885448456,
            "Y": 0.5415230989456177
          },
          {
            "X": 0.3366129994392395,
            "Y": 0.5417221188545227
          },
          {
            "X": 0.3368512988090515,
            "Y": 0.5661776065826416
          },
          {
            "X": 0.24013857543468475,
            "Y": 0.5659690499305725
          }
        ]
      },
      "Id": "cf4f8306-e0fc-48f5-801a-b43c521ec534",
      "Page": 1
    },
    {
      "BlockType": "WORD",
      "Confidence": 99.9844741821289,
      "Text": "140",
      "TextType": "PRINTED",
      "Geometry": {
        "BoundingBox": {
          "Width": 0.02305212803184986,
          "Height": 0.01922861859202385,
          "Left": 0.35853761434555054,
          "Top": 0.5423918962478638
        },
        "Polygon": [
          {
            "X": 0.35853761434555054,
            "Y": 0.5423918962478638
          },
          {
            "X": 0.38139915466308594,
            "Y": 0.5424390435218811
          },
          {
            "X": 0.38158974051475525,
            "Y": 0.5616205334663391
          },
          {
            "X": 0.3587263226509094,
            "Y": 0.5615716576576233
          }
        ]
      },
      "Id": "c28ec61e-10de-489b-ad68-f8b3475502b0",
      "Page": 1
    },
    {
      "BlockType": "WORD",
      "Confidence": 99.8294448852539,
      "Text": "60",
      "TextType": "PRINTED",
      "Geometry": {
        "BoundingBox": {
          "Width": 0.016165005043148994,
          "Height": 0.019017554819583893,
          "Left": 0.48935285210609436,
          "Top": 0.5423285365104675
        },
        "Polygon": [
          {
            "X": 0.48935285210609436,
            "Y": 0.5423285365104675
          },
          {
            "X": 0.5053191781044006,
            "Y": 0.5423614382743835
          },
          {
            "X": 0.505517840385437,
            "Y": 0.5613461136817932
          },
          {
            "X": 0.4895502030849457,
            "Y": 0.5613120198249817
          }
        ]
      },
      "Id": "a0013c9f-02ea-4cae-b388-aac1425a6ce3",
      "Page": 1
    },
    {
      "BlockType": "WORD",
      "Confidence": 99.9134750366211,
      "Text": "170",
      "TextType": "PRINTED",
      "Geometry": {
        "BoundingBox": {
          "Width": 0.02256925217807293,
          "Height": 0.018998850136995316,
          "Left": 0.5836780071258545,
          "Top": 0.5424225330352783
        },
        "Polygon": [
          {
            "X": 0.5836780071258545,
            "Y": 0.5424225330352783
          },
          {
            "X": 0.6060407757759094,
            "Y": 0.5424685478210449
          },
          {
            "X": 0.6062472462654114,
            "Y": 0.5614213943481445
          },
          {
            "X": 0.5838826298713684,
            "Y": 0.5613736510276794
          }
        ]
      },
      "Id": "b8dfc95b-bed5-4e43-9a7d-885415375d05",
      "Page": 1
    },
    {
      "BlockType": "WORD",
      "Confidence": 99.96279907226562,
      "Text": "180",
      "TextType": "PRINTED",
      "Geometry": {
        "BoundingBox": {
          "Width": 0.02265399880707264,
          "Height": 0.01926274225115776,
          "Left": 0.7135932445526123,
          "Top": 0.5423874855041504
        },
        "Polygon": [
          {
            "X": 0.7135932445526123,
            "Y": 0.5423874855041504
          },
          {
            "X": 0.7360272407531738,
            "Y": 0.5424336791038513
          },
          {
            "X": 0.7362472414970398,
            "Y": 0.5616502165794373
          },
          {
            "X": 0.7138113379478455,
            "Y": 0.5616023540496826
          }
        ]
      },
      "Id": "249e7dd8-5f89-4fba-b3a2-17c509117d65",
      "Page": 1
    },
    {
      "BlockType": "WORD",
      "Confidence": 99.1157455444336,
      "Text": "PN-EP/PMDA",
      "TextType": "PRINTED",
      "Geometry": {
        "BoundingBox": {
          "Width": 0.0870388075709343,
          "Height": 0.024822551757097244,
          "Left": 0.23899073898792267,
          "Top": 0.5730926990509033
        },
        "Polygon": [
          {
            "X": 0.23899073898792267,
            "Y": 0.5730926990509033
          },
          {
            "X": 0.325790673494339,
            "Y": 0.5732824206352234
          },
          {
            "X": 0.32602953910827637,
            "Y": 0.5979152917861938
          },
          {
            "X": 0.23922044038772583,
            "Y": 0.5977169275283813
          }
        ]
      },
      "Id": "3a29f9d8-0dec-4b07-86eb-1e505db8a13b",
      "Page": 1
    },
    {
      "BlockType": "WORD",
      "Confidence": 99.9543228149414,
      "Text": "180",
      "TextType": "PRINTED",
      "Geometry": {
        "BoundingBox": {
          "Width": 0.02273963764309883,
          "Height": 0.019588639959692955,
          "Left": 0.35874179005622864,
          "Top": 0.573560893535614
        },
        "Polygon": [
          {
            "X": 0.35874179005622864,
            "Y": 0.573560893535614
          },
          {
            "X": 0.3812873065471649,
            "Y": 0.5736101865768433
          },
          {
            "X": 0.381481409072876,
            "Y": 0.5931495428085327
          },
          {
            "X": 0.3589340150356293,
            "Y": 0.5930984616279602
          }
        ]
      },
      "Id": "36c04923-d4b3-40a3-bff7-74b621c97140",
      "Page": 1
    },
    {
      "BlockType": "WORD",
      "Confidence": 99.9186782836914,
      "Text": "60",
      "TextType": "PRINTED",
      "Geometry": {
        "BoundingBox": {
          "Width": 0.016661562025547028,
          "Height": 0.019288232550024986,
          "Left": 0.4891872704029083,
          "Top": 0.5738615989685059
        },
        "Polygon": [
          {
            "X": 0.4891872704029083,
            "Y": 0.5738615989685059
          },
          {
            "X": 0.5056473612785339,
            "Y": 0.5738976001739502
          },
          {
            "X": 0.5058488249778748,
            "Y": 0.5931498408317566
          },
          {
            "X": 0.4893873631954193,
            "Y": 0.593112587928772
          }
        ]
      },
      "Id": "98666718-b330-42aa-9535-bd6a7d36488d",
      "Page": 1
    },
    {
      "BlockType": "WORD",
      "Confidence": 99.94061279296875,
      "Text": "200",
      "TextType": "PRINTED",
      "Geometry": {
        "BoundingBox": {
          "Width": 0.025479460135102272,
          "Height": 0.019731305539608,
          "Left": 0.5805512070655823,
          "Top": 0.5736094117164612
        },
        "Polygon": [
          {
            "X": 0.5805512070655823,
            "Y": 0.5736094117164612
          },
          {
            "X": 0.6058163642883301,
            "Y": 0.5736645460128784
          },
          {
            "X": 0.6060306429862976,
            "Y": 0.5933406949043274
          },
          {
            "X": 0.5807633399963379,
            "Y": 0.593283474445343
          }
        ]
      },
      "Id": "922251d7-431c-4878-afac-35d33d9d751c",
      "Page": 1
    },
    {
      "BlockType": "WORD",
      "Confidence": 99.9683837890625,
      "Text": "180",
      "TextType": "PRINTED",
      "Geometry": {
        "BoundingBox": {
          "Width": 0.022590218111872673,
          "Height": 0.01956639252603054,
          "Left": 0.7136290073394775,
          "Top": 0.573706328868866
        },
        "Polygon": [
          {
            "X": 0.7136290073394775,
            "Y": 0.573706328868866
          },
          {
            "X": 0.7359958291053772,
            "Y": 0.5737552046775818
          },
          {
            "X": 0.7362192273139954,
            "Y": 0.5932727456092834
          },
          {
            "X": 0.7138505578041077,
            "Y": 0.5932221412658691
          }
        ]
      },
      "Id": "88b160a0-20b3-42f8-b3bf-50ea4353ce49",
      "Page": 1
    },
    {
      "BlockType": "TABLE",
      "Confidence": 99.169921875,
      "Geometry": {
        "BoundingBox": {
          "Width": 0.530652642250061,
          "Height": 0.21459312736988068,
          "Left": 0.23643715679645538,
          "Top": 0.3930264115333557
        },
        "Polygon": [
          {
            "X": 0.23643715679645538,
            "Y": 0.3930264115333557
          },
          {
            "X": 0.7646145224571228,
            "Y": 0.393796443939209
          },
          {
            "X": 0.76708984375,
            "Y": 0.6076195240020752
          },
          {
            "X": 0.23842665553092957,
            "Y": 0.6063931584358215
          }
        ]
      },
      "Id": "6ba7218b-4949-4fa5-8256-e90884c759e1",
      "Relationships": [
        {
          "Type": "CHILD",
          "Ids": [
            "66100ccd-0049-4af5-b845-c2e90089d869",
            "4fae3395-6a84-483e-a6af-84e1f08b098e",
            "ac501d66-177f-4232-83e8-6acfbc476566",
            "6d7919ba-c950-4f35-850d-c2cc4f470f18",
            "10254195-cb8d-4738-9d86-b8a26fd7f8fb",
            "5d894cb0-3b69-4b89-8382-ffedd35d1886",
            "fce210e7-7077-47b2-ad7c-93f65508fbc0",
            "3407804d-33aa-40d1-82d8-c647f6294b82",
            "883049a8-821e-48e9-aac3-f16177bab669",
            "086897fd-fdf1-4744-a8af-1104d2fa0445",
            "8be95a78-32f8-4c92-a4fb-762f6ee50dfb",
            "c120809d-8b1c-499e-b48a-452b7b7e6150",
            "fb0f3249-9d18-4355-8cb5-d480e3b8f111",
            "a8f01876-a8a0-48af-b00c-5e60edc7bd7d",
            "aef7d79a-7d25-4fdb-85d4-da0a6a193d46",
            "fc8d1809-d97d-4a66-996e-6a9dde62b306",
            "974211e4-5a32-4dad-8a50-a85256e0eba7",
            "8a93140a-818c-4fd6-957f-d17f839a4bb8",
            "a9a9ab8b-56ce-465d-bdfa-1240aecc0d9e",
            "f790a969-d9b2-4b1e-88ab-30edda049929",
            "5f632852-a3ad-4b4f-b132-3a03c94d6f07",
            "fc0f23e3-176f-4d1f-8a0f-0c44fe92e572",
            "c23c70c6-a5e9-4c3e-afbb-415d17922b0d",
            "73588c49-757d-40a6-87eb-5b14d5b552ec",
            "c8837bca-60f1-4905-a03c-277a173f1d5f"
          ]
        }
      ],
      "EntityTypes": [
        "STRUCTURED_TABLE"
      ],
      "Page": 1
    },
    {
      "BlockType": "CELL",
      "Confidence": 92.041015625,
      "RowIndex": 1,
      "ColumnIndex": 1,
      "RowSpan": 1,
      "ColumnSpan": 1,
      "Geometry": {
        "BoundingBox": {
          "Width": 0.11116635054349899,
          "Height": 0.07931222021579742,
          "Left": 0.23643715679645538,
          "Top": 0.3930264115333557
        },
        "Polygon": [
          {
            "X": 0.23643715679645538,
            "Y": 0.3930264115333557
          },
          {
            "X": 0.3468282222747803,
            "Y": 0.39318734407424927
          },
          {
            "X": 0.3476034998893738,
            "Y": 0.47233864665031433
          },
          {
            "X": 0.237174853682518,
            "Y": 0.4721423387527466
          }
        ]
      },
      "Id": "66100ccd-0049-4af5-b845-c2e90089d869",
      "Relationships": [
        {
          "Type": "CHILD",
          "Ids": [
            "bd7ad46b-04c9-4180-8448-c2ebd60075a0",
            "09a09dce-7c0f-4441-bbdc-2951f78e864f"
          ]
        }
      ],
      "EntityTypes": [
        "COLUMN_HEADER"
      ],
      "Page": 1
    },
    {
      "BlockType": "CELL",
      "Confidence": 93.505859375,
      "RowIndex": 1,
      "ColumnIndex": 2,
      "RowSpan": 1,
      "ColumnSpan": 1,
      "Geometry": {
        "BoundingBox": {
          "Width": 0.1303696483373642,
          "Height": 0.07938163727521896,
          "Left": 0.3468282222747803,
          "Top": 0.39318734407424927
        },
        "Polygon": [
          {
            "X": 0.3468282222747803,
            "Y": 0.39318734407424927
          },
          {
            "X": 0.4763784408569336,
            "Y": 0.3933762311935425
          },
          {
            "X": 0.47719788551330566,
            "Y": 0.47256898880004883
          },
          {
            "X": 0.3476034998893738,
            "Y": 0.47233864665031433
          }
        ]
      },
      "Id": "4fae3395-6a84-483e-a6af-84e1f08b098e",
      "Relationships": [
        {
          "Type": "CHILD",
          "Ids": [
            "eb0154a9-5466-4ef6-8c19-822d8dd97806",
            "46c3a3c0-4495-48aa-88d6-dc858c5ea65d",
            "fe7cab88-952a-451f-979a-db7ce1ee9920"
          ]
        }
      ],
      "EntityTypes": [
        "COLUMN_HEADER"
      ],
      "Page": 1
    },
    {
      "BlockType": "CELL",
      "Confidence": 90.8203125,
      "RowIndex": 1,
      "ColumnIndex": 3,
      "RowSpan": 1,
      "ColumnSpan": 1,
      "Geometry": {
        "BoundingBox": {
          "Width": 0.09380491822957993,
          "Height": 0.0793580412864685,
          "Left": 0.4763784408569336,
          "Top": 0.3933762311935425
        },
        "Polygon": [
          {
            "X": 0.4763784408569336,
            "Y": 0.3933762311935425
          },
          {
            "X": 0.5693321824073792,
            "Y": 0.39351174235343933
          },
          {
            "X": 0.5701833367347717,
            "Y": 0.472734272480011
          },
          {
            "X": 0.47719788551330566,
            "Y": 0.47256898880004883
          }
        ]
      },
      "Id": "ac501d66-177f-4232-83e8-6acfbc476566",
      "Relationships": [
        {
          "Type": "CHILD",
          "Ids": [
            "c2f58156-6b16-4519-b93b-440b84de4586",
            "51a63bc8-e6ba-4b4c-8345-53ac307fbfff",
            "d12176aa-87dd-4325-bca7-1ab75ef39be6"
          ]
        }
      ],
      "EntityTypes": [
        "COLUMN_HEADER"
      ],
      "Page": 1
    },
    {
      "BlockType": "CELL",
      "Confidence": 94.384765625,
      "RowIndex": 1,
      "ColumnIndex": 4,
      "RowSpan": 1,
      "ColumnSpan": 1,
      "Geometry": {
        "BoundingBox": {
          "Width": 0.13224363327026367,
          "Height": 0.07945607602596283,
          "Left": 0.5693321824073792,
          "Top": 0.39351174235343933
        },
        "Polygon": [
          {
            "X": 0.5693321824073792,
            "Y": 0.39351174235343933
          },
          {
            "X": 0.7006798386573792,
            "Y": 0.39370325207710266
          },
          {
            "X": 0.7015758156776428,
            "Y": 0.47296783328056335
          },
          {
            "X": 0.5701833367347717,
            "Y": 0.472734272480011
          }
        ]
      },
      "Id": "6d7919ba-c950-4f35-850d-c2cc4f470f18",
      "Relationships": [
        {
          "Type": "CHILD",
          "Ids": [
            "0de8cf07-c5e1-4b8c-8298-933fe77e371a",
            "254e8641-45f1-453b-bdc9-4c4161c66f16",
            "b46ce0d6-c422-46ff-832b-478b57adda9f"
          ]
        }
      ],
      "EntityTypes": [
        "COLUMN_HEADER"
      ],
      "Page": 1
    },
    {
      "BlockType": "CELL",
      "Confidence": 86.474609375,
      "RowIndex": 1,
      "ColumnIndex": 5,
      "RowSpan": 1,
      "ColumnSpan": 1,
      "Geometry": {
        "BoundingBox": {
          "Width": 0.0648525133728981,
          "Height": 0.07937826961278915,
          "Left": 0.7006798386573792,
          "Top": 0.39370325207710266
        },
        "Polygon": [
          {
            "X": 0.7006798386573792,
            "Y": 0.39370325207710266
          },
          {
            "X": 0.7646145224571228,
            "Y": 0.393796443939209
          },
          {
            "X": 0.765532374382019,
            "Y": 0.47308149933815
          },
          {
            "X": 0.7015758156776428,
            "Y": 0.47296783328056335
          }
        ]
      },
      "Id": "10254195-cb8d-4738-9d86-b8a26fd7f8fb",
      "Relationships": [
        {
          "Type": "CHILD",
          "Ids": [
            "38b47bfc-5cc8-424a-81e4-9a140de2f80a",
            "591be51e-d7f6-4cfd-bf9a-dc653b623b16",
            "9fe4bb65-d34c-460e-a7b9-16a77933df67"
          ]
        }
      ],
      "EntityTypes": [
        "COLUMN_HEADER"
      ],
      "Page": 1
    },
    {
      "BlockType": "CELL",
      "Confidence": 86.9140625,
      "RowIndex": 2,
      "ColumnIndex": 1,
      "RowSpan": 1,
      "ColumnSpan": 1,
      "Geometry": {
        "BoundingBox": {
          "Width": 0.11075171083211899,
          "Height": 0.033178869634866714,
          "Left": 0.237174853682518,
          "Top": 0.4721423387527466
        },
        "Polygon": [
          {
            "X": 0.237174853682518,
            "Y": 0.4721423387527466
          },
          {
            "X": 0.3476034998893738,
            "Y": 0.47233864665031433
          },
          {
            "X": 0.3479265570640564,
            "Y": 0.505321204662323
          },
          {
            "X": 0.23748226463794708,
            "Y": 0.5051102042198181
          }
        ]
      },
      "Id": "5d894cb0-3b69-4b89-8382-ffedd35d1886",
      "Relationships": [
        {
          "Type": "CHILD",
          "Ids": [
            "380da3e0-f6fd-4f45-8a26-6f61f084744f"
          ]
        }
      ],
      "Page": 1
    },
    {
      "BlockType": "CELL",
      "Confidence": 88.330078125,
      "RowIndex": 2,
      "ColumnIndex": 2,
      "RowSpan": 1,
      "ColumnSpan": 1,
      "Geometry": {
        "BoundingBox": {
          "Width": 0.1299358308315277,
          "Height": 0.03323023393750191,
          "Left": 0.3476034998893738,
          "Top": 0.47233864665031433
        },
        "Polygon": [
          {
            "X": 0.3476034998893738,
            "Y": 0.47233864665031433
          },
          {
            "X": 0.47719788551330566,
            "Y": 0.47256898880004883
          },
          {
            "X": 0.4775393307209015,
            "Y": 0.5055688619613647
          },
          {
            "X": 0.3479265570640564,
            "Y": 0.505321204662323
          }
        ]
      },
      "Id": "fce210e7-7077-47b2-ad7c-93f65508fbc0",
      "Relationships": [
        {
          "Type": "CHILD",
          "Ids": [
            "56c2ddd8-3b9f-464b-b3e8-48d8bdbe85f4"
          ]
        }
      ],
      "Page": 1
    },
    {
      "BlockType": "CELL",
      "Confidence": 85.791015625,
      "RowIndex": 2,
      "ColumnIndex": 3,
      "RowSpan": 1,
      "ColumnSpan": 1,
      "Geometry": {
        "BoundingBox": {
          "Width": 0.09334015101194382,
          "Height": 0.03317756950855255,
          "Left": 0.47719788551330566,
          "Top": 0.47256898880004883
        },
        "Polygon": [
          {
            "X": 0.47719788551330566,
            "Y": 0.47256898880004883
          },
          {
            "X": 0.5701833367347717,
            "Y": 0.472734272480011
          },
          {
            "X": 0.5705380439758301,
            "Y": 0.5057465434074402
          },
          {
            "X": 0.4775393307209015,
            "Y": 0.5055688619613647
          }
        ]
      },
      "Id": "3407804d-33aa-40d1-82d8-c647f6294b82",
      "Relationships": [
        {
          "Type": "CHILD",
          "Ids": [
            "0cfbba9b-ded1-414f-8000-b99e327f7fb7"
          ]
        }
      ],
      "Page": 1
    },
    {
      "BlockType": "CELL",
      "Confidence": 89.111328125,
      "RowIndex": 2,
      "ColumnIndex": 4,
      "RowSpan": 1,
      "ColumnSpan": 1,
      "Geometry": {
        "BoundingBox": {
          "Width": 0.13176584243774414,
          "Height": 0.033263370394706726,
          "Left": 0.5701833367347717,
          "Top": 0.472734272480011
        },
        "Polygon": [
          {
            "X": 0.5701833367347717,
            "Y": 0.472734272480011
          },
          {
            "X": 0.7015758156776428,
            "Y": 0.47296783328056335
          },
          {
            "X": 0.7019491791725159,
            "Y": 0.5059976577758789
          },
          {
            "X": 0.5705380439758301,
            "Y": 0.5057465434074402
          }
        ]
      },
      "Id": "883049a8-821e-48e9-aac3-f16177bab669",
      "Relationships": [
        {
          "Type": "CHILD",
          "Ids": [
            "d5fe7dcb-c867-4f6a-b40a-16bba078a6c6"
          ]
        }
      ],
      "Page": 1
    },
    {
      "BlockType": "CELL",
      "Confidence": 81.640625,
      "RowIndex": 2,
      "ColumnIndex": 5,
      "RowSpan": 1,
      "ColumnSpan": 1,
      "Geometry": {
        "BoundingBox": {
          "Width": 0.06433898955583572,
          "Height": 0.03315203636884689,
          "Left": 0.7015758156776428,
          "Top": 0.47296783328056335
        },
        "Polygon": [
          {
            "X": 0.7015758156776428,
            "Y": 0.47296783328056335
          },
          {
            "X": 0.765532374382019,
            "Y": 0.47308149933815
          },
          {
            "X": 0.7659148573875427,
            "Y": 0.5061198472976685
          },
          {
            "X": 0.7019491791725159,
            "Y": 0.5059976577758789
          }
        ]
      },
      "Id": "086897fd-fdf1-4744-a8af-1104d2fa0445",
      "Relationships": [
        {
          "Type": "CHILD",
          "Ids": [
            "d30655df-5b70-45c5-9eb9-cf26c60070dc"
          ]
        }
      ],
      "Page": 1
    },
    {
      "BlockType": "CELL",
      "Confidence": 87.060546875,
      "RowIndex": 3,
      "ColumnIndex": 1,
      "RowSpan": 1,
      "ColumnSpan": 1,
      "Geometry": {
        "BoundingBox": {
          "Width": 0.11074160784482956,
          "Height": 0.030563192442059517,
          "Left": 0.23748226463794708,
          "Top": 0.5051102042198181
        },
        "Polygon": [
          {
            "X": 0.23748226463794708,
            "Y": 0.5051102042198181
          },
          {
            "X": 0.3479265570640564,
            "Y": 0.505321204662323
          },
          {
            "X": 0.34822386503219604,
            "Y": 0.5356733798980713
          },
          {
            "X": 0.2377651482820511,
            "Y": 0.5354487895965576
          }
        ]
      },
      "Id": "8be95a78-32f8-4c92-a4fb-762f6ee50dfb",
      "Relationships": [
        {
          "Type": "CHILD",
          "Ids": [
            "a40822da-f19c-4737-a4ab-ea968a69aad5"
          ]
        }
      ],
      "Page": 1
    },
    {
      "BlockType": "CELL",
      "Confidence": 88.4765625,
      "RowIndex": 3,
      "ColumnIndex": 2,
      "RowSpan": 1,
      "ColumnSpan": 1,
      "Geometry": {
        "BoundingBox": {
          "Width": 0.12992699444293976,
          "Height": 0.030615735799074173,
          "Left": 0.3479265570640564,
          "Top": 0.505321204662323
        },
        "Polygon": [
          {
            "X": 0.3479265570640564,
            "Y": 0.505321204662323
          },
          {
            "X": 0.4775393307209015,
            "Y": 0.5055688619613647
          },
          {
            "X": 0.47785356640815735,
            "Y": 0.5359369516372681
          },
          {
            "X": 0.34822386503219604,
            "Y": 0.5356733798980713
          }
        ]
      },
      "Id": "c120809d-8b1c-499e-b48a-452b7b7e6150",
      "Relationships": [
        {
          "Type": "CHILD",
          "Ids": [
            "a8d60696-499e-46d5-b6ff-7ca9e0d0ad97"
          ]
        }
      ],
      "Page": 1
    },
    {
      "BlockType": "CELL",
      "Confidence": 85.9375,
      "RowIndex": 3,
      "ColumnIndex": 3,
      "RowSpan": 1,
      "ColumnSpan": 1,
      "Geometry": {
        "BoundingBox": {
          "Width": 0.09332507848739624,
          "Height": 0.03055720031261444,
          "Left": 0.4775393307209015,
          "Top": 0.5055688619613647
        },
        "Polygon": [
          {
            "X": 0.4775393307209015,
            "Y": 0.5055688619613647
          },
          {
            "X": 0.5705380439758301,
            "Y": 0.5057465434074402
          },
          {
            "X": 0.5708644390106201,
            "Y": 0.5361260771751404
          },
          {
            "X": 0.47785356640815735,
            "Y": 0.5359369516372681
          }
        ]
      },
      "Id": "fb0f3249-9d18-4355-8cb5-d480e3b8f111",
      "Relationships": [
        {
          "Type": "CHILD",
          "Ids": [
            "37fa1ee7-72eb-423a-9a55-105eb9c02c80"
          ]
        }
      ],
      "Page": 1
    },
    {
      "BlockType": "CELL",
      "Confidence": 89.2578125,
      "RowIndex": 3,
      "ColumnIndex": 4,
      "RowSpan": 1,
      "ColumnSpan": 1,
      "Geometry": {
        "BoundingBox": {
          "Width": 0.13175475597381592,
          "Height": 0.030646733939647675,
          "Left": 0.5705380439758301,
          "Top": 0.5057465434074402
        },
        "Polygon": [
          {
            "X": 0.5705380439758301,
            "Y": 0.5057465434074402
          },
          {
            "X": 0.7019491791725159,
            "Y": 0.5059976577758789
          },
          {
            "X": 0.702292799949646,
            "Y": 0.5363932847976685
          },
          {
            "X": 0.5708644390106201,
            "Y": 0.5361260771751404
          }
        ]
      },
      "Id": "a8f01876-a8a0-48af-b00c-5e60edc7bd7d",
      "Relationships": [
        {
          "Type": "CHILD",
          "Ids": [
            "e5585bc0-0b70-4e13-b5f5-8d73b0e1da9f"
          ]
        }
      ],
      "Page": 1
    },
    {
      "BlockType": "CELL",
      "Confidence": 81.787109375,
      "RowIndex": 3,
      "ColumnIndex": 5,
      "RowSpan": 1,
      "ColumnSpan": 1,
      "Geometry": {
        "BoundingBox": {
          "Width": 0.06431759148836136,
          "Height": 0.030525723472237587,
          "Left": 0.7019491791725159,
          "Top": 0.5059976577758789
        },
        "Polygon": [
          {
            "X": 0.7019491791725159,
            "Y": 0.5059976577758789
          },
          {
            "X": 0.7659148573875427,
            "Y": 0.5061198472976685
          },
          {
            "X": 0.7662667632102966,
            "Y": 0.5365233421325684
          },
          {
            "X": 0.702292799949646,
            "Y": 0.5363932847976685
          }
        ]
      },
      "Id": "aef7d79a-7d25-4fdb-85d4-da0a6a193d46",
      "Relationships": [
        {
          "Type": "CHILD",
          "Ids": [
            "d4adbcf7-b642-44a5-a7ef-af45f8d32545"
          ]
        }
      ],
      "Page": 1
    },
    {
      "BlockType": "CELL",
      "Confidence": 85.693359375,
      "RowIndex": 4,
      "ColumnIndex": 1,
      "RowSpan": 1,
      "ColumnSpan": 1,
      "Geometry": {
        "BoundingBox": {
          "Width": 0.11076902598142624,
          "Height": 0.03190479055047035,
          "Left": 0.2377651482820511,
          "Top": 0.5354487895965576
        },
        "Polygon": [
          {
            "X": 0.2377651482820511,
            "Y": 0.5354487895965576
          },
          {
            "X": 0.34822386503219604,
            "Y": 0.5356733798980713
          },
          {
            "X": 0.34853416681289673,
            "Y": 0.5673536062240601
          },
          {
            "X": 0.23806041479110718,
            "Y": 0.5671148300170898
          }
        ]
      },
      "Id": "fc8d1809-d97d-4a66-996e-6a9dde62b306",
      "Relationships": [
        {
          "Type": "CHILD",
          "Ids": [
            "cf4f8306-e0fc-48f5-801a-b43c521ec534"
          ]
        }
      ],
      "Page": 1
    },
    {
      "BlockType": "CELL",
      "Confidence": 87.060546875,
      "RowIndex": 4,
      "ColumnIndex": 2,
      "RowSpan": 1,
      "ColumnSpan": 1,
      "Geometry": {
        "BoundingBox": {
          "Width": 0.1299576759338379,
          "Height": 0.0319603867828846,
          "Left": 0.34822386503219604,
          "Top": 0.5356733798980713
        },
        "Polygon": [
          {
            "X": 0.34822386503219604,
            "Y": 0.5356733798980713
          },
          {
            "X": 0.47785356640815735,
            "Y": 0.5359369516372681
          },
          {
            "X": 0.47818154096603394,
            "Y": 0.5676338076591492
          },
          {
            "X": 0.34853416681289673,
            "Y": 0.5673536062240601
          }
        ]
      },
      "Id": "974211e4-5a32-4dad-8a50-a85256e0eba7",
      "Relationships": [
        {
          "Type": "CHILD",
          "Ids": [
            "c28ec61e-10de-489b-ad68-f8b3475502b0"
          ]
        }
      ],
      "Page": 1
    },
    {
      "BlockType": "CELL",
      "Confidence": 84.5703125,
      "RowIndex": 4,
      "ColumnIndex": 3,
      "RowSpan": 1,
      "ColumnSpan": 1,
      "Geometry": {
        "BoundingBox": {
          "Width": 0.09335152059793472,
          "Height": 0.031897857785224915,
          "Left": 0.47785356640815735,
          "Top": 0.5359369516372681
        },
        "Polygon": [
          {
            "X": 0.47785356640815735,
            "Y": 0.5359369516372681
          },
          {
            "X": 0.5708644390106201,
            "Y": 0.5361260771751404
          },
          {
            "X": 0.5712050795555115,
            "Y": 0.5678347945213318
          },
          {
            "X": 0.47818154096603394,
            "Y": 0.5676338076591492
          }
        ]
      },
      "Id": "8a93140a-818c-4fd6-957f-d17f839a4bb8",
      "Relationships": [
        {
          "Type": "CHILD",
          "Ids": [
            "a0013c9f-02ea-4cae-b388-aac1425a6ce3"
          ]
        }
      ],
      "Page": 1
    },
    {
      "BlockType": "CELL",
      "Confidence": 87.841796875,
      "RowIndex": 4,
      "ColumnIndex": 4,
      "RowSpan": 1,
      "ColumnSpan": 1,
      "Geometry": {
        "BoundingBox": {
          "Width": 0.1317869871854782,
          "Height": 0.03199281916022301,
          "Left": 0.5708644390106201,
          "Top": 0.5361260771751404
        },
        "Polygon": [
          {
            "X": 0.5708644390106201,
            "Y": 0.5361260771751404
          },
          {
            "X": 0.702292799949646,
            "Y": 0.5363932847976685
          },
          {
            "X": 0.7026513814926147,
            "Y": 0.5681188702583313
          },
          {
            "X": 0.5712050795555115,
            "Y": 0.5678347945213318
          }
        ]
      },
      "Id": "a9a9ab8b-56ce-465d-bdfa-1240aecc0d9e",
      "Relationships": [
        {
          "Type": "CHILD",
          "Ids": [
            "b8dfc95b-bed5-4e43-9a7d-885415375d05"
          ]
        }
      ],
      "Page": 1
    },
    {
      "BlockType": "CELL",
      "Confidence": 80.46875,
      "RowIndex": 4,
      "ColumnIndex": 5,
      "RowSpan": 1,
      "ColumnSpan": 1,
      "Geometry": {
        "BoundingBox": {
          "Width": 0.06434136629104614,
          "Height": 0.031863871961832047,
          "Left": 0.702292799949646,
          "Top": 0.5363932847976685
        },
        "Polygon": [
          {
            "X": 0.702292799949646,
            "Y": 0.5363932847976685
          },
          {
            "X": 0.7662667632102966,
            "Y": 0.5365233421325684
          },
          {
            "X": 0.7666341662406921,
            "Y": 0.5682571530342102
          },
          {
            "X": 0.7026513814926147,
            "Y": 0.5681188702583313
          }
        ]
      },
      "Id": "f790a969-d9b2-4b1e-88ab-30edda049929",
      "Relationships": [
        {
          "Type": "CHILD",
          "Ids": [
            "249e7dd8-5f89-4fba-b3a2-17c509117d65"
          ]
        }
      ],
      "Page": 1
    },
    {
      "BlockType": "CELL",
      "Confidence": 90.576171875,
      "RowIndex": 5,
      "ColumnIndex": 1,
      "RowSpan": 1,
      "ColumnSpan": 1,
      "Geometry": {
        "BoundingBox": {
          "Width": 0.11085867136716843,
          "Height": 0.039534617215394974,
          "Left": 0.23806041479110718,
          "Top": 0.5671148300170898
        },
        "Polygon": [
          {
            "X": 0.23806041479110718,
            "Y": 0.5671148300170898
          },
          {
            "X": 0.34853416681289673,
            "Y": 0.5673536062240601
          },
          {
            "X": 0.3489190936088562,
            "Y": 0.6066494584083557
          },
          {
            "X": 0.23842665553092957,
            "Y": 0.6063931584358215
          }
        ]
      },
      "Id": "5f632852-a3ad-4b4f-b132-3a03c94d6f07",
      "Relationships": [
        {
          "Type": "CHILD",
          "Ids": [
            "3a29f9d8-0dec-4b07-86eb-1e505db8a13b"
          ]
        }
      ],
      "Page": 1
    },
    {
      "BlockType": "CELL",
      "Confidence": 91.9921875,
      "RowIndex": 5,
      "ColumnIndex": 2,
      "RowSpan": 1,
      "ColumnSpan": 1,
      "Geometry": {
        "BoundingBox": {
          "Width": 0.13005419075489044,
          "Height": 0.03959667682647705,
          "Left": 0.34853416681289673,
          "Top": 0.5673536062240601
        },
        "Polygon": [
          {
            "X": 0.34853416681289673,
            "Y": 0.5673536062240601
          },
          {
            "X": 0.47818154096603394,
            "Y": 0.5676338076591492
          },
          {
            "X": 0.47858837246894836,
            "Y": 0.6069502830505371
          },
          {
            "X": 0.3489190936088562,
            "Y": 0.6066494584083557
          }
        ]
      },
      "Id": "fc0f23e3-176f-4d1f-8a0f-0c44fe92e572",
      "Relationships": [
        {
          "Type": "CHILD",
          "Ids": [
            "36c04923-d4b3-40a3-bff7-74b621c97140"
          ]
        }
      ],
      "Page": 1
    },
    {
      "BlockType": "CELL",
      "Confidence": 89.404296875,
      "RowIndex": 5,
      "ColumnIndex": 3,
      "RowSpan": 1,
      "ColumnSpan": 1,
      "Geometry": {
        "BoundingBox": {
          "Width": 0.09344610571861267,
          "Height": 0.03953232243657112,
          "Left": 0.47818154096603394,
          "Top": 0.5676338076591492
        },
        "Polygon": [
          {
            "X": 0.47818154096603394,
            "Y": 0.5676338076591492
          },
          {
            "X": 0.5712050795555115,
            "Y": 0.5678347945213318
          },
          {
            "X": 0.571627676486969,
            "Y": 0.6071661114692688
          },
          {
            "X": 0.47858837246894836,
            "Y": 0.6069502830505371
          }
        ]
      },
      "Id": "c23c70c6-a5e9-4c3e-afbb-415d17922b0d",
      "Relationships": [
        {
          "Type": "CHILD",
          "Ids": [
            "98666718-b330-42aa-9535-bd6a7d36488d"
          ]
        }
      ],
      "Page": 1
    },
    {
      "BlockType": "CELL",
      "Confidence": 92.87109375,
      "RowIndex": 5,
      "ColumnIndex": 4,
      "RowSpan": 1,
      "ColumnSpan": 1,
      "Geometry": {
        "BoundingBox": {
          "Width": 0.1318911463022232,
          "Height": 0.039636265486478806,
          "Left": 0.5712050795555115,
          "Top": 0.5678347945213318
        },
        "Polygon": [
          {
            "X": 0.5712050795555115,
            "Y": 0.5678347945213318
          },
          {
            "X": 0.7026513814926147,
            "Y": 0.5681188702583313
          },
          {
            "X": 0.7030962109565735,
            "Y": 0.6074711084365845
          },
          {
            "X": 0.571627676486969,
            "Y": 0.6071661114692688
          }
        ]
      },
      "Id": "73588c49-757d-40a6-87eb-5b14d5b552ec",
      "Relationships": [
        {
          "Type": "CHILD",
          "Ids": [
            "922251d7-431c-4878-afac-35d33d9d751c"
          ]
        }
      ],
      "Page": 1
    },
    {
      "BlockType": "CELL",
      "Confidence": 85.05859375,
      "RowIndex": 5,
      "ColumnIndex": 5,
      "RowSpan": 1,
      "ColumnSpan": 1,
      "Geometry": {
        "BoundingBox": {
          "Width": 0.06443842500448227,
          "Height": 0.0395006462931633,
          "Left": 0.7026513814926147,
          "Top": 0.5681188702583313
        },
        "Polygon": [
          {
            "X": 0.7026513814926147,
            "Y": 0.5681188702583313
          },
          {
            "X": 0.7666341662406921,
            "Y": 0.5682571530342102
          },
          {
            "X": 0.76708984375,
            "Y": 0.6076195240020752
          },
          {
            "X": 0.7030962109565735,
            "Y": 0.6074711084365845
          }
        ]
      },
      "Id": "c8837bca-60f1-4905-a03c-277a173f1d5f",
      "Relationships": [
        {
          "Type": "CHILD",
          "Ids": [
            "88b160a0-20b3-42f8-b3bf-50ea4353ce49"
          ]
        }
      ],
      "Page": 1
    }
  ],
  "AnalyzeDocumentModelVersion": "1.0"
}