{
  "DocumentMetadata": {
    "Pages": 1
  },
  "JobStatus": "SUCCEEDED",
  "Blocks": [
    {
      "BlockType": "PAGE",
      "Geometry": {
        "BoundingBox": {
          "Width": 1,
          "Height": 1,
          "Left": 0,
          "Top": 0
        },
        "Polygon": [
          {
            "X": 0.00003644783646450378,
            "Y": 0
          },
          {
            "X": 1,
            "Y": 0.000030534622055711225
          },
          {
            "X": 1,
            "Y": 1
          },
          {
            "X": 0,
            "Y": 1
          }
        ]
      },
      "Id": "696bdeed-e3a5-4f9e-9fdf-435ac1a16ec7",
      "Relationships": [
        {
          "Type": "CHILD",
          "Ids": [
            "1f949a41-2fc0-496e-9a61-dd26e45f7b87",
            "dd05268d-e16b-4d22-b731-5e3502ea18aa",
            "8bc01923-ca0b-4a91-a807-4d09206bbc49",
            "1646d8d4-7f8a-4e76-bafb-3c5aed56b33a",
            "32308eb0-ec15-438d-a400-7a1ade92920b",
            "44e69638-75bc-445b-8003-63401d8fbb5f",
            "89668cad-c92e-45f9-9d58-87d3ec27247d",
            "d359926b-4704-485a-b0f9-10833e14bb7f",
            "a9c70f4d-e976-48cd-91e3-f456ca2e5718",
            "d4d7c7ad-a2b6-4af7-b961-4ec36081034d",
            "49a19f55-9063-4435-9def-7494d34e3fcc",
            "86885f00-6951-4260-9ce0-49ab05d301c9",
            "4eeee704-3a0b-401b-bfff-bdbbfe6eb811",
            "59e0b7e3-a9a6-470e-9a84-b3a376497096",
            "088913a7-9b4a-4cd3-98c1-d84c0a83b7fb",
            "72bfe5f5-4511-4fae-8790-a1d78419faec",
            "0b7f3ca7-3fd9-494f-8a68-b08976b1cfb4",
            "d8335f42-3600-46dc-acb7-f3c89c6a3119"
          ]
        }
      ],
      "Page": 1
    },
    {
      "BlockType": "LINE",
      "Confidence": 99.9226303100586,
      "Text": "Samples",
      "Geometry": {
        "BoundingBox": {
          "Width": 0.038191016763448715,
          "Height": 0.023766154423356056,
          "Left": 0.18181712925434113,
          "Top": 0.415219247341156
        },
        "Polygon": [
          {
            "X": 0.18216277658939362,
            "Y": 0.415219247341156
          },
          {
            "X": 0.22000814974308014,
            "Y": 0.415349543094635
          },
          {
            "X": 0.21966513991355896,
            "Y": 0.4389853775501251
          },
          {
            "X": 0.18181712925434113,
            "Y": 0.43885284662246704
          }
        ]
      },
      "Id": "1f949a41-2fc0-496e-9a61-dd26e45f7b87",
      "Relationships": [
        {
          "Type": "CHILD",
          "Ids": [
            "a2325916-cecf-4173-ac2c-924ba5204134"
          ]
        }
      ],
      "Page": 1
    },
    {
      "BlockType": "LINE",
      "Confidence": 99.89629364013672,
      "Text": "Neat TGDDM",
      "Geometry": {
        "BoundingBox": {
          "Width": 0.06251830607652664,
          "Height": 0.019839322194457054,
          "Left": 0.39628615975379944,
          "Top": 0.415104478597641
        },
        "Polygon": [
          {
            "X": 0.39656051993370056,
            "Y": 0.415104478597641
          },
          {
            "X": 0.4588044583797455,
            "Y": 0.41531863808631897
          },
          {
            "X": 0.45853373408317566,
            "Y": 0.4349437952041626
          },
          {
            "X": 0.39628615975379944,
            "Y": 0.4347265660762787
          }
        ]
      },
      "Id": "dd05268d-e16b-4d22-b731-5e3502ea18aa",
      "Relationships": [
        {
          "Type": "CHILD",
          "Ids": [
            "5badf44f-4be6-4dfd-a66c-b362c939b3dc",
            "1955f21e-ef16-4b7e-be25-2e13a605c759"
          ]
        }
      ],
      "Page": 1
    },
    {
      "BlockType": "LINE",
      "Confidence": 99.75227355957031,
      "Text": "NT-alumina filled TGDDM",
      "Geometry": {
        "BoundingBox": {
          "Width": 0.12292658537626266,
          "Height": 0.020438017323613167,
          "Left": 0.5202333927154541,
          "Top": 0.4141930341720581
        },
        "Polygon": [
          {
            "X": 0.5205057263374329,
            "Y": 0.4141930341720581
          },
          {
            "X": 0.6431599855422974,
            "Y": 0.41461464762687683
          },
          {
            "X": 0.6428949236869812,
            "Y": 0.4346310496330261
          },
          {
            "X": 0.5202333927154541,
            "Y": 0.43420329689979553
          }
        ]
      },
      "Id": "8bc01923-ca0b-4a91-a807-4d09206bbc49",
      "Relationships": [
        {
          "Type": "CHILD",
          "Ids": [
            "2e4ec1de-9409-4879-b372-208160802c6f",
            "8633e513-06f8-4a5c-9f61-3380c1f1a0f6",
            "b37fe897-36f7-45ce-8482-e13a1bc66a47"
          ]
        }
      ],
      "Page": 1
    },
    {
      "BlockType": "LINE",
      "Confidence": 99.70942687988281,
      "Text": "GT-alumina filled TGDDM",
      "Geometry": {
        "BoundingBox": {
          "Width": 0.12005995213985443,
          "Height": 0.024735992774367332,
          "Left": 0.704675555229187,
          "Top": 0.4112747013568878
        },
        "Polygon": [
          {
            "X": 0.7049930095672607,
            "Y": 0.4112747013568878
          },
          {
            "X": 0.8247354626655579,
            "Y": 0.4116852283477783
          },
          {
            "X": 0.8244265913963318,
            "Y": 0.4360106885433197
          },
          {
            "X": 0.704675555229187,
            "Y": 0.4355928301811218
          }
        ]
      },
      "Id": "1646d8d4-7f8a-4e76-bafb-3c5aed56b33a",
      "Relationships": [
        {
          "Type": "CHILD",
          "Ids": [
            "a34c6492-fd26-49e2-a29b-3bd1824a9a47",
            "4b8de7c6-ea96-4d34-958d-7a97f110a1ba",
            "1eb609f7-1580-4449-8fa9-63ae86468987"
          ]
        }
      ],
      "Page": 1
    },
    {
      "BlockType": "LINE",
      "Confidence": 99.93763732910156,
      "Text": "Heat of cure",
      "Geometry": {
        "BoundingBox": {
          "Width": 0.05807105451822281,
          "Height": 0.01944827102124691,
          "Left": 0.182023823261261,
          "Top": 0.4737536907196045
        },
        "Polygon": [
          {
            "X": 0.18230512738227844,
            "Y": 0.4737536907196045
          },
          {
            "X": 0.2400948852300644,
            "Y": 0.47396111488342285
          },
          {
            "X": 0.23981687426567078,
            "Y": 0.49320197105407715
          },
          {
            "X": 0.182023823261261,
            "Y": 0.49299174547195435
          }
        ]
      },
      "Id": "32308eb0-ec15-438d-a400-7a1ade92920b",
      "Relationships": [
        {
          "Type": "CHILD",
          "Ids": [
            "ea2cb4af-5a6e-4b6c-b610-a6efee7db085",
            "ab4d1080-53f0-4464-b8ec-87e8254bb7ee",
            "ee4be2e3-1443-488d-8460-30edd6912807"
          ]
        }
      ],
      "Page": 1
    },
    {
      "BlockType": "LINE",
      "Confidence": 99.98355865478516,
      "Text": "176.9",
      "Geometry": {
        "BoundingBox": {
          "Width": 0.026098839938640594,
          "Height": 0.018881116062402725,
          "Left": 0.3970836102962494,
          "Top": 0.47442322969436646
        },
        "Polygon": [
          {
            "X": 0.3973461985588074,
            "Y": 0.47442322969436646
          },
          {
            "X": 0.4231824278831482,
            "Y": 0.47451597452163696
          },
          {
            "X": 0.4229212999343872,
            "Y": 0.4933043420314789
          },
          {
            "X": 0.3970836102962494,
            "Y": 0.49321040511131287
          }
        ]
      },
      "Id": "44e69638-75bc-445b-8003-63401d8fbb5f",
      "Relationships": [
        {
          "Type": "CHILD",
          "Ids": [
            "ca857d70-b39f-48c7-92c4-ab5c93320121"
          ]
        }
      ],
      "Page": 1
    },
    {
      "BlockType": "LINE",
      "Confidence": 99.90608215332031,
      "Text": "230.1",
      "Geometry": {
        "BoundingBox": {
          "Width": 0.025611160323023796,
          "Height": 0.018328960984945297,
          "Left": 0.5206042528152466,
          "Top": 0.4747227728366852
        },
        "Polygon": [
          {
            "X": 0.5208523869514465,
            "Y": 0.4747227728366852
          },
          {
            "X": 0.5462154150009155,
            "Y": 0.4748137891292572
          },
          {
            "X": 0.5459686517715454,
            "Y": 0.4930517375469208
          },
          {
            "X": 0.5206042528152466,
            "Y": 0.49295955896377563
          }
        ]
      },
      "Id": "89668cad-c92e-45f9-9d58-87d3ec27247d",
      "Relationships": [
        {
          "Type": "CHILD",
          "Ids": [
            "527ccb35-abde-4714-bcc1-3239480d6816"
          ]
        }
      ],
      "Page": 1
    },
    {
      "BlockType": "LINE",
      "Confidence": 99.94639587402344,
      "Text": "277.6",
      "Geometry": {
        "BoundingBox": {
          "Width": 0.026376616209745407,
          "Height": 0.01818268746137619,
          "Left": 0.7047649025917053,
          "Top": 0.47489726543426514
        },
        "Polygon": [
          {
            "X": 0.7050010561943054,
            "Y": 0.47489726543426514
          },
          {
            "X": 0.7311415076255798,
            "Y": 0.4749910533428192
          },
          {
            "X": 0.7309068441390991,
            "Y": 0.4930799603462219
          },
          {
            "X": 0.7047649025917053,
            "Y": 0.4929850101470947
          }
        ]
      },
      "Id": "d359926b-4704-485a-b0f9-10833e14bb7f",
      "Relationships": [
        {
          "Type": "CHILD",
          "Ids": [
            "540552ac-0517-49b4-a87d-6286cb28f0ec"
          ]
        }
      ],
      "Page": 1
    },
    {
      "BlockType": "LINE",
      "Confidence": 98.9716567993164,
      "Text": "(mJ/g)",
      "Geometry": {
        "BoundingBox": {
          "Width": 0.03213142231106758,
          "Height": 0.024097928777337074,
          "Left": 0.20180626213550568,
          "Top": 0.5048325061798096
        },
        "Polygon": [
          {
            "X": 0.20215542614459991,
            "Y": 0.5048325061798096
          },
          {
            "X": 0.23393768072128296,
            "Y": 0.5049490332603455
          },
          {
            "X": 0.233590766787529,
            "Y": 0.5289304256439209
          },
          {
            "X": 0.20180626213550568,
            "Y": 0.5288119912147522
          }
        ]
      },
      "Id": "a9c70f4d-e976-48cd-91e3-f456ca2e5718",
      "Relationships": [
        {
          "Type": "CHILD",
          "Ids": [
            "52a89154-59d1-4981-8c7f-849aa7138f7a"
          ]
        }
      ],
      "Page": 1
    },
    {
      "BlockType": "LINE",
      "Confidence": 94.05458068847656,
      "Text": "Maximum peak temperature (C)",
      "Geometry": {
        "BoundingBox": {
          "Width": 0.15287050604820251,
          "Height": 0.024982213973999023,
          "Left": 0.1818780153989792,
          "Top": 0.5359000563621521
        },
        "Polygon": [
          {
            "X": 0.1822347640991211,
            "Y": 0.5359000563621521
          },
          {
            "X": 0.3347485065460205,
            "Y": 0.5364711284637451
          },
          {
            "X": 0.33440279960632324,
            "Y": 0.5608822703361511
          },
          {
            "X": 0.1818780153989792,
            "Y": 0.5603017807006836
          }
        ]
      },
      "Id": "d4d7c7ad-a2b6-4af7-b961-4ec36081034d",
      "Relationships": [
        {
          "Type": "CHILD",
          "Ids": [
            "5ea2ee31-437b-45a1-a3bd-57499a7e2fe8",
            "630b8f0d-a6be-414b-96c2-a00c5783b99d",
            "4245c33d-1319-4eca-b6b3-f1e0c86b1205",
            "68fc3bfe-27ca-4787-967f-481cd2217d1a"
          ]
        }
      ],
      "Page": 1
    },
    {
      "BlockType": "LINE",
      "Confidence": 99.90505981445312,
      "Text": "114.4",
      "Geometry": {
        "BoundingBox": {
          "Width": 0.02603929303586483,
          "Height": 0.018401993438601494,
          "Left": 0.39714720845222473,
          "Top": 0.53749018907547
        },
        "Polygon": [
          {
            "X": 0.3974030017852783,
            "Y": 0.53749018907547
          },
          {
            "X": 0.4231865108013153,
            "Y": 0.5375868082046509
          },
          {
            "X": 0.42293211817741394,
            "Y": 0.5558921694755554
          },
          {
            "X": 0.39714720845222473,
            "Y": 0.5557944178581238
          }
        ]
      },
      "Id": "49a19f55-9063-4435-9def-7494d34e3fcc",
      "Relationships": [
        {
          "Type": "CHILD",
          "Ids": [
            "7b2fcc23-667f-45e6-8236-b29ea1984fa3"
          ]
        }
      ],
      "Page": 1
    },
    {
      "BlockType": "LINE",
      "Confidence": 99.8599624633789,
      "Text": "119.8",
      "Geometry": {
        "BoundingBox": {
          "Width": 0.027058657258749008,
          "Height": 0.0195364598184824,
          "Left": 0.5204851627349854,
          "Top": 0.536387026309967
        },
        "Polygon": [
          {
            "X": 0.520749568939209,
            "Y": 0.536387026309967
          },
          {
            "X": 0.5475438237190247,
            "Y": 0.5364872813224792
          },
          {
            "X": 0.5472809672355652,
            "Y": 0.5559234619140625
          },
          {
            "X": 0.5204851627349854,
            "Y": 0.5558218955993652
          }
        ]
      },
      "Id": "86885f00-6951-4260-9ce0-49ab05d301c9",
      "Relationships": [
        {
          "Type": "CHILD",
          "Ids": [
            "23e81c00-7875-4a76-9df5-12c74fda8925"
          ]
        }
      ],
      "Page": 1
    },
    {
      "BlockType": "LINE",
      "Confidence": 99.96385192871094,
      "Text": "123.2",
      "Geometry": {
        "BoundingBox": {
          "Width": 0.026311688125133514,
          "Height": 0.018281444907188416,
          "Left": 0.7051898241043091,
          "Top": 0.5375539064407349
        },
        "Polygon": [
          {
            "X": 0.7054271101951599,
            "Y": 0.5375539064407349
          },
          {
            "X": 0.7315014600753784,
            "Y": 0.537651538848877
          },
          {
            "X": 0.7312656044960022,
            "Y": 0.5558353662490845
          },
          {
            "X": 0.7051898241043091,
            "Y": 0.5557366013526917
          }
        ]
      },
      "Id": "4eeee704-3a0b-401b-bfff-bdbbfe6eb811",
      "Relationships": [
        {
          "Type": "CHILD",
          "Ids": [
            "cc07880d-42d7-402c-95cc-1fc90ec55cb9"
          ]
        }
      ],
      "Page": 1
    },
    {
      "BlockType": "LINE",
      "Confidence": 93.66993713378906,
      "Text": "Initial peak temperature (C)",
      "Geometry": {
        "BoundingBox": {
          "Width": 0.1340809017419815,
          "Height": 0.024550821632146835,
          "Left": 0.18174825608730316,
          "Top": 0.5676968693733215
        },
        "Polygon": [
          {
            "X": 0.18209956586360931,
            "Y": 0.5676968693733215
          },
          {
            "X": 0.31582915782928467,
            "Y": 0.5682082772254944
          },
          {
            "X": 0.3154873549938202,
            "Y": 0.592247724533081
          },
          {
            "X": 0.18174825608730316,
            "Y": 0.5917282104492188
          }
        ]
      },
      "Id": "59e0b7e3-a9a6-470e-9a84-b3a376497096",
      "Relationships": [
        {
          "Type": "CHILD",
          "Ids": [
            "684d922d-6aff-4b16-90d4-45293fd8f4f3",
            "5401a29d-1c16-4f44-83e4-f5055159c632",
            "5fe4435a-cece-4972-bc90-6bfd3024fb1a",
            "75799255-2e40-4b48-b70e-b8290d1b614a"
          ]
        }
      ],
      "Page": 1
    },
    {
      "BlockType": "LINE",
      "Confidence": 99.9552993774414,
      "Text": "64.9",
      "Geometry": {
        "BoundingBox": {
          "Width": 0.020802563056349754,
          "Height": 0.018534626811742783,
          "Left": 0.3965131640434265,
          "Top": 0.5686497092247009
        },
        "Polygon": [
          {
            "X": 0.39677107334136963,
            "Y": 0.5686497092247009
          },
          {
            "X": 0.4173157215118408,
            "Y": 0.5687283277511597
          },
          {
            "X": 0.41705894470214844,
            "Y": 0.5871843695640564
          },
          {
            "X": 0.3965131640434265,
            "Y": 0.587104856967926
          }
        ]
      },
      "Id": "088913a7-9b4a-4cd3-98c1-d84c0a83b7fb",
      "Relationships": [
        {
          "Type": "CHILD",
          "Ids": [
            "926d9c5b-2bb4-4601-83d1-d0d0a8694f96"
          ]
        }
      ],
      "Page": 1
    },
    {
      "BlockType": "LINE",
      "Confidence": 99.8640365600586,
      "Text": "63.2",
      "Geometry": {
        "BoundingBox": {
          "Width": 0.020938752219080925,
          "Height": 0.018543006852269173,
          "Left": 0.520655632019043,
          "Top": 0.5686420202255249
        },
        "Polygon": [
          {
            "X": 0.5209067463874817,
            "Y": 0.5686420202255249
          },
          {
            "X": 0.541594386100769,
            "Y": 0.5687211155891418
          },
          {
            "X": 0.5413443446159363,
            "Y": 0.5871850252151489
          },
          {
            "X": 0.520655632019043,
            "Y": 0.5871049761772156
          }
        ]
      },
      "Id": "72bfe5f5-4511-4fae-8790-a1d78419faec",
      "Relationships": [
        {
          "Type": "CHILD",
          "Ids": [
            "6ee6bf8c-4cba-4db5-9ff4-2174f60b65c7"
          ]
        }
      ],
      "Page": 1
    },
    {
      "BlockType": "LINE",
      "Confidence": 99.96332550048828,
      "Text": "63.0",
      "Geometry": {
        "BoundingBox": {
          "Width": 0.020803140476346016,
          "Height": 0.018384326249361038,
          "Left": 0.7047392129898071,
          "Top": 0.5688763856887817
        },
        "Polygon": [
          {
            "X": 0.7049781084060669,
            "Y": 0.5688763856887817
          },
          {
            "X": 0.7255423665046692,
            "Y": 0.5689550042152405
          },
          {
            "X": 0.7253046035766602,
            "Y": 0.5872607231140137
          },
          {
            "X": 0.7047392129898071,
            "Y": 0.5871811509132385
          }
        ]
      },
      "Id": "0b7f3ca7-3fd9-494f-8a68-b08976b1cfb4",
      "Relationships": [
        {
          "Type": "CHILD",
          "Ids": [
            "e1159b23-b58b-4620-aa62-279b270bf953"
          ]
        }
      ],
      "Page": 1
    },
    {
      "BlockType": "WORD",
      "Confidence": 99.9226303100586,
      "Text": "Samples",
      "TextType": "PRINTED",
      "Geometry": {
        "BoundingBox": {
          "Width": 0.038191016763448715,
          "Height": 0.023766154423356056,
          "Left": 0.18181712925434113,
          "Top": 0.415219247341156
        },
        "Polygon": [
          {
            "X": 0.18216277658939362,
            "Y": 0.415219247341156
          },
          {
            "X": 0.22000814974308014,
            "Y": 0.415349543094635
          },
          {
            "X": 0.21966513991355896,
            "Y": 0.4389853775501251
          },
          {
            "X": 0.18181712925434113,
            "Y": 0.43885284662246704
          }
        ]
      },
      "Id": "a2325916-cecf-4173-ac2c-924ba5204134",
      "Page": 1
    },
    {
      "BlockType": "WORD",
      "Confidence": 99.8968276977539,
      "Text": "Neat",
      "TextType": "PRINTED",
      "Geometry": {
        "BoundingBox": {
          "Width": 0.02231467142701149,
          "Height": 0.018329374492168427,
          "Left": 0.3962933421134949,
          "Top": 0.4159602224826813
        },
        "Polygon": [
          {
            "X": 0.3965485394001007,
            "Y": 0.4159602224826813
          },
          {
            "X": 0.41860800981521606,
            "Y": 0.4160361886024475
          },
          {
            "X": 0.41835400462150574,
            "Y": 0.4342896044254303
          },
          {
            "X": 0.3962933421134949,
            "Y": 0.43421265482902527
          }
        ]
      },
      "Id": "5badf44f-4be6-4dfd-a66c-b362c939b3dc",
      "Page": 1
    },
    {
      "BlockType": "WORD",
      "Confidence": 99.89576721191406,
      "Text": "TGDDM",
      "TextType": "PRINTED",
      "Geometry": {
        "BoundingBox": {
          "Width": 0.03787536546587944,
          "Height": 0.01975453831255436,
          "Left": 0.42092910408973694,
          "Top": 0.415189266204834
        },
        "Polygon": [
          {
            "X": 0.42120203375816345,
            "Y": 0.415189266204834
          },
          {
            "X": 0.4588044583797455,
            "Y": 0.41531863808631897
          },
          {
            "X": 0.45853373408317566,
            "Y": 0.4349437952041626
          },
          {
            "X": 0.42092910408973694,
            "Y": 0.4348125755786896
          }
        ]
      },
      "Id": "1955f21e-ef16-4b7e-be25-2e13a605c759",
      "Page": 1
    },
    {
      "BlockType": "WORD",
      "Confidence": 99.45484161376953,
      "Text": "NT-alumina",
      "TextType": "PRINTED",
      "Geometry": {
        "BoundingBox": {
          "Width": 0.055090054869651794,
          "Height": 0.019408710300922394,
          "Left": 0.5202333927154541,
          "Top": 0.4149858057498932
        },
        "Polygon": [
          {
            "X": 0.5204949378967285,
            "Y": 0.4149858057498932
          },
          {
            "X": 0.5753234624862671,
            "Y": 0.41517436504364014
          },
          {
            "X": 0.575065016746521,
            "Y": 0.434394508600235
          },
          {
            "X": 0.5202333927154541,
            "Y": 0.43420329689979553
          }
        ]
      },
      "Id": "2e4ec1de-9409-4879-b372-208160802c6f",
      "Page": 1
    },
    {
      "BlockType": "WORD",
      "Confidence": 99.9263916015625,
      "Text": "filled",
      "TextType": "PRINTED",
      "Geometry": {
        "BoundingBox": {
          "Width": 0.024690082296729088,
          "Height": 0.01986534334719181,
          "Left": 0.5781289935112,
          "Top": 0.41439202427864075
        },
        "Polygon": [
          {
            "X": 0.5783947706222534,
            "Y": 0.41439202427864075
          },
          {
            "X": 0.6028190851211548,
            "Y": 0.4144759774208069
          },
          {
            "X": 0.6025547385215759,
            "Y": 0.4342573583126068
          },
          {
            "X": 0.5781289935112,
            "Y": 0.43417221307754517
          }
        ]
      },
      "Id": "8633e513-06f8-4a5c-9f61-3380c1f1a0f6",
      "Page": 1
    },
    {
      "BlockType": "WORD",
      "Confidence": 99.87557220458984,
      "Text": "TGDDM",
      "TextType": "PRINTED",
      "Geometry": {
        "BoundingBox": {
          "Width": 0.03810109570622444,
          "Height": 0.019223669543862343,
          "Left": 0.6050477623939514,
          "Top": 0.4153238832950592
        },
        "Polygon": [
          {
            "X": 0.6053027510643005,
            "Y": 0.4153238832950592
          },
          {
            "X": 0.6431488394737244,
            "Y": 0.41545403003692627
          },
          {
            "X": 0.6428960561752319,
            "Y": 0.4345475435256958
          },
          {
            "X": 0.6050477623939514,
            "Y": 0.4344155490398407
          }
        ]
      },
      "Id": "b37fe897-36f7-45ce-8482-e13a1bc66a47",
      "Page": 1
    },
    {
      "BlockType": "WORD",
      "Confidence": 99.48780822753906,
      "Text": "GT-alumina",
      "TextType": "PRINTED",
      "Geometry": {
        "BoundingBox": {
          "Width": 0.05491168424487114,
          "Height": 0.019565783441066742,
          "Left": 0.7046927809715271,
          "Top": 0.41489776968955994
        },
        "Polygon": [
          {
            "X": 0.7049457430839539,
            "Y": 0.41489776968955994
          },
          {
            "X": 0.7596044540405273,
            "Y": 0.41508564352989197
          },
          {
            "X": 0.7593545913696289,
            "Y": 0.4344635307788849
          },
          {
            "X": 0.7046927809715271,
            "Y": 0.43427300453186035
          }
        ]
      },
      "Id": "a34c6492-fd26-49e2-a29b-3bd1824a9a47",
      "Page": 1
    },
    {
      "BlockType": "WORD",
      "Confidence": 99.92313385009766,
      "Text": "filled",
      "TextType": "PRINTED",
      "Geometry": {
        "BoundingBox": {
          "Width": 0.024183809757232666,
          "Height": 0.019709523767232895,
          "Left": 0.7623012661933899,
          "Top": 0.4145084321498871
        },
        "Polygon": [
          {
            "X": 0.7625541090965271,
            "Y": 0.4145084321498871
          },
          {
            "X": 0.7864850759506226,
            "Y": 0.41459065675735474
          },
          {
            "X": 0.7862336039543152,
            "Y": 0.4342179596424103
          },
          {
            "X": 0.7623012661933899,
            "Y": 0.4341345429420471
          }
        ]
      },
      "Id": "4b8de7c6-ea96-4d34-958d-7a97f110a1ba",
      "Page": 1
    },
    {
      "BlockType": "WORD",
      "Confidence": 99.71734619140625,
      "Text": "TGDDM",
      "TextType": "PRINTED",
      "Geometry": {
        "BoundingBox": {
          "Width": 0.03560655564069748,
          "Height": 0.02444646693766117,
          "Left": 0.7891288995742798,
          "Top": 0.4115642011165619
        },
        "Polygon": [
          {
            "X": 0.7894403338432312,
            "Y": 0.4115642011165619
          },
          {
            "X": 0.8247354626655579,
            "Y": 0.4116852283477783
          },
          {
            "X": 0.8244265913963318,
            "Y": 0.4360106885433197
          },
          {
            "X": 0.7891288995742798,
            "Y": 0.43588751554489136
          }
        ]
      },
      "Id": "1eb609f7-1580-4449-8fa9-63ae86468987",
      "Page": 1
    },
    {
      "BlockType": "WORD",
      "Confidence": 99.94248962402344,
      "Text": "Heat",
      "TextType": "PRINTED",
      "Geometry": {
        "BoundingBox": {
          "Width": 0.0221577025949955,
          "Height": 0.018420139327645302,
          "Left": 0.182023823261261,
          "Top": 0.4746512472629547
        },
        "Polygon": [
          {
            "X": 0.18229201436042786,
            "Y": 0.4746512472629547
          },
          {
            "X": 0.2041815221309662,
            "Y": 0.47472983598709106
          },
          {
            "X": 0.20391453802585602,
            "Y": 0.49307137727737427
          },
          {
            "X": 0.182023823261261,
            "Y": 0.49299174547195435
          }
        ]
      },
      "Id": "ea2cb4af-5a6e-4b6c-b610-a6efee7db085",
      "Page": 1
    },
    {
      "BlockType": "WORD",
      "Confidence": 99.96083068847656,
      "Text": "of",
      "TextType": "PRINTED",
      "Geometry": {
        "BoundingBox": {
          "Width": 0.010400863364338875,
          "Height": 0.019074594601988792,
          "Left": 0.20699302852153778,
          "Top": 0.4738433063030243
        },
        "Polygon": [
          {
            "X": 0.20726998150348663,
            "Y": 0.4738433063030243
          },
          {
            "X": 0.2173938900232315,
            "Y": 0.4738796353340149
          },
          {
            "X": 0.2171175181865692,
            "Y": 0.49291789531707764
          },
          {
            "X": 0.20699302852153778,
            "Y": 0.49288105964660645
          }
        ]
      },
      "Id": "ab4d1080-53f0-4464-b8ec-87e8254bb7ee",
      "Page": 1
    },
    {
      "BlockType": "WORD",
      "Confidence": 99.90960693359375,
      "Text": "cure",
      "TextType": "PRINTED",
      "Geometry": {
        "BoundingBox": {
          "Width": 0.020411580801010132,
          "Height": 0.01411751564592123,
          "Left": 0.21960876882076263,
          "Top": 0.479046106338501
        },
        "Polygon": [
          {
            "X": 0.2198125422000885,
            "Y": 0.479046106338501
          },
          {
            "X": 0.24002034962177277,
            "Y": 0.4791189134120941
          },
          {
            "X": 0.23981742560863495,
            "Y": 0.4931636452674866
          },
          {
            "X": 0.21960876882076263,
            "Y": 0.49309012293815613
          }
        ]
      },
      "Id": "ee4be2e3-1443-488d-8460-30edd6912807",
      "Page": 1
    },
    {
      "BlockType": "WORD",
      "Confidence": 99.98355865478516,
      "Text": "176.9",
      "TextType": "PRINTED",
      "Geometry": {
        "BoundingBox": {
          "Width": 0.026098839938640594,
          "Height": 0.018881116062402725,
          "Left": 0.3970836102962494,
          "Top": 0.47442322969436646
        },
        "Polygon": [
          {
            "X": 0.3973461985588074,
            "Y": 0.47442322969436646
          },
          {
            "X": 0.4231824278831482,
            "Y": 0.47451597452163696
          },
          {
            "X": 0.4229212999343872,
            "Y": 0.4933043420314789
          },
          {
            "X": 0.3970836102962494,
            "Y": 0.49321040511131287
          }
        ]
      },
      "Id": "ca857d70-b39f-48c7-92c4-ab5c93320121",
      "Page": 1
    },
    {
      "BlockType": "WORD",
      "Confidence": 99.90608215332031,
      "Text": "230.1",
      "TextType": "PRINTED",
      "Geometry": {
        "BoundingBox": {
          "Width": 0.025611160323023796,
          "Height": 0.018328960984945297,
          "Left": 0.5206042528152466,
          "Top": 0.4747227728366852
        },
        "Polygon": [
          {
            "X": 0.5208523869514465,
            "Y": 0.4747227728366852
          },
          {
            "X": 0.5462154150009155,
            "Y": 0.4748137891292572
          },
          {
            "X": 0.5459686517715454,
            "Y": 0.4930517375469208
          },
          {
            "X": 0.5206042528152466,
            "Y": 0.49295955896377563
          }
        ]
      },
      "Id": "527ccb35-abde-4714-bcc1-3239480d6816",
      "Page": 1
    },
    {
      "BlockType": "WORD",
      "Confidence": 99.94639587402344,
      "Text": "277.6",
      "TextType": "PRINTED",
      "Geometry": {
        "BoundingBox": {
          "Width": 0.026376616209745407,
          "Height": 0.01818268746137619,
          "Left": 0.7047649025917053,
          "Top": 0.47489726543426514
        },
        "Polygon": [
          {
            "X": 0.7050010561943054,
            "Y": 0.47489726543426514
          },
          {
            "X": 0.7311415076255798,
            "Y": 0.4749910533428192
          },
          {
            "X": 0.7309068441390991,
            "Y": 0.4930799603462219
          },
          {
            "X": 0.7047649025917053,
            "Y": 0.4929850101470947
          }
        ]
      },
      "Id": "540552ac-0517-49b4-a87d-6286cb28f0ec",
      "Page": 1
    },
    {
      "BlockType": "WORD",
      "Confidence": 98.9716567993164,
      "Text": "(mJ/g)",
      "TextType": "PRINTED",
      "Geometry": {
        "BoundingBox": {
          "Width": 0.03213142231106758,
          "Height": 0.024097928777337074,
          "Left": 0.20180626213550568,
          "Top": 0.5048325061798096
        },
        "Polygon": [
          {
            "X": 0.20215542614459991,
            "Y": 0.5048325061798096
          },
          {
            "X": 0.23393768072128296,
            "Y": 0.5049490332603455
          },
          {
            "X": 0.233590766787529,
            "Y": 0.5289304256439209
          },
          {
            "X": 0.20180626213550568,
            "Y": 0.5288119912147522
          }
        ]
      },
      "Id": "52a89154-59d1-4981-8c7f-849aa7138f7a",
      "Page": 1
    },
    {
      "BlockType": "WORD",
      "Confidence": 99.94815826416016,
      "Text": "Maximum",
      "TextType": "PRINTED",
      "Geometry": {
        "BoundingBox": {
          "Width": 0.046940792351961136,
          "Height": 0.018900718539953232,
          "Left": 0.18194589018821716,
          "Top": 0.5369357466697693
        },
        "Polygon": [
          {
            "X": 0.18221962451934814,
            "Y": 0.5369357466697693
          },
          {
            "X": 0.228886678814888,
            "Y": 0.5371105670928955
          },
          {
            "X": 0.22861553728580475,
            "Y": 0.5558364391326904
          },
          {
            "X": 0.18194589018821716,
            "Y": 0.5556593537330627
          }
        ]
      },
      "Id": "5ea2ee31-437b-45a1-a3bd-57499a7e2fe8",
      "Page": 1
    },
    {
      "BlockType": "WORD",
      "Confidence": 99.95114135742188,
      "Text": "peak",
      "TextType": "PRINTED",
      "Geometry": {
        "BoundingBox": {
          "Width": 0.022822845727205276,
          "Height": 0.0238177552819252,
          "Left": 0.23141027987003326,
          "Top": 0.5367580652236938
        },
        "Polygon": [
          {
            "X": 0.23175372183322906,
            "Y": 0.5367580652236938
          },
          {
            "X": 0.25423312187194824,
            "Y": 0.5368422865867615
          },
          {
            "X": 0.2538912892341614,
            "Y": 0.5605758428573608
          },
          {
            "X": 0.23141027987003326,
            "Y": 0.5604903101921082
          }
        ]
      },
      "Id": "630b8f0d-a6be-414b-96c2-a00c5783b99d",
      "Page": 1
    },
    {
      "BlockType": "WORD",
      "Confidence": 99.82283020019531,
      "Text": "temperature",
      "TextType": "PRINTED",
      "Geometry": {
        "BoundingBox": {
          "Width": 0.05724209174513817,
          "Height": 0.02151668071746826,
          "Left": 0.25658363103866577,
          "Top": 0.5389967560768127
        },
        "Polygon": [
          {
            "X": 0.25689026713371277,
            "Y": 0.5389967560768127
          },
          {
            "X": 0.31382572650909424,
            "Y": 0.5392103791236877
          },
          {
            "X": 0.31352269649505615,
            "Y": 0.560513436794281
          },
          {
            "X": 0.25658363103866577,
            "Y": 0.5602967739105225
          }
        ]
      },
      "Id": "4245c33d-1319-4eca-b6b3-f1e0c86b1205",
      "Page": 1
    },
    {
      "BlockType": "WORD",
      "Confidence": 76.49617767333984,
      "Text": "(C)",
      "TextType": "PRINTED",
      "Geometry": {
        "BoundingBox": {
          "Width": 0.017801081761717796,
          "Height": 0.022733859717845917,
          "Left": 0.31694743037223816,
          "Top": 0.5364056825637817
        },
        "Polygon": [
          {
            "X": 0.3172696530818939,
            "Y": 0.5364056825637817
          },
          {
            "X": 0.3347485065460205,
            "Y": 0.5364711284637451
          },
          {
            "X": 0.33442747592926025,
            "Y": 0.5591395497322083
          },
          {
            "X": 0.31694743037223816,
            "Y": 0.5590730905532837
          }
        ]
      },
      "Id": "68fc3bfe-27ca-4787-967f-481cd2217d1a",
      "Page": 1
    },
    {
      "BlockType": "WORD",
      "Confidence": 99.90505981445312,
      "Text": "114.4",
      "TextType": "PRINTED",
      "Geometry": {
        "BoundingBox": {
          "Width": 0.02603929303586483,
          "Height": 0.018401993438601494,
          "Left": 0.39714720845222473,
          "Top": 0.53749018907547
        },
        "Polygon": [
          {
            "X": 0.3974030017852783,
            "Y": 0.53749018907547
          },
          {
            "X": 0.4231865108013153,
            "Y": 0.5375868082046509
          },
          {
            "X": 0.42293211817741394,
            "Y": 0.5558921694755554
          },
          {
            "X": 0.39714720845222473,
            "Y": 0.5557944178581238
          }
        ]
      },
      "Id": "7b2fcc23-667f-45e6-8236-b29ea1984fa3",
      "Page": 1
    },
    {
      "BlockType": "WORD",
      "Confidence": 99.8599624633789,
      "Text": "119.8",
      "TextType": "PRINTED",
      "Geometry": {
        "BoundingBox": {
          "Width": 0.027058657258749008,
          "Height": 0.0195364598184824,
          "Left": 0.5204851627349854,
          "Top": 0.536387026309967
        },
        "Polygon": [
          {
            "X": 0.520749568939209,
            "Y": 0.536387026309967
          },
          {
            "X": 0.5475438237190247,
            "Y": 0.5364872813224792
          },
          {
            "X": 0.5472809672355652,
            "Y": 0.5559234619140625
          },
          {
            "X": 0.5204851627349854,
            "Y": 0.5558218955993652
          }
        ]
      },
      "Id": "23e81c00-7875-4a76-9df5-12c74fda8925",
      "Page": 1
    },
    {
      "BlockType": "WORD",
      "Confidence": 99.96385192871094,
      "Text": "123.2",
      "TextType": "PRINTED",
      "Geometry": {
        "BoundingBox": {
          "Width": 0.026311688125133514,
          "Height": 0.018281444907188416,
          "Left": 0.7051898241043091,
          "Top": 0.5375539064407349
        },
        "Polygon": [
          {
            "X": 0.7054271101951599,
            "Y": 0.5375539064407349
          },
          {
            "X": 0.7315014600753784,
            "Y": 0.537651538848877
          },
          {
            "X": 0.7312656044960022,
            "Y": 0.5558353662490845
          },
          {
            "X": 0.7051898241043091,
            "Y": 0.5557366013526917
          }
        ]
      },
      "Id": "cc07880d-42d7-402c-95cc-1fc90ec55cb9",
      "Page": 1
    },
    {
      "BlockType": "WORD",
      "Confidence": 99.96479797363281,
      "Text": "Initial",
      "TextType": "PRINTED",
      "Geometry": {
        "BoundingBox": {
          "Width": 0.027971547096967697,
          "Height": 0.019341005012392998,
          "Left": 0.18181663751602173,
          "Top": 0.5678168535232544
        },
        "Polygon": [
          {
            "X": 0.18209780752658844,
            "Y": 0.5678168535232544
          },
          {
            "X": 0.20978817343711853,
            "Y": 0.5679227709770203
          },
          {
            "X": 0.20950858294963837,
            "Y": 0.5871579051017761
          },
          {
            "X": 0.18181663751602173,
            "Y": 0.5870506763458252
          }
        ]
      },
      "Id": "684d922d-6aff-4b16-90d4-45293fd8f4f3",
      "Page": 1
    },
    {
      "BlockType": "WORD",
      "Confidence": 99.91820526123047,
      "Text": "peak",
      "TextType": "PRINTED",
      "Geometry": {
        "BoundingBox": {
          "Width": 0.022722749039530754,
          "Height": 0.024050487205386162,
          "Left": 0.21274334192276,
          "Top": 0.5678850412368774
        },
        "Polygon": [
          {
            "X": 0.2130914330482483,
            "Y": 0.5678850412368774
          },
          {
            "X": 0.2354660928249359,
            "Y": 0.5679706335067749
          },
          {
            "X": 0.23511958122253418,
            "Y": 0.5919355154037476
          },
          {
            "X": 0.21274334192276,
            "Y": 0.591848611831665
          }
        ]
      },
      "Id": "5401a29d-1c16-4f44-83e4-f5055159c632",
      "Page": 1
    },
    {
      "BlockType": "WORD",
      "Confidence": 99.72418975830078,
      "Text": "temperature",
      "TextType": "PRINTED",
      "Geometry": {
        "BoundingBox": {
          "Width": 0.05740280821919441,
          "Height": 0.02196604572236538,
          "Left": 0.23781000077724457,
          "Top": 0.5700166821479797
        },
        "Polygon": [
          {
            "X": 0.23812422156333923,
            "Y": 0.5700166821479797
          },
          {
            "X": 0.2952128052711487,
            "Y": 0.5702353119850159
          },
          {
            "X": 0.2949022650718689,
            "Y": 0.5919827222824097
          },
          {
            "X": 0.23781000077724457,
            "Y": 0.5917609930038452
          }
        ]
      },
      "Id": "5fe4435a-cece-4972-bc90-6bfd3024fb1a",
      "Page": 1
    },
    {
      "BlockType": "WORD",
      "Confidence": 75.07257080078125,
      "Text": "(C)",
      "TextType": "PRINTED",
      "Geometry": {
        "BoundingBox": {
          "Width": 0.017800388857722282,
          "Height": 0.022298047319054604,
          "Left": 0.29802876710891724,
          "Top": 0.5681414604187012
        },
        "Polygon": [
          {
            "X": 0.29834598302841187,
            "Y": 0.5681414604187012
          },
          {
            "X": 0.31582915782928467,
            "Y": 0.5682082772254944
          },
          {
            "X": 0.31551307439804077,
            "Y": 0.59043949842453
          },
          {
            "X": 0.29802876710891724,
            "Y": 0.5903716683387756
          }
        ]
      },
      "Id": "75799255-2e40-4b48-b70e-b8290d1b614a",
      "Page": 1
    },
    {
      "BlockType": "WORD",
      "Confidence": 99.9552993774414,
      "Text": "64.9",
      "TextType": "PRINTED",
      "Geometry": {
        "BoundingBox": {
          "Width": 0.020802563056349754,
          "Height": 0.018534626811742783,
          "Left": 0.3965131640434265,
          "Top": 0.5686497092247009
        },
        "Polygon": [
          {
            "X": 0.39677107334136963,
            "Y": 0.5686497092247009
          },
          {
            "X": 0.4173157215118408,
            "Y": 0.5687283277511597
          },
          {
            "X": 0.41705894470214844,
            "Y": 0.5871843695640564
          },
          {
            "X": 0.3965131640434265,
            "Y": 0.587104856967926
          }
        ]
      },
      "Id": "926d9c5b-2bb4-4601-83d1-d0d0a8694f96",
      "Page": 1
    },
    {
      "BlockType": "WORD",
      "Confidence": 99.8640365600586,
      "Text": "63.2",
      "TextType": "PRINTED",
      "Geometry": {
        "BoundingBox": {
          "Width": 0.020938752219080925,
          "Height": 0.018543006852269173,
          "Left": 0.520655632019043,
          "Top": 0.5686420202255249
        },
        "Polygon": [
          {
            "X": 0.5209067463874817,
            "Y": 0.5686420202255249
          },
          {
            "X": 0.541594386100769,
            "Y": 0.5687211155891418
          },
          {
            "X": 0.5413443446159363,
            "Y": 0.5871850252151489
          },
          {
            "X": 0.520655632019043,
            "Y": 0.5871049761772156
          }
        ]
      },
      "Id": "6ee6bf8c-4cba-4db5-9ff4-2174f60b65c7",
      "Page": 1
    },
    {
      "BlockType": "WORD",
      "Confidence": 99.96332550048828,
      "Text": "63.0",
      "TextType": "PRINTED",
      "Geometry": {
        "BoundingBox": {
          "Width": 0.020803140476346016,
          "Height": 0.018384326249361038,
          "Left": 0.7047392129898071,
          "Top": 0.5688763856887817
        },
        "Polygon": [
          {
            "X": 0.7049781084060669,
            "Y": 0.5688763856887817
          },
          {
            "X": 0.7255423665046692,
            "Y": 0.5689550042152405
          },
          {
            "X": 0.7253046035766602,
            "Y": 0.5872607231140137
          },
          {
            "X": 0.7047392129898071,
            "Y": 0.5871811509132385
          }
        ]
      },
      "Id": "e1159b23-b58b-4620-aa62-279b270bf953",
      "Page": 1
    },
    {
      "BlockType": "TABLE",
      "Confidence": 99.951171875,
      "Geometry": {
        "BoundingBox": {
          "Width": 0.6511801481246948,
          "Height": 0.21722379326820374,
          "Left": 0.17383027076721191,
          "Top": 0.3924467861652374
        },
        "Polygon": [
          {
            "X": 0.1769735962152481,
            "Y": 0.3924467861652374
          },
          {
            "X": 0.8250104188919067,
            "Y": 0.3946409821510315
          },
          {
            "X": 0.8222801685333252,
            "Y": 0.6096705794334412
          },
          {
            "X": 0.17383027076721191,
            "Y": 0.607126772403717
          }
        ]
      },
      "Id": "d8335f42-3600-46dc-acb7-f3c89c6a3119",
      "Relationships": [
        {
          "Type": "CHILD",
          "Ids": [
            "a9b5e577-5f4c-46d1-b56b-8bdb46de5585",
            "8b57a7cd-3326-47a6-8587-d341e6fd3617",
            "c64c1fbc-8329-428f-87fe-de63e016068b",
            "26a9a16f-e687-4343-a700-dcf24e3b2b0c",
            "9a7ee674-3753-4523-b390-2677347cb71e",
            "30a14a4a-2e1e-44f8-9bf7-ccc3a4dabbc1",
            "b143270c-ad58-4639-8af7-f0022c2eeaa4",
            "2d80ef64-fa3c-4751-b4b6-a1adbbed5bcc",
            "ff695620-5735-40b2-8a16-194c2eac6299",
            "ace0503f-e20d-42d5-bfb4-8cd9bc5f1237",
            "a28fd986-cbe2-4c15-9169-6b54a9621eb3",
            "d3c60c06-3899-4280-abfb-0175e0eacfb3",
            "c31d29f9-b6b9-4ddc-ab53-df4c1c686281",
            "8425b407-73b2-4773-a987-53ce4f7b7cf9",
            "325949a3-04d6-491e-8b0b-5901f8949d6f",
            "836a6c1e-6bae-4ae3-9a2b-786add8f508e"
          ]
        }
      ],
      "EntityTypes": [
        "STRUCTURED_TABLE"
      ],
      "Page": 1
    },
    {
      "BlockType": "CELL",
      "Confidence": 93.798828125,
      "RowIndex": 1,
      "ColumnIndex": 1,
      "RowSpan": 1,
      "ColumnSpan": 1,
      "Geometry": {
        "BoundingBox": {
          "Width": 0.19091090559959412,
          "Height": 0.061921194195747375,
          "Left": 0.17607679963111877,
          "Top": 0.3924467861652374
        },
        "Polygon": [
          {
            "X": 0.1769735962152481,
            "Y": 0.3924467861652374
          },
          {
            "X": 0.3669877052307129,
            "Y": 0.393090158700943
          },
          {
            "X": 0.3661254346370697,
            "Y": 0.4543679654598236
          },
          {
            "X": 0.17607679963111877,
            "Y": 0.4536953568458557
          }
        ]
      },
      "Id": "a9b5e577-5f4c-46d1-b56b-8bdb46de5585",
      "Relationships": [
        {
          "Type": "CHILD",
          "Ids": [
            "a2325916-cecf-4173-ac2c-924ba5204134"
          ]
        }
      ],
      "EntityTypes": [
        "COLUMN_HEADER"
      ],
      "Page": 1
    },
    {
      "BlockType": "CELL",
      "Confidence": 89.2578125,
      "RowIndex": 1,
      "ColumnIndex": 2,
      "RowSpan": 1,
      "ColumnSpan": 1,
      "Geometry": {
        "BoundingBox": {
          "Width": 0.12513485550880432,
          "Height": 0.061717718839645386,
          "Left": 0.3661254346370697,
          "Top": 0.393090158700943
        },
        "Polygon": [
          {
            "X": 0.3669877052307129,
            "Y": 0.393090158700943
          },
          {
            "X": 0.491260290145874,
            "Y": 0.3935109078884125
          },
          {
            "X": 0.4904206097126007,
            "Y": 0.4548078775405884
          },
          {
            "X": 0.3661254346370697,
            "Y": 0.4543679654598236
          }
        ]
      },
      "Id": "8b57a7cd-3326-47a6-8587-d341e6fd3617",
      "Relationships": [
        {
          "Type": "CHILD",
          "Ids": [
            "5badf44f-4be6-4dfd-a66c-b362c939b3dc",
            "1955f21e-ef16-4b7e-be25-2e13a605c759"
          ]
        }
      ],
      "EntityTypes": [
        "COLUMN_HEADER"
      ],
      "Page": 1
    },
    {
      "BlockType": "CELL",
      "Confidence": 94.04296875,
      "RowIndex": 1,
      "ColumnIndex": 3,
      "RowSpan": 1,
      "ColumnSpan": 1,
      "Geometry": {
        "BoundingBox": {
          "Width": 0.1873934119939804,
          "Height": 0.06195729970932007,
          "Left": 0.4904206097126007,
          "Top": 0.3935109078884125
        },
        "Polygon": [
          {
            "X": 0.491260290145874,
            "Y": 0.3935109078884125
          },
          {
            "X": 0.6778140068054199,
            "Y": 0.3941425681114197
          },
          {
            "X": 0.6770082712173462,
            "Y": 0.45546820759773254
          },
          {
            "X": 0.4904206097126007,
            "Y": 0.4548078775405884
          }
        ]
      },
      "Id": "c64c1fbc-8329-428f-87fe-de63e016068b",
      "Relationships": [
        {
          "Type": "CHILD",
          "Ids": [
            "2e4ec1de-9409-4879-b372-208160802c6f",
            "8633e513-06f8-4a5c-9f61-3380c1f1a0f6",
            "b37fe897-36f7-45ce-8482-e13a1bc66a47"
          ]
        }
      ],
      "EntityTypes": [
        "COLUMN_HEADER"
      ],
      "Page": 1
    },
    {
      "BlockType": "CELL",
      "Confidence": 92.28515625,
      "RowIndex": 1,
      "ColumnIndex": 4,
      "RowSpan": 1,
      "ColumnSpan": 1,
      "Geometry": {
        "BoundingBox": {
          "Width": 0.14800213277339935,
          "Height": 0.06184668466448784,
          "Left": 0.6770082712173462,
          "Top": 0.3941425681114197
        },
        "Polygon": [
          {
            "X": 0.6778140068054199,
            "Y": 0.3941425681114197
          },
          {
            "X": 0.8250104188919067,
            "Y": 0.3946409821510315
          },
          {
            "X": 0.8242314457893372,
            "Y": 0.455989271402359
          },
          {
            "X": 0.6770082712173462,
            "Y": 0.45546820759773254
          }
        ]
      },
      "Id": "26a9a16f-e687-4343-a700-dcf24e3b2b0c",
      "Relationships": [
        {
          "Type": "CHILD",
          "Ids": [
            "a34c6492-fd26-49e2-a29b-3bd1824a9a47",
            "4b8de7c6-ea96-4d34-958d-7a97f110a1ba",
            "1eb609f7-1580-4449-8fa9-63ae86468987"
          ]
        }
      ],
      "EntityTypes": [
        "COLUMN_HEADER"
      ],
      "Page": 1
    },
    {
      "BlockType": "CELL",
      "Confidence": 39.892578125,
      "RowIndex": 2,
      "ColumnIndex": 1,
      "RowSpan": 1,
      "ColumnSpan": 1,
      "Geometry": {
        "BoundingBox": {
          "Width": 0.19117508828639984,
          "Height": 0.07764288783073425,
          "Left": 0.17495034635066986,
          "Top": 0.4536953568458557
        },
        "Polygon": [
          {
            "X": 0.17607679963111877,
            "Y": 0.4536953568458557
          },
          {
            "X": 0.3661254346370697,
            "Y": 0.4543679654598236
          },
          {
            "X": 0.3650423288345337,
            "Y": 0.5313382744789124
          },
          {
            "X": 0.17495034635066986,
            "Y": 0.5306289196014404
          }
        ]
      },
      "Id": "9a7ee674-3753-4523-b390-2677347cb71e",
      "Relationships": [
        {
          "Type": "CHILD",
          "Ids": [
            "ea2cb4af-5a6e-4b6c-b610-a6efee7db085",
            "ab4d1080-53f0-4464-b8ec-87e8254bb7ee",
            "ee4be2e3-1443-488d-8460-30edd6912807",
            "52a89154-59d1-4981-8c7f-849aa7138f7a"
          ]
        }
      ],
      "Page": 1
    },
    {
      "BlockType": "CELL",
      "Confidence": 37.939453125,
      "RowIndex": 2,
      "ColumnIndex": 2,
      "RowSpan": 1,
      "ColumnSpan": 1,
      "Geometry": {
        "BoundingBox": {
          "Width": 0.12537826597690582,
          "Height": 0.07743420451879501,
          "Left": 0.3650423288345337,
          "Top": 0.4543679654598236
        },
        "Polygon": [
          {
            "X": 0.3661254346370697,
            "Y": 0.4543679654598236
          },
          {
            "X": 0.4904206097126007,
            "Y": 0.4548078775405884
          },
          {
            "X": 0.4893658757209778,
            "Y": 0.5318021774291992
          },
          {
            "X": 0.3650423288345337,
            "Y": 0.5313382744789124
          }
        ]
      },
      "Id": "30a14a4a-2e1e-44f8-9bf7-ccc3a4dabbc1",
      "Relationships": [
        {
          "Type": "CHILD",
          "Ids": [
            "ca857d70-b39f-48c7-92c4-ab5c93320121"
          ]
        }
      ],
      "Page": 1
    },
    {
      "BlockType": "CELL",
      "Confidence": 39.990234375,
      "RowIndex": 2,
      "ColumnIndex": 3,
      "RowSpan": 1,
      "ColumnSpan": 1,
      "Geometry": {
        "BoundingBox": {
          "Width": 0.18764238059520721,
          "Height": 0.0776907354593277,
          "Left": 0.4893658757209778,
          "Top": 0.4548078775405884
        },
        "Polygon": [
          {
            "X": 0.4904206097126007,
            "Y": 0.4548078775405884
          },
          {
            "X": 0.6770082712173462,
            "Y": 0.45546820759773254
          },
          {
            "X": 0.6759961843490601,
            "Y": 0.5324985980987549
          },
          {
            "X": 0.4893658757209778,
            "Y": 0.5318021774291992
          }
        ]
      },
      "Id": "b143270c-ad58-4639-8af7-f0022c2eeaa4",
      "Relationships": [
        {
          "Type": "CHILD",
          "Ids": [
            "527ccb35-abde-4714-bcc1-3239480d6816"
          ]
        }
      ],
      "Page": 1
    },
    {
      "BlockType": "CELL",
      "Confidence": 39.2333984375,
      "RowIndex": 2,
      "ColumnIndex": 4,
      "RowSpan": 1,
      "ColumnSpan": 1,
      "Geometry": {
        "BoundingBox": {
          "Width": 0.1482352763414383,
          "Height": 0.07757987082004547,
          "Left": 0.6759961843490601,
          "Top": 0.45546820759773254
        },
        "Polygon": [
          {
            "X": 0.6770082712173462,
            "Y": 0.45546820759773254
          },
          {
            "X": 0.8242314457893372,
            "Y": 0.455989271402359
          },
          {
            "X": 0.8232530355453491,
            "Y": 0.5330480933189392
          },
          {
            "X": 0.6759961843490601,
            "Y": 0.5324985980987549
          }
        ]
      },
      "Id": "2d80ef64-fa3c-4751-b4b6-a1adbbed5bcc",
      "Relationships": [
        {
          "Type": "CHILD",
          "Ids": [
            "540552ac-0517-49b4-a87d-6286cb28f0ec"
          ]
        }
      ],
      "Page": 1
    },
    {
      "BlockType": "CELL",
      "Confidence": 61.181640625,
      "RowIndex": 3,
      "ColumnIndex": 1,
      "RowSpan": 1,
      "ColumnSpan": 1,
      "Geometry": {
        "BoundingBox": {
          "Width": 0.1905694603919983,
          "Height": 0.03333459049463272,
          "Left": 0.1744728833436966,
          "Top": 0.5306289196014404
        },
        "Polygon": [
          {
            "X": 0.17495034635066986,
            "Y": 0.5306289196014404
          },
          {
            "X": 0.3650423288345337,
            "Y": 0.5313382744789124
          },
          {
            "X": 0.36458325386047363,
            "Y": 0.5639635324478149
          },
          {
            "X": 0.1744728833436966,
            "Y": 0.5632386207580566
          }
        ]
      },
      "Id": "ff695620-5735-40b2-8a16-194c2eac6299",
      "Relationships": [
        {
          "Type": "CHILD",
          "Ids": [
            "5ea2ee31-437b-45a1-a3bd-57499a7e2fe8",
            "630b8f0d-a6be-414b-96c2-a00c5783b99d",
            "4245c33d-1319-4eca-b6b3-f1e0c86b1205",
            "68fc3bfe-27ca-4787-967f-481cd2217d1a"
          ]
        }
      ],
      "Page": 1
    },
    {
      "BlockType": "CELL",
      "Confidence": 58.251953125,
      "RowIndex": 3,
      "ColumnIndex": 2,
      "RowSpan": 1,
      "ColumnSpan": 1,
      "Geometry": {
        "BoundingBox": {
          "Width": 0.12478264421224594,
          "Height": 0.03309936076402664,
          "Left": 0.36458325386047363,
          "Top": 0.5313382744789124
        },
        "Polygon": [
          {
            "X": 0.3650423288345337,
            "Y": 0.5313382744789124
          },
          {
            "X": 0.4893658757209778,
            "Y": 0.5318021774291992
          },
          {
            "X": 0.48891884088516235,
            "Y": 0.5644376277923584
          },
          {
            "X": 0.36458325386047363,
            "Y": 0.5639635324478149
          }
        ]
      },
      "Id": "ace0503f-e20d-42d5-bfb4-8cd9bc5f1237",
      "Relationships": [
        {
          "Type": "CHILD",
          "Ids": [
            "7b2fcc23-667f-45e6-8236-b29ea1984fa3"
          ]
        }
      ],
      "Page": 1
    },
    {
      "BlockType": "CELL",
      "Confidence": 61.328125,
      "RowIndex": 3,
      "ColumnIndex": 3,
      "RowSpan": 1,
      "ColumnSpan": 1,
      "Geometry": {
        "BoundingBox": {
          "Width": 0.1870773583650589,
          "Height": 0.033347152173519135,
          "Left": 0.48891884088516235,
          "Top": 0.5318021774291992
        },
        "Polygon": [
          {
            "X": 0.4893658757209778,
            "Y": 0.5318021774291992
          },
          {
            "X": 0.6759961843490601,
            "Y": 0.5324985980987549
          },
          {
            "X": 0.6755672097206116,
            "Y": 0.5651493072509766
          },
          {
            "X": 0.48891884088516235,
            "Y": 0.5644376277923584
          }
        ]
      },
      "Id": "a28fd986-cbe2-4c15-9169-6b54a9621eb3",
      "Relationships": [
        {
          "Type": "CHILD",
          "Ids": [
            "23e81c00-7875-4a76-9df5-12c74fda8925"
          ]
        }
      ],
      "Page": 1
    },
    {
      "BlockType": "CELL",
      "Confidence": 60.205078125,
      "RowIndex": 3,
      "ColumnIndex": 4,
      "RowSpan": 1,
      "ColumnSpan": 1,
      "Geometry": {
        "BoundingBox": {
          "Width": 0.14768585562705994,
          "Height": 0.03321229666471481,
          "Left": 0.6755672097206116,
          "Top": 0.5324985980987549
        },
        "Polygon": [
          {
            "X": 0.6759961843490601,
            "Y": 0.5324985980987549
          },
          {
            "X": 0.8232530355453491,
            "Y": 0.5330480933189392
          },
          {
            "X": 0.8228383660316467,
            "Y": 0.5657109022140503
          },
          {
            "X": 0.6755672097206116,
            "Y": 0.5651493072509766
          }
        ]
      },
      "Id": "d3c60c06-3899-4280-abfb-0175e0eacfb3",
      "Relationships": [
        {
          "Type": "CHILD",
          "Ids": [
            "cc07880d-42d7-402c-95cc-1fc90ec55cb9"
          ]
        }
      ],
      "Page": 1
    },
    {
      "BlockType": "CELL",
      "Confidence": 90.91796875,
      "RowIndex": 4,
      "ColumnIndex": 1,
      "RowSpan": 1,
      "ColumnSpan": 1,
      "Geometry": {
        "BoundingBox": {
          "Width": 0.19075296819210052,
          "Height": 0.04463404044508934,
          "Left": 0.17383027076721191,
          "Top": 0.5632386207580566
        },
        "Polygon": [
          {
            "X": 0.1744728833436966,
            "Y": 0.5632386207580566
          },
          {
            "X": 0.36458325386047363,
            "Y": 0.5639635324478149
          },
          {
            "X": 0.36396536231040955,
            "Y": 0.6078726649284363
          },
          {
            "X": 0.17383027076721191,
            "Y": 0.607126772403717
          }
        ]
      },
      "Id": "c31d29f9-b6b9-4ddc-ab53-df4c1c686281",
      "Relationships": [
        {
          "Type": "CHILD",
          "Ids": [
            "684d922d-6aff-4b16-90d4-45293fd8f4f3",
            "5401a29d-1c16-4f44-83e4-f5055159c632",
            "5fe4435a-cece-4972-bc90-6bfd3024fb1a",
            "75799255-2e40-4b48-b70e-b8290d1b614a"
          ]
        }
      ],
      "Page": 1
    },
    {
      "BlockType": "CELL",
      "Confidence": 86.5234375,
      "RowIndex": 4,
      "ColumnIndex": 2,
      "RowSpan": 1,
      "ColumnSpan": 1,
      "Geometry": {
        "BoundingBox": {
          "Width": 0.12495345622301102,
          "Height": 0.04439694806933403,
          "Left": 0.36396536231040955,
          "Top": 0.5639635324478149
        },
        "Polygon": [
          {
            "X": 0.36458325386047363,
            "Y": 0.5639635324478149
          },
          {
            "X": 0.48891884088516235,
            "Y": 0.5644376277923584
          },
          {
            "X": 0.4883171617984772,
            "Y": 0.6083604693412781
          },
          {
            "X": 0.36396536231040955,
            "Y": 0.6078726649284363
          }
        ]
      },
      "Id": "8425b407-73b2-4773-a987-53ce4f7b7cf9",
      "Relationships": [
        {
          "Type": "CHILD",
          "Ids": [
            "926d9c5b-2bb4-4601-83d1-d0d0a8694f96"
          ]
        }
      ],
      "Page": 1
    },
    {
      "BlockType": "CELL",
      "Confidence": 91.162109375,
      "RowIndex": 4,
      "ColumnIndex": 3,
      "RowSpan": 1,
      "ColumnSpan": 1,
      "Geometry": {
        "BoundingBox": {
          "Width": 0.1872500628232956,
          "Height": 0.04465513676404953,
          "Left": 0.4883171617984772,
          "Top": 0.5644376277923584
        },
        "Polygon": [
          {
            "X": 0.48891884088516235,
            "Y": 0.5644376277923584
          },
          {
            "X": 0.6755672097206116,
            "Y": 0.5651493072509766
          },
          {
            "X": 0.6749898195266724,
            "Y": 0.6090927720069885
          },
          {
            "X": 0.4883171617984772,
            "Y": 0.6083604693412781
          }
        ]
      },
      "Id": "325949a3-04d6-491e-8b0b-5901f8949d6f",
      "Relationships": [
        {
          "Type": "CHILD",
          "Ids": [
            "6ee6bf8c-4cba-4db5-9ff4-2174f60b65c7"
          ]
        }
      ],
      "Page": 1
    },
    {
      "BlockType": "CELL",
      "Confidence": 89.453125,
      "RowIndex": 4,
      "ColumnIndex": 4,
      "RowSpan": 1,
      "ColumnSpan": 1,
      "Geometry": {
        "BoundingBox": {
          "Width": 0.14784850180149078,
          "Height": 0.044521231204271317,
          "Left": 0.6749898195266724,
          "Top": 0.5651493072509766
        },
        "Polygon": [
          {
            "X": 0.6755672097206116,
            "Y": 0.5651493072509766
          },
          {
            "X": 0.8228383660316467,
            "Y": 0.5657109022140503
          },
          {
            "X": 0.8222801685333252,
            "Y": 0.6096705794334412
          },
          {
            "X": 0.6749898195266724,
            "Y": 0.6090927720069885
          }
        ]
      },
      "Id": "836a6c1e-6bae-4ae3-9a2b-786add8f508e",
      "Relationships": [
        {
          "Type": "CHILD",
          "Ids": [
            "e1159b23-b58b-4620-aa62-279b270bf953"
          ]
        }
      ],
      "Page": 1
    }
  ],
  "AnalyzeDocumentModelVersion": "1.0"
}