{
  "DocumentMetadata": {
    "Pages": 1
  },
  "JobStatus": "SUCCEEDED",
  "Blocks": [
    {
      "BlockType": "PAGE",
      "Geometry": {
        "BoundingBox": {
          "Width": 0.5648544430732727,
          "Height": 0.31276828050613403,
          "Left": 0.21670393645763397,
          "Top": 0.33712682127952576
        },
        "Polygon": [
          {
            "X": 0.21670393645763397,
            "Y": 0.33712682127952576
          },
          {
            "X": 0.7786872982978821,
            "Y": 0.33775901794433594
          },
          {
            "X": 0.7815583348274231,
            "Y": 0.6498950719833374
          },
          {
            "X": 0.21903862059116364,
            "Y": 0.6492896676063538
          }
        ]
      },
      "Id": "e3179cf8-65f5-4b58-abf9-68ccbc14f119",
      "Relationships": [
        {
          "Type": "CHILD",
          "Ids": [
            "d7496668-8606-426f-84a3-d9bdaa37d050",
            "33fb266a-ae0f-4fa9-af98-abd995cc5dae",
            "3acdce5b-cea8-4ed1-a87f-9890f2a8f646",
            "de2c555c-a05b-403f-a6c5-c2c8c801a5a5",
            "44bf2041-99d5-4f03-94a4-4fc22a6df2c8",
            "b14d2966-d4b9-44c1-be1e-453b28f7c0cd",
            "302745b9-9ad6-47b8-b336-94e204eba831",
            "c868362b-64e5-4752-b26b-db3fd5f62954",
            "e1c41cb9-440f-43be-988c-c242e20d55fd",
            "24c66fc3-50e0-4ed1-8b1d-c6c3b586f7d3",
            "0d695268-c99d-40e5-a5d2-79315067845c",
            "09529d5f-9b98-4886-9491-2b1a0da080ac",
            "4b2d65db-53b0-4463-b1d9-3c6b48b7dfd8",
            "8f7779b4-062d-4370-85b5-9647b9379efe",
            "12ac0aa6-9ed5-4674-948e-27e1c7e341f5",
            "857d6eca-2c68-428a-8b34-d6fc9c766459",
            "7de7f452-2489-4fbf-839a-6383df9aabcb",
            "cd5b0549-3430-49c6-b5c9-03ad78fbab39",
            "21569c5a-5e39-474d-ab4e-49d3d28ee871",
            "01b5446c-6a6f-41a0-b6d9-42134e049785",
            "f5a31297-659b-4fcf-8b3a-132d11fd785e",
            "51127b6f-126d-4bd4-b69d-9230b6e44259",
            "ff12aa34-5d66-4578-b1c9-5d192bee7fe3",
            "76153bc9-aa12-48b8-832b-0a2c0d3ade22",
            "3880c369-aec8-4fa9-b6c6-3cab53dee73c"
          ]
        }
      ],
      "Page": 1
    },
    {
      "BlockType": "LINE",
      "Confidence": 99.9505615234375,
      "Text": "Sample",
      "Geometry": {
        "BoundingBox": {
          "Width": 0.04815898835659027,
          "Height": 0.02353067509829998,
          "Left": 0.2452305257320404,
          "Top": 0.3777032196521759
        },
        "Polygon": [
          {
            "X": 0.2452305257320404,
            "Y": 0.3777032196521759
          },
          {
            "X": 0.29320845007896423,
            "Y": 0.37775689363479614
          },
          {
            "X": 0.29338952898979187,
            "Y": 0.4012339115142822
          },
          {
            "X": 0.24540814757347107,
            "Y": 0.4011804163455963
          }
        ]
      },
      "Id": "d7496668-8606-426f-84a3-d9bdaa37d050",
      "Relationships": [
        {
          "Type": "CHILD",
          "Ids": [
            "b73ed49e-3320-469b-bd0a-22bc75bc880d"
          ]
        }
      ],
      "Page": 1
    },
    {
      "BlockType": "LINE",
      "Confidence": 43.49296569824219,
      "Text": "(1g-1)",
      "Geometry": {
        "BoundingBox": {
          "Width": 0.04312348738312721,
          "Height": 0.02535073459148407,
          "Left": 0.5720146298408508,
          "Top": 0.37569156289100647
        },
        "Polygon": [
          {
            "X": 0.5720146298408508,
            "Y": 0.37569156289100647
          },
          {
            "X": 0.614918053150177,
            "Y": 0.37573957443237305
          },
          {
            "X": 0.6151381134986877,
            "Y": 0.40104231238365173
          },
          {
            "X": 0.5722313523292542,
            "Y": 0.4009944796562195
          }
        ]
      },
      "Id": "33fb266a-ae0f-4fa9-af98-abd995cc5dae",
      "Relationships": [
        {
          "Type": "CHILD",
          "Ids": [
            "da73bf8d-0996-413a-bf1c-ede0f3d2e068"
          ]
        }
      ],
      "Page": 1
    },
    {
      "BlockType": "LINE",
      "Confidence": 74.58396911621094,
      "Text": "Tp (C)",
      "Geometry": {
        "BoundingBox": {
          "Width": 0.0435824953019619,
          "Height": 0.02570437453687191,
          "Left": 0.7239373326301575,
          "Top": 0.377627968788147
        },
        "Polygon": [
          {
            "X": 0.7239373326301575,
            "Y": 0.377627968788147
          },
          {
            "X": 0.7672847509384155,
            "Y": 0.37767645716667175
          },
          {
            "X": 0.7675198316574097,
            "Y": 0.40333235263824463
          },
          {
            "X": 0.7241690158843994,
            "Y": 0.4032840132713318
          }
        ]
      },
      "Id": "3acdce5b-cea8-4ed1-a87f-9890f2a8f646",
      "Relationships": [
        {
          "Type": "CHILD",
          "Ids": [
            "7763480b-5695-4187-b842-52f0f168fca8",
            "5fbb6e34-2757-4d0d-a60a-c2e2203d8873"
          ]
        }
      ],
      "Page": 1
    },
    {
      "BlockType": "LINE",
      "Confidence": 99.74329376220703,
      "Text": "Neat epoxy",
      "Geometry": {
        "BoundingBox": {
          "Width": 0.0738886371254921,
          "Height": 0.022367116063833237,
          "Left": 0.2456386834383011,
          "Top": 0.4237116873264313
        },
        "Polygon": [
          {
            "X": 0.2456386834383011,
            "Y": 0.4237116873264313
          },
          {
            "X": 0.31935369968414307,
            "Y": 0.42379361391067505
          },
          {
            "X": 0.3195273280143738,
            "Y": 0.4460788071155548
          },
          {
            "X": 0.24580729007720947,
            "Y": 0.44599711894989014
          }
        ]
      },
      "Id": "de2c555c-a05b-403f-a6c5-c2c8c801a5a5",
      "Relationships": [
        {
          "Type": "CHILD",
          "Ids": [
            "b18c38d1-e0e3-4510-958f-105943855954",
            "e90a59b0-f0a5-44e7-b67e-d7f397d44af2"
          ]
        }
      ],
      "Page": 1
    },
    {
      "BlockType": "LINE",
      "Confidence": 99.94156646728516,
      "Text": "440",
      "Geometry": {
        "BoundingBox": {
          "Width": 0.024966970086097717,
          "Height": 0.017716705799102783,
          "Left": 0.5484351515769958,
          "Top": 0.4238266944885254
        },
        "Polygon": [
          {
            "X": 0.5484351515769958,
            "Y": 0.4238266944885254
          },
          {
            "X": 0.5732505321502686,
            "Y": 0.4238542914390564
          },
          {
            "X": 0.5734021067619324,
            "Y": 0.4415434002876282
          },
          {
            "X": 0.5485853552818298,
            "Y": 0.44151589274406433
          }
        ]
      },
      "Id": "44bf2041-99d5-4f03-94a4-4fc22a6df2c8",
      "Relationships": [
        {
          "Type": "CHILD",
          "Ids": [
            "7398b690-d937-4545-8ccf-ba15160ed643"
          ]
        }
      ],
      "Page": 1
    },
    {
      "BlockType": "LINE",
      "Confidence": 99.82695770263672,
      "Text": "200",
      "Geometry": {
        "BoundingBox": {
          "Width": 0.024279704317450523,
          "Height": 0.017662055790424347,
          "Left": 0.7243586778640747,
          "Top": 0.42390528321266174
        },
        "Polygon": [
          {
            "X": 0.7243586778640747,
            "Y": 0.42390528321266174
          },
          {
            "X": 0.7484778165817261,
            "Y": 0.42393210530281067
          },
          {
            "X": 0.748638391494751,
            "Y": 0.4415673315525055
          },
          {
            "X": 0.7245179414749146,
            "Y": 0.44154059886932373
          }
        ]
      },
      "Id": "b14d2966-d4b9-44c1-be1e-453b28f7c0cd",
      "Relationships": [
        {
          "Type": "CHILD",
          "Ids": [
            "aa8b4e8c-ab2a-4e9f-8015-8accd069fa95"
          ]
        }
      ],
      "Page": 1
    },
    {
      "BlockType": "LINE",
      "Confidence": 99.09159851074219,
      "Text": "CNFs (1 wt.%)/epoxy",
      "Geometry": {
        "BoundingBox": {
          "Width": 0.1318153291940689,
          "Height": 0.024097003042697906,
          "Left": 0.2453300505876541,
          "Top": 0.4521557688713074
        },
        "Polygon": [
          {
            "X": 0.2453300505876541,
            "Y": 0.4521557688713074
          },
          {
            "X": 0.3769545555114746,
            "Y": 0.4523015022277832
          },
          {
            "X": 0.377145379781723,
            "Y": 0.47625279426574707
          },
          {
            "X": 0.2455112189054489,
            "Y": 0.47610756754875183
          }
        ]
      },
      "Id": "302745b9-9ad6-47b8-b336-94e204eba831",
      "Relationships": [
        {
          "Type": "CHILD",
          "Ids": [
            "2faa3cac-003d-4e1c-a004-c63167f79b11",
            "185bf65a-6cb7-4fcd-b574-6a304a1d08f5",
            "c30500e9-b9c0-41a5-8b12-61ffebe3da02"
          ]
        }
      ],
      "Page": 1
    },
    {
      "BlockType": "LINE",
      "Confidence": 99.89461517333984,
      "Text": "444",
      "Geometry": {
        "BoundingBox": {
          "Width": 0.0250009223818779,
          "Height": 0.017677750438451767,
          "Left": 0.5486157536506653,
          "Top": 0.4533163607120514
        },
        "Polygon": [
          {
            "X": 0.5486157536506653,
            "Y": 0.4533163607120514
          },
          {
            "X": 0.5734654664993286,
            "Y": 0.45334383845329285
          },
          {
            "X": 0.5736166834831238,
            "Y": 0.47099408507347107
          },
          {
            "X": 0.5487655997276306,
            "Y": 0.4709666669368744
          }
        ]
      },
      "Id": "c868362b-64e5-4752-b26b-db3fd5f62954",
      "Relationships": [
        {
          "Type": "CHILD",
          "Ids": [
            "c4e985f4-c143-4ec3-91d5-7b399346338f"
          ]
        }
      ],
      "Page": 1
    },
    {
      "BlockType": "LINE",
      "Confidence": 99.90283203125,
      "Text": "201",
      "Geometry": {
        "BoundingBox": {
          "Width": 0.023018306121230125,
          "Height": 0.018233055248856544,
          "Left": 0.7242101430892944,
          "Top": 0.45314159989356995
        },
        "Polygon": [
          {
            "X": 0.7242101430892944,
            "Y": 0.45314159989356995
          },
          {
            "X": 0.7470628023147583,
            "Y": 0.4531668722629547
          },
          {
            "X": 0.7472284436225891,
            "Y": 0.47137463092803955
          },
          {
            "X": 0.724374532699585,
            "Y": 0.47134941816329956
          }
        ]
      },
      "Id": "e1c41cb9-440f-43be-988c-c242e20d55fd",
      "Relationships": [
        {
          "Type": "CHILD",
          "Ids": [
            "fdac9764-c2ca-45db-bdf5-328c55a02bab"
          ]
        }
      ],
      "Page": 1
    },
    {
      "BlockType": "LINE",
      "Confidence": 98.97808074951172,
      "Text": "CNFs (3 wt.%)/epoxy",
      "Geometry": {
        "BoundingBox": {
          "Width": 0.13191545009613037,
          "Height": 0.023721423000097275,
          "Left": 0.24527263641357422,
          "Top": 0.4807531237602234
        },
        "Polygon": [
          {
            "X": 0.24527263641357422,
            "Y": 0.4807531237602234
          },
          {
            "X": 0.37700027227401733,
            "Y": 0.48089835047721863
          },
          {
            "X": 0.3771880865097046,
            "Y": 0.5044745206832886
          },
          {
            "X": 0.245450958609581,
            "Y": 0.5043298006057739
          }
        ]
      },
      "Id": "24c66fc3-50e0-4ed1-8b1d-c6c3b586f7d3",
      "Relationships": [
        {
          "Type": "CHILD",
          "Ids": [
            "349fe992-7eec-4dbc-b157-100611708d0b",
            "59f7d5a6-7245-4e12-becd-4c1c43c211e7",
            "23165d96-94d6-4b11-947e-4ea8bcd1a9e2"
          ]
        }
      ],
      "Page": 1
    },
    {
      "BlockType": "LINE",
      "Confidence": 99.94668579101562,
      "Text": "446",
      "Geometry": {
        "BoundingBox": {
          "Width": 0.02478613145649433,
          "Height": 0.017793674021959305,
          "Left": 0.5486511588096619,
          "Top": 0.4815365672111511
        },
        "Polygon": [
          {
            "X": 0.5486511588096619,
            "Y": 0.4815365672111511
          },
          {
            "X": 0.5732851028442383,
            "Y": 0.4815637469291687
          },
          {
            "X": 0.5734373331069946,
            "Y": 0.4993302524089813
          },
          {
            "X": 0.5488020181655884,
            "Y": 0.4993031620979309
          }
        ]
      },
      "Id": "0d695268-c99d-40e5-a5d2-79315067845c",
      "Relationships": [
        {
          "Type": "CHILD",
          "Ids": [
            "9cc5f8b6-53aa-40dc-b695-fa4cc3ac9444"
          ]
        }
      ],
      "Page": 1
    },
    {
      "BlockType": "LINE",
      "Confidence": 99.94795989990234,
      "Text": "201",
      "Geometry": {
        "BoundingBox": {
          "Width": 0.022976597771048546,
          "Height": 0.018360929563641548,
          "Left": 0.7241777777671814,
          "Top": 0.48132094740867615
        },
        "Polygon": [
          {
            "X": 0.7241777777671814,
            "Y": 0.48132094740867615
          },
          {
            "X": 0.746987521648407,
            "Y": 0.48134610056877136
          },
          {
            "X": 0.7471543550491333,
            "Y": 0.49968186020851135
          },
          {
            "X": 0.7243432998657227,
            "Y": 0.4996567964553833
          }
        ]
      },
      "Id": "09529d5f-9b98-4886-9491-2b1a0da080ac",
      "Relationships": [
        {
          "Type": "CHILD",
          "Ids": [
            "f620fbcb-d22e-4bd0-9c1d-a1f9ed5dac9b"
          ]
        }
      ],
      "Page": 1
    },
    {
      "BlockType": "LINE",
      "Confidence": 98.0347900390625,
      "Text": "CNFs (5 wt.%)/epoxy",
      "Geometry": {
        "BoundingBox": {
          "Width": 0.13178731501102448,
          "Height": 0.023698104545474052,
          "Left": 0.2453344166278839,
          "Top": 0.5102363228797913
        },
        "Polygon": [
          {
            "X": 0.2453344166278839,
            "Y": 0.5102363228797913
          },
          {
            "X": 0.37693411111831665,
            "Y": 0.5103808045387268
          },
          {
            "X": 0.3771217167377472,
            "Y": 0.5339344143867493
          },
          {
            "X": 0.24551254510879517,
            "Y": 0.5337904095649719
          }
        ]
      },
      "Id": "4b2d65db-53b0-4463-b1d9-3c6b48b7dfd8",
      "Relationships": [
        {
          "Type": "CHILD",
          "Ids": [
            "c8a752b7-4bc6-4b2c-b279-6fa8076cedca",
            "058c62d8-2642-4b4b-96d0-c7cf87612181",
            "6531cbc3-5509-4d09-addf-9686c6f8338a"
          ]
        }
      ],
      "Page": 1
    },
    {
      "BlockType": "LINE",
      "Confidence": 99.95521545410156,
      "Text": "439",
      "Geometry": {
        "BoundingBox": {
          "Width": 0.024661269038915634,
          "Height": 0.017943207174539566,
          "Left": 0.5486397743225098,
          "Top": 0.5109243988990784
        },
        "Polygon": [
          {
            "X": 0.5486397743225098,
            "Y": 0.5109243988990784
          },
          {
            "X": 0.5731475949287415,
            "Y": 0.5109513401985168
          },
          {
            "X": 0.5733010768890381,
            "Y": 0.5288676023483276
          },
          {
            "X": 0.5487918853759766,
            "Y": 0.5288407802581787
          }
        ]
      },
      "Id": "8f7779b4-062d-4370-85b5-9647b9379efe",
      "Relationships": [
        {
          "Type": "CHILD",
          "Ids": [
            "73f351b0-d6f4-4ba0-a00c-3b6a7367eb86"
          ]
        }
      ],
      "Page": 1
    },
    {
      "BlockType": "LINE",
      "Confidence": 99.92253112792969,
      "Text": "202",
      "Geometry": {
        "BoundingBox": {
          "Width": 0.024048535153269768,
          "Height": 0.018018774688243866,
          "Left": 0.7244613170623779,
          "Top": 0.5107547044754028
        },
        "Polygon": [
          {
            "X": 0.7244613170623779,
            "Y": 0.5107547044754028
          },
          {
            "X": 0.7483461499214172,
            "Y": 0.510780930519104
          },
          {
            "X": 0.7485098838806152,
            "Y": 0.5287734866142273
          },
          {
            "X": 0.7246237397193909,
            "Y": 0.5287473201751709
          }
        ]
      },
      "Id": "12ac0aa6-9ed5-4674-948e-27e1c7e341f5",
      "Relationships": [
        {
          "Type": "CHILD",
          "Ids": [
            "ec72dceb-646f-48f9-9166-b6c1cba2e7c1"
          ]
        }
      ],
      "Page": 1
    },
    {
      "BlockType": "LINE",
      "Confidence": 99.48390197753906,
      "Text": "Silanized CNFs (1 wt.%)/epoxy",
      "Geometry": {
        "BoundingBox": {
          "Width": 0.1946723908185959,
          "Height": 0.024103889241814613,
          "Left": 0.24521368741989136,
          "Top": 0.5389689207077026
        },
        "Polygon": [
          {
            "X": 0.24521368741989136,
            "Y": 0.5389689207077026
          },
          {
            "X": 0.4396912157535553,
            "Y": 0.5391815304756165
          },
          {
            "X": 0.43988609313964844,
            "Y": 0.5630728006362915
          },
          {
            "X": 0.24539434909820557,
            "Y": 0.5628608465194702
          }
        ]
      },
      "Id": "857d6eca-2c68-428a-8b34-d6fc9c766459",
      "Relationships": [
        {
          "Type": "CHILD",
          "Ids": [
            "6a014cab-d5f3-498f-8a53-79c68199cdf4",
            "f9bd32e5-eaad-4b48-9037-4b17ba4a74e5",
            "81a916e5-bda7-420f-b941-d7658a3621ac",
            "40d23150-7799-4bf7-8f00-3efdff9214d5"
          ]
        }
      ],
      "Page": 1
    },
    {
      "BlockType": "LINE",
      "Confidence": 99.78532409667969,
      "Text": "492",
      "Geometry": {
        "BoundingBox": {
          "Width": 0.024246543645858765,
          "Height": 0.018165264278650284,
          "Left": 0.5487415790557861,
          "Top": 0.5400784015655518
        },
        "Polygon": [
          {
            "X": 0.5487415790557861,
            "Y": 0.5400784015655518
          },
          {
            "X": 0.5728327631950378,
            "Y": 0.5401047468185425
          },
          {
            "X": 0.5729880928993225,
            "Y": 0.5582436919212341
          },
          {
            "X": 0.548895537853241,
            "Y": 0.5582174062728882
          }
        ]
      },
      "Id": "7de7f452-2489-4fbf-839a-6383df9aabcb",
      "Relationships": [
        {
          "Type": "CHILD",
          "Ids": [
            "068a3fba-e758-4e54-b140-a3c31ae9f127"
          ]
        }
      ],
      "Page": 1
    },
    {
      "BlockType": "LINE",
      "Confidence": 99.9459228515625,
      "Text": "196",
      "Geometry": {
        "BoundingBox": {
          "Width": 0.023527860641479492,
          "Height": 0.01803789660334587,
          "Left": 0.7252568006515503,
          "Top": 0.5400930047035217
        },
        "Polygon": [
          {
            "X": 0.7252568006515503,
            "Y": 0.5400930047035217
          },
          {
            "X": 0.7486207485198975,
            "Y": 0.5401185154914856
          },
          {
            "X": 0.7487846612930298,
            "Y": 0.5581309199333191
          },
          {
            "X": 0.7254194617271423,
            "Y": 0.5581054091453552
          }
        ]
      },
      "Id": "cd5b0549-3430-49c6-b5c9-03ad78fbab39",
      "Relationships": [
        {
          "Type": "CHILD",
          "Ids": [
            "18e261ab-0c22-499b-8418-74e647fd6de6"
          ]
        }
      ],
      "Page": 1
    },
    {
      "BlockType": "LINE",
      "Confidence": 99.51189422607422,
      "Text": "Silanized CNFs (3 wt.%)/epoxy",
      "Geometry": {
        "BoundingBox": {
          "Width": 0.1952415108680725,
          "Height": 0.024152236059308052,
          "Left": 0.2450317144393921,
          "Top": 0.5683799982070923
        },
        "Polygon": [
          {
            "X": 0.2450317144393921,
            "Y": 0.5683799982070923
          },
          {
            "X": 0.4400779604911804,
            "Y": 0.568592369556427
          },
          {
            "X": 0.4402732253074646,
            "Y": 0.592532217502594
          },
          {
            "X": 0.24521270394325256,
            "Y": 0.5923205614089966
          }
        ]
      },
      "Id": "21569c5a-5e39-474d-ab4e-49d3d28ee871",
      "Relationships": [
        {
          "Type": "CHILD",
          "Ids": [
            "9935b662-811f-42c1-8900-39d836fcdd24",
            "0ac03f78-a1b9-470c-98ae-fdee5985b0d1",
            "02893dce-5fbd-4ce1-bfad-3998652bedbe",
            "c6c72208-3dc2-4cad-994e-021dd17baa85"
          ]
        }
      ],
      "Page": 1
    },
    {
      "BlockType": "LINE",
      "Confidence": 99.97390747070312,
      "Text": "464",
      "Geometry": {
        "BoundingBox": {
          "Width": 0.024700498208403587,
          "Height": 0.018234701827168465,
          "Left": 0.5486916303634644,
          "Top": 0.5694507956504822
        },
        "Polygon": [
          {
            "X": 0.5486916303634644,
            "Y": 0.5694507956504822
          },
          {
            "X": 0.5732362270355225,
            "Y": 0.5694774985313416
          },
          {
            "X": 0.5733921527862549,
            "Y": 0.5876855254173279
          },
          {
            "X": 0.5488461852073669,
            "Y": 0.5876588821411133
          }
        ]
      },
      "Id": "01b5446c-6a6f-41a0-b6d9-42134e049785",
      "Relationships": [
        {
          "Type": "CHILD",
          "Ids": [
            "95e33cd4-5273-42dc-b407-7ef96fb3edb8"
          ]
        }
      ],
      "Page": 1
    },
    {
      "BlockType": "LINE",
      "Confidence": 99.93092346191406,
      "Text": "201",
      "Geometry": {
        "BoundingBox": {
          "Width": 0.023002464324235916,
          "Height": 0.01821090281009674,
          "Left": 0.7242184281349182,
          "Top": 0.5694396495819092
        },
        "Polygon": [
          {
            "X": 0.7242184281349182,
            "Y": 0.5694396495819092
          },
          {
            "X": 0.7470554709434509,
            "Y": 0.5694645047187805
          },
          {
            "X": 0.7472208738327026,
            "Y": 0.5876505374908447
          },
          {
            "X": 0.7243825793266296,
            "Y": 0.5876257419586182
          }
        ]
      },
      "Id": "f5a31297-659b-4fcf-8b3a-132d11fd785e",
      "Relationships": [
        {
          "Type": "CHILD",
          "Ids": [
            "2f7476ac-a305-45ee-9c4b-a522cc189f06"
          ]
        }
      ],
      "Page": 1
    },
    {
      "BlockType": "LINE",
      "Confidence": 98.9736557006836,
      "Text": "Silanized CNFs (5 wt.%)/epoxy",
      "Geometry": {
        "BoundingBox": {
          "Width": 0.1932736039161682,
          "Height": 0.02362489327788353,
          "Left": 0.24516576528549194,
          "Top": 0.5980769991874695
        },
        "Polygon": [
          {
            "X": 0.24516576528549194,
            "Y": 0.5980769991874695
          },
          {
            "X": 0.43824854493141174,
            "Y": 0.5982863306999207
          },
          {
            "X": 0.43843936920166016,
            "Y": 0.6217018961906433
          },
          {
            "X": 0.24534280598163605,
            "Y": 0.6214932203292847
          }
        ]
      },
      "Id": "51127b6f-126d-4bd4-b69d-9230b6e44259",
      "Relationships": [
        {
          "Type": "CHILD",
          "Ids": [
            "2303c1e8-3acb-4708-852e-57ce53215356",
            "de18e7a4-0533-4951-9273-9a19ea899fe4",
            "9b6d0202-b9ff-4ea3-bab7-bb01a5bdbc2a",
            "ec3a660a-9da2-43d8-9df5-6472b818c1eb"
          ]
        }
      ],
      "Page": 1
    },
    {
      "BlockType": "LINE",
      "Confidence": 99.96135711669922,
      "Text": "452",
      "Geometry": {
        "BoundingBox": {
          "Width": 0.024467971175909042,
          "Height": 0.01796046830713749,
          "Left": 0.548677921295166,
          "Top": 0.5989686250686646
        },
        "Polygon": [
          {
            "X": 0.548677921295166,
            "Y": 0.5989686250686646
          },
          {
            "X": 0.5729923248291016,
            "Y": 0.5989949703216553
          },
          {
            "X": 0.5731459259986877,
            "Y": 0.6169290542602539
          },
          {
            "X": 0.5488301515579224,
            "Y": 0.616902768611908
          }
        ]
      },
      "Id": "ff12aa34-5d66-4578-b1c9-5d192bee7fe3",
      "Relationships": [
        {
          "Type": "CHILD",
          "Ids": [
            "dd68660a-c445-4c95-bc43-9866b07237ec"
          ]
        }
      ],
      "Page": 1
    },
    {
      "BlockType": "LINE",
      "Confidence": 99.88227081298828,
      "Text": "203",
      "Geometry": {
        "BoundingBox": {
          "Width": 0.024060053750872612,
          "Height": 0.018415695056319237,
          "Left": 0.7241616249084473,
          "Top": 0.598433792591095
        },
        "Polygon": [
          {
            "X": 0.7241616249084473,
            "Y": 0.598433792591095
          },
          {
            "X": 0.7480543851852417,
            "Y": 0.5984597206115723
          },
          {
            "X": 0.7482216954231262,
            "Y": 0.6168494820594788
          },
          {
            "X": 0.7243276238441467,
            "Y": 0.616823673248291
          }
        ]
      },
      "Id": "76153bc9-aa12-48b8-832b-0a2c0d3ade22",
      "Relationships": [
        {
          "Type": "CHILD",
          "Ids": [
            "07fba9f7-9259-44c4-b30f-98a8dc73555e"
          ]
        }
      ],
      "Page": 1
    },
    {
      "BlockType": "WORD",
      "Confidence": 99.9505615234375,
      "Text": "Sample",
      "TextType": "PRINTED",
      "Geometry": {
        "BoundingBox": {
          "Width": 0.04815898835659027,
          "Height": 0.02353067509829998,
          "Left": 0.2452305257320404,
          "Top": 0.3777032196521759
        },
        "Polygon": [
          {
            "X": 0.2452305257320404,
            "Y": 0.3777032196521759
          },
          {
            "X": 0.29320845007896423,
            "Y": 0.37775689363479614
          },
          {
            "X": 0.29338952898979187,
            "Y": 0.4012339115142822
          },
          {
            "X": 0.24540814757347107,
            "Y": 0.4011804163455963
          }
        ]
      },
      "Id": "b73ed49e-3320-469b-bd0a-22bc75bc880d",
      "Page": 1
    },
    {
      "BlockType": "WORD",
      "Confidence": 43.49296569824219,
      "Text": "(1g-1)",
      "TextType": "PRINTED",
      "Geometry": {
        "BoundingBox": {
          "Width": 0.04312348738312721,
          "Height": 0.02535073459148407,
          "Left": 0.5720146298408508,
          "Top": 0.37569156289100647
        },
        "Polygon": [
          {
            "X": 0.5720146298408508,
            "Y": 0.37569156289100647
          },
          {
            "X": 0.614918053150177,
            "Y": 0.37573957443237305
          },
          {
            "X": 0.6151381134986877,
            "Y": 0.40104231238365173
          },
          {
            "X": 0.5722313523292542,
            "Y": 0.4009944796562195
          }
        ]
      },
      "Id": "da73bf8d-0996-413a-bf1c-ede0f3d2e068",
      "Page": 1
    },
    {
      "BlockType": "WORD",
      "Confidence": 85.33573913574219,
      "Text": "Tp",
      "TextType": "PRINTED",
      "Geometry": {
        "BoundingBox": {
          "Width": 0.013866912573575974,
          "Height": 0.024799412116408348,
          "Left": 0.7239452004432678,
          "Top": 0.3784998059272766
        },
        "Polygon": [
          {
            "X": 0.7239452004432678,
            "Y": 0.3784998059272766
          },
          {
            "X": 0.7375872731208801,
            "Y": 0.3785150647163391
          },
          {
            "X": 0.7378121018409729,
            "Y": 0.4032992422580719
          },
          {
            "X": 0.7241690158843994,
            "Y": 0.4032840132713318
          }
        ]
      },
      "Id": "7763480b-5695-4187-b842-52f0f168fca8",
      "Page": 1
    },
    {
      "BlockType": "WORD",
      "Confidence": 63.83219909667969,
      "Text": "(C)",
      "TextType": "PRINTED",
      "Geometry": {
        "BoundingBox": {
          "Width": 0.02574041485786438,
          "Height": 0.022884825244545937,
          "Left": 0.7417537569999695,
          "Top": 0.37764790654182434
        },
        "Polygon": [
          {
            "X": 0.7417537569999695,
            "Y": 0.37764790654182434
          },
          {
            "X": 0.7672847509384155,
            "Y": 0.37767645716667175
          },
          {
            "X": 0.7674941420555115,
            "Y": 0.40053272247314453
          },
          {
            "X": 0.7419613599777222,
            "Y": 0.4005042612552643
          }
        ]
      },
      "Id": "5fbb6e34-2757-4d0d-a60a-c2e2203d8873",
      "Page": 1
    },
    {
      "BlockType": "WORD",
      "Confidence": 99.97642517089844,
      "Text": "Neat",
      "TextType": "PRINTED",
      "Geometry": {
        "BoundingBox": {
          "Width": 0.03043081983923912,
          "Height": 0.01818215101957321,
          "Left": 0.2456386834383011,
          "Top": 0.4237116873264313
        },
        "Polygon": [
          {
            "X": 0.2456386834383011,
            "Y": 0.4237116873264313
          },
          {
            "X": 0.2759305238723755,
            "Y": 0.423745334148407
          },
          {
            "X": 0.2760695219039917,
            "Y": 0.4418938159942627
          },
          {
            "X": 0.2457759976387024,
            "Y": 0.44186025857925415
          }
        ]
      },
      "Id": "b18c38d1-e0e3-4510-958f-105943855954",
      "Page": 1
    },
    {
      "BlockType": "WORD",
      "Confidence": 99.51016998291016,
      "Text": "epoxy",
      "TextType": "PRINTED",
      "Geometry": {
        "BoundingBox": {
          "Width": 0.04007529094815254,
          "Height": 0.018226979300379753,
          "Left": 0.27945202589035034,
          "Top": 0.4278518259525299
        },
        "Polygon": [
          {
            "X": 0.27945202589035034,
            "Y": 0.4278518259525299
          },
          {
            "X": 0.3193856477737427,
            "Y": 0.4278961718082428
          },
          {
            "X": 0.3195273280143738,
            "Y": 0.4460788071155548
          },
          {
            "X": 0.27959147095680237,
            "Y": 0.4460345506668091
          }
        ]
      },
      "Id": "e90a59b0-f0a5-44e7-b67e-d7f397d44af2",
      "Page": 1
    },
    {
      "BlockType": "WORD",
      "Confidence": 99.94156646728516,
      "Text": "440",
      "TextType": "PRINTED",
      "Geometry": {
        "BoundingBox": {
          "Width": 0.024966970086097717,
          "Height": 0.017716705799102783,
          "Left": 0.5484351515769958,
          "Top": 0.4238266944885254
        },
        "Polygon": [
          {
            "X": 0.5484351515769958,
            "Y": 0.4238266944885254
          },
          {
            "X": 0.5732505321502686,
            "Y": 0.4238542914390564
          },
          {
            "X": 0.5734021067619324,
            "Y": 0.4415434002876282
          },
          {
            "X": 0.5485853552818298,
            "Y": 0.44151589274406433
          }
        ]
      },
      "Id": "7398b690-d937-4545-8ccf-ba15160ed643",
      "Page": 1
    },
    {
      "BlockType": "WORD",
      "Confidence": 99.82695770263672,
      "Text": "200",
      "TextType": "PRINTED",
      "Geometry": {
        "BoundingBox": {
          "Width": 0.024279704317450523,
          "Height": 0.017662055790424347,
          "Left": 0.7243586778640747,
          "Top": 0.42390528321266174
        },
        "Polygon": [
          {
            "X": 0.7243586778640747,
            "Y": 0.42390528321266174
          },
          {
            "X": 0.7484778165817261,
            "Y": 0.42393210530281067
          },
          {
            "X": 0.748638391494751,
            "Y": 0.4415673315525055
          },
          {
            "X": 0.7245179414749146,
            "Y": 0.44154059886932373
          }
        ]
      },
      "Id": "aa8b4e8c-ab2a-4e9f-8015-8accd069fa95",
      "Page": 1
    },
    {
      "BlockType": "WORD",
      "Confidence": 98.99140167236328,
      "Text": "CNFs",
      "TextType": "PRINTED",
      "Geometry": {
        "BoundingBox": {
          "Width": 0.03251343220472336,
          "Height": 0.01838630996644497,
          "Left": 0.24533580243587494,
          "Top": 0.45291608572006226
        },
        "Polygon": [
          {
            "X": 0.24533580243587494,
            "Y": 0.45291608572006226
          },
          {
            "X": 0.27770861983299255,
            "Y": 0.45295190811157227
          },
          {
            "X": 0.2778492271900177,
            "Y": 0.4713023900985718
          },
          {
            "X": 0.24547460675239563,
            "Y": 0.47126665711402893
          }
        ]
      },
      "Id": "2faa3cac-003d-4e1c-a004-c63167f79b11",
      "Page": 1
    },
    {
      "BlockType": "WORD",
      "Confidence": 99.14392852783203,
      "Text": "(1",
      "TextType": "PRINTED",
      "Geometry": {
        "BoundingBox": {
          "Width": 0.012161746621131897,
          "Height": 0.02313275635242462,
          "Left": 0.2812788784503937,
          "Top": 0.45219558477401733
        },
        "Polygon": [
          {
            "X": 0.2812788784503937,
            "Y": 0.45219558477401733
          },
          {
            "X": 0.2932623624801636,
            "Y": 0.45220884680747986
          },
          {
            "X": 0.29344063997268677,
            "Y": 0.47532832622528076
          },
          {
            "X": 0.28145632147789,
            "Y": 0.4753150939941406
          }
        ]
      },
      "Id": "185bf65a-6cb7-4fcd-b574-6a304a1d08f5",
      "Page": 1
    },
    {
      "BlockType": "WORD",
      "Confidence": 99.13947296142578,
      "Text": "wt.%)/epoxy",
      "TextType": "PRINTED",
      "Geometry": {
        "BoundingBox": {
          "Width": 0.08038726449012756,
          "Height": 0.02338353544473648,
          "Left": 0.29675811529159546,
          "Top": 0.4528692364692688
        },
        "Polygon": [
          {
            "X": 0.29675811529159546,
            "Y": 0.4528692364692688
          },
          {
            "X": 0.37695980072021484,
            "Y": 0.45295801758766174
          },
          {
            "X": 0.377145379781723,
            "Y": 0.47625279426574707
          },
          {
            "X": 0.2969379723072052,
            "Y": 0.4761642813682556
          }
        ]
      },
      "Id": "c30500e9-b9c0-41a5-8b12-61ffebe3da02",
      "Page": 1
    },
    {
      "BlockType": "WORD",
      "Confidence": 99.89461517333984,
      "Text": "444",
      "TextType": "PRINTED",
      "Geometry": {
        "BoundingBox": {
          "Width": 0.0250009223818779,
          "Height": 0.017677750438451767,
          "Left": 0.5486157536506653,
          "Top": 0.4533163607120514
        },
        "Polygon": [
          {
            "X": 0.5486157536506653,
            "Y": 0.4533163607120514
          },
          {
            "X": 0.5734654664993286,
            "Y": 0.45334383845329285
          },
          {
            "X": 0.5736166834831238,
            "Y": 0.47099408507347107
          },
          {
            "X": 0.5487655997276306,
            "Y": 0.4709666669368744
          }
        ]
      },
      "Id": "c4e985f4-c143-4ec3-91d5-7b399346338f",
      "Page": 1
    },
    {
      "BlockType": "WORD",
      "Confidence": 99.90283203125,
      "Text": "201",
      "TextType": "PRINTED",
      "Geometry": {
        "BoundingBox": {
          "Width": 0.023018306121230125,
          "Height": 0.018233055248856544,
          "Left": 0.7242101430892944,
          "Top": 0.45314159989356995
        },
        "Polygon": [
          {
            "X": 0.7242101430892944,
            "Y": 0.45314159989356995
          },
          {
            "X": 0.7470628023147583,
            "Y": 0.4531668722629547
          },
          {
            "X": 0.7472284436225891,
            "Y": 0.47137463092803955
          },
          {
            "X": 0.724374532699585,
            "Y": 0.47134941816329956
          }
        ]
      },
      "Id": "fdac9764-c2ca-45db-bdf5-328c55a02bab",
      "Page": 1
    },
    {
      "BlockType": "WORD",
      "Confidence": 98.2463150024414,
      "Text": "CNFs",
      "TextType": "PRINTED",
      "Geometry": {
        "BoundingBox": {
          "Width": 0.032534364610910416,
          "Height": 0.018106291070580482,
          "Left": 0.24527694284915924,
          "Top": 0.48132261633872986
        },
        "Polygon": [
          {
            "X": 0.24527694284915924,
            "Y": 0.48132261633872986
          },
          {
            "X": 0.2776728570461273,
            "Y": 0.4813583195209503
          },
          {
            "X": 0.27781131863594055,
            "Y": 0.4994288980960846
          },
          {
            "X": 0.2454136162996292,
            "Y": 0.4993932843208313
          }
        ]
      },
      "Id": "349fe992-7eec-4dbc-b157-100611708d0b",
      "Page": 1
    },
    {
      "BlockType": "WORD",
      "Confidence": 99.82550048828125,
      "Text": "(3",
      "TextType": "PRINTED",
      "Geometry": {
        "BoundingBox": {
          "Width": 0.013049808330833912,
          "Height": 0.022705839946866035,
          "Left": 0.2813882529735565,
          "Top": 0.48079293966293335
        },
        "Polygon": [
          {
            "X": 0.2813882529735565,
            "Y": 0.48079293966293335
          },
          {
            "X": 0.2942630350589752,
            "Y": 0.4808071255683899
          },
          {
            "X": 0.29443806409835815,
            "Y": 0.5034987926483154
          },
          {
            "X": 0.2815623879432678,
            "Y": 0.5034846067428589
          }
        ]
      },
      "Id": "59f7d5a6-7245-4e12-becd-4c1c43c211e7",
      "Page": 1
    },
    {
      "BlockType": "WORD",
      "Confidence": 98.8624267578125,
      "Text": "wt.%)/epoxy",
      "TextType": "PRINTED",
      "Geometry": {
        "BoundingBox": {
          "Width": 0.08050457388162613,
          "Height": 0.023198166862130165,
          "Left": 0.29668352007865906,
          "Top": 0.48127636313438416
        },
        "Polygon": [
          {
            "X": 0.29668352007865906,
            "Y": 0.48127636313438416
          },
          {
            "X": 0.3770039975643158,
            "Y": 0.4813649356365204
          },
          {
            "X": 0.3771880865097046,
            "Y": 0.5044745206832886
          },
          {
            "X": 0.2968619167804718,
            "Y": 0.5043862462043762
          }
        ]
      },
      "Id": "23165d96-94d6-4b11-947e-4ea8bcd1a9e2",
      "Page": 1
    },
    {
      "BlockType": "WORD",
      "Confidence": 99.94668579101562,
      "Text": "446",
      "TextType": "PRINTED",
      "Geometry": {
        "BoundingBox": {
          "Width": 0.02478613145649433,
          "Height": 0.017793674021959305,
          "Left": 0.5486511588096619,
          "Top": 0.4815365672111511
        },
        "Polygon": [
          {
            "X": 0.5486511588096619,
            "Y": 0.4815365672111511
          },
          {
            "X": 0.5732851028442383,
            "Y": 0.4815637469291687
          },
          {
            "X": 0.5734373331069946,
            "Y": 0.4993302524089813
          },
          {
            "X": 0.5488020181655884,
            "Y": 0.4993031620979309
          }
        ]
      },
      "Id": "9cc5f8b6-53aa-40dc-b695-fa4cc3ac9444",
      "Page": 1
    },
    {
      "BlockType": "WORD",
      "Confidence": 99.94795989990234,
      "Text": "201",
      "TextType": "PRINTED",
      "Geometry": {
        "BoundingBox": {
          "Width": 0.022976597771048546,
          "Height": 0.018360929563641548,
          "Left": 0.7241777777671814,
          "Top": 0.48132094740867615
        },
        "Polygon": [
          {
            "X": 0.7241777777671814,
            "Y": 0.48132094740867615
          },
          {
            "X": 0.746987521648407,
            "Y": 0.48134610056877136
          },
          {
            "X": 0.7471543550491333,
            "Y": 0.49968186020851135
          },
          {
            "X": 0.7243432998657227,
            "Y": 0.4996567964553833
          }
        ]
      },
      "Id": "f620fbcb-d22e-4bd0-9c1d-a1f9ed5dac9b",
      "Page": 1
    },
    {
      "BlockType": "WORD",
      "Confidence": 99.1723861694336,
      "Text": "CNFs",
      "TextType": "PRINTED",
      "Geometry": {
        "BoundingBox": {
          "Width": 0.03236939385533333,
          "Height": 0.01797424629330635,
          "Left": 0.24533842504024506,
          "Top": 0.510767936706543
        },
        "Polygon": [
          {
            "X": 0.24533842504024506,
            "Y": 0.510767936706543
          },
          {
            "X": 0.2775703966617584,
            "Y": 0.5108033418655396
          },
          {
            "X": 0.2777078151702881,
            "Y": 0.5287421941757202
          },
          {
            "X": 0.24547410011291504,
            "Y": 0.5287069082260132
          }
        ]
      },
      "Id": "c8a752b7-4bc6-4b2c-b279-6fa8076cedca",
      "Page": 1
    },
    {
      "BlockType": "WORD",
      "Confidence": 95.77117919921875,
      "Text": "(5",
      "TextType": "PRINTED",
      "Geometry": {
        "BoundingBox": {
          "Width": 0.013527818955481052,
          "Height": 0.02238251455128193,
          "Left": 0.28116145730018616,
          "Top": 0.5103850960731506
        },
        "Polygon": [
          {
            "X": 0.28116145730018616,
            "Y": 0.5103850960731506
          },
          {
            "X": 0.29451674222946167,
            "Y": 0.5103997588157654
          },
          {
            "X": 0.29468926787376404,
            "Y": 0.5327675938606262
          },
          {
            "X": 0.2813330590724945,
            "Y": 0.5327529907226562
          }
        ]
      },
      "Id": "058c62d8-2642-4b4b-96d0-c7cf87612181",
      "Page": 1
    },
    {
      "BlockType": "WORD",
      "Confidence": 99.1607894897461,
      "Text": "wt.%)/epoxy",
      "TextType": "PRINTED",
      "Geometry": {
        "BoundingBox": {
          "Width": 0.08295262604951859,
          "Height": 0.02364448644220829,
          "Left": 0.2941690981388092,
          "Top": 0.5102899670600891
        },
        "Polygon": [
          {
            "X": 0.2941690981388092,
            "Y": 0.5102899670600891
          },
          {
            "X": 0.37693411111831665,
            "Y": 0.5103808045387268
          },
          {
            "X": 0.3771217167377472,
            "Y": 0.5339344143867493
          },
          {
            "X": 0.2943507432937622,
            "Y": 0.5338438749313354
          }
        ]
      },
      "Id": "6531cbc3-5509-4d09-addf-9686c6f8338a",
      "Page": 1
    },
    {
      "BlockType": "WORD",
      "Confidence": 99.95521545410156,
      "Text": "439",
      "TextType": "PRINTED",
      "Geometry": {
        "BoundingBox": {
          "Width": 0.024661269038915634,
          "Height": 0.017943207174539566,
          "Left": 0.5486397743225098,
          "Top": 0.5109243988990784
        },
        "Polygon": [
          {
            "X": 0.5486397743225098,
            "Y": 0.5109243988990784
          },
          {
            "X": 0.5731475949287415,
            "Y": 0.5109513401985168
          },
          {
            "X": 0.5733010768890381,
            "Y": 0.5288676023483276
          },
          {
            "X": 0.5487918853759766,
            "Y": 0.5288407802581787
          }
        ]
      },
      "Id": "73f351b0-d6f4-4ba0-a00c-3b6a7367eb86",
      "Page": 1
    },
    {
      "BlockType": "WORD",
      "Confidence": 99.92253112792969,
      "Text": "202",
      "TextType": "PRINTED",
      "Geometry": {
        "BoundingBox": {
          "Width": 0.024048535153269768,
          "Height": 0.018018774688243866,
          "Left": 0.7244613170623779,
          "Top": 0.5107547044754028
        },
        "Polygon": [
          {
            "X": 0.7244613170623779,
            "Y": 0.5107547044754028
          },
          {
            "X": 0.7483461499214172,
            "Y": 0.510780930519104
          },
          {
            "X": 0.7485098838806152,
            "Y": 0.5287734866142273
          },
          {
            "X": 0.7246237397193909,
            "Y": 0.5287473201751709
          }
        ]
      },
      "Id": "ec72dceb-646f-48f9-9166-b6c1cba2e7c1",
      "Page": 1
    },
    {
      "BlockType": "WORD",
      "Confidence": 99.91475677490234,
      "Text": "Silanized",
      "TextType": "PRINTED",
      "Geometry": {
        "BoundingBox": {
          "Width": 0.058812275528907776,
          "Height": 0.01883368194103241,
          "Left": 0.24521668255329132,
          "Top": 0.5393649339675903
        },
        "Polygon": [
          {
            "X": 0.24521668255329132,
            "Y": 0.5393649339675903
          },
          {
            "X": 0.3038836717605591,
            "Y": 0.5394290685653687
          },
          {
            "X": 0.3040289580821991,
            "Y": 0.5581986308097839
          },
          {
            "X": 0.24535861611366272,
            "Y": 0.5581346750259399
          }
        ]
      },
      "Id": "6a014cab-d5f3-498f-8a53-79c68199cdf4",
      "Page": 1
    },
    {
      "BlockType": "WORD",
      "Confidence": 99.52069091796875,
      "Text": "CNFs",
      "TextType": "PRINTED",
      "Geometry": {
        "BoundingBox": {
          "Width": 0.03234436362981796,
          "Height": 0.01822957955300808,
          "Left": 0.30828139185905457,
          "Top": 0.5401359796524048
        },
        "Polygon": [
          {
            "X": 0.30828139185905457,
            "Y": 0.5401359796524048
          },
          {
            "X": 0.3404828906059265,
            "Y": 0.5401711463928223
          },
          {
            "X": 0.3406257629394531,
            "Y": 0.558365523815155
          },
          {
            "X": 0.3084224760532379,
            "Y": 0.5583304166793823
          }
        ]
      },
      "Id": "f9bd32e5-eaad-4b48-9037-4b17ba4a74e5",
      "Page": 1
    },
    {
      "BlockType": "WORD",
      "Confidence": 99.11278533935547,
      "Text": "(1",
      "TextType": "PRINTED",
      "Geometry": {
        "BoundingBox": {
          "Width": 0.012025478295981884,
          "Height": 0.023359794169664383,
          "Left": 0.3439752757549286,
          "Top": 0.5390768647193909
        },
        "Polygon": [
          {
            "X": 0.3439752757549286,
            "Y": 0.5390768647193909
          },
          {
            "X": 0.3558163046836853,
            "Y": 0.5390898585319519
          },
          {
            "X": 0.35600075125694275,
            "Y": 0.5624366998672485
          },
          {
            "X": 0.3441588580608368,
            "Y": 0.5624237656593323
          }
        ]
      },
      "Id": "81a916e5-bda7-420f-b941-d7658a3621ac",
      "Page": 1
    },
    {
      "BlockType": "WORD",
      "Confidence": 99.38735961914062,
      "Text": "wt.%)/epoxy",
      "TextType": "PRINTED",
      "Geometry": {
        "BoundingBox": {
          "Width": 0.08003459125757217,
          "Height": 0.023686891421675682,
          "Left": 0.3598514795303345,
          "Top": 0.5393859148025513
        },
        "Polygon": [
          {
            "X": 0.3598514795303345,
            "Y": 0.5393859148025513
          },
          {
            "X": 0.4396935999393463,
            "Y": 0.5394731760025024
          },
          {
            "X": 0.43988609313964844,
            "Y": 0.5630728006362915
          },
          {
            "X": 0.36003822088241577,
            "Y": 0.5629857778549194
          }
        ]
      },
      "Id": "40d23150-7799-4bf7-8f00-3efdff9214d5",
      "Page": 1
    },
    {
      "BlockType": "WORD",
      "Confidence": 99.78532409667969,
      "Text": "492",
      "TextType": "PRINTED",
      "Geometry": {
        "BoundingBox": {
          "Width": 0.024246543645858765,
          "Height": 0.018165264278650284,
          "Left": 0.5487415790557861,
          "Top": 0.5400784015655518
        },
        "Polygon": [
          {
            "X": 0.5487415790557861,
            "Y": 0.5400784015655518
          },
          {
            "X": 0.5728327631950378,
            "Y": 0.5401047468185425
          },
          {
            "X": 0.5729880928993225,
            "Y": 0.5582436919212341
          },
          {
            "X": 0.548895537853241,
            "Y": 0.5582174062728882
          }
        ]
      },
      "Id": "068a3fba-e758-4e54-b140-a3c31ae9f127",
      "Page": 1
    },
    {
      "BlockType": "WORD",
      "Confidence": 99.9459228515625,
      "Text": "196",
      "TextType": "PRINTED",
      "Geometry": {
        "BoundingBox": {
          "Width": 0.023527860641479492,
          "Height": 0.01803789660334587,
          "Left": 0.7252568006515503,
          "Top": 0.5400930047035217
        },
        "Polygon": [
          {
            "X": 0.7252568006515503,
            "Y": 0.5400930047035217
          },
          {
            "X": 0.7486207485198975,
            "Y": 0.5401185154914856
          },
          {
            "X": 0.7487846612930298,
            "Y": 0.5581309199333191
          },
          {
            "X": 0.7254194617271423,
            "Y": 0.5581054091453552
          }
        ]
      },
      "Id": "18e261ab-0c22-499b-8418-74e647fd6de6",
      "Page": 1
    },
    {
      "BlockType": "WORD",
      "Confidence": 99.91172790527344,
      "Text": "Silanized",
      "TextType": "PRINTED",
      "Geometry": {
        "BoundingBox": {
          "Width": 0.058992646634578705,
          "Height": 0.019212372601032257,
          "Left": 0.24503293633460999,
          "Top": 0.5685434341430664
        },
        "Polygon": [
          {
            "X": 0.24503293633460999,
            "Y": 0.5685434341430664
          },
          {
            "X": 0.3038773834705353,
            "Y": 0.5686075091362
          },
          {
            "X": 0.3040255904197693,
            "Y": 0.5877557992935181
          },
          {
            "X": 0.2451777160167694,
            "Y": 0.5876919031143188
          }
        ]
      },
      "Id": "9935b662-811f-42c1-8900-39d836fcdd24",
      "Page": 1
    },
    {
      "BlockType": "WORD",
      "Confidence": 99.17474365234375,
      "Text": "CNFs",
      "TextType": "PRINTED",
      "Geometry": {
        "BoundingBox": {
          "Width": 0.03230590000748634,
          "Height": 0.018322385847568512,
          "Left": 0.30828428268432617,
          "Top": 0.5693917274475098
        },
        "Polygon": [
          {
            "X": 0.30828428268432617,
            "Y": 0.5693917274475098
          },
          {
            "X": 0.3404465913772583,
            "Y": 0.5694267153739929
          },
          {
            "X": 0.3405902087688446,
            "Y": 0.5877141356468201
          },
          {
            "X": 0.3084260821342468,
            "Y": 0.5876792073249817
          }
        ]
      },
      "Id": "0ac03f78-a1b9-470c-98ae-fdee5985b0d1",
      "Page": 1
    },
    {
      "BlockType": "WORD",
      "Confidence": 99.50821685791016,
      "Text": "(3",
      "TextType": "PRINTED",
      "Geometry": {
        "BoundingBox": {
          "Width": 0.012974306009709835,
          "Height": 0.022941600531339645,
          "Left": 0.34412550926208496,
          "Top": 0.5687066316604614
        },
        "Polygon": [
          {
            "X": 0.34412550926208496,
            "Y": 0.5687066316604614
          },
          {
            "X": 0.3569186329841614,
            "Y": 0.5687205791473389
          },
          {
            "X": 0.3570998013019562,
            "Y": 0.591648280620575
          },
          {
            "X": 0.34430578351020813,
            "Y": 0.5916343927383423
          }
        ]
      },
      "Id": "02893dce-5fbd-4ce1-bfad-3998652bedbe",
      "Page": 1
    },
    {
      "BlockType": "WORD",
      "Confidence": 99.45289611816406,
      "Text": "wt.%)/epoxy",
      "TextType": "PRINTED",
      "Geometry": {
        "BoundingBox": {
          "Width": 0.08042529970407486,
          "Height": 0.02402721717953682,
          "Left": 0.35984790325164795,
          "Top": 0.5685049891471863
        },
        "Polygon": [
          {
            "X": 0.35984790325164795,
            "Y": 0.5685049891471863
          },
          {
            "X": 0.4400779604911804,
            "Y": 0.568592369556427
          },
          {
            "X": 0.4402732253074646,
            "Y": 0.592532217502594
          },
          {
            "X": 0.36003732681274414,
            "Y": 0.5924451351165771
          }
        ]
      },
      "Id": "c6c72208-3dc2-4cad-994e-021dd17baa85",
      "Page": 1
    },
    {
      "BlockType": "WORD",
      "Confidence": 99.97390747070312,
      "Text": "464",
      "TextType": "PRINTED",
      "Geometry": {
        "BoundingBox": {
          "Width": 0.024700498208403587,
          "Height": 0.018234701827168465,
          "Left": 0.5486916303634644,
          "Top": 0.5694507956504822
        },
        "Polygon": [
          {
            "X": 0.5486916303634644,
            "Y": 0.5694507956504822
          },
          {
            "X": 0.5732362270355225,
            "Y": 0.5694774985313416
          },
          {
            "X": 0.5733921527862549,
            "Y": 0.5876855254173279
          },
          {
            "X": 0.5488461852073669,
            "Y": 0.5876588821411133
          }
        ]
      },
      "Id": "95e33cd4-5273-42dc-b407-7ef96fb3edb8",
      "Page": 1
    },
    {
      "BlockType": "WORD",
      "Confidence": 99.93092346191406,
      "Text": "201",
      "TextType": "PRINTED",
      "Geometry": {
        "BoundingBox": {
          "Width": 0.023002464324235916,
          "Height": 0.01821090281009674,
          "Left": 0.7242184281349182,
          "Top": 0.5694396495819092
        },
        "Polygon": [
          {
            "X": 0.7242184281349182,
            "Y": 0.5694396495819092
          },
          {
            "X": 0.7470554709434509,
            "Y": 0.5694645047187805
          },
          {
            "X": 0.7472208738327026,
            "Y": 0.5876505374908447
          },
          {
            "X": 0.7243825793266296,
            "Y": 0.5876257419586182
          }
        ]
      },
      "Id": "2f7476ac-a305-45ee-9c4b-a522cc189f06",
      "Page": 1
    },
    {
      "BlockType": "WORD",
      "Confidence": 99.90428924560547,
      "Text": "Silanized",
      "TextType": "PRINTED",
      "Geometry": {
        "BoundingBox": {
          "Width": 0.058699194341897964,
          "Height": 0.018662968650460243,
          "Left": 0.2451663613319397,
          "Top": 0.5981541275978088
        },
        "Polygon": [
          {
            "X": 0.2451663613319397,
            "Y": 0.5981541275978088
          },
          {
            "X": 0.3037216067314148,
            "Y": 0.5982176065444946
          },
          {
            "X": 0.30386555194854736,
            "Y": 0.6168171167373657
          },
          {
            "X": 0.24530696868896484,
            "Y": 0.6167537569999695
          }
        ]
      },
      "Id": "2303c1e8-3acb-4708-852e-57ce53215356",
      "Page": 1
    },
    {
      "BlockType": "WORD",
      "Confidence": 99.50615692138672,
      "Text": "CNFs",
      "TextType": "PRINTED",
      "Geometry": {
        "BoundingBox": {
          "Width": 0.03218798711895943,
          "Height": 0.018101736903190613,
          "Left": 0.30831247568130493,
          "Top": 0.5989271402359009
        },
        "Polygon": [
          {
            "X": 0.30831247568130493,
            "Y": 0.5989271402359009
          },
          {
            "X": 0.3403586149215698,
            "Y": 0.5989618897438049
          },
          {
            "X": 0.34050044417381287,
            "Y": 0.6170288920402527
          },
          {
            "X": 0.3084525465965271,
            "Y": 0.6169942021369934
          }
        ]
      },
      "Id": "de18e7a4-0533-4951-9273-9a19ea899fe4",
      "Page": 1
    },
    {
      "BlockType": "WORD",
      "Confidence": 98.85055541992188,
      "Text": "(5",
      "TextType": "PRINTED",
      "Geometry": {
        "BoundingBox": {
          "Width": 0.012900281697511673,
          "Height": 0.022904803976416588,
          "Left": 0.3442072570323944,
          "Top": 0.59818434715271
        },
        "Polygon": [
          {
            "X": 0.3442072570323944,
            "Y": 0.59818434715271
          },
          {
            "X": 0.35692667961120605,
            "Y": 0.5981981754302979
          },
          {
            "X": 0.357107549905777,
            "Y": 0.6210891604423523
          },
          {
            "X": 0.3443872630596161,
            "Y": 0.621075451374054
          }
        ]
      },
      "Id": "9b6d0202-b9ff-4ea3-bab7-bb01a5bdbc2a",
      "Page": 1
    },
    {
      "BlockType": "WORD",
      "Confidence": 97.63362884521484,
      "Text": "wt.%)/epoxy",
      "TextType": "PRINTED",
      "Geometry": {
        "BoundingBox": {
          "Width": 0.07788136601448059,
          "Height": 0.023359529674053192,
          "Left": 0.36055800318717957,
          "Top": 0.5983423590660095
        },
        "Polygon": [
          {
            "X": 0.36055800318717957,
            "Y": 0.5983423590660095
          },
          {
            "X": 0.4382496774196625,
            "Y": 0.5984265804290771
          },
          {
            "X": 0.43843936920166016,
            "Y": 0.6217018961906433
          },
          {
            "X": 0.3607421815395355,
            "Y": 0.6216179132461548
          }
        ]
      },
      "Id": "ec3a660a-9da2-43d8-9df5-6472b818c1eb",
      "Page": 1
    },
    {
      "BlockType": "WORD",
      "Confidence": 99.96135711669922,
      "Text": "452",
      "TextType": "PRINTED",
      "Geometry": {
        "BoundingBox": {
          "Width": 0.024467971175909042,
          "Height": 0.01796046830713749,
          "Left": 0.548677921295166,
          "Top": 0.5989686250686646
        },
        "Polygon": [
          {
            "X": 0.548677921295166,
            "Y": 0.5989686250686646
          },
          {
            "X": 0.5729923248291016,
            "Y": 0.5989949703216553
          },
          {
            "X": 0.5731459259986877,
            "Y": 0.6169290542602539
          },
          {
            "X": 0.5488301515579224,
            "Y": 0.616902768611908
          }
        ]
      },
      "Id": "dd68660a-c445-4c95-bc43-9866b07237ec",
      "Page": 1
    },
    {
      "BlockType": "WORD",
      "Confidence": 99.88227081298828,
      "Text": "203",
      "TextType": "PRINTED",
      "Geometry": {
        "BoundingBox": {
          "Width": 0.024060053750872612,
          "Height": 0.018415695056319237,
          "Left": 0.7241616249084473,
          "Top": 0.598433792591095
        },
        "Polygon": [
          {
            "X": 0.7241616249084473,
            "Y": 0.598433792591095
          },
          {
            "X": 0.7480543851852417,
            "Y": 0.5984597206115723
          },
          {
            "X": 0.7482216954231262,
            "Y": 0.6168494820594788
          },
          {
            "X": 0.7243276238441467,
            "Y": 0.616823673248291
          }
        ]
      },
      "Id": "07fba9f7-9259-44c4-b30f-98a8dc73555e",
      "Page": 1
    },
    {
      "BlockType": "TABLE",
      "Confidence": 99.853515625,
      "Geometry": {
        "BoundingBox": {
          "Width": 0.5397895574569702,
          "Height": 0.2648811340332031,
          "Left": 0.23104512691497803,
          "Top": 0.36594048142433167
        },
        "Polygon": [
          {
            "X": 0.23104512691497803,
            "Y": 0.36594048142433167
          },
          {
            "X": 0.7684123516082764,
            "Y": 0.3665425777435303
          },
          {
            "X": 0.7708346843719482,
            "Y": 0.6308216452598572
          },
          {
            "X": 0.23303326964378357,
            "Y": 0.6302412152290344
          }
        ]
      },
      "Id": "3880c369-aec8-4fa9-b6c6-3cab53dee73c",
      "Relationships": [
        {
          "Type": "CHILD",
          "Ids": [
            "e8709ade-b146-4c8a-9924-6f95a03a8e39",
            "78143cf1-a3c6-4466-ae6c-130ab145eb5f",
            "09dd252a-823b-4378-b9de-982daa167ec9",
            "d9b714ce-7f33-4b13-9968-48a12efbac04",
            "9d36340b-0b08-40ba-b25e-07d7b16da860",
            "dff95d30-512e-4310-be13-37f6e99faf59",
            "be966674-10be-4170-a0aa-556e9eac1cab",
            "f252d5cc-aae2-48d6-9cb2-729b864b1b92",
            "d4dd6b55-f254-4b30-888b-1303d7d1e1f8",
            "dba36883-752c-4949-9bd7-f1d45c3e5213",
            "6fe2b0b8-0213-4089-9bef-f573750bfb74",
            "908039fc-fca8-4e4f-8404-c1ae7b46ab4f",
            "5967222c-cc89-4eac-8b0a-d4c16e0d7679",
            "ba318208-f8e0-46bd-84b3-e440fded568f",
            "54a68685-4e82-4bde-abe1-74f46f71ce45",
            "28735d06-9153-47a8-af82-160b3d864e91",
            "44ab6d28-20ad-4b74-8fed-ca5a361e65e4",
            "edc809ea-2a50-460c-8b3f-a556bdb7c8ee",
            "1d3a52f6-4371-4a7c-81b4-fee3ca2804e1",
            "a43fafa2-fdfb-4229-8010-6f3fbc18dfa6",
            "0afad015-8bed-4fe8-a17b-c1695b2b7233",
            "3cd96ad9-33eb-4004-bf72-ef733777af57",
            "cb0d8668-333f-4e0e-a169-0086ee091ff3",
            "7338488a-085d-4598-9d1d-df400e198b3c"
          ]
        }
      ],
      "EntityTypes": [
        "STRUCTURED_TABLE"
      ],
      "Page": 1
    },
    {
      "BlockType": "CELL",
      "Confidence": 95.361328125,
      "RowIndex": 1,
      "ColumnIndex": 1,
      "RowSpan": 1,
      "ColumnSpan": 1,
      "Geometry": {
        "BoundingBox": {
          "Width": 0.26495298743247986,
          "Height": 0.04424034431576729,
          "Left": 0.23104512691497803,
          "Top": 0.36594048142433167
        },
        "Polygon": [
          {
            "X": 0.23104512691497803,
            "Y": 0.36594048142433167
          },
          {
            "X": 0.49563199281692505,
            "Y": 0.36623695492744446
          },
          {
            "X": 0.4959981143474579,
            "Y": 0.41018083691596985
          },
          {
            "X": 0.23137569427490234,
            "Y": 0.4098861515522003
          }
        ]
      },
      "Id": "e8709ade-b146-4c8a-9924-6f95a03a8e39",
      "Relationships": [
        {
          "Type": "CHILD",
          "Ids": [
            "b73ed49e-3320-469b-bd0a-22bc75bc880d"
          ]
        }
      ],
      "EntityTypes": [
        "COLUMN_HEADER"
      ],
      "Page": 1
    },
    {
      "BlockType": "CELL",
      "Confidence": 94.091796875,
      "RowIndex": 1,
      "ColumnIndex": 2,
      "RowSpan": 1,
      "ColumnSpan": 1,
      "Geometry": {
        "BoundingBox": {
          "Width": 0.1756342500448227,
          "Height": 0.044139064848423004,
          "Left": 0.49563199281692505,
          "Top": 0.36623695492744446
        },
        "Polygon": [
          {
            "X": 0.49563199281692505,
            "Y": 0.36623695492744446
          },
          {
            "X": 0.6708765625953674,
            "Y": 0.3664332926273346
          },
          {
            "X": 0.6712662577629089,
            "Y": 0.41037601232528687
          },
          {
            "X": 0.4959981143474579,
            "Y": 0.41018083691596985
          }
        ]
      },
      "Id": "78143cf1-a3c6-4466-ae6c-130ab145eb5f",
      "Relationships": [
        {
          "Type": "CHILD",
          "Ids": [
            "da73bf8d-0996-413a-bf1c-ede0f3d2e068"
          ]
        }
      ],
      "EntityTypes": [
        "COLUMN_HEADER"
      ],
      "Page": 1
    },
    {
      "BlockType": "CELL",
      "Confidence": 86.865234375,
      "RowIndex": 1,
      "ColumnIndex": 3,
      "RowSpan": 1,
      "ColumnSpan": 1,
      "Geometry": {
        "BoundingBox": {
          "Width": 0.09793853014707565,
          "Height": 0.04405134171247482,
          "Left": 0.6708765625953674,
          "Top": 0.3664332926273346
        },
        "Polygon": [
          {
            "X": 0.6708765625953674,
            "Y": 0.3664332926273346
          },
          {
            "X": 0.7684123516082764,
            "Y": 0.3665425777435303
          },
          {
            "X": 0.7688151001930237,
            "Y": 0.41048464179039
          },
          {
            "X": 0.6712662577629089,
            "Y": 0.41037601232528687
          }
        ]
      },
      "Id": "09dd252a-823b-4378-b9de-982daa167ec9",
      "Relationships": [
        {
          "Type": "CHILD",
          "Ids": [
            "7763480b-5695-4187-b842-52f0f168fca8",
            "5fbb6e34-2757-4d0d-a60a-c2e2203d8873"
          ]
        }
      ],
      "EntityTypes": [
        "COLUMN_HEADER"
      ],
      "Page": 1
    },
    {
      "BlockType": "CELL",
      "Confidence": 90.869140625,
      "RowIndex": 2,
      "ColumnIndex": 1,
      "RowSpan": 1,
      "ColumnSpan": 1,
      "Geometry": {
        "BoundingBox": {
          "Width": 0.26494094729423523,
          "Height": 0.03852725028991699,
          "Left": 0.23137569427490234,
          "Top": 0.4098861515522003
        },
        "Polygon": [
          {
            "X": 0.23137569427490234,
            "Y": 0.4098861515522003
          },
          {
            "X": 0.4959981143474579,
            "Y": 0.41018083691596985
          },
          {
            "X": 0.4963166415691376,
            "Y": 0.4484134018421173
          },
          {
            "X": 0.2316633015871048,
            "Y": 0.44812026619911194
          }
        ]
      },
      "Id": "d9b714ce-7f33-4b13-9968-48a12efbac04",
      "Relationships": [
        {
          "Type": "CHILD",
          "Ids": [
            "b18c38d1-e0e3-4510-958f-105943855954",
            "e90a59b0-f0a5-44e7-b67e-d7f397d44af2"
          ]
        }
      ],
      "Page": 1
    },
    {
      "BlockType": "CELL",
      "Confidence": 89.6484375,
      "RowIndex": 2,
      "ColumnIndex": 2,
      "RowSpan": 1,
      "ColumnSpan": 1,
      "Geometry": {
        "BoundingBox": {
          "Width": 0.17560714483261108,
          "Height": 0.038426723331213,
          "Left": 0.4959981143474579,
          "Top": 0.41018083691596985
        },
        "Polygon": [
          {
            "X": 0.4959981143474579,
            "Y": 0.41018083691596985
          },
          {
            "X": 0.6712662577629089,
            "Y": 0.41037601232528687
          },
          {
            "X": 0.6716052293777466,
            "Y": 0.44860756397247314
          },
          {
            "X": 0.4963166415691376,
            "Y": 0.4484134018421173
          }
        ]
      },
      "Id": "9d36340b-0b08-40ba-b25e-07d7b16da860",
      "Relationships": [
        {
          "Type": "CHILD",
          "Ids": [
            "7398b690-d937-4545-8ccf-ba15160ed643"
          ]
        }
      ],
      "Page": 1
    },
    {
      "BlockType": "CELL",
      "Confidence": 82.8125,
      "RowIndex": 2,
      "ColumnIndex": 3,
      "RowSpan": 1,
      "ColumnSpan": 1,
      "Geometry": {
        "BoundingBox": {
          "Width": 0.09789928793907166,
          "Height": 0.038339607417583466,
          "Left": 0.6712662577629089,
          "Top": 0.41037601232528687
        },
        "Polygon": [
          {
            "X": 0.6712662577629089,
            "Y": 0.41037601232528687
          },
          {
            "X": 0.7688151001930237,
            "Y": 0.41048464179039
          },
          {
            "X": 0.7691655158996582,
            "Y": 0.4487156271934509
          },
          {
            "X": 0.6716052293777466,
            "Y": 0.44860756397247314
          }
        ]
      },
      "Id": "dff95d30-512e-4310-be13-37f6e99faf59",
      "Relationships": [
        {
          "Type": "CHILD",
          "Ids": [
            "aa8b4e8c-ab2a-4e9f-8015-8accd069fa95"
          ]
        }
      ],
      "Page": 1
    },
    {
      "BlockType": "CELL",
      "Confidence": 89.794921875,
      "RowIndex": 3,
      "ColumnIndex": 1,
      "RowSpan": 1,
      "ColumnSpan": 1,
      "Geometry": {
        "BoundingBox": {
          "Width": 0.2648897171020508,
          "Height": 0.02866501547396183,
          "Left": 0.2316633015871048,
          "Top": 0.44812026619911194
        },
        "Polygon": [
          {
            "X": 0.2316633015871048,
            "Y": 0.44812026619911194
          },
          {
            "X": 0.4963166415691376,
            "Y": 0.4484134018421173
          },
          {
            "X": 0.4965530335903168,
            "Y": 0.476785272359848
          },
          {
            "X": 0.23187673091888428,
            "Y": 0.47649329900741577
          }
        ]
      },
      "Id": "be966674-10be-4170-a0aa-556e9eac1cab",
      "Relationships": [
        {
          "Type": "CHILD",
          "Ids": [
            "2faa3cac-003d-4e1c-a004-c63167f79b11",
            "185bf65a-6cb7-4fcd-b574-6a304a1d08f5",
            "c30500e9-b9c0-41a5-8b12-61ffebe3da02"
          ]
        }
      ],
      "Page": 1
    },
    {
      "BlockType": "CELL",
      "Confidence": 88.57421875,
      "RowIndex": 3,
      "ColumnIndex": 2,
      "RowSpan": 1,
      "ColumnSpan": 1,
      "Geometry": {
        "BoundingBox": {
          "Width": 0.17554019391536713,
          "Height": 0.02856527455151081,
          "Left": 0.4963166415691376,
          "Top": 0.4484134018421173
        },
        "Polygon": [
          {
            "X": 0.4963166415691376,
            "Y": 0.4484134018421173
          },
          {
            "X": 0.6716052293777466,
            "Y": 0.44860756397247314
          },
          {
            "X": 0.6718568205833435,
            "Y": 0.47697868943214417
          },
          {
            "X": 0.4965530335903168,
            "Y": 0.476785272359848
          }
        ]
      },
      "Id": "f252d5cc-aae2-48d6-9cb2-729b864b1b92",
      "Relationships": [
        {
          "Type": "CHILD",
          "Ids": [
            "c4e985f4-c143-4ec3-91d5-7b399346338f"
          ]
        }
      ],
      "Page": 1
    },
    {
      "BlockType": "CELL",
      "Confidence": 81.787109375,
      "RowIndex": 3,
      "ColumnIndex": 3,
      "RowSpan": 1,
      "ColumnSpan": 1,
      "Geometry": {
        "BoundingBox": {
          "Width": 0.09782031178474426,
          "Height": 0.028478756546974182,
          "Left": 0.6716052293777466,
          "Top": 0.44860756397247314
        },
        "Polygon": [
          {
            "X": 0.6716052293777466,
            "Y": 0.44860756397247314
          },
          {
            "X": 0.7691655158996582,
            "Y": 0.4487156271934509
          },
          {
            "X": 0.7694255709648132,
            "Y": 0.47708630561828613
          },
          {
            "X": 0.6718568205833435,
            "Y": 0.47697868943214417
          }
        ]
      },
      "Id": "d4dd6b55-f254-4b30-888b-1303d7d1e1f8",
      "Relationships": [
        {
          "Type": "CHILD",
          "Ids": [
            "fdac9764-c2ca-45db-bdf5-328c55a02bab"
          ]
        }
      ],
      "Page": 1
    },
    {
      "BlockType": "CELL",
      "Confidence": 91.30859375,
      "RowIndex": 4,
      "ColumnIndex": 1,
      "RowSpan": 1,
      "ColumnSpan": 1,
      "Geometry": {
        "BoundingBox": {
          "Width": 0.26492300629615784,
          "Height": 0.029902677983045578,
          "Left": 0.23187673091888428,
          "Top": 0.47649329900741577
        },
        "Polygon": [
          {
            "X": 0.23187673091888428,
            "Y": 0.47649329900741577
          },
          {
            "X": 0.4965530335903168,
            "Y": 0.476785272359848
          },
          {
            "X": 0.4967997372150421,
            "Y": 0.5063959956169128
          },
          {
            "X": 0.2320994883775711,
            "Y": 0.5061051845550537
          }
        ]
      },
      "Id": "dba36883-752c-4949-9bd7-f1d45c3e5213",
      "Relationships": [
        {
          "Type": "CHILD",
          "Ids": [
            "349fe992-7eec-4dbc-b157-100611708d0b",
            "59f7d5a6-7245-4e12-becd-4c1c43c211e7",
            "23165d96-94d6-4b11-947e-4ea8bcd1a9e2"
          ]
        }
      ],
      "Page": 1
    },
    {
      "BlockType": "CELL",
      "Confidence": 90.087890625,
      "RowIndex": 4,
      "ColumnIndex": 2,
      "RowSpan": 1,
      "ColumnSpan": 1,
      "Geometry": {
        "BoundingBox": {
          "Width": 0.1755663901567459,
          "Height": 0.029803290963172913,
          "Left": 0.4965530335903168,
          "Top": 0.476785272359848
        },
        "Polygon": [
          {
            "X": 0.4965530335903168,
            "Y": 0.476785272359848
          },
          {
            "X": 0.6718568205833435,
            "Y": 0.47697868943214417
          },
          {
            "X": 0.6721193790435791,
            "Y": 0.5065885782241821
          },
          {
            "X": 0.4967997372150421,
            "Y": 0.5063959956169128
          }
        ]
      },
      "Id": "6fe2b0b8-0213-4089-9bef-f573750bfb74",
      "Relationships": [
        {
          "Type": "CHILD",
          "Ids": [
            "9cc5f8b6-53aa-40dc-b695-fa4cc3ac9444"
          ]
        }
      ],
      "Page": 1
    },
    {
      "BlockType": "CELL",
      "Confidence": 83.203125,
      "RowIndex": 4,
      "ColumnIndex": 3,
      "RowSpan": 1,
      "ColumnSpan": 1,
      "Geometry": {
        "BoundingBox": {
          "Width": 0.09784012287855148,
          "Height": 0.029717091470956802,
          "Left": 0.6718568205833435,
          "Top": 0.47697868943214417
        },
        "Polygon": [
          {
            "X": 0.6718568205833435,
            "Y": 0.47697868943214417
          },
          {
            "X": 0.7694255709648132,
            "Y": 0.47708630561828613
          },
          {
            "X": 0.7696969509124756,
            "Y": 0.5066957473754883
          },
          {
            "X": 0.6721193790435791,
            "Y": 0.5065885782241821
          }
        ]
      },
      "Id": "908039fc-fca8-4e4f-8404-c1ae7b46ab4f",
      "Relationships": [
        {
          "Type": "CHILD",
          "Ids": [
            "f620fbcb-d22e-4bd0-9c1d-a1f9ed5dac9b"
          ]
        }
      ],
      "Page": 1
    },
    {
      "BlockType": "CELL",
      "Confidence": 91.845703125,
      "RowIndex": 5,
      "ColumnIndex": 1,
      "RowSpan": 1,
      "ColumnSpan": 1,
      "Geometry": {
        "BoundingBox": {
          "Width": 0.26494699716567993,
          "Height": 0.029906844720244408,
          "Left": 0.2320994883775711,
          "Top": 0.5061051845550537
        },
        "Polygon": [
          {
            "X": 0.2320994883775711,
            "Y": 0.5061051845550537
          },
          {
            "X": 0.4967997372150421,
            "Y": 0.5063959956169128
          },
          {
            "X": 0.49704647064208984,
            "Y": 0.5360119938850403
          },
          {
            "X": 0.23232227563858032,
            "Y": 0.5357224345207214
          }
        ]
      },
      "Id": "5967222c-cc89-4eac-8b0a-d4c16e0d7679",
      "Relationships": [
        {
          "Type": "CHILD",
          "Ids": [
            "c8a752b7-4bc6-4b2c-b279-6fa8076cedca",
            "058c62d8-2642-4b4b-96d0-c7cf87612181",
            "6531cbc3-5509-4d09-addf-9686c6f8338a"
          ]
        }
      ],
      "Page": 1
    },
    {
      "BlockType": "CELL",
      "Confidence": 90.625,
      "RowIndex": 5,
      "ColumnIndex": 2,
      "RowSpan": 1,
      "ColumnSpan": 1,
      "Geometry": {
        "BoundingBox": {
          "Width": 0.17558228969573975,
          "Height": 0.029807860031723976,
          "Left": 0.4967997372150421,
          "Top": 0.5063959956169128
        },
        "Polygon": [
          {
            "X": 0.4967997372150421,
            "Y": 0.5063959956169128
          },
          {
            "X": 0.6721193790435791,
            "Y": 0.5065885782241821
          },
          {
            "X": 0.6723819971084595,
            "Y": 0.5362038612365723
          },
          {
            "X": 0.49704647064208984,
            "Y": 0.5360119938850403
          }
        ]
      },
      "Id": "ba318208-f8e0-46bd-84b3-e440fded568f",
      "Relationships": [
        {
          "Type": "CHILD",
          "Ids": [
            "73f351b0-d6f4-4ba0-a00c-3b6a7367eb86"
          ]
        }
      ],
      "Page": 1
    },
    {
      "BlockType": "CELL",
      "Confidence": 83.642578125,
      "RowIndex": 5,
      "ColumnIndex": 3,
      "RowSpan": 1,
      "ColumnSpan": 1,
      "Geometry": {
        "BoundingBox": {
          "Width": 0.09784900397062302,
          "Height": 0.02972201257944107,
          "Left": 0.6721193790435791,
          "Top": 0.5065885782241821
        },
        "Polygon": [
          {
            "X": 0.6721193790435791,
            "Y": 0.5065885782241821
          },
          {
            "X": 0.7696969509124756,
            "Y": 0.5066957473754883
          },
          {
            "X": 0.7699683904647827,
            "Y": 0.536310613155365
          },
          {
            "X": 0.6723819971084595,
            "Y": 0.5362038612365723
          }
        ]
      },
      "Id": "54a68685-4e82-4bde-abe1-74f46f71ce45",
      "Relationships": [
        {
          "Type": "CHILD",
          "Ids": [
            "ec72dceb-646f-48f9-9166-b6c1cba2e7c1"
          ]
        }
      ],
      "Page": 1
    },
    {
      "BlockType": "CELL",
      "Confidence": 91.552734375,
      "RowIndex": 6,
      "ColumnIndex": 1,
      "RowSpan": 1,
      "ColumnSpan": 1,
      "Geometry": {
        "BoundingBox": {
          "Width": 0.26496070623397827,
          "Height": 0.028676679357886314,
          "Left": 0.23232227563858032,
          "Top": 0.5357224345207214
        },
        "Polygon": [
          {
            "X": 0.23232227563858032,
            "Y": 0.5357224345207214
          },
          {
            "X": 0.49704647064208984,
            "Y": 0.5360119938850403
          },
          {
            "X": 0.4972829818725586,
            "Y": 0.5643991231918335
          },
          {
            "X": 0.23253582417964935,
            "Y": 0.5641106367111206
          }
        ]
      },
      "Id": "28735d06-9153-47a8-af82-160b3d864e91",
      "Relationships": [
        {
          "Type": "CHILD",
          "Ids": [
            "6a014cab-d5f3-498f-8a53-79c68199cdf4",
            "f9bd32e5-eaad-4b48-9037-4b17ba4a74e5",
            "81a916e5-bda7-420f-b941-d7658a3621ac",
            "40d23150-7799-4bf7-8f00-3efdff9214d5"
          ]
        }
      ],
      "Page": 1
    },
    {
      "BlockType": "CELL",
      "Confidence": 90.33203125,
      "RowIndex": 6,
      "ColumnIndex": 2,
      "RowSpan": 1,
      "ColumnSpan": 1,
      "Geometry": {
        "BoundingBox": {
          "Width": 0.1755872666835785,
          "Height": 0.028578130528330803,
          "Left": 0.49704647064208984,
          "Top": 0.5360119938850403
        },
        "Polygon": [
          {
            "X": 0.49704647064208984,
            "Y": 0.5360119938850403
          },
          {
            "X": 0.6723819971084595,
            "Y": 0.5362038612365723
          },
          {
            "X": 0.6726337671279907,
            "Y": 0.5645901560783386
          },
          {
            "X": 0.4972829818725586,
            "Y": 0.5643991231918335
          }
        ]
      },
      "Id": "44ab6d28-20ad-4b74-8fed-ca5a361e65e4",
      "Relationships": [
        {
          "Type": "CHILD",
          "Ids": [
            "068a3fba-e758-4e54-b140-a3c31ae9f127"
          ]
        }
      ],
      "Page": 1
    },
    {
      "BlockType": "CELL",
      "Confidence": 83.3984375,
      "RowIndex": 6,
      "ColumnIndex": 3,
      "RowSpan": 1,
      "ColumnSpan": 1,
      "Geometry": {
        "BoundingBox": {
          "Width": 0.09784656763076782,
          "Height": 0.028492653742432594,
          "Left": 0.6723819971084595,
          "Top": 0.5362038612365723
        },
        "Polygon": [
          {
            "X": 0.6723819971084595,
            "Y": 0.5362038612365723
          },
          {
            "X": 0.7699683904647827,
            "Y": 0.536310613155365
          },
          {
            "X": 0.7702286243438721,
            "Y": 0.5646964907646179
          },
          {
            "X": 0.6726337671279907,
            "Y": 0.5645901560783386
          }
        ]
      },
      "Id": "edc809ea-2a50-460c-8b3f-a556bdb7c8ee",
      "Relationships": [
        {
          "Type": "CHILD",
          "Ids": [
            "18e261ab-0c22-499b-8418-74e647fd6de6"
          ]
        }
      ],
      "Page": 1
    },
    {
      "BlockType": "CELL",
      "Confidence": 88.96484375,
      "RowIndex": 7,
      "ColumnIndex": 1,
      "RowSpan": 1,
      "ColumnSpan": 1,
      "Geometry": {
        "BoundingBox": {
          "Width": 0.2649939954280853,
          "Height": 0.02991500496864319,
          "Left": 0.23253582417964935,
          "Top": 0.5641106367111206
        },
        "Polygon": [
          {
            "X": 0.23253582417964935,
            "Y": 0.5641106367111206
          },
          {
            "X": 0.4972829818725586,
            "Y": 0.5643991231918335
          },
          {
            "X": 0.4975298345088959,
            "Y": 0.5940256714820862
          },
          {
            "X": 0.23275868594646454,
            "Y": 0.5937384366989136
          }
        ]
      },
      "Id": "1d3a52f6-4371-4a7c-81b4-fee3ca2804e1",
      "Relationships": [
        {
          "Type": "CHILD",
          "Ids": [
            "9935b662-811f-42c1-8900-39d836fcdd24",
            "0ac03f78-a1b9-470c-98ae-fdee5985b0d1",
            "02893dce-5fbd-4ce1-bfad-3998652bedbe",
            "c6c72208-3dc2-4cad-994e-021dd17baa85"
          ]
        }
      ],
      "Page": 1
    },
    {
      "BlockType": "CELL",
      "Confidence": 87.79296875,
      "RowIndex": 7,
      "ColumnIndex": 2,
      "RowSpan": 1,
      "ColumnSpan": 1,
      "Geometry": {
        "BoundingBox": {
          "Width": 0.17561346292495728,
          "Height": 0.02981681190431118,
          "Left": 0.4972829818725586,
          "Top": 0.5643991231918335
        },
        "Polygon": [
          {
            "X": 0.4972829818725586,
            "Y": 0.5643991231918335
          },
          {
            "X": 0.6726337671279907,
            "Y": 0.5645901560783386
          },
          {
            "X": 0.6728964447975159,
            "Y": 0.5942159295082092
          },
          {
            "X": 0.4975298345088959,
            "Y": 0.5940256714820862
          }
        ]
      },
      "Id": "a43fafa2-fdfb-4229-8010-6f3fbc18dfa6",
      "Relationships": [
        {
          "Type": "CHILD",
          "Ids": [
            "95e33cd4-5273-42dc-b407-7ef96fb3edb8"
          ]
        }
      ],
      "Page": 1
    },
    {
      "BlockType": "CELL",
      "Confidence": 81.0546875,
      "RowIndex": 7,
      "ColumnIndex": 3,
      "RowSpan": 1,
      "ColumnSpan": 1,
      "Geometry": {
        "BoundingBox": {
          "Width": 0.09786639362573624,
          "Height": 0.02973165363073349,
          "Left": 0.6726337671279907,
          "Top": 0.5645901560783386
        },
        "Polygon": [
          {
            "X": 0.6726337671279907,
            "Y": 0.5645901560783386
          },
          {
            "X": 0.7702286243438721,
            "Y": 0.5646964907646179
          },
          {
            "X": 0.770500123500824,
            "Y": 0.5943217873573303
          },
          {
            "X": 0.6728964447975159,
            "Y": 0.5942159295082092
          }
        ]
      },
      "Id": "0afad015-8bed-4fe8-a17b-c1695b2b7233",
      "Relationships": [
        {
          "Type": "CHILD",
          "Ids": [
            "2f7476ac-a305-45ee-9c4b-a522cc189f06"
          ]
        }
      ],
      "Page": 1
    },
    {
      "BlockType": "CELL",
      "Confidence": 93.84765625,
      "RowIndex": 8,
      "ColumnIndex": 1,
      "RowSpan": 1,
      "ColumnSpan": 1,
      "Geometry": {
        "BoundingBox": {
          "Width": 0.2650752365589142,
          "Height": 0.03678860515356064,
          "Left": 0.23275868594646454,
          "Top": 0.5937384366989136
        },
        "Polygon": [
          {
            "X": 0.23275868594646454,
            "Y": 0.5937384366989136
          },
          {
            "X": 0.4975298345088959,
            "Y": 0.5940256714820862
          },
          {
            "X": 0.4978339374065399,
            "Y": 0.6305270195007324
          },
          {
            "X": 0.23303326964378357,
            "Y": 0.6302412152290344
          }
        ]
      },
      "Id": "3cd96ad9-33eb-4004-bf72-ef733777af57",
      "Relationships": [
        {
          "Type": "CHILD",
          "Ids": [
            "2303c1e8-3acb-4708-852e-57ce53215356",
            "de18e7a4-0533-4951-9273-9a19ea899fe4",
            "9b6d0202-b9ff-4ea3-bab7-bb01a5bdbc2a",
            "ec3a660a-9da2-43d8-9df5-6472b818c1eb"
          ]
        }
      ],
      "Page": 1
    },
    {
      "BlockType": "CELL",
      "Confidence": 92.578125,
      "RowIndex": 8,
      "ColumnIndex": 2,
      "RowSpan": 1,
      "ColumnSpan": 1,
      "Geometry": {
        "BoundingBox": {
          "Width": 0.17569029331207275,
          "Height": 0.03669063001871109,
          "Left": 0.4975298345088959,
          "Top": 0.5940256714820862
        },
        "Polygon": [
          {
            "X": 0.4975298345088959,
            "Y": 0.5940256714820862
          },
          {
            "X": 0.6728964447975159,
            "Y": 0.5942159295082092
          },
          {
            "X": 0.6732200980186462,
            "Y": 0.6307162642478943
          },
          {
            "X": 0.4978339374065399,
            "Y": 0.6305270195007324
          }
        ]
      },
      "Id": "cb0d8668-333f-4e0e-a169-0086ee091ff3",
      "Relationships": [
        {
          "Type": "CHILD",
          "Ids": [
            "dd68660a-c445-4c95-bc43-9866b07237ec"
          ]
        }
      ],
      "Page": 1
    },
    {
      "BlockType": "CELL",
      "Confidence": 85.498046875,
      "RowIndex": 8,
      "ColumnIndex": 3,
      "RowSpan": 1,
      "ColumnSpan": 1,
      "Geometry": {
        "BoundingBox": {
          "Width": 0.09793823957443237,
          "Height": 0.03660571947693825,
          "Left": 0.6728964447975159,
          "Top": 0.5942159295082092
        },
        "Polygon": [
          {
            "X": 0.6728964447975159,
            "Y": 0.5942159295082092
          },
          {
            "X": 0.770500123500824,
            "Y": 0.5943217873573303
          },
          {
            "X": 0.7708346843719482,
            "Y": 0.6308216452598572
          },
          {
            "X": 0.6732200980186462,
            "Y": 0.6307162642478943
          }
        ]
      },
      "Id": "7338488a-085d-4598-9d1d-df400e198b3c",
      "Relationships": [
        {
          "Type": "CHILD",
          "Ids": [
            "07fba9f7-9259-44c4-b30f-98a8dc73555e"
          ]
        }
      ],
      "Page": 1
    }
  ],
  "AnalyzeDocumentModelVersion": "1.0"
}