{
  "DocumentMetadata": {
    "Pages": 1
  },
  "JobStatus": "SUCCEEDED",
  "Blocks": [
    {
      "BlockType": "PAGE",
      "Geometry": {
        "BoundingBox": {
          "Width": 0.5400151610374451,
          "Height": 0.27172622084617615,
          "Left": 0.22990955412387848,
          "Top": 0.355205237865448
        },
        "Polygon": [
          {
            "X": 0.22990955412387848,
            "Y": 0.355205237865448
          },
          {
            "X": 0.7683979272842407,
            "Y": 0.35698994994163513
          },
          {
            "X": 0.7699247002601624,
            "Y": 0.6269314885139465
          },
          {
            "X": 0.2307337522506714,
            "Y": 0.6247079968452454
          }
        ]
      },
      "Id": "09f502e6-f374-4c36-9718-47c95962af84",
      "Relationships": [
        {
          "Type": "CHILD",
          "Ids": [
            "1f8acc8e-9c84-435a-b6a0-72683303e509",
            "fd038673-36c1-4c1c-a3aa-28a0ca4d622c",
            "ed6c0d24-0378-4ee3-afa2-82aea3ae9117",
            "7ec611d1-7a90-4f11-9294-17cba53b6e25",
            "b14f0ef9-81d2-4da1-8122-469b20c4d4ff",
            "53ef9d28-38ce-468b-8c9f-de20471f1008",
            "53ee489c-2887-40fd-84f1-df7e64b5337d",
            "bd2e4c7b-7df8-478f-adbd-0f1826c2014a",
            "6156e921-8b3e-48de-aaef-40f545604e8a",
            "78c03ff2-9c02-4341-ae70-77cdba7b2bde",
            "fa379771-4c3b-4ffe-82d9-5d487a2eb89e",
            "1fb2f8ba-5478-4acc-bc15-cf6c94c66a26",
            "c38ec30c-c95b-4bb4-a6c7-d35a07a3e7bf",
            "ef54ef0e-853e-436d-bdfb-70017bad5cbf",
            "75c7c0a6-06ad-4431-ac0c-82ececb63252",
            "e7937ac5-15a5-44a4-8659-8ff8db9e6d7e",
            "db1fde5c-49c1-4ddd-94ab-41dc1b01a7a8",
            "5f7b8808-d78c-45e0-a309-d2c7f6496c1e",
            "57d20110-13fe-40c3-b737-f3ae41fae205",
            "d10d8d86-960c-4585-a700-48812c9595b4",
            "6e5a0b47-11a7-488e-9777-c29e4d1723e7",
            "18a8040f-a0d8-4f92-9b90-e74f63fdea6a",
            "3cf20e57-c742-4418-b2d8-f916300f9802",
            "ad1d668e-632b-457d-8687-01bd1eedaf94",
            "69dac0e3-e66a-4325-8846-86247b308bd5",
            "d7d2814d-afa3-42d3-9aae-c59731f7d3c5",
            "82c3061a-8cc1-400a-9151-4765f7c794d5"
          ]
        }
      ],
      "Page": 1
    },
    {
      "BlockType": "LINE",
      "Confidence": 99.95702362060547,
      "Text": "Sample",
      "Geometry": {
        "BoundingBox": {
          "Width": 0.043998073786497116,
          "Height": 0.0232376866042614,
          "Left": 0.2473979890346527,
          "Top": 0.39982688426971436
        },
        "Polygon": [
          {
            "X": 0.2473979890346527,
            "Y": 0.39982688426971436
          },
          {
            "X": 0.2913186550140381,
            "Y": 0.39997830986976624
          },
          {
            "X": 0.2913960814476013,
            "Y": 0.42306455969810486
          },
          {
            "X": 0.24747051298618317,
            "Y": 0.42291006445884705
          }
        ]
      },
      "Id": "1f8acc8e-9c84-435a-b6a0-72683303e509",
      "Relationships": [
        {
          "Type": "CHILD",
          "Ids": [
            "c58aa961-9fe8-4780-88c5-b3dfe26aed0b"
          ]
        }
      ],
      "Page": 1
    },
    {
      "BlockType": "LINE",
      "Confidence": 99.87176513671875,
      "Text": "Atomic concentration (%)",
      "Geometry": {
        "BoundingBox": {
          "Width": 0.1561846137046814,
          "Height": 0.02120949700474739,
          "Left": 0.38225799798965454,
          "Top": 0.39972594380378723
        },
        "Polygon": [
          {
            "X": 0.38225799798965454,
            "Y": 0.39972594380378723
          },
          {
            "X": 0.5383486747741699,
            "Y": 0.40026387572288513
          },
          {
            "X": 0.5384426116943359,
            "Y": 0.42093542218208313
          },
          {
            "X": 0.3823363482952118,
            "Y": 0.42038774490356445
          }
        ]
      },
      "Id": "fd038673-36c1-4c1c-a3aa-28a0ca4d622c",
      "Relationships": [
        {
          "Type": "CHILD",
          "Ids": [
            "aff0be55-1c05-4591-afc1-43a5a48256f3",
            "7c4d4f58-d85e-479d-901c-e42b0efc4ac4",
            "b5bfb4f5-c30a-4777-b5ee-bb0a72730612"
          ]
        }
      ],
      "Page": 1
    },
    {
      "BlockType": "LINE",
      "Confidence": 99.3179702758789,
      "Text": "C/O",
      "Geometry": {
        "BoundingBox": {
          "Width": 0.024981068447232246,
          "Height": 0.019579583778977394,
          "Left": 0.7300488948822021,
          "Top": 0.40061697363853455
        },
        "Polygon": [
          {
            "X": 0.7300488948822021,
            "Y": 0.40061697363853455
          },
          {
            "X": 0.7549209594726562,
            "Y": 0.40070265531539917
          },
          {
            "X": 0.7550299167633057,
            "Y": 0.420196533203125
          },
          {
            "X": 0.7301554679870605,
            "Y": 0.4201093912124634
          }
        ]
      },
      "Id": "ed6c0d24-0378-4ee3-afa2-82aea3ae9117",
      "Relationships": [
        {
          "Type": "CHILD",
          "Ids": [
            "4c5f33e3-5e59-46ef-afcd-88e0f2a6c759"
          ]
        }
      ],
      "Page": 1
    },
    {
      "BlockType": "LINE",
      "Confidence": 94.27672576904297,
      "Text": "C",
      "Geometry": {
        "BoundingBox": {
          "Width": 0.008785808458924294,
          "Height": 0.01745927333831787,
          "Left": 0.3827821612358093,
          "Top": 0.4479309320449829
        },
        "Polygon": [
          {
            "X": 0.3827821612358093,
            "Y": 0.4479309320449829
          },
          {
            "X": 0.39150112867355347,
            "Y": 0.4479622542858124
          },
          {
            "X": 0.39156797528266907,
            "Y": 0.4653902053833008
          },
          {
            "X": 0.3828482925891876,
            "Y": 0.4653584361076355
          }
        ]
      },
      "Id": "7ec611d1-7a90-4f11-9294-17cba53b6e25",
      "Relationships": [
        {
          "Type": "CHILD",
          "Ids": [
            "ba306640-d2f9-4e30-963c-2ea08ba0299c"
          ]
        }
      ],
      "Page": 1
    },
    {
      "BlockType": "LINE",
      "Confidence": 99.94719696044922,
      "Text": "N",
      "Geometry": {
        "BoundingBox": {
          "Width": 0.009610735811293125,
          "Height": 0.016653958708047867,
          "Left": 0.49688342213630676,
          "Top": 0.44843798875808716
        },
        "Polygon": [
          {
            "X": 0.49688342213630676,
            "Y": 0.44843798875808716
          },
          {
            "X": 0.5064212083816528,
            "Y": 0.448472261428833
          },
          {
            "X": 0.5064941644668579,
            "Y": 0.4650919437408447
          },
          {
            "X": 0.49695563316345215,
            "Y": 0.46505722403526306
          }
        ]
      },
      "Id": "b14f0ef9-81d2-4da1-8122-469b20c4d4ff",
      "Relationships": [
        {
          "Type": "CHILD",
          "Ids": [
            "8ba61402-9dc8-421f-bda7-749c40c1e14c"
          ]
        }
      ],
      "Page": 1
    },
    {
      "BlockType": "LINE",
      "Confidence": 87.16947937011719,
      "Text": "o",
      "Geometry": {
        "BoundingBox": {
          "Width": 0.010012946091592312,
          "Height": 0.018039043992757797,
          "Left": 0.6113782525062561,
          "Top": 0.4478103816509247
        },
        "Polygon": [
          {
            "X": 0.6113782525062561,
            "Y": 0.4478103816509247
          },
          {
            "X": 0.6213021874427795,
            "Y": 0.4478459656238556
          },
          {
            "X": 0.6213911771774292,
            "Y": 0.4658493995666504
          },
          {
            "X": 0.6114664077758789,
            "Y": 0.4658132493495941
          }
        ]
      },
      "Id": "53ef9d28-38ce-468b-8c9f-de20471f1008",
      "Relationships": [
        {
          "Type": "CHILD",
          "Ids": [
            "6fd370da-1ec9-4432-9111-3859bf257406"
          ]
        }
      ],
      "Page": 1
    },
    {
      "BlockType": "LINE",
      "Confidence": 99.9029541015625,
      "Text": "GO",
      "Geometry": {
        "BoundingBox": {
          "Width": 0.019209081307053566,
          "Height": 0.017565177753567696,
          "Left": 0.24751977622509003,
          "Top": 0.4937690198421478
        },
        "Polygon": [
          {
            "X": 0.24751977622509003,
            "Y": 0.4937690198421478
          },
          {
            "X": 0.266672283411026,
            "Y": 0.49384045600891113
          },
          {
            "X": 0.26672887802124023,
            "Y": 0.5113341808319092
          },
          {
            "X": 0.24757473170757294,
            "Y": 0.5112617611885071
          }
        ]
      },
      "Id": "53ee489c-2887-40fd-84f1-df7e64b5337d",
      "Relationships": [
        {
          "Type": "CHILD",
          "Ids": [
            "8bd5557f-76d0-4a29-97de-f4a0395b4e0c"
          ]
        }
      ],
      "Page": 1
    },
    {
      "BlockType": "LINE",
      "Confidence": 84.2981185913086,
      "Text": "59.41",
      "Geometry": {
        "BoundingBox": {
          "Width": 0.03327614814043045,
          "Height": 0.017269868403673172,
          "Left": 0.3825589716434479,
          "Top": 0.494203120470047
        },
        "Polygon": [
          {
            "X": 0.3825589716434479,
            "Y": 0.494203120470047
          },
          {
            "X": 0.4157673716545105,
            "Y": 0.49432697892189026
          },
          {
            "X": 0.4158351421356201,
            "Y": 0.5114730000495911
          },
          {
            "X": 0.3826240003108978,
            "Y": 0.5113474130630493
          }
        ]
      },
      "Id": "bd2e4c7b-7df8-478f-adbd-0f1826c2014a",
      "Relationships": [
        {
          "Type": "CHILD",
          "Ids": [
            "5b33d76d-4648-4b4e-991e-bb85e176c889"
          ]
        }
      ],
      "Page": 1
    },
    {
      "BlockType": "LINE",
      "Confidence": 99.52325439453125,
      "Text": "0",
      "Geometry": {
        "BoundingBox": {
          "Width": 0.007756916340440512,
          "Height": 0.0170828178524971,
          "Left": 0.496927946805954,
          "Top": 0.4942963421344757
        },
        "Polygon": [
          {
            "X": 0.496927946805954,
            "Y": 0.4942963421344757
          },
          {
            "X": 0.5046101808547974,
            "Y": 0.4943249821662903
          },
          {
            "X": 0.5046848654747009,
            "Y": 0.5113791823387146
          },
          {
            "X": 0.4970020353794098,
            "Y": 0.5113500952720642
          }
        ]
      },
      "Id": "6156e921-8b3e-48de-aaef-40f545604e8a",
      "Relationships": [
        {
          "Type": "CHILD",
          "Ids": [
            "fce0926f-9be1-41e2-95ed-b5fb594f55dc"
          ]
        }
      ],
      "Page": 1
    },
    {
      "BlockType": "LINE",
      "Confidence": 99.9828872680664,
      "Text": "40.59",
      "Geometry": {
        "BoundingBox": {
          "Width": 0.03434106707572937,
          "Height": 0.017316851764917374,
          "Left": 0.6112558841705322,
          "Top": 0.4941278100013733
        },
        "Polygon": [
          {
            "X": 0.6112558841705322,
            "Y": 0.4941278100013733
          },
          {
            "X": 0.6455099582672119,
            "Y": 0.4942554831504822
          },
          {
            "X": 0.6455969214439392,
            "Y": 0.511444628238678
          },
          {
            "X": 0.6113399863243103,
            "Y": 0.5113152265548706
          }
        ]
      },
      "Id": "78c03ff2-9c02-4341-ae70-77cdba7b2bde",
      "Relationships": [
        {
          "Type": "CHILD",
          "Ids": [
            "6b37fbe2-5171-4e9b-a7be-7e4f675c2e08"
          ]
        }
      ],
      "Page": 1
    },
    {
      "BlockType": "LINE",
      "Confidence": 99.41411590576172,
      "Text": "1.46",
      "Geometry": {
        "BoundingBox": {
          "Width": 0.025839531794190407,
          "Height": 0.017140869051218033,
          "Left": 0.7307944893836975,
          "Top": 0.4940326511859894
        },
        "Polygon": [
          {
            "X": 0.7307944893836975,
            "Y": 0.4940326511859894
          },
          {
            "X": 0.7565386295318604,
            "Y": 0.49412858486175537
          },
          {
            "X": 0.756633996963501,
            "Y": 0.5111735463142395
          },
          {
            "X": 0.7308877110481262,
            "Y": 0.5110762715339661
          }
        ]
      },
      "Id": "fa379771-4c3b-4ffe-82d9-5d487a2eb89e",
      "Relationships": [
        {
          "Type": "CHILD",
          "Ids": [
            "c55ff4e6-197c-4705-897e-34051ca0c19b"
          ]
        }
      ],
      "Page": 1
    },
    {
      "BlockType": "LINE",
      "Confidence": 99.49079895019531,
      "Text": "GO-PPD",
      "Geometry": {
        "BoundingBox": {
          "Width": 0.04894019663333893,
          "Height": 0.017119282856583595,
          "Left": 0.24731720983982086,
          "Top": 0.5244655609130859
        },
        "Polygon": [
          {
            "X": 0.24731720983982086,
            "Y": 0.5244655609130859
          },
          {
            "X": 0.2962002456188202,
            "Y": 0.5246524214744568
          },
          {
            "X": 0.2962574064731598,
            "Y": 0.541584849357605
          },
          {
            "X": 0.24737036228179932,
            "Y": 0.5413954854011536
          }
        ]
      },
      "Id": "1fb2f8ba-5478-4acc-bc15-cf6c94c66a26",
      "Relationships": [
        {
          "Type": "CHILD",
          "Ids": [
            "dd743d8c-d065-496a-8ae9-0d35d40f0dbf"
          ]
        }
      ],
      "Page": 1
    },
    {
      "BlockType": "LINE",
      "Confidence": 99.90619659423828,
      "Text": "76.75",
      "Geometry": {
        "BoundingBox": {
          "Width": 0.03450203686952591,
          "Height": 0.01763041876256466,
          "Left": 0.3823406398296356,
          "Top": 0.5245632529258728
        },
        "Polygon": [
          {
            "X": 0.3823406398296356,
            "Y": 0.5245632529258728
          },
          {
            "X": 0.4167734384536743,
            "Y": 0.5246948599815369
          },
          {
            "X": 0.41684266924858093,
            "Y": 0.5421937108039856
          },
          {
            "X": 0.38240694999694824,
            "Y": 0.5420603156089783
          }
        ]
      },
      "Id": "c38ec30c-c95b-4bb4-a6c7-d35a07a3e7bf",
      "Relationships": [
        {
          "Type": "CHILD",
          "Ids": [
            "b528e5ce-2a06-42de-a7fd-4d6024903729"
          ]
        }
      ],
      "Page": 1
    },
    {
      "BlockType": "LINE",
      "Confidence": 99.9383544921875,
      "Text": "10.13",
      "Geometry": {
        "BoundingBox": {
          "Width": 0.03369034454226494,
          "Height": 0.017649030312895775,
          "Left": 0.49731624126434326,
          "Top": 0.5243862271308899
        },
        "Polygon": [
          {
            "X": 0.49731624126434326,
            "Y": 0.5243862271308899
          },
          {
            "X": 0.5309275984764099,
            "Y": 0.5245146155357361
          },
          {
            "X": 0.5310065746307373,
            "Y": 0.5420352816581726
          },
          {
            "X": 0.49739235639572144,
            "Y": 0.5419051051139832
          }
        ]
      },
      "Id": "ef54ef0e-853e-436d-bdfb-70017bad5cbf",
      "Relationships": [
        {
          "Type": "CHILD",
          "Ids": [
            "f07ac067-5c0f-4bfe-819d-41b24f6900a4"
          ]
        }
      ],
      "Page": 1
    },
    {
      "BlockType": "LINE",
      "Confidence": 94.23019409179688,
      "Text": "13.12",
      "Geometry": {
        "BoundingBox": {
          "Width": 0.034159623086452484,
          "Height": 0.017320828512310982,
          "Left": 0.6115370988845825,
          "Top": 0.5245270729064941
        },
        "Polygon": [
          {
            "X": 0.6115370988845825,
            "Y": 0.5245270729064941
          },
          {
            "X": 0.6456097364425659,
            "Y": 0.5246571898460388
          },
          {
            "X": 0.6456966996192932,
            "Y": 0.5418479442596436
          },
          {
            "X": 0.6116212606430054,
            "Y": 0.5417160391807556
          }
        ]
      },
      "Id": "75c7c0a6-06ad-4431-ac0c-82ececb63252",
      "Relationships": [
        {
          "Type": "CHILD",
          "Ids": [
            "83fd0754-42ea-48f0-9153-be8fff1524b0"
          ]
        }
      ],
      "Page": 1
    },
    {
      "BlockType": "LINE",
      "Confidence": 97.86906433105469,
      "Text": "5.85",
      "Geometry": {
        "BoundingBox": {
          "Width": 0.02616235427558422,
          "Height": 0.01729687489569187,
          "Left": 0.7303490042686462,
          "Top": 0.5246810913085938
        },
        "Polygon": [
          {
            "X": 0.7303490042686462,
            "Y": 0.5246810913085938
          },
          {
            "X": 0.7564151883125305,
            "Y": 0.5247805714607239
          },
          {
            "X": 0.756511390209198,
            "Y": 0.5419779419898987
          },
          {
            "X": 0.7304430603981018,
            "Y": 0.5418770909309387
          }
        ]
      },
      "Id": "e7937ac5-15a5-44a4-8659-8ff8db9e6d7e",
      "Relationships": [
        {
          "Type": "CHILD",
          "Ids": [
            "af7b66b0-8f59-404a-bec4-e33eeb3c16f8"
          ]
        }
      ],
      "Page": 1
    },
    {
      "BlockType": "LINE",
      "Confidence": 99.15119171142578,
      "Text": "GO-HMD",
      "Geometry": {
        "BoundingBox": {
          "Width": 0.054599497467279434,
          "Height": 0.017319966107606888,
          "Left": 0.2475493848323822,
          "Top": 0.5551742911338806
        },
        "Polygon": [
          {
            "X": 0.2475493848323822,
            "Y": 0.5551742911338806
          },
          {
            "X": 0.30209067463874817,
            "Y": 0.5553877949714661
          },
          {
            "X": 0.30214887857437134,
            "Y": 0.5724942684173584
          },
          {
            "X": 0.24760308861732483,
            "Y": 0.5722779035568237
          }
        ]
      },
      "Id": "db1fde5c-49c1-4ddd-94ab-41dc1b01a7a8",
      "Relationships": [
        {
          "Type": "CHILD",
          "Ids": [
            "338c84ec-adaf-4e03-8d18-9339eb9f67fc"
          ]
        }
      ],
      "Page": 1
    },
    {
      "BlockType": "LINE",
      "Confidence": 99.63388061523438,
      "Text": "83.11",
      "Geometry": {
        "BoundingBox": {
          "Width": 0.03299500420689583,
          "Height": 0.01729477196931839,
          "Left": 0.382561057806015,
          "Top": 0.5553410649299622
        },
        "Polygon": [
          {
            "X": 0.382561057806015,
            "Y": 0.5553410649299622
          },
          {
            "X": 0.41548827290534973,
            "Y": 0.5554699301719666
          },
          {
            "X": 0.41555607318878174,
            "Y": 0.5726358890533447
          },
          {
            "X": 0.38262614607810974,
            "Y": 0.5725052952766418
          }
        ]
      },
      "Id": "5f7b8808-d78c-45e0-a309-d2c7f6496c1e",
      "Relationships": [
        {
          "Type": "CHILD",
          "Ids": [
            "ad337092-5208-40e6-bbed-8af20eba7340"
          ]
        }
      ],
      "Page": 1
    },
    {
      "BlockType": "LINE",
      "Confidence": 91.78418731689453,
      "Text": "4.17",
      "Geometry": {
        "BoundingBox": {
          "Width": 0.026220504194498062,
          "Height": 0.017194632440805435,
          "Left": 0.49688956141471863,
          "Top": 0.5551296472549438
        },
        "Polygon": [
          {
            "X": 0.49688956141471863,
            "Y": 0.5551296472549438
          },
          {
            "X": 0.5230337381362915,
            "Y": 0.5552318692207336
          },
          {
            "X": 0.5231100916862488,
            "Y": 0.572324275970459
          },
          {
            "X": 0.4969637989997864,
            "Y": 0.5722206234931946
          }
        ]
      },
      "Id": "57d20110-13fe-40c3-b737-f3ae41fae205",
      "Relationships": [
        {
          "Type": "CHILD",
          "Ids": [
            "33b06c78-eb71-4a25-998b-42a5509ab957"
          ]
        }
      ],
      "Page": 1
    },
    {
      "BlockType": "LINE",
      "Confidence": 99.69123077392578,
      "Text": "12.72",
      "Geometry": {
        "BoundingBox": {
          "Width": 0.034116122871637344,
          "Height": 0.016979988664388657,
          "Left": 0.6116620302200317,
          "Top": 0.5553843975067139
        },
        "Polygon": [
          {
            "X": 0.6116620302200317,
            "Y": 0.5553843975067139
          },
          {
            "X": 0.6456929445266724,
            "Y": 0.5555174946784973
          },
          {
            "X": 0.6457781791687012,
            "Y": 0.5723643898963928
          },
          {
            "X": 0.6117445230484009,
            "Y": 0.5722295641899109
          }
        ]
      },
      "Id": "d10d8d86-960c-4585-a700-48812c9595b4",
      "Relationships": [
        {
          "Type": "CHILD",
          "Ids": [
            "a59e3d52-861a-4b60-b800-c466cc49ae0f"
          ]
        }
      ],
      "Page": 1
    },
    {
      "BlockType": "LINE",
      "Confidence": 99.95391082763672,
      "Text": "6.53",
      "Geometry": {
        "BoundingBox": {
          "Width": 0.026428598910570145,
          "Height": 0.017549462616443634,
          "Left": 0.7300570011138916,
          "Top": 0.5550965666770935
        },
        "Polygon": [
          {
            "X": 0.7300570011138916,
            "Y": 0.5550965666770935
          },
          {
            "X": 0.7563880085945129,
            "Y": 0.5551995038986206
          },
          {
            "X": 0.7564855813980103,
            "Y": 0.5726460218429565
          },
          {
            "X": 0.7301523685455322,
            "Y": 0.5725417137145996
          }
        ]
      },
      "Id": "6e5a0b47-11a7-488e-9777-c29e4d1723e7",
      "Relationships": [
        {
          "Type": "CHILD",
          "Ids": [
            "be33623a-fe8f-41f9-b1b1-17f61fd3bd04"
          ]
        }
      ],
      "Page": 1
    },
    {
      "BlockType": "LINE",
      "Confidence": 91.718505859375,
      "Text": "GO-NH3",
      "Geometry": {
        "BoundingBox": {
          "Width": 0.050042279064655304,
          "Height": 0.02143290266394615,
          "Left": 0.24728929996490479,
          "Top": 0.5858961343765259
        },
        "Polygon": [
          {
            "X": 0.24728929996490479,
            "Y": 0.5858961343765259
          },
          {
            "X": 0.2972598373889923,
            "Y": 0.5860963463783264
          },
          {
            "X": 0.2973315715789795,
            "Y": 0.6073290109634399
          },
          {
            "X": 0.24735592305660248,
            "Y": 0.6071255803108215
          }
        ]
      },
      "Id": "18a8040f-a0d8-4f92-9b90-e74f63fdea6a",
      "Relationships": [
        {
          "Type": "CHILD",
          "Ids": [
            "9bde48e2-604b-4b24-8f74-107a502fefbf"
          ]
        }
      ],
      "Page": 1
    },
    {
      "BlockType": "LINE",
      "Confidence": 99.9488296508789,
      "Text": "76.92",
      "Geometry": {
        "BoundingBox": {
          "Width": 0.034573495388031006,
          "Height": 0.01747814752161503,
          "Left": 0.3824351131916046,
          "Top": 0.585780918598175
        },
        "Polygon": [
          {
            "X": 0.3824351131916046,
            "Y": 0.585780918598175
          },
          {
            "X": 0.41694003343582153,
            "Y": 0.5859190821647644
          },
          {
            "X": 0.4170086085796356,
            "Y": 0.6032590270042419
          },
          {
            "X": 0.3825008273124695,
            "Y": 0.6031190752983093
          }
        ]
      },
      "Id": "3cf20e57-c742-4418-b2d8-f916300f9802",
      "Relationships": [
        {
          "Type": "CHILD",
          "Ids": [
            "f85d625b-1b92-4d1d-9a2a-d46fa04b2d00"
          ]
        }
      ],
      "Page": 1
    },
    {
      "BlockType": "LINE",
      "Confidence": 99.95773315429688,
      "Text": "7.58",
      "Geometry": {
        "BoundingBox": {
          "Width": 0.026676518842577934,
          "Height": 0.01745510846376419,
          "Left": 0.49673992395401,
          "Top": 0.5859557390213013
        },
        "Polygon": [
          {
            "X": 0.49673992395401,
            "Y": 0.5859557390213013
          },
          {
            "X": 0.5233389139175415,
            "Y": 0.5860622525215149
          },
          {
            "X": 0.5234164595603943,
            "Y": 0.6034108400344849
          },
          {
            "X": 0.4968152344226837,
            "Y": 0.6033029556274414
          }
        ]
      },
      "Id": "ad1d668e-632b-457d-8687-01bd1eedaf94",
      "Relationships": [
        {
          "Type": "CHILD",
          "Ids": [
            "e6ced179-50ae-4bec-a02a-b81634e10d79"
          ]
        }
      ],
      "Page": 1
    },
    {
      "BlockType": "LINE",
      "Confidence": 99.9061050415039,
      "Text": "15.50",
      "Geometry": {
        "BoundingBox": {
          "Width": 0.03390303626656532,
          "Height": 0.017645379528403282,
          "Left": 0.6116622090339661,
          "Top": 0.5858892798423767
        },
        "Polygon": [
          {
            "X": 0.6116622090339661,
            "Y": 0.5858892798423767
          },
          {
            "X": 0.6454766988754272,
            "Y": 0.5860246419906616
          },
          {
            "X": 0.6455652713775635,
            "Y": 0.6035346984863281
          },
          {
            "X": 0.6117479205131531,
            "Y": 0.6033975481987
          }
        ]
      },
      "Id": "69dac0e3-e66a-4325-8846-86247b308bd5",
      "Relationships": [
        {
          "Type": "CHILD",
          "Ids": [
            "581d3764-85a7-497d-ba23-592673799420"
          ]
        }
      ],
      "Page": 1
    },
    {
      "BlockType": "LINE",
      "Confidence": 99.96516418457031,
      "Text": "4.96",
      "Geometry": {
        "BoundingBox": {
          "Width": 0.026869850233197212,
          "Height": 0.017681796103715897,
          "Left": 0.7300069332122803,
          "Top": 0.5856373906135559
        },
        "Polygon": [
          {
            "X": 0.7300069332122803,
            "Y": 0.5856373906135559
          },
          {
            "X": 0.7567784786224365,
            "Y": 0.5857445001602173
          },
          {
            "X": 0.7568768262863159,
            "Y": 0.6033191680908203
          },
          {
            "X": 0.7301030158996582,
            "Y": 0.6032106876373291
          }
        ]
      },
      "Id": "d7d2814d-afa3-42d3-9aae-c59731f7d3c5",
      "Relationships": [
        {
          "Type": "CHILD",
          "Ids": [
            "4d1df488-2a70-4261-8afd-33d4a54b18e8"
          ]
        }
      ],
      "Page": 1
    },
    {
      "BlockType": "WORD",
      "Confidence": 99.95702362060547,
      "Text": "Sample",
      "TextType": "PRINTED",
      "Geometry": {
        "BoundingBox": {
          "Width": 0.043998073786497116,
          "Height": 0.0232376866042614,
          "Left": 0.2473979890346527,
          "Top": 0.39982688426971436
        },
        "Polygon": [
          {
            "X": 0.2473979890346527,
            "Y": 0.39982688426971436
          },
          {
            "X": 0.2913186550140381,
            "Y": 0.39997830986976624
          },
          {
            "X": 0.2913960814476013,
            "Y": 0.42306455969810486
          },
          {
            "X": 0.24747051298618317,
            "Y": 0.42291006445884705
          }
        ]
      },
      "Id": "c58aa961-9fe8-4780-88c5-b3dfe26aed0b",
      "Page": 1
    },
    {
      "BlockType": "WORD",
      "Confidence": 99.93516540527344,
      "Text": "Atomic",
      "TextType": "PRINTED",
      "Geometry": {
        "BoundingBox": {
          "Width": 0.04364541172981262,
          "Height": 0.01744268275797367,
          "Left": 0.3822607696056366,
          "Top": 0.4004553258419037
        },
        "Polygon": [
          {
            "X": 0.3822607696056366,
            "Y": 0.4004553258419037
          },
          {
            "X": 0.4258369505405426,
            "Y": 0.40060558915138245
          },
          {
            "X": 0.4259061813354492,
            "Y": 0.4178979992866516
          },
          {
            "X": 0.3823263347148895,
            "Y": 0.417745441198349
          }
        ]
      },
      "Id": "aff0be55-1c05-4591-afc1-43a5a48256f3",
      "Page": 1
    },
    {
      "BlockType": "WORD",
      "Confidence": 99.8681869506836,
      "Text": "concentration",
      "TextType": "PRINTED",
      "Geometry": {
        "BoundingBox": {
          "Width": 0.08308590948581696,
          "Height": 0.017762208357453346,
          "Left": 0.4294869899749756,
          "Top": 0.4003743827342987
        },
        "Polygon": [
          {
            "X": 0.4294869899749756,
            "Y": 0.4003743827342987
          },
          {
            "X": 0.5124956369400024,
            "Y": 0.40066057443618774
          },
          {
            "X": 0.5125728845596313,
            "Y": 0.4181365966796875
          },
          {
            "X": 0.4295572340488434,
            "Y": 0.4178459942340851
          }
        ]
      },
      "Id": "7c4d4f58-d85e-479d-901c-e42b0efc4ac4",
      "Page": 1
    },
    {
      "BlockType": "WORD",
      "Confidence": 99.81195068359375,
      "Text": "(%)",
      "TextType": "PRINTED",
      "Geometry": {
        "BoundingBox": {
          "Width": 0.021734394133090973,
          "Height": 0.020746128633618355,
          "Left": 0.5167081952095032,
          "Top": 0.4001893103122711
        },
        "Polygon": [
          {
            "X": 0.5167081952095032,
            "Y": 0.4001893103122711
          },
          {
            "X": 0.5383486747741699,
            "Y": 0.40026387572288513
          },
          {
            "X": 0.5384426116943359,
            "Y": 0.42093542218208313
          },
          {
            "X": 0.5167999863624573,
            "Y": 0.42085951566696167
          }
        ]
      },
      "Id": "b5bfb4f5-c30a-4777-b5ee-bb0a72730612",
      "Page": 1
    },
    {
      "BlockType": "WORD",
      "Confidence": 99.3179702758789,
      "Text": "C/O",
      "TextType": "PRINTED",
      "Geometry": {
        "BoundingBox": {
          "Width": 0.024981068447232246,
          "Height": 0.019579583778977394,
          "Left": 0.7300488948822021,
          "Top": 0.40061697363853455
        },
        "Polygon": [
          {
            "X": 0.7300488948822021,
            "Y": 0.40061697363853455
          },
          {
            "X": 0.7549209594726562,
            "Y": 0.40070265531539917
          },
          {
            "X": 0.7550299167633057,
            "Y": 0.420196533203125
          },
          {
            "X": 0.7301554679870605,
            "Y": 0.4201093912124634
          }
        ]
      },
      "Id": "4c5f33e3-5e59-46ef-afcd-88e0f2a6c759",
      "Page": 1
    },
    {
      "BlockType": "WORD",
      "Confidence": 94.27672576904297,
      "Text": "C",
      "TextType": "PRINTED",
      "Geometry": {
        "BoundingBox": {
          "Width": 0.008785808458924294,
          "Height": 0.01745927333831787,
          "Left": 0.3827821612358093,
          "Top": 0.4479309320449829
        },
        "Polygon": [
          {
            "X": 0.3827821612358093,
            "Y": 0.4479309320449829
          },
          {
            "X": 0.39150112867355347,
            "Y": 0.4479622542858124
          },
          {
            "X": 0.39156797528266907,
            "Y": 0.4653902053833008
          },
          {
            "X": 0.3828482925891876,
            "Y": 0.4653584361076355
          }
        ]
      },
      "Id": "ba306640-d2f9-4e30-963c-2ea08ba0299c",
      "Page": 1
    },
    {
      "BlockType": "WORD",
      "Confidence": 99.94719696044922,
      "Text": "N",
      "TextType": "PRINTED",
      "Geometry": {
        "BoundingBox": {
          "Width": 0.009610735811293125,
          "Height": 0.016653958708047867,
          "Left": 0.49688342213630676,
          "Top": 0.44843798875808716
        },
        "Polygon": [
          {
            "X": 0.49688342213630676,
            "Y": 0.44843798875808716
          },
          {
            "X": 0.5064212083816528,
            "Y": 0.448472261428833
          },
          {
            "X": 0.5064941644668579,
            "Y": 0.4650919437408447
          },
          {
            "X": 0.49695563316345215,
            "Y": 0.46505722403526306
          }
        ]
      },
      "Id": "8ba61402-9dc8-421f-bda7-749c40c1e14c",
      "Page": 1
    },
    {
      "BlockType": "WORD",
      "Confidence": 87.16947937011719,
      "Text": "o",
      "TextType": "PRINTED",
      "Geometry": {
        "BoundingBox": {
          "Width": 0.010012946091592312,
          "Height": 0.018039043992757797,
          "Left": 0.6113782525062561,
          "Top": 0.4478103816509247
        },
        "Polygon": [
          {
            "X": 0.6113782525062561,
            "Y": 0.4478103816509247
          },
          {
            "X": 0.6213021874427795,
            "Y": 0.4478459656238556
          },
          {
            "X": 0.6213911771774292,
            "Y": 0.4658493995666504
          },
          {
            "X": 0.6114664077758789,
            "Y": 0.4658132493495941
          }
        ]
      },
      "Id": "6fd370da-1ec9-4432-9111-3859bf257406",
      "Page": 1
    },
    {
      "BlockType": "WORD",
      "Confidence": 99.9029541015625,
      "Text": "GO",
      "TextType": "PRINTED",
      "Geometry": {
        "BoundingBox": {
          "Width": 0.019209081307053566,
          "Height": 0.017565177753567696,
          "Left": 0.24751977622509003,
          "Top": 0.4937690198421478
        },
        "Polygon": [
          {
            "X": 0.24751977622509003,
            "Y": 0.4937690198421478
          },
          {
            "X": 0.266672283411026,
            "Y": 0.49384045600891113
          },
          {
            "X": 0.26672887802124023,
            "Y": 0.5113341808319092
          },
          {
            "X": 0.24757473170757294,
            "Y": 0.5112617611885071
          }
        ]
      },
      "Id": "8bd5557f-76d0-4a29-97de-f4a0395b4e0c",
      "Page": 1
    },
    {
      "BlockType": "WORD",
      "Confidence": 84.2981185913086,
      "Text": "59.41",
      "TextType": "PRINTED",
      "Geometry": {
        "BoundingBox": {
          "Width": 0.03327614814043045,
          "Height": 0.017269868403673172,
          "Left": 0.3825589716434479,
          "Top": 0.494203120470047
        },
        "Polygon": [
          {
            "X": 0.3825589716434479,
            "Y": 0.494203120470047
          },
          {
            "X": 0.4157673716545105,
            "Y": 0.49432697892189026
          },
          {
            "X": 0.4158351421356201,
            "Y": 0.5114730000495911
          },
          {
            "X": 0.3826240003108978,
            "Y": 0.5113474130630493
          }
        ]
      },
      "Id": "5b33d76d-4648-4b4e-991e-bb85e176c889",
      "Page": 1
    },
    {
      "BlockType": "WORD",
      "Confidence": 99.52325439453125,
      "Text": "0",
      "TextType": "PRINTED",
      "Geometry": {
        "BoundingBox": {
          "Width": 0.007756916340440512,
          "Height": 0.0170828178524971,
          "Left": 0.496927946805954,
          "Top": 0.4942963421344757
        },
        "Polygon": [
          {
            "X": 0.496927946805954,
            "Y": 0.4942963421344757
          },
          {
            "X": 0.5046101808547974,
            "Y": 0.4943249821662903
          },
          {
            "X": 0.5046848654747009,
            "Y": 0.5113791823387146
          },
          {
            "X": 0.4970020353794098,
            "Y": 0.5113500952720642
          }
        ]
      },
      "Id": "fce0926f-9be1-41e2-95ed-b5fb594f55dc",
      "Page": 1
    },
    {
      "BlockType": "WORD",
      "Confidence": 99.9828872680664,
      "Text": "40.59",
      "TextType": "PRINTED",
      "Geometry": {
        "BoundingBox": {
          "Width": 0.03434106707572937,
          "Height": 0.017316851764917374,
          "Left": 0.6112558841705322,
          "Top": 0.4941278100013733
        },
        "Polygon": [
          {
            "X": 0.6112558841705322,
            "Y": 0.4941278100013733
          },
          {
            "X": 0.6455099582672119,
            "Y": 0.4942554831504822
          },
          {
            "X": 0.6455969214439392,
            "Y": 0.511444628238678
          },
          {
            "X": 0.6113399863243103,
            "Y": 0.5113152265548706
          }
        ]
      },
      "Id": "6b37fbe2-5171-4e9b-a7be-7e4f675c2e08",
      "Page": 1
    },
    {
      "BlockType": "WORD",
      "Confidence": 99.41411590576172,
      "Text": "1.46",
      "TextType": "PRINTED",
      "Geometry": {
        "BoundingBox": {
          "Width": 0.025839531794190407,
          "Height": 0.017140869051218033,
          "Left": 0.7307944893836975,
          "Top": 0.4940326511859894
        },
        "Polygon": [
          {
            "X": 0.7307944893836975,
            "Y": 0.4940326511859894
          },
          {
            "X": 0.7565386295318604,
            "Y": 0.49412858486175537
          },
          {
            "X": 0.756633996963501,
            "Y": 0.5111735463142395
          },
          {
            "X": 0.7308877110481262,
            "Y": 0.5110762715339661
          }
        ]
      },
      "Id": "c55ff4e6-197c-4705-897e-34051ca0c19b",
      "Page": 1
    },
    {
      "BlockType": "WORD",
      "Confidence": 99.49079895019531,
      "Text": "GO-PPD",
      "TextType": "PRINTED",
      "Geometry": {
        "BoundingBox": {
          "Width": 0.04894019663333893,
          "Height": 0.017119282856583595,
          "Left": 0.24731720983982086,
          "Top": 0.5244655609130859
        },
        "Polygon": [
          {
            "X": 0.24731720983982086,
            "Y": 0.5244655609130859
          },
          {
            "X": 0.2962002456188202,
            "Y": 0.5246524214744568
          },
          {
            "X": 0.2962574064731598,
            "Y": 0.541584849357605
          },
          {
            "X": 0.24737036228179932,
            "Y": 0.5413954854011536
          }
        ]
      },
      "Id": "dd743d8c-d065-496a-8ae9-0d35d40f0dbf",
      "Page": 1
    },
    {
      "BlockType": "WORD",
      "Confidence": 99.90619659423828,
      "Text": "76.75",
      "TextType": "PRINTED",
      "Geometry": {
        "BoundingBox": {
          "Width": 0.03450203686952591,
          "Height": 0.01763041876256466,
          "Left": 0.3823406398296356,
          "Top": 0.5245632529258728
        },
        "Polygon": [
          {
            "X": 0.3823406398296356,
            "Y": 0.5245632529258728
          },
          {
            "X": 0.4167734384536743,
            "Y": 0.5246948599815369
          },
          {
            "X": 0.41684266924858093,
            "Y": 0.5421937108039856
          },
          {
            "X": 0.38240694999694824,
            "Y": 0.5420603156089783
          }
        ]
      },
      "Id": "b528e5ce-2a06-42de-a7fd-4d6024903729",
      "Page": 1
    },
    {
      "BlockType": "WORD",
      "Confidence": 99.9383544921875,
      "Text": "10.13",
      "TextType": "PRINTED",
      "Geometry": {
        "BoundingBox": {
          "Width": 0.03369034454226494,
          "Height": 0.017649030312895775,
          "Left": 0.49731624126434326,
          "Top": 0.5243862271308899
        },
        "Polygon": [
          {
            "X": 0.49731624126434326,
            "Y": 0.5243862271308899
          },
          {
            "X": 0.5309275984764099,
            "Y": 0.5245146155357361
          },
          {
            "X": 0.5310065746307373,
            "Y": 0.5420352816581726
          },
          {
            "X": 0.49739235639572144,
            "Y": 0.5419051051139832
          }
        ]
      },
      "Id": "f07ac067-5c0f-4bfe-819d-41b24f6900a4",
      "Page": 1
    },
    {
      "BlockType": "WORD",
      "Confidence": 94.23019409179688,
      "Text": "13.12",
      "TextType": "PRINTED",
      "Geometry": {
        "BoundingBox": {
          "Width": 0.034159623086452484,
          "Height": 0.017320828512310982,
          "Left": 0.6115370988845825,
          "Top": 0.5245270729064941
        },
        "Polygon": [
          {
            "X": 0.6115370988845825,
            "Y": 0.5245270729064941
          },
          {
            "X": 0.6456097364425659,
            "Y": 0.5246571898460388
          },
          {
            "X": 0.6456966996192932,
            "Y": 0.5418479442596436
          },
          {
            "X": 0.6116212606430054,
            "Y": 0.5417160391807556
          }
        ]
      },
      "Id": "83fd0754-42ea-48f0-9153-be8fff1524b0",
      "Page": 1
    },
    {
      "BlockType": "WORD",
      "Confidence": 97.86906433105469,
      "Text": "5.85",
      "TextType": "PRINTED",
      "Geometry": {
        "BoundingBox": {
          "Width": 0.02616235427558422,
          "Height": 0.01729687489569187,
          "Left": 0.7303490042686462,
          "Top": 0.5246810913085938
        },
        "Polygon": [
          {
            "X": 0.7303490042686462,
            "Y": 0.5246810913085938
          },
          {
            "X": 0.7564151883125305,
            "Y": 0.5247805714607239
          },
          {
            "X": 0.756511390209198,
            "Y": 0.5419779419898987
          },
          {
            "X": 0.7304430603981018,
            "Y": 0.5418770909309387
          }
        ]
      },
      "Id": "af7b66b0-8f59-404a-bec4-e33eeb3c16f8",
      "Page": 1
    },
    {
      "BlockType": "WORD",
      "Confidence": 99.15119171142578,
      "Text": "GO-HMD",
      "TextType": "PRINTED",
      "Geometry": {
        "BoundingBox": {
          "Width": 0.054599497467279434,
          "Height": 0.017319966107606888,
          "Left": 0.2475493848323822,
          "Top": 0.5551742911338806
        },
        "Polygon": [
          {
            "X": 0.2475493848323822,
            "Y": 0.5551742911338806
          },
          {
            "X": 0.30209067463874817,
            "Y": 0.5553877949714661
          },
          {
            "X": 0.30214887857437134,
            "Y": 0.5724942684173584
          },
          {
            "X": 0.24760308861732483,
            "Y": 0.5722779035568237
          }
        ]
      },
      "Id": "338c84ec-adaf-4e03-8d18-9339eb9f67fc",
      "Page": 1
    },
    {
      "BlockType": "WORD",
      "Confidence": 99.63388061523438,
      "Text": "83.11",
      "TextType": "PRINTED",
      "Geometry": {
        "BoundingBox": {
          "Width": 0.03299500420689583,
          "Height": 0.01729477196931839,
          "Left": 0.382561057806015,
          "Top": 0.5553410649299622
        },
        "Polygon": [
          {
            "X": 0.382561057806015,
            "Y": 0.5553410649299622
          },
          {
            "X": 0.41548827290534973,
            "Y": 0.5554699301719666
          },
          {
            "X": 0.41555607318878174,
            "Y": 0.5726358890533447
          },
          {
            "X": 0.38262614607810974,
            "Y": 0.5725052952766418
          }
        ]
      },
      "Id": "ad337092-5208-40e6-bbed-8af20eba7340",
      "Page": 1
    },
    {
      "BlockType": "WORD",
      "Confidence": 91.78418731689453,
      "Text": "4.17",
      "TextType": "PRINTED",
      "Geometry": {
        "BoundingBox": {
          "Width": 0.026220504194498062,
          "Height": 0.017194632440805435,
          "Left": 0.49688956141471863,
          "Top": 0.5551296472549438
        },
        "Polygon": [
          {
            "X": 0.49688956141471863,
            "Y": 0.5551296472549438
          },
          {
            "X": 0.5230337381362915,
            "Y": 0.5552318692207336
          },
          {
            "X": 0.5231100916862488,
            "Y": 0.572324275970459
          },
          {
            "X": 0.4969637989997864,
            "Y": 0.5722206234931946
          }
        ]
      },
      "Id": "33b06c78-eb71-4a25-998b-42a5509ab957",
      "Page": 1
    },
    {
      "BlockType": "WORD",
      "Confidence": 99.69123077392578,
      "Text": "12.72",
      "TextType": "PRINTED",
      "Geometry": {
        "BoundingBox": {
          "Width": 0.034116122871637344,
          "Height": 0.016979988664388657,
          "Left": 0.6116620302200317,
          "Top": 0.5553843975067139
        },
        "Polygon": [
          {
            "X": 0.6116620302200317,
            "Y": 0.5553843975067139
          },
          {
            "X": 0.6456929445266724,
            "Y": 0.5555174946784973
          },
          {
            "X": 0.6457781791687012,
            "Y": 0.5723643898963928
          },
          {
            "X": 0.6117445230484009,
            "Y": 0.5722295641899109
          }
        ]
      },
      "Id": "a59e3d52-861a-4b60-b800-c466cc49ae0f",
      "Page": 1
    },
    {
      "BlockType": "WORD",
      "Confidence": 99.95391082763672,
      "Text": "6.53",
      "TextType": "PRINTED",
      "Geometry": {
        "BoundingBox": {
          "Width": 0.026428598910570145,
          "Height": 0.017549462616443634,
          "Left": 0.7300570011138916,
          "Top": 0.5550965666770935
        },
        "Polygon": [
          {
            "X": 0.7300570011138916,
            "Y": 0.5550965666770935
          },
          {
            "X": 0.7563880085945129,
            "Y": 0.5551995038986206
          },
          {
            "X": 0.7564855813980103,
            "Y": 0.5726460218429565
          },
          {
            "X": 0.7301523685455322,
            "Y": 0.5725417137145996
          }
        ]
      },
      "Id": "be33623a-fe8f-41f9-b1b1-17f61fd3bd04",
      "Page": 1
    },
    {
      "BlockType": "WORD",
      "Confidence": 91.718505859375,
      "Text": "GO-NH3",
      "TextType": "PRINTED",
      "Geometry": {
        "BoundingBox": {
          "Width": 0.050042279064655304,
          "Height": 0.02143290266394615,
          "Left": 0.24728929996490479,
          "Top": 0.5858961343765259
        },
        "Polygon": [
          {
            "X": 0.24728929996490479,
            "Y": 0.5858961343765259
          },
          {
            "X": 0.2972598373889923,
            "Y": 0.5860963463783264
          },
          {
            "X": 0.2973315715789795,
            "Y": 0.6073290109634399
          },
          {
            "X": 0.24735592305660248,
            "Y": 0.6071255803108215
          }
        ]
      },
      "Id": "9bde48e2-604b-4b24-8f74-107a502fefbf",
      "Page": 1
    },
    {
      "BlockType": "WORD",
      "Confidence": 99.9488296508789,
      "Text": "76.92",
      "TextType": "PRINTED",
      "Geometry": {
        "BoundingBox": {
          "Width": 0.034573495388031006,
          "Height": 0.01747814752161503,
          "Left": 0.3824351131916046,
          "Top": 0.585780918598175
        },
        "Polygon": [
          {
            "X": 0.3824351131916046,
            "Y": 0.585780918598175
          },
          {
            "X": 0.41694003343582153,
            "Y": 0.5859190821647644
          },
          {
            "X": 0.4170086085796356,
            "Y": 0.6032590270042419
          },
          {
            "X": 0.3825008273124695,
            "Y": 0.6031190752983093
          }
        ]
      },
      "Id": "f85d625b-1b92-4d1d-9a2a-d46fa04b2d00",
      "Page": 1
    },
    {
      "BlockType": "WORD",
      "Confidence": 99.95773315429688,
      "Text": "7.58",
      "TextType": "PRINTED",
      "Geometry": {
        "BoundingBox": {
          "Width": 0.026676518842577934,
          "Height": 0.01745510846376419,
          "Left": 0.49673992395401,
          "Top": 0.5859557390213013
        },
        "Polygon": [
          {
            "X": 0.49673992395401,
            "Y": 0.5859557390213013
          },
          {
            "X": 0.5233389139175415,
            "Y": 0.5860622525215149
          },
          {
            "X": 0.5234164595603943,
            "Y": 0.6034108400344849
          },
          {
            "X": 0.4968152344226837,
            "Y": 0.6033029556274414
          }
        ]
      },
      "Id": "e6ced179-50ae-4bec-a02a-b81634e10d79",
      "Page": 1
    },
    {
      "BlockType": "WORD",
      "Confidence": 99.9061050415039,
      "Text": "15.50",
      "TextType": "PRINTED",
      "Geometry": {
        "BoundingBox": {
          "Width": 0.03390303626656532,
          "Height": 0.017645379528403282,
          "Left": 0.6116622090339661,
          "Top": 0.5858892798423767
        },
        "Polygon": [
          {
            "X": 0.6116622090339661,
            "Y": 0.5858892798423767
          },
          {
            "X": 0.6454766988754272,
            "Y": 0.5860246419906616
          },
          {
            "X": 0.6455652713775635,
            "Y": 0.6035346984863281
          },
          {
            "X": 0.6117479205131531,
            "Y": 0.6033975481987
          }
        ]
      },
      "Id": "581d3764-85a7-497d-ba23-592673799420",
      "Page": 1
    },
    {
      "BlockType": "WORD",
      "Confidence": 99.96516418457031,
      "Text": "4.96",
      "TextType": "PRINTED",
      "Geometry": {
        "BoundingBox": {
          "Width": 0.026869850233197212,
          "Height": 0.017681796103715897,
          "Left": 0.7300069332122803,
          "Top": 0.5856373906135559
        },
        "Polygon": [
          {
            "X": 0.7300069332122803,
            "Y": 0.5856373906135559
          },
          {
            "X": 0.7567784786224365,
            "Y": 0.5857445001602173
          },
          {
            "X": 0.7568768262863159,
            "Y": 0.6033191680908203
          },
          {
            "X": 0.7301030158996582,
            "Y": 0.6032106876373291
          }
        ]
      },
      "Id": "4d1df488-2a70-4261-8afd-33d4a54b18e8",
      "Page": 1
    },
    {
      "BlockType": "TABLE",
      "Confidence": 99.21875,
      "Geometry": {
        "BoundingBox": {
          "Width": 0.536043107509613,
          "Height": 0.2354125678539276,
          "Left": 0.23261451721191406,
          "Top": 0.38236910104751587
        },
        "Polygon": [
          {
            "X": 0.23261451721191406,
            "Y": 0.38236910104751587
          },
          {
            "X": 0.7673377394676208,
            "Y": 0.38418492674827576
          },
          {
            "X": 0.7686576247215271,
            "Y": 0.6177816390991211
          },
          {
            "X": 0.23333069682121277,
            "Y": 0.6155887842178345
          }
        ]
      },
      "Id": "82c3061a-8cc1-400a-9151-4765f7c794d5",
      "Relationships": [
        {
          "Type": "CHILD",
          "Ids": [
            "5647ead9-2a3b-4f0a-98fe-7360243b791a",
            "0e8bf4ca-1b57-4b6e-9bad-17cd080cfc66",
            "a82872ac-7245-4881-85ea-7f6d9ea1e62d",
            "6ae809d8-1f0e-4bee-8a28-61c55cbb4aa6",
            "7e0ef3fb-aa95-4d6f-911d-daa613e7f0e3",
            "ce68dea7-132c-48bc-b5ab-380ec2f076cb",
            "ffbfff3f-7254-465f-a1a0-c6861bafe840",
            "ba39e9a5-389b-466b-8a1d-e9ef30c974a9",
            "50ea090f-fab0-4a46-baff-73f3ae3da83d",
            "72727ae8-1f83-41ee-bd0c-39c01038427d",
            "1b262bf7-2440-401e-b52d-1a030afaaf13",
            "7a5ac946-8db9-4c2f-b927-da24f2e2acd5",
            "e92d33bb-6d61-4800-8eff-1c6bdb5de2e7",
            "81233e9a-db83-454d-b204-a58af1bab67b",
            "8b90e5be-26c8-4631-9ec7-2aac75a3fbe8",
            "0690ab72-f2a5-4a48-b1e7-deb5975aa9fb",
            "02bd4236-ac70-476c-b4b4-d65b7dfacc38",
            "2ac53861-41bf-4d31-af8b-ef5a7f99f64f",
            "c5b7b4c8-ee43-4e6a-a430-3c469dfa243b",
            "044d8202-08be-42e2-8174-283beb732980",
            "6d0f253f-af57-4403-b292-69585ed10bd3",
            "5b55555a-f32b-4f79-9cfc-e06ea608ff19",
            "7431f5fb-39ad-4b6c-a13b-a267ca827ba3",
            "60ba218e-57b7-476a-a70e-9b840131e1fc",
            "3926d49f-dec4-44df-aa17-a5031397e02f",
            "bdd09b61-1d17-46a1-a24e-e1d2e2dee872",
            "da8d1c80-6d95-47db-9237-42cdc01abaad",
            "c39beeb4-85c0-4250-acb1-c05bc221320c",
            "67d9173d-5385-467b-b834-186fead893b2",
            "e78d1a7a-5eec-4995-b796-a259789e603a"
          ]
        },
        {
          "Type": "MERGED_CELL",
          "Ids": [
            "a04657b6-575f-4b40-b797-f07ddb19ea5c",
            "96c80ede-4542-4e8f-92f3-a2398cb8182a",
            "950d101d-ff76-4084-9f54-5dfcc2bd283d"
          ]
        }
      ],
      "EntityTypes": [
        "STRUCTURED_TABLE"
      ],
      "Page": 1
    },
    {
      "BlockType": "CELL",
      "Confidence": 61.328125,
      "RowIndex": 1,
      "ColumnIndex": 1,
      "RowSpan": 1,
      "ColumnSpan": 1,
      "Geometry": {
        "BoundingBox": {
          "Width": 0.11434663832187653,
          "Height": 0.0504157654941082,
          "Left": 0.23228970170021057,
          "Top": 0.38213181495666504
        },
        "Polygon": [
          {
            "X": 0.23228970170021057,
            "Y": 0.38213181495666504
          },
          {
            "X": 0.34645524621009827,
            "Y": 0.3825194239616394
          },
          {
            "X": 0.3466363549232483,
            "Y": 0.43254759907722473
          },
          {
            "X": 0.2324432134628296,
            "Y": 0.4321427345275879
          }
        ]
      },
      "Id": "5647ead9-2a3b-4f0a-98fe-7360243b791a",
      "Relationships": [
        {
          "Type": "CHILD",
          "Ids": [
            "c58aa961-9fe8-4780-88c5-b3dfe26aed0b"
          ]
        }
      ],
      "EntityTypes": [
        "COLUMN_HEADER"
      ],
      "Page": 1
    },
    {
      "BlockType": "CELL",
      "Confidence": 92.28515625,
      "RowIndex": 1,
      "ColumnIndex": 2,
      "RowSpan": 1,
      "ColumnSpan": 1,
      "Geometry": {
        "BoundingBox": {
          "Width": 0.10984954982995987,
          "Height": 0.0504169687628746,
          "Left": 0.34645524621009827,
          "Top": 0.3825194239616394
        },
        "Polygon": [
          {
            "X": 0.34645524621009827,
            "Y": 0.3825194239616394
          },
          {
            "X": 0.45609715580940247,
            "Y": 0.3828916847705841
          },
          {
            "X": 0.45630478858947754,
            "Y": 0.4329364001750946
          },
          {
            "X": 0.3466363549232483,
            "Y": 0.43254759907722473
          }
        ]
      },
      "Id": "0e8bf4ca-1b57-4b6e-9bad-17cd080cfc66",
      "Relationships": [
        {
          "Type": "CHILD",
          "Ids": [
            "aff0be55-1c05-4591-afc1-43a5a48256f3"
          ]
        }
      ],
      "EntityTypes": [
        "COLUMN_HEADER"
      ],
      "Page": 1
    },
    {
      "BlockType": "CELL",
      "Confidence": 92.28515625,
      "RowIndex": 1,
      "ColumnIndex": 3,
      "RowSpan": 1,
      "ColumnSpan": 1,
      "Geometry": {
        "BoundingBox": {
          "Width": 0.11301903426647186,
          "Height": 0.050444673746824265,
          "Left": 0.45609715580940247,
          "Top": 0.3828916847705841
        },
        "Polygon": [
          {
            "X": 0.45609715580940247,
            "Y": 0.3828916847705841
          },
          {
            "X": 0.5688812732696533,
            "Y": 0.3832745850086212
          },
          {
            "X": 0.5691161751747131,
            "Y": 0.4333363473415375
          },
          {
            "X": 0.45630478858947754,
            "Y": 0.4329364001750946
          }
        ]
      },
      "Id": "a82872ac-7245-4881-85ea-7f6d9ea1e62d",
      "Relationships": [
        {
          "Type": "CHILD",
          "Ids": [
            "7c4d4f58-d85e-479d-901c-e42b0efc4ac4",
            "b5bfb4f5-c30a-4777-b5ee-bb0a72730612"
          ]
        }
      ],
      "EntityTypes": [
        "COLUMN_HEADER"
      ],
      "Page": 1
    },
    {
      "BlockType": "CELL",
      "Confidence": 92.28515625,
      "RowIndex": 1,
      "ColumnIndex": 4,
      "RowSpan": 1,
      "ColumnSpan": 1,
      "Geometry": {
        "BoundingBox": {
          "Width": 0.09391875565052032,
          "Height": 0.05039389804005623,
          "Left": 0.5688812732696533,
          "Top": 0.3832745850086212
        },
        "Polygon": [
          {
            "X": 0.5688812732696533,
            "Y": 0.3832745850086212
          },
          {
            "X": 0.6625424027442932,
            "Y": 0.3835925757884979
          },
          {
            "X": 0.6628000140190125,
            "Y": 0.43366849422454834
          },
          {
            "X": 0.5691161751747131,
            "Y": 0.4333363473415375
          }
        ]
      },
      "Id": "6ae809d8-1f0e-4bee-8a28-61c55cbb4aa6",
      "EntityTypes": [
        "COLUMN_HEADER"
      ],
      "Page": 1
    },
    {
      "BlockType": "CELL",
      "Confidence": 66.89453125,
      "RowIndex": 1,
      "ColumnIndex": 5,
      "RowSpan": 1,
      "ColumnSpan": 1,
      "Geometry": {
        "BoundingBox": {
          "Width": 0.10475414991378784,
          "Height": 0.05044638365507126,
          "Left": 0.6625424027442932,
          "Top": 0.3835925757884979
        },
        "Polygon": [
          {
            "X": 0.6625424027442932,
            "Y": 0.3835925757884979
          },
          {
            "X": 0.7670135498046875,
            "Y": 0.3839472830295563
          },
          {
            "X": 0.767296552658081,
            "Y": 0.4340389668941498
          },
          {
            "X": 0.6628000140190125,
            "Y": 0.43366849422454834
          }
        ]
      },
      "Id": "7e0ef3fb-aa95-4d6f-911d-daa613e7f0e3",
      "Relationships": [
        {
          "Type": "CHILD",
          "Ids": [
            "4c5f33e3-5e59-46ef-afcd-88e0f2a6c759"
          ]
        }
      ],
      "EntityTypes": [
        "COLUMN_HEADER"
      ],
      "Page": 1
    },
    {
      "BlockType": "CELL",
      "Confidence": 61.328125,
      "RowIndex": 2,
      "ColumnIndex": 1,
      "RowSpan": 1,
      "ColumnSpan": 1,
      "Geometry": {
        "BoundingBox": {
          "Width": 0.11436039209365845,
          "Height": 0.04660612717270851,
          "Left": 0.2324432134628296,
          "Top": 0.4321427345275879
        },
        "Polygon": [
          {
            "X": 0.2324432134628296,
            "Y": 0.4321427345275879
          },
          {
            "X": 0.3466363549232483,
            "Y": 0.43254759907722473
          },
          {
            "X": 0.34680360555648804,
            "Y": 0.4787488579750061
          },
          {
            "X": 0.23258496820926666,
            "Y": 0.47832807898521423
          }
        ]
      },
      "Id": "ce68dea7-132c-48bc-b5ab-380ec2f076cb",
      "EntityTypes": [
        "COLUMN_HEADER"
      ],
      "Page": 1
    },
    {
      "BlockType": "CELL",
      "Confidence": 82.6171875,
      "RowIndex": 2,
      "ColumnIndex": 2,
      "RowSpan": 1,
      "ColumnSpan": 1,
      "Geometry": {
        "BoundingBox": {
          "Width": 0.10986019670963287,
          "Height": 0.046605389565229416,
          "Left": 0.3466363549232483,
          "Top": 0.43254759907722473
        },
        "Polygon": [
          {
            "X": 0.3466363549232483,
            "Y": 0.43254759907722473
          },
          {
            "X": 0.45630478858947754,
            "Y": 0.4329364001750946
          },
          {
            "X": 0.45649653673171997,
            "Y": 0.47915297746658325
          },
          {
            "X": 0.34680360555648804,
            "Y": 0.4787488579750061
          }
        ]
      },
      "Id": "ffbfff3f-7254-465f-a1a0-c6861bafe840",
      "Relationships": [
        {
          "Type": "CHILD",
          "Ids": [
            "ba306640-d2f9-4e30-963c-2ea08ba0299c"
          ]
        }
      ],
      "EntityTypes": [
        "COLUMN_HEADER"
      ],
      "Page": 1
    },
    {
      "BlockType": "CELL",
      "Confidence": 86.81640625,
      "RowIndex": 2,
      "ColumnIndex": 3,
      "RowSpan": 1,
      "ColumnSpan": 1,
      "Geometry": {
        "BoundingBox": {
          "Width": 0.11302836984395981,
          "Height": 0.04663227126002312,
          "Left": 0.45630478858947754,
          "Top": 0.4329364001750946
        },
        "Polygon": [
          {
            "X": 0.45630478858947754,
            "Y": 0.4329364001750946
          },
          {
            "X": 0.5691161751747131,
            "Y": 0.4333363473415375
          },
          {
            "X": 0.5693331360816956,
            "Y": 0.4795686602592468
          },
          {
            "X": 0.45649653673171997,
            "Y": 0.47915297746658325
          }
        ]
      },
      "Id": "ba39e9a5-389b-466b-8a1d-e9ef30c974a9",
      "Relationships": [
        {
          "Type": "CHILD",
          "Ids": [
            "8ba61402-9dc8-421f-bda7-749c40c1e14c"
          ]
        }
      ],
      "EntityTypes": [
        "COLUMN_HEADER"
      ],
      "Page": 1
    },
    {
      "BlockType": "CELL",
      "Confidence": 80.37109375,
      "RowIndex": 2,
      "ColumnIndex": 4,
      "RowSpan": 1,
      "ColumnSpan": 1,
      "Geometry": {
        "BoundingBox": {
          "Width": 0.0939217358827591,
          "Height": 0.04657753184437752,
          "Left": 0.5691161751747131,
          "Top": 0.4333363473415375
        },
        "Polygon": [
          {
            "X": 0.5691161751747131,
            "Y": 0.4333363473415375
          },
          {
            "X": 0.6628000140190125,
            "Y": 0.43366849422454834
          },
          {
            "X": 0.6630379557609558,
            "Y": 0.4799138903617859
          },
          {
            "X": 0.5693331360816956,
            "Y": 0.4795686602592468
          }
        ]
      },
      "Id": "50ea090f-fab0-4a46-baff-73f3ae3da83d",
      "Relationships": [
        {
          "Type": "CHILD",
          "Ids": [
            "6fd370da-1ec9-4432-9111-3859bf257406"
          ]
        }
      ],
      "EntityTypes": [
        "COLUMN_HEADER"
      ],
      "Page": 1
    },
    {
      "BlockType": "CELL",
      "Confidence": 66.89453125,
      "RowIndex": 2,
      "ColumnIndex": 5,
      "RowSpan": 1,
      "ColumnSpan": 1,
      "Geometry": {
        "BoundingBox": {
          "Width": 0.10475783050060272,
          "Height": 0.04663044959306717,
          "Left": 0.6628000140190125,
          "Top": 0.43366849422454834
        },
        "Polygon": [
          {
            "X": 0.6628000140190125,
            "Y": 0.43366849422454834
          },
          {
            "X": 0.767296552658081,
            "Y": 0.4340389668941498
          },
          {
            "X": 0.7675578594207764,
            "Y": 0.4802989363670349
          },
          {
            "X": 0.6630379557609558,
            "Y": 0.4799138903617859
          }
        ]
      },
      "Id": "72727ae8-1f83-41ee-bd0c-39c01038427d",
      "EntityTypes": [
        "COLUMN_HEADER"
      ],
      "Page": 1
    },
    {
      "BlockType": "CELL",
      "Confidence": 84.375,
      "RowIndex": 3,
      "ColumnIndex": 1,
      "RowSpan": 1,
      "ColumnSpan": 1,
      "Geometry": {
        "BoundingBox": {
          "Width": 0.11403383314609528,
          "Height": 0.03893638402223587,
          "Left": 0.2329091876745224,
          "Top": 0.47832927107810974
        },
        "Polygon": [
          {
            "X": 0.2329091876745224,
            "Y": 0.47832927107810974
          },
          {
            "X": 0.34680360555648804,
            "Y": 0.4787488579750061
          },
          {
            "X": 0.3469430208206177,
            "Y": 0.5172656774520874
          },
          {
            "X": 0.23302742838859558,
            "Y": 0.5168328285217285
          }
        ]
      },
      "Id": "1b262bf7-2440-401e-b52d-1a030afaaf13",
      "Relationships": [
        {
          "Type": "CHILD",
          "Ids": [
            "8bd5557f-76d0-4a29-97de-f4a0395b4e0c"
          ]
        }
      ],
      "Page": 1
    },
    {
      "BlockType": "CELL",
      "Confidence": 80.37109375,
      "RowIndex": 3,
      "ColumnIndex": 2,
      "RowSpan": 1,
      "ColumnSpan": 1,
      "Geometry": {
        "BoundingBox": {
          "Width": 0.10985279828310013,
          "Height": 0.03893366828560829,
          "Left": 0.34680360555648804,
          "Top": 0.4787488579750061
        },
        "Polygon": [
          {
            "X": 0.34680360555648804,
            "Y": 0.4787488579750061
          },
          {
            "X": 0.45649653673171997,
            "Y": 0.47915297746658325
          },
          {
            "X": 0.45665639638900757,
            "Y": 0.5176825523376465
          },
          {
            "X": 0.3469430208206177,
            "Y": 0.5172656774520874
          }
        ]
      },
      "Id": "7a5ac946-8db9-4c2f-b927-da24f2e2acd5",
      "Relationships": [
        {
          "Type": "CHILD",
          "Ids": [
            "5b33d76d-4648-4b4e-991e-bb85e176c889"
          ]
        }
      ],
      "Page": 1
    },
    {
      "BlockType": "CELL",
      "Confidence": 84.47265625,
      "RowIndex": 3,
      "ColumnIndex": 3,
      "RowSpan": 1,
      "ColumnSpan": 1,
      "Geometry": {
        "BoundingBox": {
          "Width": 0.1130174994468689,
          "Height": 0.03895837813615799,
          "Left": 0.45649653673171997,
          "Top": 0.47915297746658325
        },
        "Polygon": [
          {
            "X": 0.45649653673171997,
            "Y": 0.47915297746658325
          },
          {
            "X": 0.5693331360816956,
            "Y": 0.4795686602592468
          },
          {
            "X": 0.5695140361785889,
            "Y": 0.5181113481521606
          },
          {
            "X": 0.45665639638900757,
            "Y": 0.5176825523376465
          }
        ]
      },
      "Id": "e92d33bb-6d61-4800-8eff-1c6bdb5de2e7",
      "Relationships": [
        {
          "Type": "CHILD",
          "Ids": [
            "fce0926f-9be1-41e2-95ed-b5fb594f55dc"
          ]
        }
      ],
      "Page": 1
    },
    {
      "BlockType": "CELL",
      "Confidence": 78.173828125,
      "RowIndex": 3,
      "ColumnIndex": 4,
      "RowSpan": 1,
      "ColumnSpan": 1,
      "Geometry": {
        "BoundingBox": {
          "Width": 0.09390311688184738,
          "Height": 0.03889879956841469,
          "Left": 0.5693331360816956,
          "Top": 0.4795686602592468
        },
        "Polygon": [
          {
            "X": 0.5693331360816956,
            "Y": 0.4795686602592468
          },
          {
            "X": 0.6630379557609558,
            "Y": 0.4799138903617859
          },
          {
            "X": 0.6632362604141235,
            "Y": 0.5184674859046936
          },
          {
            "X": 0.5695140361785889,
            "Y": 0.5181113481521606
          }
        ]
      },
      "Id": "81233e9a-db83-454d-b204-a58af1bab67b",
      "Relationships": [
        {
          "Type": "CHILD",
          "Ids": [
            "6b37fbe2-5171-4e9b-a7be-7e4f675c2e08"
          ]
        }
      ],
      "Page": 1
    },
    {
      "BlockType": "CELL",
      "Confidence": 77.587890625,
      "RowIndex": 3,
      "ColumnIndex": 5,
      "RowSpan": 1,
      "ColumnSpan": 1,
      "Geometry": {
        "BoundingBox": {
          "Width": 0.10506077855825424,
          "Height": 0.03895203024148941,
          "Left": 0.6630379557609558,
          "Top": 0.4799138903617859
        },
        "Polygon": [
          {
            "X": 0.6630379557609558,
            "Y": 0.4799138903617859
          },
          {
            "X": 0.7678807973861694,
            "Y": 0.4803001284599304
          },
          {
            "X": 0.7680987119674683,
            "Y": 0.5188659429550171
          },
          {
            "X": 0.6632362604141235,
            "Y": 0.5184674859046936
          }
        ]
      },
      "Id": "8b90e5be-26c8-4631-9ec7-2aac75a3fbe8",
      "Relationships": [
        {
          "Type": "CHILD",
          "Ids": [
            "c55ff4e6-197c-4705-897e-34051ca0c19b"
          ]
        }
      ],
      "Page": 1
    },
    {
      "BlockType": "CELL",
      "Confidence": 83.10546875,
      "RowIndex": 4,
      "ColumnIndex": 1,
      "RowSpan": 1,
      "ColumnSpan": 1,
      "Geometry": {
        "BoundingBox": {
          "Width": 0.11402717977762222,
          "Height": 0.031256578862667084,
          "Left": 0.23302742838859558,
          "Top": 0.5168328285217285
        },
        "Polygon": [
          {
            "X": 0.23302742838859558,
            "Y": 0.5168328285217285
          },
          {
            "X": 0.3469430208206177,
            "Y": 0.5172656774520874
          },
          {
            "X": 0.3470546007156372,
            "Y": 0.5480893850326538
          },
          {
            "X": 0.2331220507621765,
            "Y": 0.5476459264755249
          }
        ]
      },
      "Id": "0690ab72-f2a5-4a48-b1e7-deb5975aa9fb",
      "Relationships": [
        {
          "Type": "CHILD",
          "Ids": [
            "dd743d8c-d065-496a-8ae9-0d35d40f0dbf"
          ]
        }
      ],
      "Page": 1
    },
    {
      "BlockType": "CELL",
      "Confidence": 79.150390625,
      "RowIndex": 4,
      "ColumnIndex": 2,
      "RowSpan": 1,
      "ColumnSpan": 1,
      "Geometry": {
        "BoundingBox": {
          "Width": 0.10984129458665848,
          "Height": 0.03125082701444626,
          "Left": 0.3469430208206177,
          "Top": 0.5172656774520874
        },
        "Polygon": [
          {
            "X": 0.3469430208206177,
            "Y": 0.5172656774520874
          },
          {
            "X": 0.45665639638900757,
            "Y": 0.5176825523376465
          },
          {
            "X": 0.45678433775901794,
            "Y": 0.5485165119171143
          },
          {
            "X": 0.3470546007156372,
            "Y": 0.5480893850326538
          }
        ]
      },
      "Id": "02bd4236-ac70-476c-b4b4-d65b7dfacc38",
      "Relationships": [
        {
          "Type": "CHILD",
          "Ids": [
            "b528e5ce-2a06-42de-a7fd-4d6024903729"
          ]
        }
      ],
      "Page": 1
    },
    {
      "BlockType": "CELL",
      "Confidence": 83.154296875,
      "RowIndex": 4,
      "ColumnIndex": 3,
      "RowSpan": 1,
      "ColumnSpan": 1,
      "Geometry": {
        "BoundingBox": {
          "Width": 0.11300238966941833,
          "Height": 0.031273286789655685,
          "Left": 0.45665639638900757,
          "Top": 0.5176825523376465
        },
        "Polygon": [
          {
            "X": 0.45665639638900757,
            "Y": 0.5176825523376465
          },
          {
            "X": 0.5695140361785889,
            "Y": 0.5181113481521606
          },
          {
            "X": 0.5696588158607483,
            "Y": 0.5489557981491089
          },
          {
            "X": 0.45678433775901794,
            "Y": 0.5485165119171143
          }
        ]
      },
      "Id": "2ac53861-41bf-4d31-af8b-ef5a7f99f64f",
      "Relationships": [
        {
          "Type": "CHILD",
          "Ids": [
            "f07ac067-5c0f-4bfe-819d-41b24f6900a4"
          ]
        }
      ],
      "Page": 1
    },
    {
      "BlockType": "CELL",
      "Confidence": 77.001953125,
      "RowIndex": 4,
      "ColumnIndex": 4,
      "RowSpan": 1,
      "ColumnSpan": 1,
      "Geometry": {
        "BoundingBox": {
          "Width": 0.09388097375631332,
          "Height": 0.031209304928779602,
          "Left": 0.5695140361785889,
          "Top": 0.5181113481521606
        },
        "Polygon": [
          {
            "X": 0.5695140361785889,
            "Y": 0.5181113481521606
          },
          {
            "X": 0.6632362604141235,
            "Y": 0.5184674859046936
          },
          {
            "X": 0.6633949875831604,
            "Y": 0.549320638179779
          },
          {
            "X": 0.5696588158607483,
            "Y": 0.5489557981491089
          }
        ]
      },
      "Id": "c5b7b4c8-ee43-4e6a-a430-3c469dfa243b",
      "Relationships": [
        {
          "Type": "CHILD",
          "Ids": [
            "83fd0754-42ea-48f0-9153-be8fff1524b0"
          ]
        }
      ],
      "Page": 1
    },
    {
      "BlockType": "CELL",
      "Confidence": 76.416015625,
      "RowIndex": 4,
      "ColumnIndex": 5,
      "RowSpan": 1,
      "ColumnSpan": 1,
      "Geometry": {
        "BoundingBox": {
          "Width": 0.10503681004047394,
          "Height": 0.03126139938831329,
          "Left": 0.6632362604141235,
          "Top": 0.5184674859046936
        },
        "Polygon": [
          {
            "X": 0.6632362604141235,
            "Y": 0.5184674859046936
          },
          {
            "X": 0.7680987119674683,
            "Y": 0.5188659429550171
          },
          {
            "X": 0.768273115158081,
            "Y": 0.5497288703918457
          },
          {
            "X": 0.6633949875831604,
            "Y": 0.549320638179779
          }
        ]
      },
      "Id": "044d8202-08be-42e2-8174-283beb732980",
      "Relationships": [
        {
          "Type": "CHILD",
          "Ids": [
            "af7b66b0-8f59-404a-bec4-e33eeb3c16f8"
          ]
        }
      ],
      "Page": 1
    },
    {
      "BlockType": "CELL",
      "Confidence": 83.251953125,
      "RowIndex": 5,
      "ColumnIndex": 1,
      "RowSpan": 1,
      "ColumnSpan": 1,
      "Geometry": {
        "BoundingBox": {
          "Width": 0.11404416710138321,
          "Height": 0.03127634897828102,
          "Left": 0.2331220507621765,
          "Top": 0.5476459264755249
        },
        "Polygon": [
          {
            "X": 0.2331220507621765,
            "Y": 0.5476459264755249
          },
          {
            "X": 0.3470546007156372,
            "Y": 0.5480893850326538
          },
          {
            "X": 0.3471662402153015,
            "Y": 0.5789222717285156
          },
          {
            "X": 0.23321670293807983,
            "Y": 0.5784682631492615
          }
        ]
      },
      "Id": "6d0f253f-af57-4403-b292-69585ed10bd3",
      "Relationships": [
        {
          "Type": "CHILD",
          "Ids": [
            "338c84ec-adaf-4e03-8d18-9339eb9f67fc"
          ]
        }
      ],
      "Page": 1
    },
    {
      "BlockType": "CELL",
      "Confidence": 79.296875,
      "RowIndex": 5,
      "ColumnIndex": 2,
      "RowSpan": 1,
      "ColumnSpan": 1,
      "Geometry": {
        "BoundingBox": {
          "Width": 0.10985767841339111,
          "Height": 0.031270213425159454,
          "Left": 0.3470546007156372,
          "Top": 0.5480893850326538
        },
        "Polygon": [
          {
            "X": 0.3470546007156372,
            "Y": 0.5480893850326538
          },
          {
            "X": 0.45678433775901794,
            "Y": 0.5485165119171143
          },
          {
            "X": 0.4569122791290283,
            "Y": 0.5793595910072327
          },
          {
            "X": 0.3471662402153015,
            "Y": 0.5789222717285156
          }
        ]
      },
      "Id": "5b55555a-f32b-4f79-9cfc-e06ea608ff19",
      "Relationships": [
        {
          "Type": "CHILD",
          "Ids": [
            "ad337092-5208-40e6-bbed-8af20eba7340"
          ]
        }
      ],
      "Page": 1
    },
    {
      "BlockType": "CELL",
      "Confidence": 83.349609375,
      "RowIndex": 5,
      "ColumnIndex": 3,
      "RowSpan": 1,
      "ColumnSpan": 1,
      "Geometry": {
        "BoundingBox": {
          "Width": 0.11301925778388977,
          "Height": 0.03129297122359276,
          "Left": 0.45678433775901794,
          "Top": 0.5485165119171143
        },
        "Polygon": [
          {
            "X": 0.45678433775901794,
            "Y": 0.5485165119171143
          },
          {
            "X": 0.5696588158607483,
            "Y": 0.5489557981491089
          },
          {
            "X": 0.5698035955429077,
            "Y": 0.5798094868659973
          },
          {
            "X": 0.4569122791290283,
            "Y": 0.5793595910072327
          }
        ]
      },
      "Id": "7431f5fb-39ad-4b6c-a13b-a267ca827ba3",
      "Relationships": [
        {
          "Type": "CHILD",
          "Ids": [
            "33b06c78-eb71-4a25-998b-42a5509ab957"
          ]
        }
      ],
      "Page": 1
    },
    {
      "BlockType": "CELL",
      "Confidence": 77.1484375,
      "RowIndex": 5,
      "ColumnIndex": 4,
      "RowSpan": 1,
      "ColumnSpan": 1,
      "Geometry": {
        "BoundingBox": {
          "Width": 0.09389500319957733,
          "Height": 0.03122721239924431,
          "Left": 0.5696588158607483,
          "Top": 0.5489557981491089
        },
        "Polygon": [
          {
            "X": 0.5696588158607483,
            "Y": 0.5489557981491089
          },
          {
            "X": 0.6633949875831604,
            "Y": 0.549320638179779
          },
          {
            "X": 0.663553774356842,
            "Y": 0.5801830291748047
          },
          {
            "X": 0.5698035955429077,
            "Y": 0.5798094868659973
          }
        ]
      },
      "Id": "60ba218e-57b7-476a-a70e-9b840131e1fc",
      "Relationships": [
        {
          "Type": "CHILD",
          "Ids": [
            "a59e3d52-861a-4b60-b800-c466cc49ae0f"
          ]
        }
      ],
      "Page": 1
    },
    {
      "BlockType": "CELL",
      "Confidence": 76.5625,
      "RowIndex": 5,
      "ColumnIndex": 5,
      "RowSpan": 1,
      "ColumnSpan": 1,
      "Geometry": {
        "BoundingBox": {
          "Width": 0.10505251586437225,
          "Height": 0.03128034994006157,
          "Left": 0.6633949875831604,
          "Top": 0.549320638179779
        },
        "Polygon": [
          {
            "X": 0.6633949875831604,
            "Y": 0.549320638179779
          },
          {
            "X": 0.768273115158081,
            "Y": 0.5497288703918457
          },
          {
            "X": 0.7684475183486938,
            "Y": 0.5806010365486145
          },
          {
            "X": 0.663553774356842,
            "Y": 0.5801830291748047
          }
        ]
      },
      "Id": "3926d49f-dec4-44df-aa17-a5031397e02f",
      "Relationships": [
        {
          "Type": "CHILD",
          "Ids": [
            "be33623a-fe8f-41f9-b1b1-17f61fd3bd04"
          ]
        }
      ],
      "Page": 1
    },
    {
      "BlockType": "CELL",
      "Confidence": 87.3046875,
      "RowIndex": 6,
      "ColumnIndex": 1,
      "RowSpan": 1,
      "ColumnSpan": 1,
      "Geometry": {
        "BoundingBox": {
          "Width": 0.11408394575119019,
          "Height": 0.037587422877550125,
          "Left": 0.23321670293807983,
          "Top": 0.5784682631492615
        },
        "Polygon": [
          {
            "X": 0.23321670293807983,
            "Y": 0.5784682631492615
          },
          {
            "X": 0.3471662402153015,
            "Y": 0.5789222717285156
          },
          {
            "X": 0.34730064868927,
            "Y": 0.6160556674003601
          },
          {
            "X": 0.23333069682121277,
            "Y": 0.6155887842178345
          }
        ]
      },
      "Id": "bdd09b61-1d17-46a1-a24e-e1d2e2dee872",
      "Relationships": [
        {
          "Type": "CHILD",
          "Ids": [
            "9bde48e2-604b-4b24-8f74-107a502fefbf"
          ]
        }
      ],
      "Page": 1
    },
    {
      "BlockType": "CELL",
      "Confidence": 83.154296875,
      "RowIndex": 6,
      "ColumnIndex": 2,
      "RowSpan": 1,
      "ColumnSpan": 1,
      "Geometry": {
        "BoundingBox": {
          "Width": 0.10990017652511597,
          "Height": 0.037582989782094955,
          "Left": 0.3471662402153015,
          "Top": 0.5789222717285156
        },
        "Polygon": [
          {
            "X": 0.3471662402153015,
            "Y": 0.5789222717285156
          },
          {
            "X": 0.4569122791290283,
            "Y": 0.5793595910072327
          },
          {
            "X": 0.4570664167404175,
            "Y": 0.6165052652359009
          },
          {
            "X": 0.34730064868927,
            "Y": 0.6160556674003601
          }
        ]
      },
      "Id": "da8d1c80-6d95-47db-9237-42cdc01abaad",
      "Relationships": [
        {
          "Type": "CHILD",
          "Ids": [
            "f85d625b-1b92-4d1d-9a2a-d46fa04b2d00"
          ]
        }
      ],
      "Page": 1
    },
    {
      "BlockType": "CELL",
      "Confidence": 87.40234375,
      "RowIndex": 6,
      "ColumnIndex": 3,
      "RowSpan": 1,
      "ColumnSpan": 1,
      "Geometry": {
        "BoundingBox": {
          "Width": 0.1130656749010086,
          "Height": 0.03760819137096405,
          "Left": 0.4569122791290283,
          "Top": 0.5793595910072327
        },
        "Polygon": [
          {
            "X": 0.4569122791290283,
            "Y": 0.5793595910072327
          },
          {
            "X": 0.5698035955429077,
            "Y": 0.5798094868659973
          },
          {
            "X": 0.5699779391288757,
            "Y": 0.6169677972793579
          },
          {
            "X": 0.4570664167404175,
            "Y": 0.6165052652359009
          }
        ]
      },
      "Id": "c39beeb4-85c0-4250-acb1-c05bc221320c",
      "Relationships": [
        {
          "Type": "CHILD",
          "Ids": [
            "e6ced179-50ae-4bec-a02a-b81634e10d79"
          ]
        }
      ],
      "Page": 1
    },
    {
      "BlockType": "CELL",
      "Confidence": 80.859375,
      "RowIndex": 6,
      "ColumnIndex": 4,
      "RowSpan": 1,
      "ColumnSpan": 1,
      "Geometry": {
        "BoundingBox": {
          "Width": 0.09394142776727676,
          "Height": 0.0375424399971962,
          "Left": 0.5698035955429077,
          "Top": 0.5798094868659973
        },
        "Polygon": [
          {
            "X": 0.5698035955429077,
            "Y": 0.5798094868659973
          },
          {
            "X": 0.663553774356842,
            "Y": 0.5801830291748047
          },
          {
            "X": 0.6637449860572815,
            "Y": 0.6173518896102905
          },
          {
            "X": 0.5699779391288757,
            "Y": 0.6169677972793579
          }
        ]
      },
      "Id": "67d9173d-5385-467b-b834-186fead893b2",
      "Relationships": [
        {
          "Type": "CHILD",
          "Ids": [
            "581d3764-85a7-497d-ba23-592673799420"
          ]
        }
      ],
      "Page": 1
    },
    {
      "BlockType": "CELL",
      "Confidence": 80.2734375,
      "RowIndex": 6,
      "ColumnIndex": 5,
      "RowSpan": 1,
      "ColumnSpan": 1,
      "Geometry": {
        "BoundingBox": {
          "Width": 0.10510381311178207,
          "Height": 0.037598617374897,
          "Left": 0.663553774356842,
          "Top": 0.5801830291748047
        },
        "Polygon": [
          {
            "X": 0.663553774356842,
            "Y": 0.5801830291748047
          },
          {
            "X": 0.7684475183486938,
            "Y": 0.5806010365486145
          },
          {
            "X": 0.7686576247215271,
            "Y": 0.6177816390991211
          },
          {
            "X": 0.6637449860572815,
            "Y": 0.6173518896102905
          }
        ]
      },
      "Id": "e78d1a7a-5eec-4995-b796-a259789e603a",
      "Relationships": [
        {
          "Type": "CHILD",
          "Ids": [
            "4d1df488-2a70-4261-8afd-33d4a54b18e8"
          ]
        }
      ],
      "Page": 1
    },
    {
      "BlockType": "MERGED_CELL",
      "Confidence": 61.328125,
      "RowIndex": 1,
      "ColumnIndex": 1,
      "RowSpan": 2,
      "ColumnSpan": 1,
      "Geometry": {
        "BoundingBox": {
          "Width": 0.11418908834457397,
          "Height": 0.09637977927923203,
          "Left": 0.23261451721191406,
          "Top": 0.38236910104751587
        },
        "Polygon": [
          {
            "X": 0.23261451721191406,
            "Y": 0.38236910104751587
          },
          {
            "X": 0.3464561104774475,
            "Y": 0.38275566697120667
          },
          {
            "X": 0.34680360555648804,
            "Y": 0.4787488579750061
          },
          {
            "X": 0.2329091876745224,
            "Y": 0.47832927107810974
          }
        ]
      },
      "Id": "a04657b6-575f-4b40-b797-f07ddb19ea5c",
      "Relationships": [
        {
          "Type": "CHILD",
          "Ids": [
            "5647ead9-2a3b-4f0a-98fe-7360243b791a",
            "ce68dea7-132c-48bc-b5ab-380ec2f076cb"
          ]
        }
      ],
      "EntityTypes": [
        "COLUMN_HEADER"
      ],
      "Page": 1
    },
    {
      "BlockType": "MERGED_CELL",
      "Confidence": 92.28515625,
      "RowIndex": 1,
      "ColumnIndex": 2,
      "RowSpan": 1,
      "ColumnSpan": 3,
      "Geometry": {
        "BoundingBox": {
          "Width": 0.31634390354156494,
          "Height": 0.05091281235218048,
          "Left": 0.3464561104774475,
          "Top": 0.38275566697120667
        },
        "Polygon": [
          {
            "X": 0.3464561104774475,
            "Y": 0.38275566697120667
          },
          {
            "X": 0.6625435948371887,
            "Y": 0.3838290572166443
          },
          {
            "X": 0.6628000140190125,
            "Y": 0.43366849422454834
          },
          {
            "X": 0.3466363549232483,
            "Y": 0.43254759907722473
          }
        ]
      },
      "Id": "96c80ede-4542-4e8f-92f3-a2398cb8182a",
      "Relationships": [
        {
          "Type": "CHILD",
          "Ids": [
            "0e8bf4ca-1b57-4b6e-9bad-17cd080cfc66",
            "a82872ac-7245-4881-85ea-7f6d9ea1e62d",
            "6ae809d8-1f0e-4bee-8a28-61c55cbb4aa6"
          ]
        }
      ],
      "EntityTypes": [
        "COLUMN_HEADER"
      ],
      "Page": 1
    },
    {
      "BlockType": "MERGED_CELL",
      "Confidence": 66.89453125,
      "RowIndex": 1,
      "ColumnIndex": 5,
      "RowSpan": 2,
      "ColumnSpan": 1,
      "Geometry": {
        "BoundingBox": {
          "Width": 0.10533720254898071,
          "Height": 0.09647107869386673,
          "Left": 0.6625435948371887,
          "Top": 0.3838290572166443
        },
        "Polygon": [
          {
            "X": 0.6625435948371887,
            "Y": 0.3838290572166443
          },
          {
            "X": 0.7673377394676208,
            "Y": 0.38418492674827576
          },
          {
            "X": 0.7678807973861694,
            "Y": 0.4803001284599304
          },
          {
            "X": 0.6630379557609558,
            "Y": 0.4799138903617859
          }
        ]
      },
      "Id": "950d101d-ff76-4084-9f54-5dfcc2bd283d",
      "Relationships": [
        {
          "Type": "CHILD",
          "Ids": [
            "7e0ef3fb-aa95-4d6f-911d-daa613e7f0e3",
            "72727ae8-1f83-41ee-bd0c-39c01038427d"
          ]
        }
      ],
      "EntityTypes": [
        "COLUMN_HEADER"
      ],
      "Page": 1
    }
  ],
  "AnalyzeDocumentModelVersion": "1.0"
}