"'Cementing systems (manufacturer)","'Classification","'Shade","'Composition (batch number)",
"'RelyX ARC/AdperTM ScotchbondTM Multi-Purpose Plus (3M ESPE, St. Paul, MN, USA)","'Dual-cured resin cement/3-step etch-and-rise adhesive system","'A1","'Scotchbond Multi-Purpose Plus: Activator: ethyl alcohol, sodium benzenesulfinate (N123538); Primer: water, HEMA, copolymer of acrylic and itaconic acids (N124894); Catalyst: bis-GMA, HEMA, benzoyl peroxide (N130621);",
"'","'","'","'RelyX ARC Paste A: silane treated ceramic TEGDMA, bis-GMA, silane- treated silica, functionalized dimethacrylate polymer; 2-benzotriazolyl-4-methylphenol, 4-(dimethylamino)- benzeneethanol; Paste B: silane treated ceramic, TEGDMA, bis-GMA, silane- treated silica, functionalized dimethacrylate polymer, 2-benzotriazolyl-4-methylphenol, benzoyl peroxide (N149151).",
"'Clearfil Esthetic Cement/Clearfil DC Bond (Kuraray Medical, Kurashiki, Japan)","'Dual-cured resin cement/1-step self-etching adhesive system","'Clear","'Clearfil DC Bond: Liquid A: HEMA, bis-GMA, dibenzoyl peroxide, 10-MDP, colloidal silica, dl-camphorquinone, initiators, others (00271A); Liquid B: ethanol, water, accelerators, catalysts (00146B); Clearfil Esthetic Cement: Paste A & B: bis-GMA, TEGDMA, hydrophobic aromatic dimethacryate, hydrophilic aliphatic dimethacrylate, silanated silica filler, silanated barium glass filler, colloidal silica, dl- camphorquinone, catalysts, accelerators, pigments (0015AB).",
"'RelyX Unicem (3M ESPE, St. Paul, MN, USA)","'Dual-cured self-adhesive resin cement","'A2","'Base: glass power, methacrylated phosphoric esters, TEGDMA, silane-treated silica, sodium persulfate. Catalyst: glass power, dimethacrylate, silane-treated silica, TEGDMA, dental glass (394291)",
"'Clearfil SA Cement (Kuraray Medical Kurashiki, Japan)","'Dual-cured self-adhesive resin cement","'A2","'Paste A & B: bis-GMA, sodium fluoride, TEGDMA, 10-MDP, hydrophobic aromatic dimethacryate, hydrophilic aliphatic dimethacrylate, silanated barium glass filler, silanated colloidal silica, dl-camphorquinone, initiators, catalysts, pigments, others (0005AR)",
,,,

'Confidence Scores % (Table Cell)
"'61.18164063","'60.93750000","'55.61523438","'61.66992188",
"'46.09375000","'45.04394531","'40.30761719","'44.70214844",
"'46.09375000","'45.04394531","'34.10644531","'37.81738281",
"'44.72656250","'44.55566406","'40.64941406","'45.09277344",
"'61.03515625","'60.79101563","'55.51757813","'61.57226563",
"'81.20117188","'80.85937500","'73.82812500","'81.83593750",
