{
  "DocumentMetadata": {
    "Pages": 1
  },
  "JobStatus": "SUCCEEDED",
  "Blocks": [
    {
      "BlockType": "PAGE",
      "Geometry": {
        "BoundingBox": {
          "Width": 1,
          "Height": 1,
          "Left": 0,
          "Top": 0
        },
        "Polygon": [
          {
            "X": 0,
            "Y": 6.963891792111099e-7
          },
          {
            "X": 1,
            "Y": 0
          },
          {
            "X": 1,
            "Y": 1
          },
          {
            "X": 0.000004576170795189682,
            "Y": 1
          }
        ]
      },
      "Id": "85fbc7b0-5f22-422c-b39a-d6da91d5a656",
      "Relationships": [
        {
          "Type": "CHILD",
          "Ids": [
            "36c2f204-0ad1-41ed-bea2-2b67a8323ca5",
            "8ac4fdb5-6c1a-4e97-a63c-cb055360b955",
            "5dc964fa-0566-4ab1-b689-5442620f45b1",
            "305f0b22-4522-4cd8-a3a5-70f8e4730a17",
            "fce0ec11-6938-4142-9b24-32c905e3498d",
            "eb09a565-c419-44c0-99f7-e03eb8fdf98d",
            "761d8bbf-3754-4670-99ee-25dd80b3cd42",
            "71431f41-f98d-48f8-95c8-7d718ca2f55d",
            "f88c9e0f-6959-4bed-812a-5d442f9e89dc",
            "bf993c39-9566-4001-8856-5220616ffc64",
            "c05e7182-862f-454a-af66-ab0c00d38fec",
            "c51b4fd0-2d46-45c5-bb89-db70d10f2934",
            "d0e876b8-eea9-43c2-bcb9-2077853d860e",
            "f660bdca-8933-461a-b718-e523ce806060",
            "f6d91f7a-a78a-4d07-b61d-1df3ed8ca0ea",
            "204e44e4-3e7d-4545-b4f4-04c303d61132",
            "ba7f3a87-8cc9-449a-bccc-c06c18a98144",
            "859ab647-2f7d-445e-9c17-ae2e0dbf3b0d",
            "64ae4c07-cc8d-4c59-af67-9a7e7ac8f15a",
            "474530f0-e208-4961-ae62-2e4a69d0b132",
            "d7fa36da-c83b-4dd0-955f-eb03db700ab4",
            "7a5863d3-a4fa-4436-8982-2a2670074672",
            "862ee1eb-a6ce-46cd-8b52-4d67478f7235",
            "4605f286-cfc9-4966-8a6b-346b0fb44393",
            "c44686a7-2baa-4342-bac3-3a6663782406",
            "9a08f9a2-fbcb-48ef-8f57-4d5a0893f36e",
            "f6e8e585-100a-4789-86eb-c0b4e0e683c4",
            "35a70c97-b932-4874-b64d-ea1beaf2721a",
            "3f7ddc4d-23f3-4355-9394-e26862e08d10",
            "c07663ca-8339-4a0b-9b8c-f1f25e153654"
          ]
        }
      ],
      "Page": 1
    },
    {
      "BlockType": "LINE",
      "Confidence": 99.3134765625,
      "Text": "Sample",
      "Geometry": {
        "BoundingBox": {
          "Width": 0.04231083020567894,
          "Height": 0.022189049050211906,
          "Left": 0.24637937545776367,
          "Top": 0.4036136567592621
        },
        "Polygon": [
          {
            "X": 0.24637937545776367,
            "Y": 0.40366309881210327
          },
          {
            "X": 0.2886389493942261,
            "Y": 0.4036136567592621
          },
          {
            "X": 0.2886902093887329,
            "Y": 0.42575180530548096
          },
          {
            "X": 0.2464274764060974,
            "Y": 0.42580270767211914
          }
        ]
      },
      "Id": "36c2f204-0ad1-41ed-bea2-2b67a8323ca5",
      "Relationships": [
        {
          "Type": "CHILD",
          "Ids": [
            "79ea7ea0-3489-4ff9-b03b-fe90a6ca7680"
          ]
        }
      ],
      "Page": 1
    },
    {
      "BlockType": "LINE",
      "Confidence": 65.5336685180664,
      "Text": "Tg",
      "Geometry": {
        "BoundingBox": {
          "Width": 0.014333616942167282,
          "Height": 0.023801419883966446,
          "Left": 0.37084391713142395,
          "Top": 0.4047413766384125
        },
        "Polygon": [
          {
            "X": 0.37084391713142395,
            "Y": 0.404758095741272
          },
          {
            "X": 0.38511475920677185,
            "Y": 0.4047413766384125
          },
          {
            "X": 0.38517752289772034,
            "Y": 0.42852553725242615
          },
          {
            "X": 0.3709055483341217,
            "Y": 0.4285427927970886
          }
        ]
      },
      "Id": "8ac4fdb5-6c1a-4e97-a63c-cb055360b955",
      "Relationships": [
        {
          "Type": "CHILD",
          "Ids": [
            "7f72823f-6147-481b-843d-9cad6777a84a"
          ]
        }
      ],
      "Page": 1
    },
    {
      "BlockType": "LINE",
      "Confidence": 99.8553695678711,
      "Text": "Storage modulus",
      "Geometry": {
        "BoundingBox": {
          "Width": 0.10022362321615219,
          "Height": 0.022281693294644356,
          "Left": 0.42628559470176697,
          "Top": 0.4034123718738556
        },
        "Polygon": [
          {
            "X": 0.42628559470176697,
            "Y": 0.4035295844078064
          },
          {
            "X": 0.5264402031898499,
            "Y": 0.4034123718738556
          },
          {
            "X": 0.5265092253684998,
            "Y": 0.4255734384059906
          },
          {
            "X": 0.42634716629981995,
            "Y": 0.425694078207016
          }
        ]
      },
      "Id": "5dc964fa-0566-4ab1-b689-5442620f45b1",
      "Relationships": [
        {
          "Type": "CHILD",
          "Ids": [
            "4947cca0-a29f-4b92-af36-e8f0b72c9582",
            "54ef90b5-28fc-4c5c-93b9-a8125d2ff00a"
          ]
        }
      ],
      "Page": 1
    },
    {
      "BlockType": "LINE",
      "Confidence": 99.88509368896484,
      "Text": "Storage modulus",
      "Geometry": {
        "BoundingBox": {
          "Width": 0.09998530149459839,
          "Height": 0.02292407490313053,
          "Left": 0.5540171265602112,
          "Top": 0.40315210819244385
        },
        "Polygon": [
          {
            "X": 0.5540171265602112,
            "Y": 0.4032689929008484
          },
          {
            "X": 0.6539216041564941,
            "Y": 0.40315210819244385
          },
          {
            "X": 0.6540024280548096,
            "Y": 0.42595577239990234
          },
          {
            "X": 0.5540902614593506,
            "Y": 0.42607617378234863
          }
        ]
      },
      "Id": "305f0b22-4522-4cd8-a3a5-70f8e4730a17",
      "Relationships": [
        {
          "Type": "CHILD",
          "Ids": [
            "a3bd8c59-ce9e-429b-b9b9-1fdbea49435a",
            "36ea340e-8f27-4391-b717-3489b3188f31"
          ]
        }
      ],
      "Page": 1
    },
    {
      "BlockType": "LINE",
      "Confidence": 75.58712005615234,
      "Text": "Ve x 10-3",
      "Geometry": {
        "BoundingBox": {
          "Width": 0.05854135751724243,
          "Height": 0.02696457877755165,
          "Left": 0.6900076866149902,
          "Top": 0.39813461899757385
        },
        "Polygon": [
          {
            "X": 0.6900076866149902,
            "Y": 0.3982025682926178
          },
          {
            "X": 0.7484452128410339,
            "Y": 0.39813461899757385
          },
          {
            "X": 0.7485490441322327,
            "Y": 0.42502883076667786
          },
          {
            "X": 0.690106213092804,
            "Y": 0.4250991940498352
          }
        ]
      },
      "Id": "fce0ec11-6938-4142-9b24-32c905e3498d",
      "Relationships": [
        {
          "Type": "CHILD",
          "Ids": [
            "6701cc1c-3b30-45b6-8329-41d6ad37e5c1",
            "2cf8d8d8-0711-4cc4-905f-9e95773dbc75",
            "bdfb07f0-808a-4598-acb9-02d35fc9e84c"
          ]
        }
      ],
      "Page": 1
    },
    {
      "BlockType": "LINE",
      "Confidence": 41.8937873840332,
      "Text": "(C)",
      "Geometry": {
        "BoundingBox": {
          "Width": 0.023314164951443672,
          "Height": 0.021629896014928818,
          "Left": 0.37221211194992065,
          "Top": 0.4340396225452423
        },
        "Polygon": [
          {
            "X": 0.37221211194992065,
            "Y": 0.43406790494918823
          },
          {
            "X": 0.395468533039093,
            "Y": 0.4340396225452423
          },
          {
            "X": 0.39552628993988037,
            "Y": 0.45564043521881104
          },
          {
            "X": 0.3722681999206543,
            "Y": 0.45566949248313904
          }
        ]
      },
      "Id": "eb09a565-c419-44c0-99f7-e03eb8fdf98d",
      "Relationships": [
        {
          "Type": "CHILD",
          "Ids": [
            "3b769b70-c6f7-40e0-8f95-a6dc68c0f0f6"
          ]
        }
      ],
      "Page": 1
    },
    {
      "BlockType": "LINE",
      "Confidence": 91.59986114501953,
      "Text": "at 30 °C (MPa)",
      "Geometry": {
        "BoundingBox": {
          "Width": 0.08903194218873978,
          "Height": 0.02119079977273941,
          "Left": 0.4264446496963501,
          "Top": 0.4343160092830658
        },
        "Polygon": [
          {
            "X": 0.4264446496963501,
            "Y": 0.43442434072494507
          },
          {
            "X": 0.5154117345809937,
            "Y": 0.4343160092830658
          },
          {
            "X": 0.5154765844345093,
            "Y": 0.45539554953575134
          },
          {
            "X": 0.4265032112598419,
            "Y": 0.4555068016052246
          }
        ]
      },
      "Id": "761d8bbf-3754-4670-99ee-25dd80b3cd42",
      "Relationships": [
        {
          "Type": "CHILD",
          "Ids": [
            "274adcd8-cc96-496d-8d9f-b4de04c594b3",
            "4ece8831-b987-4c75-863b-97e4cf8f64e0",
            "478a760c-7de0-4c96-892b-dbebe4dd0346",
            "571a0be7-ce6a-4dc5-bf32-65b99a4aa051"
          ]
        }
      ],
      "Page": 1
    },
    {
      "BlockType": "LINE",
      "Confidence": 82.51061248779297,
      "Text": "at T8+40 °C (MPa)",
      "Geometry": {
        "BoundingBox": {
          "Width": 0.11119605600833893,
          "Height": 0.02487040124833584,
          "Left": 0.5540292859077454,
          "Top": 0.4346005916595459
        },
        "Polygon": [
          {
            "X": 0.5540292859077454,
            "Y": 0.4347359836101532
          },
          {
            "X": 0.6651368141174316,
            "Y": 0.4346005916595459
          },
          {
            "X": 0.6652253270149231,
            "Y": 0.45933136343955994
          },
          {
            "X": 0.5541086196899414,
            "Y": 0.4594709873199463
          }
        ]
      },
      "Id": "71431f41-f98d-48f8-95c8-7d718ca2f55d",
      "Relationships": [
        {
          "Type": "CHILD",
          "Ids": [
            "5c6d0465-2ade-4bd0-9e49-587b4d68a3ac",
            "32a7cffb-f5e9-4b71-bb73-72f1a567421e",
            "db8328c9-9a06-45cb-b454-e73c54e870f9",
            "cf7226f4-2cb2-4c18-a7cb-a922d82368e3"
          ]
        }
      ],
      "Page": 1
    },
    {
      "BlockType": "LINE",
      "Confidence": 44.88496017456055,
      "Text": "(mol/m³)",
      "Geometry": {
        "BoundingBox": {
          "Width": 0.055571381002664566,
          "Height": 0.026706596836447716,
          "Left": 0.6906797289848328,
          "Top": 0.4290429949760437
        },
        "Polygon": [
          {
            "X": 0.6906797289848328,
            "Y": 0.4291101396083832
          },
          {
            "X": 0.7461485266685486,
            "Y": 0.4290429949760437
          },
          {
            "X": 0.7462511658668518,
            "Y": 0.4556801915168762
          },
          {
            "X": 0.6907774209976196,
            "Y": 0.45574960112571716
          }
        ]
      },
      "Id": "f88c9e0f-6959-4bed-812a-5d442f9e89dc",
      "Relationships": [
        {
          "Type": "CHILD",
          "Ids": [
            "04d17bbd-e3da-4599-a394-54cf5f90ef4d"
          ]
        }
      ],
      "Page": 1
    },
    {
      "BlockType": "LINE",
      "Confidence": 99.52916717529297,
      "Text": "EP",
      "Geometry": {
        "BoundingBox": {
          "Width": 0.015306644141674042,
          "Height": 0.016119157895445824,
          "Left": 0.2459135353565216,
          "Top": 0.4829631745815277
        },
        "Polygon": [
          {
            "X": 0.2459135353565216,
            "Y": 0.48298290371894836
          },
          {
            "X": 0.2611843943595886,
            "Y": 0.4829631745815277
          },
          {
            "X": 0.26122018694877625,
            "Y": 0.4990622103214264
          },
          {
            "X": 0.24594847857952118,
            "Y": 0.4990823268890381
          }
        ]
      },
      "Id": "bf993c39-9566-4001-8856-5220616ffc64",
      "Relationships": [
        {
          "Type": "CHILD",
          "Ids": [
            "151291f7-ce0f-4c37-b1e1-f4592f483bdf"
          ]
        }
      ],
      "Page": 1
    },
    {
      "BlockType": "LINE",
      "Confidence": 99.9520034790039,
      "Text": "185",
      "Geometry": {
        "BoundingBox": {
          "Width": 0.02151193656027317,
          "Height": 0.017720170319080353,
          "Left": 0.3724614083766937,
          "Top": 0.48214876651763916
        },
        "Polygon": [
          {
            "X": 0.3724614083766937,
            "Y": 0.4821764826774597
          },
          {
            "X": 0.39392614364624023,
            "Y": 0.48214876651763916
          },
          {
            "X": 0.39397335052490234,
            "Y": 0.499840646982193
          },
          {
            "X": 0.37250733375549316,
            "Y": 0.4998689293861389
          }
        ]
      },
      "Id": "c05e7182-862f-454a-af66-ab0c00d38fec",
      "Relationships": [
        {
          "Type": "CHILD",
          "Ids": [
            "6ca64878-ff75-4b65-94b1-fb522fb535ba"
          ]
        }
      ],
      "Page": 1
    },
    {
      "BlockType": "LINE",
      "Confidence": 99.88259887695312,
      "Text": "2926",
      "Geometry": {
        "BoundingBox": {
          "Width": 0.02942376583814621,
          "Height": 0.01764919050037861,
          "Left": 0.4267546236515045,
          "Top": 0.48209887742996216
        },
        "Polygon": [
          {
            "X": 0.4267546236515045,
            "Y": 0.4821368157863617
          },
          {
            "X": 0.45612770318984985,
            "Y": 0.48209887742996216
          },
          {
            "X": 0.45617836713790894,
            "Y": 0.4997093379497528
          },
          {
            "X": 0.4268035292625427,
            "Y": 0.4997480809688568
          }
        ]
      },
      "Id": "c51b4fd0-2d46-45c5-bb89-db70d10f2934",
      "Relationships": [
        {
          "Type": "CHILD",
          "Ids": [
            "e46ed2d6-5943-41bd-8198-cbc3ea46236b"
          ]
        }
      ],
      "Page": 1
    },
    {
      "BlockType": "LINE",
      "Confidence": 88.68816375732422,
      "Text": "47.29",
      "Geometry": {
        "BoundingBox": {
          "Width": 0.03379252552986145,
          "Height": 0.017558006569743156,
          "Left": 0.5539324879646301,
          "Top": 0.48184433579444885
        },
        "Polygon": [
          {
            "X": 0.5539324879646301,
            "Y": 0.48188790678977966
          },
          {
            "X": 0.5876668691635132,
            "Y": 0.48184433579444885
          },
          {
            "X": 0.587725043296814,
            "Y": 0.4993578791618347
          },
          {
            "X": 0.5539886355400085,
            "Y": 0.49940234422683716
          }
        ]
      },
      "Id": "d0e876b8-eea9-43c2-bcb9-2077853d860e",
      "Relationships": [
        {
          "Type": "CHILD",
          "Ids": [
            "0d5bdf42-ee41-47ce-a72a-9dd815778bd5"
          ]
        }
      ],
      "Page": 1
    },
    {
      "BlockType": "LINE",
      "Confidence": 99.85430145263672,
      "Text": "3.81",
      "Geometry": {
        "BoundingBox": {
          "Width": 0.024533310905098915,
          "Height": 0.017876479774713516,
          "Left": 0.6901926398277283,
          "Top": 0.48221972584724426
        },
        "Polygon": [
          {
            "X": 0.6901926398277283,
            "Y": 0.4822513163089752
          },
          {
            "X": 0.7146591544151306,
            "Y": 0.48221972584724426
          },
          {
            "X": 0.7147259712219238,
            "Y": 0.5000638961791992
          },
          {
            "X": 0.6902580261230469,
            "Y": 0.5000962018966675
          }
        ]
      },
      "Id": "f660bdca-8933-461a-b718-e523ce806060",
      "Relationships": [
        {
          "Type": "CHILD",
          "Ids": [
            "50a67a3a-ae7e-4861-892f-4540743d8d50"
          ]
        }
      ],
      "Page": 1
    },
    {
      "BlockType": "LINE",
      "Confidence": 98.45013427734375,
      "Text": "EP/7.5%TAP",
      "Geometry": {
        "BoundingBox": {
          "Width": 0.07821843028068542,
          "Height": 0.01858808472752571,
          "Left": 0.2460048496723175,
          "Top": 0.5139147639274597
        },
        "Polygon": [
          {
            "X": 0.2460048496723175,
            "Y": 0.5140195488929749
          },
          {
            "X": 0.3241783082485199,
            "Y": 0.5139147639274597
          },
          {
            "X": 0.32422327995300293,
            "Y": 0.5323958992958069
          },
          {
            "X": 0.24604497849941254,
            "Y": 0.5325028896331787
          }
        ]
      },
      "Id": "f6d91f7a-a78a-4d07-b61d-1df3ed8ca0ea",
      "Relationships": [
        {
          "Type": "CHILD",
          "Ids": [
            "696b8179-3cac-4565-9687-f560a6edee64"
          ]
        }
      ],
      "Page": 1
    },
    {
      "BlockType": "LINE",
      "Confidence": 99.95772552490234,
      "Text": "185",
      "Geometry": {
        "BoundingBox": {
          "Width": 0.021498750895261765,
          "Height": 0.01736832968890667,
          "Left": 0.3724626302719116,
          "Top": 0.5137237310409546
        },
        "Polygon": [
          {
            "X": 0.3724626302719116,
            "Y": 0.5137524604797363
          },
          {
            "X": 0.3939151167869568,
            "Y": 0.5137237310409546
          },
          {
            "X": 0.3939613699913025,
            "Y": 0.5310627222061157
          },
          {
            "X": 0.37250763177871704,
            "Y": 0.5310920476913452
          }
        ]
      },
      "Id": "204e44e4-3e7d-4545-b4f4-04c303d61132",
      "Relationships": [
        {
          "Type": "CHILD",
          "Ids": [
            "bc0ecee2-965b-4e0e-b58b-61c421e7ffe2"
          ]
        }
      ],
      "Page": 1
    },
    {
      "BlockType": "LINE",
      "Confidence": 99.9571533203125,
      "Text": "2966",
      "Geometry": {
        "BoundingBox": {
          "Width": 0.029513582587242126,
          "Height": 0.017184346914291382,
          "Left": 0.42674556374549866,
          "Top": 0.5138802528381348
        },
        "Polygon": [
          {
            "X": 0.42674556374549866,
            "Y": 0.5139197111129761
          },
          {
            "X": 0.45620980858802795,
            "Y": 0.5138802528381348
          },
          {
            "X": 0.4562591314315796,
            "Y": 0.5310243368148804
          },
          {
            "X": 0.4267931878566742,
            "Y": 0.5310645699501038
          }
        ]
      },
      "Id": "ba7f3a87-8cc9-449a-bccc-c06c18a98144",
      "Relationships": [
        {
          "Type": "CHILD",
          "Ids": [
            "e74ffe63-3f5a-45ed-b327-7083b9e85d93"
          ]
        }
      ],
      "Page": 1
    },
    {
      "BlockType": "LINE",
      "Confidence": 60.13046646118164,
      "Text": "38.94",
      "Geometry": {
        "BoundingBox": {
          "Width": 0.033657580614089966,
          "Height": 0.017765644937753677,
          "Left": 0.554147481918335,
          "Top": 0.5135697722434998
        },
        "Polygon": [
          {
            "X": 0.554147481918335,
            "Y": 0.5136147737503052
          },
          {
            "X": 0.587746262550354,
            "Y": 0.5135697722434998
          },
          {
            "X": 0.5878050923347473,
            "Y": 0.5312894582748413
          },
          {
            "X": 0.5542042851448059,
            "Y": 0.5313354134559631
          }
        ]
      },
      "Id": "859ab647-2f7d-445e-9c17-ae2e0dbf3b0d",
      "Relationships": [
        {
          "Type": "CHILD",
          "Ids": [
            "46e74e45-7136-4a16-b2a9-e7bc832a9c6c"
          ]
        }
      ],
      "Page": 1
    },
    {
      "BlockType": "LINE",
      "Confidence": 99.435546875,
      "Text": "3.13",
      "Geometry": {
        "BoundingBox": {
          "Width": 0.025952333584427834,
          "Height": 0.018527815118432045,
          "Left": 0.6900816559791565,
          "Top": 0.5128111839294434
        },
        "Polygon": [
          {
            "X": 0.6900816559791565,
            "Y": 0.5128458142280579
          },
          {
            "X": 0.7159646153450012,
            "Y": 0.5128111839294434
          },
          {
            "X": 0.7160339951515198,
            "Y": 0.5313035845756531
          },
          {
            "X": 0.6901493668556213,
            "Y": 0.5313389897346497
          }
        ]
      },
      "Id": "64ae4c07-cc8d-4c59-af67-9a7e7ac8f15a",
      "Relationships": [
        {
          "Type": "CHILD",
          "Ids": [
            "7787a23f-6708-4be2-9c97-d3252fd4222e"
          ]
        }
      ],
      "Page": 1
    },
    {
      "BlockType": "LINE",
      "Confidence": 99.24980163574219,
      "Text": "EP/10%TAP",
      "Geometry": {
        "BoundingBox": {
          "Width": 0.07427656650543213,
          "Height": 0.018014246597886086,
          "Left": 0.24578818678855896,
          "Top": 0.5452596545219421
        },
        "Polygon": [
          {
            "X": 0.24578818678855896,
            "Y": 0.5453627109527588
          },
          {
            "X": 0.3200214207172394,
            "Y": 0.5452596545219421
          },
          {
            "X": 0.3200647532939911,
            "Y": 0.5631687641143799
          },
          {
            "X": 0.24582704901695251,
            "Y": 0.5632739067077637
          }
        ]
      },
      "Id": "474530f0-e208-4961-ae62-2e4a69d0b132",
      "Relationships": [
        {
          "Type": "CHILD",
          "Ids": [
            "79945c9c-5ca4-4e2a-8cfe-0a39a2b97aaf"
          ]
        }
      ],
      "Page": 1
    },
    {
      "BlockType": "LINE",
      "Confidence": 99.9350814819336,
      "Text": "178",
      "Geometry": {
        "BoundingBox": {
          "Width": 0.02168668620288372,
          "Height": 0.017315980046987534,
          "Left": 0.37238454818725586,
          "Top": 0.5451971292495728
        },
        "Polygon": [
          {
            "X": 0.37238454818725586,
            "Y": 0.5452271699905396
          },
          {
            "X": 0.39402511715888977,
            "Y": 0.5451971292495728
          },
          {
            "X": 0.3940712511539459,
            "Y": 0.562482476234436
          },
          {
            "X": 0.37242943048477173,
            "Y": 0.5625131130218506
          }
        ]
      },
      "Id": "d7fa36da-c83b-4dd0-955f-eb03db700ab4",
      "Relationships": [
        {
          "Type": "CHILD",
          "Ids": [
            "4a44db7c-f254-4269-92d3-7299b5c2f6c9"
          ]
        }
      ],
      "Page": 1
    },
    {
      "BlockType": "LINE",
      "Confidence": 99.9494857788086,
      "Text": "3200",
      "Geometry": {
        "BoundingBox": {
          "Width": 0.029812850058078766,
          "Height": 0.017498303204774857,
          "Left": 0.4265768527984619,
          "Top": 0.5450274348258972
        },
        "Polygon": [
          {
            "X": 0.4265768527984619,
            "Y": 0.5450687408447266
          },
          {
            "X": 0.4563394784927368,
            "Y": 0.5450274348258972
          },
          {
            "X": 0.4563896954059601,
            "Y": 0.5624836087226868
          },
          {
            "X": 0.4266253411769867,
            "Y": 0.562525749206543
          }
        ]
      },
      "Id": "7a5863d3-a4fa-4436-8982-2a2670074672",
      "Relationships": [
        {
          "Type": "CHILD",
          "Ids": [
            "082d43c9-49d5-4a05-81da-4d4c55362911"
          ]
        }
      ],
      "Page": 1
    },
    {
      "BlockType": "LINE",
      "Confidence": 94.77437591552734,
      "Text": "32.95",
      "Geometry": {
        "BoundingBox": {
          "Width": 0.03347179666161537,
          "Height": 0.017603464424610138,
          "Left": 0.5541962385177612,
          "Top": 0.5449547171592712
        },
        "Polygon": [
          {
            "X": 0.5541962385177612,
            "Y": 0.5450011491775513
          },
          {
            "X": 0.5876097679138184,
            "Y": 0.5449547171592712
          },
          {
            "X": 0.5876680016517639,
            "Y": 0.5625109076499939
          },
          {
            "X": 0.5542525053024292,
            "Y": 0.5625582337379456
          }
        ]
      },
      "Id": "862ee1eb-a6ce-46cd-8b52-4d67478f7235",
      "Relationships": [
        {
          "Type": "CHILD",
          "Ids": [
            "398f5a7e-df36-4f32-ba42-bd7db95700ca"
          ]
        }
      ],
      "Page": 1
    },
    {
      "BlockType": "LINE",
      "Confidence": 81.14527130126953,
      "Text": "2.69",
      "Geometry": {
        "BoundingBox": {
          "Width": 0.025851042941212654,
          "Height": 0.017769979313015938,
          "Left": 0.6901895403862,
          "Top": 0.5446521043777466
        },
        "Polygon": [
          {
            "X": 0.6901895403862,
            "Y": 0.5446878671646118
          },
          {
            "X": 0.7159740924835205,
            "Y": 0.5446521043777466
          },
          {
            "X": 0.7160405516624451,
            "Y": 0.5623855590820312
          },
          {
            "X": 0.6902545094490051,
            "Y": 0.5624220371246338
          }
        ]
      },
      "Id": "4605f286-cfc9-4966-8a6b-346b0fb44393",
      "Relationships": [
        {
          "Type": "CHILD",
          "Ids": [
            "c93eecf5-7b04-4ed1-b4e6-4e9c3ae26544"
          ]
        }
      ],
      "Page": 1
    },
    {
      "BlockType": "LINE",
      "Confidence": 98.7613525390625,
      "Text": "EP/12.5%TAP",
      "Geometry": {
        "BoundingBox": {
          "Width": 0.08525115251541138,
          "Height": 0.018400344997644424,
          "Left": 0.2461494505405426,
          "Top": 0.576553463935852
        },
        "Polygon": [
          {
            "X": 0.2461494505405426,
            "Y": 0.5766758322715759
          },
          {
            "X": 0.3313556909561157,
            "Y": 0.576553463935852
          },
          {
            "X": 0.331400603055954,
            "Y": 0.5948289632797241
          },
          {
            "X": 0.24618913233280182,
            "Y": 0.5949537754058838
          }
        ]
      },
      "Id": "c44686a7-2baa-4342-bac3-3a6663782406",
      "Relationships": [
        {
          "Type": "CHILD",
          "Ids": [
            "21e89803-d67c-4587-990e-600e039e1dcc"
          ]
        }
      ],
      "Page": 1
    },
    {
      "BlockType": "LINE",
      "Confidence": 99.6944580078125,
      "Text": "177",
      "Geometry": {
        "BoundingBox": {
          "Width": 0.021608950570225716,
          "Height": 0.016845710575580597,
          "Left": 0.3723660707473755,
          "Top": 0.576730489730835
        },
        "Polygon": [
          {
            "X": 0.3723660707473755,
            "Y": 0.5767614841461182
          },
          {
            "X": 0.3939301669597626,
            "Y": 0.576730489730835
          },
          {
            "X": 0.39397501945495605,
            "Y": 0.5935446619987488
          },
          {
            "X": 0.3724097013473511,
            "Y": 0.593576192855835
          }
        ]
      },
      "Id": "9a08f9a2-fbcb-48ef-8f57-4d5a0893f36e",
      "Relationships": [
        {
          "Type": "CHILD",
          "Ids": [
            "a98d7e0a-bdf4-40fb-84cc-5cf09cb3ba86"
          ]
        }
      ],
      "Page": 1
    },
    {
      "BlockType": "LINE",
      "Confidence": 99.9291000366211,
      "Text": "3141",
      "Geometry": {
        "BoundingBox": {
          "Width": 0.028513533994555473,
          "Height": 0.0171370729804039,
          "Left": 0.4265831708908081,
          "Top": 0.5764296650886536
        },
        "Polygon": [
          {
            "X": 0.4265831708908081,
            "Y": 0.5764705538749695
          },
          {
            "X": 0.4550475776195526,
            "Y": 0.5764296650886536
          },
          {
            "X": 0.45509669184684753,
            "Y": 0.5935251116752625
          },
          {
            "X": 0.4266306459903717,
            "Y": 0.5935667157173157
          }
        ]
      },
      "Id": "f6e8e585-100a-4789-86eb-c0b4e0e683c4",
      "Relationships": [
        {
          "Type": "CHILD",
          "Ids": [
            "e8c69331-41bc-4935-8078-fe995e58fe80"
          ]
        }
      ],
      "Page": 1
    },
    {
      "BlockType": "LINE",
      "Confidence": 85.94173431396484,
      "Text": "31.59",
      "Geometry": {
        "BoundingBox": {
          "Width": 0.03342651203274727,
          "Height": 0.017354780808091164,
          "Left": 0.5542528629302979,
          "Top": 0.576320469379425
        },
        "Polygon": [
          {
            "X": 0.5542528629302979,
            "Y": 0.5763684511184692
          },
          {
            "X": 0.5876219868659973,
            "Y": 0.576320469379425
          },
          {
            "X": 0.587679386138916,
            "Y": 0.5936264395713806
          },
          {
            "X": 0.5543083548545837,
            "Y": 0.5936752557754517
          }
        ]
      },
      "Id": "35a70c97-b932-4874-b64d-ea1beaf2721a",
      "Relationships": [
        {
          "Type": "CHILD",
          "Ids": [
            "c58236d4-d175-42f0-ac54-6b8778410949"
          ]
        }
      ],
      "Page": 1
    },
    {
      "BlockType": "LINE",
      "Confidence": 89.40673828125,
      "Text": "2.59",
      "Geometry": {
        "BoundingBox": {
          "Width": 0.02584594488143921,
          "Height": 0.017425883561372757,
          "Left": 0.6901504397392273,
          "Top": 0.5761550068855286
        },
        "Polygon": [
          {
            "X": 0.6901504397392273,
            "Y": 0.5761920809745789
          },
          {
            "X": 0.7159311771392822,
            "Y": 0.5761550068855286
          },
          {
            "X": 0.7159963846206665,
            "Y": 0.5935431718826294
          },
          {
            "X": 0.6902140974998474,
            "Y": 0.5935809016227722
          }
        ]
      },
      "Id": "3f7ddc4d-23f3-4355-9394-e26862e08d10",
      "Relationships": [
        {
          "Type": "CHILD",
          "Ids": [
            "f5267ea2-97c9-4a88-a076-0cc585131540"
          ]
        }
      ],
      "Page": 1
    },
    {
      "BlockType": "WORD",
      "Confidence": 99.3134765625,
      "Text": "Sample",
      "TextType": "PRINTED",
      "Geometry": {
        "BoundingBox": {
          "Width": 0.04231083020567894,
          "Height": 0.022189049050211906,
          "Left": 0.24637937545776367,
          "Top": 0.4036136567592621
        },
        "Polygon": [
          {
            "X": 0.24637937545776367,
            "Y": 0.40366309881210327
          },
          {
            "X": 0.2886389493942261,
            "Y": 0.4036136567592621
          },
          {
            "X": 0.2886902093887329,
            "Y": 0.42575180530548096
          },
          {
            "X": 0.2464274764060974,
            "Y": 0.42580270767211914
          }
        ]
      },
      "Id": "79ea7ea0-3489-4ff9-b03b-fe90a6ca7680",
      "Page": 1
    },
    {
      "BlockType": "WORD",
      "Confidence": 65.5336685180664,
      "Text": "Tg",
      "TextType": "PRINTED",
      "Geometry": {
        "BoundingBox": {
          "Width": 0.014333616942167282,
          "Height": 0.023801419883966446,
          "Left": 0.37084391713142395,
          "Top": 0.4047413766384125
        },
        "Polygon": [
          {
            "X": 0.37084391713142395,
            "Y": 0.404758095741272
          },
          {
            "X": 0.38511475920677185,
            "Y": 0.4047413766384125
          },
          {
            "X": 0.38517752289772034,
            "Y": 0.42852553725242615
          },
          {
            "X": 0.3709055483341217,
            "Y": 0.4285427927970886
          }
        ]
      },
      "Id": "7f72823f-6147-481b-843d-9cad6777a84a",
      "Page": 1
    },
    {
      "BlockType": "WORD",
      "Confidence": 99.8811264038086,
      "Text": "Storage",
      "TextType": "PRINTED",
      "Geometry": {
        "BoundingBox": {
          "Width": 0.04466498643159866,
          "Height": 0.021712183952331543,
          "Left": 0.4262870252132416,
          "Top": 0.40398189425468445
        },
        "Polygon": [
          {
            "X": 0.4262870252132416,
            "Y": 0.4040341079235077
          },
          {
            "X": 0.47088858485221863,
            "Y": 0.40398189425468445
          },
          {
            "X": 0.47095200419425964,
            "Y": 0.425640344619751
          },
          {
            "X": 0.42634716629981995,
            "Y": 0.425694078207016
          }
        ]
      },
      "Id": "4947cca0-a29f-4b92-af36-e8f0b72c9582",
      "Page": 1
    },
    {
      "BlockType": "WORD",
      "Confidence": 99.8296127319336,
      "Text": "modulus",
      "TextType": "PRINTED",
      "Geometry": {
        "BoundingBox": {
          "Width": 0.05158783122897148,
          "Height": 0.0182757917791605,
          "Left": 0.47490909695625305,
          "Top": 0.4034123718738556
        },
        "Polygon": [
          {
            "X": 0.47490909695625305,
            "Y": 0.4034726917743683
          },
          {
            "X": 0.5264402031898499,
            "Y": 0.4034123718738556
          },
          {
            "X": 0.526496946811676,
            "Y": 0.42162641882896423
          },
          {
            "X": 0.47496268153190613,
            "Y": 0.42168816924095154
          }
        ]
      },
      "Id": "54ef90b5-28fc-4c5c-93b9-a8125d2ff00a",
      "Page": 1
    },
    {
      "BlockType": "WORD",
      "Confidence": 99.93453979492188,
      "Text": "Storage",
      "TextType": "PRINTED",
      "Geometry": {
        "BoundingBox": {
          "Width": 0.044981420040130615,
          "Height": 0.022242996841669083,
          "Left": 0.5540190935134888,
          "Top": 0.40383318066596985
        },
        "Polygon": [
          {
            "X": 0.5540190935134888,
            "Y": 0.40388578176498413
          },
          {
            "X": 0.5989260077476501,
            "Y": 0.40383318066596985
          },
          {
            "X": 0.5990005135536194,
            "Y": 0.4260220527648926
          },
          {
            "X": 0.5540902614593506,
            "Y": 0.42607617378234863
          }
        ]
      },
      "Id": "a3bd8c59-ce9e-429b-b9b9-1fdbea49435a",
      "Page": 1
    },
    {
      "BlockType": "WORD",
      "Confidence": 99.83564758300781,
      "Text": "modulus",
      "TextType": "PRINTED",
      "Geometry": {
        "BoundingBox": {
          "Width": 0.05137539654970169,
          "Height": 0.018901310861110687,
          "Left": 0.6026129722595215,
          "Top": 0.40315210819244385
        },
        "Polygon": [
          {
            "X": 0.6026129722595215,
            "Y": 0.40321213006973267
          },
          {
            "X": 0.6539216041564941,
            "Y": 0.40315210819244385
          },
          {
            "X": 0.6539883613586426,
            "Y": 0.42199188470840454
          },
          {
            "X": 0.6026764512062073,
            "Y": 0.42205342650413513
          }
        ]
      },
      "Id": "36ea340e-8f27-4391-b717-3489b3188f31",
      "Page": 1
    },
    {
      "BlockType": "WORD",
      "Confidence": 90.1750717163086,
      "Text": "Ve",
      "TextType": "PRINTED",
      "Geometry": {
        "BoundingBox": {
          "Width": 0.011531333439052105,
          "Height": 0.016744254156947136,
          "Left": 0.6900449395179749,
          "Top": 0.4083549380302429
        },
        "Polygon": [
          {
            "X": 0.6900449395179749,
            "Y": 0.40836846828460693
          },
          {
            "X": 0.7015143036842346,
            "Y": 0.4083549380302429
          },
          {
            "X": 0.701576292514801,
            "Y": 0.4250853955745697
          },
          {
            "X": 0.690106213092804,
            "Y": 0.4250991940498352
          }
        ]
      },
      "Id": "6701cc1c-3b30-45b6-8329-41d6ad37e5c1",
      "Page": 1
    },
    {
      "BlockType": "WORD",
      "Confidence": 60.40525436401367,
      "Text": "x",
      "TextType": "PRINTED",
      "Geometry": {
        "BoundingBox": {
          "Width": 0.007923890836536884,
          "Height": 0.013416429981589317,
          "Left": 0.7060877680778503,
          "Top": 0.4082341492176056
        },
        "Polygon": [
          {
            "X": 0.7060877680778503,
            "Y": 0.40824341773986816
          },
          {
            "X": 0.7139614224433899,
            "Y": 0.4082341492176056
          },
          {
            "X": 0.7140116691589355,
            "Y": 0.42164114117622375
          },
          {
            "X": 0.7061375975608826,
            "Y": 0.42165058851242065
          }
        ]
      },
      "Id": "2cf8d8d8-0711-4cc4-905f-9e95773dbc75",
      "Page": 1
    },
    {
      "BlockType": "WORD",
      "Confidence": 76.18103790283203,
      "Text": "10-3",
      "TextType": "PRINTED",
      "Geometry": {
        "BoundingBox": {
          "Width": 0.028185706585645676,
          "Height": 0.023600410670042038,
          "Left": 0.7203505039215088,
          "Top": 0.39813461899757385
        },
        "Polygon": [
          {
            "X": 0.7203505039215088,
            "Y": 0.39816728234291077
          },
          {
            "X": 0.7484452128410339,
            "Y": 0.39813461899757385
          },
          {
            "X": 0.748536229133606,
            "Y": 0.4217013418674469
          },
          {
            "X": 0.7204392552375793,
            "Y": 0.421735018491745
          }
        ]
      },
      "Id": "bdfb07f0-808a-4598-acb9-02d35fc9e84c",
      "Page": 1
    },
    {
      "BlockType": "WORD",
      "Confidence": 41.8937873840332,
      "Text": "(C)",
      "TextType": "PRINTED",
      "Geometry": {
        "BoundingBox": {
          "Width": 0.023314164951443672,
          "Height": 0.021629896014928818,
          "Left": 0.37221211194992065,
          "Top": 0.4340396225452423
        },
        "Polygon": [
          {
            "X": 0.37221211194992065,
            "Y": 0.43406790494918823
          },
          {
            "X": 0.395468533039093,
            "Y": 0.4340396225452423
          },
          {
            "X": 0.39552628993988037,
            "Y": 0.45564043521881104
          },
          {
            "X": 0.3722681999206543,
            "Y": 0.45566949248313904
          }
        ]
      },
      "Id": "3b769b70-c6f7-40e0-8f95-a6dc68c0f0f6",
      "Page": 1
    },
    {
      "BlockType": "WORD",
      "Confidence": 99.8990249633789,
      "Text": "at",
      "TextType": "PRINTED",
      "Geometry": {
        "BoundingBox": {
          "Width": 0.01121538132429123,
          "Height": 0.015438415110111237,
          "Left": 0.42645302414894104,
          "Top": 0.4374259412288666
        },
        "Polygon": [
          {
            "X": 0.42645302414894104,
            "Y": 0.43743959069252014
          },
          {
            "X": 0.4376249611377716,
            "Y": 0.4374259412288666
          },
          {
            "X": 0.4376683831214905,
            "Y": 0.45285043120384216
          },
          {
            "X": 0.42649585008621216,
            "Y": 0.4528643488883972
          }
        ]
      },
      "Id": "274adcd8-cc96-496d-8d9f-b4de04c594b3",
      "Page": 1
    },
    {
      "BlockType": "WORD",
      "Confidence": 99.49308013916016,
      "Text": "30",
      "TextType": "PRINTED",
      "Geometry": {
        "BoundingBox": {
          "Width": 0.014831152744591236,
          "Height": 0.017668480053544044,
          "Left": 0.4420434236526489,
          "Top": 0.4353601038455963
        },
        "Polygon": [
          {
            "X": 0.4420434236526489,
            "Y": 0.4353781044483185
          },
          {
            "X": 0.4568237364292145,
            "Y": 0.4353601038455963
          },
          {
            "X": 0.4568745791912079,
            "Y": 0.4530101418495178
          },
          {
            "X": 0.4420933723449707,
            "Y": 0.4530285894870758
          }
        ]
      },
      "Id": "4ece8831-b987-4c75-863b-97e4cf8f64e0",
      "Page": 1
    },
    {
      "BlockType": "WORD",
      "Confidence": 67.45072937011719,
      "Text": "°C",
      "TextType": "PRINTED",
      "Geometry": {
        "BoundingBox": {
          "Width": 0.014474058523774147,
          "Height": 0.018460089340806007,
          "Left": 0.4608812630176544,
          "Top": 0.43436485528945923
        },
        "Polygon": [
          {
            "X": 0.4608812630176544,
            "Y": 0.4343824088573456
          },
          {
            "X": 0.4753010869026184,
            "Y": 0.43436485528945923
          },
          {
            "X": 0.475355327129364,
            "Y": 0.4528069794178009
          },
          {
            "X": 0.4609346389770508,
            "Y": 0.4528249502182007
          }
        ]
      },
      "Id": "478a760c-7de0-4c96-892b-dbebe4dd0346",
      "Page": 1
    },
    {
      "BlockType": "WORD",
      "Confidence": 99.55661010742188,
      "Text": "(MPa)",
      "TextType": "PRINTED",
      "Geometry": {
        "BoundingBox": {
          "Width": 0.03572545945644379,
          "Height": 0.020649084821343422,
          "Left": 0.4797511100769043,
          "Top": 0.43479105830192566
        },
        "Polygon": [
          {
            "X": 0.4797511100769043,
            "Y": 0.4348345100879669
          },
          {
            "X": 0.5154131650924683,
            "Y": 0.43479105830192566
          },
          {
            "X": 0.5154765844345093,
            "Y": 0.45539554953575134
          },
          {
            "X": 0.47981205582618713,
            "Y": 0.45544013381004333
          }
        ]
      },
      "Id": "571a0be7-ce6a-4dc5-bf32-65b99a4aa051",
      "Page": 1
    },
    {
      "BlockType": "WORD",
      "Confidence": 99.92575073242188,
      "Text": "at",
      "TextType": "PRINTED",
      "Geometry": {
        "BoundingBox": {
          "Width": 0.011504046618938446,
          "Height": 0.015711745247244835,
          "Left": 0.5540374517440796,
          "Top": 0.43727001547813416
        },
        "Polygon": [
          {
            "X": 0.5540374517440796,
            "Y": 0.43728402256965637
          },
          {
            "X": 0.5654906034469604,
            "Y": 0.43727001547813416
          },
          {
            "X": 0.5655415058135986,
            "Y": 0.45296749472618103
          },
          {
            "X": 0.5540878176689148,
            "Y": 0.45298177003860474
          }
        ]
      },
      "Id": "5c6d0465-2ade-4bd0-9e49-587b4d68a3ac",
      "Page": 1
    },
    {
      "BlockType": "WORD",
      "Confidence": 38.976470947265625,
      "Text": "T8+40",
      "TextType": "PRINTED",
      "Geometry": {
        "BoundingBox": {
          "Width": 0.03952299803495407,
          "Height": 0.024683646857738495,
          "Left": 0.5683297514915466,
          "Top": 0.4347693622112274
        },
        "Polygon": [
          {
            "X": 0.5683297514915466,
            "Y": 0.43481743335723877
          },
          {
            "X": 0.6077693104743958,
            "Y": 0.4347693622112274
          },
          {
            "X": 0.6078527569770813,
            "Y": 0.45940345525741577
          },
          {
            "X": 0.5684099197387695,
            "Y": 0.4594530165195465
          }
        ]
      },
      "Id": "32a7cffb-f5e9-4b71-bb73-72f1a567421e",
      "Page": 1
    },
    {
      "BlockType": "WORD",
      "Confidence": 91.30855560302734,
      "Text": "°C",
      "TextType": "PRINTED",
      "Geometry": {
        "BoundingBox": {
          "Width": 0.014977168291807175,
          "Height": 0.019205059856176376,
          "Left": 0.6110773682594299,
          "Top": 0.4346483051776886
        },
        "Polygon": [
          {
            "X": 0.6110773682594299,
            "Y": 0.4346664547920227
          },
          {
            "X": 0.6259883642196655,
            "Y": 0.4346483051776886
          },
          {
            "X": 0.6260545253753662,
            "Y": 0.45383474230766296
          },
          {
            "X": 0.6111425757408142,
            "Y": 0.4538533687591553
          }
        ]
      },
      "Id": "db8328c9-9a06-45cb-b454-e73c54e870f9",
      "Page": 1
    },
    {
      "BlockType": "WORD",
      "Confidence": 99.83169555664062,
      "Text": "(MPa)",
      "TextType": "PRINTED",
      "Geometry": {
        "BoundingBox": {
          "Width": 0.03574155643582344,
          "Height": 0.02118932269513607,
          "Left": 0.6294713020324707,
          "Top": 0.43470299243927
        },
        "Polygon": [
          {
            "X": 0.6294713020324707,
            "Y": 0.43474647402763367
          },
          {
            "X": 0.6651371717453003,
            "Y": 0.43470299243927
          },
          {
            "X": 0.665212869644165,
            "Y": 0.45584768056869507
          },
          {
            "X": 0.6295444965362549,
            "Y": 0.45589232444763184
          }
        ]
      },
      "Id": "cf7226f4-2cb2-4c18-a7cb-a922d82368e3",
      "Page": 1
    },
    {
      "BlockType": "WORD",
      "Confidence": 44.88496017456055,
      "Text": "(mol/m³)",
      "TextType": "PRINTED",
      "Geometry": {
        "BoundingBox": {
          "Width": 0.055571381002664566,
          "Height": 0.026706596836447716,
          "Left": 0.6906797289848328,
          "Top": 0.4290429949760437
        },
        "Polygon": [
          {
            "X": 0.6906797289848328,
            "Y": 0.4291101396083832
          },
          {
            "X": 0.7461485266685486,
            "Y": 0.4290429949760437
          },
          {
            "X": 0.7462511658668518,
            "Y": 0.4556801915168762
          },
          {
            "X": 0.6907774209976196,
            "Y": 0.45574960112571716
          }
        ]
      },
      "Id": "04d17bbd-e3da-4599-a394-54cf5f90ef4d",
      "Page": 1
    },
    {
      "BlockType": "WORD",
      "Confidence": 99.52916717529297,
      "Text": "EP",
      "TextType": "PRINTED",
      "Geometry": {
        "BoundingBox": {
          "Width": 0.015306644141674042,
          "Height": 0.016119157895445824,
          "Left": 0.2459135353565216,
          "Top": 0.4829631745815277
        },
        "Polygon": [
          {
            "X": 0.2459135353565216,
            "Y": 0.48298290371894836
          },
          {
            "X": 0.2611843943595886,
            "Y": 0.4829631745815277
          },
          {
            "X": 0.26122018694877625,
            "Y": 0.4990622103214264
          },
          {
            "X": 0.24594847857952118,
            "Y": 0.4990823268890381
          }
        ]
      },
      "Id": "151291f7-ce0f-4c37-b1e1-f4592f483bdf",
      "Page": 1
    },
    {
      "BlockType": "WORD",
      "Confidence": 99.9520034790039,
      "Text": "185",
      "TextType": "PRINTED",
      "Geometry": {
        "BoundingBox": {
          "Width": 0.02151193656027317,
          "Height": 0.017720170319080353,
          "Left": 0.3724614083766937,
          "Top": 0.48214876651763916
        },
        "Polygon": [
          {
            "X": 0.3724614083766937,
            "Y": 0.4821764826774597
          },
          {
            "X": 0.39392614364624023,
            "Y": 0.48214876651763916
          },
          {
            "X": 0.39397335052490234,
            "Y": 0.499840646982193
          },
          {
            "X": 0.37250733375549316,
            "Y": 0.4998689293861389
          }
        ]
      },
      "Id": "6ca64878-ff75-4b65-94b1-fb522fb535ba",
      "Page": 1
    },
    {
      "BlockType": "WORD",
      "Confidence": 99.88259887695312,
      "Text": "2926",
      "TextType": "PRINTED",
      "Geometry": {
        "BoundingBox": {
          "Width": 0.02942376583814621,
          "Height": 0.01764919050037861,
          "Left": 0.4267546236515045,
          "Top": 0.48209887742996216
        },
        "Polygon": [
          {
            "X": 0.4267546236515045,
            "Y": 0.4821368157863617
          },
          {
            "X": 0.45612770318984985,
            "Y": 0.48209887742996216
          },
          {
            "X": 0.45617836713790894,
            "Y": 0.4997093379497528
          },
          {
            "X": 0.4268035292625427,
            "Y": 0.4997480809688568
          }
        ]
      },
      "Id": "e46ed2d6-5943-41bd-8198-cbc3ea46236b",
      "Page": 1
    },
    {
      "BlockType": "WORD",
      "Confidence": 88.68816375732422,
      "Text": "47.29",
      "TextType": "PRINTED",
      "Geometry": {
        "BoundingBox": {
          "Width": 0.03379252552986145,
          "Height": 0.017558006569743156,
          "Left": 0.5539324879646301,
          "Top": 0.48184433579444885
        },
        "Polygon": [
          {
            "X": 0.5539324879646301,
            "Y": 0.48188790678977966
          },
          {
            "X": 0.5876668691635132,
            "Y": 0.48184433579444885
          },
          {
            "X": 0.587725043296814,
            "Y": 0.4993578791618347
          },
          {
            "X": 0.5539886355400085,
            "Y": 0.49940234422683716
          }
        ]
      },
      "Id": "0d5bdf42-ee41-47ce-a72a-9dd815778bd5",
      "Page": 1
    },
    {
      "BlockType": "WORD",
      "Confidence": 99.85430145263672,
      "Text": "3.81",
      "TextType": "PRINTED",
      "Geometry": {
        "BoundingBox": {
          "Width": 0.024533310905098915,
          "Height": 0.017876479774713516,
          "Left": 0.6901926398277283,
          "Top": 0.48221972584724426
        },
        "Polygon": [
          {
            "X": 0.6901926398277283,
            "Y": 0.4822513163089752
          },
          {
            "X": 0.7146591544151306,
            "Y": 0.48221972584724426
          },
          {
            "X": 0.7147259712219238,
            "Y": 0.5000638961791992
          },
          {
            "X": 0.6902580261230469,
            "Y": 0.5000962018966675
          }
        ]
      },
      "Id": "50a67a3a-ae7e-4861-892f-4540743d8d50",
      "Page": 1
    },
    {
      "BlockType": "WORD",
      "Confidence": 98.45013427734375,
      "Text": "EP/7.5%TAP",
      "TextType": "PRINTED",
      "Geometry": {
        "BoundingBox": {
          "Width": 0.07821843028068542,
          "Height": 0.01858808472752571,
          "Left": 0.2460048496723175,
          "Top": 0.5139147639274597
        },
        "Polygon": [
          {
            "X": 0.2460048496723175,
            "Y": 0.5140195488929749
          },
          {
            "X": 0.3241783082485199,
            "Y": 0.5139147639274597
          },
          {
            "X": 0.32422327995300293,
            "Y": 0.5323958992958069
          },
          {
            "X": 0.24604497849941254,
            "Y": 0.5325028896331787
          }
        ]
      },
      "Id": "696b8179-3cac-4565-9687-f560a6edee64",
      "Page": 1
    },
    {
      "BlockType": "WORD",
      "Confidence": 99.95772552490234,
      "Text": "185",
      "TextType": "PRINTED",
      "Geometry": {
        "BoundingBox": {
          "Width": 0.021498750895261765,
          "Height": 0.01736832968890667,
          "Left": 0.3724626302719116,
          "Top": 0.5137237310409546
        },
        "Polygon": [
          {
            "X": 0.3724626302719116,
            "Y": 0.5137524604797363
          },
          {
            "X": 0.3939151167869568,
            "Y": 0.5137237310409546
          },
          {
            "X": 0.3939613699913025,
            "Y": 0.5310627222061157
          },
          {
            "X": 0.37250763177871704,
            "Y": 0.5310920476913452
          }
        ]
      },
      "Id": "bc0ecee2-965b-4e0e-b58b-61c421e7ffe2",
      "Page": 1
    },
    {
      "BlockType": "WORD",
      "Confidence": 99.9571533203125,
      "Text": "2966",
      "TextType": "PRINTED",
      "Geometry": {
        "BoundingBox": {
          "Width": 0.029513582587242126,
          "Height": 0.017184346914291382,
          "Left": 0.42674556374549866,
          "Top": 0.5138802528381348
        },
        "Polygon": [
          {
            "X": 0.42674556374549866,
            "Y": 0.5139197111129761
          },
          {
            "X": 0.45620980858802795,
            "Y": 0.5138802528381348
          },
          {
            "X": 0.4562591314315796,
            "Y": 0.5310243368148804
          },
          {
            "X": 0.4267931878566742,
            "Y": 0.5310645699501038
          }
        ]
      },
      "Id": "e74ffe63-3f5a-45ed-b327-7083b9e85d93",
      "Page": 1
    },
    {
      "BlockType": "WORD",
      "Confidence": 60.13046646118164,
      "Text": "38.94",
      "TextType": "PRINTED",
      "Geometry": {
        "BoundingBox": {
          "Width": 0.033657580614089966,
          "Height": 0.017765644937753677,
          "Left": 0.554147481918335,
          "Top": 0.5135697722434998
        },
        "Polygon": [
          {
            "X": 0.554147481918335,
            "Y": 0.5136147737503052
          },
          {
            "X": 0.587746262550354,
            "Y": 0.5135697722434998
          },
          {
            "X": 0.5878050923347473,
            "Y": 0.5312894582748413
          },
          {
            "X": 0.5542042851448059,
            "Y": 0.5313354134559631
          }
        ]
      },
      "Id": "46e74e45-7136-4a16-b2a9-e7bc832a9c6c",
      "Page": 1
    },
    {
      "BlockType": "WORD",
      "Confidence": 99.435546875,
      "Text": "3.13",
      "TextType": "PRINTED",
      "Geometry": {
        "BoundingBox": {
          "Width": 0.025952333584427834,
          "Height": 0.018527815118432045,
          "Left": 0.6900816559791565,
          "Top": 0.5128111839294434
        },
        "Polygon": [
          {
            "X": 0.6900816559791565,
            "Y": 0.5128458142280579
          },
          {
            "X": 0.7159646153450012,
            "Y": 0.5128111839294434
          },
          {
            "X": 0.7160339951515198,
            "Y": 0.5313035845756531
          },
          {
            "X": 0.6901493668556213,
            "Y": 0.5313389897346497
          }
        ]
      },
      "Id": "7787a23f-6708-4be2-9c97-d3252fd4222e",
      "Page": 1
    },
    {
      "BlockType": "WORD",
      "Confidence": 99.24980163574219,
      "Text": "EP/10%TAP",
      "TextType": "PRINTED",
      "Geometry": {
        "BoundingBox": {
          "Width": 0.07427656650543213,
          "Height": 0.018014246597886086,
          "Left": 0.24578818678855896,
          "Top": 0.5452596545219421
        },
        "Polygon": [
          {
            "X": 0.24578818678855896,
            "Y": 0.5453627109527588
          },
          {
            "X": 0.3200214207172394,
            "Y": 0.5452596545219421
          },
          {
            "X": 0.3200647532939911,
            "Y": 0.5631687641143799
          },
          {
            "X": 0.24582704901695251,
            "Y": 0.5632739067077637
          }
        ]
      },
      "Id": "79945c9c-5ca4-4e2a-8cfe-0a39a2b97aaf",
      "Page": 1
    },
    {
      "BlockType": "WORD",
      "Confidence": 99.9350814819336,
      "Text": "178",
      "TextType": "PRINTED",
      "Geometry": {
        "BoundingBox": {
          "Width": 0.02168668620288372,
          "Height": 0.017315980046987534,
          "Left": 0.37238454818725586,
          "Top": 0.5451971292495728
        },
        "Polygon": [
          {
            "X": 0.37238454818725586,
            "Y": 0.5452271699905396
          },
          {
            "X": 0.39402511715888977,
            "Y": 0.5451971292495728
          },
          {
            "X": 0.3940712511539459,
            "Y": 0.562482476234436
          },
          {
            "X": 0.37242943048477173,
            "Y": 0.5625131130218506
          }
        ]
      },
      "Id": "4a44db7c-f254-4269-92d3-7299b5c2f6c9",
      "Page": 1
    },
    {
      "BlockType": "WORD",
      "Confidence": 99.9494857788086,
      "Text": "3200",
      "TextType": "PRINTED",
      "Geometry": {
        "BoundingBox": {
          "Width": 0.029812850058078766,
          "Height": 0.017498303204774857,
          "Left": 0.4265768527984619,
          "Top": 0.5450274348258972
        },
        "Polygon": [
          {
            "X": 0.4265768527984619,
            "Y": 0.5450687408447266
          },
          {
            "X": 0.4563394784927368,
            "Y": 0.5450274348258972
          },
          {
            "X": 0.4563896954059601,
            "Y": 0.5624836087226868
          },
          {
            "X": 0.4266253411769867,
            "Y": 0.562525749206543
          }
        ]
      },
      "Id": "082d43c9-49d5-4a05-81da-4d4c55362911",
      "Page": 1
    },
    {
      "BlockType": "WORD",
      "Confidence": 94.77437591552734,
      "Text": "32.95",
      "TextType": "PRINTED",
      "Geometry": {
        "BoundingBox": {
          "Width": 0.03347179666161537,
          "Height": 0.017603464424610138,
          "Left": 0.5541962385177612,
          "Top": 0.5449547171592712
        },
        "Polygon": [
          {
            "X": 0.5541962385177612,
            "Y": 0.5450011491775513
          },
          {
            "X": 0.5876097679138184,
            "Y": 0.5449547171592712
          },
          {
            "X": 0.5876680016517639,
            "Y": 0.5625109076499939
          },
          {
            "X": 0.5542525053024292,
            "Y": 0.5625582337379456
          }
        ]
      },
      "Id": "398f5a7e-df36-4f32-ba42-bd7db95700ca",
      "Page": 1
    },
    {
      "BlockType": "WORD",
      "Confidence": 81.14527130126953,
      "Text": "2.69",
      "TextType": "PRINTED",
      "Geometry": {
        "BoundingBox": {
          "Width": 0.025851042941212654,
          "Height": 0.017769979313015938,
          "Left": 0.6901895403862,
          "Top": 0.5446521043777466
        },
        "Polygon": [
          {
            "X": 0.6901895403862,
            "Y": 0.5446878671646118
          },
          {
            "X": 0.7159740924835205,
            "Y": 0.5446521043777466
          },
          {
            "X": 0.7160405516624451,
            "Y": 0.5623855590820312
          },
          {
            "X": 0.6902545094490051,
            "Y": 0.5624220371246338
          }
        ]
      },
      "Id": "c93eecf5-7b04-4ed1-b4e6-4e9c3ae26544",
      "Page": 1
    },
    {
      "BlockType": "WORD",
      "Confidence": 98.7613525390625,
      "Text": "EP/12.5%TAP",
      "TextType": "PRINTED",
      "Geometry": {
        "BoundingBox": {
          "Width": 0.08525115251541138,
          "Height": 0.018400344997644424,
          "Left": 0.2461494505405426,
          "Top": 0.576553463935852
        },
        "Polygon": [
          {
            "X": 0.2461494505405426,
            "Y": 0.5766758322715759
          },
          {
            "X": 0.3313556909561157,
            "Y": 0.576553463935852
          },
          {
            "X": 0.331400603055954,
            "Y": 0.5948289632797241
          },
          {
            "X": 0.24618913233280182,
            "Y": 0.5949537754058838
          }
        ]
      },
      "Id": "21e89803-d67c-4587-990e-600e039e1dcc",
      "Page": 1
    },
    {
      "BlockType": "WORD",
      "Confidence": 99.6944580078125,
      "Text": "177",
      "TextType": "PRINTED",
      "Geometry": {
        "BoundingBox": {
          "Width": 0.021608950570225716,
          "Height": 0.016845710575580597,
          "Left": 0.3723660707473755,
          "Top": 0.576730489730835
        },
        "Polygon": [
          {
            "X": 0.3723660707473755,
            "Y": 0.5767614841461182
          },
          {
            "X": 0.3939301669597626,
            "Y": 0.576730489730835
          },
          {
            "X": 0.39397501945495605,
            "Y": 0.5935446619987488
          },
          {
            "X": 0.3724097013473511,
            "Y": 0.593576192855835
          }
        ]
      },
      "Id": "a98d7e0a-bdf4-40fb-84cc-5cf09cb3ba86",
      "Page": 1
    },
    {
      "BlockType": "WORD",
      "Confidence": 99.9291000366211,
      "Text": "3141",
      "TextType": "PRINTED",
      "Geometry": {
        "BoundingBox": {
          "Width": 0.028513533994555473,
          "Height": 0.0171370729804039,
          "Left": 0.4265831708908081,
          "Top": 0.5764296650886536
        },
        "Polygon": [
          {
            "X": 0.4265831708908081,
            "Y": 0.5764705538749695
          },
          {
            "X": 0.4550475776195526,
            "Y": 0.5764296650886536
          },
          {
            "X": 0.45509669184684753,
            "Y": 0.5935251116752625
          },
          {
            "X": 0.4266306459903717,
            "Y": 0.5935667157173157
          }
        ]
      },
      "Id": "e8c69331-41bc-4935-8078-fe995e58fe80",
      "Page": 1
    },
    {
      "BlockType": "WORD",
      "Confidence": 85.94173431396484,
      "Text": "31.59",
      "TextType": "PRINTED",
      "Geometry": {
        "BoundingBox": {
          "Width": 0.03342651203274727,
          "Height": 0.017354780808091164,
          "Left": 0.5542528629302979,
          "Top": 0.576320469379425
        },
        "Polygon": [
          {
            "X": 0.5542528629302979,
            "Y": 0.5763684511184692
          },
          {
            "X": 0.5876219868659973,
            "Y": 0.576320469379425
          },
          {
            "X": 0.587679386138916,
            "Y": 0.5936264395713806
          },
          {
            "X": 0.5543083548545837,
            "Y": 0.5936752557754517
          }
        ]
      },
      "Id": "c58236d4-d175-42f0-ac54-6b8778410949",
      "Page": 1
    },
    {
      "BlockType": "WORD",
      "Confidence": 89.40673828125,
      "Text": "2.59",
      "TextType": "PRINTED",
      "Geometry": {
        "BoundingBox": {
          "Width": 0.02584594488143921,
          "Height": 0.017425883561372757,
          "Left": 0.6901504397392273,
          "Top": 0.5761550068855286
        },
        "Polygon": [
          {
            "X": 0.6901504397392273,
            "Y": 0.5761920809745789
          },
          {
            "X": 0.7159311771392822,
            "Y": 0.5761550068855286
          },
          {
            "X": 0.7159963846206665,
            "Y": 0.5935431718826294
          },
          {
            "X": 0.6902140974998474,
            "Y": 0.5935809016227722
          }
        ]
      },
      "Id": "f5267ea2-97c9-4a88-a076-0cc585131540",
      "Page": 1
    },
    {
      "BlockType": "TABLE",
      "Confidence": 99.951171875,
      "Geometry": {
        "BoundingBox": {
          "Width": 0.541145920753479,
          "Height": 0.21822668612003326,
          "Left": 0.2292351871728897,
          "Top": 0.39084646105766296
        },
        "Polygon": [
          {
            "X": 0.2292351871728897,
            "Y": 0.39146852493286133
          },
          {
            "X": 0.7695264220237732,
            "Y": 0.39084646105766296
          },
          {
            "X": 0.7703811526298523,
            "Y": 0.608269453048706
          },
          {
            "X": 0.22969554364681244,
            "Y": 0.6090731620788574
          }
        ]
      },
      "Id": "c07663ca-8339-4a0b-9b8c-f1f25e153654",
      "Relationships": [
        {
          "Type": "CHILD",
          "Ids": [
            "889ba56b-f908-49e0-98b9-b024a424aa3d",
            "49de0e2b-3b9a-431d-a2b1-7a738143039d",
            "9994bf2c-ef51-46bb-ac0d-4c1b3e2f7c22",
            "5fb62e50-e200-4f6a-8670-71e4eaa62a56",
            "ce272784-ff13-4010-8e46-b0539d503529",
            "003f10d7-65d6-4701-852a-9601da090067",
            "41cc1fc1-6cc3-4c6d-a25f-b4b4d9f3a9de",
            "dfaae159-1bfd-4c5e-a90a-bd2ce4770af0",
            "0783db8c-fdc8-4992-a2e4-67895bd905db",
            "00976e51-004b-4f5d-bcef-7e64b6f62b1c",
            "2b2f52a7-d8a4-4a1b-991a-faf73b1e7344",
            "1a3ccfa9-c465-4e1e-b8bb-562d3138746f",
            "ba369d31-b50b-491b-b7f4-6c271bb7fc95",
            "93feb4ba-f35a-49b4-850f-f00784ecd982",
            "edefd57a-bdf8-4972-b3ee-242d7b083da1",
            "c805c45e-779b-439a-bcf1-2c5d956179e1",
            "9468d594-c723-47bc-b662-791f9ceef7cf",
            "6b859340-78a6-4519-9211-90315a327a64",
            "e7c70064-19b9-456e-b86f-af016504116c",
            "cdc5a0c9-b0b8-43f4-a564-5eaeb0b3185f",
            "f30b73d2-da7d-485b-887d-7b03edc7f8a3",
            "eb9f8f6f-8d1a-4c3d-a089-f692d3810b5b",
            "3c8485e6-f4e6-4064-8b61-08a577cb05d7",
            "74690bd4-0cc2-474e-952f-8c260ca71164",
            "be5b26a2-731d-48f0-b89b-ea794cc19fa5"
          ]
        }
      ],
      "EntityTypes": [
        "STRUCTURED_TABLE"
      ],
      "Page": 1
    },
    {
      "BlockType": "CELL",
      "Confidence": 93.06640625,
      "RowIndex": 1,
      "ColumnIndex": 1,
      "RowSpan": 1,
      "ColumnSpan": 1,
      "Geometry": {
        "BoundingBox": {
          "Width": 0.12127184867858887,
          "Height": 0.07718745619058609,
          "Left": 0.2292351871728897,
          "Top": 0.3913291394710541
        },
        "Polygon": [
          {
            "X": 0.2292351871728897,
            "Y": 0.39146852493286133
          },
          {
            "X": 0.3503127098083496,
            "Y": 0.3913291394710541
          },
          {
            "X": 0.3505070209503174,
            "Y": 0.4683627784252167
          },
          {
            "X": 0.2293981909751892,
            "Y": 0.46851658821105957
          }
        ]
      },
      "Id": "889ba56b-f908-49e0-98b9-b024a424aa3d",
      "Relationships": [
        {
          "Type": "CHILD",
          "Ids": [
            "79ea7ea0-3489-4ff9-b03b-fe90a6ca7680"
          ]
        }
      ],
      "EntityTypes": [
        "COLUMN_HEADER"
      ],
      "Page": 1
    },
    {
      "BlockType": "CELL",
      "Confidence": 80.908203125,
      "RowIndex": 1,
      "ColumnIndex": 2,
      "RowSpan": 1,
      "ColumnSpan": 1,
      "Geometry": {
        "BoundingBox": {
          "Width": 0.06213492900133133,
          "Height": 0.07710494846105576,
          "Left": 0.3503127098083496,
          "Top": 0.3912578225135803
        },
        "Polygon": [
          {
            "X": 0.3503127098083496,
            "Y": 0.3913291394710541
          },
          {
            "X": 0.4122373163700104,
            "Y": 0.3912578225135803
          },
          {
            "X": 0.41244763135910034,
            "Y": 0.46828410029411316
          },
          {
            "X": 0.3505070209503174,
            "Y": 0.4683627784252167
          }
        ]
      },
      "Id": "49de0e2b-3b9a-431d-a2b1-7a738143039d",
      "Relationships": [
        {
          "Type": "CHILD",
          "Ids": [
            "7f72823f-6147-481b-843d-9cad6777a84a",
            "3b769b70-c6f7-40e0-8f95-a6dc68c0f0f6"
          ]
        }
      ],
      "EntityTypes": [
        "COLUMN_HEADER"
      ],
      "Page": 1
    },
    {
      "BlockType": "CELL",
      "Confidence": 92.48046875,
      "RowIndex": 1,
      "ColumnIndex": 3,
      "RowSpan": 1,
      "ColumnSpan": 1,
      "Geometry": {
        "BoundingBox": {
          "Width": 0.12787775695323944,
          "Height": 0.07717323303222656,
          "Left": 0.4122373163700104,
          "Top": 0.3911108672618866
        },
        "Polygon": [
          {
            "X": 0.4122373163700104,
            "Y": 0.3912578225135803
          },
          {
            "X": 0.5398717522621155,
            "Y": 0.3911108672618866
          },
          {
            "X": 0.5401150584220886,
            "Y": 0.4681219756603241
          },
          {
            "X": 0.41244763135910034,
            "Y": 0.46828410029411316
          }
        ]
      },
      "Id": "9994bf2c-ef51-46bb-ac0d-4c1b3e2f7c22",
      "Relationships": [
        {
          "Type": "CHILD",
          "Ids": [
            "4947cca0-a29f-4b92-af36-e8f0b72c9582",
            "54ef90b5-28fc-4c5c-93b9-a8125d2ff00a",
            "274adcd8-cc96-496d-8d9f-b4de04c594b3",
            "4ece8831-b987-4c75-863b-97e4cf8f64e0",
            "478a760c-7de0-4c96-892b-dbebe4dd0346",
            "571a0be7-ce6a-4dc5-bf32-65b99a4aa051"
          ]
        }
      ],
      "EntityTypes": [
        "COLUMN_HEADER"
      ],
      "Page": 1
    },
    {
      "BlockType": "CELL",
      "Confidence": 92.28515625,
      "RowIndex": 1,
      "ColumnIndex": 4,
      "RowSpan": 1,
      "ColumnSpan": 1,
      "Geometry": {
        "BoundingBox": {
          "Width": 0.137792706489563,
          "Height": 0.07716942578554153,
          "Left": 0.5398717522621155,
          "Top": 0.39095255732536316
        },
        "Polygon": [
          {
            "X": 0.5398717522621155,
            "Y": 0.3911108672618866
          },
          {
            "X": 0.6773856282234192,
            "Y": 0.39095255732536316
          },
          {
            "X": 0.6776644587516785,
            "Y": 0.4679472744464874
          },
          {
            "X": 0.5401150584220886,
            "Y": 0.4681219756603241
          }
        ]
      },
      "Id": "5fb62e50-e200-4f6a-8670-71e4eaa62a56",
      "Relationships": [
        {
          "Type": "CHILD",
          "Ids": [
            "a3bd8c59-ce9e-429b-b9b9-1fdbea49435a",
            "36ea340e-8f27-4391-b717-3489b3188f31",
            "5c6d0465-2ade-4bd0-9e49-587b4d68a3ac",
            "32a7cffb-f5e9-4b71-bb73-72f1a567421e",
            "db8328c9-9a06-45cb-b454-e73c54e870f9",
            "cf7226f4-2cb2-4c18-a7cb-a922d82368e3"
          ]
        }
      ],
      "EntityTypes": [
        "COLUMN_HEADER"
      ],
      "Page": 1
    },
    {
      "BlockType": "CELL",
      "Confidence": 89.2578125,
      "RowIndex": 1,
      "ColumnIndex": 5,
      "RowSpan": 1,
      "ColumnSpan": 1,
      "Geometry": {
        "BoundingBox": {
          "Width": 0.09244341403245926,
          "Height": 0.07710082083940506,
          "Left": 0.6773856282234192,
          "Top": 0.39084646105766296
        },
        "Polygon": [
          {
            "X": 0.6773856282234192,
            "Y": 0.39095255732536316
          },
          {
            "X": 0.7695264220237732,
            "Y": 0.39084646105766296
          },
          {
            "X": 0.7698290348052979,
            "Y": 0.46783024072647095
          },
          {
            "X": 0.6776644587516785,
            "Y": 0.4679472744464874
          }
        ]
      },
      "Id": "ce272784-ff13-4010-8e46-b0539d503529",
      "Relationships": [
        {
          "Type": "CHILD",
          "Ids": [
            "6701cc1c-3b30-45b6-8329-41d6ad37e5c1",
            "2cf8d8d8-0711-4cc4-905f-9e95773dbc75",
            "bdfb07f0-808a-4598-acb9-02d35fc9e84c",
            "04d17bbd-e3da-4599-a394-54cf5f90ef4d"
          ]
        }
      ],
      "EntityTypes": [
        "COLUMN_HEADER"
      ],
      "Page": 1
    },
    {
      "BlockType": "CELL",
      "Confidence": 87.6953125,
      "RowIndex": 2,
      "ColumnIndex": 1,
      "RowSpan": 1,
      "ColumnSpan": 1,
      "Geometry": {
        "BoundingBox": {
          "Width": 0.12120448052883148,
          "Height": 0.038075197488069534,
          "Left": 0.2293981909751892,
          "Top": 0.4683627784252167
        },
        "Polygon": [
          {
            "X": 0.2293981909751892,
            "Y": 0.46851658821105957
          },
          {
            "X": 0.3505070209503174,
            "Y": 0.4683627784252167
          },
          {
            "X": 0.3506026566028595,
            "Y": 0.5062770843505859
          },
          {
            "X": 0.22947841882705688,
            "Y": 0.5064379572868347
          }
        ]
      },
      "Id": "003f10d7-65d6-4701-852a-9601da090067",
      "Relationships": [
        {
          "Type": "CHILD",
          "Ids": [
            "151291f7-ce0f-4c37-b1e1-f4592f483bdf"
          ]
        }
      ],
      "Page": 1
    },
    {
      "BlockType": "CELL",
      "Confidence": 76.26953125,
      "RowIndex": 2,
      "ColumnIndex": 2,
      "RowSpan": 1,
      "ColumnSpan": 1,
      "Geometry": {
        "BoundingBox": {
          "Width": 0.06204413250088692,
          "Height": 0.03799295797944069,
          "Left": 0.3505070209503174,
          "Top": 0.46828410029411316
        },
        "Polygon": [
          {
            "X": 0.3505070209503174,
            "Y": 0.4683627784252167
          },
          {
            "X": 0.41244763135910034,
            "Y": 0.46828410029411316
          },
          {
            "X": 0.4125511646270752,
            "Y": 0.5061947703361511
          },
          {
            "X": 0.3506026566028595,
            "Y": 0.5062770843505859
          }
        ]
      },
      "Id": "41cc1fc1-6cc3-4c6d-a25f-b4b4d9f3a9de",
      "Relationships": [
        {
          "Type": "CHILD",
          "Ids": [
            "6ca64878-ff75-4b65-94b1-fb522fb535ba"
          ]
        }
      ],
      "Page": 1
    },
    {
      "BlockType": "CELL",
      "Confidence": 87.158203125,
      "RowIndex": 2,
      "ColumnIndex": 3,
      "RowSpan": 1,
      "ColumnSpan": 1,
      "Geometry": {
        "BoundingBox": {
          "Width": 0.12778718769550323,
          "Height": 0.03807280585169792,
          "Left": 0.41244763135910034,
          "Top": 0.4681219756603241
        },
        "Polygon": [
          {
            "X": 0.41244763135910034,
            "Y": 0.46828410029411316
          },
          {
            "X": 0.5401150584220886,
            "Y": 0.4681219756603241
          },
          {
            "X": 0.5402348041534424,
            "Y": 0.5060251355171204
          },
          {
            "X": 0.4125511646270752,
            "Y": 0.5061947703361511
          }
        ]
      },
      "Id": "dfaae159-1bfd-4c5e-a90a-bd2ce4770af0",
      "Relationships": [
        {
          "Type": "CHILD",
          "Ids": [
            "e46ed2d6-5943-41bd-8198-cbc3ea46236b"
          ]
        }
      ],
      "Page": 1
    },
    {
      "BlockType": "CELL",
      "Confidence": 86.962890625,
      "RowIndex": 2,
      "ColumnIndex": 4,
      "RowSpan": 1,
      "ColumnSpan": 1,
      "Geometry": {
        "BoundingBox": {
          "Width": 0.13768664002418518,
          "Height": 0.03807787969708443,
          "Left": 0.5401150584220886,
          "Top": 0.4679472744464874
        },
        "Polygon": [
          {
            "X": 0.5401150584220886,
            "Y": 0.4681219756603241
          },
          {
            "X": 0.6776644587516785,
            "Y": 0.4679472744464874
          },
          {
            "X": 0.6778017282485962,
            "Y": 0.505842387676239
          },
          {
            "X": 0.5402348041534424,
            "Y": 0.5060251355171204
          }
        ]
      },
      "Id": "0783db8c-fdc8-4992-a2e4-67895bd905db",
      "Relationships": [
        {
          "Type": "CHILD",
          "Ids": [
            "0d5bdf42-ee41-47ce-a72a-9dd815778bd5"
          ]
        }
      ],
      "Page": 1
    },
    {
      "BlockType": "CELL",
      "Confidence": 84.130859375,
      "RowIndex": 2,
      "ColumnIndex": 5,
      "RowSpan": 1,
      "ColumnSpan": 1,
      "Geometry": {
        "BoundingBox": {
          "Width": 0.09231352806091309,
          "Height": 0.03801218420267105,
          "Left": 0.6776644587516785,
          "Top": 0.46783024072647095
        },
        "Polygon": [
          {
            "X": 0.6776644587516785,
            "Y": 0.4679472744464874
          },
          {
            "X": 0.7698290348052979,
            "Y": 0.46783024072647095
          },
          {
            "X": 0.7699779868125916,
            "Y": 0.5057199597358704
          },
          {
            "X": 0.6778017282485962,
            "Y": 0.505842387676239
          }
        ]
      },
      "Id": "00976e51-004b-4f5d-bcef-7e64b6f62b1c",
      "Relationships": [
        {
          "Type": "CHILD",
          "Ids": [
            "50a67a3a-ae7e-4861-892f-4540743d8d50"
          ]
        }
      ],
      "Page": 1
    },
    {
      "BlockType": "CELL",
      "Confidence": 83.69140625,
      "RowIndex": 3,
      "ColumnIndex": 1,
      "RowSpan": 1,
      "ColumnSpan": 1,
      "Geometry": {
        "BoundingBox": {
          "Width": 0.12120671570301056,
          "Height": 0.03285950794816017,
          "Left": 0.22947841882705688,
          "Top": 0.5062770843505859
        },
        "Polygon": [
          {
            "X": 0.22947841882705688,
            "Y": 0.5064379572868347
          },
          {
            "X": 0.3506026566028595,
            "Y": 0.5062770843505859
          },
          {
            "X": 0.35068511962890625,
            "Y": 0.5389695763587952
          },
          {
            "X": 0.22954759001731873,
            "Y": 0.5391365885734558
          }
        ]
      },
      "Id": "2b2f52a7-d8a4-4a1b-991a-faf73b1e7344",
      "Relationships": [
        {
          "Type": "CHILD",
          "Ids": [
            "696b8179-3cac-4565-9687-f560a6edee64"
          ]
        }
      ],
      "Page": 1
    },
    {
      "BlockType": "CELL",
      "Confidence": 72.802734375,
      "RowIndex": 3,
      "ColumnIndex": 2,
      "RowSpan": 1,
      "ColumnSpan": 1,
      "Geometry": {
        "BoundingBox": {
          "Width": 0.06203775480389595,
          "Height": 0.032774779945611954,
          "Left": 0.3506026566028595,
          "Top": 0.5061947703361511
        },
        "Polygon": [
          {
            "X": 0.3506026566028595,
            "Y": 0.5062770843505859
          },
          {
            "X": 0.4125511646270752,
            "Y": 0.5061947703361511
          },
          {
            "X": 0.41264042258262634,
            "Y": 0.538884162902832
          },
          {
            "X": 0.35068511962890625,
            "Y": 0.5389695763587952
          }
        ]
      },
      "Id": "1a3ccfa9-c465-4e1e-b8bb-562d3138746f",
      "Relationships": [
        {
          "Type": "CHILD",
          "Ids": [
            "bc0ecee2-965b-4e0e-b58b-61c421e7ffe2"
          ]
        }
      ],
      "Page": 1
    },
    {
      "BlockType": "CELL",
      "Confidence": 83.154296875,
      "RowIndex": 3,
      "ColumnIndex": 3,
      "RowSpan": 1,
      "ColumnSpan": 1,
      "Geometry": {
        "BoundingBox": {
          "Width": 0.12778691947460175,
          "Height": 0.03285897523164749,
          "Left": 0.4125511646270752,
          "Top": 0.5060251355171204
        },
        "Polygon": [
          {
            "X": 0.4125511646270752,
            "Y": 0.5061947703361511
          },
          {
            "X": 0.5402348041534424,
            "Y": 0.5060251355171204
          },
          {
            "X": 0.5403380990028381,
            "Y": 0.5387080907821655
          },
          {
            "X": 0.41264042258262634,
            "Y": 0.538884162902832
          }
        ]
      },
      "Id": "ba369d31-b50b-491b-b7f4-6c271bb7fc95",
      "Relationships": [
        {
          "Type": "CHILD",
          "Ids": [
            "e74ffe63-3f5a-45ed-b327-7083b9e85d93"
          ]
        }
      ],
      "Page": 1
    },
    {
      "BlockType": "CELL",
      "Confidence": 83.0078125,
      "RowIndex": 3,
      "ColumnIndex": 4,
      "RowSpan": 1,
      "ColumnSpan": 1,
      "Geometry": {
        "BoundingBox": {
          "Width": 0.13768522441387177,
          "Height": 0.032865654677152634,
          "Left": 0.5402348041534424,
          "Top": 0.505842387676239
        },
        "Polygon": [
          {
            "X": 0.5402348041534424,
            "Y": 0.5060251355171204
          },
          {
            "X": 0.6778017282485962,
            "Y": 0.505842387676239
          },
          {
            "X": 0.6779200434684753,
            "Y": 0.5385183691978455
          },
          {
            "X": 0.5403380990028381,
            "Y": 0.5387080907821655
          }
        ]
      },
      "Id": "93feb4ba-f35a-49b4-850f-f00784ecd982",
      "Relationships": [
        {
          "Type": "CHILD",
          "Ids": [
            "46e74e45-7136-4a16-b2a9-e7bc832a9c6c"
          ]
        }
      ],
      "Page": 1
    },
    {
      "BlockType": "CELL",
      "Confidence": 80.2734375,
      "RowIndex": 3,
      "ColumnIndex": 5,
      "RowSpan": 1,
      "ColumnSpan": 1,
      "Geometry": {
        "BoundingBox": {
          "Width": 0.09230472892522812,
          "Height": 0.0327984094619751,
          "Left": 0.6778017282485962,
          "Top": 0.5057199597358704
        },
        "Polygon": [
          {
            "X": 0.6778017282485962,
            "Y": 0.505842387676239
          },
          {
            "X": 0.7699779868125916,
            "Y": 0.5057199597358704
          },
          {
            "X": 0.7701064348220825,
            "Y": 0.5383912920951843
          },
          {
            "X": 0.6779200434684753,
            "Y": 0.5385183691978455
          }
        ]
      },
      "Id": "edefd57a-bdf8-4972-b3ee-242d7b083da1",
      "Relationships": [
        {
          "Type": "CHILD",
          "Ids": [
            "7787a23f-6708-4be2-9c97-d3252fd4222e"
          ]
        }
      ],
      "Page": 1
    },
    {
      "BlockType": "CELL",
      "Confidence": 83.544921875,
      "RowIndex": 4,
      "ColumnIndex": 1,
      "RowSpan": 1,
      "ColumnSpan": 1,
      "Geometry": {
        "BoundingBox": {
          "Width": 0.12121672183275223,
          "Height": 0.031564440578222275,
          "Left": 0.22954759001731873,
          "Top": 0.5389695763587952
        },
        "Polygon": [
          {
            "X": 0.22954759001731873,
            "Y": 0.5391365885734558
          },
          {
            "X": 0.35068511962890625,
            "Y": 0.5389695763587952
          },
          {
            "X": 0.35076430439949036,
            "Y": 0.5703610777854919
          },
          {
            "X": 0.2296140193939209,
            "Y": 0.5705339908599854
          }
        ]
      },
      "Id": "c805c45e-779b-439a-bcf1-2c5d956179e1",
      "Relationships": [
        {
          "Type": "CHILD",
          "Ids": [
            "79945c9c-5ca4-4e2a-8cfe-0a39a2b97aaf"
          ]
        }
      ],
      "Page": 1
    },
    {
      "BlockType": "CELL",
      "Confidence": 72.65625,
      "RowIndex": 4,
      "ColumnIndex": 2,
      "RowSpan": 1,
      "ColumnSpan": 1,
      "Geometry": {
        "BoundingBox": {
          "Width": 0.06204099580645561,
          "Height": 0.03147696703672409,
          "Left": 0.35068511962890625,
          "Top": 0.538884162902832
        },
        "Polygon": [
          {
            "X": 0.35068511962890625,
            "Y": 0.5389695763587952
          },
          {
            "X": 0.41264042258262634,
            "Y": 0.538884162902832
          },
          {
            "X": 0.41272613406181335,
            "Y": 0.57027268409729
          },
          {
            "X": 0.35076430439949036,
            "Y": 0.5703610777854919
          }
        ]
      },
      "Id": "9468d594-c723-47bc-b662-791f9ceef7cf",
      "Relationships": [
        {
          "Type": "CHILD",
          "Ids": [
            "4a44db7c-f254-4269-92d3-7299b5c2f6c9"
          ]
        }
      ],
      "Page": 1
    },
    {
      "BlockType": "CELL",
      "Confidence": 83.0078125,
      "RowIndex": 4,
      "ColumnIndex": 3,
      "RowSpan": 1,
      "ColumnSpan": 1,
      "Geometry": {
        "BoundingBox": {
          "Width": 0.12779681384563446,
          "Height": 0.03156460449099541,
          "Left": 0.41264042258262634,
          "Top": 0.5387080907821655
        },
        "Polygon": [
          {
            "X": 0.41264042258262634,
            "Y": 0.538884162902832
          },
          {
            "X": 0.5403380990028381,
            "Y": 0.5387080907821655
          },
          {
            "X": 0.5404372215270996,
            "Y": 0.5700904130935669
          },
          {
            "X": 0.41272613406181335,
            "Y": 0.57027268409729
          }
        ]
      },
      "Id": "6b859340-78a6-4519-9211-90315a327a64",
      "Relationships": [
        {
          "Type": "CHILD",
          "Ids": [
            "082d43c9-49d5-4a05-81da-4d4c55362911"
          ]
        }
      ],
      "Page": 1
    },
    {
      "BlockType": "CELL",
      "Confidence": 82.861328125,
      "RowIndex": 4,
      "ColumnIndex": 4,
      "RowSpan": 1,
      "ColumnSpan": 1,
      "Geometry": {
        "BoundingBox": {
          "Width": 0.1376955807209015,
          "Height": 0.03157204017043114,
          "Left": 0.5403380990028381,
          "Top": 0.5385183691978455
        },
        "Polygon": [
          {
            "X": 0.5403380990028381,
            "Y": 0.5387080907821655
          },
          {
            "X": 0.6779200434684753,
            "Y": 0.5385183691978455
          },
          {
            "X": 0.6780336499214172,
            "Y": 0.5698940753936768
          },
          {
            "X": 0.5404372215270996,
            "Y": 0.5700904130935669
          }
        ]
      },
      "Id": "e7c70064-19b9-456e-b86f-af016504116c",
      "Relationships": [
        {
          "Type": "CHILD",
          "Ids": [
            "398f5a7e-df36-4f32-ba42-bd7db95700ca"
          ]
        }
      ],
      "Page": 1
    },
    {
      "BlockType": "CELL",
      "Confidence": 80.17578125,
      "RowIndex": 4,
      "ColumnIndex": 5,
      "RowSpan": 1,
      "ColumnSpan": 1,
      "Geometry": {
        "BoundingBox": {
          "Width": 0.09230971336364746,
          "Height": 0.031502775847911835,
          "Left": 0.6779200434684753,
          "Top": 0.5383912920951843
        },
        "Polygon": [
          {
            "X": 0.6779200434684753,
            "Y": 0.5385183691978455
          },
          {
            "X": 0.7701064348220825,
            "Y": 0.5383912920951843
          },
          {
            "X": 0.7702297568321228,
            "Y": 0.5697624683380127
          },
          {
            "X": 0.6780336499214172,
            "Y": 0.5698940753936768
          }
        ]
      },
      "Id": "cdc5a0c9-b0b8-43f4-a564-5eaeb0b3185f",
      "Relationships": [
        {
          "Type": "CHILD",
          "Ids": [
            "c93eecf5-7b04-4ed1-b4e6-4e9c3ae26544"
          ]
        }
      ],
      "Page": 1
    },
    {
      "BlockType": "CELL",
      "Confidence": 91.650390625,
      "RowIndex": 5,
      "ColumnIndex": 1,
      "RowSpan": 1,
      "ColumnSpan": 1,
      "Geometry": {
        "BoundingBox": {
          "Width": 0.12124749273061752,
          "Height": 0.038712047040462494,
          "Left": 0.2296140193939209,
          "Top": 0.5703610777854919
        },
        "Polygon": [
          {
            "X": 0.2296140193939209,
            "Y": 0.5705339908599854
          },
          {
            "X": 0.35076430439949036,
            "Y": 0.5703610777854919
          },
          {
            "X": 0.350861519575119,
            "Y": 0.6088930368423462
          },
          {
            "X": 0.22969554364681244,
            "Y": 0.6090731620788574
          }
        ]
      },
      "Id": "f30b73d2-da7d-485b-887d-7b03edc7f8a3",
      "Relationships": [
        {
          "Type": "CHILD",
          "Ids": [
            "21e89803-d67c-4587-990e-600e039e1dcc"
          ]
        }
      ],
      "Page": 1
    },
    {
      "BlockType": "CELL",
      "Confidence": 79.6875,
      "RowIndex": 5,
      "ColumnIndex": 2,
      "RowSpan": 1,
      "ColumnSpan": 1,
      "Geometry": {
        "BoundingBox": {
          "Width": 0.06206701323390007,
          "Height": 0.03862036392092705,
          "Left": 0.35076430439949036,
          "Top": 0.57027268409729
        },
        "Polygon": [
          {
            "X": 0.35076430439949036,
            "Y": 0.5703610777854919
          },
          {
            "X": 0.41272613406181335,
            "Y": 0.57027268409729
          },
          {
            "X": 0.4128313362598419,
            "Y": 0.6088009476661682
          },
          {
            "X": 0.350861519575119,
            "Y": 0.6088930368423462
          }
        ]
      },
      "Id": "eb9f8f6f-8d1a-4c3d-a089-f692d3810b5b",
      "Relationships": [
        {
          "Type": "CHILD",
          "Ids": [
            "a98d7e0a-bdf4-40fb-84cc-5cf09cb3ba86"
          ]
        }
      ],
      "Page": 1
    },
    {
      "BlockType": "CELL",
      "Confidence": 91.064453125,
      "RowIndex": 5,
      "ColumnIndex": 3,
      "RowSpan": 1,
      "ColumnSpan": 1,
      "Geometry": {
        "BoundingBox": {
          "Width": 0.1278328150510788,
          "Height": 0.03871050477027893,
          "Left": 0.41272613406181335,
          "Top": 0.5700904130935669
        },
        "Polygon": [
          {
            "X": 0.41272613406181335,
            "Y": 0.57027268409729
          },
          {
            "X": 0.5404372215270996,
            "Y": 0.5700904130935669
          },
          {
            "X": 0.540558934211731,
            "Y": 0.6086110472679138
          },
          {
            "X": 0.4128313362598419,
            "Y": 0.6088009476661682
          }
        ]
      },
      "Id": "3c8485e6-f4e6-4064-8b61-08a577cb05d7",
      "Relationships": [
        {
          "Type": "CHILD",
          "Ids": [
            "e8c69331-41bc-4935-8078-fe995e58fe80"
          ]
        }
      ],
      "Page": 1
    },
    {
      "BlockType": "CELL",
      "Confidence": 90.869140625,
      "RowIndex": 5,
      "ColumnIndex": 4,
      "RowSpan": 1,
      "ColumnSpan": 1,
      "Geometry": {
        "BoundingBox": {
          "Width": 0.13773590326309204,
          "Height": 0.038717009127140045,
          "Left": 0.5404372215270996,
          "Top": 0.5698940753936768
        },
        "Polygon": [
          {
            "X": 0.5404372215270996,
            "Y": 0.5700904130935669
          },
          {
            "X": 0.6780336499214172,
            "Y": 0.5698940753936768
          },
          {
            "X": 0.6781731247901917,
            "Y": 0.6084064841270447
          },
          {
            "X": 0.540558934211731,
            "Y": 0.6086110472679138
          }
        ]
      },
      "Id": "74690bd4-0cc2-474e-952f-8c260ca71164",
      "Relationships": [
        {
          "Type": "CHILD",
          "Ids": [
            "c58236d4-d175-42f0-ac54-6b8778410949"
          ]
        }
      ],
      "Page": 1
    },
    {
      "BlockType": "CELL",
      "Confidence": 87.939453125,
      "RowIndex": 5,
      "ColumnIndex": 5,
      "RowSpan": 1,
      "ColumnSpan": 1,
      "Geometry": {
        "BoundingBox": {
          "Width": 0.09234746545553207,
          "Height": 0.03864402696490288,
          "Left": 0.6780336499214172,
          "Top": 0.5697624683380127
        },
        "Polygon": [
          {
            "X": 0.6780336499214172,
            "Y": 0.5698940753936768
          },
          {
            "X": 0.7702297568321228,
            "Y": 0.5697624683380127
          },
          {
            "X": 0.7703811526298523,
            "Y": 0.608269453048706
          },
          {
            "X": 0.6781731247901917,
            "Y": 0.6084064841270447
          }
        ]
      },
      "Id": "be5b26a2-731d-48f0-b89b-ea794cc19fa5",
      "Relationships": [
        {
          "Type": "CHILD",
          "Ids": [
            "f5267ea2-97c9-4a88-a076-0cc585131540"
          ]
        }
      ],
      "Page": 1
    }
  ],
  "AnalyzeDocumentModelVersion": "1.0"
}