{
  "DocumentMetadata": {
    "Pages": 1
  },
  "JobStatus": "SUCCEEDED",
  "Blocks": [
    {
      "BlockType": "PAGE",
      "Geometry": {
        "BoundingBox": {
          "Width": 1,
          "Height": 1,
          "Left": 0,
          "Top": 0
        },
        "Polygon": [
          {
            "X": 0.00002660504287632648,
            "Y": 0
          },
          {
            "X": 1,
            "Y": 0.000002990537041114294
          },
          {
            "X": 1,
            "Y": 1
          },
          {
            "X": 0,
            "Y": 1
          }
        ]
      },
      "Id": "ba489abc-5137-4245-a831-c47689d92d34",
      "Relationships": [
        {
          "Type": "CHILD",
          "Ids": [
            "36fd4f49-9f33-41e3-a82c-3d47f2a6cff1",
            "4bd74fcb-6112-444f-b4b1-cb8e47c1599e",
            "8bfa87ee-aff3-4fa3-af6a-04102d585bf0",
            "5b017579-fa4d-4c79-b31a-10505afc23bf",
            "a2c508c5-4c75-4e55-ae15-ed8dd8a05984",
            "cafe58b0-556e-4915-9573-fac20bcd30cb",
            "60934725-7c7e-43b0-b2c4-a867a018b2c4",
            "f8932c6c-8616-43bf-895a-5a048fab2551",
            "f2d62033-2ce3-40f1-bef3-ac3fd8faf71d",
            "4b7d7989-3274-4fe9-9be1-e44a7fe10203",
            "75104a44-de44-4781-ab6c-f77b35a182d4",
            "a8436846-fdd2-465b-8f49-802075189c17",
            "dc319b8f-76bb-4724-9f32-f7d97c5dcc47",
            "ededcab5-7f16-44fb-8bec-e8cbf93c0190",
            "70b4e4ac-1172-4c50-b800-5e0db30bb8a3",
            "7bb5c291-d090-441c-9cc0-6bb72b6f1329",
            "c71589d3-f32e-47a2-bd60-11e06e09ca7b",
            "92bf1746-91d5-48ac-8c7c-2d699a7d3f04",
            "8c289a82-22b2-4363-8317-2dd393409dec",
            "b2a18611-294d-4f1d-ba5c-cf817f137cae"
          ]
        }
      ],
      "Page": 1
    },
    {
      "BlockType": "LINE",
      "Confidence": 99.93766784667969,
      "Text": "Sample",
      "Geometry": {
        "BoundingBox": {
          "Width": 0.043971169739961624,
          "Height": 0.024475503712892532,
          "Left": 0.2537117898464203,
          "Top": 0.4227686822414398
        },
        "Polygon": [
          {
            "X": 0.2538071274757385,
            "Y": 0.4227686822414398
          },
          {
            "X": 0.2976829409599304,
            "Y": 0.42284661531448364
          },
          {
            "X": 0.2975991666316986,
            "Y": 0.44724419713020325
          },
          {
            "X": 0.2537117898464203,
            "Y": 0.44717180728912354
          }
        ]
      },
      "Id": "36fd4f49-9f33-41e3-a82c-3d47f2a6cff1",
      "Relationships": [
        {
          "Type": "CHILD",
          "Ids": [
            "8ee7b4cd-1dd9-4bc9-9672-303d82b24764"
          ]
        }
      ],
      "Page": 1
    },
    {
      "BlockType": "LINE",
      "Confidence": 99.23429870605469,
      "Text": "HRC (J/gk)",
      "Geometry": {
        "BoundingBox": {
          "Width": 0.06873723864555359,
          "Height": 0.024240713566541672,
          "Left": 0.3596051335334778,
          "Top": 0.4228499233722687
        },
        "Polygon": [
          {
            "X": 0.35967183113098145,
            "Y": 0.4228499233722687
          },
          {
            "X": 0.42834237217903137,
            "Y": 0.4229719042778015
          },
          {
            "X": 0.4282935559749603,
            "Y": 0.44709065556526184
          },
          {
            "X": 0.3596051335334778,
            "Y": 0.4469772279262543
          }
        ]
      },
      "Id": "4bd74fcb-6112-444f-b4b1-cb8e47c1599e",
      "Relationships": [
        {
          "Type": "CHILD",
          "Ids": [
            "81a373f3-aaad-4124-9d01-80af3c013210",
            "398cf7c6-67cc-4aeb-9ab2-836b890c6226"
          ]
        }
      ],
      "Page": 1
    },
    {
      "BlockType": "LINE",
      "Confidence": 99.65789031982422,
      "Text": "PHRR (W/g)",
      "Geometry": {
        "BoundingBox": {
          "Width": 0.07555320858955383,
          "Height": 0.023545198142528534,
          "Left": 0.45833560824394226,
          "Top": 0.42331019043922424
        },
        "Polygon": [
          {
            "X": 0.45837539434432983,
            "Y": 0.42331019043922424
          },
          {
            "X": 0.5338888168334961,
            "Y": 0.4234442114830017
          },
          {
            "X": 0.5338680744171143,
            "Y": 0.4468553960323334
          },
          {
            "X": 0.45833560824394226,
            "Y": 0.44673049449920654
          }
        ]
      },
      "Id": "8bfa87ee-aff3-4fa3-af6a-04102d585bf0",
      "Relationships": [
        {
          "Type": "CHILD",
          "Ids": [
            "b8bd3931-726f-4234-b488-e977116928c0",
            "6f7d0426-a57d-4aed-ae58-3214916f5056"
          ]
        }
      ],
      "Page": 1
    },
    {
      "BlockType": "LINE",
      "Confidence": 98.38103485107422,
      "Text": "THR (kJ/g)",
      "Geometry": {
        "BoundingBox": {
          "Width": 0.0688580796122551,
          "Height": 0.0233631394803524,
          "Left": 0.563919723033905,
          "Top": 0.42275434732437134
        },
        "Polygon": [
          {
            "X": 0.5639327764511108,
            "Y": 0.42275434732437134
          },
          {
            "X": 0.6327735781669617,
            "Y": 0.4228768050670624
          },
          {
            "X": 0.6327778100967407,
            "Y": 0.44611749053001404
          },
          {
            "X": 0.563919723033905,
            "Y": 0.4460033178329468
          }
        ]
      },
      "Id": "5b017579-fa4d-4c79-b31a-10505afc23bf",
      "Relationships": [
        {
          "Type": "CHILD",
          "Ids": [
            "c5f1246b-3c6f-4d70-88dd-624d982570fb",
            "d6c5a9e2-6c00-4450-9309-7e3e9231ebec"
          ]
        }
      ],
      "Page": 1
    },
    {
      "BlockType": "LINE",
      "Confidence": 73.95941925048828,
      "Text": "Tp (C)",
      "Geometry": {
        "BoundingBox": {
          "Width": 0.04217847064137459,
          "Height": 0.026680035516619682,
          "Left": 0.6623473763465881,
          "Top": 0.42249229550361633
        },
        "Polygon": [
          {
            "X": 0.6623473763465881,
            "Y": 0.42249229550361633
          },
          {
            "X": 0.7045003771781921,
            "Y": 0.42256733775138855
          },
          {
            "X": 0.7045258283615112,
            "Y": 0.44917231798171997
          },
          {
            "X": 0.662360668182373,
            "Y": 0.4491030275821686
          }
        ]
      },
      "Id": "a2c508c5-4c75-4e55-ae15-ed8dd8a05984",
      "Relationships": [
        {
          "Type": "CHILD",
          "Ids": [
            "6b5984c6-271e-481e-b0d2-f90484c4e00e",
            "96c7757e-479a-42ca-8a65-d09a56866bb6"
          ]
        }
      ],
      "Page": 1
    },
    {
      "BlockType": "LINE",
      "Confidence": 91.9796142578125,
      "Text": "Tp1",
      "Geometry": {
        "BoundingBox": {
          "Width": 0.018672477453947067,
          "Height": 0.024483295157551765,
          "Left": 0.6622810959815979,
          "Top": 0.47488316893577576
        },
        "Polygon": [
          {
            "X": 0.6622810959815979,
            "Y": 0.47488316893577576
          },
          {
            "X": 0.6809364557266235,
            "Y": 0.47491133213043213
          },
          {
            "X": 0.6809536218643188,
            "Y": 0.4993664622306824
          },
          {
            "X": 0.6622933745384216,
            "Y": 0.49934065341949463
          }
        ]
      },
      "Id": "cafe58b0-556e-4915-9573-fac20bcd30cb",
      "Relationships": [
        {
          "Type": "CHILD",
          "Ids": [
            "a04ee1bb-56ea-4b0d-b5b2-c690a1ca2e40"
          ]
        }
      ],
      "Page": 1
    },
    {
      "BlockType": "LINE",
      "Confidence": 85.19960021972656,
      "Text": "Tp2",
      "Geometry": {
        "BoundingBox": {
          "Width": 0.020619163289666176,
          "Height": 0.02548113279044628,
          "Left": 0.7256101965904236,
          "Top": 0.4740811288356781
        },
        "Polygon": [
          {
            "X": 0.7256101965904236,
            "Y": 0.4740811288356781
          },
          {
            "X": 0.7461936473846436,
            "Y": 0.47411230206489563
          },
          {
            "X": 0.7462294101715088,
            "Y": 0.49956226348876953
          },
          {
            "X": 0.7256403565406799,
            "Y": 0.4995338022708893
          }
        ]
      },
      "Id": "60934725-7c7e-43b0-b2c4-a867a018b2c4",
      "Relationships": [
        {
          "Type": "CHILD",
          "Ids": [
            "c553ba31-de49-4be3-9624-0d7341f55944"
          ]
        }
      ],
      "Page": 1
    },
    {
      "BlockType": "LINE",
      "Confidence": 99.76947784423828,
      "Text": "DGEL/DDS",
      "Geometry": {
        "BoundingBox": {
          "Width": 0.06688682734966278,
          "Height": 0.02079106494784355,
          "Left": 0.2533276677131653,
          "Top": 0.522479236125946
        },
        "Polygon": [
          {
            "X": 0.25340861082077026,
            "Y": 0.522479236125946
          },
          {
            "X": 0.32021450996398926,
            "Y": 0.5225633978843689
          },
          {
            "X": 0.3201484978199005,
            "Y": 0.5432702898979187
          },
          {
            "X": 0.2533276677131653,
            "Y": 0.5431932806968689
          }
        ]
      },
      "Id": "f8932c6c-8616-43bf-895a-5a048fab2551",
      "Relationships": [
        {
          "Type": "CHILD",
          "Ids": [
            "dd0b8834-7c0e-4a15-a377-1a187de9cb9d"
          ]
        }
      ],
      "Page": 1
    },
    {
      "BlockType": "LINE",
      "Confidence": 99.88427734375,
      "Text": "101.0",
      "Geometry": {
        "BoundingBox": {
          "Width": 0.03354477882385254,
          "Height": 0.018623122945427895,
          "Left": 0.36076807975769043,
          "Top": 0.5223876237869263
        },
        "Polygon": [
          {
            "X": 0.3608191907405853,
            "Y": 0.5223876237869263
          },
          {
            "X": 0.39431285858154297,
            "Y": 0.522429883480072
          },
          {
            "X": 0.3942684829235077,
            "Y": 0.5410107374191284
          },
          {
            "X": 0.36076807975769043,
            "Y": 0.5409716963768005
          }
        ]
      },
      "Id": "f2d62033-2ce3-40f1-bef3-ac3fd8faf71d",
      "Relationships": [
        {
          "Type": "CHILD",
          "Ids": [
            "3c080de6-9b00-49b1-a88a-c91a7d09f3a5"
          ]
        }
      ],
      "Page": 1
    },
    {
      "BlockType": "LINE",
      "Confidence": 99.9546127319336,
      "Text": "107.5",
      "Geometry": {
        "BoundingBox": {
          "Width": 0.03352990746498108,
          "Height": 0.018862778320908546,
          "Left": 0.4592347741127014,
          "Top": 0.5222734212875366
        },
        "Polygon": [
          {
            "X": 0.4592665433883667,
            "Y": 0.5222734212875366
          },
          {
            "X": 0.4927646815776825,
            "Y": 0.5223157405853271
          },
          {
            "X": 0.4927397072315216,
            "Y": 0.5411362051963806
          },
          {
            "X": 0.4592347741127014,
            "Y": 0.5410971641540527
          }
        ]
      },
      "Id": "4b7d7989-3274-4fe9-9be1-e44a7fe10203",
      "Relationships": [
        {
          "Type": "CHILD",
          "Ids": [
            "fe6c2805-a7af-4574-afa5-ba3852b83315"
          ]
        }
      ],
      "Page": 1
    },
    {
      "BlockType": "LINE",
      "Confidence": 99.88427734375,
      "Text": "24.3",
      "Geometry": {
        "BoundingBox": {
          "Width": 0.02605043724179268,
          "Height": 0.01875382661819458,
          "Left": 0.5645622611045837,
          "Top": 0.5223692059516907
        },
        "Polygon": [
          {
            "X": 0.5645726323127747,
            "Y": 0.5223692059516907
          },
          {
            "X": 0.5906127095222473,
            "Y": 0.5224020481109619
          },
          {
            "X": 0.5906075835227966,
            "Y": 0.5411230325698853
          },
          {
            "X": 0.5645622611045837,
            "Y": 0.5410926342010498
          }
        ]
      },
      "Id": "75104a44-de44-4781-ab6c-f77b35a182d4",
      "Relationships": [
        {
          "Type": "CHILD",
          "Ids": [
            "09b7e391-4650-46cb-8a87-d54731732be7"
          ]
        }
      ],
      "Page": 1
    },
    {
      "BlockType": "LINE",
      "Confidence": 99.96099853515625,
      "Text": "390.1",
      "Geometry": {
        "BoundingBox": {
          "Width": 0.03239967301487923,
          "Height": 0.018659226596355438,
          "Left": 0.6628276109695435,
          "Top": 0.5223010778427124
        },
        "Polygon": [
          {
            "X": 0.6628276109695435,
            "Y": 0.5223010778427124
          },
          {
            "X": 0.6952113509178162,
            "Y": 0.5223420262336731
          },
          {
            "X": 0.695227324962616,
            "Y": 0.5409603118896484
          },
          {
            "X": 0.662837028503418,
            "Y": 0.5409225225448608
          }
        ]
      },
      "Id": "a8436846-fdd2-465b-8f49-802075189c17",
      "Relationships": [
        {
          "Type": "CHILD",
          "Ids": [
            "c620bc9a-fe20-462d-a51e-b1d81b40c5b8"
          ]
        }
      ],
      "Page": 1
    },
    {
      "BlockType": "LINE",
      "Confidence": 99.98925018310547,
      "Text": "589.8",
      "Geometry": {
        "BoundingBox": {
          "Width": 0.033997293561697006,
          "Height": 0.018939027562737465,
          "Left": 0.7266594171524048,
          "Top": 0.5223833322525024
        },
        "Polygon": [
          {
            "X": 0.7266594171524048,
            "Y": 0.5223833322525024
          },
          {
            "X": 0.760627269744873,
            "Y": 0.5224262475967407
          },
          {
            "X": 0.7606567144393921,
            "Y": 0.5413223505020142
          },
          {
            "X": 0.7266820073127747,
            "Y": 0.5412827730178833
          }
        ]
      },
      "Id": "dc319b8f-76bb-4724-9f32-f7d97c5dcc47",
      "Relationships": [
        {
          "Type": "CHILD",
          "Ids": [
            "5d254829-3b9f-4a06-a4f7-29a72f31f995"
          ]
        }
      ],
      "Page": 1
    },
    {
      "BlockType": "LINE",
      "Confidence": 99.3944320678711,
      "Text": "DGEBA/DDS",
      "Geometry": {
        "BoundingBox": {
          "Width": 0.07646811008453369,
          "Height": 0.02123168855905533,
          "Left": 0.25361502170562744,
          "Top": 0.5548499822616577
        },
        "Polygon": [
          {
            "X": 0.25369760394096375,
            "Y": 0.5548499822616577
          },
          {
            "X": 0.33008313179016113,
            "Y": 0.5549334287643433
          },
          {
            "X": 0.33001798391342163,
            "Y": 0.5760816931724548
          },
          {
            "X": 0.25361502170562744,
            "Y": 0.5760065913200378
          }
        ]
      },
      "Id": "ededcab5-7f16-44fb-8bec-e8cbf93c0190",
      "Relationships": [
        {
          "Type": "CHILD",
          "Ids": [
            "ec7d83ea-59ed-40dc-9955-70b9debc9ee9"
          ]
        }
      ],
      "Page": 1
    },
    {
      "BlockType": "LINE",
      "Confidence": 99.95103454589844,
      "Text": "399.1",
      "Geometry": {
        "BoundingBox": {
          "Width": 0.03267277777194977,
          "Height": 0.018971791490912437,
          "Left": 0.36022114753723145,
          "Top": 0.554879903793335
        },
        "Polygon": [
          {
            "X": 0.3602733314037323,
            "Y": 0.554879903793335
          },
          {
            "X": 0.3928939402103424,
            "Y": 0.5549155473709106
          },
          {
            "X": 0.3928484320640564,
            "Y": 0.5738516449928284
          },
          {
            "X": 0.36022114753723145,
            "Y": 0.5738192200660706
          }
        ]
      },
      "Id": "70b4e4ac-1172-4c50-b800-5e0db30bb8a3",
      "Relationships": [
        {
          "Type": "CHILD",
          "Ids": [
            "28f63ef2-89b4-483a-8275-4a3626b6803e"
          ]
        }
      ],
      "Page": 1
    },
    {
      "BlockType": "LINE",
      "Confidence": 99.90047454833984,
      "Text": "421.9",
      "Geometry": {
        "BoundingBox": {
          "Width": 0.03428860753774643,
          "Height": 0.018996184691786766,
          "Left": 0.4586655795574188,
          "Top": 0.5550069808959961
        },
        "Polygon": [
          {
            "X": 0.45869770646095276,
            "Y": 0.5550069808959961
          },
          {
            "X": 0.49295419454574585,
            "Y": 0.555044412612915
          },
          {
            "X": 0.492929071187973,
            "Y": 0.5740031599998474
          },
          {
            "X": 0.4586655795574188,
            "Y": 0.5739690661430359
          }
        ]
      },
      "Id": "7bb5c291-d090-441c-9cc0-6bb72b6f1329",
      "Relationships": [
        {
          "Type": "CHILD",
          "Ids": [
            "176cf09e-85f7-4fd7-a8b7-efa51c93da87"
          ]
        }
      ],
      "Page": 1
    },
    {
      "BlockType": "LINE",
      "Confidence": 99.78440856933594,
      "Text": "29.1",
      "Geometry": {
        "BoundingBox": {
          "Width": 0.02504686638712883,
          "Height": 0.018836744129657745,
          "Left": 0.5644950866699219,
          "Top": 0.5548797249794006
        },
        "Polygon": [
          {
            "X": 0.5645055174827576,
            "Y": 0.5548797249794006
          },
          {
            "X": 0.5895419716835022,
            "Y": 0.5549071431159973
          },
          {
            "X": 0.5895366072654724,
            "Y": 0.5737164616584778
          },
          {
            "X": 0.5644950866699219,
            "Y": 0.5736915469169617
          }
        ]
      },
      "Id": "c71589d3-f32e-47a2-bd60-11e06e09ca7b",
      "Relationships": [
        {
          "Type": "CHILD",
          "Ids": [
            "3955ba29-0bbb-4d96-8643-08c96bd9b7fd"
          ]
        }
      ],
      "Page": 1
    },
    {
      "BlockType": "LINE",
      "Confidence": 99.95195770263672,
      "Text": "434.4",
      "Geometry": {
        "BoundingBox": {
          "Width": 0.03428206592798233,
          "Height": 0.018588736653327942,
          "Left": 0.6626132130622864,
          "Top": 0.5549359917640686
        },
        "Polygon": [
          {
            "X": 0.6626132130622864,
            "Y": 0.5549359917640686
          },
          {
            "X": 0.6968790888786316,
            "Y": 0.5549734830856323
          },
          {
            "X": 0.6968953013420105,
            "Y": 0.5735247135162354
          },
          {
            "X": 0.6626225709915161,
            "Y": 0.5734905004501343
          }
        ]
      },
      "Id": "92bf1746-91d5-48ac-8c7c-2d699a7d3f04",
      "Relationships": [
        {
          "Type": "CHILD",
          "Ids": [
            "60c09362-924d-4588-8338-33963675a331"
          ]
        }
      ],
      "Page": 1
    },
    {
      "BlockType": "LINE",
      "Confidence": 99.9517593383789,
      "Text": "602.3",
      "Geometry": {
        "BoundingBox": {
          "Width": 0.03390970081090927,
          "Height": 0.018520576879382133,
          "Left": 0.7267761826515198,
          "Top": 0.555033802986145
        },
        "Polygon": [
          {
            "X": 0.7267761826515198,
            "Y": 0.555033802986145
          },
          {
            "X": 0.7606570720672607,
            "Y": 0.5550708770751953
          },
          {
            "X": 0.760685920715332,
            "Y": 0.5735543966293335
          },
          {
            "X": 0.7267982959747314,
            "Y": 0.5735205411911011
          }
        ]
      },
      "Id": "8c289a82-22b2-4363-8317-2dd393409dec",
      "Relationships": [
        {
          "Type": "CHILD",
          "Ids": [
            "95158315-fa82-4357-9282-b9efecce7764"
          ]
        }
      ],
      "Page": 1
    },
    {
      "BlockType": "WORD",
      "Confidence": 99.93766784667969,
      "Text": "Sample",
      "TextType": "PRINTED",
      "Geometry": {
        "BoundingBox": {
          "Width": 0.043971169739961624,
          "Height": 0.024475503712892532,
          "Left": 0.2537117898464203,
          "Top": 0.4227686822414398
        },
        "Polygon": [
          {
            "X": 0.2538071274757385,
            "Y": 0.4227686822414398
          },
          {
            "X": 0.2976829409599304,
            "Y": 0.42284661531448364
          },
          {
            "X": 0.2975991666316986,
            "Y": 0.44724419713020325
          },
          {
            "X": 0.2537117898464203,
            "Y": 0.44717180728912354
          }
        ]
      },
      "Id": "8ee7b4cd-1dd9-4bc9-9672-303d82b24764",
      "Page": 1
    },
    {
      "BlockType": "WORD",
      "Confidence": 99.90206909179688,
      "Text": "HRC",
      "TextType": "PRINTED",
      "Geometry": {
        "BoundingBox": {
          "Width": 0.028323901817202568,
          "Height": 0.018868491053581238,
          "Left": 0.3596179783344269,
          "Top": 0.423505038022995
        },
        "Polygon": [
          {
            "X": 0.3596700429916382,
            "Y": 0.423505038022995
          },
          {
            "X": 0.3879418969154358,
            "Y": 0.4235551655292511
          },
          {
            "X": 0.3878955841064453,
            "Y": 0.44237351417541504
          },
          {
            "X": 0.3596179783344269,
            "Y": 0.442326158285141
          }
        ]
      },
      "Id": "81a373f3-aaad-4124-9d01-80af3c013210",
      "Page": 1
    },
    {
      "BlockType": "WORD",
      "Confidence": 98.5665283203125,
      "Text": "(J/gk)",
      "TextType": "PRINTED",
      "Geometry": {
        "BoundingBox": {
          "Width": 0.03651967644691467,
          "Height": 0.024183502420783043,
          "Left": 0.3918226957321167,
          "Top": 0.42290714383125305
        },
        "Polygon": [
          {
            "X": 0.39188098907470703,
            "Y": 0.42290714383125305
          },
          {
            "X": 0.42834237217903137,
            "Y": 0.4229719042778015
          },
          {
            "X": 0.4282935559749603,
            "Y": 0.44709065556526184
          },
          {
            "X": 0.3918226957321167,
            "Y": 0.4470304250717163
          }
        ]
      },
      "Id": "398cf7c6-67cc-4aeb-9ab2-836b890c6226",
      "Page": 1
    },
    {
      "BlockType": "WORD",
      "Confidence": 99.88571166992188,
      "Text": "PHRR",
      "TextType": "PRINTED",
      "Geometry": {
        "BoundingBox": {
          "Width": 0.03602804243564606,
          "Height": 0.01886860281229019,
          "Left": 0.4583430290222168,
          "Top": 0.4235420227050781
        },
        "Polygon": [
          {
            "X": 0.4583750069141388,
            "Y": 0.4235420227050781
          },
          {
            "X": 0.49437108635902405,
            "Y": 0.42360585927963257
          },
          {
            "X": 0.49434641003608704,
            "Y": 0.4424106180667877
          },
          {
            "X": 0.4583430290222168,
            "Y": 0.442350298166275
          }
        ]
      },
      "Id": "b8bd3931-726f-4234-b488-e977116928c0",
      "Page": 1
    },
    {
      "BlockType": "WORD",
      "Confidence": 99.43006896972656,
      "Text": "(W/g)",
      "TextType": "PRINTED",
      "Geometry": {
        "BoundingBox": {
          "Width": 0.03551289811730385,
          "Height": 0.023474153131246567,
          "Left": 0.49837592244148254,
          "Top": 0.4233812391757965
        },
        "Polygon": [
          {
            "X": 0.4984056055545807,
            "Y": 0.4233812391757965
          },
          {
            "X": 0.5338888168334961,
            "Y": 0.4234442114830017
          },
          {
            "X": 0.5338680744171143,
            "Y": 0.4468553960323334
          },
          {
            "X": 0.49837592244148254,
            "Y": 0.4467966854572296
          }
        ]
      },
      "Id": "6f7d0426-a57d-4aed-ae58-3214916f5056",
      "Page": 1
    },
    {
      "BlockType": "WORD",
      "Confidence": 99.88829040527344,
      "Text": "THR",
      "TextType": "PRINTED",
      "Geometry": {
        "BoundingBox": {
          "Width": 0.027617663145065308,
          "Height": 0.018115689978003502,
          "Left": 0.5639220476150513,
          "Top": 0.4238368272781372
        },
        "Polygon": [
          {
            "X": 0.5639321804046631,
            "Y": 0.4238368272781372
          },
          {
            "X": 0.5915396809577942,
            "Y": 0.4238857626914978
          },
          {
            "X": 0.5915349721908569,
            "Y": 0.44195252656936646
          },
          {
            "X": 0.5639220476150513,
            "Y": 0.4419061541557312
          }
        ]
      },
      "Id": "c5f1246b-3c6f-4d70-88dd-624d982570fb",
      "Page": 1
    },
    {
      "BlockType": "WORD",
      "Confidence": 96.87378692626953,
      "Text": "(kJ/g)",
      "TextType": "PRINTED",
      "Geometry": {
        "BoundingBox": {
          "Width": 0.03737689554691315,
          "Height": 0.023307161405682564,
          "Left": 0.5954009294509888,
          "Top": 0.4228103458881378
        },
        "Polygon": [
          {
            "X": 0.5954060554504395,
            "Y": 0.4228103458881378
          },
          {
            "X": 0.6327735781669617,
            "Y": 0.4228768050670624
          },
          {
            "X": 0.6327778100967407,
            "Y": 0.44611749053001404
          },
          {
            "X": 0.5954009294509888,
            "Y": 0.44605553150177
          }
        ]
      },
      "Id": "d6c5a9e2-6c00-4450-9309-7e3e9231ebec",
      "Page": 1
    },
    {
      "BlockType": "WORD",
      "Confidence": 93.4855728149414,
      "Text": "Tp",
      "TextType": "PRINTED",
      "Geometry": {
        "BoundingBox": {
          "Width": 0.014120669104158878,
          "Height": 0.025095809251070023,
          "Left": 0.6623481512069702,
          "Top": 0.4240304231643677
        },
        "Polygon": [
          {
            "X": 0.6623481512069702,
            "Y": 0.4240304231643677
          },
          {
            "X": 0.6764523983001709,
            "Y": 0.42405542731285095
          },
          {
            "X": 0.6764687895774841,
            "Y": 0.4491262137889862
          },
          {
            "X": 0.662360668182373,
            "Y": 0.4491030275821686
          }
        ]
      },
      "Id": "6b5984c6-271e-481e-b0d2-f90484c4e00e",
      "Page": 1
    },
    {
      "BlockType": "WORD",
      "Confidence": 54.43327331542969,
      "Text": "(C)",
      "TextType": "PRINTED",
      "Geometry": {
        "BoundingBox": {
          "Width": 0.02349156327545643,
          "Height": 0.023551736027002335,
          "Left": 0.6810312867164612,
          "Top": 0.422525554895401
        },
        "Polygon": [
          {
            "X": 0.6810312867164612,
            "Y": 0.422525554895401
          },
          {
            "X": 0.7045003771781921,
            "Y": 0.42256733775138855
          },
          {
            "X": 0.7045228481292725,
            "Y": 0.44607728719711304
          },
          {
            "X": 0.6810478568077087,
            "Y": 0.4460383355617523
          }
        ]
      },
      "Id": "96c7757e-479a-42ca-8a65-d09a56866bb6",
      "Page": 1
    },
    {
      "BlockType": "WORD",
      "Confidence": 91.9796142578125,
      "Text": "Tp1",
      "TextType": "PRINTED",
      "Geometry": {
        "BoundingBox": {
          "Width": 0.018672477453947067,
          "Height": 0.024483295157551765,
          "Left": 0.6622810959815979,
          "Top": 0.47488316893577576
        },
        "Polygon": [
          {
            "X": 0.6622810959815979,
            "Y": 0.47488316893577576
          },
          {
            "X": 0.6809364557266235,
            "Y": 0.47491133213043213
          },
          {
            "X": 0.6809536218643188,
            "Y": 0.4993664622306824
          },
          {
            "X": 0.6622933745384216,
            "Y": 0.49934065341949463
          }
        ]
      },
      "Id": "a04ee1bb-56ea-4b0d-b5b2-c690a1ca2e40",
      "Page": 1
    },
    {
      "BlockType": "WORD",
      "Confidence": 85.19960021972656,
      "Text": "Tp2",
      "TextType": "PRINTED",
      "Geometry": {
        "BoundingBox": {
          "Width": 0.020619163289666176,
          "Height": 0.02548113279044628,
          "Left": 0.7256101965904236,
          "Top": 0.4740811288356781
        },
        "Polygon": [
          {
            "X": 0.7256101965904236,
            "Y": 0.4740811288356781
          },
          {
            "X": 0.7461936473846436,
            "Y": 0.47411230206489563
          },
          {
            "X": 0.7462294101715088,
            "Y": 0.49956226348876953
          },
          {
            "X": 0.7256403565406799,
            "Y": 0.4995338022708893
          }
        ]
      },
      "Id": "c553ba31-de49-4be3-9624-0d7341f55944",
      "Page": 1
    },
    {
      "BlockType": "WORD",
      "Confidence": 99.76947784423828,
      "Text": "DGEL/DDS",
      "TextType": "PRINTED",
      "Geometry": {
        "BoundingBox": {
          "Width": 0.06688682734966278,
          "Height": 0.02079106494784355,
          "Left": 0.2533276677131653,
          "Top": 0.522479236125946
        },
        "Polygon": [
          {
            "X": 0.25340861082077026,
            "Y": 0.522479236125946
          },
          {
            "X": 0.32021450996398926,
            "Y": 0.5225633978843689
          },
          {
            "X": 0.3201484978199005,
            "Y": 0.5432702898979187
          },
          {
            "X": 0.2533276677131653,
            "Y": 0.5431932806968689
          }
        ]
      },
      "Id": "dd0b8834-7c0e-4a15-a377-1a187de9cb9d",
      "Page": 1
    },
    {
      "BlockType": "WORD",
      "Confidence": 99.88427734375,
      "Text": "101.0",
      "TextType": "PRINTED",
      "Geometry": {
        "BoundingBox": {
          "Width": 0.03354477882385254,
          "Height": 0.018623122945427895,
          "Left": 0.36076807975769043,
          "Top": 0.5223876237869263
        },
        "Polygon": [
          {
            "X": 0.3608191907405853,
            "Y": 0.5223876237869263
          },
          {
            "X": 0.39431285858154297,
            "Y": 0.522429883480072
          },
          {
            "X": 0.3942684829235077,
            "Y": 0.5410107374191284
          },
          {
            "X": 0.36076807975769043,
            "Y": 0.5409716963768005
          }
        ]
      },
      "Id": "3c080de6-9b00-49b1-a88a-c91a7d09f3a5",
      "Page": 1
    },
    {
      "BlockType": "WORD",
      "Confidence": 99.9546127319336,
      "Text": "107.5",
      "TextType": "PRINTED",
      "Geometry": {
        "BoundingBox": {
          "Width": 0.03352990746498108,
          "Height": 0.018862778320908546,
          "Left": 0.4592347741127014,
          "Top": 0.5222734212875366
        },
        "Polygon": [
          {
            "X": 0.4592665433883667,
            "Y": 0.5222734212875366
          },
          {
            "X": 0.4927646815776825,
            "Y": 0.5223157405853271
          },
          {
            "X": 0.4927397072315216,
            "Y": 0.5411362051963806
          },
          {
            "X": 0.4592347741127014,
            "Y": 0.5410971641540527
          }
        ]
      },
      "Id": "fe6c2805-a7af-4574-afa5-ba3852b83315",
      "Page": 1
    },
    {
      "BlockType": "WORD",
      "Confidence": 99.88427734375,
      "Text": "24.3",
      "TextType": "PRINTED",
      "Geometry": {
        "BoundingBox": {
          "Width": 0.02605043724179268,
          "Height": 0.01875382661819458,
          "Left": 0.5645622611045837,
          "Top": 0.5223692059516907
        },
        "Polygon": [
          {
            "X": 0.5645726323127747,
            "Y": 0.5223692059516907
          },
          {
            "X": 0.5906127095222473,
            "Y": 0.5224020481109619
          },
          {
            "X": 0.5906075835227966,
            "Y": 0.5411230325698853
          },
          {
            "X": 0.5645622611045837,
            "Y": 0.5410926342010498
          }
        ]
      },
      "Id": "09b7e391-4650-46cb-8a87-d54731732be7",
      "Page": 1
    },
    {
      "BlockType": "WORD",
      "Confidence": 99.96099853515625,
      "Text": "390.1",
      "TextType": "PRINTED",
      "Geometry": {
        "BoundingBox": {
          "Width": 0.03239967301487923,
          "Height": 0.018659226596355438,
          "Left": 0.6628276109695435,
          "Top": 0.5223010778427124
        },
        "Polygon": [
          {
            "X": 0.6628276109695435,
            "Y": 0.5223010778427124
          },
          {
            "X": 0.6952113509178162,
            "Y": 0.5223420262336731
          },
          {
            "X": 0.695227324962616,
            "Y": 0.5409603118896484
          },
          {
            "X": 0.662837028503418,
            "Y": 0.5409225225448608
          }
        ]
      },
      "Id": "c620bc9a-fe20-462d-a51e-b1d81b40c5b8",
      "Page": 1
    },
    {
      "BlockType": "WORD",
      "Confidence": 99.98925018310547,
      "Text": "589.8",
      "TextType": "PRINTED",
      "Geometry": {
        "BoundingBox": {
          "Width": 0.033997293561697006,
          "Height": 0.018939027562737465,
          "Left": 0.7266594171524048,
          "Top": 0.5223833322525024
        },
        "Polygon": [
          {
            "X": 0.7266594171524048,
            "Y": 0.5223833322525024
          },
          {
            "X": 0.760627269744873,
            "Y": 0.5224262475967407
          },
          {
            "X": 0.7606567144393921,
            "Y": 0.5413223505020142
          },
          {
            "X": 0.7266820073127747,
            "Y": 0.5412827730178833
          }
        ]
      },
      "Id": "5d254829-3b9f-4a06-a4f7-29a72f31f995",
      "Page": 1
    },
    {
      "BlockType": "WORD",
      "Confidence": 99.3944320678711,
      "Text": "DGEBA/DDS",
      "TextType": "PRINTED",
      "Geometry": {
        "BoundingBox": {
          "Width": 0.07646811008453369,
          "Height": 0.02123168855905533,
          "Left": 0.25361502170562744,
          "Top": 0.5548499822616577
        },
        "Polygon": [
          {
            "X": 0.25369760394096375,
            "Y": 0.5548499822616577
          },
          {
            "X": 0.33008313179016113,
            "Y": 0.5549334287643433
          },
          {
            "X": 0.33001798391342163,
            "Y": 0.5760816931724548
          },
          {
            "X": 0.25361502170562744,
            "Y": 0.5760065913200378
          }
        ]
      },
      "Id": "ec7d83ea-59ed-40dc-9955-70b9debc9ee9",
      "Page": 1
    },
    {
      "BlockType": "WORD",
      "Confidence": 99.95103454589844,
      "Text": "399.1",
      "TextType": "PRINTED",
      "Geometry": {
        "BoundingBox": {
          "Width": 0.03267277777194977,
          "Height": 0.018971791490912437,
          "Left": 0.36022114753723145,
          "Top": 0.554879903793335
        },
        "Polygon": [
          {
            "X": 0.3602733314037323,
            "Y": 0.554879903793335
          },
          {
            "X": 0.3928939402103424,
            "Y": 0.5549155473709106
          },
          {
            "X": 0.3928484320640564,
            "Y": 0.5738516449928284
          },
          {
            "X": 0.36022114753723145,
            "Y": 0.5738192200660706
          }
        ]
      },
      "Id": "28f63ef2-89b4-483a-8275-4a3626b6803e",
      "Page": 1
    },
    {
      "BlockType": "WORD",
      "Confidence": 99.90047454833984,
      "Text": "421.9",
      "TextType": "PRINTED",
      "Geometry": {
        "BoundingBox": {
          "Width": 0.03428860753774643,
          "Height": 0.018996184691786766,
          "Left": 0.4586655795574188,
          "Top": 0.5550069808959961
        },
        "Polygon": [
          {
            "X": 0.45869770646095276,
            "Y": 0.5550069808959961
          },
          {
            "X": 0.49295419454574585,
            "Y": 0.555044412612915
          },
          {
            "X": 0.492929071187973,
            "Y": 0.5740031599998474
          },
          {
            "X": 0.4586655795574188,
            "Y": 0.5739690661430359
          }
        ]
      },
      "Id": "176cf09e-85f7-4fd7-a8b7-efa51c93da87",
      "Page": 1
    },
    {
      "BlockType": "WORD",
      "Confidence": 99.78440856933594,
      "Text": "29.1",
      "TextType": "PRINTED",
      "Geometry": {
        "BoundingBox": {
          "Width": 0.02504686638712883,
          "Height": 0.018836744129657745,
          "Left": 0.5644950866699219,
          "Top": 0.5548797249794006
        },
        "Polygon": [
          {
            "X": 0.5645055174827576,
            "Y": 0.5548797249794006
          },
          {
            "X": 0.5895419716835022,
            "Y": 0.5549071431159973
          },
          {
            "X": 0.5895366072654724,
            "Y": 0.5737164616584778
          },
          {
            "X": 0.5644950866699219,
            "Y": 0.5736915469169617
          }
        ]
      },
      "Id": "3955ba29-0bbb-4d96-8643-08c96bd9b7fd",
      "Page": 1
    },
    {
      "BlockType": "WORD",
      "Confidence": 99.95195770263672,
      "Text": "434.4",
      "TextType": "PRINTED",
      "Geometry": {
        "BoundingBox": {
          "Width": 0.03428206592798233,
          "Height": 0.018588736653327942,
          "Left": 0.6626132130622864,
          "Top": 0.5549359917640686
        },
        "Polygon": [
          {
            "X": 0.6626132130622864,
            "Y": 0.5549359917640686
          },
          {
            "X": 0.6968790888786316,
            "Y": 0.5549734830856323
          },
          {
            "X": 0.6968953013420105,
            "Y": 0.5735247135162354
          },
          {
            "X": 0.6626225709915161,
            "Y": 0.5734905004501343
          }
        ]
      },
      "Id": "60c09362-924d-4588-8338-33963675a331",
      "Page": 1
    },
    {
      "BlockType": "WORD",
      "Confidence": 99.9517593383789,
      "Text": "602.3",
      "TextType": "PRINTED",
      "Geometry": {
        "BoundingBox": {
          "Width": 0.03390970081090927,
          "Height": 0.018520576879382133,
          "Left": 0.7267761826515198,
          "Top": 0.555033802986145
        },
        "Polygon": [
          {
            "X": 0.7267761826515198,
            "Y": 0.555033802986145
          },
          {
            "X": 0.7606570720672607,
            "Y": 0.5550708770751953
          },
          {
            "X": 0.760685920715332,
            "Y": 0.5735543966293335
          },
          {
            "X": 0.7267982959747314,
            "Y": 0.5735205411911011
          }
        ]
      },
      "Id": "95158315-fa82-4357-9282-b9efecce7764",
      "Page": 1
    },
    {
      "BlockType": "TABLE",
      "Confidence": 99.951171875,
      "Geometry": {
        "BoundingBox": {
          "Width": 0.5409843921661377,
          "Height": 0.18377773463726044,
          "Left": 0.22932463884353638,
          "Top": 0.40770745277404785
        },
        "Polygon": [
          {
            "X": 0.23008786141872406,
            "Y": 0.40770745277404785
          },
          {
            "X": 0.7700050473213196,
            "Y": 0.4087081253528595
          },
          {
            "X": 0.7703090310096741,
            "Y": 0.5914852023124695
          },
          {
            "X": 0.22932463884353638,
            "Y": 0.5909953713417053
          }
        ]
      },
      "Id": "b2a18611-294d-4f1d-ba5c-cf817f137cae",
      "Relationships": [
        {
          "Type": "CHILD",
          "Ids": [
            "e9e341a2-9e97-43ae-8276-96ea24de6050",
            "9c9cf95f-a33e-47b7-85b2-aa7f0cbe4f22",
            "b900a76d-7955-4ccf-9ad5-5b0da9a6fb9d",
            "55c99c61-7cf9-48fc-8d0c-23d4fe45d43c",
            "65830826-6d45-41ea-afb9-d1175a718341",
            "d4bc3741-af74-4044-9434-5117f574714a",
            "b369b75f-8834-48e3-9a1c-d6d514a5cb75",
            "eb5d00ba-ce8c-4b80-96f1-bfcec47714dd",
            "849d6413-7109-42af-a970-affd5385e065",
            "dc5612fa-a6cf-4006-9ab9-62424c66bada",
            "b74ad0b8-6b9f-4e5d-8558-04516d9610ab",
            "8d7007a3-d30a-48b8-b866-8013df635a4f",
            "f672f58d-a41a-4ed0-8767-622f272da87b",
            "4927a880-94bd-484e-9069-032aae23ba58",
            "145d137e-509e-49ae-936b-1fb34fd7b1c5",
            "a8d5ee64-279a-4125-a644-518c0557cf99",
            "d139f9de-0f0d-4f5c-804e-15ade9cf4ef1",
            "084adbdc-b0e4-418c-bedd-154f835b8d1a",
            "77411808-65a9-4465-a75e-1f366a2d14b2",
            "b16d7188-e577-455e-b254-3012965f3e30",
            "f920dc6e-dac7-4907-bf19-c2d5df8e2f5d",
            "d0caf711-c42c-4ecb-a6c7-614b9e348f03",
            "bc5911f5-6af7-4f57-9912-5cd31f1d1db4",
            "52b70bc1-5016-4857-ab9d-aacc4d84bfdf"
          ]
        },
        {
          "Type": "MERGED_CELL",
          "Ids": [
            "bb5d3b2c-dcbb-45b1-bd3d-8e6135ed473f",
            "e31772a7-0bca-47d0-8af9-acb01a74a921",
            "e493aae7-ba60-4ce5-8a45-01ce5e07e009",
            "89ec19d2-3f8a-4a23-9d0d-061ac3a30c70",
            "8e2d8c10-1cc3-477d-9b15-518f9e0250ce"
          ]
        }
      ],
      "EntityTypes": [
        "STRUCTURED_TABLE"
      ],
      "Page": 1
    },
    {
      "BlockType": "CELL",
      "Confidence": 60.9375,
      "RowIndex": 1,
      "ColumnIndex": 1,
      "RowSpan": 1,
      "ColumnSpan": 1,
      "Geometry": {
        "BoundingBox": {
          "Width": 0.11510174721479416,
          "Height": 0.05031309276819229,
          "Left": 0.22955451905727386,
          "Top": 0.4081211984157562
        },
        "Polygon": [
          {
            "X": 0.2297634482383728,
            "Y": 0.4081211984157562
          },
          {
            "X": 0.3446562588214874,
            "Y": 0.4083338677883148
          },
          {
            "X": 0.3445096015930176,
            "Y": 0.4584342837333679
          },
          {
            "X": 0.22955451905727386,
            "Y": 0.4582512676715851
          }
        ]
      },
      "Id": "e9e341a2-9e97-43ae-8276-96ea24de6050",
      "Relationships": [
        {
          "Type": "CHILD",
          "Ids": [
            "8ee7b4cd-1dd9-4bc9-9672-303d82b24764"
          ]
        }
      ],
      "EntityTypes": [
        "COLUMN_HEADER"
      ],
      "Page": 1
    },
    {
      "BlockType": "CELL",
      "Confidence": 57.958984375,
      "RowIndex": 1,
      "ColumnIndex": 2,
      "RowSpan": 1,
      "ColumnSpan": 1,
      "Geometry": {
        "BoundingBox": {
          "Width": 0.09895170480012894,
          "Height": 0.05025777965784073,
          "Left": 0.3445096015930176,
          "Top": 0.4083338677883148
        },
        "Polygon": [
          {
            "X": 0.3446562588214874,
            "Y": 0.4083338677883148
          },
          {
            "X": 0.4434612989425659,
            "Y": 0.4085167944431305
          },
          {
            "X": 0.4433681070804596,
            "Y": 0.45859166979789734
          },
          {
            "X": 0.3445096015930176,
            "Y": 0.4584342837333679
          }
        ]
      },
      "Id": "9c9cf95f-a33e-47b7-85b2-aa7f0cbe4f22",
      "Relationships": [
        {
          "Type": "CHILD",
          "Ids": [
            "81a373f3-aaad-4124-9d01-80af3c013210",
            "398cf7c6-67cc-4aeb-9ab2-836b890c6226"
          ]
        }
      ],
      "EntityTypes": [
        "COLUMN_HEADER"
      ],
      "Page": 1
    },
    {
      "BlockType": "CELL",
      "Confidence": 62.890625,
      "RowIndex": 1,
      "ColumnIndex": 3,
      "RowSpan": 1,
      "ColumnSpan": 1,
      "Geometry": {
        "BoundingBox": {
          "Width": 0.10714448988437653,
          "Height": 0.05024538189172745,
          "Left": 0.4433681070804596,
          "Top": 0.4085167944431305
        },
        "Polygon": [
          {
            "X": 0.4434612989425659,
            "Y": 0.4085167944431305
          },
          {
            "X": 0.5505126118659973,
            "Y": 0.4087149500846863
          },
          {
            "X": 0.5504772663116455,
            "Y": 0.45876216888427734
          },
          {
            "X": 0.4433681070804596,
            "Y": 0.45859166979789734
          }
        ]
      },
      "Id": "b900a76d-7955-4ccf-9ad5-5b0da9a6fb9d",
      "Relationships": [
        {
          "Type": "CHILD",
          "Ids": [
            "b8bd3931-726f-4234-b488-e977116928c0",
            "6f7d0426-a57d-4aed-ae58-3214916f5056"
          ]
        }
      ],
      "EntityTypes": [
        "COLUMN_HEADER"
      ],
      "Page": 1
    },
    {
      "BlockType": "CELL",
      "Confidence": 68.701171875,
      "RowIndex": 1,
      "ColumnIndex": 4,
      "RowSpan": 1,
      "ColumnSpan": 1,
      "Geometry": {
        "BoundingBox": {
          "Width": 0.09864793717861176,
          "Height": 0.05020425096154213,
          "Left": 0.5504772663116455,
          "Top": 0.4087149500846863
        },
        "Polygon": [
          {
            "X": 0.5505126118659973,
            "Y": 0.4087149500846863
          },
          {
            "X": 0.6491072773933411,
            "Y": 0.4088974893093109
          },
          {
            "X": 0.6491252183914185,
            "Y": 0.4589191973209381
          },
          {
            "X": 0.5504772663116455,
            "Y": 0.45876216888427734
          }
        ]
      },
      "Id": "55c99c61-7cf9-48fc-8d0c-23d4fe45d43c",
      "Relationships": [
        {
          "Type": "CHILD",
          "Ids": [
            "c5f1246b-3c6f-4d70-88dd-624d982570fb",
            "d6c5a9e2-6c00-4450-9309-7e3e9231ebec"
          ]
        }
      ],
      "EntityTypes": [
        "COLUMN_HEADER"
      ],
      "Page": 1
    },
    {
      "BlockType": "CELL",
      "Confidence": 73.92578125,
      "RowIndex": 1,
      "ColumnIndex": 5,
      "RowSpan": 1,
      "ColumnSpan": 1,
      "Geometry": {
        "BoundingBox": {
          "Width": 0.06370607018470764,
          "Height": 0.050123121589422226,
          "Left": 0.6491072773933411,
          "Top": 0.4088974893093109
        },
        "Polygon": [
          {
            "X": 0.6491072773933411,
            "Y": 0.4088974893093109
          },
          {
            "X": 0.7127611041069031,
            "Y": 0.40901532769203186
          },
          {
            "X": 0.7128133773803711,
            "Y": 0.45902058482170105
          },
          {
            "X": 0.6491252183914185,
            "Y": 0.4589191973209381
          }
        ]
      },
      "Id": "65830826-6d45-41ea-afb9-d1175a718341",
      "Relationships": [
        {
          "Type": "CHILD",
          "Ids": [
            "6b5984c6-271e-481e-b0d2-f90484c4e00e",
            "96c7757e-479a-42ca-8a65-d09a56866bb6"
          ]
        }
      ],
      "EntityTypes": [
        "COLUMN_HEADER"
      ],
      "Page": 1
    },
    {
      "BlockType": "CELL",
      "Confidence": 73.92578125,
      "RowIndex": 1,
      "ColumnIndex": 6,
      "RowSpan": 1,
      "ColumnSpan": 1,
      "Geometry": {
        "BoundingBox": {
          "Width": 0.057638660073280334,
          "Height": 0.05009695887565613,
          "Left": 0.7127611041069031,
          "Top": 0.40901532769203186
        },
        "Polygon": [
          {
            "X": 0.7127611041069031,
            "Y": 0.40901532769203186
          },
          {
            "X": 0.7703164219856262,
            "Y": 0.40912187099456787
          },
          {
            "X": 0.7703997492790222,
            "Y": 0.459112286567688
          },
          {
            "X": 0.7128133773803711,
            "Y": 0.45902058482170105
          }
        ]
      },
      "Id": "d4bc3741-af74-4044-9434-5117f574714a",
      "EntityTypes": [
        "COLUMN_HEADER"
      ],
      "Page": 1
    },
    {
      "BlockType": "CELL",
      "Confidence": 60.9375,
      "RowIndex": 2,
      "ColumnIndex": 1,
      "RowSpan": 1,
      "ColumnSpan": 1,
      "Geometry": {
        "BoundingBox": {
          "Width": 0.1151585653424263,
          "Height": 0.04898137226700783,
          "Left": 0.22935102880001068,
          "Top": 0.4582512676715851
        },
        "Polygon": [
          {
            "X": 0.22955451905727386,
            "Y": 0.4582512676715851
          },
          {
            "X": 0.3445096015930176,
            "Y": 0.4584342837333679
          },
          {
            "X": 0.34436672925949097,
            "Y": 0.507232666015625
          },
          {
            "X": 0.22935102880001068,
            "Y": 0.5070785880088806
          }
        ]
      },
      "Id": "b369b75f-8834-48e3-9a1c-d6d514a5cb75",
      "EntityTypes": [
        "COLUMN_HEADER"
      ],
      "Page": 1
    },
    {
      "BlockType": "CELL",
      "Confidence": 57.958984375,
      "RowIndex": 2,
      "ColumnIndex": 2,
      "RowSpan": 1,
      "ColumnSpan": 1,
      "Geometry": {
        "BoundingBox": {
          "Width": 0.09900136291980743,
          "Height": 0.048930853605270386,
          "Left": 0.34436672925949097,
          "Top": 0.4584342837333679
        },
        "Polygon": [
          {
            "X": 0.3445096015930176,
            "Y": 0.4584342837333679
          },
          {
            "X": 0.4433681070804596,
            "Y": 0.45859166979789734
          },
          {
            "X": 0.4432773292064667,
            "Y": 0.5073651075363159
          },
          {
            "X": 0.34436672925949097,
            "Y": 0.507232666015625
          }
        ]
      },
      "Id": "eb5d00ba-ce8c-4b80-96f1-bfcec47714dd",
      "EntityTypes": [
        "COLUMN_HEADER"
      ],
      "Page": 1
    },
    {
      "BlockType": "CELL",
      "Confidence": 62.890625,
      "RowIndex": 2,
      "ColumnIndex": 3,
      "RowSpan": 1,
      "ColumnSpan": 1,
      "Geometry": {
        "BoundingBox": {
          "Width": 0.10719994455575943,
          "Height": 0.0489170141518116,
          "Left": 0.4432773292064667,
          "Top": 0.45859166979789734
        },
        "Polygon": [
          {
            "X": 0.4433681070804596,
            "Y": 0.45859166979789734
          },
          {
            "X": 0.5504772663116455,
            "Y": 0.45876216888427734
          },
          {
            "X": 0.5504428744316101,
            "Y": 0.5075086951255798
          },
          {
            "X": 0.4432773292064667,
            "Y": 0.5073651075363159
          }
        ]
      },
      "Id": "849d6413-7109-42af-a970-affd5385e065",
      "EntityTypes": [
        "COLUMN_HEADER"
      ],
      "Page": 1
    },
    {
      "BlockType": "CELL",
      "Confidence": 68.701171875,
      "RowIndex": 2,
      "ColumnIndex": 4,
      "RowSpan": 1,
      "ColumnSpan": 1,
      "Geometry": {
        "BoundingBox": {
          "Width": 0.09869980067014694,
          "Height": 0.04887870326638222,
          "Left": 0.5504428744316101,
          "Top": 0.45876216888427734
        },
        "Polygon": [
          {
            "X": 0.5504772663116455,
            "Y": 0.45876216888427734
          },
          {
            "X": 0.6491252183914185,
            "Y": 0.4589191973209381
          },
          {
            "X": 0.6491426825523376,
            "Y": 0.5076408982276917
          },
          {
            "X": 0.5504428744316101,
            "Y": 0.5075086951255798
          }
        ]
      },
      "Id": "dc5612fa-a6cf-4006-9ab9-62424c66bada",
      "EntityTypes": [
        "COLUMN_HEADER"
      ],
      "Page": 1
    },
    {
      "BlockType": "CELL",
      "Confidence": 52.24609375,
      "RowIndex": 2,
      "ColumnIndex": 5,
      "RowSpan": 1,
      "ColumnSpan": 1,
      "Geometry": {
        "BoundingBox": {
          "Width": 0.06373906135559082,
          "Height": 0.04880701005458832,
          "Left": 0.6491252183914185,
          "Top": 0.4589191973209381
        },
        "Polygon": [
          {
            "X": 0.6491252183914185,
            "Y": 0.4589191973209381
          },
          {
            "X": 0.7128133773803711,
            "Y": 0.45902058482170105
          },
          {
            "X": 0.7128642797470093,
            "Y": 0.5077261924743652
          },
          {
            "X": 0.6491426825523376,
            "Y": 0.5076408982276917
          }
        ]
      },
      "Id": "b74ad0b8-6b9f-4e5d-8558-04516d9610ab",
      "Relationships": [
        {
          "Type": "CHILD",
          "Ids": [
            "a04ee1bb-56ea-4b0d-b5b2-c690a1ca2e40"
          ]
        }
      ],
      "EntityTypes": [
        "COLUMN_HEADER"
      ],
      "Page": 1
    },
    {
      "BlockType": "CELL",
      "Confidence": 48.7548828125,
      "RowIndex": 2,
      "ColumnIndex": 6,
      "RowSpan": 1,
      "ColumnSpan": 1,
      "Geometry": {
        "BoundingBox": {
          "Width": 0.057356495410203934,
          "Height": 0.04878237843513489,
          "Left": 0.7128133773803711,
          "Top": 0.45902058482170105
        },
        "Polygon": [
          {
            "X": 0.7128133773803711,
            "Y": 0.45902058482170105
          },
          {
            "X": 0.7700888514518738,
            "Y": 0.4591117799282074
          },
          {
            "X": 0.7701698541641235,
            "Y": 0.5078029632568359
          },
          {
            "X": 0.7128642797470093,
            "Y": 0.5077261924743652
          }
        ]
      },
      "Id": "8d7007a3-d30a-48b8-b866-8013df635a4f",
      "Relationships": [
        {
          "Type": "CHILD",
          "Ids": [
            "c553ba31-de49-4be3-9624-0d7341f55944"
          ]
        }
      ],
      "EntityTypes": [
        "COLUMN_HEADER"
      ],
      "Page": 1
    },
    {
      "BlockType": "CELL",
      "Confidence": 53.7109375,
      "RowIndex": 3,
      "ColumnIndex": 1,
      "RowSpan": 1,
      "ColumnSpan": 1,
      "Geometry": {
        "BoundingBox": {
          "Width": 0.11486226320266724,
          "Height": 0.0408581905066967,
          "Left": 0.22950448095798492,
          "Top": 0.507079005241394
        },
        "Polygon": [
          {
            "X": 0.2296740710735321,
            "Y": 0.507079005241394
          },
          {
            "X": 0.34436672925949097,
            "Y": 0.507232666015625
          },
          {
            "X": 0.34424757957458496,
            "Y": 0.5479372143745422
          },
          {
            "X": 0.22950448095798492,
            "Y": 0.5478076934814453
          }
        ]
      },
      "Id": "f672f58d-a41a-4ed0-8767-622f272da87b",
      "Relationships": [
        {
          "Type": "CHILD",
          "Ids": [
            "dd0b8834-7c0e-4a15-a377-1a187de9cb9d"
          ]
        }
      ],
      "Page": 1
    },
    {
      "BlockType": "CELL",
      "Confidence": 52.099609375,
      "RowIndex": 3,
      "ColumnIndex": 2,
      "RowSpan": 1,
      "ColumnSpan": 1,
      "Geometry": {
        "BoundingBox": {
          "Width": 0.09902975708246231,
          "Height": 0.04081626608967781,
          "Left": 0.34424757957458496,
          "Top": 0.507232666015625
        },
        "Polygon": [
          {
            "X": 0.34436672925949097,
            "Y": 0.507232666015625
          },
          {
            "X": 0.4432773292064667,
            "Y": 0.5073651075363159
          },
          {
            "X": 0.44320163130760193,
            "Y": 0.5480489134788513
          },
          {
            "X": 0.34424757957458496,
            "Y": 0.5479372143745422
          }
        ]
      },
      "Id": "4927a880-94bd-484e-9069-032aae23ba58",
      "Relationships": [
        {
          "Type": "CHILD",
          "Ids": [
            "3c080de6-9b00-49b1-a88a-c91a7d09f3a5"
          ]
        }
      ],
      "Page": 1
    },
    {
      "BlockType": "CELL",
      "Confidence": 54.638671875,
      "RowIndex": 3,
      "ColumnIndex": 3,
      "RowSpan": 1,
      "ColumnSpan": 1,
      "Geometry": {
        "BoundingBox": {
          "Width": 0.10724126547574997,
          "Height": 0.04080480337142944,
          "Left": 0.44320163130760193,
          "Top": 0.5073651075363159
        },
        "Polygon": [
          {
            "X": 0.4432773292064667,
            "Y": 0.5073651075363159
          },
          {
            "X": 0.5504428744316101,
            "Y": 0.5075086951255798
          },
          {
            "X": 0.5504142045974731,
            "Y": 0.5481699109077454
          },
          {
            "X": 0.44320163130760193,
            "Y": 0.5480489134788513
          }
        ]
      },
      "Id": "145d137e-509e-49ae-936b-1fb34fd7b1c5",
      "Relationships": [
        {
          "Type": "CHILD",
          "Ids": [
            "fe6c2805-a7af-4574-afa5-ba3852b83315"
          ]
        }
      ],
      "Page": 1
    },
    {
      "BlockType": "CELL",
      "Confidence": 54.150390625,
      "RowIndex": 3,
      "ColumnIndex": 4,
      "RowSpan": 1,
      "ColumnSpan": 1,
      "Geometry": {
        "BoundingBox": {
          "Width": 0.09874306619167328,
          "Height": 0.04077272489666939,
          "Left": 0.5504142045974731,
          "Top": 0.5075086951255798
        },
        "Polygon": [
          {
            "X": 0.5504428744316101,
            "Y": 0.5075086951255798
          },
          {
            "X": 0.6491426825523376,
            "Y": 0.5076408982276917
          },
          {
            "X": 0.6491572260856628,
            "Y": 0.5482813715934753
          },
          {
            "X": 0.5504142045974731,
            "Y": 0.5481699109077454
          }
        ]
      },
      "Id": "a8d5ee64-279a-4125-a644-518c0557cf99",
      "Relationships": [
        {
          "Type": "CHILD",
          "Ids": [
            "09b7e391-4650-46cb-8a87-d54731732be7"
          ]
        }
      ],
      "Page": 1
    },
    {
      "BlockType": "CELL",
      "Confidence": 51.26953125,
      "RowIndex": 3,
      "ColumnIndex": 5,
      "RowSpan": 1,
      "ColumnSpan": 1,
      "Geometry": {
        "BoundingBox": {
          "Width": 0.0637640655040741,
          "Height": 0.04071248322725296,
          "Left": 0.6491426825523376,
          "Top": 0.5076408982276917
        },
        "Polygon": [
          {
            "X": 0.6491426825523376,
            "Y": 0.5076408982276917
          },
          {
            "X": 0.7128642797470093,
            "Y": 0.5077261924743652
          },
          {
            "X": 0.7129067778587341,
            "Y": 0.548353374004364
          },
          {
            "X": 0.6491572260856628,
            "Y": 0.5482813715934753
          }
        ]
      },
      "Id": "d139f9de-0f0d-4f5c-804e-15ade9cf4ef1",
      "Relationships": [
        {
          "Type": "CHILD",
          "Ids": [
            "c620bc9a-fe20-462d-a51e-b1d81b40c5b8"
          ]
        }
      ],
      "Page": 1
    },
    {
      "BlockType": "CELL",
      "Confidence": 47.8271484375,
      "RowIndex": 3,
      "ColumnIndex": 6,
      "RowSpan": 1,
      "ColumnSpan": 1,
      "Geometry": {
        "BoundingBox": {
          "Width": 0.057373128831386566,
          "Height": 0.04069184511899948,
          "Left": 0.7128642797470093,
          "Top": 0.5077261924743652
        },
        "Polygon": [
          {
            "X": 0.7128642797470093,
            "Y": 0.5077261924743652
          },
          {
            "X": 0.7701698541641235,
            "Y": 0.5078029632568359
          },
          {
            "X": 0.770237386226654,
            "Y": 0.5484180450439453
          },
          {
            "X": 0.7129067778587341,
            "Y": 0.548353374004364
          }
        ]
      },
      "Id": "084adbdc-b0e4-418c-bedd-154f835b8d1a",
      "Relationships": [
        {
          "Type": "CHILD",
          "Ids": [
            "5d254829-3b9f-4a06-a4f7-29a72f31f995"
          ]
        }
      ],
      "Page": 1
    },
    {
      "BlockType": "CELL",
      "Confidence": 60.009765625,
      "RowIndex": 4,
      "ColumnIndex": 1,
      "RowSpan": 1,
      "ColumnSpan": 1,
      "Geometry": {
        "BoundingBox": {
          "Width": 0.11492294073104858,
          "Height": 0.0432916134595871,
          "Left": 0.22932463884353638,
          "Top": 0.5478076934814453
        },
        "Polygon": [
          {
            "X": 0.22950448095798492,
            "Y": 0.5478076934814453
          },
          {
            "X": 0.34424757957458496,
            "Y": 0.5479372143745422
          },
          {
            "X": 0.34412121772766113,
            "Y": 0.5910993218421936
          },
          {
            "X": 0.22932463884353638,
            "Y": 0.5909953713417053
          }
        ]
      },
      "Id": "77411808-65a9-4465-a75e-1f366a2d14b2",
      "Relationships": [
        {
          "Type": "CHILD",
          "Ids": [
            "ec7d83ea-59ed-40dc-9955-70b9debc9ee9"
          ]
        }
      ],
      "Page": 1
    },
    {
      "BlockType": "CELL",
      "Confidence": 58.203125,
      "RowIndex": 4,
      "ColumnIndex": 2,
      "RowSpan": 1,
      "ColumnSpan": 1,
      "Geometry": {
        "BoundingBox": {
          "Width": 0.0990803986787796,
          "Height": 0.043251730501651764,
          "Left": 0.34412121772766113,
          "Top": 0.5479372143745422
        },
        "Polygon": [
          {
            "X": 0.34424757957458496,
            "Y": 0.5479372143745422
          },
          {
            "X": 0.44320163130760193,
            "Y": 0.5480489134788513
          },
          {
            "X": 0.4431213438510895,
            "Y": 0.5911889672279358
          },
          {
            "X": 0.34412121772766113,
            "Y": 0.5910993218421936
          }
        ]
      },
      "Id": "b16d7188-e577-455e-b254-3012965f3e30",
      "Relationships": [
        {
          "Type": "CHILD",
          "Ids": [
            "28f63ef2-89b4-483a-8275-4a3626b6803e"
          ]
        }
      ],
      "Page": 1
    },
    {
      "BlockType": "CELL",
      "Confidence": 61.03515625,
      "RowIndex": 4,
      "ColumnIndex": 3,
      "RowSpan": 1,
      "ColumnSpan": 1,
      "Geometry": {
        "BoundingBox": {
          "Width": 0.10729286074638367,
          "Height": 0.043237149715423584,
          "Left": 0.4431213438510895,
          "Top": 0.5480489134788513
        },
        "Polygon": [
          {
            "X": 0.44320163130760193,
            "Y": 0.5480489134788513
          },
          {
            "X": 0.5504142045974731,
            "Y": 0.5481699109077454
          },
          {
            "X": 0.5503837466239929,
            "Y": 0.5912860631942749
          },
          {
            "X": 0.4431213438510895,
            "Y": 0.5911889672279358
          }
        ]
      },
      "Id": "f920dc6e-dac7-4907-bf19-c2d5df8e2f5d",
      "Relationships": [
        {
          "Type": "CHILD",
          "Ids": [
            "176cf09e-85f7-4fd7-a8b7-efa51c93da87"
          ]
        }
      ],
      "Page": 1
    },
    {
      "BlockType": "CELL",
      "Confidence": 60.546875,
      "RowIndex": 4,
      "ColumnIndex": 4,
      "RowSpan": 1,
      "ColumnSpan": 1,
      "Geometry": {
        "BoundingBox": {
          "Width": 0.09878893196582794,
          "Height": 0.04320557788014412,
          "Left": 0.5503837466239929,
          "Top": 0.5481699109077454
        },
        "Polygon": [
          {
            "X": 0.5504142045974731,
            "Y": 0.5481699109077454
          },
          {
            "X": 0.6491572260856628,
            "Y": 0.5482813715934753
          },
          {
            "X": 0.6491727232933044,
            "Y": 0.5913755297660828
          },
          {
            "X": 0.5503837466239929,
            "Y": 0.5912860631942749
          }
        ]
      },
      "Id": "d0caf711-c42c-4ecb-a6c7-614b9e348f03",
      "Relationships": [
        {
          "Type": "CHILD",
          "Ids": [
            "3955ba29-0bbb-4d96-8643-08c96bd9b7fd"
          ]
        }
      ],
      "Page": 1
    },
    {
      "BlockType": "CELL",
      "Confidence": 57.275390625,
      "RowIndex": 4,
      "ColumnIndex": 5,
      "RowSpan": 1,
      "ColumnSpan": 1,
      "Geometry": {
        "BoundingBox": {
          "Width": 0.06379453837871552,
          "Height": 0.043151866644620895,
          "Left": 0.6491572260856628,
          "Top": 0.5482813715934753
        },
        "Polygon": [
          {
            "X": 0.6491572260856628,
            "Y": 0.5482813715934753
          },
          {
            "X": 0.7129067778587341,
            "Y": 0.548353374004364
          },
          {
            "X": 0.7129517793655396,
            "Y": 0.5914332866668701
          },
          {
            "X": 0.6491727232933044,
            "Y": 0.5913755297660828
          }
        ]
      },
      "Id": "bc5911f5-6af7-4f57-9912-5cd31f1d1db4",
      "Relationships": [
        {
          "Type": "CHILD",
          "Ids": [
            "60c09362-924d-4588-8338-33963675a331"
          ]
        }
      ],
      "Page": 1
    },
    {
      "BlockType": "CELL",
      "Confidence": 53.466796875,
      "RowIndex": 4,
      "ColumnIndex": 6,
      "RowSpan": 1,
      "ColumnSpan": 1,
      "Geometry": {
        "BoundingBox": {
          "Width": 0.057402290403842926,
          "Height": 0.043131839483976364,
          "Left": 0.7129067778587341,
          "Top": 0.548353374004364
        },
        "Polygon": [
          {
            "X": 0.7129067778587341,
            "Y": 0.548353374004364
          },
          {
            "X": 0.770237386226654,
            "Y": 0.5484180450439453
          },
          {
            "X": 0.7703090310096741,
            "Y": 0.5914852023124695
          },
          {
            "X": 0.7129517793655396,
            "Y": 0.5914332866668701
          }
        ]
      },
      "Id": "52b70bc1-5016-4857-ab9d-aacc4d84bfdf",
      "Relationships": [
        {
          "Type": "CHILD",
          "Ids": [
            "95158315-fa82-4357-9282-b9efecce7764"
          ]
        }
      ],
      "Page": 1
    },
    {
      "BlockType": "MERGED_CELL",
      "Confidence": 60.9375,
      "RowIndex": 1,
      "ColumnIndex": 1,
      "RowSpan": 2,
      "ColumnSpan": 1,
      "Geometry": {
        "BoundingBox": {
          "Width": 0.11498340964317322,
          "Height": 0.09952519088983536,
          "Left": 0.2296740710735321,
          "Top": 0.40770745277404785
        },
        "Polygon": [
          {
            "X": 0.23008786141872406,
            "Y": 0.40770745277404785
          },
          {
            "X": 0.3446574807167053,
            "Y": 0.4079197943210602
          },
          {
            "X": 0.34436672925949097,
            "Y": 0.507232666015625
          },
          {
            "X": 0.2296740710735321,
            "Y": 0.507079005241394
          }
        ]
      },
      "Id": "bb5d3b2c-dcbb-45b1-bd3d-8e6135ed473f",
      "Relationships": [
        {
          "Type": "CHILD",
          "Ids": [
            "e9e341a2-9e97-43ae-8276-96ea24de6050",
            "b369b75f-8834-48e3-9a1c-d6d514a5cb75"
          ]
        }
      ],
      "EntityTypes": [
        "COLUMN_HEADER"
      ],
      "Page": 1
    },
    {
      "BlockType": "MERGED_CELL",
      "Confidence": 57.958984375,
      "RowIndex": 1,
      "ColumnIndex": 2,
      "RowSpan": 2,
      "ColumnSpan": 1,
      "Geometry": {
        "BoundingBox": {
          "Width": 0.09909532964229584,
          "Height": 0.09944533556699753,
          "Left": 0.34436672925949097,
          "Top": 0.4079197943210602
        },
        "Polygon": [
          {
            "X": 0.3446574807167053,
            "Y": 0.4079197943210602
          },
          {
            "X": 0.443462073802948,
            "Y": 0.40810292959213257
          },
          {
            "X": 0.4432773292064667,
            "Y": 0.5073651075363159
          },
          {
            "X": 0.34436672925949097,
            "Y": 0.507232666015625
          }
        ]
      },
      "Id": "e31772a7-0bca-47d0-8af9-acb01a74a921",
      "Relationships": [
        {
          "Type": "CHILD",
          "Ids": [
            "9c9cf95f-a33e-47b7-85b2-aa7f0cbe4f22",
            "eb5d00ba-ce8c-4b80-96f1-bfcec47714dd"
          ]
        }
      ],
      "EntityTypes": [
        "COLUMN_HEADER"
      ],
      "Page": 1
    },
    {
      "BlockType": "MERGED_CELL",
      "Confidence": 62.890625,
      "RowIndex": 1,
      "ColumnIndex": 3,
      "RowSpan": 2,
      "ColumnSpan": 1,
      "Geometry": {
        "BoundingBox": {
          "Width": 0.10723555833101273,
          "Height": 0.09940575063228607,
          "Left": 0.4432773292064667,
          "Top": 0.40810292959213257
        },
        "Polygon": [
          {
            "X": 0.443462073802948,
            "Y": 0.40810292959213257
          },
          {
            "X": 0.5505129098892212,
            "Y": 0.40830132365226746
          },
          {
            "X": 0.5504428744316101,
            "Y": 0.5075086951255798
          },
          {
            "X": 0.4432773292064667,
            "Y": 0.5073651075363159
          }
        ]
      },
      "Id": "e493aae7-ba60-4ce5-8a45-01ce5e07e009",
      "Relationships": [
        {
          "Type": "CHILD",
          "Ids": [
            "b900a76d-7955-4ccf-9ad5-5b0da9a6fb9d",
            "849d6413-7109-42af-a970-affd5385e065"
          ]
        }
      ],
      "EntityTypes": [
        "COLUMN_HEADER"
      ],
      "Page": 1
    },
    {
      "BlockType": "MERGED_CELL",
      "Confidence": 68.701171875,
      "RowIndex": 1,
      "ColumnIndex": 4,
      "RowSpan": 2,
      "ColumnSpan": 1,
      "Geometry": {
        "BoundingBox": {
          "Width": 0.09869980067014694,
          "Height": 0.0993395522236824,
          "Left": 0.5504428744316101,
          "Top": 0.40830132365226746
        },
        "Polygon": [
          {
            "X": 0.5505129098892212,
            "Y": 0.40830132365226746
          },
          {
            "X": 0.6491071581840515,
            "Y": 0.4084840416908264
          },
          {
            "X": 0.6491426825523376,
            "Y": 0.5076408982276917
          },
          {
            "X": 0.5504428744316101,
            "Y": 0.5075086951255798
          }
        ]
      },
      "Id": "89ec19d2-3f8a-4a23-9d0d-061ac3a30c70",
      "Relationships": [
        {
          "Type": "CHILD",
          "Ids": [
            "55c99c61-7cf9-48fc-8d0c-23d4fe45d43c",
            "dc5612fa-a6cf-4006-9ab9-62424c66bada"
          ]
        }
      ],
      "EntityTypes": [
        "COLUMN_HEADER"
      ],
      "Page": 1
    },
    {
      "BlockType": "MERGED_CELL",
      "Confidence": 73.92578125,
      "RowIndex": 1,
      "ColumnIndex": 5,
      "RowSpan": 1,
      "ColumnSpan": 2,
      "Geometry": {
        "BoundingBox": {
          "Width": 0.12098172307014465,
          "Height": 0.050627727061510086,
          "Left": 0.6491071581840515,
          "Top": 0.4084840416908264
        },
        "Polygon": [
          {
            "X": 0.6491071581840515,
            "Y": 0.4084840416908264
          },
          {
            "X": 0.7700050473213196,
            "Y": 0.4087081253528595
          },
          {
            "X": 0.7700888514518738,
            "Y": 0.4591117799282074
          },
          {
            "X": 0.6491252183914185,
            "Y": 0.4589191973209381
          }
        ]
      },
      "Id": "8e2d8c10-1cc3-477d-9b15-518f9e0250ce",
      "Relationships": [
        {
          "Type": "CHILD",
          "Ids": [
            "65830826-6d45-41ea-afb9-d1175a718341",
            "d4bc3741-af74-4044-9434-5117f574714a"
          ]
        }
      ],
      "EntityTypes": [
        "COLUMN_HEADER"
      ],
      "Page": 1
    }
  ],
  "AnalyzeDocumentModelVersion": "1.0"
}