{
  "DocumentMetadata": {
    "Pages": 1
  },
  "JobStatus": "SUCCEEDED",
  "Blocks": [
    {
      "BlockType": "PAGE",
      "Geometry": {
        "BoundingBox": {
          "Width": 0.6863787770271301,
          "Height": 0.3740406334400177,
          "Left": 0.16605617105960846,
          "Top": 0.3054099678993225
        },
        "Polygon": [
          {
            "X": 0.16806794703006744,
            "Y": 0.3054099678993225
          },
          {
            "X": 0.8524349927902222,
            "Y": 0.30665406584739685
          },
          {
            "X": 0.8518732786178589,
            "Y": 0.6794506311416626
          },
          {
            "X": 0.16605617105960846,
            "Y": 0.6773548722267151
          }
        ]
      },
      "Id": "b7f7fb54-2d90-487d-a34c-fe5debf6a5d4",
      "Relationships": [
        {
          "Type": "CHILD",
          "Ids": [
            "abca5425-0a26-40b1-9645-5a82113b231a",
            "fdf92b56-3614-4f3f-a9d4-b4906993f6db",
            "9bb3aca6-3d93-4d68-9707-2e43cb2937f5",
            "5331fd45-3d50-4e13-8f43-b5d288477a0c",
            "9c8aa9c3-e6c4-4521-b1f9-f575c9207c31",
            "1c0a36e7-a72b-4964-9e36-5c2f158ca758",
            "c71a9a45-4643-45a3-96e6-9d650c8b88d1",
            "c1a9dc21-3840-4ab4-969a-841a0e4e165c",
            "f6cf4c11-e7f2-4197-83ee-e480853fbbe7",
            "84d541b0-6a73-43ee-8f96-19be0cfd23eb",
            "0b211b5d-e54f-4c96-bde6-e248e90422b6",
            "2a5847c6-f4fd-4064-9657-f00ff3b250c2",
            "b762ce38-a8b7-4fc7-bc78-2f309538820b",
            "e2973da0-f3e9-4012-9125-aac58fc8760f",
            "e92c04ea-c2ae-4bf8-a30b-5f2dcec209f4",
            "78aa54d1-7e30-43fa-8888-25988f4c3582",
            "b07e34b6-9c7b-4d5b-9fb4-fc2fd6d4d103",
            "117f8820-a38b-4096-b354-5b66e5fbd064",
            "26fc30f0-7f9f-462c-98b1-b8aecb5501dd",
            "1b3a75ef-9f4b-4348-ab29-3863fbdfb6e6",
            "84ac6f58-051e-46c5-95fd-ea36e3a11b3a",
            "5e8849b0-1a32-4ead-8d2d-7d4242d7da06",
            "c65770d0-4b5d-4181-8f19-6779d5b9094b",
            "3a08b2f8-a92b-4f87-b8a4-977fbe64735e",
            "c91c10cd-e4a6-4bc6-bf20-150e133cd153"
          ]
        }
      ],
      "Page": 1
    },
    {
      "BlockType": "LINE",
      "Confidence": 99.85108184814453,
      "Text": "Specimen",
      "Geometry": {
        "BoundingBox": {
          "Width": 0.05804477259516716,
          "Height": 0.029232937842607498,
          "Left": 0.21137478947639465,
          "Top": 0.35868972539901733
        },
        "Polygon": [
          {
            "X": 0.21152499318122864,
            "Y": 0.35868972539901733
          },
          {
            "X": 0.2694195508956909,
            "Y": 0.35880520939826965
          },
          {
            "X": 0.26927894353866577,
            "Y": 0.38792264461517334
          },
          {
            "X": 0.21137478947639465,
            "Y": 0.38780152797698975
          }
        ]
      },
      "Id": "abca5425-0a26-40b1-9645-5a82113b231a",
      "Relationships": [
        {
          "Type": "CHILD",
          "Ids": [
            "f29872e4-832d-4ab1-993a-44a771270ca4"
          ]
        }
      ],
      "Page": 1
    },
    {
      "BlockType": "LINE",
      "Confidence": 99.28204345703125,
      "Text": "First frequency [Hz]",
      "Geometry": {
        "BoundingBox": {
          "Width": 0.12001931667327881,
          "Height": 0.029218610376119614,
          "Left": 0.32838502526283264,
          "Top": 0.35877326130867004
        },
        "Polygon": [
          {
            "X": 0.3285151720046997,
            "Y": 0.35877326130867004
          },
          {
            "X": 0.44840434193611145,
            "Y": 0.3590123653411865
          },
          {
            "X": 0.4482939541339874,
            "Y": 0.38799187541007996
          },
          {
            "X": 0.32838502526283264,
            "Y": 0.38774117827415466
          }
        ]
      },
      "Id": "fdf92b56-3614-4f3f-a9d4-b4906993f6db",
      "Relationships": [
        {
          "Type": "CHILD",
          "Ids": [
            "9364d541-94bf-4a14-bc05-93dac988eed7",
            "47e8366f-b2cb-4ca4-9f31-5efae85c78da",
            "bcd15819-fe01-4e6a-b56e-692a6eaf9380"
          ]
        }
      ],
      "Page": 1
    },
    {
      "BlockType": "LINE",
      "Confidence": 99.26908874511719,
      "Text": "Second frequency [Hz]",
      "Geometry": {
        "BoundingBox": {
          "Width": 0.13618414103984833,
          "Height": 0.029232097789645195,
          "Left": 0.4953345060348511,
          "Top": 0.3587968051433563
        },
        "Polygon": [
          {
            "X": 0.49543702602386475,
            "Y": 0.3587968051433563
          },
          {
            "X": 0.6315186619758606,
            "Y": 0.3590680658817291
          },
          {
            "X": 0.6314385533332825,
            "Y": 0.3880288898944855
          },
          {
            "X": 0.4953345060348511,
            "Y": 0.3877444863319397
          }
        ]
      },
      "Id": "9bb3aca6-3d93-4d68-9707-2e43cb2937f5",
      "Relationships": [
        {
          "Type": "CHILD",
          "Ids": [
            "24c24c31-7d5a-4a89-ace8-f949651fc93f",
            "509846cd-0857-4e22-95bb-91885ceac363",
            "13631f67-39b9-4746-ab3c-9763fbb1f670"
          ]
        }
      ],
      "Page": 1
    },
    {
      "BlockType": "LINE",
      "Confidence": 99.10400390625,
      "Text": "Third frequency [Hz]",
      "Geometry": {
        "BoundingBox": {
          "Width": 0.12585534155368805,
          "Height": 0.029254572466015816,
          "Left": 0.6806517839431763,
          "Top": 0.3589053452014923
        },
        "Polygon": [
          {
            "X": 0.6807238459587097,
            "Y": 0.3589053452014923
          },
          {
            "X": 0.8065071105957031,
            "Y": 0.35915595293045044
          },
          {
            "X": 0.8064558506011963,
            "Y": 0.3881599009037018
          },
          {
            "X": 0.6806517839431763,
            "Y": 0.3878971040248871
          }
        ]
      },
      "Id": "5331fd45-3d50-4e13-8f43-b5d288477a0c",
      "Relationships": [
        {
          "Type": "CHILD",
          "Ids": [
            "bc8f2244-7c0f-43dc-b39d-8fa1aca591dd",
            "3ddc3f1b-ee2a-4927-93c1-3d181e7db5b3",
            "87f2db0e-e380-446e-b273-e8633414b67a"
          ]
        }
      ],
      "Page": 1
    },
    {
      "BlockType": "LINE",
      "Confidence": 99.77220153808594,
      "Text": "Neat epoxy resin",
      "Geometry": {
        "BoundingBox": {
          "Width": 0.10055949538946152,
          "Height": 0.02843635529279709,
          "Left": 0.1898466944694519,
          "Top": 0.41282743215560913
        },
        "Polygon": [
          {
            "X": 0.1899956613779068,
            "Y": 0.41282743215560913
          },
          {
            "X": 0.290406197309494,
            "Y": 0.41304585337638855
          },
          {
            "X": 0.2902733385562897,
            "Y": 0.4412637948989868
          },
          {
            "X": 0.1898466944694519,
            "Y": 0.4410358965396881
          }
        ]
      },
      "Id": "9c8aa9c3-e6c4-4521-b1f9-f575c9207c31",
      "Relationships": [
        {
          "Type": "CHILD",
          "Ids": [
            "0e212bba-17cf-41f3-8e1d-816de03e9758",
            "c7688304-62be-4e01-8daa-ef9859eb7f7d",
            "466d4d3a-4f10-422d-a5cd-33807d2a1dc9"
          ]
        }
      ],
      "Page": 1
    },
    {
      "BlockType": "LINE",
      "Confidence": 99.96678924560547,
      "Text": "83.50",
      "Geometry": {
        "BoundingBox": {
          "Width": 0.03322016820311546,
          "Height": 0.022204579785466194,
          "Left": 0.3724706172943115,
          "Top": 0.41321542859077454
        },
        "Polygon": [
          {
            "X": 0.3725644648075104,
            "Y": 0.41321542859077454
          },
          {
            "X": 0.4056907892227173,
            "Y": 0.413287490606308
          },
          {
            "X": 0.4056011140346527,
            "Y": 0.4354200065135956
          },
          {
            "X": 0.3724706172943115,
            "Y": 0.43534550070762634
          }
        ]
      },
      "Id": "1c0a36e7-a72b-4964-9e36-5c2f158ca758",
      "Relationships": [
        {
          "Type": "CHILD",
          "Ids": [
            "02faec3b-bc11-4175-aaf4-4c8300a27329"
          ]
        }
      ],
      "Page": 1
    },
    {
      "BlockType": "LINE",
      "Confidence": 99.97562408447266,
      "Text": "445.00",
      "Geometry": {
        "BoundingBox": {
          "Width": 0.04136895760893822,
          "Height": 0.022345468401908875,
          "Left": 0.5431160926818848,
          "Top": 0.4130169451236725
        },
        "Polygon": [
          {
            "X": 0.5431888103485107,
            "Y": 0.4130169451236725
          },
          {
            "X": 0.5844850540161133,
            "Y": 0.41310667991638184
          },
          {
            "X": 0.5844175815582275,
            "Y": 0.43536239862442017
          },
          {
            "X": 0.5431160926818848,
            "Y": 0.4352695941925049
          }
        ]
      },
      "Id": "c71a9a45-4643-45a3-96e6-9d650c8b88d1",
      "Relationships": [
        {
          "Type": "CHILD",
          "Ids": [
            "18a37190-fac2-44b8-b657-9283d880e421"
          ]
        }
      ],
      "Page": 1
    },
    {
      "BlockType": "LINE",
      "Confidence": 99.96823120117188,
      "Text": "1232.50",
      "Geometry": {
        "BoundingBox": {
          "Width": 0.04713780805468559,
          "Height": 0.021998144686222076,
          "Left": 0.7213020324707031,
          "Top": 0.4133767783641815
        },
        "Polygon": [
          {
            "X": 0.7213513255119324,
            "Y": 0.4133767783641815
          },
          {
            "X": 0.7684398293495178,
            "Y": 0.41347911953926086
          },
          {
            "X": 0.7683963775634766,
            "Y": 0.435374915599823
          },
          {
            "X": 0.7213020324707031,
            "Y": 0.43526914715766907
          }
        ]
      },
      "Id": "c1a9dc21-3840-4ab4-969a-841a0e4e165c",
      "Relationships": [
        {
          "Type": "CHILD",
          "Ids": [
            "71e133f9-969a-4dc6-92ff-7315e45a4c11"
          ]
        }
      ],
      "Page": 1
    },
    {
      "BlockType": "LINE",
      "Confidence": 99.66128540039062,
      "Text": "CTBN 10wt%",
      "Geometry": {
        "BoundingBox": {
          "Width": 0.08533670008182526,
          "Height": 0.023194337263703346,
          "Left": 0.19735591113567352,
          "Top": 0.4639310836791992
        },
        "Polygon": [
          {
            "X": 0.19747628271579742,
            "Y": 0.4639310836791992
          },
          {
            "X": 0.2826926112174988,
            "Y": 0.4641309380531311
          },
          {
            "X": 0.2825833559036255,
            "Y": 0.487125426530838
          },
          {
            "X": 0.19735591113567352,
            "Y": 0.48691901564598083
          }
        ]
      },
      "Id": "f6cf4c11-e7f2-4197-83ee-e480853fbbe7",
      "Relationships": [
        {
          "Type": "CHILD",
          "Ids": [
            "5347c698-0afa-4efa-8f47-e3547b77b357",
            "f71c7528-4cdb-4baf-beab-a2948a8b733f"
          ]
        }
      ],
      "Page": 1
    },
    {
      "BlockType": "LINE",
      "Confidence": 99.6103744506836,
      "Text": "72.50",
      "Geometry": {
        "BoundingBox": {
          "Width": 0.033583495765924454,
          "Height": 0.021901259198784828,
          "Left": 0.3721558749675751,
          "Top": 0.4648246765136719
        },
        "Polygon": [
          {
            "X": 0.37224841117858887,
            "Y": 0.4648246765136719
          },
          {
            "X": 0.40573936700820923,
            "Y": 0.4649032652378082
          },
          {
            "X": 0.4056509733200073,
            "Y": 0.48672592639923096
          },
          {
            "X": 0.3721558749675751,
            "Y": 0.4866448938846588
          }
        ]
      },
      "Id": "84d541b0-6a73-43ee-8f96-19be0cfd23eb",
      "Relationships": [
        {
          "Type": "CHILD",
          "Ids": [
            "03282289-f674-4ab1-8ec6-ae80ba6febb5"
          ]
        }
      ],
      "Page": 1
    },
    {
      "BlockType": "LINE",
      "Confidence": 99.96094512939453,
      "Text": "402.50",
      "Geometry": {
        "BoundingBox": {
          "Width": 0.04124618321657181,
          "Height": 0.022090349346399307,
          "Left": 0.5429754257202148,
          "Top": 0.46474772691726685
        },
        "Polygon": [
          {
            "X": 0.543047308921814,
            "Y": 0.46474772691726685
          },
          {
            "X": 0.584221601486206,
            "Y": 0.464844286441803
          },
          {
            "X": 0.5841549038887024,
            "Y": 0.48683807253837585
          },
          {
            "X": 0.5429754257202148,
            "Y": 0.48673850297927856
          }
        ]
      },
      "Id": "0b211b5d-e54f-4c96-bde6-e248e90422b6",
      "Relationships": [
        {
          "Type": "CHILD",
          "Ids": [
            "49a7830e-deed-4f0d-999c-6579de1f7004"
          ]
        }
      ],
      "Page": 1
    },
    {
      "BlockType": "LINE",
      "Confidence": 99.87248229980469,
      "Text": "924.50",
      "Geometry": {
        "BoundingBox": {
          "Width": 0.040515318512916565,
          "Height": 0.02260872721672058,
          "Left": 0.7237802743911743,
          "Top": 0.4646933972835541
        },
        "Polygon": [
          {
            "X": 0.7238306403160095,
            "Y": 0.4646933972835541
          },
          {
            "X": 0.7642955780029297,
            "Y": 0.4647882282733917
          },
          {
            "X": 0.7642503976821899,
            "Y": 0.48730212450027466
          },
          {
            "X": 0.7237802743911743,
            "Y": 0.48720425367355347
          }
        ]
      },
      "Id": "2a5847c6-f4fd-4064-9657-f00ff3b250c2",
      "Relationships": [
        {
          "Type": "CHILD",
          "Ids": [
            "747e502e-8e2a-4533-872d-360a0146af4b"
          ]
        }
      ],
      "Page": 1
    },
    {
      "BlockType": "LINE",
      "Confidence": 99.73230743408203,
      "Text": "CTBN 15wt%",
      "Geometry": {
        "BoundingBox": {
          "Width": 0.08497678488492966,
          "Height": 0.02299877256155014,
          "Left": 0.19743654131889343,
          "Top": 0.514670193195343
        },
        "Polygon": [
          {
            "X": 0.1975557655096054,
            "Y": 0.514670193195343
          },
          {
            "X": 0.2824133336544037,
            "Y": 0.5148835182189941
          },
          {
            "X": 0.2823050618171692,
            "Y": 0.5376689434051514
          },
          {
            "X": 0.19743654131889343,
            "Y": 0.5374491810798645
          }
        ]
      },
      "Id": "b762ce38-a8b7-4fc7-bc78-2f309538820b",
      "Relationships": [
        {
          "Type": "CHILD",
          "Ids": [
            "ae116a02-ed45-4f38-b6cd-c4bd55b1a8a8",
            "662e3a19-54de-488a-bd98-5ba8f780ce11"
          ]
        }
      ],
      "Page": 1
    },
    {
      "BlockType": "LINE",
      "Confidence": 99.9796142578125,
      "Text": "69.50",
      "Geometry": {
        "BoundingBox": {
          "Width": 0.033504366874694824,
          "Height": 0.022400014102458954,
          "Left": 0.37221843004226685,
          "Top": 0.5151801705360413
        },
        "Polygon": [
          {
            "X": 0.3723130226135254,
            "Y": 0.5151801705360413
          },
          {
            "X": 0.40572282671928406,
            "Y": 0.5152641534805298
          },
          {
            "X": 0.40563246607780457,
            "Y": 0.5375801920890808
          },
          {
            "X": 0.37221843004226685,
            "Y": 0.5374937057495117
          }
        ]
      },
      "Id": "e2973da0-f3e9-4012-9125-aac58fc8760f",
      "Relationships": [
        {
          "Type": "CHILD",
          "Ids": [
            "2f40e83a-117b-4013-80a6-4d97a93a413f"
          ]
        }
      ],
      "Page": 1
    },
    {
      "BlockType": "LINE",
      "Confidence": 99.95783996582031,
      "Text": "382.50",
      "Geometry": {
        "BoundingBox": {
          "Width": 0.04045850411057472,
          "Height": 0.02242959663271904,
          "Left": 0.543721079826355,
          "Top": 0.5151585936546326
        },
        "Polygon": [
          {
            "X": 0.5437939167022705,
            "Y": 0.5151585936546326
          },
          {
            "X": 0.5841795802116394,
            "Y": 0.5152600407600403
          },
          {
            "X": 0.5841118693351746,
            "Y": 0.5375881791114807
          },
          {
            "X": 0.543721079826355,
            "Y": 0.5374836921691895
          }
        ]
      },
      "Id": "e92c04ea-c2ae-4bf8-a30b-5f2dcec209f4",
      "Relationships": [
        {
          "Type": "CHILD",
          "Ids": [
            "c1b8020c-c5ca-4059-900e-4f9cd409beb8"
          ]
        }
      ],
      "Page": 1
    },
    {
      "BlockType": "LINE",
      "Confidence": 99.97650146484375,
      "Text": "853.50",
      "Geometry": {
        "BoundingBox": {
          "Width": 0.04008324816823006,
          "Height": 0.021941786631941795,
          "Left": 0.7243196964263916,
          "Top": 0.5155343413352966
        },
        "Polygon": [
          {
            "X": 0.7243684530258179,
            "Y": 0.5155343413352966
          },
          {
            "X": 0.7644029259681702,
            "Y": 0.5156349539756775
          },
          {
            "X": 0.7643591165542603,
            "Y": 0.537476122379303
          },
          {
            "X": 0.7243196964263916,
            "Y": 0.5373726487159729
          }
        ]
      },
      "Id": "78aa54d1-7e30-43fa-8888-25988f4c3582",
      "Relationships": [
        {
          "Type": "CHILD",
          "Ids": [
            "a07f8066-7370-4d3f-8ca2-f331018e886d"
          ]
        }
      ],
      "Page": 1
    },
    {
      "BlockType": "LINE",
      "Confidence": 99.72718048095703,
      "Text": "CTBN 20wt%",
      "Geometry": {
        "BoundingBox": {
          "Width": 0.08541502058506012,
          "Height": 0.022794466465711594,
          "Left": 0.1973925083875656,
          "Top": 0.5662992000579834
        },
        "Polygon": [
          {
            "X": 0.19751055538654327,
            "Y": 0.5662992000579834
          },
          {
            "X": 0.28280752897262573,
            "Y": 0.5665282607078552
          },
          {
            "X": 0.28270038962364197,
            "Y": 0.5890936255455017
          },
          {
            "X": 0.1973925083875656,
            "Y": 0.5888581275939941
          }
        ]
      },
      "Id": "b07e34b6-9c7b-4d5b-9fb4-fc2fd6d4d103",
      "Relationships": [
        {
          "Type": "CHILD",
          "Ids": [
            "ba3d8156-aac3-47e4-804a-d86897ddb0e4",
            "8b8ffbc9-fd1b-4274-a98b-8a259d73221f"
          ]
        }
      ],
      "Page": 1
    },
    {
      "BlockType": "LINE",
      "Confidence": 99.96671295166016,
      "Text": "55.50",
      "Geometry": {
        "BoundingBox": {
          "Width": 0.033523641526699066,
          "Height": 0.021847164258360863,
          "Left": 0.3722307085990906,
          "Top": 0.5669147968292236
        },
        "Polygon": [
          {
            "X": 0.3723228871822357,
            "Y": 0.5669147968292236
          },
          {
            "X": 0.40575435757637024,
            "Y": 0.5670046210289001
          },
          {
            "X": 0.4056662917137146,
            "Y": 0.5887619853019714
          },
          {
            "X": 0.3722307085990906,
            "Y": 0.5886697173118591
          }
        ]
      },
      "Id": "117f8820-a38b-4096-b354-5b66e5fbd064",
      "Relationships": [
        {
          "Type": "CHILD",
          "Ids": [
            "eca1d173-9155-4355-adf5-465f5c011a52"
          ]
        }
      ],
      "Page": 1
    },
    {
      "BlockType": "LINE",
      "Confidence": 99.92792510986328,
      "Text": "332.50",
      "Geometry": {
        "BoundingBox": {
          "Width": 0.04042477533221245,
          "Height": 0.022051719948649406,
          "Left": 0.5437134504318237,
          "Top": 0.5669589042663574
        },
        "Polygon": [
          {
            "X": 0.543785035610199,
            "Y": 0.5669589042663574
          },
          {
            "X": 0.5841382145881653,
            "Y": 0.5670672655105591
          },
          {
            "X": 0.584071695804596,
            "Y": 0.5890106558799744
          },
          {
            "X": 0.5437134504318237,
            "Y": 0.5888993144035339
          }
        ]
      },
      "Id": "26fc30f0-7f9f-462c-98b1-b8aecb5501dd",
      "Relationships": [
        {
          "Type": "CHILD",
          "Ids": [
            "ce899c11-be4a-4914-b932-23280ce5ed48"
          ]
        }
      ],
      "Page": 1
    },
    {
      "BlockType": "LINE",
      "Confidence": 99.98619079589844,
      "Text": "799.50",
      "Geometry": {
        "BoundingBox": {
          "Width": 0.040898073464632034,
          "Height": 0.022304918617010117,
          "Left": 0.7236818075180054,
          "Top": 0.5671438574790955
        },
        "Polygon": [
          {
            "X": 0.7237314581871033,
            "Y": 0.5671438574790955
          },
          {
            "X": 0.7645798325538635,
            "Y": 0.5672534704208374
          },
          {
            "X": 0.7645353674888611,
            "Y": 0.5894487500190735
          },
          {
            "X": 0.7236818075180054,
            "Y": 0.589336097240448
          }
        ]
      },
      "Id": "1b3a75ef-9f4b-4348-ab29-3863fbdfb6e6",
      "Relationships": [
        {
          "Type": "CHILD",
          "Ids": [
            "0996b029-5f6e-4e9d-bb48-e61a9609218e"
          ]
        }
      ],
      "Page": 1
    },
    {
      "BlockType": "LINE",
      "Confidence": 99.53070068359375,
      "Text": "CTBN 25wt%",
      "Geometry": {
        "BoundingBox": {
          "Width": 0.08511330187320709,
          "Height": 0.02284632809460163,
          "Left": 0.19733040034770966,
          "Top": 0.6178407669067383
        },
        "Polygon": [
          {
            "X": 0.19744862616062164,
            "Y": 0.6178407669067383
          },
          {
            "X": 0.28244370222091675,
            "Y": 0.6180835962295532
          },
          {
            "X": 0.28233638405799866,
            "Y": 0.640687108039856
          },
          {
            "X": 0.19733040034770966,
            "Y": 0.6404377818107605
          }
        ]
      },
      "Id": "84ac6f58-051e-46c5-95fd-ea36e3a11b3a",
      "Relationships": [
        {
          "Type": "CHILD",
          "Ids": [
            "a397b6ba-848e-47c4-b4d7-dec73769421d",
            "9b7ae329-d1c1-4715-a99d-b0ba5a884734"
          ]
        }
      ],
      "Page": 1
    },
    {
      "BlockType": "LINE",
      "Confidence": 99.98696899414062,
      "Text": "49.50",
      "Geometry": {
        "BoundingBox": {
          "Width": 0.03387104347348213,
          "Height": 0.022555343806743622,
          "Left": 0.37193870544433594,
          "Top": 0.6180592775344849
        },
        "Polygon": [
          {
            "X": 0.37203389406204224,
            "Y": 0.6180592775344849
          },
          {
            "X": 0.40580976009368896,
            "Y": 0.6181557774543762
          },
          {
            "X": 0.4057188928127289,
            "Y": 0.6406146287918091
          },
          {
            "X": 0.37193870544433594,
            "Y": 0.6405156254768372
          }
        ]
      },
      "Id": "5e8849b0-1a32-4ead-8d2d-7d4242d7da06",
      "Relationships": [
        {
          "Type": "CHILD",
          "Ids": [
            "76173c71-2296-4af4-98f9-37083362cc84"
          ]
        }
      ],
      "Page": 1
    },
    {
      "BlockType": "LINE",
      "Confidence": 99.98780059814453,
      "Text": "258.50",
      "Geometry": {
        "BoundingBox": {
          "Width": 0.040839895606040955,
          "Height": 0.022164858877658844,
          "Left": 0.5434666872024536,
          "Top": 0.618524968624115
        },
        "Polygon": [
          {
            "X": 0.5435386300086975,
            "Y": 0.618524968624115
          },
          {
            "X": 0.5843065977096558,
            "Y": 0.6186414361000061
          },
          {
            "X": 0.5842397809028625,
            "Y": 0.6406898498535156
          },
          {
            "X": 0.5434666872024536,
            "Y": 0.6405704021453857
          }
        ]
      },
      "Id": "c65770d0-4b5d-4181-8f19-6779d5b9094b",
      "Relationships": [
        {
          "Type": "CHILD",
          "Ids": [
            "bd3a5158-13e3-4b40-9066-2adc93b2ab4c"
          ]
        }
      ],
      "Page": 1
    },
    {
      "BlockType": "LINE",
      "Confidence": 99.95952606201172,
      "Text": "766.50",
      "Geometry": {
        "BoundingBox": {
          "Width": 0.041095998138189316,
          "Height": 0.022712241858243942,
          "Left": 0.7236784100532532,
          "Top": 0.6177293658256531
        },
        "Polygon": [
          {
            "X": 0.7237288951873779,
            "Y": 0.6177293658256531
          },
          {
            "X": 0.7647743821144104,
            "Y": 0.6178464293479919
          },
          {
            "X": 0.7647291421890259,
            "Y": 0.6404415965080261
          },
          {
            "X": 0.7236784100532532,
            "Y": 0.6403214335441589
          }
        ]
      },
      "Id": "3a08b2f8-a92b-4f87-b8a4-977fbe64735e",
      "Relationships": [
        {
          "Type": "CHILD",
          "Ids": [
            "412d89fa-0233-4baf-83f1-d080a5a5c0d8"
          ]
        }
      ],
      "Page": 1
    },
    {
      "BlockType": "WORD",
      "Confidence": 99.85108184814453,
      "Text": "Specimen",
      "TextType": "PRINTED",
      "Geometry": {
        "BoundingBox": {
          "Width": 0.05804477259516716,
          "Height": 0.029232937842607498,
          "Left": 0.21137478947639465,
          "Top": 0.35868972539901733
        },
        "Polygon": [
          {
            "X": 0.21152499318122864,
            "Y": 0.35868972539901733
          },
          {
            "X": 0.2694195508956909,
            "Y": 0.35880520939826965
          },
          {
            "X": 0.26927894353866577,
            "Y": 0.38792264461517334
          },
          {
            "X": 0.21137478947639465,
            "Y": 0.38780152797698975
          }
        ]
      },
      "Id": "f29872e4-832d-4ab1-993a-44a771270ca4",
      "Page": 1
    },
    {
      "BlockType": "WORD",
      "Confidence": 99.96354675292969,
      "Text": "First",
      "TextType": "PRINTED",
      "Geometry": {
        "BoundingBox": {
          "Width": 0.02755720727145672,
          "Height": 0.021944373846054077,
          "Left": 0.3284136652946472,
          "Top": 0.35947781801223755
        },
        "Polygon": [
          {
            "X": 0.3285120129585266,
            "Y": 0.35947781801223755
          },
          {
            "X": 0.3559708893299103,
            "Y": 0.3595326542854309
          },
          {
            "X": 0.35587596893310547,
            "Y": 0.3814221918582916
          },
          {
            "X": 0.3284136652946472,
            "Y": 0.3813653588294983
          }
        ]
      },
      "Id": "9364d541-94bf-4a14-bc05-93dac988eed7",
      "Page": 1
    },
    {
      "BlockType": "WORD",
      "Confidence": 99.94583129882812,
      "Text": "frequency",
      "TextType": "PRINTED",
      "Geometry": {
        "BoundingBox": {
          "Width": 0.059078991413116455,
          "Height": 0.029094183817505836,
          "Left": 0.359385222196579,
          "Top": 0.3588350713253021
        },
        "Polygon": [
          {
            "X": 0.35951027274131775,
            "Y": 0.3588350713253021
          },
          {
            "X": 0.41846421360969543,
            "Y": 0.35895267128944397
          },
          {
            "X": 0.41834890842437744,
            "Y": 0.3879292607307434
          },
          {
            "X": 0.359385222196579,
            "Y": 0.3878059983253479
          }
        ]
      },
      "Id": "47e8366f-b2cb-4ca4-9f31-5efae85c78da",
      "Page": 1
    },
    {
      "BlockType": "WORD",
      "Confidence": 97.9367446899414,
      "Text": "[Hz]",
      "TextType": "PRINTED",
      "Geometry": {
        "BoundingBox": {
          "Width": 0.025570765137672424,
          "Height": 0.027097361162304878,
          "Left": 0.4228329360485077,
          "Top": 0.3591269850730896
        },
        "Polygon": [
          {
            "X": 0.42293989658355713,
            "Y": 0.3591269850730896
          },
          {
            "X": 0.4484037160873413,
            "Y": 0.3591777980327606
          },
          {
            "X": 0.44830068945884705,
            "Y": 0.3862243592739105
          },
          {
            "X": 0.4228329360485077,
            "Y": 0.38617125153541565
          }
        ]
      },
      "Id": "bcd15819-fe01-4e6a-b56e-692a6eaf9380",
      "Page": 1
    },
    {
      "BlockType": "WORD",
      "Confidence": 99.9554672241211,
      "Text": "Second",
      "TextType": "PRINTED",
      "Geometry": {
        "BoundingBox": {
          "Width": 0.04370497539639473,
          "Height": 0.022405052557587624,
          "Left": 0.4953556954860687,
          "Top": 0.3594462275505066
        },
        "Polygon": [
          {
            "X": 0.4954347312450409,
            "Y": 0.3594462275505066
          },
          {
            "X": 0.539060652256012,
            "Y": 0.35953330993652344
          },
          {
            "X": 0.5389872193336487,
            "Y": 0.38185128569602966
          },
          {
            "X": 0.4953556954860687,
            "Y": 0.38176098465919495
          }
        ]
      },
      "Id": "24c24c31-7d5a-4a89-ace8-f949651fc93f",
      "Page": 1
    },
    {
      "BlockType": "WORD",
      "Confidence": 99.9547119140625,
      "Text": "frequency",
      "TextType": "PRINTED",
      "Geometry": {
        "BoundingBox": {
          "Width": 0.058637212961912155,
          "Height": 0.029074624180793762,
          "Left": 0.5427716970443726,
          "Top": 0.3588913381099701
        },
        "Polygon": [
          {
            "X": 0.5428664088249207,
            "Y": 0.3588913381099701
          },
          {
            "X": 0.6014088988304138,
            "Y": 0.3590080440044403
          },
          {
            "X": 0.6013238430023193,
            "Y": 0.38796597719192505
          },
          {
            "X": 0.5427716970443726,
            "Y": 0.38784360885620117
          }
        ]
      },
      "Id": "509846cd-0857-4e22-95bb-91885ceac363",
      "Page": 1
    },
    {
      "BlockType": "WORD",
      "Confidence": 97.8970718383789,
      "Text": "[Hz]",
      "TextType": "PRINTED",
      "Geometry": {
        "BoundingBox": {
          "Width": 0.025711674243211746,
          "Height": 0.027056869119405746,
          "Left": 0.6058061718940735,
          "Top": 0.35931581258773804
        },
        "Polygon": [
          {
            "X": 0.6058847904205322,
            "Y": 0.35931581258773804
          },
          {
            "X": 0.6315178275108337,
            "Y": 0.3593669533729553
          },
          {
            "X": 0.6314431428909302,
            "Y": 0.3863726854324341
          },
          {
            "X": 0.6058061718940735,
            "Y": 0.38631924986839294
          }
        ]
      },
      "Id": "13631f67-39b9-4746-ab3c-9763fbb1f670",
      "Page": 1
    },
    {
      "BlockType": "WORD",
      "Confidence": 99.98458862304688,
      "Text": "Third",
      "TextType": "PRINTED",
      "Geometry": {
        "BoundingBox": {
          "Width": 0.03329561650753021,
          "Height": 0.022116834297776222,
          "Left": 0.6806681752204895,
          "Top": 0.3592490553855896
        },
        "Polygon": [
          {
            "X": 0.6807229518890381,
            "Y": 0.3592490553855896
          },
          {
            "X": 0.7139638066291809,
            "Y": 0.35931533575057983
          },
          {
            "X": 0.7139132022857666,
            "Y": 0.38136589527130127
          },
          {
            "X": 0.6806681752204895,
            "Y": 0.38129717111587524
          }
        ]
      },
      "Id": "bc8f2244-7c0f-43dc-b39d-8fa1aca591dd",
      "Page": 1
    },
    {
      "BlockType": "WORD",
      "Confidence": 99.95471954345703,
      "Text": "frequency",
      "TextType": "PRINTED",
      "Geometry": {
        "BoundingBox": {
          "Width": 0.059026118367910385,
          "Height": 0.029085159301757812,
          "Left": 0.7178468108177185,
          "Top": 0.3590128421783447
        },
        "Polygon": [
          {
            "X": 0.7179126739501953,
            "Y": 0.3590128421783447
          },
          {
            "X": 0.7768729329109192,
            "Y": 0.359130322933197
          },
          {
            "X": 0.7768168449401855,
            "Y": 0.38809800148010254
          },
          {
            "X": 0.7178468108177185,
            "Y": 0.3879747986793518
          }
        ]
      },
      "Id": "3ddc3f1b-ee2a-4927-93c1-3d181e7db5b3",
      "Page": 1
    },
    {
      "BlockType": "WORD",
      "Confidence": 97.37269592285156,
      "Text": "[Hz]",
      "TextType": "PRINTED",
      "Geometry": {
        "BoundingBox": {
          "Width": 0.02567090094089508,
          "Height": 0.027215901762247086,
          "Left": 0.7808362245559692,
          "Top": 0.3591049015522003
        },
        "Polygon": [
          {
            "X": 0.7808881998062134,
            "Y": 0.3591049015522003
          },
          {
            "X": 0.8065071105957031,
            "Y": 0.35915595293045044
          },
          {
            "X": 0.8064591288566589,
            "Y": 0.3863207995891571
          },
          {
            "X": 0.7808362245559692,
            "Y": 0.38626745343208313
          }
        ]
      },
      "Id": "87f2db0e-e380-446e-b273-e8633414b67a",
      "Page": 1
    },
    {
      "BlockType": "WORD",
      "Confidence": 99.97002410888672,
      "Text": "Neat",
      "TextType": "PRINTED",
      "Geometry": {
        "BoundingBox": {
          "Width": 0.028486482799053192,
          "Height": 0.021653424948453903,
          "Left": 0.1898794174194336,
          "Top": 0.4132508337497711
        },
        "Polygon": [
          {
            "X": 0.18999341130256653,
            "Y": 0.4132508337497711
          },
          {
            "X": 0.2183658927679062,
            "Y": 0.4133125841617584
          },
          {
            "X": 0.21825537085533142,
            "Y": 0.4349042475223541
          },
          {
            "X": 0.1898794174194336,
            "Y": 0.43484047055244446
          }
        ]
      },
      "Id": "0e212bba-17cf-41f3-8e1d-816de03e9758",
      "Page": 1
    },
    {
      "BlockType": "WORD",
      "Confidence": 99.7039566040039,
      "Text": "epoxy",
      "TextType": "PRINTED",
      "Geometry": {
        "BoundingBox": {
          "Width": 0.03650198504328728,
          "Height": 0.022097542881965637,
          "Left": 0.22150133550167084,
          "Top": 0.4190927743911743
        },
        "Polygon": [
          {
            "X": 0.22161361575126648,
            "Y": 0.4190927743911743
          },
          {
            "X": 0.2580033242702484,
            "Y": 0.4191726744174957
          },
          {
            "X": 0.2578955888748169,
            "Y": 0.44119030237197876
          },
          {
            "X": 0.22150133550167084,
            "Y": 0.44110772013664246
          }
        ]
      },
      "Id": "c7688304-62be-4e01-8daa-ef9859eb7f7d",
      "Page": 1
    },
    {
      "BlockType": "WORD",
      "Confidence": 99.64263153076172,
      "Text": "resin",
      "TextType": "PRINTED",
      "Geometry": {
        "BoundingBox": {
          "Width": 0.029109815135598183,
          "Height": 0.02206459268927574,
          "Left": 0.2612963914871216,
          "Top": 0.4129827618598938
        },
        "Polygon": [
          {
            "X": 0.2614035904407501,
            "Y": 0.4129827618598938
          },
          {
            "X": 0.290406197309494,
            "Y": 0.41304585337638855
          },
          {
            "X": 0.2903026044368744,
            "Y": 0.43504735827445984
          },
          {
            "X": 0.2612963914871216,
            "Y": 0.4349821209907532
          }
        ]
      },
      "Id": "466d4d3a-4f10-422d-a5cd-33807d2a1dc9",
      "Page": 1
    },
    {
      "BlockType": "WORD",
      "Confidence": 99.96678924560547,
      "Text": "83.50",
      "TextType": "PRINTED",
      "Geometry": {
        "BoundingBox": {
          "Width": 0.03322016820311546,
          "Height": 0.022204579785466194,
          "Left": 0.3724706172943115,
          "Top": 0.41321542859077454
        },
        "Polygon": [
          {
            "X": 0.3725644648075104,
            "Y": 0.41321542859077454
          },
          {
            "X": 0.4056907892227173,
            "Y": 0.413287490606308
          },
          {
            "X": 0.4056011140346527,
            "Y": 0.4354200065135956
          },
          {
            "X": 0.3724706172943115,
            "Y": 0.43534550070762634
          }
        ]
      },
      "Id": "02faec3b-bc11-4175-aaf4-4c8300a27329",
      "Page": 1
    },
    {
      "BlockType": "WORD",
      "Confidence": 99.97562408447266,
      "Text": "445.00",
      "TextType": "PRINTED",
      "Geometry": {
        "BoundingBox": {
          "Width": 0.04136895760893822,
          "Height": 0.022345468401908875,
          "Left": 0.5431160926818848,
          "Top": 0.4130169451236725
        },
        "Polygon": [
          {
            "X": 0.5431888103485107,
            "Y": 0.4130169451236725
          },
          {
            "X": 0.5844850540161133,
            "Y": 0.41310667991638184
          },
          {
            "X": 0.5844175815582275,
            "Y": 0.43536239862442017
          },
          {
            "X": 0.5431160926818848,
            "Y": 0.4352695941925049
          }
        ]
      },
      "Id": "18a37190-fac2-44b8-b657-9283d880e421",
      "Page": 1
    },
    {
      "BlockType": "WORD",
      "Confidence": 99.96823120117188,
      "Text": "1232.50",
      "TextType": "PRINTED",
      "Geometry": {
        "BoundingBox": {
          "Width": 0.04713780805468559,
          "Height": 0.021998144686222076,
          "Left": 0.7213020324707031,
          "Top": 0.4133767783641815
        },
        "Polygon": [
          {
            "X": 0.7213513255119324,
            "Y": 0.4133767783641815
          },
          {
            "X": 0.7684398293495178,
            "Y": 0.41347911953926086
          },
          {
            "X": 0.7683963775634766,
            "Y": 0.435374915599823
          },
          {
            "X": 0.7213020324707031,
            "Y": 0.43526914715766907
          }
        ]
      },
      "Id": "71e133f9-969a-4dc6-92ff-7315e45a4c11",
      "Page": 1
    },
    {
      "BlockType": "WORD",
      "Confidence": 99.86418151855469,
      "Text": "CTBN",
      "TextType": "PRINTED",
      "Geometry": {
        "BoundingBox": {
          "Width": 0.03991150110960007,
          "Height": 0.022748645395040512,
          "Left": 0.1973569095134735,
          "Top": 0.46407827734947205
        },
        "Polygon": [
          {
            "X": 0.19747552275657654,
            "Y": 0.46407827734947205
          },
          {
            "X": 0.23726840317249298,
            "Y": 0.4641716182231903
          },
          {
            "X": 0.23715490102767944,
            "Y": 0.48682692646980286
          },
          {
            "X": 0.1973569095134735,
            "Y": 0.48673054575920105
          }
        ]
      },
      "Id": "5347c698-0afa-4efa-8f47-e3547b77b357",
      "Page": 1
    },
    {
      "BlockType": "WORD",
      "Confidence": 99.45838928222656,
      "Text": "10wt%",
      "TextType": "PRINTED",
      "Geometry": {
        "BoundingBox": {
          "Width": 0.04036042466759682,
          "Height": 0.02308887057006359,
          "Left": 0.24233219027519226,
          "Top": 0.4640365540981293
        },
        "Polygon": [
          {
            "X": 0.2424466907978058,
            "Y": 0.4640365540981293
          },
          {
            "X": 0.2826926112174988,
            "Y": 0.4641309380531311
          },
          {
            "X": 0.2825833559036255,
            "Y": 0.487125426530838
          },
          {
            "X": 0.24233219027519226,
            "Y": 0.48702794313430786
          }
        ]
      },
      "Id": "f71c7528-4cdb-4baf-beab-a2948a8b733f",
      "Page": 1
    },
    {
      "BlockType": "WORD",
      "Confidence": 99.6103744506836,
      "Text": "72.50",
      "TextType": "PRINTED",
      "Geometry": {
        "BoundingBox": {
          "Width": 0.033583495765924454,
          "Height": 0.021901259198784828,
          "Left": 0.3721558749675751,
          "Top": 0.4648246765136719
        },
        "Polygon": [
          {
            "X": 0.37224841117858887,
            "Y": 0.4648246765136719
          },
          {
            "X": 0.40573936700820923,
            "Y": 0.4649032652378082
          },
          {
            "X": 0.4056509733200073,
            "Y": 0.48672592639923096
          },
          {
            "X": 0.3721558749675751,
            "Y": 0.4866448938846588
          }
        ]
      },
      "Id": "03282289-f674-4ab1-8ec6-ae80ba6febb5",
      "Page": 1
    },
    {
      "BlockType": "WORD",
      "Confidence": 99.96094512939453,
      "Text": "402.50",
      "TextType": "PRINTED",
      "Geometry": {
        "BoundingBox": {
          "Width": 0.04124618321657181,
          "Height": 0.022090349346399307,
          "Left": 0.5429754257202148,
          "Top": 0.46474772691726685
        },
        "Polygon": [
          {
            "X": 0.543047308921814,
            "Y": 0.46474772691726685
          },
          {
            "X": 0.584221601486206,
            "Y": 0.464844286441803
          },
          {
            "X": 0.5841549038887024,
            "Y": 0.48683807253837585
          },
          {
            "X": 0.5429754257202148,
            "Y": 0.48673850297927856
          }
        ]
      },
      "Id": "49a7830e-deed-4f0d-999c-6579de1f7004",
      "Page": 1
    },
    {
      "BlockType": "WORD",
      "Confidence": 99.87248229980469,
      "Text": "924.50",
      "TextType": "PRINTED",
      "Geometry": {
        "BoundingBox": {
          "Width": 0.040515318512916565,
          "Height": 0.02260872721672058,
          "Left": 0.7237802743911743,
          "Top": 0.4646933972835541
        },
        "Polygon": [
          {
            "X": 0.7238306403160095,
            "Y": 0.4646933972835541
          },
          {
            "X": 0.7642955780029297,
            "Y": 0.4647882282733917
          },
          {
            "X": 0.7642503976821899,
            "Y": 0.48730212450027466
          },
          {
            "X": 0.7237802743911743,
            "Y": 0.48720425367355347
          }
        ]
      },
      "Id": "747e502e-8e2a-4533-872d-360a0146af4b",
      "Page": 1
    },
    {
      "BlockType": "WORD",
      "Confidence": 99.86896514892578,
      "Text": "CTBN",
      "TextType": "PRINTED",
      "Geometry": {
        "BoundingBox": {
          "Width": 0.03981524333357811,
          "Height": 0.022606462240219116,
          "Left": 0.19743797183036804,
          "Top": 0.514670193195343
        },
        "Polygon": [
          {
            "X": 0.1975557655096054,
            "Y": 0.514670193195343
          },
          {
            "X": 0.23725321888923645,
            "Y": 0.514769971370697
          },
          {
            "X": 0.237140491604805,
            "Y": 0.5372766852378845
          },
          {
            "X": 0.19743797183036804,
            "Y": 0.537173867225647
          }
        ]
      },
      "Id": "ae116a02-ed45-4f38-b6cd-c4bd55b1a8a8",
      "Page": 1
    },
    {
      "BlockType": "WORD",
      "Confidence": 99.59565734863281,
      "Text": "15wt%",
      "TextType": "PRINTED",
      "Geometry": {
        "BoundingBox": {
          "Width": 0.04030555114150047,
          "Height": 0.022710073739290237,
          "Left": 0.24210692942142487,
          "Top": 0.514958918094635
        },
        "Polygon": [
          {
            "X": 0.24221950769424438,
            "Y": 0.514958918094635
          },
          {
            "X": 0.28241246938705444,
            "Y": 0.5150599479675293
          },
          {
            "X": 0.2823050618171692,
            "Y": 0.5376689434051514
          },
          {
            "X": 0.24210692942142487,
            "Y": 0.5375648736953735
          }
        ]
      },
      "Id": "662e3a19-54de-488a-bd98-5ba8f780ce11",
      "Page": 1
    },
    {
      "BlockType": "WORD",
      "Confidence": 99.9796142578125,
      "Text": "69.50",
      "TextType": "PRINTED",
      "Geometry": {
        "BoundingBox": {
          "Width": 0.033504366874694824,
          "Height": 0.022400014102458954,
          "Left": 0.37221843004226685,
          "Top": 0.5151801705360413
        },
        "Polygon": [
          {
            "X": 0.3723130226135254,
            "Y": 0.5151801705360413
          },
          {
            "X": 0.40572282671928406,
            "Y": 0.5152641534805298
          },
          {
            "X": 0.40563246607780457,
            "Y": 0.5375801920890808
          },
          {
            "X": 0.37221843004226685,
            "Y": 0.5374937057495117
          }
        ]
      },
      "Id": "2f40e83a-117b-4013-80a6-4d97a93a413f",
      "Page": 1
    },
    {
      "BlockType": "WORD",
      "Confidence": 99.95783996582031,
      "Text": "382.50",
      "TextType": "PRINTED",
      "Geometry": {
        "BoundingBox": {
          "Width": 0.04045850411057472,
          "Height": 0.02242959663271904,
          "Left": 0.543721079826355,
          "Top": 0.5151585936546326
        },
        "Polygon": [
          {
            "X": 0.5437939167022705,
            "Y": 0.5151585936546326
          },
          {
            "X": 0.5841795802116394,
            "Y": 0.5152600407600403
          },
          {
            "X": 0.5841118693351746,
            "Y": 0.5375881791114807
          },
          {
            "X": 0.543721079826355,
            "Y": 0.5374836921691895
          }
        ]
      },
      "Id": "c1b8020c-c5ca-4059-900e-4f9cd409beb8",
      "Page": 1
    },
    {
      "BlockType": "WORD",
      "Confidence": 99.97650146484375,
      "Text": "853.50",
      "TextType": "PRINTED",
      "Geometry": {
        "BoundingBox": {
          "Width": 0.04008324816823006,
          "Height": 0.021941786631941795,
          "Left": 0.7243196964263916,
          "Top": 0.5155343413352966
        },
        "Polygon": [
          {
            "X": 0.7243684530258179,
            "Y": 0.5155343413352966
          },
          {
            "X": 0.7644029259681702,
            "Y": 0.5156349539756775
          },
          {
            "X": 0.7643591165542603,
            "Y": 0.537476122379303
          },
          {
            "X": 0.7243196964263916,
            "Y": 0.5373726487159729
          }
        ]
      },
      "Id": "a07f8066-7370-4d3f-8ca2-f331018e886d",
      "Page": 1
    },
    {
      "BlockType": "WORD",
      "Confidence": 99.84151458740234,
      "Text": "CTBN",
      "TextType": "PRINTED",
      "Geometry": {
        "BoundingBox": {
          "Width": 0.03966322913765907,
          "Height": 0.02235487848520279,
          "Left": 0.19739390909671783,
          "Top": 0.5663429498672485
        },
        "Polygon": [
          {
            "X": 0.19751033186912537,
            "Y": 0.5663429498672485
          },
          {
            "X": 0.2370571494102478,
            "Y": 0.5664491653442383
          },
          {
            "X": 0.2369457185268402,
            "Y": 0.5886978507041931
          },
          {
            "X": 0.19739390909671783,
            "Y": 0.5885886549949646
          }
        ]
      },
      "Id": "ba3d8156-aac3-47e4-804a-d86897ddb0e4",
      "Page": 1
    },
    {
      "BlockType": "WORD",
      "Confidence": 99.61284637451172,
      "Text": "20wt%",
      "TextType": "PRINTED",
      "Geometry": {
        "BoundingBox": {
          "Width": 0.0416802316904068,
          "Height": 0.022677015513181686,
          "Left": 0.24112729728221893,
          "Top": 0.5664166212081909
        },
        "Polygon": [
          {
            "X": 0.2412397414445877,
            "Y": 0.5664166212081909
          },
          {
            "X": 0.28280752897262573,
            "Y": 0.5665282607078552
          },
          {
            "X": 0.28270038962364197,
            "Y": 0.5890936255455017
          },
          {
            "X": 0.24112729728221893,
            "Y": 0.5889788269996643
          }
        ]
      },
      "Id": "8b8ffbc9-fd1b-4274-a98b-8a259d73221f",
      "Page": 1
    },
    {
      "BlockType": "WORD",
      "Confidence": 99.96671295166016,
      "Text": "55.50",
      "TextType": "PRINTED",
      "Geometry": {
        "BoundingBox": {
          "Width": 0.033523641526699066,
          "Height": 0.021847164258360863,
          "Left": 0.3722307085990906,
          "Top": 0.5669147968292236
        },
        "Polygon": [
          {
            "X": 0.3723228871822357,
            "Y": 0.5669147968292236
          },
          {
            "X": 0.40575435757637024,
            "Y": 0.5670046210289001
          },
          {
            "X": 0.4056662917137146,
            "Y": 0.5887619853019714
          },
          {
            "X": 0.3722307085990906,
            "Y": 0.5886697173118591
          }
        ]
      },
      "Id": "eca1d173-9155-4355-adf5-465f5c011a52",
      "Page": 1
    },
    {
      "BlockType": "WORD",
      "Confidence": 99.92792510986328,
      "Text": "332.50",
      "TextType": "PRINTED",
      "Geometry": {
        "BoundingBox": {
          "Width": 0.04042477533221245,
          "Height": 0.022051719948649406,
          "Left": 0.5437134504318237,
          "Top": 0.5669589042663574
        },
        "Polygon": [
          {
            "X": 0.543785035610199,
            "Y": 0.5669589042663574
          },
          {
            "X": 0.5841382145881653,
            "Y": 0.5670672655105591
          },
          {
            "X": 0.584071695804596,
            "Y": 0.5890106558799744
          },
          {
            "X": 0.5437134504318237,
            "Y": 0.5888993144035339
          }
        ]
      },
      "Id": "ce899c11-be4a-4914-b932-23280ce5ed48",
      "Page": 1
    },
    {
      "BlockType": "WORD",
      "Confidence": 99.98619079589844,
      "Text": "799.50",
      "TextType": "PRINTED",
      "Geometry": {
        "BoundingBox": {
          "Width": 0.040898073464632034,
          "Height": 0.022304918617010117,
          "Left": 0.7236818075180054,
          "Top": 0.5671438574790955
        },
        "Polygon": [
          {
            "X": 0.7237314581871033,
            "Y": 0.5671438574790955
          },
          {
            "X": 0.7645798325538635,
            "Y": 0.5672534704208374
          },
          {
            "X": 0.7645353674888611,
            "Y": 0.5894487500190735
          },
          {
            "X": 0.7236818075180054,
            "Y": 0.589336097240448
          }
        ]
      },
      "Id": "0996b029-5f6e-4e9d-bb48-e61a9609218e",
      "Page": 1
    },
    {
      "BlockType": "WORD",
      "Confidence": 99.87223052978516,
      "Text": "CTBN",
      "TextType": "PRINTED",
      "Geometry": {
        "BoundingBox": {
          "Width": 0.03975367918610573,
          "Height": 0.02249017544090748,
          "Left": 0.19733156263828278,
          "Top": 0.6178407669067383
        },
        "Polygon": [
          {
            "X": 0.19744862616062164,
            "Y": 0.6178407669067383
          },
          {
            "X": 0.2370852530002594,
            "Y": 0.6179540157318115
          },
          {
            "X": 0.23697322607040405,
            "Y": 0.6403309106826782
          },
          {
            "X": 0.19733156263828278,
            "Y": 0.6402146816253662
          }
        ]
      },
      "Id": "a397b6ba-848e-47c4-b4d7-dec73769421d",
      "Page": 1
    },
    {
      "BlockType": "WORD",
      "Confidence": 99.18915557861328,
      "Text": "25wt%",
      "TextType": "PRINTED",
      "Geometry": {
        "BoundingBox": {
          "Width": 0.04169211909174919,
          "Height": 0.02256578765809536,
          "Left": 0.24075083434581757,
          "Top": 0.6181212663650513
        },
        "Polygon": [
          {
            "X": 0.24086271226406097,
            "Y": 0.6181212663650513
          },
          {
            "X": 0.28244295716285706,
            "Y": 0.6182401180267334
          },
          {
            "X": 0.28233638405799866,
            "Y": 0.640687108039856
          },
          {
            "X": 0.24075083434581757,
            "Y": 0.6405650973320007
          }
        ]
      },
      "Id": "9b7ae329-d1c1-4715-a99d-b0ba5a884734",
      "Page": 1
    },
    {
      "BlockType": "WORD",
      "Confidence": 99.98696899414062,
      "Text": "49.50",
      "TextType": "PRINTED",
      "Geometry": {
        "BoundingBox": {
          "Width": 0.03387104347348213,
          "Height": 0.022555343806743622,
          "Left": 0.37193870544433594,
          "Top": 0.6180592775344849
        },
        "Polygon": [
          {
            "X": 0.37203389406204224,
            "Y": 0.6180592775344849
          },
          {
            "X": 0.40580976009368896,
            "Y": 0.6181557774543762
          },
          {
            "X": 0.4057188928127289,
            "Y": 0.6406146287918091
          },
          {
            "X": 0.37193870544433594,
            "Y": 0.6405156254768372
          }
        ]
      },
      "Id": "76173c71-2296-4af4-98f9-37083362cc84",
      "Page": 1
    },
    {
      "BlockType": "WORD",
      "Confidence": 99.98780059814453,
      "Text": "258.50",
      "TextType": "PRINTED",
      "Geometry": {
        "BoundingBox": {
          "Width": 0.040839895606040955,
          "Height": 0.022164858877658844,
          "Left": 0.5434666872024536,
          "Top": 0.618524968624115
        },
        "Polygon": [
          {
            "X": 0.5435386300086975,
            "Y": 0.618524968624115
          },
          {
            "X": 0.5843065977096558,
            "Y": 0.6186414361000061
          },
          {
            "X": 0.5842397809028625,
            "Y": 0.6406898498535156
          },
          {
            "X": 0.5434666872024536,
            "Y": 0.6405704021453857
          }
        ]
      },
      "Id": "bd3a5158-13e3-4b40-9066-2adc93b2ab4c",
      "Page": 1
    },
    {
      "BlockType": "WORD",
      "Confidence": 99.95952606201172,
      "Text": "766.50",
      "TextType": "PRINTED",
      "Geometry": {
        "BoundingBox": {
          "Width": 0.041095998138189316,
          "Height": 0.022712241858243942,
          "Left": 0.7236784100532532,
          "Top": 0.6177293658256531
        },
        "Polygon": [
          {
            "X": 0.7237288951873779,
            "Y": 0.6177293658256531
          },
          {
            "X": 0.7647743821144104,
            "Y": 0.6178464293479919
          },
          {
            "X": 0.7647291421890259,
            "Y": 0.6404415965080261
          },
          {
            "X": 0.7236784100532532,
            "Y": 0.6403214335441589
          }
        ]
      },
      "Id": "412d89fa-0233-4baf-83f1-d080a5a5c0d8",
      "Page": 1
    },
    {
      "BlockType": "TABLE",
      "Confidence": 99.658203125,
      "Geometry": {
        "BoundingBox": {
          "Width": 0.663341760635376,
          "Height": 0.31428825855255127,
          "Left": 0.17307256162166595,
          "Top": 0.3489859402179718
        },
        "Polygon": [
          {
            "X": 0.17474938929080963,
            "Y": 0.3489859402179718
          },
          {
            "X": 0.8364142775535583,
            "Y": 0.35028472542762756
          },
          {
            "X": 0.8359142541885376,
            "Y": 0.6632742285728455
          },
          {
            "X": 0.17307256162166595,
            "Y": 0.6612842082977295
          }
        ]
      },
      "Id": "c91c10cd-e4a6-4bc6-bf20-150e133cd153",
      "Relationships": [
        {
          "Type": "CHILD",
          "Ids": [
            "d63da1dd-dbf7-4d8e-9d9a-f790bdbdae52",
            "864ebb30-111c-4372-936a-f8d1500ad77b",
            "14237034-c2dc-4fae-bab2-6d09c96ef30a",
            "196f9a45-b1df-4447-8d8c-c924626c740d",
            "8f37af23-aace-4b6c-9c4c-37443291b51a",
            "b72fc8c5-d4c5-4aac-a38e-baf1b265d8c0",
            "ba648612-a964-4947-9ea3-fc9b2c86b304",
            "1eb23965-ab4b-4da6-9b5a-172d7c670add",
            "8de27c8e-c3e2-4c1f-b99e-006b35bca7f1",
            "137f2e4a-7ca2-4040-b8a0-92963a16de68",
            "603577cb-d339-4ceb-921c-49de6d4f32c7",
            "ab8c06ad-0fc5-4cbe-8bf8-456b2c551596",
            "f9f704cb-c9dd-49f8-b305-4a4f057a68ee",
            "ae6f6fd8-609b-47cc-8074-9b2e08e2a20f",
            "62a28fa3-bd50-448d-b766-fe594358e438",
            "11a8ab0a-571c-4b49-ad2f-7d19d987f25c",
            "038aa936-2ed4-4fd3-990b-4de267e70a77",
            "88038dd0-e3c6-4f3f-a78a-12da7a38e764",
            "b54a78cb-5b11-4e12-b236-1f58e627b156",
            "ab98c08c-67a6-4ace-ac45-733b2479a61c",
            "3c94c90d-ded2-4f88-801d-4828370212f4",
            "6240ed04-5f4e-4608-825a-f7214a7c980e",
            "fd41f4ff-d1a9-4be6-be97-5818ae4644d1",
            "0f5972d7-f251-429b-b6fd-46c82aaef84a"
          ]
        }
      ],
      "EntityTypes": [
        "STRUCTURED_TABLE"
      ],
      "Page": 1
    },
    {
      "BlockType": "CELL",
      "Confidence": 90.771484375,
      "RowIndex": 1,
      "ColumnIndex": 1,
      "RowSpan": 1,
      "ColumnSpan": 1,
      "Geometry": {
        "BoundingBox": {
          "Width": 0.13844814896583557,
          "Height": 0.0576293058693409,
          "Left": 0.17444156110286713,
          "Top": 0.3489859402179718
        },
        "Polygon": [
          {
            "X": 0.17474938929080963,
            "Y": 0.3489859402179718
          },
          {
            "X": 0.3128897249698639,
            "Y": 0.34925711154937744
          },
          {
            "X": 0.3126268982887268,
            "Y": 0.4066152572631836
          },
          {
            "X": 0.17444156110286713,
            "Y": 0.40631765127182007
          }
        ]
      },
      "Id": "d63da1dd-dbf7-4d8e-9d9a-f790bdbdae52",
      "Relationships": [
        {
          "Type": "CHILD",
          "Ids": [
            "f29872e4-832d-4ab1-993a-44a771270ca4"
          ]
        }
      ],
      "EntityTypes": [
        "COLUMN_HEADER"
      ],
      "Page": 1
    },
    {
      "BlockType": "CELL",
      "Confidence": 91.89453125,
      "RowIndex": 1,
      "ColumnIndex": 2,
      "RowSpan": 1,
      "ColumnSpan": 1,
      "Geometry": {
        "BoundingBox": {
          "Width": 0.1614246368408203,
          "Height": 0.057705357670784,
          "Left": 0.3126268982887268,
          "Top": 0.34925711154937744
        },
        "Polygon": [
          {
            "X": 0.3128897249698639,
            "Y": 0.34925711154937744
          },
          {
            "X": 0.4740515351295471,
            "Y": 0.34957343339920044
          },
          {
            "X": 0.4738413095474243,
            "Y": 0.40696245431900024
          },
          {
            "X": 0.3126268982887268,
            "Y": 0.4066152572631836
          }
        ]
      },
      "Id": "864ebb30-111c-4372-936a-f8d1500ad77b",
      "Relationships": [
        {
          "Type": "CHILD",
          "Ids": [
            "9364d541-94bf-4a14-bc05-93dac988eed7",
            "47e8366f-b2cb-4ca4-9f31-5efae85c78da",
            "bcd15819-fe01-4e6a-b56e-692a6eaf9380"
          ]
        }
      ],
      "EntityTypes": [
        "COLUMN_HEADER"
      ],
      "Page": 1
    },
    {
      "BlockType": "CELL",
      "Confidence": 92.626953125,
      "RowIndex": 1,
      "ColumnIndex": 3,
      "RowSpan": 1,
      "ColumnSpan": 1,
      "Geometry": {
        "BoundingBox": {
          "Width": 0.18552032113075256,
          "Height": 0.057788245379924774,
          "Left": 0.4738413095474243,
          "Top": 0.34957343339920044
        },
        "Polygon": [
          {
            "X": 0.4740515351295471,
            "Y": 0.34957343339920044
          },
          {
            "X": 0.6593616604804993,
            "Y": 0.34993720054626465
          },
          {
            "X": 0.6592119336128235,
            "Y": 0.4073616862297058
          },
          {
            "X": 0.4738413095474243,
            "Y": 0.40696245431900024
          }
        ]
      },
      "Id": "14237034-c2dc-4fae-bab2-6d09c96ef30a",
      "Relationships": [
        {
          "Type": "CHILD",
          "Ids": [
            "24c24c31-7d5a-4a89-ace8-f949651fc93f",
            "509846cd-0857-4e22-95bb-91885ceac363",
            "13631f67-39b9-4746-ab3c-9763fbb1f670"
          ]
        }
      ],
      "EntityTypes": [
        "COLUMN_HEADER"
      ],
      "Page": 1
    },
    {
      "BlockType": "CELL",
      "Confidence": 92.578125,
      "RowIndex": 1,
      "ColumnIndex": 4,
      "RowSpan": 1,
      "ColumnSpan": 1,
      "Geometry": {
        "BoundingBox": {
          "Width": 0.17720235884189606,
          "Height": 0.05780594423413277,
          "Left": 0.6592119336128235,
          "Top": 0.34993720054626465
        },
        "Polygon": [
          {
            "X": 0.6593616604804993,
            "Y": 0.34993720054626465
          },
          {
            "X": 0.8364142775535583,
            "Y": 0.35028472542762756
          },
          {
            "X": 0.8363224864006042,
            "Y": 0.4077431261539459
          },
          {
            "X": 0.6592119336128235,
            "Y": 0.4073616862297058
          }
        ]
      },
      "Id": "196f9a45-b1df-4447-8d8c-c924626c740d",
      "Relationships": [
        {
          "Type": "CHILD",
          "Ids": [
            "bc8f2244-7c0f-43dc-b39d-8fa1aca591dd",
            "3ddc3f1b-ee2a-4927-93c1-3d181e7db5b3",
            "87f2db0e-e380-446e-b273-e8633414b67a"
          ]
        }
      ],
      "EntityTypes": [
        "COLUMN_HEADER"
      ],
      "Page": 1
    },
    {
      "BlockType": "CELL",
      "Confidence": 87.79296875,
      "RowIndex": 2,
      "ColumnIndex": 1,
      "RowSpan": 1,
      "ColumnSpan": 1,
      "Geometry": {
        "BoundingBox": {
          "Width": 0.13841605186462402,
          "Height": 0.0432867556810379,
          "Left": 0.17421084642410278,
          "Top": 0.40631765127182007
        },
        "Polygon": [
          {
            "X": 0.17444156110286713,
            "Y": 0.40631765127182007
          },
          {
            "X": 0.3126268982887268,
            "Y": 0.4066152572631836
          },
          {
            "X": 0.31242993474006653,
            "Y": 0.44960442185401917
          },
          {
            "X": 0.17421084642410278,
            "Y": 0.44928696751594543
          }
        ]
      },
      "Id": "8f37af23-aace-4b6c-9c4c-37443291b51a",
      "Relationships": [
        {
          "Type": "CHILD",
          "Ids": [
            "0e212bba-17cf-41f3-8e1d-816de03e9758",
            "c7688304-62be-4e01-8daa-ef9859eb7f7d",
            "466d4d3a-4f10-422d-a5cd-33807d2a1dc9"
          ]
        }
      ],
      "Page": 1
    },
    {
      "BlockType": "CELL",
      "Confidence": 88.8671875,
      "RowIndex": 2,
      "ColumnIndex": 2,
      "RowSpan": 1,
      "ColumnSpan": 1,
      "Geometry": {
        "BoundingBox": {
          "Width": 0.16141138970851898,
          "Height": 0.04335949942469597,
          "Left": 0.31242993474006653,
          "Top": 0.4066152572631836
        },
        "Polygon": [
          {
            "X": 0.3126268982887268,
            "Y": 0.4066152572631836
          },
          {
            "X": 0.4738413095474243,
            "Y": 0.40696245431900024
          },
          {
            "X": 0.47368374466896057,
            "Y": 0.44997474551200867
          },
          {
            "X": 0.31242993474006653,
            "Y": 0.44960442185401917
          }
        ]
      },
      "Id": "b72fc8c5-d4c5-4aac-a38e-baf1b265d8c0",
      "Relationships": [
        {
          "Type": "CHILD",
          "Ids": [
            "02faec3b-bc11-4175-aaf4-4c8300a27329"
          ]
        }
      ],
      "Page": 1
    },
    {
      "BlockType": "CELL",
      "Confidence": 89.55078125,
      "RowIndex": 2,
      "ColumnIndex": 3,
      "RowSpan": 1,
      "ColumnSpan": 1,
      "Geometry": {
        "BoundingBox": {
          "Width": 0.18552817404270172,
          "Height": 0.0434381365776062,
          "Left": 0.47368374466896057,
          "Top": 0.40696245431900024
        },
        "Polygon": [
          {
            "X": 0.4738413095474243,
            "Y": 0.40696245431900024
          },
          {
            "X": 0.6592119336128235,
            "Y": 0.4073616862297058
          },
          {
            "X": 0.6590997576713562,
            "Y": 0.45040059089660645
          },
          {
            "X": 0.47368374466896057,
            "Y": 0.44997474551200867
          }
        ]
      },
      "Id": "ba648612-a964-4947-9ea3-fc9b2c86b304",
      "Relationships": [
        {
          "Type": "CHILD",
          "Ids": [
            "18a37190-fac2-44b8-b657-9283d880e421"
          ]
        }
      ],
      "Page": 1
    },
    {
      "BlockType": "CELL",
      "Confidence": 89.501953125,
      "RowIndex": 2,
      "ColumnIndex": 4,
      "RowSpan": 1,
      "ColumnSpan": 1,
      "Geometry": {
        "BoundingBox": {
          "Width": 0.17722275853157043,
          "Height": 0.04344577342271805,
          "Left": 0.6590997576713562,
          "Top": 0.4073616862297058
        },
        "Polygon": [
          {
            "X": 0.6592119336128235,
            "Y": 0.4073616862297058
          },
          {
            "X": 0.8363224864006042,
            "Y": 0.4077431261539459
          },
          {
            "X": 0.8362537026405334,
            "Y": 0.45080745220184326
          },
          {
            "X": 0.6590997576713562,
            "Y": 0.45040059089660645
          }
        ]
      },
      "Id": "1eb23965-ab4b-4da6-9b5a-172d7c670add",
      "Relationships": [
        {
          "Type": "CHILD",
          "Ids": [
            "71e133f9-969a-4dc6-92ff-7315e45a4c11"
          ]
        }
      ],
      "Page": 1
    },
    {
      "BlockType": "CELL",
      "Confidence": 88.8671875,
      "RowIndex": 3,
      "ColumnIndex": 1,
      "RowSpan": 1,
      "ColumnSpan": 1,
      "Geometry": {
        "BoundingBox": {
          "Width": 0.13849031925201416,
          "Height": 0.05085661634802818,
          "Left": 0.17393960058689117,
          "Top": 0.44928696751594543
        },
        "Polygon": [
          {
            "X": 0.17421084642410278,
            "Y": 0.44928696751594543
          },
          {
            "X": 0.31242993474006653,
            "Y": 0.44960442185401917
          },
          {
            "X": 0.31219837069511414,
            "Y": 0.5001435875892639
          },
          {
            "X": 0.17393960058689117,
            "Y": 0.4998027980327606
          }
        ]
      },
      "Id": "8de27c8e-c3e2-4c1f-b99e-006b35bca7f1",
      "Relationships": [
        {
          "Type": "CHILD",
          "Ids": [
            "5347c698-0afa-4efa-8f47-e3547b77b357",
            "f71c7528-4cdb-4baf-beab-a2948a8b733f"
          ]
        }
      ],
      "Page": 1
    },
    {
      "BlockType": "CELL",
      "Confidence": 89.94140625,
      "RowIndex": 3,
      "ColumnIndex": 2,
      "RowSpan": 1,
      "ColumnSpan": 1,
      "Geometry": {
        "BoundingBox": {
          "Width": 0.16148538887500763,
          "Height": 0.0509367436170578,
          "Left": 0.31219837069511414,
          "Top": 0.44960442185401917
        },
        "Polygon": [
          {
            "X": 0.31242993474006653,
            "Y": 0.44960442185401917
          },
          {
            "X": 0.47368374466896057,
            "Y": 0.44997474551200867
          },
          {
            "X": 0.47349852323532104,
            "Y": 0.5005411505699158
          },
          {
            "X": 0.31219837069511414,
            "Y": 0.5001435875892639
          }
        ]
      },
      "Id": "137f2e4a-7ca2-4040-b8a0-92963a16de68",
      "Relationships": [
        {
          "Type": "CHILD",
          "Ids": [
            "03282289-f674-4ab1-8ec6-ae80ba6febb5"
          ]
        }
      ],
      "Page": 1
    },
    {
      "BlockType": "CELL",
      "Confidence": 90.625,
      "RowIndex": 3,
      "ColumnIndex": 3,
      "RowSpan": 1,
      "ColumnSpan": 1,
      "Geometry": {
        "BoundingBox": {
          "Width": 0.18560121953487396,
          "Height": 0.051023539155721664,
          "Left": 0.47349852323532104,
          "Top": 0.44997474551200867
        },
        "Polygon": [
          {
            "X": 0.47368374466896057,
            "Y": 0.44997474551200867
          },
          {
            "X": 0.6590997576713562,
            "Y": 0.45040059089660645
          },
          {
            "X": 0.6589678525924683,
            "Y": 0.500998318195343
          },
          {
            "X": 0.47349852323532104,
            "Y": 0.5005411505699158
          }
        ]
      },
      "Id": "603577cb-d339-4ceb-921c-49de6d4f32c7",
      "Relationships": [
        {
          "Type": "CHILD",
          "Ids": [
            "49a7830e-deed-4f0d-999c-6579de1f7004"
          ]
        }
      ],
      "Page": 1
    },
    {
      "BlockType": "CELL",
      "Confidence": 90.576171875,
      "RowIndex": 3,
      "ColumnIndex": 4,
      "RowSpan": 1,
      "ColumnSpan": 1,
      "Geometry": {
        "BoundingBox": {
          "Width": 0.17728586494922638,
          "Height": 0.05103447288274765,
          "Left": 0.6589678525924683,
          "Top": 0.45040059089660645
        },
        "Polygon": [
          {
            "X": 0.6590997576713562,
            "Y": 0.45040059089660645
          },
          {
            "X": 0.8362537026405334,
            "Y": 0.45080745220184326
          },
          {
            "X": 0.8361728191375732,
            "Y": 0.5014351010322571
          },
          {
            "X": 0.6589678525924683,
            "Y": 0.500998318195343
          }
        ]
      },
      "Id": "ab8c06ad-0fc5-4cbe-8bf8-456b2c551596",
      "Relationships": [
        {
          "Type": "CHILD",
          "Ids": [
            "747e502e-8e2a-4533-872d-360a0146af4b"
          ]
        }
      ],
      "Page": 1
    },
    {
      "BlockType": "CELL",
      "Confidence": 88.57421875,
      "RowIndex": 4,
      "ColumnIndex": 1,
      "RowSpan": 1,
      "ColumnSpan": 1,
      "Geometry": {
        "BoundingBox": {
          "Width": 0.13853015005588531,
          "Height": 0.05090906471014023,
          "Left": 0.17366822063922882,
          "Top": 0.4998027980327606
        },
        "Polygon": [
          {
            "X": 0.17393960058689117,
            "Y": 0.4998027980327606
          },
          {
            "X": 0.31219837069511414,
            "Y": 0.5001435875892639
          },
          {
            "X": 0.3119666576385498,
            "Y": 0.5507118701934814
          },
          {
            "X": 0.17366822063922882,
            "Y": 0.5503477454185486
          }
        ]
      },
      "Id": "f9f704cb-c9dd-49f8-b305-4a4f057a68ee",
      "Relationships": [
        {
          "Type": "CHILD",
          "Ids": [
            "ae116a02-ed45-4f38-b6cd-c4bd55b1a8a8",
            "662e3a19-54de-488a-bd98-5ba8f780ce11"
          ]
        }
      ],
      "Page": 1
    },
    {
      "BlockType": "CELL",
      "Confidence": 89.697265625,
      "RowIndex": 4,
      "ColumnIndex": 2,
      "RowSpan": 1,
      "ColumnSpan": 1,
      "Geometry": {
        "BoundingBox": {
          "Width": 0.16153185069561005,
          "Height": 0.05099311098456383,
          "Left": 0.3119666576385498,
          "Top": 0.5001435875892639
        },
        "Polygon": [
          {
            "X": 0.31219837069511414,
            "Y": 0.5001435875892639
          },
          {
            "X": 0.47349852323532104,
            "Y": 0.5005411505699158
          },
          {
            "X": 0.47331318259239197,
            "Y": 0.5511366724967957
          },
          {
            "X": 0.3119666576385498,
            "Y": 0.5507118701934814
          }
        ]
      },
      "Id": "ae6f6fd8-609b-47cc-8074-9b2e08e2a20f",
      "Relationships": [
        {
          "Type": "CHILD",
          "Ids": [
            "2f40e83a-117b-4013-80a6-4d97a93a413f"
          ]
        }
      ],
      "Page": 1
    },
    {
      "BlockType": "CELL",
      "Confidence": 90.380859375,
      "RowIndex": 4,
      "ColumnIndex": 3,
      "RowSpan": 1,
      "ColumnSpan": 1,
      "Geometry": {
        "BoundingBox": {
          "Width": 0.1856546550989151,
          "Height": 0.05108402296900749,
          "Left": 0.47331318259239197,
          "Top": 0.5005411505699158
        },
        "Polygon": [
          {
            "X": 0.47349852323532104,
            "Y": 0.5005411505699158
          },
          {
            "X": 0.6589678525924683,
            "Y": 0.500998318195343
          },
          {
            "X": 0.6588358283042908,
            "Y": 0.5516251921653748
          },
          {
            "X": 0.47331318259239197,
            "Y": 0.5511366724967957
          }
        ]
      },
      "Id": "62a28fa3-bd50-448d-b766-fe594358e438",
      "Relationships": [
        {
          "Type": "CHILD",
          "Ids": [
            "c1b8020c-c5ca-4059-900e-4f9cd409beb8"
          ]
        }
      ],
      "Page": 1
    },
    {
      "BlockType": "CELL",
      "Confidence": 90.33203125,
      "RowIndex": 4,
      "ColumnIndex": 4,
      "RowSpan": 1,
      "ColumnSpan": 1,
      "Geometry": {
        "BoundingBox": {
          "Width": 0.17733696103096008,
          "Height": 0.05109359696507454,
          "Left": 0.6588358283042908,
          "Top": 0.500998318195343
        },
        "Polygon": [
          {
            "X": 0.6589678525924683,
            "Y": 0.500998318195343
          },
          {
            "X": 0.8361728191375732,
            "Y": 0.5014351010322571
          },
          {
            "X": 0.8360918760299683,
            "Y": 0.5520918965339661
          },
          {
            "X": 0.6588358283042908,
            "Y": 0.5516251921653748
          }
        ]
      },
      "Id": "11a8ab0a-571c-4b49-ad2f-7d19d987f25c",
      "Relationships": [
        {
          "Type": "CHILD",
          "Ids": [
            "a07f8066-7370-4d3f-8ca2-f331018e886d"
          ]
        }
      ],
      "Page": 1
    },
    {
      "BlockType": "CELL",
      "Confidence": 86.5234375,
      "RowIndex": 5,
      "ColumnIndex": 1,
      "RowSpan": 1,
      "ColumnSpan": 1,
      "Geometry": {
        "BoundingBox": {
          "Width": 0.13857577741146088,
          "Height": 0.052038419991731644,
          "Left": 0.17339088022708893,
          "Top": 0.5503477454185486
        },
        "Polygon": [
          {
            "X": 0.17366822063922882,
            "Y": 0.5503477454185486
          },
          {
            "X": 0.3119666576385498,
            "Y": 0.5507118701934814
          },
          {
            "X": 0.31172990798950195,
            "Y": 0.6023861169815063
          },
          {
            "X": 0.17339088022708893,
            "Y": 0.6019980907440186
          }
        ]
      },
      "Id": "038aa936-2ed4-4fd3-990b-4de267e70a77",
      "Relationships": [
        {
          "Type": "CHILD",
          "Ids": [
            "ba3d8156-aac3-47e4-804a-d86897ddb0e4",
            "8b8ffbc9-fd1b-4274-a98b-8a259d73221f"
          ]
        }
      ],
      "Page": 1
    },
    {
      "BlockType": "CELL",
      "Confidence": 87.59765625,
      "RowIndex": 5,
      "ColumnIndex": 2,
      "RowSpan": 1,
      "ColumnSpan": 1,
      "Geometry": {
        "BoundingBox": {
          "Width": 0.16158327460289001,
          "Height": 0.05212697386741638,
          "Left": 0.31172990798950195,
          "Top": 0.5507118701934814
        },
        "Polygon": [
          {
            "X": 0.3119666576385498,
            "Y": 0.5507118701934814
          },
          {
            "X": 0.47331318259239197,
            "Y": 0.5511366724967957
          },
          {
            "X": 0.47312378883361816,
            "Y": 0.6028388142585754
          },
          {
            "X": 0.31172990798950195,
            "Y": 0.6023861169815063
          }
        ]
      },
      "Id": "88038dd0-e3c6-4f3f-a78a-12da7a38e764",
      "Relationships": [
        {
          "Type": "CHILD",
          "Ids": [
            "eca1d173-9155-4355-adf5-465f5c011a52"
          ]
        }
      ],
      "Page": 1
    },
    {
      "BlockType": "CELL",
      "Confidence": 88.28125,
      "RowIndex": 5,
      "ColumnIndex": 3,
      "RowSpan": 1,
      "ColumnSpan": 1,
      "Geometry": {
        "BoundingBox": {
          "Width": 0.1857120841741562,
          "Height": 0.05222267284989357,
          "Left": 0.47312378883361816,
          "Top": 0.5511366724967957
        },
        "Polygon": [
          {
            "X": 0.47331318259239197,
            "Y": 0.5511366724967957
          },
          {
            "X": 0.6588358283042908,
            "Y": 0.5516251921653748
          },
          {
            "X": 0.6587010025978088,
            "Y": 0.6033593416213989
          },
          {
            "X": 0.47312378883361816,
            "Y": 0.6028388142585754
          }
        ]
      },
      "Id": "b54a78cb-5b11-4e12-b236-1f58e627b156",
      "Relationships": [
        {
          "Type": "CHILD",
          "Ids": [
            "ce899c11-be4a-4914-b932-23280ce5ed48"
          ]
        }
      ],
      "Page": 1
    },
    {
      "BlockType": "CELL",
      "Confidence": 88.232421875,
      "RowIndex": 5,
      "ColumnIndex": 4,
      "RowSpan": 1,
      "ColumnSpan": 1,
      "Geometry": {
        "BoundingBox": {
          "Width": 0.17739088833332062,
          "Height": 0.052231524139642715,
          "Left": 0.6587010025978088,
          "Top": 0.5516251921653748
        },
        "Polygon": [
          {
            "X": 0.6588358283042908,
            "Y": 0.5516251921653748
          },
          {
            "X": 0.8360918760299683,
            "Y": 0.5520918965339661
          },
          {
            "X": 0.8360092043876648,
            "Y": 0.6038566827774048
          },
          {
            "X": 0.6587010025978088,
            "Y": 0.6033593416213989
          }
        ]
      },
      "Id": "ab98c08c-67a6-4ace-ac45-733b2479a61c",
      "Relationships": [
        {
          "Type": "CHILD",
          "Ids": [
            "0996b029-5f6e-4e9d-bb48-e61a9609218e"
          ]
        }
      ],
      "Page": 1
    },
    {
      "BlockType": "CELL",
      "Confidence": 89.892578125,
      "RowIndex": 6,
      "ColumnIndex": 1,
      "RowSpan": 1,
      "ColumnSpan": 1,
      "Geometry": {
        "BoundingBox": {
          "Width": 0.138657346367836,
          "Height": 0.05970156565308571,
          "Left": 0.17307256162166595,
          "Top": 0.6019980907440186
        },
        "Polygon": [
          {
            "X": 0.17339088022708893,
            "Y": 0.6019980907440186
          },
          {
            "X": 0.31172990798950195,
            "Y": 0.6023861169815063
          },
          {
            "X": 0.31145814061164856,
            "Y": 0.661699652671814
          },
          {
            "X": 0.17307256162166595,
            "Y": 0.6612842082977295
          }
        ]
      },
      "Id": "3c94c90d-ded2-4f88-801d-4828370212f4",
      "Relationships": [
        {
          "Type": "CHILD",
          "Ids": [
            "a397b6ba-848e-47c4-b4d7-dec73769421d",
            "9b7ae329-d1c1-4715-a99d-b0ba5a884734"
          ]
        }
      ],
      "Page": 1
    },
    {
      "BlockType": "CELL",
      "Confidence": 91.015625,
      "RowIndex": 6,
      "ColumnIndex": 2,
      "RowSpan": 1,
      "ColumnSpan": 1,
      "Geometry": {
        "BoundingBox": {
          "Width": 0.1616656482219696,
          "Height": 0.059798240661621094,
          "Left": 0.31145814061164856,
          "Top": 0.6023861169815063
        },
        "Polygon": [
          {
            "X": 0.31172990798950195,
            "Y": 0.6023861169815063
          },
          {
            "X": 0.47312378883361816,
            "Y": 0.6028388142585754
          },
          {
            "X": 0.4729063808917999,
            "Y": 0.6621843576431274
          },
          {
            "X": 0.31145814061164856,
            "Y": 0.661699652671814
          }
        ]
      },
      "Id": "6240ed04-5f4e-4608-825a-f7214a7c980e",
      "Relationships": [
        {
          "Type": "CHILD",
          "Ids": [
            "76173c71-2296-4af4-98f9-37083362cc84"
          ]
        }
      ],
      "Page": 1
    },
    {
      "BlockType": "CELL",
      "Confidence": 91.748046875,
      "RowIndex": 6,
      "ColumnIndex": 3,
      "RowSpan": 1,
      "ColumnSpan": 1,
      "Geometry": {
        "BoundingBox": {
          "Width": 0.18579460680484772,
          "Height": 0.05990287661552429,
          "Left": 0.4729063808917999,
          "Top": 0.6028388142585754
        },
        "Polygon": [
          {
            "X": 0.47312378883361816,
            "Y": 0.6028388142585754
          },
          {
            "X": 0.6587010025978088,
            "Y": 0.6033593416213989
          },
          {
            "X": 0.6585462093353271,
            "Y": 0.6627417206764221
          },
          {
            "X": 0.4729063808917999,
            "Y": 0.6621843576431274
          }
        ]
      },
      "Id": "fd41f4ff-d1a9-4be6-be97-5818ae4644d1",
      "Relationships": [
        {
          "Type": "CHILD",
          "Ids": [
            "bd3a5158-13e3-4b40-9066-2adc93b2ab4c"
          ]
        }
      ],
      "Page": 1
    },
    {
      "BlockType": "CELL",
      "Confidence": 91.69921875,
      "RowIndex": 6,
      "ColumnIndex": 4,
      "RowSpan": 1,
      "ColumnSpan": 1,
      "Geometry": {
        "BoundingBox": {
          "Width": 0.17746299505233765,
          "Height": 0.05991484969854355,
          "Left": 0.6585462093353271,
          "Top": 0.6033593416213989
        },
        "Polygon": [
          {
            "X": 0.6587010025978088,
            "Y": 0.6033593416213989
          },
          {
            "X": 0.8360092043876648,
            "Y": 0.6038566827774048
          },
          {
            "X": 0.8359142541885376,
            "Y": 0.6632742285728455
          },
          {
            "X": 0.6585462093353271,
            "Y": 0.6627417206764221
          }
        ]
      },
      "Id": "0f5972d7-f251-429b-b6fd-46c82aaef84a",
      "Relationships": [
        {
          "Type": "CHILD",
          "Ids": [
            "412d89fa-0233-4baf-83f1-d080a5a5c0d8"
          ]
        }
      ],
      "Page": 1
    }
  ],
  "AnalyzeDocumentModelVersion": "1.0"
}