{
  "DocumentMetadata": {
    "Pages": 1
  },
  "JobStatus": "SUCCEEDED",
  "Blocks": [
    {
      "BlockType": "PAGE",
      "Geometry": {
        "BoundingBox": {
          "Width": 1,
          "Height": 1,
          "Left": 0,
          "Top": 0
        },
        "Polygon": [
          {
            "X": 0,
            "Y": 0.00000538353378942702
          },
          {
            "X": 1,
            "Y": 0
          },
          {
            "X": 1,
            "Y": 1
          },
          {
            "X": 0.000012129158676543739,
            "Y": 1
          }
        ]
      },
      "Id": "64c188d2-67c9-40fe-a1cb-417f35e7489d",
      "Relationships": [
        {
          "Type": "CHILD",
          "Ids": [
            "74e2e581-1574-43b4-9a99-10c07db63c6c",
            "8742b8da-21eb-4773-9666-6037a3dea5a3",
            "ad76a621-2d09-4d9a-931f-7d3eb4746125",
            "e8a3bd3b-b8cb-4eec-b049-a0ff7f9df023",
            "e71f8488-be40-47e2-b35f-84823a9fe7db",
            "200333b0-4763-4fad-a74a-fe0253f8ba8c",
            "7a5b84f9-c54e-427d-a2f6-52c2672cade0",
            "83b0554b-b1c1-4549-9ff2-01825daf8ab7",
            "ad06b4a6-6ee7-4fcf-a7d2-ae164585d266",
            "cc7046c3-4a47-4fc6-a24f-6ea5077ec501",
            "527d06ca-03c6-43f5-a6a3-09c719903b36",
            "69c3f0ed-7ab9-4ea7-8ea2-c2ef4a73f308",
            "a2edd115-9b3e-456e-bf2d-cbf52c80f9dc",
            "6c0d4a87-5b56-47e4-a652-7a323a47ffe2",
            "dd8fc4f6-0387-4d95-8192-92df42a35d42"
          ]
        }
      ],
      "Page": 1
    },
    {
      "BlockType": "LINE",
      "Confidence": 99.93524169921875,
      "Text": "Sample",
      "Geometry": {
        "BoundingBox": {
          "Width": 0.04764247313141823,
          "Height": 0.026278119534254074,
          "Left": 0.25498372316360474,
          "Top": 0.41702139377593994
        },
        "Polygon": [
          {
            "X": 0.25498372316360474,
            "Y": 0.4170231521129608
          },
          {
            "X": 0.30233195424079895,
            "Y": 0.41702139377593994
          },
          {
            "X": 0.30262619256973267,
            "Y": 0.44329941272735596
          },
          {
            "X": 0.2552689015865326,
            "Y": 0.4432995021343231
          }
        ]
      },
      "Id": "74e2e581-1574-43b4-9a99-10c07db63c6c",
      "Relationships": [
        {
          "Type": "CHILD",
          "Ids": [
            "9e5dd4c3-fdc7-4846-8514-516a16f47d65"
          ]
        }
      ],
      "Page": 1
    },
    {
      "BlockType": "LINE",
      "Confidence": 99.94023132324219,
      "Text": "Heat release",
      "Geometry": {
        "BoundingBox": {
          "Width": 0.07999824732542038,
          "Height": 0.020757291465997696,
          "Left": 0.41030043363571167,
          "Top": 0.41732966899871826
        },
        "Polygon": [
          {
            "X": 0.41030043363571167,
            "Y": 0.41733261942863464
          },
          {
            "X": 0.490038126707077,
            "Y": 0.41732966899871826
          },
          {
            "X": 0.49029868841171265,
            "Y": 0.43808624148368835
          },
          {
            "X": 0.41054901480674744,
            "Y": 0.43808695673942566
          }
        ]
      },
      "Id": "8742b8da-21eb-4773-9666-6037a3dea5a3",
      "Relationships": [
        {
          "Type": "CHILD",
          "Ids": [
            "bf208505-83fe-4d53-b1a8-1f39e1e7b865",
            "f0faa35c-043c-4de2-a600-9f3d8a397a56"
          ]
        }
      ],
      "Page": 1
    },
    {
      "BlockType": "LINE",
      "Confidence": 99.92306518554688,
      "Text": "Peak value of heat",
      "Geometry": {
        "BoundingBox": {
          "Width": 0.11884717643260956,
          "Height": 0.021065784618258476,
          "Left": 0.6334871053695679,
          "Top": 0.4169488251209259
        },
        "Polygon": [
          {
            "X": 0.6334871053695679,
            "Y": 0.41695326566696167
          },
          {
            "X": 0.7520299553871155,
            "Y": 0.4169488251209259
          },
          {
            "X": 0.7523342967033386,
            "Y": 0.43801355361938477
          },
          {
            "X": 0.6337733268737793,
            "Y": 0.4380146265029907
          }
        ]
      },
      "Id": "ad76a621-2d09-4d9a-931f-7d3eb4746125",
      "Relationships": [
        {
          "Type": "CHILD",
          "Ids": [
            "621388de-5d00-4b8e-bb03-d776b63c4ce5",
            "199c82d5-cb78-4ba7-9d14-06b2eea96d4c",
            "7705ad51-ace8-4c2c-8d23-0fe6fe911775",
            "8a68bc97-4830-4f10-be7a-d90d39d0ec0f"
          ]
        }
      ],
      "Page": 1
    },
    {
      "BlockType": "LINE",
      "Confidence": 60.507083892822266,
      "Text": "capacity (Jg 1 -1 k-1",
      "Geometry": {
        "BoundingBox": {
          "Width": 0.12197291105985641,
          "Height": 0.029553279280662537,
          "Left": 0.4106804430484772,
          "Top": 0.4457322061061859
        },
        "Polygon": [
          {
            "X": 0.4106804430484772,
            "Y": 0.4457322061061859
          },
          {
            "X": 0.5322734117507935,
            "Y": 0.44573238492012024
          },
          {
            "X": 0.5326533913612366,
            "Y": 0.47528550028800964
          },
          {
            "X": 0.41103434562683105,
            "Y": 0.4752804934978485
          }
        ]
      },
      "Id": "e8a3bd3b-b8cb-4eec-b049-a0ff7f9df023",
      "Relationships": [
        {
          "Type": "CHILD",
          "Ids": [
            "57582e82-8c0d-4458-925b-83370f9b5cd7",
            "fa2c6d7d-2bda-4193-b6d7-7d9db0d7167f",
            "7437e3d5-a797-46bf-a999-c5bc38cc8bd3",
            "acb8b587-c918-4780-aa6f-bfda5b41496b"
          ]
        }
      ],
      "Page": 1
    },
    {
      "BlockType": "LINE",
      "Confidence": 99.66938781738281,
      "Text": "release rate (w/g)",
      "Geometry": {
        "BoundingBox": {
          "Width": 0.11444776505231857,
          "Height": 0.026213224977254868,
          "Left": 0.6333987712860107,
          "Top": 0.44915109872817993
        },
        "Polygon": [
          {
            "X": 0.6333987712860107,
            "Y": 0.44915109872817993
          },
          {
            "X": 0.7474687695503235,
            "Y": 0.44915178418159485
          },
          {
            "X": 0.7478465437889099,
            "Y": 0.4753643274307251
          },
          {
            "X": 0.6337548494338989,
            "Y": 0.47535961866378784
          }
        ]
      },
      "Id": "e71f8488-be40-47e2-b35f-84823a9fe7db",
      "Relationships": [
        {
          "Type": "CHILD",
          "Ids": [
            "a8c6d458-4dc2-4b36-ba90-df15488a5a3d",
            "79e305ae-bf4a-4849-9fc1-b18ff55c57aa",
            "645def3b-e542-4af8-8518-0119186afc35"
          ]
        }
      ],
      "Page": 1
    },
    {
      "BlockType": "LINE",
      "Confidence": 99.67571258544922,
      "Text": "EP",
      "Geometry": {
        "BoundingBox": {
          "Width": 0.015841268002986908,
          "Height": 0.018729347735643387,
          "Left": 0.25556761026382446,
          "Top": 0.4977794587612152
        },
        "Polygon": [
          {
            "X": 0.25556761026382446,
            "Y": 0.4977794587612152
          },
          {
            "X": 0.27120354771614075,
            "Y": 0.49778056144714355
          },
          {
            "X": 0.27140888571739197,
            "Y": 0.5165088176727295
          },
          {
            "X": 0.25577086210250854,
            "Y": 0.5165072679519653
          }
        ]
      },
      "Id": "200333b0-4763-4fad-a74a-fe0253f8ba8c",
      "Relationships": [
        {
          "Type": "CHILD",
          "Ids": [
            "62baf899-5f5b-4e1c-aae7-329dbe54829b"
          ]
        }
      ],
      "Page": 1
    },
    {
      "BlockType": "LINE",
      "Confidence": 99.95758819580078,
      "Text": "230",
      "Geometry": {
        "BoundingBox": {
          "Width": 0.024590397253632545,
          "Height": 0.019574671983718872,
          "Left": 0.4103367030620575,
          "Top": 0.49737733602523804
        },
        "Polygon": [
          {
            "X": 0.4103367030620575,
            "Y": 0.49737733602523804
          },
          {
            "X": 0.43468934297561646,
            "Y": 0.4973790645599365
          },
          {
            "X": 0.4349270761013031,
            "Y": 0.5169520378112793
          },
          {
            "X": 0.41057097911834717,
            "Y": 0.5169496536254883
          }
        ]
      },
      "Id": "7a5b84f9-c54e-427d-a2f6-52c2672cade0",
      "Relationships": [
        {
          "Type": "CHILD",
          "Ids": [
            "c278301e-3708-46af-a263-ee6a4a0679f3"
          ]
        }
      ],
      "Page": 1
    },
    {
      "BlockType": "LINE",
      "Confidence": 98.11361694335938,
      "Text": "235.6",
      "Geometry": {
        "BoundingBox": {
          "Width": 0.03607968986034393,
          "Height": 0.020256130024790764,
          "Left": 0.6332532167434692,
          "Top": 0.49712714552879333
        },
        "Polygon": [
          {
            "X": 0.6332532167434692,
            "Y": 0.49712714552879333
          },
          {
            "X": 0.6690526008605957,
            "Y": 0.4971296787261963
          },
          {
            "X": 0.6693329215049744,
            "Y": 0.5173832774162292
          },
          {
            "X": 0.6335282325744629,
            "Y": 0.5173797607421875
          }
        ]
      },
      "Id": "83b0554b-b1c1-4549-9ff2-01825daf8ab7",
      "Relationships": [
        {
          "Type": "CHILD",
          "Ids": [
            "68b7658c-a8f7-48cc-9a3b-054adb5da478"
          ]
        }
      ],
      "Page": 1
    },
    {
      "BlockType": "LINE",
      "Confidence": 97.97235870361328,
      "Text": "EP/GO1",
      "Geometry": {
        "BoundingBox": {
          "Width": 0.04662136361002922,
          "Height": 0.024771559983491898,
          "Left": 0.25568005442619324,
          "Top": 0.5289446115493774
        },
        "Polygon": [
          {
            "X": 0.25568005442619324,
            "Y": 0.5289446115493774
          },
          {
            "X": 0.30202439427375793,
            "Y": 0.5289499163627625
          },
          {
            "X": 0.30230140686035156,
            "Y": 0.5537161827087402
          },
          {
            "X": 0.2559487521648407,
            "Y": 0.5537093877792358
          }
        ]
      },
      "Id": "ad06b4a6-6ee7-4fcf-a7d2-ae164585d266",
      "Relationships": [
        {
          "Type": "CHILD",
          "Ids": [
            "66eafa9f-f186-4db6-8c32-473ca7faf655"
          ]
        }
      ],
      "Page": 1
    },
    {
      "BlockType": "LINE",
      "Confidence": 99.861572265625,
      "Text": "191",
      "Geometry": {
        "BoundingBox": {
          "Width": 0.021481791511178017,
          "Height": 0.01927601918578148,
          "Left": 0.41182976961135864,
          "Top": 0.5299545526504517
        },
        "Polygon": [
          {
            "X": 0.41182976961135864,
            "Y": 0.5299545526504517
          },
          {
            "X": 0.43307775259017944,
            "Y": 0.5299569964408875
          },
          {
            "X": 0.4333115816116333,
            "Y": 0.5492305755615234
          },
          {
            "X": 0.41206061840057373,
            "Y": 0.5492275953292847
          }
        ]
      },
      "Id": "cc7046c3-4a47-4fc6-a24f-6ea5077ec501",
      "Relationships": [
        {
          "Type": "CHILD",
          "Ids": [
            "8cd90b5f-5446-4edb-a3d3-1105b420347c"
          ]
        }
      ],
      "Page": 1
    },
    {
      "BlockType": "LINE",
      "Confidence": 97.69683837890625,
      "Text": "193.5",
      "Geometry": {
        "BoundingBox": {
          "Width": 0.034424133598804474,
          "Height": 0.01980399340391159,
          "Left": 0.6344563961029053,
          "Top": 0.5295630693435669
        },
        "Polygon": [
          {
            "X": 0.6344563961029053,
            "Y": 0.5295630693435669
          },
          {
            "X": 0.6686066389083862,
            "Y": 0.5295669436454773
          },
          {
            "X": 0.6688805222511292,
            "Y": 0.5493670701980591
          },
          {
            "X": 0.6347253918647766,
            "Y": 0.5493622422218323
          }
        ]
      },
      "Id": "527d06ca-03c6-43f5-a6a3-09c719903b36",
      "Relationships": [
        {
          "Type": "CHILD",
          "Ids": [
            "a9e82cbb-0e7c-422f-84a0-94e1272e4344"
          ]
        }
      ],
      "Page": 1
    },
    {
      "BlockType": "LINE",
      "Confidence": 99.44686126708984,
      "Text": "EP/GFR1",
      "Geometry": {
        "BoundingBox": {
          "Width": 0.05249183624982834,
          "Height": 0.025253601372241974,
          "Left": 0.25509992241859436,
          "Top": 0.5613040924072266
        },
        "Polygon": [
          {
            "X": 0.25509992241859436,
            "Y": 0.5613040924072266
          },
          {
            "X": 0.30730846524238586,
            "Y": 0.5613123178482056
          },
          {
            "X": 0.3075917363166809,
            "Y": 0.5865576863288879
          },
          {
            "X": 0.25537362694740295,
            "Y": 0.5865477323532104
          }
        ]
      },
      "Id": "69c3f0ed-7ab9-4ea7-8ea2-c2ef4a73f308",
      "Relationships": [
        {
          "Type": "CHILD",
          "Ids": [
            "f28fe266-d9f1-40b4-8fce-89dffac42a44"
          ]
        }
      ],
      "Page": 1
    },
    {
      "BlockType": "LINE",
      "Confidence": 99.9423599243164,
      "Text": "131",
      "Geometry": {
        "BoundingBox": {
          "Width": 0.02170218713581562,
          "Height": 0.019659768790006638,
          "Left": 0.4116966724395752,
          "Top": 0.5618848204612732
        },
        "Polygon": [
          {
            "X": 0.4116966724395752,
            "Y": 0.5618848204612732
          },
          {
            "X": 0.4331604242324829,
            "Y": 0.5618881583213806
          },
          {
            "X": 0.4333988428115845,
            "Y": 0.5815445780754089
          },
          {
            "X": 0.4119320213794708,
            "Y": 0.581540584564209
          }
        ]
      },
      "Id": "a2edd115-9b3e-456e-bf2d-cbf52c80f9dc",
      "Relationships": [
        {
          "Type": "CHILD",
          "Ids": [
            "3890df5e-0dcc-4303-830d-db3c005691d3"
          ]
        }
      ],
      "Page": 1
    },
    {
      "BlockType": "LINE",
      "Confidence": 98.58963775634766,
      "Text": "131.3",
      "Geometry": {
        "BoundingBox": {
          "Width": 0.034516286104917526,
          "Height": 0.020310092717409134,
          "Left": 0.6342307329177856,
          "Top": 0.5613605976104736
        },
        "Polygon": [
          {
            "X": 0.6342307329177856,
            "Y": 0.5613605976104736
          },
          {
            "X": 0.6684662103652954,
            "Y": 0.5613659620285034
          },
          {
            "X": 0.6687470078468323,
            "Y": 0.5816707015037537
          },
          {
            "X": 0.6345064640045166,
            "Y": 0.5816643834114075
          }
        ]
      },
      "Id": "6c0d4a87-5b56-47e4-a652-7a323a47ffe2",
      "Relationships": [
        {
          "Type": "CHILD",
          "Ids": [
            "c3ed2908-f33c-4a34-8670-32baba1b932d"
          ]
        }
      ],
      "Page": 1
    },
    {
      "BlockType": "WORD",
      "Confidence": 99.93524169921875,
      "Text": "Sample",
      "TextType": "PRINTED",
      "Geometry": {
        "BoundingBox": {
          "Width": 0.04764247313141823,
          "Height": 0.026278119534254074,
          "Left": 0.25498372316360474,
          "Top": 0.41702139377593994
        },
        "Polygon": [
          {
            "X": 0.25498372316360474,
            "Y": 0.4170231521129608
          },
          {
            "X": 0.30233195424079895,
            "Y": 0.41702139377593994
          },
          {
            "X": 0.30262619256973267,
            "Y": 0.44329941272735596
          },
          {
            "X": 0.2552689015865326,
            "Y": 0.4432995021343231
          }
        ]
      },
      "Id": "9e5dd4c3-fdc7-4846-8514-516a16f47d65",
      "Page": 1
    },
    {
      "BlockType": "WORD",
      "Confidence": 99.93990325927734,
      "Text": "Heat",
      "TextType": "PRINTED",
      "Geometry": {
        "BoundingBox": {
          "Width": 0.03081681579351425,
          "Height": 0.020145120099186897,
          "Left": 0.41030627489089966,
          "Top": 0.4178182780742645
        },
        "Polygon": [
          {
            "X": 0.41030627489089966,
            "Y": 0.41781941056251526
          },
          {
            "X": 0.44087737798690796,
            "Y": 0.4178182780742645
          },
          {
            "X": 0.4411230981349945,
            "Y": 0.4379631280899048
          },
          {
            "X": 0.41054752469062805,
            "Y": 0.4379633963108063
          }
        ]
      },
      "Id": "bf208505-83fe-4d53-b1a8-1f39e1e7b865",
      "Page": 1
    },
    {
      "BlockType": "WORD",
      "Confidence": 99.94056701660156,
      "Text": "release",
      "TextType": "PRINTED",
      "Geometry": {
        "BoundingBox": {
          "Width": 0.04529550299048424,
          "Height": 0.020756980404257774,
          "Left": 0.4450031816959381,
          "Top": 0.41732966899871826
        },
        "Polygon": [
          {
            "X": 0.4450031816959381,
            "Y": 0.417331337928772
          },
          {
            "X": 0.490038126707077,
            "Y": 0.41732966899871826
          },
          {
            "X": 0.49029868841171265,
            "Y": 0.43808624148368835
          },
          {
            "X": 0.4452569782733917,
            "Y": 0.4380866289138794
          }
        ]
      },
      "Id": "f0faa35c-043c-4de2-a600-9f3d8a397a56",
      "Page": 1
    },
    {
      "BlockType": "WORD",
      "Confidence": 99.88724517822266,
      "Text": "Peak",
      "TextType": "PRINTED",
      "Geometry": {
        "BoundingBox": {
          "Width": 0.030598608776926994,
          "Height": 0.02048022672533989,
          "Left": 0.6334925293922424,
          "Top": 0.41734907031059265
        },
        "Polygon": [
          {
            "X": 0.6334925293922424,
            "Y": 0.4173502027988434
          },
          {
            "X": 0.663808286190033,
            "Y": 0.41734907031059265
          },
          {
            "X": 0.6640911102294922,
            "Y": 0.43782901763916016
          },
          {
            "X": 0.6337708234786987,
            "Y": 0.43782931566238403
          }
        ]
      },
      "Id": "621388de-5d00-4b8e-bb03-d776b63c4ce5",
      "Page": 1
    },
    {
      "BlockType": "WORD",
      "Confidence": 99.90098571777344,
      "Text": "value",
      "TextType": "PRINTED",
      "Geometry": {
        "BoundingBox": {
          "Width": 0.03529781848192215,
          "Height": 0.020604686811566353,
          "Left": 0.667491614818573,
          "Top": 0.41720902919769287
        },
        "Polygon": [
          {
            "X": 0.667491614818573,
            "Y": 0.41721031069755554
          },
          {
            "X": 0.7024991512298584,
            "Y": 0.41720902919769287
          },
          {
            "X": 0.7027894258499146,
            "Y": 0.4378133714199066
          },
          {
            "X": 0.6677766442298889,
            "Y": 0.4378136992454529
          }
        ]
      },
      "Id": "199c82d5-cb78-4ba7-9d14-06b2eea96d4c",
      "Page": 1
    },
    {
      "BlockType": "WORD",
      "Confidence": 99.99012756347656,
      "Text": "of",
      "TextType": "PRINTED",
      "Geometry": {
        "BoundingBox": {
          "Width": 0.014247678220272064,
          "Height": 0.0208290945738554,
          "Left": 0.7069392204284668,
          "Top": 0.4169500172138214
        },
        "Polygon": [
          {
            "X": 0.7069392204284668,
            "Y": 0.416950523853302
          },
          {
            "X": 0.7208906412124634,
            "Y": 0.4169500172138214
          },
          {
            "X": 0.7211868762969971,
            "Y": 0.4377789795398712
          },
          {
            "X": 0.7072333097457886,
            "Y": 0.43777909874916077
          }
        ]
      },
      "Id": "7705ad51-ace8-4c2c-8d23-0fe6fe911775",
      "Page": 1
    },
    {
      "BlockType": "WORD",
      "Confidence": 99.91387939453125,
      "Text": "heat",
      "TextType": "PRINTED",
      "Geometry": {
        "BoundingBox": {
          "Width": 0.028211239725351334,
          "Height": 0.02092558890581131,
          "Left": 0.7241230607032776,
          "Top": 0.41708821058273315
        },
        "Polygon": [
          {
            "X": 0.7241230607032776,
            "Y": 0.4170892536640167
          },
          {
            "X": 0.7520319819450378,
            "Y": 0.41708821058273315
          },
          {
            "X": 0.7523342967033386,
            "Y": 0.43801355361938477
          },
          {
            "X": 0.7244211435317993,
            "Y": 0.43801379203796387
          }
        ]
      },
      "Id": "8a68bc97-4830-4f10-be7a-d90d39d0ec0f",
      "Page": 1
    },
    {
      "BlockType": "WORD",
      "Confidence": 99.92308044433594,
      "Text": "capacity",
      "TextType": "PRINTED",
      "Geometry": {
        "BoundingBox": {
          "Width": 0.053269919008016586,
          "Height": 0.025713538751006126,
          "Left": 0.410726398229599,
          "Top": 0.44956913590431213
        },
        "Polygon": [
          {
            "X": 0.410726398229599,
            "Y": 0.44956913590431213
          },
          {
            "X": 0.4636785089969635,
            "Y": 0.4495694637298584
          },
          {
            "X": 0.4639963209629059,
            "Y": 0.4752826690673828
          },
          {
            "X": 0.41103434562683105,
            "Y": 0.4752804934978485
          }
        ]
      },
      "Id": "57582e82-8c0d-4458-925b-83370f9b5cd7",
      "Page": 1
    },
    {
      "BlockType": "WORD",
      "Confidence": 19.449710845947266,
      "Text": "(Jg 1",
      "TextType": "PRINTED",
      "Geometry": {
        "BoundingBox": {
          "Width": 0.04009491577744484,
          "Height": 0.029101185500621796,
          "Left": 0.4671355187892914,
          "Top": 0.4460374116897583
        },
        "Polygon": [
          {
            "X": 0.4671355187892914,
            "Y": 0.4460374116897583
          },
          {
            "X": 0.5068616271018982,
            "Y": 0.44603750109672546
          },
          {
            "X": 0.5072304010391235,
            "Y": 0.4751386046409607
          },
          {
            "X": 0.4674959182739258,
            "Y": 0.47513699531555176
          }
        ]
      },
      "Id": "fa2c6d7d-2bda-4193-b6d7-7d9db0d7167f",
      "Page": 1
    },
    {
      "BlockType": "WORD",
      "Confidence": 97.51762390136719,
      "Text": "-1",
      "TextType": "PRINTED",
      "Geometry": {
        "BoundingBox": {
          "Width": 0.011318884789943695,
          "Height": 0.013239465653896332,
          "Left": 0.4902539551258087,
          "Top": 0.44573232531547546
        },
        "Polygon": [
          {
            "X": 0.4902539551258087,
            "Y": 0.44573232531547546
          },
          {
            "X": 0.5014055967330933,
            "Y": 0.44573232531547546
          },
          {
            "X": 0.501572847366333,
            "Y": 0.4589717984199524
          },
          {
            "X": 0.4904201328754425,
            "Y": 0.4589715600013733
          }
        ]
      },
      "Id": "7437e3d5-a797-46bf-a999-c5bc38cc8bd3",
      "Page": 1
    },
    {
      "BlockType": "WORD",
      "Confidence": 25.137916564941406,
      "Text": "k-1",
      "TextType": "PRINTED",
      "Geometry": {
        "BoundingBox": {
          "Width": 0.026811234652996063,
          "Height": 0.02824900485575199,
          "Left": 0.5058320164680481,
          "Top": 0.44624942541122437
        },
        "Polygon": [
          {
            "X": 0.5058320164680481,
            "Y": 0.44624942541122437
          },
          {
            "X": 0.5322800874710083,
            "Y": 0.44624948501586914
          },
          {
            "X": 0.5326432585716248,
            "Y": 0.4744984209537506
          },
          {
            "X": 0.50618976354599,
            "Y": 0.47449734807014465
          }
        ]
      },
      "Id": "acb8b587-c918-4780-aa6f-bfda5b41496b",
      "Page": 1
    },
    {
      "BlockType": "WORD",
      "Confidence": 99.95938873291016,
      "Text": "release",
      "TextType": "PRINTED",
      "Geometry": {
        "BoundingBox": {
          "Width": 0.04542699083685875,
          "Height": 0.02079102396965027,
          "Left": 0.6334024667739868,
          "Top": 0.4494248032569885
        },
        "Polygon": [
          {
            "X": 0.6334024667739868,
            "Y": 0.4494248032569885
          },
          {
            "X": 0.6785402297973633,
            "Y": 0.4494251012802124
          },
          {
            "X": 0.6788294911384583,
            "Y": 0.4702158272266388
          },
          {
            "X": 0.6336849331855774,
            "Y": 0.47021427750587463
          }
        ]
      },
      "Id": "a8c6d458-4dc2-4b36-ba90-df15488a5a3d",
      "Page": 1
    },
    {
      "BlockType": "WORD",
      "Confidence": 99.98306274414062,
      "Text": "rate",
      "TextType": "PRINTED",
      "Geometry": {
        "BoundingBox": {
          "Width": 0.025605330243706703,
          "Height": 0.018389299511909485,
          "Left": 0.6829528212547302,
          "Top": 0.4518858790397644
        },
        "Polygon": [
          {
            "X": 0.6829528212547302,
            "Y": 0.4518858790397644
          },
          {
            "X": 0.70829838514328,
            "Y": 0.4518861174583435
          },
          {
            "X": 0.7085581421852112,
            "Y": 0.4702751934528351
          },
          {
            "X": 0.683209240436554,
            "Y": 0.47027429938316345
          }
        ]
      },
      "Id": "79e305ae-bf4a-4849-9fc1-b18ff55c57aa",
      "Page": 1
    },
    {
      "BlockType": "WORD",
      "Confidence": 99.06572723388672,
      "Text": "(w/g)",
      "TextType": "PRINTED",
      "Geometry": {
        "BoundingBox": {
          "Width": 0.0355026014149189,
          "Height": 0.02621275559067726,
          "Left": 0.7123439311981201,
          "Top": 0.44915157556533813
        },
        "Polygon": [
          {
            "X": 0.7123439311981201,
            "Y": 0.44915157556533813
          },
          {
            "X": 0.7474687695503235,
            "Y": 0.44915178418159485
          },
          {
            "X": 0.7478465437889099,
            "Y": 0.4753643274307251
          },
          {
            "X": 0.7127149701118469,
            "Y": 0.4753628671169281
          }
        ]
      },
      "Id": "645def3b-e542-4af8-8518-0119186afc35",
      "Page": 1
    },
    {
      "BlockType": "WORD",
      "Confidence": 99.67571258544922,
      "Text": "EP",
      "TextType": "PRINTED",
      "Geometry": {
        "BoundingBox": {
          "Width": 0.015841268002986908,
          "Height": 0.018729347735643387,
          "Left": 0.25556761026382446,
          "Top": 0.4977794587612152
        },
        "Polygon": [
          {
            "X": 0.25556761026382446,
            "Y": 0.4977794587612152
          },
          {
            "X": 0.27120354771614075,
            "Y": 0.49778056144714355
          },
          {
            "X": 0.27140888571739197,
            "Y": 0.5165088176727295
          },
          {
            "X": 0.25577086210250854,
            "Y": 0.5165072679519653
          }
        ]
      },
      "Id": "62baf899-5f5b-4e1c-aae7-329dbe54829b",
      "Page": 1
    },
    {
      "BlockType": "WORD",
      "Confidence": 99.95758819580078,
      "Text": "230",
      "TextType": "PRINTED",
      "Geometry": {
        "BoundingBox": {
          "Width": 0.024590397253632545,
          "Height": 0.019574671983718872,
          "Left": 0.4103367030620575,
          "Top": 0.49737733602523804
        },
        "Polygon": [
          {
            "X": 0.4103367030620575,
            "Y": 0.49737733602523804
          },
          {
            "X": 0.43468934297561646,
            "Y": 0.4973790645599365
          },
          {
            "X": 0.4349270761013031,
            "Y": 0.5169520378112793
          },
          {
            "X": 0.41057097911834717,
            "Y": 0.5169496536254883
          }
        ]
      },
      "Id": "c278301e-3708-46af-a263-ee6a4a0679f3",
      "Page": 1
    },
    {
      "BlockType": "WORD",
      "Confidence": 98.11361694335938,
      "Text": "235.6",
      "TextType": "PRINTED",
      "Geometry": {
        "BoundingBox": {
          "Width": 0.03607968986034393,
          "Height": 0.020256130024790764,
          "Left": 0.6332532167434692,
          "Top": 0.49712714552879333
        },
        "Polygon": [
          {
            "X": 0.6332532167434692,
            "Y": 0.49712714552879333
          },
          {
            "X": 0.6690526008605957,
            "Y": 0.4971296787261963
          },
          {
            "X": 0.6693329215049744,
            "Y": 0.5173832774162292
          },
          {
            "X": 0.6335282325744629,
            "Y": 0.5173797607421875
          }
        ]
      },
      "Id": "68b7658c-a8f7-48cc-9a3b-054adb5da478",
      "Page": 1
    },
    {
      "BlockType": "WORD",
      "Confidence": 97.97235870361328,
      "Text": "EP/GO1",
      "TextType": "PRINTED",
      "Geometry": {
        "BoundingBox": {
          "Width": 0.04662136361002922,
          "Height": 0.024771559983491898,
          "Left": 0.25568005442619324,
          "Top": 0.5289446115493774
        },
        "Polygon": [
          {
            "X": 0.25568005442619324,
            "Y": 0.5289446115493774
          },
          {
            "X": 0.30202439427375793,
            "Y": 0.5289499163627625
          },
          {
            "X": 0.30230140686035156,
            "Y": 0.5537161827087402
          },
          {
            "X": 0.2559487521648407,
            "Y": 0.5537093877792358
          }
        ]
      },
      "Id": "66eafa9f-f186-4db6-8c32-473ca7faf655",
      "Page": 1
    },
    {
      "BlockType": "WORD",
      "Confidence": 99.861572265625,
      "Text": "191",
      "TextType": "PRINTED",
      "Geometry": {
        "BoundingBox": {
          "Width": 0.021481791511178017,
          "Height": 0.01927601918578148,
          "Left": 0.41182976961135864,
          "Top": 0.5299545526504517
        },
        "Polygon": [
          {
            "X": 0.41182976961135864,
            "Y": 0.5299545526504517
          },
          {
            "X": 0.43307775259017944,
            "Y": 0.5299569964408875
          },
          {
            "X": 0.4333115816116333,
            "Y": 0.5492305755615234
          },
          {
            "X": 0.41206061840057373,
            "Y": 0.5492275953292847
          }
        ]
      },
      "Id": "8cd90b5f-5446-4edb-a3d3-1105b420347c",
      "Page": 1
    },
    {
      "BlockType": "WORD",
      "Confidence": 97.69683837890625,
      "Text": "193.5",
      "TextType": "PRINTED",
      "Geometry": {
        "BoundingBox": {
          "Width": 0.034424133598804474,
          "Height": 0.01980399340391159,
          "Left": 0.6344563961029053,
          "Top": 0.5295630693435669
        },
        "Polygon": [
          {
            "X": 0.6344563961029053,
            "Y": 0.5295630693435669
          },
          {
            "X": 0.6686066389083862,
            "Y": 0.5295669436454773
          },
          {
            "X": 0.6688805222511292,
            "Y": 0.5493670701980591
          },
          {
            "X": 0.6347253918647766,
            "Y": 0.5493622422218323
          }
        ]
      },
      "Id": "a9e82cbb-0e7c-422f-84a0-94e1272e4344",
      "Page": 1
    },
    {
      "BlockType": "WORD",
      "Confidence": 99.44686126708984,
      "Text": "EP/GFR1",
      "TextType": "PRINTED",
      "Geometry": {
        "BoundingBox": {
          "Width": 0.05249183624982834,
          "Height": 0.025253601372241974,
          "Left": 0.25509992241859436,
          "Top": 0.5613040924072266
        },
        "Polygon": [
          {
            "X": 0.25509992241859436,
            "Y": 0.5613040924072266
          },
          {
            "X": 0.30730846524238586,
            "Y": 0.5613123178482056
          },
          {
            "X": 0.3075917363166809,
            "Y": 0.5865576863288879
          },
          {
            "X": 0.25537362694740295,
            "Y": 0.5865477323532104
          }
        ]
      },
      "Id": "f28fe266-d9f1-40b4-8fce-89dffac42a44",
      "Page": 1
    },
    {
      "BlockType": "WORD",
      "Confidence": 99.9423599243164,
      "Text": "131",
      "TextType": "PRINTED",
      "Geometry": {
        "BoundingBox": {
          "Width": 0.02170218713581562,
          "Height": 0.019659768790006638,
          "Left": 0.4116966724395752,
          "Top": 0.5618848204612732
        },
        "Polygon": [
          {
            "X": 0.4116966724395752,
            "Y": 0.5618848204612732
          },
          {
            "X": 0.4331604242324829,
            "Y": 0.5618881583213806
          },
          {
            "X": 0.4333988428115845,
            "Y": 0.5815445780754089
          },
          {
            "X": 0.4119320213794708,
            "Y": 0.581540584564209
          }
        ]
      },
      "Id": "3890df5e-0dcc-4303-830d-db3c005691d3",
      "Page": 1
    },
    {
      "BlockType": "WORD",
      "Confidence": 98.58963775634766,
      "Text": "131.3",
      "TextType": "PRINTED",
      "Geometry": {
        "BoundingBox": {
          "Width": 0.034516286104917526,
          "Height": 0.020310092717409134,
          "Left": 0.6342307329177856,
          "Top": 0.5613605976104736
        },
        "Polygon": [
          {
            "X": 0.6342307329177856,
            "Y": 0.5613605976104736
          },
          {
            "X": 0.6684662103652954,
            "Y": 0.5613659620285034
          },
          {
            "X": 0.6687470078468323,
            "Y": 0.5816707015037537
          },
          {
            "X": 0.6345064640045166,
            "Y": 0.5816643834114075
          }
        ]
      },
      "Id": "c3ed2908-f33c-4a34-8670-32baba1b932d",
      "Page": 1
    },
    {
      "BlockType": "TABLE",
      "Confidence": 99.853515625,
      "Geometry": {
        "BoundingBox": {
          "Width": 0.5444809794425964,
          "Height": 0.19297564029693604,
          "Left": 0.22801564633846283,
          "Top": 0.4038439393043518
        },
        "Polygon": [
          {
            "X": 0.22801564633846283,
            "Y": 0.4038738012313843
          },
          {
            "X": 0.769683837890625,
            "Y": 0.4038439393043518
          },
          {
            "X": 0.7724966406822205,
            "Y": 0.5968195796012878
          },
          {
            "X": 0.2300712913274765,
            "Y": 0.5967084169387817
          }
        ]
      },
      "Id": "dd8fc4f6-0387-4d95-8192-92df42a35d42",
      "Relationships": [
        {
          "Type": "CHILD",
          "Ids": [
            "19675fb5-8f82-4564-8adb-6f1d46acc16d",
            "bb18e237-5ef8-4a83-af3b-9ad8dc65c43f",
            "b11b7b22-8802-4ae3-a8d9-30303886db9e",
            "b66faccb-b2db-4693-a8ff-85f7dfc11cdf",
            "9fda8add-265c-40d9-92ad-0e0c7965c244",
            "37f5bde1-4532-477e-b95b-0c0d5161d7d9",
            "508e4522-57dc-41f2-a0e9-5097a6b49f64",
            "e01f4560-f75f-4ed7-a1cb-1f5e94cfaeec",
            "b2bc1530-9141-469e-916a-da1ded5aab54",
            "a079f76f-733b-428c-9c69-5eb56670954d",
            "e3a06417-a5e1-4172-bb7a-f127e8dc5406",
            "2c6574ef-18cb-4006-a1be-20386f6b1fc4"
          ]
        }
      ],
      "EntityTypes": [
        "STRUCTURED_TABLE"
      ],
      "Page": 1
    },
    {
      "BlockType": "CELL",
      "Confidence": 89.013671875,
      "RowIndex": 1,
      "ColumnIndex": 1,
      "RowSpan": 1,
      "ColumnSpan": 1,
      "Geometry": {
        "BoundingBox": {
          "Width": 0.13273046910762787,
          "Height": 0.08025725930929184,
          "Left": 0.22801564633846283,
          "Top": 0.4038665294647217
        },
        "Polygon": [
          {
            "X": 0.22801564633846283,
            "Y": 0.4038738012313843
          },
          {
            "X": 0.3598140776157379,
            "Y": 0.4038665294647217
          },
          {
            "X": 0.3607461154460907,
            "Y": 0.4841237962245941
          },
          {
            "X": 0.22887104749679565,
            "Y": 0.484116792678833
          }
        ]
      },
      "Id": "19675fb5-8f82-4564-8adb-6f1d46acc16d",
      "Relationships": [
        {
          "Type": "CHILD",
          "Ids": [
            "9e5dd4c3-fdc7-4846-8514-516a16f47d65"
          ]
        }
      ],
      "EntityTypes": [
        "COLUMN_HEADER"
      ],
      "Page": 1
    },
    {
      "BlockType": "CELL",
      "Confidence": 93.701171875,
      "RowIndex": 1,
      "ColumnIndex": 2,
      "RowSpan": 1,
      "ColumnSpan": 1,
      "Geometry": {
        "BoundingBox": {
          "Width": 0.22414030134677887,
          "Height": 0.08028140664100647,
          "Left": 0.3598140776157379,
          "Top": 0.40385422110557556
        },
        "Polygon": [
          {
            "X": 0.3598140776157379,
            "Y": 0.4038665294647217
          },
          {
            "X": 0.5828925967216492,
            "Y": 0.40385422110557556
          },
          {
            "X": 0.583954393863678,
            "Y": 0.48413562774658203
          },
          {
            "X": 0.3607461154460907,
            "Y": 0.4841237962245941
          }
        ]
      },
      "Id": "bb18e237-5ef8-4a83-af3b-9ad8dc65c43f",
      "Relationships": [
        {
          "Type": "CHILD",
          "Ids": [
            "bf208505-83fe-4d53-b1a8-1f39e1e7b865",
            "f0faa35c-043c-4de2-a600-9f3d8a397a56",
            "57582e82-8c0d-4458-925b-83370f9b5cd7",
            "fa2c6d7d-2bda-4193-b6d7-7d9db0d7167f",
            "7437e3d5-a797-46bf-a999-c5bc38cc8bd3",
            "acb8b587-c918-4780-aa6f-bfda5b41496b"
          ]
        }
      ],
      "EntityTypes": [
        "COLUMN_HEADER"
      ],
      "Page": 1
    },
    {
      "BlockType": "CELL",
      "Confidence": 93.26171875,
      "RowIndex": 1,
      "ColumnIndex": 3,
      "RowSpan": 1,
      "ColumnSpan": 1,
      "Geometry": {
        "BoundingBox": {
          "Width": 0.1879616677761078,
          "Height": 0.08030162006616592,
          "Left": 0.5828925967216492,
          "Top": 0.4038439393043518
        },
        "Polygon": [
          {
            "X": 0.5828925967216492,
            "Y": 0.40385422110557556
          },
          {
            "X": 0.769683837890625,
            "Y": 0.4038439393043518
          },
          {
            "X": 0.7708542943000793,
            "Y": 0.48414555191993713
          },
          {
            "X": 0.583954393863678,
            "Y": 0.48413562774658203
          }
        ]
      },
      "Id": "b11b7b22-8802-4ae3-a8d9-30303886db9e",
      "Relationships": [
        {
          "Type": "CHILD",
          "Ids": [
            "621388de-5d00-4b8e-bb03-d776b63c4ce5",
            "199c82d5-cb78-4ba7-9d14-06b2eea96d4c",
            "7705ad51-ace8-4c2c-8d23-0fe6fe911775",
            "8a68bc97-4830-4f10-be7a-d90d39d0ec0f",
            "a8c6d458-4dc2-4b36-ba90-df15488a5a3d",
            "79e305ae-bf4a-4849-9fc1-b18ff55c57aa",
            "645def3b-e542-4af8-8518-0119186afc35"
          ]
        }
      ],
      "EntityTypes": [
        "COLUMN_HEADER"
      ],
      "Page": 1
    },
    {
      "BlockType": "CELL",
      "Confidence": 82.958984375,
      "RowIndex": 2,
      "ColumnIndex": 1,
      "RowSpan": 1,
      "ColumnSpan": 1,
      "Geometry": {
        "BoundingBox": {
          "Width": 0.1323273628950119,
          "Height": 0.03895467519760132,
          "Left": 0.22887104749679565,
          "Top": 0.484116792678833
        },
        "Polygon": [
          {
            "X": 0.22887104749679565,
            "Y": 0.484116792678833
          },
          {
            "X": 0.3607461154460907,
            "Y": 0.4841237962245941
          },
          {
            "X": 0.36119842529296875,
            "Y": 0.5230714678764343
          },
          {
            "X": 0.22928616404533386,
            "Y": 0.5230575203895569
          }
        ]
      },
      "Id": "b66faccb-b2db-4693-a8ff-85f7dfc11cdf",
      "Relationships": [
        {
          "Type": "CHILD",
          "Ids": [
            "62baf899-5f5b-4e1c-aae7-329dbe54829b"
          ]
        }
      ],
      "Page": 1
    },
    {
      "BlockType": "CELL",
      "Confidence": 87.3046875,
      "RowIndex": 2,
      "ColumnIndex": 2,
      "RowSpan": 1,
      "ColumnSpan": 1,
      "Geometry": {
        "BoundingBox": {
          "Width": 0.22372353076934814,
          "Height": 0.038971252739429474,
          "Left": 0.3607461154460907,
          "Top": 0.4841237962245941
        },
        "Polygon": [
          {
            "X": 0.3607461154460907,
            "Y": 0.4841237962245941
          },
          {
            "X": 0.583954393863678,
            "Y": 0.48413562774658203
          },
          {
            "X": 0.5844696760177612,
            "Y": 0.5230950117111206
          },
          {
            "X": 0.36119842529296875,
            "Y": 0.5230714678764343
          }
        ]
      },
      "Id": "9fda8add-265c-40d9-92ad-0e0c7965c244",
      "Relationships": [
        {
          "Type": "CHILD",
          "Ids": [
            "c278301e-3708-46af-a263-ee6a4a0679f3"
          ]
        }
      ],
      "Page": 1
    },
    {
      "BlockType": "CELL",
      "Confidence": 86.9140625,
      "RowIndex": 2,
      "ColumnIndex": 3,
      "RowSpan": 1,
      "ColumnSpan": 1,
      "Geometry": {
        "BoundingBox": {
          "Width": 0.18746791779994965,
          "Height": 0.038979146629571915,
          "Left": 0.583954393863678,
          "Top": 0.48413562774658203
        },
        "Polygon": [
          {
            "X": 0.583954393863678,
            "Y": 0.48413562774658203
          },
          {
            "X": 0.7708542943000793,
            "Y": 0.48414555191993713
          },
          {
            "X": 0.7714223265647888,
            "Y": 0.523114800453186
          },
          {
            "X": 0.5844696760177612,
            "Y": 0.5230950117111206
          }
        ]
      },
      "Id": "37f5bde1-4532-477e-b95b-0c0d5161d7d9",
      "Relationships": [
        {
          "Type": "CHILD",
          "Ids": [
            "68b7658c-a8f7-48cc-9a3b-054adb5da478"
          ]
        }
      ],
      "Page": 1
    },
    {
      "BlockType": "CELL",
      "Confidence": 76.953125,
      "RowIndex": 3,
      "ColumnIndex": 1,
      "RowSpan": 1,
      "ColumnSpan": 1,
      "Geometry": {
        "BoundingBox": {
          "Width": 0.13230237364768982,
          "Height": 0.033607110381126404,
          "Left": 0.22928616404533386,
          "Top": 0.5230575203895569
        },
        "Polygon": [
          {
            "X": 0.22928616404533386,
            "Y": 0.5230575203895569
          },
          {
            "X": 0.36119842529296875,
            "Y": 0.5230714678764343
          },
          {
            "X": 0.3615885376930237,
            "Y": 0.5566646456718445
          },
          {
            "X": 0.22964420914649963,
            "Y": 0.5566447377204895
          }
        ]
      },
      "Id": "508e4522-57dc-41f2-a0e9-5097a6b49f64",
      "Relationships": [
        {
          "Type": "CHILD",
          "Ids": [
            "66eafa9f-f186-4db6-8c32-473ca7faf655"
          ]
        }
      ],
      "Page": 1
    },
    {
      "BlockType": "CELL",
      "Confidence": 81.005859375,
      "RowIndex": 3,
      "ColumnIndex": 2,
      "RowSpan": 1,
      "ColumnSpan": 1,
      "Geometry": {
        "BoundingBox": {
          "Width": 0.2237156629562378,
          "Height": 0.03362688049674034,
          "Left": 0.36119842529296875,
          "Top": 0.5230714678764343
        },
        "Polygon": [
          {
            "X": 0.36119842529296875,
            "Y": 0.5230714678764343
          },
          {
            "X": 0.5844696760177612,
            "Y": 0.5230950117111206
          },
          {
            "X": 0.5849140882492065,
            "Y": 0.5566983222961426
          },
          {
            "X": 0.3615885376930237,
            "Y": 0.5566646456718445
          }
        ]
      },
      "Id": "e01f4560-f75f-4ed7-a1cb-1f5e94cfaeec",
      "Relationships": [
        {
          "Type": "CHILD",
          "Ids": [
            "8cd90b5f-5446-4edb-a3d3-1105b420347c"
          ]
        }
      ],
      "Page": 1
    },
    {
      "BlockType": "CELL",
      "Confidence": 80.615234375,
      "RowIndex": 3,
      "ColumnIndex": 3,
      "RowSpan": 1,
      "ColumnSpan": 1,
      "Geometry": {
        "BoundingBox": {
          "Width": 0.1874425709247589,
          "Height": 0.033631518483161926,
          "Left": 0.5844696760177612,
          "Top": 0.5230950117111206
        },
        "Polygon": [
          {
            "X": 0.5844696760177612,
            "Y": 0.5230950117111206
          },
          {
            "X": 0.7714223265647888,
            "Y": 0.523114800453186
          },
          {
            "X": 0.7719122171401978,
            "Y": 0.5567265748977661
          },
          {
            "X": 0.5849140882492065,
            "Y": 0.5566983222961426
          }
        ]
      },
      "Id": "b2bc1530-9141-469e-916a-da1ded5aab54",
      "Relationships": [
        {
          "Type": "CHILD",
          "Ids": [
            "a9e82cbb-0e7c-422f-84a0-94e1272e4344"
          ]
        }
      ],
      "Page": 1
    },
    {
      "BlockType": "CELL",
      "Confidence": 86.71875,
      "RowIndex": 4,
      "ColumnIndex": 1,
      "RowSpan": 1,
      "ColumnSpan": 1,
      "Geometry": {
        "BoundingBox": {
          "Width": 0.13240966200828552,
          "Height": 0.04009075090289116,
          "Left": 0.22964420914649963,
          "Top": 0.5566447377204895
        },
        "Polygon": [
          {
            "X": 0.22964420914649963,
            "Y": 0.5566447377204895
          },
          {
            "X": 0.3615885376930237,
            "Y": 0.5566646456718445
          },
          {
            "X": 0.36205387115478516,
            "Y": 0.5967354774475098
          },
          {
            "X": 0.2300712913274765,
            "Y": 0.5967084169387817
          }
        ]
      },
      "Id": "a079f76f-733b-428c-9c69-5eb56670954d",
      "Relationships": [
        {
          "Type": "CHILD",
          "Ids": [
            "f28fe266-d9f1-40b4-8fce-89dffac42a44"
          ]
        }
      ],
      "Page": 1
    },
    {
      "BlockType": "CELL",
      "Confidence": 91.259765625,
      "RowIndex": 4,
      "ColumnIndex": 2,
      "RowSpan": 1,
      "ColumnSpan": 1,
      "Geometry": {
        "BoundingBox": {
          "Width": 0.22385567426681519,
          "Height": 0.04011661931872368,
          "Left": 0.3615885376930237,
          "Top": 0.5566646456718445
        },
        "Polygon": [
          {
            "X": 0.3615885376930237,
            "Y": 0.5566646456718445
          },
          {
            "X": 0.5849140882492065,
            "Y": 0.5566983222961426
          },
          {
            "X": 0.5854442119598389,
            "Y": 0.5967812538146973
          },
          {
            "X": 0.36205387115478516,
            "Y": 0.5967354774475098
          }
        ]
      },
      "Id": "e3a06417-a5e1-4172-bb7a-f127e8dc5406",
      "Relationships": [
        {
          "Type": "CHILD",
          "Ids": [
            "3890df5e-0dcc-4303-830d-db3c005691d3"
          ]
        }
      ],
      "Page": 1
    },
    {
      "BlockType": "CELL",
      "Confidence": 90.8203125,
      "RowIndex": 4,
      "ColumnIndex": 3,
      "RowSpan": 1,
      "ColumnSpan": 1,
      "Geometry": {
        "BoundingBox": {
          "Width": 0.18758253753185272,
          "Height": 0.04012124985456467,
          "Left": 0.5849140882492065,
          "Top": 0.5566983222961426
        },
        "Polygon": [
          {
            "X": 0.5849140882492065,
            "Y": 0.5566983222961426
          },
          {
            "X": 0.7719122171401978,
            "Y": 0.5567265748977661
          },
          {
            "X": 0.7724966406822205,
            "Y": 0.5968195796012878
          },
          {
            "X": 0.5854442119598389,
            "Y": 0.5967812538146973
          }
        ]
      },
      "Id": "2c6574ef-18cb-4006-a1be-20386f6b1fc4",
      "Relationships": [
        {
          "Type": "CHILD",
          "Ids": [
            "c3ed2908-f33c-4a34-8670-32baba1b932d"
          ]
        }
      ],
      "Page": 1
    }
  ],
  "AnalyzeDocumentModelVersion": "1.0"
}