{
  "DocumentMetadata": {
    "Pages": 1
  },
  "JobStatus": "SUCCEEDED",
  "Blocks": [
    {
      "BlockType": "PAGE",
      "Geometry": {
        "BoundingBox": {
          "Width": 1,
          "Height": 1,
          "Left": 0,
          "Top": 0
        },
        "Polygon": [
          {
            "X": 0,
            "Y": 0
          },
          {
            "X": 1,
            "Y": 6.571110588993179e-8
          },
          {
            "X": 1,
            "Y": 1
          },
          {
            "X": 0.00008625869668321684,
            "Y": 1
          }
        ]
      },
      "Id": "f0199fc1-ad80-4ac4-83fd-f350a71f9b13",
      "Relationships": [
        {
          "Type": "CHILD",
          "Ids": [
            "7ada3793-56f6-401d-bb1e-b43bd5f80bd8",
            "96afcb0c-f02f-484b-8725-0fcb5ff8a3c4",
            "78b40762-a2b5-49ed-bbf1-33831de57ab0",
            "47df61cd-9353-4746-8925-03be2ab7e760",
            "06f3d0a0-9fde-48d1-a7ec-d831fcfe17f4",
            "302fba5a-51ab-40e6-8f35-505767a5bd25",
            "cc8c2aff-4e04-4f0c-9362-f2f3919591a4",
            "89b1323e-5bf6-40b6-a9e8-303170017ba9",
            "1b86f26f-52ab-45be-b393-cc0a530351e1",
            "641bad69-5c13-47b5-8ec7-550b753f2399",
            "c18939b1-56db-43f0-866c-0ca8d5dd6679",
            "58e0086b-1aec-410f-8836-2021c18f1ee5",
            "f920fc8d-a9e8-4dab-ad6a-d9518791bf3c",
            "8e703124-2663-4a83-8d77-afd39e62ad2e",
            "24ad7960-64de-4b11-b8a5-f436f0f256f2",
            "9ce9c4b8-d7c2-42c3-b13c-9bc333d5af35",
            "b6e9529a-8be3-44a9-b17d-538175f28193",
            "4308edb7-ab34-40c2-a498-d1c3b688ffce",
            "32485360-f80c-4d0e-bab3-2d5c94de6862",
            "0fc3e34a-4ccb-4034-acaa-6f0075861189",
            "4109aef9-ff3f-4b22-aa46-0f0ea6f4d0ea"
          ]
        }
      ],
      "Page": 1
    },
    {
      "BlockType": "LINE",
      "Confidence": 99.78926849365234,
      "Text": "Thermosets",
      "Geometry": {
        "BoundingBox": {
          "Width": 0.07495030760765076,
          "Height": 0.0206769909709692,
          "Left": 0.2480233609676361,
          "Top": 0.4323037564754486
        },
        "Polygon": [
          {
            "X": 0.2480233609676361,
            "Y": 0.4323830306529999
          },
          {
            "X": 0.32251161336898804,
            "Y": 0.4323037564754486
          },
          {
            "X": 0.32297366857528687,
            "Y": 0.45289739966392517
          },
          {
            "X": 0.24848255515098572,
            "Y": 0.45298072695732117
          }
        ]
      },
      "Id": "7ada3793-56f6-401d-bb1e-b43bd5f80bd8",
      "Relationships": [
        {
          "Type": "CHILD",
          "Ids": [
            "71d213b7-fcfb-48be-955f-9ec545b85ffd"
          ]
        }
      ],
      "Page": 1
    },
    {
      "BlockType": "LINE",
      "Confidence": 98.46794128417969,
      "Text": "w%C",
      "Geometry": {
        "BoundingBox": {
          "Width": 0.026613689959049225,
          "Height": 0.02421576716005802,
          "Left": 0.41412732005119324,
          "Top": 0.43299686908721924
        },
        "Polygon": [
          {
            "X": 0.41412732005119324,
            "Y": 0.43302467465400696
          },
          {
            "X": 0.44019290804862976,
            "Y": 0.43299686908721924
          },
          {
            "X": 0.44074100255966187,
            "Y": 0.45718318223953247
          },
          {
            "X": 0.4146742522716522,
            "Y": 0.4572126269340515
          }
        ]
      },
      "Id": "96afcb0c-f02f-484b-8725-0fcb5ff8a3c4",
      "Relationships": [
        {
          "Type": "CHILD",
          "Ids": [
            "fcd369d7-ca85-471f-a089-04acc1ead5ab"
          ]
        }
      ],
      "Page": 1
    },
    {
      "BlockType": "LINE",
      "Confidence": 71.68462371826172,
      "Text": "w%O",
      "Geometry": {
        "BoundingBox": {
          "Width": 0.02725033648312092,
          "Height": 0.024283768609166145,
          "Left": 0.5175304412841797,
          "Top": 0.4329482614994049
        },
        "Polygon": [
          {
            "X": 0.5175304412841797,
            "Y": 0.43297675251960754
          },
          {
            "X": 0.5442262887954712,
            "Y": 0.4329482614994049
          },
          {
            "X": 0.5447807908058167,
            "Y": 0.45720186829566956
          },
          {
            "X": 0.5180837512016296,
            "Y": 0.4572320282459259
          }
        ]
      },
      "Id": "78b40762-a2b5-49ed-bbf1-33831de57ab0",
      "Relationships": [
        {
          "Type": "CHILD",
          "Ids": [
            "e9004f57-30ad-4657-bcc4-2040fb5dbcf6"
          ]
        }
      ],
      "Page": 1
    },
    {
      "BlockType": "LINE",
      "Confidence": 96.85910034179688,
      "Text": "w%P",
      "Geometry": {
        "BoundingBox": {
          "Width": 0.026583591476082802,
          "Height": 0.023937759920954704,
          "Left": 0.6206085681915283,
          "Top": 0.4332977533340454
        },
        "Polygon": [
          {
            "X": 0.6206085681915283,
            "Y": 0.43332555890083313
          },
          {
            "X": 0.6466408967971802,
            "Y": 0.4332977533340454
          },
          {
            "X": 0.6471921801567078,
            "Y": 0.4572060704231262
          },
          {
            "X": 0.6211587190628052,
            "Y": 0.45723551511764526
          }
        ]
      },
      "Id": "47df61cd-9353-4746-8925-03be2ab7e760",
      "Relationships": [
        {
          "Type": "CHILD",
          "Ids": [
            "1e98b447-c7e3-44ed-a826-00f7fcf8ef15"
          ]
        }
      ],
      "Page": 1
    },
    {
      "BlockType": "LINE",
      "Confidence": 89.41087341308594,
      "Text": "W",
      "Geometry": {
        "BoundingBox": {
          "Width": 0.00919387023895979,
          "Height": 0.011521311476826668,
          "Left": 0.7226531505584717,
          "Top": 0.44585394859313965
        },
        "Polygon": [
          {
            "X": 0.7226531505584717,
            "Y": 0.4458637833595276
          },
          {
            "X": 0.7315797805786133,
            "Y": 0.44585394859313965
          },
          {
            "X": 0.7318470478057861,
            "Y": 0.45736515522003174
          },
          {
            "X": 0.722920298576355,
            "Y": 0.45737525820732117
          }
        ]
      },
      "Id": "06f3d0a0-9fde-48d1-a7ec-d831fcfe17f4",
      "Relationships": [
        {
          "Type": "CHILD",
          "Ids": [
            "824da08c-56d6-4677-baed-e2af29c9bb13"
          ]
        }
      ],
      "Page": 1
    },
    {
      "BlockType": "LINE",
      "Confidence": 57.44498825073242,
      "Text": "%%S",
      "Geometry": {
        "BoundingBox": {
          "Width": 0.022621402516961098,
          "Height": 0.022276833653450012,
          "Left": 0.7245720624923706,
          "Top": 0.4330422878265381
        },
        "Polygon": [
          {
            "X": 0.7245720624923706,
            "Y": 0.43306589126586914
          },
          {
            "X": 0.7466760873794556,
            "Y": 0.4330422878265381
          },
          {
            "X": 0.747193455696106,
            "Y": 0.45529425144195557
          },
          {
            "X": 0.7250884771347046,
            "Y": 0.4553191363811493
          }
        ]
      },
      "Id": "302fba5a-51ab-40e6-8f35-505767a5bd25",
      "Relationships": [
        {
          "Type": "CHILD",
          "Ids": [
            "f693d57c-02c8-4127-84e9-2c54d050c14f"
          ]
        }
      ],
      "Page": 1
    },
    {
      "BlockType": "LINE",
      "Confidence": 98.34654235839844,
      "Text": "DGEBA-IPDA",
      "Geometry": {
        "BoundingBox": {
          "Width": 0.08144912123680115,
          "Height": 0.020693842321634293,
          "Left": 0.2488826960325241,
          "Top": 0.4837324023246765
        },
        "Polygon": [
          {
            "X": 0.2488826960325241,
            "Y": 0.483829528093338
          },
          {
            "X": 0.3298695385456085,
            "Y": 0.4837324023246765
          },
          {
            "X": 0.33033180236816406,
            "Y": 0.5043246746063232
          },
          {
            "X": 0.24934186041355133,
            "Y": 0.5044262409210205
          }
        ]
      },
      "Id": "cc8c2aff-4e04-4f0c-9362-f2f3919591a4",
      "Relationships": [
        {
          "Type": "CHILD",
          "Ids": [
            "55a37d79-ae76-4962-95e1-b132c91a0ff9"
          ]
        }
      ],
      "Page": 1
    },
    {
      "BlockType": "LINE",
      "Confidence": 70.95668029785156,
      "Text": "79.8",
      "Geometry": {
        "BoundingBox": {
          "Width": 0.026711514219641685,
          "Height": 0.02012045308947563,
          "Left": 0.4145718812942505,
          "Top": 0.4842577278614044
        },
        "Polygon": [
          {
            "X": 0.4145718812942505,
            "Y": 0.4842892587184906
          },
          {
            "X": 0.44082820415496826,
            "Y": 0.4842577278614044
          },
          {
            "X": 0.4412834048271179,
            "Y": 0.5043452382087708
          },
          {
            "X": 0.41502612829208374,
            "Y": 0.5043781399726868
          }
        ]
      },
      "Id": "89b1323e-5bf6-40b6-a9e8-303170017ba9",
      "Relationships": [
        {
          "Type": "CHILD",
          "Ids": [
            "dc932b79-a716-4e10-b714-365800ce2c6c"
          ]
        }
      ],
      "Page": 1
    },
    {
      "BlockType": "LINE",
      "Confidence": 99.31791687011719,
      "Text": "20.2",
      "Geometry": {
        "BoundingBox": {
          "Width": 0.02704313024878502,
          "Height": 0.020402129739522934,
          "Left": 0.5175380110740662,
          "Top": 0.4840548038482666
        },
        "Polygon": [
          {
            "X": 0.5175380110740662,
            "Y": 0.4840867519378662
          },
          {
            "X": 0.5441155433654785,
            "Y": 0.4840548038482666
          },
          {
            "X": 0.5445811748504639,
            "Y": 0.5044236183166504
          },
          {
            "X": 0.5180026292800903,
            "Y": 0.5044569373130798
          }
        ]
      },
      "Id": "1b86f26f-52ab-45be-b393-cc0a530351e1",
      "Relationships": [
        {
          "Type": "CHILD",
          "Ids": [
            "b046dcd0-350f-47f6-84f7-08c6c00ccc4f"
          ]
        }
      ],
      "Page": 1
    },
    {
      "BlockType": "LINE",
      "Confidence": 93.89627075195312,
      "Text": "X",
      "Geometry": {
        "BoundingBox": {
          "Width": 0.009972571395337582,
          "Height": 0.01975426822900772,
          "Left": 0.6210187673568726,
          "Top": 0.4844997823238373
        },
        "Polygon": [
          {
            "X": 0.6210187673568726,
            "Y": 0.48451122641563416
          },
          {
            "X": 0.6305367946624756,
            "Y": 0.4844997823238373
          },
          {
            "X": 0.6309913396835327,
            "Y": 0.5042421221733093
          },
          {
            "X": 0.6214730143547058,
            "Y": 0.5042540431022644
          }
        ]
      },
      "Id": "641bad69-5c13-47b5-8ec7-550b753f2399",
      "Relationships": [
        {
          "Type": "CHILD",
          "Ids": [
            "743c9936-fb1d-4095-8dad-9036c6e6596d"
          ]
        }
      ],
      "Page": 1
    },
    {
      "BlockType": "LINE",
      "Confidence": 98.39797973632812,
      "Text": "3%P-P3SP",
      "Geometry": {
        "BoundingBox": {
          "Width": 0.06591079384088516,
          "Height": 0.021425731480121613,
          "Left": 0.24877673387527466,
          "Top": 0.5152539014816284
        },
        "Polygon": [
          {
            "X": 0.24877673387527466,
            "Y": 0.5153378248214722
          },
          {
            "X": 0.3142091929912567,
            "Y": 0.5152539014816284
          },
          {
            "X": 0.3146875202655792,
            "Y": 0.5365920662879944
          },
          {
            "X": 0.24925248324871063,
            "Y": 0.5366796255111694
          }
        ]
      },
      "Id": "c18939b1-56db-43f0-866c-0ca8d5dd6679",
      "Relationships": [
        {
          "Type": "CHILD",
          "Ids": [
            "6757eddf-5efd-4f70-8bf8-4b2ca1f17d1d"
          ]
        }
      ],
      "Page": 1
    },
    {
      "BlockType": "LINE",
      "Confidence": 96.49278259277344,
      "Text": "69.1",
      "Geometry": {
        "BoundingBox": {
          "Width": 0.025064833462238312,
          "Height": 0.020103996619582176,
          "Left": 0.41443344950675964,
          "Top": 0.5163975954055786
        },
        "Polygon": [
          {
            "X": 0.41443344950675964,
            "Y": 0.5164291858673096
          },
          {
            "X": 0.4390435218811035,
            "Y": 0.5163975954055786
          },
          {
            "X": 0.43949827551841736,
            "Y": 0.5364686250686646
          },
          {
            "X": 0.4148872494697571,
            "Y": 0.5365015864372253
          }
        ]
      },
      "Id": "58e0086b-1aec-410f-8836-2021c18f1ee5",
      "Relationships": [
        {
          "Type": "CHILD",
          "Ids": [
            "ec33bf62-2c5c-4f66-9937-695b5f8ab18a"
          ]
        }
      ],
      "Page": 1
    },
    {
      "BlockType": "LINE",
      "Confidence": 99.263671875,
      "Text": "22.1",
      "Geometry": {
        "BoundingBox": {
          "Width": 0.025677604600787163,
          "Height": 0.020932355895638466,
          "Left": 0.5174961090087891,
          "Top": 0.5157120823860168
        },
        "Polygon": [
          {
            "X": 0.5174961090087891,
            "Y": 0.5157444477081299
          },
          {
            "X": 0.5426960587501526,
            "Y": 0.5157120823860168
          },
          {
            "X": 0.5431737303733826,
            "Y": 0.5366106629371643
          },
          {
            "X": 0.5179727673530579,
            "Y": 0.536644458770752
          }
        ]
      },
      "Id": "f920fc8d-a9e8-4dab-ad6a-d9518791bf3c",
      "Relationships": [
        {
          "Type": "CHILD",
          "Ids": [
            "835d791d-d699-4ee6-be9a-9aca0ac86eb6"
          ]
        }
      ],
      "Page": 1
    },
    {
      "BlockType": "LINE",
      "Confidence": 99.69281768798828,
      "Text": "8.2",
      "Geometry": {
        "BoundingBox": {
          "Width": 0.01884615048766136,
          "Height": 0.019977876916527748,
          "Left": 0.6212648749351501,
          "Top": 0.5162026286125183
        },
        "Polygon": [
          {
            "X": 0.6212648749351501,
            "Y": 0.5162262916564941
          },
          {
            "X": 0.6396512389183044,
            "Y": 0.5162026286125183
          },
          {
            "X": 0.6401110291481018,
            "Y": 0.5361558794975281
          },
          {
            "X": 0.6217238903045654,
            "Y": 0.5361804962158203
          }
        ]
      },
      "Id": "8e703124-2663-4a83-8d77-afd39e62ad2e",
      "Relationships": [
        {
          "Type": "CHILD",
          "Ids": [
            "5f69c648-754a-43c6-a206-be4be4dc14f2"
          ]
        }
      ],
      "Page": 1
    },
    {
      "BlockType": "LINE",
      "Confidence": 93.91990661621094,
      "Text": "0.65",
      "Geometry": {
        "BoundingBox": {
          "Width": 0.026893585920333862,
          "Height": 0.020464442670345306,
          "Left": 0.7227513194084167,
          "Top": 0.5159991383552551
        },
        "Polygon": [
          {
            "X": 0.7227513194084167,
            "Y": 0.5160331130027771
          },
          {
            "X": 0.7491698861122131,
            "Y": 0.5159991383552551
          },
          {
            "X": 0.7496448755264282,
            "Y": 0.5364282131195068
          },
          {
            "X": 0.7232252955436707,
            "Y": 0.5364636182785034
          }
        ]
      },
      "Id": "24ad7960-64de-4b11-b8a5-f436f0f256f2",
      "Relationships": [
        {
          "Type": "CHILD",
          "Ids": [
            "7ef24e6a-c46c-4f4b-9512-caf93f75c606"
          ]
        }
      ],
      "Page": 1
    },
    {
      "BlockType": "LINE",
      "Confidence": 98.03506469726562,
      "Text": "3%P-P2EP1SP",
      "Geometry": {
        "BoundingBox": {
          "Width": 0.0903598964214325,
          "Height": 0.020252462476491928,
          "Left": 0.2484971582889557,
          "Top": 0.5492082834243774
        },
        "Polygon": [
          {
            "X": 0.2484971582889557,
            "Y": 0.5493316054344177
          },
          {
            "X": 0.3384050130844116,
            "Y": 0.5492082834243774
          },
          {
            "X": 0.3388570547103882,
            "Y": 0.5693326592445374
          },
          {
            "X": 0.24894583225250244,
            "Y": 0.5694607496261597
          }
        ]
      },
      "Id": "9ce9c4b8-d7c2-42c3-b13c-9bc333d5af35",
      "Relationships": [
        {
          "Type": "CHILD",
          "Ids": [
            "e7f0f297-e9a0-4881-82d7-7c811297cef5"
          ]
        }
      ],
      "Page": 1
    },
    {
      "BlockType": "LINE",
      "Confidence": 61.7741584777832,
      "Text": "63.4",
      "Geometry": {
        "BoundingBox": {
          "Width": 0.027359912171959877,
          "Height": 0.020268235355615616,
          "Left": 0.41442447900772095,
          "Top": 0.5494049787521362
        },
        "Polygon": [
          {
            "X": 0.41442447900772095,
            "Y": 0.549441933631897
          },
          {
            "X": 0.44132599234580994,
            "Y": 0.5494049787521362
          },
          {
            "X": 0.4417843818664551,
            "Y": 0.5696348547935486
          },
          {
            "X": 0.4148818552494049,
            "Y": 0.5696732401847839
          }
        ]
      },
      "Id": "b6e9529a-8be3-44a9-b17d-538175f28193",
      "Relationships": [
        {
          "Type": "CHILD",
          "Ids": [
            "39d699d3-250e-4c54-b4f6-dd173336abc3"
          ]
        }
      ],
      "Page": 1
    },
    {
      "BlockType": "LINE",
      "Confidence": 99.67169952392578,
      "Text": "26.6",
      "Geometry": {
        "BoundingBox": {
          "Width": 0.027095505967736244,
          "Height": 0.020227210596203804,
          "Left": 0.5176817774772644,
          "Top": 0.5494107007980347
        },
        "Polygon": [
          {
            "X": 0.5176817774772644,
            "Y": 0.549447238445282
          },
          {
            "X": 0.5443158745765686,
            "Y": 0.5494107007980347
          },
          {
            "X": 0.5447773337364197,
            "Y": 0.5695999264717102
          },
          {
            "X": 0.5181422829627991,
            "Y": 0.5696378946304321
          }
        ]
      },
      "Id": "4308edb7-ab34-40c2-a498-d1c3b688ffce",
      "Relationships": [
        {
          "Type": "CHILD",
          "Ids": [
            "adda154a-0bd2-40b4-9ee6-a9406292b263"
          ]
        }
      ],
      "Page": 1
    },
    {
      "BlockType": "LINE",
      "Confidence": 99.51100158691406,
      "Text": "9.4",
      "Geometry": {
        "BoundingBox": {
          "Width": 0.019615767523646355,
          "Height": 0.02024420164525509,
          "Left": 0.6210731267929077,
          "Top": 0.5495977401733398
        },
        "Polygon": [
          {
            "X": 0.6210731267929077,
            "Y": 0.5496240854263306
          },
          {
            "X": 0.6402230858802795,
            "Y": 0.5495977401733398
          },
          {
            "X": 0.6406888961791992,
            "Y": 0.5698146224021912
          },
          {
            "X": 0.6215382218360901,
            "Y": 0.5698419809341431
          }
        ]
      },
      "Id": "32485360-f80c-4d0e-bab3-2d5c94de6862",
      "Relationships": [
        {
          "Type": "CHILD",
          "Ids": [
            "1ca2ecd8-de78-4516-b583-8b46efb157a8"
          ]
        }
      ],
      "Page": 1
    },
    {
      "BlockType": "LINE",
      "Confidence": 99.37203979492188,
      "Text": "0.78",
      "Geometry": {
        "BoundingBox": {
          "Width": 0.026634762063622475,
          "Height": 0.019908910617232323,
          "Left": 0.7229874134063721,
          "Top": 0.5495805144309998
        },
        "Polygon": [
          {
            "X": 0.7229874134063721,
            "Y": 0.5496165156364441
          },
          {
            "X": 0.7491601705551147,
            "Y": 0.5495805144309998
          },
          {
            "X": 0.7496221661567688,
            "Y": 0.5694521069526672
          },
          {
            "X": 0.7234484553337097,
            "Y": 0.5694894194602966
          }
        ]
      },
      "Id": "0fc3e34a-4ccb-4034-acaa-6f0075861189",
      "Relationships": [
        {
          "Type": "CHILD",
          "Ids": [
            "46d9fdc7-e319-4814-bd66-71e2aab17408"
          ]
        }
      ],
      "Page": 1
    },
    {
      "BlockType": "WORD",
      "Confidence": 99.78926849365234,
      "Text": "Thermosets",
      "TextType": "PRINTED",
      "Geometry": {
        "BoundingBox": {
          "Width": 0.07495030760765076,
          "Height": 0.0206769909709692,
          "Left": 0.2480233609676361,
          "Top": 0.4323037564754486
        },
        "Polygon": [
          {
            "X": 0.2480233609676361,
            "Y": 0.4323830306529999
          },
          {
            "X": 0.32251161336898804,
            "Y": 0.4323037564754486
          },
          {
            "X": 0.32297366857528687,
            "Y": 0.45289739966392517
          },
          {
            "X": 0.24848255515098572,
            "Y": 0.45298072695732117
          }
        ]
      },
      "Id": "71d213b7-fcfb-48be-955f-9ec545b85ffd",
      "Page": 1
    },
    {
      "BlockType": "WORD",
      "Confidence": 98.46794128417969,
      "Text": "w%C",
      "TextType": "PRINTED",
      "Geometry": {
        "BoundingBox": {
          "Width": 0.026613689959049225,
          "Height": 0.02421576716005802,
          "Left": 0.41412732005119324,
          "Top": 0.43299686908721924
        },
        "Polygon": [
          {
            "X": 0.41412732005119324,
            "Y": 0.43302467465400696
          },
          {
            "X": 0.44019290804862976,
            "Y": 0.43299686908721924
          },
          {
            "X": 0.44074100255966187,
            "Y": 0.45718318223953247
          },
          {
            "X": 0.4146742522716522,
            "Y": 0.4572126269340515
          }
        ]
      },
      "Id": "fcd369d7-ca85-471f-a089-04acc1ead5ab",
      "Page": 1
    },
    {
      "BlockType": "WORD",
      "Confidence": 71.68462371826172,
      "Text": "w%O",
      "TextType": "PRINTED",
      "Geometry": {
        "BoundingBox": {
          "Width": 0.02725033648312092,
          "Height": 0.024283768609166145,
          "Left": 0.5175304412841797,
          "Top": 0.4329482614994049
        },
        "Polygon": [
          {
            "X": 0.5175304412841797,
            "Y": 0.43297675251960754
          },
          {
            "X": 0.5442262887954712,
            "Y": 0.4329482614994049
          },
          {
            "X": 0.5447807908058167,
            "Y": 0.45720186829566956
          },
          {
            "X": 0.5180837512016296,
            "Y": 0.4572320282459259
          }
        ]
      },
      "Id": "e9004f57-30ad-4657-bcc4-2040fb5dbcf6",
      "Page": 1
    },
    {
      "BlockType": "WORD",
      "Confidence": 96.85910034179688,
      "Text": "w%P",
      "TextType": "PRINTED",
      "Geometry": {
        "BoundingBox": {
          "Width": 0.026583591476082802,
          "Height": 0.023937759920954704,
          "Left": 0.6206085681915283,
          "Top": 0.4332977533340454
        },
        "Polygon": [
          {
            "X": 0.6206085681915283,
            "Y": 0.43332555890083313
          },
          {
            "X": 0.6466408967971802,
            "Y": 0.4332977533340454
          },
          {
            "X": 0.6471921801567078,
            "Y": 0.4572060704231262
          },
          {
            "X": 0.6211587190628052,
            "Y": 0.45723551511764526
          }
        ]
      },
      "Id": "1e98b447-c7e3-44ed-a826-00f7fcf8ef15",
      "Page": 1
    },
    {
      "BlockType": "WORD",
      "Confidence": 89.41087341308594,
      "Text": "W",
      "TextType": "PRINTED",
      "Geometry": {
        "BoundingBox": {
          "Width": 0.00919387023895979,
          "Height": 0.011521311476826668,
          "Left": 0.7226531505584717,
          "Top": 0.44585394859313965
        },
        "Polygon": [
          {
            "X": 0.7226531505584717,
            "Y": 0.4458637833595276
          },
          {
            "X": 0.7315797805786133,
            "Y": 0.44585394859313965
          },
          {
            "X": 0.7318470478057861,
            "Y": 0.45736515522003174
          },
          {
            "X": 0.722920298576355,
            "Y": 0.45737525820732117
          }
        ]
      },
      "Id": "824da08c-56d6-4677-baed-e2af29c9bb13",
      "Page": 1
    },
    {
      "BlockType": "WORD",
      "Confidence": 57.44498825073242,
      "Text": "%%S",
      "TextType": "PRINTED",
      "Geometry": {
        "BoundingBox": {
          "Width": 0.022621402516961098,
          "Height": 0.022276833653450012,
          "Left": 0.7245720624923706,
          "Top": 0.4330422878265381
        },
        "Polygon": [
          {
            "X": 0.7245720624923706,
            "Y": 0.43306589126586914
          },
          {
            "X": 0.7466760873794556,
            "Y": 0.4330422878265381
          },
          {
            "X": 0.747193455696106,
            "Y": 0.45529425144195557
          },
          {
            "X": 0.7250884771347046,
            "Y": 0.4553191363811493
          }
        ]
      },
      "Id": "f693d57c-02c8-4127-84e9-2c54d050c14f",
      "Page": 1
    },
    {
      "BlockType": "WORD",
      "Confidence": 98.34654235839844,
      "Text": "DGEBA-IPDA",
      "TextType": "PRINTED",
      "Geometry": {
        "BoundingBox": {
          "Width": 0.08144912123680115,
          "Height": 0.020693842321634293,
          "Left": 0.2488826960325241,
          "Top": 0.4837324023246765
        },
        "Polygon": [
          {
            "X": 0.2488826960325241,
            "Y": 0.483829528093338
          },
          {
            "X": 0.3298695385456085,
            "Y": 0.4837324023246765
          },
          {
            "X": 0.33033180236816406,
            "Y": 0.5043246746063232
          },
          {
            "X": 0.24934186041355133,
            "Y": 0.5044262409210205
          }
        ]
      },
      "Id": "55a37d79-ae76-4962-95e1-b132c91a0ff9",
      "Page": 1
    },
    {
      "BlockType": "WORD",
      "Confidence": 70.95668029785156,
      "Text": "79.8",
      "TextType": "PRINTED",
      "Geometry": {
        "BoundingBox": {
          "Width": 0.026711514219641685,
          "Height": 0.02012045308947563,
          "Left": 0.4145718812942505,
          "Top": 0.4842577278614044
        },
        "Polygon": [
          {
            "X": 0.4145718812942505,
            "Y": 0.4842892587184906
          },
          {
            "X": 0.44082820415496826,
            "Y": 0.4842577278614044
          },
          {
            "X": 0.4412834048271179,
            "Y": 0.5043452382087708
          },
          {
            "X": 0.41502612829208374,
            "Y": 0.5043781399726868
          }
        ]
      },
      "Id": "dc932b79-a716-4e10-b714-365800ce2c6c",
      "Page": 1
    },
    {
      "BlockType": "WORD",
      "Confidence": 99.31791687011719,
      "Text": "20.2",
      "TextType": "PRINTED",
      "Geometry": {
        "BoundingBox": {
          "Width": 0.02704313024878502,
          "Height": 0.020402129739522934,
          "Left": 0.5175380110740662,
          "Top": 0.4840548038482666
        },
        "Polygon": [
          {
            "X": 0.5175380110740662,
            "Y": 0.4840867519378662
          },
          {
            "X": 0.5441155433654785,
            "Y": 0.4840548038482666
          },
          {
            "X": 0.5445811748504639,
            "Y": 0.5044236183166504
          },
          {
            "X": 0.5180026292800903,
            "Y": 0.5044569373130798
          }
        ]
      },
      "Id": "b046dcd0-350f-47f6-84f7-08c6c00ccc4f",
      "Page": 1
    },
    {
      "BlockType": "WORD",
      "Confidence": 93.89627075195312,
      "Text": "X",
      "TextType": "PRINTED",
      "Geometry": {
        "BoundingBox": {
          "Width": 0.009972571395337582,
          "Height": 0.01975426822900772,
          "Left": 0.6210187673568726,
          "Top": 0.4844997823238373
        },
        "Polygon": [
          {
            "X": 0.6210187673568726,
            "Y": 0.48451122641563416
          },
          {
            "X": 0.6305367946624756,
            "Y": 0.4844997823238373
          },
          {
            "X": 0.6309913396835327,
            "Y": 0.5042421221733093
          },
          {
            "X": 0.6214730143547058,
            "Y": 0.5042540431022644
          }
        ]
      },
      "Id": "743c9936-fb1d-4095-8dad-9036c6e6596d",
      "Page": 1
    },
    {
      "BlockType": "WORD",
      "Confidence": 98.39797973632812,
      "Text": "3%P-P3SP",
      "TextType": "PRINTED",
      "Geometry": {
        "BoundingBox": {
          "Width": 0.06591079384088516,
          "Height": 0.021425731480121613,
          "Left": 0.24877673387527466,
          "Top": 0.5152539014816284
        },
        "Polygon": [
          {
            "X": 0.24877673387527466,
            "Y": 0.5153378248214722
          },
          {
            "X": 0.3142091929912567,
            "Y": 0.5152539014816284
          },
          {
            "X": 0.3146875202655792,
            "Y": 0.5365920662879944
          },
          {
            "X": 0.24925248324871063,
            "Y": 0.5366796255111694
          }
        ]
      },
      "Id": "6757eddf-5efd-4f70-8bf8-4b2ca1f17d1d",
      "Page": 1
    },
    {
      "BlockType": "WORD",
      "Confidence": 96.49278259277344,
      "Text": "69.1",
      "TextType": "PRINTED",
      "Geometry": {
        "BoundingBox": {
          "Width": 0.025064833462238312,
          "Height": 0.020103996619582176,
          "Left": 0.41443344950675964,
          "Top": 0.5163975954055786
        },
        "Polygon": [
          {
            "X": 0.41443344950675964,
            "Y": 0.5164291858673096
          },
          {
            "X": 0.4390435218811035,
            "Y": 0.5163975954055786
          },
          {
            "X": 0.43949827551841736,
            "Y": 0.5364686250686646
          },
          {
            "X": 0.4148872494697571,
            "Y": 0.5365015864372253
          }
        ]
      },
      "Id": "ec33bf62-2c5c-4f66-9937-695b5f8ab18a",
      "Page": 1
    },
    {
      "BlockType": "WORD",
      "Confidence": 99.263671875,
      "Text": "22.1",
      "TextType": "PRINTED",
      "Geometry": {
        "BoundingBox": {
          "Width": 0.025677604600787163,
          "Height": 0.020932355895638466,
          "Left": 0.5174961090087891,
          "Top": 0.5157120823860168
        },
        "Polygon": [
          {
            "X": 0.5174961090087891,
            "Y": 0.5157444477081299
          },
          {
            "X": 0.5426960587501526,
            "Y": 0.5157120823860168
          },
          {
            "X": 0.5431737303733826,
            "Y": 0.5366106629371643
          },
          {
            "X": 0.5179727673530579,
            "Y": 0.536644458770752
          }
        ]
      },
      "Id": "835d791d-d699-4ee6-be9a-9aca0ac86eb6",
      "Page": 1
    },
    {
      "BlockType": "WORD",
      "Confidence": 99.69281768798828,
      "Text": "8.2",
      "TextType": "PRINTED",
      "Geometry": {
        "BoundingBox": {
          "Width": 0.01884615048766136,
          "Height": 0.019977876916527748,
          "Left": 0.6212648749351501,
          "Top": 0.5162026286125183
        },
        "Polygon": [
          {
            "X": 0.6212648749351501,
            "Y": 0.5162262916564941
          },
          {
            "X": 0.6396512389183044,
            "Y": 0.5162026286125183
          },
          {
            "X": 0.6401110291481018,
            "Y": 0.5361558794975281
          },
          {
            "X": 0.6217238903045654,
            "Y": 0.5361804962158203
          }
        ]
      },
      "Id": "5f69c648-754a-43c6-a206-be4be4dc14f2",
      "Page": 1
    },
    {
      "BlockType": "WORD",
      "Confidence": 93.91990661621094,
      "Text": "0.65",
      "TextType": "PRINTED",
      "Geometry": {
        "BoundingBox": {
          "Width": 0.026893585920333862,
          "Height": 0.020464442670345306,
          "Left": 0.7227513194084167,
          "Top": 0.5159991383552551
        },
        "Polygon": [
          {
            "X": 0.7227513194084167,
            "Y": 0.5160331130027771
          },
          {
            "X": 0.7491698861122131,
            "Y": 0.5159991383552551
          },
          {
            "X": 0.7496448755264282,
            "Y": 0.5364282131195068
          },
          {
            "X": 0.7232252955436707,
            "Y": 0.5364636182785034
          }
        ]
      },
      "Id": "7ef24e6a-c46c-4f4b-9512-caf93f75c606",
      "Page": 1
    },
    {
      "BlockType": "WORD",
      "Confidence": 98.03506469726562,
      "Text": "3%P-P2EP1SP",
      "TextType": "PRINTED",
      "Geometry": {
        "BoundingBox": {
          "Width": 0.0903598964214325,
          "Height": 0.020252462476491928,
          "Left": 0.2484971582889557,
          "Top": 0.5492082834243774
        },
        "Polygon": [
          {
            "X": 0.2484971582889557,
            "Y": 0.5493316054344177
          },
          {
            "X": 0.3384050130844116,
            "Y": 0.5492082834243774
          },
          {
            "X": 0.3388570547103882,
            "Y": 0.5693326592445374
          },
          {
            "X": 0.24894583225250244,
            "Y": 0.5694607496261597
          }
        ]
      },
      "Id": "e7f0f297-e9a0-4881-82d7-7c811297cef5",
      "Page": 1
    },
    {
      "BlockType": "WORD",
      "Confidence": 61.7741584777832,
      "Text": "63.4",
      "TextType": "PRINTED",
      "Geometry": {
        "BoundingBox": {
          "Width": 0.027359912171959877,
          "Height": 0.020268235355615616,
          "Left": 0.41442447900772095,
          "Top": 0.5494049787521362
        },
        "Polygon": [
          {
            "X": 0.41442447900772095,
            "Y": 0.549441933631897
          },
          {
            "X": 0.44132599234580994,
            "Y": 0.5494049787521362
          },
          {
            "X": 0.4417843818664551,
            "Y": 0.5696348547935486
          },
          {
            "X": 0.4148818552494049,
            "Y": 0.5696732401847839
          }
        ]
      },
      "Id": "39d699d3-250e-4c54-b4f6-dd173336abc3",
      "Page": 1
    },
    {
      "BlockType": "WORD",
      "Confidence": 99.67169952392578,
      "Text": "26.6",
      "TextType": "PRINTED",
      "Geometry": {
        "BoundingBox": {
          "Width": 0.027095505967736244,
          "Height": 0.020227210596203804,
          "Left": 0.5176817774772644,
          "Top": 0.5494107007980347
        },
        "Polygon": [
          {
            "X": 0.5176817774772644,
            "Y": 0.549447238445282
          },
          {
            "X": 0.5443158745765686,
            "Y": 0.5494107007980347
          },
          {
            "X": 0.5447773337364197,
            "Y": 0.5695999264717102
          },
          {
            "X": 0.5181422829627991,
            "Y": 0.5696378946304321
          }
        ]
      },
      "Id": "adda154a-0bd2-40b4-9ee6-a9406292b263",
      "Page": 1
    },
    {
      "BlockType": "WORD",
      "Confidence": 99.51100158691406,
      "Text": "9.4",
      "TextType": "PRINTED",
      "Geometry": {
        "BoundingBox": {
          "Width": 0.019615767523646355,
          "Height": 0.02024420164525509,
          "Left": 0.6210731267929077,
          "Top": 0.5495977401733398
        },
        "Polygon": [
          {
            "X": 0.6210731267929077,
            "Y": 0.5496240854263306
          },
          {
            "X": 0.6402230858802795,
            "Y": 0.5495977401733398
          },
          {
            "X": 0.6406888961791992,
            "Y": 0.5698146224021912
          },
          {
            "X": 0.6215382218360901,
            "Y": 0.5698419809341431
          }
        ]
      },
      "Id": "1ca2ecd8-de78-4516-b583-8b46efb157a8",
      "Page": 1
    },
    {
      "BlockType": "WORD",
      "Confidence": 99.37203979492188,
      "Text": "0.78",
      "TextType": "PRINTED",
      "Geometry": {
        "BoundingBox": {
          "Width": 0.026634762063622475,
          "Height": 0.019908910617232323,
          "Left": 0.7229874134063721,
          "Top": 0.5495805144309998
        },
        "Polygon": [
          {
            "X": 0.7229874134063721,
            "Y": 0.5496165156364441
          },
          {
            "X": 0.7491601705551147,
            "Y": 0.5495805144309998
          },
          {
            "X": 0.7496221661567688,
            "Y": 0.5694521069526672
          },
          {
            "X": 0.7234484553337097,
            "Y": 0.5694894194602966
          }
        ]
      },
      "Id": "46d9fdc7-e319-4814-bd66-71e2aab17408",
      "Page": 1
    },
    {
      "BlockType": "SELECTION_ELEMENT",
      "Confidence": 22.802734375,
      "Geometry": {
        "BoundingBox": {
          "Width": 0.013546153903007507,
          "Height": 0.024492813274264336,
          "Left": 0.7209120988845825,
          "Top": 0.4821864366531372
        },
        "Polygon": [
          {
            "X": 0.7209120988845825,
            "Y": 0.4822019636631012
          },
          {
            "X": 0.7338898181915283,
            "Y": 0.4821864366531372
          },
          {
            "X": 0.7344582676887512,
            "Y": 0.506662905216217
          },
          {
            "X": 0.7214799523353577,
            "Y": 0.5066792368888855
          }
        ]
      },
      "Id": "c064fbf9-8595-4cf8-9f58-79a896fa094d",
      "SelectionStatus": "SELECTED",
      "Page": 1
    },
    {
      "BlockType": "TABLE",
      "Confidence": 99.853515625,
      "Geometry": {
        "BoundingBox": {
          "Width": 0.5519929528236389,
          "Height": 0.16614572703838348,
          "Left": 0.22388538718223572,
          "Top": 0.41782137751579285
        },
        "Polygon": [
          {
            "X": 0.22388538718223572,
            "Y": 0.4183846712112427
          },
          {
            "X": 0.772026002407074,
            "Y": 0.41782137751579285
          },
          {
            "X": 0.775878369808197,
            "Y": 0.583165168762207
          },
          {
            "X": 0.2275693118572235,
            "Y": 0.5839670896530151
          }
        ]
      },
      "Id": "4109aef9-ff3f-4b22-aa46-0f0ea6f4d0ea",
      "Relationships": [
        {
          "Type": "CHILD",
          "Ids": [
            "28e34f0e-a734-4abc-add4-dd7f2dae0835",
            "3072c9c4-5d1b-497d-97ce-b6e7a5452d16",
            "83c32884-6d19-468c-98ea-0ea6030a4fb5",
            "0f64a4e6-4b8b-4970-920c-cb72da846dfb",
            "7a1248b3-31fa-4b84-8a68-b6cfb6239cd5",
            "009bbd91-adf1-4a74-9d04-aa79e9970a59",
            "7ffdf66b-338b-4064-8bd1-c56b1dae2941",
            "af7412ca-d7aa-440a-8fc5-536bb8a29da1",
            "ea4397cc-1678-4e9e-9016-06b3e16d9eb3",
            "423c6005-5c55-4200-8036-67b7b1d69ae4",
            "b40edd87-69e9-44a5-ac28-bc0255eb5a2f",
            "01e0e404-f8f2-4d9b-ab85-f28ff8413b4d",
            "d321864e-f567-4efe-9b4c-b66cefb38859",
            "10e3945e-dede-4330-97fe-cdbf19574ad8",
            "47c0107a-449f-4417-81c4-284a10890574",
            "0d6250ee-173d-4960-b97f-37e9616d99bc",
            "60a560da-2a3b-402f-9861-56425c42d2a6",
            "cf07db56-95c0-4d9f-9f18-a9623049b479",
            "61b3935c-4af9-4145-b0ce-1c9399d8b351",
            "58509c5a-1159-4413-a3b0-0ffa90ad1abc"
          ]
        }
      ],
      "EntityTypes": [
        "STRUCTURED_TABLE"
      ],
      "Page": 1
    },
    {
      "BlockType": "CELL",
      "Confidence": 93.45703125,
      "RowIndex": 1,
      "ColumnIndex": 1,
      "RowSpan": 1,
      "ColumnSpan": 1,
      "Geometry": {
        "BoundingBox": {
          "Width": 0.14908136427402496,
          "Height": 0.050967756658792496,
          "Left": 0.22388538718223572,
          "Top": 0.41823261976242065
        },
        "Polygon": [
          {
            "X": 0.22388538718223572,
            "Y": 0.4183846712112427
          },
          {
            "X": 0.37182220816612244,
            "Y": 0.41823261976242065
          },
          {
            "X": 0.3729667365550995,
            "Y": 0.4690285921096802
          },
          {
            "X": 0.22501595318317413,
            "Y": 0.46920040249824524
          }
        ]
      },
      "Id": "28e34f0e-a734-4abc-add4-dd7f2dae0835",
      "Relationships": [
        {
          "Type": "CHILD",
          "Ids": [
            "71d213b7-fcfb-48be-955f-9ec545b85ffd"
          ]
        }
      ],
      "EntityTypes": [
        "COLUMN_HEADER"
      ],
      "Page": 1
    },
    {
      "BlockType": "CELL",
      "Confidence": 89.84375,
      "RowIndex": 1,
      "ColumnIndex": 2,
      "RowSpan": 1,
      "ColumnSpan": 1,
      "Geometry": {
        "BoundingBox": {
          "Width": 0.10979001224040985,
          "Height": 0.05090761184692383,
          "Left": 0.37182220816612244,
          "Top": 0.41812098026275635
        },
        "Polygon": [
          {
            "X": 0.37182220816612244,
            "Y": 0.41823261976242065
          },
          {
            "X": 0.48045745491981506,
            "Y": 0.41812098026275635
          },
          {
            "X": 0.4816122353076935,
            "Y": 0.46890246868133545
          },
          {
            "X": 0.3729667365550995,
            "Y": 0.4690285921096802
          }
        ]
      },
      "Id": "3072c9c4-5d1b-497d-97ce-b6e7a5452d16",
      "Relationships": [
        {
          "Type": "CHILD",
          "Ids": [
            "fcd369d7-ca85-471f-a089-04acc1ead5ab"
          ]
        }
      ],
      "EntityTypes": [
        "COLUMN_HEADER"
      ],
      "Page": 1
    },
    {
      "BlockType": "CELL",
      "Confidence": 91.845703125,
      "RowIndex": 1,
      "ColumnIndex": 3,
      "RowSpan": 1,
      "ColumnSpan": 1,
      "Geometry": {
        "BoundingBox": {
          "Width": 0.1021997407078743,
          "Height": 0.050885289907455444,
          "Left": 0.48045745491981506,
          "Top": 0.4180171489715576
        },
        "Polygon": [
          {
            "X": 0.48045745491981506,
            "Y": 0.41812098026275635
          },
          {
            "X": 0.5814929008483887,
            "Y": 0.4180171489715576
          },
          {
            "X": 0.5826572179794312,
            "Y": 0.4687851369380951
          },
          {
            "X": 0.4816122353076935,
            "Y": 0.46890246868133545
          }
        ]
      },
      "Id": "83c32884-6d19-468c-98ea-0ea6030a4fb5",
      "Relationships": [
        {
          "Type": "CHILD",
          "Ids": [
            "e9004f57-30ad-4657-bcc4-2040fb5dbcf6"
          ]
        }
      ],
      "EntityTypes": [
        "COLUMN_HEADER"
      ],
      "Page": 1
    },
    {
      "BlockType": "CELL",
      "Confidence": 92.28515625,
      "RowIndex": 1,
      "ColumnIndex": 4,
      "RowSpan": 1,
      "ColumnSpan": 1,
      "Geometry": {
        "BoundingBox": {
          "Width": 0.10441599786281586,
          "Height": 0.05087406560778618,
          "Left": 0.5814929008483887,
          "Top": 0.4179110825061798
        },
        "Polygon": [
          {
            "X": 0.5814929008483887,
            "Y": 0.4180171489715576
          },
          {
            "X": 0.6847348809242249,
            "Y": 0.4179110825061798
          },
          {
            "X": 0.6859089136123657,
            "Y": 0.4686652421951294
          },
          {
            "X": 0.5826572179794312,
            "Y": 0.4687851369380951
          }
        ]
      },
      "Id": "0f64a4e6-4b8b-4970-920c-cb72da846dfb",
      "Relationships": [
        {
          "Type": "CHILD",
          "Ids": [
            "1e98b447-c7e3-44ed-a826-00f7fcf8ef15"
          ]
        }
      ],
      "EntityTypes": [
        "COLUMN_HEADER"
      ],
      "Page": 1
    },
    {
      "BlockType": "CELL",
      "Confidence": 90.966796875,
      "RowIndex": 1,
      "ColumnIndex": 5,
      "RowSpan": 1,
      "ColumnSpan": 1,
      "Geometry": {
        "BoundingBox": {
          "Width": 0.088473379611969,
          "Height": 0.05084388330578804,
          "Left": 0.6847348809242249,
          "Top": 0.41782137751579285
        },
        "Polygon": [
          {
            "X": 0.6847348809242249,
            "Y": 0.4179110825061798
          },
          {
            "X": 0.772026002407074,
            "Y": 0.41782137751579285
          },
          {
            "X": 0.7732082605361938,
            "Y": 0.46856388449668884
          },
          {
            "X": 0.6859089136123657,
            "Y": 0.4686652421951294
          }
        ]
      },
      "Id": "7a1248b3-31fa-4b84-8a68-b6cfb6239cd5",
      "Relationships": [
        {
          "Type": "CHILD",
          "Ids": [
            "824da08c-56d6-4677-baed-e2af29c9bb13",
            "f693d57c-02c8-4127-84e9-2c54d050c14f"
          ]
        }
      ],
      "EntityTypes": [
        "COLUMN_HEADER"
      ],
      "Page": 1
    },
    {
      "BlockType": "CELL",
      "Confidence": 87.5,
      "RowIndex": 2,
      "ColumnIndex": 1,
      "RowSpan": 1,
      "ColumnSpan": 1,
      "Geometry": {
        "BoundingBox": {
          "Width": 0.14888980984687805,
          "Height": 0.04186258465051651,
          "Left": 0.22501595318317413,
          "Top": 0.4690285921096802
        },
        "Polygon": [
          {
            "X": 0.22501595318317413,
            "Y": 0.46920040249824524
          },
          {
            "X": 0.3729667365550995,
            "Y": 0.4690285921096802
          },
          {
            "X": 0.373905748128891,
            "Y": 0.5107032060623169
          },
          {
            "X": 0.22594349086284637,
            "Y": 0.5108911991119385
          }
        ]
      },
      "Id": "009bbd91-adf1-4a74-9d04-aa79e9970a59",
      "Relationships": [
        {
          "Type": "CHILD",
          "Ids": [
            "55a37d79-ae76-4962-95e1-b132c91a0ff9"
          ]
        }
      ],
      "Page": 1
    },
    {
      "BlockType": "CELL",
      "Confidence": 84.08203125,
      "RowIndex": 2,
      "ColumnIndex": 2,
      "RowSpan": 1,
      "ColumnSpan": 1,
      "Geometry": {
        "BoundingBox": {
          "Width": 0.10959289222955704,
          "Height": 0.04180073365569115,
          "Left": 0.3729667365550995,
          "Top": 0.46890246868133545
        },
        "Polygon": [
          {
            "X": 0.3729667365550995,
            "Y": 0.4690285921096802
          },
          {
            "X": 0.4816122353076935,
            "Y": 0.46890246868133545
          },
          {
            "X": 0.4825596511363983,
            "Y": 0.5105651617050171
          },
          {
            "X": 0.373905748128891,
            "Y": 0.5107032060623169
          }
        ]
      },
      "Id": "7ffdf66b-338b-4064-8bd1-c56b1dae2941",
      "Relationships": [
        {
          "Type": "CHILD",
          "Ids": [
            "dc932b79-a716-4e10-b714-365800ce2c6c"
          ]
        }
      ],
      "Page": 1
    },
    {
      "BlockType": "CELL",
      "Confidence": 85.9375,
      "RowIndex": 2,
      "ColumnIndex": 3,
      "RowSpan": 1,
      "ColumnSpan": 1,
      "Geometry": {
        "BoundingBox": {
          "Width": 0.10200019180774689,
          "Height": 0.041780002415180206,
          "Left": 0.4816122353076935,
          "Top": 0.4687851369380951
        },
        "Polygon": [
          {
            "X": 0.4816122353076935,
            "Y": 0.46890246868133545
          },
          {
            "X": 0.5826572179794312,
            "Y": 0.4687851369380951
          },
          {
            "X": 0.5836124420166016,
            "Y": 0.5104367136955261
          },
          {
            "X": 0.4825596511363983,
            "Y": 0.5105651617050171
          }
        ]
      },
      "Id": "af7412ca-d7aa-440a-8fc5-536bb8a29da1",
      "Relationships": [
        {
          "Type": "CHILD",
          "Ids": [
            "b046dcd0-350f-47f6-84f7-08c6c00ccc4f"
          ]
        }
      ],
      "Page": 1
    },
    {
      "BlockType": "CELL",
      "Confidence": 86.376953125,
      "RowIndex": 2,
      "ColumnIndex": 4,
      "RowSpan": 1,
      "ColumnSpan": 1,
      "Geometry": {
        "BoundingBox": {
          "Width": 0.10421491414308548,
          "Height": 0.04177149385213852,
          "Left": 0.5826572179794312,
          "Top": 0.4686652421951294
        },
        "Polygon": [
          {
            "X": 0.5826572179794312,
            "Y": 0.4687851369380951
          },
          {
            "X": 0.6859089136123657,
            "Y": 0.4686652421951294
          },
          {
            "X": 0.686872124671936,
            "Y": 0.5103055238723755
          },
          {
            "X": 0.5836124420166016,
            "Y": 0.5104367136955261
          }
        ]
      },
      "Id": "ea4397cc-1678-4e9e-9016-06b3e16d9eb3",
      "Relationships": [
        {
          "Type": "CHILD",
          "Ids": [
            "743c9936-fb1d-4095-8dad-9036c6e6596d"
          ]
        }
      ],
      "Page": 1
    },
    {
      "BlockType": "CELL",
      "Confidence": 85.15625,
      "RowIndex": 2,
      "ColumnIndex": 5,
      "RowSpan": 1,
      "ColumnSpan": 1,
      "Geometry": {
        "BoundingBox": {
          "Width": 0.08826930820941925,
          "Height": 0.04174165427684784,
          "Left": 0.6859089136123657,
          "Top": 0.46856388449668884
        },
        "Polygon": [
          {
            "X": 0.6859089136123657,
            "Y": 0.4686652421951294
          },
          {
            "X": 0.7732082605361938,
            "Y": 0.46856388449668884
          },
          {
            "X": 0.7741782069206238,
            "Y": 0.5101945996284485
          },
          {
            "X": 0.686872124671936,
            "Y": 0.5103055238723755
          }
        ]
      },
      "Id": "423c6005-5c55-4200-8036-67b7b1d69ae4",
      "Relationships": [
        {
          "Type": "CHILD",
          "Ids": [
            "c064fbf9-8595-4cf8-9f58-79a896fa094d"
          ]
        }
      ],
      "Page": 1
    },
    {
      "BlockType": "CELL",
      "Confidence": 81.4453125,
      "RowIndex": 3,
      "ColumnIndex": 1,
      "RowSpan": 1,
      "ColumnSpan": 1,
      "Geometry": {
        "BoundingBox": {
          "Width": 0.14868226647377014,
          "Height": 0.03215545788407326,
          "Left": 0.22594349086284637,
          "Top": 0.5107032060623169
        },
        "Polygon": [
          {
            "X": 0.22594349086284637,
            "Y": 0.5108911991119385
          },
          {
            "X": 0.373905748128891,
            "Y": 0.5107032060623169
          },
          {
            "X": 0.3746257722377777,
            "Y": 0.5426582098007202
          },
          {
            "X": 0.22665472328662872,
            "Y": 0.5428586602210999
          }
        ]
      },
      "Id": "b40edd87-69e9-44a5-ac28-bc0255eb5a2f",
      "Relationships": [
        {
          "Type": "CHILD",
          "Ids": [
            "6757eddf-5efd-4f70-8bf8-4b2ca1f17d1d"
          ]
        }
      ],
      "Page": 1
    },
    {
      "BlockType": "CELL",
      "Confidence": 78.271484375,
      "RowIndex": 3,
      "ColumnIndex": 2,
      "RowSpan": 1,
      "ColumnSpan": 1,
      "Geometry": {
        "BoundingBox": {
          "Width": 0.109380342066288,
          "Height": 0.03209308162331581,
          "Left": 0.373905748128891,
          "Top": 0.5105651617050171
        },
        "Polygon": [
          {
            "X": 0.373905748128891,
            "Y": 0.5107032060623169
          },
          {
            "X": 0.4825596511363983,
            "Y": 0.5105651617050171
          },
          {
            "X": 0.4832861125469208,
            "Y": 0.5425110459327698
          },
          {
            "X": 0.3746257722377777,
            "Y": 0.5426582098007202
          }
        ]
      },
      "Id": "01e0e404-f8f2-4d9b-ab85-f28ff8413b4d",
      "Relationships": [
        {
          "Type": "CHILD",
          "Ids": [
            "ec33bf62-2c5c-4f66-9937-695b5f8ab18a"
          ]
        }
      ],
      "Page": 1
    },
    {
      "BlockType": "CELL",
      "Confidence": 80.029296875,
      "RowIndex": 3,
      "ColumnIndex": 3,
      "RowSpan": 1,
      "ColumnSpan": 1,
      "Geometry": {
        "BoundingBox": {
          "Width": 0.10178522020578384,
          "Height": 0.03207429125905037,
          "Left": 0.4825596511363983,
          "Top": 0.5104367136955261
        },
        "Polygon": [
          {
            "X": 0.4825596511363983,
            "Y": 0.5105651617050171
          },
          {
            "X": 0.5836124420166016,
            "Y": 0.5104367136955261
          },
          {
            "X": 0.5843448638916016,
            "Y": 0.5423741340637207
          },
          {
            "X": 0.4832861125469208,
            "Y": 0.5425110459327698
          }
        ]
      },
      "Id": "d321864e-f567-4efe-9b4c-b66cefb38859",
      "Relationships": [
        {
          "Type": "CHILD",
          "Ids": [
            "835d791d-d699-4ee6-be9a-9aca0ac86eb6"
          ]
        }
      ],
      "Page": 1
    },
    {
      "BlockType": "CELL",
      "Confidence": 80.419921875,
      "RowIndex": 3,
      "ColumnIndex": 4,
      "RowSpan": 1,
      "ColumnSpan": 1,
      "Geometry": {
        "BoundingBox": {
          "Width": 0.10399824380874634,
          "Height": 0.03206860274076462,
          "Left": 0.5836124420166016,
          "Top": 0.5103055238723755
        },
        "Polygon": [
          {
            "X": 0.5836124420166016,
            "Y": 0.5104367136955261
          },
          {
            "X": 0.686872124671936,
            "Y": 0.5103055238723755
          },
          {
            "X": 0.6876106858253479,
            "Y": 0.5422342419624329
          },
          {
            "X": 0.5843448638916016,
            "Y": 0.5423741340637207
          }
        ]
      },
      "Id": "10e3945e-dede-4330-97fe-cdbf19574ad8",
      "Relationships": [
        {
          "Type": "CHILD",
          "Ids": [
            "5f69c648-754a-43c6-a206-be4be4dc14f2"
          ]
        }
      ],
      "Page": 1
    },
    {
      "BlockType": "CELL",
      "Confidence": 79.296875,
      "RowIndex": 3,
      "ColumnIndex": 5,
      "RowSpan": 1,
      "ColumnSpan": 1,
      "Geometry": {
        "BoundingBox": {
          "Width": 0.08804983645677567,
          "Height": 0.03203965723514557,
          "Left": 0.686872124671936,
          "Top": 0.5101945996284485
        },
        "Polygon": [
          {
            "X": 0.686872124671936,
            "Y": 0.5103055238723755
          },
          {
            "X": 0.7741782069206238,
            "Y": 0.5101945996284485
          },
          {
            "X": 0.7749219536781311,
            "Y": 0.5421159863471985
          },
          {
            "X": 0.6876106858253479,
            "Y": 0.5422342419624329
          }
        ]
      },
      "Id": "47c0107a-449f-4417-81c4-284a10890574",
      "Relationships": [
        {
          "Type": "CHILD",
          "Ids": [
            "7ef24e6a-c46c-4f4b-9512-caf93f75c606"
          ]
        }
      ],
      "Page": 1
    },
    {
      "BlockType": "CELL",
      "Confidence": 92.08984375,
      "RowIndex": 4,
      "ColumnIndex": 1,
      "RowSpan": 1,
      "ColumnSpan": 1,
      "Geometry": {
        "BoundingBox": {
          "Width": 0.1488969326019287,
          "Height": 0.04130888357758522,
          "Left": 0.22665472328662872,
          "Top": 0.5426582098007202
        },
        "Polygon": [
          {
            "X": 0.22665472328662872,
            "Y": 0.5428586602210999
          },
          {
            "X": 0.3746257722377777,
            "Y": 0.5426582098007202
          },
          {
            "X": 0.37555164098739624,
            "Y": 0.5837506651878357
          },
          {
            "X": 0.2275693118572235,
            "Y": 0.5839670896530151
          }
        ]
      },
      "Id": "0d6250ee-173d-4960-b97f-37e9616d99bc",
      "Relationships": [
        {
          "Type": "CHILD",
          "Ids": [
            "e7f0f297-e9a0-4881-82d7-7c811297cef5"
          ]
        }
      ],
      "Page": 1
    },
    {
      "BlockType": "CELL",
      "Confidence": 88.525390625,
      "RowIndex": 4,
      "ColumnIndex": 2,
      "RowSpan": 1,
      "ColumnSpan": 1,
      "Geometry": {
        "BoundingBox": {
          "Width": 0.10959451645612717,
          "Height": 0.04123964160680771,
          "Left": 0.3746257722377777,
          "Top": 0.5425110459327698
        },
        "Polygon": [
          {
            "X": 0.3746257722377777,
            "Y": 0.5426582098007202
          },
          {
            "X": 0.4832861125469208,
            "Y": 0.5425110459327698
          },
          {
            "X": 0.4842202663421631,
            "Y": 0.5835917592048645
          },
          {
            "X": 0.37555164098739624,
            "Y": 0.5837506651878357
          }
        ]
      },
      "Id": "60a560da-2a3b-402f-9861-56425c42d2a6",
      "Relationships": [
        {
          "Type": "CHILD",
          "Ids": [
            "39d699d3-250e-4c54-b4f6-dd173336abc3"
          ]
        }
      ],
      "Page": 1
    },
    {
      "BlockType": "CELL",
      "Confidence": 90.52734375,
      "RowIndex": 4,
      "ColumnIndex": 3,
      "RowSpan": 1,
      "ColumnSpan": 1,
      "Geometry": {
        "BoundingBox": {
          "Width": 0.1020006537437439,
          "Height": 0.04121760278940201,
          "Left": 0.4832861125469208,
          "Top": 0.5423741340637207
        },
        "Polygon": [
          {
            "X": 0.4832861125469208,
            "Y": 0.5425110459327698
          },
          {
            "X": 0.5843448638916016,
            "Y": 0.5423741340637207
          },
          {
            "X": 0.5852867364883423,
            "Y": 0.5834439396858215
          },
          {
            "X": 0.4842202663421631,
            "Y": 0.5835917592048645
          }
        ]
      },
      "Id": "cf07db56-95c0-4d9f-9f18-a9623049b479",
      "Relationships": [
        {
          "Type": "CHILD",
          "Ids": [
            "adda154a-0bd2-40b4-9ee6-a9406292b263"
          ]
        }
      ],
      "Page": 1
    },
    {
      "BlockType": "CELL",
      "Confidence": 90.91796875,
      "RowIndex": 4,
      "ColumnIndex": 4,
      "RowSpan": 1,
      "ColumnSpan": 1,
      "Geometry": {
        "BoundingBox": {
          "Width": 0.10421555489301682,
          "Height": 0.04120967164635658,
          "Left": 0.5843448638916016,
          "Top": 0.5422342419624329
        },
        "Polygon": [
          {
            "X": 0.5843448638916016,
            "Y": 0.5423741340637207
          },
          {
            "X": 0.6876106858253479,
            "Y": 0.5422342419624329
          },
          {
            "X": 0.688560426235199,
            "Y": 0.5832929015159607
          },
          {
            "X": 0.5852867364883423,
            "Y": 0.5834439396858215
          }
        ]
      },
      "Id": "61b3935c-4af9-4145-b0ce-1c9399d8b351",
      "Relationships": [
        {
          "Type": "CHILD",
          "Ids": [
            "1ca2ecd8-de78-4516-b583-8b46efb157a8"
          ]
        }
      ],
      "Page": 1
    },
    {
      "BlockType": "CELL",
      "Confidence": 89.6484375,
      "RowIndex": 4,
      "ColumnIndex": 5,
      "RowSpan": 1,
      "ColumnSpan": 1,
      "Geometry": {
        "BoundingBox": {
          "Width": 0.08826767653226852,
          "Height": 0.04117690026760101,
          "Left": 0.6876106858253479,
          "Top": 0.5421159863471985
        },
        "Polygon": [
          {
            "X": 0.6876106858253479,
            "Y": 0.5422342419624329
          },
          {
            "X": 0.7749219536781311,
            "Y": 0.5421159863471985
          },
          {
            "X": 0.775878369808197,
            "Y": 0.583165168762207
          },
          {
            "X": 0.688560426235199,
            "Y": 0.5832929015159607
          }
        ]
      },
      "Id": "58509c5a-1159-4413-a3b0-0ffa90ad1abc",
      "Relationships": [
        {
          "Type": "CHILD",
          "Ids": [
            "46d9fdc7-e319-4814-bd66-71e2aab17408"
          ]
        }
      ],
      "Page": 1
    }
  ],
  "AnalyzeDocumentModelVersion": "1.0"
}