{
  "DocumentMetadata": {
    "Pages": 1
  },
  "JobStatus": "SUCCEEDED",
  "Blocks": [
    {
      "BlockType": "PAGE",
      "Geometry": {
        "BoundingBox": {
          "Width": 1,
          "Height": 1,
          "Left": 0,
          "Top": 0
        },
        "Polygon": [
          {
            "X": 0,
            "Y": 4.307807799364127e-8
          },
          {
            "X": 1,
            "Y": 0
          },
          {
            "X": 1,
            "Y": 1
          },
          {
            "X": 0,
            "Y": 1
          }
        ]
      },
      "Id": "e0e94690-ac28-4068-aab3-a02e50f069e8",
      "Relationships": [
        {
          "Type": "CHILD",
          "Ids": [
            "f8a4312f-4c20-4342-a93f-b392fca1a29c",
            "8a55de83-5e2f-4b44-b395-b70236f9a634",
            "27717901-6edc-4d41-9beb-255e77b39649",
            "c783d076-987b-4c12-b1f7-683e94e6c156",
            "18518d37-9022-409a-9526-391f92482142",
            "f9ec393a-fddc-4150-aca6-2f0e0ae93ba2",
            "549efed7-765f-4fcc-a73e-a40aff9983ae",
            "1420e407-b98d-4eba-95fe-8626a915f27a",
            "5c9e0599-3b3e-4cb1-9d8b-670235e056c0",
            "15c7b948-2187-4294-b551-bdc0edd6d57c",
            "a3d2c749-95dd-48aa-9f04-309ab679ded5",
            "406733bf-f4cf-44a2-994b-ae9f46e5ebaa",
            "211d622d-05dc-4ae7-bb80-7accb4eddb92",
            "146d6842-382a-4458-9968-aca444c1b30f",
            "6de0855b-f4fe-48c7-8e17-66cca2bae499",
            "50d434b6-d6a2-4761-b65d-2ab1438ac463",
            "506d7e25-af46-4c23-905f-2356bfeb656d",
            "6195e673-ef4a-4883-87f8-0135e17f1540",
            "d60d64c1-8e81-40d2-9d59-5ea8602e6f6f",
            "bc74da2c-0b62-4dfe-afba-c55765d46ae7",
            "77beaf39-2d59-4e67-a549-48e9027f4fdc",
            "eb4888f1-f49c-44ca-86de-63c962185563"
          ]
        }
      ],
      "Page": 1
    },
    {
      "BlockType": "LINE",
      "Confidence": 99.91500091552734,
      "Text": "Curing Agent",
      "Geometry": {
        "BoundingBox": {
          "Width": 0.054984837770462036,
          "Height": 0.027086500078439713,
          "Left": 0.15764810144901276,
          "Top": 0.4452248811721802
        },
        "Polygon": [
          {
            "X": 0.15823321044445038,
            "Y": 0.4452895224094391
          },
          {
            "X": 0.2126329392194748,
            "Y": 0.4452248811721802
          },
          {
            "X": 0.21204927563667297,
            "Y": 0.4722446799278259
          },
          {
            "X": 0.15764810144901276,
            "Y": 0.4723113775253296
          }
        ]
      },
      "Id": "f8a4312f-4c20-4342-a93f-b392fca1a29c",
      "Relationships": [
        {
          "Type": "CHILD",
          "Ids": [
            "6eca0c3b-2bef-40d9-86df-ebc6dc13664d",
            "90ed3ae5-93d3-4ae1-86a9-22cb89530b65"
          ]
        }
      ],
      "Page": 1
    },
    {
      "BlockType": "LINE",
      "Confidence": 99.34856414794922,
      "Text": "%P (Mass)",
      "Geometry": {
        "BoundingBox": {
          "Width": 0.041492536664009094,
          "Height": 0.026969417929649353,
          "Left": 0.2784470319747925,
          "Top": 0.4448913037776947
        },
        "Polygon": [
          {
            "X": 0.2790268659591675,
            "Y": 0.44493991136550903
          },
          {
            "X": 0.31993958353996277,
            "Y": 0.4448913037776947
          },
          {
            "X": 0.3193608522415161,
            "Y": 0.47181057929992676
          },
          {
            "X": 0.2784470319747925,
            "Y": 0.47186070680618286
          }
        ]
      },
      "Id": "8a55de83-5e2f-4b44-b395-b70236f9a634",
      "Relationships": [
        {
          "Type": "CHILD",
          "Ids": [
            "cff501f3-965c-45b8-95b9-db71ab517f73",
            "92a2b7e3-bff0-414b-804a-8d249e119968"
          ]
        }
      ],
      "Page": 1
    },
    {
      "BlockType": "LINE",
      "Confidence": 99.83568572998047,
      "Text": "LOI",
      "Geometry": {
        "BoundingBox": {
          "Width": 0.014036206528544426,
          "Height": 0.0209242794662714,
          "Left": 0.38636454939842224,
          "Top": 0.4462582767009735
        },
        "Polygon": [
          {
            "X": 0.3868127167224884,
            "Y": 0.44627445936203003
          },
          {
            "X": 0.4004007577896118,
            "Y": 0.4462582767009735
          },
          {
            "X": 0.39995288848876953,
            "Y": 0.4671659767627716
          },
          {
            "X": 0.38636454939842224,
            "Y": 0.46718254685401917
          }
        ]
      },
      "Id": "27717901-6edc-4d41-9beb-255e77b39649",
      "Relationships": [
        {
          "Type": "CHILD",
          "Ids": [
            "19a0c550-714f-447f-bdda-a118b781373b"
          ]
        }
      ],
      "Page": 1
    },
    {
      "BlockType": "LINE",
      "Confidence": 99.94229125976562,
      "Text": "UL 94 Rating",
      "Geometry": {
        "BoundingBox": {
          "Width": 0.05357735976576805,
          "Height": 0.02685266174376011,
          "Left": 0.4704047441482544,
          "Top": 0.44550207257270813
        },
        "Polygon": [
          {
            "X": 0.4709767997264862,
            "Y": 0.4455651342868805
          },
          {
            "X": 0.5239821076393127,
            "Y": 0.44550207257270813
          },
          {
            "X": 0.5234114527702332,
            "Y": 0.4722897410392761
          },
          {
            "X": 0.4704047441482544,
            "Y": 0.4723547399044037
          }
        ]
      },
      "Id": "c783d076-987b-4c12-b1f7-683e94e6c156",
      "Relationships": [
        {
          "Type": "CHILD",
          "Ids": [
            "8b5a7167-46a0-4853-a7cc-85c543aa70ff",
            "b4a691de-bb87-4b1e-9b78-bcefecf3774d",
            "755c2b38-7afa-4f77-a272-7a6b733970cb"
          ]
        }
      ],
      "Page": 1
    },
    {
      "BlockType": "LINE",
      "Confidence": 68.4324951171875,
      "Text": "PHRR (W/g)",
      "Geometry": {
        "BoundingBox": {
          "Width": 0.05380495637655258,
          "Height": 0.028261084109544754,
          "Left": 0.5899944305419922,
          "Top": 0.4437960088253021
        },
        "Polygon": [
          {
            "X": 0.5905933380126953,
            "Y": 0.44385915994644165
          },
          {
            "X": 0.643799364566803,
            "Y": 0.4437960088253021
          },
          {
            "X": 0.6432019472122192,
            "Y": 0.4719918370246887
          },
          {
            "X": 0.5899944305419922,
            "Y": 0.4720571041107178
          }
        ]
      },
      "Id": "18518d37-9022-409a-9526-391f92482142",
      "Relationships": [
        {
          "Type": "CHILD",
          "Ids": [
            "4fcc3ac5-5cd5-4853-950c-d8177a1f19c5",
            "c552f4e0-10f5-45c1-8a24-55bd76fc9593"
          ]
        }
      ],
      "Page": 1
    },
    {
      "BlockType": "LINE",
      "Confidence": 61.290924072265625,
      "Text": "THR kJ/g",
      "Geometry": {
        "BoundingBox": {
          "Width": 0.04018830135464668,
          "Height": 0.028143180534243584,
          "Left": 0.7092529535293579,
          "Top": 0.44501644372940063
        },
        "Polygon": [
          {
            "X": 0.7098464965820312,
            "Y": 0.4450635313987732
          },
          {
            "X": 0.7494412660598755,
            "Y": 0.44501644372940063
          },
          {
            "X": 0.7488488554954529,
            "Y": 0.47311100363731384
          },
          {
            "X": 0.7092529535293579,
            "Y": 0.4731596112251282
          }
        ]
      },
      "Id": "f9ec393a-fddc-4150-aca6-2f0e0ae93ba2",
      "Relationships": [
        {
          "Type": "CHILD",
          "Ids": [
            "77ffeebf-fb61-4fee-b860-205836aad394",
            "7e8be517-bfe7-421f-843a-5b5f6e13029a"
          ]
        }
      ],
      "Page": 1
    },
    {
      "BlockType": "LINE",
      "Confidence": 77.91513061523438,
      "Text": "% Char",
      "Geometry": {
        "BoundingBox": {
          "Width": 0.03091287426650524,
          "Height": 0.022840095683932304,
          "Left": 0.8152029514312744,
          "Top": 0.4447811543941498
        },
        "Polygon": [
          {
            "X": 0.8156823515892029,
            "Y": 0.44481733441352844
          },
          {
            "X": 0.8461158275604248,
            "Y": 0.4447811543941498
          },
          {
            "X": 0.8456370830535889,
            "Y": 0.46758410334587097
          },
          {
            "X": 0.8152029514312744,
            "Y": 0.46762123703956604
          }
        ]
      },
      "Id": "549efed7-765f-4fcc-a73e-a40aff9983ae",
      "Relationships": [
        {
          "Type": "CHILD",
          "Ids": [
            "43f6ebb3-af0f-4d22-bf1e-e1603c4bebf3",
            "f1b13e44-68ad-4cae-9817-38a33bb33de6"
          ]
        }
      ],
      "Page": 1
    },
    {
      "BlockType": "LINE",
      "Confidence": 99.69693756103516,
      "Text": "EMI",
      "Geometry": {
        "BoundingBox": {
          "Width": 0.016413426026701927,
          "Height": 0.01944524236023426,
          "Left": 0.1580018252134323,
          "Top": 0.49873965978622437
        },
        "Polygon": [
          {
            "X": 0.15842242538928986,
            "Y": 0.4987598657608032
          },
          {
            "X": 0.1744152456521988,
            "Y": 0.49873965978622437
          },
          {
            "X": 0.17399495840072632,
            "Y": 0.5181642770767212
          },
          {
            "X": 0.1580018252134323,
            "Y": 0.5181849002838135
          }
        ]
      },
      "Id": "1420e407-b98d-4eba-95fe-8626a915f27a",
      "Relationships": [
        {
          "Type": "CHILD",
          "Ids": [
            "7c7d2ff8-119a-4f16-b2f9-3f8f08afcbfb"
          ]
        }
      ],
      "Page": 1
    },
    {
      "BlockType": "LINE",
      "Confidence": 73.4156723022461,
      "Text": "0,0",
      "Geometry": {
        "BoundingBox": {
          "Width": 0.01297066081315279,
          "Height": 0.020692292600870132,
          "Left": 0.27873995900154114,
          "Top": 0.4984045624732971
        },
        "Polygon": [
          {
            "X": 0.2791852653026581,
            "Y": 0.4984203577041626
          },
          {
            "X": 0.29171064496040344,
            "Y": 0.4984045624732971
          },
          {
            "X": 0.2912655770778656,
            "Y": 0.5190806984901428
          },
          {
            "X": 0.27873995900154114,
            "Y": 0.519096851348877
          }
        ]
      },
      "Id": "5c9e0599-3b3e-4cb1-9d8b-670235e056c0",
      "Relationships": [
        {
          "Type": "CHILD",
          "Ids": [
            "4862776f-bff4-438f-b89f-9fcbfa66363a"
          ]
        }
      ],
      "Page": 1
    },
    {
      "BlockType": "LINE",
      "Confidence": 94.36436462402344,
      "Text": "18.8",
      "Geometry": {
        "BoundingBox": {
          "Width": 0.017162419855594635,
          "Height": 0.020715022459626198,
          "Left": 0.3870333731174469,
          "Top": 0.4983256757259369
        },
        "Polygon": [
          {
            "X": 0.3874768912792206,
            "Y": 0.4983467757701874
          },
          {
            "X": 0.40419578552246094,
            "Y": 0.4983256757259369
          },
          {
            "X": 0.4037525951862335,
            "Y": 0.5190191268920898
          },
          {
            "X": 0.3870333731174469,
            "Y": 0.5190407037734985
          }
        ]
      },
      "Id": "15c7b948-2187-4294-b551-bdc0edd6d57c",
      "Relationships": [
        {
          "Type": "CHILD",
          "Ids": [
            "222181c1-400c-45c1-9877-55efa81f3395"
          ]
        }
      ],
      "Page": 1
    },
    {
      "BlockType": "LINE",
      "Confidence": 99.91507720947266,
      "Text": "NR",
      "Geometry": {
        "BoundingBox": {
          "Width": 0.012807467952370644,
          "Height": 0.020562008023262024,
          "Left": 0.470598965883255,
          "Top": 0.4982961118221283
        },
        "Polygon": [
          {
            "X": 0.47103768587112427,
            "Y": 0.49831172823905945
          },
          {
            "X": 0.4834064543247223,
            "Y": 0.4982961118221283
          },
          {
            "X": 0.48296797275543213,
            "Y": 0.5188421607017517
          },
          {
            "X": 0.470598965883255,
            "Y": 0.5188581347465515
          }
        ]
      },
      "Id": "a3d2c749-95dd-48aa-9f04-309ab679ded5",
      "Relationships": [
        {
          "Type": "CHILD",
          "Ids": [
            "10c93904-c5b6-4c66-a442-feda3ec96828"
          ]
        }
      ],
      "Page": 1
    },
    {
      "BlockType": "LINE",
      "Confidence": 99.85450744628906,
      "Text": "697",
      "Geometry": {
        "BoundingBox": {
          "Width": 0.01561797596514225,
          "Height": 0.020828530192375183,
          "Left": 0.5903760194778442,
          "Top": 0.49822378158569336
        },
        "Polygon": [
          {
            "X": 0.5908179879188538,
            "Y": 0.49824294447898865
          },
          {
            "X": 0.6059939861297607,
            "Y": 0.49822378158569336
          },
          {
            "X": 0.6055523753166199,
            "Y": 0.5190327167510986
          },
          {
            "X": 0.5903760194778442,
            "Y": 0.5190523266792297
          }
        ]
      },
      "Id": "406733bf-f4cf-44a2-994b-ae9f46e5ebaa",
      "Relationships": [
        {
          "Type": "CHILD",
          "Ids": [
            "d972a5e3-0dc4-49d3-8de5-b43f0c06aa94"
          ]
        }
      ],
      "Page": 1
    },
    {
      "BlockType": "LINE",
      "Confidence": 99.94743347167969,
      "Text": "34",
      "Geometry": {
        "BoundingBox": {
          "Width": 0.010749963112175465,
          "Height": 0.021624503657221794,
          "Left": 0.7100943922996521,
          "Top": 0.49794748425483704
        },
        "Polygon": [
          {
            "X": 0.710550844669342,
            "Y": 0.49796047806739807
          },
          {
            "X": 0.7208443284034729,
            "Y": 0.49794748425483704
          },
          {
            "X": 0.7203880548477173,
            "Y": 0.5195586681365967
          },
          {
            "X": 0.7100943922996521,
            "Y": 0.5195719599723816
          }
        ]
      },
      "Id": "211d622d-05dc-4ae7-bb80-7accb4eddb92",
      "Relationships": [
        {
          "Type": "CHILD",
          "Ids": [
            "e382d7e6-d7ce-4fa5-a545-5f19ec870252"
          ]
        }
      ],
      "Page": 1
    },
    {
      "BlockType": "LINE",
      "Confidence": 96.1639633178711,
      "Text": "7.9",
      "Geometry": {
        "BoundingBox": {
          "Width": 0.012911326251924038,
          "Height": 0.02125580422580242,
          "Left": 0.8156242370605469,
          "Top": 0.4981505572795868
        },
        "Polygon": [
          {
            "X": 0.8160707354545593,
            "Y": 0.4981662929058075
          },
          {
            "X": 0.8285355567932129,
            "Y": 0.4981505572795868
          },
          {
            "X": 0.8280892968177795,
            "Y": 0.5193902850151062
          },
          {
            "X": 0.8156242370605469,
            "Y": 0.5194063782691956
          }
        ]
      },
      "Id": "146d6842-382a-4458-9968-aca444c1b30f",
      "Relationships": [
        {
          "Type": "CHILD",
          "Ids": [
            "b34bec11-dfb1-406f-ac92-36e34e78177a"
          ]
        }
      ],
      "Page": 1
    },
    {
      "BlockType": "LINE",
      "Confidence": 99.71552276611328,
      "Text": "BDE",
      "Geometry": {
        "BoundingBox": {
          "Width": 0.017249703407287598,
          "Height": 0.02030453085899353,
          "Left": 0.15786533057689667,
          "Top": 0.5313791036605835
        },
        "Polygon": [
          {
            "X": 0.15830448269844055,
            "Y": 0.5314010977745056
          },
          {
            "X": 0.17511503398418427,
            "Y": 0.5313791036605835
          },
          {
            "X": 0.17467622458934784,
            "Y": 0.5516611933708191
          },
          {
            "X": 0.15786533057689667,
            "Y": 0.5516836643218994
          }
        ]
      },
      "Id": "6de0855b-f4fe-48c7-8e17-66cca2bae499",
      "Relationships": [
        {
          "Type": "CHILD",
          "Ids": [
            "4d48908e-5256-4125-900d-7ce79b8bc7ef"
          ]
        }
      ],
      "Page": 1
    },
    {
      "BlockType": "LINE",
      "Confidence": 99.59428405761719,
      "Text": "4.04",
      "Geometry": {
        "BoundingBox": {
          "Width": 0.018305256962776184,
          "Height": 0.021185237914323807,
          "Left": 0.2786402702331543,
          "Top": 0.530817449092865
        },
        "Polygon": [
          {
            "X": 0.27909600734710693,
            "Y": 0.5308407545089722
          },
          {
            "X": 0.2969455122947693,
            "Y": 0.530817449092865
          },
          {
            "X": 0.2964901626110077,
            "Y": 0.5519788265228271
          },
          {
            "X": 0.2786402702331543,
            "Y": 0.5520026683807373
          }
        ]
      },
      "Id": "50d434b6-d6a2-4761-b65d-2ab1438ac463",
      "Relationships": [
        {
          "Type": "CHILD",
          "Ids": [
            "ddf3afad-493b-48d6-8c46-d1b305da8456"
          ]
        }
      ],
      "Page": 1
    },
    {
      "BlockType": "LINE",
      "Confidence": 97.8390121459961,
      "Text": "35.6",
      "Geometry": {
        "BoundingBox": {
          "Width": 0.017879778519272804,
          "Height": 0.021061774343252182,
          "Left": 0.38636091351509094,
          "Top": 0.5307436585426331
        },
        "Polygon": [
          {
            "X": 0.38681185245513916,
            "Y": 0.5307664275169373
          },
          {
            "X": 0.4042406976222992,
            "Y": 0.5307436585426331
          },
          {
            "X": 0.403790146112442,
            "Y": 0.5517821311950684
          },
          {
            "X": 0.38636091351509094,
            "Y": 0.5518054366111755
          }
        ]
      },
      "Id": "506d7e25-af46-4c23-905f-2356bfeb656d",
      "Relationships": [
        {
          "Type": "CHILD",
          "Ids": [
            "acebf11e-8ce9-4020-a0bc-ea21f220dae3"
          ]
        }
      ],
      "Page": 1
    },
    {
      "BlockType": "LINE",
      "Confidence": 88.25688171386719,
      "Text": "V0",
      "Geometry": {
        "BoundingBox": {
          "Width": 0.011942137032747269,
          "Height": 0.019744141027331352,
          "Left": 0.47032538056373596,
          "Top": 0.5313237905502319
        },
        "Polygon": [
          {
            "X": 0.47074663639068604,
            "Y": 0.5313388705253601
          },
          {
            "X": 0.4822675287723541,
            "Y": 0.5313237905502319
          },
          {
            "X": 0.48184648156166077,
            "Y": 0.5510525107383728
          },
          {
            "X": 0.47032538056373596,
            "Y": 0.5510678887367249
          }
        ]
      },
      "Id": "6195e673-ef4a-4883-87f8-0135e17f1540",
      "Relationships": [
        {
          "Type": "CHILD",
          "Ids": [
            "07f3ca56-7f67-44b3-9e8e-1bb9abec9566"
          ]
        }
      ],
      "Page": 1
    },
    {
      "BlockType": "LINE",
      "Confidence": 99.97247314453125,
      "Text": "704",
      "Geometry": {
        "BoundingBox": {
          "Width": 0.01592254638671875,
          "Height": 0.021146079525351524,
          "Left": 0.5903809666633606,
          "Top": 0.5307324528694153
        },
        "Polygon": [
          {
            "X": 0.590829610824585,
            "Y": 0.5307526588439941
          },
          {
            "X": 0.6063035130500793,
            "Y": 0.5307324528694153
          },
          {
            "X": 0.6058551669120789,
            "Y": 0.5518578290939331
          },
          {
            "X": 0.5903809666633606,
            "Y": 0.5518785119056702
          }
        ]
      },
      "Id": "d60d64c1-8e81-40d2-9d59-5ea8602e6f6f",
      "Relationships": [
        {
          "Type": "CHILD",
          "Ids": [
            "fa91b78e-f2cf-42cf-98c6-2ffabef0c62d"
          ]
        }
      ],
      "Page": 1
    },
    {
      "BlockType": "LINE",
      "Confidence": 99.94905853271484,
      "Text": "20",
      "Geometry": {
        "BoundingBox": {
          "Width": 0.010515696369111538,
          "Height": 0.02072252705693245,
          "Left": 0.7100527882575989,
          "Top": 0.5305998921394348
        },
        "Polygon": [
          {
            "X": 0.7104902267456055,
            "Y": 0.5306130647659302
          },
          {
            "X": 0.7205684781074524,
            "Y": 0.5305998921394348
          },
          {
            "X": 0.7201312780380249,
            "Y": 0.5513089299201965
          },
          {
            "X": 0.7100527882575989,
            "Y": 0.5513224005699158
          }
        ]
      },
      "Id": "bc74da2c-0b62-4dfe-afba-c55765d46ae7",
      "Relationships": [
        {
          "Type": "CHILD",
          "Ids": [
            "bef50025-862f-4f3b-a30f-f02dd8c048f5"
          ]
        }
      ],
      "Page": 1
    },
    {
      "BlockType": "LINE",
      "Confidence": 92.66169738769531,
      "Text": "26.3",
      "Geometry": {
        "BoundingBox": {
          "Width": 0.01749499887228012,
          "Height": 0.021183932200074196,
          "Left": 0.8157426714897156,
          "Top": 0.5305362343788147
        },
        "Polygon": [
          {
            "X": 0.8161875605583191,
            "Y": 0.5305585265159607
          },
          {
            "X": 0.8332377076148987,
            "Y": 0.5305362343788147
          },
          {
            "X": 0.8327931761741638,
            "Y": 0.5516973733901978
          },
          {
            "X": 0.8157426714897156,
            "Y": 0.5517202019691467
          }
        ]
      },
      "Id": "77beaf39-2d59-4e67-a549-48e9027f4fdc",
      "Relationships": [
        {
          "Type": "CHILD",
          "Ids": [
            "b401b18f-e761-4de5-ae3b-056a0b7ca1ce"
          ]
        }
      ],
      "Page": 1
    },
    {
      "BlockType": "WORD",
      "Confidence": 99.98458099365234,
      "Text": "Curing",
      "TextType": "PRINTED",
      "Geometry": {
        "BoundingBox": {
          "Width": 0.02815852500498295,
          "Height": 0.027054619044065475,
          "Left": 0.15764810144901276,
          "Top": 0.445256769657135
        },
        "Polygon": [
          {
            "X": 0.15823321044445038,
            "Y": 0.4452895224094391
          },
          {
            "X": 0.18580661714076996,
            "Y": 0.445256769657135
          },
          {
            "X": 0.18522223830223083,
            "Y": 0.47227758169174194
          },
          {
            "X": 0.15764810144901276,
            "Y": 0.4723113775253296
          }
        ]
      },
      "Id": "6eca0c3b-2bef-40d9-86df-ebc6dc13664d",
      "Page": 1
    },
    {
      "BlockType": "WORD",
      "Confidence": 99.84542846679688,
      "Text": "Agent",
      "TextType": "PRINTED",
      "Geometry": {
        "BoundingBox": {
          "Width": 0.025124501436948776,
          "Height": 0.026210473850369453,
          "Left": 0.18749044835567474,
          "Top": 0.44605761766433716
        },
        "Polygon": [
          {
            "X": 0.1880566030740738,
            "Y": 0.4460868239402771
          },
          {
            "X": 0.21261495351791382,
            "Y": 0.44605761766433716
          },
          {
            "X": 0.2120494246482849,
            "Y": 0.4722379744052887
          },
          {
            "X": 0.18749044835567474,
            "Y": 0.47226807475090027
          }
        ]
      },
      "Id": "90ed3ae5-93d3-4ae1-86a9-22cb89530b65",
      "Page": 1
    },
    {
      "BlockType": "WORD",
      "Confidence": 98.76590728759766,
      "Text": "%P",
      "TextType": "PRINTED",
      "Geometry": {
        "BoundingBox": {
          "Width": 0.011285128071904182,
          "Height": 0.021642547100782394,
          "Left": 0.2785439193248749,
          "Top": 0.44572025537490845
        },
        "Polygon": [
          {
            "X": 0.27900975942611694,
            "Y": 0.44573312997817993
          },
          {
            "X": 0.2898290455341339,
            "Y": 0.44572025537490845
          },
          {
            "X": 0.28936341404914856,
            "Y": 0.4673496186733246
          },
          {
            "X": 0.2785439193248749,
            "Y": 0.46736282110214233
          }
        ]
      },
      "Id": "cff501f3-965c-45b8-95b9-db71ab517f73",
      "Page": 1
    },
    {
      "BlockType": "WORD",
      "Confidence": 99.93121337890625,
      "Text": "(Mass)",
      "TextType": "PRINTED",
      "Geometry": {
        "BoundingBox": {
          "Width": 0.02808055840432644,
          "Height": 0.02695298194885254,
          "Left": 0.2918590307235718,
          "Top": 0.4448913037776947
        },
        "Polygon": [
          {
            "X": 0.29243847727775574,
            "Y": 0.4449239671230316
          },
          {
            "X": 0.31993958353996277,
            "Y": 0.4448913037776947
          },
          {
            "X": 0.3193608522415161,
            "Y": 0.47181057929992676
          },
          {
            "X": 0.2918590307235718,
            "Y": 0.47184428572654724
          }
        ]
      },
      "Id": "92a2b7e3-bff0-414b-804a-8d249e119968",
      "Page": 1
    },
    {
      "BlockType": "WORD",
      "Confidence": 99.83568572998047,
      "Text": "LOI",
      "TextType": "PRINTED",
      "Geometry": {
        "BoundingBox": {
          "Width": 0.014036206528544426,
          "Height": 0.0209242794662714,
          "Left": 0.38636454939842224,
          "Top": 0.4462582767009735
        },
        "Polygon": [
          {
            "X": 0.3868127167224884,
            "Y": 0.44627445936203003
          },
          {
            "X": 0.4004007577896118,
            "Y": 0.4462582767009735
          },
          {
            "X": 0.39995288848876953,
            "Y": 0.4671659767627716
          },
          {
            "X": 0.38636454939842224,
            "Y": 0.46718254685401917
          }
        ]
      },
      "Id": "19a0c550-714f-447f-bdda-a118b781373b",
      "Page": 1
    },
    {
      "BlockType": "WORD",
      "Confidence": 99.90809631347656,
      "Text": "UL",
      "TextType": "PRINTED",
      "Geometry": {
        "BoundingBox": {
          "Width": 0.01192476600408554,
          "Height": 0.02106023021042347,
          "Left": 0.47051554918289185,
          "Top": 0.4461052119731903
        },
        "Polygon": [
          {
            "X": 0.4709649682044983,
            "Y": 0.44611886143684387
          },
          {
            "X": 0.482440322637558,
            "Y": 0.4461052119731903
          },
          {
            "X": 0.48199114203453064,
            "Y": 0.4671514332294464
          },
          {
            "X": 0.47051554918289185,
            "Y": 0.46716544032096863
          }
        ]
      },
      "Id": "8b5a7167-46a0-4853-a7cc-85c543aa70ff",
      "Page": 1
    },
    {
      "BlockType": "WORD",
      "Confidence": 99.9454574584961,
      "Text": "94",
      "TextType": "PRINTED",
      "Geometry": {
        "BoundingBox": {
          "Width": 0.010922529734671116,
          "Height": 0.02198069728910923,
          "Left": 0.483950674533844,
          "Top": 0.44570884108543396
        },
        "Polygon": [
          {
            "X": 0.48441949486732483,
            "Y": 0.44572126865386963
          },
          {
            "X": 0.49487319588661194,
            "Y": 0.44570884108543396
          },
          {
            "X": 0.4944046139717102,
            "Y": 0.4676767885684967
          },
          {
            "X": 0.483950674533844,
            "Y": 0.46768954396247864
          }
        ]
      },
      "Id": "b4a691de-bb87-4b1e-9b78-bcefecf3774d",
      "Page": 1
    },
    {
      "BlockType": "WORD",
      "Confidence": 99.97331237792969,
      "Text": "Rating",
      "TextType": "PRINTED",
      "Geometry": {
        "BoundingBox": {
          "Width": 0.026972830295562744,
          "Height": 0.02682003378868103,
          "Left": 0.49700927734375,
          "Top": 0.44550207257270813
        },
        "Polygon": [
          {
            "X": 0.4975806176662445,
            "Y": 0.44553348422050476
          },
          {
            "X": 0.5239821076393127,
            "Y": 0.44550207257270813
          },
          {
            "X": 0.5234114527702332,
            "Y": 0.4722897410392761
          },
          {
            "X": 0.49700927734375,
            "Y": 0.47232210636138916
          }
        ]
      },
      "Id": "755c2b38-7afa-4f77-a272-7a6b733970cb",
      "Page": 1
    },
    {
      "BlockType": "WORD",
      "Confidence": 40.091156005859375,
      "Text": "PHRR",
      "TextType": "PRINTED",
      "Geometry": {
        "BoundingBox": {
          "Width": 0.026751317083835602,
          "Height": 0.023146584630012512,
          "Left": 0.5901023745536804,
          "Top": 0.4438279867172241
        },
        "Polygon": [
          {
            "X": 0.5905933380126953,
            "Y": 0.44385915994644165
          },
          {
            "X": 0.6168537139892578,
            "Y": 0.4438279867172241
          },
          {
            "X": 0.6163633465766907,
            "Y": 0.46694257855415344
          },
          {
            "X": 0.5901023745536804,
            "Y": 0.4669745862483978
          }
        ]
      },
      "Id": "4fcc3ac5-5cd5-4853-950c-d8177a1f19c5",
      "Page": 1
    },
    {
      "BlockType": "WORD",
      "Confidence": 96.77383422851562,
      "Text": "(W/g)",
      "TextType": "PRINTED",
      "Geometry": {
        "BoundingBox": {
          "Width": 0.02466421201825142,
          "Height": 0.026787064969539642,
          "Left": 0.6191046833992004,
          "Top": 0.4452343285083771
        },
        "Polygon": [
          {
            "X": 0.6196722984313965,
            "Y": 0.44526299834251404
          },
          {
            "X": 0.6437689065933228,
            "Y": 0.4452343285083771
          },
          {
            "X": 0.6432019472122192,
            "Y": 0.4719918370246887
          },
          {
            "X": 0.6191046833992004,
            "Y": 0.4720214009284973
          }
        ]
      },
      "Id": "c552f4e0-10f5-45c1-8a24-55bd76fc9593",
      "Page": 1
    },
    {
      "BlockType": "WORD",
      "Confidence": 44.55966567993164,
      "Text": "THR",
      "TextType": "PRINTED",
      "Geometry": {
        "BoundingBox": {
          "Width": 0.021059565246105194,
          "Height": 0.022111501544713974,
          "Left": 0.7093799114227295,
          "Top": 0.4450390338897705
        },
        "Polygon": [
          {
            "X": 0.7098464965820312,
            "Y": 0.4450635313987732
          },
          {
            "X": 0.7304394841194153,
            "Y": 0.4450390338897705
          },
          {
            "X": 0.7299733757972717,
            "Y": 0.46712541580200195
          },
          {
            "X": 0.7093799114227295,
            "Y": 0.4671505391597748
          }
        ]
      },
      "Id": "77ffeebf-fb61-4fee-b860-205836aad394",
      "Page": 1
    },
    {
      "BlockType": "WORD",
      "Confidence": 78.02217864990234,
      "Text": "kJ/g",
      "TextType": "PRINTED",
      "Geometry": {
        "BoundingBox": {
          "Width": 0.016457246616482735,
          "Height": 0.027926011011004448,
          "Left": 0.7329800724983215,
          "Top": 0.4452044665813446
        },
        "Polygon": [
          {
            "X": 0.7335689663887024,
            "Y": 0.4452233612537384
          },
          {
            "X": 0.7494373321533203,
            "Y": 0.4452044665813446
          },
          {
            "X": 0.7488488554954529,
            "Y": 0.47311100363731384
          },
          {
            "X": 0.7329800724983215,
            "Y": 0.4731304943561554
          }
        ]
      },
      "Id": "7e8be517-bfe7-421f-843a-5b5f6e13029a",
      "Page": 1
    },
    {
      "BlockType": "WORD",
      "Confidence": 99.86602020263672,
      "Text": "%",
      "TextType": "PRINTED",
      "Geometry": {
        "BoundingBox": {
          "Width": 0.006647977512329817,
          "Height": 0.021669629961252213,
          "Left": 0.8152029514312744,
          "Top": 0.4459516108036041
        },
        "Polygon": [
          {
            "X": 0.8156583309173584,
            "Y": 0.4459589719772339
          },
          {
            "X": 0.8218508958816528,
            "Y": 0.4459516108036041
          },
          {
            "X": 0.8213956356048584,
            "Y": 0.46761366724967957
          },
          {
            "X": 0.8152029514312744,
            "Y": 0.46762123703956604
          }
        ]
      },
      "Id": "43f6ebb3-af0f-4d22-bf1e-e1603c4bebf3",
      "Page": 1
    },
    {
      "BlockType": "WORD",
      "Confidence": 55.964237213134766,
      "Text": "Char",
      "TextType": "PRINTED",
      "Geometry": {
        "BoundingBox": {
          "Width": 0.022309644147753716,
          "Height": 0.022141441702842712,
          "Left": 0.8238061666488647,
          "Top": 0.4447811543941498
        },
        "Polygon": [
          {
            "X": 0.8242709040641785,
            "Y": 0.44480711221694946
          },
          {
            "X": 0.8461158275604248,
            "Y": 0.4447811543941498
          },
          {
            "X": 0.8456515073776245,
            "Y": 0.4668959379196167
          },
          {
            "X": 0.8238061666488647,
            "Y": 0.4669225811958313
          }
        ]
      },
      "Id": "f1b13e44-68ad-4cae-9817-38a33bb33de6",
      "Page": 1
    },
    {
      "BlockType": "WORD",
      "Confidence": 99.69693756103516,
      "Text": "EMI",
      "TextType": "PRINTED",
      "Geometry": {
        "BoundingBox": {
          "Width": 0.016413426026701927,
          "Height": 0.01944524236023426,
          "Left": 0.1580018252134323,
          "Top": 0.49873965978622437
        },
        "Polygon": [
          {
            "X": 0.15842242538928986,
            "Y": 0.4987598657608032
          },
          {
            "X": 0.1744152456521988,
            "Y": 0.49873965978622437
          },
          {
            "X": 0.17399495840072632,
            "Y": 0.5181642770767212
          },
          {
            "X": 0.1580018252134323,
            "Y": 0.5181849002838135
          }
        ]
      },
      "Id": "7c7d2ff8-119a-4f16-b2f9-3f8f08afcbfb",
      "Page": 1
    },
    {
      "BlockType": "WORD",
      "Confidence": 73.4156723022461,
      "Text": "0,0",
      "TextType": "PRINTED",
      "Geometry": {
        "BoundingBox": {
          "Width": 0.01297066081315279,
          "Height": 0.020692292600870132,
          "Left": 0.27873995900154114,
          "Top": 0.4984045624732971
        },
        "Polygon": [
          {
            "X": 0.2791852653026581,
            "Y": 0.4984203577041626
          },
          {
            "X": 0.29171064496040344,
            "Y": 0.4984045624732971
          },
          {
            "X": 0.2912655770778656,
            "Y": 0.5190806984901428
          },
          {
            "X": 0.27873995900154114,
            "Y": 0.519096851348877
          }
        ]
      },
      "Id": "4862776f-bff4-438f-b89f-9fcbfa66363a",
      "Page": 1
    },
    {
      "BlockType": "WORD",
      "Confidence": 94.36436462402344,
      "Text": "18.8",
      "TextType": "PRINTED",
      "Geometry": {
        "BoundingBox": {
          "Width": 0.017162419855594635,
          "Height": 0.020715022459626198,
          "Left": 0.3870333731174469,
          "Top": 0.4983256757259369
        },
        "Polygon": [
          {
            "X": 0.3874768912792206,
            "Y": 0.4983467757701874
          },
          {
            "X": 0.40419578552246094,
            "Y": 0.4983256757259369
          },
          {
            "X": 0.4037525951862335,
            "Y": 0.5190191268920898
          },
          {
            "X": 0.3870333731174469,
            "Y": 0.5190407037734985
          }
        ]
      },
      "Id": "222181c1-400c-45c1-9877-55efa81f3395",
      "Page": 1
    },
    {
      "BlockType": "WORD",
      "Confidence": 99.91507720947266,
      "Text": "NR",
      "TextType": "PRINTED",
      "Geometry": {
        "BoundingBox": {
          "Width": 0.012807467952370644,
          "Height": 0.020562008023262024,
          "Left": 0.470598965883255,
          "Top": 0.4982961118221283
        },
        "Polygon": [
          {
            "X": 0.47103768587112427,
            "Y": 0.49831172823905945
          },
          {
            "X": 0.4834064543247223,
            "Y": 0.4982961118221283
          },
          {
            "X": 0.48296797275543213,
            "Y": 0.5188421607017517
          },
          {
            "X": 0.470598965883255,
            "Y": 0.5188581347465515
          }
        ]
      },
      "Id": "10c93904-c5b6-4c66-a442-feda3ec96828",
      "Page": 1
    },
    {
      "BlockType": "WORD",
      "Confidence": 99.85450744628906,
      "Text": "697",
      "TextType": "PRINTED",
      "Geometry": {
        "BoundingBox": {
          "Width": 0.01561797596514225,
          "Height": 0.020828530192375183,
          "Left": 0.5903760194778442,
          "Top": 0.49822378158569336
        },
        "Polygon": [
          {
            "X": 0.5908179879188538,
            "Y": 0.49824294447898865
          },
          {
            "X": 0.6059939861297607,
            "Y": 0.49822378158569336
          },
          {
            "X": 0.6055523753166199,
            "Y": 0.5190327167510986
          },
          {
            "X": 0.5903760194778442,
            "Y": 0.5190523266792297
          }
        ]
      },
      "Id": "d972a5e3-0dc4-49d3-8de5-b43f0c06aa94",
      "Page": 1
    },
    {
      "BlockType": "WORD",
      "Confidence": 99.94743347167969,
      "Text": "34",
      "TextType": "PRINTED",
      "Geometry": {
        "BoundingBox": {
          "Width": 0.010749963112175465,
          "Height": 0.021624503657221794,
          "Left": 0.7100943922996521,
          "Top": 0.49794748425483704
        },
        "Polygon": [
          {
            "X": 0.710550844669342,
            "Y": 0.49796047806739807
          },
          {
            "X": 0.7208443284034729,
            "Y": 0.49794748425483704
          },
          {
            "X": 0.7203880548477173,
            "Y": 0.5195586681365967
          },
          {
            "X": 0.7100943922996521,
            "Y": 0.5195719599723816
          }
        ]
      },
      "Id": "e382d7e6-d7ce-4fa5-a545-5f19ec870252",
      "Page": 1
    },
    {
      "BlockType": "WORD",
      "Confidence": 96.1639633178711,
      "Text": "7.9",
      "TextType": "PRINTED",
      "Geometry": {
        "BoundingBox": {
          "Width": 0.012911326251924038,
          "Height": 0.02125580422580242,
          "Left": 0.8156242370605469,
          "Top": 0.4981505572795868
        },
        "Polygon": [
          {
            "X": 0.8160707354545593,
            "Y": 0.4981662929058075
          },
          {
            "X": 0.8285355567932129,
            "Y": 0.4981505572795868
          },
          {
            "X": 0.8280892968177795,
            "Y": 0.5193902850151062
          },
          {
            "X": 0.8156242370605469,
            "Y": 0.5194063782691956
          }
        ]
      },
      "Id": "b34bec11-dfb1-406f-ac92-36e34e78177a",
      "Page": 1
    },
    {
      "BlockType": "WORD",
      "Confidence": 99.71552276611328,
      "Text": "BDE",
      "TextType": "PRINTED",
      "Geometry": {
        "BoundingBox": {
          "Width": 0.017249703407287598,
          "Height": 0.02030453085899353,
          "Left": 0.15786533057689667,
          "Top": 0.5313791036605835
        },
        "Polygon": [
          {
            "X": 0.15830448269844055,
            "Y": 0.5314010977745056
          },
          {
            "X": 0.17511503398418427,
            "Y": 0.5313791036605835
          },
          {
            "X": 0.17467622458934784,
            "Y": 0.5516611933708191
          },
          {
            "X": 0.15786533057689667,
            "Y": 0.5516836643218994
          }
        ]
      },
      "Id": "4d48908e-5256-4125-900d-7ce79b8bc7ef",
      "Page": 1
    },
    {
      "BlockType": "WORD",
      "Confidence": 99.59428405761719,
      "Text": "4.04",
      "TextType": "PRINTED",
      "Geometry": {
        "BoundingBox": {
          "Width": 0.018305256962776184,
          "Height": 0.021185237914323807,
          "Left": 0.2786402702331543,
          "Top": 0.530817449092865
        },
        "Polygon": [
          {
            "X": 0.27909600734710693,
            "Y": 0.5308407545089722
          },
          {
            "X": 0.2969455122947693,
            "Y": 0.530817449092865
          },
          {
            "X": 0.2964901626110077,
            "Y": 0.5519788265228271
          },
          {
            "X": 0.2786402702331543,
            "Y": 0.5520026683807373
          }
        ]
      },
      "Id": "ddf3afad-493b-48d6-8c46-d1b305da8456",
      "Page": 1
    },
    {
      "BlockType": "WORD",
      "Confidence": 97.8390121459961,
      "Text": "35.6",
      "TextType": "PRINTED",
      "Geometry": {
        "BoundingBox": {
          "Width": 0.017879778519272804,
          "Height": 0.021061774343252182,
          "Left": 0.38636091351509094,
          "Top": 0.5307436585426331
        },
        "Polygon": [
          {
            "X": 0.38681185245513916,
            "Y": 0.5307664275169373
          },
          {
            "X": 0.4042406976222992,
            "Y": 0.5307436585426331
          },
          {
            "X": 0.403790146112442,
            "Y": 0.5517821311950684
          },
          {
            "X": 0.38636091351509094,
            "Y": 0.5518054366111755
          }
        ]
      },
      "Id": "acebf11e-8ce9-4020-a0bc-ea21f220dae3",
      "Page": 1
    },
    {
      "BlockType": "WORD",
      "Confidence": 88.25688171386719,
      "Text": "V0",
      "TextType": "PRINTED",
      "Geometry": {
        "BoundingBox": {
          "Width": 0.011942137032747269,
          "Height": 0.019744141027331352,
          "Left": 0.47032538056373596,
          "Top": 0.5313237905502319
        },
        "Polygon": [
          {
            "X": 0.47074663639068604,
            "Y": 0.5313388705253601
          },
          {
            "X": 0.4822675287723541,
            "Y": 0.5313237905502319
          },
          {
            "X": 0.48184648156166077,
            "Y": 0.5510525107383728
          },
          {
            "X": 0.47032538056373596,
            "Y": 0.5510678887367249
          }
        ]
      },
      "Id": "07f3ca56-7f67-44b3-9e8e-1bb9abec9566",
      "Page": 1
    },
    {
      "BlockType": "WORD",
      "Confidence": 99.97247314453125,
      "Text": "704",
      "TextType": "PRINTED",
      "Geometry": {
        "BoundingBox": {
          "Width": 0.01592254638671875,
          "Height": 0.021146079525351524,
          "Left": 0.5903809666633606,
          "Top": 0.5307324528694153
        },
        "Polygon": [
          {
            "X": 0.590829610824585,
            "Y": 0.5307526588439941
          },
          {
            "X": 0.6063035130500793,
            "Y": 0.5307324528694153
          },
          {
            "X": 0.6058551669120789,
            "Y": 0.5518578290939331
          },
          {
            "X": 0.5903809666633606,
            "Y": 0.5518785119056702
          }
        ]
      },
      "Id": "fa91b78e-f2cf-42cf-98c6-2ffabef0c62d",
      "Page": 1
    },
    {
      "BlockType": "WORD",
      "Confidence": 99.94905853271484,
      "Text": "20",
      "TextType": "PRINTED",
      "Geometry": {
        "BoundingBox": {
          "Width": 0.010515696369111538,
          "Height": 0.02072252705693245,
          "Left": 0.7100527882575989,
          "Top": 0.5305998921394348
        },
        "Polygon": [
          {
            "X": 0.7104902267456055,
            "Y": 0.5306130647659302
          },
          {
            "X": 0.7205684781074524,
            "Y": 0.5305998921394348
          },
          {
            "X": 0.7201312780380249,
            "Y": 0.5513089299201965
          },
          {
            "X": 0.7100527882575989,
            "Y": 0.5513224005699158
          }
        ]
      },
      "Id": "bef50025-862f-4f3b-a30f-f02dd8c048f5",
      "Page": 1
    },
    {
      "BlockType": "WORD",
      "Confidence": 92.66169738769531,
      "Text": "26.3",
      "TextType": "PRINTED",
      "Geometry": {
        "BoundingBox": {
          "Width": 0.01749499887228012,
          "Height": 0.021183932200074196,
          "Left": 0.8157426714897156,
          "Top": 0.5305362343788147
        },
        "Polygon": [
          {
            "X": 0.8161875605583191,
            "Y": 0.5305585265159607
          },
          {
            "X": 0.8332377076148987,
            "Y": 0.5305362343788147
          },
          {
            "X": 0.8327931761741638,
            "Y": 0.5516973733901978
          },
          {
            "X": 0.8157426714897156,
            "Y": 0.5517202019691467
          }
        ]
      },
      "Id": "b401b18f-e761-4de5-ae3b-056a0b7ca1ce",
      "Page": 1
    },
    {
      "BlockType": "TABLE",
      "Confidence": 99.755859375,
      "Geometry": {
        "BoundingBox": {
          "Width": 0.7088893055915833,
          "Height": 0.14476986229419708,
          "Left": 0.14578412473201752,
          "Top": 0.42902684211730957
        },
        "Polygon": [
          {
            "X": 0.14890238642692566,
            "Y": 0.4298505485057831
          },
          {
            "X": 0.8546733856201172,
            "Y": 0.42902684211730957
          },
          {
            "X": 0.8516554236412048,
            "Y": 0.5728324055671692
          },
          {
            "X": 0.14578412473201752,
            "Y": 0.5737966895103455
          }
        ]
      },
      "Id": "eb4888f1-f49c-44ca-86de-63c962185563",
      "Relationships": [
        {
          "Type": "CHILD",
          "Ids": [
            "c36d4627-92e7-47fe-9a52-4034114b2a7f",
            "dc12ba77-11b6-4ae7-9173-e0e4a1e344f1",
            "e082fe1f-89dc-404f-a017-bec511d71351",
            "3bce3a41-c044-4712-a05e-861171b6628e",
            "2808374b-b6c8-44cd-b172-c312c60ac261",
            "721ed7ee-803b-4235-b861-530b8de2808a",
            "4365abdf-843c-4882-90c5-b6889c517922",
            "b0e0f6c2-ffb4-40ee-82d0-382fd3339f61",
            "a6811d32-d1a7-4341-95db-67f227783397",
            "ff542cab-35cb-426f-aefa-169ccf973265",
            "24b6b696-365e-49d2-824c-b4755f22d222",
            "499b17fd-37c4-4a67-98df-5b5abe0841ed",
            "d93c6591-f22e-461e-bff0-caffcf028819",
            "86a93eb5-bbd6-4850-8687-0fa5a2fded60",
            "0db57343-16d9-4e31-80b3-3e0cd7a92c6e",
            "9f5d5d31-11d4-49ec-bed0-a0dfa2f1407a",
            "ed0ab633-728e-4df8-be7a-c70962946ad9",
            "cb155c8b-2ccf-4fc0-83b1-34e8bf0661e9",
            "2be23532-fd8f-454a-a07c-d416e3fa5d6b",
            "98879491-03bd-4085-ada9-446cfa41e1b6",
            "3671aa95-0670-4410-96c0-0adf174531ad"
          ]
        }
      ],
      "EntityTypes": [
        "STRUCTURED_TABLE"
      ],
      "Page": 1
    },
    {
      "BlockType": "CELL",
      "Confidence": 87.548828125,
      "RowIndex": 1,
      "ColumnIndex": 1,
      "RowSpan": 1,
      "ColumnSpan": 1,
      "Geometry": {
        "BoundingBox": {
          "Width": 0.09545130282640457,
          "Height": 0.05529870092868805,
          "Left": 0.14770685136318207,
          "Top": 0.4297405481338501
        },
        "Polygon": [
          {
            "X": 0.14890238642692566,
            "Y": 0.4298505485057831
          },
          {
            "X": 0.24315814673900604,
            "Y": 0.4297405481338501
          },
          {
            "X": 0.24196775257587433,
            "Y": 0.48492202162742615
          },
          {
            "X": 0.14770685136318207,
            "Y": 0.48503923416137695
          }
        ]
      },
      "Id": "c36d4627-92e7-47fe-9a52-4034114b2a7f",
      "Relationships": [
        {
          "Type": "CHILD",
          "Ids": [
            "6eca0c3b-2bef-40d9-86df-ebc6dc13664d",
            "90ed3ae5-93d3-4ae1-86a9-22cb89530b65"
          ]
        }
      ],
      "EntityTypes": [
        "COLUMN_HEADER"
      ],
      "Page": 1
    },
    {
      "BlockType": "CELL",
      "Confidence": 88.330078125,
      "RowIndex": 1,
      "ColumnIndex": 2,
      "RowSpan": 1,
      "ColumnSpan": 1,
      "Geometry": {
        "BoundingBox": {
          "Width": 0.11055296659469604,
          "Height": 0.05530913174152374,
          "Left": 0.24196775257587433,
          "Top": 0.4296129047870636
        },
        "Polygon": [
          {
            "X": 0.24315814673900604,
            "Y": 0.4297405481338501
          },
          {
            "X": 0.35252073407173157,
            "Y": 0.4296129047870636
          },
          {
            "X": 0.3513363003730774,
            "Y": 0.4847860336303711
          },
          {
            "X": 0.24196775257587433,
            "Y": 0.48492202162742615
          }
        ]
      },
      "Id": "dc12ba77-11b6-4ae7-9173-e0e4a1e344f1",
      "Relationships": [
        {
          "Type": "CHILD",
          "Ids": [
            "cff501f3-965c-45b8-95b9-db71ab517f73",
            "92a2b7e3-bff0-414b-804a-8d249e119968"
          ]
        }
      ],
      "EntityTypes": [
        "COLUMN_HEADER"
      ],
      "Page": 1
    },
    {
      "BlockType": "CELL",
      "Confidence": 85.546875,
      "RowIndex": 1,
      "ColumnIndex": 3,
      "RowSpan": 1,
      "ColumnSpan": 1,
      "Geometry": {
        "BoundingBox": {
          "Width": 0.08806503564119339,
          "Height": 0.055274538695812225,
          "Left": 0.3513363003730774,
          "Top": 0.42951148748397827
        },
        "Polygon": [
          {
            "X": 0.35252073407173157,
            "Y": 0.4296129047870636
          },
          {
            "X": 0.4394013285636902,
            "Y": 0.42951148748397827
          },
          {
            "X": 0.43822163343429565,
            "Y": 0.4846780002117157
          },
          {
            "X": 0.3513363003730774,
            "Y": 0.4847860336303711
          }
        ]
      },
      "Id": "e082fe1f-89dc-404f-a017-bec511d71351",
      "Relationships": [
        {
          "Type": "CHILD",
          "Ids": [
            "19a0c550-714f-447f-bdda-a118b781373b"
          ]
        }
      ],
      "EntityTypes": [
        "COLUMN_HEADER"
      ],
      "Page": 1
    },
    {
      "BlockType": "CELL",
      "Confidence": 89.501953125,
      "RowIndex": 1,
      "ColumnIndex": 4,
      "RowSpan": 1,
      "ColumnSpan": 1,
      "Geometry": {
        "BoundingBox": {
          "Width": 0.1182890310883522,
          "Height": 0.0553031824529171,
          "Left": 0.43822163343429565,
          "Top": 0.4293748140335083
        },
        "Polygon": [
          {
            "X": 0.4394013285636902,
            "Y": 0.42951148748397827
          },
          {
            "X": 0.5565106868743896,
            "Y": 0.4293748140335083
          },
          {
            "X": 0.5553373694419861,
            "Y": 0.4845323860645294
          },
          {
            "X": 0.43822163343429565,
            "Y": 0.4846780002117157
          }
        ]
      },
      "Id": "3bce3a41-c044-4712-a05e-861171b6628e",
      "Relationships": [
        {
          "Type": "CHILD",
          "Ids": [
            "8b5a7167-46a0-4853-a7cc-85c543aa70ff",
            "b4a691de-bb87-4b1e-9b78-bcefecf3774d",
            "755c2b38-7afa-4f77-a272-7a6b733970cb"
          ]
        }
      ],
      "EntityTypes": [
        "COLUMN_HEADER"
      ],
      "Page": 1
    },
    {
      "BlockType": "CELL",
      "Confidence": 89.013671875,
      "RowIndex": 1,
      "ColumnIndex": 5,
      "RowSpan": 1,
      "ColumnSpan": 1,
      "Geometry": {
        "BoundingBox": {
          "Width": 0.12312186509370804,
          "Height": 0.05529988557100296,
          "Left": 0.5553373694419861,
          "Top": 0.42923250794410706
        },
        "Polygon": [
          {
            "X": 0.5565106868743896,
            "Y": 0.4293748140335083
          },
          {
            "X": 0.6784592270851135,
            "Y": 0.42923250794410706
          },
          {
            "X": 0.67729252576828,
            "Y": 0.4843807518482208
          },
          {
            "X": 0.5553373694419861,
            "Y": 0.4845323860645294
          }
        ]
      },
      "Id": "2808374b-b6c8-44cd-b172-c312c60ac261",
      "Relationships": [
        {
          "Type": "CHILD",
          "Ids": [
            "4fcc3ac5-5cd5-4853-950c-d8177a1f19c5",
            "c552f4e0-10f5-45c1-8a24-55bd76fc9593"
          ]
        }
      ],
      "EntityTypes": [
        "COLUMN_HEADER"
      ],
      "Page": 1
    },
    {
      "BlockType": "CELL",
      "Confidence": 86.62109375,
      "RowIndex": 1,
      "ColumnIndex": 6,
      "RowSpan": 1,
      "ColumnSpan": 1,
      "Geometry": {
        "BoundingBox": {
          "Width": 0.10747222602367401,
          "Height": 0.055272314697504044,
          "Left": 0.67729252576828,
          "Top": 0.4291084408760071
        },
        "Polygon": [
          {
            "X": 0.6784592270851135,
            "Y": 0.42923250794410706
          },
          {
            "X": 0.7847647666931152,
            "Y": 0.4291084408760071
          },
          {
            "X": 0.783603847026825,
            "Y": 0.4842485785484314
          },
          {
            "X": 0.67729252576828,
            "Y": 0.4843807518482208
          }
        ]
      },
      "Id": "721ed7ee-803b-4235-b861-530b8de2808a",
      "Relationships": [
        {
          "Type": "CHILD",
          "Ids": [
            "77ffeebf-fb61-4fee-b860-205836aad394",
            "7e8be517-bfe7-421f-843a-5b5f6e13029a"
          ]
        }
      ],
      "EntityTypes": [
        "COLUMN_HEADER"
      ],
      "Page": 1
    },
    {
      "BlockType": "CELL",
      "Confidence": 82.51953125,
      "RowIndex": 1,
      "ColumnIndex": 7,
      "RowSpan": 1,
      "ColumnSpan": 1,
      "Geometry": {
        "BoundingBox": {
          "Width": 0.07106953859329224,
          "Height": 0.055221717804670334,
          "Left": 0.783603847026825,
          "Top": 0.42902684211730957
        },
        "Polygon": [
          {
            "X": 0.7847647666931152,
            "Y": 0.4291084408760071
          },
          {
            "X": 0.8546733856201172,
            "Y": 0.42902684211730957
          },
          {
            "X": 0.8535163402557373,
            "Y": 0.4841616451740265
          },
          {
            "X": 0.783603847026825,
            "Y": 0.4842485785484314
          }
        ]
      },
      "Id": "4365abdf-843c-4882-90c5-b6889c517922",
      "Relationships": [
        {
          "Type": "CHILD",
          "Ids": [
            "43f6ebb3-af0f-4d22-bf1e-e1603c4bebf3",
            "f1b13e44-68ad-4cae-9817-38a33bb33de6"
          ]
        }
      ],
      "EntityTypes": [
        "COLUMN_HEADER"
      ],
      "Page": 1
    },
    {
      "BlockType": "CELL",
      "Confidence": 81.54296875,
      "RowIndex": 2,
      "ColumnIndex": 1,
      "RowSpan": 1,
      "ColumnSpan": 1,
      "Geometry": {
        "BoundingBox": {
          "Width": 0.09517787396907806,
          "Height": 0.04244642332196236,
          "Left": 0.14678987860679626,
          "Top": 0.48492202162742615
        },
        "Polygon": [
          {
            "X": 0.14770685136318207,
            "Y": 0.48503923416137695
          },
          {
            "X": 0.24196775257587433,
            "Y": 0.48492202162742615
          },
          {
            "X": 0.2410547286272049,
            "Y": 0.5272457003593445
          },
          {
            "X": 0.14678987860679626,
            "Y": 0.527368426322937
          }
        ]
      },
      "Id": "b0e0f6c2-ffb4-40ee-82d0-382fd3339f61",
      "Relationships": [
        {
          "Type": "CHILD",
          "Ids": [
            "7c7d2ff8-119a-4f16-b2f9-3f8f08afcbfb"
          ]
        }
      ],
      "Page": 1
    },
    {
      "BlockType": "CELL",
      "Confidence": 82.275390625,
      "RowIndex": 2,
      "ColumnIndex": 2,
      "RowSpan": 1,
      "ColumnSpan": 1,
      "Geometry": {
        "BoundingBox": {
          "Width": 0.1102815568447113,
          "Height": 0.04245968535542488,
          "Left": 0.2410547286272049,
          "Top": 0.4847860336303711
        },
        "Polygon": [
          {
            "X": 0.24196775257587433,
            "Y": 0.48492202162742615
          },
          {
            "X": 0.3513363003730774,
            "Y": 0.4847860336303711
          },
          {
            "X": 0.3504278361797333,
            "Y": 0.5271033048629761
          },
          {
            "X": 0.2410547286272049,
            "Y": 0.5272457003593445
          }
        ]
      },
      "Id": "a6811d32-d1a7-4341-95db-67f227783397",
      "Relationships": [
        {
          "Type": "CHILD",
          "Ids": [
            "4862776f-bff4-438f-b89f-9fcbfa66363a"
          ]
        }
      ],
      "Page": 1
    },
    {
      "BlockType": "CELL",
      "Confidence": 79.638671875,
      "RowIndex": 2,
      "ColumnIndex": 3,
      "RowSpan": 1,
      "ColumnSpan": 1,
      "Geometry": {
        "BoundingBox": {
          "Width": 0.08779378980398178,
          "Height": 0.04242532327771187,
          "Left": 0.3504278361797333,
          "Top": 0.4846780002117157
        },
        "Polygon": [
          {
            "X": 0.3513363003730774,
            "Y": 0.4847860336303711
          },
          {
            "X": 0.43822163343429565,
            "Y": 0.4846780002117157
          },
          {
            "X": 0.43731680512428284,
            "Y": 0.5269902348518372
          },
          {
            "X": 0.3504278361797333,
            "Y": 0.5271033048629761
          }
        ]
      },
      "Id": "ff542cab-35cb-426f-aefa-169ccf973265",
      "Relationships": [
        {
          "Type": "CHILD",
          "Ids": [
            "222181c1-400c-45c1-9877-55efa81f3395"
          ]
        }
      ],
      "Page": 1
    },
    {
      "BlockType": "CELL",
      "Confidence": 83.349609375,
      "RowIndex": 2,
      "ColumnIndex": 4,
      "RowSpan": 1,
      "ColumnSpan": 1,
      "Geometry": {
        "BoundingBox": {
          "Width": 0.11802053451538086,
          "Height": 0.04245782271027565,
          "Left": 0.43731680512428284,
          "Top": 0.4845323860645294
        },
        "Polygon": [
          {
            "X": 0.43822163343429565,
            "Y": 0.4846780002117157
          },
          {
            "X": 0.5553373694419861,
            "Y": 0.4845323860645294
          },
          {
            "X": 0.5544373989105225,
            "Y": 0.5268377065658569
          },
          {
            "X": 0.43731680512428284,
            "Y": 0.5269902348518372
          }
        ]
      },
      "Id": "24b6b696-365e-49d2-824c-b4755f22d222",
      "Relationships": [
        {
          "Type": "CHILD",
          "Ids": [
            "10c93904-c5b6-4c66-a442-feda3ec96828"
          ]
        }
      ],
      "Page": 1
    },
    {
      "BlockType": "CELL",
      "Confidence": 82.861328125,
      "RowIndex": 2,
      "ColumnIndex": 5,
      "RowSpan": 1,
      "ColumnSpan": 1,
      "Geometry": {
        "BoundingBox": {
          "Width": 0.12285511195659637,
          "Height": 0.0424569770693779,
          "Left": 0.5544373989105225,
          "Top": 0.4843807518482208
        },
        "Polygon": [
          {
            "X": 0.5553373694419861,
            "Y": 0.4845323860645294
          },
          {
            "X": 0.67729252576828,
            "Y": 0.4843807518482208
          },
          {
            "X": 0.6763976812362671,
            "Y": 0.5266789197921753
          },
          {
            "X": 0.5544373989105225,
            "Y": 0.5268377065658569
          }
        ]
      },
      "Id": "499b17fd-37c4-4a67-98df-5b5abe0841ed",
      "Relationships": [
        {
          "Type": "CHILD",
          "Ids": [
            "d972a5e3-0dc4-49d3-8de5-b43f0c06aa94"
          ]
        }
      ],
      "Page": 1
    },
    {
      "BlockType": "CELL",
      "Confidence": 80.615234375,
      "RowIndex": 2,
      "ColumnIndex": 6,
      "RowSpan": 1,
      "ColumnSpan": 1,
      "Geometry": {
        "BoundingBox": {
          "Width": 0.10720617324113846,
          "Height": 0.04243038222193718,
          "Left": 0.6763976812362671,
          "Top": 0.4842485785484314
        },
        "Polygon": [
          {
            "X": 0.67729252576828,
            "Y": 0.4843807518482208
          },
          {
            "X": 0.783603847026825,
            "Y": 0.4842485785484314
          },
          {
            "X": 0.7827134728431702,
            "Y": 0.5265405178070068
          },
          {
            "X": 0.6763976812362671,
            "Y": 0.5266789197921753
          }
        ]
      },
      "Id": "d93c6591-f22e-461e-bff0-caffcf028819",
      "Relationships": [
        {
          "Type": "CHILD",
          "Ids": [
            "e382d7e6-d7ce-4fa5-a545-5f19ec870252"
          ]
        }
      ],
      "Page": 1
    },
    {
      "BlockType": "CELL",
      "Confidence": 76.806640625,
      "RowIndex": 2,
      "ColumnIndex": 7,
      "RowSpan": 1,
      "ColumnSpan": 1,
      "Geometry": {
        "BoundingBox": {
          "Width": 0.07080284506082535,
          "Height": 0.04237889498472214,
          "Left": 0.7827134728431702,
          "Top": 0.4841616451740265
        },
        "Polygon": [
          {
            "X": 0.783603847026825,
            "Y": 0.4842485785484314
          },
          {
            "X": 0.8535163402557373,
            "Y": 0.4841616451740265
          },
          {
            "X": 0.8526288866996765,
            "Y": 0.5264495015144348
          },
          {
            "X": 0.7827134728431702,
            "Y": 0.5265405178070068
          }
        ]
      },
      "Id": "86a93eb5-bbd6-4850-8687-0fa5a2fded60",
      "Relationships": [
        {
          "Type": "CHILD",
          "Ids": [
            "b34bec11-dfb1-406f-ac92-36e34e78177a"
          ]
        }
      ],
      "Page": 1
    },
    {
      "BlockType": "CELL",
      "Confidence": 72.65625,
      "RowIndex": 3,
      "ColumnIndex": 1,
      "RowSpan": 1,
      "ColumnSpan": 1,
      "Geometry": {
        "BoundingBox": {
          "Width": 0.09527061134576797,
          "Height": 0.04655098170042038,
          "Left": 0.14578412473201752,
          "Top": 0.5272457003593445
        },
        "Polygon": [
          {
            "X": 0.14678987860679626,
            "Y": 0.527368426322937
          },
          {
            "X": 0.2410547286272049,
            "Y": 0.5272457003593445
          },
          {
            "X": 0.24005329608917236,
            "Y": 0.5736679434776306
          },
          {
            "X": 0.14578412473201752,
            "Y": 0.5737966895103455
          }
        ]
      },
      "Id": "0db57343-16d9-4e31-80b3-3e0cd7a92c6e",
      "Relationships": [
        {
          "Type": "CHILD",
          "Ids": [
            "4d48908e-5256-4125-900d-7ce79b8bc7ef"
          ]
        }
      ],
      "Page": 1
    },
    {
      "BlockType": "CELL",
      "Confidence": 73.291015625,
      "RowIndex": 3,
      "ColumnIndex": 2,
      "RowSpan": 1,
      "ColumnSpan": 1,
      "Geometry": {
        "BoundingBox": {
          "Width": 0.11037454754114151,
          "Height": 0.04656459391117096,
          "Left": 0.24005329608917236,
          "Top": 0.5271033048629761
        },
        "Polygon": [
          {
            "X": 0.2410547286272049,
            "Y": 0.5272457003593445
          },
          {
            "X": 0.3504278361797333,
            "Y": 0.5271033048629761
          },
          {
            "X": 0.34943142533302307,
            "Y": 0.5735185146331787
          },
          {
            "X": 0.24005329608917236,
            "Y": 0.5736679434776306
          }
        ]
      },
      "Id": "9f5d5d31-11d4-49ec-bed0-a0dfa2f1407a",
      "Relationships": [
        {
          "Type": "CHILD",
          "Ids": [
            "ddf3afad-493b-48d6-8c46-d1b305da8456"
          ]
        }
      ],
      "Page": 1
    },
    {
      "BlockType": "CELL",
      "Confidence": 70.947265625,
      "RowIndex": 3,
      "ColumnIndex": 3,
      "RowSpan": 1,
      "ColumnSpan": 1,
      "Geometry": {
        "BoundingBox": {
          "Width": 0.08788538724184036,
          "Height": 0.04652829468250275,
          "Left": 0.34943142533302307,
          "Top": 0.5269902348518372
        },
        "Polygon": [
          {
            "X": 0.3504278361797333,
            "Y": 0.5271033048629761
          },
          {
            "X": 0.43731680512428284,
            "Y": 0.5269902348518372
          },
          {
            "X": 0.4363243877887726,
            "Y": 0.5733997821807861
          },
          {
            "X": 0.34943142533302307,
            "Y": 0.5735185146331787
          }
        ]
      },
      "Id": "ed0ab633-728e-4df8-be7a-c70962946ad9",
      "Relationships": [
        {
          "Type": "CHILD",
          "Ids": [
            "acebf11e-8ce9-4020-a0bc-ea21f220dae3"
          ]
        }
      ],
      "Page": 1
    },
    {
      "BlockType": "CELL",
      "Confidence": 74.21875,
      "RowIndex": 3,
      "ColumnIndex": 4,
      "RowSpan": 1,
      "ColumnSpan": 1,
      "Geometry": {
        "BoundingBox": {
          "Width": 0.11811304837465286,
          "Height": 0.0465620718896389,
          "Left": 0.4363243877887726,
          "Top": 0.5268377065658569
        },
        "Polygon": [
          {
            "X": 0.43731680512428284,
            "Y": 0.5269902348518372
          },
          {
            "X": 0.5544373989105225,
            "Y": 0.5268377065658569
          },
          {
            "X": 0.553450345993042,
            "Y": 0.573239803314209
          },
          {
            "X": 0.4363243877887726,
            "Y": 0.5733997821807861
          }
        ]
      },
      "Id": "cb155c8b-2ccf-4fc0-83b1-34e8bf0661e9",
      "Relationships": [
        {
          "Type": "CHILD",
          "Ids": [
            "07f3ca56-7f67-44b3-9e8e-1bb9abec9566"
          ]
        }
      ],
      "Page": 1
    },
    {
      "BlockType": "CELL",
      "Confidence": 73.828125,
      "RowIndex": 3,
      "ColumnIndex": 5,
      "RowSpan": 1,
      "ColumnSpan": 1,
      "Geometry": {
        "BoundingBox": {
          "Width": 0.12294735759496689,
          "Height": 0.04656084626913071,
          "Left": 0.553450345993042,
          "Top": 0.5266789197921753
        },
        "Polygon": [
          {
            "X": 0.5544373989105225,
            "Y": 0.5268377065658569
          },
          {
            "X": 0.6763976812362671,
            "Y": 0.5266789197921753
          },
          {
            "X": 0.6754162311553955,
            "Y": 0.573073148727417
          },
          {
            "X": 0.553450345993042,
            "Y": 0.573239803314209
          }
        ]
      },
      "Id": "2be23532-fd8f-454a-a07c-d416e3fa5d6b",
      "Relationships": [
        {
          "Type": "CHILD",
          "Ids": [
            "fa91b78e-f2cf-42cf-98c6-2ffabef0c62d"
          ]
        }
      ],
      "Page": 1
    },
    {
      "BlockType": "CELL",
      "Confidence": 71.826171875,
      "RowIndex": 3,
      "ColumnIndex": 6,
      "RowSpan": 1,
      "ColumnSpan": 1,
      "Geometry": {
        "BoundingBox": {
          "Width": 0.10729726403951645,
          "Height": 0.04653263837099075,
          "Left": 0.6754162311553955,
          "Top": 0.5265405178070068
        },
        "Polygon": [
          {
            "X": 0.6763976812362671,
            "Y": 0.5266789197921753
          },
          {
            "X": 0.7827134728431702,
            "Y": 0.5265405178070068
          },
          {
            "X": 0.7817368507385254,
            "Y": 0.5729279518127441
          },
          {
            "X": 0.6754162311553955,
            "Y": 0.573073148727417
          }
        ]
      },
      "Id": "98879491-03bd-4085-ada9-446cfa41e1b6",
      "Relationships": [
        {
          "Type": "CHILD",
          "Ids": [
            "bef50025-862f-4f3b-a30f-f02dd8c048f5"
          ]
        }
      ],
      "Page": 1
    },
    {
      "BlockType": "CELL",
      "Confidence": 68.45703125,
      "RowIndex": 3,
      "ColumnIndex": 7,
      "RowSpan": 1,
      "ColumnSpan": 1,
      "Geometry": {
        "BoundingBox": {
          "Width": 0.07089199125766754,
          "Height": 0.04647841677069664,
          "Left": 0.7817368507385254,
          "Top": 0.5264495015144348
        },
        "Polygon": [
          {
            "X": 0.7827134728431702,
            "Y": 0.5265405178070068
          },
          {
            "X": 0.8526288866996765,
            "Y": 0.5264495015144348
          },
          {
            "X": 0.8516554236412048,
            "Y": 0.5728324055671692
          },
          {
            "X": 0.7817368507385254,
            "Y": 0.5729279518127441
          }
        ]
      },
      "Id": "3671aa95-0670-4410-96c0-0adf174531ad",
      "Relationships": [
        {
          "Type": "CHILD",
          "Ids": [
            "b401b18f-e761-4de5-ae3b-056a0b7ca1ce"
          ]
        }
      ],
      "Page": 1
    }
  ],
  "AnalyzeDocumentModelVersion": "1.0"
}