{
  "DocumentMetadata": {
    "Pages": 1
  },
  "JobStatus": "SUCCEEDED",
  "Blocks": [
    {
      "BlockType": "PAGE",
      "Geometry": {
        "BoundingBox": {
          "Width": 0.5430876016616821,
          "Height": 0.2793413996696472,
          "Left": 0.22732627391815186,
          "Top": 0.3560033142566681
        },
        "Polygon": [
          {
            "X": 0.22732627391815186,
            "Y": 0.35605186223983765
          },
          {
            "X": 0.7692723274230957,
            "Y": 0.3560033142566681
          },
          {
            "X": 0.770413875579834,
            "Y": 0.6351780295372009
          },
          {
            "X": 0.22761601209640503,
            "Y": 0.6353446841239929
          }
        ]
      },
      "Id": "dae89235-efca-4698-adf0-1d79a0fec383",
      "Relationships": [
        {
          "Type": "CHILD",
          "Ids": [
            "f1777228-bf99-4a56-a3b2-0d59c8aaa0ee",
            "b979e37e-d22b-48e9-b92a-cb6b5c73c5ce",
            "0914d54b-ac9a-4ed9-9c97-4a1982cb5b59",
            "c9911bfb-14fd-4acf-8a05-5f980511c5b2",
            "a87cdba2-751d-4608-bc94-ad61560bd8f7",
            "2793b864-5134-40d3-8879-1cb453670aac",
            "277c9d19-ef0e-408f-a495-d413c89796ab",
            "452dc38b-35e9-479f-84ba-583cd833a9ef",
            "d05ff369-fc0e-4837-82d2-1e7f2079b1ab",
            "c8b32828-0261-4c65-965c-998069fd3197",
            "3e9daa3e-3e5e-49e9-bd11-59074a4d13b0",
            "c0f262f1-ca02-4c12-9694-2abf493f18b9",
            "bcdbd214-d524-49fd-9875-dd01a7c8945b"
          ]
        }
      ],
      "Page": 1
    },
    {
      "BlockType": "LINE",
      "Confidence": 99.95906066894531,
      "Text": "Sample name",
      "Geometry": {
        "BoundingBox": {
          "Width": 0.09586372971534729,
          "Height": 0.024867435917258263,
          "Left": 0.2771705985069275,
          "Top": 0.39788734912872314
        },
        "Polygon": [
          {
            "X": 0.2771705985069275,
            "Y": 0.3978990614414215
          },
          {
            "X": 0.37298816442489624,
            "Y": 0.39788734912872314
          },
          {
            "X": 0.3730343282222748,
            "Y": 0.42274120450019836
          },
          {
            "X": 0.27720335125923157,
            "Y": 0.42275479435920715
          }
        ]
      },
      "Id": "f1777228-bf99-4a56-a3b2-0d59c8aaa0ee",
      "Relationships": [
        {
          "Type": "CHILD",
          "Ids": [
            "0e48bfa4-5602-4c88-ac27-02c36ab3fd8b",
            "cb1d6c35-04fe-41a3-9165-5c11287cce5d"
          ]
        }
      ],
      "Page": 1
    },
    {
      "BlockType": "LINE",
      "Confidence": 99.83403778076172,
      "Text": "Pull-off adhesion strength (MPa)",
      "Geometry": {
        "BoundingBox": {
          "Width": 0.23054155707359314,
          "Height": 0.025864677503705025,
          "Left": 0.49733591079711914,
          "Top": 0.3969941735267639
        },
        "Polygon": [
          {
            "X": 0.49733591079711914,
            "Y": 0.39702218770980835
          },
          {
            "X": 0.727777898311615,
            "Y": 0.3969941735267639
          },
          {
            "X": 0.7278774976730347,
            "Y": 0.42282623052597046
          },
          {
            "X": 0.49740198254585266,
            "Y": 0.422858864068985
          }
        ]
      },
      "Id": "b979e37e-d22b-48e9-b92a-cb6b5c73c5ce",
      "Relationships": [
        {
          "Type": "CHILD",
          "Ids": [
            "a9a7c868-76bd-43bf-ab52-55cac6e16a6d",
            "8fe4270e-bf97-47ae-a59d-a512a908ada9",
            "011e099b-5e10-4278-ae9d-8025c6505ca7",
            "8af4b939-6332-42d2-8655-2a69255a7fc9"
          ]
        }
      ],
      "Page": 1
    },
    {
      "BlockType": "LINE",
      "Confidence": 99.7239761352539,
      "Text": "DGEBA-DDM",
      "Geometry": {
        "BoundingBox": {
          "Width": 0.09036831557750702,
          "Height": 0.019760144874453545,
          "Left": 0.2777811884880066,
          "Top": 0.4440222382545471
        },
        "Polygon": [
          {
            "X": 0.2777811884880066,
            "Y": 0.4440365135669708
          },
          {
            "X": 0.3681133985519409,
            "Y": 0.4440222382545471
          },
          {
            "X": 0.3681495189666748,
            "Y": 0.4637666940689087
          },
          {
            "X": 0.2778072655200958,
            "Y": 0.4637823700904846
          }
        ]
      },
      "Id": "0914d54b-ac9a-4ed9-9c97-4a1982cb5b59",
      "Relationships": [
        {
          "Type": "CHILD",
          "Ids": [
            "c50e2d71-80ba-4c5d-9960-570f8e67c3d9"
          ]
        }
      ],
      "Page": 1
    },
    {
      "BlockType": "LINE",
      "Confidence": 95.01689147949219,
      "Text": "6.1 + 0.2",
      "Geometry": {
        "BoundingBox": {
          "Width": 0.057340357452631,
          "Height": 0.020282162353396416,
          "Left": 0.49767398834228516,
          "Top": 0.44376954436302185
        },
        "Polygon": [
          {
            "X": 0.49767398834228516,
            "Y": 0.4437785744667053
          },
          {
            "X": 0.5549559593200684,
            "Y": 0.44376954436302185
          },
          {
            "X": 0.5550143718719482,
            "Y": 0.46404173970222473
          },
          {
            "X": 0.49772587418556213,
            "Y": 0.4640516936779022
          }
        ]
      },
      "Id": "c9911bfb-14fd-4acf-8a05-5f980511c5b2",
      "Relationships": [
        {
          "Type": "CHILD",
          "Ids": [
            "8fbc1632-f841-442e-91a0-b131b6f626ae",
            "0fe540a6-583a-4819-a52e-5ed35ad41765",
            "ee6139e1-315e-4bbe-b85e-7009e5cfb519"
          ]
        }
      ],
      "Page": 1
    },
    {
      "BlockType": "LINE",
      "Confidence": 99.82443237304688,
      "Text": "25%DOL-DDM",
      "Geometry": {
        "BoundingBox": {
          "Width": 0.09869980067014694,
          "Height": 0.01968090422451496,
          "Left": 0.27736032009124756,
          "Top": 0.4752666652202606
        },
        "Polygon": [
          {
            "X": 0.27736032009124756,
            "Y": 0.4752846658229828
          },
          {
            "X": 0.3760232627391815,
            "Y": 0.4752666652202606
          },
          {
            "X": 0.3760600984096527,
            "Y": 0.4949280619621277
          },
          {
            "X": 0.27738621830940247,
            "Y": 0.49494755268096924
          }
        ]
      },
      "Id": "a87cdba2-751d-4608-bc94-ad61560bd8f7",
      "Relationships": [
        {
          "Type": "CHILD",
          "Ids": [
            "a018ede0-a8a4-443a-bbec-028a5ed4417f"
          ]
        }
      ],
      "Page": 1
    },
    {
      "BlockType": "LINE",
      "Confidence": 99.33467864990234,
      "Text": "6.3 + 0.1",
      "Geometry": {
        "BoundingBox": {
          "Width": 0.055969055742025375,
          "Height": 0.01978393830358982,
          "Left": 0.4974437654018402,
          "Top": 0.4752202033996582
        },
        "Polygon": [
          {
            "X": 0.4974437654018402,
            "Y": 0.4752303957939148
          },
          {
            "X": 0.5533560514450073,
            "Y": 0.4752202033996582
          },
          {
            "X": 0.5534127950668335,
            "Y": 0.49499306082725525
          },
          {
            "X": 0.49749431014060974,
            "Y": 0.49500414729118347
          }
        ]
      },
      "Id": "2793b864-5134-40d3-8879-1cb453670aac",
      "Relationships": [
        {
          "Type": "CHILD",
          "Ids": [
            "b35231c1-1f7a-40db-8e91-47c1e86e1a34",
            "2823786a-83f2-4d0d-8fdb-81fddeb512e2",
            "3846d0bf-68cd-44d3-b49e-17ed52f627fb"
          ]
        }
      ],
      "Page": 1
    },
    {
      "BlockType": "LINE",
      "Confidence": 99.82130432128906,
      "Text": "50%DOL-DDM",
      "Geometry": {
        "BoundingBox": {
          "Width": 0.09825187921524048,
          "Height": 0.019581235945224762,
          "Left": 0.2776718735694885,
          "Top": 0.5067092180252075
        },
        "Polygon": [
          {
            "X": 0.2776718735694885,
            "Y": 0.5067294836044312
          },
          {
            "X": 0.3758871257305145,
            "Y": 0.5067092180252075
          },
          {
            "X": 0.375923752784729,
            "Y": 0.5262686014175415
          },
          {
            "X": 0.27769768238067627,
            "Y": 0.5262904167175293
          }
        ]
      },
      "Id": "277c9d19-ef0e-408f-a495-d413c89796ab",
      "Relationships": [
        {
          "Type": "CHILD",
          "Ids": [
            "37b38649-adbb-4595-9de4-6b315c4fa0b1"
          ]
        }
      ],
      "Page": 1
    },
    {
      "BlockType": "LINE",
      "Confidence": 99.0234375,
      "Text": "7.7 + 0.3",
      "Geometry": {
        "BoundingBox": {
          "Width": 0.057243842631578445,
          "Height": 0.019357461482286453,
          "Left": 0.49775201082229614,
          "Top": 0.5069833993911743
        },
        "Polygon": [
          {
            "X": 0.49775201082229614,
            "Y": 0.5069952607154846
          },
          {
            "X": 0.5549401640892029,
            "Y": 0.5069833993911743
          },
          {
            "X": 0.5549958944320679,
            "Y": 0.5263281464576721
          },
          {
            "X": 0.4978015124797821,
            "Y": 0.5263408422470093
          }
        ]
      },
      "Id": "452dc38b-35e9-479f-84ba-583cd833a9ef",
      "Relationships": [
        {
          "Type": "CHILD",
          "Ids": [
            "7340a573-6012-45c3-84f0-8534f2d9aee1",
            "00731ff8-1f91-44f9-b21d-be3fb291d309",
            "6cf30b88-501c-46c8-81ba-ecd74b314907"
          ]
        }
      ],
      "Page": 1
    },
    {
      "BlockType": "LINE",
      "Confidence": 99.78173065185547,
      "Text": "75%DOL-DDM",
      "Geometry": {
        "BoundingBox": {
          "Width": 0.09848982840776443,
          "Height": 0.019160017371177673,
          "Left": 0.27748316526412964,
          "Top": 0.538178563117981
        },
        "Polygon": [
          {
            "X": 0.27748316526412964,
            "Y": 0.5382013320922852
          },
          {
            "X": 0.37593716382980347,
            "Y": 0.538178563117981
          },
          {
            "X": 0.3759729862213135,
            "Y": 0.5573143362998962
          },
          {
            "X": 0.27750837802886963,
            "Y": 0.5573385953903198
          }
        ]
      },
      "Id": "d05ff369-fc0e-4837-82d2-1e7f2079b1ab",
      "Relationships": [
        {
          "Type": "CHILD",
          "Ids": [
            "4ab03181-d1e8-4eea-b609-1e8e543f8f9a"
          ]
        }
      ],
      "Page": 1
    },
    {
      "BlockType": "LINE",
      "Confidence": 98.75550079345703,
      "Text": "4.7 + 0.1",
      "Geometry": {
        "BoundingBox": {
          "Width": 0.05637786164879799,
          "Height": 0.018933547660708427,
          "Left": 0.49716275930404663,
          "Top": 0.5383092164993286
        },
        "Polygon": [
          {
            "X": 0.49716275930404663,
            "Y": 0.5383222699165344
          },
          {
            "X": 0.5534862875938416,
            "Y": 0.5383092164993286
          },
          {
            "X": 0.5535406470298767,
            "Y": 0.5572288632392883
          },
          {
            "X": 0.4972110986709595,
            "Y": 0.557242751121521
          }
        ]
      },
      "Id": "c8b32828-0261-4c65-965c-998069fd3197",
      "Relationships": [
        {
          "Type": "CHILD",
          "Ids": [
            "6ccbda82-44b4-4378-9b9d-5fe6cdaffec2",
            "54950531-af0e-4d03-a51e-0d386a1975b5",
            "0656b369-2580-4874-9681-9d1892524706"
          ]
        }
      ],
      "Page": 1
    },
    {
      "BlockType": "LINE",
      "Confidence": 99.85767364501953,
      "Text": "100%DOL-DDM",
      "Geometry": {
        "BoundingBox": {
          "Width": 0.10635649412870407,
          "Height": 0.019482726231217384,
          "Left": 0.27824947237968445,
          "Top": 0.569517195224762
        },
        "Polygon": [
          {
            "X": 0.27824947237968445,
            "Y": 0.5695443749427795
          },
          {
            "X": 0.38456860184669495,
            "Y": 0.569517195224762
          },
          {
            "X": 0.38460594415664673,
            "Y": 0.5889710783958435
          },
          {
            "X": 0.27827519178390503,
            "Y": 0.5889999270439148
          }
        ]
      },
      "Id": "3e9daa3e-3e5e-49e9-bd11-59074a4d13b0",
      "Relationships": [
        {
          "Type": "CHILD",
          "Ids": [
            "6195e823-8a26-4c38-9798-6e06c292c8ce"
          ]
        }
      ],
      "Page": 1
    },
    {
      "BlockType": "LINE",
      "Confidence": 99.19954681396484,
      "Text": "3.9 + 0.4",
      "Geometry": {
        "BoundingBox": {
          "Width": 0.05859453231096268,
          "Height": 0.01969759538769722,
          "Left": 0.49741652607917786,
          "Top": 0.5694549083709717
        },
        "Polygon": [
          {
            "X": 0.49741652607917786,
            "Y": 0.5694698691368103
          },
          {
            "X": 0.5559542775154114,
            "Y": 0.5694549083709717
          },
          {
            "X": 0.5560110807418823,
            "Y": 0.5891366600990295
          },
          {
            "X": 0.4974668025970459,
            "Y": 0.5891525149345398
          }
        ]
      },
      "Id": "c0f262f1-ca02-4c12-9694-2abf493f18b9",
      "Relationships": [
        {
          "Type": "CHILD",
          "Ids": [
            "65e33e85-da75-43e6-b302-4f3d032925b5",
            "3b10047d-be62-4253-9e58-733c78dc7e3f",
            "d386c19a-dce2-4291-891b-b19bad135eae"
          ]
        }
      ],
      "Page": 1
    },
    {
      "BlockType": "WORD",
      "Confidence": 99.93363189697266,
      "Text": "Sample",
      "TextType": "PRINTED",
      "Geometry": {
        "BoundingBox": {
          "Width": 0.051772117614746094,
          "Height": 0.024862049147486687,
          "Left": 0.2771705985069275,
          "Top": 0.3978927433490753
        },
        "Polygon": [
          {
            "X": 0.2771705985069275,
            "Y": 0.3978990614414215
          },
          {
            "X": 0.3289027214050293,
            "Y": 0.3978927433490753
          },
          {
            "X": 0.3289427161216736,
            "Y": 0.4227474629878998
          },
          {
            "X": 0.27720335125923157,
            "Y": 0.42275479435920715
          }
        ]
      },
      "Id": "0e48bfa4-5602-4c88-ac27-02c36ab3fd8b",
      "Page": 1
    },
    {
      "BlockType": "WORD",
      "Confidence": 99.9844970703125,
      "Text": "name",
      "TextType": "PRINTED",
      "Geometry": {
        "BoundingBox": {
          "Width": 0.039454929530620575,
          "Height": 0.01565277948975563,
          "Left": 0.3335709869861603,
          "Top": 0.40256527066230774
        },
        "Polygon": [
          {
            "X": 0.3335709869861603,
            "Y": 0.4025702476501465
          },
          {
            "X": 0.37299683690071106,
            "Y": 0.40256527066230774
          },
          {
            "X": 0.37302592396736145,
            "Y": 0.4182126224040985
          },
          {
            "X": 0.3335965573787689,
            "Y": 0.41821807622909546
          }
        ]
      },
      "Id": "cb1d6c35-04fe-41a3-9165-5c11287cce5d",
      "Page": 1
    },
    {
      "BlockType": "WORD",
      "Confidence": 99.88426208496094,
      "Text": "Pull-off",
      "TextType": "PRINTED",
      "Geometry": {
        "BoundingBox": {
          "Width": 0.053658533841371536,
          "Height": 0.021115776151418686,
          "Left": 0.49733591079711914,
          "Top": 0.39701569080352783
        },
        "Polygon": [
          {
            "X": 0.49733591079711914,
            "Y": 0.39702218770980835
          },
          {
            "X": 0.5509341359138489,
            "Y": 0.39701569080352783
          },
          {
            "X": 0.5509944558143616,
            "Y": 0.4181240499019623
          },
          {
            "X": 0.49738991260528564,
            "Y": 0.41813144087791443
          }
        ]
      },
      "Id": "a9a7c868-76bd-43bf-ab52-55cac6e16a6d",
      "Page": 1
    },
    {
      "BlockType": "WORD",
      "Confidence": 99.95834350585938,
      "Text": "adhesion",
      "TextType": "PRINTED",
      "Geometry": {
        "BoundingBox": {
          "Width": 0.06354416161775589,
          "Height": 0.020351357758045197,
          "Left": 0.5537245869636536,
          "Top": 0.3977888822555542
        },
        "Polygon": [
          {
            "X": 0.5537245869636536,
            "Y": 0.397796630859375
          },
          {
            "X": 0.6172030568122864,
            "Y": 0.3977888822555542
          },
          {
            "X": 0.6172688007354736,
            "Y": 0.4181314706802368
          },
          {
            "X": 0.553783118724823,
            "Y": 0.4181402325630188
          }
        ]
      },
      "Id": "8fe4270e-bf97-47ae-a59d-a512a908ada9",
      "Page": 1
    },
    {
      "BlockType": "WORD",
      "Confidence": 99.91315460205078,
      "Text": "strength",
      "TextType": "PRINTED",
      "Geometry": {
        "BoundingBox": {
          "Width": 0.05912710726261139,
          "Height": 0.024921461939811707,
          "Left": 0.6220198273658752,
          "Top": 0.39791974425315857
        },
        "Polygon": [
          {
            "X": 0.6220198273658752,
            "Y": 0.3979269564151764
          },
          {
            "X": 0.6810574531555176,
            "Y": 0.39791974425315857
          },
          {
            "X": 0.6811469197273254,
            "Y": 0.4228328466415405
          },
          {
            "X": 0.6221010088920593,
            "Y": 0.4228411912918091
          }
        ]
      },
      "Id": "011e099b-5e10-4278-ae9d-8025c6505ca7",
      "Page": 1
    },
    {
      "BlockType": "WORD",
      "Confidence": 99.58039093017578,
      "Text": "(MPa)",
      "TextType": "PRINTED",
      "Geometry": {
        "BoundingBox": {
          "Width": 0.042065806686878204,
          "Height": 0.024538086727261543,
          "Left": 0.6858102083206177,
          "Top": 0.3979164958000183
        },
        "Polygon": [
          {
            "X": 0.6858102083206177,
            "Y": 0.397921621799469
          },
          {
            "X": 0.7277814745903015,
            "Y": 0.3979164958000183
          },
          {
            "X": 0.7278760075569153,
            "Y": 0.42244863510131836
          },
          {
            "X": 0.6858989596366882,
            "Y": 0.4224545657634735
          }
        ]
      },
      "Id": "8af4b939-6332-42d2-8655-2a69255a7fc9",
      "Page": 1
    },
    {
      "BlockType": "WORD",
      "Confidence": 99.7239761352539,
      "Text": "DGEBA-DDM",
      "TextType": "PRINTED",
      "Geometry": {
        "BoundingBox": {
          "Width": 0.09036831557750702,
          "Height": 0.019760144874453545,
          "Left": 0.2777811884880066,
          "Top": 0.4440222382545471
        },
        "Polygon": [
          {
            "X": 0.2777811884880066,
            "Y": 0.4440365135669708
          },
          {
            "X": 0.3681133985519409,
            "Y": 0.4440222382545471
          },
          {
            "X": 0.3681495189666748,
            "Y": 0.4637666940689087
          },
          {
            "X": 0.2778072655200958,
            "Y": 0.4637823700904846
          }
        ]
      },
      "Id": "c50e2d71-80ba-4c5d-9960-570f8e67c3d9",
      "Page": 1
    },
    {
      "BlockType": "WORD",
      "Confidence": 98.74928283691406,
      "Text": "6.1",
      "TextType": "PRINTED",
      "Geometry": {
        "BoundingBox": {
          "Width": 0.018722450360655785,
          "Height": 0.020276064053177834,
          "Left": 0.49767398834228516,
          "Top": 0.44377562403678894
        },
        "Polygon": [
          {
            "X": 0.49767398834228516,
            "Y": 0.4437785744667053
          },
          {
            "X": 0.5163424611091614,
            "Y": 0.44377562403678894
          },
          {
            "X": 0.5163964629173279,
            "Y": 0.46404844522476196
          },
          {
            "X": 0.49772587418556213,
            "Y": 0.4640516936779022
          }
        ]
      },
      "Id": "8fbc1632-f841-442e-91a0-b131b6f626ae",
      "Page": 1
    },
    {
      "BlockType": "WORD",
      "Confidence": 87.76286315917969,
      "Text": "+",
      "TextType": "PRINTED",
      "Geometry": {
        "BoundingBox": {
          "Width": 0.009262648411095142,
          "Height": 0.0184727031737566,
          "Left": 0.5215099453926086,
          "Top": 0.44546884298324585
        },
        "Polygon": [
          {
            "X": 0.5215099453926086,
            "Y": 0.44547033309936523
          },
          {
            "X": 0.53072190284729,
            "Y": 0.44546884298324585
          },
          {
            "X": 0.5307726263999939,
            "Y": 0.46393996477127075
          },
          {
            "X": 0.5215597152709961,
            "Y": 0.4639415442943573
          }
        ]
      },
      "Id": "0fe540a6-583a-4819-a52e-5ed35ad41765",
      "Page": 1
    },
    {
      "BlockType": "WORD",
      "Confidence": 98.53853607177734,
      "Text": "0.2",
      "TextType": "PRINTED",
      "Geometry": {
        "BoundingBox": {
          "Width": 0.020725198090076447,
          "Height": 0.0196815337985754,
          "Left": 0.5342879295349121,
          "Top": 0.4439416825771332
        },
        "Polygon": [
          {
            "X": 0.5342879295349121,
            "Y": 0.44394493103027344
          },
          {
            "X": 0.5549564361572266,
            "Y": 0.4439416825771332
          },
          {
            "X": 0.555013120174408,
            "Y": 0.4636196196079254
          },
          {
            "X": 0.534342348575592,
            "Y": 0.46362319588661194
          }
        ]
      },
      "Id": "ee6139e1-315e-4bbe-b85e-7009e5cfb519",
      "Page": 1
    },
    {
      "BlockType": "WORD",
      "Confidence": 99.82443237304688,
      "Text": "25%DOL-DDM",
      "TextType": "PRINTED",
      "Geometry": {
        "BoundingBox": {
          "Width": 0.09869980067014694,
          "Height": 0.01968090422451496,
          "Left": 0.27736032009124756,
          "Top": 0.4752666652202606
        },
        "Polygon": [
          {
            "X": 0.27736032009124756,
            "Y": 0.4752846658229828
          },
          {
            "X": 0.3760232627391815,
            "Y": 0.4752666652202606
          },
          {
            "X": 0.3760600984096527,
            "Y": 0.4949280619621277
          },
          {
            "X": 0.27738621830940247,
            "Y": 0.49494755268096924
          }
        ]
      },
      "Id": "a018ede0-a8a4-443a-bbec-028a5ed4417f",
      "Page": 1
    },
    {
      "BlockType": "WORD",
      "Confidence": 99.51605224609375,
      "Text": "6.3",
      "TextType": "PRINTED",
      "Geometry": {
        "BoundingBox": {
          "Width": 0.020549030974507332,
          "Height": 0.01977747678756714,
          "Left": 0.4974437654018402,
          "Top": 0.47522667050361633
        },
        "Polygon": [
          {
            "X": 0.4974437654018402,
            "Y": 0.4752303957939148
          },
          {
            "X": 0.5179399847984314,
            "Y": 0.47522667050361633
          },
          {
            "X": 0.5179927945137024,
            "Y": 0.49500009417533875
          },
          {
            "X": 0.49749431014060974,
            "Y": 0.49500414729118347
          }
        ]
      },
      "Id": "b35231c1-1f7a-40db-8e91-47c1e86e1a34",
      "Page": 1
    },
    {
      "BlockType": "WORD",
      "Confidence": 99.22238159179688,
      "Text": "+",
      "TextType": "PRINTED",
      "Geometry": {
        "BoundingBox": {
          "Width": 0.008474468253552914,
          "Height": 0.016096249222755432,
          "Left": 0.522221028804779,
          "Top": 0.47784093022346497
        },
        "Polygon": [
          {
            "X": 0.522221028804779,
            "Y": 0.4778424799442291
          },
          {
            "X": 0.530651330947876,
            "Y": 0.47784093022346497
          },
          {
            "X": 0.5306954979896545,
            "Y": 0.4939354956150055
          },
          {
            "X": 0.5222644209861755,
            "Y": 0.4939371645450592
          }
        ]
      },
      "Id": "2823786a-83f2-4d0d-8fdb-81fddeb512e2",
      "Page": 1
    },
    {
      "BlockType": "WORD",
      "Confidence": 99.2656021118164,
      "Text": "0.1",
      "TextType": "PRINTED",
      "Geometry": {
        "BoundingBox": {
          "Width": 0.01943252608180046,
          "Height": 0.019047753885388374,
          "Left": 0.5339788198471069,
          "Top": 0.47543010115623474
        },
        "Polygon": [
          {
            "X": 0.5339788198471069,
            "Y": 0.4754336476325989
          },
          {
            "X": 0.5533566474914551,
            "Y": 0.47543010115623474
          },
          {
            "X": 0.5534113049507141,
            "Y": 0.49447402358055115
          },
          {
            "X": 0.5340313911437988,
            "Y": 0.49447786808013916
          }
        ]
      },
      "Id": "3846d0bf-68cd-44d3-b49e-17ed52f627fb",
      "Page": 1
    },
    {
      "BlockType": "WORD",
      "Confidence": 99.82130432128906,
      "Text": "50%DOL-DDM",
      "TextType": "PRINTED",
      "Geometry": {
        "BoundingBox": {
          "Width": 0.09825187921524048,
          "Height": 0.019581235945224762,
          "Left": 0.2776718735694885,
          "Top": 0.5067092180252075
        },
        "Polygon": [
          {
            "X": 0.2776718735694885,
            "Y": 0.5067294836044312
          },
          {
            "X": 0.3758871257305145,
            "Y": 0.5067092180252075
          },
          {
            "X": 0.375923752784729,
            "Y": 0.5262686014175415
          },
          {
            "X": 0.27769768238067627,
            "Y": 0.5262904167175293
          }
        ]
      },
      "Id": "37b38649-adbb-4595-9de4-6b315c4fa0b1",
      "Page": 1
    },
    {
      "BlockType": "WORD",
      "Confidence": 99.72029113769531,
      "Text": "7.7",
      "TextType": "PRINTED",
      "Geometry": {
        "BoundingBox": {
          "Width": 0.020796865224838257,
          "Height": 0.01901113986968994,
          "Left": 0.49775230884552,
          "Top": 0.5070996284484863
        },
        "Polygon": [
          {
            "X": 0.49775230884552,
            "Y": 0.5071039199829102
          },
          {
            "X": 0.5184983015060425,
            "Y": 0.5070996284484863
          },
          {
            "X": 0.5185491442680359,
            "Y": 0.5261061787605286
          },
          {
            "X": 0.49780091643333435,
            "Y": 0.5261107683181763
          }
        ]
      },
      "Id": "7340a573-6012-45c3-84f0-8534f2d9aee1",
      "Page": 1
    },
    {
      "BlockType": "WORD",
      "Confidence": 97.71173858642578,
      "Text": "+",
      "TextType": "PRINTED",
      "Geometry": {
        "BoundingBox": {
          "Width": 0.008734053000807762,
          "Height": 0.01664014160633087,
          "Left": 0.5220861434936523,
          "Top": 0.508938193321228
        },
        "Polygon": [
          {
            "X": 0.5220861434936523,
            "Y": 0.5089400410652161
          },
          {
            "X": 0.5307745337486267,
            "Y": 0.508938193321228
          },
          {
            "X": 0.5308201909065247,
            "Y": 0.5255764126777649
          },
          {
            "X": 0.5221309661865234,
            "Y": 0.5255783796310425
          }
        ]
      },
      "Id": "00731ff8-1f91-44f9-b21d-be3fb291d309",
      "Page": 1
    },
    {
      "BlockType": "WORD",
      "Confidence": 99.6382827758789,
      "Text": "0.3",
      "TextType": "PRINTED",
      "Geometry": {
        "BoundingBox": {
          "Width": 0.020694388076663017,
          "Height": 0.019349338486790657,
          "Left": 0.5343014597892761,
          "Top": 0.5069833993911743
        },
        "Polygon": [
          {
            "X": 0.5343014597892761,
            "Y": 0.5069876909255981
          },
          {
            "X": 0.5549401640892029,
            "Y": 0.5069833993911743
          },
          {
            "X": 0.5549958944320679,
            "Y": 0.5263281464576721
          },
          {
            "X": 0.5343549251556396,
            "Y": 0.5263327360153198
          }
        ]
      },
      "Id": "6cf30b88-501c-46c8-81ba-ecd74b314907",
      "Page": 1
    },
    {
      "BlockType": "WORD",
      "Confidence": 99.78173065185547,
      "Text": "75%DOL-DDM",
      "TextType": "PRINTED",
      "Geometry": {
        "BoundingBox": {
          "Width": 0.09848982840776443,
          "Height": 0.019160017371177673,
          "Left": 0.27748316526412964,
          "Top": 0.538178563117981
        },
        "Polygon": [
          {
            "X": 0.27748316526412964,
            "Y": 0.5382013320922852
          },
          {
            "X": 0.37593716382980347,
            "Y": 0.538178563117981
          },
          {
            "X": 0.3759729862213135,
            "Y": 0.5573143362998962
          },
          {
            "X": 0.27750837802886963,
            "Y": 0.5573385953903198
          }
        ]
      },
      "Id": "4ab03181-d1e8-4eea-b609-1e8e543f8f9a",
      "Page": 1
    },
    {
      "BlockType": "WORD",
      "Confidence": 99.79350280761719,
      "Text": "4.7",
      "TextType": "PRINTED",
      "Geometry": {
        "BoundingBox": {
          "Width": 0.021401265636086464,
          "Height": 0.01892544887959957,
          "Left": 0.49716275930404663,
          "Top": 0.5383173227310181
        },
        "Polygon": [
          {
            "X": 0.49716275930404663,
            "Y": 0.5383222699165344
          },
          {
            "X": 0.5185134410858154,
            "Y": 0.5383173227310181
          },
          {
            "X": 0.5185640454292297,
            "Y": 0.5572375059127808
          },
          {
            "X": 0.4972110986709595,
            "Y": 0.557242751121521
          }
        ]
      },
      "Id": "6ccbda82-44b4-4378-9b9d-5fe6cdaffec2",
      "Page": 1
    },
    {
      "BlockType": "WORD",
      "Confidence": 96.72298431396484,
      "Text": "+",
      "TextType": "PRINTED",
      "Geometry": {
        "BoundingBox": {
          "Width": 0.008786646649241447,
          "Height": 0.01623549684882164,
          "Left": 0.5220911502838135,
          "Top": 0.5403954982757568
        },
        "Polygon": [
          {
            "X": 0.5220911502838135,
            "Y": 0.5403975248336792
          },
          {
            "X": 0.5308332443237305,
            "Y": 0.5403954982757568
          },
          {
            "X": 0.5308777689933777,
            "Y": 0.5566288232803345
          },
          {
            "X": 0.5221349000930786,
            "Y": 0.5566309690475464
          }
        ]
      },
      "Id": "54950531-af0e-4d03-a51e-0d386a1975b5",
      "Page": 1
    },
    {
      "BlockType": "WORD",
      "Confidence": 99.75001525878906,
      "Text": "0.1",
      "TextType": "PRINTED",
      "Geometry": {
        "BoundingBox": {
          "Width": 0.01972386986017227,
          "Height": 0.01866464503109455,
          "Left": 0.5338165760040283,
          "Top": 0.538511335849762
        },
        "Polygon": [
          {
            "X": 0.5338165760040283,
            "Y": 0.5385159254074097
          },
          {
            "X": 0.5534868836402893,
            "Y": 0.538511335849762
          },
          {
            "X": 0.5535404682159424,
            "Y": 0.5571711659431458
          },
          {
            "X": 0.5338680744171143,
            "Y": 0.5571759939193726
          }
        ]
      },
      "Id": "0656b369-2580-4874-9681-9d1892524706",
      "Page": 1
    },
    {
      "BlockType": "WORD",
      "Confidence": 99.85767364501953,
      "Text": "100%DOL-DDM",
      "TextType": "PRINTED",
      "Geometry": {
        "BoundingBox": {
          "Width": 0.10635649412870407,
          "Height": 0.019482726231217384,
          "Left": 0.27824947237968445,
          "Top": 0.569517195224762
        },
        "Polygon": [
          {
            "X": 0.27824947237968445,
            "Y": 0.5695443749427795
          },
          {
            "X": 0.38456860184669495,
            "Y": 0.569517195224762
          },
          {
            "X": 0.38460594415664673,
            "Y": 0.5889710783958435
          },
          {
            "X": 0.27827519178390503,
            "Y": 0.5889999270439148
          }
        ]
      },
      "Id": "6195e823-8a26-4c38-9798-6e06c292c8ce",
      "Page": 1
    },
    {
      "BlockType": "WORD",
      "Confidence": 99.51329803466797,
      "Text": "3.9",
      "TextType": "PRINTED",
      "Geometry": {
        "BoundingBox": {
          "Width": 0.021297985687851906,
          "Height": 0.019688056781888008,
          "Left": 0.49741652607917786,
          "Top": 0.5694644451141357
        },
        "Polygon": [
          {
            "X": 0.49741652607917786,
            "Y": 0.5694698691368103
          },
          {
            "X": 0.5186618566513062,
            "Y": 0.5694644451141357
          },
          {
            "X": 0.5187144875526428,
            "Y": 0.5891467332839966
          },
          {
            "X": 0.4974668025970459,
            "Y": 0.5891525149345398
          }
        ]
      },
      "Id": "65e33e85-da75-43e6-b302-4f3d032925b5",
      "Page": 1
    },
    {
      "BlockType": "WORD",
      "Confidence": 98.32781219482422,
      "Text": "+",
      "TextType": "PRINTED",
      "Geometry": {
        "BoundingBox": {
          "Width": 0.00875706784427166,
          "Height": 0.01649230159819126,
          "Left": 0.5221711993217468,
          "Top": 0.5715869665145874
        },
        "Polygon": [
          {
            "X": 0.5221711993217468,
            "Y": 0.5715892314910889
          },
          {
            "X": 0.5308830142021179,
            "Y": 0.5715869665145874
          },
          {
            "X": 0.5309282541275024,
            "Y": 0.5880768895149231
          },
          {
            "X": 0.5222156047821045,
            "Y": 0.5880792737007141
          }
        ]
      },
      "Id": "3b10047d-be62-4253-9e58-733c78dc7e3f",
      "Page": 1
    },
    {
      "BlockType": "WORD",
      "Confidence": 99.75751495361328,
      "Text": "0.4",
      "TextType": "PRINTED",
      "Geometry": {
        "BoundingBox": {
          "Width": 0.021801356226205826,
          "Height": 0.019174054265022278,
          "Left": 0.534209132194519,
          "Top": 0.5697649717330933
        },
        "Polygon": [
          {
            "X": 0.534209132194519,
            "Y": 0.5697705149650574
          },
          {
            "X": 0.555955171585083,
            "Y": 0.5697649717330933
          },
          {
            "X": 0.5560104846954346,
            "Y": 0.5889331102371216
          },
          {
            "X": 0.5342620611190796,
            "Y": 0.5889390110969543
          }
        ]
      },
      "Id": "d386c19a-dce2-4291-891b-b19bad135eae",
      "Page": 1
    },
    {
      "BlockType": "TABLE",
      "Confidence": 99.462890625,
      "Geometry": {
        "BoundingBox": {
          "Width": 0.4993993043899536,
          "Height": 0.21575041115283966,
          "Left": 0.25014427304267883,
          "Top": 0.39149126410484314
        },
        "Polygon": [
          {
            "X": 0.25014427304267883,
            "Y": 0.3915497362613678
          },
          {
            "X": 0.7486870884895325,
            "Y": 0.39149126410484314
          },
          {
            "X": 0.7495435476303101,
            "Y": 0.6070993542671204
          },
          {
            "X": 0.2503957152366638,
            "Y": 0.607241690158844
          }
        ]
      },
      "Id": "bcdbd214-d524-49fd-9875-dd01a7c8945b",
      "Relationships": [
        {
          "Type": "CHILD",
          "Ids": [
            "2eacb7a2-f508-4e97-a56d-17a7796808e6",
            "245298b2-7a2f-496d-98be-d56c8efac408",
            "d921dc4d-53e9-48ac-8309-c43b3003c1f2",
            "5c6904a8-ec4c-43af-866e-a240bf6fac39",
            "02937984-16d3-435a-aa7a-39a5c9256959",
            "4d6202ce-7101-4f82-924e-746d31c21102",
            "07b8bdb7-120b-4dca-8915-959efa88d32f",
            "bc6fd785-6e8b-4793-ae69-ca0ef946c21d",
            "f54674a0-5a8d-4702-93af-082d47c16b09",
            "b5671ad0-7957-444f-ae4d-6126f11c1648",
            "167b533f-cea4-4526-bbd4-776f29446cf2",
            "5ed083fd-f8e8-4aed-a403-894ddd0e65fd"
          ]
        }
      ],
      "EntityTypes": [
        "STRUCTURED_TABLE"
      ],
      "Page": 1
    },
    {
      "BlockType": "CELL",
      "Confidence": 93.701171875,
      "RowIndex": 1,
      "ColumnIndex": 1,
      "RowSpan": 1,
      "ColumnSpan": 1,
      "Geometry": {
        "BoundingBox": {
          "Width": 0.19150623679161072,
          "Height": 0.03917555883526802,
          "Left": 0.25014427304267883,
          "Top": 0.39152729511260986
        },
        "Polygon": [
          {
            "X": 0.25014427304267883,
            "Y": 0.3915497362613678
          },
          {
            "X": 0.4415627121925354,
            "Y": 0.39152729511260986
          },
          {
            "X": 0.44165050983428955,
            "Y": 0.43067455291748047
          },
          {
            "X": 0.2501899302005768,
            "Y": 0.4307028353214264
          }
        ]
      },
      "Id": "2eacb7a2-f508-4e97-a56d-17a7796808e6",
      "Relationships": [
        {
          "Type": "CHILD",
          "Ids": [
            "0e48bfa4-5602-4c88-ac27-02c36ab3fd8b",
            "cb1d6c35-04fe-41a3-9165-5c11287cce5d"
          ]
        }
      ],
      "EntityTypes": [
        "COLUMN_HEADER"
      ],
      "Page": 1
    },
    {
      "BlockType": "CELL",
      "Confidence": 95.80078125,
      "RowIndex": 1,
      "ColumnIndex": 2,
      "RowSpan": 1,
      "ColumnSpan": 1,
      "Geometry": {
        "BoundingBox": {
          "Width": 0.30727988481521606,
          "Height": 0.03918328136205673,
          "Left": 0.4415627121925354,
          "Top": 0.39149126410484314
        },
        "Polygon": [
          {
            "X": 0.4415627121925354,
            "Y": 0.39152729511260986
          },
          {
            "X": 0.7486870884895325,
            "Y": 0.39149126410484314
          },
          {
            "X": 0.7488425970077515,
            "Y": 0.4306291937828064
          },
          {
            "X": 0.44165050983428955,
            "Y": 0.43067455291748047
          }
        ]
      },
      "Id": "245298b2-7a2f-496d-98be-d56c8efac408",
      "Relationships": [
        {
          "Type": "CHILD",
          "Ids": [
            "a9a7c868-76bd-43bf-ab52-55cac6e16a6d",
            "8fe4270e-bf97-47ae-a59d-a512a908ada9",
            "011e099b-5e10-4278-ae9d-8025c6505ca7",
            "8af4b939-6332-42d2-8655-2a69255a7fc9"
          ]
        }
      ],
      "EntityTypes": [
        "COLUMN_HEADER"
      ],
      "Page": 1
    },
    {
      "BlockType": "CELL",
      "Confidence": 88.623046875,
      "RowIndex": 2,
      "ColumnIndex": 1,
      "RowSpan": 1,
      "ColumnSpan": 1,
      "Geometry": {
        "BoundingBox": {
          "Width": 0.19154584407806396,
          "Height": 0.03803373873233795,
          "Left": 0.2501899302005768,
          "Top": 0.43067455291748047
        },
        "Polygon": [
          {
            "X": 0.2501899302005768,
            "Y": 0.4307028353214264
          },
          {
            "X": 0.44165050983428955,
            "Y": 0.43067455291748047
          },
          {
            "X": 0.44173577427864075,
            "Y": 0.46867433190345764
          },
          {
            "X": 0.2502342164516449,
            "Y": 0.4687083065509796
          }
        ]
      },
      "Id": "d921dc4d-53e9-48ac-8309-c43b3003c1f2",
      "Relationships": [
        {
          "Type": "CHILD",
          "Ids": [
            "c50e2d71-80ba-4c5d-9960-570f8e67c3d9"
          ]
        }
      ],
      "Page": 1
    },
    {
      "BlockType": "CELL",
      "Confidence": 90.576171875,
      "RowIndex": 2,
      "ColumnIndex": 2,
      "RowSpan": 1,
      "ColumnSpan": 1,
      "Geometry": {
        "BoundingBox": {
          "Width": 0.3073429763317108,
          "Height": 0.038045160472393036,
          "Left": 0.44165050983428955,
          "Top": 0.4306291937828064
        },
        "Polygon": [
          {
            "X": 0.44165050983428955,
            "Y": 0.43067455291748047
          },
          {
            "X": 0.7488425970077515,
            "Y": 0.4306291937828064
          },
          {
            "X": 0.7489935159683228,
            "Y": 0.4686198830604553
          },
          {
            "X": 0.44173577427864075,
            "Y": 0.46867433190345764
          }
        ]
      },
      "Id": "5c6904a8-ec4c-43af-866e-a240bf6fac39",
      "Relationships": [
        {
          "Type": "CHILD",
          "Ids": [
            "8fbc1632-f841-442e-91a0-b131b6f626ae",
            "0fe540a6-583a-4819-a52e-5ed35ad41765",
            "ee6139e1-315e-4bbe-b85e-7009e5cfb519"
          ]
        }
      ],
      "Page": 1
    },
    {
      "BlockType": "CELL",
      "Confidence": 85.205078125,
      "RowIndex": 3,
      "ColumnIndex": 1,
      "RowSpan": 1,
      "ColumnSpan": 1,
      "Geometry": {
        "BoundingBox": {
          "Width": 0.19157211482524872,
          "Height": 0.031499043107032776,
          "Left": 0.2502342164516449,
          "Top": 0.46867433190345764
        },
        "Polygon": [
          {
            "X": 0.2502342164516449,
            "Y": 0.4687083065509796
          },
          {
            "X": 0.44173577427864075,
            "Y": 0.46867433190345764
          },
          {
            "X": 0.4418063461780548,
            "Y": 0.5001347661018372
          },
          {
            "X": 0.25027090311050415,
            "Y": 0.5001733899116516
          }
        ]
      },
      "Id": "02937984-16d3-435a-aa7a-39a5c9256959",
      "Relationships": [
        {
          "Type": "CHILD",
          "Ids": [
            "a018ede0-a8a4-443a-bbec-028a5ed4417f"
          ]
        }
      ],
      "Page": 1
    },
    {
      "BlockType": "CELL",
      "Confidence": 87.109375,
      "RowIndex": 3,
      "ColumnIndex": 2,
      "RowSpan": 1,
      "ColumnSpan": 1,
      "Geometry": {
        "BoundingBox": {
          "Width": 0.3073826730251312,
          "Height": 0.03151486814022064,
          "Left": 0.44173577427864075,
          "Top": 0.4686198830604553
        },
        "Polygon": [
          {
            "X": 0.44173577427864075,
            "Y": 0.46867433190345764
          },
          {
            "X": 0.7489935159683228,
            "Y": 0.4686198830604553
          },
          {
            "X": 0.749118447303772,
            "Y": 0.500072717666626
          },
          {
            "X": 0.4418063461780548,
            "Y": 0.5001347661018372
          }
        ]
      },
      "Id": "4d6202ce-7101-4f82-924e-746d31c21102",
      "Relationships": [
        {
          "Type": "CHILD",
          "Ids": [
            "b35231c1-1f7a-40db-8e91-47c1e86e1a34",
            "2823786a-83f2-4d0d-8fdb-81fddeb512e2",
            "3846d0bf-68cd-44d3-b49e-17ed52f627fb"
          ]
        }
      ],
      "Page": 1
    },
    {
      "BlockType": "CELL",
      "Confidence": 86.474609375,
      "RowIndex": 4,
      "ColumnIndex": 1,
      "RowSpan": 1,
      "ColumnSpan": 1,
      "Geometry": {
        "BoundingBox": {
          "Width": 0.1916060447692871,
          "Height": 0.031514886766672134,
          "Left": 0.25027090311050415,
          "Top": 0.5001347661018372
        },
        "Polygon": [
          {
            "X": 0.25027090311050415,
            "Y": 0.5001733899116516
          },
          {
            "X": 0.4418063461780548,
            "Y": 0.5001347661018372
          },
          {
            "X": 0.44187694787979126,
            "Y": 0.5316062569618225
          },
          {
            "X": 0.2503075897693634,
            "Y": 0.531649649143219
          }
        ]
      },
      "Id": "07b8bdb7-120b-4dca-8915-959efa88d32f",
      "Relationships": [
        {
          "Type": "CHILD",
          "Ids": [
            "37b38649-adbb-4595-9de4-6b315c4fa0b1"
          ]
        }
      ],
      "Page": 1
    },
    {
      "BlockType": "CELL",
      "Confidence": 88.37890625,
      "RowIndex": 4,
      "ColumnIndex": 2,
      "RowSpan": 1,
      "ColumnSpan": 1,
      "Geometry": {
        "BoundingBox": {
          "Width": 0.30743709206581116,
          "Height": 0.03153354674577713,
          "Left": 0.4418063461780548,
          "Top": 0.500072717666626
        },
        "Polygon": [
          {
            "X": 0.4418063461780548,
            "Y": 0.5001347661018372
          },
          {
            "X": 0.749118447303772,
            "Y": 0.500072717666626
          },
          {
            "X": 0.749243438243866,
            "Y": 0.5315366983413696
          },
          {
            "X": 0.44187694787979126,
            "Y": 0.5316062569618225
          }
        ]
      },
      "Id": "bc6fd785-6e8b-4793-ae69-ca0ef946c21d",
      "Relationships": [
        {
          "Type": "CHILD",
          "Ids": [
            "7340a573-6012-45c3-84f0-8534f2d9aee1",
            "00731ff8-1f91-44f9-b21d-be3fb291d309",
            "6cf30b88-501c-46c8-81ba-ecd74b314907"
          ]
        }
      ],
      "Page": 1
    },
    {
      "BlockType": "CELL",
      "Confidence": 83.642578125,
      "RowIndex": 5,
      "ColumnIndex": 1,
      "RowSpan": 1,
      "ColumnSpan": 1,
      "Geometry": {
        "BoundingBox": {
          "Width": 0.1916399747133255,
          "Height": 0.03153073787689209,
          "Left": 0.2503075897693634,
          "Top": 0.5316062569618225
        },
        "Polygon": [
          {
            "X": 0.2503075897693634,
            "Y": 0.531649649143219
          },
          {
            "X": 0.44187694787979126,
            "Y": 0.5316062569618225
          },
          {
            "X": 0.4419475495815277,
            "Y": 0.5630889534950256
          },
          {
            "X": 0.25034430623054504,
            "Y": 0.5631369948387146
          }
        ]
      },
      "Id": "f54674a0-5a8d-4702-93af-082d47c16b09",
      "Relationships": [
        {
          "Type": "CHILD",
          "Ids": [
            "4ab03181-d1e8-4eea-b609-1e8e543f8f9a"
          ]
        }
      ],
      "Page": 1
    },
    {
      "BlockType": "CELL",
      "Confidence": 85.546875,
      "RowIndex": 5,
      "ColumnIndex": 2,
      "RowSpan": 1,
      "ColumnSpan": 1,
      "Geometry": {
        "BoundingBox": {
          "Width": 0.3074915111064911,
          "Height": 0.031552236527204514,
          "Left": 0.44187694787979126,
          "Top": 0.5315366983413696
        },
        "Polygon": [
          {
            "X": 0.44187694787979126,
            "Y": 0.5316062569618225
          },
          {
            "X": 0.749243438243866,
            "Y": 0.5315366983413696
          },
          {
            "X": 0.74936842918396,
            "Y": 0.5630118250846863
          },
          {
            "X": 0.4419475495815277,
            "Y": 0.5630889534950256
          }
        ]
      },
      "Id": "b5671ad0-7957-444f-ae4d-6126f11c1648",
      "Relationships": [
        {
          "Type": "CHILD",
          "Ids": [
            "6ccbda82-44b4-4378-9b9d-5fe6cdaffec2",
            "54950531-af0e-4d03-a51e-0d386a1975b5",
            "0656b369-2580-4874-9681-9d1892524706"
          ]
        }
      ],
      "Page": 1
    },
    {
      "BlockType": "CELL",
      "Confidence": 92.96875,
      "RowIndex": 6,
      "ColumnIndex": 1,
      "RowSpan": 1,
      "ColumnSpan": 1,
      "Geometry": {
        "BoundingBox": {
          "Width": 0.19170218706130981,
          "Height": 0.04415273293852806,
          "Left": 0.25034430623054504,
          "Top": 0.5630889534950256
        },
        "Polygon": [
          {
            "X": 0.25034430623054504,
            "Y": 0.5631369948387146
          },
          {
            "X": 0.4419475495815277,
            "Y": 0.5630889534950256
          },
          {
            "X": 0.44204649329185486,
            "Y": 0.607187032699585
          },
          {
            "X": 0.2503957152366638,
            "Y": 0.607241690158844
          }
        ]
      },
      "Id": "167b533f-cea4-4526-bbd4-776f29446cf2",
      "Relationships": [
        {
          "Type": "CHILD",
          "Ids": [
            "6195e823-8a26-4c38-9798-6e06c292c8ce"
          ]
        }
      ],
      "Page": 1
    },
    {
      "BlockType": "CELL",
      "Confidence": 95.01953125,
      "RowIndex": 6,
      "ColumnIndex": 2,
      "RowSpan": 1,
      "ColumnSpan": 1,
      "Geometry": {
        "BoundingBox": {
          "Width": 0.30759602785110474,
          "Height": 0.04417518898844719,
          "Left": 0.4419475495815277,
          "Top": 0.5630118250846863
        },
        "Polygon": [
          {
            "X": 0.4419475495815277,
            "Y": 0.5630889534950256
          },
          {
            "X": 0.74936842918396,
            "Y": 0.5630118250846863
          },
          {
            "X": 0.7495435476303101,
            "Y": 0.6070993542671204
          },
          {
            "X": 0.44204649329185486,
            "Y": 0.607187032699585
          }
        ]
      },
      "Id": "5ed083fd-f8e8-4aed-a403-894ddd0e65fd",
      "Relationships": [
        {
          "Type": "CHILD",
          "Ids": [
            "65e33e85-da75-43e6-b302-4f3d032925b5",
            "3b10047d-be62-4253-9e58-733c78dc7e3f",
            "d386c19a-dce2-4291-891b-b19bad135eae"
          ]
        }
      ],
      "Page": 1
    }
  ],
  "AnalyzeDocumentModelVersion": "1.0"
}