{
  "DocumentMetadata": {
    "Pages": 1
  },
  "JobStatus": "SUCCEEDED",
  "Blocks": [
    {
      "BlockType": "PAGE",
      "Geometry": {
        "BoundingBox": {
          "Width": 1,
          "Height": 1,
          "Left": 0,
          "Top": 0
        },
        "Polygon": [
          {
            "X": 0,
            "Y": 0
          },
          {
            "X": 1,
            "Y": 0
          },
          {
            "X": 1,
            "Y": 1
          },
          {
            "X": 0,
            "Y": 1
          }
        ]
      },
      "Id": "cc60341a-11c8-4367-8ae7-6a82dbfaba33",
      "Relationships": [
        {
          "Type": "CHILD",
          "Ids": [
            "e9aa00a8-54a3-44fc-847f-5cbdf4f99cf9",
            "12816693-cec7-4c54-b30c-d9d354be201d",
            "8950758c-7306-4583-abab-7d6e8302e965",
            "7fa7ca17-ca0d-4475-8c15-d880be335979",
            "0538dc61-1ff1-424f-bacb-c41f4d061a53",
            "bc284e26-6d59-4cc7-9d57-66b2f29d58f5",
            "d8166021-1b51-485c-80a3-530ee11684c4",
            "32b5468a-7595-46a4-a46c-2df9bd20d635",
            "0d6d73cb-c75b-4062-8818-b27a2a78058d",
            "b22d937c-3e58-4b4f-8296-41ba70cf9b3e",
            "a7026f49-e7b5-42c4-a872-1e02ab63ee3a",
            "16530679-88dd-4abb-973e-aa0d515851a0",
            "62f74cc3-1c4d-4171-9b81-ca725e637b89"
          ]
        }
      ],
      "Page": 1
    },
    {
      "BlockType": "LINE",
      "Confidence": 99.95063781738281,
      "Text": "Sample",
      "Geometry": {
        "BoundingBox": {
          "Width": 0.046677108854055405,
          "Height": 0.02739221602678299,
          "Left": 0.24595355987548828,
          "Top": 0.4452569782733917
        },
        "Polygon": [
          {
            "X": 0.24595355987548828,
            "Y": 0.4452569782733917
          },
          {
            "X": 0.292630672454834,
            "Y": 0.4452569782733917
          },
          {
            "X": 0.292630672454834,
            "Y": 0.4726491868495941
          },
          {
            "X": 0.24595355987548828,
            "Y": 0.4726491868495941
          }
        ]
      },
      "Id": "e9aa00a8-54a3-44fc-847f-5cbdf4f99cf9",
      "Relationships": [
        {
          "Type": "CHILD",
          "Ids": [
            "ca0e664e-b73e-47fc-bf67-30033817d87a"
          ]
        }
      ],
      "Page": 1
    },
    {
      "BlockType": "LINE",
      "Confidence": 99.2379150390625,
      "Text": "PHRR (W/g)",
      "Geometry": {
        "BoundingBox": {
          "Width": 0.07670992612838745,
          "Height": 0.02758503146469593,
          "Left": 0.39446187019348145,
          "Top": 0.4450332820415497
        },
        "Polygon": [
          {
            "X": 0.39446187019348145,
            "Y": 0.4450332820415497
          },
          {
            "X": 0.4711717963218689,
            "Y": 0.4450332820415497
          },
          {
            "X": 0.4711717963218689,
            "Y": 0.47261831164360046
          },
          {
            "X": 0.39446187019348145,
            "Y": 0.47261831164360046
          }
        ]
      },
      "Id": "12816693-cec7-4c54-b30c-d9d354be201d",
      "Relationships": [
        {
          "Type": "CHILD",
          "Ids": [
            "26d8e4d5-adfa-417d-8d13-765a8a212151",
            "760fe2d1-bc53-4581-be59-05349a91db26"
          ]
        }
      ],
      "Page": 1
    },
    {
      "BlockType": "LINE",
      "Confidence": 85.92506408691406,
      "Text": "THR (kJ/g)",
      "Geometry": {
        "BoundingBox": {
          "Width": 0.0663076713681221,
          "Height": 0.027397245168685913,
          "Left": 0.5549907684326172,
          "Top": 0.44545814394950867
        },
        "Polygon": [
          {
            "X": 0.5549907684326172,
            "Y": 0.44545814394950867
          },
          {
            "X": 0.6212984323501587,
            "Y": 0.44545814394950867
          },
          {
            "X": 0.6212984323501587,
            "Y": 0.4728553891181946
          },
          {
            "X": 0.5549907684326172,
            "Y": 0.4728553891181946
          }
        ]
      },
      "Id": "8950758c-7306-4583-abab-7d6e8302e965",
      "Relationships": [
        {
          "Type": "CHILD",
          "Ids": [
            "88cdc209-5e0d-4a18-8198-11c70b259517",
            "e66cd66c-29f5-4a2f-8ae0-0dc3462187e8"
          ]
        }
      ],
      "Page": 1
    },
    {
      "BlockType": "LINE",
      "Confidence": 75.58417510986328,
      "Text": "Tp (C)",
      "Geometry": {
        "BoundingBox": {
          "Width": 0.0447782538831234,
          "Height": 0.02746608294546604,
          "Left": 0.7050981521606445,
          "Top": 0.4449818432331085
        },
        "Polygon": [
          {
            "X": 0.7050981521606445,
            "Y": 0.4449818432331085
          },
          {
            "X": 0.7498763799667358,
            "Y": 0.4449818432331085
          },
          {
            "X": 0.7498763799667358,
            "Y": 0.4724479019641876
          },
          {
            "X": 0.7050981521606445,
            "Y": 0.4724479019641876
          }
        ]
      },
      "Id": "7fa7ca17-ca0d-4475-8c15-d880be335979",
      "Relationships": [
        {
          "Type": "CHILD",
          "Ids": [
            "7edb9f37-06ed-4076-996c-1b6e12f767f4",
            "dada43ef-f379-46ca-8c6e-a49b6ab14d0a"
          ]
        }
      ],
      "Page": 1
    },
    {
      "BlockType": "LINE",
      "Confidence": 99.70906066894531,
      "Text": "EP",
      "Geometry": {
        "BoundingBox": {
          "Width": 0.015530040487647057,
          "Height": 0.02026020549237728,
          "Left": 0.24621790647506714,
          "Top": 0.4989050626754761
        },
        "Polygon": [
          {
            "X": 0.24621790647506714,
            "Y": 0.4989050626754761
          },
          {
            "X": 0.26174795627593994,
            "Y": 0.4989050626754761
          },
          {
            "X": 0.26174795627593994,
            "Y": 0.5191652774810791
          },
          {
            "X": 0.24621790647506714,
            "Y": 0.5191652774810791
          }
        ]
      },
      "Id": "0538dc61-1ff1-424f-bacb-c41f4d061a53",
      "Relationships": [
        {
          "Type": "CHILD",
          "Ids": [
            "9214d379-1a8b-472a-89d8-dab3a729d416"
          ]
        }
      ],
      "Page": 1
    },
    {
      "BlockType": "LINE",
      "Confidence": 99.93856048583984,
      "Text": "994",
      "Geometry": {
        "BoundingBox": {
          "Width": 0.024332217872142792,
          "Height": 0.021271880716085434,
          "Left": 0.3943538963794708,
          "Top": 0.4986976683139801
        },
        "Polygon": [
          {
            "X": 0.3943538963794708,
            "Y": 0.4986976683139801
          },
          {
            "X": 0.4186860918998718,
            "Y": 0.4986976683139801
          },
          {
            "X": 0.4186860918998718,
            "Y": 0.5199695825576782
          },
          {
            "X": 0.3943538963794708,
            "Y": 0.5199695825576782
          }
        ]
      },
      "Id": "bc284e26-6d59-4cc7-9d57-66b2f29d58f5",
      "Relationships": [
        {
          "Type": "CHILD",
          "Ids": [
            "b0c3c9e3-759d-4a5e-aaa5-ff8228ecef81"
          ]
        }
      ],
      "Page": 1
    },
    {
      "BlockType": "LINE",
      "Confidence": 95.68561553955078,
      "Text": "40.8",
      "Geometry": {
        "BoundingBox": {
          "Width": 0.02607697993516922,
          "Height": 0.02087073028087616,
          "Left": 0.5562870502471924,
          "Top": 0.49818140268325806
        },
        "Polygon": [
          {
            "X": 0.5562870502471924,
            "Y": 0.49818140268325806
          },
          {
            "X": 0.582364022731781,
            "Y": 0.49818140268325806
          },
          {
            "X": 0.582364022731781,
            "Y": 0.5190521478652954
          },
          {
            "X": 0.5562870502471924,
            "Y": 0.5190521478652954
          }
        ]
      },
      "Id": "d8166021-1b51-485c-80a3-530ee11684c4",
      "Relationships": [
        {
          "Type": "CHILD",
          "Ids": [
            "de356ae0-eba5-44b5-9a74-46bb84a53aa2"
          ]
        }
      ],
      "Page": 1
    },
    {
      "BlockType": "LINE",
      "Confidence": 99.97650146484375,
      "Text": "416",
      "Geometry": {
        "BoundingBox": {
          "Width": 0.02418818138539791,
          "Height": 0.021486110985279083,
          "Left": 0.705570638179779,
          "Top": 0.4978735148906708
        },
        "Polygon": [
          {
            "X": 0.705570638179779,
            "Y": 0.4978735148906708
          },
          {
            "X": 0.7297588586807251,
            "Y": 0.4978735148906708
          },
          {
            "X": 0.7297588586807251,
            "Y": 0.5193596482276917
          },
          {
            "X": 0.705570638179779,
            "Y": 0.5193596482276917
          }
        ]
      },
      "Id": "32b5468a-7595-46a4-a46c-2df9bd20d635",
      "Relationships": [
        {
          "Type": "CHILD",
          "Ids": [
            "525575c7-245e-4405-b477-7793e601b57e"
          ]
        }
      ],
      "Page": 1
    },
    {
      "BlockType": "LINE",
      "Confidence": 99.70143127441406,
      "Text": "MGNH/EP",
      "Geometry": {
        "BoundingBox": {
          "Width": 0.06313889473676682,
          "Height": 0.026110565289855003,
          "Left": 0.2462623417377472,
          "Top": 0.530549168586731
        },
        "Polygon": [
          {
            "X": 0.2462623417377472,
            "Y": 0.530549168586731
          },
          {
            "X": 0.3094012439250946,
            "Y": 0.530549168586731
          },
          {
            "X": 0.3094012439250946,
            "Y": 0.5566596984863281
          },
          {
            "X": 0.2462623417377472,
            "Y": 0.5566596984863281
          }
        ]
      },
      "Id": "0d6d73cb-c75b-4062-8818-b27a2a78058d",
      "Relationships": [
        {
          "Type": "CHILD",
          "Ids": [
            "b46ba02e-f56b-4aef-acdc-b02dd4c75842"
          ]
        }
      ],
      "Page": 1
    },
    {
      "BlockType": "LINE",
      "Confidence": 99.96033477783203,
      "Text": "202",
      "Geometry": {
        "BoundingBox": {
          "Width": 0.023351484909653664,
          "Height": 0.020571798086166382,
          "Left": 0.39448657631874084,
          "Top": 0.5314255952835083
        },
        "Polygon": [
          {
            "X": 0.39448657631874084,
            "Y": 0.5314255952835083
          },
          {
            "X": 0.41783806681632996,
            "Y": 0.5314255952835083
          },
          {
            "X": 0.41783806681632996,
            "Y": 0.5519973635673523
          },
          {
            "X": 0.39448657631874084,
            "Y": 0.5519973635673523
          }
        ]
      },
      "Id": "b22d937c-3e58-4b4f-8296-41ba70cf9b3e",
      "Relationships": [
        {
          "Type": "CHILD",
          "Ids": [
            "a4df6b3c-5e91-4c56-8ce9-89f00b730c00"
          ]
        }
      ],
      "Page": 1
    },
    {
      "BlockType": "LINE",
      "Confidence": 99.94007110595703,
      "Text": "27.0",
      "Geometry": {
        "BoundingBox": {
          "Width": 0.02693369798362255,
          "Height": 0.02075342833995819,
          "Left": 0.5558983087539673,
          "Top": 0.5313286781311035
        },
        "Polygon": [
          {
            "X": 0.5558983087539673,
            "Y": 0.5313286781311035
          },
          {
            "X": 0.5828320384025574,
            "Y": 0.5313286781311035
          },
          {
            "X": 0.5828320384025574,
            "Y": 0.5520821213722229
          },
          {
            "X": 0.5558983087539673,
            "Y": 0.5520821213722229
          }
        ]
      },
      "Id": "a7026f49-e7b5-42c4-a872-1e02ab63ee3a",
      "Relationships": [
        {
          "Type": "CHILD",
          "Ids": [
            "2e735a29-c794-4090-af3c-177e7015c79e"
          ]
        }
      ],
      "Page": 1
    },
    {
      "BlockType": "LINE",
      "Confidence": 99.9384994506836,
      "Text": "363",
      "Geometry": {
        "BoundingBox": {
          "Width": 0.023176953196525574,
          "Height": 0.021035369485616684,
          "Left": 0.7060912847518921,
          "Top": 0.5311033725738525
        },
        "Polygon": [
          {
            "X": 0.7060912847518921,
            "Y": 0.5311033725738525
          },
          {
            "X": 0.7292682528495789,
            "Y": 0.5311033725738525
          },
          {
            "X": 0.7292682528495789,
            "Y": 0.5521387457847595
          },
          {
            "X": 0.7060912847518921,
            "Y": 0.5521387457847595
          }
        ]
      },
      "Id": "16530679-88dd-4abb-973e-aa0d515851a0",
      "Relationships": [
        {
          "Type": "CHILD",
          "Ids": [
            "40008941-b795-4215-a8fa-0d0271f13a1e"
          ]
        }
      ],
      "Page": 1
    },
    {
      "BlockType": "WORD",
      "Confidence": 99.95063781738281,
      "Text": "Sample",
      "TextType": "PRINTED",
      "Geometry": {
        "BoundingBox": {
          "Width": 0.046677108854055405,
          "Height": 0.02739221602678299,
          "Left": 0.24595355987548828,
          "Top": 0.4452569782733917
        },
        "Polygon": [
          {
            "X": 0.24595355987548828,
            "Y": 0.4452569782733917
          },
          {
            "X": 0.292630672454834,
            "Y": 0.4452569782733917
          },
          {
            "X": 0.292630672454834,
            "Y": 0.4726491868495941
          },
          {
            "X": 0.24595355987548828,
            "Y": 0.4726491868495941
          }
        ]
      },
      "Id": "ca0e664e-b73e-47fc-bf67-30033817d87a",
      "Page": 1
    },
    {
      "BlockType": "WORD",
      "Confidence": 99.74620056152344,
      "Text": "PHRR",
      "TextType": "PRINTED",
      "Geometry": {
        "BoundingBox": {
          "Width": 0.0355888232588768,
          "Height": 0.020858854055404663,
          "Left": 0.39446187019348145,
          "Top": 0.44607916474342346
        },
        "Polygon": [
          {
            "X": 0.39446187019348145,
            "Y": 0.44607916474342346
          },
          {
            "X": 0.43005070090293884,
            "Y": 0.44607916474342346
          },
          {
            "X": 0.43005070090293884,
            "Y": 0.4669380187988281
          },
          {
            "X": 0.39446187019348145,
            "Y": 0.4669380187988281
          }
        ]
      },
      "Id": "26d8e4d5-adfa-417d-8d13-765a8a212151",
      "Page": 1
    },
    {
      "BlockType": "WORD",
      "Confidence": 98.72962951660156,
      "Text": "(W/g)",
      "TextType": "PRINTED",
      "Geometry": {
        "BoundingBox": {
          "Width": 0.03707443177700043,
          "Height": 0.02758503146469593,
          "Left": 0.4340973496437073,
          "Top": 0.4450332820415497
        },
        "Polygon": [
          {
            "X": 0.4340973496437073,
            "Y": 0.4450332820415497
          },
          {
            "X": 0.4711717963218689,
            "Y": 0.4450332820415497
          },
          {
            "X": 0.4711717963218689,
            "Y": 0.47261831164360046
          },
          {
            "X": 0.4340973496437073,
            "Y": 0.47261831164360046
          }
        ]
      },
      "Id": "760fe2d1-bc53-4581-be59-05349a91db26",
      "Page": 1
    },
    {
      "BlockType": "WORD",
      "Confidence": 99.85762023925781,
      "Text": "THR",
      "TextType": "PRINTED",
      "Geometry": {
        "BoundingBox": {
          "Width": 0.02788291685283184,
          "Height": 0.021264858543872833,
          "Left": 0.5549907684326172,
          "Top": 0.4461163580417633
        },
        "Polygon": [
          {
            "X": 0.5549907684326172,
            "Y": 0.4461163580417633
          },
          {
            "X": 0.5828737020492554,
            "Y": 0.4461163580417633
          },
          {
            "X": 0.5828737020492554,
            "Y": 0.46738120913505554
          },
          {
            "X": 0.5549907684326172,
            "Y": 0.46738120913505554
          }
        ]
      },
      "Id": "88cdc209-5e0d-4a18-8198-11c70b259517",
      "Page": 1
    },
    {
      "BlockType": "WORD",
      "Confidence": 71.99250030517578,
      "Text": "(kJ/g)",
      "TextType": "PRINTED",
      "Geometry": {
        "BoundingBox": {
          "Width": 0.034651655703783035,
          "Height": 0.027397245168685913,
          "Left": 0.5866467952728271,
          "Top": 0.44545814394950867
        },
        "Polygon": [
          {
            "X": 0.5866467952728271,
            "Y": 0.44545814394950867
          },
          {
            "X": 0.6212984323501587,
            "Y": 0.44545814394950867
          },
          {
            "X": 0.6212984323501587,
            "Y": 0.4728553891181946
          },
          {
            "X": 0.5866467952728271,
            "Y": 0.4728553891181946
          }
        ]
      },
      "Id": "e66cd66c-29f5-4a2f-8ae0-0dc3462187e8",
      "Page": 1
    },
    {
      "BlockType": "WORD",
      "Confidence": 99.38277435302734,
      "Text": "Tp",
      "TextType": "PRINTED",
      "Geometry": {
        "BoundingBox": {
          "Width": 0.016111982986330986,
          "Height": 0.026176627725362778,
          "Left": 0.7050981521606445,
          "Top": 0.44627130031585693
        },
        "Polygon": [
          {
            "X": 0.7050981521606445,
            "Y": 0.44627130031585693
          },
          {
            "X": 0.7212101221084595,
            "Y": 0.44627130031585693
          },
          {
            "X": 0.7212101221084595,
            "Y": 0.4724479019641876
          },
          {
            "X": 0.7050981521606445,
            "Y": 0.4724479019641876
          }
        ]
      },
      "Id": "7edb9f37-06ed-4076-996c-1b6e12f767f4",
      "Page": 1
    },
    {
      "BlockType": "WORD",
      "Confidence": 51.78557205200195,
      "Text": "(C)",
      "TextType": "PRINTED",
      "Geometry": {
        "BoundingBox": {
          "Width": 0.02431553415954113,
          "Height": 0.027314621955156326,
          "Left": 0.7255608439445496,
          "Top": 0.4449818432331085
        },
        "Polygon": [
          {
            "X": 0.7255608439445496,
            "Y": 0.4449818432331085
          },
          {
            "X": 0.7498763799667358,
            "Y": 0.4449818432331085
          },
          {
            "X": 0.7498763799667358,
            "Y": 0.47229644656181335
          },
          {
            "X": 0.7255608439445496,
            "Y": 0.47229644656181335
          }
        ]
      },
      "Id": "dada43ef-f379-46ca-8c6e-a49b6ab14d0a",
      "Page": 1
    },
    {
      "BlockType": "WORD",
      "Confidence": 99.70906066894531,
      "Text": "EP",
      "TextType": "PRINTED",
      "Geometry": {
        "BoundingBox": {
          "Width": 0.015530040487647057,
          "Height": 0.02026020549237728,
          "Left": 0.24621790647506714,
          "Top": 0.4989050626754761
        },
        "Polygon": [
          {
            "X": 0.24621790647506714,
            "Y": 0.4989050626754761
          },
          {
            "X": 0.26174795627593994,
            "Y": 0.4989050626754761
          },
          {
            "X": 0.26174795627593994,
            "Y": 0.5191652774810791
          },
          {
            "X": 0.24621790647506714,
            "Y": 0.5191652774810791
          }
        ]
      },
      "Id": "9214d379-1a8b-472a-89d8-dab3a729d416",
      "Page": 1
    },
    {
      "BlockType": "WORD",
      "Confidence": 99.93856048583984,
      "Text": "994",
      "TextType": "PRINTED",
      "Geometry": {
        "BoundingBox": {
          "Width": 0.024332217872142792,
          "Height": 0.021271880716085434,
          "Left": 0.3943538963794708,
          "Top": 0.4986976683139801
        },
        "Polygon": [
          {
            "X": 0.3943538963794708,
            "Y": 0.4986976683139801
          },
          {
            "X": 0.4186860918998718,
            "Y": 0.4986976683139801
          },
          {
            "X": 0.4186860918998718,
            "Y": 0.5199695825576782
          },
          {
            "X": 0.3943538963794708,
            "Y": 0.5199695825576782
          }
        ]
      },
      "Id": "b0c3c9e3-759d-4a5e-aaa5-ff8228ecef81",
      "Page": 1
    },
    {
      "BlockType": "WORD",
      "Confidence": 95.68561553955078,
      "Text": "40.8",
      "TextType": "PRINTED",
      "Geometry": {
        "BoundingBox": {
          "Width": 0.02607697993516922,
          "Height": 0.02087073028087616,
          "Left": 0.5562870502471924,
          "Top": 0.49818140268325806
        },
        "Polygon": [
          {
            "X": 0.5562870502471924,
            "Y": 0.49818140268325806
          },
          {
            "X": 0.582364022731781,
            "Y": 0.49818140268325806
          },
          {
            "X": 0.582364022731781,
            "Y": 0.5190521478652954
          },
          {
            "X": 0.5562870502471924,
            "Y": 0.5190521478652954
          }
        ]
      },
      "Id": "de356ae0-eba5-44b5-9a74-46bb84a53aa2",
      "Page": 1
    },
    {
      "BlockType": "WORD",
      "Confidence": 99.97650146484375,
      "Text": "416",
      "TextType": "PRINTED",
      "Geometry": {
        "BoundingBox": {
          "Width": 0.02418818138539791,
          "Height": 0.021486110985279083,
          "Left": 0.705570638179779,
          "Top": 0.4978735148906708
        },
        "Polygon": [
          {
            "X": 0.705570638179779,
            "Y": 0.4978735148906708
          },
          {
            "X": 0.7297588586807251,
            "Y": 0.4978735148906708
          },
          {
            "X": 0.7297588586807251,
            "Y": 0.5193596482276917
          },
          {
            "X": 0.705570638179779,
            "Y": 0.5193596482276917
          }
        ]
      },
      "Id": "525575c7-245e-4405-b477-7793e601b57e",
      "Page": 1
    },
    {
      "BlockType": "WORD",
      "Confidence": 99.70143127441406,
      "Text": "MGNH/EP",
      "TextType": "PRINTED",
      "Geometry": {
        "BoundingBox": {
          "Width": 0.06313889473676682,
          "Height": 0.026110565289855003,
          "Left": 0.2462623417377472,
          "Top": 0.530549168586731
        },
        "Polygon": [
          {
            "X": 0.2462623417377472,
            "Y": 0.530549168586731
          },
          {
            "X": 0.3094012439250946,
            "Y": 0.530549168586731
          },
          {
            "X": 0.3094012439250946,
            "Y": 0.5566596984863281
          },
          {
            "X": 0.2462623417377472,
            "Y": 0.5566596984863281
          }
        ]
      },
      "Id": "b46ba02e-f56b-4aef-acdc-b02dd4c75842",
      "Page": 1
    },
    {
      "BlockType": "WORD",
      "Confidence": 99.96033477783203,
      "Text": "202",
      "TextType": "PRINTED",
      "Geometry": {
        "BoundingBox": {
          "Width": 0.023351484909653664,
          "Height": 0.020571798086166382,
          "Left": 0.39448657631874084,
          "Top": 0.5314255952835083
        },
        "Polygon": [
          {
            "X": 0.39448657631874084,
            "Y": 0.5314255952835083
          },
          {
            "X": 0.41783806681632996,
            "Y": 0.5314255952835083
          },
          {
            "X": 0.41783806681632996,
            "Y": 0.5519973635673523
          },
          {
            "X": 0.39448657631874084,
            "Y": 0.5519973635673523
          }
        ]
      },
      "Id": "a4df6b3c-5e91-4c56-8ce9-89f00b730c00",
      "Page": 1
    },
    {
      "BlockType": "WORD",
      "Confidence": 99.94007110595703,
      "Text": "27.0",
      "TextType": "PRINTED",
      "Geometry": {
        "BoundingBox": {
          "Width": 0.02693369798362255,
          "Height": 0.02075342833995819,
          "Left": 0.5558983087539673,
          "Top": 0.5313286781311035
        },
        "Polygon": [
          {
            "X": 0.5558983087539673,
            "Y": 0.5313286781311035
          },
          {
            "X": 0.5828320384025574,
            "Y": 0.5313286781311035
          },
          {
            "X": 0.5828320384025574,
            "Y": 0.5520821213722229
          },
          {
            "X": 0.5558983087539673,
            "Y": 0.5520821213722229
          }
        ]
      },
      "Id": "2e735a29-c794-4090-af3c-177e7015c79e",
      "Page": 1
    },
    {
      "BlockType": "WORD",
      "Confidence": 99.9384994506836,
      "Text": "363",
      "TextType": "PRINTED",
      "Geometry": {
        "BoundingBox": {
          "Width": 0.023176953196525574,
          "Height": 0.021035369485616684,
          "Left": 0.7060912847518921,
          "Top": 0.5311033725738525
        },
        "Polygon": [
          {
            "X": 0.7060912847518921,
            "Y": 0.5311033725738525
          },
          {
            "X": 0.7292682528495789,
            "Y": 0.5311033725738525
          },
          {
            "X": 0.7292682528495789,
            "Y": 0.5521387457847595
          },
          {
            "X": 0.7060912847518921,
            "Y": 0.5521387457847595
          }
        ]
      },
      "Id": "40008941-b795-4215-a8fa-0d0271f13a1e",
      "Page": 1
    },
    {
      "BlockType": "TABLE",
      "Confidence": 99.853515625,
      "Geometry": {
        "BoundingBox": {
          "Width": 0.5427974462509155,
          "Height": 0.14326074719429016,
          "Left": 0.22898094356060028,
          "Top": 0.428377628326416
        },
        "Polygon": [
          {
            "X": 0.22898094356060028,
            "Y": 0.428377628326416
          },
          {
            "X": 0.7717783451080322,
            "Y": 0.428377628326416
          },
          {
            "X": 0.7717783451080322,
            "Y": 0.5716384053230286
          },
          {
            "X": 0.22898094356060028,
            "Y": 0.5716384053230286
          }
        ]
      },
      "Id": "62f74cc3-1c4d-4171-9b81-ca725e637b89",
      "Relationships": [
        {
          "Type": "CHILD",
          "Ids": [
            "0572a449-2bf9-41a9-8c34-9e8bc3acc487",
            "ed93b82f-187f-438e-ad21-2baa4a1b193a",
            "d4629599-3a53-48e1-a65e-f38de5375785",
            "102ba26f-2036-427e-9a72-fb53d92ff43b",
            "05495e6a-570d-443d-af9c-6f0689513f95",
            "5e59d6ed-607c-4c88-b8b6-88dfab9a37e7",
            "58054644-a58b-4236-882d-fb693b3baae4",
            "28fe106a-0e64-48c2-a584-6e7586643f79",
            "fea8478f-c450-4557-a580-bee99e73b4b0",
            "68b52cd9-96df-4496-a81e-d48d307a9ae8",
            "c35cdc01-c949-4f62-b091-e5976a04d456",
            "db474ea3-e7c1-4362-a8ce-ba607211a088"
          ]
        }
      ],
      "EntityTypes": [
        "STRUCTURED_TABLE"
      ],
      "Page": 1
    },
    {
      "BlockType": "CELL",
      "Confidence": 87.98828125,
      "RowIndex": 1,
      "ColumnIndex": 1,
      "RowSpan": 1,
      "ColumnSpan": 1,
      "Geometry": {
        "BoundingBox": {
          "Width": 0.12257562577724457,
          "Height": 0.05457696691155434,
          "Left": 0.22898094356060028,
          "Top": 0.428377628326416
        },
        "Polygon": [
          {
            "X": 0.22898094356060028,
            "Y": 0.428377628326416
          },
          {
            "X": 0.35155656933784485,
            "Y": 0.428377628326416
          },
          {
            "X": 0.35155656933784485,
            "Y": 0.48295459151268005
          },
          {
            "X": 0.22898094356060028,
            "Y": 0.48295459151268005
          }
        ]
      },
      "Id": "0572a449-2bf9-41a9-8c34-9e8bc3acc487",
      "Relationships": [
        {
          "Type": "CHILD",
          "Ids": [
            "ca0e664e-b73e-47fc-bf67-30033817d87a"
          ]
        }
      ],
      "EntityTypes": [
        "COLUMN_HEADER"
      ],
      "Page": 1
    },
    {
      "BlockType": "CELL",
      "Confidence": 89.84375,
      "RowIndex": 1,
      "ColumnIndex": 2,
      "RowSpan": 1,
      "ColumnSpan": 1,
      "Geometry": {
        "BoundingBox": {
          "Width": 0.16173119843006134,
          "Height": 0.05457696691155434,
          "Left": 0.35155656933784485,
          "Top": 0.428377628326416
        },
        "Polygon": [
          {
            "X": 0.35155656933784485,
            "Y": 0.428377628326416
          },
          {
            "X": 0.5132877826690674,
            "Y": 0.428377628326416
          },
          {
            "X": 0.5132877826690674,
            "Y": 0.48295459151268005
          },
          {
            "X": 0.35155656933784485,
            "Y": 0.48295459151268005
          }
        ]
      },
      "Id": "ed93b82f-187f-438e-ad21-2baa4a1b193a",
      "Relationships": [
        {
          "Type": "CHILD",
          "Ids": [
            "26d8e4d5-adfa-417d-8d13-765a8a212151",
            "760fe2d1-bc53-4581-be59-05349a91db26"
          ]
        }
      ],
      "EntityTypes": [
        "COLUMN_HEADER"
      ],
      "Page": 1
    },
    {
      "BlockType": "CELL",
      "Confidence": 89.990234375,
      "RowIndex": 1,
      "ColumnIndex": 3,
      "RowSpan": 1,
      "ColumnSpan": 1,
      "Geometry": {
        "BoundingBox": {
          "Width": 0.1511009782552719,
          "Height": 0.05457696691155434,
          "Left": 0.5132877826690674,
          "Top": 0.428377628326416
        },
        "Polygon": [
          {
            "X": 0.5132877826690674,
            "Y": 0.428377628326416
          },
          {
            "X": 0.6643887758255005,
            "Y": 0.428377628326416
          },
          {
            "X": 0.6643887758255005,
            "Y": 0.48295459151268005
          },
          {
            "X": 0.5132877826690674,
            "Y": 0.48295459151268005
          }
        ]
      },
      "Id": "d4629599-3a53-48e1-a65e-f38de5375785",
      "Relationships": [
        {
          "Type": "CHILD",
          "Ids": [
            "88cdc209-5e0d-4a18-8198-11c70b259517",
            "e66cd66c-29f5-4a2f-8ae0-0dc3462187e8"
          ]
        }
      ],
      "EntityTypes": [
        "COLUMN_HEADER"
      ],
      "Page": 1
    },
    {
      "BlockType": "CELL",
      "Confidence": 88.134765625,
      "RowIndex": 1,
      "ColumnIndex": 4,
      "RowSpan": 1,
      "ColumnSpan": 1,
      "Geometry": {
        "BoundingBox": {
          "Width": 0.10738961398601532,
          "Height": 0.05457696691155434,
          "Left": 0.6643887758255005,
          "Top": 0.428377628326416
        },
        "Polygon": [
          {
            "X": 0.6643887758255005,
            "Y": 0.428377628326416
          },
          {
            "X": 0.7717783451080322,
            "Y": 0.428377628326416
          },
          {
            "X": 0.7717783451080322,
            "Y": 0.48295459151268005
          },
          {
            "X": 0.6643887758255005,
            "Y": 0.48295459151268005
          }
        ]
      },
      "Id": "102ba26f-2036-427e-9a72-fb53d92ff43b",
      "Relationships": [
        {
          "Type": "CHILD",
          "Ids": [
            "7edb9f37-06ed-4076-996c-1b6e12f767f4",
            "dada43ef-f379-46ca-8c6e-a49b6ab14d0a"
          ]
        }
      ],
      "EntityTypes": [
        "COLUMN_HEADER"
      ],
      "Page": 1
    },
    {
      "BlockType": "CELL",
      "Confidence": 74.31640625,
      "RowIndex": 2,
      "ColumnIndex": 1,
      "RowSpan": 1,
      "ColumnSpan": 1,
      "Geometry": {
        "BoundingBox": {
          "Width": 0.12257562577724457,
          "Height": 0.042613640427589417,
          "Left": 0.22898094356060028,
          "Top": 0.48295459151268005
        },
        "Polygon": [
          {
            "X": 0.22898094356060028,
            "Y": 0.48295459151268005
          },
          {
            "X": 0.35155656933784485,
            "Y": 0.48295459151268005
          },
          {
            "X": 0.35155656933784485,
            "Y": 0.5255682468414307
          },
          {
            "X": 0.22898094356060028,
            "Y": 0.5255682468414307
          }
        ]
      },
      "Id": "05495e6a-570d-443d-af9c-6f0689513f95",
      "Relationships": [
        {
          "Type": "CHILD",
          "Ids": [
            "9214d379-1a8b-472a-89d8-dab3a729d416"
          ]
        }
      ],
      "Page": 1
    },
    {
      "BlockType": "CELL",
      "Confidence": 75.830078125,
      "RowIndex": 2,
      "ColumnIndex": 2,
      "RowSpan": 1,
      "ColumnSpan": 1,
      "Geometry": {
        "BoundingBox": {
          "Width": 0.16173119843006134,
          "Height": 0.042613640427589417,
          "Left": 0.35155656933784485,
          "Top": 0.48295459151268005
        },
        "Polygon": [
          {
            "X": 0.35155656933784485,
            "Y": 0.48295459151268005
          },
          {
            "X": 0.5132877826690674,
            "Y": 0.48295459151268005
          },
          {
            "X": 0.5132877826690674,
            "Y": 0.5255682468414307
          },
          {
            "X": 0.35155656933784485,
            "Y": 0.5255682468414307
          }
        ]
      },
      "Id": "5e59d6ed-607c-4c88-b8b6-88dfab9a37e7",
      "Relationships": [
        {
          "Type": "CHILD",
          "Ids": [
            "b0c3c9e3-759d-4a5e-aaa5-ff8228ecef81"
          ]
        }
      ],
      "Page": 1
    },
    {
      "BlockType": "CELL",
      "Confidence": 75.9765625,
      "RowIndex": 2,
      "ColumnIndex": 3,
      "RowSpan": 1,
      "ColumnSpan": 1,
      "Geometry": {
        "BoundingBox": {
          "Width": 0.1511009782552719,
          "Height": 0.042613640427589417,
          "Left": 0.5132877826690674,
          "Top": 0.48295459151268005
        },
        "Polygon": [
          {
            "X": 0.5132877826690674,
            "Y": 0.48295459151268005
          },
          {
            "X": 0.6643887758255005,
            "Y": 0.48295459151268005
          },
          {
            "X": 0.6643887758255005,
            "Y": 0.5255682468414307
          },
          {
            "X": 0.5132877826690674,
            "Y": 0.5255682468414307
          }
        ]
      },
      "Id": "58054644-a58b-4236-882d-fb693b3baae4",
      "Relationships": [
        {
          "Type": "CHILD",
          "Ids": [
            "de356ae0-eba5-44b5-9a74-46bb84a53aa2"
          ]
        }
      ],
      "Page": 1
    },
    {
      "BlockType": "CELL",
      "Confidence": 74.4140625,
      "RowIndex": 2,
      "ColumnIndex": 4,
      "RowSpan": 1,
      "ColumnSpan": 1,
      "Geometry": {
        "BoundingBox": {
          "Width": 0.10738961398601532,
          "Height": 0.042613640427589417,
          "Left": 0.6643887758255005,
          "Top": 0.48295459151268005
        },
        "Polygon": [
          {
            "X": 0.6643887758255005,
            "Y": 0.48295459151268005
          },
          {
            "X": 0.7717783451080322,
            "Y": 0.48295459151268005
          },
          {
            "X": 0.7717783451080322,
            "Y": 0.5255682468414307
          },
          {
            "X": 0.6643887758255005,
            "Y": 0.5255682468414307
          }
        ]
      },
      "Id": "28fe106a-0e64-48c2-a584-6e7586643f79",
      "Relationships": [
        {
          "Type": "CHILD",
          "Ids": [
            "525575c7-245e-4405-b477-7793e601b57e"
          ]
        }
      ],
      "Page": 1
    },
    {
      "BlockType": "CELL",
      "Confidence": 80.859375,
      "RowIndex": 3,
      "ColumnIndex": 1,
      "RowSpan": 1,
      "ColumnSpan": 1,
      "Geometry": {
        "BoundingBox": {
          "Width": 0.12257562577724457,
          "Height": 0.046070147305727005,
          "Left": 0.22898094356060028,
          "Top": 0.5255682468414307
        },
        "Polygon": [
          {
            "X": 0.22898094356060028,
            "Y": 0.5255682468414307
          },
          {
            "X": 0.35155656933784485,
            "Y": 0.5255682468414307
          },
          {
            "X": 0.35155656933784485,
            "Y": 0.5716384053230286
          },
          {
            "X": 0.22898094356060028,
            "Y": 0.5716384053230286
          }
        ]
      },
      "Id": "fea8478f-c450-4557-a580-bee99e73b4b0",
      "Relationships": [
        {
          "Type": "CHILD",
          "Ids": [
            "b46ba02e-f56b-4aef-acdc-b02dd4c75842"
          ]
        }
      ],
      "Page": 1
    },
    {
      "BlockType": "CELL",
      "Confidence": 82.51953125,
      "RowIndex": 3,
      "ColumnIndex": 2,
      "RowSpan": 1,
      "ColumnSpan": 1,
      "Geometry": {
        "BoundingBox": {
          "Width": 0.16173119843006134,
          "Height": 0.046070147305727005,
          "Left": 0.35155656933784485,
          "Top": 0.5255682468414307
        },
        "Polygon": [
          {
            "X": 0.35155656933784485,
            "Y": 0.5255682468414307
          },
          {
            "X": 0.5132877826690674,
            "Y": 0.5255682468414307
          },
          {
            "X": 0.5132877826690674,
            "Y": 0.5716384053230286
          },
          {
            "X": 0.35155656933784485,
            "Y": 0.5716384053230286
          }
        ]
      },
      "Id": "68b52cd9-96df-4496-a81e-d48d307a9ae8",
      "Relationships": [
        {
          "Type": "CHILD",
          "Ids": [
            "a4df6b3c-5e91-4c56-8ce9-89f00b730c00"
          ]
        }
      ],
      "Page": 1
    },
    {
      "BlockType": "CELL",
      "Confidence": 82.666015625,
      "RowIndex": 3,
      "ColumnIndex": 3,
      "RowSpan": 1,
      "ColumnSpan": 1,
      "Geometry": {
        "BoundingBox": {
          "Width": 0.1511009782552719,
          "Height": 0.046070147305727005,
          "Left": 0.5132877826690674,
          "Top": 0.5255682468414307
        },
        "Polygon": [
          {
            "X": 0.5132877826690674,
            "Y": 0.5255682468414307
          },
          {
            "X": 0.6643887758255005,
            "Y": 0.5255682468414307
          },
          {
            "X": 0.6643887758255005,
            "Y": 0.5716384053230286
          },
          {
            "X": 0.5132877826690674,
            "Y": 0.5716384053230286
          }
        ]
      },
      "Id": "c35cdc01-c949-4f62-b091-e5976a04d456",
      "Relationships": [
        {
          "Type": "CHILD",
          "Ids": [
            "2e735a29-c794-4090-af3c-177e7015c79e"
          ]
        }
      ],
      "Page": 1
    },
    {
      "BlockType": "CELL",
      "Confidence": 80.95703125,
      "RowIndex": 3,
      "ColumnIndex": 4,
      "RowSpan": 1,
      "ColumnSpan": 1,
      "Geometry": {
        "BoundingBox": {
          "Width": 0.10738961398601532,
          "Height": 0.046070147305727005,
          "Left": 0.6643887758255005,
          "Top": 0.5255682468414307
        },
        "Polygon": [
          {
            "X": 0.6643887758255005,
            "Y": 0.5255682468414307
          },
          {
            "X": 0.7717783451080322,
            "Y": 0.5255682468414307
          },
          {
            "X": 0.7717783451080322,
            "Y": 0.5716384053230286
          },
          {
            "X": 0.6643887758255005,
            "Y": 0.5716384053230286
          }
        ]
      },
      "Id": "db474ea3-e7c1-4362-a8ce-ba607211a088",
      "Relationships": [
        {
          "Type": "CHILD",
          "Ids": [
            "40008941-b795-4215-a8fa-0d0271f13a1e"
          ]
        }
      ],
      "Page": 1
    }
  ],
  "AnalyzeDocumentModelVersion": "1.0"
}