{
  "DocumentMetadata": {
    "Pages": 1
  },
  "JobStatus": "SUCCEEDED",
  "Blocks": [
    {
      "BlockType": "PAGE",
      "Geometry": {
        "BoundingBox": {
          "Width": 0.5435023307800293,
          "Height": 0.3192969560623169,
          "Left": 0.2290562242269516,
          "Top": 0.33738115429878235
        },
        "Polygon": [
          {
            "X": 0.2304537445306778,
            "Y": 0.33738115429878235
          },
          {
            "X": 0.7725585699081421,
            "Y": 0.33763235807418823
          },
          {
            "X": 0.7722151279449463,
            "Y": 0.6565672159194946
          },
          {
            "X": 0.2290562242269516,
            "Y": 0.6566781401634216
          }
        ]
      },
      "Id": "e9517b3f-d323-481c-9794-f1dec0bcb531",
      "Relationships": [
        {
          "Type": "CHILD",
          "Ids": [
            "953bb04e-135e-4784-862e-b332170e3fb7",
            "a8dec1e7-2083-4660-a64e-d35e083bfb2a",
            "c8c4db7f-b761-411e-b338-cc1f398a3b6a",
            "22287b6d-7a60-40cc-a542-c7c70ca4ea9e",
            "297bc8a7-18cb-4c73-a6b2-1cef46be5128",
            "3137dcc8-b126-4e89-8737-e11e4bfa1410",
            "7cfcfbf1-e0f1-4ca2-9dd7-f7c5eaa40066",
            "c97de0be-9a17-49ee-a127-443c110075f0",
            "56b20a94-5585-4162-8e69-f5f700bb82d0",
            "f8827b98-2502-4e65-b0be-9352b098ede8",
            "7176cc27-606d-4c35-a797-e8c23e98ea31",
            "8c694ad4-8e3d-4c85-98e6-5dac4dbaf7f9",
            "d847d8c1-4140-4816-853d-e51d6cabd8ce",
            "63792e81-41ff-4ec4-ba08-d746ec903ab1",
            "ca8b3288-21df-4392-9afd-8f5974858c81"
          ]
        }
      ],
      "Page": 1
    },
    {
      "BlockType": "LINE",
      "Confidence": 99.78369140625,
      "Text": "Epoxy resin solution for",
      "Geometry": {
        "BoundingBox": {
          "Width": 0.18057239055633545,
          "Height": 0.026333125308156013,
          "Left": 0.24119818210601807,
          "Top": 0.371651291847229
        },
        "Polygon": [
          {
            "X": 0.24131141602993011,
            "Y": 0.371651291847229
          },
          {
            "X": 0.4217705726623535,
            "Y": 0.3717219829559326
          },
          {
            "X": 0.42168623208999634,
            "Y": 0.39798441529273987
          },
          {
            "X": 0.24119818210601807,
            "Y": 0.39792361855506897
          }
        ]
      },
      "Id": "953bb04e-135e-4784-862e-b332170e3fb7",
      "Relationships": [
        {
          "Type": "CHILD",
          "Ids": [
            "1bbafa27-4939-4c78-af77-87a8fa9a6c7d",
            "44337668-3c65-4131-ab9f-0098d03b2309",
            "b621328f-5a89-4cc3-8996-182798bf490f",
            "5a8f8699-ba3f-4b19-a75f-49bdf6db83c1"
          ]
        }
      ],
      "Page": 1
    },
    {
      "BlockType": "LINE",
      "Confidence": 99.67241668701172,
      "Text": "UL 94 V-0 (1.6 mm)",
      "Geometry": {
        "BoundingBox": {
          "Width": 0.15237002074718475,
          "Height": 0.025598984211683273,
          "Left": 0.5445929169654846,
          "Top": 0.3717346787452698
        },
        "Polygon": [
          {
            "X": 0.5446558594703674,
            "Y": 0.3717346787452698
          },
          {
            "X": 0.6969629526138306,
            "Y": 0.37179434299468994
          },
          {
            "X": 0.6969236731529236,
            "Y": 0.39733365178108215
          },
          {
            "X": 0.5445929169654846,
            "Y": 0.39728212356567383
          }
        ]
      },
      "Id": "a8dec1e7-2083-4660-a64e-d35e083bfb2a",
      "Relationships": [
        {
          "Type": "CHILD",
          "Ids": [
            "46baf405-cf0a-4a9e-b467-f7f277014ad8",
            "d533f327-2a80-48a9-a366-94edfb040ede",
            "6b121434-359c-4871-bbe1-9f637af54d40",
            "6ea3c49f-c068-4afe-a263-b8fdf95bd359",
            "8ad65215-936e-483a-9a94-9ed081fa7b35"
          ]
        }
      ],
      "Page": 1
    },
    {
      "BlockType": "LINE",
      "Confidence": 99.94599914550781,
      "Text": "printed circuit boards",
      "Geometry": {
        "BoundingBox": {
          "Width": 0.16113537549972534,
          "Height": 0.026690103113651276,
          "Left": 0.2407890409231186,
          "Top": 0.4045823812484741
        },
        "Polygon": [
          {
            "X": 0.24090392887592316,
            "Y": 0.4045823812484741
          },
          {
            "X": 0.40192440152168274,
            "Y": 0.40463435649871826
          },
          {
            "X": 0.4018356502056122,
            "Y": 0.4312724769115448
          },
          {
            "X": 0.2407890409231186,
            "Y": 0.43122944235801697
          }
        ]
      },
      "Id": "c8c4db7f-b761-411e-b338-cc1f398a3b6a",
      "Relationships": [
        {
          "Type": "CHILD",
          "Ids": [
            "8c0e5cb7-b3ed-4a3a-8c45-76209b2f46c4",
            "c128f0aa-cbe6-4904-8d39-40e6bc6022c8",
            "554c5003-2cf6-4e98-9bbb-5ad0d27e9ff9"
          ]
        }
      ],
      "Page": 1
    },
    {
      "BlockType": "LINE",
      "Confidence": 99.76036071777344,
      "Text": "Solid epoxy resin Beckopox EP 301",
      "Geometry": {
        "BoundingBox": {
          "Width": 0.2636207044124603,
          "Height": 0.026218770071864128,
          "Left": 0.24042268097400665,
          "Top": 0.4602220058441162
        },
        "Polygon": [
          {
            "X": 0.24053557217121124,
            "Y": 0.4602220058441162
          },
          {
            "X": 0.5040434002876282,
            "Y": 0.46027642488479614
          },
          {
            "X": 0.5039724707603455,
            "Y": 0.4864407777786255
          },
          {
            "X": 0.24042268097400665,
            "Y": 0.4864007532596588
          }
        ]
      },
      "Id": "22287b6d-7a60-40cc-a542-c7c70ca4ea9e",
      "Relationships": [
        {
          "Type": "CHILD",
          "Ids": [
            "10632414-7c4c-46b5-97d7-258d660105a3",
            "8ee389f9-c47f-45be-baf4-6d658ff9f044",
            "e8743cde-075a-46b6-95e7-826b91dc7c98",
            "877e9115-829c-4d0a-a7cb-423774dc5481",
            "49624079-b7c3-48ec-b313-5df340560586",
            "ef30185c-793c-42ac-bd81-2c6b5df45406"
          ]
        }
      ],
      "Page": 1
    },
    {
      "BlockType": "LINE",
      "Confidence": 99.95581817626953,
      "Text": "100 parts",
      "Geometry": {
        "BoundingBox": {
          "Width": 0.06740164011716843,
          "Height": 0.025381240993738174,
          "Left": 0.5454534888267517,
          "Top": 0.460849791765213
        },
        "Polygon": [
          {
            "X": 0.5455158352851868,
            "Y": 0.460849791765213
          },
          {
            "X": 0.6128551363945007,
            "Y": 0.4608636200428009
          },
          {
            "X": 0.6128031611442566,
            "Y": 0.4862310290336609
          },
          {
            "X": 0.5454534888267517,
            "Y": 0.4862207770347595
          }
        ]
      },
      "Id": "297bc8a7-18cb-4c73-a6b2-1cef46be5128",
      "Relationships": [
        {
          "Type": "CHILD",
          "Ids": [
            "e57a181d-c725-4a6c-a927-26f663ae4820",
            "46b79ceb-0ca9-4d25-8d5e-c268c418c1d4"
          ]
        }
      ],
      "Page": 1
    },
    {
      "BlockType": "LINE",
      "Confidence": 99.60409545898438,
      "Text": "Dicyandiamide Dyhard SF",
      "Geometry": {
        "BoundingBox": {
          "Width": 0.20123368501663208,
          "Height": 0.025835512205958366,
          "Left": 0.24075856804847717,
          "Top": 0.49320828914642334
        },
        "Polygon": [
          {
            "X": 0.24086982011795044,
            "Y": 0.49320828914642334
          },
          {
            "X": 0.44199225306510925,
            "Y": 0.4932359457015991
          },
          {
            "X": 0.44191259145736694,
            "Y": 0.5190438032150269
          },
          {
            "X": 0.24075856804847717,
            "Y": 0.5190269947052002
          }
        ]
      },
      "Id": "3137dcc8-b126-4e89-8737-e11e4bfa1410",
      "Relationships": [
        {
          "Type": "CHILD",
          "Ids": [
            "4aa770ce-b15f-4208-bb11-bfb4e7fbf59a",
            "7aa8fca8-c147-4a43-a3e5-8e4edededfd9",
            "c1ff58e3-0cbb-4912-8901-568a5e75b6b7"
          ]
        }
      ],
      "Page": 1
    },
    {
      "BlockType": "LINE",
      "Confidence": 99.90393829345703,
      "Text": "4 parts",
      "Geometry": {
        "BoundingBox": {
          "Width": 0.051614005118608475,
          "Height": 0.025512194260954857,
          "Left": 0.5435822606086731,
          "Top": 0.49414804577827454
        },
        "Polygon": [
          {
            "X": 0.5436452031135559,
            "Y": 0.49414804577827454
          },
          {
            "X": 0.5951963067054749,
            "Y": 0.49415504932403564
          },
          {
            "X": 0.5951413512229919,
            "Y": 0.519660234451294
          },
          {
            "X": 0.5435822606086731,
            "Y": 0.5196560025215149
          }
        ]
      },
      "Id": "7cfcfbf1-e0f1-4ca2-9dd7-f7c5eaa40066",
      "Relationships": [
        {
          "Type": "CHILD",
          "Ids": [
            "3bb2d2ea-fde6-4c61-ace5-d6414bfdd6be",
            "f745c7b0-f174-4405-8165-13b022e4f846"
          ]
        }
      ],
      "Page": 1
    },
    {
      "BlockType": "LINE",
      "Confidence": 99.89353942871094,
      "Text": "Accelerator dyhard MI",
      "Geometry": {
        "BoundingBox": {
          "Width": 0.17244860529899597,
          "Height": 0.026102015748620033,
          "Left": 0.24074335396289825,
          "Top": 0.5252214074134827
        },
        "Polygon": [
          {
            "X": 0.24085581302642822,
            "Y": 0.5252214074134827
          },
          {
            "X": 0.4131919741630554,
            "Y": 0.5252335667610168
          },
          {
            "X": 0.41310688853263855,
            "Y": 0.551323413848877
          },
          {
            "X": 0.24074335396289825,
            "Y": 0.5513206124305725
          }
        ]
      },
      "Id": "c97de0be-9a17-49ee-a127-443c110075f0",
      "Relationships": [
        {
          "Type": "CHILD",
          "Ids": [
            "9434d4a4-c069-4802-9f5d-a980f61425c9",
            "3b771367-7c9c-4bd4-a58a-5e38fb945675",
            "70f63975-45fa-4abd-a7ae-5a08a92cbbd1"
          ]
        }
      ],
      "Page": 1
    },
    {
      "BlockType": "LINE",
      "Confidence": 96.52143096923828,
      "Text": "0.4 parts",
      "Geometry": {
        "BoundingBox": {
          "Width": 0.06468972563743591,
          "Height": 0.02546648681163788,
          "Left": 0.5438393354415894,
          "Top": 0.5260555148124695
        },
        "Polygon": [
          {
            "X": 0.5439021587371826,
            "Y": 0.5260555148124695
          },
          {
            "X": 0.6085290908813477,
            "Y": 0.5260599851608276
          },
          {
            "X": 0.6084762811660767,
            "Y": 0.5515220165252686
          },
          {
            "X": 0.5438393354415894,
            "Y": 0.5515210032463074
          }
        ]
      },
      "Id": "56b20a94-5585-4162-8e69-f5f700bb82d0",
      "Relationships": [
        {
          "Type": "CHILD",
          "Ids": [
            "c947ca48-08da-4b5a-95cb-38d964e501fd",
            "04cc0918-3bcc-42ce-82b2-427e32edd6c5"
          ]
        }
      ],
      "Page": 1
    },
    {
      "BlockType": "LINE",
      "Confidence": 99.92682647705078,
      "Text": "Exolit RP 650",
      "Geometry": {
        "BoundingBox": {
          "Width": 0.10503309220075607,
          "Height": 0.02049800381064415,
          "Left": 0.24099424481391907,
          "Top": 0.559018611907959
        },
        "Polygon": [
          {
            "X": 0.24108251929283142,
            "Y": 0.559018611907959
          },
          {
            "X": 0.34602734446525574,
            "Y": 0.559018611907959
          },
          {
            "X": 0.3459521532058716,
            "Y": 0.5795121192932129
          },
          {
            "X": 0.24099424481391907,
            "Y": 0.5795166492462158
          }
        ]
      },
      "Id": "f8827b98-2502-4e65-b0be-9352b098ede8",
      "Relationships": [
        {
          "Type": "CHILD",
          "Ids": [
            "6ff60306-6095-461b-a99e-793737bd8089",
            "33fae3bc-0959-40fd-a23b-9bcc97585d66",
            "f0182ee1-65ed-469b-b311-4080a4b4c7f9"
          ]
        }
      ],
      "Page": 1
    },
    {
      "BlockType": "LINE",
      "Confidence": 99.89835357666016,
      "Text": "12 parts",
      "Geometry": {
        "BoundingBox": {
          "Width": 0.05806012451648712,
          "Height": 0.025541799142956734,
          "Left": 0.5451427698135376,
          "Top": 0.5589807629585266
        },
        "Polygon": [
          {
            "X": 0.5452055335044861,
            "Y": 0.5589807629585266
          },
          {
            "X": 0.6032028794288635,
            "Y": 0.5589807629585266
          },
          {
            "X": 0.6031491160392761,
            "Y": 0.5845195055007935
          },
          {
            "X": 0.5451427698135376,
            "Y": 0.5845226049423218
          }
        ]
      },
      "Id": "7176cc27-606d-4c35-a797-e8c23e98ea31",
      "Relationships": [
        {
          "Type": "CHILD",
          "Ids": [
            "d38dccdb-9f5e-4db9-b518-60ef79f5d427",
            "0c315082-03bf-4942-87b4-2e592b327df0"
          ]
        }
      ],
      "Page": 1
    },
    {
      "BlockType": "LINE",
      "Confidence": 99.73657989501953,
      "Text": "(6 parts if V-1 is required)",
      "Geometry": {
        "BoundingBox": {
          "Width": 0.1915183961391449,
          "Height": 0.02603592723608017,
          "Left": 0.5438157916069031,
          "Top": 0.5918346047401428
        },
        "Polygon": [
          {
            "X": 0.5438799858093262,
            "Y": 0.5918477773666382
          },
          {
            "X": 0.7353342175483704,
            "Y": 0.5918346047401428
          },
          {
            "X": 0.7353003621101379,
            "Y": 0.6178469657897949
          },
          {
            "X": 0.5438157916069031,
            "Y": 0.617870569229126
          }
        ]
      },
      "Id": "8c694ad4-8e3d-4c85-98e6-5dac4dbaf7f9",
      "Relationships": [
        {
          "Type": "CHILD",
          "Ids": [
            "95fe1166-de21-4353-9324-89b73dca0dea",
            "5e646044-fabb-4eb0-a7f7-523c916b95a6",
            "27e9e260-5956-45d6-b9ba-b9ee90f4e04b",
            "5181900f-0119-4a2c-bb33-d6b335a07360",
            "dffd88ab-beff-4276-85e3-3aa9fae8e481",
            "d98434d2-2592-4de4-a2c1-260c3930ede5"
          ]
        }
      ],
      "Page": 1
    },
    {
      "BlockType": "LINE",
      "Confidence": 93.19950103759766,
      "Text": "Solvent dimethylformamide DMF",
      "Geometry": {
        "BoundingBox": {
          "Width": 0.25600728392601013,
          "Height": 0.02043849788606167,
          "Left": 0.23988445103168488,
          "Top": 0.6236311197280884
        },
        "Polygon": [
          {
            "X": 0.23997241258621216,
            "Y": 0.6236656904220581
          },
          {
            "X": 0.4958917200565338,
            "Y": 0.6236311197280884
          },
          {
            "X": 0.4958355128765106,
            "Y": 0.6440240740776062
          },
          {
            "X": 0.23988445103168488,
            "Y": 0.6440696120262146
          }
        ]
      },
      "Id": "d847d8c1-4140-4816-853d-e51d6cabd8ce",
      "Relationships": [
        {
          "Type": "CHILD",
          "Ids": [
            "adcc2de3-6e8a-4253-b582-40954608f8e1",
            "832f58e8-2ab8-4b2b-9837-61f8a59cca61",
            "8941ab95-c7fb-4c85-bd23-cb9a89ca8cd1"
          ]
        }
      ],
      "Page": 1
    },
    {
      "BlockType": "LINE",
      "Confidence": 99.14848327636719,
      "Text": "approx. 30 parts",
      "Geometry": {
        "BoundingBox": {
          "Width": 0.12325438112020493,
          "Height": 0.021209297701716423,
          "Left": 0.5436170101165771,
          "Top": 0.6242635250091553
        },
        "Polygon": [
          {
            "X": 0.5436692833900452,
            "Y": 0.6242803335189819
          },
          {
            "X": 0.6668714284896851,
            "Y": 0.6242635250091553
          },
          {
            "X": 0.6668350100517273,
            "Y": 0.6454505324363708
          },
          {
            "X": 0.5436170101165771,
            "Y": 0.6454728245735168
          }
        ]
      },
      "Id": "63792e81-41ff-4ec4-ba08-d746ec903ab1",
      "Relationships": [
        {
          "Type": "CHILD",
          "Ids": [
            "15e032ca-6c33-4746-a23b-bbef2e5c6e4f",
            "40d25e13-bfdf-4bb2-b210-9215f7ed2458",
            "21e7646a-78b3-44b0-9ad8-3cf8e21b4927"
          ]
        }
      ],
      "Page": 1
    },
    {
      "BlockType": "WORD",
      "Confidence": 99.6435317993164,
      "Text": "Epoxy",
      "TextType": "PRINTED",
      "Geometry": {
        "BoundingBox": {
          "Width": 0.04753497987985611,
          "Height": 0.02579309605062008,
          "Left": 0.24119818210601807,
          "Top": 0.37214648723602295
        },
        "Polygon": [
          {
            "X": 0.2413092851638794,
            "Y": 0.37214648723602295
          },
          {
            "X": 0.2887331545352936,
            "Y": 0.3721650242805481
          },
          {
            "X": 0.2886295020580292,
            "Y": 0.3979395925998688
          },
          {
            "X": 0.24119818210601807,
            "Y": 0.39792361855506897
          }
        ]
      },
      "Id": "1bbafa27-4939-4c78-af77-87a8fa9a6c7d",
      "Page": 1
    },
    {
      "BlockType": "WORD",
      "Confidence": 99.5707778930664,
      "Text": "resin",
      "TextType": "PRINTED",
      "Geometry": {
        "BoundingBox": {
          "Width": 0.035113561898469925,
          "Height": 0.02059609442949295,
          "Left": 0.29373154044151306,
          "Top": 0.3719797432422638
        },
        "Polygon": [
          {
            "X": 0.29381367564201355,
            "Y": 0.3719797432422638
          },
          {
            "X": 0.3288451135158539,
            "Y": 0.37199345231056213
          },
          {
            "X": 0.3287673592567444,
            "Y": 0.39257583022117615
          },
          {
            "X": 0.29373154044151306,
            "Y": 0.3925636410713196
          }
        ]
      },
      "Id": "44337668-3c65-4131-ab9f-0098d03b2309",
      "Page": 1
    },
    {
      "BlockType": "WORD",
      "Confidence": 99.92549133300781,
      "Text": "solution",
      "TextType": "PRINTED",
      "Geometry": {
        "BoundingBox": {
          "Width": 0.06001768633723259,
          "Height": 0.02076462097465992,
          "Left": 0.3339064121246338,
          "Top": 0.37185925245285034
        },
        "Polygon": [
          {
            "X": 0.3339841365814209,
            "Y": 0.37185925245285034
          },
          {
            "X": 0.39392411708831787,
            "Y": 0.37188270688056946
          },
          {
            "X": 0.3938539922237396,
            "Y": 0.3926238715648651
          },
          {
            "X": 0.3339064121246338,
            "Y": 0.3926030099391937
          }
        ]
      },
      "Id": "b621328f-5a89-4cc3-8996-182798bf490f",
      "Page": 1
    },
    {
      "BlockType": "WORD",
      "Confidence": 99.9949722290039,
      "Text": "for",
      "TextType": "PRINTED",
      "Geometry": {
        "BoundingBox": {
          "Width": 0.02204635553061962,
          "Height": 0.020484866574406624,
          "Left": 0.39972421526908875,
          "Top": 0.3717133700847626
        },
        "Polygon": [
          {
            "X": 0.39979273080825806,
            "Y": 0.3717133700847626
          },
          {
            "X": 0.4217705726623535,
            "Y": 0.3717219829559326
          },
          {
            "X": 0.42170479893684387,
            "Y": 0.39219823479652405
          },
          {
            "X": 0.39972421526908875,
            "Y": 0.3921905755996704
          }
        ]
      },
      "Id": "5a8f8699-ba3f-4b19-a75f-49bdf6db83c1",
      "Page": 1
    },
    {
      "BlockType": "WORD",
      "Confidence": 99.95014953613281,
      "Text": "UL",
      "TextType": "PRINTED",
      "Geometry": {
        "BoundingBox": {
          "Width": 0.025567982345819473,
          "Height": 0.020326895639300346,
          "Left": 0.5446048378944397,
          "Top": 0.3721275329589844
        },
        "Polygon": [
          {
            "X": 0.544654905796051,
            "Y": 0.3721275329589844
          },
          {
            "X": 0.5701728463172913,
            "Y": 0.37213751673698425
          },
          {
            "X": 0.570125937461853,
            "Y": 0.3924544155597687
          },
          {
            "X": 0.5446048378944397,
            "Y": 0.39244553446769714
          }
        ]
      },
      "Id": "46baf405-cf0a-4a9e-b467-f7f277014ad8",
      "Page": 1
    },
    {
      "BlockType": "WORD",
      "Confidence": 99.9881362915039,
      "Text": "94",
      "TextType": "PRINTED",
      "Geometry": {
        "BoundingBox": {
          "Width": 0.017753224819898605,
          "Height": 0.02061370015144348,
          "Left": 0.5748643279075623,
          "Top": 0.371981680393219
        },
        "Polygon": [
          {
            "X": 0.5749112963676453,
            "Y": 0.371981680393219
          },
          {
            "X": 0.5926175713539124,
            "Y": 0.37198859453201294
          },
          {
            "X": 0.592572808265686,
            "Y": 0.3925953805446625
          },
          {
            "X": 0.5748643279075623,
            "Y": 0.3925892114639282
          }
        ]
      },
      "Id": "d533f327-2a80-48a9-a366-94edfb040ede",
      "Page": 1
    },
    {
      "BlockType": "WORD",
      "Confidence": 99.52545928955078,
      "Text": "V-0",
      "TextType": "PRINTED",
      "Geometry": {
        "BoundingBox": {
          "Width": 0.026973243802785873,
          "Height": 0.020652228966355324,
          "Left": 0.5976961255073547,
          "Top": 0.37192466855049133
        },
        "Polygon": [
          {
            "X": 0.5977402925491333,
            "Y": 0.37192466855049133
          },
          {
            "X": 0.6246693134307861,
            "Y": 0.3719352185726166
          },
          {
            "X": 0.6246285438537598,
            "Y": 0.3925769031047821
          },
          {
            "X": 0.5976961255073547,
            "Y": 0.39256751537323
          }
        ]
      },
      "Id": "6b121434-359c-4871-bbe1-9f637af54d40",
      "Page": 1
    },
    {
      "BlockType": "WORD",
      "Confidence": 99.59257507324219,
      "Text": "(1.6",
      "TextType": "PRINTED",
      "Geometry": {
        "BoundingBox": {
          "Width": 0.027963314205408096,
          "Height": 0.025552330538630486,
          "Left": 0.6298973560333252,
          "Top": 0.3717680871486664
        },
        "Polygon": [
          {
            "X": 0.6299470067024231,
            "Y": 0.3717680871486664
          },
          {
            "X": 0.6578606963157654,
            "Y": 0.37177902460098267
          },
          {
            "X": 0.6578153371810913,
            "Y": 0.397320419549942
          },
          {
            "X": 0.6298973560333252,
            "Y": 0.3973109722137451
          }
        ]
      },
      "Id": "6ea3c49f-c068-4afe-a263-b8fdf95bd359",
      "Page": 1
    },
    {
      "BlockType": "WORD",
      "Confidence": 99.3057632446289,
      "Text": "mm)",
      "TextType": "PRINTED",
      "Geometry": {
        "BoundingBox": {
          "Width": 0.03413240984082222,
          "Height": 0.02522379346191883,
          "Left": 0.6628300547599792,
          "Top": 0.37208259105682373
        },
        "Polygon": [
          {
            "X": 0.6628740429878235,
            "Y": 0.37208259105682373
          },
          {
            "X": 0.6969624757766724,
            "Y": 0.37209591269493103
          },
          {
            "X": 0.6969237327575684,
            "Y": 0.3973063826560974
          },
          {
            "X": 0.6628300547599792,
            "Y": 0.3972948491573334
          }
        ]
      },
      "Id": "8ad65215-936e-483a-9a94-9ed081fa7b35",
      "Page": 1
    },
    {
      "BlockType": "WORD",
      "Confidence": 99.98457336425781,
      "Text": "printed",
      "TextType": "PRINTED",
      "Geometry": {
        "BoundingBox": {
          "Width": 0.05260276794433594,
          "Height": 0.0266610998660326,
          "Left": 0.2407890409231186,
          "Top": 0.4045823812484741
        },
        "Polygon": [
          {
            "X": 0.24090392887592316,
            "Y": 0.4045823812484741
          },
          {
            "X": 0.29339179396629333,
            "Y": 0.40459930896759033
          },
          {
            "X": 0.29328542947769165,
            "Y": 0.4312434792518616
          },
          {
            "X": 0.2407890409231186,
            "Y": 0.43122944235801697
          }
        ]
      },
      "Id": "8c0e5cb7-b3ed-4a3a-8c45-76209b2f46c4",
      "Page": 1
    },
    {
      "BlockType": "WORD",
      "Confidence": 99.8657455444336,
      "Text": "circuit",
      "TextType": "PRINTED",
      "Geometry": {
        "BoundingBox": {
          "Width": 0.047082170844078064,
          "Height": 0.020802047103643417,
          "Left": 0.2986508309841156,
          "Top": 0.4048630893230438
        },
        "Polygon": [
          {
            "X": 0.2987331449985504,
            "Y": 0.4048630893230438
          },
          {
            "X": 0.34573298692703247,
            "Y": 0.40487825870513916
          },
          {
            "X": 0.3456566333770752,
            "Y": 0.42566514015197754
          },
          {
            "X": 0.2986508309841156,
            "Y": 0.42565202713012695
          }
        ]
      },
      "Id": "c128f0aa-cbe6-4904-8d39-40e6bc6022c8",
      "Page": 1
    },
    {
      "BlockType": "WORD",
      "Confidence": 99.98767852783203,
      "Text": "boards",
      "TextType": "PRINTED",
      "Geometry": {
        "BoundingBox": {
          "Width": 0.05092434957623482,
          "Height": 0.02083646133542061,
          "Left": 0.3509998321533203,
          "Top": 0.40468570590019226
        },
        "Polygon": [
          {
            "X": 0.3510756492614746,
            "Y": 0.40468570590019226
          },
          {
            "X": 0.401924192905426,
            "Y": 0.4047021269798279
          },
          {
            "X": 0.40185481309890747,
            "Y": 0.42552217841148376
          },
          {
            "X": 0.3509998321533203,
            "Y": 0.42550796270370483
          }
        ]
      },
      "Id": "554c5003-2cf6-4e98-9bbb-5ad0d27e9ff9",
      "Page": 1
    },
    {
      "BlockType": "WORD",
      "Confidence": 99.95378875732422,
      "Text": "Solid",
      "TextType": "PRINTED",
      "Geometry": {
        "BoundingBox": {
          "Width": 0.03782050684094429,
          "Height": 0.020796380937099457,
          "Left": 0.24044592678546906,
          "Top": 0.4602220058441162
        },
        "Polygon": [
          {
            "X": 0.24053557217121124,
            "Y": 0.4602220058441162
          },
          {
            "X": 0.27826642990112305,
            "Y": 0.4602298140525818
          },
          {
            "X": 0.2781815528869629,
            "Y": 0.48101839423179626
          },
          {
            "X": 0.24044592678546906,
            "Y": 0.481012225151062
          }
        ]
      },
      "Id": "10632414-7c4c-46b5-97d7-258d660105a3",
      "Page": 1
    },
    {
      "BlockType": "WORD",
      "Confidence": 99.75080108642578,
      "Text": "epoxy",
      "TextType": "PRINTED",
      "Geometry": {
        "BoundingBox": {
          "Width": 0.044617053121328354,
          "Height": 0.019190294668078423,
          "Left": 0.2830698490142822,
          "Top": 0.466962069272995
        },
        "Polygon": [
          {
            "X": 0.2831476032733917,
            "Y": 0.466962069272995
          },
          {
            "X": 0.3276869058609009,
            "Y": 0.46697062253952026
          },
          {
            "X": 0.32761436700820923,
            "Y": 0.4861523509025574
          },
          {
            "X": 0.2830698490142822,
            "Y": 0.486145555973053
          }
        ]
      },
      "Id": "8ee389f9-c47f-45be-baf4-6d658ff9f044",
      "Page": 1
    },
    {
      "BlockType": "WORD",
      "Confidence": 99.64512634277344,
      "Text": "resin",
      "TextType": "PRINTED",
      "Geometry": {
        "BoundingBox": {
          "Width": 0.03518684208393097,
          "Height": 0.020234055817127228,
          "Left": 0.3329414427280426,
          "Top": 0.46052202582359314
        },
        "Polygon": [
          {
            "X": 0.3330172896385193,
            "Y": 0.46052202582359314
          },
          {
            "X": 0.36812829971313477,
            "Y": 0.46052923798561096
          },
          {
            "X": 0.3680567741394043,
            "Y": 0.48075607419013977
          },
          {
            "X": 0.3329414427280426,
            "Y": 0.48075032234191895
          }
        ]
      },
      "Id": "e8743cde-075a-46b6-95e7-826b91dc7c98",
      "Page": 1
    },
    {
      "BlockType": "WORD",
      "Confidence": 99.52715301513672,
      "Text": "Beckopox",
      "TextType": "PRINTED",
      "Geometry": {
        "BoundingBox": {
          "Width": 0.07302727550268173,
          "Height": 0.026024872437119484,
          "Left": 0.3739764094352722,
          "Top": 0.46040722727775574
        },
        "Polygon": [
          {
            "X": 0.3740674555301666,
            "Y": 0.46040722727775574
          },
          {
            "X": 0.44700369238853455,
            "Y": 0.4604222774505615
          },
          {
            "X": 0.4469241797924042,
            "Y": 0.48643210530281067
          },
          {
            "X": 0.3739764094352722,
            "Y": 0.48642104864120483
          }
        ]
      },
      "Id": "877e9115-829c-4d0a-a7cb-423774dc5481",
      "Page": 1
    },
    {
      "BlockType": "WORD",
      "Confidence": 99.73765563964844,
      "Text": "EP",
      "TextType": "PRINTED",
      "Geometry": {
        "BoundingBox": {
          "Width": 0.021689407527446747,
          "Height": 0.019984615966677666,
          "Left": 0.4532441794872284,
          "Top": 0.46075013279914856
        },
        "Polygon": [
          {
            "X": 0.4533044695854187,
            "Y": 0.46075013279914856
          },
          {
            "X": 0.47493359446525574,
            "Y": 0.4607545733451843
          },
          {
            "X": 0.47487592697143555,
            "Y": 0.4807347357273102
          },
          {
            "X": 0.4532441794872284,
            "Y": 0.48073121905326843
          }
        ]
      },
      "Id": "49624079-b7c3-48ec-b313-5df340560586",
      "Page": 1
    },
    {
      "BlockType": "WORD",
      "Confidence": 99.9476318359375,
      "Text": "301",
      "TextType": "PRINTED",
      "Geometry": {
        "BoundingBox": {
          "Width": 0.02391483075916767,
          "Height": 0.020040413364768028,
          "Left": 0.48012661933898926,
          "Top": 0.4609808027744293
        },
        "Polygon": [
          {
            "X": 0.48018383979797363,
            "Y": 0.4609808027744293
          },
          {
            "X": 0.5040414929389954,
            "Y": 0.4609856903553009
          },
          {
            "X": 0.503987193107605,
            "Y": 0.4810211956501007
          },
          {
            "X": 0.48012661933898926,
            "Y": 0.4810173213481903
          }
        ]
      },
      "Id": "ef30185c-793c-42ac-bd81-2c6b5df45406",
      "Page": 1
    },
    {
      "BlockType": "WORD",
      "Confidence": 99.97075653076172,
      "Text": "100",
      "TextType": "PRINTED",
      "Geometry": {
        "BoundingBox": {
          "Width": 0.024689599871635437,
          "Height": 0.02020430378615856,
          "Left": 0.5454661846160889,
          "Top": 0.460849791765213
        },
        "Polygon": [
          {
            "X": 0.5455158352851868,
            "Y": 0.460849791765213
          },
          {
            "X": 0.5701557993888855,
            "Y": 0.4608548581600189
          },
          {
            "X": 0.5701091885566711,
            "Y": 0.4810540974140167
          },
          {
            "X": 0.5454661846160889,
            "Y": 0.4810500741004944
          }
        ]
      },
      "Id": "e57a181d-c725-4a6c-a927-26f663ae4820",
      "Page": 1
    },
    {
      "BlockType": "WORD",
      "Confidence": 99.94087219238281,
      "Text": "parts",
      "TextType": "PRINTED",
      "Geometry": {
        "BoundingBox": {
          "Width": 0.03743717074394226,
          "Height": 0.022360455244779587,
          "Left": 0.5754117965698242,
          "Top": 0.4638705849647522
        },
        "Polygon": [
          {
            "X": 0.5754626393318176,
            "Y": 0.4638705849647522
          },
          {
            "X": 0.6128489375114441,
            "Y": 0.46387800574302673
          },
          {
            "X": 0.6128031611442566,
            "Y": 0.4862310290336609
          },
          {
            "X": 0.5754117965698242,
            "Y": 0.48622533679008484
          }
        ]
      },
      "Id": "46b79ceb-0ca9-4d25-8d5e-c268c418c1d4",
      "Page": 1
    },
    {
      "BlockType": "WORD",
      "Confidence": 98.87811279296875,
      "Text": "Dicyandiamide",
      "TextType": "PRINTED",
      "Geometry": {
        "BoundingBox": {
          "Width": 0.11248188465833664,
          "Height": 0.025798149406909943,
          "Left": 0.24075868725776672,
          "Top": 0.49320828914642334
        },
        "Polygon": [
          {
            "X": 0.24086982011795044,
            "Y": 0.49320828914642334
          },
          {
            "X": 0.35324057936668396,
            "Y": 0.49322375655174255
          },
          {
            "X": 0.35314708948135376,
            "Y": 0.5190064311027527
          },
          {
            "X": 0.24075868725776672,
            "Y": 0.5189970135688782
          }
        ]
      },
      "Id": "4aa770ce-b15f-4208-bb11-bfb4e7fbf59a",
      "Page": 1
    },
    {
      "BlockType": "WORD",
      "Confidence": 99.97572326660156,
      "Text": "Dyhard",
      "TextType": "PRINTED",
      "Geometry": {
        "BoundingBox": {
          "Width": 0.0572337880730629,
          "Height": 0.025732940062880516,
          "Left": 0.3584577739238739,
          "Top": 0.4933086633682251
        },
        "Polygon": [
          {
            "X": 0.35855022072792053,
            "Y": 0.4933086633682251
          },
          {
            "X": 0.4156915545463562,
            "Y": 0.49331650137901306
          },
          {
            "X": 0.4156080484390259,
            "Y": 0.5190415978431702
          },
          {
            "X": 0.3584577739238739,
            "Y": 0.5190368294715881
          }
        ]
      },
      "Id": "7aa8fca8-c147-4a43-a3e5-8e4edededfd9",
      "Page": 1
    },
    {
      "BlockType": "WORD",
      "Confidence": 99.95844268798828,
      "Text": "SF",
      "TextType": "PRINTED",
      "Geometry": {
        "BoundingBox": {
          "Width": 0.020971965044736862,
          "Height": 0.020016085356473923,
          "Left": 0.42101797461509705,
          "Top": 0.49398303031921387
        },
        "Polygon": [
          {
            "X": 0.4210822880268097,
            "Y": 0.49398303031921387
          },
          {
            "X": 0.441989928483963,
            "Y": 0.4939858913421631
          },
          {
            "X": 0.4419281780719757,
            "Y": 0.5139991044998169
          },
          {
            "X": 0.42101797461509705,
            "Y": 0.5139971375465393
          }
        ]
      },
      "Id": "c1ff58e3-0cbb-4912-8901-568a5e75b6b7",
      "Page": 1
    },
    {
      "BlockType": "WORD",
      "Confidence": 99.86625671386719,
      "Text": "4",
      "TextType": "PRINTED",
      "Geometry": {
        "BoundingBox": {
          "Width": 0.009237855672836304,
          "Height": 0.019276946783065796,
          "Left": 0.5435976386070251,
          "Top": 0.49414804577827454
        },
        "Polygon": [
          {
            "X": 0.5436452031135559,
            "Y": 0.49414804577827454
          },
          {
            "X": 0.5528355240821838,
            "Y": 0.4941492974758148
          },
          {
            "X": 0.552789032459259,
            "Y": 0.5134249925613403
          },
          {
            "X": 0.5435976386070251,
            "Y": 0.5134240984916687
          }
        ]
      },
      "Id": "3bb2d2ea-fde6-4c61-ace5-d6414bfdd6be",
      "Page": 1
    },
    {
      "BlockType": "WORD",
      "Confidence": 99.94161987304688,
      "Text": "parts",
      "TextType": "PRINTED",
      "Geometry": {
        "BoundingBox": {
          "Width": 0.03740109130740166,
          "Height": 0.02248004823923111,
          "Left": 0.5577886700630188,
          "Top": 0.49718019366264343
        },
        "Polygon": [
          {
            "X": 0.5578421950340271,
            "Y": 0.49718019366264343
          },
          {
            "X": 0.5951897501945496,
            "Y": 0.49718502163887024
          },
          {
            "X": 0.5951413512229919,
            "Y": 0.519660234451294
          },
          {
            "X": 0.5577886700630188,
            "Y": 0.5196571350097656
          }
        ]
      },
      "Id": "f745c7b0-f174-4405-8165-13b022e4f846",
      "Page": 1
    },
    {
      "BlockType": "WORD",
      "Confidence": 99.83582305908203,
      "Text": "Accelerator",
      "TextType": "PRINTED",
      "Geometry": {
        "BoundingBox": {
          "Width": 0.08584435284137726,
          "Height": 0.02038775570690632,
          "Left": 0.2407679706811905,
          "Top": 0.5252214074134827
        },
        "Polygon": [
          {
            "X": 0.24085581302642822,
            "Y": 0.5252214074134827
          },
          {
            "X": 0.32661232352256775,
            "Y": 0.525227427482605
          },
          {
            "X": 0.3265351355075836,
            "Y": 0.545609176158905
          },
          {
            "X": 0.2407679706811905,
            "Y": 0.5456067323684692
          }
        ]
      },
      "Id": "9434d4a4-c069-4802-9f5d-a980f61425c9",
      "Page": 1
    },
    {
      "BlockType": "WORD",
      "Confidence": 99.90998840332031,
      "Text": "dyhard",
      "TextType": "PRINTED",
      "Geometry": {
        "BoundingBox": {
          "Width": 0.05281377583742142,
          "Height": 0.026007438078522682,
          "Left": 0.3313460350036621,
          "Top": 0.525315523147583
        },
        "Polygon": [
          {
            "X": 0.33144375681877136,
            "Y": 0.525315523147583
          },
          {
            "X": 0.38415980339050293,
            "Y": 0.5253192186355591
          },
          {
            "X": 0.38407042622566223,
            "Y": 0.5513229370117188
          },
          {
            "X": 0.3313460350036621,
            "Y": 0.5513221025466919
          }
        ]
      },
      "Id": "3b771367-7c9c-4bd4-a58a-5e38fb945675",
      "Page": 1
    },
    {
      "BlockType": "WORD",
      "Confidence": 99.934814453125,
      "Text": "MI",
      "TextType": "PRINTED",
      "Geometry": {
        "BoundingBox": {
          "Width": 0.023513687774538994,
          "Height": 0.019841955974698067,
          "Left": 0.38967570662498474,
          "Top": 0.5260177254676819
        },
        "Polygon": [
          {
            "X": 0.38974323868751526,
            "Y": 0.5260177254676819
          },
          {
            "X": 0.4131894111633301,
            "Y": 0.5260193347930908
          },
          {
            "X": 0.4131247103214264,
            "Y": 0.545859694480896
          },
          {
            "X": 0.38967570662498474,
            "Y": 0.5458590388298035
          }
        ]
      },
      "Id": "70f63975-45fa-4abd-a7ae-5a08a92cbbd1",
      "Page": 1
    },
    {
      "BlockType": "WORD",
      "Confidence": 93.074462890625,
      "Text": "0.4",
      "TextType": "PRINTED",
      "Geometry": {
        "BoundingBox": {
          "Width": 0.022220322862267494,
          "Height": 0.019873375073075294,
          "Left": 0.5438531637191772,
          "Top": 0.5260555148124695
        },
        "Polygon": [
          {
            "X": 0.5439021587371826,
            "Y": 0.5260555148124695
          },
          {
            "X": 0.566073477268219,
            "Y": 0.5260570645332336
          },
          {
            "X": 0.5660271644592285,
            "Y": 0.5459288954734802
          },
          {
            "X": 0.5438531637191772,
            "Y": 0.5459282994270325
          }
        ]
      },
      "Id": "c947ca48-08da-4b5a-95cb-38d964e501fd",
      "Page": 1
    },
    {
      "BlockType": "WORD",
      "Confidence": 99.9684066772461,
      "Text": "parts",
      "TextType": "PRINTED",
      "Geometry": {
        "BoundingBox": {
          "Width": 0.03717263042926788,
          "Height": 0.022069884464144707,
          "Left": 0.5713493824005127,
          "Top": 0.5294521450996399
        },
        "Polygon": [
          {
            "X": 0.5714001655578613,
            "Y": 0.5294521450996399
          },
          {
            "X": 0.6085220575332642,
            "Y": 0.5294544100761414
          },
          {
            "X": 0.6084762811660767,
            "Y": 0.5515220165252686
          },
          {
            "X": 0.5713493824005127,
            "Y": 0.5515214204788208
          }
        ]
      },
      "Id": "04cc0918-3bcc-42ce-82b2-427e32edd6c5",
      "Page": 1
    },
    {
      "BlockType": "WORD",
      "Confidence": 99.88912200927734,
      "Text": "Exolit",
      "TextType": "PRINTED",
      "Geometry": {
        "BoundingBox": {
          "Width": 0.044835906475782394,
          "Height": 0.020127559080719948,
          "Left": 0.24099543690681458,
          "Top": 0.5591140389442444
        },
        "Polygon": [
          {
            "X": 0.2410821169614792,
            "Y": 0.5591140389442444
          },
          {
            "X": 0.2858313322067261,
            "Y": 0.5591140389442444
          },
          {
            "X": 0.285750150680542,
            "Y": 0.5792397260665894
          },
          {
            "X": 0.24099543690681458,
            "Y": 0.5792415738105774
          }
        ]
      },
      "Id": "6ff60306-6095-461b-a99e-793737bd8089",
      "Page": 1
    },
    {
      "BlockType": "WORD",
      "Confidence": 99.90924072265625,
      "Text": "RP",
      "TextType": "PRINTED",
      "Geometry": {
        "BoundingBox": {
          "Width": 0.023748992010951042,
          "Height": 0.019940000027418137,
          "Left": 0.29103830456733704,
          "Top": 0.5591027140617371
        },
        "Polygon": [
          {
            "X": 0.2911180853843689,
            "Y": 0.5591027140617371
          },
          {
            "X": 0.3147872984409332,
            "Y": 0.5591027140617371
          },
          {
            "X": 0.3147103488445282,
            "Y": 0.5790417194366455
          },
          {
            "X": 0.29103830456733704,
            "Y": 0.5790426731109619
          }
        ]
      },
      "Id": "33fae3bc-0959-40fd-a23b-9bcc97585d66",
      "Page": 1
    },
    {
      "BlockType": "WORD",
      "Confidence": 99.98210906982422,
      "Text": "650",
      "TextType": "PRINTED",
      "Geometry": {
        "BoundingBox": {
          "Width": 0.02635982073843479,
          "Height": 0.020494630560278893,
          "Left": 0.3196675181388855,
          "Top": 0.559018611907959
        },
        "Polygon": [
          {
            "X": 0.3197459876537323,
            "Y": 0.559018611907959
          },
          {
            "X": 0.34602734446525574,
            "Y": 0.559018611907959
          },
          {
            "X": 0.3459521532058716,
            "Y": 0.5795121192932129
          },
          {
            "X": 0.3196675181388855,
            "Y": 0.5795132517814636
          }
        ]
      },
      "Id": "f0182ee1-65ed-469b-b311-4080a4b4c7f9",
      "Page": 1
    },
    {
      "BlockType": "WORD",
      "Confidence": 99.8929214477539,
      "Text": "12",
      "TextType": "PRINTED",
      "Geometry": {
        "BoundingBox": {
          "Width": 0.016218939796090126,
          "Height": 0.020051339641213417,
          "Left": 0.5451562404632568,
          "Top": 0.5589807629585266
        },
        "Polygon": [
          {
            "X": 0.5452055335044861,
            "Y": 0.5589807629585266
          },
          {
            "X": 0.5613752007484436,
            "Y": 0.5589807629585266
          },
          {
            "X": 0.5613279342651367,
            "Y": 0.5790314674377441
          },
          {
            "X": 0.5451562404632568,
            "Y": 0.5790321230888367
          }
        ]
      },
      "Id": "d38dccdb-9f5e-4db9-b518-60ef79f5d427",
      "Page": 1
    },
    {
      "BlockType": "WORD",
      "Confidence": 99.90377807617188,
      "Text": "parts",
      "TextType": "PRINTED",
      "Geometry": {
        "BoundingBox": {
          "Width": 0.0364283062517643,
          "Height": 0.02258051373064518,
          "Left": 0.5667683482170105,
          "Top": 0.5619409084320068
        },
        "Polygon": [
          {
            "X": 0.5668208599090576,
            "Y": 0.5619411468505859
          },
          {
            "X": 0.6031966805458069,
            "Y": 0.5619409084320068
          },
          {
            "X": 0.6031491160392761,
            "Y": 0.5845195055007935
          },
          {
            "X": 0.5667683482170105,
            "Y": 0.5845214128494263
          }
        ]
      },
      "Id": "0c315082-03bf-4942-87b4-2e592b327df0",
      "Page": 1
    },
    {
      "BlockType": "WORD",
      "Confidence": 99.64043426513672,
      "Text": "(6",
      "TextType": "PRINTED",
      "Geometry": {
        "BoundingBox": {
          "Width": 0.01535842102020979,
          "Height": 0.02453538030385971,
          "Left": 0.5438191294670105,
          "Top": 0.5919818878173828
        },
        "Polygon": [
          {
            "X": 0.5438796281814575,
            "Y": 0.5919829607009888
          },
          {
            "X": 0.559177577495575,
            "Y": 0.5919818878173828
          },
          {
            "X": 0.5591194033622742,
            "Y": 0.6165154576301575
          },
          {
            "X": 0.5438191294670105,
            "Y": 0.6165172457695007
          }
        ]
      },
      "Id": "95fe1166-de21-4353-9324-89b73dca0dea",
      "Page": 1
    },
    {
      "BlockType": "WORD",
      "Confidence": 99.88996887207031,
      "Text": "parts",
      "TextType": "PRINTED",
      "Geometry": {
        "BoundingBox": {
          "Width": 0.03632904216647148,
          "Height": 0.023176368325948715,
          "Left": 0.5637601613998413,
          "Top": 0.5944733023643494
        },
        "Polygon": [
          {
            "X": 0.5638144612312317,
            "Y": 0.5944759845733643
          },
          {
            "X": 0.6000891923904419,
            "Y": 0.5944733023643494
          },
          {
            "X": 0.6000399589538574,
            "Y": 0.6176452040672302
          },
          {
            "X": 0.5637601613998413,
            "Y": 0.6176496744155884
          }
        ]
      },
      "Id": "5e646044-fabb-4eb0-a7f7-523c916b95a6",
      "Page": 1
    },
    {
      "BlockType": "WORD",
      "Confidence": 99.96748352050781,
      "Text": "if",
      "TextType": "PRINTED",
      "Geometry": {
        "BoundingBox": {
          "Width": 0.011950927786529064,
          "Height": 0.020307419821619987,
          "Left": 0.6052515506744385,
          "Top": 0.5918427109718323
        },
        "Polygon": [
          {
            "X": 0.6052939891815186,
            "Y": 0.5918435454368591
          },
          {
            "X": 0.6172024607658386,
            "Y": 0.5918427109718323
          },
          {
            "X": 0.6171614527702332,
            "Y": 0.6121488213539124
          },
          {
            "X": 0.6052515506744385,
            "Y": 0.6121501326560974
          }
        ]
      },
      "Id": "27e9e260-5956-45d6-b9ba-b9ee90f4e04b",
      "Page": 1
    },
    {
      "BlockType": "WORD",
      "Confidence": 99.67552185058594,
      "Text": "V-1",
      "TextType": "PRINTED",
      "Geometry": {
        "BoundingBox": {
          "Width": 0.024962913244962692,
          "Height": 0.020405441522598267,
          "Left": 0.6215726733207703,
          "Top": 0.5920071601867676
        },
        "Polygon": [
          {
            "X": 0.6216133236885071,
            "Y": 0.5920088887214661
          },
          {
            "X": 0.6465355753898621,
            "Y": 0.5920071601867676
          },
          {
            "X": 0.6464980244636536,
            "Y": 0.612409770488739
          },
          {
            "X": 0.6215726733207703,
            "Y": 0.6124125719070435
          }
        ]
      },
      "Id": "5181900f-0119-4a2c-bb33-d6b335a07360",
      "Page": 1
    },
    {
      "BlockType": "WORD",
      "Confidence": 99.98075103759766,
      "Text": "is",
      "TextType": "PRINTED",
      "Geometry": {
        "BoundingBox": {
          "Width": 0.011810478754341602,
          "Height": 0.020167231559753418,
          "Left": 0.6532194018363953,
          "Top": 0.592185378074646
        },
        "Polygon": [
          {
            "X": 0.6532557010650635,
            "Y": 0.5921862125396729
          },
          {
            "X": 0.6650298833847046,
            "Y": 0.592185378074646
          },
          {
            "X": 0.664995014667511,
            "Y": 0.6123512983322144
          },
          {
            "X": 0.6532194018363953,
            "Y": 0.6123526096343994
          }
        ]
      },
      "Id": "dffd88ab-beff-4276-85e3-3aa9fae8e481",
      "Page": 1
    },
    {
      "BlockType": "WORD",
      "Confidence": 99.26530456542969,
      "Text": "required)",
      "TextType": "PRINTED",
      "Geometry": {
        "BoundingBox": {
          "Width": 0.06547582149505615,
          "Height": 0.02575717866420746,
          "Left": 0.6698580384254456,
          "Top": 0.592097818851471
        },
        "Polygon": [
          {
            "X": 0.6699017882347107,
            "Y": 0.5921023488044739
          },
          {
            "X": 0.7353338599205017,
            "Y": 0.592097818851471
          },
          {
            "X": 0.7353003621101379,
            "Y": 0.6178469657897949
          },
          {
            "X": 0.6698580384254456,
            "Y": 0.6178550124168396
          }
        ]
      },
      "Id": "d98434d2-2592-4de4-a2c1-260c3930ede5",
      "Page": 1
    },
    {
      "BlockType": "WORD",
      "Confidence": 99.77172088623047,
      "Text": "Solvent",
      "TextType": "PRINTED",
      "Geometry": {
        "BoundingBox": {
          "Width": 0.056340258568525314,
          "Height": 0.020170625299215317,
          "Left": 0.23988479375839233,
          "Top": 0.6238181591033936
        },
        "Polygon": [
          {
            "X": 0.23997172713279724,
            "Y": 0.6238257884979248
          },
          {
            "X": 0.29622504115104675,
            "Y": 0.6238181591033936
          },
          {
            "X": 0.2961450219154358,
            "Y": 0.6439788341522217
          },
          {
            "X": 0.23988479375839233,
            "Y": 0.6439887881278992
          }
        ]
      },
      "Id": "adcc2de3-6e8a-4253-b582-40954608f8e1",
      "Page": 1
    },
    {
      "BlockType": "WORD",
      "Confidence": 79.92298889160156,
      "Text": "dimethylformamide",
      "TextType": "PRINTED",
      "Geometry": {
        "BoundingBox": {
          "Width": 0.14628492295742035,
          "Height": 0.020421048626303673,
          "Left": 0.30119824409484863,
          "Top": 0.6236376166343689
        },
        "Polygon": [
          {
            "X": 0.30127859115600586,
            "Y": 0.6236574053764343
          },
          {
            "X": 0.4474831521511078,
            "Y": 0.6236376166343689
          },
          {
            "X": 0.44742095470428467,
            "Y": 0.6440327167510986
          },
          {
            "X": 0.30119824409484863,
            "Y": 0.6440587043762207
          }
        ]
      },
      "Id": "832f58e8-2ab8-4b2b-9837-61f8a59cca61",
      "Page": 1
    },
    {
      "BlockType": "WORD",
      "Confidence": 99.90377807617188,
      "Text": "DMF",
      "TextType": "PRINTED",
      "Geometry": {
        "BoundingBox": {
          "Width": 0.04312828928232193,
          "Height": 0.019280727952718735,
          "Left": 0.45276209712028503,
          "Top": 0.6241188645362854
        },
        "Polygon": [
          {
            "X": 0.4528202712535858,
            "Y": 0.6241247057914734
          },
          {
            "X": 0.49589037895202637,
            "Y": 0.6241188645362854
          },
          {
            "X": 0.4958372712135315,
            "Y": 0.6433919668197632
          },
          {
            "X": 0.45276209712028503,
            "Y": 0.6433995962142944
          }
        ]
      },
      "Id": "8941ab95-c7fb-4c85-bd23-cb9a89ca8cd1",
      "Page": 1
    },
    {
      "BlockType": "WORD",
      "Confidence": 98.3896255493164,
      "Text": "approx.",
      "TextType": "PRINTED",
      "Geometry": {
        "BoundingBox": {
          "Width": 0.05699688196182251,
          "Height": 0.016227614134550095,
          "Left": 0.5436170101165771,
          "Top": 0.6292452216148376
        },
        "Polygon": [
          {
            "X": 0.5436570048332214,
            "Y": 0.6292535662651062
          },
          {
            "X": 0.6006138920783997,
            "Y": 0.6292452216148376
          },
          {
            "X": 0.600579559803009,
            "Y": 0.6454625129699707
          },
          {
            "X": 0.5436170101165771,
            "Y": 0.6454728245735168
          }
        ]
      },
      "Id": "15e032ca-6c33-4746-a23b-bbef2e5c6e4f",
      "Page": 1
    },
    {
      "BlockType": "WORD",
      "Confidence": 99.89169311523438,
      "Text": "30",
      "TextType": "PRINTED",
      "Geometry": {
        "BoundingBox": {
          "Width": 0.016719119623303413,
          "Height": 0.01959424838423729,
          "Left": 0.6071580648422241,
          "Top": 0.624269425868988
        },
        "Polygon": [
          {
            "X": 0.6071988344192505,
            "Y": 0.6242716908454895
          },
          {
            "X": 0.6238771677017212,
            "Y": 0.624269425868988
          },
          {
            "X": 0.6238384246826172,
            "Y": 0.6438606977462769
          },
          {
            "X": 0.6071580648422241,
            "Y": 0.6438636779785156
          }
        ]
      },
      "Id": "40d25e13-bfdf-4bb2-b210-9215f7ed2458",
      "Page": 1
    },
    {
      "BlockType": "WORD",
      "Confidence": 99.16413116455078,
      "Text": "parts",
      "TextType": "PRINTED",
      "Geometry": {
        "BoundingBox": {
          "Width": 0.037482116371393204,
          "Height": 0.018744882196187973,
          "Left": 0.6293851733207703,
          "Top": 0.6266469359397888
        },
        "Polygon": [
          {
            "X": 0.6294216513633728,
            "Y": 0.6266522407531738
          },
          {
            "X": 0.6668673157691956,
            "Y": 0.6266469359397888
          },
          {
            "X": 0.6668351292610168,
            "Y": 0.6453850269317627
          },
          {
            "X": 0.6293851733207703,
            "Y": 0.6453918218612671
          }
        ]
      },
      "Id": "21e7646a-78b3-44b0-9ad8-3cf8e21b4927",
      "Page": 1
    },
    {
      "BlockType": "TABLE",
      "Confidence": 97.900390625,
      "Geometry": {
        "BoundingBox": {
          "Width": 0.5265345573425293,
          "Height": 0.288479208946228,
          "Left": 0.23666106164455414,
          "Top": 0.3547658324241638
        },
        "Polygon": [
          {
            "X": 0.23791047930717468,
            "Y": 0.3547658324241638
          },
          {
            "X": 0.7631956338882446,
            "Y": 0.354990154504776
          },
          {
            "X": 0.7628689408302307,
            "Y": 0.6431523561477661
          },
          {
            "X": 0.23666106164455414,
            "Y": 0.6432450413703918
          }
        ]
      },
      "Id": "ca8b3288-21df-4392-9afd-8f5974858c81",
      "Relationships": [
        {
          "Type": "CHILD",
          "Ids": [
            "01b646ba-bf12-4819-b6d7-85f0cf96d268",
            "02413557-0c1d-4105-b0b4-7c5ec9ef303e",
            "e4b65d8d-6269-4c80-914b-66b014290007",
            "2d5e36bb-d7b2-4bb3-968d-147ed1c244f1",
            "8ceac1d8-6431-40f9-947c-ade17ae0cef5",
            "8d6f3b65-62be-4e84-8e74-98164075d453",
            "af76ad84-0b90-441d-8264-b8e1fe3d966b",
            "8aec713b-eb1d-4943-a314-95b6006dd074",
            "b841dc8d-1399-4c7d-8c66-971681a44707",
            "242cafe9-381d-4b07-9cb5-612bfe2aa2cf",
            "63b03d2f-ba0e-4371-a5d7-9b0f3b1f3100",
            "5bedbc6d-bad1-480d-93d0-3302cf1ded93"
          ]
        }
      ],
      "EntityTypes": [
        "STRUCTURED_TABLE"
      ],
      "Page": 1
    },
    {
      "BlockType": "CELL",
      "Confidence": 58.7890625,
      "RowIndex": 1,
      "ColumnIndex": 1,
      "RowSpan": 1,
      "ColumnSpan": 1,
      "Geometry": {
        "BoundingBox": {
          "Width": 0.28651565313339233,
          "Height": 0.08977404236793518,
          "Left": 0.2375219613313675,
          "Top": 0.3547658324241638
        },
        "Polygon": [
          {
            "X": 0.23791047930717468,
            "Y": 0.3547658324241638
          },
          {
            "X": 0.5240375995635986,
            "Y": 0.35488802194595337
          },
          {
            "X": 0.5238054394721985,
            "Y": 0.444539874792099
          },
          {
            "X": 0.2375219613313675,
            "Y": 0.4444712996482849
          }
        ]
      },
      "Id": "01b646ba-bf12-4819-b6d7-85f0cf96d268",
      "Relationships": [
        {
          "Type": "CHILD",
          "Ids": [
            "1bbafa27-4939-4c78-af77-87a8fa9a6c7d",
            "44337668-3c65-4131-ab9f-0098d03b2309",
            "b621328f-5a89-4cc3-8996-182798bf490f",
            "5a8f8699-ba3f-4b19-a75f-49bdf6db83c1",
            "8c0e5cb7-b3ed-4a3a-8c45-76209b2f46c4",
            "c128f0aa-cbe6-4904-8d39-40e6bc6022c8",
            "554c5003-2cf6-4e98-9bbb-5ad0d27e9ff9"
          ]
        }
      ],
      "EntityTypes": [
        "COLUMN_HEADER"
      ],
      "Page": 1
    },
    {
      "BlockType": "CELL",
      "Confidence": 58.3984375,
      "RowIndex": 1,
      "ColumnIndex": 2,
      "RowSpan": 1,
      "ColumnSpan": 1,
      "Geometry": {
        "BoundingBox": {
          "Width": 0.23939017951488495,
          "Height": 0.08970915526151657,
          "Left": 0.5238054394721985,
          "Top": 0.35488802194595337
        },
        "Polygon": [
          {
            "X": 0.5240375995635986,
            "Y": 0.35488802194595337
          },
          {
            "X": 0.7631956338882446,
            "Y": 0.354990154504776
          },
          {
            "X": 0.7630940675735474,
            "Y": 0.44459718465805054
          },
          {
            "X": 0.5238054394721985,
            "Y": 0.444539874792099
          }
        ]
      },
      "Id": "02413557-0c1d-4105-b0b4-7c5ec9ef303e",
      "Relationships": [
        {
          "Type": "CHILD",
          "Ids": [
            "46baf405-cf0a-4a9e-b467-f7f277014ad8",
            "d533f327-2a80-48a9-a366-94edfb040ede",
            "6b121434-359c-4871-bbe1-9f637af54d40",
            "6ea3c49f-c068-4afe-a263-b8fdf95bd359",
            "8ad65215-936e-483a-9a94-9ed081fa7b35"
          ]
        }
      ],
      "EntityTypes": [
        "COLUMN_HEADER"
      ],
      "Page": 1
    },
    {
      "BlockType": "CELL",
      "Confidence": 72.802734375,
      "RowIndex": 2,
      "ColumnIndex": 1,
      "RowSpan": 1,
      "ColumnSpan": 1,
      "Geometry": {
        "BoundingBox": {
          "Width": 0.28647950291633606,
          "Height": 0.045297782868146896,
          "Left": 0.23732595145702362,
          "Top": 0.4444712996482849
        },
        "Polygon": [
          {
            "X": 0.2375219613313675,
            "Y": 0.4444712996482849
          },
          {
            "X": 0.5238054394721985,
            "Y": 0.444539874792099
          },
          {
            "X": 0.5236883163452148,
            "Y": 0.4897690713405609
          },
          {
            "X": 0.23732595145702362,
            "Y": 0.48972758650779724
          }
        ]
      },
      "Id": "e4b65d8d-6269-4c80-914b-66b014290007",
      "Relationships": [
        {
          "Type": "CHILD",
          "Ids": [
            "10632414-7c4c-46b5-97d7-258d660105a3",
            "8ee389f9-c47f-45be-baf4-6d658ff9f044",
            "e8743cde-075a-46b6-95e7-826b91dc7c98",
            "877e9115-829c-4d0a-a7cb-423774dc5481",
            "49624079-b7c3-48ec-b313-5df340560586",
            "ef30185c-793c-42ac-bd81-2c6b5df45406"
          ]
        }
      ],
      "Page": 1
    },
    {
      "BlockType": "CELL",
      "Confidence": 72.265625,
      "RowIndex": 2,
      "ColumnIndex": 2,
      "RowSpan": 1,
      "ColumnSpan": 1,
      "Geometry": {
        "BoundingBox": {
          "Width": 0.23940570652484894,
          "Height": 0.04526389390230179,
          "Left": 0.5236883163452148,
          "Top": 0.444539874792099
        },
        "Polygon": [
          {
            "X": 0.5238054394721985,
            "Y": 0.444539874792099
          },
          {
            "X": 0.7630940675735474,
            "Y": 0.44459718465805054
          },
          {
            "X": 0.7630428075790405,
            "Y": 0.4898037612438202
          },
          {
            "X": 0.5236883163452148,
            "Y": 0.4897690713405609
          }
        ]
      },
      "Id": "2d5e36bb-d7b2-4bb3-968d-147ed1c244f1",
      "Relationships": [
        {
          "Type": "CHILD",
          "Ids": [
            "e57a181d-c725-4a6c-a927-26f663ae4820",
            "46b79ceb-0ca9-4d25-8d5e-c268c418c1d4"
          ]
        }
      ],
      "Page": 1
    },
    {
      "BlockType": "CELL",
      "Confidence": 68.994140625,
      "RowIndex": 3,
      "ColumnIndex": 1,
      "RowSpan": 1,
      "ColumnSpan": 1,
      "Geometry": {
        "BoundingBox": {
          "Width": 0.2865017056465149,
          "Height": 0.03219316527247429,
          "Left": 0.23718661069869995,
          "Top": 0.48972758650779724
        },
        "Polygon": [
          {
            "X": 0.23732595145702362,
            "Y": 0.48972758650779724
          },
          {
            "X": 0.5236883163452148,
            "Y": 0.4897690713405609
          },
          {
            "X": 0.5236051082611084,
            "Y": 0.5219207406044006
          },
          {
            "X": 0.23718661069869995,
            "Y": 0.5218985080718994
          }
        ]
      },
      "Id": "8ceac1d8-6431-40f9-947c-ade17ae0cef5",
      "Relationships": [
        {
          "Type": "CHILD",
          "Ids": [
            "4aa770ce-b15f-4208-bb11-bfb4e7fbf59a",
            "7aa8fca8-c147-4a43-a3e5-8e4edededfd9",
            "c1ff58e3-0cbb-4912-8901-568a5e75b6b7"
          ]
        }
      ],
      "Page": 1
    },
    {
      "BlockType": "CELL",
      "Confidence": 68.505859375,
      "RowIndex": 3,
      "ColumnIndex": 2,
      "RowSpan": 1,
      "ColumnSpan": 1,
      "Geometry": {
        "BoundingBox": {
          "Width": 0.23943769931793213,
          "Height": 0.03217025846242905,
          "Left": 0.5236051082611084,
          "Top": 0.4897690713405609
        },
        "Polygon": [
          {
            "X": 0.5236883163452148,
            "Y": 0.4897690713405609
          },
          {
            "X": 0.7630428075790405,
            "Y": 0.4898037612438202
          },
          {
            "X": 0.763006329536438,
            "Y": 0.5219393372535706
          },
          {
            "X": 0.5236051082611084,
            "Y": 0.5219207406044006
          }
        ]
      },
      "Id": "8d6f3b65-62be-4e84-8e74-98164075d453",
      "Relationships": [
        {
          "Type": "CHILD",
          "Ids": [
            "3bb2d2ea-fde6-4c61-ace5-d6414bfdd6be",
            "f745c7b0-f174-4405-8165-13b022e4f846"
          ]
        }
      ],
      "Page": 1
    },
    {
      "BlockType": "CELL",
      "Confidence": 67.431640625,
      "RowIndex": 4,
      "ColumnIndex": 1,
      "RowSpan": 1,
      "ColumnSpan": 1,
      "Geometry": {
        "BoundingBox": {
          "Width": 0.2865630090236664,
          "Height": 0.0333779938519001,
          "Left": 0.23704206943511963,
          "Top": 0.5218985080718994
        },
        "Polygon": [
          {
            "X": 0.23718661069869995,
            "Y": 0.5218985080718994
          },
          {
            "X": 0.5236051082611084,
            "Y": 0.5219207406044006
          },
          {
            "X": 0.5235186815261841,
            "Y": 0.5552765130996704
          },
          {
            "X": 0.23704206943511963,
            "Y": 0.5552743077278137
          }
        ]
      },
      "Id": "af76ad84-0b90-441d-8264-b8e1fe3d966b",
      "Relationships": [
        {
          "Type": "CHILD",
          "Ids": [
            "9434d4a4-c069-4802-9f5d-a980f61425c9",
            "3b771367-7c9c-4bd4-a58a-5e38fb945675",
            "70f63975-45fa-4abd-a7ae-5a08a92cbbd1"
          ]
        }
      ],
      "Page": 1
    },
    {
      "BlockType": "CELL",
      "Confidence": 66.943359375,
      "RowIndex": 4,
      "ColumnIndex": 2,
      "RowSpan": 1,
      "ColumnSpan": 1,
      "Geometry": {
        "BoundingBox": {
          "Width": 0.2394876480102539,
          "Height": 0.033357638865709305,
          "Left": 0.5235186815261841,
          "Top": 0.5219207406044006
        },
        "Polygon": [
          {
            "X": 0.5236051082611084,
            "Y": 0.5219207406044006
          },
          {
            "X": 0.763006329536438,
            "Y": 0.5219393372535706
          },
          {
            "X": 0.7629685401916504,
            "Y": 0.5552784204483032
          },
          {
            "X": 0.5235186815261841,
            "Y": 0.5552765130996704
          }
        ]
      },
      "Id": "8aec713b-eb1d-4943-a314-95b6006dd074",
      "Relationships": [
        {
          "Type": "CHILD",
          "Ids": [
            "c947ca48-08da-4b5a-95cb-38d964e501fd",
            "04cc0918-3bcc-42ce-82b2-427e32edd6c5"
          ]
        }
      ],
      "Page": 1
    },
    {
      "BlockType": "CELL",
      "Confidence": 49.462890625,
      "RowIndex": 5,
      "ColumnIndex": 1,
      "RowSpan": 1,
      "ColumnSpan": 1,
      "Geometry": {
        "BoundingBox": {
          "Width": 0.28675559163093567,
          "Height": 0.06440579146146774,
          "Left": 0.2367631196975708,
          "Top": 0.5552743077278137
        },
        "Polygon": [
          {
            "X": 0.23704206943511963,
            "Y": 0.5552743077278137
          },
          {
            "X": 0.5235186815261841,
            "Y": 0.5552765130996704
          },
          {
            "X": 0.5233520269393921,
            "Y": 0.6196437478065491
          },
          {
            "X": 0.2367631196975708,
            "Y": 0.6196801066398621
          }
        ]
      },
      "Id": "b841dc8d-1399-4c7d-8c66-971681a44707",
      "Relationships": [
        {
          "Type": "CHILD",
          "Ids": [
            "6ff60306-6095-461b-a99e-793737bd8089",
            "33fae3bc-0959-40fd-a23b-9bcc97585d66",
            "f0182ee1-65ed-469b-b311-4080a4b4c7f9"
          ]
        }
      ],
      "Page": 1
    },
    {
      "BlockType": "CELL",
      "Confidence": 49.12109375,
      "RowIndex": 5,
      "ColumnIndex": 2,
      "RowSpan": 1,
      "ColumnSpan": 1,
      "Geometry": {
        "BoundingBox": {
          "Width": 0.2396165281534195,
          "Height": 0.06436720490455627,
          "Left": 0.5233520269393921,
          "Top": 0.5552765130996704
        },
        "Polygon": [
          {
            "X": 0.5235186815261841,
            "Y": 0.5552765130996704
          },
          {
            "X": 0.7629685401916504,
            "Y": 0.5552784204483032
          },
          {
            "X": 0.7628956437110901,
            "Y": 0.6196133494377136
          },
          {
            "X": 0.5233520269393921,
            "Y": 0.6196437478065491
          }
        ]
      },
      "Id": "242cafe9-381d-4b07-9cb5-612bfe2aa2cf",
      "Relationships": [
        {
          "Type": "CHILD",
          "Ids": [
            "d38dccdb-9f5e-4db9-b518-60ef79f5d427",
            "0c315082-03bf-4942-87b4-2e592b327df0",
            "95fe1166-de21-4353-9324-89b73dca0dea",
            "5e646044-fabb-4eb0-a7f7-523c916b95a6",
            "27e9e260-5956-45d6-b9ba-b9ee90f4e04b",
            "5181900f-0119-4a2c-bb33-d6b335a07360",
            "dffd88ab-beff-4276-85e3-3aa9fae8e481",
            "d98434d2-2592-4de4-a2c1-260c3930ede5"
          ]
        }
      ],
      "Page": 1
    },
    {
      "BlockType": "CELL",
      "Confidence": 64.6484375,
      "RowIndex": 6,
      "ColumnIndex": 1,
      "RowSpan": 1,
      "ColumnSpan": 1,
      "Geometry": {
        "BoundingBox": {
          "Width": 0.28669098019599915,
          "Height": 0.023601314052939415,
          "Left": 0.23666106164455414,
          "Top": 0.6196437478065491
        },
        "Polygon": [
          {
            "X": 0.2367631196975708,
            "Y": 0.6196801066398621
          },
          {
            "X": 0.5233520269393921,
            "Y": 0.6196437478065491
          },
          {
            "X": 0.5232910513877869,
            "Y": 0.6431945562362671
          },
          {
            "X": 0.23666106164455414,
            "Y": 0.6432450413703918
          }
        ]
      },
      "Id": "63b03d2f-ba0e-4371-a5d7-9b0f3b1f3100",
      "Relationships": [
        {
          "Type": "CHILD",
          "Ids": [
            "adcc2de3-6e8a-4253-b582-40954608f8e1",
            "832f58e8-2ab8-4b2b-9837-61f8a59cca61",
            "8941ab95-c7fb-4c85-bd23-cb9a89ca8cd1"
          ]
        }
      ],
      "Page": 1
    },
    {
      "BlockType": "CELL",
      "Confidence": 64.208984375,
      "RowIndex": 6,
      "ColumnIndex": 2,
      "RowSpan": 1,
      "ColumnSpan": 1,
      "Geometry": {
        "BoundingBox": {
          "Width": 0.23960456252098083,
          "Height": 0.02358121983706951,
          "Left": 0.5232910513877869,
          "Top": 0.6196133494377136
        },
        "Polygon": [
          {
            "X": 0.5233520269393921,
            "Y": 0.6196437478065491
          },
          {
            "X": 0.7628956437110901,
            "Y": 0.6196133494377136
          },
          {
            "X": 0.7628689408302307,
            "Y": 0.6431523561477661
          },
          {
            "X": 0.5232910513877869,
            "Y": 0.6431945562362671
          }
        ]
      },
      "Id": "5bedbc6d-bad1-480d-93d0-3302cf1ded93",
      "Relationships": [
        {
          "Type": "CHILD",
          "Ids": [
            "15e032ca-6c33-4746-a23b-bbef2e5c6e4f",
            "40d25e13-bfdf-4bb2-b210-9215f7ed2458",
            "21e7646a-78b3-44b0-9ad8-3cf8e21b4927"
          ]
        }
      ],
      "Page": 1
    }
  ],
  "AnalyzeDocumentModelVersion": "1.0"
}