"'Epoxy resin solution for printed circuit boards","'UL 94 V-0 (1.6 mm)",
"'Solid epoxy resin Beckopox EP 301","'100 parts",
"'Dicyandiamide Dyhard SF","'4 parts",
"'Accelerator dyhard MI","'0.4 parts",
"'Exolit RP 650","'12 parts (6 parts if V-1 is required)",
"'Solvent dimethylformamide DMF","'approx. 30 parts",
,

'Confidence Scores % (Table Cell)
"'58.78906250","'58.39843750",
"'72.80273438","'72.26562500",
"'68.99414063","'68.50585938",
"'67.43164063","'66.94335938",
"'49.46289063","'49.12109375",
"'64.64843750","'64.20898438",
