{
  "DocumentMetadata": {
    "Pages": 1
  },
  "JobStatus": "SUCCEEDED",
  "Blocks": [
    {
      "BlockType": "PAGE",
      "Geometry": {
        "BoundingBox": {
          "Width": 0.5579104423522949,
          "Height": 0.35734283924102783,
          "Left": 0.22670668363571167,
          "Top": 0.3207167983055115
        },
        "Polygon": [
          {
            "X": 0.22737570106983185,
            "Y": 0.3207167983055115
          },
          {
            "X": 0.784166693687439,
            "Y": 0.3214538097381592
          },
          {
            "X": 0.7846171259880066,
            "Y": 0.6780596375465393
          },
          {
            "X": 0.22670668363571167,
            "Y": 0.6773518919944763
          }
        ]
      },
      "Id": "b2f4d3d8-4932-406b-a062-a47a2aa02f12",
      "Relationships": [
        {
          "Type": "CHILD",
          "Ids": [
            "2be9f60d-082c-464c-8473-daf07ff0f6d2",
            "25be672a-b49c-4c91-9671-aa2c2f7fc627",
            "854f538e-238f-4ea9-8cee-7be369ab88c5",
            "28ec124d-3ba8-4194-b568-71edadb6e2a4",
            "9cc00ad5-1704-46f3-8b0c-cfe272d89d3f",
            "7564e9e5-1337-4f9b-927e-41cf2882b2b1",
            "8578c035-7911-4a3f-958a-cbd28742b68b",
            "82ab3e6f-5384-44f7-9405-f4da752c2fec",
            "ad46b5b6-a50f-4e1a-8c13-1ddf572775fa",
            "428a7451-f140-4d24-b504-c59ec3b24077",
            "ed7ccaac-51af-463b-9f8c-c0b7bf82b9ec",
            "2b1f061b-e53c-4595-b8d4-24b9e6462cfb",
            "618fcb9f-358a-420b-8bd6-9528e3762392",
            "1f63b858-58a3-42a5-b9be-cc6b444ce215",
            "b81f5e88-0860-4fdb-93ff-00066e96a2f7",
            "88e16071-ab47-49d0-b5a3-d624d5869b47",
            "f2a6ff17-2680-490f-9d13-bd1fd248648f",
            "19488d17-b443-4870-80f4-320a4c748bd5",
            "8b03c4d2-8bde-4022-9850-60b26a3bcd68",
            "761853fe-37ef-4416-9368-954e72166006",
            "c7d1407c-1231-477b-ad2d-429542776ebd",
            "15a51312-24b6-4a7e-86d3-10fe3437492e",
            "22abb789-1a44-45ac-a9c6-9fe9d3e9fcc0"
          ]
        }
      ],
      "Page": 1
    },
    {
      "BlockType": "LINE",
      "Confidence": 99.86576080322266,
      "Text": "Resin",
      "Geometry": {
        "BoundingBox": {
          "Width": 0.032702211290597916,
          "Height": 0.01704183593392372,
          "Left": 0.2520659565925598,
          "Top": 0.37477990984916687
        },
        "Polygon": [
          {
            "X": 0.25209546089172363,
            "Y": 0.37477990984916687
          },
          {
            "X": 0.28476816415786743,
            "Y": 0.3748228847980499
          },
          {
            "X": 0.2847417891025543,
            "Y": 0.3918217420578003
          },
          {
            "X": 0.2520659565925598,
            "Y": 0.3917788565158844
          }
        ]
      },
      "Id": "2be9f60d-082c-464c-8473-daf07ff0f6d2",
      "Relationships": [
        {
          "Type": "CHILD",
          "Ids": [
            "f183eab0-13d4-4337-8841-3abbce382961"
          ]
        }
      ],
      "Page": 1
    },
    {
      "BlockType": "LINE",
      "Confidence": 99.8875961303711,
      "Text": "Weight ratio",
      "Geometry": {
        "BoundingBox": {
          "Width": 0.07542156428098679,
          "Height": 0.022032273933291435,
          "Left": 0.517618715763092,
          "Top": 0.3742859661579132
        },
        "Polygon": [
          {
            "X": 0.5176239609718323,
            "Y": 0.3742859661579132
          },
          {
            "X": 0.5930362343788147,
            "Y": 0.37438517808914185
          },
          {
            "X": 0.5930402874946594,
            "Y": 0.396318256855011
          },
          {
            "X": 0.517618715763092,
            "Y": 0.39621928334236145
          }
        ]
      },
      "Id": "25be672a-b49c-4c91-9671-aa2c2f7fc627",
      "Relationships": [
        {
          "Type": "CHILD",
          "Ids": [
            "349b2d58-d613-4cec-ab18-44f7b0d7ea47",
            "cc569655-0552-4a5a-83eb-ed18a452ac29"
          ]
        }
      ],
      "Page": 1
    },
    {
      "BlockType": "LINE",
      "Confidence": 99.46561431884766,
      "Text": "BCy",
      "Geometry": {
        "BoundingBox": {
          "Width": 0.02390904724597931,
          "Height": 0.021244440227746964,
          "Left": 0.5178751945495605,
          "Top": 0.41960999369621277
        },
        "Polygon": [
          {
            "X": 0.5178802013397217,
            "Y": 0.41960999369621277
          },
          {
            "X": 0.5417842268943787,
            "Y": 0.41964125633239746
          },
          {
            "X": 0.541782021522522,
            "Y": 0.44085443019866943
          },
          {
            "X": 0.5178751945495605,
            "Y": 0.4408232271671295
          }
        ]
      },
      "Id": "854f538e-238f-4ea9-8cee-7be369ab88c5",
      "Relationships": [
        {
          "Type": "CHILD",
          "Ids": [
            "248fbca9-7de8-4704-90d9-a7bb72cd037b"
          ]
        }
      ],
      "Page": 1
    },
    {
      "BlockType": "LINE",
      "Confidence": 99.09459686279297,
      "Text": "HBP@GO/MnF",
      "Geometry": {
        "BoundingBox": {
          "Width": 0.09251085668802261,
          "Height": 0.02111763320863247,
          "Left": 0.6662086844444275,
          "Top": 0.4191104769706726
        },
        "Polygon": [
          {
            "X": 0.6662086844444275,
            "Y": 0.4191104769706726
          },
          {
            "X": 0.7586960196495056,
            "Y": 0.41923150420188904
          },
          {
            "X": 0.7587195634841919,
            "Y": 0.44022810459136963
          },
          {
            "X": 0.6662212014198303,
            "Y": 0.4401073753833771
          }
        ]
      },
      "Id": "28ec124d-3ba8-4194-b568-71edadb6e2a4",
      "Relationships": [
        {
          "Type": "CHILD",
          "Ids": [
            "10663028-e76e-40ee-b279-7e80be07dd67"
          ]
        }
      ],
      "Page": 1
    },
    {
      "BlockType": "LINE",
      "Confidence": 99.37771606445312,
      "Text": "BCy",
      "Geometry": {
        "BoundingBox": {
          "Width": 0.02413705177605152,
          "Height": 0.021076669916510582,
          "Left": 0.2519775331020355,
          "Top": 0.4630110263824463
        },
        "Polygon": [
          {
            "X": 0.25201407074928284,
            "Y": 0.4630110263824463
          },
          {
            "X": 0.2761145830154419,
            "Y": 0.46304240822792053
          },
          {
            "X": 0.2760809063911438,
            "Y": 0.4840877056121826
          },
          {
            "X": 0.2519775331020355,
            "Y": 0.48405641317367554
          }
        ]
      },
      "Id": "9cc00ad5-1704-46f3-8b0c-cfe272d89d3f",
      "Relationships": [
        {
          "Type": "CHILD",
          "Ids": [
            "95c523cc-d428-474f-83be-379db624b113"
          ]
        }
      ],
      "Page": 1
    },
    {
      "BlockType": "LINE",
      "Confidence": 99.98542022705078,
      "Text": "100",
      "Geometry": {
        "BoundingBox": {
          "Width": 0.022372033447027206,
          "Height": 0.01745552383363247,
          "Left": 0.5185942053794861,
          "Top": 0.4627322256565094
        },
        "Polygon": [
          {
            "X": 0.5185983180999756,
            "Y": 0.4627322256565094
          },
          {
            "X": 0.540966272354126,
            "Y": 0.4627613425254822
          },
          {
            "X": 0.5409643650054932,
            "Y": 0.4801877439022064
          },
          {
            "X": 0.5185942053794861,
            "Y": 0.4801586866378784
          }
        ]
      },
      "Id": "7564e9e5-1337-4f9b-927e-41cf2882b2b1",
      "Relationships": [
        {
          "Type": "CHILD",
          "Ids": [
            "b05da76a-8a24-4336-a207-58ec8f8a7e6f"
          ]
        }
      ],
      "Page": 1
    },
    {
      "BlockType": "LINE",
      "Confidence": 97.6109390258789,
      "Text": "0",
      "Geometry": {
        "BoundingBox": {
          "Width": 0.007408547215163708,
          "Height": 0.016138484701514244,
          "Left": 0.6671361327171326,
          "Top": 0.46356382966041565
        },
        "Polygon": [
          {
            "X": 0.6671361327171326,
            "Y": 0.46356382966041565
          },
          {
            "X": 0.674534261226654,
            "Y": 0.4635734558105469
          },
          {
            "X": 0.6745446920394897,
            "Y": 0.47970232367515564
          },
          {
            "X": 0.667145848274231,
            "Y": 0.4796926975250244
          }
        ]
      },
      "Id": "8578c035-7911-4a3f-958a-cbd28742b68b",
      "Relationships": [
        {
          "Type": "CHILD",
          "Ids": [
            "59376aab-3202-4865-9a94-1c66ebd977b4"
          ]
        }
      ],
      "Page": 1
    },
    {
      "BlockType": "LINE",
      "Confidence": 99.59014129638672,
      "Text": "f-BCy",
      "Geometry": {
        "BoundingBox": {
          "Width": 0.03313521668314934,
          "Height": 0.021261950954794884,
          "Left": 0.25184059143066406,
          "Top": 0.49157220125198364
        },
        "Polygon": [
          {
            "X": 0.25187742710113525,
            "Y": 0.49157220125198364
          },
          {
            "X": 0.2849757969379425,
            "Y": 0.4916151463985443
          },
          {
            "X": 0.2849429249763489,
            "Y": 0.5128341913223267
          },
          {
            "X": 0.25184059143066406,
            "Y": 0.5127913355827332
          }
        ]
      },
      "Id": "82ab3e6f-5384-44f7-9405-f4da752c2fec",
      "Relationships": [
        {
          "Type": "CHILD",
          "Ids": [
            "4c255497-45e8-4f23-805c-69e997392272"
          ]
        }
      ],
      "Page": 1
    },
    {
      "BlockType": "LINE",
      "Confidence": 99.98939514160156,
      "Text": "100",
      "Geometry": {
        "BoundingBox": {
          "Width": 0.022447707131505013,
          "Height": 0.017536941915750504,
          "Left": 0.5185346007347107,
          "Top": 0.4915672540664673
        },
        "Polygon": [
          {
            "X": 0.5185387134552002,
            "Y": 0.4915672540664673
          },
          {
            "X": 0.5409823060035706,
            "Y": 0.49159637093544006
          },
          {
            "X": 0.5409804582595825,
            "Y": 0.5091041922569275
          },
          {
            "X": 0.5185346007347107,
            "Y": 0.5090751647949219
          }
        ]
      },
      "Id": "ad46b5b6-a50f-4e1a-8c13-1ddf572775fa",
      "Relationships": [
        {
          "Type": "CHILD",
          "Ids": [
            "bf5f7eca-acd3-4f86-afb5-ca6a69f2592e"
          ]
        }
      ],
      "Page": 1
    },
    {
      "BlockType": "LINE",
      "Confidence": 98.3439712524414,
      "Text": "0",
      "Geometry": {
        "BoundingBox": {
          "Width": 0.007372791413217783,
          "Height": 0.016285374760627747,
          "Left": 0.667130172252655,
          "Top": 0.4923247694969177
        },
        "Polygon": [
          {
            "X": 0.667130172252655,
            "Y": 0.4923247694969177
          },
          {
            "X": 0.6744924783706665,
            "Y": 0.4923343360424042
          },
          {
            "X": 0.674502968788147,
            "Y": 0.5086101293563843
          },
          {
            "X": 0.6671399474143982,
            "Y": 0.5086005926132202
          }
        ]
      },
      "Id": "428a7451-f140-4d24-b504-c59ec3b24077",
      "Relationships": [
        {
          "Type": "CHILD",
          "Ids": [
            "a032151b-146e-4727-ac03-7ab453c570f9"
          ]
        }
      ],
      "Page": 1
    },
    {
      "BlockType": "LINE",
      "Confidence": 91.90784454345703,
      "Text": "0.5HBP@GO/MnF/BCy",
      "Geometry": {
        "BoundingBox": {
          "Width": 0.14172875881195068,
          "Height": 0.021239671856164932,
          "Left": 0.2516017258167267,
          "Top": 0.5206064581871033
        },
        "Polygon": [
          {
            "X": 0.2516382932662964,
            "Y": 0.5206064581871033
          },
          {
            "X": 0.39333048462867737,
            "Y": 0.520789623260498
          },
          {
            "X": 0.39331069588661194,
            "Y": 0.5418461561203003
          },
          {
            "X": 0.2516017258167267,
            "Y": 0.541663408279419
          }
        ]
      },
      "Id": "ed7ccaac-51af-463b-9f8c-c0b7bf82b9ec",
      "Relationships": [
        {
          "Type": "CHILD",
          "Ids": [
            "34142698-ccef-44b0-90d5-0dc7e4ee9cc9"
          ]
        }
      ],
      "Page": 1
    },
    {
      "BlockType": "LINE",
      "Confidence": 99.99105072021484,
      "Text": "100",
      "Geometry": {
        "BoundingBox": {
          "Width": 0.02236468531191349,
          "Height": 0.017491860315203667,
          "Left": 0.518604576587677,
          "Top": 0.5205084085464478
        },
        "Polygon": [
          {
            "X": 0.5186086297035217,
            "Y": 0.5205084085464478
          },
          {
            "X": 0.5409692525863647,
            "Y": 0.5205373764038086
          },
          {
            "X": 0.5409674048423767,
            "Y": 0.5380002856254578
          },
          {
            "X": 0.518604576587677,
            "Y": 0.5379714369773865
          }
        ]
      },
      "Id": "2b1f061b-e53c-4595-b8d4-24b9e6462cfb",
      "Relationships": [
        {
          "Type": "CHILD",
          "Ids": [
            "e5ed6e0c-12fb-4726-94eb-9f2872bf5efc"
          ]
        }
      ],
      "Page": 1
    },
    {
      "BlockType": "LINE",
      "Confidence": 99.87865447998047,
      "Text": "0.5",
      "Geometry": {
        "BoundingBox": {
          "Width": 0.018784422427415848,
          "Height": 0.016678983345627785,
          "Left": 0.6671075820922852,
          "Top": 0.5209662914276123
        },
        "Polygon": [
          {
            "X": 0.6671075820922852,
            "Y": 0.5209662914276123
          },
          {
            "X": 0.685880184173584,
            "Y": 0.5209905505180359
          },
          {
            "X": 0.6858919858932495,
            "Y": 0.5376452803611755
          },
          {
            "X": 0.6671175956726074,
            "Y": 0.537621021270752
          }
        ]
      },
      "Id": "618fcb9f-358a-420b-8bd6-9528e3762392",
      "Relationships": [
        {
          "Type": "CHILD",
          "Ids": [
            "5309db5b-99cc-4e2b-977d-d7091d24d4c4"
          ]
        }
      ],
      "Page": 1
    },
    {
      "BlockType": "LINE",
      "Confidence": 98.61964416503906,
      "Text": "1HBP@GO/MnF/BCy",
      "Geometry": {
        "BoundingBox": {
          "Width": 0.12958522140979767,
          "Height": 0.021263258531689644,
          "Left": 0.2521251142024994,
          "Top": 0.5492571592330933
        },
        "Polygon": [
          {
            "X": 0.2521616816520691,
            "Y": 0.5492571592330933
          },
          {
            "X": 0.38171032071113586,
            "Y": 0.5494240522384644
          },
          {
            "X": 0.3816891312599182,
            "Y": 0.5705204010009766
          },
          {
            "X": 0.2521251142024994,
            "Y": 0.5703538656234741
          }
        ]
      },
      "Id": "1f63b858-58a3-42a5-b9be-cc6b444ce215",
      "Relationships": [
        {
          "Type": "CHILD",
          "Ids": [
            "f43cd803-0eea-434f-96a4-5c2859faac86"
          ]
        }
      ],
      "Page": 1
    },
    {
      "BlockType": "LINE",
      "Confidence": 99.9886474609375,
      "Text": "100",
      "Geometry": {
        "BoundingBox": {
          "Width": 0.02251487784087658,
          "Height": 0.017389820888638496,
          "Left": 0.5184929966926575,
          "Top": 0.549350380897522
        },
        "Polygon": [
          {
            "X": 0.5184970498085022,
            "Y": 0.549350380897522
          },
          {
            "X": 0.5410078763961792,
            "Y": 0.5493794083595276
          },
          {
            "X": 0.5410060286521912,
            "Y": 0.5667402148246765
          },
          {
            "X": 0.5184929966926575,
            "Y": 0.5667113065719604
          }
        ]
      },
      "Id": "b81f5e88-0860-4fdb-93ff-00066e96a2f7",
      "Relationships": [
        {
          "Type": "CHILD",
          "Ids": [
            "498d5432-e4aa-4816-82e7-13b028a5c6d1"
          ]
        }
      ],
      "Page": 1
    },
    {
      "BlockType": "LINE",
      "Confidence": 99.43000030517578,
      "Text": "1",
      "Geometry": {
        "BoundingBox": {
          "Width": 0.005619085859507322,
          "Height": 0.015877535566687584,
          "Left": 0.6678070425987244,
          "Top": 0.5500115156173706
        },
        "Polygon": [
          {
            "X": 0.6678070425987244,
            "Y": 0.5500115156173706
          },
          {
            "X": 0.673416018486023,
            "Y": 0.5500187873840332
          },
          {
            "X": 0.6734261512756348,
            "Y": 0.5658890604972839
          },
          {
            "X": 0.6678166389465332,
            "Y": 0.5658818483352661
          }
        ]
      },
      "Id": "88e16071-ab47-49d0-b5a3-d624d5869b47",
      "Relationships": [
        {
          "Type": "CHILD",
          "Ids": [
            "4bc5e58e-d779-4e04-9438-22b944d1bc53"
          ]
        }
      ],
      "Page": 1
    },
    {
      "BlockType": "LINE",
      "Confidence": 90.72303009033203,
      "Text": "2HBP@GO/MnF/BCy",
      "Geometry": {
        "BoundingBox": {
          "Width": 0.13003872334957123,
          "Height": 0.021453961730003357,
          "Left": 0.2516508102416992,
          "Top": 0.5778612494468689
        },
        "Polygon": [
          {
            "X": 0.25168776512145996,
            "Y": 0.5778612494468689
          },
          {
            "X": 0.38168951869010925,
            "Y": 0.57802814245224
          },
          {
            "X": 0.3816681504249573,
            "Y": 0.5993151664733887
          },
          {
            "X": 0.2516508102416992,
            "Y": 0.599148690700531
          }
        ]
      },
      "Id": "f2a6ff17-2680-490f-9d13-bd1fd248648f",
      "Relationships": [
        {
          "Type": "CHILD",
          "Ids": [
            "96eb3f45-b2ff-42f4-953b-3d4a00ddc848"
          ]
        }
      ],
      "Page": 1
    },
    {
      "BlockType": "LINE",
      "Confidence": 99.98622131347656,
      "Text": "100",
      "Geometry": {
        "BoundingBox": {
          "Width": 0.022670043632388115,
          "Height": 0.017551109194755554,
          "Left": 0.5183983445167542,
          "Top": 0.5781555771827698
        },
        "Polygon": [
          {
            "X": 0.5184024572372437,
            "Y": 0.5781555771827698
          },
          {
            "X": 0.541068434715271,
            "Y": 0.5781846642494202
          },
          {
            "X": 0.5410665273666382,
            "Y": 0.5957067012786865
          },
          {
            "X": 0.5183983445167542,
            "Y": 0.5956776142120361
          }
        ]
      },
      "Id": "19488d17-b443-4870-80f4-320a4c748bd5",
      "Relationships": [
        {
          "Type": "CHILD",
          "Ids": [
            "d22ad89e-e8d1-4d4a-b7fc-f3e1a5a36f29"
          ]
        }
      ],
      "Page": 1
    },
    {
      "BlockType": "LINE",
      "Confidence": 99.91790008544922,
      "Text": "2",
      "Geometry": {
        "BoundingBox": {
          "Width": 0.007230968214571476,
          "Height": 0.015829462558031082,
          "Left": 0.6673539876937866,
          "Top": 0.5789324045181274
        },
        "Polygon": [
          {
            "X": 0.6673539876937866,
            "Y": 0.5789324045181274
          },
          {
            "X": 0.6745747923851013,
            "Y": 0.5789416432380676
          },
          {
            "X": 0.6745849847793579,
            "Y": 0.594761848449707
          },
          {
            "X": 0.6673635840415955,
            "Y": 0.5947526097297668
          }
        ]
      },
      "Id": "8b03c4d2-8bde-4022-9850-60b26a3bcd68",
      "Relationships": [
        {
          "Type": "CHILD",
          "Ids": [
            "e9a9eacb-17a7-4a47-a5e5-15ad069b56d1"
          ]
        }
      ],
      "Page": 1
    },
    {
      "BlockType": "LINE",
      "Confidence": 98.35272216796875,
      "Text": "4HBP@GO/MnF/BCy",
      "Geometry": {
        "BoundingBox": {
          "Width": 0.1302441656589508,
          "Height": 0.021877747029066086,
          "Left": 0.2514934241771698,
          "Top": 0.6054993867874146
        },
        "Polygon": [
          {
            "X": 0.25153112411499023,
            "Y": 0.6054993867874146
          },
          {
            "X": 0.3817375898361206,
            "Y": 0.6056659817695618
          },
          {
            "X": 0.3817157745361328,
            "Y": 0.6273771524429321
          },
          {
            "X": 0.2514934241771698,
            "Y": 0.6272109150886536
          }
        ]
      },
      "Id": "761853fe-37ef-4416-9368-954e72166006",
      "Relationships": [
        {
          "Type": "CHILD",
          "Ids": [
            "309dcd2b-28f2-498e-be79-76f3fb814644"
          ]
        }
      ],
      "Page": 1
    },
    {
      "BlockType": "LINE",
      "Confidence": 99.97731018066406,
      "Text": "100",
      "Geometry": {
        "BoundingBox": {
          "Width": 0.02270974963903427,
          "Height": 0.017255248501896858,
          "Left": 0.5183628797531128,
          "Top": 0.6059225797653198
        },
        "Polygon": [
          {
            "X": 0.5183669328689575,
            "Y": 0.6059225797653198
          },
          {
            "X": 0.5410726070404053,
            "Y": 0.6059516072273254
          },
          {
            "X": 0.5410707592964172,
            "Y": 0.6231778264045715
          },
          {
            "X": 0.5183628797531128,
            "Y": 0.6231487989425659
          }
        ]
      },
      "Id": "c7d1407c-1231-477b-ad2d-429542776ebd",
      "Relationships": [
        {
          "Type": "CHILD",
          "Ids": [
            "802c74d2-4436-47ee-b589-c2fd893b84c9"
          ]
        }
      ],
      "Page": 1
    },
    {
      "BlockType": "LINE",
      "Confidence": 99.92778015136719,
      "Text": "4",
      "Geometry": {
        "BoundingBox": {
          "Width": 0.007547726854681969,
          "Height": 0.016149843111634254,
          "Left": 0.6671663522720337,
          "Top": 0.6064770221710205
        },
        "Polygon": [
          {
            "X": 0.6671663522720337,
            "Y": 0.6064770221710205
          },
          {
            "X": 0.6747037172317505,
            "Y": 0.6064866185188293
          },
          {
            "X": 0.6747140884399414,
            "Y": 0.6226268410682678
          },
          {
            "X": 0.6671761274337769,
            "Y": 0.6226171851158142
          }
        ]
      },
      "Id": "15a51312-24b6-4a7e-86d3-10fe3437492e",
      "Relationships": [
        {
          "Type": "CHILD",
          "Ids": [
            "9fca1828-eefe-4db4-a274-8c8463fc7b33"
          ]
        }
      ],
      "Page": 1
    },
    {
      "BlockType": "WORD",
      "Confidence": 99.86576080322266,
      "Text": "Resin",
      "TextType": "PRINTED",
      "Geometry": {
        "BoundingBox": {
          "Width": 0.032702211290597916,
          "Height": 0.01704183593392372,
          "Left": 0.2520659565925598,
          "Top": 0.37477990984916687
        },
        "Polygon": [
          {
            "X": 0.25209546089172363,
            "Y": 0.37477990984916687
          },
          {
            "X": 0.28476816415786743,
            "Y": 0.3748228847980499
          },
          {
            "X": 0.2847417891025543,
            "Y": 0.3918217420578003
          },
          {
            "X": 0.2520659565925598,
            "Y": 0.3917788565158844
          }
        ]
      },
      "Id": "f183eab0-13d4-4337-8841-3abbce382961",
      "Page": 1
    },
    {
      "BlockType": "WORD",
      "Confidence": 99.84234619140625,
      "Text": "Weight",
      "TextType": "PRINTED",
      "Geometry": {
        "BoundingBox": {
          "Width": 0.043468598276376724,
          "Height": 0.021990349516272545,
          "Left": 0.517618715763092,
          "Top": 0.3742859661579132
        },
        "Polygon": [
          {
            "X": 0.5176239609718323,
            "Y": 0.3742859661579132
          },
          {
            "X": 0.5610871911048889,
            "Y": 0.3743431568145752
          },
          {
            "X": 0.5610873103141785,
            "Y": 0.3962763249874115
          },
          {
            "X": 0.517618715763092,
            "Y": 0.39621928334236145
          }
        ]
      },
      "Id": "349b2d58-d613-4cec-ab18-44f7b0d7ea47",
      "Page": 1
    },
    {
      "BlockType": "WORD",
      "Confidence": 99.93284606933594,
      "Text": "ratio",
      "TextType": "PRINTED",
      "Geometry": {
        "BoundingBox": {
          "Width": 0.028768464922904968,
          "Height": 0.017392627894878387,
          "Left": 0.5642710328102112,
          "Top": 0.3747420907020569
        },
        "Polygon": [
          {
            "X": 0.5642710328102112,
            "Y": 0.3747420907020569
          },
          {
            "X": 0.5930362939834595,
            "Y": 0.37477993965148926
          },
          {
            "X": 0.5930395126342773,
            "Y": 0.39213472604751587
          },
          {
            "X": 0.5642714500427246,
            "Y": 0.39209696650505066
          }
        ]
      },
      "Id": "cc569655-0552-4a5a-83eb-ed18a452ac29",
      "Page": 1
    },
    {
      "BlockType": "WORD",
      "Confidence": 99.46561431884766,
      "Text": "BCy",
      "TextType": "PRINTED",
      "Geometry": {
        "BoundingBox": {
          "Width": 0.02390904724597931,
          "Height": 0.021244440227746964,
          "Left": 0.5178751945495605,
          "Top": 0.41960999369621277
        },
        "Polygon": [
          {
            "X": 0.5178802013397217,
            "Y": 0.41960999369621277
          },
          {
            "X": 0.5417842268943787,
            "Y": 0.41964125633239746
          },
          {
            "X": 0.541782021522522,
            "Y": 0.44085443019866943
          },
          {
            "X": 0.5178751945495605,
            "Y": 0.4408232271671295
          }
        ]
      },
      "Id": "248fbca9-7de8-4704-90d9-a7bb72cd037b",
      "Page": 1
    },
    {
      "BlockType": "WORD",
      "Confidence": 99.09459686279297,
      "Text": "HBP@GO/MnF",
      "TextType": "PRINTED",
      "Geometry": {
        "BoundingBox": {
          "Width": 0.09251085668802261,
          "Height": 0.02111763320863247,
          "Left": 0.6662086844444275,
          "Top": 0.4191104769706726
        },
        "Polygon": [
          {
            "X": 0.6662086844444275,
            "Y": 0.4191104769706726
          },
          {
            "X": 0.7586960196495056,
            "Y": 0.41923150420188904
          },
          {
            "X": 0.7587195634841919,
            "Y": 0.44022810459136963
          },
          {
            "X": 0.6662212014198303,
            "Y": 0.4401073753833771
          }
        ]
      },
      "Id": "10663028-e76e-40ee-b279-7e80be07dd67",
      "Page": 1
    },
    {
      "BlockType": "WORD",
      "Confidence": 99.37771606445312,
      "Text": "BCy",
      "TextType": "PRINTED",
      "Geometry": {
        "BoundingBox": {
          "Width": 0.02413705177605152,
          "Height": 0.021076669916510582,
          "Left": 0.2519775331020355,
          "Top": 0.4630110263824463
        },
        "Polygon": [
          {
            "X": 0.25201407074928284,
            "Y": 0.4630110263824463
          },
          {
            "X": 0.2761145830154419,
            "Y": 0.46304240822792053
          },
          {
            "X": 0.2760809063911438,
            "Y": 0.4840877056121826
          },
          {
            "X": 0.2519775331020355,
            "Y": 0.48405641317367554
          }
        ]
      },
      "Id": "95c523cc-d428-474f-83be-379db624b113",
      "Page": 1
    },
    {
      "BlockType": "WORD",
      "Confidence": 99.98542022705078,
      "Text": "100",
      "TextType": "PRINTED",
      "Geometry": {
        "BoundingBox": {
          "Width": 0.022372033447027206,
          "Height": 0.01745552383363247,
          "Left": 0.5185942053794861,
          "Top": 0.4627322256565094
        },
        "Polygon": [
          {
            "X": 0.5185983180999756,
            "Y": 0.4627322256565094
          },
          {
            "X": 0.540966272354126,
            "Y": 0.4627613425254822
          },
          {
            "X": 0.5409643650054932,
            "Y": 0.4801877439022064
          },
          {
            "X": 0.5185942053794861,
            "Y": 0.4801586866378784
          }
        ]
      },
      "Id": "b05da76a-8a24-4336-a207-58ec8f8a7e6f",
      "Page": 1
    },
    {
      "BlockType": "WORD",
      "Confidence": 97.6109390258789,
      "Text": "0",
      "TextType": "PRINTED",
      "Geometry": {
        "BoundingBox": {
          "Width": 0.007408547215163708,
          "Height": 0.016138484701514244,
          "Left": 0.6671361327171326,
          "Top": 0.46356382966041565
        },
        "Polygon": [
          {
            "X": 0.6671361327171326,
            "Y": 0.46356382966041565
          },
          {
            "X": 0.674534261226654,
            "Y": 0.4635734558105469
          },
          {
            "X": 0.6745446920394897,
            "Y": 0.47970232367515564
          },
          {
            "X": 0.667145848274231,
            "Y": 0.4796926975250244
          }
        ]
      },
      "Id": "59376aab-3202-4865-9a94-1c66ebd977b4",
      "Page": 1
    },
    {
      "BlockType": "WORD",
      "Confidence": 99.59014129638672,
      "Text": "f-BCy",
      "TextType": "PRINTED",
      "Geometry": {
        "BoundingBox": {
          "Width": 0.03313521668314934,
          "Height": 0.021261950954794884,
          "Left": 0.25184059143066406,
          "Top": 0.49157220125198364
        },
        "Polygon": [
          {
            "X": 0.25187742710113525,
            "Y": 0.49157220125198364
          },
          {
            "X": 0.2849757969379425,
            "Y": 0.4916151463985443
          },
          {
            "X": 0.2849429249763489,
            "Y": 0.5128341913223267
          },
          {
            "X": 0.25184059143066406,
            "Y": 0.5127913355827332
          }
        ]
      },
      "Id": "4c255497-45e8-4f23-805c-69e997392272",
      "Page": 1
    },
    {
      "BlockType": "WORD",
      "Confidence": 99.98939514160156,
      "Text": "100",
      "TextType": "PRINTED",
      "Geometry": {
        "BoundingBox": {
          "Width": 0.022447707131505013,
          "Height": 0.017536941915750504,
          "Left": 0.5185346007347107,
          "Top": 0.4915672540664673
        },
        "Polygon": [
          {
            "X": 0.5185387134552002,
            "Y": 0.4915672540664673
          },
          {
            "X": 0.5409823060035706,
            "Y": 0.49159637093544006
          },
          {
            "X": 0.5409804582595825,
            "Y": 0.5091041922569275
          },
          {
            "X": 0.5185346007347107,
            "Y": 0.5090751647949219
          }
        ]
      },
      "Id": "bf5f7eca-acd3-4f86-afb5-ca6a69f2592e",
      "Page": 1
    },
    {
      "BlockType": "WORD",
      "Confidence": 98.3439712524414,
      "Text": "0",
      "TextType": "PRINTED",
      "Geometry": {
        "BoundingBox": {
          "Width": 0.007372791413217783,
          "Height": 0.016285374760627747,
          "Left": 0.667130172252655,
          "Top": 0.4923247694969177
        },
        "Polygon": [
          {
            "X": 0.667130172252655,
            "Y": 0.4923247694969177
          },
          {
            "X": 0.6744924783706665,
            "Y": 0.4923343360424042
          },
          {
            "X": 0.674502968788147,
            "Y": 0.5086101293563843
          },
          {
            "X": 0.6671399474143982,
            "Y": 0.5086005926132202
          }
        ]
      },
      "Id": "a032151b-146e-4727-ac03-7ab453c570f9",
      "Page": 1
    },
    {
      "BlockType": "WORD",
      "Confidence": 91.90784454345703,
      "Text": "0.5HBP@GO/MnF/BCy",
      "TextType": "PRINTED",
      "Geometry": {
        "BoundingBox": {
          "Width": 0.14172875881195068,
          "Height": 0.021239671856164932,
          "Left": 0.2516017258167267,
          "Top": 0.5206064581871033
        },
        "Polygon": [
          {
            "X": 0.2516382932662964,
            "Y": 0.5206064581871033
          },
          {
            "X": 0.39333048462867737,
            "Y": 0.520789623260498
          },
          {
            "X": 0.39331069588661194,
            "Y": 0.5418461561203003
          },
          {
            "X": 0.2516017258167267,
            "Y": 0.541663408279419
          }
        ]
      },
      "Id": "34142698-ccef-44b0-90d5-0dc7e4ee9cc9",
      "Page": 1
    },
    {
      "BlockType": "WORD",
      "Confidence": 99.99105072021484,
      "Text": "100",
      "TextType": "PRINTED",
      "Geometry": {
        "BoundingBox": {
          "Width": 0.02236468531191349,
          "Height": 0.017491860315203667,
          "Left": 0.518604576587677,
          "Top": 0.5205084085464478
        },
        "Polygon": [
          {
            "X": 0.5186086297035217,
            "Y": 0.5205084085464478
          },
          {
            "X": 0.5409692525863647,
            "Y": 0.5205373764038086
          },
          {
            "X": 0.5409674048423767,
            "Y": 0.5380002856254578
          },
          {
            "X": 0.518604576587677,
            "Y": 0.5379714369773865
          }
        ]
      },
      "Id": "e5ed6e0c-12fb-4726-94eb-9f2872bf5efc",
      "Page": 1
    },
    {
      "BlockType": "WORD",
      "Confidence": 99.87865447998047,
      "Text": "0.5",
      "TextType": "PRINTED",
      "Geometry": {
        "BoundingBox": {
          "Width": 0.018784422427415848,
          "Height": 0.016678983345627785,
          "Left": 0.6671075820922852,
          "Top": 0.5209662914276123
        },
        "Polygon": [
          {
            "X": 0.6671075820922852,
            "Y": 0.5209662914276123
          },
          {
            "X": 0.685880184173584,
            "Y": 0.5209905505180359
          },
          {
            "X": 0.6858919858932495,
            "Y": 0.5376452803611755
          },
          {
            "X": 0.6671175956726074,
            "Y": 0.537621021270752
          }
        ]
      },
      "Id": "5309db5b-99cc-4e2b-977d-d7091d24d4c4",
      "Page": 1
    },
    {
      "BlockType": "WORD",
      "Confidence": 98.61964416503906,
      "Text": "1HBP@GO/MnF/BCy",
      "TextType": "PRINTED",
      "Geometry": {
        "BoundingBox": {
          "Width": 0.12958522140979767,
          "Height": 0.021263258531689644,
          "Left": 0.2521251142024994,
          "Top": 0.5492571592330933
        },
        "Polygon": [
          {
            "X": 0.2521616816520691,
            "Y": 0.5492571592330933
          },
          {
            "X": 0.38171032071113586,
            "Y": 0.5494240522384644
          },
          {
            "X": 0.3816891312599182,
            "Y": 0.5705204010009766
          },
          {
            "X": 0.2521251142024994,
            "Y": 0.5703538656234741
          }
        ]
      },
      "Id": "f43cd803-0eea-434f-96a4-5c2859faac86",
      "Page": 1
    },
    {
      "BlockType": "WORD",
      "Confidence": 99.9886474609375,
      "Text": "100",
      "TextType": "PRINTED",
      "Geometry": {
        "BoundingBox": {
          "Width": 0.02251487784087658,
          "Height": 0.017389820888638496,
          "Left": 0.5184929966926575,
          "Top": 0.549350380897522
        },
        "Polygon": [
          {
            "X": 0.5184970498085022,
            "Y": 0.549350380897522
          },
          {
            "X": 0.5410078763961792,
            "Y": 0.5493794083595276
          },
          {
            "X": 0.5410060286521912,
            "Y": 0.5667402148246765
          },
          {
            "X": 0.5184929966926575,
            "Y": 0.5667113065719604
          }
        ]
      },
      "Id": "498d5432-e4aa-4816-82e7-13b028a5c6d1",
      "Page": 1
    },
    {
      "BlockType": "WORD",
      "Confidence": 99.43000030517578,
      "Text": "1",
      "TextType": "PRINTED",
      "Geometry": {
        "BoundingBox": {
          "Width": 0.005619085859507322,
          "Height": 0.015877535566687584,
          "Left": 0.6678070425987244,
          "Top": 0.5500115156173706
        },
        "Polygon": [
          {
            "X": 0.6678070425987244,
            "Y": 0.5500115156173706
          },
          {
            "X": 0.673416018486023,
            "Y": 0.5500187873840332
          },
          {
            "X": 0.6734261512756348,
            "Y": 0.5658890604972839
          },
          {
            "X": 0.6678166389465332,
            "Y": 0.5658818483352661
          }
        ]
      },
      "Id": "4bc5e58e-d779-4e04-9438-22b944d1bc53",
      "Page": 1
    },
    {
      "BlockType": "WORD",
      "Confidence": 90.72303009033203,
      "Text": "2HBP@GO/MnF/BCy",
      "TextType": "PRINTED",
      "Geometry": {
        "BoundingBox": {
          "Width": 0.13003872334957123,
          "Height": 0.021453961730003357,
          "Left": 0.2516508102416992,
          "Top": 0.5778612494468689
        },
        "Polygon": [
          {
            "X": 0.25168776512145996,
            "Y": 0.5778612494468689
          },
          {
            "X": 0.38168951869010925,
            "Y": 0.57802814245224
          },
          {
            "X": 0.3816681504249573,
            "Y": 0.5993151664733887
          },
          {
            "X": 0.2516508102416992,
            "Y": 0.599148690700531
          }
        ]
      },
      "Id": "96eb3f45-b2ff-42f4-953b-3d4a00ddc848",
      "Page": 1
    },
    {
      "BlockType": "WORD",
      "Confidence": 99.98622131347656,
      "Text": "100",
      "TextType": "PRINTED",
      "Geometry": {
        "BoundingBox": {
          "Width": 0.022670043632388115,
          "Height": 0.017551109194755554,
          "Left": 0.5183983445167542,
          "Top": 0.5781555771827698
        },
        "Polygon": [
          {
            "X": 0.5184024572372437,
            "Y": 0.5781555771827698
          },
          {
            "X": 0.541068434715271,
            "Y": 0.5781846642494202
          },
          {
            "X": 0.5410665273666382,
            "Y": 0.5957067012786865
          },
          {
            "X": 0.5183983445167542,
            "Y": 0.5956776142120361
          }
        ]
      },
      "Id": "d22ad89e-e8d1-4d4a-b7fc-f3e1a5a36f29",
      "Page": 1
    },
    {
      "BlockType": "WORD",
      "Confidence": 99.91790008544922,
      "Text": "2",
      "TextType": "PRINTED",
      "Geometry": {
        "BoundingBox": {
          "Width": 0.007230968214571476,
          "Height": 0.015829462558031082,
          "Left": 0.6673539876937866,
          "Top": 0.5789324045181274
        },
        "Polygon": [
          {
            "X": 0.6673539876937866,
            "Y": 0.5789324045181274
          },
          {
            "X": 0.6745747923851013,
            "Y": 0.5789416432380676
          },
          {
            "X": 0.6745849847793579,
            "Y": 0.594761848449707
          },
          {
            "X": 0.6673635840415955,
            "Y": 0.5947526097297668
          }
        ]
      },
      "Id": "e9a9eacb-17a7-4a47-a5e5-15ad069b56d1",
      "Page": 1
    },
    {
      "BlockType": "WORD",
      "Confidence": 98.35272216796875,
      "Text": "4HBP@GO/MnF/BCy",
      "TextType": "PRINTED",
      "Geometry": {
        "BoundingBox": {
          "Width": 0.1302441656589508,
          "Height": 0.021877747029066086,
          "Left": 0.2514934241771698,
          "Top": 0.6054993867874146
        },
        "Polygon": [
          {
            "X": 0.25153112411499023,
            "Y": 0.6054993867874146
          },
          {
            "X": 0.3817375898361206,
            "Y": 0.6056659817695618
          },
          {
            "X": 0.3817157745361328,
            "Y": 0.6273771524429321
          },
          {
            "X": 0.2514934241771698,
            "Y": 0.6272109150886536
          }
        ]
      },
      "Id": "309dcd2b-28f2-498e-be79-76f3fb814644",
      "Page": 1
    },
    {
      "BlockType": "WORD",
      "Confidence": 99.97731018066406,
      "Text": "100",
      "TextType": "PRINTED",
      "Geometry": {
        "BoundingBox": {
          "Width": 0.02270974963903427,
          "Height": 0.017255248501896858,
          "Left": 0.5183628797531128,
          "Top": 0.6059225797653198
        },
        "Polygon": [
          {
            "X": 0.5183669328689575,
            "Y": 0.6059225797653198
          },
          {
            "X": 0.5410726070404053,
            "Y": 0.6059516072273254
          },
          {
            "X": 0.5410707592964172,
            "Y": 0.6231778264045715
          },
          {
            "X": 0.5183628797531128,
            "Y": 0.6231487989425659
          }
        ]
      },
      "Id": "802c74d2-4436-47ee-b589-c2fd893b84c9",
      "Page": 1
    },
    {
      "BlockType": "WORD",
      "Confidence": 99.92778015136719,
      "Text": "4",
      "TextType": "PRINTED",
      "Geometry": {
        "BoundingBox": {
          "Width": 0.007547726854681969,
          "Height": 0.016149843111634254,
          "Left": 0.6671663522720337,
          "Top": 0.6064770221710205
        },
        "Polygon": [
          {
            "X": 0.6671663522720337,
            "Y": 0.6064770221710205
          },
          {
            "X": 0.6747037172317505,
            "Y": 0.6064866185188293
          },
          {
            "X": 0.6747140884399414,
            "Y": 0.6226268410682678
          },
          {
            "X": 0.6671761274337769,
            "Y": 0.6226171851158142
          }
        ]
      },
      "Id": "9fca1828-eefe-4db4-a274-8c8463fc7b33",
      "Page": 1
    },
    {
      "BlockType": "TABLE",
      "Confidence": 99.462890625,
      "Geometry": {
        "BoundingBox": {
          "Width": 0.5345643162727356,
          "Height": 0.27717551589012146,
          "Left": 0.2361958622932434,
          "Top": 0.3617618680000305
        },
        "Polygon": [
          {
            "X": 0.2366998940706253,
            "Y": 0.3617618680000305
          },
          {
            "X": 0.7704324722290039,
            "Y": 0.362464964389801
          },
          {
            "X": 0.770760178565979,
            "Y": 0.6389374136924744
          },
          {
            "X": 0.2361958622932434,
            "Y": 0.6382560133934021
          }
        ]
      },
      "Id": "22abb789-1a44-45ac-a9c6-9fe9d3e9fcc0",
      "Relationships": [
        {
          "Type": "CHILD",
          "Ids": [
            "58d044a9-68ad-4035-877f-2d85fcb4ba0e",
            "70153641-e7d9-4a5f-a9a6-3410eb0ee821",
            "66b516cd-e8a8-415a-be57-e5ecbd07a22a",
            "b0426f0d-6131-4359-85d3-55e422599cb4",
            "db8e78b8-b089-49f1-a1df-4ff04672f2c8",
            "a930fe33-1661-43fe-9ca2-c990e106f0ef",
            "f8e62fe2-a74c-49e9-b1f8-2ebc2b9ca838",
            "46b5b807-51ce-4c6f-a68c-8bd7a451ad94",
            "49cb6d0d-8273-4716-881d-4d83e35a4afc",
            "f2217cf1-d234-4abc-9f0e-3d2947ed00c6",
            "9c6cc4ba-d765-4df4-892c-55c48fe21fcb",
            "cd04c521-1a67-47bd-9aa6-678c30635afd",
            "c3884313-0461-4a9d-b496-11059de7b886",
            "c448e5ec-f0c5-4786-a8f7-509b943ae516",
            "9ca8608a-11a8-401a-8ebe-38c0ccd44083",
            "e5034cbc-ff3b-4002-bdfc-0a15123e422f",
            "c43a9f8b-bfef-457a-85d9-f9ca700dadd5",
            "f22e7f4e-61cd-43a3-89f5-6fb6ef30433d",
            "57e9b5b6-1fbc-4811-832a-fc08bd460ff4",
            "8c3e9a18-c47a-49d6-8d20-eb550ca5ebc5",
            "da1db5e3-8053-467f-b8d6-9b863c458923",
            "67085e69-fa2e-498b-a207-2666bb0f32c0",
            "cfec3752-4c71-4136-8e28-06d6dbb478bc",
            "8355b2c5-4ece-44ea-9b43-5140f28eaad0"
          ]
        },
        {
          "Type": "MERGED_CELL",
          "Ids": [
            "c7a0c1ae-d31e-4045-81f0-a22fadaeae89",
            "dfba025c-e261-4281-839a-fec45ce2a465"
          ]
        }
      ],
      "EntityTypes": [
        "STRUCTURED_TABLE"
      ],
      "Page": 1
    },
    {
      "BlockType": "CELL",
      "Confidence": 52.734375,
      "RowIndex": 1,
      "ColumnIndex": 1,
      "RowSpan": 1,
      "ColumnSpan": 1,
      "Geometry": {
        "BoundingBox": {
          "Width": 0.23659050464630127,
          "Height": 0.04377496987581253,
          "Left": 0.23637506365776062,
          "Top": 0.36175957322120667
        },
        "Polygon": [
          {
            "X": 0.23645435273647308,
            "Y": 0.36175957322120667
          },
          {
            "X": 0.4729655683040619,
            "Y": 0.36207115650177
          },
          {
            "X": 0.4729442000389099,
            "Y": 0.405534565448761
          },
          {
            "X": 0.23637506365776062,
            "Y": 0.4052245020866394
          }
        ]
      },
      "Id": "58d044a9-68ad-4035-877f-2d85fcb4ba0e",
      "Relationships": [
        {
          "Type": "CHILD",
          "Ids": [
            "f183eab0-13d4-4337-8841-3abbce382961"
          ]
        }
      ],
      "EntityTypes": [
        "COLUMN_HEADER"
      ],
      "Page": 1
    },
    {
      "BlockType": "CELL",
      "Confidence": 69.921875,
      "RowIndex": 1,
      "ColumnIndex": 2,
      "RowSpan": 1,
      "ColumnSpan": 1,
      "Geometry": {
        "BoundingBox": {
          "Width": 0.14956383407115936,
          "Height": 0.043659429997205734,
          "Left": 0.4729442000389099,
          "Top": 0.36207115650177
        },
        "Polygon": [
          {
            "X": 0.4729655683040619,
            "Y": 0.36207115650177
          },
          {
            "X": 0.622492790222168,
            "Y": 0.3622681200504303
          },
          {
            "X": 0.6225080490112305,
            "Y": 0.40573057532310486
          },
          {
            "X": 0.4729442000389099,
            "Y": 0.405534565448761
          }
        ]
      },
      "Id": "70153641-e7d9-4a5f-a9a6-3410eb0ee821",
      "Relationships": [
        {
          "Type": "CHILD",
          "Ids": [
            "349b2d58-d613-4cec-ab18-44f7b0d7ea47",
            "cc569655-0552-4a5a-83eb-ed18a452ac29"
          ]
        }
      ],
      "EntityTypes": [
        "COLUMN_HEADER"
      ],
      "Page": 1
    },
    {
      "BlockType": "CELL",
      "Confidence": 69.921875,
      "RowIndex": 1,
      "ColumnIndex": 3,
      "RowSpan": 1,
      "ColumnSpan": 1,
      "Geometry": {
        "BoundingBox": {
          "Width": 0.14804616570472717,
          "Height": 0.04365646839141846,
          "Left": 0.622492790222168,
          "Top": 0.3622681200504303
        },
        "Polygon": [
          {
            "X": 0.622492790222168,
            "Y": 0.3622681200504303
          },
          {
            "X": 0.770487368106842,
            "Y": 0.3624630868434906
          },
          {
            "X": 0.7705389261245728,
            "Y": 0.40592458844184875
          },
          {
            "X": 0.6225080490112305,
            "Y": 0.40573057532310486
          }
        ]
      },
      "Id": "66b516cd-e8a8-415a-be57-e5ecbd07a22a",
      "EntityTypes": [
        "COLUMN_HEADER"
      ],
      "Page": 1
    },
    {
      "BlockType": "CELL",
      "Confidence": 52.734375,
      "RowIndex": 2,
      "ColumnIndex": 1,
      "RowSpan": 1,
      "ColumnSpan": 1,
      "Geometry": {
        "BoundingBox": {
          "Width": 0.23664848506450653,
          "Height": 0.04379476234316826,
          "Left": 0.23629572987556458,
          "Top": 0.4052245020866394
        },
        "Polygon": [
          {
            "X": 0.23637506365776062,
            "Y": 0.4052245020866394
          },
          {
            "X": 0.4729442000389099,
            "Y": 0.405534565448761
          },
          {
            "X": 0.47292283177375793,
            "Y": 0.44901928305625916
          },
          {
            "X": 0.23629572987556458,
            "Y": 0.44871073961257935
          }
        ]
      },
      "Id": "b0426f0d-6131-4359-85d3-55e422599cb4",
      "EntityTypes": [
        "COLUMN_HEADER"
      ],
      "Page": 1
    },
    {
      "BlockType": "CELL",
      "Confidence": 83.154296875,
      "RowIndex": 2,
      "ColumnIndex": 2,
      "RowSpan": 1,
      "ColumnSpan": 1,
      "Geometry": {
        "BoundingBox": {
          "Width": 0.14960049092769623,
          "Height": 0.043679773807525635,
          "Left": 0.47292283177375793,
          "Top": 0.405534565448761
        },
        "Polygon": [
          {
            "X": 0.4729442000389099,
            "Y": 0.405534565448761
          },
          {
            "X": 0.6225080490112305,
            "Y": 0.40573057532310486
          },
          {
            "X": 0.622523307800293,
            "Y": 0.4492143392562866
          },
          {
            "X": 0.47292283177375793,
            "Y": 0.44901928305625916
          }
        ]
      },
      "Id": "db8e78b8-b089-49f1-a1df-4ff04672f2c8",
      "Relationships": [
        {
          "Type": "CHILD",
          "Ids": [
            "248fbca9-7de8-4704-90d9-a7bb72cd037b"
          ]
        }
      ],
      "EntityTypes": [
        "COLUMN_HEADER"
      ],
      "Page": 1
    },
    {
      "BlockType": "CELL",
      "Confidence": 85.25390625,
      "RowIndex": 2,
      "ColumnIndex": 3,
      "RowSpan": 1,
      "ColumnSpan": 1,
      "Geometry": {
        "BoundingBox": {
          "Width": 0.1480274647474289,
          "Height": 0.043676748871803284,
          "Left": 0.6225080490112305,
          "Top": 0.40573057532310486
        },
        "Polygon": [
          {
            "X": 0.6225080490112305,
            "Y": 0.40573057532310486
          },
          {
            "X": 0.7704839706420898,
            "Y": 0.405924528837204
          },
          {
            "X": 0.7705355286598206,
            "Y": 0.44940733909606934
          },
          {
            "X": 0.622523307800293,
            "Y": 0.4492143392562866
          }
        ]
      },
      "Id": "a930fe33-1661-43fe-9ca2-c990e106f0ef",
      "Relationships": [
        {
          "Type": "CHILD",
          "Ids": [
            "10663028-e76e-40ee-b279-7e80be07dd67"
          ]
        }
      ],
      "EntityTypes": [
        "COLUMN_HEADER"
      ],
      "Page": 1
    },
    {
      "BlockType": "CELL",
      "Confidence": 92.578125,
      "RowIndex": 3,
      "ColumnIndex": 1,
      "RowSpan": 1,
      "ColumnSpan": 1,
      "Geometry": {
        "BoundingBox": {
          "Width": 0.2364475429058075,
          "Height": 0.0365617610514164,
          "Left": 0.23647530376911163,
          "Top": 0.4487110376358032
        },
        "Polygon": [
          {
            "X": 0.23654139041900635,
            "Y": 0.4487110376358032
          },
          {
            "X": 0.47292283177375793,
            "Y": 0.44901928305625916
          },
          {
            "X": 0.4729050397872925,
            "Y": 0.4852728247642517
          },
          {
            "X": 0.23647530376911163,
            "Y": 0.48496586084365845
          }
        ]
      },
      "Id": "f8e62fe2-a74c-49e9-b1f8-2ebc2b9ca838",
      "Relationships": [
        {
          "Type": "CHILD",
          "Ids": [
            "95c523cc-d428-474f-83be-379db624b113"
          ]
        }
      ],
      "Page": 1
    },
    {
      "BlockType": "CELL",
      "Confidence": 87.59765625,
      "RowIndex": 3,
      "ColumnIndex": 2,
      "RowSpan": 1,
      "ColumnSpan": 1,
      "Geometry": {
        "BoundingBox": {
          "Width": 0.14963103830814362,
          "Height": 0.036447808146476746,
          "Left": 0.4729050397872925,
          "Top": 0.44901928305625916
        },
        "Polygon": [
          {
            "X": 0.47292283177375793,
            "Y": 0.44901928305625916
          },
          {
            "X": 0.622523307800293,
            "Y": 0.4492143392562866
          },
          {
            "X": 0.6225360631942749,
            "Y": 0.4854670763015747
          },
          {
            "X": 0.4729050397872925,
            "Y": 0.4852728247642517
          }
        ]
      },
      "Id": "46b5b807-51ce-4c6f-a68c-8bd7a451ad94",
      "Relationships": [
        {
          "Type": "CHILD",
          "Ids": [
            "b05da76a-8a24-4336-a207-58ec8f8a7e6f"
          ]
        }
      ],
      "Page": 1
    },
    {
      "BlockType": "CELL",
      "Confidence": 89.794921875,
      "RowIndex": 3,
      "ColumnIndex": 3,
      "RowSpan": 1,
      "ColumnSpan": 1,
      "Geometry": {
        "BoundingBox": {
          "Width": 0.14805515110492706,
          "Height": 0.036444950848817825,
          "Left": 0.622523307800293,
          "Top": 0.4492143392562866
        },
        "Polygon": [
          {
            "X": 0.622523307800293,
            "Y": 0.4492143392562866
          },
          {
            "X": 0.7705355286598206,
            "Y": 0.44940733909606934
          },
          {
            "X": 0.7705785036087036,
            "Y": 0.48565927147865295
          },
          {
            "X": 0.6225360631942749,
            "Y": 0.4854670763015747
          }
        ]
      },
      "Id": "49cb6d0d-8273-4716-881d-4d83e35a4afc",
      "Relationships": [
        {
          "Type": "CHILD",
          "Ids": [
            "59376aab-3202-4865-9a94-1c66ebd977b4"
          ]
        }
      ],
      "Page": 1
    },
    {
      "BlockType": "CELL",
      "Confidence": 88.818359375,
      "RowIndex": 4,
      "ColumnIndex": 1,
      "RowSpan": 1,
      "ColumnSpan": 1,
      "Geometry": {
        "BoundingBox": {
          "Width": 0.2364826202392578,
          "Height": 0.029320456087589264,
          "Left": 0.23642241954803467,
          "Top": 0.48496586084365845
        },
        "Polygon": [
          {
            "X": 0.23647530376911163,
            "Y": 0.48496586084365845
          },
          {
            "X": 0.4729050397872925,
            "Y": 0.4852728247642517
          },
          {
            "X": 0.47289079427719116,
            "Y": 0.5142862796783447
          },
          {
            "X": 0.23642241954803467,
            "Y": 0.5139803290367126
          }
        ]
      },
      "Id": "f2217cf1-d234-4abc-9f0e-3d2947ed00c6",
      "Relationships": [
        {
          "Type": "CHILD",
          "Ids": [
            "4c255497-45e8-4f23-805c-69e997392272"
          ]
        }
      ],
      "Page": 1
    },
    {
      "BlockType": "CELL",
      "Confidence": 84.033203125,
      "RowIndex": 4,
      "ColumnIndex": 2,
      "RowSpan": 1,
      "ColumnSpan": 1,
      "Geometry": {
        "BoundingBox": {
          "Width": 0.14965549111366272,
          "Height": 0.029207127168774605,
          "Left": 0.47289079427719116,
          "Top": 0.4852728247642517
        },
        "Polygon": [
          {
            "X": 0.4729050397872925,
            "Y": 0.4852728247642517
          },
          {
            "X": 0.6225360631942749,
            "Y": 0.4854670763015747
          },
          {
            "X": 0.6225462555885315,
            "Y": 0.51447993516922
          },
          {
            "X": 0.47289079427719116,
            "Y": 0.5142862796783447
          }
        ]
      },
      "Id": "9c6cc4ba-d765-4df4-892c-55c48fe21fcb",
      "Relationships": [
        {
          "Type": "CHILD",
          "Ids": [
            "bf5f7eca-acd3-4f86-afb5-ca6a69f2592e"
          ]
        }
      ],
      "Page": 1
    },
    {
      "BlockType": "CELL",
      "Confidence": 86.1328125,
      "RowIndex": 4,
      "ColumnIndex": 3,
      "RowSpan": 1,
      "ColumnSpan": 1,
      "Geometry": {
        "BoundingBox": {
          "Width": 0.14807680249214172,
          "Height": 0.029204431921243668,
          "Left": 0.6225360631942749,
          "Top": 0.4854670763015747
        },
        "Polygon": [
          {
            "X": 0.6225360631942749,
            "Y": 0.4854670763015747
          },
          {
            "X": 0.7705785036087036,
            "Y": 0.48565927147865295
          },
          {
            "X": 0.770612895488739,
            "Y": 0.5146715044975281
          },
          {
            "X": 0.6225462555885315,
            "Y": 0.51447993516922
          }
        ]
      },
      "Id": "cd04c521-1a67-47bd-9aa6-678c30635afd",
      "Relationships": [
        {
          "Type": "CHILD",
          "Ids": [
            "a032151b-146e-4727-ac03-7ab453c570f9"
          ]
        }
      ],
      "Page": 1
    },
    {
      "BlockType": "CELL",
      "Confidence": 90.576171875,
      "RowIndex": 5,
      "ColumnIndex": 1,
      "RowSpan": 1,
      "ColumnSpan": 1,
      "Geometry": {
        "BoundingBox": {
          "Width": 0.23652127385139465,
          "Height": 0.029328931123018265,
          "Left": 0.23636950552463531,
          "Top": 0.5139803290367126
        },
        "Polygon": [
          {
            "X": 0.23642241954803467,
            "Y": 0.5139803290367126
          },
          {
            "X": 0.47289079427719116,
            "Y": 0.5142862796783447
          },
          {
            "X": 0.47287651896476746,
            "Y": 0.5433092713356018
          },
          {
            "X": 0.23636950552463531,
            "Y": 0.5430043339729309
          }
        ]
      },
      "Id": "c3884313-0461-4a9d-b496-11059de7b886",
      "Relationships": [
        {
          "Type": "CHILD",
          "Ids": [
            "34142698-ccef-44b0-90d5-0dc7e4ee9cc9"
          ]
        }
      ],
      "Page": 1
    },
    {
      "BlockType": "CELL",
      "Confidence": 85.693359375,
      "RowIndex": 5,
      "ColumnIndex": 2,
      "RowSpan": 1,
      "ColumnSpan": 1,
      "Geometry": {
        "BoundingBox": {
          "Width": 0.14967995882034302,
          "Height": 0.029215972870588303,
          "Left": 0.47287651896476746,
          "Top": 0.5142862796783447
        },
        "Polygon": [
          {
            "X": 0.47289079427719116,
            "Y": 0.5142862796783447
          },
          {
            "X": 0.6225462555885315,
            "Y": 0.51447993516922
          },
          {
            "X": 0.6225565075874329,
            "Y": 0.5435022711753845
          },
          {
            "X": 0.47287651896476746,
            "Y": 0.5433092713356018
          }
        ]
      },
      "Id": "c448e5ec-f0c5-4786-a8f7-509b943ae516",
      "Relationships": [
        {
          "Type": "CHILD",
          "Ids": [
            "e5ed6e0c-12fb-4726-94eb-9f2872bf5efc"
          ]
        }
      ],
      "Page": 1
    },
    {
      "BlockType": "CELL",
      "Confidence": 87.841796875,
      "RowIndex": 5,
      "ColumnIndex": 3,
      "RowSpan": 1,
      "ColumnSpan": 1,
      "Geometry": {
        "BoundingBox": {
          "Width": 0.14810100197792053,
          "Height": 0.029213285073637962,
          "Left": 0.6225462555885315,
          "Top": 0.51447993516922
        },
        "Polygon": [
          {
            "X": 0.6225462555885315,
            "Y": 0.51447993516922
          },
          {
            "X": 0.770612895488739,
            "Y": 0.5146715044975281
          },
          {
            "X": 0.7706472873687744,
            "Y": 0.5436932444572449
          },
          {
            "X": 0.6225565075874329,
            "Y": 0.5435022711753845
          }
        ]
      },
      "Id": "9ca8608a-11a8-401a-8ebe-38c0ccd44083",
      "Relationships": [
        {
          "Type": "CHILD",
          "Ids": [
            "5309db5b-99cc-4e2b-977d-d7091d24d4c4"
          ]
        }
      ],
      "Page": 1
    },
    {
      "BlockType": "CELL",
      "Confidence": 90.771484375,
      "RowIndex": 6,
      "ColumnIndex": 1,
      "RowSpan": 1,
      "ColumnSpan": 1,
      "Geometry": {
        "BoundingBox": {
          "Width": 0.2365599423646927,
          "Height": 0.029337411746382713,
          "Left": 0.23631657660007477,
          "Top": 0.5430043339729309
        },
        "Polygon": [
          {
            "X": 0.23636950552463531,
            "Y": 0.5430043339729309
          },
          {
            "X": 0.47287651896476746,
            "Y": 0.5433092713356018
          },
          {
            "X": 0.47286227345466614,
            "Y": 0.5723417401313782
          },
          {
            "X": 0.23631657660007477,
            "Y": 0.5720378160476685
          }
        ]
      },
      "Id": "e5034cbc-ff3b-4002-bdfc-0a15123e422f",
      "Relationships": [
        {
          "Type": "CHILD",
          "Ids": [
            "f43cd803-0eea-434f-96a4-5c2859faac86"
          ]
        }
      ],
      "Page": 1
    },
    {
      "BlockType": "CELL",
      "Confidence": 85.888671875,
      "RowIndex": 6,
      "ColumnIndex": 2,
      "RowSpan": 1,
      "ColumnSpan": 1,
      "Geometry": {
        "BoundingBox": {
          "Width": 0.14970442652702332,
          "Height": 0.0292248222976923,
          "Left": 0.47286227345466614,
          "Top": 0.5433092713356018
        },
        "Polygon": [
          {
            "X": 0.47287651896476746,
            "Y": 0.5433092713356018
          },
          {
            "X": 0.6225565075874329,
            "Y": 0.5435022711753845
          },
          {
            "X": 0.6225666999816895,
            "Y": 0.5725340843200684
          },
          {
            "X": 0.47286227345466614,
            "Y": 0.5723417401313782
          }
        ]
      },
      "Id": "c43a9f8b-bfef-457a-85d9-f9ca700dadd5",
      "Relationships": [
        {
          "Type": "CHILD",
          "Ids": [
            "498d5432-e4aa-4816-82e7-13b028a5c6d1"
          ]
        }
      ],
      "Page": 1
    },
    {
      "BlockType": "CELL",
      "Confidence": 88.037109375,
      "RowIndex": 6,
      "ColumnIndex": 3,
      "RowSpan": 1,
      "ColumnSpan": 1,
      "Geometry": {
        "BoundingBox": {
          "Width": 0.14812521636486053,
          "Height": 0.029222140088677406,
          "Left": 0.6225565075874329,
          "Top": 0.5435022711753845
        },
        "Polygon": [
          {
            "X": 0.6225565075874329,
            "Y": 0.5435022711753845
          },
          {
            "X": 0.7706472873687744,
            "Y": 0.5436932444572449
          },
          {
            "X": 0.7706816792488098,
            "Y": 0.5727244019508362
          },
          {
            "X": 0.6225666999816895,
            "Y": 0.5725340843200684
          }
        ]
      },
      "Id": "f22e7f4e-61cd-43a3-89f5-6fb6ef30433d",
      "Relationships": [
        {
          "Type": "CHILD",
          "Ids": [
            "4bc5e58e-d779-4e04-9438-22b944d1bc53"
          ]
        }
      ],
      "Page": 1
    },
    {
      "BlockType": "CELL",
      "Confidence": 88.037109375,
      "RowIndex": 7,
      "ColumnIndex": 1,
      "RowSpan": 1,
      "ColumnSpan": 1,
      "Geometry": {
        "BoundingBox": {
          "Width": 0.23659862577915192,
          "Height": 0.02934589609503746,
          "Left": 0.23626363277435303,
          "Top": 0.5720378160476685
        },
        "Polygon": [
          {
            "X": 0.23631657660007477,
            "Y": 0.5720378160476685
          },
          {
            "X": 0.47286227345466614,
            "Y": 0.5723417401313782
          },
          {
            "X": 0.47284799814224243,
            "Y": 0.6013837456703186
          },
          {
            "X": 0.23626363277435303,
            "Y": 0.6010807752609253
          }
        ]
      },
      "Id": "57e9b5b6-1fbc-4811-832a-fc08bd460ff4",
      "Relationships": [
        {
          "Type": "CHILD",
          "Ids": [
            "96eb3f45-b2ff-42f4-953b-3d4a00ddc848"
          ]
        }
      ],
      "Page": 1
    },
    {
      "BlockType": "CELL",
      "Confidence": 83.30078125,
      "RowIndex": 7,
      "ColumnIndex": 2,
      "RowSpan": 1,
      "ColumnSpan": 1,
      "Geometry": {
        "BoundingBox": {
          "Width": 0.1497288942337036,
          "Height": 0.029233675450086594,
          "Left": 0.47284799814224243,
          "Top": 0.5723417401313782
        },
        "Polygon": [
          {
            "X": 0.47286227345466614,
            "Y": 0.5723417401313782
          },
          {
            "X": 0.6225666999816895,
            "Y": 0.5725340843200684
          },
          {
            "X": 0.622576892375946,
            "Y": 0.6015754342079163
          },
          {
            "X": 0.47284799814224243,
            "Y": 0.6013837456703186
          }
        ]
      },
      "Id": "8c3e9a18-c47a-49d6-8d20-eb550ca5ebc5",
      "Relationships": [
        {
          "Type": "CHILD",
          "Ids": [
            "d22ad89e-e8d1-4d4a-b7fc-f3e1a5a36f29"
          ]
        }
      ],
      "Page": 1
    },
    {
      "BlockType": "CELL",
      "Confidence": 85.3515625,
      "RowIndex": 7,
      "ColumnIndex": 3,
      "RowSpan": 1,
      "ColumnSpan": 1,
      "Geometry": {
        "BoundingBox": {
          "Width": 0.14814943075180054,
          "Height": 0.029231000691652298,
          "Left": 0.6225666999816895,
          "Top": 0.5725340843200684
        },
        "Polygon": [
          {
            "X": 0.6225666999816895,
            "Y": 0.5725340843200684
          },
          {
            "X": 0.7706816792488098,
            "Y": 0.5727244019508362
          },
          {
            "X": 0.77071613073349,
            "Y": 0.6017650961875916
          },
          {
            "X": 0.622576892375946,
            "Y": 0.6015754342079163
          }
        ]
      },
      "Id": "da1db5e3-8053-467f-b8d6-9b863c458923",
      "Relationships": [
        {
          "Type": "CHILD",
          "Ids": [
            "e9a9eacb-17a7-4a47-a5e5-15ad069b56d1"
          ]
        }
      ],
      "Page": 1
    },
    {
      "BlockType": "CELL",
      "Confidence": 94.482421875,
      "RowIndex": 8,
      "ColumnIndex": 1,
      "RowSpan": 1,
      "ColumnSpan": 1,
      "Geometry": {
        "BoundingBox": {
          "Width": 0.23665213584899902,
          "Height": 0.03747682645916939,
          "Left": 0.2361958622932434,
          "Top": 0.6010807752609253
        },
        "Polygon": [
          {
            "X": 0.23626363277435303,
            "Y": 0.6010807752609253
          },
          {
            "X": 0.47284799814224243,
            "Y": 0.6013837456703186
          },
          {
            "X": 0.4728297293186188,
            "Y": 0.6385576128959656
          },
          {
            "X": 0.2361958622932434,
            "Y": 0.6382560133934021
          }
        ]
      },
      "Id": "67085e69-fa2e-498b-a207-2666bb0f32c0",
      "Relationships": [
        {
          "Type": "CHILD",
          "Ids": [
            "309dcd2b-28f2-498e-be79-76f3fb814644"
          ]
        }
      ],
      "Page": 1
    },
    {
      "BlockType": "CELL",
      "Confidence": 89.404296875,
      "RowIndex": 8,
      "ColumnIndex": 2,
      "RowSpan": 1,
      "ColumnSpan": 1,
      "Geometry": {
        "BoundingBox": {
          "Width": 0.14976023137569427,
          "Height": 0.03736479580402374,
          "Left": 0.4728297293186188,
          "Top": 0.6013837456703186
        },
        "Polygon": [
          {
            "X": 0.47284799814224243,
            "Y": 0.6013837456703186
          },
          {
            "X": 0.622576892375946,
            "Y": 0.6015754342079163
          },
          {
            "X": 0.6225899457931519,
            "Y": 0.6387485265731812
          },
          {
            "X": 0.4728297293186188,
            "Y": 0.6385576128959656
          }
        ]
      },
      "Id": "cfec3752-4c71-4136-8e28-06d6dbb478bc",
      "Relationships": [
        {
          "Type": "CHILD",
          "Ids": [
            "802c74d2-4436-47ee-b589-c2fd893b84c9"
          ]
        }
      ],
      "Page": 1
    },
    {
      "BlockType": "CELL",
      "Confidence": 91.650390625,
      "RowIndex": 8,
      "ColumnIndex": 3,
      "RowSpan": 1,
      "ColumnSpan": 1,
      "Geometry": {
        "BoundingBox": {
          "Width": 0.14818328619003296,
          "Height": 0.03736194968223572,
          "Left": 0.622576892375946,
          "Top": 0.6015754342079163
        },
        "Polygon": [
          {
            "X": 0.622576892375946,
            "Y": 0.6015754342079163
          },
          {
            "X": 0.77071613073349,
            "Y": 0.6017650961875916
          },
          {
            "X": 0.770760178565979,
            "Y": 0.6389374136924744
          },
          {
            "X": 0.6225899457931519,
            "Y": 0.6387485265731812
          }
        ]
      },
      "Id": "8355b2c5-4ece-44ea-9b43-5140f28eaad0",
      "Relationships": [
        {
          "Type": "CHILD",
          "Ids": [
            "9fca1828-eefe-4db4-a274-8c8463fc7b33"
          ]
        }
      ],
      "Page": 1
    },
    {
      "BlockType": "MERGED_CELL",
      "Confidence": 52.734375,
      "RowIndex": 1,
      "ColumnIndex": 1,
      "RowSpan": 2,
      "ColumnSpan": 1,
      "Geometry": {
        "BoundingBox": {
          "Width": 0.23642416298389435,
          "Height": 0.08725740015506744,
          "Left": 0.23654139041900635,
          "Top": 0.3617618680000305
        },
        "Polygon": [
          {
            "X": 0.2366998940706253,
            "Y": 0.3617618680000305
          },
          {
            "X": 0.4729655683040619,
            "Y": 0.3620730936527252
          },
          {
            "X": 0.47292283177375793,
            "Y": 0.44901928305625916
          },
          {
            "X": 0.23654139041900635,
            "Y": 0.4487110376358032
          }
        ]
      },
      "Id": "c7a0c1ae-d31e-4045-81f0-a22fadaeae89",
      "Relationships": [
        {
          "Type": "CHILD",
          "Ids": [
            "58d044a9-68ad-4035-877f-2d85fcb4ba0e",
            "b0426f0d-6131-4359-85d3-55e422599cb4"
          ]
        }
      ],
      "EntityTypes": [
        "COLUMN_HEADER"
      ],
      "Page": 1
    },
    {
      "BlockType": "MERGED_CELL",
      "Confidence": 69.921875,
      "RowIndex": 1,
      "ColumnIndex": 2,
      "RowSpan": 1,
      "ColumnSpan": 2,
      "Geometry": {
        "BoundingBox": {
          "Width": 0.29753977060317993,
          "Height": 0.04385141283273697,
          "Left": 0.4729442000389099,
          "Top": 0.3620730936527252
        },
        "Polygon": [
          {
            "X": 0.4729655683040619,
            "Y": 0.3620730936527252
          },
          {
            "X": 0.7704324722290039,
            "Y": 0.362464964389801
          },
          {
            "X": 0.7704839706420898,
            "Y": 0.405924528837204
          },
          {
            "X": 0.4729442000389099,
            "Y": 0.405534565448761
          }
        ]
      },
      "Id": "dfba025c-e261-4281-839a-fec45ce2a465",
      "Relationships": [
        {
          "Type": "CHILD",
          "Ids": [
            "70153641-e7d9-4a5f-a9a6-3410eb0ee821",
            "66b516cd-e8a8-415a-be57-e5ecbd07a22a"
          ]
        }
      ],
      "EntityTypes": [
        "COLUMN_HEADER"
      ],
      "Page": 1
    }
  ],
  "AnalyzeDocumentModelVersion": "1.0"
}