{
  "DocumentMetadata": {
    "Pages": 1
  },
  "JobStatus": "SUCCEEDED",
  "Blocks": [
    {
      "BlockType": "PAGE",
      "Geometry": {
        "BoundingBox": {
          "Width": 1,
          "Height": 1,
          "Left": 0,
          "Top": 0
        },
        "Polygon": [
          {
            "X": 0,
            "Y": 0.000010293499144609086
          },
          {
            "X": 1,
            "Y": 0
          },
          {
            "X": 1,
            "Y": 1
          },
          {
            "X": 0.00003576570816221647,
            "Y": 1
          }
        ]
      },
      "Id": "98257f67-bbeb-4255-ad43-299bfda210be",
      "Relationships": [
        {
          "Type": "CHILD",
          "Ids": [
            "aaacb9a3-444e-4280-8503-4cef2b50ab0e",
            "89008cbf-4a83-49a0-b9b5-c8e49a37e6b7",
            "ce88e646-a446-4f5e-9628-0108accbfbd5",
            "28ef0f81-a357-41ce-aa03-e564aa22fc11",
            "0ee4e5f5-970b-4adf-b88d-b04c427ea622",
            "d08a96f5-286d-4558-bbf2-206c4d881a47",
            "e7baafe0-47cc-465a-97d4-d91c351d8986",
            "ed939e2c-e67f-460d-9e78-83c759f4c64a",
            "30e0a58a-0e70-470f-9933-be6c25e37fa9",
            "884e4f0a-0251-43fa-9c9c-a93bc28b6492",
            "71c574f8-9d8b-452b-87ce-e0e0edb5c8af",
            "13e497e3-8220-4bee-bf68-8f46c273e9f4",
            "7dc09aee-1d25-4013-8876-a09c05020f3f",
            "ad76e2e4-8071-4066-a55a-a842e522377a",
            "5d2ded5c-8499-4b55-8444-f58e76638adc",
            "b7b70003-be45-4b78-8f90-b39182e35026"
          ]
        }
      ],
      "Page": 1
    },
    {
      "BlockType": "LINE",
      "Confidence": 99.92628479003906,
      "Text": "Samples",
      "Geometry": {
        "BoundingBox": {
          "Width": 0.05079228803515434,
          "Height": 0.023911215364933014,
          "Left": 0.2463419884443283,
          "Top": 0.40866607427597046
        },
        "Polygon": [
          {
            "X": 0.2463419884443283,
            "Y": 0.40866607427597046
          },
          {
            "X": 0.29644477367401123,
            "Y": 0.4087117612361908
          },
          {
            "X": 0.29713428020477295,
            "Y": 0.4325772821903229
          },
          {
            "X": 0.24702465534210205,
            "Y": 0.4325278103351593
          }
        ]
      },
      "Id": "aaacb9a3-444e-4280-8503-4cef2b50ab0e",
      "Relationships": [
        {
          "Type": "CHILD",
          "Ids": [
            "a7e29a62-fc3c-4d6b-aff3-16d4427cc7a7"
          ]
        }
      ],
      "Page": 1
    },
    {
      "BlockType": "LINE",
      "Confidence": 82.88085174560547,
      "Text": "Initial viscosity (mPass)",
      "Geometry": {
        "BoundingBox": {
          "Width": 0.14267995953559875,
          "Height": 0.023618070408701897,
          "Left": 0.40174809098243713,
          "Top": 0.40868404507637024
        },
        "Polygon": [
          {
            "X": 0.40174809098243713,
            "Y": 0.40868404507637024
          },
          {
            "X": 0.5437166690826416,
            "Y": 0.4088134765625
          },
          {
            "X": 0.5444280505180359,
            "Y": 0.4323021173477173
          },
          {
            "X": 0.4024403393268585,
            "Y": 0.4321621358394623
          }
        ]
      },
      "Id": "89008cbf-4a83-49a0-b9b5-c8e49a37e6b7",
      "Relationships": [
        {
          "Type": "CHILD",
          "Ids": [
            "9be5fa47-43d1-49df-88d2-7eefd522ca70",
            "cc710c08-5b23-4032-8205-c9a22f0294c4",
            "b7c3fb9a-830a-45da-8d66-1541b3e0e59e"
          ]
        }
      ],
      "Page": 1
    },
    {
      "BlockType": "LINE",
      "Confidence": 99.9512710571289,
      "Text": "Operable time (min)",
      "Geometry": {
        "BoundingBox": {
          "Width": 0.12536150217056274,
          "Height": 0.023894669488072395,
          "Left": 0.6346358060836792,
          "Top": 0.40842530131340027
        },
        "Polygon": [
          {
            "X": 0.6346358060836792,
            "Y": 0.40842530131340027
          },
          {
            "X": 0.7592481970787048,
            "Y": 0.40853872895240784
          },
          {
            "X": 0.7599973678588867,
            "Y": 0.4323199689388275
          },
          {
            "X": 0.6353679299354553,
            "Y": 0.4321971833705902
          }
        ]
      },
      "Id": "ce88e646-a446-4f5e-9628-0108accbfbd5",
      "Relationships": [
        {
          "Type": "CHILD",
          "Ids": [
            "cd9d2c8a-76ca-49e0-b260-2bd3bca3ecc0",
            "c20fa700-09d7-48f8-828c-54162afbf8cb",
            "288015f9-54a5-47ba-91ef-de418da7938b"
          ]
        }
      ],
      "Page": 1
    },
    {
      "BlockType": "LINE",
      "Confidence": 99.22968292236328,
      "Text": "RLEP-16",
      "Geometry": {
        "BoundingBox": {
          "Width": 0.05246477946639061,
          "Height": 0.019117791205644608,
          "Left": 0.2462908923625946,
          "Top": 0.46917724609375
        },
        "Polygon": [
          {
            "X": 0.2462908923625946,
            "Y": 0.46917724609375
          },
          {
            "X": 0.2982049882411957,
            "Y": 0.46923452615737915
          },
          {
            "X": 0.2987556755542755,
            "Y": 0.4882950484752655
          },
          {
            "X": 0.24683590233325958,
            "Y": 0.48823463916778564
          }
        ]
      },
      "Id": "28ef0f81-a357-41ce-aa03-e564aa22fc11",
      "Relationships": [
        {
          "Type": "CHILD",
          "Ids": [
            "7c81e412-a6c8-477b-811e-e9fd60441938"
          ]
        }
      ],
      "Page": 1
    },
    {
      "BlockType": "LINE",
      "Confidence": 99.92953491210938,
      "Text": "17",
      "Geometry": {
        "BoundingBox": {
          "Width": 0.015392604283988476,
          "Height": 0.017815975472331047,
          "Left": 0.4024430811405182,
          "Top": 0.4701618254184723
        },
        "Polygon": [
          {
            "X": 0.4024430811405182,
            "Y": 0.4701618254184723
          },
          {
            "X": 0.4173094928264618,
            "Y": 0.4701782763004303
          },
          {
            "X": 0.41783568263053894,
            "Y": 0.4879778027534485
          },
          {
            "X": 0.40296775102615356,
            "Y": 0.4879605174064636
          }
        ]
      },
      "Id": "0ee4e5f5-970b-4adf-b88d-b04c427ea622",
      "Relationships": [
        {
          "Type": "CHILD",
          "Ids": [
            "99b7a525-0380-411b-87ff-37548b4bb815"
          ]
        }
      ],
      "Page": 1
    },
    {
      "BlockType": "LINE",
      "Confidence": 99.96674346923828,
      "Text": "159",
      "Geometry": {
        "BoundingBox": {
          "Width": 0.022498097270727158,
          "Height": 0.01832524687051773,
          "Left": 0.6354262828826904,
          "Top": 0.4697115421295166
        },
        "Polygon": [
          {
            "X": 0.6354262828826904,
            "Y": 0.4697115421295166
          },
          {
            "X": 0.6573585867881775,
            "Y": 0.4697357714176178
          },
          {
            "X": 0.6579243540763855,
            "Y": 0.4880368113517761
          },
          {
            "X": 0.635989785194397,
            "Y": 0.48801133036613464
          }
        ]
      },
      "Id": "d08a96f5-286d-4558-bbf2-206c4d881a47",
      "Relationships": [
        {
          "Type": "CHILD",
          "Ids": [
            "0d6d3041-4df7-4f2b-a8bc-41cb94b42d5c"
          ]
        }
      ],
      "Page": 1
    },
    {
      "BlockType": "LINE",
      "Confidence": 98.99939727783203,
      "Text": "DMLEP-16",
      "Geometry": {
        "BoundingBox": {
          "Width": 0.06509058177471161,
          "Height": 0.01844806596636772,
          "Left": 0.24625436961650848,
          "Top": 0.5011455416679382
        },
        "Polygon": [
          {
            "X": 0.24625436961650848,
            "Y": 0.5011455416679382
          },
          {
            "X": 0.31081297993659973,
            "Y": 0.5012232661247253
          },
          {
            "X": 0.3113449513912201,
            "Y": 0.5195935964584351
          },
          {
            "X": 0.24677953124046326,
            "Y": 0.5195120573043823
          }
        ]
      },
      "Id": "e7baafe0-47cc-465a-97d4-d91c351d8986",
      "Relationships": [
        {
          "Type": "CHILD",
          "Ids": [
            "0b491572-2061-428e-b2ad-a4acce1489b1"
          ]
        }
      ],
      "Page": 1
    },
    {
      "BlockType": "LINE",
      "Confidence": 99.92793273925781,
      "Text": "25",
      "Geometry": {
        "BoundingBox": {
          "Width": 0.015705976635217667,
          "Height": 0.017426984384655952,
          "Left": 0.40184929966926575,
          "Top": 0.5021472573280334
        },
        "Polygon": [
          {
            "X": 0.40184929966926575,
            "Y": 0.5021472573280334
          },
          {
            "X": 0.41704076528549194,
            "Y": 0.5021655559539795
          },
          {
            "X": 0.4175553023815155,
            "Y": 0.5195742249488831
          },
          {
            "X": 0.40236231684684753,
            "Y": 0.5195550322532654
          }
        ]
      },
      "Id": "ed939e2c-e67f-460d-9e78-83c759f4c64a",
      "Relationships": [
        {
          "Type": "CHILD",
          "Ids": [
            "5bbd15a3-09b8-4f60-97e1-0f0d20dcba38"
          ]
        }
      ],
      "Page": 1
    },
    {
      "BlockType": "LINE",
      "Confidence": 99.96265411376953,
      "Text": "93",
      "Geometry": {
        "BoundingBox": {
          "Width": 0.015550357289612293,
          "Height": 0.01771426387131214,
          "Left": 0.6345376968383789,
          "Top": 0.5021069049835205
        },
        "Polygon": [
          {
            "X": 0.6345376968383789,
            "Y": 0.5021069049835205
          },
          {
            "X": 0.6495418548583984,
            "Y": 0.5021250247955322
          },
          {
            "X": 0.6500880122184753,
            "Y": 0.5198211669921875
          },
          {
            "X": 0.6350823640823364,
            "Y": 0.5198022723197937
          }
        ]
      },
      "Id": "30e0a58a-0e70-470f-9933-be6c25e37fa9",
      "Relationships": [
        {
          "Type": "CHILD",
          "Ids": [
            "b0852314-5945-44ee-a1ea-9944179f5352"
          ]
        }
      ],
      "Page": 1
    },
    {
      "BlockType": "LINE",
      "Confidence": 99.6789779663086,
      "Text": "PHLEP-16",
      "Geometry": {
        "BoundingBox": {
          "Width": 0.06189052015542984,
          "Height": 0.018375800922513008,
          "Left": 0.2462468445301056,
          "Top": 0.5327348709106445
        },
        "Polygon": [
          {
            "X": 0.2462468445301056,
            "Y": 0.5327348709106445
          },
          {
            "X": 0.3076080083847046,
            "Y": 0.5328148603439331
          },
          {
            "X": 0.30813735723495483,
            "Y": 0.5511106252670288
          },
          {
            "X": 0.24676978588104248,
            "Y": 0.5510270595550537
          }
        ]
      },
      "Id": "884e4f0a-0251-43fa-9c9c-a93bc28b6492",
      "Relationships": [
        {
          "Type": "CHILD",
          "Ids": [
            "e0149412-9e37-4d5c-9087-cf4dd65d2f39"
          ]
        }
      ],
      "Page": 1
    },
    {
      "BlockType": "LINE",
      "Confidence": 99.91985321044922,
      "Text": "13",
      "Geometry": {
        "BoundingBox": {
          "Width": 0.014624959789216518,
          "Height": 0.017260698601603508,
          "Left": 0.4027092754840851,
          "Top": 0.5331794023513794
        },
        "Polygon": [
          {
            "X": 0.4027092754840851,
            "Y": 0.5331794023513794
          },
          {
            "X": 0.41682472825050354,
            "Y": 0.533197820186615
          },
          {
            "X": 0.4173342287540436,
            "Y": 0.5504400730133057
          },
          {
            "X": 0.4032173752784729,
            "Y": 0.550420880317688
          }
        ]
      },
      "Id": "71c574f8-9d8b-452b-87ce-e0e0edb5c8af",
      "Relationships": [
        {
          "Type": "CHILD",
          "Ids": [
            "dc8b0ca1-c3e7-4fcf-a111-680e8064e5d1"
          ]
        }
      ],
      "Page": 1
    },
    {
      "BlockType": "LINE",
      "Confidence": 99.98535919189453,
      "Text": "152",
      "Geometry": {
        "BoundingBox": {
          "Width": 0.022555487230420113,
          "Height": 0.01778588443994522,
          "Left": 0.6353353261947632,
          "Top": 0.5330865383148193
        },
        "Polygon": [
          {
            "X": 0.6353353261947632,
            "Y": 0.5330865383148193
          },
          {
            "X": 0.6573420763015747,
            "Y": 0.5331152081489563
          },
          {
            "X": 0.6578908562660217,
            "Y": 0.5508723855018616
          },
          {
            "X": 0.6358819007873535,
            "Y": 0.5508424639701843
          }
        ]
      },
      "Id": "13e497e3-8220-4bee-bf68-8f46c273e9f4",
      "Relationships": [
        {
          "Type": "CHILD",
          "Ids": [
            "c2194bf1-3e29-4125-a7dd-168c1ab5c5e4"
          ]
        }
      ],
      "Page": 1
    },
    {
      "BlockType": "LINE",
      "Confidence": 99.15463256835938,
      "Text": "HMLEP-16",
      "Geometry": {
        "BoundingBox": {
          "Width": 0.0651337131857872,
          "Height": 0.019014805555343628,
          "Left": 0.24710047245025635,
          "Top": 0.5633862614631653
        },
        "Polygon": [
          {
            "X": 0.24710047245025635,
            "Y": 0.5633862614631653
          },
          {
            "X": 0.31168627738952637,
            "Y": 0.5634767413139343
          },
          {
            "X": 0.31223419308662415,
            "Y": 0.5824010372161865
          },
          {
            "X": 0.24764136970043182,
            "Y": 0.5823066830635071
          }
        ]
      },
      "Id": "7dc09aee-1d25-4013-8876-a09c05020f3f",
      "Relationships": [
        {
          "Type": "CHILD",
          "Ids": [
            "03df579a-2f2a-4edb-a2f6-a8b26a9abb6c"
          ]
        }
      ],
      "Page": 1
    },
    {
      "BlockType": "LINE",
      "Confidence": 99.86740112304688,
      "Text": "29",
      "Geometry": {
        "BoundingBox": {
          "Width": 0.015272757038474083,
          "Height": 0.017674241214990616,
          "Left": 0.40221425890922546,
          "Top": 0.5635199546813965
        },
        "Polygon": [
          {
            "X": 0.40221425890922546,
            "Y": 0.5635199546813965
          },
          {
            "X": 0.41696545481681824,
            "Y": 0.5635406374931335
          },
          {
            "X": 0.4174870252609253,
            "Y": 0.5811942219734192
          },
          {
            "X": 0.40273433923721313,
            "Y": 0.5811727046966553
          }
        ]
      },
      "Id": "ad76e2e4-8071-4066-a55a-a842e522377a",
      "Relationships": [
        {
          "Type": "CHILD",
          "Ids": [
            "80d1f90c-0882-4760-a642-e6d624c8289d"
          ]
        }
      ],
      "Page": 1
    },
    {
      "BlockType": "LINE",
      "Confidence": 99.93439483642578,
      "Text": "61",
      "Geometry": {
        "BoundingBox": {
          "Width": 0.014394276775419712,
          "Height": 0.017780954018235207,
          "Left": 0.6346197128295898,
          "Top": 0.5633668303489685
        },
        "Polygon": [
          {
            "X": 0.6346197128295898,
            "Y": 0.5633668303489685
          },
          {
            "X": 0.6484660506248474,
            "Y": 0.5633862018585205
          },
          {
            "X": 0.6490139961242676,
            "Y": 0.5811477899551392
          },
          {
            "X": 0.6351662278175354,
            "Y": 0.5811276435852051
          }
        ]
      },
      "Id": "5d2ded5c-8499-4b55-8444-f58e76638adc",
      "Relationships": [
        {
          "Type": "CHILD",
          "Ids": [
            "88efbd50-3c8e-43a3-9609-8f3d43d47386"
          ]
        }
      ],
      "Page": 1
    },
    {
      "BlockType": "WORD",
      "Confidence": 99.92628479003906,
      "Text": "Samples",
      "TextType": "PRINTED",
      "Geometry": {
        "BoundingBox": {
          "Width": 0.05079228803515434,
          "Height": 0.023911215364933014,
          "Left": 0.2463419884443283,
          "Top": 0.40866607427597046
        },
        "Polygon": [
          {
            "X": 0.2463419884443283,
            "Y": 0.40866607427597046
          },
          {
            "X": 0.29644477367401123,
            "Y": 0.4087117612361908
          },
          {
            "X": 0.29713428020477295,
            "Y": 0.4325772821903229
          },
          {
            "X": 0.24702465534210205,
            "Y": 0.4325278103351593
          }
        ]
      },
      "Id": "a7e29a62-fc3c-4d6b-aff3-16d4427cc7a7",
      "Page": 1
    },
    {
      "BlockType": "WORD",
      "Confidence": 99.96913146972656,
      "Text": "Initial",
      "TextType": "PRINTED",
      "Geometry": {
        "BoundingBox": {
          "Width": 0.036558765918016434,
          "Height": 0.018390823155641556,
          "Left": 0.40175145864486694,
          "Top": 0.40879833698272705
        },
        "Polygon": [
          {
            "X": 0.40175145864486694,
            "Y": 0.40879833698272705
          },
          {
            "X": 0.4377652108669281,
            "Y": 0.4088311791419983
          },
          {
            "X": 0.4383102059364319,
            "Y": 0.4271891713142395
          },
          {
            "X": 0.4022926688194275,
            "Y": 0.42715421319007874
          }
        ]
      },
      "Id": "9be5fa47-43d1-49df-88d2-7eefd522ca70",
      "Page": 1
    },
    {
      "BlockType": "WORD",
      "Confidence": 99.89408874511719,
      "Text": "viscosity",
      "TextType": "PRINTED",
      "Geometry": {
        "BoundingBox": {
          "Width": 0.05295233801007271,
          "Height": 0.023112768307328224,
          "Left": 0.4423055946826935,
          "Top": 0.40914085507392883
        },
        "Polygon": [
          {
            "X": 0.4423055946826935,
            "Y": 0.40914085507392883
          },
          {
            "X": 0.49456578493118286,
            "Y": 0.40918856859207153
          },
          {
            "X": 0.4952579140663147,
            "Y": 0.4322536289691925
          },
          {
            "X": 0.44299080967903137,
            "Y": 0.4322021007537842
          }
        ]
      },
      "Id": "cc710c08-5b23-4032-8205-c9a22f0294c4",
      "Page": 1
    },
    {
      "BlockType": "WORD",
      "Confidence": 48.779319763183594,
      "Text": "(mPass)",
      "TextType": "PRINTED",
      "Geometry": {
        "BoundingBox": {
          "Width": 0.044810958206653595,
          "Height": 0.022542325779795647,
          "Left": 0.49958720803260803,
          "Top": 0.4087732434272766
        },
        "Polygon": [
          {
            "X": 0.49958720803260803,
            "Y": 0.4087732434272766
          },
          {
            "X": 0.5437166690826416,
            "Y": 0.4088134765625
          },
          {
            "X": 0.5443981885910034,
            "Y": 0.4313155710697174
          },
          {
            "X": 0.500262975692749,
            "Y": 0.4312721788883209
          }
        ]
      },
      "Id": "b7c3fb9a-830a-45da-8d66-1541b3e0e59e",
      "Page": 1
    },
    {
      "BlockType": "WORD",
      "Confidence": 99.9311752319336,
      "Text": "Operable",
      "TextType": "PRINTED",
      "Geometry": {
        "BoundingBox": {
          "Width": 0.05547500401735306,
          "Height": 0.023825813084840775,
          "Left": 0.6346358060836792,
          "Top": 0.40842530131340027
        },
        "Polygon": [
          {
            "X": 0.6346358060836792,
            "Y": 0.40842530131340027
          },
          {
            "X": 0.6893712282180786,
            "Y": 0.4084751009941101
          },
          {
            "X": 0.6901108622550964,
            "Y": 0.43225109577178955
          },
          {
            "X": 0.6353679299354553,
            "Y": 0.4321971833705902
          }
        ]
      },
      "Id": "cd9d2c8a-76ca-49e0-b260-2bd3bca3ecc0",
      "Page": 1
    },
    {
      "BlockType": "WORD",
      "Confidence": 99.9883041381836,
      "Text": "time",
      "TextType": "PRINTED",
      "Geometry": {
        "BoundingBox": {
          "Width": 0.027804886922240257,
          "Height": 0.01903102546930313,
          "Left": 0.6937581896781921,
          "Top": 0.4088051915168762
        },
        "Polygon": [
          {
            "X": 0.6937581896781921,
            "Y": 0.4088051915168762
          },
          {
            "X": 0.72096848487854,
            "Y": 0.4088299870491028
          },
          {
            "X": 0.7215631008148193,
            "Y": 0.42783620953559875
          },
          {
            "X": 0.6943498253822327,
            "Y": 0.42780977487564087
          }
        ]
      },
      "Id": "c20fa700-09d7-48f8-828c-54162afbf8cb",
      "Page": 1
    },
    {
      "BlockType": "WORD",
      "Confidence": 99.9343490600586,
      "Text": "(min)",
      "TextType": "PRINTED",
      "Geometry": {
        "BoundingBox": {
          "Width": 0.03423332795500755,
          "Height": 0.022145461291074753,
          "Left": 0.7257205247879028,
          "Top": 0.40879303216934204
        },
        "Polygon": [
          {
            "X": 0.7257205247879028,
            "Y": 0.40879303216934204
          },
          {
            "X": 0.7592571973800659,
            "Y": 0.40882357954978943
          },
          {
            "X": 0.7599537968635559,
            "Y": 0.4309384822845459
          },
          {
            "X": 0.7264128923416138,
            "Y": 0.4309055805206299
          }
        ]
      },
      "Id": "288015f9-54a5-47ba-91ef-de418da7938b",
      "Page": 1
    },
    {
      "BlockType": "WORD",
      "Confidence": 99.22968292236328,
      "Text": "RLEP-16",
      "TextType": "PRINTED",
      "Geometry": {
        "BoundingBox": {
          "Width": 0.05246477946639061,
          "Height": 0.019117791205644608,
          "Left": 0.2462908923625946,
          "Top": 0.46917724609375
        },
        "Polygon": [
          {
            "X": 0.2462908923625946,
            "Y": 0.46917724609375
          },
          {
            "X": 0.2982049882411957,
            "Y": 0.46923452615737915
          },
          {
            "X": 0.2987556755542755,
            "Y": 0.4882950484752655
          },
          {
            "X": 0.24683590233325958,
            "Y": 0.48823463916778564
          }
        ]
      },
      "Id": "7c81e412-a6c8-477b-811e-e9fd60441938",
      "Page": 1
    },
    {
      "BlockType": "WORD",
      "Confidence": 99.92953491210938,
      "Text": "17",
      "TextType": "PRINTED",
      "Geometry": {
        "BoundingBox": {
          "Width": 0.015392604283988476,
          "Height": 0.017815975472331047,
          "Left": 0.4024430811405182,
          "Top": 0.4701618254184723
        },
        "Polygon": [
          {
            "X": 0.4024430811405182,
            "Y": 0.4701618254184723
          },
          {
            "X": 0.4173094928264618,
            "Y": 0.4701782763004303
          },
          {
            "X": 0.41783568263053894,
            "Y": 0.4879778027534485
          },
          {
            "X": 0.40296775102615356,
            "Y": 0.4879605174064636
          }
        ]
      },
      "Id": "99b7a525-0380-411b-87ff-37548b4bb815",
      "Page": 1
    },
    {
      "BlockType": "WORD",
      "Confidence": 99.96674346923828,
      "Text": "159",
      "TextType": "PRINTED",
      "Geometry": {
        "BoundingBox": {
          "Width": 0.022498097270727158,
          "Height": 0.01832524687051773,
          "Left": 0.6354262828826904,
          "Top": 0.4697115421295166
        },
        "Polygon": [
          {
            "X": 0.6354262828826904,
            "Y": 0.4697115421295166
          },
          {
            "X": 0.6573585867881775,
            "Y": 0.4697357714176178
          },
          {
            "X": 0.6579243540763855,
            "Y": 0.4880368113517761
          },
          {
            "X": 0.635989785194397,
            "Y": 0.48801133036613464
          }
        ]
      },
      "Id": "0d6d3041-4df7-4f2b-a8bc-41cb94b42d5c",
      "Page": 1
    },
    {
      "BlockType": "WORD",
      "Confidence": 98.99939727783203,
      "Text": "DMLEP-16",
      "TextType": "PRINTED",
      "Geometry": {
        "BoundingBox": {
          "Width": 0.06509058177471161,
          "Height": 0.01844806596636772,
          "Left": 0.24625436961650848,
          "Top": 0.5011455416679382
        },
        "Polygon": [
          {
            "X": 0.24625436961650848,
            "Y": 0.5011455416679382
          },
          {
            "X": 0.31081297993659973,
            "Y": 0.5012232661247253
          },
          {
            "X": 0.3113449513912201,
            "Y": 0.5195935964584351
          },
          {
            "X": 0.24677953124046326,
            "Y": 0.5195120573043823
          }
        ]
      },
      "Id": "0b491572-2061-428e-b2ad-a4acce1489b1",
      "Page": 1
    },
    {
      "BlockType": "WORD",
      "Confidence": 99.92793273925781,
      "Text": "25",
      "TextType": "PRINTED",
      "Geometry": {
        "BoundingBox": {
          "Width": 0.015705976635217667,
          "Height": 0.017426984384655952,
          "Left": 0.40184929966926575,
          "Top": 0.5021472573280334
        },
        "Polygon": [
          {
            "X": 0.40184929966926575,
            "Y": 0.5021472573280334
          },
          {
            "X": 0.41704076528549194,
            "Y": 0.5021655559539795
          },
          {
            "X": 0.4175553023815155,
            "Y": 0.5195742249488831
          },
          {
            "X": 0.40236231684684753,
            "Y": 0.5195550322532654
          }
        ]
      },
      "Id": "5bbd15a3-09b8-4f60-97e1-0f0d20dcba38",
      "Page": 1
    },
    {
      "BlockType": "WORD",
      "Confidence": 99.96265411376953,
      "Text": "93",
      "TextType": "PRINTED",
      "Geometry": {
        "BoundingBox": {
          "Width": 0.015550357289612293,
          "Height": 0.01771426387131214,
          "Left": 0.6345376968383789,
          "Top": 0.5021069049835205
        },
        "Polygon": [
          {
            "X": 0.6345376968383789,
            "Y": 0.5021069049835205
          },
          {
            "X": 0.6495418548583984,
            "Y": 0.5021250247955322
          },
          {
            "X": 0.6500880122184753,
            "Y": 0.5198211669921875
          },
          {
            "X": 0.6350823640823364,
            "Y": 0.5198022723197937
          }
        ]
      },
      "Id": "b0852314-5945-44ee-a1ea-9944179f5352",
      "Page": 1
    },
    {
      "BlockType": "WORD",
      "Confidence": 99.6789779663086,
      "Text": "PHLEP-16",
      "TextType": "PRINTED",
      "Geometry": {
        "BoundingBox": {
          "Width": 0.06189052015542984,
          "Height": 0.018375800922513008,
          "Left": 0.2462468445301056,
          "Top": 0.5327348709106445
        },
        "Polygon": [
          {
            "X": 0.2462468445301056,
            "Y": 0.5327348709106445
          },
          {
            "X": 0.3076080083847046,
            "Y": 0.5328148603439331
          },
          {
            "X": 0.30813735723495483,
            "Y": 0.5511106252670288
          },
          {
            "X": 0.24676978588104248,
            "Y": 0.5510270595550537
          }
        ]
      },
      "Id": "e0149412-9e37-4d5c-9087-cf4dd65d2f39",
      "Page": 1
    },
    {
      "BlockType": "WORD",
      "Confidence": 99.91985321044922,
      "Text": "13",
      "TextType": "PRINTED",
      "Geometry": {
        "BoundingBox": {
          "Width": 0.014624959789216518,
          "Height": 0.017260698601603508,
          "Left": 0.4027092754840851,
          "Top": 0.5331794023513794
        },
        "Polygon": [
          {
            "X": 0.4027092754840851,
            "Y": 0.5331794023513794
          },
          {
            "X": 0.41682472825050354,
            "Y": 0.533197820186615
          },
          {
            "X": 0.4173342287540436,
            "Y": 0.5504400730133057
          },
          {
            "X": 0.4032173752784729,
            "Y": 0.550420880317688
          }
        ]
      },
      "Id": "dc8b0ca1-c3e7-4fcf-a111-680e8064e5d1",
      "Page": 1
    },
    {
      "BlockType": "WORD",
      "Confidence": 99.98535919189453,
      "Text": "152",
      "TextType": "PRINTED",
      "Geometry": {
        "BoundingBox": {
          "Width": 0.022555487230420113,
          "Height": 0.01778588443994522,
          "Left": 0.6353353261947632,
          "Top": 0.5330865383148193
        },
        "Polygon": [
          {
            "X": 0.6353353261947632,
            "Y": 0.5330865383148193
          },
          {
            "X": 0.6573420763015747,
            "Y": 0.5331152081489563
          },
          {
            "X": 0.6578908562660217,
            "Y": 0.5508723855018616
          },
          {
            "X": 0.6358819007873535,
            "Y": 0.5508424639701843
          }
        ]
      },
      "Id": "c2194bf1-3e29-4125-a7dd-168c1ab5c5e4",
      "Page": 1
    },
    {
      "BlockType": "WORD",
      "Confidence": 99.15463256835938,
      "Text": "HMLEP-16",
      "TextType": "PRINTED",
      "Geometry": {
        "BoundingBox": {
          "Width": 0.0651337131857872,
          "Height": 0.019014805555343628,
          "Left": 0.24710047245025635,
          "Top": 0.5633862614631653
        },
        "Polygon": [
          {
            "X": 0.24710047245025635,
            "Y": 0.5633862614631653
          },
          {
            "X": 0.31168627738952637,
            "Y": 0.5634767413139343
          },
          {
            "X": 0.31223419308662415,
            "Y": 0.5824010372161865
          },
          {
            "X": 0.24764136970043182,
            "Y": 0.5823066830635071
          }
        ]
      },
      "Id": "03df579a-2f2a-4edb-a2f6-a8b26a9abb6c",
      "Page": 1
    },
    {
      "BlockType": "WORD",
      "Confidence": 99.86740112304688,
      "Text": "29",
      "TextType": "PRINTED",
      "Geometry": {
        "BoundingBox": {
          "Width": 0.015272757038474083,
          "Height": 0.017674241214990616,
          "Left": 0.40221425890922546,
          "Top": 0.5635199546813965
        },
        "Polygon": [
          {
            "X": 0.40221425890922546,
            "Y": 0.5635199546813965
          },
          {
            "X": 0.41696545481681824,
            "Y": 0.5635406374931335
          },
          {
            "X": 0.4174870252609253,
            "Y": 0.5811942219734192
          },
          {
            "X": 0.40273433923721313,
            "Y": 0.5811727046966553
          }
        ]
      },
      "Id": "80d1f90c-0882-4760-a642-e6d624c8289d",
      "Page": 1
    },
    {
      "BlockType": "WORD",
      "Confidence": 99.93439483642578,
      "Text": "61",
      "TextType": "PRINTED",
      "Geometry": {
        "BoundingBox": {
          "Width": 0.014394276775419712,
          "Height": 0.017780954018235207,
          "Left": 0.6346197128295898,
          "Top": 0.5633668303489685
        },
        "Polygon": [
          {
            "X": 0.6346197128295898,
            "Y": 0.5633668303489685
          },
          {
            "X": 0.6484660506248474,
            "Y": 0.5633862018585205
          },
          {
            "X": 0.6490139961242676,
            "Y": 0.5811477899551392
          },
          {
            "X": 0.6351662278175354,
            "Y": 0.5811276435852051
          }
        ]
      },
      "Id": "88efbd50-3c8e-43a3-9609-8f3d43d47386",
      "Page": 1
    },
    {
      "BlockType": "TABLE",
      "Confidence": 99.853515625,
      "Geometry": {
        "BoundingBox": {
          "Width": 0.5447859168052673,
          "Height": 0.21254891157150269,
          "Left": 0.22849512100219727,
          "Top": 0.3930895924568176
        },
        "Polygon": [
          {
            "X": 0.22849512100219727,
            "Y": 0.3930895924568176
          },
          {
            "X": 0.76659095287323,
            "Y": 0.3935539126396179
          },
          {
            "X": 0.7732810974121094,
            "Y": 0.6056385040283203
          },
          {
            "X": 0.23453150689601898,
            "Y": 0.6048131585121155
          }
        ]
      },
      "Id": "b7b70003-be45-4b78-8f90-b39182e35026",
      "Relationships": [
        {
          "Type": "CHILD",
          "Ids": [
            "c6bd85f2-57f0-4df7-8355-ef170e45e591",
            "a87d68f8-3809-4cda-8224-5d5e16783093",
            "ef031a32-e001-4898-adac-28acbc644a25",
            "c9b5517a-2d05-4c92-ae96-3dd785b19d9e",
            "2f97cfaf-b19a-4a20-b3db-9d1270dd44a4",
            "07fddccc-6f90-4f98-9a96-a24b153b6434",
            "42664423-30ec-4824-8482-1b3c366fe0f6",
            "e92b807f-74d0-444c-9f40-7d3d859ae22f",
            "975cadfe-33f8-47a9-ab68-a68f528f5271",
            "05bbf0cf-210e-4e7b-98f5-c91e81d8a82e",
            "05cca961-0678-4301-8170-1ab16f0f7f68",
            "a6fc590b-1467-486a-a8c6-af594b7d440b",
            "702557f6-bfc3-41bd-87cd-1576513f7952",
            "b5bb032a-7033-4d89-b7ba-0babec8d25bf",
            "0f8ddaaa-1ba8-4865-a3a3-ba8b109845f2"
          ]
        }
      ],
      "EntityTypes": [
        "STRUCTURED_TABLE"
      ],
      "Page": 1
    },
    {
      "BlockType": "CELL",
      "Confidence": 90.576171875,
      "RowIndex": 1,
      "ColumnIndex": 1,
      "RowSpan": 1,
      "ColumnSpan": 1,
      "Geometry": {
        "BoundingBox": {
          "Width": 0.1265474259853363,
          "Height": 0.05675879120826721,
          "Left": 0.22849512100219727,
          "Top": 0.3930895924568176
        },
        "Polygon": [
          {
            "X": 0.22849512100219727,
            "Y": 0.3930895924568176
          },
          {
            "X": 0.3533875048160553,
            "Y": 0.39319735765457153
          },
          {
            "X": 0.35504254698753357,
            "Y": 0.44984838366508484
          },
          {
            "X": 0.23010964691638947,
            "Y": 0.4497182071208954
          }
        ]
      },
      "Id": "c6bd85f2-57f0-4df7-8355-ef170e45e591",
      "Relationships": [
        {
          "Type": "CHILD",
          "Ids": [
            "a7e29a62-fc3c-4d6b-aff3-16d4427cc7a7"
          ]
        }
      ],
      "EntityTypes": [
        "COLUMN_HEADER"
      ],
      "Page": 1
    },
    {
      "BlockType": "CELL",
      "Confidence": 95.01953125,
      "RowIndex": 1,
      "ColumnIndex": 2,
      "RowSpan": 1,
      "ColumnSpan": 1,
      "Geometry": {
        "BoundingBox": {
          "Width": 0.23747681081295013,
          "Height": 0.05689671263098717,
          "Left": 0.3533875048160553,
          "Top": 0.39319735765457153
        },
        "Polygon": [
          {
            "X": 0.3533875048160553,
            "Y": 0.39319735765457153
          },
          {
            "X": 0.5891326665878296,
            "Y": 0.39340078830718994
          },
          {
            "X": 0.5908643007278442,
            "Y": 0.450094074010849
          },
          {
            "X": 0.35504254698753357,
            "Y": 0.44984838366508484
          }
        ]
      },
      "Id": "a87d68f8-3809-4cda-8224-5d5e16783093",
      "Relationships": [
        {
          "Type": "CHILD",
          "Ids": [
            "9be5fa47-43d1-49df-88d2-7eefd522ca70",
            "cc710c08-5b23-4032-8205-c9a22f0294c4",
            "b7c3fb9a-830a-45da-8d66-1541b3e0e59e"
          ]
        }
      ],
      "EntityTypes": [
        "COLUMN_HEADER"
      ],
      "Page": 1
    },
    {
      "BlockType": "CELL",
      "Confidence": 93.75,
      "RowIndex": 1,
      "ColumnIndex": 3,
      "RowSpan": 1,
      "ColumnSpan": 1,
      "Geometry": {
        "BoundingBox": {
          "Width": 0.1792476773262024,
          "Height": 0.0568782314658165,
          "Left": 0.5891326665878296,
          "Top": 0.39340078830718994
        },
        "Polygon": [
          {
            "X": 0.5891326665878296,
            "Y": 0.39340078830718994
          },
          {
            "X": 0.76659095287323,
            "Y": 0.3935539126396179
          },
          {
            "X": 0.768380343914032,
            "Y": 0.45027902722358704
          },
          {
            "X": 0.5908643007278442,
            "Y": 0.450094074010849
          }
        ]
      },
      "Id": "ef031a32-e001-4898-adac-28acbc644a25",
      "Relationships": [
        {
          "Type": "CHILD",
          "Ids": [
            "cd9d2c8a-76ca-49e0-b260-2bd3bca3ecc0",
            "c20fa700-09d7-48f8-828c-54162afbf8cb",
            "288015f9-54a5-47ba-91ef-de418da7938b"
          ]
        }
      ],
      "EntityTypes": [
        "COLUMN_HEADER"
      ],
      "Page": 1
    },
    {
      "BlockType": "CELL",
      "Confidence": 86.962890625,
      "RowIndex": 2,
      "ColumnIndex": 1,
      "RowSpan": 1,
      "ColumnSpan": 1,
      "Geometry": {
        "BoundingBox": {
          "Width": 0.12623584270477295,
          "Height": 0.044729042798280716,
          "Left": 0.23010964691638947,
          "Top": 0.4497182071208954
        },
        "Polygon": [
          {
            "X": 0.23010964691638947,
            "Y": 0.4497182071208954
          },
          {
            "X": 0.35504254698753357,
            "Y": 0.44984838366508484
          },
          {
            "X": 0.3563455045223236,
            "Y": 0.494447261095047
          },
          {
            "X": 0.23138068616390228,
            "Y": 0.49429944157600403
          }
        ]
      },
      "Id": "c9b5517a-2d05-4c92-ae96-3dd785b19d9e",
      "Relationships": [
        {
          "Type": "CHILD",
          "Ids": [
            "7c81e412-a6c8-477b-811e-e9fd60441938"
          ]
        }
      ],
      "Page": 1
    },
    {
      "BlockType": "CELL",
      "Confidence": 91.259765625,
      "RowIndex": 2,
      "ColumnIndex": 2,
      "RowSpan": 1,
      "ColumnSpan": 1,
      "Geometry": {
        "BoundingBox": {
          "Width": 0.23718500137329102,
          "Height": 0.04487786442041397,
          "Left": 0.35504254698753357,
          "Top": 0.44984838366508484
        },
        "Polygon": [
          {
            "X": 0.35504254698753357,
            "Y": 0.44984838366508484
          },
          {
            "X": 0.5908643007278442,
            "Y": 0.450094074010849
          },
          {
            "X": 0.5922275185585022,
            "Y": 0.4947262406349182
          },
          {
            "X": 0.3563455045223236,
            "Y": 0.494447261095047
          }
        ]
      },
      "Id": "2f97cfaf-b19a-4a20-b3db-9d1270dd44a4",
      "Relationships": [
        {
          "Type": "CHILD",
          "Ids": [
            "99b7a525-0380-411b-87ff-37548b4bb815"
          ]
        }
      ],
      "Page": 1
    },
    {
      "BlockType": "CELL",
      "Confidence": 89.990234375,
      "RowIndex": 2,
      "ColumnIndex": 3,
      "RowSpan": 1,
      "ColumnSpan": 1,
      "Geometry": {
        "BoundingBox": {
          "Width": 0.17892472445964813,
          "Height": 0.044842176139354706,
          "Left": 0.5908643007278442,
          "Top": 0.450094074010849
        },
        "Polygon": [
          {
            "X": 0.5908643007278442,
            "Y": 0.450094074010849
          },
          {
            "X": 0.768380343914032,
            "Y": 0.45027902722358704
          },
          {
            "X": 0.7697890400886536,
            "Y": 0.4949362576007843
          },
          {
            "X": 0.5922275185585022,
            "Y": 0.4947262406349182
          }
        ]
      },
      "Id": "07fddccc-6f90-4f98-9a96-a24b153b6434",
      "Relationships": [
        {
          "Type": "CHILD",
          "Ids": [
            "0d6d3041-4df7-4f2b-a8bc-41cb94b42d5c"
          ]
        }
      ],
      "Page": 1
    },
    {
      "BlockType": "CELL",
      "Confidence": 84.619140625,
      "RowIndex": 3,
      "ColumnIndex": 1,
      "RowSpan": 1,
      "ColumnSpan": 1,
      "Geometry": {
        "BoundingBox": {
          "Width": 0.12588493525981903,
          "Height": 0.031642865389585495,
          "Left": 0.23138068616390228,
          "Top": 0.49429944157600403
        },
        "Polygon": [
          {
            "X": 0.23138068616390228,
            "Y": 0.49429944157600403
          },
          {
            "X": 0.3563455045223236,
            "Y": 0.494447261095047
          },
          {
            "X": 0.3572656214237213,
            "Y": 0.525942325592041
          },
          {
            "X": 0.2322782725095749,
            "Y": 0.52578204870224
          }
        ]
      },
      "Id": "42664423-30ec-4824-8482-1b3c366fe0f6",
      "Relationships": [
        {
          "Type": "CHILD",
          "Ids": [
            "0b491572-2061-428e-b2ad-a4acce1489b1"
          ]
        }
      ],
      "Page": 1
    },
    {
      "BlockType": "CELL",
      "Confidence": 88.76953125,
      "RowIndex": 3,
      "ColumnIndex": 2,
      "RowSpan": 1,
      "ColumnSpan": 1,
      "Geometry": {
        "BoundingBox": {
          "Width": 0.2368447482585907,
          "Height": 0.03179756924510002,
          "Left": 0.3563455045223236,
          "Top": 0.494447261095047
        },
        "Polygon": [
          {
            "X": 0.3563455045223236,
            "Y": 0.494447261095047
          },
          {
            "X": 0.5922275185585022,
            "Y": 0.4947262406349182
          },
          {
            "X": 0.5931902527809143,
            "Y": 0.5262448191642761
          },
          {
            "X": 0.3572656214237213,
            "Y": 0.525942325592041
          }
        ]
      },
      "Id": "e92b807f-74d0-444c-9f40-7d3d859ae22f",
      "Relationships": [
        {
          "Type": "CHILD",
          "Ids": [
            "5bbd15a3-09b8-4f60-97e1-0f0d20dcba38"
          ]
        }
      ],
      "Page": 1
    },
    {
      "BlockType": "CELL",
      "Confidence": 87.59765625,
      "RowIndex": 3,
      "ColumnIndex": 3,
      "RowSpan": 1,
      "ColumnSpan": 1,
      "Geometry": {
        "BoundingBox": {
          "Width": 0.17855627834796906,
          "Height": 0.03174629807472229,
          "Left": 0.5922275185585022,
          "Top": 0.4947262406349182
        },
        "Polygon": [
          {
            "X": 0.5922275185585022,
            "Y": 0.4947262406349182
          },
          {
            "X": 0.7697890400886536,
            "Y": 0.4949362576007843
          },
          {
            "X": 0.7707838416099548,
            "Y": 0.5264725685119629
          },
          {
            "X": 0.5931902527809143,
            "Y": 0.5262448191642761
          }
        ]
      },
      "Id": "975cadfe-33f8-47a9-ab68-a68f528f5271",
      "Relationships": [
        {
          "Type": "CHILD",
          "Ids": [
            "b0852314-5945-44ee-a1ea-9944179f5352"
          ]
        }
      ],
      "Page": 1
    },
    {
      "BlockType": "CELL",
      "Confidence": 80.224609375,
      "RowIndex": 4,
      "ColumnIndex": 1,
      "RowSpan": 1,
      "ColumnSpan": 1,
      "Geometry": {
        "BoundingBox": {
          "Width": 0.1259077936410904,
          "Height": 0.031666506081819534,
          "Left": 0.2322782725095749,
          "Top": 0.52578204870224
        },
        "Polygon": [
          {
            "X": 0.2322782725095749,
            "Y": 0.52578204870224
          },
          {
            "X": 0.3572656214237213,
            "Y": 0.525942325592041
          },
          {
            "X": 0.3581860661506653,
            "Y": 0.5574485659599304
          },
          {
            "X": 0.23317618668079376,
            "Y": 0.5572758316993713
          }
        ]
      },
      "Id": "05bbf0cf-210e-4e7b-98f5-c91e81d8a82e",
      "Relationships": [
        {
          "Type": "CHILD",
          "Ids": [
            "e0149412-9e37-4d5c-9087-cf4dd65d2f39"
          ]
        }
      ],
      "Page": 1
    },
    {
      "BlockType": "CELL",
      "Confidence": 84.1796875,
      "RowIndex": 4,
      "ColumnIndex": 2,
      "RowSpan": 1,
      "ColumnSpan": 1,
      "Geometry": {
        "BoundingBox": {
          "Width": 0.23688767850399017,
          "Height": 0.031832288950681686,
          "Left": 0.3572656214237213,
          "Top": 0.525942325592041
        },
        "Polygon": [
          {
            "X": 0.3572656214237213,
            "Y": 0.525942325592041
          },
          {
            "X": 0.5931902527809143,
            "Y": 0.5262448191642761
          },
          {
            "X": 0.5941532850265503,
            "Y": 0.5577746033668518
          },
          {
            "X": 0.3581860661506653,
            "Y": 0.5574485659599304
          }
        ]
      },
      "Id": "05cca961-0678-4301-8170-1ab16f0f7f68",
      "Relationships": [
        {
          "Type": "CHILD",
          "Ids": [
            "dc8b0ca1-c3e7-4fcf-a111-680e8064e5d1"
          ]
        }
      ],
      "Page": 1
    },
    {
      "BlockType": "CELL",
      "Confidence": 83.0078125,
      "RowIndex": 4,
      "ColumnIndex": 3,
      "RowSpan": 1,
      "ColumnSpan": 1,
      "Geometry": {
        "BoundingBox": {
          "Width": 0.17858873307704926,
          "Height": 0.03177521377801895,
          "Left": 0.5931902527809143,
          "Top": 0.5262448191642761
        },
        "Polygon": [
          {
            "X": 0.5931902527809143,
            "Y": 0.5262448191642761
          },
          {
            "X": 0.7707838416099548,
            "Y": 0.5264725685119629
          },
          {
            "X": 0.77177894115448,
            "Y": 0.5580200552940369
          },
          {
            "X": 0.5941532850265503,
            "Y": 0.5577746033668518
          }
        ]
      },
      "Id": "a6fc590b-1467-486a-a8c6-af594b7d440b",
      "Relationships": [
        {
          "Type": "CHILD",
          "Ids": [
            "c2194bf1-3e29-4125-a7dd-168c1ab5c5e4"
          ]
        }
      ],
      "Page": 1
    },
    {
      "BlockType": "CELL",
      "Confidence": 89.501953125,
      "RowIndex": 5,
      "ColumnIndex": 1,
      "RowSpan": 1,
      "ColumnSpan": 1,
      "Geometry": {
        "BoundingBox": {
          "Width": 0.1263992190361023,
          "Height": 0.047728899866342545,
          "Left": 0.23317618668079376,
          "Top": 0.5572758316993713
        },
        "Polygon": [
          {
            "X": 0.23317618668079376,
            "Y": 0.5572758316993713
          },
          {
            "X": 0.3581860661506653,
            "Y": 0.5574485659599304
          },
          {
            "X": 0.35957539081573486,
            "Y": 0.6050047278404236
          },
          {
            "X": 0.23453150689601898,
            "Y": 0.6048131585121155
          }
        ]
      },
      "Id": "702557f6-bfc3-41bd-87cd-1576513f7952",
      "Relationships": [
        {
          "Type": "CHILD",
          "Ids": [
            "03df579a-2f2a-4edb-a2f6-a8b26a9abb6c"
          ]
        }
      ],
      "Page": 1
    },
    {
      "BlockType": "CELL",
      "Confidence": 93.896484375,
      "RowIndex": 5,
      "ColumnIndex": 2,
      "RowSpan": 1,
      "ColumnSpan": 1,
      "Geometry": {
        "BoundingBox": {
          "Width": 0.23742087185382843,
          "Height": 0.04791775345802307,
          "Left": 0.3581860661506653,
          "Top": 0.5574485659599304
        },
        "Polygon": [
          {
            "X": 0.3581860661506653,
            "Y": 0.5574485659599304
          },
          {
            "X": 0.5941532850265503,
            "Y": 0.5577746033668518
          },
          {
            "X": 0.5956069231033325,
            "Y": 0.6053662896156311
          },
          {
            "X": 0.35957539081573486,
            "Y": 0.6050047278404236
          }
        ]
      },
      "Id": "b5bb032a-7033-4d89-b7ba-0babec8d25bf",
      "Relationships": [
        {
          "Type": "CHILD",
          "Ids": [
            "80d1f90c-0882-4760-a642-e6d624c8289d"
          ]
        }
      ],
      "Page": 1
    },
    {
      "BlockType": "CELL",
      "Confidence": 92.626953125,
      "RowIndex": 5,
      "ColumnIndex": 3,
      "RowSpan": 1,
      "ColumnSpan": 1,
      "Geometry": {
        "BoundingBox": {
          "Width": 0.1791277825832367,
          "Height": 0.04786389693617821,
          "Left": 0.5941532850265503,
          "Top": 0.5577746033668518
        },
        "Polygon": [
          {
            "X": 0.5941532850265503,
            "Y": 0.5577746033668518
          },
          {
            "X": 0.77177894115448,
            "Y": 0.5580200552940369
          },
          {
            "X": 0.7732810974121094,
            "Y": 0.6056385040283203
          },
          {
            "X": 0.5956069231033325,
            "Y": 0.6053662896156311
          }
        ]
      },
      "Id": "0f8ddaaa-1ba8-4865-a3a3-ba8b109845f2",
      "Relationships": [
        {
          "Type": "CHILD",
          "Ids": [
            "88efbd50-3c8e-43a3-9609-8f3d43d47386"
          ]
        }
      ],
      "Page": 1
    }
  ],
  "AnalyzeDocumentModelVersion": "1.0"
}