{
  "DocumentMetadata": {
    "Pages": 1
  },
  "JobStatus": "SUCCEEDED",
  "Blocks": [
    {
      "BlockType": "PAGE",
      "Geometry": {
        "BoundingBox": {
          "Width": 0.5173527598381042,
          "Height": 0.3663831353187561,
          "Left": 0.2453332543373108,
          "Top": 0.3046081066131592
        },
        "Polygon": [
          {
            "X": 0.2453332543373108,
            "Y": 0.3052213788032532
          },
          {
            "X": 0.7599766850471497,
            "Y": 0.3046081066131592
          },
          {
            "X": 0.762686014175415,
            "Y": 0.6709394454956055
          },
          {
            "X": 0.2480560839176178,
            "Y": 0.6709912419319153
          }
        ]
      },
      "Id": "6cdca035-0c91-4a1a-81a2-f0ba19310b15",
      "Relationships": [
        {
          "Type": "CHILD",
          "Ids": [
            "e745c23e-a425-4ad0-b973-b924a9172041",
            "bcf18835-cf75-4457-af4a-7deaea699ff9",
            "a65ea547-e1b8-4ad9-b6c8-adca66ff38d2",
            "686ae27e-30e0-4242-ad24-b3fd7c2a6263",
            "bdccf637-87d9-4613-85f2-f2db4e958aa4",
            "d965a13a-2055-4099-86c4-3102e4561308",
            "c7973f98-1722-43f5-b39d-610c5258e224",
            "12a5e0ef-a7f7-4904-9ea0-2c5fd0b90887",
            "952d97fa-4311-4891-8203-f316d66b1e66",
            "5b37371c-c0c3-4cf0-ae38-b1ddc8424eaf",
            "f719b359-c48f-4ee4-a969-3fada3f8f15a",
            "1120f045-0ece-421b-a5ab-cc80d911565b",
            "36d6f555-1e9e-44f3-a302-aa65888e0584",
            "7ddecd25-d0cd-48e8-9db8-98894820c181",
            "9e9f65dc-d2c3-420b-a19e-b19b3b531478",
            "1893ab2e-529b-480d-8d66-a83ac1c8f30d",
            "d74a44ec-ca87-4f24-8222-01efe0955c68",
            "f75e1d49-31bc-4b47-9a6f-15aedbe07769",
            "1004e14a-407d-488b-b1dc-6521a0ee99ed",
            "b9175079-7fcb-4378-954c-a52152af2fc7",
            "6c60a63f-e87a-477f-813b-b29bb32f1e38"
          ]
        }
      ],
      "Page": 1
    },
    {
      "BlockType": "LINE",
      "Confidence": 99.9740982055664,
      "Text": "Sample name",
      "Geometry": {
        "BoundingBox": {
          "Width": 0.0958016961812973,
          "Height": 0.021210571750998497,
          "Left": 0.2712690234184265,
          "Top": 0.3525013029575348
        },
        "Polygon": [
          {
            "X": 0.2712690234184265,
            "Y": 0.3526017665863037
          },
          {
            "X": 0.366913765668869,
            "Y": 0.3525013029575348
          },
          {
            "X": 0.367070734500885,
            "Y": 0.3736174404621124
          },
          {
            "X": 0.27142611145973206,
            "Y": 0.37371188402175903
          }
        ]
      },
      "Id": "e745c23e-a425-4ad0-b973-b924a9172041",
      "Relationships": [
        {
          "Type": "CHILD",
          "Ids": [
            "02de8e7f-cdcb-4c6e-9d98-7354ebb5bfc6",
            "a9910c07-8230-4771-9919-e034078d32a7"
          ]
        }
      ],
      "Page": 1
    },
    {
      "BlockType": "LINE",
      "Confidence": 94.7727279663086,
      "Text": "Activation energy (kJ/mol)",
      "Geometry": {
        "BoundingBox": {
          "Width": 0.18700547516345978,
          "Height": 0.02160675637423992,
          "Left": 0.536076009273529,
          "Top": 0.3522053360939026
        },
        "Polygon": [
          {
            "X": 0.536076009273529,
            "Y": 0.3524015545845032
          },
          {
            "X": 0.7229229807853699,
            "Y": 0.3522053360939026
          },
          {
            "X": 0.7230815291404724,
            "Y": 0.37362784147262573
          },
          {
            "X": 0.5362348556518555,
            "Y": 0.37381210923194885
          }
        ]
      },
      "Id": "bcf18835-cf75-4457-af4a-7deaea699ff9",
      "Relationships": [
        {
          "Type": "CHILD",
          "Ids": [
            "c584b20d-f992-4a3d-b8bb-1636cb054eb0",
            "c1c2624e-dc62-4e51-ac81-465368784e33",
            "8ab54421-d5f4-401d-aec5-17ef9f800816"
          ]
        }
      ],
      "Page": 1
    },
    {
      "BlockType": "LINE",
      "Confidence": 99.41004180908203,
      "Text": "DGEBA-DDM",
      "Geometry": {
        "BoundingBox": {
          "Width": 0.09125784784555435,
          "Height": 0.016049250960350037,
          "Left": 0.27170127630233765,
          "Top": 0.3929886817932129
        },
        "Polygon": [
          {
            "X": 0.27170127630233765,
            "Y": 0.3930734097957611
          },
          {
            "X": 0.3628404140472412,
            "Y": 0.3929886817932129
          },
          {
            "X": 0.3629591166973114,
            "Y": 0.4089575707912445
          },
          {
            "X": 0.271820068359375,
            "Y": 0.4090379476547241
          }
        ]
      },
      "Id": "a65ea547-e1b8-4ad9-b6c8-adca66ff38d2",
      "Relationships": [
        {
          "Type": "CHILD",
          "Ids": [
            "1a78dac6-6e1e-4287-b344-04f60ad8c40d"
          ]
        }
      ],
      "Page": 1
    },
    {
      "BlockType": "LINE",
      "Confidence": 77.1425552368164,
      "Text": "48.4",
      "Geometry": {
        "BoundingBox": {
          "Width": 0.030185647308826447,
          "Height": 0.016111502423882484,
          "Left": 0.5362645983695984,
          "Top": 0.39287814497947693
        },
        "Polygon": [
          {
            "X": 0.5362645983695984,
            "Y": 0.3929060995578766
          },
          {
            "X": 0.5663309693336487,
            "Y": 0.39287814497947693
          },
          {
            "X": 0.5664502382278442,
            "Y": 0.4089631736278534
          },
          {
            "X": 0.536383867263794,
            "Y": 0.40898966789245605
          }
        ]
      },
      "Id": "686ae27e-30e0-4242-ad24-b3fd7c2a6263",
      "Relationships": [
        {
          "Type": "CHILD",
          "Ids": [
            "de281802-f9c9-4653-9506-277c105d2821"
          ]
        }
      ],
      "Page": 1
    },
    {
      "BlockType": "LINE",
      "Confidence": 99.80765533447266,
      "Text": "25% DOL-DDM",
      "Geometry": {
        "BoundingBox": {
          "Width": 0.10358816385269165,
          "Height": 0.016629673540592194,
          "Left": 0.27126288414001465,
          "Top": 0.42887070775032043
        },
        "Polygon": [
          {
            "X": 0.27126288414001465,
            "Y": 0.4289558231830597
          },
          {
            "X": 0.3747280538082123,
            "Y": 0.42887070775032043
          },
          {
            "X": 0.3748510479927063,
            "Y": 0.44542038440704346
          },
          {
            "X": 0.2713859975337982,
            "Y": 0.44550037384033203
          }
        ]
      },
      "Id": "bdccf637-87d9-4613-85f2-f2db4e958aa4",
      "Relationships": [
        {
          "Type": "CHILD",
          "Ids": [
            "a649cba1-faea-4d69-92fb-7d119cd65c7e",
            "c028f951-adfc-4fbf-b1dd-289e93101c11"
          ]
        }
      ],
      "Page": 1
    },
    {
      "BlockType": "LINE",
      "Confidence": 76.7045669555664,
      "Text": "48.3",
      "Geometry": {
        "BoundingBox": {
          "Width": 0.029085960239171982,
          "Height": 0.016327079385519028,
          "Left": 0.5363457798957825,
          "Top": 0.4291379749774933
        },
        "Polygon": [
          {
            "X": 0.5363457798957825,
            "Y": 0.42916175723075867
          },
          {
            "X": 0.5653108358383179,
            "Y": 0.4291379749774933
          },
          {
            "X": 0.5654317140579224,
            "Y": 0.44544267654418945
          },
          {
            "X": 0.5364667177200317,
            "Y": 0.4454650580883026
          }
        ]
      },
      "Id": "d965a13a-2055-4099-86c4-3102e4561308",
      "Relationships": [
        {
          "Type": "CHILD",
          "Ids": [
            "10933621-7fc1-4a39-a0c3-925276d4ead4"
          ]
        }
      ],
      "Page": 1
    },
    {
      "BlockType": "LINE",
      "Confidence": 99.88226318359375,
      "Text": "50% DOL-DDM",
      "Geometry": {
        "BoundingBox": {
          "Width": 0.1031942069530487,
          "Height": 0.016766084358096123,
          "Left": 0.2714516520500183,
          "Top": 0.4548208713531494
        },
        "Polygon": [
          {
            "X": 0.2714516520500183,
            "Y": 0.4548977017402649
          },
          {
            "X": 0.37452179193496704,
            "Y": 0.4548208713531494
          },
          {
            "X": 0.374645859003067,
            "Y": 0.4715152978897095
          },
          {
            "X": 0.2715758681297302,
            "Y": 0.4715869724750519
          }
        ]
      },
      "Id": "c7973f98-1722-43f5-b39d-610c5258e224",
      "Relationships": [
        {
          "Type": "CHILD",
          "Ids": [
            "416379a9-86b8-4803-ae94-77b10d553354",
            "1160b429-c80a-41de-9581-989a413b2d5f"
          ]
        }
      ],
      "Page": 1
    },
    {
      "BlockType": "LINE",
      "Confidence": 89.92477416992188,
      "Text": "51.9",
      "Geometry": {
        "BoundingBox": {
          "Width": 0.02940172329545021,
          "Height": 0.016495736315846443,
          "Left": 0.5366425514221191,
          "Top": 0.4551299810409546
        },
        "Polygon": [
          {
            "X": 0.5366425514221191,
            "Y": 0.45515176653862
          },
          {
            "X": 0.5659221410751343,
            "Y": 0.4551299810409546
          },
          {
            "X": 0.566044270992279,
            "Y": 0.4716053903102875
          },
          {
            "X": 0.5367647409439087,
            "Y": 0.4716257154941559
          }
        ]
      },
      "Id": "12a5e0ef-a7f7-4904-9ea0-2c5fd0b90887",
      "Relationships": [
        {
          "Type": "CHILD",
          "Ids": [
            "6fc1befb-5222-4cb4-b03f-69abb2c033f9"
          ]
        }
      ],
      "Page": 1
    },
    {
      "BlockType": "LINE",
      "Confidence": 99.87137603759766,
      "Text": "75% DOL-DDM",
      "Geometry": {
        "BoundingBox": {
          "Width": 0.10346566885709763,
          "Height": 0.016802286729216576,
          "Left": 0.27146297693252563,
          "Top": 0.4820324182510376
        },
        "Polygon": [
          {
            "X": 0.27146297693252563,
            "Y": 0.4821010231971741
          },
          {
            "X": 0.37480422854423523,
            "Y": 0.4820324182510376
          },
          {
            "X": 0.37492865324020386,
            "Y": 0.49877122044563293
          },
          {
            "X": 0.2715874910354614,
            "Y": 0.4988346993923187
          }
        ]
      },
      "Id": "952d97fa-4311-4891-8203-f316d66b1e66",
      "Relationships": [
        {
          "Type": "CHILD",
          "Ids": [
            "488ea6ed-4187-4a18-b0ca-3f02760bda75",
            "1783b848-ad5a-4e71-9b82-c5fa187c420c"
          ]
        }
      ],
      "Page": 1
    },
    {
      "BlockType": "LINE",
      "Confidence": 99.88916778564453,
      "Text": "50.8",
      "Geometry": {
        "BoundingBox": {
          "Width": 0.02907922863960266,
          "Height": 0.016213666647672653,
          "Left": 0.5366159677505493,
          "Top": 0.4825284481048584
        },
        "Polygon": [
          {
            "X": 0.5366159677505493,
            "Y": 0.4825476109981537
          },
          {
            "X": 0.565575122833252,
            "Y": 0.4825284481048584
          },
          {
            "X": 0.5656952261924744,
            "Y": 0.4987243115901947
          },
          {
            "X": 0.5367361307144165,
            "Y": 0.49874210357666016
          }
        ]
      },
      "Id": "5b37371c-c0c3-4cf0-ae38-b1ddc8424eaf",
      "Relationships": [
        {
          "Type": "CHILD",
          "Ids": [
            "94dfc4c0-2570-45ed-85ae-c8ca1a6cc2f3"
          ]
        }
      ],
      "Page": 1
    },
    {
      "BlockType": "LINE",
      "Confidence": 99.75670623779297,
      "Text": "100%DOL-DDM",
      "Geometry": {
        "BoundingBox": {
          "Width": 0.10520019382238388,
          "Height": 0.01642611250281334,
          "Left": 0.2726997435092926,
          "Top": 0.5093505382537842
        },
        "Polygon": [
          {
            "X": 0.2726997435092926,
            "Y": 0.5094117522239685
          },
          {
            "X": 0.3777782618999481,
            "Y": 0.5093505382537842
          },
          {
            "X": 0.3778999149799347,
            "Y": 0.5257205367088318
          },
          {
            "X": 0.2728215157985687,
            "Y": 0.5257766246795654
          }
        ]
      },
      "Id": "f719b359-c48f-4ee4-a969-3fada3f8f15a",
      "Relationships": [
        {
          "Type": "CHILD",
          "Ids": [
            "db18d722-3567-4d6c-8d2c-27c21269477a"
          ]
        }
      ],
      "Page": 1
    },
    {
      "BlockType": "LINE",
      "Confidence": 97.66533660888672,
      "Text": "52.4",
      "Geometry": {
        "BoundingBox": {
          "Width": 0.029807472601532936,
          "Height": 0.01666705124080181,
          "Left": 0.5366811156272888,
          "Top": 0.5094156265258789
        },
        "Polygon": [
          {
            "X": 0.5366811156272888,
            "Y": 0.5094329118728638
          },
          {
            "X": 0.566365122795105,
            "Y": 0.5094156265258789
          },
          {
            "X": 0.5664885640144348,
            "Y": 0.5260668992996216
          },
          {
            "X": 0.5368045568466187,
            "Y": 0.5260826945304871
          }
        ]
      },
      "Id": "1120f045-0ece-421b-a5ab-cc80d911565b",
      "Relationships": [
        {
          "Type": "CHILD",
          "Ids": [
            "79c60694-612f-4849-b445-ee8e300fdd3b"
          ]
        }
      ],
      "Page": 1
    },
    {
      "BlockType": "LINE",
      "Confidence": 99.8545913696289,
      "Text": "25% DKL-DDM",
      "Geometry": {
        "BoundingBox": {
          "Width": 0.10225692391395569,
          "Height": 0.01670096442103386,
          "Left": 0.2714235782623291,
          "Top": 0.5455849766731262
        },
        "Polygon": [
          {
            "X": 0.2714235782623291,
            "Y": 0.5456334352493286
          },
          {
            "X": 0.3735567033290863,
            "Y": 0.5455849766731262
          },
          {
            "X": 0.3736805021762848,
            "Y": 0.5622425675392151
          },
          {
            "X": 0.27154749631881714,
            "Y": 0.5622859597206116
          }
        ]
      },
      "Id": "36d6f555-1e9e-44f3-a302-aa65888e0584",
      "Relationships": [
        {
          "Type": "CHILD",
          "Ids": [
            "7a8ee1a4-7082-42ec-a128-5322f27711ae",
            "c6946a35-3d02-454d-bdcd-2a721dea051e"
          ]
        }
      ],
      "Page": 1
    },
    {
      "BlockType": "LINE",
      "Confidence": 99.85588836669922,
      "Text": "45.1",
      "Geometry": {
        "BoundingBox": {
          "Width": 0.027952102944254875,
          "Height": 0.016256891191005707,
          "Left": 0.5361259579658508,
          "Top": 0.5459688305854797
        },
        "Polygon": [
          {
            "X": 0.5361259579658508,
            "Y": 0.5459820032119751
          },
          {
            "X": 0.5639576315879822,
            "Y": 0.5459688305854797
          },
          {
            "X": 0.5640780329704285,
            "Y": 0.5622138977050781
          },
          {
            "X": 0.5362464189529419,
            "Y": 0.5622256994247437
          }
        ]
      },
      "Id": "7ddecd25-d0cd-48e8-9db8-98894820c181",
      "Relationships": [
        {
          "Type": "CHILD",
          "Ids": [
            "3bcdafce-9825-47f0-819a-b5f7d733d577"
          ]
        }
      ],
      "Page": 1
    },
    {
      "BlockType": "LINE",
      "Confidence": 99.86528778076172,
      "Text": "50% DKL-DDM",
      "Geometry": {
        "BoundingBox": {
          "Width": 0.10187019407749176,
          "Height": 0.01619824394583702,
          "Left": 0.2716113030910492,
          "Top": 0.5719408392906189
        },
        "Polygon": [
          {
            "X": 0.2716113030910492,
            "Y": 0.5719811320304871
          },
          {
            "X": 0.37336137890815735,
            "Y": 0.5719408392906189
          },
          {
            "X": 0.37348151206970215,
            "Y": 0.588103711605072
          },
          {
            "X": 0.27173155546188354,
            "Y": 0.5881391167640686
          }
        ]
      },
      "Id": "9e9f65dc-d2c3-420b-a19e-b19b3b531478",
      "Relationships": [
        {
          "Type": "CHILD",
          "Ids": [
            "d11eab63-d6d3-4a2c-8f8c-c9767692fdc7",
            "5d729ac6-f31b-4ef7-9b36-6cfb16bc1699"
          ]
        }
      ],
      "Page": 1
    },
    {
      "BlockType": "LINE",
      "Confidence": 99.0794448852539,
      "Text": "50.8",
      "Geometry": {
        "BoundingBox": {
          "Width": 0.028990324586629868,
          "Height": 0.016111500561237335,
          "Left": 0.5366491675376892,
          "Top": 0.5721957087516785
        },
        "Polygon": [
          {
            "X": 0.5366491675376892,
            "Y": 0.5722071528434753
          },
          {
            "X": 0.5655201077461243,
            "Y": 0.5721957087516785
          },
          {
            "X": 0.5656394958496094,
            "Y": 0.5882971882820129
          },
          {
            "X": 0.5367685556411743,
            "Y": 0.58830726146698
          }
        ]
      },
      "Id": "1893ab2e-529b-480d-8d66-a83ac1c8f30d",
      "Relationships": [
        {
          "Type": "CHILD",
          "Ids": [
            "68b6ca97-f86c-4b79-9873-34c1f83c710c"
          ]
        }
      ],
      "Page": 1
    },
    {
      "BlockType": "LINE",
      "Confidence": 99.84200286865234,
      "Text": "75% DKL-DDM",
      "Geometry": {
        "BoundingBox": {
          "Width": 0.10194772481918335,
          "Height": 0.01629304699599743,
          "Left": 0.27149325609207153,
          "Top": 0.5991326570510864
        },
        "Polygon": [
          {
            "X": 0.27149325609207153,
            "Y": 0.5991647243499756
          },
          {
            "X": 0.373320072889328,
            "Y": 0.5991326570510864
          },
          {
            "X": 0.3734409809112549,
            "Y": 0.6153985857963562
          },
          {
            "X": 0.2716142535209656,
            "Y": 0.615425705909729
          }
        ]
      },
      "Id": "d74a44ec-ca87-4f24-8222-01efe0955c68",
      "Relationships": [
        {
          "Type": "CHILD",
          "Ids": [
            "d1f1edf6-8200-44c6-95ad-6820cce20e9d",
            "a1c8bc7f-2029-4090-a243-fabd688382ff"
          ]
        }
      ],
      "Page": 1
    },
    {
      "BlockType": "LINE",
      "Confidence": 63.8964729309082,
      "Text": "55,5",
      "Geometry": {
        "BoundingBox": {
          "Width": 0.029011277481913567,
          "Height": 0.016330888494849205,
          "Left": 0.536786675453186,
          "Top": 0.5992941856384277
        },
        "Polygon": [
          {
            "X": 0.536786675453186,
            "Y": 0.5993033051490784
          },
          {
            "X": 0.5656769275665283,
            "Y": 0.5992941856384277
          },
          {
            "X": 0.5657979846000671,
            "Y": 0.6156174540519714
          },
          {
            "X": 0.5369077324867249,
            "Y": 0.6156250834465027
          }
        ]
      },
      "Id": "f75e1d49-31bc-4b47-9a6f-15aedbe07769",
      "Relationships": [
        {
          "Type": "CHILD",
          "Ids": [
            "b74f2884-51cf-46ec-b74d-4eb1c1334317"
          ]
        }
      ],
      "Page": 1
    },
    {
      "BlockType": "LINE",
      "Confidence": 99.72596740722656,
      "Text": "100%DKL-DDM",
      "Geometry": {
        "BoundingBox": {
          "Width": 0.10462576150894165,
          "Height": 0.01617637649178505,
          "Left": 0.272657573223114,
          "Top": 0.6263808012008667
        },
        "Polygon": [
          {
            "X": 0.272657573223114,
            "Y": 0.6264051795005798
          },
          {
            "X": 0.37716326117515564,
            "Y": 0.6263808012008667
          },
          {
            "X": 0.37728333473205566,
            "Y": 0.6425377726554871
          },
          {
            "X": 0.272777795791626,
            "Y": 0.6425571441650391
          }
        ]
      },
      "Id": "1004e14a-407d-488b-b1dc-6521a0ee99ed",
      "Relationships": [
        {
          "Type": "CHILD",
          "Ids": [
            "21b4a012-c810-4d58-ae14-97ead49b767b"
          ]
        }
      ],
      "Page": 1
    },
    {
      "BlockType": "LINE",
      "Confidence": 74.92276763916016,
      "Text": "42.4",
      "Geometry": {
        "BoundingBox": {
          "Width": 0.03080104850232601,
          "Height": 0.016543962061405182,
          "Left": 0.5359347462654114,
          "Top": 0.6263076066970825
        },
        "Polygon": [
          {
            "X": 0.5359347462654114,
            "Y": 0.6263148188591003
          },
          {
            "X": 0.5666131377220154,
            "Y": 0.6263076066970825
          },
          {
            "X": 0.5667358040809631,
            "Y": 0.6428459286689758
          },
          {
            "X": 0.5360573530197144,
            "Y": 0.6428515911102295
          }
        ]
      },
      "Id": "b9175079-7fcb-4378-954c-a52152af2fc7",
      "Relationships": [
        {
          "Type": "CHILD",
          "Ids": [
            "10e3cc82-0860-4bad-bd10-48a55490e950"
          ]
        }
      ],
      "Page": 1
    },
    {
      "BlockType": "WORD",
      "Confidence": 99.96359252929688,
      "Text": "Sample",
      "TextType": "PRINTED",
      "Geometry": {
        "BoundingBox": {
          "Width": 0.05168065056204796,
          "Height": 0.02116423286497593,
          "Left": 0.2712690234184265,
          "Top": 0.35254764556884766
        },
        "Polygon": [
          {
            "X": 0.2712690234184265,
            "Y": 0.3526017665863037
          },
          {
            "X": 0.322792649269104,
            "Y": 0.35254764556884766
          },
          {
            "X": 0.32294967770576477,
            "Y": 0.37366101145744324
          },
          {
            "X": 0.27142611145973206,
            "Y": 0.37371188402175903
          }
        ]
      },
      "Id": "02de8e7f-cdcb-4c6e-9d98-7354ebb5bfc6",
      "Page": 1
    },
    {
      "BlockType": "WORD",
      "Confidence": 99.98460388183594,
      "Text": "name",
      "TextType": "PRINTED",
      "Geometry": {
        "BoundingBox": {
          "Width": 0.03915649279952049,
          "Height": 0.012338969856500626,
          "Left": 0.32788026332855225,
          "Top": 0.3567468225955963
        },
        "Polygon": [
          {
            "X": 0.32788026332855225,
            "Y": 0.3567873537540436
          },
          {
            "X": 0.3669453263282776,
            "Y": 0.3567468225955963
          },
          {
            "X": 0.36703675985336304,
            "Y": 0.369046688079834
          },
          {
            "X": 0.3279717266559601,
            "Y": 0.36908578872680664
          }
        ]
      },
      "Id": "a9910c07-8230-4771-9919-e034078d32a7",
      "Page": 1
    },
    {
      "BlockType": "WORD",
      "Confidence": 99.9092788696289,
      "Text": "Activation",
      "TextType": "PRINTED",
      "Geometry": {
        "BoundingBox": {
          "Width": 0.07173613458871841,
          "Height": 0.016909558326005936,
          "Left": 0.5360763072967529,
          "Top": 0.3523623049259186
        },
        "Polygon": [
          {
            "X": 0.5360763072967529,
            "Y": 0.35243749618530273
          },
          {
            "X": 0.6076876521110535,
            "Y": 0.3523623049259186
          },
          {
            "X": 0.6078124046325684,
            "Y": 0.36920028924942017
          },
          {
            "X": 0.5362011790275574,
            "Y": 0.3692718744277954
          }
        ]
      },
      "Id": "c584b20d-f992-4a3d-b8bb-1636cb054eb0",
      "Page": 1
    },
    {
      "BlockType": "WORD",
      "Confidence": 99.96963500976562,
      "Text": "energy",
      "TextType": "PRINTED",
      "Geometry": {
        "BoundingBox": {
          "Width": 0.04804239049553871,
          "Height": 0.01741648092865944,
          "Left": 0.6128596663475037,
          "Top": 0.3558739125728607
        },
        "Polygon": [
          {
            "X": 0.6128596663475037,
            "Y": 0.35592371225357056
          },
          {
            "X": 0.6607733964920044,
            "Y": 0.3558739125728607
          },
          {
            "X": 0.6609020233154297,
            "Y": 0.3732430636882782
          },
          {
            "X": 0.6129883527755737,
            "Y": 0.37329038977622986
          }
        ]
      },
      "Id": "c1c2624e-dc62-4e51-ac81-465368784e33",
      "Page": 1
    },
    {
      "BlockType": "WORD",
      "Confidence": 84.43927001953125,
      "Text": "(kJ/mol)",
      "TextType": "PRINTED",
      "Geometry": {
        "BoundingBox": {
          "Width": 0.05720335245132446,
          "Height": 0.021478742361068726,
          "Left": 0.665878176689148,
          "Top": 0.3522053360939026
        },
        "Polygon": [
          {
            "X": 0.665878176689148,
            "Y": 0.35226523876190186
          },
          {
            "X": 0.7229229807853699,
            "Y": 0.3522053360939026
          },
          {
            "X": 0.7230815291404724,
            "Y": 0.37362784147262573
          },
          {
            "X": 0.6660367250442505,
            "Y": 0.3736840784549713
          }
        ]
      },
      "Id": "8ab54421-d5f4-401d-aec5-17ef9f800816",
      "Page": 1
    },
    {
      "BlockType": "WORD",
      "Confidence": 99.41004180908203,
      "Text": "DGEBA-DDM",
      "TextType": "PRINTED",
      "Geometry": {
        "BoundingBox": {
          "Width": 0.09125784784555435,
          "Height": 0.016049250960350037,
          "Left": 0.27170127630233765,
          "Top": 0.3929886817932129
        },
        "Polygon": [
          {
            "X": 0.27170127630233765,
            "Y": 0.3930734097957611
          },
          {
            "X": 0.3628404140472412,
            "Y": 0.3929886817932129
          },
          {
            "X": 0.3629591166973114,
            "Y": 0.4089575707912445
          },
          {
            "X": 0.271820068359375,
            "Y": 0.4090379476547241
          }
        ]
      },
      "Id": "1a78dac6-6e1e-4287-b344-04f60ad8c40d",
      "Page": 1
    },
    {
      "BlockType": "WORD",
      "Confidence": 77.1425552368164,
      "Text": "48.4",
      "TextType": "PRINTED",
      "Geometry": {
        "BoundingBox": {
          "Width": 0.030185647308826447,
          "Height": 0.016111502423882484,
          "Left": 0.5362645983695984,
          "Top": 0.39287814497947693
        },
        "Polygon": [
          {
            "X": 0.5362645983695984,
            "Y": 0.3929060995578766
          },
          {
            "X": 0.5663309693336487,
            "Y": 0.39287814497947693
          },
          {
            "X": 0.5664502382278442,
            "Y": 0.4089631736278534
          },
          {
            "X": 0.536383867263794,
            "Y": 0.40898966789245605
          }
        ]
      },
      "Id": "de281802-f9c9-4653-9506-277c105d2821",
      "Page": 1
    },
    {
      "BlockType": "WORD",
      "Confidence": 99.90384674072266,
      "Text": "25%",
      "TextType": "PRINTED",
      "Geometry": {
        "BoundingBox": {
          "Width": 0.02739742025732994,
          "Height": 0.016567004844546318,
          "Left": 0.27126288414001465,
          "Top": 0.42893338203430176
        },
        "Polygon": [
          {
            "X": 0.27126288414001465,
            "Y": 0.4289558231830597
          },
          {
            "X": 0.2985372245311737,
            "Y": 0.42893338203430176
          },
          {
            "X": 0.2986603081226349,
            "Y": 0.44547930359840393
          },
          {
            "X": 0.2713859975337982,
            "Y": 0.44550037384033203
          }
        ]
      },
      "Id": "a649cba1-faea-4d69-92fb-7d119cd65c7e",
      "Page": 1
    },
    {
      "BlockType": "WORD",
      "Confidence": 99.71147155761719,
      "Text": "DOL-DDM",
      "TextType": "PRINTED",
      "Geometry": {
        "BoundingBox": {
          "Width": 0.07106145471334457,
          "Height": 0.016214538365602493,
          "Left": 0.30378785729408264,
          "Top": 0.42902761697769165
        },
        "Polygon": [
          {
            "X": 0.30378785729408264,
            "Y": 0.42908594012260437
          },
          {
            "X": 0.3747292160987854,
            "Y": 0.42902761697769165
          },
          {
            "X": 0.3748493194580078,
            "Y": 0.4451872408390045
          },
          {
            "X": 0.3039080500602722,
            "Y": 0.44524213671684265
          }
        ]
      },
      "Id": "c028f951-adfc-4fbf-b1dd-289e93101c11",
      "Page": 1
    },
    {
      "BlockType": "WORD",
      "Confidence": 76.7045669555664,
      "Text": "48.3",
      "TextType": "PRINTED",
      "Geometry": {
        "BoundingBox": {
          "Width": 0.029085960239171982,
          "Height": 0.016327079385519028,
          "Left": 0.5363457798957825,
          "Top": 0.4291379749774933
        },
        "Polygon": [
          {
            "X": 0.5363457798957825,
            "Y": 0.42916175723075867
          },
          {
            "X": 0.5653108358383179,
            "Y": 0.4291379749774933
          },
          {
            "X": 0.5654317140579224,
            "Y": 0.44544267654418945
          },
          {
            "X": 0.5364667177200317,
            "Y": 0.4454650580883026
          }
        ]
      },
      "Id": "10933621-7fc1-4a39-a0c3-925276d4ead4",
      "Page": 1
    },
    {
      "BlockType": "WORD",
      "Confidence": 99.97948455810547,
      "Text": "50%",
      "TextType": "PRINTED",
      "Geometry": {
        "BoundingBox": {
          "Width": 0.02728438377380371,
          "Height": 0.016709519550204277,
          "Left": 0.2714516520500183,
          "Top": 0.45487743616104126
        },
        "Polygon": [
          {
            "X": 0.2714516520500183,
            "Y": 0.4548977017402649
          },
          {
            "X": 0.2986118793487549,
            "Y": 0.45487743616104126
          },
          {
            "X": 0.298736035823822,
            "Y": 0.4715680778026581
          },
          {
            "X": 0.2715758681297302,
            "Y": 0.4715869724750519
          }
        ]
      },
      "Id": "416379a9-86b8-4803-ae94-77b10d553354",
      "Page": 1
    },
    {
      "BlockType": "WORD",
      "Confidence": 99.7850341796875,
      "Text": "DOL-DDM",
      "TextType": "PRINTED",
      "Geometry": {
        "BoundingBox": {
          "Width": 0.07073033601045609,
          "Height": 0.01627519354224205,
          "Left": 0.30391350388526917,
          "Top": 0.45501577854156494
        },
        "Polygon": [
          {
            "X": 0.30391350388526917,
            "Y": 0.45506834983825684
          },
          {
            "X": 0.37452325224876404,
            "Y": 0.45501577854156494
          },
          {
            "X": 0.37464383244514465,
            "Y": 0.4712418019771576
          },
          {
            "X": 0.30403417348861694,
            "Y": 0.4712909758090973
          }
        ]
      },
      "Id": "1160b429-c80a-41de-9581-989a413b2d5f",
      "Page": 1
    },
    {
      "BlockType": "WORD",
      "Confidence": 89.92477416992188,
      "Text": "51.9",
      "TextType": "PRINTED",
      "Geometry": {
        "BoundingBox": {
          "Width": 0.02940172329545021,
          "Height": 0.016495736315846443,
          "Left": 0.5366425514221191,
          "Top": 0.4551299810409546
        },
        "Polygon": [
          {
            "X": 0.5366425514221191,
            "Y": 0.45515176653862
          },
          {
            "X": 0.5659221410751343,
            "Y": 0.4551299810409546
          },
          {
            "X": 0.566044270992279,
            "Y": 0.4716053903102875
          },
          {
            "X": 0.5367647409439087,
            "Y": 0.4716257154941559
          }
        ]
      },
      "Id": "6fc1befb-5222-4cb4-b03f-69abb2c033f9",
      "Page": 1
    },
    {
      "BlockType": "WORD",
      "Confidence": 99.96500396728516,
      "Text": "75%",
      "TextType": "PRINTED",
      "Geometry": {
        "BoundingBox": {
          "Width": 0.02727770246565342,
          "Height": 0.016751695424318314,
          "Left": 0.27146297693252563,
          "Top": 0.4820829927921295
        },
        "Polygon": [
          {
            "X": 0.27146297693252563,
            "Y": 0.4821010231971741
          },
          {
            "X": 0.2986161708831787,
            "Y": 0.4820829927921295
          },
          {
            "X": 0.2987406849861145,
            "Y": 0.4988180100917816
          },
          {
            "X": 0.2715874910354614,
            "Y": 0.4988346993923187
          }
        ]
      },
      "Id": "488ea6ed-4187-4a18-b0ca-3f02760bda75",
      "Page": 1
    },
    {
      "BlockType": "WORD",
      "Confidence": 99.7777328491211,
      "Text": "DOL-DDM",
      "TextType": "PRINTED",
      "Geometry": {
        "BoundingBox": {
          "Width": 0.07121845334768295,
          "Height": 0.01629631221294403,
          "Left": 0.303708553314209,
          "Top": 0.48229801654815674
        },
        "Polygon": [
          {
            "X": 0.303708553314209,
            "Y": 0.48234519362449646
          },
          {
            "X": 0.3748061954975128,
            "Y": 0.48229801654815674
          },
          {
            "X": 0.37492701411247253,
            "Y": 0.4985506236553192
          },
          {
            "X": 0.3038294315338135,
            "Y": 0.49859434366226196
          }
        ]
      },
      "Id": "1783b848-ad5a-4e71-9b82-c5fa187c420c",
      "Page": 1
    },
    {
      "BlockType": "WORD",
      "Confidence": 99.88916778564453,
      "Text": "50.8",
      "TextType": "PRINTED",
      "Geometry": {
        "BoundingBox": {
          "Width": 0.02907922863960266,
          "Height": 0.016213666647672653,
          "Left": 0.5366159677505493,
          "Top": 0.4825284481048584
        },
        "Polygon": [
          {
            "X": 0.5366159677505493,
            "Y": 0.4825476109981537
          },
          {
            "X": 0.565575122833252,
            "Y": 0.4825284481048584
          },
          {
            "X": 0.5656952261924744,
            "Y": 0.4987243115901947
          },
          {
            "X": 0.5367361307144165,
            "Y": 0.49874210357666016
          }
        ]
      },
      "Id": "94dfc4c0-2570-45ed-85ae-c8ca1a6cc2f3",
      "Page": 1
    },
    {
      "BlockType": "WORD",
      "Confidence": 99.75670623779297,
      "Text": "100%DOL-DDM",
      "TextType": "PRINTED",
      "Geometry": {
        "BoundingBox": {
          "Width": 0.10520019382238388,
          "Height": 0.01642611250281334,
          "Left": 0.2726997435092926,
          "Top": 0.5093505382537842
        },
        "Polygon": [
          {
            "X": 0.2726997435092926,
            "Y": 0.5094117522239685
          },
          {
            "X": 0.3777782618999481,
            "Y": 0.5093505382537842
          },
          {
            "X": 0.3778999149799347,
            "Y": 0.5257205367088318
          },
          {
            "X": 0.2728215157985687,
            "Y": 0.5257766246795654
          }
        ]
      },
      "Id": "db18d722-3567-4d6c-8d2c-27c21269477a",
      "Page": 1
    },
    {
      "BlockType": "WORD",
      "Confidence": 97.66533660888672,
      "Text": "52.4",
      "TextType": "PRINTED",
      "Geometry": {
        "BoundingBox": {
          "Width": 0.029807472601532936,
          "Height": 0.01666705124080181,
          "Left": 0.5366811156272888,
          "Top": 0.5094156265258789
        },
        "Polygon": [
          {
            "X": 0.5366811156272888,
            "Y": 0.5094329118728638
          },
          {
            "X": 0.566365122795105,
            "Y": 0.5094156265258789
          },
          {
            "X": 0.5664885640144348,
            "Y": 0.5260668992996216
          },
          {
            "X": 0.5368045568466187,
            "Y": 0.5260826945304871
          }
        ]
      },
      "Id": "79c60694-612f-4849-b445-ee8e300fdd3b",
      "Page": 1
    },
    {
      "BlockType": "WORD",
      "Confidence": 99.95323181152344,
      "Text": "25%",
      "TextType": "PRINTED",
      "Geometry": {
        "BoundingBox": {
          "Width": 0.02729947492480278,
          "Height": 0.016665395349264145,
          "Left": 0.2714235782623291,
          "Top": 0.5456205606460571
        },
        "Polygon": [
          {
            "X": 0.2714235782623291,
            "Y": 0.5456334352493286
          },
          {
            "X": 0.29859915375709534,
            "Y": 0.5456205606460571
          },
          {
            "X": 0.298723042011261,
            "Y": 0.5622743964195251
          },
          {
            "X": 0.27154749631881714,
            "Y": 0.5622859597206116
          }
        ]
      },
      "Id": "7a8ee1a4-7082-42ec-a128-5322f27711ae",
      "Page": 1
    },
    {
      "BlockType": "WORD",
      "Confidence": 99.75594329833984,
      "Text": "DKL-DDM",
      "TextType": "PRINTED",
      "Geometry": {
        "BoundingBox": {
          "Width": 0.06999673694372177,
          "Height": 0.01605106145143509,
          "Left": 0.3036814332008362,
          "Top": 0.5459074378013611
        },
        "Polygon": [
          {
            "X": 0.3036814332008362,
            "Y": 0.5459405183792114
          },
          {
            "X": 0.3735590875148773,
            "Y": 0.5459074378013611
          },
          {
            "X": 0.37367817759513855,
            "Y": 0.5619287490844727
          },
          {
            "X": 0.3038005828857422,
            "Y": 0.5619584918022156
          }
        ]
      },
      "Id": "c6946a35-3d02-454d-bdcd-2a721dea051e",
      "Page": 1
    },
    {
      "BlockType": "WORD",
      "Confidence": 99.85588836669922,
      "Text": "45.1",
      "TextType": "PRINTED",
      "Geometry": {
        "BoundingBox": {
          "Width": 0.027952102944254875,
          "Height": 0.016256891191005707,
          "Left": 0.5361259579658508,
          "Top": 0.5459688305854797
        },
        "Polygon": [
          {
            "X": 0.5361259579658508,
            "Y": 0.5459820032119751
          },
          {
            "X": 0.5639576315879822,
            "Y": 0.5459688305854797
          },
          {
            "X": 0.5640780329704285,
            "Y": 0.5622138977050781
          },
          {
            "X": 0.5362464189529419,
            "Y": 0.5622256994247437
          }
        ]
      },
      "Id": "3bcdafce-9825-47f0-819a-b5f7d733d577",
      "Page": 1
    },
    {
      "BlockType": "WORD",
      "Confidence": 99.97059631347656,
      "Text": "50%",
      "TextType": "PRINTED",
      "Geometry": {
        "BoundingBox": {
          "Width": 0.02712344564497471,
          "Height": 0.01616865023970604,
          "Left": 0.2716113030910492,
          "Top": 0.5719704627990723
        },
        "Polygon": [
          {
            "X": 0.2716113030910492,
            "Y": 0.5719811320304871
          },
          {
            "X": 0.2986145615577698,
            "Y": 0.5719704627990723
          },
          {
            "X": 0.29873475432395935,
            "Y": 0.5881296992301941
          },
          {
            "X": 0.27173155546188354,
            "Y": 0.5881391167640686
          }
        ]
      },
      "Id": "d11eab63-d6d3-4a2c-8f8c-c9767692fdc7",
      "Page": 1
    },
    {
      "BlockType": "WORD",
      "Confidence": 99.75997924804688,
      "Text": "DKL-DDM",
      "TextType": "PRINTED",
      "Geometry": {
        "BoundingBox": {
          "Width": 0.06985866278409958,
          "Height": 0.01606142334640026,
          "Left": 0.30362242460250854,
          "Top": 0.5720105171203613
        },
        "Polygon": [
          {
            "X": 0.30362242460250854,
            "Y": 0.5720381140708923
          },
          {
            "X": 0.3733619153499603,
            "Y": 0.5720105171203613
          },
          {
            "X": 0.3734810948371887,
            "Y": 0.5880476832389832
          },
          {
            "X": 0.3037416934967041,
            "Y": 0.5880719423294067
          }
        ]
      },
      "Id": "5d729ac6-f31b-4ef7-9b36-6cfb16bc1699",
      "Page": 1
    },
    {
      "BlockType": "WORD",
      "Confidence": 99.0794448852539,
      "Text": "50.8",
      "TextType": "PRINTED",
      "Geometry": {
        "BoundingBox": {
          "Width": 0.028990324586629868,
          "Height": 0.016111500561237335,
          "Left": 0.5366491675376892,
          "Top": 0.5721957087516785
        },
        "Polygon": [
          {
            "X": 0.5366491675376892,
            "Y": 0.5722071528434753
          },
          {
            "X": 0.5655201077461243,
            "Y": 0.5721957087516785
          },
          {
            "X": 0.5656394958496094,
            "Y": 0.5882971882820129
          },
          {
            "X": 0.5367685556411743,
            "Y": 0.58830726146698
          }
        ]
      },
      "Id": "68b6ca97-f86c-4b79-9873-34c1f83c710c",
      "Page": 1
    },
    {
      "BlockType": "WORD",
      "Confidence": 99.92242431640625,
      "Text": "75%",
      "TextType": "PRINTED",
      "Geometry": {
        "BoundingBox": {
          "Width": 0.027236271649599075,
          "Height": 0.01626952365040779,
          "Left": 0.27149325609207153,
          "Top": 0.5991562008857727
        },
        "Polygon": [
          {
            "X": 0.27149325609207153,
            "Y": 0.5991647243499756
          },
          {
            "X": 0.29860854148864746,
            "Y": 0.5991562008857727
          },
          {
            "X": 0.2987295389175415,
            "Y": 0.6154184937477112
          },
          {
            "X": 0.2716142535209656,
            "Y": 0.615425705909729
          }
        ]
      },
      "Id": "d1f1edf6-8200-44c6-95ad-6820cce20e9d",
      "Page": 1
    },
    {
      "BlockType": "WORD",
      "Confidence": 99.76158905029297,
      "Text": "DKL-DDM",
      "TextType": "PRINTED",
      "Geometry": {
        "BoundingBox": {
          "Width": 0.07006017118692398,
          "Height": 0.016039559617638588,
          "Left": 0.30337944626808167,
          "Top": 0.5991929769515991
        },
        "Polygon": [
          {
            "X": 0.30337944626808167,
            "Y": 0.5992149710655212
          },
          {
            "X": 0.3733205199241638,
            "Y": 0.5991929769515991
          },
          {
            "X": 0.37343961000442505,
            "Y": 0.6152138710021973
          },
          {
            "X": 0.30349859595298767,
            "Y": 0.615232527256012
          }
        ]
      },
      "Id": "a1c8bc7f-2029-4090-a243-fabd688382ff",
      "Page": 1
    },
    {
      "BlockType": "WORD",
      "Confidence": 63.8964729309082,
      "Text": "55,5",
      "TextType": "PRINTED",
      "Geometry": {
        "BoundingBox": {
          "Width": 0.029011277481913567,
          "Height": 0.016330888494849205,
          "Left": 0.536786675453186,
          "Top": 0.5992941856384277
        },
        "Polygon": [
          {
            "X": 0.536786675453186,
            "Y": 0.5993033051490784
          },
          {
            "X": 0.5656769275665283,
            "Y": 0.5992941856384277
          },
          {
            "X": 0.5657979846000671,
            "Y": 0.6156174540519714
          },
          {
            "X": 0.5369077324867249,
            "Y": 0.6156250834465027
          }
        ]
      },
      "Id": "b74f2884-51cf-46ec-b74d-4eb1c1334317",
      "Page": 1
    },
    {
      "BlockType": "WORD",
      "Confidence": 99.72596740722656,
      "Text": "100%DKL-DDM",
      "TextType": "PRINTED",
      "Geometry": {
        "BoundingBox": {
          "Width": 0.10462576150894165,
          "Height": 0.01617637649178505,
          "Left": 0.272657573223114,
          "Top": 0.6263808012008667
        },
        "Polygon": [
          {
            "X": 0.272657573223114,
            "Y": 0.6264051795005798
          },
          {
            "X": 0.37716326117515564,
            "Y": 0.6263808012008667
          },
          {
            "X": 0.37728333473205566,
            "Y": 0.6425377726554871
          },
          {
            "X": 0.272777795791626,
            "Y": 0.6425571441650391
          }
        ]
      },
      "Id": "21b4a012-c810-4d58-ae14-97ead49b767b",
      "Page": 1
    },
    {
      "BlockType": "WORD",
      "Confidence": 74.92276763916016,
      "Text": "42.4",
      "TextType": "PRINTED",
      "Geometry": {
        "BoundingBox": {
          "Width": 0.03080104850232601,
          "Height": 0.016543962061405182,
          "Left": 0.5359347462654114,
          "Top": 0.6263076066970825
        },
        "Polygon": [
          {
            "X": 0.5359347462654114,
            "Y": 0.6263148188591003
          },
          {
            "X": 0.5666131377220154,
            "Y": 0.6263076066970825
          },
          {
            "X": 0.5667358040809631,
            "Y": 0.6428459286689758
          },
          {
            "X": 0.5360573530197144,
            "Y": 0.6428515911102295
          }
        ]
      },
      "Id": "10e3cc82-0860-4bad-bd10-48a55490e950",
      "Page": 1
    },
    {
      "BlockType": "TABLE",
      "Confidence": 98.046875,
      "Geometry": {
        "BoundingBox": {
          "Width": 0.49708420038223267,
          "Height": 0.3161337971687317,
          "Left": 0.2511988878250122,
          "Top": 0.3417564332485199
        },
        "Polygon": [
          {
            "X": 0.2511988878250122,
            "Y": 0.34229129552841187
          },
          {
            "X": 0.7459450960159302,
            "Y": 0.3417564332485199
          },
          {
            "X": 0.7482830882072449,
            "Y": 0.6578211188316345
          },
          {
            "X": 0.2535480856895447,
            "Y": 0.657890260219574
          }
        ]
      },
      "Id": "6c60a63f-e87a-477f-813b-b29bb32f1e38",
      "Relationships": [
        {
          "Type": "CHILD",
          "Ids": [
            "40d9df51-95e9-4431-a9dd-4c98bb9cfaa8",
            "8f7ecf4d-e73a-4c44-9758-9fa9df33a2b4",
            "f0a53b81-1421-4d14-be9d-77cf6c23851a",
            "9546364a-4a14-42e7-bb37-d2db685e8e0a",
            "72fffa2a-f669-4c94-86e4-ed68efd49132",
            "96376e0d-8d9b-4074-86e7-3fb81fe10ebb",
            "ac2b44bb-4a3b-45b1-8a74-fbf5bebbad1d",
            "875c3384-5a13-4152-8fdc-9a40dde31adf",
            "3a0c6b45-2759-48a0-8ecf-8193c4583351",
            "35f50367-b273-46ee-abbf-ce8a5f0e20bd",
            "26817957-a8c5-4b83-b6b5-18068472e61a",
            "4c5035d4-cfa1-4580-b027-3fbde16b6e4a",
            "122b90e3-ca7f-4e0c-9053-67fca9c06c18",
            "ee9ff8df-0087-4d37-9d70-a20ae82d236c",
            "733b40f6-39ff-43a8-8ae6-558ac6bc5b32",
            "89f78dff-d351-466c-9127-1bc7d6fa782f",
            "ef2d8486-f601-48b0-95d1-0815c4a2324e",
            "91571cfc-5617-4ef7-a20d-9d4535884daf",
            "e13d0da5-c91b-4cf7-8a80-f6f8d30e4504",
            "5f9fd4f7-2905-44fc-bdf1-a6269ac07588"
          ]
        }
      ],
      "EntityTypes": [
        "STRUCTURED_TABLE"
      ],
      "Page": 1
    },
    {
      "BlockType": "CELL",
      "Confidence": 82.763671875,
      "RowIndex": 1,
      "ColumnIndex": 1,
      "RowSpan": 1,
      "ColumnSpan": 1,
      "Geometry": {
        "BoundingBox": {
          "Width": 0.20774692296981812,
          "Height": 0.03835603594779968,
          "Left": 0.2511988878250122,
          "Top": 0.34206700325012207
        },
        "Polygon": [
          {
            "X": 0.2511988878250122,
            "Y": 0.34229129552841187
          },
          {
            "X": 0.4586625397205353,
            "Y": 0.34206700325012207
          },
          {
            "X": 0.4589458107948303,
            "Y": 0.380222350358963
          },
          {
            "X": 0.2514827251434326,
            "Y": 0.38042303919792175
          }
        ]
      },
      "Id": "40d9df51-95e9-4431-a9dd-4c98bb9cfaa8",
      "Relationships": [
        {
          "Type": "CHILD",
          "Ids": [
            "02de8e7f-cdcb-4c6e-9d98-7354ebb5bfc6",
            "a9910c07-8230-4771-9919-e034078d32a7"
          ]
        }
      ],
      "EntityTypes": [
        "COLUMN_HEADER"
      ],
      "Page": 1
    },
    {
      "BlockType": "CELL",
      "Confidence": 82.91015625,
      "RowIndex": 1,
      "ColumnIndex": 2,
      "RowSpan": 1,
      "ColumnSpan": 1,
      "Geometry": {
        "BoundingBox": {
          "Width": 0.28756505250930786,
          "Height": 0.03846592456102371,
          "Left": 0.4586625397205353,
          "Top": 0.3417564332485199
        },
        "Polygon": [
          {
            "X": 0.4586625397205353,
            "Y": 0.34206700325012207
          },
          {
            "X": 0.7459450960159302,
            "Y": 0.3417564332485199
          },
          {
            "X": 0.7462275624275208,
            "Y": 0.37994444370269775
          },
          {
            "X": 0.4589458107948303,
            "Y": 0.380222350358963
          }
        ]
      },
      "Id": "8f7ecf4d-e73a-4c44-9758-9fa9df33a2b4",
      "Relationships": [
        {
          "Type": "CHILD",
          "Ids": [
            "c584b20d-f992-4a3d-b8bb-1636cb054eb0",
            "c1c2624e-dc62-4e51-ac81-465368784e33",
            "8ab54421-d5f4-401d-aec5-17ef9f800816"
          ]
        }
      ],
      "EntityTypes": [
        "COLUMN_HEADER"
      ],
      "Page": 1
    },
    {
      "BlockType": "CELL",
      "Confidence": 91.748046875,
      "RowIndex": 2,
      "ColumnIndex": 1,
      "RowSpan": 1,
      "ColumnSpan": 1,
      "Geometry": {
        "BoundingBox": {
          "Width": 0.20774243772029877,
          "Height": 0.03780445083975792,
          "Left": 0.2514827251434326,
          "Top": 0.380222350358963
        },
        "Polygon": [
          {
            "X": 0.2514827251434326,
            "Y": 0.38042303919792175
          },
          {
            "X": 0.4589458107948303,
            "Y": 0.380222350358963
          },
          {
            "X": 0.4592251777648926,
            "Y": 0.4178493916988373
          },
          {
            "X": 0.25176262855529785,
            "Y": 0.41802680492401123
          }
        ]
      },
      "Id": "f0a53b81-1421-4d14-be9d-77cf6c23851a",
      "Relationships": [
        {
          "Type": "CHILD",
          "Ids": [
            "1a78dac6-6e1e-4287-b344-04f60ad8c40d"
          ]
        }
      ],
      "Page": 1
    },
    {
      "BlockType": "CELL",
      "Confidence": 91.89453125,
      "RowIndex": 2,
      "ColumnIndex": 2,
      "RowSpan": 1,
      "ColumnSpan": 1,
      "Geometry": {
        "BoundingBox": {
          "Width": 0.2875603437423706,
          "Height": 0.03790493309497833,
          "Left": 0.4589458107948303,
          "Top": 0.37994444370269775
        },
        "Polygon": [
          {
            "X": 0.4589458107948303,
            "Y": 0.380222350358963
          },
          {
            "X": 0.7462275624275208,
            "Y": 0.37994444370269775
          },
          {
            "X": 0.7465061545372009,
            "Y": 0.4176037013530731
          },
          {
            "X": 0.4592251777648926,
            "Y": 0.4178493916988373
          }
        ]
      },
      "Id": "9546364a-4a14-42e7-bb37-d2db685e8e0a",
      "Relationships": [
        {
          "Type": "CHILD",
          "Ids": [
            "de281802-f9c9-4653-9506-277c105d2821"
          ]
        }
      ],
      "Page": 1
    },
    {
      "BlockType": "CELL",
      "Confidence": 89.794921875,
      "RowIndex": 3,
      "ColumnIndex": 1,
      "RowSpan": 1,
      "ColumnSpan": 1,
      "Geometry": {
        "BoundingBox": {
          "Width": 0.20769953727722168,
          "Height": 0.032083433121442795,
          "Left": 0.25176262855529785,
          "Top": 0.4178493916988373
        },
        "Polygon": [
          {
            "X": 0.25176262855529785,
            "Y": 0.41802680492401123
          },
          {
            "X": 0.4592251777648926,
            "Y": 0.4178493916988373
          },
          {
            "X": 0.4594621956348419,
            "Y": 0.44977515935897827
          },
          {
            "X": 0.2520001232624054,
            "Y": 0.4499328136444092
          }
        ]
      },
      "Id": "72fffa2a-f669-4c94-86e4-ed68efd49132",
      "Relationships": [
        {
          "Type": "CHILD",
          "Ids": [
            "a649cba1-faea-4d69-92fb-7d119cd65c7e",
            "c028f951-adfc-4fbf-b1dd-289e93101c11"
          ]
        }
      ],
      "Page": 1
    },
    {
      "BlockType": "CELL",
      "Confidence": 89.94140625,
      "RowIndex": 3,
      "ColumnIndex": 2,
      "RowSpan": 1,
      "ColumnSpan": 1,
      "Geometry": {
        "BoundingBox": {
          "Width": 0.28751736879348755,
          "Height": 0.03217143565416336,
          "Left": 0.4592251777648926,
          "Top": 0.4176037013530731
        },
        "Polygon": [
          {
            "X": 0.4592251777648926,
            "Y": 0.4178493916988373
          },
          {
            "X": 0.7465061545372009,
            "Y": 0.4176037013530731
          },
          {
            "X": 0.7467425465583801,
            "Y": 0.44955679774284363
          },
          {
            "X": 0.4594621956348419,
            "Y": 0.44977515935897827
          }
        ]
      },
      "Id": "96376e0d-8d9b-4074-86e7-3fb81fe10ebb",
      "Relationships": [
        {
          "Type": "CHILD",
          "Ids": [
            "10933621-7fc1-4a39-a0c3-925276d4ead4"
          ]
        }
      ],
      "Page": 1
    },
    {
      "BlockType": "CELL",
      "Confidence": 86.181640625,
      "RowIndex": 4,
      "ColumnIndex": 1,
      "RowSpan": 1,
      "ColumnSpan": 1,
      "Geometry": {
        "BoundingBox": {
          "Width": 0.20766520500183105,
          "Height": 0.027505531907081604,
          "Left": 0.2520001232624054,
          "Top": 0.44977515935897827
        },
        "Polygon": [
          {
            "X": 0.2520001232624054,
            "Y": 0.4499328136444092
          },
          {
            "X": 0.4594621956348419,
            "Y": 0.44977515935897827
          },
          {
            "X": 0.45966535806655884,
            "Y": 0.4771399199962616
          },
          {
            "X": 0.25220370292663574,
            "Y": 0.4772806763648987
          }
        ]
      },
      "Id": "ac2b44bb-4a3b-45b1-8a74-fbf5bebbad1d",
      "Relationships": [
        {
          "Type": "CHILD",
          "Ids": [
            "416379a9-86b8-4803-ae94-77b10d553354",
            "1160b429-c80a-41de-9581-989a413b2d5f"
          ]
        }
      ],
      "Page": 1
    },
    {
      "BlockType": "CELL",
      "Confidence": 86.328125,
      "RowIndex": 4,
      "ColumnIndex": 2,
      "RowSpan": 1,
      "ColumnSpan": 1,
      "Geometry": {
        "BoundingBox": {
          "Width": 0.28748294711112976,
          "Height": 0.02758312039077282,
          "Left": 0.4594621956348419,
          "Top": 0.44955679774284363
        },
        "Polygon": [
          {
            "X": 0.4594621956348419,
            "Y": 0.44977515935897827
          },
          {
            "X": 0.7467425465583801,
            "Y": 0.44955679774284363
          },
          {
            "X": 0.7469451427459717,
            "Y": 0.47694504261016846
          },
          {
            "X": 0.45966535806655884,
            "Y": 0.4771399199962616
          }
        ]
      },
      "Id": "875c3384-5a13-4152-8fdc-9a40dde31adf",
      "Relationships": [
        {
          "Type": "CHILD",
          "Ids": [
            "6fc1befb-5222-4cb4-b03f-69abb2c033f9"
          ]
        }
      ],
      "Page": 1
    },
    {
      "BlockType": "CELL",
      "Confidence": 86.279296875,
      "RowIndex": 5,
      "ColumnIndex": 1,
      "RowSpan": 1,
      "ColumnSpan": 1,
      "Geometry": {
        "BoundingBox": {
          "Width": 0.20766480267047882,
          "Height": 0.0274884682148695,
          "Left": 0.25220370292663574,
          "Top": 0.4771399199962616
        },
        "Polygon": [
          {
            "X": 0.25220370292663574,
            "Y": 0.4772806763648987
          },
          {
            "X": 0.45966535806655884,
            "Y": 0.4771399199962616
          },
          {
            "X": 0.45986849069595337,
            "Y": 0.5045045614242554
          },
          {
            "X": 0.2524072825908661,
            "Y": 0.5046284198760986
          }
        ]
      },
      "Id": "3a0c6b45-2759-48a0-8ecf-8193c4583351",
      "Relationships": [
        {
          "Type": "CHILD",
          "Ids": [
            "488ea6ed-4187-4a18-b0ca-3f02760bda75",
            "1783b848-ad5a-4e71-9b82-c5fa187c420c"
          ]
        }
      ],
      "Page": 1
    },
    {
      "BlockType": "CELL",
      "Confidence": 86.42578125,
      "RowIndex": 5,
      "ColumnIndex": 2,
      "RowSpan": 1,
      "ColumnSpan": 1,
      "Geometry": {
        "BoundingBox": {
          "Width": 0.2874823808670044,
          "Height": 0.027559543028473854,
          "Left": 0.45966535806655884,
          "Top": 0.47694504261016846
        },
        "Polygon": [
          {
            "X": 0.45966535806655884,
            "Y": 0.4771399199962616
          },
          {
            "X": 0.7469451427459717,
            "Y": 0.47694504261016846
          },
          {
            "X": 0.7471477389335632,
            "Y": 0.5043330788612366
          },
          {
            "X": 0.45986849069595337,
            "Y": 0.5045045614242554
          }
        ]
      },
      "Id": "35f50367-b273-46ee-abbf-ce8a5f0e20bd",
      "Relationships": [
        {
          "Type": "CHILD",
          "Ids": [
            "94dfc4c0-2570-45ed-85ae-c8ca1a6cc2f3"
          ]
        }
      ],
      "Page": 1
    },
    {
      "BlockType": "CELL",
      "Confidence": 90.771484375,
      "RowIndex": 6,
      "ColumnIndex": 1,
      "RowSpan": 1,
      "ColumnSpan": 1,
      "Geometry": {
        "BoundingBox": {
          "Width": 0.2076897919178009,
          "Height": 0.03088984079658985,
          "Left": 0.2524072825908661,
          "Top": 0.5045045614242554
        },
        "Polygon": [
          {
            "X": 0.2524072825908661,
            "Y": 0.5046284198760986
          },
          {
            "X": 0.45986849069595337,
            "Y": 0.5045045614242554
          },
          {
            "X": 0.4600970447063446,
            "Y": 0.5352896451950073
          },
          {
            "X": 0.25263628363609314,
            "Y": 0.5353944301605225
          }
        ]
      },
      "Id": "26817957-a8c5-4b83-b6b5-18068472e61a",
      "Relationships": [
        {
          "Type": "CHILD",
          "Ids": [
            "db18d722-3567-4d6c-8d2c-27c21269477a"
          ]
        }
      ],
      "Page": 1
    },
    {
      "BlockType": "CELL",
      "Confidence": 90.91796875,
      "RowIndex": 6,
      "ColumnIndex": 2,
      "RowSpan": 1,
      "ColumnSpan": 1,
      "Geometry": {
        "BoundingBox": {
          "Width": 0.2875071167945862,
          "Height": 0.03095651976764202,
          "Left": 0.45986849069595337,
          "Top": 0.5043330788612366
        },
        "Polygon": [
          {
            "X": 0.45986849069595337,
            "Y": 0.5045045614242554
          },
          {
            "X": 0.7471477389335632,
            "Y": 0.5043330788612366
          },
          {
            "X": 0.7473756074905396,
            "Y": 0.5351445078849792
          },
          {
            "X": 0.4600970447063446,
            "Y": 0.5352896451950073
          }
        ]
      },
      "Id": "4c5035d4-cfa1-4580-b027-3fbde16b6e4a",
      "Relationships": [
        {
          "Type": "CHILD",
          "Ids": [
            "79c60694-612f-4849-b445-ee8e300fdd3b"
          ]
        }
      ],
      "Page": 1
    },
    {
      "BlockType": "CELL",
      "Confidence": 89.74609375,
      "RowIndex": 7,
      "ColumnIndex": 1,
      "RowSpan": 1,
      "ColumnSpan": 1,
      "Geometry": {
        "BoundingBox": {
          "Width": 0.207697793841362,
          "Height": 0.032010097056627274,
          "Left": 0.25263628363609314,
          "Top": 0.5352896451950073
        },
        "Polygon": [
          {
            "X": 0.25263628363609314,
            "Y": 0.5353944301605225
          },
          {
            "X": 0.4600970447063446,
            "Y": 0.5352896451950073
          },
          {
            "X": 0.46033406257629395,
            "Y": 0.5672146677970886
          },
          {
            "X": 0.2528737783432007,
            "Y": 0.5672997236251831
          }
        ]
      },
      "Id": "122b90e3-ca7f-4e0c-9053-67fca9c06c18",
      "Relationships": [
        {
          "Type": "CHILD",
          "Ids": [
            "7a8ee1a4-7082-42ec-a128-5322f27711ae",
            "c6946a35-3d02-454d-bdcd-2a721dea051e"
          ]
        }
      ],
      "Page": 1
    },
    {
      "BlockType": "CELL",
      "Confidence": 89.892578125,
      "RowIndex": 7,
      "ColumnIndex": 2,
      "RowSpan": 1,
      "ColumnSpan": 1,
      "Geometry": {
        "BoundingBox": {
          "Width": 0.28751492500305176,
          "Height": 0.03207015618681908,
          "Left": 0.4600970447063446,
          "Top": 0.5351445078849792
        },
        "Polygon": [
          {
            "X": 0.4600970447063446,
            "Y": 0.5352896451950073
          },
          {
            "X": 0.7473756074905396,
            "Y": 0.5351445078849792
          },
          {
            "X": 0.7476119995117188,
            "Y": 0.5670969486236572
          },
          {
            "X": 0.46033406257629395,
            "Y": 0.5672146677970886
          }
        ]
      },
      "Id": "ee9ff8df-0087-4d37-9d70-a20ae82d236c",
      "Relationships": [
        {
          "Type": "CHILD",
          "Ids": [
            "3bcdafce-9825-47f0-819a-b5f7d733d577"
          ]
        }
      ],
      "Page": 1
    },
    {
      "BlockType": "CELL",
      "Confidence": 85.107421875,
      "RowIndex": 8,
      "ColumnIndex": 1,
      "RowSpan": 1,
      "ColumnSpan": 1,
      "Geometry": {
        "BoundingBox": {
          "Width": 0.20765499770641327,
          "Height": 0.02629283256828785,
          "Left": 0.2528737783432007,
          "Top": 0.5672146677970886
        },
        "Polygon": [
          {
            "X": 0.2528737783432007,
            "Y": 0.5672997236251831
          },
          {
            "X": 0.46033406257629395,
            "Y": 0.5672146677970886
          },
          {
            "X": 0.46052876114845276,
            "Y": 0.5934386849403381
          },
          {
            "X": 0.25306886434555054,
            "Y": 0.5935075283050537
          }
        ]
      },
      "Id": "733b40f6-39ff-43a8-8ae6-558ac6bc5b32",
      "Relationships": [
        {
          "Type": "CHILD",
          "Ids": [
            "d11eab63-d6d3-4a2c-8f8c-c9767692fdc7",
            "5d729ac6-f31b-4ef7-9b36-6cfb16bc1699"
          ]
        }
      ],
      "Page": 1
    },
    {
      "BlockType": "CELL",
      "Confidence": 85.25390625,
      "RowIndex": 8,
      "ColumnIndex": 2,
      "RowSpan": 1,
      "ColumnSpan": 1,
      "Geometry": {
        "BoundingBox": {
          "Width": 0.28747206926345825,
          "Height": 0.026341769844293594,
          "Left": 0.46033406257629395,
          "Top": 0.5670969486236572
        },
        "Polygon": [
          {
            "X": 0.46033406257629395,
            "Y": 0.5672146677970886
          },
          {
            "X": 0.7476119995117188,
            "Y": 0.5670969486236572
          },
          {
            "X": 0.7478061318397522,
            "Y": 0.5933433771133423
          },
          {
            "X": 0.46052876114845276,
            "Y": 0.5934386849403381
          }
        ]
      },
      "Id": "89f78dff-d351-466c-9127-1bc7d6fa782f",
      "Relationships": [
        {
          "Type": "CHILD",
          "Ids": [
            "68b6ca97-f86c-4b79-9873-34c1f83c710c"
          ]
        }
      ],
      "Page": 1
    },
    {
      "BlockType": "CELL",
      "Confidence": 84.130859375,
      "RowIndex": 9,
      "ColumnIndex": 1,
      "RowSpan": 1,
      "ColumnSpan": 1,
      "Geometry": {
        "BoundingBox": {
          "Width": 0.20766305923461914,
          "Height": 0.027415946125984192,
          "Left": 0.25306886434555054,
          "Top": 0.5934386849403381
        },
        "Polygon": [
          {
            "X": 0.25306886434555054,
            "Y": 0.5935075283050537
          },
          {
            "X": 0.46052876114845276,
            "Y": 0.5934386849403381
          },
          {
            "X": 0.4607319235801697,
            "Y": 0.6208027601242065
          },
          {
            "X": 0.2532724142074585,
            "Y": 0.6208546161651611
          }
        ]
      },
      "Id": "ef2d8486-f601-48b0-95d1-0815c4a2324e",
      "Relationships": [
        {
          "Type": "CHILD",
          "Ids": [
            "d1f1edf6-8200-44c6-95ad-6820cce20e9d",
            "a1c8bc7f-2029-4090-a243-fabd688382ff"
          ]
        }
      ],
      "Page": 1
    },
    {
      "BlockType": "CELL",
      "Confidence": 84.228515625,
      "RowIndex": 9,
      "ColumnIndex": 2,
      "RowSpan": 1,
      "ColumnSpan": 1,
      "Geometry": {
        "BoundingBox": {
          "Width": 0.287479966878891,
          "Height": 0.027459347620606422,
          "Left": 0.46052876114845276,
          "Top": 0.5933433771133423
        },
        "Polygon": [
          {
            "X": 0.46052876114845276,
            "Y": 0.5934386849403381
          },
          {
            "X": 0.7478061318397522,
            "Y": 0.5933433771133423
          },
          {
            "X": 0.7480087280273438,
            "Y": 0.6207308769226074
          },
          {
            "X": 0.4607319235801697,
            "Y": 0.6208027601242065
          }
        ]
      },
      "Id": "91571cfc-5617-4ef7-a20d-9d4535884daf",
      "Relationships": [
        {
          "Type": "CHILD",
          "Ids": [
            "b74f2884-51cf-46ec-b74d-4eb1c1334317"
          ]
        }
      ],
      "Page": 1
    },
    {
      "BlockType": "CELL",
      "Confidence": 91.455078125,
      "RowIndex": 10,
      "ColumnIndex": 1,
      "RowSpan": 1,
      "ColumnSpan": 1,
      "Geometry": {
        "BoundingBox": {
          "Width": 0.2077346295118332,
          "Height": 0.03708750754594803,
          "Left": 0.2532724142074585,
          "Top": 0.6208027601242065
        },
        "Polygon": [
          {
            "X": 0.2532724142074585,
            "Y": 0.6208546161651611
          },
          {
            "X": 0.4607319235801697,
            "Y": 0.6208027601242065
          },
          {
            "X": 0.4610070288181305,
            "Y": 0.6578612327575684
          },
          {
            "X": 0.2535480856895447,
            "Y": 0.657890260219574
          }
        ]
      },
      "Id": "e13d0da5-c91b-4cf7-8a80-f6f8d30e4504",
      "Relationships": [
        {
          "Type": "CHILD",
          "Ids": [
            "21b4a012-c810-4d58-ae14-97ead49b767b"
          ]
        }
      ],
      "Page": 1
    },
    {
      "BlockType": "CELL",
      "Confidence": 91.552734375,
      "RowIndex": 10,
      "ColumnIndex": 2,
      "RowSpan": 1,
      "ColumnSpan": 1,
      "Geometry": {
        "BoundingBox": {
          "Width": 0.2875511646270752,
          "Height": 0.03713039308786392,
          "Left": 0.4607319235801697,
          "Top": 0.6207308769226074
        },
        "Polygon": [
          {
            "X": 0.4607319235801697,
            "Y": 0.6208027601242065
          },
          {
            "X": 0.7480087280273438,
            "Y": 0.6207308769226074
          },
          {
            "X": 0.7482830882072449,
            "Y": 0.6578211188316345
          },
          {
            "X": 0.4610070288181305,
            "Y": 0.6578612327575684
          }
        ]
      },
      "Id": "5f9fd4f7-2905-44fc-bdf1-a6269ac07588",
      "Relationships": [
        {
          "Type": "CHILD",
          "Ids": [
            "10e3cc82-0860-4bad-bd10-48a55490e950"
          ]
        }
      ],
      "Page": 1
    }
  ],
  "AnalyzeDocumentModelVersion": "1.0"
}