{
  "DocumentMetadata": {
    "Pages": 1
  },
  "JobStatus": "SUCCEEDED",
  "Blocks": [
    {
      "BlockType": "PAGE",
      "Geometry": {
        "BoundingBox": {
          "Width": 0.5390252470970154,
          "Height": 0.22572356462478638,
          "Left": 0.2305249124765396,
          "Top": 0.40250974893569946
        },
        "Polygon": [
          {
            "X": 0.23116406798362732,
            "Y": 0.404079407453537
          },
          {
            "X": 0.7681355476379395,
            "Y": 0.40250974893569946
          },
          {
            "X": 0.7695502042770386,
            "Y": 0.6269402503967285
          },
          {
            "X": 0.2305249124765396,
            "Y": 0.6282333135604858
          }
        ]
      },
      "Id": "a16ada74-7b32-4b0f-88b6-560984ec82c9",
      "Relationships": [
        {
          "Type": "CHILD",
          "Ids": [
            "e79cafd0-1602-404b-a314-6fa997ad60cf",
            "843d2502-bbe9-4180-9dbc-63ef1e383b44",
            "8476ad85-6287-41bb-b96a-702bd12af8e4",
            "8e6fa596-4ebd-4471-895e-885e80ecef90",
            "aafa1100-1348-468c-8b7c-5abdfd40274f",
            "2c9cee3f-cc59-41dd-8aca-88595aff7d10",
            "8b9891ec-4306-4e14-ab72-348307d62103",
            "2c26152d-18c8-4931-8435-a5e89c4553cd",
            "f394d535-1bd4-4842-82ae-30a69207cb8f",
            "ee0a485b-42d4-44ae-9626-3aa9d2d61030",
            "088e409a-3bc0-49b5-b767-dfd55f877451",
            "ffbbad73-2c8d-4c2c-b6e5-aeb3971d9c7d",
            "41ac918c-9e1e-4953-88ea-214740102280",
            "f1cf44c5-770d-4c85-bce1-7df04a13bc29"
          ]
        }
      ],
      "Page": 1
    },
    {
      "BlockType": "LINE",
      "Confidence": 99.78809356689453,
      "Text": "Pure epoxy resin",
      "Geometry": {
        "BoundingBox": {
          "Width": 0.1083989068865776,
          "Height": 0.025360189378261566,
          "Left": 0.41786840558052063,
          "Top": 0.416221022605896
        },
        "Polygon": [
          {
            "X": 0.41786840558052063,
            "Y": 0.4165344536304474
          },
          {
            "X": 0.526212751865387,
            "Y": 0.416221022605896
          },
          {
            "X": 0.5262672901153564,
            "Y": 0.4412740170955658
          },
          {
            "X": 0.4178767204284668,
            "Y": 0.44158121943473816
          }
        ]
      },
      "Id": "e79cafd0-1602-404b-a314-6fa997ad60cf",
      "Relationships": [
        {
          "Type": "CHILD",
          "Ids": [
            "06d94a64-2812-4b0b-9c4f-b0c41ae38c0d",
            "e0db28db-928d-4b73-82a5-a70c65766da4",
            "59bb828a-246b-4c6f-b7de-78948666b1bc"
          ]
        }
      ],
      "Page": 1
    },
    {
      "BlockType": "LINE",
      "Confidence": 99.4236068725586,
      "Text": "MHHPA/BADGE",
      "Geometry": {
        "BoundingBox": {
          "Width": 0.10177955776453018,
          "Height": 0.02458087168633938,
          "Left": 0.5668537020683289,
          "Top": 0.41643208265304565
        },
        "Polygon": [
          {
            "X": 0.5668537020683289,
            "Y": 0.4167260229587555
          },
          {
            "X": 0.6685214042663574,
            "Y": 0.41643208265304565
          },
          {
            "X": 0.6686332821846008,
            "Y": 0.440724641084671
          },
          {
            "X": 0.5669234395027161,
            "Y": 0.4410129487514496
          }
        ]
      },
      "Id": "843d2502-bbe9-4180-9dbc-63ef1e383b44",
      "Relationships": [
        {
          "Type": "CHILD",
          "Ids": [
            "9b99756c-601d-495a-a010-3dad2b4c4531"
          ]
        }
      ],
      "Page": 1
    },
    {
      "BlockType": "LINE",
      "Confidence": 99.69632720947266,
      "Text": "1",
      "Geometry": {
        "BoundingBox": {
          "Width": 0.005282080732285976,
          "Height": 0.018899401649832726,
          "Left": 0.5681010484695435,
          "Top": 0.46636465191841125
        },
        "Polygon": [
          {
            "X": 0.5681010484695435,
            "Y": 0.46637916564941406
          },
          {
            "X": 0.5733268857002258,
            "Y": 0.46636465191841125
          },
          {
            "X": 0.5733831524848938,
            "Y": 0.485249787569046
          },
          {
            "X": 0.5681556463241577,
            "Y": 0.4852640628814697
          }
        ]
      },
      "Id": "8476ad85-6287-41bb-b96a-702bd12af8e4",
      "Relationships": [
        {
          "Type": "CHILD",
          "Ids": [
            "553e6f8b-6178-461f-8885-10a80b4ecb55"
          ]
        }
      ],
      "Page": 1
    },
    {
      "BlockType": "LINE",
      "Confidence": 78.15403747558594,
      "Text": "0.9",
      "Geometry": {
        "BoundingBox": {
          "Width": 0.019619258120656013,
          "Height": 0.019722741097211838,
          "Left": 0.680090069770813,
          "Top": 0.4661467969417572
        },
        "Polygon": [
          {
            "X": 0.680090069770813,
            "Y": 0.46620094776153564
          },
          {
            "X": 0.6996084451675415,
            "Y": 0.4661467969417572
          },
          {
            "X": 0.6997093558311462,
            "Y": 0.48581627011299133
          },
          {
            "X": 0.6801844239234924,
            "Y": 0.48586952686309814
          }
        ]
      },
      "Id": "8e6fa596-4ebd-4471-895e-885e80ecef90",
      "Relationships": [
        {
          "Type": "CHILD",
          "Ids": [
            "c485cc54-5d93-4ae7-8c7d-bc4b190f59c6"
          ]
        }
      ],
      "Page": 1
    },
    {
      "BlockType": "LINE",
      "Confidence": 87.23430633544922,
      "Text": "Toughness (MJ/m³) a",
      "Geometry": {
        "BoundingBox": {
          "Width": 0.1342880129814148,
          "Height": 0.0292646586894989,
          "Left": 0.24297203123569489,
          "Top": 0.5100923776626587
        },
        "Polygon": [
          {
            "X": 0.24304845929145813,
            "Y": 0.5104513168334961
          },
          {
            "X": 0.3772600591182709,
            "Y": 0.5100923776626587
          },
          {
            "X": 0.3772496283054352,
            "Y": 0.5390070080757141
          },
          {
            "X": 0.24297203123569489,
            "Y": 0.5393570065498352
          }
        ]
      },
      "Id": "aafa1100-1348-468c-8b7c-5abdfd40274f",
      "Relationships": [
        {
          "Type": "CHILD",
          "Ids": [
            "a3f979de-94f0-432a-af3e-6ea45868e55b",
            "161f6be8-e05f-4ed8-9323-5781aa7795bf",
            "5aa0b7ab-d563-4825-9562-57d24b1e8193"
          ]
        }
      ],
      "Page": 1
    },
    {
      "BlockType": "LINE",
      "Confidence": 87.66767883300781,
      "Text": "39.3 + 9.5",
      "Geometry": {
        "BoundingBox": {
          "Width": 0.06403850018978119,
          "Height": 0.021844184026122093,
          "Left": 0.4178483188152313,
          "Top": 0.513628363609314
        },
        "Polygon": [
          {
            "X": 0.4178483188152313,
            "Y": 0.5137990117073059
          },
          {
            "X": 0.48185601830482483,
            "Y": 0.513628363609314
          },
          {
            "X": 0.4818868041038513,
            "Y": 0.5353051424026489
          },
          {
            "X": 0.41785547137260437,
            "Y": 0.535472571849823
          }
        ]
      },
      "Id": "2c9cee3f-cc59-41dd-8aca-88595aff7d10",
      "Relationships": [
        {
          "Type": "CHILD",
          "Ids": [
            "bf6abb9d-e7f2-403c-8bb2-122fa1191f90",
            "caa67ad8-46e4-4f3f-9f78-9a810067938f",
            "d7d55a2c-9a13-4267-83ff-c0e60917889c"
          ]
        }
      ],
      "Page": 1
    },
    {
      "BlockType": "LINE",
      "Confidence": 77.5191650390625,
      "Text": "58,3 + 3.0",
      "Geometry": {
        "BoundingBox": {
          "Width": 0.06507507711648941,
          "Height": 0.022044185549020767,
          "Left": 0.5670356154441833,
          "Top": 0.5135101675987244
        },
        "Polygon": [
          {
            "X": 0.5670356154441833,
            "Y": 0.5136833190917969
          },
          {
            "X": 0.6320237517356873,
            "Y": 0.5135101675987244
          },
          {
            "X": 0.6321107149124146,
            "Y": 0.5353844165802002
          },
          {
            "X": 0.5670983791351318,
            "Y": 0.5355543494224548
          }
        ]
      },
      "Id": "8b9891ec-4306-4e14-ab72-348307d62103",
      "Relationships": [
        {
          "Type": "CHILD",
          "Ids": [
            "ed7cb062-37d5-4040-b0d1-3de05811da95",
            "39ac3687-b257-4975-8bdb-cf12c3e7fa88",
            "4a637fc9-dfc4-415e-b2a0-06032fd2cdaf"
          ]
        }
      ],
      "Page": 1
    },
    {
      "BlockType": "LINE",
      "Confidence": 97.04544830322266,
      "Text": "69.7 + 7.6",
      "Geometry": {
        "BoundingBox": {
          "Width": 0.06546010822057724,
          "Height": 0.02222355641424656,
          "Left": 0.6802284121513367,
          "Top": 0.5130797624588013
        },
        "Polygon": [
          {
            "X": 0.6802284121513367,
            "Y": 0.5132538676261902
          },
          {
            "X": 0.7455582618713379,
            "Y": 0.5130797624588013
          },
          {
            "X": 0.7456884980201721,
            "Y": 0.5351325273513794
          },
          {
            "X": 0.6803341507911682,
            "Y": 0.5353032946586609
          }
        ]
      },
      "Id": "2c26152d-18c8-4931-8435-a5e89c4553cd",
      "Relationships": [
        {
          "Type": "CHILD",
          "Ids": [
            "f808ded4-68a6-46b0-986d-28409e914887",
            "643c5944-56be-4d58-816d-7c0377d19ce6",
            "1e8bfc31-19bb-4fe4-bc30-304a9615dcc7"
          ]
        }
      ],
      "Page": 1
    },
    {
      "BlockType": "LINE",
      "Confidence": 87.52400970458984,
      "Text": "E' at 50 °C (GPa)",
      "Geometry": {
        "BoundingBox": {
          "Width": 0.10727717727422714,
          "Height": 0.025965774431824684,
          "Left": 0.24287018179893494,
          "Top": 0.5443485975265503
        },
        "Polygon": [
          {
            "X": 0.2429381161928177,
            "Y": 0.5446267127990723
          },
          {
            "X": 0.3501473665237427,
            "Y": 0.5443485975265503
          },
          {
            "X": 0.3501262664794922,
            "Y": 0.5700425505638123
          },
          {
            "X": 0.24287018179893494,
            "Y": 0.570314347743988
          }
        ]
      },
      "Id": "f394d535-1bd4-4842-82ae-30a69207cb8f",
      "Relationships": [
        {
          "Type": "CHILD",
          "Ids": [
            "366b0dcd-325f-474b-a724-d4513013e029",
            "5e065a4b-fd2b-460e-8924-9b858dae1d08",
            "7fc78c8a-0d06-43c3-b730-12a7c61a48fa",
            "f49cb168-54b0-43ea-9d51-29403e8d14f1",
            "94b592c7-038d-4c08-a4f2-64655c18d2d2"
          ]
        }
      ],
      "Page": 1
    },
    {
      "BlockType": "LINE",
      "Confidence": 99.70069122314453,
      "Text": "b",
      "Geometry": {
        "BoundingBox": {
          "Width": 0.006320426240563393,
          "Height": 0.015034813433885574,
          "Left": 0.3542594015598297,
          "Top": 0.5397447347640991
        },
        "Polygon": [
          {
            "X": 0.35427069664001465,
            "Y": 0.5397611856460571
          },
          {
            "X": 0.36057981848716736,
            "Y": 0.5397447347640991
          },
          {
            "X": 0.36057016253471375,
            "Y": 0.5547633767127991
          },
          {
            "X": 0.3542594015598297,
            "Y": 0.554779589176178
          }
        ]
      },
      "Id": "ee0a485b-42d4-44ae-9626-3aa9d2d61030",
      "Relationships": [
        {
          "Type": "CHILD",
          "Ids": [
            "d106ea30-f489-4f80-96fb-5d5439f61557"
          ]
        }
      ],
      "Page": 1
    },
    {
      "BlockType": "LINE",
      "Confidence": 95.7349853515625,
      "Text": "3.66 + 0.16",
      "Geometry": {
        "BoundingBox": {
          "Width": 0.07302471995353699,
          "Height": 0.021397599950432777,
          "Left": 0.41764602065086365,
          "Top": 0.5454741716384888
        },
        "Polygon": [
          {
            "X": 0.41764602065086365,
            "Y": 0.5456632971763611
          },
          {
            "X": 0.49063748121261597,
            "Y": 0.5454741716384888
          },
          {
            "X": 0.49067074060440063,
            "Y": 0.56668621301651
          },
          {
            "X": 0.41765296459198,
            "Y": 0.5668717622756958
          }
        ]
      },
      "Id": "088e409a-3bc0-49b5-b767-dfd55f877451",
      "Relationships": [
        {
          "Type": "CHILD",
          "Ids": [
            "9cb7a212-948f-4017-a6fc-2b295aadb22e",
            "aeb28214-bbea-449a-9a87-0a14c61becf4",
            "eb43b336-dc9a-4e5e-8c5d-6339b8452747"
          ]
        }
      ],
      "Page": 1
    },
    {
      "BlockType": "LINE",
      "Confidence": 96.53042602539062,
      "Text": "4.43 + 0.50",
      "Geometry": {
        "BoundingBox": {
          "Width": 0.07387863099575043,
          "Height": 0.02132684551179409,
          "Left": 0.5665225982666016,
          "Top": 0.5456756949424744
        },
        "Polygon": [
          {
            "X": 0.5665225982666016,
            "Y": 0.5458667874336243
          },
          {
            "X": 0.6403142809867859,
            "Y": 0.5456756949424744
          },
          {
            "X": 0.6404012441635132,
            "Y": 0.5668150186538696
          },
          {
            "X": 0.5665830373764038,
            "Y": 0.567002534866333
          }
        ]
      },
      "Id": "ffbbad73-2c8d-4c2c-b6e5-aeb3971d9c7d",
      "Relationships": [
        {
          "Type": "CHILD",
          "Ids": [
            "5c2e9307-e239-45ac-8f30-9009be72b288",
            "93601d2e-f218-417c-bcc3-cc8ed2a3c58e",
            "b3d5c46f-8e2d-4706-b329-9e467c8af1b8"
          ]
        }
      ],
      "Page": 1
    },
    {
      "BlockType": "LINE",
      "Confidence": 92.0191421508789,
      "Text": "4.36 + 0.36",
      "Geometry": {
        "BoundingBox": {
          "Width": 0.07382691651582718,
          "Height": 0.021448779851198196,
          "Left": 0.6797977685928345,
          "Top": 0.5455591082572937
        },
        "Polygon": [
          {
            "X": 0.6797977685928345,
            "Y": 0.5457499027252197
          },
          {
            "X": 0.7534962892532349,
            "Y": 0.5455591082572937
          },
          {
            "X": 0.753624677658081,
            "Y": 0.5668206810951233
          },
          {
            "X": 0.6798995137214661,
            "Y": 0.5670078992843628
          }
        ]
      },
      "Id": "41ac918c-9e1e-4953-88ea-214740102280",
      "Relationships": [
        {
          "Type": "CHILD",
          "Ids": [
            "978481ae-ba5d-4137-9f8b-7ed71f871e9c",
            "1172badf-4cd6-4470-9f3e-6c06452b0b15",
            "c0b18817-b199-4254-a597-3bd5f8be1531"
          ]
        }
      ],
      "Page": 1
    },
    {
      "BlockType": "WORD",
      "Confidence": 99.95271301269531,
      "Text": "Pure",
      "TextType": "PRINTED",
      "Geometry": {
        "BoundingBox": {
          "Width": 0.029111767187714577,
          "Height": 0.019760409370064735,
          "Left": 0.41786858439445496,
          "Top": 0.417002409696579
        },
        "Polygon": [
          {
            "X": 0.41786858439445496,
            "Y": 0.41708654165267944
          },
          {
            "X": 0.4469640851020813,
            "Y": 0.417002409696579
          },
          {
            "X": 0.446980357170105,
            "Y": 0.43667998909950256
          },
          {
            "X": 0.41787511110305786,
            "Y": 0.43676280975341797
          }
        ]
      },
      "Id": "06d94a64-2812-4b0b-9c4f-b0c41ae38c0d",
      "Page": 1
    },
    {
      "BlockType": "WORD",
      "Confidence": 99.66703033447266,
      "Text": "epoxy",
      "TextType": "PRINTED",
      "Geometry": {
        "BoundingBox": {
          "Width": 0.039401691406965256,
          "Height": 0.02163580432534218,
          "Left": 0.4512978494167328,
          "Top": 0.4198506474494934
        },
        "Polygon": [
          {
            "X": 0.4512978494167328,
            "Y": 0.4199641942977905
          },
          {
            "X": 0.4906657040119171,
            "Y": 0.4198506474494934
          },
          {
            "X": 0.49069952964782715,
            "Y": 0.44137483835220337
          },
          {
            "X": 0.4513172209262848,
            "Y": 0.4414864480495453
          }
        ]
      },
      "Id": "e0db28db-928d-4b73-82a5-a70c65766da4",
      "Page": 1
    },
    {
      "BlockType": "WORD",
      "Confidence": 99.74453735351562,
      "Text": "resin",
      "TextType": "PRINTED",
      "Geometry": {
        "BoundingBox": {
          "Width": 0.03162597492337227,
          "Height": 0.020745597779750824,
          "Left": 0.4946317672729492,
          "Top": 0.416221022605896
        },
        "Polygon": [
          {
            "X": 0.4946317672729492,
            "Y": 0.41631239652633667
          },
          {
            "X": 0.526212751865387,
            "Y": 0.416221022605896
          },
          {
            "X": 0.5262577533721924,
            "Y": 0.4368767738342285
          },
          {
            "X": 0.49466562271118164,
            "Y": 0.4369666278362274
          }
        ]
      },
      "Id": "59bb828a-246b-4c6f-b7de-78948666b1bc",
      "Page": 1
    },
    {
      "BlockType": "WORD",
      "Confidence": 99.4236068725586,
      "Text": "MHHPA/BADGE",
      "TextType": "PRINTED",
      "Geometry": {
        "BoundingBox": {
          "Width": 0.10177955776453018,
          "Height": 0.02458087168633938,
          "Left": 0.5668537020683289,
          "Top": 0.41643208265304565
        },
        "Polygon": [
          {
            "X": 0.5668537020683289,
            "Y": 0.4167260229587555
          },
          {
            "X": 0.6685214042663574,
            "Y": 0.41643208265304565
          },
          {
            "X": 0.6686332821846008,
            "Y": 0.440724641084671
          },
          {
            "X": 0.5669234395027161,
            "Y": 0.4410129487514496
          }
        ]
      },
      "Id": "9b99756c-601d-495a-a010-3dad2b4c4531",
      "Page": 1
    },
    {
      "BlockType": "WORD",
      "Confidence": 99.69632720947266,
      "Text": "1",
      "TextType": "PRINTED",
      "Geometry": {
        "BoundingBox": {
          "Width": 0.005282080732285976,
          "Height": 0.018899401649832726,
          "Left": 0.5681010484695435,
          "Top": 0.46636465191841125
        },
        "Polygon": [
          {
            "X": 0.5681010484695435,
            "Y": 0.46637916564941406
          },
          {
            "X": 0.5733268857002258,
            "Y": 0.46636465191841125
          },
          {
            "X": 0.5733831524848938,
            "Y": 0.485249787569046
          },
          {
            "X": 0.5681556463241577,
            "Y": 0.4852640628814697
          }
        ]
      },
      "Id": "553e6f8b-6178-461f-8885-10a80b4ecb55",
      "Page": 1
    },
    {
      "BlockType": "WORD",
      "Confidence": 78.15403747558594,
      "Text": "0.9",
      "TextType": "PRINTED",
      "Geometry": {
        "BoundingBox": {
          "Width": 0.019619258120656013,
          "Height": 0.019722741097211838,
          "Left": 0.680090069770813,
          "Top": 0.4661467969417572
        },
        "Polygon": [
          {
            "X": 0.680090069770813,
            "Y": 0.46620094776153564
          },
          {
            "X": 0.6996084451675415,
            "Y": 0.4661467969417572
          },
          {
            "X": 0.6997093558311462,
            "Y": 0.48581627011299133
          },
          {
            "X": 0.6801844239234924,
            "Y": 0.48586952686309814
          }
        ]
      },
      "Id": "c485cc54-5d93-4ae7-8c7d-bc4b190f59c6",
      "Page": 1
    },
    {
      "BlockType": "WORD",
      "Confidence": 99.94625854492188,
      "Text": "Toughness",
      "TextType": "PRINTED",
      "Geometry": {
        "BoundingBox": {
          "Width": 0.0684581995010376,
          "Height": 0.02507837861776352,
          "Left": 0.24297203123569489,
          "Top": 0.5142786502838135
        },
        "Polygon": [
          {
            "X": 0.2430378496646881,
            "Y": 0.5144609212875366
          },
          {
            "X": 0.3114302158355713,
            "Y": 0.5142786502838135
          },
          {
            "X": 0.3113933801651001,
            "Y": 0.5391786694526672
          },
          {
            "X": 0.24297203123569489,
            "Y": 0.5393570065498352
          }
        ]
      },
      "Id": "a3f979de-94f0-432a-af3e-6ea45868e55b",
      "Page": 1
    },
    {
      "BlockType": "WORD",
      "Confidence": 61.9946174621582,
      "Text": "(MJ/m³)",
      "TextType": "PRINTED",
      "Geometry": {
        "BoundingBox": {
          "Width": 0.05215544253587723,
          "Height": 0.028687993064522743,
          "Left": 0.31582173705101013,
          "Top": 0.5101171731948853
        },
        "Polygon": [
          {
            "X": 0.31586185097694397,
            "Y": 0.5102565884590149
          },
          {
            "X": 0.36797717213630676,
            "Y": 0.5101171731948853
          },
          {
            "X": 0.36796239018440247,
            "Y": 0.538669228553772
          },
          {
            "X": 0.31582173705101013,
            "Y": 0.5388051867485046
          }
        ]
      },
      "Id": "161f6be8-e05f-4ed8-9323-5781aa7795bf",
      "Page": 1
    },
    {
      "BlockType": "WORD",
      "Confidence": 99.76203155517578,
      "Text": "a",
      "TextType": "PRINTED",
      "Geometry": {
        "BoundingBox": {
          "Width": 0.00533765135332942,
          "Height": 0.011582531034946442,
          "Left": 0.3719213902950287,
          "Top": 0.5128931999206543
        },
        "Polygon": [
          {
            "X": 0.37192660570144653,
            "Y": 0.5129073858261108
          },
          {
            "X": 0.3772590458393097,
            "Y": 0.5128931999206543
          },
          {
            "X": 0.3772548735141754,
            "Y": 0.5244616270065308
          },
          {
            "X": 0.3719213902950287,
            "Y": 0.5244756937026978
          }
        ]
      },
      "Id": "5aa0b7ab-d563-4825-9562-57d24b1e8193",
      "Page": 1
    },
    {
      "BlockType": "WORD",
      "Confidence": 75.73323059082031,
      "Text": "39.3",
      "TextType": "PRINTED",
      "Geometry": {
        "BoundingBox": {
          "Width": 0.026688499376177788,
          "Height": 0.019974034279584885,
          "Left": 0.4178483188152313,
          "Top": 0.5137279033660889
        },
        "Polygon": [
          {
            "X": 0.4178483188152313,
            "Y": 0.5137990117073059
          },
          {
            "X": 0.4445211887359619,
            "Y": 0.5137279033660889
          },
          {
            "X": 0.44453680515289307,
            "Y": 0.5336320400238037
          },
          {
            "X": 0.4178548753261566,
            "Y": 0.5337019562721252
          }
        ]
      },
      "Id": "bf6abb9d-e7f2-403c-8bb2-122fa1191f90",
      "Page": 1
    },
    {
      "BlockType": "WORD",
      "Confidence": 97.17119598388672,
      "Text": "+",
      "TextType": "PRINTED",
      "Geometry": {
        "BoundingBox": {
          "Width": 0.009495421312749386,
          "Height": 0.01631711795926094,
          "Left": 0.4492836594581604,
          "Top": 0.5190732479095459
        },
        "Polygon": [
          {
            "X": 0.4492836594581604,
            "Y": 0.5190984010696411
          },
          {
            "X": 0.45876234769821167,
            "Y": 0.5190732479095459
          },
          {
            "X": 0.45877906680107117,
            "Y": 0.5353655815124512
          },
          {
            "X": 0.4492977559566498,
            "Y": 0.5353903770446777
          }
        ]
      },
      "Id": "caa67ad8-46e4-4f3f-9f78-9a810067938f",
      "Page": 1
    },
    {
      "BlockType": "WORD",
      "Confidence": 90.0986099243164,
      "Text": "9.5",
      "TextType": "PRINTED",
      "Geometry": {
        "BoundingBox": {
          "Width": 0.019244680181145668,
          "Height": 0.019518505781888962,
          "Left": 0.46263962984085083,
          "Top": 0.5140706896781921
        },
        "Polygon": [
          {
            "X": 0.46263962984085083,
            "Y": 0.5141218900680542
          },
          {
            "X": 0.48185664415359497,
            "Y": 0.5140706896781921
          },
          {
            "X": 0.48188430070877075,
            "Y": 0.533538818359375
          },
          {
            "X": 0.46266087889671326,
            "Y": 0.5335891842842102
          }
        ]
      },
      "Id": "d7d55a2c-9a13-4267-83ff-c0e60917889c",
      "Page": 1
    },
    {
      "BlockType": "WORD",
      "Confidence": 59.92333984375,
      "Text": "58,3",
      "TextType": "PRINTED",
      "Geometry": {
        "BoundingBox": {
          "Width": 0.027069760486483574,
          "Height": 0.020029038190841675,
          "Left": 0.5670356154441833,
          "Top": 0.513611376285553
        },
        "Polygon": [
          {
            "X": 0.5670356154441833,
            "Y": 0.5136833190917969
          },
          {
            "X": 0.5940389633178711,
            "Y": 0.513611376285553
          },
          {
            "X": 0.5941053628921509,
            "Y": 0.5335696935653687
          },
          {
            "X": 0.5670928955078125,
            "Y": 0.533640444278717
          }
        ]
      },
      "Id": "ed7cb062-37d5-4040-b0d1-3de05811da95",
      "Page": 1
    },
    {
      "BlockType": "WORD",
      "Confidence": 96.26016235351562,
      "Text": "+",
      "TextType": "PRINTED",
      "Geometry": {
        "BoundingBox": {
          "Width": 0.009914327412843704,
          "Height": 0.016535373404622078,
          "Left": 0.5985135436058044,
          "Top": 0.5189366936683655
        },
        "Polygon": [
          {
            "X": 0.5985135436058044,
            "Y": 0.5189628601074219
          },
          {
            "X": 0.6083689332008362,
            "Y": 0.5189366936683655
          },
          {
            "X": 0.608427882194519,
            "Y": 0.5354463458061218
          },
          {
            "X": 0.5985697507858276,
            "Y": 0.5354720950126648
          }
        ]
      },
      "Id": "39ac3687-b257-4975-8bdb-cf12c3e7fa88",
      "Page": 1
    },
    {
      "BlockType": "WORD",
      "Confidence": 76.37398529052734,
      "Text": "3.0",
      "TextType": "PRINTED",
      "Geometry": {
        "BoundingBox": {
          "Width": 0.019559239968657494,
          "Height": 0.01989072933793068,
          "Left": 0.6125441789627075,
          "Top": 0.5137191414833069
        },
        "Polygon": [
          {
            "X": 0.6125441789627075,
            "Y": 0.5137710571289062
          },
          {
            "X": 0.6320245862007141,
            "Y": 0.5137191414833069
          },
          {
            "X": 0.632103443145752,
            "Y": 0.5335588455200195
          },
          {
            "X": 0.6126164793968201,
            "Y": 0.5336098670959473
          }
        ]
      },
      "Id": "4a637fc9-dfc4-415e-b2a0-06032fd2cdaf",
      "Page": 1
    },
    {
      "BlockType": "WORD",
      "Confidence": 99.55693817138672,
      "Text": "69.7",
      "TextType": "PRINTED",
      "Geometry": {
        "BoundingBox": {
          "Width": 0.027915047481656075,
          "Height": 0.020586617290973663,
          "Left": 0.6802284121513367,
          "Top": 0.5131797790527344
        },
        "Polygon": [
          {
            "X": 0.6802284121513367,
            "Y": 0.5132538676261902
          },
          {
            "X": 0.708035409450531,
            "Y": 0.5131797790527344
          },
          {
            "X": 0.7081434726715088,
            "Y": 0.5336936116218567
          },
          {
            "X": 0.6803267598152161,
            "Y": 0.5337663888931274
          }
        ]
      },
      "Id": "f808ded4-68a6-46b0-986d-28409e914887",
      "Page": 1
    },
    {
      "BlockType": "WORD",
      "Confidence": 91.94322967529297,
      "Text": "+",
      "TextType": "PRINTED",
      "Geometry": {
        "BoundingBox": {
          "Width": 0.009576567448675632,
          "Height": 0.015987280756235123,
          "Left": 0.7120368480682373,
          "Top": 0.519232988357544
        },
        "Polygon": [
          {
            "X": 0.7120368480682373,
            "Y": 0.5192581415176392
          },
          {
            "X": 0.7215256690979004,
            "Y": 0.519232988357544
          },
          {
            "X": 0.7216134071350098,
            "Y": 0.5351954102516174
          },
          {
            "X": 0.7121220231056213,
            "Y": 0.5352202653884888
          }
        ]
      },
      "Id": "643c5944-56be-4d58-816d-7c0377d19ce6",
      "Page": 1
    },
    {
      "BlockType": "WORD",
      "Confidence": 99.63618469238281,
      "Text": "7.6",
      "TextType": "PRINTED",
      "Geometry": {
        "BoundingBox": {
          "Width": 0.019668180495500565,
          "Height": 0.019850945100188255,
          "Left": 0.7260124087333679,
          "Top": 0.5139940977096558
        },
        "Polygon": [
          {
            "X": 0.7260124087333679,
            "Y": 0.5140461325645447
          },
          {
            "X": 0.7455636858940125,
            "Y": 0.5139940977096558
          },
          {
            "X": 0.7456806302070618,
            "Y": 0.5337938666343689
          },
          {
            "X": 0.7261227965354919,
            "Y": 0.5338450074195862
          }
        ]
      },
      "Id": "1e8bfc31-19bb-4fe4-bc30-304a9615dcc7",
      "Page": 1
    },
    {
      "BlockType": "WORD",
      "Confidence": 97.70904541015625,
      "Text": "E'",
      "TextType": "PRINTED",
      "Geometry": {
        "BoundingBox": {
          "Width": 0.01070236787199974,
          "Height": 0.01984582096338272,
          "Left": 0.24288257956504822,
          "Top": 0.545783519744873
        },
        "Polygon": [
          {
            "X": 0.2429349720478058,
            "Y": 0.545811116695404
          },
          {
            "X": 0.25358495116233826,
            "Y": 0.545783519744873
          },
          {
            "X": 0.2535361349582672,
            "Y": 0.56560218334198
          },
          {
            "X": 0.24288257956504822,
            "Y": 0.5656293034553528
          }
        ]
      },
      "Id": "366b0dcd-325f-474b-a724-d4513013e029",
      "Page": 1
    },
    {
      "BlockType": "WORD",
      "Confidence": 99.94529724121094,
      "Text": "at",
      "TextType": "PRINTED",
      "Geometry": {
        "BoundingBox": {
          "Width": 0.012824340723454952,
          "Height": 0.01817920058965683,
          "Left": 0.2589667737483978,
          "Top": 0.5474664568901062
        },
        "Polygon": [
          {
            "X": 0.25900980830192566,
            "Y": 0.5474995374679565
          },
          {
            "X": 0.27179113030433655,
            "Y": 0.5474664568901062
          },
          {
            "X": 0.2717520594596863,
            "Y": 0.5656131505966187
          },
          {
            "X": 0.2589667737483978,
            "Y": 0.565645694732666
          }
        ]
      },
      "Id": "5e065a4b-fd2b-460e-8924-9b858dae1d08",
      "Page": 1
    },
    {
      "BlockType": "WORD",
      "Confidence": 99.26596069335938,
      "Text": "50",
      "TextType": "PRINTED",
      "Geometry": {
        "BoundingBox": {
          "Width": 0.01684757135808468,
          "Height": 0.02040586620569229,
          "Left": 0.2755695581436157,
          "Top": 0.5456406474113464
        },
        "Polygon": [
          {
            "X": 0.27561208605766296,
            "Y": 0.5456842184066772
          },
          {
            "X": 0.29241713881492615,
            "Y": 0.5456406474113464
          },
          {
            "X": 0.2923804223537445,
            "Y": 0.5660037398338318
          },
          {
            "X": 0.2755695581436157,
            "Y": 0.5660465359687805
          }
        ]
      },
      "Id": "7fc78c8a-0d06-43c3-b730-12a7c61a48fa",
      "Page": 1
    },
    {
      "BlockType": "WORD",
      "Confidence": 42.394737243652344,
      "Text": "°C",
      "TextType": "PRINTED",
      "Geometry": {
        "BoundingBox": {
          "Width": 0.020815379917621613,
          "Height": 0.020215295255184174,
          "Left": 0.29012438654899597,
          "Top": 0.5455375909805298
        },
        "Polygon": [
          {
            "X": 0.29016149044036865,
            "Y": 0.5455914735794067
          },
          {
            "X": 0.310939759016037,
            "Y": 0.5455375909805298
          },
          {
            "X": 0.3109097480773926,
            "Y": 0.5656999945640564
          },
          {
            "X": 0.29012438654899597,
            "Y": 0.5657529234886169
          }
        ]
      },
      "Id": "f49cb168-54b0-43ea-9d51-29403e8d14f1",
      "Page": 1
    },
    {
      "BlockType": "WORD",
      "Confidence": 98.30500793457031,
      "Text": "(GPa)",
      "TextType": "PRINTED",
      "Geometry": {
        "BoundingBox": {
          "Width": 0.036030832678079605,
          "Height": 0.025785217061638832,
          "Left": 0.31411653757095337,
          "Top": 0.5443485975265503
        },
        "Polygon": [
          {
            "X": 0.3141533434391022,
            "Y": 0.5444419384002686
          },
          {
            "X": 0.3501473665237427,
            "Y": 0.5443485975265503
          },
          {
            "X": 0.3501262664794922,
            "Y": 0.5700425505638123
          },
          {
            "X": 0.31411653757095337,
            "Y": 0.5701338052749634
          }
        ]
      },
      "Id": "94b592c7-038d-4c08-a4f2-64655c18d2d2",
      "Page": 1
    },
    {
      "BlockType": "WORD",
      "Confidence": 99.70069122314453,
      "Text": "b",
      "TextType": "PRINTED",
      "Geometry": {
        "BoundingBox": {
          "Width": 0.006320426240563393,
          "Height": 0.015034813433885574,
          "Left": 0.3542594015598297,
          "Top": 0.5397447347640991
        },
        "Polygon": [
          {
            "X": 0.35427069664001465,
            "Y": 0.5397611856460571
          },
          {
            "X": 0.36057981848716736,
            "Y": 0.5397447347640991
          },
          {
            "X": 0.36057016253471375,
            "Y": 0.5547633767127991
          },
          {
            "X": 0.3542594015598297,
            "Y": 0.554779589176178
          }
        ]
      },
      "Id": "d106ea30-f489-4f80-96fb-5d5439f61557",
      "Page": 1
    },
    {
      "BlockType": "WORD",
      "Confidence": 98.060791015625,
      "Text": "3.66",
      "TextType": "PRINTED",
      "Geometry": {
        "BoundingBox": {
          "Width": 0.027751220390200615,
          "Height": 0.020087243989109993,
          "Left": 0.41764602065086365,
          "Top": 0.545591413974762
        },
        "Polygon": [
          {
            "X": 0.41764602065086365,
            "Y": 0.5456632971763611
          },
          {
            "X": 0.4453812539577484,
            "Y": 0.545591413974762
          },
          {
            "X": 0.4453972280025482,
            "Y": 0.5656080842018127
          },
          {
            "X": 0.41765257716178894,
            "Y": 0.5656786561012268
          }
        ]
      },
      "Id": "9cb7a212-948f-4017-a6fc-2b295aadb22e",
      "Page": 1
    },
    {
      "BlockType": "WORD",
      "Confidence": 97.73056030273438,
      "Text": "+",
      "TextType": "PRINTED",
      "Geometry": {
        "BoundingBox": {
          "Width": 0.009545021690428257,
          "Height": 0.01617155224084854,
          "Left": 0.4493715465068817,
          "Top": 0.5506195425987244
        },
        "Polygon": [
          {
            "X": 0.4493715465068817,
            "Y": 0.5506441593170166
          },
          {
            "X": 0.45889994502067566,
            "Y": 0.5506195425987244
          },
          {
            "X": 0.458916574716568,
            "Y": 0.5667669177055359
          },
          {
            "X": 0.44938552379608154,
            "Y": 0.5667911171913147
          }
        ]
      },
      "Id": "aeb28214-bbea-449a-9a87-0a14c61becf4",
      "Page": 1
    },
    {
      "BlockType": "WORD",
      "Confidence": 91.4135971069336,
      "Text": "0.16",
      "TextType": "PRINTED",
      "Geometry": {
        "BoundingBox": {
          "Width": 0.027528466656804085,
          "Height": 0.020085766911506653,
          "Left": 0.4631408751010895,
          "Top": 0.5457668900489807
        },
        "Polygon": [
          {
            "X": 0.4631408751010895,
            "Y": 0.5458381175994873
          },
          {
            "X": 0.4906379282474518,
            "Y": 0.5457668900489807
          },
          {
            "X": 0.4906693398952484,
            "Y": 0.5657826662063599
          },
          {
            "X": 0.463162899017334,
            "Y": 0.5658526420593262
          }
        ]
      },
      "Id": "eb43b336-dc9a-4e5e-8c5d-6339b8452747",
      "Page": 1
    },
    {
      "BlockType": "WORD",
      "Confidence": 96.87390899658203,
      "Text": "4.43",
      "TextType": "PRINTED",
      "Geometry": {
        "BoundingBox": {
          "Width": 0.0276234932243824,
          "Height": 0.019808374345302582,
          "Left": 0.5665225982666016,
          "Top": 0.5457954406738281
        },
        "Polygon": [
          {
            "X": 0.5665225982666016,
            "Y": 0.5458667874336243
          },
          {
            "X": 0.5940804481506348,
            "Y": 0.5457954406738281
          },
          {
            "X": 0.5941461324691772,
            "Y": 0.5655336976051331
          },
          {
            "X": 0.5665790438652039,
            "Y": 0.5656037926673889
          }
        ]
      },
      "Id": "5c2e9307-e239-45ac-8f30-9009be72b288",
      "Page": 1
    },
    {
      "BlockType": "WORD",
      "Confidence": 98.67977905273438,
      "Text": "+",
      "TextType": "PRINTED",
      "Geometry": {
        "BoundingBox": {
          "Width": 0.009755318984389305,
          "Height": 0.016305645927786827,
          "Left": 0.5985899567604065,
          "Top": 0.5506154894828796
        },
        "Polygon": [
          {
            "X": 0.5985899567604065,
            "Y": 0.5506404638290405
          },
          {
            "X": 0.6082871556282043,
            "Y": 0.5506154894828796
          },
          {
            "X": 0.6083452701568604,
            "Y": 0.5668964385986328
          },
          {
            "X": 0.5986453890800476,
            "Y": 0.5669211149215698
          }
        ]
      },
      "Id": "93601d2e-f218-417c-bcc3-cc8ed2a3c58e",
      "Page": 1
    },
    {
      "BlockType": "WORD",
      "Confidence": 94.03758239746094,
      "Text": "0.50",
      "TextType": "PRINTED",
      "Geometry": {
        "BoundingBox": {
          "Width": 0.027906207367777824,
          "Height": 0.019812244921922684,
          "Left": 0.6124900579452515,
          "Top": 0.5458592176437378
        },
        "Polygon": [
          {
            "X": 0.6124900579452515,
            "Y": 0.5459312200546265
          },
          {
            "X": 0.640315055847168,
            "Y": 0.5458592176437378
          },
          {
            "X": 0.640396237373352,
            "Y": 0.5656006932258606
          },
          {
            "X": 0.6125618815422058,
            "Y": 0.565671443939209
          }
        ]
      },
      "Id": "b3d5c46f-8e2d-4706-b329-9e467c8af1b8",
      "Page": 1
    },
    {
      "BlockType": "WORD",
      "Confidence": 93.56893920898438,
      "Text": "4.36",
      "TextType": "PRINTED",
      "Geometry": {
        "BoundingBox": {
          "Width": 0.02828976698219776,
          "Height": 0.01983516849577427,
          "Left": 0.6797977685928345,
          "Top": 0.5456769466400146
        },
        "Polygon": [
          {
            "X": 0.6797977685928345,
            "Y": 0.5457499027252197
          },
          {
            "X": 0.7079834938049316,
            "Y": 0.5456769466400146
          },
          {
            "X": 0.7080875635147095,
            "Y": 0.5654404163360596
          },
          {
            "X": 0.679892361164093,
            "Y": 0.5655121207237244
          }
        ]
      },
      "Id": "978481ae-ba5d-4137-9f8b-7ed71f871e9c",
      "Page": 1
    },
    {
      "BlockType": "WORD",
      "Confidence": 99.46565246582031,
      "Text": "+",
      "TextType": "PRINTED",
      "Geometry": {
        "BoundingBox": {
          "Width": 0.00962011981755495,
          "Height": 0.015933996066451073,
          "Left": 0.7121508717536926,
          "Top": 0.5509917736053467
        },
        "Polygon": [
          {
            "X": 0.7121508717536926,
            "Y": 0.5510163307189941
          },
          {
            "X": 0.7216835618019104,
            "Y": 0.5509917736053467
          },
          {
            "X": 0.7217710018157959,
            "Y": 0.5669015645980835
          },
          {
            "X": 0.7122357487678528,
            "Y": 0.5669257640838623
          }
        ]
      },
      "Id": "1172badf-4cd6-4470-9f3e-6c06452b0b15",
      "Page": 1
    },
    {
      "BlockType": "WORD",
      "Confidence": 83.02283477783203,
      "Text": "0.36",
      "TextType": "PRINTED",
      "Geometry": {
        "BoundingBox": {
          "Width": 0.02755223959684372,
          "Height": 0.019914479926228523,
          "Left": 0.7260644435882568,
          "Top": 0.5456520915031433
        },
        "Polygon": [
          {
            "X": 0.7260644435882568,
            "Y": 0.5457231402397156
          },
          {
            "X": 0.7534968852996826,
            "Y": 0.5456520915031433
          },
          {
            "X": 0.7536166906356812,
            "Y": 0.5654968023300171
          },
          {
            "X": 0.7261750102043152,
            "Y": 0.5655665993690491
          }
        ]
      },
      "Id": "c0b18817-b199-4254-a597-3bd5f8be1531",
      "Page": 1
    },
    {
      "BlockType": "TABLE",
      "Confidence": 93.896484375,
      "Geometry": {
        "BoundingBox": {
          "Width": 0.5331420302391052,
          "Height": 0.17895713448524475,
          "Left": 0.23328125476837158,
          "Top": 0.40251800417900085
        },
        "Polygon": [
          {
            "X": 0.2337791919708252,
            "Y": 0.40407174825668335
          },
          {
            "X": 0.7653122544288635,
            "Y": 0.40251800417900085
          },
          {
            "X": 0.7664232850074768,
            "Y": 0.5801379084587097
          },
          {
            "X": 0.23328125476837158,
            "Y": 0.5814751386642456
          }
        ]
      },
      "Id": "f1cf44c5-770d-4c85-bce1-7df04a13bc29",
      "Relationships": [
        {
          "Type": "CHILD",
          "Ids": [
            "2fee05d6-32aa-4687-88d7-e5126d239316",
            "537326f3-983a-4222-8042-1acd28fea0c0",
            "3d1ab85d-bcc6-4953-811b-6cdf3cf7e7fd",
            "7385eee2-c35f-449b-9dea-68c5daee303e",
            "0008d397-46fc-47d5-8e2d-b09b95c43c00",
            "2a03379b-39e2-4bf9-9a0a-78c48ff9cc7f",
            "97805ff3-e79b-4262-8b71-c3b8f478c0b0",
            "4fe63e54-ff00-4f33-a30d-98c52d791889",
            "5f06e173-94f7-4dd4-be01-0e05b9db6cbb",
            "6a3dba20-c33c-4f55-b026-35bc635b4336",
            "a8892d54-ce13-436d-bfa8-88f2bd25106b",
            "049b4651-8994-4550-92a9-1ca3159abc79",
            "51c71f4d-e723-48a2-8cc2-40039a46f501",
            "8776d91d-824f-4742-a99b-9e7ff86685c1",
            "a2e0aeee-0993-4c69-8574-6df5b53f8601",
            "60e15e12-1c7d-41cb-87ce-753d12c69a2b"
          ]
        },
        {
          "Type": "MERGED_CELL",
          "Ids": [
            "c13e4f1b-fcb3-454a-a68a-d3fa4a85704c",
            "01fbdf7a-2d74-4bbc-9406-82765e754c21",
            "62f481ad-d453-4307-b37d-9dc04bc35baf"
          ]
        }
      ],
      "EntityTypes": [
        "STRUCTURED_TABLE"
      ],
      "Page": 1
    },
    {
      "BlockType": "CELL",
      "Confidence": 51.85546875,
      "RowIndex": 1,
      "ColumnIndex": 1,
      "RowSpan": 1,
      "ColumnSpan": 1,
      "Geometry": {
        "BoundingBox": {
          "Width": 0.16569183766841888,
          "Height": 0.049999743700027466,
          "Left": 0.23332324624061584,
          "Top": 0.40358874201774597
        },
        "Polygon": [
          {
            "X": 0.23346249759197235,
            "Y": 0.40407267212867737
          },
          {
            "X": 0.39901459217071533,
            "Y": 0.40358874201774597
          },
          {
            "X": 0.39901506900787354,
            "Y": 0.4531233310699463
          },
          {
            "X": 0.23332324624061584,
            "Y": 0.45358848571777344
          }
        ]
      },
      "Id": "2fee05d6-32aa-4687-88d7-e5126d239316",
      "Page": 1
    },
    {
      "BlockType": "CELL",
      "Confidence": 53.125,
      "RowIndex": 1,
      "ColumnIndex": 2,
      "RowSpan": 1,
      "ColumnSpan": 1,
      "Geometry": {
        "BoundingBox": {
          "Width": 0.15353341400623322,
          "Height": 0.049983009696006775,
          "Left": 0.39901459217071533,
          "Top": 0.4031403362751007
        },
        "Polygon": [
          {
            "X": 0.39901459217071533,
            "Y": 0.40358874201774597
          },
          {
            "X": 0.5524178743362427,
            "Y": 0.4031403362751007
          },
          {
            "X": 0.5525479912757874,
            "Y": 0.45269232988357544
          },
          {
            "X": 0.39901506900787354,
            "Y": 0.4531233310699463
          }
        ]
      },
      "Id": "537326f3-983a-4222-8042-1acd28fea0c0",
      "Relationships": [
        {
          "Type": "CHILD",
          "Ids": [
            "06d94a64-2812-4b0b-9c4f-b0c41ae38c0d",
            "e0db28db-928d-4b73-82a5-a70c65766da4",
            "59bb828a-246b-4c6f-b7de-78948666b1bc"
          ]
        }
      ],
      "Page": 1
    },
    {
      "BlockType": "CELL",
      "Confidence": 84.423828125,
      "RowIndex": 1,
      "ColumnIndex": 3,
      "RowSpan": 1,
      "ColumnSpan": 1,
      "Geometry": {
        "BoundingBox": {
          "Width": 0.10536376386880875,
          "Height": 0.04985934495925903,
          "Left": 0.5524178743362427,
          "Top": 0.4028329849243164
        },
        "Polygon": [
          {
            "X": 0.5524178743362427,
            "Y": 0.4031403362751007
          },
          {
            "X": 0.6575626730918884,
            "Y": 0.4028329849243164
          },
          {
            "X": 0.6577816605567932,
            "Y": 0.4523968994617462
          },
          {
            "X": 0.5525479912757874,
            "Y": 0.45269232988357544
          }
        ]
      },
      "Id": "3d1ab85d-bcc6-4953-811b-6cdf3cf7e7fd",
      "Relationships": [
        {
          "Type": "CHILD",
          "Ids": [
            "9b99756c-601d-495a-a010-3dad2b4c4531"
          ]
        }
      ],
      "Page": 1
    },
    {
      "BlockType": "CELL",
      "Confidence": 84.423828125,
      "RowIndex": 1,
      "ColumnIndex": 4,
      "RowSpan": 1,
      "ColumnSpan": 1,
      "Geometry": {
        "BoundingBox": {
          "Width": 0.10781051963567734,
          "Height": 0.049878157675266266,
          "Left": 0.6575626730918884,
          "Top": 0.40251874923706055
        },
        "Polygon": [
          {
            "X": 0.6575626730918884,
            "Y": 0.4028329849243164
          },
          {
            "X": 0.7650633454322815,
            "Y": 0.40251874923706055
          },
          {
            "X": 0.7653732299804688,
            "Y": 0.4520948529243469
          },
          {
            "X": 0.6577816605567932,
            "Y": 0.4523968994617462
          }
        ]
      },
      "Id": "7385eee2-c35f-449b-9dea-68c5daee303e",
      "Page": 1
    },
    {
      "BlockType": "CELL",
      "Confidence": 51.85546875,
      "RowIndex": 2,
      "ColumnIndex": 1,
      "RowSpan": 1,
      "ColumnSpan": 1,
      "Geometry": {
        "BoundingBox": {
          "Width": 0.16582803428173065,
          "Height": 0.0487230010330677,
          "Left": 0.23318754136562347,
          "Top": 0.4531233310699463
        },
        "Polygon": [
          {
            "X": 0.23332324624061584,
            "Y": 0.45358848571777344
          },
          {
            "X": 0.39901506900787354,
            "Y": 0.4531233310699463
          },
          {
            "X": 0.3990155756473541,
            "Y": 0.5013995170593262
          },
          {
            "X": 0.23318754136562347,
            "Y": 0.5018463134765625
          }
        ]
      },
      "Id": "0008d397-46fc-47d5-8e2d-b09b95c43c00",
      "Page": 1
    },
    {
      "BlockType": "CELL",
      "Confidence": 53.125,
      "RowIndex": 2,
      "ColumnIndex": 2,
      "RowSpan": 1,
      "ColumnSpan": 1,
      "Geometry": {
        "BoundingBox": {
          "Width": 0.15365970134735107,
          "Height": 0.048707202076911926,
          "Left": 0.39901506900787354,
          "Top": 0.45269232988357544
        },
        "Polygon": [
          {
            "X": 0.39901506900787354,
            "Y": 0.4531233310699463
          },
          {
            "X": 0.5525479912757874,
            "Y": 0.45269232988357544
          },
          {
            "X": 0.5526747703552246,
            "Y": 0.5009855031967163
          },
          {
            "X": 0.3990155756473541,
            "Y": 0.5013995170593262
          }
        ]
      },
      "Id": "2a03379b-39e2-4bf9-9a0a-78c48ff9cc7f",
      "Page": 1
    },
    {
      "BlockType": "CELL",
      "Confidence": 80.859375,
      "RowIndex": 2,
      "ColumnIndex": 3,
      "RowSpan": 1,
      "ColumnSpan": 1,
      "Geometry": {
        "BoundingBox": {
          "Width": 0.10544708371162415,
          "Height": 0.048588600009679794,
          "Left": 0.5525479912757874,
          "Top": 0.4523968994617462
        },
        "Polygon": [
          {
            "X": 0.5525479912757874,
            "Y": 0.45269232988357544
          },
          {
            "X": 0.6577816605567932,
            "Y": 0.4523968994617462
          },
          {
            "X": 0.6579951047897339,
            "Y": 0.5007017254829407
          },
          {
            "X": 0.5526747703552246,
            "Y": 0.5009855031967163
          }
        ]
      },
      "Id": "97805ff3-e79b-4262-8b71-c3b8f478c0b0",
      "Relationships": [
        {
          "Type": "CHILD",
          "Ids": [
            "553e6f8b-6178-461f-8885-10a80b4ecb55"
          ]
        }
      ],
      "Page": 1
    },
    {
      "BlockType": "CELL",
      "Confidence": 78.41796875,
      "RowIndex": 2,
      "ColumnIndex": 4,
      "RowSpan": 1,
      "ColumnSpan": 1,
      "Geometry": {
        "BoundingBox": {
          "Width": 0.1081429049372673,
          "Height": 0.048607561737298965,
          "Left": 0.6577816605567932,
          "Top": 0.452094167470932
        },
        "Polygon": [
          {
            "X": 0.6577816605567932,
            "Y": 0.4523968994617462
          },
          {
            "X": 0.7656223773956299,
            "Y": 0.452094167470932
          },
          {
            "X": 0.7659245729446411,
            "Y": 0.5004109144210815
          },
          {
            "X": 0.6579951047897339,
            "Y": 0.5007017254829407
          }
        ]
      },
      "Id": "4fe63e54-ff00-4f33-a30d-98c52d791889",
      "Relationships": [
        {
          "Type": "CHILD",
          "Ids": [
            "c485cc54-5d93-4ae7-8c7d-bc4b190f59c6"
          ]
        }
      ],
      "Page": 1
    },
    {
      "BlockType": "CELL",
      "Confidence": 80.517578125,
      "RowIndex": 3,
      "ColumnIndex": 1,
      "RowSpan": 1,
      "ColumnSpan": 1,
      "Geometry": {
        "BoundingBox": {
          "Width": 0.16562427580356598,
          "Height": 0.04072151333093643,
          "Left": 0.23339170217514038,
          "Top": 0.5013995170593262
        },
        "Polygon": [
          {
            "X": 0.2335047572851181,
            "Y": 0.5018454790115356
          },
          {
            "X": 0.3990155756473541,
            "Y": 0.5013995170593262
          },
          {
            "X": 0.39901599287986755,
            "Y": 0.5416903495788574
          },
          {
            "X": 0.23339170217514038,
            "Y": 0.5421210527420044
          }
        ]
      },
      "Id": "5f06e173-94f7-4dd4-be01-0e05b9db6cbb",
      "Relationships": [
        {
          "Type": "CHILD",
          "Ids": [
            "a3f979de-94f0-432a-af3e-6ea45868e55b",
            "161f6be8-e05f-4ed8-9323-5781aa7795bf",
            "5aa0b7ab-d563-4825-9562-57d24b1e8193"
          ]
        }
      ],
      "Page": 1
    },
    {
      "BlockType": "CELL",
      "Confidence": 80.37109375,
      "RowIndex": 3,
      "ColumnIndex": 2,
      "RowSpan": 1,
      "ColumnSpan": 1,
      "Geometry": {
        "BoundingBox": {
          "Width": 0.1537650227546692,
          "Height": 0.0407048761844635,
          "Left": 0.3990155756473541,
          "Top": 0.5009855031967163
        },
        "Polygon": [
          {
            "X": 0.3990155756473541,
            "Y": 0.5013995170593262
          },
          {
            "X": 0.5526747703552246,
            "Y": 0.5009855031967163
          },
          {
            "X": 0.5527806282043457,
            "Y": 0.5412905216217041
          },
          {
            "X": 0.39901599287986755,
            "Y": 0.5416903495788574
          }
        ]
      },
      "Id": "6a3dba20-c33c-4f55-b026-35bc635b4336",
      "Relationships": [
        {
          "Type": "CHILD",
          "Ids": [
            "bf6abb9d-e7f2-403c-8bb2-122fa1191f90",
            "caa67ad8-46e4-4f3f-9f78-9a810067938f",
            "d7d55a2c-9a13-4267-83ff-c0e60917889c"
          ]
        }
      ],
      "Page": 1
    },
    {
      "BlockType": "CELL",
      "Confidence": 79.931640625,
      "RowIndex": 3,
      "ColumnIndex": 3,
      "RowSpan": 1,
      "ColumnSpan": 1,
      "Geometry": {
        "BoundingBox": {
          "Width": 0.10549840331077576,
          "Height": 0.040588829666376114,
          "Left": 0.5526747703552246,
          "Top": 0.5007017254829407
        },
        "Polygon": [
          {
            "X": 0.5526747703552246,
            "Y": 0.5009855031967163
          },
          {
            "X": 0.6579951047897339,
            "Y": 0.5007017254829407
          },
          {
            "X": 0.6581732034683228,
            "Y": 0.5410165190696716
          },
          {
            "X": 0.5527806282043457,
            "Y": 0.5412905216217041
          }
        ]
      },
      "Id": "a8892d54-ce13-436d-bfa8-88f2bd25106b",
      "Relationships": [
        {
          "Type": "CHILD",
          "Ids": [
            "ed7cb062-37d5-4040-b0d1-3de05811da95",
            "39ac3687-b257-4975-8bdb-cf12c3e7fa88",
            "4a637fc9-dfc4-415e-b2a0-06032fd2cdaf"
          ]
        }
      ],
      "Page": 1
    },
    {
      "BlockType": "CELL",
      "Confidence": 77.490234375,
      "RowIndex": 3,
      "ColumnIndex": 4,
      "RowSpan": 1,
      "ColumnSpan": 1,
      "Geometry": {
        "BoundingBox": {
          "Width": 0.10818172246217728,
          "Height": 0.04060559347271919,
          "Left": 0.6579951047897339,
          "Top": 0.5004109144210815
        },
        "Polygon": [
          {
            "X": 0.6579951047897339,
            "Y": 0.5007017254829407
          },
          {
            "X": 0.7659245729446411,
            "Y": 0.5004109144210815
          },
          {
            "X": 0.7661768198013306,
            "Y": 0.54073566198349
          },
          {
            "X": 0.6581732034683228,
            "Y": 0.5410165190696716
          }
        ]
      },
      "Id": "049b4651-8994-4550-92a9-1ca3159abc79",
      "Relationships": [
        {
          "Type": "CHILD",
          "Ids": [
            "f808ded4-68a6-46b0-986d-28409e914887",
            "643c5944-56be-4d58-816d-7c0377d19ce6",
            "1e8bfc31-19bb-4fe4-bc30-304a9615dcc7"
          ]
        }
      ],
      "Page": 1
    },
    {
      "BlockType": "CELL",
      "Confidence": 86.376953125,
      "RowIndex": 4,
      "ColumnIndex": 1,
      "RowSpan": 1,
      "ColumnSpan": 1,
      "Geometry": {
        "BoundingBox": {
          "Width": 0.165735125541687,
          "Height": 0.03978477418422699,
          "Left": 0.23328125476837158,
          "Top": 0.5416903495788574
        },
        "Polygon": [
          {
            "X": 0.23339170217514038,
            "Y": 0.5421210527420044
          },
          {
            "X": 0.39901599287986755,
            "Y": 0.5416903495788574
          },
          {
            "X": 0.3990163803100586,
            "Y": 0.581059455871582
          },
          {
            "X": 0.23328125476837158,
            "Y": 0.5814751386642456
          }
        ]
      },
      "Id": "51c71f4d-e723-48a2-8cc2-40039a46f501",
      "Relationships": [
        {
          "Type": "CHILD",
          "Ids": [
            "366b0dcd-325f-474b-a724-d4513013e029",
            "5e065a4b-fd2b-460e-8924-9b858dae1d08",
            "7fc78c8a-0d06-43c3-b730-12a7c61a48fa",
            "f49cb168-54b0-43ea-9d51-29403e8d14f1",
            "94b592c7-038d-4c08-a4f2-64655c18d2d2",
            "d106ea30-f489-4f80-96fb-5d5439f61557"
          ]
        }
      ],
      "Page": 1
    },
    {
      "BlockType": "CELL",
      "Confidence": 86.23046875,
      "RowIndex": 4,
      "ColumnIndex": 2,
      "RowSpan": 1,
      "ColumnSpan": 1,
      "Geometry": {
        "BoundingBox": {
          "Width": 0.15386801958084106,
          "Height": 0.03976890444755554,
          "Left": 0.39901599287986755,
          "Top": 0.5412905216217041
        },
        "Polygon": [
          {
            "X": 0.39901599287986755,
            "Y": 0.5416903495788574
          },
          {
            "X": 0.5527806282043457,
            "Y": 0.5412905216217041
          },
          {
            "X": 0.5528839826583862,
            "Y": 0.5806735157966614
          },
          {
            "X": 0.3990163803100586,
            "Y": 0.581059455871582
          }
        ]
      },
      "Id": "8776d91d-824f-4742-a99b-9e7ff86685c1",
      "Relationships": [
        {
          "Type": "CHILD",
          "Ids": [
            "9cb7a212-948f-4017-a6fc-2b295aadb22e",
            "aeb28214-bbea-449a-9a87-0a14c61becf4",
            "eb43b336-dc9a-4e5e-8c5d-6339b8452747"
          ]
        }
      ],
      "Page": 1
    },
    {
      "BlockType": "CELL",
      "Confidence": 85.7421875,
      "RowIndex": 4,
      "ColumnIndex": 3,
      "RowSpan": 1,
      "ColumnSpan": 1,
      "Geometry": {
        "BoundingBox": {
          "Width": 0.10556662082672119,
          "Height": 0.03965701907873154,
          "Left": 0.5527806282043457,
          "Top": 0.5410165190696716
        },
        "Polygon": [
          {
            "X": 0.5527806282043457,
            "Y": 0.5412905216217041
          },
          {
            "X": 0.6581732034683228,
            "Y": 0.5410165190696716
          },
          {
            "X": 0.6583472490310669,
            "Y": 0.5804089903831482
          },
          {
            "X": 0.5528839826583862,
            "Y": 0.5806735157966614
          }
        ]
      },
      "Id": "a2e0aeee-0993-4c69-8574-6df5b53f8601",
      "Relationships": [
        {
          "Type": "CHILD",
          "Ids": [
            "5c2e9307-e239-45ac-8f30-9009be72b288",
            "93601d2e-f218-417c-bcc3-cc8ed2a3c58e",
            "b3d5c46f-8e2d-4706-b329-9e467c8af1b8"
          ]
        }
      ],
      "Page": 1
    },
    {
      "BlockType": "CELL",
      "Confidence": 83.154296875,
      "RowIndex": 4,
      "ColumnIndex": 4,
      "RowSpan": 1,
      "ColumnSpan": 1,
      "Geometry": {
        "BoundingBox": {
          "Width": 0.10825007408857346,
          "Height": 0.0396733283996582,
          "Left": 0.6581732034683228,
          "Top": 0.54073566198349
        },
        "Polygon": [
          {
            "X": 0.6581732034683228,
            "Y": 0.5410165190696716
          },
          {
            "X": 0.7661768198013306,
            "Y": 0.54073566198349
          },
          {
            "X": 0.7664232850074768,
            "Y": 0.5801379084587097
          },
          {
            "X": 0.6583472490310669,
            "Y": 0.5804089903831482
          }
        ]
      },
      "Id": "60e15e12-1c7d-41cb-87ce-753d12c69a2b",
      "Relationships": [
        {
          "Type": "CHILD",
          "Ids": [
            "978481ae-ba5d-4137-9f8b-7ed71f871e9c",
            "1172badf-4cd6-4470-9f3e-6c06452b0b15",
            "c0b18817-b199-4254-a597-3bd5f8be1531"
          ]
        }
      ],
      "Page": 1
    },
    {
      "BlockType": "MERGED_CELL",
      "Confidence": 51.85546875,
      "RowIndex": 1,
      "ColumnIndex": 1,
      "RowSpan": 2,
      "ColumnSpan": 1,
      "Geometry": {
        "BoundingBox": {
          "Width": 0.16551081836223602,
          "Height": 0.09825673699378967,
          "Left": 0.2335047572851181,
          "Top": 0.40358874201774597
        },
        "Polygon": [
          {
            "X": 0.2337791919708252,
            "Y": 0.40407174825668335
          },
          {
            "X": 0.39901459217071533,
            "Y": 0.40358874201774597
          },
          {
            "X": 0.3990155756473541,
            "Y": 0.5013995170593262
          },
          {
            "X": 0.2335047572851181,
            "Y": 0.5018454790115356
          }
        ]
      },
      "Id": "c13e4f1b-fcb3-454a-a68a-d3fa4a85704c",
      "Relationships": [
        {
          "Type": "CHILD",
          "Ids": [
            "2fee05d6-32aa-4687-88d7-e5126d239316",
            "0008d397-46fc-47d5-8e2d-b09b95c43c00"
          ]
        }
      ],
      "Page": 1
    },
    {
      "BlockType": "MERGED_CELL",
      "Confidence": 53.125,
      "RowIndex": 1,
      "ColumnIndex": 2,
      "RowSpan": 2,
      "ColumnSpan": 1,
      "Geometry": {
        "BoundingBox": {
          "Width": 0.15366020798683167,
          "Height": 0.09825919568538666,
          "Left": 0.39901459217071533,
          "Top": 0.4031403362751007
        },
        "Polygon": [
          {
            "X": 0.39901459217071533,
            "Y": 0.40358874201774597
          },
          {
            "X": 0.5524178743362427,
            "Y": 0.4031403362751007
          },
          {
            "X": 0.5526747703552246,
            "Y": 0.5009855031967163
          },
          {
            "X": 0.3990155756473541,
            "Y": 0.5013995170593262
          }
        ]
      },
      "Id": "01fbdf7a-2d74-4bbc-9406-82765e754c21",
      "Relationships": [
        {
          "Type": "CHILD",
          "Ids": [
            "537326f3-983a-4222-8042-1acd28fea0c0",
            "2a03379b-39e2-4bf9-9a0a-78c48ff9cc7f"
          ]
        }
      ],
      "Page": 1
    },
    {
      "BlockType": "MERGED_CELL",
      "Confidence": 84.423828125,
      "RowIndex": 1,
      "ColumnIndex": 3,
      "RowSpan": 1,
      "ColumnSpan": 2,
      "Geometry": {
        "BoundingBox": {
          "Width": 0.21320444345474243,
          "Height": 0.05017431080341339,
          "Left": 0.5524178743362427,
          "Top": 0.40251800417900085
        },
        "Polygon": [
          {
            "X": 0.5524178743362427,
            "Y": 0.4031403362751007
          },
          {
            "X": 0.7653122544288635,
            "Y": 0.40251800417900085
          },
          {
            "X": 0.7656223773956299,
            "Y": 0.452094167470932
          },
          {
            "X": 0.5525479912757874,
            "Y": 0.45269232988357544
          }
        ]
      },
      "Id": "62f481ad-d453-4307-b37d-9dc04bc35baf",
      "Relationships": [
        {
          "Type": "CHILD",
          "Ids": [
            "3d1ab85d-bcc6-4953-811b-6cdf3cf7e7fd",
            "7385eee2-c35f-449b-9dea-68c5daee303e"
          ]
        }
      ],
      "Page": 1
    }
  ],
  "AnalyzeDocumentModelVersion": "1.0"
}