{
  "DocumentMetadata": {
    "Pages": 1
  },
  "JobStatus": "SUCCEEDED",
  "Blocks": [
    {
      "BlockType": "PAGE",
      "Geometry": {
        "BoundingBox": {
          "Width": 1,
          "Height": 1,
          "Left": 0,
          "Top": 0
        },
        "Polygon": [
          {
            "X": 0,
            "Y": 0
          },
          {
            "X": 1,
            "Y": 0.000001029996724355442
          },
          {
            "X": 1,
            "Y": 1
          },
          {
            "X": 0.000014044580893823877,
            "Y": 1
          }
        ]
      },
      "Id": "33f37a67-7264-42f1-ad4a-fe5240bc7c8c",
      "Relationships": [
        {
          "Type": "CHILD",
          "Ids": [
            "df816493-4603-46af-9256-80d5dd0d4871",
            "834c9611-b640-4da7-abdd-563fa729bb88",
            "49469b17-ad13-40b9-acc1-799f750ec0ad",
            "6d8498c1-c51f-4b2d-8471-ad91aa3f0d95",
            "c76212e0-906d-4bef-b75e-193e4e44c552",
            "a9ab7654-7aee-4e18-bc3b-b02eca4ca114",
            "d5418a28-f4d2-49bc-9f44-ef820e262f73",
            "a61ce58d-2290-4c3e-90a0-6dd8dadecfd1",
            "0e4a6c75-aab5-4f3c-a194-eb653a6616c1",
            "5e9adb18-ef72-43cb-998b-827c57848405",
            "9b7881dc-0387-4494-a49d-8e7479f6fea7",
            "6998ce39-6032-4cd3-9082-b3c2f14a7330",
            "67f10fde-2182-4db0-8c4b-36a784a2b359",
            "55477310-5a54-446d-ad81-8e6b0849413a"
          ]
        }
      ],
      "Page": 1
    },
    {
      "BlockType": "LINE",
      "Confidence": 75.414306640625,
      "Text": "(kJ/mol) E3,Y (kJ/mol) T(TG1 = 1 s) (°C)",
      "Geometry": {
        "BoundingBox": {
          "Width": 0.33911988139152527,
          "Height": 0.03327487036585808,
          "Left": 0.4149259030818939,
          "Top": 0.41534295678138733
        },
        "Polygon": [
          {
            "X": 0.4149259030818939,
            "Y": 0.41534295678138733
          },
          {
            "X": 0.7538277506828308,
            "Y": 0.4153541028499603
          },
          {
            "X": 0.7540457844734192,
            "Y": 0.4485940933227539
          },
          {
            "X": 0.4151131212711334,
            "Y": 0.4486178159713745
          }
        ]
      },
      "Id": "df816493-4603-46af-9256-80d5dd0d4871",
      "Relationships": [
        {
          "Type": "CHILD",
          "Ids": [
            "633acf17-529b-460e-9a85-447650aa16e9",
            "2d740fbf-e55e-4c27-985a-eac9d266f4c4",
            "6e50a2ba-aa3a-432d-a266-07b0b06519da",
            "76e2695e-19b9-4191-b5bc-facaf18b37cd",
            "b09f582d-ddef-45cb-8d6b-f8149b775727",
            "02c5149b-5dfb-46ab-ac83-196760db264d",
            "94b67527-92e0-4a33-9fd0-c0fe78ced537",
            "d1392e37-b950-4cf1-8001-d8e4f40d0643"
          ]
        }
      ],
      "Page": 1
    },
    {
      "BlockType": "LINE",
      "Confidence": 98.01514434814453,
      "Text": "33A(BPA-dg)",
      "Geometry": {
        "BoundingBox": {
          "Width": 0.088801808655262,
          "Height": 0.029713064432144165,
          "Left": 0.25319814682006836,
          "Top": 0.4644182324409485
        },
        "Polygon": [
          {
            "X": 0.25319814682006836,
            "Y": 0.46442875266075134
          },
          {
            "X": 0.34183886647224426,
            "Y": 0.4644182324409485
          },
          {
            "X": 0.34199997782707214,
            "Y": 0.49411261081695557
          },
          {
            "X": 0.2533520758152008,
            "Y": 0.49413129687309265
          }
        ]
      },
      "Id": "834c9611-b640-4da7-abdd-563fa729bb88",
      "Relationships": [
        {
          "Type": "CHILD",
          "Ids": [
            "5d831745-9343-4038-aee6-aaec35765e2d"
          ]
        }
      ],
      "Page": 1
    },
    {
      "BlockType": "LINE",
      "Confidence": 99.96752166748047,
      "Text": "88",
      "Geometry": {
        "BoundingBox": {
          "Width": 0.015887977555394173,
          "Height": 0.019762566313147545,
          "Left": 0.4261781573295593,
          "Top": 0.468427449464798
        },
        "Polygon": [
          {
            "X": 0.4261781573295593,
            "Y": 0.4684295356273651
          },
          {
            "X": 0.44195348024368286,
            "Y": 0.468427449464798
          },
          {
            "X": 0.44206613302230835,
            "Y": 0.4881869852542877
          },
          {
            "X": 0.42628994584083557,
            "Y": 0.48819002509117126
          }
        ]
      },
      "Id": "49469b17-ad13-40b9-acc1-799f750ec0ad",
      "Relationships": [
        {
          "Type": "CHILD",
          "Ids": [
            "6f7faf59-a64c-43a9-a20a-244af32c74dd"
          ]
        }
      ],
      "Page": 1
    },
    {
      "BlockType": "LINE",
      "Confidence": 99.94892883300781,
      "Text": "40",
      "Geometry": {
        "BoundingBox": {
          "Width": 0.01672349125146866,
          "Height": 0.020231010392308235,
          "Left": 0.5445014834403992,
          "Top": 0.4684162437915802
        },
        "Polygon": [
          {
            "X": 0.5445014834403992,
            "Y": 0.4684184193611145
          },
          {
            "X": 0.5611030459403992,
            "Y": 0.4684162437915802
          },
          {
            "X": 0.5612249374389648,
            "Y": 0.4886440336704254
          },
          {
            "X": 0.5446224808692932,
            "Y": 0.4886472523212433
          }
        ]
      },
      "Id": "6d8498c1-c51f-4b2d-8471-ad91aa3f0d95",
      "Relationships": [
        {
          "Type": "CHILD",
          "Ids": [
            "2d0d41c4-89af-4310-9b26-6a3a8a18ba6d"
          ]
        }
      ],
      "Page": 1
    },
    {
      "BlockType": "LINE",
      "Confidence": 99.70396423339844,
      "Text": "-86",
      "Geometry": {
        "BoundingBox": {
          "Width": 0.029059387743473053,
          "Height": 0.021920157596468925,
          "Left": 0.6783554553985596,
          "Top": 0.46683549880981445
        },
        "Polygon": [
          {
            "X": 0.6783554553985596,
            "Y": 0.46683916449546814
          },
          {
            "X": 0.7072739601135254,
            "Y": 0.46683549880981445
          },
          {
            "X": 0.7074148654937744,
            "Y": 0.48875004053115845
          },
          {
            "X": 0.6784946322441101,
            "Y": 0.48875564336776733
          }
        ]
      },
      "Id": "c76212e0-906d-4bef-b75e-193e4e44c552",
      "Relationships": [
        {
          "Type": "CHILD",
          "Ids": [
            "f228d7b7-7151-465a-a739-c0205c826e25"
          ]
        }
      ],
      "Page": 1
    },
    {
      "BlockType": "LINE",
      "Confidence": 97.29142761230469,
      "Text": "44A(BPA-dg)",
      "Geometry": {
        "BoundingBox": {
          "Width": 0.08926898241043091,
          "Height": 0.02952425368130207,
          "Left": 0.25264793634414673,
          "Top": 0.5047730803489685
        },
        "Polygon": [
          {
            "X": 0.25264793634414673,
            "Y": 0.5047947764396667
          },
          {
            "X": 0.3417569100856781,
            "Y": 0.5047730803489685
          },
          {
            "X": 0.34191691875457764,
            "Y": 0.5342674851417542
          },
          {
            "X": 0.25280076265335083,
            "Y": 0.5342973470687866
          }
        ]
      },
      "Id": "a9ab7654-7aee-4e18-bc3b-b02eca4ca114",
      "Relationships": [
        {
          "Type": "CHILD",
          "Ids": [
            "fa35e76c-024d-471b-ab58-9ea02f1bd5f3"
          ]
        }
      ],
      "Page": 1
    },
    {
      "BlockType": "LINE",
      "Confidence": 99.94952392578125,
      "Text": "93",
      "Geometry": {
        "BoundingBox": {
          "Width": 0.016497772186994553,
          "Height": 0.02091929316520691,
          "Left": 0.4256395101547241,
          "Top": 0.5087475180625916
        },
        "Polygon": [
          {
            "X": 0.4256395101547241,
            "Y": 0.5087516903877258
          },
          {
            "X": 0.442018061876297,
            "Y": 0.5087475180625916
          },
          {
            "X": 0.4421372711658478,
            "Y": 0.5296615362167358
          },
          {
            "X": 0.4257577657699585,
            "Y": 0.5296667814254761
          }
        ]
      },
      "Id": "d5418a28-f4d2-49bc-9f44-ef820e262f73",
      "Relationships": [
        {
          "Type": "CHILD",
          "Ids": [
            "db8767f7-fa57-4e76-a743-93d6bd79aacb"
          ]
        }
      ],
      "Page": 1
    },
    {
      "BlockType": "LINE",
      "Confidence": 99.9632339477539,
      "Text": "40",
      "Geometry": {
        "BoundingBox": {
          "Width": 0.016373993828892708,
          "Height": 0.019787417724728584,
          "Left": 0.5447066426277161,
          "Top": 0.5088098645210266
        },
        "Polygon": [
          {
            "X": 0.5447066426277161,
            "Y": 0.5088140368461609
          },
          {
            "X": 0.5609614253044128,
            "Y": 0.5088098645210266
          },
          {
            "X": 0.5610806345939636,
            "Y": 0.5285921692848206
          },
          {
            "X": 0.54482501745224,
            "Y": 0.5285972952842712
          }
        ]
      },
      "Id": "a61ce58d-2290-4c3e-90a0-6dd8dadecfd1",
      "Relationships": [
        {
          "Type": "CHILD",
          "Ids": [
            "747061a1-9851-47b7-9974-fb96296acd3a"
          ]
        }
      ],
      "Page": 1
    },
    {
      "BlockType": "LINE",
      "Confidence": 99.59026336669922,
      "Text": "-85",
      "Geometry": {
        "BoundingBox": {
          "Width": 0.027302423492074013,
          "Height": 0.021698826923966408,
          "Left": 0.6788927316665649,
          "Top": 0.5079407095909119
        },
        "Polygon": [
          {
            "X": 0.6788927316665649,
            "Y": 0.5079476237297058
          },
          {
            "X": 0.706055760383606,
            "Y": 0.5079407095909119
          },
          {
            "X": 0.7061951756477356,
            "Y": 0.5296308398246765
          },
          {
            "X": 0.6790304780006409,
            "Y": 0.5296395421028137
          }
        ]
      },
      "Id": "0e4a6c75-aab5-4f3c-a194-eb653a6616c1",
      "Relationships": [
        {
          "Type": "CHILD",
          "Ids": [
            "baf413e5-6966-4b4f-b5d4-26347406aafa"
          ]
        }
      ],
      "Page": 1
    },
    {
      "BlockType": "LINE",
      "Confidence": 94.49561309814453,
      "Text": "44A(DDS-dg)",
      "Geometry": {
        "BoundingBox": {
          "Width": 0.09249254316091537,
          "Height": 0.030013322830200195,
          "Left": 0.2525460124015808,
          "Top": 0.5450527667999268
        },
        "Polygon": [
          {
            "X": 0.2525460124015808,
            "Y": 0.5450868010520935
          },
          {
            "X": 0.3448757529258728,
            "Y": 0.5450527667999268
          },
          {
            "X": 0.3450385630130768,
            "Y": 0.5750235915184021
          },
          {
            "X": 0.2527012825012207,
            "Y": 0.575066089630127
          }
        ]
      },
      "Id": "5e9adb18-ef72-43cb-998b-827c57848405",
      "Relationships": [
        {
          "Type": "CHILD",
          "Ids": [
            "dfe9c95d-5121-42e5-b1f1-bede2eac3b15"
          ]
        }
      ],
      "Page": 1
    },
    {
      "BlockType": "LINE",
      "Confidence": 99.8853988647461,
      "Text": "n/a",
      "Geometry": {
        "BoundingBox": {
          "Width": 0.023652799427509308,
          "Height": 0.025335535407066345,
          "Left": 0.4185115098953247,
          "Top": 0.546563446521759
        },
        "Polygon": [
          {
            "X": 0.4185115098953247,
            "Y": 0.546572208404541
          },
          {
            "X": 0.4420199692249298,
            "Y": 0.546563446521759
          },
          {
            "X": 0.4421643018722534,
            "Y": 0.5718883275985718
          },
          {
            "X": 0.418654203414917,
            "Y": 0.5718989372253418
          }
        ]
      },
      "Id": "9b7881dc-0387-4494-a49d-8e7479f6fea7",
      "Relationships": [
        {
          "Type": "CHILD",
          "Ids": [
            "a8073dd2-2753-4a5e-8cba-f4b44c5dca5e"
          ]
        }
      ],
      "Page": 1
    },
    {
      "BlockType": "LINE",
      "Confidence": 99.96625518798828,
      "Text": "79",
      "Geometry": {
        "BoundingBox": {
          "Width": 0.01625203527510166,
          "Height": 0.020892798900604248,
          "Left": 0.5447983741760254,
          "Top": 0.5489354133605957
        },
        "Polygon": [
          {
            "X": 0.5447983741760254,
            "Y": 0.5489415526390076
          },
          {
            "X": 0.5609245300292969,
            "Y": 0.5489354133605957
          },
          {
            "X": 0.5610503554344177,
            "Y": 0.5698210000991821
          },
          {
            "X": 0.5449233055114746,
            "Y": 0.5698282122612
          }
        ]
      },
      "Id": "6998ce39-6032-4cd3-9082-b3c2f14a7330",
      "Relationships": [
        {
          "Type": "CHILD",
          "Ids": [
            "79174035-204f-456d-8cdf-493f8c77a31b"
          ]
        }
      ],
      "Page": 1
    },
    {
      "BlockType": "LINE",
      "Confidence": 99.5218505859375,
      "Text": "-22",
      "Geometry": {
        "BoundingBox": {
          "Width": 0.028004182502627373,
          "Height": 0.020404741168022156,
          "Left": 0.6789170503616333,
          "Top": 0.5485210418701172
        },
        "Polygon": [
          {
            "X": 0.6789170503616333,
            "Y": 0.5485315918922424
          },
          {
            "X": 0.7067901492118835,
            "Y": 0.5485210418701172
          },
          {
            "X": 0.7069212198257446,
            "Y": 0.5689134001731873
          },
          {
            "X": 0.6790465712547302,
            "Y": 0.5689257383346558
          }
        ]
      },
      "Id": "67f10fde-2182-4db0-8c4b-36a784a2b359",
      "Relationships": [
        {
          "Type": "CHILD",
          "Ids": [
            "f72ddcb6-da35-4f8a-8cbf-e741dbf614af"
          ]
        }
      ],
      "Page": 1
    },
    {
      "BlockType": "WORD",
      "Confidence": 97.07987976074219,
      "Text": "(kJ/mol)",
      "TextType": "PRINTED",
      "Geometry": {
        "BoundingBox": {
          "Width": 0.05934995412826538,
          "Height": 0.030093485489487648,
          "Left": 0.41493067145347595,
          "Top": 0.41619211435317993
        },
        "Polygon": [
          {
            "X": 0.41493067145347595,
            "Y": 0.41619211435317993
          },
          {
            "X": 0.47410643100738525,
            "Y": 0.4161939024925232
          },
          {
            "X": 0.47428062558174133,
            "Y": 0.44628188014030457
          },
          {
            "X": 0.41510000824928284,
            "Y": 0.446285605430603
          }
        ]
      },
      "Id": "633acf17-529b-460e-9a85-447650aa16e9",
      "Page": 1
    },
    {
      "BlockType": "WORD",
      "Confidence": 43.810707092285156,
      "Text": "E3,Y",
      "TextType": "PRINTED",
      "Geometry": {
        "BoundingBox": {
          "Width": 0.022612636908888817,
          "Height": 0.029894495382905006,
          "Left": 0.5083456635475159,
          "Top": 0.41871678829193115
        },
        "Polygon": [
          {
            "X": 0.5083456635475159,
            "Y": 0.41871678829193115
          },
          {
            "X": 0.530780553817749,
            "Y": 0.41871729493141174
          },
          {
            "X": 0.5309582948684692,
            "Y": 0.44860970973968506
          },
          {
            "X": 0.508521556854248,
            "Y": 0.4486112892627716
          }
        ]
      },
      "Id": "2d740fbf-e55e-4c27-985a-eac9d266f4c4",
      "Page": 1
    },
    {
      "BlockType": "WORD",
      "Confidence": 95.75232696533203,
      "Text": "(kJ/mol)",
      "TextType": "PRINTED",
      "Geometry": {
        "BoundingBox": {
          "Width": 0.0591120645403862,
          "Height": 0.03023424930870533,
          "Left": 0.5368903875350952,
          "Top": 0.41600513458251953
        },
        "Polygon": [
          {
            "X": 0.5368903875350952,
            "Y": 0.41600513458251953
          },
          {
            "X": 0.5958173274993896,
            "Y": 0.41600698232650757
          },
          {
            "X": 0.596002459526062,
            "Y": 0.446235716342926
          },
          {
            "X": 0.537070631980896,
            "Y": 0.4462394118309021
          }
        ]
      },
      "Id": "6e50a2ba-aa3a-432d-a266-07b0b06519da",
      "Page": 1
    },
    {
      "BlockType": "WORD",
      "Confidence": 23.033363342285156,
      "Text": "T(TG1",
      "TextType": "PRINTED",
      "Geometry": {
        "BoundingBox": {
          "Width": 0.03618726134300232,
          "Height": 0.032227590680122375,
          "Left": 0.631216287612915,
          "Top": 0.415926992893219
        },
        "Polygon": [
          {
            "X": 0.631216287612915,
            "Y": 0.415926992893219
          },
          {
            "X": 0.6671999096870422,
            "Y": 0.41592809557914734
          },
          {
            "X": 0.6674035787582397,
            "Y": 0.448152095079422
          },
          {
            "X": 0.6314167976379395,
            "Y": 0.4481545686721802
          }
        ]
      },
      "Id": "76e2695e-19b9-4191-b5bc-facaf18b37cd",
      "Page": 1
    },
    {
      "BlockType": "WORD",
      "Confidence": 99.22655487060547,
      "Text": "=",
      "TextType": "PRINTED",
      "Geometry": {
        "BoundingBox": {
          "Width": 0.00976660754531622,
          "Height": 0.010286391712725163,
          "Left": 0.6737813353538513,
          "Top": 0.42635995149612427
        },
        "Polygon": [
          {
            "X": 0.6737813353538513,
            "Y": 0.42635998129844666
          },
          {
            "X": 0.6834824681282043,
            "Y": 0.42635995149612427
          },
          {
            "X": 0.6835479736328125,
            "Y": 0.4366460144519806
          },
          {
            "X": 0.6738465428352356,
            "Y": 0.43664634227752686
          }
        ]
      },
      "Id": "b09f582d-ddef-45cb-8d6b-f8149b775727",
      "Page": 1
    },
    {
      "BlockType": "WORD",
      "Confidence": 85.87117767333984,
      "Text": "1",
      "TextType": "PRINTED",
      "Geometry": {
        "BoundingBox": {
          "Width": 0.006207542028278112,
          "Height": 0.020082097500562668,
          "Left": 0.6901986598968506,
          "Top": 0.42012819647789
        },
        "Polygon": [
          {
            "X": 0.6901986598968506,
            "Y": 0.42012819647789
          },
          {
            "X": 0.6962776780128479,
            "Y": 0.42012831568717957
          },
          {
            "X": 0.6964061856269836,
            "Y": 0.4402100145816803
          },
          {
            "X": 0.6903268694877625,
            "Y": 0.4402102828025818
          }
        ]
      },
      "Id": "02c5149b-5dfb-46ab-ac83-196760db264d",
      "Page": 1
    },
    {
      "BlockType": "WORD",
      "Confidence": 98.72352600097656,
      "Text": "s)",
      "TextType": "PRINTED",
      "Geometry": {
        "BoundingBox": {
          "Width": 0.019352566450834274,
          "Height": 0.030260682106018066,
          "Left": 0.6955006122589111,
          "Top": 0.41572868824005127
        },
        "Polygon": [
          {
            "X": 0.6955006122589111,
            "Y": 0.41572868824005127
          },
          {
            "X": 0.7146579623222351,
            "Y": 0.4157293140888214
          },
          {
            "X": 0.7148531675338745,
            "Y": 0.4459882080554962
          },
          {
            "X": 0.6956942081451416,
            "Y": 0.44598937034606934
          }
        ]
      },
      "Id": "94b67527-92e0-4a33-9fd0-c0fe78ced537",
      "Page": 1
    },
    {
      "BlockType": "WORD",
      "Confidence": 59.816898345947266,
      "Text": "(°C)",
      "TextType": "PRINTED",
      "Geometry": {
        "BoundingBox": {
          "Width": 0.03062352165579796,
          "Height": 0.030270138755440712,
          "Left": 0.723402738571167,
          "Top": 0.41535311937332153
        },
        "Polygon": [
          {
            "X": 0.723402738571167,
            "Y": 0.41535311937332153
          },
          {
            "X": 0.7538277506828308,
            "Y": 0.4153541028499603
          },
          {
            "X": 0.7540262937545776,
            "Y": 0.44562140107154846
          },
          {
            "X": 0.7235987186431885,
            "Y": 0.4456232488155365
          }
        ]
      },
      "Id": "d1392e37-b950-4cf1-8001-d8e4f40d0643",
      "Page": 1
    },
    {
      "BlockType": "WORD",
      "Confidence": 98.01514434814453,
      "Text": "33A(BPA-dg)",
      "TextType": "PRINTED",
      "Geometry": {
        "BoundingBox": {
          "Width": 0.088801808655262,
          "Height": 0.029713064432144165,
          "Left": 0.25319814682006836,
          "Top": 0.4644182324409485
        },
        "Polygon": [
          {
            "X": 0.25319814682006836,
            "Y": 0.46442875266075134
          },
          {
            "X": 0.34183886647224426,
            "Y": 0.4644182324409485
          },
          {
            "X": 0.34199997782707214,
            "Y": 0.49411261081695557
          },
          {
            "X": 0.2533520758152008,
            "Y": 0.49413129687309265
          }
        ]
      },
      "Id": "5d831745-9343-4038-aee6-aaec35765e2d",
      "Page": 1
    },
    {
      "BlockType": "WORD",
      "Confidence": 99.96752166748047,
      "Text": "88",
      "TextType": "PRINTED",
      "Geometry": {
        "BoundingBox": {
          "Width": 0.015887977555394173,
          "Height": 0.019762566313147545,
          "Left": 0.4261781573295593,
          "Top": 0.468427449464798
        },
        "Polygon": [
          {
            "X": 0.4261781573295593,
            "Y": 0.4684295356273651
          },
          {
            "X": 0.44195348024368286,
            "Y": 0.468427449464798
          },
          {
            "X": 0.44206613302230835,
            "Y": 0.4881869852542877
          },
          {
            "X": 0.42628994584083557,
            "Y": 0.48819002509117126
          }
        ]
      },
      "Id": "6f7faf59-a64c-43a9-a20a-244af32c74dd",
      "Page": 1
    },
    {
      "BlockType": "WORD",
      "Confidence": 99.94892883300781,
      "Text": "40",
      "TextType": "PRINTED",
      "Geometry": {
        "BoundingBox": {
          "Width": 0.01672349125146866,
          "Height": 0.020231010392308235,
          "Left": 0.5445014834403992,
          "Top": 0.4684162437915802
        },
        "Polygon": [
          {
            "X": 0.5445014834403992,
            "Y": 0.4684184193611145
          },
          {
            "X": 0.5611030459403992,
            "Y": 0.4684162437915802
          },
          {
            "X": 0.5612249374389648,
            "Y": 0.4886440336704254
          },
          {
            "X": 0.5446224808692932,
            "Y": 0.4886472523212433
          }
        ]
      },
      "Id": "2d0d41c4-89af-4310-9b26-6a3a8a18ba6d",
      "Page": 1
    },
    {
      "BlockType": "WORD",
      "Confidence": 99.70396423339844,
      "Text": "-86",
      "TextType": "PRINTED",
      "Geometry": {
        "BoundingBox": {
          "Width": 0.029059387743473053,
          "Height": 0.021920157596468925,
          "Left": 0.6783554553985596,
          "Top": 0.46683549880981445
        },
        "Polygon": [
          {
            "X": 0.6783554553985596,
            "Y": 0.46683916449546814
          },
          {
            "X": 0.7072739601135254,
            "Y": 0.46683549880981445
          },
          {
            "X": 0.7074148654937744,
            "Y": 0.48875004053115845
          },
          {
            "X": 0.6784946322441101,
            "Y": 0.48875564336776733
          }
        ]
      },
      "Id": "f228d7b7-7151-465a-a739-c0205c826e25",
      "Page": 1
    },
    {
      "BlockType": "WORD",
      "Confidence": 97.29142761230469,
      "Text": "44A(BPA-dg)",
      "TextType": "PRINTED",
      "Geometry": {
        "BoundingBox": {
          "Width": 0.08926898241043091,
          "Height": 0.02952425368130207,
          "Left": 0.25264793634414673,
          "Top": 0.5047730803489685
        },
        "Polygon": [
          {
            "X": 0.25264793634414673,
            "Y": 0.5047947764396667
          },
          {
            "X": 0.3417569100856781,
            "Y": 0.5047730803489685
          },
          {
            "X": 0.34191691875457764,
            "Y": 0.5342674851417542
          },
          {
            "X": 0.25280076265335083,
            "Y": 0.5342973470687866
          }
        ]
      },
      "Id": "fa35e76c-024d-471b-ab58-9ea02f1bd5f3",
      "Page": 1
    },
    {
      "BlockType": "WORD",
      "Confidence": 99.94952392578125,
      "Text": "93",
      "TextType": "PRINTED",
      "Geometry": {
        "BoundingBox": {
          "Width": 0.016497772186994553,
          "Height": 0.02091929316520691,
          "Left": 0.4256395101547241,
          "Top": 0.5087475180625916
        },
        "Polygon": [
          {
            "X": 0.4256395101547241,
            "Y": 0.5087516903877258
          },
          {
            "X": 0.442018061876297,
            "Y": 0.5087475180625916
          },
          {
            "X": 0.4421372711658478,
            "Y": 0.5296615362167358
          },
          {
            "X": 0.4257577657699585,
            "Y": 0.5296667814254761
          }
        ]
      },
      "Id": "db8767f7-fa57-4e76-a743-93d6bd79aacb",
      "Page": 1
    },
    {
      "BlockType": "WORD",
      "Confidence": 99.9632339477539,
      "Text": "40",
      "TextType": "PRINTED",
      "Geometry": {
        "BoundingBox": {
          "Width": 0.016373993828892708,
          "Height": 0.019787417724728584,
          "Left": 0.5447066426277161,
          "Top": 0.5088098645210266
        },
        "Polygon": [
          {
            "X": 0.5447066426277161,
            "Y": 0.5088140368461609
          },
          {
            "X": 0.5609614253044128,
            "Y": 0.5088098645210266
          },
          {
            "X": 0.5610806345939636,
            "Y": 0.5285921692848206
          },
          {
            "X": 0.54482501745224,
            "Y": 0.5285972952842712
          }
        ]
      },
      "Id": "747061a1-9851-47b7-9974-fb96296acd3a",
      "Page": 1
    },
    {
      "BlockType": "WORD",
      "Confidence": 99.59026336669922,
      "Text": "-85",
      "TextType": "PRINTED",
      "Geometry": {
        "BoundingBox": {
          "Width": 0.027302423492074013,
          "Height": 0.021698826923966408,
          "Left": 0.6788927316665649,
          "Top": 0.5079407095909119
        },
        "Polygon": [
          {
            "X": 0.6788927316665649,
            "Y": 0.5079476237297058
          },
          {
            "X": 0.706055760383606,
            "Y": 0.5079407095909119
          },
          {
            "X": 0.7061951756477356,
            "Y": 0.5296308398246765
          },
          {
            "X": 0.6790304780006409,
            "Y": 0.5296395421028137
          }
        ]
      },
      "Id": "baf413e5-6966-4b4f-b5d4-26347406aafa",
      "Page": 1
    },
    {
      "BlockType": "WORD",
      "Confidence": 94.49561309814453,
      "Text": "44A(DDS-dg)",
      "TextType": "PRINTED",
      "Geometry": {
        "BoundingBox": {
          "Width": 0.09249254316091537,
          "Height": 0.030013322830200195,
          "Left": 0.2525460124015808,
          "Top": 0.5450527667999268
        },
        "Polygon": [
          {
            "X": 0.2525460124015808,
            "Y": 0.5450868010520935
          },
          {
            "X": 0.3448757529258728,
            "Y": 0.5450527667999268
          },
          {
            "X": 0.3450385630130768,
            "Y": 0.5750235915184021
          },
          {
            "X": 0.2527012825012207,
            "Y": 0.575066089630127
          }
        ]
      },
      "Id": "dfe9c95d-5121-42e5-b1f1-bede2eac3b15",
      "Page": 1
    },
    {
      "BlockType": "WORD",
      "Confidence": 99.8853988647461,
      "Text": "n/a",
      "TextType": "PRINTED",
      "Geometry": {
        "BoundingBox": {
          "Width": 0.023652799427509308,
          "Height": 0.025335535407066345,
          "Left": 0.4185115098953247,
          "Top": 0.546563446521759
        },
        "Polygon": [
          {
            "X": 0.4185115098953247,
            "Y": 0.546572208404541
          },
          {
            "X": 0.4420199692249298,
            "Y": 0.546563446521759
          },
          {
            "X": 0.4421643018722534,
            "Y": 0.5718883275985718
          },
          {
            "X": 0.418654203414917,
            "Y": 0.5718989372253418
          }
        ]
      },
      "Id": "a8073dd2-2753-4a5e-8cba-f4b44c5dca5e",
      "Page": 1
    },
    {
      "BlockType": "WORD",
      "Confidence": 99.96625518798828,
      "Text": "79",
      "TextType": "PRINTED",
      "Geometry": {
        "BoundingBox": {
          "Width": 0.01625203527510166,
          "Height": 0.020892798900604248,
          "Left": 0.5447983741760254,
          "Top": 0.5489354133605957
        },
        "Polygon": [
          {
            "X": 0.5447983741760254,
            "Y": 0.5489415526390076
          },
          {
            "X": 0.5609245300292969,
            "Y": 0.5489354133605957
          },
          {
            "X": 0.5610503554344177,
            "Y": 0.5698210000991821
          },
          {
            "X": 0.5449233055114746,
            "Y": 0.5698282122612
          }
        ]
      },
      "Id": "79174035-204f-456d-8cdf-493f8c77a31b",
      "Page": 1
    },
    {
      "BlockType": "WORD",
      "Confidence": 99.5218505859375,
      "Text": "-22",
      "TextType": "PRINTED",
      "Geometry": {
        "BoundingBox": {
          "Width": 0.028004182502627373,
          "Height": 0.020404741168022156,
          "Left": 0.6789170503616333,
          "Top": 0.5485210418701172
        },
        "Polygon": [
          {
            "X": 0.6789170503616333,
            "Y": 0.5485315918922424
          },
          {
            "X": 0.7067901492118835,
            "Y": 0.5485210418701172
          },
          {
            "X": 0.7069212198257446,
            "Y": 0.5689134001731873
          },
          {
            "X": 0.6790465712547302,
            "Y": 0.5689257383346558
          }
        ]
      },
      "Id": "f72ddcb6-da35-4f8a-8cbf-e741dbf614af",
      "Page": 1
    },
    {
      "BlockType": "TABLE",
      "Confidence": 100,
      "Geometry": {
        "BoundingBox": {
          "Width": 0.5252287983894348,
          "Height": 0.19316904246807098,
          "Left": 0.23684604465961456,
          "Top": 0.4035947322845459
        },
        "Polygon": [
          {
            "X": 0.23684604465961456,
            "Y": 0.4035947322845459
          },
          {
            "X": 0.7608063220977783,
            "Y": 0.4036310017108917
          },
          {
            "X": 0.762074887752533,
            "Y": 0.5964870452880859
          },
          {
            "X": 0.2378385365009308,
            "Y": 0.5967637896537781
          }
        ]
      },
      "Id": "55477310-5a54-446d-ad81-8e6b0849413a",
      "Relationships": [
        {
          "Type": "CHILD",
          "Ids": [
            "15988c26-de5c-466f-8d42-e2e839513a1b",
            "5a66cb0f-33ae-44fa-a526-f4a07468a50e",
            "a91189a5-81b3-4c44-b900-e7fb9e1ad3da",
            "12cac45d-657c-42e1-9d86-ac741e3e50d8",
            "51750ab9-e3e7-4ef8-86fb-384b47536eae",
            "5ca2bfd0-cc19-4e50-a1ac-714519fed884",
            "1af2722f-a497-4359-b8d5-7edd5d2a8451",
            "f4f4c6c3-c90e-4f26-aaa8-34db8600e058",
            "2bb1ceb9-c840-4c87-b9d0-e24346437125",
            "abc67a7c-3de3-4507-8b2f-0df4f7cd7494",
            "fbfa85d7-c350-42e5-a728-5975bdc4e02f",
            "5a9bc360-ba03-47ec-a777-f99c7dd21154",
            "d8538bab-d8a1-4bb6-901f-9debb80dd5b1",
            "f099370f-0804-4117-865c-810fbd88e51e",
            "635b83b5-6b11-460f-84f1-5d6f5d208403",
            "8a937759-39ba-4515-8178-b061d753a8f5"
          ]
        }
      ],
      "EntityTypes": [
        "STRUCTURED_TABLE"
      ],
      "Page": 1
    },
    {
      "BlockType": "CELL",
      "Confidence": 90.72265625,
      "RowIndex": 1,
      "ColumnIndex": 1,
      "RowSpan": 1,
      "ColumnSpan": 1,
      "Geometry": {
        "BoundingBox": {
          "Width": 0.13416177034378052,
          "Height": 0.05485459044575691,
          "Left": 0.23684604465961456,
          "Top": 0.4035947322845459
        },
        "Polygon": [
          {
            "X": 0.23684604465961456,
            "Y": 0.4035947322845459
          },
          {
            "X": 0.3707059323787689,
            "Y": 0.40360400080680847
          },
          {
            "X": 0.3710078299045563,
            "Y": 0.45843589305877686
          },
          {
            "X": 0.237127885222435,
            "Y": 0.4584493339061737
          }
        ]
      },
      "Id": "15988c26-de5c-466f-8d42-e2e839513a1b",
      "Page": 1
    },
    {
      "BlockType": "CELL",
      "Confidence": 88.28125,
      "RowIndex": 1,
      "ColumnIndex": 2,
      "RowSpan": 1,
      "ColumnSpan": 1,
      "Geometry": {
        "BoundingBox": {
          "Width": 0.12142309546470642,
          "Height": 0.054831888526678085,
          "Left": 0.3707059323787689,
          "Top": 0.40360400080680847
        },
        "Polygon": [
          {
            "X": 0.3707059323787689,
            "Y": 0.40360400080680847
          },
          {
            "X": 0.49180901050567627,
            "Y": 0.4036123752593994
          },
          {
            "X": 0.49212902784347534,
            "Y": 0.4584237337112427
          },
          {
            "X": 0.3710078299045563,
            "Y": 0.45843589305877686
          }
        ]
      },
      "Id": "5a66cb0f-33ae-44fa-a526-f4a07468a50e",
      "Relationships": [
        {
          "Type": "CHILD",
          "Ids": [
            "633acf17-529b-460e-9a85-447650aa16e9"
          ]
        }
      ],
      "EntityTypes": [
        "COLUMN_HEADER"
      ],
      "Page": 1
    },
    {
      "BlockType": "CELL",
      "Confidence": 91.6015625,
      "RowIndex": 1,
      "ColumnIndex": 3,
      "RowSpan": 1,
      "ColumnSpan": 1,
      "Geometry": {
        "BoundingBox": {
          "Width": 0.12451350688934326,
          "Height": 0.05481135472655296,
          "Left": 0.49180901050567627,
          "Top": 0.4036123752593994
        },
        "Polygon": [
          {
            "X": 0.49180901050567627,
            "Y": 0.4036123752593994
          },
          {
            "X": 0.6159839034080505,
            "Y": 0.40362098813056946
          },
          {
            "X": 0.6163225173950195,
            "Y": 0.4584112763404846
          },
          {
            "X": 0.49212902784347534,
            "Y": 0.4584237337112427
          }
        ]
      },
      "Id": "a91189a5-81b3-4c44-b900-e7fb9e1ad3da",
      "Relationships": [
        {
          "Type": "CHILD",
          "Ids": [
            "2d740fbf-e55e-4c27-985a-eac9d266f4c4",
            "6e50a2ba-aa3a-432d-a266-07b0b06519da"
          ]
        }
      ],
      "EntityTypes": [
        "COLUMN_HEADER"
      ],
      "Page": 1
    },
    {
      "BlockType": "CELL",
      "Confidence": 93.896484375,
      "RowIndex": 1,
      "ColumnIndex": 4,
      "RowSpan": 1,
      "ColumnSpan": 1,
      "Geometry": {
        "BoundingBox": {
          "Width": 0.14518263936042786,
          "Height": 0.054790299385786057,
          "Left": 0.6159839034080505,
          "Top": 0.40362098813056946
        },
        "Polygon": [
          {
            "X": 0.6159839034080505,
            "Y": 0.40362098813056946
          },
          {
            "X": 0.7608063220977783,
            "Y": 0.4036310017108917
          },
          {
            "X": 0.7611665725708008,
            "Y": 0.4583967328071594
          },
          {
            "X": 0.6163225173950195,
            "Y": 0.4584112763404846
          }
        ]
      },
      "Id": "12cac45d-657c-42e1-9d86-ac741e3e50d8",
      "Relationships": [
        {
          "Type": "CHILD",
          "Ids": [
            "76e2695e-19b9-4191-b5bc-facaf18b37cd",
            "b09f582d-ddef-45cb-8d6b-f8149b775727",
            "02c5149b-5dfb-46ab-ac83-196760db264d",
            "94b67527-92e0-4a33-9fd0-c0fe78ced537",
            "d1392e37-b950-4cf1-8001-d8e4f40d0643"
          ]
        }
      ],
      "EntityTypes": [
        "COLUMN_HEADER"
      ],
      "Page": 1
    },
    {
      "BlockType": "CELL",
      "Confidence": 85.44921875,
      "RowIndex": 2,
      "ColumnIndex": 1,
      "RowSpan": 1,
      "ColumnSpan": 1,
      "Geometry": {
        "BoundingBox": {
          "Width": 0.13410204648971558,
          "Height": 0.04037229344248772,
          "Left": 0.237127885222435,
          "Top": 0.45843589305877686
        },
        "Polygon": [
          {
            "X": 0.237127885222435,
            "Y": 0.4584493339061737
          },
          {
            "X": 0.3710078299045563,
            "Y": 0.45843589305877686
          },
          {
            "X": 0.37122994661331177,
            "Y": 0.4987780451774597
          },
          {
            "X": 0.23733524978160858,
            "Y": 0.4988081753253937
          }
        ]
      },
      "Id": "51750ab9-e3e7-4ef8-86fb-384b47536eae",
      "Relationships": [
        {
          "Type": "CHILD",
          "Ids": [
            "5d831745-9343-4038-aee6-aaec35765e2d"
          ]
        }
      ],
      "Page": 1
    },
    {
      "BlockType": "CELL",
      "Confidence": 83.154296875,
      "RowIndex": 2,
      "ColumnIndex": 2,
      "RowSpan": 1,
      "ColumnSpan": 1,
      "Geometry": {
        "BoundingBox": {
          "Width": 0.12135665118694305,
          "Height": 0.04035430774092674,
          "Left": 0.3710078299045563,
          "Top": 0.4584237337112427
        },
        "Polygon": [
          {
            "X": 0.3710078299045563,
            "Y": 0.45843589305877686
          },
          {
            "X": 0.49212902784347534,
            "Y": 0.4584237337112427
          },
          {
            "X": 0.49236446619033813,
            "Y": 0.498750776052475
          },
          {
            "X": 0.37122994661331177,
            "Y": 0.4987780451774597
          }
        ]
      },
      "Id": "5ca2bfd0-cc19-4e50-a1ac-714519fed884",
      "Relationships": [
        {
          "Type": "CHILD",
          "Ids": [
            "6f7faf59-a64c-43a9-a20a-244af32c74dd"
          ]
        }
      ],
      "Page": 1
    },
    {
      "BlockType": "CELL",
      "Confidence": 86.328125,
      "RowIndex": 2,
      "ColumnIndex": 3,
      "RowSpan": 1,
      "ColumnSpan": 1,
      "Geometry": {
        "BoundingBox": {
          "Width": 0.12444259971380234,
          "Height": 0.040339503437280655,
          "Left": 0.49212902784347534,
          "Top": 0.4584112763404846
        },
        "Polygon": [
          {
            "X": 0.49212902784347534,
            "Y": 0.4584237337112427
          },
          {
            "X": 0.6163225173950195,
            "Y": 0.4584112763404846
          },
          {
            "X": 0.6165716052055359,
            "Y": 0.4987228214740753
          },
          {
            "X": 0.49236446619033813,
            "Y": 0.498750776052475
          }
        ]
      },
      "Id": "1af2722f-a497-4359-b8d5-7edd5d2a8451",
      "Relationships": [
        {
          "Type": "CHILD",
          "Ids": [
            "2d0d41c4-89af-4310-9b26-6a3a8a18ba6d"
          ]
        }
      ],
      "Page": 1
    },
    {
      "BlockType": "CELL",
      "Confidence": 88.4765625,
      "RowIndex": 2,
      "ColumnIndex": 4,
      "RowSpan": 1,
      "ColumnSpan": 1,
      "Geometry": {
        "BoundingBox": {
          "Width": 0.14510908722877502,
          "Height": 0.0403260812163353,
          "Left": 0.6163225173950195,
          "Top": 0.4583967328071594
        },
        "Polygon": [
          {
            "X": 0.6163225173950195,
            "Y": 0.4584112763404846
          },
          {
            "X": 0.7611665725708008,
            "Y": 0.4583967328071594
          },
          {
            "X": 0.7614315748214722,
            "Y": 0.4986902177333832
          },
          {
            "X": 0.6165716052055359,
            "Y": 0.4987228214740753
          }
        ]
      },
      "Id": "f4f4c6c3-c90e-4f26-aaa8-34db8600e058",
      "Relationships": [
        {
          "Type": "CHILD",
          "Ids": [
            "f228d7b7-7151-465a-a739-c0205c826e25"
          ]
        }
      ],
      "Page": 1
    },
    {
      "BlockType": "CELL",
      "Confidence": 83.30078125,
      "RowIndex": 3,
      "ColumnIndex": 1,
      "RowSpan": 1,
      "ColumnSpan": 1,
      "Geometry": {
        "BoundingBox": {
          "Width": 0.13411684334278107,
          "Height": 0.040397949516773224,
          "Left": 0.23733524978160858,
          "Top": 0.4987780451774597
        },
        "Polygon": [
          {
            "X": 0.23733524978160858,
            "Y": 0.4988081753253937
          },
          {
            "X": 0.37122994661331177,
            "Y": 0.4987780451774597
          },
          {
            "X": 0.37145209312438965,
            "Y": 0.5391291379928589
          },
          {
            "X": 0.23754265904426575,
            "Y": 0.5391759872436523
          }
        ]
      },
      "Id": "2bb1ceb9-c840-4c87-b9d0-e24346437125",
      "Relationships": [
        {
          "Type": "CHILD",
          "Ids": [
            "fa35e76c-024d-471b-ab58-9ea02f1bd5f3"
          ]
        }
      ],
      "Page": 1
    },
    {
      "BlockType": "CELL",
      "Confidence": 81.005859375,
      "RowIndex": 3,
      "ColumnIndex": 2,
      "RowSpan": 1,
      "ColumnSpan": 1,
      "Geometry": {
        "BoundingBox": {
          "Width": 0.12137003988027573,
          "Height": 0.04037836566567421,
          "Left": 0.37122994661331177,
          "Top": 0.498750776052475
        },
        "Polygon": [
          {
            "X": 0.37122994661331177,
            "Y": 0.4987780451774597
          },
          {
            "X": 0.49236446619033813,
            "Y": 0.498750776052475
          },
          {
            "X": 0.4925999641418457,
            "Y": 0.5390867590904236
          },
          {
            "X": 0.37145209312438965,
            "Y": 0.5391291379928589
          }
        ]
      },
      "Id": "abc67a7c-3de3-4507-8b2f-0df4f7cd7494",
      "Relationships": [
        {
          "Type": "CHILD",
          "Ids": [
            "db8767f7-fa57-4e76-a743-93d6bd79aacb"
          ]
        }
      ],
      "Page": 1
    },
    {
      "BlockType": "CELL",
      "Confidence": 84.08203125,
      "RowIndex": 3,
      "ColumnIndex": 3,
      "RowSpan": 1,
      "ColumnSpan": 1,
      "Geometry": {
        "BoundingBox": {
          "Width": 0.12445632368326187,
          "Height": 0.04036393761634827,
          "Left": 0.49236446619033813,
          "Top": 0.4987228214740753
        },
        "Polygon": [
          {
            "X": 0.49236446619033813,
            "Y": 0.498750776052475
          },
          {
            "X": 0.6165716052055359,
            "Y": 0.4987228214740753
          },
          {
            "X": 0.6168208122253418,
            "Y": 0.5390433073043823
          },
          {
            "X": 0.4925999641418457,
            "Y": 0.5390867590904236
          }
        ]
      },
      "Id": "fbfa85d7-c350-42e5-a728-5975bdc4e02f",
      "Relationships": [
        {
          "Type": "CHILD",
          "Ids": [
            "747061a1-9851-47b7-9974-fb96296acd3a"
          ]
        }
      ],
      "Page": 1
    },
    {
      "BlockType": "CELL",
      "Confidence": 86.181640625,
      "RowIndex": 3,
      "ColumnIndex": 4,
      "RowSpan": 1,
      "ColumnSpan": 1,
      "Geometry": {
        "BoundingBox": {
          "Width": 0.14512506127357483,
          "Height": 0.04035308212041855,
          "Left": 0.6165716052055359,
          "Top": 0.4986902177333832
        },
        "Polygon": [
          {
            "X": 0.6165716052055359,
            "Y": 0.4987228214740753
          },
          {
            "X": 0.7614315748214722,
            "Y": 0.4986902177333832
          },
          {
            "X": 0.7616966962814331,
            "Y": 0.5389925837516785
          },
          {
            "X": 0.6168208122253418,
            "Y": 0.5390433073043823
          }
        ]
      },
      "Id": "5a9bc360-ba03-47ec-a777-f99c7dd21154",
      "Relationships": [
        {
          "Type": "CHILD",
          "Ids": [
            "baf413e5-6966-4b4f-b5d4-26347406aafa"
          ]
        }
      ],
      "Page": 1
    },
    {
      "BlockType": "CELL",
      "Confidence": 90.625,
      "RowIndex": 4,
      "ColumnIndex": 1,
      "RowSpan": 1,
      "ColumnSpan": 1,
      "Geometry": {
        "BoundingBox": {
          "Width": 0.13422636687755585,
          "Height": 0.057634636759757996,
          "Left": 0.23754265904426575,
          "Top": 0.5391291379928589
        },
        "Polygon": [
          {
            "X": 0.23754265904426575,
            "Y": 0.5391759872436523
          },
          {
            "X": 0.37145209312438965,
            "Y": 0.5391291379928589
          },
          {
            "X": 0.3717690408229828,
            "Y": 0.5966930985450745
          },
          {
            "X": 0.2378385365009308,
            "Y": 0.5967637896537781
          }
        ]
      },
      "Id": "d8538bab-d8a1-4bb6-901f-9debb80dd5b1",
      "Relationships": [
        {
          "Type": "CHILD",
          "Ids": [
            "dfe9c95d-5121-42e5-b1f1-bede2eac3b15"
          ]
        }
      ],
      "Page": 1
    },
    {
      "BlockType": "CELL",
      "Confidence": 88.18359375,
      "RowIndex": 4,
      "ColumnIndex": 2,
      "RowSpan": 1,
      "ColumnSpan": 1,
      "Geometry": {
        "BoundingBox": {
          "Width": 0.12148384004831314,
          "Height": 0.057606324553489685,
          "Left": 0.37145209312438965,
          "Top": 0.5390867590904236
        },
        "Polygon": [
          {
            "X": 0.37145209312438965,
            "Y": 0.5391291379928589
          },
          {
            "X": 0.4925999641418457,
            "Y": 0.5390867590904236
          },
          {
            "X": 0.4929359257221222,
            "Y": 0.5966291427612305
          },
          {
            "X": 0.3717690408229828,
            "Y": 0.5966930985450745
          }
        ]
      },
      "Id": "f099370f-0804-4117-865c-810fbd88e51e",
      "Relationships": [
        {
          "Type": "CHILD",
          "Ids": [
            "a8073dd2-2753-4a5e-8cba-f4b44c5dca5e"
          ]
        }
      ],
      "Page": 1
    },
    {
      "BlockType": "CELL",
      "Confidence": 91.552734375,
      "RowIndex": 4,
      "ColumnIndex": 3,
      "RowSpan": 1,
      "ColumnSpan": 1,
      "Geometry": {
        "BoundingBox": {
          "Width": 0.12457627803087234,
          "Height": 0.05758582800626755,
          "Left": 0.4925999641418457,
          "Top": 0.5390433073043823
        },
        "Polygon": [
          {
            "X": 0.4925999641418457,
            "Y": 0.5390867590904236
          },
          {
            "X": 0.6168208122253418,
            "Y": 0.5390433073043823
          },
          {
            "X": 0.6171762347221375,
            "Y": 0.5965635180473328
          },
          {
            "X": 0.4929359257221222,
            "Y": 0.5966291427612305
          }
        ]
      },
      "Id": "635b83b5-6b11-460f-84f1-5d6f5d208403",
      "Relationships": [
        {
          "Type": "CHILD",
          "Ids": [
            "79174035-204f-456d-8cdf-493f8c77a31b"
          ]
        }
      ],
      "Page": 1
    },
    {
      "BlockType": "CELL",
      "Confidence": 93.798828125,
      "RowIndex": 4,
      "ColumnIndex": 4,
      "RowSpan": 1,
      "ColumnSpan": 1,
      "Geometry": {
        "BoundingBox": {
          "Width": 0.14525407552719116,
          "Height": 0.057570930570364,
          "Left": 0.6168208122253418,
          "Top": 0.5389925837516785
        },
        "Polygon": [
          {
            "X": 0.6168208122253418,
            "Y": 0.5390433073043823
          },
          {
            "X": 0.7616966962814331,
            "Y": 0.5389925837516785
          },
          {
            "X": 0.762074887752533,
            "Y": 0.5964870452880859
          },
          {
            "X": 0.6171762347221375,
            "Y": 0.5965635180473328
          }
        ]
      },
      "Id": "8a937759-39ba-4515-8178-b061d753a8f5",
      "Relationships": [
        {
          "Type": "CHILD",
          "Ids": [
            "f72ddcb6-da35-4f8a-8cbf-e741dbf614af"
          ]
        }
      ],
      "Page": 1
    }
  ],
  "AnalyzeDocumentModelVersion": "1.0"
}