"'","'","'","'constituents","'",
"'Zirconia ceramic","'","'","'","'",
"'Vita In-Ceram YZ for in lab (E-modulus 210 GPa)","'35760","'91% Zirconium oxide (ZrO), 5% yttrium oxide (Y2O3), 3% hafnium oxide (HfO2), small amounts (1%) of aluminum oxide (Al2O3) and silicon oxide (SiO2)","'Bottino et al. [26]","'VITA Zahnfabrik, Germany",
"'Indirect composite materials","'","'","'","'",
"'Ceramage dentine (E- modulus 10.7 GPa)","'041024","'UDMA (Urethane dimethacrylate)","'Soançã et al. [27]","'Shofu Inc., Kyoto, Japan",
"'Ceramage opaque","'100906","'UDMA, aluminum silicate, 2-HEMA, glass, pigment, others","'Muratomi et al. [28]","'Shofu Inc, Kyoto, Japan",
"'AZ Primer (Ceramage)","'071213","'-MHPA(6-methacryloxyethyl phosphonoacetate.), acetone, others","'Ural et al. [16]","'Shofu Inc, Kyoto, Japan",
"'Signum dentine (E-mod- ulus 3.5 GPa)","'01300","'Bis-GMA(2,2'-bis-[4-(methacryloxypropoxy)-phenyl]-propane)and TEGDMA (Tri (ethylene glycol) dimethacrylate)-SiO2 Ba-Al-Si (1,0 um) -","'Janda et al. [29] Alves et al. [30]","'Heraeus Kulzer GmbH, Hanau, Germany",
"'Signum Opaque F","'010209","'Multifunctional dimethacrylates; Pyrogenic SiO2 Photoinitiator Camphorquinone; TiO2, iron oxides","'Janda et al. [29]","'Heraeus Kulzer GmbH, Hanau, Germany",
"'Zirconia bond I+II","'010021","'Bond I: Acetone, 10-MDP (10-methacryloyloxy-decyl-dihydrogenphosphate), acetic acid 010106 Bond II: Methyl methacrylate, diphenyl(2,4,6- trimethylbenzoyl) phosphanoxide","'Ural et al. [16]","'Heraeus Kulzer GmbH, Hanau, Germany",
"'Sinfony dentine (E-mod- ulus 3.1 GPa)","'449469","'Microhybrid composite containing: strontium aluminum borosilicate glass, pyrogenic silica, glass ionomer, a mixture of aliphatic and cycloaliphatic monomers","'Alves et al. [30] Özcan et al. [31]","'3M ESPE, Minnesota, USA",
"'Sinfony opaque powder","'445066","'B-(trimethoxysilyl)propyl, titaniumdioxide, calcium fluoride, dilauroylperoxide, 1,1,1-trimethyl-N-(trimethylsilyl) silaneamine, hydrolyzation products with silica, iron oxide","'Özcan et al. [31]","'3M ESPE, Minnesota, USA",
"'Sinfony opaque liquid","'518929","'bis(methylene)diacrylate, MMA, vinylchloride-vinylacetate copolymer, tri- methylbenzoyl-diphenylposphone oxide","'Özcan et al. [31]","'3M ESPE, Minnesota, USA",
"'Rocatec","'","'Silicatized aluminum oxide particles","'Bottino et al. [26] Özcan et al. [31]","'3M ESPE, Minnesota, USA",
"'ESPE Sil","'495219","'B-methacryloxypropyltrimethoxysilane(MPS in ethanol","'Özcan et al. [21]","'3M ESPE, Minnesota, USA",
"'","'","'","'","'",
,,,,

'Confidence Scores % (Table Cell)
"'36.88964844","'36.88964844","'36.88964844","'35.30273438","'35.30273438",
"'54.68750000","'54.68750000","'54.68750000","'54.68750000","'54.68750000",
"'91.40625000","'64.40429688","'94.87304688","'73.48632813","'83.54492188",
"'62.25585938","'62.25585938","'62.25585938","'62.25585938","'62.25585938",
"'90.08789063","'63.52539063","'93.55468750","'72.46093750","'82.37304688",
"'78.32031250","'55.17578125","'81.29882813","'62.98828125","'71.58203125",
"'77.24609375","'54.44335938","'80.22460938","'62.10937500","'70.60546875",
"'91.84570313","'64.74609375","'95.36132813","'73.87695313","'83.93554688",
"'67.52929688","'47.60742188","'70.11718750","'54.29687500","'61.71875000",
"'88.76953125","'62.54882813","'92.18750000","'71.38671875","'81.15234375",
"'90.13671875","'63.52539063","'93.60351563","'72.50976563","'82.37304688",
"'90.96679688","'64.11132813","'94.48242188","'73.14453125","'83.15429688",
"'87.74414063","'61.86523438","'91.11328125","'70.55664063","'80.22460938",
"'80.17578125","'56.54296875","'83.25195313","'64.50195313","'73.29101563",
"'92.28515625","'65.03906250","'95.84960938","'74.21875000","'84.37500000",
"'46.58203125","'46.58203125","'46.58203125","'46.58203125","'46.58203125",
