{
  "DocumentMetadata": {
    "Pages": 1
  },
  "JobStatus": "SUCCEEDED",
  "Blocks": [
    {
      "BlockType": "PAGE",
      "Geometry": {
        "BoundingBox": {
          "Width": 0.5692665576934814,
          "Height": 0.28195881843566895,
          "Left": 0.22126390039920807,
          "Top": 0.3436458706855774
        },
        "Polygon": [
          {
            "X": 0.22126390039920807,
            "Y": 0.3436458706855774
          },
          {
            "X": 0.7875438332557678,
            "Y": 0.3442589342594147
          },
          {
            "X": 0.7905305027961731,
            "Y": 0.6256046891212463
          },
          {
            "X": 0.22331483662128448,
            "Y": 0.625241756439209
          }
        ]
      },
      "Id": "a74a1cc0-736f-4088-9b20-2186e31a38cb",
      "Relationships": [
        {
          "Type": "CHILD",
          "Ids": [
            "2d59d8e4-6e01-414c-a4c7-c1a708620fa5",
            "1ecc0f07-66e8-4b26-be7d-28d88d6e6250",
            "ab1f4576-7ccd-4658-a6ca-441797acd63e",
            "b846061f-510f-4da4-ad38-714fd748c95e",
            "0a4fa18c-8352-44b5-a403-cde30365b4ac",
            "c592c7f6-4eef-4151-92dc-0abfd35b8857",
            "bcea11e7-e2c9-418f-8952-73645a6d08fc",
            "5186db47-078e-4f44-8247-9d4f0f6f3219",
            "6b9c916c-02ff-4d14-bb17-73e0d4dd3f97",
            "6ac92210-4c62-4f5a-bd8b-9013d7fd33f3",
            "7ce5a88e-11fa-4640-ad33-0607b46cd53d",
            "a1d37c36-8a34-4900-9a33-304510e966c1",
            "4e269976-2a8d-430c-86e5-2d944d0da3e6",
            "19e4e0ad-a5b6-4078-a646-3c073f117a92",
            "f53334f0-f9b7-49ec-afcb-c82175a24647",
            "cbb1f082-fd6a-4be1-b688-2305a34dac45",
            "f61dbc3a-888b-49b3-bc6c-8cc01aaa469e",
            "5f0d548c-7e9b-4b69-ac79-88c45b7395ab",
            "0b2b0439-3d32-4943-ba16-ca26a93e1dd1",
            "540f6e51-546f-45b1-a724-eb32811162c1",
            "483b5a37-9d56-4015-b580-b2757773b6f6",
            "c0323523-8ea3-44bb-a84a-2c6d3a5ccb19",
            "b29f4abf-3468-4cbd-9764-0ff1b9aa04e9",
            "1620ef99-ef7a-4a9a-81cb-a1f254a8d230",
            "12af7db3-370d-4163-bb2c-4470a820ecd8",
            "43e44d27-3791-4684-95da-8410e640236a",
            "8c6cbe32-ecb7-4a99-b2b9-32ecf623a552",
            "9d4d39cb-90a9-4448-8bc0-5f8a0b8ba03a",
            "000e5525-8a6e-4033-a890-76291536910b",
            "e8e2bfce-82cc-4cd8-bd55-e397b392ae67",
            "dbddee50-0963-4f8f-8f3a-9735dc948c85"
          ]
        }
      ],
      "Page": 1
    },
    {
      "BlockType": "LINE",
      "Confidence": 99.85438537597656,
      "Text": "sample",
      "Geometry": {
        "BoundingBox": {
          "Width": 0.042691078037023544,
          "Height": 0.023267023265361786,
          "Left": 0.24462081491947174,
          "Top": 0.41179341077804565
        },
        "Polygon": [
          {
            "X": 0.24462081491947174,
            "Y": 0.41179341077804565
          },
          {
            "X": 0.2871338129043579,
            "Y": 0.4118348956108093
          },
          {
            "X": 0.2873119115829468,
            "Y": 0.43506044149398804
          },
          {
            "X": 0.2447931170463562,
            "Y": 0.4350205361843109
          }
        ]
      },
      "Id": "2d59d8e4-6e01-414c-a4c7-c1a708620fa5",
      "Relationships": [
        {
          "Type": "CHILD",
          "Ids": [
            "a8dd3136-a281-490c-a126-cda7653f70d1"
          ]
        }
      ],
      "Page": 1
    },
    {
      "BlockType": "LINE",
      "Confidence": 99.84884643554688,
      "Text": "EP (g)",
      "Geometry": {
        "BoundingBox": {
          "Width": 0.038027819246053696,
          "Height": 0.0232149139046669,
          "Left": 0.3638765215873718,
          "Top": 0.4118322432041168
        },
        "Polygon": [
          {
            "X": 0.3638765215873718,
            "Y": 0.4118322432041168
          },
          {
            "X": 0.40171098709106445,
            "Y": 0.4118691384792328
          },
          {
            "X": 0.4019043445587158,
            "Y": 0.4350471496582031
          },
          {
            "X": 0.3640647232532501,
            "Y": 0.435011625289917
          }
        ]
      },
      "Id": "1ecc0f07-66e8-4b26-be7d-28d88d6e6250",
      "Relationships": [
        {
          "Type": "CHILD",
          "Ids": [
            "8a70ce4a-2b44-40cd-8ab6-360b30055861",
            "f16e6d82-d92d-46cf-b487-df0f6118baf0"
          ]
        }
      ],
      "Page": 1
    },
    {
      "BlockType": "LINE",
      "Confidence": 99.64998626708984,
      "Text": "DDM(g)",
      "Geometry": {
        "BoundingBox": {
          "Width": 0.048560041934251785,
          "Height": 0.023544982075691223,
          "Left": 0.4355219304561615,
          "Top": 0.411782443523407
        },
        "Polygon": [
          {
            "X": 0.4355219304561615,
            "Y": 0.411782443523407
          },
          {
            "X": 0.4838746190071106,
            "Y": 0.4118296205997467
          },
          {
            "X": 0.4840819835662842,
            "Y": 0.4353274405002594
          },
          {
            "X": 0.4357226490974426,
            "Y": 0.43528202176094055
          }
        ]
      },
      "Id": "ab1f4576-7ccd-4658-a6ca-441797acd63e",
      "Relationships": [
        {
          "Type": "CHILD",
          "Ids": [
            "8e7bcb81-0512-4aef-856e-5ad0c6dbb9d4"
          ]
        }
      ],
      "Page": 1
    },
    {
      "BlockType": "LINE",
      "Confidence": 99.90477752685547,
      "Text": "CCD (g)",
      "Geometry": {
        "BoundingBox": {
          "Width": 0.048419978469610214,
          "Height": 0.023372063413262367,
          "Left": 0.5181739926338196,
          "Top": 0.4117119312286377
        },
        "Polygon": [
          {
            "X": 0.5181739926338196,
            "Y": 0.4117119312286377
          },
          {
            "X": 0.566376805305481,
            "Y": 0.41175898909568787
          },
          {
            "X": 0.5665939450263977,
            "Y": 0.4350839853286743
          },
          {
            "X": 0.5183845162391663,
            "Y": 0.4350387156009674
          }
        ]
      },
      "Id": "b846061f-510f-4da4-ad38-714fd748c95e",
      "Relationships": [
        {
          "Type": "CHILD",
          "Ids": [
            "f0978f8d-29eb-4dae-8da7-1b797c479f98",
            "067dc705-fdb7-402f-8221-aabed5f786cc"
          ]
        }
      ],
      "Page": 1
    },
    {
      "BlockType": "LINE",
      "Confidence": 94.97974395751953,
      "Text": "UL94(3.2 m)",
      "Geometry": {
        "BoundingBox": {
          "Width": 0.07760461419820786,
          "Height": 0.021969463676214218,
          "Left": 0.600845217704773,
          "Top": 0.41159647703170776
        },
        "Polygon": [
          {
            "X": 0.600845217704773,
            "Y": 0.41159647703170776
          },
          {
            "X": 0.6782315969467163,
            "Y": 0.41167202591896057
          },
          {
            "X": 0.6784498691558838,
            "Y": 0.4335659444332123
          },
          {
            "X": 0.6010535359382629,
            "Y": 0.433493047952652
          }
        ]
      },
      "Id": "0a4fa18c-8352-44b5-a403-cde30365b4ac",
      "Relationships": [
        {
          "Type": "CHILD",
          "Ids": [
            "c4aff204-bd92-45ff-8063-93cbe0d05645",
            "e128f2f4-2746-41de-a5fa-e5e1edf6fb2d"
          ]
        }
      ],
      "Page": 1
    },
    {
      "BlockType": "LINE",
      "Confidence": 99.37651062011719,
      "Text": "LOI(%)",
      "Geometry": {
        "BoundingBox": {
          "Width": 0.04417115077376366,
          "Height": 0.021826837211847305,
          "Left": 0.7122793793678284,
          "Top": 0.411847323179245
        },
        "Polygon": [
          {
            "X": 0.7122793793678284,
            "Y": 0.411847323179245
          },
          {
            "X": 0.7562233805656433,
            "Y": 0.4118902385234833
          },
          {
            "X": 0.7564505338668823,
            "Y": 0.433674156665802
          },
          {
            "X": 0.7125008702278137,
            "Y": 0.4336327612400055
          }
        ]
      },
      "Id": "c592c7f6-4eef-4151-92dc-0abfd35b8857",
      "Relationships": [
        {
          "Type": "CHILD",
          "Ids": [
            "18a0d0e5-179c-4398-aaae-f1f51edc7639"
          ]
        }
      ],
      "Page": 1
    },
    {
      "BlockType": "LINE",
      "Confidence": 99.8349380493164,
      "Text": "EP",
      "Geometry": {
        "BoundingBox": {
          "Width": 0.015800384804606438,
          "Height": 0.01770796626806259,
          "Left": 0.2447429895401001,
          "Top": 0.47165054082870483
        },
        "Polygon": [
          {
            "X": 0.2447429895401001,
            "Y": 0.47165054082870483
          },
          {
            "X": 0.26041051745414734,
            "Y": 0.47166433930397034
          },
          {
            "X": 0.2605433762073517,
            "Y": 0.48935848474502563
          },
          {
            "X": 0.24487420916557312,
            "Y": 0.48934513330459595
          }
        ]
      },
      "Id": "bcea11e7-e2c9-418f-8952-73645a6d08fc",
      "Relationships": [
        {
          "Type": "CHILD",
          "Ids": [
            "e24e09a0-a0d1-4417-996f-c1ccfb5495e3"
          ]
        }
      ],
      "Page": 1
    },
    {
      "BlockType": "LINE",
      "Confidence": 99.97291564941406,
      "Text": "25.0",
      "Geometry": {
        "BoundingBox": {
          "Width": 0.02690914459526539,
          "Height": 0.017555328086018562,
          "Left": 0.3639686405658722,
          "Top": 0.4712955355644226
        },
        "Polygon": [
          {
            "X": 0.3639686405658722,
            "Y": 0.4712955355644226
          },
          {
            "X": 0.39073270559310913,
            "Y": 0.47131913900375366
          },
          {
            "X": 0.39087778329849243,
            "Y": 0.488850861787796
          },
          {
            "X": 0.36411094665527344,
            "Y": 0.48882797360420227
          }
        ]
      },
      "Id": "5186db47-078e-4f44-8247-9d4f0f6f3219",
      "Relationships": [
        {
          "Type": "CHILD",
          "Ids": [
            "869b3f9f-32b2-4772-afe9-d55105aedd2b"
          ]
        }
      ],
      "Page": 1
    },
    {
      "BlockType": "LINE",
      "Confidence": 99.95795440673828,
      "Text": "6.50",
      "Geometry": {
        "BoundingBox": {
          "Width": 0.026638858020305634,
          "Height": 0.017711138352751732,
          "Left": 0.4358315169811249,
          "Top": 0.47119495272636414
        },
        "Polygon": [
          {
            "X": 0.4358315169811249,
            "Y": 0.47119495272636414
          },
          {
            "X": 0.4623165726661682,
            "Y": 0.4712183177471161
          },
          {
            "X": 0.4624703824520111,
            "Y": 0.4889060854911804
          },
          {
            "X": 0.4359825849533081,
            "Y": 0.48888343572616577
          }
        ]
      },
      "Id": "6b9c916c-02ff-4d14-bb17-73e0d4dd3f97",
      "Relationships": [
        {
          "Type": "CHILD",
          "Ids": [
            "a7ece734-b73f-4e0b-8b8e-22ed22f6bf28"
          ]
        }
      ],
      "Page": 1
    },
    {
      "BlockType": "LINE",
      "Confidence": 98.52397155761719,
      "Text": "0",
      "Geometry": {
        "BoundingBox": {
          "Width": 0.007534080650657415,
          "Height": 0.017399808391928673,
          "Left": 0.5183111429214478,
          "Top": 0.47140124440193176
        },
        "Polygon": [
          {
            "X": 0.5183111429214478,
            "Y": 0.47140124440193176
          },
          {
            "X": 0.5256875157356262,
            "Y": 0.4714077413082123
          },
          {
            "X": 0.5258452296257019,
            "Y": 0.4888010621070862
          },
          {
            "X": 0.5184680819511414,
            "Y": 0.48879474401474
          }
        ]
      },
      "Id": "6ac92210-4c62-4f5a-bd8b-9013d7fd33f3",
      "Relationships": [
        {
          "Type": "CHILD",
          "Ids": [
            "68de4bdd-9b00-4bf0-ae07-39947feeddc6"
          ]
        }
      ],
      "Page": 1
    },
    {
      "BlockType": "LINE",
      "Confidence": 92.91072082519531,
      "Text": "N.R",
      "Geometry": {
        "BoundingBox": {
          "Width": 0.02304890565574169,
          "Height": 0.01716642454266548,
          "Left": 0.6005776524543762,
          "Top": 0.4713461995124817
        },
        "Polygon": [
          {
            "X": 0.6005776524543762,
            "Y": 0.4713461995124817
          },
          {
            "X": 0.6234611868858337,
            "Y": 0.47136640548706055
          },
          {
            "X": 0.6236265301704407,
            "Y": 0.48851263523101807
          },
          {
            "X": 0.6007406711578369,
            "Y": 0.48849305510520935
          }
        ]
      },
      "Id": "7ce5a88e-11fa-4640-ad33-0607b46cd53d",
      "Relationships": [
        {
          "Type": "CHILD",
          "Ids": [
            "5650c3c5-2299-473c-ae16-f2a634d89f91"
          ]
        }
      ],
      "Page": 1
    },
    {
      "BlockType": "LINE",
      "Confidence": 88.84598541259766,
      "Text": "25.8",
      "Geometry": {
        "BoundingBox": {
          "Width": 0.026496510952711105,
          "Height": 0.017432522028684616,
          "Left": 0.7128233313560486,
          "Top": 0.47126463055610657
        },
        "Polygon": [
          {
            "X": 0.7128233313560486,
            "Y": 0.47126463055610657
          },
          {
            "X": 0.7391400933265686,
            "Y": 0.4712878465652466
          },
          {
            "X": 0.7393198013305664,
            "Y": 0.4886971414089203
          },
          {
            "X": 0.7130003571510315,
            "Y": 0.4886746406555176
          }
        ]
      },
      "Id": "a1d37c36-8a34-4900-9a33-304510e966c1",
      "Relationships": [
        {
          "Type": "CHILD",
          "Ids": [
            "a3d617a5-41ed-49fc-952f-0d7b9d020a4c"
          ]
        }
      ],
      "Page": 1
    },
    {
      "BlockType": "LINE",
      "Confidence": 99.82653045654297,
      "Text": "EP/6 % CCD",
      "Geometry": {
        "BoundingBox": {
          "Width": 0.07771888375282288,
          "Height": 0.01985974796116352,
          "Left": 0.24463434517383575,
          "Top": 0.502431333065033
        },
        "Polygon": [
          {
            "X": 0.24463434517383575,
            "Y": 0.502431333065033
          },
          {
            "X": 0.32219743728637695,
            "Y": 0.5024958848953247
          },
          {
            "X": 0.32235321402549744,
            "Y": 0.5222910642623901
          },
          {
            "X": 0.24478112161159515,
            "Y": 0.5222288370132446
          }
        ]
      },
      "Id": "4e269976-2a8d-430c-86e5-2d944d0da3e6",
      "Relationships": [
        {
          "Type": "CHILD",
          "Ids": [
            "50453001-bce3-4e29-b645-2cbb21bcf3f4",
            "638c8871-c3dd-414d-85e7-3304c1b3d124",
            "c45e8a86-c80f-46a5-8cd1-8c33b40c70e4"
          ]
        }
      ],
      "Page": 1
    },
    {
      "BlockType": "LINE",
      "Confidence": 99.94859313964844,
      "Text": "25.0",
      "Geometry": {
        "BoundingBox": {
          "Width": 0.026921462267637253,
          "Height": 0.017373811453580856,
          "Left": 0.36400458216667175,
          "Top": 0.5026550889015198
        },
        "Polygon": [
          {
            "X": 0.36400458216667175,
            "Y": 0.5026550889015198
          },
          {
            "X": 0.39078250527381897,
            "Y": 0.5026773810386658
          },
          {
            "X": 0.3909260630607605,
            "Y": 0.5200288891792297
          },
          {
            "X": 0.364145427942276,
            "Y": 0.520007312297821
          }
        ]
      },
      "Id": "19e4e0ad-a5b6-4078-a646-3c073f117a92",
      "Relationships": [
        {
          "Type": "CHILD",
          "Ids": [
            "e296836f-fccc-47b2-80c7-3a75283cfcad"
          ]
        }
      ],
      "Page": 1
    },
    {
      "BlockType": "LINE",
      "Confidence": 99.96825408935547,
      "Text": "6.50",
      "Geometry": {
        "BoundingBox": {
          "Width": 0.026827599853277206,
          "Height": 0.017449434846639633,
          "Left": 0.4357621669769287,
          "Top": 0.5027872920036316
        },
        "Polygon": [
          {
            "X": 0.4357621669769287,
            "Y": 0.5027872920036316
          },
          {
            "X": 0.4624382257461548,
            "Y": 0.5028095245361328
          },
          {
            "X": 0.46258974075317383,
            "Y": 0.5202367305755615
          },
          {
            "X": 0.4359109401702881,
            "Y": 0.5202152729034424
          }
        ]
      },
      "Id": "f53334f0-f9b7-49ec-afcb-c82175a24647",
      "Relationships": [
        {
          "Type": "CHILD",
          "Ids": [
            "17c79e9b-75ae-4d72-bec1-85b6a2db9e0d"
          ]
        }
      ],
      "Page": 1
    },
    {
      "BlockType": "LINE",
      "Confidence": 99.93958282470703,
      "Text": "2.01",
      "Geometry": {
        "BoundingBox": {
          "Width": 0.025647059082984924,
          "Height": 0.01744101196527481,
          "Left": 0.5182520151138306,
          "Top": 0.5027092695236206
        },
        "Polygon": [
          {
            "X": 0.5182520151138306,
            "Y": 0.5027092695236206
          },
          {
            "X": 0.5437392592430115,
            "Y": 0.5027304887771606
          },
          {
            "X": 0.5438990592956543,
            "Y": 0.5201502442359924
          },
          {
            "X": 0.5184091925621033,
            "Y": 0.5201297402381897
          }
        ]
      },
      "Id": "cbb1f082-fd6a-4be1-b688-2305a34dac45",
      "Relationships": [
        {
          "Type": "CHILD",
          "Ids": [
            "9247c17d-9597-4955-8b22-391408e4eab1"
          ]
        }
      ],
      "Page": 1
    },
    {
      "BlockType": "LINE",
      "Confidence": 99.7455062866211,
      "Text": "V-1",
      "Geometry": {
        "BoundingBox": {
          "Width": 0.020787153393030167,
          "Height": 0.017587678506970406,
          "Left": 0.6004698872566223,
          "Top": 0.502772867679596
        },
        "Polygon": [
          {
            "X": 0.6004698872566223,
            "Y": 0.502772867679596
          },
          {
            "X": 0.621087908744812,
            "Y": 0.5027900338172913
          },
          {
            "X": 0.6212570667266846,
            "Y": 0.52036052942276
          },
          {
            "X": 0.600636899471283,
            "Y": 0.5203438997268677
          }
        ]
      },
      "Id": "f61dbc3a-888b-49b3-bc6c-8cc01aaa469e",
      "Relationships": [
        {
          "Type": "CHILD",
          "Ids": [
            "7465db28-6abc-485c-8a64-f3a681406544"
          ]
        }
      ],
      "Page": 1
    },
    {
      "BlockType": "LINE",
      "Confidence": 99.96595764160156,
      "Text": "29.2",
      "Geometry": {
        "BoundingBox": {
          "Width": 0.0270320326089859,
          "Height": 0.017430683597922325,
          "Left": 0.7126245498657227,
          "Top": 0.5027130842208862
        },
        "Polygon": [
          {
            "X": 0.7126245498657227,
            "Y": 0.5027130842208862
          },
          {
            "X": 0.7394768595695496,
            "Y": 0.502735435962677
          },
          {
            "X": 0.7396565675735474,
            "Y": 0.5201437473297119
          },
          {
            "X": 0.7128015160560608,
            "Y": 0.5201221108436584
          }
        ]
      },
      "Id": "5f0d548c-7e9b-4b69-ac79-88c45b7395ab",
      "Relationships": [
        {
          "Type": "CHILD",
          "Ids": [
            "f858896a-8686-419a-8454-284f81f24feb"
          ]
        }
      ],
      "Page": 1
    },
    {
      "BlockType": "LINE",
      "Confidence": 99.82466125488281,
      "Text": "EP/8 % CCD",
      "Geometry": {
        "BoundingBox": {
          "Width": 0.07767194509506226,
          "Height": 0.019686631858348846,
          "Left": 0.24462860822677612,
          "Top": 0.5338026285171509
        },
        "Polygon": [
          {
            "X": 0.24462860822677612,
            "Y": 0.5338026285171509
          },
          {
            "X": 0.32214614748954773,
            "Y": 0.533863365650177
          },
          {
            "X": 0.3223005533218384,
            "Y": 0.5534892678260803
          },
          {
            "X": 0.24477410316467285,
            "Y": 0.5534308552742004
          }
        ]
      },
      "Id": "0b2b0439-3d32-4943-ba16-ca26a93e1dd1",
      "Relationships": [
        {
          "Type": "CHILD",
          "Ids": [
            "462ae0e2-1024-4cca-91ea-5fcc1d117fd5",
            "9126e131-817c-4356-ba8b-55ae890a9d72",
            "6f6915b5-b25b-4192-a5d5-243d92d38d17"
          ]
        }
      ],
      "Page": 1
    },
    {
      "BlockType": "LINE",
      "Confidence": 99.90668487548828,
      "Text": "25.0",
      "Geometry": {
        "BoundingBox": {
          "Width": 0.027058975771069527,
          "Height": 0.01671273075044155,
          "Left": 0.36353233456611633,
          "Top": 0.5347591042518616
        },
        "Polygon": [
          {
            "X": 0.36353233456611633,
            "Y": 0.5347591042518616
          },
          {
            "X": 0.3904532492160797,
            "Y": 0.5347801446914673
          },
          {
            "X": 0.3905912935733795,
            "Y": 0.5514718294143677
          },
          {
            "X": 0.36366772651672363,
            "Y": 0.5514514446258545
          }
        ]
      },
      "Id": "540f6e51-546f-45b1-a724-eb32811162c1",
      "Relationships": [
        {
          "Type": "CHILD",
          "Ids": [
            "0fe9ecee-d1cf-4d14-8e7b-f4ba13f5c408"
          ]
        }
      ],
      "Page": 1
    },
    {
      "BlockType": "LINE",
      "Confidence": 99.97676086425781,
      "Text": "6.50",
      "Geometry": {
        "BoundingBox": {
          "Width": 0.02656496874988079,
          "Height": 0.01762188784778118,
          "Left": 0.4358873963356018,
          "Top": 0.5339317321777344
        },
        "Polygon": [
          {
            "X": 0.4358873963356018,
            "Y": 0.5339317321777344
          },
          {
            "X": 0.4622993767261505,
            "Y": 0.5339524149894714
          },
          {
            "X": 0.46245238184928894,
            "Y": 0.5515536069869995
          },
          {
            "X": 0.43603765964508057,
            "Y": 0.5515336394309998
          }
        ]
      },
      "Id": "483b5a37-9d56-4015-b580-b2757773b6f6",
      "Relationships": [
        {
          "Type": "CHILD",
          "Ids": [
            "98b22000-bfd7-4fc0-9275-baa44cbaa73c"
          ]
        }
      ],
      "Page": 1
    },
    {
      "BlockType": "LINE",
      "Confidence": 99.94818878173828,
      "Text": "2.74",
      "Geometry": {
        "BoundingBox": {
          "Width": 0.02656952291727066,
          "Height": 0.017674477770924568,
          "Left": 0.5183917880058289,
          "Top": 0.5340836048126221
        },
        "Polygon": [
          {
            "X": 0.5183917880058289,
            "Y": 0.5340836048126221
          },
          {
            "X": 0.544799268245697,
            "Y": 0.5341042876243591
          },
          {
            "X": 0.5449612736701965,
            "Y": 0.5517580509185791
          },
          {
            "X": 0.5185510516166687,
            "Y": 0.5517380833625793
          }
        ]
      },
      "Id": "c0323523-8ea3-44bb-a84a-2c6d3a5ccb19",
      "Relationships": [
        {
          "Type": "CHILD",
          "Ids": [
            "743d9e27-4b5e-4fda-b783-908b097ab053"
          ]
        }
      ],
      "Page": 1
    },
    {
      "BlockType": "LINE",
      "Confidence": 99.73835754394531,
      "Text": "V-1",
      "Geometry": {
        "BoundingBox": {
          "Width": 0.020795386284589767,
          "Height": 0.017575925216078758,
          "Left": 0.6002997159957886,
          "Top": 0.5341074466705322
        },
        "Polygon": [
          {
            "X": 0.6002997159957886,
            "Y": 0.5341074466705322
          },
          {
            "X": 0.6209260821342468,
            "Y": 0.5341235995292664
          },
          {
            "X": 0.6210951209068298,
            "Y": 0.5516833662986755
          },
          {
            "X": 0.6004666090011597,
            "Y": 0.5516677498817444
          }
        ]
      },
      "Id": "b29f4abf-3468-4cbd-9764-0ff1b9aa04e9",
      "Relationships": [
        {
          "Type": "CHILD",
          "Ids": [
            "dd603ed4-da49-4d57-bb0d-87a78b0aa4d4"
          ]
        }
      ],
      "Page": 1
    },
    {
      "BlockType": "LINE",
      "Confidence": 99.75313568115234,
      "Text": "30.5",
      "Geometry": {
        "BoundingBox": {
          "Width": 0.026195095852017403,
          "Height": 0.017604980617761612,
          "Left": 0.7129160761833191,
          "Top": 0.5341092348098755
        },
        "Polygon": [
          {
            "X": 0.7129160761833191,
            "Y": 0.5341092348098755
          },
          {
            "X": 0.7389297485351562,
            "Y": 0.5341296195983887
          },
          {
            "X": 0.7391111850738525,
            "Y": 0.5517141819000244
          },
          {
            "X": 0.7130948305130005,
            "Y": 0.5516945123672485
          }
        ]
      },
      "Id": "1620ef99-ef7a-4a9a-81cb-a1f254a8d230",
      "Relationships": [
        {
          "Type": "CHILD",
          "Ids": [
            "2880237b-06cc-4210-9867-0a8d781be4ad"
          ]
        }
      ],
      "Page": 1
    },
    {
      "BlockType": "LINE",
      "Confidence": 99.75672149658203,
      "Text": "EP/10 % CCD",
      "Geometry": {
        "BoundingBox": {
          "Width": 0.08535990118980408,
          "Height": 0.01947391964495182,
          "Left": 0.2445758581161499,
          "Top": 0.5653142333030701
        },
        "Polygon": [
          {
            "X": 0.2445758581161499,
            "Y": 0.5653142333030701
          },
          {
            "X": 0.3297821879386902,
            "Y": 0.5653768181800842
          },
          {
            "X": 0.329935759305954,
            "Y": 0.5847882032394409
          },
          {
            "X": 0.2447197288274765,
            "Y": 0.5847282409667969
          }
        ]
      },
      "Id": "12af7db3-370d-4163-bb2c-4470a820ecd8",
      "Relationships": [
        {
          "Type": "CHILD",
          "Ids": [
            "a2ecfd9a-6cda-4121-a9da-5fe0140896e7",
            "4909e427-c60d-4f70-b9af-03038f2417db",
            "cbd0a9c4-889d-4cda-9cbb-c94b258a45ce"
          ]
        }
      ],
      "Page": 1
    },
    {
      "BlockType": "LINE",
      "Confidence": 99.9366683959961,
      "Text": "25.0",
      "Geometry": {
        "BoundingBox": {
          "Width": 0.02704094536602497,
          "Height": 0.01743711158633232,
          "Left": 0.36385098099708557,
          "Top": 0.5655148029327393
        },
        "Polygon": [
          {
            "X": 0.36385098099708557,
            "Y": 0.5655148029327393
          },
          {
            "X": 0.39074790477752686,
            "Y": 0.5655345320701599
          },
          {
            "X": 0.3908919394016266,
            "Y": 0.5829519033432007
          },
          {
            "X": 0.36399227380752563,
            "Y": 0.5829328894615173
          }
        ]
      },
      "Id": "43e44d27-3791-4684-95da-8410e640236a",
      "Relationships": [
        {
          "Type": "CHILD",
          "Ids": [
            "38b3551e-d938-471d-83f6-20f200cc7c23"
          ]
        }
      ],
      "Page": 1
    },
    {
      "BlockType": "LINE",
      "Confidence": 99.9591064453125,
      "Text": "6.50",
      "Geometry": {
        "BoundingBox": {
          "Width": 0.026730231940746307,
          "Height": 0.01755501702427864,
          "Left": 0.43579626083374023,
          "Top": 0.5656375885009766
        },
        "Polygon": [
          {
            "X": 0.43579626083374023,
            "Y": 0.5656375885009766
          },
          {
            "X": 0.46237409114837646,
            "Y": 0.5656570792198181
          },
          {
            "X": 0.46252647042274475,
            "Y": 0.5831925868988037
          },
          {
            "X": 0.43594589829444885,
            "Y": 0.5831738114356995
          }
        ]
      },
      "Id": "8c6cbe32-ecb7-4a99-b2b9-32ecf623a552",
      "Relationships": [
        {
          "Type": "CHILD",
          "Ids": [
            "39d70f1f-ae74-4e83-8d10-2ff33ee208b4"
          ]
        }
      ],
      "Page": 1
    },
    {
      "BlockType": "LINE",
      "Confidence": 99.9458236694336,
      "Text": "3.50",
      "Geometry": {
        "BoundingBox": {
          "Width": 0.026357246562838554,
          "Height": 0.017534581944346428,
          "Left": 0.5184637308120728,
          "Top": 0.5656144022941589
        },
        "Polygon": [
          {
            "X": 0.5184637308120728,
            "Y": 0.5656144022941589
          },
          {
            "X": 0.5446602702140808,
            "Y": 0.5656336545944214
          },
          {
            "X": 0.5448209643363953,
            "Y": 0.5831490159034729
          },
          {
            "X": 0.5186217427253723,
            "Y": 0.5831304788589478
          }
        ]
      },
      "Id": "9d4d39cb-90a9-4448-8bc0-5f8a0b8ba03a",
      "Relationships": [
        {
          "Type": "CHILD",
          "Ids": [
            "65ee06e2-f6e8-40ad-b243-2b7d9ba99629"
          ]
        }
      ],
      "Page": 1
    },
    {
      "BlockType": "LINE",
      "Confidence": 99.26677703857422,
      "Text": "V-0",
      "Geometry": {
        "BoundingBox": {
          "Width": 0.021676864475011826,
          "Height": 0.01763075590133667,
          "Left": 0.6003555059432983,
          "Top": 0.5654413104057312
        },
        "Polygon": [
          {
            "X": 0.6003555059432983,
            "Y": 0.5654413104057312
          },
          {
            "X": 0.6218627691268921,
            "Y": 0.5654571056365967
          },
          {
            "X": 0.6220323443412781,
            "Y": 0.5830720663070679
          },
          {
            "X": 0.6005228757858276,
            "Y": 0.5830568671226501
          }
        ]
      },
      "Id": "000e5525-8a6e-4033-a890-76291536910b",
      "Relationships": [
        {
          "Type": "CHILD",
          "Ids": [
            "94d27e62-f7fd-4cc2-b103-3bed25acf52b"
          ]
        }
      ],
      "Page": 1
    },
    {
      "BlockType": "LINE",
      "Confidence": 99.94998168945312,
      "Text": "31.6",
      "Geometry": {
        "BoundingBox": {
          "Width": 0.02686251513659954,
          "Height": 0.017890850082039833,
          "Left": 0.7128205299377441,
          "Top": 0.565226137638092
        },
        "Polygon": [
          {
            "X": 0.7128205299377441,
            "Y": 0.565226137638092
          },
          {
            "X": 0.7394986748695374,
            "Y": 0.5652457475662231
          },
          {
            "X": 0.7396830916404724,
            "Y": 0.5831170082092285
          },
          {
            "X": 0.7130022048950195,
            "Y": 0.5830981731414795
          }
        ]
      },
      "Id": "e8e2bfce-82cc-4cd8-bd55-e397b392ae67",
      "Relationships": [
        {
          "Type": "CHILD",
          "Ids": [
            "145b76e8-d2ca-4b90-9d67-e9c283927a16"
          ]
        }
      ],
      "Page": 1
    },
    {
      "BlockType": "WORD",
      "Confidence": 99.85438537597656,
      "Text": "sample",
      "TextType": "PRINTED",
      "Geometry": {
        "BoundingBox": {
          "Width": 0.042691078037023544,
          "Height": 0.023267023265361786,
          "Left": 0.24462081491947174,
          "Top": 0.41179341077804565
        },
        "Polygon": [
          {
            "X": 0.24462081491947174,
            "Y": 0.41179341077804565
          },
          {
            "X": 0.2871338129043579,
            "Y": 0.4118348956108093
          },
          {
            "X": 0.2873119115829468,
            "Y": 0.43506044149398804
          },
          {
            "X": 0.2447931170463562,
            "Y": 0.4350205361843109
          }
        ]
      },
      "Id": "a8dd3136-a281-490c-a126-cda7653f70d1",
      "Page": 1
    },
    {
      "BlockType": "WORD",
      "Confidence": 99.75045776367188,
      "Text": "EP",
      "TextType": "PRINTED",
      "Geometry": {
        "BoundingBox": {
          "Width": 0.016051052138209343,
          "Height": 0.017704084515571594,
          "Left": 0.3638829290866852,
          "Top": 0.4126216769218445
        },
        "Polygon": [
          {
            "X": 0.3638829290866852,
            "Y": 0.4126216769218445
          },
          {
            "X": 0.37978869676589966,
            "Y": 0.4126371741294861
          },
          {
            "X": 0.3799339830875397,
            "Y": 0.43032577633857727
          },
          {
            "X": 0.3640265464782715,
            "Y": 0.4303106963634491
          }
        ]
      },
      "Id": "8a70ce4a-2b44-40cd-8ab6-360b30055861",
      "Page": 1
    },
    {
      "BlockType": "WORD",
      "Confidence": 99.94722747802734,
      "Text": "(g)",
      "TextType": "PRINTED",
      "Geometry": {
        "BoundingBox": {
          "Width": 0.017160167917609215,
          "Height": 0.023194555193185806,
          "Left": 0.38474416732788086,
          "Top": 0.4118525981903076
        },
        "Polygon": [
          {
            "X": 0.38474416732788086,
            "Y": 0.4118525981903076
          },
          {
            "X": 0.40171098709106445,
            "Y": 0.4118691384792328
          },
          {
            "X": 0.4019043445587158,
            "Y": 0.4350471496582031
          },
          {
            "X": 0.384935200214386,
            "Y": 0.4350312054157257
          }
        ]
      },
      "Id": "f16e6d82-d92d-46cf-b487-df0f6118baf0",
      "Page": 1
    },
    {
      "BlockType": "WORD",
      "Confidence": 99.64998626708984,
      "Text": "DDM(g)",
      "TextType": "PRINTED",
      "Geometry": {
        "BoundingBox": {
          "Width": 0.048560041934251785,
          "Height": 0.023544982075691223,
          "Left": 0.4355219304561615,
          "Top": 0.411782443523407
        },
        "Polygon": [
          {
            "X": 0.4355219304561615,
            "Y": 0.411782443523407
          },
          {
            "X": 0.4838746190071106,
            "Y": 0.4118296205997467
          },
          {
            "X": 0.4840819835662842,
            "Y": 0.4353274405002594
          },
          {
            "X": 0.4357226490974426,
            "Y": 0.43528202176094055
          }
        ]
      },
      "Id": "8e7bcb81-0512-4aef-856e-5ad0c6dbb9d4",
      "Page": 1
    },
    {
      "BlockType": "WORD",
      "Confidence": 99.84782409667969,
      "Text": "CCD",
      "TextType": "PRINTED",
      "Geometry": {
        "BoundingBox": {
          "Width": 0.026679158210754395,
          "Height": 0.017822595313191414,
          "Left": 0.5181822776794434,
          "Top": 0.4126341640949249
        },
        "Polygon": [
          {
            "X": 0.5181822776794434,
            "Y": 0.4126341640949249
          },
          {
            "X": 0.5446979999542236,
            "Y": 0.41266000270843506
          },
          {
            "X": 0.5448614358901978,
            "Y": 0.4304567575454712
          },
          {
            "X": 0.5183429718017578,
            "Y": 0.43043163418769836
          }
        ]
      },
      "Id": "f0978f8d-29eb-4dae-8da7-1b797c479f98",
      "Page": 1
    },
    {
      "BlockType": "WORD",
      "Confidence": 99.96173095703125,
      "Text": "(g)",
      "TextType": "PRINTED",
      "Geometry": {
        "BoundingBox": {
          "Width": 0.01717531494796276,
          "Height": 0.023341568186879158,
          "Left": 0.5494186282157898,
          "Top": 0.4117424190044403
        },
        "Polygon": [
          {
            "X": 0.5494186282157898,
            "Y": 0.4117424190044403
          },
          {
            "X": 0.566376805305481,
            "Y": 0.41175898909568787
          },
          {
            "X": 0.5665939450263977,
            "Y": 0.4350839853286743
          },
          {
            "X": 0.5496334433555603,
            "Y": 0.4350680708885193
          }
        ]
      },
      "Id": "067dc705-fdb7-402f-8221-aabed5f786cc",
      "Page": 1
    },
    {
      "BlockType": "WORD",
      "Confidence": 90.8523941040039,
      "Text": "UL94(3.2",
      "TextType": "PRINTED",
      "Geometry": {
        "BoundingBox": {
          "Width": 0.057516273111104965,
          "Height": 0.021351667121052742,
          "Left": 0.6008509397506714,
          "Top": 0.4121953547000885
        },
        "Polygon": [
          {
            "X": 0.6008509397506714,
            "Y": 0.4121953547000885
          },
          {
            "X": 0.6581574082374573,
            "Y": 0.41225123405456543
          },
          {
            "X": 0.6583672165870667,
            "Y": 0.4335470199584961
          },
          {
            "X": 0.6010535359382629,
            "Y": 0.433493047952652
          }
        ]
      },
      "Id": "c4aff204-bd92-45ff-8063-93cbe0d05645",
      "Page": 1
    },
    {
      "BlockType": "WORD",
      "Confidence": 99.10710144042969,
      "Text": "m)",
      "TextType": "PRINTED",
      "Geometry": {
        "BoundingBox": {
          "Width": 0.01694146916270256,
          "Height": 0.021757032722234726,
          "Left": 0.6615068316459656,
          "Top": 0.4116556942462921
        },
        "Polygon": [
          {
            "X": 0.6615068316459656,
            "Y": 0.4116556942462921
          },
          {
            "X": 0.6782315969467163,
            "Y": 0.41167202591896057
          },
          {
            "X": 0.6784483194351196,
            "Y": 0.43341273069381714
          },
          {
            "X": 0.661721408367157,
            "Y": 0.43339696526527405
          }
        ]
      },
      "Id": "e128f2f4-2746-41de-a5fa-e5e1edf6fb2d",
      "Page": 1
    },
    {
      "BlockType": "WORD",
      "Confidence": 99.37651062011719,
      "Text": "LOI(%)",
      "TextType": "PRINTED",
      "Geometry": {
        "BoundingBox": {
          "Width": 0.04417115077376366,
          "Height": 0.021826837211847305,
          "Left": 0.7122793793678284,
          "Top": 0.411847323179245
        },
        "Polygon": [
          {
            "X": 0.7122793793678284,
            "Y": 0.411847323179245
          },
          {
            "X": 0.7562233805656433,
            "Y": 0.4118902385234833
          },
          {
            "X": 0.7564505338668823,
            "Y": 0.433674156665802
          },
          {
            "X": 0.7125008702278137,
            "Y": 0.4336327612400055
          }
        ]
      },
      "Id": "18a0d0e5-179c-4398-aaae-f1f51edc7639",
      "Page": 1
    },
    {
      "BlockType": "WORD",
      "Confidence": 99.8349380493164,
      "Text": "EP",
      "TextType": "PRINTED",
      "Geometry": {
        "BoundingBox": {
          "Width": 0.015800384804606438,
          "Height": 0.01770796626806259,
          "Left": 0.2447429895401001,
          "Top": 0.47165054082870483
        },
        "Polygon": [
          {
            "X": 0.2447429895401001,
            "Y": 0.47165054082870483
          },
          {
            "X": 0.26041051745414734,
            "Y": 0.47166433930397034
          },
          {
            "X": 0.2605433762073517,
            "Y": 0.48935848474502563
          },
          {
            "X": 0.24487420916557312,
            "Y": 0.48934513330459595
          }
        ]
      },
      "Id": "e24e09a0-a0d1-4417-996f-c1ccfb5495e3",
      "Page": 1
    },
    {
      "BlockType": "WORD",
      "Confidence": 99.97291564941406,
      "Text": "25.0",
      "TextType": "PRINTED",
      "Geometry": {
        "BoundingBox": {
          "Width": 0.02690914459526539,
          "Height": 0.017555328086018562,
          "Left": 0.3639686405658722,
          "Top": 0.4712955355644226
        },
        "Polygon": [
          {
            "X": 0.3639686405658722,
            "Y": 0.4712955355644226
          },
          {
            "X": 0.39073270559310913,
            "Y": 0.47131913900375366
          },
          {
            "X": 0.39087778329849243,
            "Y": 0.488850861787796
          },
          {
            "X": 0.36411094665527344,
            "Y": 0.48882797360420227
          }
        ]
      },
      "Id": "869b3f9f-32b2-4772-afe9-d55105aedd2b",
      "Page": 1
    },
    {
      "BlockType": "WORD",
      "Confidence": 99.95795440673828,
      "Text": "6.50",
      "TextType": "PRINTED",
      "Geometry": {
        "BoundingBox": {
          "Width": 0.026638858020305634,
          "Height": 0.017711138352751732,
          "Left": 0.4358315169811249,
          "Top": 0.47119495272636414
        },
        "Polygon": [
          {
            "X": 0.4358315169811249,
            "Y": 0.47119495272636414
          },
          {
            "X": 0.4623165726661682,
            "Y": 0.4712183177471161
          },
          {
            "X": 0.4624703824520111,
            "Y": 0.4889060854911804
          },
          {
            "X": 0.4359825849533081,
            "Y": 0.48888343572616577
          }
        ]
      },
      "Id": "a7ece734-b73f-4e0b-8b8e-22ed22f6bf28",
      "Page": 1
    },
    {
      "BlockType": "WORD",
      "Confidence": 98.52397155761719,
      "Text": "0",
      "TextType": "PRINTED",
      "Geometry": {
        "BoundingBox": {
          "Width": 0.007534080650657415,
          "Height": 0.017399808391928673,
          "Left": 0.5183111429214478,
          "Top": 0.47140124440193176
        },
        "Polygon": [
          {
            "X": 0.5183111429214478,
            "Y": 0.47140124440193176
          },
          {
            "X": 0.5256875157356262,
            "Y": 0.4714077413082123
          },
          {
            "X": 0.5258452296257019,
            "Y": 0.4888010621070862
          },
          {
            "X": 0.5184680819511414,
            "Y": 0.48879474401474
          }
        ]
      },
      "Id": "68de4bdd-9b00-4bf0-ae07-39947feeddc6",
      "Page": 1
    },
    {
      "BlockType": "WORD",
      "Confidence": 92.91072082519531,
      "Text": "N.R",
      "TextType": "PRINTED",
      "Geometry": {
        "BoundingBox": {
          "Width": 0.02304890565574169,
          "Height": 0.01716642454266548,
          "Left": 0.6005776524543762,
          "Top": 0.4713461995124817
        },
        "Polygon": [
          {
            "X": 0.6005776524543762,
            "Y": 0.4713461995124817
          },
          {
            "X": 0.6234611868858337,
            "Y": 0.47136640548706055
          },
          {
            "X": 0.6236265301704407,
            "Y": 0.48851263523101807
          },
          {
            "X": 0.6007406711578369,
            "Y": 0.48849305510520935
          }
        ]
      },
      "Id": "5650c3c5-2299-473c-ae16-f2a634d89f91",
      "Page": 1
    },
    {
      "BlockType": "WORD",
      "Confidence": 88.84598541259766,
      "Text": "25.8",
      "TextType": "PRINTED",
      "Geometry": {
        "BoundingBox": {
          "Width": 0.026496510952711105,
          "Height": 0.017432522028684616,
          "Left": 0.7128233313560486,
          "Top": 0.47126463055610657
        },
        "Polygon": [
          {
            "X": 0.7128233313560486,
            "Y": 0.47126463055610657
          },
          {
            "X": 0.7391400933265686,
            "Y": 0.4712878465652466
          },
          {
            "X": 0.7393198013305664,
            "Y": 0.4886971414089203
          },
          {
            "X": 0.7130003571510315,
            "Y": 0.4886746406555176
          }
        ]
      },
      "Id": "a3d617a5-41ed-49fc-952f-0d7b9d020a4c",
      "Page": 1
    },
    {
      "BlockType": "WORD",
      "Confidence": 99.85303497314453,
      "Text": "EP/6",
      "TextType": "PRINTED",
      "Geometry": {
        "BoundingBox": {
          "Width": 0.03026328608393669,
          "Height": 0.019821694120764732,
          "Left": 0.24463434517383575,
          "Top": 0.502431333065033
        },
        "Polygon": [
          {
            "X": 0.24463434517383575,
            "Y": 0.502431333065033
          },
          {
            "X": 0.2747473418712616,
            "Y": 0.5024563670158386
          },
          {
            "X": 0.27489763498306274,
            "Y": 0.5222529768943787
          },
          {
            "X": 0.24478112161159515,
            "Y": 0.5222288370132446
          }
        ]
      },
      "Id": "50453001-bce3-4e29-b645-2cbb21bcf3f4",
      "Page": 1
    },
    {
      "BlockType": "WORD",
      "Confidence": 99.80929565429688,
      "Text": "%",
      "TextType": "PRINTED",
      "Geometry": {
        "BoundingBox": {
          "Width": 0.01229824312031269,
          "Height": 0.017556434497237206,
          "Left": 0.27912524342536926,
          "Top": 0.5026941299438477
        },
        "Polygon": [
          {
            "X": 0.27912524342536926,
            "Y": 0.5026941299438477
          },
          {
            "X": 0.2912885844707489,
            "Y": 0.5027042627334595
          },
          {
            "X": 0.2914234697818756,
            "Y": 0.5202505588531494
          },
          {
            "X": 0.2792588770389557,
            "Y": 0.5202407836914062
          }
        ]
      },
      "Id": "638c8871-c3dd-414d-85e7-3304c1b3d124",
      "Page": 1
    },
    {
      "BlockType": "WORD",
      "Confidence": 99.8172836303711,
      "Text": "CCD",
      "TextType": "PRINTED",
      "Geometry": {
        "BoundingBox": {
          "Width": 0.02644653432071209,
          "Height": 0.017519742250442505,
          "Left": 0.29589033126831055,
          "Top": 0.5026927590370178
        },
        "Polygon": [
          {
            "X": 0.29589033126831055,
            "Y": 0.5026927590370178
          },
          {
            "X": 0.32219916582107544,
            "Y": 0.5027146935462952
          },
          {
            "X": 0.322336882352829,
            "Y": 0.5202125310897827
          },
          {
            "X": 0.2960253357887268,
            "Y": 0.5201913118362427
          }
        ]
      },
      "Id": "c45e8a86-c80f-46a5-8cd1-8c33b40c70e4",
      "Page": 1
    },
    {
      "BlockType": "WORD",
      "Confidence": 99.94859313964844,
      "Text": "25.0",
      "TextType": "PRINTED",
      "Geometry": {
        "BoundingBox": {
          "Width": 0.026921462267637253,
          "Height": 0.017373811453580856,
          "Left": 0.36400458216667175,
          "Top": 0.5026550889015198
        },
        "Polygon": [
          {
            "X": 0.36400458216667175,
            "Y": 0.5026550889015198
          },
          {
            "X": 0.39078250527381897,
            "Y": 0.5026773810386658
          },
          {
            "X": 0.3909260630607605,
            "Y": 0.5200288891792297
          },
          {
            "X": 0.364145427942276,
            "Y": 0.520007312297821
          }
        ]
      },
      "Id": "e296836f-fccc-47b2-80c7-3a75283cfcad",
      "Page": 1
    },
    {
      "BlockType": "WORD",
      "Confidence": 99.96825408935547,
      "Text": "6.50",
      "TextType": "PRINTED",
      "Geometry": {
        "BoundingBox": {
          "Width": 0.026827599853277206,
          "Height": 0.017449434846639633,
          "Left": 0.4357621669769287,
          "Top": 0.5027872920036316
        },
        "Polygon": [
          {
            "X": 0.4357621669769287,
            "Y": 0.5027872920036316
          },
          {
            "X": 0.4624382257461548,
            "Y": 0.5028095245361328
          },
          {
            "X": 0.46258974075317383,
            "Y": 0.5202367305755615
          },
          {
            "X": 0.4359109401702881,
            "Y": 0.5202152729034424
          }
        ]
      },
      "Id": "17c79e9b-75ae-4d72-bec1-85b6a2db9e0d",
      "Page": 1
    },
    {
      "BlockType": "WORD",
      "Confidence": 99.93958282470703,
      "Text": "2.01",
      "TextType": "PRINTED",
      "Geometry": {
        "BoundingBox": {
          "Width": 0.025647059082984924,
          "Height": 0.01744101196527481,
          "Left": 0.5182520151138306,
          "Top": 0.5027092695236206
        },
        "Polygon": [
          {
            "X": 0.5182520151138306,
            "Y": 0.5027092695236206
          },
          {
            "X": 0.5437392592430115,
            "Y": 0.5027304887771606
          },
          {
            "X": 0.5438990592956543,
            "Y": 0.5201502442359924
          },
          {
            "X": 0.5184091925621033,
            "Y": 0.5201297402381897
          }
        ]
      },
      "Id": "9247c17d-9597-4955-8b22-391408e4eab1",
      "Page": 1
    },
    {
      "BlockType": "WORD",
      "Confidence": 99.7455062866211,
      "Text": "V-1",
      "TextType": "PRINTED",
      "Geometry": {
        "BoundingBox": {
          "Width": 0.020787153393030167,
          "Height": 0.017587678506970406,
          "Left": 0.6004698872566223,
          "Top": 0.502772867679596
        },
        "Polygon": [
          {
            "X": 0.6004698872566223,
            "Y": 0.502772867679596
          },
          {
            "X": 0.621087908744812,
            "Y": 0.5027900338172913
          },
          {
            "X": 0.6212570667266846,
            "Y": 0.52036052942276
          },
          {
            "X": 0.600636899471283,
            "Y": 0.5203438997268677
          }
        ]
      },
      "Id": "7465db28-6abc-485c-8a64-f3a681406544",
      "Page": 1
    },
    {
      "BlockType": "WORD",
      "Confidence": 99.96595764160156,
      "Text": "29.2",
      "TextType": "PRINTED",
      "Geometry": {
        "BoundingBox": {
          "Width": 0.0270320326089859,
          "Height": 0.017430683597922325,
          "Left": 0.7126245498657227,
          "Top": 0.5027130842208862
        },
        "Polygon": [
          {
            "X": 0.7126245498657227,
            "Y": 0.5027130842208862
          },
          {
            "X": 0.7394768595695496,
            "Y": 0.502735435962677
          },
          {
            "X": 0.7396565675735474,
            "Y": 0.5201437473297119
          },
          {
            "X": 0.7128015160560608,
            "Y": 0.5201221108436584
          }
        ]
      },
      "Id": "f858896a-8686-419a-8454-284f81f24feb",
      "Page": 1
    },
    {
      "BlockType": "WORD",
      "Confidence": 99.80924987792969,
      "Text": "EP/8",
      "TextType": "PRINTED",
      "Geometry": {
        "BoundingBox": {
          "Width": 0.030492214486002922,
          "Height": 0.019583748653531075,
          "Left": 0.2446291148662567,
          "Top": 0.5338699817657471
        },
        "Polygon": [
          {
            "X": 0.2446291148662567,
            "Y": 0.5338699817657471
          },
          {
            "X": 0.2749728560447693,
            "Y": 0.5338937640190125
          },
          {
            "X": 0.2751213312149048,
            "Y": 0.5534537434577942
          },
          {
            "X": 0.24477410316467285,
            "Y": 0.5534308552742004
          }
        ]
      },
      "Id": "462ae0e2-1024-4cca-91ea-5fcc1d117fd5",
      "Page": 1
    },
    {
      "BlockType": "WORD",
      "Confidence": 99.8862075805664,
      "Text": "%",
      "TextType": "PRINTED",
      "Geometry": {
        "BoundingBox": {
          "Width": 0.01234516128897667,
          "Height": 0.01745786890387535,
          "Left": 0.2792632281780243,
          "Top": 0.53404301404953
        },
        "Polygon": [
          {
            "X": 0.2792632281780243,
            "Y": 0.53404301404953
          },
          {
            "X": 0.29147425293922424,
            "Y": 0.5340525507926941
          },
          {
            "X": 0.29160839319229126,
            "Y": 0.5515008568763733
          },
          {
            "X": 0.279396116733551,
            "Y": 0.5514916181564331
          }
        ]
      },
      "Id": "9126e131-817c-4356-ba8b-55ae890a9d72",
      "Page": 1
    },
    {
      "BlockType": "WORD",
      "Confidence": 99.77851867675781,
      "Text": "CCD",
      "TextType": "PRINTED",
      "Geometry": {
        "BoundingBox": {
          "Width": 0.026560597121715546,
          "Height": 0.01767718233168125,
          "Left": 0.295724481344223,
          "Top": 0.5338426232337952
        },
        "Polygon": [
          {
            "X": 0.295724481344223,
            "Y": 0.5338426232337952
          },
          {
            "X": 0.32214614748954773,
            "Y": 0.533863365650177
          },
          {
            "X": 0.3222850561141968,
            "Y": 0.5515198111534119
          },
          {
            "X": 0.2958606481552124,
            "Y": 0.5514998435974121
          }
        ]
      },
      "Id": "6f6915b5-b25b-4192-a5d5-243d92d38d17",
      "Page": 1
    },
    {
      "BlockType": "WORD",
      "Confidence": 99.90668487548828,
      "Text": "25.0",
      "TextType": "PRINTED",
      "Geometry": {
        "BoundingBox": {
          "Width": 0.027058975771069527,
          "Height": 0.01671273075044155,
          "Left": 0.36353233456611633,
          "Top": 0.5347591042518616
        },
        "Polygon": [
          {
            "X": 0.36353233456611633,
            "Y": 0.5347591042518616
          },
          {
            "X": 0.3904532492160797,
            "Y": 0.5347801446914673
          },
          {
            "X": 0.3905912935733795,
            "Y": 0.5514718294143677
          },
          {
            "X": 0.36366772651672363,
            "Y": 0.5514514446258545
          }
        ]
      },
      "Id": "0fe9ecee-d1cf-4d14-8e7b-f4ba13f5c408",
      "Page": 1
    },
    {
      "BlockType": "WORD",
      "Confidence": 99.97676086425781,
      "Text": "6.50",
      "TextType": "PRINTED",
      "Geometry": {
        "BoundingBox": {
          "Width": 0.02656496874988079,
          "Height": 0.01762188784778118,
          "Left": 0.4358873963356018,
          "Top": 0.5339317321777344
        },
        "Polygon": [
          {
            "X": 0.4358873963356018,
            "Y": 0.5339317321777344
          },
          {
            "X": 0.4622993767261505,
            "Y": 0.5339524149894714
          },
          {
            "X": 0.46245238184928894,
            "Y": 0.5515536069869995
          },
          {
            "X": 0.43603765964508057,
            "Y": 0.5515336394309998
          }
        ]
      },
      "Id": "98b22000-bfd7-4fc0-9275-baa44cbaa73c",
      "Page": 1
    },
    {
      "BlockType": "WORD",
      "Confidence": 99.94818878173828,
      "Text": "2.74",
      "TextType": "PRINTED",
      "Geometry": {
        "BoundingBox": {
          "Width": 0.02656952291727066,
          "Height": 0.017674477770924568,
          "Left": 0.5183917880058289,
          "Top": 0.5340836048126221
        },
        "Polygon": [
          {
            "X": 0.5183917880058289,
            "Y": 0.5340836048126221
          },
          {
            "X": 0.544799268245697,
            "Y": 0.5341042876243591
          },
          {
            "X": 0.5449612736701965,
            "Y": 0.5517580509185791
          },
          {
            "X": 0.5185510516166687,
            "Y": 0.5517380833625793
          }
        ]
      },
      "Id": "743d9e27-4b5e-4fda-b783-908b097ab053",
      "Page": 1
    },
    {
      "BlockType": "WORD",
      "Confidence": 99.73835754394531,
      "Text": "V-1",
      "TextType": "PRINTED",
      "Geometry": {
        "BoundingBox": {
          "Width": 0.020795386284589767,
          "Height": 0.017575925216078758,
          "Left": 0.6002997159957886,
          "Top": 0.5341074466705322
        },
        "Polygon": [
          {
            "X": 0.6002997159957886,
            "Y": 0.5341074466705322
          },
          {
            "X": 0.6209260821342468,
            "Y": 0.5341235995292664
          },
          {
            "X": 0.6210951209068298,
            "Y": 0.5516833662986755
          },
          {
            "X": 0.6004666090011597,
            "Y": 0.5516677498817444
          }
        ]
      },
      "Id": "dd603ed4-da49-4d57-bb0d-87a78b0aa4d4",
      "Page": 1
    },
    {
      "BlockType": "WORD",
      "Confidence": 99.75313568115234,
      "Text": "30.5",
      "TextType": "PRINTED",
      "Geometry": {
        "BoundingBox": {
          "Width": 0.026195095852017403,
          "Height": 0.017604980617761612,
          "Left": 0.7129160761833191,
          "Top": 0.5341092348098755
        },
        "Polygon": [
          {
            "X": 0.7129160761833191,
            "Y": 0.5341092348098755
          },
          {
            "X": 0.7389297485351562,
            "Y": 0.5341296195983887
          },
          {
            "X": 0.7391111850738525,
            "Y": 0.5517141819000244
          },
          {
            "X": 0.7130948305130005,
            "Y": 0.5516945123672485
          }
        ]
      },
      "Id": "2880237b-06cc-4210-9867-0a8d781be4ad",
      "Page": 1
    },
    {
      "BlockType": "WORD",
      "Confidence": 99.88689422607422,
      "Text": "EP/10",
      "TextType": "PRINTED",
      "Geometry": {
        "BoundingBox": {
          "Width": 0.038495082408189774,
          "Height": 0.019440945237874985,
          "Left": 0.2445758581161499,
          "Top": 0.5653142333030701
        },
        "Polygon": [
          {
            "X": 0.2445758581161499,
            "Y": 0.5653142333030701
          },
          {
            "X": 0.2829227149486542,
            "Y": 0.5653424263000488
          },
          {
            "X": 0.28307095170021057,
            "Y": 0.5847551822662354
          },
          {
            "X": 0.2447197288274765,
            "Y": 0.5847282409667969
          }
        ]
      },
      "Id": "a2ecfd9a-6cda-4121-a9da-5fe0140896e7",
      "Page": 1
    },
    {
      "BlockType": "WORD",
      "Confidence": 99.88673400878906,
      "Text": "%",
      "TextType": "PRINTED",
      "Geometry": {
        "BoundingBox": {
          "Width": 0.012149742804467678,
          "Height": 0.017433548346161842,
          "Left": 0.28696712851524353,
          "Top": 0.5654112696647644
        },
        "Polygon": [
          {
            "X": 0.28696712851524353,
            "Y": 0.5654112696647644
          },
          {
            "X": 0.298982173204422,
            "Y": 0.5654200911521912
          },
          {
            "X": 0.2991168797016144,
            "Y": 0.5828447937965393
          },
          {
            "X": 0.28710058331489563,
            "Y": 0.5828363299369812
          }
        ]
      },
      "Id": "4909e427-c60d-4f70-b9af-03038f2417db",
      "Page": 1
    },
    {
      "BlockType": "WORD",
      "Confidence": 99.49654388427734,
      "Text": "CCD",
      "TextType": "PRINTED",
      "Geometry": {
        "BoundingBox": {
          "Width": 0.026291362941265106,
          "Height": 0.01711544580757618,
          "Left": 0.30362755060195923,
          "Top": 0.565544605255127
        },
        "Polygon": [
          {
            "X": 0.30362755060195923,
            "Y": 0.565544605255127
          },
          {
            "X": 0.32978367805480957,
            "Y": 0.5655637979507446
          },
          {
            "X": 0.32991892099380493,
            "Y": 0.5826600790023804
          },
          {
            "X": 0.30376020073890686,
            "Y": 0.5826416015625
          }
        ]
      },
      "Id": "cbd0a9c4-889d-4cda-9cbb-c94b258a45ce",
      "Page": 1
    },
    {
      "BlockType": "WORD",
      "Confidence": 99.9366683959961,
      "Text": "25.0",
      "TextType": "PRINTED",
      "Geometry": {
        "BoundingBox": {
          "Width": 0.02704094536602497,
          "Height": 0.01743711158633232,
          "Left": 0.36385098099708557,
          "Top": 0.5655148029327393
        },
        "Polygon": [
          {
            "X": 0.36385098099708557,
            "Y": 0.5655148029327393
          },
          {
            "X": 0.39074790477752686,
            "Y": 0.5655345320701599
          },
          {
            "X": 0.3908919394016266,
            "Y": 0.5829519033432007
          },
          {
            "X": 0.36399227380752563,
            "Y": 0.5829328894615173
          }
        ]
      },
      "Id": "38b3551e-d938-471d-83f6-20f200cc7c23",
      "Page": 1
    },
    {
      "BlockType": "WORD",
      "Confidence": 99.9591064453125,
      "Text": "6.50",
      "TextType": "PRINTED",
      "Geometry": {
        "BoundingBox": {
          "Width": 0.026730231940746307,
          "Height": 0.01755501702427864,
          "Left": 0.43579626083374023,
          "Top": 0.5656375885009766
        },
        "Polygon": [
          {
            "X": 0.43579626083374023,
            "Y": 0.5656375885009766
          },
          {
            "X": 0.46237409114837646,
            "Y": 0.5656570792198181
          },
          {
            "X": 0.46252647042274475,
            "Y": 0.5831925868988037
          },
          {
            "X": 0.43594589829444885,
            "Y": 0.5831738114356995
          }
        ]
      },
      "Id": "39d70f1f-ae74-4e83-8d10-2ff33ee208b4",
      "Page": 1
    },
    {
      "BlockType": "WORD",
      "Confidence": 99.9458236694336,
      "Text": "3.50",
      "TextType": "PRINTED",
      "Geometry": {
        "BoundingBox": {
          "Width": 0.026357246562838554,
          "Height": 0.017534581944346428,
          "Left": 0.5184637308120728,
          "Top": 0.5656144022941589
        },
        "Polygon": [
          {
            "X": 0.5184637308120728,
            "Y": 0.5656144022941589
          },
          {
            "X": 0.5446602702140808,
            "Y": 0.5656336545944214
          },
          {
            "X": 0.5448209643363953,
            "Y": 0.5831490159034729
          },
          {
            "X": 0.5186217427253723,
            "Y": 0.5831304788589478
          }
        ]
      },
      "Id": "65ee06e2-f6e8-40ad-b243-2b7d9ba99629",
      "Page": 1
    },
    {
      "BlockType": "WORD",
      "Confidence": 99.26677703857422,
      "Text": "V-0",
      "TextType": "PRINTED",
      "Geometry": {
        "BoundingBox": {
          "Width": 0.021676864475011826,
          "Height": 0.01763075590133667,
          "Left": 0.6003555059432983,
          "Top": 0.5654413104057312
        },
        "Polygon": [
          {
            "X": 0.6003555059432983,
            "Y": 0.5654413104057312
          },
          {
            "X": 0.6218627691268921,
            "Y": 0.5654571056365967
          },
          {
            "X": 0.6220323443412781,
            "Y": 0.5830720663070679
          },
          {
            "X": 0.6005228757858276,
            "Y": 0.5830568671226501
          }
        ]
      },
      "Id": "94d27e62-f7fd-4cc2-b103-3bed25acf52b",
      "Page": 1
    },
    {
      "BlockType": "WORD",
      "Confidence": 99.94998168945312,
      "Text": "31.6",
      "TextType": "PRINTED",
      "Geometry": {
        "BoundingBox": {
          "Width": 0.02686251513659954,
          "Height": 0.017890850082039833,
          "Left": 0.7128205299377441,
          "Top": 0.565226137638092
        },
        "Polygon": [
          {
            "X": 0.7128205299377441,
            "Y": 0.565226137638092
          },
          {
            "X": 0.7394986748695374,
            "Y": 0.5652457475662231
          },
          {
            "X": 0.7396830916404724,
            "Y": 0.5831170082092285
          },
          {
            "X": 0.7130022048950195,
            "Y": 0.5830981731414795
          }
        ]
      },
      "Id": "145b76e8-d2ca-4b90-9d67-e9c283927a16",
      "Page": 1
    },
    {
      "BlockType": "TABLE",
      "Confidence": 99.658203125,
      "Geometry": {
        "BoundingBox": {
          "Width": 0.5397964715957642,
          "Height": 0.2141183465719223,
          "Left": 0.23012195527553558,
          "Top": 0.391964852809906
        },
        "Polygon": [
          {
            "X": 0.23012195527553558,
            "Y": 0.391964852809906
          },
          {
            "X": 0.7676767706871033,
            "Y": 0.3925060033798218
          },
          {
            "X": 0.7699184417724609,
            "Y": 0.6060832142829895
          },
          {
            "X": 0.23168949782848358,
            "Y": 0.6057223081588745
          }
        ]
      },
      "Id": "dbddee50-0963-4f8f-8f3a-9735dc948c85",
      "Relationships": [
        {
          "Type": "CHILD",
          "Ids": [
            "73bffa29-3f32-4941-9d1b-1564370cf282",
            "06d0d86e-94a3-4f5c-a564-7a9b314f6e1a",
            "113bac58-5128-4cfa-9a08-a9451846bb44",
            "62b2864e-9be0-452f-b32a-69ca0df60147",
            "237268dc-df4d-4edd-af72-097a3a728724",
            "c1a5c648-d8e2-472b-8552-9ee6d16ee399",
            "d8477889-7c78-4bd5-b77a-b3782e57b77e",
            "b12c8141-9a6a-4dfd-8dd8-def7ffa5cc85",
            "f4f8362c-2c15-423f-8240-c907db1f5de6",
            "d273f917-bae6-4e02-85ac-9604a8ae5f14",
            "63bd8836-74d9-497c-8381-931800bbb70a",
            "ae81ac8d-ab60-4d31-8236-17f54f4eeb2e",
            "84a95898-91b4-4442-9761-560fd7c7d31a",
            "650a2f04-5bce-41a9-b732-8dce8bbafc88",
            "6e2cfe3b-1fbb-4bbd-b235-0228c36d30b9",
            "02cad97b-625f-4c78-aedf-4c39a5dc0dcf",
            "a79aefa7-f94e-45d6-8b1e-a581a186137f",
            "aa7352cc-7d33-42a6-af9b-a8842572aa7a",
            "ce0c1862-9300-4701-99bc-52f00ed8ac78",
            "89cf6d26-4a65-40ee-bfbb-4501b4277f4d",
            "4ceacba4-55db-4041-8053-ad27625d7d09",
            "5c14d099-8119-4432-88c6-b431c81b8599",
            "596d15e7-0597-48ea-b9dc-e7e59659a817",
            "089e9376-6208-4188-8ea7-5c29f55a7f1c",
            "7f1c977a-7ebd-4dee-9bb0-741dee704962",
            "be4acd8b-c3c0-43f4-9988-d182fbfd8d0e",
            "8d6edff1-33d3-4903-8178-6151a89f12cc",
            "c7cd17c6-f729-4fd9-965a-3066895d779d",
            "460541e5-5464-4fdd-aaab-7eebe74d2226",
            "246d2e39-42ac-441d-916b-7d006f6a88cf"
          ]
        }
      ],
      "EntityTypes": [
        "STRUCTURED_TABLE"
      ],
      "Page": 1
    },
    {
      "BlockType": "CELL",
      "Confidence": 68.9453125,
      "RowIndex": 1,
      "ColumnIndex": 1,
      "RowSpan": 1,
      "ColumnSpan": 1,
      "Geometry": {
        "BoundingBox": {
          "Width": 0.11535882204771042,
          "Height": 0.05908319726586342,
          "Left": 0.23012195527553558,
          "Top": 0.391964852809906
        },
        "Polygon": [
          {
            "X": 0.23012195527553558,
            "Y": 0.391964852809906
          },
          {
            "X": 0.3450084924697876,
            "Y": 0.39208051562309265
          },
          {
            "X": 0.3454807698726654,
            "Y": 0.4510480463504791
          },
          {
            "X": 0.230554461479187,
            "Y": 0.4509430229663849
          }
        ]
      },
      "Id": "73bffa29-3f32-4941-9d1b-1564370cf282",
      "Relationships": [
        {
          "Type": "CHILD",
          "Ids": [
            "a8dd3136-a281-490c-a126-cda7653f70d1"
          ]
        }
      ],
      "EntityTypes": [
        "COLUMN_HEADER"
      ],
      "Page": 1
    },
    {
      "BlockType": "CELL",
      "Confidence": 64.990234375,
      "RowIndex": 1,
      "ColumnIndex": 2,
      "RowSpan": 1,
      "ColumnSpan": 1,
      "Geometry": {
        "BoundingBox": {
          "Width": 0.0737394168972969,
          "Height": 0.05903450399637222,
          "Left": 0.3450084924697876,
          "Top": 0.39208051562309265
        },
        "Polygon": [
          {
            "X": 0.3450084924697876,
            "Y": 0.39208051562309265
          },
          {
            "X": 0.41825029253959656,
            "Y": 0.3921542465686798
          },
          {
            "X": 0.4187479019165039,
            "Y": 0.4511150121688843
          },
          {
            "X": 0.3454807698726654,
            "Y": 0.4510480463504791
          }
        ]
      },
      "Id": "06d0d86e-94a3-4f5c-a564-7a9b314f6e1a",
      "Relationships": [
        {
          "Type": "CHILD",
          "Ids": [
            "8a70ce4a-2b44-40cd-8ab6-360b30055861",
            "f16e6d82-d92d-46cf-b487-df0f6118baf0"
          ]
        }
      ],
      "EntityTypes": [
        "COLUMN_HEADER"
      ],
      "Page": 1
    },
    {
      "BlockType": "CELL",
      "Confidence": 68.84765625,
      "RowIndex": 1,
      "ColumnIndex": 3,
      "RowSpan": 1,
      "ColumnSpan": 1,
      "Geometry": {
        "BoundingBox": {
          "Width": 0.0822284072637558,
          "Height": 0.05903547257184982,
          "Left": 0.41825029253959656,
          "Top": 0.3921542465686798
        },
        "Polygon": [
          {
            "X": 0.41825029253959656,
            "Y": 0.3921542465686798
          },
          {
            "X": 0.4999527931213379,
            "Y": 0.39223650097846985
          },
          {
            "X": 0.5004786849021912,
            "Y": 0.45118972659111023
          },
          {
            "X": 0.4187479019165039,
            "Y": 0.4511150121688843
          }
        ]
      },
      "Id": "113bac58-5128-4cfa-9a08-a9451846bb44",
      "Relationships": [
        {
          "Type": "CHILD",
          "Ids": [
            "8e7bcb81-0512-4aef-856e-5ad0c6dbb9d4"
          ]
        }
      ],
      "EntityTypes": [
        "COLUMN_HEADER"
      ],
      "Page": 1
    },
    {
      "BlockType": "CELL",
      "Confidence": 68.115234375,
      "RowIndex": 1,
      "ColumnIndex": 4,
      "RowSpan": 1,
      "ColumnSpan": 1,
      "Geometry": {
        "BoundingBox": {
          "Width": 0.08300641924142838,
          "Height": 0.05902860686182976,
          "Left": 0.4999527931213379,
          "Top": 0.39223650097846985
        },
        "Polygon": [
          {
            "X": 0.4999527931213379,
            "Y": 0.39223650097846985
          },
          {
            "X": 0.5824047923088074,
            "Y": 0.3923195004463196
          },
          {
            "X": 0.5829592347145081,
            "Y": 0.4512650966644287
          },
          {
            "X": 0.5004786849021912,
            "Y": 0.45118972659111023
          }
        ]
      },
      "Id": "62b2864e-9be0-452f-b32a-69ca0df60147",
      "Relationships": [
        {
          "Type": "CHILD",
          "Ids": [
            "f0978f8d-29eb-4dae-8da7-1b797c479f98",
            "067dc705-fdb7-402f-8221-aabed5f786cc"
          ]
        }
      ],
      "EntityTypes": [
        "COLUMN_HEADER"
      ],
      "Page": 1
    },
    {
      "BlockType": "CELL",
      "Confidence": 69.62890625,
      "RowIndex": 1,
      "ColumnIndex": 5,
      "RowSpan": 1,
      "ColumnSpan": 1,
      "Geometry": {
        "BoundingBox": {
          "Width": 0.11383388936519623,
          "Height": 0.05904913693666458,
          "Left": 0.5824047923088074,
          "Top": 0.3923195004463196
        },
        "Polygon": [
          {
            "X": 0.5824047923088074,
            "Y": 0.3923195004463196
          },
          {
            "X": 0.6956450939178467,
            "Y": 0.3924334943294525
          },
          {
            "X": 0.6962386965751648,
            "Y": 0.45136862993240356
          },
          {
            "X": 0.5829592347145081,
            "Y": 0.4512650966644287
          }
        ]
      },
      "Id": "237268dc-df4d-4edd-af72-097a3a728724",
      "Relationships": [
        {
          "Type": "CHILD",
          "Ids": [
            "c4aff204-bd92-45ff-8063-93cbe0d05645",
            "e128f2f4-2746-41de-a5fa-e5e1edf6fb2d"
          ]
        }
      ],
      "EntityTypes": [
        "COLUMN_HEADER"
      ],
      "Page": 1
    },
    {
      "BlockType": "CELL",
      "Confidence": 66.259765625,
      "RowIndex": 1,
      "ColumnIndex": 6,
      "RowSpan": 1,
      "ColumnSpan": 1,
      "Geometry": {
        "BoundingBox": {
          "Width": 0.07265020161867142,
          "Height": 0.059000998735427856,
          "Left": 0.6956450939178467,
          "Top": 0.3924334943294525
        },
        "Polygon": [
          {
            "X": 0.6956450939178467,
            "Y": 0.3924334943294525
          },
          {
            "X": 0.7676767706871033,
            "Y": 0.3925060033798218
          },
          {
            "X": 0.7682952880859375,
            "Y": 0.45143449306488037
          },
          {
            "X": 0.6962386965751648,
            "Y": 0.45136862993240356
          }
        ]
      },
      "Id": "c1a5c648-d8e2-472b-8552-9ee6d16ee399",
      "Relationships": [
        {
          "Type": "CHILD",
          "Ids": [
            "18a0d0e5-179c-4398-aaae-f1f51edc7639"
          ]
        }
      ],
      "EntityTypes": [
        "COLUMN_HEADER"
      ],
      "Page": 1
    },
    {
      "BlockType": "CELL",
      "Confidence": 89.599609375,
      "RowIndex": 2,
      "ColumnIndex": 1,
      "RowSpan": 1,
      "ColumnSpan": 1,
      "Geometry": {
        "BoundingBox": {
          "Width": 0.11528286337852478,
          "Height": 0.04462200030684471,
          "Left": 0.230554461479187,
          "Top": 0.4509430229663849
        },
        "Polygon": [
          {
            "X": 0.230554461479187,
            "Y": 0.4509430229663849
          },
          {
            "X": 0.3454807698726654,
            "Y": 0.4510480463504791
          },
          {
            "X": 0.3458373248577118,
            "Y": 0.4955650269985199
          },
          {
            "X": 0.2308809757232666,
            "Y": 0.49546802043914795
          }
        ]
      },
      "Id": "d8477889-7c78-4bd5-b77a-b3782e57b77e",
      "Relationships": [
        {
          "Type": "CHILD",
          "Ids": [
            "e24e09a0-a0d1-4417-996f-c1ccfb5495e3"
          ]
        }
      ],
      "Page": 1
    },
    {
      "BlockType": "CELL",
      "Confidence": 84.47265625,
      "RowIndex": 2,
      "ColumnIndex": 2,
      "RowSpan": 1,
      "ColumnSpan": 1,
      "Geometry": {
        "BoundingBox": {
          "Width": 0.07364282011985779,
          "Height": 0.04457881301641464,
          "Left": 0.3454807698726654,
          "Top": 0.4510480463504791
        },
        "Polygon": [
          {
            "X": 0.3454807698726654,
            "Y": 0.4510480463504791
          },
          {
            "X": 0.4187479019165039,
            "Y": 0.4511150121688843
          },
          {
            "X": 0.4191235899925232,
            "Y": 0.49562686681747437
          },
          {
            "X": 0.3458373248577118,
            "Y": 0.4955650269985199
          }
        ]
      },
      "Id": "b12c8141-9a6a-4dfd-8dd8-def7ffa5cc85",
      "Relationships": [
        {
          "Type": "CHILD",
          "Ids": [
            "869b3f9f-32b2-4772-afe9-d55105aedd2b"
          ]
        }
      ],
      "Page": 1
    },
    {
      "BlockType": "CELL",
      "Confidence": 89.501953125,
      "RowIndex": 2,
      "ColumnIndex": 3,
      "RowSpan": 1,
      "ColumnSpan": 1,
      "Geometry": {
        "BoundingBox": {
          "Width": 0.08212780207395554,
          "Height": 0.044580843299627304,
          "Left": 0.4187479019165039,
          "Top": 0.4511150121688843
        },
        "Polygon": [
          {
            "X": 0.4187479019165039,
            "Y": 0.4511150121688843
          },
          {
            "X": 0.5004786849021912,
            "Y": 0.45118972659111023
          },
          {
            "X": 0.50087571144104,
            "Y": 0.4956958591938019
          },
          {
            "X": 0.4191235899925232,
            "Y": 0.49562686681747437
          }
        ]
      },
      "Id": "f4f8362c-2c15-423f-8240-c907db1f5de6",
      "Relationships": [
        {
          "Type": "CHILD",
          "Ids": [
            "a7ece734-b73f-4e0b-8b8e-22ed22f6bf28"
          ]
        }
      ],
      "Page": 1
    },
    {
      "BlockType": "CELL",
      "Confidence": 88.525390625,
      "RowIndex": 2,
      "ColumnIndex": 4,
      "RowSpan": 1,
      "ColumnSpan": 1,
      "Geometry": {
        "BoundingBox": {
          "Width": 0.0828990712761879,
          "Height": 0.0445757731795311,
          "Left": 0.5004786849021912,
          "Top": 0.45118972659111023
        },
        "Polygon": [
          {
            "X": 0.5004786849021912,
            "Y": 0.45118972659111023
          },
          {
            "X": 0.5829592347145081,
            "Y": 0.4512650966644287
          },
          {
            "X": 0.5833777785301208,
            "Y": 0.49576547741889954
          },
          {
            "X": 0.50087571144104,
            "Y": 0.4956958591938019
          }
        ]
      },
      "Id": "d273f917-bae6-4e02-85ac-9604a8ae5f14",
      "Relationships": [
        {
          "Type": "CHILD",
          "Ids": [
            "68de4bdd-9b00-4bf0-ae07-39947feeddc6"
          ]
        }
      ],
      "Page": 1
    },
    {
      "BlockType": "CELL",
      "Confidence": 90.478515625,
      "RowIndex": 2,
      "ColumnIndex": 5,
      "RowSpan": 1,
      "ColumnSpan": 1,
      "Geometry": {
        "BoundingBox": {
          "Width": 0.11372758448123932,
          "Height": 0.04459601640701294,
          "Left": 0.5829592347145081,
          "Top": 0.4512650966644287
        },
        "Polygon": [
          {
            "X": 0.5829592347145081,
            "Y": 0.4512650966644287
          },
          {
            "X": 0.6962386965751648,
            "Y": 0.45136862993240356
          },
          {
            "X": 0.6966868042945862,
            "Y": 0.49586111307144165
          },
          {
            "X": 0.5833777785301208,
            "Y": 0.49576547741889954
          }
        ]
      },
      "Id": "63bd8836-74d9-497c-8381-931800bbb70a",
      "Relationships": [
        {
          "Type": "CHILD",
          "Ids": [
            "5650c3c5-2299-473c-ae16-f2a634d89f91"
          ]
        }
      ],
      "Page": 1
    },
    {
      "BlockType": "CELL",
      "Confidence": 86.083984375,
      "RowIndex": 2,
      "ColumnIndex": 6,
      "RowSpan": 1,
      "ColumnSpan": 1,
      "Geometry": {
        "BoundingBox": {
          "Width": 0.07252354174852371,
          "Height": 0.04455331340432167,
          "Left": 0.6962386965751648,
          "Top": 0.45136862993240356
        },
        "Polygon": [
          {
            "X": 0.6962386965751648,
            "Y": 0.45136862993240356
          },
          {
            "X": 0.7682952880859375,
            "Y": 0.45143449306488037
          },
          {
            "X": 0.7687622308731079,
            "Y": 0.49592193961143494
          },
          {
            "X": 0.6966868042945862,
            "Y": 0.49586111307144165
          }
        ]
      },
      "Id": "ae81ac8d-ab60-4d31-8236-17f54f4eeb2e",
      "Relationships": [
        {
          "Type": "CHILD",
          "Ids": [
            "a3d617a5-41ed-49fc-952f-0d7b9d020a4c"
          ]
        }
      ],
      "Page": 1
    },
    {
      "BlockType": "CELL",
      "Confidence": 85.44921875,
      "RowIndex": 3,
      "ColumnIndex": 1,
      "RowSpan": 1,
      "ColumnSpan": 1,
      "Geometry": {
        "BoundingBox": {
          "Width": 0.11520814150571823,
          "Height": 0.031534790992736816,
          "Left": 0.2308809757232666,
          "Top": 0.49546802043914795
        },
        "Polygon": [
          {
            "X": 0.2308809757232666,
            "Y": 0.49546802043914795
          },
          {
            "X": 0.3458373248577118,
            "Y": 0.4955650269985199
          },
          {
            "X": 0.34608912467956543,
            "Y": 0.5270028114318848
          },
          {
            "X": 0.2311115562915802,
            "Y": 0.5269114375114441
          }
        ]
      },
      "Id": "84a95898-91b4-4442-9761-560fd7c7d31a",
      "Relationships": [
        {
          "Type": "CHILD",
          "Ids": [
            "50453001-bce3-4e29-b645-2cbb21bcf3f4",
            "638c8871-c3dd-414d-85e7-3304c1b3d124",
            "c45e8a86-c80f-46a5-8cd1-8c33b40c70e4"
          ]
        }
      ],
      "Page": 1
    },
    {
      "BlockType": "CELL",
      "Confidence": 80.56640625,
      "RowIndex": 3,
      "ColumnIndex": 2,
      "RowSpan": 1,
      "ColumnSpan": 1,
      "Geometry": {
        "BoundingBox": {
          "Width": 0.07355158030986786,
          "Height": 0.03149601072072983,
          "Left": 0.3458373248577118,
          "Top": 0.4955650269985199
        },
        "Polygon": [
          {
            "X": 0.3458373248577118,
            "Y": 0.4955650269985199
          },
          {
            "X": 0.4191235899925232,
            "Y": 0.49562686681747437
          },
          {
            "X": 0.41938889026641846,
            "Y": 0.5270610451698303
          },
          {
            "X": 0.34608912467956543,
            "Y": 0.5270028114318848
          }
        ]
      },
      "Id": "650a2f04-5bce-41a9-b732-8dce8bbafc88",
      "Relationships": [
        {
          "Type": "CHILD",
          "Ids": [
            "e296836f-fccc-47b2-80c7-3a75283cfcad"
          ]
        }
      ],
      "Page": 1
    },
    {
      "BlockType": "CELL",
      "Confidence": 85.3515625,
      "RowIndex": 3,
      "ColumnIndex": 3,
      "RowSpan": 1,
      "ColumnSpan": 1,
      "Geometry": {
        "BoundingBox": {
          "Width": 0.08203249424695969,
          "Height": 0.03149912878870964,
          "Left": 0.4191235899925232,
          "Top": 0.49562686681747437
        },
        "Polygon": [
          {
            "X": 0.4191235899925232,
            "Y": 0.49562686681747437
          },
          {
            "X": 0.50087571144104,
            "Y": 0.4956958591938019
          },
          {
            "X": 0.5011560916900635,
            "Y": 0.5271260142326355
          },
          {
            "X": 0.41938889026641846,
            "Y": 0.5270610451698303
          }
        ]
      },
      "Id": "6e2cfe3b-1fbb-4bbd-b235-0228c36d30b9",
      "Relationships": [
        {
          "Type": "CHILD",
          "Ids": [
            "17c79e9b-75ae-4d72-bec1-85b6a2db9e0d"
          ]
        }
      ],
      "Page": 1
    },
    {
      "BlockType": "CELL",
      "Confidence": 84.47265625,
      "RowIndex": 3,
      "ColumnIndex": 4,
      "RowSpan": 1,
      "ColumnSpan": 1,
      "Geometry": {
        "BoundingBox": {
          "Width": 0.08279763162136078,
          "Height": 0.03149569407105446,
          "Left": 0.50087571144104,
          "Top": 0.4956958591938019
        },
        "Polygon": [
          {
            "X": 0.50087571144104,
            "Y": 0.4956958591938019
          },
          {
            "X": 0.5833777785301208,
            "Y": 0.49576547741889954
          },
          {
            "X": 0.583673357963562,
            "Y": 0.5271915793418884
          },
          {
            "X": 0.5011560916900635,
            "Y": 0.5271260142326355
          }
        ]
      },
      "Id": "02cad97b-625f-4c78-aedf-4c39a5dc0dcf",
      "Relationships": [
        {
          "Type": "CHILD",
          "Ids": [
            "9247c17d-9597-4955-8b22-391408e4eab1"
          ]
        }
      ],
      "Page": 1
    },
    {
      "BlockType": "CELL",
      "Confidence": 86.279296875,
      "RowIndex": 3,
      "ColumnIndex": 5,
      "RowSpan": 1,
      "ColumnSpan": 1,
      "Geometry": {
        "BoundingBox": {
          "Width": 0.11362548917531967,
          "Height": 0.03151610866189003,
          "Left": 0.5833777785301208,
          "Top": 0.49576547741889954
        },
        "Polygon": [
          {
            "X": 0.5833777785301208,
            "Y": 0.49576547741889954
          },
          {
            "X": 0.6966868042945862,
            "Y": 0.49586111307144165
          },
          {
            "X": 0.6970032453536987,
            "Y": 0.5272815823554993
          },
          {
            "X": 0.583673357963562,
            "Y": 0.5271915793418884
          }
        ]
      },
      "Id": "a79aefa7-f94e-45d6-8b1e-a581a186137f",
      "Relationships": [
        {
          "Type": "CHILD",
          "Ids": [
            "7465db28-6abc-485c-8a64-f3a681406544"
          ]
        }
      ],
      "Page": 1
    },
    {
      "BlockType": "CELL",
      "Confidence": 82.12890625,
      "RowIndex": 3,
      "ColumnIndex": 6,
      "RowSpan": 1,
      "ColumnSpan": 1,
      "Geometry": {
        "BoundingBox": {
          "Width": 0.07240515947341919,
          "Height": 0.031477756798267365,
          "Left": 0.6966868042945862,
          "Top": 0.49586111307144165
        },
        "Polygon": [
          {
            "X": 0.6966868042945862,
            "Y": 0.49586111307144165
          },
          {
            "X": 0.7687622308731079,
            "Y": 0.49592193961143494
          },
          {
            "X": 0.7690919637680054,
            "Y": 0.5273388624191284
          },
          {
            "X": 0.6970032453536987,
            "Y": 0.5272815823554993
          }
        ]
      },
      "Id": "aa7352cc-7d33-42a6-af9b-a8842572aa7a",
      "Relationships": [
        {
          "Type": "CHILD",
          "Ids": [
            "f858896a-8686-419a-8454-284f81f24feb"
          ]
        }
      ],
      "Page": 1
    },
    {
      "BlockType": "CELL",
      "Confidence": 81.884765625,
      "RowIndex": 4,
      "ColumnIndex": 1,
      "RowSpan": 1,
      "ColumnSpan": 1,
      "Geometry": {
        "BoundingBox": {
          "Width": 0.11521893739700317,
          "Height": 0.030230123549699783,
          "Left": 0.2311115562915802,
          "Top": 0.5269114375114441
        },
        "Polygon": [
          {
            "X": 0.2311115562915802,
            "Y": 0.5269114375114441
          },
          {
            "X": 0.34608912467956543,
            "Y": 0.5270028114318848
          },
          {
            "X": 0.3463304936885834,
            "Y": 0.5571416020393372
          },
          {
            "X": 0.23133261501789093,
            "Y": 0.557055652141571
          }
        ]
      },
      "Id": "ce0c1862-9300-4701-99bc-52f00ed8ac78",
      "Relationships": [
        {
          "Type": "CHILD",
          "Ids": [
            "462ae0e2-1024-4cca-91ea-5fcc1d117fd5",
            "9126e131-817c-4356-ba8b-55ae890a9d72",
            "6f6915b5-b25b-4192-a5d5-243d92d38d17"
          ]
        }
      ],
      "Page": 1
    },
    {
      "BlockType": "CELL",
      "Confidence": 77.197265625,
      "RowIndex": 4,
      "ColumnIndex": 2,
      "RowSpan": 1,
      "ColumnSpan": 1,
      "Geometry": {
        "BoundingBox": {
          "Width": 0.0735541358590126,
          "Height": 0.030193546786904335,
          "Left": 0.34608912467956543,
          "Top": 0.5270028114318848
        },
        "Polygon": [
          {
            "X": 0.34608912467956543,
            "Y": 0.5270028114318848
          },
          {
            "X": 0.41938889026641846,
            "Y": 0.5270610451698303
          },
          {
            "X": 0.41964325308799744,
            "Y": 0.557196319103241
          },
          {
            "X": 0.3463304936885834,
            "Y": 0.5571416020393372
          }
        ]
      },
      "Id": "89cf6d26-4a65-40ee-bfbb-4501b4277f4d",
      "Relationships": [
        {
          "Type": "CHILD",
          "Ids": [
            "0fe9ecee-d1cf-4d14-8e7b-f4ba13f5c408"
          ]
        }
      ],
      "Page": 1
    },
    {
      "BlockType": "CELL",
      "Confidence": 81.787109375,
      "RowIndex": 4,
      "ColumnIndex": 3,
      "RowSpan": 1,
      "ColumnSpan": 1,
      "Geometry": {
        "BoundingBox": {
          "Width": 0.08203598111867905,
          "Height": 0.030196409672498703,
          "Left": 0.41938889026641846,
          "Top": 0.5270610451698303
        },
        "Polygon": [
          {
            "X": 0.41938889026641846,
            "Y": 0.5270610451698303
          },
          {
            "X": 0.5011560916900635,
            "Y": 0.5271260142326355
          },
          {
            "X": 0.5014249086380005,
            "Y": 0.5572574734687805
          },
          {
            "X": 0.41964325308799744,
            "Y": 0.557196319103241
          }
        ]
      },
      "Id": "4ceacba4-55db-4041-8053-ad27625d7d09",
      "Relationships": [
        {
          "Type": "CHILD",
          "Ids": [
            "98b22000-bfd7-4fc0-9275-baa44cbaa73c"
          ]
        }
      ],
      "Page": 1
    },
    {
      "BlockType": "CELL",
      "Confidence": 80.908203125,
      "RowIndex": 4,
      "ColumnIndex": 4,
      "RowSpan": 1,
      "ColumnSpan": 1,
      "Geometry": {
        "BoundingBox": {
          "Width": 0.08280062675476074,
          "Height": 0.030193107202649117,
          "Left": 0.5011560916900635,
          "Top": 0.5271260142326355
        },
        "Polygon": [
          {
            "X": 0.5011560916900635,
            "Y": 0.5271260142326355
          },
          {
            "X": 0.583673357963562,
            "Y": 0.5271915793418884
          },
          {
            "X": 0.5839567184448242,
            "Y": 0.5573191046714783
          },
          {
            "X": 0.5014249086380005,
            "Y": 0.5572574734687805
          }
        ]
      },
      "Id": "5c14d099-8119-4432-88c6-b431c81b8599",
      "Relationships": [
        {
          "Type": "CHILD",
          "Ids": [
            "743d9e27-4b5e-4fda-b783-908b097ab053"
          ]
        }
      ],
      "Page": 1
    },
    {
      "BlockType": "CELL",
      "Confidence": 82.666015625,
      "RowIndex": 4,
      "ColumnIndex": 5,
      "RowSpan": 1,
      "ColumnSpan": 1,
      "Geometry": {
        "BoundingBox": {
          "Width": 0.11363328993320465,
          "Height": 0.03021223098039627,
          "Left": 0.583673357963562,
          "Top": 0.5271915793418884
        },
        "Polygon": [
          {
            "X": 0.583673357963562,
            "Y": 0.5271915793418884
          },
          {
            "X": 0.6970032453536987,
            "Y": 0.5272815823554993
          },
          {
            "X": 0.6973066329956055,
            "Y": 0.5574038028717041
          },
          {
            "X": 0.5839567184448242,
            "Y": 0.5573191046714783
          }
        ]
      },
      "Id": "596d15e7-0597-48ea-b9dc-e7e59659a817",
      "Relationships": [
        {
          "Type": "CHILD",
          "Ids": [
            "dd603ed4-da49-4d57-bb0d-87a78b0aa4d4"
          ]
        }
      ],
      "Page": 1
    },
    {
      "BlockType": "CELL",
      "Confidence": 78.7109375,
      "RowIndex": 4,
      "ColumnIndex": 6,
      "RowSpan": 1,
      "ColumnSpan": 1,
      "Geometry": {
        "BoundingBox": {
          "Width": 0.07240480929613113,
          "Height": 0.030176058411598206,
          "Left": 0.6970032453536987,
          "Top": 0.5272815823554993
        },
        "Polygon": [
          {
            "X": 0.6970032453536987,
            "Y": 0.5272815823554993
          },
          {
            "X": 0.7690919637680054,
            "Y": 0.5273388624191284
          },
          {
            "X": 0.7694080471992493,
            "Y": 0.557457685470581
          },
          {
            "X": 0.6973066329956055,
            "Y": 0.5574038028717041
          }
        ]
      },
      "Id": "089e9376-6208-4188-8ea7-5c29f55a7f1c",
      "Relationships": [
        {
          "Type": "CHILD",
          "Ids": [
            "2880237b-06cc-4210-9867-0a8d781be4ad"
          ]
        }
      ],
      "Page": 1
    },
    {
      "BlockType": "CELL",
      "Confidence": 92.236328125,
      "RowIndex": 5,
      "ColumnIndex": 1,
      "RowSpan": 1,
      "ColumnSpan": 1,
      "Geometry": {
        "BoundingBox": {
          "Width": 0.11538758873939514,
          "Height": 0.04874375835061073,
          "Left": 0.23133261501789093,
          "Top": 0.557055652141571
        },
        "Polygon": [
          {
            "X": 0.23133261501789093,
            "Y": 0.557055652141571
          },
          {
            "X": 0.3463304936885834,
            "Y": 0.5571416020393372
          },
          {
            "X": 0.34672021865844727,
            "Y": 0.6057994365692139
          },
          {
            "X": 0.23168949782848358,
            "Y": 0.6057223081588745
          }
        ]
      },
      "Id": "7f1c977a-7ebd-4dee-9bb0-741dee704962",
      "Relationships": [
        {
          "Type": "CHILD",
          "Ids": [
            "a2ecfd9a-6cda-4121-a9da-5fe0140896e7",
            "4909e427-c60d-4f70-b9af-03038f2417db",
            "cbd0a9c4-889d-4cda-9cbb-c94b258a45ce"
          ]
        }
      ],
      "Page": 1
    },
    {
      "BlockType": "CELL",
      "Confidence": 86.962890625,
      "RowIndex": 5,
      "ColumnIndex": 2,
      "RowSpan": 1,
      "ColumnSpan": 1,
      "Geometry": {
        "BoundingBox": {
          "Width": 0.07372337579727173,
          "Height": 0.0487070232629776,
          "Left": 0.3463304936885834,
          "Top": 0.5571416020393372
        },
        "Polygon": [
          {
            "X": 0.3463304936885834,
            "Y": 0.5571416020393372
          },
          {
            "X": 0.41964325308799744,
            "Y": 0.557196319103241
          },
          {
            "X": 0.4200538694858551,
            "Y": 0.6058486104011536
          },
          {
            "X": 0.34672021865844727,
            "Y": 0.6057994365692139
          }
        ]
      },
      "Id": "be4acd8b-c3c0-43f4-9988-d182fbfd8d0e",
      "Relationships": [
        {
          "Type": "CHILD",
          "Ids": [
            "38b3551e-d938-471d-83f6-20f200cc7c23"
          ]
        }
      ],
      "Page": 1
    },
    {
      "BlockType": "CELL",
      "Confidence": 92.138671875,
      "RowIndex": 5,
      "ColumnIndex": 3,
      "RowSpan": 1,
      "ColumnSpan": 1,
      "Geometry": {
        "BoundingBox": {
          "Width": 0.08221559971570969,
          "Height": 0.048707108944654465,
          "Left": 0.41964325308799744,
          "Top": 0.557196319103241
        },
        "Polygon": [
          {
            "X": 0.41964325308799744,
            "Y": 0.557196319103241
          },
          {
            "X": 0.5014249086380005,
            "Y": 0.5572574734687805
          },
          {
            "X": 0.5018588304519653,
            "Y": 0.6059034466743469
          },
          {
            "X": 0.4200538694858551,
            "Y": 0.6058486104011536
          }
        ]
      },
      "Id": "8d6edff1-33d3-4903-8178-6151a89f12cc",
      "Relationships": [
        {
          "Type": "CHILD",
          "Ids": [
            "39d70f1f-ae74-4e83-8d10-2ff33ee208b4"
          ]
        }
      ],
      "Page": 1
    },
    {
      "BlockType": "CELL",
      "Confidence": 91.162109375,
      "RowIndex": 5,
      "ColumnIndex": 4,
      "RowSpan": 1,
      "ColumnSpan": 1,
      "Geometry": {
        "BoundingBox": {
          "Width": 0.08298932760953903,
          "Height": 0.048701368272304535,
          "Left": 0.5014249086380005,
          "Top": 0.5572574734687805
        },
        "Polygon": [
          {
            "X": 0.5014249086380005,
            "Y": 0.5572574734687805
          },
          {
            "X": 0.5839567184448242,
            "Y": 0.5573191046714783
          },
          {
            "X": 0.5844141840934753,
            "Y": 0.6059588193893433
          },
          {
            "X": 0.5018588304519653,
            "Y": 0.6059034466743469
          }
        ]
      },
      "Id": "c7cd17c6-f729-4fd9-965a-3066895d779d",
      "Relationships": [
        {
          "Type": "CHILD",
          "Ids": [
            "65ee06e2-f6e8-40ad-b243-2b7d9ba99629"
          ]
        }
      ],
      "Page": 1
    },
    {
      "BlockType": "CELL",
      "Confidence": 93.115234375,
      "RowIndex": 5,
      "ColumnIndex": 5,
      "RowSpan": 1,
      "ColumnSpan": 1,
      "Geometry": {
        "BoundingBox": {
          "Width": 0.11383973062038422,
          "Height": 0.048715740442276,
          "Left": 0.5839567184448242,
          "Top": 0.5573191046714783
        },
        "Polygon": [
          {
            "X": 0.5839567184448242,
            "Y": 0.5573191046714783
          },
          {
            "X": 0.6973066329956055,
            "Y": 0.5574038028717041
          },
          {
            "X": 0.6977964639663696,
            "Y": 0.6060348749160767
          },
          {
            "X": 0.5844141840934753,
            "Y": 0.6059588193893433
          }
        ]
      },
      "Id": "460541e5-5464-4fdd-aaab-7eebe74d2226",
      "Relationships": [
        {
          "Type": "CHILD",
          "Ids": [
            "94d27e62-f7fd-4cc2-b103-3bed25acf52b"
          ]
        }
      ],
      "Page": 1
    },
    {
      "BlockType": "CELL",
      "Confidence": 88.623046875,
      "RowIndex": 5,
      "ColumnIndex": 6,
      "RowSpan": 1,
      "ColumnSpan": 1,
      "Geometry": {
        "BoundingBox": {
          "Width": 0.07261177897453308,
          "Height": 0.048679422587156296,
          "Left": 0.6973066329956055,
          "Top": 0.5574038028717041
        },
        "Polygon": [
          {
            "X": 0.6973066329956055,
            "Y": 0.5574038028717041
          },
          {
            "X": 0.7694080471992493,
            "Y": 0.557457685470581
          },
          {
            "X": 0.7699184417724609,
            "Y": 0.6060832142829895
          },
          {
            "X": 0.6977964639663696,
            "Y": 0.6060348749160767
          }
        ]
      },
      "Id": "246d2e39-42ac-441d-916b-7d006f6a88cf",
      "Relationships": [
        {
          "Type": "CHILD",
          "Ids": [
            "145b76e8-d2ca-4b90-9d67-e9c283927a16"
          ]
        }
      ],
      "Page": 1
    }
  ],
  "AnalyzeDocumentModelVersion": "1.0"
}