{
  "DocumentMetadata": {
    "Pages": 1
  },
  "JobStatus": "SUCCEEDED",
  "Blocks": [
    {
      "BlockType": "PAGE",
      "Geometry": {
        "BoundingBox": {
          "Width": 1,
          "Height": 1,
          "Left": 0,
          "Top": 0
        },
        "Polygon": [
          {
            "X": 0.000006610581749555422,
            "Y": 0
          },
          {
            "X": 1,
            "Y": 5.608515039057238e-7
          },
          {
            "X": 1,
            "Y": 1
          },
          {
            "X": 0,
            "Y": 1
          }
        ]
      },
      "Id": "7190a629-6e21-4799-85fa-43d854091b39",
      "Relationships": [
        {
          "Type": "CHILD",
          "Ids": [
            "307a18a2-9885-4c95-b6ba-f214ca78fd9d",
            "cff61bd1-1be4-4a39-bcd1-e082cef941fb",
            "9deebd09-f9fc-4844-b672-46a7cd6a8883",
            "28cb71fa-49fa-4b66-bf30-08838da52246",
            "029afd0a-d915-412d-985a-d67cc9088f9d",
            "9bffa13c-6847-4f64-92a3-2761fac39a14",
            "81e8e30b-bac3-43dc-a3f8-25e0550b44f2",
            "7e35803c-20a1-4320-87c0-d318f3b1928d",
            "e3a3cd82-b227-488c-a79f-3bb6e432bde4"
          ]
        }
      ],
      "Page": 1
    },
    {
      "BlockType": "LINE",
      "Confidence": 99.7918701171875,
      "Text": "Designation of composites",
      "Geometry": {
        "BoundingBox": {
          "Width": 0.15734659135341644,
          "Height": 0.024909868836402893,
          "Left": 0.2463526725769043,
          "Top": 0.42403578758239746
        },
        "Polygon": [
          {
            "X": 0.2464764267206192,
            "Y": 0.42408764362335205
          },
          {
            "X": 0.40369927883148193,
            "Y": 0.42403578758239746
          },
          {
            "X": 0.40362030267715454,
            "Y": 0.44888296723365784
          },
          {
            "X": 0.2463526725769043,
            "Y": 0.44894564151763916
          }
        ]
      },
      "Id": "307a18a2-9885-4c95-b6ba-f214ca78fd9d",
      "Relationships": [
        {
          "Type": "CHILD",
          "Ids": [
            "81cb69af-a335-4147-9070-9ca0f70849e7",
            "fba9ba47-428b-4740-941a-7c20a220568e",
            "d5fb284e-ae69-4c8d-9596-b3692e6c44ac"
          ]
        }
      ],
      "Page": 1
    },
    {
      "BlockType": "LINE",
      "Confidence": 99.70966339111328,
      "Text": "Composition",
      "Geometry": {
        "BoundingBox": {
          "Width": 0.07540687918663025,
          "Height": 0.02457757294178009,
          "Left": 0.5450223684310913,
          "Top": 0.4245085120201111
        },
        "Polygon": [
          {
            "X": 0.5450606346130371,
            "Y": 0.424533486366272
          },
          {
            "X": 0.6204292178153992,
            "Y": 0.4245085120201111
          },
          {
            "X": 0.6204121112823486,
            "Y": 0.4490559697151184
          },
          {
            "X": 0.5450223684310913,
            "Y": 0.44908607006073
          }
        ]
      },
      "Id": "cff61bd1-1be4-4a39-bcd1-e082cef941fb",
      "Relationships": [
        {
          "Type": "CHILD",
          "Ids": [
            "4a131919-e666-489c-90f4-a5fd772f6e52"
          ]
        }
      ],
      "Page": 1
    },
    {
      "BlockType": "LINE",
      "Confidence": 99.71676635742188,
      "Text": "PLATE 1",
      "Geometry": {
        "BoundingBox": {
          "Width": 0.050763919949531555,
          "Height": 0.01852492429316044,
          "Left": 0.24641038477420807,
          "Top": 0.47651979327201843
        },
        "Polygon": [
          {
            "X": 0.24650241434574127,
            "Y": 0.4765438437461853
          },
          {
            "X": 0.2971743047237396,
            "Y": 0.47651979327201843
          },
          {
            "X": 0.297093003988266,
            "Y": 0.4950180649757385
          },
          {
            "X": 0.24641038477420807,
            "Y": 0.4950447082519531
          }
        ]
      },
      "Id": "9deebd09-f9fc-4844-b672-46a7cd6a8883",
      "Relationships": [
        {
          "Type": "CHILD",
          "Ids": [
            "e419f7a8-62d5-4c37-abf3-285898b244d0",
            "301705d7-e0f4-4b18-8bae-06f8c6757db1"
          ]
        }
      ],
      "Page": 1
    },
    {
      "BlockType": "LINE",
      "Confidence": 91.7382583618164,
      "Text": "Epoxy+2 wt % TiO2+0.5 wt % GO",
      "Geometry": {
        "BoundingBox": {
          "Width": 0.21015162765979767,
          "Height": 0.025573313236236572,
          "Left": 0.544650673866272,
          "Top": 0.47536328434944153
        },
        "Polygon": [
          {
            "X": 0.5446904897689819,
            "Y": 0.47546249628067017
          },
          {
            "X": 0.7547808885574341,
            "Y": 0.47536328434944153
          },
          {
            "X": 0.7548022866249084,
            "Y": 0.5008225440979004
          },
          {
            "X": 0.544650673866272,
            "Y": 0.5009366273880005
          }
        ]
      },
      "Id": "28cb71fa-49fa-4b66-bf30-08838da52246",
      "Relationships": [
        {
          "Type": "CHILD",
          "Ids": [
            "9770fbe9-fa5c-4b64-97fa-0358ae88f9a8",
            "802ae933-c3bd-4da0-8f56-f2bba24bf624",
            "cd913c94-3c56-4518-8e58-f3eca832544a",
            "643ddd6c-7664-4098-b21f-82f0ba4016d9",
            "92cb53dc-92a4-4471-b840-c9b0265e3eae",
            "0797c6b7-27b0-40cf-9786-3f084050301e",
            "becf5e39-84cf-4a36-8bba-de42cd4ef602"
          ]
        }
      ],
      "Page": 1
    },
    {
      "BlockType": "LINE",
      "Confidence": 99.93807983398438,
      "Text": "PLATE 2",
      "Geometry": {
        "BoundingBox": {
          "Width": 0.05206514149904251,
          "Height": 0.018775317817926407,
          "Left": 0.24641762673854828,
          "Top": 0.5083149075508118
        },
        "Polygon": [
          {
            "X": 0.246510848402977,
            "Y": 0.5083441734313965
          },
          {
            "X": 0.2984827756881714,
            "Y": 0.5083149075508118
          },
          {
            "X": 0.2984007000923157,
            "Y": 0.5270583033561707
          },
          {
            "X": 0.24641762673854828,
            "Y": 0.5270902514457703
          }
        ]
      },
      "Id": "029afd0a-d915-412d-985a-d67cc9088f9d",
      "Relationships": [
        {
          "Type": "CHILD",
          "Ids": [
            "7cfbd4f0-5849-4f8b-8256-8e660dd02ef9",
            "21b66feb-31d0-4344-8fa0-bd5a345cb1d0"
          ]
        }
      ],
      "Page": 1
    },
    {
      "BlockType": "LINE",
      "Confidence": 94.29371643066406,
      "Text": "Epoxy+2 wt % TiO2+1 wt% % GO",
      "Geometry": {
        "BoundingBox": {
          "Width": 0.21023982763290405,
          "Height": 0.025732172653079033,
          "Left": 0.5450190305709839,
          "Top": 0.5072306394577026
        },
        "Polygon": [
          {
            "X": 0.5450589656829834,
            "Y": 0.5073484182357788
          },
          {
            "X": 0.7552372217178345,
            "Y": 0.5072306394577026
          },
          {
            "X": 0.7552588582038879,
            "Y": 0.5328301191329956
          },
          {
            "X": 0.5450190305709839,
            "Y": 0.5329627990722656
          }
        ]
      },
      "Id": "9bffa13c-6847-4f64-92a3-2761fac39a14",
      "Relationships": [
        {
          "Type": "CHILD",
          "Ids": [
            "afa33ef2-bc07-4c25-9d05-e1cb06b3e1ac",
            "189db108-e3c6-4ad9-b3a3-052a7d3c51ef",
            "51ad370f-1dab-4528-961c-d74f76e89f62",
            "b32cbbb3-7a06-4d86-a30d-c082209c8f68",
            "734c768d-2593-4846-ae51-ee285638dbe7",
            "422a958b-05f1-48f3-8a77-497659d478ca",
            "ce5c7494-c0d0-4c65-9282-418e7bf91041"
          ]
        }
      ],
      "Page": 1
    },
    {
      "BlockType": "LINE",
      "Confidence": 99.88219451904297,
      "Text": "PLATE 3",
      "Geometry": {
        "BoundingBox": {
          "Width": 0.051950693130493164,
          "Height": 0.018701180815696716,
          "Left": 0.24617235362529755,
          "Top": 0.5417857766151428
        },
        "Polygon": [
          {
            "X": 0.2462652027606964,
            "Y": 0.5418197512626648
          },
          {
            "X": 0.2981230318546295,
            "Y": 0.5417857766151428
          },
          {
            "X": 0.29804128408432007,
            "Y": 0.5604502558708191
          },
          {
            "X": 0.24617235362529755,
            "Y": 0.560486912727356
          }
        ]
      },
      "Id": "81e8e30b-bac3-43dc-a3f8-25e0550b44f2",
      "Relationships": [
        {
          "Type": "CHILD",
          "Ids": [
            "bff56763-ab7b-4789-8e27-bfb199a50bfb",
            "b6a693f2-16e3-4cd1-a3b2-94d98a5bc193"
          ]
        }
      ],
      "Page": 1
    },
    {
      "BlockType": "LINE",
      "Confidence": 94.71954345703125,
      "Text": "Epoxy+2 wt % TiO2+1.5 wt % GO",
      "Geometry": {
        "BoundingBox": {
          "Width": 0.21014712750911713,
          "Height": 0.026105409488081932,
          "Left": 0.5446295142173767,
          "Top": 0.5403440594673157
        },
        "Polygon": [
          {
            "X": 0.5446701049804688,
            "Y": 0.5404810309410095
          },
          {
            "X": 0.754754900932312,
            "Y": 0.5403440594673157
          },
          {
            "X": 0.754776656627655,
            "Y": 0.5662974119186401
          },
          {
            "X": 0.5446295142173767,
            "Y": 0.5664494633674622
          }
        ]
      },
      "Id": "7e35803c-20a1-4320-87c0-d318f3b1928d",
      "Relationships": [
        {
          "Type": "CHILD",
          "Ids": [
            "7a8a834c-f56e-4c12-8bbb-d30444bb13a3",
            "770b826d-b45a-4e99-904a-3dc67f2383ba",
            "3cfb7b2c-8d2d-48dd-9ed5-85378fa7b174",
            "f6130bcf-2b9b-4e67-874d-a568300442f3",
            "07f9256e-66f0-4dff-866b-61e4b430087b",
            "e642940e-c681-47af-8b76-2f0ec833bcff",
            "b6bcbbc4-d239-4cc1-b7d4-4441fada421d"
          ]
        }
      ],
      "Page": 1
    },
    {
      "BlockType": "WORD",
      "Confidence": 99.9520034790039,
      "Text": "Designation",
      "TextType": "PRINTED",
      "Geometry": {
        "BoundingBox": {
          "Width": 0.07119399309158325,
          "Height": 0.02399365045130253,
          "Left": 0.2463526725769043,
          "Top": 0.4249520003795624
        },
        "Polygon": [
          {
            "X": 0.24647200107574463,
            "Y": 0.4249756336212158
          },
          {
            "X": 0.31754666566848755,
            "Y": 0.4249520003795624
          },
          {
            "X": 0.31744685769081116,
            "Y": 0.44891732931137085
          },
          {
            "X": 0.2463526725769043,
            "Y": 0.44894564151763916
          }
        ]
      },
      "Id": "81cb69af-a335-4147-9070-9ca0f70849e7",
      "Page": 1
    },
    {
      "BlockType": "WORD",
      "Confidence": 99.97720336914062,
      "Text": "of",
      "TextType": "PRINTED",
      "Geometry": {
        "BoundingBox": {
          "Width": 0.012971853837370872,
          "Height": 0.020081670954823494,
          "Left": 0.32171714305877686,
          "Top": 0.42405855655670166
        },
        "Polygon": [
          {
            "X": 0.32179975509643555,
            "Y": 0.4240628182888031
          },
          {
            "X": 0.3346889913082123,
            "Y": 0.42405855655670166
          },
          {
            "X": 0.33460932970046997,
            "Y": 0.44413524866104126
          },
          {
            "X": 0.32171714305877686,
            "Y": 0.44414022564888
          }
        ]
      },
      "Id": "fba9ba47-428b-4740-941a-7c20a220568e",
      "Page": 1
    },
    {
      "BlockType": "WORD",
      "Confidence": 99.44640350341797,
      "Text": "composites",
      "TextType": "PRINTED",
      "Geometry": {
        "BoundingBox": {
          "Width": 0.0660460963845253,
          "Height": 0.023818686604499817,
          "Left": 0.33765020966529846,
          "Top": 0.42497196793556213
        },
        "Polygon": [
          {
            "X": 0.3377437889575958,
            "Y": 0.4249939024448395
          },
          {
            "X": 0.40369629859924316,
            "Y": 0.42497196793556213
          },
          {
            "X": 0.4036206901073456,
            "Y": 0.4487643837928772
          },
          {
            "X": 0.33765020966529846,
            "Y": 0.44879066944122314
          }
        ]
      },
      "Id": "d5fb284e-ae69-4c8d-9596-b3692e6c44ac",
      "Page": 1
    },
    {
      "BlockType": "WORD",
      "Confidence": 99.70966339111328,
      "Text": "Composition",
      "TextType": "PRINTED",
      "Geometry": {
        "BoundingBox": {
          "Width": 0.07540687918663025,
          "Height": 0.02457757294178009,
          "Left": 0.5450223684310913,
          "Top": 0.4245085120201111
        },
        "Polygon": [
          {
            "X": 0.5450606346130371,
            "Y": 0.424533486366272
          },
          {
            "X": 0.6204292178153992,
            "Y": 0.4245085120201111
          },
          {
            "X": 0.6204121112823486,
            "Y": 0.4490559697151184
          },
          {
            "X": 0.5450223684310913,
            "Y": 0.44908607006073
          }
        ]
      },
      "Id": "4a131919-e666-489c-90f4-a5fd772f6e52",
      "Page": 1
    },
    {
      "BlockType": "WORD",
      "Confidence": 99.9230728149414,
      "Text": "PLATE",
      "TextType": "PRINTED",
      "Geometry": {
        "BoundingBox": {
          "Width": 0.04091553017497063,
          "Height": 0.018266217783093452,
          "Left": 0.24641163647174835,
          "Top": 0.4765244722366333
        },
        "Polygon": [
          {
            "X": 0.24650241434574127,
            "Y": 0.4765438437461853
          },
          {
            "X": 0.2873271703720093,
            "Y": 0.4765244722366333
          },
          {
            "X": 0.28724491596221924,
            "Y": 0.49476924538612366
          },
          {
            "X": 0.24641163647174835,
            "Y": 0.4947906732559204
          }
        ]
      },
      "Id": "e419f7a8-62d5-4c37-abf3-285898b244d0",
      "Page": 1
    },
    {
      "BlockType": "WORD",
      "Confidence": 99.51045227050781,
      "Text": "1",
      "TextType": "PRINTED",
      "Geometry": {
        "BoundingBox": {
          "Width": 0.006134943570941687,
          "Height": 0.018257468938827515,
          "Left": 0.29103827476501465,
          "Top": 0.4767637848854065
        },
        "Polygon": [
          {
            "X": 0.291119784116745,
            "Y": 0.4767666459083557
          },
          {
            "X": 0.29717323184013367,
            "Y": 0.4767637848854065
          },
          {
            "X": 0.297093003988266,
            "Y": 0.4950180649757385
          },
          {
            "X": 0.29103827476501465,
            "Y": 0.495021253824234
          }
        ]
      },
      "Id": "301705d7-e0f4-4b18-8bae-06f8c6757db1",
      "Page": 1
    },
    {
      "BlockType": "WORD",
      "Confidence": 99.31395721435547,
      "Text": "Epoxy+2",
      "TextType": "PRINTED",
      "Geometry": {
        "BoundingBox": {
          "Width": 0.05464550480246544,
          "Height": 0.02454271726310253,
          "Left": 0.544650673866272,
          "Top": 0.4763938784599304
        },
        "Polygon": [
          {
            "X": 0.5446889996528625,
            "Y": 0.4764198362827301
          },
          {
            "X": 0.5992961525917053,
            "Y": 0.4763938784599304
          },
          {
            "X": 0.599273145198822,
            "Y": 0.5009069442749023
          },
          {
            "X": 0.544650673866272,
            "Y": 0.5009366273880005
          }
        ]
      },
      "Id": "9770fbe9-fa5c-4b64-97fa-0358ae88f9a8",
      "Page": 1
    },
    {
      "BlockType": "WORD",
      "Confidence": 99.29547119140625,
      "Text": "wt",
      "TextType": "PRINTED",
      "Geometry": {
        "BoundingBox": {
          "Width": 0.015712795779109,
          "Height": 0.01658514514565468,
          "Left": 0.6040719747543335,
          "Top": 0.47879502177238464
        },
        "Polygon": [
          {
            "X": 0.6040866374969482,
            "Y": 0.4788025915622711
          },
          {
            "X": 0.6197847723960876,
            "Y": 0.47879502177238464
          },
          {
            "X": 0.6197730898857117,
            "Y": 0.49537187814712524
          },
          {
            "X": 0.6040719747543335,
            "Y": 0.495380163192749
          }
        ]
      },
      "Id": "802ae933-c3bd-4da0-8f56-f2bba24bf624",
      "Page": 1
    },
    {
      "BlockType": "WORD",
      "Confidence": 99.82782745361328,
      "Text": "%",
      "TextType": "PRINTED",
      "Geometry": {
        "BoundingBox": {
          "Width": 0.012340901419520378,
          "Height": 0.019097059965133667,
          "Left": 0.6230230927467346,
          "Top": 0.47627246379852295
        },
        "Polygon": [
          {
            "X": 0.6230358481407166,
            "Y": 0.4762783348560333
          },
          {
            "X": 0.6353639960289001,
            "Y": 0.47627246379852295
          },
          {
            "X": 0.6353539228439331,
            "Y": 0.4953630268573761
          },
          {
            "X": 0.6230230927467346,
            "Y": 0.4953695237636566
          }
        ]
      },
      "Id": "cd913c94-3c56-4518-8e58-f3eca832544a",
      "Page": 1
    },
    {
      "BlockType": "WORD",
      "Confidence": 45.061279296875,
      "Text": "TiO2+0.5",
      "TextType": "PRINTED",
      "Geometry": {
        "BoundingBox": {
          "Width": 0.057660989463329315,
          "Height": 0.024499516934156418,
          "Left": 0.6386115550994873,
          "Top": 0.4753909111022949
        },
        "Polygon": [
          {
            "X": 0.6386234760284424,
            "Y": 0.4754181504249573
          },
          {
            "X": 0.6962683200836182,
            "Y": 0.4753909111022949
          },
          {
            "X": 0.6962725520133972,
            "Y": 0.4998593032360077
          },
          {
            "X": 0.6386115550994873,
            "Y": 0.49989044666290283
          }
        ]
      },
      "Id": "643ddd6c-7664-4098-b21f-82f0ba4016d9",
      "Page": 1
    },
    {
      "BlockType": "WORD",
      "Confidence": 98.95536041259766,
      "Text": "wt",
      "TextType": "PRINTED",
      "Geometry": {
        "BoundingBox": {
          "Width": 0.01619943045079708,
          "Height": 0.016708405688405037,
          "Left": 0.7006623148918152,
          "Top": 0.47847694158554077
        },
        "Polygon": [
          {
            "X": 0.7006623148918152,
            "Y": 0.47848474979400635
          },
          {
            "X": 0.716854989528656,
            "Y": 0.47847694158554077
          },
          {
            "X": 0.7168617844581604,
            "Y": 0.4951768219470978
          },
          {
            "X": 0.7006660103797913,
            "Y": 0.49518537521362305
          }
        ]
      },
      "Id": "92cb53dc-92a4-4471-b840-c9b0265e3eae",
      "Page": 1
    },
    {
      "BlockType": "WORD",
      "Confidence": 99.82198333740234,
      "Text": "%",
      "TextType": "PRINTED",
      "Geometry": {
        "BoundingBox": {
          "Width": 0.012107799760997295,
          "Height": 0.019059456884860992,
          "Left": 0.7198423147201538,
          "Top": 0.476287305355072
        },
        "Polygon": [
          {
            "X": 0.7198423147201538,
            "Y": 0.47629305720329285
          },
          {
            "X": 0.7319390773773193,
            "Y": 0.476287305355072
          },
          {
            "X": 0.7319501042366028,
            "Y": 0.49534037709236145
          },
          {
            "X": 0.7198507189750671,
            "Y": 0.4953467547893524
          }
        ]
      },
      "Id": "0797c6b7-27b0-40cf-9786-3f084050301e",
      "Page": 1
    },
    {
      "BlockType": "WORD",
      "Confidence": 99.89195251464844,
      "Text": "GO",
      "TextType": "PRINTED",
      "Geometry": {
        "BoundingBox": {
          "Width": 0.018968787044286728,
          "Height": 0.0190860778093338,
          "Left": 0.7358289361000061,
          "Top": 0.4763132929801941
        },
        "Polygon": [
          {
            "X": 0.7358289361000061,
            "Y": 0.4763222932815552
          },
          {
            "X": 0.7547816634178162,
            "Y": 0.4763132929801941
          },
          {
            "X": 0.7547976970672607,
            "Y": 0.4953893721103668
          },
          {
            "X": 0.7358407974243164,
            "Y": 0.4953993558883667
          }
        ]
      },
      "Id": "becf5e39-84cf-4a36-8bba-de42cd4ef602",
      "Page": 1
    },
    {
      "BlockType": "WORD",
      "Confidence": 99.90496063232422,
      "Text": "PLATE",
      "TextType": "PRINTED",
      "Geometry": {
        "BoundingBox": {
          "Width": 0.04073428735136986,
          "Height": 0.018491940572857857,
          "Left": 0.24641883373260498,
          "Top": 0.5083538889884949
        },
        "Polygon": [
          {
            "X": 0.24651068449020386,
            "Y": 0.5083767771720886
          },
          {
            "X": 0.28715312480926514,
            "Y": 0.5083538889884949
          },
          {
            "X": 0.2870698869228363,
            "Y": 0.5268208980560303
          },
          {
            "X": 0.24641883373260498,
            "Y": 0.5268458127975464
          }
        ]
      },
      "Id": "7cfbd4f0-5849-4f8b-8256-8e660dd02ef9",
      "Page": 1
    },
    {
      "BlockType": "WORD",
      "Confidence": 99.97120666503906,
      "Text": "2",
      "TextType": "PRINTED",
      "Geometry": {
        "BoundingBox": {
          "Width": 0.007878081873059273,
          "Height": 0.018748166039586067,
          "Left": 0.29060468077659607,
          "Top": 0.5083149075508118
        },
        "Polygon": [
          {
            "X": 0.2906884253025055,
            "Y": 0.5083193182945251
          },
          {
            "X": 0.2984827756881714,
            "Y": 0.5083149075508118
          },
          {
            "X": 0.2984007000923157,
            "Y": 0.5270583033561707
          },
          {
            "X": 0.29060468077659607,
            "Y": 0.5270630717277527
          }
        ]
      },
      "Id": "21b66feb-31d0-4344-8fa0-bd5a345cb1d0",
      "Page": 1
    },
    {
      "BlockType": "WORD",
      "Confidence": 99.32963562011719,
      "Text": "Epoxy+2",
      "TextType": "PRINTED",
      "Geometry": {
        "BoundingBox": {
          "Width": 0.053957488387823105,
          "Height": 0.024791868403553963,
          "Left": 0.5450190305709839,
          "Top": 0.5081709623336792
        },
        "Polygon": [
          {
            "X": 0.5450576543807983,
            "Y": 0.5082013010978699
          },
          {
            "X": 0.5989765524864197,
            "Y": 0.5081709623336792
          },
          {
            "X": 0.5989531874656677,
            "Y": 0.5329287648200989
          },
          {
            "X": 0.5450190305709839,
            "Y": 0.5329627990722656
          }
        ]
      },
      "Id": "afa33ef2-bc07-4c25-9d05-e1cb06b3e1ac",
      "Page": 1
    },
    {
      "BlockType": "WORD",
      "Confidence": 98.77763366699219,
      "Text": "wt",
      "TextType": "PRINTED",
      "Geometry": {
        "BoundingBox": {
          "Width": 0.01638709381222725,
          "Height": 0.016518069431185722,
          "Left": 0.6039589047431946,
          "Top": 0.5107102990150452
        },
        "Polygon": [
          {
            "X": 0.6039735078811646,
            "Y": 0.5107196569442749
          },
          {
            "X": 0.6203460097312927,
            "Y": 0.5107102990150452
          },
          {
            "X": 0.6203345060348511,
            "Y": 0.5272182822227478
          },
          {
            "X": 0.6039589047431946,
            "Y": 0.5272284150123596
          }
        ]
      },
      "Id": "189db108-e3c6-4ad9-b3a3-052a7d3c51ef",
      "Page": 1
    },
    {
      "BlockType": "WORD",
      "Confidence": 99.29385375976562,
      "Text": "%",
      "TextType": "PRINTED",
      "Geometry": {
        "BoundingBox": {
          "Width": 0.012474709190428257,
          "Height": 0.01956651359796524,
          "Left": 0.6229454278945923,
          "Top": 0.5079050064086914
        },
        "Polygon": [
          {
            "X": 0.6229584813117981,
            "Y": 0.5079119801521301
          },
          {
            "X": 0.6354201436042786,
            "Y": 0.5079050064086914
          },
          {
            "X": 0.6354098916053772,
            "Y": 0.5274637937545776
          },
          {
            "X": 0.6229454278945923,
            "Y": 0.5274714827537537
          }
        ]
      },
      "Id": "51ad370f-1dab-4528-961c-d74f76e89f62",
      "Page": 1
    },
    {
      "BlockType": "WORD",
      "Confidence": 63.283424377441406,
      "Text": "TiO2+1",
      "TextType": "PRINTED",
      "Geometry": {
        "BoundingBox": {
          "Width": 0.0457402765750885,
          "Height": 0.024666791781783104,
          "Left": 0.6382704973220825,
          "Top": 0.5072705745697021
        },
        "Polygon": [
          {
            "X": 0.6382826566696167,
            "Y": 0.5072962045669556
          },
          {
            "X": 0.6840100288391113,
            "Y": 0.5072705745697021
          },
          {
            "X": 0.6840108036994934,
            "Y": 0.5319086313247681
          },
          {
            "X": 0.6382704973220825,
            "Y": 0.5319373607635498
          }
        ]
      },
      "Id": "b32cbbb3-7a06-4d86-a30d-c082209c8f68",
      "Page": 1
    },
    {
      "BlockType": "WORD",
      "Confidence": 99.79723358154297,
      "Text": "wt%",
      "TextType": "PRINTED",
      "Geometry": {
        "BoundingBox": {
          "Width": 0.02703806571662426,
          "Height": 0.01974584348499775,
          "Left": 0.6893534660339355,
          "Top": 0.5080091953277588
        },
        "Polygon": [
          {
            "X": 0.6893534660339355,
            "Y": 0.5080243945121765
          },
          {
            "X": 0.7163835763931274,
            "Y": 0.5080091953277588
          },
          {
            "X": 0.7163915038108826,
            "Y": 0.5277383327484131
          },
          {
            "X": 0.6893552541732788,
            "Y": 0.5277550220489502
          }
        ]
      },
      "Id": "734c768d-2593-4846-ae51-ee285638dbe7",
      "Page": 1
    },
    {
      "BlockType": "WORD",
      "Confidence": 99.68377685546875,
      "Text": "%",
      "TextType": "PRINTED",
      "Geometry": {
        "BoundingBox": {
          "Width": 0.012533591128885746,
          "Height": 0.019742751494050026,
          "Left": 0.7197698354721069,
          "Top": 0.5077428817749023
        },
        "Polygon": [
          {
            "X": 0.7197698354721069,
            "Y": 0.5077499151229858
          },
          {
            "X": 0.7322918772697449,
            "Y": 0.5077428817749023
          },
          {
            "X": 0.7323033809661865,
            "Y": 0.5274779200553894
          },
          {
            "X": 0.7197784781455994,
            "Y": 0.5274856090545654
          }
        ]
      },
      "Id": "422a958b-05f1-48f3-8a77-497659d478ca",
      "Page": 1
    },
    {
      "BlockType": "WORD",
      "Confidence": 99.89042663574219,
      "Text": "GO",
      "TextType": "PRINTED",
      "Geometry": {
        "BoundingBox": {
          "Width": 0.019207006320357323,
          "Height": 0.019253665581345558,
          "Left": 0.7360473275184631,
          "Top": 0.5081993341445923
        },
        "Polygon": [
          {
            "X": 0.7360473275184631,
            "Y": 0.5082101225852966
          },
          {
            "X": 0.7552380561828613,
            "Y": 0.5081993341445923
          },
          {
            "X": 0.755254328250885,
            "Y": 0.527441143989563
          },
          {
            "X": 0.7360593676567078,
            "Y": 0.5274530053138733
          }
        ]
      },
      "Id": "ce5c7494-c0d0-4c65-9282-418e7bf91041",
      "Page": 1
    },
    {
      "BlockType": "WORD",
      "Confidence": 99.9012222290039,
      "Text": "PLATE",
      "TextType": "PRINTED",
      "Geometry": {
        "BoundingBox": {
          "Width": 0.04082244634628296,
          "Height": 0.018258413299918175,
          "Left": 0.24617406725883484,
          "Top": 0.5418822169303894
        },
        "Polygon": [
          {
            "X": 0.2462647557258606,
            "Y": 0.5419089198112488
          },
          {
            "X": 0.2869965136051178,
            "Y": 0.5418822169303894
          },
          {
            "X": 0.2869143486022949,
            "Y": 0.5601118803024292
          },
          {
            "X": 0.24617406725883484,
            "Y": 0.5601406693458557
          }
        ]
      },
      "Id": "bff56763-ab7b-4789-8e27-bfb199a50bfb",
      "Page": 1
    },
    {
      "BlockType": "WORD",
      "Confidence": 99.86317443847656,
      "Text": "3",
      "TextType": "PRINTED",
      "Geometry": {
        "BoundingBox": {
          "Width": 0.007433208636939526,
          "Height": 0.018669718876481056,
          "Left": 0.2906898260116577,
          "Top": 0.5417857766151428
        },
        "Polygon": [
          {
            "X": 0.2907731831073761,
            "Y": 0.5417906045913696
          },
          {
            "X": 0.2981230318546295,
            "Y": 0.5417857766151428
          },
          {
            "X": 0.29804128408432007,
            "Y": 0.5604502558708191
          },
          {
            "X": 0.2906898260116577,
            "Y": 0.5604555010795593
          }
        ]
      },
      "Id": "b6a693f2-16e3-4cd1-a3b2-94d98a5bc193",
      "Page": 1
    },
    {
      "BlockType": "WORD",
      "Confidence": 99.47140502929688,
      "Text": "Epoxy+2",
      "TextType": "PRINTED",
      "Geometry": {
        "BoundingBox": {
          "Width": 0.05528172105550766,
          "Height": 0.025284577161073685,
          "Left": 0.5446295142173767,
          "Top": 0.5411649346351624
        },
        "Polygon": [
          {
            "X": 0.544668972492218,
            "Y": 0.5412010550498962
          },
          {
            "X": 0.5999112725257874,
            "Y": 0.5411649346351624
          },
          {
            "X": 0.5998877882957458,
            "Y": 0.5664094686508179
          },
          {
            "X": 0.5446295142173767,
            "Y": 0.5664494633674622
          }
        ]
      },
      "Id": "7a8a834c-f56e-4c12-8bbb-d30444bb13a3",
      "Page": 1
    },
    {
      "BlockType": "WORD",
      "Confidence": 98.65898895263672,
      "Text": "wt",
      "TextType": "PRINTED",
      "Geometry": {
        "BoundingBox": {
          "Width": 0.01627037115395069,
          "Height": 0.016833188012242317,
          "Left": 0.6038566827774048,
          "Top": 0.5437977910041809
        },
        "Polygon": [
          {
            "X": 0.6038715839385986,
            "Y": 0.5438085794448853
          },
          {
            "X": 0.6201270818710327,
            "Y": 0.5437977910041809
          },
          {
            "X": 0.620115339756012,
            "Y": 0.5606194734573364
          },
          {
            "X": 0.6038566827774048,
            "Y": 0.5606309771537781
          }
        ]
      },
      "Id": "770b826d-b45a-4e99-904a-3dc67f2383ba",
      "Page": 1
    },
    {
      "BlockType": "WORD",
      "Confidence": 99.47511291503906,
      "Text": "%",
      "TextType": "PRINTED",
      "Geometry": {
        "BoundingBox": {
          "Width": 0.012294506654143333,
          "Height": 0.018883591517806053,
          "Left": 0.6229252815246582,
          "Top": 0.5414453148841858
        },
        "Polygon": [
          {
            "X": 0.6229378581047058,
            "Y": 0.5414533615112305
          },
          {
            "X": 0.6352197527885437,
            "Y": 0.5414453148841858
          },
          {
            "X": 0.6352097988128662,
            "Y": 0.5603201985359192
          },
          {
            "X": 0.6229252815246582,
            "Y": 0.5603289008140564
          }
        ]
      },
      "Id": "3cfb7b2c-8d2d-48dd-9ed5-85378fa7b174",
      "Page": 1
    },
    {
      "BlockType": "WORD",
      "Confidence": 66.45942687988281,
      "Text": "TiO2+1.5",
      "TextType": "PRINTED",
      "Geometry": {
        "BoundingBox": {
          "Width": 0.05791500583291054,
          "Height": 0.024988766759634018,
          "Left": 0.6386231184005737,
          "Top": 0.5403820276260376
        },
        "Polygon": [
          {
            "X": 0.6386352777481079,
            "Y": 0.5404197573661804
          },
          {
            "X": 0.6965337991714478,
            "Y": 0.5403820276260376
          },
          {
            "X": 0.6965380907058716,
            "Y": 0.5653290748596191
          },
          {
            "X": 0.6386231184005737,
            "Y": 0.5653707981109619
          }
        ]
      },
      "Id": "f6130bcf-2b9b-4e67-874d-a568300442f3",
      "Page": 1
    },
    {
      "BlockType": "WORD",
      "Confidence": 99.26856994628906,
      "Text": "wt",
      "TextType": "PRINTED",
      "Geometry": {
        "BoundingBox": {
          "Width": 0.01633021980524063,
          "Height": 0.016999265179038048,
          "Left": 0.7007274031639099,
          "Top": 0.5435304045677185
        },
        "Polygon": [
          {
            "X": 0.7007274031639099,
            "Y": 0.5435411930084229
          },
          {
            "X": 0.7170506715774536,
            "Y": 0.5435304045677185
          },
          {
            "X": 0.7170575857162476,
            "Y": 0.5605181455612183
          },
          {
            "X": 0.7007311582565308,
            "Y": 0.5605297088623047
          }
        ]
      },
      "Id": "07f9256e-66f0-4dff-866b-61e4b430087b",
      "Page": 1
    },
    {
      "BlockType": "WORD",
      "Confidence": 99.81857299804688,
      "Text": "%",
      "TextType": "PRINTED",
      "Geometry": {
        "BoundingBox": {
          "Width": 0.012231988832354546,
          "Height": 0.019516728818416595,
          "Left": 0.719720184803009,
          "Top": 0.5411049127578735
        },
        "Polygon": [
          {
            "X": 0.719720184803009,
            "Y": 0.5411128997802734
          },
          {
            "X": 0.7319408655166626,
            "Y": 0.5411049127578735
          },
          {
            "X": 0.7319521307945251,
            "Y": 0.5606129765510559
          },
          {
            "X": 0.7197287082672119,
            "Y": 0.5606216192245483
          }
        ]
      },
      "Id": "e642940e-c681-47af-8b76-2f0ec833bcff",
      "Page": 1
    },
    {
      "BlockType": "WORD",
      "Confidence": 99.88475036621094,
      "Text": "GO",
      "TextType": "PRINTED",
      "Geometry": {
        "BoundingBox": {
          "Width": 0.0189712792634964,
          "Height": 0.019185757264494896,
          "Left": 0.7358006834983826,
          "Top": 0.5415247678756714
        },
        "Polygon": [
          {
            "X": 0.7358006834983826,
            "Y": 0.5415372252464294
          },
          {
            "X": 0.7547558546066284,
            "Y": 0.5415247678756714
          },
          {
            "X": 0.7547719478607178,
            "Y": 0.5606971383094788
          },
          {
            "X": 0.7358126044273376,
            "Y": 0.5607105493545532
          }
        ]
      },
      "Id": "b6bcbbc4-d239-4cc1-b7d4-4441fada421d",
      "Page": 1
    },
    {
      "BlockType": "TABLE",
      "Confidence": 99.951171875,
      "Geometry": {
        "BoundingBox": {
          "Width": 0.5396243929862976,
          "Height": 0.1671854853630066,
          "Left": 0.2302309274673462,
          "Top": 0.41464686393737793
        },
        "Polygon": [
          {
            "X": 0.23109190165996552,
            "Y": 0.41481074690818787
          },
          {
            "X": 0.7696865797042847,
            "Y": 0.41464686393737793
          },
          {
            "X": 0.7698553204536438,
            "Y": 0.5814191699028015
          },
          {
            "X": 0.2302309274673462,
            "Y": 0.5818323493003845
          }
        ]
      },
      "Id": "e3a3cd82-b227-488c-a79f-3bb6e432bde4",
      "Relationships": [
        {
          "Type": "CHILD",
          "Ids": [
            "176b8eb4-4ecc-4022-a9a8-6c1b82e49768",
            "c1a51d89-f84d-4907-8113-1a7761186178",
            "e8bd81c3-b19f-4dff-9355-0169996b96b9",
            "c143c5d8-84bd-409e-b232-d6e39feda545",
            "7f94e208-1d74-4412-ad9e-03c894fbbf8b",
            "8d46b790-a2c0-42b1-8315-51d8c3b8d23f",
            "27dacc22-b9da-47e5-9e4b-597692031a8c",
            "3894f3ba-d57d-4d3b-a1a2-4b9bd9671a32"
          ]
        }
      ],
      "EntityTypes": [
        "STRUCTURED_TABLE"
      ],
      "Page": 1
    },
    {
      "BlockType": "CELL",
      "Confidence": 93.017578125,
      "RowIndex": 1,
      "ColumnIndex": 1,
      "RowSpan": 1,
      "ColumnSpan": 1,
      "Geometry": {
        "BoundingBox": {
          "Width": 0.24955424666404724,
          "Height": 0.046741094440221786,
          "Left": 0.23085133731365204,
          "Top": 0.4147348999977112
        },
        "Polygon": [
          {
            "X": 0.23109190165996552,
            "Y": 0.41481074690818787
          },
          {
            "X": 0.4804055988788605,
            "Y": 0.4147348999977112
          },
          {
            "X": 0.48029831051826477,
            "Y": 0.4613679349422455
          },
          {
            "X": 0.23085133731365204,
            "Y": 0.46147599816322327
          }
        ]
      },
      "Id": "176b8eb4-4ecc-4022-a9a8-6c1b82e49768",
      "Relationships": [
        {
          "Type": "CHILD",
          "Ids": [
            "81cb69af-a335-4147-9070-9ca0f70849e7",
            "fba9ba47-428b-4740-941a-7c20a220568e",
            "d5fb284e-ae69-4c8d-9596-b3692e6c44ac"
          ]
        }
      ],
      "EntityTypes": [
        "COLUMN_HEADER"
      ],
      "Page": 1
    },
    {
      "BlockType": "CELL",
      "Confidence": 94.775390625,
      "RowIndex": 1,
      "ColumnIndex": 2,
      "RowSpan": 1,
      "ColumnSpan": 1,
      "Geometry": {
        "BoundingBox": {
          "Width": 0.28943541646003723,
          "Height": 0.04672105982899666,
          "Left": 0.48029831051826477,
          "Top": 0.41464686393737793
        },
        "Polygon": [
          {
            "X": 0.4804055988788605,
            "Y": 0.4147348999977112
          },
          {
            "X": 0.7696865797042847,
            "Y": 0.41464686393737793
          },
          {
            "X": 0.769733726978302,
            "Y": 0.46124255657196045
          },
          {
            "X": 0.48029831051826477,
            "Y": 0.4613679349422455
          }
        ]
      },
      "Id": "c1a51d89-f84d-4907-8113-1a7761186178",
      "Relationships": [
        {
          "Type": "CHILD",
          "Ids": [
            "4a131919-e666-489c-90f4-a5fd772f6e52"
          ]
        }
      ],
      "EntityTypes": [
        "COLUMN_HEADER"
      ],
      "Page": 1
    },
    {
      "BlockType": "CELL",
      "Confidence": 87.158203125,
      "RowIndex": 2,
      "ColumnIndex": 1,
      "RowSpan": 1,
      "ColumnSpan": 1,
      "Geometry": {
        "BoundingBox": {
          "Width": 0.249668687582016,
          "Height": 0.04312014952301979,
          "Left": 0.23062962293624878,
          "Top": 0.4613679349422455
        },
        "Polygon": [
          {
            "X": 0.23085133731365204,
            "Y": 0.46147599816322327
          },
          {
            "X": 0.48029831051826477,
            "Y": 0.4613679349422455
          },
          {
            "X": 0.4801994264125824,
            "Y": 0.5043503046035767
          },
          {
            "X": 0.23062962293624878,
            "Y": 0.5044880509376526
          }
        ]
      },
      "Id": "e8bd81c3-b19f-4dff-9355-0169996b96b9",
      "Relationships": [
        {
          "Type": "CHILD",
          "Ids": [
            "e419f7a8-62d5-4c37-abf3-285898b244d0",
            "301705d7-e0f4-4b18-8bae-06f8c6757db1"
          ]
        }
      ],
      "Page": 1
    },
    {
      "BlockType": "CELL",
      "Confidence": 88.818359375,
      "RowIndex": 2,
      "ColumnIndex": 2,
      "RowSpan": 1,
      "ColumnSpan": 1,
      "Geometry": {
        "BoundingBox": {
          "Width": 0.2895777225494385,
          "Height": 0.0431077666580677,
          "Left": 0.4801994264125824,
          "Top": 0.46124255657196045
        },
        "Polygon": [
          {
            "X": 0.48029831051826477,
            "Y": 0.4613679349422455
          },
          {
            "X": 0.769733726978302,
            "Y": 0.46124255657196045
          },
          {
            "X": 0.7697771787643433,
            "Y": 0.5041904449462891
          },
          {
            "X": 0.4801994264125824,
            "Y": 0.5043503046035767
          }
        ]
      },
      "Id": "c143c5d8-84bd-409e-b232-d6e39feda545",
      "Relationships": [
        {
          "Type": "CHILD",
          "Ids": [
            "9770fbe9-fa5c-4b64-97fa-0358ae88f9a8",
            "802ae933-c3bd-4da0-8f56-f2bba24bf624",
            "cd913c94-3c56-4518-8e58-f3eca832544a",
            "643ddd6c-7664-4098-b21f-82f0ba4016d9",
            "92cb53dc-92a4-4471-b840-c9b0265e3eae",
            "0797c6b7-27b0-40cf-9786-3f084050301e",
            "becf5e39-84cf-4a36-8bba-de42cd4ef602"
          ]
        }
      ],
      "Page": 1
    },
    {
      "BlockType": "CELL",
      "Confidence": 81.4453125,
      "RowIndex": 3,
      "ColumnIndex": 1,
      "RowSpan": 1,
      "ColumnSpan": 1,
      "Geometry": {
        "BoundingBox": {
          "Width": 0.24973446130752563,
          "Height": 0.032077331095933914,
          "Left": 0.23046498000621796,
          "Top": 0.5043503046035767
        },
        "Polygon": [
          {
            "X": 0.23062962293624878,
            "Y": 0.5044880509376526
          },
          {
            "X": 0.4801994264125824,
            "Y": 0.5043503046035767
          },
          {
            "X": 0.4801260232925415,
            "Y": 0.5362678170204163
          },
          {
            "X": 0.23046498000621796,
            "Y": 0.5364276766777039
          }
        ]
      },
      "Id": "7f94e208-1d74-4412-ad9e-03c894fbbf8b",
      "Relationships": [
        {
          "Type": "CHILD",
          "Ids": [
            "7cfbd4f0-5849-4f8b-8256-8e660dd02ef9",
            "21b66feb-31d0-4344-8fa0-bd5a345cb1d0"
          ]
        }
      ],
      "Page": 1
    },
    {
      "BlockType": "CELL",
      "Confidence": 82.958984375,
      "RowIndex": 3,
      "ColumnIndex": 2,
      "RowSpan": 1,
      "ColumnSpan": 1,
      "Geometry": {
        "BoundingBox": {
          "Width": 0.28968340158462524,
          "Height": 0.03207733854651451,
          "Left": 0.4801260232925415,
          "Top": 0.5041904449462891
        },
        "Polygon": [
          {
            "X": 0.4801994264125824,
            "Y": 0.5043503046035767
          },
          {
            "X": 0.7697771787643433,
            "Y": 0.5041904449462891
          },
          {
            "X": 0.7698094248771667,
            "Y": 0.5360823273658752
          },
          {
            "X": 0.4801260232925415,
            "Y": 0.5362678170204163
          }
        ]
      },
      "Id": "8d46b790-a2c0-42b1-8315-51d8c3b8d23f",
      "Relationships": [
        {
          "Type": "CHILD",
          "Ids": [
            "afa33ef2-bc07-4c25-9d05-e1cb06b3e1ac",
            "189db108-e3c6-4ad9-b3a3-052a7d3c51ef",
            "51ad370f-1dab-4528-961c-d74f76e89f62",
            "b32cbbb3-7a06-4d86-a30d-c082209c8f68",
            "734c768d-2593-4846-ae51-ee285638dbe7",
            "422a958b-05f1-48f3-8a77-497659d478ca",
            "ce5c7494-c0d0-4c65-9282-418e7bf91041"
          ]
        }
      ],
      "Page": 1
    },
    {
      "BlockType": "CELL",
      "Confidence": 90.283203125,
      "RowIndex": 4,
      "ColumnIndex": 1,
      "RowSpan": 1,
      "ColumnSpan": 1,
      "Geometry": {
        "BoundingBox": {
          "Width": 0.24989508092403412,
          "Height": 0.04556454345583916,
          "Left": 0.2302309274673462,
          "Top": 0.5362678170204163
        },
        "Polygon": [
          {
            "X": 0.23046498000621796,
            "Y": 0.5364276766777039
          },
          {
            "X": 0.4801260232925415,
            "Y": 0.5362678170204163
          },
          {
            "X": 0.4800216555595398,
            "Y": 0.5816410779953003
          },
          {
            "X": 0.2302309274673462,
            "Y": 0.5818323493003845
          }
        ]
      },
      "Id": "27dacc22-b9da-47e5-9e4b-597692031a8c",
      "Relationships": [
        {
          "Type": "CHILD",
          "Ids": [
            "bff56763-ab7b-4789-8e27-bfb199a50bfb",
            "b6a693f2-16e3-4cd1-a3b2-94d98a5bc193"
          ]
        }
      ],
      "Page": 1
    },
    {
      "BlockType": "CELL",
      "Confidence": 91.9921875,
      "RowIndex": 4,
      "ColumnIndex": 2,
      "RowSpan": 1,
      "ColumnSpan": 1,
      "Geometry": {
        "BoundingBox": {
          "Width": 0.289833664894104,
          "Height": 0.04555875435471535,
          "Left": 0.4800216555595398,
          "Top": 0.5360823273658752
        },
        "Polygon": [
          {
            "X": 0.4801260232925415,
            "Y": 0.5362678170204163
          },
          {
            "X": 0.7698094248771667,
            "Y": 0.5360823273658752
          },
          {
            "X": 0.7698553204536438,
            "Y": 0.5814191699028015
          },
          {
            "X": 0.4800216555595398,
            "Y": 0.5816410779953003
          }
        ]
      },
      "Id": "3894f3ba-d57d-4d3b-a1a2-4b9bd9671a32",
      "Relationships": [
        {
          "Type": "CHILD",
          "Ids": [
            "7a8a834c-f56e-4c12-8bbb-d30444bb13a3",
            "770b826d-b45a-4e99-904a-3dc67f2383ba",
            "3cfb7b2c-8d2d-48dd-9ed5-85378fa7b174",
            "f6130bcf-2b9b-4e67-874d-a568300442f3",
            "07f9256e-66f0-4dff-866b-61e4b430087b",
            "e642940e-c681-47af-8b76-2f0ec833bcff",
            "b6bcbbc4-d239-4cc1-b7d4-4441fada421d"
          ]
        }
      ],
      "Page": 1
    }
  ],
  "AnalyzeDocumentModelVersion": "1.0"
}