"'Mechanical dentin cleansing protocols","'Manufacturers","'Application mode","'Abbreviations of the subgroups (n =20)",
"'Composite finishing bur (cb) (extra fine diamond grid)","'Diatech Dental Ac, Heerbrugg, Switzerland","'5 S at 30,000 rpm","'CSA-cb PAN-cb",
"'Tungsten carbide bur (ob)","'Karmed Gebr. Brasseler GmbH, Lemgo, Germany","'10 S at 2000 rpm","'CSA-ob PAN-ob",
"'Ultrasonic scaler tip (sc)","'G3, EMS Corp., Nyon, Switzerland","'10 S at 20,000 Hz with tactile pressure","'CSA-sc PAN-ob",
"'Pumice-water slurry (pw)","'Imicryl, Konya, Turkey","'15 S at 2000 rpm","'CSA-pw PAN-pw",
"'No cleansing (cn)","'-","'-","'CSA-cn",
"'","'","'","'PAN-cn",
,,,

'Confidence Scores % (Table Cell)
"'93.35937500","'94.04296875","'92.38281250","'94.04296875",
"'73.97460938","'74.51171875","'73.19335938","'74.51171875",
"'70.55664063","'71.04492188","'69.77539063","'71.04492188",
"'54.44335938","'54.83398438","'53.85742188","'54.83398438",
"'38.47656250","'38.74511719","'38.06152344","'38.74511719",
"'47.75390625","'47.46093750","'44.36035156","'35.42480469",
"'47.75390625","'47.46093750","'44.36035156","'39.37988281",
