{
  "DocumentMetadata": {
    "Pages": 1
  },
  "JobStatus": "SUCCEEDED",
  "Blocks": [
    {
      "BlockType": "PAGE",
      "Geometry": {
        "BoundingBox": {
          "Width": 0.6908456087112427,
          "Height": 0.49169600009918213,
          "Left": 0.15710078179836273,
          "Top": 0.24633578956127167
        },
        "Polygon": [
          {
            "X": 0.15710078179836273,
            "Y": 0.24633578956127167
          },
          {
            "X": 0.8427448272705078,
            "Y": 0.24674564599990845
          },
          {
            "X": 0.8479464054107666,
            "Y": 0.738031804561615
          },
          {
            "X": 0.16018915176391602,
            "Y": 0.7370645403862
          }
        ]
      },
      "Id": "d07cd744-2b2e-468f-adda-b90d5cc3f346",
      "Relationships": [
        {
          "Type": "CHILD",
          "Ids": [
            "7463fbc1-4075-4bfb-8fbe-0cdcc623523a",
            "0106c77b-66cd-4c2d-87f1-0947e35aebab",
            "079aefa6-cae1-4cbb-9c2b-aed5e30253fe",
            "3d753245-4a8b-49fe-82b7-fe815d3c5838",
            "8b85c96a-8f0d-4f96-8dc8-76d209bae2eb",
            "6af69187-0331-48eb-a9bc-86812fd67928",
            "30a1979b-234d-4985-a344-4d939a00068c",
            "50798bab-b9e5-4df2-9dad-9bfd0426d4e5",
            "67c04dcb-b4a9-4c95-bf9d-6a4b75965c23",
            "5249f39e-2e43-4ead-b0db-774f548c9c88",
            "2e43c0a5-5ff2-49ea-82a1-d4841f0406d9",
            "3fa44e34-5408-4083-ab42-d24525fd0fff",
            "2d2cd46b-e085-4e6b-963e-f2778148b781",
            "6f5f2011-3bcb-4b4f-a95e-f9c2b7ad573c",
            "8775b9a5-96f5-4e21-9261-db6eb66014d1",
            "a8a23b12-91a1-4bd3-a929-ce90b3752ca6",
            "56905c29-4149-4fab-958d-92a173c7fd1f",
            "b62dd9ca-a98a-45e7-85df-5fc94c453e15",
            "9e4c8b84-ad56-4289-8264-67715947c0c0",
            "9c7dd0d9-7d9a-492e-8a22-dbfaa5e00cd9",
            "8d6f751b-39a4-4ea3-8cfb-5a832f4f6878",
            "3d86de0a-b4f8-469c-83e2-79cdb897864a",
            "a4a8f91d-9520-4498-a22a-e43a263d5b0c",
            "c0ee1eb6-760d-4ed3-8c65-8d537d06d677",
            "a925bd3d-c5e8-4d4a-9958-48a23577f6d3",
            "9a516e76-9cc1-4b7c-8130-1e7e962dbddf",
            "3f9a8419-f83f-492f-87c0-d46f4582ed54"
          ]
        }
      ],
      "Page": 1
    },
    {
      "BlockType": "LINE",
      "Confidence": 99.96112823486328,
      "Text": "Samples",
      "Geometry": {
        "BoundingBox": {
          "Width": 0.06372978538274765,
          "Height": 0.03191420063376427,
          "Left": 0.20129846036434174,
          "Top": 0.3166241943836212
        },
        "Polygon": [
          {
            "X": 0.20129846036434174,
            "Y": 0.3166241943836212
          },
          {
            "X": 0.26480627059936523,
            "Y": 0.3166694939136505
          },
          {
            "X": 0.2650282382965088,
            "Y": 0.3485383987426758
          },
          {
            "X": 0.20150773227214813,
            "Y": 0.3484897315502167
          }
        ]
      },
      "Id": "7463fbc1-4075-4bfb-8fbe-0cdcc623523a",
      "Relationships": [
        {
          "Type": "CHILD",
          "Ids": [
            "a819cdef-fd3e-4914-8443-fbd16e1517d4"
          ]
        }
      ],
      "Page": 1
    },
    {
      "BlockType": "LINE",
      "Confidence": 73.10210418701172,
      "Text": "T5wt%(°C) Tmax (°C) Vmax (%/°C) CY800-cal (%) CY800-exp (%)",
      "Geometry": {
        "BoundingBox": {
          "Width": 0.5222434997558594,
          "Height": 0.03322708606719971,
          "Left": 0.29701876640319824,
          "Top": 0.31564339995384216
        },
        "Polygon": [
          {
            "X": 0.29701876640319824,
            "Y": 0.31564339995384216
          },
          {
            "X": 0.8189194202423096,
            "Y": 0.3160148859024048
          },
          {
            "X": 0.8192622661590576,
            "Y": 0.34887048602104187
          },
          {
            "X": 0.2972540259361267,
            "Y": 0.34847068786621094
          }
        ]
      },
      "Id": "0106c77b-66cd-4c2d-87f1-0947e35aebab",
      "Relationships": [
        {
          "Type": "CHILD",
          "Ids": [
            "991e00e6-eb68-43a3-b5b4-12a08cf5ba89",
            "e617ec4e-6c45-45c5-8d1f-68acec351596",
            "9a087aa4-93b6-4a23-8fb0-2765dbe97a14",
            "e4633427-054c-42bb-a31e-b7815ce1c8be",
            "9456304a-0418-4af5-90d8-e245485642e2",
            "851bbd39-eacc-4d47-a460-564f55ac9fa8",
            "782532c7-b000-4006-91b9-7964fbedf400",
            "9bdf117d-9974-46eb-a13c-c013f341879f"
          ]
        }
      ],
      "Page": 1
    },
    {
      "BlockType": "LINE",
      "Confidence": 99.58511352539062,
      "Text": "EP",
      "Geometry": {
        "BoundingBox": {
          "Width": 0.021595971658825874,
          "Height": 0.024464184418320656,
          "Left": 0.2217790186405182,
          "Top": 0.39716947078704834
        },
        "Polygon": [
          {
            "X": 0.2217790186405182,
            "Y": 0.39716947078704834
          },
          {
            "X": 0.2432081252336502,
            "Y": 0.39718759059906006
          },
          {
            "X": 0.2433750033378601,
            "Y": 0.42163366079330444
          },
          {
            "X": 0.22194261848926544,
            "Y": 0.4216146469116211
          }
        ]
      },
      "Id": "079aefa6-cae1-4cbb-9c2b-aed5e30253fe",
      "Relationships": [
        {
          "Type": "CHILD",
          "Ids": [
            "d62a0c3a-f65d-4324-8a0a-9588ad9db3ac"
          ]
        }
      ],
      "Page": 1
    },
    {
      "BlockType": "LINE",
      "Confidence": 99.92921447753906,
      "Text": "370",
      "Geometry": {
        "BoundingBox": {
          "Width": 0.028013801202178,
          "Height": 0.025102345272898674,
          "Left": 0.3198116719722748,
          "Top": 0.3972909450531006
        },
        "Polygon": [
          {
            "X": 0.3198116719722748,
            "Y": 0.3972909450531006
          },
          {
            "X": 0.3476378917694092,
            "Y": 0.39731448888778687
          },
          {
            "X": 0.34782546758651733,
            "Y": 0.4223932921886444
          },
          {
            "X": 0.31999486684799194,
            "Y": 0.422368586063385
          }
        ]
      },
      "Id": "3d753245-4a8b-49fe-82b7-fe815d3c5838",
      "Relationships": [
        {
          "Type": "CHILD",
          "Ids": [
            "52a2a9d5-ff6a-467d-b805-affa9ccfdde5"
          ]
        }
      ],
      "Page": 1
    },
    {
      "BlockType": "LINE",
      "Confidence": 99.83247375488281,
      "Text": "391",
      "Geometry": {
        "BoundingBox": {
          "Width": 0.02633795700967312,
          "Height": 0.025080738589167595,
          "Left": 0.410175621509552,
          "Top": 0.3970624506473541
        },
        "Polygon": [
          {
            "X": 0.410175621509552,
            "Y": 0.3970624506473541
          },
          {
            "X": 0.4363122582435608,
            "Y": 0.3970845639705658
          },
          {
            "X": 0.4365135729312897,
            "Y": 0.42214319109916687
          },
          {
            "X": 0.41037285327911377,
            "Y": 0.42212000489234924
          }
        ]
      },
      "Id": "8b85c96a-8f0d-4f96-8dc8-76d209bae2eb",
      "Relationships": [
        {
          "Type": "CHILD",
          "Ids": [
            "33d77bcd-8fd7-4792-8c05-39159c9bdae1"
          ]
        }
      ],
      "Page": 1
    },
    {
      "BlockType": "LINE",
      "Confidence": 99.87995147705078,
      "Text": "1.74",
      "Geometry": {
        "BoundingBox": {
          "Width": 0.031440772116184235,
          "Height": 0.025117531418800354,
          "Left": 0.5076209306716919,
          "Top": 0.39710840582847595
        },
        "Polygon": [
          {
            "X": 0.5076209306716919,
            "Y": 0.39710840582847595
          },
          {
            "X": 0.5388439893722534,
            "Y": 0.39713481068611145
          },
          {
            "X": 0.5390617251396179,
            "Y": 0.4222259521484375
          },
          {
            "X": 0.50783371925354,
            "Y": 0.42219823598861694
          }
        ]
      },
      "Id": "6af69187-0331-48eb-a9bc-86812fd67928",
      "Relationships": [
        {
          "Type": "CHILD",
          "Ids": [
            "7c498b9c-bf62-45f3-89e4-b5ebf20677f0"
          ]
        }
      ],
      "Page": 1
    },
    {
      "BlockType": "LINE",
      "Confidence": 99.37117004394531,
      "Text": "-",
      "Geometry": {
        "BoundingBox": {
          "Width": 0.0059484634548425674,
          "Height": 0.0046618166379630566,
          "Left": 0.6365728378295898,
          "Top": 0.41082966327667236
        },
        "Polygon": [
          {
            "X": 0.6365728378295898,
            "Y": 0.41082966327667236
          },
          {
            "X": 0.6424779295921326,
            "Y": 0.41083478927612305
          },
          {
            "X": 0.642521321773529,
            "Y": 0.4154914617538452
          },
          {
            "X": 0.6366161108016968,
            "Y": 0.41548630595207214
          }
        ]
      },
      "Id": "30a1979b-234d-4985-a344-4d939a00068c",
      "Relationships": [
        {
          "Type": "CHILD",
          "Ids": [
            "cd08cad3-4a6d-4133-9630-0a00ec5c8662"
          ]
        }
      ],
      "Page": 1
    },
    {
      "BlockType": "LINE",
      "Confidence": 98.87651824951172,
      "Text": "15.5",
      "Geometry": {
        "BoundingBox": {
          "Width": 0.030652819201350212,
          "Height": 0.024659091606736183,
          "Left": 0.7504475116729736,
          "Top": 0.3973484933376312
        },
        "Polygon": [
          {
            "X": 0.7504475116729736,
            "Y": 0.3973484933376312
          },
          {
            "X": 0.780849277973175,
            "Y": 0.3973741829395294
          },
          {
            "X": 0.781100332736969,
            "Y": 0.42200756072998047
          },
          {
            "X": 0.7506937980651855,
            "Y": 0.421980619430542
          }
        ]
      },
      "Id": "50798bab-b9e5-4df2-9dad-9bfd0426d4e5",
      "Relationships": [
        {
          "Type": "CHILD",
          "Ids": [
            "c68a2897-0f1d-4ce0-863b-ae75996678d4"
          ]
        }
      ],
      "Page": 1
    },
    {
      "BlockType": "LINE",
      "Confidence": 99.37042236328125,
      "Text": "EP/DPOD4",
      "Geometry": {
        "BoundingBox": {
          "Width": 0.08857996016740799,
          "Height": 0.024877475574612617,
          "Left": 0.1885811984539032,
          "Top": 0.4763815402984619
        },
        "Polygon": [
          {
            "X": 0.1885811984539032,
            "Y": 0.4763815402984619
          },
          {
            "X": 0.2769867777824402,
            "Y": 0.47646790742874146
          },
          {
            "X": 0.2771611511707306,
            "Y": 0.5012590289115906
          },
          {
            "X": 0.18874184787273407,
            "Y": 0.5011690258979797
          }
        ]
      },
      "Id": "67c04dcb-b4a9-4c95-bf9d-6a4b75965c23",
      "Relationships": [
        {
          "Type": "CHILD",
          "Ids": [
            "08af7421-f8eb-4f27-91f8-1da56415b754"
          ]
        }
      ],
      "Page": 1
    },
    {
      "BlockType": "LINE",
      "Confidence": 99.97567749023438,
      "Text": "356",
      "Geometry": {
        "BoundingBox": {
          "Width": 0.028064841404557228,
          "Height": 0.024681365117430687,
          "Left": 0.31975257396698,
          "Top": 0.47673970460891724
        },
        "Polygon": [
          {
            "X": 0.31975257396698,
            "Y": 0.47673970460891724
          },
          {
            "X": 0.34763312339782715,
            "Y": 0.4767669439315796
          },
          {
            "X": 0.34781742095947266,
            "Y": 0.5014210939407349
          },
          {
            "X": 0.31993257999420166,
            "Y": 0.501392662525177
          }
        ]
      },
      "Id": "5249f39e-2e43-4ead-b0db-774f548c9c88",
      "Relationships": [
        {
          "Type": "CHILD",
          "Ids": [
            "ca593544-58a5-4e1a-88c5-d7e69fce370e"
          ]
        }
      ],
      "Page": 1
    },
    {
      "BlockType": "LINE",
      "Confidence": 99.92070770263672,
      "Text": "391",
      "Geometry": {
        "BoundingBox": {
          "Width": 0.026240717619657516,
          "Height": 0.024936823174357414,
          "Left": 0.41017812490463257,
          "Top": 0.4766041040420532
        },
        "Polygon": [
          {
            "X": 0.41017812490463257,
            "Y": 0.4766041040420532
          },
          {
            "X": 0.436218798160553,
            "Y": 0.4766295552253723
          },
          {
            "X": 0.4364188313484192,
            "Y": 0.5015409588813782
          },
          {
            "X": 0.41037407517433167,
            "Y": 0.5015144348144531
          }
        ]
      },
      "Id": "2e43c0a5-5ff2-49ea-82a1-d4841f0406d9",
      "Relationships": [
        {
          "Type": "CHILD",
          "Ids": [
            "f6d311c7-3dfe-4c4e-998e-a8e69a2edbb2"
          ]
        }
      ],
      "Page": 1
    },
    {
      "BlockType": "LINE",
      "Confidence": 99.23117065429688,
      "Text": "1.25",
      "Geometry": {
        "BoundingBox": {
          "Width": 0.030549300834536552,
          "Height": 0.02440916933119297,
          "Left": 0.5078315138816833,
          "Top": 0.4767310917377472
        },
        "Polygon": [
          {
            "X": 0.5078315138816833,
            "Y": 0.4767310917377472
          },
          {
            "X": 0.5381695032119751,
            "Y": 0.47676074504852295
          },
          {
            "X": 0.5383808016777039,
            "Y": 0.5011402368545532
          },
          {
            "X": 0.5080381631851196,
            "Y": 0.5011094212532043
          }
        ]
      },
      "Id": "3fa44e34-5408-4083-ab42-d24525fd0fff",
      "Relationships": [
        {
          "Type": "CHILD",
          "Ids": [
            "759a07d0-d150-4f35-aa1b-8cbf57c1dc6b"
          ]
        }
      ],
      "Page": 1
    },
    {
      "BlockType": "LINE",
      "Confidence": 97.3744125366211,
      "Text": "15.5",
      "Geometry": {
        "BoundingBox": {
          "Width": 0.030507707968354225,
          "Height": 0.02452797442674637,
          "Left": 0.6248259544372559,
          "Top": 0.4766029119491577
        },
        "Polygon": [
          {
            "X": 0.6248259544372559,
            "Y": 0.4766029119491577
          },
          {
            "X": 0.6551034450531006,
            "Y": 0.4766324758529663
          },
          {
            "X": 0.6553336977958679,
            "Y": 0.5011308789253235
          },
          {
            "X": 0.6250515580177307,
            "Y": 0.5011000633239746
          }
        ]
      },
      "Id": "2d2cd46b-e085-4e6b-963e-f2778148b781",
      "Relationships": [
        {
          "Type": "CHILD",
          "Ids": [
            "a5f9550f-4f58-43f2-9ba9-80ca9502b3f6"
          ]
        }
      ],
      "Page": 1
    },
    {
      "BlockType": "LINE",
      "Confidence": 99.88435363769531,
      "Text": "16.5",
      "Geometry": {
        "BoundingBox": {
          "Width": 0.03050149232149124,
          "Height": 0.024815049022436142,
          "Left": 0.7507051825523376,
          "Top": 0.4763749837875366
        },
        "Polygon": [
          {
            "X": 0.7507051825523376,
            "Y": 0.4763749837875366
          },
          {
            "X": 0.7809541821479797,
            "Y": 0.4764045178890228
          },
          {
            "X": 0.7812066674232483,
            "Y": 0.5011900663375854
          },
          {
            "X": 0.7509528994560242,
            "Y": 0.5011593103408813
          }
        ]
      },
      "Id": "6f5f2011-3bcb-4b4f-a95e-f9c2b7ad573c",
      "Relationships": [
        {
          "Type": "CHILD",
          "Ids": [
            "5bc6b588-1fb5-4e2d-a797-b19589ece0bf"
          ]
        }
      ],
      "Page": 1
    },
    {
      "BlockType": "LINE",
      "Confidence": 99.41474151611328,
      "Text": "EP/DPOD6",
      "Geometry": {
        "BoundingBox": {
          "Width": 0.08849391341209412,
          "Height": 0.024905648082494736,
          "Left": 0.1885106861591339,
          "Top": 0.5557015538215637
        },
        "Polygon": [
          {
            "X": 0.1885106861591339,
            "Y": 0.5557015538215637
          },
          {
            "X": 0.27683019638061523,
            "Y": 0.5557993650436401
          },
          {
            "X": 0.277004599571228,
            "Y": 0.5806071758270264
          },
          {
            "X": 0.18867135047912598,
            "Y": 0.5805057287216187
          }
        ]
      },
      "Id": "8775b9a5-96f5-4e21-9261-db6eb66014d1",
      "Relationships": [
        {
          "Type": "CHILD",
          "Ids": [
            "8cbe1443-d7d8-43b6-8faf-c46cfc4e59a4"
          ]
        }
      ],
      "Page": 1
    },
    {
      "BlockType": "LINE",
      "Confidence": 99.97804260253906,
      "Text": "350",
      "Geometry": {
        "BoundingBox": {
          "Width": 0.02809419296681881,
          "Height": 0.024809498339891434,
          "Left": 0.3197639584541321,
          "Top": 0.5558252930641174
        },
        "Polygon": [
          {
            "X": 0.3197639584541321,
            "Y": 0.5558252930641174
          },
          {
            "X": 0.3476729989051819,
            "Y": 0.5558561682701111
          },
          {
            "X": 0.34785816073417664,
            "Y": 0.5806347727775574
          },
          {
            "X": 0.3199447989463806,
            "Y": 0.5806027054786682
          }
        ]
      },
      "Id": "a8a23b12-91a1-4bd3-a929-ce90b3752ca6",
      "Relationships": [
        {
          "Type": "CHILD",
          "Ids": [
            "065c3f9e-b333-4c60-9986-e071e2e94f9c"
          ]
        }
      ],
      "Page": 1
    },
    {
      "BlockType": "LINE",
      "Confidence": 99.90045166015625,
      "Text": "389",
      "Geometry": {
        "BoundingBox": {
          "Width": 0.027841798961162567,
          "Height": 0.025053687393665314,
          "Left": 0.4101226329803467,
          "Top": 0.5557610392570496
        },
        "Polygon": [
          {
            "X": 0.4101226329803467,
            "Y": 0.5557610392570496
          },
          {
            "X": 0.43776336312294006,
            "Y": 0.5557916760444641
          },
          {
            "X": 0.43796443939208984,
            "Y": 0.5808147192001343
          },
          {
            "X": 0.41031938791275024,
            "Y": 0.5807830095291138
          }
        ]
      },
      "Id": "56905c29-4149-4fab-958d-92a173c7fd1f",
      "Relationships": [
        {
          "Type": "CHILD",
          "Ids": [
            "e1f96159-228b-4c39-8c00-2323bfddab1c"
          ]
        }
      ],
      "Page": 1
    },
    {
      "BlockType": "LINE",
      "Confidence": 99.8106918334961,
      "Text": "1.02",
      "Geometry": {
        "BoundingBox": {
          "Width": 0.030966954305768013,
          "Height": 0.024709800258278847,
          "Left": 0.5077075362205505,
          "Top": 0.5556904673576355
        },
        "Polygon": [
          {
            "X": 0.5077075362205505,
            "Y": 0.5556904673576355
          },
          {
            "X": 0.5384606719017029,
            "Y": 0.5557245016098022
          },
          {
            "X": 0.5386744737625122,
            "Y": 0.580400288105011
          },
          {
            "X": 0.5079165697097778,
            "Y": 0.5803649425506592
          }
        ]
      },
      "Id": "b62dd9ca-a98a-45e7-85df-5fc94c453e15",
      "Relationships": [
        {
          "Type": "CHILD",
          "Ids": [
            "27585c9f-3234-45d1-a6ff-286ce265dca6"
          ]
        }
      ],
      "Page": 1
    },
    {
      "BlockType": "LINE",
      "Confidence": 99.86892700195312,
      "Text": "15.6",
      "Geometry": {
        "BoundingBox": {
          "Width": 0.031208369880914688,
          "Height": 0.024989202618598938,
          "Left": 0.62473464012146,
          "Top": 0.5554341673851013
        },
        "Polygon": [
          {
            "X": 0.62473464012146,
            "Y": 0.5554341673851013
          },
          {
            "X": 0.6557084918022156,
            "Y": 0.5554684400558472
          },
          {
            "X": 0.6559430360794067,
            "Y": 0.5804233551025391
          },
          {
            "X": 0.6249643564224243,
            "Y": 0.5803878307342529
          }
        ]
      },
      "Id": "9e4c8b84-ad56-4289-8264-67715947c0c0",
      "Relationships": [
        {
          "Type": "CHILD",
          "Ids": [
            "4467eaf7-6e26-454c-bbb6-52310ebad68b"
          ]
        }
      ],
      "Page": 1
    },
    {
      "BlockType": "LINE",
      "Confidence": 99.8649673461914,
      "Text": "17.3",
      "Geometry": {
        "BoundingBox": {
          "Width": 0.03019704669713974,
          "Height": 0.024895042181015015,
          "Left": 0.7505263686180115,
          "Top": 0.5557304620742798
        },
        "Polygon": [
          {
            "X": 0.7505263686180115,
            "Y": 0.5557304620742798
          },
          {
            "X": 0.7804703712463379,
            "Y": 0.5557636022567749
          },
          {
            "X": 0.7807234525680542,
            "Y": 0.5806255340576172
          },
          {
            "X": 0.7507748007774353,
            "Y": 0.5805911421775818
          }
        ]
      },
      "Id": "9c7dd0d9-7d9a-492e-8a22-dbfaa5e00cd9",
      "Relationships": [
        {
          "Type": "CHILD",
          "Ids": [
            "a456435e-f932-4218-99aa-76c3882d9b32"
          ]
        }
      ],
      "Page": 1
    },
    {
      "BlockType": "LINE",
      "Confidence": 99.19924926757812,
      "Text": "EP/DPOD8",
      "Geometry": {
        "BoundingBox": {
          "Width": 0.0883273035287857,
          "Height": 0.02506280690431595,
          "Left": 0.18834105134010315,
          "Top": 0.6347431540489197
        },
        "Polygon": [
          {
            "X": 0.18834105134010315,
            "Y": 0.6347431540489197
          },
          {
            "X": 0.2764930725097656,
            "Y": 0.6348522901535034
          },
          {
            "X": 0.27666836977005005,
            "Y": 0.6598060131072998
          },
          {
            "X": 0.18850256502628326,
            "Y": 0.6596932411193848
          }
        ]
      },
      "Id": "8d6f751b-39a4-4ea3-8cfb-5a832f4f6878",
      "Relationships": [
        {
          "Type": "CHILD",
          "Ids": [
            "bcd5d474-3a47-4357-9cd2-3afeea38d72e"
          ]
        }
      ],
      "Page": 1
    },
    {
      "BlockType": "LINE",
      "Confidence": 99.8980484008789,
      "Text": "351",
      "Geometry": {
        "BoundingBox": {
          "Width": 0.02635546401143074,
          "Height": 0.02414989285171032,
          "Left": 0.3197721838951111,
          "Top": 0.6352503299713135
        },
        "Polygon": [
          {
            "X": 0.3197721838951111,
            "Y": 0.6352503299713135
          },
          {
            "X": 0.3459477722644806,
            "Y": 0.6352827548980713
          },
          {
            "X": 0.34612762928009033,
            "Y": 0.659400224685669
          },
          {
            "X": 0.31994810700416565,
            "Y": 0.65936678647995
          }
        ]
      },
      "Id": "3d86de0a-b4f8-469c-83e2-79cdb897864a",
      "Relationships": [
        {
          "Type": "CHILD",
          "Ids": [
            "a4313bfc-1518-46cc-af44-ddc88b9adbb0"
          ]
        }
      ],
      "Page": 1
    },
    {
      "BlockType": "LINE",
      "Confidence": 99.93356323242188,
      "Text": "376",
      "Geometry": {
        "BoundingBox": {
          "Width": 0.028216106817126274,
          "Height": 0.024554738774895668,
          "Left": 0.41007742285728455,
          "Top": 0.6350736618041992
        },
        "Polygon": [
          {
            "X": 0.41007742285728455,
            "Y": 0.6350736618041992
          },
          {
            "X": 0.4380965530872345,
            "Y": 0.6351083517074585
          },
          {
            "X": 0.43829354643821716,
            "Y": 0.6596283912658691
          },
          {
            "X": 0.4102701246738434,
            "Y": 0.6595925688743591
          }
        ]
      },
      "Id": "a4a8f91d-9520-4498-a22a-e43a263d5b0c",
      "Relationships": [
        {
          "Type": "CHILD",
          "Ids": [
            "dff8ff22-bdb7-409b-844e-1fea929a6851"
          ]
        }
      ],
      "Page": 1
    },
    {
      "BlockType": "LINE",
      "Confidence": 99.9190902709961,
      "Text": "1.06",
      "Geometry": {
        "BoundingBox": {
          "Width": 0.03102380409836769,
          "Height": 0.024669405072927475,
          "Left": 0.5078250765800476,
          "Top": 0.6349755525588989
        },
        "Polygon": [
          {
            "X": 0.5078250765800476,
            "Y": 0.6349755525588989
          },
          {
            "X": 0.5386355519294739,
            "Y": 0.6350136995315552
          },
          {
            "X": 0.538848876953125,
            "Y": 0.6596449613571167
          },
          {
            "X": 0.5080336928367615,
            "Y": 0.6596055626869202
          }
        ]
      },
      "Id": "c0ee1eb6-760d-4ed3-8c65-8d537d06d677",
      "Relationships": [
        {
          "Type": "CHILD",
          "Ids": [
            "3aa67db3-996d-41d4-8b36-0e85cc8737d5"
          ]
        }
      ],
      "Page": 1
    },
    {
      "BlockType": "LINE",
      "Confidence": 99.92230987548828,
      "Text": "15.6",
      "Geometry": {
        "BoundingBox": {
          "Width": 0.0313851498067379,
          "Height": 0.024836575612425804,
          "Left": 0.6245801448822021,
          "Top": 0.6348387598991394
        },
        "Polygon": [
          {
            "X": 0.6245801448822021,
            "Y": 0.6348387598991394
          },
          {
            "X": 0.6557323336601257,
            "Y": 0.6348772644996643
          },
          {
            "X": 0.655965268611908,
            "Y": 0.6596753001213074
          },
          {
            "X": 0.6248082518577576,
            "Y": 0.6596354842185974
          }
        ]
      },
      "Id": "a925bd3d-c5e8-4d4a-9958-48a23577f6d3",
      "Relationships": [
        {
          "Type": "CHILD",
          "Ids": [
            "892d5336-cb34-4bae-acbd-cc8b1f33bf5b"
          ]
        }
      ],
      "Page": 1
    },
    {
      "BlockType": "LINE",
      "Confidence": 99.93042755126953,
      "Text": "18.3",
      "Geometry": {
        "BoundingBox": {
          "Width": 0.030341871082782745,
          "Height": 0.024914445355534554,
          "Left": 0.7503557801246643,
          "Top": 0.6348274350166321
        },
        "Polygon": [
          {
            "X": 0.7503557801246643,
            "Y": 0.6348274350166321
          },
          {
            "X": 0.7804445624351501,
            "Y": 0.6348646879196167
          },
          {
            "X": 0.7806976437568665,
            "Y": 0.6597418785095215
          },
          {
            "X": 0.7506041526794434,
            "Y": 0.6597034335136414
          }
        ]
      },
      "Id": "9a516e76-9cc1-4b7c-8130-1e7e962dbddf",
      "Relationships": [
        {
          "Type": "CHILD",
          "Ids": [
            "5078f121-c262-45e3-90e2-92cdb1963ad2"
          ]
        }
      ],
      "Page": 1
    },
    {
      "BlockType": "WORD",
      "Confidence": 99.96112823486328,
      "Text": "Samples",
      "TextType": "PRINTED",
      "Geometry": {
        "BoundingBox": {
          "Width": 0.06372978538274765,
          "Height": 0.03191420063376427,
          "Left": 0.20129846036434174,
          "Top": 0.3166241943836212
        },
        "Polygon": [
          {
            "X": 0.20129846036434174,
            "Y": 0.3166241943836212
          },
          {
            "X": 0.26480627059936523,
            "Y": 0.3166694939136505
          },
          {
            "X": 0.2650282382965088,
            "Y": 0.3485383987426758
          },
          {
            "X": 0.20150773227214813,
            "Y": 0.3484897315502167
          }
        ]
      },
      "Id": "a819cdef-fd3e-4914-8443-fbd16e1517d4",
      "Page": 1
    },
    {
      "BlockType": "WORD",
      "Confidence": 36.78558349609375,
      "Text": "T5wt%(°C)",
      "TextType": "PRINTED",
      "Geometry": {
        "BoundingBox": {
          "Width": 0.07646175473928452,
          "Height": 0.03280724212527275,
          "Left": 0.29701927304267883,
          "Top": 0.315714567899704
        },
        "Polygon": [
          {
            "X": 0.29701927304267883,
            "Y": 0.315714567899704
          },
          {
            "X": 0.3732306659221649,
            "Y": 0.3157688081264496
          },
          {
            "X": 0.37348103523254395,
            "Y": 0.34852179884910583
          },
          {
            "X": 0.29725396633148193,
            "Y": 0.34846341609954834
          }
        ]
      },
      "Id": "991e00e6-eb68-43a3-b5b4-12a08cf5ba89",
      "Page": 1
    },
    {
      "BlockType": "WORD",
      "Confidence": 25.408878326416016,
      "Text": "Tmax (°C)",
      "TextType": "PRINTED",
      "Geometry": {
        "BoundingBox": {
          "Width": 0.06396961957216263,
          "Height": 0.03204352408647537,
          "Left": 0.39388614892959595,
          "Top": 0.3162536025047302
        },
        "Polygon": [
          {
            "X": 0.39388614892959595,
            "Y": 0.3162536025047302
          },
          {
            "X": 0.45759427547454834,
            "Y": 0.3162989914417267
          },
          {
            "X": 0.457855761051178,
            "Y": 0.348297119140625
          },
          {
            "X": 0.39413484930992126,
            "Y": 0.34824836254119873
          }
        ]
      },
      "Id": "e617ec4e-6c45-45c5-8d1f-68acec351596",
      "Page": 1
    },
    {
      "BlockType": "WORD",
      "Confidence": 93.418701171875,
      "Text": "Vmax",
      "TextType": "PRINTED",
      "Geometry": {
        "BoundingBox": {
          "Width": 0.03154148533940315,
          "Height": 0.030313443392515182,
          "Left": 0.4788118898868561,
          "Top": 0.31680282950401306
        },
        "Polygon": [
          {
            "X": 0.4788118898868561,
            "Y": 0.31680282950401306
          },
          {
            "X": 0.5100958943367004,
            "Y": 0.31682515144348145
          },
          {
            "X": 0.5103533864021301,
            "Y": 0.34711629152297974
          },
          {
            "X": 0.4790634214878082,
            "Y": 0.3470923900604248
          }
        ]
      },
      "Id": "9a087aa4-93b6-4a23-8fb0-2765dbe97a14",
      "Page": 1
    },
    {
      "BlockType": "WORD",
      "Confidence": 58.303165435791016,
      "Text": "(%/°C)",
      "TextType": "PRINTED",
      "Geometry": {
        "BoundingBox": {
          "Width": 0.05772257596254349,
          "Height": 0.03262260556221008,
          "Left": 0.5098249912261963,
          "Top": 0.3157948851585388
        },
        "Polygon": [
          {
            "X": 0.5098249912261963,
            "Y": 0.3157948851585388
          },
          {
            "X": 0.5672589540481567,
            "Y": 0.31583577394485474
          },
          {
            "X": 0.5675475597381592,
            "Y": 0.3484174907207489
          },
          {
            "X": 0.510101854801178,
            "Y": 0.34837350249290466
          }
        ]
      },
      "Id": "e4633427-054c-42bb-a31e-b7815ce1c8be",
      "Page": 1
    },
    {
      "BlockType": "WORD",
      "Confidence": 87.7736587524414,
      "Text": "CY800-cal",
      "TextType": "PRINTED",
      "Geometry": {
        "BoundingBox": {
          "Width": 0.06997980177402496,
          "Height": 0.030949018895626068,
          "Left": 0.5884743332862854,
          "Top": 0.3165537118911743
        },
        "Polygon": [
          {
            "X": 0.5884743332862854,
            "Y": 0.3165537118911743
          },
          {
            "X": 0.6581628322601318,
            "Y": 0.3166033923625946
          },
          {
            "X": 0.658454179763794,
            "Y": 0.347502738237381
          },
          {
            "X": 0.5887521505355835,
            "Y": 0.34744948148727417
          }
        ]
      },
      "Id": "9456304a-0418-4af5-90d8-e245485642e2",
      "Page": 1
    },
    {
      "BlockType": "WORD",
      "Confidence": 99.93551635742188,
      "Text": "(%)",
      "TextType": "PRINTED",
      "Geometry": {
        "BoundingBox": {
          "Width": 0.027666468173265457,
          "Height": 0.032087404280900955,
          "Left": 0.6630199551582336,
          "Top": 0.31605684757232666
        },
        "Polygon": [
          {
            "X": 0.6630199551582336,
            "Y": 0.31605684757232666
          },
          {
            "X": 0.6903776526451111,
            "Y": 0.3160763382911682
          },
          {
            "X": 0.6906864643096924,
            "Y": 0.3481442332267761
          },
          {
            "X": 0.6633232831954956,
            "Y": 0.34812331199645996
          }
        ]
      },
      "Id": "851bbd39-eacc-4d47-a460-564f55ac9fa8",
      "Page": 1
    },
    {
      "BlockType": "WORD",
      "Confidence": 83.25872039794922,
      "Text": "CY800-exp",
      "TextType": "PRINTED",
      "Geometry": {
        "BoundingBox": {
          "Width": 0.0754956305027008,
          "Height": 0.03165648877620697,
          "Left": 0.7114632725715637,
          "Top": 0.3171892762184143
        },
        "Polygon": [
          {
            "X": 0.7114632725715637,
            "Y": 0.3171892762184143
          },
          {
            "X": 0.7866355776786804,
            "Y": 0.31724292039871216
          },
          {
            "X": 0.7869589328765869,
            "Y": 0.3488457500934601
          },
          {
            "X": 0.7117717266082764,
            "Y": 0.34878817200660706
          }
        ]
      },
      "Id": "782532c7-b000-4006-91b9-7964fbedf400",
      "Page": 1
    },
    {
      "BlockType": "WORD",
      "Confidence": 99.93260192871094,
      "Text": "(%)",
      "TextType": "PRINTED",
      "Geometry": {
        "BoundingBox": {
          "Width": 0.02738797478377819,
          "Height": 0.032346460968256,
          "Left": 0.7918722629547119,
          "Top": 0.3163312077522278
        },
        "Polygon": [
          {
            "X": 0.7918722629547119,
            "Y": 0.3163312077522278
          },
          {
            "X": 0.8189229369163513,
            "Y": 0.3163504898548126
          },
          {
            "X": 0.8192602396011353,
            "Y": 0.3486776649951935
          },
          {
            "X": 0.7922040820121765,
            "Y": 0.34865695238113403
          }
        ]
      },
      "Id": "9bdf117d-9974-46eb-a13c-c013f341879f",
      "Page": 1
    },
    {
      "BlockType": "WORD",
      "Confidence": 99.58511352539062,
      "Text": "EP",
      "TextType": "PRINTED",
      "Geometry": {
        "BoundingBox": {
          "Width": 0.021595971658825874,
          "Height": 0.024464184418320656,
          "Left": 0.2217790186405182,
          "Top": 0.39716947078704834
        },
        "Polygon": [
          {
            "X": 0.2217790186405182,
            "Y": 0.39716947078704834
          },
          {
            "X": 0.2432081252336502,
            "Y": 0.39718759059906006
          },
          {
            "X": 0.2433750033378601,
            "Y": 0.42163366079330444
          },
          {
            "X": 0.22194261848926544,
            "Y": 0.4216146469116211
          }
        ]
      },
      "Id": "d62a0c3a-f65d-4324-8a0a-9588ad9db3ac",
      "Page": 1
    },
    {
      "BlockType": "WORD",
      "Confidence": 99.92921447753906,
      "Text": "370",
      "TextType": "PRINTED",
      "Geometry": {
        "BoundingBox": {
          "Width": 0.028013801202178,
          "Height": 0.025102345272898674,
          "Left": 0.3198116719722748,
          "Top": 0.3972909450531006
        },
        "Polygon": [
          {
            "X": 0.3198116719722748,
            "Y": 0.3972909450531006
          },
          {
            "X": 0.3476378917694092,
            "Y": 0.39731448888778687
          },
          {
            "X": 0.34782546758651733,
            "Y": 0.4223932921886444
          },
          {
            "X": 0.31999486684799194,
            "Y": 0.422368586063385
          }
        ]
      },
      "Id": "52a2a9d5-ff6a-467d-b805-affa9ccfdde5",
      "Page": 1
    },
    {
      "BlockType": "WORD",
      "Confidence": 99.83247375488281,
      "Text": "391",
      "TextType": "PRINTED",
      "Geometry": {
        "BoundingBox": {
          "Width": 0.02633795700967312,
          "Height": 0.025080738589167595,
          "Left": 0.410175621509552,
          "Top": 0.3970624506473541
        },
        "Polygon": [
          {
            "X": 0.410175621509552,
            "Y": 0.3970624506473541
          },
          {
            "X": 0.4363122582435608,
            "Y": 0.3970845639705658
          },
          {
            "X": 0.4365135729312897,
            "Y": 0.42214319109916687
          },
          {
            "X": 0.41037285327911377,
            "Y": 0.42212000489234924
          }
        ]
      },
      "Id": "33d77bcd-8fd7-4792-8c05-39159c9bdae1",
      "Page": 1
    },
    {
      "BlockType": "WORD",
      "Confidence": 99.87995147705078,
      "Text": "1.74",
      "TextType": "PRINTED",
      "Geometry": {
        "BoundingBox": {
          "Width": 0.031440772116184235,
          "Height": 0.025117531418800354,
          "Left": 0.5076209306716919,
          "Top": 0.39710840582847595
        },
        "Polygon": [
          {
            "X": 0.5076209306716919,
            "Y": 0.39710840582847595
          },
          {
            "X": 0.5388439893722534,
            "Y": 0.39713481068611145
          },
          {
            "X": 0.5390617251396179,
            "Y": 0.4222259521484375
          },
          {
            "X": 0.50783371925354,
            "Y": 0.42219823598861694
          }
        ]
      },
      "Id": "7c498b9c-bf62-45f3-89e4-b5ebf20677f0",
      "Page": 1
    },
    {
      "BlockType": "WORD",
      "Confidence": 99.37117004394531,
      "Text": "-",
      "TextType": "PRINTED",
      "Geometry": {
        "BoundingBox": {
          "Width": 0.0059484634548425674,
          "Height": 0.0046618166379630566,
          "Left": 0.6365728378295898,
          "Top": 0.41082966327667236
        },
        "Polygon": [
          {
            "X": 0.6365728378295898,
            "Y": 0.41082966327667236
          },
          {
            "X": 0.6424779295921326,
            "Y": 0.41083478927612305
          },
          {
            "X": 0.642521321773529,
            "Y": 0.4154914617538452
          },
          {
            "X": 0.6366161108016968,
            "Y": 0.41548630595207214
          }
        ]
      },
      "Id": "cd08cad3-4a6d-4133-9630-0a00ec5c8662",
      "Page": 1
    },
    {
      "BlockType": "WORD",
      "Confidence": 98.87651824951172,
      "Text": "15.5",
      "TextType": "PRINTED",
      "Geometry": {
        "BoundingBox": {
          "Width": 0.030652819201350212,
          "Height": 0.024659091606736183,
          "Left": 0.7504475116729736,
          "Top": 0.3973484933376312
        },
        "Polygon": [
          {
            "X": 0.7504475116729736,
            "Y": 0.3973484933376312
          },
          {
            "X": 0.780849277973175,
            "Y": 0.3973741829395294
          },
          {
            "X": 0.781100332736969,
            "Y": 0.42200756072998047
          },
          {
            "X": 0.7506937980651855,
            "Y": 0.421980619430542
          }
        ]
      },
      "Id": "c68a2897-0f1d-4ce0-863b-ae75996678d4",
      "Page": 1
    },
    {
      "BlockType": "WORD",
      "Confidence": 99.37042236328125,
      "Text": "EP/DPOD4",
      "TextType": "PRINTED",
      "Geometry": {
        "BoundingBox": {
          "Width": 0.08857996016740799,
          "Height": 0.024877475574612617,
          "Left": 0.1885811984539032,
          "Top": 0.4763815402984619
        },
        "Polygon": [
          {
            "X": 0.1885811984539032,
            "Y": 0.4763815402984619
          },
          {
            "X": 0.2769867777824402,
            "Y": 0.47646790742874146
          },
          {
            "X": 0.2771611511707306,
            "Y": 0.5012590289115906
          },
          {
            "X": 0.18874184787273407,
            "Y": 0.5011690258979797
          }
        ]
      },
      "Id": "08af7421-f8eb-4f27-91f8-1da56415b754",
      "Page": 1
    },
    {
      "BlockType": "WORD",
      "Confidence": 99.97567749023438,
      "Text": "356",
      "TextType": "PRINTED",
      "Geometry": {
        "BoundingBox": {
          "Width": 0.028064841404557228,
          "Height": 0.024681365117430687,
          "Left": 0.31975257396698,
          "Top": 0.47673970460891724
        },
        "Polygon": [
          {
            "X": 0.31975257396698,
            "Y": 0.47673970460891724
          },
          {
            "X": 0.34763312339782715,
            "Y": 0.4767669439315796
          },
          {
            "X": 0.34781742095947266,
            "Y": 0.5014210939407349
          },
          {
            "X": 0.31993257999420166,
            "Y": 0.501392662525177
          }
        ]
      },
      "Id": "ca593544-58a5-4e1a-88c5-d7e69fce370e",
      "Page": 1
    },
    {
      "BlockType": "WORD",
      "Confidence": 99.92070770263672,
      "Text": "391",
      "TextType": "PRINTED",
      "Geometry": {
        "BoundingBox": {
          "Width": 0.026240717619657516,
          "Height": 0.024936823174357414,
          "Left": 0.41017812490463257,
          "Top": 0.4766041040420532
        },
        "Polygon": [
          {
            "X": 0.41017812490463257,
            "Y": 0.4766041040420532
          },
          {
            "X": 0.436218798160553,
            "Y": 0.4766295552253723
          },
          {
            "X": 0.4364188313484192,
            "Y": 0.5015409588813782
          },
          {
            "X": 0.41037407517433167,
            "Y": 0.5015144348144531
          }
        ]
      },
      "Id": "f6d311c7-3dfe-4c4e-998e-a8e69a2edbb2",
      "Page": 1
    },
    {
      "BlockType": "WORD",
      "Confidence": 99.23117065429688,
      "Text": "1.25",
      "TextType": "PRINTED",
      "Geometry": {
        "BoundingBox": {
          "Width": 0.030549300834536552,
          "Height": 0.02440916933119297,
          "Left": 0.5078315138816833,
          "Top": 0.4767310917377472
        },
        "Polygon": [
          {
            "X": 0.5078315138816833,
            "Y": 0.4767310917377472
          },
          {
            "X": 0.5381695032119751,
            "Y": 0.47676074504852295
          },
          {
            "X": 0.5383808016777039,
            "Y": 0.5011402368545532
          },
          {
            "X": 0.5080381631851196,
            "Y": 0.5011094212532043
          }
        ]
      },
      "Id": "759a07d0-d150-4f35-aa1b-8cbf57c1dc6b",
      "Page": 1
    },
    {
      "BlockType": "WORD",
      "Confidence": 97.3744125366211,
      "Text": "15.5",
      "TextType": "PRINTED",
      "Geometry": {
        "BoundingBox": {
          "Width": 0.030507707968354225,
          "Height": 0.02452797442674637,
          "Left": 0.6248259544372559,
          "Top": 0.4766029119491577
        },
        "Polygon": [
          {
            "X": 0.6248259544372559,
            "Y": 0.4766029119491577
          },
          {
            "X": 0.6551034450531006,
            "Y": 0.4766324758529663
          },
          {
            "X": 0.6553336977958679,
            "Y": 0.5011308789253235
          },
          {
            "X": 0.6250515580177307,
            "Y": 0.5011000633239746
          }
        ]
      },
      "Id": "a5f9550f-4f58-43f2-9ba9-80ca9502b3f6",
      "Page": 1
    },
    {
      "BlockType": "WORD",
      "Confidence": 99.88435363769531,
      "Text": "16.5",
      "TextType": "PRINTED",
      "Geometry": {
        "BoundingBox": {
          "Width": 0.03050149232149124,
          "Height": 0.024815049022436142,
          "Left": 0.7507051825523376,
          "Top": 0.4763749837875366
        },
        "Polygon": [
          {
            "X": 0.7507051825523376,
            "Y": 0.4763749837875366
          },
          {
            "X": 0.7809541821479797,
            "Y": 0.4764045178890228
          },
          {
            "X": 0.7812066674232483,
            "Y": 0.5011900663375854
          },
          {
            "X": 0.7509528994560242,
            "Y": 0.5011593103408813
          }
        ]
      },
      "Id": "5bc6b588-1fb5-4e2d-a797-b19589ece0bf",
      "Page": 1
    },
    {
      "BlockType": "WORD",
      "Confidence": 99.41474151611328,
      "Text": "EP/DPOD6",
      "TextType": "PRINTED",
      "Geometry": {
        "BoundingBox": {
          "Width": 0.08849391341209412,
          "Height": 0.024905648082494736,
          "Left": 0.1885106861591339,
          "Top": 0.5557015538215637
        },
        "Polygon": [
          {
            "X": 0.1885106861591339,
            "Y": 0.5557015538215637
          },
          {
            "X": 0.27683019638061523,
            "Y": 0.5557993650436401
          },
          {
            "X": 0.277004599571228,
            "Y": 0.5806071758270264
          },
          {
            "X": 0.18867135047912598,
            "Y": 0.5805057287216187
          }
        ]
      },
      "Id": "8cbe1443-d7d8-43b6-8faf-c46cfc4e59a4",
      "Page": 1
    },
    {
      "BlockType": "WORD",
      "Confidence": 99.97804260253906,
      "Text": "350",
      "TextType": "PRINTED",
      "Geometry": {
        "BoundingBox": {
          "Width": 0.02809419296681881,
          "Height": 0.024809498339891434,
          "Left": 0.3197639584541321,
          "Top": 0.5558252930641174
        },
        "Polygon": [
          {
            "X": 0.3197639584541321,
            "Y": 0.5558252930641174
          },
          {
            "X": 0.3476729989051819,
            "Y": 0.5558561682701111
          },
          {
            "X": 0.34785816073417664,
            "Y": 0.5806347727775574
          },
          {
            "X": 0.3199447989463806,
            "Y": 0.5806027054786682
          }
        ]
      },
      "Id": "065c3f9e-b333-4c60-9986-e071e2e94f9c",
      "Page": 1
    },
    {
      "BlockType": "WORD",
      "Confidence": 99.90045166015625,
      "Text": "389",
      "TextType": "PRINTED",
      "Geometry": {
        "BoundingBox": {
          "Width": 0.027841798961162567,
          "Height": 0.025053687393665314,
          "Left": 0.4101226329803467,
          "Top": 0.5557610392570496
        },
        "Polygon": [
          {
            "X": 0.4101226329803467,
            "Y": 0.5557610392570496
          },
          {
            "X": 0.43776336312294006,
            "Y": 0.5557916760444641
          },
          {
            "X": 0.43796443939208984,
            "Y": 0.5808147192001343
          },
          {
            "X": 0.41031938791275024,
            "Y": 0.5807830095291138
          }
        ]
      },
      "Id": "e1f96159-228b-4c39-8c00-2323bfddab1c",
      "Page": 1
    },
    {
      "BlockType": "WORD",
      "Confidence": 99.8106918334961,
      "Text": "1.02",
      "TextType": "PRINTED",
      "Geometry": {
        "BoundingBox": {
          "Width": 0.030966954305768013,
          "Height": 0.024709800258278847,
          "Left": 0.5077075362205505,
          "Top": 0.5556904673576355
        },
        "Polygon": [
          {
            "X": 0.5077075362205505,
            "Y": 0.5556904673576355
          },
          {
            "X": 0.5384606719017029,
            "Y": 0.5557245016098022
          },
          {
            "X": 0.5386744737625122,
            "Y": 0.580400288105011
          },
          {
            "X": 0.5079165697097778,
            "Y": 0.5803649425506592
          }
        ]
      },
      "Id": "27585c9f-3234-45d1-a6ff-286ce265dca6",
      "Page": 1
    },
    {
      "BlockType": "WORD",
      "Confidence": 99.86892700195312,
      "Text": "15.6",
      "TextType": "PRINTED",
      "Geometry": {
        "BoundingBox": {
          "Width": 0.031208369880914688,
          "Height": 0.024989202618598938,
          "Left": 0.62473464012146,
          "Top": 0.5554341673851013
        },
        "Polygon": [
          {
            "X": 0.62473464012146,
            "Y": 0.5554341673851013
          },
          {
            "X": 0.6557084918022156,
            "Y": 0.5554684400558472
          },
          {
            "X": 0.6559430360794067,
            "Y": 0.5804233551025391
          },
          {
            "X": 0.6249643564224243,
            "Y": 0.5803878307342529
          }
        ]
      },
      "Id": "4467eaf7-6e26-454c-bbb6-52310ebad68b",
      "Page": 1
    },
    {
      "BlockType": "WORD",
      "Confidence": 99.8649673461914,
      "Text": "17.3",
      "TextType": "PRINTED",
      "Geometry": {
        "BoundingBox": {
          "Width": 0.03019704669713974,
          "Height": 0.024895042181015015,
          "Left": 0.7505263686180115,
          "Top": 0.5557304620742798
        },
        "Polygon": [
          {
            "X": 0.7505263686180115,
            "Y": 0.5557304620742798
          },
          {
            "X": 0.7804703712463379,
            "Y": 0.5557636022567749
          },
          {
            "X": 0.7807234525680542,
            "Y": 0.5806255340576172
          },
          {
            "X": 0.7507748007774353,
            "Y": 0.5805911421775818
          }
        ]
      },
      "Id": "a456435e-f932-4218-99aa-76c3882d9b32",
      "Page": 1
    },
    {
      "BlockType": "WORD",
      "Confidence": 99.19924926757812,
      "Text": "EP/DPOD8",
      "TextType": "PRINTED",
      "Geometry": {
        "BoundingBox": {
          "Width": 0.0883273035287857,
          "Height": 0.02506280690431595,
          "Left": 0.18834105134010315,
          "Top": 0.6347431540489197
        },
        "Polygon": [
          {
            "X": 0.18834105134010315,
            "Y": 0.6347431540489197
          },
          {
            "X": 0.2764930725097656,
            "Y": 0.6348522901535034
          },
          {
            "X": 0.27666836977005005,
            "Y": 0.6598060131072998
          },
          {
            "X": 0.18850256502628326,
            "Y": 0.6596932411193848
          }
        ]
      },
      "Id": "bcd5d474-3a47-4357-9cd2-3afeea38d72e",
      "Page": 1
    },
    {
      "BlockType": "WORD",
      "Confidence": 99.8980484008789,
      "Text": "351",
      "TextType": "PRINTED",
      "Geometry": {
        "BoundingBox": {
          "Width": 0.02635546401143074,
          "Height": 0.02414989285171032,
          "Left": 0.3197721838951111,
          "Top": 0.6352503299713135
        },
        "Polygon": [
          {
            "X": 0.3197721838951111,
            "Y": 0.6352503299713135
          },
          {
            "X": 0.3459477722644806,
            "Y": 0.6352827548980713
          },
          {
            "X": 0.34612762928009033,
            "Y": 0.659400224685669
          },
          {
            "X": 0.31994810700416565,
            "Y": 0.65936678647995
          }
        ]
      },
      "Id": "a4313bfc-1518-46cc-af44-ddc88b9adbb0",
      "Page": 1
    },
    {
      "BlockType": "WORD",
      "Confidence": 99.93356323242188,
      "Text": "376",
      "TextType": "PRINTED",
      "Geometry": {
        "BoundingBox": {
          "Width": 0.028216106817126274,
          "Height": 0.024554738774895668,
          "Left": 0.41007742285728455,
          "Top": 0.6350736618041992
        },
        "Polygon": [
          {
            "X": 0.41007742285728455,
            "Y": 0.6350736618041992
          },
          {
            "X": 0.4380965530872345,
            "Y": 0.6351083517074585
          },
          {
            "X": 0.43829354643821716,
            "Y": 0.6596283912658691
          },
          {
            "X": 0.4102701246738434,
            "Y": 0.6595925688743591
          }
        ]
      },
      "Id": "dff8ff22-bdb7-409b-844e-1fea929a6851",
      "Page": 1
    },
    {
      "BlockType": "WORD",
      "Confidence": 99.9190902709961,
      "Text": "1.06",
      "TextType": "PRINTED",
      "Geometry": {
        "BoundingBox": {
          "Width": 0.03102380409836769,
          "Height": 0.024669405072927475,
          "Left": 0.5078250765800476,
          "Top": 0.6349755525588989
        },
        "Polygon": [
          {
            "X": 0.5078250765800476,
            "Y": 0.6349755525588989
          },
          {
            "X": 0.5386355519294739,
            "Y": 0.6350136995315552
          },
          {
            "X": 0.538848876953125,
            "Y": 0.6596449613571167
          },
          {
            "X": 0.5080336928367615,
            "Y": 0.6596055626869202
          }
        ]
      },
      "Id": "3aa67db3-996d-41d4-8b36-0e85cc8737d5",
      "Page": 1
    },
    {
      "BlockType": "WORD",
      "Confidence": 99.92230987548828,
      "Text": "15.6",
      "TextType": "PRINTED",
      "Geometry": {
        "BoundingBox": {
          "Width": 0.0313851498067379,
          "Height": 0.024836575612425804,
          "Left": 0.6245801448822021,
          "Top": 0.6348387598991394
        },
        "Polygon": [
          {
            "X": 0.6245801448822021,
            "Y": 0.6348387598991394
          },
          {
            "X": 0.6557323336601257,
            "Y": 0.6348772644996643
          },
          {
            "X": 0.655965268611908,
            "Y": 0.6596753001213074
          },
          {
            "X": 0.6248082518577576,
            "Y": 0.6596354842185974
          }
        ]
      },
      "Id": "892d5336-cb34-4bae-acbd-cc8b1f33bf5b",
      "Page": 1
    },
    {
      "BlockType": "WORD",
      "Confidence": 99.93042755126953,
      "Text": "18.3",
      "TextType": "PRINTED",
      "Geometry": {
        "BoundingBox": {
          "Width": 0.030341871082782745,
          "Height": 0.024914445355534554,
          "Left": 0.7503557801246643,
          "Top": 0.6348274350166321
        },
        "Polygon": [
          {
            "X": 0.7503557801246643,
            "Y": 0.6348274350166321
          },
          {
            "X": 0.7804445624351501,
            "Y": 0.6348646879196167
          },
          {
            "X": 0.7806976437568665,
            "Y": 0.6597418785095215
          },
          {
            "X": 0.7506041526794434,
            "Y": 0.6597034335136414
          }
        ]
      },
      "Id": "5078f121-c262-45e3-90e2-92cdb1963ad2",
      "Page": 1
    },
    {
      "BlockType": "TABLE",
      "Confidence": 99.462890625,
      "Geometry": {
        "BoundingBox": {
          "Width": 0.6630358695983887,
          "Height": 0.3995262086391449,
          "Left": 0.16847914457321167,
          "Top": 0.29850026965141296
        },
        "Polygon": [
          {
            "X": 0.16847914457321167,
            "Y": 0.29850026965141296
          },
          {
            "X": 0.8273296356201172,
            "Y": 0.298950731754303
          },
          {
            "X": 0.8315150141716003,
            "Y": 0.6980264782905579
          },
          {
            "X": 0.17101554572582245,
            "Y": 0.6971409916877747
          }
        ]
      },
      "Id": "3f9a8419-f83f-492f-87c0-d46f4582ed54",
      "Relationships": [
        {
          "Type": "CHILD",
          "Ids": [
            "8a0cab86-faa8-480d-9ab0-36d490ade288",
            "a4aaf7b5-fee2-4a51-8f1c-fdf1dc8ccae5",
            "7f97e889-3e4b-4232-acbc-a1b782af7083",
            "64db0bbe-fd9c-44da-bad5-83d2f5b9042d",
            "036a7725-3406-4259-97b7-e35f9b245020",
            "84b2f404-62ff-404c-a284-39452d6b71ce",
            "24aca2e3-3237-4ed7-ac35-74405cb59992",
            "8ef8fb00-f2c2-41e6-8701-bf641b378a1d",
            "71eb070b-cd6e-4373-89d6-2f61d83a9dc3",
            "70f68471-500d-4777-8745-5926e4a4b3d0",
            "108b885e-663a-43c6-a4bf-02b9e74dd07f",
            "87c76a73-db68-4d87-9d18-44caf8a4619a",
            "887f61c2-7aee-4737-b4ae-b4561b0b67a6",
            "8a82e69c-4b8f-4b2c-ac2d-14f5358a5d9e",
            "d39969f0-ee37-4d5d-81fc-b098c09d8d91",
            "6bef62d6-2ae3-46f8-b3d1-c8e5a707413a",
            "d2cc6a02-ab03-4ff7-9cff-aa85f75e2515",
            "3d0f90a4-0c58-4013-98a0-091242dafd0c",
            "0d75a564-597b-4296-ae44-d0b481001c0c",
            "2d59abf2-7eb4-47ea-8cff-ba9f37c43452",
            "5ce750d1-62ce-4bf8-81a0-f3b1df7ca970",
            "a0a76b7d-2ede-4bea-84dc-377c36906c88",
            "7ce43d76-98cf-4585-b1ab-65eca3849e79",
            "379fe61b-4191-4877-99e1-02297e66bb18",
            "76e97211-7cfc-4a5d-873f-c2e7231b42d6",
            "bb8c52c1-17f3-4a70-925f-b47663166983",
            "fc05459c-d821-457b-a14e-5757c7c73d2b",
            "3f3dc97c-1c55-42a8-9cb6-ed7b33af1363",
            "606291a1-b747-4053-b7ec-6c4786908c30",
            "f28003e4-913a-4c8d-9f6b-be50418b65a8"
          ]
        }
      ],
      "EntityTypes": [
        "STRUCTURED_TABLE"
      ],
      "Page": 1
    },
    {
      "BlockType": "CELL",
      "Confidence": 92.96875,
      "RowIndex": 1,
      "ColumnIndex": 1,
      "RowSpan": 1,
      "ColumnSpan": 1,
      "Geometry": {
        "BoundingBox": {
          "Width": 0.11935090273618698,
          "Height": 0.08138705044984818,
          "Left": 0.16847914457321167,
          "Top": 0.29850026965141296
        },
        "Polygon": [
          {
            "X": 0.16847914457321167,
            "Y": 0.29850026965141296
          },
          {
            "X": 0.2872522473335266,
            "Y": 0.29858148097991943
          },
          {
            "X": 0.28783005475997925,
            "Y": 0.37988731265068054
          },
          {
            "X": 0.16899636387825012,
            "Y": 0.37979015707969666
          }
        ]
      },
      "Id": "8a0cab86-faa8-480d-9ab0-36d490ade288",
      "Relationships": [
        {
          "Type": "CHILD",
          "Ids": [
            "a819cdef-fd3e-4914-8443-fbd16e1517d4"
          ]
        }
      ],
      "EntityTypes": [
        "COLUMN_HEADER"
      ],
      "Page": 1
    },
    {
      "BlockType": "CELL",
      "Confidence": 90.185546875,
      "RowIndex": 1,
      "ColumnIndex": 2,
      "RowSpan": 1,
      "ColumnSpan": 1,
      "Geometry": {
        "BoundingBox": {
          "Width": 0.09492365270853043,
          "Height": 0.08138298243284225,
          "Left": 0.2872522473335266,
          "Top": 0.29858148097991943
        },
        "Polygon": [
          {
            "X": 0.2872522473335266,
            "Y": 0.29858148097991943
          },
          {
            "X": 0.38155001401901245,
            "Y": 0.298645943403244
          },
          {
            "X": 0.38217592239379883,
            "Y": 0.3799644708633423
          },
          {
            "X": 0.28783005475997925,
            "Y": 0.37988731265068054
          }
        ]
      },
      "Id": "a4aaf7b5-fee2-4a51-8f1c-fdf1dc8ccae5",
      "Relationships": [
        {
          "Type": "CHILD",
          "Ids": [
            "991e00e6-eb68-43a3-b5b4-12a08cf5ba89"
          ]
        }
      ],
      "EntityTypes": [
        "COLUMN_HEADER"
      ],
      "Page": 1
    },
    {
      "BlockType": "CELL",
      "Confidence": 91.89453125,
      "RowIndex": 1,
      "ColumnIndex": 3,
      "RowSpan": 1,
      "ColumnSpan": 1,
      "Geometry": {
        "BoundingBox": {
          "Width": 0.08878385275602341,
          "Height": 0.08139059692621231,
          "Left": 0.38155001401901245,
          "Top": 0.298645943403244
        },
        "Polygon": [
          {
            "X": 0.38155001401901245,
            "Y": 0.298645943403244
          },
          {
            "X": 0.46966302394866943,
            "Y": 0.29870620369911194
          },
          {
            "X": 0.47033387422561646,
            "Y": 0.3800365626811981
          },
          {
            "X": 0.38217592239379883,
            "Y": 0.3799644708633423
          }
        ]
      },
      "Id": "7f97e889-3e4b-4232-acbc-a1b782af7083",
      "Relationships": [
        {
          "Type": "CHILD",
          "Ids": [
            "e617ec4e-6c45-45c5-8d1f-68acec351596"
          ]
        }
      ],
      "EntityTypes": [
        "COLUMN_HEADER"
      ],
      "Page": 1
    },
    {
      "BlockType": "CELL",
      "Confidence": 94.3359375,
      "RowIndex": 1,
      "ColumnIndex": 4,
      "RowSpan": 1,
      "ColumnSpan": 1,
      "Geometry": {
        "BoundingBox": {
          "Width": 0.11033891141414642,
          "Height": 0.08142002671957016,
          "Left": 0.46966302394866943,
          "Top": 0.29870620369911194
        },
        "Polygon": [
          {
            "X": 0.46966302394866943,
            "Y": 0.29870620369911194
          },
          {
            "X": 0.5792751908302307,
            "Y": 0.2987811267375946
          },
          {
            "X": 0.580001950263977,
            "Y": 0.3801262080669403
          },
          {
            "X": 0.47033387422561646,
            "Y": 0.3800365626811981
          }
        ]
      },
      "Id": "64db0bbe-fd9c-44da-bad5-83d2f5b9042d",
      "Relationships": [
        {
          "Type": "CHILD",
          "Ids": [
            "9a087aa4-93b6-4a23-8fb0-2765dbe97a14",
            "e4633427-054c-42bb-a31e-b7815ce1c8be"
          ]
        }
      ],
      "EntityTypes": [
        "COLUMN_HEADER"
      ],
      "Page": 1
    },
    {
      "BlockType": "CELL",
      "Confidence": 93.603515625,
      "RowIndex": 1,
      "ColumnIndex": 5,
      "RowSpan": 1,
      "ColumnSpan": 1,
      "Geometry": {
        "BoundingBox": {
          "Width": 0.12400932610034943,
          "Height": 0.08144588768482208,
          "Left": 0.5792751908302307,
          "Top": 0.2987811267375946
        },
        "Polygon": [
          {
            "X": 0.5792751908302307,
            "Y": 0.2987811267375946
          },
          {
            "X": 0.7024948000907898,
            "Y": 0.2988653779029846
          },
          {
            "X": 0.703284502029419,
            "Y": 0.3802270293235779
          },
          {
            "X": 0.580001950263977,
            "Y": 0.3801262080669403
          }
        ]
      },
      "Id": "036a7725-3406-4259-97b7-e35f9b245020",
      "Relationships": [
        {
          "Type": "CHILD",
          "Ids": [
            "9456304a-0418-4af5-90d8-e245485642e2",
            "851bbd39-eacc-4d47-a460-564f55ac9fa8"
          ]
        }
      ],
      "EntityTypes": [
        "COLUMN_HEADER"
      ],
      "Page": 1
    },
    {
      "BlockType": "CELL",
      "Confidence": 93.65234375,
      "RowIndex": 1,
      "ColumnIndex": 6,
      "RowSpan": 1,
      "ColumnSpan": 1,
      "Geometry": {
        "BoundingBox": {
          "Width": 0.1256883144378662,
          "Height": 0.0814637616276741,
          "Left": 0.7024948000907898,
          "Top": 0.2988653779029846
        },
        "Polygon": [
          {
            "X": 0.7024948000907898,
            "Y": 0.2988653779029846
          },
          {
            "X": 0.8273296356201172,
            "Y": 0.298950731754303
          },
          {
            "X": 0.828183114528656,
            "Y": 0.3803291618824005
          },
          {
            "X": 0.703284502029419,
            "Y": 0.3802270293235779
          }
        ]
      },
      "Id": "84b2f404-62ff-404c-a284-39452d6b71ce",
      "Relationships": [
        {
          "Type": "CHILD",
          "Ids": [
            "782532c7-b000-4006-91b9-7964fbedf400",
            "9bdf117d-9974-46eb-a13c-c013f341879f"
          ]
        }
      ],
      "EntityTypes": [
        "COLUMN_HEADER"
      ],
      "Page": 1
    },
    {
      "BlockType": "CELL",
      "Confidence": 88.0859375,
      "RowIndex": 2,
      "ColumnIndex": 1,
      "RowSpan": 1,
      "ColumnSpan": 1,
      "Geometry": {
        "BoundingBox": {
          "Width": 0.11931924521923065,
          "Height": 0.0684257447719574,
          "Left": 0.16899636387825012,
          "Top": 0.37979015707969666
        },
        "Polygon": [
          {
            "X": 0.16899636387825012,
            "Y": 0.37979015707969666
          },
          {
            "X": 0.28783005475997925,
            "Y": 0.37988731265068054
          },
          {
            "X": 0.2883155941963196,
            "Y": 0.44821590185165405
          },
          {
            "X": 0.16943101584911346,
            "Y": 0.4481053054332733
          }
        ]
      },
      "Id": "24aca2e3-3237-4ed7-ac35-74405cb59992",
      "Relationships": [
        {
          "Type": "CHILD",
          "Ids": [
            "d62a0c3a-f65d-4324-8a0a-9588ad9db3ac"
          ]
        }
      ],
      "Page": 1
    },
    {
      "BlockType": "CELL",
      "Confidence": 85.498046875,
      "RowIndex": 2,
      "ColumnIndex": 2,
      "RowSpan": 1,
      "ColumnSpan": 1,
      "Geometry": {
        "BoundingBox": {
          "Width": 0.09487185627222061,
          "Height": 0.06841637939214706,
          "Left": 0.28783005475997925,
          "Top": 0.37988731265068054
        },
        "Polygon": [
          {
            "X": 0.28783005475997925,
            "Y": 0.37988731265068054
          },
          {
            "X": 0.38217592239379883,
            "Y": 0.3799644708633423
          },
          {
            "X": 0.38270190358161926,
            "Y": 0.4483036994934082
          },
          {
            "X": 0.2883155941963196,
            "Y": 0.44821590185165405
          }
        ]
      },
      "Id": "8ef8fb00-f2c2-41e6-8701-bf641b378a1d",
      "Relationships": [
        {
          "Type": "CHILD",
          "Ids": [
            "52a2a9d5-ff6a-467d-b805-affa9ccfdde5"
          ]
        }
      ],
      "Page": 1
    },
    {
      "BlockType": "CELL",
      "Confidence": 87.060546875,
      "RowIndex": 2,
      "ColumnIndex": 3,
      "RowSpan": 1,
      "ColumnSpan": 1,
      "Geometry": {
        "BoundingBox": {
          "Width": 0.08872173726558685,
          "Height": 0.06842127442359924,
          "Left": 0.38217592239379883,
          "Top": 0.3799644708633423
        },
        "Polygon": [
          {
            "X": 0.38217592239379883,
            "Y": 0.3799644708633423
          },
          {
            "X": 0.47033387422561646,
            "Y": 0.3800365626811981
          },
          {
            "X": 0.4708976447582245,
            "Y": 0.44838574528694153
          },
          {
            "X": 0.38270190358161926,
            "Y": 0.4483036994934082
          }
        ]
      },
      "Id": "71eb070b-cd6e-4373-89d6-2f61d83a9dc3",
      "Relationships": [
        {
          "Type": "CHILD",
          "Ids": [
            "33d77bcd-8fd7-4792-8c05-39159c9bdae1"
          ]
        }
      ],
      "Page": 1
    },
    {
      "BlockType": "CELL",
      "Confidence": 89.35546875,
      "RowIndex": 2,
      "ColumnIndex": 4,
      "RowSpan": 1,
      "ColumnSpan": 1,
      "Geometry": {
        "BoundingBox": {
          "Width": 0.11027885973453522,
          "Height": 0.06845125555992126,
          "Left": 0.47033387422561646,
          "Top": 0.3800365626811981
        },
        "Polygon": [
          {
            "X": 0.47033387422561646,
            "Y": 0.3800365626811981
          },
          {
            "X": 0.580001950263977,
            "Y": 0.3801262080669403
          },
          {
            "X": 0.5806127190589905,
            "Y": 0.4484878182411194
          },
          {
            "X": 0.4708976447582245,
            "Y": 0.44838574528694153
          }
        ]
      },
      "Id": "70f68471-500d-4777-8745-5926e4a4b3d0",
      "Relationships": [
        {
          "Type": "CHILD",
          "Ids": [
            "7c498b9c-bf62-45f3-89e4-b5ebf20677f0"
          ]
        }
      ],
      "Page": 1
    },
    {
      "BlockType": "CELL",
      "Confidence": 88.720703125,
      "RowIndex": 2,
      "ColumnIndex": 5,
      "RowSpan": 1,
      "ColumnSpan": 1,
      "Geometry": {
        "BoundingBox": {
          "Width": 0.12394620478153229,
          "Height": 0.06847631186246872,
          "Left": 0.580001950263977,
          "Top": 0.3801262080669403
        },
        "Polygon": [
          {
            "X": 0.580001950263977,
            "Y": 0.3801262080669403
          },
          {
            "X": 0.703284502029419,
            "Y": 0.3802270293235779
          },
          {
            "X": 0.7039481401443481,
            "Y": 0.4486025273799896
          },
          {
            "X": 0.5806127190589905,
            "Y": 0.4484878182411194
          }
        ]
      },
      "Id": "108b885e-663a-43c6-a4bf-02b9e74dd07f",
      "Relationships": [
        {
          "Type": "CHILD",
          "Ids": [
            "cd08cad3-4a6d-4133-9630-0a00ec5c8662"
          ]
        }
      ],
      "Page": 1
    },
    {
      "BlockType": "CELL",
      "Confidence": 88.720703125,
      "RowIndex": 2,
      "ColumnIndex": 6,
      "RowSpan": 1,
      "ColumnSpan": 1,
      "Geometry": {
        "BoundingBox": {
          "Width": 0.12561585009098053,
          "Height": 0.06849174201488495,
          "Left": 0.703284502029419,
          "Top": 0.3802270293235779
        },
        "Polygon": [
          {
            "X": 0.703284502029419,
            "Y": 0.3802270293235779
          },
          {
            "X": 0.828183114528656,
            "Y": 0.3803291618824005
          },
          {
            "X": 0.8289003372192383,
            "Y": 0.44871875643730164
          },
          {
            "X": 0.7039481401443481,
            "Y": 0.4486025273799896
          }
        ]
      },
      "Id": "87c76a73-db68-4d87-9d18-44caf8a4619a",
      "Relationships": [
        {
          "Type": "CHILD",
          "Ids": [
            "c68a2897-0f1d-4ce0-863b-ae75996678d4"
          ]
        }
      ],
      "Page": 1
    },
    {
      "BlockType": "CELL",
      "Confidence": 90.234375,
      "RowIndex": 3,
      "ColumnIndex": 1,
      "RowSpan": 1,
      "ColumnSpan": 1,
      "Geometry": {
        "BoundingBox": {
          "Width": 0.11945636570453644,
          "Height": 0.08057200163602829,
          "Left": 0.16943101584911346,
          "Top": 0.4481053054332733
        },
        "Polygon": [
          {
            "X": 0.16943101584911346,
            "Y": 0.4481053054332733
          },
          {
            "X": 0.2883155941963196,
            "Y": 0.44821590185165405
          },
          {
            "X": 0.2888873815536499,
            "Y": 0.5286772847175598
          },
          {
            "X": 0.16994287073612213,
            "Y": 0.528550922870636
          }
        ]
      },
      "Id": "887f61c2-7aee-4737-b4ae-b4561b0b67a6",
      "Relationships": [
        {
          "Type": "CHILD",
          "Ids": [
            "08af7421-f8eb-4f27-91f8-1da56415b754"
          ]
        }
      ],
      "Page": 1
    },
    {
      "BlockType": "CELL",
      "Confidence": 87.548828125,
      "RowIndex": 3,
      "ColumnIndex": 2,
      "RowSpan": 1,
      "ColumnSpan": 1,
      "Geometry": {
        "BoundingBox": {
          "Width": 0.09500567615032196,
          "Height": 0.08056177198886871,
          "Left": 0.2883155941963196,
          "Top": 0.44821590185165405
        },
        "Polygon": [
          {
            "X": 0.2883155941963196,
            "Y": 0.44821590185165405
          },
          {
            "X": 0.38270190358161926,
            "Y": 0.4483036994934082
          },
          {
            "X": 0.38332128524780273,
            "Y": 0.5287776589393616
          },
          {
            "X": 0.2888873815536499,
            "Y": 0.5286772847175598
          }
        ]
      },
      "Id": "8a82e69c-4b8f-4b2c-ac2d-14f5358a5d9e",
      "Relationships": [
        {
          "Type": "CHILD",
          "Ids": [
            "ca593544-58a5-4e1a-88c5-d7e69fce370e"
          ]
        }
      ],
      "Page": 1
    },
    {
      "BlockType": "CELL",
      "Confidence": 89.16015625,
      "RowIndex": 3,
      "ColumnIndex": 3,
      "RowSpan": 1,
      "ColumnSpan": 1,
      "Geometry": {
        "BoundingBox": {
          "Width": 0.08885962516069412,
          "Height": 0.08056775480508804,
          "Left": 0.38270190358161926,
          "Top": 0.4483036994934082
        },
        "Polygon": [
          {
            "X": 0.38270190358161926,
            "Y": 0.4483036994934082
          },
          {
            "X": 0.4708976447582245,
            "Y": 0.44838574528694153
          },
          {
            "X": 0.4715615212917328,
            "Y": 0.528871476650238
          },
          {
            "X": 0.38332128524780273,
            "Y": 0.5287776589393616
          }
        ]
      },
      "Id": "d39969f0-ee37-4d5d-81fc-b098c09d8d91",
      "Relationships": [
        {
          "Type": "CHILD",
          "Ids": [
            "f6d311c7-3dfe-4c4e-998e-a8e69a2edbb2"
          ]
        }
      ],
      "Page": 1
    },
    {
      "BlockType": "CELL",
      "Confidence": 91.552734375,
      "RowIndex": 3,
      "ColumnIndex": 4,
      "RowSpan": 1,
      "ColumnSpan": 1,
      "Geometry": {
        "BoundingBox": {
          "Width": 0.11043433099985123,
          "Height": 0.08060237765312195,
          "Left": 0.4708976447582245,
          "Top": 0.44838574528694153
        },
        "Polygon": [
          {
            "X": 0.4708976447582245,
            "Y": 0.44838574528694153
          },
          {
            "X": 0.5806127190589905,
            "Y": 0.4484878182411194
          },
          {
            "X": 0.5813319683074951,
            "Y": 0.5289881229400635
          },
          {
            "X": 0.4715615212917328,
            "Y": 0.528871476650238
          }
        ]
      },
      "Id": "6bef62d6-2ae3-46f8-b3d1-c8e5a707413a",
      "Relationships": [
        {
          "Type": "CHILD",
          "Ids": [
            "759a07d0-d150-4f35-aa1b-8cbf57c1dc6b"
          ]
        }
      ],
      "Page": 1
    },
    {
      "BlockType": "CELL",
      "Confidence": 90.8203125,
      "RowIndex": 3,
      "ColumnIndex": 5,
      "RowSpan": 1,
      "ColumnSpan": 1,
      "Geometry": {
        "BoundingBox": {
          "Width": 0.1241169199347496,
          "Height": 0.08063145726919174,
          "Left": 0.5806127190589905,
          "Top": 0.4484878182411194
        },
        "Polygon": [
          {
            "X": 0.5806127190589905,
            "Y": 0.4484878182411194
          },
          {
            "X": 0.7039481401443481,
            "Y": 0.4486025273799896
          },
          {
            "X": 0.7047296762466431,
            "Y": 0.5291192531585693
          },
          {
            "X": 0.5813319683074951,
            "Y": 0.5289881229400635
          }
        ]
      },
      "Id": "d2cc6a02-ab03-4ff7-9cff-aa85f75e2515",
      "Relationships": [
        {
          "Type": "CHILD",
          "Ids": [
            "a5f9550f-4f58-43f2-9ba9-80ca9502b3f6"
          ]
        }
      ],
      "Page": 1
    },
    {
      "BlockType": "CELL",
      "Confidence": 90.869140625,
      "RowIndex": 3,
      "ColumnIndex": 6,
      "RowSpan": 1,
      "ColumnSpan": 1,
      "Geometry": {
        "BoundingBox": {
          "Width": 0.12579680979251862,
          "Height": 0.08064959198236465,
          "Left": 0.7039481401443481,
          "Top": 0.4486025273799896
        },
        "Polygon": [
          {
            "X": 0.7039481401443481,
            "Y": 0.4486025273799896
          },
          {
            "X": 0.8289003372192383,
            "Y": 0.44871875643730164
          },
          {
            "X": 0.8297449350357056,
            "Y": 0.5292521119117737
          },
          {
            "X": 0.7047296762466431,
            "Y": 0.5291192531585693
          }
        ]
      },
      "Id": "3d0f90a4-0c58-4013-98a0-091242dafd0c",
      "Relationships": [
        {
          "Type": "CHILD",
          "Ids": [
            "5bc6b588-1fb5-4e2d-a797-b19589ece0bf"
          ]
        }
      ],
      "Page": 1
    },
    {
      "BlockType": "CELL",
      "Confidence": 87.939453125,
      "RowIndex": 4,
      "ColumnIndex": 1,
      "RowSpan": 1,
      "ColumnSpan": 1,
      "Geometry": {
        "BoundingBox": {
          "Width": 0.11950971931219101,
          "Height": 0.07966157793998718,
          "Left": 0.16994287073612213,
          "Top": 0.528550922870636
        },
        "Polygon": [
          {
            "X": 0.16994287073612213,
            "Y": 0.528550922870636
          },
          {
            "X": 0.2888873815536499,
            "Y": 0.5286772847175598
          },
          {
            "X": 0.28945258259773254,
            "Y": 0.6082124710083008
          },
          {
            "X": 0.17044880986213684,
            "Y": 0.6080703735351562
          }
        ]
      },
      "Id": "0d75a564-597b-4296-ae44-d0b481001c0c",
      "Relationships": [
        {
          "Type": "CHILD",
          "Ids": [
            "8cbe1443-d7d8-43b6-8faf-c46cfc4e59a4"
          ]
        }
      ],
      "Page": 1
    },
    {
      "BlockType": "CELL",
      "Confidence": 85.302734375,
      "RowIndex": 4,
      "ColumnIndex": 2,
      "RowSpan": 1,
      "ColumnSpan": 1,
      "Geometry": {
        "BoundingBox": {
          "Width": 0.09504614770412445,
          "Height": 0.079647958278656,
          "Left": 0.2888873815536499,
          "Top": 0.5286772847175598
        },
        "Polygon": [
          {
            "X": 0.2888873815536499,
            "Y": 0.5286772847175598
          },
          {
            "X": 0.38332128524780273,
            "Y": 0.5287776589393616
          },
          {
            "X": 0.38393351435661316,
            "Y": 0.6083252429962158
          },
          {
            "X": 0.28945258259773254,
            "Y": 0.6082124710083008
          }
        ]
      },
      "Id": "2d59abf2-7eb4-47ea-8cff-ba9f37c43452",
      "Relationships": [
        {
          "Type": "CHILD",
          "Ids": [
            "065c3f9e-b333-4c60-9986-e071e2e94f9c"
          ]
        }
      ],
      "Page": 1
    },
    {
      "BlockType": "CELL",
      "Confidence": 86.865234375,
      "RowIndex": 4,
      "ColumnIndex": 3,
      "RowSpan": 1,
      "ColumnSpan": 1,
      "Geometry": {
        "BoundingBox": {
          "Width": 0.08889647573232651,
          "Height": 0.07965298742055893,
          "Left": 0.38332128524780273,
          "Top": 0.5287776589393616
        },
        "Polygon": [
          {
            "X": 0.38332128524780273,
            "Y": 0.5287776589393616
          },
          {
            "X": 0.4715615212917328,
            "Y": 0.528871476650238
          },
          {
            "X": 0.47221776843070984,
            "Y": 0.6084306836128235
          },
          {
            "X": 0.38393351435661316,
            "Y": 0.6083252429962158
          }
        ]
      },
      "Id": "5ce750d1-62ce-4bf8-81a0-f3b1df7ca970",
      "Relationships": [
        {
          "Type": "CHILD",
          "Ids": [
            "e1f96159-228b-4c39-8c00-2323bfddab1c"
          ]
        }
      ],
      "Page": 1
    },
    {
      "BlockType": "CELL",
      "Confidence": 89.208984375,
      "RowIndex": 4,
      "ColumnIndex": 4,
      "RowSpan": 1,
      "ColumnSpan": 1,
      "Geometry": {
        "BoundingBox": {
          "Width": 0.11048141866922379,
          "Height": 0.07969032227993011,
          "Left": 0.4715615212917328,
          "Top": 0.528871476650238
        },
        "Polygon": [
          {
            "X": 0.4715615212917328,
            "Y": 0.528871476650238
          },
          {
            "X": 0.5813319683074951,
            "Y": 0.5289881229400635
          },
          {
            "X": 0.582042932510376,
            "Y": 0.6085617542266846
          },
          {
            "X": 0.47221776843070984,
            "Y": 0.6084306836128235
          }
        ]
      },
      "Id": "a0a76b7d-2ede-4bea-84dc-377c36906c88",
      "Relationships": [
        {
          "Type": "CHILD",
          "Ids": [
            "27585c9f-3234-45d1-a6ff-286ce265dca6"
          ]
        }
      ],
      "Page": 1
    },
    {
      "BlockType": "CELL",
      "Confidence": 88.525390625,
      "RowIndex": 4,
      "ColumnIndex": 5,
      "RowSpan": 1,
      "ColumnSpan": 1,
      "Geometry": {
        "BoundingBox": {
          "Width": 0.12417019158601761,
          "Height": 0.07972104847431183,
          "Left": 0.5813319683074951,
          "Top": 0.5289881229400635
        },
        "Polygon": [
          {
            "X": 0.5813319683074951,
            "Y": 0.5289881229400635
          },
          {
            "X": 0.7047296762466431,
            "Y": 0.5291192531585693
          },
          {
            "X": 0.7055021524429321,
            "Y": 0.6087091565132141
          },
          {
            "X": 0.582042932510376,
            "Y": 0.6085617542266846
          }
        ]
      },
      "Id": "7ce43d76-98cf-4585-b1ab-65eca3849e79",
      "Relationships": [
        {
          "Type": "CHILD",
          "Ids": [
            "4467eaf7-6e26-454c-bbb6-52310ebad68b"
          ]
        }
      ],
      "Page": 1
    },
    {
      "BlockType": "CELL",
      "Confidence": 88.57421875,
      "RowIndex": 4,
      "ColumnIndex": 6,
      "RowSpan": 1,
      "ColumnSpan": 1,
      "Geometry": {
        "BoundingBox": {
          "Width": 0.12585018575191498,
          "Height": 0.07973922044038773,
          "Left": 0.7047296762466431,
          "Top": 0.5291192531585693
        },
        "Polygon": [
          {
            "X": 0.7047296762466431,
            "Y": 0.5291192531585693
          },
          {
            "X": 0.8297449350357056,
            "Y": 0.5292521119117737
          },
          {
            "X": 0.8305798768997192,
            "Y": 0.6088584661483765
          },
          {
            "X": 0.7055021524429321,
            "Y": 0.6087091565132141
          }
        ]
      },
      "Id": "379fe61b-4191-4877-99e1-02297e66bb18",
      "Relationships": [
        {
          "Type": "CHILD",
          "Ids": [
            "a456435e-f932-4218-99aa-76c3882d9b32"
          ]
        }
      ],
      "Page": 1
    },
    {
      "BlockType": "CELL",
      "Confidence": 90.13671875,
      "RowIndex": 5,
      "ColumnIndex": 1,
      "RowSpan": 1,
      "ColumnSpan": 1,
      "Geometry": {
        "BoundingBox": {
          "Width": 0.11963684856891632,
          "Height": 0.0892302393913269,
          "Left": 0.17044880986213684,
          "Top": 0.6080703735351562
        },
        "Polygon": [
          {
            "X": 0.17044880986213684,
            "Y": 0.6080703735351562
          },
          {
            "X": 0.28945258259773254,
            "Y": 0.6082124710083008
          },
          {
            "X": 0.29008567333221436,
            "Y": 0.6973006725311279
          },
          {
            "X": 0.17101554572582245,
            "Y": 0.6971409916877747
          }
        ]
      },
      "Id": "76e97211-7cfc-4a5d-873f-c2e7231b42d6",
      "Relationships": [
        {
          "Type": "CHILD",
          "Ids": [
            "bcd5d474-3a47-4357-9cd2-3afeea38d72e"
          ]
        }
      ],
      "Page": 1
    },
    {
      "BlockType": "CELL",
      "Confidence": 87.451171875,
      "RowIndex": 5,
      "ColumnIndex": 2,
      "RowSpan": 1,
      "ColumnSpan": 1,
      "Geometry": {
        "BoundingBox": {
          "Width": 0.09516673535108566,
          "Height": 0.08921490609645844,
          "Left": 0.28945258259773254,
          "Top": 0.6082124710083008
        },
        "Polygon": [
          {
            "X": 0.28945258259773254,
            "Y": 0.6082124710083008
          },
          {
            "X": 0.38393351435661316,
            "Y": 0.6083252429962158
          },
          {
            "X": 0.3846193253993988,
            "Y": 0.6974273920059204
          },
          {
            "X": 0.29008567333221436,
            "Y": 0.6973006725311279
          }
        ]
      },
      "Id": "bb8c52c1-17f3-4a70-925f-b47663166983",
      "Relationships": [
        {
          "Type": "CHILD",
          "Ids": [
            "a4313bfc-1518-46cc-af44-ddc88b9adbb0"
          ]
        }
      ],
      "Page": 1
    },
    {
      "BlockType": "CELL",
      "Confidence": 89.0625,
      "RowIndex": 5,
      "ColumnIndex": 3,
      "RowSpan": 1,
      "ColumnSpan": 1,
      "Geometry": {
        "BoundingBox": {
          "Width": 0.0890192836523056,
          "Height": 0.08922053128480911,
          "Left": 0.38393351435661316,
          "Top": 0.6083252429962158
        },
        "Polygon": [
          {
            "X": 0.38393351435661316,
            "Y": 0.6083252429962158
          },
          {
            "X": 0.47221776843070984,
            "Y": 0.6084306836128235
          },
          {
            "X": 0.47295281291007996,
            "Y": 0.6975458264350891
          },
          {
            "X": 0.3846193253993988,
            "Y": 0.6974273920059204
          }
        ]
      },
      "Id": "fc05459c-d821-457b-a14e-5757c7c73d2b",
      "Relationships": [
        {
          "Type": "CHILD",
          "Ids": [
            "dff8ff22-bdb7-409b-844e-1fea929a6851"
          ]
        }
      ],
      "Page": 1
    },
    {
      "BlockType": "CELL",
      "Confidence": 91.455078125,
      "RowIndex": 5,
      "ColumnIndex": 4,
      "RowSpan": 1,
      "ColumnSpan": 1,
      "Geometry": {
        "BoundingBox": {
          "Width": 0.11062154173851013,
          "Height": 0.0892624482512474,
          "Left": 0.47221776843070984,
          "Top": 0.6084306836128235
        },
        "Polygon": [
          {
            "X": 0.47221776843070984,
            "Y": 0.6084306836128235
          },
          {
            "X": 0.582042932510376,
            "Y": 0.6085617542266846
          },
          {
            "X": 0.58283931016922,
            "Y": 0.6976931095123291
          },
          {
            "X": 0.47295281291007996,
            "Y": 0.6975458264350891
          }
        ]
      },
      "Id": "3f3dc97c-1c55-42a8-9cb6-ed7b33af1363",
      "Relationships": [
        {
          "Type": "CHILD",
          "Ids": [
            "3aa67db3-996d-41d4-8b36-0e85cc8737d5"
          ]
        }
      ],
      "Page": 1
    },
    {
      "BlockType": "CELL",
      "Confidence": 90.771484375,
      "RowIndex": 5,
      "ColumnIndex": 5,
      "RowSpan": 1,
      "ColumnSpan": 1,
      "Geometry": {
        "BoundingBox": {
          "Width": 0.12432452291250229,
          "Height": 0.08929693698883057,
          "Left": 0.582042932510376,
          "Top": 0.6085617542266846
        },
        "Polygon": [
          {
            "X": 0.582042932510376,
            "Y": 0.6085617542266846
          },
          {
            "X": 0.7055021524429321,
            "Y": 0.6087091565132141
          },
          {
            "X": 0.7063674926757812,
            "Y": 0.6978586912155151
          },
          {
            "X": 0.58283931016922,
            "Y": 0.6976931095123291
          }
        ]
      },
      "Id": "606291a1-b747-4053-b7ec-6c4786908c30",
      "Relationships": [
        {
          "Type": "CHILD",
          "Ids": [
            "892d5336-cb34-4bae-acbd-cc8b1f33bf5b"
          ]
        }
      ],
      "Page": 1
    },
    {
      "BlockType": "CELL",
      "Confidence": 90.8203125,
      "RowIndex": 5,
      "ColumnIndex": 6,
      "RowSpan": 1,
      "ColumnSpan": 1,
      "Geometry": {
        "BoundingBox": {
          "Width": 0.12601284682750702,
          "Height": 0.08931732177734375,
          "Left": 0.7055021524429321,
          "Top": 0.6087091565132141
        },
        "Polygon": [
          {
            "X": 0.7055021524429321,
            "Y": 0.6087091565132141
          },
          {
            "X": 0.8305798768997192,
            "Y": 0.6088584661483765
          },
          {
            "X": 0.8315150141716003,
            "Y": 0.6980264782905579
          },
          {
            "X": 0.7063674926757812,
            "Y": 0.6978586912155151
          }
        ]
      },
      "Id": "f28003e4-913a-4c8d-9f6b-be50418b65a8",
      "Relationships": [
        {
          "Type": "CHILD",
          "Ids": [
            "5078f121-c262-45e3-90e2-92cdb1963ad2"
          ]
        }
      ],
      "Page": 1
    }
  ],
  "AnalyzeDocumentModelVersion": "1.0"
}