{
  "DocumentMetadata": {
    "Pages": 1
  },
  "JobStatus": "SUCCEEDED",
  "Blocks": [
    {
      "BlockType": "PAGE",
      "Geometry": {
        "BoundingBox": {
          "Width": 0.7791317105293274,
          "Height": 0.5013317465782166,
          "Left": 0.11093579232692719,
          "Top": 0.18854525685310364
        },
        "Polygon": [
          {
            "X": 0.11195900291204453,
            "Y": 0.191636860370636
          },
          {
            "X": 0.8895720839500427,
            "Y": 0.18854525685310364
          },
          {
            "X": 0.8900675177574158,
            "Y": 0.6876616477966309
          },
          {
            "X": 0.11093579232692719,
            "Y": 0.6898769736289978
          }
        ]
      },
      "Id": "1c39c20a-a62e-4003-a49e-623ccf9a7d7a",
      "Relationships": [
        {
          "Type": "CHILD",
          "Ids": [
            "3994bbf3-f801-4a74-9cff-32614894c8b5",
            "97842a9d-c6bb-453b-9107-3dda3fa0b48c",
            "7af5863d-50a9-403f-ac21-9820e0bb5114",
            "1f328730-18ff-4f57-b78f-dffa56e07ae8",
            "019bcf50-bca1-4abd-8649-79233246ac0c",
            "e532e2b6-b5a7-4385-9890-6465fedc49cb",
            "4123e8bc-185b-4c81-a195-f6529f26262b",
            "e9c932a8-eb31-4154-95f8-f310f2550990",
            "6bf97781-9b67-464d-b081-64f4ade68818",
            "c012b79e-2494-4c28-81d7-1a5deca38d1c",
            "09b61d83-0113-46ed-beba-c35a493550fd",
            "725118dc-6b1b-4a17-8d15-852b3232b5c7",
            "71de6a87-e16f-49c0-8f18-7727b2e049b4",
            "0bd908d9-ed39-498c-a07f-2c0a21be5433",
            "390f859f-0533-49c3-8e88-0a07d8a7949c",
            "734828aa-5c1c-4313-b836-8bf5d1911e4b",
            "af95d289-1b49-48e7-9d0b-20b15d1eaa35",
            "9db3eba6-e4f1-4f46-9c75-0a6ad68465de",
            "263c00d9-82e8-4cfd-9c55-78feb0d9a05a",
            "49d0ea96-b707-4279-9614-22a858692f0a",
            "777188da-a326-4d55-af9c-8e3c303a9869",
            "cfe926ce-15dc-48e6-b62c-ae147c91aa93",
            "47bfeaf6-9606-4227-a978-7da9c3e5983e",
            "78722492-5d81-4430-9a22-4c4b79aa7938"
          ]
        }
      ],
      "Page": 1
    },
    {
      "BlockType": "LINE",
      "Confidence": 99.92805480957031,
      "Text": "Sample",
      "Geometry": {
        "BoundingBox": {
          "Width": 0.03125395253300667,
          "Height": 0.027826929464936256,
          "Left": 0.1841532588005066,
          "Top": 0.33373886346817017
        },
        "Polygon": [
          {
            "X": 0.18420229852199554,
            "Y": 0.3338528275489807
          },
          {
            "X": 0.21540720760822296,
            "Y": 0.33373886346817017
          },
          {
            "X": 0.215361550450325,
            "Y": 0.3614538013935089
          },
          {
            "X": 0.1841532588005066,
            "Y": 0.36156579852104187
          }
        ]
      },
      "Id": "3994bbf3-f801-4a74-9cff-32614894c8b5",
      "Relationships": [
        {
          "Type": "CHILD",
          "Ids": [
            "f12fd823-3f02-4b4e-a4ec-ba04c63ca523"
          ]
        }
      ],
      "Page": 1
    },
    {
      "BlockType": "LINE",
      "Confidence": 99.86170196533203,
      "Text": "Undecayed blank",
      "Geometry": {
        "BoundingBox": {
          "Width": 0.07281531393527985,
          "Height": 0.02811424620449543,
          "Left": 0.3118617832660675,
          "Top": 0.333290696144104
        },
        "Polygon": [
          {
            "X": 0.3118971288204193,
            "Y": 0.3335564434528351
          },
          {
            "X": 0.38467708230018616,
            "Y": 0.333290696144104
          },
          {
            "X": 0.3846496641635895,
            "Y": 0.36114373803138733
          },
          {
            "X": 0.3118617832660675,
            "Y": 0.3614049255847931
          }
        ]
      },
      "Id": "97842a9d-c6bb-453b-9107-3dda3fa0b48c",
      "Relationships": [
        {
          "Type": "CHILD",
          "Ids": [
            "74163f8c-97bd-4c69-af1e-e8d92aab5cfd",
            "4546f19a-4a2a-49d7-bc99-6d7ef7c3b582"
          ]
        }
      ],
      "Page": 1
    },
    {
      "BlockType": "LINE",
      "Confidence": 97.9924087524414,
      "Text": "A. brasiliensis",
      "Geometry": {
        "BoundingBox": {
          "Width": 0.06005460396409035,
          "Height": 0.02217605710029602,
          "Left": 0.466267853975296,
          "Top": 0.33392009139060974
        },
        "Polygon": [
          {
            "X": 0.466282457113266,
            "Y": 0.3341391682624817
          },
          {
            "X": 0.5263224244117737,
            "Y": 0.33392009139060974
          },
          {
            "X": 0.5263130068778992,
            "Y": 0.3558800518512726
          },
          {
            "X": 0.466267853975296,
            "Y": 0.35609614849090576
          }
        ]
      },
      "Id": "7af5863d-50a9-403f-ac21-9820e0bb5114",
      "Relationships": [
        {
          "Type": "CHILD",
          "Ids": [
            "daff4919-0917-4922-a892-4d86742c839e",
            "3a820555-3181-4537-9ae3-b53571ed3eaa"
          ]
        }
      ],
      "Page": 1
    },
    {
      "BlockType": "LINE",
      "Confidence": 99.46759033203125,
      "Text": "P. chrysogenum",
      "Geometry": {
        "BoundingBox": {
          "Width": 0.06752847880125046,
          "Height": 0.028300046920776367,
          "Left": 0.6112428903579712,
          "Top": 0.3335352838039398
        },
        "Polygon": [
          {
            "X": 0.6112456321716309,
            "Y": 0.3337816298007965
          },
          {
            "X": 0.678766667842865,
            "Y": 0.3335352838039398
          },
          {
            "X": 0.6787713766098022,
            "Y": 0.36159324645996094
          },
          {
            "X": 0.6112428903579712,
            "Y": 0.3618353307247162
          }
        ]
      },
      "Id": "1f328730-18ff-4f57-b78f-dffa56e07ae8",
      "Relationships": [
        {
          "Type": "CHILD",
          "Ids": [
            "eb64e604-1738-4104-9d57-475ac8a7668c",
            "c9b2def1-9691-49a5-a0c1-7899d26f483a"
          ]
        }
      ],
      "Page": 1
    },
    {
      "BlockType": "LINE",
      "Confidence": 97.47123718261719,
      "Text": "C. cladosporioides",
      "Geometry": {
        "BoundingBox": {
          "Width": 0.078497976064682,
          "Height": 0.027534713968634605,
          "Left": 0.7544756531715393,
          "Top": 0.33379656076431274
        },
        "Polygon": [
          {
            "X": 0.7544756531715393,
            "Y": 0.3340827524662018
          },
          {
            "X": 0.8329526782035828,
            "Y": 0.33379656076431274
          },
          {
            "X": 0.8329736590385437,
            "Y": 0.36104992032051086
          },
          {
            "X": 0.7544882893562317,
            "Y": 0.3613312840461731
          }
        ]
      },
      "Id": "019bcf50-bca1-4abd-8649-79233246ac0c",
      "Relationships": [
        {
          "Type": "CHILD",
          "Ids": [
            "ba1e3441-3d8c-4635-bb3a-afdf9eae6e79",
            "06fd9a7f-8653-4201-8af1-9fe01078e170"
          ]
        }
      ],
      "Page": 1
    },
    {
      "BlockType": "LINE",
      "Confidence": 99.93126678466797,
      "Text": "decayed",
      "Geometry": {
        "BoundingBox": {
          "Width": 0.033908661454916,
          "Height": 0.0276788417249918,
          "Left": 0.4797024726867676,
          "Top": 0.40106305480003357
        },
        "Polygon": [
          {
            "X": 0.479719340801239,
            "Y": 0.40118154883384705
          },
          {
            "X": 0.5136111378669739,
            "Y": 0.40106305480003357
          },
          {
            "X": 0.5135979056358337,
            "Y": 0.4286254942417145
          },
          {
            "X": 0.4797024726867676,
            "Y": 0.4287418723106384
          }
        ]
      },
      "Id": "e532e2b6-b5a7-4385-9890-6465fedc49cb",
      "Relationships": [
        {
          "Type": "CHILD",
          "Ids": [
            "84cc612b-4206-4510-9070-6ee2215090c9"
          ]
        }
      ],
      "Page": 1
    },
    {
      "BlockType": "LINE",
      "Confidence": 99.9312744140625,
      "Text": "decayed",
      "Geometry": {
        "BoundingBox": {
          "Width": 0.0336650088429451,
          "Height": 0.027680734172463417,
          "Left": 0.6282358765602112,
          "Top": 0.40093010663986206
        },
        "Polygon": [
          {
            "X": 0.628236711025238,
            "Y": 0.4010477662086487
          },
          {
            "X": 0.661898136138916,
            "Y": 0.40093010663986206
          },
          {
            "X": 0.6619008779525757,
            "Y": 0.42849525809288025
          },
          {
            "X": 0.6282358765602112,
            "Y": 0.42861083149909973
          }
        ]
      },
      "Id": "4123e8bc-185b-4c81-a195-f6529f26262b",
      "Relationships": [
        {
          "Type": "CHILD",
          "Ids": [
            "9dc37f09-5bd3-401b-9827-f6e96b362869"
          ]
        }
      ],
      "Page": 1
    },
    {
      "BlockType": "LINE",
      "Confidence": 99.90702819824219,
      "Text": "decayed",
      "Geometry": {
        "BoundingBox": {
          "Width": 0.03391706198453903,
          "Height": 0.027624348178505898,
          "Left": 0.7765358090400696,
          "Top": 0.40103384852409363
        },
        "Polygon": [
          {
            "X": 0.7765358090400696,
            "Y": 0.4011523127555847
          },
          {
            "X": 0.810434103012085,
            "Y": 0.40103384852409363
          },
          {
            "X": 0.8104528784751892,
            "Y": 0.4285418689250946
          },
          {
            "X": 0.7765509486198425,
            "Y": 0.42865821719169617
          }
        ]
      },
      "Id": "e9c932a8-eb31-4154-95f8-f310f2550990",
      "Relationships": [
        {
          "Type": "CHILD",
          "Ids": [
            "d1dbfd78-0ec6-4820-a2c7-120972c6e902"
          ]
        }
      ],
      "Page": 1
    },
    {
      "BlockType": "LINE",
      "Confidence": 99.71697998046875,
      "Text": "W",
      "Geometry": {
        "BoundingBox": {
          "Width": 0.009414984844624996,
          "Height": 0.02010107971727848,
          "Left": 0.19514398276805878,
          "Top": 0.4705464541912079
        },
        "Polygon": [
          {
            "X": 0.19517861306667328,
            "Y": 0.47057780623435974
          },
          {
            "X": 0.20455896854400635,
            "Y": 0.4705464541912079
          },
          {
            "X": 0.20452506840229034,
            "Y": 0.4906166195869446
          },
          {
            "X": 0.19514398276805878,
            "Y": 0.490647554397583
          }
        ]
      },
      "Id": "6bf97781-9b67-464d-b081-64f4ade68818",
      "Relationships": [
        {
          "Type": "CHILD",
          "Ids": [
            "aade1577-e8e7-4329-96a0-50ec4bbe3e53"
          ]
        }
      ],
      "Page": 1
    },
    {
      "BlockType": "LINE",
      "Confidence": 96.64204406738281,
      "Text": "74.0",
      "Geometry": {
        "BoundingBox": {
          "Width": 0.018010977655649185,
          "Height": 0.0214261282235384,
          "Left": 0.33913320302963257,
          "Top": 0.469891756772995
        },
        "Polygon": [
          {
            "X": 0.3391580581665039,
            "Y": 0.469951868057251
          },
          {
            "X": 0.35714420676231384,
            "Y": 0.469891756772995
          },
          {
            "X": 0.3571208715438843,
            "Y": 0.4912586510181427
          },
          {
            "X": 0.33913320302963257,
            "Y": 0.49131786823272705
          }
        ]
      },
      "Id": "c012b79e-2494-4c28-81d7-1a5deca38d1c",
      "Relationships": [
        {
          "Type": "CHILD",
          "Ids": [
            "771fa37d-0a04-4d6c-afd3-0508335fa50e"
          ]
        }
      ],
      "Page": 1
    },
    {
      "BlockType": "LINE",
      "Confidence": 99.66493225097656,
      "Text": "67.58",
      "Geometry": {
        "BoundingBox": {
          "Width": 0.02275875397026539,
          "Height": 0.021524840965867043,
          "Left": 0.48523733019828796,
          "Top": 0.46986305713653564
        },
        "Polygon": [
          {
            "X": 0.48524999618530273,
            "Y": 0.4699390232563019
          },
          {
            "X": 0.5079960823059082,
            "Y": 0.46986305713653564
          },
          {
            "X": 0.5079853534698486,
            "Y": 0.49131301045417786
          },
          {
            "X": 0.48523733019828796,
            "Y": 0.49138790369033813
          }
        ]
      },
      "Id": "09b61d83-0113-46ed-beba-c35a493550fd",
      "Relationships": [
        {
          "Type": "CHILD",
          "Ids": [
            "9f76708f-8476-4990-ac48-b7408d10a30f"
          ]
        }
      ],
      "Page": 1
    },
    {
      "BlockType": "LINE",
      "Confidence": 98.5395278930664,
      "Text": "70.04",
      "Geometry": {
        "BoundingBox": {
          "Width": 0.023199517279863358,
          "Height": 0.021767891943454742,
          "Left": 0.6334868669509888,
          "Top": 0.4696441888809204
        },
        "Polygon": [
          {
            "X": 0.6334871053695679,
            "Y": 0.46972164511680603
          },
          {
            "X": 0.6566846370697021,
            "Y": 0.4696441888809204
          },
          {
            "X": 0.6566863656044006,
            "Y": 0.4913357198238373
          },
          {
            "X": 0.6334868669509888,
            "Y": 0.49141207337379456
          }
        ]
      },
      "Id": "725118dc-6b1b-4a17-8d15-852b3232b5c7",
      "Relationships": [
        {
          "Type": "CHILD",
          "Ids": [
            "3a085727-27ae-41da-b9d4-6951ec03ef68"
          ]
        }
      ],
      "Page": 1
    },
    {
      "BlockType": "LINE",
      "Confidence": 99.8150863647461,
      "Text": "70.1",
      "Geometry": {
        "BoundingBox": {
          "Width": 0.016885755583643913,
          "Height": 0.021492300555109978,
          "Left": 0.7845332026481628,
          "Top": 0.469848096370697
        },
        "Polygon": [
          {
            "X": 0.7845332026481628,
            "Y": 0.4699043929576874
          },
          {
            "X": 0.801405131816864,
            "Y": 0.469848096370697
          },
          {
            "X": 0.8014189600944519,
            "Y": 0.49128487706184387
          },
          {
            "X": 0.7845456600189209,
            "Y": 0.49134039878845215
          }
        ]
      },
      "Id": "71de6a87-e16f-49c0-8f18-7727b2e049b4",
      "Relationships": [
        {
          "Type": "CHILD",
          "Ids": [
            "9777bd8c-40ce-48f1-aa58-9dd3b8bbac05"
          ]
        }
      ],
      "Page": 1
    },
    {
      "BlockType": "LINE",
      "Confidence": 93.49009704589844,
      "Text": "W/DGEBA/EHO/RAMA",
      "Geometry": {
        "BoundingBox": {
          "Width": 0.10691964626312256,
          "Height": 0.022701380774378777,
          "Left": 0.1463388055562973,
          "Top": 0.5364635586738586
        },
        "Polygon": [
          {
            "X": 0.1463816612958908,
            "Y": 0.5368045568466187
          },
          {
            "X": 0.25325846672058105,
            "Y": 0.5364635586738586
          },
          {
            "X": 0.2532249391078949,
            "Y": 0.5588292479515076
          },
          {
            "X": 0.1463388055562973,
            "Y": 0.5591649413108826
          }
        ]
      },
      "Id": "0bd908d9-ed39-498c-a07f-2c0a21be5433",
      "Relationships": [
        {
          "Type": "CHILD",
          "Ids": [
            "9e0d22c5-08ec-4964-b30c-e97265aaf908"
          ]
        }
      ],
      "Page": 1
    },
    {
      "BlockType": "LINE",
      "Confidence": 59.397560119628906,
      "Text": "67,4",
      "Geometry": {
        "BoundingBox": {
          "Width": 0.0180366151034832,
          "Height": 0.022236879914999008,
          "Left": 0.3391694128513336,
          "Top": 0.5366007685661316
        },
        "Polygon": [
          {
            "X": 0.339195191860199,
            "Y": 0.5366582274436951
          },
          {
            "X": 0.3572060465812683,
            "Y": 0.5366007685661316
          },
          {
            "X": 0.3571818470954895,
            "Y": 0.558781087398529
          },
          {
            "X": 0.3391694128513336,
            "Y": 0.5588376522064209
          }
        ]
      },
      "Id": "390f859f-0533-49c3-8e88-0a07d8a7949c",
      "Relationships": [
        {
          "Type": "CHILD",
          "Ids": [
            "0c86688d-a82d-4501-b648-c507dc7b5867"
          ]
        }
      ],
      "Page": 1
    },
    {
      "BlockType": "LINE",
      "Confidence": 99.67745208740234,
      "Text": "63.2",
      "Geometry": {
        "BoundingBox": {
          "Width": 0.017776941880583763,
          "Height": 0.021618317812681198,
          "Left": 0.48772644996643066,
          "Top": 0.5369319915771484
        },
        "Polygon": [
          {
            "X": 0.4877389669418335,
            "Y": 0.5369886159896851
          },
          {
            "X": 0.5055034160614014,
            "Y": 0.5369319915771484
          },
          {
            "X": 0.5054923892021179,
            "Y": 0.558494508266449
          },
          {
            "X": 0.48772644996643066,
            "Y": 0.5585502982139587
          }
        ]
      },
      "Id": "734828aa-5c1c-4313-b836-8bf5d1911e4b",
      "Relationships": [
        {
          "Type": "CHILD",
          "Ids": [
            "fdb0e1d7-a2ab-46ac-97e3-c40bf51bd84d"
          ]
        }
      ],
      "Page": 1
    },
    {
      "BlockType": "LINE",
      "Confidence": 63.13519287109375,
      "Text": "64.4",
      "Geometry": {
        "BoundingBox": {
          "Width": 0.017878148704767227,
          "Height": 0.02153387852013111,
          "Left": 0.6360810995101929,
          "Top": 0.5368275046348572
        },
        "Polygon": [
          {
            "X": 0.6360810995101929,
            "Y": 0.5368844866752625
          },
          {
            "X": 0.6539577841758728,
            "Y": 0.5368275046348572
          },
          {
            "X": 0.6539592742919922,
            "Y": 0.5583052635192871
          },
          {
            "X": 0.6360810995101929,
            "Y": 0.5583613514900208
          }
        ]
      },
      "Id": "af95d289-1b49-48e7-9d0b-20b15d1eaa35",
      "Relationships": [
        {
          "Type": "CHILD",
          "Ids": [
            "dc11f099-293b-4899-82dd-769fbaa6f1a4"
          ]
        }
      ],
      "Page": 1
    },
    {
      "BlockType": "LINE",
      "Confidence": 99.20155334472656,
      "Text": "64.13",
      "Geometry": {
        "BoundingBox": {
          "Width": 0.02343381755053997,
          "Height": 0.0214075967669487,
          "Left": 0.7813562750816345,
          "Top": 0.5370290875434875
        },
        "Polygon": [
          {
            "X": 0.7813562750816345,
            "Y": 0.5371037125587463
          },
          {
            "X": 0.8047760128974915,
            "Y": 0.5370290875434875
          },
          {
            "X": 0.8047900795936584,
            "Y": 0.5583631992340088
          },
          {
            "X": 0.7813683748245239,
            "Y": 0.5584366917610168
          }
        ]
      },
      "Id": "9db3eba6-e4f1-4f46-9c75-0a6ad68465de",
      "Relationships": [
        {
          "Type": "CHILD",
          "Ids": [
            "5cc6c9b5-7c80-41b4-8f28-fe9bcb330af6"
          ]
        }
      ],
      "Page": 1
    },
    {
      "BlockType": "LINE",
      "Confidence": 94.14808654785156,
      "Text": "W/DGEBA/EFO/RAMA",
      "Geometry": {
        "BoundingBox": {
          "Width": 0.10595101863145828,
          "Height": 0.023070016875863075,
          "Left": 0.14659081399440765,
          "Top": 0.6033846139907837
        },
        "Polygon": [
          {
            "X": 0.14663437008857727,
            "Y": 0.603706419467926
          },
          {
            "X": 0.25254184007644653,
            "Y": 0.6033846139907837
          },
          {
            "X": 0.25250768661499023,
            "Y": 0.6261382102966309
          },
          {
            "X": 0.14659081399440765,
            "Y": 0.6264545917510986
          }
        ]
      },
      "Id": "263c00d9-82e8-4cfd-9c55-78feb0d9a05a",
      "Relationships": [
        {
          "Type": "CHILD",
          "Ids": [
            "050d2311-e618-42c3-8ce9-8a850753a7e0"
          ]
        }
      ],
      "Page": 1
    },
    {
      "BlockType": "LINE",
      "Confidence": 98.57085418701172,
      "Text": "69.2",
      "Geometry": {
        "BoundingBox": {
          "Width": 0.01777084544301033,
          "Height": 0.021654829382896423,
          "Left": 0.3391631841659546,
          "Top": 0.6043826937675476
        },
        "Polygon": [
          {
            "X": 0.33918827772140503,
            "Y": 0.6044365763664246
          },
          {
            "X": 0.3569340407848358,
            "Y": 0.6043826937675476
          },
          {
            "X": 0.35691043734550476,
            "Y": 0.6259844899177551
          },
          {
            "X": 0.3391631841659546,
            "Y": 0.6260374784469604
          }
        ]
      },
      "Id": "49d0ea96-b707-4279-9614-22a858692f0a",
      "Relationships": [
        {
          "Type": "CHILD",
          "Ids": [
            "207d23d5-d8e0-41f7-b3ed-a3d34367ae4b"
          ]
        }
      ],
      "Page": 1
    },
    {
      "BlockType": "LINE",
      "Confidence": 70.00703430175781,
      "Text": "63,6",
      "Geometry": {
        "BoundingBox": {
          "Width": 0.017889894545078278,
          "Height": 0.021642634645104408,
          "Left": 0.48774251341819763,
          "Top": 0.6041889190673828
        },
        "Polygon": [
          {
            "X": 0.48775506019592285,
            "Y": 0.6042432188987732
          },
          {
            "X": 0.5056324005126953,
            "Y": 0.6041889190673828
          },
          {
            "X": 0.5056213736534119,
            "Y": 0.6257781982421875
          },
          {
            "X": 0.48774251341819763,
            "Y": 0.6258315443992615
          }
        ]
      },
      "Id": "777188da-a326-4d55-af9c-8e3c303a9869",
      "Relationships": [
        {
          "Type": "CHILD",
          "Ids": [
            "8b07835d-0620-4d4c-9976-a5d9ce69caf7"
          ]
        }
      ],
      "Page": 1
    },
    {
      "BlockType": "LINE",
      "Confidence": 99.57855224609375,
      "Text": "67.7",
      "Geometry": {
        "BoundingBox": {
          "Width": 0.01809309981763363,
          "Height": 0.021436307579278946,
          "Left": 0.6360485553741455,
          "Top": 0.6042346358299255
        },
        "Polygon": [
          {
            "X": 0.6360485553741455,
            "Y": 0.6042895317077637
          },
          {
            "X": 0.6541401743888855,
            "Y": 0.6042346358299255
          },
          {
            "X": 0.6541416645050049,
            "Y": 0.6256169080734253
          },
          {
            "X": 0.6360485553741455,
            "Y": 0.6256709098815918
          }
        ]
      },
      "Id": "cfe926ce-15dc-48e6-b62c-ae147c91aa93",
      "Relationships": [
        {
          "Type": "CHILD",
          "Ids": [
            "f946a4a9-5c71-4dc1-8025-db75e77d40fa"
          ]
        }
      ],
      "Page": 1
    },
    {
      "BlockType": "LINE",
      "Confidence": 85.35673522949219,
      "Text": "67.0",
      "Geometry": {
        "BoundingBox": {
          "Width": 0.018024148419499397,
          "Height": 0.022008473053574562,
          "Left": 0.7844777703285217,
          "Top": 0.6038594245910645
        },
        "Polygon": [
          {
            "X": 0.7844777703285217,
            "Y": 0.6039140820503235
          },
          {
            "X": 0.8024876713752747,
            "Y": 0.6038594245910645
          },
          {
            "X": 0.802501916885376,
            "Y": 0.6258141994476318
          },
          {
            "X": 0.7844905257225037,
            "Y": 0.6258679032325745
          }
        ]
      },
      "Id": "47bfeaf6-9606-4227-a978-7da9c3e5983e",
      "Relationships": [
        {
          "Type": "CHILD",
          "Ids": [
            "aabc5956-108c-4197-9c9e-be1b9be1d286"
          ]
        }
      ],
      "Page": 1
    },
    {
      "BlockType": "WORD",
      "Confidence": 99.92805480957031,
      "Text": "Sample",
      "TextType": "PRINTED",
      "Geometry": {
        "BoundingBox": {
          "Width": 0.03125395253300667,
          "Height": 0.027826929464936256,
          "Left": 0.1841532588005066,
          "Top": 0.33373886346817017
        },
        "Polygon": [
          {
            "X": 0.18420229852199554,
            "Y": 0.3338528275489807
          },
          {
            "X": 0.21540720760822296,
            "Y": 0.33373886346817017
          },
          {
            "X": 0.215361550450325,
            "Y": 0.3614538013935089
          },
          {
            "X": 0.1841532588005066,
            "Y": 0.36156579852104187
          }
        ]
      },
      "Id": "f12fd823-3f02-4b4e-a4ec-ba04c63ca523",
      "Page": 1
    },
    {
      "BlockType": "WORD",
      "Confidence": 99.77680969238281,
      "Text": "Undecayed",
      "TextType": "PRINTED",
      "Geometry": {
        "BoundingBox": {
          "Width": 0.04673200473189354,
          "Height": 0.027735522016882896,
          "Left": 0.3118617832660675,
          "Top": 0.33366942405700684
        },
        "Polygon": [
          {
            "X": 0.31189677119255066,
            "Y": 0.33383989334106445
          },
          {
            "X": 0.35859376192092896,
            "Y": 0.33366942405700684
          },
          {
            "X": 0.3585638105869293,
            "Y": 0.3612373471260071
          },
          {
            "X": 0.3118617832660675,
            "Y": 0.3614049255847931
          }
        ]
      },
      "Id": "74163f8c-97bd-4c69-af1e-e8d92aab5cfd",
      "Page": 1
    },
    {
      "BlockType": "WORD",
      "Confidence": 99.94659423828125,
      "Text": "blank",
      "TextType": "PRINTED",
      "Geometry": {
        "BoundingBox": {
          "Width": 0.023329921066761017,
          "Height": 0.02195373736321926,
          "Left": 0.36134716868400574,
          "Top": 0.333290696144104
        },
        "Polygon": [
          {
            "X": 0.36137068271636963,
            "Y": 0.3333757817745209
          },
          {
            "X": 0.38467708230018616,
            "Y": 0.333290696144104
          },
          {
            "X": 0.38465553522109985,
            "Y": 0.3551604747772217
          },
          {
            "X": 0.36134716868400574,
            "Y": 0.3552444279193878
          }
        ]
      },
      "Id": "4546f19a-4a2a-49d7-bc99-6d7ef7c3b582",
      "Page": 1
    },
    {
      "BlockType": "WORD",
      "Confidence": 98.96167755126953,
      "Text": "A.",
      "TextType": "PRINTED",
      "Geometry": {
        "BoundingBox": {
          "Width": 0.008554146625101566,
          "Height": 0.02153913676738739,
          "Left": 0.466267853975296,
          "Top": 0.3345569968223572
        },
        "Polygon": [
          {
            "X": 0.4662821590900421,
            "Y": 0.3345881700515747
          },
          {
            "X": 0.4748219847679138,
            "Y": 0.3345569968223572
          },
          {
            "X": 0.47480839490890503,
            "Y": 0.35606539249420166
          },
          {
            "X": 0.466267853975296,
            "Y": 0.35609614849090576
          }
        ]
      },
      "Id": "daff4919-0917-4922-a892-4d86742c839e",
      "Page": 1
    },
    {
      "BlockType": "WORD",
      "Confidence": 97.02313232421875,
      "Text": "brasiliensis",
      "TextType": "PRINTED",
      "Geometry": {
        "BoundingBox": {
          "Width": 0.04818948730826378,
          "Height": 0.02190200611948967,
          "Left": 0.478132963180542,
          "Top": 0.33392009139060974
        },
        "Polygon": [
          {
            "X": 0.47814640402793884,
            "Y": 0.33409586548805237
          },
          {
            "X": 0.5263224244117737,
            "Y": 0.33392009139060974
          },
          {
            "X": 0.5263131260871887,
            "Y": 0.3556486666202545
          },
          {
            "X": 0.478132963180542,
            "Y": 0.3558220863342285
          }
        ]
      },
      "Id": "3a820555-3181-4537-9ae3-b53571ed3eaa",
      "Page": 1
    },
    {
      "BlockType": "WORD",
      "Confidence": 99.4703598022461,
      "Text": "P.",
      "TextType": "PRINTED",
      "Geometry": {
        "BoundingBox": {
          "Width": 0.008612971752882004,
          "Height": 0.02212228812277317,
          "Left": 0.611243486404419,
          "Top": 0.3337502181529999
        },
        "Polygon": [
          {
            "X": 0.6112456321716309,
            "Y": 0.3337816298007965
          },
          {
            "X": 0.6198564171791077,
            "Y": 0.3337502181529999
          },
          {
            "X": 0.6198550462722778,
            "Y": 0.3558415174484253
          },
          {
            "X": 0.611243486404419,
            "Y": 0.3558725118637085
          }
        ]
      },
      "Id": "eb64e604-1738-4104-9d57-475ac8a7668c",
      "Page": 1
    },
    {
      "BlockType": "WORD",
      "Confidence": 99.46481323242188,
      "Text": "chrysogenum",
      "TextType": "PRINTED",
      "Geometry": {
        "BoundingBox": {
          "Width": 0.05587471276521683,
          "Height": 0.027807550504803658,
          "Left": 0.622896671295166,
          "Top": 0.33398598432540894
        },
        "Polygon": [
          {
            "X": 0.6228981018066406,
            "Y": 0.334189772605896
          },
          {
            "X": 0.6787667274475098,
            "Y": 0.33398598432540894
          },
          {
            "X": 0.6787713766098022,
            "Y": 0.36159324645996094
          },
          {
            "X": 0.622896671295166,
            "Y": 0.36179354786872864
          }
        ]
      },
      "Id": "c9b2def1-9691-49a5-a0c1-7899d26f483a",
      "Page": 1
    },
    {
      "BlockType": "WORD",
      "Confidence": 99.19806671142578,
      "Text": "C.",
      "TextType": "PRINTED",
      "Geometry": {
        "BoundingBox": {
          "Width": 0.008046352304518223,
          "Height": 0.021497657522559166,
          "Left": 0.7544757723808289,
          "Top": 0.3342662751674652
        },
        "Polygon": [
          {
            "X": 0.7544757723808289,
            "Y": 0.3342955708503723
          },
          {
            "X": 0.7625114917755127,
            "Y": 0.3342662751674652
          },
          {
            "X": 0.7625221014022827,
            "Y": 0.35573503375053406
          },
          {
            "X": 0.7544857263565063,
            "Y": 0.3557639420032501
          }
        ]
      },
      "Id": "ba1e3441-3d8c-4635-bb3a-afdf9eae6e79",
      "Page": 1
    },
    {
      "BlockType": "WORD",
      "Confidence": 95.74441528320312,
      "Text": "cladosporioides",
      "TextType": "PRINTED",
      "Geometry": {
        "BoundingBox": {
          "Width": 0.06768394261598587,
          "Height": 0.027495943009853363,
          "Left": 0.7652897238731384,
          "Top": 0.33379656076431274
        },
        "Polygon": [
          {
            "X": 0.7652897238731384,
            "Y": 0.33404332399368286
          },
          {
            "X": 0.8329526782035828,
            "Y": 0.33379656076431274
          },
          {
            "X": 0.8329736590385437,
            "Y": 0.36104992032051086
          },
          {
            "X": 0.7653034925460815,
            "Y": 0.3612925112247467
          }
        ]
      },
      "Id": "06fd9a7f-8653-4201-8af1-9fe01078e170",
      "Page": 1
    },
    {
      "BlockType": "WORD",
      "Confidence": 99.93126678466797,
      "Text": "decayed",
      "TextType": "PRINTED",
      "Geometry": {
        "BoundingBox": {
          "Width": 0.033908661454916,
          "Height": 0.0276788417249918,
          "Left": 0.4797024726867676,
          "Top": 0.40106305480003357
        },
        "Polygon": [
          {
            "X": 0.479719340801239,
            "Y": 0.40118154883384705
          },
          {
            "X": 0.5136111378669739,
            "Y": 0.40106305480003357
          },
          {
            "X": 0.5135979056358337,
            "Y": 0.4286254942417145
          },
          {
            "X": 0.4797024726867676,
            "Y": 0.4287418723106384
          }
        ]
      },
      "Id": "84cc612b-4206-4510-9070-6ee2215090c9",
      "Page": 1
    },
    {
      "BlockType": "WORD",
      "Confidence": 99.9312744140625,
      "Text": "decayed",
      "TextType": "PRINTED",
      "Geometry": {
        "BoundingBox": {
          "Width": 0.0336650088429451,
          "Height": 0.027680734172463417,
          "Left": 0.6282358765602112,
          "Top": 0.40093010663986206
        },
        "Polygon": [
          {
            "X": 0.628236711025238,
            "Y": 0.4010477662086487
          },
          {
            "X": 0.661898136138916,
            "Y": 0.40093010663986206
          },
          {
            "X": 0.6619008779525757,
            "Y": 0.42849525809288025
          },
          {
            "X": 0.6282358765602112,
            "Y": 0.42861083149909973
          }
        ]
      },
      "Id": "9dc37f09-5bd3-401b-9827-f6e96b362869",
      "Page": 1
    },
    {
      "BlockType": "WORD",
      "Confidence": 99.90702819824219,
      "Text": "decayed",
      "TextType": "PRINTED",
      "Geometry": {
        "BoundingBox": {
          "Width": 0.03391706198453903,
          "Height": 0.027624348178505898,
          "Left": 0.7765358090400696,
          "Top": 0.40103384852409363
        },
        "Polygon": [
          {
            "X": 0.7765358090400696,
            "Y": 0.4011523127555847
          },
          {
            "X": 0.810434103012085,
            "Y": 0.40103384852409363
          },
          {
            "X": 0.8104528784751892,
            "Y": 0.4285418689250946
          },
          {
            "X": 0.7765509486198425,
            "Y": 0.42865821719169617
          }
        ]
      },
      "Id": "d1dbfd78-0ec6-4820-a2c7-120972c6e902",
      "Page": 1
    },
    {
      "BlockType": "WORD",
      "Confidence": 99.71697998046875,
      "Text": "W",
      "TextType": "PRINTED",
      "Geometry": {
        "BoundingBox": {
          "Width": 0.009414984844624996,
          "Height": 0.02010107971727848,
          "Left": 0.19514398276805878,
          "Top": 0.4705464541912079
        },
        "Polygon": [
          {
            "X": 0.19517861306667328,
            "Y": 0.47057780623435974
          },
          {
            "X": 0.20455896854400635,
            "Y": 0.4705464541912079
          },
          {
            "X": 0.20452506840229034,
            "Y": 0.4906166195869446
          },
          {
            "X": 0.19514398276805878,
            "Y": 0.490647554397583
          }
        ]
      },
      "Id": "aade1577-e8e7-4329-96a0-50ec4bbe3e53",
      "Page": 1
    },
    {
      "BlockType": "WORD",
      "Confidence": 96.64204406738281,
      "Text": "74.0",
      "TextType": "PRINTED",
      "Geometry": {
        "BoundingBox": {
          "Width": 0.018010977655649185,
          "Height": 0.0214261282235384,
          "Left": 0.33913320302963257,
          "Top": 0.469891756772995
        },
        "Polygon": [
          {
            "X": 0.3391580581665039,
            "Y": 0.469951868057251
          },
          {
            "X": 0.35714420676231384,
            "Y": 0.469891756772995
          },
          {
            "X": 0.3571208715438843,
            "Y": 0.4912586510181427
          },
          {
            "X": 0.33913320302963257,
            "Y": 0.49131786823272705
          }
        ]
      },
      "Id": "771fa37d-0a04-4d6c-afd3-0508335fa50e",
      "Page": 1
    },
    {
      "BlockType": "WORD",
      "Confidence": 99.66493225097656,
      "Text": "67.58",
      "TextType": "PRINTED",
      "Geometry": {
        "BoundingBox": {
          "Width": 0.02275875397026539,
          "Height": 0.021524840965867043,
          "Left": 0.48523733019828796,
          "Top": 0.46986305713653564
        },
        "Polygon": [
          {
            "X": 0.48524999618530273,
            "Y": 0.4699390232563019
          },
          {
            "X": 0.5079960823059082,
            "Y": 0.46986305713653564
          },
          {
            "X": 0.5079853534698486,
            "Y": 0.49131301045417786
          },
          {
            "X": 0.48523733019828796,
            "Y": 0.49138790369033813
          }
        ]
      },
      "Id": "9f76708f-8476-4990-ac48-b7408d10a30f",
      "Page": 1
    },
    {
      "BlockType": "WORD",
      "Confidence": 98.5395278930664,
      "Text": "70.04",
      "TextType": "PRINTED",
      "Geometry": {
        "BoundingBox": {
          "Width": 0.023199517279863358,
          "Height": 0.021767891943454742,
          "Left": 0.6334868669509888,
          "Top": 0.4696441888809204
        },
        "Polygon": [
          {
            "X": 0.6334871053695679,
            "Y": 0.46972164511680603
          },
          {
            "X": 0.6566846370697021,
            "Y": 0.4696441888809204
          },
          {
            "X": 0.6566863656044006,
            "Y": 0.4913357198238373
          },
          {
            "X": 0.6334868669509888,
            "Y": 0.49141207337379456
          }
        ]
      },
      "Id": "3a085727-27ae-41da-b9d4-6951ec03ef68",
      "Page": 1
    },
    {
      "BlockType": "WORD",
      "Confidence": 99.8150863647461,
      "Text": "70.1",
      "TextType": "PRINTED",
      "Geometry": {
        "BoundingBox": {
          "Width": 0.016885755583643913,
          "Height": 0.021492300555109978,
          "Left": 0.7845332026481628,
          "Top": 0.469848096370697
        },
        "Polygon": [
          {
            "X": 0.7845332026481628,
            "Y": 0.4699043929576874
          },
          {
            "X": 0.801405131816864,
            "Y": 0.469848096370697
          },
          {
            "X": 0.8014189600944519,
            "Y": 0.49128487706184387
          },
          {
            "X": 0.7845456600189209,
            "Y": 0.49134039878845215
          }
        ]
      },
      "Id": "9777bd8c-40ce-48f1-aa58-9dd3b8bbac05",
      "Page": 1
    },
    {
      "BlockType": "WORD",
      "Confidence": 93.49009704589844,
      "Text": "W/DGEBA/EHO/RAMA",
      "TextType": "PRINTED",
      "Geometry": {
        "BoundingBox": {
          "Width": 0.10691964626312256,
          "Height": 0.022701380774378777,
          "Left": 0.1463388055562973,
          "Top": 0.5364635586738586
        },
        "Polygon": [
          {
            "X": 0.1463816612958908,
            "Y": 0.5368045568466187
          },
          {
            "X": 0.25325846672058105,
            "Y": 0.5364635586738586
          },
          {
            "X": 0.2532249391078949,
            "Y": 0.5588292479515076
          },
          {
            "X": 0.1463388055562973,
            "Y": 0.5591649413108826
          }
        ]
      },
      "Id": "9e0d22c5-08ec-4964-b30c-e97265aaf908",
      "Page": 1
    },
    {
      "BlockType": "WORD",
      "Confidence": 59.397560119628906,
      "Text": "67,4",
      "TextType": "PRINTED",
      "Geometry": {
        "BoundingBox": {
          "Width": 0.0180366151034832,
          "Height": 0.022236879914999008,
          "Left": 0.3391694128513336,
          "Top": 0.5366007685661316
        },
        "Polygon": [
          {
            "X": 0.339195191860199,
            "Y": 0.5366582274436951
          },
          {
            "X": 0.3572060465812683,
            "Y": 0.5366007685661316
          },
          {
            "X": 0.3571818470954895,
            "Y": 0.558781087398529
          },
          {
            "X": 0.3391694128513336,
            "Y": 0.5588376522064209
          }
        ]
      },
      "Id": "0c86688d-a82d-4501-b648-c507dc7b5867",
      "Page": 1
    },
    {
      "BlockType": "WORD",
      "Confidence": 99.67745208740234,
      "Text": "63.2",
      "TextType": "PRINTED",
      "Geometry": {
        "BoundingBox": {
          "Width": 0.017776941880583763,
          "Height": 0.021618317812681198,
          "Left": 0.48772644996643066,
          "Top": 0.5369319915771484
        },
        "Polygon": [
          {
            "X": 0.4877389669418335,
            "Y": 0.5369886159896851
          },
          {
            "X": 0.5055034160614014,
            "Y": 0.5369319915771484
          },
          {
            "X": 0.5054923892021179,
            "Y": 0.558494508266449
          },
          {
            "X": 0.48772644996643066,
            "Y": 0.5585502982139587
          }
        ]
      },
      "Id": "fdb0e1d7-a2ab-46ac-97e3-c40bf51bd84d",
      "Page": 1
    },
    {
      "BlockType": "WORD",
      "Confidence": 63.13519287109375,
      "Text": "64.4",
      "TextType": "PRINTED",
      "Geometry": {
        "BoundingBox": {
          "Width": 0.017878148704767227,
          "Height": 0.02153387852013111,
          "Left": 0.6360810995101929,
          "Top": 0.5368275046348572
        },
        "Polygon": [
          {
            "X": 0.6360810995101929,
            "Y": 0.5368844866752625
          },
          {
            "X": 0.6539577841758728,
            "Y": 0.5368275046348572
          },
          {
            "X": 0.6539592742919922,
            "Y": 0.5583052635192871
          },
          {
            "X": 0.6360810995101929,
            "Y": 0.5583613514900208
          }
        ]
      },
      "Id": "dc11f099-293b-4899-82dd-769fbaa6f1a4",
      "Page": 1
    },
    {
      "BlockType": "WORD",
      "Confidence": 99.20155334472656,
      "Text": "64.13",
      "TextType": "PRINTED",
      "Geometry": {
        "BoundingBox": {
          "Width": 0.02343381755053997,
          "Height": 0.0214075967669487,
          "Left": 0.7813562750816345,
          "Top": 0.5370290875434875
        },
        "Polygon": [
          {
            "X": 0.7813562750816345,
            "Y": 0.5371037125587463
          },
          {
            "X": 0.8047760128974915,
            "Y": 0.5370290875434875
          },
          {
            "X": 0.8047900795936584,
            "Y": 0.5583631992340088
          },
          {
            "X": 0.7813683748245239,
            "Y": 0.5584366917610168
          }
        ]
      },
      "Id": "5cc6c9b5-7c80-41b4-8f28-fe9bcb330af6",
      "Page": 1
    },
    {
      "BlockType": "WORD",
      "Confidence": 94.14808654785156,
      "Text": "W/DGEBA/EFO/RAMA",
      "TextType": "PRINTED",
      "Geometry": {
        "BoundingBox": {
          "Width": 0.10595101863145828,
          "Height": 0.023070016875863075,
          "Left": 0.14659081399440765,
          "Top": 0.6033846139907837
        },
        "Polygon": [
          {
            "X": 0.14663437008857727,
            "Y": 0.603706419467926
          },
          {
            "X": 0.25254184007644653,
            "Y": 0.6033846139907837
          },
          {
            "X": 0.25250768661499023,
            "Y": 0.6261382102966309
          },
          {
            "X": 0.14659081399440765,
            "Y": 0.6264545917510986
          }
        ]
      },
      "Id": "050d2311-e618-42c3-8ce9-8a850753a7e0",
      "Page": 1
    },
    {
      "BlockType": "WORD",
      "Confidence": 98.57085418701172,
      "Text": "69.2",
      "TextType": "PRINTED",
      "Geometry": {
        "BoundingBox": {
          "Width": 0.01777084544301033,
          "Height": 0.021654829382896423,
          "Left": 0.3391631841659546,
          "Top": 0.6043826937675476
        },
        "Polygon": [
          {
            "X": 0.33918827772140503,
            "Y": 0.6044365763664246
          },
          {
            "X": 0.3569340407848358,
            "Y": 0.6043826937675476
          },
          {
            "X": 0.35691043734550476,
            "Y": 0.6259844899177551
          },
          {
            "X": 0.3391631841659546,
            "Y": 0.6260374784469604
          }
        ]
      },
      "Id": "207d23d5-d8e0-41f7-b3ed-a3d34367ae4b",
      "Page": 1
    },
    {
      "BlockType": "WORD",
      "Confidence": 70.00703430175781,
      "Text": "63,6",
      "TextType": "PRINTED",
      "Geometry": {
        "BoundingBox": {
          "Width": 0.017889894545078278,
          "Height": 0.021642634645104408,
          "Left": 0.48774251341819763,
          "Top": 0.6041889190673828
        },
        "Polygon": [
          {
            "X": 0.48775506019592285,
            "Y": 0.6042432188987732
          },
          {
            "X": 0.5056324005126953,
            "Y": 0.6041889190673828
          },
          {
            "X": 0.5056213736534119,
            "Y": 0.6257781982421875
          },
          {
            "X": 0.48774251341819763,
            "Y": 0.6258315443992615
          }
        ]
      },
      "Id": "8b07835d-0620-4d4c-9976-a5d9ce69caf7",
      "Page": 1
    },
    {
      "BlockType": "WORD",
      "Confidence": 99.57855224609375,
      "Text": "67.7",
      "TextType": "PRINTED",
      "Geometry": {
        "BoundingBox": {
          "Width": 0.01809309981763363,
          "Height": 0.021436307579278946,
          "Left": 0.6360485553741455,
          "Top": 0.6042346358299255
        },
        "Polygon": [
          {
            "X": 0.6360485553741455,
            "Y": 0.6042895317077637
          },
          {
            "X": 0.6541401743888855,
            "Y": 0.6042346358299255
          },
          {
            "X": 0.6541416645050049,
            "Y": 0.6256169080734253
          },
          {
            "X": 0.6360485553741455,
            "Y": 0.6256709098815918
          }
        ]
      },
      "Id": "f946a4a9-5c71-4dc1-8025-db75e77d40fa",
      "Page": 1
    },
    {
      "BlockType": "WORD",
      "Confidence": 85.35673522949219,
      "Text": "67.0",
      "TextType": "PRINTED",
      "Geometry": {
        "BoundingBox": {
          "Width": 0.018024148419499397,
          "Height": 0.022008473053574562,
          "Left": 0.7844777703285217,
          "Top": 0.6038594245910645
        },
        "Polygon": [
          {
            "X": 0.7844777703285217,
            "Y": 0.6039140820503235
          },
          {
            "X": 0.8024876713752747,
            "Y": 0.6038594245910645
          },
          {
            "X": 0.802501916885376,
            "Y": 0.6258141994476318
          },
          {
            "X": 0.7844905257225037,
            "Y": 0.6258679032325745
          }
        ]
      },
      "Id": "aabc5956-108c-4197-9c9e-be1b9be1d286",
      "Page": 1
    },
    {
      "BlockType": "TABLE",
      "Confidence": 100,
      "Geometry": {
        "BoundingBox": {
          "Width": 0.7501370906829834,
          "Height": 0.35219866037368774,
          "Left": 0.12059446424245834,
          "Top": 0.32210230827331543
        },
        "Polygon": [
          {
            "X": 0.12129895389080048,
            "Y": 0.32485371828079224
          },
          {
            "X": 0.8704105615615845,
            "Y": 0.32210230827331543
          },
          {
            "X": 0.8707315325737,
            "Y": 0.6721416115760803
          },
          {
            "X": 0.12059446424245834,
            "Y": 0.6743009686470032
          }
        ]
      },
      "Id": "78722492-5d81-4430-9a22-4c4b79aa7938",
      "Relationships": [
        {
          "Type": "CHILD",
          "Ids": [
            "96a3c40c-b5fc-4a26-aabb-42285c2ea162",
            "c36ee2c0-af73-44a1-b883-aa4850527263",
            "cd4f59d2-fc96-44f7-bdd9-8221bd27fbdc",
            "e9c955ea-6f19-42a2-99a5-1a6f82179c8b",
            "cf273531-abe0-44b1-ae8b-9a88d4935226",
            "6d5236ac-190d-4ea5-ac34-a1c200d5765b",
            "9360c493-c5dc-4602-9a6b-5c11089c13f2",
            "634d2d9c-e009-4ca8-bf76-55dfb1a3e40f",
            "28777fc6-310f-4874-9749-71c1de49a9f2",
            "c466fb35-28bb-43d6-ab4a-c03e0b76ecd8",
            "83e8d1c4-8c33-4227-9626-cb4a6e788bf2",
            "b51c2c1a-4ae2-4e9e-a2c0-a0d9d5a43790",
            "2f51ce91-75a1-4166-be96-7d8fabdf2cc8",
            "d268cd05-57e1-4d72-9aa5-6858801b5d9d",
            "d003fc73-8f36-4946-8fee-e3fe7fd94954",
            "c5dd8b29-2746-4849-8acd-5ca2e34dcee7",
            "51436ec1-08a9-49f7-b93a-fc5907a13cf4",
            "9ad34b89-03fe-4663-9d93-b22e9f48a828",
            "91e5a454-7de4-4ac6-bcf9-b764a7121b72",
            "45b04ed3-3f25-4b7b-9837-d7bb09e738ab"
          ]
        }
      ],
      "EntityTypes": [
        "STRUCTURED_TABLE"
      ],
      "Page": 1
    },
    {
      "BlockType": "CELL",
      "Confidence": 45.0927734375,
      "RowIndex": 1,
      "ColumnIndex": 1,
      "RowSpan": 1,
      "ColumnSpan": 1,
      "Geometry": {
        "BoundingBox": {
          "Width": 0.16027149558067322,
          "Height": 0.1399184912443161,
          "Left": 0.12101805955171585,
          "Top": 0.32426607608795166
        },
        "Polygon": [
          {
            "X": 0.12129895389080048,
            "Y": 0.32485371828079224
          },
          {
            "X": 0.28128954768180847,
            "Y": 0.32426607608795166
          },
          {
            "X": 0.28109586238861084,
            "Y": 0.4636473059654236
          },
          {
            "X": 0.12101805955171585,
            "Y": 0.46418458223342896
          }
        ]
      },
      "Id": "96a3c40c-b5fc-4a26-aabb-42285c2ea162",
      "Relationships": [
        {
          "Type": "CHILD",
          "Ids": [
            "f12fd823-3f02-4b4e-a4ec-ba04c63ca523"
          ]
        }
      ],
      "EntityTypes": [
        "COLUMN_HEADER"
      ],
      "Page": 1
    },
    {
      "BlockType": "CELL",
      "Confidence": 44.4580078125,
      "RowIndex": 1,
      "ColumnIndex": 2,
      "RowSpan": 1,
      "ColumnSpan": 1,
      "Geometry": {
        "BoundingBox": {
          "Width": 0.14583416283130646,
          "Height": 0.13991615176200867,
          "Left": 0.28109586238861084,
          "Top": 0.3237311542034149
        },
        "Polygon": [
          {
            "X": 0.28128954768180847,
            "Y": 0.32426607608795166
          },
          {
            "X": 0.4269300401210785,
            "Y": 0.3237311542034149
          },
          {
            "X": 0.42681580781936646,
            "Y": 0.4631582498550415
          },
          {
            "X": 0.28109586238861084,
            "Y": 0.4636473059654236
          }
        ]
      },
      "Id": "c36ee2c0-af73-44a1-b883-aa4850527263",
      "Relationships": [
        {
          "Type": "CHILD",
          "Ids": [
            "74163f8c-97bd-4c69-af1e-e8d92aab5cfd",
            "4546f19a-4a2a-49d7-bc99-6d7ef7c3b582"
          ]
        }
      ],
      "EntityTypes": [
        "COLUMN_HEADER"
      ],
      "Page": 1
    },
    {
      "BlockType": "CELL",
      "Confidence": 45.1904296875,
      "RowIndex": 1,
      "ColumnIndex": 3,
      "RowSpan": 1,
      "ColumnSpan": 1,
      "Geometry": {
        "BoundingBox": {
          "Width": 0.1473579704761505,
          "Height": 0.1399679034948349,
          "Left": 0.42681580781936646,
          "Top": 0.3231903612613678
        },
        "Polygon": [
          {
            "X": 0.4269300401210785,
            "Y": 0.3237311542034149
          },
          {
            "X": 0.5741738080978394,
            "Y": 0.3231903612613678
          },
          {
            "X": 0.5741398930549622,
            "Y": 0.46266379952430725
          },
          {
            "X": 0.42681580781936646,
            "Y": 0.4631582498550415
          }
        ]
      },
      "Id": "cd4f59d2-fc96-44f7-bdd9-8221bd27fbdc",
      "Relationships": [
        {
          "Type": "CHILD",
          "Ids": [
            "daff4919-0917-4922-a892-4d86742c839e",
            "3a820555-3181-4537-9ae3-b53571ed3eaa",
            "84cc612b-4206-4510-9070-6ee2215090c9"
          ]
        }
      ],
      "EntityTypes": [
        "COLUMN_HEADER"
      ],
      "Page": 1
    },
    {
      "BlockType": "CELL",
      "Confidence": 44.970703125,
      "RowIndex": 1,
      "ColumnIndex": 4,
      "RowSpan": 1,
      "ColumnSpan": 1,
      "Geometry": {
        "BoundingBox": {
          "Width": 0.14440542459487915,
          "Height": 0.14000354707241058,
          "Left": 0.5741398930549622,
          "Top": 0.3226602375507355
        },
        "Polygon": [
          {
            "X": 0.5741738080978394,
            "Y": 0.3231903612613678
          },
          {
            "X": 0.7185003757476807,
            "Y": 0.3226602375507355
          },
          {
            "X": 0.7185453176498413,
            "Y": 0.46217915415763855
          },
          {
            "X": 0.5741398930549622,
            "Y": 0.46266379952430725
          }
        ]
      },
      "Id": "e9c955ea-6f19-42a2-99a5-1a6f82179c8b",
      "Relationships": [
        {
          "Type": "CHILD",
          "Ids": [
            "eb64e604-1738-4104-9d57-475ac8a7668c",
            "c9b2def1-9691-49a5-a0c1-7899d26f483a",
            "9dc37f09-5bd3-401b-9827-f6e96b362869"
          ]
        }
      ],
      "EntityTypes": [
        "COLUMN_HEADER"
      ],
      "Page": 1
    },
    {
      "BlockType": "CELL",
      "Confidence": 45.01953125,
      "RowIndex": 1,
      "ColumnIndex": 5,
      "RowSpan": 1,
      "ColumnSpan": 1,
      "Geometry": {
        "BoundingBox": {
          "Width": 0.15203817188739777,
          "Height": 0.14007684588432312,
          "Left": 0.7185003757476807,
          "Top": 0.32210230827331543
        },
        "Polygon": [
          {
            "X": 0.7185003757476807,
            "Y": 0.3226602375507355
          },
          {
            "X": 0.8704105615615845,
            "Y": 0.32210230827331543
          },
          {
            "X": 0.8705385327339172,
            "Y": 0.46166902780532837
          },
          {
            "X": 0.7185453176498413,
            "Y": 0.46217915415763855
          }
        ]
      },
      "Id": "cf273531-abe0-44b1-ae8b-9a88d4935226",
      "Relationships": [
        {
          "Type": "CHILD",
          "Ids": [
            "ba1e3441-3d8c-4635-bb3a-afdf9eae6e79",
            "06fd9a7f-8653-4201-8af1-9fe01078e170",
            "d1dbfd78-0ec6-4820-a2c7-120972c6e902"
          ]
        }
      ],
      "EntityTypes": [
        "COLUMN_HEADER"
      ],
      "Page": 1
    },
    {
      "BlockType": "CELL",
      "Confidence": 86.23046875,
      "RowIndex": 2,
      "ColumnIndex": 1,
      "RowSpan": 1,
      "ColumnSpan": 1,
      "Geometry": {
        "BoundingBox": {
          "Width": 0.16017979383468628,
          "Height": 0.051119063049554825,
          "Left": 0.12091609090566635,
          "Top": 0.4636473059654236
        },
        "Polygon": [
          {
            "X": 0.12101805955171585,
            "Y": 0.46418458223342896
          },
          {
            "X": 0.28109586238861084,
            "Y": 0.4636473059654236
          },
          {
            "X": 0.28102555871009827,
            "Y": 0.5142474174499512
          },
          {
            "X": 0.12091609090566635,
            "Y": 0.5147663950920105
          }
        ]
      },
      "Id": "6d5236ac-190d-4ea5-ac34-a1c200d5765b",
      "Relationships": [
        {
          "Type": "CHILD",
          "Ids": [
            "aade1577-e8e7-4329-96a0-50ec4bbe3e53"
          ]
        }
      ],
      "Page": 1
    },
    {
      "BlockType": "CELL",
      "Confidence": 85.009765625,
      "RowIndex": 2,
      "ColumnIndex": 2,
      "RowSpan": 1,
      "ColumnSpan": 1,
      "Geometry": {
        "BoundingBox": {
          "Width": 0.1457902491092682,
          "Height": 0.05108917877078056,
          "Left": 0.28102555871009827,
          "Top": 0.4631582498550415
        },
        "Polygon": [
          {
            "X": 0.28109586238861084,
            "Y": 0.4636473059654236
          },
          {
            "X": 0.42681580781936646,
            "Y": 0.4631582498550415
          },
          {
            "X": 0.4267743229866028,
            "Y": 0.5137749910354614
          },
          {
            "X": 0.28102555871009827,
            "Y": 0.5142474174499512
          }
        ]
      },
      "Id": "9360c493-c5dc-4602-9a6b-5c11089c13f2",
      "Relationships": [
        {
          "Type": "CHILD",
          "Ids": [
            "771fa37d-0a04-4d6c-afd3-0508335fa50e"
          ]
        }
      ],
      "Page": 1
    },
    {
      "BlockType": "CELL",
      "Confidence": 86.474609375,
      "RowIndex": 2,
      "ColumnIndex": 3,
      "RowSpan": 1,
      "ColumnSpan": 1,
      "Geometry": {
        "BoundingBox": {
          "Width": 0.14736557006835938,
          "Height": 0.05111122131347656,
          "Left": 0.4267743229866028,
          "Top": 0.46266379952430725
        },
        "Polygon": [
          {
            "X": 0.42681580781936646,
            "Y": 0.4631582498550415
          },
          {
            "X": 0.5741398930549622,
            "Y": 0.46266379952430725
          },
          {
            "X": 0.5741276144981384,
            "Y": 0.5132973790168762
          },
          {
            "X": 0.4267743229866028,
            "Y": 0.5137749910354614
          }
        ]
      },
      "Id": "634d2d9c-e009-4ca8-bf76-55dfb1a3e40f",
      "Relationships": [
        {
          "Type": "CHILD",
          "Ids": [
            "9f76708f-8476-4990-ac48-b7408d10a30f"
          ]
        }
      ],
      "Page": 1
    },
    {
      "BlockType": "CELL",
      "Confidence": 86.03515625,
      "RowIndex": 2,
      "ColumnIndex": 4,
      "RowSpan": 1,
      "ColumnSpan": 1,
      "Geometry": {
        "BoundingBox": {
          "Width": 0.14443403482437134,
          "Height": 0.051118265837430954,
          "Left": 0.5741276144981384,
          "Top": 0.46217915415763855
        },
        "Polygon": [
          {
            "X": 0.5741398930549622,
            "Y": 0.46266379952430725
          },
          {
            "X": 0.7185453176498413,
            "Y": 0.46217915415763855
          },
          {
            "X": 0.7185616493225098,
            "Y": 0.5128292441368103
          },
          {
            "X": 0.5741276144981384,
            "Y": 0.5132973790168762
          }
        ]
      },
      "Id": "28777fc6-310f-4874-9749-71c1de49a9f2",
      "Relationships": [
        {
          "Type": "CHILD",
          "Ids": [
            "3a085727-27ae-41da-b9d4-6951ec03ef68"
          ]
        }
      ],
      "Page": 1
    },
    {
      "BlockType": "CELL",
      "Confidence": 86.1328125,
      "RowIndex": 2,
      "ColumnIndex": 5,
      "RowSpan": 1,
      "ColumnSpan": 1,
      "Geometry": {
        "BoundingBox": {
          "Width": 0.15203967690467834,
          "Height": 0.05116024240851402,
          "Left": 0.7185453176498413,
          "Top": 0.46166902780532837
        },
        "Polygon": [
          {
            "X": 0.7185453176498413,
            "Y": 0.46217915415763855
          },
          {
            "X": 0.8705385327339172,
            "Y": 0.46166902780532837
          },
          {
            "X": 0.870585024356842,
            "Y": 0.5123364925384521
          },
          {
            "X": 0.7185616493225098,
            "Y": 0.5128292441368103
          }
        ]
      },
      "Id": "c466fb35-28bb-43d6-ab4a-c03e0b76ecd8",
      "Relationships": [
        {
          "Type": "CHILD",
          "Ids": [
            "9777bd8c-40ce-48f1-aa58-9dd3b8bbac05"
          ]
        }
      ],
      "Page": 1
    },
    {
      "BlockType": "CELL",
      "Confidence": 88.4765625,
      "RowIndex": 3,
      "ColumnIndex": 1,
      "RowSpan": 1,
      "ColumnSpan": 1,
      "Geometry": {
        "BoundingBox": {
          "Width": 0.16024550795555115,
          "Height": 0.06799252331256866,
          "Left": 0.12078005820512772,
          "Top": 0.5142474174499512
        },
        "Polygon": [
          {
            "X": 0.12091609090566635,
            "Y": 0.5147663950920105
          },
          {
            "X": 0.28102555871009827,
            "Y": 0.5142474174499512
          },
          {
            "X": 0.2809317708015442,
            "Y": 0.581745445728302
          },
          {
            "X": 0.12078005820512772,
            "Y": 0.5822399258613586
          }
        ]
      },
      "Id": "83e8d1c4-8c33-4227-9626-cb4a6e788bf2",
      "Relationships": [
        {
          "Type": "CHILD",
          "Ids": [
            "9e0d22c5-08ec-4964-b30c-e97265aaf908"
          ]
        }
      ],
      "Page": 1
    },
    {
      "BlockType": "CELL",
      "Confidence": 87.20703125,
      "RowIndex": 3,
      "ColumnIndex": 2,
      "RowSpan": 1,
      "ColumnSpan": 1,
      "Geometry": {
        "BoundingBox": {
          "Width": 0.1458425670862198,
          "Height": 0.0679704025387764,
          "Left": 0.2809317708015442,
          "Top": 0.5137749910354614
        },
        "Polygon": [
          {
            "X": 0.28102555871009827,
            "Y": 0.5142474174499512
          },
          {
            "X": 0.4267743229866028,
            "Y": 0.5137749910354614
          },
          {
            "X": 0.4267190098762512,
            "Y": 0.5812952518463135
          },
          {
            "X": 0.2809317708015442,
            "Y": 0.581745445728302
          }
        ]
      },
      "Id": "b51c2c1a-4ae2-4e9e-a2c0-a0d9d5a43790",
      "Relationships": [
        {
          "Type": "CHILD",
          "Ids": [
            "0c86688d-a82d-4501-b648-c507dc7b5867"
          ]
        }
      ],
      "Page": 1
    },
    {
      "BlockType": "CELL",
      "Confidence": 88.671875,
      "RowIndex": 3,
      "ColumnIndex": 3,
      "RowSpan": 1,
      "ColumnSpan": 1,
      "Geometry": {
        "BoundingBox": {
          "Width": 0.1474086046218872,
          "Height": 0.06799783557653427,
          "Left": 0.4267190098762512,
          "Top": 0.5132973790168762
        },
        "Polygon": [
          {
            "X": 0.4267743229866028,
            "Y": 0.5137749910354614
          },
          {
            "X": 0.5741276144981384,
            "Y": 0.5132973790168762
          },
          {
            "X": 0.5741112232208252,
            "Y": 0.5808401107788086
          },
          {
            "X": 0.4267190098762512,
            "Y": 0.5812952518463135
          }
        ]
      },
      "Id": "2f51ce91-75a1-4166-be96-7d8fabdf2cc8",
      "Relationships": [
        {
          "Type": "CHILD",
          "Ids": [
            "fdb0e1d7-a2ab-46ac-97e3-c40bf51bd84d"
          ]
        }
      ],
      "Page": 1
    },
    {
      "BlockType": "CELL",
      "Confidence": 88.232421875,
      "RowIndex": 3,
      "ColumnIndex": 4,
      "RowSpan": 1,
      "ColumnSpan": 1,
      "Geometry": {
        "BoundingBox": {
          "Width": 0.14447221159934998,
          "Height": 0.0680108517408371,
          "Left": 0.5741112232208252,
          "Top": 0.5128292441368103
        },
        "Polygon": [
          {
            "X": 0.5741276144981384,
            "Y": 0.5132973790168762
          },
          {
            "X": 0.7185616493225098,
            "Y": 0.5128292441368103
          },
          {
            "X": 0.7185834050178528,
            "Y": 0.5803939700126648
          },
          {
            "X": 0.5741112232208252,
            "Y": 0.5808401107788086
          }
        ]
      },
      "Id": "d268cd05-57e1-4d72-9aa5-6858801b5d9d",
      "Relationships": [
        {
          "Type": "CHILD",
          "Ids": [
            "dc11f099-293b-4899-82dd-769fbaa6f1a4"
          ]
        }
      ],
      "Page": 1
    },
    {
      "BlockType": "CELL",
      "Confidence": 88.330078125,
      "RowIndex": 3,
      "ColumnIndex": 5,
      "RowSpan": 1,
      "ColumnSpan": 1,
      "Geometry": {
        "BoundingBox": {
          "Width": 0.1520853340625763,
          "Height": 0.06805747747421265,
          "Left": 0.7185616493225098,
          "Top": 0.5123364925384521
        },
        "Polygon": [
          {
            "X": 0.7185616493225098,
            "Y": 0.5128292441368103
          },
          {
            "X": 0.870585024356842,
            "Y": 0.5123364925384521
          },
          {
            "X": 0.8706470131874084,
            "Y": 0.579924464225769
          },
          {
            "X": 0.7185834050178528,
            "Y": 0.5803939700126648
          }
        ]
      },
      "Id": "d003fc73-8f36-4946-8fee-e3fe7fd94954",
      "Relationships": [
        {
          "Type": "CHILD",
          "Ids": [
            "5cc6c9b5-7c80-41b4-8f28-fe9bcb330af6"
          ]
        }
      ],
      "Page": 1
    },
    {
      "BlockType": "CELL",
      "Confidence": 92.1875,
      "RowIndex": 4,
      "ColumnIndex": 1,
      "RowSpan": 1,
      "ColumnSpan": 1,
      "Geometry": {
        "BoundingBox": {
          "Width": 0.16033729910850525,
          "Height": 0.09255555272102356,
          "Left": 0.12059446424245834,
          "Top": 0.581745445728302
        },
        "Polygon": [
          {
            "X": 0.12078005820512772,
            "Y": 0.5822399258613586
          },
          {
            "X": 0.2809317708015442,
            "Y": 0.581745445728302
          },
          {
            "X": 0.2808037996292114,
            "Y": 0.673839807510376
          },
          {
            "X": 0.12059446424245834,
            "Y": 0.6743009686470032
          }
        ]
      },
      "Id": "c5dd8b29-2746-4849-8acd-5ca2e34dcee7",
      "Relationships": [
        {
          "Type": "CHILD",
          "Ids": [
            "050d2311-e618-42c3-8ce9-8a850753a7e0"
          ]
        }
      ],
      "Page": 1
    },
    {
      "BlockType": "CELL",
      "Confidence": 90.869140625,
      "RowIndex": 4,
      "ColumnIndex": 2,
      "RowSpan": 1,
      "ColumnSpan": 1,
      "Geometry": {
        "BoundingBox": {
          "Width": 0.1459152102470398,
          "Height": 0.0925445407629013,
          "Left": 0.2808037996292114,
          "Top": 0.5812952518463135
        },
        "Polygon": [
          {
            "X": 0.2809317708015442,
            "Y": 0.581745445728302
          },
          {
            "X": 0.4267190098762512,
            "Y": 0.5812952518463135
          },
          {
            "X": 0.4266435205936432,
            "Y": 0.6734199523925781
          },
          {
            "X": 0.2808037996292114,
            "Y": 0.673839807510376
          }
        ]
      },
      "Id": "51436ec1-08a9-49f7-b93a-fc5907a13cf4",
      "Relationships": [
        {
          "Type": "CHILD",
          "Ids": [
            "207d23d5-d8e0-41f7-b3ed-a3d34367ae4b"
          ]
        }
      ],
      "Page": 1
    },
    {
      "BlockType": "CELL",
      "Confidence": 92.431640625,
      "RowIndex": 4,
      "ColumnIndex": 3,
      "RowSpan": 1,
      "ColumnSpan": 1,
      "Geometry": {
        "BoundingBox": {
          "Width": 0.1474676877260208,
          "Height": 0.09257985651493073,
          "Left": 0.4266435205936432,
          "Top": 0.5808401107788086
        },
        "Polygon": [
          {
            "X": 0.4267190098762512,
            "Y": 0.5812952518463135
          },
          {
            "X": 0.5741112232208252,
            "Y": 0.5808401107788086
          },
          {
            "X": 0.5740888118743896,
            "Y": 0.6729955077171326
          },
          {
            "X": 0.4266435205936432,
            "Y": 0.6734199523925781
          }
        ]
      },
      "Id": "9ad34b89-03fe-4663-9d93-b22e9f48a828",
      "Relationships": [
        {
          "Type": "CHILD",
          "Ids": [
            "8b07835d-0620-4d4c-9976-a5d9ce69caf7"
          ]
        }
      ],
      "Page": 1
    },
    {
      "BlockType": "CELL",
      "Confidence": 91.943359375,
      "RowIndex": 4,
      "ColumnIndex": 4,
      "RowSpan": 1,
      "ColumnSpan": 1,
      "Geometry": {
        "BoundingBox": {
          "Width": 0.14452430605888367,
          "Height": 0.09260152280330658,
          "Left": 0.5740888118743896,
          "Top": 0.5803939700126648
        },
        "Polygon": [
          {
            "X": 0.5741112232208252,
            "Y": 0.5808401107788086
          },
          {
            "X": 0.7185834050178528,
            "Y": 0.5803939700126648
          },
          {
            "X": 0.7186131477355957,
            "Y": 0.6725794672966003
          },
          {
            "X": 0.5740888118743896,
            "Y": 0.6729955077171326
          }
        ]
      },
      "Id": "91e5a454-7de4-4ac6-bcf9-b764a7121b72",
      "Relationships": [
        {
          "Type": "CHILD",
          "Ids": [
            "f946a4a9-5c71-4dc1-8025-db75e77d40fa"
          ]
        }
      ],
      "Page": 1
    },
    {
      "BlockType": "CELL",
      "Confidence": 92.041015625,
      "RowIndex": 4,
      "ColumnIndex": 5,
      "RowSpan": 1,
      "ColumnSpan": 1,
      "Geometry": {
        "BoundingBox": {
          "Width": 0.15214812755584717,
          "Height": 0.09265504777431488,
          "Left": 0.7185834050178528,
          "Top": 0.579924464225769
        },
        "Polygon": [
          {
            "X": 0.7185834050178528,
            "Y": 0.5803939700126648
          },
          {
            "X": 0.8706470131874084,
            "Y": 0.579924464225769
          },
          {
            "X": 0.8707315325737,
            "Y": 0.6721416115760803
          },
          {
            "X": 0.7186131477355957,
            "Y": 0.6725794672966003
          }
        ]
      },
      "Id": "45b04ed3-3f25-4b7b-9837-d7bb09e738ab",
      "Relationships": [
        {
          "Type": "CHILD",
          "Ids": [
            "aabc5956-108c-4197-9c9e-be1b9be1d286"
          ]
        }
      ],
      "Page": 1
    }
  ],
  "AnalyzeDocumentModelVersion": "1.0"
}