{
  "DocumentMetadata": {
    "Pages": 1
  },
  "JobStatus": "SUCCEEDED",
  "Blocks": [
    {
      "BlockType": "PAGE",
      "Geometry": {
        "BoundingBox": {
          "Width": 0.5553816556930542,
          "Height": 0.2852594256401062,
          "Left": 0.22411681711673737,
          "Top": 0.35503634810447693
        },
        "Polygon": [
          {
            "X": 0.22448253631591797,
            "Y": 0.35503634810447693
          },
          {
            "X": 0.7777990102767944,
            "Y": 0.35531073808670044
          },
          {
            "X": 0.7794984579086304,
            "Y": 0.6394277811050415
          },
          {
            "X": 0.22411681711673737,
            "Y": 0.6402957439422607
          }
        ]
      },
      "Id": "f98669a3-464e-4eea-b8c6-6f079d6351ff",
      "Relationships": [
        {
          "Type": "CHILD",
          "Ids": [
            "ddd97407-d83a-47c2-a4d0-f610d5e35b71",
            "bdd3750f-9327-4411-8a0d-74ffd4cca77f",
            "c3da0539-9e48-4e38-80a5-8b115884aae1",
            "c3b1f37a-910b-4848-a84f-cb00435c4c29",
            "483e1c02-8ee2-4789-bf85-ce915b7d21fb",
            "8059ca29-98ea-4559-96a3-e8d22b19350c",
            "e5006f90-99cb-4f22-8db2-d85df0bad5c9",
            "7bd81bf4-4a1d-414c-825b-cfe18e6855d5",
            "7eec8e3a-0217-4e7d-bc99-c24a7eef39a9",
            "ffc870c4-4900-4cb7-9853-9604a2b15c30",
            "d1333408-e910-4df3-af3e-ed86ec93d35b",
            "c5b48516-7d4e-4a8e-ba02-170ade855f9a",
            "8c474cff-dabe-40fa-85c4-f7875268c333",
            "bb6a9fb1-31a4-4a70-af04-a1a2fa27c6e2",
            "3e62d5fa-b9bd-421f-8269-75db05e2e2a4",
            "720e3ead-0c6e-4a0d-81c8-fb33a25b2e46",
            "edf9351f-a34a-4e39-9a1b-46811d88cf74",
            "fe5dad4c-eb04-4274-b507-43a6e07ff2ff",
            "5d8da7b3-b24e-4d2b-b2ee-2e8bb7c27f52",
            "195cd8d9-a52f-43c5-95c0-2352bbe3ca4e",
            "2872b95c-c956-4c90-87ac-15585a28fa9a",
            "2ed75ce8-763a-4027-a9a0-f43efe60e0a9",
            "68ce386a-06c7-47d3-8b95-1bc9dd746667"
          ]
        }
      ],
      "Page": 1
    },
    {
      "BlockType": "LINE",
      "Confidence": 99.8994140625,
      "Text": "System",
      "Geometry": {
        "BoundingBox": {
          "Width": 0.042920202016830444,
          "Height": 0.02241034246981144,
          "Left": 0.2442799210548401,
          "Top": 0.3981456160545349
        },
        "Polygon": [
          {
            "X": 0.24430280923843384,
            "Y": 0.3981456160545349
          },
          {
            "X": 0.28720012307167053,
            "Y": 0.39815354347229004
          },
          {
            "X": 0.2871898412704468,
            "Y": 0.420555979013443
          },
          {
            "X": 0.2442799210548401,
            "Y": 0.4205549657344818
          }
        ]
      },
      "Id": "ddd97407-d83a-47c2-a4d0-f610d5e35b71",
      "Relationships": [
        {
          "Type": "CHILD",
          "Ids": [
            "f7124b9f-2c10-4ce3-988c-fa8d2f115850"
          ]
        }
      ],
      "Page": 1
    },
    {
      "BlockType": "LINE",
      "Confidence": 99.69288635253906,
      "Text": "Epoxy resin",
      "Geometry": {
        "BoundingBox": {
          "Width": 0.07108154147863388,
          "Height": 0.022763432934880257,
          "Left": 0.3846956491470337,
          "Top": 0.39770203828811646
        },
        "Polygon": [
          {
            "X": 0.3846956491470337,
            "Y": 0.39770203828811646
          },
          {
            "X": 0.45573729276657104,
            "Y": 0.39771538972854614
          },
          {
            "X": 0.4557771682739258,
            "Y": 0.42046546936035156
          },
          {
            "X": 0.3847143054008484,
            "Y": 0.42046377062797546
          }
        ]
      },
      "Id": "bdd3750f-9327-4411-8a0d-74ffd4cca77f",
      "Relationships": [
        {
          "Type": "CHILD",
          "Ids": [
            "e18ea716-e2a0-4be1-8ba7-741d53a27bc7",
            "1d29b395-f6d8-4a14-9eba-885ddb7291e4"
          ]
        }
      ],
      "Page": 1
    },
    {
      "BlockType": "LINE",
      "Confidence": 99.87052917480469,
      "Text": "PEEKTOH",
      "Geometry": {
        "BoundingBox": {
          "Width": 0.06097184494137764,
          "Height": 0.017416754737496376,
          "Left": 0.48436439037323,
          "Top": 0.3980277478694916
        },
        "Polygon": [
          {
            "X": 0.48436439037323,
            "Y": 0.3980277478694916
          },
          {
            "X": 0.5452852845191956,
            "Y": 0.3980390727519989
          },
          {
            "X": 0.5453362464904785,
            "Y": 0.4154444932937622
          },
          {
            "X": 0.4844014644622803,
            "Y": 0.4154408276081085
          }
        ]
      },
      "Id": "c3da0539-9e48-4e38-80a5-8b115884aae1",
      "Relationships": [
        {
          "Type": "CHILD",
          "Ids": [
            "abcedab9-3357-417f-9dd6-6fe82e8a926e"
          ]
        }
      ],
      "Page": 1
    },
    {
      "BlockType": "LINE",
      "Confidence": 99.82635498046875,
      "Text": "Epoxy value (eq/kg)",
      "Geometry": {
        "BoundingBox": {
          "Width": 0.1242678165435791,
          "Height": 0.0237751267850399,
          "Left": 0.6356428861618042,
          "Top": 0.39679282903671265
        },
        "Polygon": [
          {
            "X": 0.6356428861618042,
            "Y": 0.39679282903671265
          },
          {
            "X": 0.7597743272781372,
            "Y": 0.39681705832481384
          },
          {
            "X": 0.7599107027053833,
            "Y": 0.42056795954704285
          },
          {
            "X": 0.6357406377792358,
            "Y": 0.42056509852409363
          }
        ]
      },
      "Id": "c3b1f37a-910b-4848-a84f-cb00435c4c29",
      "Relationships": [
        {
          "Type": "CHILD",
          "Ids": [
            "e47304fa-6580-481b-9a10-e4c60b2b2b92",
            "e7bb31b3-9c62-46d7-9be5-090cc2e17d34",
            "b934d71a-5cd6-4ad5-a735-b1965a072b6a"
          ]
        }
      ],
      "Page": 1
    },
    {
      "BlockType": "LINE",
      "Confidence": 99.92417907714844,
      "Text": "(g)",
      "Geometry": {
        "BoundingBox": {
          "Width": 0.01678786426782608,
          "Height": 0.02277110144495964,
          "Left": 0.3849859833717346,
          "Top": 0.44303008913993835
        },
        "Polygon": [
          {
            "X": 0.3849859833717346,
            "Y": 0.4430324137210846
          },
          {
            "X": 0.4017500579357147,
            "Y": 0.44303008913993835
          },
          {
            "X": 0.4017738401889801,
            "Y": 0.4657960832118988
          },
          {
            "X": 0.3850047290325165,
            "Y": 0.4658011794090271
          }
        ]
      },
      "Id": "483e1c02-8ee2-4789-bf85-ce915b7d21fb",
      "Relationships": [
        {
          "Type": "CHILD",
          "Ids": [
            "bd05013d-b20b-4997-854e-8f8ec4a51235"
          ]
        }
      ],
      "Page": 1
    },
    {
      "BlockType": "LINE",
      "Confidence": 99.38642120361328,
      "Text": "(wt. % w.r.t. epoxy)",
      "Geometry": {
        "BoundingBox": {
          "Width": 0.12147313356399536,
          "Height": 0.023001940920948982,
          "Left": 0.48493462800979614,
          "Top": 0.4433896839618683
        },
        "Polygon": [
          {
            "X": 0.48493462800979614,
            "Y": 0.44340693950653076
          },
          {
            "X": 0.6063222289085388,
            "Y": 0.4433896839618683
          },
          {
            "X": 0.6064077615737915,
            "Y": 0.4663541913032532
          },
          {
            "X": 0.4849837124347687,
            "Y": 0.4663916230201721
          }
        ]
      },
      "Id": "8059ca29-98ea-4559-96a3-e8d22b19350c",
      "Relationships": [
        {
          "Type": "CHILD",
          "Ids": [
            "433ecc79-7390-4f1a-84a3-b5e5426d6edb",
            "d9fb0a25-a97f-48f5-9f78-be520fb638d4",
            "e83eb095-2c27-423c-a5a6-aa1463228292",
            "2f2ae89e-03b4-4a3b-8df3-38600f51eaee"
          ]
        }
      ],
      "Page": 1
    },
    {
      "BlockType": "LINE",
      "Confidence": 99.91409301757812,
      "Text": "EP-NEAT",
      "Geometry": {
        "BoundingBox": {
          "Width": 0.05570036172866821,
          "Height": 0.016860757023096085,
          "Left": 0.2446899563074112,
          "Top": 0.49173420667648315
        },
        "Polygon": [
          {
            "X": 0.24470703303813934,
            "Y": 0.49176153540611267
          },
          {
            "X": 0.3003903031349182,
            "Y": 0.49173420667648315
          },
          {
            "X": 0.3003855049610138,
            "Y": 0.508560836315155
          },
          {
            "X": 0.2446899563074112,
            "Y": 0.5085949897766113
          }
        ]
      },
      "Id": "e5006f90-99cb-4f22-8db2-d85df0bad5c9",
      "Relationships": [
        {
          "Type": "CHILD",
          "Ids": [
            "b064626d-7274-4241-a8f3-b974ef98739c"
          ]
        }
      ],
      "Page": 1
    },
    {
      "BlockType": "LINE",
      "Confidence": 99.97164916992188,
      "Text": "100",
      "Geometry": {
        "BoundingBox": {
          "Width": 0.022539833560585976,
          "Height": 0.017652375623583794,
          "Left": 0.38506999611854553,
          "Top": 0.4913821518421173
        },
        "Polygon": [
          {
            "X": 0.38506999611854553,
            "Y": 0.49139314889907837
          },
          {
            "X": 0.4075900912284851,
            "Y": 0.4913821518421173
          },
          {
            "X": 0.40760982036590576,
            "Y": 0.5090206265449524
          },
          {
            "X": 0.3850845396518707,
            "Y": 0.5090345144271851
          }
        ]
      },
      "Id": "7bd81bf4-4a1d-414c-825b-cfe18e6855d5",
      "Relationships": [
        {
          "Type": "CHILD",
          "Ids": [
            "45655bb8-34f3-4fa8-a84c-2444b071d1df"
          ]
        }
      ],
      "Page": 1
    },
    {
      "BlockType": "LINE",
      "Confidence": 99.14323425292969,
      "Text": "0",
      "Geometry": {
        "BoundingBox": {
          "Width": 0.007384787779301405,
          "Height": 0.01700056530535221,
          "Left": 0.484404057264328,
          "Top": 0.49163031578063965
        },
        "Polygon": [
          {
            "X": 0.484404057264328,
            "Y": 0.49163392186164856
          },
          {
            "X": 0.4917510747909546,
            "Y": 0.49163031578063965
          },
          {
            "X": 0.4917888641357422,
            "Y": 0.5086263418197632
          },
          {
            "X": 0.4844402074813843,
            "Y": 0.5086308717727661
          }
        ]
      },
      "Id": "7eec8e3a-0217-4e7d-bc99-c24a7eef39a9",
      "Relationships": [
        {
          "Type": "CHILD",
          "Ids": [
            "9af25861-5bc0-482b-9efd-1b8f8cf7a8cd"
          ]
        }
      ],
      "Page": 1
    },
    {
      "BlockType": "LINE",
      "Confidence": 99.7725830078125,
      "Text": "5.4",
      "Geometry": {
        "BoundingBox": {
          "Width": 0.019099028781056404,
          "Height": 0.017358621582388878,
          "Left": 0.6355305910110474,
          "Top": 0.4915418028831482
        },
        "Polygon": [
          {
            "X": 0.6355305910110474,
            "Y": 0.49155116081237793
          },
          {
            "X": 0.6545540690422058,
            "Y": 0.4915418028831482
          },
          {
            "X": 0.6546295881271362,
            "Y": 0.5088887214660645
          },
          {
            "X": 0.635601818561554,
            "Y": 0.5089004635810852
          }
        ]
      },
      "Id": "ffc870c4-4900-4cb7-9853-9604a2b15c30",
      "Relationships": [
        {
          "Type": "CHILD",
          "Ids": [
            "64d33742-6751-4bd5-9f5c-48d560177a77"
          ]
        }
      ],
      "Page": 1
    },
    {
      "BlockType": "LINE",
      "Confidence": 99.70535278320312,
      "Text": "EP-PEEKTOH (5)",
      "Geometry": {
        "BoundingBox": {
          "Width": 0.10408123582601547,
          "Height": 0.02178974449634552,
          "Left": 0.24417594075202942,
          "Top": 0.521369457244873
        },
        "Polygon": [
          {
            "X": 0.24419811367988586,
            "Y": 0.5214428305625916
          },
          {
            "X": 0.34824976325035095,
            "Y": 0.521369457244873
          },
          {
            "X": 0.3482571840286255,
            "Y": 0.5430694818496704
          },
          {
            "X": 0.24417594075202942,
            "Y": 0.5431591868400574
          }
        ]
      },
      "Id": "d1333408-e910-4df3-af3e-ed86ec93d35b",
      "Relationships": [
        {
          "Type": "CHILD",
          "Ids": [
            "1019367e-77fb-43c7-815b-bf0db14f258d",
            "41ee5745-6815-4765-a10f-b33c9fd824d1"
          ]
        }
      ],
      "Page": 1
    },
    {
      "BlockType": "LINE",
      "Confidence": 99.96278381347656,
      "Text": "100",
      "Geometry": {
        "BoundingBox": {
          "Width": 0.022493576630949974,
          "Height": 0.017430853098630905,
          "Left": 0.385193794965744,
          "Top": 0.5222094655036926
        },
        "Polygon": [
          {
            "X": 0.385193794965744,
            "Y": 0.5222254395484924
          },
          {
            "X": 0.407667875289917,
            "Y": 0.5222094655036926
          },
          {
            "X": 0.40768739581108093,
            "Y": 0.5396214723587036
          },
          {
            "X": 0.3852081894874573,
            "Y": 0.5396403074264526
          }
        ]
      },
      "Id": "c5b48516-7d4e-4a8e-ba02-170ade855f9a",
      "Relationships": [
        {
          "Type": "CHILD",
          "Ids": [
            "ac4a3310-5713-4391-98e2-c4ef1f94edce"
          ]
        }
      ],
      "Page": 1
    },
    {
      "BlockType": "LINE",
      "Confidence": 99.88851165771484,
      "Text": "5",
      "Geometry": {
        "BoundingBox": {
          "Width": 0.007121647242456675,
          "Height": 0.016677185893058777,
          "Left": 0.48461732268333435,
          "Top": 0.5228394865989685
        },
        "Polygon": [
          {
            "X": 0.48461732268333435,
            "Y": 0.5228446125984192
          },
          {
            "X": 0.4917019307613373,
            "Y": 0.5228394865989685
          },
          {
            "X": 0.4917389750480652,
            "Y": 0.5395107865333557
          },
          {
            "X": 0.4846528172492981,
            "Y": 0.5395166873931885
          }
        ]
      },
      "Id": "8c474cff-dabe-40fa-85c4-f7875268c333",
      "Relationships": [
        {
          "Type": "CHILD",
          "Ids": [
            "5ecb7ad2-8947-4aac-bebe-45f09e59f9a1"
          ]
        }
      ],
      "Page": 1
    },
    {
      "BlockType": "LINE",
      "Confidence": 99.86974334716797,
      "Text": "5.3",
      "Geometry": {
        "BoundingBox": {
          "Width": 0.01913280598819256,
          "Height": 0.01711679995059967,
          "Left": 0.6355507373809814,
          "Top": 0.5226454138755798
        },
        "Polygon": [
          {
            "X": 0.6355507373809814,
            "Y": 0.5226590633392334
          },
          {
            "X": 0.6546090841293335,
            "Y": 0.5226454138755798
          },
          {
            "X": 0.654683530330658,
            "Y": 0.5397462248802185
          },
          {
            "X": 0.6356209516525269,
            "Y": 0.5397621989250183
          }
        ]
      },
      "Id": "bb6a9fb1-31a4-4a70-af04-a1a2fa27c6e2",
      "Relationships": [
        {
          "Type": "CHILD",
          "Ids": [
            "8b3622ff-8b59-4d49-a3a1-6b83ffd8c9a9"
          ]
        }
      ],
      "Page": 1
    },
    {
      "BlockType": "LINE",
      "Confidence": 99.7151107788086,
      "Text": "EP-PEEKTOH (10)",
      "Geometry": {
        "BoundingBox": {
          "Width": 0.11164034157991409,
          "Height": 0.021216509863734245,
          "Left": 0.2440609335899353,
          "Top": 0.5522604584693909
        },
        "Polygon": [
          {
            "X": 0.244082510471344,
            "Y": 0.5523640513420105
          },
          {
            "X": 0.3556919991970062,
            "Y": 0.5522604584693909
          },
          {
            "X": 0.3557012677192688,
            "Y": 0.5733563303947449
          },
          {
            "X": 0.2440609335899353,
            "Y": 0.5734769701957703
          }
        ]
      },
      "Id": "3e62d5fa-b9bd-421f-8269-75db05e2e2a4",
      "Relationships": [
        {
          "Type": "CHILD",
          "Ids": [
            "0e2969c5-796e-4075-a64b-abdb7a413781",
            "1824346f-9e43-4b61-84d3-61d008cb0fbf"
          ]
        }
      ],
      "Page": 1
    },
    {
      "BlockType": "LINE",
      "Confidence": 99.9652099609375,
      "Text": "100",
      "Geometry": {
        "BoundingBox": {
          "Width": 0.022388111799955368,
          "Height": 0.01761825755238533,
          "Left": 0.3852601647377014,
          "Top": 0.5530148148536682
        },
        "Polygon": [
          {
            "X": 0.3852601647377014,
            "Y": 0.5530356764793396
          },
          {
            "X": 0.40762859582901,
            "Y": 0.5530148148536682
          },
          {
            "X": 0.4076482951641083,
            "Y": 0.5706093311309814
          },
          {
            "X": 0.3852747082710266,
            "Y": 0.570633053779602
          }
        ]
      },
      "Id": "720e3ead-0c6e-4a0d-81c8-fb33a25b2e46",
      "Relationships": [
        {
          "Type": "CHILD",
          "Ids": [
            "72a6a030-e2c8-4812-ad6e-da7dbd0710a3"
          ]
        }
      ],
      "Page": 1
    },
    {
      "BlockType": "LINE",
      "Confidence": 99.93363952636719,
      "Text": "10",
      "Geometry": {
        "BoundingBox": {
          "Width": 0.014548714272677898,
          "Height": 0.017430372536182404,
          "Left": 0.48498252034187317,
          "Top": 0.5530539155006409
        },
        "Polygon": [
          {
            "X": 0.48498252034187317,
            "Y": 0.5530675053596497
          },
          {
            "X": 0.49949079751968384,
            "Y": 0.5530539155006409
          },
          {
            "X": 0.49953123927116394,
            "Y": 0.5704689025878906
          },
          {
            "X": 0.48501965403556824,
            "Y": 0.5704842805862427
          }
        ]
      },
      "Id": "edf9351f-a34a-4e39-9a1b-46811d88cf74",
      "Relationships": [
        {
          "Type": "CHILD",
          "Ids": [
            "d1264e3c-e449-4ec6-bd28-35c6287a44b1"
          ]
        }
      ],
      "Page": 1
    },
    {
      "BlockType": "LINE",
      "Confidence": 73.41554260253906,
      "Text": "4.9",
      "Geometry": {
        "BoundingBox": {
          "Width": 0.019294746220111847,
          "Height": 0.01725994236767292,
          "Left": 0.635431170463562,
          "Top": 0.5531603693962097
        },
        "Polygon": [
          {
            "X": 0.635431170463562,
            "Y": 0.5531784296035767
          },
          {
            "X": 0.654650866985321,
            "Y": 0.5531603693962097
          },
          {
            "X": 0.6547259092330933,
            "Y": 0.5703999400138855
          },
          {
            "X": 0.6355019211769104,
            "Y": 0.5704203248023987
          }
        ]
      },
      "Id": "fe5dad4c-eb04-4274-b507-43a6e07ff2ff",
      "Relationships": [
        {
          "Type": "CHILD",
          "Ids": [
            "bf5baadb-37b7-4de6-ba01-a3fa0af3a030"
          ]
        }
      ],
      "Page": 1
    },
    {
      "BlockType": "LINE",
      "Confidence": 99.64073944091797,
      "Text": "EP-PEEKTOH (15)",
      "Geometry": {
        "BoundingBox": {
          "Width": 0.11159750819206238,
          "Height": 0.021321818232536316,
          "Left": 0.24414676427841187,
          "Top": 0.5817425847053528
        },
        "Polygon": [
          {
            "X": 0.24416838586330414,
            "Y": 0.581869900226593
          },
          {
            "X": 0.3557349443435669,
            "Y": 0.5817425847053528
          },
          {
            "X": 0.35574427247047424,
            "Y": 0.6029199361801147
          },
          {
            "X": 0.24414676427841187,
            "Y": 0.6030644178390503
          }
        ]
      },
      "Id": "5d8da7b3-b24e-4d2b-b2ee-2e8bb7c27f52",
      "Relationships": [
        {
          "Type": "CHILD",
          "Ids": [
            "47619f36-25f9-49ba-8f52-a1c956c17b24",
            "efe9410a-e422-4e6a-9416-20a232adcba6"
          ]
        }
      ],
      "Page": 1
    },
    {
      "BlockType": "LINE",
      "Confidence": 99.97895812988281,
      "Text": "100",
      "Geometry": {
        "BoundingBox": {
          "Width": 0.022427061572670937,
          "Height": 0.017788037657737732,
          "Left": 0.3852223753929138,
          "Top": 0.5822667479515076
        },
        "Polygon": [
          {
            "X": 0.3852223753929138,
            "Y": 0.582292377948761
          },
          {
            "X": 0.4076295793056488,
            "Y": 0.5822667479515076
          },
          {
            "X": 0.4076494574546814,
            "Y": 0.6000261902809143
          },
          {
            "X": 0.38523703813552856,
            "Y": 0.6000547409057617
          }
        ]
      },
      "Id": "195cd8d9-a52f-43c5-95c0-2352bbe3ca4e",
      "Relationships": [
        {
          "Type": "CHILD",
          "Ids": [
            "1652d194-9e0d-42ee-8dae-7851a2928747"
          ]
        }
      ],
      "Page": 1
    },
    {
      "BlockType": "LINE",
      "Confidence": 99.9117431640625,
      "Text": "15",
      "Geometry": {
        "BoundingBox": {
          "Width": 0.014426201581954956,
          "Height": 0.01737525686621666,
          "Left": 0.48494186997413635,
          "Top": 0.5824651718139648
        },
        "Polygon": [
          {
            "X": 0.48494186997413635,
            "Y": 0.5824816823005676
          },
          {
            "X": 0.4993278384208679,
            "Y": 0.5824651718139648
          },
          {
            "X": 0.4993680715560913,
            "Y": 0.5998221039772034
          },
          {
            "X": 0.4849788546562195,
            "Y": 0.5998404622077942
          }
        ]
      },
      "Id": "2872b95c-c956-4c90-87ac-15585a28fa9a",
      "Relationships": [
        {
          "Type": "CHILD",
          "Ids": [
            "ba456d71-db7e-46d4-bc90-b35d593b17ee"
          ]
        }
      ],
      "Page": 1
    },
    {
      "BlockType": "LINE",
      "Confidence": 82.89580535888672,
      "Text": "4.7",
      "Geometry": {
        "BoundingBox": {
          "Width": 0.019245972856879234,
          "Height": 0.017317255958914757,
          "Left": 0.6354739665985107,
          "Top": 0.5825587511062622
        },
        "Polygon": [
          {
            "X": 0.6354739665985107,
            "Y": 0.5825808048248291
          },
          {
            "X": 0.6546446681022644,
            "Y": 0.5825587511062622
          },
          {
            "X": 0.6547199487686157,
            "Y": 0.5998515486717224
          },
          {
            "X": 0.6355448961257935,
            "Y": 0.5998759865760803
          }
        ]
      },
      "Id": "2ed75ce8-763a-4027-a9a0-f43efe60e0a9",
      "Relationships": [
        {
          "Type": "CHILD",
          "Ids": [
            "b3c9b09f-216c-40ad-acef-d4b862bd0a89"
          ]
        }
      ],
      "Page": 1
    },
    {
      "BlockType": "WORD",
      "Confidence": 99.8994140625,
      "Text": "System",
      "TextType": "PRINTED",
      "Geometry": {
        "BoundingBox": {
          "Width": 0.042920202016830444,
          "Height": 0.02241034246981144,
          "Left": 0.2442799210548401,
          "Top": 0.3981456160545349
        },
        "Polygon": [
          {
            "X": 0.24430280923843384,
            "Y": 0.3981456160545349
          },
          {
            "X": 0.28720012307167053,
            "Y": 0.39815354347229004
          },
          {
            "X": 0.2871898412704468,
            "Y": 0.420555979013443
          },
          {
            "X": 0.2442799210548401,
            "Y": 0.4205549657344818
          }
        ]
      },
      "Id": "f7124b9f-2c10-4ce3-988c-fa8d2f115850",
      "Page": 1
    },
    {
      "BlockType": "WORD",
      "Confidence": 99.54905700683594,
      "Text": "Epoxy",
      "TextType": "PRINTED",
      "Geometry": {
        "BoundingBox": {
          "Width": 0.03727435693144798,
          "Height": 0.022382548078894615,
          "Left": 0.38469594717025757,
          "Top": 0.39808210730552673
        },
        "Polygon": [
          {
            "X": 0.38469594717025757,
            "Y": 0.39808210730552673
          },
          {
            "X": 0.42194101214408875,
            "Y": 0.3980890214443207
          },
          {
            "X": 0.42197030782699585,
            "Y": 0.4204646646976471
          },
          {
            "X": 0.3847143054008484,
            "Y": 0.42046377062797546
          }
        ]
      },
      "Id": "e18ea716-e2a0-4be1-8ba7-741d53a27bc7",
      "Page": 1
    },
    {
      "BlockType": "WORD",
      "Confidence": 99.83671569824219,
      "Text": "resin",
      "TextType": "PRINTED",
      "Geometry": {
        "BoundingBox": {
          "Width": 0.029646875336766243,
          "Height": 0.017922837287187576,
          "Left": 0.4261218309402466,
          "Top": 0.39770981669425964
        },
        "Polygon": [
          {
            "X": 0.4261218309402466,
            "Y": 0.39770981669425964
          },
          {
            "X": 0.45573729276657104,
            "Y": 0.39771538972854614
          },
          {
            "X": 0.4557687044143677,
            "Y": 0.4156326651573181
          },
          {
            "X": 0.4261462688446045,
            "Y": 0.41563093662261963
          }
        ]
      },
      "Id": "1d29b395-f6d8-4a14-9eba-885ddb7291e4",
      "Page": 1
    },
    {
      "BlockType": "WORD",
      "Confidence": 99.87052917480469,
      "Text": "PEEKTOH",
      "TextType": "PRINTED",
      "Geometry": {
        "BoundingBox": {
          "Width": 0.06097184494137764,
          "Height": 0.017416754737496376,
          "Left": 0.48436439037323,
          "Top": 0.3980277478694916
        },
        "Polygon": [
          {
            "X": 0.48436439037323,
            "Y": 0.3980277478694916
          },
          {
            "X": 0.5452852845191956,
            "Y": 0.3980390727519989
          },
          {
            "X": 0.5453362464904785,
            "Y": 0.4154444932937622
          },
          {
            "X": 0.4844014644622803,
            "Y": 0.4154408276081085
          }
        ]
      },
      "Id": "abcedab9-3357-417f-9dd6-6fe82e8a926e",
      "Page": 1
    },
    {
      "BlockType": "WORD",
      "Confidence": 99.75747680664062,
      "Text": "Epoxy",
      "TextType": "PRINTED",
      "Geometry": {
        "BoundingBox": {
          "Width": 0.0372857004404068,
          "Height": 0.022584114223718643,
          "Left": 0.6356477737426758,
          "Top": 0.3979818522930145
        },
        "Polygon": [
          {
            "X": 0.6356477737426758,
            "Y": 0.3979818522930145
          },
          {
            "X": 0.6728295683860779,
            "Y": 0.39798876643180847
          },
          {
            "X": 0.6729334592819214,
            "Y": 0.42056596279144287
          },
          {
            "X": 0.6357406377792358,
            "Y": 0.42056509852409363
          }
        ]
      },
      "Id": "e47304fa-6580-481b-9a10-e4c60b2b2b92",
      "Page": 1
    },
    {
      "BlockType": "WORD",
      "Confidence": 99.95468139648438,
      "Text": "value",
      "TextType": "PRINTED",
      "Geometry": {
        "BoundingBox": {
          "Width": 0.03301526606082916,
          "Height": 0.018532874062657356,
          "Left": 0.676984965801239,
          "Top": 0.3970584273338318
        },
        "Polygon": [
          {
            "X": 0.676984965801239,
            "Y": 0.3970584273338318
          },
          {
            "X": 0.7099059820175171,
            "Y": 0.39706477522850037
          },
          {
            "X": 0.710000216960907,
            "Y": 0.415591299533844
          },
          {
            "X": 0.677071213722229,
            "Y": 0.4155893623828888
          }
        ]
      },
      "Id": "e7bb31b3-9c62-46d7-9be5-090cc2e17d34",
      "Page": 1
    },
    {
      "BlockType": "WORD",
      "Confidence": 99.76689147949219,
      "Text": "(eq/kg)",
      "TextType": "PRINTED",
      "Geometry": {
        "BoundingBox": {
          "Width": 0.04565700516104698,
          "Height": 0.02334900200366974,
          "Left": 0.7142513394355774,
          "Top": 0.3968081772327423
        },
        "Polygon": [
          {
            "X": 0.7142513394355774,
            "Y": 0.3968081772327423
          },
          {
            "X": 0.7597743272781372,
            "Y": 0.39681705832481384
          },
          {
            "X": 0.7599083185195923,
            "Y": 0.42015719413757324
          },
          {
            "X": 0.7143714427947998,
            "Y": 0.42015600204467773
          }
        ]
      },
      "Id": "b934d71a-5cd6-4ad5-a735-b1965a072b6a",
      "Page": 1
    },
    {
      "BlockType": "WORD",
      "Confidence": 99.92417907714844,
      "Text": "(g)",
      "TextType": "PRINTED",
      "Geometry": {
        "BoundingBox": {
          "Width": 0.01678786426782608,
          "Height": 0.02277110144495964,
          "Left": 0.3849859833717346,
          "Top": 0.44303008913993835
        },
        "Polygon": [
          {
            "X": 0.3849859833717346,
            "Y": 0.4430324137210846
          },
          {
            "X": 0.4017500579357147,
            "Y": 0.44303008913993835
          },
          {
            "X": 0.4017738401889801,
            "Y": 0.4657960832118988
          },
          {
            "X": 0.3850047290325165,
            "Y": 0.4658011794090271
          }
        ]
      },
      "Id": "bd05013d-b20b-4997-854e-8f8ec4a51235",
      "Page": 1
    },
    {
      "BlockType": "WORD",
      "Confidence": 99.52726745605469,
      "Text": "(wt.",
      "TextType": "PRINTED",
      "Geometry": {
        "BoundingBox": {
          "Width": 0.023004980757832527,
          "Height": 0.020870983600616455,
          "Left": 0.48493462800979614,
          "Top": 0.4434036910533905
        },
        "Polygon": [
          {
            "X": 0.48493462800979614,
            "Y": 0.44340693950653076
          },
          {
            "X": 0.5078887939453125,
            "Y": 0.4434036910533905
          },
          {
            "X": 0.5079396367073059,
            "Y": 0.46426793932914734
          },
          {
            "X": 0.48497918248176575,
            "Y": 0.46427467465400696
          }
        ]
      },
      "Id": "433ecc79-7390-4f1a-84a3-b5e5426d6edb",
      "Page": 1
    },
    {
      "BlockType": "WORD",
      "Confidence": 99.89716339111328,
      "Text": "%",
      "TextType": "PRINTED",
      "Geometry": {
        "BoundingBox": {
          "Width": 0.012524740770459175,
          "Height": 0.0177435465157032,
          "Left": 0.5125888586044312,
          "Top": 0.4438265264034271
        },
        "Polygon": [
          {
            "X": 0.5125888586044312,
            "Y": 0.4438283443450928
          },
          {
            "X": 0.5250663757324219,
            "Y": 0.4438265264034271
          },
          {
            "X": 0.525113582611084,
            "Y": 0.46156665682792664
          },
          {
            "X": 0.5126331448554993,
            "Y": 0.4615700840950012
          }
        ]
      },
      "Id": "d9fb0a25-a97f-48f5-9f78-be520fb638d4",
      "Page": 1
    },
    {
      "BlockType": "WORD",
      "Confidence": 99.01520538330078,
      "Text": "w.r.t.",
      "TextType": "PRINTED",
      "Geometry": {
        "BoundingBox": {
          "Width": 0.03165667876601219,
          "Height": 0.014598759822547436,
          "Left": 0.5289652943611145,
          "Top": 0.44697681069374084
        },
        "Polygon": [
          {
            "X": 0.5289652943611145,
            "Y": 0.44698214530944824
          },
          {
            "X": 0.560576319694519,
            "Y": 0.44697681069374084
          },
          {
            "X": 0.560621976852417,
            "Y": 0.4615669250488281
          },
          {
            "X": 0.5290048718452454,
            "Y": 0.46157556772232056
          }
        ]
      },
      "Id": "e83eb095-2c27-423c-a5a6-aa1463228292",
      "Page": 1
    },
    {
      "BlockType": "WORD",
      "Confidence": 99.10604858398438,
      "Text": "epoxy)",
      "TextType": "PRINTED",
      "Geometry": {
        "BoundingBox": {
          "Width": 0.0410764180123806,
          "Height": 0.02290031872689724,
          "Left": 0.5653313398361206,
          "Top": 0.44346651434898376
        },
        "Polygon": [
          {
            "X": 0.5653313398361206,
            "Y": 0.44347235560417175
          },
          {
            "X": 0.6063224673271179,
            "Y": 0.44346651434898376
          },
          {
            "X": 0.6064077615737915,
            "Y": 0.4663541913032532
          },
          {
            "X": 0.5654043555259705,
            "Y": 0.46636682748794556
          }
        ]
      },
      "Id": "2f2ae89e-03b4-4a3b-8df3-38600f51eaee",
      "Page": 1
    },
    {
      "BlockType": "WORD",
      "Confidence": 99.91409301757812,
      "Text": "EP-NEAT",
      "TextType": "PRINTED",
      "Geometry": {
        "BoundingBox": {
          "Width": 0.05570036172866821,
          "Height": 0.016860757023096085,
          "Left": 0.2446899563074112,
          "Top": 0.49173420667648315
        },
        "Polygon": [
          {
            "X": 0.24470703303813934,
            "Y": 0.49176153540611267
          },
          {
            "X": 0.3003903031349182,
            "Y": 0.49173420667648315
          },
          {
            "X": 0.3003855049610138,
            "Y": 0.508560836315155
          },
          {
            "X": 0.2446899563074112,
            "Y": 0.5085949897766113
          }
        ]
      },
      "Id": "b064626d-7274-4241-a8f3-b974ef98739c",
      "Page": 1
    },
    {
      "BlockType": "WORD",
      "Confidence": 99.97164916992188,
      "Text": "100",
      "TextType": "PRINTED",
      "Geometry": {
        "BoundingBox": {
          "Width": 0.022539833560585976,
          "Height": 0.017652375623583794,
          "Left": 0.38506999611854553,
          "Top": 0.4913821518421173
        },
        "Polygon": [
          {
            "X": 0.38506999611854553,
            "Y": 0.49139314889907837
          },
          {
            "X": 0.4075900912284851,
            "Y": 0.4913821518421173
          },
          {
            "X": 0.40760982036590576,
            "Y": 0.5090206265449524
          },
          {
            "X": 0.3850845396518707,
            "Y": 0.5090345144271851
          }
        ]
      },
      "Id": "45655bb8-34f3-4fa8-a84c-2444b071d1df",
      "Page": 1
    },
    {
      "BlockType": "WORD",
      "Confidence": 99.14323425292969,
      "Text": "0",
      "TextType": "PRINTED",
      "Geometry": {
        "BoundingBox": {
          "Width": 0.007384787779301405,
          "Height": 0.01700056530535221,
          "Left": 0.484404057264328,
          "Top": 0.49163031578063965
        },
        "Polygon": [
          {
            "X": 0.484404057264328,
            "Y": 0.49163392186164856
          },
          {
            "X": 0.4917510747909546,
            "Y": 0.49163031578063965
          },
          {
            "X": 0.4917888641357422,
            "Y": 0.5086263418197632
          },
          {
            "X": 0.4844402074813843,
            "Y": 0.5086308717727661
          }
        ]
      },
      "Id": "9af25861-5bc0-482b-9efd-1b8f8cf7a8cd",
      "Page": 1
    },
    {
      "BlockType": "WORD",
      "Confidence": 99.7725830078125,
      "Text": "5.4",
      "TextType": "PRINTED",
      "Geometry": {
        "BoundingBox": {
          "Width": 0.019099028781056404,
          "Height": 0.017358621582388878,
          "Left": 0.6355305910110474,
          "Top": 0.4915418028831482
        },
        "Polygon": [
          {
            "X": 0.6355305910110474,
            "Y": 0.49155116081237793
          },
          {
            "X": 0.6545540690422058,
            "Y": 0.4915418028831482
          },
          {
            "X": 0.6546295881271362,
            "Y": 0.5088887214660645
          },
          {
            "X": 0.635601818561554,
            "Y": 0.5089004635810852
          }
        ]
      },
      "Id": "64d33742-6751-4bd5-9f5c-48d560177a77",
      "Page": 1
    },
    {
      "BlockType": "WORD",
      "Confidence": 99.45771026611328,
      "Text": "EP-PEEKTOH",
      "TextType": "PRINTED",
      "Geometry": {
        "BoundingBox": {
          "Width": 0.08205954730510712,
          "Height": 0.01726531982421875,
          "Left": 0.2441796362400055,
          "Top": 0.5222712159156799
        },
        "Polygon": [
          {
            "X": 0.24419720470905304,
            "Y": 0.5223296284675598
          },
          {
            "X": 0.3262382447719574,
            "Y": 0.5222712159156799
          },
          {
            "X": 0.3262391686439514,
            "Y": 0.5394679307937622
          },
          {
            "X": 0.2441796362400055,
            "Y": 0.5395365357398987
          }
        ]
      },
      "Id": "1019367e-77fb-43c7-815b-bf0db14f258d",
      "Page": 1
    },
    {
      "BlockType": "WORD",
      "Confidence": 99.95298767089844,
      "Text": "(5)",
      "TextType": "PRINTED",
      "Geometry": {
        "BoundingBox": {
          "Width": 0.017925206571817398,
          "Height": 0.02171548269689083,
          "Left": 0.330331951379776,
          "Top": 0.521369457244873
        },
        "Polygon": [
          {
            "X": 0.330331951379776,
            "Y": 0.5213820934295654
          },
          {
            "X": 0.34824976325035095,
            "Y": 0.521369457244873
          },
          {
            "X": 0.3482571840286255,
            "Y": 0.5430694818496704
          },
          {
            "X": 0.33033430576324463,
            "Y": 0.543084979057312
          }
        ]
      },
      "Id": "41ee5745-6815-4765-a10f-b33c9fd824d1",
      "Page": 1
    },
    {
      "BlockType": "WORD",
      "Confidence": 99.96278381347656,
      "Text": "100",
      "TextType": "PRINTED",
      "Geometry": {
        "BoundingBox": {
          "Width": 0.022493576630949974,
          "Height": 0.017430853098630905,
          "Left": 0.385193794965744,
          "Top": 0.5222094655036926
        },
        "Polygon": [
          {
            "X": 0.385193794965744,
            "Y": 0.5222254395484924
          },
          {
            "X": 0.407667875289917,
            "Y": 0.5222094655036926
          },
          {
            "X": 0.40768739581108093,
            "Y": 0.5396214723587036
          },
          {
            "X": 0.3852081894874573,
            "Y": 0.5396403074264526
          }
        ]
      },
      "Id": "ac4a3310-5713-4391-98e2-c4ef1f94edce",
      "Page": 1
    },
    {
      "BlockType": "WORD",
      "Confidence": 99.88851165771484,
      "Text": "5",
      "TextType": "PRINTED",
      "Geometry": {
        "BoundingBox": {
          "Width": 0.007121647242456675,
          "Height": 0.016677185893058777,
          "Left": 0.48461732268333435,
          "Top": 0.5228394865989685
        },
        "Polygon": [
          {
            "X": 0.48461732268333435,
            "Y": 0.5228446125984192
          },
          {
            "X": 0.4917019307613373,
            "Y": 0.5228394865989685
          },
          {
            "X": 0.4917389750480652,
            "Y": 0.5395107865333557
          },
          {
            "X": 0.4846528172492981,
            "Y": 0.5395166873931885
          }
        ]
      },
      "Id": "5ecb7ad2-8947-4aac-bebe-45f09e59f9a1",
      "Page": 1
    },
    {
      "BlockType": "WORD",
      "Confidence": 99.86974334716797,
      "Text": "5.3",
      "TextType": "PRINTED",
      "Geometry": {
        "BoundingBox": {
          "Width": 0.01913280598819256,
          "Height": 0.01711679995059967,
          "Left": 0.6355507373809814,
          "Top": 0.5226454138755798
        },
        "Polygon": [
          {
            "X": 0.6355507373809814,
            "Y": 0.5226590633392334
          },
          {
            "X": 0.6546090841293335,
            "Y": 0.5226454138755798
          },
          {
            "X": 0.654683530330658,
            "Y": 0.5397462248802185
          },
          {
            "X": 0.6356209516525269,
            "Y": 0.5397621989250183
          }
        ]
      },
      "Id": "8b3622ff-8b59-4d49-a3a1-6b83ffd8c9a9",
      "Page": 1
    },
    {
      "BlockType": "WORD",
      "Confidence": 99.5247802734375,
      "Text": "EP-PEEKTOH",
      "TextType": "PRINTED",
      "Geometry": {
        "BoundingBox": {
          "Width": 0.0817653089761734,
          "Height": 0.017397485673427582,
          "Left": 0.2440641075372696,
          "Top": 0.552970290184021
        },
        "Polygon": [
          {
            "X": 0.24408181011676788,
            "Y": 0.5530465841293335
          },
          {
            "X": 0.32582858204841614,
            "Y": 0.552970290184021
          },
          {
            "X": 0.325829416513443,
            "Y": 0.5702812671661377
          },
          {
            "X": 0.2440641075372696,
            "Y": 0.5703678131103516
          }
        ]
      },
      "Id": "0e2969c5-796e-4075-a64b-abdb7a413781",
      "Page": 1
    },
    {
      "BlockType": "WORD",
      "Confidence": 99.90542602539062,
      "Text": "(10)",
      "TextType": "PRINTED",
      "Geometry": {
        "BoundingBox": {
          "Width": 0.02512075938284397,
          "Height": 0.021122999489307404,
          "Left": 0.3305805027484894,
          "Top": 0.5522604584693909
        },
        "Polygon": [
          {
            "X": 0.3305805027484894,
            "Y": 0.552283763885498
          },
          {
            "X": 0.3556919991970062,
            "Y": 0.5522604584693909
          },
          {
            "X": 0.3557012677192688,
            "Y": 0.5733563303947449
          },
          {
            "X": 0.3305828273296356,
            "Y": 0.5733834505081177
          }
        ]
      },
      "Id": "1824346f-9e43-4b61-84d3-61d008cb0fbf",
      "Page": 1
    },
    {
      "BlockType": "WORD",
      "Confidence": 99.9652099609375,
      "Text": "100",
      "TextType": "PRINTED",
      "Geometry": {
        "BoundingBox": {
          "Width": 0.022388111799955368,
          "Height": 0.01761825755238533,
          "Left": 0.3852601647377014,
          "Top": 0.5530148148536682
        },
        "Polygon": [
          {
            "X": 0.3852601647377014,
            "Y": 0.5530356764793396
          },
          {
            "X": 0.40762859582901,
            "Y": 0.5530148148536682
          },
          {
            "X": 0.4076482951641083,
            "Y": 0.5706093311309814
          },
          {
            "X": 0.3852747082710266,
            "Y": 0.570633053779602
          }
        ]
      },
      "Id": "72a6a030-e2c8-4812-ad6e-da7dbd0710a3",
      "Page": 1
    },
    {
      "BlockType": "WORD",
      "Confidence": 99.93363952636719,
      "Text": "10",
      "TextType": "PRINTED",
      "Geometry": {
        "BoundingBox": {
          "Width": 0.014548714272677898,
          "Height": 0.017430372536182404,
          "Left": 0.48498252034187317,
          "Top": 0.5530539155006409
        },
        "Polygon": [
          {
            "X": 0.48498252034187317,
            "Y": 0.5530675053596497
          },
          {
            "X": 0.49949079751968384,
            "Y": 0.5530539155006409
          },
          {
            "X": 0.49953123927116394,
            "Y": 0.5704689025878906
          },
          {
            "X": 0.48501965403556824,
            "Y": 0.5704842805862427
          }
        ]
      },
      "Id": "d1264e3c-e449-4ec6-bd28-35c6287a44b1",
      "Page": 1
    },
    {
      "BlockType": "WORD",
      "Confidence": 73.41554260253906,
      "Text": "4.9",
      "TextType": "PRINTED",
      "Geometry": {
        "BoundingBox": {
          "Width": 0.019294746220111847,
          "Height": 0.01725994236767292,
          "Left": 0.635431170463562,
          "Top": 0.5531603693962097
        },
        "Polygon": [
          {
            "X": 0.635431170463562,
            "Y": 0.5531784296035767
          },
          {
            "X": 0.654650866985321,
            "Y": 0.5531603693962097
          },
          {
            "X": 0.6547259092330933,
            "Y": 0.5703999400138855
          },
          {
            "X": 0.6355019211769104,
            "Y": 0.5704203248023987
          }
        ]
      },
      "Id": "bf5baadb-37b7-4de6-ba01-a3fa0af3a030",
      "Page": 1
    },
    {
      "BlockType": "WORD",
      "Confidence": 99.3292007446289,
      "Text": "EP-PEEKTOH",
      "TextType": "PRINTED",
      "Geometry": {
        "BoundingBox": {
          "Width": 0.08167212456464767,
          "Height": 0.017427556216716766,
          "Left": 0.2441500425338745,
          "Top": 0.5824255347251892
        },
        "Polygon": [
          {
            "X": 0.2441677302122116,
            "Y": 0.5825191140174866
          },
          {
            "X": 0.3258213400840759,
            "Y": 0.5824255347251892
          },
          {
            "X": 0.3258221745491028,
            "Y": 0.5997492671012878
          },
          {
            "X": 0.2441500425338745,
            "Y": 0.5998530387878418
          }
        ]
      },
      "Id": "47619f36-25f9-49ba-8f52-a1c956c17b24",
      "Page": 1
    },
    {
      "BlockType": "WORD",
      "Confidence": 99.95227813720703,
      "Text": "(15)",
      "TextType": "PRINTED",
      "Geometry": {
        "BoundingBox": {
          "Width": 0.02520100213587284,
          "Height": 0.02120998688042164,
          "Left": 0.33054324984550476,
          "Top": 0.5817425847053528
        },
        "Polygon": [
          {
            "X": 0.33054324984550476,
            "Y": 0.5817713141441345
          },
          {
            "X": 0.3557349443435669,
            "Y": 0.5817425847053528
          },
          {
            "X": 0.35574427247047424,
            "Y": 0.6029199361801147
          },
          {
            "X": 0.3305456042289734,
            "Y": 0.6029525995254517
          }
        ]
      },
      "Id": "efe9410a-e422-4e6a-9416-20a232adcba6",
      "Page": 1
    },
    {
      "BlockType": "WORD",
      "Confidence": 99.97895812988281,
      "Text": "100",
      "TextType": "PRINTED",
      "Geometry": {
        "BoundingBox": {
          "Width": 0.022427061572670937,
          "Height": 0.017788037657737732,
          "Left": 0.3852223753929138,
          "Top": 0.5822667479515076
        },
        "Polygon": [
          {
            "X": 0.3852223753929138,
            "Y": 0.582292377948761
          },
          {
            "X": 0.4076295793056488,
            "Y": 0.5822667479515076
          },
          {
            "X": 0.4076494574546814,
            "Y": 0.6000261902809143
          },
          {
            "X": 0.38523703813552856,
            "Y": 0.6000547409057617
          }
        ]
      },
      "Id": "1652d194-9e0d-42ee-8dae-7851a2928747",
      "Page": 1
    },
    {
      "BlockType": "WORD",
      "Confidence": 99.9117431640625,
      "Text": "15",
      "TextType": "PRINTED",
      "Geometry": {
        "BoundingBox": {
          "Width": 0.014426201581954956,
          "Height": 0.01737525686621666,
          "Left": 0.48494186997413635,
          "Top": 0.5824651718139648
        },
        "Polygon": [
          {
            "X": 0.48494186997413635,
            "Y": 0.5824816823005676
          },
          {
            "X": 0.4993278384208679,
            "Y": 0.5824651718139648
          },
          {
            "X": 0.4993680715560913,
            "Y": 0.5998221039772034
          },
          {
            "X": 0.4849788546562195,
            "Y": 0.5998404622077942
          }
        ]
      },
      "Id": "ba456d71-db7e-46d4-bc90-b35d593b17ee",
      "Page": 1
    },
    {
      "BlockType": "WORD",
      "Confidence": 82.89580535888672,
      "Text": "4.7",
      "TextType": "PRINTED",
      "Geometry": {
        "BoundingBox": {
          "Width": 0.019245972856879234,
          "Height": 0.017317255958914757,
          "Left": 0.6354739665985107,
          "Top": 0.5825587511062622
        },
        "Polygon": [
          {
            "X": 0.6354739665985107,
            "Y": 0.5825808048248291
          },
          {
            "X": 0.6546446681022644,
            "Y": 0.5825587511062622
          },
          {
            "X": 0.6547199487686157,
            "Y": 0.5998515486717224
          },
          {
            "X": 0.6355448961257935,
            "Y": 0.5998759865760803
          }
        ]
      },
      "Id": "b3c9b09f-216c-40ad-acef-d4b862bd0a89",
      "Page": 1
    },
    {
      "BlockType": "TABLE",
      "Confidence": 99.8046875,
      "Geometry": {
        "BoundingBox": {
          "Width": 0.5337653756141663,
          "Height": 0.23215533792972565,
          "Left": 0.23272137343883514,
          "Top": 0.38283199071884155
        },
        "Polygon": [
          {
            "X": 0.2329929769039154,
            "Y": 0.38283199071884155
          },
          {
            "X": 0.7651423215866089,
            "Y": 0.38298916816711426
          },
          {
            "X": 0.7664867639541626,
            "Y": 0.6142506003379822
          },
          {
            "X": 0.23272137343883514,
            "Y": 0.614987313747406
          }
        ]
      },
      "Id": "68ce386a-06c7-47d3-8b95-1bc9dd746667",
      "Relationships": [
        {
          "Type": "CHILD",
          "Ids": [
            "2d0e55ed-b500-4116-9dc2-3018495b4d2f",
            "ce0bb234-1e36-4c4a-86a4-27f1579b32e3",
            "eff63619-5c53-402f-a7e3-407d3c236183",
            "9910a80c-8eee-4c2a-918d-989cd094918e",
            "57bda98c-e12c-44a6-a19c-96fb7f8ff96d",
            "49a781b0-a618-4893-908e-1bad1137b458",
            "b7ae2b73-a698-4dd3-b98d-8ae8a643b7ab",
            "4937ab6d-213e-41fa-a159-4773c15d166e",
            "6f4d1cba-e9e4-4295-aa48-bf6b899fb7a6",
            "9bd7ab28-8129-4e91-8b87-07a237db961f",
            "feb39a96-825f-480f-98b0-e3b95f3a9491",
            "9551365e-83b5-4f13-b217-d23be22329e7",
            "631f51a8-4701-40a3-86ae-70b598e13683",
            "16110e72-8b43-413b-8f0b-03ceb704e18d",
            "615743c5-70d4-4735-91d4-21963cc3a244",
            "a9bd4a53-7ecc-42bf-994f-fef699457bc6",
            "146e90ca-f6af-4a19-8b1e-331271c0343c",
            "ee246194-8928-4b46-bcae-8fdc2efaed4c",
            "cb9001e4-b039-4a45-8d78-d41d5cae057c",
            "b8093b7b-0eb8-4429-9720-055704c5b2cb",
            "e670e619-07fb-4b80-af87-3142ad026c5a",
            "68496908-23a7-4534-9a5d-e20c58de5a61",
            "bdc7ec94-df9d-4831-b87f-b1cd87dd7902",
            "09f21401-ccf7-4fa2-bd93-fe43848dfb1d"
          ]
        },
        {
          "Type": "MERGED_CELL",
          "Ids": [
            "71b8382f-846c-4a31-9d8c-981e25df472c",
            "89bfb781-2a60-4551-8d48-75f6476bb900",
            "484b0b4d-d920-4d9d-8f3d-c7deac7f8bcb"
          ]
        }
      ],
      "EntityTypes": [
        "STRUCTURED_TABLE"
      ],
      "Page": 1
    },
    {
      "BlockType": "CELL",
      "Confidence": 56.787109375,
      "RowIndex": 1,
      "ColumnIndex": 1,
      "RowSpan": 1,
      "ColumnSpan": 1,
      "Geometry": {
        "BoundingBox": {
          "Width": 0.1369205117225647,
          "Height": 0.046353962272405624,
          "Left": 0.23295333981513977,
          "Top": 0.3833402693271637
        },
        "Polygon": [
          {
            "X": 0.23300756514072418,
            "Y": 0.3833402693271637
          },
          {
            "X": 0.36984485387802124,
            "Y": 0.3833801746368408
          },
          {
            "X": 0.36987385153770447,
            "Y": 0.42968836426734924
          },
          {
            "X": 0.23295333981513977,
            "Y": 0.4296942353248596
          }
        ]
      },
      "Id": "2d0e55ed-b500-4116-9dc2-3018495b4d2f",
      "Relationships": [
        {
          "Type": "CHILD",
          "Ids": [
            "f7124b9f-2c10-4ce3-988c-fa8d2f115850"
          ]
        }
      ],
      "EntityTypes": [
        "COLUMN_HEADER"
      ],
      "Page": 1
    },
    {
      "BlockType": "CELL",
      "Confidence": 38.037109375,
      "RowIndex": 1,
      "ColumnIndex": 2,
      "RowSpan": 1,
      "ColumnSpan": 1,
      "Geometry": {
        "BoundingBox": {
          "Width": 0.09943767637014389,
          "Height": 0.04630817845463753,
          "Left": 0.36984485387802124,
          "Top": 0.3833801746368408
        },
        "Polygon": [
          {
            "X": 0.36984485387802124,
            "Y": 0.3833801746368408
          },
          {
            "X": 0.4691932499408722,
            "Y": 0.38340917229652405
          },
          {
            "X": 0.4692825376987457,
            "Y": 0.4296841025352478
          },
          {
            "X": 0.36987385153770447,
            "Y": 0.42968836426734924
          }
        ]
      },
      "Id": "ce0bb234-1e36-4c4a-86a4-27f1579b32e3",
      "Relationships": [
        {
          "Type": "CHILD",
          "Ids": [
            "e18ea716-e2a0-4be1-8ba7-741d53a27bc7",
            "1d29b395-f6d8-4a14-9eba-885ddb7291e4"
          ]
        }
      ],
      "EntityTypes": [
        "COLUMN_HEADER"
      ],
      "Page": 1
    },
    {
      "BlockType": "CELL",
      "Confidence": 31.4453125,
      "RowIndex": 1,
      "ColumnIndex": 3,
      "RowSpan": 1,
      "ColumnSpan": 1,
      "Geometry": {
        "BoundingBox": {
          "Width": 0.15048465132713318,
          "Height": 0.04678232967853546,
          "Left": 0.4691922664642334,
          "Top": 0.38290175795555115
        },
        "Polygon": [
          {
            "X": 0.4691922664642334,
            "Y": 0.38290175795555115
          },
          {
            "X": 0.6194945573806763,
            "Y": 0.3829461634159088
          },
          {
            "X": 0.6196768879890442,
            "Y": 0.4296776354312897
          },
          {
            "X": 0.4692825376987457,
            "Y": 0.4296841025352478
          }
        ]
      },
      "Id": "eff63619-5c53-402f-a7e3-407d3c236183",
      "Relationships": [
        {
          "Type": "CHILD",
          "Ids": [
            "abcedab9-3357-417f-9dd6-6fe82e8a926e"
          ]
        }
      ],
      "EntityTypes": [
        "COLUMN_HEADER"
      ],
      "Page": 1
    },
    {
      "BlockType": "CELL",
      "Confidence": 63.76953125,
      "RowIndex": 1,
      "ColumnIndex": 4,
      "RowSpan": 1,
      "ColumnSpan": 1,
      "Geometry": {
        "BoundingBox": {
          "Width": 0.14561164379119873,
          "Height": 0.04622464254498482,
          "Left": 0.6194965243339539,
          "Top": 0.38345301151275635
        },
        "Polygon": [
          {
            "X": 0.6194965243339539,
            "Y": 0.38345301151275635
          },
          {
            "X": 0.7648399472236633,
            "Y": 0.38349539041519165
          },
          {
            "X": 0.7651081681251526,
            "Y": 0.42967140674591064
          },
          {
            "X": 0.6196768879890442,
            "Y": 0.4296776354312897
          }
        ]
      },
      "Id": "9910a80c-8eee-4c2a-918d-989cd094918e",
      "Relationships": [
        {
          "Type": "CHILD",
          "Ids": [
            "e47304fa-6580-481b-9a10-e4c60b2b2b92",
            "e7bb31b3-9c62-46d7-9be5-090cc2e17d34",
            "b934d71a-5cd6-4ad5-a735-b1965a072b6a"
          ]
        }
      ],
      "EntityTypes": [
        "COLUMN_HEADER"
      ],
      "Page": 1
    },
    {
      "BlockType": "CELL",
      "Confidence": 56.787109375,
      "RowIndex": 2,
      "ColumnIndex": 1,
      "RowSpan": 1,
      "ColumnSpan": 1,
      "Geometry": {
        "BoundingBox": {
          "Width": 0.13700613379478455,
          "Height": 0.0477062463760376,
          "Left": 0.23289754986763,
          "Top": 0.42968836426734924
        },
        "Polygon": [
          {
            "X": 0.23295333981513977,
            "Y": 0.4296942353248596
          },
          {
            "X": 0.36987385153770447,
            "Y": 0.42968836426734924
          },
          {
            "X": 0.36990368366241455,
            "Y": 0.47734156250953674
          },
          {
            "X": 0.23289754986763,
            "Y": 0.47739461064338684
          }
        ]
      },
      "Id": "57bda98c-e12c-44a6-a19c-96fb7f8ff96d",
      "EntityTypes": [
        "COLUMN_HEADER"
      ],
      "Page": 1
    },
    {
      "BlockType": "CELL",
      "Confidence": 38.037109375,
      "RowIndex": 2,
      "ColumnIndex": 2,
      "RowSpan": 1,
      "ColumnSpan": 1,
      "Geometry": {
        "BoundingBox": {
          "Width": 0.09950058162212372,
          "Height": 0.04765746369957924,
          "Left": 0.36987385153770447,
          "Top": 0.4296841025352478
        },
        "Polygon": [
          {
            "X": 0.36987385153770447,
            "Y": 0.42968836426734924
          },
          {
            "X": 0.4692825376987457,
            "Y": 0.4296841025352478
          },
          {
            "X": 0.469374418258667,
            "Y": 0.47730305790901184
          },
          {
            "X": 0.36990368366241455,
            "Y": 0.47734156250953674
          }
        ]
      },
      "Id": "49a781b0-a618-4893-908e-1bad1137b458",
      "Relationships": [
        {
          "Type": "CHILD",
          "Ids": [
            "bd05013d-b20b-4997-854e-8f8ec4a51235"
          ]
        }
      ],
      "EntityTypes": [
        "COLUMN_HEADER"
      ],
      "Page": 1
    },
    {
      "BlockType": "CELL",
      "Confidence": 36.328125,
      "RowIndex": 2,
      "ColumnIndex": 3,
      "RowSpan": 1,
      "ColumnSpan": 1,
      "Geometry": {
        "BoundingBox": {
          "Width": 0.15057997405529022,
          "Height": 0.04762540012598038,
          "Left": 0.4692825376987457,
          "Top": 0.4296776354312897
        },
        "Polygon": [
          {
            "X": 0.4692825376987457,
            "Y": 0.4296841025352478
          },
          {
            "X": 0.6196768879890442,
            "Y": 0.4296776354312897
          },
          {
            "X": 0.6198624968528748,
            "Y": 0.4772447645664215
          },
          {
            "X": 0.469374418258667,
            "Y": 0.47730305790901184
          }
        ]
      },
      "Id": "b7ae2b73-a698-4dd3-b98d-8ae8a643b7ab",
      "Relationships": [
        {
          "Type": "CHILD",
          "Ids": [
            "433ecc79-7390-4f1a-84a3-b5e5426d6edb",
            "d9fb0a25-a97f-48f5-9f78-be520fb638d4",
            "e83eb095-2c27-423c-a5a6-aa1463228292",
            "2f2ae89e-03b4-4a3b-8df3-38600f51eaee"
          ]
        }
      ],
      "EntityTypes": [
        "COLUMN_HEADER"
      ],
      "Page": 1
    },
    {
      "BlockType": "CELL",
      "Confidence": 63.76953125,
      "RowIndex": 2,
      "ColumnIndex": 4,
      "RowSpan": 1,
      "ColumnSpan": 1,
      "Geometry": {
        "BoundingBox": {
          "Width": 0.14570730924606323,
          "Height": 0.04757337272167206,
          "Left": 0.6196768879890442,
          "Top": 0.42967140674591064
        },
        "Polygon": [
          {
            "X": 0.6196768879890442,
            "Y": 0.4296776354312897
          },
          {
            "X": 0.7651081681251526,
            "Y": 0.42967140674591064
          },
          {
            "X": 0.7653841972351074,
            "Y": 0.47718843817710876
          },
          {
            "X": 0.6198624968528748,
            "Y": 0.4772447645664215
          }
        ]
      },
      "Id": "4937ab6d-213e-41fa-a159-4773c15d166e",
      "EntityTypes": [
        "COLUMN_HEADER"
      ],
      "Page": 1
    },
    {
      "BlockType": "CELL",
      "Confidence": 88.623046875,
      "RowIndex": 3,
      "ColumnIndex": 1,
      "RowSpan": 1,
      "ColumnSpan": 1,
      "Geometry": {
        "BoundingBox": {
          "Width": 0.13708852231502533,
          "Height": 0.03748157620429993,
          "Left": 0.23283855617046356,
          "Top": 0.47734156250953674
        },
        "Polygon": [
          {
            "X": 0.23288235068321228,
            "Y": 0.47739461064338684
          },
          {
            "X": 0.36990368366241455,
            "Y": 0.47734156250953674
          },
          {
            "X": 0.3699270784854889,
            "Y": 0.5147330164909363
          },
          {
            "X": 0.23283855617046356,
            "Y": 0.5148231387138367
          }
        ]
      },
      "Id": "6f4d1cba-e9e4-4295-aa48-bf6b899fb7a6",
      "Relationships": [
        {
          "Type": "CHILD",
          "Ids": [
            "b064626d-7274-4241-a8f3-b974ef98739c"
          ]
        }
      ],
      "Page": 1
    },
    {
      "BlockType": "CELL",
      "Confidence": 84.86328125,
      "RowIndex": 3,
      "ColumnIndex": 2,
      "RowSpan": 1,
      "ColumnSpan": 1,
      "Geometry": {
        "BoundingBox": {
          "Width": 0.09954284876585007,
          "Height": 0.03742997720837593,
          "Left": 0.36990368366241455,
          "Top": 0.47730305790901184
        },
        "Polygon": [
          {
            "X": 0.36990368366241455,
            "Y": 0.47734156250953674
          },
          {
            "X": 0.469374418258667,
            "Y": 0.47730305790901184
          },
          {
            "X": 0.4694465398788452,
            "Y": 0.5146676301956177
          },
          {
            "X": 0.3699270784854889,
            "Y": 0.5147330164909363
          }
        ]
      },
      "Id": "9bd7ab28-8129-4e91-8b87-07a237db961f",
      "Relationships": [
        {
          "Type": "CHILD",
          "Ids": [
            "45655bb8-34f3-4fa8-a84c-2444b071d1df"
          ]
        }
      ],
      "Page": 1
    },
    {
      "BlockType": "CELL",
      "Confidence": 88.37890625,
      "RowIndex": 3,
      "ColumnIndex": 3,
      "RowSpan": 1,
      "ColumnSpan": 1,
      "Geometry": {
        "BoundingBox": {
          "Width": 0.15063373744487762,
          "Height": 0.037422824651002884,
          "Left": 0.469374418258667,
          "Top": 0.4772447645664215
        },
        "Polygon": [
          {
            "X": 0.469374418258667,
            "Y": 0.47730305790901184
          },
          {
            "X": 0.6198624968528748,
            "Y": 0.4772447645664215
          },
          {
            "X": 0.6200081706047058,
            "Y": 0.5145686268806458
          },
          {
            "X": 0.4694465398788452,
            "Y": 0.5146676301956177
          }
        ]
      },
      "Id": "feb39a96-825f-480f-98b0-e3b95f3a9491",
      "Relationships": [
        {
          "Type": "CHILD",
          "Ids": [
            "9af25861-5bc0-482b-9efd-1b8f8cf7a8cd"
          ]
        }
      ],
      "Page": 1
    },
    {
      "BlockType": "CELL",
      "Confidence": 88.57421875,
      "RowIndex": 3,
      "ColumnIndex": 4,
      "RowSpan": 1,
      "ColumnSpan": 1,
      "Geometry": {
        "BoundingBox": {
          "Width": 0.14604417979717255,
          "Height": 0.037380319088697433,
          "Left": 0.6198624968528748,
          "Top": 0.4771883189678192
        },
        "Polygon": [
          {
            "X": 0.6198624968528748,
            "Y": 0.4772447645664215
          },
          {
            "X": 0.7656899690628052,
            "Y": 0.4771883189678192
          },
          {
            "X": 0.7659066915512085,
            "Y": 0.5144727230072021
          },
          {
            "X": 0.6200081706047058,
            "Y": 0.5145686268806458
          }
        ]
      },
      "Id": "9551365e-83b5-4f13-b217-d23be22329e7",
      "Relationships": [
        {
          "Type": "CHILD",
          "Ids": [
            "64d33742-6751-4bd5-9f5c-48d560177a77"
          ]
        }
      ],
      "Page": 1
    },
    {
      "BlockType": "CELL",
      "Confidence": 87.3046875,
      "RowIndex": 4,
      "ColumnIndex": 1,
      "RowSpan": 1,
      "ColumnSpan": 1,
      "Geometry": {
        "BoundingBox": {
          "Width": 0.13714417815208435,
          "Height": 0.031093226745724678,
          "Left": 0.23280228674411774,
          "Top": 0.5147330164909363
        },
        "Polygon": [
          {
            "X": 0.23283855617046356,
            "Y": 0.5148231387138367
          },
          {
            "X": 0.3699270784854889,
            "Y": 0.5147330164909363
          },
          {
            "X": 0.3699464797973633,
            "Y": 0.5457054376602173
          },
          {
            "X": 0.23280228674411774,
            "Y": 0.545826256275177
          }
        ]
      },
      "Id": "631f51a8-4701-40a3-86ae-70b598e13683",
      "Relationships": [
        {
          "Type": "CHILD",
          "Ids": [
            "1019367e-77fb-43c7-815b-bf0db14f258d",
            "41ee5745-6815-4765-a10f-b33c9fd824d1"
          ]
        }
      ],
      "Page": 1
    },
    {
      "BlockType": "CELL",
      "Confidence": 83.59375,
      "RowIndex": 4,
      "ColumnIndex": 2,
      "RowSpan": 1,
      "ColumnSpan": 1,
      "Geometry": {
        "BoundingBox": {
          "Width": 0.09957917034626007,
          "Height": 0.03103780373930931,
          "Left": 0.3699270784854889,
          "Top": 0.5146676301956177
        },
        "Polygon": [
          {
            "X": 0.3699270784854889,
            "Y": 0.5147330164909363
          },
          {
            "X": 0.4694465398788452,
            "Y": 0.5146676301956177
          },
          {
            "X": 0.46950626373291016,
            "Y": 0.5456176996231079
          },
          {
            "X": 0.3699464797973633,
            "Y": 0.5457054376602173
          }
        ]
      },
      "Id": "16110e72-8b43-413b-8f0b-03ceb704e18d",
      "Relationships": [
        {
          "Type": "CHILD",
          "Ids": [
            "ac4a3310-5713-4391-98e2-c4ef1f94edce"
          ]
        }
      ],
      "Page": 1
    },
    {
      "BlockType": "CELL",
      "Confidence": 87.060546875,
      "RowIndex": 4,
      "ColumnIndex": 3,
      "RowSpan": 1,
      "ColumnSpan": 1,
      "Geometry": {
        "BoundingBox": {
          "Width": 0.150682270526886,
          "Height": 0.031049050390720367,
          "Left": 0.4694465398788452,
          "Top": 0.5145686268806458
        },
        "Polygon": [
          {
            "X": 0.4694465398788452,
            "Y": 0.5146676301956177
          },
          {
            "X": 0.6200081706047058,
            "Y": 0.5145686268806458
          },
          {
            "X": 0.6201288104057312,
            "Y": 0.5454849600791931
          },
          {
            "X": 0.46950626373291016,
            "Y": 0.5456176996231079
          }
        ]
      },
      "Id": "615743c5-70d4-4735-91d4-21963cc3a244",
      "Relationships": [
        {
          "Type": "CHILD",
          "Ids": [
            "5ecb7ad2-8947-4aac-bebe-45f09e59f9a1"
          ]
        }
      ],
      "Page": 1
    },
    {
      "BlockType": "CELL",
      "Confidence": 87.255859375,
      "RowIndex": 4,
      "ColumnIndex": 4,
      "RowSpan": 1,
      "ColumnSpan": 1,
      "Geometry": {
        "BoundingBox": {
          "Width": 0.14607807993888855,
          "Height": 0.031012240797281265,
          "Left": 0.6200081706047058,
          "Top": 0.5144727230072021
        },
        "Polygon": [
          {
            "X": 0.6200081706047058,
            "Y": 0.5145686268806458
          },
          {
            "X": 0.7659066915512085,
            "Y": 0.5144727230072021
          },
          {
            "X": 0.766086220741272,
            "Y": 0.5453563928604126
          },
          {
            "X": 0.6201288104057312,
            "Y": 0.5454849600791931
          }
        ]
      },
      "Id": "a9bd4a53-7ecc-42bf-994f-fef699457bc6",
      "Relationships": [
        {
          "Type": "CHILD",
          "Ids": [
            "8b3622ff-8b59-4d49-a3a1-6b83ffd8c9a9"
          ]
        }
      ],
      "Page": 1
    },
    {
      "BlockType": "CELL",
      "Confidence": 83.3984375,
      "RowIndex": 5,
      "ColumnIndex": 1,
      "RowSpan": 1,
      "ColumnSpan": 1,
      "Geometry": {
        "BoundingBox": {
          "Width": 0.13719987869262695,
          "Height": 0.03114914521574974,
          "Left": 0.23276598751544952,
          "Top": 0.5457054376602173
        },
        "Polygon": [
          {
            "X": 0.23280228674411774,
            "Y": 0.545826256275177
          },
          {
            "X": 0.3699464797973633,
            "Y": 0.5457054376602173
          },
          {
            "X": 0.36996588110923767,
            "Y": 0.5767029523849487
          },
          {
            "X": 0.23276598751544952,
            "Y": 0.5768545269966125
          }
        ]
      },
      "Id": "146e90ca-f6af-4a19-8b1e-331271c0343c",
      "Relationships": [
        {
          "Type": "CHILD",
          "Ids": [
            "0e2969c5-796e-4075-a64b-abdb7a413781",
            "1824346f-9e43-4b61-84d3-61d008cb0fbf"
          ]
        }
      ],
      "Page": 1
    },
    {
      "BlockType": "CELL",
      "Confidence": 79.8828125,
      "RowIndex": 5,
      "ColumnIndex": 2,
      "RowSpan": 1,
      "ColumnSpan": 1,
      "Geometry": {
        "BoundingBox": {
          "Width": 0.0996195524930954,
          "Height": 0.03108525462448597,
          "Left": 0.3699464797973633,
          "Top": 0.5456176996231079
        },
        "Polygon": [
          {
            "X": 0.3699464797973633,
            "Y": 0.5457054376602173
          },
          {
            "X": 0.46950626373291016,
            "Y": 0.5456176996231079
          },
          {
            "X": 0.4695660173892975,
            "Y": 0.5765928626060486
          },
          {
            "X": 0.36996588110923767,
            "Y": 0.5767029523849487
          }
        ]
      },
      "Id": "ee246194-8928-4b46-bcae-8fdc2efaed4c",
      "Relationships": [
        {
          "Type": "CHILD",
          "Ids": [
            "72a6a030-e2c8-4812-ad6e-da7dbd0710a3"
          ]
        }
      ],
      "Page": 1
    },
    {
      "BlockType": "CELL",
      "Confidence": 83.154296875,
      "RowIndex": 5,
      "ColumnIndex": 3,
      "RowSpan": 1,
      "ColumnSpan": 1,
      "Geometry": {
        "BoundingBox": {
          "Width": 0.1507432758808136,
          "Height": 0.031107904389500618,
          "Left": 0.46950626373291016,
          "Top": 0.5454849600791931
        },
        "Polygon": [
          {
            "X": 0.46950626373291016,
            "Y": 0.5456176996231079
          },
          {
            "X": 0.6201288104057312,
            "Y": 0.5454849600791931
          },
          {
            "X": 0.6202495098114014,
            "Y": 0.5764263868331909
          },
          {
            "X": 0.4695660173892975,
            "Y": 0.5765928626060486
          }
        ]
      },
      "Id": "cb9001e4-b039-4a45-8d78-d41d5cae057c",
      "Relationships": [
        {
          "Type": "CHILD",
          "Ids": [
            "d1264e3c-e449-4ec6-bd28-35c6287a44b1"
          ]
        }
      ],
      "Page": 1
    },
    {
      "BlockType": "CELL",
      "Confidence": 83.3984375,
      "RowIndex": 5,
      "ColumnIndex": 4,
      "RowSpan": 1,
      "ColumnSpan": 1,
      "Geometry": {
        "BoundingBox": {
          "Width": 0.14613711833953857,
          "Height": 0.03106999397277832,
          "Left": 0.6201288104057312,
          "Top": 0.5453563928604126
        },
        "Polygon": [
          {
            "X": 0.6201288104057312,
            "Y": 0.5454849600791931
          },
          {
            "X": 0.766086220741272,
            "Y": 0.5453563928604126
          },
          {
            "X": 0.7662659287452698,
            "Y": 0.5762649774551392
          },
          {
            "X": 0.6202495098114014,
            "Y": 0.5764263868331909
          }
        ]
      },
      "Id": "b8093b7b-0eb8-4429-9720-055704c5b2cb",
      "Relationships": [
        {
          "Type": "CHILD",
          "Ids": [
            "bf5baadb-37b7-4de6-ba01-a3fa0af3a030"
          ]
        }
      ],
      "Page": 1
    },
    {
      "BlockType": "CELL",
      "Confidence": 92.822265625,
      "RowIndex": 6,
      "ColumnIndex": 1,
      "RowSpan": 1,
      "ColumnSpan": 1,
      "Geometry": {
        "BoundingBox": {
          "Width": 0.13726834952831268,
          "Height": 0.03828440234065056,
          "Left": 0.23272137343883514,
          "Top": 0.5767029523849487
        },
        "Polygon": [
          {
            "X": 0.23276598751544952,
            "Y": 0.5768545269966125
          },
          {
            "X": 0.36996588110923767,
            "Y": 0.5767029523849487
          },
          {
            "X": 0.3699897229671478,
            "Y": 0.6147978901863098
          },
          {
            "X": 0.23272137343883514,
            "Y": 0.614987313747406
          }
        ]
      },
      "Id": "e670e619-07fb-4b80-af87-3142ad026c5a",
      "Relationships": [
        {
          "Type": "CHILD",
          "Ids": [
            "47619f36-25f9-49ba-8f52-a1c956c17b24",
            "efe9410a-e422-4e6a-9416-20a232adcba6"
          ]
        }
      ],
      "Page": 1
    },
    {
      "BlockType": "CELL",
      "Confidence": 88.8671875,
      "RowIndex": 6,
      "ColumnIndex": 2,
      "RowSpan": 1,
      "ColumnSpan": 1,
      "Geometry": {
        "BoundingBox": {
          "Width": 0.09967361390590668,
          "Height": 0.038204994052648544,
          "Left": 0.36996588110923767,
          "Top": 0.5765928626060486
        },
        "Polygon": [
          {
            "X": 0.36996588110923767,
            "Y": 0.5767029523849487
          },
          {
            "X": 0.4695660173892975,
            "Y": 0.5765928626060486
          },
          {
            "X": 0.46963948011398315,
            "Y": 0.6146603226661682
          },
          {
            "X": 0.3699897229671478,
            "Y": 0.6147978901863098
          }
        ]
      },
      "Id": "68496908-23a7-4534-9a5d-e20c58de5a61",
      "Relationships": [
        {
          "Type": "CHILD",
          "Ids": [
            "1652d194-9e0d-42ee-8dae-7851a2928747"
          ]
        }
      ],
      "Page": 1
    },
    {
      "BlockType": "CELL",
      "Confidence": 92.529296875,
      "RowIndex": 6,
      "ColumnIndex": 3,
      "RowSpan": 1,
      "ColumnSpan": 1,
      "Geometry": {
        "BoundingBox": {
          "Width": 0.1508318930864334,
          "Height": 0.038233961910009384,
          "Left": 0.4695660173892975,
          "Top": 0.5764263868331909
        },
        "Polygon": [
          {
            "X": 0.4695660173892975,
            "Y": 0.5765928626060486
          },
          {
            "X": 0.6202495098114014,
            "Y": 0.5764263868331909
          },
          {
            "X": 0.6203979253768921,
            "Y": 0.6144522428512573
          },
          {
            "X": 0.46963948011398315,
            "Y": 0.6146603226661682
          }
        ]
      },
      "Id": "bdc7ec94-df9d-4831-b87f-b1cd87dd7902",
      "Relationships": [
        {
          "Type": "CHILD",
          "Ids": [
            "ba456d71-db7e-46d4-bc90-b35d593b17ee"
          ]
        }
      ],
      "Page": 1
    },
    {
      "BlockType": "CELL",
      "Confidence": 92.7734375,
      "RowIndex": 6,
      "ColumnIndex": 4,
      "RowSpan": 1,
      "ColumnSpan": 1,
      "Geometry": {
        "BoundingBox": {
          "Width": 0.14623720943927765,
          "Height": 0.03818722814321518,
          "Left": 0.6202495098114014,
          "Top": 0.5762649774551392
        },
        "Polygon": [
          {
            "X": 0.6202495098114014,
            "Y": 0.5764263868331909
          },
          {
            "X": 0.7662659287452698,
            "Y": 0.5762649774551392
          },
          {
            "X": 0.7664867639541626,
            "Y": 0.6142506003379822
          },
          {
            "X": 0.6203979253768921,
            "Y": 0.6144522428512573
          }
        ]
      },
      "Id": "09f21401-ccf7-4fa2-bd93-fe43848dfb1d",
      "Relationships": [
        {
          "Type": "CHILD",
          "Ids": [
            "b3c9b09f-216c-40ad-acef-d4b862bd0a89"
          ]
        }
      ],
      "Page": 1
    },
    {
      "BlockType": "MERGED_CELL",
      "Confidence": 56.787109375,
      "RowIndex": 1,
      "ColumnIndex": 1,
      "RowSpan": 2,
      "ColumnSpan": 1,
      "Geometry": {
        "BoundingBox": {
          "Width": 0.13702133297920227,
          "Height": 0.09456261247396469,
          "Left": 0.23288235068321228,
          "Top": 0.38283199071884155
        },
        "Polygon": [
          {
            "X": 0.2329929769039154,
            "Y": 0.38283199071884155
          },
          {
            "X": 0.36984455585479736,
            "Y": 0.38287243247032166
          },
          {
            "X": 0.36990368366241455,
            "Y": 0.47734156250953674
          },
          {
            "X": 0.23288235068321228,
            "Y": 0.47739461064338684
          }
        ]
      },
      "Id": "71b8382f-846c-4a31-9d8c-981e25df472c",
      "Relationships": [
        {
          "Type": "CHILD",
          "Ids": [
            "2d0e55ed-b500-4116-9dc2-3018495b4d2f",
            "57bda98c-e12c-44a6-a19c-96fb7f8ff96d"
          ]
        }
      ],
      "EntityTypes": [
        "COLUMN_HEADER"
      ],
      "Page": 1
    },
    {
      "BlockType": "MERGED_CELL",
      "Confidence": 38.037109375,
      "RowIndex": 1,
      "ColumnIndex": 2,
      "RowSpan": 2,
      "ColumnSpan": 1,
      "Geometry": {
        "BoundingBox": {
          "Width": 0.09952988475561142,
          "Height": 0.09446913748979568,
          "Left": 0.36984455585479736,
          "Top": 0.38287243247032166
        },
        "Polygon": [
          {
            "X": 0.36984455585479736,
            "Y": 0.38287243247032166
          },
          {
            "X": 0.4691922664642334,
            "Y": 0.38290175795555115
          },
          {
            "X": 0.469374418258667,
            "Y": 0.47730305790901184
          },
          {
            "X": 0.36990368366241455,
            "Y": 0.47734156250953674
          }
        ]
      },
      "Id": "89bfb781-2a60-4551-8d48-75f6476bb900",
      "Relationships": [
        {
          "Type": "CHILD",
          "Ids": [
            "ce0bb234-1e36-4c4a-86a4-27f1579b32e3",
            "49a781b0-a618-4893-908e-1bad1137b458"
          ]
        }
      ],
      "EntityTypes": [
        "COLUMN_HEADER"
      ],
      "Page": 1
    },
    {
      "BlockType": "MERGED_CELL",
      "Confidence": 63.76953125,
      "RowIndex": 1,
      "ColumnIndex": 4,
      "RowSpan": 2,
      "ColumnSpan": 1,
      "Geometry": {
        "BoundingBox": {
          "Width": 0.1461953967809677,
          "Height": 0.09429862350225449,
          "Left": 0.6194945573806763,
          "Top": 0.3829461634159088
        },
        "Polygon": [
          {
            "X": 0.6194945573806763,
            "Y": 0.3829461634159088
          },
          {
            "X": 0.7651423215866089,
            "Y": 0.38298916816711426
          },
          {
            "X": 0.7656899690628052,
            "Y": 0.4771883189678192
          },
          {
            "X": 0.6198624968528748,
            "Y": 0.4772447645664215
          }
        ]
      },
      "Id": "484b0b4d-d920-4d9d-8f3d-c7deac7f8bcb",
      "Relationships": [
        {
          "Type": "CHILD",
          "Ids": [
            "9910a80c-8eee-4c2a-918d-989cd094918e",
            "4937ab6d-213e-41fa-a159-4773c15d166e"
          ]
        }
      ],
      "EntityTypes": [
        "COLUMN_HEADER"
      ],
      "Page": 1
    }
  ],
  "AnalyzeDocumentModelVersion": "1.0"
}