{
  "DocumentMetadata": {
    "Pages": 1
  },
  "JobStatus": "SUCCEEDED",
  "Blocks": [
    {
      "BlockType": "PAGE",
      "Geometry": {
        "BoundingBox": {
          "Width": 0.575989305973053,
          "Height": 0.24535466730594635,
          "Left": 0.2138981819152832,
          "Top": 0.37701019644737244
        },
        "Polygon": [
          {
            "X": 0.2138981819152832,
            "Y": 0.37701019644737244
          },
          {
            "X": 0.7854488492012024,
            "Y": 0.3784237802028656
          },
          {
            "X": 0.7898874878883362,
            "Y": 0.62236487865448
          },
          {
            "X": 0.21721690893173218,
            "Y": 0.620510995388031
          }
        ]
      },
      "Id": "d1e6360a-66cf-4a41-9cf0-f87af02fddf1",
      "Relationships": [
        {
          "Type": "CHILD",
          "Ids": [
            "6549213e-2538-4718-9632-4bb529e489bc",
            "f87355a4-c702-46b1-8d61-b2f884d4839d",
            "57729580-87a4-4768-84c0-691bd31c71b7",
            "4b773541-0de8-4ee6-ad47-fd40a7dc7acc",
            "fd27a938-fcf5-4661-8e33-3ea322f6dc9a",
            "15e0c16a-7832-4f1b-a535-dd701045fd06",
            "9b85b8bb-1560-4c6b-a180-6a1f84a86082",
            "7a87257b-df5f-40b2-9890-f942c5ec039e",
            "bc4b03ab-3215-48c0-88d0-1b328a88babc",
            "ae53106b-a648-4b9e-bb23-777a010f4316",
            "ca3906fe-0440-4d21-acd0-8243c7549346",
            "c9bf4b97-a5ae-4358-afa8-b48f61b456f6",
            "644c5a40-7075-4b33-a0ff-661bf6d3d5cf",
            "68cd171f-8e28-4008-b247-187c6f347974",
            "8b27bbfb-d573-4056-9933-27dc7dd51f89",
            "3ef0e7fc-bad0-4dbf-8f7a-ce4aeae8f0b0",
            "44506dcb-752d-4ef3-9a29-533af8a8a703",
            "a587cc6b-e3ef-42a1-92da-a849ddcbb33f",
            "b237ceb3-4bc9-4bcd-9b49-a536b473db0b",
            "f81a6c5d-365d-4cae-afb8-af7048d5a0a5",
            "07ddb07d-caf7-4264-a834-0b4fd74dd422",
            "8f8e047d-5172-40d6-a4ad-8f306ecf6563",
            "f2353814-7aae-4463-b531-150d02a41313",
            "ed5cbc99-c153-407d-91fc-dc5ac8a58391",
            "a5797d65-ec92-4679-8dc9-659244b02d47",
            "b4246086-48fd-4a46-ba4c-69cb8f8c8b22",
            "e52b0545-3797-4b04-90e8-0bbf6432114e",
            "6d07c8fb-4b1f-4e99-a02a-35922cb89fc8",
            "02bd9e26-f8a1-4252-8d18-21f4db1d59f8",
            "b61248e6-ff96-43f9-a293-27e87168efd6",
            "55b20c39-30d3-4ca2-b7ee-e57e04f11865"
          ]
        }
      ],
      "Page": 1
    },
    {
      "BlockType": "LINE",
      "Confidence": 99.90620422363281,
      "Text": "sample",
      "Geometry": {
        "BoundingBox": {
          "Width": 0.043027427047491074,
          "Height": 0.024776535108685493,
          "Left": 0.23735728859901428,
          "Top": 0.4018552303314209
        },
        "Polygon": [
          {
            "X": 0.23735728859901428,
            "Y": 0.4018552303314209
          },
          {
            "X": 0.2800355553627014,
            "Y": 0.40196409821510315
          },
          {
            "X": 0.28038471937179565,
            "Y": 0.42663174867630005
          },
          {
            "X": 0.2376980036497116,
            "Y": 0.4265195429325104
          }
        ]
      },
      "Id": "6549213e-2538-4718-9632-4bb529e489bc",
      "Relationships": [
        {
          "Type": "CHILD",
          "Ids": [
            "eb817c3a-1757-4fae-940b-fd10787ff0a8"
          ]
        }
      ],
      "Page": 1
    },
    {
      "BlockType": "LINE",
      "Confidence": 32.698543548583984,
      "Text": "Tg (°)",
      "Geometry": {
        "BoundingBox": {
          "Width": 0.04094165563583374,
          "Height": 0.027601171284914017,
          "Left": 0.33691099286079407,
          "Top": 0.4018165171146393
        },
        "Polygon": [
          {
            "X": 0.33691099286079407,
            "Y": 0.4018165171146393
          },
          {
            "X": 0.37744200229644775,
            "Y": 0.4019198715686798
          },
          {
            "X": 0.3778526484966278,
            "Y": 0.4294176697731018
          },
          {
            "X": 0.33731263875961304,
            "Y": 0.42931079864501953
          }
        ]
      },
      "Id": "f87355a4-c702-46b1-8d61-b2f884d4839d",
      "Relationships": [
        {
          "Type": "CHILD",
          "Ids": [
            "d3e54a77-0257-4bc4-b722-d34244dba821"
          ]
        }
      ],
      "Page": 1
    },
    {
      "BlockType": "LINE",
      "Confidence": 95.1830062866211,
      "Text": "E' at 50 °C (MPa)",
      "Geometry": {
        "BoundingBox": {
          "Width": 0.10460364073514938,
          "Height": 0.024746345356106758,
          "Left": 0.4011039733886719,
          "Top": 0.40109482407569885
        },
        "Polygon": [
          {
            "X": 0.4011039733886719,
            "Y": 0.40109482407569885
          },
          {
            "X": 0.5053170323371887,
            "Y": 0.40136027336120605
          },
          {
            "X": 0.5057076215744019,
            "Y": 0.42584115266799927
          },
          {
            "X": 0.4014740586280823,
            "Y": 0.4255676567554474
          }
        ]
      },
      "Id": "57729580-87a4-4768-84c0-691bd31c71b7",
      "Relationships": [
        {
          "Type": "CHILD",
          "Ids": [
            "94a2f7c1-8637-45df-adfa-807773d848aa",
            "45d02049-2b36-45eb-8792-af211def1abc",
            "52a14942-ea61-43d5-a887-559fcb8e2593",
            "4b5c7358-18e1-4c82-8743-25e3a13b2c40"
          ]
        }
      ],
      "Page": 1
    },
    {
      "BlockType": "LINE",
      "Confidence": 74.09428405761719,
      "Text": "E' at (Tg + 40) °C (MPa)",
      "Geometry": {
        "BoundingBox": {
          "Width": 0.14639835059642792,
          "Height": 0.027670275419950485,
          "Left": 0.5287985801696777,
          "Top": 0.40141019225120544
        },
        "Polygon": [
          {
            "X": 0.5287985801696777,
            "Y": 0.40141019225120544
          },
          {
            "X": 0.6747244596481323,
            "Y": 0.4017818868160248
          },
          {
            "X": 0.6751969456672668,
            "Y": 0.42908045649528503
          },
          {
            "X": 0.5292390584945679,
            "Y": 0.4286961853504181
          }
        ]
      },
      "Id": "4b773541-0de8-4ee6-ad47-fd40a7dc7acc",
      "Relationships": [
        {
          "Type": "CHILD",
          "Ids": [
            "6983e65d-dce3-44a2-8a3e-38661598ccfc",
            "fb564871-022f-43f9-add4-6d77040a7d77",
            "d0516810-086b-4836-9a63-6c4d9f1d9105",
            "b32b39b6-3390-4743-9733-b7bd2aae48ec"
          ]
        }
      ],
      "Page": 1
    },
    {
      "BlockType": "LINE",
      "Confidence": 74.46055603027344,
      "Text": "Ve (mol/m³)",
      "Geometry": {
        "BoundingBox": {
          "Width": 0.07354269921779633,
          "Height": 0.026158753782510757,
          "Left": 0.6980702877044678,
          "Top": 0.40012773871421814
        },
        "Polygon": [
          {
            "X": 0.6980702877044678,
            "Y": 0.40012773871421814
          },
          {
            "X": 0.7711434364318848,
            "Y": 0.40031349658966064
          },
          {
            "X": 0.7716130018234253,
            "Y": 0.4262864887714386
          },
          {
            "X": 0.698524534702301,
            "Y": 0.42609477043151855
          }
        ]
      },
      "Id": "fd27a938-fcf5-4661-8e33-3ea322f6dc9a",
      "Relationships": [
        {
          "Type": "CHILD",
          "Ids": [
            "2be9c0ee-0980-47d3-8ab7-61c7b4216d04",
            "2e700cd2-075f-4baf-bfc2-7d2bf1d6d742"
          ]
        }
      ],
      "Page": 1
    },
    {
      "BlockType": "LINE",
      "Confidence": 99.57398986816406,
      "Text": "EP",
      "Geometry": {
        "BoundingBox": {
          "Width": 0.014757915399968624,
          "Height": 0.018775878474116325,
          "Left": 0.23802460730075836,
          "Top": 0.45219236612319946
        },
        "Polygon": [
          {
            "X": 0.23802460730075836,
            "Y": 0.45219236612319946
          },
          {
            "X": 0.2525215446949005,
            "Y": 0.45223164558410645
          },
          {
            "X": 0.25278252363204956,
            "Y": 0.47096824645996094
          },
          {
            "X": 0.2382834106683731,
            "Y": 0.4709281027317047
          }
        ]
      },
      "Id": "15e0c16a-7832-4f1b-a535-dd701045fd06",
      "Relationships": [
        {
          "Type": "CHILD",
          "Ids": [
            "720e026f-f60b-4feb-b1f0-ca981d7fe01c"
          ]
        }
      ],
      "Page": 1
    },
    {
      "BlockType": "LINE",
      "Confidence": 99.97725677490234,
      "Text": "164",
      "Geometry": {
        "BoundingBox": {
          "Width": 0.021629244089126587,
          "Height": 0.018902534618973732,
          "Left": 0.3384062349796295,
          "Top": 0.45167142152786255
        },
        "Polygon": [
          {
            "X": 0.3384062349796295,
            "Y": 0.45167142152786255
          },
          {
            "X": 0.35975685715675354,
            "Y": 0.4517292082309723
          },
          {
            "X": 0.3600354790687561,
            "Y": 0.47057396173477173
          },
          {
            "X": 0.3386816382408142,
            "Y": 0.4705148935317993
          }
        ]
      },
      "Id": "9b85b8bb-1560-4c6b-a180-6a1f84a86082",
      "Relationships": [
        {
          "Type": "CHILD",
          "Ids": [
            "367230b7-9dfe-455f-a3fa-0abdde0cd305"
          ]
        }
      ],
      "Page": 1
    },
    {
      "BlockType": "LINE",
      "Confidence": 99.96138000488281,
      "Text": "2273",
      "Geometry": {
        "BoundingBox": {
          "Width": 0.029913168400526047,
          "Height": 0.01899787038564682,
          "Left": 0.4017306864261627,
          "Top": 0.45169833302497864
        },
        "Polygon": [
          {
            "X": 0.4017306864261627,
            "Y": 0.45169833302497864
          },
          {
            "X": 0.4313533306121826,
            "Y": 0.45177850127220154
          },
          {
            "X": 0.43164387345314026,
            "Y": 0.47069621086120605
          },
          {
            "X": 0.4020167291164398,
            "Y": 0.4706142842769623
          }
        ]
      },
      "Id": "7a87257b-df5f-40b2-9890-f942c5ec039e",
      "Relationships": [
        {
          "Type": "CHILD",
          "Ids": [
            "102e8858-4f4f-4f76-8d39-21604f477567"
          ]
        }
      ],
      "Page": 1
    },
    {
      "BlockType": "LINE",
      "Confidence": 65.72335052490234,
      "Text": "49,5",
      "Geometry": {
        "BoundingBox": {
          "Width": 0.025790855288505554,
          "Height": 0.019148871302604675,
          "Left": 0.5288331508636475,
          "Top": 0.451701819896698
        },
        "Polygon": [
          {
            "X": 0.5288331508636475,
            "Y": 0.451701819896698
          },
          {
            "X": 0.5543122887611389,
            "Y": 0.45177075266838074
          },
          {
            "X": 0.5546240210533142,
            "Y": 0.47085070610046387
          },
          {
            "X": 0.5291410088539124,
            "Y": 0.47078025341033936
          }
        ]
      },
      "Id": "bc4b03ab-3215-48c0-88d0-1b328a88babc",
      "Relationships": [
        {
          "Type": "CHILD",
          "Ids": [
            "125602f9-cb8b-4a5f-94d7-3d61bcc2379e"
          ]
        }
      ],
      "Page": 1
    },
    {
      "BlockType": "LINE",
      "Confidence": 99.9820327758789,
      "Text": "4159",
      "Geometry": {
        "BoundingBox": {
          "Width": 0.03064182586967945,
          "Height": 0.01946316473186016,
          "Left": 0.6983213424682617,
          "Top": 0.45166030526161194
        },
        "Polygon": [
          {
            "X": 0.6983213424682617,
            "Y": 0.45166030526161194
          },
          {
            "X": 0.7286195158958435,
            "Y": 0.4517422318458557
          },
          {
            "X": 0.7289631962776184,
            "Y": 0.47112348675727844
          },
          {
            "X": 0.6986603140830994,
            "Y": 0.47103971242904663
          }
        ]
      },
      "Id": "ae53106b-a648-4b9e-bb23-777a010f4316",
      "Relationships": [
        {
          "Type": "CHILD",
          "Ids": [
            "5805e1bf-975b-43ec-b7d5-d12265725a9c"
          ]
        }
      ],
      "Page": 1
    },
    {
      "BlockType": "LINE",
      "Confidence": 99.61099243164062,
      "Text": "EP/VFD-5",
      "Geometry": {
        "BoundingBox": {
          "Width": 0.05701331049203873,
          "Height": 0.024218725040555,
          "Left": 0.23794840276241302,
          "Top": 0.4810858964920044
        },
        "Polygon": [
          {
            "X": 0.23794840276241302,
            "Y": 0.4810858964920044
          },
          {
            "X": 0.29461854696273804,
            "Y": 0.4812445342540741
          },
          {
            "X": 0.29496172070503235,
            "Y": 0.5053046345710754
          },
          {
            "X": 0.23828060925006866,
            "Y": 0.5051416754722595
          }
        ]
      },
      "Id": "ca3906fe-0440-4d21-acd0-8243c7549346",
      "Relationships": [
        {
          "Type": "CHILD",
          "Ids": [
            "a2d2b208-e1d1-4ead-811f-7df4a5c40778"
          ]
        }
      ],
      "Page": 1
    },
    {
      "BlockType": "LINE",
      "Confidence": 99.96492004394531,
      "Text": "155",
      "Geometry": {
        "BoundingBox": {
          "Width": 0.021583419293165207,
          "Height": 0.01918765902519226,
          "Left": 0.33832329511642456,
          "Top": 0.4814743995666504
        },
        "Polygon": [
          {
            "X": 0.33832329511642456,
            "Y": 0.4814743995666504
          },
          {
            "X": 0.3596239686012268,
            "Y": 0.48153406381607056
          },
          {
            "X": 0.35990670323371887,
            "Y": 0.500662088394165
          },
          {
            "X": 0.338602751493454,
            "Y": 0.5006011128425598
          }
        ]
      },
      "Id": "c9bf4b97-a5ae-4358-afa8-b48f61b456f6",
      "Relationships": [
        {
          "Type": "CHILD",
          "Ids": [
            "dd24dbc8-8735-4a5a-b864-1cd63d8d5186"
          ]
        }
      ],
      "Page": 1
    },
    {
      "BlockType": "LINE",
      "Confidence": 99.9505386352539,
      "Text": "2486",
      "Geometry": {
        "BoundingBox": {
          "Width": 0.030381284654140472,
          "Height": 0.018451061099767685,
          "Left": 0.40171465277671814,
          "Top": 0.4816109836101532
        },
        "Polygon": [
          {
            "X": 0.40171465277671814,
            "Y": 0.4816109836101532
          },
          {
            "X": 0.43181389570236206,
            "Y": 0.4816952645778656
          },
          {
            "X": 0.4320959448814392,
            "Y": 0.5000620484352112
          },
          {
            "X": 0.4019922912120819,
            "Y": 0.4999760091304779
          }
        ]
      },
      "Id": "644c5a40-7075-4b33-a0ff-661bf6d3d5cf",
      "Relationships": [
        {
          "Type": "CHILD",
          "Ids": [
            "a65f43d6-6a9a-48ce-86d1-24ba1b40546d"
          ]
        }
      ],
      "Page": 1
    },
    {
      "BlockType": "LINE",
      "Confidence": 96.83926391601562,
      "Text": "45.4",
      "Geometry": {
        "BoundingBox": {
          "Width": 0.026356851682066917,
          "Height": 0.01907683163881302,
          "Left": 0.5288275480270386,
          "Top": 0.4815736711025238
        },
        "Polygon": [
          {
            "X": 0.5288275480270386,
            "Y": 0.4815736711025238
          },
          {
            "X": 0.5548738837242126,
            "Y": 0.4816465675830841
          },
          {
            "X": 0.5551844239234924,
            "Y": 0.5006505250930786
          },
          {
            "X": 0.5291340947151184,
            "Y": 0.5005760192871094
          }
        ]
      },
      "Id": "68cd171f-8e28-4008-b247-187c6f347974",
      "Relationships": [
        {
          "Type": "CHILD",
          "Ids": [
            "3ecd5c8a-4d88-48e9-b305-f8c65b94b0e8"
          ]
        }
      ],
      "Page": 1
    },
    {
      "BlockType": "LINE",
      "Confidence": 99.96273803710938,
      "Text": "3888",
      "Geometry": {
        "BoundingBox": {
          "Width": 0.030188309028744698,
          "Height": 0.01913936622440815,
          "Left": 0.6985335350036621,
          "Top": 0.4814583659172058
        },
        "Polygon": [
          {
            "X": 0.6985335350036621,
            "Y": 0.4814583659172058
          },
          {
            "X": 0.7283840775489807,
            "Y": 0.48154184222221375
          },
          {
            "X": 0.7287218570709229,
            "Y": 0.5005977153778076
          },
          {
            "X": 0.6988667249679565,
            "Y": 0.500512421131134
          }
        ]
      },
      "Id": "8b27bbfb-d573-4056-9933-27dc7dd51f89",
      "Relationships": [
        {
          "Type": "CHILD",
          "Ids": [
            "4b594005-58f4-4d21-85ed-5f21c319670f"
          ]
        }
      ],
      "Page": 1
    },
    {
      "BlockType": "LINE",
      "Confidence": 99.4566421508789,
      "Text": "EP/VFD-7.5",
      "Geometry": {
        "BoundingBox": {
          "Width": 0.06724918633699417,
          "Height": 0.02365354262292385,
          "Left": 0.23803572356700897,
          "Top": 0.5123950839042664
        },
        "Polygon": [
          {
            "X": 0.23803572356700897,
            "Y": 0.5123950839042664
          },
          {
            "X": 0.30494847893714905,
            "Y": 0.5125889778137207
          },
          {
            "X": 0.30528491735458374,
            "Y": 0.5360485911369324
          },
          {
            "X": 0.23835957050323486,
            "Y": 0.5358497500419617
          }
        ]
      },
      "Id": "3ef0e7fc-bad0-4dbf-8f7a-ce4aeae8f0b0",
      "Relationships": [
        {
          "Type": "CHILD",
          "Ids": [
            "980e7f0a-1de5-44d0-80f8-6cbcec80fd6d"
          ]
        }
      ],
      "Page": 1
    },
    {
      "BlockType": "LINE",
      "Confidence": 99.97750854492188,
      "Text": "150",
      "Geometry": {
        "BoundingBox": {
          "Width": 0.021799063310027122,
          "Height": 0.019206909462809563,
          "Left": 0.3383188843727112,
          "Top": 0.5125262141227722
        },
        "Polygon": [
          {
            "X": 0.3383188843727112,
            "Y": 0.5125262141227722
          },
          {
            "X": 0.3598349988460541,
            "Y": 0.5125885605812073
          },
          {
            "X": 0.36011794209480286,
            "Y": 0.5317330956459045
          },
          {
            "X": 0.3385985195636749,
            "Y": 0.5316694974899292
          }
        ]
      },
      "Id": "44506dcb-752d-4ef3-9a29-533af8a8a703",
      "Relationships": [
        {
          "Type": "CHILD",
          "Ids": [
            "445001b6-a8a7-40fd-9482-889e7528a97a"
          ]
        }
      ],
      "Page": 1
    },
    {
      "BlockType": "LINE",
      "Confidence": 99.87385559082031,
      "Text": "2668",
      "Geometry": {
        "BoundingBox": {
          "Width": 0.030169270932674408,
          "Height": 0.01876889541745186,
          "Left": 0.40160834789276123,
          "Top": 0.512865424156189
        },
        "Polygon": [
          {
            "X": 0.40160834789276123,
            "Y": 0.512865424156189
          },
          {
            "X": 0.43149083852767944,
            "Y": 0.5129520297050476
          },
          {
            "X": 0.43177762627601624,
            "Y": 0.5316343307495117
          },
          {
            "X": 0.40189066529273987,
            "Y": 0.5315459966659546
          }
        ]
      },
      "Id": "a587cc6b-e3ef-42a1-92da-a849ddcbb33f",
      "Relationships": [
        {
          "Type": "CHILD",
          "Ids": [
            "4ea9a537-5b95-4bfa-9698-525df76c89a7"
          ]
        }
      ],
      "Page": 1
    },
    {
      "BlockType": "LINE",
      "Confidence": 99.6576919555664,
      "Text": "36.8",
      "Geometry": {
        "BoundingBox": {
          "Width": 0.025381093844771385,
          "Height": 0.018730662763118744,
          "Left": 0.5291861891746521,
          "Top": 0.512844979763031
        },
        "Polygon": [
          {
            "X": 0.5291861891746521,
            "Y": 0.512844979763031
          },
          {
            "X": 0.5542625784873962,
            "Y": 0.5129175782203674
          },
          {
            "X": 0.554567277431488,
            "Y": 0.531575620174408
          },
          {
            "X": 0.529487133026123,
            "Y": 0.5315015316009521
          }
        ]
      },
      "Id": "b237ceb3-4bc9-4bcd-9b49-a536b473db0b",
      "Relationships": [
        {
          "Type": "CHILD",
          "Ids": [
            "fb8ca049-bb60-4464-ad45-3461d4ba4ba4"
          ]
        }
      ],
      "Page": 1
    },
    {
      "BlockType": "LINE",
      "Confidence": 99.97154998779297,
      "Text": "3185",
      "Geometry": {
        "BoundingBox": {
          "Width": 0.0300186388194561,
          "Height": 0.018916042521595955,
          "Left": 0.6985361576080322,
          "Top": 0.5127283334732056
        },
        "Polygon": [
          {
            "X": 0.6985361576080322,
            "Y": 0.5127283334732056
          },
          {
            "X": 0.7282211184501648,
            "Y": 0.5128142833709717
          },
          {
            "X": 0.7285547852516174,
            "Y": 0.5316444039344788
          },
          {
            "X": 0.6988652944564819,
            "Y": 0.5315566658973694
          }
        ]
      },
      "Id": "f81a6c5d-365d-4cae-afb8-af7048d5a0a5",
      "Relationships": [
        {
          "Type": "CHILD",
          "Ids": [
            "446a0aa8-bcd2-4443-a7c0-99efbcaefdf5"
          ]
        }
      ],
      "Page": 1
    },
    {
      "BlockType": "LINE",
      "Confidence": 99.4072265625,
      "Text": "EP/VFD-10",
      "Geometry": {
        "BoundingBox": {
          "Width": 0.06511110067367554,
          "Height": 0.023213831707835197,
          "Left": 0.23797276616096497,
          "Top": 0.5444780588150024
        },
        "Polygon": [
          {
            "X": 0.23797276616096497,
            "Y": 0.5444780588150024
          },
          {
            "X": 0.3027542233467102,
            "Y": 0.5446723103523254
          },
          {
            "X": 0.3030838668346405,
            "Y": 0.5676919221878052
          },
          {
            "X": 0.2382904440164566,
            "Y": 0.5674929618835449
          }
        ]
      },
      "Id": "07ddb07d-caf7-4264-a834-0b4fd74dd422",
      "Relationships": [
        {
          "Type": "CHILD",
          "Ids": [
            "2460614f-34c2-4903-868c-25f38aa624e6"
          ]
        }
      ],
      "Page": 1
    },
    {
      "BlockType": "LINE",
      "Confidence": 99.97672271728516,
      "Text": "149",
      "Geometry": {
        "BoundingBox": {
          "Width": 0.021779654547572136,
          "Height": 0.01910668984055519,
          "Left": 0.3382346034049988,
          "Top": 0.5437647104263306
        },
        "Polygon": [
          {
            "X": 0.3382346034049988,
            "Y": 0.5437647104263306
          },
          {
            "X": 0.3597329258918762,
            "Y": 0.543829083442688
          },
          {
            "X": 0.36001425981521606,
            "Y": 0.5628713965415955
          },
          {
            "X": 0.338512659072876,
            "Y": 0.562805712223053
          }
        ]
      },
      "Id": "8f8e047d-5172-40d6-a4ad-8f306ecf6563",
      "Relationships": [
        {
          "Type": "CHILD",
          "Ids": [
            "ed64d410-e343-4029-bd1e-91efe8004fd0"
          ]
        }
      ],
      "Page": 1
    },
    {
      "BlockType": "LINE",
      "Confidence": 99.9643783569336,
      "Text": "2510",
      "Geometry": {
        "BoundingBox": {
          "Width": 0.030527688562870026,
          "Height": 0.01882040686905384,
          "Left": 0.40165776014328003,
          "Top": 0.5441935658454895
        },
        "Polygon": [
          {
            "X": 0.40165776014328003,
            "Y": 0.5441935658454895
          },
          {
            "X": 0.43189793825149536,
            "Y": 0.5442841649055481
          },
          {
            "X": 0.43218547105789185,
            "Y": 0.5630139708518982
          },
          {
            "X": 0.4019407331943512,
            "Y": 0.5629215836524963
          }
        ]
      },
      "Id": "f2353814-7aae-4463-b531-150d02a41313",
      "Relationships": [
        {
          "Type": "CHILD",
          "Ids": [
            "530f8c1e-d189-410d-841c-68f1c2e91a66"
          ]
        }
      ],
      "Page": 1
    },
    {
      "BlockType": "LINE",
      "Confidence": 99.68547821044922,
      "Text": "36.9",
      "Geometry": {
        "BoundingBox": {
          "Width": 0.025701871141791344,
          "Height": 0.01885203644633293,
          "Left": 0.5293126702308655,
          "Top": 0.5440548062324524
        },
        "Polygon": [
          {
            "X": 0.5293126702308655,
            "Y": 0.5440548062324524
          },
          {
            "X": 0.554707944393158,
            "Y": 0.5441308617591858
          },
          {
            "X": 0.5550145506858826,
            "Y": 0.5629068613052368
          },
          {
            "X": 0.5296154618263245,
            "Y": 0.562829315662384
          }
        ]
      },
      "Id": "ed5cbc99-c153-407d-91fc-dc5ac8a58391",
      "Relationships": [
        {
          "Type": "CHILD",
          "Ids": [
            "be608cdb-e6a8-4ad7-b747-1b9eeef118a2"
          ]
        }
      ],
      "Page": 1
    },
    {
      "BlockType": "LINE",
      "Confidence": 99.93040466308594,
      "Text": "3201",
      "Geometry": {
        "BoundingBox": {
          "Width": 0.028889423236250877,
          "Height": 0.018772758543491364,
          "Left": 0.6985047459602356,
          "Top": 0.5439652800559998
        },
        "Polygon": [
          {
            "X": 0.6985047459602356,
            "Y": 0.5439652800559998
          },
          {
            "X": 0.7270632982254028,
            "Y": 0.5440507531166077
          },
          {
            "X": 0.727394163608551,
            "Y": 0.5627380609512329
          },
          {
            "X": 0.69883131980896,
            "Y": 0.5626509189605713
          }
        ]
      },
      "Id": "a5797d65-ec92-4679-8dc9-659244b02d47",
      "Relationships": [
        {
          "Type": "CHILD",
          "Ids": [
            "97e0584d-3b77-47fe-a009-2201901952ed"
          ]
        }
      ],
      "Page": 1
    },
    {
      "BlockType": "LINE",
      "Confidence": 99.0082015991211,
      "Text": "EP/VFD-12.5",
      "Geometry": {
        "BoundingBox": {
          "Width": 0.07544901221990585,
          "Height": 0.023906610906124115,
          "Left": 0.2376720905303955,
          "Top": 0.5746681094169617
        },
        "Polygon": [
          {
            "X": 0.2376720905303955,
            "Y": 0.5746681094169617
          },
          {
            "X": 0.3127802908420563,
            "Y": 0.5749004483222961
          },
          {
            "X": 0.31312111020088196,
            "Y": 0.5985747575759888
          },
          {
            "X": 0.23799866437911987,
            "Y": 0.5983368158340454
          }
        ]
      },
      "Id": "b4246086-48fd-4a46-ba4c-69cb8f8c8b22",
      "Relationships": [
        {
          "Type": "CHILD",
          "Ids": [
            "fc3cff4d-624d-417c-964b-d64167f96623"
          ]
        }
      ],
      "Page": 1
    },
    {
      "BlockType": "LINE",
      "Confidence": 99.92819213867188,
      "Text": "146",
      "Geometry": {
        "BoundingBox": {
          "Width": 0.02181270159780979,
          "Height": 0.019137877970933914,
          "Left": 0.3383091390132904,
          "Top": 0.57491534948349
        },
        "Polygon": [
          {
            "X": 0.3383091390132904,
            "Y": 0.57491534948349
          },
          {
            "X": 0.35984012484550476,
            "Y": 0.5749819278717041
          },
          {
            "X": 0.36012184619903564,
            "Y": 0.5940532088279724
          },
          {
            "X": 0.33858758211135864,
            "Y": 0.5939853191375732
          }
        ]
      },
      "Id": "e52b0545-3797-4b04-90e8-0bbf6432114e",
      "Relationships": [
        {
          "Type": "CHILD",
          "Ids": [
            "31a3309b-077f-4578-9945-f31657e18c9c"
          ]
        }
      ],
      "Page": 1
    },
    {
      "BlockType": "LINE",
      "Confidence": 99.95680236816406,
      "Text": "2407",
      "Geometry": {
        "BoundingBox": {
          "Width": 0.03020750731229782,
          "Height": 0.018966274335980415,
          "Left": 0.40186789631843567,
          "Top": 0.5750977993011475
        },
        "Polygon": [
          {
            "X": 0.40186789631843567,
            "Y": 0.5750977993011475
          },
          {
            "X": 0.43178579211235046,
            "Y": 0.5751903653144836
          },
          {
            "X": 0.4320754110813141,
            "Y": 0.5940641164779663
          },
          {
            "X": 0.40215301513671875,
            "Y": 0.5939697623252869
          }
        ]
      },
      "Id": "6d07c8fb-4b1f-4e99-a02a-35922cb89fc8",
      "Relationships": [
        {
          "Type": "CHILD",
          "Ids": [
            "b34ab14e-3c40-40b4-9570-1bf7c525882a"
          ]
        }
      ],
      "Page": 1
    },
    {
      "BlockType": "LINE",
      "Confidence": 99.2019271850586,
      "Text": "31.2",
      "Geometry": {
        "BoundingBox": {
          "Width": 0.025419751182198524,
          "Height": 0.01927628368139267,
          "Left": 0.5292823910713196,
          "Top": 0.5747769474983215
        },
        "Polygon": [
          {
            "X": 0.5292823910713196,
            "Y": 0.5747769474983215
          },
          {
            "X": 0.554388701915741,
            "Y": 0.5748545527458191
          },
          {
            "X": 0.55470210313797,
            "Y": 0.5940532088279724
          },
          {
            "X": 0.5295919179916382,
            "Y": 0.5939741134643555
          }
        ]
      },
      "Id": "02bd9e26-f8a1-4252-8d18-21f4db1d59f8",
      "Relationships": [
        {
          "Type": "CHILD",
          "Ids": [
            "07e761fc-8e98-4d0d-88eb-0614ce012c6a"
          ]
        }
      ],
      "Page": 1
    },
    {
      "BlockType": "LINE",
      "Confidence": 99.96002197265625,
      "Text": "2724",
      "Geometry": {
        "BoundingBox": {
          "Width": 0.030579732730984688,
          "Height": 0.019218437373638153,
          "Left": 0.6983970999717712,
          "Top": 0.5751149654388428
        },
        "Polygon": [
          {
            "X": 0.6983970999717712,
            "Y": 0.5751149654388428
          },
          {
            "X": 0.7286380529403687,
            "Y": 0.5752084255218506
          },
          {
            "X": 0.728976845741272,
            "Y": 0.5943334102630615
          },
          {
            "X": 0.6987312436103821,
            "Y": 0.5942381620407104
          }
        ]
      },
      "Id": "b61248e6-ff96-43f9-a293-27e87168efd6",
      "Relationships": [
        {
          "Type": "CHILD",
          "Ids": [
            "8657b864-cf30-4e71-b643-cff5fcb95aac"
          ]
        }
      ],
      "Page": 1
    },
    {
      "BlockType": "WORD",
      "Confidence": 99.90620422363281,
      "Text": "sample",
      "TextType": "PRINTED",
      "Geometry": {
        "BoundingBox": {
          "Width": 0.043027427047491074,
          "Height": 0.024776535108685493,
          "Left": 0.23735728859901428,
          "Top": 0.4018552303314209
        },
        "Polygon": [
          {
            "X": 0.23735728859901428,
            "Y": 0.4018552303314209
          },
          {
            "X": 0.2800355553627014,
            "Y": 0.40196409821510315
          },
          {
            "X": 0.28038471937179565,
            "Y": 0.42663174867630005
          },
          {
            "X": 0.2376980036497116,
            "Y": 0.4265195429325104
          }
        ]
      },
      "Id": "eb817c3a-1757-4fae-940b-fd10787ff0a8",
      "Page": 1
    },
    {
      "BlockType": "WORD",
      "Confidence": 32.698543548583984,
      "Text": "Tg (°)",
      "TextType": "PRINTED",
      "Geometry": {
        "BoundingBox": {
          "Width": 0.04094165563583374,
          "Height": 0.027601171284914017,
          "Left": 0.33691099286079407,
          "Top": 0.4018165171146393
        },
        "Polygon": [
          {
            "X": 0.33691099286079407,
            "Y": 0.4018165171146393
          },
          {
            "X": 0.37744200229644775,
            "Y": 0.4019198715686798
          },
          {
            "X": 0.3778526484966278,
            "Y": 0.4294176697731018
          },
          {
            "X": 0.33731263875961304,
            "Y": 0.42931079864501953
          }
        ]
      },
      "Id": "d3e54a77-0257-4bc4-b722-d34244dba821",
      "Page": 1
    },
    {
      "BlockType": "WORD",
      "Confidence": 95.9857406616211,
      "Text": "E'",
      "TextType": "PRINTED",
      "Geometry": {
        "BoundingBox": {
          "Width": 0.011199265718460083,
          "Height": 0.019735276699066162,
          "Left": 0.4011193811893463,
          "Top": 0.4021136164665222
        },
        "Polygon": [
          {
            "X": 0.4011193811893463,
            "Y": 0.4021136164665222
          },
          {
            "X": 0.41201892495155334,
            "Y": 0.40214142203330994
          },
          {
            "X": 0.4123186469078064,
            "Y": 0.4218488931655884
          },
          {
            "X": 0.40141740441322327,
            "Y": 0.42182040214538574
          }
        ]
      },
      "Id": "94a2f7c1-8637-45df-adfa-807773d848aa",
      "Page": 1
    },
    {
      "BlockType": "WORD",
      "Confidence": 99.94096374511719,
      "Text": "at",
      "TextType": "PRINTED",
      "Geometry": {
        "BoundingBox": {
          "Width": 0.011894536204636097,
          "Height": 0.016863901168107986,
          "Left": 0.4161876142024994,
          "Top": 0.40472906827926636
        },
        "Polygon": [
          {
            "X": 0.4161876142024994,
            "Y": 0.40472906827926636
          },
          {
            "X": 0.4278239905834198,
            "Y": 0.40475884079933167
          },
          {
            "X": 0.428082138299942,
            "Y": 0.42159298062324524
          },
          {
            "X": 0.41644418239593506,
            "Y": 0.4215625822544098
          }
        ]
      },
      "Id": "45d02049-2b36-45eb-8792-af211def1abc",
      "Page": 1
    },
    {
      "BlockType": "WORD",
      "Confidence": 85.12065124511719,
      "Text": "50 °C",
      "TextType": "PRINTED",
      "Geometry": {
        "BoundingBox": {
          "Width": 0.03392913192510605,
          "Height": 0.020217370241880417,
          "Left": 0.432609885931015,
          "Top": 0.4019314646720886
        },
        "Polygon": [
          {
            "X": 0.432609885931015,
            "Y": 0.4019314646720886
          },
          {
            "X": 0.4662241041660309,
            "Y": 0.40201717615127563
          },
          {
            "X": 0.46653902530670166,
            "Y": 0.42214882373809814
          },
          {
            "X": 0.43291935324668884,
            "Y": 0.4220609962940216
          }
        ]
      },
      "Id": "52a14942-ea61-43d5-a887-559fcb8e2593",
      "Page": 1
    },
    {
      "BlockType": "WORD",
      "Confidence": 99.68464660644531,
      "Text": "(MPa)",
      "TextType": "PRINTED",
      "Geometry": {
        "BoundingBox": {
          "Width": 0.03555690497159958,
          "Height": 0.024570459499955177,
          "Left": 0.4701507091522217,
          "Top": 0.40127068758010864
        },
        "Polygon": [
          {
            "X": 0.4701507091522217,
            "Y": 0.40127068758010864
          },
          {
            "X": 0.5053170323371887,
            "Y": 0.40136027336120605
          },
          {
            "X": 0.5057076215744019,
            "Y": 0.42584115266799927
          },
          {
            "X": 0.47053438425064087,
            "Y": 0.4257488548755646
          }
        ]
      },
      "Id": "4b5c7358-18e1-4c82-8743-25e3a13b2c40",
      "Page": 1
    },
    {
      "BlockType": "WORD",
      "Confidence": 57.32789611816406,
      "Text": "E' at",
      "TextType": "PRINTED",
      "Geometry": {
        "BoundingBox": {
          "Width": 0.0262557752430439,
          "Height": 0.019773541018366814,
          "Left": 0.5288119316101074,
          "Top": 0.40223821997642517
        },
        "Polygon": [
          {
            "X": 0.5288119316101074,
            "Y": 0.40223821997642517
          },
          {
            "X": 0.5547455549240112,
            "Y": 0.40230435132980347
          },
          {
            "X": 0.5550677180290222,
            "Y": 0.42201176285743713
          },
          {
            "X": 0.5291300415992737,
            "Y": 0.4219440221786499
          }
        ]
      },
      "Id": "6983e65d-dce3-44a2-8a3e-38661598ccfc",
      "Page": 1
    },
    {
      "BlockType": "WORD",
      "Confidence": 77.57447052001953,
      "Text": "(Tg",
      "TextType": "PRINTED",
      "Geometry": {
        "BoundingBox": {
          "Width": 0.017613103613257408,
          "Height": 0.026842502877116203,
          "Left": 0.5595691204071045,
          "Top": 0.40197989344596863
        },
        "Polygon": [
          {
            "X": 0.5595691204071045,
            "Y": 0.40197989344596863
          },
          {
            "X": 0.5767393708229065,
            "Y": 0.40202367305755615
          },
          {
            "X": 0.5771822333335876,
            "Y": 0.42882239818573
          },
          {
            "X": 0.5600082278251648,
            "Y": 0.42877718806266785
          }
        ]
      },
      "Id": "fb564871-022f-43f9-add4-6d77040a7d77",
      "Page": 1
    },
    {
      "BlockType": "WORD",
      "Confidence": 99.56143188476562,
      "Text": "+",
      "TextType": "PRINTED",
      "Geometry": {
        "BoundingBox": {
          "Width": 0.009777318686246872,
          "Height": 0.01644422858953476,
          "Left": 0.5825573205947876,
          "Top": 0.4064040184020996
        },
        "Polygon": [
          {
            "X": 0.5825573205947876,
            "Y": 0.4064040184020996
          },
          {
            "X": 0.5920613408088684,
            "Y": 0.40642839670181274
          },
          {
            "X": 0.5923346877098083,
            "Y": 0.42284825444221497
          },
          {
            "X": 0.5828294157981873,
            "Y": 0.42282339930534363
          }
        ]
      },
      "Id": "d0516810-086b-4836-9a63-6c4d9f1d9105",
      "Page": 1
    },
    {
      "BlockType": "WORD",
      "Confidence": 61.91334533691406,
      "Text": "40) °C (MPa)",
      "TextType": "PRINTED",
      "Geometry": {
        "BoundingBox": {
          "Width": 0.0779641792178154,
          "Height": 0.024275867268443108,
          "Left": 0.5971770286560059,
          "Top": 0.40158435702323914
        },
        "Polygon": [
          {
            "X": 0.5971770286560059,
            "Y": 0.40158435702323914
          },
          {
            "X": 0.6747244596481323,
            "Y": 0.4017818868160248
          },
          {
            "X": 0.6751412153244019,
            "Y": 0.4258602261543274
          },
          {
            "X": 0.597578763961792,
            "Y": 0.425656795501709
          }
        ]
      },
      "Id": "b32b39b6-3390-4743-9733-b7bd2aae48ec",
      "Page": 1
    },
    {
      "BlockType": "WORD",
      "Confidence": 90.42973327636719,
      "Text": "Ve",
      "TextType": "PRINTED",
      "Geometry": {
        "BoundingBox": {
          "Width": 0.012108717113733292,
          "Height": 0.01849517412483692,
          "Left": 0.6981867551803589,
          "Top": 0.406785786151886
        },
        "Polygon": [
          {
            "X": 0.6981867551803589,
            "Y": 0.406785786151886
          },
          {
            "X": 0.7099707126617432,
            "Y": 0.4068159759044647
          },
          {
            "X": 0.7102954983711243,
            "Y": 0.42528095841407776
          },
          {
            "X": 0.6985098123550415,
            "Y": 0.4252500832080841
          }
        ]
      },
      "Id": "2be9c0ee-0980-47d3-8ab7-61c7b4216d04",
      "Page": 1
    },
    {
      "BlockType": "WORD",
      "Confidence": 58.49136734008789,
      "Text": "(mol/m³)",
      "TextType": "PRINTED",
      "Geometry": {
        "BoundingBox": {
          "Width": 0.05637744441628456,
          "Height": 0.026115119457244873,
          "Left": 0.7152355313301086,
          "Top": 0.4001713693141937
        },
        "Polygon": [
          {
            "X": 0.7152355313301086,
            "Y": 0.4001713693141937
          },
          {
            "X": 0.7711434364318848,
            "Y": 0.40031349658966064
          },
          {
            "X": 0.7716130018234253,
            "Y": 0.4262864887714386
          },
          {
            "X": 0.7156934142112732,
            "Y": 0.42613980174064636
          }
        ]
      },
      "Id": "2e700cd2-075f-4baf-bfc2-7d2bf1d6d742",
      "Page": 1
    },
    {
      "BlockType": "WORD",
      "Confidence": 99.57398986816406,
      "Text": "EP",
      "TextType": "PRINTED",
      "Geometry": {
        "BoundingBox": {
          "Width": 0.014757915399968624,
          "Height": 0.018775878474116325,
          "Left": 0.23802460730075836,
          "Top": 0.45219236612319946
        },
        "Polygon": [
          {
            "X": 0.23802460730075836,
            "Y": 0.45219236612319946
          },
          {
            "X": 0.2525215446949005,
            "Y": 0.45223164558410645
          },
          {
            "X": 0.25278252363204956,
            "Y": 0.47096824645996094
          },
          {
            "X": 0.2382834106683731,
            "Y": 0.4709281027317047
          }
        ]
      },
      "Id": "720e026f-f60b-4feb-b1f0-ca981d7fe01c",
      "Page": 1
    },
    {
      "BlockType": "WORD",
      "Confidence": 99.97725677490234,
      "Text": "164",
      "TextType": "PRINTED",
      "Geometry": {
        "BoundingBox": {
          "Width": 0.021629244089126587,
          "Height": 0.018902534618973732,
          "Left": 0.3384062349796295,
          "Top": 0.45167142152786255
        },
        "Polygon": [
          {
            "X": 0.3384062349796295,
            "Y": 0.45167142152786255
          },
          {
            "X": 0.35975685715675354,
            "Y": 0.4517292082309723
          },
          {
            "X": 0.3600354790687561,
            "Y": 0.47057396173477173
          },
          {
            "X": 0.3386816382408142,
            "Y": 0.4705148935317993
          }
        ]
      },
      "Id": "367230b7-9dfe-455f-a3fa-0abdde0cd305",
      "Page": 1
    },
    {
      "BlockType": "WORD",
      "Confidence": 99.96138000488281,
      "Text": "2273",
      "TextType": "PRINTED",
      "Geometry": {
        "BoundingBox": {
          "Width": 0.029913168400526047,
          "Height": 0.01899787038564682,
          "Left": 0.4017306864261627,
          "Top": 0.45169833302497864
        },
        "Polygon": [
          {
            "X": 0.4017306864261627,
            "Y": 0.45169833302497864
          },
          {
            "X": 0.4313533306121826,
            "Y": 0.45177850127220154
          },
          {
            "X": 0.43164387345314026,
            "Y": 0.47069621086120605
          },
          {
            "X": 0.4020167291164398,
            "Y": 0.4706142842769623
          }
        ]
      },
      "Id": "102e8858-4f4f-4f76-8d39-21604f477567",
      "Page": 1
    },
    {
      "BlockType": "WORD",
      "Confidence": 65.72335052490234,
      "Text": "49,5",
      "TextType": "PRINTED",
      "Geometry": {
        "BoundingBox": {
          "Width": 0.025790855288505554,
          "Height": 0.019148871302604675,
          "Left": 0.5288331508636475,
          "Top": 0.451701819896698
        },
        "Polygon": [
          {
            "X": 0.5288331508636475,
            "Y": 0.451701819896698
          },
          {
            "X": 0.5543122887611389,
            "Y": 0.45177075266838074
          },
          {
            "X": 0.5546240210533142,
            "Y": 0.47085070610046387
          },
          {
            "X": 0.5291410088539124,
            "Y": 0.47078025341033936
          }
        ]
      },
      "Id": "125602f9-cb8b-4a5f-94d7-3d61bcc2379e",
      "Page": 1
    },
    {
      "BlockType": "WORD",
      "Confidence": 99.9820327758789,
      "Text": "4159",
      "TextType": "PRINTED",
      "Geometry": {
        "BoundingBox": {
          "Width": 0.03064182586967945,
          "Height": 0.01946316473186016,
          "Left": 0.6983213424682617,
          "Top": 0.45166030526161194
        },
        "Polygon": [
          {
            "X": 0.6983213424682617,
            "Y": 0.45166030526161194
          },
          {
            "X": 0.7286195158958435,
            "Y": 0.4517422318458557
          },
          {
            "X": 0.7289631962776184,
            "Y": 0.47112348675727844
          },
          {
            "X": 0.6986603140830994,
            "Y": 0.47103971242904663
          }
        ]
      },
      "Id": "5805e1bf-975b-43ec-b7d5-d12265725a9c",
      "Page": 1
    },
    {
      "BlockType": "WORD",
      "Confidence": 99.61099243164062,
      "Text": "EP/VFD-5",
      "TextType": "PRINTED",
      "Geometry": {
        "BoundingBox": {
          "Width": 0.05701331049203873,
          "Height": 0.024218725040555,
          "Left": 0.23794840276241302,
          "Top": 0.4810858964920044
        },
        "Polygon": [
          {
            "X": 0.23794840276241302,
            "Y": 0.4810858964920044
          },
          {
            "X": 0.29461854696273804,
            "Y": 0.4812445342540741
          },
          {
            "X": 0.29496172070503235,
            "Y": 0.5053046345710754
          },
          {
            "X": 0.23828060925006866,
            "Y": 0.5051416754722595
          }
        ]
      },
      "Id": "a2d2b208-e1d1-4ead-811f-7df4a5c40778",
      "Page": 1
    },
    {
      "BlockType": "WORD",
      "Confidence": 99.96492004394531,
      "Text": "155",
      "TextType": "PRINTED",
      "Geometry": {
        "BoundingBox": {
          "Width": 0.021583419293165207,
          "Height": 0.01918765902519226,
          "Left": 0.33832329511642456,
          "Top": 0.4814743995666504
        },
        "Polygon": [
          {
            "X": 0.33832329511642456,
            "Y": 0.4814743995666504
          },
          {
            "X": 0.3596239686012268,
            "Y": 0.48153406381607056
          },
          {
            "X": 0.35990670323371887,
            "Y": 0.500662088394165
          },
          {
            "X": 0.338602751493454,
            "Y": 0.5006011128425598
          }
        ]
      },
      "Id": "dd24dbc8-8735-4a5a-b864-1cd63d8d5186",
      "Page": 1
    },
    {
      "BlockType": "WORD",
      "Confidence": 99.9505386352539,
      "Text": "2486",
      "TextType": "PRINTED",
      "Geometry": {
        "BoundingBox": {
          "Width": 0.030381284654140472,
          "Height": 0.018451061099767685,
          "Left": 0.40171465277671814,
          "Top": 0.4816109836101532
        },
        "Polygon": [
          {
            "X": 0.40171465277671814,
            "Y": 0.4816109836101532
          },
          {
            "X": 0.43181389570236206,
            "Y": 0.4816952645778656
          },
          {
            "X": 0.4320959448814392,
            "Y": 0.5000620484352112
          },
          {
            "X": 0.4019922912120819,
            "Y": 0.4999760091304779
          }
        ]
      },
      "Id": "a65f43d6-6a9a-48ce-86d1-24ba1b40546d",
      "Page": 1
    },
    {
      "BlockType": "WORD",
      "Confidence": 96.83926391601562,
      "Text": "45.4",
      "TextType": "PRINTED",
      "Geometry": {
        "BoundingBox": {
          "Width": 0.026356851682066917,
          "Height": 0.01907683163881302,
          "Left": 0.5288275480270386,
          "Top": 0.4815736711025238
        },
        "Polygon": [
          {
            "X": 0.5288275480270386,
            "Y": 0.4815736711025238
          },
          {
            "X": 0.5548738837242126,
            "Y": 0.4816465675830841
          },
          {
            "X": 0.5551844239234924,
            "Y": 0.5006505250930786
          },
          {
            "X": 0.5291340947151184,
            "Y": 0.5005760192871094
          }
        ]
      },
      "Id": "3ecd5c8a-4d88-48e9-b305-f8c65b94b0e8",
      "Page": 1
    },
    {
      "BlockType": "WORD",
      "Confidence": 99.96273803710938,
      "Text": "3888",
      "TextType": "PRINTED",
      "Geometry": {
        "BoundingBox": {
          "Width": 0.030188309028744698,
          "Height": 0.01913936622440815,
          "Left": 0.6985335350036621,
          "Top": 0.4814583659172058
        },
        "Polygon": [
          {
            "X": 0.6985335350036621,
            "Y": 0.4814583659172058
          },
          {
            "X": 0.7283840775489807,
            "Y": 0.48154184222221375
          },
          {
            "X": 0.7287218570709229,
            "Y": 0.5005977153778076
          },
          {
            "X": 0.6988667249679565,
            "Y": 0.500512421131134
          }
        ]
      },
      "Id": "4b594005-58f4-4d21-85ed-5f21c319670f",
      "Page": 1
    },
    {
      "BlockType": "WORD",
      "Confidence": 99.4566421508789,
      "Text": "EP/VFD-7.5",
      "TextType": "PRINTED",
      "Geometry": {
        "BoundingBox": {
          "Width": 0.06724918633699417,
          "Height": 0.02365354262292385,
          "Left": 0.23803572356700897,
          "Top": 0.5123950839042664
        },
        "Polygon": [
          {
            "X": 0.23803572356700897,
            "Y": 0.5123950839042664
          },
          {
            "X": 0.30494847893714905,
            "Y": 0.5125889778137207
          },
          {
            "X": 0.30528491735458374,
            "Y": 0.5360485911369324
          },
          {
            "X": 0.23835957050323486,
            "Y": 0.5358497500419617
          }
        ]
      },
      "Id": "980e7f0a-1de5-44d0-80f8-6cbcec80fd6d",
      "Page": 1
    },
    {
      "BlockType": "WORD",
      "Confidence": 99.97750854492188,
      "Text": "150",
      "TextType": "PRINTED",
      "Geometry": {
        "BoundingBox": {
          "Width": 0.021799063310027122,
          "Height": 0.019206909462809563,
          "Left": 0.3383188843727112,
          "Top": 0.5125262141227722
        },
        "Polygon": [
          {
            "X": 0.3383188843727112,
            "Y": 0.5125262141227722
          },
          {
            "X": 0.3598349988460541,
            "Y": 0.5125885605812073
          },
          {
            "X": 0.36011794209480286,
            "Y": 0.5317330956459045
          },
          {
            "X": 0.3385985195636749,
            "Y": 0.5316694974899292
          }
        ]
      },
      "Id": "445001b6-a8a7-40fd-9482-889e7528a97a",
      "Page": 1
    },
    {
      "BlockType": "WORD",
      "Confidence": 99.87385559082031,
      "Text": "2668",
      "TextType": "PRINTED",
      "Geometry": {
        "BoundingBox": {
          "Width": 0.030169270932674408,
          "Height": 0.01876889541745186,
          "Left": 0.40160834789276123,
          "Top": 0.512865424156189
        },
        "Polygon": [
          {
            "X": 0.40160834789276123,
            "Y": 0.512865424156189
          },
          {
            "X": 0.43149083852767944,
            "Y": 0.5129520297050476
          },
          {
            "X": 0.43177762627601624,
            "Y": 0.5316343307495117
          },
          {
            "X": 0.40189066529273987,
            "Y": 0.5315459966659546
          }
        ]
      },
      "Id": "4ea9a537-5b95-4bfa-9698-525df76c89a7",
      "Page": 1
    },
    {
      "BlockType": "WORD",
      "Confidence": 99.6576919555664,
      "Text": "36.8",
      "TextType": "PRINTED",
      "Geometry": {
        "BoundingBox": {
          "Width": 0.025381093844771385,
          "Height": 0.018730662763118744,
          "Left": 0.5291861891746521,
          "Top": 0.512844979763031
        },
        "Polygon": [
          {
            "X": 0.5291861891746521,
            "Y": 0.512844979763031
          },
          {
            "X": 0.5542625784873962,
            "Y": 0.5129175782203674
          },
          {
            "X": 0.554567277431488,
            "Y": 0.531575620174408
          },
          {
            "X": 0.529487133026123,
            "Y": 0.5315015316009521
          }
        ]
      },
      "Id": "fb8ca049-bb60-4464-ad45-3461d4ba4ba4",
      "Page": 1
    },
    {
      "BlockType": "WORD",
      "Confidence": 99.97154998779297,
      "Text": "3185",
      "TextType": "PRINTED",
      "Geometry": {
        "BoundingBox": {
          "Width": 0.0300186388194561,
          "Height": 0.018916042521595955,
          "Left": 0.6985361576080322,
          "Top": 0.5127283334732056
        },
        "Polygon": [
          {
            "X": 0.6985361576080322,
            "Y": 0.5127283334732056
          },
          {
            "X": 0.7282211184501648,
            "Y": 0.5128142833709717
          },
          {
            "X": 0.7285547852516174,
            "Y": 0.5316444039344788
          },
          {
            "X": 0.6988652944564819,
            "Y": 0.5315566658973694
          }
        ]
      },
      "Id": "446a0aa8-bcd2-4443-a7c0-99efbcaefdf5",
      "Page": 1
    },
    {
      "BlockType": "WORD",
      "Confidence": 99.4072265625,
      "Text": "EP/VFD-10",
      "TextType": "PRINTED",
      "Geometry": {
        "BoundingBox": {
          "Width": 0.06511110067367554,
          "Height": 0.023213831707835197,
          "Left": 0.23797276616096497,
          "Top": 0.5444780588150024
        },
        "Polygon": [
          {
            "X": 0.23797276616096497,
            "Y": 0.5444780588150024
          },
          {
            "X": 0.3027542233467102,
            "Y": 0.5446723103523254
          },
          {
            "X": 0.3030838668346405,
            "Y": 0.5676919221878052
          },
          {
            "X": 0.2382904440164566,
            "Y": 0.5674929618835449
          }
        ]
      },
      "Id": "2460614f-34c2-4903-868c-25f38aa624e6",
      "Page": 1
    },
    {
      "BlockType": "WORD",
      "Confidence": 99.97672271728516,
      "Text": "149",
      "TextType": "PRINTED",
      "Geometry": {
        "BoundingBox": {
          "Width": 0.021779654547572136,
          "Height": 0.01910668984055519,
          "Left": 0.3382346034049988,
          "Top": 0.5437647104263306
        },
        "Polygon": [
          {
            "X": 0.3382346034049988,
            "Y": 0.5437647104263306
          },
          {
            "X": 0.3597329258918762,
            "Y": 0.543829083442688
          },
          {
            "X": 0.36001425981521606,
            "Y": 0.5628713965415955
          },
          {
            "X": 0.338512659072876,
            "Y": 0.562805712223053
          }
        ]
      },
      "Id": "ed64d410-e343-4029-bd1e-91efe8004fd0",
      "Page": 1
    },
    {
      "BlockType": "WORD",
      "Confidence": 99.9643783569336,
      "Text": "2510",
      "TextType": "PRINTED",
      "Geometry": {
        "BoundingBox": {
          "Width": 0.030527688562870026,
          "Height": 0.01882040686905384,
          "Left": 0.40165776014328003,
          "Top": 0.5441935658454895
        },
        "Polygon": [
          {
            "X": 0.40165776014328003,
            "Y": 0.5441935658454895
          },
          {
            "X": 0.43189793825149536,
            "Y": 0.5442841649055481
          },
          {
            "X": 0.43218547105789185,
            "Y": 0.5630139708518982
          },
          {
            "X": 0.4019407331943512,
            "Y": 0.5629215836524963
          }
        ]
      },
      "Id": "530f8c1e-d189-410d-841c-68f1c2e91a66",
      "Page": 1
    },
    {
      "BlockType": "WORD",
      "Confidence": 99.68547821044922,
      "Text": "36.9",
      "TextType": "PRINTED",
      "Geometry": {
        "BoundingBox": {
          "Width": 0.025701871141791344,
          "Height": 0.01885203644633293,
          "Left": 0.5293126702308655,
          "Top": 0.5440548062324524
        },
        "Polygon": [
          {
            "X": 0.5293126702308655,
            "Y": 0.5440548062324524
          },
          {
            "X": 0.554707944393158,
            "Y": 0.5441308617591858
          },
          {
            "X": 0.5550145506858826,
            "Y": 0.5629068613052368
          },
          {
            "X": 0.5296154618263245,
            "Y": 0.562829315662384
          }
        ]
      },
      "Id": "be608cdb-e6a8-4ad7-b747-1b9eeef118a2",
      "Page": 1
    },
    {
      "BlockType": "WORD",
      "Confidence": 99.93040466308594,
      "Text": "3201",
      "TextType": "PRINTED",
      "Geometry": {
        "BoundingBox": {
          "Width": 0.028889423236250877,
          "Height": 0.018772758543491364,
          "Left": 0.6985047459602356,
          "Top": 0.5439652800559998
        },
        "Polygon": [
          {
            "X": 0.6985047459602356,
            "Y": 0.5439652800559998
          },
          {
            "X": 0.7270632982254028,
            "Y": 0.5440507531166077
          },
          {
            "X": 0.727394163608551,
            "Y": 0.5627380609512329
          },
          {
            "X": 0.69883131980896,
            "Y": 0.5626509189605713
          }
        ]
      },
      "Id": "97e0584d-3b77-47fe-a009-2201901952ed",
      "Page": 1
    },
    {
      "BlockType": "WORD",
      "Confidence": 99.0082015991211,
      "Text": "EP/VFD-12.5",
      "TextType": "PRINTED",
      "Geometry": {
        "BoundingBox": {
          "Width": 0.07544901221990585,
          "Height": 0.023906610906124115,
          "Left": 0.2376720905303955,
          "Top": 0.5746681094169617
        },
        "Polygon": [
          {
            "X": 0.2376720905303955,
            "Y": 0.5746681094169617
          },
          {
            "X": 0.3127802908420563,
            "Y": 0.5749004483222961
          },
          {
            "X": 0.31312111020088196,
            "Y": 0.5985747575759888
          },
          {
            "X": 0.23799866437911987,
            "Y": 0.5983368158340454
          }
        ]
      },
      "Id": "fc3cff4d-624d-417c-964b-d64167f96623",
      "Page": 1
    },
    {
      "BlockType": "WORD",
      "Confidence": 99.92819213867188,
      "Text": "146",
      "TextType": "PRINTED",
      "Geometry": {
        "BoundingBox": {
          "Width": 0.02181270159780979,
          "Height": 0.019137877970933914,
          "Left": 0.3383091390132904,
          "Top": 0.57491534948349
        },
        "Polygon": [
          {
            "X": 0.3383091390132904,
            "Y": 0.57491534948349
          },
          {
            "X": 0.35984012484550476,
            "Y": 0.5749819278717041
          },
          {
            "X": 0.36012184619903564,
            "Y": 0.5940532088279724
          },
          {
            "X": 0.33858758211135864,
            "Y": 0.5939853191375732
          }
        ]
      },
      "Id": "31a3309b-077f-4578-9945-f31657e18c9c",
      "Page": 1
    },
    {
      "BlockType": "WORD",
      "Confidence": 99.95680236816406,
      "Text": "2407",
      "TextType": "PRINTED",
      "Geometry": {
        "BoundingBox": {
          "Width": 0.03020750731229782,
          "Height": 0.018966274335980415,
          "Left": 0.40186789631843567,
          "Top": 0.5750977993011475
        },
        "Polygon": [
          {
            "X": 0.40186789631843567,
            "Y": 0.5750977993011475
          },
          {
            "X": 0.43178579211235046,
            "Y": 0.5751903653144836
          },
          {
            "X": 0.4320754110813141,
            "Y": 0.5940641164779663
          },
          {
            "X": 0.40215301513671875,
            "Y": 0.5939697623252869
          }
        ]
      },
      "Id": "b34ab14e-3c40-40b4-9570-1bf7c525882a",
      "Page": 1
    },
    {
      "BlockType": "WORD",
      "Confidence": 99.2019271850586,
      "Text": "31.2",
      "TextType": "PRINTED",
      "Geometry": {
        "BoundingBox": {
          "Width": 0.025419751182198524,
          "Height": 0.01927628368139267,
          "Left": 0.5292823910713196,
          "Top": 0.5747769474983215
        },
        "Polygon": [
          {
            "X": 0.5292823910713196,
            "Y": 0.5747769474983215
          },
          {
            "X": 0.554388701915741,
            "Y": 0.5748545527458191
          },
          {
            "X": 0.55470210313797,
            "Y": 0.5940532088279724
          },
          {
            "X": 0.5295919179916382,
            "Y": 0.5939741134643555
          }
        ]
      },
      "Id": "07e761fc-8e98-4d0d-88eb-0614ce012c6a",
      "Page": 1
    },
    {
      "BlockType": "WORD",
      "Confidence": 99.96002197265625,
      "Text": "2724",
      "TextType": "PRINTED",
      "Geometry": {
        "BoundingBox": {
          "Width": 0.030579732730984688,
          "Height": 0.019218437373638153,
          "Left": 0.6983970999717712,
          "Top": 0.5751149654388428
        },
        "Polygon": [
          {
            "X": 0.6983970999717712,
            "Y": 0.5751149654388428
          },
          {
            "X": 0.7286380529403687,
            "Y": 0.5752084255218506
          },
          {
            "X": 0.728976845741272,
            "Y": 0.5943334102630615
          },
          {
            "X": 0.6987312436103821,
            "Y": 0.5942381620407104
          }
        ]
      },
      "Id": "8657b864-cf30-4e71-b643-cff5fcb95aac",
      "Page": 1
    },
    {
      "BlockType": "TABLE",
      "Confidence": 99.609375,
      "Geometry": {
        "BoundingBox": {
          "Width": 0.5659940838813782,
          "Height": 0.22376005351543427,
          "Left": 0.2198227196931839,
          "Top": 0.3877303898334503
        },
        "Polygon": [
          {
            "X": 0.2198227196931839,
            "Y": 0.3877303898334503
          },
          {
            "X": 0.7817778587341309,
            "Y": 0.3891391456127167
          },
          {
            "X": 0.7858167886734009,
            "Y": 0.6114904880523682
          },
          {
            "X": 0.22285807132720947,
            "Y": 0.6096872091293335
          }
        ]
      },
      "Id": "55b20c39-30d3-4ca2-b7ee-e57e04f11865",
      "Relationships": [
        {
          "Type": "CHILD",
          "Ids": [
            "0d2e2439-0e10-46bb-bb99-ac2a4cc5bb73",
            "1d67fb8f-a3ce-47a5-b3d4-9b7fa1b16319",
            "eb152ca6-bea8-468e-b171-12172734f076",
            "c4dae2a9-4d73-41d8-bf5e-283b09e38a14",
            "7aeacfb6-ce20-461d-8c81-324e10e8f574",
            "8c6874f0-5dcc-4ac1-9606-7133a1a3caaf",
            "7bf2ad77-a2b0-46e9-9b29-7ab0181c17aa",
            "d23458ea-4bdf-4569-a979-a41800e407a4",
            "9be449a8-4581-49b7-a491-36780bad9263",
            "0cd8ac5c-749f-4653-8012-b16ae0694f29",
            "5cefd468-f0cb-4642-9903-dbd71d9c259d",
            "57934c73-f0d3-43ce-8fc4-d4cc701b70e0",
            "f09bbf53-7cf4-4656-8fb8-ab031e3158d6",
            "d0b9e5ca-f4f8-41c8-afac-7101dc9b26f5",
            "6c4ef1a9-1777-429a-8749-13b4f08cffb2",
            "0a0f3023-b885-4cd3-a515-76678146fe86",
            "ebacec47-559c-4055-a048-d9f7cc2a0f61",
            "0188be54-d4ac-4f14-952f-9c4470889cbe",
            "0434d5b2-6a1d-46db-9933-e2de97437e45",
            "97248051-fb66-422e-afe3-335eb5b152d7",
            "ad8b9f3c-1435-489c-918d-308af27a55b6",
            "a34ec5cc-50e8-40ba-a5e1-48f3c1cfce4a",
            "c61eee6e-9d3a-4f4c-b2bd-349bae8820e4",
            "842c813b-b29c-470d-a1b2-23ac1d5bd63a",
            "d274fe09-92b7-4938-a5e1-0a0cbc03d354",
            "e210dfdb-615b-4320-8eb8-8db486659325",
            "3f72ee13-f1b5-4c82-b9f8-d5e92c4c8f4b",
            "af2921c4-a651-4fd4-9e02-2f83b11ffcaa",
            "ce0a59b9-c094-48fe-b498-113e4482c1c3",
            "81a3c9cc-d03b-4283-99f0-0e5ff0a37d23"
          ]
        }
      ],
      "EntityTypes": [
        "STRUCTURED_TABLE"
      ],
      "Page": 1
    },
    {
      "BlockType": "CELL",
      "Confidence": 93.45703125,
      "RowIndex": 1,
      "ColumnIndex": 1,
      "RowSpan": 1,
      "ColumnSpan": 1,
      "Geometry": {
        "BoundingBox": {
          "Width": 0.10447609424591064,
          "Height": 0.049382250756025314,
          "Left": 0.2198227196931839,
          "Top": 0.3877303898334503
        },
        "Polygon": [
          {
            "X": 0.2198227196931839,
            "Y": 0.3877303898334503
          },
          {
            "X": 0.3235863447189331,
            "Y": 0.3879905343055725
          },
          {
            "X": 0.32429882884025574,
            "Y": 0.4371126592159271
          },
          {
            "X": 0.22049427032470703,
            "Y": 0.4368364214897156
          }
        ]
      },
      "Id": "0d2e2439-0e10-46bb-bb99-ac2a4cc5bb73",
      "Relationships": [
        {
          "Type": "CHILD",
          "Ids": [
            "eb817c3a-1757-4fae-940b-fd10787ff0a8"
          ]
        }
      ],
      "EntityTypes": [
        "COLUMN_HEADER"
      ],
      "Page": 1
    },
    {
      "BlockType": "CELL",
      "Confidence": 85.83984375,
      "RowIndex": 1,
      "ColumnIndex": 2,
      "RowSpan": 1,
      "ColumnSpan": 1,
      "Geometry": {
        "BoundingBox": {
          "Width": 0.0663556456565857,
          "Height": 0.049296800047159195,
          "Left": 0.3235863447189331,
          "Top": 0.3879905343055725
        },
        "Polygon": [
          {
            "X": 0.3235863447189331,
            "Y": 0.3879905343055725
          },
          {
            "X": 0.38920360803604126,
            "Y": 0.3881550133228302
          },
          {
            "X": 0.3899419903755188,
            "Y": 0.4372873306274414
          },
          {
            "X": 0.32429882884025574,
            "Y": 0.4371126592159271
          }
        ]
      },
      "Id": "1d67fb8f-a3ce-47a5-b3d4-9b7fa1b16319",
      "Relationships": [
        {
          "Type": "CHILD",
          "Ids": [
            "d3e54a77-0257-4bc4-b722-d34244dba821"
          ]
        }
      ],
      "EntityTypes": [
        "COLUMN_HEADER"
      ],
      "Page": 1
    },
    {
      "BlockType": "CELL",
      "Confidence": 93.9453125,
      "RowIndex": 1,
      "ColumnIndex": 3,
      "RowSpan": 1,
      "ColumnSpan": 1,
      "Geometry": {
        "BoundingBox": {
          "Width": 0.12777329981327057,
          "Height": 0.049470335245132446,
          "Left": 0.38920360803604126,
          "Top": 0.3881550133228302
        },
        "Polygon": [
          {
            "X": 0.38920360803604126,
            "Y": 0.3881550133228302
          },
          {
            "X": 0.5161883234977722,
            "Y": 0.3884733319282532
          },
          {
            "X": 0.5169768929481506,
            "Y": 0.43762534856796265
          },
          {
            "X": 0.3899419903755188,
            "Y": 0.4372873306274414
          }
        ]
      },
      "Id": "eb152ca6-bea8-468e-b171-12172734f076",
      "Relationships": [
        {
          "Type": "CHILD",
          "Ids": [
            "94a2f7c1-8637-45df-adfa-807773d848aa",
            "45d02049-2b36-45eb-8792-af211def1abc",
            "52a14942-ea61-43d5-a887-559fcb8e2593",
            "4b5c7358-18e1-4c82-8743-25e3a13b2c40"
          ]
        }
      ],
      "EntityTypes": [
        "COLUMN_HEADER"
      ],
      "Page": 1
    },
    {
      "BlockType": "CELL",
      "Confidence": 95.1171875,
      "RowIndex": 1,
      "ColumnIndex": 4,
      "RowSpan": 1,
      "ColumnSpan": 1,
      "Geometry": {
        "BoundingBox": {
          "Width": 0.16984404623508453,
          "Height": 0.04960184544324875,
          "Left": 0.5161883234977722,
          "Top": 0.3884733319282532
        },
        "Polygon": [
          {
            "X": 0.5161883234977722,
            "Y": 0.3884733319282532
          },
          {
            "X": 0.6851770281791687,
            "Y": 0.38889697194099426
          },
          {
            "X": 0.6860324144363403,
            "Y": 0.4380751848220825
          },
          {
            "X": 0.5169768929481506,
            "Y": 0.43762534856796265
          }
        ]
      },
      "Id": "c4dae2a9-4d73-41d8-bf5e-283b09e38a14",
      "Relationships": [
        {
          "Type": "CHILD",
          "Ids": [
            "6983e65d-dce3-44a2-8a3e-38661598ccfc",
            "fb564871-022f-43f9-add4-6d77040a7d77",
            "d0516810-086b-4836-9a63-6c4d9f1d9105",
            "b32b39b6-3390-4743-9733-b7bd2aae48ec"
          ]
        }
      ],
      "EntityTypes": [
        "COLUMN_HEADER"
      ],
      "Page": 1
    },
    {
      "BlockType": "CELL",
      "Confidence": 88.37890625,
      "RowIndex": 1,
      "ColumnIndex": 5,
      "RowSpan": 1,
      "ColumnSpan": 1,
      "Geometry": {
        "BoundingBox": {
          "Width": 0.09749438613653183,
          "Height": 0.049435362219810486,
          "Left": 0.6851770281791687,
          "Top": 0.38889697194099426
        },
        "Polygon": [
          {
            "X": 0.6851770281791687,
            "Y": 0.38889697194099426
          },
          {
            "X": 0.7817778587341309,
            "Y": 0.3891391456127167
          },
          {
            "X": 0.7826713919639587,
            "Y": 0.43833234906196594
          },
          {
            "X": 0.6860324144363403,
            "Y": 0.4380751848220825
          }
        ]
      },
      "Id": "7aeacfb6-ce20-461d-8c81-324e10e8f574",
      "Relationships": [
        {
          "Type": "CHILD",
          "Ids": [
            "2be9c0ee-0980-47d3-8ab7-61c7b4216d04",
            "2e700cd2-075f-4baf-bfc2-7d2bf1d6d742"
          ]
        }
      ],
      "EntityTypes": [
        "COLUMN_HEADER"
      ],
      "Page": 1
    },
    {
      "BlockType": "CELL",
      "Confidence": 89.16015625,
      "RowIndex": 2,
      "ColumnIndex": 1,
      "RowSpan": 1,
      "ColumnSpan": 1,
      "Geometry": {
        "BoundingBox": {
          "Width": 0.10435207933187485,
          "Height": 0.038025517016649246,
          "Left": 0.22049427032470703,
          "Top": 0.4368364214897156
        },
        "Polygon": [
          {
            "X": 0.22049427032470703,
            "Y": 0.4368364214897156
          },
          {
            "X": 0.32429882884025574,
            "Y": 0.4371126592159271
          },
          {
            "X": 0.3248463571071625,
            "Y": 0.4748619496822357
          },
          {
            "X": 0.22101034224033356,
            "Y": 0.4745733439922333
          }
        ]
      },
      "Id": "8c6874f0-5dcc-4ac1-9606-7133a1a3caaf",
      "Relationships": [
        {
          "Type": "CHILD",
          "Ids": [
            "720e026f-f60b-4feb-b1f0-ca981d7fe01c"
          ]
        }
      ],
      "Page": 1
    },
    {
      "BlockType": "CELL",
      "Confidence": 81.884765625,
      "RowIndex": 2,
      "ColumnIndex": 2,
      "RowSpan": 1,
      "ColumnSpan": 1,
      "Geometry": {
        "BoundingBox": {
          "Width": 0.06621059030294418,
          "Height": 0.03793179616332054,
          "Left": 0.32429882884025574,
          "Top": 0.4371126592159271
        },
        "Polygon": [
          {
            "X": 0.32429882884025574,
            "Y": 0.4371126592159271
          },
          {
            "X": 0.3899419903755188,
            "Y": 0.4372873306274414
          },
          {
            "X": 0.3905094265937805,
            "Y": 0.47504445910453796
          },
          {
            "X": 0.3248463571071625,
            "Y": 0.4748619496822357
          }
        ]
      },
      "Id": "7bf2ad77-a2b0-46e9-9b29-7ab0181c17aa",
      "Relationships": [
        {
          "Type": "CHILD",
          "Ids": [
            "367230b7-9dfe-455f-a3fa-0abdde0cd305"
          ]
        }
      ],
      "Page": 1
    },
    {
      "BlockType": "CELL",
      "Confidence": 89.599609375,
      "RowIndex": 2,
      "ColumnIndex": 3,
      "RowSpan": 1,
      "ColumnSpan": 1,
      "Geometry": {
        "BoundingBox": {
          "Width": 0.12764088809490204,
          "Height": 0.03811030089855194,
          "Left": 0.3899419903755188,
          "Top": 0.4372873306274414
        },
        "Polygon": [
          {
            "X": 0.3899419903755188,
            "Y": 0.4372873306274414
          },
          {
            "X": 0.5169768929481506,
            "Y": 0.43762534856796265
          },
          {
            "X": 0.517582893371582,
            "Y": 0.47539761662483215
          },
          {
            "X": 0.3905094265937805,
            "Y": 0.47504445910453796
          }
        ]
      },
      "Id": "d23458ea-4bdf-4569-a979-a41800e407a4",
      "Relationships": [
        {
          "Type": "CHILD",
          "Ids": [
            "102e8858-4f4f-4f76-8d39-21604f477567"
          ]
        }
      ],
      "Page": 1
    },
    {
      "BlockType": "CELL",
      "Confidence": 90.771484375,
      "RowIndex": 2,
      "ColumnIndex": 4,
      "RowSpan": 1,
      "ColumnSpan": 1,
      "Geometry": {
        "BoundingBox": {
          "Width": 0.1697128266096115,
          "Height": 0.03824227303266525,
          "Left": 0.5169768929481506,
          "Top": 0.43762534856796265
        },
        "Polygon": [
          {
            "X": 0.5169768929481506,
            "Y": 0.43762534856796265
          },
          {
            "X": 0.6860324144363403,
            "Y": 0.4380751848220825
          },
          {
            "X": 0.6866897344589233,
            "Y": 0.4758676290512085
          },
          {
            "X": 0.517582893371582,
            "Y": 0.47539761662483215
          }
        ]
      },
      "Id": "9be449a8-4581-49b7-a491-36780bad9263",
      "Relationships": [
        {
          "Type": "CHILD",
          "Ids": [
            "125602f9-cb8b-4a5f-94d7-3d61bcc2379e"
          ]
        }
      ],
      "Page": 1
    },
    {
      "BlockType": "CELL",
      "Confidence": 84.27734375,
      "RowIndex": 2,
      "ColumnIndex": 5,
      "RowSpan": 1,
      "ColumnSpan": 1,
      "Geometry": {
        "BoundingBox": {
          "Width": 0.09732572734355927,
          "Height": 0.038061100989580154,
          "Left": 0.6860324144363403,
          "Top": 0.4380751848220825
        },
        "Polygon": [
          {
            "X": 0.6860324144363403,
            "Y": 0.4380751848220825
          },
          {
            "X": 0.7826713919639587,
            "Y": 0.43833234906196594
          },
          {
            "X": 0.783358097076416,
            "Y": 0.47613629698753357
          },
          {
            "X": 0.6866897344589233,
            "Y": 0.4758676290512085
          }
        ]
      },
      "Id": "0cd8ac5c-749f-4653-8012-b16ae0694f29",
      "Relationships": [
        {
          "Type": "CHILD",
          "Ids": [
            "5805e1bf-975b-43ec-b7d5-d12265725a9c"
          ]
        }
      ],
      "Page": 1
    },
    {
      "BlockType": "CELL",
      "Confidence": 87.20703125,
      "RowIndex": 3,
      "ColumnIndex": 1,
      "RowSpan": 1,
      "ColumnSpan": 1,
      "Geometry": {
        "BoundingBox": {
          "Width": 0.10428939014673233,
          "Height": 0.03154660761356354,
          "Left": 0.22101034224033356,
          "Top": 0.4745733439922333
        },
        "Polygon": [
          {
            "X": 0.22101034224033356,
            "Y": 0.4745733439922333
          },
          {
            "X": 0.3248463571071625,
            "Y": 0.4748619496822357
          },
          {
            "X": 0.3252997398376465,
            "Y": 0.506119966506958
          },
          {
            "X": 0.22143766283988953,
            "Y": 0.5058211088180542
          }
        ]
      },
      "Id": "5cefd468-f0cb-4642-9903-dbd71d9c259d",
      "Relationships": [
        {
          "Type": "CHILD",
          "Ids": [
            "a2d2b208-e1d1-4ead-811f-7df4a5c40778"
          ]
        }
      ],
      "Page": 1
    },
    {
      "BlockType": "CELL",
      "Confidence": 80.078125,
      "RowIndex": 3,
      "ColumnIndex": 2,
      "RowSpan": 1,
      "ColumnSpan": 1,
      "Geometry": {
        "BoundingBox": {
          "Width": 0.06613292545080185,
          "Height": 0.031446997076272964,
          "Left": 0.3248463571071625,
          "Top": 0.4748619496822357
        },
        "Polygon": [
          {
            "X": 0.3248463571071625,
            "Y": 0.4748619496822357
          },
          {
            "X": 0.3905094265937805,
            "Y": 0.47504445910453796
          },
          {
            "X": 0.3909792900085449,
            "Y": 0.5063089728355408
          },
          {
            "X": 0.3252997398376465,
            "Y": 0.506119966506958
          }
        ]
      },
      "Id": "57934c73-f0d3-43ce-8fc4-d4cc701b70e0",
      "Relationships": [
        {
          "Type": "CHILD",
          "Ids": [
            "dd24dbc8-8735-4a5a-b864-1cd63d8d5186"
          ]
        }
      ],
      "Page": 1
    },
    {
      "BlockType": "CELL",
      "Confidence": 87.646484375,
      "RowIndex": 3,
      "ColumnIndex": 3,
      "RowSpan": 1,
      "ColumnSpan": 1,
      "Geometry": {
        "BoundingBox": {
          "Width": 0.12757523357868195,
          "Height": 0.031630225479602814,
          "Left": 0.3905094265937805,
          "Top": 0.47504445910453796
        },
        "Polygon": [
          {
            "X": 0.3905094265937805,
            "Y": 0.47504445910453796
          },
          {
            "X": 0.517582893371582,
            "Y": 0.47539761662483215
          },
          {
            "X": 0.5180846452713013,
            "Y": 0.5066746473312378
          },
          {
            "X": 0.3909792900085449,
            "Y": 0.5063089728355408
          }
        ]
      },
      "Id": "f09bbf53-7cf4-4656-8fb8-ab031e3158d6",
      "Relationships": [
        {
          "Type": "CHILD",
          "Ids": [
            "a65f43d6-6a9a-48ce-86d1-24ba1b40546d"
          ]
        }
      ],
      "Page": 1
    },
    {
      "BlockType": "CELL",
      "Confidence": 88.76953125,
      "RowIndex": 3,
      "ColumnIndex": 4,
      "RowSpan": 1,
      "ColumnSpan": 1,
      "Geometry": {
        "BoundingBox": {
          "Width": 0.16965113580226898,
          "Height": 0.031763747334480286,
          "Left": 0.517582893371582,
          "Top": 0.47539761662483215
        },
        "Polygon": [
          {
            "X": 0.517582893371582,
            "Y": 0.47539761662483215
          },
          {
            "X": 0.6866897344589233,
            "Y": 0.4758676290512085
          },
          {
            "X": 0.6872339844703674,
            "Y": 0.5071613788604736
          },
          {
            "X": 0.5180846452713013,
            "Y": 0.5066746473312378
          }
        ]
      },
      "Id": "d0b9e5ca-f4f8-41c8-afac-7101dc9b26f5",
      "Relationships": [
        {
          "Type": "CHILD",
          "Ids": [
            "3ecd5c8a-4d88-48e9-b305-f8c65b94b0e8"
          ]
        }
      ],
      "Page": 1
    },
    {
      "BlockType": "CELL",
      "Confidence": 82.421875,
      "RowIndex": 3,
      "ColumnIndex": 5,
      "RowSpan": 1,
      "ColumnSpan": 1,
      "Geometry": {
        "BoundingBox": {
          "Width": 0.0972370132803917,
          "Height": 0.03157196566462517,
          "Left": 0.6866897344589233,
          "Top": 0.4758676290512085
        },
        "Polygon": [
          {
            "X": 0.6866897344589233,
            "Y": 0.4758676290512085
          },
          {
            "X": 0.783358097076416,
            "Y": 0.47613629698753357
          },
          {
            "X": 0.7839267253875732,
            "Y": 0.5074396133422852
          },
          {
            "X": 0.6872339844703674,
            "Y": 0.5071613788604736
          }
        ]
      },
      "Id": "6c4ef1a9-1777-429a-8749-13b4f08cffb2",
      "Relationships": [
        {
          "Type": "CHILD",
          "Ids": [
            "4b594005-58f4-4d21-85ed-5f21c319670f"
          ]
        }
      ],
      "Page": 1
    },
    {
      "BlockType": "CELL",
      "Confidence": 88.8671875,
      "RowIndex": 4,
      "ColumnIndex": 1,
      "RowSpan": 1,
      "ColumnSpan": 1,
      "Geometry": {
        "BoundingBox": {
          "Width": 0.10431566834449768,
          "Height": 0.03157246857881546,
          "Left": 0.22143766283988953,
          "Top": 0.5058211088180542
        },
        "Polygon": [
          {
            "X": 0.22143766283988953,
            "Y": 0.5058211088180542
          },
          {
            "X": 0.3252997398376465,
            "Y": 0.506119966506958
          },
          {
            "X": 0.3257533311843872,
            "Y": 0.5373935699462891
          },
          {
            "X": 0.2218652069568634,
            "Y": 0.5370844602584839
          }
        ]
      },
      "Id": "0a0f3023-b885-4cd3-a515-76678146fe86",
      "Relationships": [
        {
          "Type": "CHILD",
          "Ids": [
            "980e7f0a-1de5-44d0-80f8-6cbcec80fd6d"
          ]
        }
      ],
      "Page": 1
    },
    {
      "BlockType": "CELL",
      "Confidence": 81.640625,
      "RowIndex": 4,
      "ColumnIndex": 2,
      "RowSpan": 1,
      "ColumnSpan": 1,
      "Geometry": {
        "BoundingBox": {
          "Width": 0.06614964455366135,
          "Height": 0.03146909549832344,
          "Left": 0.3252997398376465,
          "Top": 0.506119966506958
        },
        "Polygon": [
          {
            "X": 0.3252997398376465,
            "Y": 0.506119966506958
          },
          {
            "X": 0.3909792900085449,
            "Y": 0.5063089728355408
          },
          {
            "X": 0.39144936203956604,
            "Y": 0.5375890731811523
          },
          {
            "X": 0.3257533311843872,
            "Y": 0.5373935699462891
          }
        ]
      },
      "Id": "ebacec47-559c-4055-a048-d9f7cc2a0f61",
      "Relationships": [
        {
          "Type": "CHILD",
          "Ids": [
            "445001b6-a8a7-40fd-9482-889e7528a97a"
          ]
        }
      ],
      "Page": 1
    },
    {
      "BlockType": "CELL",
      "Confidence": 89.35546875,
      "RowIndex": 4,
      "ColumnIndex": 3,
      "RowSpan": 1,
      "ColumnSpan": 1,
      "Geometry": {
        "BoundingBox": {
          "Width": 0.12760740518569946,
          "Height": 0.03165839612483978,
          "Left": 0.3909792900085449,
          "Top": 0.5063089728355408
        },
        "Polygon": [
          {
            "X": 0.3909792900085449,
            "Y": 0.5063089728355408
          },
          {
            "X": 0.5180846452713013,
            "Y": 0.5066746473312378
          },
          {
            "X": 0.5185866951942444,
            "Y": 0.537967324256897
          },
          {
            "X": 0.39144936203956604,
            "Y": 0.5375890731811523
          }
        ]
      },
      "Id": "0188be54-d4ac-4f14-952f-9c4470889cbe",
      "Relationships": [
        {
          "Type": "CHILD",
          "Ids": [
            "4ea9a537-5b95-4bfa-9698-525df76c89a7"
          ]
        }
      ],
      "Page": 1
    },
    {
      "BlockType": "CELL",
      "Confidence": 90.478515625,
      "RowIndex": 4,
      "ColumnIndex": 4,
      "RowSpan": 1,
      "ColumnSpan": 1,
      "Geometry": {
        "BoundingBox": {
          "Width": 0.1696939319372177,
          "Height": 0.031796086579561234,
          "Left": 0.5180846452713013,
          "Top": 0.5066746473312378
        },
        "Polygon": [
          {
            "X": 0.5180846452713013,
            "Y": 0.5066746473312378
          },
          {
            "X": 0.6872339844703674,
            "Y": 0.5071613788604736
          },
          {
            "X": 0.6877785921096802,
            "Y": 0.5384707450866699
          },
          {
            "X": 0.5185866951942444,
            "Y": 0.537967324256897
          }
        ]
      },
      "Id": "0434d5b2-6a1d-46db-9933-e2de97437e45",
      "Relationships": [
        {
          "Type": "CHILD",
          "Ids": [
            "fb8ca049-bb60-4464-ad45-3461d4ba4ba4"
          ]
        }
      ],
      "Page": 1
    },
    {
      "BlockType": "CELL",
      "Confidence": 84.033203125,
      "RowIndex": 4,
      "ColumnIndex": 5,
      "RowSpan": 1,
      "ColumnSpan": 1,
      "Geometry": {
        "BoundingBox": {
          "Width": 0.09726162254810333,
          "Height": 0.031597163528203964,
          "Left": 0.6872339844703674,
          "Top": 0.5071613788604736
        },
        "Polygon": [
          {
            "X": 0.6872339844703674,
            "Y": 0.5071613788604736
          },
          {
            "X": 0.7839267253875732,
            "Y": 0.5074396133422852
          },
          {
            "X": 0.7844956517219543,
            "Y": 0.5387585163116455
          },
          {
            "X": 0.6877785921096802,
            "Y": 0.5384707450866699
          }
        ]
      },
      "Id": "97248051-fb66-422e-afe3-335eb5b152d7",
      "Relationships": [
        {
          "Type": "CHILD",
          "Ids": [
            "446a0aa8-bcd2-4443-a7c0-99efbcaefdf5"
          ]
        }
      ],
      "Page": 1
    },
    {
      "BlockType": "CELL",
      "Confidence": 87.841796875,
      "RowIndex": 5,
      "ColumnIndex": 1,
      "RowSpan": 1,
      "ColumnSpan": 1,
      "Geometry": {
        "BoundingBox": {
          "Width": 0.10434196144342422,
          "Height": 0.031598348170518875,
          "Left": 0.2218652069568634,
          "Top": 0.5370844602584839
        },
        "Polygon": [
          {
            "X": 0.2218652069568634,
            "Y": 0.5370844602584839
          },
          {
            "X": 0.3257533311843872,
            "Y": 0.5373935699462891
          },
          {
            "X": 0.32620716094970703,
            "Y": 0.568682849407196
          },
          {
            "X": 0.222292959690094,
            "Y": 0.5683634281158447
          }
        ]
      },
      "Id": "ad8b9f3c-1435-489c-918d-308af27a55b6",
      "Relationships": [
        {
          "Type": "CHILD",
          "Ids": [
            "2460614f-34c2-4903-868c-25f38aa624e6"
          ]
        }
      ],
      "Page": 1
    },
    {
      "BlockType": "CELL",
      "Confidence": 80.6640625,
      "RowIndex": 5,
      "ColumnIndex": 2,
      "RowSpan": 1,
      "ColumnSpan": 1,
      "Geometry": {
        "BoundingBox": {
          "Width": 0.06616637110710144,
          "Height": 0.03149120882153511,
          "Left": 0.3257533311843872,
          "Top": 0.5373935699462891
        },
        "Polygon": [
          {
            "X": 0.3257533311843872,
            "Y": 0.5373935699462891
          },
          {
            "X": 0.39144936203956604,
            "Y": 0.5375890731811523
          },
          {
            "X": 0.39191970229148865,
            "Y": 0.5688847899436951
          },
          {
            "X": 0.32620716094970703,
            "Y": 0.568682849407196
          }
        ]
      },
      "Id": "a34ec5cc-50e8-40ba-a5e1-48f3c1cfce4a",
      "Relationships": [
        {
          "Type": "CHILD",
          "Ids": [
            "ed64d410-e343-4029-bd1e-91efe8004fd0"
          ]
        }
      ],
      "Page": 1
    },
    {
      "BlockType": "CELL",
      "Confidence": 88.28125,
      "RowIndex": 5,
      "ColumnIndex": 3,
      "RowSpan": 1,
      "ColumnSpan": 1,
      "Geometry": {
        "BoundingBox": {
          "Width": 0.12763959169387817,
          "Height": 0.03168659284710884,
          "Left": 0.39144936203956604,
          "Top": 0.5375890731811523
        },
        "Polygon": [
          {
            "X": 0.39144936203956604,
            "Y": 0.5375890731811523
          },
          {
            "X": 0.5185866951942444,
            "Y": 0.537967324256897
          },
          {
            "X": 0.5190889835357666,
            "Y": 0.5692756772041321
          },
          {
            "X": 0.39191970229148865,
            "Y": 0.5688847899436951
          }
        ]
      },
      "Id": "c61eee6e-9d3a-4f4c-b2bd-349bae8820e4",
      "Relationships": [
        {
          "Type": "CHILD",
          "Ids": [
            "530f8c1e-d189-410d-841c-68f1c2e91a66"
          ]
        }
      ],
      "Page": 1
    },
    {
      "BlockType": "CELL",
      "Confidence": 89.404296875,
      "RowIndex": 5,
      "ColumnIndex": 4,
      "RowSpan": 1,
      "ColumnSpan": 1,
      "Geometry": {
        "BoundingBox": {
          "Width": 0.16973672807216644,
          "Height": 0.03182845562696457,
          "Left": 0.5185866951942444,
          "Top": 0.537967324256897
        },
        "Polygon": [
          {
            "X": 0.5185866951942444,
            "Y": 0.537967324256897
          },
          {
            "X": 0.6877785921096802,
            "Y": 0.5384707450866699
          },
          {
            "X": 0.688323438167572,
            "Y": 0.5697957873344421
          },
          {
            "X": 0.5190889835357666,
            "Y": 0.5692756772041321
          }
        ]
      },
      "Id": "842c813b-b29c-470d-a1b2-23ac1d5bd63a",
      "Relationships": [
        {
          "Type": "CHILD",
          "Ids": [
            "be608cdb-e6a8-4ad7-b747-1b9eeef118a2"
          ]
        }
      ],
      "Page": 1
    },
    {
      "BlockType": "CELL",
      "Confidence": 83.056640625,
      "RowIndex": 5,
      "ColumnIndex": 5,
      "RowSpan": 1,
      "ColumnSpan": 1,
      "Geometry": {
        "BoundingBox": {
          "Width": 0.09728624671697617,
          "Height": 0.03162238001823425,
          "Left": 0.6877785921096802,
          "Top": 0.5384707450866699
        },
        "Polygon": [
          {
            "X": 0.6877785921096802,
            "Y": 0.5384707450866699
          },
          {
            "X": 0.7844956517219543,
            "Y": 0.5387585163116455
          },
          {
            "X": 0.7850648164749146,
            "Y": 0.5700931549072266
          },
          {
            "X": 0.688323438167572,
            "Y": 0.5697957873344421
          }
        ]
      },
      "Id": "d274fe09-92b7-4938-a5e1-0a0cbc03d354",
      "Relationships": [
        {
          "Type": "CHILD",
          "Ids": [
            "97e0584d-3b77-47fe-a009-2201901952ed"
          ]
        }
      ],
      "Page": 1
    },
    {
      "BlockType": "CELL",
      "Confidence": 92.1875,
      "RowIndex": 6,
      "ColumnIndex": 1,
      "RowSpan": 1,
      "ColumnSpan": 1,
      "Geometry": {
        "BoundingBox": {
          "Width": 0.10451377928256989,
          "Height": 0.0416567288339138,
          "Left": 0.222292959690094,
          "Top": 0.5683634281158447
        },
        "Polygon": [
          {
            "X": 0.222292959690094,
            "Y": 0.5683634281158447
          },
          {
            "X": 0.32620716094970703,
            "Y": 0.568682849407196
          },
          {
            "X": 0.3268067240715027,
            "Y": 0.6100201606750488
          },
          {
            "X": 0.22285807132720947,
            "Y": 0.6096872091293335
          }
        ]
      },
      "Id": "e210dfdb-615b-4320-8eb8-8db486659325",
      "Relationships": [
        {
          "Type": "CHILD",
          "Ids": [
            "fc3cff4d-624d-417c-964b-d64167f96623"
          ]
        }
      ],
      "Page": 1
    },
    {
      "BlockType": "CELL",
      "Confidence": 84.66796875,
      "RowIndex": 6,
      "ColumnIndex": 2,
      "RowSpan": 1,
      "ColumnSpan": 1,
      "Geometry": {
        "BoundingBox": {
          "Width": 0.06633390486240387,
          "Height": 0.041547901928424835,
          "Left": 0.32620716094970703,
          "Top": 0.568682849407196
        },
        "Polygon": [
          {
            "X": 0.32620716094970703,
            "Y": 0.568682849407196
          },
          {
            "X": 0.39191970229148865,
            "Y": 0.5688847899436951
          },
          {
            "X": 0.3925410807132721,
            "Y": 0.6102307438850403
          },
          {
            "X": 0.3268067240715027,
            "Y": 0.6100201606750488
          }
        ]
      },
      "Id": "3f72ee13-f1b5-4c82-b9f8-d5e92c4c8f4b",
      "Relationships": [
        {
          "Type": "CHILD",
          "Ids": [
            "31a3309b-077f-4578-9945-f31657e18c9c"
          ]
        }
      ],
      "Page": 1
    },
    {
      "BlockType": "CELL",
      "Confidence": 92.67578125,
      "RowIndex": 6,
      "ColumnIndex": 3,
      "RowSpan": 1,
      "ColumnSpan": 1,
      "Geometry": {
        "BoundingBox": {
          "Width": 0.12783284485340118,
          "Height": 0.041753415018320084,
          "Left": 0.39191970229148865,
          "Top": 0.5688847899436951
        },
        "Polygon": [
          {
            "X": 0.39191970229148865,
            "Y": 0.5688847899436951
          },
          {
            "X": 0.5190889835357666,
            "Y": 0.5692756772041321
          },
          {
            "X": 0.519752562046051,
            "Y": 0.6106382012367249
          },
          {
            "X": 0.3925410807132721,
            "Y": 0.6102307438850403
          }
        ]
      },
      "Id": "af2921c4-a651-4fd4-9e02-2f83b11ffcaa",
      "Relationships": [
        {
          "Type": "CHILD",
          "Ids": [
            "b34ab14e-3c40-40b4-9570-1bf7c525882a"
          ]
        }
      ],
      "Page": 1
    },
    {
      "BlockType": "CELL",
      "Confidence": 93.84765625,
      "RowIndex": 6,
      "ColumnIndex": 4,
      "RowSpan": 1,
      "ColumnSpan": 1,
      "Geometry": {
        "BoundingBox": {
          "Width": 0.16995425522327423,
          "Height": 0.04190482199192047,
          "Left": 0.5190889835357666,
          "Top": 0.5692756772041321
        },
        "Polygon": [
          {
            "X": 0.5190889835357666,
            "Y": 0.5692756772041321
          },
          {
            "X": 0.688323438167572,
            "Y": 0.5697957873344421
          },
          {
            "X": 0.6890432238578796,
            "Y": 0.6111804842948914
          },
          {
            "X": 0.519752562046051,
            "Y": 0.6106382012367249
          }
        ]
      },
      "Id": "ce0a59b9-c094-48fe-b498-113e4482c1c3",
      "Relationships": [
        {
          "Type": "CHILD",
          "Ids": [
            "07e761fc-8e98-4d0d-88eb-0614ce012c6a"
          ]
        }
      ],
      "Page": 1
    },
    {
      "BlockType": "CELL",
      "Confidence": 87.158203125,
      "RowIndex": 6,
      "ColumnIndex": 5,
      "RowSpan": 1,
      "ColumnSpan": 1,
      "Geometry": {
        "BoundingBox": {
          "Width": 0.09749338030815125,
          "Height": 0.041694656014442444,
          "Left": 0.688323438167572,
          "Top": 0.5697957873344421
        },
        "Polygon": [
          {
            "X": 0.688323438167572,
            "Y": 0.5697957873344421
          },
          {
            "X": 0.7850648164749146,
            "Y": 0.5700931549072266
          },
          {
            "X": 0.7858167886734009,
            "Y": 0.6114904880523682
          },
          {
            "X": 0.6890432238578796,
            "Y": 0.6111804842948914
          }
        ]
      },
      "Id": "81a3c9cc-d03b-4283-99f0-0e5ff0a37d23",
      "Relationships": [
        {
          "Type": "CHILD",
          "Ids": [
            "8657b864-cf30-4e71-b643-cff5fcb95aac"
          ]
        }
      ],
      "Page": 1
    }
  ],
  "AnalyzeDocumentModelVersion": "1.0"
}