{
  "DocumentMetadata": {
    "Pages": 1
  },
  "JobStatus": "SUCCEEDED",
  "Blocks": [
    {
      "BlockType": "PAGE",
      "Geometry": {
        "BoundingBox": {
          "Width": 0.7947601675987244,
          "Height": 0.4569310247898102,
          "Left": 0.1156635507941246,
          "Top": 0.28786182403564453
        },
        "Polygon": [
          {
            "X": 0.11792319267988205,
            "Y": 0.28786182403564453
          },
          {
            "X": 0.9104236960411072,
            "Y": 0.28840869665145874
          },
          {
            "X": 0.9095008969306946,
            "Y": 0.7444801330566406
          },
          {
            "X": 0.1156635507941246,
            "Y": 0.7447928786277771
          }
        ]
      },
      "Id": "7248640a-4686-4ea8-9f01-e968a071c12e",
      "Relationships": [
        {
          "Type": "CHILD",
          "Ids": [
            "b4c58f14-1209-4a20-8e03-e11e6e5c94c5",
            "54e2b79e-bca7-4c40-a858-0e164aabc2b8",
            "0632e8cc-f7e9-411d-bce4-47972dc31a95",
            "54e0e74d-12f2-41db-8775-5faf2daf0f35",
            "f0e84c1d-5240-4bf8-b8f5-f89b274112a6",
            "d6b8cdf7-ceb9-4db6-a2b8-ccff71348c3e",
            "19659322-eefe-404b-a601-7465d95eefb3",
            "26677a36-0366-4a36-b2f2-16814cd6745d",
            "2d9f66a9-d28d-4d65-ae43-0a941735ea8d",
            "9472eb7d-1a33-4e08-8107-6e54981358d6",
            "ab124d7f-09af-4de3-8db5-67f14c00e930",
            "b0983810-b92e-4852-a065-b2b0ce31e457",
            "b62a0150-e4a2-4c98-a74f-5119cded785b"
          ]
        }
      ],
      "Page": 1
    },
    {
      "BlockType": "LINE",
      "Confidence": 99.90203094482422,
      "Text": "UCF",
      "Geometry": {
        "BoundingBox": {
          "Width": 0.028135353699326515,
          "Height": 0.027821553871035576,
          "Left": 0.2061091661453247,
          "Top": 0.3716411888599396
        },
        "Polygon": [
          {
            "X": 0.20623759925365448,
            "Y": 0.3716411888599396
          },
          {
            "X": 0.23424452543258667,
            "Y": 0.3716549575328827
          },
          {
            "X": 0.2341189682483673,
            "Y": 0.3994627296924591
          },
          {
            "X": 0.2061091661453247,
            "Y": 0.39945080876350403
          }
        ]
      },
      "Id": "b4c58f14-1209-4a20-8e03-e11e6e5c94c5",
      "Relationships": [
        {
          "Type": "CHILD",
          "Ids": [
            "86e4b222-fc84-41f9-96b1-9a9bdf4ec1b6"
          ]
        }
      ],
      "Page": 1
    },
    {
      "BlockType": "LINE",
      "Confidence": 99.92904663085938,
      "Text": "As-spun T700 carbon fiber any oxidative treatment and sizing",
      "Geometry": {
        "BoundingBox": {
          "Width": 0.43456628918647766,
          "Height": 0.03632266819477081,
          "Left": 0.339321106672287,
          "Top": 0.3700433373451233
        },
        "Polygon": [
          {
            "X": 0.3394702970981598,
            "Y": 0.3700433373451233
          },
          {
            "X": 0.7738873958587646,
            "Y": 0.37025853991508484
          },
          {
            "X": 0.7737962007522583,
            "Y": 0.4063659906387329
          },
          {
            "X": 0.339321106672287,
            "Y": 0.406188040971756
          }
        ]
      },
      "Id": "54e2b79e-bca7-4c40-a858-0e164aabc2b8",
      "Relationships": [
        {
          "Type": "CHILD",
          "Ids": [
            "264e73de-1c34-4342-a998-1dc28122702c",
            "f5071455-ff26-4e96-a8cc-8c373eaf55ee",
            "8658ee55-8beb-4f8c-9ec8-559bdb87d388",
            "64f825f5-8aee-4a85-af6e-95823cdddd33",
            "fdff83f3-7798-417c-9682-15ad505453e4",
            "e9b4a848-b558-43e9-8475-d152ce497947",
            "a73049bb-5f59-48b3-9a78-9847281e5ea8",
            "386b9de0-7337-437a-8ce1-62ef7401176b",
            "6579ff4c-ffc0-46a6-86ef-09337aa72646"
          ]
        }
      ],
      "Page": 1
    },
    {
      "BlockType": "LINE",
      "Confidence": 99.7493667602539,
      "Text": "TCF",
      "Geometry": {
        "BoundingBox": {
          "Width": 0.02612503618001938,
          "Height": 0.027469685301184654,
          "Left": 0.20674929022789001,
          "Top": 0.42090535163879395
        },
        "Polygon": [
          {
            "X": 0.20687603950500488,
            "Y": 0.42090535163879395
          },
          {
            "X": 0.23287433385849,
            "Y": 0.4209150969982147
          },
          {
            "X": 0.23275023698806763,
            "Y": 0.44837504625320435
          },
          {
            "X": 0.20674929022789001,
            "Y": 0.44836699962615967
          }
        ]
      },
      "Id": "0632e8cc-f7e9-411d-bce4-47972dc31a95",
      "Relationships": [
        {
          "Type": "CHILD",
          "Ids": [
            "dbbb2963-fec4-4c58-8678-85c3804115ee"
          ]
        }
      ],
      "Page": 1
    },
    {
      "BlockType": "LINE",
      "Confidence": 99.9243392944336,
      "Text": "T700 carbon fiber with oxidized surface",
      "Geometry": {
        "BoundingBox": {
          "Width": 0.27963176369667053,
          "Height": 0.030080676078796387,
          "Left": 0.41701456904411316,
          "Top": 0.41897398233413696
        },
        "Polygon": [
          {
            "X": 0.4171297550201416,
            "Y": 0.41897398233413696
          },
          {
            "X": 0.6966463327407837,
            "Y": 0.4190800189971924
          },
          {
            "X": 0.6965621113777161,
            "Y": 0.44905465841293335
          },
          {
            "X": 0.41701456904411316,
            "Y": 0.4489685297012329
          }
        ]
      },
      "Id": "54e0e74d-12f2-41db-8775-5faf2daf0f35",
      "Relationships": [
        {
          "Type": "CHILD",
          "Ids": [
            "b227dd9f-ed99-48c7-97f2-bea9540475a8",
            "15d38b84-331c-4d01-a013-f0005503acca",
            "74bf9b3e-a7dc-41fc-9dbd-e2ac3154ccd9",
            "3c0072f1-b499-47e6-aa4a-6180df930fdb",
            "153b1987-097c-4990-a4c4-681ee0ad69cb",
            "78157473-6b1c-4185-a6bd-93549ee286a1"
          ]
        }
      ],
      "Page": 1
    },
    {
      "BlockType": "LINE",
      "Confidence": 99.65103912353516,
      "Text": "SCF",
      "Geometry": {
        "BoundingBox": {
          "Width": 0.025516612455248833,
          "Height": 0.02758113294839859,
          "Left": 0.20739765465259552,
          "Top": 0.4695928394794464
        },
        "Polygon": [
          {
            "X": 0.207524836063385,
            "Y": 0.4695928394794464
          },
          {
            "X": 0.2329142689704895,
            "Y": 0.4695993959903717
          },
          {
            "X": 0.23278968036174774,
            "Y": 0.4971739649772644
          },
          {
            "X": 0.20739765465259552,
            "Y": 0.49716904759407043
          }
        ]
      },
      "Id": "f0e84c1d-5240-4bf8-b8f5-f89b274112a6",
      "Relationships": [
        {
          "Type": "CHILD",
          "Ids": [
            "0412bae8-cd5c-4f79-b5ba-e0582f705af0"
          ]
        }
      ],
      "Page": 1
    },
    {
      "BlockType": "LINE",
      "Confidence": 99.84498596191406,
      "Text": "T700S carbon fiber with oxidized and epoxy sized surface (commercial product)",
      "Geometry": {
        "BoundingBox": {
          "Width": 0.5613329410552979,
          "Height": 0.03651266172528267,
          "Left": 0.2759719789028168,
          "Top": 0.4676826298236847
        },
        "Polygon": [
          {
            "X": 0.27613070607185364,
            "Y": 0.4676826298236847
          },
          {
            "X": 0.837304949760437,
            "Y": 0.4678305387496948
          },
          {
            "X": 0.837221622467041,
            "Y": 0.5041952729225159
          },
          {
            "X": 0.2759719789028168,
            "Y": 0.5040958523750305
          }
        ]
      },
      "Id": "d6b8cdf7-ceb9-4db6-a2b8-ccff71348c3e",
      "Relationships": [
        {
          "Type": "CHILD",
          "Ids": [
            "8152a5e5-c2b8-4c12-9074-2dd178c20455",
            "5958a201-1611-4e33-b19a-cb79867e44a7",
            "bc3ffc62-1f0f-41e6-a6c8-24ccf7e0dc89",
            "fb7c2876-b823-448c-bedd-93c66fe2a564",
            "e6e230fd-69e6-44ea-be40-3c0f7e3c665b",
            "a0818407-d5b9-4a94-a727-6117e5441c1b",
            "a17b56eb-a709-4109-b939-e871d07e9670",
            "10d9195e-a05b-41fe-b9ee-90447a8ba399",
            "7ec925b4-0e4f-48aa-810e-893a0b4baf0b",
            "333f4b98-b9f7-4c68-ad55-4d27a4720d89",
            "f1b8cce2-8809-4d2f-b11f-0e35ce5d6078"
          ]
        }
      ],
      "Page": 1
    },
    {
      "BlockType": "LINE",
      "Confidence": 99.74773406982422,
      "Text": "UCFCNT",
      "Geometry": {
        "BoundingBox": {
          "Width": 0.05778103694319725,
          "Height": 0.02751667983829975,
          "Left": 0.19157327711582184,
          "Top": 0.5199729204177856
        },
        "Polygon": [
          {
            "X": 0.191701740026474,
            "Y": 0.5199729204177856
          },
          {
            "X": 0.2493543177843094,
            "Y": 0.5199809670448303
          },
          {
            "X": 0.2492317110300064,
            "Y": 0.547489583492279
          },
          {
            "X": 0.19157327711582184,
            "Y": 0.5474853515625
          }
        ]
      },
      "Id": "19659322-eefe-404b-a601-7465d95eefb3",
      "Relationships": [
        {
          "Type": "CHILD",
          "Ids": [
            "31ed9425-b417-4068-9055-68fa3c6a99d0"
          ]
        }
      ],
      "Page": 1
    },
    {
      "BlockType": "LINE",
      "Confidence": 99.92273712158203,
      "Text": "CNT grown as-spun T700 carbon fiber",
      "Geometry": {
        "BoundingBox": {
          "Width": 0.26630547642707825,
          "Height": 0.03558383136987686,
          "Left": 0.42438411712646484,
          "Top": 0.5183349847793579
        },
        "Polygon": [
          {
            "X": 0.42451968789100647,
            "Y": 0.5183349847793579
          },
          {
            "X": 0.6906896233558655,
            "Y": 0.5183731913566589
          },
          {
            "X": 0.6905889511108398,
            "Y": 0.5539188385009766
          },
          {
            "X": 0.42438411712646484,
            "Y": 0.5539031028747559
          }
        ]
      },
      "Id": "26677a36-0366-4a36-b2f2-16814cd6745d",
      "Relationships": [
        {
          "Type": "CHILD",
          "Ids": [
            "f822cedf-b9f6-4ece-8234-605e4309179e",
            "b746eaa7-3948-4bc7-ac1a-382a75a7e527",
            "02b50624-cf63-43f3-9c1d-b50fb578b0e5",
            "7f7a3149-40c2-4a70-a1a7-dec96583022c",
            "ea469b31-08a6-40bf-ae3e-8ce2600bba27",
            "3f2d809d-ac54-4f45-84a3-df81698dcb6e"
          ]
        }
      ],
      "Page": 1
    },
    {
      "BlockType": "LINE",
      "Confidence": 99.58941650390625,
      "Text": "TCFCNT",
      "Geometry": {
        "BoundingBox": {
          "Width": 0.05634903535246849,
          "Height": 0.02769542671740055,
          "Left": 0.19166971743106842,
          "Top": 0.5687979459762573
        },
        "Polygon": [
          {
            "X": 0.19179899990558624,
            "Y": 0.5687979459762573
          },
          {
            "X": 0.24801874160766602,
            "Y": 0.5687992572784424
          },
          {
            "X": 0.24789521098136902,
            "Y": 0.5964909791946411
          },
          {
            "X": 0.19166971743106842,
            "Y": 0.5964933633804321
          }
        ]
      },
      "Id": "2d9f66a9-d28d-4d65-ae43-0a941735ea8d",
      "Relationships": [
        {
          "Type": "CHILD",
          "Ids": [
            "d94611d0-12b5-411a-959b-f5423d86210c"
          ]
        }
      ],
      "Page": 1
    },
    {
      "BlockType": "LINE",
      "Confidence": 99.94124603271484,
      "Text": "CNT grown T700 carbon fiber with oxidized surface",
      "Geometry": {
        "BoundingBox": {
          "Width": 0.3614068627357483,
          "Height": 0.03625306487083435,
          "Left": 0.37649473547935486,
          "Top": 0.5665814876556396
        },
        "Polygon": [
          {
            "X": 0.37663930654525757,
            "Y": 0.5665814876556396
          },
          {
            "X": 0.7379016280174255,
            "Y": 0.5665919184684753
          },
          {
            "X": 0.7378053665161133,
            "Y": 0.6028138995170593
          },
          {
            "X": 0.37649473547935486,
            "Y": 0.6028345227241516
          }
        ]
      },
      "Id": "9472eb7d-1a33-4e08-8107-6e54981358d6",
      "Relationships": [
        {
          "Type": "CHILD",
          "Ids": [
            "e67e2e0a-3ab5-4a36-b9ba-bf1c21a9bc7c",
            "2c72c130-efe7-4898-b787-3391d6f51220",
            "d7b8b0da-c7b7-486e-b715-0594ab1b9331",
            "adbdb9af-6e7e-4f8e-8d7a-f6244090308f",
            "96763a0a-86d9-48c4-96b5-5100efe0bb64",
            "fd4a461b-f144-4f28-88a8-8dd207656297",
            "5626f7c7-1173-4a3d-9cdc-59299786693d",
            "ed9dc5bb-c3c2-450e-b7cc-36fe7db635f9"
          ]
        }
      ],
      "Page": 1
    },
    {
      "BlockType": "LINE",
      "Confidence": 99.9603500366211,
      "Text": "SF",
      "Geometry": {
        "BoundingBox": {
          "Width": 0.016438215970993042,
          "Height": 0.02769363299012184,
          "Left": 0.21193020045757294,
          "Top": 0.6177965402603149
        },
        "Polygon": [
          {
            "X": 0.21205738186836243,
            "Y": 0.6177980303764343
          },
          {
            "X": 0.22836841642856598,
            "Y": 0.6177965402603149
          },
          {
            "X": 0.2282429039478302,
            "Y": 0.6454876065254211
          },
          {
            "X": 0.21193020045757294,
            "Y": 0.6454901695251465
          }
        ]
      },
      "Id": "ab124d7f-09af-4de3-8db5-67f14c00e930",
      "Relationships": [
        {
          "Type": "CHILD",
          "Ids": [
            "e1a76079-9d06-4aa9-a217-ec8ae3ef561a"
          ]
        }
      ],
      "Page": 1
    },
    {
      "BlockType": "LINE",
      "Confidence": 99.91886901855469,
      "Text": "Neat CNT fiber",
      "Geometry": {
        "BoundingBox": {
          "Width": 0.10347523540258408,
          "Height": 0.02930058166384697,
          "Left": 0.5060899257659912,
          "Top": 0.6159058213233948
        },
        "Polygon": [
          {
            "X": 0.5061927437782288,
            "Y": 0.6159149408340454
          },
          {
            "X": 0.6095651984214783,
            "Y": 0.6159058213233948
          },
          {
            "X": 0.6094735860824585,
            "Y": 0.6451901197433472
          },
          {
            "X": 0.5060899257659912,
            "Y": 0.6452064514160156
          }
        ]
      },
      "Id": "b0983810-b92e-4852-a065-b2b0ce31e457",
      "Relationships": [
        {
          "Type": "CHILD",
          "Ids": [
            "747ffbcc-6d82-4431-8689-054971fb7db7",
            "b8477a36-cdc6-4565-808e-21fbeabd4e80",
            "013ad9fe-03ef-4cba-a4cb-8fd4a7712136"
          ]
        }
      ],
      "Page": 1
    },
    {
      "BlockType": "WORD",
      "Confidence": 99.90203094482422,
      "Text": "UCF",
      "TextType": "PRINTED",
      "Geometry": {
        "BoundingBox": {
          "Width": 0.028135353699326515,
          "Height": 0.027821553871035576,
          "Left": 0.2061091661453247,
          "Top": 0.3716411888599396
        },
        "Polygon": [
          {
            "X": 0.20623759925365448,
            "Y": 0.3716411888599396
          },
          {
            "X": 0.23424452543258667,
            "Y": 0.3716549575328827
          },
          {
            "X": 0.2341189682483673,
            "Y": 0.3994627296924591
          },
          {
            "X": 0.2061091661453247,
            "Y": 0.39945080876350403
          }
        ]
      },
      "Id": "86e4b222-fc84-41f9-96b1-9a9bdf4ec1b6",
      "Page": 1
    },
    {
      "BlockType": "WORD",
      "Confidence": 99.83924102783203,
      "Text": "As-spun",
      "TextType": "PRINTED",
      "Geometry": {
        "BoundingBox": {
          "Width": 0.0569671094417572,
          "Height": 0.03363340348005295,
          "Left": 0.3393213748931885,
          "Top": 0.37251657247543335
        },
        "Polygon": [
          {
            "X": 0.3394600749015808,
            "Y": 0.37251657247543335
          },
          {
            "X": 0.3962884843349457,
            "Y": 0.37254440784454346
          },
          {
            "X": 0.39615681767463684,
            "Y": 0.4061499834060669
          },
          {
            "X": 0.3393213748931885,
            "Y": 0.4061267077922821
          }
        ]
      },
      "Id": "264e73de-1c34-4342-a998-1dc28122702c",
      "Page": 1
    },
    {
      "BlockType": "WORD",
      "Confidence": 99.95118713378906,
      "Text": "T700",
      "TextType": "PRINTED",
      "Geometry": {
        "BoundingBox": {
          "Width": 0.03583405539393425,
          "Height": 0.027681568637490273,
          "Left": 0.39959999918937683,
          "Top": 0.37160032987594604
        },
        "Polygon": [
          {
            "X": 0.3997080326080322,
            "Y": 0.37160032987594604
          },
          {
            "X": 0.4354340434074402,
            "Y": 0.3716179132461548
          },
          {
            "X": 0.4353296458721161,
            "Y": 0.39928188920021057
          },
          {
            "X": 0.39959999918937683,
            "Y": 0.39926669001579285
          }
        ]
      },
      "Id": "f5071455-ff26-4e96-a8cc-8c373eaf55ee",
      "Page": 1
    },
    {
      "BlockType": "WORD",
      "Confidence": 99.910400390625,
      "Text": "carbon",
      "TextType": "PRINTED",
      "Geometry": {
        "BoundingBox": {
          "Width": 0.048744916915893555,
          "Height": 0.02847719006240368,
          "Left": 0.4394207000732422,
          "Top": 0.37080714106559753
        },
        "Polygon": [
          {
            "X": 0.43952763080596924,
            "Y": 0.37080714106559753
          },
          {
            "X": 0.48816561698913574,
            "Y": 0.370831161737442
          },
          {
            "X": 0.4880637526512146,
            "Y": 0.39928433299064636
          },
          {
            "X": 0.4394207000732422,
            "Y": 0.3992636203765869
          }
        ]
      },
      "Id": "8658ee55-8beb-4f8c-9ec8-559bdb87d388",
      "Page": 1
    },
    {
      "BlockType": "WORD",
      "Confidence": 99.94154357910156,
      "Text": "fiber",
      "TextType": "PRINTED",
      "Geometry": {
        "BoundingBox": {
          "Width": 0.033767882734537125,
          "Height": 0.029310205951333046,
          "Left": 0.49221619963645935,
          "Top": 0.37011903524398804
        },
        "Polygon": [
          {
            "X": 0.49232059717178345,
            "Y": 0.37011903524398804
          },
          {
            "X": 0.5259840488433838,
            "Y": 0.37013572454452515
          },
          {
            "X": 0.5258833169937134,
            "Y": 0.3994292616844177
          },
          {
            "X": 0.49221619963645935,
            "Y": 0.39941492676734924
          }
        ]
      },
      "Id": "64f825f5-8aee-4a85-af6e-95823cdddd33",
      "Page": 1
    },
    {
      "BlockType": "WORD",
      "Confidence": 99.99252319335938,
      "Text": "any",
      "TextType": "PRINTED",
      "Geometry": {
        "BoundingBox": {
          "Width": 0.025875568389892578,
          "Height": 0.02809743955731392,
          "Left": 0.5297152996063232,
          "Top": 0.3781791627407074
        },
        "Polygon": [
          {
            "X": 0.5298115611076355,
            "Y": 0.3781791627407074
          },
          {
            "X": 0.5555908679962158,
            "Y": 0.37819144129753113
          },
          {
            "X": 0.5554973483085632,
            "Y": 0.4062765836715698
          },
          {
            "X": 0.5297152996063232,
            "Y": 0.4062660336494446
          }
        ]
      },
      "Id": "fdff83f3-7798-417c-9682-15ad505453e4",
      "Page": 1
    },
    {
      "BlockType": "WORD",
      "Confidence": 99.7920913696289,
      "Text": "oxidative",
      "TextType": "PRINTED",
      "Geometry": {
        "BoundingBox": {
          "Width": 0.06417980045080185,
          "Height": 0.030432553961873055,
          "Left": 0.5594466328620911,
          "Top": 0.370523601770401
        },
        "Polygon": [
          {
            "X": 0.5595474243164062,
            "Y": 0.370523601770401
          },
          {
            "X": 0.6236264109611511,
            "Y": 0.3705552816390991
          },
          {
            "X": 0.623532772064209,
            "Y": 0.4009561538696289
          },
          {
            "X": 0.5594466328620911,
            "Y": 0.4009290933609009
          }
        ]
      },
      "Id": "e9b4a848-b558-43e9-8475-d152ce497947",
      "Page": 1
    },
    {
      "BlockType": "WORD",
      "Confidence": 99.9639663696289,
      "Text": "treatment",
      "TextType": "PRINTED",
      "Geometry": {
        "BoundingBox": {
          "Width": 0.07338586449623108,
          "Height": 0.026600278913974762,
          "Left": 0.6272784471511841,
          "Top": 0.373163104057312
        },
        "Polygon": [
          {
            "X": 0.627359926700592,
            "Y": 0.373163104057312
          },
          {
            "X": 0.7006643414497375,
            "Y": 0.37319889664649963
          },
          {
            "X": 0.7005900740623474,
            "Y": 0.39976340532302856
          },
          {
            "X": 0.6272784471511841,
            "Y": 0.39973223209381104
          }
        ]
      },
      "Id": "a73049bb-5f59-48b3-9a78-9847281e5ea8",
      "Page": 1
    },
    {
      "BlockType": "WORD",
      "Confidence": 99.99168395996094,
      "Text": "and",
      "TextType": "PRINTED",
      "Geometry": {
        "BoundingBox": {
          "Width": 0.0258635226637125,
          "Height": 0.029174724593758583,
          "Left": 0.7047834992408752,
          "Top": 0.37054529786109924
        },
        "Polygon": [
          {
            "X": 0.7048646211624146,
            "Y": 0.37054529786109924
          },
          {
            "X": 0.7306470274925232,
            "Y": 0.3705580532550812
          },
          {
            "X": 0.7305687069892883,
            "Y": 0.39972004294395447
          },
          {
            "X": 0.7047834992408752,
            "Y": 0.3997090756893158
          }
        ]
      },
      "Id": "386b9de0-7337-437a-8ce1-62ef7401176b",
      "Page": 1
    },
    {
      "BlockType": "WORD",
      "Confidence": 99.97877502441406,
      "Text": "sizing",
      "TextType": "PRINTED",
      "Geometry": {
        "BoundingBox": {
          "Width": 0.0389845184981823,
          "Height": 0.03424103185534477,
          "Left": 0.7348994016647339,
          "Top": 0.37161776423454285
        },
        "Polygon": [
          {
            "X": 0.7349907755851746,
            "Y": 0.37161776423454285
          },
          {
            "X": 0.7738839387893677,
            "Y": 0.37163689732551575
          },
          {
            "X": 0.7737975120544434,
            "Y": 0.4058587849140167
          },
          {
            "X": 0.7348994016647339,
            "Y": 0.4058428108692169
          }
        ]
      },
      "Id": "6579ff4c-ffc0-46a6-86ef-09337aa72646",
      "Page": 1
    },
    {
      "BlockType": "WORD",
      "Confidence": 99.7493667602539,
      "Text": "TCF",
      "TextType": "PRINTED",
      "Geometry": {
        "BoundingBox": {
          "Width": 0.02612503618001938,
          "Height": 0.027469685301184654,
          "Left": 0.20674929022789001,
          "Top": 0.42090535163879395
        },
        "Polygon": [
          {
            "X": 0.20687603950500488,
            "Y": 0.42090535163879395
          },
          {
            "X": 0.23287433385849,
            "Y": 0.4209150969982147
          },
          {
            "X": 0.23275023698806763,
            "Y": 0.44837504625320435
          },
          {
            "X": 0.20674929022789001,
            "Y": 0.44836699962615967
          }
        ]
      },
      "Id": "dbbb2963-fec4-4c58-8678-85c3804115ee",
      "Page": 1
    },
    {
      "BlockType": "WORD",
      "Confidence": 99.9324951171875,
      "Text": "T700",
      "TextType": "PRINTED",
      "Geometry": {
        "BoundingBox": {
          "Width": 0.035167813301086426,
          "Height": 0.027733149006962776,
          "Left": 0.41701585054397583,
          "Top": 0.42091062664985657
        },
        "Polygon": [
          {
            "X": 0.4171223044395447,
            "Y": 0.42091062664985657
          },
          {
            "X": 0.45218366384506226,
            "Y": 0.42092376947402954
          },
          {
            "X": 0.45208078622817993,
            "Y": 0.4486437737941742
          },
          {
            "X": 0.41701585054397583,
            "Y": 0.44863295555114746
          }
        ]
      },
      "Id": "b227dd9f-ed99-48c7-97f2-bea9540475a8",
      "Page": 1
    },
    {
      "BlockType": "WORD",
      "Confidence": 99.9167251586914,
      "Text": "carbon",
      "TextType": "PRINTED",
      "Geometry": {
        "BoundingBox": {
          "Width": 0.048669613897800446,
          "Height": 0.028760218992829323,
          "Left": 0.45645034313201904,
          "Top": 0.42016690969467163
        },
        "Polygon": [
          {
            "X": 0.4565565586090088,
            "Y": 0.42016690969467163
          },
          {
            "X": 0.5051199197769165,
            "Y": 0.4201851785182953
          },
          {
            "X": 0.5050188899040222,
            "Y": 0.4489271342754364
          },
          {
            "X": 0.45645034313201904,
            "Y": 0.4489121437072754
          }
        ]
      },
      "Id": "15d38b84-331c-4d01-a013-f0005503acca",
      "Page": 1
    },
    {
      "BlockType": "WORD",
      "Confidence": 99.9240493774414,
      "Text": "fiber",
      "TextType": "PRINTED",
      "Geometry": {
        "BoundingBox": {
          "Width": 0.033744070678949356,
          "Height": 0.02954905480146408,
          "Left": 0.5093768239021301,
          "Top": 0.4190090298652649
        },
        "Polygon": [
          {
            "X": 0.5094802379608154,
            "Y": 0.4190090298652649
          },
          {
            "X": 0.5431209206581116,
            "Y": 0.4190217852592468
          },
          {
            "X": 0.5430212020874023,
            "Y": 0.4485580623149872
          },
          {
            "X": 0.5093768239021301,
            "Y": 0.4485476613044739
          }
        ]
      },
      "Id": "74bf9b3e-a7dc-41fc-9dbd-e2ac3154ccd9",
      "Page": 1
    },
    {
      "BlockType": "WORD",
      "Confidence": 99.9946517944336,
      "Text": "with",
      "TextType": "PRINTED",
      "Geometry": {
        "BoundingBox": {
          "Width": 0.031323861330747604,
          "Height": 0.028755826875567436,
          "Left": 0.5466014742851257,
          "Top": 0.4196585714817047
        },
        "Polygon": [
          {
            "X": 0.5466981530189514,
            "Y": 0.4196585714817047
          },
          {
            "X": 0.5779253244400024,
            "Y": 0.41967037320137024
          },
          {
            "X": 0.5778319835662842,
            "Y": 0.4484143853187561
          },
          {
            "X": 0.5466014742851257,
            "Y": 0.4484047293663025
          }
        ]
      },
      "Id": "3c0072f1-b499-47e6-aa4a-6180df930fdb",
      "Page": 1
    },
    {
      "BlockType": "WORD",
      "Confidence": 99.8816909790039,
      "Text": "oxidized",
      "TextType": "PRINTED",
      "Geometry": {
        "BoundingBox": {
          "Width": 0.05800357460975647,
          "Height": 0.029604945331811905,
          "Left": 0.5825591087341309,
          "Top": 0.4190432131290436
        },
        "Polygon": [
          {
            "X": 0.5826546549797058,
            "Y": 0.4190432131290436
          },
          {
            "X": 0.6405626535415649,
            "Y": 0.4190651774406433
          },
          {
            "X": 0.6404734253883362,
            "Y": 0.4486481547355652
          },
          {
            "X": 0.5825591087341309,
            "Y": 0.44863027334213257
          }
        ]
      },
      "Id": "153b1987-097c-4990-a4c4-681ee0ad69cb",
      "Page": 1
    },
    {
      "BlockType": "WORD",
      "Confidence": 99.89643096923828,
      "Text": "surface",
      "TextType": "PRINTED",
      "Geometry": {
        "BoundingBox": {
          "Width": 0.05157328397035599,
          "Height": 0.02959628589451313,
          "Left": 0.6450719237327576,
          "Top": 0.41945838928222656
        },
        "Polygon": [
          {
            "X": 0.6451606750488281,
            "Y": 0.41945838928222656
          },
          {
            "X": 0.696645200252533,
            "Y": 0.4194778501987457
          },
          {
            "X": 0.6965621113777161,
            "Y": 0.44905465841293335
          },
          {
            "X": 0.6450719237327576,
            "Y": 0.4490388035774231
          }
        ]
      },
      "Id": "78157473-6b1c-4185-a6bd-93549ee286a1",
      "Page": 1
    },
    {
      "BlockType": "WORD",
      "Confidence": 99.65103912353516,
      "Text": "SCF",
      "TextType": "PRINTED",
      "Geometry": {
        "BoundingBox": {
          "Width": 0.025516612455248833,
          "Height": 0.02758113294839859,
          "Left": 0.20739765465259552,
          "Top": 0.4695928394794464
        },
        "Polygon": [
          {
            "X": 0.207524836063385,
            "Y": 0.4695928394794464
          },
          {
            "X": 0.2329142689704895,
            "Y": 0.4695993959903717
          },
          {
            "X": 0.23278968036174774,
            "Y": 0.4971739649772644
          },
          {
            "X": 0.20739765465259552,
            "Y": 0.49716904759407043
          }
        ]
      },
      "Id": "0412bae8-cd5c-4f79-b5ba-e0582f705af0",
      "Page": 1
    },
    {
      "BlockType": "WORD",
      "Confidence": 99.68985748291016,
      "Text": "T700S",
      "TextType": "PRINTED",
      "Geometry": {
        "BoundingBox": {
          "Width": 0.042861416935920715,
          "Height": 0.027578527107834816,
          "Left": 0.27600133419036865,
          "Top": 0.4697903096675873
        },
        "Polygon": [
          {
            "X": 0.2761215269565582,
            "Y": 0.4697903096675873
          },
          {
            "X": 0.31886276602745056,
            "Y": 0.4698013365268707
          },
          {
            "X": 0.3187469244003296,
            "Y": 0.49736881256103516
          },
          {
            "X": 0.27600133419036865,
            "Y": 0.49736055731773376
          }
        ]
      },
      "Id": "8152a5e5-c2b8-4c12-9074-2dd178c20455",
      "Page": 1
    },
    {
      "BlockType": "WORD",
      "Confidence": 99.95218658447266,
      "Text": "carbon",
      "TextType": "PRINTED",
      "Geometry": {
        "BoundingBox": {
          "Width": 0.048654720187187195,
          "Height": 0.02864929847419262,
          "Left": 0.32334792613983154,
          "Top": 0.4686949849128723
        },
        "Polygon": [
          {
            "X": 0.32346776127815247,
            "Y": 0.4686949849128723
          },
          {
            "X": 0.37200263142585754,
            "Y": 0.4687076508998871
          },
          {
            "X": 0.3718879222869873,
            "Y": 0.4973442852497101
          },
          {
            "X": 0.32334792613983154,
            "Y": 0.49733489751815796
          }
        ]
      },
      "Id": "5958a201-1611-4e33-b19a-cb79867e44a7",
      "Page": 1
    },
    {
      "BlockType": "WORD",
      "Confidence": 99.86917114257812,
      "Text": "fiber",
      "TextType": "PRINTED",
      "Geometry": {
        "BoundingBox": {
          "Width": 0.033755846321582794,
          "Height": 0.029657425358891487,
          "Left": 0.3762458562850952,
          "Top": 0.4679201543331146
        },
        "Polygon": [
          {
            "X": 0.37636417150497437,
            "Y": 0.4679201543331146
          },
          {
            "X": 0.4100017249584198,
            "Y": 0.46792900562286377
          },
          {
            "X": 0.4098871052265167,
            "Y": 0.49757757782936096
          },
          {
            "X": 0.3762458562850952,
            "Y": 0.49757108092308044
          }
        ]
      },
      "Id": "bc3ffc62-1f0f-41e6-a6c8-24ccf7e0dc89",
      "Page": 1
    },
    {
      "BlockType": "WORD",
      "Confidence": 99.9941635131836,
      "Text": "with",
      "TextType": "PRINTED",
      "Geometry": {
        "BoundingBox": {
          "Width": 0.0314597561955452,
          "Height": 0.028987202793359756,
          "Left": 0.41343581676483154,
          "Top": 0.4683353006839752
        },
        "Polygon": [
          {
            "X": 0.41354748606681824,
            "Y": 0.4683353006839752
          },
          {
            "X": 0.44489556550979614,
            "Y": 0.46834349632263184
          },
          {
            "X": 0.44478726387023926,
            "Y": 0.4973224997520447
          },
          {
            "X": 0.41343581676483154,
            "Y": 0.4973164200782776
          }
        ]
      },
      "Id": "fb7c2876-b823-448c-bedd-93c66fe2a564",
      "Page": 1
    },
    {
      "BlockType": "WORD",
      "Confidence": 99.89391326904297,
      "Text": "oxidized",
      "TextType": "PRINTED",
      "Geometry": {
        "BoundingBox": {
          "Width": 0.05779412016272545,
          "Height": 0.02876565046608448,
          "Left": 0.44949930906295776,
          "Top": 0.4687095284461975
        },
        "Polygon": [
          {
            "X": 0.4496062695980072,
            "Y": 0.4687095284461975
          },
          {
            "X": 0.5072934031486511,
            "Y": 0.4687245786190033
          },
          {
            "X": 0.5071926116943359,
            "Y": 0.49747517704963684
          },
          {
            "X": 0.44949930906295776,
            "Y": 0.49746403098106384
          }
        ]
      },
      "Id": "e6e230fd-69e6-44ea-be40-3c0f7e3c665b",
      "Page": 1
    },
    {
      "BlockType": "WORD",
      "Confidence": 99.98800659179688,
      "Text": "and",
      "TextType": "PRINTED",
      "Geometry": {
        "BoundingBox": {
          "Width": 0.025938503444194794,
          "Height": 0.029215771704912186,
          "Left": 0.5118139386177063,
          "Top": 0.4684048891067505
        },
        "Polygon": [
          {
            "X": 0.511915922164917,
            "Y": 0.4684048891067505
          },
          {
            "X": 0.5377524495124817,
            "Y": 0.4684116542339325
          },
          {
            "X": 0.5376532673835754,
            "Y": 0.4976206421852112
          },
          {
            "X": 0.5118139386177063,
            "Y": 0.49761566519737244
          }
        ]
      },
      "Id": "a0818407-d5b9-4a94-a727-6117e5441c1b",
      "Page": 1
    },
    {
      "BlockType": "WORD",
      "Confidence": 99.73524475097656,
      "Text": "epoxy",
      "TextType": "PRINTED",
      "Geometry": {
        "BoundingBox": {
          "Width": 0.04248003289103508,
          "Height": 0.0275503471493721,
          "Left": 0.5424939393997192,
          "Top": 0.47652551531791687
        },
        "Polygon": [
          {
            "X": 0.5425869226455688,
            "Y": 0.47652551531791687
          },
          {
            "X": 0.584973931312561,
            "Y": 0.4765357971191406
          },
          {
            "X": 0.5848852396011353,
            "Y": 0.5040758848190308
          },
          {
            "X": 0.5424939393997192,
            "Y": 0.5040683746337891
          }
        ]
      },
      "Id": "a17b56eb-a709-4109-b939-e871d07e9670",
      "Page": 1
    },
    {
      "BlockType": "WORD",
      "Confidence": 99.97711181640625,
      "Text": "sized",
      "TextType": "PRINTED",
      "Geometry": {
        "BoundingBox": {
          "Width": 0.035265855491161346,
          "Height": 0.02918410114943981,
          "Left": 0.5888749957084656,
          "Top": 0.46822553873062134
        },
        "Polygon": [
          {
            "X": 0.5889685750007629,
            "Y": 0.46822553873062134
          },
          {
            "X": 0.6241408586502075,
            "Y": 0.46823474764823914
          },
          {
            "X": 0.6240510940551758,
            "Y": 0.4974096417427063
          },
          {
            "X": 0.5888749957084656,
            "Y": 0.4974028468132019
          }
        ]
      },
      "Id": "10d9195e-a05b-41fe-b9ee-90447a8ba399",
      "Page": 1
    },
    {
      "BlockType": "WORD",
      "Confidence": 99.81221008300781,
      "Text": "surface",
      "TextType": "PRINTED",
      "Geometry": {
        "BoundingBox": {
          "Width": 0.05151686444878578,
          "Height": 0.02986125275492668,
          "Left": 0.6286168694496155,
          "Top": 0.46800684928894043
        },
        "Polygon": [
          {
            "X": 0.6287081837654114,
            "Y": 0.46800684928894043
          },
          {
            "X": 0.6801337003707886,
            "Y": 0.46802037954330444
          },
          {
            "X": 0.6800480484962463,
            "Y": 0.4978681206703186
          },
          {
            "X": 0.6286168694496155,
            "Y": 0.4978582262992859
          }
        ]
      },
      "Id": "7ec925b4-0e4f-48aa-810e-893a0b4baf0b",
      "Page": 1
    },
    {
      "BlockType": "WORD",
      "Confidence": 99.4598159790039,
      "Text": "(commercial",
      "TextType": "PRINTED",
      "Geometry": {
        "BoundingBox": {
          "Width": 0.08709723502397537,
          "Height": 0.03565230965614319,
          "Left": 0.684775710105896,
          "Top": 0.4677903652191162
        },
        "Polygon": [
          {
            "X": 0.6848773956298828,
            "Y": 0.4677903652191162
          },
          {
            "X": 0.7718729972839355,
            "Y": 0.46781331300735474
          },
          {
            "X": 0.7717827558517456,
            "Y": 0.5034427046775818
          },
          {
            "X": 0.684775710105896,
            "Y": 0.5034270882606506
          }
        ]
      },
      "Id": "333f4b98-b9f7-4c68-ad55-4d27a4720d89",
      "Page": 1
    },
    {
      "BlockType": "WORD",
      "Confidence": 99.92320251464844,
      "Text": "product)",
      "TextType": "PRINTED",
      "Geometry": {
        "BoundingBox": {
          "Width": 0.060274507850408554,
          "Height": 0.0362614244222641,
          "Left": 0.7770301699638367,
          "Top": 0.46793386340141296
        },
        "Polygon": [
          {
            "X": 0.7771213054656982,
            "Y": 0.46793386340141296
          },
          {
            "X": 0.8373046517372131,
            "Y": 0.4679497182369232
          },
          {
            "X": 0.837221622467041,
            "Y": 0.5041952729225159
          },
          {
            "X": 0.7770301699638367,
            "Y": 0.5041846632957458
          }
        ]
      },
      "Id": "f1b8cce2-8809-4d2f-b11f-0e35ce5d6078",
      "Page": 1
    },
    {
      "BlockType": "WORD",
      "Confidence": 99.74773406982422,
      "Text": "UCFCNT",
      "TextType": "PRINTED",
      "Geometry": {
        "BoundingBox": {
          "Width": 0.05778103694319725,
          "Height": 0.02751667983829975,
          "Left": 0.19157327711582184,
          "Top": 0.5199729204177856
        },
        "Polygon": [
          {
            "X": 0.191701740026474,
            "Y": 0.5199729204177856
          },
          {
            "X": 0.2493543177843094,
            "Y": 0.5199809670448303
          },
          {
            "X": 0.2492317110300064,
            "Y": 0.547489583492279
          },
          {
            "X": 0.19157327711582184,
            "Y": 0.5474853515625
          }
        ]
      },
      "Id": "31ed9425-b417-4068-9055-68fa3c6a99d0",
      "Page": 1
    },
    {
      "BlockType": "WORD",
      "Confidence": 99.95159149169922,
      "Text": "CNT",
      "TextType": "PRINTED",
      "Geometry": {
        "BoundingBox": {
          "Width": 0.029097523540258408,
          "Height": 0.027687055990099907,
          "Left": 0.42440876364707947,
          "Top": 0.5197517275810242
        },
        "Polygon": [
          {
            "X": 0.4245142936706543,
            "Y": 0.5197517275810242
          },
          {
            "X": 0.4535062909126282,
            "Y": 0.5197557806968689
          },
          {
            "X": 0.4534037411212921,
            "Y": 0.5474388003349304
          },
          {
            "X": 0.42440876364707947,
            "Y": 0.5474366545677185
          }
        ]
      },
      "Id": "f822cedf-b9f6-4ece-8234-605e4309179e",
      "Page": 1
    },
    {
      "BlockType": "WORD",
      "Confidence": 99.98908233642578,
      "Text": "grown",
      "TextType": "PRINTED",
      "Geometry": {
        "BoundingBox": {
          "Width": 0.04476438835263252,
          "Height": 0.02785218320786953,
          "Left": 0.4568733274936676,
          "Top": 0.5260555148124695
        },
        "Polygon": [
          {
            "X": 0.45697614550590515,
            "Y": 0.5260555148124695
          },
          {
            "X": 0.5016376972198486,
            "Y": 0.5260610580444336
          },
          {
            "X": 0.5015394687652588,
            "Y": 0.5539076924324036
          },
          {
            "X": 0.4568733274936676,
            "Y": 0.5539050698280334
          }
        ]
      },
      "Id": "b746eaa7-3948-4bc7-ac1a-382a75a7e527",
      "Page": 1
    },
    {
      "BlockType": "WORD",
      "Confidence": 99.85248565673828,
      "Text": "as-spun",
      "TextType": "PRINTED",
      "Geometry": {
        "BoundingBox": {
          "Width": 0.05442105233669281,
          "Height": 0.027863243594765663,
          "Left": 0.5060794353485107,
          "Top": 0.5259264707565308
        },
        "Polygon": [
          {
            "X": 0.5061772465705872,
            "Y": 0.5259264707565308
          },
          {
            "X": 0.5605005025863647,
            "Y": 0.5259332656860352
          },
          {
            "X": 0.5604082942008972,
            "Y": 0.5537897348403931
          },
          {
            "X": 0.5060794353485107,
            "Y": 0.5537865161895752
          }
        ]
      },
      "Id": "02b50624-cf63-43f3-9c1d-b50fb578b0e5",
      "Page": 1
    },
    {
      "BlockType": "WORD",
      "Confidence": 99.93324279785156,
      "Text": "T700",
      "TextType": "PRINTED",
      "Geometry": {
        "BoundingBox": {
          "Width": 0.035925623029470444,
          "Height": 0.02825045958161354,
          "Left": 0.5642680525779724,
          "Top": 0.5194509625434875
        },
        "Polygon": [
          {
            "X": 0.5643611550331116,
            "Y": 0.5194509625434875
          },
          {
            "X": 0.6001936793327332,
            "Y": 0.5194559693336487
          },
          {
            "X": 0.6001042723655701,
            "Y": 0.5477014183998108
          },
          {
            "X": 0.5642680525779724,
            "Y": 0.5476987361907959
          }
        ]
      },
      "Id": "7f7a3149-40c2-4a70-a1a7-dec96583022c",
      "Page": 1
    },
    {
      "BlockType": "WORD",
      "Confidence": 99.926025390625,
      "Text": "carbon",
      "TextType": "PRINTED",
      "Geometry": {
        "BoundingBox": {
          "Width": 0.04900500923395157,
          "Height": 0.02893780544400215,
          "Left": 0.603931725025177,
          "Top": 0.5186184644699097
        },
        "Polygon": [
          {
            "X": 0.6040228605270386,
            "Y": 0.5186184644699097
          },
          {
            "X": 0.6529367566108704,
            "Y": 0.5186254382133484
          },
          {
            "X": 0.6528508067131042,
            "Y": 0.5475562214851379
          },
          {
            "X": 0.603931725025177,
            "Y": 0.5475526452064514
          }
        ]
      },
      "Id": "ea469b31-08a6-40bf-ae3e-8ce2600bba27",
      "Page": 1
    },
    {
      "BlockType": "WORD",
      "Confidence": 99.88402557373047,
      "Text": "fiber",
      "TextType": "PRINTED",
      "Geometry": {
        "BoundingBox": {
          "Width": 0.0339304581284523,
          "Height": 0.02924950048327446,
          "Left": 0.6567591428756714,
          "Top": 0.5183683037757874
        },
        "Polygon": [
          {
            "X": 0.6568455696105957,
            "Y": 0.5183683037757874
          },
          {
            "X": 0.6906896233558655,
            "Y": 0.5183731913566589
          },
          {
            "X": 0.6906068325042725,
            "Y": 0.5476177930831909
          },
          {
            "X": 0.6567591428756714,
            "Y": 0.5476152896881104
          }
        ]
      },
      "Id": "3f2d809d-ac54-4f45-84a3-df81698dcb6e",
      "Page": 1
    },
    {
      "BlockType": "WORD",
      "Confidence": 99.58941650390625,
      "Text": "TCFCNT",
      "TextType": "PRINTED",
      "Geometry": {
        "BoundingBox": {
          "Width": 0.05634903535246849,
          "Height": 0.02769542671740055,
          "Left": 0.19166971743106842,
          "Top": 0.5687979459762573
        },
        "Polygon": [
          {
            "X": 0.19179899990558624,
            "Y": 0.5687979459762573
          },
          {
            "X": 0.24801874160766602,
            "Y": 0.5687992572784424
          },
          {
            "X": 0.24789521098136902,
            "Y": 0.5964909791946411
          },
          {
            "X": 0.19166971743106842,
            "Y": 0.5964933633804321
          }
        ]
      },
      "Id": "d94611d0-12b5-411a-959b-f5423d86210c",
      "Page": 1
    },
    {
      "BlockType": "WORD",
      "Confidence": 99.94739532470703,
      "Text": "CNT",
      "TextType": "PRINTED",
      "Geometry": {
        "BoundingBox": {
          "Width": 0.02922288328409195,
          "Height": 0.02805655635893345,
          "Left": 0.3765193223953247,
          "Top": 0.5686140060424805
        },
        "Polygon": [
          {
            "X": 0.3766312003135681,
            "Y": 0.5686140060424805
          },
          {
            "X": 0.40574219822883606,
            "Y": 0.5686147212982178
          },
          {
            "X": 0.4056333601474762,
            "Y": 0.5966693758964539
          },
          {
            "X": 0.3765193223953247,
            "Y": 0.5966705679893494
          }
        ]
      },
      "Id": "e67e2e0a-3ab5-4a36-b9ba-bf1c21a9bc7c",
      "Page": 1
    },
    {
      "BlockType": "WORD",
      "Confidence": 99.9916763305664,
      "Text": "grown",
      "TextType": "PRINTED",
      "Geometry": {
        "BoundingBox": {
          "Width": 0.04476134106516838,
          "Height": 0.02781117521226406,
          "Left": 0.40915364027023315,
          "Top": 0.575021505355835
        },
        "Polygon": [
          {
            "X": 0.40926116704940796,
            "Y": 0.575021505355835
          },
          {
            "X": 0.45391497015953064,
            "Y": 0.5750219225883484
          },
          {
            "X": 0.45381200313568115,
            "Y": 0.6028301119804382
          },
          {
            "X": 0.40915364027023315,
            "Y": 0.6028326749801636
          }
        ]
      },
      "Id": "2c72c130-efe7-4898-b787-3391d6f51220",
      "Page": 1
    },
    {
      "BlockType": "WORD",
      "Confidence": 99.93704223632812,
      "Text": "T700",
      "TextType": "PRINTED",
      "Geometry": {
        "BoundingBox": {
          "Width": 0.035627514123916626,
          "Height": 0.027426641434431076,
          "Left": 0.45774027705192566,
          "Top": 0.569074809551239
        },
        "Polygon": [
          {
            "X": 0.4578414261341095,
            "Y": 0.569074809551239
          },
          {
            "X": 0.4933677911758423,
            "Y": 0.5690756440162659
          },
          {
            "X": 0.49327024817466736,
            "Y": 0.5964999198913574
          },
          {
            "X": 0.45774027705192566,
            "Y": 0.5965014696121216
          }
        ]
      },
      "Id": "d7b8b0da-c7b7-486e-b715-0594ab1b9331",
      "Page": 1
    },
    {
      "BlockType": "WORD",
      "Confidence": 99.94336700439453,
      "Text": "carbon",
      "TextType": "PRINTED",
      "Geometry": {
        "BoundingBox": {
          "Width": 0.04844186082482338,
          "Height": 0.029131144285202026,
          "Left": 0.49745699763298035,
          "Top": 0.5676218271255493
        },
        "Polygon": [
          {
            "X": 0.49756017327308655,
            "Y": 0.5676218271255493
          },
          {
            "X": 0.5458988547325134,
            "Y": 0.5676230788230896
          },
          {
            "X": 0.5458008646965027,
            "Y": 0.5967509150505066
          },
          {
            "X": 0.49745699763298035,
            "Y": 0.596752941608429
          }
        ]
      },
      "Id": "adbdb9af-6e7e-4f8e-8d7a-f6244090308f",
      "Page": 1
    },
    {
      "BlockType": "WORD",
      "Confidence": 99.93914031982422,
      "Text": "fiber",
      "TextType": "PRINTED",
      "Geometry": {
        "BoundingBox": {
          "Width": 0.03364283964037895,
          "Height": 0.029619723558425903,
          "Left": 0.5502868294715881,
          "Top": 0.5665864944458008
        },
        "Polygon": [
          {
            "X": 0.5503859519958496,
            "Y": 0.5665864944458008
          },
          {
            "X": 0.5839296579360962,
            "Y": 0.5665874481201172
          },
          {
            "X": 0.583834171295166,
            "Y": 0.5962048172950745
          },
          {
            "X": 0.5502868294715881,
            "Y": 0.5962062478065491
          }
        ]
      },
      "Id": "96763a0a-86d9-48c4-96b5-5100efe0bb64",
      "Page": 1
    },
    {
      "BlockType": "WORD",
      "Confidence": 99.99383544921875,
      "Text": "with",
      "TextType": "PRINTED",
      "Geometry": {
        "BoundingBox": {
          "Width": 0.03157699853181839,
          "Height": 0.028768030926585197,
          "Left": 0.587500274181366,
          "Top": 0.5674088001251221
        },
        "Polygon": [
          {
            "X": 0.5875926613807678,
            "Y": 0.5674088001251221
          },
          {
            "X": 0.6190773248672485,
            "Y": 0.5674096345901489
          },
          {
            "X": 0.6189882755279541,
            "Y": 0.596175491809845
          },
          {
            "X": 0.587500274181366,
            "Y": 0.59617680311203
          }
        ]
      },
      "Id": "fd4a461b-f144-4f28-88a8-8dd207656297",
      "Page": 1
    },
    {
      "BlockType": "WORD",
      "Confidence": 99.88970184326172,
      "Text": "oxidized",
      "TextType": "PRINTED",
      "Geometry": {
        "BoundingBox": {
          "Width": 0.058181628584861755,
          "Height": 0.029444944113492966,
          "Left": 0.6233691573143005,
          "Top": 0.5672299861907959
        },
        "Polygon": [
          {
            "X": 0.6234597563743591,
            "Y": 0.5672299861907959
          },
          {
            "X": 0.6815507411956787,
            "Y": 0.5672315955162048
          },
          {
            "X": 0.6814664602279663,
            "Y": 0.5966724753379822
          },
          {
            "X": 0.6233691573143005,
            "Y": 0.596674919128418
          }
        ]
      },
      "Id": "5626f7c7-1173-4a3d-9cdc-59299786693d",
      "Page": 1
    },
    {
      "BlockType": "WORD",
      "Confidence": 99.88780975341797,
      "Text": "surface",
      "TextType": "PRINTED",
      "Geometry": {
        "BoundingBox": {
          "Width": 0.052142251282930374,
          "Height": 0.029427843168377876,
          "Left": 0.6857573986053467,
          "Top": 0.567326545715332
        },
        "Polygon": [
          {
            "X": 0.6858412027359009,
            "Y": 0.567326545715332
          },
          {
            "X": 0.737899661064148,
            "Y": 0.5673279762268066
          },
          {
            "X": 0.7378214597702026,
            "Y": 0.5967521667480469
          },
          {
            "X": 0.6857573986053467,
            "Y": 0.5967543721199036
          }
        ]
      },
      "Id": "ed9dc5bb-c3c2-450e-b7cc-36fe7db635f9",
      "Page": 1
    },
    {
      "BlockType": "WORD",
      "Confidence": 99.9603500366211,
      "Text": "SF",
      "TextType": "PRINTED",
      "Geometry": {
        "BoundingBox": {
          "Width": 0.016438215970993042,
          "Height": 0.02769363299012184,
          "Left": 0.21193020045757294,
          "Top": 0.6177965402603149
        },
        "Polygon": [
          {
            "X": 0.21205738186836243,
            "Y": 0.6177980303764343
          },
          {
            "X": 0.22836841642856598,
            "Y": 0.6177965402603149
          },
          {
            "X": 0.2282429039478302,
            "Y": 0.6454876065254211
          },
          {
            "X": 0.21193020045757294,
            "Y": 0.6454901695251465
          }
        ]
      },
      "Id": "e1a76079-9d06-4aa9-a217-ec8ae3ef561a",
      "Page": 1
    },
    {
      "BlockType": "WORD",
      "Confidence": 99.9801254272461,
      "Text": "Neat",
      "TextType": "PRINTED",
      "Geometry": {
        "BoundingBox": {
          "Width": 0.03329283744096756,
          "Height": 0.027139272540807724,
          "Left": 0.5060899257659912,
          "Top": 0.6180671453475952
        },
        "Polygon": [
          {
            "X": 0.5061851739883423,
            "Y": 0.6180702447891235
          },
          {
            "X": 0.539382815361023,
            "Y": 0.6180671453475952
          },
          {
            "X": 0.5392909049987793,
            "Y": 0.6452012062072754
          },
          {
            "X": 0.5060899257659912,
            "Y": 0.6452064514160156
          }
        ]
      },
      "Id": "747ffbcc-6d82-4431-8689-054971fb7db7",
      "Page": 1
    },
    {
      "BlockType": "WORD",
      "Confidence": 99.90972900390625,
      "Text": "CNT",
      "TextType": "PRINTED",
      "Geometry": {
        "BoundingBox": {
          "Width": 0.028865231201052666,
          "Height": 0.02745221182703972,
          "Left": 0.5436915755271912,
          "Top": 0.6176548004150391
        },
        "Polygon": [
          {
            "X": 0.5437840819358826,
            "Y": 0.6176574230194092
          },
          {
            "X": 0.5725567936897278,
            "Y": 0.6176548004150391
          },
          {
            "X": 0.5724671483039856,
            "Y": 0.6451024413108826
          },
          {
            "X": 0.5436915755271912,
            "Y": 0.6451069712638855
          }
        ]
      },
      "Id": "b8477a36-cdc6-4565-808e-21fbeabd4e80",
      "Page": 1
    },
    {
      "BlockType": "WORD",
      "Confidence": 99.86674499511719,
      "Text": "fiber",
      "TextType": "PRINTED",
      "Geometry": {
        "BoundingBox": {
          "Width": 0.03352481126785278,
          "Height": 0.02906564250588417,
          "Left": 0.5760403871536255,
          "Top": 0.6159058213233948
        },
        "Polygon": [
          {
            "X": 0.5761348605155945,
            "Y": 0.6159088015556335
          },
          {
            "X": 0.6095651984214783,
            "Y": 0.6159058213233948
          },
          {
            "X": 0.609474241733551,
            "Y": 0.6449662446975708
          },
          {
            "X": 0.5760403871536255,
            "Y": 0.644971489906311
          }
        ]
      },
      "Id": "013ad9fe-03ef-4cba-a4cb-8fd4a7712136",
      "Page": 1
    },
    {
      "BlockType": "TABLE",
      "Confidence": 99.658203125,
      "Geometry": {
        "BoundingBox": {
          "Width": 0.6829429864883423,
          "Height": 0.29440176486968994,
          "Left": 0.15848486125469208,
          "Top": 0.3536228835582733
        },
        "Polygon": [
          {
            "X": 0.15989485383033752,
            "Y": 0.3536228835582733
          },
          {
            "X": 0.8414278626441956,
            "Y": 0.353986918926239
          },
          {
            "X": 0.8407585024833679,
            "Y": 0.6479125022888184
          },
          {
            "X": 0.15848486125469208,
            "Y": 0.6480246782302856
          }
        ]
      },
      "Id": "b62a0150-e4a2-4c98-a74f-5119cded785b",
      "Relationships": [
        {
          "Type": "CHILD",
          "Ids": [
            "09ba6e52-c904-43d6-a157-bd2183ddfb42",
            "de7fbfb9-d2bd-4206-b8f5-ce1fbecc0654",
            "2c571a1b-8328-44c4-be4f-6d3181c3840c",
            "af114f86-fba0-42bf-ad45-e66e3cd158f8",
            "a06a6ca0-48d4-400f-b4a4-5cc4419dcba4",
            "3060d9ba-b9ab-43dc-b97d-2c3659c8c18d",
            "e54ec9a8-32ae-4061-9fdd-2dfae08304b2",
            "09ee487a-d7dd-423b-9ef6-bc97a37073d1",
            "a6105e89-ea7a-4c52-b6bf-db9f755ace16",
            "f68bea0c-ee33-423a-9b5e-b252a1f69deb",
            "dd2e13b5-b69d-470b-9753-378f17729e41",
            "3b60eafb-38ec-4a62-b163-588f54a790a6",
            "8161cccb-10f3-4968-818a-3c182e7bfd5c",
            "c30b932d-d5fd-47db-9e8b-a270f8b01139"
          ]
        }
      ],
      "EntityTypes": [
        "SEMI_STRUCTURED_TABLE"
      ],
      "Page": 1
    },
    {
      "BlockType": "CELL",
      "Confidence": 42.67578125,
      "RowIndex": 1,
      "ColumnIndex": 1,
      "RowSpan": 1,
      "ColumnSpan": 1,
      "Geometry": {
        "BoundingBox": {
          "Width": 0.10308998823165894,
          "Height": 0.007833142764866352,
          "Left": 0.1598575860261917,
          "Top": 0.3536228835582733
        },
        "Polygon": [
          {
            "X": 0.15989485383033752,
            "Y": 0.3536228835582733
          },
          {
            "X": 0.26294758915901184,
            "Y": 0.3536779284477234
          },
          {
            "X": 0.2629132866859436,
            "Y": 0.361456036567688
          },
          {
            "X": 0.1598575860261917,
            "Y": 0.3614028990268707
          }
        ]
      },
      "Id": "09ba6e52-c904-43d6-a157-bd2183ddfb42",
      "Page": 1
    },
    {
      "BlockType": "CELL",
      "Confidence": 47.412109375,
      "RowIndex": 1,
      "ColumnIndex": 2,
      "RowSpan": 1,
      "ColumnSpan": 1,
      "Geometry": {
        "BoundingBox": {
          "Width": 0.578514575958252,
          "Height": 0.00807640515267849,
          "Left": 0.2629132866859436,
          "Top": 0.3536779284477234
        },
        "Polygon": [
          {
            "X": 0.26294758915901184,
            "Y": 0.3536779284477234
          },
          {
            "X": 0.8414278626441956,
            "Y": 0.353986918926239
          },
          {
            "X": 0.8414101600646973,
            "Y": 0.3617543578147888
          },
          {
            "X": 0.2629132866859436,
            "Y": 0.361456036567688
          }
        ]
      },
      "Id": "de7fbfb9-d2bd-4206-b8f5-ce1fbecc0654",
      "Page": 1
    },
    {
      "BlockType": "CELL",
      "Confidence": 83.837890625,
      "RowIndex": 2,
      "ColumnIndex": 1,
      "RowSpan": 1,
      "ColumnSpan": 1,
      "Geometry": {
        "BoundingBox": {
          "Width": 0.10329051315784454,
          "Height": 0.04907122999429703,
          "Left": 0.15962277352809906,
          "Top": 0.3614028990268707
        },
        "Polygon": [
          {
            "X": 0.1598575860261917,
            "Y": 0.3614028990268707
          },
          {
            "X": 0.2629132866859436,
            "Y": 0.361456036567688
          },
          {
            "X": 0.26269713044166565,
            "Y": 0.41047412157058716
          },
          {
            "X": 0.15962277352809906,
            "Y": 0.41043296456336975
          }
        ]
      },
      "Id": "2c571a1b-8328-44c4-be4f-6d3181c3840c",
      "Relationships": [
        {
          "Type": "CHILD",
          "Ids": [
            "86e4b222-fc84-41f9-96b1-9a9bdf4ec1b6"
          ]
        }
      ],
      "Page": 1
    },
    {
      "BlockType": "CELL",
      "Confidence": 93.1640625,
      "RowIndex": 2,
      "ColumnIndex": 2,
      "RowSpan": 1,
      "ColumnSpan": 1,
      "Geometry": {
        "BoundingBox": {
          "Width": 0.578713059425354,
          "Height": 0.04924913868308067,
          "Left": 0.26269713044166565,
          "Top": 0.361456036567688
        },
        "Polygon": [
          {
            "X": 0.2629132866859436,
            "Y": 0.361456036567688
          },
          {
            "X": 0.8414101600646973,
            "Y": 0.3617543578147888
          },
          {
            "X": 0.8412986993789673,
            "Y": 0.41070517897605896
          },
          {
            "X": 0.26269713044166565,
            "Y": 0.41047412157058716
          }
        ]
      },
      "Id": "af114f86-fba0-42bf-ad45-e66e3cd158f8",
      "Relationships": [
        {
          "Type": "CHILD",
          "Ids": [
            "264e73de-1c34-4342-a998-1dc28122702c",
            "f5071455-ff26-4e96-a8cc-8c373eaf55ee",
            "8658ee55-8beb-4f8c-9ec8-559bdb87d388",
            "64f825f5-8aee-4a85-af6e-95823cdddd33",
            "fdff83f3-7798-417c-9682-15ad505453e4",
            "e9b4a848-b558-43e9-8475-d152ce497947",
            "a73049bb-5f59-48b3-9a78-9847281e5ea8",
            "386b9de0-7337-437a-8ce1-62ef7401176b",
            "6579ff4c-ffc0-46a6-86ef-09337aa72646"
          ]
        }
      ],
      "Page": 1
    },
    {
      "BlockType": "CELL",
      "Confidence": 83.935546875,
      "RowIndex": 3,
      "ColumnIndex": 1,
      "RowSpan": 1,
      "ColumnSpan": 1,
      "Geometry": {
        "BoundingBox": {
          "Width": 0.1033092737197876,
          "Height": 0.04907696321606636,
          "Left": 0.15938785672187805,
          "Top": 0.41043296456336975
        },
        "Polygon": [
          {
            "X": 0.15962277352809906,
            "Y": 0.41043296456336975
          },
          {
            "X": 0.26269713044166565,
            "Y": 0.41047412157058716
          },
          {
            "X": 0.2624809145927429,
            "Y": 0.459509938955307
          },
          {
            "X": 0.15938785672187805,
            "Y": 0.45948076248168945
          }
        ]
      },
      "Id": "a06a6ca0-48d4-400f-b4a4-5cc4419dcba4",
      "Relationships": [
        {
          "Type": "CHILD",
          "Ids": [
            "dbbb2963-fec4-4c58-8678-85c3804115ee"
          ]
        }
      ],
      "Page": 1
    },
    {
      "BlockType": "CELL",
      "Confidence": 93.310546875,
      "RowIndex": 3,
      "ColumnIndex": 2,
      "RowSpan": 1,
      "ColumnSpan": 1,
      "Geometry": {
        "BoundingBox": {
          "Width": 0.5788177847862244,
          "Height": 0.049199555069208145,
          "Left": 0.2624809145927429,
          "Top": 0.41047412157058716
        },
        "Polygon": [
          {
            "X": 0.26269713044166565,
            "Y": 0.41047412157058716
          },
          {
            "X": 0.8412986993789673,
            "Y": 0.41070517897605896
          },
          {
            "X": 0.8411871790885925,
            "Y": 0.459673672914505
          },
          {
            "X": 0.2624809145927429,
            "Y": 0.459509938955307
          }
        ]
      },
      "Id": "3060d9ba-b9ab-43dc-b97d-2c3659c8c18d",
      "Relationships": [
        {
          "Type": "CHILD",
          "Ids": [
            "b227dd9f-ed99-48c7-97f2-bea9540475a8",
            "15d38b84-331c-4d01-a013-f0005503acca",
            "74bf9b3e-a7dc-41fc-9dbd-e2ac3154ccd9",
            "3c0072f1-b499-47e6-aa4a-6180df930fdb",
            "153b1987-097c-4990-a4c4-681ee0ad69cb",
            "78157473-6b1c-4185-a6bd-93549ee286a1"
          ]
        }
      ],
      "Page": 1
    },
    {
      "BlockType": "CELL",
      "Confidence": 84.08203125,
      "RowIndex": 4,
      "ColumnIndex": 1,
      "RowSpan": 1,
      "ColumnSpan": 1,
      "Geometry": {
        "BoundingBox": {
          "Width": 0.10332804173231125,
          "Height": 0.04908270016312599,
          "Left": 0.15915286540985107,
          "Top": 0.45948076248168945
        },
        "Polygon": [
          {
            "X": 0.15938785672187805,
            "Y": 0.45948076248168945
          },
          {
            "X": 0.2624809145927429,
            "Y": 0.459509938955307
          },
          {
            "X": 0.262264609336853,
            "Y": 0.5085634589195251
          },
          {
            "X": 0.15915286540985107,
            "Y": 0.5085462927818298
          }
        ]
      },
      "Id": "e54ec9a8-32ae-4061-9fdd-2dfae08304b2",
      "Relationships": [
        {
          "Type": "CHILD",
          "Ids": [
            "0412bae8-cd5c-4f79-b5ba-e0582f705af0"
          ]
        }
      ],
      "Page": 1
    },
    {
      "BlockType": "CELL",
      "Confidence": 93.45703125,
      "RowIndex": 4,
      "ColumnIndex": 2,
      "RowSpan": 1,
      "ColumnSpan": 1,
      "Geometry": {
        "BoundingBox": {
          "Width": 0.5789225697517395,
          "Height": 0.049149926751852036,
          "Left": 0.262264609336853,
          "Top": 0.459509938955307
        },
        "Polygon": [
          {
            "X": 0.2624809145927429,
            "Y": 0.459509938955307
          },
          {
            "X": 0.8411871790885925,
            "Y": 0.459673672914505
          },
          {
            "X": 0.8410756587982178,
            "Y": 0.508659839630127
          },
          {
            "X": 0.262264609336853,
            "Y": 0.5085634589195251
          }
        ]
      },
      "Id": "09ee487a-d7dd-423b-9ef6-bc97a37073d1",
      "Relationships": [
        {
          "Type": "CHILD",
          "Ids": [
            "8152a5e5-c2b8-4c12-9074-2dd178c20455",
            "5958a201-1611-4e33-b19a-cb79867e44a7",
            "bc3ffc62-1f0f-41e6-a6c8-24ccf7e0dc89",
            "fb7c2876-b823-448c-bedd-93c66fe2a564",
            "e6e230fd-69e6-44ea-be40-3c0f7e3c665b",
            "a0818407-d5b9-4a94-a727-6117e5441c1b",
            "a17b56eb-a709-4109-b939-e871d07e9670",
            "10d9195e-a05b-41fe-b9ee-90447a8ba399",
            "7ec925b4-0e4f-48aa-810e-893a0b4baf0b",
            "333f4b98-b9f7-4c68-ad55-4d27a4720d89",
            "f1b8cce2-8809-4d2f-b11f-0e35ce5d6078"
          ]
        }
      ],
      "Page": 1
    },
    {
      "BlockType": "CELL",
      "Confidence": 84.375,
      "RowIndex": 5,
      "ColumnIndex": 1,
      "RowSpan": 1,
      "ColumnSpan": 1,
      "Geometry": {
        "BoundingBox": {
          "Width": 0.10335241258144379,
          "Height": 0.050257015973329544,
          "Left": 0.15891219675540924,
          "Top": 0.5085462927818298
        },
        "Polygon": [
          {
            "X": 0.15915286540985107,
            "Y": 0.5085462927818298
          },
          {
            "X": 0.262264609336853,
            "Y": 0.5085634589195251
          },
          {
            "X": 0.2620430886745453,
            "Y": 0.5588033199310303
          },
          {
            "X": 0.15891219675540924,
            "Y": 0.5587984323501587
          }
        ]
      },
      "Id": "a6105e89-ea7a-4c52-b6bf-db9f755ace16",
      "Relationships": [
        {
          "Type": "CHILD",
          "Ids": [
            "31ed9425-b417-4068-9055-68fa3c6a99d0"
          ]
        }
      ],
      "Page": 1
    },
    {
      "BlockType": "CELL",
      "Confidence": 93.75,
      "RowIndex": 5,
      "ColumnIndex": 2,
      "RowSpan": 1,
      "ColumnSpan": 1,
      "Geometry": {
        "BoundingBox": {
          "Width": 0.5790325403213501,
          "Height": 0.050267238169908524,
          "Left": 0.2620430886745453,
          "Top": 0.5085634589195251
        },
        "Polygon": [
          {
            "X": 0.262264609336853,
            "Y": 0.5085634589195251
          },
          {
            "X": 0.8410756587982178,
            "Y": 0.508659839630127
          },
          {
            "X": 0.8409613966941833,
            "Y": 0.5588306784629822
          },
          {
            "X": 0.2620430886745453,
            "Y": 0.5588033199310303
          }
        ]
      },
      "Id": "f68bea0c-ee33-423a-9b5e-b252a1f69deb",
      "Relationships": [
        {
          "Type": "CHILD",
          "Ids": [
            "f822cedf-b9f6-4ece-8234-605e4309179e",
            "b746eaa7-3948-4bc7-ac1a-382a75a7e527",
            "02b50624-cf63-43f3-9c1d-b50fb578b0e5",
            "7f7a3149-40c2-4a70-a1a7-dec96583022c",
            "ea469b31-08a6-40bf-ae3e-8ce2600bba27",
            "3f2d809d-ac54-4f45-84a3-df81698dcb6e"
          ]
        }
      ],
      "Page": 1
    },
    {
      "BlockType": "CELL",
      "Confidence": 83.10546875,
      "RowIndex": 6,
      "ColumnIndex": 1,
      "RowSpan": 1,
      "ColumnSpan": 1,
      "Geometry": {
        "BoundingBox": {
          "Width": 0.10336604714393616,
          "Height": 0.04910144582390785,
          "Left": 0.15867702662944794,
          "Top": 0.5587984323501587
        },
        "Polygon": [
          {
            "X": 0.15891219675540924,
            "Y": 0.5587984323501587
          },
          {
            "X": 0.2620430886745453,
            "Y": 0.5588033199310303
          },
          {
            "X": 0.26182660460472107,
            "Y": 0.6078927516937256
          },
          {
            "X": 0.15867702662944794,
            "Y": 0.6078998446464539
          }
        ]
      },
      "Id": "dd2e13b5-b69d-470b-9753-378f17729e41",
      "Relationships": [
        {
          "Type": "CHILD",
          "Ids": [
            "d94611d0-12b5-411a-959b-f5423d86210c"
          ]
        }
      ],
      "Page": 1
    },
    {
      "BlockType": "CELL",
      "Confidence": 92.3828125,
      "RowIndex": 6,
      "ColumnIndex": 2,
      "RowSpan": 1,
      "ColumnSpan": 1,
      "Geometry": {
        "BoundingBox": {
          "Width": 0.5791347622871399,
          "Height": 0.04908943176269531,
          "Left": 0.26182660460472107,
          "Top": 0.5588033199310303
        },
        "Polygon": [
          {
            "X": 0.2620430886745453,
            "Y": 0.5588033199310303
          },
          {
            "X": 0.8409613966941833,
            "Y": 0.5588306784629822
          },
          {
            "X": 0.840849757194519,
            "Y": 0.6078526973724365
          },
          {
            "X": 0.26182660460472107,
            "Y": 0.6078927516937256
          }
        ]
      },
      "Id": "3b60eafb-38ec-4a62-b163-588f54a790a6",
      "Relationships": [
        {
          "Type": "CHILD",
          "Ids": [
            "e67e2e0a-3ab5-4a36-b9ba-bf1c21a9bc7c",
            "2c72c130-efe7-4898-b787-3391d6f51220",
            "d7b8b0da-c7b7-486e-b715-0594ab1b9331",
            "adbdb9af-6e7e-4f8e-8d7a-f6244090308f",
            "96763a0a-86d9-48c4-96b5-5100efe0bb64",
            "fd4a461b-f144-4f28-88a8-8dd207656297",
            "5626f7c7-1173-4a3d-9cdc-59299786693d",
            "ed9dc5bb-c3c2-450e-b7cc-36fe7db635f9"
          ]
        }
      ],
      "Page": 1
    },
    {
      "BlockType": "CELL",
      "Confidence": 86.1328125,
      "RowIndex": 7,
      "ColumnIndex": 1,
      "RowSpan": 1,
      "ColumnSpan": 1,
      "Geometry": {
        "BoundingBox": {
          "Width": 0.10334175825119019,
          "Height": 0.04013191536068916,
          "Left": 0.15848486125469208,
          "Top": 0.6078927516937256
        },
        "Polygon": [
          {
            "X": 0.15867702662944794,
            "Y": 0.6078998446464539
          },
          {
            "X": 0.26182660460472107,
            "Y": 0.6078927516937256
          },
          {
            "X": 0.2616497278213501,
            "Y": 0.6480076909065247
          },
          {
            "X": 0.15848486125469208,
            "Y": 0.6480246782302856
          }
        ]
      },
      "Id": "8161cccb-10f3-4968-818a-3c182e7bfd5c",
      "Relationships": [
        {
          "Type": "CHILD",
          "Ids": [
            "e1a76079-9d06-4aa9-a217-ec8ae3ef561a"
          ]
        }
      ],
      "Page": 1
    },
    {
      "BlockType": "CELL",
      "Confidence": 95.751953125,
      "RowIndex": 7,
      "ColumnIndex": 2,
      "RowSpan": 1,
      "ColumnSpan": 1,
      "Geometry": {
        "BoundingBox": {
          "Width": 0.579200029373169,
          "Height": 0.04015501216053963,
          "Left": 0.2616497278213501,
          "Top": 0.6078526973724365
        },
        "Polygon": [
          {
            "X": 0.26182660460472107,
            "Y": 0.6078927516937256
          },
          {
            "X": 0.840849757194519,
            "Y": 0.6078526973724365
          },
          {
            "X": 0.8407585024833679,
            "Y": 0.6479125022888184
          },
          {
            "X": 0.2616497278213501,
            "Y": 0.6480076909065247
          }
        ]
      },
      "Id": "c30b932d-d5fd-47db-9e8b-a270f8b01139",
      "Relationships": [
        {
          "Type": "CHILD",
          "Ids": [
            "747ffbcc-6d82-4431-8689-054971fb7db7",
            "b8477a36-cdc6-4565-808e-21fbeabd4e80",
            "013ad9fe-03ef-4cba-a4cb-8fd4a7712136"
          ]
        }
      ],
      "Page": 1
    }
  ],
  "AnalyzeDocumentModelVersion": "1.0"
}