"'","'",
"'UCF","'As-spun T700 carbon fiber any oxidative treatment and sizing",
"'TCF","'T700 carbon fiber with oxidized surface",
"'SCF","'T700S carbon fiber with oxidized and epoxy sized surface (commercial product)",
"'UCFCNT","'CNT grown as-spun T700 carbon fiber",
"'TCFCNT","'CNT grown T700 carbon fiber with oxidized surface",
"'SF","'Neat CNT fiber",
,

'Confidence Scores % (Table Cell)
"'42.67578125","'47.41210938",
"'83.83789063","'93.16406250",
"'83.93554688","'93.31054688",
"'84.08203125","'93.45703125",
"'84.37500000","'93.75000000",
"'83.10546875","'92.38281250",
"'86.13281250","'95.75195313",
