{
  "DocumentMetadata": {
    "Pages": 1
  },
  "JobStatus": "SUCCEEDED",
  "Blocks": [
    {
      "BlockType": "PAGE",
      "Geometry": {
        "BoundingBox": {
          "Width": 0.6887520551681519,
          "Height": 0.5842350125312805,
          "Left": 0.15699544548988342,
          "Top": 0.19934801757335663
        },
        "Polygon": [
          {
            "X": 0.15699544548988342,
            "Y": 0.19934801757335663
          },
          {
            "X": 0.8443508148193359,
            "Y": 0.20017318427562714
          },
          {
            "X": 0.8457474708557129,
            "Y": 0.7835829854011536
          },
          {
            "X": 0.15806367993354797,
            "Y": 0.7833303809165955
          }
        ]
      },
      "Id": "7ca677b8-87af-4ca7-8bf1-dc5d2912e828",
      "Relationships": [
        {
          "Type": "CHILD",
          "Ids": [
            "3a94dc28-0a7a-4d65-ac15-ff18dff7f143",
            "1f1ea6ae-0be1-47c9-98b9-96344a6ad4eb",
            "d75a896e-b64d-489e-bbef-faa8e57a02eb",
            "fe9d427c-a4e0-4013-8668-3b8ef8f9bd45",
            "4b25a3ff-5e35-4b7c-9266-b5ff567af080",
            "f7a9f11f-cefc-4841-b11d-e3a86312f163",
            "ba8c0d41-0d24-43d2-9096-f86973209c48",
            "8d8114b9-86a0-4df2-91b0-922b4696cc31",
            "7e215ce3-e81e-4efe-8abc-0c2ff33bfcb9",
            "b87f0afb-045c-4dc2-9f26-3e7492c0f486",
            "8824b04e-8027-4ec9-a961-915c98cbf672",
            "63b2db93-90ae-488c-a8e0-275885373fcb",
            "bf99d19d-13ad-4ab8-913f-7a604f04aa7a",
            "c24b41c3-4b14-4951-8b91-6f415b5c1534",
            "b8d41fa1-4bde-4ae3-b51a-ee36ca37aadb",
            "7407f711-a716-4bc3-82ba-7eeac6ca2146",
            "3831c44e-68db-4492-8b17-1d434f172f12",
            "f414a74d-ae9a-4219-b110-eed6e4b0e686",
            "c07dc14d-be61-4ba2-bdc2-9931588b42c6",
            "59f84431-d701-43da-9a3f-4dbc7cf685f9",
            "77d1c805-bcd6-49f9-889b-32ff228e4d0d",
            "d1e82016-2249-4488-94e2-978e506d4965",
            "c77f31dd-fbe4-4ea8-86ea-208ffc73dabe",
            "ff794e3d-a4bf-48a8-ac76-1791929a1417",
            "7765b297-aa05-44dc-9667-ec617fa667b4",
            "5254d081-6a8f-4598-a576-2e86f405535b",
            "b20bbdef-7108-4099-a1a7-df9c3ddf013a",
            "15ea55d2-aa60-4c48-b7f5-fb9845e9cacd"
          ]
        }
      ],
      "Page": 1
    },
    {
      "BlockType": "LINE",
      "Confidence": 99.94639587402344,
      "Text": "Sample",
      "Geometry": {
        "BoundingBox": {
          "Width": 0.0527973435819149,
          "Height": 0.022617021575570107,
          "Left": 0.31673499941825867,
          "Top": 0.24531112611293793
        },
        "Polygon": [
          {
            "X": 0.31673499941825867,
            "Y": 0.24531112611293793
          },
          {
            "X": 0.36948713660240173,
            "Y": 0.245371013879776
          },
          {
            "X": 0.36953234672546387,
            "Y": 0.2679281532764435
          },
          {
            "X": 0.316779226064682,
            "Y": 0.2678699493408203
          }
        ]
      },
      "Id": "3a94dc28-0a7a-4d65-ac15-ff18dff7f143",
      "Relationships": [
        {
          "Type": "CHILD",
          "Ids": [
            "19f29af3-8437-4fe9-813f-8ff1e5eb5451"
          ]
        }
      ],
      "Page": 1
    },
    {
      "BlockType": "LINE",
      "Confidence": 99.36799621582031,
      "Text": "PEI-EP",
      "Geometry": {
        "BoundingBox": {
          "Width": 0.0529882088303566,
          "Height": 0.01704990863800049,
          "Left": 0.5738488435745239,
          "Top": 0.24595831334590912
        },
        "Polygon": [
          {
            "X": 0.5738488435745239,
            "Y": 0.24595831334590912
          },
          {
            "X": 0.626799464225769,
            "Y": 0.2460183948278427
          },
          {
            "X": 0.6268370747566223,
            "Y": 0.2630082368850708
          },
          {
            "X": 0.5738857984542847,
            "Y": 0.2629494369029999
          }
        ]
      },
      "Id": "1f1ea6ae-0be1-47c9-98b9-96344a6ad4eb",
      "Relationships": [
        {
          "Type": "CHILD",
          "Ids": [
            "f57db9e7-c3a6-43ca-a083-46170b5d348f"
          ]
        }
      ],
      "Page": 1
    },
    {
      "BlockType": "LINE",
      "Confidence": 99.23302459716797,
      "Text": "DPPEI-EP",
      "Geometry": {
        "BoundingBox": {
          "Width": 0.07567030191421509,
          "Height": 0.017350150272250175,
          "Left": 0.7253979444503784,
          "Top": 0.245585635304451
        },
        "Polygon": [
          {
            "X": 0.7253979444503784,
            "Y": 0.245585635304451
          },
          {
            "X": 0.8010275363922119,
            "Y": 0.24567151069641113
          },
          {
            "X": 0.8010682463645935,
            "Y": 0.2629357874393463
          },
          {
            "X": 0.725437581539154,
            "Y": 0.2628517746925354
          }
        ]
      },
      "Id": "d75a896e-b64d-489e-bbef-faa8e57a02eb",
      "Relationships": [
        {
          "Type": "CHILD",
          "Ids": [
            "5f29c5f7-0c7f-4231-82bd-732115a2b5c0"
          ]
        }
      ],
      "Page": 1
    },
    {
      "BlockType": "LINE",
      "Confidence": 99.72286987304688,
      "Text": "TTI (s)",
      "Geometry": {
        "BoundingBox": {
          "Width": 0.05089676380157471,
          "Height": 0.02187744900584221,
          "Left": 0.31725722551345825,
          "Top": 0.30835309624671936
        },
        "Polygon": [
          {
            "X": 0.31725722551345825,
            "Y": 0.30835309624671936
          },
          {
            "X": 0.3681102991104126,
            "Y": 0.3084062337875366
          },
          {
            "X": 0.36815398931503296,
            "Y": 0.3302305340766907
          },
          {
            "X": 0.317300021648407,
            "Y": 0.33017897605895996
          }
        ]
      },
      "Id": "fe9d427c-a4e0-4013-8668-3b8ef8f9bd45",
      "Relationships": [
        {
          "Type": "CHILD",
          "Ids": [
            "d75a955d-c5ab-401c-99af-1cbad32d33ab",
            "d3c87e0c-2732-42fc-b768-42f104b5c71f"
          ]
        }
      ],
      "Page": 1
    },
    {
      "BlockType": "LINE",
      "Confidence": 99.95565795898438,
      "Text": "58",
      "Geometry": {
        "BoundingBox": {
          "Width": 0.016838116571307182,
          "Height": 0.017671672627329826,
          "Left": 0.5915475487709045,
          "Top": 0.30834242701530457
        },
        "Polygon": [
          {
            "X": 0.5915475487709045,
            "Y": 0.30834242701530457
          },
          {
            "X": 0.6083468198776245,
            "Y": 0.3083600103855133
          },
          {
            "X": 0.6083856821060181,
            "Y": 0.32601410150527954
          },
          {
            "X": 0.591586172580719,
            "Y": 0.3259969651699066
          }
        ]
      },
      "Id": "4b25a3ff-5e35-4b7c-9266-b5ff567af080",
      "Relationships": [
        {
          "Type": "CHILD",
          "Ids": [
            "513863e5-a82c-49ff-a866-b5d8647aad38"
          ]
        }
      ],
      "Page": 1
    },
    {
      "BlockType": "LINE",
      "Confidence": 99.93524169921875,
      "Text": "47",
      "Geometry": {
        "BoundingBox": {
          "Width": 0.017866715788841248,
          "Height": 0.017439071089029312,
          "Left": 0.7538980841636658,
          "Top": 0.3084436357021332
        },
        "Polygon": [
          {
            "X": 0.7538980841636658,
            "Y": 0.3084436357021332
          },
          {
            "X": 0.7717241644859314,
            "Y": 0.3084622919559479
          },
          {
            "X": 0.7717648148536682,
            "Y": 0.3258827328681946
          },
          {
            "X": 0.7539384961128235,
            "Y": 0.3258645236492157
          }
        ]
      },
      "Id": "f7a9f11f-cefc-4841-b11d-e3a86312f163",
      "Relationships": [
        {
          "Type": "CHILD",
          "Ids": [
            "3d2424f9-fcc8-483a-9cc0-a7285fc2b725"
          ]
        }
      ],
      "Page": 1
    },
    {
      "BlockType": "LINE",
      "Confidence": 85.3152847290039,
      "Text": "Peak HRR (kW/m²)",
      "Geometry": {
        "BoundingBox": {
          "Width": 0.14069294929504395,
          "Height": 0.026593685150146484,
          "Left": 0.2724209725856781,
          "Top": 0.3656708896160126
        },
        "Polygon": [
          {
            "X": 0.2724209725856781,
            "Y": 0.3656708896160126
          },
          {
            "X": 0.4130599796772003,
            "Y": 0.36580637097358704
          },
          {
            "X": 0.41311392188072205,
            "Y": 0.39226457476615906
          },
          {
            "X": 0.27247190475463867,
            "Y": 0.3921343684196472
          }
        ]
      },
      "Id": "ba8c0d41-0d24-43d2-9096-f86973209c48",
      "Relationships": [
        {
          "Type": "CHILD",
          "Ids": [
            "07600a37-02b2-493c-9f3f-d286db5d33b7",
            "42148dcd-596f-450f-ad2a-8ec72885574e",
            "fc7da7b2-c0a4-4e3e-8da1-4c496e0275e3"
          ]
        }
      ],
      "Page": 1
    },
    {
      "BlockType": "LINE",
      "Confidence": 99.96659851074219,
      "Text": "1770",
      "Geometry": {
        "BoundingBox": {
          "Width": 0.03384820371866226,
          "Height": 0.017640510573983192,
          "Left": 0.5841483473777771,
          "Top": 0.3706372082233429
        },
        "Polygon": [
          {
            "X": 0.5841483473777771,
            "Y": 0.3706372082233429
          },
          {
            "X": 0.6179577112197876,
            "Y": 0.37066954374313354
          },
          {
            "X": 0.6179965734481812,
            "Y": 0.38827770948410034
          },
          {
            "X": 0.5841867327690125,
            "Y": 0.38824623823165894
          }
        ]
      },
      "Id": "8d8114b9-86a0-4df2-91b0-922b4696cc31",
      "Relationships": [
        {
          "Type": "CHILD",
          "Ids": [
            "3a4883eb-dad3-48a8-93a1-fed62fd67c46"
          ]
        }
      ],
      "Page": 1
    },
    {
      "BlockType": "LINE",
      "Confidence": 99.9841537475586,
      "Text": "645",
      "Geometry": {
        "BoundingBox": {
          "Width": 0.02583354152739048,
          "Height": 0.01791531778872013,
          "Left": 0.7500699162483215,
          "Top": 0.37029829621315
        },
        "Polygon": [
          {
            "X": 0.7500699162483215,
            "Y": 0.37029829621315
          },
          {
            "X": 0.7758616209030151,
            "Y": 0.3703230023384094
          },
          {
            "X": 0.7759034633636475,
            "Y": 0.3882136046886444
          },
          {
            "X": 0.7501113414764404,
            "Y": 0.3881895840167999
          }
        ]
      },
      "Id": "7e215ce3-e81e-4efe-8abc-0c2ff33bfcb9",
      "Relationships": [
        {
          "Type": "CHILD",
          "Ids": [
            "2e6d6976-357a-4318-87cd-02b15f853889"
          ]
        }
      ],
      "Page": 1
    },
    {
      "BlockType": "LINE",
      "Confidence": 99.8177261352539,
      "Text": "Time to PHRR (s)",
      "Geometry": {
        "BoundingBox": {
          "Width": 0.12872660160064697,
          "Height": 0.021620770916342735,
          "Left": 0.2783093750476837,
          "Top": 0.43280482292175293
        },
        "Polygon": [
          {
            "X": 0.2783093750476837,
            "Y": 0.43280482292175293
          },
          {
            "X": 0.40699219703674316,
            "Y": 0.43291646242141724
          },
          {
            "X": 0.4070359468460083,
            "Y": 0.454425573348999
          },
          {
            "X": 0.2783508598804474,
            "Y": 0.4543178975582123
          }
        ]
      },
      "Id": "b87f0afb-045c-4dc2-9f26-3e7492c0f486",
      "Relationships": [
        {
          "Type": "CHILD",
          "Ids": [
            "71f81d99-118f-4889-bba8-3b37b64a8840",
            "d41604dd-e1f0-4bac-a357-ad96a16306ed",
            "72b391eb-2c5a-497e-a33b-db1aec26cb34",
            "799dece5-da10-4dd2-8624-289e2c710393"
          ]
        }
      ],
      "Page": 1
    },
    {
      "BlockType": "LINE",
      "Confidence": 99.95462036132812,
      "Text": "115",
      "Geometry": {
        "BoundingBox": {
          "Width": 0.023453138768672943,
          "Height": 0.01744535192847252,
          "Left": 0.5892431139945984,
          "Top": 0.4328545331954956
        },
        "Polygon": [
          {
            "X": 0.5892431139945984,
            "Y": 0.4328545331954956
          },
          {
            "X": 0.612657904624939,
            "Y": 0.432874858379364
          },
          {
            "X": 0.6126962900161743,
            "Y": 0.4502998888492584
          },
          {
            "X": 0.5892812013626099,
            "Y": 0.45028015971183777
          }
        ]
      },
      "Id": "8824b04e-8027-4ec9-a961-915c98cbf672",
      "Relationships": [
        {
          "Type": "CHILD",
          "Ids": [
            "c00fb484-785c-4383-a570-0696de5a956d"
          ]
        }
      ],
      "Page": 1
    },
    {
      "BlockType": "LINE",
      "Confidence": 99.9635009765625,
      "Text": "77",
      "Geometry": {
        "BoundingBox": {
          "Width": 0.017570722848176956,
          "Height": 0.01756465435028076,
          "Left": 0.7543317675590515,
          "Top": 0.43295717239379883
        },
        "Polygon": [
          {
            "X": 0.7543317675590515,
            "Y": 0.43295717239379883
          },
          {
            "X": 0.7718615531921387,
            "Y": 0.43297237157821655
          },
          {
            "X": 0.7719025015830994,
            "Y": 0.4505218267440796
          },
          {
            "X": 0.7543724775314331,
            "Y": 0.4505070447921753
          }
        ]
      },
      "Id": "63b2db93-90ae-488c-a8e0-275885373fcb",
      "Relationships": [
        {
          "Type": "CHILD",
          "Ids": [
            "e6006ce0-58ca-4760-8e4c-60e0fb8004d8"
          ]
        }
      ],
      "Page": 1
    },
    {
      "BlockType": "LINE",
      "Confidence": 74.2043228149414,
      "Text": "FGR (kW/m2.s)",
      "Geometry": {
        "BoundingBox": {
          "Width": 0.11182945221662521,
          "Height": 0.027642445638775826,
          "Left": 0.2867656350135803,
          "Top": 0.48838862776756287
        },
        "Polygon": [
          {
            "X": 0.2867656350135803,
            "Y": 0.48838862776756287
          },
          {
            "X": 0.3985392451286316,
            "Y": 0.4884767532348633
          },
          {
            "X": 0.39859509468078613,
            "Y": 0.5160310864448547
          },
          {
            "X": 0.2868189811706543,
            "Y": 0.5159474015235901
          }
        ]
      },
      "Id": "bf99d19d-13ad-4ab8-913f-7a604f04aa7a",
      "Relationships": [
        {
          "Type": "CHILD",
          "Ids": [
            "137593cc-13cc-4fcf-8b3e-a5dc76e3df12",
            "6441e58a-0746-4042-9ffa-785464f7505b"
          ]
        }
      ],
      "Page": 1
    },
    {
      "BlockType": "LINE",
      "Confidence": 99.90542602539062,
      "Text": "15.4",
      "Geometry": {
        "BoundingBox": {
          "Width": 0.029270773753523827,
          "Height": 0.01757945492863655,
          "Left": 0.5868311524391174,
          "Top": 0.49434512853622437
        },
        "Polygon": [
          {
            "X": 0.5868311524391174,
            "Y": 0.49434512853622437
          },
          {
            "X": 0.6160631775856018,
            "Y": 0.49436795711517334
          },
          {
            "X": 0.6161019206047058,
            "Y": 0.5119245648384094
          },
          {
            "X": 0.586869478225708,
            "Y": 0.5119025111198425
          }
        ]
      },
      "Id": "c24b41c3-4b14-4951-8b91-6f415b5c1534",
      "Relationships": [
        {
          "Type": "CHILD",
          "Ids": [
            "ba6802f6-203f-401d-8ddd-53255f90c6e0"
          ]
        }
      ],
      "Page": 1
    },
    {
      "BlockType": "LINE",
      "Confidence": 99.10128784179688,
      "Text": "8.4",
      "Geometry": {
        "BoundingBox": {
          "Width": 0.021858174353837967,
          "Height": 0.017766684293746948,
          "Left": 0.7527875304222107,
          "Top": 0.4942350387573242
        },
        "Polygon": [
          {
            "X": 0.7527875304222107,
            "Y": 0.4942350387573242
          },
          {
            "X": 0.7746042013168335,
            "Y": 0.49425208568573
          },
          {
            "X": 0.7746456861495972,
            "Y": 0.5120017528533936
          },
          {
            "X": 0.7528286576271057,
            "Y": 0.5119852423667908
          }
        ]
      },
      "Id": "b8d41fa1-4bde-4ae3-b51a-ee36ca37aadb",
      "Relationships": [
        {
          "Type": "CHILD",
          "Ids": [
            "72c94e90-db6d-4c7e-aad4-126bf5e89375"
          ]
        }
      ],
      "Page": 1
    },
    {
      "BlockType": "LINE",
      "Confidence": 81.12353515625,
      "Text": "THR (MJ/m²)",
      "Geometry": {
        "BoundingBox": {
          "Width": 0.09864214062690735,
          "Height": 0.026011332869529724,
          "Left": 0.2933427691459656,
          "Top": 0.5520582795143127
        },
        "Polygon": [
          {
            "X": 0.2933427691459656,
            "Y": 0.5520582795143127
          },
          {
            "X": 0.3919324576854706,
            "Y": 0.5521270036697388
          },
          {
            "X": 0.3919849097728729,
            "Y": 0.5780695676803589
          },
          {
            "X": 0.2933931350708008,
            "Y": 0.5780044794082642
          }
        ]
      },
      "Id": "7407f711-a716-4bc3-82ba-7eeac6ca2146",
      "Relationships": [
        {
          "Type": "CHILD",
          "Ids": [
            "80a5b22c-770f-4f30-bad2-9bf2d5c11bc8",
            "e5dd07f7-e628-4b6c-b1b6-af2789ec5fc8"
          ]
        }
      ],
      "Page": 1
    },
    {
      "BlockType": "LINE",
      "Confidence": 99.94252014160156,
      "Text": "98.5",
      "Geometry": {
        "BoundingBox": {
          "Width": 0.03043435886502266,
          "Height": 0.01775830239057541,
          "Left": 0.58498215675354,
          "Top": 0.5565605759620667
        },
        "Polygon": [
          {
            "X": 0.58498215675354,
            "Y": 0.5565605759620667
          },
          {
            "X": 0.6153774261474609,
            "Y": 0.5565816164016724
          },
          {
            "X": 0.6154165267944336,
            "Y": 0.5743188858032227
          },
          {
            "X": 0.5850208401679993,
            "Y": 0.574298620223999
          }
        ]
      },
      "Id": "3831c44e-68db-4492-8b17-1d434f172f12",
      "Relationships": [
        {
          "Type": "CHILD",
          "Ids": [
            "e5ce840c-001a-4cb9-b98b-959930f561ca"
          ]
        }
      ],
      "Page": 1
    },
    {
      "BlockType": "LINE",
      "Confidence": 99.97156524658203,
      "Text": "30.0",
      "Geometry": {
        "BoundingBox": {
          "Width": 0.031009171158075333,
          "Height": 0.01786300353705883,
          "Left": 0.7479702830314636,
          "Top": 0.5565151572227478
        },
        "Polygon": [
          {
            "X": 0.7479702830314636,
            "Y": 0.5565151572227478
          },
          {
            "X": 0.7789376974105835,
            "Y": 0.5565365552902222
          },
          {
            "X": 0.7789794206619263,
            "Y": 0.5743781924247742
          },
          {
            "X": 0.7480115294456482,
            "Y": 0.5743575692176819
          }
        ]
      },
      "Id": "f414a74d-ae9a-4219-b110-eed6e4b0e686",
      "Relationships": [
        {
          "Type": "CHILD",
          "Ids": [
            "3a16e116-7e47-4b38-8a3a-a35b4b1e6914"
          ]
        }
      ],
      "Page": 1
    },
    {
      "BlockType": "LINE",
      "Confidence": 78.24380493164062,
      "Text": "Peak SPR (m ²/s)",
      "Geometry": {
        "BoundingBox": {
          "Width": 0.11760316044092178,
          "Height": 0.027177846059203148,
          "Left": 0.28399378061294556,
          "Top": 0.6129666566848755
        },
        "Polygon": [
          {
            "X": 0.28399378061294556,
            "Y": 0.6129666566848755
          },
          {
            "X": 0.40154194831848145,
            "Y": 0.6130384206771851
          },
          {
            "X": 0.40159693360328674,
            "Y": 0.6401444673538208
          },
          {
            "X": 0.2840462028980255,
            "Y": 0.6400772929191589
          }
        ]
      },
      "Id": "c07dc14d-be61-4ba2-bdc2-9931588b42c6",
      "Relationships": [
        {
          "Type": "CHILD",
          "Ids": [
            "881e537f-a798-4a94-9136-6db0b021b823",
            "c6281ff2-6d2e-48eb-82b1-5785d9387ec8",
            "50db2d65-f246-4221-b862-f43aa9b22520"
          ]
        }
      ],
      "Page": 1
    },
    {
      "BlockType": "LINE",
      "Confidence": 99.52058410644531,
      "Text": "1.253",
      "Geometry": {
        "BoundingBox": {
          "Width": 0.03729719668626785,
          "Height": 0.017424792051315308,
          "Left": 0.5820808410644531,
          "Top": 0.61897873878479
        },
        "Polygon": [
          {
            "X": 0.5820808410644531,
            "Y": 0.61897873878479
          },
          {
            "X": 0.6193395853042603,
            "Y": 0.6190011501312256
          },
          {
            "X": 0.6193780303001404,
            "Y": 0.636403501033783
          },
          {
            "X": 0.5821187496185303,
            "Y": 0.636381983757019
          }
        ]
      },
      "Id": "59f84431-d701-43da-9a3f-4dbc7cf685f9",
      "Relationships": [
        {
          "Type": "CHILD",
          "Ids": [
            "32999490-0a40-499e-a777-4ab7680b50b2"
          ]
        }
      ],
      "Page": 1
    },
    {
      "BlockType": "LINE",
      "Confidence": 99.94564819335938,
      "Text": "0.565",
      "Geometry": {
        "BoundingBox": {
          "Width": 0.03951709717512131,
          "Height": 0.017897242680191994,
          "Left": 0.7434403300285339,
          "Top": 0.6187067627906799
        },
        "Polygon": [
          {
            "X": 0.7434403300285339,
            "Y": 0.6187067627906799
          },
          {
            "X": 0.7829155325889587,
            "Y": 0.6187305450439453
          },
          {
            "X": 0.7829574346542358,
            "Y": 0.6366040110588074
          },
          {
            "X": 0.7434816360473633,
            "Y": 0.6365811824798584
          }
        ]
      },
      "Id": "77d1c805-bcd6-49f9-889b-32ff228e4d0d",
      "Relationships": [
        {
          "Type": "CHILD",
          "Ids": [
            "841bc77f-0e9d-4d62-9683-b30246834d70"
          ]
        }
      ],
      "Page": 1
    },
    {
      "BlockType": "LINE",
      "Confidence": 73.23352813720703,
      "Text": "TSP (m²)",
      "Geometry": {
        "BoundingBox": {
          "Width": 0.06524670124053955,
          "Height": 0.025980135425925255,
          "Left": 0.30985039472579956,
          "Top": 0.6759660243988037
        },
        "Polygon": [
          {
            "X": 0.30985039472579956,
            "Y": 0.6759660243988037
          },
          {
            "X": 0.3750450015068054,
            "Y": 0.6759999394416809
          },
          {
            "X": 0.3750970959663391,
            "Y": 0.7019461393356323
          },
          {
            "X": 0.3099011182785034,
            "Y": 0.7019146084785461
          }
        ]
      },
      "Id": "d1e82016-2249-4488-94e2-978e506d4965",
      "Relationships": [
        {
          "Type": "CHILD",
          "Ids": [
            "318341dc-4c46-49a3-b828-c0e98e7f2fe7",
            "127325c7-bdcf-4794-affb-5079042bd0a2"
          ]
        }
      ],
      "Page": 1
    },
    {
      "BlockType": "LINE",
      "Confidence": 99.96588134765625,
      "Text": "145.3",
      "Geometry": {
        "BoundingBox": {
          "Width": 0.03764135763049126,
          "Height": 0.017657794058322906,
          "Left": 0.5819663405418396,
          "Top": 0.6804481148719788
        },
        "Polygon": [
          {
            "X": 0.5819663405418396,
            "Y": 0.6804481148719788
          },
          {
            "X": 0.6195687651634216,
            "Y": 0.6804674863815308
          },
          {
            "X": 0.61960768699646,
            "Y": 0.6981059312820435
          },
          {
            "X": 0.5820047855377197,
            "Y": 0.6980875134468079
          }
        ]
      },
      "Id": "c77f31dd-fbe4-4ea8-86ea-208ffc73dabe",
      "Relationships": [
        {
          "Type": "CHILD",
          "Ids": [
            "107c07b9-3d4c-4f1f-b2f7-794d6ba74bef"
          ]
        }
      ],
      "Page": 1
    },
    {
      "BlockType": "LINE",
      "Confidence": 99.88594055175781,
      "Text": "31.6",
      "Geometry": {
        "BoundingBox": {
          "Width": 0.030964570119976997,
          "Height": 0.01805904507637024,
          "Left": 0.7479923963546753,
          "Top": 0.6800949573516846
        },
        "Polygon": [
          {
            "X": 0.7479923963546753,
            "Y": 0.6800949573516846
          },
          {
            "X": 0.778914749622345,
            "Y": 0.6801108717918396
          },
          {
            "X": 0.7789570093154907,
            "Y": 0.6981539726257324
          },
          {
            "X": 0.7480341792106628,
            "Y": 0.6981388330459595
          }
        ]
      },
      "Id": "ff794e3d-a4bf-48a8-ac76-1791929a1417",
      "Relationships": [
        {
          "Type": "CHILD",
          "Ids": [
            "054daca2-3ca9-4604-a5db-5f603687b2f8"
          ]
        }
      ],
      "Page": 1
    },
    {
      "BlockType": "LINE",
      "Confidence": 99.73640441894531,
      "Text": "Residue (%)",
      "Geometry": {
        "BoundingBox": {
          "Width": 0.08744294196367264,
          "Height": 0.02143450826406479,
          "Left": 0.2992754578590393,
          "Top": 0.7424982786178589
        },
        "Polygon": [
          {
            "X": 0.2992754578590393,
            "Y": 0.7424982786178589
          },
          {
            "X": 0.38667523860931396,
            "Y": 0.7425354719161987
          },
          {
            "X": 0.38671839237213135,
            "Y": 0.7639327645301819
          },
          {
            "X": 0.2993170917034149,
            "Y": 0.7638982534408569
          }
        ]
      },
      "Id": "7765b297-aa05-44dc-9667-ec617fa667b4",
      "Relationships": [
        {
          "Type": "CHILD",
          "Ids": [
            "dd8bb568-b67c-4237-800c-561e3343179d",
            "b970b1af-881b-493e-a53b-71f0b24e689d"
          ]
        }
      ],
      "Page": 1
    },
    {
      "BlockType": "LINE",
      "Confidence": 99.50365447998047,
      "Text": "3.2",
      "Geometry": {
        "BoundingBox": {
          "Width": 0.02221551164984703,
          "Height": 0.017575396224856377,
          "Left": 0.5891420841217041,
          "Top": 0.7426633834838867
        },
        "Polygon": [
          {
            "X": 0.5891420841217041,
            "Y": 0.7426633834838867
          },
          {
            "X": 0.6113188862800598,
            "Y": 0.742672860622406
          },
          {
            "X": 0.611357569694519,
            "Y": 0.7602388262748718
          },
          {
            "X": 0.5891804099082947,
            "Y": 0.7602299451828003
          }
        ]
      },
      "Id": "5254d081-6a8f-4598-a576-2e86f405535b",
      "Relationships": [
        {
          "Type": "CHILD",
          "Ids": [
            "b8c323f8-2b26-4988-b3df-8470e89ffb4d"
          ]
        }
      ],
      "Page": 1
    },
    {
      "BlockType": "LINE",
      "Confidence": 99.95950317382812,
      "Text": "15.0",
      "Geometry": {
        "BoundingBox": {
          "Width": 0.029912615194916725,
          "Height": 0.018229052424430847,
          "Left": 0.7493041157722473,
          "Top": 0.7424159646034241
        },
        "Polygon": [
          {
            "X": 0.7493041157722473,
            "Y": 0.7424159646034241
          },
          {
            "X": 0.7791741490364075,
            "Y": 0.742428719997406
          },
          {
            "X": 0.7792167067527771,
            "Y": 0.7606450319290161
          },
          {
            "X": 0.7493463158607483,
            "Y": 0.760633111000061
          }
        ]
      },
      "Id": "b20bbdef-7108-4099-a1a7-df9c3ddf013a",
      "Relationships": [
        {
          "Type": "CHILD",
          "Ids": [
            "44fc58e6-816b-4a23-be05-4160fc7efaca"
          ]
        }
      ],
      "Page": 1
    },
    {
      "BlockType": "WORD",
      "Confidence": 99.94639587402344,
      "Text": "Sample",
      "TextType": "PRINTED",
      "Geometry": {
        "BoundingBox": {
          "Width": 0.0527973435819149,
          "Height": 0.022617021575570107,
          "Left": 0.31673499941825867,
          "Top": 0.24531112611293793
        },
        "Polygon": [
          {
            "X": 0.31673499941825867,
            "Y": 0.24531112611293793
          },
          {
            "X": 0.36948713660240173,
            "Y": 0.245371013879776
          },
          {
            "X": 0.36953234672546387,
            "Y": 0.2679281532764435
          },
          {
            "X": 0.316779226064682,
            "Y": 0.2678699493408203
          }
        ]
      },
      "Id": "19f29af3-8437-4fe9-813f-8ff1e5eb5451",
      "Page": 1
    },
    {
      "BlockType": "WORD",
      "Confidence": 99.36799621582031,
      "Text": "PEI-EP",
      "TextType": "PRINTED",
      "Geometry": {
        "BoundingBox": {
          "Width": 0.0529882088303566,
          "Height": 0.01704990863800049,
          "Left": 0.5738488435745239,
          "Top": 0.24595831334590912
        },
        "Polygon": [
          {
            "X": 0.5738488435745239,
            "Y": 0.24595831334590912
          },
          {
            "X": 0.626799464225769,
            "Y": 0.2460183948278427
          },
          {
            "X": 0.6268370747566223,
            "Y": 0.2630082368850708
          },
          {
            "X": 0.5738857984542847,
            "Y": 0.2629494369029999
          }
        ]
      },
      "Id": "f57db9e7-c3a6-43ca-a083-46170b5d348f",
      "Page": 1
    },
    {
      "BlockType": "WORD",
      "Confidence": 99.23302459716797,
      "Text": "DPPEI-EP",
      "TextType": "PRINTED",
      "Geometry": {
        "BoundingBox": {
          "Width": 0.07567030191421509,
          "Height": 0.017350150272250175,
          "Left": 0.7253979444503784,
          "Top": 0.245585635304451
        },
        "Polygon": [
          {
            "X": 0.7253979444503784,
            "Y": 0.245585635304451
          },
          {
            "X": 0.8010275363922119,
            "Y": 0.24567151069641113
          },
          {
            "X": 0.8010682463645935,
            "Y": 0.2629357874393463
          },
          {
            "X": 0.725437581539154,
            "Y": 0.2628517746925354
          }
        ]
      },
      "Id": "5f29c5f7-0c7f-4231-82bd-732115a2b5c0",
      "Page": 1
    },
    {
      "BlockType": "WORD",
      "Confidence": 99.78620147705078,
      "Text": "TTI",
      "TextType": "PRINTED",
      "Geometry": {
        "BoundingBox": {
          "Width": 0.02861482836306095,
          "Height": 0.01733686774969101,
          "Left": 0.31725797057151794,
          "Top": 0.30872687697410583
        },
        "Polygon": [
          {
            "X": 0.31725797057151794,
            "Y": 0.30872687697410583
          },
          {
            "X": 0.3458384573459625,
            "Y": 0.3087567389011383
          },
          {
            "X": 0.34587278962135315,
            "Y": 0.32606375217437744
          },
          {
            "X": 0.31729191541671753,
            "Y": 0.3260346055030823
          }
        ]
      },
      "Id": "d75a955d-c5ab-401c-99af-1cbad32d33ab",
      "Page": 1
    },
    {
      "BlockType": "WORD",
      "Confidence": 99.6595230102539,
      "Text": "(s)",
      "TextType": "PRINTED",
      "Geometry": {
        "BoundingBox": {
          "Width": 0.017467912286520004,
          "Height": 0.021842509508132935,
          "Left": 0.35068610310554504,
          "Top": 0.30838802456855774
        },
        "Polygon": [
          {
            "X": 0.35068610310554504,
            "Y": 0.30838802456855774
          },
          {
            "X": 0.3681102991104126,
            "Y": 0.3084062337875366
          },
          {
            "X": 0.36815398931503296,
            "Y": 0.3302305340766907
          },
          {
            "X": 0.35072949528694153,
            "Y": 0.33021286129951477
          }
        ]
      },
      "Id": "d3c87e0c-2732-42fc-b768-42f104b5c71f",
      "Page": 1
    },
    {
      "BlockType": "WORD",
      "Confidence": 99.95565795898438,
      "Text": "58",
      "TextType": "PRINTED",
      "Geometry": {
        "BoundingBox": {
          "Width": 0.016838116571307182,
          "Height": 0.017671672627329826,
          "Left": 0.5915475487709045,
          "Top": 0.30834242701530457
        },
        "Polygon": [
          {
            "X": 0.5915475487709045,
            "Y": 0.30834242701530457
          },
          {
            "X": 0.6083468198776245,
            "Y": 0.3083600103855133
          },
          {
            "X": 0.6083856821060181,
            "Y": 0.32601410150527954
          },
          {
            "X": 0.591586172580719,
            "Y": 0.3259969651699066
          }
        ]
      },
      "Id": "513863e5-a82c-49ff-a866-b5d8647aad38",
      "Page": 1
    },
    {
      "BlockType": "WORD",
      "Confidence": 99.93524169921875,
      "Text": "47",
      "TextType": "PRINTED",
      "Geometry": {
        "BoundingBox": {
          "Width": 0.017866715788841248,
          "Height": 0.017439071089029312,
          "Left": 0.7538980841636658,
          "Top": 0.3084436357021332
        },
        "Polygon": [
          {
            "X": 0.7538980841636658,
            "Y": 0.3084436357021332
          },
          {
            "X": 0.7717241644859314,
            "Y": 0.3084622919559479
          },
          {
            "X": 0.7717648148536682,
            "Y": 0.3258827328681946
          },
          {
            "X": 0.7539384961128235,
            "Y": 0.3258645236492157
          }
        ]
      },
      "Id": "3d2424f9-fcc8-483a-9cc0-a7285fc2b725",
      "Page": 1
    },
    {
      "BlockType": "WORD",
      "Confidence": 99.9705581665039,
      "Text": "Peak",
      "TextType": "PRINTED",
      "Geometry": {
        "BoundingBox": {
          "Width": 0.034708306193351746,
          "Height": 0.017562834545969963,
          "Left": 0.27243027091026306,
          "Top": 0.37049901485443115
        },
        "Polygon": [
          {
            "X": 0.27243027091026306,
            "Y": 0.37049901485443115
          },
          {
            "X": 0.30710434913635254,
            "Y": 0.37053218483924866
          },
          {
            "X": 0.307138592004776,
            "Y": 0.38806185126304626
          },
          {
            "X": 0.27246400713920593,
            "Y": 0.388029545545578
          }
        ]
      },
      "Id": "07600a37-02b2-493c-9f3f-d286db5d33b7",
      "Page": 1
    },
    {
      "BlockType": "WORD",
      "Confidence": 99.79216003417969,
      "Text": "HRR",
      "TextType": "PRINTED",
      "Geometry": {
        "BoundingBox": {
          "Width": 0.036335527896881104,
          "Height": 0.017637697979807854,
          "Left": 0.31110748648643494,
          "Top": 0.37053820490837097
        },
        "Polygon": [
          {
            "X": 0.31110748648643494,
            "Y": 0.37053820490837097
          },
          {
            "X": 0.3474080562591553,
            "Y": 0.37057292461395264
          },
          {
            "X": 0.34744301438331604,
            "Y": 0.3881758749485016
          },
          {
            "X": 0.3111419081687927,
            "Y": 0.38814207911491394
          }
        ]
      },
      "Id": "42148dcd-596f-450f-ad2a-8ec72885574e",
      "Page": 1
    },
    {
      "BlockType": "WORD",
      "Confidence": 56.183128356933594,
      "Text": "(kW/m²)",
      "TextType": "PRINTED",
      "Geometry": {
        "BoundingBox": {
          "Width": 0.06074192002415657,
          "Height": 0.026516662910580635,
          "Left": 0.35237202048301697,
          "Top": 0.3657478988170624
        },
        "Polygon": [
          {
            "X": 0.35237202048301697,
            "Y": 0.3657478988170624
          },
          {
            "X": 0.4130599796772003,
            "Y": 0.36580637097358704
          },
          {
            "X": 0.41311392188072205,
            "Y": 0.39226457476615906
          },
          {
            "X": 0.35242465138435364,
            "Y": 0.39220839738845825
          }
        ]
      },
      "Id": "fc7da7b2-c0a4-4e3e-8da1-4c496e0275e3",
      "Page": 1
    },
    {
      "BlockType": "WORD",
      "Confidence": 99.96659851074219,
      "Text": "1770",
      "TextType": "PRINTED",
      "Geometry": {
        "BoundingBox": {
          "Width": 0.03384820371866226,
          "Height": 0.017640510573983192,
          "Left": 0.5841483473777771,
          "Top": 0.3706372082233429
        },
        "Polygon": [
          {
            "X": 0.5841483473777771,
            "Y": 0.3706372082233429
          },
          {
            "X": 0.6179577112197876,
            "Y": 0.37066954374313354
          },
          {
            "X": 0.6179965734481812,
            "Y": 0.38827770948410034
          },
          {
            "X": 0.5841867327690125,
            "Y": 0.38824623823165894
          }
        ]
      },
      "Id": "3a4883eb-dad3-48a8-93a1-fed62fd67c46",
      "Page": 1
    },
    {
      "BlockType": "WORD",
      "Confidence": 99.9841537475586,
      "Text": "645",
      "TextType": "PRINTED",
      "Geometry": {
        "BoundingBox": {
          "Width": 0.02583354152739048,
          "Height": 0.01791531778872013,
          "Left": 0.7500699162483215,
          "Top": 0.37029829621315
        },
        "Polygon": [
          {
            "X": 0.7500699162483215,
            "Y": 0.37029829621315
          },
          {
            "X": 0.7758616209030151,
            "Y": 0.3703230023384094
          },
          {
            "X": 0.7759034633636475,
            "Y": 0.3882136046886444
          },
          {
            "X": 0.7501113414764404,
            "Y": 0.3881895840167999
          }
        ]
      },
      "Id": "2e6d6976-357a-4318-87cd-02b15f853889",
      "Page": 1
    },
    {
      "BlockType": "WORD",
      "Confidence": 99.96748352050781,
      "Text": "Time",
      "TextType": "PRINTED",
      "Geometry": {
        "BoundingBox": {
          "Width": 0.0368659608066082,
          "Height": 0.017756622284650803,
          "Left": 0.2783093750476837,
          "Top": 0.43280482292175293
        },
        "Polygon": [
          {
            "X": 0.2783093750476837,
            "Y": 0.43280482292175293
          },
          {
            "X": 0.31514060497283936,
            "Y": 0.43283677101135254
          },
          {
            "X": 0.315175324678421,
            "Y": 0.45056143403053284
          },
          {
            "X": 0.2783435583114624,
            "Y": 0.45053040981292725
          }
        ]
      },
      "Id": "71f81d99-118f-4889-bba8-3b37b64a8840",
      "Page": 1
    },
    {
      "BlockType": "WORD",
      "Confidence": 99.99140167236328,
      "Text": "to",
      "TextType": "PRINTED",
      "Geometry": {
        "BoundingBox": {
          "Width": 0.014070015400648117,
          "Height": 0.014945251867175102,
          "Left": 0.3194006681442261,
          "Top": 0.43538427352905273
        },
        "Polygon": [
          {
            "X": 0.3194006681442261,
            "Y": 0.43538427352905273
          },
          {
            "X": 0.33344119787216187,
            "Y": 0.4353964030742645
          },
          {
            "X": 0.3334706723690033,
            "Y": 0.4503295421600342
          },
          {
            "X": 0.3194299638271332,
            "Y": 0.45031771063804626
          }
        ]
      },
      "Id": "d41604dd-e1f0-4bac-a357-ad96a16306ed",
      "Page": 1
    },
    {
      "BlockType": "WORD",
      "Confidence": 99.67674255371094,
      "Text": "PHRR",
      "TextType": "PRINTED",
      "Geometry": {
        "BoundingBox": {
          "Width": 0.04638797789812088,
          "Height": 0.017842648550868034,
          "Left": 0.33808550238609314,
          "Top": 0.4329602122306824
        },
        "Polygon": [
          {
            "X": 0.33808550238609314,
            "Y": 0.4329602122306824
          },
          {
            "X": 0.38443759083747864,
            "Y": 0.4330004155635834
          },
          {
            "X": 0.3844734728336334,
            "Y": 0.45080286264419556
          },
          {
            "X": 0.338120698928833,
            "Y": 0.45076385140419006
          }
        ]
      },
      "Id": "72b391eb-2c5a-497e-a33b-db1aec26cb34",
      "Page": 1
    },
    {
      "BlockType": "WORD",
      "Confidence": 99.63528442382812,
      "Text": "(s)",
      "TextType": "PRINTED",
      "Geometry": {
        "BoundingBox": {
          "Width": 0.01799294725060463,
          "Height": 0.021427150815725327,
          "Left": 0.38904300332069397,
          "Top": 0.4329984188079834
        },
        "Polygon": [
          {
            "X": 0.38904300332069397,
            "Y": 0.4329984188079834
          },
          {
            "X": 0.4069924056529999,
            "Y": 0.43301400542259216
          },
          {
            "X": 0.4070359468460083,
            "Y": 0.454425573348999
          },
          {
            "X": 0.3890862464904785,
            "Y": 0.4544105529785156
          }
        ]
      },
      "Id": "799dece5-da10-4dd2-8624-289e2c710393",
      "Page": 1
    },
    {
      "BlockType": "WORD",
      "Confidence": 99.95462036132812,
      "Text": "115",
      "TextType": "PRINTED",
      "Geometry": {
        "BoundingBox": {
          "Width": 0.023453138768672943,
          "Height": 0.01744535192847252,
          "Left": 0.5892431139945984,
          "Top": 0.4328545331954956
        },
        "Polygon": [
          {
            "X": 0.5892431139945984,
            "Y": 0.4328545331954956
          },
          {
            "X": 0.612657904624939,
            "Y": 0.432874858379364
          },
          {
            "X": 0.6126962900161743,
            "Y": 0.4502998888492584
          },
          {
            "X": 0.5892812013626099,
            "Y": 0.45028015971183777
          }
        ]
      },
      "Id": "c00fb484-785c-4383-a570-0696de5a956d",
      "Page": 1
    },
    {
      "BlockType": "WORD",
      "Confidence": 99.9635009765625,
      "Text": "77",
      "TextType": "PRINTED",
      "Geometry": {
        "BoundingBox": {
          "Width": 0.017570722848176956,
          "Height": 0.01756465435028076,
          "Left": 0.7543317675590515,
          "Top": 0.43295717239379883
        },
        "Polygon": [
          {
            "X": 0.7543317675590515,
            "Y": 0.43295717239379883
          },
          {
            "X": 0.7718615531921387,
            "Y": 0.43297237157821655
          },
          {
            "X": 0.7719025015830994,
            "Y": 0.4505218267440796
          },
          {
            "X": 0.7543724775314331,
            "Y": 0.4505070447921753
          }
        ]
      },
      "Id": "e6006ce0-58ca-4760-8e4c-60e0fb8004d8",
      "Page": 1
    },
    {
      "BlockType": "WORD",
      "Confidence": 99.6321792602539,
      "Text": "FGR",
      "TextType": "PRINTED",
      "Geometry": {
        "BoundingBox": {
          "Width": 0.034020114690065384,
          "Height": 0.01792711578309536,
          "Left": 0.2867768704891205,
          "Top": 0.49418509006500244
        },
        "Polygon": [
          {
            "X": 0.2867768704891205,
            "Y": 0.49418509006500244
          },
          {
            "X": 0.3207618296146393,
            "Y": 0.4942115843296051
          },
          {
            "X": 0.3207969665527344,
            "Y": 0.5121122002601624
          },
          {
            "X": 0.286811500787735,
            "Y": 0.5120865702629089
          }
        ]
      },
      "Id": "137593cc-13cc-4fcf-8b3e-a5dc76e3df12",
      "Page": 1
    },
    {
      "BlockType": "WORD",
      "Confidence": 48.776458740234375,
      "Text": "(kW/m2.s)",
      "TextType": "PRINTED",
      "Geometry": {
        "BoundingBox": {
          "Width": 0.07267748564481735,
          "Height": 0.027611583471298218,
          "Left": 0.3259176015853882,
          "Top": 0.4884195029735565
        },
        "Polygon": [
          {
            "X": 0.3259176015853882,
            "Y": 0.4884195029735565
          },
          {
            "X": 0.3985392451286316,
            "Y": 0.4884767532348633
          },
          {
            "X": 0.39859509468078613,
            "Y": 0.5160310864448547
          },
          {
            "X": 0.3259718418121338,
            "Y": 0.5159766674041748
          }
        ]
      },
      "Id": "6441e58a-0746-4042-9ffa-785464f7505b",
      "Page": 1
    },
    {
      "BlockType": "WORD",
      "Confidence": 99.90542602539062,
      "Text": "15.4",
      "TextType": "PRINTED",
      "Geometry": {
        "BoundingBox": {
          "Width": 0.029270773753523827,
          "Height": 0.01757945492863655,
          "Left": 0.5868311524391174,
          "Top": 0.49434512853622437
        },
        "Polygon": [
          {
            "X": 0.5868311524391174,
            "Y": 0.49434512853622437
          },
          {
            "X": 0.6160631775856018,
            "Y": 0.49436795711517334
          },
          {
            "X": 0.6161019206047058,
            "Y": 0.5119245648384094
          },
          {
            "X": 0.586869478225708,
            "Y": 0.5119025111198425
          }
        ]
      },
      "Id": "ba6802f6-203f-401d-8ddd-53255f90c6e0",
      "Page": 1
    },
    {
      "BlockType": "WORD",
      "Confidence": 99.10128784179688,
      "Text": "8.4",
      "TextType": "PRINTED",
      "Geometry": {
        "BoundingBox": {
          "Width": 0.021858174353837967,
          "Height": 0.017766684293746948,
          "Left": 0.7527875304222107,
          "Top": 0.4942350387573242
        },
        "Polygon": [
          {
            "X": 0.7527875304222107,
            "Y": 0.4942350387573242
          },
          {
            "X": 0.7746042013168335,
            "Y": 0.49425208568573
          },
          {
            "X": 0.7746456861495972,
            "Y": 0.5120017528533936
          },
          {
            "X": 0.7528286576271057,
            "Y": 0.5119852423667908
          }
        ]
      },
      "Id": "72c94e90-db6d-4c7e-aad4-126bf5e89375",
      "Page": 1
    },
    {
      "BlockType": "WORD",
      "Confidence": 99.8681640625,
      "Text": "THR",
      "TextType": "PRINTED",
      "Geometry": {
        "BoundingBox": {
          "Width": 0.03589290753006935,
          "Height": 0.017518047243356705,
          "Left": 0.29335159063339233,
          "Top": 0.556603193283081
        },
        "Polygon": [
          {
            "X": 0.29335159063339233,
            "Y": 0.556603193283081
          },
          {
            "X": 0.3292100429534912,
            "Y": 0.5566279292106628
          },
          {
            "X": 0.3292444944381714,
            "Y": 0.5741212368011475
          },
          {
            "X": 0.2933855354785919,
            "Y": 0.5740973353385925
          }
        ]
      },
      "Id": "80a5b22c-770f-4f30-bad2-9bf2d5c11bc8",
      "Page": 1
    },
    {
      "BlockType": "WORD",
      "Confidence": 62.3789176940918,
      "Text": "(MJ/m²)",
      "TextType": "PRINTED",
      "Geometry": {
        "BoundingBox": {
          "Width": 0.057689741253852844,
          "Height": 0.025982772931456566,
          "Left": 0.3342951834201813,
          "Top": 0.5520868301391602
        },
        "Polygon": [
          {
            "X": 0.3342951834201813,
            "Y": 0.5520868301391602
          },
          {
            "X": 0.3919324576854706,
            "Y": 0.5521270036697388
          },
          {
            "X": 0.3919849097728729,
            "Y": 0.5780695676803589
          },
          {
            "X": 0.33434638381004333,
            "Y": 0.5780315399169922
          }
        ]
      },
      "Id": "e5dd07f7-e628-4b6c-b1b6-af2789ec5fc8",
      "Page": 1
    },
    {
      "BlockType": "WORD",
      "Confidence": 99.94252014160156,
      "Text": "98.5",
      "TextType": "PRINTED",
      "Geometry": {
        "BoundingBox": {
          "Width": 0.03043435886502266,
          "Height": 0.01775830239057541,
          "Left": 0.58498215675354,
          "Top": 0.5565605759620667
        },
        "Polygon": [
          {
            "X": 0.58498215675354,
            "Y": 0.5565605759620667
          },
          {
            "X": 0.6153774261474609,
            "Y": 0.5565816164016724
          },
          {
            "X": 0.6154165267944336,
            "Y": 0.5743188858032227
          },
          {
            "X": 0.5850208401679993,
            "Y": 0.574298620223999
          }
        ]
      },
      "Id": "e5ce840c-001a-4cb9-b98b-959930f561ca",
      "Page": 1
    },
    {
      "BlockType": "WORD",
      "Confidence": 99.97156524658203,
      "Text": "30.0",
      "TextType": "PRINTED",
      "Geometry": {
        "BoundingBox": {
          "Width": 0.031009171158075333,
          "Height": 0.01786300353705883,
          "Left": 0.7479702830314636,
          "Top": 0.5565151572227478
        },
        "Polygon": [
          {
            "X": 0.7479702830314636,
            "Y": 0.5565151572227478
          },
          {
            "X": 0.7789376974105835,
            "Y": 0.5565365552902222
          },
          {
            "X": 0.7789794206619263,
            "Y": 0.5743781924247742
          },
          {
            "X": 0.7480115294456482,
            "Y": 0.5743575692176819
          }
        ]
      },
      "Id": "3a16e116-7e47-4b38-8a3a-a35b4b1e6914",
      "Page": 1
    },
    {
      "BlockType": "WORD",
      "Confidence": 99.95527648925781,
      "Text": "Peak",
      "TextType": "PRINTED",
      "Geometry": {
        "BoundingBox": {
          "Width": 0.03471335768699646,
          "Height": 0.017765453085303307,
          "Left": 0.2840048670768738,
          "Top": 0.6187014579772949
        },
        "Polygon": [
          {
            "X": 0.2840048670768738,
            "Y": 0.6187014579772949
          },
          {
            "X": 0.3186834156513214,
            "Y": 0.6187223196029663
          },
          {
            "X": 0.31871822476387024,
            "Y": 0.636466920375824
          },
          {
            "X": 0.284039169549942,
            "Y": 0.6364468932151794
          }
        ]
      },
      "Id": "881e537f-a798-4a94-9136-6db0b021b823",
      "Page": 1
    },
    {
      "BlockType": "WORD",
      "Confidence": 99.88101196289062,
      "Text": "SPR",
      "TextType": "PRINTED",
      "Geometry": {
        "BoundingBox": {
          "Width": 0.03113604709506035,
          "Height": 0.017791174352169037,
          "Left": 0.3231349587440491,
          "Top": 0.6186777353286743
        },
        "Polygon": [
          {
            "X": 0.3231349587440491,
            "Y": 0.6186777353286743
          },
          {
            "X": 0.35423561930656433,
            "Y": 0.6186964511871338
          },
          {
            "X": 0.3542709946632385,
            "Y": 0.6364688873291016
          },
          {
            "X": 0.32316988706588745,
            "Y": 0.6364509463310242
          }
        ]
      },
      "Id": "c6281ff2-6d2e-48eb-82b1-5785d9387ec8",
      "Page": 1
    },
    {
      "BlockType": "WORD",
      "Confidence": 34.89512634277344,
      "Text": "(m ²/s)",
      "TextType": "PRINTED",
      "Geometry": {
        "BoundingBox": {
          "Width": 0.04242534562945366,
          "Height": 0.027131952345371246,
          "Left": 0.359171599149704,
          "Top": 0.6130125522613525
        },
        "Polygon": [
          {
            "X": 0.359171599149704,
            "Y": 0.6130125522613525
          },
          {
            "X": 0.40154194831848145,
            "Y": 0.6130384206771851
          },
          {
            "X": 0.40159693360328674,
            "Y": 0.6401444673538208
          },
          {
            "X": 0.35922566056251526,
            "Y": 0.640120267868042
          }
        ]
      },
      "Id": "50db2d65-f246-4221-b862-f43aa9b22520",
      "Page": 1
    },
    {
      "BlockType": "WORD",
      "Confidence": 99.52058410644531,
      "Text": "1.253",
      "TextType": "PRINTED",
      "Geometry": {
        "BoundingBox": {
          "Width": 0.03729719668626785,
          "Height": 0.017424792051315308,
          "Left": 0.5820808410644531,
          "Top": 0.61897873878479
        },
        "Polygon": [
          {
            "X": 0.5820808410644531,
            "Y": 0.61897873878479
          },
          {
            "X": 0.6193395853042603,
            "Y": 0.6190011501312256
          },
          {
            "X": 0.6193780303001404,
            "Y": 0.636403501033783
          },
          {
            "X": 0.5821187496185303,
            "Y": 0.636381983757019
          }
        ]
      },
      "Id": "32999490-0a40-499e-a777-4ab7680b50b2",
      "Page": 1
    },
    {
      "BlockType": "WORD",
      "Confidence": 99.94564819335938,
      "Text": "0.565",
      "TextType": "PRINTED",
      "Geometry": {
        "BoundingBox": {
          "Width": 0.03951709717512131,
          "Height": 0.017897242680191994,
          "Left": 0.7434403300285339,
          "Top": 0.6187067627906799
        },
        "Polygon": [
          {
            "X": 0.7434403300285339,
            "Y": 0.6187067627906799
          },
          {
            "X": 0.7829155325889587,
            "Y": 0.6187305450439453
          },
          {
            "X": 0.7829574346542358,
            "Y": 0.6366040110588074
          },
          {
            "X": 0.7434816360473633,
            "Y": 0.6365811824798584
          }
        ]
      },
      "Id": "841bc77f-0e9d-4d62-9683-b30246834d70",
      "Page": 1
    },
    {
      "BlockType": "WORD",
      "Confidence": 99.84233093261719,
      "Text": "TSP",
      "TextType": "PRINTED",
      "Geometry": {
        "BoundingBox": {
          "Width": 0.030988803133368492,
          "Height": 0.01741540990769863,
          "Left": 0.3098590075969696,
          "Top": 0.6803687214851379
        },
        "Polygon": [
          {
            "X": 0.3098590075969696,
            "Y": 0.6803687214851379
          },
          {
            "X": 0.34081336855888367,
            "Y": 0.680384635925293
          },
          {
            "X": 0.34084782004356384,
            "Y": 0.6977841258049011
          },
          {
            "X": 0.30989301204681396,
            "Y": 0.6977689266204834
          }
        ]
      },
      "Id": "318341dc-4c46-49a3-b828-c0e98e7f2fe7",
      "Page": 1
    },
    {
      "BlockType": "WORD",
      "Confidence": 46.62472152709961,
      "Text": "(m²)",
      "TextType": "PRINTED",
      "Geometry": {
        "BoundingBox": {
          "Width": 0.030178869143128395,
          "Height": 0.025961879640817642,
          "Left": 0.34491822123527527,
          "Top": 0.675984263420105
        },
        "Polygon": [
          {
            "X": 0.34491822123527527,
            "Y": 0.675984263420105
          },
          {
            "X": 0.3750450015068054,
            "Y": 0.6759999394416809
          },
          {
            "X": 0.3750970959663391,
            "Y": 0.7019461393356323
          },
          {
            "X": 0.3449696898460388,
            "Y": 0.7019315958023071
          }
        ]
      },
      "Id": "127325c7-bdcf-4794-affb-5079042bd0a2",
      "Page": 1
    },
    {
      "BlockType": "WORD",
      "Confidence": 99.96588134765625,
      "Text": "145.3",
      "TextType": "PRINTED",
      "Geometry": {
        "BoundingBox": {
          "Width": 0.03764135763049126,
          "Height": 0.017657794058322906,
          "Left": 0.5819663405418396,
          "Top": 0.6804481148719788
        },
        "Polygon": [
          {
            "X": 0.5819663405418396,
            "Y": 0.6804481148719788
          },
          {
            "X": 0.6195687651634216,
            "Y": 0.6804674863815308
          },
          {
            "X": 0.61960768699646,
            "Y": 0.6981059312820435
          },
          {
            "X": 0.5820047855377197,
            "Y": 0.6980875134468079
          }
        ]
      },
      "Id": "107c07b9-3d4c-4f1f-b2f7-794d6ba74bef",
      "Page": 1
    },
    {
      "BlockType": "WORD",
      "Confidence": 99.88594055175781,
      "Text": "31.6",
      "TextType": "PRINTED",
      "Geometry": {
        "BoundingBox": {
          "Width": 0.030964570119976997,
          "Height": 0.01805904507637024,
          "Left": 0.7479923963546753,
          "Top": 0.6800949573516846
        },
        "Polygon": [
          {
            "X": 0.7479923963546753,
            "Y": 0.6800949573516846
          },
          {
            "X": 0.778914749622345,
            "Y": 0.6801108717918396
          },
          {
            "X": 0.7789570093154907,
            "Y": 0.6981539726257324
          },
          {
            "X": 0.7480341792106628,
            "Y": 0.6981388330459595
          }
        ]
      },
      "Id": "054daca2-3ca9-4604-a5db-5f603687b2f8",
      "Page": 1
    },
    {
      "BlockType": "WORD",
      "Confidence": 99.64020538330078,
      "Text": "Residue",
      "TextType": "PRINTED",
      "Geometry": {
        "BoundingBox": {
          "Width": 0.056643348187208176,
          "Height": 0.01808382011950016,
          "Left": 0.2992754578590393,
          "Top": 0.7424982786178589
        },
        "Polygon": [
          {
            "X": 0.2992754578590393,
            "Y": 0.7424982786178589
          },
          {
            "X": 0.35588282346725464,
            "Y": 0.7425223588943481
          },
          {
            "X": 0.3559187948703766,
            "Y": 0.7605820894241333
          },
          {
            "X": 0.2993105947971344,
            "Y": 0.7605594396591187
          }
        ]
      },
      "Id": "dd8bb568-b67c-4237-800c-561e3343179d",
      "Page": 1
    },
    {
      "BlockType": "WORD",
      "Confidence": 99.83260345458984,
      "Text": "(%)",
      "TextType": "PRINTED",
      "Geometry": {
        "BoundingBox": {
          "Width": 0.025594433769583702,
          "Height": 0.0213529821485281,
          "Left": 0.3611239790916443,
          "Top": 0.7425798177719116
        },
        "Polygon": [
          {
            "X": 0.3611239790916443,
            "Y": 0.7425798177719116
          },
          {
            "X": 0.3866753578186035,
            "Y": 0.7425906658172607
          },
          {
            "X": 0.38671839237213135,
            "Y": 0.7639327645301819
          },
          {
            "X": 0.3611665666103363,
            "Y": 0.7639226913452148
          }
        ]
      },
      "Id": "b970b1af-881b-493e-a53b-71f0b24e689d",
      "Page": 1
    },
    {
      "BlockType": "WORD",
      "Confidence": 99.50365447998047,
      "Text": "3.2",
      "TextType": "PRINTED",
      "Geometry": {
        "BoundingBox": {
          "Width": 0.02221551164984703,
          "Height": 0.017575396224856377,
          "Left": 0.5891420841217041,
          "Top": 0.7426633834838867
        },
        "Polygon": [
          {
            "X": 0.5891420841217041,
            "Y": 0.7426633834838867
          },
          {
            "X": 0.6113188862800598,
            "Y": 0.742672860622406
          },
          {
            "X": 0.611357569694519,
            "Y": 0.7602388262748718
          },
          {
            "X": 0.5891804099082947,
            "Y": 0.7602299451828003
          }
        ]
      },
      "Id": "b8c323f8-2b26-4988-b3df-8470e89ffb4d",
      "Page": 1
    },
    {
      "BlockType": "WORD",
      "Confidence": 99.95950317382812,
      "Text": "15.0",
      "TextType": "PRINTED",
      "Geometry": {
        "BoundingBox": {
          "Width": 0.029912615194916725,
          "Height": 0.018229052424430847,
          "Left": 0.7493041157722473,
          "Top": 0.7424159646034241
        },
        "Polygon": [
          {
            "X": 0.7493041157722473,
            "Y": 0.7424159646034241
          },
          {
            "X": 0.7791741490364075,
            "Y": 0.742428719997406
          },
          {
            "X": 0.7792167067527771,
            "Y": 0.7606450319290161
          },
          {
            "X": 0.7493463158607483,
            "Y": 0.760633111000061
          }
        ]
      },
      "Id": "44fc58e6-816b-4a23-be05-4160fc7efaca",
      "Page": 1
    },
    {
      "BlockType": "TABLE",
      "Confidence": 99.609375,
      "Geometry": {
        "BoundingBox": {
          "Width": 0.675700306892395,
          "Height": 0.5557680130004883,
          "Left": 0.16515852510929108,
          "Top": 0.21942263841629028
        },
        "Polygon": [
          {
            "X": 0.16515852510929108,
            "Y": 0.21942263841629028
          },
          {
            "X": 0.8395324349403381,
            "Y": 0.220212921500206
          },
          {
            "X": 0.8408588171005249,
            "Y": 0.7751906514167786
          },
          {
            "X": 0.1661783903837204,
            "Y": 0.7749347686767578
          }
        ]
      },
      "Id": "15ea55d2-aa60-4c48-b7f5-fb9845e9cacd",
      "Relationships": [
        {
          "Type": "CHILD",
          "Ids": [
            "6be7f021-e6fa-40fd-b856-c87147fb8544",
            "5ca7074c-613d-4348-bbbe-76e88c8ed117",
            "ba5a4434-3d9f-4998-a8af-88c6ff270949",
            "daf76e4a-5f23-4575-aa66-659de99f1e97",
            "cdd234b3-f0f6-4fa9-90f1-8dcb7d606065",
            "113bcff1-d0c6-4e55-9449-f775b472b829",
            "6ed5493f-23be-4490-ae3f-4ae31415a4ea",
            "cfa2bebb-0a0a-408f-9761-b7756f46afe4",
            "478d9acb-e3bd-41b6-b40a-bc1c2a2d2214",
            "1b584d79-f3c3-4ece-83dc-c10de6c0f5e5",
            "b31d6d51-cd01-468b-b155-8fdf288aebdc",
            "5e59a6e3-f6a9-40a6-bb2e-8423e6ff3c2a",
            "374184d0-49fd-4aad-ac43-4dcc22cc7540",
            "ada353f8-538c-488b-99f4-fdecda74e3c7",
            "d35d7fd3-3f1d-4cac-9d84-949f19f0a705",
            "389309cb-ca23-4be0-981e-d1aa1f753a5f",
            "58ed9f82-b0ee-408a-85d9-04067bfdc760",
            "9209848d-25d6-414a-975f-09ed231cd011",
            "adfe744f-04df-442e-b25e-568d16797518",
            "299a75da-f916-4c2e-ae5e-4505727a88c5",
            "96fb6341-3418-4b95-b47b-a6de9c7e48de",
            "cba39244-7792-4baf-a7bc-fba6a5869bf0",
            "74807104-eadb-4f6c-9461-6c8e7226e967",
            "3a011d24-2a95-4ae6-abaa-442acbf0a18f",
            "54c146f6-84c2-415c-8e36-be26bd35aa68",
            "37e8ae55-f141-47dd-9ee5-2d3186a8f201",
            "2516b531-d579-4a73-89ed-aee99471cc3a"
          ]
        }
      ],
      "EntityTypes": [
        "STRUCTURED_TABLE"
      ],
      "Page": 1
    },
    {
      "BlockType": "CELL",
      "Confidence": 95.41015625,
      "RowIndex": 1,
      "ColumnIndex": 1,
      "RowSpan": 1,
      "ColumnSpan": 1,
      "Geometry": {
        "BoundingBox": {
          "Width": 0.311428964138031,
          "Height": 0.06693563610315323,
          "Left": 0.16515852510929108,
          "Top": 0.21942263841629028
        },
        "Polygon": [
          {
            "X": 0.16515852510929108,
            "Y": 0.21942263841629028
          },
          {
            "X": 0.4764482378959656,
            "Y": 0.21978743374347687
          },
          {
            "X": 0.4765874743461609,
            "Y": 0.2863582670688629
          },
          {
            "X": 0.1652807891368866,
            "Y": 0.28602302074432373
          }
        ]
      },
      "Id": "6be7f021-e6fa-40fd-b856-c87147fb8544",
      "Relationships": [
        {
          "Type": "CHILD",
          "Ids": [
            "19f29af3-8437-4fe9-813f-8ff1e5eb5451"
          ]
        }
      ],
      "EntityTypes": [
        "COLUMN_HEADER"
      ],
      "Page": 1
    },
    {
      "BlockType": "CELL",
      "Confidence": 94.287109375,
      "RowIndex": 1,
      "ColumnIndex": 2,
      "RowSpan": 1,
      "ColumnSpan": 1,
      "Geometry": {
        "BoundingBox": {
          "Width": 0.2040841281414032,
          "Height": 0.06679046154022217,
          "Left": 0.4764482378959656,
          "Top": 0.21978743374347687
        },
        "Polygon": [
          {
            "X": 0.4764482378959656,
            "Y": 0.21978743374347687
          },
          {
            "X": 0.6803820133209229,
            "Y": 0.2200264185667038
          },
          {
            "X": 0.6805323958396912,
            "Y": 0.28657788038253784
          },
          {
            "X": 0.4765874743461609,
            "Y": 0.2863582670688629
          }
        ]
      },
      "Id": "5ca7074c-613d-4348-bbbe-76e88c8ed117",
      "Relationships": [
        {
          "Type": "CHILD",
          "Ids": [
            "f57db9e7-c3a6-43ca-a083-46170b5d348f"
          ]
        }
      ],
      "EntityTypes": [
        "COLUMN_HEADER"
      ],
      "Page": 1
    },
    {
      "BlockType": "CELL",
      "Confidence": 92.87109375,
      "RowIndex": 1,
      "ColumnIndex": 3,
      "RowSpan": 1,
      "ColumnSpan": 1,
      "Geometry": {
        "BoundingBox": {
          "Width": 0.15930944681167603,
          "Height": 0.06672286242246628,
          "Left": 0.6803820133209229,
          "Top": 0.2200264185667038
        },
        "Polygon": [
          {
            "X": 0.6803820133209229,
            "Y": 0.2200264185667038
          },
          {
            "X": 0.8395324349403381,
            "Y": 0.220212921500206
          },
          {
            "X": 0.8396914601325989,
            "Y": 0.2867492735385895
          },
          {
            "X": 0.6805323958396912,
            "Y": 0.28657788038253784
          }
        ]
      },
      "Id": "ba5a4434-3d9f-4998-a8af-88c6ff270949",
      "Relationships": [
        {
          "Type": "CHILD",
          "Ids": [
            "5f29c5f7-0c7f-4231-82bd-732115a2b5c0"
          ]
        }
      ],
      "EntityTypes": [
        "COLUMN_HEADER"
      ],
      "Page": 1
    },
    {
      "BlockType": "CELL",
      "Confidence": 92.919921875,
      "RowIndex": 2,
      "ColumnIndex": 1,
      "RowSpan": 1,
      "ColumnSpan": 1,
      "Geometry": {
        "BoundingBox": {
          "Width": 0.3114340007305145,
          "Height": 0.06119614094495773,
          "Left": 0.1652807891368866,
          "Top": 0.28602302074432373
        },
        "Polygon": [
          {
            "X": 0.1652807891368866,
            "Y": 0.28602302074432373
          },
          {
            "X": 0.4765874743461609,
            "Y": 0.2863582670688629
          },
          {
            "X": 0.4767147898674011,
            "Y": 0.34721916913986206
          },
          {
            "X": 0.16539257764816284,
            "Y": 0.3469109833240509
          }
        ]
      },
      "Id": "daf76e4a-5f23-4575-aa66-659de99f1e97",
      "Relationships": [
        {
          "Type": "CHILD",
          "Ids": [
            "d75a955d-c5ab-401c-99af-1cbad32d33ab",
            "d3c87e0c-2732-42fc-b768-42f104b5c71f"
          ]
        }
      ],
      "Page": 1
    },
    {
      "BlockType": "CELL",
      "Confidence": 91.796875,
      "RowIndex": 2,
      "ColumnIndex": 2,
      "RowSpan": 1,
      "ColumnSpan": 1,
      "Geometry": {
        "BoundingBox": {
          "Width": 0.20408234000205994,
          "Height": 0.06106282025575638,
          "Left": 0.4765874743461609,
          "Top": 0.2863582670688629
        },
        "Polygon": [
          {
            "X": 0.4765874743461609,
            "Y": 0.2863582670688629
          },
          {
            "X": 0.6805323958396912,
            "Y": 0.28657788038253784
          },
          {
            "X": 0.6806698441505432,
            "Y": 0.3474210798740387
          },
          {
            "X": 0.4767147898674011,
            "Y": 0.34721916913986206
          }
        ]
      },
      "Id": "cdd234b3-f0f6-4fa9-90f1-8dcb7d606065",
      "Relationships": [
        {
          "Type": "CHILD",
          "Ids": [
            "513863e5-a82c-49ff-a866-b5d8647aad38"
          ]
        }
      ],
      "Page": 1
    },
    {
      "BlockType": "CELL",
      "Confidence": 90.478515625,
      "RowIndex": 2,
      "ColumnIndex": 3,
      "RowSpan": 1,
      "ColumnSpan": 1,
      "Geometry": {
        "BoundingBox": {
          "Width": 0.15930446982383728,
          "Height": 0.061000775545835495,
          "Left": 0.6805323958396912,
          "Top": 0.28657788038253784
        },
        "Polygon": [
          {
            "X": 0.6805323958396912,
            "Y": 0.28657788038253784
          },
          {
            "X": 0.8396914601325989,
            "Y": 0.2867492735385895
          },
          {
            "X": 0.839836835861206,
            "Y": 0.34757867455482483
          },
          {
            "X": 0.6806698441505432,
            "Y": 0.3474210798740387
          }
        ]
      },
      "Id": "113bcff1-d0c6-4e55-9449-f775b472b829",
      "Relationships": [
        {
          "Type": "CHILD",
          "Ids": [
            "3d2424f9-fcc8-483a-9cc0-a7285fc2b725"
          ]
        }
      ],
      "Page": 1
    },
    {
      "BlockType": "CELL",
      "Confidence": 92.529296875,
      "RowIndex": 3,
      "ColumnIndex": 1,
      "RowSpan": 1,
      "ColumnSpan": 1,
      "Geometry": {
        "BoundingBox": {
          "Width": 0.31145402789115906,
          "Height": 0.06332355737686157,
          "Left": 0.16539257764816284,
          "Top": 0.3469109833240509
        },
        "Polygon": [
          {
            "X": 0.16539257764816284,
            "Y": 0.3469109833240509
          },
          {
            "X": 0.4767147898674011,
            "Y": 0.34721916913986206
          },
          {
            "X": 0.4768466055393219,
            "Y": 0.4102345407009125
          },
          {
            "X": 0.16550831496715546,
            "Y": 0.409954309463501
          }
        ]
      },
      "Id": "6ed5493f-23be-4490-ae3f-4ae31415a4ea",
      "Relationships": [
        {
          "Type": "CHILD",
          "Ids": [
            "07600a37-02b2-493c-9f3f-d286db5d33b7",
            "42148dcd-596f-450f-ad2a-8ec72885574e",
            "fc7da7b2-c0a4-4e3e-8da1-4c496e0275e3"
          ]
        }
      ],
      "Page": 1
    },
    {
      "BlockType": "CELL",
      "Confidence": 91.40625,
      "RowIndex": 3,
      "ColumnIndex": 2,
      "RowSpan": 1,
      "ColumnSpan": 1,
      "Geometry": {
        "BoundingBox": {
          "Width": 0.20409736037254333,
          "Height": 0.06319893151521683,
          "Left": 0.4767147898674011,
          "Top": 0.34721916913986206
        },
        "Polygon": [
          {
            "X": 0.4767147898674011,
            "Y": 0.34721916913986206
          },
          {
            "X": 0.6806698441505432,
            "Y": 0.3474210798740387
          },
          {
            "X": 0.6808121800422668,
            "Y": 0.4104180932044983
          },
          {
            "X": 0.4768466055393219,
            "Y": 0.4102345407009125
          }
        ]
      },
      "Id": "cfa2bebb-0a0a-408f-9761-b7756f46afe4",
      "Relationships": [
        {
          "Type": "CHILD",
          "Ids": [
            "3a4883eb-dad3-48a8-93a1-fed62fd67c46"
          ]
        }
      ],
      "Page": 1
    },
    {
      "BlockType": "CELL",
      "Confidence": 90.0390625,
      "RowIndex": 3,
      "ColumnIndex": 3,
      "RowSpan": 1,
      "ColumnSpan": 1,
      "Geometry": {
        "BoundingBox": {
          "Width": 0.15931753814220428,
          "Height": 0.06314028054475784,
          "Left": 0.6806698441505432,
          "Top": 0.3474210798740387
        },
        "Polygon": [
          {
            "X": 0.6806698441505432,
            "Y": 0.3474210798740387
          },
          {
            "X": 0.839836835861206,
            "Y": 0.34757867455482483
          },
          {
            "X": 0.8399873971939087,
            "Y": 0.41056138277053833
          },
          {
            "X": 0.6808121800422668,
            "Y": 0.4104180932044983
          }
        ]
      },
      "Id": "478d9acb-e3bd-41b6-b40a-bc1c2a2d2214",
      "Relationships": [
        {
          "Type": "CHILD",
          "Ids": [
            "2e6d6976-357a-4318-87cd-02b15f853889"
          ]
        }
      ],
      "Page": 1
    },
    {
      "BlockType": "CELL",
      "Confidence": 91.943359375,
      "RowIndex": 4,
      "ColumnIndex": 1,
      "RowSpan": 1,
      "ColumnSpan": 1,
      "Geometry": {
        "BoundingBox": {
          "Width": 0.31146860122680664,
          "Height": 0.06258589774370193,
          "Left": 0.16550831496715546,
          "Top": 0.409954309463501
        },
        "Polygon": [
          {
            "X": 0.16550831496715546,
            "Y": 0.409954309463501
          },
          {
            "X": 0.4768466055393219,
            "Y": 0.4102345407009125
          },
          {
            "X": 0.4769769310951233,
            "Y": 0.4725402295589447
          },
          {
            "X": 0.1656227558851242,
            "Y": 0.47228768467903137
          }
        ]
      },
      "Id": "1b584d79-f3c3-4ece-83dc-c10de6c0f5e5",
      "Relationships": [
        {
          "Type": "CHILD",
          "Ids": [
            "71f81d99-118f-4889-bba8-3b37b64a8840",
            "d41604dd-e1f0-4bac-a357-ad96a16306ed",
            "72b391eb-2c5a-497e-a33b-db1aec26cb34",
            "799dece5-da10-4dd2-8624-289e2c710393"
          ]
        }
      ],
      "Page": 1
    },
    {
      "BlockType": "CELL",
      "Confidence": 90.8203125,
      "RowIndex": 4,
      "ColumnIndex": 2,
      "RowSpan": 1,
      "ColumnSpan": 1,
      "Geometry": {
        "BoundingBox": {
          "Width": 0.20410628616809845,
          "Height": 0.06247112900018692,
          "Left": 0.4768466055393219,
          "Top": 0.4102345407009125
        },
        "Polygon": [
          {
            "X": 0.4768466055393219,
            "Y": 0.4102345407009125
          },
          {
            "X": 0.6808121800422668,
            "Y": 0.4104180932044983
          },
          {
            "X": 0.6809528470039368,
            "Y": 0.4727056622505188
          },
          {
            "X": 0.4769769310951233,
            "Y": 0.4725402295589447
          }
        ]
      },
      "Id": "b31d6d51-cd01-468b-b155-8fdf288aebdc",
      "Relationships": [
        {
          "Type": "CHILD",
          "Ids": [
            "c00fb484-785c-4383-a570-0696de5a956d"
          ]
        }
      ],
      "Page": 1
    },
    {
      "BlockType": "CELL",
      "Confidence": 89.501953125,
      "RowIndex": 4,
      "ColumnIndex": 3,
      "RowSpan": 1,
      "ColumnSpan": 1,
      "Geometry": {
        "BoundingBox": {
          "Width": 0.159324049949646,
          "Height": 0.062416668981313705,
          "Left": 0.6808121800422668,
          "Top": 0.4104180932044983
        },
        "Polygon": [
          {
            "X": 0.6808121800422668,
            "Y": 0.4104180932044983
          },
          {
            "X": 0.8399873971939087,
            "Y": 0.41056138277053833
          },
          {
            "X": 0.8401362299919128,
            "Y": 0.4728347659111023
          },
          {
            "X": 0.6809528470039368,
            "Y": 0.4727056622505188
          }
        ]
      },
      "Id": "5e59a6e3-f6a9-40a6-bb2e-8423e6ff3c2a",
      "Relationships": [
        {
          "Type": "CHILD",
          "Ids": [
            "e6006ce0-58ca-4760-8e4c-60e0fb8004d8"
          ]
        }
      ],
      "Page": 1
    },
    {
      "BlockType": "CELL",
      "Confidence": 90.576171875,
      "RowIndex": 5,
      "ColumnIndex": 1,
      "RowSpan": 1,
      "ColumnSpan": 1,
      "Geometry": {
        "BoundingBox": {
          "Width": 0.3114844858646393,
          "Height": 0.06256460398435593,
          "Left": 0.1656227558851242,
          "Top": 0.47228768467903137
        },
        "Polygon": [
          {
            "X": 0.1656227558851242,
            "Y": 0.47228768467903137
          },
          {
            "X": 0.4769769310951233,
            "Y": 0.4725402295589447
          },
          {
            "X": 0.4771072566509247,
            "Y": 0.5348522663116455
          },
          {
            "X": 0.16573721170425415,
            "Y": 0.5346274375915527
          }
        ]
      },
      "Id": "374184d0-49fd-4aad-ac43-4dcc22cc7540",
      "Relationships": [
        {
          "Type": "CHILD",
          "Ids": [
            "137593cc-13cc-4fcf-8b3e-a5dc76e3df12",
            "6441e58a-0746-4042-9ffa-785464f7505b"
          ]
        }
      ],
      "Page": 1
    },
    {
      "BlockType": "CELL",
      "Confidence": 89.453125,
      "RowIndex": 5,
      "ColumnIndex": 2,
      "RowSpan": 1,
      "ColumnSpan": 1,
      "Geometry": {
        "BoundingBox": {
          "Width": 0.20411668717861176,
          "Height": 0.062459371984004974,
          "Left": 0.4769769310951233,
          "Top": 0.4725402295589447
        },
        "Polygon": [
          {
            "X": 0.4769769310951233,
            "Y": 0.4725402295589447
          },
          {
            "X": 0.6809528470039368,
            "Y": 0.4727056622505188
          },
          {
            "X": 0.6810936331748962,
            "Y": 0.5349996089935303
          },
          {
            "X": 0.4771072566509247,
            "Y": 0.5348522663116455
          }
        ]
      },
      "Id": "ada353f8-538c-488b-99f4-fdecda74e3c7",
      "Relationships": [
        {
          "Type": "CHILD",
          "Ids": [
            "ba6802f6-203f-401d-8ddd-53255f90c6e0"
          ]
        }
      ],
      "Page": 1
    },
    {
      "BlockType": "CELL",
      "Confidence": 88.134765625,
      "RowIndex": 5,
      "ColumnIndex": 3,
      "RowSpan": 1,
      "ColumnSpan": 1,
      "Geometry": {
        "BoundingBox": {
          "Width": 0.15933218598365784,
          "Height": 0.06240889057517052,
          "Left": 0.6809528470039368,
          "Top": 0.4727056622505188
        },
        "Polygon": [
          {
            "X": 0.6809528470039368,
            "Y": 0.4727056622505188
          },
          {
            "X": 0.8401362299919128,
            "Y": 0.4728347659111023
          },
          {
            "X": 0.840285062789917,
            "Y": 0.5351145267486572
          },
          {
            "X": 0.6810936331748962,
            "Y": 0.5349996089935303
          }
        ]
      },
      "Id": "d35d7fd3-3f1d-4cac-9d84-949f19f0a705",
      "Relationships": [
        {
          "Type": "CHILD",
          "Ids": [
            "72c94e90-db6d-4c7e-aad4-126bf5e89375"
          ]
        }
      ],
      "Page": 1
    },
    {
      "BlockType": "CELL",
      "Confidence": 89.74609375,
      "RowIndex": 6,
      "ColumnIndex": 1,
      "RowSpan": 1,
      "ColumnSpan": 1,
      "Geometry": {
        "BoundingBox": {
          "Width": 0.3115004003047943,
          "Height": 0.06254330277442932,
          "Left": 0.16573721170425415,
          "Top": 0.5346274375915527
        },
        "Polygon": [
          {
            "X": 0.16573721170425415,
            "Y": 0.5346274375915527
          },
          {
            "X": 0.4771072566509247,
            "Y": 0.5348522663116455
          },
          {
            "X": 0.47723761200904846,
            "Y": 0.5971707105636597
          },
          {
            "X": 0.1658516675233841,
            "Y": 0.5969735383987427
          }
        ]
      },
      "Id": "389309cb-ca23-4be0-981e-d1aa1f753a5f",
      "Relationships": [
        {
          "Type": "CHILD",
          "Ids": [
            "80a5b22c-770f-4f30-bad2-9bf2d5c11bc8",
            "e5dd07f7-e628-4b6c-b1b6-af2789ec5fc8"
          ]
        }
      ],
      "Page": 1
    },
    {
      "BlockType": "CELL",
      "Confidence": 88.671875,
      "RowIndex": 6,
      "ColumnIndex": 2,
      "RowSpan": 1,
      "ColumnSpan": 1,
      "Geometry": {
        "BoundingBox": {
          "Width": 0.20412710309028625,
          "Height": 0.06244761496782303,
          "Left": 0.4771072566509247,
          "Top": 0.5348522663116455
        },
        "Polygon": [
          {
            "X": 0.4771072566509247,
            "Y": 0.5348522663116455
          },
          {
            "X": 0.6810936331748962,
            "Y": 0.5349996089935303
          },
          {
            "X": 0.6812343597412109,
            "Y": 0.5972998738288879
          },
          {
            "X": 0.47723761200904846,
            "Y": 0.5971707105636597
          }
        ]
      },
      "Id": "58ed9f82-b0ee-408a-85d9-04067bfdc760",
      "Relationships": [
        {
          "Type": "CHILD",
          "Ids": [
            "e5ce840c-001a-4cb9-b98b-959930f561ca"
          ]
        }
      ],
      "Page": 1
    },
    {
      "BlockType": "CELL",
      "Confidence": 87.353515625,
      "RowIndex": 6,
      "ColumnIndex": 3,
      "RowSpan": 1,
      "ColumnSpan": 1,
      "Geometry": {
        "BoundingBox": {
          "Width": 0.15934030711650848,
          "Height": 0.06240110844373703,
          "Left": 0.6810936331748962,
          "Top": 0.5349996089935303
        },
        "Polygon": [
          {
            "X": 0.6810936331748962,
            "Y": 0.5349996089935303
          },
          {
            "X": 0.840285062789917,
            "Y": 0.5351145267486572
          },
          {
            "X": 0.8404338955879211,
            "Y": 0.5974007248878479
          },
          {
            "X": 0.6812343597412109,
            "Y": 0.5972998738288879
          }
        ]
      },
      "Id": "9209848d-25d6-414a-975f-09ed231cd011",
      "Relationships": [
        {
          "Type": "CHILD",
          "Ids": [
            "3a16e116-7e47-4b38-8a3a-a35b4b1e6914"
          ]
        }
      ],
      "Page": 1
    },
    {
      "BlockType": "CELL",
      "Confidence": 90.91796875,
      "RowIndex": 7,
      "ColumnIndex": 1,
      "RowSpan": 1,
      "ColumnSpan": 1,
      "Geometry": {
        "BoundingBox": {
          "Width": 0.3115178048610687,
          "Height": 0.06323840469121933,
          "Left": 0.1658516675233841,
          "Top": 0.5969735383987427
        },
        "Polygon": [
          {
            "X": 0.1658516675233841,
            "Y": 0.5969735383987427
          },
          {
            "X": 0.47723761200904846,
            "Y": 0.5971707105636597
          },
          {
            "X": 0.4773694574832916,
            "Y": 0.660211980342865
          },
          {
            "X": 0.1659674495458603,
            "Y": 0.6600428223609924
          }
        ]
      },
      "Id": "adfe744f-04df-442e-b25e-568d16797518",
      "Relationships": [
        {
          "Type": "CHILD",
          "Ids": [
            "881e537f-a798-4a94-9136-6db0b021b823",
            "c6281ff2-6d2e-48eb-82b1-5785d9387ec8",
            "50db2d65-f246-4221-b862-f43aa9b22520"
          ]
        }
      ],
      "Page": 1
    },
    {
      "BlockType": "CELL",
      "Confidence": 89.84375,
      "RowIndex": 7,
      "ColumnIndex": 2,
      "RowSpan": 1,
      "ColumnSpan": 1,
      "Geometry": {
        "BoundingBox": {
          "Width": 0.20413914322853088,
          "Height": 0.06315205991268158,
          "Left": 0.47723761200904846,
          "Top": 0.5971707105636597
        },
        "Polygon": [
          {
            "X": 0.47723761200904846,
            "Y": 0.5971707105636597
          },
          {
            "X": 0.6812343597412109,
            "Y": 0.5972998738288879
          },
          {
            "X": 0.6813767552375793,
            "Y": 0.6603227853775024
          },
          {
            "X": 0.4773694574832916,
            "Y": 0.660211980342865
          }
        ]
      },
      "Id": "299a75da-f916-4c2e-ae5e-4505727a88c5",
      "Relationships": [
        {
          "Type": "CHILD",
          "Ids": [
            "32999490-0a40-499e-a777-4ab7680b50b2"
          ]
        }
      ],
      "Page": 1
    },
    {
      "BlockType": "CELL",
      "Confidence": 88.525390625,
      "RowIndex": 7,
      "ColumnIndex": 3,
      "RowSpan": 1,
      "ColumnSpan": 1,
      "Geometry": {
        "BoundingBox": {
          "Width": 0.15935014188289642,
          "Height": 0.0631093680858612,
          "Left": 0.6812343597412109,
          "Top": 0.5972998738288879
        },
        "Polygon": [
          {
            "X": 0.6812343597412109,
            "Y": 0.5972998738288879
          },
          {
            "X": 0.8404338955879211,
            "Y": 0.5974007248878479
          },
          {
            "X": 0.8405845165252686,
            "Y": 0.6604092717170715
          },
          {
            "X": 0.6813767552375793,
            "Y": 0.6603227853775024
          }
        ]
      },
      "Id": "96fb6341-3418-4b95-b47b-a6de9c7e48de",
      "Relationships": [
        {
          "Type": "CHILD",
          "Ids": [
            "841bc77f-0e9d-4d62-9683-b30246834d70"
          ]
        }
      ],
      "Page": 1
    },
    {
      "BlockType": "CELL",
      "Confidence": 88.916015625,
      "RowIndex": 8,
      "ColumnIndex": 1,
      "RowSpan": 1,
      "ColumnSpan": 1,
      "Geometry": {
        "BoundingBox": {
          "Width": 0.3115308880805969,
          "Height": 0.06178395077586174,
          "Left": 0.1659674495458603,
          "Top": 0.6600428223609924
        },
        "Polygon": [
          {
            "X": 0.1659674495458603,
            "Y": 0.6600428223609924
          },
          {
            "X": 0.4773694574832916,
            "Y": 0.660211980342865
          },
          {
            "X": 0.4774983525276184,
            "Y": 0.7218267321586609
          },
          {
            "X": 0.16608062386512756,
            "Y": 0.721684992313385
          }
        ]
      },
      "Id": "cba39244-7792-4baf-a7bc-fba6a5869bf0",
      "Relationships": [
        {
          "Type": "CHILD",
          "Ids": [
            "318341dc-4c46-49a3-b828-c0e98e7f2fe7",
            "127325c7-bdcf-4794-affb-5079042bd0a2"
          ]
        }
      ],
      "Page": 1
    },
    {
      "BlockType": "CELL",
      "Confidence": 87.841796875,
      "RowIndex": 8,
      "ColumnIndex": 2,
      "RowSpan": 1,
      "ColumnSpan": 1,
      "Geometry": {
        "BoundingBox": {
          "Width": 0.20414644479751587,
          "Height": 0.061707671731710434,
          "Left": 0.4773694574832916,
          "Top": 0.660211980342865
        },
        "Polygon": [
          {
            "X": 0.4773694574832916,
            "Y": 0.660211980342865
          },
          {
            "X": 0.6813767552375793,
            "Y": 0.6603227853775024
          },
          {
            "X": 0.6815159320831299,
            "Y": 0.7219196557998657
          },
          {
            "X": 0.4774983525276184,
            "Y": 0.7218267321586609
          }
        ]
      },
      "Id": "74807104-eadb-4f6c-9461-6c8e7226e967",
      "Relationships": [
        {
          "Type": "CHILD",
          "Ids": [
            "107c07b9-3d4c-4f1f-b2f7-794d6ba74bef"
          ]
        }
      ],
      "Page": 1
    },
    {
      "BlockType": "CELL",
      "Confidence": 86.572265625,
      "RowIndex": 8,
      "ColumnIndex": 3,
      "RowSpan": 1,
      "ColumnSpan": 1,
      "Geometry": {
        "BoundingBox": {
          "Width": 0.15935494005680084,
          "Height": 0.06166933849453926,
          "Left": 0.6813767552375793,
          "Top": 0.6603227853775024
        },
        "Polygon": [
          {
            "X": 0.6813767552375793,
            "Y": 0.6603227853775024
          },
          {
            "X": 0.8405845165252686,
            "Y": 0.6604092717170715
          },
          {
            "X": 0.840731680393219,
            "Y": 0.7219921350479126
          },
          {
            "X": 0.6815159320831299,
            "Y": 0.7219196557998657
          }
        ]
      },
      "Id": "3a011d24-2a95-4ae6-abaa-442acbf0a18f",
      "Relationships": [
        {
          "Type": "CHILD",
          "Ids": [
            "054daca2-3ca9-4604-a5db-5f603687b2f8"
          ]
        }
      ],
      "Page": 1
    },
    {
      "BlockType": "CELL",
      "Confidence": 87.744140625,
      "RowIndex": 9,
      "ColumnIndex": 1,
      "RowSpan": 1,
      "ColumnSpan": 1,
      "Geometry": {
        "BoundingBox": {
          "Width": 0.3115290403366089,
          "Height": 0.05336790904402733,
          "Left": 0.16608062386512756,
          "Top": 0.721684992313385
        },
        "Polygon": [
          {
            "X": 0.16608062386512756,
            "Y": 0.721684992313385
          },
          {
            "X": 0.4774983525276184,
            "Y": 0.7218267321586609
          },
          {
            "X": 0.47760966420173645,
            "Y": 0.7750529050827026
          },
          {
            "X": 0.1661783903837204,
            "Y": 0.7749347686767578
          }
        ]
      },
      "Id": "54c146f6-84c2-415c-8e36-be26bd35aa68",
      "Relationships": [
        {
          "Type": "CHILD",
          "Ids": [
            "dd8bb568-b67c-4237-800c-561e3343179d",
            "b970b1af-881b-493e-a53b-71f0b24e689d"
          ]
        }
      ],
      "Page": 1
    },
    {
      "BlockType": "CELL",
      "Confidence": 86.669921875,
      "RowIndex": 9,
      "ColumnIndex": 2,
      "RowSpan": 1,
      "ColumnSpan": 1,
      "Geometry": {
        "BoundingBox": {
          "Width": 0.20413778722286224,
          "Height": 0.053303517401218414,
          "Left": 0.4774983525276184,
          "Top": 0.7218267321586609
        },
        "Polygon": [
          {
            "X": 0.4774983525276184,
            "Y": 0.7218267321586609
          },
          {
            "X": 0.6815159320831299,
            "Y": 0.7219196557998657
          },
          {
            "X": 0.6816361546516418,
            "Y": 0.7751302719116211
          },
          {
            "X": 0.47760966420173645,
            "Y": 0.7750529050827026
          }
        ]
      },
      "Id": "37e8ae55-f141-47dd-9ee5-2d3186a8f201",
      "Relationships": [
        {
          "Type": "CHILD",
          "Ids": [
            "b8c323f8-2b26-4988-b3df-8470e89ffb4d"
          ]
        }
      ],
      "Page": 1
    },
    {
      "BlockType": "CELL",
      "Confidence": 85.400390625,
      "RowIndex": 9,
      "ColumnIndex": 3,
      "RowSpan": 1,
      "ColumnSpan": 1,
      "Geometry": {
        "BoundingBox": {
          "Width": 0.1593429297208786,
          "Height": 0.05327102541923523,
          "Left": 0.6815159320831299,
          "Top": 0.7219196557998657
        },
        "Polygon": [
          {
            "X": 0.6815159320831299,
            "Y": 0.7219196557998657
          },
          {
            "X": 0.840731680393219,
            "Y": 0.7219921350479126
          },
          {
            "X": 0.8408588171005249,
            "Y": 0.7751906514167786
          },
          {
            "X": 0.6816361546516418,
            "Y": 0.7751302719116211
          }
        ]
      },
      "Id": "2516b531-d579-4a73-89ed-aee99471cc3a",
      "Relationships": [
        {
          "Type": "CHILD",
          "Ids": [
            "44fc58e6-816b-4a23-be05-4160fc7efaca"
          ]
        }
      ],
      "Page": 1
    }
  ],
  "AnalyzeDocumentModelVersion": "1.0"
}