{
  "DocumentMetadata": {
    "Pages": 1
  },
  "JobStatus": "SUCCEEDED",
  "Blocks": [
    {
      "BlockType": "PAGE",
      "Geometry": {
        "BoundingBox": {
          "Width": 0.7466144561767578,
          "Height": 0.5290965437889099,
          "Left": 0.12612700462341309,
          "Top": 0.24140457808971405
        },
        "Polygon": [
          {
            "X": 0.12612700462341309,
            "Y": 0.24140457808971405
          },
          {
            "X": 0.8700835108757019,
            "Y": 0.2428307980298996
          },
          {
            "X": 0.8727414608001709,
            "Y": 0.7705011367797852
          },
          {
            "X": 0.1270110160112381,
            "Y": 0.7688878178596497
          }
        ]
      },
      "Id": "c1b52d94-44a1-414d-9a99-0fbf0f26a66d",
      "Relationships": [
        {
          "Type": "CHILD",
          "Ids": [
            "8d55aee1-9e1f-4459-b059-78e256d2f5b8",
            "b68e215e-edc2-4f4e-b620-c2ea208b0731",
            "23ba1170-ff69-4611-b082-effa0969b492",
            "2caafc57-75f1-4cbf-9dc0-65097a6882bf",
            "8d793688-9b8e-4040-a54e-f1b7ae60ba6e",
            "08a2a94d-ba64-4a40-8820-2d81c9d99c69",
            "88f42774-f4f7-4eb4-9cd7-ce1cbc0dfb8d",
            "e1d932cd-2913-405e-ac80-91156d01dfbf",
            "258b0285-b1c0-409a-b1c0-61123206a264",
            "3ac26e56-743e-466c-b76d-3d3868d7b969",
            "ff42807b-20d8-46f2-82b3-805f66549be3",
            "323aa3e4-1188-4489-9aa2-ff83eeb5812b",
            "6dd1e14d-2fb0-4298-a843-6ef28f8173c5",
            "5cf1a0d6-d3a0-41cd-838f-8671cc7d00b3",
            "3d151164-29c8-49b8-b9f3-6367bc6fade5",
            "133335ee-8908-4908-a124-5fb4cac54a8b",
            "6ebe561f-bf82-4d96-b95f-7ea7ce93b6d0",
            "2adaf8b9-2ed3-4bb0-922c-f61a512e2bc6",
            "379a5bac-c4a4-4e2d-b303-72559b3e06e8",
            "b0da1844-3ff3-42bc-a7f6-7f311e6e5dd1",
            "e02e6cce-12c5-4775-8a40-94f7c4f83908",
            "3b5612d1-79dc-431c-8d0d-ba1f04713bca",
            "1b2b1d4d-4bbf-4596-a503-b6b015509716",
            "deb05588-8055-4239-9b31-58aa30da4415",
            "11188dcf-fbd3-4c77-8bd1-4b5828e2b9fd",
            "4c73e7b9-544c-4307-9316-f15a0b28a360",
            "9ac29cd4-b4c8-4957-b316-da4667ac132f"
          ]
        }
      ],
      "Page": 1
    },
    {
      "BlockType": "LINE",
      "Confidence": 99.91815185546875,
      "Text": "Material",
      "Geometry": {
        "BoundingBox": {
          "Width": 0.03461439535021782,
          "Height": 0.013782649300992489,
          "Left": 0.16281646490097046,
          "Top": 0.2976371943950653
        },
        "Polygon": [
          {
            "X": 0.16281646490097046,
            "Y": 0.2976371943950653
          },
          {
            "X": 0.1974034607410431,
            "Y": 0.29770439863204956
          },
          {
            "X": 0.19743086397647858,
            "Y": 0.31141984462738037
          },
          {
            "X": 0.16284172236919403,
            "Y": 0.311352401971817
          }
        ]
      },
      "Id": "8d55aee1-9e1f-4459-b059-78e256d2f5b8",
      "Relationships": [
        {
          "Type": "CHILD",
          "Ids": [
            "b378a0cb-d188-4656-bf57-d121cfa9be19"
          ]
        }
      ],
      "Page": 1
    },
    {
      "BlockType": "LINE",
      "Confidence": 99.85862731933594,
      "Text": "Chemical structure",
      "Geometry": {
        "BoundingBox": {
          "Width": 0.07830160856246948,
          "Height": 0.014281580224633217,
          "Left": 0.24252259731292725,
          "Top": 0.2973484694957733
        },
        "Polygon": [
          {
            "X": 0.24252259731292725,
            "Y": 0.2973484694957733
          },
          {
            "X": 0.32078811526298523,
            "Y": 0.2975005507469177
          },
          {
            "X": 0.32082420587539673,
            "Y": 0.3116300702095032
          },
          {
            "X": 0.2425536960363388,
            "Y": 0.3114774525165558
          }
        ]
      },
      "Id": "b68e215e-edc2-4f4e-b620-c2ea208b0731",
      "Relationships": [
        {
          "Type": "CHILD",
          "Ids": [
            "0a08914a-15fb-4164-87a2-e14548aa3125",
            "56e4635c-8beb-4856-9fa2-98834ae8e2a4"
          ]
        }
      ],
      "Page": 1
    },
    {
      "BlockType": "LINE",
      "Confidence": 99.95285034179688,
      "Text": "Chemical name",
      "Geometry": {
        "BoundingBox": {
          "Width": 0.06368720531463623,
          "Height": 0.014106525108218193,
          "Left": 0.4184602200984955,
          "Top": 0.2973889708518982
        },
        "Polygon": [
          {
            "X": 0.4184602200984955,
            "Y": 0.2973889708518982
          },
          {
            "X": 0.48210152983665466,
            "Y": 0.29751262068748474
          },
          {
            "X": 0.4821474552154541,
            "Y": 0.31149548292160034
          },
          {
            "X": 0.4185021221637726,
            "Y": 0.31137141585350037
          }
        ]
      },
      "Id": "23ba1170-ff69-4611-b082-effa0969b492",
      "Relationships": [
        {
          "Type": "CHILD",
          "Ids": [
            "f465cc22-aa44-4992-a607-606b428565a5",
            "5a9cc324-e792-4499-926d-cddb8f88f2b0"
          ]
        }
      ],
      "Page": 1
    },
    {
      "BlockType": "LINE",
      "Confidence": 99.88655090332031,
      "Text": "Commercial name",
      "Geometry": {
        "BoundingBox": {
          "Width": 0.07557111233472824,
          "Height": 0.014069019816815853,
          "Left": 0.7304069995880127,
          "Top": 0.29751914739608765
        },
        "Polygon": [
          {
            "X": 0.7304069995880127,
            "Y": 0.29751914739608765
          },
          {
            "X": 0.8059120178222656,
            "Y": 0.2976658344268799
          },
          {
            "X": 0.8059780597686768,
            "Y": 0.3115881681442261
          },
          {
            "X": 0.7304682731628418,
            "Y": 0.31144097447395325
          }
        ]
      },
      "Id": "2caafc57-75f1-4cbf-9dc0-65097a6882bf",
      "Relationships": [
        {
          "Type": "CHILD",
          "Ids": [
            "8463f3a7-f878-4429-a2d2-b12f4ae4ea6c",
            "0543baf1-c383-46fc-8426-5cf238d6fbb2"
          ]
        }
      ],
      "Page": 1
    },
    {
      "BlockType": "LINE",
      "Confidence": 66.2580337524414,
      "Text": "CH2",
      "Geometry": {
        "BoundingBox": {
          "Width": 0.007612381596118212,
          "Height": 0.008784191682934761,
          "Left": 0.32248640060424805,
          "Top": 0.35388895869255066
        },
        "Polygon": [
          {
            "X": 0.32248640060424805,
            "Y": 0.35388895869255066
          },
          {
            "X": 0.3300760090351105,
            "Y": 0.3539038896560669
          },
          {
            "X": 0.3300987780094147,
            "Y": 0.3626731336116791
          },
          {
            "X": 0.32250887155532837,
            "Y": 0.36265817284584045
          }
        ]
      },
      "Id": "8d793688-9b8e-4040-a54e-f1b7ae60ba6e",
      "Relationships": [
        {
          "Type": "CHILD",
          "Ids": [
            "4e2136c7-cdff-4ade-9ccc-42d289e733f0"
          ]
        }
      ],
      "Page": 1
    },
    {
      "BlockType": "LINE",
      "Confidence": 98.94931030273438,
      "Text": "Epoxy resin",
      "Geometry": {
        "BoundingBox": {
          "Width": 0.04865648224949837,
          "Height": 0.017385216429829597,
          "Left": 0.1629989743232727,
          "Top": 0.37297362089157104
        },
        "Polygon": [
          {
            "X": 0.1629989743232727,
            "Y": 0.37297362089157104
          },
          {
            "X": 0.21161982417106628,
            "Y": 0.3730698227882385
          },
          {
            "X": 0.21165545284748077,
            "Y": 0.3903588354587555
          },
          {
            "X": 0.16303080320358276,
            "Y": 0.390262246131897
          }
        ]
      },
      "Id": "08a2a94d-ba64-4a40-8820-2d81c9d99c69",
      "Relationships": [
        {
          "Type": "CHILD",
          "Ids": [
            "c73cf7f7-7317-4353-94d8-93d7efc0cfa9",
            "d9528c54-3e23-471f-98ce-46a5760cf958"
          ]
        }
      ],
      "Page": 1
    },
    {
      "BlockType": "LINE",
      "Confidence": 62.24769973754883,
      "Text": "O",
      "Geometry": {
        "BoundingBox": {
          "Width": 0.003929941449314356,
          "Height": 0.00731642683967948,
          "Left": 0.37118303775787354,
          "Top": 0.3778008222579956
        },
        "Polygon": [
          {
            "X": 0.37118303775787354,
            "Y": 0.3778008222579956
          },
          {
            "X": 0.3750925362110138,
            "Y": 0.3778085708618164
          },
          {
            "X": 0.37511298060417175,
            "Y": 0.3851172626018524
          },
          {
            "X": 0.37120336294174194,
            "Y": 0.38510948419570923
          }
        ]
      },
      "Id": "88f42774-f4f7-4eb4-9cd7-ce1cbc0dfb8d",
      "Relationships": [
        {
          "Type": "CHILD",
          "Ids": [
            "188aba2d-b25e-412f-8b2d-5ca97f905f1e"
          ]
        }
      ],
      "Page": 1
    },
    {
      "BlockType": "LINE",
      "Confidence": 99.53353118896484,
      "Text": "Diglycidyl ether bisphenol A (DGEBA)",
      "Geometry": {
        "BoundingBox": {
          "Width": 0.1569228619337082,
          "Height": 0.0183222908526659,
          "Left": 0.4184223413467407,
          "Top": 0.3722670376300812
        },
        "Polygon": [
          {
            "X": 0.4184223413467407,
            "Y": 0.3722670376300812
          },
          {
            "X": 0.5752784609794617,
            "Y": 0.3725773096084595
          },
          {
            "X": 0.5753452181816101,
            "Y": 0.39058932662010193
          },
          {
            "X": 0.41847628355026245,
            "Y": 0.3902777433395386
          }
        ]
      },
      "Id": "e1d932cd-2913-405e-ac80-91156d01dfbf",
      "Relationships": [
        {
          "Type": "CHILD",
          "Ids": [
            "e7677771-556b-4839-887e-169e1b6f1e79",
            "be03ac62-871f-445a-8485-cb0df4caabe4",
            "fb63a48e-eb08-41fe-b74a-d7ef0a45dc22",
            "e47c3aed-6347-4bc8-b98d-e556011da5d0",
            "f7af7c88-2b91-4be6-afd9-987e583e2c3d"
          ]
        }
      ],
      "Page": 1
    },
    {
      "BlockType": "LINE",
      "Confidence": 99.88703155517578,
      "Text": "EPON 828",
      "Geometry": {
        "BoundingBox": {
          "Width": 0.04129289463162422,
          "Height": 0.013527875766158104,
          "Left": 0.7306082248687744,
          "Top": 0.373211145401001
        },
        "Polygon": [
          {
            "X": 0.7306082248687744,
            "Y": 0.373211145401001
          },
          {
            "X": 0.7718393802642822,
            "Y": 0.3732926845550537
          },
          {
            "X": 0.7719011306762695,
            "Y": 0.38673901557922363
          },
          {
            "X": 0.7306674122810364,
            "Y": 0.386657178401947
          }
        ]
      },
      "Id": "258b0285-b1c0-409a-b1c0-61123206a264",
      "Relationships": [
        {
          "Type": "CHILD",
          "Ids": [
            "2decce16-2365-4ec5-82a2-59c2deab775e",
            "8ce73f35-7f85-438b-88ae-b0b5c2cb7583"
          ]
        }
      ],
      "Page": 1
    },
    {
      "BlockType": "LINE",
      "Confidence": 58.29976272583008,
      "Text": "CH2",
      "Geometry": {
        "BoundingBox": {
          "Width": 0.007736566010862589,
          "Height": 0.009022730402648449,
          "Left": 0.32235532999038696,
          "Top": 0.4021865427494049
        },
        "Polygon": [
          {
            "X": 0.32235532999038696,
            "Y": 0.4021865427494049
          },
          {
            "X": 0.33006852865219116,
            "Y": 0.40220189094543457
          },
          {
            "X": 0.3300918936729431,
            "Y": 0.41120925545692444
          },
          {
            "X": 0.32237839698791504,
            "Y": 0.4111938774585724
          }
        ]
      },
      "Id": "3ac26e56-743e-466c-b76d-3d3868d7b969",
      "Relationships": [
        {
          "Type": "CHILD",
          "Ids": [
            "e3f0f3c7-310c-42c5-bed2-6526d9105871"
          ]
        }
      ],
      "Page": 1
    },
    {
      "BlockType": "LINE",
      "Confidence": 98.71453094482422,
      "Text": "Br",
      "Geometry": {
        "BoundingBox": {
          "Width": 0.008713658899068832,
          "Height": 0.01046895794570446,
          "Left": 0.2992621958255768,
          "Top": 0.46336960792541504
        },
        "Polygon": [
          {
            "X": 0.2992621958255768,
            "Y": 0.46336960792541504
          },
          {
            "X": 0.3079497516155243,
            "Y": 0.4633871614933014
          },
          {
            "X": 0.3079758286476135,
            "Y": 0.47383856773376465
          },
          {
            "X": 0.2992878556251526,
            "Y": 0.4738209545612335
          }
        ]
      },
      "Id": "ff42807b-20d8-46f2-82b3-805f66549be3",
      "Relationships": [
        {
          "Type": "CHILD",
          "Ids": [
            "95129b4a-39de-4de2-a202-5b289c7d597d"
          ]
        }
      ],
      "Page": 1
    },
    {
      "BlockType": "LINE",
      "Confidence": 99.76441192626953,
      "Text": "catalyst",
      "Geometry": {
        "BoundingBox": {
          "Width": 0.03166748210787773,
          "Height": 0.01702028140425682,
          "Left": 0.1629074662923813,
          "Top": 0.47713151574134827
        },
        "Polygon": [
          {
            "X": 0.1629074662923813,
            "Y": 0.47713151574134827
          },
          {
            "X": 0.1945413202047348,
            "Y": 0.4771956503391266
          },
          {
            "X": 0.19457493722438812,
            "Y": 0.4941518008708954
          },
          {
            "X": 0.1629386693239212,
            "Y": 0.4940873980522156
          }
        ]
      },
      "Id": "323aa3e4-1188-4489-9aa2-ff83eeb5812b",
      "Relationships": [
        {
          "Type": "CHILD",
          "Ids": [
            "dd3b6360-10c7-4d8e-ad5b-dc005dc5ad8f"
          ]
        }
      ],
      "Page": 1
    },
    {
      "BlockType": "LINE",
      "Confidence": 44.16029739379883,
      "Text": "N",
      "Geometry": {
        "BoundingBox": {
          "Width": 0.007804522756487131,
          "Height": 0.01024071779102087,
          "Left": 0.29629603028297424,
          "Top": 0.48100775480270386
        },
        "Polygon": [
          {
            "X": 0.29629603028297424,
            "Y": 0.48100775480270386
          },
          {
            "X": 0.3040752112865448,
            "Y": 0.48102355003356934
          },
          {
            "X": 0.30410054326057434,
            "Y": 0.4912484884262085
          },
          {
            "X": 0.29632100462913513,
            "Y": 0.49123266339302063
          }
        ]
      },
      "Id": "6dd1e14d-2fb0-4298-a843-6ef28f8173c5",
      "Relationships": [
        {
          "Type": "CHILD",
          "Ids": [
            "6aabc120-8fd3-44d1-aa4f-9a0880f733a9"
          ]
        }
      ],
      "Page": 1
    },
    {
      "BlockType": "LINE",
      "Confidence": 98.9640884399414,
      "Text": "Tetra n-butyl ammonium bromide",
      "Geometry": {
        "BoundingBox": {
          "Width": 0.14392635226249695,
          "Height": 0.017984427511692047,
          "Left": 0.4180009663105011,
          "Top": 0.4764348566532135
        },
        "Polygon": [
          {
            "X": 0.4180009663105011,
            "Y": 0.4764348566532135
          },
          {
            "X": 0.5618628859519958,
            "Y": 0.4767264127731323
          },
          {
            "X": 0.561927318572998,
            "Y": 0.49441930651664734
          },
          {
            "X": 0.41805389523506165,
            "Y": 0.4941265285015106
          }
        ]
      },
      "Id": "5cf1a0d6-d3a0-41cd-838f-8671cc7d00b3",
      "Relationships": [
        {
          "Type": "CHILD",
          "Ids": [
            "3b37ac40-3140-4d85-b072-c0e6093bf775",
            "992c2a90-20a3-42fb-9eb1-728bd32fc1da",
            "b96e22e5-9575-4462-95d0-7bf8a69e143f",
            "bffeec1a-def3-4348-ab47-d20dfefc373c"
          ]
        }
      ],
      "Page": 1
    },
    {
      "BlockType": "LINE",
      "Confidence": 99.6573715209961,
      "Text": "TBAB",
      "Geometry": {
        "BoundingBox": {
          "Width": 0.022176183760166168,
          "Height": 0.013155723921954632,
          "Left": 0.7300613522529602,
          "Top": 0.4774867296218872
        },
        "Polygon": [
          {
            "X": 0.7300613522529602,
            "Y": 0.4774867296218872
          },
          {
            "X": 0.7521785497665405,
            "Y": 0.4775315523147583
          },
          {
            "X": 0.7522375583648682,
            "Y": 0.4906424582004547
          },
          {
            "X": 0.7301190495491028,
            "Y": 0.4905974864959717
          }
        ]
      },
      "Id": "3d151164-29c8-49b8-b9f3-6367bc6fade5",
      "Relationships": [
        {
          "Type": "CHILD",
          "Ids": [
            "8cab64d5-b650-49d4-8210-50114461defb"
          ]
        }
      ],
      "Page": 1
    },
    {
      "BlockType": "LINE",
      "Confidence": 65.59406280517578,
      "Text": "O",
      "Geometry": {
        "BoundingBox": {
          "Width": 0.0042404904961586,
          "Height": 0.0084603913128376,
          "Left": 0.2859586775302887,
          "Top": 0.5992442965507507
        },
        "Polygon": [
          {
            "X": 0.2859586775302887,
            "Y": 0.5992442965507507
          },
          {
            "X": 0.2901787757873535,
            "Y": 0.5992531180381775
          },
          {
            "X": 0.2901991605758667,
            "Y": 0.6077046990394592
          },
          {
            "X": 0.28597891330718994,
            "Y": 0.6076958775520325
          }
        ]
      },
      "Id": "133335ee-8908-4908-a124-5fb4cac54a8b",
      "Relationships": [
        {
          "Type": "CHILD",
          "Ids": [
            "011b4494-296f-404c-b122-72d9ce092f57"
          ]
        }
      ],
      "Page": 1
    },
    {
      "BlockType": "LINE",
      "Confidence": 99.74624633789062,
      "Text": "Reactive diluent",
      "Geometry": {
        "BoundingBox": {
          "Width": 0.06717900931835175,
          "Height": 0.014132593758404255,
          "Left": 0.1629546582698822,
          "Top": 0.6253101229667664
        },
        "Polygon": [
          {
            "X": 0.1629546582698822,
            "Y": 0.6253101229667664
          },
          {
            "X": 0.23010370135307312,
            "Y": 0.6254509091377258
          },
          {
            "X": 0.23013366758823395,
            "Y": 0.6394426822662354
          },
          {
            "X": 0.16298039257526398,
            "Y": 0.6393014788627625
          }
        ]
      },
      "Id": "6ebe561f-bf82-4d96-b95f-7ea7ce93b6d0",
      "Relationships": [
        {
          "Type": "CHILD",
          "Ids": [
            "974500b1-f5ba-460a-9e35-33ca4c72592a",
            "9846681f-e663-45bc-accb-3f9dec409660"
          ]
        }
      ],
      "Page": 1
    },
    {
      "BlockType": "LINE",
      "Confidence": 74.37840270996094,
      "Text": "O",
      "Geometry": {
        "BoundingBox": {
          "Width": 0.004014801699668169,
          "Height": 0.008607994765043259,
          "Left": 0.2972716689109802,
          "Top": 0.6328272223472595
        },
        "Polygon": [
          {
            "X": 0.2972716689109802,
            "Y": 0.6328272223472595
          },
          {
            "X": 0.30126529932022095,
            "Y": 0.6328356266021729
          },
          {
            "X": 0.3012864887714386,
            "Y": 0.6414352059364319
          },
          {
            "X": 0.29729270935058594,
            "Y": 0.6414268016815186
          }
        ]
      },
      "Id": "2adaf8b9-2ed3-4bb0-922c-f61a512e2bc6",
      "Relationships": [
        {
          "Type": "CHILD",
          "Ids": [
            "6dc202b5-9107-46b7-8c50-1fe49e88ffdb"
          ]
        }
      ],
      "Page": 1
    },
    {
      "BlockType": "LINE",
      "Confidence": 99.49922180175781,
      "Text": "3,4 epoxy cyclo hexyl methyl -3,4 epoxy-cyclo hexane carboxylate(ECC)",
      "Geometry": {
        "BoundingBox": {
          "Width": 0.2998298704624176,
          "Height": 0.018726451322436333,
          "Left": 0.4184672236442566,
          "Top": 0.6249342560768127
        },
        "Polygon": [
          {
            "X": 0.4184672236442566,
            "Y": 0.6249342560768127
          },
          {
            "X": 0.7182185053825378,
            "Y": 0.6255625486373901
          },
          {
            "X": 0.7182971239089966,
            "Y": 0.6436607241630554
          },
          {
            "X": 0.41852137446403503,
            "Y": 0.6430299282073975
          }
        ]
      },
      "Id": "379a5bac-c4a4-4e2d-b303-72559b3e06e8",
      "Relationships": [
        {
          "Type": "CHILD",
          "Ids": [
            "2c9c977d-8a05-4632-83c4-32f58e6f4712",
            "02358a22-3a7c-463a-9151-5bf77d5c4410",
            "ac9a53a9-fbbe-4517-8b05-bd808193669b",
            "404d95ac-26b8-495c-8a13-0d91112df317",
            "e77e626a-07e2-466c-886a-d5065f28e089",
            "6af6e3ab-54f1-490a-b960-4c73e7177e9f",
            "b781a176-2c43-4a74-9823-feaec9cbf38e",
            "71158b11-7c82-441b-8178-87fc526dc7a8",
            "545bd061-d506-4d2e-8b8d-5493fcb73c19"
          ]
        }
      ],
      "Page": 1
    },
    {
      "BlockType": "LINE",
      "Confidence": 91.71556854248047,
      "Text": "Cyclo aliphatic reactive diluer",
      "Geometry": {
        "BoundingBox": {
          "Width": 0.12304649502038956,
          "Height": 0.018458032980561256,
          "Left": 0.7305693030357361,
          "Top": 0.6248387098312378
        },
        "Polygon": [
          {
            "X": 0.7305693030357361,
            "Y": 0.6248387098312378
          },
          {
            "X": 0.8535256385803223,
            "Y": 0.6250963807106018
          },
          {
            "X": 0.8536157608032227,
            "Y": 0.6432967782020569
          },
          {
            "X": 0.7306493520736694,
            "Y": 0.6430380344390869
          }
        ]
      },
      "Id": "b0da1844-3ff3-42bc-a7f6-7f311e6e5dd1",
      "Relationships": [
        {
          "Type": "CHILD",
          "Ids": [
            "12e3dfc8-4601-4b23-966a-b23edbce72b5",
            "64714e76-a29f-4b6d-a921-6942165de8df",
            "a92bb394-dda9-4070-ac3f-ef3782ecd6a8",
            "62fa119e-3669-4b6e-8450-c314a7d4fef0"
          ]
        }
      ],
      "Page": 1
    },
    {
      "BlockType": "LINE",
      "Confidence": 61.25667190551758,
      "Text": "O",
      "Geometry": {
        "BoundingBox": {
          "Width": 0.004024798516184092,
          "Height": 0.008363061584532261,
          "Left": 0.2422868311405182,
          "Top": 0.6445149183273315
        },
        "Polygon": [
          {
            "X": 0.2422868311405182,
            "Y": 0.6445149183273315
          },
          {
            "X": 0.2462931126356125,
            "Y": 0.6445233821868896
          },
          {
            "X": 0.24631161987781525,
            "Y": 0.6528779864311218
          },
          {
            "X": 0.24230517446994781,
            "Y": 0.6528695225715637
          }
        ]
      },
      "Id": "e02e6cce-12c5-4775-8a40-94f7c4f83908",
      "Relationships": [
        {
          "Type": "CHILD",
          "Ids": [
            "ebe041f8-894b-4a0e-839e-58b6894d57d2"
          ]
        }
      ],
      "Page": 1
    },
    {
      "BlockType": "LINE",
      "Confidence": 50.76286315917969,
      "Text": "o",
      "Geometry": {
        "BoundingBox": {
          "Width": 0.004264623858034611,
          "Height": 0.008372859098017216,
          "Left": 0.35163700580596924,
          "Top": 0.6444725394248962
        },
        "Polygon": [
          {
            "X": 0.35163700580596924,
            "Y": 0.6444725394248962
          },
          {
            "X": 0.3558789789676666,
            "Y": 0.6444814801216125
          },
          {
            "X": 0.3559016287326813,
            "Y": 0.6528454422950745
          },
          {
            "X": 0.35165950655937195,
            "Y": 0.6528365015983582
          }
        ]
      },
      "Id": "3b5612d1-79dc-431c-8d0d-ba1f04713bca",
      "Relationships": [
        {
          "Type": "CHILD",
          "Ids": [
            "ff7bc2ab-a3c5-4a41-b399-384fea58ed09"
          ]
        }
      ],
      "Page": 1
    },
    {
      "BlockType": "LINE",
      "Confidence": 99.71172332763672,
      "Text": "Curing agent",
      "Geometry": {
        "BoundingBox": {
          "Width": 0.05332111194729805,
          "Height": 0.017164746299386024,
          "Left": 0.1628977507352829,
          "Top": 0.6889815926551819
        },
        "Polygon": [
          {
            "X": 0.1628977507352829,
            "Y": 0.6889815926551819
          },
          {
            "X": 0.21618342399597168,
            "Y": 0.6890949010848999
          },
          {
            "X": 0.21621887385845184,
            "Y": 0.7061463594436646
          },
          {
            "X": 0.16292910277843475,
            "Y": 0.7060326337814331
          }
        ]
      },
      "Id": "1b2b1d4d-4bbf-4596-a503-b6b015509716",
      "Relationships": [
        {
          "Type": "CHILD",
          "Ids": [
            "9b3c0822-af18-4a0a-8cf9-6fb457ead837",
            "a810257f-3741-4c7f-b6cb-0ae2359eafce"
          ]
        }
      ],
      "Page": 1
    },
    {
      "BlockType": "LINE",
      "Confidence": 21.368120193481445,
      "Text": "2HNCH2CH2NHCHCH2NH2",
      "Geometry": {
        "BoundingBox": {
          "Width": 0.11440631002187729,
          "Height": 0.016642924398183823,
          "Left": 0.24048620462417603,
          "Top": 0.6892963647842407
        },
        "Polygon": [
          {
            "X": 0.24048620462417603,
            "Y": 0.6892963647842407
          },
          {
            "X": 0.354848176240921,
            "Y": 0.6895394921302795
          },
          {
            "X": 0.3548925220966339,
            "Y": 0.7059392929077148
          },
          {
            "X": 0.2405220866203308,
            "Y": 0.7056952714920044
          }
        ]
      },
      "Id": "deb05588-8055-4239-9b31-58aa30da4415",
      "Relationships": [
        {
          "Type": "CHILD",
          "Ids": [
            "85f84e44-eb3f-4f72-9c9b-713aed2f582d"
          ]
        }
      ],
      "Page": 1
    },
    {
      "BlockType": "LINE",
      "Confidence": 99.01162719726562,
      "Text": "Diethylenetriamine",
      "Geometry": {
        "BoundingBox": {
          "Width": 0.08019180595874786,
          "Height": 0.017801087349653244,
          "Left": 0.4186267852783203,
          "Top": 0.6886767148971558
        },
        "Polygon": [
          {
            "X": 0.4186267852783203,
            "Y": 0.6886767148971558
          },
          {
            "X": 0.4987594783306122,
            "Y": 0.6888470649719238
          },
          {
            "X": 0.49881860613822937,
            "Y": 0.7064778208732605
          },
          {
            "X": 0.41867953538894653,
            "Y": 0.7063068151473999
          }
        ]
      },
      "Id": "11188dcf-fbd3-4c77-8bd1-4b5828e2b9fd",
      "Relationships": [
        {
          "Type": "CHILD",
          "Ids": [
            "538954fc-f40b-4507-9742-d153ed817b77"
          ]
        }
      ],
      "Page": 1
    },
    {
      "BlockType": "LINE",
      "Confidence": 99.39488983154297,
      "Text": "DETA",
      "Geometry": {
        "BoundingBox": {
          "Width": 0.02227083407342434,
          "Height": 0.0132296709343791,
          "Left": 0.7307980060577393,
          "Top": 0.6893813014030457
        },
        "Polygon": [
          {
            "X": 0.7307980060577393,
            "Y": 0.6893813014030457
          },
          {
            "X": 0.753009557723999,
            "Y": 0.6894285082817078
          },
          {
            "X": 0.7530688643455505,
            "Y": 0.702610969543457
          },
          {
            "X": 0.7308560013771057,
            "Y": 0.7025635838508606
          }
        ]
      },
      "Id": "4c73e7b9-544c-4307-9316-f15a0b28a360",
      "Relationships": [
        {
          "Type": "CHILD",
          "Ids": [
            "c722928f-4fc5-4eaf-a4db-dd2706dc1b83"
          ]
        }
      ],
      "Page": 1
    },
    {
      "BlockType": "WORD",
      "Confidence": 99.91815185546875,
      "Text": "Material",
      "TextType": "PRINTED",
      "Geometry": {
        "BoundingBox": {
          "Width": 0.03461439535021782,
          "Height": 0.013782649300992489,
          "Left": 0.16281646490097046,
          "Top": 0.2976371943950653
        },
        "Polygon": [
          {
            "X": 0.16281646490097046,
            "Y": 0.2976371943950653
          },
          {
            "X": 0.1974034607410431,
            "Y": 0.29770439863204956
          },
          {
            "X": 0.19743086397647858,
            "Y": 0.31141984462738037
          },
          {
            "X": 0.16284172236919403,
            "Y": 0.311352401971817
          }
        ]
      },
      "Id": "b378a0cb-d188-4656-bf57-d121cfa9be19",
      "Page": 1
    },
    {
      "BlockType": "WORD",
      "Confidence": 99.91474151611328,
      "Text": "Chemical",
      "TextType": "PRINTED",
      "Geometry": {
        "BoundingBox": {
          "Width": 0.03777338191866875,
          "Height": 0.013898203149437904,
          "Left": 0.24252259731292725,
          "Top": 0.2973484694957733
        },
        "Polygon": [
          {
            "X": 0.24252259731292725,
            "Y": 0.2973484694957733
          },
          {
            "X": 0.28026318550109863,
            "Y": 0.29742181301116943
          },
          {
            "X": 0.2802959680557251,
            "Y": 0.31124669313430786
          },
          {
            "X": 0.24255302548408508,
            "Y": 0.31117311120033264
          }
        ]
      },
      "Id": "0a08914a-15fb-4164-87a2-e14548aa3125",
      "Page": 1
    },
    {
      "BlockType": "WORD",
      "Confidence": 99.80250549316406,
      "Text": "structure",
      "TextType": "PRINTED",
      "Geometry": {
        "BoundingBox": {
          "Width": 0.03776342794299126,
          "Height": 0.012506014667451382,
          "Left": 0.283060759305954,
          "Top": 0.2991240322589874
        },
        "Polygon": [
          {
            "X": 0.283060759305954,
            "Y": 0.2991240322589874
          },
          {
            "X": 0.32079243659973145,
            "Y": 0.29919740557670593
          },
          {
            "X": 0.32082420587539673,
            "Y": 0.3116300702095032
          },
          {
            "X": 0.28309041261672974,
            "Y": 0.31155648827552795
          }
        ]
      },
      "Id": "56e4635c-8beb-4856-9fa2-98834ae8e2a4",
      "Page": 1
    },
    {
      "BlockType": "WORD",
      "Confidence": 99.94291687011719,
      "Text": "Chemical",
      "TextType": "PRINTED",
      "Geometry": {
        "BoundingBox": {
          "Width": 0.03816535696387291,
          "Height": 0.014056770130991936,
          "Left": 0.4184602200984955,
          "Top": 0.2973889708518982
        },
        "Polygon": [
          {
            "X": 0.4184602200984955,
            "Y": 0.2973889708518982
          },
          {
            "X": 0.4565812945365906,
            "Y": 0.2974630296230316
          },
          {
            "X": 0.4566255807876587,
            "Y": 0.3114457428455353
          },
          {
            "X": 0.4185021221637726,
            "Y": 0.31137141585350037
          }
        ]
      },
      "Id": "f465cc22-aa44-4992-a607-606b428565a5",
      "Page": 1
    },
    {
      "BlockType": "WORD",
      "Confidence": 99.9627914428711,
      "Text": "name",
      "TextType": "PRINTED",
      "Geometry": {
        "BoundingBox": {
          "Width": 0.02267315983772278,
          "Height": 0.010048518888652325,
          "Left": 0.4594738483428955,
          "Top": 0.3013189435005188
        },
        "Polygon": [
          {
            "X": 0.4594738483428955,
            "Y": 0.3013189435005188
          },
          {
            "X": 0.48211416602134705,
            "Y": 0.3013629615306854
          },
          {
            "X": 0.4821470081806183,
            "Y": 0.3113674521446228
          },
          {
            "X": 0.45950567722320557,
            "Y": 0.3113233149051666
          }
        ]
      },
      "Id": "5a9cc324-e792-4499-926d-cddb8f88f2b0",
      "Page": 1
    },
    {
      "BlockType": "WORD",
      "Confidence": 99.79747009277344,
      "Text": "Commercial",
      "TextType": "PRINTED",
      "Geometry": {
        "BoundingBox": {
          "Width": 0.049808453768491745,
          "Height": 0.014018802903592587,
          "Left": 0.7304069995880127,
          "Top": 0.29751914739608765
        },
        "Polygon": [
          {
            "X": 0.7304069995880127,
            "Y": 0.29751914739608765
          },
          {
            "X": 0.7801509499549866,
            "Y": 0.29761576652526855
          },
          {
            "X": 0.7802154421806335,
            "Y": 0.3115379512310028
          },
          {
            "X": 0.7304682731628418,
            "Y": 0.31144097447395325
          }
        ]
      },
      "Id": "8463f3a7-f878-4429-a2d2-b12f4ae4ea6c",
      "Page": 1
    },
    {
      "BlockType": "WORD",
      "Confidence": 99.97563171386719,
      "Text": "name",
      "TextType": "PRINTED",
      "Geometry": {
        "BoundingBox": {
          "Width": 0.02322220429778099,
          "Height": 0.010469373315572739,
          "Left": 0.78275465965271,
          "Top": 0.3008652925491333
        },
        "Polygon": [
          {
            "X": 0.78275465965271,
            "Y": 0.3008652925491333
          },
          {
            "X": 0.8059273958206177,
            "Y": 0.3009103238582611
          },
          {
            "X": 0.8059768676757812,
            "Y": 0.31133466958999634
          },
          {
            "X": 0.7828030586242676,
            "Y": 0.3112894892692566
          }
        ]
      },
      "Id": "0543baf1-c383-46fc-8426-5cf238d6fbb2",
      "Page": 1
    },
    {
      "BlockType": "WORD",
      "Confidence": 66.2580337524414,
      "Text": "CH2",
      "TextType": "PRINTED",
      "Geometry": {
        "BoundingBox": {
          "Width": 0.007612381596118212,
          "Height": 0.008784191682934761,
          "Left": 0.32248640060424805,
          "Top": 0.35388895869255066
        },
        "Polygon": [
          {
            "X": 0.32248640060424805,
            "Y": 0.35388895869255066
          },
          {
            "X": 0.3300760090351105,
            "Y": 0.3539038896560669
          },
          {
            "X": 0.3300987780094147,
            "Y": 0.3626731336116791
          },
          {
            "X": 0.32250887155532837,
            "Y": 0.36265817284584045
          }
        ]
      },
      "Id": "4e2136c7-cdff-4ade-9ccc-42d289e733f0",
      "Page": 1
    },
    {
      "BlockType": "WORD",
      "Confidence": 98.33104705810547,
      "Text": "Epoxy",
      "TextType": "PRINTED",
      "Geometry": {
        "BoundingBox": {
          "Width": 0.025435345247387886,
          "Height": 0.01674961857497692,
          "Left": 0.16300006210803986,
          "Top": 0.37356308102607727
        },
        "Polygon": [
          {
            "X": 0.16300006210803986,
            "Y": 0.37356308102607727
          },
          {
            "X": 0.18840272724628448,
            "Y": 0.3736133575439453
          },
          {
            "X": 0.1884354054927826,
            "Y": 0.39031270146369934
          },
          {
            "X": 0.16303080320358276,
            "Y": 0.390262246131897
          }
        ]
      },
      "Id": "c73cf7f7-7317-4353-94d8-93d7efc0cfa9",
      "Page": 1
    },
    {
      "BlockType": "WORD",
      "Confidence": 99.56757354736328,
      "Text": "resin",
      "TextType": "PRINTED",
      "Geometry": {
        "BoundingBox": {
          "Width": 0.02041042409837246,
          "Height": 0.013873712159693241,
          "Left": 0.1912379115819931,
          "Top": 0.373029500246048
        },
        "Polygon": [
          {
            "X": 0.1912379115819931,
            "Y": 0.373029500246048
          },
          {
            "X": 0.21161982417106628,
            "Y": 0.3730698227882385
          },
          {
            "X": 0.21164833009243011,
            "Y": 0.38690319657325745
          },
          {
            "X": 0.19126513600349426,
            "Y": 0.38686275482177734
          }
        ]
      },
      "Id": "d9528c54-3e23-471f-98ce-46a5760cf958",
      "Page": 1
    },
    {
      "BlockType": "WORD",
      "Confidence": 62.24769973754883,
      "Text": "O",
      "TextType": "PRINTED",
      "Geometry": {
        "BoundingBox": {
          "Width": 0.003929941449314356,
          "Height": 0.00731642683967948,
          "Left": 0.37118303775787354,
          "Top": 0.3778008222579956
        },
        "Polygon": [
          {
            "X": 0.37118303775787354,
            "Y": 0.3778008222579956
          },
          {
            "X": 0.3750925362110138,
            "Y": 0.3778085708618164
          },
          {
            "X": 0.37511298060417175,
            "Y": 0.3851172626018524
          },
          {
            "X": 0.37120336294174194,
            "Y": 0.38510948419570923
          }
        ]
      },
      "Id": "188aba2d-b25e-412f-8b2d-5ca97f905f1e",
      "Page": 1
    },
    {
      "BlockType": "WORD",
      "Confidence": 99.3580551147461,
      "Text": "Diglycidyl",
      "TextType": "PRINTED",
      "Geometry": {
        "BoundingBox": {
          "Width": 0.041355326771736145,
          "Height": 0.017658112570643425,
          "Left": 0.4184231162071228,
          "Top": 0.37253379821777344
        },
        "Polygon": [
          {
            "X": 0.4184231162071228,
            "Y": 0.37253379821777344
          },
          {
            "X": 0.4597225487232208,
            "Y": 0.3726154863834381
          },
          {
            "X": 0.45977845788002014,
            "Y": 0.390191912651062
          },
          {
            "X": 0.41847577691078186,
            "Y": 0.3901098668575287
          }
        ]
      },
      "Id": "e7677771-556b-4839-887e-169e1b6f1e79",
      "Page": 1
    },
    {
      "BlockType": "WORD",
      "Confidence": 99.51001739501953,
      "Text": "ether",
      "TextType": "PRINTED",
      "Geometry": {
        "BoundingBox": {
          "Width": 0.02225281484425068,
          "Height": 0.013965046033263206,
          "Left": 0.4625228941440582,
          "Top": 0.37291938066482544
        },
        "Polygon": [
          {
            "X": 0.4625228941440582,
            "Y": 0.37291938066482544
          },
          {
            "X": 0.4847298562526703,
            "Y": 0.3729633092880249
          },
          {
            "X": 0.48477572202682495,
            "Y": 0.3868844211101532
          },
          {
            "X": 0.46256735920906067,
            "Y": 0.3868403434753418
          }
        ]
      },
      "Id": "be03ac62-871f-445a-8485-cb0df4caabe4",
      "Page": 1
    },
    {
      "BlockType": "WORD",
      "Confidence": 99.59851837158203,
      "Text": "bisphenol",
      "TextType": "PRINTED",
      "Geometry": {
        "BoundingBox": {
          "Width": 0.04066405072808266,
          "Height": 0.018091941252350807,
          "Left": 0.48710161447525024,
          "Top": 0.3724028766155243
        },
        "Polygon": [
          {
            "X": 0.48710161447525024,
            "Y": 0.3724028766155243
          },
          {
            "X": 0.5277028679847717,
            "Y": 0.37248319387435913
          },
          {
            "X": 0.527765691280365,
            "Y": 0.39049482345581055
          },
          {
            "X": 0.48716115951538086,
            "Y": 0.39041417837142944
          }
        ]
      },
      "Id": "fb63a48e-eb08-41fe-b74a-d7ef0a45dc22",
      "Page": 1
    },
    {
      "BlockType": "WORD",
      "Confidence": 99.69034576416016,
      "Text": "A",
      "TextType": "PRINTED",
      "Geometry": {
        "BoundingBox": {
          "Width": 0.006414532661437988,
          "Height": 0.013246208429336548,
          "Left": 0.5304130911827087,
          "Top": 0.3733762204647064
        },
        "Polygon": [
          {
            "X": 0.5304130911827087,
            "Y": 0.3733762204647064
          },
          {
            "X": 0.5367808938026428,
            "Y": 0.3733888268470764
          },
          {
            "X": 0.5368276238441467,
            "Y": 0.38662242889404297
          },
          {
            "X": 0.5304594039916992,
            "Y": 0.3866097927093506
          }
        ]
      },
      "Id": "e47c3aed-6347-4bc8-b98d-e556011da5d0",
      "Page": 1
    },
    {
      "BlockType": "WORD",
      "Confidence": 99.51071166992188,
      "Text": "(DGEBA)",
      "TextType": "PRINTED",
      "Geometry": {
        "BoundingBox": {
          "Width": 0.036207254976034164,
          "Height": 0.016939399763941765,
          "Left": 0.5391355156898499,
          "Top": 0.37298911809921265
        },
        "Polygon": [
          {
            "X": 0.5391355156898499,
            "Y": 0.37298911809921265
          },
          {
            "X": 0.5752803087234497,
            "Y": 0.3730606138706207
          },
          {
            "X": 0.5753427147865295,
            "Y": 0.38992851972579956
          },
          {
            "X": 0.53919517993927,
            "Y": 0.3898567259311676
          }
        ]
      },
      "Id": "f7af7c88-2b91-4be6-afd9-987e583e2c3d",
      "Page": 1
    },
    {
      "BlockType": "WORD",
      "Confidence": 99.8005599975586,
      "Text": "EPON",
      "TextType": "PRINTED",
      "Geometry": {
        "BoundingBox": {
          "Width": 0.023009495809674263,
          "Height": 0.01321824174374342,
          "Left": 0.7306092381477356,
          "Top": 0.37344565987586975
        },
        "Polygon": [
          {
            "X": 0.7306092381477356,
            "Y": 0.37344565987586975
          },
          {
            "X": 0.7535593509674072,
            "Y": 0.3734910488128662
          },
          {
            "X": 0.7536187767982483,
            "Y": 0.38666391372680664
          },
          {
            "X": 0.7306672930717468,
            "Y": 0.38661834597587585
          }
        ]
      },
      "Id": "2decce16-2365-4ec5-82a2-59c2deab775e",
      "Page": 1
    },
    {
      "BlockType": "WORD",
      "Confidence": 99.97350311279297,
      "Text": "828",
      "TextType": "PRINTED",
      "Geometry": {
        "BoundingBox": {
          "Width": 0.015195770189166069,
          "Height": 0.013476254418492317,
          "Left": 0.7567053437232971,
          "Top": 0.37326276302337646
        },
        "Polygon": [
          {
            "X": 0.7567053437232971,
            "Y": 0.37326276302337646
          },
          {
            "X": 0.7718393802642822,
            "Y": 0.3732926845550537
          },
          {
            "X": 0.7719011306762695,
            "Y": 0.38673901557922363
          },
          {
            "X": 0.756766140460968,
            "Y": 0.38670897483825684
          }
        ]
      },
      "Id": "8ce73f35-7f85-438b-88ae-b0b5c2cb7583",
      "Page": 1
    },
    {
      "BlockType": "WORD",
      "Confidence": 58.29976272583008,
      "Text": "CH2",
      "TextType": "PRINTED",
      "Geometry": {
        "BoundingBox": {
          "Width": 0.007736566010862589,
          "Height": 0.009022730402648449,
          "Left": 0.32235532999038696,
          "Top": 0.4021865427494049
        },
        "Polygon": [
          {
            "X": 0.32235532999038696,
            "Y": 0.4021865427494049
          },
          {
            "X": 0.33006852865219116,
            "Y": 0.40220189094543457
          },
          {
            "X": 0.3300918936729431,
            "Y": 0.41120925545692444
          },
          {
            "X": 0.32237839698791504,
            "Y": 0.4111938774585724
          }
        ]
      },
      "Id": "e3f0f3c7-310c-42c5-bed2-6526d9105871",
      "Page": 1
    },
    {
      "BlockType": "WORD",
      "Confidence": 98.71453094482422,
      "Text": "Br",
      "TextType": "PRINTED",
      "Geometry": {
        "BoundingBox": {
          "Width": 0.008713658899068832,
          "Height": 0.01046895794570446,
          "Left": 0.2992621958255768,
          "Top": 0.46336960792541504
        },
        "Polygon": [
          {
            "X": 0.2992621958255768,
            "Y": 0.46336960792541504
          },
          {
            "X": 0.3079497516155243,
            "Y": 0.4633871614933014
          },
          {
            "X": 0.3079758286476135,
            "Y": 0.47383856773376465
          },
          {
            "X": 0.2992878556251526,
            "Y": 0.4738209545612335
          }
        ]
      },
      "Id": "95129b4a-39de-4de2-a202-5b289c7d597d",
      "Page": 1
    },
    {
      "BlockType": "WORD",
      "Confidence": 99.76441192626953,
      "Text": "catalyst",
      "TextType": "PRINTED",
      "Geometry": {
        "BoundingBox": {
          "Width": 0.03166748210787773,
          "Height": 0.01702028140425682,
          "Left": 0.1629074662923813,
          "Top": 0.47713151574134827
        },
        "Polygon": [
          {
            "X": 0.1629074662923813,
            "Y": 0.47713151574134827
          },
          {
            "X": 0.1945413202047348,
            "Y": 0.4771956503391266
          },
          {
            "X": 0.19457493722438812,
            "Y": 0.4941518008708954
          },
          {
            "X": 0.1629386693239212,
            "Y": 0.4940873980522156
          }
        ]
      },
      "Id": "dd3b6360-10c7-4d8e-ad5b-dc005dc5ad8f",
      "Page": 1
    },
    {
      "BlockType": "WORD",
      "Confidence": 44.16029739379883,
      "Text": "N",
      "TextType": "PRINTED",
      "Geometry": {
        "BoundingBox": {
          "Width": 0.007804522756487131,
          "Height": 0.01024071779102087,
          "Left": 0.29629603028297424,
          "Top": 0.48100775480270386
        },
        "Polygon": [
          {
            "X": 0.29629603028297424,
            "Y": 0.48100775480270386
          },
          {
            "X": 0.3040752112865448,
            "Y": 0.48102355003356934
          },
          {
            "X": 0.30410054326057434,
            "Y": 0.4912484884262085
          },
          {
            "X": 0.29632100462913513,
            "Y": 0.49123266339302063
          }
        ]
      },
      "Id": "6aabc120-8fd3-44d1-aa4f-9a0880f733a9",
      "Page": 1
    },
    {
      "BlockType": "WORD",
      "Confidence": 99.71023559570312,
      "Text": "Tetra",
      "TextType": "PRINTED",
      "Geometry": {
        "BoundingBox": {
          "Width": 0.021874984726309776,
          "Height": 0.013240024447441101,
          "Left": 0.4180033802986145,
          "Top": 0.4772420823574066
        },
        "Polygon": [
          {
            "X": 0.4180033802986145,
            "Y": 0.4772420823574066
          },
          {
            "X": 0.43983760476112366,
            "Y": 0.47728633880615234
          },
          {
            "X": 0.43987837433815,
            "Y": 0.4904821217060089
          },
          {
            "X": 0.4180428683757782,
            "Y": 0.49043771624565125
          }
        ]
      },
      "Id": "3b37ac40-3140-4d85-b072-c0e6093bf775",
      "Page": 1
    },
    {
      "BlockType": "WORD",
      "Confidence": 96.78223419189453,
      "Text": "n-butyl",
      "TextType": "PRINTED",
      "Geometry": {
        "BoundingBox": {
          "Width": 0.03033287823200226,
          "Height": 0.017581501975655556,
          "Left": 0.44286617636680603,
          "Top": 0.4766572415828705
        },
        "Polygon": [
          {
            "X": 0.44286617636680603,
            "Y": 0.4766572415828705
          },
          {
            "X": 0.47314226627349854,
            "Y": 0.47671860456466675
          },
          {
            "X": 0.4731990396976471,
            "Y": 0.4942387640476227
          },
          {
            "X": 0.4429205358028412,
            "Y": 0.4941771328449249
          }
        ]
      },
      "Id": "992c2a90-20a3-42fb-9eb1-728bd32fc1da",
      "Page": 1
    },
    {
      "BlockType": "WORD",
      "Confidence": 99.55825805664062,
      "Text": "ammonium",
      "TextType": "PRINTED",
      "Geometry": {
        "BoundingBox": {
          "Width": 0.04836989939212799,
          "Height": 0.013848855160176754,
          "Left": 0.4757947325706482,
          "Top": 0.47696372866630554
        },
        "Polygon": [
          {
            "X": 0.4757947325706482,
            "Y": 0.47696372866630554
          },
          {
            "X": 0.5241169333457947,
            "Y": 0.4770616590976715
          },
          {
            "X": 0.524164617061615,
            "Y": 0.49081259965896606
          },
          {
            "X": 0.4758394658565521,
            "Y": 0.49071434140205383
          }
        ]
      },
      "Id": "b96e22e5-9575-4462-95d0-7bf8a69e143f",
      "Page": 1
    },
    {
      "BlockType": "WORD",
      "Confidence": 99.80563354492188,
      "Text": "bromide",
      "TextType": "PRINTED",
      "Geometry": {
        "BoundingBox": {
          "Width": 0.034949712455272675,
          "Height": 0.014214134775102139,
          "Left": 0.5269647240638733,
          "Top": 0.4766556918621063
        },
        "Polygon": [
          {
            "X": 0.5269647240638733,
            "Y": 0.4766556918621063
          },
          {
            "X": 0.5618628859519958,
            "Y": 0.4767264127731323
          },
          {
            "X": 0.5619143843650818,
            "Y": 0.49086982011795044
          },
          {
            "X": 0.5270139575004578,
            "Y": 0.49079886078834534
          }
        ]
      },
      "Id": "bffeec1a-def3-4348-ab47-d20dfefc373c",
      "Page": 1
    },
    {
      "BlockType": "WORD",
      "Confidence": 99.6573715209961,
      "Text": "TBAB",
      "TextType": "PRINTED",
      "Geometry": {
        "BoundingBox": {
          "Width": 0.022176183760166168,
          "Height": 0.013155723921954632,
          "Left": 0.7300613522529602,
          "Top": 0.4774867296218872
        },
        "Polygon": [
          {
            "X": 0.7300613522529602,
            "Y": 0.4774867296218872
          },
          {
            "X": 0.7521785497665405,
            "Y": 0.4775315523147583
          },
          {
            "X": 0.7522375583648682,
            "Y": 0.4906424582004547
          },
          {
            "X": 0.7301190495491028,
            "Y": 0.4905974864959717
          }
        ]
      },
      "Id": "8cab64d5-b650-49d4-8210-50114461defb",
      "Page": 1
    },
    {
      "BlockType": "WORD",
      "Confidence": 65.59406280517578,
      "Text": "O",
      "TextType": "PRINTED",
      "Geometry": {
        "BoundingBox": {
          "Width": 0.0042404904961586,
          "Height": 0.0084603913128376,
          "Left": 0.2859586775302887,
          "Top": 0.5992442965507507
        },
        "Polygon": [
          {
            "X": 0.2859586775302887,
            "Y": 0.5992442965507507
          },
          {
            "X": 0.2901787757873535,
            "Y": 0.5992531180381775
          },
          {
            "X": 0.2901991605758667,
            "Y": 0.6077046990394592
          },
          {
            "X": 0.28597891330718994,
            "Y": 0.6076958775520325
          }
        ]
      },
      "Id": "011b4494-296f-404c-b122-72d9ce092f57",
      "Page": 1
    },
    {
      "BlockType": "WORD",
      "Confidence": 99.9350357055664,
      "Text": "Reactive",
      "TextType": "PRINTED",
      "Geometry": {
        "BoundingBox": {
          "Width": 0.03463192284107208,
          "Height": 0.013581662438809872,
          "Left": 0.16295555233955383,
          "Top": 0.6257926225662231
        },
        "Polygon": [
          {
            "X": 0.16295555233955383,
            "Y": 0.6257926225662231
          },
          {
            "X": 0.19756051898002625,
            "Y": 0.6258651614189148
          },
          {
            "X": 0.19758747518062592,
            "Y": 0.6393742561340332
          },
          {
            "X": 0.16298039257526398,
            "Y": 0.6393014788627625
          }
        ]
      },
      "Id": "974500b1-f5ba-460a-9e35-33ca4c72592a",
      "Page": 1
    },
    {
      "BlockType": "WORD",
      "Confidence": 99.55744934082031,
      "Text": "diluent",
      "TextType": "PRINTED",
      "Geometry": {
        "BoundingBox": {
          "Width": 0.029728064313530922,
          "Height": 0.014051749370992184,
          "Left": 0.20040559768676758,
          "Top": 0.6253886222839355
        },
        "Polygon": [
          {
            "X": 0.20040559768676758,
            "Y": 0.6253886222839355
          },
          {
            "X": 0.23010370135307312,
            "Y": 0.6254509091377258
          },
          {
            "X": 0.23013366758823395,
            "Y": 0.6394403576850891
          },
          {
            "X": 0.20043370127677917,
            "Y": 0.6393778920173645
          }
        ]
      },
      "Id": "9846681f-e663-45bc-accb-3f9dec409660",
      "Page": 1
    },
    {
      "BlockType": "WORD",
      "Confidence": 74.37840270996094,
      "Text": "O",
      "TextType": "PRINTED",
      "Geometry": {
        "BoundingBox": {
          "Width": 0.004014801699668169,
          "Height": 0.008607994765043259,
          "Left": 0.2972716689109802,
          "Top": 0.6328272223472595
        },
        "Polygon": [
          {
            "X": 0.2972716689109802,
            "Y": 0.6328272223472595
          },
          {
            "X": 0.30126529932022095,
            "Y": 0.6328356266021729
          },
          {
            "X": 0.3012864887714386,
            "Y": 0.6414352059364319
          },
          {
            "X": 0.29729270935058594,
            "Y": 0.6414268016815186
          }
        ]
      },
      "Id": "6dc202b5-9107-46b7-8c50-1fe49e88ffdb",
      "Page": 1
    },
    {
      "BlockType": "WORD",
      "Confidence": 98.9950942993164,
      "Text": "3,4",
      "TextType": "PRINTED",
      "Geometry": {
        "BoundingBox": {
          "Width": 0.012430866248905659,
          "Height": 0.015484912320971489,
          "Left": 0.4184699058532715,
          "Top": 0.6258286237716675
        },
        "Polygon": [
          {
            "X": 0.4184699058532715,
            "Y": 0.6258286237716675
          },
          {
            "X": 0.4308536648750305,
            "Y": 0.6258545517921448
          },
          {
            "X": 0.43090078234672546,
            "Y": 0.6413135528564453
          },
          {
            "X": 0.4185161590576172,
            "Y": 0.6412874460220337
          }
        ]
      },
      "Id": "2c9c977d-8a05-4632-83c4-32f58e6f4712",
      "Page": 1
    },
    {
      "BlockType": "WORD",
      "Confidence": 99.87023162841797,
      "Text": "epoxy",
      "TextType": "PRINTED",
      "Geometry": {
        "BoundingBox": {
          "Width": 0.025155790150165558,
          "Height": 0.01392130833119154,
          "Left": 0.4336905777454376,
          "Top": 0.6291934251785278
        },
        "Polygon": [
          {
            "X": 0.4336905777454376,
            "Y": 0.6291934251785278
          },
          {
            "X": 0.45880237221717834,
            "Y": 0.6292461156845093
          },
          {
            "X": 0.4588463604450226,
            "Y": 0.6431147456169128
          },
          {
            "X": 0.4337330162525177,
            "Y": 0.6430619359016418
          }
        ]
      },
      "Id": "02358a22-3a7c-463a-9151-5bf77d5c4410",
      "Page": 1
    },
    {
      "BlockType": "WORD",
      "Confidence": 99.73701477050781,
      "Text": "cyclo",
      "TextType": "PRINTED",
      "Geometry": {
        "BoundingBox": {
          "Width": 0.02091052569448948,
          "Height": 0.017227189615368843,
          "Left": 0.4615936279296875,
          "Top": 0.6257655620574951
        },
        "Polygon": [
          {
            "X": 0.4615936279296875,
            "Y": 0.6257655620574951
          },
          {
            "X": 0.4824478030204773,
            "Y": 0.6258092522621155
          },
          {
            "X": 0.4825041592121124,
            "Y": 0.6429927349090576
          },
          {
            "X": 0.4616483747959137,
            "Y": 0.6429488658905029
          }
        ]
      },
      "Id": "ac9a53a9-fbbe-4517-8b05-bd808193669b",
      "Page": 1
    },
    {
      "BlockType": "WORD",
      "Confidence": 99.86848449707031,
      "Text": "hexyl",
      "TextType": "PRINTED",
      "Geometry": {
        "BoundingBox": {
          "Width": 0.022449877113103867,
          "Height": 0.017596201971173286,
          "Left": 0.4855882227420807,
          "Top": 0.6254584789276123
        },
        "Polygon": [
          {
            "X": 0.4855882227420807,
            "Y": 0.6254584789276123
          },
          {
            "X": 0.5079784989356995,
            "Y": 0.6255053877830505
          },
          {
            "X": 0.5080381035804749,
            "Y": 0.6430546641349792
          },
          {
            "X": 0.4856460392475128,
            "Y": 0.6430075764656067
          }
        ]
      },
      "Id": "404d95ac-26b8-495c-8a13-0d91112df317",
      "Page": 1
    },
    {
      "BlockType": "WORD",
      "Confidence": 99.92475128173828,
      "Text": "methyl",
      "TextType": "PRINTED",
      "Geometry": {
        "BoundingBox": {
          "Width": 0.029155952855944633,
          "Height": 0.01762133650481701,
          "Left": 0.5110027194023132,
          "Top": 0.6254696249961853
        },
        "Polygon": [
          {
            "X": 0.5110027194023132,
            "Y": 0.6254696249961853
          },
          {
            "X": 0.5400965213775635,
            "Y": 0.6255306005477905
          },
          {
            "X": 0.5401586890220642,
            "Y": 0.6430909633636475
          },
          {
            "X": 0.5110626220703125,
            "Y": 0.6430296897888184
          }
        ]
      },
      "Id": "e77e626a-07e2-466c-886a-d5065f28e089",
      "Page": 1
    },
    {
      "BlockType": "WORD",
      "Confidence": 98.13068389892578,
      "Text": "-3,4",
      "TextType": "PRINTED",
      "Geometry": {
        "BoundingBox": {
          "Width": 0.016128044575452805,
          "Height": 0.015827184543013573,
          "Left": 0.5432071089744568,
          "Top": 0.6254621744155884
        },
        "Polygon": [
          {
            "X": 0.5432071089744568,
            "Y": 0.6254621744155884
          },
          {
            "X": 0.5592778921127319,
            "Y": 0.6254958510398865
          },
          {
            "X": 0.5593351721763611,
            "Y": 0.6412893533706665
          },
          {
            "X": 0.5432632565498352,
            "Y": 0.6412555575370789
          }
        ]
      },
      "Id": "6af6e3ab-54f1-490a-b960-4c73e7177e9f",
      "Page": 1
    },
    {
      "BlockType": "WORD",
      "Confidence": 99.5791015625,
      "Text": "epoxy-cyclo",
      "TextType": "PRINTED",
      "Geometry": {
        "BoundingBox": {
          "Width": 0.0502629317343235,
          "Height": 0.017435068264603615,
          "Left": 0.5618001222610474,
          "Top": 0.6256109476089478
        },
        "Polygon": [
          {
            "X": 0.5618001222610474,
            "Y": 0.6256109476089478
          },
          {
            "X": 0.611996054649353,
            "Y": 0.6257161498069763
          },
          {
            "X": 0.6120630502700806,
            "Y": 0.6430460214614868
          },
          {
            "X": 0.561863124370575,
            "Y": 0.6429404020309448
          }
        ]
      },
      "Id": "b781a176-2c43-4a74-9823-feaec9cbf38e",
      "Page": 1
    },
    {
      "BlockType": "WORD",
      "Confidence": 99.89733123779297,
      "Text": "hexane",
      "TextType": "PRINTED",
      "Geometry": {
        "BoundingBox": {
          "Width": 0.029852289706468582,
          "Height": 0.01383332908153534,
          "Left": 0.614959716796875,
          "Top": 0.6256475448608398
        },
        "Polygon": [
          {
            "X": 0.614959716796875,
            "Y": 0.6256475448608398
          },
          {
            "X": 0.6447567343711853,
            "Y": 0.6257100105285645
          },
          {
            "X": 0.6448119878768921,
            "Y": 0.6394808888435364
          },
          {
            "X": 0.6150131225585938,
            "Y": 0.6394182443618774
          }
        ]
      },
      "Id": "71158b11-7c82-441b-8178-87fc526dc7a8",
      "Page": 1
    },
    {
      "BlockType": "WORD",
      "Confidence": 99.49029541015625,
      "Text": "carboxylate(ECC)",
      "TextType": "PRINTED",
      "Geometry": {
        "BoundingBox": {
          "Width": 0.07068460434675217,
          "Height": 0.017679130658507347,
          "Left": 0.6476100087165833,
          "Top": 0.6254145503044128
        },
        "Polygon": [
          {
            "X": 0.6476100087165833,
            "Y": 0.6254145503044128
          },
          {
            "X": 0.7182185053825378,
            "Y": 0.6255625486373901
          },
          {
            "X": 0.718294620513916,
            "Y": 0.6430936455726624
          },
          {
            "X": 0.6476805806159973,
            "Y": 0.6429451107978821
          }
        ]
      },
      "Id": "545bd061-d506-4d2e-8b8d-5493fcb73c19",
      "Page": 1
    },
    {
      "BlockType": "WORD",
      "Confidence": 99.7452621459961,
      "Text": "Cyclo",
      "TextType": "PRINTED",
      "Geometry": {
        "BoundingBox": {
          "Width": 0.022203652188181877,
          "Height": 0.017239727079868317,
          "Left": 0.730571985244751,
          "Top": 0.6254457235336304
        },
        "Polygon": [
          {
            "X": 0.730571985244751,
            "Y": 0.6254457235336304
          },
          {
            "X": 0.7526982426643372,
            "Y": 0.6254920959472656
          },
          {
            "X": 0.7527756094932556,
            "Y": 0.6426854729652405
          },
          {
            "X": 0.730647623538971,
            "Y": 0.6426389217376709
          }
        ]
      },
      "Id": "12e3dfc8-4601-4b23-966a-b23edbce72b5",
      "Page": 1
    },
    {
      "BlockType": "WORD",
      "Confidence": 99.9291000366211,
      "Text": "aliphatic",
      "TextType": "PRINTED",
      "Geometry": {
        "BoundingBox": {
          "Width": 0.0358964204788208,
          "Height": 0.017716163769364357,
          "Left": 0.7554547190666199,
          "Top": 0.6254495978355408
        },
        "Polygon": [
          {
            "X": 0.7554547190666199,
            "Y": 0.6254495978355408
          },
          {
            "X": 0.7912687063217163,
            "Y": 0.625524640083313
          },
          {
            "X": 0.7913511395454407,
            "Y": 0.6431657671928406
          },
          {
            "X": 0.755534291267395,
            "Y": 0.6430903673171997
          }
        ]
      },
      "Id": "64714e76-a29f-4b6d-a921-6942165de8df",
      "Page": 1
    },
    {
      "BlockType": "WORD",
      "Confidence": 99.95408630371094,
      "Text": "reactive",
      "TextType": "PRINTED",
      "Geometry": {
        "BoundingBox": {
          "Width": 0.032763153314590454,
          "Height": 0.013938212767243385,
          "Left": 0.7940604090690613,
          "Top": 0.6257933974266052
        },
        "Polygon": [
          {
            "X": 0.7940604090690613,
            "Y": 0.6257933974266052
          },
          {
            "X": 0.8267565369606018,
            "Y": 0.6258618831634521
          },
          {
            "X": 0.8268235921859741,
            "Y": 0.6397315859794617
          },
          {
            "X": 0.7941253781318665,
            "Y": 0.6396628618240356
          }
        ]
      },
      "Id": "a92bb394-dda9-4070-ac3f-ef3782ecd6a8",
      "Page": 1
    },
    {
      "BlockType": "WORD",
      "Confidence": 67.23383331298828,
      "Text": "diluer",
      "TextType": "PRINTED",
      "Geometry": {
        "BoundingBox": {
          "Width": 0.024895692244172096,
          "Height": 0.015235720202326775,
          "Left": 0.8287051320075989,
          "Top": 0.6250443458557129
        },
        "Polygon": [
          {
            "X": 0.8287051320075989,
            "Y": 0.6250443458557129
          },
          {
            "X": 0.8535256385803223,
            "Y": 0.6250963807106018
          },
          {
            "X": 0.8536008596420288,
            "Y": 0.6402800679206848
          },
          {
            "X": 0.8287786841392517,
            "Y": 0.6402279138565063
          }
        ]
      },
      "Id": "62fa119e-3669-4b6e-8450-c314a7d4fef0",
      "Page": 1
    },
    {
      "BlockType": "WORD",
      "Confidence": 61.25667190551758,
      "Text": "O",
      "TextType": "PRINTED",
      "Geometry": {
        "BoundingBox": {
          "Width": 0.004024798516184092,
          "Height": 0.008363061584532261,
          "Left": 0.2422868311405182,
          "Top": 0.6445149183273315
        },
        "Polygon": [
          {
            "X": 0.2422868311405182,
            "Y": 0.6445149183273315
          },
          {
            "X": 0.2462931126356125,
            "Y": 0.6445233821868896
          },
          {
            "X": 0.24631161987781525,
            "Y": 0.6528779864311218
          },
          {
            "X": 0.24230517446994781,
            "Y": 0.6528695225715637
          }
        ]
      },
      "Id": "ebe041f8-894b-4a0e-839e-58b6894d57d2",
      "Page": 1
    },
    {
      "BlockType": "WORD",
      "Confidence": 50.76286315917969,
      "Text": "o",
      "TextType": "PRINTED",
      "Geometry": {
        "BoundingBox": {
          "Width": 0.004264623858034611,
          "Height": 0.008372859098017216,
          "Left": 0.35163700580596924,
          "Top": 0.6444725394248962
        },
        "Polygon": [
          {
            "X": 0.35163700580596924,
            "Y": 0.6444725394248962
          },
          {
            "X": 0.3558789789676666,
            "Y": 0.6444814801216125
          },
          {
            "X": 0.3559016287326813,
            "Y": 0.6528454422950745
          },
          {
            "X": 0.35165950655937195,
            "Y": 0.6528365015983582
          }
        ]
      },
      "Id": "ff7bc2ab-a3c5-4a41-b399-384fea58ed09",
      "Page": 1
    },
    {
      "BlockType": "WORD",
      "Confidence": 99.98524475097656,
      "Text": "Curing",
      "TextType": "PRINTED",
      "Geometry": {
        "BoundingBox": {
          "Width": 0.02769225463271141,
          "Height": 0.017110053449869156,
          "Left": 0.1628977507352829,
          "Top": 0.6889815926551819
        },
        "Polygon": [
          {
            "X": 0.1628977507352829,
            "Y": 0.6889815926551819
          },
          {
            "X": 0.19055654108524323,
            "Y": 0.6890404224395752
          },
          {
            "X": 0.1905900090932846,
            "Y": 0.7060916423797607
          },
          {
            "X": 0.16292910277843475,
            "Y": 0.7060326337814331
          }
        ]
      },
      "Id": "9b3c0822-af18-4a0a-8cf9-6fb457ead837",
      "Page": 1
    },
    {
      "BlockType": "WORD",
      "Confidence": 99.43820190429688,
      "Text": "agent",
      "TextType": "PRINTED",
      "Geometry": {
        "BoundingBox": {
          "Width": 0.022860471159219742,
          "Height": 0.015726860612630844,
          "Left": 0.19335825741291046,
          "Top": 0.6903509497642517
        },
        "Polygon": [
          {
            "X": 0.19335825741291046,
            "Y": 0.6903509497642517
          },
          {
            "X": 0.21618613600730896,
            "Y": 0.6903994679450989
          },
          {
            "X": 0.2162187248468399,
            "Y": 0.7060778141021729
          },
          {
            "X": 0.19338922202587128,
            "Y": 0.7060290575027466
          }
        ]
      },
      "Id": "a810257f-3741-4c7f-b6cb-0ae2359eafce",
      "Page": 1
    },
    {
      "BlockType": "WORD",
      "Confidence": 21.368120193481445,
      "Text": "2HNCH2CH2NHCHCH2NH2",
      "TextType": "PRINTED",
      "Geometry": {
        "BoundingBox": {
          "Width": 0.11440631002187729,
          "Height": 0.016642924398183823,
          "Left": 0.24048620462417603,
          "Top": 0.6892963647842407
        },
        "Polygon": [
          {
            "X": 0.24048620462417603,
            "Y": 0.6892963647842407
          },
          {
            "X": 0.354848176240921,
            "Y": 0.6895394921302795
          },
          {
            "X": 0.3548925220966339,
            "Y": 0.7059392929077148
          },
          {
            "X": 0.2405220866203308,
            "Y": 0.7056952714920044
          }
        ]
      },
      "Id": "85f84e44-eb3f-4f72-9c9b-713aed2f582d",
      "Page": 1
    },
    {
      "BlockType": "WORD",
      "Confidence": 99.01162719726562,
      "Text": "Diethylenetriamine",
      "TextType": "PRINTED",
      "Geometry": {
        "BoundingBox": {
          "Width": 0.08019180595874786,
          "Height": 0.017801087349653244,
          "Left": 0.4186267852783203,
          "Top": 0.6886767148971558
        },
        "Polygon": [
          {
            "X": 0.4186267852783203,
            "Y": 0.6886767148971558
          },
          {
            "X": 0.4987594783306122,
            "Y": 0.6888470649719238
          },
          {
            "X": 0.49881860613822937,
            "Y": 0.7064778208732605
          },
          {
            "X": 0.41867953538894653,
            "Y": 0.7063068151473999
          }
        ]
      },
      "Id": "538954fc-f40b-4507-9742-d153ed817b77",
      "Page": 1
    },
    {
      "BlockType": "WORD",
      "Confidence": 99.39488983154297,
      "Text": "DETA",
      "TextType": "PRINTED",
      "Geometry": {
        "BoundingBox": {
          "Width": 0.02227083407342434,
          "Height": 0.0132296709343791,
          "Left": 0.7307980060577393,
          "Top": 0.6893813014030457
        },
        "Polygon": [
          {
            "X": 0.7307980060577393,
            "Y": 0.6893813014030457
          },
          {
            "X": 0.753009557723999,
            "Y": 0.6894285082817078
          },
          {
            "X": 0.7530688643455505,
            "Y": 0.702610969543457
          },
          {
            "X": 0.7308560013771057,
            "Y": 0.7025635838508606
          }
        ]
      },
      "Id": "c722928f-4fc5-4eaf-a4db-dd2706dc1b83",
      "Page": 1
    },
    {
      "BlockType": "TABLE",
      "Confidence": 99.365234375,
      "Geometry": {
        "BoundingBox": {
          "Width": 0.7032654285430908,
          "Height": 0.43784356117248535,
          "Left": 0.14851365983486176,
          "Top": 0.28079038858413696
        },
        "Polygon": [
          {
            "X": 0.14851365983486176,
            "Y": 0.28079038858413696
          },
          {
            "X": 0.8496211767196655,
            "Y": 0.2821473479270935
          },
          {
            "X": 0.8517791032791138,
            "Y": 0.7186339497566223
          },
          {
            "X": 0.14928892254829407,
            "Y": 0.7171311378479004
          }
        ]
      },
      "Id": "9ac29cd4-b4c8-4957-b316-da4667ac132f",
      "Relationships": [
        {
          "Type": "CHILD",
          "Ids": [
            "7f53a09b-4b5f-4443-a129-030145adaffc",
            "7343195d-1f25-4da3-99ed-5fce8cf1e79d",
            "f7793180-94f6-4b1c-b506-ef23c5be877b",
            "9053f477-eecc-4459-a7dc-5109bc4a0d1a",
            "1b79a1b5-e53d-4b35-a80b-13738dc25a02",
            "00d57d88-0e47-462a-8af2-abff5db9584e",
            "79d4051f-21a2-4626-a3ee-2dbec45ea7c5",
            "b5cd73f2-b880-44a7-8625-d324a2b89cb5",
            "3da61dee-17b1-4b02-9741-f3eaaa39b9f2",
            "f55366ff-a16e-4e71-8d92-accc42c89642",
            "12521525-d740-4b0f-8db8-6c7eadb6bcb4",
            "bcdd18d2-aaf0-4883-b974-8bfb2e2ff5f1",
            "8eabeaf0-3b55-40ff-b4bd-2519d704a25e",
            "fadbbadc-56f3-47df-8003-39e5dc8166e1",
            "b33f940c-9b52-4234-89a8-a25eb70caec4",
            "a6a34993-2e39-4ad7-959b-71ec4ea97d64",
            "b25a378c-1172-4490-901a-fc1b6815e01a",
            "e04d6f7d-ec9a-4bf4-91e4-56d7d5999f10",
            "cde882d3-30f5-42e2-a381-07ee0d8d91cb",
            "844b6af3-66c7-4e55-91b3-2ef1456d09f6"
          ]
        }
      ],
      "EntityTypes": [
        "STRUCTURED_TABLE"
      ],
      "Page": 1
    },
    {
      "BlockType": "CELL",
      "Confidence": 70.849609375,
      "RowIndex": 1,
      "ColumnIndex": 1,
      "RowSpan": 1,
      "ColumnSpan": 1,
      "Geometry": {
        "BoundingBox": {
          "Width": 0.0856526717543602,
          "Height": 0.04081104323267937,
          "Left": 0.14851365983486176,
          "Top": 0.28079038858413696
        },
        "Polygon": [
          {
            "X": 0.14851365983486176,
            "Y": 0.28079038858413696
          },
          {
            "X": 0.23407840728759766,
            "Y": 0.2809560000896454
          },
          {
            "X": 0.23416632413864136,
            "Y": 0.32160142064094543
          },
          {
            "X": 0.14858587086200714,
            "Y": 0.3214341700077057
          }
        ]
      },
      "Id": "7f53a09b-4b5f-4443-a129-030145adaffc",
      "Relationships": [
        {
          "Type": "CHILD",
          "Ids": [
            "b378a0cb-d188-4656-bf57-d121cfa9be19"
          ]
        }
      ],
      "EntityTypes": [
        "COLUMN_HEADER"
      ],
      "Page": 1
    },
    {
      "BlockType": "CELL",
      "Confidence": 76.5625,
      "RowIndex": 1,
      "ColumnIndex": 2,
      "RowSpan": 1,
      "ColumnSpan": 1,
      "Geometry": {
        "BoundingBox": {
          "Width": 0.17502596974372864,
          "Height": 0.04098733887076378,
          "Left": 0.23407840728759766,
          "Top": 0.2809560000896454
        },
        "Polygon": [
          {
            "X": 0.23407840728759766,
            "Y": 0.2809560000896454
          },
          {
            "X": 0.40898433327674866,
            "Y": 0.2812945246696472
          },
          {
            "X": 0.4091043770313263,
            "Y": 0.32194334268569946
          },
          {
            "X": 0.23416632413864136,
            "Y": 0.32160142064094543
          }
        ]
      },
      "Id": "7343195d-1f25-4da3-99ed-5fce8cf1e79d",
      "Relationships": [
        {
          "Type": "CHILD",
          "Ids": [
            "0a08914a-15fb-4164-87a2-e14548aa3125",
            "56e4635c-8beb-4856-9fa2-98834ae8e2a4"
          ]
        }
      ],
      "EntityTypes": [
        "COLUMN_HEADER"
      ],
      "Page": 1
    },
    {
      "BlockType": "CELL",
      "Confidence": 87.744140625,
      "RowIndex": 1,
      "ColumnIndex": 3,
      "RowSpan": 1,
      "ColumnSpan": 1,
      "Geometry": {
        "BoundingBox": {
          "Width": 0.31360167264938354,
          "Height": 0.041261494159698486,
          "Left": 0.40898433327674866,
          "Top": 0.2812945246696472
        },
        "Polygon": [
          {
            "X": 0.40898433327674866,
            "Y": 0.2812945246696472
          },
          {
            "X": 0.7224083542823792,
            "Y": 0.28190112113952637
          },
          {
            "X": 0.7225859761238098,
            "Y": 0.3225560188293457
          },
          {
            "X": 0.4091043770313263,
            "Y": 0.32194334268569946
          }
        ]
      },
      "Id": "f7793180-94f6-4b1c-b506-ef23c5be877b",
      "Relationships": [
        {
          "Type": "CHILD",
          "Ids": [
            "f465cc22-aa44-4992-a607-606b428565a5",
            "5a9cc324-e792-4499-926d-cddb8f88f2b0"
          ]
        }
      ],
      "EntityTypes": [
        "COLUMN_HEADER"
      ],
      "Page": 1
    },
    {
      "BlockType": "CELL",
      "Confidence": 75.78125,
      "RowIndex": 1,
      "ColumnIndex": 4,
      "RowSpan": 1,
      "ColumnSpan": 1,
      "Geometry": {
        "BoundingBox": {
          "Width": 0.1274137794971466,
          "Height": 0.04090355336666107,
          "Left": 0.7224083542823792,
          "Top": 0.28190112113952637
        },
        "Polygon": [
          {
            "X": 0.7224083542823792,
            "Y": 0.28190112113952637
          },
          {
            "X": 0.8496211767196655,
            "Y": 0.2821473479270935
          },
          {
            "X": 0.8498221635818481,
            "Y": 0.32280468940734863
          },
          {
            "X": 0.7225859761238098,
            "Y": 0.3225560188293457
          }
        ]
      },
      "Id": "9053f477-eecc-4459-a7dc-5109bc4a0d1a",
      "Relationships": [
        {
          "Type": "CHILD",
          "Ids": [
            "8463f3a7-f878-4429-a2d2-b12f4ae4ea6c",
            "0543baf1-c383-46fc-8426-5cf238d6fbb2"
          ]
        }
      ],
      "EntityTypes": [
        "COLUMN_HEADER"
      ],
      "Page": 1
    },
    {
      "BlockType": "CELL",
      "Confidence": 63.37890625,
      "RowIndex": 2,
      "ColumnIndex": 1,
      "RowSpan": 1,
      "ColumnSpan": 1,
      "Geometry": {
        "BoundingBox": {
          "Width": 0.08583219349384308,
          "Height": 0.11653504520654678,
          "Left": 0.14858587086200714,
          "Top": 0.3214341700077057
        },
        "Polygon": [
          {
            "X": 0.14858587086200714,
            "Y": 0.3214341700077057
          },
          {
            "X": 0.23416632413864136,
            "Y": 0.32160142064094543
          },
          {
            "X": 0.23441806435585022,
            "Y": 0.4379692077636719
          },
          {
            "X": 0.14879262447357178,
            "Y": 0.4377972185611725
          }
        ]
      },
      "Id": "1b79a1b5-e53d-4b35-a80b-13738dc25a02",
      "Relationships": [
        {
          "Type": "CHILD",
          "Ids": [
            "c73cf7f7-7317-4353-94d8-93d7efc0cfa9",
            "d9528c54-3e23-471f-98ce-46a5760cf958"
          ]
        }
      ],
      "Page": 1
    },
    {
      "BlockType": "CELL",
      "Confidence": 68.505859375,
      "RowIndex": 2,
      "ColumnIndex": 2,
      "RowSpan": 1,
      "ColumnSpan": 1,
      "Geometry": {
        "BoundingBox": {
          "Width": 0.17528176307678223,
          "Height": 0.11671938002109528,
          "Left": 0.23416632413864136,
          "Top": 0.32160142064094543
        },
        "Polygon": [
          {
            "X": 0.23416632413864136,
            "Y": 0.32160142064094543
          },
          {
            "X": 0.4091043770313263,
            "Y": 0.32194334268569946
          },
          {
            "X": 0.4094480872154236,
            "Y": 0.4383208155632019
          },
          {
            "X": 0.23441806435585022,
            "Y": 0.4379692077636719
          }
        ]
      },
      "Id": "00d57d88-0e47-462a-8af2-abff5db9584e",
      "Relationships": [
        {
          "Type": "CHILD",
          "Ids": [
            "4e2136c7-cdff-4ade-9ccc-42d289e733f0",
            "188aba2d-b25e-412f-8b2d-5ca97f905f1e",
            "e3f0f3c7-310c-42c5-bed2-6526d9105871"
          ]
        }
      ],
      "Page": 1
    },
    {
      "BlockType": "CELL",
      "Confidence": 78.515625,
      "RowIndex": 2,
      "ColumnIndex": 3,
      "RowSpan": 1,
      "ColumnSpan": 1,
      "Geometry": {
        "BoundingBox": {
          "Width": 0.31399017572402954,
          "Height": 0.11700751632452011,
          "Left": 0.4091043770313263,
          "Top": 0.32194334268569946
        },
        "Polygon": [
          {
            "X": 0.4091043770313263,
            "Y": 0.32194334268569946
          },
          {
            "X": 0.7225859761238098,
            "Y": 0.3225560188293457
          },
          {
            "X": 0.7230945825576782,
            "Y": 0.43895086646080017
          },
          {
            "X": 0.4094480872154236,
            "Y": 0.4383208155632019
          }
        ]
      },
      "Id": "79d4051f-21a2-4626-a3ee-2dbec45ea7c5",
      "Relationships": [
        {
          "Type": "CHILD",
          "Ids": [
            "e7677771-556b-4839-887e-169e1b6f1e79",
            "be03ac62-871f-445a-8485-cb0df4caabe4",
            "fb63a48e-eb08-41fe-b74a-d7ef0a45dc22",
            "e47c3aed-6347-4bc8-b98d-e556011da5d0",
            "f7af7c88-2b91-4be6-afd9-987e583e2c3d"
          ]
        }
      ],
      "Page": 1
    },
    {
      "BlockType": "CELL",
      "Confidence": 67.7734375,
      "RowIndex": 2,
      "ColumnIndex": 4,
      "RowSpan": 1,
      "ColumnSpan": 1,
      "Geometry": {
        "BoundingBox": {
          "Width": 0.12781162559986115,
          "Height": 0.11665056645870209,
          "Left": 0.7225859761238098,
          "Top": 0.3225560188293457
        },
        "Polygon": [
          {
            "X": 0.7225859761238098,
            "Y": 0.3225560188293457
          },
          {
            "X": 0.8498221635818481,
            "Y": 0.32280468940734863
          },
          {
            "X": 0.8503976464271545,
            "Y": 0.4392065703868866
          },
          {
            "X": 0.7230945825576782,
            "Y": 0.43895086646080017
          }
        ]
      },
      "Id": "b5cd73f2-b880-44a7-8625-d324a2b89cb5",
      "Relationships": [
        {
          "Type": "CHILD",
          "Ids": [
            "2decce16-2365-4ec5-82a2-59c2deab775e",
            "8ce73f35-7f85-438b-88ae-b0b5c2cb7583"
          ]
        }
      ],
      "Page": 1
    },
    {
      "BlockType": "CELL",
      "Confidence": 62.59765625,
      "RowIndex": 3,
      "ColumnIndex": 1,
      "RowSpan": 1,
      "ColumnSpan": 1,
      "Geometry": {
        "BoundingBox": {
          "Width": 0.08590971678495407,
          "Height": 0.13158175349235535,
          "Left": 0.14879262447357178,
          "Top": 0.4377972185611725
        },
        "Polygon": [
          {
            "X": 0.14879262447357178,
            "Y": 0.4377972185611725
          },
          {
            "X": 0.23441806435585022,
            "Y": 0.4379692077636719
          },
          {
            "X": 0.23470233380794525,
            "Y": 0.5693789720535278
          },
          {
            "X": 0.14902609586715698,
            "Y": 0.5692015886306763
          }
        ]
      },
      "Id": "3da61dee-17b1-4b02-9741-f3eaaa39b9f2",
      "Relationships": [
        {
          "Type": "CHILD",
          "Ids": [
            "dd3b6360-10c7-4d8e-ad5b-dc005dc5ad8f"
          ]
        }
      ],
      "Page": 1
    },
    {
      "BlockType": "CELL",
      "Confidence": 67.626953125,
      "RowIndex": 3,
      "ColumnIndex": 2,
      "RowSpan": 1,
      "ColumnSpan": 1,
      "Geometry": {
        "BoundingBox": {
          "Width": 0.17541815340518951,
          "Height": 0.13177230954170227,
          "Left": 0.23441806435585022,
          "Top": 0.4379692077636719
        },
        "Polygon": [
          {
            "X": 0.23441806435585022,
            "Y": 0.4379692077636719
          },
          {
            "X": 0.4094480872154236,
            "Y": 0.4383208155632019
          },
          {
            "X": 0.4098362326622009,
            "Y": 0.5697415471076965
          },
          {
            "X": 0.23470233380794525,
            "Y": 0.5693789720535278
          }
        ]
      },
      "Id": "f55366ff-a16e-4e71-8d92-accc42c89642",
      "Relationships": [
        {
          "Type": "CHILD",
          "Ids": [
            "95129b4a-39de-4de2-a202-5b289c7d597d",
            "6aabc120-8fd3-44d1-aa4f-9a0880f733a9"
          ]
        }
      ],
      "Page": 1
    },
    {
      "BlockType": "CELL",
      "Confidence": 77.5390625,
      "RowIndex": 3,
      "ColumnIndex": 3,
      "RowSpan": 1,
      "ColumnSpan": 1,
      "Geometry": {
        "BoundingBox": {
          "Width": 0.31422075629234314,
          "Height": 0.132070392370224,
          "Left": 0.4094480872154236,
          "Top": 0.4383208155632019
        },
        "Polygon": [
          {
            "X": 0.4094480872154236,
            "Y": 0.4383208155632019
          },
          {
            "X": 0.7230945825576782,
            "Y": 0.43895086646080017
          },
          {
            "X": 0.7236688733100891,
            "Y": 0.5703911781311035
          },
          {
            "X": 0.4098362326622009,
            "Y": 0.5697415471076965
          }
        ]
      },
      "Id": "12521525-d740-4b0f-8db8-6c7eadb6bcb4",
      "Relationships": [
        {
          "Type": "CHILD",
          "Ids": [
            "3b37ac40-3140-4d85-b072-c0e6093bf775",
            "992c2a90-20a3-42fb-9eb1-728bd32fc1da",
            "b96e22e5-9575-4462-95d0-7bf8a69e143f",
            "bffeec1a-def3-4348-ab47-d20dfefc373c"
          ]
        }
      ],
      "Page": 1
    },
    {
      "BlockType": "CELL",
      "Confidence": 66.943359375,
      "RowIndex": 3,
      "ColumnIndex": 4,
      "RowSpan": 1,
      "ColumnSpan": 1,
      "Geometry": {
        "BoundingBox": {
          "Width": 0.1279529333114624,
          "Height": 0.13170403242111206,
          "Left": 0.7230945825576782,
          "Top": 0.43895086646080017
        },
        "Polygon": [
          {
            "X": 0.7230945825576782,
            "Y": 0.43895086646080017
          },
          {
            "X": 0.8503976464271545,
            "Y": 0.4392065703868866
          },
          {
            "X": 0.8510475158691406,
            "Y": 0.5706548690795898
          },
          {
            "X": 0.7236688733100891,
            "Y": 0.5703911781311035
          }
        ]
      },
      "Id": "bcdd18d2-aaf0-4883-b974-8bfb2e2ff5f1",
      "Relationships": [
        {
          "Type": "CHILD",
          "Ids": [
            "8cab64d5-b650-49d4-8210-50114461defb"
          ]
        }
      ],
      "Page": 1
    },
    {
      "BlockType": "CELL",
      "Confidence": 67.96875,
      "RowIndex": 4,
      "ColumnIndex": 1,
      "RowSpan": 1,
      "ColumnSpan": 1,
      "Geometry": {
        "BoundingBox": {
          "Width": 0.0859103724360466,
          "Height": 0.10840446501970291,
          "Left": 0.14902609586715698,
          "Top": 0.5692015886306763
        },
        "Polygon": [
          {
            "X": 0.14902609586715698,
            "Y": 0.5692015886306763
          },
          {
            "X": 0.23470233380794525,
            "Y": 0.5693789720535278
          },
          {
            "X": 0.23493646085262299,
            "Y": 0.6776060461997986
          },
          {
            "X": 0.1492183804512024,
            "Y": 0.6774243116378784
          }
        ]
      },
      "Id": "8eabeaf0-3b55-40ff-b4bd-2519d704a25e",
      "Relationships": [
        {
          "Type": "CHILD",
          "Ids": [
            "974500b1-f5ba-460a-9e35-33ca4c72592a",
            "9846681f-e663-45bc-accb-3f9dec409660"
          ]
        }
      ],
      "Page": 1
    },
    {
      "BlockType": "CELL",
      "Confidence": 73.4375,
      "RowIndex": 4,
      "ColumnIndex": 2,
      "RowSpan": 1,
      "ColumnSpan": 1,
      "Geometry": {
        "BoundingBox": {
          "Width": 0.1754535436630249,
          "Height": 0.10859868675470352,
          "Left": 0.23470233380794525,
          "Top": 0.5693789720535278
        },
        "Polygon": [
          {
            "X": 0.23470233380794525,
            "Y": 0.5693789720535278
          },
          {
            "X": 0.4098362326622009,
            "Y": 0.5697415471076965
          },
          {
            "X": 0.41015589237213135,
            "Y": 0.6779776811599731
          },
          {
            "X": 0.23493646085262299,
            "Y": 0.6776060461997986
          }
        ]
      },
      "Id": "fadbbadc-56f3-47df-8003-39e5dc8166e1",
      "Relationships": [
        {
          "Type": "CHILD",
          "Ids": [
            "011b4494-296f-404c-b122-72d9ce092f57",
            "6dc202b5-9107-46b7-8c50-1fe49e88ffdb",
            "ebe041f8-894b-4a0e-839e-58b6894d57d2",
            "ff7bc2ab-a3c5-4a41-b399-384fea58ed09"
          ]
        }
      ],
      "Page": 1
    },
    {
      "BlockType": "CELL",
      "Confidence": 84.1796875,
      "RowIndex": 4,
      "ColumnIndex": 3,
      "RowSpan": 1,
      "ColumnSpan": 1,
      "Geometry": {
        "BoundingBox": {
          "Width": 0.3143056035041809,
          "Height": 0.10890199989080429,
          "Left": 0.4098362326622009,
          "Top": 0.5697415471076965
        },
        "Polygon": [
          {
            "X": 0.4098362326622009,
            "Y": 0.5697415471076965
          },
          {
            "X": 0.7236688733100891,
            "Y": 0.5703911781311035
          },
          {
            "X": 0.7241418361663818,
            "Y": 0.678643524646759
          },
          {
            "X": 0.41015589237213135,
            "Y": 0.6779776811599731
          }
        ]
      },
      "Id": "b33f940c-9b52-4234-89a8-a25eb70caec4",
      "Relationships": [
        {
          "Type": "CHILD",
          "Ids": [
            "2c9c977d-8a05-4632-83c4-32f58e6f4712",
            "02358a22-3a7c-463a-9151-5bf77d5c4410",
            "ac9a53a9-fbbe-4517-8b05-bd808193669b",
            "404d95ac-26b8-495c-8a13-0d91112df317",
            "e77e626a-07e2-466c-886a-d5065f28e089",
            "6af6e3ab-54f1-490a-b960-4c73e7177e9f",
            "b781a176-2c43-4a74-9823-feaec9cbf38e",
            "71158b11-7c82-441b-8178-87fc526dc7a8",
            "545bd061-d506-4d2e-8b8d-5493fcb73c19"
          ]
        }
      ],
      "Page": 1
    },
    {
      "BlockType": "CELL",
      "Confidence": 72.65625,
      "RowIndex": 4,
      "ColumnIndex": 4,
      "RowSpan": 1,
      "ColumnSpan": 1,
      "Geometry": {
        "BoundingBox": {
          "Width": 0.12791386246681213,
          "Height": 0.10852257907390594,
          "Left": 0.7236688733100891,
          "Top": 0.5703911781311035
        },
        "Polygon": [
          {
            "X": 0.7236688733100891,
            "Y": 0.5703911781311035
          },
          {
            "X": 0.8510475158691406,
            "Y": 0.5706548690795898
          },
          {
            "X": 0.8515827059745789,
            "Y": 0.6789137721061707
          },
          {
            "X": 0.7241418361663818,
            "Y": 0.678643524646759
          }
        ]
      },
      "Id": "a6a34993-2e39-4ad7-959b-71ec4ea97d64",
      "Relationships": [
        {
          "Type": "CHILD",
          "Ids": [
            "12e3dfc8-4601-4b23-966a-b23edbce72b5",
            "64714e76-a29f-4b6d-a921-6942165de8df",
            "a92bb394-dda9-4070-ac3f-ef3782ecd6a8",
            "62fa119e-3669-4b6e-8450-c314a7d4fef0"
          ]
        }
      ],
      "Page": 1
    },
    {
      "BlockType": "CELL",
      "Confidence": 59.521484375,
      "RowIndex": 5,
      "ColumnIndex": 1,
      "RowSpan": 1,
      "ColumnSpan": 1,
      "Geometry": {
        "BoundingBox": {
          "Width": 0.08580398559570312,
          "Height": 0.03989027440547943,
          "Left": 0.1492183804512024,
          "Top": 0.6774243116378784
        },
        "Polygon": [
          {
            "X": 0.1492183804512024,
            "Y": 0.6774243116378784
          },
          {
            "X": 0.23493646085262299,
            "Y": 0.6776060461997986
          },
          {
            "X": 0.23502236604690552,
            "Y": 0.7173145413398743
          },
          {
            "X": 0.14928892254829407,
            "Y": 0.7171311378479004
          }
        ]
      },
      "Id": "b25a378c-1172-4490-901a-fc1b6815e01a",
      "Relationships": [
        {
          "Type": "CHILD",
          "Ids": [
            "9b3c0822-af18-4a0a-8cf9-6fb457ead837",
            "a810257f-3741-4c7f-b6cb-0ae2359eafce"
          ]
        }
      ],
      "Page": 1
    },
    {
      "BlockType": "CELL",
      "Confidence": 64.306640625,
      "RowIndex": 5,
      "ColumnIndex": 2,
      "RowSpan": 1,
      "ColumnSpan": 1,
      "Geometry": {
        "BoundingBox": {
          "Width": 0.17533670365810394,
          "Height": 0.0400833934545517,
          "Left": 0.23493646085262299,
          "Top": 0.6776060461997986
        },
        "Polygon": [
          {
            "X": 0.23493646085262299,
            "Y": 0.6776060461997986
          },
          {
            "X": 0.41015589237213135,
            "Y": 0.6779776811599731
          },
          {
            "X": 0.41027316451072693,
            "Y": 0.7176894545555115
          },
          {
            "X": 0.23502236604690552,
            "Y": 0.7173145413398743
          }
        ]
      },
      "Id": "e04d6f7d-ec9a-4bf4-91e4-56d7d5999f10",
      "Relationships": [
        {
          "Type": "CHILD",
          "Ids": [
            "85f84e44-eb3f-4f72-9c9b-713aed2f582d"
          ]
        }
      ],
      "Page": 1
    },
    {
      "BlockType": "CELL",
      "Confidence": 73.73046875,
      "RowIndex": 5,
      "ColumnIndex": 3,
      "RowSpan": 1,
      "ColumnSpan": 1,
      "Geometry": {
        "BoundingBox": {
          "Width": 0.31415948271751404,
          "Height": 0.04038361459970474,
          "Left": 0.41015589237213135,
          "Top": 0.6779776811599731
        },
        "Polygon": [
          {
            "X": 0.41015589237213135,
            "Y": 0.6779776811599731
          },
          {
            "X": 0.7241418361663818,
            "Y": 0.678643524646759
          },
          {
            "X": 0.724315345287323,
            "Y": 0.7183612585067749
          },
          {
            "X": 0.41027316451072693,
            "Y": 0.7176894545555115
          }
        ]
      },
      "Id": "cde882d3-30f5-42e2-a381-07ee0d8d91cb",
      "Relationships": [
        {
          "Type": "CHILD",
          "Ids": [
            "538954fc-f40b-4507-9742-d153ed817b77"
          ]
        }
      ],
      "Page": 1
    },
    {
      "BlockType": "CELL",
      "Confidence": 63.671875,
      "RowIndex": 5,
      "ColumnIndex": 4,
      "RowSpan": 1,
      "ColumnSpan": 1,
      "Geometry": {
        "BoundingBox": {
          "Width": 0.12763726711273193,
          "Height": 0.03999042510986328,
          "Left": 0.7241418361663818,
          "Top": 0.678643524646759
        },
        "Polygon": [
          {
            "X": 0.7241418361663818,
            "Y": 0.678643524646759
          },
          {
            "X": 0.8515827059745789,
            "Y": 0.6789137721061707
          },
          {
            "X": 0.8517791032791138,
            "Y": 0.7186339497566223
          },
          {
            "X": 0.724315345287323,
            "Y": 0.7183612585067749
          }
        ]
      },
      "Id": "844b6af3-66c7-4e55-91b3-2ef1456d09f6",
      "Relationships": [
        {
          "Type": "CHILD",
          "Ids": [
            "c722928f-4fc5-4eaf-a4db-dd2706dc1b83"
          ]
        }
      ],
      "Page": 1
    }
  ],
  "AnalyzeDocumentModelVersion": "1.0"
}