"'Material","'Chemical structure","'Chemical name","'Commercial name",
"'Epoxy resin","'CH2 O CH2","'Diglycidyl ether bisphenol A (DGEBA)","'EPON 828",
"'catalyst","'Br N","'Tetra n-butyl ammonium bromide","'TBAB",
"'Reactive diluent","'O O O o","'3,4 epoxy cyclo hexyl methyl -3,4 epoxy-cyclo hexane carboxylate(ECC)","'Cyclo aliphatic reactive diluer",
"'Curing agent","'2HNCH2CH2NHCHCH2NH2","'Diethylenetriamine","'DETA",
,,,

'Confidence Scores % (Table Cell)
"'70.84960938","'76.56250000","'87.74414063","'75.78125000",
"'63.37890625","'68.50585938","'78.51562500","'67.77343750",
"'62.59765625","'67.62695313","'77.53906250","'66.94335938",
"'67.96875000","'73.43750000","'84.17968750","'72.65625000",
"'59.52148438","'64.30664063","'73.73046875","'63.67187500",
