{
  "DocumentMetadata": {
    "Pages": 1
  },
  "JobStatus": "SUCCEEDED",
  "Blocks": [
    {
      "BlockType": "PAGE",
      "Geometry": {
        "BoundingBox": {
          "Width": 1,
          "Height": 1,
          "Left": 0,
          "Top": 0
        },
        "Polygon": [
          {
            "X": 0,
            "Y": 0
          },
          {
            "X": 1,
            "Y": 0.0000020342001789686037
          },
          {
            "X": 1,
            "Y": 1
          },
          {
            "X": 0.000018812484995578416,
            "Y": 1
          }
        ]
      },
      "Id": "cb356868-cf51-45ce-b8a4-5157261fdf21",
      "Relationships": [
        {
          "Type": "CHILD",
          "Ids": [
            "6a9d0ae6-5ea6-449a-a337-1ca11709555e",
            "82e5178c-f189-49d9-8265-edf8b8c15c80",
            "295677d9-2fe2-49b8-a50b-d684d4e7c7c5",
            "92047c56-9a2e-482c-9477-81955d208348",
            "8ddbc812-4835-477b-a427-686a67f019c4",
            "9c2dd055-37ec-4b63-bb4e-7dd45d55bb69",
            "0d954821-e141-4ad0-a309-f48ad2230445",
            "b64941b5-940f-426c-b676-f94f5a90c0be",
            "2de1fc5a-ec88-4dda-9515-a15b2d01014f",
            "54358aee-1a16-4b01-a3b7-bbf9d7f125f5",
            "28bbefda-313a-4c45-b7c7-7fbaf1e33849",
            "b9da2a30-66d3-4807-a230-3c5b397e267b",
            "3c817fe1-05ad-471f-ab05-58e96ec56b5d"
          ]
        }
      ],
      "Page": 1
    },
    {
      "BlockType": "LINE",
      "Confidence": 99.94325256347656,
      "Text": "Samples",
      "Geometry": {
        "BoundingBox": {
          "Width": 0.05334549397230148,
          "Height": 0.026825208216905594,
          "Left": 0.251677542924881,
          "Top": 0.42983683943748474
        },
        "Polygon": [
          {
            "X": 0.251677542924881,
            "Y": 0.42986783385276794
          },
          {
            "X": 0.30490681529045105,
            "Y": 0.42983683943748474
          },
          {
            "X": 0.30502304434776306,
            "Y": 0.45662015676498413
          },
          {
            "X": 0.25178730487823486,
            "Y": 0.45666205883026123
          }
        ]
      },
      "Id": "6a9d0ae6-5ea6-449a-a337-1ca11709555e",
      "Relationships": [
        {
          "Type": "CHILD",
          "Ids": [
            "7333c992-9644-4072-8519-051e1d38a74b"
          ]
        }
      ],
      "Page": 1
    },
    {
      "BlockType": "LINE",
      "Confidence": 71.48584747314453,
      "Text": "Td,1% (°C)",
      "Geometry": {
        "BoundingBox": {
          "Width": 0.058512210845947266,
          "Height": 0.029163334518671036,
          "Left": 0.42356762290000916,
          "Top": 0.42822858691215515
        },
        "Polygon": [
          {
            "X": 0.42356762290000916,
            "Y": 0.4282618761062622
          },
          {
            "X": 0.4819298982620239,
            "Y": 0.42822858691215515
          },
          {
            "X": 0.4820798337459564,
            "Y": 0.457345575094223
          },
          {
            "X": 0.4237098693847656,
            "Y": 0.4573919177055359
          }
        ]
      },
      "Id": "82e5178c-f189-49d9-8265-edf8b8c15c80",
      "Relationships": [
        {
          "Type": "CHILD",
          "Ids": [
            "8cced68e-8123-4edb-9d37-7abee9cf6aee",
            "356acfb8-fb84-463e-8478-9fa03f2b2d8f"
          ]
        }
      ],
      "Page": 1
    },
    {
      "BlockType": "LINE",
      "Confidence": 97.74296569824219,
      "Text": "Char yields at 700 °C (wt.%)",
      "Geometry": {
        "BoundingBox": {
          "Width": 0.17581982910633087,
          "Height": 0.02732064761221409,
          "Left": 0.5796959400177002,
          "Top": 0.4294027090072632
        },
        "Polygon": [
          {
            "X": 0.5796959400177002,
            "Y": 0.42950472235679626
          },
          {
            "X": 0.7553418278694153,
            "Y": 0.4294027090072632
          },
          {
            "X": 0.7555157542228699,
            "Y": 0.456584632396698
          },
          {
            "X": 0.5798482894897461,
            "Y": 0.4567233622074127
          }
        ]
      },
      "Id": "295677d9-2fe2-49b8-a50b-d684d4e7c7c5",
      "Relationships": [
        {
          "Type": "CHILD",
          "Ids": [
            "6699c1f6-3e23-4187-953f-2c343b97f04e",
            "c459712f-7f11-449d-896c-881b3e4f3ef7",
            "07e3c725-5b4b-4fa1-8b16-ef7436582642",
            "b73318fe-7262-469f-a521-e02b5ed28c24",
            "7335bb80-9e1a-42fd-bedf-67d01dacc43e"
          ]
        }
      ],
      "Page": 1
    },
    {
      "BlockType": "LINE",
      "Confidence": 99.69059753417969,
      "Text": "EP",
      "Geometry": {
        "BoundingBox": {
          "Width": 0.01603631116449833,
          "Height": 0.019944703206419945,
          "Left": 0.2518543601036072,
          "Top": 0.48086807131767273
        },
        "Polygon": [
          {
            "X": 0.2518543601036072,
            "Y": 0.4808835983276367
          },
          {
            "X": 0.26780760288238525,
            "Y": 0.48086807131767273
          },
          {
            "X": 0.26789069175720215,
            "Y": 0.5007948279380798
          },
          {
            "X": 0.2519359886646271,
            "Y": 0.5008127689361572
          }
        ]
      },
      "Id": "92047c56-9a2e-482c-9477-81955d208348",
      "Relationships": [
        {
          "Type": "CHILD",
          "Ids": [
            "ceca26b6-d60b-4401-8662-5b8775e9282b"
          ]
        }
      ],
      "Page": 1
    },
    {
      "BlockType": "LINE",
      "Confidence": 99.93363189697266,
      "Text": "369",
      "Geometry": {
        "BoundingBox": {
          "Width": 0.02374555543065071,
          "Height": 0.02059101313352585,
          "Left": 0.42465561628341675,
          "Top": 0.4805746376514435
        },
        "Polygon": [
          {
            "X": 0.42465561628341675,
            "Y": 0.4805976152420044
          },
          {
            "X": 0.44829848408699036,
            "Y": 0.4805746376514435
          },
          {
            "X": 0.44840118288993835,
            "Y": 0.5011389851570129
          },
          {
            "X": 0.42475610971450806,
            "Y": 0.5011656880378723
          }
        ]
      },
      "Id": "8ddbc812-4835-477b-a427-686a67f019c4",
      "Relationships": [
        {
          "Type": "CHILD",
          "Ids": [
            "09978823-00d0-4de8-bfd1-431727f4ef6a"
          ]
        }
      ],
      "Page": 1
    },
    {
      "BlockType": "LINE",
      "Confidence": 99.20706939697266,
      "Text": "15.7",
      "Geometry": {
        "BoundingBox": {
          "Width": 0.026074273511767387,
          "Height": 0.02076023817062378,
          "Left": 0.5807283520698547,
          "Top": 0.4805978536605835
        },
        "Polygon": [
          {
            "X": 0.5807283520698547,
            "Y": 0.4806230962276459
          },
          {
            "X": 0.6066840887069702,
            "Y": 0.4805978536605835
          },
          {
            "X": 0.6068026423454285,
            "Y": 0.501328706741333
          },
          {
            "X": 0.580844521522522,
            "Y": 0.5013580918312073
          }
        ]
      },
      "Id": "9c2dd055-37ec-4b63-bb4e-7dd45d55bb69",
      "Relationships": [
        {
          "Type": "CHILD",
          "Ids": [
            "4b6d137f-ad92-473e-8634-ac3e52457d15"
          ]
        }
      ],
      "Page": 1
    },
    {
      "BlockType": "LINE",
      "Confidence": 99.77183532714844,
      "Text": "3%ABD/EP",
      "Geometry": {
        "BoundingBox": {
          "Width": 0.0644243136048317,
          "Height": 0.025626158341765404,
          "Left": 0.25198492407798767,
          "Top": 0.512965738773346
        },
        "Polygon": [
          {
            "X": 0.25198492407798767,
            "Y": 0.5130441188812256
          },
          {
            "X": 0.31629714369773865,
            "Y": 0.512965738773346
          },
          {
            "X": 0.31640926003456116,
            "Y": 0.5385009050369263
          },
          {
            "X": 0.25208956003189087,
            "Y": 0.5385918617248535
          }
        ]
      },
      "Id": "0d954821-e141-4ad0-a309-f48ad2230445",
      "Relationships": [
        {
          "Type": "CHILD",
          "Ids": [
            "a8770814-96e6-44e2-9235-30ca4938646b"
          ]
        }
      ],
      "Page": 1
    },
    {
      "BlockType": "LINE",
      "Confidence": 99.94412994384766,
      "Text": "344",
      "Geometry": {
        "BoundingBox": {
          "Width": 0.024174978956580162,
          "Height": 0.02071336843073368,
          "Left": 0.424542099237442,
          "Top": 0.5136309266090393
        },
        "Polygon": [
          {
            "X": 0.424542099237442,
            "Y": 0.5136603713035583
          },
          {
            "X": 0.4486137628555298,
            "Y": 0.5136309266090393
          },
          {
            "X": 0.4487170875072479,
            "Y": 0.5343109369277954
          },
          {
            "X": 0.4246431291103363,
            "Y": 0.5343442559242249
          }
        ]
      },
      "Id": "b64941b5-940f-426c-b676-f94f5a90c0be",
      "Relationships": [
        {
          "Type": "CHILD",
          "Ids": [
            "8f32e74d-764b-418b-ac16-eabd0ec630ad"
          ]
        }
      ],
      "Page": 1
    },
    {
      "BlockType": "LINE",
      "Confidence": 99.21440124511719,
      "Text": "19.8",
      "Geometry": {
        "BoundingBox": {
          "Width": 0.025801919400691986,
          "Height": 0.020846325904130936,
          "Left": 0.5807889699935913,
          "Top": 0.513640284538269
        },
        "Polygon": [
          {
            "X": 0.5807889699935913,
            "Y": 0.5136718153953552
          },
          {
            "X": 0.6064718961715698,
            "Y": 0.513640284538269
          },
          {
            "X": 0.6065908670425415,
            "Y": 0.5344510078430176
          },
          {
            "X": 0.5809054970741272,
            "Y": 0.5344866514205933
          }
        ]
      },
      "Id": "2de1fc5a-ec88-4dda-9515-a15b2d01014f",
      "Relationships": [
        {
          "Type": "CHILD",
          "Ids": [
            "dd8029a1-afb0-4ae1-939e-68c8d9ade2e5"
          ]
        }
      ],
      "Page": 1
    },
    {
      "BlockType": "LINE",
      "Confidence": 98.79508972167969,
      "Text": "3%DOPO/EP",
      "Geometry": {
        "BoundingBox": {
          "Width": 0.07499130070209503,
          "Height": 0.024933410808444023,
          "Left": 0.2515430748462677,
          "Top": 0.5465896129608154
        },
        "Polygon": [
          {
            "X": 0.2515430748462677,
            "Y": 0.5467001795768738
          },
          {
            "X": 0.32642433047294617,
            "Y": 0.5465896129608154
          },
          {
            "X": 0.32653436064720154,
            "Y": 0.5713981986045837
          },
          {
            "X": 0.25164467096328735,
            "Y": 0.5715230107307434
          }
        ]
      },
      "Id": "54358aee-1a16-4b01-a3b7-bbf9d7f125f5",
      "Relationships": [
        {
          "Type": "CHILD",
          "Ids": [
            "4a9a173b-7a7c-4715-820c-421f475569fb"
          ]
        }
      ],
      "Page": 1
    },
    {
      "BlockType": "LINE",
      "Confidence": 99.9779281616211,
      "Text": "340",
      "Geometry": {
        "BoundingBox": {
          "Width": 0.02398029901087284,
          "Height": 0.02074584551155567,
          "Left": 0.4245399236679077,
          "Top": 0.5468184351921082
        },
        "Polygon": [
          {
            "X": 0.4245399236679077,
            "Y": 0.5468537211418152
          },
          {
            "X": 0.4484168291091919,
            "Y": 0.5468184351921082
          },
          {
            "X": 0.4485202133655548,
            "Y": 0.5675251483917236
          },
          {
            "X": 0.42464107275009155,
            "Y": 0.5675642490386963
          }
        ]
      },
      "Id": "28bbefda-313a-4c45-b7c7-7fbaf1e33849",
      "Relationships": [
        {
          "Type": "CHILD",
          "Ids": [
            "6bf64449-76e7-42cf-a9c1-6ff57ddc8478"
          ]
        }
      ],
      "Page": 1
    },
    {
      "BlockType": "LINE",
      "Confidence": 97.3970718383789,
      "Text": "20.9",
      "Geometry": {
        "BoundingBox": {
          "Width": 0.026969578117132187,
          "Height": 0.020585767924785614,
          "Left": 0.5796919465065002,
          "Top": 0.5469881296157837
        },
        "Polygon": [
          {
            "X": 0.5796919465065002,
            "Y": 0.5470279455184937
          },
          {
            "X": 0.6065440773963928,
            "Y": 0.5469881296157837
          },
          {
            "X": 0.6066614985466003,
            "Y": 0.5675298571586609
          },
          {
            "X": 0.5798068642616272,
            "Y": 0.5675739049911499
          }
        ]
      },
      "Id": "b9da2a30-66d3-4807-a230-3c5b397e267b",
      "Relationships": [
        {
          "Type": "CHILD",
          "Ids": [
            "4fc0d1ff-985f-4320-a9c0-ab067de7607d"
          ]
        }
      ],
      "Page": 1
    },
    {
      "BlockType": "WORD",
      "Confidence": 99.94325256347656,
      "Text": "Samples",
      "TextType": "PRINTED",
      "Geometry": {
        "BoundingBox": {
          "Width": 0.05334549397230148,
          "Height": 0.026825208216905594,
          "Left": 0.251677542924881,
          "Top": 0.42983683943748474
        },
        "Polygon": [
          {
            "X": 0.251677542924881,
            "Y": 0.42986783385276794
          },
          {
            "X": 0.30490681529045105,
            "Y": 0.42983683943748474
          },
          {
            "X": 0.30502304434776306,
            "Y": 0.45662015676498413
          },
          {
            "X": 0.25178730487823486,
            "Y": 0.45666205883026123
          }
        ]
      },
      "Id": "7333c992-9644-4072-8519-051e1d38a74b",
      "Page": 1
    },
    {
      "BlockType": "WORD",
      "Confidence": 74.0384521484375,
      "Text": "Td,1%",
      "TextType": "PRINTED",
      "Geometry": {
        "BoundingBox": {
          "Width": 0.029789280146360397,
          "Height": 0.026300670579075813,
          "Left": 0.4235815405845642,
          "Top": 0.4310912489891052
        },
        "Polygon": [
          {
            "X": 0.4235815405845642,
            "Y": 0.4311088025569916
          },
          {
            "X": 0.45323896408081055,
            "Y": 0.4310912489891052
          },
          {
            "X": 0.4533708095550537,
            "Y": 0.4573683738708496
          },
          {
            "X": 0.4237098693847656,
            "Y": 0.4573919177055359
          }
        ]
      },
      "Id": "8cced68e-8123-4edb-9d37-7abee9cf6aee",
      "Page": 1
    },
    {
      "BlockType": "WORD",
      "Confidence": 68.9332504272461,
      "Text": "(°C)",
      "TextType": "PRINTED",
      "Geometry": {
        "BoundingBox": {
          "Width": 0.02478104643523693,
          "Height": 0.02807713858783245,
          "Left": 0.4572933316230774,
          "Top": 0.42822858691215515
        },
        "Polygon": [
          {
            "X": 0.4572933316230774,
            "Y": 0.42824262380599976
          },
          {
            "X": 0.4819298982620239,
            "Y": 0.42822858691215515
          },
          {
            "X": 0.4820743799209595,
            "Y": 0.45628634095191956
          },
          {
            "X": 0.45743468403816223,
            "Y": 0.45630571246147156
          }
        ]
      },
      "Id": "356acfb8-fb84-463e-8478-9fa03f2b2d8f",
      "Page": 1
    },
    {
      "BlockType": "WORD",
      "Confidence": 99.62215423583984,
      "Text": "Char",
      "TextType": "PRINTED",
      "Geometry": {
        "BoundingBox": {
          "Width": 0.030094053596258163,
          "Height": 0.021579157561063766,
          "Left": 0.5796985030174255,
          "Top": 0.4299388825893402
        },
        "Polygon": [
          {
            "X": 0.5796985030174255,
            "Y": 0.4299563765525818
          },
          {
            "X": 0.6096689105033875,
            "Y": 0.4299388825893402
          },
          {
            "X": 0.6097925305366516,
            "Y": 0.45149555802345276
          },
          {
            "X": 0.5798191428184509,
            "Y": 0.4515180289745331
          }
        ]
      },
      "Id": "6699c1f6-3e23-4187-953f-2c343b97f04e",
      "Page": 1
    },
    {
      "BlockType": "WORD",
      "Confidence": 99.9479751586914,
      "Text": "yields",
      "TextType": "PRINTED",
      "Geometry": {
        "BoundingBox": {
          "Width": 0.03818119689822197,
          "Height": 0.02723381482064724,
          "Left": 0.6127392649650574,
          "Top": 0.4294634461402893
        },
        "Polygon": [
          {
            "X": 0.6127392649650574,
            "Y": 0.4294855296611786
          },
          {
            "X": 0.6507593989372253,
            "Y": 0.4294634461402893
          },
          {
            "X": 0.6509205102920532,
            "Y": 0.4566672444343567
          },
          {
            "X": 0.612895667552948,
            "Y": 0.4566972553730011
          }
        ]
      },
      "Id": "c459712f-7f11-449d-896c-881b3e4f3ef7",
      "Page": 1
    },
    {
      "BlockType": "WORD",
      "Confidence": 99.98400115966797,
      "Text": "at",
      "TextType": "PRINTED",
      "Geometry": {
        "BoundingBox": {
          "Width": 0.01261916384100914,
          "Height": 0.01941281370818615,
          "Left": 0.6549948453903198,
          "Top": 0.43211549520492554
        },
        "Polygon": [
          {
            "X": 0.6549948453903198,
            "Y": 0.43212300539016724
          },
          {
            "X": 0.6674976348876953,
            "Y": 0.43211549520492554
          },
          {
            "X": 0.6676140427589417,
            "Y": 0.4515189230442047
          },
          {
            "X": 0.6551101803779602,
            "Y": 0.45152831077575684
          }
        ]
      },
      "Id": "07e3c725-5b4b-4fa1-8b16-ef7436582642",
      "Page": 1
    },
    {
      "BlockType": "WORD",
      "Confidence": 93.76075744628906,
      "Text": "700 °C",
      "TextType": "PRINTED",
      "Geometry": {
        "BoundingBox": {
          "Width": 0.04151028394699097,
          "Height": 0.021827060729265213,
          "Left": 0.6716802716255188,
          "Top": 0.4301210939884186
        },
        "Polygon": [
          {
            "X": 0.6716802716255188,
            "Y": 0.43014535307884216
          },
          {
            "X": 0.7130552530288696,
            "Y": 0.4301210939884186
          },
          {
            "X": 0.7131905555725098,
            "Y": 0.45191699266433716
          },
          {
            "X": 0.6718114614486694,
            "Y": 0.4519481658935547
          }
        ]
      },
      "Id": "b73318fe-7262-469f-a521-e02b5ed28c24",
      "Page": 1
    },
    {
      "BlockType": "WORD",
      "Confidence": 95.3999252319336,
      "Text": "(wt.%)",
      "TextType": "PRINTED",
      "Geometry": {
        "BoundingBox": {
          "Width": 0.03907876834273338,
          "Height": 0.026285283267498016,
          "Left": 0.7164344191551208,
          "Top": 0.4299294054508209
        },
        "Polygon": [
          {
            "X": 0.7164344191551208,
            "Y": 0.4299521744251251
          },
          {
            "X": 0.7553451657295227,
            "Y": 0.4299294054508209
          },
          {
            "X": 0.7555131912231445,
            "Y": 0.4561840891838074
          },
          {
            "X": 0.716597855091095,
            "Y": 0.45621469616889954
          }
        ]
      },
      "Id": "7335bb80-9e1a-42fd-bedf-67d01dacc43e",
      "Page": 1
    },
    {
      "BlockType": "WORD",
      "Confidence": 99.69059753417969,
      "Text": "EP",
      "TextType": "PRINTED",
      "Geometry": {
        "BoundingBox": {
          "Width": 0.01603631116449833,
          "Height": 0.019944703206419945,
          "Left": 0.2518543601036072,
          "Top": 0.48086807131767273
        },
        "Polygon": [
          {
            "X": 0.2518543601036072,
            "Y": 0.4808835983276367
          },
          {
            "X": 0.26780760288238525,
            "Y": 0.48086807131767273
          },
          {
            "X": 0.26789069175720215,
            "Y": 0.5007948279380798
          },
          {
            "X": 0.2519359886646271,
            "Y": 0.5008127689361572
          }
        ]
      },
      "Id": "ceca26b6-d60b-4401-8662-5b8775e9282b",
      "Page": 1
    },
    {
      "BlockType": "WORD",
      "Confidence": 99.93363189697266,
      "Text": "369",
      "TextType": "PRINTED",
      "Geometry": {
        "BoundingBox": {
          "Width": 0.02374555543065071,
          "Height": 0.02059101313352585,
          "Left": 0.42465561628341675,
          "Top": 0.4805746376514435
        },
        "Polygon": [
          {
            "X": 0.42465561628341675,
            "Y": 0.4805976152420044
          },
          {
            "X": 0.44829848408699036,
            "Y": 0.4805746376514435
          },
          {
            "X": 0.44840118288993835,
            "Y": 0.5011389851570129
          },
          {
            "X": 0.42475610971450806,
            "Y": 0.5011656880378723
          }
        ]
      },
      "Id": "09978823-00d0-4de8-bfd1-431727f4ef6a",
      "Page": 1
    },
    {
      "BlockType": "WORD",
      "Confidence": 99.20706939697266,
      "Text": "15.7",
      "TextType": "PRINTED",
      "Geometry": {
        "BoundingBox": {
          "Width": 0.026074273511767387,
          "Height": 0.02076023817062378,
          "Left": 0.5807283520698547,
          "Top": 0.4805978536605835
        },
        "Polygon": [
          {
            "X": 0.5807283520698547,
            "Y": 0.4806230962276459
          },
          {
            "X": 0.6066840887069702,
            "Y": 0.4805978536605835
          },
          {
            "X": 0.6068026423454285,
            "Y": 0.501328706741333
          },
          {
            "X": 0.580844521522522,
            "Y": 0.5013580918312073
          }
        ]
      },
      "Id": "4b6d137f-ad92-473e-8634-ac3e52457d15",
      "Page": 1
    },
    {
      "BlockType": "WORD",
      "Confidence": 99.77183532714844,
      "Text": "3%ABD/EP",
      "TextType": "PRINTED",
      "Geometry": {
        "BoundingBox": {
          "Width": 0.0644243136048317,
          "Height": 0.025626158341765404,
          "Left": 0.25198492407798767,
          "Top": 0.512965738773346
        },
        "Polygon": [
          {
            "X": 0.25198492407798767,
            "Y": 0.5130441188812256
          },
          {
            "X": 0.31629714369773865,
            "Y": 0.512965738773346
          },
          {
            "X": 0.31640926003456116,
            "Y": 0.5385009050369263
          },
          {
            "X": 0.25208956003189087,
            "Y": 0.5385918617248535
          }
        ]
      },
      "Id": "a8770814-96e6-44e2-9235-30ca4938646b",
      "Page": 1
    },
    {
      "BlockType": "WORD",
      "Confidence": 99.94412994384766,
      "Text": "344",
      "TextType": "PRINTED",
      "Geometry": {
        "BoundingBox": {
          "Width": 0.024174978956580162,
          "Height": 0.02071336843073368,
          "Left": 0.424542099237442,
          "Top": 0.5136309266090393
        },
        "Polygon": [
          {
            "X": 0.424542099237442,
            "Y": 0.5136603713035583
          },
          {
            "X": 0.4486137628555298,
            "Y": 0.5136309266090393
          },
          {
            "X": 0.4487170875072479,
            "Y": 0.5343109369277954
          },
          {
            "X": 0.4246431291103363,
            "Y": 0.5343442559242249
          }
        ]
      },
      "Id": "8f32e74d-764b-418b-ac16-eabd0ec630ad",
      "Page": 1
    },
    {
      "BlockType": "WORD",
      "Confidence": 99.21440124511719,
      "Text": "19.8",
      "TextType": "PRINTED",
      "Geometry": {
        "BoundingBox": {
          "Width": 0.025801919400691986,
          "Height": 0.020846325904130936,
          "Left": 0.5807889699935913,
          "Top": 0.513640284538269
        },
        "Polygon": [
          {
            "X": 0.5807889699935913,
            "Y": 0.5136718153953552
          },
          {
            "X": 0.6064718961715698,
            "Y": 0.513640284538269
          },
          {
            "X": 0.6065908670425415,
            "Y": 0.5344510078430176
          },
          {
            "X": 0.5809054970741272,
            "Y": 0.5344866514205933
          }
        ]
      },
      "Id": "dd8029a1-afb0-4ae1-939e-68c8d9ade2e5",
      "Page": 1
    },
    {
      "BlockType": "WORD",
      "Confidence": 98.79508972167969,
      "Text": "3%DOPO/EP",
      "TextType": "PRINTED",
      "Geometry": {
        "BoundingBox": {
          "Width": 0.07499130070209503,
          "Height": 0.024933410808444023,
          "Left": 0.2515430748462677,
          "Top": 0.5465896129608154
        },
        "Polygon": [
          {
            "X": 0.2515430748462677,
            "Y": 0.5467001795768738
          },
          {
            "X": 0.32642433047294617,
            "Y": 0.5465896129608154
          },
          {
            "X": 0.32653436064720154,
            "Y": 0.5713981986045837
          },
          {
            "X": 0.25164467096328735,
            "Y": 0.5715230107307434
          }
        ]
      },
      "Id": "4a9a173b-7a7c-4715-820c-421f475569fb",
      "Page": 1
    },
    {
      "BlockType": "WORD",
      "Confidence": 99.9779281616211,
      "Text": "340",
      "TextType": "PRINTED",
      "Geometry": {
        "BoundingBox": {
          "Width": 0.02398029901087284,
          "Height": 0.02074584551155567,
          "Left": 0.4245399236679077,
          "Top": 0.5468184351921082
        },
        "Polygon": [
          {
            "X": 0.4245399236679077,
            "Y": 0.5468537211418152
          },
          {
            "X": 0.4484168291091919,
            "Y": 0.5468184351921082
          },
          {
            "X": 0.4485202133655548,
            "Y": 0.5675251483917236
          },
          {
            "X": 0.42464107275009155,
            "Y": 0.5675642490386963
          }
        ]
      },
      "Id": "6bf64449-76e7-42cf-a9c1-6ff57ddc8478",
      "Page": 1
    },
    {
      "BlockType": "WORD",
      "Confidence": 97.3970718383789,
      "Text": "20.9",
      "TextType": "PRINTED",
      "Geometry": {
        "BoundingBox": {
          "Width": 0.026969578117132187,
          "Height": 0.020585767924785614,
          "Left": 0.5796919465065002,
          "Top": 0.5469881296157837
        },
        "Polygon": [
          {
            "X": 0.5796919465065002,
            "Y": 0.5470279455184937
          },
          {
            "X": 0.6065440773963928,
            "Y": 0.5469881296157837
          },
          {
            "X": 0.6066614985466003,
            "Y": 0.5675298571586609
          },
          {
            "X": 0.5798068642616272,
            "Y": 0.5675739049911499
          }
        ]
      },
      "Id": "4fc0d1ff-985f-4320-a9c0-ab067de7607d",
      "Page": 1
    },
    {
      "BlockType": "TABLE",
      "Confidence": 99.853515625,
      "Geometry": {
        "BoundingBox": {
          "Width": 0.544440746307373,
          "Height": 0.1669994741678238,
          "Left": 0.2280428558588028,
          "Top": 0.4164523780345917
        },
        "Polygon": [
          {
            "X": 0.2280428558588028,
            "Y": 0.4167138934135437
          },
          {
            "X": 0.7714086771011353,
            "Y": 0.4164523780345917
          },
          {
            "X": 0.7724836468696594,
            "Y": 0.5824962258338928
          },
          {
            "X": 0.22870783507823944,
            "Y": 0.5834518671035767
          }
        ]
      },
      "Id": "3c817fe1-05ad-471f-ab05-58e96ec56b5d",
      "Relationships": [
        {
          "Type": "CHILD",
          "Ids": [
            "4e79ebd5-d6d3-42cb-a1ba-a28b968d49b4",
            "0b1dec19-bd97-4db8-97ea-4e179b981cd4",
            "6945d2ff-b89c-45a9-868a-b692c2b8c390",
            "651efb11-d7cf-44ba-b44e-b7ea6e3aa49d",
            "53d6ca3d-4865-438a-ba8e-f429674a6626",
            "9e8496d6-c269-4fe9-aae1-b2cc1bfcf4f3",
            "47a0e5ca-09b9-4038-b985-424a30a27f9e",
            "69cc0d10-4878-4b07-8a76-ba3c406f75d1",
            "9c999e09-c16f-46fb-859d-c086e929e8f3",
            "1f4bd240-ef83-4797-895a-22de441f34c7",
            "b6550bc5-f883-4050-9b25-707f400a2832",
            "3d827edd-c3cd-488c-9ba8-2791f6f8ba5a"
          ]
        }
      ],
      "EntityTypes": [
        "STRUCTURED_TABLE"
      ],
      "Page": 1
    },
    {
      "BlockType": "CELL",
      "Confidence": 92.138671875,
      "RowIndex": 1,
      "ColumnIndex": 1,
      "RowSpan": 1,
      "ColumnSpan": 1,
      "Geometry": {
        "BoundingBox": {
          "Width": 0.14939965307712555,
          "Height": 0.05055013671517372,
          "Left": 0.2280428558588028,
          "Top": 0.41664209961891174
        },
        "Polygon": [
          {
            "X": 0.2280428558588028,
            "Y": 0.4167138934135437
          },
          {
            "X": 0.3772070109844208,
            "Y": 0.41664209961891174
          },
          {
            "X": 0.37744250893592834,
            "Y": 0.4670628011226654
          },
          {
            "X": 0.22824417054653168,
            "Y": 0.46719223260879517
          }
        ]
      },
      "Id": "4e79ebd5-d6d3-42cb-a1ba-a28b968d49b4",
      "Relationships": [
        {
          "Type": "CHILD",
          "Ids": [
            "7333c992-9644-4072-8519-051e1d38a74b"
          ]
        }
      ],
      "EntityTypes": [
        "COLUMN_HEADER"
      ],
      "Page": 1
    },
    {
      "BlockType": "CELL",
      "Confidence": 91.259765625,
      "RowIndex": 1,
      "ColumnIndex": 2,
      "RowSpan": 1,
      "ColumnSpan": 1,
      "Geometry": {
        "BoundingBox": {
          "Width": 0.16091445088386536,
          "Height": 0.050498005002737045,
          "Left": 0.3772070109844208,
          "Top": 0.41656479239463806
        },
        "Polygon": [
          {
            "X": 0.3772070109844208,
            "Y": 0.41664209961891174
          },
          {
            "X": 0.5378492474555969,
            "Y": 0.41656479239463806
          },
          {
            "X": 0.5381214618682861,
            "Y": 0.46692338585853577
          },
          {
            "X": 0.37744250893592834,
            "Y": 0.4670628011226654
          }
        ]
      },
      "Id": "0b1dec19-bd97-4db8-97ea-4e179b981cd4",
      "Relationships": [
        {
          "Type": "CHILD",
          "Ids": [
            "8cced68e-8123-4edb-9d37-7abee9cf6aee",
            "356acfb8-fb84-463e-8478-9fa03f2b2d8f"
          ]
        }
      ],
      "EntityTypes": [
        "COLUMN_HEADER"
      ],
      "Page": 1
    },
    {
      "BlockType": "CELL",
      "Confidence": 95.21484375,
      "RowIndex": 1,
      "ColumnIndex": 3,
      "RowSpan": 1,
      "ColumnSpan": 1,
      "Geometry": {
        "BoundingBox": {
          "Width": 0.23388484120368958,
          "Height": 0.05047100409865379,
          "Left": 0.5378492474555969,
          "Top": 0.4164523780345917
        },
        "Polygon": [
          {
            "X": 0.5378492474555969,
            "Y": 0.41656479239463806
          },
          {
            "X": 0.7714086771011353,
            "Y": 0.4164523780345917
          },
          {
            "X": 0.7717341184616089,
            "Y": 0.46672067046165466
          },
          {
            "X": 0.5381214618682861,
            "Y": 0.46692338585853577
          }
        ]
      },
      "Id": "6945d2ff-b89c-45a9-868a-b692c2b8c390",
      "Relationships": [
        {
          "Type": "CHILD",
          "Ids": [
            "6699c1f6-3e23-4187-953f-2c343b97f04e",
            "c459712f-7f11-449d-896c-881b3e4f3ef7",
            "07e3c725-5b4b-4fa1-8b16-ef7436582642",
            "b73318fe-7262-469f-a521-e02b5ed28c24",
            "7335bb80-9e1a-42fd-bedf-67d01dacc43e"
          ]
        }
      ],
      "EntityTypes": [
        "COLUMN_HEADER"
      ],
      "Page": 1
    },
    {
      "BlockType": "CELL",
      "Confidence": 87.6953125,
      "RowIndex": 2,
      "ColumnIndex": 1,
      "RowSpan": 1,
      "ColumnSpan": 1,
      "Geometry": {
        "BoundingBox": {
          "Width": 0.14938552677631378,
          "Height": 0.040251415222883224,
          "Left": 0.22824417054653168,
          "Top": 0.4670628011226654
        },
        "Polygon": [
          {
            "X": 0.22824417054653168,
            "Y": 0.46719223260879517
          },
          {
            "X": 0.37744250893592834,
            "Y": 0.4670628011226654
          },
          {
            "X": 0.37762969732284546,
            "Y": 0.5071389079093933
          },
          {
            "X": 0.2284041792154312,
            "Y": 0.5073142051696777
          }
        ]
      },
      "Id": "651efb11-d7cf-44ba-b44e-b7ea6e3aa49d",
      "Relationships": [
        {
          "Type": "CHILD",
          "Ids": [
            "ceca26b6-d60b-4401-8662-5b8775e9282b"
          ]
        }
      ],
      "Page": 1
    },
    {
      "BlockType": "CELL",
      "Confidence": 86.865234375,
      "RowIndex": 2,
      "ColumnIndex": 2,
      "RowSpan": 1,
      "ColumnSpan": 1,
      "Geometry": {
        "BoundingBox": {
          "Width": 0.16089533269405365,
          "Height": 0.04021552950143814,
          "Left": 0.37744250893592834,
          "Top": 0.46692338585853577
        },
        "Polygon": [
          {
            "X": 0.37744250893592834,
            "Y": 0.4670628011226654
          },
          {
            "X": 0.5381214618682861,
            "Y": 0.46692338585853577
          },
          {
            "X": 0.5383378267288208,
            "Y": 0.5069501399993896
          },
          {
            "X": 0.37762969732284546,
            "Y": 0.5071389079093933
          }
        ]
      },
      "Id": "53d6ca3d-4865-438a-ba8e-f429674a6626",
      "Relationships": [
        {
          "Type": "CHILD",
          "Ids": [
            "09978823-00d0-4de8-bfd1-431727f4ef6a"
          ]
        }
      ],
      "Page": 1
    },
    {
      "BlockType": "CELL",
      "Confidence": 90.673828125,
      "RowIndex": 2,
      "ColumnIndex": 3,
      "RowSpan": 1,
      "ColumnSpan": 1,
      "Geometry": {
        "BoundingBox": {
          "Width": 0.23387129604816437,
          "Height": 0.0402294360101223,
          "Left": 0.5381214618682861,
          "Top": 0.46672067046165466
        },
        "Polygon": [
          {
            "X": 0.5381214618682861,
            "Y": 0.46692338585853577
          },
          {
            "X": 0.7717341184616089,
            "Y": 0.46672067046165466
          },
          {
            "X": 0.7719928026199341,
            "Y": 0.506675660610199
          },
          {
            "X": 0.5383378267288208,
            "Y": 0.5069501399993896
          }
        ]
      },
      "Id": "9e8496d6-c269-4fe9-aae1-b2cc1bfcf4f3",
      "Relationships": [
        {
          "Type": "CHILD",
          "Ids": [
            "4b6d137f-ad92-473e-8634-ac3e52457d15"
          ]
        }
      ],
      "Page": 1
    },
    {
      "BlockType": "CELL",
      "Confidence": 81.640625,
      "RowIndex": 3,
      "ColumnIndex": 1,
      "RowSpan": 1,
      "ColumnSpan": 1,
      "Geometry": {
        "BoundingBox": {
          "Width": 0.14938046038150787,
          "Height": 0.033390820026397705,
          "Left": 0.2284041792154312,
          "Top": 0.5071389079093933
        },
        "Polygon": [
          {
            "X": 0.2284041792154312,
            "Y": 0.5073142051696777
          },
          {
            "X": 0.37762969732284546,
            "Y": 0.5071389079093933
          },
          {
            "X": 0.3777846395969391,
            "Y": 0.5403164625167847
          },
          {
            "X": 0.22853665053844452,
            "Y": 0.540529727935791
          }
        ]
      },
      "Id": "47a0e5ca-09b9-4038-b985-424a30a27f9e",
      "Relationships": [
        {
          "Type": "CHILD",
          "Ids": [
            "a8770814-96e6-44e2-9235-30ca4938646b"
          ]
        }
      ],
      "Page": 1
    },
    {
      "BlockType": "CELL",
      "Confidence": 80.859375,
      "RowIndex": 3,
      "ColumnIndex": 2,
      "RowSpan": 1,
      "ColumnSpan": 1,
      "Geometry": {
        "BoundingBox": {
          "Width": 0.16088727116584778,
          "Height": 0.03336634114384651,
          "Left": 0.37762969732284546,
          "Top": 0.5069501399993896
        },
        "Polygon": [
          {
            "X": 0.37762969732284546,
            "Y": 0.5071389079093933
          },
          {
            "X": 0.5383378267288208,
            "Y": 0.5069501399993896
          },
          {
            "X": 0.5385169386863708,
            "Y": 0.5400868058204651
          },
          {
            "X": 0.3777846395969391,
            "Y": 0.5403164625167847
          }
        ]
      },
      "Id": "69cc0d10-4878-4b07-8a76-ba3c406f75d1",
      "Relationships": [
        {
          "Type": "CHILD",
          "Ids": [
            "8f32e74d-764b-418b-ac16-eabd0ec630ad"
          ]
        }
      ],
      "Page": 1
    },
    {
      "BlockType": "CELL",
      "Confidence": 84.375,
      "RowIndex": 3,
      "ColumnIndex": 3,
      "RowSpan": 1,
      "ColumnSpan": 1,
      "Geometry": {
        "BoundingBox": {
          "Width": 0.23386907577514648,
          "Height": 0.033411141484975815,
          "Left": 0.5383378267288208,
          "Top": 0.506675660610199
        },
        "Polygon": [
          {
            "X": 0.5383378267288208,
            "Y": 0.5069501399993896
          },
          {
            "X": 0.7719928026199341,
            "Y": 0.506675660610199
          },
          {
            "X": 0.7722069025039673,
            "Y": 0.5397528409957886
          },
          {
            "X": 0.5385169386863708,
            "Y": 0.5400868058204651
          }
        ]
      },
      "Id": "9c999e09-c16f-46fb-859d-c086e929e8f3",
      "Relationships": [
        {
          "Type": "CHILD",
          "Ids": [
            "dd8029a1-afb0-4ae1-939e-68c8d9ade2e5"
          ]
        }
      ],
      "Page": 1
    },
    {
      "BlockType": "CELL",
      "Confidence": 91.162109375,
      "RowIndex": 4,
      "ColumnIndex": 1,
      "RowSpan": 1,
      "ColumnSpan": 1,
      "Geometry": {
        "BoundingBox": {
          "Width": 0.1494482308626175,
          "Height": 0.0431353859603405,
          "Left": 0.22853665053844452,
          "Top": 0.5403164625167847
        },
        "Polygon": [
          {
            "X": 0.22853665053844452,
            "Y": 0.540529727935791
          },
          {
            "X": 0.3777846395969391,
            "Y": 0.5403164625167847
          },
          {
            "X": 0.377984881401062,
            "Y": 0.5831894874572754
          },
          {
            "X": 0.22870783507823944,
            "Y": 0.5834518671035767
          }
        ]
      },
      "Id": "1f4bd240-ef83-4797-895a-22de441f34c7",
      "Relationships": [
        {
          "Type": "CHILD",
          "Ids": [
            "4a9a173b-7a7c-4715-820c-421f475569fb"
          ]
        }
      ],
      "Page": 1
    },
    {
      "BlockType": "CELL",
      "Confidence": 90.33203125,
      "RowIndex": 4,
      "ColumnIndex": 2,
      "RowSpan": 1,
      "ColumnSpan": 1,
      "Geometry": {
        "BoundingBox": {
          "Width": 0.160963773727417,
          "Height": 0.04310271888971329,
          "Left": 0.3777846395969391,
          "Top": 0.5400868058204651
        },
        "Polygon": [
          {
            "X": 0.3777846395969391,
            "Y": 0.5403164625167847
          },
          {
            "X": 0.5385169386863708,
            "Y": 0.5400868058204651
          },
          {
            "X": 0.5387484431266785,
            "Y": 0.58290696144104
          },
          {
            "X": 0.377984881401062,
            "Y": 0.5831894874572754
          }
        ]
      },
      "Id": "b6550bc5-f883-4050-9b25-707f400a2832",
      "Relationships": [
        {
          "Type": "CHILD",
          "Ids": [
            "6bf64449-76e7-42cf-a9c1-6ff57ddc8478"
          ]
        }
      ],
      "Page": 1
    },
    {
      "BlockType": "CELL",
      "Confidence": 94.23828125,
      "RowIndex": 4,
      "ColumnIndex": 3,
      "RowSpan": 1,
      "ColumnSpan": 1,
      "Geometry": {
        "BoundingBox": {
          "Width": 0.233966663479805,
          "Height": 0.04315411299467087,
          "Left": 0.5385169386863708,
          "Top": 0.5397528409957886
        },
        "Polygon": [
          {
            "X": 0.5385169386863708,
            "Y": 0.5400868058204651
          },
          {
            "X": 0.7722069025039673,
            "Y": 0.5397528409957886
          },
          {
            "X": 0.7724836468696594,
            "Y": 0.5824962258338928
          },
          {
            "X": 0.5387484431266785,
            "Y": 0.58290696144104
          }
        ]
      },
      "Id": "3d827edd-c3cd-488c-9ba8-2791f6f8ba5a",
      "Relationships": [
        {
          "Type": "CHILD",
          "Ids": [
            "4fc0d1ff-985f-4320-a9c0-ab067de7607d"
          ]
        }
      ],
      "Page": 1
    }
  ],
  "AnalyzeDocumentModelVersion": "1.0"
}