"'Nomenclature","'",
"'0D","'Zero-dimensional",
"'1D","'One-dimensional",
"'2D","'Two-dimensional",
"'3D","'Three-dimensional",
"'AHRR","'Average of heat release rate",
"'AI","'1-(3-Aminopropyl)-imidazole",
"'APP","'Ammonium polyphosphate",
"'BAMPO","'is(m-aminophenyl)methylphosphine oxide",
"'BDP","'Bisphenol A bis(diphenyl phosphate)",
"'BIM","'Benzimidazole",
"'CNT","'Carbon nanotube",
"'CTP-EP","'Hexa-[4-(glycidyloxycarbonyl)",
"'","'phenoxy]cyclotriphosphazene",
"'CY","'Char yield",
"'D230","'o, O'-Bis(2-aminopropyl)polypropyleneglyco)",
"'DETA","'Diethylenetriamine",
"'DDS","'4, 4'-Diaminodiphenyl sulfone",
"'DDM","'4, 4'-Methylene-dianiline",
"'DGEBA","'Diglycidyl ether of bisphenol A",
"'DICY","'Dicyandiamide",
"'DMA","'Dynamic mechanical analysis",
"'DOPO","'9, 10-Dihydro-9-oxa-10-phosphaphenanthrene-10- oxide",
"'DSC","'Differential scanning calorimetry",
"'EHPP","'Phosphonohydrazidic acid",
"'EP","'Epoxy resin",
"'FT-IR","'Fourier transform infrared spectroscopy",
"'GO","'Graphene oxide",
"'h-BN","'Hexagonal boron nitride",
"'HGCP","'Hexaglycidyl cyclotriphosphazene",
"'HRR","'Heat release rate",
"'IFR","'Intumescent flame retardant",
"'IPDA","'Isophorone diamine",
"'LDH","'Layered double hydroxide",
"'LOI","'Limited oxygen index",
"'MeHHPA","'Methylhexahydrophthalic anhydride",
"'MeTHPA","'Methyl tetrahydrophthalic anhydride",
"'MCC","'Micro combustion calorimeter",
"'MMT","'Montmorillonite",
"'mPDA","'1,3-Phenylenediamine",
"'NR","'No rating",
"'PA","'Phytic acid",
"'PEI","'Polyethylenimine",
"'PEPA","'1-Oxo-4-hydroxymethyl-2,6,7-trioxa-",
"'","'phosphabicyclo[2.2.2]octane",
"'PHRR","'Peak heat release rate",
"'PMDA","'Pyromellitic dianhydride",
"'PN","'Phenol novolac",
"'POSS","'Polyhedral oligomeric silsesquioxane",
"'PPA","'Polyphosphamide",
"'rGO","'Graphene",
"'SDR","'Smoke density rate",
"'SEM","'Scanning electron microscopy",
"'SPR","'Smoke production release",
"'T2%","'Temperature at which the thermoset undergoes 2 wt% of weight loss",
"'T5%","'Temperature at which the thermoset undergoes 5 wt% of weight loss",
"'T10%","'Temperature at which the thermoset undergoes 10 wt% of weight loss",
"'TEPA","'Tetraethylenepentamine",
,

'Confidence Scores % (Table Cell)
"'86.81640625","'86.81640625",
"'76.31835938","'91.89453125",
"'71.58203125","'86.23046875",
"'76.26953125","'91.79687500",
"'75.73242188","'91.21093750",
"'76.70898438","'92.38281250",
"'76.02539063","'91.55273438",
"'76.46484375","'92.04101563",
"'70.21484375","'84.57031250",
"'73.33984375","'88.28125000",
"'76.22070313","'91.79687500",
"'77.09960938","'92.87109375",
"'45.60546875","'43.26171875",
"'45.60546875","'37.93945313",
"'71.38671875","'85.98632813",
"'72.16796875","'86.91406250",
"'71.19140625","'85.69335938",
"'77.68554688","'93.55468750",
"'76.75781250","'92.43164063",
"'77.39257813","'93.16406250",
"'76.12304688","'91.69921875",
"'71.72851563","'86.37695313",
"'78.85742188","'94.92187500",
"'76.12304688","'91.69921875",
"'70.55664063","'85.00976563",
"'67.62695313","'81.39648438",
"'65.57617188","'78.95507813",
"'59.76562500","'71.97265625",
"'76.46484375","'92.08984375",
"'76.12304688","'91.69921875",
"'71.48437500","'86.08398438",
"'74.16992188","'89.30664063",
"'71.09375000","'85.59570313",
"'76.51367188","'92.13867188",
"'72.31445313","'87.06054688",
"'75.78125000","'91.25976563",
"'75.43945313","'90.82031250",
"'72.02148438","'86.71875000",
"'74.46289063","'89.64843750",
"'76.17187500","'91.74804688",
"'76.46484375","'92.08984375",
"'72.21679688","'86.96289063",
"'76.22070313","'91.79687500",
"'36.40136719","'43.84765625",
"'32.64160156","'39.28222656",
"'75.78125000","'91.25976563",
"'74.85351563","'90.13671875",
"'73.53515625","'88.57421875",
"'73.63281250","'88.67187500",
"'72.94921875","'87.79296875",
"'74.21875000","'89.35546875",
"'75.04882813","'90.38085938",
"'75.09765625","'90.42968750",
"'71.72851563","'86.37695313",
"'78.61328125","'94.62890625",
"'78.17382813","'94.14062500",
"'78.07617188","'94.04296875",
"'75.43945313","'90.82031250",
