"'Material (manufacturer)","'Composition","'Batch number","'Directions for uses",
"'One-Step Plus (Bisco, Inc., Schaumburg, IL USA)","'Biphenyl dimethacrylate, hydroxyethyl methacrylate, acetone, dental glass","'0800005538","'Apply phosphoric acid gel 37% to the prepared dent for 15 S. Remove the gel with a vigorous water spr for 15 S. Remove the excess moisture with foam pellet (wet bonding). Shake bottle once. Apply 2 generous coats to the preparation. Agitate lightly for 10-15 S. Dry gently for 5 S. Cure for 10 S",
"'Excite (Ivoclar Vivadent, Schaan, Liechtenstein)","'Bisphenol A glycol dimethacrylate, ethanol, 2-hydro- xyethyl methacrylate, phosphonic acid acrylate, ure- thane dimethacrylate","'L31463","'Apply phosphoric acid gel 37% to the prepared dent for 15 S. Remove the gel with a vigorous water spr for 15 S. Remove the excess moisture with foam pellet (wet bonding). Apply the adhesive on the prepared surfaces for at least 10 S. Dry gently for 5 Cure for 10 s",
"'Filtek Silorane System Adhe- sive (3M ESPE, St. Paul, MN, USA)","'Self-etching primer: phosphorylated methacrylates, Vitrebond copolymer, Bis-GMA, HEMA, water, ethanol, silane-treated silica filler, initiators, stabilizers Bond: hydrophobic dimethacrylate, phosphorylated methacry- lates, TEGDMA, silane-treated silica filler, initiators, stabilizers","'Primer: N209848 Adhesive: N204592","'Shake bottle briefly. Apply visibly thick layer. Gent air dispersion until movement stops. Cure for 10 S Gently dry surface. Apply and leave undisturbed 10 S. Then, dry for 5 S with maximum air pressure Cure for 10 S",
,,,

'Confidence Scores % (Table Cell)
"'88.37890625","'90.67382813","'86.32812500","'90.62500000",
"'84.86328125","'87.06054688","'82.91015625","'86.96289063",
"'85.83984375","'88.08593750","'83.83789063","'87.98828125",
"'92.96875000","'95.41015625","'90.82031250","'95.31250000",
