{
  "DocumentMetadata": {
    "Pages": 1
  },
  "JobStatus": "SUCCEEDED",
  "Blocks": [
    {
      "BlockType": "PAGE",
      "Geometry": {
        "BoundingBox": {
          "Width": 1,
          "Height": 1,
          "Left": 0,
          "Top": 0
        },
        "Polygon": [
          {
            "X": 0,
            "Y": 0
          },
          {
            "X": 1,
            "Y": 0.000001077449041986256
          },
          {
            "X": 1,
            "Y": 1
          },
          {
            "X": 0.000008306425115733873,
            "Y": 1
          }
        ]
      },
      "Id": "d9fa6f90-655e-4e25-9a18-f2134244151f",
      "Relationships": [
        {
          "Type": "CHILD",
          "Ids": [
            "954e5a5a-7bb8-4c60-91fb-9c9c06554d91",
            "a231d37f-b4d7-46e3-961b-0e1acebb81a6",
            "44638f7f-03f2-46b6-ace1-c474a168296a",
            "044498b1-4928-423d-bc0d-96394f83d09e",
            "7dc008d1-7222-43c2-b412-a9012d4ec501",
            "0ddd4123-db9e-47eb-9f70-3fd5faecdc8c",
            "156d4bc9-46d7-4ad6-bc3b-26bc2a1198a8",
            "d8603d8f-0f44-4dca-889f-0130c10105a8",
            "7ec4c4db-9461-463f-ad6b-d0be63e0ed4f",
            "7b6755d7-cdff-4693-a6e7-3d0d2d07be35",
            "3874fb94-3741-4d68-8b19-9aa46d99fb8a",
            "442fc096-0fc7-4ac0-8774-08d400b04888",
            "980ddfc9-178b-4c85-819f-40520ca7cc01",
            "e62feeb0-b046-4e0a-9108-466d27bd6df1",
            "8a051c10-3ebe-4f1f-bb8c-3d05066d8bf2",
            "8989dc84-af0b-42ef-b78c-52c7d0da227e",
            "0352e2e2-23c0-47e3-9304-74da0b72bd45",
            "ba3ed0a6-5e26-42de-bc0e-76837e2a9571",
            "0dc758c7-76eb-4297-be18-fa9c517f2c01",
            "b7ff9ac1-781e-453b-9a7a-90a7f7dc67da",
            "a1ebb826-27f0-4263-952b-cddc504f6467",
            "f9019942-5b1b-4513-a60b-d2c5e8d79ef3",
            "2035a6a4-27f0-49ab-9301-1be7b99664a8",
            "13a1fca9-d3fd-46ca-ac6b-b62846186abc",
            "5adf1510-430b-4527-a43b-fc8e4c14d39e",
            "f30b453a-e226-41eb-9514-124a4bb5a2a4"
          ]
        }
      ],
      "Page": 1
    },
    {
      "BlockType": "LINE",
      "Confidence": 99.88774108886719,
      "Text": "Materials",
      "Geometry": {
        "BoundingBox": {
          "Width": 0.06380829215049744,
          "Height": 0.020074374973773956,
          "Left": 0.2718057334423065,
          "Top": 0.4151788651943207
        },
        "Polygon": [
          {
            "X": 0.2718057334423065,
            "Y": 0.4151788651943207
          },
          {
            "X": 0.3354912996292114,
            "Y": 0.41522327065467834
          },
          {
            "X": 0.33561402559280396,
            "Y": 0.43525323271751404
          },
          {
            "X": 0.2719268500804901,
            "Y": 0.43521052598953247
          }
        ]
      },
      "Id": "954e5a5a-7bb8-4c60-91fb-9c9c06554d91",
      "Relationships": [
        {
          "Type": "CHILD",
          "Ids": [
            "ca6c8c2f-dca2-4a9e-a22b-dc4d23fbdfc2"
          ]
        }
      ],
      "Page": 1
    },
    {
      "BlockType": "LINE",
      "Confidence": 25.221359252929688,
      "Text": "T °C)",
      "Geometry": {
        "BoundingBox": {
          "Width": 0.043733831495046616,
          "Height": 0.02721766009926796,
          "Left": 0.39869797229766846,
          "Top": 0.4150905907154083
        },
        "Polygon": [
          {
            "X": 0.39869797229766846,
            "Y": 0.4150905907154083
          },
          {
            "X": 0.44226157665252686,
            "Y": 0.4151209890842438
          },
          {
            "X": 0.44243180751800537,
            "Y": 0.442308247089386
          },
          {
            "X": 0.3988667130470276,
            "Y": 0.4422794580459595
          }
        ]
      },
      "Id": "a231d37f-b4d7-46e3-961b-0e1acebb81a6",
      "Relationships": [
        {
          "Type": "CHILD",
          "Ids": [
            "dbd5509c-1054-4d15-a012-e989d8532a76"
          ]
        }
      ],
      "Page": 1
    },
    {
      "BlockType": "LINE",
      "Confidence": 52.51167297363281,
      "Text": "T(°C) a",
      "Geometry": {
        "BoundingBox": {
          "Width": 0.05489532649517059,
          "Height": 0.026082122698426247,
          "Left": 0.4816000759601593,
          "Top": 0.4137696325778961
        },
        "Polygon": [
          {
            "X": 0.4816000759601593,
            "Y": 0.4137696325778961
          },
          {
            "X": 0.5363292694091797,
            "Y": 0.4138079285621643
          },
          {
            "X": 0.5364953875541687,
            "Y": 0.4398517608642578
          },
          {
            "X": 0.48176446557044983,
            "Y": 0.4398154020309448
          }
        ]
      },
      "Id": "44638f7f-03f2-46b6-ace1-c474a168296a",
      "Relationships": [
        {
          "Type": "CHILD",
          "Ids": [
            "4a5079e9-c150-45b2-a862-cba071871788",
            "d59bf36b-c383-45dc-a1a6-c9a332e0f6cd"
          ]
        }
      ],
      "Page": 1
    },
    {
      "BlockType": "LINE",
      "Confidence": 84.04185485839844,
      "Text": "T5 b (°C)",
      "Geometry": {
        "BoundingBox": {
          "Width": 0.05617959424853325,
          "Height": 0.028522733598947525,
          "Left": 0.5749865770339966,
          "Top": 0.4111713469028473
        },
        "Polygon": [
          {
            "X": 0.5749865770339966,
            "Y": 0.4111713469028473
          },
          {
            "X": 0.6309810280799866,
            "Y": 0.41121071577072144
          },
          {
            "X": 0.6311661601066589,
            "Y": 0.4396940767765045
          },
          {
            "X": 0.5751697421073914,
            "Y": 0.4396568536758423
          }
        ]
      },
      "Id": "044498b1-4928-423d-bc0d-96394f83d09e",
      "Relationships": [
        {
          "Type": "CHILD",
          "Ids": [
            "6b08a1ea-f9f3-4a11-b308-776973a10bbf",
            "b6fb24b0-e2a0-4dfc-8bce-11920db027d4",
            "ca9740b0-9872-4fa8-9177-2aa6033c64ca"
          ]
        }
      ],
      "Page": 1
    },
    {
      "BlockType": "LINE",
      "Confidence": 84.03247833251953,
      "Text": "Char c (%)",
      "Geometry": {
        "BoundingBox": {
          "Width": 0.06626572459936142,
          "Height": 0.02604728937149048,
          "Left": 0.6700438261032104,
          "Top": 0.41383832693099976
        },
        "Polygon": [
          {
            "X": 0.6700438261032104,
            "Y": 0.41383832693099976
          },
          {
            "X": 0.7361370921134949,
            "Y": 0.41388458013534546
          },
          {
            "X": 0.7363095283508301,
            "Y": 0.43988561630249023
          },
          {
            "X": 0.6702141165733337,
            "Y": 0.43984168767929077
          }
        ]
      },
      "Id": "7dc008d1-7222-43c2-b412-a9012d4ec501",
      "Relationships": [
        {
          "Type": "CHILD",
          "Ids": [
            "0ab94aee-1641-41dd-83ae-cd3f747414ef",
            "fe3a18bb-d5eb-4714-9832-20e7d6219f52",
            "bf787854-acd9-421c-bbef-879e6e8ba36d"
          ]
        }
      ],
      "Page": 1
    },
    {
      "BlockType": "LINE",
      "Confidence": 97.88716125488281,
      "Text": "PSER/m-PDA",
      "Geometry": {
        "BoundingBox": {
          "Width": 0.0864221602678299,
          "Height": 0.024123379960656166,
          "Left": 0.2716340124607086,
          "Top": 0.46167057752609253
        },
        "Polygon": [
          {
            "X": 0.2716340124607086,
            "Y": 0.46167057752609253
          },
          {
            "X": 0.3579080402851105,
            "Y": 0.4617253243923187
          },
          {
            "X": 0.3580561876296997,
            "Y": 0.48579394817352295
          },
          {
            "X": 0.2717795670032501,
            "Y": 0.4857420027256012
          }
        ]
      },
      "Id": "0ddd4123-db9e-47eb-9f70-3fd5faecdc8c",
      "Relationships": [
        {
          "Type": "CHILD",
          "Ids": [
            "3f5785f3-8c8a-4e55-a262-cbd7fd0f322f"
          ]
        }
      ],
      "Page": 1
    },
    {
      "BlockType": "LINE",
      "Confidence": 95.7073745727539,
      "Text": "179.4",
      "Geometry": {
        "BoundingBox": {
          "Width": 0.03695293143391609,
          "Height": 0.020100781694054604,
          "Left": 0.40015530586242676,
          "Top": 0.46244996786117554
        },
        "Polygon": [
          {
            "X": 0.40015530586242676,
            "Y": 0.46244996786117554
          },
          {
            "X": 0.436982661485672,
            "Y": 0.4624733030796051
          },
          {
            "X": 0.43710824847221375,
            "Y": 0.4825507700443268
          },
          {
            "X": 0.4002799689769745,
            "Y": 0.482528418302536
          }
        ]
      },
      "Id": "156d4bc9-46d7-4ad6-bc3b-26bc2a1198a8",
      "Relationships": [
        {
          "Type": "CHILD",
          "Ids": [
            "85f87cbc-5716-44d0-bf65-91c0caab57ff"
          ]
        }
      ],
      "Page": 1
    },
    {
      "BlockType": "LINE",
      "Confidence": 65.61616516113281,
      "Text": "289,0",
      "Geometry": {
        "BoundingBox": {
          "Width": 0.038112569600343704,
          "Height": 0.020255072042346,
          "Left": 0.48143628239631653,
          "Top": 0.4623294770717621
        },
        "Polygon": [
          {
            "X": 0.48143628239631653,
            "Y": 0.4623294770717621
          },
          {
            "X": 0.5194202065467834,
            "Y": 0.46235355734825134
          },
          {
            "X": 0.5195488333702087,
            "Y": 0.48258453607559204
          },
          {
            "X": 0.4815639555454254,
            "Y": 0.48256149888038635
          }
        ]
      },
      "Id": "d8603d8f-0f44-4dca-889f-0130c10105a8",
      "Relationships": [
        {
          "Type": "CHILD",
          "Ids": [
            "7663c6a1-12a4-4e35-929d-a8e890f743f0"
          ]
        }
      ],
      "Page": 1
    },
    {
      "BlockType": "LINE",
      "Confidence": 73.44226837158203,
      "Text": "276,0",
      "Geometry": {
        "BoundingBox": {
          "Width": 0.03817188739776611,
          "Height": 0.020159952342510223,
          "Left": 0.575266420841217,
          "Top": 0.4622195363044739
        },
        "Polygon": [
          {
            "X": 0.575266420841217,
            "Y": 0.4622195363044739
          },
          {
            "X": 0.6133078932762146,
            "Y": 0.4622436463832855
          },
          {
            "X": 0.6134383082389832,
            "Y": 0.4823794960975647
          },
          {
            "X": 0.5753958821296692,
            "Y": 0.48235639929771423
          }
        ]
      },
      "Id": "7ec4c4db-9461-463f-ad6b-d0be63e0ed4f",
      "Relationships": [
        {
          "Type": "CHILD",
          "Ids": [
            "b6793be2-c061-4c0b-ba54-d5005712aa23"
          ]
        }
      ],
      "Page": 1
    },
    {
      "BlockType": "LINE",
      "Confidence": 60.655128479003906,
      "Text": "27,0",
      "Geometry": {
        "BoundingBox": {
          "Width": 0.029311638325452805,
          "Height": 0.019744543358683586,
          "Left": 0.6696439385414124,
          "Top": 0.4625585973262787
        },
        "Polygon": [
          {
            "X": 0.6696439385414124,
            "Y": 0.4625585973262787
          },
          {
            "X": 0.6988256573677063,
            "Y": 0.46257710456848145
          },
          {
            "X": 0.6989555358886719,
            "Y": 0.4823031425476074
          },
          {
            "X": 0.6697731018066406,
            "Y": 0.48228543996810913
          }
        ]
      },
      "Id": "7b6755d7-cdff-4693-a6e7-3d0d2d07be35",
      "Relationships": [
        {
          "Type": "CHILD",
          "Ids": [
            "7ca89c7d-0593-49c9-b52b-f2244fcdb47b"
          ]
        }
      ],
      "Page": 1
    },
    {
      "BlockType": "LINE",
      "Confidence": 95.8603744506836,
      "Text": "TGCS/m-PDA",
      "Geometry": {
        "BoundingBox": {
          "Width": 0.08879434317350388,
          "Height": 0.024279886856675148,
          "Left": 0.2710488438606262,
          "Top": 0.49434342980384827
        },
        "Polygon": [
          {
            "X": 0.2710488438606262,
            "Y": 0.49434342980384827
          },
          {
            "X": 0.3596940040588379,
            "Y": 0.49439576268196106
          },
          {
            "X": 0.3598431944847107,
            "Y": 0.5186233520507812
          },
          {
            "X": 0.27119532227516174,
            "Y": 0.5185738801956177
          }
        ]
      },
      "Id": "3874fb94-3741-4d68-8b19-9aa46d99fb8a",
      "Relationships": [
        {
          "Type": "CHILD",
          "Ids": [
            "b7f3c118-2a00-4655-a03d-0d15cc3e1c0c"
          ]
        }
      ],
      "Page": 1
    },
    {
      "BlockType": "LINE",
      "Confidence": 63.23588943481445,
      "Text": "160,5",
      "Geometry": {
        "BoundingBox": {
          "Width": 0.03623445704579353,
          "Height": 0.01964333839714527,
          "Left": 0.4002465605735779,
          "Top": 0.4949919879436493
        },
        "Polygon": [
          {
            "X": 0.4002465605735779,
            "Y": 0.4949919879436493
          },
          {
            "X": 0.4363583028316498,
            "Y": 0.4950132966041565
          },
          {
            "X": 0.4364810287952423,
            "Y": 0.5146353244781494
          },
          {
            "X": 0.4003683924674988,
            "Y": 0.514614999294281
          }
        ]
      },
      "Id": "442fc096-0fc7-4ac0-8774-08d400b04888",
      "Relationships": [
        {
          "Type": "CHILD",
          "Ids": [
            "c814d2b6-7e58-4222-aeba-7523dfe3f1fd"
          ]
        }
      ],
      "Page": 1
    },
    {
      "BlockType": "LINE",
      "Confidence": 67.0596923828125,
      "Text": "413.2",
      "Geometry": {
        "BoundingBox": {
          "Width": 0.03790074959397316,
          "Height": 0.019847925752401352,
          "Left": 0.48134011030197144,
          "Top": 0.4948316812515259
        },
        "Polygon": [
          {
            "X": 0.48134011030197144,
            "Y": 0.4948316812515259
          },
          {
            "X": 0.5191148519515991,
            "Y": 0.4948539733886719
          },
          {
            "X": 0.5192408561706543,
            "Y": 0.5146796107292175
          },
          {
            "X": 0.481465220451355,
            "Y": 0.5146583318710327
          }
        ]
      },
      "Id": "980ddfc9-178b-4c85-819f-40520ca7cc01",
      "Relationships": [
        {
          "Type": "CHILD",
          "Ids": [
            "8d1bed7d-081b-4657-9db6-1aa0769887ed"
          ]
        }
      ],
      "Page": 1
    },
    {
      "BlockType": "LINE",
      "Confidence": 70.50566101074219,
      "Text": "395.1",
      "Geometry": {
        "BoundingBox": {
          "Width": 0.03622288256883621,
          "Height": 0.019674044102430344,
          "Left": 0.5755894184112549,
          "Top": 0.4947127401828766
        },
        "Polygon": [
          {
            "X": 0.5755894184112549,
            "Y": 0.4947127401828766
          },
          {
            "X": 0.6116850972175598,
            "Y": 0.4947340190410614
          },
          {
            "X": 0.6118122935295105,
            "Y": 0.514386773109436
          },
          {
            "X": 0.5757157802581787,
            "Y": 0.5143664479255676
          }
        ]
      },
      "Id": "e62feeb0-b046-4e0a-9108-466d27bd6df1",
      "Relationships": [
        {
          "Type": "CHILD",
          "Ids": [
            "5d145406-7243-42dd-929f-641f6a8ef6e5"
          ]
        }
      ],
      "Page": 1
    },
    {
      "BlockType": "LINE",
      "Confidence": 71.06761932373047,
      "Text": "29,7",
      "Geometry": {
        "BoundingBox": {
          "Width": 0.02917531505227089,
          "Height": 0.019558165222406387,
          "Left": 0.6696363687515259,
          "Top": 0.49492764472961426
        },
        "Polygon": [
          {
            "X": 0.6696363687515259,
            "Y": 0.49492764472961426
          },
          {
            "X": 0.6986830234527588,
            "Y": 0.4949447810649872
          },
          {
            "X": 0.6988117098808289,
            "Y": 0.5144858360290527
          },
          {
            "X": 0.6697643399238586,
            "Y": 0.5144694447517395
          }
        ]
      },
      "Id": "8a051c10-3ebe-4f1f-bb8c-3d05066d8bf2",
      "Relationships": [
        {
          "Type": "CHILD",
          "Ids": [
            "692091e1-4c5d-449b-9d7f-e6f73a91ad21"
          ]
        }
      ],
      "Page": 1
    },
    {
      "BlockType": "LINE",
      "Confidence": 97.43267059326172,
      "Text": "PSER/2E4MZ",
      "Geometry": {
        "BoundingBox": {
          "Width": 0.08735976368188858,
          "Height": 0.02408573590219021,
          "Left": 0.27147430181503296,
          "Top": 0.5265979766845703
        },
        "Polygon": [
          {
            "X": 0.27147430181503296,
            "Y": 0.5265979766845703
          },
          {
            "X": 0.3586861193180084,
            "Y": 0.5266456007957458
          },
          {
            "X": 0.35883408784866333,
            "Y": 0.5506836771965027
          },
          {
            "X": 0.27161964774131775,
            "Y": 0.5506388545036316
          }
        ]
      },
      "Id": "8989dc84-af0b-42ef-b78c-52c7d0da227e",
      "Relationships": [
        {
          "Type": "CHILD",
          "Ids": [
            "c5537b7f-ebf3-4cc6-878e-84ed47a1325c"
          ]
        }
      ],
      "Page": 1
    },
    {
      "BlockType": "LINE",
      "Confidence": 90.17395782470703,
      "Text": "120.7",
      "Geometry": {
        "BoundingBox": {
          "Width": 0.036655448377132416,
          "Height": 0.01955161616206169,
          "Left": 0.40021809935569763,
          "Top": 0.5272399187088013
        },
        "Polygon": [
          {
            "X": 0.40021809935569763,
            "Y": 0.5272399187088013
          },
          {
            "X": 0.4367513954639435,
            "Y": 0.527259886264801
          },
          {
            "X": 0.43687352538108826,
            "Y": 0.5467915534973145
          },
          {
            "X": 0.4003393352031708,
            "Y": 0.5467725992202759
          }
        ]
      },
      "Id": "0352e2e2-23c0-47e3-9304-74da0b72bd45",
      "Relationships": [
        {
          "Type": "CHILD",
          "Ids": [
            "8f1dd455-0ab2-410c-9e66-4f4a78458e27"
          ]
        }
      ],
      "Page": 1
    },
    {
      "BlockType": "LINE",
      "Confidence": 74.61519622802734,
      "Text": "296,4",
      "Geometry": {
        "BoundingBox": {
          "Width": 0.03822791948914528,
          "Height": 0.01984829269349575,
          "Left": 0.48189306259155273,
          "Top": 0.5272828936576843
        },
        "Polygon": [
          {
            "X": 0.48189306259155273,
            "Y": 0.5272828936576843
          },
          {
            "X": 0.5199949145317078,
            "Y": 0.5273036956787109
          },
          {
            "X": 0.5201209783554077,
            "Y": 0.5471311807632446
          },
          {
            "X": 0.48201820254325867,
            "Y": 0.547111451625824
          }
        ]
      },
      "Id": "ba3ed0a6-5e26-42de-bc0e-76837e2a9571",
      "Relationships": [
        {
          "Type": "CHILD",
          "Ids": [
            "c709880c-40c1-4401-8472-360b159127a0"
          ]
        }
      ],
      "Page": 1
    },
    {
      "BlockType": "LINE",
      "Confidence": 77.72779083251953,
      "Text": "302.9",
      "Geometry": {
        "BoundingBox": {
          "Width": 0.03742260858416557,
          "Height": 0.019312016665935516,
          "Left": 0.5757725834846497,
          "Top": 0.527217447757721
        },
        "Polygon": [
          {
            "X": 0.5757725834846497,
            "Y": 0.527217447757721
          },
          {
            "X": 0.6130703091621399,
            "Y": 0.5272378325462341
          },
          {
            "X": 0.6131952404975891,
            "Y": 0.5465294718742371
          },
          {
            "X": 0.5758966207504272,
            "Y": 0.5465101003646851
          }
        ]
      },
      "Id": "0dc758c7-76eb-4297-be18-fa9c517f2c01",
      "Relationships": [
        {
          "Type": "CHILD",
          "Ids": [
            "4fd554ad-2478-4f25-b4f3-802d5e286721"
          ]
        }
      ],
      "Page": 1
    },
    {
      "BlockType": "LINE",
      "Confidence": 63.500328063964844,
      "Text": "21.5",
      "Geometry": {
        "BoundingBox": {
          "Width": 0.02843102067708969,
          "Height": 0.019076619297266006,
          "Left": 0.6698737144470215,
          "Top": 0.5276018381118774
        },
        "Polygon": [
          {
            "X": 0.6698737144470215,
            "Y": 0.5276018381118774
          },
          {
            "X": 0.6981792449951172,
            "Y": 0.5276172757148743
          },
          {
            "X": 0.6983047127723694,
            "Y": 0.5466784238815308
          },
          {
            "X": 0.6699985265731812,
            "Y": 0.546663761138916
          }
        ]
      },
      "Id": "b7ff9ac1-781e-453b-9a7a-90a7f7dc67da",
      "Relationships": [
        {
          "Type": "CHILD",
          "Ids": [
            "3d435c56-ba30-4761-a274-2394b5e5d016"
          ]
        }
      ],
      "Page": 1
    },
    {
      "BlockType": "LINE",
      "Confidence": 98.42035675048828,
      "Text": "TGCS/2E4MZ",
      "Geometry": {
        "BoundingBox": {
          "Width": 0.09006921947002411,
          "Height": 0.023777691647410393,
          "Left": 0.2712648808956146,
          "Top": 0.5588160157203674
        },
        "Polygon": [
          {
            "X": 0.2712648808956146,
            "Y": 0.5588160157203674
          },
          {
            "X": 0.36118796467781067,
            "Y": 0.5588611960411072
          },
          {
            "X": 0.3613341152667999,
            "Y": 0.5825936794281006
          },
          {
            "X": 0.2714083790779114,
            "Y": 0.5825513601303101
          }
        ]
      },
      "Id": "a1ebb826-27f0-4263-952b-cddc504f6467",
      "Relationships": [
        {
          "Type": "CHILD",
          "Ids": [
            "72963617-a83f-4e47-a271-b7800848ad66"
          ]
        }
      ],
      "Page": 1
    },
    {
      "BlockType": "LINE",
      "Confidence": 60.70083236694336,
      "Text": "102,9",
      "Geometry": {
        "BoundingBox": {
          "Width": 0.0364072285592556,
          "Height": 0.01929808221757412,
          "Left": 0.4003346860408783,
          "Top": 0.5597116351127625
        },
        "Polygon": [
          {
            "X": 0.4003346860408783,
            "Y": 0.5597116351127625
          },
          {
            "X": 0.43662136793136597,
            "Y": 0.559729814529419
          },
          {
            "X": 0.4367419183254242,
            "Y": 0.5790097117424011
          },
          {
            "X": 0.4004543721675873,
            "Y": 0.5789924263954163
          }
        ]
      },
      "Id": "f9019942-5b1b-4513-a60b-d2c5e8d79ef3",
      "Relationships": [
        {
          "Type": "CHILD",
          "Ids": [
            "e21934e4-78ed-4524-94b8-983357b8164e"
          ]
        }
      ],
      "Page": 1
    },
    {
      "BlockType": "LINE",
      "Confidence": 66.71723937988281,
      "Text": "395,0",
      "Geometry": {
        "BoundingBox": {
          "Width": 0.03747024014592171,
          "Height": 0.01950262486934662,
          "Left": 0.4819409251213074,
          "Top": 0.5594735145568848
        },
        "Polygon": [
          {
            "X": 0.4819409251213074,
            "Y": 0.5594735145568848
          },
          {
            "X": 0.5192872881889343,
            "Y": 0.559492290019989
          },
          {
            "X": 0.5194112062454224,
            "Y": 0.5789761543273926
          },
          {
            "X": 0.482063889503479,
            "Y": 0.5789583921432495
          }
        ]
      },
      "Id": "2035a6a4-27f0-49ab-9301-1be7b99664a8",
      "Relationships": [
        {
          "Type": "CHILD",
          "Ids": [
            "cb3dea2b-b6ec-4a4c-8744-3c02e89af448"
          ]
        }
      ],
      "Page": 1
    },
    {
      "BlockType": "LINE",
      "Confidence": 83.69218444824219,
      "Text": "377,0",
      "Geometry": {
        "BoundingBox": {
          "Width": 0.037677545100450516,
          "Height": 0.01959761418402195,
          "Left": 0.5756353735923767,
          "Top": 0.5594643354415894
        },
        "Polygon": [
          {
            "X": 0.5756353735923767,
            "Y": 0.5594643354415894
          },
          {
            "X": 0.6131861209869385,
            "Y": 0.5594831705093384
          },
          {
            "X": 0.6133129596710205,
            "Y": 0.5790619254112244
          },
          {
            "X": 0.5757612586021423,
            "Y": 0.5790440440177917
          }
        ]
      },
      "Id": "13a1fca9-d3fd-46ca-ac6b-b62846186abc",
      "Relationships": [
        {
          "Type": "CHILD",
          "Ids": [
            "c1a34f10-ff7d-437e-8010-848c2396b2b5"
          ]
        }
      ],
      "Page": 1
    },
    {
      "BlockType": "LINE",
      "Confidence": 76.9999771118164,
      "Text": "24,6",
      "Geometry": {
        "BoundingBox": {
          "Width": 0.028380215167999268,
          "Height": 0.018912816420197487,
          "Left": 0.6700707077980042,
          "Top": 0.5598353743553162
        },
        "Polygon": [
          {
            "X": 0.6700707077980042,
            "Y": 0.5598353743553162
          },
          {
            "X": 0.6983265280723572,
            "Y": 0.5598495602607727
          },
          {
            "X": 0.6984509229660034,
            "Y": 0.5787482261657715
          },
          {
            "X": 0.6701944470405579,
            "Y": 0.5787347555160522
          }
        ]
      },
      "Id": "5adf1510-430b-4527-a43b-fc8e4c14d39e",
      "Relationships": [
        {
          "Type": "CHILD",
          "Ids": [
            "acce7880-f8fa-404e-93b6-b17099047f94"
          ]
        }
      ],
      "Page": 1
    },
    {
      "BlockType": "WORD",
      "Confidence": 99.88774108886719,
      "Text": "Materials",
      "TextType": "PRINTED",
      "Geometry": {
        "BoundingBox": {
          "Width": 0.06380829215049744,
          "Height": 0.020074374973773956,
          "Left": 0.2718057334423065,
          "Top": 0.4151788651943207
        },
        "Polygon": [
          {
            "X": 0.2718057334423065,
            "Y": 0.4151788651943207
          },
          {
            "X": 0.3354912996292114,
            "Y": 0.41522327065467834
          },
          {
            "X": 0.33561402559280396,
            "Y": 0.43525323271751404
          },
          {
            "X": 0.2719268500804901,
            "Y": 0.43521052598953247
          }
        ]
      },
      "Id": "ca6c8c2f-dca2-4a9e-a22b-dc4d23fbdfc2",
      "Page": 1
    },
    {
      "BlockType": "WORD",
      "Confidence": 25.221359252929688,
      "Text": "T °C)",
      "TextType": "PRINTED",
      "Geometry": {
        "BoundingBox": {
          "Width": 0.043733831495046616,
          "Height": 0.02721766009926796,
          "Left": 0.39869797229766846,
          "Top": 0.4150905907154083
        },
        "Polygon": [
          {
            "X": 0.39869797229766846,
            "Y": 0.4150905907154083
          },
          {
            "X": 0.44226157665252686,
            "Y": 0.4151209890842438
          },
          {
            "X": 0.44243180751800537,
            "Y": 0.442308247089386
          },
          {
            "X": 0.3988667130470276,
            "Y": 0.4422794580459595
          }
        ]
      },
      "Id": "dbd5509c-1054-4d15-a012-e989d8532a76",
      "Page": 1
    },
    {
      "BlockType": "WORD",
      "Confidence": 19.762435913085938,
      "Text": "T(°C)",
      "TextType": "PRINTED",
      "Geometry": {
        "BoundingBox": {
          "Width": 0.05488981679081917,
          "Height": 0.02520882524549961,
          "Left": 0.481605589389801,
          "Top": 0.41464293003082275
        },
        "Polygon": [
          {
            "X": 0.481605589389801,
            "Y": 0.41464293003082275
          },
          {
            "X": 0.5363348126411438,
            "Y": 0.41468116641044617
          },
          {
            "X": 0.5364953875541687,
            "Y": 0.4398517608642578
          },
          {
            "X": 0.48176446557044983,
            "Y": 0.4398154020309448
          }
        ]
      },
      "Id": "4a5079e9-c150-45b2-a862-cba071871788",
      "Page": 1
    },
    {
      "BlockType": "WORD",
      "Confidence": 85.26091003417969,
      "Text": "a",
      "TextType": "PRINTED",
      "Geometry": {
        "BoundingBox": {
          "Width": 0.005759884137660265,
          "Height": 0.010969869792461395,
          "Left": 0.5005716681480408,
          "Top": 0.41378292441368103
        },
        "Polygon": [
          {
            "X": 0.5005716681480408,
            "Y": 0.41378292441368103
          },
          {
            "X": 0.5062620043754578,
            "Y": 0.4137868881225586
          },
          {
            "X": 0.5063315629959106,
            "Y": 0.424752801656723
          },
          {
            "X": 0.5006411671638489,
            "Y": 0.42474889755249023
          }
        ]
      },
      "Id": "d59bf36b-c383-45dc-a1a6-c9a332e0f6cd",
      "Page": 1
    },
    {
      "BlockType": "WORD",
      "Confidence": 99.58412170410156,
      "Text": "T5",
      "TextType": "PRINTED",
      "Geometry": {
        "BoundingBox": {
          "Width": 0.0140844052657485,
          "Height": 0.024165134876966476,
          "Left": 0.5750100612640381,
          "Top": 0.41482648253440857
        },
        "Polygon": [
          {
            "X": 0.5750100612640381,
            "Y": 0.41482648253440857
          },
          {
            "X": 0.5889387726783752,
            "Y": 0.41483619809150696
          },
          {
            "X": 0.5890944600105286,
            "Y": 0.43899160623550415
          },
          {
            "X": 0.5751653909683228,
            "Y": 0.4389823377132416
          }
        ]
      },
      "Id": "6b08a1ea-f9f3-4a11-b308-776973a10bbf",
      "Page": 1
    },
    {
      "BlockType": "WORD",
      "Confidence": 95.46403503417969,
      "Text": "b",
      "TextType": "PRINTED",
      "Geometry": {
        "BoundingBox": {
          "Width": 0.006891168188303709,
          "Height": 0.014431126415729523,
          "Left": 0.5938679575920105,
          "Top": 0.4111846089363098
        },
        "Polygon": [
          {
            "X": 0.5938679575920105,
            "Y": 0.4111846089363098
          },
          {
            "X": 0.6006659269332886,
            "Y": 0.41118940711021423
          },
          {
            "X": 0.6007591485977173,
            "Y": 0.42561575770378113
          },
          {
            "X": 0.5939610600471497,
            "Y": 0.42561110854148865
          }
        ]
      },
      "Id": "b6fb24b0-e2a0-4dfc-8bce-11920db027d4",
      "Page": 1
    },
    {
      "BlockType": "WORD",
      "Confidence": 57.07740020751953,
      "Text": "(°C)",
      "TextType": "PRINTED",
      "Geometry": {
        "BoundingBox": {
          "Width": 0.026301361620426178,
          "Height": 0.02520408295094967,
          "Left": 0.6048648357391357,
          "Top": 0.4144899845123291
        },
        "Polygon": [
          {
            "X": 0.6048648357391357,
            "Y": 0.4144899845123291
          },
          {
            "X": 0.6310024857521057,
            "Y": 0.41450825333595276
          },
          {
            "X": 0.6311661601066589,
            "Y": 0.4396940767765045
          },
          {
            "X": 0.6050276756286621,
            "Y": 0.4396767020225525
          }
        ]
      },
      "Id": "ca9740b0-9872-4fa8-9177-2aa6033c64ca",
      "Page": 1
    },
    {
      "BlockType": "WORD",
      "Confidence": 99.64925384521484,
      "Text": "Char",
      "TextType": "PRINTED",
      "Geometry": {
        "BoundingBox": {
          "Width": 0.03253704309463501,
          "Height": 0.020933886989951134,
          "Left": 0.6700496077537537,
          "Top": 0.4147259593009949
        },
        "Polygon": [
          {
            "X": 0.6700496077537537,
            "Y": 0.4147259593009949
          },
          {
            "X": 0.7024489045143127,
            "Y": 0.41474857926368713
          },
          {
            "X": 0.7025866508483887,
            "Y": 0.43565985560417175
          },
          {
            "X": 0.6701865792274475,
            "Y": 0.4356381297111511
          }
        ]
      },
      "Id": "0ab94aee-1641-41dd-83ae-cd3f747414ef",
      "Page": 1
    },
    {
      "BlockType": "WORD",
      "Confidence": 53.525753021240234,
      "Text": "c",
      "TextType": "PRINTED",
      "Geometry": {
        "BoundingBox": {
          "Width": 0.005977042019367218,
          "Height": 0.013063584454357624,
          "Left": 0.7060752511024475,
          "Top": 0.41386353969573975
        },
        "Polygon": [
          {
            "X": 0.7060752511024475,
            "Y": 0.41386353969573975
          },
          {
            "X": 0.7119660973548889,
            "Y": 0.41386765241622925
          },
          {
            "X": 0.7120522856712341,
            "Y": 0.4269271194934845
          },
          {
            "X": 0.706161379814148,
            "Y": 0.42692309617996216
          }
        ]
      },
      "Id": "fe3a18bb-d5eb-4714-9832-20e7d6219f52",
      "Page": 1
    },
    {
      "BlockType": "WORD",
      "Confidence": 98.92241668701172,
      "Text": "(%)",
      "TextType": "PRINTED",
      "Geometry": {
        "BoundingBox": {
          "Width": 0.024349169805645943,
          "Height": 0.025440525263547897,
          "Left": 0.7119603753089905,
          "Top": 0.41444507241249084
        },
        "Polygon": [
          {
            "X": 0.7119603753089905,
            "Y": 0.41444507241249084
          },
          {
            "X": 0.7361409068107605,
            "Y": 0.41446197032928467
          },
          {
            "X": 0.7363095283508301,
            "Y": 0.43988561630249023
          },
          {
            "X": 0.712128221988678,
            "Y": 0.4398695230484009
          }
        ]
      },
      "Id": "bf787854-acd9-421c-bbef-879e6e8ba36d",
      "Page": 1
    },
    {
      "BlockType": "WORD",
      "Confidence": 97.88716125488281,
      "Text": "PSER/m-PDA",
      "TextType": "PRINTED",
      "Geometry": {
        "BoundingBox": {
          "Width": 0.0864221602678299,
          "Height": 0.024123379960656166,
          "Left": 0.2716340124607086,
          "Top": 0.46167057752609253
        },
        "Polygon": [
          {
            "X": 0.2716340124607086,
            "Y": 0.46167057752609253
          },
          {
            "X": 0.3579080402851105,
            "Y": 0.4617253243923187
          },
          {
            "X": 0.3580561876296997,
            "Y": 0.48579394817352295
          },
          {
            "X": 0.2717795670032501,
            "Y": 0.4857420027256012
          }
        ]
      },
      "Id": "3f5785f3-8c8a-4e55-a262-cbd7fd0f322f",
      "Page": 1
    },
    {
      "BlockType": "WORD",
      "Confidence": 95.7073745727539,
      "Text": "179.4",
      "TextType": "PRINTED",
      "Geometry": {
        "BoundingBox": {
          "Width": 0.03695293143391609,
          "Height": 0.020100781694054604,
          "Left": 0.40015530586242676,
          "Top": 0.46244996786117554
        },
        "Polygon": [
          {
            "X": 0.40015530586242676,
            "Y": 0.46244996786117554
          },
          {
            "X": 0.436982661485672,
            "Y": 0.4624733030796051
          },
          {
            "X": 0.43710824847221375,
            "Y": 0.4825507700443268
          },
          {
            "X": 0.4002799689769745,
            "Y": 0.482528418302536
          }
        ]
      },
      "Id": "85f87cbc-5716-44d0-bf65-91c0caab57ff",
      "Page": 1
    },
    {
      "BlockType": "WORD",
      "Confidence": 65.61616516113281,
      "Text": "289,0",
      "TextType": "PRINTED",
      "Geometry": {
        "BoundingBox": {
          "Width": 0.038112569600343704,
          "Height": 0.020255072042346,
          "Left": 0.48143628239631653,
          "Top": 0.4623294770717621
        },
        "Polygon": [
          {
            "X": 0.48143628239631653,
            "Y": 0.4623294770717621
          },
          {
            "X": 0.5194202065467834,
            "Y": 0.46235355734825134
          },
          {
            "X": 0.5195488333702087,
            "Y": 0.48258453607559204
          },
          {
            "X": 0.4815639555454254,
            "Y": 0.48256149888038635
          }
        ]
      },
      "Id": "7663c6a1-12a4-4e35-929d-a8e890f743f0",
      "Page": 1
    },
    {
      "BlockType": "WORD",
      "Confidence": 73.44226837158203,
      "Text": "276,0",
      "TextType": "PRINTED",
      "Geometry": {
        "BoundingBox": {
          "Width": 0.03817188739776611,
          "Height": 0.020159952342510223,
          "Left": 0.575266420841217,
          "Top": 0.4622195363044739
        },
        "Polygon": [
          {
            "X": 0.575266420841217,
            "Y": 0.4622195363044739
          },
          {
            "X": 0.6133078932762146,
            "Y": 0.4622436463832855
          },
          {
            "X": 0.6134383082389832,
            "Y": 0.4823794960975647
          },
          {
            "X": 0.5753958821296692,
            "Y": 0.48235639929771423
          }
        ]
      },
      "Id": "b6793be2-c061-4c0b-ba54-d5005712aa23",
      "Page": 1
    },
    {
      "BlockType": "WORD",
      "Confidence": 60.655128479003906,
      "Text": "27,0",
      "TextType": "PRINTED",
      "Geometry": {
        "BoundingBox": {
          "Width": 0.029311638325452805,
          "Height": 0.019744543358683586,
          "Left": 0.6696439385414124,
          "Top": 0.4625585973262787
        },
        "Polygon": [
          {
            "X": 0.6696439385414124,
            "Y": 0.4625585973262787
          },
          {
            "X": 0.6988256573677063,
            "Y": 0.46257710456848145
          },
          {
            "X": 0.6989555358886719,
            "Y": 0.4823031425476074
          },
          {
            "X": 0.6697731018066406,
            "Y": 0.48228543996810913
          }
        ]
      },
      "Id": "7ca89c7d-0593-49c9-b52b-f2244fcdb47b",
      "Page": 1
    },
    {
      "BlockType": "WORD",
      "Confidence": 95.8603744506836,
      "Text": "TGCS/m-PDA",
      "TextType": "PRINTED",
      "Geometry": {
        "BoundingBox": {
          "Width": 0.08879434317350388,
          "Height": 0.024279886856675148,
          "Left": 0.2710488438606262,
          "Top": 0.49434342980384827
        },
        "Polygon": [
          {
            "X": 0.2710488438606262,
            "Y": 0.49434342980384827
          },
          {
            "X": 0.3596940040588379,
            "Y": 0.49439576268196106
          },
          {
            "X": 0.3598431944847107,
            "Y": 0.5186233520507812
          },
          {
            "X": 0.27119532227516174,
            "Y": 0.5185738801956177
          }
        ]
      },
      "Id": "b7f3c118-2a00-4655-a03d-0d15cc3e1c0c",
      "Page": 1
    },
    {
      "BlockType": "WORD",
      "Confidence": 63.23588943481445,
      "Text": "160,5",
      "TextType": "PRINTED",
      "Geometry": {
        "BoundingBox": {
          "Width": 0.03623445704579353,
          "Height": 0.01964333839714527,
          "Left": 0.4002465605735779,
          "Top": 0.4949919879436493
        },
        "Polygon": [
          {
            "X": 0.4002465605735779,
            "Y": 0.4949919879436493
          },
          {
            "X": 0.4363583028316498,
            "Y": 0.4950132966041565
          },
          {
            "X": 0.4364810287952423,
            "Y": 0.5146353244781494
          },
          {
            "X": 0.4003683924674988,
            "Y": 0.514614999294281
          }
        ]
      },
      "Id": "c814d2b6-7e58-4222-aeba-7523dfe3f1fd",
      "Page": 1
    },
    {
      "BlockType": "WORD",
      "Confidence": 67.0596923828125,
      "Text": "413.2",
      "TextType": "PRINTED",
      "Geometry": {
        "BoundingBox": {
          "Width": 0.03790074959397316,
          "Height": 0.019847925752401352,
          "Left": 0.48134011030197144,
          "Top": 0.4948316812515259
        },
        "Polygon": [
          {
            "X": 0.48134011030197144,
            "Y": 0.4948316812515259
          },
          {
            "X": 0.5191148519515991,
            "Y": 0.4948539733886719
          },
          {
            "X": 0.5192408561706543,
            "Y": 0.5146796107292175
          },
          {
            "X": 0.481465220451355,
            "Y": 0.5146583318710327
          }
        ]
      },
      "Id": "8d1bed7d-081b-4657-9db6-1aa0769887ed",
      "Page": 1
    },
    {
      "BlockType": "WORD",
      "Confidence": 70.50566101074219,
      "Text": "395.1",
      "TextType": "PRINTED",
      "Geometry": {
        "BoundingBox": {
          "Width": 0.03622288256883621,
          "Height": 0.019674044102430344,
          "Left": 0.5755894184112549,
          "Top": 0.4947127401828766
        },
        "Polygon": [
          {
            "X": 0.5755894184112549,
            "Y": 0.4947127401828766
          },
          {
            "X": 0.6116850972175598,
            "Y": 0.4947340190410614
          },
          {
            "X": 0.6118122935295105,
            "Y": 0.514386773109436
          },
          {
            "X": 0.5757157802581787,
            "Y": 0.5143664479255676
          }
        ]
      },
      "Id": "5d145406-7243-42dd-929f-641f6a8ef6e5",
      "Page": 1
    },
    {
      "BlockType": "WORD",
      "Confidence": 71.06761932373047,
      "Text": "29,7",
      "TextType": "PRINTED",
      "Geometry": {
        "BoundingBox": {
          "Width": 0.02917531505227089,
          "Height": 0.019558165222406387,
          "Left": 0.6696363687515259,
          "Top": 0.49492764472961426
        },
        "Polygon": [
          {
            "X": 0.6696363687515259,
            "Y": 0.49492764472961426
          },
          {
            "X": 0.6986830234527588,
            "Y": 0.4949447810649872
          },
          {
            "X": 0.6988117098808289,
            "Y": 0.5144858360290527
          },
          {
            "X": 0.6697643399238586,
            "Y": 0.5144694447517395
          }
        ]
      },
      "Id": "692091e1-4c5d-449b-9d7f-e6f73a91ad21",
      "Page": 1
    },
    {
      "BlockType": "WORD",
      "Confidence": 97.43267059326172,
      "Text": "PSER/2E4MZ",
      "TextType": "PRINTED",
      "Geometry": {
        "BoundingBox": {
          "Width": 0.08735976368188858,
          "Height": 0.02408573590219021,
          "Left": 0.27147430181503296,
          "Top": 0.5265979766845703
        },
        "Polygon": [
          {
            "X": 0.27147430181503296,
            "Y": 0.5265979766845703
          },
          {
            "X": 0.3586861193180084,
            "Y": 0.5266456007957458
          },
          {
            "X": 0.35883408784866333,
            "Y": 0.5506836771965027
          },
          {
            "X": 0.27161964774131775,
            "Y": 0.5506388545036316
          }
        ]
      },
      "Id": "c5537b7f-ebf3-4cc6-878e-84ed47a1325c",
      "Page": 1
    },
    {
      "BlockType": "WORD",
      "Confidence": 90.17395782470703,
      "Text": "120.7",
      "TextType": "PRINTED",
      "Geometry": {
        "BoundingBox": {
          "Width": 0.036655448377132416,
          "Height": 0.01955161616206169,
          "Left": 0.40021809935569763,
          "Top": 0.5272399187088013
        },
        "Polygon": [
          {
            "X": 0.40021809935569763,
            "Y": 0.5272399187088013
          },
          {
            "X": 0.4367513954639435,
            "Y": 0.527259886264801
          },
          {
            "X": 0.43687352538108826,
            "Y": 0.5467915534973145
          },
          {
            "X": 0.4003393352031708,
            "Y": 0.5467725992202759
          }
        ]
      },
      "Id": "8f1dd455-0ab2-410c-9e66-4f4a78458e27",
      "Page": 1
    },
    {
      "BlockType": "WORD",
      "Confidence": 74.61519622802734,
      "Text": "296,4",
      "TextType": "PRINTED",
      "Geometry": {
        "BoundingBox": {
          "Width": 0.03822791948914528,
          "Height": 0.01984829269349575,
          "Left": 0.48189306259155273,
          "Top": 0.5272828936576843
        },
        "Polygon": [
          {
            "X": 0.48189306259155273,
            "Y": 0.5272828936576843
          },
          {
            "X": 0.5199949145317078,
            "Y": 0.5273036956787109
          },
          {
            "X": 0.5201209783554077,
            "Y": 0.5471311807632446
          },
          {
            "X": 0.48201820254325867,
            "Y": 0.547111451625824
          }
        ]
      },
      "Id": "c709880c-40c1-4401-8472-360b159127a0",
      "Page": 1
    },
    {
      "BlockType": "WORD",
      "Confidence": 77.72779083251953,
      "Text": "302.9",
      "TextType": "PRINTED",
      "Geometry": {
        "BoundingBox": {
          "Width": 0.03742260858416557,
          "Height": 0.019312016665935516,
          "Left": 0.5757725834846497,
          "Top": 0.527217447757721
        },
        "Polygon": [
          {
            "X": 0.5757725834846497,
            "Y": 0.527217447757721
          },
          {
            "X": 0.6130703091621399,
            "Y": 0.5272378325462341
          },
          {
            "X": 0.6131952404975891,
            "Y": 0.5465294718742371
          },
          {
            "X": 0.5758966207504272,
            "Y": 0.5465101003646851
          }
        ]
      },
      "Id": "4fd554ad-2478-4f25-b4f3-802d5e286721",
      "Page": 1
    },
    {
      "BlockType": "WORD",
      "Confidence": 63.500328063964844,
      "Text": "21.5",
      "TextType": "PRINTED",
      "Geometry": {
        "BoundingBox": {
          "Width": 0.02843102067708969,
          "Height": 0.019076619297266006,
          "Left": 0.6698737144470215,
          "Top": 0.5276018381118774
        },
        "Polygon": [
          {
            "X": 0.6698737144470215,
            "Y": 0.5276018381118774
          },
          {
            "X": 0.6981792449951172,
            "Y": 0.5276172757148743
          },
          {
            "X": 0.6983047127723694,
            "Y": 0.5466784238815308
          },
          {
            "X": 0.6699985265731812,
            "Y": 0.546663761138916
          }
        ]
      },
      "Id": "3d435c56-ba30-4761-a274-2394b5e5d016",
      "Page": 1
    },
    {
      "BlockType": "WORD",
      "Confidence": 98.42035675048828,
      "Text": "TGCS/2E4MZ",
      "TextType": "PRINTED",
      "Geometry": {
        "BoundingBox": {
          "Width": 0.09006921947002411,
          "Height": 0.023777691647410393,
          "Left": 0.2712648808956146,
          "Top": 0.5588160157203674
        },
        "Polygon": [
          {
            "X": 0.2712648808956146,
            "Y": 0.5588160157203674
          },
          {
            "X": 0.36118796467781067,
            "Y": 0.5588611960411072
          },
          {
            "X": 0.3613341152667999,
            "Y": 0.5825936794281006
          },
          {
            "X": 0.2714083790779114,
            "Y": 0.5825513601303101
          }
        ]
      },
      "Id": "72963617-a83f-4e47-a271-b7800848ad66",
      "Page": 1
    },
    {
      "BlockType": "WORD",
      "Confidence": 60.70083236694336,
      "Text": "102,9",
      "TextType": "PRINTED",
      "Geometry": {
        "BoundingBox": {
          "Width": 0.0364072285592556,
          "Height": 0.01929808221757412,
          "Left": 0.4003346860408783,
          "Top": 0.5597116351127625
        },
        "Polygon": [
          {
            "X": 0.4003346860408783,
            "Y": 0.5597116351127625
          },
          {
            "X": 0.43662136793136597,
            "Y": 0.559729814529419
          },
          {
            "X": 0.4367419183254242,
            "Y": 0.5790097117424011
          },
          {
            "X": 0.4004543721675873,
            "Y": 0.5789924263954163
          }
        ]
      },
      "Id": "e21934e4-78ed-4524-94b8-983357b8164e",
      "Page": 1
    },
    {
      "BlockType": "WORD",
      "Confidence": 66.71723937988281,
      "Text": "395,0",
      "TextType": "PRINTED",
      "Geometry": {
        "BoundingBox": {
          "Width": 0.03747024014592171,
          "Height": 0.01950262486934662,
          "Left": 0.4819409251213074,
          "Top": 0.5594735145568848
        },
        "Polygon": [
          {
            "X": 0.4819409251213074,
            "Y": 0.5594735145568848
          },
          {
            "X": 0.5192872881889343,
            "Y": 0.559492290019989
          },
          {
            "X": 0.5194112062454224,
            "Y": 0.5789761543273926
          },
          {
            "X": 0.482063889503479,
            "Y": 0.5789583921432495
          }
        ]
      },
      "Id": "cb3dea2b-b6ec-4a4c-8744-3c02e89af448",
      "Page": 1
    },
    {
      "BlockType": "WORD",
      "Confidence": 83.69218444824219,
      "Text": "377,0",
      "TextType": "PRINTED",
      "Geometry": {
        "BoundingBox": {
          "Width": 0.037677545100450516,
          "Height": 0.01959761418402195,
          "Left": 0.5756353735923767,
          "Top": 0.5594643354415894
        },
        "Polygon": [
          {
            "X": 0.5756353735923767,
            "Y": 0.5594643354415894
          },
          {
            "X": 0.6131861209869385,
            "Y": 0.5594831705093384
          },
          {
            "X": 0.6133129596710205,
            "Y": 0.5790619254112244
          },
          {
            "X": 0.5757612586021423,
            "Y": 0.5790440440177917
          }
        ]
      },
      "Id": "c1a34f10-ff7d-437e-8010-848c2396b2b5",
      "Page": 1
    },
    {
      "BlockType": "WORD",
      "Confidence": 76.9999771118164,
      "Text": "24,6",
      "TextType": "PRINTED",
      "Geometry": {
        "BoundingBox": {
          "Width": 0.028380215167999268,
          "Height": 0.018912816420197487,
          "Left": 0.6700707077980042,
          "Top": 0.5598353743553162
        },
        "Polygon": [
          {
            "X": 0.6700707077980042,
            "Y": 0.5598353743553162
          },
          {
            "X": 0.6983265280723572,
            "Y": 0.5598495602607727
          },
          {
            "X": 0.6984509229660034,
            "Y": 0.5787482261657715
          },
          {
            "X": 0.6701944470405579,
            "Y": 0.5787347555160522
          }
        ]
      },
      "Id": "acce7880-f8fa-404e-93b6-b17099047f94",
      "Page": 1
    },
    {
      "BlockType": "TABLE",
      "Confidence": 99.951171875,
      "Geometry": {
        "BoundingBox": {
          "Width": 0.5072802305221558,
          "Height": 0.19255882501602173,
          "Left": 0.24727940559387207,
          "Top": 0.403763085603714
        },
        "Polygon": [
          {
            "X": 0.24727940559387207,
            "Y": 0.403763085603714
          },
          {
            "X": 0.7532808184623718,
            "Y": 0.4041239023208618
          },
          {
            "X": 0.7545596361160278,
            "Y": 0.5963219404220581
          },
          {
            "X": 0.24843648076057434,
            "Y": 0.596092939376831
          }
        ]
      },
      "Id": "f30b453a-e226-41eb-9514-124a4bb5a2a4",
      "Relationships": [
        {
          "Type": "CHILD",
          "Ids": [
            "cb674e9c-5eab-4c0d-ab97-55798859e802",
            "7006f467-dd75-4d46-972b-a36e3dd0c2b1",
            "741e6566-909c-4c6f-95fc-ac4bc1f0ea60",
            "08edff48-014f-4e20-964a-a0441360909b",
            "48163005-3559-4331-adbb-47054aa04bfd",
            "0caf0b92-2996-42d4-8f64-9538a33f7329",
            "951223af-a48a-4731-95bd-dfccb659cdd9",
            "0bb01376-627e-4380-afd5-f2b5fe5516ad",
            "748251cd-34c7-4175-9e6a-fa95f95a9231",
            "0eeb9add-32aa-4390-87b4-ba658af613aa",
            "e585fea7-8ba6-4211-94fd-7bfa37a72ebd",
            "3cbdf5aa-25d8-424a-b848-9a090f69807b",
            "c321e779-869c-4a91-964d-da78f273dc30",
            "eb4b2224-9c7b-47bf-b7df-f942a0df3620",
            "a6f1358e-2c64-4952-9138-83bab2d65002",
            "d4c878d6-8956-4084-b9b1-56479d5d06e0",
            "8c7b3694-184d-49af-9697-69e3aa776a00",
            "bfa914e6-d1a3-488d-b99a-7724bfba7ff7",
            "4fe3ed0f-e663-42ff-a676-5c6f06242578",
            "5cd61516-84ac-4bdb-bb43-7e9899bfebe3",
            "19c95b1d-605c-4ac7-8bc6-dbfcc93916db",
            "4d25fb4b-b716-4d93-896a-5bf3de4c3290",
            "1a18d712-9e15-4d76-a96a-aefe2500072a",
            "4fa71c61-c890-414e-aca0-228b4de89bf7",
            "631b1e06-3f11-401d-addc-1c47ce86e8df"
          ]
        }
      ],
      "EntityTypes": [
        "STRUCTURED_TABLE"
      ],
      "Page": 1
    },
    {
      "BlockType": "CELL",
      "Confidence": 93.65234375,
      "RowIndex": 1,
      "ColumnIndex": 1,
      "RowSpan": 1,
      "ColumnSpan": 1,
      "Geometry": {
        "BoundingBox": {
          "Width": 0.1323879063129425,
          "Height": 0.04578762874007225,
          "Left": 0.24727940559387207,
          "Top": 0.403763085603714
        },
        "Polygon": [
          {
            "X": 0.24727940559387207,
            "Y": 0.403763085603714
          },
          {
            "X": 0.3793848156929016,
            "Y": 0.4038572907447815
          },
          {
            "X": 0.3796673119068146,
            "Y": 0.44955071806907654
          },
          {
            "X": 0.24755434691905975,
            "Y": 0.44946470856666565
          }
        ]
      },
      "Id": "cb674e9c-5eab-4c0d-ab97-55798859e802",
      "Relationships": [
        {
          "Type": "CHILD",
          "Ids": [
            "ca6c8c2f-dca2-4a9e-a22b-dc4d23fbdfc2"
          ]
        }
      ],
      "EntityTypes": [
        "COLUMN_HEADER"
      ],
      "Page": 1
    },
    {
      "BlockType": "CELL",
      "Confidence": 88.671875,
      "RowIndex": 1,
      "ColumnIndex": 2,
      "RowSpan": 1,
      "ColumnSpan": 1,
      "Geometry": {
        "BoundingBox": {
          "Width": 0.0840197503566742,
          "Height": 0.04574795439839363,
          "Left": 0.3793848156929016,
          "Top": 0.4038572907447815
        },
        "Polygon": [
          {
            "X": 0.3793848156929016,
            "Y": 0.4038572907447815
          },
          {
            "X": 0.4631173014640808,
            "Y": 0.40391698479652405
          },
          {
            "X": 0.4634045660495758,
            "Y": 0.44960522651672363
          },
          {
            "X": 0.3796673119068146,
            "Y": 0.44955071806907654
          }
        ]
      },
      "Id": "7006f467-dd75-4d46-972b-a36e3dd0c2b1",
      "Relationships": [
        {
          "Type": "CHILD",
          "Ids": [
            "dbd5509c-1054-4d15-a012-e989d8532a76"
          ]
        }
      ],
      "EntityTypes": [
        "COLUMN_HEADER"
      ],
      "Page": 1
    },
    {
      "BlockType": "CELL",
      "Confidence": 92.138671875,
      "RowIndex": 1,
      "ColumnIndex": 3,
      "RowSpan": 1,
      "ColumnSpan": 1,
      "Geometry": {
        "BoundingBox": {
          "Width": 0.09385348856449127,
          "Height": 0.04574916884303093,
          "Left": 0.4631173014640808,
          "Top": 0.40391698479652405
        },
        "Polygon": [
          {
            "X": 0.4631173014640808,
            "Y": 0.40391698479652405
          },
          {
            "X": 0.5566781163215637,
            "Y": 0.4039837121963501
          },
          {
            "X": 0.5569707751274109,
            "Y": 0.44966617226600647
          },
          {
            "X": 0.4634045660495758,
            "Y": 0.44960522651672363
          }
        ]
      },
      "Id": "741e6566-909c-4c6f-95fc-ac4bc1f0ea60",
      "Relationships": [
        {
          "Type": "CHILD",
          "Ids": [
            "4a5079e9-c150-45b2-a862-cba071871788",
            "d59bf36b-c383-45dc-a1a6-c9a332e0f6cd"
          ]
        }
      ],
      "EntityTypes": [
        "COLUMN_HEADER"
      ],
      "Page": 1
    },
    {
      "BlockType": "CELL",
      "Confidence": 91.40625,
      "RowIndex": 1,
      "ColumnIndex": 4,
      "RowSpan": 1,
      "ColumnSpan": 1,
      "Geometry": {
        "BoundingBox": {
          "Width": 0.09547598659992218,
          "Height": 0.045744430273771286,
          "Left": 0.5566781163215637,
          "Top": 0.4039837121963501
        },
        "Polygon": [
          {
            "X": 0.5566781163215637,
            "Y": 0.4039837121963501
          },
          {
            "X": 0.6518560647964478,
            "Y": 0.4040515720844269
          },
          {
            "X": 0.6521541476249695,
            "Y": 0.4497281312942505
          },
          {
            "X": 0.5569707751274109,
            "Y": 0.44966617226600647
          }
        ]
      },
      "Id": "08edff48-014f-4e20-964a-a0441360909b",
      "Relationships": [
        {
          "Type": "CHILD",
          "Ids": [
            "6b08a1ea-f9f3-4a11-b308-776973a10bbf",
            "b6fb24b0-e2a0-4dfc-8bce-11920db027d4",
            "ca9740b0-9872-4fa8-9177-2aa6033c64ca"
          ]
        }
      ],
      "EntityTypes": [
        "COLUMN_HEADER"
      ],
      "Page": 1
    },
    {
      "BlockType": "CELL",
      "Confidence": 92.87109375,
      "RowIndex": 1,
      "ColumnIndex": 5,
      "RowSpan": 1,
      "ColumnSpan": 1,
      "Geometry": {
        "BoundingBox": {
          "Width": 0.10172862559556961,
          "Height": 0.04574260488152504,
          "Left": 0.6518560647964478,
          "Top": 0.4040515720844269
        },
        "Polygon": [
          {
            "X": 0.6518560647964478,
            "Y": 0.4040515720844269
          },
          {
            "X": 0.7532808184623718,
            "Y": 0.4041239023208618
          },
          {
            "X": 0.7535846829414368,
            "Y": 0.4497941732406616
          },
          {
            "X": 0.6521541476249695,
            "Y": 0.4497281312942505
          }
        ]
      },
      "Id": "48163005-3559-4331-adbb-47054aa04bfd",
      "Relationships": [
        {
          "Type": "CHILD",
          "Ids": [
            "0ab94aee-1641-41dd-83ae-cd3f747414ef",
            "fe3a18bb-d5eb-4714-9832-20e7d6219f52",
            "bf787854-acd9-421c-bbef-879e6e8ba36d"
          ]
        }
      ],
      "EntityTypes": [
        "COLUMN_HEADER"
      ],
      "Page": 1
    },
    {
      "BlockType": "CELL",
      "Confidence": 89.501953125,
      "RowIndex": 2,
      "ColumnIndex": 1,
      "RowSpan": 1,
      "ColumnSpan": 1,
      "Geometry": {
        "BoundingBox": {
          "Width": 0.1323624551296234,
          "Height": 0.04043963551521301,
          "Left": 0.24755434691905975,
          "Top": 0.44946470856666565
        },
        "Polygon": [
          {
            "X": 0.24755434691905975,
            "Y": 0.44946470856666565
          },
          {
            "X": 0.3796673119068146,
            "Y": 0.44955071806907654
          },
          {
            "X": 0.37991681694984436,
            "Y": 0.48990434408187866
          },
          {
            "X": 0.2477971613407135,
            "Y": 0.4898255467414856
          }
        ]
      },
      "Id": "0caf0b92-2996-42d4-8f64-9538a33f7329",
      "Relationships": [
        {
          "Type": "CHILD",
          "Ids": [
            "3f5785f3-8c8a-4e55-a262-cbd7fd0f322f"
          ]
        }
      ],
      "Page": 1
    },
    {
      "BlockType": "CELL",
      "Confidence": 84.765625,
      "RowIndex": 2,
      "ColumnIndex": 2,
      "RowSpan": 1,
      "ColumnSpan": 1,
      "Geometry": {
        "BoundingBox": {
          "Width": 0.08399096876382828,
          "Height": 0.04040355980396271,
          "Left": 0.3796673119068146,
          "Top": 0.44955071806907654
        },
        "Polygon": [
          {
            "X": 0.3796673119068146,
            "Y": 0.44955071806907654
          },
          {
            "X": 0.4634045660495758,
            "Y": 0.44960522651672363
          },
          {
            "X": 0.46365830302238464,
            "Y": 0.48995429277420044
          },
          {
            "X": 0.37991681694984436,
            "Y": 0.48990434408187866
          }
        ]
      },
      "Id": "951223af-a48a-4731-95bd-dfccb659cdd9",
      "Relationships": [
        {
          "Type": "CHILD",
          "Ids": [
            "85f87cbc-5716-44d0-bf65-91c0caab57ff"
          ]
        }
      ],
      "Page": 1
    },
    {
      "BlockType": "CELL",
      "Confidence": 88.0859375,
      "RowIndex": 2,
      "ColumnIndex": 3,
      "RowSpan": 1,
      "ColumnSpan": 1,
      "Geometry": {
        "BoundingBox": {
          "Width": 0.09382463991641998,
          "Height": 0.04040484502911568,
          "Left": 0.4634045660495758,
          "Top": 0.44960522651672363
        },
        "Polygon": [
          {
            "X": 0.4634045660495758,
            "Y": 0.44960522651672363
          },
          {
            "X": 0.5569707751274109,
            "Y": 0.44966617226600647
          },
          {
            "X": 0.557229220867157,
            "Y": 0.4900100827217102
          },
          {
            "X": 0.46365830302238464,
            "Y": 0.48995429277420044
          }
        ]
      },
      "Id": "0bb01376-627e-4380-afd5-f2b5fe5516ad",
      "Relationships": [
        {
          "Type": "CHILD",
          "Ids": [
            "7663c6a1-12a4-4e35-929d-a8e890f743f0"
          ]
        }
      ],
      "Page": 1
    },
    {
      "BlockType": "CELL",
      "Confidence": 87.40234375,
      "RowIndex": 2,
      "ColumnIndex": 4,
      "RowSpan": 1,
      "ColumnSpan": 1,
      "Geometry": {
        "BoundingBox": {
          "Width": 0.09544659405946732,
          "Height": 0.04040069505572319,
          "Left": 0.5569707751274109,
          "Top": 0.44966617226600647
        },
        "Polygon": [
          {
            "X": 0.5569707751274109,
            "Y": 0.44966617226600647
          },
          {
            "X": 0.6521541476249695,
            "Y": 0.4497281312942505
          },
          {
            "X": 0.6524173617362976,
            "Y": 0.49006685614585876
          },
          {
            "X": 0.557229220867157,
            "Y": 0.4900100827217102
          }
        ]
      },
      "Id": "748251cd-34c7-4175-9e6a-fa95f95a9231",
      "Relationships": [
        {
          "Type": "CHILD",
          "Ids": [
            "b6793be2-c061-4c0b-ba54-d5005712aa23"
          ]
        }
      ],
      "Page": 1
    },
    {
      "BlockType": "CELL",
      "Confidence": 88.76953125,
      "RowIndex": 2,
      "ColumnIndex": 5,
      "RowSpan": 1,
      "ColumnSpan": 1,
      "Geometry": {
        "BoundingBox": {
          "Width": 0.10169890522956848,
          "Height": 0.0403992161154747,
          "Left": 0.6521541476249695,
          "Top": 0.4497281312942505
        },
        "Polygon": [
          {
            "X": 0.6521541476249695,
            "Y": 0.4497281312942505
          },
          {
            "X": 0.7535846829414368,
            "Y": 0.4497941732406616
          },
          {
            "X": 0.7538530230522156,
            "Y": 0.4901273548603058
          },
          {
            "X": 0.6524173617362976,
            "Y": 0.49006685614585876
          }
        ]
      },
      "Id": "0eeb9add-32aa-4390-87b4-ba658af613aa",
      "Relationships": [
        {
          "Type": "CHILD",
          "Ids": [
            "7ca89c7d-0593-49c9-b52b-f2244fcdb47b"
          ]
        }
      ],
      "Page": 1
    },
    {
      "BlockType": "CELL",
      "Confidence": 85.15625,
      "RowIndex": 3,
      "ColumnIndex": 1,
      "RowSpan": 1,
      "ColumnSpan": 1,
      "Geometry": {
        "BoundingBox": {
          "Width": 0.13231925666332245,
          "Height": 0.03236464411020279,
          "Left": 0.2477971613407135,
          "Top": 0.4898255467414856
        },
        "Polygon": [
          {
            "X": 0.2477971613407135,
            "Y": 0.4898255467414856
          },
          {
            "X": 0.37991681694984436,
            "Y": 0.48990434408187866
          },
          {
            "X": 0.38011643290519714,
            "Y": 0.5221902132034302
          },
          {
            "X": 0.2479914277791977,
            "Y": 0.5221171975135803
          }
        ]
      },
      "Id": "e585fea7-8ba6-4211-94fd-7bfa37a72ebd",
      "Relationships": [
        {
          "Type": "CHILD",
          "Ids": [
            "b7f3c118-2a00-4655-a03d-0d15cc3e1c0c"
          ]
        }
      ],
      "Page": 1
    },
    {
      "BlockType": "CELL",
      "Confidence": 80.615234375,
      "RowIndex": 3,
      "ColumnIndex": 2,
      "RowSpan": 1,
      "ColumnSpan": 1,
      "Geometry": {
        "BoundingBox": {
          "Width": 0.08394447714090347,
          "Height": 0.032332129776477814,
          "Left": 0.37991681694984436,
          "Top": 0.48990434408187866
        },
        "Polygon": [
          {
            "X": 0.37991681694984436,
            "Y": 0.48990434408187866
          },
          {
            "X": 0.46365830302238464,
            "Y": 0.48995429277420044
          },
          {
            "X": 0.46386128664016724,
            "Y": 0.5222364664077759
          },
          {
            "X": 0.38011643290519714,
            "Y": 0.5221902132034302
          }
        ]
      },
      "Id": "3cbdf5aa-25d8-424a-b848-9a090f69807b",
      "Relationships": [
        {
          "Type": "CHILD",
          "Ids": [
            "c814d2b6-7e58-4222-aeba-7523dfe3f1fd"
          ]
        }
      ],
      "Page": 1
    },
    {
      "BlockType": "CELL",
      "Confidence": 83.7890625,
      "RowIndex": 3,
      "ColumnIndex": 3,
      "RowSpan": 1,
      "ColumnSpan": 1,
      "Geometry": {
        "BoundingBox": {
          "Width": 0.09377769380807877,
          "Height": 0.03233389928936958,
          "Left": 0.46365830302238464,
          "Top": 0.48995429277420044
        },
        "Polygon": [
          {
            "X": 0.46365830302238464,
            "Y": 0.48995429277420044
          },
          {
            "X": 0.557229220867157,
            "Y": 0.4900100827217102
          },
          {
            "X": 0.5574359893798828,
            "Y": 0.5222882032394409
          },
          {
            "X": 0.46386128664016724,
            "Y": 0.5222364664077759
          }
        ]
      },
      "Id": "c321e779-869c-4a91-964d-da78f273dc30",
      "Relationships": [
        {
          "Type": "CHILD",
          "Ids": [
            "8d1bed7d-081b-4657-9db6-1aa0769887ed"
          ]
        }
      ],
      "Page": 1
    },
    {
      "BlockType": "CELL",
      "Confidence": 83.10546875,
      "RowIndex": 3,
      "ColumnIndex": 4,
      "RowSpan": 1,
      "ColumnSpan": 1,
      "Geometry": {
        "BoundingBox": {
          "Width": 0.09539876878261566,
          "Height": 0.032330699265003204,
          "Left": 0.557229220867157,
          "Top": 0.4900100827217102
        },
        "Polygon": [
          {
            "X": 0.557229220867157,
            "Y": 0.4900100827217102
          },
          {
            "X": 0.6524173617362976,
            "Y": 0.49006685614585876
          },
          {
            "X": 0.6526280045509338,
            "Y": 0.5223407745361328
          },
          {
            "X": 0.5574359893798828,
            "Y": 0.5222882032394409
          }
        ]
      },
      "Id": "eb4b2224-9c7b-47bf-b7df-f942a0df3620",
      "Relationships": [
        {
          "Type": "CHILD",
          "Ids": [
            "5d145406-7243-42dd-929f-641f6a8ef6e5"
          ]
        }
      ],
      "Page": 1
    },
    {
      "BlockType": "CELL",
      "Confidence": 84.423828125,
      "RowIndex": 3,
      "ColumnIndex": 5,
      "RowSpan": 1,
      "ColumnSpan": 1,
      "Geometry": {
        "BoundingBox": {
          "Width": 0.10165037214756012,
          "Height": 0.0323299877345562,
          "Left": 0.6524173617362976,
          "Top": 0.49006685614585876
        },
        "Polygon": [
          {
            "X": 0.6524173617362976,
            "Y": 0.49006685614585876
          },
          {
            "X": 0.7538530230522156,
            "Y": 0.4901273548603058
          },
          {
            "X": 0.7540677189826965,
            "Y": 0.5223968625068665
          },
          {
            "X": 0.6526280045509338,
            "Y": 0.5223407745361328
          }
        ]
      },
      "Id": "a6f1358e-2c64-4952-9138-83bab2d65002",
      "Relationships": [
        {
          "Type": "CHILD",
          "Ids": [
            "692091e1-4c5d-449b-9d7f-e6f73a91ad21"
          ]
        }
      ],
      "Page": 1
    },
    {
      "BlockType": "CELL",
      "Confidence": 83.10546875,
      "RowIndex": 4,
      "ColumnIndex": 1,
      "RowSpan": 1,
      "ColumnSpan": 1,
      "Geometry": {
        "BoundingBox": {
          "Width": 0.13232460618019104,
          "Height": 0.03236149251461029,
          "Left": 0.2479914277791977,
          "Top": 0.5221171975135803
        },
        "Polygon": [
          {
            "X": 0.2479914277791977,
            "Y": 0.5221171975135803
          },
          {
            "X": 0.38011643290519714,
            "Y": 0.5221902132034302
          },
          {
            "X": 0.3803160488605499,
            "Y": 0.554478645324707
          },
          {
            "X": 0.24818572402000427,
            "Y": 0.5544114112854004
          }
        ]
      },
      "Id": "d4c878d6-8956-4084-b9b1-56479d5d06e0",
      "Relationships": [
        {
          "Type": "CHILD",
          "Ids": [
            "c5537b7f-ebf3-4cc6-878e-84ed47a1325c"
          ]
        }
      ],
      "Page": 1
    },
    {
      "BlockType": "CELL",
      "Confidence": 78.662109375,
      "RowIndex": 4,
      "ColumnIndex": 2,
      "RowSpan": 1,
      "ColumnSpan": 1,
      "Geometry": {
        "BoundingBox": {
          "Width": 0.08394787460565567,
          "Height": 0.03233109414577484,
          "Left": 0.38011643290519714,
          "Top": 0.5221902132034302
        },
        "Polygon": [
          {
            "X": 0.38011643290519714,
            "Y": 0.5221902132034302
          },
          {
            "X": 0.46386128664016724,
            "Y": 0.5222364664077759
          },
          {
            "X": 0.4640643000602722,
            "Y": 0.5545212626457214
          },
          {
            "X": 0.3803160488605499,
            "Y": 0.554478645324707
          }
        ]
      },
      "Id": "8c7b3694-184d-49af-9697-69e3aa776a00",
      "Relationships": [
        {
          "Type": "CHILD",
          "Ids": [
            "8f1dd455-0ab2-410c-9e66-4f4a78458e27"
          ]
        }
      ],
      "Page": 1
    },
    {
      "BlockType": "CELL",
      "Confidence": 81.73828125,
      "RowIndex": 4,
      "ColumnIndex": 3,
      "RowSpan": 1,
      "ColumnSpan": 1,
      "Geometry": {
        "BoundingBox": {
          "Width": 0.0937814936041832,
          "Height": 0.03233243152499199,
          "Left": 0.46386128664016724,
          "Top": 0.5222364664077759
        },
        "Polygon": [
          {
            "X": 0.46386128664016724,
            "Y": 0.5222364664077759
          },
          {
            "X": 0.5574359893798828,
            "Y": 0.5222882032394409
          },
          {
            "X": 0.5576427578926086,
            "Y": 0.554568886756897
          },
          {
            "X": 0.4640643000602722,
            "Y": 0.5545212626457214
          }
        ]
      },
      "Id": "bfa914e6-d1a3-488d-b99a-7724bfba7ff7",
      "Relationships": [
        {
          "Type": "CHILD",
          "Ids": [
            "c709880c-40c1-4401-8472-360b159127a0"
          ]
        }
      ],
      "Page": 1
    },
    {
      "BlockType": "CELL",
      "Confidence": 81.103515625,
      "RowIndex": 4,
      "ColumnIndex": 4,
      "RowSpan": 1,
      "ColumnSpan": 1,
      "Geometry": {
        "BoundingBox": {
          "Width": 0.09540262818336487,
          "Height": 0.03232916072010994,
          "Left": 0.5574359893798828,
          "Top": 0.5222882032394409
        },
        "Polygon": [
          {
            "X": 0.5574359893798828,
            "Y": 0.5222882032394409
          },
          {
            "X": 0.6526280045509338,
            "Y": 0.5223407745361328
          },
          {
            "X": 0.6528386473655701,
            "Y": 0.5546173453330994
          },
          {
            "X": 0.5576427578926086,
            "Y": 0.554568886756897
          }
        ]
      },
      "Id": "4fe3ed0f-e663-42ff-a676-5c6f06242578",
      "Relationships": [
        {
          "Type": "CHILD",
          "Ids": [
            "4fd554ad-2478-4f25-b4f3-802d5e286721"
          ]
        }
      ],
      "Page": 1
    },
    {
      "BlockType": "CELL",
      "Confidence": 82.373046875,
      "RowIndex": 4,
      "ColumnIndex": 5,
      "RowSpan": 1,
      "ColumnSpan": 1,
      "Geometry": {
        "BoundingBox": {
          "Width": 0.10165448486804962,
          "Height": 0.03232817351818085,
          "Left": 0.6526280045509338,
          "Top": 0.5223407745361328
        },
        "Polygon": [
          {
            "X": 0.6526280045509338,
            "Y": 0.5223407745361328
          },
          {
            "X": 0.7540677189826965,
            "Y": 0.5223968625068665
          },
          {
            "X": 0.7542824745178223,
            "Y": 0.5546689629554749
          },
          {
            "X": 0.6528386473655701,
            "Y": 0.5546173453330994
          }
        ]
      },
      "Id": "5cd61516-84ac-4bdb-bb43-7e9899bfebe3",
      "Relationships": [
        {
          "Type": "CHILD",
          "Ids": [
            "3d435c56-ba30-4761-a274-2394b5e5d016"
          ]
        }
      ],
      "Page": 1
    },
    {
      "BlockType": "CELL",
      "Confidence": 92.822265625,
      "RowIndex": 5,
      "ColumnIndex": 1,
      "RowSpan": 1,
      "ColumnSpan": 1,
      "Geometry": {
        "BoundingBox": {
          "Width": 0.13238798081874847,
          "Height": 0.04174130782485008,
          "Left": 0.24818572402000427,
          "Top": 0.5544114112854004
        },
        "Polygon": [
          {
            "X": 0.24818572402000427,
            "Y": 0.5544114112854004
          },
          {
            "X": 0.3803160488605499,
            "Y": 0.554478645324707
          },
          {
            "X": 0.38057368993759155,
            "Y": 0.5961527228355408
          },
          {
            "X": 0.24843648076057434,
            "Y": 0.596092939376831
          }
        ]
      },
      "Id": "19c95b1d-605c-4ac7-8bc6-dbfcc93916db",
      "Relationships": [
        {
          "Type": "CHILD",
          "Ids": [
            "72963617-a83f-4e47-a271-b7800848ad66"
          ]
        }
      ],
      "Page": 1
    },
    {
      "BlockType": "CELL",
      "Confidence": 87.841796875,
      "RowIndex": 5,
      "ColumnIndex": 2,
      "RowSpan": 1,
      "ColumnSpan": 1,
      "Geometry": {
        "BoundingBox": {
          "Width": 0.08401026576757431,
          "Height": 0.0417119599878788,
          "Left": 0.3803160488605499,
          "Top": 0.554478645324707
        },
        "Polygon": [
          {
            "X": 0.3803160488605499,
            "Y": 0.554478645324707
          },
          {
            "X": 0.4640643000602722,
            "Y": 0.5545212626457214
          },
          {
            "X": 0.46432632207870483,
            "Y": 0.5961906313896179
          },
          {
            "X": 0.38057368993759155,
            "Y": 0.5961527228355408
          }
        ]
      },
      "Id": "4d25fb4b-b716-4d93-896a-5bf3de4c3290",
      "Relationships": [
        {
          "Type": "CHILD",
          "Ids": [
            "e21934e4-78ed-4524-94b8-983357b8164e"
          ]
        }
      ],
      "Page": 1
    },
    {
      "BlockType": "CELL",
      "Confidence": 91.30859375,
      "RowIndex": 5,
      "ColumnIndex": 3,
      "RowSpan": 1,
      "ColumnSpan": 1,
      "Geometry": {
        "BoundingBox": {
          "Width": 0.09384538233280182,
          "Height": 0.041711676865816116,
          "Left": 0.4640643000602722,
          "Top": 0.5545212626457214
        },
        "Polygon": [
          {
            "X": 0.4640643000602722,
            "Y": 0.5545212626457214
          },
          {
            "X": 0.5576427578926086,
            "Y": 0.554568886756897
          },
          {
            "X": 0.5579096674919128,
            "Y": 0.5962329506874084
          },
          {
            "X": 0.46432632207870483,
            "Y": 0.5961906313896179
          }
        ]
      },
      "Id": "1a18d712-9e15-4d76-a96a-aefe2500072a",
      "Relationships": [
        {
          "Type": "CHILD",
          "Ids": [
            "cb3dea2b-b6ec-4a4c-8744-3c02e89af448"
          ]
        }
      ],
      "Page": 1
    },
    {
      "BlockType": "CELL",
      "Confidence": 90.576171875,
      "RowIndex": 5,
      "ColumnIndex": 4,
      "RowSpan": 1,
      "ColumnSpan": 1,
      "Geometry": {
        "BoundingBox": {
          "Width": 0.0954677015542984,
          "Height": 0.041707124561071396,
          "Left": 0.5576427578926086,
          "Top": 0.554568886756897
        },
        "Polygon": [
          {
            "X": 0.5576427578926086,
            "Y": 0.554568886756897
          },
          {
            "X": 0.6528386473655701,
            "Y": 0.5546173453330994
          },
          {
            "X": 0.6531105041503906,
            "Y": 0.596276044845581
          },
          {
            "X": 0.5579096674919128,
            "Y": 0.5962329506874084
          }
        ]
      },
      "Id": "4fa71c61-c890-414e-aca0-228b4de89bf7",
      "Relationships": [
        {
          "Type": "CHILD",
          "Ids": [
            "c1a34f10-ff7d-437e-8010-848c2396b2b5"
          ]
        }
      ],
      "Page": 1
    },
    {
      "BlockType": "CELL",
      "Confidence": 91.9921875,
      "RowIndex": 5,
      "ColumnIndex": 5,
      "RowSpan": 1,
      "ColumnSpan": 1,
      "Geometry": {
        "BoundingBox": {
          "Width": 0.10172099620103836,
          "Height": 0.04170457273721695,
          "Left": 0.6528386473655701,
          "Top": 0.5546173453330994
        },
        "Polygon": [
          {
            "X": 0.6528386473655701,
            "Y": 0.5546173453330994
          },
          {
            "X": 0.7542824745178223,
            "Y": 0.5546689629554749
          },
          {
            "X": 0.7545596361160278,
            "Y": 0.5963219404220581
          },
          {
            "X": 0.6531105041503906,
            "Y": 0.596276044845581
          }
        ]
      },
      "Id": "631b1e06-3f11-401d-addc-1c47ce86e8df",
      "Relationships": [
        {
          "Type": "CHILD",
          "Ids": [
            "acce7880-f8fa-404e-93b6-b17099047f94"
          ]
        }
      ],
      "Page": 1
    }
  ],
  "AnalyzeDocumentModelVersion": "1.0"
}