{
  "DocumentMetadata": {
    "Pages": 1
  },
  "JobStatus": "SUCCEEDED",
  "Blocks": [
    {
      "BlockType": "PAGE",
      "Geometry": {
        "BoundingBox": {
          "Width": 0.5410696864128113,
          "Height": 0.2938630282878876,
          "Left": 0.23092208802700043,
          "Top": 0.3482402563095093
        },
        "Polygon": [
          {
            "X": 0.23092208802700043,
            "Y": 0.3486092686653137
          },
          {
            "X": 0.7699669003486633,
            "Y": 0.3482402563095093
          },
          {
            "X": 0.7719917893409729,
            "Y": 0.6421032547950745
          },
          {
            "X": 0.23191051185131073,
            "Y": 0.6417770981788635
          }
        ]
      },
      "Id": "b73cde65-4129-4304-923d-030417406f57",
      "Relationships": [
        {
          "Type": "CHILD",
          "Ids": [
            "e36615d6-270e-4f97-82a6-9e35b82d2cab",
            "f00e0320-9f63-42ef-821a-a4cb2d14e828",
            "f8ca9195-478c-42e0-afdb-3690e131f966",
            "00bd0b33-468c-4dad-b689-356969a64fdf",
            "61740a81-7265-454c-8dac-fe5d4d4a43fb",
            "3a5aaee6-9a55-40fd-84e8-ea5f8b024bce",
            "7178ad01-b92b-4acc-8f97-f88b402e3567",
            "8c029f17-3431-4b7b-8d9f-302ae314104b",
            "199be26b-1d29-4ac6-9e1d-0c148629de6c",
            "76405ffb-7f6d-4a04-b140-ac19ece6fc92",
            "775d9112-e72a-4bf4-b874-5c769893379f",
            "f839f8aa-a63c-456e-9f4b-d04762db599f",
            "75e51ce2-0865-4899-b2ec-dbe60dee2f21",
            "f8e8a4dd-84d4-4aeb-88c2-6a3ded984eb4",
            "f0a33f5b-f3dd-4d5b-b51c-21779a2de149",
            "b93ab27b-bed6-4c82-bf03-65c97c41fcf3",
            "22980799-0e85-450d-9756-1b4b2ea050a2",
            "45103de8-a24e-42b9-bdd2-befcfda678af",
            "dc0d9e26-b2b9-4bf7-a549-f36d166909f8"
          ]
        }
      ],
      "Page": 1
    },
    {
      "BlockType": "LINE",
      "Confidence": 99.95306396484375,
      "Text": "Model",
      "Geometry": {
        "BoundingBox": {
          "Width": 0.037616174668073654,
          "Height": 0.017276521772146225,
          "Left": 0.24770347774028778,
          "Top": 0.3829852342605591
        },
        "Polygon": [
          {
            "X": 0.24770347774028778,
            "Y": 0.3830052614212036
          },
          {
            "X": 0.2852553427219391,
            "Y": 0.3829852342605591
          },
          {
            "X": 0.28531965613365173,
            "Y": 0.4002445638179779
          },
          {
            "X": 0.247763529419899,
            "Y": 0.4002617597579956
          }
        ]
      },
      "Id": "e36615d6-270e-4f97-82a6-9e35b82d2cab",
      "Relationships": [
        {
          "Type": "CHILD",
          "Ids": [
            "3fa535c4-3ea8-4143-a827-6b30f6d1fa5b"
          ]
        }
      ],
      "Page": 1
    },
    {
      "BlockType": "LINE",
      "Confidence": 89.54420471191406,
      "Text": "Jeffamine Molecule",
      "Geometry": {
        "BoundingBox": {
          "Width": 0.12971970438957214,
          "Height": 0.01753181405365467,
          "Left": 0.36664438247680664,
          "Top": 0.38294360041618347
        },
        "Polygon": [
          {
            "X": 0.36664438247680664,
            "Y": 0.38301268219947815
          },
          {
            "X": 0.4962749183177948,
            "Y": 0.38294360041618347
          },
          {
            "X": 0.4963640868663788,
            "Y": 0.4004162549972534
          },
          {
            "X": 0.36671870946884155,
            "Y": 0.400475412607193
          }
        ]
      },
      "Id": "f00e0320-9f63-42ef-821a-a4cb2d14e828",
      "Relationships": [
        {
          "Type": "CHILD",
          "Ids": [
            "0a1a467e-6096-4bde-9e67-1dd588e45a56",
            "aab48004-10a3-4c26-9a4e-64e810ed662b"
          ]
        }
      ],
      "Page": 1
    },
    {
      "BlockType": "LINE",
      "Confidence": 99.84870147705078,
      "Text": "Epon Molecule",
      "Geometry": {
        "BoundingBox": {
          "Width": 0.09020981192588806,
          "Height": 0.021850386634469032,
          "Left": 0.5922604203224182,
          "Top": 0.38319727778434753
        },
        "Polygon": [
          {
            "X": 0.5922604203224182,
            "Y": 0.3832451403141022
          },
          {
            "X": 0.682332456111908,
            "Y": 0.38319727778434753
          },
          {
            "X": 0.6824702024459839,
            "Y": 0.4050084054470062
          },
          {
            "X": 0.5923852920532227,
            "Y": 0.4050476551055908
          }
        ]
      },
      "Id": "f8ca9195-478c-42e0-afdb-3690e131f966",
      "Relationships": [
        {
          "Type": "CHILD",
          "Ids": [
            "3b176fb3-d451-425a-a226-9c52f214ffa4",
            "15e9461a-1c55-4c3b-9eb7-8c6542dddf63"
          ]
        }
      ],
      "Page": 1
    },
    {
      "BlockType": "LINE",
      "Confidence": 99.94557189941406,
      "Text": "Designation",
      "Geometry": {
        "BoundingBox": {
          "Width": 0.07159439474344254,
          "Height": 0.02170564979314804,
          "Left": 0.24777138233184814,
          "Top": 0.4127376973628998
        },
        "Polygon": [
          {
            "X": 0.24777138233184814,
            "Y": 0.4127664566040039
          },
          {
            "X": 0.319280207157135,
            "Y": 0.4127376973628998
          },
          {
            "X": 0.3193657696247101,
            "Y": 0.4344213604927063
          },
          {
            "X": 0.2478468120098114,
            "Y": 0.43444332480430603
          }
        ]
      },
      "Id": "00bd0b33-468c-4dad-b689-356969a64fdf",
      "Relationships": [
        {
          "Type": "CHILD",
          "Ids": [
            "49f8b8e8-ced7-43eb-9f07-f351f9620519"
          ]
        }
      ],
      "Page": 1
    },
    {
      "BlockType": "LINE",
      "Confidence": 99.67974090576172,
      "Text": "Epon/J230",
      "Geometry": {
        "BoundingBox": {
          "Width": 0.0668671503663063,
          "Height": 0.020757639780640602,
          "Left": 0.24778230488300323,
          "Top": 0.45851466059684753
        },
        "Polygon": [
          {
            "X": 0.24778230488300323,
            "Y": 0.4585281014442444
          },
          {
            "X": 0.3145682215690613,
            "Y": 0.45851466059684753
          },
          {
            "X": 0.31464946269989014,
            "Y": 0.47926491498947144
          },
          {
            "X": 0.24785448610782623,
            "Y": 0.4792722761631012
          }
        ]
      },
      "Id": "61740a81-7265-454c-8dac-fe5d4d4a43fb",
      "Relationships": [
        {
          "Type": "CHILD",
          "Ids": [
            "011f9441-21a8-45d6-9e1e-b4f3d63140fa"
          ]
        }
      ],
      "Page": 1
    },
    {
      "BlockType": "LINE",
      "Confidence": 92.49408721923828,
      "Text": "Jeffamine D-230 (n",
      "Geometry": {
        "BoundingBox": {
          "Width": 0.12803031504154205,
          "Height": 0.020698195323348045,
          "Left": 0.3668811321258545,
          "Top": 0.45755866169929504
        },
        "Polygon": [
          {
            "X": 0.3668811321258545,
            "Y": 0.457584947347641
          },
          {
            "X": 0.4948061406612396,
            "Y": 0.45755866169929504
          },
          {
            "X": 0.49491143226623535,
            "Y": 0.4782421886920929
          },
          {
            "X": 0.36696910858154297,
            "Y": 0.47825685143470764
          }
        ]
      },
      "Id": "3a5aaee6-9a55-40fd-84e8-ea5f8b024bce",
      "Relationships": [
        {
          "Type": "CHILD",
          "Ids": [
            "6fcf3802-89cf-42bd-b77d-0d3ced99d8da",
            "6ed87c46-17bb-4c33-bea3-38fb95659772",
            "db6d84e2-9897-4b0c-aba9-0a03154076ba"
          ]
        }
      ],
      "Page": 1
    },
    {
      "BlockType": "LINE",
      "Confidence": 99.90998840332031,
      "Text": "2.6, MW",
      "Geometry": {
        "BoundingBox": {
          "Width": 0.051455914974212646,
          "Height": 0.020053649321198463,
          "Left": 0.5140565633773804,
          "Top": 0.45827263593673706
        },
        "Polygon": [
          {
            "X": 0.5140565633773804,
            "Y": 0.45828303694725037
          },
          {
            "X": 0.5654011964797974,
            "Y": 0.45827263593673706
          },
          {
            "X": 0.565512478351593,
            "Y": 0.4783204197883606
          },
          {
            "X": 0.5141611099243164,
            "Y": 0.47832629084587097
          }
        ]
      },
      "Id": "7178ad01-b92b-4acc-8f97-f88b402e3567",
      "Relationships": [
        {
          "Type": "CHILD",
          "Ids": [
            "ff78b712-8861-43f6-9b7a-e18eec31b84e",
            "ac0189c4-ccbf-46fc-badc-bcd33026ceed"
          ]
        }
      ],
      "Page": 1
    },
    {
      "BlockType": "LINE",
      "Confidence": 99.74117279052734,
      "Text": "Epon 825 (n 0.13, MW",
      "Geometry": {
        "BoundingBox": {
          "Width": 0.1527978479862213,
          "Height": 0.022022562101483345,
          "Left": 0.5922807455062866,
          "Top": 0.4576759338378906
        },
        "Polygon": [
          {
            "X": 0.5922807455062866,
            "Y": 0.45770716667175293
          },
          {
            "X": 0.7449306845664978,
            "Y": 0.4576759338378906
          },
          {
            "X": 0.7450786232948303,
            "Y": 0.47968196868896484
          },
          {
            "X": 0.592406690120697,
            "Y": 0.4796984791755676
          }
        ]
      },
      "Id": "8c029f17-3431-4b7b-8d9f-302ae314104b",
      "Relationships": [
        {
          "Type": "CHILD",
          "Ids": [
            "774d4ace-7454-415a-97a0-18459a3b18d4",
            "942df561-ed91-41ed-9c84-b4cb65f13785",
            "e74ca45b-26a6-4121-b0a5-fcf2bdd9cf13",
            "649f83e2-9120-4944-b870-1a41faf2855b",
            "13681c1f-abe1-4813-8f5d-e80e3d0c46a9"
          ]
        }
      ],
      "Page": 1
    },
    {
      "BlockType": "LINE",
      "Confidence": 99.58958435058594,
      "Text": "225.7 g/mol)",
      "Geometry": {
        "BoundingBox": {
          "Width": 0.08015051484107971,
          "Height": 0.021700451150536537,
          "Left": 0.382355660200119,
          "Top": 0.48694881796836853
        },
        "Polygon": [
          {
            "X": 0.382355660200119,
            "Y": 0.486954927444458
          },
          {
            "X": 0.46240031719207764,
            "Y": 0.48694881796836853
          },
          {
            "X": 0.46250617504119873,
            "Y": 0.5086492896080017
          },
          {
            "X": 0.3824501633644104,
            "Y": 0.5086477398872375
          }
        ]
      },
      "Id": "199be26b-1d29-4ac6-9e1d-0c148629de6c",
      "Relationships": [
        {
          "Type": "CHILD",
          "Ids": [
            "8ce87253-fad4-4d81-9969-3564a2e5eff4",
            "762abd44-85dc-419c-a84d-f5071a24875b"
          ]
        }
      ],
      "Page": 1
    },
    {
      "BlockType": "LINE",
      "Confidence": 99.57211303710938,
      "Text": "378.8 g/mol)",
      "Geometry": {
        "BoundingBox": {
          "Width": 0.08086766302585602,
          "Height": 0.021960994228720665,
          "Left": 0.5924006104469299,
          "Top": 0.4872322380542755
        },
        "Polygon": [
          {
            "X": 0.5924006104469299,
            "Y": 0.4872383177280426
          },
          {
            "X": 0.6731309294700623,
            "Y": 0.4872322380542755
          },
          {
            "X": 0.6732682585716248,
            "Y": 0.5091932415962219
          },
          {
            "X": 0.5925263166427612,
            "Y": 0.5091915130615234
          }
        ]
      },
      "Id": "76405ffb-7f6d-4a04-b140-ac19ece6fc92",
      "Relationships": [
        {
          "Type": "CHILD",
          "Ids": [
            "c3bfe366-37e3-4fd1-bd04-fe2eb78a0bdb",
            "dfb4a56a-5b24-4739-b457-7362677e4d5d"
          ]
        }
      ],
      "Page": 1
    },
    {
      "BlockType": "LINE",
      "Confidence": 99.64674377441406,
      "Text": "Epon/J400",
      "Geometry": {
        "BoundingBox": {
          "Width": 0.06697870045900345,
          "Height": 0.0208369642496109,
          "Left": 0.24784275889396667,
          "Top": 0.5161120295524597
        },
        "Polygon": [
          {
            "X": 0.24784275889396667,
            "Y": 0.5161120295524597
          },
          {
            "X": 0.3147399127483368,
            "Y": 0.5161154866218567
          },
          {
            "X": 0.3148214519023895,
            "Y": 0.5369489789009094
          },
          {
            "X": 0.24791520833969116,
            "Y": 0.5369393825531006
          }
        ]
      },
      "Id": "775d9112-e72a-4bf4-b874-5c769893379f",
      "Relationships": [
        {
          "Type": "CHILD",
          "Ids": [
            "5c0c5e75-3688-4773-9b63-ce640df81e4a"
          ]
        }
      ],
      "Page": 1
    },
    {
      "BlockType": "LINE",
      "Confidence": 90.7223129272461,
      "Text": "Jeffamine D-400 (n",
      "Geometry": {
        "BoundingBox": {
          "Width": 0.12880301475524902,
          "Height": 0.020739899948239326,
          "Left": 0.36621493101119995,
          "Top": 0.5148807168006897
        },
        "Polygon": [
          {
            "X": 0.36621493101119995,
            "Y": 0.5148807168006897
          },
          {
            "X": 0.49491241574287415,
            "Y": 0.5148866772651672
          },
          {
            "X": 0.495017945766449,
            "Y": 0.5356206297874451
          },
          {
            "X": 0.366303026676178,
            "Y": 0.5356029868125916
          }
        ]
      },
      "Id": "f839f8aa-a63c-456e-9f4b-d04762db599f",
      "Relationships": [
        {
          "Type": "CHILD",
          "Ids": [
            "f6413494-a0a7-49e7-b652-9569758b29f4",
            "a443897a-448e-4b4b-94dd-dc03e3eb30bc",
            "507a15ad-4010-4537-ac29-6e5267a6b64e"
          ]
        }
      ],
      "Page": 1
    },
    {
      "BlockType": "LINE",
      "Confidence": 99.82707214355469,
      "Text": "6.1, MW",
      "Geometry": {
        "BoundingBox": {
          "Width": 0.05139262601733208,
          "Height": 0.02016955055296421,
          "Left": 0.5141716599464417,
          "Top": 0.5155724287033081
        },
        "Polygon": [
          {
            "X": 0.5141716599464417,
            "Y": 0.5155724287033081
          },
          {
            "X": 0.5654523372650146,
            "Y": 0.5155749320983887
          },
          {
            "X": 0.5655642747879028,
            "Y": 0.535741925239563
          },
          {
            "X": 0.5142768025398254,
            "Y": 0.5357348918914795
          }
        ]
      },
      "Id": "75e51ce2-0865-4899-b2ec-dbe60dee2f21",
      "Relationships": [
        {
          "Type": "CHILD",
          "Ids": [
            "896d93fe-fcc8-4fdb-ade9-0f2bd00b0546",
            "28664f45-5654-4551-a582-30a5f6d1b819"
          ]
        }
      ],
      "Page": 1
    },
    {
      "BlockType": "LINE",
      "Confidence": 99.32952117919922,
      "Text": "429.5 g/mol)",
      "Geometry": {
        "BoundingBox": {
          "Width": 0.08046343177556992,
          "Height": 0.022128326818346977,
          "Left": 0.38216736912727356,
          "Top": 0.544599175453186
        },
        "Polygon": [
          {
            "X": 0.38216736912727356,
            "Y": 0.544599175453186
          },
          {
            "X": 0.462522953748703,
            "Y": 0.5446134209632874
          },
          {
            "X": 0.4626308083534241,
            "Y": 0.5667275190353394
          },
          {
            "X": 0.3822636008262634,
            "Y": 0.5667055249214172
          }
        ]
      },
      "Id": "f8e8a4dd-84d4-4aeb-88c2-6a3ded984eb4",
      "Relationships": [
        {
          "Type": "CHILD",
          "Ids": [
            "6ea2cc5c-2765-4116-923a-719e3aa000ca",
            "2b750699-6f1d-4335-a8ca-0866fd860ace"
          ]
        }
      ],
      "Page": 1
    },
    {
      "BlockType": "LINE",
      "Confidence": 99.28592681884766,
      "Text": "Epon/J600",
      "Geometry": {
        "BoundingBox": {
          "Width": 0.06702693551778793,
          "Height": 0.021049974486231804,
          "Left": 0.24769563972949982,
          "Top": 0.5744336247444153
        },
        "Polygon": [
          {
            "X": 0.24769563972949982,
            "Y": 0.5744336247444153
          },
          {
            "X": 0.3146403133869171,
            "Y": 0.5744542479515076
          },
          {
            "X": 0.31472256779670715,
            "Y": 0.5954836010932922
          },
          {
            "X": 0.24776871502399445,
            "Y": 0.5954567790031433
          }
        ]
      },
      "Id": "f0a33f5b-f3dd-4d5b-b51c-21779a2de149",
      "Relationships": [
        {
          "Type": "CHILD",
          "Ids": [
            "20f073a1-0d31-417e-a23b-19b1a1ff9d72"
          ]
        }
      ],
      "Page": 1
    },
    {
      "BlockType": "LINE",
      "Confidence": 90.28510284423828,
      "Text": "Jeffamine D-600 (n",
      "Geometry": {
        "BoundingBox": {
          "Width": 0.12844739854335785,
          "Height": 0.020739790052175522,
          "Left": 0.3666880428791046,
          "Top": 0.5736578106880188
        },
        "Polygon": [
          {
            "X": 0.3666880428791046,
            "Y": 0.5736578106880188
          },
          {
            "X": 0.49503010511398315,
            "Y": 0.5736968517303467
          },
          {
            "X": 0.49513542652130127,
            "Y": 0.5943976044654846
          },
          {
            "X": 0.3667759895324707,
            "Y": 0.594346821308136
          }
        ]
      },
      "Id": "b93ab27b-bed6-4c82-bf03-65c97c41fcf3",
      "Relationships": [
        {
          "Type": "CHILD",
          "Ids": [
            "e75f1663-6861-425c-9b6d-c64c2fc70adc",
            "4175de7d-bc2d-4dfe-9aa0-306ed5b2e5bc",
            "8446e6a3-d1a7-4eae-9600-79558dde101a"
          ]
        }
      ],
      "Page": 1
    },
    {
      "BlockType": "LINE",
      "Confidence": 99.74472045898438,
      "Text": "9.0, MW",
      "Geometry": {
        "BoundingBox": {
          "Width": 0.05125582218170166,
          "Height": 0.019703298807144165,
          "Left": 0.5142374038696289,
          "Top": 0.5747483968734741
        },
        "Polygon": [
          {
            "X": 0.5142374038696289,
            "Y": 0.5747483968734741
          },
          {
            "X": 0.5653839707374573,
            "Y": 0.5747641921043396
          },
          {
            "X": 0.5654932260513306,
            "Y": 0.5944516658782959
          },
          {
            "X": 0.5143399834632874,
            "Y": 0.594431459903717
          }
        ]
      },
      "Id": "22980799-0e85-450d-9756-1b4b2ea050a2",
      "Relationships": [
        {
          "Type": "CHILD",
          "Ids": [
            "9699cba7-109b-49ad-9f99-fce92b55be7b",
            "cfed9f4a-b195-45e0-a78a-3c24b7e52af6"
          ]
        }
      ],
      "Page": 1
    },
    {
      "BlockType": "LINE",
      "Confidence": 99.05493927001953,
      "Text": "598.4 g/mol)",
      "Geometry": {
        "BoundingBox": {
          "Width": 0.0806657150387764,
          "Height": 0.021756315603852272,
          "Left": 0.38212379813194275,
          "Top": 0.6033833026885986
        },
        "Polygon": [
          {
            "X": 0.38212379813194275,
            "Y": 0.6033833026885986
          },
          {
            "X": 0.4626835882663727,
            "Y": 0.6034182906150818
          },
          {
            "X": 0.46278953552246094,
            "Y": 0.625139594078064
          },
          {
            "X": 0.38221830129623413,
            "Y": 0.62509685754776
          }
        ]
      },
      "Id": "45103de8-a24e-42b9-bdd2-befcfda678af",
      "Relationships": [
        {
          "Type": "CHILD",
          "Ids": [
            "2b2ed952-920c-4559-a136-9819510aa9f0",
            "b50ffd02-846a-4478-b7ec-d7f3c4e22824"
          ]
        }
      ],
      "Page": 1
    },
    {
      "BlockType": "WORD",
      "Confidence": 99.95306396484375,
      "Text": "Model",
      "TextType": "PRINTED",
      "Geometry": {
        "BoundingBox": {
          "Width": 0.037616174668073654,
          "Height": 0.017276521772146225,
          "Left": 0.24770347774028778,
          "Top": 0.3829852342605591
        },
        "Polygon": [
          {
            "X": 0.24770347774028778,
            "Y": 0.3830052614212036
          },
          {
            "X": 0.2852553427219391,
            "Y": 0.3829852342605591
          },
          {
            "X": 0.28531965613365173,
            "Y": 0.4002445638179779
          },
          {
            "X": 0.247763529419899,
            "Y": 0.4002617597579956
          }
        ]
      },
      "Id": "3fa535c4-3ea8-4143-a827-6b30f6d1fa5b",
      "Page": 1
    },
    {
      "BlockType": "WORD",
      "Confidence": 79.16825866699219,
      "Text": "Jeffamine",
      "TextType": "PRINTED",
      "Geometry": {
        "BoundingBox": {
          "Width": 0.06880449503660202,
          "Height": 0.017074670642614365,
          "Left": 0.3666449189186096,
          "Top": 0.3831039071083069
        },
        "Polygon": [
          {
            "X": 0.3666449189186096,
            "Y": 0.383140504360199
          },
          {
            "X": 0.43536922335624695,
            "Y": 0.3831039071083069
          },
          {
            "X": 0.43544942140579224,
            "Y": 0.40014711022377014
          },
          {
            "X": 0.36671745777130127,
            "Y": 0.40017858147621155
          }
        ]
      },
      "Id": "0a1a467e-6096-4bde-9e67-1dd588e45a56",
      "Page": 1
    },
    {
      "BlockType": "WORD",
      "Confidence": 99.92015075683594,
      "Text": "Molecule",
      "TextType": "PRINTED",
      "Geometry": {
        "BoundingBox": {
          "Width": 0.05545438826084137,
          "Height": 0.017497921362519264,
          "Left": 0.4409096837043762,
          "Top": 0.38294360041618347
        },
        "Polygon": [
          {
            "X": 0.4409096837043762,
            "Y": 0.3829731047153473
          },
          {
            "X": 0.4962749183177948,
            "Y": 0.38294360041618347
          },
          {
            "X": 0.4963640868663788,
            "Y": 0.4004162549972534
          },
          {
            "X": 0.440992534160614,
            "Y": 0.4004415273666382
          }
        ]
      },
      "Id": "aab48004-10a3-4c26-9a4e-64e810ed662b",
      "Page": 1
    },
    {
      "BlockType": "WORD",
      "Confidence": 99.79449462890625,
      "Text": "Epon",
      "TextType": "PRINTED",
      "Geometry": {
        "BoundingBox": {
          "Width": 0.03083174303174019,
          "Height": 0.02114361897110939,
          "Left": 0.5922642946243286,
          "Top": 0.38390403985977173
        },
        "Polygon": [
          {
            "X": 0.5922642946243286,
            "Y": 0.383920282125473
          },
          {
            "X": 0.622970700263977,
            "Y": 0.38390403985977173
          },
          {
            "X": 0.6230959892272949,
            "Y": 0.40503427386283875
          },
          {
            "X": 0.5923852920532227,
            "Y": 0.4050476551055908
          }
        ]
      },
      "Id": "3b176fb3-d451-425a-a226-9c52f214ffa4",
      "Page": 1
    },
    {
      "BlockType": "WORD",
      "Confidence": 99.90290069580078,
      "Text": "Molecule",
      "TextType": "PRINTED",
      "Geometry": {
        "BoundingBox": {
          "Width": 0.05526450648903847,
          "Height": 0.017095694318413734,
          "Left": 0.6271757483482361,
          "Top": 0.38319727778434753
        },
        "Polygon": [
          {
            "X": 0.6271757483482361,
            "Y": 0.38322657346725464
          },
          {
            "X": 0.682332456111908,
            "Y": 0.38319727778434753
          },
          {
            "X": 0.6824402809143066,
            "Y": 0.4002677798271179
          },
          {
            "X": 0.6272774338722229,
            "Y": 0.4002929627895355
          }
        ]
      },
      "Id": "15e9461a-1c55-4c3b-9eb7-8c6542dddf63",
      "Page": 1
    },
    {
      "BlockType": "WORD",
      "Confidence": 99.94557189941406,
      "Text": "Designation",
      "TextType": "PRINTED",
      "Geometry": {
        "BoundingBox": {
          "Width": 0.07159439474344254,
          "Height": 0.02170564979314804,
          "Left": 0.24777138233184814,
          "Top": 0.4127376973628998
        },
        "Polygon": [
          {
            "X": 0.24777138233184814,
            "Y": 0.4127664566040039
          },
          {
            "X": 0.319280207157135,
            "Y": 0.4127376973628998
          },
          {
            "X": 0.3193657696247101,
            "Y": 0.4344213604927063
          },
          {
            "X": 0.2478468120098114,
            "Y": 0.43444332480430603
          }
        ]
      },
      "Id": "49f8b8e8-ced7-43eb-9f07-f351f9620519",
      "Page": 1
    },
    {
      "BlockType": "WORD",
      "Confidence": 99.67974090576172,
      "Text": "Epon/J230",
      "TextType": "PRINTED",
      "Geometry": {
        "BoundingBox": {
          "Width": 0.0668671503663063,
          "Height": 0.020757639780640602,
          "Left": 0.24778230488300323,
          "Top": 0.45851466059684753
        },
        "Polygon": [
          {
            "X": 0.24778230488300323,
            "Y": 0.4585281014442444
          },
          {
            "X": 0.3145682215690613,
            "Y": 0.45851466059684753
          },
          {
            "X": 0.31464946269989014,
            "Y": 0.47926491498947144
          },
          {
            "X": 0.24785448610782623,
            "Y": 0.4792722761631012
          }
        ]
      },
      "Id": "011f9441-21a8-45d6-9e1e-b4f3d63140fa",
      "Page": 1
    },
    {
      "BlockType": "WORD",
      "Confidence": 78.78620147705078,
      "Text": "Jeffamine",
      "TextType": "PRINTED",
      "Geometry": {
        "BoundingBox": {
          "Width": 0.06935766339302063,
          "Height": 0.017121631652116776,
          "Left": 0.3668811321258545,
          "Top": 0.45757073163986206
        },
        "Polygon": [
          {
            "X": 0.3668811321258545,
            "Y": 0.457584947347641
          },
          {
            "X": 0.4361582100391388,
            "Y": 0.45757073163986206
          },
          {
            "X": 0.4362387955188751,
            "Y": 0.47468331456184387
          },
          {
            "X": 0.36695393919944763,
            "Y": 0.47469234466552734
          }
        ]
      },
      "Id": "6fcf3802-89cf-42bd-b77d-0d3ced99d8da",
      "Page": 1
    },
    {
      "BlockType": "WORD",
      "Confidence": 99.91500854492188,
      "Text": "D-230",
      "TextType": "PRINTED",
      "Geometry": {
        "BoundingBox": {
          "Width": 0.036871008574962616,
          "Height": 0.017078978940844536,
          "Left": 0.4410969614982605,
          "Top": 0.4581448435783386
        },
        "Polygon": [
          {
            "X": 0.4410969614982605,
            "Y": 0.45815229415893555
          },
          {
            "X": 0.47788292169570923,
            "Y": 0.4581448435783386
          },
          {
            "X": 0.4779679775238037,
            "Y": 0.47521910071372986
          },
          {
            "X": 0.4411778748035431,
            "Y": 0.4752238094806671
          }
        ]
      },
      "Id": "6ed87c46-17bb-4c33-bea3-38fb95659772",
      "Page": 1
    },
    {
      "BlockType": "WORD",
      "Confidence": 98.78105926513672,
      "Text": "(n",
      "TextType": "PRINTED",
      "Geometry": {
        "BoundingBox": {
          "Width": 0.012497607618570328,
          "Height": 0.020171109586954117,
          "Left": 0.4824138283729553,
          "Top": 0.4580725133419037
        },
        "Polygon": [
          {
            "X": 0.4824138283729553,
            "Y": 0.45807501673698425
          },
          {
            "X": 0.49480876326560974,
            "Y": 0.4580725133419037
          },
          {
            "X": 0.49491143226623535,
            "Y": 0.4782421886920929
          },
          {
            "X": 0.4825148582458496,
            "Y": 0.4782436192035675
          }
        ]
      },
      "Id": "db6d84e2-9897-4b0c-aba9-0a03154076ba",
      "Page": 1
    },
    {
      "BlockType": "WORD",
      "Confidence": 99.90763854980469,
      "Text": "2.6,",
      "TextType": "PRINTED",
      "Geometry": {
        "BoundingBox": {
          "Width": 0.022167015820741653,
          "Height": 0.02004772610962391,
          "Left": 0.5140565633773804,
          "Top": 0.4582785665988922
        },
        "Polygon": [
          {
            "X": 0.5140565633773804,
            "Y": 0.45828303694725037
          },
          {
            "X": 0.5361161231994629,
            "Y": 0.4582785665988922
          },
          {
            "X": 0.5362235903739929,
            "Y": 0.4783237874507904
          },
          {
            "X": 0.5141611099243164,
            "Y": 0.47832629084587097
          }
        ]
      },
      "Id": "ff78b712-8861-43f6-9b7a-e18eec31b84e",
      "Page": 1
    },
    {
      "BlockType": "WORD",
      "Confidence": 99.91234588623047,
      "Text": "MW",
      "TextType": "PRINTED",
      "Geometry": {
        "BoundingBox": {
          "Width": 0.024919427931308746,
          "Height": 0.016345137730240822,
          "Left": 0.5405741333961487,
          "Top": 0.45856550335884094
        },
        "Polygon": [
          {
            "X": 0.5405741333961487,
            "Y": 0.4585705101490021
          },
          {
            "X": 0.5654028058052063,
            "Y": 0.45856550335884094
          },
          {
            "X": 0.5654935240745544,
            "Y": 0.47490742802619934
          },
          {
            "X": 0.5406621694564819,
            "Y": 0.4749106466770172
          }
        ]
      },
      "Id": "ac0189c4-ccbf-46fc-badc-bcd33026ceed",
      "Page": 1
    },
    {
      "BlockType": "WORD",
      "Confidence": 99.8802261352539,
      "Text": "Epon",
      "TextType": "PRINTED",
      "Geometry": {
        "BoundingBox": {
          "Width": 0.03075343742966652,
          "Height": 0.02122166007757187,
          "Left": 0.5922852158546448,
          "Top": 0.45847681164741516
        },
        "Polygon": [
          {
            "X": 0.5922852158546448,
            "Y": 0.4584829807281494
          },
          {
            "X": 0.6229128837585449,
            "Y": 0.45847681164741516
          },
          {
            "X": 0.623038649559021,
            "Y": 0.4796951711177826
          },
          {
            "X": 0.592406690120697,
            "Y": 0.4796984791755676
          }
        ]
      },
      "Id": "774d4ace-7454-415a-97a0-18459a3b18d4",
      "Page": 1
    },
    {
      "BlockType": "WORD",
      "Confidence": 99.91907501220703,
      "Text": "825",
      "TextType": "PRINTED",
      "Geometry": {
        "BoundingBox": {
          "Width": 0.022643623873591423,
          "Height": 0.016703249886631966,
          "Left": 0.6275288462638855,
          "Top": 0.4584658145904541
        },
        "Polygon": [
          {
            "X": 0.6275288462638855,
            "Y": 0.45847034454345703
          },
          {
            "X": 0.6500705480575562,
            "Y": 0.4584658145904541
          },
          {
            "X": 0.6501724720001221,
            "Y": 0.4751661717891693
          },
          {
            "X": 0.6276282668113708,
            "Y": 0.4751690626144409
          }
        ]
      },
      "Id": "942df561-ed91-41ed-9c84-b4cb65f13785",
      "Page": 1
    },
    {
      "BlockType": "WORD",
      "Confidence": 99.3249740600586,
      "Text": "(n",
      "TextType": "PRINTED",
      "Geometry": {
        "BoundingBox": {
          "Width": 0.012959669344127178,
          "Height": 0.02025957778096199,
          "Left": 0.6543537974357605,
          "Top": 0.45769184827804565
        },
        "Polygon": [
          {
            "X": 0.6543537974357605,
            "Y": 0.45769447088241577
          },
          {
            "X": 0.6671875715255737,
            "Y": 0.45769184827804565
          },
          {
            "X": 0.6673135161399841,
            "Y": 0.47794991731643677
          },
          {
            "X": 0.6544780135154724,
            "Y": 0.47795140743255615
          }
        ]
      },
      "Id": "e74ca45b-26a6-4121-b0a5-fcf2bdd9cf13",
      "Page": 1
    },
    {
      "BlockType": "WORD",
      "Confidence": 99.63310241699219,
      "Text": "0.13,",
      "TextType": "PRINTED",
      "Geometry": {
        "BoundingBox": {
          "Width": 0.030307075008749962,
          "Height": 0.02019774727523327,
          "Left": 0.6856346726417542,
          "Top": 0.45829808712005615
        },
        "Polygon": [
          {
            "X": 0.6856346726417542,
            "Y": 0.45830419659614563
          },
          {
            "X": 0.7158098220825195,
            "Y": 0.45829808712005615
          },
          {
            "X": 0.7159417271614075,
            "Y": 0.47849240899086
          },
          {
            "X": 0.6857625842094421,
            "Y": 0.47849583625793457
          }
        ]
      },
      "Id": "649f83e2-9120-4944-b870-1a41faf2855b",
      "Page": 1
    },
    {
      "BlockType": "WORD",
      "Confidence": 99.94847106933594,
      "Text": "MW",
      "TextType": "PRINTED",
      "Geometry": {
        "BoundingBox": {
          "Width": 0.024791115894913673,
          "Height": 0.016087545081973076,
          "Left": 0.7202539443969727,
          "Top": 0.4586070775985718
        },
        "Polygon": [
          {
            "X": 0.7202539443969727,
            "Y": 0.4586120545864105
          },
          {
            "X": 0.7449369430541992,
            "Y": 0.4586070775985718
          },
          {
            "X": 0.7450450658798218,
            "Y": 0.4746914207935333
          },
          {
            "X": 0.7203594446182251,
            "Y": 0.4746946394443512
          }
        ]
      },
      "Id": "13681c1f-abe1-4813-8f5d-e80e3d0c46a9",
      "Page": 1
    },
    {
      "BlockType": "WORD",
      "Confidence": 99.93923950195312,
      "Text": "225.7",
      "TextType": "PRINTED",
      "Geometry": {
        "BoundingBox": {
          "Width": 0.034041181206703186,
          "Height": 0.01701544038951397,
          "Left": 0.38235828280448914,
          "Top": 0.48755472898483276
        },
        "Polygon": [
          {
            "X": 0.38235828280448914,
            "Y": 0.48755723237991333
          },
          {
            "X": 0.4163215756416321,
            "Y": 0.48755472898483276
          },
          {
            "X": 0.41639944911003113,
            "Y": 0.5045701861381531
          },
          {
            "X": 0.38243240118026733,
            "Y": 0.5045701265335083
          }
        ]
      },
      "Id": "8ce87253-fad4-4d81-9969-3564a2e5eff4",
      "Page": 1
    },
    {
      "BlockType": "WORD",
      "Confidence": 99.23993682861328,
      "Text": "g/mol)",
      "TextType": "PRINTED",
      "Geometry": {
        "BoundingBox": {
          "Width": 0.04163200035691261,
          "Height": 0.021700451150536537,
          "Left": 0.4208741784095764,
          "Top": 0.48694881796836853
        },
        "Polygon": [
          {
            "X": 0.4208741784095764,
            "Y": 0.486952006816864
          },
          {
            "X": 0.46240031719207764,
            "Y": 0.48694881796836853
          },
          {
            "X": 0.46250617504119873,
            "Y": 0.5086492896080017
          },
          {
            "X": 0.42097413539886475,
            "Y": 0.5086485147476196
          }
        ]
      },
      "Id": "762abd44-85dc-419c-a84d-f5071a24875b",
      "Page": 1
    },
    {
      "BlockType": "WORD",
      "Confidence": 99.97926330566406,
      "Text": "378.8",
      "TextType": "PRINTED",
      "Geometry": {
        "BoundingBox": {
          "Width": 0.034530818462371826,
          "Height": 0.017062611877918243,
          "Left": 0.5924026370048523,
          "Top": 0.4875958561897278
        },
        "Polygon": [
          {
            "X": 0.5924026370048523,
            "Y": 0.48759838938713074
          },
          {
            "X": 0.6268319487571716,
            "Y": 0.4875958561897278
          },
          {
            "X": 0.6269334554672241,
            "Y": 0.5046584606170654
          },
          {
            "X": 0.5925003290176392,
            "Y": 0.5046584010124207
          }
        ]
      },
      "Id": "c3bfe366-37e3-4fd1-bd04-fe2eb78a0bdb",
      "Page": 1
    },
    {
      "BlockType": "WORD",
      "Confidence": 99.16497802734375,
      "Text": "g/mol)",
      "TextType": "PRINTED",
      "Geometry": {
        "BoundingBox": {
          "Width": 0.04214160144329071,
          "Height": 0.021960994228720665,
          "Left": 0.6311266422271729,
          "Top": 0.4872322380542755
        },
        "Polygon": [
          {
            "X": 0.6311266422271729,
            "Y": 0.4872353971004486
          },
          {
            "X": 0.6731309294700623,
            "Y": 0.4872322380542755
          },
          {
            "X": 0.6732682585716248,
            "Y": 0.5091932415962219
          },
          {
            "X": 0.6312578916549683,
            "Y": 0.5091923475265503
          }
        ]
      },
      "Id": "dfb4a56a-5b24-4739-b457-7362677e4d5d",
      "Page": 1
    },
    {
      "BlockType": "WORD",
      "Confidence": 99.64674377441406,
      "Text": "Epon/J400",
      "TextType": "PRINTED",
      "Geometry": {
        "BoundingBox": {
          "Width": 0.06697870045900345,
          "Height": 0.0208369642496109,
          "Left": 0.24784275889396667,
          "Top": 0.5161120295524597
        },
        "Polygon": [
          {
            "X": 0.24784275889396667,
            "Y": 0.5161120295524597
          },
          {
            "X": 0.3147399127483368,
            "Y": 0.5161154866218567
          },
          {
            "X": 0.3148214519023895,
            "Y": 0.5369489789009094
          },
          {
            "X": 0.24791520833969116,
            "Y": 0.5369393825531006
          }
        ]
      },
      "Id": "5c0c5e75-3688-4773-9b63-ce640df81e4a",
      "Page": 1
    },
    {
      "BlockType": "WORD",
      "Confidence": 72.96016693115234,
      "Text": "Jeffamine",
      "TextType": "PRINTED",
      "Geometry": {
        "BoundingBox": {
          "Width": 0.06754942238330841,
          "Height": 0.017699137330055237,
          "Left": 0.36621493101119995,
          "Top": 0.5148807168006897
        },
        "Polygon": [
          {
            "X": 0.36621493101119995,
            "Y": 0.5148807168006897
          },
          {
            "X": 0.4336813688278198,
            "Y": 0.5148838758468628
          },
          {
            "X": 0.43376436829566956,
            "Y": 0.5325798988342285
          },
          {
            "X": 0.3662901222705841,
            "Y": 0.5325714945793152
          }
        ]
      },
      "Id": "f6413494-a0a7-49e7-b652-9569758b29f4",
      "Page": 1
    },
    {
      "BlockType": "WORD",
      "Confidence": 99.95707702636719,
      "Text": "D-400",
      "TextType": "PRINTED",
      "Geometry": {
        "BoundingBox": {
          "Width": 0.03678624704480171,
          "Height": 0.016711587086319923,
          "Left": 0.4412764310836792,
          "Top": 0.5157638788223267
        },
        "Polygon": [
          {
            "X": 0.4412764310836792,
            "Y": 0.5157638788223267
          },
          {
            "X": 0.47797948122024536,
            "Y": 0.5157656669616699
          },
          {
            "X": 0.4780626893043518,
            "Y": 0.5324754118919373
          },
          {
            "X": 0.4413556158542633,
            "Y": 0.5324708819389343
          }
        ]
      },
      "Id": "a443897a-448e-4b4b-94dd-dc03e3eb30bc",
      "Page": 1
    },
    {
      "BlockType": "WORD",
      "Confidence": 99.24968719482422,
      "Text": "(n",
      "TextType": "PRINTED",
      "Geometry": {
        "BoundingBox": {
          "Width": 0.012708785012364388,
          "Height": 0.020258301869034767,
          "Left": 0.48230916261672974,
          "Top": 0.5153623223304749
        },
        "Polygon": [
          {
            "X": 0.48230916261672974,
            "Y": 0.5153623223304749
          },
          {
            "X": 0.49491485953330994,
            "Y": 0.5153629779815674
          },
          {
            "X": 0.495017945766449,
            "Y": 0.5356206297874451
          },
          {
            "X": 0.48241060972213745,
            "Y": 0.5356189012527466
          }
        ]
      },
      "Id": "507a15ad-4010-4537-ac29-6e5267a6b64e",
      "Page": 1
    },
    {
      "BlockType": "WORD",
      "Confidence": 99.70681762695312,
      "Text": "6.1,",
      "TextType": "PRINTED",
      "Geometry": {
        "BoundingBox": {
          "Width": 0.022044533863663673,
          "Height": 0.02016550675034523,
          "Left": 0.5141716599464417,
          "Top": 0.5155724287033081
        },
        "Polygon": [
          {
            "X": 0.5141716599464417,
            "Y": 0.5155724287033081
          },
          {
            "X": 0.536108136177063,
            "Y": 0.5155735015869141
          },
          {
            "X": 0.5362161993980408,
            "Y": 0.535737931728363
          },
          {
            "X": 0.5142768025398254,
            "Y": 0.5357348918914795
          }
        ]
      },
      "Id": "896d93fe-fcc8-4fdb-ade9-0f2bd00b0546",
      "Page": 1
    },
    {
      "BlockType": "WORD",
      "Confidence": 99.94733428955078,
      "Text": "MW",
      "TextType": "PRINTED",
      "Geometry": {
        "BoundingBox": {
          "Width": 0.024944083765149117,
          "Height": 0.01603511907160282,
          "Left": 0.5406006574630737,
          "Top": 0.5161839723587036
        },
        "Polygon": [
          {
            "X": 0.5406006574630737,
            "Y": 0.5161839723587036
          },
          {
            "X": 0.5654557347297668,
            "Y": 0.5161852836608887
          },
          {
            "X": 0.5655447244644165,
            "Y": 0.5322191119194031
          },
          {
            "X": 0.5406870245933533,
            "Y": 0.5322160720825195
          }
        ]
      },
      "Id": "28664f45-5654-4551-a582-30a5f6d1b819",
      "Page": 1
    },
    {
      "BlockType": "WORD",
      "Confidence": 99.96746063232422,
      "Text": "429.5",
      "TextType": "PRINTED",
      "Geometry": {
        "BoundingBox": {
          "Width": 0.034488972276449203,
          "Height": 0.016671614721417427,
          "Left": 0.38217028975486755,
          "Top": 0.5452720522880554
        },
        "Polygon": [
          {
            "X": 0.38217028975486755,
            "Y": 0.5452720522880554
          },
          {
            "X": 0.41658297181129456,
            "Y": 0.5452782511711121
          },
          {
            "X": 0.41665926575660706,
            "Y": 0.5619437098503113
          },
          {
            "X": 0.3822428286075592,
            "Y": 0.5619350075721741
          }
        ]
      },
      "Id": "6ea2cc5c-2765-4116-923a-719e3aa000ca",
      "Page": 1
    },
    {
      "BlockType": "WORD",
      "Confidence": 98.69158172607422,
      "Text": "g/mol)",
      "TextType": "PRINTED",
      "Geometry": {
        "BoundingBox": {
          "Width": 0.04226186126470566,
          "Height": 0.022121574729681015,
          "Left": 0.4203689396381378,
          "Top": 0.5446059107780457
        },
        "Polygon": [
          {
            "X": 0.4203689396381378,
            "Y": 0.5446059107780457
          },
          {
            "X": 0.462522953748703,
            "Y": 0.5446134209632874
          },
          {
            "X": 0.4626308083534241,
            "Y": 0.5667275190353394
          },
          {
            "X": 0.4204707145690918,
            "Y": 0.5667159557342529
          }
        ]
      },
      "Id": "2b750699-6f1d-4335-a8ca-0866fd860ace",
      "Page": 1
    },
    {
      "BlockType": "WORD",
      "Confidence": 99.28592681884766,
      "Text": "Epon/J600",
      "TextType": "PRINTED",
      "Geometry": {
        "BoundingBox": {
          "Width": 0.06702693551778793,
          "Height": 0.021049974486231804,
          "Left": 0.24769563972949982,
          "Top": 0.5744336247444153
        },
        "Polygon": [
          {
            "X": 0.24769563972949982,
            "Y": 0.5744336247444153
          },
          {
            "X": 0.3146403133869171,
            "Y": 0.5744542479515076
          },
          {
            "X": 0.31472256779670715,
            "Y": 0.5954836010932922
          },
          {
            "X": 0.24776871502399445,
            "Y": 0.5954567790031433
          }
        ]
      },
      "Id": "20f073a1-0d31-417e-a23b-19b1a1ff9d72",
      "Page": 1
    },
    {
      "BlockType": "WORD",
      "Confidence": 72.11090087890625,
      "Text": "Jeffamine",
      "TextType": "PRINTED",
      "Geometry": {
        "BoundingBox": {
          "Width": 0.0698867216706276,
          "Height": 0.017473742365837097,
          "Left": 0.3666880428791046,
          "Top": 0.5736578106880188
        },
        "Polygon": [
          {
            "X": 0.3666880428791046,
            "Y": 0.5736578106880188
          },
          {
            "X": 0.4364926218986511,
            "Y": 0.5736790299415588
          },
          {
            "X": 0.4365747570991516,
            "Y": 0.5911315083503723
          },
          {
            "X": 0.3667622208595276,
            "Y": 0.5911049246788025
          }
        ]
      },
      "Id": "e75f1663-6861-425c-9b6d-c64c2fc70adc",
      "Page": 1
    },
    {
      "BlockType": "WORD",
      "Confidence": 99.94415283203125,
      "Text": "D-600",
      "TextType": "PRINTED",
      "Geometry": {
        "BoundingBox": {
          "Width": 0.03701348230242729,
          "Height": 0.016725143417716026,
          "Left": 0.44103381037712097,
          "Top": 0.5745430588722229
        },
        "Polygon": [
          {
            "X": 0.44103381037712097,
            "Y": 0.5745430588722229
          },
          {
            "X": 0.4779641032218933,
            "Y": 0.574554443359375
          },
          {
            "X": 0.47804728150367737,
            "Y": 0.5912681818008423
          },
          {
            "X": 0.4411129653453827,
            "Y": 0.5912541151046753
          }
        ]
      },
      "Id": "4175de7d-bc2d-4dfe-9aa0-306ed5b2e5bc",
      "Page": 1
    },
    {
      "BlockType": "WORD",
      "Confidence": 98.80026245117188,
      "Text": "(n",
      "TextType": "PRINTED",
      "Geometry": {
        "BoundingBox": {
          "Width": 0.012751405127346516,
          "Height": 0.0201726034283638,
          "Left": 0.4823840260505676,
          "Top": 0.5742249488830566
        },
        "Polygon": [
          {
            "X": 0.4823840260505676,
            "Y": 0.5742249488830566
          },
          {
            "X": 0.49503281712532043,
            "Y": 0.5742288827896118
          },
          {
            "X": 0.49513542652130127,
            "Y": 0.5943976044654846
          },
          {
            "X": 0.48248499631881714,
            "Y": 0.5943925976753235
          }
        ]
      },
      "Id": "8446e6a3-d1a7-4eae-9600-79558dde101a",
      "Page": 1
    },
    {
      "BlockType": "WORD",
      "Confidence": 99.5421142578125,
      "Text": "9.0,",
      "TextType": "PRINTED",
      "Geometry": {
        "BoundingBox": {
          "Width": 0.021869530901312828,
          "Height": 0.019691679626703262,
          "Left": 0.5142374038696289,
          "Top": 0.5747483968734741
        },
        "Polygon": [
          {
            "X": 0.5142374038696289,
            "Y": 0.5747483968734741
          },
          {
            "X": 0.5360015034675598,
            "Y": 0.574755072593689
          },
          {
            "X": 0.5361068844795227,
            "Y": 0.5944400429725647
          },
          {
            "X": 0.5143399834632874,
            "Y": 0.594431459903717
          }
        ]
      },
      "Id": "9699cba7-109b-49ad-9f99-fce92b55be7b",
      "Page": 1
    },
    {
      "BlockType": "WORD",
      "Confidence": 99.94732666015625,
      "Text": "MW",
      "TextType": "PRINTED",
      "Geometry": {
        "BoundingBox": {
          "Width": 0.02478834055364132,
          "Height": 0.016175420954823494,
          "Left": 0.5406861305236816,
          "Top": 0.5748950839042664
        },
        "Polygon": [
          {
            "X": 0.5406861305236816,
            "Y": 0.5748950839042664
          },
          {
            "X": 0.5653847455978394,
            "Y": 0.5749027132987976
          },
          {
            "X": 0.5654744505882263,
            "Y": 0.5910704731941223
          },
          {
            "X": 0.5407731533050537,
            "Y": 0.5910611152648926
          }
        ]
      },
      "Id": "cfed9f4a-b195-45e0-a78a-3c24b7e52af6",
      "Page": 1
    },
    {
      "BlockType": "WORD",
      "Confidence": 99.94599151611328,
      "Text": "598.4",
      "TextType": "PRINTED",
      "Geometry": {
        "BoundingBox": {
          "Width": 0.0344240739941597,
          "Height": 0.016727788373827934,
          "Left": 0.38212722539901733,
          "Top": 0.6041663885116577
        },
        "Polygon": [
          {
            "X": 0.38212722539901733,
            "Y": 0.6041663885116577
          },
          {
            "X": 0.4164748191833496,
            "Y": 0.6041814684867859
          },
          {
            "X": 0.41655129194259644,
            "Y": 0.620894193649292
          },
          {
            "X": 0.3821999132633209,
            "Y": 0.6208766102790833
          }
        ]
      },
      "Id": "2b2ed952-920c-4559-a136-9819510aa9f0",
      "Page": 1
    },
    {
      "BlockType": "WORD",
      "Confidence": 98.16388702392578,
      "Text": "g/mol)",
      "TextType": "PRINTED",
      "Geometry": {
        "BoundingBox": {
          "Width": 0.04213106259703636,
          "Height": 0.021739553660154343,
          "Left": 0.4206584692001343,
          "Top": 0.6034000515937805
        },
        "Polygon": [
          {
            "X": 0.4206584692001343,
            "Y": 0.6034000515937805
          },
          {
            "X": 0.4626835882663727,
            "Y": 0.6034182906150818
          },
          {
            "X": 0.46278953552246094,
            "Y": 0.625139594078064
          },
          {
            "X": 0.4207584261894226,
            "Y": 0.625117301940918
          }
        ]
      },
      "Id": "b50ffd02-846a-4478-b7ec-d7f3c4e22824",
      "Page": 1
    },
    {
      "BlockType": "TABLE",
      "Confidence": 99.609375,
      "Geometry": {
        "BoundingBox": {
          "Width": 0.5354666709899902,
          "Height": 0.26376304030418396,
          "Left": 0.23361115157604218,
          "Top": 0.36798587441444397
        },
        "Polygon": [
          {
            "X": 0.23361115157604218,
            "Y": 0.3683049976825714
          },
          {
            "X": 0.7672652006149292,
            "Y": 0.36798587441444397
          },
          {
            "X": 0.7690778374671936,
            "Y": 0.6317489147186279
          },
          {
            "X": 0.2345028668642044,
            "Y": 0.6314502954483032
          }
        ]
      },
      "Id": "dc0d9e26-b2b9-4bf7-a549-f36d166909f8",
      "Relationships": [
        {
          "Type": "CHILD",
          "Ids": [
            "bf002e6c-3cad-43f2-814b-6fbcd11129bb",
            "f6f06153-da96-407b-9587-deefc6649f6f",
            "7a816100-1a77-441b-8ea3-026c9e268fa4",
            "05e0af79-4be2-4668-be3c-6bc53854d18e",
            "d3e7a17d-fb65-425a-bed3-721bd7496852",
            "e23c1139-148c-4571-bd72-2a84cf89de51",
            "e7a5daaa-bd28-4dba-a9e7-5264dd275d3c",
            "7e440c9f-a096-47c0-b334-75acf8792c64",
            "d0692b2e-a54d-4675-8b27-55204b9a60b9",
            "61d1b23a-73c5-4eba-8a0a-b1c042177530",
            "9e748bd3-6506-4ead-b084-291dd8b08255",
            "fa404a34-4a0c-4a64-ab63-eac783ae4812",
            "6bf01ab3-e8e2-4e00-9c0f-e52045ba2d27",
            "05a5f7d9-cc75-4f00-90e5-a17f6a3125bc",
            "30582860-b9c7-4e90-86cb-834c95479a3d",
            "062478c0-4a1f-40b5-aa55-de7285ef48a9"
          ]
        },
        {
          "Type": "MERGED_CELL",
          "Ids": [
            "743fdf69-20ce-4eeb-a831-337f8e834abb"
          ]
        }
      ],
      "EntityTypes": [
        "STRUCTURED_TABLE"
      ],
      "Page": 1
    },
    {
      "BlockType": "CELL",
      "Confidence": 90.283203125,
      "RowIndex": 1,
      "ColumnIndex": 1,
      "RowSpan": 1,
      "ColumnSpan": 1,
      "Geometry": {
        "BoundingBox": {
          "Width": 0.10838326811790466,
          "Height": 0.07592321187257767,
          "Left": 0.23361115157604218,
          "Top": 0.3682403564453125
        },
        "Polygon": [
          {
            "X": 0.23361115157604218,
            "Y": 0.3683049976825714
          },
          {
            "X": 0.34168368577957153,
            "Y": 0.3682403564453125
          },
          {
            "X": 0.34199440479278564,
            "Y": 0.44413498044013977
          },
          {
            "X": 0.23386821150779724,
            "Y": 0.44416359066963196
          }
        ]
      },
      "Id": "bf002e6c-3cad-43f2-814b-6fbcd11129bb",
      "Relationships": [
        {
          "Type": "CHILD",
          "Ids": [
            "3fa535c4-3ea8-4143-a827-6b30f6d1fa5b",
            "49f8b8e8-ced7-43eb-9f07-f351f9620519"
          ]
        }
      ],
      "EntityTypes": [
        "COLUMN_HEADER"
      ],
      "Page": 1
    },
    {
      "BlockType": "CELL",
      "Confidence": 72.65625,
      "RowIndex": 1,
      "ColumnIndex": 2,
      "RowSpan": 1,
      "ColumnSpan": 1,
      "Geometry": {
        "BoundingBox": {
          "Width": 0.16355593502521515,
          "Height": 0.0759921744465828,
          "Left": 0.34168368577957153,
          "Top": 0.3681428134441376
        },
        "Polygon": [
          {
            "X": 0.34168368577957153,
            "Y": 0.3682403564453125
          },
          {
            "X": 0.5048478245735168,
            "Y": 0.3681428134441376
          },
          {
            "X": 0.5052396059036255,
            "Y": 0.444091796875
          },
          {
            "X": 0.34199440479278564,
            "Y": 0.44413498044013977
          }
        ]
      },
      "Id": "f6f06153-da96-407b-9587-deefc6649f6f",
      "Relationships": [
        {
          "Type": "CHILD",
          "Ids": [
            "0a1a467e-6096-4bde-9e67-1dd588e45a56",
            "aab48004-10a3-4c26-9a4e-64e810ed662b"
          ]
        }
      ],
      "EntityTypes": [
        "COLUMN_HEADER"
      ],
      "Page": 1
    },
    {
      "BlockType": "CELL",
      "Confidence": 57.71484375,
      "RowIndex": 1,
      "ColumnIndex": 3,
      "RowSpan": 1,
      "ColumnSpan": 1,
      "Geometry": {
        "BoundingBox": {
          "Width": 0.07593340426683426,
          "Height": 0.07599413394927979,
          "Left": 0.5048478245735168,
          "Top": 0.3680976629257202
        },
        "Polygon": [
          {
            "X": 0.5048478245735168,
            "Y": 0.3681428134441376
          },
          {
            "X": 0.5803517699241638,
            "Y": 0.3680976629257202
          },
          {
            "X": 0.5807812213897705,
            "Y": 0.44407179951667786
          },
          {
            "X": 0.5052396059036255,
            "Y": 0.444091796875
          }
        ]
      },
      "Id": "7a816100-1a77-441b-8ea3-026c9e268fa4",
      "EntityTypes": [
        "COLUMN_HEADER"
      ],
      "Page": 1
    },
    {
      "BlockType": "CELL",
      "Confidence": 43.359375,
      "RowIndex": 1,
      "ColumnIndex": 4,
      "RowSpan": 1,
      "ColumnSpan": 1,
      "Geometry": {
        "BoundingBox": {
          "Width": 0.18743595480918884,
          "Height": 0.07608591765165329,
          "Left": 0.5803517699241638,
          "Top": 0.36798587441444397
        },
        "Polygon": [
          {
            "X": 0.5803517699241638,
            "Y": 0.3680976629257202
          },
          {
            "X": 0.7672652006149292,
            "Y": 0.36798587441444397
          },
          {
            "X": 0.767787754535675,
            "Y": 0.4440223276615143
          },
          {
            "X": 0.5807812213897705,
            "Y": 0.44407179951667786
          }
        ]
      },
      "Id": "05e0af79-4be2-4668-be3c-6bc53854d18e",
      "Relationships": [
        {
          "Type": "CHILD",
          "Ids": [
            "3b176fb3-d451-425a-a226-9c52f214ffa4",
            "15e9461a-1c55-4c3b-9eb7-8c6542dddf63"
          ]
        }
      ],
      "EntityTypes": [
        "COLUMN_HEADER"
      ],
      "Page": 1
    },
    {
      "BlockType": "CELL",
      "Confidence": 74.21875,
      "RowIndex": 2,
      "ColumnIndex": 1,
      "RowSpan": 1,
      "ColumnSpan": 1,
      "Geometry": {
        "BoundingBox": {
          "Width": 0.1083974614739418,
          "Height": 0.06625556200742722,
          "Left": 0.23386821150779724,
          "Top": 0.44413498044013977
        },
        "Polygon": [
          {
            "X": 0.23386821150779724,
            "Y": 0.44416359066963196
          },
          {
            "X": 0.34199440479278564,
            "Y": 0.44413498044013977
          },
          {
            "X": 0.34226566553115845,
            "Y": 0.5103905200958252
          },
          {
            "X": 0.2340926229953766,
            "Y": 0.510387659072876
          }
        ]
      },
      "Id": "d3e7a17d-fb65-425a-bed3-721bd7496852",
      "Relationships": [
        {
          "Type": "CHILD",
          "Ids": [
            "011f9441-21a8-45d6-9e1e-b4f3d63140fa"
          ]
        }
      ],
      "Page": 1
    },
    {
      "BlockType": "CELL",
      "Confidence": 59.716796875,
      "RowIndex": 2,
      "ColumnIndex": 2,
      "RowSpan": 1,
      "ColumnSpan": 1,
      "Geometry": {
        "BoundingBox": {
          "Width": 0.1635872721672058,
          "Height": 0.0663030818104744,
          "Left": 0.34199440479278564,
          "Top": 0.444091796875
        },
        "Polygon": [
          {
            "X": 0.34199440479278564,
            "Y": 0.44413498044013977
          },
          {
            "X": 0.5052396059036255,
            "Y": 0.444091796875
          },
          {
            "X": 0.5055816769599915,
            "Y": 0.5103948712348938
          },
          {
            "X": 0.34226566553115845,
            "Y": 0.5103905200958252
          }
        ]
      },
      "Id": "e23c1139-148c-4571-bd72-2a84cf89de51",
      "Relationships": [
        {
          "Type": "CHILD",
          "Ids": [
            "6fcf3802-89cf-42bd-b77d-0d3ced99d8da",
            "6ed87c46-17bb-4c33-bea3-38fb95659772",
            "db6d84e2-9897-4b0c-aba9-0a03154076ba",
            "8ce87253-fad4-4d81-9969-3564a2e5eff4",
            "762abd44-85dc-419c-a84d-f5071a24875b"
          ]
        }
      ],
      "Page": 1
    },
    {
      "BlockType": "CELL",
      "Confidence": 47.4365234375,
      "RowIndex": 2,
      "ColumnIndex": 3,
      "RowSpan": 1,
      "ColumnSpan": 1,
      "Geometry": {
        "BoundingBox": {
          "Width": 0.07591643929481506,
          "Height": 0.06632506847381592,
          "Left": 0.5052396059036255,
          "Top": 0.44407179951667786
        },
        "Polygon": [
          {
            "X": 0.5052396059036255,
            "Y": 0.444091796875
          },
          {
            "X": 0.5807812213897705,
            "Y": 0.44407179951667786
          },
          {
            "X": 0.5811560750007629,
            "Y": 0.5103968977928162
          },
          {
            "X": 0.5055816769599915,
            "Y": 0.5103948712348938
          }
        ]
      },
      "Id": "e7a5daaa-bd28-4dba-a9e7-5264dd275d3c",
      "Relationships": [
        {
          "Type": "CHILD",
          "Ids": [
            "ff78b712-8861-43f6-9b7a-e18eec31b84e",
            "ac0189c4-ccbf-46fc-badc-bcd33026ceed"
          ]
        }
      ],
      "Page": 1
    },
    {
      "BlockType": "CELL",
      "Confidence": 36.8408203125,
      "RowIndex": 2,
      "ColumnIndex": 4,
      "RowSpan": 1,
      "ColumnSpan": 1,
      "Geometry": {
        "BoundingBox": {
          "Width": 0.1872122883796692,
          "Height": 0.06637943536043167,
          "Left": 0.5807812213897705,
          "Top": 0.44402238726615906
        },
        "Polygon": [
          {
            "X": 0.5807812213897705,
            "Y": 0.44407179951667786
          },
          {
            "X": 0.7675374150276184,
            "Y": 0.44402238726615906
          },
          {
            "X": 0.7679935097694397,
            "Y": 0.5104018449783325
          },
          {
            "X": 0.5811560750007629,
            "Y": 0.5103968977928162
          }
        ]
      },
      "Id": "7e440c9f-a096-47c0-b334-75acf8792c64",
      "Relationships": [
        {
          "Type": "CHILD",
          "Ids": [
            "774d4ace-7454-415a-97a0-18459a3b18d4",
            "942df561-ed91-41ed-9c84-b4cb65f13785",
            "e74ca45b-26a6-4121-b0a5-fcf2bdd9cf13",
            "649f83e2-9120-4944-b870-1a41faf2855b",
            "13681c1f-abe1-4813-8f5d-e80e3d0c46a9",
            "c3bfe366-37e3-4fd1-bd04-fe2eb78a0bdb",
            "dfb4a56a-5b24-4739-b457-7362677e4d5d"
          ]
        }
      ],
      "Page": 1
    },
    {
      "BlockType": "CELL",
      "Confidence": 75.830078125,
      "RowIndex": 3,
      "ColumnIndex": 1,
      "RowSpan": 1,
      "ColumnSpan": 1,
      "Geometry": {
        "BoundingBox": {
          "Width": 0.1084093376994133,
          "Height": 0.05771638825535774,
          "Left": 0.2340926229953766,
          "Top": 0.510387659072876
        },
        "Polygon": [
          {
            "X": 0.2340926229953766,
            "Y": 0.510387659072876
          },
          {
            "X": 0.34226566553115845,
            "Y": 0.5103905200958252
          },
          {
            "X": 0.3425019681453705,
            "Y": 0.568104088306427
          },
          {
            "X": 0.23428809642791748,
            "Y": 0.5680737495422363
          }
        ]
      },
      "Id": "d0692b2e-a54d-4675-8b27-55204b9a60b9",
      "Relationships": [
        {
          "Type": "CHILD",
          "Ids": [
            "5c0c5e75-3688-4773-9b63-ce640df81e4a"
          ]
        }
      ],
      "Page": 1
    },
    {
      "BlockType": "CELL",
      "Confidence": 61.03515625,
      "RowIndex": 3,
      "ColumnIndex": 2,
      "RowSpan": 1,
      "ColumnSpan": 1,
      "Geometry": {
        "BoundingBox": {
          "Width": 0.16361398994922638,
          "Height": 0.057759273797273636,
          "Left": 0.34226566553115845,
          "Top": 0.5103905200958252
        },
        "Polygon": [
          {
            "X": 0.34226566553115845,
            "Y": 0.5103905200958252
          },
          {
            "X": 0.5055816769599915,
            "Y": 0.5103948712348938
          },
          {
            "X": 0.5058796405792236,
            "Y": 0.5681498050689697
          },
          {
            "X": 0.3425019681453705,
            "Y": 0.568104088306427
          }
        ]
      },
      "Id": "61d1b23a-73c5-4eba-8a0a-b1c042177530",
      "Relationships": [
        {
          "Type": "CHILD",
          "Ids": [
            "f6413494-a0a7-49e7-b652-9569758b29f4",
            "a443897a-448e-4b4b-94dd-dc03e3eb30bc",
            "507a15ad-4010-4537-ac29-6e5267a6b64e",
            "6ea2cc5c-2765-4116-923a-719e3aa000ca",
            "2b750699-6f1d-4335-a8ca-0866fd860ace"
          ]
        }
      ],
      "Page": 1
    },
    {
      "BlockType": "CELL",
      "Confidence": 48.4619140625,
      "RowIndex": 3,
      "ColumnIndex": 3,
      "RowSpan": 1,
      "ColumnSpan": 1,
      "Geometry": {
        "BoundingBox": {
          "Width": 0.07590091228485107,
          "Height": 0.05777611956000328,
          "Left": 0.5055816769599915,
          "Top": 0.5103948712348938
        },
        "Polygon": [
          {
            "X": 0.5055816769599915,
            "Y": 0.5103948712348938
          },
          {
            "X": 0.5811560750007629,
            "Y": 0.5103968977928162
          },
          {
            "X": 0.5814825892448425,
            "Y": 0.568170964717865
          },
          {
            "X": 0.5058796405792236,
            "Y": 0.5681498050689697
          }
        ]
      },
      "Id": "9e748bd3-6506-4ead-b084-291dd8b08255",
      "Relationships": [
        {
          "Type": "CHILD",
          "Ids": [
            "896d93fe-fcc8-4fdb-ade9-0f2bd00b0546",
            "28664f45-5654-4551-a582-30a5f6d1b819"
          ]
        }
      ],
      "Page": 1
    },
    {
      "BlockType": "CELL",
      "Confidence": 36.8408203125,
      "RowIndex": 3,
      "ColumnIndex": 4,
      "RowSpan": 1,
      "ColumnSpan": 1,
      "Geometry": {
        "BoundingBox": {
          "Width": 0.18723466992378235,
          "Height": 0.057826459407806396,
          "Left": 0.5811560750007629,
          "Top": 0.5103968977928162
        },
        "Polygon": [
          {
            "X": 0.5811560750007629,
            "Y": 0.5103968977928162
          },
          {
            "X": 0.7679935097694397,
            "Y": 0.5104018449783325
          },
          {
            "X": 0.7683907151222229,
            "Y": 0.5682233572006226
          },
          {
            "X": 0.5814825892448425,
            "Y": 0.568170964717865
          }
        ]
      },
      "Id": "fa404a34-4a0c-4a64-ab63-eac783ae4812",
      "Page": 1
    },
    {
      "BlockType": "CELL",
      "Confidence": 80.859375,
      "RowIndex": 4,
      "ColumnIndex": 1,
      "RowSpan": 1,
      "ColumnSpan": 1,
      "Geometry": {
        "BoundingBox": {
          "Width": 0.10847344994544983,
          "Height": 0.06343703716993332,
          "Left": 0.23428809642791748,
          "Top": 0.5680737495422363
        },
        "Polygon": [
          {
            "X": 0.23428809642791748,
            "Y": 0.5680737495422363
          },
          {
            "X": 0.3425019681453705,
            "Y": 0.568104088306427
          },
          {
            "X": 0.3427615463733673,
            "Y": 0.6315107941627502
          },
          {
            "X": 0.2345028668642044,
            "Y": 0.6314502954483032
          }
        ]
      },
      "Id": "6bf01ab3-e8e2-4e00-9c0f-e52045ba2d27",
      "Relationships": [
        {
          "Type": "CHILD",
          "Ids": [
            "20f073a1-0d31-417e-a23b-19b1a1ff9d72"
          ]
        }
      ],
      "Page": 1
    },
    {
      "BlockType": "CELL",
      "Confidence": 65.087890625,
      "RowIndex": 4,
      "ColumnIndex": 2,
      "RowSpan": 1,
      "ColumnSpan": 1,
      "Geometry": {
        "BoundingBox": {
          "Width": 0.16370506584644318,
          "Height": 0.06349803507328033,
          "Left": 0.3425019681453705,
          "Top": 0.568104088306427
        },
        "Polygon": [
          {
            "X": 0.3425019681453705,
            "Y": 0.568104088306427
          },
          {
            "X": 0.5058796405792236,
            "Y": 0.5681498050689697
          },
          {
            "X": 0.5062069892883301,
            "Y": 0.6316021084785461
          },
          {
            "X": 0.3427615463733673,
            "Y": 0.6315107941627502
          }
        ]
      },
      "Id": "05a5f7d9-cc75-4f00-90e5-a17f6a3125bc",
      "Relationships": [
        {
          "Type": "CHILD",
          "Ids": [
            "e75f1663-6861-425c-9b6d-c64c2fc70adc",
            "4175de7d-bc2d-4dfe-9aa0-306ed5b2e5bc",
            "8446e6a3-d1a7-4eae-9600-79558dde101a",
            "2b2ed952-920c-4559-a136-9819510aa9f0",
            "b50ffd02-846a-4478-b7ec-d7f3c4e22824"
          ]
        }
      ],
      "Page": 1
    },
    {
      "BlockType": "CELL",
      "Confidence": 51.708984375,
      "RowIndex": 4,
      "ColumnIndex": 3,
      "RowSpan": 1,
      "ColumnSpan": 1,
      "Geometry": {
        "BoundingBox": {
          "Width": 0.07596169412136078,
          "Height": 0.06349453330039978,
          "Left": 0.5058796405792236,
          "Top": 0.5681498050689697
        },
        "Polygon": [
          {
            "X": 0.5058796405792236,
            "Y": 0.5681498050689697
          },
          {
            "X": 0.5814825892448425,
            "Y": 0.568170964717865
          },
          {
            "X": 0.5818413496017456,
            "Y": 0.6316443681716919
          },
          {
            "X": 0.5062069892883301,
            "Y": 0.6316021084785461
          }
        ]
      },
      "Id": "30582860-b9c7-4e90-86cb-834c95479a3d",
      "Relationships": [
        {
          "Type": "CHILD",
          "Ids": [
            "9699cba7-109b-49ad-9f99-fce92b55be7b",
            "cfed9f4a-b195-45e0-a78a-3c24b7e52af6"
          ]
        }
      ],
      "Page": 1
    },
    {
      "BlockType": "CELL",
      "Confidence": 36.8408203125,
      "RowIndex": 4,
      "ColumnIndex": 4,
      "RowSpan": 1,
      "ColumnSpan": 1,
      "Geometry": {
        "BoundingBox": {
          "Width": 0.18734800815582275,
          "Height": 0.06407590955495834,
          "Left": 0.5814825892448425,
          "Top": 0.568170964717865
        },
        "Polygon": [
          {
            "X": 0.5814825892448425,
            "Y": 0.568170964717865
          },
          {
            "X": 0.7683907151222229,
            "Y": 0.5682233572006226
          },
          {
            "X": 0.7688305974006653,
            "Y": 0.6322469115257263
          },
          {
            "X": 0.58184415102005,
            "Y": 0.6321420073509216
          }
        ]
      },
      "Id": "062478c0-4a1f-40b5-aa55-de7285ef48a9",
      "Page": 1
    },
    {
      "BlockType": "MERGED_CELL",
      "Confidence": 36.8408203125,
      "RowIndex": 2,
      "ColumnIndex": 4,
      "RowSpan": 3,
      "ColumnSpan": 1,
      "Geometry": {
        "BoundingBox": {
          "Width": 0.1882966160774231,
          "Height": 0.18772661685943604,
          "Left": 0.5807812213897705,
          "Top": 0.4440223276615143
        },
        "Polygon": [
          {
            "X": 0.5807812213897705,
            "Y": 0.44407179951667786
          },
          {
            "X": 0.767787754535675,
            "Y": 0.4440223276615143
          },
          {
            "X": 0.7690778374671936,
            "Y": 0.6317489147186279
          },
          {
            "X": 0.5818413496017456,
            "Y": 0.6316443681716919
          }
        ]
      },
      "Id": "743fdf69-20ce-4eeb-a831-337f8e834abb",
      "Relationships": [
        {
          "Type": "CHILD",
          "Ids": [
            "7e440c9f-a096-47c0-b334-75acf8792c64",
            "fa404a34-4a0c-4a64-ab63-eac783ae4812",
            "062478c0-4a1f-40b5-aa55-de7285ef48a9"
          ]
        }
      ],
      "Page": 1
    }
  ],
  "AnalyzeDocumentModelVersion": "1.0"
}