{
  "DocumentMetadata": {
    "Pages": 1
  },
  "JobStatus": "SUCCEEDED",
  "Blocks": [
    {
      "BlockType": "PAGE",
      "Geometry": {
        "BoundingBox": {
          "Width": 0.6758241057395935,
          "Height": 0.4534790515899658,
          "Left": 0.1625017374753952,
          "Top": 0.25840121507644653
        },
        "Polygon": [
          {
            "X": 0.16255761682987213,
            "Y": 0.2604440450668335
          },
          {
            "X": 0.8365569710731506,
            "Y": 0.25840121507644653
          },
          {
            "X": 0.8383258581161499,
            "Y": 0.7099784016609192
          },
          {
            "X": 0.1625017374753952,
            "Y": 0.7118802666664124
          }
        ]
      },
      "Id": "b7759b64-5908-4be7-9791-388c5b3cac14",
      "Relationships": [
        {
          "Type": "CHILD",
          "Ids": [
            "105acdb7-d000-4097-bda0-8821f2f1d35b",
            "65826d2d-de72-48cf-b6bb-897d9ebb9721",
            "ff4fc92e-a2b4-4247-bf0f-46cbb925874f",
            "cb89a58f-f1ea-4547-8657-a077c5261ce0",
            "cec4ed63-8056-45e7-998d-711e2df3be65",
            "e599692f-c5f0-44b7-8e26-dcb159cdb581",
            "faf9789e-acbb-4c34-8bb5-2044b4407d14",
            "e7788457-0380-4769-8e75-ec836571768f",
            "0f5c2159-83eb-4296-af1a-daf319721634",
            "a37189c0-197d-4a57-b33c-b954892b87c5",
            "b76bbf83-d9e5-49dc-8a80-64b66e950ede",
            "ef800e0f-46e5-486f-a587-a35b93365aff",
            "4a0990bc-edeb-4986-b566-7223056f657c",
            "5c62f731-c65c-4d6c-98a0-706e96eccd95",
            "2e4faea0-4116-4f27-8f9a-efc9e74b6659",
            "aba309b5-cdec-4171-96cd-e027070e8f61",
            "d9ed2fc3-7e2a-4ff8-9d70-75242b59e183"
          ]
        }
      ],
      "Page": 1
    },
    {
      "BlockType": "LINE",
      "Confidence": 39.14972686767578,
      "Text": "TO",
      "Geometry": {
        "BoundingBox": {
          "Width": 0.016549518331885338,
          "Height": 0.019957656040787697,
          "Left": 0.5100340843200684,
          "Top": 0.3229723870754242
        },
        "Polygon": [
          {
            "X": 0.5100340843200684,
            "Y": 0.32302191853523254
          },
          {
            "X": 0.5265426635742188,
            "Y": 0.3229723870754242
          },
          {
            "X": 0.5265836119651794,
            "Y": 0.34288063645362854
          },
          {
            "X": 0.5100730657577515,
            "Y": 0.34293001890182495
          }
        ]
      },
      "Id": "105acdb7-d000-4097-bda0-8821f2f1d35b",
      "Relationships": [
        {
          "Type": "CHILD",
          "Ids": [
            "310c08c8-085c-4d52-a220-976679e106b7"
          ]
        }
      ],
      "Page": 1
    },
    {
      "BlockType": "LINE",
      "Confidence": 99.93126678466797,
      "Text": "Samples",
      "Geometry": {
        "BoundingBox": {
          "Width": 0.05433798208832741,
          "Height": 0.03177282586693764,
          "Left": 0.25921565294265747,
          "Top": 0.4294172525405884
        },
        "Polygon": [
          {
            "X": 0.25921565294265747,
            "Y": 0.42957746982574463
          },
          {
            "X": 0.31352898478507996,
            "Y": 0.4294172525405884
          },
          {
            "X": 0.31355366110801697,
            "Y": 0.46103066205978394
          },
          {
            "X": 0.2592300474643707,
            "Y": 0.4611900746822357
          }
        ]
      },
      "Id": "65826d2d-de72-48cf-b6bb-897d9ebb9721",
      "Relationships": [
        {
          "Type": "CHILD",
          "Ids": [
            "53a8787e-c020-413b-9411-cfaa1fdf216e"
          ]
        }
      ],
      "Page": 1
    },
    {
      "BlockType": "LINE",
      "Confidence": 75.89012145996094,
      "Text": "d5% (°C)",
      "Geometry": {
        "BoundingBox": {
          "Width": 0.05620839074254036,
          "Height": 0.038531240075826645,
          "Left": 0.394363671541214,
          "Top": 0.4244614243507385
        },
        "Polygon": [
          {
            "X": 0.394363671541214,
            "Y": 0.4246271550655365
          },
          {
            "X": 0.4505106508731842,
            "Y": 0.4244614243507385
          },
          {
            "X": 0.45057207345962524,
            "Y": 0.4628279209136963
          },
          {
            "X": 0.39441218972206116,
            "Y": 0.46299266815185547
          }
        ]
      },
      "Id": "ff4fc92e-a2b4-4247-bf0f-46cbb925874f",
      "Relationships": [
        {
          "Type": "CHILD",
          "Ids": [
            "51f5bdae-46f9-4eb7-aab3-b78964d00914",
            "9bab1699-e59e-4f4b-880b-5f49d8e5f7c0"
          ]
        }
      ],
      "Page": 1
    },
    {
      "BlockType": "LINE",
      "Confidence": 58.37059783935547,
      "Text": "(°C)",
      "Geometry": {
        "BoundingBox": {
          "Width": 0.03211681544780731,
          "Height": 0.03501162678003311,
          "Left": 0.5196881294250488,
          "Top": 0.42420828342437744
        },
        "Polygon": [
          {
            "X": 0.5196881294250488,
            "Y": 0.4243028461933136
          },
          {
            "X": 0.5517278909683228,
            "Y": 0.42420828342437744
          },
          {
            "X": 0.5518049597740173,
            "Y": 0.4591258466243744
          },
          {
            "X": 0.5197585225105286,
            "Y": 0.45921990275382996
          }
        ]
      },
      "Id": "cb89a58f-f1ea-4547-8657-a077c5261ce0",
      "Relationships": [
        {
          "Type": "CHILD",
          "Ids": [
            "94f29c01-acab-4685-aa8f-9fae1f49f0b1"
          ]
        }
      ],
      "Page": 1
    },
    {
      "BlockType": "LINE",
      "Confidence": 40.516937255859375,
      "Text": "Y(%)",
      "Geometry": {
        "BoundingBox": {
          "Width": 0.04273467883467674,
          "Height": 0.03360047563910484,
          "Left": 0.5996617674827576,
          "Top": 0.4294089674949646
        },
        "Polygon": [
          {
            "X": 0.5996617674827576,
            "Y": 0.4295347332954407
          },
          {
            "X": 0.6423043608665466,
            "Y": 0.4294089674949646
          },
          {
            "X": 0.6423964500427246,
            "Y": 0.4628843665122986
          },
          {
            "X": 0.5997452735900879,
            "Y": 0.46300944685935974
          }
        ]
      },
      "Id": "cec4ed63-8056-45e7-998d-711e2df3be65",
      "Relationships": [
        {
          "Type": "CHILD",
          "Ids": [
            "c88e6f3b-eaaa-4c97-836d-793c3cf72c11"
          ]
        }
      ],
      "Page": 1
    },
    {
      "BlockType": "LINE",
      "Confidence": 65.98764038085938,
      "Text": "Rmax (% min-1)",
      "Geometry": {
        "BoundingBox": {
          "Width": 0.09800246357917786,
          "Height": 0.03228022903203964,
          "Left": 0.6964503526687622,
          "Top": 0.4289921820163727
        },
        "Polygon": [
          {
            "X": 0.6964503526687622,
            "Y": 0.4292808771133423
          },
          {
            "X": 0.794335663318634,
            "Y": 0.4289921820163727
          },
          {
            "X": 0.7944527864456177,
            "Y": 0.4609852135181427
          },
          {
            "X": 0.6965486407279968,
            "Y": 0.4612724184989929
          }
        ]
      },
      "Id": "e599692f-c5f0-44b7-8e26-dcb159cdb581",
      "Relationships": [
        {
          "Type": "CHILD",
          "Ids": [
            "864ce202-f2bd-4ade-8034-d88f93750f55",
            "162ef595-4227-42df-ba17-611371a165a1"
          ]
        }
      ],
      "Page": 1
    },
    {
      "BlockType": "LINE",
      "Confidence": 96.24956512451172,
      "Text": "PH-ODA-EP/DDM",
      "Geometry": {
        "BoundingBox": {
          "Width": 0.12719878554344177,
          "Height": 0.025215884670615196,
          "Left": 0.2224920690059662,
          "Top": 0.5295348763465881
        },
        "Polygon": [
          {
            "X": 0.2224920690059662,
            "Y": 0.5299038290977478
          },
          {
            "X": 0.3496660888195038,
            "Y": 0.5295348763465881
          },
          {
            "X": 0.34969085454940796,
            "Y": 0.5543832182884216
          },
          {
            "X": 0.22249791026115417,
            "Y": 0.5547507405281067
          }
        ]
      },
      "Id": "faf9789e-acbb-4c34-8bb5-2044b4407d14",
      "Relationships": [
        {
          "Type": "CHILD",
          "Ids": [
            "350801d1-a22f-4d27-82bd-842c5dfb424b"
          ]
        }
      ],
      "Page": 1
    },
    {
      "BlockType": "LINE",
      "Confidence": 99.8255615234375,
      "Text": "280.1",
      "Geometry": {
        "BoundingBox": {
          "Width": 0.03469739109277725,
          "Height": 0.024172630161046982,
          "Left": 0.40068238973617554,
          "Top": 0.5298168659210205
        },
        "Polygon": [
          {
            "X": 0.40068238973617554,
            "Y": 0.5299174189567566
          },
          {
            "X": 0.4353434443473816,
            "Y": 0.5298168659210205
          },
          {
            "X": 0.4353797733783722,
            "Y": 0.5538893342018127
          },
          {
            "X": 0.400713711977005,
            "Y": 0.5539894700050354
          }
        ]
      },
      "Id": "e7788457-0380-4769-8e75-ec836571768f",
      "Relationships": [
        {
          "Type": "CHILD",
          "Ids": [
            "bb38df13-3231-4837-8928-858df5a376f0"
          ]
        }
      ],
      "Page": 1
    },
    {
      "BlockType": "LINE",
      "Confidence": 99.70821380615234,
      "Text": "504.1",
      "Geometry": {
        "BoundingBox": {
          "Width": 0.03453602269291878,
          "Height": 0.02415698766708374,
          "Left": 0.49895086884498596,
          "Top": 0.5297830104827881
        },
        "Polygon": [
          {
            "X": 0.49895086884498596,
            "Y": 0.5298830270767212
          },
          {
            "X": 0.5334364771842957,
            "Y": 0.5297830104827881
          },
          {
            "X": 0.5334869027137756,
            "Y": 0.5538403391838074
          },
          {
            "X": 0.4989963471889496,
            "Y": 0.5539399981498718
          }
        ]
      },
      "Id": "0f5c2159-83eb-4296-af1a-daf319721634",
      "Relationships": [
        {
          "Type": "CHILD",
          "Ids": [
            "651cc654-41f8-43b4-8f57-b430c7803508"
          ]
        }
      ],
      "Page": 1
    },
    {
      "BlockType": "LINE",
      "Confidence": 99.91339111328125,
      "Text": "41.7",
      "Geometry": {
        "BoundingBox": {
          "Width": 0.02863394282758236,
          "Height": 0.02454407885670662,
          "Left": 0.6061352491378784,
          "Top": 0.5295859575271606
        },
        "Polygon": [
          {
            "X": 0.6061352491378784,
            "Y": 0.5296688675880432
          },
          {
            "X": 0.6347030401229858,
            "Y": 0.5295859575271606
          },
          {
            "X": 0.6347691416740417,
            "Y": 0.5540475249290466
          },
          {
            "X": 0.6061971783638,
            "Y": 0.5541300773620605
          }
        ]
      },
      "Id": "a37189c0-197d-4a57-b33c-b954892b87c5",
      "Relationships": [
        {
          "Type": "CHILD",
          "Ids": [
            "1ec7302a-c63d-4d25-93a4-0094bfa8aa2c"
          ]
        }
      ],
      "Page": 1
    },
    {
      "BlockType": "LINE",
      "Confidence": 99.63459014892578,
      "Text": "5.1",
      "Geometry": {
        "BoundingBox": {
          "Width": 0.01943577080965042,
          "Height": 0.026218857616186142,
          "Left": 0.7358388304710388,
          "Top": 0.5286951661109924
        },
        "Polygon": [
          {
            "X": 0.7358388304710388,
            "Y": 0.5287513136863708
          },
          {
            "X": 0.755185067653656,
            "Y": 0.5286951661109924
          },
          {
            "X": 0.7552745938301086,
            "Y": 0.5548581480979919
          },
          {
            "X": 0.7359253764152527,
            "Y": 0.5549140572547913
          }
        ]
      },
      "Id": "b76bbf83-d9e5-49dc-8a80-64b66e950ede",
      "Relationships": [
        {
          "Type": "CHILD",
          "Ids": [
            "838ac545-5418-4f06-b10b-1dd9d8fda998"
          ]
        }
      ],
      "Page": 1
    },
    {
      "BlockType": "LINE",
      "Confidence": 99.01811981201172,
      "Text": "DGEBA/DDM",
      "Geometry": {
        "BoundingBox": {
          "Width": 0.09768978506326675,
          "Height": 0.02567635104060173,
          "Left": 0.23704999685287476,
          "Top": 0.6102389097213745
        },
        "Polygon": [
          {
            "X": 0.23704999685287476,
            "Y": 0.6105185151100159
          },
          {
            "X": 0.3347167670726776,
            "Y": 0.6102389097213745
          },
          {
            "X": 0.3347397744655609,
            "Y": 0.6356368064880371
          },
          {
            "X": 0.23705819249153137,
            "Y": 0.6359152793884277
          }
        ]
      },
      "Id": "ef800e0f-46e5-486f-a587-a35b93365aff",
      "Relationships": [
        {
          "Type": "CHILD",
          "Ids": [
            "d855e21a-e0d4-414b-a2fa-650ef3191a44"
          ]
        }
      ],
      "Page": 1
    },
    {
      "BlockType": "LINE",
      "Confidence": 99.88034057617188,
      "Text": "388.2",
      "Geometry": {
        "BoundingBox": {
          "Width": 0.035805247724056244,
          "Height": 0.02457401156425476,
          "Left": 0.4009067416191101,
          "Top": 0.6114329695701599
        },
        "Polygon": [
          {
            "X": 0.4009067416191101,
            "Y": 0.611535370349884
          },
          {
            "X": 0.4366748631000519,
            "Y": 0.6114329695701599
          },
          {
            "X": 0.43671196699142456,
            "Y": 0.6359050273895264
          },
          {
            "X": 0.40093860030174255,
            "Y": 0.6360070109367371
          }
        ]
      },
      "Id": "4a0990bc-edeb-4986-b566-7223056f657c",
      "Relationships": [
        {
          "Type": "CHILD",
          "Ids": [
            "232561d3-8ec7-4387-a05f-d740ae56d6ba"
          ]
        }
      ],
      "Page": 1
    },
    {
      "BlockType": "LINE",
      "Confidence": 99.91663360595703,
      "Text": "414.3",
      "Geometry": {
        "BoundingBox": {
          "Width": 0.036009281873703,
          "Height": 0.02467365749180317,
          "Left": 0.498182475566864,
          "Top": 0.6113442182540894
        },
        "Polygon": [
          {
            "X": 0.498182475566864,
            "Y": 0.6114471554756165
          },
          {
            "X": 0.5341401696205139,
            "Y": 0.6113442182540894
          },
          {
            "X": 0.5341917872428894,
            "Y": 0.6359153985977173
          },
          {
            "X": 0.4982287883758545,
            "Y": 0.636017918586731
          }
        ]
      },
      "Id": "5c62f731-c65c-4d6c-98a0-706e96eccd95",
      "Relationships": [
        {
          "Type": "CHILD",
          "Ids": [
            "51ef1cc7-cf5f-42fd-b5f2-c90ebd44ead4"
          ]
        }
      ],
      "Page": 1
    },
    {
      "BlockType": "LINE",
      "Confidence": 99.92861938476562,
      "Text": "14.8",
      "Geometry": {
        "BoundingBox": {
          "Width": 0.026662008836865425,
          "Height": 0.02494058758020401,
          "Left": 0.6077603101730347,
          "Top": 0.6111948490142822
        },
        "Polygon": [
          {
            "X": 0.6077603101730347,
            "Y": 0.6112709641456604
          },
          {
            "X": 0.6343551874160767,
            "Y": 0.6111948490142822
          },
          {
            "X": 0.6344223022460938,
            "Y": 0.636059582233429
          },
          {
            "X": 0.6078234910964966,
            "Y": 0.6361353993415833
          }
        ]
      },
      "Id": "2e4faea0-4116-4f27-8f9a-efc9e74b6659",
      "Relationships": [
        {
          "Type": "CHILD",
          "Ids": [
            "9588e1cc-b954-45d2-9075-c5e568364339"
          ]
        }
      ],
      "Page": 1
    },
    {
      "BlockType": "LINE",
      "Confidence": 99.69850158691406,
      "Text": "31.3",
      "Geometry": {
        "BoundingBox": {
          "Width": 0.02766038104891777,
          "Height": 0.02555703930556774,
          "Left": 0.7315966486930847,
          "Top": 0.6109787225723267
        },
        "Polygon": [
          {
            "X": 0.7315966486930847,
            "Y": 0.6110575795173645
          },
          {
            "X": 0.7591692209243774,
            "Y": 0.6109787225723267
          },
          {
            "X": 0.7592570185661316,
            "Y": 0.6364571452140808
          },
          {
            "X": 0.7316802144050598,
            "Y": 0.6365357637405396
          }
        ]
      },
      "Id": "aba309b5-cdec-4171-96cd-e027070e8f61",
      "Relationships": [
        {
          "Type": "CHILD",
          "Ids": [
            "198d9dda-fd77-45d9-bb8e-41beedd3ff9a"
          ]
        }
      ],
      "Page": 1
    },
    {
      "BlockType": "WORD",
      "Confidence": 39.14972686767578,
      "Text": "TO",
      "TextType": "PRINTED",
      "Geometry": {
        "BoundingBox": {
          "Width": 0.016549518331885338,
          "Height": 0.019957656040787697,
          "Left": 0.5100340843200684,
          "Top": 0.3229723870754242
        },
        "Polygon": [
          {
            "X": 0.5100340843200684,
            "Y": 0.32302191853523254
          },
          {
            "X": 0.5265426635742188,
            "Y": 0.3229723870754242
          },
          {
            "X": 0.5265836119651794,
            "Y": 0.34288063645362854
          },
          {
            "X": 0.5100730657577515,
            "Y": 0.34293001890182495
          }
        ]
      },
      "Id": "310c08c8-085c-4d52-a220-976679e106b7",
      "Page": 1
    },
    {
      "BlockType": "WORD",
      "Confidence": 99.93126678466797,
      "Text": "Samples",
      "TextType": "PRINTED",
      "Geometry": {
        "BoundingBox": {
          "Width": 0.05433798208832741,
          "Height": 0.03177282586693764,
          "Left": 0.25921565294265747,
          "Top": 0.4294172525405884
        },
        "Polygon": [
          {
            "X": 0.25921565294265747,
            "Y": 0.42957746982574463
          },
          {
            "X": 0.31352898478507996,
            "Y": 0.4294172525405884
          },
          {
            "X": 0.31355366110801697,
            "Y": 0.46103066205978394
          },
          {
            "X": 0.2592300474643707,
            "Y": 0.4611900746822357
          }
        ]
      },
      "Id": "53a8787e-c020-413b-9411-cfaa1fdf216e",
      "Page": 1
    },
    {
      "BlockType": "WORD",
      "Confidence": 92.643310546875,
      "Text": "d5%",
      "TextType": "PRINTED",
      "Geometry": {
        "BoundingBox": {
          "Width": 0.021914532408118248,
          "Height": 0.01851526089012623,
          "Left": 0.3943888545036316,
          "Top": 0.4444774091243744
        },
        "Polygon": [
          {
            "X": 0.3943888545036316,
            "Y": 0.4445417821407318
          },
          {
            "X": 0.4162776470184326,
            "Y": 0.4444774091243744
          },
          {
            "X": 0.4163033962249756,
            "Y": 0.46292844414711
          },
          {
            "X": 0.39441218972206116,
            "Y": 0.46299266815185547
          }
        ]
      },
      "Id": "51f5bdae-46f9-4eb7-aab3-b78964d00914",
      "Page": 1
    },
    {
      "BlockType": "WORD",
      "Confidence": 59.13692855834961,
      "Text": "(°C)",
      "TextType": "PRINTED",
      "Geometry": {
        "BoundingBox": {
          "Width": 0.03127676621079445,
          "Height": 0.034729886800050735,
          "Left": 0.41928932070732117,
          "Top": 0.4244614243507385
        },
        "Polygon": [
          {
            "X": 0.41928932070732117,
            "Y": 0.4245535731315613
          },
          {
            "X": 0.4505106508731842,
            "Y": 0.4244614243507385
          },
          {
            "X": 0.4505661129951477,
            "Y": 0.4590996503829956
          },
          {
            "X": 0.41933831572532654,
            "Y": 0.45919129252433777
          }
        ]
      },
      "Id": "9bab1699-e59e-4f4b-880b-5f49d8e5f7c0",
      "Page": 1
    },
    {
      "BlockType": "WORD",
      "Confidence": 58.37059783935547,
      "Text": "(°C)",
      "TextType": "PRINTED",
      "Geometry": {
        "BoundingBox": {
          "Width": 0.03211681544780731,
          "Height": 0.03501162678003311,
          "Left": 0.5196881294250488,
          "Top": 0.42420828342437744
        },
        "Polygon": [
          {
            "X": 0.5196881294250488,
            "Y": 0.4243028461933136
          },
          {
            "X": 0.5517278909683228,
            "Y": 0.42420828342437744
          },
          {
            "X": 0.5518049597740173,
            "Y": 0.4591258466243744
          },
          {
            "X": 0.5197585225105286,
            "Y": 0.45921990275382996
          }
        ]
      },
      "Id": "94f29c01-acab-4685-aa8f-9fae1f49f0b1",
      "Page": 1
    },
    {
      "BlockType": "WORD",
      "Confidence": 40.516937255859375,
      "Text": "Y(%)",
      "TextType": "PRINTED",
      "Geometry": {
        "BoundingBox": {
          "Width": 0.04273467883467674,
          "Height": 0.03360047563910484,
          "Left": 0.5996617674827576,
          "Top": 0.4294089674949646
        },
        "Polygon": [
          {
            "X": 0.5996617674827576,
            "Y": 0.4295347332954407
          },
          {
            "X": 0.6423043608665466,
            "Y": 0.4294089674949646
          },
          {
            "X": 0.6423964500427246,
            "Y": 0.4628843665122986
          },
          {
            "X": 0.5997452735900879,
            "Y": 0.46300944685935974
          }
        ]
      },
      "Id": "c88e6f3b-eaaa-4c97-836d-793c3cf72c11",
      "Page": 1
    },
    {
      "BlockType": "WORD",
      "Confidence": 98.63151550292969,
      "Text": "Rmax",
      "TextType": "PRINTED",
      "Geometry": {
        "BoundingBox": {
          "Width": 0.029630178585648537,
          "Height": 0.0304926298558712,
          "Left": 0.6964515447616577,
          "Top": 0.4295910596847534
        },
        "Polygon": [
          {
            "X": 0.6964515447616577,
            "Y": 0.42967814207077026
          },
          {
            "X": 0.7259829044342041,
            "Y": 0.4295910596847534
          },
          {
            "X": 0.7260817289352417,
            "Y": 0.4599970281124115
          },
          {
            "X": 0.6965450048446655,
            "Y": 0.4600836932659149
          }
        ]
      },
      "Id": "864ce202-f2bd-4ade-8034-d88f93750f55",
      "Page": 1
    },
    {
      "BlockType": "WORD",
      "Confidence": 33.34376525878906,
      "Text": "(% min-1)",
      "TextType": "PRINTED",
      "Geometry": {
        "BoundingBox": {
          "Width": 0.0645633339881897,
          "Height": 0.032182108610868454,
          "Left": 0.729889452457428,
          "Top": 0.4289921820163727
        },
        "Polygon": [
          {
            "X": 0.729889452457428,
            "Y": 0.4291822612285614
          },
          {
            "X": 0.794335663318634,
            "Y": 0.4289921820163727
          },
          {
            "X": 0.7944527864456177,
            "Y": 0.4609852135181427
          },
          {
            "X": 0.7299941778182983,
            "Y": 0.4611743092536926
          }
        ]
      },
      "Id": "162ef595-4227-42df-ba17-611371a165a1",
      "Page": 1
    },
    {
      "BlockType": "WORD",
      "Confidence": 96.24956512451172,
      "Text": "PH-ODA-EP/DDM",
      "TextType": "PRINTED",
      "Geometry": {
        "BoundingBox": {
          "Width": 0.12719878554344177,
          "Height": 0.025215884670615196,
          "Left": 0.2224920690059662,
          "Top": 0.5295348763465881
        },
        "Polygon": [
          {
            "X": 0.2224920690059662,
            "Y": 0.5299038290977478
          },
          {
            "X": 0.3496660888195038,
            "Y": 0.5295348763465881
          },
          {
            "X": 0.34969085454940796,
            "Y": 0.5543832182884216
          },
          {
            "X": 0.22249791026115417,
            "Y": 0.5547507405281067
          }
        ]
      },
      "Id": "350801d1-a22f-4d27-82bd-842c5dfb424b",
      "Page": 1
    },
    {
      "BlockType": "WORD",
      "Confidence": 99.8255615234375,
      "Text": "280.1",
      "TextType": "PRINTED",
      "Geometry": {
        "BoundingBox": {
          "Width": 0.03469739109277725,
          "Height": 0.024172630161046982,
          "Left": 0.40068238973617554,
          "Top": 0.5298168659210205
        },
        "Polygon": [
          {
            "X": 0.40068238973617554,
            "Y": 0.5299174189567566
          },
          {
            "X": 0.4353434443473816,
            "Y": 0.5298168659210205
          },
          {
            "X": 0.4353797733783722,
            "Y": 0.5538893342018127
          },
          {
            "X": 0.400713711977005,
            "Y": 0.5539894700050354
          }
        ]
      },
      "Id": "bb38df13-3231-4837-8928-858df5a376f0",
      "Page": 1
    },
    {
      "BlockType": "WORD",
      "Confidence": 99.70821380615234,
      "Text": "504.1",
      "TextType": "PRINTED",
      "Geometry": {
        "BoundingBox": {
          "Width": 0.03453602269291878,
          "Height": 0.02415698766708374,
          "Left": 0.49895086884498596,
          "Top": 0.5297830104827881
        },
        "Polygon": [
          {
            "X": 0.49895086884498596,
            "Y": 0.5298830270767212
          },
          {
            "X": 0.5334364771842957,
            "Y": 0.5297830104827881
          },
          {
            "X": 0.5334869027137756,
            "Y": 0.5538403391838074
          },
          {
            "X": 0.4989963471889496,
            "Y": 0.5539399981498718
          }
        ]
      },
      "Id": "651cc654-41f8-43b4-8f57-b430c7803508",
      "Page": 1
    },
    {
      "BlockType": "WORD",
      "Confidence": 99.91339111328125,
      "Text": "41.7",
      "TextType": "PRINTED",
      "Geometry": {
        "BoundingBox": {
          "Width": 0.02863394282758236,
          "Height": 0.02454407885670662,
          "Left": 0.6061352491378784,
          "Top": 0.5295859575271606
        },
        "Polygon": [
          {
            "X": 0.6061352491378784,
            "Y": 0.5296688675880432
          },
          {
            "X": 0.6347030401229858,
            "Y": 0.5295859575271606
          },
          {
            "X": 0.6347691416740417,
            "Y": 0.5540475249290466
          },
          {
            "X": 0.6061971783638,
            "Y": 0.5541300773620605
          }
        ]
      },
      "Id": "1ec7302a-c63d-4d25-93a4-0094bfa8aa2c",
      "Page": 1
    },
    {
      "BlockType": "WORD",
      "Confidence": 99.63459014892578,
      "Text": "5.1",
      "TextType": "PRINTED",
      "Geometry": {
        "BoundingBox": {
          "Width": 0.01943577080965042,
          "Height": 0.026218857616186142,
          "Left": 0.7358388304710388,
          "Top": 0.5286951661109924
        },
        "Polygon": [
          {
            "X": 0.7358388304710388,
            "Y": 0.5287513136863708
          },
          {
            "X": 0.755185067653656,
            "Y": 0.5286951661109924
          },
          {
            "X": 0.7552745938301086,
            "Y": 0.5548581480979919
          },
          {
            "X": 0.7359253764152527,
            "Y": 0.5549140572547913
          }
        ]
      },
      "Id": "838ac545-5418-4f06-b10b-1dd9d8fda998",
      "Page": 1
    },
    {
      "BlockType": "WORD",
      "Confidence": 99.01811981201172,
      "Text": "DGEBA/DDM",
      "TextType": "PRINTED",
      "Geometry": {
        "BoundingBox": {
          "Width": 0.09768978506326675,
          "Height": 0.02567635104060173,
          "Left": 0.23704999685287476,
          "Top": 0.6102389097213745
        },
        "Polygon": [
          {
            "X": 0.23704999685287476,
            "Y": 0.6105185151100159
          },
          {
            "X": 0.3347167670726776,
            "Y": 0.6102389097213745
          },
          {
            "X": 0.3347397744655609,
            "Y": 0.6356368064880371
          },
          {
            "X": 0.23705819249153137,
            "Y": 0.6359152793884277
          }
        ]
      },
      "Id": "d855e21a-e0d4-414b-a2fa-650ef3191a44",
      "Page": 1
    },
    {
      "BlockType": "WORD",
      "Confidence": 99.88034057617188,
      "Text": "388.2",
      "TextType": "PRINTED",
      "Geometry": {
        "BoundingBox": {
          "Width": 0.035805247724056244,
          "Height": 0.02457401156425476,
          "Left": 0.4009067416191101,
          "Top": 0.6114329695701599
        },
        "Polygon": [
          {
            "X": 0.4009067416191101,
            "Y": 0.611535370349884
          },
          {
            "X": 0.4366748631000519,
            "Y": 0.6114329695701599
          },
          {
            "X": 0.43671196699142456,
            "Y": 0.6359050273895264
          },
          {
            "X": 0.40093860030174255,
            "Y": 0.6360070109367371
          }
        ]
      },
      "Id": "232561d3-8ec7-4387-a05f-d740ae56d6ba",
      "Page": 1
    },
    {
      "BlockType": "WORD",
      "Confidence": 99.91663360595703,
      "Text": "414.3",
      "TextType": "PRINTED",
      "Geometry": {
        "BoundingBox": {
          "Width": 0.036009281873703,
          "Height": 0.02467365749180317,
          "Left": 0.498182475566864,
          "Top": 0.6113442182540894
        },
        "Polygon": [
          {
            "X": 0.498182475566864,
            "Y": 0.6114471554756165
          },
          {
            "X": 0.5341401696205139,
            "Y": 0.6113442182540894
          },
          {
            "X": 0.5341917872428894,
            "Y": 0.6359153985977173
          },
          {
            "X": 0.4982287883758545,
            "Y": 0.636017918586731
          }
        ]
      },
      "Id": "51ef1cc7-cf5f-42fd-b5f2-c90ebd44ead4",
      "Page": 1
    },
    {
      "BlockType": "WORD",
      "Confidence": 99.92861938476562,
      "Text": "14.8",
      "TextType": "PRINTED",
      "Geometry": {
        "BoundingBox": {
          "Width": 0.026662008836865425,
          "Height": 0.02494058758020401,
          "Left": 0.6077603101730347,
          "Top": 0.6111948490142822
        },
        "Polygon": [
          {
            "X": 0.6077603101730347,
            "Y": 0.6112709641456604
          },
          {
            "X": 0.6343551874160767,
            "Y": 0.6111948490142822
          },
          {
            "X": 0.6344223022460938,
            "Y": 0.636059582233429
          },
          {
            "X": 0.6078234910964966,
            "Y": 0.6361353993415833
          }
        ]
      },
      "Id": "9588e1cc-b954-45d2-9075-c5e568364339",
      "Page": 1
    },
    {
      "BlockType": "WORD",
      "Confidence": 99.69850158691406,
      "Text": "31.3",
      "TextType": "PRINTED",
      "Geometry": {
        "BoundingBox": {
          "Width": 0.02766038104891777,
          "Height": 0.02555703930556774,
          "Left": 0.7315966486930847,
          "Top": 0.6109787225723267
        },
        "Polygon": [
          {
            "X": 0.7315966486930847,
            "Y": 0.6110575795173645
          },
          {
            "X": 0.7591692209243774,
            "Y": 0.6109787225723267
          },
          {
            "X": 0.7592570185661316,
            "Y": 0.6364571452140808
          },
          {
            "X": 0.7316802144050598,
            "Y": 0.6365357637405396
          }
        ]
      },
      "Id": "198d9dda-fd77-45d9-bb8e-41beedd3ff9a",
      "Page": 1
    },
    {
      "BlockType": "TABLE",
      "Confidence": 99.560546875,
      "Geometry": {
        "BoundingBox": {
          "Width": 0.6409460306167603,
          "Height": 0.29384157061576843,
          "Left": 0.18960465490818024,
          "Top": 0.37464430928230286
        },
        "Polygon": [
          {
            "X": 0.18960465490818024,
            "Y": 0.37654784321784973
          },
          {
            "X": 0.8294200897216797,
            "Y": 0.37464430928230286
          },
          {
            "X": 0.8305506706237793,
            "Y": 0.6666688919067383
          },
          {
            "X": 0.18961584568023682,
            "Y": 0.6684858798980713
          }
        ]
      },
      "Id": "d9ed2fc3-7e2a-4ff8-9d70-75242b59e183",
      "Relationships": [
        {
          "Type": "CHILD",
          "Ids": [
            "3148a5b5-ced3-4673-9dab-59402b622a68",
            "252a334c-46b1-448d-8397-fbfdc559efaf",
            "d5fdb275-1db0-4a31-9193-809e426a0da7",
            "2f633aa8-d0b7-4bb2-8eba-755da3e8715e",
            "f19851aa-d6d9-447d-b444-253c6d4ec4da",
            "ffd94c5a-1456-42cc-bb43-e89aad0765e2",
            "1da28e77-6a0c-4b12-a771-74f34e011890",
            "f2edd242-1802-4f50-9307-6b964b641586",
            "d7292738-27a2-4d65-8cc6-b67fcf38ccb9",
            "c300bb4d-d491-4f25-acb0-aac933bab6f6",
            "f3aca4af-0aa3-4850-8941-e6aee6f79198",
            "7a2b2c89-9450-4547-bf90-0727503684b0",
            "c5a9fe67-f807-4526-82d8-90dc01cea056",
            "d8bf6f22-30a8-4ac6-b505-6e329c8a5271",
            "06784fa3-c2a3-4016-80a5-82dc9907c8c3"
          ]
        }
      ],
      "EntityTypes": [
        "STRUCTURED_TABLE"
      ],
      "Page": 1
    },
    {
      "BlockType": "CELL",
      "Confidence": 86.5234375,
      "RowIndex": 1,
      "ColumnIndex": 1,
      "RowSpan": 1,
      "ColumnSpan": 1,
      "Geometry": {
        "BoundingBox": {
          "Width": 0.17962709069252014,
          "Height": 0.12695835530757904,
          "Left": 0.18960465490818024,
          "Top": 0.376013845205307
        },
        "Polygon": [
          {
            "X": 0.18960465490818024,
            "Y": 0.37654784321784973
          },
          {
            "X": 0.3690909147262573,
            "Y": 0.376013845205307
          },
          {
            "X": 0.3692317306995392,
            "Y": 0.5024486780166626
          },
          {
            "X": 0.18960949778556824,
            "Y": 0.5029721856117249
          }
        ]
      },
      "Id": "3148a5b5-ced3-4673-9dab-59402b622a68",
      "Relationships": [
        {
          "Type": "CHILD",
          "Ids": [
            "53a8787e-c020-413b-9411-cfaa1fdf216e"
          ]
        }
      ],
      "EntityTypes": [
        "COLUMN_HEADER"
      ],
      "Page": 1
    },
    {
      "BlockType": "CELL",
      "Confidence": 78.955078125,
      "RowIndex": 1,
      "ColumnIndex": 2,
      "RowSpan": 1,
      "ColumnSpan": 1,
      "Geometry": {
        "BoundingBox": {
          "Width": 0.09853313863277435,
          "Height": 0.1267273724079132,
          "Left": 0.3690909147262573,
          "Top": 0.3757213354110718
        },
        "Polygon": [
          {
            "X": 0.3690909147262573,
            "Y": 0.376013845205307
          },
          {
            "X": 0.46740877628326416,
            "Y": 0.3757213354110718
          },
          {
            "X": 0.46762406826019287,
            "Y": 0.502161979675293
          },
          {
            "X": 0.3692317306995392,
            "Y": 0.5024486780166626
          }
        ]
      },
      "Id": "252a334c-46b1-448d-8397-fbfdc559efaf",
      "Relationships": [
        {
          "Type": "CHILD",
          "Ids": [
            "51f5bdae-46f9-4eb7-aab3-b78964d00914",
            "9bab1699-e59e-4f4b-880b-5f49d8e5f7c0"
          ]
        }
      ],
      "EntityTypes": [
        "COLUMN_HEADER"
      ],
      "Page": 1
    },
    {
      "BlockType": "CELL",
      "Confidence": 84.912109375,
      "RowIndex": 1,
      "ColumnIndex": 3,
      "RowSpan": 1,
      "ColumnSpan": 1,
      "Geometry": {
        "BoundingBox": {
          "Width": 0.10856816172599792,
          "Height": 0.1267627328634262,
          "Left": 0.46740877628326416,
          "Top": 0.37539923191070557
        },
        "Polygon": [
          {
            "X": 0.46740877628326416,
            "Y": 0.3757213354110718
          },
          {
            "X": 0.5756796002388,
            "Y": 0.37539923191070557
          },
          {
            "X": 0.5759769082069397,
            "Y": 0.501846194267273
          },
          {
            "X": 0.46762406826019287,
            "Y": 0.502161979675293
          }
        ]
      },
      "Id": "d5fdb275-1db0-4a31-9193-809e426a0da7",
      "Relationships": [
        {
          "Type": "CHILD",
          "Ids": [
            "94f29c01-acab-4685-aa8f-9fae1f49f0b1"
          ]
        }
      ],
      "EntityTypes": [
        "COLUMN_HEADER"
      ],
      "Page": 1
    },
    {
      "BlockType": "CELL",
      "Confidence": 83.251953125,
      "RowIndex": 1,
      "ColumnIndex": 4,
      "RowSpan": 1,
      "ColumnSpan": 1,
      "Geometry": {
        "BoundingBox": {
          "Width": 0.10036789625883102,
          "Height": 0.12674444913864136,
          "Left": 0.5756796002388,
          "Top": 0.3751017153263092
        },
        "Polygon": [
          {
            "X": 0.5756796002388,
            "Y": 0.37539923191070557
          },
          {
            "X": 0.6756743788719177,
            "Y": 0.3751017153263092
          },
          {
            "X": 0.6760475039482117,
            "Y": 0.501554548740387
          },
          {
            "X": 0.5759769082069397,
            "Y": 0.501846194267273
          }
        ]
      },
      "Id": "2f633aa8-d0b7-4bb2-8eba-755da3e8715e",
      "Relationships": [
        {
          "Type": "CHILD",
          "Ids": [
            "c88e6f3b-eaaa-4c97-836d-793c3cf72c11"
          ]
        }
      ],
      "EntityTypes": [
        "COLUMN_HEADER"
      ],
      "Page": 1
    },
    {
      "BlockType": "CELL",
      "Confidence": 87.20703125,
      "RowIndex": 1,
      "ColumnIndex": 5,
      "RowSpan": 1,
      "ColumnSpan": 1,
      "Geometry": {
        "BoundingBox": {
          "Width": 0.15423528850078583,
          "Height": 0.12691020965576172,
          "Left": 0.6756743788719177,
          "Top": 0.37464430928230286
        },
        "Polygon": [
          {
            "X": 0.6756743788719177,
            "Y": 0.3751017153263092
          },
          {
            "X": 0.8294200897216797,
            "Y": 0.37464430928230286
          },
          {
            "X": 0.8299096822738647,
            "Y": 0.5011060833930969
          },
          {
            "X": 0.6760475039482117,
            "Y": 0.501554548740387
          }
        ]
      },
      "Id": "f19851aa-d6d9-447d-b444-253c6d4ec4da",
      "Relationships": [
        {
          "Type": "CHILD",
          "Ids": [
            "864ce202-f2bd-4ade-8034-d88f93750f55",
            "162ef595-4227-42df-ba17-611371a165a1"
          ]
        }
      ],
      "EntityTypes": [
        "COLUMN_HEADER"
      ],
      "Page": 1
    },
    {
      "BlockType": "CELL",
      "Confidence": 88.037109375,
      "RowIndex": 2,
      "ColumnIndex": 1,
      "RowSpan": 1,
      "ColumnSpan": 1,
      "Geometry": {
        "BoundingBox": {
          "Width": 0.17971248924732208,
          "Height": 0.08155044913291931,
          "Left": 0.18960949778556824,
          "Top": 0.5024486780166626
        },
        "Polygon": [
          {
            "X": 0.18960949778556824,
            "Y": 0.5029721856117249
          },
          {
            "X": 0.3692317306995392,
            "Y": 0.5024486780166626
          },
          {
            "X": 0.3693219721317291,
            "Y": 0.5834823846817017
          },
          {
            "X": 0.18961261212825775,
            "Y": 0.5839991569519043
          }
        ]
      },
      "Id": "ffd94c5a-1456-42cc-bb43-e89aad0765e2",
      "Relationships": [
        {
          "Type": "CHILD",
          "Ids": [
            "350801d1-a22f-4d27-82bd-842c5dfb424b"
          ]
        }
      ],
      "Page": 1
    },
    {
      "BlockType": "CELL",
      "Confidence": 80.322265625,
      "RowIndex": 2,
      "ColumnIndex": 2,
      "RowSpan": 1,
      "ColumnSpan": 1,
      "Geometry": {
        "BoundingBox": {
          "Width": 0.09853031486272812,
          "Height": 0.08132044970989227,
          "Left": 0.3692317306995392,
          "Top": 0.502161979675293
        },
        "Polygon": [
          {
            "X": 0.3692317306995392,
            "Y": 0.5024486780166626
          },
          {
            "X": 0.46762406826019287,
            "Y": 0.502161979675293
          },
          {
            "X": 0.4677620530128479,
            "Y": 0.5831993222236633
          },
          {
            "X": 0.3693219721317291,
            "Y": 0.5834823846817017
          }
        ]
      },
      "Id": "1da28e77-6a0c-4b12-a771-74f34e011890",
      "Relationships": [
        {
          "Type": "CHILD",
          "Ids": [
            "bb38df13-3231-4837-8928-858df5a376f0"
          ]
        }
      ],
      "Page": 1
    },
    {
      "BlockType": "CELL",
      "Confidence": 86.376953125,
      "RowIndex": 2,
      "ColumnIndex": 3,
      "RowSpan": 1,
      "ColumnSpan": 1,
      "Geometry": {
        "BoundingBox": {
          "Width": 0.10854342579841614,
          "Height": 0.08135317265987396,
          "Left": 0.46762406826019287,
          "Top": 0.501846194267273
        },
        "Polygon": [
          {
            "X": 0.46762406826019287,
            "Y": 0.502161979675293
          },
          {
            "X": 0.5759769082069397,
            "Y": 0.501846194267273
          },
          {
            "X": 0.5761674642562866,
            "Y": 0.582887589931488
          },
          {
            "X": 0.4677620530128479,
            "Y": 0.5831993222236633
          }
        ]
      },
      "Id": "f2edd242-1802-4f50-9307-6b964b641586",
      "Relationships": [
        {
          "Type": "CHILD",
          "Ids": [
            "651cc654-41f8-43b4-8f57-b430c7803508"
          ]
        }
      ],
      "Page": 1
    },
    {
      "BlockType": "CELL",
      "Confidence": 84.716796875,
      "RowIndex": 2,
      "ColumnIndex": 4,
      "RowSpan": 1,
      "ColumnSpan": 1,
      "Geometry": {
        "BoundingBox": {
          "Width": 0.10030969232320786,
          "Height": 0.08133310079574585,
          "Left": 0.5759769082069397,
          "Top": 0.501554548740387
        },
        "Polygon": [
          {
            "X": 0.5759769082069397,
            "Y": 0.501846194267273
          },
          {
            "X": 0.6760475039482117,
            "Y": 0.501554548740387
          },
          {
            "X": 0.6762866377830505,
            "Y": 0.5825996994972229
          },
          {
            "X": 0.5761674642562866,
            "Y": 0.582887589931488
          }
        ]
      },
      "Id": "d7292738-27a2-4d65-8cc6-b67fcf38ccb9",
      "Relationships": [
        {
          "Type": "CHILD",
          "Ids": [
            "1ec7302a-c63d-4d25-93a4-0094bfa8aa2c"
          ]
        }
      ],
      "Page": 1
    },
    {
      "BlockType": "CELL",
      "Confidence": 88.720703125,
      "RowIndex": 2,
      "ColumnIndex": 5,
      "RowSpan": 1,
      "ColumnSpan": 1,
      "Geometry": {
        "BoundingBox": {
          "Width": 0.15417598187923431,
          "Height": 0.08149362355470657,
          "Left": 0.6760475039482117,
          "Top": 0.5011060833930969
        },
        "Polygon": [
          {
            "X": 0.6760475039482117,
            "Y": 0.501554548740387
          },
          {
            "X": 0.8299096822738647,
            "Y": 0.5011060833930969
          },
          {
            "X": 0.8302235007286072,
            "Y": 0.5821570754051208
          },
          {
            "X": 0.6762866377830505,
            "Y": 0.5825996994972229
          }
        ]
      },
      "Id": "c300bb4d-d491-4f25-acb0-aac933bab6f6",
      "Relationships": [
        {
          "Type": "CHILD",
          "Ids": [
            "838ac545-5418-4f06-b10b-1dd9d8fda998"
          ]
        }
      ],
      "Page": 1
    },
    {
      "BlockType": "CELL",
      "Confidence": 90.8203125,
      "RowIndex": 3,
      "ColumnIndex": 1,
      "RowSpan": 1,
      "ColumnSpan": 1,
      "Geometry": {
        "BoundingBox": {
          "Width": 0.17980347573757172,
          "Height": 0.08500348776578903,
          "Left": 0.18961261212825775,
          "Top": 0.5834823846817017
        },
        "Polygon": [
          {
            "X": 0.18961261212825775,
            "Y": 0.5839991569519043
          },
          {
            "X": 0.3693219721317291,
            "Y": 0.5834823846817017
          },
          {
            "X": 0.36941608786582947,
            "Y": 0.6679762005805969
          },
          {
            "X": 0.18961584568023682,
            "Y": 0.6684858798980713
          }
        ]
      },
      "Id": "f3aca4af-0aa3-4850-8941-e6aee6f79198",
      "Relationships": [
        {
          "Type": "CHILD",
          "Ids": [
            "d855e21a-e0d4-414b-a2fa-650ef3191a44"
          ]
        }
      ],
      "Page": 1
    },
    {
      "BlockType": "CELL",
      "Confidence": 82.861328125,
      "RowIndex": 3,
      "ColumnIndex": 2,
      "RowSpan": 1,
      "ColumnSpan": 1,
      "Geometry": {
        "BoundingBox": {
          "Width": 0.09858394414186478,
          "Height": 0.08477683365345001,
          "Left": 0.3693219721317291,
          "Top": 0.5831993222236633
        },
        "Polygon": [
          {
            "X": 0.3693219721317291,
            "Y": 0.5834823846817017
          },
          {
            "X": 0.4677620530128479,
            "Y": 0.5831993222236633
          },
          {
            "X": 0.4679059386253357,
            "Y": 0.6676969528198242
          },
          {
            "X": 0.36941608786582947,
            "Y": 0.6679762005805969
          }
        ]
      },
      "Id": "7a2b2c89-9450-4547-bf90-0727503684b0",
      "Relationships": [
        {
          "Type": "CHILD",
          "Ids": [
            "232561d3-8ec7-4387-a05f-d740ae56d6ba"
          ]
        }
      ],
      "Page": 1
    },
    {
      "BlockType": "CELL",
      "Confidence": 89.111328125,
      "RowIndex": 3,
      "ColumnIndex": 3,
      "RowSpan": 1,
      "ColumnSpan": 1,
      "Geometry": {
        "BoundingBox": {
          "Width": 0.10860414057970047,
          "Height": 0.08480934053659439,
          "Left": 0.4677620530128479,
          "Top": 0.582887589931488
        },
        "Polygon": [
          {
            "X": 0.4677620530128479,
            "Y": 0.5831993222236633
          },
          {
            "X": 0.5761674642562866,
            "Y": 0.582887589931488
          },
          {
            "X": 0.5763661861419678,
            "Y": 0.667389452457428
          },
          {
            "X": 0.4679059386253357,
            "Y": 0.6676969528198242
          }
        ]
      },
      "Id": "c5a9fe67-f807-4526-82d8-90dc01cea056",
      "Relationships": [
        {
          "Type": "CHILD",
          "Ids": [
            "51ef1cc7-cf5f-42fd-b5f2-c90ebd44ead4"
          ]
        }
      ],
      "Page": 1
    },
    {
      "BlockType": "CELL",
      "Confidence": 87.40234375,
      "RowIndex": 3,
      "ColumnIndex": 4,
      "RowSpan": 1,
      "ColumnSpan": 1,
      "Geometry": {
        "BoundingBox": {
          "Width": 0.10036846250295639,
          "Height": 0.08478975296020508,
          "Left": 0.5761674642562866,
          "Top": 0.5825996994972229
        },
        "Polygon": [
          {
            "X": 0.5761674642562866,
            "Y": 0.582887589931488
          },
          {
            "X": 0.6762866377830505,
            "Y": 0.5825996994972229
          },
          {
            "X": 0.676535964012146,
            "Y": 0.667105495929718
          },
          {
            "X": 0.5763661861419678,
            "Y": 0.667389452457428
          }
        ]
      },
      "Id": "d8bf6f22-30a8-4ac6-b505-6e329c8a5271",
      "Relationships": [
        {
          "Type": "CHILD",
          "Ids": [
            "9588e1cc-b954-45d2-9075-c5e568364339"
          ]
        }
      ],
      "Page": 1
    },
    {
      "BlockType": "CELL",
      "Confidence": 91.552734375,
      "RowIndex": 3,
      "ColumnIndex": 5,
      "RowSpan": 1,
      "ColumnSpan": 1,
      "Geometry": {
        "BoundingBox": {
          "Width": 0.15426406264305115,
          "Height": 0.08494842797517776,
          "Left": 0.6762866377830505,
          "Top": 0.5821570754051208
        },
        "Polygon": [
          {
            "X": 0.6762866377830505,
            "Y": 0.5825996994972229
          },
          {
            "X": 0.8302235007286072,
            "Y": 0.5821570754051208
          },
          {
            "X": 0.8305506706237793,
            "Y": 0.6666688919067383
          },
          {
            "X": 0.676535964012146,
            "Y": 0.667105495929718
          }
        ]
      },
      "Id": "06784fa3-c2a3-4016-80a5-82dc9907c8c3",
      "Relationships": [
        {
          "Type": "CHILD",
          "Ids": [
            "198d9dda-fd77-45d9-bb8e-41beedd3ff9a"
          ]
        }
      ],
      "Page": 1
    }
  ],
  "AnalyzeDocumentModelVersion": "1.0"
}