{
  "DocumentMetadata": {
    "Pages": 1
  },
  "JobStatus": "SUCCEEDED",
  "Blocks": [
    {
      "BlockType": "PAGE",
      "Geometry": {
        "BoundingBox": {
          "Width": 0.5801697373390198,
          "Height": 0.4413387179374695,
          "Left": 0.21289415657520294,
          "Top": 0.2563135325908661
        },
        "Polygon": [
          {
            "X": 0.21289415657520294,
            "Y": 0.25646162033081055
          },
          {
            "X": 0.7911790609359741,
            "Y": 0.2563135325908661
          },
          {
            "X": 0.7930638790130615,
            "Y": 0.697451114654541
          },
          {
            "X": 0.21446046233177185,
            "Y": 0.6976522207260132
          }
        ]
      },
      "Id": "1f2c1341-84d6-4113-9217-6354d94c4b14",
      "Relationships": [
        {
          "Type": "CHILD",
          "Ids": [
            "1faf5671-f684-44de-906b-fc2537c99f75",
            "29ee663b-bd45-4c05-a559-812daffc9cc2",
            "e3719dd4-e713-4848-9176-ac9430ab2c64",
            "3ce2aad7-66df-4b2a-b1cc-f1c4ea3e6d46",
            "69de2d08-3e9a-4eee-8724-5f0374f4caa0",
            "4daf94c2-297a-4926-ae7c-daaaec29c559",
            "3fd95af2-e8a3-461c-bf11-7bbb367df3f5",
            "507fafb4-8d10-4445-ac75-b534ae794284",
            "b6a57903-11fc-4463-83f7-0c2f1584dfe2",
            "63dd4add-451a-4e42-8c19-e19b0eaa2447",
            "37300761-f43b-4375-9347-bb72c602956c",
            "f1cbef9f-15dc-4b4f-bedf-b28799845803",
            "24f61ac9-8899-4ae0-b9e3-b0e48ac2fe06",
            "70bfe3ec-8113-4da8-b4b0-c0ffc3e55022",
            "6d0ac85e-2456-4ad4-a346-998e0350b67e",
            "225ba2e3-d636-49e6-9c08-030ffa987969",
            "6e783a1c-ae2c-4a45-bc73-70589b07df48",
            "e92f83c6-adc6-46cd-9e78-fcc620b94af9",
            "fccc6f16-9ad5-4c84-bcc5-adbb6edc4c38",
            "5c34b423-f044-4616-87b5-74a83b546b49"
          ]
        }
      ],
      "Page": 1
    },
    {
      "BlockType": "LINE",
      "Confidence": 99.95417022705078,
      "Text": "Sample",
      "Geometry": {
        "BoundingBox": {
          "Width": 0.043878618627786636,
          "Height": 0.02006310597062111,
          "Left": 0.24076253175735474,
          "Top": 0.3426927328109741
        },
        "Polygon": [
          {
            "X": 0.24076253175735474,
            "Y": 0.34270474314689636
          },
          {
            "X": 0.284568190574646,
            "Y": 0.3426927328109741
          },
          {
            "X": 0.2846411466598511,
            "Y": 0.36274364590644836
          },
          {
            "X": 0.24083440005779266,
            "Y": 0.36275583505630493
          }
        ]
      },
      "Id": "1faf5671-f684-44de-906b-fc2537c99f75",
      "Relationships": [
        {
          "Type": "CHILD",
          "Ids": [
            "9e436d55-fe5e-4380-a9e7-f66aa47aa47e"
          ]
        }
      ],
      "Page": 1
    },
    {
      "BlockType": "LINE",
      "Confidence": 99.9190902709961,
      "Text": "Conductivity",
      "Geometry": {
        "BoundingBox": {
          "Width": 0.07678455114364624,
          "Height": 0.019855180755257607,
          "Left": 0.43302303552627563,
          "Top": 0.34278401732444763
        },
        "Polygon": [
          {
            "X": 0.43302303552627563,
            "Y": 0.34280502796173096
          },
          {
            "X": 0.50972980260849,
            "Y": 0.34278401732444763
          },
          {
            "X": 0.5098075866699219,
            "Y": 0.3626178503036499
          },
          {
            "X": 0.4330988824367523,
            "Y": 0.3626391887664795
          }
        ]
      },
      "Id": "29ee663b-bd45-4c05-a559-812daffc9cc2",
      "Relationships": [
        {
          "Type": "CHILD",
          "Ids": [
            "c1754b7e-6d96-4e51-9f05-f03961a708e9"
          ]
        }
      ],
      "Page": 1
    },
    {
      "BlockType": "LINE",
      "Confidence": 99.9461669921875,
      "Text": "Average conductivity",
      "Geometry": {
        "BoundingBox": {
          "Width": 0.12747520208358765,
          "Height": 0.020324012264609337,
          "Left": 0.6190303564071655,
          "Top": 0.34253668785095215
        },
        "Polygon": [
          {
            "X": 0.6190303564071655,
            "Y": 0.34257158637046814
          },
          {
            "X": 0.7464200258255005,
            "Y": 0.34253668785095215
          },
          {
            "X": 0.7465055584907532,
            "Y": 0.3628252446651459
          },
          {
            "X": 0.6191126704216003,
            "Y": 0.36286070942878723
          }
        ]
      },
      "Id": "e3719dd4-e713-4848-9176-ac9430ab2c64",
      "Relationships": [
        {
          "Type": "CHILD",
          "Ids": [
            "7e06b918-3b6d-44a3-90ff-47371e0bc83d",
            "b8d0c8a4-4e1a-47b7-8c7f-56d172ce0ec8"
          ]
        }
      ],
      "Page": 1
    },
    {
      "BlockType": "LINE",
      "Confidence": 99.75074768066406,
      "Text": "S/cm",
      "Geometry": {
        "BoundingBox": {
          "Width": 0.031313542276620865,
          "Height": 0.017457444220781326,
          "Left": 0.4329824447631836,
          "Top": 0.36922675371170044
        },
        "Polygon": [
          {
            "X": 0.4329824447631836,
            "Y": 0.36923548579216003
          },
          {
            "X": 0.4642285704612732,
            "Y": 0.36922675371170044
          },
          {
            "X": 0.46429598331451416,
            "Y": 0.38667532801628113
          },
          {
            "X": 0.43304917216300964,
            "Y": 0.3866841793060303
          }
        ]
      },
      "Id": "3ce2aad7-66df-4b2a-b1cc-f1c4ea3e6d46",
      "Relationships": [
        {
          "Type": "CHILD",
          "Ids": [
            "23ffbc30-3b19-477b-93fa-dfaec40c47ff"
          ]
        }
      ],
      "Page": 1
    },
    {
      "BlockType": "LINE",
      "Confidence": 99.6290054321289,
      "Text": "S/cm",
      "Geometry": {
        "BoundingBox": {
          "Width": 0.031143441796302795,
          "Height": 0.01721404865384102,
          "Left": 0.6193413734436035,
          "Top": 0.36978834867477417
        },
        "Polygon": [
          {
            "X": 0.6193413734436035,
            "Y": 0.3697970509529114
          },
          {
            "X": 0.6504143476486206,
            "Y": 0.36978834867477417
          },
          {
            "X": 0.6504848003387451,
            "Y": 0.3869936168193817
          },
          {
            "X": 0.6194111704826355,
            "Y": 0.3870024085044861
          }
        ]
      },
      "Id": "69de2d08-3e9a-4eee-8724-5f0374f4caa0",
      "Relationships": [
        {
          "Type": "CHILD",
          "Ids": [
            "9259a852-2132-4273-a2f0-39aed3916645"
          ]
        }
      ],
      "Page": 1
    },
    {
      "BlockType": "LINE",
      "Confidence": 99.79521942138672,
      "Text": "166.7",
      "Geometry": {
        "BoundingBox": {
          "Width": 0.0332629531621933,
          "Height": 0.015506235882639885,
          "Left": 0.4338769316673279,
          "Top": 0.41065680980682373
        },
        "Polygon": [
          {
            "X": 0.4338769316673279,
            "Y": 0.4106663763523102
          },
          {
            "X": 0.4670799672603607,
            "Y": 0.41065680980682373
          },
          {
            "X": 0.46713986992836,
            "Y": 0.42615339159965515
          },
          {
            "X": 0.433936208486557,
            "Y": 0.42616304755210876
          }
        ]
      },
      "Id": "4daf94c2-297a-4926-ae7c-daaaec29c559",
      "Relationships": [
        {
          "Type": "CHILD",
          "Ids": [
            "ce7e8a79-18f7-42bc-a648-88bc1e175a3c"
          ]
        }
      ],
      "Page": 1
    },
    {
      "BlockType": "LINE",
      "Confidence": 99.85355377197266,
      "Text": "163.9",
      "Geometry": {
        "BoundingBox": {
          "Width": 0.03325492516160011,
          "Height": 0.015442857518792152,
          "Left": 0.43390750885009766,
          "Top": 0.43726837635040283
        },
        "Polygon": [
          {
            "X": 0.43390750885009766,
            "Y": 0.4372781217098236
          },
          {
            "X": 0.4671027362346649,
            "Y": 0.43726837635040283
          },
          {
            "X": 0.46716243028640747,
            "Y": 0.4527013599872589
          },
          {
            "X": 0.4339665472507477,
            "Y": 0.45271122455596924
          }
        ]
      },
      "Id": "3fd95af2-e8a3-461c-bf11-7bbb367df3f5",
      "Relationships": [
        {
          "Type": "CHILD",
          "Ids": [
            "073405cb-fd46-453b-82da-27cf3ff04e5b"
          ]
        }
      ],
      "Page": 1
    },
    {
      "BlockType": "LINE",
      "Confidence": 99.87181854248047,
      "Text": "G",
      "Geometry": {
        "BoundingBox": {
          "Width": 0.009458879940211773,
          "Height": 0.015592840500175953,
          "Left": 0.24097643792629242,
          "Top": 0.4625915586948395
        },
        "Polygon": [
          {
            "X": 0.24097643792629242,
            "Y": 0.4625943601131439
          },
          {
            "X": 0.2503792643547058,
            "Y": 0.4625915586948395
          },
          {
            "X": 0.25043532252311707,
            "Y": 0.4781815707683563
          },
          {
            "X": 0.24103231728076935,
            "Y": 0.47818440198898315
          }
        ]
      },
      "Id": "507fafb4-8d10-4445-ac75-b534ae794284",
      "Relationships": [
        {
          "Type": "CHILD",
          "Ids": [
            "62a7a720-a87b-40fa-8cef-ea5862d2932b"
          ]
        }
      ],
      "Page": 1
    },
    {
      "BlockType": "LINE",
      "Confidence": 99.93745422363281,
      "Text": "163.9",
      "Geometry": {
        "BoundingBox": {
          "Width": 0.0332237184047699,
          "Height": 0.015279585495591164,
          "Left": 0.433933824300766,
          "Top": 0.4627492129802704
        },
        "Polygon": [
          {
            "X": 0.433933824300766,
            "Y": 0.4627591073513031
          },
          {
            "X": 0.46709850430488586,
            "Y": 0.4627492129802704
          },
          {
            "X": 0.4671575427055359,
            "Y": 0.47801876068115234
          },
          {
            "X": 0.4339922368526459,
            "Y": 0.4780287742614746
          }
        ]
      },
      "Id": "b6a57903-11fc-4463-83f7-0c2f1584dfe2",
      "Relationships": [
        {
          "Type": "CHILD",
          "Ids": [
            "f79541ac-078f-45c8-9606-79d4a61c0d54"
          ]
        }
      ],
      "Page": 1
    },
    {
      "BlockType": "LINE",
      "Confidence": 91.92466735839844,
      "Text": "163.9 + 1.7",
      "Geometry": {
        "BoundingBox": {
          "Width": 0.07072313129901886,
          "Height": 0.015355686657130718,
          "Left": 0.6200758814811707,
          "Top": 0.46261805295944214
        },
        "Polygon": [
          {
            "X": 0.6200758814811707,
            "Y": 0.4626391530036926
          },
          {
            "X": 0.6907354593276978,
            "Y": 0.46261805295944214
          },
          {
            "X": 0.6907990574836731,
            "Y": 0.47795239090919495
          },
          {
            "X": 0.6201381087303162,
            "Y": 0.47797372937202454
          }
        ]
      },
      "Id": "63dd4add-451a-4e42-8c19-e19b0eaa2447",
      "Relationships": [
        {
          "Type": "CHILD",
          "Ids": [
            "26addb4e-3dae-4726-85bc-a965424fe0f1",
            "715d6673-101f-4212-a5a5-18cc09ca7101",
            "ce43bb99-ba3e-486d-938d-b4469c36f1f9"
          ]
        }
      ],
      "Page": 1
    },
    {
      "BlockType": "LINE",
      "Confidence": 99.91812896728516,
      "Text": "161.3",
      "Geometry": {
        "BoundingBox": {
          "Width": 0.033282212913036346,
          "Height": 0.015182199887931347,
          "Left": 0.4338280260562897,
          "Top": 0.48925167322158813
        },
        "Polygon": [
          {
            "X": 0.4338280260562897,
            "Y": 0.48926177620887756
          },
          {
            "X": 0.46705156564712524,
            "Y": 0.48925167322158813
          },
          {
            "X": 0.4671102464199066,
            "Y": 0.5044236779212952
          },
          {
            "X": 0.4338860511779785,
            "Y": 0.5044338703155518
          }
        ]
      },
      "Id": "37300761-f43b-4375-9347-bb72c602956c",
      "Relationships": [
        {
          "Type": "CHILD",
          "Ids": [
            "31a8e117-b284-47d3-9f37-7cee2e67ae8a"
          ]
        }
      ],
      "Page": 1
    },
    {
      "BlockType": "LINE",
      "Confidence": 99.98335266113281,
      "Text": "163.9",
      "Geometry": {
        "BoundingBox": {
          "Width": 0.03376506641507149,
          "Height": 0.015277881175279617,
          "Left": 0.43374744057655334,
          "Top": 0.5158247351646423
        },
        "Polygon": [
          {
            "X": 0.43374744057655334,
            "Y": 0.5158352255821228
          },
          {
            "X": 0.4674534499645233,
            "Y": 0.5158247351646423
          },
          {
            "X": 0.46751248836517334,
            "Y": 0.53109210729599
          },
          {
            "X": 0.43380582332611084,
            "Y": 0.5311026573181152
          }
        ]
      },
      "Id": "f1cbef9f-15dc-4b4f-bedf-b28799845803",
      "Relationships": [
        {
          "Type": "CHILD",
          "Ids": [
            "6b1acca6-90f7-460f-89ca-aefd5892d236"
          ]
        }
      ],
      "Page": 1
    },
    {
      "BlockType": "LINE",
      "Confidence": 99.94562530517578,
      "Text": "3.0",
      "Geometry": {
        "BoundingBox": {
          "Width": 0.018154865130782127,
          "Height": 0.015403114259243011,
          "Left": 0.4487834870815277,
          "Top": 0.5422519445419312
        },
        "Polygon": [
          {
            "X": 0.4487834870815277,
            "Y": 0.5422576665878296
          },
          {
            "X": 0.46687883138656616,
            "Y": 0.5422519445419312
          },
          {
            "X": 0.4669383466243744,
            "Y": 0.5576493144035339
          },
          {
            "X": 0.4488426744937897,
            "Y": 0.5576550960540771
          }
        ]
      },
      "Id": "24f61ac9-8899-4ae0-b9e3-b0e48ac2fe06",
      "Relationships": [
        {
          "Type": "CHILD",
          "Ids": [
            "08d105d7-1556-43ac-a67e-14895be56315"
          ]
        }
      ],
      "Page": 1
    },
    {
      "BlockType": "LINE",
      "Confidence": 99.60062408447266,
      "Text": "3.1",
      "Geometry": {
        "BoundingBox": {
          "Width": 0.01696925237774849,
          "Height": 0.01524705532938242,
          "Left": 0.44866830110549927,
          "Top": 0.5687617659568787
        },
        "Polygon": [
          {
            "X": 0.44866830110549927,
            "Y": 0.5687671899795532
          },
          {
            "X": 0.46557867527008057,
            "Y": 0.5687617659568787
          },
          {
            "X": 0.46563756465911865,
            "Y": 0.5840033292770386
          },
          {
            "X": 0.4487268924713135,
            "Y": 0.5840088129043579
          }
        ]
      },
      "Id": "70bfe3ec-8113-4da8-b4b0-c0ffc3e55022",
      "Relationships": [
        {
          "Type": "CHILD",
          "Ids": [
            "c04d61af-c4a3-4616-94c0-6c59e9e2997c"
          ]
        }
      ],
      "Page": 1
    },
    {
      "BlockType": "LINE",
      "Confidence": 99.67169189453125,
      "Text": "G-SPANI-LDH",
      "Geometry": {
        "BoundingBox": {
          "Width": 0.08289577066898346,
          "Height": 0.015015286393463612,
          "Left": 0.24093987047672272,
          "Top": 0.5942615270614624
        },
        "Polygon": [
          {
            "X": 0.24093987047672272,
            "Y": 0.5942885279655457
          },
          {
            "X": 0.323780357837677,
            "Y": 0.5942615270614624
          },
          {
            "X": 0.3238356411457062,
            "Y": 0.6092495322227478
          },
          {
            "X": 0.24099357426166534,
            "Y": 0.6092768311500549
          }
        ]
      },
      "Id": "6d0ac85e-2456-4ad4-a346-998e0350b67e",
      "Relationships": [
        {
          "Type": "CHILD",
          "Ids": [
            "68ec5302-bbd3-4b63-9733-e2c513d3db1f"
          ]
        }
      ],
      "Page": 1
    },
    {
      "BlockType": "LINE",
      "Confidence": 99.6619873046875,
      "Text": "2.9",
      "Geometry": {
        "BoundingBox": {
          "Width": 0.01829054392874241,
          "Height": 0.01565321534872055,
          "Left": 0.4487088620662689,
          "Top": 0.5940452814102173
        },
        "Polygon": [
          {
            "X": 0.4487088620662689,
            "Y": 0.5940512418746948
          },
          {
            "X": 0.46693891286849976,
            "Y": 0.5940452814102173
          },
          {
            "X": 0.4669994115829468,
            "Y": 0.6096925139427185
          },
          {
            "X": 0.4487690031528473,
            "Y": 0.609698474407196
          }
        ]
      },
      "Id": "225ba2e3-d636-49e6-9c08-030ffa987969",
      "Relationships": [
        {
          "Type": "CHILD",
          "Ids": [
            "0a68c77b-d600-42e4-ad2f-0ccab63611a8"
          ]
        }
      ],
      "Page": 1
    },
    {
      "BlockType": "LINE",
      "Confidence": 94.14974212646484,
      "Text": "3.0 + 0.1",
      "Geometry": {
        "BoundingBox": {
          "Width": 0.055176738649606705,
          "Height": 0.015282806009054184,
          "Left": 0.6192700862884521,
          "Top": 0.594146192073822
        },
        "Polygon": [
          {
            "X": 0.6192700862884521,
            "Y": 0.5941641926765442
          },
          {
            "X": 0.674383819103241,
            "Y": 0.594146192073822
          },
          {
            "X": 0.6744468212127686,
            "Y": 0.6094108819961548
          },
          {
            "X": 0.619331955909729,
            "Y": 0.6094290018081665
          }
        ]
      },
      "Id": "6e783a1c-ae2c-4a45-bc73-70589b07df48",
      "Relationships": [
        {
          "Type": "CHILD",
          "Ids": [
            "2f34863b-c076-49c8-98a6-03cec5a04dd9",
            "4be44b07-6f63-439c-be14-435e50e25c0d",
            "f10aa3e6-5d09-488c-b473-ac2ea786401a"
          ]
        }
      ],
      "Page": 1
    },
    {
      "BlockType": "LINE",
      "Confidence": 99.94883728027344,
      "Text": "3.0",
      "Geometry": {
        "BoundingBox": {
          "Width": 0.01812923513352871,
          "Height": 0.01567673310637474,
          "Left": 0.44882214069366455,
          "Top": 0.620513379573822
        },
        "Polygon": [
          {
            "X": 0.44882214069366455,
            "Y": 0.6205193400382996
          },
          {
            "X": 0.466890811920166,
            "Y": 0.620513379573822
          },
          {
            "X": 0.4669513702392578,
            "Y": 0.63618403673172
          },
          {
            "X": 0.4488823711872101,
            "Y": 0.6361900568008423
          }
        ]
      },
      "Id": "e92f83c6-adc6-46cd-9e78-fcc620b94af9",
      "Relationships": [
        {
          "Type": "CHILD",
          "Ids": [
            "b4a7abbe-9de0-4465-a488-0e8d08c40e5a"
          ]
        }
      ],
      "Page": 1
    },
    {
      "BlockType": "LINE",
      "Confidence": 99.96427917480469,
      "Text": "3.0",
      "Geometry": {
        "BoundingBox": {
          "Width": 0.01835242472589016,
          "Height": 0.0157333817332983,
          "Left": 0.4487265646457672,
          "Top": 0.647006630897522
        },
        "Polygon": [
          {
            "X": 0.4487265646457672,
            "Y": 0.6470127701759338
          },
          {
            "X": 0.467018187046051,
            "Y": 0.647006630897522
          },
          {
            "X": 0.4670789837837219,
            "Y": 0.662733793258667
          },
          {
            "X": 0.44878700375556946,
            "Y": 0.6627399921417236
          }
        ]
      },
      "Id": "fccc6f16-9ad5-4c84-bcc5-adbb6edc4c38",
      "Relationships": [
        {
          "Type": "CHILD",
          "Ids": [
            "5dd76b94-1cec-4c99-88da-95b1b653dd57"
          ]
        }
      ],
      "Page": 1
    },
    {
      "BlockType": "WORD",
      "Confidence": 99.95417022705078,
      "Text": "Sample",
      "TextType": "PRINTED",
      "Geometry": {
        "BoundingBox": {
          "Width": 0.043878618627786636,
          "Height": 0.02006310597062111,
          "Left": 0.24076253175735474,
          "Top": 0.3426927328109741
        },
        "Polygon": [
          {
            "X": 0.24076253175735474,
            "Y": 0.34270474314689636
          },
          {
            "X": 0.284568190574646,
            "Y": 0.3426927328109741
          },
          {
            "X": 0.2846411466598511,
            "Y": 0.36274364590644836
          },
          {
            "X": 0.24083440005779266,
            "Y": 0.36275583505630493
          }
        ]
      },
      "Id": "9e436d55-fe5e-4380-a9e7-f66aa47aa47e",
      "Page": 1
    },
    {
      "BlockType": "WORD",
      "Confidence": 99.9190902709961,
      "Text": "Conductivity",
      "TextType": "PRINTED",
      "Geometry": {
        "BoundingBox": {
          "Width": 0.07678455114364624,
          "Height": 0.019855180755257607,
          "Left": 0.43302303552627563,
          "Top": 0.34278401732444763
        },
        "Polygon": [
          {
            "X": 0.43302303552627563,
            "Y": 0.34280502796173096
          },
          {
            "X": 0.50972980260849,
            "Y": 0.34278401732444763
          },
          {
            "X": 0.5098075866699219,
            "Y": 0.3626178503036499
          },
          {
            "X": 0.4330988824367523,
            "Y": 0.3626391887664795
          }
        ]
      },
      "Id": "c1754b7e-6d96-4e51-9f05-f03961a708e9",
      "Page": 1
    },
    {
      "BlockType": "WORD",
      "Confidence": 99.97964477539062,
      "Text": "Average",
      "TextType": "PRINTED",
      "Geometry": {
        "BoundingBox": {
          "Width": 0.0488286055624485,
          "Height": 0.019313093274831772,
          "Left": 0.6190341711044312,
          "Top": 0.34349173307418823
        },
        "Polygon": [
          {
            "X": 0.6190341711044312,
            "Y": 0.3435050845146179
          },
          {
            "X": 0.6677833199501038,
            "Y": 0.34349173307418823
          },
          {
            "X": 0.6678627729415894,
            "Y": 0.3627912402153015
          },
          {
            "X": 0.619112491607666,
            "Y": 0.3628048002719879
          }
        ]
      },
      "Id": "7e06b918-3b6d-44a3-90ff-47371e0bc83d",
      "Page": 1
    },
    {
      "BlockType": "WORD",
      "Confidence": 99.91268157958984,
      "Text": "conductivity",
      "TextType": "PRINTED",
      "Geometry": {
        "BoundingBox": {
          "Width": 0.07429302483797073,
          "Height": 0.020309217274188995,
          "Left": 0.672212541103363,
          "Top": 0.34253668785095215
        },
        "Polygon": [
          {
            "X": 0.672212541103363,
            "Y": 0.34255701303482056
          },
          {
            "X": 0.7464200258255005,
            "Y": 0.34253668785095215
          },
          {
            "X": 0.7465055584907532,
            "Y": 0.3628252446651459
          },
          {
            "X": 0.6722962260246277,
            "Y": 0.36284589767456055
          }
        ]
      },
      "Id": "b8d0c8a4-4e1a-47b7-8c7f-56d172ce0ec8",
      "Page": 1
    },
    {
      "BlockType": "WORD",
      "Confidence": 99.75074768066406,
      "Text": "S/cm",
      "TextType": "PRINTED",
      "Geometry": {
        "BoundingBox": {
          "Width": 0.031313542276620865,
          "Height": 0.017457444220781326,
          "Left": 0.4329824447631836,
          "Top": 0.36922675371170044
        },
        "Polygon": [
          {
            "X": 0.4329824447631836,
            "Y": 0.36923548579216003
          },
          {
            "X": 0.4642285704612732,
            "Y": 0.36922675371170044
          },
          {
            "X": 0.46429598331451416,
            "Y": 0.38667532801628113
          },
          {
            "X": 0.43304917216300964,
            "Y": 0.3866841793060303
          }
        ]
      },
      "Id": "23ffbc30-3b19-477b-93fa-dfaec40c47ff",
      "Page": 1
    },
    {
      "BlockType": "WORD",
      "Confidence": 99.6290054321289,
      "Text": "S/cm",
      "TextType": "PRINTED",
      "Geometry": {
        "BoundingBox": {
          "Width": 0.031143441796302795,
          "Height": 0.01721404865384102,
          "Left": 0.6193413734436035,
          "Top": 0.36978834867477417
        },
        "Polygon": [
          {
            "X": 0.6193413734436035,
            "Y": 0.3697970509529114
          },
          {
            "X": 0.6504143476486206,
            "Y": 0.36978834867477417
          },
          {
            "X": 0.6504848003387451,
            "Y": 0.3869936168193817
          },
          {
            "X": 0.6194111704826355,
            "Y": 0.3870024085044861
          }
        ]
      },
      "Id": "9259a852-2132-4273-a2f0-39aed3916645",
      "Page": 1
    },
    {
      "BlockType": "WORD",
      "Confidence": 99.79521942138672,
      "Text": "166.7",
      "TextType": "PRINTED",
      "Geometry": {
        "BoundingBox": {
          "Width": 0.0332629531621933,
          "Height": 0.015506235882639885,
          "Left": 0.4338769316673279,
          "Top": 0.41065680980682373
        },
        "Polygon": [
          {
            "X": 0.4338769316673279,
            "Y": 0.4106663763523102
          },
          {
            "X": 0.4670799672603607,
            "Y": 0.41065680980682373
          },
          {
            "X": 0.46713986992836,
            "Y": 0.42615339159965515
          },
          {
            "X": 0.433936208486557,
            "Y": 0.42616304755210876
          }
        ]
      },
      "Id": "ce7e8a79-18f7-42bc-a648-88bc1e175a3c",
      "Page": 1
    },
    {
      "BlockType": "WORD",
      "Confidence": 99.85355377197266,
      "Text": "163.9",
      "TextType": "PRINTED",
      "Geometry": {
        "BoundingBox": {
          "Width": 0.03325492516160011,
          "Height": 0.015442857518792152,
          "Left": 0.43390750885009766,
          "Top": 0.43726837635040283
        },
        "Polygon": [
          {
            "X": 0.43390750885009766,
            "Y": 0.4372781217098236
          },
          {
            "X": 0.4671027362346649,
            "Y": 0.43726837635040283
          },
          {
            "X": 0.46716243028640747,
            "Y": 0.4527013599872589
          },
          {
            "X": 0.4339665472507477,
            "Y": 0.45271122455596924
          }
        ]
      },
      "Id": "073405cb-fd46-453b-82da-27cf3ff04e5b",
      "Page": 1
    },
    {
      "BlockType": "WORD",
      "Confidence": 99.87181854248047,
      "Text": "G",
      "TextType": "PRINTED",
      "Geometry": {
        "BoundingBox": {
          "Width": 0.009458879940211773,
          "Height": 0.015592840500175953,
          "Left": 0.24097643792629242,
          "Top": 0.4625915586948395
        },
        "Polygon": [
          {
            "X": 0.24097643792629242,
            "Y": 0.4625943601131439
          },
          {
            "X": 0.2503792643547058,
            "Y": 0.4625915586948395
          },
          {
            "X": 0.25043532252311707,
            "Y": 0.4781815707683563
          },
          {
            "X": 0.24103231728076935,
            "Y": 0.47818440198898315
          }
        ]
      },
      "Id": "62a7a720-a87b-40fa-8cef-ea5862d2932b",
      "Page": 1
    },
    {
      "BlockType": "WORD",
      "Confidence": 99.93745422363281,
      "Text": "163.9",
      "TextType": "PRINTED",
      "Geometry": {
        "BoundingBox": {
          "Width": 0.0332237184047699,
          "Height": 0.015279585495591164,
          "Left": 0.433933824300766,
          "Top": 0.4627492129802704
        },
        "Polygon": [
          {
            "X": 0.433933824300766,
            "Y": 0.4627591073513031
          },
          {
            "X": 0.46709850430488586,
            "Y": 0.4627492129802704
          },
          {
            "X": 0.4671575427055359,
            "Y": 0.47801876068115234
          },
          {
            "X": 0.4339922368526459,
            "Y": 0.4780287742614746
          }
        ]
      },
      "Id": "f79541ac-078f-45c8-9606-79d4a61c0d54",
      "Page": 1
    },
    {
      "BlockType": "WORD",
      "Confidence": 99.96834564208984,
      "Text": "163.9",
      "TextType": "PRINTED",
      "Geometry": {
        "BoundingBox": {
          "Width": 0.033426545560359955,
          "Height": 0.015283705666661263,
          "Left": 0.6200761795043945,
          "Top": 0.4626900255680084
        },
        "Polygon": [
          {
            "X": 0.6200761795043945,
            "Y": 0.4627000093460083
          },
          {
            "X": 0.6534400582313538,
            "Y": 0.4626900255680084
          },
          {
            "X": 0.6535027027130127,
            "Y": 0.4779636561870575
          },
          {
            "X": 0.6201381087303162,
            "Y": 0.47797372937202454
          }
        ]
      },
      "Id": "26addb4e-3dae-4726-85bc-a965424fe0f1",
      "Page": 1
    },
    {
      "BlockType": "WORD",
      "Confidence": 75.97916412353516,
      "Text": "+",
      "TextType": "PRINTED",
      "Geometry": {
        "BoundingBox": {
          "Width": 0.009746766649186611,
          "Height": 0.01382372435182333,
          "Left": 0.6579485535621643,
          "Top": 0.4635998606681824
        },
        "Polygon": [
          {
            "X": 0.6579485535621643,
            "Y": 0.463602751493454
          },
          {
            "X": 0.6676384210586548,
            "Y": 0.4635998606681824
          },
          {
            "X": 0.6676953434944153,
            "Y": 0.4774206578731537
          },
          {
            "X": 0.6580052971839905,
            "Y": 0.4774235785007477
          }
        ]
      },
      "Id": "715d6673-101f-4212-a5a5-18cc09ca7101",
      "Page": 1
    },
    {
      "BlockType": "WORD",
      "Confidence": 99.82649993896484,
      "Text": "1.7",
      "TextType": "PRINTED",
      "Geometry": {
        "BoundingBox": {
          "Width": 0.018575485795736313,
          "Height": 0.015335132367908955,
          "Left": 0.6722235083580017,
          "Top": 0.46261805295944214
        },
        "Polygon": [
          {
            "X": 0.6722235083580017,
            "Y": 0.46262356638908386
          },
          {
            "X": 0.6907354593276978,
            "Y": 0.46261805295944214
          },
          {
            "X": 0.6907989978790283,
            "Y": 0.4779475927352905
          },
          {
            "X": 0.6722867488861084,
            "Y": 0.477953165769577
          }
        ]
      },
      "Id": "ce43bb99-ba3e-486d-938d-b4469c36f1f9",
      "Page": 1
    },
    {
      "BlockType": "WORD",
      "Confidence": 99.91812896728516,
      "Text": "161.3",
      "TextType": "PRINTED",
      "Geometry": {
        "BoundingBox": {
          "Width": 0.033282212913036346,
          "Height": 0.015182199887931347,
          "Left": 0.4338280260562897,
          "Top": 0.48925167322158813
        },
        "Polygon": [
          {
            "X": 0.4338280260562897,
            "Y": 0.48926177620887756
          },
          {
            "X": 0.46705156564712524,
            "Y": 0.48925167322158813
          },
          {
            "X": 0.4671102464199066,
            "Y": 0.5044236779212952
          },
          {
            "X": 0.4338860511779785,
            "Y": 0.5044338703155518
          }
        ]
      },
      "Id": "31a8e117-b284-47d3-9f37-7cee2e67ae8a",
      "Page": 1
    },
    {
      "BlockType": "WORD",
      "Confidence": 99.98335266113281,
      "Text": "163.9",
      "TextType": "PRINTED",
      "Geometry": {
        "BoundingBox": {
          "Width": 0.03376506641507149,
          "Height": 0.015277881175279617,
          "Left": 0.43374744057655334,
          "Top": 0.5158247351646423
        },
        "Polygon": [
          {
            "X": 0.43374744057655334,
            "Y": 0.5158352255821228
          },
          {
            "X": 0.4674534499645233,
            "Y": 0.5158247351646423
          },
          {
            "X": 0.46751248836517334,
            "Y": 0.53109210729599
          },
          {
            "X": 0.43380582332611084,
            "Y": 0.5311026573181152
          }
        ]
      },
      "Id": "6b1acca6-90f7-460f-89ca-aefd5892d236",
      "Page": 1
    },
    {
      "BlockType": "WORD",
      "Confidence": 99.94562530517578,
      "Text": "3.0",
      "TextType": "PRINTED",
      "Geometry": {
        "BoundingBox": {
          "Width": 0.018154865130782127,
          "Height": 0.015403114259243011,
          "Left": 0.4487834870815277,
          "Top": 0.5422519445419312
        },
        "Polygon": [
          {
            "X": 0.4487834870815277,
            "Y": 0.5422576665878296
          },
          {
            "X": 0.46687883138656616,
            "Y": 0.5422519445419312
          },
          {
            "X": 0.4669383466243744,
            "Y": 0.5576493144035339
          },
          {
            "X": 0.4488426744937897,
            "Y": 0.5576550960540771
          }
        ]
      },
      "Id": "08d105d7-1556-43ac-a67e-14895be56315",
      "Page": 1
    },
    {
      "BlockType": "WORD",
      "Confidence": 99.60062408447266,
      "Text": "3.1",
      "TextType": "PRINTED",
      "Geometry": {
        "BoundingBox": {
          "Width": 0.01696925237774849,
          "Height": 0.01524705532938242,
          "Left": 0.44866830110549927,
          "Top": 0.5687617659568787
        },
        "Polygon": [
          {
            "X": 0.44866830110549927,
            "Y": 0.5687671899795532
          },
          {
            "X": 0.46557867527008057,
            "Y": 0.5687617659568787
          },
          {
            "X": 0.46563756465911865,
            "Y": 0.5840033292770386
          },
          {
            "X": 0.4487268924713135,
            "Y": 0.5840088129043579
          }
        ]
      },
      "Id": "c04d61af-c4a3-4616-94c0-6c59e9e2997c",
      "Page": 1
    },
    {
      "BlockType": "WORD",
      "Confidence": 99.67169189453125,
      "Text": "G-SPANI-LDH",
      "TextType": "PRINTED",
      "Geometry": {
        "BoundingBox": {
          "Width": 0.08289577066898346,
          "Height": 0.015015286393463612,
          "Left": 0.24093987047672272,
          "Top": 0.5942615270614624
        },
        "Polygon": [
          {
            "X": 0.24093987047672272,
            "Y": 0.5942885279655457
          },
          {
            "X": 0.323780357837677,
            "Y": 0.5942615270614624
          },
          {
            "X": 0.3238356411457062,
            "Y": 0.6092495322227478
          },
          {
            "X": 0.24099357426166534,
            "Y": 0.6092768311500549
          }
        ]
      },
      "Id": "68ec5302-bbd3-4b63-9733-e2c513d3db1f",
      "Page": 1
    },
    {
      "BlockType": "WORD",
      "Confidence": 99.6619873046875,
      "Text": "2.9",
      "TextType": "PRINTED",
      "Geometry": {
        "BoundingBox": {
          "Width": 0.01829054392874241,
          "Height": 0.01565321534872055,
          "Left": 0.4487088620662689,
          "Top": 0.5940452814102173
        },
        "Polygon": [
          {
            "X": 0.4487088620662689,
            "Y": 0.5940512418746948
          },
          {
            "X": 0.46693891286849976,
            "Y": 0.5940452814102173
          },
          {
            "X": 0.4669994115829468,
            "Y": 0.6096925139427185
          },
          {
            "X": 0.4487690031528473,
            "Y": 0.609698474407196
          }
        ]
      },
      "Id": "0a68c77b-d600-42e4-ad2f-0ccab63611a8",
      "Page": 1
    },
    {
      "BlockType": "WORD",
      "Confidence": 99.94528198242188,
      "Text": "3.0",
      "TextType": "PRINTED",
      "Geometry": {
        "BoundingBox": {
          "Width": 0.018766239285469055,
          "Height": 0.014937610365450382,
          "Left": 0.6192713975906372,
          "Top": 0.5944914221763611
        },
        "Polygon": [
          {
            "X": 0.6192713975906372,
            "Y": 0.5944975018501282
          },
          {
            "X": 0.6379767656326294,
            "Y": 0.5944914221763611
          },
          {
            "X": 0.6380376815795898,
            "Y": 0.6094228625297546
          },
          {
            "X": 0.619331955909729,
            "Y": 0.6094290018081665
          }
        ]
      },
      "Id": "2f34863b-c076-49c8-98a6-03cec5a04dd9",
      "Page": 1
    },
    {
      "BlockType": "WORD",
      "Confidence": 96.54312133789062,
      "Text": "+",
      "TextType": "PRINTED",
      "Geometry": {
        "BoundingBox": {
          "Width": 0.009978014044463634,
          "Height": 0.014133285731077194,
          "Left": 0.6425278186798096,
          "Top": 0.5950174927711487
        },
        "Polygon": [
          {
            "X": 0.6425278186798096,
            "Y": 0.5950207114219666
          },
          {
            "X": 0.6524479389190674,
            "Y": 0.5950174927711487
          },
          {
            "X": 0.6525058150291443,
            "Y": 0.6091474890708923
          },
          {
            "X": 0.6425855159759521,
            "Y": 0.609150767326355
          }
        ]
      },
      "Id": "4be44b07-6f63-439c-be14-435e50e25c0d",
      "Page": 1
    },
    {
      "BlockType": "WORD",
      "Confidence": 85.9608154296875,
      "Text": "0.1",
      "TextType": "PRINTED",
      "Geometry": {
        "BoundingBox": {
          "Width": 0.017619362100958824,
          "Height": 0.01515139825642109,
          "Left": 0.6568269729614258,
          "Top": 0.594146192073822
        },
        "Polygon": [
          {
            "X": 0.6568269729614258,
            "Y": 0.5941519141197205
          },
          {
            "X": 0.674383819103241,
            "Y": 0.594146192073822
          },
          {
            "X": 0.6744463443756104,
            "Y": 0.6092918515205383
          },
          {
            "X": 0.6568890810012817,
            "Y": 0.6092976331710815
          }
        ]
      },
      "Id": "f10aa3e6-5d09-488c-b473-ac2ea786401a",
      "Page": 1
    },
    {
      "BlockType": "WORD",
      "Confidence": 99.94883728027344,
      "Text": "3.0",
      "TextType": "PRINTED",
      "Geometry": {
        "BoundingBox": {
          "Width": 0.01812923513352871,
          "Height": 0.01567673310637474,
          "Left": 0.44882214069366455,
          "Top": 0.620513379573822
        },
        "Polygon": [
          {
            "X": 0.44882214069366455,
            "Y": 0.6205193400382996
          },
          {
            "X": 0.466890811920166,
            "Y": 0.620513379573822
          },
          {
            "X": 0.4669513702392578,
            "Y": 0.63618403673172
          },
          {
            "X": 0.4488823711872101,
            "Y": 0.6361900568008423
          }
        ]
      },
      "Id": "b4a7abbe-9de0-4465-a488-0e8d08c40e5a",
      "Page": 1
    },
    {
      "BlockType": "WORD",
      "Confidence": 99.96427917480469,
      "Text": "3.0",
      "TextType": "PRINTED",
      "Geometry": {
        "BoundingBox": {
          "Width": 0.01835242472589016,
          "Height": 0.0157333817332983,
          "Left": 0.4487265646457672,
          "Top": 0.647006630897522
        },
        "Polygon": [
          {
            "X": 0.4487265646457672,
            "Y": 0.6470127701759338
          },
          {
            "X": 0.467018187046051,
            "Y": 0.647006630897522
          },
          {
            "X": 0.4670789837837219,
            "Y": 0.662733793258667
          },
          {
            "X": 0.44878700375556946,
            "Y": 0.6627399921417236
          }
        ]
      },
      "Id": "5dd76b94-1cec-4c99-88da-95b1b653dd57",
      "Page": 1
    },
    {
      "BlockType": "TABLE",
      "Confidence": 99.8046875,
      "Geometry": {
        "BoundingBox": {
          "Width": 0.5450581312179565,
          "Height": 0.3361089825630188,
          "Left": 0.22704985737800598,
          "Top": 0.332489550113678
        },
        "Polygon": [
          {
            "X": 0.22704985737800598,
            "Y": 0.33263736963272095
          },
          {
            "X": 0.7706814408302307,
            "Y": 0.332489550113678
          },
          {
            "X": 0.7721080183982849,
            "Y": 0.6684128046035767
          },
          {
            "X": 0.22824840247631073,
            "Y": 0.6685985326766968
          }
        ]
      },
      "Id": "5c34b423-f044-4616-87b5-74a83b546b49",
      "Relationships": [
        {
          "Type": "CHILD",
          "Ids": [
            "beb19ef1-078e-49cd-a60c-599427c4bcf3",
            "83a2fce1-3d58-49e1-97dc-ae00ad0dfe45",
            "1b89335b-d555-45e4-86d8-1b541a59ae6e",
            "5d4503c4-d4cf-497c-89bf-518d3c3e481b",
            "a79ea538-8965-4fa5-8603-374b1458ad39",
            "ef576088-9295-479c-9069-78226961af07",
            "fdcecb11-494f-4d58-bb53-fa3ed3c1f6b4",
            "61a405c1-a694-4588-a52c-05c2b2acc468",
            "b5450519-4212-4774-8a74-bed836b1149d",
            "b3864be8-5e5a-46c0-9d13-f7658435dee4",
            "6b987a89-2d5c-4b6b-b19b-e436f4748ed0",
            "d0605f88-c711-489a-850c-016917bdbea6",
            "1eab31e9-4975-4669-8949-d5eb29a584bc",
            "8f5d0674-4660-4e77-97cc-50986ecc2edf",
            "dfe107ce-392b-4dc5-99fd-c142827ac525",
            "83b8b31f-7d6a-4cba-8d9e-4d47d197d11d",
            "5f576110-936e-4977-b6ea-ba8a1e0c02de",
            "8ec1c791-da3f-4807-9084-34d8620d037f",
            "c67cd310-cbce-4b67-9d23-4740f69a49d5",
            "2373649d-cbb8-4c3a-8873-be82bea799a1",
            "a0515ebb-6250-451e-b1d2-0362331433b4",
            "a7eb7800-483d-4018-a317-c0323d6796ab",
            "8b794c70-3ed5-43d9-840a-e6bbfef325b6",
            "0166346a-8cae-4501-a3ec-151779b6d961",
            "a691f457-940c-4073-9114-aab208186bb1",
            "9a4fa0c9-44ae-4a9a-8a9c-f153fe4efffc",
            "31e3ad22-c180-4267-a4d8-df29e2287d8f",
            "81a65d74-ea73-4c02-902c-438a6c081d87",
            "ec06e4e3-d361-4098-b30a-1b5420dae15d",
            "da70445b-9bc2-4684-98e5-38f2dd3a54ea",
            "309fc5fd-ed9d-4580-b5b3-fde60a6b8c8e",
            "918b674e-b762-46c9-806e-9640e41ff99f",
            "ff08d206-0849-4f03-af2a-a4807ad1e628"
          ]
        },
        {
          "Type": "MERGED_CELL",
          "Ids": [
            "f6872c4b-2e02-45cc-8db8-a2dc02707d9b"
          ]
        }
      ],
      "EntityTypes": [
        "STRUCTURED_TABLE"
      ],
      "Page": 1
    },
    {
      "BlockType": "CELL",
      "Confidence": 87.59765625,
      "RowIndex": 1,
      "ColumnIndex": 1,
      "RowSpan": 1,
      "ColumnSpan": 1,
      "Geometry": {
        "BoundingBox": {
          "Width": 0.1486760675907135,
          "Height": 0.0656980574131012,
          "Left": 0.22704985737800598,
          "Top": 0.332597017288208
        },
        "Polygon": [
          {
            "X": 0.22704985737800598,
            "Y": 0.33263736963272095
          },
          {
            "X": 0.375479519367218,
            "Y": 0.332597017288208
          },
          {
            "X": 0.3757259249687195,
            "Y": 0.3982526957988739
          },
          {
            "X": 0.22728408873081207,
            "Y": 0.3982950747013092
          }
        ]
      },
      "Id": "beb19ef1-078e-49cd-a60c-599427c4bcf3",
      "Relationships": [
        {
          "Type": "CHILD",
          "Ids": [
            "9e436d55-fe5e-4380-a9e7-f66aa47aa47e"
          ]
        }
      ],
      "EntityTypes": [
        "COLUMN_HEADER"
      ],
      "Page": 1
    },
    {
      "BlockType": "CELL",
      "Confidence": 89.404296875,
      "RowIndex": 1,
      "ColumnIndex": 2,
      "RowSpan": 1,
      "ColumnSpan": 1,
      "Geometry": {
        "BoundingBox": {
          "Width": 0.19304460287094116,
          "Height": 0.06570809334516525,
          "Left": 0.375479519367218,
          "Top": 0.33254459500312805
        },
        "Polygon": [
          {
            "X": 0.375479519367218,
            "Y": 0.332597017288208
          },
          {
            "X": 0.5682619214057922,
            "Y": 0.33254459500312805
          },
          {
            "X": 0.5685241222381592,
            "Y": 0.39819765090942383
          },
          {
            "X": 0.3757259249687195,
            "Y": 0.3982526957988739
          }
        ]
      },
      "Id": "83a2fce1-3d58-49e1-97dc-ae00ad0dfe45",
      "Relationships": [
        {
          "Type": "CHILD",
          "Ids": [
            "c1754b7e-6d96-4e51-9f05-f03961a708e9",
            "23ffbc30-3b19-477b-93fa-dfaec40c47ff"
          ]
        }
      ],
      "EntityTypes": [
        "COLUMN_HEADER"
      ],
      "Page": 1
    },
    {
      "BlockType": "CELL",
      "Confidence": 89.94140625,
      "RowIndex": 1,
      "ColumnIndex": 3,
      "RowSpan": 1,
      "ColumnSpan": 1,
      "Geometry": {
        "BoundingBox": {
          "Width": 0.20269830524921417,
          "Height": 0.06570808589458466,
          "Left": 0.5682619214057922,
          "Top": 0.332489550113678
        },
        "Polygon": [
          {
            "X": 0.5682619214057922,
            "Y": 0.33254459500312805
          },
          {
            "X": 0.7706814408302307,
            "Y": 0.332489550113678
          },
          {
            "X": 0.7709602117538452,
            "Y": 0.3981398344039917
          },
          {
            "X": 0.5685241222381592,
            "Y": 0.39819765090942383
          }
        ]
      },
      "Id": "1b89335b-d555-45e4-86d8-1b541a59ae6e",
      "Relationships": [
        {
          "Type": "CHILD",
          "Ids": [
            "7e06b918-3b6d-44a3-90ff-47371e0bc83d",
            "b8d0c8a4-4e1a-47b7-8c7f-56d172ce0ec8",
            "9259a852-2132-4273-a2f0-39aed3916645"
          ]
        }
      ],
      "EntityTypes": [
        "COLUMN_HEADER"
      ],
      "Page": 1
    },
    {
      "BlockType": "CELL",
      "Confidence": 75.341796875,
      "RowIndex": 2,
      "ColumnIndex": 1,
      "RowSpan": 1,
      "ColumnSpan": 1,
      "Geometry": {
        "BoundingBox": {
          "Width": 0.1485666185617447,
          "Height": 0.03329269960522652,
          "Left": 0.22728408873081207,
          "Top": 0.3982526957988739
        },
        "Polygon": [
          {
            "X": 0.22728408873081207,
            "Y": 0.3982950747013092
          },
          {
            "X": 0.3757259249687195,
            "Y": 0.3982526957988739
          },
          {
            "X": 0.37585070729255676,
            "Y": 0.43150198459625244
          },
          {
            "X": 0.2274027168750763,
            "Y": 0.4315453767776489
          }
        ]
      },
      "Id": "5d4503c4-d4cf-497c-89bf-518d3c3e481b",
      "Page": 1
    },
    {
      "BlockType": "CELL",
      "Confidence": 76.904296875,
      "RowIndex": 2,
      "ColumnIndex": 2,
      "RowSpan": 1,
      "ColumnSpan": 1,
      "Geometry": {
        "BoundingBox": {
          "Width": 0.19293099641799927,
          "Height": 0.03330433741211891,
          "Left": 0.3757259249687195,
          "Top": 0.39819765090942383
        },
        "Polygon": [
          {
            "X": 0.3757259249687195,
            "Y": 0.3982526957988739
          },
          {
            "X": 0.5685241222381592,
            "Y": 0.39819765090942383
          },
          {
            "X": 0.5686569213867188,
            "Y": 0.4314455986022949
          },
          {
            "X": 0.37585070729255676,
            "Y": 0.43150198459625244
          }
        ]
      },
      "Id": "a79ea538-8965-4fa5-8603-374b1458ad39",
      "Relationships": [
        {
          "Type": "CHILD",
          "Ids": [
            "ce7e8a79-18f7-42bc-a648-88bc1e175a3c"
          ]
        }
      ],
      "Page": 1
    },
    {
      "BlockType": "CELL",
      "Confidence": 77.34375,
      "RowIndex": 2,
      "ColumnIndex": 3,
      "RowSpan": 1,
      "ColumnSpan": 1,
      "Geometry": {
        "BoundingBox": {
          "Width": 0.20257729291915894,
          "Height": 0.033305760473012924,
          "Left": 0.5685241222381592,
          "Top": 0.3981398344039917
        },
        "Polygon": [
          {
            "X": 0.5685241222381592,
            "Y": 0.39819765090942383
          },
          {
            "X": 0.7709602117538452,
            "Y": 0.3981398344039917
          },
          {
            "X": 0.7711014151573181,
            "Y": 0.43138641119003296
          },
          {
            "X": 0.5686569213867188,
            "Y": 0.4314455986022949
          }
        ]
      },
      "Id": "ef576088-9295-479c-9069-78226961af07",
      "Page": 1
    },
    {
      "BlockType": "CELL",
      "Confidence": 70.8984375,
      "RowIndex": 3,
      "ColumnIndex": 1,
      "RowSpan": 1,
      "ColumnSpan": 1,
      "Geometry": {
        "BoundingBox": {
          "Width": 0.14854367077350616,
          "Height": 0.025537187233567238,
          "Left": 0.2274027168750763,
          "Top": 0.43150198459625244
        },
        "Polygon": [
          {
            "X": 0.2274027168750763,
            "Y": 0.4315453767776489
          },
          {
            "X": 0.37585070729255676,
            "Y": 0.43150198459625244
          },
          {
            "X": 0.37594637274742126,
            "Y": 0.4569949805736542
          },
          {
            "X": 0.22749365866184235,
            "Y": 0.4570391774177551
          }
        ]
      },
      "Id": "fdcecb11-494f-4d58-bb53-fa3ed3c1f6b4",
      "Page": 1
    },
    {
      "BlockType": "CELL",
      "Confidence": 72.36328125,
      "RowIndex": 3,
      "ColumnIndex": 2,
      "RowSpan": 1,
      "ColumnSpan": 1,
      "Geometry": {
        "BoundingBox": {
          "Width": 0.19290801882743835,
          "Height": 0.025549372658133507,
          "Left": 0.37585070729255676,
          "Top": 0.4314455986022949
        },
        "Polygon": [
          {
            "X": 0.37585070729255676,
            "Y": 0.43150198459625244
          },
          {
            "X": 0.5686569213867188,
            "Y": 0.4314455986022949
          },
          {
            "X": 0.5687587261199951,
            "Y": 0.4569375813007355
          },
          {
            "X": 0.37594637274742126,
            "Y": 0.4569949805736542
          }
        ]
      },
      "Id": "61a405c1-a694-4588-a52c-05c2b2acc468",
      "Relationships": [
        {
          "Type": "CHILD",
          "Ids": [
            "073405cb-fd46-453b-82da-27cf3ff04e5b"
          ]
        }
      ],
      "Page": 1
    },
    {
      "BlockType": "CELL",
      "Confidence": 72.75390625,
      "RowIndex": 3,
      "ColumnIndex": 3,
      "RowSpan": 1,
      "ColumnSpan": 1,
      "Geometry": {
        "BoundingBox": {
          "Width": 0.20255275070667267,
          "Height": 0.025551170110702515,
          "Left": 0.5686569213867188,
          "Top": 0.43138641119003296
        },
        "Polygon": [
          {
            "X": 0.5686569213867188,
            "Y": 0.4314455986022949
          },
          {
            "X": 0.7711014151573181,
            "Y": 0.43138641119003296
          },
          {
            "X": 0.7712096571922302,
            "Y": 0.45687732100486755
          },
          {
            "X": 0.5687587261199951,
            "Y": 0.4569375813007355
          }
        ]
      },
      "Id": "b5450519-4212-4774-8a74-bed836b1149d",
      "Page": 1
    },
    {
      "BlockType": "CELL",
      "Confidence": 74.951171875,
      "RowIndex": 4,
      "ColumnIndex": 1,
      "RowSpan": 1,
      "ColumnSpan": 1,
      "Geometry": {
        "BoundingBox": {
          "Width": 0.1485525667667389,
          "Height": 0.026648130267858505,
          "Left": 0.22749365866184235,
          "Top": 0.4569949805736542
        },
        "Polygon": [
          {
            "X": 0.22749365866184235,
            "Y": 0.4570391774177551
          },
          {
            "X": 0.37594637274742126,
            "Y": 0.4569949805736542
          },
          {
            "X": 0.37604621052742004,
            "Y": 0.48359808325767517
          },
          {
            "X": 0.22758857905864716,
            "Y": 0.483643114566803
          }
        ]
      },
      "Id": "b3864be8-5e5a-46c0-9d13-f7658435dee4",
      "Relationships": [
        {
          "Type": "CHILD",
          "Ids": [
            "62a7a720-a87b-40fa-8cef-ea5862d2932b"
          ]
        }
      ],
      "Page": 1
    },
    {
      "BlockType": "CELL",
      "Confidence": 76.513671875,
      "RowIndex": 4,
      "ColumnIndex": 2,
      "RowSpan": 1,
      "ColumnSpan": 1,
      "Geometry": {
        "BoundingBox": {
          "Width": 0.1929185837507248,
          "Height": 0.026660514995455742,
          "Left": 0.37594637274742126,
          "Top": 0.4569375813007355
        },
        "Polygon": [
          {
            "X": 0.37594637274742126,
            "Y": 0.4569949805736542
          },
          {
            "X": 0.5687587261199951,
            "Y": 0.4569375813007355
          },
          {
            "X": 0.5688649415969849,
            "Y": 0.4835396409034729
          },
          {
            "X": 0.37604621052742004,
            "Y": 0.48359808325767517
          }
        ]
      },
      "Id": "6b987a89-2d5c-4b6b-b19b-e436f4748ed0",
      "Relationships": [
        {
          "Type": "CHILD",
          "Ids": [
            "f79541ac-078f-45c8-9606-79d4a61c0d54"
          ]
        }
      ],
      "Page": 1
    },
    {
      "BlockType": "CELL",
      "Confidence": 76.904296875,
      "RowIndex": 4,
      "ColumnIndex": 3,
      "RowSpan": 1,
      "ColumnSpan": 1,
      "Geometry": {
        "BoundingBox": {
          "Width": 0.20256391167640686,
          "Height": 0.026662319898605347,
          "Left": 0.5687587261199951,
          "Top": 0.45687732100486755
        },
        "Polygon": [
          {
            "X": 0.5687587261199951,
            "Y": 0.4569375813007355
          },
          {
            "X": 0.7712096571922302,
            "Y": 0.45687732100486755
          },
          {
            "X": 0.7713226675987244,
            "Y": 0.48347824811935425
          },
          {
            "X": 0.5688649415969849,
            "Y": 0.4835396409034729
          }
        ]
      },
      "Id": "d0605f88-c711-489a-850c-016917bdbea6",
      "Relationships": [
        {
          "Type": "CHILD",
          "Ids": [
            "26addb4e-3dae-4726-85bc-a965424fe0f1",
            "715d6673-101f-4212-a5a5-18cc09ca7101",
            "ce43bb99-ba3e-486d-938d-b4469c36f1f9"
          ]
        }
      ],
      "Page": 1
    },
    {
      "BlockType": "CELL",
      "Confidence": 73.681640625,
      "RowIndex": 5,
      "ColumnIndex": 1,
      "RowSpan": 1,
      "ColumnSpan": 1,
      "Geometry": {
        "BoundingBox": {
          "Width": 0.14855749905109406,
          "Height": 0.026650719344615936,
          "Left": 0.22758857905864716,
          "Top": 0.48359808325767517
        },
        "Polygon": [
          {
            "X": 0.22758857905864716,
            "Y": 0.483643114566803
          },
          {
            "X": 0.37604621052742004,
            "Y": 0.48359808325767517
          },
          {
            "X": 0.3761460781097412,
            "Y": 0.5102030038833618
          },
          {
            "X": 0.22768348455429077,
            "Y": 0.5102488398551941
          }
        ]
      },
      "Id": "1eab31e9-4975-4669-8949-d5eb29a584bc",
      "Page": 1
    },
    {
      "BlockType": "CELL",
      "Confidence": 75.244140625,
      "RowIndex": 5,
      "ColumnIndex": 2,
      "RowSpan": 1,
      "ColumnSpan": 1,
      "Geometry": {
        "BoundingBox": {
          "Width": 0.19292499125003815,
          "Height": 0.02666334994137287,
          "Left": 0.37604621052742004,
          "Top": 0.4835396409034729
        },
        "Polygon": [
          {
            "X": 0.37604621052742004,
            "Y": 0.48359808325767517
          },
          {
            "X": 0.5688649415969849,
            "Y": 0.4835396409034729
          },
          {
            "X": 0.5689712166786194,
            "Y": 0.5101434588432312
          },
          {
            "X": 0.3761460781097412,
            "Y": 0.5102030038833618
          }
        ]
      },
      "Id": "8f5d0674-4660-4e77-97cc-50986ecc2edf",
      "Relationships": [
        {
          "Type": "CHILD",
          "Ids": [
            "31a8e117-b284-47d3-9f37-7cee2e67ae8a"
          ]
        }
      ],
      "Page": 1
    },
    {
      "BlockType": "CELL",
      "Confidence": 75.634765625,
      "RowIndex": 5,
      "ColumnIndex": 3,
      "RowSpan": 1,
      "ColumnSpan": 1,
      "Geometry": {
        "BoundingBox": {
          "Width": 0.20257064700126648,
          "Height": 0.026665206998586655,
          "Left": 0.5688649415969849,
          "Top": 0.48347824811935425
        },
        "Polygon": [
          {
            "X": 0.5688649415969849,
            "Y": 0.4835396409034729
          },
          {
            "X": 0.7713226675987244,
            "Y": 0.48347824811935425
          },
          {
            "X": 0.7714356184005737,
            "Y": 0.5100809335708618
          },
          {
            "X": 0.5689712166786194,
            "Y": 0.5101434588432312
          }
        ]
      },
      "Id": "dfe107ce-392b-4dc5-99fd-c142827ac525",
      "Page": 1
    },
    {
      "BlockType": "CELL",
      "Confidence": 71.923828125,
      "RowIndex": 6,
      "ColumnIndex": 1,
      "RowSpan": 1,
      "ColumnSpan": 1,
      "Geometry": {
        "BoundingBox": {
          "Width": 0.14856243133544922,
          "Height": 0.026653308421373367,
          "Left": 0.22768348455429077,
          "Top": 0.5102030038833618
        },
        "Polygon": [
          {
            "X": 0.22768348455429077,
            "Y": 0.5102488398551941
          },
          {
            "X": 0.3761460781097412,
            "Y": 0.5102030038833618
          },
          {
            "X": 0.37624591588974,
            "Y": 0.5368096232414246
          },
          {
            "X": 0.22777841985225677,
            "Y": 0.5368562936782837
          }
        ]
      },
      "Id": "83b8b31f-7d6a-4cba-8d9e-4d47d197d11d",
      "Page": 1
    },
    {
      "BlockType": "CELL",
      "Confidence": 73.388671875,
      "RowIndex": 6,
      "ColumnIndex": 2,
      "RowSpan": 1,
      "ColumnSpan": 1,
      "Geometry": {
        "BoundingBox": {
          "Width": 0.1929314136505127,
          "Height": 0.02666618302464485,
          "Left": 0.3761460781097412,
          "Top": 0.5101434588432312
        },
        "Polygon": [
          {
            "X": 0.3761460781097412,
            "Y": 0.5102030038833618
          },
          {
            "X": 0.5689712166786194,
            "Y": 0.5101434588432312
          },
          {
            "X": 0.5690774917602539,
            "Y": 0.5367490649223328
          },
          {
            "X": 0.37624591588974,
            "Y": 0.5368096232414246
          }
        ]
      },
      "Id": "5f576110-936e-4977-b6ea-ba8a1e0c02de",
      "Relationships": [
        {
          "Type": "CHILD",
          "Ids": [
            "6b1acca6-90f7-460f-89ca-aefd5892d236"
          ]
        }
      ],
      "Page": 1
    },
    {
      "BlockType": "CELL",
      "Confidence": 73.779296875,
      "RowIndex": 6,
      "ColumnIndex": 3,
      "RowSpan": 1,
      "ColumnSpan": 1,
      "Geometry": {
        "BoundingBox": {
          "Width": 0.2025773674249649,
          "Height": 0.026668092235922813,
          "Left": 0.5689712166786194,
          "Top": 0.5100809335708618
        },
        "Polygon": [
          {
            "X": 0.5689712166786194,
            "Y": 0.5101434588432312
          },
          {
            "X": 0.7714356184005737,
            "Y": 0.5100809335708618
          },
          {
            "X": 0.7715485692024231,
            "Y": 0.5366854071617126
          },
          {
            "X": 0.5690774917602539,
            "Y": 0.5367490649223328
          }
        ]
      },
      "Id": "8ec1c791-da3f-4807-9084-34d8620d037f",
      "Page": 1
    },
    {
      "BlockType": "CELL",
      "Confidence": 71.97265625,
      "RowIndex": 7,
      "ColumnIndex": 1,
      "RowSpan": 1,
      "ColumnSpan": 1,
      "Geometry": {
        "BoundingBox": {
          "Width": 0.14856737852096558,
          "Height": 0.0266558974981308,
          "Left": 0.22777841985225677,
          "Top": 0.5368096232414246
        },
        "Polygon": [
          {
            "X": 0.22777841985225677,
            "Y": 0.5368562936782837
          },
          {
            "X": 0.37624591588974,
            "Y": 0.5368096232414246
          },
          {
            "X": 0.37634578347206116,
            "Y": 0.5634180903434753
          },
          {
            "X": 0.22787334024906158,
            "Y": 0.5634655356407166
          }
        ]
      },
      "Id": "c67cd310-cbce-4b67-9d23-4740f69a49d5",
      "Page": 1
    },
    {
      "BlockType": "CELL",
      "Confidence": 73.4375,
      "RowIndex": 7,
      "ColumnIndex": 2,
      "RowSpan": 1,
      "ColumnSpan": 1,
      "Geometry": {
        "BoundingBox": {
          "Width": 0.19293782114982605,
          "Height": 0.02666901797056198,
          "Left": 0.37624591588974,
          "Top": 0.5367490649223328
        },
        "Polygon": [
          {
            "X": 0.37624591588974,
            "Y": 0.5368096232414246
          },
          {
            "X": 0.5690774917602539,
            "Y": 0.5367490649223328
          },
          {
            "X": 0.5691837668418884,
            "Y": 0.5633563995361328
          },
          {
            "X": 0.37634578347206116,
            "Y": 0.5634180903434753
          }
        ]
      },
      "Id": "2373649d-cbb8-4c3a-8873-be82bea799a1",
      "Relationships": [
        {
          "Type": "CHILD",
          "Ids": [
            "08d105d7-1556-43ac-a67e-14895be56315"
          ]
        }
      ],
      "Page": 1
    },
    {
      "BlockType": "CELL",
      "Confidence": 73.828125,
      "RowIndex": 7,
      "ColumnIndex": 3,
      "RowSpan": 1,
      "ColumnSpan": 1,
      "Geometry": {
        "BoundingBox": {
          "Width": 0.20258410274982452,
          "Height": 0.02667098119854927,
          "Left": 0.5690774917602539,
          "Top": 0.5366854071617126
        },
        "Polygon": [
          {
            "X": 0.5690774917602539,
            "Y": 0.5367490649223328
          },
          {
            "X": 0.7715485692024231,
            "Y": 0.5366854071617126
          },
          {
            "X": 0.7716615796089172,
            "Y": 0.5632916688919067
          },
          {
            "X": 0.5691837668418884,
            "Y": 0.5633563995361328
          }
        ]
      },
      "Id": "a0515ebb-6250-451e-b1d2-0362331433b4",
      "Page": 1
    },
    {
      "BlockType": "CELL",
      "Confidence": 71.77734375,
      "RowIndex": 8,
      "ColumnIndex": 1,
      "RowSpan": 1,
      "ColumnSpan": 1,
      "Geometry": {
        "BoundingBox": {
          "Width": 0.14856815338134766,
          "Height": 0.02554965950548649,
          "Left": 0.22787334024906158,
          "Top": 0.5634180903434753
        },
        "Polygon": [
          {
            "X": 0.22787334024906158,
            "Y": 0.5634655356407166
          },
          {
            "X": 0.37634578347206116,
            "Y": 0.5634180903434753
          },
          {
            "X": 0.37644147872924805,
            "Y": 0.588919460773468
          },
          {
            "X": 0.22796432673931122,
            "Y": 0.5889677405357361
          }
        ]
      },
      "Id": "a7eb7800-483d-4018-a317-c0323d6796ab",
      "Page": 1
    },
    {
      "BlockType": "CELL",
      "Confidence": 73.2421875,
      "RowIndex": 8,
      "ColumnIndex": 2,
      "RowSpan": 1,
      "ColumnSpan": 1,
      "Geometry": {
        "BoundingBox": {
          "Width": 0.19293980300426483,
          "Height": 0.025563057512044907,
          "Left": 0.37634578347206116,
          "Top": 0.5633563995361328
        },
        "Polygon": [
          {
            "X": 0.37634578347206116,
            "Y": 0.5634180903434753
          },
          {
            "X": 0.5691837668418884,
            "Y": 0.5633563995361328
          },
          {
            "X": 0.5692855715751648,
            "Y": 0.5888567566871643
          },
          {
            "X": 0.37644147872924805,
            "Y": 0.588919460773468
          }
        ]
      },
      "Id": "8b794c70-3ed5-43d9-840a-e6bbfef325b6",
      "Relationships": [
        {
          "Type": "CHILD",
          "Ids": [
            "c04d61af-c4a3-4616-94c0-6c59e9e2997c"
          ]
        }
      ],
      "Page": 1
    },
    {
      "BlockType": "CELL",
      "Confidence": 73.681640625,
      "RowIndex": 8,
      "ColumnIndex": 3,
      "RowSpan": 1,
      "ColumnSpan": 1,
      "Geometry": {
        "BoundingBox": {
          "Width": 0.2025861293077469,
          "Height": 0.025565119460225105,
          "Left": 0.5691837668418884,
          "Top": 0.5632916688919067
        },
        "Polygon": [
          {
            "X": 0.5691837668418884,
            "Y": 0.5633563995361328
          },
          {
            "X": 0.7716615796089172,
            "Y": 0.5632916688919067
          },
          {
            "X": 0.7717698812484741,
            "Y": 0.5887909531593323
          },
          {
            "X": 0.5692855715751648,
            "Y": 0.5888567566871643
          }
        ]
      },
      "Id": "0166346a-8cae-4501-a3ec-151779b6d961",
      "Page": 1
    },
    {
      "BlockType": "CELL",
      "Confidence": 38.96484375,
      "RowIndex": 9,
      "ColumnIndex": 1,
      "RowSpan": 1,
      "ColumnSpan": 1,
      "Geometry": {
        "BoundingBox": {
          "Width": 0.14874517917633057,
          "Height": 0.026661023497581482,
          "Left": 0.22779619693756104,
          "Top": 0.588919460773468
        },
        "Polygon": [
          {
            "X": 0.22779619693756104,
            "Y": 0.5889678001403809
          },
          {
            "X": 0.37644147872924805,
            "Y": 0.588919460773468
          },
          {
            "X": 0.3765413761138916,
            "Y": 0.615531325340271
          },
          {
            "X": 0.22789113223552704,
            "Y": 0.6155804991722107
          }
        ]
      },
      "Id": "a691f457-940c-4073-9114-aab208186bb1",
      "Relationships": [
        {
          "Type": "CHILD",
          "Ids": [
            "68ec5302-bbd3-4b63-9733-e2c513d3db1f"
          ]
        }
      ],
      "Page": 1
    },
    {
      "BlockType": "CELL",
      "Confidence": 71.630859375,
      "RowIndex": 9,
      "ColumnIndex": 2,
      "RowSpan": 1,
      "ColumnSpan": 1,
      "Geometry": {
        "BoundingBox": {
          "Width": 0.19295036792755127,
          "Height": 0.02667456865310669,
          "Left": 0.37644147872924805,
          "Top": 0.5888567566871643
        },
        "Polygon": [
          {
            "X": 0.37644147872924805,
            "Y": 0.588919460773468
          },
          {
            "X": 0.5692855715751648,
            "Y": 0.5888567566871643
          },
          {
            "X": 0.5693918466567993,
            "Y": 0.6154676079750061
          },
          {
            "X": 0.3765413761138916,
            "Y": 0.615531325340271
          }
        ]
      },
      "Id": "9a4fa0c9-44ae-4a9a-8a9c-f153fe4efffc",
      "Relationships": [
        {
          "Type": "CHILD",
          "Ids": [
            "0a68c77b-d600-42e4-ad2f-0ccab63611a8"
          ]
        }
      ],
      "Page": 1
    },
    {
      "BlockType": "CELL",
      "Confidence": 72.0703125,
      "RowIndex": 9,
      "ColumnIndex": 3,
      "RowSpan": 1,
      "ColumnSpan": 1,
      "Geometry": {
        "BoundingBox": {
          "Width": 0.20259729027748108,
          "Height": 0.026676636189222336,
          "Left": 0.5692855715751648,
          "Top": 0.5887909531593323
        },
        "Polygon": [
          {
            "X": 0.5692855715751648,
            "Y": 0.5888567566871643
          },
          {
            "X": 0.7717698812484741,
            "Y": 0.5887909531593323
          },
          {
            "X": 0.7718828916549683,
            "Y": 0.6154006719589233
          },
          {
            "X": 0.5693918466567993,
            "Y": 0.6154676079750061
          }
        ]
      },
      "Id": "31e3ad22-c180-4267-a4d8-df29e2287d8f",
      "Relationships": [
        {
          "Type": "CHILD",
          "Ids": [
            "2f34863b-c076-49c8-98a6-03cec5a04dd9",
            "4be44b07-6f63-439c-be14-435e50e25c0d",
            "f10aa3e6-5d09-488c-b473-ac2ea786401a"
          ]
        }
      ],
      "Page": 1
    },
    {
      "BlockType": "CELL",
      "Confidence": 38.96484375,
      "RowIndex": 10,
      "ColumnIndex": 1,
      "RowSpan": 1,
      "ColumnSpan": 1,
      "Geometry": {
        "BoundingBox": {
          "Width": 0.14875011146068573,
          "Height": 0.026663614436984062,
          "Left": 0.22789113223552704,
          "Top": 0.615531325340271
        },
        "Polygon": [
          {
            "X": 0.22789113223552704,
            "Y": 0.6155804991722107
          },
          {
            "X": 0.3765413761138916,
            "Y": 0.615531325340271
          },
          {
            "X": 0.37664124369621277,
            "Y": 0.6421449780464172
          },
          {
            "X": 0.22798606753349304,
            "Y": 0.6421949863433838
          }
        ]
      },
      "Id": "81a65d74-ea73-4c02-902c-438a6c081d87",
      "Page": 1
    },
    {
      "BlockType": "CELL",
      "Confidence": 70.166015625,
      "RowIndex": 10,
      "ColumnIndex": 2,
      "RowSpan": 1,
      "ColumnSpan": 1,
      "Geometry": {
        "BoundingBox": {
          "Width": 0.19295679032802582,
          "Height": 0.02667740359902382,
          "Left": 0.3765413761138916,
          "Top": 0.6154676079750061
        },
        "Polygon": [
          {
            "X": 0.3765413761138916,
            "Y": 0.615531325340271
          },
          {
            "X": 0.5693918466567993,
            "Y": 0.6154676079750061
          },
          {
            "X": 0.5694981813430786,
            "Y": 0.6420801877975464
          },
          {
            "X": 0.37664124369621277,
            "Y": 0.6421449780464172
          }
        ]
      },
      "Id": "ec06e4e3-d361-4098-b30a-1b5420dae15d",
      "Relationships": [
        {
          "Type": "CHILD",
          "Ids": [
            "b4a7abbe-9de0-4465-a488-0e8d08c40e5a"
          ]
        }
      ],
      "Page": 1
    },
    {
      "BlockType": "CELL",
      "Confidence": 70.556640625,
      "RowIndex": 10,
      "ColumnIndex": 3,
      "RowSpan": 1,
      "ColumnSpan": 1,
      "Geometry": {
        "BoundingBox": {
          "Width": 0.2026040256023407,
          "Height": 0.026679523289203644,
          "Left": 0.5693918466567993,
          "Top": 0.6154006719589233
        },
        "Polygon": [
          {
            "X": 0.5693918466567993,
            "Y": 0.6154676079750061
          },
          {
            "X": 0.7718828916549683,
            "Y": 0.6154006719589233
          },
          {
            "X": 0.7719959020614624,
            "Y": 0.6420121192932129
          },
          {
            "X": 0.5694981813430786,
            "Y": 0.6420801877975464
          }
        ]
      },
      "Id": "da70445b-9bc2-4684-98e5-38f2dd3a54ea",
      "Page": 1
    },
    {
      "BlockType": "CELL",
      "Confidence": 38.96484375,
      "RowIndex": 11,
      "ColumnIndex": 1,
      "RowSpan": 1,
      "ColumnSpan": 1,
      "Geometry": {
        "BoundingBox": {
          "Width": 0.1487550586462021,
          "Height": 0.026666205376386642,
          "Left": 0.22798606753349304,
          "Top": 0.6421449780464172
        },
        "Polygon": [
          {
            "X": 0.22798606753349304,
            "Y": 0.6421949863433838
          },
          {
            "X": 0.37664124369621277,
            "Y": 0.6421449780464172
          },
          {
            "X": 0.3767411410808563,
            "Y": 0.6687604188919067
          },
          {
            "X": 0.22808101773262024,
            "Y": 0.6688112020492554
          }
        ]
      },
      "Id": "309fc5fd-ed9d-4580-b5b3-fde60a6b8c8e",
      "Page": 1
    },
    {
      "BlockType": "CELL",
      "Confidence": 72.36328125,
      "RowIndex": 11,
      "ColumnIndex": 2,
      "RowSpan": 1,
      "ColumnSpan": 1,
      "Geometry": {
        "BoundingBox": {
          "Width": 0.19296234846115112,
          "Height": 0.02646762877702713,
          "Left": 0.37664124369621277,
          "Top": 0.6420801877975464
        },
        "Polygon": [
          {
            "X": 0.37664124369621277,
            "Y": 0.6421449780464172
          },
          {
            "X": 0.5694981813430786,
            "Y": 0.6420801877975464
          },
          {
            "X": 0.5696036219596863,
            "Y": 0.6684819459915161
          },
          {
            "X": 0.37674033641815186,
            "Y": 0.6685478091239929
          }
        ]
      },
      "Id": "918b674e-b762-46c9-806e-9640e41ff99f",
      "Relationships": [
        {
          "Type": "CHILD",
          "Ids": [
            "5dd76b94-1cec-4c99-88da-95b1b653dd57"
          ]
        }
      ],
      "Page": 1
    },
    {
      "BlockType": "CELL",
      "Confidence": 72.75390625,
      "RowIndex": 11,
      "ColumnIndex": 3,
      "RowSpan": 1,
      "ColumnSpan": 1,
      "Geometry": {
        "BoundingBox": {
          "Width": 0.2026098519563675,
          "Height": 0.02646980993449688,
          "Left": 0.5694981813430786,
          "Top": 0.6420121192932129
        },
        "Polygon": [
          {
            "X": 0.5694981813430786,
            "Y": 0.6420801877975464
          },
          {
            "X": 0.7719959020614624,
            "Y": 0.6420121192932129
          },
          {
            "X": 0.7721080183982849,
            "Y": 0.6684128046035767
          },
          {
            "X": 0.5696036219596863,
            "Y": 0.6684819459915161
          }
        ]
      },
      "Id": "ff08d206-0849-4f03-af2a-a4807ad1e628",
      "Page": 1
    },
    {
      "BlockType": "MERGED_CELL",
      "Confidence": 38.96484375,
      "RowIndex": 9,
      "ColumnIndex": 1,
      "RowSpan": 3,
      "ColumnSpan": 1,
      "Geometry": {
        "BoundingBox": {
          "Width": 0.14877600967884064,
          "Height": 0.07967907190322876,
          "Left": 0.22796432673931122,
          "Top": 0.588919460773468
        },
        "Polygon": [
          {
            "X": 0.22796432673931122,
            "Y": 0.5889677405357361
          },
          {
            "X": 0.37644147872924805,
            "Y": 0.588919460773468
          },
          {
            "X": 0.37674033641815186,
            "Y": 0.6685478091239929
          },
          {
            "X": 0.22824840247631073,
            "Y": 0.6685985326766968
          }
        ]
      },
      "Id": "f6872c4b-2e02-45cc-8db8-a2dc02707d9b",
      "Relationships": [
        {
          "Type": "CHILD",
          "Ids": [
            "a691f457-940c-4073-9114-aab208186bb1",
            "81a65d74-ea73-4c02-902c-438a6c081d87",
            "309fc5fd-ed9d-4580-b5b3-fde60a6b8c8e"
          ]
        }
      ],
      "Page": 1
    }
  ],
  "AnalyzeDocumentModelVersion": "1.0"
}