{
  "DocumentMetadata": {
    "Pages": 1
  },
  "JobStatus": "SUCCEEDED",
  "Blocks": [
    {
      "BlockType": "PAGE",
      "Geometry": {
        "BoundingBox": {
          "Width": 1,
          "Height": 1,
          "Left": 0,
          "Top": 0
        },
        "Polygon": [
          {
            "X": 0,
            "Y": 0.0000012313407751207706
          },
          {
            "X": 1,
            "Y": 0
          },
          {
            "X": 1,
            "Y": 1
          },
          {
            "X": 0.000008087254173005931,
            "Y": 1
          }
        ]
      },
      "Id": "b483a82b-b3fc-4ab6-a165-b42e7a798d48",
      "Relationships": [
        {
          "Type": "CHILD",
          "Ids": [
            "5130706f-5eb2-440a-a2a9-41da9393b566",
            "561c8dba-de66-4bd3-9be4-c4593cdb25ab",
            "3c4643d1-c46e-44e2-8525-f9c9c5dc2f0e",
            "b5cb45c0-5d9b-4d52-92f5-8038e07dbddf",
            "af622f05-8395-439b-8abb-79ab8e11406d",
            "5a13643a-e6e4-4dba-b35f-1fbcb639d373",
            "bead7dbf-d671-4cbd-8777-8ee307a66eb6",
            "7a2e82f4-2bb3-4d46-b6a1-638bf34dd137",
            "219db5b6-4007-4d1b-9462-a1cd55668f4f",
            "a93553c2-a20e-4b55-a8d5-f587beb3f781",
            "b29fde0b-6d84-4f28-b788-eaa44100f0e3",
            "e7d8fbeb-cd5c-46b3-8db4-7f3995f46b30",
            "5572cd1f-fd6f-4d95-be14-bfb1c974b82b",
            "12ffef70-1019-4dee-a220-4acc43def275",
            "52cb9fff-834c-4986-853a-a3f53cc81193",
            "a89b161c-f9ce-4026-81b9-86be4b2eb02d",
            "a533acd8-f666-4a01-85ee-d83b7b615352",
            "c69d2c38-e6e6-47a2-b3b2-cf717cf6c9f7",
            "07904b64-7da6-469c-9e15-223335cbd3a7",
            "25115d7b-e643-4829-8b74-d912b0507681",
            "975c62b8-f2ad-4645-b783-88f939b2e27b"
          ]
        }
      ],
      "Page": 1
    },
    {
      "BlockType": "LINE",
      "Confidence": 99.92475891113281,
      "Text": "Sample",
      "Geometry": {
        "BoundingBox": {
          "Width": 0.04706619307398796,
          "Height": 0.02607238106429577,
          "Left": 0.255573034286499,
          "Top": 0.41591906547546387
        },
        "Polygon": [
          {
            "X": 0.255573034286499,
            "Y": 0.41591906547546387
          },
          {
            "X": 0.3023868203163147,
            "Y": 0.4159758687019348
          },
          {
            "X": 0.3026392459869385,
            "Y": 0.4419914484024048
          },
          {
            "X": 0.2558101713657379,
            "Y": 0.44193047285079956
          }
        ]
      },
      "Id": "5130706f-5eb2-440a-a2a9-41da9393b566",
      "Relationships": [
        {
          "Type": "CHILD",
          "Ids": [
            "2216aa64-e6f0-4422-9e3f-5d00ace7c456"
          ]
        }
      ],
      "Page": 1
    },
    {
      "BlockType": "LINE",
      "Confidence": 99.21358489990234,
      "Text": "pHRR (W/g)",
      "Geometry": {
        "BoundingBox": {
          "Width": 0.0773443654179573,
          "Height": 0.026574233546853065,
          "Left": 0.42320919036865234,
          "Top": 0.4156274199485779
        },
        "Polygon": [
          {
            "X": 0.42320919036865234,
            "Y": 0.4156274199485779
          },
          {
            "X": 0.5002309083938599,
            "Y": 0.41572073101997375
          },
          {
            "X": 0.500553548336029,
            "Y": 0.4422016441822052
          },
          {
            "X": 0.4235062301158905,
            "Y": 0.4421013593673706
          }
        ]
      },
      "Id": "561c8dba-de66-4bd3-9be4-c4593cdb25ab",
      "Relationships": [
        {
          "Type": "CHILD",
          "Ids": [
            "f58fcbc7-c992-4af0-9678-f6126d71826d",
            "c1f9ccda-37c8-4cfa-ab36-4394ca91dc99"
          ]
        }
      ],
      "Page": 1
    },
    {
      "BlockType": "LINE",
      "Confidence": 86.40717315673828,
      "Text": "THR (kJ/g)",
      "Geometry": {
        "BoundingBox": {
          "Width": 0.06606471538543701,
          "Height": 0.02583092264831066,
          "Left": 0.574935257434845,
          "Top": 0.41621133685112
        },
        "Polygon": [
          {
            "X": 0.574935257434845,
            "Y": 0.41621133685112
          },
          {
            "X": 0.6406408548355103,
            "Y": 0.4162909984588623
          },
          {
            "X": 0.640999972820282,
            "Y": 0.4420422613620758
          },
          {
            "X": 0.5752730965614319,
            "Y": 0.4419567584991455
          }
        ]
      },
      "Id": "3c4643d1-c46e-44e2-8525-f9c9c5dc2f0e",
      "Relationships": [
        {
          "Type": "CHILD",
          "Ids": [
            "03348601-2065-4351-b7fd-cd1cf6a909ab",
            "19503fcf-fafa-4fcc-80e1-b14d6c9c9924"
          ]
        }
      ],
      "Page": 1
    },
    {
      "BlockType": "LINE",
      "Confidence": 85.12489318847656,
      "Text": "Tp (C)",
      "Geometry": {
        "BoundingBox": {
          "Width": 0.04336119070649147,
          "Height": 0.028168832883238792,
          "Left": 0.7155659198760986,
          "Top": 0.41621482372283936
        },
        "Polygon": [
          {
            "X": 0.7155659198760986,
            "Y": 0.41621482372283936
          },
          {
            "X": 0.7584933638572693,
            "Y": 0.41626685857772827
          },
          {
            "X": 0.7589271068572998,
            "Y": 0.4443836510181427
          },
          {
            "X": 0.7159844636917114,
            "Y": 0.4443274736404419
          }
        ]
      },
      "Id": "b5cb45c0-5d9b-4d52-92f5-8038e07dbddf",
      "Relationships": [
        {
          "Type": "CHILD",
          "Ids": [
            "e5740a9b-16e3-4663-9d3e-cef44ea8e4af",
            "894ca8ae-aea2-4d11-a074-6672ccc3512b"
          ]
        }
      ],
      "Page": 1
    },
    {
      "BlockType": "LINE",
      "Confidence": 99.66374969482422,
      "Text": "EP",
      "Geometry": {
        "BoundingBox": {
          "Width": 0.01592877134680748,
          "Height": 0.01902710646390915,
          "Left": 0.2559747099876404,
          "Top": 0.46609070897102356
        },
        "Polygon": [
          {
            "X": 0.2559747099876404,
            "Y": 0.46609070897102356
          },
          {
            "X": 0.27172648906707764,
            "Y": 0.46611252427101135
          },
          {
            "X": 0.27190348505973816,
            "Y": 0.4851177930831909
          },
          {
            "X": 0.25614792108535767,
            "Y": 0.48509496450424194
          }
        ]
      },
      "Id": "af622f05-8395-439b-8abb-79ab8e11406d",
      "Relationships": [
        {
          "Type": "CHILD",
          "Ids": [
            "d4e44366-1c99-4842-b790-c6327f737d65"
          ]
        }
      ],
      "Page": 1
    },
    {
      "BlockType": "LINE",
      "Confidence": 99.96186828613281,
      "Text": "709.6",
      "Geometry": {
        "BoundingBox": {
          "Width": 0.03531045839190483,
          "Height": 0.020433463156223297,
          "Left": 0.4232467710971832,
          "Top": 0.46516895294189453
        },
        "Polygon": [
          {
            "X": 0.4232467710971832,
            "Y": 0.46516895294189453
          },
          {
            "X": 0.45831969380378723,
            "Y": 0.46521738171577454
          },
          {
            "X": 0.45855721831321716,
            "Y": 0.48560240864753723
          },
          {
            "X": 0.42347532510757446,
            "Y": 0.48555153608322144
          }
        ]
      },
      "Id": "5a13643a-e6e4-4dba-b35f-1fbcb639d373",
      "Relationships": [
        {
          "Type": "CHILD",
          "Ids": [
            "ecd07b73-72ac-4d2c-ae29-a85b86717e2c"
          ]
        }
      ],
      "Page": 1
    },
    {
      "BlockType": "LINE",
      "Confidence": 76.37799072265625,
      "Text": "32.8",
      "Geometry": {
        "BoundingBox": {
          "Width": 0.026618974283337593,
          "Height": 0.019862592220306396,
          "Left": 0.5758774280548096,
          "Top": 0.465392529964447
        },
        "Polygon": [
          {
            "X": 0.5758774280548096,
            "Y": 0.465392529964447
          },
          {
            "X": 0.6022295951843262,
            "Y": 0.4654289186000824
          },
          {
            "X": 0.6024963855743408,
            "Y": 0.4852551221847534
          },
          {
            "X": 0.5761376023292542,
            "Y": 0.4852169454097748
          }
        ]
      },
      "Id": "bead7dbf-d671-4cbd-8777-8ee307a66eb6",
      "Relationships": [
        {
          "Type": "CHILD",
          "Ids": [
            "4a77515f-5830-41d1-b80a-0a410928b426"
          ]
        }
      ],
      "Page": 1
    },
    {
      "BlockType": "LINE",
      "Confidence": 80.61158752441406,
      "Text": "395.9",
      "Geometry": {
        "BoundingBox": {
          "Width": 0.034780703485012054,
          "Height": 0.02032499946653843,
          "Left": 0.7165535688400269,
          "Top": 0.4652900993824005
        },
        "Polygon": [
          {
            "X": 0.7165535688400269,
            "Y": 0.4652900993824005
          },
          {
            "X": 0.7510235905647278,
            "Y": 0.4653376638889313
          },
          {
            "X": 0.7513342499732971,
            "Y": 0.4856151044368744
          },
          {
            "X": 0.7168554663658142,
            "Y": 0.4855651557445526
          }
        ]
      },
      "Id": "7a2e82f4-2bb3-4d46-b6a1-638bf34dd137",
      "Relationships": [
        {
          "Type": "CHILD",
          "Ids": [
            "e6f9055f-e3f1-46fa-a66d-03bf97c595e9"
          ]
        }
      ],
      "Page": 1
    },
    {
      "BlockType": "LINE",
      "Confidence": 98.74208068847656,
      "Text": "EP/3%BPA-BPP",
      "Geometry": {
        "BoundingBox": {
          "Width": 0.09190661460161209,
          "Height": 0.025057289749383926,
          "Left": 0.25638431310653687,
          "Top": 0.49765148758888245
        },
        "Polygon": [
          {
            "X": 0.25638431310653687,
            "Y": 0.49765148758888245
          },
          {
            "X": 0.3480350971221924,
            "Y": 0.49778828024864197
          },
          {
            "X": 0.34829092025756836,
            "Y": 0.5227087736129761
          },
          {
            "X": 0.2566114068031311,
            "Y": 0.5225641131401062
          }
        ]
      },
      "Id": "219db5b6-4007-4d1b-9462-a1cd55668f4f",
      "Relationships": [
        {
          "Type": "CHILD",
          "Ids": [
            "b0119e88-a2e4-4d0d-aa20-4484893220a9"
          ]
        }
      ],
      "Page": 1
    },
    {
      "BlockType": "LINE",
      "Confidence": 99.86321258544922,
      "Text": "482.8",
      "Geometry": {
        "BoundingBox": {
          "Width": 0.035262249410152435,
          "Height": 0.020214984193444252,
          "Left": 0.4229169189929962,
          "Top": 0.4977788031101227
        },
        "Polygon": [
          {
            "X": 0.4229169189929962,
            "Y": 0.4977788031101227
          },
          {
            "X": 0.457944393157959,
            "Y": 0.4978310763835907
          },
          {
            "X": 0.45817914605140686,
            "Y": 0.5179938077926636
          },
          {
            "X": 0.42314279079437256,
            "Y": 0.5179390907287598
          }
        ]
      },
      "Id": "a93553c2-a20e-4b55-a8d5-f587beb3f781",
      "Relationships": [
        {
          "Type": "CHILD",
          "Ids": [
            "69b9322f-8845-403a-8c51-7be3ab7761cd"
          ]
        }
      ],
      "Page": 1
    },
    {
      "BlockType": "LINE",
      "Confidence": 66.6631851196289,
      "Text": "27.4",
      "Geometry": {
        "BoundingBox": {
          "Width": 0.027645595371723175,
          "Height": 0.01980764791369438,
          "Left": 0.5755019187927246,
          "Top": 0.4978450536727905
        },
        "Polygon": [
          {
            "X": 0.5755019187927246,
            "Y": 0.4978450536727905
          },
          {
            "X": 0.6028814315795898,
            "Y": 0.49788588285446167
          },
          {
            "X": 0.6031475067138672,
            "Y": 0.517652690410614
          },
          {
            "X": 0.5757611393928528,
            "Y": 0.5176100134849548
          }
        ]
      },
      "Id": "b29fde0b-6d84-4f28-b788-eaa44100f0e3",
      "Relationships": [
        {
          "Type": "CHILD",
          "Ids": [
            "7ece8eb8-735c-4974-8549-cb9a68ebb4f2"
          ]
        }
      ],
      "Page": 1
    },
    {
      "BlockType": "LINE",
      "Confidence": 68.83859252929688,
      "Text": "379,6",
      "Geometry": {
        "BoundingBox": {
          "Width": 0.0352049358189106,
          "Height": 0.02040356583893299,
          "Left": 0.7163333892822266,
          "Top": 0.4975391924381256
        },
        "Polygon": [
          {
            "X": 0.7163333892822266,
            "Y": 0.4975391924381256
          },
          {
            "X": 0.751226544380188,
            "Y": 0.49759119749069214
          },
          {
            "X": 0.7515383362770081,
            "Y": 0.5179427862167358
          },
          {
            "X": 0.7166362404823303,
            "Y": 0.5178883671760559
          }
        ]
      },
      "Id": "e7d8fbeb-cd5c-46b3-8db4-7f3995f46b30",
      "Relationships": [
        {
          "Type": "CHILD",
          "Ids": [
            "5bdf6926-fd36-4f48-bc1c-abfcea009929"
          ]
        }
      ],
      "Page": 1
    },
    {
      "BlockType": "LINE",
      "Confidence": 99.11343383789062,
      "Text": "EP/6%BPA-BPP",
      "Geometry": {
        "BoundingBox": {
          "Width": 0.09236934036016464,
          "Height": 0.025383153930306435,
          "Left": 0.2558528184890747,
          "Top": 0.5290957093238831
        },
        "Polygon": [
          {
            "X": 0.2558528184890747,
            "Y": 0.5290957093238831
          },
          {
            "X": 0.34796324372291565,
            "Y": 0.5292431116104126
          },
          {
            "X": 0.34822216629981995,
            "Y": 0.5544788837432861
          },
          {
            "X": 0.25608256459236145,
            "Y": 0.5543234944343567
          }
        ]
      },
      "Id": "5572cd1f-fd6f-4d95-be14-bfb1c974b82b",
      "Relationships": [
        {
          "Type": "CHILD",
          "Ids": [
            "190a7d56-9a49-4e3f-9270-a6bfe08ac08a"
          ]
        }
      ],
      "Page": 1
    },
    {
      "BlockType": "LINE",
      "Confidence": 99.95706939697266,
      "Text": "450.1",
      "Geometry": {
        "BoundingBox": {
          "Width": 0.03402746096253395,
          "Height": 0.019957439973950386,
          "Left": 0.42277202010154724,
          "Top": 0.5303478837013245
        },
        "Polygon": [
          {
            "X": 0.42277202010154724,
            "Y": 0.5303478837013245
          },
          {
            "X": 0.45656818151474,
            "Y": 0.5304020643234253
          },
          {
            "X": 0.4567994773387909,
            "Y": 0.5503053069114685
          },
          {
            "X": 0.42299485206604004,
            "Y": 0.5502488017082214
          }
        ]
      },
      "Id": "12ffef70-1019-4dee-a220-4acc43def275",
      "Relationships": [
        {
          "Type": "CHILD",
          "Ids": [
            "aac8e578-1059-4055-80ff-a4bd91c90590"
          ]
        }
      ],
      "Page": 1
    },
    {
      "BlockType": "LINE",
      "Confidence": 89.51421356201172,
      "Text": "26.2",
      "Geometry": {
        "BoundingBox": {
          "Width": 0.026469402015209198,
          "Height": 0.019476693123579025,
          "Left": 0.576025128364563,
          "Top": 0.5302509665489197
        },
        "Polygon": [
          {
            "X": 0.576025128364563,
            "Y": 0.5302509665489197
          },
          {
            "X": 0.6022332310676575,
            "Y": 0.5302929282188416
          },
          {
            "X": 0.6024945378303528,
            "Y": 0.5497276782989502
          },
          {
            "X": 0.5762800574302673,
            "Y": 0.5496839284896851
          }
        ]
      },
      "Id": "52cb9fff-834c-4986-853a-a3f53cc81193",
      "Relationships": [
        {
          "Type": "CHILD",
          "Ids": [
            "cf78c7fa-8d4e-47bd-9aa2-87d90f770c7b"
          ]
        }
      ],
      "Page": 1
    },
    {
      "BlockType": "LINE",
      "Confidence": 82.28816986083984,
      "Text": "363.8",
      "Geometry": {
        "BoundingBox": {
          "Width": 0.034923892468214035,
          "Height": 0.0202681515365839,
          "Left": 0.7164112329483032,
          "Top": 0.5301521420478821
        },
        "Polygon": [
          {
            "X": 0.7164112329483032,
            "Y": 0.5301521420478821
          },
          {
            "X": 0.7510256767272949,
            "Y": 0.5302075743675232
          },
          {
            "X": 0.7513351440429688,
            "Y": 0.5504202842712402
          },
          {
            "X": 0.7167119383811951,
            "Y": 0.5503624677658081
          }
        ]
      },
      "Id": "a89b161c-f9ce-4026-81b9-86be4b2eb02d",
      "Relationships": [
        {
          "Type": "CHILD",
          "Ids": [
            "7f9a9d04-88f6-40f8-9ebd-818d0b5a9a05"
          ]
        }
      ],
      "Page": 1
    },
    {
      "BlockType": "LINE",
      "Confidence": 98.66110229492188,
      "Text": "EP/9%BPA-BPP",
      "Geometry": {
        "BoundingBox": {
          "Width": 0.09197058528661728,
          "Height": 0.025353752076625824,
          "Left": 0.25607380270957947,
          "Top": 0.562147855758667
        },
        "Polygon": [
          {
            "X": 0.25607380270957947,
            "Y": 0.562147855758667
          },
          {
            "X": 0.3477860391139984,
            "Y": 0.5623049736022949
          },
          {
            "X": 0.34804439544677734,
            "Y": 0.587501585483551
          },
          {
            "X": 0.25630316138267517,
            "Y": 0.5873364806175232
          }
        ]
      },
      "Id": "a533acd8-f666-4a01-85ee-d83b7b615352",
      "Relationships": [
        {
          "Type": "CHILD",
          "Ids": [
            "1789db81-1dcf-48c9-bc9b-25ca66f7d5e3"
          ]
        }
      ],
      "Page": 1
    },
    {
      "BlockType": "LINE",
      "Confidence": 62.38005828857422,
      "Text": "433.8",
      "Geometry": {
        "BoundingBox": {
          "Width": 0.03532448410987854,
          "Height": 0.01993473991751671,
          "Left": 0.4228915870189667,
          "Top": 0.5627225637435913
        },
        "Polygon": [
          {
            "X": 0.4228915870189667,
            "Y": 0.5627225637435913
          },
          {
            "X": 0.4579848349094391,
            "Y": 0.5627827048301697
          },
          {
            "X": 0.4582160711288452,
            "Y": 0.5826572775840759
          },
          {
            "X": 0.42311403155326843,
            "Y": 0.5825947523117065
          }
        ]
      },
      "Id": "c69d2c38-e6e6-47a2-b3b2-cf717cf6c9f7",
      "Relationships": [
        {
          "Type": "CHILD",
          "Ids": [
            "94d339f0-cf6c-4df7-a805-1a1571b0d55f"
          ]
        }
      ],
      "Page": 1
    },
    {
      "BlockType": "LINE",
      "Confidence": 65.91092681884766,
      "Text": "26.0",
      "Geometry": {
        "BoundingBox": {
          "Width": 0.02670353464782238,
          "Height": 0.019443754106760025,
          "Left": 0.5760380625724792,
          "Top": 0.5628088116645813
        },
        "Polygon": [
          {
            "X": 0.5760380625724792,
            "Y": 0.5628088116645813
          },
          {
            "X": 0.6024808287620544,
            "Y": 0.5628541111946106
          },
          {
            "X": 0.6027415990829468,
            "Y": 0.582252562046051
          },
          {
            "X": 0.5762923955917358,
            "Y": 0.5822054743766785
          }
        ]
      },
      "Id": "07904b64-7da6-469c-9e15-223335cbd3a7",
      "Relationships": [
        {
          "Type": "CHILD",
          "Ids": [
            "0c540498-bec2-4eaf-929d-cb023893e799"
          ]
        }
      ],
      "Page": 1
    },
    {
      "BlockType": "LINE",
      "Confidence": 89.99163055419922,
      "Text": "352.8",
      "Geometry": {
        "BoundingBox": {
          "Width": 0.03493538498878479,
          "Height": 0.019539276137948036,
          "Left": 0.7164553999900818,
          "Top": 0.5628858208656311
        },
        "Polygon": [
          {
            "X": 0.7164553999900818,
            "Y": 0.5628858208656311
          },
          {
            "X": 0.7510926127433777,
            "Y": 0.5629451870918274
          },
          {
            "X": 0.7513907551765442,
            "Y": 0.5824251174926758
          },
          {
            "X": 0.7167450189590454,
            "Y": 0.582363486289978
          }
        ]
      },
      "Id": "25115d7b-e643-4829-8b74-d912b0507681",
      "Relationships": [
        {
          "Type": "CHILD",
          "Ids": [
            "157271fb-b0ac-4177-95b3-36dcd6a09507"
          ]
        }
      ],
      "Page": 1
    },
    {
      "BlockType": "WORD",
      "Confidence": 99.92475891113281,
      "Text": "Sample",
      "TextType": "PRINTED",
      "Geometry": {
        "BoundingBox": {
          "Width": 0.04706619307398796,
          "Height": 0.02607238106429577,
          "Left": 0.255573034286499,
          "Top": 0.41591906547546387
        },
        "Polygon": [
          {
            "X": 0.255573034286499,
            "Y": 0.41591906547546387
          },
          {
            "X": 0.3023868203163147,
            "Y": 0.4159758687019348
          },
          {
            "X": 0.3026392459869385,
            "Y": 0.4419914484024048
          },
          {
            "X": 0.2558101713657379,
            "Y": 0.44193047285079956
          }
        ]
      },
      "Id": "2216aa64-e6f0-4422-9e3f-5d00ace7c456",
      "Page": 1
    },
    {
      "BlockType": "WORD",
      "Confidence": 99.40937805175781,
      "Text": "pHRR",
      "TextType": "PRINTED",
      "Geometry": {
        "BoundingBox": {
          "Width": 0.03626975044608116,
          "Height": 0.025136740878224373,
          "Left": 0.4232220947742462,
          "Top": 0.41677558422088623
        },
        "Polygon": [
          {
            "X": 0.4232220947742462,
            "Y": 0.41677558422088623
          },
          {
            "X": 0.4591989815235138,
            "Y": 0.41681933403015137
          },
          {
            "X": 0.4594918191432953,
            "Y": 0.44191235303878784
          },
          {
            "X": 0.423503577709198,
            "Y": 0.4418655037879944
          }
        ]
      },
      "Id": "f58fcbc7-c992-4af0-9678-f6126d71826d",
      "Page": 1
    },
    {
      "BlockType": "WORD",
      "Confidence": 99.01778411865234,
      "Text": "(W/g)",
      "TextType": "PRINTED",
      "Geometry": {
        "BoundingBox": {
          "Width": 0.037825580686330795,
          "Height": 0.02652635984122753,
          "Left": 0.46272799372673035,
          "Top": 0.4156752824783325
        },
        "Polygon": [
          {
            "X": 0.46272799372673035,
            "Y": 0.4156752824783325
          },
          {
            "X": 0.5002309083938599,
            "Y": 0.41572073101997375
          },
          {
            "X": 0.500553548336029,
            "Y": 0.4422016441822052
          },
          {
            "X": 0.4630381762981415,
            "Y": 0.44215282797813416
          }
        ]
      },
      "Id": "c1f9ccda-37c8-4cfa-ab36-4394ca91dc99",
      "Page": 1
    },
    {
      "BlockType": "WORD",
      "Confidence": 99.90190124511719,
      "Text": "THR",
      "TextType": "PRINTED",
      "Geometry": {
        "BoundingBox": {
          "Width": 0.02793341688811779,
          "Height": 0.020551897585392,
          "Left": 0.5749436020851135,
          "Top": 0.4168464243412018
        },
        "Polygon": [
          {
            "X": 0.5749436020851135,
            "Y": 0.4168464243412018
          },
          {
            "X": 0.602600634098053,
            "Y": 0.4168800115585327
          },
          {
            "X": 0.6028770208358765,
            "Y": 0.4373983144760132
          },
          {
            "X": 0.575212836265564,
            "Y": 0.43736276030540466
          }
        ]
      },
      "Id": "03348601-2065-4351-b7fd-cd1cf6a909ab",
      "Page": 1
    },
    {
      "BlockType": "WORD",
      "Confidence": 72.91244506835938,
      "Text": "(kJ/g)",
      "TextType": "PRINTED",
      "Geometry": {
        "BoundingBox": {
          "Width": 0.03490050882101059,
          "Height": 0.025793127715587616,
          "Left": 0.6060994863510132,
          "Top": 0.4162491261959076
        },
        "Polygon": [
          {
            "X": 0.6060994863510132,
            "Y": 0.4162491261959076
          },
          {
            "X": 0.6406408548355103,
            "Y": 0.4162909984588623
          },
          {
            "X": 0.640999972820282,
            "Y": 0.4420422613620758
          },
          {
            "X": 0.6064474582672119,
            "Y": 0.44199731945991516
          }
        ]
      },
      "Id": "19503fcf-fafa-4fcc-80e1-b14d6c9c9924",
      "Page": 1
    },
    {
      "BlockType": "WORD",
      "Confidence": 97.00495910644531,
      "Text": "Tp",
      "TextType": "PRINTED",
      "Geometry": {
        "BoundingBox": {
          "Width": 0.014682327397167683,
          "Height": 0.027129704132676125,
          "Left": 0.7155808210372925,
          "Top": 0.4172164499759674
        },
        "Polygon": [
          {
            "X": 0.7155808210372925,
            "Y": 0.4172164499759674
          },
          {
            "X": 0.7298547029495239,
            "Y": 0.41723379492759705
          },
          {
            "X": 0.7302631735801697,
            "Y": 0.444346159696579
          },
          {
            "X": 0.7159844636917114,
            "Y": 0.4443274736404419
          }
        ]
      },
      "Id": "e5740a9b-16e3-4663-9d3e-cef44ea8e4af",
      "Page": 1
    },
    {
      "BlockType": "WORD",
      "Confidence": 73.24482727050781,
      "Text": "(C)",
      "TextType": "PRINTED",
      "Geometry": {
        "BoundingBox": {
          "Width": 0.024743515998125076,
          "Height": 0.026103023439645767,
          "Left": 0.73415207862854,
          "Top": 0.41623735427856445
        },
        "Polygon": [
          {
            "X": 0.73415207862854,
            "Y": 0.41623735427856445
          },
          {
            "X": 0.7584933638572693,
            "Y": 0.41626685857772827
          },
          {
            "X": 0.7588955760002136,
            "Y": 0.4423403739929199
          },
          {
            "X": 0.7345463037490845,
            "Y": 0.4423086941242218
          }
        ]
      },
      "Id": "894ca8ae-aea2-4d11-a074-6672ccc3512b",
      "Page": 1
    },
    {
      "BlockType": "WORD",
      "Confidence": 99.66374969482422,
      "Text": "EP",
      "TextType": "PRINTED",
      "Geometry": {
        "BoundingBox": {
          "Width": 0.01592877134680748,
          "Height": 0.01902710646390915,
          "Left": 0.2559747099876404,
          "Top": 0.46609070897102356
        },
        "Polygon": [
          {
            "X": 0.2559747099876404,
            "Y": 0.46609070897102356
          },
          {
            "X": 0.27172648906707764,
            "Y": 0.46611252427101135
          },
          {
            "X": 0.27190348505973816,
            "Y": 0.4851177930831909
          },
          {
            "X": 0.25614792108535767,
            "Y": 0.48509496450424194
          }
        ]
      },
      "Id": "d4e44366-1c99-4842-b790-c6327f737d65",
      "Page": 1
    },
    {
      "BlockType": "WORD",
      "Confidence": 99.96186828613281,
      "Text": "709.6",
      "TextType": "PRINTED",
      "Geometry": {
        "BoundingBox": {
          "Width": 0.03531045839190483,
          "Height": 0.020433463156223297,
          "Left": 0.4232467710971832,
          "Top": 0.46516895294189453
        },
        "Polygon": [
          {
            "X": 0.4232467710971832,
            "Y": 0.46516895294189453
          },
          {
            "X": 0.45831969380378723,
            "Y": 0.46521738171577454
          },
          {
            "X": 0.45855721831321716,
            "Y": 0.48560240864753723
          },
          {
            "X": 0.42347532510757446,
            "Y": 0.48555153608322144
          }
        ]
      },
      "Id": "ecd07b73-72ac-4d2c-ae29-a85b86717e2c",
      "Page": 1
    },
    {
      "BlockType": "WORD",
      "Confidence": 76.37799072265625,
      "Text": "32.8",
      "TextType": "PRINTED",
      "Geometry": {
        "BoundingBox": {
          "Width": 0.026618974283337593,
          "Height": 0.019862592220306396,
          "Left": 0.5758774280548096,
          "Top": 0.465392529964447
        },
        "Polygon": [
          {
            "X": 0.5758774280548096,
            "Y": 0.465392529964447
          },
          {
            "X": 0.6022295951843262,
            "Y": 0.4654289186000824
          },
          {
            "X": 0.6024963855743408,
            "Y": 0.4852551221847534
          },
          {
            "X": 0.5761376023292542,
            "Y": 0.4852169454097748
          }
        ]
      },
      "Id": "4a77515f-5830-41d1-b80a-0a410928b426",
      "Page": 1
    },
    {
      "BlockType": "WORD",
      "Confidence": 80.61158752441406,
      "Text": "395.9",
      "TextType": "PRINTED",
      "Geometry": {
        "BoundingBox": {
          "Width": 0.034780703485012054,
          "Height": 0.02032499946653843,
          "Left": 0.7165535688400269,
          "Top": 0.4652900993824005
        },
        "Polygon": [
          {
            "X": 0.7165535688400269,
            "Y": 0.4652900993824005
          },
          {
            "X": 0.7510235905647278,
            "Y": 0.4653376638889313
          },
          {
            "X": 0.7513342499732971,
            "Y": 0.4856151044368744
          },
          {
            "X": 0.7168554663658142,
            "Y": 0.4855651557445526
          }
        ]
      },
      "Id": "e6f9055f-e3f1-46fa-a66d-03bf97c595e9",
      "Page": 1
    },
    {
      "BlockType": "WORD",
      "Confidence": 98.74208068847656,
      "Text": "EP/3%BPA-BPP",
      "TextType": "PRINTED",
      "Geometry": {
        "BoundingBox": {
          "Width": 0.09190661460161209,
          "Height": 0.025057289749383926,
          "Left": 0.25638431310653687,
          "Top": 0.49765148758888245
        },
        "Polygon": [
          {
            "X": 0.25638431310653687,
            "Y": 0.49765148758888245
          },
          {
            "X": 0.3480350971221924,
            "Y": 0.49778828024864197
          },
          {
            "X": 0.34829092025756836,
            "Y": 0.5227087736129761
          },
          {
            "X": 0.2566114068031311,
            "Y": 0.5225641131401062
          }
        ]
      },
      "Id": "b0119e88-a2e4-4d0d-aa20-4484893220a9",
      "Page": 1
    },
    {
      "BlockType": "WORD",
      "Confidence": 99.86321258544922,
      "Text": "482.8",
      "TextType": "PRINTED",
      "Geometry": {
        "BoundingBox": {
          "Width": 0.035262249410152435,
          "Height": 0.020214984193444252,
          "Left": 0.4229169189929962,
          "Top": 0.4977788031101227
        },
        "Polygon": [
          {
            "X": 0.4229169189929962,
            "Y": 0.4977788031101227
          },
          {
            "X": 0.457944393157959,
            "Y": 0.4978310763835907
          },
          {
            "X": 0.45817914605140686,
            "Y": 0.5179938077926636
          },
          {
            "X": 0.42314279079437256,
            "Y": 0.5179390907287598
          }
        ]
      },
      "Id": "69b9322f-8845-403a-8c51-7be3ab7761cd",
      "Page": 1
    },
    {
      "BlockType": "WORD",
      "Confidence": 66.6631851196289,
      "Text": "27.4",
      "TextType": "PRINTED",
      "Geometry": {
        "BoundingBox": {
          "Width": 0.027645595371723175,
          "Height": 0.01980764791369438,
          "Left": 0.5755019187927246,
          "Top": 0.4978450536727905
        },
        "Polygon": [
          {
            "X": 0.5755019187927246,
            "Y": 0.4978450536727905
          },
          {
            "X": 0.6028814315795898,
            "Y": 0.49788588285446167
          },
          {
            "X": 0.6031475067138672,
            "Y": 0.517652690410614
          },
          {
            "X": 0.5757611393928528,
            "Y": 0.5176100134849548
          }
        ]
      },
      "Id": "7ece8eb8-735c-4974-8549-cb9a68ebb4f2",
      "Page": 1
    },
    {
      "BlockType": "WORD",
      "Confidence": 68.83859252929688,
      "Text": "379,6",
      "TextType": "PRINTED",
      "Geometry": {
        "BoundingBox": {
          "Width": 0.0352049358189106,
          "Height": 0.02040356583893299,
          "Left": 0.7163333892822266,
          "Top": 0.4975391924381256
        },
        "Polygon": [
          {
            "X": 0.7163333892822266,
            "Y": 0.4975391924381256
          },
          {
            "X": 0.751226544380188,
            "Y": 0.49759119749069214
          },
          {
            "X": 0.7515383362770081,
            "Y": 0.5179427862167358
          },
          {
            "X": 0.7166362404823303,
            "Y": 0.5178883671760559
          }
        ]
      },
      "Id": "5bdf6926-fd36-4f48-bc1c-abfcea009929",
      "Page": 1
    },
    {
      "BlockType": "WORD",
      "Confidence": 99.11343383789062,
      "Text": "EP/6%BPA-BPP",
      "TextType": "PRINTED",
      "Geometry": {
        "BoundingBox": {
          "Width": 0.09236934036016464,
          "Height": 0.025383153930306435,
          "Left": 0.2558528184890747,
          "Top": 0.5290957093238831
        },
        "Polygon": [
          {
            "X": 0.2558528184890747,
            "Y": 0.5290957093238831
          },
          {
            "X": 0.34796324372291565,
            "Y": 0.5292431116104126
          },
          {
            "X": 0.34822216629981995,
            "Y": 0.5544788837432861
          },
          {
            "X": 0.25608256459236145,
            "Y": 0.5543234944343567
          }
        ]
      },
      "Id": "190a7d56-9a49-4e3f-9270-a6bfe08ac08a",
      "Page": 1
    },
    {
      "BlockType": "WORD",
      "Confidence": 99.95706939697266,
      "Text": "450.1",
      "TextType": "PRINTED",
      "Geometry": {
        "BoundingBox": {
          "Width": 0.03402746096253395,
          "Height": 0.019957439973950386,
          "Left": 0.42277202010154724,
          "Top": 0.5303478837013245
        },
        "Polygon": [
          {
            "X": 0.42277202010154724,
            "Y": 0.5303478837013245
          },
          {
            "X": 0.45656818151474,
            "Y": 0.5304020643234253
          },
          {
            "X": 0.4567994773387909,
            "Y": 0.5503053069114685
          },
          {
            "X": 0.42299485206604004,
            "Y": 0.5502488017082214
          }
        ]
      },
      "Id": "aac8e578-1059-4055-80ff-a4bd91c90590",
      "Page": 1
    },
    {
      "BlockType": "WORD",
      "Confidence": 89.51421356201172,
      "Text": "26.2",
      "TextType": "PRINTED",
      "Geometry": {
        "BoundingBox": {
          "Width": 0.026469402015209198,
          "Height": 0.019476693123579025,
          "Left": 0.576025128364563,
          "Top": 0.5302509665489197
        },
        "Polygon": [
          {
            "X": 0.576025128364563,
            "Y": 0.5302509665489197
          },
          {
            "X": 0.6022332310676575,
            "Y": 0.5302929282188416
          },
          {
            "X": 0.6024945378303528,
            "Y": 0.5497276782989502
          },
          {
            "X": 0.5762800574302673,
            "Y": 0.5496839284896851
          }
        ]
      },
      "Id": "cf78c7fa-8d4e-47bd-9aa2-87d90f770c7b",
      "Page": 1
    },
    {
      "BlockType": "WORD",
      "Confidence": 82.28816986083984,
      "Text": "363.8",
      "TextType": "PRINTED",
      "Geometry": {
        "BoundingBox": {
          "Width": 0.034923892468214035,
          "Height": 0.0202681515365839,
          "Left": 0.7164112329483032,
          "Top": 0.5301521420478821
        },
        "Polygon": [
          {
            "X": 0.7164112329483032,
            "Y": 0.5301521420478821
          },
          {
            "X": 0.7510256767272949,
            "Y": 0.5302075743675232
          },
          {
            "X": 0.7513351440429688,
            "Y": 0.5504202842712402
          },
          {
            "X": 0.7167119383811951,
            "Y": 0.5503624677658081
          }
        ]
      },
      "Id": "7f9a9d04-88f6-40f8-9ebd-818d0b5a9a05",
      "Page": 1
    },
    {
      "BlockType": "WORD",
      "Confidence": 98.66110229492188,
      "Text": "EP/9%BPA-BPP",
      "TextType": "PRINTED",
      "Geometry": {
        "BoundingBox": {
          "Width": 0.09197058528661728,
          "Height": 0.025353752076625824,
          "Left": 0.25607380270957947,
          "Top": 0.562147855758667
        },
        "Polygon": [
          {
            "X": 0.25607380270957947,
            "Y": 0.562147855758667
          },
          {
            "X": 0.3477860391139984,
            "Y": 0.5623049736022949
          },
          {
            "X": 0.34804439544677734,
            "Y": 0.587501585483551
          },
          {
            "X": 0.25630316138267517,
            "Y": 0.5873364806175232
          }
        ]
      },
      "Id": "1789db81-1dcf-48c9-bc9b-25ca66f7d5e3",
      "Page": 1
    },
    {
      "BlockType": "WORD",
      "Confidence": 62.38005828857422,
      "Text": "433.8",
      "TextType": "PRINTED",
      "Geometry": {
        "BoundingBox": {
          "Width": 0.03532448410987854,
          "Height": 0.01993473991751671,
          "Left": 0.4228915870189667,
          "Top": 0.5627225637435913
        },
        "Polygon": [
          {
            "X": 0.4228915870189667,
            "Y": 0.5627225637435913
          },
          {
            "X": 0.4579848349094391,
            "Y": 0.5627827048301697
          },
          {
            "X": 0.4582160711288452,
            "Y": 0.5826572775840759
          },
          {
            "X": 0.42311403155326843,
            "Y": 0.5825947523117065
          }
        ]
      },
      "Id": "94d339f0-cf6c-4df7-a805-1a1571b0d55f",
      "Page": 1
    },
    {
      "BlockType": "WORD",
      "Confidence": 65.91092681884766,
      "Text": "26.0",
      "TextType": "PRINTED",
      "Geometry": {
        "BoundingBox": {
          "Width": 0.02670353464782238,
          "Height": 0.019443754106760025,
          "Left": 0.5760380625724792,
          "Top": 0.5628088116645813
        },
        "Polygon": [
          {
            "X": 0.5760380625724792,
            "Y": 0.5628088116645813
          },
          {
            "X": 0.6024808287620544,
            "Y": 0.5628541111946106
          },
          {
            "X": 0.6027415990829468,
            "Y": 0.582252562046051
          },
          {
            "X": 0.5762923955917358,
            "Y": 0.5822054743766785
          }
        ]
      },
      "Id": "0c540498-bec2-4eaf-929d-cb023893e799",
      "Page": 1
    },
    {
      "BlockType": "WORD",
      "Confidence": 89.99163055419922,
      "Text": "352.8",
      "TextType": "PRINTED",
      "Geometry": {
        "BoundingBox": {
          "Width": 0.03493538498878479,
          "Height": 0.019539276137948036,
          "Left": 0.7164553999900818,
          "Top": 0.5628858208656311
        },
        "Polygon": [
          {
            "X": 0.7164553999900818,
            "Y": 0.5628858208656311
          },
          {
            "X": 0.7510926127433777,
            "Y": 0.5629451870918274
          },
          {
            "X": 0.7513907551765442,
            "Y": 0.5824251174926758
          },
          {
            "X": 0.7167450189590454,
            "Y": 0.582363486289978
          }
        ]
      },
      "Id": "157271fb-b0ac-4177-95b3-36dcd6a09507",
      "Page": 1
    },
    {
      "BlockType": "TABLE",
      "Confidence": 99.951171875,
      "Geometry": {
        "BoundingBox": {
          "Width": 0.5488640069961548,
          "Height": 0.18983784317970276,
          "Left": 0.2256883680820465,
          "Top": 0.4049391746520996
        },
        "Polygon": [
          {
            "X": 0.2256883680820465,
            "Y": 0.4049391746520996
          },
          {
            "X": 0.7716023325920105,
            "Y": 0.405580997467041
          },
          {
            "X": 0.7745524048805237,
            "Y": 0.5947770476341248
          },
          {
            "X": 0.22733917832374573,
            "Y": 0.5937801599502563
          }
        ]
      },
      "Id": "975c62b8-f2ad-4645-b783-88f939b2e27b",
      "Relationships": [
        {
          "Type": "CHILD",
          "Ids": [
            "7068541c-a871-4ccf-a9ba-1b7724d2d455",
            "bec2fa78-155f-477f-adf2-260c3b18f9fd",
            "bca8fb66-759e-4c42-b391-6d074c122d16",
            "78f5a45d-1eb7-4d6f-8b09-78f36ea9e1e9",
            "3e621b01-59bb-4185-9aa9-1df551b231aa",
            "cef0efca-34a3-430c-83c0-458aacca1253",
            "69d060d0-b80d-44f9-b08e-8a8cec2a1e21",
            "a0614851-ed8d-4079-a482-5d53e7a1a2ab",
            "2beed31f-c2ae-4e95-ba88-be57453b24c5",
            "5c787716-7a25-4fc6-8baa-131af5267557",
            "062150e7-25e3-4d84-9966-1102612a975e",
            "f0eb44cd-d9f8-46f2-a345-579078cabc0f",
            "762667a5-a6b9-44b2-a341-b55411fdabb2",
            "837de135-6c52-4448-a727-731a38d30410",
            "1dc0f566-f7e9-4d77-bc38-0e47d7b8f276",
            "dc534b40-1df6-4ec5-97e9-9ec25e0b1525",
            "d31dc19d-f60f-45ed-b12f-e04ac2468bcb",
            "ce3c47aa-088f-47b7-ab3f-ba036e4ab882",
            "3c31d2a5-a0be-49fa-8ac4-360c223366c3",
            "555e28d1-d425-4f0e-9281-109e24fcaa34"
          ]
        }
      ],
      "EntityTypes": [
        "STRUCTURED_TABLE"
      ],
      "Page": 1
    },
    {
      "BlockType": "CELL",
      "Confidence": 92.626953125,
      "RowIndex": 1,
      "ColumnIndex": 1,
      "RowSpan": 1,
      "ColumnSpan": 1,
      "Geometry": {
        "BoundingBox": {
          "Width": 0.15640249848365784,
          "Height": 0.04726110026240349,
          "Left": 0.2256883680820465,
          "Top": 0.4049391746520996
        },
        "Polygon": [
          {
            "X": 0.2256883680820465,
            "Y": 0.4049391746520996
          },
          {
            "X": 0.3815872073173523,
            "Y": 0.40512245893478394
          },
          {
            "X": 0.38209086656570435,
            "Y": 0.4522002935409546
          },
          {
            "X": 0.22609969973564148,
            "Y": 0.4519917964935303
          }
        ]
      },
      "Id": "7068541c-a871-4ccf-a9ba-1b7724d2d455",
      "Relationships": [
        {
          "Type": "CHILD",
          "Ids": [
            "2216aa64-e6f0-4422-9e3f-5d00ace7c456"
          ]
        }
      ],
      "EntityTypes": [
        "COLUMN_HEADER"
      ],
      "Page": 1
    },
    {
      "BlockType": "CELL",
      "Confidence": 91.796875,
      "RowIndex": 1,
      "ColumnIndex": 2,
      "RowSpan": 1,
      "ColumnSpan": 1,
      "Geometry": {
        "BoundingBox": {
          "Width": 0.15400785207748413,
          "Height": 0.04728299751877785,
          "Left": 0.3815872073173523,
          "Top": 0.40512245893478394
        },
        "Polygon": [
          {
            "X": 0.3815872073173523,
            "Y": 0.40512245893478394
          },
          {
            "X": 0.5350005030632019,
            "Y": 0.40530282258987427
          },
          {
            "X": 0.5355950593948364,
            "Y": 0.4524054527282715
          },
          {
            "X": 0.38209086656570435,
            "Y": 0.4522002935409546
          }
        ]
      },
      "Id": "bec2fa78-155f-477f-adf2-260c3b18f9fd",
      "Relationships": [
        {
          "Type": "CHILD",
          "Ids": [
            "f58fcbc7-c992-4af0-9678-f6126d71826d",
            "c1f9ccda-37c8-4cfa-ab36-4394ca91dc99"
          ]
        }
      ],
      "EntityTypes": [
        "COLUMN_HEADER"
      ],
      "Page": 1
    },
    {
      "BlockType": "CELL",
      "Confidence": 92.3828125,
      "RowIndex": 1,
      "ColumnIndex": 3,
      "RowSpan": 1,
      "ColumnSpan": 1,
      "Geometry": {
        "BoundingBox": {
          "Width": 0.1452164202928543,
          "Height": 0.047295939177274704,
          "Left": 0.5350005030632019,
          "Top": 0.40530282258987427
        },
        "Polygon": [
          {
            "X": 0.5350005030632019,
            "Y": 0.40530282258987427
          },
          {
            "X": 0.6795365214347839,
            "Y": 0.4054727554321289
          },
          {
            "X": 0.680216908454895,
            "Y": 0.45259878039360046
          },
          {
            "X": 0.5355950593948364,
            "Y": 0.4524054527282715
          }
        ]
      },
      "Id": "bca8fb66-759e-4c42-b391-6d074c122d16",
      "Relationships": [
        {
          "Type": "CHILD",
          "Ids": [
            "03348601-2065-4351-b7fd-cd1cf6a909ab",
            "19503fcf-fafa-4fcc-80e1-b14d6c9c9924"
          ]
        }
      ],
      "EntityTypes": [
        "COLUMN_HEADER"
      ],
      "Page": 1
    },
    {
      "BlockType": "CELL",
      "Confidence": 89.0625,
      "RowIndex": 1,
      "ColumnIndex": 4,
      "RowSpan": 1,
      "ColumnSpan": 1,
      "Geometry": {
        "BoundingBox": {
          "Width": 0.09280084818601608,
          "Height": 0.047249145805835724,
          "Left": 0.6795365214347839,
          "Top": 0.4054727554321289
        },
        "Polygon": [
          {
            "X": 0.6795365214347839,
            "Y": 0.4054727554321289
          },
          {
            "X": 0.7716023325920105,
            "Y": 0.405580997467041
          },
          {
            "X": 0.7723373770713806,
            "Y": 0.45272189378738403
          },
          {
            "X": 0.680216908454895,
            "Y": 0.45259878039360046
          }
        ]
      },
      "Id": "78f5a45d-1eb7-4d6f-8b09-78f36ea9e1e9",
      "Relationships": [
        {
          "Type": "CHILD",
          "Ids": [
            "e5740a9b-16e3-4663-9d3e-cef44ea8e4af",
            "894ca8ae-aea2-4d11-a074-6672ccc3512b"
          ]
        }
      ],
      "EntityTypes": [
        "COLUMN_HEADER"
      ],
      "Page": 1
    },
    {
      "BlockType": "CELL",
      "Confidence": 87.841796875,
      "RowIndex": 2,
      "ColumnIndex": 1,
      "RowSpan": 1,
      "ColumnSpan": 1,
      "Geometry": {
        "BoundingBox": {
          "Width": 0.15641014277935028,
          "Height": 0.03936994820833206,
          "Left": 0.22609969973564148,
          "Top": 0.4519917964935303
        },
        "Polygon": [
          {
            "X": 0.22609969973564148,
            "Y": 0.4519917964935303
          },
          {
            "X": 0.38209086656570435,
            "Y": 0.4522002935409546
          },
          {
            "X": 0.38250982761383057,
            "Y": 0.49136173725128174
          },
          {
            "X": 0.22644184529781342,
            "Y": 0.4911322295665741
          }
        ]
      },
      "Id": "3e621b01-59bb-4185-9aa9-1df551b231aa",
      "Relationships": [
        {
          "Type": "CHILD",
          "Ids": [
            "d4e44366-1c99-4842-b790-c6327f737d65"
          ]
        }
      ],
      "Page": 1
    },
    {
      "BlockType": "CELL",
      "Confidence": 87.060546875,
      "RowIndex": 2,
      "ColumnIndex": 2,
      "RowSpan": 1,
      "ColumnSpan": 1,
      "Geometry": {
        "BoundingBox": {
          "Width": 0.15399882197380066,
          "Height": 0.0393872894346714,
          "Left": 0.38209086656570435,
          "Top": 0.4522002935409546
        },
        "Polygon": [
          {
            "X": 0.38209086656570435,
            "Y": 0.4522002935409546
          },
          {
            "X": 0.5355950593948364,
            "Y": 0.4524054527282715
          },
          {
            "X": 0.5360897183418274,
            "Y": 0.4915875792503357
          },
          {
            "X": 0.38250982761383057,
            "Y": 0.49136173725128174
          }
        ]
      },
      "Id": "cef0efca-34a3-430c-83c0-458aacca1253",
      "Relationships": [
        {
          "Type": "CHILD",
          "Ids": [
            "ecd07b73-72ac-4d2c-ae29-a85b86717e2c"
          ]
        }
      ],
      "Page": 1
    },
    {
      "BlockType": "CELL",
      "Confidence": 87.59765625,
      "RowIndex": 2,
      "ColumnIndex": 3,
      "RowSpan": 1,
      "ColumnSpan": 1,
      "Geometry": {
        "BoundingBox": {
          "Width": 0.14518779516220093,
          "Height": 0.039394889026880264,
          "Left": 0.5355950593948364,
          "Top": 0.4524054527282715
        },
        "Polygon": [
          {
            "X": 0.5355950593948364,
            "Y": 0.4524054527282715
          },
          {
            "X": 0.680216908454895,
            "Y": 0.45259878039360046
          },
          {
            "X": 0.6807828545570374,
            "Y": 0.49180033802986145
          },
          {
            "X": 0.5360897183418274,
            "Y": 0.4915875792503357
          }
        ]
      },
      "Id": "69d060d0-b80d-44f9-b08e-8a8cec2a1e21",
      "Relationships": [
        {
          "Type": "CHILD",
          "Ids": [
            "4a77515f-5830-41d1-b80a-0a410928b426"
          ]
        }
      ],
      "Page": 1
    },
    {
      "BlockType": "CELL",
      "Confidence": 84.423828125,
      "RowIndex": 2,
      "ColumnIndex": 4,
      "RowSpan": 1,
      "ColumnSpan": 1,
      "Geometry": {
        "BoundingBox": {
          "Width": 0.09273192286491394,
          "Height": 0.03933711722493172,
          "Left": 0.680216908454895,
          "Top": 0.45259878039360046
        },
        "Polygon": [
          {
            "X": 0.680216908454895,
            "Y": 0.45259878039360046
          },
          {
            "X": 0.7723373770713806,
            "Y": 0.45272189378738403
          },
          {
            "X": 0.7729488015174866,
            "Y": 0.4919358789920807
          },
          {
            "X": 0.6807828545570374,
            "Y": 0.49180033802986145
          }
        ]
      },
      "Id": "a0614851-ed8d-4079-a482-5d53e7a1a2ab",
      "Relationships": [
        {
          "Type": "CHILD",
          "Ids": [
            "e6f9055f-e3f1-46fa-a66d-03bf97c595e9"
          ]
        }
      ],
      "Page": 1
    },
    {
      "BlockType": "CELL",
      "Confidence": 85.693359375,
      "RowIndex": 3,
      "ColumnIndex": 1,
      "RowSpan": 1,
      "ColumnSpan": 1,
      "Geometry": {
        "BoundingBox": {
          "Width": 0.15641501545906067,
          "Height": 0.03266808018088341,
          "Left": 0.22644184529781342,
          "Top": 0.4911322295665741
        },
        "Polygon": [
          {
            "X": 0.22644184529781342,
            "Y": 0.4911322295665741
          },
          {
            "X": 0.38250982761383057,
            "Y": 0.49136173725128174
          },
          {
            "X": 0.3828568756580353,
            "Y": 0.5238003134727478
          },
          {
            "X": 0.2267252802848816,
            "Y": 0.5235533714294434
          }
        ]
      },
      "Id": "2beed31f-c2ae-4e95-ba88-be57453b24c5",
      "Relationships": [
        {
          "Type": "CHILD",
          "Ids": [
            "b0119e88-a2e4-4d0d-aa20-4484893220a9"
          ]
        }
      ],
      "Page": 1
    },
    {
      "BlockType": "CELL",
      "Confidence": 84.912109375,
      "RowIndex": 3,
      "ColumnIndex": 2,
      "RowSpan": 1,
      "ColumnSpan": 1,
      "Geometry": {
        "BoundingBox": {
          "Width": 0.15398956835269928,
          "Height": 0.032681554555892944,
          "Left": 0.38250982761383057,
          "Top": 0.49136173725128174
        },
        "Polygon": [
          {
            "X": 0.38250982761383057,
            "Y": 0.49136173725128174
          },
          {
            "X": 0.5360897183418274,
            "Y": 0.4915875792503357
          },
          {
            "X": 0.5364993810653687,
            "Y": 0.5240432620048523
          },
          {
            "X": 0.3828568756580353,
            "Y": 0.5238003134727478
          }
        ]
      },
      "Id": "5c787716-7a25-4fc6-8baa-131af5267557",
      "Relationships": [
        {
          "Type": "CHILD",
          "Ids": [
            "69b9322f-8845-403a-8c51-7be3ab7761cd"
          ]
        }
      ],
      "Page": 1
    },
    {
      "BlockType": "CELL",
      "Confidence": 85.44921875,
      "RowIndex": 3,
      "ColumnIndex": 3,
      "RowSpan": 1,
      "ColumnSpan": 1,
      "Geometry": {
        "BoundingBox": {
          "Width": 0.145161971449852,
          "Height": 0.032684627920389175,
          "Left": 0.5360897183418274,
          "Top": 0.4915875792503357
        },
        "Polygon": [
          {
            "X": 0.5360897183418274,
            "Y": 0.4915875792503357
          },
          {
            "X": 0.6807828545570374,
            "Y": 0.49180033802986145
          },
          {
            "X": 0.6812516450881958,
            "Y": 0.5242722034454346
          },
          {
            "X": 0.5364993810653687,
            "Y": 0.5240432620048523
          }
        ]
      },
      "Id": "062150e7-25e3-4d84-9966-1102612a975e",
      "Relationships": [
        {
          "Type": "CHILD",
          "Ids": [
            "7ece8eb8-735c-4974-8549-cb9a68ebb4f2"
          ]
        }
      ],
      "Page": 1
    },
    {
      "BlockType": "CELL",
      "Confidence": 82.373046875,
      "RowIndex": 3,
      "ColumnIndex": 4,
      "RowSpan": 1,
      "ColumnSpan": 1,
      "Geometry": {
        "BoundingBox": {
          "Width": 0.0926724374294281,
          "Height": 0.03261766582727432,
          "Left": 0.6807828545570374,
          "Top": 0.49180033802986145
        },
        "Polygon": [
          {
            "X": 0.6807828545570374,
            "Y": 0.49180033802986145
          },
          {
            "X": 0.7729488015174866,
            "Y": 0.4919358789920807
          },
          {
            "X": 0.7734553217887878,
            "Y": 0.5244179964065552
          },
          {
            "X": 0.6812516450881958,
            "Y": 0.5242722034454346
          }
        ]
      },
      "Id": "f0eb44cd-d9f8-46f2-a345-579078cabc0f",
      "Relationships": [
        {
          "Type": "CHILD",
          "Ids": [
            "5bdf6926-fd36-4f48-bc1c-abfcea009929"
          ]
        }
      ],
      "Page": 1
    },
    {
      "BlockType": "CELL",
      "Confidence": 83.544921875,
      "RowIndex": 4,
      "ColumnIndex": 1,
      "RowSpan": 1,
      "ColumnSpan": 1,
      "Geometry": {
        "BoundingBox": {
          "Width": 0.1564789116382599,
          "Height": 0.03271188214421272,
          "Left": 0.2267252802848816,
          "Top": 0.5235533714294434
        },
        "Polygon": [
          {
            "X": 0.2267252802848816,
            "Y": 0.5235533714294434
          },
          {
            "X": 0.3828568756580353,
            "Y": 0.5238003134727478
          },
          {
            "X": 0.3832041919231415,
            "Y": 0.5562652945518494
          },
          {
            "X": 0.22700892388820648,
            "Y": 0.5560009479522705
          }
        ]
      },
      "Id": "762667a5-a6b9-44b2-a341-b55411fdabb2",
      "Relationships": [
        {
          "Type": "CHILD",
          "Ids": [
            "190a7d56-9a49-4e3f-9270-a6bfe08ac08a"
          ]
        }
      ],
      "Page": 1
    },
    {
      "BlockType": "CELL",
      "Confidence": 82.8125,
      "RowIndex": 4,
      "ColumnIndex": 2,
      "RowSpan": 1,
      "ColumnSpan": 1,
      "Geometry": {
        "BoundingBox": {
          "Width": 0.15405257046222687,
          "Height": 0.03272510692477226,
          "Left": 0.3828568756580353,
          "Top": 0.5238003134727478
        },
        "Polygon": [
          {
            "X": 0.3828568756580353,
            "Y": 0.5238003134727478
          },
          {
            "X": 0.5364993810653687,
            "Y": 0.5240432620048523
          },
          {
            "X": 0.5369094014167786,
            "Y": 0.5565254092216492
          },
          {
            "X": 0.3832041919231415,
            "Y": 0.5562652945518494
          }
        ]
      },
      "Id": "837de135-6c52-4448-a727-731a38d30410",
      "Relationships": [
        {
          "Type": "CHILD",
          "Ids": [
            "aac8e578-1059-4055-80ff-a4bd91c90590"
          ]
        }
      ],
      "Page": 1
    },
    {
      "BlockType": "CELL",
      "Confidence": 83.30078125,
      "RowIndex": 4,
      "ColumnIndex": 3,
      "RowSpan": 1,
      "ColumnSpan": 1,
      "Geometry": {
        "BoundingBox": {
          "Width": 0.14522145688533783,
          "Height": 0.03272721543908119,
          "Left": 0.5364993810653687,
          "Top": 0.5240432620048523
        },
        "Polygon": [
          {
            "X": 0.5364993810653687,
            "Y": 0.5240432620048523
          },
          {
            "X": 0.6812516450881958,
            "Y": 0.5242722034454346
          },
          {
            "X": 0.6817208528518677,
            "Y": 0.5567705035209656
          },
          {
            "X": 0.5369094014167786,
            "Y": 0.5565254092216492
          }
        ]
      },
      "Id": "1dc0f566-f7e9-4d77-bc38-0e47d7b8f276",
      "Relationships": [
        {
          "Type": "CHILD",
          "Ids": [
            "cf78c7fa-8d4e-47bd-9aa2-87d90f770c7b"
          ]
        }
      ],
      "Page": 1
    },
    {
      "BlockType": "CELL",
      "Confidence": 80.322265625,
      "RowIndex": 4,
      "ColumnIndex": 4,
      "RowSpan": 1,
      "ColumnSpan": 1,
      "Geometry": {
        "BoundingBox": {
          "Width": 0.09271053224802017,
          "Height": 0.03265441209077835,
          "Left": 0.6812516450881958,
          "Top": 0.5242722034454346
        },
        "Polygon": [
          {
            "X": 0.6812516450881958,
            "Y": 0.5242722034454346
          },
          {
            "X": 0.7734553217887878,
            "Y": 0.5244179964065552
          },
          {
            "X": 0.7739621996879578,
            "Y": 0.5569266080856323
          },
          {
            "X": 0.6817208528518677,
            "Y": 0.5567705035209656
          }
        ]
      },
      "Id": "dc534b40-1df6-4ec5-97e9-9ec25e0b1525",
      "Relationships": [
        {
          "Type": "CHILD",
          "Ids": [
            "7f9a9d04-88f6-40f8-9ebd-818d0b5a9a05"
          ]
        }
      ],
      "Page": 1
    },
    {
      "BlockType": "CELL",
      "Confidence": 91.796875,
      "RowIndex": 5,
      "ColumnIndex": 1,
      "RowSpan": 1,
      "ColumnSpan": 1,
      "Geometry": {
        "BoundingBox": {
          "Width": 0.15659964084625244,
          "Height": 0.03806392475962639,
          "Left": 0.22700892388820648,
          "Top": 0.5560009479522705
        },
        "Polygon": [
          {
            "X": 0.22700892388820648,
            "Y": 0.5560009479522705
          },
          {
            "X": 0.3832041919231415,
            "Y": 0.5562652945518494
          },
          {
            "X": 0.3836085796356201,
            "Y": 0.5940648317337036
          },
          {
            "X": 0.22733917832374573,
            "Y": 0.5937801599502563
          }
        ]
      },
      "Id": "d31dc19d-f60f-45ed-b12f-e04ac2468bcb",
      "Relationships": [
        {
          "Type": "CHILD",
          "Ids": [
            "1789db81-1dcf-48c9-bc9b-25ca66f7d5e3"
          ]
        }
      ],
      "Page": 1
    },
    {
      "BlockType": "CELL",
      "Confidence": 90.966796875,
      "RowIndex": 5,
      "ColumnIndex": 2,
      "RowSpan": 1,
      "ColumnSpan": 1,
      "Geometry": {
        "BoundingBox": {
          "Width": 0.15418265759944916,
          "Height": 0.03807970881462097,
          "Left": 0.3832041919231415,
          "Top": 0.5562652945518494
        },
        "Polygon": [
          {
            "X": 0.3832041919231415,
            "Y": 0.5562652945518494
          },
          {
            "X": 0.5369094014167786,
            "Y": 0.5565254092216492
          },
          {
            "X": 0.5373868346214294,
            "Y": 0.594344973564148
          },
          {
            "X": 0.3836085796356201,
            "Y": 0.5940648317337036
          }
        ]
      },
      "Id": "ce3c47aa-088f-47b7-ab3f-ba036e4ab882",
      "Relationships": [
        {
          "Type": "CHILD",
          "Ids": [
            "94d339f0-cf6c-4df7-a805-1a1571b0d55f"
          ]
        }
      ],
      "Page": 1
    },
    {
      "BlockType": "CELL",
      "Confidence": 91.552734375,
      "RowIndex": 5,
      "ColumnIndex": 3,
      "RowSpan": 1,
      "ColumnSpan": 1,
      "Geometry": {
        "BoundingBox": {
          "Width": 0.14535769820213318,
          "Height": 0.03808349743485451,
          "Left": 0.5369094014167786,
          "Top": 0.5565254092216492
        },
        "Polygon": [
          {
            "X": 0.5369094014167786,
            "Y": 0.5565254092216492
          },
          {
            "X": 0.6817208528518677,
            "Y": 0.5567705035209656
          },
          {
            "X": 0.6822671294212341,
            "Y": 0.5946089029312134
          },
          {
            "X": 0.5373868346214294,
            "Y": 0.594344973564148
          }
        ]
      },
      "Id": "3c31d2a5-a0be-49fa-8ac4-360c223366c3",
      "Relationships": [
        {
          "Type": "CHILD",
          "Ids": [
            "0c540498-bec2-4eaf-929d-cb023893e799"
          ]
        }
      ],
      "Page": 1
    },
    {
      "BlockType": "CELL",
      "Confidence": 88.232421875,
      "RowIndex": 5,
      "ColumnIndex": 4,
      "RowSpan": 1,
      "ColumnSpan": 1,
      "Geometry": {
        "BoundingBox": {
          "Width": 0.09283152967691422,
          "Height": 0.03800652548670769,
          "Left": 0.6817208528518677,
          "Top": 0.5567705035209656
        },
        "Polygon": [
          {
            "X": 0.6817208528518677,
            "Y": 0.5567705035209656
          },
          {
            "X": 0.7739621996879578,
            "Y": 0.5569266080856323
          },
          {
            "X": 0.7745524048805237,
            "Y": 0.5947770476341248
          },
          {
            "X": 0.6822671294212341,
            "Y": 0.5946089029312134
          }
        ]
      },
      "Id": "555e28d1-d425-4f0e-9281-109e24fcaa34",
      "Relationships": [
        {
          "Type": "CHILD",
          "Ids": [
            "157271fb-b0ac-4177-95b3-36dcd6a09507"
          ]
        }
      ],
      "Page": 1
    }
  ],
  "AnalyzeDocumentModelVersion": "1.0"
}