{
  "DocumentMetadata": {
    "Pages": 1
  },
  "JobStatus": "SUCCEEDED",
  "Blocks": [
    {
      "BlockType": "PAGE",
      "Geometry": {
        "BoundingBox": {
          "Width": 1,
          "Height": 1,
          "Left": 0,
          "Top": 0
        },
        "Polygon": [
          {
            "X": 0,
            "Y": 0
          },
          {
            "X": 1,
            "Y": 0.000001944562427524943
          },
          {
            "X": 1,
            "Y": 1
          },
          {
            "X": 0.000014943269889045041,
            "Y": 1
          }
        ]
      },
      "Id": "e51fbaf6-2636-46ec-94e1-2b70b58a4ca8",
      "Relationships": [
        {
          "Type": "CHILD",
          "Ids": [
            "5cbce720-c281-4484-b9a7-4a7f49913688",
            "6b714ec3-fe03-49c8-96a8-314b252df26a",
            "a74852ba-d18c-487f-b7f9-9bfa3e9b2e9f",
            "5bc8710e-4578-4731-9823-1f7b790efa42",
            "5d6c6907-527d-4f49-97d5-eb22dc560c99",
            "a5025e9f-8930-456c-8d50-07ea8ab4a000",
            "127797d3-1b55-4fc1-b03d-857f0215cad9",
            "b533b2c2-fe7a-4a57-b93b-97847908de7f",
            "0d547740-d99f-473e-a902-07109601d258",
            "06172d24-35a1-430e-8887-8159725554c4",
            "d5fce0cf-a683-4541-aabf-5bf4975e9e11",
            "c62d9af3-674f-4bee-bcb5-1e9eb5cabc3f",
            "219117b5-3225-4c68-ba71-029ca1aee779"
          ]
        }
      ],
      "Page": 1
    },
    {
      "BlockType": "LINE",
      "Confidence": 99.85382843017578,
      "Text": "Samples",
      "Geometry": {
        "BoundingBox": {
          "Width": 0.050485119223594666,
          "Height": 0.024338435381650925,
          "Left": 0.24129071831703186,
          "Top": 0.4207782447338104
        },
        "Polygon": [
          {
            "X": 0.24129071831703186,
            "Y": 0.4207782447338104
          },
          {
            "X": 0.29153648018836975,
            "Y": 0.4208230972290039
          },
          {
            "X": 0.2917758524417877,
            "Y": 0.44511666893959045
          },
          {
            "X": 0.24151380360126495,
            "Y": 0.4450760781764984
          }
        ]
      },
      "Id": "5cbce720-c281-4484-b9a7-4a7f49913688",
      "Relationships": [
        {
          "Type": "CHILD",
          "Ids": [
            "286d02ed-92b2-46d6-a2af-62afaef133b6"
          ]
        }
      ],
      "Page": 1
    },
    {
      "BlockType": "LINE",
      "Confidence": 99.71760559082031,
      "Text": "Flexural modulus 0.2-1% (MPa)",
      "Geometry": {
        "BoundingBox": {
          "Width": 0.19964289665222168,
          "Height": 0.02288844995200634,
          "Left": 0.3625369071960449,
          "Top": 0.4205857813358307
        },
        "Polygon": [
          {
            "X": 0.3625369071960449,
            "Y": 0.4205857813358307
          },
          {
            "X": 0.5618739724159241,
            "Y": 0.4207639694213867
          },
          {
            "X": 0.5621798038482666,
            "Y": 0.4434742331504822
          },
          {
            "X": 0.36278241872787476,
            "Y": 0.443311870098114
          }
        ]
      },
      "Id": "6b714ec3-fe03-49c8-96a8-314b252df26a",
      "Relationships": [
        {
          "Type": "CHILD",
          "Ids": [
            "96f79279-fcd3-47d1-91db-9a540996ff63",
            "a62d6b12-6f53-43da-9d2b-f2fd85c2ea97",
            "ba570691-9375-4c27-a5e7-c523f1abb4e7",
            "73594e34-b07d-4cf7-b2e9-f4de32c58076"
          ]
        }
      ],
      "Page": 1
    },
    {
      "BlockType": "LINE",
      "Confidence": 99.76007843017578,
      "Text": "Flexural stress max (MPa)",
      "Geometry": {
        "BoundingBox": {
          "Width": 0.16044646501541138,
          "Height": 0.023740336298942566,
          "Left": 0.5982733964920044,
          "Top": 0.41997483372688293
        },
        "Polygon": [
          {
            "X": 0.5982733964920044,
            "Y": 0.41997483372688293
          },
          {
            "X": 0.758340060710907,
            "Y": 0.4201183617115021
          },
          {
            "X": 0.758719801902771,
            "Y": 0.4437151551246643
          },
          {
            "X": 0.598602831363678,
            "Y": 0.4435848295688629
          }
        ]
      },
      "Id": "a74852ba-d18c-487f-b7f9-9bfa3e9b2e9f",
      "Relationships": [
        {
          "Type": "CHILD",
          "Ids": [
            "03237a5b-3779-4af6-9073-8c3f5f314884",
            "3e42f3df-32b3-4f35-804f-bbe93db76177",
            "ba8980ed-5944-443c-b6c0-6924fff1064b",
            "e4c1b437-d874-4f69-bfbe-cf2f55d1bdf0"
          ]
        }
      ],
      "Page": 1
    },
    {
      "BlockType": "LINE",
      "Confidence": 99.3746337890625,
      "Text": "Epoxy-DDM-1",
      "Geometry": {
        "BoundingBox": {
          "Width": 0.08352546393871307,
          "Height": 0.02397727780044079,
          "Left": 0.24176868796348572,
          "Top": 0.48382261395454407
        },
        "Polygon": [
          {
            "X": 0.24176868796348572,
            "Y": 0.48382261395454407
          },
          {
            "X": 0.32504794001579285,
            "Y": 0.48387858271598816
          },
          {
            "X": 0.32529416680336,
            "Y": 0.5077998638153076
          },
          {
            "X": 0.24198834598064423,
            "Y": 0.5077508687973022
          }
        ]
      },
      "Id": "5bc8710e-4578-4731-9823-1f7b790efa42",
      "Relationships": [
        {
          "Type": "CHILD",
          "Ids": [
            "db3408b0-e405-4198-b4c1-e151d381884c"
          ]
        }
      ],
      "Page": 1
    },
    {
      "BlockType": "LINE",
      "Confidence": 99.72230529785156,
      "Text": "3019 + 83",
      "Geometry": {
        "BoundingBox": {
          "Width": 0.07114081084728241,
          "Height": 0.019254721701145172,
          "Left": 0.36347201466560364,
          "Top": 0.4838349223136902
        },
        "Polygon": [
          {
            "X": 0.36347201466560364,
            "Y": 0.4838349223136902
          },
          {
            "X": 0.43438708782196045,
            "Y": 0.4838826060295105
          },
          {
            "X": 0.43461281061172485,
            "Y": 0.5030896663665771
          },
          {
            "X": 0.3636796176433563,
            "Y": 0.5030466914176941
          }
        ]
      },
      "Id": "5d6c6907-527d-4f49-97d5-eb22dc560c99",
      "Relationships": [
        {
          "Type": "CHILD",
          "Ids": [
            "adb1e315-18df-40ff-8937-c8315077f87a",
            "9b9ebd02-ef35-45b5-ae72-0945446fb36e",
            "e0a28743-2a7d-4fc0-b783-8da766b779bb"
          ]
        }
      ],
      "Page": 1
    },
    {
      "BlockType": "LINE",
      "Confidence": 90.60308074951172,
      "Text": "68 + 1.60",
      "Geometry": {
        "BoundingBox": {
          "Width": 0.06752636283636093,
          "Height": 0.01911330036818981,
          "Left": 0.5984892845153809,
          "Top": 0.4838330149650574
        },
        "Polygon": [
          {
            "X": 0.5984892845153809,
            "Y": 0.4838330149650574
          },
          {
            "X": 0.6657326221466064,
            "Y": 0.4838782846927643
          },
          {
            "X": 0.6660156846046448,
            "Y": 0.5029463171958923
          },
          {
            "X": 0.5987553000450134,
            "Y": 0.502905547618866
          }
        ]
      },
      "Id": "a5025e9f-8930-456c-8d50-07ea8ab4a000",
      "Relationships": [
        {
          "Type": "CHILD",
          "Ids": [
            "52044013-fbcf-4eb3-a056-87de0c7fa92b",
            "f5f149e3-e3c7-4a2b-8276-f87a998d92d6",
            "6a69e2b3-c72e-496b-8ad6-cb2d751c88de"
          ]
        }
      ],
      "Page": 1
    },
    {
      "BlockType": "LINE",
      "Confidence": 99.30508422851562,
      "Text": "Epoxy-DDM-2",
      "Geometry": {
        "BoundingBox": {
          "Width": 0.08674108982086182,
          "Height": 0.02423904836177826,
          "Left": 0.24063251912593842,
          "Top": 0.5165029764175415
        },
        "Polygon": [
          {
            "X": 0.24063251912593842,
            "Y": 0.5165029764175415
          },
          {
            "X": 0.32712405920028687,
            "Y": 0.5165512561798096
          },
          {
            "X": 0.32737359404563904,
            "Y": 0.540742039680481
          },
          {
            "X": 0.2408541887998581,
            "Y": 0.5407010912895203
          }
        ]
      },
      "Id": "127797d3-1b55-4fc1-b03d-857f0215cad9",
      "Relationships": [
        {
          "Type": "CHILD",
          "Ids": [
            "9790cf85-9988-47ed-a0e1-9b49f4118bee"
          ]
        }
      ],
      "Page": 1
    },
    {
      "BlockType": "LINE",
      "Confidence": 99.85491180419922,
      "Text": "2863 + 276",
      "Geometry": {
        "BoundingBox": {
          "Width": 0.07865279912948608,
          "Height": 0.019198186695575714,
          "Left": 0.36345893144607544,
          "Top": 0.5165247321128845
        },
        "Polygon": [
          {
            "X": 0.36345893144607544,
            "Y": 0.5165247321128845
          },
          {
            "X": 0.4418847858905792,
            "Y": 0.5165685415267944
          },
          {
            "X": 0.4421117305755615,
            "Y": 0.5357229113578796
          },
          {
            "X": 0.3636658787727356,
            "Y": 0.5356844067573547
          }
        ]
      },
      "Id": "b533b2c2-fe7a-4a57-b93b-97847908de7f",
      "Relationships": [
        {
          "Type": "CHILD",
          "Ids": [
            "00dda03b-d1dd-4012-af8c-4430f8ba866b",
            "f6c064d4-535e-40de-9d9e-792b813a7a57",
            "96e4d0cd-8ffd-4231-90ff-9c148e97808a"
          ]
        }
      ],
      "Page": 1
    },
    {
      "BlockType": "LINE",
      "Confidence": 97.21784973144531,
      "Text": "66 + 4.05",
      "Geometry": {
        "BoundingBox": {
          "Width": 0.06739386916160583,
          "Height": 0.019471148028969765,
          "Left": 0.5985100269317627,
          "Top": 0.5164061188697815
        },
        "Polygon": [
          {
            "X": 0.5985100269317627,
            "Y": 0.5164061188697815
          },
          {
            "X": 0.6656155586242676,
            "Y": 0.51644366979599
          },
          {
            "X": 0.6659038662910461,
            "Y": 0.5358772873878479
          },
          {
            "X": 0.5987809896469116,
            "Y": 0.5358443260192871
          }
        ]
      },
      "Id": "0d547740-d99f-473e-a902-07109601d258",
      "Relationships": [
        {
          "Type": "CHILD",
          "Ids": [
            "a60bf20b-c171-44d2-af68-a75569c22552",
            "69f4bf06-dbb2-4732-af56-64d71b18a1cb",
            "16a9cbdf-6704-417e-a3b1-fddd713a11c9"
          ]
        }
      ],
      "Page": 1
    },
    {
      "BlockType": "LINE",
      "Confidence": 99.25914764404297,
      "Text": "Epoxy-DDM-3",
      "Geometry": {
        "BoundingBox": {
          "Width": 0.08546219021081924,
          "Height": 0.024257231503725052,
          "Left": 0.24151763319969177,
          "Top": 0.5476080775260925
        },
        "Polygon": [
          {
            "X": 0.24151763319969177,
            "Y": 0.5476080775260925
          },
          {
            "X": 0.32673022150993347,
            "Y": 0.5476463437080383
          },
          {
            "X": 0.3269798159599304,
            "Y": 0.5718653202056885
          },
          {
            "X": 0.24173974990844727,
            "Y": 0.5718342065811157
          }
        ]
      },
      "Id": "06172d24-35a1-430e-8887-8159725554c4",
      "Relationships": [
        {
          "Type": "CHILD",
          "Ids": [
            "9140e203-91e5-4015-aee6-018fb6f1dcd3"
          ]
        }
      ],
      "Page": 1
    },
    {
      "BlockType": "LINE",
      "Confidence": 99.73849487304688,
      "Text": "3270 + 76",
      "Geometry": {
        "BoundingBox": {
          "Width": 0.07144629210233688,
          "Height": 0.019536731764674187,
          "Left": 0.3632798194885254,
          "Top": 0.5474286079406738
        },
        "Polygon": [
          {
            "X": 0.3632798194885254,
            "Y": 0.5474286079406738
          },
          {
            "X": 0.43449702858924866,
            "Y": 0.547460675239563
          },
          {
            "X": 0.43472611904144287,
            "Y": 0.5669653415679932
          },
          {
            "X": 0.36349040269851685,
            "Y": 0.5669381022453308
          }
        ]
      },
      "Id": "d5fce0cf-a683-4541-aabf-5bf4975e9e11",
      "Relationships": [
        {
          "Type": "CHILD",
          "Ids": [
            "020f4acf-686d-4d76-88cd-ae33713716ee",
            "e860b716-15cf-4227-96bd-1ae5ba719f85",
            "9e017b15-fdf5-4203-9ded-e864559285fb"
          ]
        }
      ],
      "Page": 1
    },
    {
      "BlockType": "LINE",
      "Confidence": 89.49017333984375,
      "Text": "74 + 1.58",
      "Geometry": {
        "BoundingBox": {
          "Width": 0.06778506934642792,
          "Height": 0.01941523887217045,
          "Left": 0.5980837345123291,
          "Top": 0.5478419065475464
        },
        "Polygon": [
          {
            "X": 0.5980837345123291,
            "Y": 0.5478419065475464
          },
          {
            "X": 0.6655813455581665,
            "Y": 0.5478722453117371
          },
          {
            "X": 0.6658688187599182,
            "Y": 0.5672571659088135
          },
          {
            "X": 0.5983538031578064,
            "Y": 0.5672314167022705
          }
        ]
      },
      "Id": "c62d9af3-674f-4bee-bcb5-1e9eb5cabc3f",
      "Relationships": [
        {
          "Type": "CHILD",
          "Ids": [
            "ff37ff01-5353-4e81-af48-d396a480e1d9",
            "0ddcec6e-5cf7-4d8e-bf15-ed4e7520f0f6",
            "36074c4b-4dcc-49cd-abaf-48e4b95c309a"
          ]
        }
      ],
      "Page": 1
    },
    {
      "BlockType": "WORD",
      "Confidence": 99.85382843017578,
      "Text": "Samples",
      "TextType": "PRINTED",
      "Geometry": {
        "BoundingBox": {
          "Width": 0.050485119223594666,
          "Height": 0.024338435381650925,
          "Left": 0.24129071831703186,
          "Top": 0.4207782447338104
        },
        "Polygon": [
          {
            "X": 0.24129071831703186,
            "Y": 0.4207782447338104
          },
          {
            "X": 0.29153648018836975,
            "Y": 0.4208230972290039
          },
          {
            "X": 0.2917758524417877,
            "Y": 0.44511666893959045
          },
          {
            "X": 0.24151380360126495,
            "Y": 0.4450760781764984
          }
        ]
      },
      "Id": "286d02ed-92b2-46d6-a2af-62afaef133b6",
      "Page": 1
    },
    {
      "BlockType": "WORD",
      "Confidence": 99.64595794677734,
      "Text": "Flexural",
      "TextType": "PRINTED",
      "Geometry": {
        "BoundingBox": {
          "Width": 0.04992178454995155,
          "Height": 0.0181842353194952,
          "Left": 0.3625537157058716,
          "Top": 0.4221394658088684
        },
        "Polygon": [
          {
            "X": 0.3625537157058716,
            "Y": 0.4221394658088684
          },
          {
            "X": 0.4122674763202667,
            "Y": 0.422183632850647
          },
          {
            "X": 0.41247549653053284,
            "Y": 0.44032368063926697
          },
          {
            "X": 0.36274969577789307,
            "Y": 0.4402826726436615
          }
        ]
      },
      "Id": "96f79279-fcd3-47d1-91db-9a540996ff63",
      "Page": 1
    },
    {
      "BlockType": "WORD",
      "Confidence": 99.82269287109375,
      "Text": "modulus",
      "TextType": "PRINTED",
      "Geometry": {
        "BoundingBox": {
          "Width": 0.05348161235451698,
          "Height": 0.019769717007875443,
          "Left": 0.4169063866138458,
          "Top": 0.420634388923645
        },
        "Polygon": [
          {
            "X": 0.4169063866138458,
            "Y": 0.420634388923645
          },
          {
            "X": 0.4701465666294098,
            "Y": 0.42068198323249817
          },
          {
            "X": 0.4703879952430725,
            "Y": 0.44040411710739136
          },
          {
            "X": 0.41713380813598633,
            "Y": 0.4403601884841919
          }
        ]
      },
      "Id": "a62d6b12-6f53-43da-9d2b-f2fd85c2ea97",
      "Page": 1
    },
    {
      "BlockType": "WORD",
      "Confidence": 99.57096862792969,
      "Text": "0.2-1%",
      "TextType": "PRINTED",
      "Geometry": {
        "BoundingBox": {
          "Width": 0.046671248972415924,
          "Height": 0.019678819924592972,
          "Left": 0.47417205572128296,
          "Top": 0.4210904836654663
        },
        "Polygon": [
          {
            "X": 0.47417205572128296,
            "Y": 0.4210904836654663
          },
          {
            "X": 0.5205896496772766,
            "Y": 0.4211319088935852
          },
          {
            "X": 0.5208432674407959,
            "Y": 0.4407692849636078
          },
          {
            "X": 0.47441351413726807,
            "Y": 0.4407310485839844
          }
        ]
      },
      "Id": "ba570691-9375-4c27-a5e7-c523f1abb4e7",
      "Page": 1
    },
    {
      "BlockType": "WORD",
      "Confidence": 99.83080291748047,
      "Text": "(MPa)",
      "TextType": "PRINTED",
      "Geometry": {
        "BoundingBox": {
          "Width": 0.03707103803753853,
          "Height": 0.022163037210702896,
          "Left": 0.5251087546348572,
          "Top": 0.4213111996650696
        },
        "Polygon": [
          {
            "X": 0.5251087546348572,
            "Y": 0.4213111996650696
          },
          {
            "X": 0.5618817806243896,
            "Y": 0.42134401202201843
          },
          {
            "X": 0.5621798038482666,
            "Y": 0.4434742331504822
          },
          {
            "X": 0.5253959894180298,
            "Y": 0.44344428181648254
          }
        ]
      },
      "Id": "73594e34-b07d-4cf7-b2e9-f4de32c58076",
      "Page": 1
    },
    {
      "BlockType": "WORD",
      "Confidence": 99.72562408447266,
      "Text": "Flexural",
      "TextType": "PRINTED",
      "Geometry": {
        "BoundingBox": {
          "Width": 0.05043838173151016,
          "Height": 0.020667223259806633,
          "Left": 0.5982733964920044,
          "Top": 0.41997483372688293
        },
        "Polygon": [
          {
            "X": 0.5982733964920044,
            "Y": 0.41997483372688293
          },
          {
            "X": 0.6484101414680481,
            "Y": 0.4200197756290436
          },
          {
            "X": 0.6487117409706116,
            "Y": 0.4406420588493347
          },
          {
            "X": 0.59856116771698,
            "Y": 0.4406006932258606
          }
        ]
      },
      "Id": "03237a5b-3779-4af6-9073-8c3f5f314884",
      "Page": 1
    },
    {
      "BlockType": "WORD",
      "Confidence": 99.80027770996094,
      "Text": "stress",
      "TextType": "PRINTED",
      "Geometry": {
        "BoundingBox": {
          "Width": 0.03448275104165077,
          "Height": 0.017615903168916702,
          "Left": 0.652400553226471,
          "Top": 0.42309853434562683
        },
        "Polygon": [
          {
            "X": 0.652400553226471,
            "Y": 0.42309853434562683
          },
          {
            "X": 0.6866171360015869,
            "Y": 0.4231288433074951
          },
          {
            "X": 0.686883270740509,
            "Y": 0.44071444869041443
          },
          {
            "X": 0.6526587009429932,
            "Y": 0.4406862258911133
          }
        ]
      },
      "Id": "3e42f3df-32b3-4f35-804f-bbe93db76177",
      "Page": 1
    },
    {
      "BlockType": "WORD",
      "Confidence": 99.77886962890625,
      "Text": "max",
      "TextType": "PRINTED",
      "Geometry": {
        "BoundingBox": {
          "Width": 0.02686532959342003,
          "Height": 0.01465647667646408,
          "Left": 0.6905512809753418,
          "Top": 0.42558252811431885
        },
        "Polygon": [
          {
            "X": 0.6905512809753418,
            "Y": 0.42558252811431885
          },
          {
            "X": 0.7171891927719116,
            "Y": 0.4256058931350708
          },
          {
            "X": 0.7174166440963745,
            "Y": 0.44023898243904114
          },
          {
            "X": 0.6907735466957092,
            "Y": 0.440216988325119
          }
        ]
      },
      "Id": "ba8980ed-5944-443c-b6c0-6924fff1064b",
      "Page": 1
    },
    {
      "BlockType": "WORD",
      "Confidence": 99.73554992675781,
      "Text": "(MPa)",
      "TextType": "PRINTED",
      "Geometry": {
        "BoundingBox": {
          "Width": 0.03734159469604492,
          "Height": 0.02257055975496769,
          "Left": 0.7213782072067261,
          "Top": 0.42114460468292236
        },
        "Polygon": [
          {
            "X": 0.7213782072067261,
            "Y": 0.42114460468292236
          },
          {
            "X": 0.7583571076393127,
            "Y": 0.42117762565612793
          },
          {
            "X": 0.758719801902771,
            "Y": 0.4437151551246643
          },
          {
            "X": 0.7217298746109009,
            "Y": 0.44368505477905273
          }
        ]
      },
      "Id": "e4c1b437-d874-4f69-bfbe-cf2f55d1bdf0",
      "Page": 1
    },
    {
      "BlockType": "WORD",
      "Confidence": 99.3746337890625,
      "Text": "Epoxy-DDM-1",
      "TextType": "PRINTED",
      "Geometry": {
        "BoundingBox": {
          "Width": 0.08352546393871307,
          "Height": 0.02397727780044079,
          "Left": 0.24176868796348572,
          "Top": 0.48382261395454407
        },
        "Polygon": [
          {
            "X": 0.24176868796348572,
            "Y": 0.48382261395454407
          },
          {
            "X": 0.32504794001579285,
            "Y": 0.48387858271598816
          },
          {
            "X": 0.32529416680336,
            "Y": 0.5077998638153076
          },
          {
            "X": 0.24198834598064423,
            "Y": 0.5077508687973022
          }
        ]
      },
      "Id": "db3408b0-e405-4198-b4c1-e151d381884c",
      "Page": 1
    },
    {
      "BlockType": "WORD",
      "Confidence": 99.94510650634766,
      "Text": "3019",
      "TextType": "PRINTED",
      "Geometry": {
        "BoundingBox": {
          "Width": 0.03113200142979622,
          "Height": 0.019147640094161034,
          "Left": 0.36347290873527527,
          "Top": 0.483917772769928
        },
        "Polygon": [
          {
            "X": 0.36347290873527527,
            "Y": 0.483917772769928
          },
          {
            "X": 0.3943903148174286,
            "Y": 0.4839385747909546
          },
          {
            "X": 0.3946049213409424,
            "Y": 0.5030654072761536
          },
          {
            "X": 0.3636796176433563,
            "Y": 0.5030466914176941
          }
        ]
      },
      "Id": "adb1e315-18df-40ff-8937-c8315077f87a",
      "Page": 1
    },
    {
      "BlockType": "WORD",
      "Confidence": 99.33967590332031,
      "Text": "+",
      "TextType": "PRINTED",
      "Geometry": {
        "BoundingBox": {
          "Width": 0.00978375319391489,
          "Height": 0.015380083583295345,
          "Left": 0.4019604027271271,
          "Top": 0.48718729615211487
        },
        "Polygon": [
          {
            "X": 0.4019604027271271,
            "Y": 0.48718729615211487
          },
          {
            "X": 0.41156816482543945,
            "Y": 0.48719364404678345
          },
          {
            "X": 0.4117441475391388,
            "Y": 0.5025674104690552
          },
          {
            "X": 0.4021344482898712,
            "Y": 0.5025615692138672
          }
        ]
      },
      "Id": "9b9ebd02-ef35-45b5-ae72-0945446fb36e",
      "Page": 1
    },
    {
      "BlockType": "WORD",
      "Confidence": 99.88214111328125,
      "Text": "83",
      "TextType": "PRINTED",
      "Geometry": {
        "BoundingBox": {
          "Width": 0.01600673422217369,
          "Height": 0.019113952293992043,
          "Left": 0.41860488057136536,
          "Top": 0.4838719964027405
        },
        "Polygon": [
          {
            "X": 0.41860488057136536,
            "Y": 0.4838719964027405
          },
          {
            "X": 0.43438708782196045,
            "Y": 0.4838826060295105
          },
          {
            "X": 0.43461161851882935,
            "Y": 0.502985954284668
          },
          {
            "X": 0.4188253879547119,
            "Y": 0.5029764175415039
          }
        ]
      },
      "Id": "e0a28743-2a7d-4fc0-b783-8da766b779bb",
      "Page": 1
    },
    {
      "BlockType": "WORD",
      "Confidence": 99.91507720947266,
      "Text": "68",
      "TextType": "PRINTED",
      "Geometry": {
        "BoundingBox": {
          "Width": 0.015993958339095116,
          "Height": 0.01889743097126484,
          "Left": 0.5984892845153809,
          "Top": 0.4838330149650574
        },
        "Polygon": [
          {
            "X": 0.5984892845153809,
            "Y": 0.4838330149650574
          },
          {
            "X": 0.6142159104347229,
            "Y": 0.483843594789505
          },
          {
            "X": 0.6144832968711853,
            "Y": 0.5027304291725159
          },
          {
            "X": 0.5987527370452881,
            "Y": 0.5027208924293518
          }
        ]
      },
      "Id": "52044013-fbcf-4eb3-a056-87de0c7fa92b",
      "Page": 1
    },
    {
      "BlockType": "WORD",
      "Confidence": 99.37860107421875,
      "Text": "+",
      "TextType": "PRINTED",
      "Geometry": {
        "BoundingBox": {
          "Width": 0.010232375003397465,
          "Height": 0.014981692656874657,
          "Left": 0.6218680143356323,
          "Top": 0.4862438142299652
        },
        "Polygon": [
          {
            "X": 0.6218680143356323,
            "Y": 0.4862438142299652
          },
          {
            "X": 0.6318849325180054,
            "Y": 0.48625048995018005
          },
          {
            "X": 0.6321004033088684,
            "Y": 0.5012255311012268
          },
          {
            "X": 0.6220815777778625,
            "Y": 0.5012193918228149
          }
        ]
      },
      "Id": "f5f149e3-e3c7-4a2b-8276-f87a998d92d6",
      "Page": 1
    },
    {
      "BlockType": "WORD",
      "Confidence": 72.51555633544922,
      "Text": "1.60",
      "TextType": "PRINTED",
      "Geometry": {
        "BoundingBox": {
          "Width": 0.026538517326116562,
          "Height": 0.018972592428326607,
          "Left": 0.6394771337509155,
          "Top": 0.4839737117290497
        },
        "Polygon": [
          {
            "X": 0.6394771337509155,
            "Y": 0.4839737117290497
          },
          {
            "X": 0.6657342910766602,
            "Y": 0.4839913845062256
          },
          {
            "X": 0.6660156846046448,
            "Y": 0.5029463171958923
          },
          {
            "X": 0.6397519111633301,
            "Y": 0.5029304027557373
          }
        ]
      },
      "Id": "6a69e2b3-c72e-496b-8ad6-cb2d751c88de",
      "Page": 1
    },
    {
      "BlockType": "WORD",
      "Confidence": 99.30508422851562,
      "Text": "Epoxy-DDM-2",
      "TextType": "PRINTED",
      "Geometry": {
        "BoundingBox": {
          "Width": 0.08674108982086182,
          "Height": 0.02423904836177826,
          "Left": 0.24063251912593842,
          "Top": 0.5165029764175415
        },
        "Polygon": [
          {
            "X": 0.24063251912593842,
            "Y": 0.5165029764175415
          },
          {
            "X": 0.32712405920028687,
            "Y": 0.5165512561798096
          },
          {
            "X": 0.32737359404563904,
            "Y": 0.540742039680481
          },
          {
            "X": 0.2408541887998581,
            "Y": 0.5407010912895203
          }
        ]
      },
      "Id": "9790cf85-9988-47ed-a0e1-9b49f4118bee",
      "Page": 1
    },
    {
      "BlockType": "WORD",
      "Confidence": 99.93086242675781,
      "Text": "2863",
      "TextType": "PRINTED",
      "Geometry": {
        "BoundingBox": {
          "Width": 0.03086324781179428,
          "Height": 0.019097814336419106,
          "Left": 0.3634597659111023,
          "Top": 0.5166016221046448
        },
        "Polygon": [
          {
            "X": 0.3634597659111023,
            "Y": 0.5166016221046448
          },
          {
            "X": 0.3941091299057007,
            "Y": 0.5166187286376953
          },
          {
            "X": 0.3943230211734772,
            "Y": 0.5356994271278381
          },
          {
            "X": 0.3636658787727356,
            "Y": 0.5356844067573547
          }
        ]
      },
      "Id": "00dda03b-d1dd-4012-af8c-4430f8ba866b",
      "Page": 1
    },
    {
      "BlockType": "WORD",
      "Confidence": 99.70862579345703,
      "Text": "+",
      "TextType": "PRINTED",
      "Geometry": {
        "BoundingBox": {
          "Width": 0.009620330296456814,
          "Height": 0.015508132986724377,
          "Left": 0.40212252736091614,
          "Top": 0.5187972784042358
        },
        "Polygon": [
          {
            "X": 0.40212252736091614,
            "Y": 0.5187972784042358
          },
          {
            "X": 0.4115654528141022,
            "Y": 0.5188024640083313
          },
          {
            "X": 0.4117428660392761,
            "Y": 0.5343053936958313
          },
          {
            "X": 0.4022979736328125,
            "Y": 0.534300684928894
          }
        ]
      },
      "Id": "f6c064d4-535e-40de-9d9e-792b813a7a57",
      "Page": 1
    },
    {
      "BlockType": "WORD",
      "Confidence": 99.92523956298828,
      "Text": "276",
      "TextType": "PRINTED",
      "Geometry": {
        "BoundingBox": {
          "Width": 0.023205097764730453,
          "Height": 0.019121967256069183,
          "Left": 0.4189060926437378,
          "Top": 0.516555666923523
        },
        "Polygon": [
          {
            "X": 0.4189060926437378,
            "Y": 0.516555666923523
          },
          {
            "X": 0.4418847858905792,
            "Y": 0.5165685415267944
          },
          {
            "X": 0.44211119413375854,
            "Y": 0.5356776714324951
          },
          {
            "X": 0.4191266596317291,
            "Y": 0.5356663465499878
          }
        ]
      },
      "Id": "96e4d0cd-8ffd-4231-90ff-9c148e97808a",
      "Page": 1
    },
    {
      "BlockType": "WORD",
      "Confidence": 99.93525695800781,
      "Text": "66",
      "TextType": "PRINTED",
      "Geometry": {
        "BoundingBox": {
          "Width": 0.016207631677389145,
          "Height": 0.019446013495326042,
          "Left": 0.5985100269317627,
          "Top": 0.5164061188697815
        },
        "Polygon": [
          {
            "X": 0.5985100269317627,
            "Y": 0.5164061188697815
          },
          {
            "X": 0.6144425272941589,
            "Y": 0.5164150595664978
          },
          {
            "X": 0.6147176623344421,
            "Y": 0.5358521342277527
          },
          {
            "X": 0.5987809896469116,
            "Y": 0.5358443260192871
          }
        ]
      },
      "Id": "a60bf20b-c171-44d2-af68-a75569c22552",
      "Page": 1
    },
    {
      "BlockType": "WORD",
      "Confidence": 99.26004028320312,
      "Text": "+",
      "TextType": "PRINTED",
      "Geometry": {
        "BoundingBox": {
          "Width": 0.010208804160356522,
          "Height": 0.015573807060718536,
          "Left": 0.6218863725662231,
          "Top": 0.5188733339309692
        },
        "Polygon": [
          {
            "X": 0.6218863725662231,
            "Y": 0.5188733339309692
          },
          {
            "X": 0.631871223449707,
            "Y": 0.5188788175582886
          },
          {
            "X": 0.6320951581001282,
            "Y": 0.5344471335411072
          },
          {
            "X": 0.6221082210540771,
            "Y": 0.5344421863555908
          }
        ]
      },
      "Id": "69f4bf06-dbb2-4732-af56-64d71b18a1cb",
      "Page": 1
    },
    {
      "BlockType": "WORD",
      "Confidence": 92.458251953125,
      "Text": "4.05",
      "TextType": "PRINTED",
      "Geometry": {
        "BoundingBox": {
          "Width": 0.027182532474398613,
          "Height": 0.01923215575516224,
          "Left": 0.638719379901886,
          "Top": 0.5165130496025085
        },
        "Polygon": [
          {
            "X": 0.638719379901886,
            "Y": 0.5165130496025085
          },
          {
            "X": 0.6656168103218079,
            "Y": 0.5165280699729919
          },
          {
            "X": 0.6659018993377686,
            "Y": 0.5357452034950256
          },
          {
            "X": 0.6389976143836975,
            "Y": 0.5357319712638855
          }
        ]
      },
      "Id": "16a9cbdf-6704-417e-a3b1-fddd713a11c9",
      "Page": 1
    },
    {
      "BlockType": "WORD",
      "Confidence": 99.25914764404297,
      "Text": "Epoxy-DDM-3",
      "TextType": "PRINTED",
      "Geometry": {
        "BoundingBox": {
          "Width": 0.08546219021081924,
          "Height": 0.024257231503725052,
          "Left": 0.24151763319969177,
          "Top": 0.5476080775260925
        },
        "Polygon": [
          {
            "X": 0.24151763319969177,
            "Y": 0.5476080775260925
          },
          {
            "X": 0.32673022150993347,
            "Y": 0.5476463437080383
          },
          {
            "X": 0.3269798159599304,
            "Y": 0.5718653202056885
          },
          {
            "X": 0.24173974990844727,
            "Y": 0.5718342065811157
          }
        ]
      },
      "Id": "9140e203-91e5-4015-aee6-018fb6f1dcd3",
      "Page": 1
    },
    {
      "BlockType": "WORD",
      "Confidence": 99.93941497802734,
      "Text": "3270",
      "TextType": "PRINTED",
      "Geometry": {
        "BoundingBox": {
          "Width": 0.031112760305404663,
          "Height": 0.019239244982600212,
          "Left": 0.3632798194885254,
          "Top": 0.5474286079406738
        },
        "Polygon": [
          {
            "X": 0.3632798194885254,
            "Y": 0.5474286079406738
          },
          {
            "X": 0.3941771388053894,
            "Y": 0.5474424958229065
          },
          {
            "X": 0.39439257979393005,
            "Y": 0.5666678547859192
          },
          {
            "X": 0.3634873628616333,
            "Y": 0.5666559934616089
          }
        ]
      },
      "Id": "020f4acf-686d-4d76-88cd-ae33713716ee",
      "Page": 1
    },
    {
      "BlockType": "WORD",
      "Confidence": 99.36544036865234,
      "Text": "+",
      "TextType": "PRINTED",
      "Geometry": {
        "BoundingBox": {
          "Width": 0.009598829783499241,
          "Height": 0.015743207186460495,
          "Left": 0.4021478295326233,
          "Top": 0.5504511594772339
        },
        "Polygon": [
          {
            "X": 0.4021478295326233,
            "Y": 0.5504511594772339
          },
          {
            "X": 0.4115666449069977,
            "Y": 0.5504552721977234
          },
          {
            "X": 0.41174668073654175,
            "Y": 0.5661943554878235
          },
          {
            "X": 0.40232589840888977,
            "Y": 0.5661907196044922
          }
        ]
      },
      "Id": "e860b716-15cf-4227-96bd-1ae5ba719f85",
      "Page": 1
    },
    {
      "BlockType": "WORD",
      "Confidence": 99.9106216430664,
      "Text": "76",
      "TextType": "PRINTED",
      "Geometry": {
        "BoundingBox": {
          "Width": 0.016296086832880974,
          "Height": 0.018999191001057625,
          "Left": 0.41843003034591675,
          "Top": 0.5479661226272583
        },
        "Polygon": [
          {
            "X": 0.41843003034591675,
            "Y": 0.5479661226272583
          },
          {
            "X": 0.43450304865837097,
            "Y": 0.5479733347892761
          },
          {
            "X": 0.43472611904144287,
            "Y": 0.5669653415679932
          },
          {
            "X": 0.41864901781082153,
            "Y": 0.5669592022895813
          }
        ]
      },
      "Id": "9e017b15-fdf5-4203-9ded-e864559285fb",
      "Page": 1
    },
    {
      "BlockType": "WORD",
      "Confidence": 99.85553741455078,
      "Text": "74",
      "TextType": "PRINTED",
      "Geometry": {
        "BoundingBox": {
          "Width": 0.016725892201066017,
          "Height": 0.019395777955651283,
          "Left": 0.5980837345123291,
          "Top": 0.5478419065475464
        },
        "Polygon": [
          {
            "X": 0.5980837345123291,
            "Y": 0.5478419065475464
          },
          {
            "X": 0.6145353317260742,
            "Y": 0.5478492975234985
          },
          {
            "X": 0.6148096323013306,
            "Y": 0.5672376751899719
          },
          {
            "X": 0.5983538031578064,
            "Y": 0.5672314167022705
          }
        ]
      },
      "Id": "ff37ff01-5353-4e81-af48-d396a480e1d9",
      "Page": 1
    },
    {
      "BlockType": "WORD",
      "Confidence": 98.85559844970703,
      "Text": "+",
      "TextType": "PRINTED",
      "Geometry": {
        "BoundingBox": {
          "Width": 0.00979315023869276,
          "Height": 0.016032252460718155,
          "Left": 0.6220961213111877,
          "Top": 0.5500035285949707
        },
        "Polygon": [
          {
            "X": 0.6220961213111877,
            "Y": 0.5500035285949707
          },
          {
            "X": 0.6316588521003723,
            "Y": 0.550007700920105
          },
          {
            "X": 0.631889283657074,
            "Y": 0.5660357475280762
          },
          {
            "X": 0.622324526309967,
            "Y": 0.5660320520401001
          }
        ]
      },
      "Id": "0ddcec6e-5cf7-4d8e-bf15-ed4e7520f0f6",
      "Page": 1
    },
    {
      "BlockType": "WORD",
      "Confidence": 69.75938415527344,
      "Text": "1.58",
      "TextType": "PRINTED",
      "Geometry": {
        "BoundingBox": {
          "Width": 0.02663813717663288,
          "Height": 0.01908969320356846,
          "Left": 0.6392300724983215,
          "Top": 0.5481269359588623
        },
        "Polygon": [
          {
            "X": 0.6392300724983215,
            "Y": 0.5481269359588623
          },
          {
            "X": 0.6655852794647217,
            "Y": 0.5481387376785278
          },
          {
            "X": 0.6658682227134705,
            "Y": 0.5672166347503662
          },
          {
            "X": 0.6395062804222107,
            "Y": 0.5672065615653992
          }
        ]
      },
      "Id": "36074c4b-4dcc-49cd-abaf-48e4b95c309a",
      "Page": 1
    },
    {
      "BlockType": "TABLE",
      "Confidence": 99.951171875,
      "Geometry": {
        "BoundingBox": {
          "Width": 0.5347124934196472,
          "Height": 0.18357393145561218,
          "Left": 0.23311002552509308,
          "Top": 0.4079255163669586
        },
        "Polygon": [
          {
            "X": 0.23311002552509308,
            "Y": 0.4079255163669586
          },
          {
            "X": 0.7648594975471497,
            "Y": 0.40842413902282715
          },
          {
            "X": 0.7678225040435791,
            "Y": 0.5914994478225708
          },
          {
            "X": 0.23477420210838318,
            "Y": 0.591341495513916
          }
        ]
      },
      "Id": "219117b5-3225-4c68-ba71-029ca1aee779",
      "Relationships": [
        {
          "Type": "CHILD",
          "Ids": [
            "87728bc9-98ca-4e38-af12-f936378f295f",
            "2a456ee8-bfce-47b7-b615-8070b2ef306f",
            "4be8787c-14c7-4722-84dd-4b0a220d0fc4",
            "ceb6e054-b9a6-43ca-b07e-6af62ef4ae56",
            "1380ee97-9cfb-495e-ab5c-38af76b76aee",
            "380e4ec0-9029-4276-bd02-1d64cbfb3086",
            "645fd76e-ef3c-447e-86fa-f8883da1acb4",
            "c911c1a8-80f2-4b09-9316-bdde49327b2f",
            "33be1840-fee3-4eaa-a107-fb30eb5b5a37",
            "a9de101e-71b2-42df-b75c-ea0b2a262f4a",
            "41f2a232-351a-44b7-8f5f-135e3a6254cb",
            "acac736f-a30d-4f56-966e-6266d0db73ea"
          ]
        }
      ],
      "EntityTypes": [
        "STRUCTURED_TABLE"
      ],
      "Page": 1
    },
    {
      "BlockType": "CELL",
      "Confidence": 89.74609375,
      "RowIndex": 1,
      "ColumnIndex": 1,
      "RowSpan": 1,
      "ColumnSpan": 1,
      "Geometry": {
        "BoundingBox": {
          "Width": 0.11301828920841217,
          "Height": 0.05491337180137634,
          "Left": 0.23311002552509308,
          "Top": 0.4079255163669586
        },
        "Polygon": [
          {
            "X": 0.23311002552509308,
            "Y": 0.4079255163669586
          },
          {
            "X": 0.3455485999584198,
            "Y": 0.4080309569835663
          },
          {
            "X": 0.34612831473350525,
            "Y": 0.46283888816833496
          },
          {
            "X": 0.23360750079154968,
            "Y": 0.4627549350261688
          }
        ]
      },
      "Id": "87728bc9-98ca-4e38-af12-f936378f295f",
      "Relationships": [
        {
          "Type": "CHILD",
          "Ids": [
            "286d02ed-92b2-46d6-a2af-62afaef133b6"
          ]
        }
      ],
      "EntityTypes": [
        "COLUMN_HEADER"
      ],
      "Page": 1
    },
    {
      "BlockType": "CELL",
      "Confidence": 93.603515625,
      "RowIndex": 1,
      "ColumnIndex": 2,
      "RowSpan": 1,
      "ColumnSpan": 1,
      "Geometry": {
        "BoundingBox": {
          "Width": 0.23452362418174744,
          "Height": 0.05498245358467102,
          "Left": 0.3455485999584198,
          "Top": 0.4080309569835663
        },
        "Polygon": [
          {
            "X": 0.3455485999584198,
            "Y": 0.4080309569835663
          },
          {
            "X": 0.5793218016624451,
            "Y": 0.4082501530647278
          },
          {
            "X": 0.5800722241401672,
            "Y": 0.4630134105682373
          },
          {
            "X": 0.34612831473350525,
            "Y": 0.46283888816833496
          }
        ]
      },
      "Id": "2a456ee8-bfce-47b7-b615-8070b2ef306f",
      "Relationships": [
        {
          "Type": "CHILD",
          "Ids": [
            "96f79279-fcd3-47d1-91db-9a540996ff63",
            "a62d6b12-6f53-43da-9d2b-f2fd85c2ea97",
            "ba570691-9375-4c27-a5e7-c523f1abb4e7",
            "73594e34-b07d-4cf7-b2e9-f4de32c58076"
          ]
        }
      ],
      "EntityTypes": [
        "COLUMN_HEADER"
      ],
      "Page": 1
    },
    {
      "BlockType": "CELL",
      "Confidence": 93.310546875,
      "RowIndex": 1,
      "ColumnIndex": 3,
      "RowSpan": 1,
      "ColumnSpan": 1,
      "Geometry": {
        "BoundingBox": {
          "Width": 0.18642345070838928,
          "Height": 0.05490175262093544,
          "Left": 0.5793218016624451,
          "Top": 0.4082501530647278
        },
        "Polygon": [
          {
            "X": 0.5793218016624451,
            "Y": 0.4082501530647278
          },
          {
            "X": 0.7648594975471497,
            "Y": 0.40842413902282715
          },
          {
            "X": 0.765745222568512,
            "Y": 0.4631519019603729
          },
          {
            "X": 0.5800722241401672,
            "Y": 0.4630134105682373
          }
        ]
      },
      "Id": "4be8787c-14c7-4722-84dd-4b0a220d0fc4",
      "Relationships": [
        {
          "Type": "CHILD",
          "Ids": [
            "03237a5b-3779-4af6-9073-8c3f5f314884",
            "3e42f3df-32b3-4f35-804f-bbe93db76177",
            "ba8980ed-5944-443c-b6c0-6924fff1064b",
            "e4c1b437-d874-4f69-bfbe-cf2f55d1bdf0"
          ]
        }
      ],
      "EntityTypes": [
        "COLUMN_HEADER"
      ],
      "Page": 1
    },
    {
      "BlockType": "CELL",
      "Confidence": 85.595703125,
      "RowIndex": 2,
      "ColumnIndex": 1,
      "RowSpan": 1,
      "ColumnSpan": 1,
      "Geometry": {
        "BoundingBox": {
          "Width": 0.1130254790186882,
          "Height": 0.04779808968305588,
          "Left": 0.23360750079154968,
          "Top": 0.4627549350261688
        },
        "Polygon": [
          {
            "X": 0.23360750079154968,
            "Y": 0.4627549350261688
          },
          {
            "X": 0.34612831473350525,
            "Y": 0.46283888816833496
          },
          {
            "X": 0.3466329872608185,
            "Y": 0.5105530023574829
          },
          {
            "X": 0.23404058814048767,
            "Y": 0.5104878544807434
          }
        ]
      },
      "Id": "ceb6e054-b9a6-43ca-b07e-6af62ef4ae56",
      "Relationships": [
        {
          "Type": "CHILD",
          "Ids": [
            "db3408b0-e405-4198-b4c1-e151d381884c"
          ]
        }
      ],
      "Page": 1
    },
    {
      "BlockType": "CELL",
      "Confidence": 89.306640625,
      "RowIndex": 2,
      "ColumnIndex": 2,
      "RowSpan": 1,
      "ColumnSpan": 1,
      "Geometry": {
        "BoundingBox": {
          "Width": 0.23459723591804504,
          "Height": 0.047849707305431366,
          "Left": 0.34612831473350525,
          "Top": 0.46283888816833496
        },
        "Polygon": [
          {
            "X": 0.34612831473350525,
            "Y": 0.46283888816833496
          },
          {
            "X": 0.5800722241401672,
            "Y": 0.4630134105682373
          },
          {
            "X": 0.5807255506515503,
            "Y": 0.5106886029243469
          },
          {
            "X": 0.3466329872608185,
            "Y": 0.5105530023574829
          }
        ]
      },
      "Id": "1380ee97-9cfb-495e-ab5c-38af76b76aee",
      "Relationships": [
        {
          "Type": "CHILD",
          "Ids": [
            "adb1e315-18df-40ff-8937-c8315077f87a",
            "9b9ebd02-ef35-45b5-ae72-0945446fb36e",
            "e0a28743-2a7d-4fc0-b783-8da766b779bb"
          ]
        }
      ],
      "Page": 1
    },
    {
      "BlockType": "CELL",
      "Confidence": 89.013671875,
      "RowIndex": 2,
      "ColumnIndex": 3,
      "RowSpan": 1,
      "ColumnSpan": 1,
      "Geometry": {
        "BoundingBox": {
          "Width": 0.18644411861896515,
          "Height": 0.0477827750146389,
          "Left": 0.5800722241401672,
          "Top": 0.4630134105682373
        },
        "Polygon": [
          {
            "X": 0.5800722241401672,
            "Y": 0.4630134105682373
          },
          {
            "X": 0.765745222568512,
            "Y": 0.4631519019603729
          },
          {
            "X": 0.7665163278579712,
            "Y": 0.5107961893081665
          },
          {
            "X": 0.5807255506515503,
            "Y": 0.5106886029243469
          }
        ]
      },
      "Id": "380e4ec0-9029-4276-bd02-1d64cbfb3086",
      "Relationships": [
        {
          "Type": "CHILD",
          "Ids": [
            "52044013-fbcf-4eb3-a056-87de0c7fa92b",
            "f5f149e3-e3c7-4a2b-8276-f87a998d92d6",
            "6a69e2b3-c72e-496b-8ad6-cb2d751c88de"
          ]
        }
      ],
      "Page": 1
    },
    {
      "BlockType": "CELL",
      "Confidence": 77.783203125,
      "RowIndex": 3,
      "ColumnIndex": 1,
      "RowSpan": 1,
      "ColumnSpan": 1,
      "Geometry": {
        "BoundingBox": {
          "Width": 0.11293882131576538,
          "Height": 0.03281866014003754,
          "Left": 0.23404058814048767,
          "Top": 0.5104878544807434
        },
        "Polygon": [
          {
            "X": 0.23404058814048767,
            "Y": 0.5104878544807434
          },
          {
            "X": 0.3466329872608185,
            "Y": 0.5105530023574829
          },
          {
            "X": 0.34697940945625305,
            "Y": 0.5433064699172974
          },
          {
            "X": 0.23433789610862732,
            "Y": 0.5432541966438293
          }
        ]
      },
      "Id": "645fd76e-ef3c-447e-86fa-f8883da1acb4",
      "Relationships": [
        {
          "Type": "CHILD",
          "Ids": [
            "9790cf85-9988-47ed-a0e1-9b49f4118bee"
          ]
        }
      ],
      "Page": 1
    },
    {
      "BlockType": "CELL",
      "Confidence": 81.103515625,
      "RowIndex": 3,
      "ColumnIndex": 2,
      "RowSpan": 1,
      "ColumnSpan": 1,
      "Geometry": {
        "BoundingBox": {
          "Width": 0.23454102873802185,
          "Height": 0.03286224231123924,
          "Left": 0.3466329872608185,
          "Top": 0.5105530023574829
        },
        "Polygon": [
          {
            "X": 0.3466329872608185,
            "Y": 0.5105530023574829
          },
          {
            "X": 0.5807255506515503,
            "Y": 0.5106886029243469
          },
          {
            "X": 0.5811740159988403,
            "Y": 0.5434152483940125
          },
          {
            "X": 0.34697940945625305,
            "Y": 0.5433064699172974
          }
        ]
      },
      "Id": "c911c1a8-80f2-4b09-9316-bdde49327b2f",
      "Relationships": [
        {
          "Type": "CHILD",
          "Ids": [
            "00dda03b-d1dd-4012-af8c-4430f8ba866b",
            "f6c064d4-535e-40de-9d9e-792b813a7a57",
            "96e4d0cd-8ffd-4231-90ff-9c148e97808a"
          ]
        }
      ],
      "Page": 1
    },
    {
      "BlockType": "CELL",
      "Confidence": 80.859375,
      "RowIndex": 3,
      "ColumnIndex": 3,
      "RowSpan": 1,
      "ColumnSpan": 1,
      "Geometry": {
        "BoundingBox": {
          "Width": 0.18632014095783234,
          "Height": 0.032813023775815964,
          "Left": 0.5807255506515503,
          "Top": 0.5106886029243469
        },
        "Polygon": [
          {
            "X": 0.5807255506515503,
            "Y": 0.5106886029243469
          },
          {
            "X": 0.7665163278579712,
            "Y": 0.5107961893081665
          },
          {
            "X": 0.7670456767082214,
            "Y": 0.543501615524292
          },
          {
            "X": 0.5811740159988403,
            "Y": 0.5434152483940125
          }
        ]
      },
      "Id": "33be1840-fee3-4eaa-a107-fb30eb5b5a37",
      "Relationships": [
        {
          "Type": "CHILD",
          "Ids": [
            "a60bf20b-c171-44d2-af68-a75569c22552",
            "69f4bf06-dbb2-4732-af56-64d71b18a1cb",
            "16a9cbdf-6704-417e-a3b1-fddd713a11c9"
          ]
        }
      ],
      "Page": 1
    },
    {
      "BlockType": "CELL",
      "Confidence": 88.623046875,
      "RowIndex": 4,
      "ColumnIndex": 1,
      "RowSpan": 1,
      "ColumnSpan": 1,
      "Geometry": {
        "BoundingBox": {
          "Width": 0.11314994841814041,
          "Height": 0.048120710998773575,
          "Left": 0.23433789610862732,
          "Top": 0.5432541966438293
        },
        "Polygon": [
          {
            "X": 0.23433789610862732,
            "Y": 0.5432541966438293
          },
          {
            "X": 0.34697940945625305,
            "Y": 0.5433064699172974
          },
          {
            "X": 0.34748783707618713,
            "Y": 0.5913748741149902
          },
          {
            "X": 0.23477420210838318,
            "Y": 0.591341495513916
          }
        ]
      },
      "Id": "a9de101e-71b2-42df-b75c-ea0b2a262f4a",
      "Relationships": [
        {
          "Type": "CHILD",
          "Ids": [
            "9140e203-91e5-4015-aee6-018fb6f1dcd3"
          ]
        }
      ],
      "Page": 1
    },
    {
      "BlockType": "CELL",
      "Confidence": 92.431640625,
      "RowIndex": 4,
      "ColumnIndex": 2,
      "RowSpan": 1,
      "ColumnSpan": 1,
      "Geometry": {
        "BoundingBox": {
          "Width": 0.23485276103019714,
          "Height": 0.0481378398835659,
          "Left": 0.34697940945625305,
          "Top": 0.5433064699172974
        },
        "Polygon": [
          {
            "X": 0.34697940945625305,
            "Y": 0.5433064699172974
          },
          {
            "X": 0.5811740159988403,
            "Y": 0.5434152483940125
          },
          {
            "X": 0.5818321704864502,
            "Y": 0.5914443135261536
          },
          {
            "X": 0.34748783707618713,
            "Y": 0.5913748741149902
          }
        ]
      },
      "Id": "41f2a232-351a-44b7-8f5f-135e3a6254cb",
      "Relationships": [
        {
          "Type": "CHILD",
          "Ids": [
            "020f4acf-686d-4d76-88cd-ae33713716ee",
            "e860b716-15cf-4227-96bd-1ae5ba719f85",
            "9e017b15-fdf5-4203-9ded-e864559285fb"
          ]
        }
      ],
      "Page": 1
    },
    {
      "BlockType": "CELL",
      "Confidence": 92.138671875,
      "RowIndex": 4,
      "ColumnIndex": 3,
      "RowSpan": 1,
      "ColumnSpan": 1,
      "Geometry": {
        "BoundingBox": {
          "Width": 0.18664851784706116,
          "Height": 0.04808417335152626,
          "Left": 0.5811740159988403,
          "Top": 0.5434152483940125
        },
        "Polygon": [
          {
            "X": 0.5811740159988403,
            "Y": 0.5434152483940125
          },
          {
            "X": 0.7670456767082214,
            "Y": 0.543501615524292
          },
          {
            "X": 0.7678225040435791,
            "Y": 0.5914994478225708
          },
          {
            "X": 0.5818321704864502,
            "Y": 0.5914443135261536
          }
        ]
      },
      "Id": "acac736f-a30d-4f56-966e-6266d0db73ea",
      "Relationships": [
        {
          "Type": "CHILD",
          "Ids": [
            "ff37ff01-5353-4e81-af48-d396a480e1d9",
            "0ddcec6e-5cf7-4d8e-bf15-ed4e7520f0f6",
            "36074c4b-4dcc-49cd-abaf-48e4b95c309a"
          ]
        }
      ],
      "Page": 1
    }
  ],
  "AnalyzeDocumentModelVersion": "1.0"
}