"'Materials","'Bonding procedure",
"'2-Step etch-and-rinse adhesive/conventional resin cement - (SB+ARC)","'Dentin acid etch for 15 s, rinse with distilled water for 15 S leaving the dentin blotted moist. Apply the adhesive in two coats and gently air dry. Light cure for 10 s/mix cement, apply mixture, lute the filling holding with 3 kg for 3 min and light cure for 20 S each side",
"'1-Step self-etch adhesive/conventional resin cement - (S3+PAN) Self-adhesive resin cement - (U200)","'Apply the adhesive actively for 20 S. Air dry for 5 S to evaporate solvent. Light cure for 10 s/mix cement, apply mixture and lute the filling holding with 3 kg for 3 min and light cure 20 S each side Mix cement, apply mixture and lute the filling holding with 3 kg for 3 min and light cure for 20 S each side",
,

'Confidence Scores % (Table Cell)
"'92.38281250","'93.99414063",
"'70.65429688","'71.92382813",
"'43.57910156","'42.72460938",
