{
  "DocumentMetadata": {
    "Pages": 1
  },
  "JobStatus": "SUCCEEDED",
  "Blocks": [
    {
      "BlockType": "PAGE",
      "Geometry": {
        "BoundingBox": {
          "Width": 0.5402647256851196,
          "Height": 0.2925388216972351,
          "Left": 0.22872716188430786,
          "Top": 0.34225010871887207
        },
        "Polygon": [
          {
            "X": 0.22872716188430786,
            "Y": 0.34225010871887207
          },
          {
            "X": 0.7662292122840881,
            "Y": 0.34290409088134766
          },
          {
            "X": 0.7689918875694275,
            "Y": 0.6347889304161072
          },
          {
            "X": 0.22998501360416412,
            "Y": 0.6345162391662598
          }
        ]
      },
      "Id": "ab15367c-0e26-4cd8-a6c6-324306593455",
      "Relationships": [
        {
          "Type": "CHILD",
          "Ids": [
            "0922a259-ee2d-475f-b227-75b27fd61480",
            "64eb6b9b-030f-4e8c-a771-46f4ba83436e",
            "4c5061fd-81e4-418a-9137-04b5605a1dfc",
            "13a12aa1-3002-4181-beb5-23a97772fe8e",
            "e64792f6-057a-4aef-a432-2e7a6f5a663b",
            "4d71089f-eb8a-4ac4-8ea8-3e08875bac1f",
            "9ff3ba94-1d89-49db-b768-0bbcce6d4303",
            "3da18121-f024-423a-9e39-3a0a17f4dfb7",
            "404ac2ce-d034-4c4b-b96e-89ab3a6243b5",
            "aa90c107-2479-41c5-a887-a771806f66f1",
            "763c20aa-15bd-4038-af41-8b8a09948392",
            "35b81d62-fe34-4910-b15f-c6763a034bd9",
            "d1cbc9bd-c87f-445a-8d69-a1d7f4785fc9",
            "58a171ca-92b6-45e0-b92d-264066f018c3",
            "6f03c31c-0e67-4976-9329-82b0ae199ef7",
            "a2b333c5-2098-4062-91fc-03b59c30fc46",
            "42311077-b6f5-4115-82cd-e64e96022990",
            "0385a786-b882-4930-894e-f0fa1e337c27",
            "cee74d61-861e-4cfa-b644-388c62ceb9d3",
            "918f12b2-46bd-4849-84f1-8b1ddfc20eaa",
            "569b6db8-8c41-4cb6-87ee-cf5616f7a7e8",
            "9946fc86-c015-4d14-a87f-98c286746e69",
            "97fdce71-a9a1-4cfb-b8f9-d17baa578d6c",
            "226dac94-9987-4f4d-9f9c-ed17cf4cc40c",
            "64328074-ebec-4098-a3d6-d8c7828dc563"
          ]
        }
      ],
      "Page": 1
    },
    {
      "BlockType": "LINE",
      "Confidence": 99.92159271240234,
      "Text": "Sample",
      "Geometry": {
        "BoundingBox": {
          "Width": 0.04368139058351517,
          "Height": 0.022452877834439278,
          "Left": 0.2509898245334625,
          "Top": 0.39805617928504944
        },
        "Polygon": [
          {
            "X": 0.2509898245334625,
            "Y": 0.39805617928504944
          },
          {
            "X": 0.2945607006549835,
            "Y": 0.398103266954422
          },
          {
            "X": 0.2946712374687195,
            "Y": 0.4205090403556824
          },
          {
            "X": 0.25109100341796875,
            "Y": 0.42046430706977844
          }
        ]
      },
      "Id": "0922a259-ee2d-475f-b227-75b27fd61480",
      "Relationships": [
        {
          "Type": "CHILD",
          "Ids": [
            "f19f05b5-877b-4a09-b103-a4b46bd76c4e"
          ]
        }
      ],
      "Page": 1
    },
    {
      "BlockType": "LINE",
      "Confidence": 70.65128326416016,
      "Text": "Tg (C)",
      "Geometry": {
        "BoundingBox": {
          "Width": 0.041523054242134094,
          "Height": 0.025599582120776176,
          "Left": 0.33124634623527527,
          "Top": 0.397589772939682
        },
        "Polygon": [
          {
            "X": 0.33124634623527527,
            "Y": 0.397589772939682
          },
          {
            "X": 0.37262415885925293,
            "Y": 0.3976345658302307
          },
          {
            "X": 0.37276938557624817,
            "Y": 0.4231893718242645
          },
          {
            "X": 0.3313814103603363,
            "Y": 0.42314714193344116
          }
        ]
      },
      "Id": "64eb6b9b-030f-4e8c-a771-46f4ba83436e",
      "Relationships": [
        {
          "Type": "CHILD",
          "Ids": [
            "30b0cf65-169f-4680-9887-d1de3bb539aa",
            "54fb14cd-c4df-4931-87ac-d7bc8d348e39"
          ]
        }
      ],
      "Page": 1
    },
    {
      "BlockType": "LINE",
      "Confidence": 99.59154510498047,
      "Text": "Storage modulus at 50 °C (MPa)",
      "Geometry": {
        "BoundingBox": {
          "Width": 0.19367298483848572,
          "Height": 0.023039693012833595,
          "Left": 0.4102475643157959,
          "Top": 0.39764243364334106
        },
        "Polygon": [
          {
            "X": 0.4102475643157959,
            "Y": 0.39764243364334106
          },
          {
            "X": 0.6037401556968689,
            "Y": 0.3978518843650818
          },
          {
            "X": 0.6039205193519592,
            "Y": 0.4206821024417877
          },
          {
            "X": 0.4103855788707733,
            "Y": 0.42048338055610657
          }
        ]
      },
      "Id": "4c5061fd-81e4-418a-9137-04b5605a1dfc",
      "Relationships": [
        {
          "Type": "CHILD",
          "Ids": [
            "e683d30f-647e-42b8-9299-5926a49767c5",
            "a853a469-b027-4582-8461-9b7f619e2730",
            "e3bda234-c45d-4511-8ac1-f628fbb4c90c",
            "88964d13-006f-4020-bbf7-e4df458de2ea",
            "1262f5de-2abf-4526-8c66-1b2b5e7ebff9",
            "706b4b63-b1b4-4ca0-a7a2-363b9ee99c0b"
          ]
        }
      ],
      "Page": 1
    },
    {
      "BlockType": "LINE",
      "Confidence": 80.1812744140625,
      "Text": "Ve 10 - -3(mol/m3)",
      "Geometry": {
        "BoundingBox": {
          "Width": 0.11792176961898804,
          "Height": 0.01688251458108425,
          "Left": 0.6415572166442871,
          "Top": 0.40218234062194824
        },
        "Polygon": [
          {
            "X": 0.6415572166442871,
            "Y": 0.40218234062194824
          },
          {
            "X": 0.7593216300010681,
            "Y": 0.4023085832595825
          },
          {
            "X": 0.7594789862632751,
            "Y": 0.41906484961509705
          },
          {
            "X": 0.6416957378387451,
            "Y": 0.4189434051513672
          }
        ]
      },
      "Id": "13a12aa1-3002-4181-beb5-23a97772fe8e",
      "Relationships": [
        {
          "Type": "CHILD",
          "Ids": [
            "f429a14b-9000-4ae6-bfe5-98807599b2e6",
            "9710f21d-62de-464e-8982-b40015e8dca4",
            "8dcc5425-ed21-4bab-b037-e17a53b8e0e1",
            "b8587a0e-8051-499a-b3e7-be8ce4c560b9"
          ]
        }
      ],
      "Page": 1
    },
    {
      "BlockType": "LINE",
      "Confidence": 99.81875610351562,
      "Text": "EP",
      "Geometry": {
        "BoundingBox": {
          "Width": 0.015629760921001434,
          "Height": 0.016791384667158127,
          "Left": 0.25064125657081604,
          "Top": 0.45740312337875366
        },
        "Polygon": [
          {
            "X": 0.25064125657081604,
            "Y": 0.45740312337875366
          },
          {
            "X": 0.26619285345077515,
            "Y": 0.45741769671440125
          },
          {
            "X": 0.2662709951400757,
            "Y": 0.4741944968700409
          },
          {
            "X": 0.250716894865036,
            "Y": 0.47418057918548584
          }
        ]
      },
      "Id": "e64792f6-057a-4aef-a432-2e7a6f5a663b",
      "Relationships": [
        {
          "Type": "CHILD",
          "Ids": [
            "77cdd31a-2360-47a4-a5e2-e3b1e317d7e0"
          ]
        }
      ],
      "Page": 1
    },
    {
      "BlockType": "LINE",
      "Confidence": 99.98291778564453,
      "Text": "138",
      "Geometry": {
        "BoundingBox": {
          "Width": 0.02242754027247429,
          "Height": 0.017921380698680878,
          "Left": 0.33214667439460754,
          "Top": 0.45693257451057434
        },
        "Polygon": [
          {
            "X": 0.33214667439460754,
            "Y": 0.45693257451057434
          },
          {
            "X": 0.3544756770133972,
            "Y": 0.4569535255432129
          },
          {
            "X": 0.3545742332935333,
            "Y": 0.4748539626598358
          },
          {
            "X": 0.33224138617515564,
            "Y": 0.47483396530151367
          }
        ]
      },
      "Id": "4d71089f-eb8a-4ac4-8ea8-3e08875bac1f",
      "Relationships": [
        {
          "Type": "CHILD",
          "Ids": [
            "92b2be33-db99-44af-ae22-8dcc3792e966"
          ]
        }
      ],
      "Page": 1
    },
    {
      "BlockType": "LINE",
      "Confidence": 99.98133087158203,
      "Text": "2431",
      "Geometry": {
        "BoundingBox": {
          "Width": 0.02944726124405861,
          "Height": 0.017506079748272896,
          "Left": 0.4101313054561615,
          "Top": 0.45715469121932983
        },
        "Polygon": [
          {
            "X": 0.4101313054561615,
            "Y": 0.45715469121932983
          },
          {
            "X": 0.439468115568161,
            "Y": 0.4571821987628937
          },
          {
            "X": 0.4395785927772522,
            "Y": 0.4746607542037964
          },
          {
            "X": 0.4102368652820587,
            "Y": 0.4746344983577728
          }
        ]
      },
      "Id": "9ff3ba94-1d89-49db-b768-0bbcce6d4303",
      "Relationships": [
        {
          "Type": "CHILD",
          "Ids": [
            "f9d83151-0fd6-4117-b4ed-d361538d52c4"
          ]
        }
      ],
      "Page": 1
    },
    {
      "BlockType": "LINE",
      "Confidence": 99.89227294921875,
      "Text": "2.78",
      "Geometry": {
        "BoundingBox": {
          "Width": 0.02645743638277054,
          "Height": 0.01762883923947811,
          "Left": 0.6414805054664612,
          "Top": 0.4570973813533783
        },
        "Polygon": [
          {
            "X": 0.6414805054664612,
            "Y": 0.4570973813533783
          },
          {
            "X": 0.6677881479263306,
            "Y": 0.4571220576763153
          },
          {
            "X": 0.6679379343986511,
            "Y": 0.47472622990608215
          },
          {
            "X": 0.6416258811950684,
            "Y": 0.4747026562690735
          }
        ]
      },
      "Id": "3da18121-f024-423a-9e39-3a0a17f4dfb7",
      "Relationships": [
        {
          "Type": "CHILD",
          "Ids": [
            "9bc3b0c5-bdbc-4424-adbc-a9636bd9f67a"
          ]
        }
      ],
      "Page": 1
    },
    {
      "BlockType": "LINE",
      "Confidence": 99.03266143798828,
      "Text": "EP-0.5",
      "Geometry": {
        "BoundingBox": {
          "Width": 0.038936130702495575,
          "Height": 0.017306949943304062,
          "Left": 0.25069406628608704,
          "Top": 0.48782065510749817
        },
        "Polygon": [
          {
            "X": 0.25069406628608704,
            "Y": 0.48782065510749817
          },
          {
            "X": 0.28954586386680603,
            "Y": 0.4878541827201843
          },
          {
            "X": 0.2896301746368408,
            "Y": 0.5051276087760925
          },
          {
            "X": 0.2507719397544861,
            "Y": 0.5050957202911377
          }
        ]
      },
      "Id": "404ac2ce-d034-4c4b-b96e-89ab3a6243b5",
      "Relationships": [
        {
          "Type": "CHILD",
          "Ids": [
            "aeca3bee-b0a3-4ffb-8c1e-95a3f6409b8f"
          ]
        }
      ],
      "Page": 1
    },
    {
      "BlockType": "LINE",
      "Confidence": 99.97512817382812,
      "Text": "135",
      "Geometry": {
        "BoundingBox": {
          "Width": 0.022432800382375717,
          "Height": 0.017714444547891617,
          "Left": 0.3321540057659149,
          "Top": 0.4874654710292816
        },
        "Polygon": [
          {
            "X": 0.3321540057659149,
            "Y": 0.4874654710292816
          },
          {
            "X": 0.35448941588401794,
            "Y": 0.48748478293418884
          },
          {
            "X": 0.35458680987358093,
            "Y": 0.5051799416542053
          },
          {
            "X": 0.33224761486053467,
            "Y": 0.5051615834236145
          }
        ]
      },
      "Id": "aa90c107-2479-41c5-a887-a771806f66f1",
      "Relationships": [
        {
          "Type": "CHILD",
          "Ids": [
            "67102aad-0a1a-4a12-a5d8-139ff5c9b670"
          ]
        }
      ],
      "Page": 1
    },
    {
      "BlockType": "LINE",
      "Confidence": 99.97399139404297,
      "Text": "2622",
      "Geometry": {
        "BoundingBox": {
          "Width": 0.030472343787550926,
          "Height": 0.017216632142663002,
          "Left": 0.41024330258369446,
          "Top": 0.48769497871398926
        },
        "Polygon": [
          {
            "X": 0.41024330258369446,
            "Y": 0.48769497871398926
          },
          {
            "X": 0.44060683250427246,
            "Y": 0.48772117495536804
          },
          {
            "X": 0.44071564078330994,
            "Y": 0.5049116015434265
          },
          {
            "X": 0.4103471040725708,
            "Y": 0.5048866271972656
          }
        ]
      },
      "Id": "763c20aa-15bd-4038-af41-8b8a09948392",
      "Relationships": [
        {
          "Type": "CHILD",
          "Ids": [
            "06563245-6ee1-483c-b682-6e0c3c755441"
          ]
        }
      ],
      "Page": 1
    },
    {
      "BlockType": "LINE",
      "Confidence": 99.79022216796875,
      "Text": "2.38",
      "Geometry": {
        "BoundingBox": {
          "Width": 0.026361891999840736,
          "Height": 0.017263682559132576,
          "Left": 0.6415845155715942,
          "Top": 0.4877922534942627
        },
        "Polygon": [
          {
            "X": 0.6415845155715942,
            "Y": 0.4877922534942627
          },
          {
            "X": 0.667799711227417,
            "Y": 0.48781490325927734
          },
          {
            "X": 0.6679463982582092,
            "Y": 0.5050559639930725
          },
          {
            "X": 0.6417268514633179,
            "Y": 0.5050343871116638
          }
        ]
      },
      "Id": "35b81d62-fe34-4910-b15f-c6763a034bd9",
      "Relationships": [
        {
          "Type": "CHILD",
          "Ids": [
            "7685f1a4-e823-49bb-bfb8-9a9276abbbf5"
          ]
        }
      ],
      "Page": 1
    },
    {
      "BlockType": "LINE",
      "Confidence": 99.70974731445312,
      "Text": "EP-1.0",
      "Geometry": {
        "BoundingBox": {
          "Width": 0.03927832469344139,
          "Height": 0.017255356535315514,
          "Left": 0.25059017539024353,
          "Top": 0.5169567465782166
        },
        "Polygon": [
          {
            "X": 0.25059017539024353,
            "Y": 0.5169567465782166
          },
          {
            "X": 0.28978443145751953,
            "Y": 0.5169878005981445
          },
          {
            "X": 0.2898685038089752,
            "Y": 0.5342121124267578
          },
          {
            "X": 0.2506678104400635,
            "Y": 0.5341827273368835
          }
        ]
      },
      "Id": "d1cbc9bd-c87f-445a-8d69-a1d7f4785fc9",
      "Relationships": [
        {
          "Type": "CHILD",
          "Ids": [
            "3c386d44-200f-4ef2-a592-e998793cbe9b"
          ]
        }
      ],
      "Page": 1
    },
    {
      "BlockType": "LINE",
      "Confidence": 99.95344543457031,
      "Text": "133",
      "Geometry": {
        "BoundingBox": {
          "Width": 0.022317958995699883,
          "Height": 0.01771901547908783,
          "Left": 0.3322366178035736,
          "Top": 0.5167328119277954
        },
        "Polygon": [
          {
            "X": 0.3322366178035736,
            "Y": 0.5167328119277954
          },
          {
            "X": 0.35445716977119446,
            "Y": 0.5167504549026489
          },
          {
            "X": 0.35455456376075745,
            "Y": 0.5344518423080444
          },
          {
            "X": 0.33233022689819336,
            "Y": 0.5344352126121521
          }
        ]
      },
      "Id": "58a171ca-92b6-45e0-b92d-264066f018c3",
      "Relationships": [
        {
          "Type": "CHILD",
          "Ids": [
            "7e6a9b46-a220-41df-9b71-8b8130aa3275"
          ]
        }
      ],
      "Page": 1
    },
    {
      "BlockType": "LINE",
      "Confidence": 99.9683609008789,
      "Text": "2607",
      "Geometry": {
        "BoundingBox": {
          "Width": 0.030584897845983505,
          "Height": 0.017261261120438576,
          "Left": 0.4101123511791229,
          "Top": 0.5168958902359009
        },
        "Polygon": [
          {
            "X": 0.4101123511791229,
            "Y": 0.5168958902359009
          },
          {
            "X": 0.44058817625045776,
            "Y": 0.5169200301170349
          },
          {
            "X": 0.44069725275039673,
            "Y": 0.5341570973396301
          },
          {
            "X": 0.41021639108657837,
            "Y": 0.5341342687606812
          }
        ]
      },
      "Id": "6f03c31c-0e67-4976-9329-82b0ae199ef7",
      "Relationships": [
        {
          "Type": "CHILD",
          "Ids": [
            "266aab81-0a93-4faa-91a5-bd4b4dde8421"
          ]
        }
      ],
      "Page": 1
    },
    {
      "BlockType": "LINE",
      "Confidence": 99.9243392944336,
      "Text": "1.96",
      "Geometry": {
        "BoundingBox": {
          "Width": 0.02594045363366604,
          "Height": 0.017233023419976234,
          "Left": 0.6420644521713257,
          "Top": 0.5169081091880798
        },
        "Polygon": [
          {
            "X": 0.6420644521713257,
            "Y": 0.5169081091880798
          },
          {
            "X": 0.6678585410118103,
            "Y": 0.5169285535812378
          },
          {
            "X": 0.6680049300193787,
            "Y": 0.5341411232948303
          },
          {
            "X": 0.6422066688537598,
            "Y": 0.5341217517852783
          }
        ]
      },
      "Id": "a2b333c5-2098-4062-91fc-03b59c30fc46",
      "Relationships": [
        {
          "Type": "CHILD",
          "Ids": [
            "63240994-39f8-468c-9c85-7ca641f309c7"
          ]
        }
      ],
      "Page": 1
    },
    {
      "BlockType": "LINE",
      "Confidence": 99.70579528808594,
      "Text": "EP-1.5",
      "Geometry": {
        "BoundingBox": {
          "Width": 0.03907422721385956,
          "Height": 0.017289072275161743,
          "Left": 0.25061655044555664,
          "Top": 0.5475708842277527
        },
        "Polygon": [
          {
            "X": 0.25061655044555664,
            "Y": 0.5475708842277527
          },
          {
            "X": 0.28960657119750977,
            "Y": 0.5475988388061523
          },
          {
            "X": 0.2896907925605774,
            "Y": 0.5648599863052368
          },
          {
            "X": 0.2506943345069885,
            "Y": 0.5648336410522461
          }
        ]
      },
      "Id": "42311077-b6f5-4115-82cd-e64e96022990",
      "Relationships": [
        {
          "Type": "CHILD",
          "Ids": [
            "96344211-e547-4e00-93ea-cc07eb5b99fe"
          ]
        }
      ],
      "Page": 1
    },
    {
      "BlockType": "LINE",
      "Confidence": 99.9357681274414,
      "Text": "131",
      "Geometry": {
        "BoundingBox": {
          "Width": 0.021424051374197006,
          "Height": 0.01782124862074852,
          "Left": 0.3321337103843689,
          "Top": 0.5470555424690247
        },
        "Polygon": [
          {
            "X": 0.3321337103843689,
            "Y": 0.5470555424690247
          },
          {
            "X": 0.3534599840641022,
            "Y": 0.5470708608627319
          },
          {
            "X": 0.3535577654838562,
            "Y": 0.5648767948150635
          },
          {
            "X": 0.33222782611846924,
            "Y": 0.5648623704910278
          }
        ]
      },
      "Id": "0385a786-b882-4930-894e-f0fa1e337c27",
      "Relationships": [
        {
          "Type": "CHILD",
          "Ids": [
            "5e55ed15-2d7f-4d68-ae58-d4de456b49a1"
          ]
        }
      ],
      "Page": 1
    },
    {
      "BlockType": "LINE",
      "Confidence": 99.97647094726562,
      "Text": "2681",
      "Geometry": {
        "BoundingBox": {
          "Width": 0.02913799323141575,
          "Height": 0.017432035878300667,
          "Left": 0.4103374183177948,
          "Top": 0.5473436713218689
        },
        "Polygon": [
          {
            "X": 0.4103374183177948,
            "Y": 0.5473436713218689
          },
          {
            "X": 0.4393654763698578,
            "Y": 0.5473644733428955
          },
          {
            "X": 0.439475417137146,
            "Y": 0.5647757053375244
          },
          {
            "X": 0.4104425311088562,
            "Y": 0.5647560358047485
          }
        ]
      },
      "Id": "cee74d61-861e-4cfa-b644-388c62ceb9d3",
      "Relationships": [
        {
          "Type": "CHILD",
          "Ids": [
            "411ae113-c273-4e6b-b8cc-608dae50240f"
          ]
        }
      ],
      "Page": 1
    },
    {
      "BlockType": "LINE",
      "Confidence": 99.80565643310547,
      "Text": "1.94",
      "Geometry": {
        "BoundingBox": {
          "Width": 0.025857985019683838,
          "Height": 0.01749301515519619,
          "Left": 0.6420356035232544,
          "Top": 0.5474560260772705
        },
        "Polygon": [
          {
            "X": 0.6420356035232544,
            "Y": 0.5474560260772705
          },
          {
            "X": 0.667745053768158,
            "Y": 0.5474745035171509
          },
          {
            "X": 0.6678935885429382,
            "Y": 0.564949095249176
          },
          {
            "X": 0.6421799063682556,
            "Y": 0.5649316906929016
          }
        ]
      },
      "Id": "918f12b2-46bd-4849-84f1-8b1ddfc20eaa",
      "Relationships": [
        {
          "Type": "CHILD",
          "Ids": [
            "f02b408b-6b15-4977-ad33-541b94908520"
          ]
        }
      ],
      "Page": 1
    },
    {
      "BlockType": "LINE",
      "Confidence": 99.75814056396484,
      "Text": "EP-2.0",
      "Geometry": {
        "BoundingBox": {
          "Width": 0.039074335247278214,
          "Height": 0.017383377999067307,
          "Left": 0.2505452036857605,
          "Top": 0.5780192613601685
        },
        "Polygon": [
          {
            "X": 0.2505452036857605,
            "Y": 0.5780192613601685
          },
          {
            "X": 0.28953486680984497,
            "Y": 0.5780443549156189
          },
          {
            "X": 0.2896195352077484,
            "Y": 0.5954026579856873
          },
          {
            "X": 0.2506233751773834,
            "Y": 0.5953791737556458
          }
        ]
      },
      "Id": "569b6db8-8c41-4cb6-87ee-cf5616f7a7e8",
      "Relationships": [
        {
          "Type": "CHILD",
          "Ids": [
            "41cf911b-e69e-4499-b8cb-caaeb7285889"
          ]
        }
      ],
      "Page": 1
    },
    {
      "BlockType": "LINE",
      "Confidence": 99.97718048095703,
      "Text": "130",
      "Geometry": {
        "BoundingBox": {
          "Width": 0.022525116801261902,
          "Height": 0.017656832933425903,
          "Left": 0.3321191668510437,
          "Top": 0.5779040455818176
        },
        "Polygon": [
          {
            "X": 0.3321191668510437,
            "Y": 0.5779040455818176
          },
          {
            "X": 0.35454726219177246,
            "Y": 0.5779184699058533
          },
          {
            "X": 0.3546442985534668,
            "Y": 0.5955609083175659
          },
          {
            "X": 0.3322124183177948,
            "Y": 0.5955474376678467
          }
        ]
      },
      "Id": "9946fc86-c015-4d14-a87f-98c286746e69",
      "Relationships": [
        {
          "Type": "CHILD",
          "Ids": [
            "3c40033a-4e25-403e-a50c-22e13e5b7fbb"
          ]
        }
      ],
      "Page": 1
    },
    {
      "BlockType": "LINE",
      "Confidence": 99.9722900390625,
      "Text": "2701",
      "Geometry": {
        "BoundingBox": {
          "Width": 0.02949421852827072,
          "Height": 0.01733381114900112,
          "Left": 0.4101185202598572,
          "Top": 0.5780953764915466
        },
        "Polygon": [
          {
            "X": 0.4101185202598572,
            "Y": 0.5780953764915466
          },
          {
            "X": 0.43950343132019043,
            "Y": 0.5781143307685852
          },
          {
            "X": 0.4396127462387085,
            "Y": 0.5954292416572571
          },
          {
            "X": 0.41022297739982605,
            "Y": 0.5954115390777588
          }
        ]
      },
      "Id": "97fdce71-a9a1-4cfb-b8f9-d17baa578d6c",
      "Relationships": [
        {
          "Type": "CHILD",
          "Ids": [
            "740fa65c-ab00-4c14-8029-fcec5392d728"
          ]
        }
      ],
      "Page": 1
    },
    {
      "BlockType": "LINE",
      "Confidence": 91.40656280517578,
      "Text": "1.45",
      "Geometry": {
        "BoundingBox": {
          "Width": 0.02595646306872368,
          "Height": 0.017414545640349388,
          "Left": 0.6419376730918884,
          "Top": 0.5781708359718323
        },
        "Polygon": [
          {
            "X": 0.6419376730918884,
            "Y": 0.5781708359718323
          },
          {
            "X": 0.6677462458610535,
            "Y": 0.5781874656677246
          },
          {
            "X": 0.6678941249847412,
            "Y": 0.5955853462219238
          },
          {
            "X": 0.6420812606811523,
            "Y": 0.5955698490142822
          }
        ]
      },
      "Id": "226dac94-9987-4f4d-9f9c-ed17cf4cc40c",
      "Relationships": [
        {
          "Type": "CHILD",
          "Ids": [
            "60a4796c-d383-4412-ac44-937958bfd82f"
          ]
        }
      ],
      "Page": 1
    },
    {
      "BlockType": "WORD",
      "Confidence": 99.92159271240234,
      "Text": "Sample",
      "TextType": "PRINTED",
      "Geometry": {
        "BoundingBox": {
          "Width": 0.04368139058351517,
          "Height": 0.022452877834439278,
          "Left": 0.2509898245334625,
          "Top": 0.39805617928504944
        },
        "Polygon": [
          {
            "X": 0.2509898245334625,
            "Y": 0.39805617928504944
          },
          {
            "X": 0.2945607006549835,
            "Y": 0.398103266954422
          },
          {
            "X": 0.2946712374687195,
            "Y": 0.4205090403556824
          },
          {
            "X": 0.25109100341796875,
            "Y": 0.42046430706977844
          }
        ]
      },
      "Id": "f19f05b5-877b-4a09-b103-a4b46bd76c4e",
      "Page": 1
    },
    {
      "BlockType": "WORD",
      "Confidence": 73.56664276123047,
      "Text": "Tg",
      "TextType": "PRINTED",
      "Geometry": {
        "BoundingBox": {
          "Width": 0.014202938415110111,
          "Height": 0.02453641965985298,
          "Left": 0.3312518000602722,
          "Top": 0.39862507581710815
        },
        "Polygon": [
          {
            "X": 0.3312518000602722,
            "Y": 0.39862507581710815
          },
          {
            "X": 0.3453218340873718,
            "Y": 0.3986402750015259
          },
          {
            "X": 0.34545475244522095,
            "Y": 0.42316150665283203
          },
          {
            "X": 0.3313814103603363,
            "Y": 0.42314714193344116
          }
        ]
      },
      "Id": "30b0cf65-169f-4680-9887-d1de3bb539aa",
      "Page": 1
    },
    {
      "BlockType": "WORD",
      "Confidence": 67.7359390258789,
      "Text": "(C)",
      "TextType": "PRINTED",
      "Geometry": {
        "BoundingBox": {
          "Width": 0.023036159574985504,
          "Height": 0.021699797362089157,
          "Left": 0.34971117973327637,
          "Top": 0.39760977029800415
        },
        "Polygon": [
          {
            "X": 0.34971117973327637,
            "Y": 0.39760977029800415
          },
          {
            "X": 0.37262415885925293,
            "Y": 0.3976345658302307
          },
          {
            "X": 0.3727473318576813,
            "Y": 0.4193095564842224
          },
          {
            "X": 0.3498295843601227,
            "Y": 0.41928598284721375
          }
        ]
      },
      "Id": "54fb14cd-c4df-4931-87ac-d7bc8d348e39",
      "Page": 1
    },
    {
      "BlockType": "WORD",
      "Confidence": 99.90756225585938,
      "Text": "Storage",
      "TextType": "PRINTED",
      "Geometry": {
        "BoundingBox": {
          "Width": 0.044956743717193604,
          "Height": 0.02184971049427986,
          "Left": 0.4102538228034973,
          "Top": 0.3986797034740448
        },
        "Polygon": [
          {
            "X": 0.4102538228034973,
            "Y": 0.3986797034740448
          },
          {
            "X": 0.4550694227218628,
            "Y": 0.3987281024456024
          },
          {
            "X": 0.4552105665206909,
            "Y": 0.42052939534187317
          },
          {
            "X": 0.4103855788707733,
            "Y": 0.42048338055610657
          }
        ]
      },
      "Id": "e683d30f-647e-42b8-9299-5926a49767c5",
      "Page": 1
    },
    {
      "BlockType": "WORD",
      "Confidence": 99.88178253173828,
      "Text": "modulus",
      "TextType": "PRINTED",
      "Geometry": {
        "BoundingBox": {
          "Width": 0.05160253122448921,
          "Height": 0.018119804561138153,
          "Left": 0.45935019850730896,
          "Top": 0.3978515863418579
        },
        "Polygon": [
          {
            "X": 0.45935019850730896,
            "Y": 0.3978515863418579
          },
          {
            "X": 0.5108261108398438,
            "Y": 0.3979073166847229
          },
          {
            "X": 0.5109527111053467,
            "Y": 0.41597139835357666
          },
          {
            "X": 0.45946788787841797,
            "Y": 0.4159179627895355
          }
        ]
      },
      "Id": "a853a469-b027-4582-8461-9b7f619e2730",
      "Page": 1
    },
    {
      "BlockType": "WORD",
      "Confidence": 99.97513580322266,
      "Text": "at",
      "TextType": "PRINTED",
      "Geometry": {
        "BoundingBox": {
          "Width": 0.011744210496544838,
          "Height": 0.015293379314243793,
          "Left": 0.5158712267875671,
          "Top": 0.40065041184425354
        },
        "Polygon": [
          {
            "X": 0.5158712267875671,
            "Y": 0.40065041184425354
          },
          {
            "X": 0.5275058746337891,
            "Y": 0.40066292881965637
          },
          {
            "X": 0.5276154279708862,
            "Y": 0.41594380140304565
          },
          {
            "X": 0.5159790515899658,
            "Y": 0.41593173146247864
          }
        ]
      },
      "Id": "e3bda234-c45d-4511-8ac1-f628fbb4c90c",
      "Page": 1
    },
    {
      "BlockType": "WORD",
      "Confidence": 99.8192138671875,
      "Text": "50",
      "TextType": "PRINTED",
      "Geometry": {
        "BoundingBox": {
          "Width": 0.015001412481069565,
          "Height": 0.017104806378483772,
          "Left": 0.5318077206611633,
          "Top": 0.3986574411392212
        },
        "Polygon": [
          {
            "X": 0.5318077206611633,
            "Y": 0.3986574411392212
          },
          {
            "X": 0.5466834306716919,
            "Y": 0.39867350459098816
          },
          {
            "X": 0.5468091368675232,
            "Y": 0.4157622456550598
          },
          {
            "X": 0.5319309234619141,
            "Y": 0.4157467782497406
          }
        ]
      },
      "Id": "88964d13-006f-4020-bbf7-e4df458de2ea",
      "Page": 1
    },
    {
      "BlockType": "WORD",
      "Confidence": 98.1655044555664,
      "Text": "°C",
      "TextType": "PRINTED",
      "Geometry": {
        "BoundingBox": {
          "Width": 0.012732647359371185,
          "Height": 0.01732018031179905,
          "Left": 0.5499684810638428,
          "Top": 0.3977936804294586
        },
        "Polygon": [
          {
            "X": 0.5499684810638428,
            "Y": 0.3977936804294586
          },
          {
            "X": 0.5625712275505066,
            "Y": 0.3978073000907898
          },
          {
            "X": 0.5627011656761169,
            "Y": 0.4151138365268707
          },
          {
            "X": 0.5500962734222412,
            "Y": 0.41510072350502014
          }
        ]
      },
      "Id": "1262f5de-2abf-4526-8c66-1b2b5e7ebff9",
      "Page": 1
    },
    {
      "BlockType": "WORD",
      "Confidence": 99.80009460449219,
      "Text": "(MPa)",
      "TextType": "PRINTED",
      "Geometry": {
        "BoundingBox": {
          "Width": 0.036329153925180435,
          "Height": 0.021033041179180145,
          "Left": 0.5675773024559021,
          "Top": 0.39786678552627563
        },
        "Polygon": [
          {
            "X": 0.5675773024559021,
            "Y": 0.39786678552627563
          },
          {
            "X": 0.6037405729293823,
            "Y": 0.39790594577789307
          },
          {
            "X": 0.6039064526557922,
            "Y": 0.4188998341560364
          },
          {
            "X": 0.5677359104156494,
            "Y": 0.41886255145072937
          }
        ]
      },
      "Id": "706b4b63-b1b4-4ca0-a7a2-363b9ee99c0b",
      "Page": 1
    },
    {
      "BlockType": "WORD",
      "Confidence": 92.77457427978516,
      "Text": "Ve",
      "TextType": "PRINTED",
      "Geometry": {
        "BoundingBox": {
          "Width": 0.011663093231618404,
          "Height": 0.018020832911133766,
          "Left": 0.6415572166442871,
          "Top": 0.40218234062194824
        },
        "Polygon": [
          {
            "X": 0.6415572166442871,
            "Y": 0.40218234062194824
          },
          {
            "X": 0.6530695557594299,
            "Y": 0.40219467878341675
          },
          {
            "X": 0.6532203555107117,
            "Y": 0.42020317912101746
          },
          {
            "X": 0.6417060494422913,
            "Y": 0.42019134759902954
          }
        ]
      },
      "Id": "f429a14b-9000-4ae6-bfe5-98807599b2e6",
      "Page": 1
    },
    {
      "BlockType": "WORD",
      "Confidence": 99.6326904296875,
      "Text": "10",
      "TextType": "PRINTED",
      "Geometry": {
        "BoundingBox": {
          "Width": 0.014585851691663265,
          "Height": 0.01761765219271183,
          "Left": 0.6721263527870178,
          "Top": 0.39826124906539917
        },
        "Polygon": [
          {
            "X": 0.6721263527870178,
            "Y": 0.39826124906539917
          },
          {
            "X": 0.6865591406822205,
            "Y": 0.39827683568000793
          },
          {
            "X": 0.6867122054100037,
            "Y": 0.41587889194488525
          },
          {
            "X": 0.6722769737243652,
            "Y": 0.41586390137672424
          }
        ]
      },
      "Id": "9710f21d-62de-464e-8982-b40015e8dca4",
      "Page": 1
    },
    {
      "BlockType": "WORD",
      "Confidence": 90.7104721069336,
      "Text": "-",
      "TextType": "PRINTED",
      "Geometry": {
        "BoundingBox": {
          "Width": 0.006484196521341801,
          "Height": 0.0036484235897660255,
          "Left": 0.688931941986084,
          "Top": 0.398465096950531
        },
        "Polygon": [
          {
            "X": 0.688931941986084,
            "Y": 0.398465096950531
          },
          {
            "X": 0.69538414478302,
            "Y": 0.3984721004962921
          },
          {
            "X": 0.6954160928726196,
            "Y": 0.40211352705955505
          },
          {
            "X": 0.6889636516571045,
            "Y": 0.4021066129207611
          }
        ]
      },
      "Id": "8dcc5425-ed21-4bab-b037-e17a53b8e0e1",
      "Page": 1
    },
    {
      "BlockType": "WORD",
      "Confidence": 34.961299896240234,
      "Text": "-3(mol/m3)",
      "TextType": "PRINTED",
      "Geometry": {
        "BoundingBox": {
          "Width": 0.0681687593460083,
          "Height": 0.025788957253098488,
          "Left": 0.6913102269172668,
          "Top": 0.3932758867740631
        },
        "Polygon": [
          {
            "X": 0.6913102269172668,
            "Y": 0.3932758867740631
          },
          {
            "X": 0.7592374682426453,
            "Y": 0.39335018396377563
          },
          {
            "X": 0.7594789862632751,
            "Y": 0.41906484961509705
          },
          {
            "X": 0.6915350556373596,
            "Y": 0.4189947843551636
          }
        ]
      },
      "Id": "b8587a0e-8051-499a-b3e7-be8ce4c560b9",
      "Page": 1
    },
    {
      "BlockType": "WORD",
      "Confidence": 99.81875610351562,
      "Text": "EP",
      "TextType": "PRINTED",
      "Geometry": {
        "BoundingBox": {
          "Width": 0.015629760921001434,
          "Height": 0.016791384667158127,
          "Left": 0.25064125657081604,
          "Top": 0.45740312337875366
        },
        "Polygon": [
          {
            "X": 0.25064125657081604,
            "Y": 0.45740312337875366
          },
          {
            "X": 0.26619285345077515,
            "Y": 0.45741769671440125
          },
          {
            "X": 0.2662709951400757,
            "Y": 0.4741944968700409
          },
          {
            "X": 0.250716894865036,
            "Y": 0.47418057918548584
          }
        ]
      },
      "Id": "77cdd31a-2360-47a4-a5e2-e3b1e317d7e0",
      "Page": 1
    },
    {
      "BlockType": "WORD",
      "Confidence": 99.98291778564453,
      "Text": "138",
      "TextType": "PRINTED",
      "Geometry": {
        "BoundingBox": {
          "Width": 0.02242754027247429,
          "Height": 0.017921380698680878,
          "Left": 0.33214667439460754,
          "Top": 0.45693257451057434
        },
        "Polygon": [
          {
            "X": 0.33214667439460754,
            "Y": 0.45693257451057434
          },
          {
            "X": 0.3544756770133972,
            "Y": 0.4569535255432129
          },
          {
            "X": 0.3545742332935333,
            "Y": 0.4748539626598358
          },
          {
            "X": 0.33224138617515564,
            "Y": 0.47483396530151367
          }
        ]
      },
      "Id": "92b2be33-db99-44af-ae22-8dcc3792e966",
      "Page": 1
    },
    {
      "BlockType": "WORD",
      "Confidence": 99.98133087158203,
      "Text": "2431",
      "TextType": "PRINTED",
      "Geometry": {
        "BoundingBox": {
          "Width": 0.02944726124405861,
          "Height": 0.017506079748272896,
          "Left": 0.4101313054561615,
          "Top": 0.45715469121932983
        },
        "Polygon": [
          {
            "X": 0.4101313054561615,
            "Y": 0.45715469121932983
          },
          {
            "X": 0.439468115568161,
            "Y": 0.4571821987628937
          },
          {
            "X": 0.4395785927772522,
            "Y": 0.4746607542037964
          },
          {
            "X": 0.4102368652820587,
            "Y": 0.4746344983577728
          }
        ]
      },
      "Id": "f9d83151-0fd6-4117-b4ed-d361538d52c4",
      "Page": 1
    },
    {
      "BlockType": "WORD",
      "Confidence": 99.89227294921875,
      "Text": "2.78",
      "TextType": "PRINTED",
      "Geometry": {
        "BoundingBox": {
          "Width": 0.02645743638277054,
          "Height": 0.01762883923947811,
          "Left": 0.6414805054664612,
          "Top": 0.4570973813533783
        },
        "Polygon": [
          {
            "X": 0.6414805054664612,
            "Y": 0.4570973813533783
          },
          {
            "X": 0.6677881479263306,
            "Y": 0.4571220576763153
          },
          {
            "X": 0.6679379343986511,
            "Y": 0.47472622990608215
          },
          {
            "X": 0.6416258811950684,
            "Y": 0.4747026562690735
          }
        ]
      },
      "Id": "9bc3b0c5-bdbc-4424-adbc-a9636bd9f67a",
      "Page": 1
    },
    {
      "BlockType": "WORD",
      "Confidence": 99.03266143798828,
      "Text": "EP-0.5",
      "TextType": "PRINTED",
      "Geometry": {
        "BoundingBox": {
          "Width": 0.038936130702495575,
          "Height": 0.017306949943304062,
          "Left": 0.25069406628608704,
          "Top": 0.48782065510749817
        },
        "Polygon": [
          {
            "X": 0.25069406628608704,
            "Y": 0.48782065510749817
          },
          {
            "X": 0.28954586386680603,
            "Y": 0.4878541827201843
          },
          {
            "X": 0.2896301746368408,
            "Y": 0.5051276087760925
          },
          {
            "X": 0.2507719397544861,
            "Y": 0.5050957202911377
          }
        ]
      },
      "Id": "aeca3bee-b0a3-4ffb-8c1e-95a3f6409b8f",
      "Page": 1
    },
    {
      "BlockType": "WORD",
      "Confidence": 99.97512817382812,
      "Text": "135",
      "TextType": "PRINTED",
      "Geometry": {
        "BoundingBox": {
          "Width": 0.022432800382375717,
          "Height": 0.017714444547891617,
          "Left": 0.3321540057659149,
          "Top": 0.4874654710292816
        },
        "Polygon": [
          {
            "X": 0.3321540057659149,
            "Y": 0.4874654710292816
          },
          {
            "X": 0.35448941588401794,
            "Y": 0.48748478293418884
          },
          {
            "X": 0.35458680987358093,
            "Y": 0.5051799416542053
          },
          {
            "X": 0.33224761486053467,
            "Y": 0.5051615834236145
          }
        ]
      },
      "Id": "67102aad-0a1a-4a12-a5d8-139ff5c9b670",
      "Page": 1
    },
    {
      "BlockType": "WORD",
      "Confidence": 99.97399139404297,
      "Text": "2622",
      "TextType": "PRINTED",
      "Geometry": {
        "BoundingBox": {
          "Width": 0.030472343787550926,
          "Height": 0.017216632142663002,
          "Left": 0.41024330258369446,
          "Top": 0.48769497871398926
        },
        "Polygon": [
          {
            "X": 0.41024330258369446,
            "Y": 0.48769497871398926
          },
          {
            "X": 0.44060683250427246,
            "Y": 0.48772117495536804
          },
          {
            "X": 0.44071564078330994,
            "Y": 0.5049116015434265
          },
          {
            "X": 0.4103471040725708,
            "Y": 0.5048866271972656
          }
        ]
      },
      "Id": "06563245-6ee1-483c-b682-6e0c3c755441",
      "Page": 1
    },
    {
      "BlockType": "WORD",
      "Confidence": 99.79022216796875,
      "Text": "2.38",
      "TextType": "PRINTED",
      "Geometry": {
        "BoundingBox": {
          "Width": 0.026361891999840736,
          "Height": 0.017263682559132576,
          "Left": 0.6415845155715942,
          "Top": 0.4877922534942627
        },
        "Polygon": [
          {
            "X": 0.6415845155715942,
            "Y": 0.4877922534942627
          },
          {
            "X": 0.667799711227417,
            "Y": 0.48781490325927734
          },
          {
            "X": 0.6679463982582092,
            "Y": 0.5050559639930725
          },
          {
            "X": 0.6417268514633179,
            "Y": 0.5050343871116638
          }
        ]
      },
      "Id": "7685f1a4-e823-49bb-bfb8-9a9276abbbf5",
      "Page": 1
    },
    {
      "BlockType": "WORD",
      "Confidence": 99.70974731445312,
      "Text": "EP-1.0",
      "TextType": "PRINTED",
      "Geometry": {
        "BoundingBox": {
          "Width": 0.03927832469344139,
          "Height": 0.017255356535315514,
          "Left": 0.25059017539024353,
          "Top": 0.5169567465782166
        },
        "Polygon": [
          {
            "X": 0.25059017539024353,
            "Y": 0.5169567465782166
          },
          {
            "X": 0.28978443145751953,
            "Y": 0.5169878005981445
          },
          {
            "X": 0.2898685038089752,
            "Y": 0.5342121124267578
          },
          {
            "X": 0.2506678104400635,
            "Y": 0.5341827273368835
          }
        ]
      },
      "Id": "3c386d44-200f-4ef2-a592-e998793cbe9b",
      "Page": 1
    },
    {
      "BlockType": "WORD",
      "Confidence": 99.95344543457031,
      "Text": "133",
      "TextType": "PRINTED",
      "Geometry": {
        "BoundingBox": {
          "Width": 0.022317958995699883,
          "Height": 0.01771901547908783,
          "Left": 0.3322366178035736,
          "Top": 0.5167328119277954
        },
        "Polygon": [
          {
            "X": 0.3322366178035736,
            "Y": 0.5167328119277954
          },
          {
            "X": 0.35445716977119446,
            "Y": 0.5167504549026489
          },
          {
            "X": 0.35455456376075745,
            "Y": 0.5344518423080444
          },
          {
            "X": 0.33233022689819336,
            "Y": 0.5344352126121521
          }
        ]
      },
      "Id": "7e6a9b46-a220-41df-9b71-8b8130aa3275",
      "Page": 1
    },
    {
      "BlockType": "WORD",
      "Confidence": 99.9683609008789,
      "Text": "2607",
      "TextType": "PRINTED",
      "Geometry": {
        "BoundingBox": {
          "Width": 0.030584897845983505,
          "Height": 0.017261261120438576,
          "Left": 0.4101123511791229,
          "Top": 0.5168958902359009
        },
        "Polygon": [
          {
            "X": 0.4101123511791229,
            "Y": 0.5168958902359009
          },
          {
            "X": 0.44058817625045776,
            "Y": 0.5169200301170349
          },
          {
            "X": 0.44069725275039673,
            "Y": 0.5341570973396301
          },
          {
            "X": 0.41021639108657837,
            "Y": 0.5341342687606812
          }
        ]
      },
      "Id": "266aab81-0a93-4faa-91a5-bd4b4dde8421",
      "Page": 1
    },
    {
      "BlockType": "WORD",
      "Confidence": 99.9243392944336,
      "Text": "1.96",
      "TextType": "PRINTED",
      "Geometry": {
        "BoundingBox": {
          "Width": 0.02594045363366604,
          "Height": 0.017233023419976234,
          "Left": 0.6420644521713257,
          "Top": 0.5169081091880798
        },
        "Polygon": [
          {
            "X": 0.6420644521713257,
            "Y": 0.5169081091880798
          },
          {
            "X": 0.6678585410118103,
            "Y": 0.5169285535812378
          },
          {
            "X": 0.6680049300193787,
            "Y": 0.5341411232948303
          },
          {
            "X": 0.6422066688537598,
            "Y": 0.5341217517852783
          }
        ]
      },
      "Id": "63240994-39f8-468c-9c85-7ca641f309c7",
      "Page": 1
    },
    {
      "BlockType": "WORD",
      "Confidence": 99.70579528808594,
      "Text": "EP-1.5",
      "TextType": "PRINTED",
      "Geometry": {
        "BoundingBox": {
          "Width": 0.03907422721385956,
          "Height": 0.017289072275161743,
          "Left": 0.25061655044555664,
          "Top": 0.5475708842277527
        },
        "Polygon": [
          {
            "X": 0.25061655044555664,
            "Y": 0.5475708842277527
          },
          {
            "X": 0.28960657119750977,
            "Y": 0.5475988388061523
          },
          {
            "X": 0.2896907925605774,
            "Y": 0.5648599863052368
          },
          {
            "X": 0.2506943345069885,
            "Y": 0.5648336410522461
          }
        ]
      },
      "Id": "96344211-e547-4e00-93ea-cc07eb5b99fe",
      "Page": 1
    },
    {
      "BlockType": "WORD",
      "Confidence": 99.9357681274414,
      "Text": "131",
      "TextType": "PRINTED",
      "Geometry": {
        "BoundingBox": {
          "Width": 0.021424051374197006,
          "Height": 0.01782124862074852,
          "Left": 0.3321337103843689,
          "Top": 0.5470555424690247
        },
        "Polygon": [
          {
            "X": 0.3321337103843689,
            "Y": 0.5470555424690247
          },
          {
            "X": 0.3534599840641022,
            "Y": 0.5470708608627319
          },
          {
            "X": 0.3535577654838562,
            "Y": 0.5648767948150635
          },
          {
            "X": 0.33222782611846924,
            "Y": 0.5648623704910278
          }
        ]
      },
      "Id": "5e55ed15-2d7f-4d68-ae58-d4de456b49a1",
      "Page": 1
    },
    {
      "BlockType": "WORD",
      "Confidence": 99.97647094726562,
      "Text": "2681",
      "TextType": "PRINTED",
      "Geometry": {
        "BoundingBox": {
          "Width": 0.02913799323141575,
          "Height": 0.017432035878300667,
          "Left": 0.4103374183177948,
          "Top": 0.5473436713218689
        },
        "Polygon": [
          {
            "X": 0.4103374183177948,
            "Y": 0.5473436713218689
          },
          {
            "X": 0.4393654763698578,
            "Y": 0.5473644733428955
          },
          {
            "X": 0.439475417137146,
            "Y": 0.5647757053375244
          },
          {
            "X": 0.4104425311088562,
            "Y": 0.5647560358047485
          }
        ]
      },
      "Id": "411ae113-c273-4e6b-b8cc-608dae50240f",
      "Page": 1
    },
    {
      "BlockType": "WORD",
      "Confidence": 99.80565643310547,
      "Text": "1.94",
      "TextType": "PRINTED",
      "Geometry": {
        "BoundingBox": {
          "Width": 0.025857985019683838,
          "Height": 0.01749301515519619,
          "Left": 0.6420356035232544,
          "Top": 0.5474560260772705
        },
        "Polygon": [
          {
            "X": 0.6420356035232544,
            "Y": 0.5474560260772705
          },
          {
            "X": 0.667745053768158,
            "Y": 0.5474745035171509
          },
          {
            "X": 0.6678935885429382,
            "Y": 0.564949095249176
          },
          {
            "X": 0.6421799063682556,
            "Y": 0.5649316906929016
          }
        ]
      },
      "Id": "f02b408b-6b15-4977-ad33-541b94908520",
      "Page": 1
    },
    {
      "BlockType": "WORD",
      "Confidence": 99.75814056396484,
      "Text": "EP-2.0",
      "TextType": "PRINTED",
      "Geometry": {
        "BoundingBox": {
          "Width": 0.039074335247278214,
          "Height": 0.017383377999067307,
          "Left": 0.2505452036857605,
          "Top": 0.5780192613601685
        },
        "Polygon": [
          {
            "X": 0.2505452036857605,
            "Y": 0.5780192613601685
          },
          {
            "X": 0.28953486680984497,
            "Y": 0.5780443549156189
          },
          {
            "X": 0.2896195352077484,
            "Y": 0.5954026579856873
          },
          {
            "X": 0.2506233751773834,
            "Y": 0.5953791737556458
          }
        ]
      },
      "Id": "41cf911b-e69e-4499-b8cb-caaeb7285889",
      "Page": 1
    },
    {
      "BlockType": "WORD",
      "Confidence": 99.97718048095703,
      "Text": "130",
      "TextType": "PRINTED",
      "Geometry": {
        "BoundingBox": {
          "Width": 0.022525116801261902,
          "Height": 0.017656832933425903,
          "Left": 0.3321191668510437,
          "Top": 0.5779040455818176
        },
        "Polygon": [
          {
            "X": 0.3321191668510437,
            "Y": 0.5779040455818176
          },
          {
            "X": 0.35454726219177246,
            "Y": 0.5779184699058533
          },
          {
            "X": 0.3546442985534668,
            "Y": 0.5955609083175659
          },
          {
            "X": 0.3322124183177948,
            "Y": 0.5955474376678467
          }
        ]
      },
      "Id": "3c40033a-4e25-403e-a50c-22e13e5b7fbb",
      "Page": 1
    },
    {
      "BlockType": "WORD",
      "Confidence": 99.9722900390625,
      "Text": "2701",
      "TextType": "PRINTED",
      "Geometry": {
        "BoundingBox": {
          "Width": 0.02949421852827072,
          "Height": 0.01733381114900112,
          "Left": 0.4101185202598572,
          "Top": 0.5780953764915466
        },
        "Polygon": [
          {
            "X": 0.4101185202598572,
            "Y": 0.5780953764915466
          },
          {
            "X": 0.43950343132019043,
            "Y": 0.5781143307685852
          },
          {
            "X": 0.4396127462387085,
            "Y": 0.5954292416572571
          },
          {
            "X": 0.41022297739982605,
            "Y": 0.5954115390777588
          }
        ]
      },
      "Id": "740fa65c-ab00-4c14-8029-fcec5392d728",
      "Page": 1
    },
    {
      "BlockType": "WORD",
      "Confidence": 91.40656280517578,
      "Text": "1.45",
      "TextType": "PRINTED",
      "Geometry": {
        "BoundingBox": {
          "Width": 0.02595646306872368,
          "Height": 0.017414545640349388,
          "Left": 0.6419376730918884,
          "Top": 0.5781708359718323
        },
        "Polygon": [
          {
            "X": 0.6419376730918884,
            "Y": 0.5781708359718323
          },
          {
            "X": 0.6677462458610535,
            "Y": 0.5781874656677246
          },
          {
            "X": 0.6678941249847412,
            "Y": 0.5955853462219238
          },
          {
            "X": 0.6420812606811523,
            "Y": 0.5955698490142822
          }
        ]
      },
      "Id": "60a4796c-d383-4412-ac44-937958bfd82f",
      "Page": 1
    },
    {
      "BlockType": "SELECTION_ELEMENT",
      "Confidence": 24.67041015625,
      "Geometry": {
        "BoundingBox": {
          "Width": 0.009564070962369442,
          "Height": 0.0138880405575037,
          "Left": 0.6571325659751892,
          "Top": 0.40151649713516235
        },
        "Polygon": [
          {
            "X": 0.6571325659751892,
            "Y": 0.40151649713516235
          },
          {
            "X": 0.6665785908699036,
            "Y": 0.40152662992477417
          },
          {
            "X": 0.6666966080665588,
            "Y": 0.4154045283794403
          },
          {
            "X": 0.6572493314743042,
            "Y": 0.41539469361305237
          }
        ]
      },
      "Id": "6c3e421d-f291-45f2-b248-0c7b2cf77906",
      "SelectionStatus": "SELECTED",
      "Page": 1
    },
    {
      "BlockType": "TABLE",
      "Confidence": 99.0234375,
      "Geometry": {
        "BoundingBox": {
          "Width": 0.5356494188308716,
          "Height": 0.23140504956245422,
          "Left": 0.23273447155952454,
          "Top": 0.38180631399154663
        },
        "Polygon": [
          {
            "X": 0.23273447155952454,
            "Y": 0.38180631399154663
          },
          {
            "X": 0.7662001848220825,
            "Y": 0.382404088973999
          },
          {
            "X": 0.7683839201927185,
            "Y": 0.6132113933563232
          },
          {
            "X": 0.23373763263225555,
            "Y": 0.6129127740859985
          }
        ]
      },
      "Id": "64328074-ebec-4098-a3d6-d8c7828dc563",
      "Relationships": [
        {
          "Type": "CHILD",
          "Ids": [
            "639b95ec-7962-45dc-8ac0-9518810a3b57",
            "8bf032b8-b606-4d6b-952b-5f5216870610",
            "67f5069a-b332-4076-85e3-5d77d4267f85",
            "e23640f0-e3df-4d4c-9a6c-a26cc7d267b3",
            "3360da70-57a7-4222-b328-bd56c3e2668d",
            "0ea2426c-c0da-4383-8438-ecf0f3bc15a5",
            "dfe42944-41fe-45f5-80a3-9f88ca7feada",
            "fe459fc8-82b5-4092-be71-12bbab8a2b8f",
            "6c184fa8-7715-4b27-8217-c923970a83e7",
            "116ab993-8337-40af-aae9-19b912c0834b",
            "19afacae-0e8c-474e-8852-67997853c97f",
            "fb542c74-668c-4ad7-8644-0473d43fc887",
            "b41a32ab-dfe4-4738-ac41-58e55e1671ef",
            "3120fe7d-d27d-47d7-824a-24f320d50678",
            "d0dac139-33b1-4b0b-8e10-2885dc798b5a",
            "b9989de4-a2b6-4bb9-b0f5-1cfec7f52c0d",
            "92f1c90f-eda4-471e-a2f2-5d180ca46996",
            "7b18baf2-fb18-46dc-a018-b8b7952f3e47",
            "ba0059d4-84b4-4bd6-963e-ccfbb0df0973",
            "34d708b2-9c98-46c1-91c3-c1df0ca8044e",
            "5784e63c-bbae-4eec-aaa6-ba5a1750ba26",
            "a1dbb51f-e793-41af-99da-b56528dda655",
            "bf85115d-0420-4ed3-8acb-f2658f508d0e",
            "739f23dc-ebb8-4d88-9083-f5b0060c8b72"
          ]
        }
      ],
      "EntityTypes": [
        "STRUCTURED_TABLE"
      ],
      "Page": 1
    },
    {
      "BlockType": "CELL",
      "Confidence": 86.474609375,
      "RowIndex": 1,
      "ColumnIndex": 1,
      "RowSpan": 1,
      "ColumnSpan": 1,
      "Geometry": {
        "BoundingBox": {
          "Width": 0.08013930171728134,
          "Height": 0.05392489582300186,
          "Left": 0.23273447155952454,
          "Top": 0.38180631399154663
        },
        "Polygon": [
          {
            "X": 0.23273447155952454,
            "Y": 0.38180631399154663
          },
          {
            "X": 0.3125988245010376,
            "Y": 0.3818958103656769
          },
          {
            "X": 0.3128737807273865,
            "Y": 0.4357312321662903
          },
          {
            "X": 0.23296819627285004,
            "Y": 0.4356521666049957
          }
        ]
      },
      "Id": "639b95ec-7962-45dc-8ac0-9518810a3b57",
      "Relationships": [
        {
          "Type": "CHILD",
          "Ids": [
            "f19f05b5-877b-4a09-b103-a4b46bd76c4e"
          ]
        }
      ],
      "EntityTypes": [
        "COLUMN_HEADER"
      ],
      "Page": 1
    },
    {
      "BlockType": "CELL",
      "Confidence": 82.8125,
      "RowIndex": 1,
      "ColumnIndex": 2,
      "RowSpan": 1,
      "ColumnSpan": 1,
      "Geometry": {
        "BoundingBox": {
          "Width": 0.0786106139421463,
          "Height": 0.0539129264652729,
          "Left": 0.3125988245010376,
          "Top": 0.3818958103656769
        },
        "Polygon": [
          {
            "X": 0.3125988245010376,
            "Y": 0.3818958103656769
          },
          {
            "X": 0.3908940851688385,
            "Y": 0.38198354840278625
          },
          {
            "X": 0.3912094533443451,
            "Y": 0.4358087480068207
          },
          {
            "X": 0.3128737807273865,
            "Y": 0.4357312321662903
          }
        ]
      },
      "Id": "8bf032b8-b606-4d6b-952b-5f5216870610",
      "Relationships": [
        {
          "Type": "CHILD",
          "Ids": [
            "30b0cf65-169f-4680-9887-d1de3bb539aa",
            "54fb14cd-c4df-4931-87ac-d7bc8d348e39"
          ]
        }
      ],
      "EntityTypes": [
        "COLUMN_HEADER"
      ],
      "Page": 1
    },
    {
      "BlockType": "CELL",
      "Confidence": 90.72265625,
      "RowIndex": 1,
      "ColumnIndex": 3,
      "RowSpan": 1,
      "ColumnSpan": 1,
      "Geometry": {
        "BoundingBox": {
          "Width": 0.23437635600566864,
          "Height": 0.054056812077760696,
          "Left": 0.3908940851688385,
          "Top": 0.38198354840278625
        },
        "Polygon": [
          {
            "X": 0.3908940851688385,
            "Y": 0.38198354840278625
          },
          {
            "X": 0.6248344779014587,
            "Y": 0.3822456896305084
          },
          {
            "X": 0.625270426273346,
            "Y": 0.43604037165641785
          },
          {
            "X": 0.3912094533443451,
            "Y": 0.4358087480068207
          }
        ]
      },
      "Id": "67f5069a-b332-4076-85e3-5d77d4267f85",
      "Relationships": [
        {
          "Type": "CHILD",
          "Ids": [
            "e683d30f-647e-42b8-9299-5926a49767c5",
            "a853a469-b027-4582-8461-9b7f619e2730",
            "e3bda234-c45d-4511-8ac1-f628fbb4c90c",
            "88964d13-006f-4020-bbf7-e4df458de2ea",
            "1262f5de-2abf-4526-8c66-1b2b5e7ebff9",
            "706b4b63-b1b4-4ca0-a7a2-363b9ee99c0b"
          ]
        }
      ],
      "EntityTypes": [
        "COLUMN_HEADER"
      ],
      "Page": 1
    },
    {
      "BlockType": "CELL",
      "Confidence": 88.037109375,
      "RowIndex": 1,
      "ColumnIndex": 4,
      "RowSpan": 1,
      "ColumnSpan": 1,
      "Geometry": {
        "BoundingBox": {
          "Width": 0.1418745070695877,
          "Height": 0.053934644907712936,
          "Left": 0.6248344779014587,
          "Top": 0.3822456896305084
        },
        "Polygon": [
          {
            "X": 0.6248344779014587,
            "Y": 0.3822456896305084
          },
          {
            "X": 0.7662001848220825,
            "Y": 0.382404088973999
          },
          {
            "X": 0.7667089700698853,
            "Y": 0.43618032336235046
          },
          {
            "X": 0.625270426273346,
            "Y": 0.43604037165641785
          }
        ]
      },
      "Id": "e23640f0-e3df-4d4c-9a6c-a26cc7d267b3",
      "Relationships": [
        {
          "Type": "CHILD",
          "Ids": [
            "6c3e421d-f291-45f2-b248-0c7b2cf77906",
            "f429a14b-9000-4ae6-bfe5-98807599b2e6",
            "9710f21d-62de-464e-8982-b40015e8dca4",
            "8dcc5425-ed21-4bab-b037-e17a53b8e0e1",
            "b8587a0e-8051-499a-b3e7-be8ce4c560b9"
          ]
        }
      ],
      "EntityTypes": [
        "COLUMN_HEADER"
      ],
      "Page": 1
    },
    {
      "BlockType": "CELL",
      "Confidence": 86.81640625,
      "RowIndex": 2,
      "ColumnIndex": 1,
      "RowSpan": 1,
      "ColumnSpan": 1,
      "Geometry": {
        "BoundingBox": {
          "Width": 0.08013453334569931,
          "Height": 0.044909387826919556,
          "Left": 0.23296819627285004,
          "Top": 0.4356521666049957
        },
        "Polygon": [
          {
            "X": 0.23296819627285004,
            "Y": 0.4356521666049957
          },
          {
            "X": 0.3128737807273865,
            "Y": 0.4357312321662903
          },
          {
            "X": 0.31310272216796875,
            "Y": 0.4805615544319153
          },
          {
            "X": 0.23316283524036407,
            "Y": 0.48049116134643555
          }
        ]
      },
      "Id": "3360da70-57a7-4222-b328-bd56c3e2668d",
      "Relationships": [
        {
          "Type": "CHILD",
          "Ids": [
            "77cdd31a-2360-47a4-a5e2-e3b1e317d7e0"
          ]
        }
      ],
      "Page": 1
    },
    {
      "BlockType": "CELL",
      "Confidence": 83.203125,
      "RowIndex": 2,
      "ColumnIndex": 2,
      "RowSpan": 1,
      "ColumnSpan": 1,
      "Geometry": {
        "BoundingBox": {
          "Width": 0.0785982683300972,
          "Height": 0.04489932209253311,
          "Left": 0.3128737807273865,
          "Top": 0.4357312321662903
        },
        "Polygon": [
          {
            "X": 0.3128737807273865,
            "Y": 0.4357312321662903
          },
          {
            "X": 0.3912094533443451,
            "Y": 0.4358087480068207
          },
          {
            "X": 0.3914720416069031,
            "Y": 0.4806305468082428
          },
          {
            "X": 0.31310272216796875,
            "Y": 0.4805615544319153
          }
        ]
      },
      "Id": "0ea2426c-c0da-4383-8438-ecf0f3bc15a5",
      "Relationships": [
        {
          "Type": "CHILD",
          "Ids": [
            "92b2be33-db99-44af-ae22-8dcc3792e966"
          ]
        }
      ],
      "Page": 1
    },
    {
      "BlockType": "CELL",
      "Confidence": 91.11328125,
      "RowIndex": 2,
      "ColumnIndex": 3,
      "RowSpan": 1,
      "ColumnSpan": 1,
      "Geometry": {
        "BoundingBox": {
          "Width": 0.23442405462265015,
          "Height": 0.04502798616886139,
          "Left": 0.3912094533443451,
          "Top": 0.4358087480068207
        },
        "Polygon": [
          {
            "X": 0.3912094533443451,
            "Y": 0.4358087480068207
          },
          {
            "X": 0.625270426273346,
            "Y": 0.43604037165641785
          },
          {
            "X": 0.6256334781646729,
            "Y": 0.4808367192745209
          },
          {
            "X": 0.3914720416069031,
            "Y": 0.4806305468082428
          }
        ]
      },
      "Id": "dfe42944-41fe-45f5-80a3-9f88ca7feada",
      "Relationships": [
        {
          "Type": "CHILD",
          "Ids": [
            "f9d83151-0fd6-4117-b4ed-d361538d52c4"
          ]
        }
      ],
      "Page": 1
    },
    {
      "BlockType": "CELL",
      "Confidence": 88.37890625,
      "RowIndex": 2,
      "ColumnIndex": 4,
      "RowSpan": 1,
      "ColumnSpan": 1,
      "Geometry": {
        "BoundingBox": {
          "Width": 0.14186222851276398,
          "Height": 0.04492096230387688,
          "Left": 0.625270426273346,
          "Top": 0.43604037165641785
        },
        "Polygon": [
          {
            "X": 0.625270426273346,
            "Y": 0.43604037165641785
          },
          {
            "X": 0.7667089700698853,
            "Y": 0.43618032336235046
          },
          {
            "X": 0.7671326994895935,
            "Y": 0.48096132278442383
          },
          {
            "X": 0.6256334781646729,
            "Y": 0.4808367192745209
          }
        ]
      },
      "Id": "fe459fc8-82b5-4092-be71-12bbab8a2b8f",
      "Relationships": [
        {
          "Type": "CHILD",
          "Ids": [
            "9bc3b0c5-bdbc-4424-adbc-a9636bd9f67a"
          ]
        }
      ],
      "Page": 1
    },
    {
      "BlockType": "CELL",
      "Confidence": 82.177734375,
      "RowIndex": 3,
      "ColumnIndex": 1,
      "RowSpan": 1,
      "ColumnSpan": 1,
      "Geometry": {
        "BoundingBox": {
          "Width": 0.0800970196723938,
          "Height": 0.030833469703793526,
          "Left": 0.23316283524036407,
          "Top": 0.48049116134643555
        },
        "Polygon": [
          {
            "X": 0.23316283524036407,
            "Y": 0.48049116134643555
          },
          {
            "X": 0.31310272216796875,
            "Y": 0.4805615544319153
          },
          {
            "X": 0.3132598400115967,
            "Y": 0.5113246440887451
          },
          {
            "X": 0.23329639434814453,
            "Y": 0.5112602114677429
          }
        ]
      },
      "Id": "6c184fa8-7715-4b27-8217-c923970a83e7",
      "Relationships": [
        {
          "Type": "CHILD",
          "Ids": [
            "aeca3bee-b0a3-4ffb-8c1e-95a3f6409b8f"
          ]
        }
      ],
      "Page": 1
    },
    {
      "BlockType": "CELL",
      "Confidence": 78.7109375,
      "RowIndex": 3,
      "ColumnIndex": 2,
      "RowSpan": 1,
      "ColumnSpan": 1,
      "Geometry": {
        "BoundingBox": {
          "Width": 0.07854950428009033,
          "Height": 0.03082624264061451,
          "Left": 0.31310272216796875,
          "Top": 0.4805615544319153
        },
        "Polygon": [
          {
            "X": 0.31310272216796875,
            "Y": 0.4805615544319153
          },
          {
            "X": 0.3914720416069031,
            "Y": 0.4806305468082428
          },
          {
            "X": 0.3916522264480591,
            "Y": 0.5113877654075623
          },
          {
            "X": 0.3132598400115967,
            "Y": 0.5113246440887451
          }
        ]
      },
      "Id": "116ab993-8337-40af-aae9-19b912c0834b",
      "Relationships": [
        {
          "Type": "CHILD",
          "Ids": [
            "67102aad-0a1a-4a12-a5d8-139ff5c9b670"
          ]
        }
      ],
      "Page": 1
    },
    {
      "BlockType": "CELL",
      "Confidence": 86.181640625,
      "RowIndex": 3,
      "ColumnIndex": 3,
      "RowSpan": 1,
      "ColumnSpan": 1,
      "Geometry": {
        "BoundingBox": {
          "Width": 0.23441056907176971,
          "Height": 0.030945954844355583,
          "Left": 0.3914720416069031,
          "Top": 0.4806305468082428
        },
        "Polygon": [
          {
            "X": 0.3914720416069031,
            "Y": 0.4806305468082428
          },
          {
            "X": 0.6256334781646729,
            "Y": 0.4808367192745209
          },
          {
            "X": 0.625882625579834,
            "Y": 0.5115764737129211
          },
          {
            "X": 0.3916522264480591,
            "Y": 0.5113877654075623
          }
        ]
      },
      "Id": "19afacae-0e8c-474e-8852-67997853c97f",
      "Relationships": [
        {
          "Type": "CHILD",
          "Ids": [
            "06563245-6ee1-483c-b682-6e0c3c755441"
          ]
        }
      ],
      "Page": 1
    },
    {
      "BlockType": "CELL",
      "Confidence": 83.642578125,
      "RowIndex": 3,
      "ColumnIndex": 4,
      "RowSpan": 1,
      "ColumnSpan": 1,
      "Geometry": {
        "BoundingBox": {
          "Width": 0.14178991317749023,
          "Height": 0.030853809788823128,
          "Left": 0.6256334781646729,
          "Top": 0.4808367192745209
        },
        "Polygon": [
          {
            "X": 0.6256334781646729,
            "Y": 0.4808367192745209
          },
          {
            "X": 0.7671326994895935,
            "Y": 0.48096132278442383
          },
          {
            "X": 0.7674233913421631,
            "Y": 0.5116905570030212
          },
          {
            "X": 0.625882625579834,
            "Y": 0.5115764737129211
          }
        ]
      },
      "Id": "fb542c74-668c-4ad7-8644-0473d43fc887",
      "Relationships": [
        {
          "Type": "CHILD",
          "Ids": [
            "7685f1a4-e823-49bb-bfb8-9a9276abbbf5"
          ]
        }
      ],
      "Page": 1
    },
    {
      "BlockType": "CELL",
      "Confidence": 83.69140625,
      "RowIndex": 4,
      "ColumnIndex": 1,
      "RowSpan": 1,
      "ColumnSpan": 1,
      "Geometry": {
        "BoundingBox": {
          "Width": 0.08011411875486374,
          "Height": 0.029562748968601227,
          "Left": 0.23329639434814453,
          "Top": 0.5112602114677429
        },
        "Polygon": [
          {
            "X": 0.23329639434814453,
            "Y": 0.5112602114677429
          },
          {
            "X": 0.3132598400115967,
            "Y": 0.5113246440887451
          },
          {
            "X": 0.31341052055358887,
            "Y": 0.5408229231834412
          },
          {
            "X": 0.23342445492744446,
            "Y": 0.5407642126083374
          }
        ]
      },
      "Id": "b41a32ab-dfe4-4738-ac41-58e55e1671ef",
      "Relationships": [
        {
          "Type": "CHILD",
          "Ids": [
            "3c386d44-200f-4ef2-a592-e998793cbe9b"
          ]
        }
      ],
      "Page": 1
    },
    {
      "BlockType": "CELL",
      "Confidence": 80.126953125,
      "RowIndex": 4,
      "ColumnIndex": 2,
      "RowSpan": 1,
      "ColumnSpan": 1,
      "Geometry": {
        "BoundingBox": {
          "Width": 0.07856518030166626,
          "Height": 0.029555875808000565,
          "Left": 0.3132598400115967,
          "Top": 0.5113246440887451
        },
        "Polygon": [
          {
            "X": 0.3132598400115967,
            "Y": 0.5113246440887451
          },
          {
            "X": 0.3916522264480591,
            "Y": 0.5113877654075623
          },
          {
            "X": 0.39182502031326294,
            "Y": 0.5408805012702942
          },
          {
            "X": 0.31341052055358887,
            "Y": 0.5408229231834412
          }
        ]
      },
      "Id": "3120fe7d-d27d-47d7-824a-24f320d50678",
      "Relationships": [
        {
          "Type": "CHILD",
          "Ids": [
            "7e6a9b46-a220-41df-9b71-8b8130aa3275"
          ]
        }
      ],
      "Page": 1
    },
    {
      "BlockType": "CELL",
      "Confidence": 87.744140625,
      "RowIndex": 4,
      "ColumnIndex": 3,
      "RowSpan": 1,
      "ColumnSpan": 1,
      "Geometry": {
        "BoundingBox": {
          "Width": 0.23446926474571228,
          "Height": 0.029664676636457443,
          "Left": 0.3916522264480591,
          "Top": 0.5113877654075623
        },
        "Polygon": [
          {
            "X": 0.3916522264480591,
            "Y": 0.5113877654075623
          },
          {
            "X": 0.625882625579834,
            "Y": 0.5115764737129211
          },
          {
            "X": 0.6261215209960938,
            "Y": 0.5410524606704712
          },
          {
            "X": 0.39182502031326294,
            "Y": 0.5408805012702942
          }
        ]
      },
      "Id": "d0dac139-33b1-4b0b-8e10-2885dc798b5a",
      "Relationships": [
        {
          "Type": "CHILD",
          "Ids": [
            "266aab81-0a93-4faa-91a5-bd4b4dde8421"
          ]
        }
      ],
      "Page": 1
    },
    {
      "BlockType": "CELL",
      "Confidence": 85.15625,
      "RowIndex": 4,
      "ColumnIndex": 4,
      "RowSpan": 1,
      "ColumnSpan": 1,
      "Geometry": {
        "BoundingBox": {
          "Width": 0.14181958138942719,
          "Height": 0.029579870402812958,
          "Left": 0.625882625579834,
          "Top": 0.5115764737129211
        },
        "Polygon": [
          {
            "X": 0.625882625579834,
            "Y": 0.5115764737129211
          },
          {
            "X": 0.7674233913421631,
            "Y": 0.5116905570030212
          },
          {
            "X": 0.7677022218704224,
            "Y": 0.5411563515663147
          },
          {
            "X": 0.6261215209960938,
            "Y": 0.5410524606704712
          }
        ]
      },
      "Id": "b9989de4-a2b6-4bb9-b0f5-1cfec7f52c0d",
      "Relationships": [
        {
          "Type": "CHILD",
          "Ids": [
            "63240994-39f8-468c-9c85-7ca641f309c7"
          ]
        }
      ],
      "Page": 1
    },
    {
      "BlockType": "CELL",
      "Confidence": 80.615234375,
      "RowIndex": 5,
      "ColumnIndex": 1,
      "RowSpan": 1,
      "ColumnSpan": 1,
      "Geometry": {
        "BoundingBox": {
          "Width": 0.08014334738254547,
          "Height": 0.030857358127832413,
          "Left": 0.23342445492744446,
          "Top": 0.5407642126083374
        },
        "Polygon": [
          {
            "X": 0.23342445492744446,
            "Y": 0.5407642126083374
          },
          {
            "X": 0.31341052055358887,
            "Y": 0.5408229231834412
          },
          {
            "X": 0.31356778740882874,
            "Y": 0.5716215968132019
          },
          {
            "X": 0.23355816304683685,
            "Y": 0.5715688467025757
          }
        ]
      },
      "Id": "92f1c90f-eda4-471e-a2f2-5d180ca46996",
      "Relationships": [
        {
          "Type": "CHILD",
          "Ids": [
            "96344211-e547-4e00-93ea-cc07eb5b99fe"
          ]
        }
      ],
      "Page": 1
    },
    {
      "BlockType": "CELL",
      "Confidence": 77.24609375,
      "RowIndex": 5,
      "ColumnIndex": 2,
      "RowSpan": 1,
      "ColumnSpan": 1,
      "Geometry": {
        "BoundingBox": {
          "Width": 0.07859493792057037,
          "Height": 0.030850345268845558,
          "Left": 0.31341052055358887,
          "Top": 0.5408229231834412
        },
        "Polygon": [
          {
            "X": 0.31341052055358887,
            "Y": 0.5408229231834412
          },
          {
            "X": 0.39182502031326294,
            "Y": 0.5408805012702942
          },
          {
            "X": 0.39200544357299805,
            "Y": 0.5716732740402222
          },
          {
            "X": 0.31356778740882874,
            "Y": 0.5716215968132019
          }
        ]
      },
      "Id": "7b18baf2-fb18-46dc-a018-b8b7952f3e47",
      "Relationships": [
        {
          "Type": "CHILD",
          "Ids": [
            "5e55ed15-2d7f-4d68-ae58-d4de456b49a1"
          ]
        }
      ],
      "Page": 1
    },
    {
      "BlockType": "CELL",
      "Confidence": 84.5703125,
      "RowIndex": 5,
      "ColumnIndex": 3,
      "RowSpan": 1,
      "ColumnSpan": 1,
      "Geometry": {
        "BoundingBox": {
          "Width": 0.23454587161540985,
          "Height": 0.03094724752008915,
          "Left": 0.39182502031326294,
          "Top": 0.5408805012702942
        },
        "Polygon": [
          {
            "X": 0.39182502031326294,
            "Y": 0.5408805012702942
          },
          {
            "X": 0.6261215209960938,
            "Y": 0.5410524606704712
          },
          {
            "X": 0.626370906829834,
            "Y": 0.57182776927948
          },
          {
            "X": 0.39200544357299805,
            "Y": 0.5716732740402222
          }
        ]
      },
      "Id": "ba0059d4-84b4-4bd6-963e-ccfbb0df0973",
      "Relationships": [
        {
          "Type": "CHILD",
          "Ids": [
            "411ae113-c273-4e6b-b8cc-608dae50240f"
          ]
        }
      ],
      "Page": 1
    },
    {
      "BlockType": "CELL",
      "Confidence": 82.080078125,
      "RowIndex": 5,
      "ColumnIndex": 4,
      "RowSpan": 1,
      "ColumnSpan": 1,
      "Geometry": {
        "BoundingBox": {
          "Width": 0.14187176525592804,
          "Height": 0.030868621543049812,
          "Left": 0.6261215209960938,
          "Top": 0.5410524606704712
        },
        "Polygon": [
          {
            "X": 0.6261215209960938,
            "Y": 0.5410524606704712
          },
          {
            "X": 0.7677022218704224,
            "Y": 0.5411563515663147
          },
          {
            "X": 0.7679932713508606,
            "Y": 0.5719210505485535
          },
          {
            "X": 0.626370906829834,
            "Y": 0.57182776927948
          }
        ]
      },
      "Id": "34d708b2-9c98-46c1-91c3-c1df0ca8044e",
      "Relationships": [
        {
          "Type": "CHILD",
          "Ids": [
            "f02b408b-6b15-4977-ad33-541b94908520"
          ]
        }
      ],
      "Page": 1
    },
    {
      "BlockType": "CELL",
      "Confidence": 89.208984375,
      "RowIndex": 6,
      "ColumnIndex": 1,
      "RowSpan": 1,
      "ColumnSpan": 1,
      "Geometry": {
        "BoundingBox": {
          "Width": 0.08022074401378632,
          "Height": 0.0413886122405529,
          "Left": 0.23355816304683685,
          "Top": 0.5715688467025757
        },
        "Polygon": [
          {
            "X": 0.23355816304683685,
            "Y": 0.5715688467025757
          },
          {
            "X": 0.31356778740882874,
            "Y": 0.5716215968132019
          },
          {
            "X": 0.31377890706062317,
            "Y": 0.6129574775695801
          },
          {
            "X": 0.23373763263225555,
            "Y": 0.6129127740859985
          }
        ]
      },
      "Id": "5784e63c-bbae-4eec-aaa6-ba5a1750ba26",
      "Relationships": [
        {
          "Type": "CHILD",
          "Ids": [
            "41cf911b-e69e-4499-b8cb-caaeb7285889"
          ]
        }
      ],
      "Page": 1
    },
    {
      "BlockType": "CELL",
      "Confidence": 85.44921875,
      "RowIndex": 6,
      "ColumnIndex": 2,
      "RowSpan": 1,
      "ColumnSpan": 1,
      "Geometry": {
        "BoundingBox": {
          "Width": 0.07867977023124695,
          "Height": 0.04137970507144928,
          "Left": 0.31356778740882874,
          "Top": 0.5716215968132019
        },
        "Polygon": [
          {
            "X": 0.31356778740882874,
            "Y": 0.5716215968132019
          },
          {
            "X": 0.39200544357299805,
            "Y": 0.5716732740402222
          },
          {
            "X": 0.3922475576400757,
            "Y": 0.61300128698349
          },
          {
            "X": 0.31377890706062317,
            "Y": 0.6129574775695801
          }
        ]
      },
      "Id": "a1dbb51f-e793-41af-99da-b56528dda655",
      "Relationships": [
        {
          "Type": "CHILD",
          "Ids": [
            "3c40033a-4e25-403e-a50c-22e13e5b7fbb"
          ]
        }
      ],
      "Page": 1
    },
    {
      "BlockType": "CELL",
      "Confidence": 93.5546875,
      "RowIndex": 6,
      "ColumnIndex": 3,
      "RowSpan": 1,
      "ColumnSpan": 1,
      "Geometry": {
        "BoundingBox": {
          "Width": 0.23470021784305573,
          "Height": 0.04145895689725876,
          "Left": 0.39200544357299805,
          "Top": 0.5716732740402222
        },
        "Polygon": [
          {
            "X": 0.39200544357299805,
            "Y": 0.5716732740402222
          },
          {
            "X": 0.626370906829834,
            "Y": 0.57182776927948
          },
          {
            "X": 0.6267056465148926,
            "Y": 0.6131322383880615
          },
          {
            "X": 0.3922475576400757,
            "Y": 0.61300128698349
          }
        ]
      },
      "Id": "bf85115d-0420-4ed3-8acb-f2658f508d0e",
      "Relationships": [
        {
          "Type": "CHILD",
          "Ids": [
            "740fa65c-ab00-4c14-8029-fcec5392d728"
          ]
        }
      ],
      "Page": 1
    },
    {
      "BlockType": "CELL",
      "Confidence": 90.771484375,
      "RowIndex": 6,
      "ColumnIndex": 4,
      "RowSpan": 1,
      "ColumnSpan": 1,
      "Geometry": {
        "BoundingBox": {
          "Width": 0.14201301336288452,
          "Height": 0.04138362780213356,
          "Left": 0.626370906829834,
          "Top": 0.57182776927948
        },
        "Polygon": [
          {
            "X": 0.626370906829834,
            "Y": 0.57182776927948
          },
          {
            "X": 0.7679932713508606,
            "Y": 0.5719210505485535
          },
          {
            "X": 0.7683839201927185,
            "Y": 0.6132113933563232
          },
          {
            "X": 0.6267056465148926,
            "Y": 0.6131322383880615
          }
        ]
      },
      "Id": "739f23dc-ebb8-4d88-9083-f5b0060c8b72",
      "Relationships": [
        {
          "Type": "CHILD",
          "Ids": [
            "60a4796c-d383-4412-ac44-937958bfd82f"
          ]
        }
      ],
      "Page": 1
    }
  ],
  "AnalyzeDocumentModelVersion": "1.0"
}