{
  "DocumentMetadata": {
    "Pages": 1
  },
  "JobStatus": "SUCCEEDED",
  "Blocks": [
    {
      "BlockType": "PAGE",
      "Geometry": {
        "BoundingBox": {
          "Width": 1,
          "Height": 1,
          "Left": 0,
          "Top": 0
        },
        "Polygon": [
          {
            "X": 2.2454596404486438e-8,
            "Y": 0
          },
          {
            "X": 1,
            "Y": 2.7608200170448072e-8
          },
          {
            "X": 1,
            "Y": 1
          },
          {
            "X": 0,
            "Y": 1
          }
        ]
      },
      "Id": "d0b8ce88-de58-461b-ba9f-9b1276e690ca",
      "Relationships": [
        {
          "Type": "CHILD",
          "Ids": [
            "ccfa4857-7616-4c31-87f5-a9d0bdb7dd9a",
            "307aff66-947a-4d1c-89d6-c27950b969c2",
            "c640083a-a470-417f-ab87-a30c51a277bd",
            "a7e863db-0e06-4d68-82b9-7cbd7141adaa",
            "57256f8f-ee60-486e-bdb1-f3f7cdfbfba3",
            "cc628808-defb-41d8-a760-9aa5fbea440e",
            "8d0c6b91-c026-4044-b4bf-c2d317551e81",
            "a0090e05-0e62-4941-abd5-a2cbae873769",
            "65148e79-445a-4cad-9a96-dc1f71338919",
            "c1d0f275-db78-442d-babe-c1a7c8e27ae3",
            "831518a8-4bad-408b-92b7-106bea56a3b1"
          ]
        }
      ],
      "Page": 1
    },
    {
      "BlockType": "LINE",
      "Confidence": 99.80485534667969,
      "Text": "Adhesive formulation",
      "Geometry": {
        "BoundingBox": {
          "Width": 0.12164725363254547,
          "Height": 0.01942102052271366,
          "Left": 0.2809613049030304,
          "Top": 0.45858922600746155
        },
        "Polygon": [
          {
            "X": 0.280970960855484,
            "Y": 0.45858922600746155
          },
          {
            "X": 0.40260857343673706,
            "Y": 0.45860689878463745
          },
          {
            "X": 0.40259844064712524,
            "Y": 0.47801026701927185
          },
          {
            "X": 0.2809613049030304,
            "Y": 0.47799211740493774
          }
        ]
      },
      "Id": "ccfa4857-7616-4c31-87f5-a9d0bdb7dd9a",
      "Relationships": [
        {
          "Type": "CHILD",
          "Ids": [
            "49d8cba6-f5d0-47d7-91aa-82d48b0d78ab",
            "5ccdd672-77eb-4225-9cf1-7ec5b553b32b"
          ]
        }
      ],
      "Page": 1
    },
    {
      "BlockType": "LINE",
      "Confidence": 99.88764190673828,
      "Text": "SM",
      "Geometry": {
        "BoundingBox": {
          "Width": 0.01751030795276165,
          "Height": 0.01682889647781849,
          "Left": 0.4272518754005432,
          "Top": 0.46016383171081543
        },
        "Polygon": [
          {
            "X": 0.42726072669029236,
            "Y": 0.46016383171081543
          },
          {
            "X": 0.4447622001171112,
            "Y": 0.46016639471054077
          },
          {
            "X": 0.4447532594203949,
            "Y": 0.47699272632598877
          },
          {
            "X": 0.4272518754005432,
            "Y": 0.47699013352394104
          }
        ]
      },
      "Id": "307aff66-947a-4d1c-89d6-c27950b969c2",
      "Relationships": [
        {
          "Type": "CHILD",
          "Ids": [
            "84e33a17-81c1-468f-8320-98202298ce6f"
          ]
        }
      ],
      "Page": 1
    },
    {
      "BlockType": "LINE",
      "Confidence": 99.89246368408203,
      "Text": "SM/PAM",
      "Geometry": {
        "BoundingBox": {
          "Width": 0.04753238335251808,
          "Height": 0.020953942090272903,
          "Left": 0.47943511605262756,
          "Top": 0.45943185687065125
        },
        "Polygon": [
          {
            "X": 0.4794463515281677,
            "Y": 0.45943185687065125
          },
          {
            "X": 0.526967465877533,
            "Y": 0.4594387710094452
          },
          {
            "X": 0.5269560217857361,
            "Y": 0.48038581013679504
          },
          {
            "X": 0.47943511605262756,
            "Y": 0.4803786873817444
          }
        ]
      },
      "Id": "c640083a-a470-417f-ab87-a30c51a277bd",
      "Relationships": [
        {
          "Type": "CHILD",
          "Ids": [
            "3bc6ed58-3c9a-47ce-921f-4362a2f8a7c7"
          ]
        }
      ],
      "Page": 1
    },
    {
      "BlockType": "LINE",
      "Confidence": 99.73397064208984,
      "Text": "SM/PAM/SDS",
      "Geometry": {
        "BoundingBox": {
          "Width": 0.07315010577440262,
          "Height": 0.021196026355028152,
          "Left": 0.5428341627120972,
          "Top": 0.45913735032081604
        },
        "Polygon": [
          {
            "X": 0.5428457856178284,
            "Y": 0.45913735032081604
          },
          {
            "X": 0.6159842610359192,
            "Y": 0.45914798974990845
          },
          {
            "X": 0.6159722805023193,
            "Y": 0.4803333878517151
          },
          {
            "X": 0.5428341627120972,
            "Y": 0.4803224205970764
          }
        ]
      },
      "Id": "a7e863db-0e06-4d68-82b9-7cbd7141adaa",
      "Relationships": [
        {
          "Type": "CHILD",
          "Ids": [
            "8ca33bc0-5d8a-4df7-9077-6b854e4b0314"
          ]
        }
      ],
      "Page": 1
    },
    {
      "BlockType": "LINE",
      "Confidence": 99.45173645019531,
      "Text": "SM/PAM/SDS/EP",
      "Geometry": {
        "BoundingBox": {
          "Width": 0.09117363393306732,
          "Height": 0.02093595825135708,
          "Left": 0.6310770511627197,
          "Top": 0.45935767889022827
        },
        "Polygon": [
          {
            "X": 0.63108891248703,
            "Y": 0.45935767889022827
          },
          {
            "X": 0.7222506999969482,
            "Y": 0.4593709111213684
          },
          {
            "X": 0.7222384214401245,
            "Y": 0.4802936315536499
          },
          {
            "X": 0.6310770511627197,
            "Y": 0.48027998208999634
          }
        ]
      },
      "Id": "57256f8f-ee60-486e-bdb1-f3f7cdfbfba3",
      "Relationships": [
        {
          "Type": "CHILD",
          "Ids": [
            "f0a4cc39-df6d-45b1-9cad-9b3ef674bf9a"
          ]
        }
      ],
      "Page": 1
    },
    {
      "BlockType": "LINE",
      "Confidence": 95.1059341430664,
      "Text": "Initial viscosity (mPas)",
      "Geometry": {
        "BoundingBox": {
          "Width": 0.13033606112003326,
          "Height": 0.023125862702727318,
          "Left": 0.28120362758636475,
          "Top": 0.5120567083358765
        },
        "Polygon": [
          {
            "X": 0.2812151312828064,
            "Y": 0.5120567083358765
          },
          {
            "X": 0.4115396738052368,
            "Y": 0.5120770931243896
          },
          {
            "X": 0.4115276038646698,
            "Y": 0.5351825952529907
          },
          {
            "X": 0.28120362758636475,
            "Y": 0.5351616144180298
          }
        ]
      },
      "Id": "cc628808-defb-41d8-a760-9aa5fbea440e",
      "Relationships": [
        {
          "Type": "CHILD",
          "Ids": [
            "2ed91752-e9d2-4319-b544-7b713edf6e5f",
            "ef41141d-b658-4499-84d6-3aceb8e25a8b",
            "dc1420a1-1989-4d44-8856-aab484d2c21e"
          ]
        }
      ],
      "Page": 1
    },
    {
      "BlockType": "LINE",
      "Confidence": 99.68306732177734,
      "Text": "35,810",
      "Geometry": {
        "BoundingBox": {
          "Width": 0.036656081676483154,
          "Height": 0.019325703382492065,
          "Left": 0.4275580048561096,
          "Top": 0.5133386850357056
        },
        "Polygon": [
          {
            "X": 0.4275681674480438,
            "Y": 0.5133386850357056
          },
          {
            "X": 0.4642140865325928,
            "Y": 0.513344407081604
          },
          {
            "X": 0.46420377492904663,
            "Y": 0.5326643586158752
          },
          {
            "X": 0.4275580048561096,
            "Y": 0.5326584577560425
          }
        ]
      },
      "Id": "8d0c6b91-c026-4044-b4bf-c2d317551e81",
      "Relationships": [
        {
          "Type": "CHILD",
          "Ids": [
            "acafe98c-0c7e-4f21-9f2d-c2bece4e31b8"
          ]
        }
      ],
      "Page": 1
    },
    {
      "BlockType": "LINE",
      "Confidence": 99.62820434570312,
      "Text": "30,550",
      "Geometry": {
        "BoundingBox": {
          "Width": 0.03755158558487892,
          "Height": 0.019385870546102524,
          "Left": 0.47992807626724243,
          "Top": 0.5133541226387024
        },
        "Polygon": [
          {
            "X": 0.47993847727775574,
            "Y": 0.5133541226387024
          },
          {
            "X": 0.517479658126831,
            "Y": 0.5133600234985352
          },
          {
            "X": 0.5174691081047058,
            "Y": 0.5327399969100952
          },
          {
            "X": 0.47992807626724243,
            "Y": 0.5327339768409729
          }
        ]
      },
      "Id": "a0090e05-0e62-4941-abd5-a2cbae873769",
      "Relationships": [
        {
          "Type": "CHILD",
          "Ids": [
            "0e6aad46-2e61-4a64-a2ba-0d28ee594e60"
          ]
        }
      ],
      "Page": 1
    },
    {
      "BlockType": "LINE",
      "Confidence": 99.8520736694336,
      "Text": "40,550",
      "Geometry": {
        "BoundingBox": {
          "Width": 0.0380486436188221,
          "Height": 0.01935366727411747,
          "Left": 0.5426718592643738,
          "Top": 0.5134472250938416
        },
        "Polygon": [
          {
            "X": 0.5426825284957886,
            "Y": 0.5134472250938416
          },
          {
            "X": 0.5807205438613892,
            "Y": 0.5134531855583191
          },
          {
            "X": 0.5807097554206848,
            "Y": 0.5328009128570557
          },
          {
            "X": 0.5426718592643738,
            "Y": 0.5327948331832886
          }
        ]
      },
      "Id": "65148e79-445a-4cad-9a96-dc1f71338919",
      "Relationships": [
        {
          "Type": "CHILD",
          "Ids": [
            "bed9ba9c-94b4-4a29-b1b0-4cc8f251a603"
          ]
        }
      ],
      "Page": 1
    },
    {
      "BlockType": "LINE",
      "Confidence": 99.6896743774414,
      "Text": "20,415",
      "Geometry": {
        "BoundingBox": {
          "Width": 0.03588762879371643,
          "Height": 0.019318068400025368,
          "Left": 0.63136225938797,
          "Top": 0.5134828686714172
        },
        "Polygon": [
          {
            "X": 0.6313732266426086,
            "Y": 0.5134828686714172
          },
          {
            "X": 0.6672499179840088,
            "Y": 0.5134884715080261
          },
          {
            "X": 0.6672387719154358,
            "Y": 0.5328009128570557
          },
          {
            "X": 0.63136225938797,
            "Y": 0.5327951908111572
          }
        ]
      },
      "Id": "c1d0f275-db78-442d-babe-c1a7c8e27ae3",
      "Relationships": [
        {
          "Type": "CHILD",
          "Ids": [
            "7f9647bd-da8d-46d3-9c7b-f4250038f69e"
          ]
        }
      ],
      "Page": 1
    },
    {
      "BlockType": "WORD",
      "Confidence": 99.87345886230469,
      "Text": "Adhesive",
      "TextType": "PRINTED",
      "Geometry": {
        "BoundingBox": {
          "Width": 0.051397860050201416,
          "Height": 0.01898842118680477,
          "Left": 0.28096142411231995,
          "Top": 0.4587726593017578
        },
        "Polygon": [
          {
            "X": 0.28097087144851685,
            "Y": 0.4587726593017578
          },
          {
            "X": 0.33235928416252136,
            "Y": 0.4587801396846771
          },
          {
            "X": 0.33234965801239014,
            "Y": 0.47776108980178833
          },
          {
            "X": 0.28096142411231995,
            "Y": 0.4777534306049347
          }
        ]
      },
      "Id": "49d8cba6-f5d0-47d7-91aa-82d48b0d78ab",
      "Page": 1
    },
    {
      "BlockType": "WORD",
      "Confidence": 99.73625183105469,
      "Text": "formulation",
      "TextType": "PRINTED",
      "Geometry": {
        "BoundingBox": {
          "Width": 0.06697379052639008,
          "Height": 0.01941308192908764,
          "Left": 0.3356347680091858,
          "Top": 0.45859718322753906
        },
        "Polygon": [
          {
            "X": 0.3356446325778961,
            "Y": 0.45859718322753906
          },
          {
            "X": 0.40260857343673706,
            "Y": 0.45860689878463745
          },
          {
            "X": 0.40259844064712524,
            "Y": 0.47801026701927185
          },
          {
            "X": 0.3356347680091858,
            "Y": 0.4780002534389496
          }
        ]
      },
      "Id": "5ccdd672-77eb-4225-9cf1-7ec5b553b32b",
      "Page": 1
    },
    {
      "BlockType": "WORD",
      "Confidence": 99.88764190673828,
      "Text": "SM",
      "TextType": "PRINTED",
      "Geometry": {
        "BoundingBox": {
          "Width": 0.01751030795276165,
          "Height": 0.01682889647781849,
          "Left": 0.4272518754005432,
          "Top": 0.46016383171081543
        },
        "Polygon": [
          {
            "X": 0.42726072669029236,
            "Y": 0.46016383171081543
          },
          {
            "X": 0.4447622001171112,
            "Y": 0.46016639471054077
          },
          {
            "X": 0.4447532594203949,
            "Y": 0.47699272632598877
          },
          {
            "X": 0.4272518754005432,
            "Y": 0.47699013352394104
          }
        ]
      },
      "Id": "84e33a17-81c1-468f-8320-98202298ce6f",
      "Page": 1
    },
    {
      "BlockType": "WORD",
      "Confidence": 99.89246368408203,
      "Text": "SM/PAM",
      "TextType": "PRINTED",
      "Geometry": {
        "BoundingBox": {
          "Width": 0.04753238335251808,
          "Height": 0.020953942090272903,
          "Left": 0.47943511605262756,
          "Top": 0.45943185687065125
        },
        "Polygon": [
          {
            "X": 0.4794463515281677,
            "Y": 0.45943185687065125
          },
          {
            "X": 0.526967465877533,
            "Y": 0.4594387710094452
          },
          {
            "X": 0.5269560217857361,
            "Y": 0.48038581013679504
          },
          {
            "X": 0.47943511605262756,
            "Y": 0.4803786873817444
          }
        ]
      },
      "Id": "3bc6ed58-3c9a-47ce-921f-4362a2f8a7c7",
      "Page": 1
    },
    {
      "BlockType": "WORD",
      "Confidence": 99.73397064208984,
      "Text": "SM/PAM/SDS",
      "TextType": "PRINTED",
      "Geometry": {
        "BoundingBox": {
          "Width": 0.07315010577440262,
          "Height": 0.021196026355028152,
          "Left": 0.5428341627120972,
          "Top": 0.45913735032081604
        },
        "Polygon": [
          {
            "X": 0.5428457856178284,
            "Y": 0.45913735032081604
          },
          {
            "X": 0.6159842610359192,
            "Y": 0.45914798974990845
          },
          {
            "X": 0.6159722805023193,
            "Y": 0.4803333878517151
          },
          {
            "X": 0.5428341627120972,
            "Y": 0.4803224205970764
          }
        ]
      },
      "Id": "8ca33bc0-5d8a-4df7-9077-6b854e4b0314",
      "Page": 1
    },
    {
      "BlockType": "WORD",
      "Confidence": 99.45173645019531,
      "Text": "SM/PAM/SDS/EP",
      "TextType": "PRINTED",
      "Geometry": {
        "BoundingBox": {
          "Width": 0.09117363393306732,
          "Height": 0.02093595825135708,
          "Left": 0.6310770511627197,
          "Top": 0.45935767889022827
        },
        "Polygon": [
          {
            "X": 0.63108891248703,
            "Y": 0.45935767889022827
          },
          {
            "X": 0.7222506999969482,
            "Y": 0.4593709111213684
          },
          {
            "X": 0.7222384214401245,
            "Y": 0.4802936315536499
          },
          {
            "X": 0.6310770511627197,
            "Y": 0.48027998208999634
          }
        ]
      },
      "Id": "f0a4cc39-df6d-45b1-9cad-9b3ef674bf9a",
      "Page": 1
    },
    {
      "BlockType": "WORD",
      "Confidence": 99.87748718261719,
      "Text": "Initial",
      "TextType": "PRINTED",
      "Geometry": {
        "BoundingBox": {
          "Width": 0.03309627249836922,
          "Height": 0.019583994522690773,
          "Left": 0.2812053859233856,
          "Top": 0.5120567083358765
        },
        "Polygon": [
          {
            "X": 0.2812151312828064,
            "Y": 0.5120567083358765
          },
          {
            "X": 0.31430166959762573,
            "Y": 0.5120618939399719
          },
          {
            "X": 0.314291775226593,
            "Y": 0.5316407084465027
          },
          {
            "X": 0.2812053859233856,
            "Y": 0.5316354036331177
          }
        ]
      },
      "Id": "2ed91752-e9d2-4319-b544-7b713edf6e5f",
      "Page": 1
    },
    {
      "BlockType": "WORD",
      "Confidence": 99.85994720458984,
      "Text": "viscosity",
      "TextType": "PRINTED",
      "Geometry": {
        "BoundingBox": {
          "Width": 0.04912223666906357,
          "Height": 0.0227469801902771,
          "Left": 0.3173008859157562,
          "Top": 0.512428343296051
        },
        "Polygon": [
          {
            "X": 0.3173123598098755,
            "Y": 0.512428343296051
          },
          {
            "X": 0.3664231300354004,
            "Y": 0.512436032295227
          },
          {
            "X": 0.366411417722702,
            "Y": 0.5351753234863281
          },
          {
            "X": 0.3173008859157562,
            "Y": 0.5351674556732178
          }
        ]
      },
      "Id": "ef41141d-b658-4499-84d6-3aceb8e25a8b",
      "Page": 1
    },
    {
      "BlockType": "WORD",
      "Confidence": 85.58036041259766,
      "Text": "(mPas)",
      "TextType": "PRINTED",
      "Geometry": {
        "BoundingBox": {
          "Width": 0.041661106050014496,
          "Height": 0.022034181281924248,
          "Left": 0.3698785901069641,
          "Top": 0.5120739340782166
        },
        "Polygon": [
          {
            "X": 0.36988991498947144,
            "Y": 0.5120739340782166
          },
          {
            "X": 0.4115396738052368,
            "Y": 0.5120804905891418
          },
          {
            "X": 0.41152817010879517,
            "Y": 0.5341081619262695
          },
          {
            "X": 0.3698785901069641,
            "Y": 0.5341014266014099
          }
        ]
      },
      "Id": "dc1420a1-1989-4d44-8856-aab484d2c21e",
      "Page": 1
    },
    {
      "BlockType": "WORD",
      "Confidence": 99.68306732177734,
      "Text": "35,810",
      "TextType": "PRINTED",
      "Geometry": {
        "BoundingBox": {
          "Width": 0.036656081676483154,
          "Height": 0.019325703382492065,
          "Left": 0.4275580048561096,
          "Top": 0.5133386850357056
        },
        "Polygon": [
          {
            "X": 0.4275681674480438,
            "Y": 0.5133386850357056
          },
          {
            "X": 0.4642140865325928,
            "Y": 0.513344407081604
          },
          {
            "X": 0.46420377492904663,
            "Y": 0.5326643586158752
          },
          {
            "X": 0.4275580048561096,
            "Y": 0.5326584577560425
          }
        ]
      },
      "Id": "acafe98c-0c7e-4f21-9f2d-c2bece4e31b8",
      "Page": 1
    },
    {
      "BlockType": "WORD",
      "Confidence": 99.62820434570312,
      "Text": "30,550",
      "TextType": "PRINTED",
      "Geometry": {
        "BoundingBox": {
          "Width": 0.03755158558487892,
          "Height": 0.019385870546102524,
          "Left": 0.47992807626724243,
          "Top": 0.5133541226387024
        },
        "Polygon": [
          {
            "X": 0.47993847727775574,
            "Y": 0.5133541226387024
          },
          {
            "X": 0.517479658126831,
            "Y": 0.5133600234985352
          },
          {
            "X": 0.5174691081047058,
            "Y": 0.5327399969100952
          },
          {
            "X": 0.47992807626724243,
            "Y": 0.5327339768409729
          }
        ]
      },
      "Id": "0e6aad46-2e61-4a64-a2ba-0d28ee594e60",
      "Page": 1
    },
    {
      "BlockType": "WORD",
      "Confidence": 99.8520736694336,
      "Text": "40,550",
      "TextType": "PRINTED",
      "Geometry": {
        "BoundingBox": {
          "Width": 0.0380486436188221,
          "Height": 0.01935366727411747,
          "Left": 0.5426718592643738,
          "Top": 0.5134472250938416
        },
        "Polygon": [
          {
            "X": 0.5426825284957886,
            "Y": 0.5134472250938416
          },
          {
            "X": 0.5807205438613892,
            "Y": 0.5134531855583191
          },
          {
            "X": 0.5807097554206848,
            "Y": 0.5328009128570557
          },
          {
            "X": 0.5426718592643738,
            "Y": 0.5327948331832886
          }
        ]
      },
      "Id": "bed9ba9c-94b4-4a29-b1b0-4cc8f251a603",
      "Page": 1
    },
    {
      "BlockType": "WORD",
      "Confidence": 99.6896743774414,
      "Text": "20,415",
      "TextType": "PRINTED",
      "Geometry": {
        "BoundingBox": {
          "Width": 0.03588762879371643,
          "Height": 0.019318068400025368,
          "Left": 0.63136225938797,
          "Top": 0.5134828686714172
        },
        "Polygon": [
          {
            "X": 0.6313732266426086,
            "Y": 0.5134828686714172
          },
          {
            "X": 0.6672499179840088,
            "Y": 0.5134884715080261
          },
          {
            "X": 0.6672387719154358,
            "Y": 0.5328009128570557
          },
          {
            "X": 0.63136225938797,
            "Y": 0.5327951908111572
          }
        ]
      },
      "Id": "7f9647bd-da8d-46d3-9c7b-f4250038f69e",
      "Page": 1
    },
    {
      "BlockType": "TABLE",
      "Confidence": 99.658203125,
      "Geometry": {
        "BoundingBox": {
          "Width": 0.46798714995384216,
          "Height": 0.10487078130245209,
          "Left": 0.26635122299194336,
          "Top": 0.4469640254974365
        },
        "Polygon": [
          {
            "X": 0.26640304923057556,
            "Y": 0.4469640254974365
          },
          {
            "X": 0.7343384027481079,
            "Y": 0.4470308721065521
          },
          {
            "X": 0.7342767715454102,
            "Y": 0.5518348217010498
          },
          {
            "X": 0.26635122299194336,
            "Y": 0.5517578721046448
          }
        ]
      },
      "Id": "831518a8-4bad-408b-92b7-106bea56a3b1",
      "Relationships": [
        {
          "Type": "CHILD",
          "Ids": [
            "fd5527c4-2874-42b2-8f8a-15bef9090d19",
            "70622e08-6729-49ef-a046-a0ae6a21fb5b",
            "6c7f055b-f524-40b9-847f-4903daf83da4",
            "5a88347c-046c-4d55-9ed3-61b6730351bd",
            "6e6d77d6-aae9-4a9f-bfd5-e188ac5492b4",
            "0b0d2e8c-2354-46d1-ae13-668c721ca3b9",
            "d602521a-c32c-40f9-81fc-b982a5bc33cc",
            "ea148e7c-14e4-4d54-a7b5-3e97edbaf5bd",
            "f5f91aaf-1b8e-401c-a4fc-b4bcee3ada06",
            "f63d5e9a-b894-47c9-abd8-1fbeabf62aa6"
          ]
        }
      ],
      "EntityTypes": [
        "STRUCTURED_TABLE"
      ],
      "Page": 1
    },
    {
      "BlockType": "CELL",
      "Confidence": 92.822265625,
      "RowIndex": 1,
      "ColumnIndex": 1,
      "RowSpan": 1,
      "ColumnSpan": 1,
      "Geometry": {
        "BoundingBox": {
          "Width": 0.15287481248378754,
          "Height": 0.050331152975559235,
          "Left": 0.26637816429138184,
          "Top": 0.4469640254974365
        },
        "Polygon": [
          {
            "X": 0.26640304923057556,
            "Y": 0.4469640254974365
          },
          {
            "X": 0.41925299167633057,
            "Y": 0.4469858705997467
          },
          {
            "X": 0.41922658681869507,
            "Y": 0.49729517102241516
          },
          {
            "X": 0.26637816429138184,
            "Y": 0.4972717761993408
          }
        ]
      },
      "Id": "fd5527c4-2874-42b2-8f8a-15bef9090d19",
      "Relationships": [
        {
          "Type": "CHILD",
          "Ids": [
            "49d8cba6-f5d0-47d7-91aa-82d48b0d78ab",
            "5ccdd672-77eb-4225-9cf1-7ec5b553b32b"
          ]
        }
      ],
      "EntityTypes": [
        "COLUMN_HEADER"
      ],
      "Page": 1
    },
    {
      "BlockType": "CELL",
      "Confidence": 80.419921875,
      "RowIndex": 1,
      "ColumnIndex": 2,
      "RowSpan": 1,
      "ColumnSpan": 1,
      "Geometry": {
        "BoundingBox": {
          "Width": 0.05254586786031723,
          "Height": 0.05031736567616463,
          "Left": 0.41922658681869507,
          "Top": 0.4469858705997467
        },
        "Polygon": [
          {
            "X": 0.41925299167633057,
            "Y": 0.4469858705997467
          },
          {
            "X": 0.4717724323272705,
            "Y": 0.446993350982666
          },
          {
            "X": 0.4717455208301544,
            "Y": 0.49730321764945984
          },
          {
            "X": 0.41922658681869507,
            "Y": 0.49729517102241516
          }
        ]
      },
      "Id": "70622e08-6729-49ef-a046-a0ae6a21fb5b",
      "Relationships": [
        {
          "Type": "CHILD",
          "Ids": [
            "84e33a17-81c1-468f-8320-98202298ce6f"
          ]
        }
      ],
      "EntityTypes": [
        "COLUMN_HEADER"
      ],
      "Page": 1
    },
    {
      "BlockType": "CELL",
      "Confidence": 89.208984375,
      "RowIndex": 1,
      "ColumnIndex": 3,
      "RowSpan": 1,
      "ColumnSpan": 1,
      "Geometry": {
        "BoundingBox": {
          "Width": 0.06318475306034088,
          "Height": 0.05031953752040863,
          "Left": 0.4717455208301544,
          "Top": 0.446993350982666
        },
        "Polygon": [
          {
            "X": 0.4717724323272705,
            "Y": 0.446993350982666
          },
          {
            "X": 0.5349302291870117,
            "Y": 0.4470023810863495
          },
          {
            "X": 0.5349026918411255,
            "Y": 0.49731290340423584
          },
          {
            "X": 0.4717455208301544,
            "Y": 0.49730321764945984
          }
        ]
      },
      "Id": "6c7f055b-f524-40b9-847f-4903daf83da4",
      "Relationships": [
        {
          "Type": "CHILD",
          "Ids": [
            "3bc6ed58-3c9a-47ce-921f-4362a2f8a7c7"
          ]
        }
      ],
      "EntityTypes": [
        "COLUMN_HEADER"
      ],
      "Page": 1
    },
    {
      "BlockType": "CELL",
      "Confidence": 90.234375,
      "RowIndex": 1,
      "ColumnIndex": 4,
      "RowSpan": 1,
      "ColumnSpan": 1,
      "Geometry": {
        "BoundingBox": {
          "Width": 0.08911612629890442,
          "Height": 0.05032416433095932,
          "Left": 0.5349026918411255,
          "Top": 0.4470023810863495
        },
        "Polygon": [
          {
            "X": 0.5349302291870117,
            "Y": 0.4470023810863495
          },
          {
            "X": 0.6240187883377075,
            "Y": 0.44701510667800903
          },
          {
            "X": 0.6239903569221497,
            "Y": 0.4973265528678894
          },
          {
            "X": 0.5349026918411255,
            "Y": 0.49731290340423584
          }
        ]
      },
      "Id": "5a88347c-046c-4d55-9ed3-61b6730351bd",
      "Relationships": [
        {
          "Type": "CHILD",
          "Ids": [
            "8ca33bc0-5d8a-4df7-9077-6b854e4b0314"
          ]
        }
      ],
      "EntityTypes": [
        "COLUMN_HEADER"
      ],
      "Page": 1
    },
    {
      "BlockType": "CELL",
      "Confidence": 91.552734375,
      "RowIndex": 1,
      "ColumnIndex": 5,
      "RowSpan": 1,
      "ColumnSpan": 1,
      "Geometry": {
        "BoundingBox": {
          "Width": 0.11034805327653885,
          "Height": 0.050328340381383896,
          "Left": 0.6239903569221497,
          "Top": 0.44701510667800903
        },
        "Polygon": [
          {
            "X": 0.6240187883377075,
            "Y": 0.44701510667800903
          },
          {
            "X": 0.7343384027481079,
            "Y": 0.4470308721065521
          },
          {
            "X": 0.7343088388442993,
            "Y": 0.4973434507846832
          },
          {
            "X": 0.6239903569221497,
            "Y": 0.4973265528678894
          }
        ]
      },
      "Id": "6e6d77d6-aae9-4a9f-bfd5-e188ac5492b4",
      "Relationships": [
        {
          "Type": "CHILD",
          "Ids": [
            "f0a4cc39-df6d-45b1-9cad-9b3ef674bf9a"
          ]
        }
      ],
      "EntityTypes": [
        "COLUMN_HEADER"
      ],
      "Page": 1
    },
    {
      "BlockType": "CELL",
      "Confidence": 91.064453125,
      "RowIndex": 2,
      "ColumnIndex": 1,
      "RowSpan": 1,
      "ColumnSpan": 1,
      "Geometry": {
        "BoundingBox": {
          "Width": 0.15287533402442932,
          "Height": 0.05451124534010887,
          "Left": 0.26635122299194336,
          "Top": 0.4972717761993408
        },
        "Polygon": [
          {
            "X": 0.26637816429138184,
            "Y": 0.4972717761993408
          },
          {
            "X": 0.41922658681869507,
            "Y": 0.49729517102241516
          },
          {
            "X": 0.4191979765892029,
            "Y": 0.55178302526474
          },
          {
            "X": 0.26635122299194336,
            "Y": 0.5517578721046448
          }
        ]
      },
      "Id": "0b0d2e8c-2354-46d1-ae13-668c721ca3b9",
      "Relationships": [
        {
          "Type": "CHILD",
          "Ids": [
            "2ed91752-e9d2-4319-b544-7b713edf6e5f",
            "ef41141d-b658-4499-84d6-3aceb8e25a8b",
            "dc1420a1-1989-4d44-8856-aab484d2c21e"
          ]
        }
      ],
      "Page": 1
    },
    {
      "BlockType": "CELL",
      "Confidence": 78.90625,
      "RowIndex": 2,
      "ColumnIndex": 2,
      "RowSpan": 1,
      "ColumnSpan": 1,
      "Geometry": {
        "BoundingBox": {
          "Width": 0.05254753306508064,
          "Height": 0.05449646711349487,
          "Left": 0.4191979765892029,
          "Top": 0.49729517102241516
        },
        "Polygon": [
          {
            "X": 0.41922658681869507,
            "Y": 0.49729517102241516
          },
          {
            "X": 0.4717455208301544,
            "Y": 0.49730321764945984
          },
          {
            "X": 0.47171634435653687,
            "Y": 0.5517916679382324
          },
          {
            "X": 0.4191979765892029,
            "Y": 0.55178302526474
          }
        ]
      },
      "Id": "d602521a-c32c-40f9-81fc-b982a5bc33cc",
      "Relationships": [
        {
          "Type": "CHILD",
          "Ids": [
            "acafe98c-0c7e-4f21-9f2d-c2bece4e31b8"
          ]
        }
      ],
      "Page": 1
    },
    {
      "BlockType": "CELL",
      "Confidence": 87.548828125,
      "RowIndex": 2,
      "ColumnIndex": 3,
      "RowSpan": 1,
      "ColumnSpan": 1,
      "Geometry": {
        "BoundingBox": {
          "Width": 0.06318635493516922,
          "Height": 0.05449880287051201,
          "Left": 0.47171634435653687,
          "Top": 0.49730321764945984
        },
        "Polygon": [
          {
            "X": 0.4717455208301544,
            "Y": 0.49730321764945984
          },
          {
            "X": 0.5349026918411255,
            "Y": 0.49731290340423584
          },
          {
            "X": 0.534872829914093,
            "Y": 0.5518020391464233
          },
          {
            "X": 0.47171634435653687,
            "Y": 0.5517916679382324
          }
        ]
      },
      "Id": "ea148e7c-14e4-4d54-a7b5-3e97edbaf5bd",
      "Relationships": [
        {
          "Type": "CHILD",
          "Ids": [
            "0e6aad46-2e61-4a64-a2ba-0d28ee594e60"
          ]
        }
      ],
      "Page": 1
    },
    {
      "BlockType": "CELL",
      "Confidence": 88.525390625,
      "RowIndex": 2,
      "ColumnIndex": 4,
      "RowSpan": 1,
      "ColumnSpan": 1,
      "Geometry": {
        "BoundingBox": {
          "Width": 0.08911751955747604,
          "Height": 0.054503776133060455,
          "Left": 0.534872829914093,
          "Top": 0.49731290340423584
        },
        "Polygon": [
          {
            "X": 0.5349026918411255,
            "Y": 0.49731290340423584
          },
          {
            "X": 0.6239903569221497,
            "Y": 0.4973265528678894
          },
          {
            "X": 0.6239595413208008,
            "Y": 0.5518167018890381
          },
          {
            "X": 0.534872829914093,
            "Y": 0.5518020391464233
          }
        ]
      },
      "Id": "f5f91aaf-1b8e-401c-a4fc-b4bcee3ada06",
      "Relationships": [
        {
          "Type": "CHILD",
          "Ids": [
            "bed9ba9c-94b4-4a29-b1b0-4cc8f251a603"
          ]
        }
      ],
      "Page": 1
    },
    {
      "BlockType": "CELL",
      "Confidence": 89.84375,
      "RowIndex": 2,
      "ColumnIndex": 5,
      "RowSpan": 1,
      "ColumnSpan": 1,
      "Geometry": {
        "BoundingBox": {
          "Width": 0.11034931242465973,
          "Height": 0.0545082613825798,
          "Left": 0.6239595413208008,
          "Top": 0.4973265528678894
        },
        "Polygon": [
          {
            "X": 0.6239903569221497,
            "Y": 0.4973265528678894
          },
          {
            "X": 0.7343088388442993,
            "Y": 0.4973434507846832
          },
          {
            "X": 0.7342767715454102,
            "Y": 0.5518348217010498
          },
          {
            "X": 0.6239595413208008,
            "Y": 0.5518167018890381
          }
        ]
      },
      "Id": "f63d5e9a-b894-47c9-abd8-1fbeabf62aa6",
      "Relationships": [
        {
          "Type": "CHILD",
          "Ids": [
            "7f9647bd-da8d-46d3-9c7b-f4250038f69e"
          ]
        }
      ],
      "Page": 1
    }
  ],
  "AnalyzeDocumentModelVersion": "1.0"
}