{
  "DocumentMetadata": {
    "Pages": 1
  },
  "JobStatus": "SUCCEEDED",
  "Blocks": [
    {
      "BlockType": "PAGE",
      "Geometry": {
        "BoundingBox": {
          "Width": 0.7099222540855408,
          "Height": 0.33266863226890564,
          "Left": 0.14309367537498474,
          "Top": 0.3303111493587494
        },
        "Polygon": [
          {
            "X": 0.14309367537498474,
            "Y": 0.3303111493587494
          },
          {
            "X": 0.8501677513122559,
            "Y": 0.33167406916618347
          },
          {
            "X": 0.8530159592628479,
            "Y": 0.662979781627655
          },
          {
            "X": 0.1443454921245575,
            "Y": 0.6625378727912903
          }
        ]
      },
      "Id": "0c1eb05e-546c-4050-98e5-f5fe49de1339",
      "Relationships": [
        {
          "Type": "CHILD",
          "Ids": [
            "726a2477-8a6f-4d42-8a1b-bad2bdbc86f8",
            "44a2ed51-036d-4ca4-bde0-bf57bae86a88",
            "d4e58fbc-95fe-4a8f-b140-5c3085e9979d",
            "d74d7cff-0916-49c3-b429-9a819d8c7ded",
            "c27c8da5-955c-4a49-8b5f-0077ebe52479",
            "a50f8342-5054-4586-93d7-182660000028",
            "88518559-322f-4782-a6e7-d5e45897b437",
            "297a4416-aa47-485d-91e3-6b9eb4f83332",
            "74dd1ffc-a035-430e-b20f-3e983cead91c",
            "da6e7f25-7a4d-4e78-8cfd-e7cb623a55be",
            "a7810bb5-5dca-4be2-9c68-62b61eb370ae",
            "dbf4fc5c-7b89-45ed-99af-e5105a811596",
            "dfb6c258-7a5e-4190-bbd6-dec93b109fd1",
            "858fdc87-b3c5-4f19-82a8-e0ba3887fe99",
            "740e4b38-a563-4878-9a3b-0b6ed38795bf",
            "085c1bb5-ff4f-472f-9cf3-0ea017a65041",
            "5a869c28-6990-42d2-bbcd-6ed2129de9c9",
            "80562c0c-f080-46fd-b5b4-16bb813e8115",
            "fbd45fc6-a545-4776-9f67-9d713c3bc546",
            "449f5240-93ff-4873-b505-dcbaec6d1115",
            "cb1a6bc1-397b-4c54-82dc-de10b06edbf8",
            "d19bfd3a-d79f-426e-91ca-ad71cb1a1b44",
            "3398f0a8-bb0c-4ade-8b64-e58b32def7eb",
            "e9268012-7a20-4be7-af4f-2190b7599116",
            "d85008b0-cac0-4b75-b8f1-d65fd926221c",
            "7bb24725-95eb-4f8b-be13-2025e43b8bb4",
            "7241ecbf-db97-4bac-93ab-18029462121b"
          ]
        }
      ],
      "Page": 1
    },
    {
      "BlockType": "LINE",
      "Confidence": 99.9480972290039,
      "Text": "Samples",
      "Geometry": {
        "BoundingBox": {
          "Width": 0.058788273483514786,
          "Height": 0.0377807691693306,
          "Left": 0.20314839482307434,
          "Top": 0.3785567879676819
        },
        "Polygon": [
          {
            "X": 0.20314839482307434,
            "Y": 0.3785567879676819
          },
          {
            "X": 0.2617642283439636,
            "Y": 0.3786586821079254
          },
          {
            "X": 0.26193666458129883,
            "Y": 0.4163375496864319
          },
          {
            "X": 0.20330581068992615,
            "Y": 0.4162442982196808
          }
        ]
      },
      "Id": "726a2477-8a6f-4d42-8a1b-bad2bdbc86f8",
      "Relationships": [
        {
          "Type": "CHILD",
          "Ids": [
            "e404edcc-74b8-41ef-aed9-0c2d47cf1161"
          ]
        }
      ],
      "Page": 1
    },
    {
      "BlockType": "LINE",
      "Confidence": 99.67632293701172,
      "Text": "TTI",
      "Geometry": {
        "BoundingBox": {
          "Width": 0.02832047827541828,
          "Height": 0.0287032388150692,
          "Left": 0.31977909803390503,
          "Top": 0.3790593147277832
        },
        "Polygon": [
          {
            "X": 0.31977909803390503,
            "Y": 0.3790593147277832
          },
          {
            "X": 0.3479515612125397,
            "Y": 0.3791082799434662
          },
          {
            "X": 0.34809958934783936,
            "Y": 0.4077625572681427
          },
          {
            "X": 0.319921612739563,
            "Y": 0.4077167809009552
          }
        ]
      },
      "Id": "44a2ed51-036d-4ca4-bde0-bf57bae86a88",
      "Relationships": [
        {
          "Type": "CHILD",
          "Ids": [
            "de787db5-4cf2-4351-93f9-f0a5c4167499"
          ]
        }
      ],
      "Page": 1
    },
    {
      "BlockType": "LINE",
      "Confidence": 99.82926940917969,
      "Text": "THR",
      "Geometry": {
        "BoundingBox": {
          "Width": 0.03486702963709831,
          "Height": 0.028384169563651085,
          "Left": 0.3962644338607788,
          "Top": 0.37921756505966187
        },
        "Polygon": [
          {
            "X": 0.3962644338607788,
            "Y": 0.37921756505966187
          },
          {
            "X": 0.43096908926963806,
            "Y": 0.3792778551578522
          },
          {
            "X": 0.4311314523220062,
            "Y": 0.4076017439365387
          },
          {
            "X": 0.39642009139060974,
            "Y": 0.4075452983379364
          }
        ]
      },
      "Id": "d4e58fbc-95fe-4a8f-b140-5c3085e9979d",
      "Relationships": [
        {
          "Type": "CHILD",
          "Ids": [
            "ec20b700-ba96-4cde-9bec-fb6601a22f38"
          ]
        }
      ],
      "Page": 1
    },
    {
      "BlockType": "LINE",
      "Confidence": 99.41317749023438,
      "Text": "PHRR",
      "Geometry": {
        "BoundingBox": {
          "Width": 0.045887403190135956,
          "Height": 0.027506940066814423,
          "Left": 0.4992457926273346,
          "Top": 0.3799547851085663
        },
        "Polygon": [
          {
            "X": 0.4992457926273346,
            "Y": 0.3799547851085663
          },
          {
            "X": 0.5449546575546265,
            "Y": 0.38003408908843994
          },
          {
            "X": 0.5451332330703735,
            "Y": 0.4074617326259613
          },
          {
            "X": 0.4994158446788788,
            "Y": 0.4073873460292816
          }
        ]
      },
      "Id": "d74d7cff-0916-49c3-b429-9a819d8c7ded",
      "Relationships": [
        {
          "Type": "CHILD",
          "Ids": [
            "2cec0b1c-e888-4e76-a065-6eb587d41e7b"
          ]
        }
      ],
      "Page": 1
    },
    {
      "BlockType": "LINE",
      "Confidence": 99.87298583984375,
      "Text": "SPR",
      "Geometry": {
        "BoundingBox": {
          "Width": 0.031127190217375755,
          "Height": 0.028668571263551712,
          "Left": 0.6123131513595581,
          "Top": 0.3792650103569031
        },
        "Polygon": [
          {
            "X": 0.6123131513595581,
            "Y": 0.3792650103569031
          },
          {
            "X": 0.6432348489761353,
            "Y": 0.3793187737464905
          },
          {
            "X": 0.6434403657913208,
            "Y": 0.4079335927963257
          },
          {
            "X": 0.6125126481056213,
            "Y": 0.40788328647613525
          }
        ]
      },
      "Id": "c27c8da5-955c-4a49-8b5f-0077ebe52479",
      "Relationships": [
        {
          "Type": "CHILD",
          "Ids": [
            "eb5b7570-acdc-4bdc-8a23-f7e794b5708f"
          ]
        }
      ],
      "Page": 1
    },
    {
      "BlockType": "LINE",
      "Confidence": 99.85038757324219,
      "Text": "TSP",
      "Geometry": {
        "BoundingBox": {
          "Width": 0.03042464144527912,
          "Height": 0.028742939233779907,
          "Left": 0.6962769627571106,
          "Top": 0.3791840672492981
        },
        "Polygon": [
          {
            "X": 0.6962769627571106,
            "Y": 0.3791840672492981
          },
          {
            "X": 0.7264792919158936,
            "Y": 0.3792366087436676
          },
          {
            "X": 0.7267016172409058,
            "Y": 0.407927006483078
          },
          {
            "X": 0.69649338722229,
            "Y": 0.4078778624534607
          }
        ]
      },
      "Id": "a50f8342-5054-4586-93d7-182660000028",
      "Relationships": [
        {
          "Type": "CHILD",
          "Ids": [
            "a95325db-1741-417b-ab29-6020fcf9926a"
          ]
        }
      ],
      "Page": 1
    },
    {
      "BlockType": "LINE",
      "Confidence": 99.78649139404297,
      "Text": "Residue",
      "Geometry": {
        "BoundingBox": {
          "Width": 0.05651743337512016,
          "Height": 0.02912023290991783,
          "Left": 0.7637574076652527,
          "Top": 0.37864843010902405
        },
        "Polygon": [
          {
            "X": 0.7637574076652527,
            "Y": 0.37864843010902405
          },
          {
            "X": 0.8200314044952393,
            "Y": 0.3787464499473572
          },
          {
            "X": 0.820274829864502,
            "Y": 0.4077686667442322
          },
          {
            "X": 0.7639897465705872,
            "Y": 0.40767702460289
          }
        ]
      },
      "Id": "88518559-322f-4782-a6e7-d5e45897b437",
      "Relationships": [
        {
          "Type": "CHILD",
          "Ids": [
            "72147056-1e93-4413-b617-16c7744f91c0"
          ]
        }
      ],
      "Page": 1
    },
    {
      "BlockType": "LINE",
      "Confidence": 98.90898132324219,
      "Text": "(s)",
      "Geometry": {
        "BoundingBox": {
          "Width": 0.016765184700489044,
          "Height": 0.035936567932367325,
          "Left": 0.325021356344223,
          "Top": 0.4248524308204651
        },
        "Polygon": [
          {
            "X": 0.325021356344223,
            "Y": 0.4248524308204651
          },
          {
            "X": 0.3416026532649994,
            "Y": 0.4248782694339752
          },
          {
            "X": 0.34178653359413147,
            "Y": 0.4607889950275421
          },
          {
            "X": 0.325201153755188,
            "Y": 0.4607655107975006
          }
        ]
      },
      "Id": "297a4416-aa47-485d-91e3-6b9eb4f83332",
      "Relationships": [
        {
          "Type": "CHILD",
          "Ids": [
            "d304aa57-80e5-4cbe-a905-b4ba98970d8c"
          ]
        }
      ],
      "Page": 1
    },
    {
      "BlockType": "LINE",
      "Confidence": 75.1503677368164,
      "Text": "(MJ m²",
      "Geometry": {
        "BoundingBox": {
          "Width": 0.06115498021245003,
          "Height": 0.04382305592298508,
          "Left": 0.38318517804145813,
          "Top": 0.41613084077835083
        },
        "Polygon": [
          {
            "X": 0.38318517804145813,
            "Y": 0.41613084077835083
          },
          {
            "X": 0.4440856873989105,
            "Y": 0.4162278175354004
          },
          {
            "X": 0.44434016942977905,
            "Y": 0.4599539041519165
          },
          {
            "X": 0.38342157006263733,
            "Y": 0.459867388010025
          }
        ]
      },
      "Id": "74dd1ffc-a035-430e-b20f-3e983cead91c",
      "Relationships": [
        {
          "Type": "CHILD",
          "Ids": [
            "c4f3f70c-93ea-48fa-a182-3da01a6142db",
            "c45282e8-e08f-4aff-9758-b9cc3a74081b"
          ]
        }
      ],
      "Page": 1
    },
    {
      "BlockType": "LINE",
      "Confidence": 30.612573623657227,
      "Text": "(kW m²",
      "Geometry": {
        "BoundingBox": {
          "Width": 0.06388264894485474,
          "Height": 0.04839316010475159,
          "Left": 0.4901086390018463,
          "Top": 0.4136545658111572
        },
        "Polygon": [
          {
            "X": 0.4901086390018463,
            "Y": 0.4136545658111572
          },
          {
            "X": 0.5536741018295288,
            "Y": 0.41375643014907837
          },
          {
            "X": 0.5539913177490234,
            "Y": 0.4620477259159088
          },
          {
            "X": 0.49040496349334717,
            "Y": 0.4619579017162323
          }
        ]
      },
      "Id": "da6e7f25-7a4d-4e78-8cfd-e7cb623a55be",
      "Relationships": [
        {
          "Type": "CHILD",
          "Ids": [
            "93feddac-ce78-45aa-9457-85c9f29cc90f"
          ]
        }
      ],
      "Page": 1
    },
    {
      "BlockType": "LINE",
      "Confidence": 29.809783935546875,
      "Text": "(m² m²",
      "Geometry": {
        "BoundingBox": {
          "Width": 0.05818065255880356,
          "Height": 0.04716342315077782,
          "Left": 0.6006413698196411,
          "Top": 0.4133871793746948
        },
        "Polygon": [
          {
            "X": 0.6006413698196411,
            "Y": 0.4133871793746948
          },
          {
            "X": 0.6584791541099548,
            "Y": 0.4134799838066101
          },
          {
            "X": 0.6588220000267029,
            "Y": 0.46055060625076294
          },
          {
            "X": 0.600965678691864,
            "Y": 0.46046850085258484
          }
        ]
      },
      "Id": "a7810bb5-5dca-4be2-9c68-62b61eb370ae",
      "Relationships": [
        {
          "Type": "CHILD",
          "Ids": [
            "d5ba1f9a-2735-4acc-a8ee-89cb4601ed24"
          ]
        }
      ],
      "Page": 1
    },
    {
      "BlockType": "LINE",
      "Confidence": 44.07241439819336,
      "Text": "(m²",
      "Geometry": {
        "BoundingBox": {
          "Width": 0.030319903045892715,
          "Height": 0.04673311114311218,
          "Left": 0.6960728168487549,
          "Top": 0.4142393171787262
        },
        "Polygon": [
          {
            "X": 0.6960728168487549,
            "Y": 0.4142393171787262
          },
          {
            "X": 0.7260311841964722,
            "Y": 0.4142872989177704
          },
          {
            "X": 0.7263927459716797,
            "Y": 0.4609724283218384
          },
          {
            "X": 0.6964249014854431,
            "Y": 0.4609299302101135
          }
        ]
      },
      "Id": "dbf4fc5c-7b89-45ed-99af-e5105a811596",
      "Relationships": [
        {
          "Type": "CHILD",
          "Ids": [
            "20947b6f-1cba-4bd6-bc6a-111dda03258d"
          ]
        }
      ],
      "Page": 1
    },
    {
      "BlockType": "LINE",
      "Confidence": 95.57714080810547,
      "Text": "(wt%)",
      "Geometry": {
        "BoundingBox": {
          "Width": 0.043458618223667145,
          "Height": 0.03536052256822586,
          "Left": 0.7705698013305664,
          "Top": 0.42479512095451355
        },
        "Polygon": [
          {
            "X": 0.7705698013305664,
            "Y": 0.42479512095451355
          },
          {
            "X": 0.8137339353561401,
            "Y": 0.42486247420310974
          },
          {
            "X": 0.8140283823013306,
            "Y": 0.4601556360721588
          },
          {
            "X": 0.7708538770675659,
            "Y": 0.46009427309036255
          }
        ]
      },
      "Id": "dfb6c258-7a5e-4190-bbd6-dec93b109fd1",
      "Relationships": [
        {
          "Type": "CHILD",
          "Ids": [
            "77571d67-6b13-4181-bfd8-28ee3f0604be"
          ]
        }
      ],
      "Page": 1
    },
    {
      "BlockType": "LINE",
      "Confidence": 99.76773071289062,
      "Text": "EP/CF",
      "Geometry": {
        "BoundingBox": {
          "Width": 0.04743305221199989,
          "Height": 0.029738929122686386,
          "Left": 0.2089400738477707,
          "Top": 0.4719267785549164
        },
        "Polygon": [
          {
            "X": 0.2089400738477707,
            "Y": 0.4719267785549164
          },
          {
            "X": 0.25623852014541626,
            "Y": 0.4719916880130768
          },
          {
            "X": 0.2563731074333191,
            "Y": 0.5016657114028931
          },
          {
            "X": 0.20906512439250946,
            "Y": 0.501606285572052
          }
        ]
      },
      "Id": "858fdc87-b3c5-4f19-82a8-e0ba3887fe99",
      "Relationships": [
        {
          "Type": "CHILD",
          "Ids": [
            "02ca11e4-20d9-49fe-a6ef-55f4478b3756"
          ]
        }
      ],
      "Page": 1
    },
    {
      "BlockType": "LINE",
      "Confidence": 99.96664428710938,
      "Text": "54",
      "Geometry": {
        "BoundingBox": {
          "Width": 0.017628122121095657,
          "Height": 0.02898489125072956,
          "Left": 0.32468822598457336,
          "Top": 0.4727541208267212
        },
        "Polygon": [
          {
            "X": 0.32468822598457336,
            "Y": 0.4727541208267212
          },
          {
            "X": 0.34216800332069397,
            "Y": 0.4727780520915985
          },
          {
            "X": 0.3423163592815399,
            "Y": 0.5017390251159668
          },
          {
            "X": 0.3248331546783447,
            "Y": 0.5017170310020447
          }
        ]
      },
      "Id": "740e4b38-a563-4878-9a3b-0b6ed38795bf",
      "Relationships": [
        {
          "Type": "CHILD",
          "Ids": [
            "23351b36-21b1-429e-97da-e831aeeef7db"
          ]
        }
      ],
      "Page": 1
    },
    {
      "BlockType": "LINE",
      "Confidence": 99.9697036743164,
      "Text": "47.8",
      "Geometry": {
        "BoundingBox": {
          "Width": 0.030697638168931007,
          "Height": 0.029524022713303566,
          "Left": 0.398073673248291,
          "Top": 0.47219860553741455
        },
        "Polygon": [
          {
            "X": 0.398073673248291,
            "Y": 0.47219860553741455
          },
          {
            "X": 0.4286029040813446,
            "Y": 0.47224047780036926
          },
          {
            "X": 0.42877131700515747,
            "Y": 0.5017226338386536
          },
          {
            "X": 0.398235946893692,
            "Y": 0.5016842484474182
          }
        ]
      },
      "Id": "085c1bb5-ff4f-472f-9cf3-0ea017a65041",
      "Relationships": [
        {
          "Type": "CHILD",
          "Ids": [
            "32ac4b56-d5cc-4d70-9c83-4566f9d6b23a"
          ]
        }
      ],
      "Page": 1
    },
    {
      "BlockType": "LINE",
      "Confidence": 99.9653091430664,
      "Text": "508.3",
      "Geometry": {
        "BoundingBox": {
          "Width": 0.03887021914124489,
          "Height": 0.029675297439098358,
          "Left": 0.5024560689926147,
          "Top": 0.4723191261291504
        },
        "Polygon": [
          {
            "X": 0.5024560689926147,
            "Y": 0.4723191261291504
          },
          {
            "X": 0.5411343574523926,
            "Y": 0.4723722040653229
          },
          {
            "X": 0.5413262844085693,
            "Y": 0.5019944310188293
          },
          {
            "X": 0.5026402473449707,
            "Y": 0.5019458532333374
          }
        ]
      },
      "Id": "5a869c28-6990-42d2-bbcd-6ed2129de9c9",
      "Relationships": [
        {
          "Type": "CHILD",
          "Ids": [
            "53f1d640-9678-4b7f-bcad-7497edf3da77"
          ]
        }
      ],
      "Page": 1
    },
    {
      "BlockType": "LINE",
      "Confidence": 99.97152709960938,
      "Text": "2540.2",
      "Geometry": {
        "BoundingBox": {
          "Width": 0.04882530868053436,
          "Height": 0.028575586155056953,
          "Left": 0.603193461894989,
          "Top": 0.4726352095603943
        },
        "Polygon": [
          {
            "X": 0.603193461894989,
            "Y": 0.4726352095603943
          },
          {
            "X": 0.6518124938011169,
            "Y": 0.47270187735557556
          },
          {
            "X": 0.6520187854766846,
            "Y": 0.5012108087539673
          },
          {
            "X": 0.6033902764320374,
            "Y": 0.5011495351791382
          }
        ]
      },
      "Id": "80562c0c-f080-46fd-b5b4-16bb813e8115",
      "Relationships": [
        {
          "Type": "CHILD",
          "Ids": [
            "5f94a621-6e4a-4022-bd2e-a3159e11623f"
          ]
        }
      ],
      "Page": 1
    },
    {
      "BlockType": "LINE",
      "Confidence": 99.84322357177734,
      "Text": "22.5",
      "Geometry": {
        "BoundingBox": {
          "Width": 0.030317842960357666,
          "Height": 0.029423484578728676,
          "Left": 0.6957693099975586,
          "Top": 0.4723788797855377
        },
        "Polygon": [
          {
            "X": 0.6957693099975586,
            "Y": 0.4723788797855377
          },
          {
            "X": 0.7258597612380981,
            "Y": 0.47242021560668945
          },
          {
            "X": 0.7260871529579163,
            "Y": 0.501802384853363
          },
          {
            "X": 0.6959907412528992,
            "Y": 0.5017645359039307
          }
        ]
      },
      "Id": "fbd45fc6-a545-4776-9f67-9d713c3bc546",
      "Relationships": [
        {
          "Type": "CHILD",
          "Ids": [
            "7f6092a7-cf8b-47bc-ada1-a4bea8e01894"
          ]
        }
      ],
      "Page": 1
    },
    {
      "BlockType": "LINE",
      "Confidence": 99.93476104736328,
      "Text": "51.7",
      "Geometry": {
        "BoundingBox": {
          "Width": 0.030666116625070572,
          "Height": 0.029816975817084312,
          "Left": 0.7766924500465393,
          "Top": 0.4722028374671936
        },
        "Polygon": [
          {
            "X": 0.7766924500465393,
            "Y": 0.4722028374671936
          },
          {
            "X": 0.8071115612983704,
            "Y": 0.47224465012550354
          },
          {
            "X": 0.8073585629463196,
            "Y": 0.5020198225975037
          },
          {
            "X": 0.7769332528114319,
            "Y": 0.5019816160202026
          }
        ]
      },
      "Id": "449f5240-93ff-4873-b505-dcbaec6d1115",
      "Relationships": [
        {
          "Type": "CHILD",
          "Ids": [
            "471c3863-33db-41d1-ad41-bde4fd59e22b"
          ]
        }
      ],
      "Page": 1
    },
    {
      "BlockType": "LINE",
      "Confidence": 98.88440704345703,
      "Text": "EP/(PEC5.8@CF) 48",
      "Geometry": {
        "BoundingBox": {
          "Width": 0.1745639592409134,
          "Height": 0.03606495261192322,
          "Left": 0.16725802421569824,
          "Top": 0.5628570318222046
        },
        "Polygon": [
          {
            "X": 0.16725802421569824,
            "Y": 0.5628570318222046
          },
          {
            "X": 0.34163838624954224,
            "Y": 0.5630340576171875
          },
          {
            "X": 0.34182196855545044,
            "Y": 0.5989220142364502
          },
          {
            "X": 0.16739903390407562,
            "Y": 0.5987695455551147
          }
        ]
      },
      "Id": "cb1a6bc1-397b-4c54-82dc-de10b06edbf8",
      "Relationships": [
        {
          "Type": "CHILD",
          "Ids": [
            "8cf6f515-4537-4368-a59a-f4d80af53bba",
            "308cbc03-328c-4aa6-81fb-118177456b74"
          ]
        }
      ],
      "Page": 1
    },
    {
      "BlockType": "LINE",
      "Confidence": 99.93917846679688,
      "Text": "36.3",
      "Geometry": {
        "BoundingBox": {
          "Width": 0.03009774349629879,
          "Height": 0.029989607632160187,
          "Left": 0.3984847366809845,
          "Top": 0.5631388425827026
        },
        "Polygon": [
          {
            "X": 0.3984847366809845,
            "Y": 0.5631388425827026
          },
          {
            "X": 0.42841148376464844,
            "Y": 0.5631691813468933
          },
          {
            "X": 0.42858248949050903,
            "Y": 0.5931284427642822
          },
          {
            "X": 0.3986496329307556,
            "Y": 0.5931015610694885
          }
        ]
      },
      "Id": "d19bfd3a-d79f-426e-91ca-ad71cb1a1b44",
      "Relationships": [
        {
          "Type": "CHILD",
          "Ids": [
            "03a3f609-7dd6-4926-8cd0-26b891ec1595"
          ]
        }
      ],
      "Page": 1
    },
    {
      "BlockType": "LINE",
      "Confidence": 99.98355865478516,
      "Text": "268.9",
      "Geometry": {
        "BoundingBox": {
          "Width": 0.039643142372369766,
          "Height": 0.030387137085199356,
          "Left": 0.502214252948761,
          "Top": 0.563023567199707
        },
        "Polygon": [
          {
            "X": 0.502214252948761,
            "Y": 0.563023567199707
          },
          {
            "X": 0.541660726070404,
            "Y": 0.5630636215209961
          },
          {
            "X": 0.5418573617935181,
            "Y": 0.5934106707572937
          },
          {
            "X": 0.5024027228355408,
            "Y": 0.5933753252029419
          }
        ]
      },
      "Id": "3398f0a8-bb0c-4ade-8b64-e58b32def7eb",
      "Relationships": [
        {
          "Type": "CHILD",
          "Ids": [
            "bd13a3c6-afe2-4b6a-b2a8-2942d409fc89"
          ]
        }
      ],
      "Page": 1
    },
    {
      "BlockType": "LINE",
      "Confidence": 99.98579406738281,
      "Text": "1821.6",
      "Geometry": {
        "BoundingBox": {
          "Width": 0.04700516164302826,
          "Height": 0.030334224924445152,
          "Left": 0.6050014495849609,
          "Top": 0.5629534721374512
        },
        "Polygon": [
          {
            "X": 0.6050014495849609,
            "Y": 0.5629534721374512
          },
          {
            "X": 0.6517876386642456,
            "Y": 0.5630010366439819
          },
          {
            "X": 0.6520066261291504,
            "Y": 0.5932877063751221
          },
          {
            "X": 0.6052108407020569,
            "Y": 0.5932457447052002
          }
        ]
      },
      "Id": "e9268012-7a20-4be7-af4f-2190b7599116",
      "Relationships": [
        {
          "Type": "CHILD",
          "Ids": [
            "0b9c89a3-94d2-46f2-a90d-3b912bc3e710"
          ]
        }
      ],
      "Page": 1
    },
    {
      "BlockType": "LINE",
      "Confidence": 99.77992248535156,
      "Text": "16.1",
      "Geometry": {
        "BoundingBox": {
          "Width": 0.02783239632844925,
          "Height": 0.030115358531475067,
          "Left": 0.6972177624702454,
          "Top": 0.5628893971443176
        },
        "Polygon": [
          {
            "X": 0.6972177624702454,
            "Y": 0.5628893971443176
          },
          {
            "X": 0.7248176336288452,
            "Y": 0.5629174709320068
          },
          {
            "X": 0.7250502109527588,
            "Y": 0.5930047631263733
          },
          {
            "X": 0.6974446773529053,
            "Y": 0.5929799675941467
          }
        ]
      },
      "Id": "d85008b0-cac0-4b75-b8f1-d65fd926221c",
      "Relationships": [
        {
          "Type": "CHILD",
          "Ids": [
            "25d2d00f-45c5-4b7d-8212-0787e3b6ef37"
          ]
        }
      ],
      "Page": 1
    },
    {
      "BlockType": "LINE",
      "Confidence": 99.97996520996094,
      "Text": "64.6",
      "Geometry": {
        "BoundingBox": {
          "Width": 0.030847925692796707,
          "Height": 0.030692750588059425,
          "Left": 0.7767174243927002,
          "Top": 0.5626060962677002
        },
        "Polygon": [
          {
            "X": 0.7767174243927002,
            "Y": 0.5626060962677002
          },
          {
            "X": 0.8073111176490784,
            "Y": 0.5626372694969177
          },
          {
            "X": 0.8075653314590454,
            "Y": 0.5932988524436951
          },
          {
            "X": 0.7769652605056763,
            "Y": 0.5932713747024536
          }
        ]
      },
      "Id": "7bb24725-95eb-4f8b-be13-2025e43b8bb4",
      "Relationships": [
        {
          "Type": "CHILD",
          "Ids": [
            "651e3f4e-a9e5-420d-b15e-540e460476f8"
          ]
        }
      ],
      "Page": 1
    },
    {
      "BlockType": "WORD",
      "Confidence": 99.9480972290039,
      "Text": "Samples",
      "TextType": "PRINTED",
      "Geometry": {
        "BoundingBox": {
          "Width": 0.058788273483514786,
          "Height": 0.0377807691693306,
          "Left": 0.20314839482307434,
          "Top": 0.3785567879676819
        },
        "Polygon": [
          {
            "X": 0.20314839482307434,
            "Y": 0.3785567879676819
          },
          {
            "X": 0.2617642283439636,
            "Y": 0.3786586821079254
          },
          {
            "X": 0.26193666458129883,
            "Y": 0.4163375496864319
          },
          {
            "X": 0.20330581068992615,
            "Y": 0.4162442982196808
          }
        ]
      },
      "Id": "e404edcc-74b8-41ef-aed9-0c2d47cf1161",
      "Page": 1
    },
    {
      "BlockType": "WORD",
      "Confidence": 99.67632293701172,
      "Text": "TTI",
      "TextType": "PRINTED",
      "Geometry": {
        "BoundingBox": {
          "Width": 0.02832047827541828,
          "Height": 0.0287032388150692,
          "Left": 0.31977909803390503,
          "Top": 0.3790593147277832
        },
        "Polygon": [
          {
            "X": 0.31977909803390503,
            "Y": 0.3790593147277832
          },
          {
            "X": 0.3479515612125397,
            "Y": 0.3791082799434662
          },
          {
            "X": 0.34809958934783936,
            "Y": 0.4077625572681427
          },
          {
            "X": 0.319921612739563,
            "Y": 0.4077167809009552
          }
        ]
      },
      "Id": "de787db5-4cf2-4351-93f9-f0a5c4167499",
      "Page": 1
    },
    {
      "BlockType": "WORD",
      "Confidence": 99.82926940917969,
      "Text": "THR",
      "TextType": "PRINTED",
      "Geometry": {
        "BoundingBox": {
          "Width": 0.03486702963709831,
          "Height": 0.028384169563651085,
          "Left": 0.3962644338607788,
          "Top": 0.37921756505966187
        },
        "Polygon": [
          {
            "X": 0.3962644338607788,
            "Y": 0.37921756505966187
          },
          {
            "X": 0.43096908926963806,
            "Y": 0.3792778551578522
          },
          {
            "X": 0.4311314523220062,
            "Y": 0.4076017439365387
          },
          {
            "X": 0.39642009139060974,
            "Y": 0.4075452983379364
          }
        ]
      },
      "Id": "ec20b700-ba96-4cde-9bec-fb6601a22f38",
      "Page": 1
    },
    {
      "BlockType": "WORD",
      "Confidence": 99.41317749023438,
      "Text": "PHRR",
      "TextType": "PRINTED",
      "Geometry": {
        "BoundingBox": {
          "Width": 0.045887403190135956,
          "Height": 0.027506940066814423,
          "Left": 0.4992457926273346,
          "Top": 0.3799547851085663
        },
        "Polygon": [
          {
            "X": 0.4992457926273346,
            "Y": 0.3799547851085663
          },
          {
            "X": 0.5449546575546265,
            "Y": 0.38003408908843994
          },
          {
            "X": 0.5451332330703735,
            "Y": 0.4074617326259613
          },
          {
            "X": 0.4994158446788788,
            "Y": 0.4073873460292816
          }
        ]
      },
      "Id": "2cec0b1c-e888-4e76-a065-6eb587d41e7b",
      "Page": 1
    },
    {
      "BlockType": "WORD",
      "Confidence": 99.87298583984375,
      "Text": "SPR",
      "TextType": "PRINTED",
      "Geometry": {
        "BoundingBox": {
          "Width": 0.031127190217375755,
          "Height": 0.028668571263551712,
          "Left": 0.6123131513595581,
          "Top": 0.3792650103569031
        },
        "Polygon": [
          {
            "X": 0.6123131513595581,
            "Y": 0.3792650103569031
          },
          {
            "X": 0.6432348489761353,
            "Y": 0.3793187737464905
          },
          {
            "X": 0.6434403657913208,
            "Y": 0.4079335927963257
          },
          {
            "X": 0.6125126481056213,
            "Y": 0.40788328647613525
          }
        ]
      },
      "Id": "eb5b7570-acdc-4bdc-8a23-f7e794b5708f",
      "Page": 1
    },
    {
      "BlockType": "WORD",
      "Confidence": 99.85038757324219,
      "Text": "TSP",
      "TextType": "PRINTED",
      "Geometry": {
        "BoundingBox": {
          "Width": 0.03042464144527912,
          "Height": 0.028742939233779907,
          "Left": 0.6962769627571106,
          "Top": 0.3791840672492981
        },
        "Polygon": [
          {
            "X": 0.6962769627571106,
            "Y": 0.3791840672492981
          },
          {
            "X": 0.7264792919158936,
            "Y": 0.3792366087436676
          },
          {
            "X": 0.7267016172409058,
            "Y": 0.407927006483078
          },
          {
            "X": 0.69649338722229,
            "Y": 0.4078778624534607
          }
        ]
      },
      "Id": "a95325db-1741-417b-ab29-6020fcf9926a",
      "Page": 1
    },
    {
      "BlockType": "WORD",
      "Confidence": 99.78649139404297,
      "Text": "Residue",
      "TextType": "PRINTED",
      "Geometry": {
        "BoundingBox": {
          "Width": 0.05651743337512016,
          "Height": 0.02912023290991783,
          "Left": 0.7637574076652527,
          "Top": 0.37864843010902405
        },
        "Polygon": [
          {
            "X": 0.7637574076652527,
            "Y": 0.37864843010902405
          },
          {
            "X": 0.8200314044952393,
            "Y": 0.3787464499473572
          },
          {
            "X": 0.820274829864502,
            "Y": 0.4077686667442322
          },
          {
            "X": 0.7639897465705872,
            "Y": 0.40767702460289
          }
        ]
      },
      "Id": "72147056-1e93-4413-b617-16c7744f91c0",
      "Page": 1
    },
    {
      "BlockType": "WORD",
      "Confidence": 98.90898132324219,
      "Text": "(s)",
      "TextType": "PRINTED",
      "Geometry": {
        "BoundingBox": {
          "Width": 0.016765184700489044,
          "Height": 0.035936567932367325,
          "Left": 0.325021356344223,
          "Top": 0.4248524308204651
        },
        "Polygon": [
          {
            "X": 0.325021356344223,
            "Y": 0.4248524308204651
          },
          {
            "X": 0.3416026532649994,
            "Y": 0.4248782694339752
          },
          {
            "X": 0.34178653359413147,
            "Y": 0.4607889950275421
          },
          {
            "X": 0.325201153755188,
            "Y": 0.4607655107975006
          }
        ]
      },
      "Id": "d304aa57-80e5-4cbe-a905-b4ba98970d8c",
      "Page": 1
    },
    {
      "BlockType": "WORD",
      "Confidence": 99.5906753540039,
      "Text": "(MJ",
      "TextType": "PRINTED",
      "Geometry": {
        "BoundingBox": {
          "Width": 0.02762242965400219,
          "Height": 0.0353451743721962,
          "Left": 0.3832307457923889,
          "Top": 0.42456117272377014
        },
        "Polygon": [
          {
            "X": 0.3832307457923889,
            "Y": 0.42456117272377014
          },
          {
            "X": 0.41065576672554016,
            "Y": 0.4246039390563965
          },
          {
            "X": 0.41085317730903625,
            "Y": 0.45990633964538574
          },
          {
            "X": 0.38342157006263733,
            "Y": 0.459867388010025
          }
        ]
      },
      "Id": "c4f3f70c-93ea-48fa-a182-3da01a6142db",
      "Page": 1
    },
    {
      "BlockType": "WORD",
      "Confidence": 50.7100715637207,
      "Text": "m²",
      "TextType": "PRINTED",
      "Geometry": {
        "BoundingBox": {
          "Width": 0.02884969301521778,
          "Height": 0.04371335729956627,
          "Left": 0.41549012064933777,
          "Top": 0.416182279586792
        },
        "Polygon": [
          {
            "X": 0.41549012064933777,
            "Y": 0.416182279586792
          },
          {
            "X": 0.4440856873989105,
            "Y": 0.4162278175354004
          },
          {
            "X": 0.4443398416042328,
            "Y": 0.45989564061164856
          },
          {
            "X": 0.41573578119277954,
            "Y": 0.45985499024391174
          }
        ]
      },
      "Id": "c45282e8-e08f-4aff-9758-b9cc3a74081b",
      "Page": 1
    },
    {
      "BlockType": "WORD",
      "Confidence": 30.612573623657227,
      "Text": "(kW m²",
      "TextType": "PRINTED",
      "Geometry": {
        "BoundingBox": {
          "Width": 0.06388264894485474,
          "Height": 0.04839316010475159,
          "Left": 0.4901086390018463,
          "Top": 0.4136545658111572
        },
        "Polygon": [
          {
            "X": 0.4901086390018463,
            "Y": 0.4136545658111572
          },
          {
            "X": 0.5536741018295288,
            "Y": 0.41375643014907837
          },
          {
            "X": 0.5539913177490234,
            "Y": 0.4620477259159088
          },
          {
            "X": 0.49040496349334717,
            "Y": 0.4619579017162323
          }
        ]
      },
      "Id": "93feddac-ce78-45aa-9457-85c9f29cc90f",
      "Page": 1
    },
    {
      "BlockType": "WORD",
      "Confidence": 29.809783935546875,
      "Text": "(m² m²",
      "TextType": "PRINTED",
      "Geometry": {
        "BoundingBox": {
          "Width": 0.05818065255880356,
          "Height": 0.04716342315077782,
          "Left": 0.6006413698196411,
          "Top": 0.4133871793746948
        },
        "Polygon": [
          {
            "X": 0.6006413698196411,
            "Y": 0.4133871793746948
          },
          {
            "X": 0.6584791541099548,
            "Y": 0.4134799838066101
          },
          {
            "X": 0.6588220000267029,
            "Y": 0.46055060625076294
          },
          {
            "X": 0.600965678691864,
            "Y": 0.46046850085258484
          }
        ]
      },
      "Id": "d5ba1f9a-2735-4acc-a8ee-89cb4601ed24",
      "Page": 1
    },
    {
      "BlockType": "WORD",
      "Confidence": 44.07241439819336,
      "Text": "(m²",
      "TextType": "PRINTED",
      "Geometry": {
        "BoundingBox": {
          "Width": 0.030319903045892715,
          "Height": 0.04673311114311218,
          "Left": 0.6960728168487549,
          "Top": 0.4142393171787262
        },
        "Polygon": [
          {
            "X": 0.6960728168487549,
            "Y": 0.4142393171787262
          },
          {
            "X": 0.7260311841964722,
            "Y": 0.4142872989177704
          },
          {
            "X": 0.7263927459716797,
            "Y": 0.4609724283218384
          },
          {
            "X": 0.6964249014854431,
            "Y": 0.4609299302101135
          }
        ]
      },
      "Id": "20947b6f-1cba-4bd6-bc6a-111dda03258d",
      "Page": 1
    },
    {
      "BlockType": "WORD",
      "Confidence": 95.57714080810547,
      "Text": "(wt%)",
      "TextType": "PRINTED",
      "Geometry": {
        "BoundingBox": {
          "Width": 0.043458618223667145,
          "Height": 0.03536052256822586,
          "Left": 0.7705698013305664,
          "Top": 0.42479512095451355
        },
        "Polygon": [
          {
            "X": 0.7705698013305664,
            "Y": 0.42479512095451355
          },
          {
            "X": 0.8137339353561401,
            "Y": 0.42486247420310974
          },
          {
            "X": 0.8140283823013306,
            "Y": 0.4601556360721588
          },
          {
            "X": 0.7708538770675659,
            "Y": 0.46009427309036255
          }
        ]
      },
      "Id": "77571d67-6b13-4181-bfd8-28ee3f0604be",
      "Page": 1
    },
    {
      "BlockType": "WORD",
      "Confidence": 99.76773071289062,
      "Text": "EP/CF",
      "TextType": "PRINTED",
      "Geometry": {
        "BoundingBox": {
          "Width": 0.04743305221199989,
          "Height": 0.029738929122686386,
          "Left": 0.2089400738477707,
          "Top": 0.4719267785549164
        },
        "Polygon": [
          {
            "X": 0.2089400738477707,
            "Y": 0.4719267785549164
          },
          {
            "X": 0.25623852014541626,
            "Y": 0.4719916880130768
          },
          {
            "X": 0.2563731074333191,
            "Y": 0.5016657114028931
          },
          {
            "X": 0.20906512439250946,
            "Y": 0.501606285572052
          }
        ]
      },
      "Id": "02ca11e4-20d9-49fe-a6ef-55f4478b3756",
      "Page": 1
    },
    {
      "BlockType": "WORD",
      "Confidence": 99.96664428710938,
      "Text": "54",
      "TextType": "PRINTED",
      "Geometry": {
        "BoundingBox": {
          "Width": 0.017628122121095657,
          "Height": 0.02898489125072956,
          "Left": 0.32468822598457336,
          "Top": 0.4727541208267212
        },
        "Polygon": [
          {
            "X": 0.32468822598457336,
            "Y": 0.4727541208267212
          },
          {
            "X": 0.34216800332069397,
            "Y": 0.4727780520915985
          },
          {
            "X": 0.3423163592815399,
            "Y": 0.5017390251159668
          },
          {
            "X": 0.3248331546783447,
            "Y": 0.5017170310020447
          }
        ]
      },
      "Id": "23351b36-21b1-429e-97da-e831aeeef7db",
      "Page": 1
    },
    {
      "BlockType": "WORD",
      "Confidence": 99.9697036743164,
      "Text": "47.8",
      "TextType": "PRINTED",
      "Geometry": {
        "BoundingBox": {
          "Width": 0.030697638168931007,
          "Height": 0.029524022713303566,
          "Left": 0.398073673248291,
          "Top": 0.47219860553741455
        },
        "Polygon": [
          {
            "X": 0.398073673248291,
            "Y": 0.47219860553741455
          },
          {
            "X": 0.4286029040813446,
            "Y": 0.47224047780036926
          },
          {
            "X": 0.42877131700515747,
            "Y": 0.5017226338386536
          },
          {
            "X": 0.398235946893692,
            "Y": 0.5016842484474182
          }
        ]
      },
      "Id": "32ac4b56-d5cc-4d70-9c83-4566f9d6b23a",
      "Page": 1
    },
    {
      "BlockType": "WORD",
      "Confidence": 99.9653091430664,
      "Text": "508.3",
      "TextType": "PRINTED",
      "Geometry": {
        "BoundingBox": {
          "Width": 0.03887021914124489,
          "Height": 0.029675297439098358,
          "Left": 0.5024560689926147,
          "Top": 0.4723191261291504
        },
        "Polygon": [
          {
            "X": 0.5024560689926147,
            "Y": 0.4723191261291504
          },
          {
            "X": 0.5411343574523926,
            "Y": 0.4723722040653229
          },
          {
            "X": 0.5413262844085693,
            "Y": 0.5019944310188293
          },
          {
            "X": 0.5026402473449707,
            "Y": 0.5019458532333374
          }
        ]
      },
      "Id": "53f1d640-9678-4b7f-bcad-7497edf3da77",
      "Page": 1
    },
    {
      "BlockType": "WORD",
      "Confidence": 99.97152709960938,
      "Text": "2540.2",
      "TextType": "PRINTED",
      "Geometry": {
        "BoundingBox": {
          "Width": 0.04882530868053436,
          "Height": 0.028575586155056953,
          "Left": 0.603193461894989,
          "Top": 0.4726352095603943
        },
        "Polygon": [
          {
            "X": 0.603193461894989,
            "Y": 0.4726352095603943
          },
          {
            "X": 0.6518124938011169,
            "Y": 0.47270187735557556
          },
          {
            "X": 0.6520187854766846,
            "Y": 0.5012108087539673
          },
          {
            "X": 0.6033902764320374,
            "Y": 0.5011495351791382
          }
        ]
      },
      "Id": "5f94a621-6e4a-4022-bd2e-a3159e11623f",
      "Page": 1
    },
    {
      "BlockType": "WORD",
      "Confidence": 99.84322357177734,
      "Text": "22.5",
      "TextType": "PRINTED",
      "Geometry": {
        "BoundingBox": {
          "Width": 0.030317842960357666,
          "Height": 0.029423484578728676,
          "Left": 0.6957693099975586,
          "Top": 0.4723788797855377
        },
        "Polygon": [
          {
            "X": 0.6957693099975586,
            "Y": 0.4723788797855377
          },
          {
            "X": 0.7258597612380981,
            "Y": 0.47242021560668945
          },
          {
            "X": 0.7260871529579163,
            "Y": 0.501802384853363
          },
          {
            "X": 0.6959907412528992,
            "Y": 0.5017645359039307
          }
        ]
      },
      "Id": "7f6092a7-cf8b-47bc-ada1-a4bea8e01894",
      "Page": 1
    },
    {
      "BlockType": "WORD",
      "Confidence": 99.93476104736328,
      "Text": "51.7",
      "TextType": "PRINTED",
      "Geometry": {
        "BoundingBox": {
          "Width": 0.030666116625070572,
          "Height": 0.029816975817084312,
          "Left": 0.7766924500465393,
          "Top": 0.4722028374671936
        },
        "Polygon": [
          {
            "X": 0.7766924500465393,
            "Y": 0.4722028374671936
          },
          {
            "X": 0.8071115612983704,
            "Y": 0.47224465012550354
          },
          {
            "X": 0.8073585629463196,
            "Y": 0.5020198225975037
          },
          {
            "X": 0.7769332528114319,
            "Y": 0.5019816160202026
          }
        ]
      },
      "Id": "471c3863-33db-41d1-ad41-bde4fd59e22b",
      "Page": 1
    },
    {
      "BlockType": "WORD",
      "Confidence": 97.81089782714844,
      "Text": "EP/(PEC5.8@CF)",
      "TextType": "PRINTED",
      "Geometry": {
        "BoundingBox": {
          "Width": 0.12911374866962433,
          "Height": 0.03602522984147072,
          "Left": 0.16725802421569824,
          "Top": 0.5628570318222046
        },
        "Polygon": [
          {
            "X": 0.16725802421569824,
            "Y": 0.5628570318222046
          },
          {
            "X": 0.2961992621421814,
            "Y": 0.5629879236221313
          },
          {
            "X": 0.2963717579841614,
            "Y": 0.598882257938385
          },
          {
            "X": 0.16739903390407562,
            "Y": 0.5987695455551147
          }
        ]
      },
      "Id": "8cf6f515-4537-4368-a59a-f4d80af53bba",
      "Page": 1
    },
    {
      "BlockType": "WORD",
      "Confidence": 99.9579086303711,
      "Text": "48",
      "TextType": "PRINTED",
      "Geometry": {
        "BoundingBox": {
          "Width": 0.017466291785240173,
          "Height": 0.03021593764424324,
          "Left": 0.3243270516395569,
          "Top": 0.5631074905395508
        },
        "Polygon": [
          {
            "X": 0.3243270516395569,
            "Y": 0.5631074905395508
          },
          {
            "X": 0.34163883328437805,
            "Y": 0.5631250739097595
          },
          {
            "X": 0.34179332852363586,
            "Y": 0.5933234095573425
          },
          {
            "X": 0.3244779706001282,
            "Y": 0.5933079123497009
          }
        ]
      },
      "Id": "308cbc03-328c-4aa6-81fb-118177456b74",
      "Page": 1
    },
    {
      "BlockType": "WORD",
      "Confidence": 99.93917846679688,
      "Text": "36.3",
      "TextType": "PRINTED",
      "Geometry": {
        "BoundingBox": {
          "Width": 0.03009774349629879,
          "Height": 0.029989607632160187,
          "Left": 0.3984847366809845,
          "Top": 0.5631388425827026
        },
        "Polygon": [
          {
            "X": 0.3984847366809845,
            "Y": 0.5631388425827026
          },
          {
            "X": 0.42841148376464844,
            "Y": 0.5631691813468933
          },
          {
            "X": 0.42858248949050903,
            "Y": 0.5931284427642822
          },
          {
            "X": 0.3986496329307556,
            "Y": 0.5931015610694885
          }
        ]
      },
      "Id": "03a3f609-7dd6-4926-8cd0-26b891ec1595",
      "Page": 1
    },
    {
      "BlockType": "WORD",
      "Confidence": 99.98355865478516,
      "Text": "268.9",
      "TextType": "PRINTED",
      "Geometry": {
        "BoundingBox": {
          "Width": 0.039643142372369766,
          "Height": 0.030387137085199356,
          "Left": 0.502214252948761,
          "Top": 0.563023567199707
        },
        "Polygon": [
          {
            "X": 0.502214252948761,
            "Y": 0.563023567199707
          },
          {
            "X": 0.541660726070404,
            "Y": 0.5630636215209961
          },
          {
            "X": 0.5418573617935181,
            "Y": 0.5934106707572937
          },
          {
            "X": 0.5024027228355408,
            "Y": 0.5933753252029419
          }
        ]
      },
      "Id": "bd13a3c6-afe2-4b6a-b2a8-2942d409fc89",
      "Page": 1
    },
    {
      "BlockType": "WORD",
      "Confidence": 99.98579406738281,
      "Text": "1821.6",
      "TextType": "PRINTED",
      "Geometry": {
        "BoundingBox": {
          "Width": 0.04700516164302826,
          "Height": 0.030334224924445152,
          "Left": 0.6050014495849609,
          "Top": 0.5629534721374512
        },
        "Polygon": [
          {
            "X": 0.6050014495849609,
            "Y": 0.5629534721374512
          },
          {
            "X": 0.6517876386642456,
            "Y": 0.5630010366439819
          },
          {
            "X": 0.6520066261291504,
            "Y": 0.5932877063751221
          },
          {
            "X": 0.6052108407020569,
            "Y": 0.5932457447052002
          }
        ]
      },
      "Id": "0b9c89a3-94d2-46f2-a90d-3b912bc3e710",
      "Page": 1
    },
    {
      "BlockType": "WORD",
      "Confidence": 99.77992248535156,
      "Text": "16.1",
      "TextType": "PRINTED",
      "Geometry": {
        "BoundingBox": {
          "Width": 0.02783239632844925,
          "Height": 0.030115358531475067,
          "Left": 0.6972177624702454,
          "Top": 0.5628893971443176
        },
        "Polygon": [
          {
            "X": 0.6972177624702454,
            "Y": 0.5628893971443176
          },
          {
            "X": 0.7248176336288452,
            "Y": 0.5629174709320068
          },
          {
            "X": 0.7250502109527588,
            "Y": 0.5930047631263733
          },
          {
            "X": 0.6974446773529053,
            "Y": 0.5929799675941467
          }
        ]
      },
      "Id": "25d2d00f-45c5-4b7d-8212-0787e3b6ef37",
      "Page": 1
    },
    {
      "BlockType": "WORD",
      "Confidence": 99.97996520996094,
      "Text": "64.6",
      "TextType": "PRINTED",
      "Geometry": {
        "BoundingBox": {
          "Width": 0.030847925692796707,
          "Height": 0.030692750588059425,
          "Left": 0.7767174243927002,
          "Top": 0.5626060962677002
        },
        "Polygon": [
          {
            "X": 0.7767174243927002,
            "Y": 0.5626060962677002
          },
          {
            "X": 0.8073111176490784,
            "Y": 0.5626372694969177
          },
          {
            "X": 0.8075653314590454,
            "Y": 0.5932988524436951
          },
          {
            "X": 0.7769652605056763,
            "Y": 0.5932713747024536
          }
        ]
      },
      "Id": "651e3f4e-a9e5-420d-b15e-540e460476f8",
      "Page": 1
    },
    {
      "BlockType": "TABLE",
      "Confidence": 99.755859375,
      "Geometry": {
        "BoundingBox": {
          "Width": 0.6840779781341553,
          "Height": 0.2757633328437805,
          "Left": 0.15703317523002625,
          "Top": 0.3589405417442322
        },
        "Polygon": [
          {
            "X": 0.15703317523002625,
            "Y": 0.3589405417442322
          },
          {
            "X": 0.8387728929519653,
            "Y": 0.3601781129837036
          },
          {
            "X": 0.8411111235618591,
            "Y": 0.6347038745880127
          },
          {
            "X": 0.1580963432788849,
            "Y": 0.6342019438743591
          }
        ]
      },
      "Id": "7241ecbf-db97-4bac-93ab-18029462121b",
      "Relationships": [
        {
          "Type": "CHILD",
          "Ids": [
            "eb5567ca-1a48-48c1-8b58-6848d1c516c2",
            "2de9b1f3-9baa-4757-bea5-70532b5f399a",
            "d1c3cf9b-289d-4bd1-9fb1-7e4800a5b0e8",
            "cfbe19f8-8f89-4026-b9f8-d841d458ee95",
            "c84855c5-30aa-45d1-9756-2831ce9f5ab9",
            "d3d7b953-9d9a-46b1-84b8-947a12da07ba",
            "dd6431ec-4c0c-4bd1-8fef-6ca3b6a4985c",
            "2b6e2621-f535-49b2-8d65-30a948b01740",
            "9242203c-cf31-461b-a71c-863bc2cf522d",
            "32887243-cced-4379-b94e-877d1d5d3bf1",
            "74a0b299-60e1-4e1a-8341-8822e782b383",
            "93f9ba5c-c50f-40b2-a8b0-9fa558be25f7",
            "4df0c425-4ae4-4635-87ee-1e257203b63c",
            "311434aa-4634-4e80-9240-2f1dbf70cff8",
            "1885f2b5-7f75-4dbc-b904-34a1a602cae3",
            "c6007d97-7760-407d-bf9f-543289a8fa33",
            "f396a7cb-8a26-4ada-a2ed-478aad941e0c",
            "e3a19dfd-fd60-4c48-b988-6def815dfc9e",
            "7015e15e-5ec0-4d41-b010-44184fb2423e",
            "1c8e4e3c-bbcf-4ea2-865b-71717b3ec2e9",
            "c9ecf027-c34d-4586-bf21-aef43a6f5836",
            "d2e65ef8-f10d-4043-8249-232835fc10fe",
            "e38ea20e-6f14-48d4-b2e0-3e1440f8a2d8",
            "573a2aa8-4f91-4b5b-b658-bddf0db8195d",
            "d0459421-42eb-46f4-8477-881bf3d35047",
            "0ff3ae2c-0412-45ba-bc95-03040ef517c0",
            "3cfe788e-e2a6-4441-b2c3-46d8e7709002",
            "ed56bbd5-76ba-4cd2-992c-ef0462ce1501"
          ]
        },
        {
          "Type": "MERGED_CELL",
          "Ids": [
            "1ca0fd59-8cfa-49d6-bd1f-38f9be3d2584"
          ]
        }
      ],
      "EntityTypes": [
        "STRUCTURED_TABLE"
      ],
      "Page": 1
    },
    {
      "BlockType": "CELL",
      "Confidence": 43.359375,
      "RowIndex": 1,
      "ColumnIndex": 1,
      "RowSpan": 1,
      "ColumnSpan": 1,
      "Geometry": {
        "BoundingBox": {
          "Width": 0.14856025576591492,
          "Height": 0.010875738225877285,
          "Left": 0.15703317523002625,
          "Top": 0.3589405417442322
        },
        "Polygon": [
          {
            "X": 0.15703317523002625,
            "Y": 0.3589405417442322
          },
          {
            "X": 0.3055416941642761,
            "Y": 0.35921013355255127
          },
          {
            "X": 0.30559343099594116,
            "Y": 0.36981627345085144
          },
          {
            "X": 0.15707416832447052,
            "Y": 0.3695528507232666
          }
        ]
      },
      "Id": "eb5567ca-1a48-48c1-8b58-6848d1c516c2",
      "Page": 1
    },
    {
      "BlockType": "CELL",
      "Confidence": 66.69921875,
      "RowIndex": 1,
      "ColumnIndex": 2,
      "RowSpan": 1,
      "ColumnSpan": 1,
      "Geometry": {
        "BoundingBox": {
          "Width": 0.06199604645371437,
          "Height": 0.010800747200846672,
          "Left": 0.3055413067340851,
          "Top": 0.35912540555000305
        },
        "Polygon": [
          {
            "X": 0.3055413067340851,
            "Y": 0.35912540555000305
          },
          {
            "X": 0.36748069524765015,
            "Y": 0.3592378497123718
          },
          {
            "X": 0.36753734946250916,
            "Y": 0.3699261546134949
          },
          {
            "X": 0.30559343099594116,
            "Y": 0.36981627345085144
          }
        ]
      },
      "Id": "2de9b1f3-9baa-4757-bea5-70532b5f399a",
      "EntityTypes": [
        "COLUMN_HEADER"
      ],
      "Page": 1
    },
    {
      "BlockType": "CELL",
      "Confidence": 43.5791015625,
      "RowIndex": 1,
      "ColumnIndex": 3,
      "RowSpan": 1,
      "ColumnSpan": 1,
      "Geometry": {
        "BoundingBox": {
          "Width": 0.09920866787433624,
          "Height": 0.01077944040298462,
          "Left": 0.36748114228248596,
          "Top": 0.35932257771492004
        },
        "Polygon": [
          {
            "X": 0.36748114228248596,
            "Y": 0.35932257771492004
          },
          {
            "X": 0.46662646532058716,
            "Y": 0.35950255393981934
          },
          {
            "X": 0.4666898250579834,
            "Y": 0.37010201811790466
          },
          {
            "X": 0.36753734946250916,
            "Y": 0.3699261546134949
          }
        ]
      },
      "Id": "d1c3cf9b-289d-4bd1-9fb1-7e4800a5b0e8",
      "Page": 1
    },
    {
      "BlockType": "CELL",
      "Confidence": 43.4326171875,
      "RowIndex": 1,
      "ColumnIndex": 4,
      "RowSpan": 1,
      "ColumnSpan": 1,
      "Geometry": {
        "BoundingBox": {
          "Width": 0.11014221608638763,
          "Height": 0.010794702917337418,
          "Left": 0.46662646532058716,
          "Top": 0.35950255393981934
        },
        "Polygon": [
          {
            "X": 0.46662646532058716,
            "Y": 0.35950255393981934
          },
          {
            "X": 0.5766974091529846,
            "Y": 0.35970234870910645
          },
          {
            "X": 0.576768696308136,
            "Y": 0.37029725313186646
          },
          {
            "X": 0.4666898250579834,
            "Y": 0.37010201811790466
          }
        ]
      },
      "Id": "cfbe19f8-8f89-4026-b9f8-d841d458ee95",
      "Page": 1
    },
    {
      "BlockType": "CELL",
      "Confidence": 43.212890625,
      "RowIndex": 1,
      "ColumnIndex": 5,
      "RowSpan": 1,
      "ColumnSpan": 1,
      "Geometry": {
        "BoundingBox": {
          "Width": 0.09906086325645447,
          "Height": 0.010770464316010475,
          "Left": 0.5766974091529846,
          "Top": 0.35970234870910645
        },
        "Polygon": [
          {
            "X": 0.5766974091529846,
            "Y": 0.35970234870910645
          },
          {
            "X": 0.6756798624992371,
            "Y": 0.35988202691078186
          },
          {
            "X": 0.6757582426071167,
            "Y": 0.37047281861305237
          },
          {
            "X": 0.576768696308136,
            "Y": 0.37029725313186646
          }
        ]
      },
      "Id": "c84855c5-30aa-45d1-9756-2831ce9f5ab9",
      "Page": 1
    },
    {
      "BlockType": "CELL",
      "Confidence": 41.162109375,
      "RowIndex": 1,
      "ColumnIndex": 6,
      "RowSpan": 1,
      "ColumnSpan": 1,
      "Geometry": {
        "BoundingBox": {
          "Width": 0.07230786979198456,
          "Height": 0.010718891397118568,
          "Left": 0.6756798624992371,
          "Top": 0.35988202691078186
        },
        "Polygon": [
          {
            "X": 0.6756798624992371,
            "Y": 0.35988202691078186
          },
          {
            "X": 0.7479041218757629,
            "Y": 0.3600131571292877
          },
          {
            "X": 0.7479877471923828,
            "Y": 0.37060093879699707
          },
          {
            "X": 0.6757582426071167,
            "Y": 0.37047281861305237
          }
        ]
      },
      "Id": "d3d7b953-9d9a-46b1-84b8-947a12da07ba",
      "Page": 1
    },
    {
      "BlockType": "CELL",
      "Confidence": 43.2373046875,
      "RowIndex": 1,
      "ColumnIndex": 7,
      "RowSpan": 1,
      "ColumnSpan": 1,
      "Geometry": {
        "BoundingBox": {
          "Width": 0.09095893800258636,
          "Height": 0.010748962871730328,
          "Left": 0.7479041218757629,
          "Top": 0.3600131571292877
        },
        "Polygon": [
          {
            "X": 0.7479041218757629,
            "Y": 0.3600131571292877
          },
          {
            "X": 0.8387728929519653,
            "Y": 0.3601781129837036
          },
          {
            "X": 0.8388630747795105,
            "Y": 0.3707621097564697
          },
          {
            "X": 0.7479877471923828,
            "Y": 0.37060093879699707
          }
        ]
      },
      "Id": "dd6431ec-4c0c-4bd1-8fef-6ca3b6a4985c",
      "Page": 1
    },
    {
      "BlockType": "CELL",
      "Confidence": 84.1796875,
      "RowIndex": 2,
      "ColumnIndex": 1,
      "RowSpan": 1,
      "ColumnSpan": 1,
      "Geometry": {
        "BoundingBox": {
          "Width": 0.14897720515727997,
          "Height": 0.09417261928319931,
          "Left": 0.15707416832447052,
          "Top": 0.3695528507232666
        },
        "Polygon": [
          {
            "X": 0.15707416832447052,
            "Y": 0.3695528507232666
          },
          {
            "X": 0.30559343099594116,
            "Y": 0.36981627345085144
          },
          {
            "X": 0.3060513734817505,
            "Y": 0.4637254774570465
          },
          {
            "X": 0.15743708610534668,
            "Y": 0.4635167121887207
          }
        ]
      },
      "Id": "2b6e2621-f535-49b2-8d65-30a948b01740",
      "Relationships": [
        {
          "Type": "CHILD",
          "Ids": [
            "e404edcc-74b8-41ef-aed9-0c2d47cf1161"
          ]
        }
      ],
      "EntityTypes": [
        "COLUMN_HEADER"
      ],
      "Page": 1
    },
    {
      "BlockType": "CELL",
      "Confidence": 66.69921875,
      "RowIndex": 2,
      "ColumnIndex": 2,
      "RowSpan": 1,
      "ColumnSpan": 1,
      "Geometry": {
        "BoundingBox": {
          "Width": 0.062441449612379074,
          "Height": 0.09399627894163132,
          "Left": 0.30559343099594116,
          "Top": 0.36981627345085144
        },
        "Polygon": [
          {
            "X": 0.30559343099594116,
            "Y": 0.36981627345085144
          },
          {
            "X": 0.36753734946250916,
            "Y": 0.3699261546134949
          },
          {
            "X": 0.36803486943244934,
            "Y": 0.46381255984306335
          },
          {
            "X": 0.3060513734817505,
            "Y": 0.4637254774570465
          }
        ]
      },
      "Id": "9242203c-cf31-461b-a71c-863bc2cf522d",
      "Relationships": [
        {
          "Type": "CHILD",
          "Ids": [
            "de787db5-4cf2-4351-93f9-f0a5c4167499",
            "d304aa57-80e5-4cbe-a905-b4ba98970d8c"
          ]
        }
      ],
      "EntityTypes": [
        "COLUMN_HEADER"
      ],
      "Page": 1
    },
    {
      "BlockType": "CELL",
      "Confidence": 84.619140625,
      "RowIndex": 2,
      "ColumnIndex": 3,
      "RowSpan": 1,
      "ColumnSpan": 1,
      "Geometry": {
        "BoundingBox": {
          "Width": 0.09971335530281067,
          "Height": 0.09402579069137573,
          "Left": 0.36753734946250916,
          "Top": 0.3699261546134949
        },
        "Polygon": [
          {
            "X": 0.36753734946250916,
            "Y": 0.3699261546134949
          },
          {
            "X": 0.4666898250579834,
            "Y": 0.37010201811790466
          },
          {
            "X": 0.4672507047653198,
            "Y": 0.4639519453048706
          },
          {
            "X": 0.36803486943244934,
            "Y": 0.46381255984306335
          }
        ]
      },
      "Id": "32887243-cced-4379-b94e-877d1d5d3bf1",
      "Relationships": [
        {
          "Type": "CHILD",
          "Ids": [
            "ec20b700-ba96-4cde-9bec-fb6601a22f38",
            "c4f3f70c-93ea-48fa-a182-3da01a6142db",
            "c45282e8-e08f-4aff-9758-b9cc3a74081b"
          ]
        }
      ],
      "EntityTypes": [
        "COLUMN_HEADER"
      ],
      "Page": 1
    },
    {
      "BlockType": "CELL",
      "Confidence": 84.375,
      "RowIndex": 2,
      "ColumnIndex": 4,
      "RowSpan": 1,
      "ColumnSpan": 1,
      "Geometry": {
        "BoundingBox": {
          "Width": 0.110710009932518,
          "Height": 0.09400467574596405,
          "Left": 0.4666898250579834,
          "Top": 0.37010201811790466
        },
        "Polygon": [
          {
            "X": 0.4666898250579834,
            "Y": 0.37010201811790466
          },
          {
            "X": 0.576768696308136,
            "Y": 0.37029725313186646
          },
          {
            "X": 0.5773998498916626,
            "Y": 0.4641066789627075
          },
          {
            "X": 0.4672507047653198,
            "Y": 0.4639519453048706
          }
        ]
      },
      "Id": "74a0b299-60e1-4e1a-8341-8822e782b383",
      "Relationships": [
        {
          "Type": "CHILD",
          "Ids": [
            "2cec0b1c-e888-4e76-a065-6eb587d41e7b",
            "93feddac-ce78-45aa-9457-85c9f29cc90f"
          ]
        }
      ],
      "EntityTypes": [
        "COLUMN_HEADER"
      ],
      "Page": 1
    },
    {
      "BlockType": "CELL",
      "Confidence": 83.935546875,
      "RowIndex": 2,
      "ColumnIndex": 5,
      "RowSpan": 1,
      "ColumnSpan": 1,
      "Geometry": {
        "BoundingBox": {
          "Width": 0.09968385845422745,
          "Height": 0.09394858777523041,
          "Left": 0.576768696308136,
          "Top": 0.37029725313186646
        },
        "Polygon": [
          {
            "X": 0.576768696308136,
            "Y": 0.37029725313186646
          },
          {
            "X": 0.6757582426071167,
            "Y": 0.37047281861305237
          },
          {
            "X": 0.6764525175094604,
            "Y": 0.46424582600593567
          },
          {
            "X": 0.5773998498916626,
            "Y": 0.4641066789627075
          }
        ]
      },
      "Id": "93f9ba5c-c50f-40b2-a8b0-9fa558be25f7",
      "Relationships": [
        {
          "Type": "CHILD",
          "Ids": [
            "eb5b7570-acdc-4bdc-8a23-f7e794b5708f",
            "d5ba1f9a-2735-4acc-a8ee-89cb4601ed24"
          ]
        }
      ],
      "EntityTypes": [
        "COLUMN_HEADER"
      ],
      "Page": 1
    },
    {
      "BlockType": "CELL",
      "Confidence": 79.931640625,
      "RowIndex": 2,
      "ColumnIndex": 6,
      "RowSpan": 1,
      "ColumnSpan": 1,
      "Geometry": {
        "BoundingBox": {
          "Width": 0.07296976447105408,
          "Height": 0.09387455135583878,
          "Left": 0.6757582426071167,
          "Top": 0.37047281861305237
        },
        "Polygon": [
          {
            "X": 0.6757582426071167,
            "Y": 0.37047281861305237
          },
          {
            "X": 0.7479877471923828,
            "Y": 0.37060093879699707
          },
          {
            "X": 0.7487280368804932,
            "Y": 0.46434736251831055
          },
          {
            "X": 0.6764525175094604,
            "Y": 0.46424582600593567
          }
        ]
      },
      "Id": "4df0c425-4ae4-4635-87ee-1e257203b63c",
      "Relationships": [
        {
          "Type": "CHILD",
          "Ids": [
            "a95325db-1741-417b-ab29-6020fcf9926a",
            "20947b6f-1cba-4bd6-bc6a-111dda03258d"
          ]
        }
      ],
      "EntityTypes": [
        "COLUMN_HEADER"
      ],
      "Page": 1
    },
    {
      "BlockType": "CELL",
      "Confidence": 83.984375,
      "RowIndex": 2,
      "ColumnIndex": 7,
      "RowSpan": 1,
      "ColumnSpan": 1,
      "Geometry": {
        "BoundingBox": {
          "Width": 0.09167351573705673,
          "Height": 0.09387418627738953,
          "Left": 0.7479877471923828,
          "Top": 0.37060093879699707
        },
        "Polygon": [
          {
            "X": 0.7479877471923828,
            "Y": 0.37060093879699707
          },
          {
            "X": 0.8388630747795105,
            "Y": 0.3707621097564697
          },
          {
            "X": 0.8396612405776978,
            "Y": 0.4644751250743866
          },
          {
            "X": 0.7487280368804932,
            "Y": 0.46434736251831055
          }
        ]
      },
      "Id": "311434aa-4634-4e80-9240-2f1dbf70cff8",
      "Relationships": [
        {
          "Type": "CHILD",
          "Ids": [
            "72147056-1e93-4413-b617-16c7744f91c0",
            "77571d67-6b13-4181-bfd8-28ee3f0604be"
          ]
        }
      ],
      "EntityTypes": [
        "COLUMN_HEADER"
      ],
      "Page": 1
    },
    {
      "BlockType": "CELL",
      "Confidence": 85.25390625,
      "RowIndex": 3,
      "ColumnIndex": 1,
      "RowSpan": 1,
      "ColumnSpan": 1,
      "Geometry": {
        "BoundingBox": {
          "Width": 0.14893344044685364,
          "Height": 0.06565973907709122,
          "Left": 0.15743708610534668,
          "Top": 0.4635167121887207
        },
        "Polygon": [
          {
            "X": 0.15743708610534668,
            "Y": 0.4635167121887207
          },
          {
            "X": 0.3060513734817505,
            "Y": 0.4637254774570465
          },
          {
            "X": 0.3063705265522003,
            "Y": 0.5291764736175537
          },
          {
            "X": 0.15769003331661224,
            "Y": 0.5290058255195618
          }
        ]
      },
      "Id": "1885f2b5-7f75-4dbc-b904-34a1a602cae3",
      "Relationships": [
        {
          "Type": "CHILD",
          "Ids": [
            "02ca11e4-20d9-49fe-a6ef-55f4478b3756"
          ]
        }
      ],
      "Page": 1
    },
    {
      "BlockType": "CELL",
      "Confidence": 69.677734375,
      "RowIndex": 3,
      "ColumnIndex": 2,
      "RowSpan": 1,
      "ColumnSpan": 1,
      "Geometry": {
        "BoundingBox": {
          "Width": 0.06233027204871178,
          "Height": 0.06552213430404663,
          "Left": 0.3060513734817505,
          "Top": 0.4637254774570465
        },
        "Polygon": [
          {
            "X": 0.3060513734817505,
            "Y": 0.4637254774570465
          },
          {
            "X": 0.36803486943244934,
            "Y": 0.46381255984306335
          },
          {
            "X": 0.36838164925575256,
            "Y": 0.5292476415634155
          },
          {
            "X": 0.3063705265522003,
            "Y": 0.5291764736175537
          }
        ]
      },
      "Id": "c6007d97-7760-407d-bf9f-543289a8fa33",
      "Relationships": [
        {
          "Type": "CHILD",
          "Ids": [
            "23351b36-21b1-429e-97da-e831aeeef7db"
          ]
        }
      ],
      "Page": 1
    },
    {
      "BlockType": "CELL",
      "Confidence": 85.693359375,
      "RowIndex": 3,
      "ColumnIndex": 3,
      "RowSpan": 1,
      "ColumnSpan": 1,
      "Geometry": {
        "BoundingBox": {
          "Width": 0.09960673004388809,
          "Height": 0.06554898619651794,
          "Left": 0.36803486943244934,
          "Top": 0.46381255984306335
        },
        "Polygon": [
          {
            "X": 0.36803486943244934,
            "Y": 0.46381255984306335
          },
          {
            "X": 0.4672507047653198,
            "Y": 0.4639519453048706
          },
          {
            "X": 0.46764159202575684,
            "Y": 0.5293615460395813
          },
          {
            "X": 0.36838164925575256,
            "Y": 0.5292476415634155
          }
        ]
      },
      "Id": "f396a7cb-8a26-4ada-a2ed-478aad941e0c",
      "Relationships": [
        {
          "Type": "CHILD",
          "Ids": [
            "32ac4b56-d5cc-4d70-9c83-4566f9d6b23a"
          ]
        }
      ],
      "Page": 1
    },
    {
      "BlockType": "CELL",
      "Confidence": 85.44921875,
      "RowIndex": 3,
      "ColumnIndex": 4,
      "RowSpan": 1,
      "ColumnSpan": 1,
      "Geometry": {
        "BoundingBox": {
          "Width": 0.11058901250362396,
          "Height": 0.06553608924150467,
          "Left": 0.4672507047653198,
          "Top": 0.4639519453048706
        },
        "Polygon": [
          {
            "X": 0.4672507047653198,
            "Y": 0.4639519453048706
          },
          {
            "X": 0.5773998498916626,
            "Y": 0.4641066789627075
          },
          {
            "X": 0.577839732170105,
            "Y": 0.5294880270957947
          },
          {
            "X": 0.46764159202575684,
            "Y": 0.5293615460395813
          }
        ]
      },
      "Id": "e3a19dfd-fd60-4c48-b988-6def815dfc9e",
      "Relationships": [
        {
          "Type": "CHILD",
          "Ids": [
            "53f1d640-9678-4b7f-bcad-7497edf3da77"
          ]
        }
      ],
      "Page": 1
    },
    {
      "BlockType": "CELL",
      "Confidence": 85.009765625,
      "RowIndex": 3,
      "ColumnIndex": 5,
      "RowSpan": 1,
      "ColumnSpan": 1,
      "Geometry": {
        "BoundingBox": {
          "Width": 0.09953659772872925,
          "Height": 0.0654950886964798,
          "Left": 0.5773998498916626,
          "Top": 0.4641066789627075
        },
        "Polygon": [
          {
            "X": 0.5773998498916626,
            "Y": 0.4641066789627075
          },
          {
            "X": 0.6764525175094604,
            "Y": 0.46424582600593567
          },
          {
            "X": 0.6769364476203918,
            "Y": 0.5296017527580261
          },
          {
            "X": 0.577839732170105,
            "Y": 0.5294880270957947
          }
        ]
      },
      "Id": "7015e15e-5ec0-4d41-b010-44184fb2423e",
      "Relationships": [
        {
          "Type": "CHILD",
          "Ids": [
            "5f94a621-6e4a-4022-bd2e-a3159e11623f"
          ]
        }
      ],
      "Page": 1
    },
    {
      "BlockType": "CELL",
      "Confidence": 80.95703125,
      "RowIndex": 3,
      "ColumnIndex": 6,
      "RowSpan": 1,
      "ColumnSpan": 1,
      "Geometry": {
        "BoundingBox": {
          "Width": 0.0727914497256279,
          "Height": 0.06543893367052078,
          "Left": 0.6764525175094604,
          "Top": 0.46424582600593567
        },
        "Polygon": [
          {
            "X": 0.6764525175094604,
            "Y": 0.46424582600593567
          },
          {
            "X": 0.7487280368804932,
            "Y": 0.46434736251831055
          },
          {
            "X": 0.749243974685669,
            "Y": 0.5296847820281982
          },
          {
            "X": 0.6769364476203918,
            "Y": 0.5296017527580261
          }
        ]
      },
      "Id": "1c8e4e3c-bbcf-4ea2-865b-71717b3ec2e9",
      "Relationships": [
        {
          "Type": "CHILD",
          "Ids": [
            "7f6092a7-cf8b-47bc-ada1-a4bea8e01894"
          ]
        }
      ],
      "Page": 1
    },
    {
      "BlockType": "CELL",
      "Confidence": 85.05859375,
      "RowIndex": 3,
      "ColumnIndex": 7,
      "RowSpan": 1,
      "ColumnSpan": 1,
      "Geometry": {
        "BoundingBox": {
          "Width": 0.0914895087480545,
          "Height": 0.06544181704521179,
          "Left": 0.7487280368804932,
          "Top": 0.46434736251831055
        },
        "Polygon": [
          {
            "X": 0.7487280368804932,
            "Y": 0.46434736251831055
          },
          {
            "X": 0.8396612405776978,
            "Y": 0.4644751250743866
          },
          {
            "X": 0.8402175307273865,
            "Y": 0.5297892093658447
          },
          {
            "X": 0.749243974685669,
            "Y": 0.5296847820281982
          }
        ]
      },
      "Id": "c9ecf027-c34d-4586-bf21-aef43a6f5836",
      "Relationships": [
        {
          "Type": "CHILD",
          "Ids": [
            "471c3863-33db-41d1-ad41-bde4fd59e22b"
          ]
        }
      ],
      "Page": 1
    },
    {
      "BlockType": "CELL",
      "Confidence": 92.67578125,
      "RowIndex": 4,
      "ColumnIndex": 1,
      "RowSpan": 1,
      "ColumnSpan": 1,
      "Geometry": {
        "BoundingBox": {
          "Width": 0.1491931825876236,
          "Height": 0.10530547797679901,
          "Left": 0.15769003331661224,
          "Top": 0.5290058255195618
        },
        "Polygon": [
          {
            "X": 0.15769003331661224,
            "Y": 0.5290058255195618
          },
          {
            "X": 0.3063705265522003,
            "Y": 0.5291764736175537
          },
          {
            "X": 0.30688321590423584,
            "Y": 0.6343112587928772
          },
          {
            "X": 0.1580963432788849,
            "Y": 0.6342019438743591
          }
        ]
      },
      "Id": "d2e65ef8-f10d-4043-8249-232835fc10fe",
      "Relationships": [
        {
          "Type": "CHILD",
          "Ids": [
            "8cf6f515-4537-4368-a59a-f4d80af53bba"
          ]
        }
      ],
      "Page": 1
    },
    {
      "BlockType": "CELL",
      "Confidence": 75.732421875,
      "RowIndex": 4,
      "ColumnIndex": 2,
      "RowSpan": 1,
      "ColumnSpan": 1,
      "Geometry": {
        "BoundingBox": {
          "Width": 0.06256811320781708,
          "Height": 0.10518043488264084,
          "Left": 0.3063705265522003,
          "Top": 0.5291764736175537
        },
        "Polygon": [
          {
            "X": 0.3063705265522003,
            "Y": 0.5291764736175537
          },
          {
            "X": 0.36838164925575256,
            "Y": 0.5292476415634155
          },
          {
            "X": 0.3689386546611786,
            "Y": 0.6343568563461304
          },
          {
            "X": 0.30688321590423584,
            "Y": 0.6343112587928772
          }
        ]
      },
      "Id": "e38ea20e-6f14-48d4-b2e0-3e1440f8a2d8",
      "Relationships": [
        {
          "Type": "CHILD",
          "Ids": [
            "308cbc03-328c-4aa6-81fb-118177456b74"
          ]
        }
      ],
      "Page": 1
    },
    {
      "BlockType": "CELL",
      "Confidence": 93.115234375,
      "RowIndex": 4,
      "ColumnIndex": 3,
      "RowSpan": 1,
      "ColumnSpan": 1,
      "Geometry": {
        "BoundingBox": {
          "Width": 0.09988788515329361,
          "Height": 0.10518225282430649,
          "Left": 0.36838164925575256,
          "Top": 0.5292476415634155
        },
        "Polygon": [
          {
            "X": 0.36838164925575256,
            "Y": 0.5292476415634155
          },
          {
            "X": 0.46764159202575684,
            "Y": 0.5293615460395813
          },
          {
            "X": 0.4682695269584656,
            "Y": 0.6344298720359802
          },
          {
            "X": 0.3689386546611786,
            "Y": 0.6343568563461304
          }
        ]
      },
      "Id": "573a2aa8-4f91-4b5b-b658-bddf0db8195d",
      "Relationships": [
        {
          "Type": "CHILD",
          "Ids": [
            "03a3f609-7dd6-4926-8cd0-26b891ec1595"
          ]
        }
      ],
      "Page": 1
    },
    {
      "BlockType": "CELL",
      "Confidence": 92.87109375,
      "RowIndex": 4,
      "ColumnIndex": 4,
      "RowSpan": 1,
      "ColumnSpan": 1,
      "Geometry": {
        "BoundingBox": {
          "Width": 0.11090468615293503,
          "Height": 0.10514936596155167,
          "Left": 0.46764159202575684,
          "Top": 0.5293615460395813
        },
        "Polygon": [
          {
            "X": 0.46764159202575684,
            "Y": 0.5293615460395813
          },
          {
            "X": 0.577839732170105,
            "Y": 0.5294880270957947
          },
          {
            "X": 0.5785462856292725,
            "Y": 0.6345109343528748
          },
          {
            "X": 0.4682695269584656,
            "Y": 0.6344298720359802
          }
        ]
      },
      "Id": "d0459421-42eb-46f4-8477-881bf3d35047",
      "Relationships": [
        {
          "Type": "CHILD",
          "Ids": [
            "bd13a3c6-afe2-4b6a-b2a8-2942d409fc89"
          ]
        }
      ],
      "Page": 1
    },
    {
      "BlockType": "CELL",
      "Confidence": 92.3828125,
      "RowIndex": 4,
      "ColumnIndex": 5,
      "RowSpan": 1,
      "ColumnSpan": 1,
      "Geometry": {
        "BoundingBox": {
          "Width": 0.09987397491931915,
          "Height": 0.1050957590341568,
          "Left": 0.577839732170105,
          "Top": 0.5294880270957947
        },
        "Polygon": [
          {
            "X": 0.577839732170105,
            "Y": 0.5294880270957947
          },
          {
            "X": 0.6769364476203918,
            "Y": 0.5296017527580261
          },
          {
            "X": 0.6777136921882629,
            "Y": 0.6345837712287903
          },
          {
            "X": 0.5785462856292725,
            "Y": 0.6345109343528748
          }
        ]
      },
      "Id": "0ff3ae2c-0412-45ba-bc95-03040ef517c0",
      "Relationships": [
        {
          "Type": "CHILD",
          "Ids": [
            "0b9c89a3-94d2-46f2-a90d-3b912bc3e710"
          ]
        }
      ],
      "Page": 1
    },
    {
      "BlockType": "CELL",
      "Confidence": 87.98828125,
      "RowIndex": 4,
      "ColumnIndex": 6,
      "RowSpan": 1,
      "ColumnSpan": 1,
      "Geometry": {
        "BoundingBox": {
          "Width": 0.07313636690378189,
          "Height": 0.1050351932644844,
          "Left": 0.6769364476203918,
          "Top": 0.5296017527580261
        },
        "Polygon": [
          {
            "X": 0.6769364476203918,
            "Y": 0.5296017527580261
          },
          {
            "X": 0.749243974685669,
            "Y": 0.5296847820281982
          },
          {
            "X": 0.7500727772712708,
            "Y": 0.6346369385719299
          },
          {
            "X": 0.6777136921882629,
            "Y": 0.6345837712287903
          }
        ]
      },
      "Id": "3cfe788e-e2a6-4441-b2c3-46d8e7709002",
      "Relationships": [
        {
          "Type": "CHILD",
          "Ids": [
            "25d2d00f-45c5-4b7d-8212-0787e3b6ef37"
          ]
        }
      ],
      "Page": 1
    },
    {
      "BlockType": "CELL",
      "Confidence": 92.431640625,
      "RowIndex": 4,
      "ColumnIndex": 7,
      "RowSpan": 1,
      "ColumnSpan": 1,
      "Geometry": {
        "BoundingBox": {
          "Width": 0.09186714142560959,
          "Height": 0.10501910001039505,
          "Left": 0.749243974685669,
          "Top": 0.5296847820281982
        },
        "Polygon": [
          {
            "X": 0.749243974685669,
            "Y": 0.5296847820281982
          },
          {
            "X": 0.8402175307273865,
            "Y": 0.5297892093658447
          },
          {
            "X": 0.8411111235618591,
            "Y": 0.6347038745880127
          },
          {
            "X": 0.7500727772712708,
            "Y": 0.6346369385719299
          }
        ]
      },
      "Id": "ed56bbd5-76ba-4cd2-992c-ef0462ce1501",
      "Relationships": [
        {
          "Type": "CHILD",
          "Ids": [
            "651e3f4e-a9e5-420d-b15e-540e460476f8"
          ]
        }
      ],
      "Page": 1
    },
    {
      "BlockType": "MERGED_CELL",
      "Confidence": 66.69921875,
      "RowIndex": 1,
      "ColumnIndex": 2,
      "RowSpan": 2,
      "ColumnSpan": 1,
      "Geometry": {
        "BoundingBox": {
          "Width": 0.06249316781759262,
          "Height": 0.10460243374109268,
          "Left": 0.3055416941642761,
          "Top": 0.35921013355255127
        },
        "Polygon": [
          {
            "X": 0.3055416941642761,
            "Y": 0.35921013355255127
          },
          {
            "X": 0.36748114228248596,
            "Y": 0.35932257771492004
          },
          {
            "X": 0.36803486943244934,
            "Y": 0.46381255984306335
          },
          {
            "X": 0.3060513734817505,
            "Y": 0.4637254774570465
          }
        ]
      },
      "Id": "1ca0fd59-8cfa-49d6-bd1f-38f9be3d2584",
      "Relationships": [
        {
          "Type": "CHILD",
          "Ids": [
            "2de9b1f3-9baa-4757-bea5-70532b5f399a",
            "9242203c-cf31-461b-a71c-863bc2cf522d"
          ]
        }
      ],
      "EntityTypes": [
        "COLUMN_HEADER"
      ],
      "Page": 1
    }
  ],
  "AnalyzeDocumentModelVersion": "1.0"
}