{
  "DocumentMetadata": {
    "Pages": 1
  },
  "JobStatus": "SUCCEEDED",
  "Blocks": [
    {
      "BlockType": "PAGE",
      "Geometry": {
        "BoundingBox": {
          "Width": 1,
          "Height": 1,
          "Left": 0,
          "Top": 0
        },
        "Polygon": [
          {
            "X": 0,
            "Y": 0.000002657995310073602
          },
          {
            "X": 1,
            "Y": 0
          },
          {
            "X": 1,
            "Y": 1
          },
          {
            "X": 0.000002888367362174904,
            "Y": 1
          }
        ]
      },
      "Id": "3571512f-6f0f-4555-8026-3cc6808ec773",
      "Relationships": [
        {
          "Type": "CHILD",
          "Ids": [
            "ef03eb11-08fb-44b0-907b-597241acb13e",
            "04f0d71b-5b1f-485c-8781-13b35f2ff301",
            "7f9a3b20-d9ae-466d-b6db-fe9cf6ee1a46",
            "f2e1697e-8e09-4c03-bbc1-a45e8c9454f4",
            "390995f7-3dd5-4d9f-8f42-8faf5fa02909",
            "719013bf-6ec3-404a-a65a-4de8584a0617",
            "25fa8bbe-44e6-4fb0-9756-644fa6a6c9eb",
            "b33769af-1c01-431c-baaf-2c11192cefa3",
            "178999c6-3e21-415f-933f-8f6509d49e7b",
            "0d3dd2e1-d596-4c98-951c-0869891f3477",
            "355e4fe1-ac94-4a3a-bf0a-807513e09918",
            "e2a66d60-cb96-4fa8-b9b0-aa97375b9d0a",
            "9a14231f-025d-4ac6-b1d9-2afe1b18a4a6",
            "dec3b561-5769-4b38-ac70-848edb770526",
            "228f6759-ce0b-4be1-912c-9a2b200ba19f",
            "1eacadaa-94a0-4ce8-b746-57f44a573561"
          ]
        }
      ],
      "Page": 1
    },
    {
      "BlockType": "LINE",
      "Confidence": 98.4972152709961,
      "Text": "DGEBA/3DCM",
      "Geometry": {
        "BoundingBox": {
          "Width": 0.0893263891339302,
          "Height": 0.02355693280696869,
          "Left": 0.41378253698349,
          "Top": 0.4213188886642456
        },
        "Polygon": [
          {
            "X": 0.41378253698349,
            "Y": 0.4213188886642456
          },
          {
            "X": 0.5029332637786865,
            "Y": 0.4214833080768585
          },
          {
            "X": 0.5031089186668396,
            "Y": 0.4448758363723755
          },
          {
            "X": 0.41393569111824036,
            "Y": 0.44469594955444336
          }
        ]
      },
      "Id": "ef03eb11-08fb-44b0-907b-597241acb13e",
      "Relationships": [
        {
          "Type": "CHILD",
          "Ids": [
            "d20e50b6-7c8a-471d-b1cc-6f1900711b9e"
          ]
        }
      ],
      "Page": 1
    },
    {
      "BlockType": "LINE",
      "Confidence": 98.45602416992188,
      "Text": "DGEBA/IPD",
      "Geometry": {
        "BoundingBox": {
          "Width": 0.07261347025632858,
          "Height": 0.024239875376224518,
          "Left": 0.54877769947052,
          "Top": 0.4209873378276825
        },
        "Polygon": [
          {
            "X": 0.54877769947052,
            "Y": 0.4209873378276825
          },
          {
            "X": 0.621179461479187,
            "Y": 0.4211205840110779
          },
          {
            "X": 0.6213911771774292,
            "Y": 0.4452272355556488
          },
          {
            "X": 0.5489705204963684,
            "Y": 0.44508108496665955
          }
        ]
      },
      "Id": "04f0d71b-5b1f-485c-8781-13b35f2ff301",
      "Relationships": [
        {
          "Type": "CHILD",
          "Ids": [
            "88630162-f17a-4679-804a-1a0d29c3c2b7"
          ]
        }
      ],
      "Page": 1
    },
    {
      "BlockType": "LINE",
      "Confidence": 96.86519622802734,
      "Text": "DGEBA/4MPip",
      "Geometry": {
        "BoundingBox": {
          "Width": 0.09183536469936371,
          "Height": 0.02565302513539791,
          "Left": 0.6667412519454956,
          "Top": 0.42063650488853455
        },
        "Polygon": [
          {
            "X": 0.6667412519454956,
            "Y": 0.42063650488853455
          },
          {
            "X": 0.7583152055740356,
            "Y": 0.42080461978912354
          },
          {
            "X": 0.7585765719413757,
            "Y": 0.4462895095348358
          },
          {
            "X": 0.6669773459434509,
            "Y": 0.44610413908958435
          }
        ]
      },
      "Id": "7f9a3b20-d9ae-466d-b6db-fe9cf6ee1a46",
      "Relationships": [
        {
          "Type": "CHILD",
          "Ids": [
            "3639e60c-2a01-46fe-b625-d2a20f782415"
          ]
        }
      ],
      "Page": 1
    },
    {
      "BlockType": "LINE",
      "Confidence": 70.23866271972656,
      "Text": "Coo (%)",
      "Geometry": {
        "BoundingBox": {
          "Width": 0.04379900544881821,
          "Height": 0.025442857295274734,
          "Left": 0.24773046374320984,
          "Top": 0.4839177131652832
        },
        "Polygon": [
          {
            "X": 0.24773046374320984,
            "Y": 0.4839177131652832
          },
          {
            "X": 0.2913968861103058,
            "Y": 0.48401859402656555
          },
          {
            "X": 0.29152947664260864,
            "Y": 0.5093606114387512
          },
          {
            "X": 0.24785111844539642,
            "Y": 0.5092515349388123
          }
        ]
      },
      "Id": "f2e1697e-8e09-4c03-bbc1-a45e8c9454f4",
      "Relationships": [
        {
          "Type": "CHILD",
          "Ids": [
            "73519306-01dd-4fbd-bff8-b35aeeeb9e4d",
            "744d7685-1514-4e74-939d-23813154abea"
          ]
        }
      ],
      "Page": 1
    },
    {
      "BlockType": "LINE",
      "Confidence": 96.6406021118164,
      "Text": "1.497",
      "Geometry": {
        "BoundingBox": {
          "Width": 0.035190436989068985,
          "Height": 0.01979835517704487,
          "Left": 0.4215894341468811,
          "Top": 0.4842270612716675
        },
        "Polygon": [
          {
            "X": 0.4215894341468811,
            "Y": 0.4842270612716675
          },
          {
            "X": 0.45664170384407043,
            "Y": 0.4843079745769501
          },
          {
            "X": 0.4567798674106598,
            "Y": 0.504025399684906
          },
          {
            "X": 0.42172014713287354,
            "Y": 0.5039393305778503
          }
        ]
      },
      "Id": "390995f7-3dd5-4d9f-8f42-8faf5fa02909",
      "Relationships": [
        {
          "Type": "CHILD",
          "Ids": [
            "72f95b61-d80e-4af6-b6b2-b554e0e21ab1"
          ]
        }
      ],
      "Page": 1
    },
    {
      "BlockType": "LINE",
      "Confidence": 94.24938201904297,
      "Text": "1.522",
      "Geometry": {
        "BoundingBox": {
          "Width": 0.03462294489145279,
          "Height": 0.01980690471827984,
          "Left": 0.5574455261230469,
          "Top": 0.4843662679195404
        },
        "Polygon": [
          {
            "X": 0.5574455261230469,
            "Y": 0.4843662679195404
          },
          {
            "X": 0.5919015407562256,
            "Y": 0.4844457805156708
          },
          {
            "X": 0.5920684337615967,
            "Y": 0.5041731595993042
          },
          {
            "X": 0.5576050877571106,
            "Y": 0.5040886402130127
          }
        ]
      },
      "Id": "719013bf-6ec3-404a-a65a-4de8584a0617",
      "Relationships": [
        {
          "Type": "CHILD",
          "Ids": [
            "f54281e8-b8e5-4793-bf38-addb650147e2"
          ]
        }
      ],
      "Page": 1
    },
    {
      "BlockType": "LINE",
      "Confidence": 96.67935180664062,
      "Text": "1.227",
      "Geometry": {
        "BoundingBox": {
          "Width": 0.03501761332154274,
          "Height": 0.02012411132454872,
          "Left": 0.6748117208480835,
          "Top": 0.484327107667923
        },
        "Polygon": [
          {
            "X": 0.6748117208480835,
            "Y": 0.484327107667923
          },
          {
            "X": 0.7096343636512756,
            "Y": 0.48440736532211304
          },
          {
            "X": 0.7098293304443359,
            "Y": 0.5044512152671814
          },
          {
            "X": 0.6749991774559021,
            "Y": 0.5043657422065735
          }
        ]
      },
      "Id": "25fa8bbe-44e6-4fb0-9756-644fa6a6c9eb",
      "Relationships": [
        {
          "Type": "CHILD",
          "Ids": [
            "fbc4b545-a7dc-4770-8ad8-53109ac5f668"
          ]
        }
      ],
      "Page": 1
    },
    {
      "BlockType": "LINE",
      "Confidence": 82.25476837158203,
      "Text": "D (mm2/s) X 10- - 6",
      "Geometry": {
        "BoundingBox": {
          "Width": 0.1210494264960289,
          "Height": 0.0310723427683115,
          "Left": 0.24747081100940704,
          "Top": 0.5113030076026917
        },
        "Polygon": [
          {
            "X": 0.24747081100940704,
            "Y": 0.5113030076026917
          },
          {
            "X": 0.3683338761329651,
            "Y": 0.5116066336631775
          },
          {
            "X": 0.36852023005485535,
            "Y": 0.5423753261566162
          },
          {
            "X": 0.24761708080768585,
            "Y": 0.5420440435409546
          }
        ]
      },
      "Id": "b33769af-1c01-431c-baaf-2c11192cefa3",
      "Relationships": [
        {
          "Type": "CHILD",
          "Ids": [
            "13e9c6e8-dacc-4548-b8b4-03e4a67c4767",
            "cf84a218-4ee7-4a36-addf-0f87ecebfbdc",
            "eb62f67e-48a9-439e-b417-74355662501f",
            "342246d3-4358-4e34-b959-5c1dfae5abf2",
            "2777a752-bc36-49d1-8be8-ae9e96d84628",
            "6e269771-930d-4125-b8f5-deb5eebba98c"
          ]
        }
      ],
      "Page": 1
    },
    {
      "BlockType": "LINE",
      "Confidence": 96.30049896240234,
      "Text": "1.176",
      "Geometry": {
        "BoundingBox": {
          "Width": 0.032174017280340195,
          "Height": 0.01993822678923607,
          "Left": 0.4217114746570587,
          "Top": 0.51631098985672
        },
        "Polygon": [
          {
            "X": 0.4217114746570587,
            "Y": 0.51631098985672
          },
          {
            "X": 0.4537470042705536,
            "Y": 0.5163925290107727
          },
          {
            "X": 0.4538854956626892,
            "Y": 0.5362492203712463
          },
          {
            "X": 0.4218430817127228,
            "Y": 0.5361629128456116
          }
        ]
      },
      "Id": "178999c6-3e21-415f-933f-8f6509d49e7b",
      "Relationships": [
        {
          "Type": "CHILD",
          "Ids": [
            "f587309e-7bb2-4d7c-8fab-4fd84bac69ca"
          ]
        }
      ],
      "Page": 1
    },
    {
      "BlockType": "LINE",
      "Confidence": 97.5321044921875,
      "Text": "1.194",
      "Geometry": {
        "BoundingBox": {
          "Width": 0.03281935676932335,
          "Height": 0.01954709179699421,
          "Left": 0.5578135848045349,
          "Top": 0.5170400738716125
        },
        "Polygon": [
          {
            "X": 0.5578135848045349,
            "Y": 0.5170400738716125
          },
          {
            "X": 0.5904685854911804,
            "Y": 0.517123281955719
          },
          {
            "X": 0.5906329154968262,
            "Y": 0.5365871787071228
          },
          {
            "X": 0.5579710602760315,
            "Y": 0.5364992022514343
          }
        ]
      },
      "Id": "0d3dd2e1-d596-4c98-951c-0869891f3477",
      "Relationships": [
        {
          "Type": "CHILD",
          "Ids": [
            "f6e2f209-f413-48d9-bf98-7f31dcfab0ce"
          ]
        }
      ],
      "Page": 1
    },
    {
      "BlockType": "LINE",
      "Confidence": 98.51677703857422,
      "Text": "0.958",
      "Geometry": {
        "BoundingBox": {
          "Width": 0.03586701303720474,
          "Height": 0.0200862605124712,
          "Left": 0.6739776134490967,
          "Top": 0.5165570974349976
        },
        "Polygon": [
          {
            "X": 0.6739776134490967,
            "Y": 0.5165570974349976
          },
          {
            "X": 0.7096501588821411,
            "Y": 0.5166478157043457
          },
          {
            "X": 0.7098445892333984,
            "Y": 0.5366433262825012
          },
          {
            "X": 0.674164354801178,
            "Y": 0.5365473031997681
          }
        ]
      },
      "Id": "355e4fe1-ac94-4a3a-bf0a-807513e09918",
      "Relationships": [
        {
          "Type": "CHILD",
          "Ids": [
            "01242d5b-5e5d-4c05-882a-db18620e2451"
          ]
        }
      ],
      "Page": 1
    },
    {
      "BlockType": "LINE",
      "Confidence": 92.9931869506836,
      "Text": "tp (days)",
      "Geometry": {
        "BoundingBox": {
          "Width": 0.05715305358171463,
          "Height": 0.02634257823228836,
          "Left": 0.24743595719337463,
          "Top": 0.547490656375885
        },
        "Polygon": [
          {
            "X": 0.24743595719337463,
            "Y": 0.547490656375885
          },
          {
            "X": 0.3044484257698059,
            "Y": 0.5476491451263428
          },
          {
            "X": 0.30458900332450867,
            "Y": 0.5738332271575928
          },
          {
            "X": 0.24756044149398804,
            "Y": 0.5736636519432068
          }
        ]
      },
      "Id": "e2a66d60-cb96-4fa8-b9b0-aa97375b9d0a",
      "Relationships": [
        {
          "Type": "CHILD",
          "Ids": [
            "f3528924-c9b5-4a47-8b42-26917276b80f",
            "ea08a4c5-97ae-4fb9-9ce2-5d732f58a556"
          ]
        }
      ],
      "Page": 1
    },
    {
      "BlockType": "LINE",
      "Confidence": 99.6956558227539,
      "Text": "57.56",
      "Geometry": {
        "BoundingBox": {
          "Width": 0.03508920222520828,
          "Height": 0.020192239433526993,
          "Left": 0.4136698246002197,
          "Top": 0.5488929152488708
        },
        "Polygon": [
          {
            "X": 0.4136698246002197,
            "Y": 0.5488929152488708
          },
          {
            "X": 0.4486200213432312,
            "Y": 0.5489903092384338
          },
          {
            "X": 0.4487590193748474,
            "Y": 0.5690851211547852
          },
          {
            "X": 0.41380125284194946,
            "Y": 0.5689824819564819
          }
        ]
      },
      "Id": "9a14231f-025d-4ac6-b1d9-2afe1b18a4a6",
      "Relationships": [
        {
          "Type": "CHILD",
          "Ids": [
            "5852fa8b-0593-451d-9623-f24746567ae8"
          ]
        }
      ],
      "Page": 1
    },
    {
      "BlockType": "LINE",
      "Confidence": 99.24268341064453,
      "Text": "54.12",
      "Geometry": {
        "BoundingBox": {
          "Width": 0.0339181125164032,
          "Height": 0.019791502505540848,
          "Left": 0.5488633513450623,
          "Top": 0.5487766861915588
        },
        "Polygon": [
          {
            "X": 0.5488633513450623,
            "Y": 0.5487766861915588
          },
          {
            "X": 0.5826168656349182,
            "Y": 0.5488706231117249
          },
          {
            "X": 0.5827814340591431,
            "Y": 0.5685681700706482
          },
          {
            "X": 0.5490207672119141,
            "Y": 0.5684692859649658
          }
        ]
      },
      "Id": "dec3b561-5769-4b38-ac70-848edb770526",
      "Relationships": [
        {
          "Type": "CHILD",
          "Ids": [
            "83840720-ca65-4d18-9510-0578e31a93ef"
          ]
        }
      ],
      "Page": 1
    },
    {
      "BlockType": "LINE",
      "Confidence": 99.37017822265625,
      "Text": "61.04",
      "Geometry": {
        "BoundingBox": {
          "Width": 0.03574115037918091,
          "Height": 0.01989230513572693,
          "Left": 0.666682779788971,
          "Top": 0.5488907098770142
        },
        "Polygon": [
          {
            "X": 0.666682779788971,
            "Y": 0.5488907098770142
          },
          {
            "X": 0.7022331357002258,
            "Y": 0.5489895939826965
          },
          {
            "X": 0.7024239301681519,
            "Y": 0.5687829852104187
          },
          {
            "X": 0.6668660044670105,
            "Y": 0.5686788558959961
          }
        ]
      },
      "Id": "228f6759-ce0b-4be1-912c-9a2b200ba19f",
      "Relationships": [
        {
          "Type": "CHILD",
          "Ids": [
            "6847a046-7ebe-4bea-83ca-b0bf2470ae4d"
          ]
        }
      ],
      "Page": 1
    },
    {
      "BlockType": "WORD",
      "Confidence": 98.4972152709961,
      "Text": "DGEBA/3DCM",
      "TextType": "PRINTED",
      "Geometry": {
        "BoundingBox": {
          "Width": 0.0893263891339302,
          "Height": 0.02355693280696869,
          "Left": 0.41378253698349,
          "Top": 0.4213188886642456
        },
        "Polygon": [
          {
            "X": 0.41378253698349,
            "Y": 0.4213188886642456
          },
          {
            "X": 0.5029332637786865,
            "Y": 0.4214833080768585
          },
          {
            "X": 0.5031089186668396,
            "Y": 0.4448758363723755
          },
          {
            "X": 0.41393569111824036,
            "Y": 0.44469594955444336
          }
        ]
      },
      "Id": "d20e50b6-7c8a-471d-b1cc-6f1900711b9e",
      "Page": 1
    },
    {
      "BlockType": "WORD",
      "Confidence": 98.45602416992188,
      "Text": "DGEBA/IPD",
      "TextType": "PRINTED",
      "Geometry": {
        "BoundingBox": {
          "Width": 0.07261347025632858,
          "Height": 0.024239875376224518,
          "Left": 0.54877769947052,
          "Top": 0.4209873378276825
        },
        "Polygon": [
          {
            "X": 0.54877769947052,
            "Y": 0.4209873378276825
          },
          {
            "X": 0.621179461479187,
            "Y": 0.4211205840110779
          },
          {
            "X": 0.6213911771774292,
            "Y": 0.4452272355556488
          },
          {
            "X": 0.5489705204963684,
            "Y": 0.44508108496665955
          }
        ]
      },
      "Id": "88630162-f17a-4679-804a-1a0d29c3c2b7",
      "Page": 1
    },
    {
      "BlockType": "WORD",
      "Confidence": 96.86519622802734,
      "Text": "DGEBA/4MPip",
      "TextType": "PRINTED",
      "Geometry": {
        "BoundingBox": {
          "Width": 0.09183536469936371,
          "Height": 0.02565302513539791,
          "Left": 0.6667412519454956,
          "Top": 0.42063650488853455
        },
        "Polygon": [
          {
            "X": 0.6667412519454956,
            "Y": 0.42063650488853455
          },
          {
            "X": 0.7583152055740356,
            "Y": 0.42080461978912354
          },
          {
            "X": 0.7585765719413757,
            "Y": 0.4462895095348358
          },
          {
            "X": 0.6669773459434509,
            "Y": 0.44610413908958435
          }
        ]
      },
      "Id": "3639e60c-2a01-46fe-b625-d2a20f782415",
      "Page": 1
    },
    {
      "BlockType": "WORD",
      "Confidence": 40.59837341308594,
      "Text": "Coo",
      "TextType": "PRINTED",
      "Geometry": {
        "BoundingBox": {
          "Width": 0.01923547312617302,
          "Height": 0.023986974731087685,
          "Left": 0.24773350358009338,
          "Top": 0.48455610871315
        },
        "Polygon": [
          {
            "X": 0.24773350358009338,
            "Y": 0.48455610871315
          },
          {
            "X": 0.2668500244617462,
            "Y": 0.48460036516189575
          },
          {
            "X": 0.2669689655303955,
            "Y": 0.508543074131012
          },
          {
            "X": 0.2478475123643875,
            "Y": 0.5084954500198364
          }
        ]
      },
      "Id": "73519306-01dd-4fbd-bff8-b35aeeeb9e4d",
      "Page": 1
    },
    {
      "BlockType": "WORD",
      "Confidence": 99.87895202636719,
      "Text": "(%)",
      "TextType": "PRINTED",
      "Geometry": {
        "BoundingBox": {
          "Width": 0.020418893545866013,
          "Height": 0.02538885362446308,
          "Left": 0.27111056447029114,
          "Top": 0.4839717447757721
        },
        "Polygon": [
          {
            "X": 0.27111056447029114,
            "Y": 0.4839717447757721
          },
          {
            "X": 0.2913968861103058,
            "Y": 0.48401859402656555
          },
          {
            "X": 0.29152947664260864,
            "Y": 0.5093606114387512
          },
          {
            "X": 0.2712376117706299,
            "Y": 0.5093098878860474
          }
        ]
      },
      "Id": "744d7685-1514-4e74-939d-23813154abea",
      "Page": 1
    },
    {
      "BlockType": "WORD",
      "Confidence": 96.6406021118164,
      "Text": "1.497",
      "TextType": "PRINTED",
      "Geometry": {
        "BoundingBox": {
          "Width": 0.035190436989068985,
          "Height": 0.01979835517704487,
          "Left": 0.4215894341468811,
          "Top": 0.4842270612716675
        },
        "Polygon": [
          {
            "X": 0.4215894341468811,
            "Y": 0.4842270612716675
          },
          {
            "X": 0.45664170384407043,
            "Y": 0.4843079745769501
          },
          {
            "X": 0.4567798674106598,
            "Y": 0.504025399684906
          },
          {
            "X": 0.42172014713287354,
            "Y": 0.5039393305778503
          }
        ]
      },
      "Id": "72f95b61-d80e-4af6-b6b2-b554e0e21ab1",
      "Page": 1
    },
    {
      "BlockType": "WORD",
      "Confidence": 94.24938201904297,
      "Text": "1.522",
      "TextType": "PRINTED",
      "Geometry": {
        "BoundingBox": {
          "Width": 0.03462294489145279,
          "Height": 0.01980690471827984,
          "Left": 0.5574455261230469,
          "Top": 0.4843662679195404
        },
        "Polygon": [
          {
            "X": 0.5574455261230469,
            "Y": 0.4843662679195404
          },
          {
            "X": 0.5919015407562256,
            "Y": 0.4844457805156708
          },
          {
            "X": 0.5920684337615967,
            "Y": 0.5041731595993042
          },
          {
            "X": 0.5576050877571106,
            "Y": 0.5040886402130127
          }
        ]
      },
      "Id": "f54281e8-b8e5-4793-bf38-addb650147e2",
      "Page": 1
    },
    {
      "BlockType": "WORD",
      "Confidence": 96.67935180664062,
      "Text": "1.227",
      "TextType": "PRINTED",
      "Geometry": {
        "BoundingBox": {
          "Width": 0.03501761332154274,
          "Height": 0.02012411132454872,
          "Left": 0.6748117208480835,
          "Top": 0.484327107667923
        },
        "Polygon": [
          {
            "X": 0.6748117208480835,
            "Y": 0.484327107667923
          },
          {
            "X": 0.7096343636512756,
            "Y": 0.48440736532211304
          },
          {
            "X": 0.7098293304443359,
            "Y": 0.5044512152671814
          },
          {
            "X": 0.6749991774559021,
            "Y": 0.5043657422065735
          }
        ]
      },
      "Id": "fbc4b545-a7dc-4770-8ad8-53109ac5f668",
      "Page": 1
    },
    {
      "BlockType": "WORD",
      "Confidence": 99.95738983154297,
      "Text": "D",
      "TextType": "PRINTED",
      "Geometry": {
        "BoundingBox": {
          "Width": 0.010530195198953152,
          "Height": 0.019852180033922195,
          "Left": 0.2474963665008545,
          "Top": 0.5166741013526917
        },
        "Polygon": [
          {
            "X": 0.2474963665008545,
            "Y": 0.5166741013526917
          },
          {
            "X": 0.2579300105571747,
            "Y": 0.5167007446289062
          },
          {
            "X": 0.2580265700817108,
            "Y": 0.5365262627601624
          },
          {
            "X": 0.24759069085121155,
            "Y": 0.5364981293678284
          }
        ]
      },
      "Id": "13e9c6e8-dacc-4548-b8b4-03e4a67c4767",
      "Page": 1
    },
    {
      "BlockType": "WORD",
      "Confidence": 54.06321334838867,
      "Text": "(mm2/s)",
      "TextType": "PRINTED",
      "Geometry": {
        "BoundingBox": {
          "Width": 0.05404074117541313,
          "Height": 0.030791623517870903,
          "Left": 0.26169103384017944,
          "Top": 0.5114390850067139
        },
        "Polygon": [
          {
            "X": 0.26169103384017944,
            "Y": 0.5114390850067139
          },
          {
            "X": 0.31556347012519836,
            "Y": 0.5115744471549988
          },
          {
            "X": 0.31573179364204407,
            "Y": 0.5422306656837463
          },
          {
            "X": 0.2618415355682373,
            "Y": 0.5420830249786377
          }
        ]
      },
      "Id": "cf84a218-4ee7-4a36-addf-0f87ecebfbdc",
      "Page": 1
    },
    {
      "BlockType": "WORD",
      "Confidence": 63.35289001464844,
      "Text": "X",
      "TextType": "PRINTED",
      "Geometry": {
        "BoundingBox": {
          "Width": 0.008891099132597446,
          "Height": 0.013229507021605968,
          "Left": 0.32372134923934937,
          "Top": 0.5229500532150269
        },
        "Polygon": [
          {
            "X": 0.32372134923934937,
            "Y": 0.5229500532150269
          },
          {
            "X": 0.33253753185272217,
            "Y": 0.5229729413986206
          },
          {
            "X": 0.33261242508888245,
            "Y": 0.5361796021461487
          },
          {
            "X": 0.32379499077796936,
            "Y": 0.5361558198928833
          }
        ]
      },
      "Id": "eb62f67e-48a9-439e-b417-74355662501f",
      "Page": 1
    },
    {
      "BlockType": "WORD",
      "Confidence": 96.14608001708984,
      "Text": "10-",
      "TextType": "PRINTED",
      "Geometry": {
        "BoundingBox": {
          "Width": 0.024675270542502403,
          "Height": 0.02283235266804695,
          "Left": 0.3374427258968353,
          "Top": 0.5138636231422424
        },
        "Polygon": [
          {
            "X": 0.3374427258968353,
            "Y": 0.5138636231422424
          },
          {
            "X": 0.3619816303253174,
            "Y": 0.5139256715774536
          },
          {
            "X": 0.3621180057525635,
            "Y": 0.5366959571838379
          },
          {
            "X": 0.3375730514526367,
            "Y": 0.5366297364234924
          }
        ]
      },
      "Id": "342246d3-4358-4e34-b959-5c1dfae5abf2",
      "Page": 1
    },
    {
      "BlockType": "WORD",
      "Confidence": 85.00865173339844,
      "Text": "-",
      "TextType": "PRINTED",
      "Geometry": {
        "BoundingBox": {
          "Width": 0.008085056208074093,
          "Height": 0.005705768708139658,
          "Left": 0.3527493178844452,
          "Top": 0.5179990530014038
        },
        "Polygon": [
          {
            "X": 0.3527493178844452,
            "Y": 0.5179990530014038
          },
          {
            "X": 0.3608004152774811,
            "Y": 0.5180196166038513
          },
          {
            "X": 0.36083438992500305,
            "Y": 0.5237048268318176
          },
          {
            "X": 0.35278281569480896,
            "Y": 0.5236838459968567
          }
        ]
      },
      "Id": "2777a752-bc36-49d1-8be8-ae9e96d84628",
      "Page": 1
    },
    {
      "BlockType": "WORD",
      "Confidence": 95.0003890991211,
      "Text": "6",
      "TextType": "PRINTED",
      "Geometry": {
        "BoundingBox": {
          "Width": 0.006422932259738445,
          "Height": 0.014371592551469803,
          "Left": 0.36199790239334106,
          "Top": 0.5115907192230225
        },
        "Polygon": [
          {
            "X": 0.36199790239334106,
            "Y": 0.5115907192230225
          },
          {
            "X": 0.3683338761329651,
            "Y": 0.5116066336631775
          },
          {
            "X": 0.36842080950737,
            "Y": 0.5259622931480408
          },
          {
            "X": 0.3620838522911072,
            "Y": 0.5259457230567932
          }
        ]
      },
      "Id": "6e269771-930d-4125-b8f5-deb5eebba98c",
      "Page": 1
    },
    {
      "BlockType": "WORD",
      "Confidence": 96.30049896240234,
      "Text": "1.176",
      "TextType": "PRINTED",
      "Geometry": {
        "BoundingBox": {
          "Width": 0.032174017280340195,
          "Height": 0.01993822678923607,
          "Left": 0.4217114746570587,
          "Top": 0.51631098985672
        },
        "Polygon": [
          {
            "X": 0.4217114746570587,
            "Y": 0.51631098985672
          },
          {
            "X": 0.4537470042705536,
            "Y": 0.5163925290107727
          },
          {
            "X": 0.4538854956626892,
            "Y": 0.5362492203712463
          },
          {
            "X": 0.4218430817127228,
            "Y": 0.5361629128456116
          }
        ]
      },
      "Id": "f587309e-7bb2-4d7c-8fab-4fd84bac69ca",
      "Page": 1
    },
    {
      "BlockType": "WORD",
      "Confidence": 97.5321044921875,
      "Text": "1.194",
      "TextType": "PRINTED",
      "Geometry": {
        "BoundingBox": {
          "Width": 0.03281935676932335,
          "Height": 0.01954709179699421,
          "Left": 0.5578135848045349,
          "Top": 0.5170400738716125
        },
        "Polygon": [
          {
            "X": 0.5578135848045349,
            "Y": 0.5170400738716125
          },
          {
            "X": 0.5904685854911804,
            "Y": 0.517123281955719
          },
          {
            "X": 0.5906329154968262,
            "Y": 0.5365871787071228
          },
          {
            "X": 0.5579710602760315,
            "Y": 0.5364992022514343
          }
        ]
      },
      "Id": "f6e2f209-f413-48d9-bf98-7f31dcfab0ce",
      "Page": 1
    },
    {
      "BlockType": "WORD",
      "Confidence": 98.51677703857422,
      "Text": "0.958",
      "TextType": "PRINTED",
      "Geometry": {
        "BoundingBox": {
          "Width": 0.03586701303720474,
          "Height": 0.0200862605124712,
          "Left": 0.6739776134490967,
          "Top": 0.5165570974349976
        },
        "Polygon": [
          {
            "X": 0.6739776134490967,
            "Y": 0.5165570974349976
          },
          {
            "X": 0.7096501588821411,
            "Y": 0.5166478157043457
          },
          {
            "X": 0.7098445892333984,
            "Y": 0.5366433262825012
          },
          {
            "X": 0.674164354801178,
            "Y": 0.5365473031997681
          }
        ]
      },
      "Id": "01242d5b-5e5d-4c05-882a-db18620e2451",
      "Page": 1
    },
    {
      "BlockType": "WORD",
      "Confidence": 86.1476821899414,
      "Text": "tp",
      "TextType": "PRINTED",
      "Geometry": {
        "BoundingBox": {
          "Width": 0.012949185445904732,
          "Height": 0.02234557643532753,
          "Left": 0.24745163321495056,
          "Top": 0.5507882833480835
        },
        "Polygon": [
          {
            "X": 0.24745163321495056,
            "Y": 0.5507882833480835
          },
          {
            "X": 0.2602916359901428,
            "Y": 0.5508242845535278
          },
          {
            "X": 0.26040083169937134,
            "Y": 0.5731338262557983
          },
          {
            "X": 0.24755772948265076,
            "Y": 0.5730957388877869
          }
        ]
      },
      "Id": "f3528924-c9b5-4a47-8b42-26917276b80f",
      "Page": 1
    },
    {
      "BlockType": "WORD",
      "Confidence": 99.83868408203125,
      "Text": "(days)",
      "TextType": "PRINTED",
      "Geometry": {
        "BoundingBox": {
          "Width": 0.04052785411477089,
          "Height": 0.026296356692910194,
          "Left": 0.2640611529350281,
          "Top": 0.5475368499755859
        },
        "Polygon": [
          {
            "X": 0.2640611529350281,
            "Y": 0.5475368499755859
          },
          {
            "X": 0.3044484257698059,
            "Y": 0.5476491451263428
          },
          {
            "X": 0.30458900332450867,
            "Y": 0.5738332271575928
          },
          {
            "X": 0.26419031620025635,
            "Y": 0.5737130641937256
          }
        ]
      },
      "Id": "ea08a4c5-97ae-4fb9-9ce2-5d732f58a556",
      "Page": 1
    },
    {
      "BlockType": "WORD",
      "Confidence": 99.6956558227539,
      "Text": "57.56",
      "TextType": "PRINTED",
      "Geometry": {
        "BoundingBox": {
          "Width": 0.03508920222520828,
          "Height": 0.020192239433526993,
          "Left": 0.4136698246002197,
          "Top": 0.5488929152488708
        },
        "Polygon": [
          {
            "X": 0.4136698246002197,
            "Y": 0.5488929152488708
          },
          {
            "X": 0.4486200213432312,
            "Y": 0.5489903092384338
          },
          {
            "X": 0.4487590193748474,
            "Y": 0.5690851211547852
          },
          {
            "X": 0.41380125284194946,
            "Y": 0.5689824819564819
          }
        ]
      },
      "Id": "5852fa8b-0593-451d-9623-f24746567ae8",
      "Page": 1
    },
    {
      "BlockType": "WORD",
      "Confidence": 99.24268341064453,
      "Text": "54.12",
      "TextType": "PRINTED",
      "Geometry": {
        "BoundingBox": {
          "Width": 0.0339181125164032,
          "Height": 0.019791502505540848,
          "Left": 0.5488633513450623,
          "Top": 0.5487766861915588
        },
        "Polygon": [
          {
            "X": 0.5488633513450623,
            "Y": 0.5487766861915588
          },
          {
            "X": 0.5826168656349182,
            "Y": 0.5488706231117249
          },
          {
            "X": 0.5827814340591431,
            "Y": 0.5685681700706482
          },
          {
            "X": 0.5490207672119141,
            "Y": 0.5684692859649658
          }
        ]
      },
      "Id": "83840720-ca65-4d18-9510-0578e31a93ef",
      "Page": 1
    },
    {
      "BlockType": "WORD",
      "Confidence": 99.37017822265625,
      "Text": "61.04",
      "TextType": "PRINTED",
      "Geometry": {
        "BoundingBox": {
          "Width": 0.03574115037918091,
          "Height": 0.01989230513572693,
          "Left": 0.666682779788971,
          "Top": 0.5488907098770142
        },
        "Polygon": [
          {
            "X": 0.666682779788971,
            "Y": 0.5488907098770142
          },
          {
            "X": 0.7022331357002258,
            "Y": 0.5489895939826965
          },
          {
            "X": 0.7024239301681519,
            "Y": 0.5687829852104187
          },
          {
            "X": 0.6668660044670105,
            "Y": 0.5686788558959961
          }
        ]
      },
      "Id": "6847a046-7ebe-4bea-83ca-b0bf2470ae4d",
      "Page": 1
    },
    {
      "BlockType": "TABLE",
      "Confidence": 100,
      "Geometry": {
        "BoundingBox": {
          "Width": 0.5386490225791931,
          "Height": 0.19279617071151733,
          "Left": 0.23146910965442657,
          "Top": 0.402425080537796
        },
        "Polygon": [
          {
            "X": 0.23146910965442657,
            "Y": 0.402425080537796
          },
          {
            "X": 0.7681293487548828,
            "Y": 0.4033411741256714
          },
          {
            "X": 0.7701181173324585,
            "Y": 0.5952212810516357
          },
          {
            "X": 0.23234668374061584,
            "Y": 0.593542754650116
          }
        ]
      },
      "Id": "1eacadaa-94a0-4ce8-b746-57f44a573561",
      "Relationships": [
        {
          "Type": "CHILD",
          "Ids": [
            "1e393aef-4daa-4c11-a540-4994619df698",
            "f65f5fd2-7cee-4f9f-ab88-a22785ef91a6",
            "14a3280c-8eb3-4636-b784-54bf9bdae439",
            "5f4fe622-8695-47df-aa60-a711e4690b24",
            "a13d5fbb-e66c-4cf0-86ca-04f2ef887075",
            "3d977369-db26-4999-bbf2-9ab6f6d8b9c9",
            "6f9acda3-7cd6-452d-b141-03047d5f7d73",
            "31615f88-8887-4d1b-8580-75af83c9d67a",
            "c4a31db5-d11b-4596-ba68-338cb800f7a8",
            "f17ef646-976a-4e23-ab10-3dde702c5705",
            "1b834a54-1b27-471f-9707-3e91cf06e910",
            "9e831294-6ddd-4c3d-995a-b6ccd6a43fbe",
            "601702ec-cbaf-4fd4-a002-1a98a9fbdbe7",
            "01a1305a-4bc7-4c89-9715-36032ac8d887",
            "da513d86-23f1-4b95-bed9-4d3beb7217ef",
            "7412f63f-d190-429d-9553-54058a1c77ec"
          ]
        }
      ],
      "EntityTypes": [
        "STRUCTURED_TABLE"
      ],
      "Page": 1
    },
    {
      "BlockType": "CELL",
      "Confidence": 91.845703125,
      "RowIndex": 1,
      "ColumnIndex": 1,
      "RowSpan": 1,
      "ColumnSpan": 1,
      "Geometry": {
        "BoundingBox": {
          "Width": 0.15929487347602844,
          "Height": 0.06241833418607712,
          "Left": 0.23146910965442657,
          "Top": 0.402425080537796
        },
        "Polygon": [
          {
            "X": 0.23146910965442657,
            "Y": 0.402425080537796
          },
          {
            "X": 0.3903723657131195,
            "Y": 0.4026963412761688
          },
          {
            "X": 0.3907639682292938,
            "Y": 0.46484342217445374
          },
          {
            "X": 0.2317541390657425,
            "Y": 0.46449896693229675
          }
        ]
      },
      "Id": "1e393aef-4daa-4c11-a540-4994619df698",
      "Page": 1
    },
    {
      "BlockType": "CELL",
      "Confidence": 89.16015625,
      "RowIndex": 1,
      "ColumnIndex": 2,
      "RowSpan": 1,
      "ColumnSpan": 1,
      "Geometry": {
        "BoundingBox": {
          "Width": 0.13586728274822235,
          "Height": 0.062440574169158936,
          "Left": 0.3903723657131195,
          "Top": 0.4026963412761688
        },
        "Polygon": [
          {
            "X": 0.3903723657131195,
            "Y": 0.4026963412761688
          },
          {
            "X": 0.5257570743560791,
            "Y": 0.4029274582862854
          },
          {
            "X": 0.5262396335601807,
            "Y": 0.46513691544532776
          },
          {
            "X": 0.3907639682292938,
            "Y": 0.46484342217445374
          }
        ]
      },
      "Id": "f65f5fd2-7cee-4f9f-ab88-a22785ef91a6",
      "Relationships": [
        {
          "Type": "CHILD",
          "Ids": [
            "d20e50b6-7c8a-471d-b1cc-6f1900711b9e"
          ]
        }
      ],
      "EntityTypes": [
        "COLUMN_HEADER"
      ],
      "Page": 1
    },
    {
      "BlockType": "CELL",
      "Confidence": 89.697265625,
      "RowIndex": 1,
      "ColumnIndex": 3,
      "RowSpan": 1,
      "ColumnSpan": 1,
      "Geometry": {
        "BoundingBox": {
          "Width": 0.11857499927282333,
          "Height": 0.06246529892086983,
          "Left": 0.5257570743560791,
          "Top": 0.4029274582862854
        },
        "Polygon": [
          {
            "X": 0.5257570743560791,
            "Y": 0.4029274582862854
          },
          {
            "X": 0.6437699794769287,
            "Y": 0.40312889218330383
          },
          {
            "X": 0.6443320512771606,
            "Y": 0.46539273858070374
          },
          {
            "X": 0.5262396335601807,
            "Y": 0.46513691544532776
          }
        ]
      },
      "Id": "14a3280c-8eb3-4636-b784-54bf9bdae439",
      "Relationships": [
        {
          "Type": "CHILD",
          "Ids": [
            "88630162-f17a-4679-804a-1a0d29c3c2b7"
          ]
        }
      ],
      "EntityTypes": [
        "COLUMN_HEADER"
      ],
      "Page": 1
    },
    {
      "BlockType": "CELL",
      "Confidence": 92.626953125,
      "RowIndex": 1,
      "ColumnIndex": 4,
      "RowSpan": 1,
      "ColumnSpan": 1,
      "Geometry": {
        "BoundingBox": {
          "Width": 0.12500527501106262,
          "Height": 0.062533438205719,
          "Left": 0.6437699794769287,
          "Top": 0.40312889218330383
        },
        "Polygon": [
          {
            "X": 0.6437699794769287,
            "Y": 0.40312889218330383
          },
          {
            "X": 0.7681293487548828,
            "Y": 0.4033411741256714
          },
          {
            "X": 0.7687752842903137,
            "Y": 0.4656623303890228
          },
          {
            "X": 0.6443320512771606,
            "Y": 0.46539273858070374
          }
        ]
      },
      "Id": "5f4fe622-8695-47df-aa60-a711e4690b24",
      "Relationships": [
        {
          "Type": "CHILD",
          "Ids": [
            "3639e60c-2a01-46fe-b625-d2a20f782415"
          ]
        }
      ],
      "EntityTypes": [
        "COLUMN_HEADER"
      ],
      "Page": 1
    },
    {
      "BlockType": "CELL",
      "Confidence": 83.935546875,
      "RowIndex": 2,
      "ColumnIndex": 1,
      "RowSpan": 1,
      "ColumnSpan": 1,
      "Geometry": {
        "BoundingBox": {
          "Width": 0.159304678440094,
          "Height": 0.047135669738054276,
          "Left": 0.2317541390657425,
          "Top": 0.46449896693229675
        },
        "Polygon": [
          {
            "X": 0.2317541390657425,
            "Y": 0.46449896693229675
          },
          {
            "X": 0.3907639682292938,
            "Y": 0.46484342217445374
          },
          {
            "X": 0.3910588324069977,
            "Y": 0.5116346478462219
          },
          {
            "X": 0.2319687455892563,
            "Y": 0.5112349390983582
          }
        ]
      },
      "Id": "a13d5fbb-e66c-4cf0-86ca-04f2ef887075",
      "Relationships": [
        {
          "Type": "CHILD",
          "Ids": [
            "73519306-01dd-4fbd-bff8-b35aeeeb9e4d",
            "744d7685-1514-4e74-939d-23813154abea"
          ]
        }
      ],
      "Page": 1
    },
    {
      "BlockType": "CELL",
      "Confidence": 81.494140625,
      "RowIndex": 2,
      "ColumnIndex": 2,
      "RowSpan": 1,
      "ColumnSpan": 1,
      "Geometry": {
        "BoundingBox": {
          "Width": 0.13583903014659882,
          "Height": 0.04713171347975731,
          "Left": 0.3907639682292938,
          "Top": 0.46484342217445374
        },
        "Polygon": [
          {
            "X": 0.3907639682292938,
            "Y": 0.46484342217445374
          },
          {
            "X": 0.5262396335601807,
            "Y": 0.46513691544532776
          },
          {
            "X": 0.5266029834747314,
            "Y": 0.5119751691818237
          },
          {
            "X": 0.3910588324069977,
            "Y": 0.5116346478462219
          }
        ]
      },
      "Id": "3d977369-db26-4999-bbf2-9ab6f6d8b9c9",
      "Relationships": [
        {
          "Type": "CHILD",
          "Ids": [
            "72f95b61-d80e-4af6-b6b2-b554e0e21ab1"
          ]
        }
      ],
      "Page": 1
    },
    {
      "BlockType": "CELL",
      "Confidence": 82.03125,
      "RowIndex": 2,
      "ColumnIndex": 3,
      "RowSpan": 1,
      "ColumnSpan": 1,
      "Geometry": {
        "BoundingBox": {
          "Width": 0.11851558834314346,
          "Height": 0.047135043889284134,
          "Left": 0.5262396335601807,
          "Top": 0.46513691544532776
        },
        "Polygon": [
          {
            "X": 0.5262396335601807,
            "Y": 0.46513691544532776
          },
          {
            "X": 0.6443320512771606,
            "Y": 0.46539273858070374
          },
          {
            "X": 0.6447552442550659,
            "Y": 0.5122719407081604
          },
          {
            "X": 0.5266029834747314,
            "Y": 0.5119751691818237
          }
        ]
      },
      "Id": "6f9acda3-7cd6-452d-b141-03047d5f7d73",
      "Relationships": [
        {
          "Type": "CHILD",
          "Ids": [
            "f54281e8-b8e5-4793-bf38-addb650147e2"
          ]
        }
      ],
      "Page": 1
    },
    {
      "BlockType": "CELL",
      "Confidence": 84.66796875,
      "RowIndex": 2,
      "ColumnIndex": 4,
      "RowSpan": 1,
      "ColumnSpan": 1,
      "Geometry": {
        "BoundingBox": {
          "Width": 0.12492956221103668,
          "Height": 0.04719199985265732,
          "Left": 0.6443320512771606,
          "Top": 0.46539273858070374
        },
        "Polygon": [
          {
            "X": 0.6443320512771606,
            "Y": 0.46539273858070374
          },
          {
            "X": 0.7687752842903137,
            "Y": 0.4656623303890228
          },
          {
            "X": 0.7692615985870361,
            "Y": 0.5125847458839417
          },
          {
            "X": 0.6447552442550659,
            "Y": 0.5122719407081604
          }
        ]
      },
      "Id": "31615f88-8887-4d1b-8580-75af83c9d67a",
      "Relationships": [
        {
          "Type": "CHILD",
          "Ids": [
            "fbc4b545-a7dc-4770-8ad8-53109ac5f668"
          ]
        }
      ],
      "Page": 1
    },
    {
      "BlockType": "CELL",
      "Confidence": 73.681640625,
      "RowIndex": 3,
      "ColumnIndex": 1,
      "RowSpan": 1,
      "ColumnSpan": 1,
      "Geometry": {
        "BoundingBox": {
          "Width": 0.15929242968559265,
          "Height": 0.032512273639440536,
          "Left": 0.2319687455892563,
          "Top": 0.5112349390983582
        },
        "Polygon": [
          {
            "X": 0.2319687455892563,
            "Y": 0.5112349390983582
          },
          {
            "X": 0.3910588324069977,
            "Y": 0.5116346478462219
          },
          {
            "X": 0.39126116037368774,
            "Y": 0.5437472462654114
          },
          {
            "X": 0.23211602866649628,
            "Y": 0.5433096289634705
          }
        ]
      },
      "Id": "c4a31db5-d11b-4596-ba68-338cb800f7a8",
      "Relationships": [
        {
          "Type": "CHILD",
          "Ids": [
            "13e9c6e8-dacc-4548-b8b4-03e4a67c4767",
            "cf84a218-4ee7-4a36-addf-0f87ecebfbdc",
            "eb62f67e-48a9-439e-b417-74355662501f",
            "342246d3-4358-4e34-b959-5c1dfae5abf2",
            "2777a752-bc36-49d1-8be8-ae9e96d84628",
            "6e269771-930d-4125-b8f5-deb5eebba98c"
          ]
        }
      ],
      "Page": 1
    },
    {
      "BlockType": "CELL",
      "Confidence": 71.533203125,
      "RowIndex": 3,
      "ColumnIndex": 2,
      "RowSpan": 1,
      "ColumnSpan": 1,
      "Geometry": {
        "BoundingBox": {
          "Width": 0.1357935518026352,
          "Height": 0.03248542174696922,
          "Left": 0.3910588324069977,
          "Top": 0.5116346478462219
        },
        "Polygon": [
          {
            "X": 0.3910588324069977,
            "Y": 0.5116346478462219
          },
          {
            "X": 0.5266029834747314,
            "Y": 0.5119751691818237
          },
          {
            "X": 0.5268523693084717,
            "Y": 0.5441200733184814
          },
          {
            "X": 0.39126116037368774,
            "Y": 0.5437472462654114
          }
        ]
      },
      "Id": "f17ef646-976a-4e23-ab10-3dde702c5705",
      "Relationships": [
        {
          "Type": "CHILD",
          "Ids": [
            "f587309e-7bb2-4d7c-8fab-4fd84bac69ca"
          ]
        }
      ],
      "Page": 1
    },
    {
      "BlockType": "CELL",
      "Confidence": 71.97265625,
      "RowIndex": 3,
      "ColumnIndex": 3,
      "RowSpan": 1,
      "ColumnSpan": 1,
      "Geometry": {
        "BoundingBox": {
          "Width": 0.11844266206026077,
          "Height": 0.03246988728642464,
          "Left": 0.5266029834747314,
          "Top": 0.5119751691818237
        },
        "Polygon": [
          {
            "X": 0.5266029834747314,
            "Y": 0.5119751691818237
          },
          {
            "X": 0.6447552442550659,
            "Y": 0.5122719407081604
          },
          {
            "X": 0.6450456380844116,
            "Y": 0.5444450378417969
          },
          {
            "X": 0.5268523693084717,
            "Y": 0.5441200733184814
          }
        ]
      },
      "Id": "1b834a54-1b27-471f-9707-3e91cf06e910",
      "Relationships": [
        {
          "Type": "CHILD",
          "Ids": [
            "f6e2f209-f413-48d9-bf98-7f31dcfab0ce"
          ]
        }
      ],
      "Page": 1
    },
    {
      "BlockType": "CELL",
      "Confidence": 74.31640625,
      "RowIndex": 3,
      "ColumnIndex": 4,
      "RowSpan": 1,
      "ColumnSpan": 1,
      "Geometry": {
        "BoundingBox": {
          "Width": 0.1248401552438736,
          "Height": 0.032515522092580795,
          "Left": 0.6447552442550659,
          "Top": 0.5122719407081604
        },
        "Polygon": [
          {
            "X": 0.6447552442550659,
            "Y": 0.5122719407081604
          },
          {
            "X": 0.7692615985870361,
            "Y": 0.5125847458839417
          },
          {
            "X": 0.7695953845977783,
            "Y": 0.5447874665260315
          },
          {
            "X": 0.6450456380844116,
            "Y": 0.5444450378417969
          }
        ]
      },
      "Id": "9e831294-6ddd-4c3d-995a-b6ccd6a43fbe",
      "Relationships": [
        {
          "Type": "CHILD",
          "Ids": [
            "01242d5b-5e5d-4c05-882a-db18620e2451"
          ]
        }
      ],
      "Page": 1
    },
    {
      "BlockType": "CELL",
      "Confidence": 86.62109375,
      "RowIndex": 4,
      "ColumnIndex": 1,
      "RowSpan": 1,
      "ColumnSpan": 1,
      "Geometry": {
        "BoundingBox": {
          "Width": 0.15946204960346222,
          "Height": 0.05073009058833122,
          "Left": 0.23211602866649628,
          "Top": 0.5433096289634705
        },
        "Polygon": [
          {
            "X": 0.23211602866649628,
            "Y": 0.5433096289634705
          },
          {
            "X": 0.39126116037368774,
            "Y": 0.5437472462654114
          },
          {
            "X": 0.3915780782699585,
            "Y": 0.5940397381782532
          },
          {
            "X": 0.23234668374061584,
            "Y": 0.593542754650116
          }
        ]
      },
      "Id": "601702ec-cbaf-4fd4-a002-1a98a9fbdbe7",
      "Relationships": [
        {
          "Type": "CHILD",
          "Ids": [
            "f3528924-c9b5-4a47-8b42-26917276b80f",
            "ea08a4c5-97ae-4fb9-9ce2-5d732f58a556"
          ]
        }
      ],
      "Page": 1
    },
    {
      "BlockType": "CELL",
      "Confidence": 84.08203125,
      "RowIndex": 4,
      "ColumnIndex": 2,
      "RowSpan": 1,
      "ColumnSpan": 1,
      "Geometry": {
        "BoundingBox": {
          "Width": 0.1359817385673523,
          "Height": 0.05071595683693886,
          "Left": 0.39126116037368774,
          "Top": 0.5437472462654114
        },
        "Polygon": [
          {
            "X": 0.39126116037368774,
            "Y": 0.5437472462654114
          },
          {
            "X": 0.5268523693084717,
            "Y": 0.5441200733184814
          },
          {
            "X": 0.52724289894104,
            "Y": 0.5944631695747375
          },
          {
            "X": 0.3915780782699585,
            "Y": 0.5940397381782532
          }
        ]
      },
      "Id": "01a1305a-4bc7-4c89-9715-36032ac8d887",
      "Relationships": [
        {
          "Type": "CHILD",
          "Ids": [
            "5852fa8b-0593-451d-9623-f24746567ae8"
          ]
        }
      ],
      "Page": 1
    },
    {
      "BlockType": "CELL",
      "Confidence": 84.619140625,
      "RowIndex": 4,
      "ColumnIndex": 3,
      "RowSpan": 1,
      "ColumnSpan": 1,
      "Geometry": {
        "BoundingBox": {
          "Width": 0.11864814907312393,
          "Height": 0.050712257623672485,
          "Left": 0.5268523693084717,
          "Top": 0.5441200733184814
        },
        "Polygon": [
          {
            "X": 0.5268523693084717,
            "Y": 0.5441200733184814
          },
          {
            "X": 0.6450456380844116,
            "Y": 0.5444450378417969
          },
          {
            "X": 0.6455005407333374,
            "Y": 0.5948323011398315
          },
          {
            "X": 0.52724289894104,
            "Y": 0.5944631695747375
          }
        ]
      },
      "Id": "da513d86-23f1-4b95-bed9-4d3beb7217ef",
      "Relationships": [
        {
          "Type": "CHILD",
          "Ids": [
            "83840720-ca65-4d18-9510-0578e31a93ef"
          ]
        }
      ],
      "Page": 1
    },
    {
      "BlockType": "CELL",
      "Confidence": 87.353515625,
      "RowIndex": 4,
      "ColumnIndex": 4,
      "RowSpan": 1,
      "ColumnSpan": 1,
      "Geometry": {
        "BoundingBox": {
          "Width": 0.12507246434688568,
          "Height": 0.05077624320983887,
          "Left": 0.6450456380844116,
          "Top": 0.5444450378417969
        },
        "Polygon": [
          {
            "X": 0.6450456380844116,
            "Y": 0.5444450378417969
          },
          {
            "X": 0.7695953845977783,
            "Y": 0.5447874665260315
          },
          {
            "X": 0.7701181173324585,
            "Y": 0.5952212810516357
          },
          {
            "X": 0.6455005407333374,
            "Y": 0.5948323011398315
          }
        ]
      },
      "Id": "7412f63f-d190-429d-9553-54058a1c77ec",
      "Relationships": [
        {
          "Type": "CHILD",
          "Ids": [
            "6847a046-7ebe-4bea-83ca-b0bf2470ae4d"
          ]
        }
      ],
      "Page": 1
    }
  ],
  "AnalyzeDocumentModelVersion": "1.0"
}