{
  "DocumentMetadata": {
    "Pages": 1
  },
  "JobStatus": "SUCCEEDED",
  "Blocks": [
    {
      "BlockType": "PAGE",
      "Geometry": {
        "BoundingBox": {
          "Width": 1,
          "Height": 1,
          "Left": 0,
          "Top": 0
        },
        "Polygon": [
          {
            "X": 0,
            "Y": 0.0000075386037678981666
          },
          {
            "X": 1,
            "Y": 0
          },
          {
            "X": 1,
            "Y": 1
          },
          {
            "X": 0.000004290311608201591,
            "Y": 1
          }
        ]
      },
      "Id": "7b52e670-4080-49e3-8ee3-0f844bd75c31",
      "Relationships": [
        {
          "Type": "CHILD",
          "Ids": [
            "da15b92b-ef0a-4511-b112-3f020e6b47c2",
            "24d82157-6e2f-40aa-82a1-643869b82a0a",
            "a4e46c74-1e26-46d4-8e14-98ade2115f94",
            "1a2ce277-6244-4015-bf13-ae87db516eac",
            "564a2bc4-a918-477c-af83-553f5975ac12",
            "d532e434-0cbf-4a05-9434-2a80e2331f92",
            "28cd6452-63cd-403c-bf84-df023a6afe22",
            "5cc180ed-8040-486c-97a4-d8ba6aad77e4",
            "fac6e411-92b8-4f88-817d-9fa975d6cabe",
            "dc74aca8-a0fb-41ad-b499-4cb53711848e",
            "cc94c0a5-9612-4932-bed7-d120f67a145e",
            "34c835b4-68c5-4287-988f-98c8e2986ffe",
            "86fa5d18-925b-4418-bd2a-14d9115db98b",
            "42d277fe-b268-42b0-9ab0-78e858fc53a7",
            "e49ef559-7dde-4481-babe-55f9a47c96a6",
            "c0ad82e2-977d-45b2-8060-b8f0c45630d8",
            "9e7b816a-5d87-4e13-b783-6cc2126db689",
            "37b4d8f4-894b-41a5-b28a-a9f6c89bc728",
            "953b5dfe-c574-43cd-812e-daa4cedc73a1",
            "c4494c84-0060-4483-a47e-f80a79441f92",
            "e0ed26d9-3638-4bd7-a566-5bb19e469f40",
            "5911750b-a890-4181-a07b-138f8f4ab2d3"
          ]
        }
      ],
      "Page": 1
    },
    {
      "BlockType": "LINE",
      "Confidence": 99.92383575439453,
      "Text": "Sample code",
      "Geometry": {
        "BoundingBox": {
          "Width": 0.08220706880092621,
          "Height": 0.024913817644119263,
          "Left": 0.2498289942741394,
          "Top": 0.41095203161239624
        },
        "Polygon": [
          {
            "X": 0.2498289942741394,
            "Y": 0.4109959602355957
          },
          {
            "X": 0.3319275975227356,
            "Y": 0.41095203161239624
          },
          {
            "X": 0.3320360481739044,
            "Y": 0.43583086133003235
          },
          {
            "X": 0.24993056058883667,
            "Y": 0.4358658492565155
          }
        ]
      },
      "Id": "da15b92b-ef0a-4511-b112-3f020e6b47c2",
      "Relationships": [
        {
          "Type": "CHILD",
          "Ids": [
            "673fec06-ecd5-4484-bcc2-440aba99e116",
            "a236c25f-720b-4df9-9734-cce9a985773d"
          ]
        }
      ],
      "Page": 1
    },
    {
      "BlockType": "LINE",
      "Confidence": 99.48075103759766,
      "Text": "Element composition (wt%)",
      "Geometry": {
        "BoundingBox": {
          "Width": 0.17796173691749573,
          "Height": 0.02504848875105381,
          "Left": 0.4177083671092987,
          "Top": 0.4112429916858673
        },
        "Polygon": [
          {
            "X": 0.4177083671092987,
            "Y": 0.41133782267570496
          },
          {
            "X": 0.5955391526222229,
            "Y": 0.4112429916858673
          },
          {
            "X": 0.5956701040267944,
            "Y": 0.4362160861492157
          },
          {
            "X": 0.41782432794570923,
            "Y": 0.43629148602485657
          }
        ]
      },
      "Id": "24d82157-6e2f-40aa-82a1-643869b82a0a",
      "Relationships": [
        {
          "Type": "CHILD",
          "Ids": [
            "8103b31a-ebd1-4db9-8614-e3eeffc6f05c",
            "002b39dd-9603-418c-af95-58255f08a745",
            "491ca682-a273-4087-8210-38cddea03c43"
          ]
        }
      ],
      "Page": 1
    },
    {
      "BlockType": "LINE",
      "Confidence": 90.29216766357422,
      "Text": "C",
      "Geometry": {
        "BoundingBox": {
          "Width": 0.008758527226746082,
          "Height": 0.01898934319615364,
          "Left": 0.4175322651863098,
          "Top": 0.459545373916626
        },
        "Polygon": [
          {
            "X": 0.4175322651863098,
            "Y": 0.4595481753349304
          },
          {
            "X": 0.42620202898979187,
            "Y": 0.459545373916626
          },
          {
            "X": 0.4262907803058624,
            "Y": 0.4785326421260834
          },
          {
            "X": 0.417620450258255,
            "Y": 0.4785346984863281
          }
        ]
      },
      "Id": "a4e46c74-1e26-46d4-8e14-98ade2115f94",
      "Relationships": [
        {
          "Type": "CHILD",
          "Ids": [
            "04d0f4c3-a83a-450c-8243-c7eb6eb433d6"
          ]
        }
      ],
      "Page": 1
    },
    {
      "BlockType": "LINE",
      "Confidence": 99.95246887207031,
      "Text": "N",
      "Geometry": {
        "BoundingBox": {
          "Width": 0.009981060400605202,
          "Height": 0.018832918256521225,
          "Left": 0.5253629684448242,
          "Top": 0.459518700838089
        },
        "Polygon": [
          {
            "X": 0.5253629684448242,
            "Y": 0.4595218896865845
          },
          {
            "X": 0.5352491140365601,
            "Y": 0.459518700838089
          },
          {
            "X": 0.5353440046310425,
            "Y": 0.4783492684364319
          },
          {
            "X": 0.5254572629928589,
            "Y": 0.4783516228199005
          }
        ]
      },
      "Id": "1a2ce277-6244-4015-bf13-ae87db516eac",
      "Relationships": [
        {
          "Type": "CHILD",
          "Ids": [
            "4a2a3a50-36d6-4de4-b96d-d571bc5df95a"
          ]
        }
      ],
      "Page": 1
    },
    {
      "BlockType": "LINE",
      "Confidence": 96.8604507446289,
      "Text": "o",
      "Geometry": {
        "BoundingBox": {
          "Width": 0.009734747000038624,
          "Height": 0.018454765900969505,
          "Left": 0.6248751878738403,
          "Top": 0.4601858854293823
        },
        "Polygon": [
          {
            "X": 0.6248751878738403,
            "Y": 0.46018895506858826
          },
          {
            "X": 0.6345108151435852,
            "Y": 0.4601858854293823
          },
          {
            "X": 0.6346099376678467,
            "Y": 0.47863835096359253
          },
          {
            "X": 0.6249737739562988,
            "Y": 0.4786406457424164
          }
        ]
      },
      "Id": "564a2bc4-a918-477c-af83-553f5975ac12",
      "Relationships": [
        {
          "Type": "CHILD",
          "Ids": [
            "597d66f1-df60-425f-8d23-2e107804f265"
          ]
        }
      ],
      "Page": 1
    },
    {
      "BlockType": "LINE",
      "Confidence": 99.65836334228516,
      "Text": "P",
      "Geometry": {
        "BoundingBox": {
          "Width": 0.008102691732347012,
          "Height": 0.019013086333870888,
          "Left": 0.7326396703720093,
          "Top": 0.45948073267936707
        },
        "Polygon": [
          {
            "X": 0.7326396703720093,
            "Y": 0.4594832956790924
          },
          {
            "X": 0.7406334280967712,
            "Y": 0.45948073267936707
          },
          {
            "X": 0.7407423257827759,
            "Y": 0.4784919023513794
          },
          {
            "X": 0.7327480316162109,
            "Y": 0.4784938097000122
          }
        ]
      },
      "Id": "d532e434-0cbf-4a05-9434-2a80e2331f92",
      "Relationships": [
        {
          "Type": "CHILD",
          "Ids": [
            "1dbc9360-be78-4d54-8e7b-f5e9eef63377"
          ]
        }
      ],
      "Page": 1
    },
    {
      "BlockType": "LINE",
      "Confidence": 99.72531127929688,
      "Text": "EP/EG",
      "Geometry": {
        "BoundingBox": {
          "Width": 0.038022443652153015,
          "Height": 0.023455925285816193,
          "Left": 0.250375896692276,
          "Top": 0.5076848268508911
        },
        "Polygon": [
          {
            "X": 0.250375896692276,
            "Y": 0.5076890587806702
          },
          {
            "X": 0.2882995307445526,
            "Y": 0.5076848268508911
          },
          {
            "X": 0.2883983254432678,
            "Y": 0.5311403870582581
          },
          {
            "X": 0.25047168135643005,
            "Y": 0.5311407446861267
          }
        ]
      },
      "Id": "28cd6452-63cd-403c-bf84-df023a6afe22",
      "Relationships": [
        {
          "Type": "CHILD",
          "Ids": [
            "6d1797f7-39df-4a6d-95b5-f9fc5bc9f5d6"
          ]
        }
      ],
      "Page": 1
    },
    {
      "BlockType": "LINE",
      "Confidence": 91.7896728515625,
      "Text": "92.36",
      "Geometry": {
        "BoundingBox": {
          "Width": 0.03563456982374191,
          "Height": 0.019939951598644257,
          "Left": 0.4174077808856964,
          "Top": 0.5075875520706177
        },
        "Polygon": [
          {
            "X": 0.4174077808856964,
            "Y": 0.5075915455818176
          },
          {
            "X": 0.45294734835624695,
            "Y": 0.5075875520706177
          },
          {
            "X": 0.45304232835769653,
            "Y": 0.5275266766548157
          },
          {
            "X": 0.417500376701355,
            "Y": 0.5275275111198425
          }
        ]
      },
      "Id": "5cc180ed-8040-486c-97a4-d8ba6aad77e4",
      "Relationships": [
        {
          "Type": "CHILD",
          "Ids": [
            "96a95f77-8f37-4d5c-a279-46332554505e"
          ]
        }
      ],
      "Page": 1
    },
    {
      "BlockType": "LINE",
      "Confidence": 83.9278564453125,
      "Text": "3.44",
      "Geometry": {
        "BoundingBox": {
          "Width": 0.027477053925395012,
          "Height": 0.019374851137399673,
          "Left": 0.5253596901893616,
          "Top": 0.5079270601272583
        },
        "Polygon": [
          {
            "X": 0.5253596901893616,
            "Y": 0.5079300999641418
          },
          {
            "X": 0.5527379512786865,
            "Y": 0.5079270601272583
          },
          {
            "X": 0.5528367161750793,
            "Y": 0.5273012518882751
          },
          {
            "X": 0.5254566669464111,
            "Y": 0.5273019075393677
          }
        ]
      },
      "Id": "fac6e411-92b8-4f88-817d-9fa975d6cabe",
      "Relationships": [
        {
          "Type": "CHILD",
          "Ids": [
            "cd443c2d-42dc-4998-9d27-55d9f364fc60"
          ]
        }
      ],
      "Page": 1
    },
    {
      "BlockType": "LINE",
      "Confidence": 99.77971649169922,
      "Text": "4.20",
      "Geometry": {
        "BoundingBox": {
          "Width": 0.027565276250243187,
          "Height": 0.019187981262803078,
          "Left": 0.6329236030578613,
          "Top": 0.5079010725021362
        },
        "Polygon": [
          {
            "X": 0.6329236030578613,
            "Y": 0.5079041123390198
          },
          {
            "X": 0.6603841185569763,
            "Y": 0.5079010725021362
          },
          {
            "X": 0.6604889035224915,
            "Y": 0.5270883440971375
          },
          {
            "X": 0.6330265998840332,
            "Y": 0.5270890593528748
          }
        ]
      },
      "Id": "dc74aca8-a0fb-41ad-b499-4cb53711848e",
      "Relationships": [
        {
          "Type": "CHILD",
          "Ids": [
            "3d55ceed-5388-4564-afd6-481841d48f77"
          ]
        }
      ],
      "Page": 1
    },
    {
      "BlockType": "LINE",
      "Confidence": 99.37873840332031,
      "Text": "0",
      "Geometry": {
        "BoundingBox": {
          "Width": 0.008193638175725937,
          "Height": 0.01898771896958351,
          "Left": 0.7325690984725952,
          "Top": 0.5082038640975952
        },
        "Polygon": [
          {
            "X": 0.7325690984725952,
            "Y": 0.5082047581672668
          },
          {
            "X": 0.7406539916992188,
            "Y": 0.5082038640975952
          },
          {
            "X": 0.7407627701759338,
            "Y": 0.5271914005279541
          },
          {
            "X": 0.7326774001121521,
            "Y": 0.5271915793418884
          }
        ]
      },
      "Id": "cc94c0a5-9612-4932-bed7-d120f67a145e",
      "Relationships": [
        {
          "Type": "CHILD",
          "Ids": [
            "f69897c1-3d32-4c20-8586-e40621d93857"
          ]
        }
      ],
      "Page": 1
    },
    {
      "BlockType": "LINE",
      "Confidence": 97.15581512451172,
      "Text": "EP/EG/DOPO-3",
      "Geometry": {
        "BoundingBox": {
          "Width": 0.09367559105157852,
          "Height": 0.02419218234717846,
          "Left": 0.2508092224597931,
          "Top": 0.53907310962677
        },
        "Polygon": [
          {
            "X": 0.2508092224597931,
            "Y": 0.53907310962677
          },
          {
            "X": 0.34437838196754456,
            "Y": 0.5390755534172058
          },
          {
            "X": 0.344484806060791,
            "Y": 0.5632652640342712
          },
          {
            "X": 0.2509079873561859,
            "Y": 0.5632529258728027
          }
        ]
      },
      "Id": "34c835b4-68c5-4287-988f-98c8e2986ffe",
      "Relationships": [
        {
          "Type": "CHILD",
          "Ids": [
            "30cee736-d53e-4660-8f29-d7b8b4d7d56d"
          ]
        }
      ],
      "Page": 1
    },
    {
      "BlockType": "LINE",
      "Confidence": 97.6639175415039,
      "Text": "79.19",
      "Geometry": {
        "BoundingBox": {
          "Width": 0.03564979135990143,
          "Height": 0.019518202170729637,
          "Left": 0.4173959791660309,
          "Top": 0.5393494367599487
        },
        "Polygon": [
          {
            "X": 0.4173959791660309,
            "Y": 0.5393494367599487
          },
          {
            "X": 0.4529528021812439,
            "Y": 0.5393503904342651
          },
          {
            "X": 0.4530457854270935,
            "Y": 0.5588676333427429
          },
          {
            "X": 0.41748660802841187,
            "Y": 0.558863639831543
          }
        ]
      },
      "Id": "86fa5d18-925b-4418-bd2a-14d9115db98b",
      "Relationships": [
        {
          "Type": "CHILD",
          "Ids": [
            "45d51678-bb48-4ffe-8d6e-fcb40a2d075b"
          ]
        }
      ],
      "Page": 1
    },
    {
      "BlockType": "LINE",
      "Confidence": 98.85942077636719,
      "Text": "6.05",
      "Geometry": {
        "BoundingBox": {
          "Width": 0.027035925537347794,
          "Height": 0.018704228103160858,
          "Left": 0.5253293514251709,
          "Top": 0.5397557020187378
        },
        "Polygon": [
          {
            "X": 0.5253293514251709,
            "Y": 0.5397557020187378
          },
          {
            "X": 0.5522699952125549,
            "Y": 0.5397564768791199
          },
          {
            "X": 0.5523653030395508,
            "Y": 0.5584599375724792
          },
          {
            "X": 0.525422990322113,
            "Y": 0.5584568977355957
          }
        ]
      },
      "Id": "42d277fe-b268-42b0-9ab0-78e858fc53a7",
      "Relationships": [
        {
          "Type": "CHILD",
          "Ids": [
            "2556acdd-1736-4ed6-87d4-14b37acad98e"
          ]
        }
      ],
      "Page": 1
    },
    {
      "BlockType": "LINE",
      "Confidence": 99.3406982421875,
      "Text": "13.54",
      "Geometry": {
        "BoundingBox": {
          "Width": 0.034587930887937546,
          "Height": 0.019365565851330757,
          "Left": 0.6258645057678223,
          "Top": 0.5395323634147644
        },
        "Polygon": [
          {
            "X": 0.6258645057678223,
            "Y": 0.5395323634147644
          },
          {
            "X": 0.6603466868400574,
            "Y": 0.5395333170890808
          },
          {
            "X": 0.6604524254798889,
            "Y": 0.5588979125022888
          },
          {
            "X": 0.6259679198265076,
            "Y": 0.5588939785957336
          }
        ]
      },
      "Id": "e49ef559-7dde-4481-babe-55f9a47c96a6",
      "Relationships": [
        {
          "Type": "CHILD",
          "Ids": [
            "1959c294-7fe2-40c8-abe9-87cc227b48a2"
          ]
        }
      ],
      "Page": 1
    },
    {
      "BlockType": "LINE",
      "Confidence": 97.98837280273438,
      "Text": "1.23",
      "Geometry": {
        "BoundingBox": {
          "Width": 0.025644225999712944,
          "Height": 0.01910713128745556,
          "Left": 0.7336578369140625,
          "Top": 0.5395767688751221
        },
        "Polygon": [
          {
            "X": 0.7336578369140625,
            "Y": 0.5395767688751221
          },
          {
            "X": 0.7591914534568787,
            "Y": 0.5395774841308594
          },
          {
            "X": 0.7593020796775818,
            "Y": 0.5586838722229004
          },
          {
            "X": 0.7337667942047119,
            "Y": 0.5586810111999512
          }
        ]
      },
      "Id": "c0ad82e2-977d-45b2-8060-b8f0c45630d8",
      "Relationships": [
        {
          "Type": "CHILD",
          "Ids": [
            "0999b47a-cfd6-4bf9-88c5-ddb3fa916b33"
          ]
        }
      ],
      "Page": 1
    },
    {
      "BlockType": "LINE",
      "Confidence": 98.93727111816406,
      "Text": "EP/EG/HPCP-3",
      "Geometry": {
        "BoundingBox": {
          "Width": 0.09092862159013748,
          "Height": 0.024334240704774857,
          "Left": 0.25050780177116394,
          "Top": 0.5694258213043213
        },
        "Polygon": [
          {
            "X": 0.25050780177116394,
            "Y": 0.5694258213043213
          },
          {
            "X": 0.3413296937942505,
            "Y": 0.5694403052330017
          },
          {
            "X": 0.3414364457130432,
            "Y": 0.593760073184967
          },
          {
            "X": 0.25060710310935974,
            "Y": 0.593735933303833
          }
        ]
      },
      "Id": "9e7b816a-5d87-4e13-b783-6cc2126db689",
      "Relationships": [
        {
          "Type": "CHILD",
          "Ids": [
            "14cba87d-688d-4ec2-b616-8eaf11f7b879"
          ]
        }
      ],
      "Page": 1
    },
    {
      "BlockType": "LINE",
      "Confidence": 96.87138366699219,
      "Text": "80.34",
      "Geometry": {
        "BoundingBox": {
          "Width": 0.0353507362306118,
          "Height": 0.019410734996199608,
          "Left": 0.4177272319793701,
          "Top": 0.5697705149650574
        },
        "Polygon": [
          {
            "X": 0.4177272319793701,
            "Y": 0.5697705149650574
          },
          {
            "X": 0.4529855251312256,
            "Y": 0.569776177406311
          },
          {
            "X": 0.4530779719352722,
            "Y": 0.5891812443733215
          },
          {
            "X": 0.4178173542022705,
            "Y": 0.5891726016998291
          }
        ]
      },
      "Id": "37b4d8f4-894b-41a5-b28a-a9f6c89bc728",
      "Relationships": [
        {
          "Type": "CHILD",
          "Ids": [
            "90f53605-a049-426a-b718-890efec6231f"
          ]
        }
      ],
      "Page": 1
    },
    {
      "BlockType": "LINE",
      "Confidence": 97.90596771240234,
      "Text": "6.51",
      "Geometry": {
        "BoundingBox": {
          "Width": 0.025836972519755363,
          "Height": 0.019194260239601135,
          "Left": 0.5252698063850403,
          "Top": 0.5698574781417847
        },
        "Polygon": [
          {
            "X": 0.5252698063850403,
            "Y": 0.5698574781417847
          },
          {
            "X": 0.5510091185569763,
            "Y": 0.569861650466919
          },
          {
            "X": 0.5511068105697632,
            "Y": 0.5890517234802246
          },
          {
            "X": 0.5253658890724182,
            "Y": 0.5890454649925232
          }
        ]
      },
      "Id": "953b5dfe-c574-43cd-812e-daa4cedc73a1",
      "Relationships": [
        {
          "Type": "CHILD",
          "Ids": [
            "1f9785e6-44a0-4d36-bcd4-50bc5257ab31"
          ]
        }
      ],
      "Page": 1
    },
    {
      "BlockType": "LINE",
      "Confidence": 99.68538665771484,
      "Text": "11.48",
      "Geometry": {
        "BoundingBox": {
          "Width": 0.034494876861572266,
          "Height": 0.019547410309314728,
          "Left": 0.6257874965667725,
          "Top": 0.5697859525680542
        },
        "Polygon": [
          {
            "X": 0.6257874965667725,
            "Y": 0.5697859525680542
          },
          {
            "X": 0.6601757407188416,
            "Y": 0.5697914361953735
          },
          {
            "X": 0.6602823734283447,
            "Y": 0.5893333554267883
          },
          {
            "X": 0.6258918642997742,
            "Y": 0.5893248915672302
          }
        ]
      },
      "Id": "c4494c84-0060-4483-a47e-f80a79441f92",
      "Relationships": [
        {
          "Type": "CHILD",
          "Ids": [
            "bb01cbd0-6586-4fc4-b67b-0c060fbf5665"
          ]
        }
      ],
      "Page": 1
    },
    {
      "BlockType": "LINE",
      "Confidence": 92.39164733886719,
      "Text": "1.67",
      "Geometry": {
        "BoundingBox": {
          "Width": 0.02608218416571617,
          "Height": 0.018994299694895744,
          "Left": 0.7339099645614624,
          "Top": 0.569915235042572
        },
        "Polygon": [
          {
            "X": 0.7339099645614624,
            "Y": 0.569915235042572
          },
          {
            "X": 0.7598821520805359,
            "Y": 0.5699194669723511
          },
          {
            "X": 0.7599921822547913,
            "Y": 0.5889095664024353
          },
          {
            "X": 0.7340183258056641,
            "Y": 0.5889032483100891
          }
        ]
      },
      "Id": "e0ed26d9-3638-4bd7-a566-5bb19e469f40",
      "Relationships": [
        {
          "Type": "CHILD",
          "Ids": [
            "d4b23394-b8e0-4946-824a-c651c7097f79"
          ]
        }
      ],
      "Page": 1
    },
    {
      "BlockType": "WORD",
      "Confidence": 99.8859634399414,
      "Text": "Sample",
      "TextType": "PRINTED",
      "Geometry": {
        "BoundingBox": {
          "Width": 0.047896966338157654,
          "Height": 0.024895457550883293,
          "Left": 0.2498289942741394,
          "Top": 0.41097038984298706
        },
        "Polygon": [
          {
            "X": 0.2498289942741394,
            "Y": 0.4109959602355957
          },
          {
            "X": 0.29762038588523865,
            "Y": 0.41097038984298706
          },
          {
            "X": 0.29772594571113586,
            "Y": 0.4358454942703247
          },
          {
            "X": 0.24993056058883667,
            "Y": 0.4358658492565155
          }
        ]
      },
      "Id": "673fec06-ecd5-4484-bcc2-440aba99e116",
      "Page": 1
    },
    {
      "BlockType": "WORD",
      "Confidence": 99.96170806884766,
      "Text": "code",
      "TextType": "PRINTED",
      "Geometry": {
        "BoundingBox": {
          "Width": 0.0301678404211998,
          "Height": 0.019974108785390854,
          "Left": 0.30184876918792725,
          "Top": 0.4114111661911011
        },
        "Polygon": [
          {
            "X": 0.30184876918792725,
            "Y": 0.41142719984054565
          },
          {
            "X": 0.33192959427833557,
            "Y": 0.4114111661911011
          },
          {
            "X": 0.33201661705970764,
            "Y": 0.43137186765670776
          },
          {
            "X": 0.30193376541137695,
            "Y": 0.4313852787017822
          }
        ]
      },
      "Id": "a236c25f-720b-4df9-9734-cce9a985773d",
      "Page": 1
    },
    {
      "BlockType": "WORD",
      "Confidence": 99.9447250366211,
      "Text": "Element",
      "TextType": "PRINTED",
      "Geometry": {
        "BoundingBox": {
          "Width": 0.05371689796447754,
          "Height": 0.02034411020576954,
          "Left": 0.4177089333534241,
          "Top": 0.4114304780960083
        },
        "Polygon": [
          {
            "X": 0.4177089333534241,
            "Y": 0.4114590585231781
          },
          {
            "X": 0.4713277518749237,
            "Y": 0.4114304780960083
          },
          {
            "X": 0.4714258313179016,
            "Y": 0.4317508041858673
          },
          {
            "X": 0.4178033471107483,
            "Y": 0.4317745864391327
          }
        ]
      },
      "Id": "8103b31a-ebd1-4db9-8614-e3eeffc6f05c",
      "Page": 1
    },
    {
      "BlockType": "WORD",
      "Confidence": 99.78500366210938,
      "Text": "composition",
      "TextType": "PRINTED",
      "Geometry": {
        "BoundingBox": {
          "Width": 0.0801701620221138,
          "Height": 0.024915533140301704,
          "Left": 0.4750397801399231,
          "Top": 0.41135165095329285
        },
        "Polygon": [
          {
            "X": 0.4750397801399231,
            "Y": 0.41139429807662964
          },
          {
            "X": 0.5550828576087952,
            "Y": 0.41135165095329285
          },
          {
            "X": 0.5552099347114563,
            "Y": 0.436233252286911
          },
          {
            "X": 0.475160151720047,
            "Y": 0.4362671971321106
          }
        ]
      },
      "Id": "002b39dd-9603-418c-af95-58255f08a745",
      "Page": 1
    },
    {
      "BlockType": "WORD",
      "Confidence": 98.71253967285156,
      "Text": "(wt%)",
      "TextType": "PRINTED",
      "Geometry": {
        "BoundingBox": {
          "Width": 0.03637241572141647,
          "Height": 0.024943048134446144,
          "Left": 0.5592974424362183,
          "Top": 0.4112429916858673
        },
        "Polygon": [
          {
            "X": 0.5592974424362183,
            "Y": 0.4112623333930969
          },
          {
            "X": 0.5955391526222229,
            "Y": 0.4112429916858673
          },
          {
            "X": 0.5956698656082153,
            "Y": 0.43617066740989685
          },
          {
            "X": 0.5594251155853271,
            "Y": 0.4361860454082489
          }
        ]
      },
      "Id": "491ca682-a273-4087-8210-38cddea03c43",
      "Page": 1
    },
    {
      "BlockType": "WORD",
      "Confidence": 90.29216766357422,
      "Text": "C",
      "TextType": "PRINTED",
      "Geometry": {
        "BoundingBox": {
          "Width": 0.008758527226746082,
          "Height": 0.01898934319615364,
          "Left": 0.4175322651863098,
          "Top": 0.459545373916626
        },
        "Polygon": [
          {
            "X": 0.4175322651863098,
            "Y": 0.4595481753349304
          },
          {
            "X": 0.42620202898979187,
            "Y": 0.459545373916626
          },
          {
            "X": 0.4262907803058624,
            "Y": 0.4785326421260834
          },
          {
            "X": 0.417620450258255,
            "Y": 0.4785346984863281
          }
        ]
      },
      "Id": "04d0f4c3-a83a-450c-8243-c7eb6eb433d6",
      "Page": 1
    },
    {
      "BlockType": "WORD",
      "Confidence": 99.95246887207031,
      "Text": "N",
      "TextType": "PRINTED",
      "Geometry": {
        "BoundingBox": {
          "Width": 0.009981060400605202,
          "Height": 0.018832918256521225,
          "Left": 0.5253629684448242,
          "Top": 0.459518700838089
        },
        "Polygon": [
          {
            "X": 0.5253629684448242,
            "Y": 0.4595218896865845
          },
          {
            "X": 0.5352491140365601,
            "Y": 0.459518700838089
          },
          {
            "X": 0.5353440046310425,
            "Y": 0.4783492684364319
          },
          {
            "X": 0.5254572629928589,
            "Y": 0.4783516228199005
          }
        ]
      },
      "Id": "4a2a3a50-36d6-4de4-b96d-d571bc5df95a",
      "Page": 1
    },
    {
      "BlockType": "WORD",
      "Confidence": 96.8604507446289,
      "Text": "o",
      "TextType": "PRINTED",
      "Geometry": {
        "BoundingBox": {
          "Width": 0.009734747000038624,
          "Height": 0.018454765900969505,
          "Left": 0.6248751878738403,
          "Top": 0.4601858854293823
        },
        "Polygon": [
          {
            "X": 0.6248751878738403,
            "Y": 0.46018895506858826
          },
          {
            "X": 0.6345108151435852,
            "Y": 0.4601858854293823
          },
          {
            "X": 0.6346099376678467,
            "Y": 0.47863835096359253
          },
          {
            "X": 0.6249737739562988,
            "Y": 0.4786406457424164
          }
        ]
      },
      "Id": "597d66f1-df60-425f-8d23-2e107804f265",
      "Page": 1
    },
    {
      "BlockType": "WORD",
      "Confidence": 99.65836334228516,
      "Text": "P",
      "TextType": "PRINTED",
      "Geometry": {
        "BoundingBox": {
          "Width": 0.008102691732347012,
          "Height": 0.019013086333870888,
          "Left": 0.7326396703720093,
          "Top": 0.45948073267936707
        },
        "Polygon": [
          {
            "X": 0.7326396703720093,
            "Y": 0.4594832956790924
          },
          {
            "X": 0.7406334280967712,
            "Y": 0.45948073267936707
          },
          {
            "X": 0.7407423257827759,
            "Y": 0.4784919023513794
          },
          {
            "X": 0.7327480316162109,
            "Y": 0.4784938097000122
          }
        ]
      },
      "Id": "1dbc9360-be78-4d54-8e7b-f5e9eef63377",
      "Page": 1
    },
    {
      "BlockType": "WORD",
      "Confidence": 99.72531127929688,
      "Text": "EP/EG",
      "TextType": "PRINTED",
      "Geometry": {
        "BoundingBox": {
          "Width": 0.038022443652153015,
          "Height": 0.023455925285816193,
          "Left": 0.250375896692276,
          "Top": 0.5076848268508911
        },
        "Polygon": [
          {
            "X": 0.250375896692276,
            "Y": 0.5076890587806702
          },
          {
            "X": 0.2882995307445526,
            "Y": 0.5076848268508911
          },
          {
            "X": 0.2883983254432678,
            "Y": 0.5311403870582581
          },
          {
            "X": 0.25047168135643005,
            "Y": 0.5311407446861267
          }
        ]
      },
      "Id": "6d1797f7-39df-4a6d-95b5-f9fc5bc9f5d6",
      "Page": 1
    },
    {
      "BlockType": "WORD",
      "Confidence": 91.7896728515625,
      "Text": "92.36",
      "TextType": "PRINTED",
      "Geometry": {
        "BoundingBox": {
          "Width": 0.03563456982374191,
          "Height": 0.019939951598644257,
          "Left": 0.4174077808856964,
          "Top": 0.5075875520706177
        },
        "Polygon": [
          {
            "X": 0.4174077808856964,
            "Y": 0.5075915455818176
          },
          {
            "X": 0.45294734835624695,
            "Y": 0.5075875520706177
          },
          {
            "X": 0.45304232835769653,
            "Y": 0.5275266766548157
          },
          {
            "X": 0.417500376701355,
            "Y": 0.5275275111198425
          }
        ]
      },
      "Id": "96a95f77-8f37-4d5c-a279-46332554505e",
      "Page": 1
    },
    {
      "BlockType": "WORD",
      "Confidence": 83.9278564453125,
      "Text": "3.44",
      "TextType": "PRINTED",
      "Geometry": {
        "BoundingBox": {
          "Width": 0.027477053925395012,
          "Height": 0.019374851137399673,
          "Left": 0.5253596901893616,
          "Top": 0.5079270601272583
        },
        "Polygon": [
          {
            "X": 0.5253596901893616,
            "Y": 0.5079300999641418
          },
          {
            "X": 0.5527379512786865,
            "Y": 0.5079270601272583
          },
          {
            "X": 0.5528367161750793,
            "Y": 0.5273012518882751
          },
          {
            "X": 0.5254566669464111,
            "Y": 0.5273019075393677
          }
        ]
      },
      "Id": "cd443c2d-42dc-4998-9d27-55d9f364fc60",
      "Page": 1
    },
    {
      "BlockType": "WORD",
      "Confidence": 99.77971649169922,
      "Text": "4.20",
      "TextType": "PRINTED",
      "Geometry": {
        "BoundingBox": {
          "Width": 0.027565276250243187,
          "Height": 0.019187981262803078,
          "Left": 0.6329236030578613,
          "Top": 0.5079010725021362
        },
        "Polygon": [
          {
            "X": 0.6329236030578613,
            "Y": 0.5079041123390198
          },
          {
            "X": 0.6603841185569763,
            "Y": 0.5079010725021362
          },
          {
            "X": 0.6604889035224915,
            "Y": 0.5270883440971375
          },
          {
            "X": 0.6330265998840332,
            "Y": 0.5270890593528748
          }
        ]
      },
      "Id": "3d55ceed-5388-4564-afd6-481841d48f77",
      "Page": 1
    },
    {
      "BlockType": "WORD",
      "Confidence": 99.37873840332031,
      "Text": "0",
      "TextType": "PRINTED",
      "Geometry": {
        "BoundingBox": {
          "Width": 0.008193638175725937,
          "Height": 0.01898771896958351,
          "Left": 0.7325690984725952,
          "Top": 0.5082038640975952
        },
        "Polygon": [
          {
            "X": 0.7325690984725952,
            "Y": 0.5082047581672668
          },
          {
            "X": 0.7406539916992188,
            "Y": 0.5082038640975952
          },
          {
            "X": 0.7407627701759338,
            "Y": 0.5271914005279541
          },
          {
            "X": 0.7326774001121521,
            "Y": 0.5271915793418884
          }
        ]
      },
      "Id": "f69897c1-3d32-4c20-8586-e40621d93857",
      "Page": 1
    },
    {
      "BlockType": "WORD",
      "Confidence": 97.15581512451172,
      "Text": "EP/EG/DOPO-3",
      "TextType": "PRINTED",
      "Geometry": {
        "BoundingBox": {
          "Width": 0.09367559105157852,
          "Height": 0.02419218234717846,
          "Left": 0.2508092224597931,
          "Top": 0.53907310962677
        },
        "Polygon": [
          {
            "X": 0.2508092224597931,
            "Y": 0.53907310962677
          },
          {
            "X": 0.34437838196754456,
            "Y": 0.5390755534172058
          },
          {
            "X": 0.344484806060791,
            "Y": 0.5632652640342712
          },
          {
            "X": 0.2509079873561859,
            "Y": 0.5632529258728027
          }
        ]
      },
      "Id": "30cee736-d53e-4660-8f29-d7b8b4d7d56d",
      "Page": 1
    },
    {
      "BlockType": "WORD",
      "Confidence": 97.6639175415039,
      "Text": "79.19",
      "TextType": "PRINTED",
      "Geometry": {
        "BoundingBox": {
          "Width": 0.03564979135990143,
          "Height": 0.019518202170729637,
          "Left": 0.4173959791660309,
          "Top": 0.5393494367599487
        },
        "Polygon": [
          {
            "X": 0.4173959791660309,
            "Y": 0.5393494367599487
          },
          {
            "X": 0.4529528021812439,
            "Y": 0.5393503904342651
          },
          {
            "X": 0.4530457854270935,
            "Y": 0.5588676333427429
          },
          {
            "X": 0.41748660802841187,
            "Y": 0.558863639831543
          }
        ]
      },
      "Id": "45d51678-bb48-4ffe-8d6e-fcb40a2d075b",
      "Page": 1
    },
    {
      "BlockType": "WORD",
      "Confidence": 98.85942077636719,
      "Text": "6.05",
      "TextType": "PRINTED",
      "Geometry": {
        "BoundingBox": {
          "Width": 0.027035925537347794,
          "Height": 0.018704228103160858,
          "Left": 0.5253293514251709,
          "Top": 0.5397557020187378
        },
        "Polygon": [
          {
            "X": 0.5253293514251709,
            "Y": 0.5397557020187378
          },
          {
            "X": 0.5522699952125549,
            "Y": 0.5397564768791199
          },
          {
            "X": 0.5523653030395508,
            "Y": 0.5584599375724792
          },
          {
            "X": 0.525422990322113,
            "Y": 0.5584568977355957
          }
        ]
      },
      "Id": "2556acdd-1736-4ed6-87d4-14b37acad98e",
      "Page": 1
    },
    {
      "BlockType": "WORD",
      "Confidence": 99.3406982421875,
      "Text": "13.54",
      "TextType": "PRINTED",
      "Geometry": {
        "BoundingBox": {
          "Width": 0.034587930887937546,
          "Height": 0.019365565851330757,
          "Left": 0.6258645057678223,
          "Top": 0.5395323634147644
        },
        "Polygon": [
          {
            "X": 0.6258645057678223,
            "Y": 0.5395323634147644
          },
          {
            "X": 0.6603466868400574,
            "Y": 0.5395333170890808
          },
          {
            "X": 0.6604524254798889,
            "Y": 0.5588979125022888
          },
          {
            "X": 0.6259679198265076,
            "Y": 0.5588939785957336
          }
        ]
      },
      "Id": "1959c294-7fe2-40c8-abe9-87cc227b48a2",
      "Page": 1
    },
    {
      "BlockType": "WORD",
      "Confidence": 97.98837280273438,
      "Text": "1.23",
      "TextType": "PRINTED",
      "Geometry": {
        "BoundingBox": {
          "Width": 0.025644225999712944,
          "Height": 0.01910713128745556,
          "Left": 0.7336578369140625,
          "Top": 0.5395767688751221
        },
        "Polygon": [
          {
            "X": 0.7336578369140625,
            "Y": 0.5395767688751221
          },
          {
            "X": 0.7591914534568787,
            "Y": 0.5395774841308594
          },
          {
            "X": 0.7593020796775818,
            "Y": 0.5586838722229004
          },
          {
            "X": 0.7337667942047119,
            "Y": 0.5586810111999512
          }
        ]
      },
      "Id": "0999b47a-cfd6-4bf9-88c5-ddb3fa916b33",
      "Page": 1
    },
    {
      "BlockType": "WORD",
      "Confidence": 98.93727111816406,
      "Text": "EP/EG/HPCP-3",
      "TextType": "PRINTED",
      "Geometry": {
        "BoundingBox": {
          "Width": 0.09092862159013748,
          "Height": 0.024334240704774857,
          "Left": 0.25050780177116394,
          "Top": 0.5694258213043213
        },
        "Polygon": [
          {
            "X": 0.25050780177116394,
            "Y": 0.5694258213043213
          },
          {
            "X": 0.3413296937942505,
            "Y": 0.5694403052330017
          },
          {
            "X": 0.3414364457130432,
            "Y": 0.593760073184967
          },
          {
            "X": 0.25060710310935974,
            "Y": 0.593735933303833
          }
        ]
      },
      "Id": "14cba87d-688d-4ec2-b616-8eaf11f7b879",
      "Page": 1
    },
    {
      "BlockType": "WORD",
      "Confidence": 96.87138366699219,
      "Text": "80.34",
      "TextType": "PRINTED",
      "Geometry": {
        "BoundingBox": {
          "Width": 0.0353507362306118,
          "Height": 0.019410734996199608,
          "Left": 0.4177272319793701,
          "Top": 0.5697705149650574
        },
        "Polygon": [
          {
            "X": 0.4177272319793701,
            "Y": 0.5697705149650574
          },
          {
            "X": 0.4529855251312256,
            "Y": 0.569776177406311
          },
          {
            "X": 0.4530779719352722,
            "Y": 0.5891812443733215
          },
          {
            "X": 0.4178173542022705,
            "Y": 0.5891726016998291
          }
        ]
      },
      "Id": "90f53605-a049-426a-b718-890efec6231f",
      "Page": 1
    },
    {
      "BlockType": "WORD",
      "Confidence": 97.90596771240234,
      "Text": "6.51",
      "TextType": "PRINTED",
      "Geometry": {
        "BoundingBox": {
          "Width": 0.025836972519755363,
          "Height": 0.019194260239601135,
          "Left": 0.5252698063850403,
          "Top": 0.5698574781417847
        },
        "Polygon": [
          {
            "X": 0.5252698063850403,
            "Y": 0.5698574781417847
          },
          {
            "X": 0.5510091185569763,
            "Y": 0.569861650466919
          },
          {
            "X": 0.5511068105697632,
            "Y": 0.5890517234802246
          },
          {
            "X": 0.5253658890724182,
            "Y": 0.5890454649925232
          }
        ]
      },
      "Id": "1f9785e6-44a0-4d36-bcd4-50bc5257ab31",
      "Page": 1
    },
    {
      "BlockType": "WORD",
      "Confidence": 99.68538665771484,
      "Text": "11.48",
      "TextType": "PRINTED",
      "Geometry": {
        "BoundingBox": {
          "Width": 0.034494876861572266,
          "Height": 0.019547410309314728,
          "Left": 0.6257874965667725,
          "Top": 0.5697859525680542
        },
        "Polygon": [
          {
            "X": 0.6257874965667725,
            "Y": 0.5697859525680542
          },
          {
            "X": 0.6601757407188416,
            "Y": 0.5697914361953735
          },
          {
            "X": 0.6602823734283447,
            "Y": 0.5893333554267883
          },
          {
            "X": 0.6258918642997742,
            "Y": 0.5893248915672302
          }
        ]
      },
      "Id": "bb01cbd0-6586-4fc4-b67b-0c060fbf5665",
      "Page": 1
    },
    {
      "BlockType": "WORD",
      "Confidence": 92.39164733886719,
      "Text": "1.67",
      "TextType": "PRINTED",
      "Geometry": {
        "BoundingBox": {
          "Width": 0.02608218416571617,
          "Height": 0.018994299694895744,
          "Left": 0.7339099645614624,
          "Top": 0.569915235042572
        },
        "Polygon": [
          {
            "X": 0.7339099645614624,
            "Y": 0.569915235042572
          },
          {
            "X": 0.7598821520805359,
            "Y": 0.5699194669723511
          },
          {
            "X": 0.7599921822547913,
            "Y": 0.5889095664024353
          },
          {
            "X": 0.7340183258056641,
            "Y": 0.5889032483100891
          }
        ]
      },
      "Id": "d4b23394-b8e0-4946-824a-c651c7097f79",
      "Page": 1
    },
    {
      "BlockType": "TABLE",
      "Confidence": 99.951171875,
      "Geometry": {
        "BoundingBox": {
          "Width": 0.5391355156898499,
          "Height": 0.207532599568367,
          "Left": 0.23086680471897125,
          "Top": 0.39565467834472656
        },
        "Polygon": [
          {
            "X": 0.23086680471897125,
            "Y": 0.39597800374031067
          },
          {
            "X": 0.7687933444976807,
            "Y": 0.39565467834472656
          },
          {
            "X": 0.7700023055076599,
            "Y": 0.6031873226165771
          },
          {
            "X": 0.23169922828674316,
            "Y": 0.6030222177505493
          }
        ]
      },
      "Id": "5911750b-a890-4181-a07b-138f8f4ab2d3",
      "Relationships": [
        {
          "Type": "CHILD",
          "Ids": [
            "616701aa-0c94-44cf-996d-08f5945d4178",
            "9b58361d-03cf-4bf4-be2d-6b95fb8ce8e9",
            "6915083c-3069-4c40-9a7f-5990aea88153",
            "08344baf-4660-43ba-8907-937ce2af75c9",
            "4973be08-f455-4454-ba10-d46fe5994a68",
            "cae1b236-d2e5-4f91-af3f-a922f24ef539",
            "aae719b8-3575-4b40-93ba-7a64e79dd842",
            "bbfb7506-4143-43c2-b8ff-0d70506164cd",
            "474eab78-d385-42d1-8499-7b3e94e2e45e",
            "2e5f0166-ecf4-46d5-95f6-7300887bf044",
            "bc05cb0f-9c28-4306-8d4d-ca4a2b867911",
            "29dffc47-a110-4cc7-bf6e-db0d95a65fd9",
            "b38cc7d8-b409-49fa-a32c-5adce1f896f6",
            "aeab2777-156f-4f64-95c1-2922b20d26b7",
            "36e84b5e-5150-4cb5-8058-5960311e2884",
            "f9aa20c6-2ccd-4179-b968-2a6dc9c161fa",
            "c7538987-cd49-46ad-b590-be4cba158933",
            "c7d92df2-49f5-4226-a60c-c977f9a83e25",
            "ba4d5522-9797-49b6-9f21-4e8159582de7",
            "dcfd442b-06c5-4d01-accb-917f2a50a6ba",
            "5dcbad2e-6ef7-428f-b08f-d5b9ff2356dc",
            "2ab9bd9f-3328-4dad-8bff-d0f3c8def40b",
            "0ad1583e-ad7d-4a4e-a62e-ea7ea1d6d67f",
            "5581f64a-582b-46a8-9be0-acb1ce82bdd1",
            "acbe6c9e-c683-4512-9474-2e62de292eea"
          ]
        },
        {
          "Type": "MERGED_CELL",
          "Ids": [
            "fd1fcdce-b136-462d-9ea7-7871fa370b72",
            "ae83f03d-9848-4cf4-b7e0-ab57a044e459"
          ]
        }
      ],
      "EntityTypes": [
        "STRUCTURED_TABLE"
      ],
      "Page": 1
    },
    {
      "BlockType": "CELL",
      "Confidence": 31.396484375,
      "RowIndex": 1,
      "ColumnIndex": 1,
      "RowSpan": 1,
      "ColumnSpan": 1,
      "Geometry": {
        "BoundingBox": {
          "Width": 0.16329888999462128,
          "Height": 0.04992562532424927,
          "Left": 0.23114466667175293,
          "Top": 0.39608079195022583
        },
        "Polygon": [
          {
            "X": 0.23114466667175293,
            "Y": 0.39617863297462463
          },
          {
            "X": 0.39421576261520386,
            "Y": 0.39608079195022583
          },
          {
            "X": 0.3944435715675354,
            "Y": 0.4459441602230072
          },
          {
            "X": 0.2313450574874878,
            "Y": 0.4460064172744751
          }
        ]
      },
      "Id": "616701aa-0c94-44cf-996d-08f5945d4178",
      "Relationships": [
        {
          "Type": "CHILD",
          "Ids": [
            "673fec06-ecd5-4484-bcc2-440aba99e116",
            "a236c25f-720b-4df9-9734-cce9a985773d"
          ]
        }
      ],
      "EntityTypes": [
        "COLUMN_HEADER"
      ],
      "Page": 1
    },
    {
      "BlockType": "CELL",
      "Confidence": 60.205078125,
      "RowIndex": 1,
      "ColumnIndex": 2,
      "RowSpan": 1,
      "ColumnSpan": 1,
      "Geometry": {
        "BoundingBox": {
          "Width": 0.09375083446502686,
          "Height": 0.049919493496418,
          "Left": 0.39421576261520386,
          "Top": 0.3960246741771698
        },
        "Polygon": [
          {
            "X": 0.39421576261520386,
            "Y": 0.39608079195022583
          },
          {
            "X": 0.48772305250167847,
            "Y": 0.3960246741771698
          },
          {
            "X": 0.4879665970802307,
            "Y": 0.44590845704078674
          },
          {
            "X": 0.3944435715675354,
            "Y": 0.4459441602230072
          }
        ]
      },
      "Id": "9b58361d-03cf-4bf4-be2d-6b95fb8ce8e9",
      "Relationships": [
        {
          "Type": "CHILD",
          "Ids": [
            "8103b31a-ebd1-4db9-8614-e3eeffc6f05c"
          ]
        }
      ],
      "EntityTypes": [
        "COLUMN_HEADER"
      ],
      "Page": 1
    },
    {
      "BlockType": "CELL",
      "Confidence": 60.205078125,
      "RowIndex": 1,
      "ColumnIndex": 3,
      "RowSpan": 1,
      "ColumnSpan": 1,
      "Geometry": {
        "BoundingBox": {
          "Width": 0.09998361766338348,
          "Height": 0.04994364455342293,
          "Left": 0.48772305250167847,
          "Top": 0.3959648013114929
        },
        "Polygon": [
          {
            "X": 0.48772305250167847,
            "Y": 0.3960246741771698
          },
          {
            "X": 0.5874463319778442,
            "Y": 0.3959648013114929
          },
          {
            "X": 0.5877066850662231,
            "Y": 0.44587039947509766
          },
          {
            "X": 0.4879665970802307,
            "Y": 0.44590845704078674
          }
        ]
      },
      "Id": "6915083c-3069-4c40-9a7f-5990aea88153",
      "Relationships": [
        {
          "Type": "CHILD",
          "Ids": [
            "002b39dd-9603-418c-af95-58255f08a745",
            "491ca682-a273-4087-8210-38cddea03c43"
          ]
        }
      ],
      "EntityTypes": [
        "COLUMN_HEADER"
      ],
      "Page": 1
    },
    {
      "BlockType": "CELL",
      "Confidence": 60.205078125,
      "RowIndex": 1,
      "ColumnIndex": 4,
      "RowSpan": 1,
      "ColumnSpan": 1,
      "Geometry": {
        "BoundingBox": {
          "Width": 0.10777021944522858,
          "Height": 0.04997008666396141,
          "Left": 0.5874463319778442,
          "Top": 0.39590030908584595
        },
        "Polygon": [
          {
            "X": 0.5874463319778442,
            "Y": 0.3959648013114929
          },
          {
            "X": 0.694938063621521,
            "Y": 0.39590030908584595
          },
          {
            "X": 0.6952165365219116,
            "Y": 0.4458293616771698
          },
          {
            "X": 0.5877066850662231,
            "Y": 0.44587039947509766
          }
        ]
      },
      "Id": "08344baf-4660-43ba-8907-937ce2af75c9",
      "EntityTypes": [
        "COLUMN_HEADER"
      ],
      "Page": 1
    },
    {
      "BlockType": "CELL",
      "Confidence": 60.205078125,
      "RowIndex": 1,
      "ColumnIndex": 5,
      "RowSpan": 1,
      "ColumnSpan": 1,
      "Geometry": {
        "BoundingBox": {
          "Width": 0.07405803352594376,
          "Height": 0.049973320215940475,
          "Left": 0.694938063621521,
          "Top": 0.39585602283477783
        },
        "Polygon": [
          {
            "X": 0.694938063621521,
            "Y": 0.39590030908584595
          },
          {
            "X": 0.7687051892280579,
            "Y": 0.39585602283477783
          },
          {
            "X": 0.7689961194992065,
            "Y": 0.4458011984825134
          },
          {
            "X": 0.6952165365219116,
            "Y": 0.4458293616771698
          }
        ]
      },
      "Id": "4973be08-f455-4454-ba10-d46fe5994a68",
      "EntityTypes": [
        "COLUMN_HEADER"
      ],
      "Page": 1
    },
    {
      "BlockType": "CELL",
      "Confidence": 31.396484375,
      "RowIndex": 2,
      "ColumnIndex": 1,
      "RowSpan": 1,
      "ColumnSpan": 1,
      "Geometry": {
        "BoundingBox": {
          "Width": 0.163320392370224,
          "Height": 0.04859476536512375,
          "Left": 0.2313450574874878,
          "Top": 0.4459441602230072
        },
        "Polygon": [
          {
            "X": 0.2313450574874878,
            "Y": 0.4460064172744751
          },
          {
            "X": 0.3944435715675354,
            "Y": 0.4459441602230072
          },
          {
            "X": 0.3946654498577118,
            "Y": 0.49451136589050293
          },
          {
            "X": 0.23154021799564362,
            "Y": 0.49453893303871155
          }
        ]
      },
      "Id": "cae1b236-d2e5-4f91-af3f-a922f24ef539",
      "EntityTypes": [
        "COLUMN_HEADER"
      ],
      "Page": 1
    },
    {
      "BlockType": "CELL",
      "Confidence": 82.470703125,
      "RowIndex": 2,
      "ColumnIndex": 2,
      "RowSpan": 1,
      "ColumnSpan": 1,
      "Geometry": {
        "BoundingBox": {
          "Width": 0.09376024454832077,
          "Height": 0.048602908849716187,
          "Left": 0.3944435715675354,
          "Top": 0.44590845704078674
        },
        "Polygon": [
          {
            "X": 0.3944435715675354,
            "Y": 0.4459441602230072
          },
          {
            "X": 0.4879665970802307,
            "Y": 0.44590845704078674
          },
          {
            "X": 0.48820382356643677,
            "Y": 0.49449557065963745
          },
          {
            "X": 0.3946654498577118,
            "Y": 0.49451136589050293
          }
        ]
      },
      "Id": "aae719b8-3575-4b40-93ba-7a64e79dd842",
      "Relationships": [
        {
          "Type": "CHILD",
          "Ids": [
            "04d0f4c3-a83a-450c-8243-c7eb6eb433d6"
          ]
        }
      ],
      "EntityTypes": [
        "COLUMN_HEADER"
      ],
      "Page": 1
    },
    {
      "BlockType": "CELL",
      "Confidence": 88.232421875,
      "RowIndex": 2,
      "ColumnIndex": 3,
      "RowSpan": 1,
      "ColumnSpan": 1,
      "Geometry": {
        "BoundingBox": {
          "Width": 0.09999365359544754,
          "Height": 0.04862517863512039,
          "Left": 0.4879665970802307,
          "Top": 0.44587039947509766
        },
        "Polygon": [
          {
            "X": 0.4879665970802307,
            "Y": 0.44590845704078674
          },
          {
            "X": 0.5877066850662231,
            "Y": 0.44587039947509766
          },
          {
            "X": 0.5879602432250977,
            "Y": 0.494478702545166
          },
          {
            "X": 0.48820382356643677,
            "Y": 0.49449557065963745
          }
        ]
      },
      "Id": "bbfb7506-4143-43c2-b8ff-0d70506164cd",
      "Relationships": [
        {
          "Type": "CHILD",
          "Ids": [
            "4a2a3a50-36d6-4de4-b96d-d571bc5df95a"
          ]
        }
      ],
      "EntityTypes": [
        "COLUMN_HEADER"
      ],
      "Page": 1
    },
    {
      "BlockType": "CELL",
      "Confidence": 88.0859375,
      "RowIndex": 2,
      "ColumnIndex": 4,
      "RowSpan": 1,
      "ColumnSpan": 1,
      "Geometry": {
        "BoundingBox": {
          "Width": 0.10778111219406128,
          "Height": 0.04864936321973801,
          "Left": 0.5877066850662231,
          "Top": 0.4458293616771698
        },
        "Polygon": [
          {
            "X": 0.5877066850662231,
            "Y": 0.44587039947509766
          },
          {
            "X": 0.6952165365219116,
            "Y": 0.4458293616771698
          },
          {
            "X": 0.6954877972602844,
            "Y": 0.4944605529308319
          },
          {
            "X": 0.5879602432250977,
            "Y": 0.494478702545166
          }
        ]
      },
      "Id": "474eab78-d385-42d1-8499-7b3e94e2e45e",
      "Relationships": [
        {
          "Type": "CHILD",
          "Ids": [
            "597d66f1-df60-425f-8d23-2e107804f265"
          ]
        }
      ],
      "EntityTypes": [
        "COLUMN_HEADER"
      ],
      "Page": 1
    },
    {
      "BlockType": "CELL",
      "Confidence": 83.837890625,
      "RowIndex": 2,
      "ColumnIndex": 5,
      "RowSpan": 1,
      "ColumnSpan": 1,
      "Geometry": {
        "BoundingBox": {
          "Width": 0.07415232807397842,
          "Height": 0.048659395426511765,
          "Left": 0.6952165365219116,
          "Top": 0.44580116868019104
        },
        "Polygon": [
          {
            "X": 0.6952165365219116,
            "Y": 0.4458293616771698
          },
          {
            "X": 0.7690854668617249,
            "Y": 0.44580116868019104
          },
          {
            "X": 0.7693688869476318,
            "Y": 0.49444806575775146
          },
          {
            "X": 0.6954877972602844,
            "Y": 0.4944605529308319
          }
        ]
      },
      "Id": "2e5f0166-ecf4-46d5-95f6-7300887bf044",
      "Relationships": [
        {
          "Type": "CHILD",
          "Ids": [
            "1dbc9360-be78-4d54-8e7b-f5e9eef63377"
          ]
        }
      ],
      "EntityTypes": [
        "COLUMN_HEADER"
      ],
      "Page": 1
    },
    {
      "BlockType": "CELL",
      "Confidence": 90.283203125,
      "RowIndex": 3,
      "ColumnIndex": 1,
      "RowSpan": 1,
      "ColumnSpan": 1,
      "Geometry": {
        "BoundingBox": {
          "Width": 0.16357633471488953,
          "Height": 0.038077596575021744,
          "Left": 0.23126307129859924,
          "Top": 0.49451136589050293
        },
        "Polygon": [
          {
            "X": 0.23126307129859924,
            "Y": 0.49453896284103394
          },
          {
            "X": 0.3946654498577118,
            "Y": 0.49451136589050293
          },
          {
            "X": 0.39483940601348877,
            "Y": 0.5325886011123657
          },
          {
            "X": 0.23141604661941528,
            "Y": 0.5325889587402344
          }
        ]
      },
      "Id": "bc05cb0f-9c28-4306-8d4d-ca4a2b867911",
      "Relationships": [
        {
          "Type": "CHILD",
          "Ids": [
            "6d1797f7-39df-4a6d-95b5-f9fc5bc9f5d6"
          ]
        }
      ],
      "Page": 1
    },
    {
      "BlockType": "CELL",
      "Confidence": 81.34765625,
      "RowIndex": 3,
      "ColumnIndex": 2,
      "RowSpan": 1,
      "ColumnSpan": 1,
      "Geometry": {
        "BoundingBox": {
          "Width": 0.09372434765100479,
          "Height": 0.03809305652976036,
          "Left": 0.3946654498577118,
          "Top": 0.49449557065963745
        },
        "Polygon": [
          {
            "X": 0.3946654498577118,
            "Y": 0.49451136589050293
          },
          {
            "X": 0.48820382356643677,
            "Y": 0.49449557065963745
          },
          {
            "X": 0.488389790058136,
            "Y": 0.5325884222984314
          },
          {
            "X": 0.39483940601348877,
            "Y": 0.5325886011123657
          }
        ]
      },
      "Id": "29dffc47-a110-4cc7-bf6e-db0d95a65fd9",
      "Relationships": [
        {
          "Type": "CHILD",
          "Ids": [
            "96a95f77-8f37-4d5c-a279-46332554505e"
          ]
        }
      ],
      "Page": 1
    },
    {
      "BlockType": "CELL",
      "Confidence": 87.01171875,
      "RowIndex": 3,
      "ColumnIndex": 3,
      "RowSpan": 1,
      "ColumnSpan": 1,
      "Geometry": {
        "BoundingBox": {
          "Width": 0.0999552458524704,
          "Height": 0.038109712302684784,
          "Left": 0.48820382356643677,
          "Top": 0.494478702545166
        },
        "Polygon": [
          {
            "X": 0.48820382356643677,
            "Y": 0.49449557065963745
          },
          {
            "X": 0.5879602432250977,
            "Y": 0.494478702545166
          },
          {
            "X": 0.5881590843200684,
            "Y": 0.5325882434844971
          },
          {
            "X": 0.488389790058136,
            "Y": 0.5325884222984314
          }
        ]
      },
      "Id": "b38cc7d8-b409-49fa-a32c-5adce1f896f6",
      "Relationships": [
        {
          "Type": "CHILD",
          "Ids": [
            "cd443c2d-42dc-4998-9d27-55d9f364fc60"
          ]
        }
      ],
      "Page": 1
    },
    {
      "BlockType": "CELL",
      "Confidence": 86.81640625,
      "RowIndex": 3,
      "ColumnIndex": 4,
      "RowSpan": 1,
      "ColumnSpan": 1,
      "Geometry": {
        "BoundingBox": {
          "Width": 0.10774017870426178,
          "Height": 0.03812766447663307,
          "Left": 0.5879602432250977,
          "Top": 0.4944605529308319
        },
        "Polygon": [
          {
            "X": 0.5879602432250977,
            "Y": 0.494478702545166
          },
          {
            "X": 0.6954877972602844,
            "Y": 0.4944605529308319
          },
          {
            "X": 0.6957004070281982,
            "Y": 0.532588005065918
          },
          {
            "X": 0.5881590843200684,
            "Y": 0.5325882434844971
          }
        ]
      },
      "Id": "aeab2777-156f-4f64-95c1-2922b20d26b7",
      "Relationships": [
        {
          "Type": "CHILD",
          "Ids": [
            "3d55ceed-5388-4564-afd6-481841d48f77"
          ]
        }
      ],
      "Page": 1
    },
    {
      "BlockType": "CELL",
      "Confidence": 82.666015625,
      "RowIndex": 3,
      "ColumnIndex": 5,
      "RowSpan": 1,
      "ColumnSpan": 1,
      "Geometry": {
        "BoundingBox": {
          "Width": 0.07410325855016708,
          "Height": 0.03813992068171501,
          "Left": 0.6954877972602844,
          "Top": 0.49444806575775146
        },
        "Polygon": [
          {
            "X": 0.6954877972602844,
            "Y": 0.4944605529308319
          },
          {
            "X": 0.7693688869476318,
            "Y": 0.49444806575775146
          },
          {
            "X": 0.7695910334587097,
            "Y": 0.5325878262519836
          },
          {
            "X": 0.6957004070281982,
            "Y": 0.532588005065918
          }
        ]
      },
      "Id": "36e84b5e-5150-4cb5-8058-5960311e2884",
      "Relationships": [
        {
          "Type": "CHILD",
          "Ids": [
            "f69897c1-3d32-4c20-8586-e40621d93857"
          ]
        }
      ],
      "Page": 1
    },
    {
      "BlockType": "CELL",
      "Confidence": 81.787109375,
      "RowIndex": 4,
      "ColumnIndex": 1,
      "RowSpan": 1,
      "ColumnSpan": 1,
      "Geometry": {
        "BoundingBox": {
          "Width": 0.16356734931468964,
          "Height": 0.031519565731287,
          "Left": 0.23141604661941528,
          "Top": 0.5325886011123657
        },
        "Polygon": [
          {
            "X": 0.23141604661941528,
            "Y": 0.5325889587402344
          },
          {
            "X": 0.39483940601348877,
            "Y": 0.5325886011123657
          },
          {
            "X": 0.3949834108352661,
            "Y": 0.5641081929206848
          },
          {
            "X": 0.2315426915884018,
            "Y": 0.5640859603881836
          }
        ]
      },
      "Id": "f9aa20c6-2ccd-4179-b968-2a6dc9c161fa",
      "Relationships": [
        {
          "Type": "CHILD",
          "Ids": [
            "30cee736-d53e-4660-8f29-d7b8b4d7d56d"
          ]
        }
      ],
      "Page": 1
    },
    {
      "BlockType": "CELL",
      "Confidence": 73.681640625,
      "RowIndex": 4,
      "ColumnIndex": 2,
      "RowSpan": 1,
      "ColumnSpan": 1,
      "Geometry": {
        "BoundingBox": {
          "Width": 0.09370433539152145,
          "Height": 0.03153248503804207,
          "Left": 0.39483940601348877,
          "Top": 0.5325884222984314
        },
        "Polygon": [
          {
            "X": 0.39483940601348877,
            "Y": 0.5325886011123657
          },
          {
            "X": 0.488389790058136,
            "Y": 0.5325884222984314
          },
          {
            "X": 0.4885437488555908,
            "Y": 0.564120888710022
          },
          {
            "X": 0.3949834108352661,
            "Y": 0.5641081929206848
          }
        ]
      },
      "Id": "c7538987-cd49-46ad-b590-be4cba158933",
      "Relationships": [
        {
          "Type": "CHILD",
          "Ids": [
            "45d51678-bb48-4ffe-8d6e-fcb40a2d075b"
          ]
        }
      ],
      "Page": 1
    },
    {
      "BlockType": "CELL",
      "Confidence": 78.80859375,
      "RowIndex": 4,
      "ColumnIndex": 3,
      "RowSpan": 1,
      "ColumnSpan": 1,
      "Geometry": {
        "BoundingBox": {
          "Width": 0.09993384033441544,
          "Height": 0.03154626488685608,
          "Left": 0.488389790058136,
          "Top": 0.5325882434844971
        },
        "Polygon": [
          {
            "X": 0.488389790058136,
            "Y": 0.5325884222984314
          },
          {
            "X": 0.5881590843200684,
            "Y": 0.5325882434844971
          },
          {
            "X": 0.5883236527442932,
            "Y": 0.5641344785690308
          },
          {
            "X": 0.4885437488555908,
            "Y": 0.564120888710022
          }
        ]
      },
      "Id": "c7d92df2-49f5-4226-a60c-c977f9a83e25",
      "Relationships": [
        {
          "Type": "CHILD",
          "Ids": [
            "2556acdd-1736-4ed6-87d4-14b37acad98e"
          ]
        }
      ],
      "Page": 1
    },
    {
      "BlockType": "CELL",
      "Confidence": 78.662109375,
      "RowIndex": 4,
      "ColumnIndex": 4,
      "RowSpan": 1,
      "ColumnSpan": 1,
      "Geometry": {
        "BoundingBox": {
          "Width": 0.10771740227937698,
          "Height": 0.03156111761927605,
          "Left": 0.5881590843200684,
          "Top": 0.532588005065918
        },
        "Polygon": [
          {
            "X": 0.5881590843200684,
            "Y": 0.5325882434844971
          },
          {
            "X": 0.6957004070281982,
            "Y": 0.532588005065918
          },
          {
            "X": 0.6958764791488647,
            "Y": 0.5641490817070007
          },
          {
            "X": 0.5883236527442932,
            "Y": 0.5641344785690308
          }
        ]
      },
      "Id": "ba4d5522-9797-49b6-9f21-4e8159582de7",
      "Relationships": [
        {
          "Type": "CHILD",
          "Ids": [
            "1959c294-7fe2-40c8-abe9-87cc227b48a2"
          ]
        }
      ],
      "Page": 1
    },
    {
      "BlockType": "CELL",
      "Confidence": 74.853515625,
      "RowIndex": 4,
      "ColumnIndex": 5,
      "RowSpan": 1,
      "ColumnSpan": 1,
      "Geometry": {
        "BoundingBox": {
          "Width": 0.07407451421022415,
          "Height": 0.031571321189403534,
          "Left": 0.6957004070281982,
          "Top": 0.5325878262519836
        },
        "Polygon": [
          {
            "X": 0.6957004070281982,
            "Y": 0.532588005065918
          },
          {
            "X": 0.7695910334587097,
            "Y": 0.5325878262519836
          },
          {
            "X": 0.7697749733924866,
            "Y": 0.5641591548919678
          },
          {
            "X": 0.6958764791488647,
            "Y": 0.5641490817070007
          }
        ]
      },
      "Id": "dcfd442b-06c5-4d01-accb-917f2a50a6ba",
      "Relationships": [
        {
          "Type": "CHILD",
          "Ids": [
            "0999b47a-cfd6-4bf9-88c5-ddb3fa916b33"
          ]
        }
      ],
      "Page": 1
    },
    {
      "BlockType": "CELL",
      "Confidence": 93.65234375,
      "RowIndex": 5,
      "ColumnIndex": 1,
      "RowSpan": 1,
      "ColumnSpan": 1,
      "Geometry": {
        "BoundingBox": {
          "Width": 0.16361872851848602,
          "Height": 0.03898637369275093,
          "Left": 0.2315426915884018,
          "Top": 0.5640859603881836
        },
        "Polygon": [
          {
            "X": 0.2315426915884018,
            "Y": 0.5640859603881836
          },
          {
            "X": 0.3949834108352661,
            "Y": 0.5641081929206848
          },
          {
            "X": 0.3951614201068878,
            "Y": 0.6030723452568054
          },
          {
            "X": 0.23169922828674316,
            "Y": 0.6030222177505493
          }
        ]
      },
      "Id": "5dcbad2e-6ef7-428f-b08f-d5b9ff2356dc",
      "Relationships": [
        {
          "Type": "CHILD",
          "Ids": [
            "14cba87d-688d-4ec2-b616-8eaf11f7b879"
          ]
        }
      ],
      "Page": 1
    },
    {
      "BlockType": "CELL",
      "Confidence": 84.326171875,
      "RowIndex": 5,
      "ColumnIndex": 2,
      "RowSpan": 1,
      "ColumnSpan": 1,
      "Geometry": {
        "BoundingBox": {
          "Width": 0.09375064820051193,
          "Height": 0.03899284824728966,
          "Left": 0.3949834108352661,
          "Top": 0.5641081929206848
        },
        "Polygon": [
          {
            "X": 0.3949834108352661,
            "Y": 0.5641081929206848
          },
          {
            "X": 0.4885437488555908,
            "Y": 0.564120888710022
          },
          {
            "X": 0.48873406648635864,
            "Y": 0.6031010150909424
          },
          {
            "X": 0.3951614201068878,
            "Y": 0.6030723452568054
          }
        ]
      },
      "Id": "2ab9bd9f-3328-4dad-8bff-d0f3c8def40b",
      "Relationships": [
        {
          "Type": "CHILD",
          "Ids": [
            "90f53605-a049-426a-b718-890efec6231f"
          ]
        }
      ],
      "Page": 1
    },
    {
      "BlockType": "CELL",
      "Confidence": 90.234375,
      "RowIndex": 5,
      "ColumnIndex": 3,
      "RowSpan": 1,
      "ColumnSpan": 1,
      "Geometry": {
        "BoundingBox": {
          "Width": 0.0999833270907402,
          "Height": 0.039010729640722275,
          "Left": 0.4885437488555908,
          "Top": 0.564120888710022
        },
        "Polygon": [
          {
            "X": 0.4885437488555908,
            "Y": 0.564120888710022
          },
          {
            "X": 0.5883236527442932,
            "Y": 0.5641344785690308
          },
          {
            "X": 0.5885270833969116,
            "Y": 0.6031316518783569
          },
          {
            "X": 0.48873406648635864,
            "Y": 0.6031010150909424
          }
        ]
      },
      "Id": "0ad1583e-ad7d-4a4e-a62e-ea7ea1d6d67f",
      "Relationships": [
        {
          "Type": "CHILD",
          "Ids": [
            "1f9785e6-44a0-4d36-bcd4-50bc5257ab31"
          ]
        }
      ],
      "Page": 1
    },
    {
      "BlockType": "CELL",
      "Confidence": 90.087890625,
      "RowIndex": 5,
      "ColumnIndex": 4,
      "RowSpan": 1,
      "ColumnSpan": 1,
      "Geometry": {
        "BoundingBox": {
          "Width": 0.10777043551206589,
          "Height": 0.03903014957904816,
          "Left": 0.5883236527442932,
          "Top": 0.5641344785690308
        },
        "Polygon": [
          {
            "X": 0.5883236527442932,
            "Y": 0.5641344785690308
          },
          {
            "X": 0.6958764791488647,
            "Y": 0.5641490817070007
          },
          {
            "X": 0.6960940957069397,
            "Y": 0.6031646132469177
          },
          {
            "X": 0.5885270833969116,
            "Y": 0.6031316518783569
          }
        ]
      },
      "Id": "5581f64a-582b-46a8-9be0-acb1ce82bdd1",
      "Relationships": [
        {
          "Type": "CHILD",
          "Ids": [
            "bb01cbd0-6586-4fc4-b67b-0c060fbf5665"
          ]
        }
      ],
      "Page": 1
    },
    {
      "BlockType": "CELL",
      "Confidence": 85.693359375,
      "RowIndex": 5,
      "ColumnIndex": 5,
      "RowSpan": 1,
      "ColumnSpan": 1,
      "Geometry": {
        "BoundingBox": {
          "Width": 0.07412583380937576,
          "Height": 0.039038192480802536,
          "Left": 0.6958764791488647,
          "Top": 0.5641490817070007
        },
        "Polygon": [
          {
            "X": 0.6958764791488647,
            "Y": 0.5641490817070007
          },
          {
            "X": 0.7697749733924866,
            "Y": 0.5641591548919678
          },
          {
            "X": 0.7700023055076599,
            "Y": 0.6031873226165771
          },
          {
            "X": 0.6960940957069397,
            "Y": 0.6031646132469177
          }
        ]
      },
      "Id": "acbe6c9e-c683-4512-9474-2e62de292eea",
      "Relationships": [
        {
          "Type": "CHILD",
          "Ids": [
            "d4b23394-b8e0-4946-824a-c651c7097f79"
          ]
        }
      ],
      "Page": 1
    },
    {
      "BlockType": "MERGED_CELL",
      "Confidence": 31.396484375,
      "RowIndex": 1,
      "ColumnIndex": 1,
      "RowSpan": 2,
      "ColumnSpan": 1,
      "Geometry": {
        "BoundingBox": {
          "Width": 0.16379864513874054,
          "Height": 0.09865913540124893,
          "Left": 0.23086680471897125,
          "Top": 0.3958798348903656
        },
        "Polygon": [
          {
            "X": 0.23086680471897125,
            "Y": 0.39597800374031067
          },
          {
            "X": 0.39421483874320984,
            "Y": 0.3958798348903656
          },
          {
            "X": 0.3946654498577118,
            "Y": 0.49451136589050293
          },
          {
            "X": 0.23126307129859924,
            "Y": 0.49453896284103394
          }
        ]
      },
      "Id": "fd1fcdce-b136-462d-9ea7-7871fa370b72",
      "Relationships": [
        {
          "Type": "CHILD",
          "Ids": [
            "616701aa-0c94-44cf-996d-08f5945d4178",
            "cae1b236-d2e5-4f91-af3f-a922f24ef539"
          ]
        }
      ],
      "EntityTypes": [
        "COLUMN_HEADER"
      ],
      "Page": 1
    },
    {
      "BlockType": "MERGED_CELL",
      "Confidence": 60.205078125,
      "RowIndex": 1,
      "ColumnIndex": 2,
      "RowSpan": 1,
      "ColumnSpan": 4,
      "Geometry": {
        "BoundingBox": {
          "Width": 0.374870628118515,
          "Height": 0.05028945952653885,
          "Left": 0.39421483874320984,
          "Top": 0.39565467834472656
        },
        "Polygon": [
          {
            "X": 0.39421483874320984,
            "Y": 0.3958798348903656
          },
          {
            "X": 0.7687933444976807,
            "Y": 0.39565467834472656
          },
          {
            "X": 0.7690854668617249,
            "Y": 0.44580116868019104
          },
          {
            "X": 0.3944435715675354,
            "Y": 0.4459441602230072
          }
        ]
      },
      "Id": "ae83f03d-9848-4cf4-b7e0-ab57a044e459",
      "Relationships": [
        {
          "Type": "CHILD",
          "Ids": [
            "9b58361d-03cf-4bf4-be2d-6b95fb8ce8e9",
            "6915083c-3069-4c40-9a7f-5990aea88153",
            "08344baf-4660-43ba-8907-937ce2af75c9",
            "4973be08-f455-4454-ba10-d46fe5994a68"
          ]
        }
      ],
      "EntityTypes": [
        "COLUMN_HEADER"
      ],
      "Page": 1
    }
  ],
  "AnalyzeDocumentModelVersion": "1.0"
}