{
  "DocumentMetadata": {
    "Pages": 1
  },
  "JobStatus": "SUCCEEDED",
  "Blocks": [
    {
      "BlockType": "PAGE",
      "Geometry": {
        "BoundingBox": {
          "Width": 0.5503349900245667,
          "Height": 0.2851180136203766,
          "Left": 0.22501778602600098,
          "Top": 0.3441530764102936
        },
        "Polygon": [
          {
            "X": 0.22501778602600098,
            "Y": 0.3441530764102936
          },
          {
            "X": 0.7732387781143188,
            "Y": 0.34468528628349304
          },
          {
            "X": 0.7753527760505676,
            "Y": 0.6292710900306702
          },
          {
            "X": 0.2262645810842514,
            "Y": 0.6280403137207031
          }
        ]
      },
      "Id": "b50bd9a4-d821-48bd-8fdb-01b4d4e665ff",
      "Relationships": [
        {
          "Type": "CHILD",
          "Ids": [
            "4abc8aec-2097-44e7-9fb1-bd9b43823bf0",
            "4bb2e39e-f820-46d7-819b-9a2d67893555",
            "9e3099a0-6287-4525-846e-6a6858fcc341",
            "daf7d18d-5ce1-4a65-a328-4b38d7954c26",
            "c23af912-c696-43c0-879d-b1d1dca83584",
            "21dae987-7851-49bf-a221-eb42a2a56d7d",
            "ae263838-dc1a-4242-8e06-b241410e61d7",
            "d736aac9-9630-461c-9a7b-5f98f9fe5627",
            "5ad42216-1140-4a91-bb21-f11d08066a26",
            "3f85fc43-1250-43f8-9db4-541568b6dcb9",
            "40ee0bb0-9ddd-4275-9323-d3c31f78e58f",
            "15e42aa5-4ee6-4ceb-ba31-13e50b0403cd",
            "6b632313-9698-4363-84af-0066cb4e6727",
            "87a149b8-ad93-419e-a594-4d5dacdfcec5",
            "7f184c1f-e5df-4f9d-aef9-e6a48a2c9443",
            "b6d0dc31-81aa-4708-a235-4ae7f30c3660"
          ]
        }
      ],
      "Page": 1
    },
    {
      "BlockType": "LINE",
      "Confidence": 99.95710754394531,
      "Text": "Samples",
      "Geometry": {
        "BoundingBox": {
          "Width": 0.04935357719659805,
          "Height": 0.023041725158691406,
          "Left": 0.2421453595161438,
          "Top": 0.4167095720767975
        },
        "Polygon": [
          {
            "X": 0.2421453595161438,
            "Y": 0.4167095720767975
          },
          {
            "X": 0.2913896143436432,
            "Y": 0.41677334904670715
          },
          {
            "X": 0.29149892926216125,
            "Y": 0.4397512972354889
          },
          {
            "X": 0.24224838614463806,
            "Y": 0.4396824240684509
          }
        ]
      },
      "Id": "4abc8aec-2097-44e7-9fb1-bd9b43823bf0",
      "Relationships": [
        {
          "Type": "CHILD",
          "Ids": [
            "25ae1cb1-5b53-4516-a164-06c55a674fac"
          ]
        }
      ],
      "Page": 1
    },
    {
      "BlockType": "LINE",
      "Confidence": 99.92666625976562,
      "Text": "UL-94",
      "Geometry": {
        "BoundingBox": {
          "Width": 0.036748286336660385,
          "Height": 0.017765145748853683,
          "Left": 0.49133801460266113,
          "Top": 0.4173302948474884
        },
        "Polygon": [
          {
            "X": 0.49133801460266113,
            "Y": 0.4173302948474884
          },
          {
            "X": 0.527978777885437,
            "Y": 0.4173777997493744
          },
          {
            "X": 0.5280863046646118,
            "Y": 0.4350954294204712
          },
          {
            "X": 0.49144190549850464,
            "Y": 0.4350450038909912
          }
        ]
      },
      "Id": "4bb2e39e-f820-46d7-819b-9a2d67893555",
      "Relationships": [
        {
          "Type": "CHILD",
          "Ids": [
            "d0655d09-ec0a-40c9-b69b-1a27e34696fa"
          ]
        }
      ],
      "Page": 1
    },
    {
      "BlockType": "LINE",
      "Confidence": 99.86621856689453,
      "Text": "LOI (%)",
      "Geometry": {
        "BoundingBox": {
          "Width": 0.04815953969955444,
          "Height": 0.021151991561055183,
          "Left": 0.678658127784729,
          "Top": 0.41670846939086914
        },
        "Polygon": [
          {
            "X": 0.678658127784729,
            "Y": 0.41670846939086914
          },
          {
            "X": 0.7266665101051331,
            "Y": 0.4167705476284027
          },
          {
            "X": 0.7268176674842834,
            "Y": 0.4378604590892792
          },
          {
            "X": 0.6788036227226257,
            "Y": 0.43779388070106506
          }
        ]
      },
      "Id": "9e3099a0-6287-4525-846e-6a6858fcc341",
      "Relationships": [
        {
          "Type": "CHILD",
          "Ids": [
            "6378bfb7-0f65-4ee5-b9ae-543a4a88bec5",
            "fbab98ee-13b5-4026-b1cb-f3fd34d096a9"
          ]
        }
      ],
      "Page": 1
    },
    {
      "BlockType": "LINE",
      "Confidence": 99.93769836425781,
      "Text": "UPR",
      "Geometry": {
        "BoundingBox": {
          "Width": 0.02635074593126774,
          "Height": 0.017423756420612335,
          "Left": 0.24219627678394318,
          "Top": 0.4770471751689911
        },
        "Polygon": [
          {
            "X": 0.24219627678394318,
            "Y": 0.4770471751689911
          },
          {
            "X": 0.2684665620326996,
            "Y": 0.4770883023738861
          },
          {
            "X": 0.26854702830314636,
            "Y": 0.4944709241390228
          },
          {
            "X": 0.242274209856987,
            "Y": 0.49442777037620544
          }
        ]
      },
      "Id": "daf7d18d-5ce1-4a65-a328-4b38d7954c26",
      "Relationships": [
        {
          "Type": "CHILD",
          "Ids": [
            "9e789a11-f9c3-4fdb-a4b7-bb4fc8acfbc7"
          ]
        }
      ],
      "Page": 1
    },
    {
      "BlockType": "LINE",
      "Confidence": 99.97832489013672,
      "Text": "no rating",
      "Geometry": {
        "BoundingBox": {
          "Width": 0.05564664676785469,
          "Height": 0.023103494197130203,
          "Left": 0.4911949038505554,
          "Top": 0.4765589237213135
        },
        "Polygon": [
          {
            "X": 0.4911949038505554,
            "Y": 0.4765589237213135
          },
          {
            "X": 0.546699583530426,
            "Y": 0.4766455888748169
          },
          {
            "X": 0.546841561794281,
            "Y": 0.4996624290943146
          },
          {
            "X": 0.49132978916168213,
            "Y": 0.49957001209259033
          }
        ]
      },
      "Id": "c23af912-c696-43c0-879d-b1d1dca83584",
      "Relationships": [
        {
          "Type": "CHILD",
          "Ids": [
            "124f1fd9-cf8d-40df-b722-fda018f9d010",
            "5b03705b-4005-4abb-a58d-44b03248019f"
          ]
        }
      ],
      "Page": 1
    },
    {
      "BlockType": "LINE",
      "Confidence": 89.80875396728516,
      "Text": "20.5 + 0.5",
      "Geometry": {
        "BoundingBox": {
          "Width": 0.07357003539800644,
          "Height": 0.017510564997792244,
          "Left": 0.6789554357528687,
          "Top": 0.4771568179130554
        },
        "Polygon": [
          {
            "X": 0.6789554357528687,
            "Y": 0.4771568179130554
          },
          {
            "X": 0.7523983120918274,
            "Y": 0.4772716164588928
          },
          {
            "X": 0.7525254487991333,
            "Y": 0.4946673810482025
          },
          {
            "X": 0.6790754199028015,
            "Y": 0.49454689025878906
          }
        ]
      },
      "Id": "21dae987-7851-49bf-a221-eb42a2a56d7d",
      "Relationships": [
        {
          "Type": "CHILD",
          "Ids": [
            "5fdef5f6-c4f1-49fa-a3df-b9f9b66b6c2c",
            "cb8cc937-0e2a-44b1-a375-b78105688fff",
            "1f99e819-9838-4f7c-ad45-499b4923cd4c"
          ]
        }
      ],
      "Page": 1
    },
    {
      "BlockType": "LINE",
      "Confidence": 82.3893814086914,
      "Text": "UPR/TiO2",
      "Geometry": {
        "BoundingBox": {
          "Width": 0.06150441616773605,
          "Height": 0.022144649177789688,
          "Left": 0.24205754697322845,
          "Top": 0.5078381299972534
        },
        "Polygon": [
          {
            "X": 0.24205754697322845,
            "Y": 0.5078381299972534
          },
          {
            "X": 0.3034556806087494,
            "Y": 0.5079426765441895
          },
          {
            "X": 0.3035619556903839,
            "Y": 0.5299827456474304
          },
          {
            "X": 0.24215631186962128,
            "Y": 0.5298721194267273
          }
        ]
      },
      "Id": "ae263838-dc1a-4242-8e06-b241410e61d7",
      "Relationships": [
        {
          "Type": "CHILD",
          "Ids": [
            "f7a6143b-28b0-403a-a2ad-718bc13e340c"
          ]
        }
      ],
      "Page": 1
    },
    {
      "BlockType": "LINE",
      "Confidence": 99.972412109375,
      "Text": "no rating",
      "Geometry": {
        "BoundingBox": {
          "Width": 0.05592453107237816,
          "Height": 0.022959979251027107,
          "Left": 0.4910584092140198,
          "Top": 0.5078114867210388
        },
        "Polygon": [
          {
            "X": 0.4910584092140198,
            "Y": 0.5078114867210388
          },
          {
            "X": 0.5468419194221497,
            "Y": 0.5079063773155212
          },
          {
            "X": 0.5469829440116882,
            "Y": 0.5307714343070984
          },
          {
            "X": 0.49119237065315247,
            "Y": 0.5306708216667175
          }
        ]
      },
      "Id": "d736aac9-9630-461c-9a7b-5f98f9fe5627",
      "Relationships": [
        {
          "Type": "CHILD",
          "Ids": [
            "21e0e9e0-5b45-4962-91b3-828193a49ee4",
            "f7dcafa4-8208-488e-bda3-2b741fd2a41b"
          ]
        }
      ],
      "Page": 1
    },
    {
      "BlockType": "LINE",
      "Confidence": 86.21508026123047,
      "Text": "20.5 + 0.5",
      "Geometry": {
        "BoundingBox": {
          "Width": 0.07350918650627136,
          "Height": 0.017291268333792686,
          "Left": 0.6789668202400208,
          "Top": 0.5086652040481567
        },
        "Polygon": [
          {
            "X": 0.6789668202400208,
            "Y": 0.5086652040481567
          },
          {
            "X": 0.7523505687713623,
            "Y": 0.5087901949882507
          },
          {
            "X": 0.7524759769439697,
            "Y": 0.5259564518928528
          },
          {
            "X": 0.6790851950645447,
            "Y": 0.5258257985115051
          }
        ]
      },
      "Id": "5ad42216-1140-4a91-bb21-f11d08066a26",
      "Relationships": [
        {
          "Type": "CHILD",
          "Ids": [
            "c0f49fab-36f5-480c-8620-a2b5ce4ede83",
            "f0947103-c5af-49b9-8c59-a006de169e29",
            "32749c80-1d13-43af-83a5-07cebc94d9ce"
          ]
        }
      ],
      "Page": 1
    },
    {
      "BlockType": "LINE",
      "Confidence": 99.50596618652344,
      "Text": "UPR/Ti@LDH",
      "Geometry": {
        "BoundingBox": {
          "Width": 0.08523739874362946,
          "Height": 0.02158932387828827,
          "Left": 0.24194444715976715,
          "Top": 0.5389382243156433
        },
        "Polygon": [
          {
            "X": 0.24194444715976715,
            "Y": 0.5389382243156433
          },
          {
            "X": 0.327075719833374,
            "Y": 0.5390951037406921
          },
          {
            "X": 0.3271818459033966,
            "Y": 0.5605275630950928
          },
          {
            "X": 0.24204044044017792,
            "Y": 0.5603625178337097
          }
        ]
      },
      "Id": "3f85fc43-1250-43f8-9db4-541568b6dcb9",
      "Relationships": [
        {
          "Type": "CHILD",
          "Ids": [
            "75d9420f-f4e9-42f1-9cd4-61eeaef03ccd"
          ]
        }
      ],
      "Page": 1
    },
    {
      "BlockType": "LINE",
      "Confidence": 99.9728775024414,
      "Text": "no rating",
      "Geometry": {
        "BoundingBox": {
          "Width": 0.05584981292486191,
          "Height": 0.02297145314514637,
          "Left": 0.4910699725151062,
          "Top": 0.5389900207519531
        },
        "Polygon": [
          {
            "X": 0.4910699725151062,
            "Y": 0.5389900207519531
          },
          {
            "X": 0.5467787384986877,
            "Y": 0.5390925407409668
          },
          {
            "X": 0.5469198226928711,
            "Y": 0.5619614720344543
          },
          {
            "X": 0.4912039339542389,
            "Y": 0.5618531703948975
          }
        ]
      },
      "Id": "40ee0bb0-9ddd-4275-9323-d3c31f78e58f",
      "Relationships": [
        {
          "Type": "CHILD",
          "Ids": [
            "3930280d-eed5-4faf-8eec-fb8e4a580305",
            "706cb6d2-dd66-404a-8edb-89e39969df20"
          ]
        }
      ],
      "Page": 1
    },
    {
      "BlockType": "LINE",
      "Confidence": 99.3501968383789,
      "Text": "21.5 + 0.5",
      "Geometry": {
        "BoundingBox": {
          "Width": 0.07368427515029907,
          "Height": 0.017560197040438652,
          "Left": 0.6788191795349121,
          "Top": 0.5395659804344177
        },
        "Polygon": [
          {
            "X": 0.6788191795349121,
            "Y": 0.5395659804344177
          },
          {
            "X": 0.752376139163971,
            "Y": 0.5397014021873474
          },
          {
            "X": 0.7525034546852112,
            "Y": 0.5571261644363403
          },
          {
            "X": 0.6789392828941345,
            "Y": 0.5569849610328674
          }
        ]
      },
      "Id": "15e42aa5-4ee6-4ceb-ba31-13e50b0403cd",
      "Relationships": [
        {
          "Type": "CHILD",
          "Ids": [
            "d9f41f8a-40a5-48cb-a145-3f20c46feb8d",
            "7bed45dd-0ce8-4048-a3b5-34aab777f605",
            "8733e2da-9630-43d4-bcde-af10275155ed"
          ]
        }
      ],
      "Page": 1
    },
    {
      "BlockType": "LINE",
      "Confidence": 94.98194122314453,
      "Text": "UPR/Ti@LDH@Ni3",
      "Geometry": {
        "BoundingBox": {
          "Width": 0.1172754094004631,
          "Height": 0.02159079723060131,
          "Left": 0.24211129546165466,
          "Top": 0.570601224899292
        },
        "Polygon": [
          {
            "X": 0.24211129546165466,
            "Y": 0.570601224899292
          },
          {
            "X": 0.3592771589756012,
            "Y": 0.570833683013916
          },
          {
            "X": 0.35938671231269836,
            "Y": 0.5921919941902161
          },
          {
            "X": 0.24220694601535797,
            "Y": 0.5919482707977295
          }
        ]
      },
      "Id": "6b632313-9698-4363-84af-0066cb4e6727",
      "Relationships": [
        {
          "Type": "CHILD",
          "Ids": [
            "facaa23b-b73b-40c9-b5d3-6edf34f614e0"
          ]
        }
      ],
      "Page": 1
    },
    {
      "BlockType": "LINE",
      "Confidence": 99.97611999511719,
      "Text": "no rating",
      "Geometry": {
        "BoundingBox": {
          "Width": 0.056070420891046524,
          "Height": 0.022811831906437874,
          "Left": 0.4911230206489563,
          "Top": 0.5704470276832581
        },
        "Polygon": [
          {
            "X": 0.4911230206489563,
            "Y": 0.5704470276832581
          },
          {
            "X": 0.5470534563064575,
            "Y": 0.5705578327178955
          },
          {
            "X": 0.5471934676170349,
            "Y": 0.5932588577270508
          },
          {
            "X": 0.4912559986114502,
            "Y": 0.5931423306465149
          }
        ]
      },
      "Id": "87a149b8-ad93-419e-a594-4d5dacdfcec5",
      "Relationships": [
        {
          "Type": "CHILD",
          "Ids": [
            "8c909d30-1e3d-4605-8e61-ed504a3de770",
            "482bb3f7-754f-4074-a564-e6ebf0dfa342"
          ]
        }
      ],
      "Page": 1
    },
    {
      "BlockType": "LINE",
      "Confidence": 99.84131622314453,
      "Text": "21.5 + 0.5",
      "Geometry": {
        "BoundingBox": {
          "Width": 0.07371856272220612,
          "Height": 0.01806109957396984,
          "Left": 0.6788583993911743,
          "Top": 0.5705308318138123
        },
        "Polygon": [
          {
            "X": 0.6788583993911743,
            "Y": 0.5705308318138123
          },
          {
            "X": 0.7524461150169373,
            "Y": 0.5706765651702881
          },
          {
            "X": 0.752577006816864,
            "Y": 0.5885919332504272
          },
          {
            "X": 0.6789819598197937,
            "Y": 0.5884403586387634
          }
        ]
      },
      "Id": "7f184c1f-e5df-4f9d-aef9-e6a48a2c9443",
      "Relationships": [
        {
          "Type": "CHILD",
          "Ids": [
            "dffb01b5-9c50-4b52-a17c-4c512ab73746",
            "f1610c43-0c82-4f3d-95ae-cb49fbd464a8",
            "e1651aa8-7419-4d80-9409-824220db476b"
          ]
        }
      ],
      "Page": 1
    },
    {
      "BlockType": "WORD",
      "Confidence": 99.95710754394531,
      "Text": "Samples",
      "TextType": "PRINTED",
      "Geometry": {
        "BoundingBox": {
          "Width": 0.04935357719659805,
          "Height": 0.023041725158691406,
          "Left": 0.2421453595161438,
          "Top": 0.4167095720767975
        },
        "Polygon": [
          {
            "X": 0.2421453595161438,
            "Y": 0.4167095720767975
          },
          {
            "X": 0.2913896143436432,
            "Y": 0.41677334904670715
          },
          {
            "X": 0.29149892926216125,
            "Y": 0.4397512972354889
          },
          {
            "X": 0.24224838614463806,
            "Y": 0.4396824240684509
          }
        ]
      },
      "Id": "25ae1cb1-5b53-4516-a164-06c55a674fac",
      "Page": 1
    },
    {
      "BlockType": "WORD",
      "Confidence": 99.92666625976562,
      "Text": "UL-94",
      "TextType": "PRINTED",
      "Geometry": {
        "BoundingBox": {
          "Width": 0.036748286336660385,
          "Height": 0.017765145748853683,
          "Left": 0.49133801460266113,
          "Top": 0.4173302948474884
        },
        "Polygon": [
          {
            "X": 0.49133801460266113,
            "Y": 0.4173302948474884
          },
          {
            "X": 0.527978777885437,
            "Y": 0.4173777997493744
          },
          {
            "X": 0.5280863046646118,
            "Y": 0.4350954294204712
          },
          {
            "X": 0.49144190549850464,
            "Y": 0.4350450038909912
          }
        ]
      },
      "Id": "d0655d09-ec0a-40c9-b69b-1a27e34696fa",
      "Page": 1
    },
    {
      "BlockType": "WORD",
      "Confidence": 99.80198669433594,
      "Text": "LOI",
      "TextType": "PRINTED",
      "Geometry": {
        "BoundingBox": {
          "Width": 0.02233746089041233,
          "Height": 0.01739491894841194,
          "Left": 0.6786623001098633,
          "Top": 0.4173191487789154
        },
        "Polygon": [
          {
            "X": 0.6786623001098633,
            "Y": 0.4173191487789154
          },
          {
            "X": 0.7008777856826782,
            "Y": 0.4173479378223419
          },
          {
            "X": 0.7009997963905334,
            "Y": 0.43471407890319824
          },
          {
            "X": 0.6787821650505066,
            "Y": 0.43468356132507324
          }
        ]
      },
      "Id": "6378bfb7-0f65-4ee5-b9ae-543a4a88bec5",
      "Page": 1
    },
    {
      "BlockType": "WORD",
      "Confidence": 99.93045043945312,
      "Text": "(%)",
      "TextType": "PRINTED",
      "Geometry": {
        "BoundingBox": {
          "Width": 0.02176671475172043,
          "Height": 0.021117867901921272,
          "Left": 0.7050509452819824,
          "Top": 0.41674259305000305
        },
        "Polygon": [
          {
            "X": 0.7050509452819824,
            "Y": 0.41674259305000305
          },
          {
            "X": 0.7266665101051331,
            "Y": 0.4167705476284027
          },
          {
            "X": 0.7268176674842834,
            "Y": 0.4378604590892792
          },
          {
            "X": 0.7051995396614075,
            "Y": 0.43783047795295715
          }
        ]
      },
      "Id": "fbab98ee-13b5-4026-b1cb-f3fd34d096a9",
      "Page": 1
    },
    {
      "BlockType": "WORD",
      "Confidence": 99.93769836425781,
      "Text": "UPR",
      "TextType": "PRINTED",
      "Geometry": {
        "BoundingBox": {
          "Width": 0.02635074593126774,
          "Height": 0.017423756420612335,
          "Left": 0.24219627678394318,
          "Top": 0.4770471751689911
        },
        "Polygon": [
          {
            "X": 0.24219627678394318,
            "Y": 0.4770471751689911
          },
          {
            "X": 0.2684665620326996,
            "Y": 0.4770883023738861
          },
          {
            "X": 0.26854702830314636,
            "Y": 0.4944709241390228
          },
          {
            "X": 0.242274209856987,
            "Y": 0.49442777037620544
          }
        ]
      },
      "Id": "9e789a11-f9c3-4fdb-a4b7-bb4fc8acfbc7",
      "Page": 1
    },
    {
      "BlockType": "WORD",
      "Confidence": 99.96480560302734,
      "Text": "no",
      "TextType": "PRINTED",
      "Geometry": {
        "BoundingBox": {
          "Width": 0.015269214287400246,
          "Height": 0.013537769205868244,
          "Left": 0.4912221133708954,
          "Top": 0.48120245337486267
        },
        "Polygon": [
          {
            "X": 0.4912221133708954,
            "Y": 0.48120245337486267
          },
          {
            "X": 0.5064110159873962,
            "Y": 0.48122647404670715
          },
          {
            "X": 0.5064913630485535,
            "Y": 0.49474021792411804
          },
          {
            "X": 0.4913013279438019,
            "Y": 0.49471527338027954
          }
        ]
      },
      "Id": "124f1fd9-cf8d-40df-b722-fda018f9d010",
      "Page": 1
    },
    {
      "BlockType": "WORD",
      "Confidence": 99.99183654785156,
      "Text": "rating",
      "TextType": "PRINTED",
      "Geometry": {
        "BoundingBox": {
          "Width": 0.035800494253635406,
          "Height": 0.0230725035071373,
          "Left": 0.5110410451889038,
          "Top": 0.4765899181365967
        },
        "Polygon": [
          {
            "X": 0.5110410451889038,
            "Y": 0.4765899181365967
          },
          {
            "X": 0.546699583530426,
            "Y": 0.4766455888748169
          },
          {
            "X": 0.546841561794281,
            "Y": 0.4996624290943146
          },
          {
            "X": 0.5111784934997559,
            "Y": 0.4996030628681183
          }
        ]
      },
      "Id": "5b03705b-4005-4abb-a58d-44b03248019f",
      "Page": 1
    },
    {
      "BlockType": "WORD",
      "Confidence": 85.77767944335938,
      "Text": "20.5",
      "TextType": "PRINTED",
      "Geometry": {
        "BoundingBox": {
          "Width": 0.026534728705883026,
          "Height": 0.017192212864756584,
          "Left": 0.6789566278457642,
          "Top": 0.47732990980148315
        },
        "Polygon": [
          {
            "X": 0.6789566278457642,
            "Y": 0.47732990980148315
          },
          {
            "X": 0.7053704857826233,
            "Y": 0.4773712158203125
          },
          {
            "X": 0.7054913640022278,
            "Y": 0.4945221245288849
          },
          {
            "X": 0.6790749430656433,
            "Y": 0.4944787919521332
          }
        ]
      },
      "Id": "5fdef5f6-c4f1-49fa-a3df-b9f9b66b6c2c",
      "Page": 1
    },
    {
      "BlockType": "WORD",
      "Confidence": 99.72708129882812,
      "Text": "+",
      "TextType": "PRINTED",
      "Geometry": {
        "BoundingBox": {
          "Width": 0.009160124696791172,
          "Height": 0.013605441898107529,
          "Left": 0.71528160572052,
          "Top": 0.4791712164878845
        },
        "Polygon": [
          {
            "X": 0.71528160572052,
            "Y": 0.4791712164878845
          },
          {
            "X": 0.7243445515632629,
            "Y": 0.47918546199798584
          },
          {
            "X": 0.7244417667388916,
            "Y": 0.49277666211128235
          },
          {
            "X": 0.7153781652450562,
            "Y": 0.49276185035705566
          }
        ]
      },
      "Id": "cb8cc937-0e2a-44b1-a375-b78105688fff",
      "Page": 1
    },
    {
      "BlockType": "WORD",
      "Confidence": 83.92149353027344,
      "Text": "0.5",
      "TextType": "PRINTED",
      "Geometry": {
        "BoundingBox": {
          "Width": 0.018893182277679443,
          "Height": 0.017425108700990677,
          "Left": 0.7336322665214539,
          "Top": 0.47724226117134094
        },
        "Polygon": [
          {
            "X": 0.7336322665214539,
            "Y": 0.47724226117134094
          },
          {
            "X": 0.7523983120918274,
            "Y": 0.4772716164588928
          },
          {
            "X": 0.7525254487991333,
            "Y": 0.4946673810482025
          },
          {
            "X": 0.7337575554847717,
            "Y": 0.494636595249176
          }
        ]
      },
      "Id": "1f99e819-9838-4f7c-ad45-499b4923cd4c",
      "Page": 1
    },
    {
      "BlockType": "WORD",
      "Confidence": 82.3893814086914,
      "Text": "UPR/TiO2",
      "TextType": "PRINTED",
      "Geometry": {
        "BoundingBox": {
          "Width": 0.06150441616773605,
          "Height": 0.022144649177789688,
          "Left": 0.24205754697322845,
          "Top": 0.5078381299972534
        },
        "Polygon": [
          {
            "X": 0.24205754697322845,
            "Y": 0.5078381299972534
          },
          {
            "X": 0.3034556806087494,
            "Y": 0.5079426765441895
          },
          {
            "X": 0.3035619556903839,
            "Y": 0.5299827456474304
          },
          {
            "X": 0.24215631186962128,
            "Y": 0.5298721194267273
          }
        ]
      },
      "Id": "f7a6143b-28b0-403a-a2ad-718bc13e340c",
      "Page": 1
    },
    {
      "BlockType": "WORD",
      "Confidence": 99.96508026123047,
      "Text": "no",
      "TextType": "PRINTED",
      "Geometry": {
        "BoundingBox": {
          "Width": 0.01541306171566248,
          "Height": 0.01312315184623003,
          "Left": 0.49108609557151794,
          "Top": 0.5125333666801453
        },
        "Polygon": [
          {
            "X": 0.49108609557151794,
            "Y": 0.5125333666801453
          },
          {
            "X": 0.5064212679862976,
            "Y": 0.5125597715377808
          },
          {
            "X": 0.506499171257019,
            "Y": 0.525656521320343
          },
          {
            "X": 0.49116283655166626,
            "Y": 0.5256291627883911
          }
        ]
      },
      "Id": "21e0e9e0-5b45-4962-91b3-828193a49ee4",
      "Page": 1
    },
    {
      "BlockType": "WORD",
      "Confidence": 99.97974395751953,
      "Text": "rating",
      "TextType": "PRINTED",
      "Geometry": {
        "BoundingBox": {
          "Width": 0.036016251891851425,
          "Height": 0.02292611077427864,
          "Left": 0.5109667181968689,
          "Top": 0.5078453421592712
        },
        "Polygon": [
          {
            "X": 0.5109667181968689,
            "Y": 0.5078453421592712
          },
          {
            "X": 0.5468419194221497,
            "Y": 0.5079063773155212
          },
          {
            "X": 0.5469829440116882,
            "Y": 0.5307714343070984
          },
          {
            "X": 0.5111032128334045,
            "Y": 0.5307067632675171
          }
        ]
      },
      "Id": "f7dcafa4-8208-488e-bda3-2b741fd2a41b",
      "Page": 1
    },
    {
      "BlockType": "WORD",
      "Confidence": 87.3486099243164,
      "Text": "20.5",
      "TextType": "PRINTED",
      "Geometry": {
        "BoundingBox": {
          "Width": 0.026537680998444557,
          "Height": 0.017164714634418488,
          "Left": 0.6789668202400208,
          "Top": 0.5086652040481567
        },
        "Polygon": [
          {
            "X": 0.6789668202400208,
            "Y": 0.5086652040481567
          },
          {
            "X": 0.705383837223053,
            "Y": 0.5087102055549622
          },
          {
            "X": 0.7055044770240784,
            "Y": 0.5258299112319946
          },
          {
            "X": 0.6790848970413208,
            "Y": 0.5257828831672668
          }
        ]
      },
      "Id": "c0f49fab-36f5-480c-8620-a2b5ce4ede83",
      "Page": 1
    },
    {
      "BlockType": "WORD",
      "Confidence": 99.64826202392578,
      "Text": "+",
      "TextType": "PRINTED",
      "Geometry": {
        "BoundingBox": {
          "Width": 0.009448036551475525,
          "Height": 0.013982035219669342,
          "Left": 0.7146761417388916,
          "Top": 0.5099271535873413
        },
        "Polygon": [
          {
            "X": 0.7146761417388916,
            "Y": 0.5099271535873413
          },
          {
            "X": 0.7240243554115295,
            "Y": 0.5099431276321411
          },
          {
            "X": 0.7241241931915283,
            "Y": 0.5239092111587524
          },
          {
            "X": 0.7147752642631531,
            "Y": 0.5238926410675049
          }
        ]
      },
      "Id": "f0947103-c5af-49b9-8c59-a006de169e29",
      "Page": 1
    },
    {
      "BlockType": "WORD",
      "Confidence": 71.64836883544922,
      "Text": "0.5",
      "TextType": "PRINTED",
      "Geometry": {
        "BoundingBox": {
          "Width": 0.018676847219467163,
          "Height": 0.01709139719605446,
          "Left": 0.733799159526825,
          "Top": 0.5088650584220886
        },
        "Polygon": [
          {
            "X": 0.733799159526825,
            "Y": 0.5088650584220886
          },
          {
            "X": 0.7523513436317444,
            "Y": 0.5088966488838196
          },
          {
            "X": 0.7524759769439697,
            "Y": 0.5259564518928528
          },
          {
            "X": 0.733922004699707,
            "Y": 0.5259234309196472
          }
        ]
      },
      "Id": "32749c80-1d13-43af-83a5-07cebc94d9ce",
      "Page": 1
    },
    {
      "BlockType": "WORD",
      "Confidence": 99.50596618652344,
      "Text": "UPR/Ti@LDH",
      "TextType": "PRINTED",
      "Geometry": {
        "BoundingBox": {
          "Width": 0.08523739874362946,
          "Height": 0.02158932387828827,
          "Left": 0.24194444715976715,
          "Top": 0.5389382243156433
        },
        "Polygon": [
          {
            "X": 0.24194444715976715,
            "Y": 0.5389382243156433
          },
          {
            "X": 0.327075719833374,
            "Y": 0.5390951037406921
          },
          {
            "X": 0.3271818459033966,
            "Y": 0.5605275630950928
          },
          {
            "X": 0.24204044044017792,
            "Y": 0.5603625178337097
          }
        ]
      },
      "Id": "75d9420f-f4e9-42f1-9cd4-61eeaef03ccd",
      "Page": 1
    },
    {
      "BlockType": "WORD",
      "Confidence": 99.95549774169922,
      "Text": "no",
      "TextType": "PRINTED",
      "Geometry": {
        "BoundingBox": {
          "Width": 0.01523167546838522,
          "Height": 0.012931127101182938,
          "Left": 0.4910987913608551,
          "Top": 0.5439079403877258
        },
        "Polygon": [
          {
            "X": 0.4910987913608551,
            "Y": 0.5439079403877258
          },
          {
            "X": 0.5062537789344788,
            "Y": 0.5439361929893494
          },
          {
            "X": 0.5063304901123047,
            "Y": 0.556839108467102
          },
          {
            "X": 0.4911743998527527,
            "Y": 0.5568099617958069
          }
        ]
      },
      "Id": "3930280d-eed5-4faf-8eec-fb8e4a580305",
      "Page": 1
    },
    {
      "BlockType": "WORD",
      "Confidence": 99.9902572631836,
      "Text": "rating",
      "TextType": "PRINTED",
      "Geometry": {
        "BoundingBox": {
          "Width": 0.035964883863925934,
          "Height": 0.02293485216796398,
          "Left": 0.5109549164772034,
          "Top": 0.5390266180038452
        },
        "Polygon": [
          {
            "X": 0.5109549164772034,
            "Y": 0.5390266180038452
          },
          {
            "X": 0.5467787384986877,
            "Y": 0.5390925407409668
          },
          {
            "X": 0.5469198226928711,
            "Y": 0.5619614720344543
          },
          {
            "X": 0.511091411113739,
            "Y": 0.5618918538093567
          }
        ]
      },
      "Id": "706cb6d2-dd66-404a-8edb-89e39969df20",
      "Page": 1
    },
    {
      "BlockType": "WORD",
      "Confidence": 99.25315856933594,
      "Text": "21.5",
      "TextType": "PRINTED",
      "Geometry": {
        "BoundingBox": {
          "Width": 0.026647694408893585,
          "Height": 0.01746991090476513,
          "Left": 0.6788191795349121,
          "Top": 0.5395659804344177
        },
        "Polygon": [
          {
            "X": 0.6788191795349121,
            "Y": 0.5395659804344177
          },
          {
            "X": 0.7053441405296326,
            "Y": 0.5396147966384888
          },
          {
            "X": 0.7054668664932251,
            "Y": 0.5570358633995056
          },
          {
            "X": 0.6789392828941345,
            "Y": 0.5569849610328674
          }
        ]
      },
      "Id": "d9f41f8a-40a5-48cb-a145-3f20c46feb8d",
      "Page": 1
    },
    {
      "BlockType": "WORD",
      "Confidence": 99.38339233398438,
      "Text": "+",
      "TextType": "PRINTED",
      "Geometry": {
        "BoundingBox": {
          "Width": 0.009318882599473,
          "Height": 0.01424633339047432,
          "Left": 0.7148175835609436,
          "Top": 0.5415121912956238
        },
        "Polygon": [
          {
            "X": 0.7148175835609436,
            "Y": 0.5415121912956238
          },
          {
            "X": 0.7240347862243652,
            "Y": 0.5415292978286743
          },
          {
            "X": 0.724136471748352,
            "Y": 0.555758535861969
          },
          {
            "X": 0.7149185538291931,
            "Y": 0.5557408928871155
          }
        ]
      },
      "Id": "7bed45dd-0ce8-4048-a3b5-34aab777f605",
      "Page": 1
    },
    {
      "BlockType": "WORD",
      "Confidence": 99.41402435302734,
      "Text": "0.5",
      "TextType": "PRINTED",
      "Geometry": {
        "BoundingBox": {
          "Width": 0.018608659505844116,
          "Height": 0.017326846718788147,
          "Left": 0.7338944673538208,
          "Top": 0.5397565364837646
        },
        "Polygon": [
          {
            "X": 0.7338944673538208,
            "Y": 0.5397565364837646
          },
          {
            "X": 0.7523767948150635,
            "Y": 0.5397905707359314
          },
          {
            "X": 0.7525030970573425,
            "Y": 0.5570833683013916
          },
          {
            "X": 0.7340189814567566,
            "Y": 0.5570479035377502
          }
        ]
      },
      "Id": "8733e2da-9630-43d4-bcde-af10275155ed",
      "Page": 1
    },
    {
      "BlockType": "WORD",
      "Confidence": 94.98194122314453,
      "Text": "UPR/Ti@LDH@Ni3",
      "TextType": "PRINTED",
      "Geometry": {
        "BoundingBox": {
          "Width": 0.1172754094004631,
          "Height": 0.02159079723060131,
          "Left": 0.24211129546165466,
          "Top": 0.570601224899292
        },
        "Polygon": [
          {
            "X": 0.24211129546165466,
            "Y": 0.570601224899292
          },
          {
            "X": 0.3592771589756012,
            "Y": 0.570833683013916
          },
          {
            "X": 0.35938671231269836,
            "Y": 0.5921919941902161
          },
          {
            "X": 0.24220694601535797,
            "Y": 0.5919482707977295
          }
        ]
      },
      "Id": "facaa23b-b73b-40c9-b5d3-6edf34f614e0",
      "Page": 1
    },
    {
      "BlockType": "WORD",
      "Confidence": 99.96199035644531,
      "Text": "no",
      "TextType": "PRINTED",
      "Geometry": {
        "BoundingBox": {
          "Width": 0.01531296782195568,
          "Height": 0.012844606302678585,
          "Left": 0.49115127325057983,
          "Top": 0.5752676725387573
        },
        "Polygon": [
          {
            "X": 0.49115127325057983,
            "Y": 0.5752676725387573
          },
          {
            "X": 0.5063880681991577,
            "Y": 0.5752981901168823
          },
          {
            "X": 0.5064642429351807,
            "Y": 0.5881122946739197
          },
          {
            "X": 0.49122634530067444,
            "Y": 0.5880809426307678
          }
        ]
      },
      "Id": "8c909d30-1e3d-4605-8e61-ed504a3de770",
      "Page": 1
    },
    {
      "BlockType": "WORD",
      "Confidence": 99.9902572631836,
      "Text": "rating",
      "TextType": "PRINTED",
      "Geometry": {
        "BoundingBox": {
          "Width": 0.03645448386669159,
          "Height": 0.02277296781539917,
          "Left": 0.5107389688491821,
          "Top": 0.5704858899116516
        },
        "Polygon": [
          {
            "X": 0.5107389688491821,
            "Y": 0.5704858899116516
          },
          {
            "X": 0.5470534563064575,
            "Y": 0.5705578327178955
          },
          {
            "X": 0.5471934676170349,
            "Y": 0.5932588577270508
          },
          {
            "X": 0.5108743906021118,
            "Y": 0.5931832194328308
          }
        ]
      },
      "Id": "482bb3f7-754f-4074-a564-e6ebf0dfa342",
      "Page": 1
    },
    {
      "BlockType": "WORD",
      "Confidence": 99.84877014160156,
      "Text": "21.5",
      "TextType": "PRINTED",
      "Geometry": {
        "BoundingBox": {
          "Width": 0.026620835065841675,
          "Height": 0.017710473388433456,
          "Left": 0.6788588762283325,
          "Top": 0.570595383644104
        },
        "Polygon": [
          {
            "X": 0.6788588762283325,
            "Y": 0.570595383644104
          },
          {
            "X": 0.7053553462028503,
            "Y": 0.5706478357315063
          },
          {
            "X": 0.7054796814918518,
            "Y": 0.5883058309555054
          },
          {
            "X": 0.6789806485176086,
            "Y": 0.5882512331008911
          }
        ]
      },
      "Id": "dffb01b5-9c50-4b52-a17c-4c512ab73746",
      "Page": 1
    },
    {
      "BlockType": "WORD",
      "Confidence": 99.71273040771484,
      "Text": "+",
      "TextType": "PRINTED",
      "Geometry": {
        "BoundingBox": {
          "Width": 0.009111318737268448,
          "Height": 0.014446844346821308,
          "Left": 0.7149757146835327,
          "Top": 0.5718363523483276
        },
        "Polygon": [
          {
            "X": 0.7149757146835327,
            "Y": 0.5718363523483276
          },
          {
            "X": 0.7239839434623718,
            "Y": 0.5718542337417603
          },
          {
            "X": 0.7240870594978333,
            "Y": 0.5862832069396973
          },
          {
            "X": 0.7150781154632568,
            "Y": 0.5862647294998169
          }
        ]
      },
      "Id": "f1610c43-0c82-4f3d-95ae-cb49fbd464a8",
      "Page": 1
    },
    {
      "BlockType": "WORD",
      "Confidence": 99.96244049072266,
      "Text": "0.5",
      "TextType": "PRINTED",
      "Geometry": {
        "BoundingBox": {
          "Width": 0.018751200288534164,
          "Height": 0.017952263355255127,
          "Left": 0.7338258028030396,
          "Top": 0.5706396698951721
        },
        "Polygon": [
          {
            "X": 0.7338258028030396,
            "Y": 0.5706396698951721
          },
          {
            "X": 0.7524461150169373,
            "Y": 0.5706765651702881
          },
          {
            "X": 0.752577006816864,
            "Y": 0.5885919332504272
          },
          {
            "X": 0.7339547872543335,
            "Y": 0.5885536074638367
          }
        ]
      },
      "Id": "e1651aa8-7419-4d80-9409-824220db476b",
      "Page": 1
    },
    {
      "BlockType": "TABLE",
      "Confidence": 99.21875,
      "Geometry": {
        "BoundingBox": {
          "Width": 0.538013219833374,
          "Height": 0.21393342316150665,
          "Left": 0.22975283861160278,
          "Top": 0.3944379687309265
        },
        "Polygon": [
          {
            "X": 0.22975283861160278,
            "Y": 0.3944379687309265
          },
          {
            "X": 0.7661904096603394,
            "Y": 0.39507946372032166
          },
          {
            "X": 0.7677660584449768,
            "Y": 0.6083714365959167
          },
          {
            "X": 0.23069265484809875,
            "Y": 0.6072176694869995
          }
        ]
      },
      "Id": "b6d0dc31-81aa-4708-a235-4ae7f30c3660",
      "Relationships": [
        {
          "Type": "CHILD",
          "Ids": [
            "fa7f3c12-e380-4a3a-9293-510879d42a8e",
            "054f0815-8e9b-4bc7-8f33-8d264e063cc0",
            "7a9797e9-9b41-4b88-a70f-1be038ff4350",
            "ec9d5644-f492-4655-9bbc-360b5ea9852e",
            "da55f178-4ef5-43b5-8d78-cfd1bbb521c1",
            "e9caec22-f8cf-4f61-8e8f-5dc29d23884d",
            "483cfaca-78c1-4b3e-a463-7a24b23f337e",
            "a06de09b-4bd7-40b4-9555-ccf1c6108854",
            "3111cce3-93e6-4643-9c10-e613351b8db8",
            "9bcd052d-9e72-4fc8-955e-0168fafc32da",
            "0380446f-ee05-4bc2-828f-9f909d48631c",
            "e76029b8-dcd7-451b-a43f-48052a0bf57c",
            "ffdc8bb7-6546-4fca-9cf6-ee0feaf61c35",
            "4e5c2a18-1c70-4a0a-a924-f36f78edf21f",
            "62b3830d-66b3-4839-a92f-5bb97bf6c3a6"
          ]
        }
      ],
      "EntityTypes": [
        "STRUCTURED_TABLE"
      ],
      "Page": 1
    },
    {
      "BlockType": "CELL",
      "Confidence": 93.701171875,
      "RowIndex": 1,
      "ColumnIndex": 1,
      "RowSpan": 1,
      "ColumnSpan": 1,
      "Geometry": {
        "BoundingBox": {
          "Width": 0.18960590660572052,
          "Height": 0.06240242347121239,
          "Left": 0.22975283861160278,
          "Top": 0.3944379687309265
        },
        "Polygon": [
          {
            "X": 0.22975283861160278,
            "Y": 0.3944379687309265
          },
          {
            "X": 0.41901895403862,
            "Y": 0.39466431736946106
          },
          {
            "X": 0.4193587303161621,
            "Y": 0.4568403959274292
          },
          {
            "X": 0.2300272285938263,
            "Y": 0.4565613567829132
          }
        ]
      },
      "Id": "fa7f3c12-e380-4a3a-9293-510879d42a8e",
      "Relationships": [
        {
          "Type": "CHILD",
          "Ids": [
            "25ae1cb1-5b53-4516-a164-06c55a674fac"
          ]
        }
      ],
      "EntityTypes": [
        "COLUMN_HEADER"
      ],
      "Page": 1
    },
    {
      "BlockType": "CELL",
      "Confidence": 94.23828125,
      "RowIndex": 1,
      "ColumnIndex": 2,
      "RowSpan": 1,
      "ColumnSpan": 1,
      "Geometry": {
        "BoundingBox": {
          "Width": 0.1960662603378296,
          "Height": 0.06246457248926163,
          "Left": 0.41901895403862,
          "Top": 0.39466431736946106
        },
        "Polygon": [
          {
            "X": 0.41901895403862,
            "Y": 0.39466431736946106
          },
          {
            "X": 0.6146777272224426,
            "Y": 0.39489829540252686
          },
          {
            "X": 0.6150851845741272,
            "Y": 0.4571288824081421
          },
          {
            "X": 0.4193587303161621,
            "Y": 0.4568403959274292
          }
        ]
      },
      "Id": "054f0815-8e9b-4bc7-8f33-8d264e063cc0",
      "Relationships": [
        {
          "Type": "CHILD",
          "Ids": [
            "d0655d09-ec0a-40c9-b69b-1a27e34696fa"
          ]
        }
      ],
      "EntityTypes": [
        "COLUMN_HEADER"
      ],
      "Page": 1
    },
    {
      "BlockType": "CELL",
      "Confidence": 93.5546875,
      "RowIndex": 1,
      "ColumnIndex": 3,
      "RowSpan": 1,
      "ColumnSpan": 1,
      "Geometry": {
        "BoundingBox": {
          "Width": 0.1519727110862732,
          "Height": 0.0624539889395237,
          "Left": 0.6146777272224426,
          "Top": 0.39489829540252686
        },
        "Polygon": [
          {
            "X": 0.6146777272224426,
            "Y": 0.39489829540252686
          },
          {
            "X": 0.7661904096603394,
            "Y": 0.39507946372032166
          },
          {
            "X": 0.7666504383087158,
            "Y": 0.45735228061676025
          },
          {
            "X": 0.6150851845741272,
            "Y": 0.4571288824081421
          }
        ]
      },
      "Id": "7a9797e9-9b41-4b88-a70f-1be038ff4350",
      "Relationships": [
        {
          "Type": "CHILD",
          "Ids": [
            "6378bfb7-0f65-4ee5-b9ae-543a4a88bec5",
            "fbab98ee-13b5-4026-b1cb-f3fd34d096a9"
          ]
        }
      ],
      "EntityTypes": [
        "COLUMN_HEADER"
      ],
      "Page": 1
    },
    {
      "BlockType": "CELL",
      "Confidence": 90.966796875,
      "RowIndex": 2,
      "ColumnIndex": 1,
      "RowSpan": 1,
      "ColumnSpan": 1,
      "Geometry": {
        "BoundingBox": {
          "Width": 0.18957477807998657,
          "Height": 0.04479418322443962,
          "Left": 0.2300272285938263,
          "Top": 0.4565613567829132
        },
        "Polygon": [
          {
            "X": 0.2300272285938263,
            "Y": 0.4565613567829132
          },
          {
            "X": 0.4193587303161621,
            "Y": 0.4568403959274292
          },
          {
            "X": 0.41960200667381287,
            "Y": 0.5013555288314819
          },
          {
            "X": 0.23022368550300598,
            "Y": 0.5010387301445007
          }
        ]
      },
      "Id": "ec9d5644-f492-4655-9bbc-360b5ea9852e",
      "Relationships": [
        {
          "Type": "CHILD",
          "Ids": [
            "9e789a11-f9c3-4fdb-a4b7-bb4fc8acfbc7"
          ]
        }
      ],
      "Page": 1
    },
    {
      "BlockType": "CELL",
      "Confidence": 91.50390625,
      "RowIndex": 2,
      "ColumnIndex": 2,
      "RowSpan": 1,
      "ColumnSpan": 1,
      "Geometry": {
        "BoundingBox": {
          "Width": 0.19601821899414062,
          "Height": 0.04484265297651291,
          "Left": 0.4193587303161621,
          "Top": 0.4568403959274292
        },
        "Polygon": [
          {
            "X": 0.4193587303161621,
            "Y": 0.4568403959274292
          },
          {
            "X": 0.6150851845741272,
            "Y": 0.4571288824081421
          },
          {
            "X": 0.6153769493103027,
            "Y": 0.5016830563545227
          },
          {
            "X": 0.41960200667381287,
            "Y": 0.5013555288314819
          }
        ]
      },
      "Id": "da55f178-4ef5-43b5-8d78-cfd1bbb521c1",
      "Relationships": [
        {
          "Type": "CHILD",
          "Ids": [
            "124f1fd9-cf8d-40df-b722-fda018f9d010",
            "5b03705b-4005-4abb-a58d-44b03248019f"
          ]
        }
      ],
      "Page": 1
    },
    {
      "BlockType": "CELL",
      "Confidence": 90.8203125,
      "RowIndex": 2,
      "ColumnIndex": 3,
      "RowSpan": 1,
      "ColumnSpan": 1,
      "Geometry": {
        "BoundingBox": {
          "Width": 0.15189456939697266,
          "Height": 0.0448077991604805,
          "Left": 0.6150851845741272,
          "Top": 0.4571288824081421
        },
        "Polygon": [
          {
            "X": 0.6150851845741272,
            "Y": 0.4571288824081421
          },
          {
            "X": 0.7666504383087158,
            "Y": 0.45735228061676025
          },
          {
            "X": 0.7669797539710999,
            "Y": 0.501936674118042
          },
          {
            "X": 0.6153769493103027,
            "Y": 0.5016830563545227
          }
        ]
      },
      "Id": "e9caec22-f8cf-4f61-8e8f-5dc29d23884d",
      "Relationships": [
        {
          "Type": "CHILD",
          "Ids": [
            "5fdef5f6-c4f1-49fa-a3df-b9f9b66b6c2c",
            "cb8cc937-0e2a-44b1-a375-b78105688fff",
            "1f99e819-9838-4f7c-ad45-499b4923cd4c"
          ]
        }
      ],
      "Page": 1
    },
    {
      "BlockType": "CELL",
      "Confidence": 86.42578125,
      "RowIndex": 3,
      "ColumnIndex": 1,
      "RowSpan": 1,
      "ColumnSpan": 1,
      "Geometry": {
        "BoundingBox": {
          "Width": 0.18955011665821075,
          "Height": 0.03175247833132744,
          "Left": 0.23022368550300598,
          "Top": 0.5010387301445007
        },
        "Polygon": [
          {
            "X": 0.23022368550300598,
            "Y": 0.5010387301445007
          },
          {
            "X": 0.41960200667381287,
            "Y": 0.5013555288314819
          },
          {
            "X": 0.41977378726005554,
            "Y": 0.5327911972999573
          },
          {
            "X": 0.2303624004125595,
            "Y": 0.5324476957321167
          }
        ]
      },
      "Id": "483cfaca-78c1-4b3e-a463-7a24b23f337e",
      "Relationships": [
        {
          "Type": "CHILD",
          "Ids": [
            "f7a6143b-28b0-403a-a2ad-718bc13e340c"
          ]
        }
      ],
      "Page": 1
    },
    {
      "BlockType": "CELL",
      "Confidence": 86.9140625,
      "RowIndex": 3,
      "ColumnIndex": 2,
      "RowSpan": 1,
      "ColumnSpan": 1,
      "Geometry": {
        "BoundingBox": {
          "Width": 0.1959809809923172,
          "Height": 0.03179076313972473,
          "Left": 0.41960200667381287,
          "Top": 0.5013555288314819
        },
        "Polygon": [
          {
            "X": 0.41960200667381287,
            "Y": 0.5013555288314819
          },
          {
            "X": 0.6153769493103027,
            "Y": 0.5016830563545227
          },
          {
            "X": 0.6155830025672913,
            "Y": 0.533146321773529
          },
          {
            "X": 0.41977378726005554,
            "Y": 0.5327911972999573
          }
        ]
      },
      "Id": "a06de09b-4bd7-40b4-9555-ccf1c6108854",
      "Relationships": [
        {
          "Type": "CHILD",
          "Ids": [
            "21e0e9e0-5b45-4962-91b3-828193a49ee4",
            "f7dcafa4-8208-488e-bda3-2b741fd2a41b"
          ]
        }
      ],
      "Page": 1
    },
    {
      "BlockType": "CELL",
      "Confidence": 86.279296875,
      "RowIndex": 3,
      "ColumnIndex": 3,
      "RowSpan": 1,
      "ColumnSpan": 1,
      "Geometry": {
        "BoundingBox": {
          "Width": 0.1518353968858719,
          "Height": 0.03173822537064552,
          "Left": 0.6153769493103027,
          "Top": 0.5016830563545227
        },
        "Polygon": [
          {
            "X": 0.6153769493103027,
            "Y": 0.5016830563545227
          },
          {
            "X": 0.7669797539710999,
            "Y": 0.501936674118042
          },
          {
            "X": 0.7672123312950134,
            "Y": 0.5334212779998779
          },
          {
            "X": 0.6155830025672913,
            "Y": 0.533146321773529
          }
        ]
      },
      "Id": "3111cce3-93e6-4643-9c10-e613351b8db8",
      "Relationships": [
        {
          "Type": "CHILD",
          "Ids": [
            "c0f49fab-36f5-480c-8620-a2b5ce4ede83",
            "f0947103-c5af-49b9-8c59-a006de169e29",
            "32749c80-1d13-43af-83a5-07cebc94d9ce"
          ]
        }
      ],
      "Page": 1
    },
    {
      "BlockType": "CELL",
      "Confidence": 85.595703125,
      "RowIndex": 4,
      "ColumnIndex": 1,
      "RowSpan": 1,
      "ColumnSpan": 1,
      "Geometry": {
        "BoundingBox": {
          "Width": 0.18958324193954468,
          "Height": 0.031790100038051605,
          "Left": 0.2303624004125595,
          "Top": 0.5324476957321167
        },
        "Polygon": [
          {
            "X": 0.2303624004125595,
            "Y": 0.5324476957321167
          },
          {
            "X": 0.41977378726005554,
            "Y": 0.5327911972999573
          },
          {
            "X": 0.4199456572532654,
            "Y": 0.5642377734184265
          },
          {
            "X": 0.230501189827919,
            "Y": 0.5638675689697266
          }
        ]
      },
      "Id": "9bcd052d-9e72-4fc8-955e-0168fafc32da",
      "Relationships": [
        {
          "Type": "CHILD",
          "Ids": [
            "75d9420f-f4e9-42f1-9cd4-61eeaef03ccd"
          ]
        }
      ],
      "Page": 1
    },
    {
      "BlockType": "CELL",
      "Confidence": 86.083984375,
      "RowIndex": 4,
      "ColumnIndex": 2,
      "RowSpan": 1,
      "ColumnSpan": 1,
      "Geometry": {
        "BoundingBox": {
          "Width": 0.19601529836654663,
          "Height": 0.03182930499315262,
          "Left": 0.41977378726005554,
          "Top": 0.5327911972999573
        },
        "Polygon": [
          {
            "X": 0.41977378726005554,
            "Y": 0.5327911972999573
          },
          {
            "X": 0.6155830025672913,
            "Y": 0.533146321773529
          },
          {
            "X": 0.6157891154289246,
            "Y": 0.5646204948425293
          },
          {
            "X": 0.4199456572532654,
            "Y": 0.5642377734184265
          }
        ]
      },
      "Id": "0380446f-ee05-4bc2-828f-9f909d48631c",
      "Relationships": [
        {
          "Type": "CHILD",
          "Ids": [
            "3930280d-eed5-4faf-8eec-fb8e4a580305",
            "706cb6d2-dd66-404a-8edb-89e39969df20"
          ]
        }
      ],
      "Page": 1
    },
    {
      "BlockType": "CELL",
      "Confidence": 85.498046875,
      "RowIndex": 4,
      "ColumnIndex": 3,
      "RowSpan": 1,
      "ColumnSpan": 1,
      "Geometry": {
        "BoundingBox": {
          "Width": 0.1518620252609253,
          "Height": 0.03177056089043617,
          "Left": 0.6155830025672913,
          "Top": 0.533146321773529
        },
        "Polygon": [
          {
            "X": 0.6155830025672913,
            "Y": 0.533146321773529
          },
          {
            "X": 0.7672123312950134,
            "Y": 0.5334212779998779
          },
          {
            "X": 0.7674450278282166,
            "Y": 0.5649168491363525
          },
          {
            "X": 0.6157891154289246,
            "Y": 0.5646204948425293
          }
        ]
      },
      "Id": "e76029b8-dcd7-451b-a43f-48052a0bf57c",
      "Relationships": [
        {
          "Type": "CHILD",
          "Ids": [
            "d9f41f8a-40a5-48cb-a145-3f20c46feb8d",
            "7bed45dd-0ce8-4048-a3b5-34aab777f605",
            "8733e2da-9630-43d4-bcde-af10275155ed"
          ]
        }
      ],
      "Page": 1
    },
    {
      "BlockType": "CELL",
      "Confidence": 92.7734375,
      "RowIndex": 5,
      "ColumnIndex": 1,
      "RowSpan": 1,
      "ColumnSpan": 1,
      "Geometry": {
        "BoundingBox": {
          "Width": 0.18968157470226288,
          "Height": 0.04375714808702469,
          "Left": 0.230501189827919,
          "Top": 0.5638675689697266
        },
        "Polygon": [
          {
            "X": 0.230501189827919,
            "Y": 0.5638675689697266
          },
          {
            "X": 0.4199456572532654,
            "Y": 0.5642377734184265
          },
          {
            "X": 0.4201827645301819,
            "Y": 0.6076247096061707
          },
          {
            "X": 0.23069265484809875,
            "Y": 0.6072176694869995
          }
        ]
      },
      "Id": "ffdc8bb7-6546-4fca-9cf6-ee0feaf61c35",
      "Relationships": [
        {
          "Type": "CHILD",
          "Ids": [
            "facaa23b-b73b-40c9-b5d3-6edf34f614e0"
          ]
        }
      ],
      "Page": 1
    },
    {
      "BlockType": "CELL",
      "Confidence": 93.26171875,
      "RowIndex": 5,
      "ColumnIndex": 2,
      "RowSpan": 1,
      "ColumnSpan": 1,
      "Geometry": {
        "BoundingBox": {
          "Width": 0.19612780213356018,
          "Height": 0.043807752430438995,
          "Left": 0.4199456572532654,
          "Top": 0.5642377734184265
        },
        "Polygon": [
          {
            "X": 0.4199456572532654,
            "Y": 0.5642377734184265
          },
          {
            "X": 0.6157891154289246,
            "Y": 0.5646204948425293
          },
          {
            "X": 0.6160734295845032,
            "Y": 0.6080455183982849
          },
          {
            "X": 0.4201827645301819,
            "Y": 0.6076247096061707
          }
        ]
      },
      "Id": "4e5c2a18-1c70-4a0a-a924-f36f78edf21f",
      "Relationships": [
        {
          "Type": "CHILD",
          "Ids": [
            "8c909d30-1e3d-4605-8e61-ed504a3de770",
            "482bb3f7-754f-4074-a564-e6ebf0dfa342"
          ]
        }
      ],
      "Page": 1
    },
    {
      "BlockType": "CELL",
      "Confidence": 92.626953125,
      "RowIndex": 5,
      "ColumnIndex": 3,
      "RowSpan": 1,
      "ColumnSpan": 1,
      "Geometry": {
        "BoundingBox": {
          "Width": 0.15197694301605225,
          "Height": 0.043750908225774765,
          "Left": 0.6157891154289246,
          "Top": 0.5646204948425293
        },
        "Polygon": [
          {
            "X": 0.6157891154289246,
            "Y": 0.5646204948425293
          },
          {
            "X": 0.7674450278282166,
            "Y": 0.5649168491363525
          },
          {
            "X": 0.7677660584449768,
            "Y": 0.6083714365959167
          },
          {
            "X": 0.6160734295845032,
            "Y": 0.6080455183982849
          }
        ]
      },
      "Id": "62b3830d-66b3-4839-a92f-5bb97bf6c3a6",
      "Relationships": [
        {
          "Type": "CHILD",
          "Ids": [
            "dffb01b5-9c50-4b52-a17c-4c512ab73746",
            "f1610c43-0c82-4f3d-95ae-cb49fbd464a8",
            "e1651aa8-7419-4d80-9409-824220db476b"
          ]
        }
      ],
      "Page": 1
    }
  ],
  "AnalyzeDocumentModelVersion": "1.0"
}