"'Brand, composite resin type, abbreviation","'Chemical composition","'Manufacturer",
"'TPH spectrum (hybrid) (TPH)","'Matrix: bis-GMA adduct, bis-EMA, TEGDMA Filler: Ba-Al-B-Si glass (mean particle size 1 um, colloidal silica particle size 0.04 pm) 57 vol%, 77 wt%","'Dentsply DeTrey GmbH, Konstanz, Germany",
"'Batch no: 604190E","'","'",
"'Charisma (microhybrid) (CHA) Batch no: 010513","'Matrix: bis-GMA, TEGDMA Filler: Ba-Al-B-F-Si glass (0.02-2 um), pyrogenic SiO2 (0.02-0.07 um) 61 vol%, 78 wt%","'Heraeus Kulzer GmbH, Hanau, Germany",
"'Filtek Z250 (microhybrid) (Z250) Batch no: n14076Br","'Matrix: UDMA, bis-EMA6, TEGDMA Filler: ZrO/SiO2 (mean particle size 0.6) 60 vol%, 82 wt%","'3 M ESPE AG, Seefeld, Germany",
"'Adper Single Bond Plus (Intermediate adhesive resin) (IAR)","'Matrix: bis-GMA, HEMA, dimethacrylates, ethanol, water, photoinitiator, methacrylate functional copolymer of polyacrylic and polyitaconic acids","'3M ESPE AG, Seefeld, Germany",
"'Batch no: 340867BR","'Filler: Nanofillers (5 nm in diameter, 10 wt% spherical silica particles)","'",
,,

'Confidence Scores % (Table Cell)
"'92.62695313","'93.06640625","'90.38085938",
"'50.24414063","'50.53710938","'49.04785156",
"'34.20410156","'34.37500000","'33.39843750",
"'36.84082031","'36.93847656","'35.35156250",
"'40.28320313","'40.47851563","'39.30664063",
"'83.93554688","'84.37500000","'81.93359375",
"'60.44921875","'60.74218750","'58.98437500",
