"'Condac 37 (Etchant)","'37% Phosphoric acid, silica, pigment and deionized water","'FGM Dental Products, Joinville, Brazil","'271112",
"'Adper SingleBond 2","'HEMA, Bis-GMA, polyalkenoic acid copolymer, dimethacrylates, 10 wt% 5 nm silica particles, ethanol, water and camphorquinone","'3M ESPE, St. Paul, USA","'1220500555",
"'Clearfil S3","'MDP, Bis-GMA, HEMA, dimethacrylates, and photoinitator","'Kuraray Medical, Tokyo, Japan","'00027A",
"'Panavia F","'Paste A: MDP, silanated silica, hydrophobic aromatic and aliphatic dimethacrylate, hydrophilic dimethacrylate photo-initiator, and dibenzoyl peroxide Paste B: silanated barium glass, sodium fluoride, sodium aromatic sulfinate, dimethacrylate monomer, and initiators.","'Kuraray Medical, Tokyo, Japan","'051222",
"'RelyX ARC","'Bis-GMA, TEGDMA, dimetacrylate polymer, zircone, initiators, and silica","'3M ESPE, St. Paul, MN, USA","'1235400608",
"'RelyXTM U200","'Base: 2-propenoic acid, 2-methyl, 1,1'-[1-(hydroxymethyl)-1,2-ethanediyl] ester, TEGDMA, silica treated with silane, glass fiber, sodium persulfate, tere-butylperoxy-3,5,5-trimethyl hexanoate Catalyst: dy-methyl methacrylate, silica treated with silane, sodium p-toluenesulfonate, 1-benzyl-5-phenyl barbituric acid, salts of calcium, 1,12-dodecanediol dimethacrylate, calcium hydroxide, and titanium dioxide","'3M ESPE, St. Paul, MN, USA","'488412",
"'Silane","'MPS, ethanol, and water","'FGM Dental Products ltda, Join- ville, Brazil","'300712",
"'Filtek Z100","'Bis-GMA, TEGDMA, and silica/zirconia fillers","'3M ESPE, St. Paul, MN, USA","'1124800751",
,,,

'Confidence Scores % (Table Cell)
"'94.09179688","'96.87500000","'94.23828125","'89.99023438",
"'92.91992188","'95.65429688","'93.01757813","'88.81835938",
"'83.69140625","'86.18164063","'83.83789063","'80.02929688",
"'69.67773438","'71.72851563","'69.77539063","'66.65039063",
"'80.51757813","'82.91015625","'80.66406250","'77.00195313",
"'92.23632813","'94.97070313","'92.38281250","'88.18359375",
"'56.88476563","'58.59375000","'56.98242188","'54.39453125",
"'92.48046875","'95.21484375","'92.62695313","'88.42773438",
