{
  "DocumentMetadata": {
    "Pages": 1
  },
  "JobStatus": "SUCCEEDED",
  "Blocks": [
    {
      "BlockType": "PAGE",
      "Geometry": {
        "BoundingBox": {
          "Width": 1,
          "Height": 1,
          "Left": 0,
          "Top": 0
        },
        "Polygon": [
          {
            "X": 0,
            "Y": 0.000012943047295266297
          },
          {
            "X": 1,
            "Y": 0
          },
          {
            "X": 1,
            "Y": 1
          },
          {
            "X": 0.00004806361539522186,
            "Y": 1
          }
        ]
      },
      "Id": "1249c430-9e01-445c-9d88-2940b1e10dbe",
      "Relationships": [
        {
          "Type": "CHILD",
          "Ids": [
            "060f6953-a6b3-40e0-87e8-00d3ab6c7897",
            "c2ce953e-d5ea-4b8c-a709-124551d3425b",
            "ed1b88cc-6f4c-42ae-b8c1-0acc2cae4d44",
            "786c7eb7-8b1a-4268-9c8f-c08f68d6f437",
            "a3d99b8e-0b8a-430a-8dc4-a4a36098c156",
            "487703fa-cdfe-47ca-b81d-0ab6cfe21fb6",
            "cf6a6988-cc53-4a93-b14a-5e4c0a68f625",
            "ea3cfb10-2aee-49af-8a40-a3a16f38623a",
            "9421faf3-f4ef-4fed-975b-656f1399602a",
            "d7895864-2103-4477-8ed5-25aa227ab5fe",
            "8763a483-61a1-4962-ad37-3ba8c1625cd6",
            "3c6c4a4b-d555-40af-aeab-66a8d5a3b328",
            "5129b845-0f75-4b18-8132-926ec7ef27dc",
            "446c0e5f-1d15-446c-a6f6-89fb87924d28",
            "d6064f3e-0cf0-49ef-aaa7-f556dca830bc",
            "43811ec8-1608-461d-b01d-7639c1e8bfed",
            "218c5028-a99c-4130-a771-90437b2e1735",
            "bba3a336-2ab7-4748-9d11-054b9929a5ea",
            "3b88af0f-d00b-47aa-a3d4-536b3853a3c6",
            "31655f47-13ba-4221-b273-3751b8d8aa20"
          ]
        }
      ],
      "Page": 1
    },
    {
      "BlockType": "LINE",
      "Confidence": 99.88494110107422,
      "Text": "Samples",
      "Geometry": {
        "BoundingBox": {
          "Width": 0.05739751085639,
          "Height": 0.025961101055145264,
          "Left": 0.2749606966972351,
          "Top": 0.4112095236778259
        },
        "Polygon": [
          {
            "X": 0.2749606966972351,
            "Y": 0.41136035323143005
          },
          {
            "X": 0.3321104943752289,
            "Y": 0.4112095236778259
          },
          {
            "X": 0.3323582112789154,
            "Y": 0.43701571226119995
          },
          {
            "X": 0.2752038836479187,
            "Y": 0.4371706247329712
          }
        ]
      },
      "Id": "060f6953-a6b3-40e0-87e8-00d3ab6c7897",
      "Relationships": [
        {
          "Type": "CHILD",
          "Ids": [
            "a69e165b-2674-4843-87f4-72434679371c"
          ]
        }
      ],
      "Page": 1
    },
    {
      "BlockType": "LINE",
      "Confidence": 99.87602996826172,
      "Text": "T5",
      "Geometry": {
        "BoundingBox": {
          "Width": 0.01724422723054886,
          "Height": 0.019974229857325554,
          "Left": 0.40078088641166687,
          "Top": 0.4122389256954193
        },
        "Polygon": [
          {
            "X": 0.40078088641166687,
            "Y": 0.4122839868068695
          },
          {
            "X": 0.4178285002708435,
            "Y": 0.4122389256954193
          },
          {
            "X": 0.41802510619163513,
            "Y": 0.4321671426296234
          },
          {
            "X": 0.4009764492511749,
            "Y": 0.43221315741539
          }
        ]
      },
      "Id": "c2ce953e-d5ea-4b8c-a709-124551d3425b",
      "Relationships": [
        {
          "Type": "CHILD",
          "Ids": [
            "d20a5832-68f0-4378-a569-d0b08aa91767"
          ]
        }
      ],
      "Page": 1
    },
    {
      "BlockType": "LINE",
      "Confidence": 76.81733703613281,
      "Text": "[°C]ª T10 [°C]b Hydrolytical weight loss [%]°",
      "Geometry": {
        "BoundingBox": {
          "Width": 0.3151918649673462,
          "Height": 0.030534956604242325,
          "Left": 0.4238080382347107,
          "Top": 0.4078686237335205
        },
        "Polygon": [
          {
            "X": 0.4238080382347107,
            "Y": 0.40869778394699097
          },
          {
            "X": 0.7386773824691772,
            "Y": 0.4078686237335205
          },
          {
            "X": 0.7389999032020569,
            "Y": 0.4375486671924591
          },
          {
            "X": 0.42410168051719666,
            "Y": 0.43840357661247253
          }
        ]
      },
      "Id": "ed1b88cc-6f4c-42ae-b8c1-0acc2cae4d44",
      "Relationships": [
        {
          "Type": "CHILD",
          "Ids": [
            "f265fabf-68cf-439f-bc13-88d56d5375ad",
            "8d935cf5-971d-4b37-b476-87e2997bf5d5",
            "a3e5c028-7b87-4b5a-80b2-dafc46d4acf5",
            "6182469a-b077-41d9-bbb0-82f27f68fb02",
            "3e753859-a35d-4488-bf0f-b61559373ad5",
            "bb8af3cc-1546-46f5-8a76-d963b75941d3",
            "950e7ef9-22dd-4b71-bc94-5ce6ddba57ee"
          ]
        }
      ],
      "Page": 1
    },
    {
      "BlockType": "LINE",
      "Confidence": 99.41368865966797,
      "Text": "DGEBA",
      "Geometry": {
        "BoundingBox": {
          "Width": 0.04849240183830261,
          "Height": 0.019763724878430367,
          "Left": 0.2755392789840698,
          "Top": 0.4593921899795532
        },
        "Polygon": [
          {
            "X": 0.2755392789840698,
            "Y": 0.45952609181404114
          },
          {
            "X": 0.3238438069820404,
            "Y": 0.4593921899795532
          },
          {
            "X": 0.32403168082237244,
            "Y": 0.479019433259964
          },
          {
            "X": 0.27572423219680786,
            "Y": 0.47915592789649963
          }
        ]
      },
      "Id": "786c7eb7-8b1a-4268-9c8f-c08f68d6f437",
      "Relationships": [
        {
          "Type": "CHILD",
          "Ids": [
            "482be363-bfd8-4141-9937-e56e173c9212"
          ]
        }
      ],
      "Page": 1
    },
    {
      "BlockType": "LINE",
      "Confidence": 99.88897705078125,
      "Text": "380",
      "Geometry": {
        "BoundingBox": {
          "Width": 0.02552974782884121,
          "Height": 0.01984613947570324,
          "Left": 0.40185046195983887,
          "Top": 0.4594857394695282
        },
        "Polygon": [
          {
            "X": 0.40185046195983887,
            "Y": 0.459555983543396
          },
          {
            "X": 0.4271845519542694,
            "Y": 0.4594857394695282
          },
          {
            "X": 0.42738020420074463,
            "Y": 0.47926023602485657
          },
          {
            "X": 0.4020445644855499,
            "Y": 0.4793318808078766
          }
        ]
      },
      "Id": "a3d99b8e-0b8a-430a-8dc4-a4a36098c156",
      "Relationships": [
        {
          "Type": "CHILD",
          "Ids": [
            "51385ed8-b0ee-41b8-b864-69b99fc2b840"
          ]
        }
      ],
      "Page": 1
    },
    {
      "BlockType": "LINE",
      "Confidence": 99.88079833984375,
      "Text": "417",
      "Geometry": {
        "BoundingBox": {
          "Width": 0.02588503062725067,
          "Height": 0.019590172916650772,
          "Left": 0.46633654832839966,
          "Top": 0.45964881777763367
        },
        "Polygon": [
          {
            "X": 0.46633654832839966,
            "Y": 0.45972004532814026
          },
          {
            "X": 0.4920245110988617,
            "Y": 0.45964881777763367
          },
          {
            "X": 0.49222156405448914,
            "Y": 0.47916632890701294
          },
          {
            "X": 0.46653202176094055,
            "Y": 0.47923898696899414
          }
        ]
      },
      "Id": "487703fa-cdfe-47ca-b81d-0ab6cfe21fb6",
      "Relationships": [
        {
          "Type": "CHILD",
          "Ids": [
            "801cb67c-a69d-4179-88ab-e16ec6522740"
          ]
        }
      ],
      "Page": 1
    },
    {
      "BlockType": "LINE",
      "Confidence": 88.9710464477539,
      "Text": "0,03",
      "Geometry": {
        "BoundingBox": {
          "Width": 0.028389856219291687,
          "Height": 0.020362071692943573,
          "Left": 0.5406793355941772,
          "Top": 0.4588482081890106
        },
        "Polygon": [
          {
            "X": 0.5406793355941772,
            "Y": 0.45892632007598877
          },
          {
            "X": 0.5688595771789551,
            "Y": 0.4588482081890106
          },
          {
            "X": 0.5690691471099854,
            "Y": 0.4791305661201477
          },
          {
            "X": 0.540887176990509,
            "Y": 0.4792102575302124
          }
        ]
      },
      "Id": "cf6a6988-cc53-4a93-b14a-5e4c0a68f625",
      "Relationships": [
        {
          "Type": "CHILD",
          "Ids": [
            "bb270e18-84ce-49ad-beaa-6666459eab7c"
          ]
        }
      ],
      "Page": 1
    },
    {
      "BlockType": "LINE",
      "Confidence": 98.18702697753906,
      "Text": "DGEBA/CL 95:5",
      "Geometry": {
        "BoundingBox": {
          "Width": 0.10552709549665451,
          "Height": 0.024746030569076538,
          "Left": 0.2752695381641388,
          "Top": 0.490877628326416
        },
        "Polygon": [
          {
            "X": 0.2752695381641388,
            "Y": 0.49117863178253174
          },
          {
            "X": 0.38055843114852905,
            "Y": 0.490877628326416
          },
          {
            "X": 0.3807966411113739,
            "Y": 0.515315592288971
          },
          {
            "X": 0.2754998207092285,
            "Y": 0.5156236886978149
          }
        ]
      },
      "Id": "ea3cfb10-2aee-49af-8a40-a3a16f38623a",
      "Relationships": [
        {
          "Type": "CHILD",
          "Ids": [
            "d93bb61f-4e30-4156-be10-86eaa39c6c47",
            "e142c320-1840-472d-83a5-efda1b74b210"
          ]
        }
      ],
      "Page": 1
    },
    {
      "BlockType": "LINE",
      "Confidence": 99.88809967041016,
      "Text": "333",
      "Geometry": {
        "BoundingBox": {
          "Width": 0.02508021704852581,
          "Height": 0.019561801105737686,
          "Left": 0.4016542434692383,
          "Top": 0.4921123683452606
        },
        "Polygon": [
          {
            "X": 0.4016542434692383,
            "Y": 0.4921835958957672
          },
          {
            "X": 0.42654168605804443,
            "Y": 0.4921123683452606
          },
          {
            "X": 0.42673444747924805,
            "Y": 0.5116015672683716
          },
          {
            "X": 0.4018455147743225,
            "Y": 0.511674165725708
          }
        ]
      },
      "Id": "9421faf3-f4ef-4fed-975b-656f1399602a",
      "Relationships": [
        {
          "Type": "CHILD",
          "Ids": [
            "21918de8-2163-4341-9670-1996f2a528a5"
          ]
        }
      ],
      "Page": 1
    },
    {
      "BlockType": "LINE",
      "Confidence": 99.92781829833984,
      "Text": "378",
      "Geometry": {
        "BoundingBox": {
          "Width": 0.025449424982070923,
          "Height": 0.019833792001008987,
          "Left": 0.46653321385383606,
          "Top": 0.4918327331542969
        },
        "Polygon": [
          {
            "X": 0.46653321385383606,
            "Y": 0.49190500378608704
          },
          {
            "X": 0.4917832016944885,
            "Y": 0.4918327331542969
          },
          {
            "X": 0.491982638835907,
            "Y": 0.5115928649902344
          },
          {
            "X": 0.46673113107681274,
            "Y": 0.5116665363311768
          }
        ]
      },
      "Id": "d7895864-2103-4477-8ed5-25aa227ab5fe",
      "Relationships": [
        {
          "Type": "CHILD",
          "Ids": [
            "30de8bfd-4c79-42b4-9796-572869893342"
          ]
        }
      ],
      "Page": 1
    },
    {
      "BlockType": "LINE",
      "Confidence": 99.7559814453125,
      "Text": "2",
      "Geometry": {
        "BoundingBox": {
          "Width": 0.008318631909787655,
          "Height": 0.019628280773758888,
          "Left": 0.5404912233352661,
          "Top": 0.4919087588787079
        },
        "Polygon": [
          {
            "X": 0.5404912233352661,
            "Y": 0.4919320046901703
          },
          {
            "X": 0.5486085414886475,
            "Y": 0.4919087588787079
          },
          {
            "X": 0.5488098859786987,
            "Y": 0.511513352394104
          },
          {
            "X": 0.5406920909881592,
            "Y": 0.5115370750427246
          }
        ]
      },
      "Id": "8763a483-61a1-4962-ad37-3ba8c1625cd6",
      "Relationships": [
        {
          "Type": "CHILD",
          "Ids": [
            "cc7d9016-c057-4888-a7bd-c3e3b92b9abf"
          ]
        }
      ],
      "Page": 1
    },
    {
      "BlockType": "LINE",
      "Confidence": 98.59455871582031,
      "Text": "DGEBA/CL 92:8",
      "Geometry": {
        "BoundingBox": {
          "Width": 0.10573253035545349,
          "Height": 0.024074485525488853,
          "Left": 0.275217205286026,
          "Top": 0.5241960287094116
        },
        "Polygon": [
          {
            "X": 0.275217205286026,
            "Y": 0.5245072841644287
          },
          {
            "X": 0.3807181715965271,
            "Y": 0.5241960287094116
          },
          {
            "X": 0.3809497356414795,
            "Y": 0.5479523539543152
          },
          {
            "X": 0.2754410207271576,
            "Y": 0.5482705235481262
          }
        ]
      },
      "Id": "3c6c4a4b-d555-40af-aeab-66a8d5a3b328",
      "Relationships": [
        {
          "Type": "CHILD",
          "Ids": [
            "0de27c48-ae9a-48b0-9544-9b131fa7ddf3",
            "924d0916-c0ed-4592-abff-02f936e96578"
          ]
        }
      ],
      "Page": 1
    },
    {
      "BlockType": "LINE",
      "Confidence": 99.8694839477539,
      "Text": "317",
      "Geometry": {
        "BoundingBox": {
          "Width": 0.025321241468191147,
          "Height": 0.01914316788315773,
          "Left": 0.4018140733242035,
          "Top": 0.524744987487793
        },
        "Polygon": [
          {
            "X": 0.4018140733242035,
            "Y": 0.5248191952705383
          },
          {
            "X": 0.4269467294216156,
            "Y": 0.524744987487793
          },
          {
            "X": 0.42713531851768494,
            "Y": 0.5438126921653748
          },
          {
            "X": 0.40200120210647583,
            "Y": 0.5438882112503052
          }
        ]
      },
      "Id": "5129b845-0f75-4b18-8132-926ec7ef27dc",
      "Relationships": [
        {
          "Type": "CHILD",
          "Ids": [
            "d8eff341-cf40-4830-abec-1dfa03962bd4"
          ]
        }
      ],
      "Page": 1
    },
    {
      "BlockType": "LINE",
      "Confidence": 99.86024475097656,
      "Text": "350",
      "Geometry": {
        "BoundingBox": {
          "Width": 0.026224715635180473,
          "Height": 0.020163416862487793,
          "Left": 0.4664427936077118,
          "Top": 0.5240939855575562
        },
        "Polygon": [
          {
            "X": 0.4664427936077118,
            "Y": 0.5241707563400269
          },
          {
            "X": 0.49246475100517273,
            "Y": 0.5240939855575562
          },
          {
            "X": 0.4926674962043762,
            "Y": 0.5441791415214539
          },
          {
            "X": 0.46664392948150635,
            "Y": 0.544257402420044
          }
        ]
      },
      "Id": "446c0e5f-1d15-446c-a6f6-89fb87924d28",
      "Relationships": [
        {
          "Type": "CHILD",
          "Ids": [
            "bff05a53-6ceb-47d6-9b90-a2d87359a569"
          ]
        }
      ],
      "Page": 1
    },
    {
      "BlockType": "LINE",
      "Confidence": 99.89706420898438,
      "Text": "3",
      "Geometry": {
        "BoundingBox": {
          "Width": 0.008374758996069431,
          "Height": 0.01999862678349018,
          "Left": 0.5404965877532959,
          "Top": 0.5242727994918823
        },
        "Polygon": [
          {
            "X": 0.5404965877532959,
            "Y": 0.5242969393730164
          },
          {
            "X": 0.54866623878479,
            "Y": 0.5242727994918823
          },
          {
            "X": 0.5488713383674622,
            "Y": 0.5442468523979187
          },
          {
            "X": 0.5407012104988098,
            "Y": 0.5442714691162109
          }
        ]
      },
      "Id": "d6064f3e-0cf0-49ef-aaa7-f556dca830bc",
      "Relationships": [
        {
          "Type": "CHILD",
          "Ids": [
            "bc21e04e-cd68-4585-8bc3-e1fcfa4a355f"
          ]
        }
      ],
      "Page": 1
    },
    {
      "BlockType": "LINE",
      "Confidence": 99.43179321289062,
      "Text": "DGEBA/CL 90:10",
      "Geometry": {
        "BoundingBox": {
          "Width": 0.11427386105060577,
          "Height": 0.024535944685339928,
          "Left": 0.2754954993724823,
          "Top": 0.5561971068382263
        },
        "Polygon": [
          {
            "X": 0.2754954993724823,
            "Y": 0.5565435290336609
          },
          {
            "X": 0.38953301310539246,
            "Y": 0.5561971068382263
          },
          {
            "X": 0.38976937532424927,
            "Y": 0.5803789496421814
          },
          {
            "X": 0.27572333812713623,
            "Y": 0.5807330012321472
          }
        ]
      },
      "Id": "43811ec8-1608-461d-b01d-7639c1e8bfed",
      "Relationships": [
        {
          "Type": "CHILD",
          "Ids": [
            "3b113b59-4136-443c-8360-df34fc6723f6",
            "653b6351-0dee-4a59-93c8-a4e6eab34c42"
          ]
        }
      ],
      "Page": 1
    },
    {
      "BlockType": "LINE",
      "Confidence": 99.86944580078125,
      "Text": "317",
      "Geometry": {
        "BoundingBox": {
          "Width": 0.025213422253727913,
          "Height": 0.01912693679332733,
          "Left": 0.4019381105899811,
          "Top": 0.5570945143699646
        },
        "Polygon": [
          {
            "X": 0.4019381105899811,
            "Y": 0.5571706295013428
          },
          {
            "X": 0.4269631505012512,
            "Y": 0.5570945143699646
          },
          {
            "X": 0.42715153098106384,
            "Y": 0.5761440396308899
          },
          {
            "X": 0.4021250605583191,
            "Y": 0.5762214660644531
          }
        ]
      },
      "Id": "218c5028-a99c-4130-a771-90437b2e1735",
      "Relationships": [
        {
          "Type": "CHILD",
          "Ids": [
            "b2440a14-824e-4625-ae2c-708631c1d62c"
          ]
        }
      ],
      "Page": 1
    },
    {
      "BlockType": "LINE",
      "Confidence": 99.89240264892578,
      "Text": "350",
      "Geometry": {
        "BoundingBox": {
          "Width": 0.025933681055903435,
          "Height": 0.020004311576485634,
          "Left": 0.4666178822517395,
          "Top": 0.5566816329956055
        },
        "Polygon": [
          {
            "X": 0.4666178822517395,
            "Y": 0.5567598342895508
          },
          {
            "X": 0.49235042929649353,
            "Y": 0.5566816329956055
          },
          {
            "X": 0.4925515353679657,
            "Y": 0.576606273651123
          },
          {
            "X": 0.4668174088001251,
            "Y": 0.5766859650611877
          }
        ]
      },
      "Id": "bba3a336-2ab7-4748-9d11-054b9929a5ea",
      "Relationships": [
        {
          "Type": "CHILD",
          "Ids": [
            "69052a14-46c2-46f4-8baa-4b98a7ab5654"
          ]
        }
      ],
      "Page": 1
    },
    {
      "BlockType": "LINE",
      "Confidence": 99.86991882324219,
      "Text": "5",
      "Geometry": {
        "BoundingBox": {
          "Width": 0.008240564726293087,
          "Height": 0.019401095807552338,
          "Left": 0.5406427383422852,
          "Top": 0.5572248101234436
        },
        "Polygon": [
          {
            "X": 0.5406427383422852,
            "Y": 0.5572493076324463
          },
          {
            "X": 0.5486843585968018,
            "Y": 0.5572248101234436
          },
          {
            "X": 0.548883318901062,
            "Y": 0.5766010284423828
          },
          {
            "X": 0.5408412218093872,
            "Y": 0.5766258835792542
          }
        ]
      },
      "Id": "3b88af0f-d00b-47aa-a3d4-536b3853a3c6",
      "Relationships": [
        {
          "Type": "CHILD",
          "Ids": [
            "ef529b41-a88d-4804-b24e-83a92017629a"
          ]
        }
      ],
      "Page": 1
    },
    {
      "BlockType": "WORD",
      "Confidence": 99.88494110107422,
      "Text": "Samples",
      "TextType": "PRINTED",
      "Geometry": {
        "BoundingBox": {
          "Width": 0.05739751085639,
          "Height": 0.025961101055145264,
          "Left": 0.2749606966972351,
          "Top": 0.4112095236778259
        },
        "Polygon": [
          {
            "X": 0.2749606966972351,
            "Y": 0.41136035323143005
          },
          {
            "X": 0.3321104943752289,
            "Y": 0.4112095236778259
          },
          {
            "X": 0.3323582112789154,
            "Y": 0.43701571226119995
          },
          {
            "X": 0.2752038836479187,
            "Y": 0.4371706247329712
          }
        ]
      },
      "Id": "a69e165b-2674-4843-87f4-72434679371c",
      "Page": 1
    },
    {
      "BlockType": "WORD",
      "Confidence": 99.87602996826172,
      "Text": "T5",
      "TextType": "PRINTED",
      "Geometry": {
        "BoundingBox": {
          "Width": 0.01724422723054886,
          "Height": 0.019974229857325554,
          "Left": 0.40078088641166687,
          "Top": 0.4122389256954193
        },
        "Polygon": [
          {
            "X": 0.40078088641166687,
            "Y": 0.4122839868068695
          },
          {
            "X": 0.4178285002708435,
            "Y": 0.4122389256954193
          },
          {
            "X": 0.41802510619163513,
            "Y": 0.4321671426296234
          },
          {
            "X": 0.4009764492511749,
            "Y": 0.43221315741539
          }
        ]
      },
      "Id": "d20a5832-68f0-4378-a569-d0b08aa91767",
      "Page": 1
    },
    {
      "BlockType": "WORD",
      "Confidence": 38.1057243347168,
      "Text": "[°C]ª",
      "TextType": "PRINTED",
      "Geometry": {
        "BoundingBox": {
          "Width": 0.03171243146061897,
          "Height": 0.02690032683312893,
          "Left": 0.4238239526748657,
          "Top": 0.41022345423698425
        },
        "Polygon": [
          {
            "X": 0.4238239526748657,
            "Y": 0.4103063941001892
          },
          {
            "X": 0.4552686810493469,
            "Y": 0.41022345423698425
          },
          {
            "X": 0.4555363655090332,
            "Y": 0.4370385408401489
          },
          {
            "X": 0.4240890443325043,
            "Y": 0.4371238052845001
          }
        ]
      },
      "Id": "f265fabf-68cf-439f-bc13-88d56d5375ad",
      "Page": 1
    },
    {
      "BlockType": "WORD",
      "Confidence": 99.82566833496094,
      "Text": "T10",
      "TextType": "PRINTED",
      "Geometry": {
        "BoundingBox": {
          "Width": 0.026687942445278168,
          "Height": 0.02000322937965393,
          "Left": 0.4656258225440979,
          "Top": 0.4121168553829193
        },
        "Polygon": [
          {
            "X": 0.4656258225440979,
            "Y": 0.412186861038208
          },
          {
            "X": 0.49211248755455017,
            "Y": 0.4121168553829193
          },
          {
            "X": 0.49231377243995667,
            "Y": 0.43204861879348755
          },
          {
            "X": 0.4658254384994507,
            "Y": 0.43212008476257324
          }
        ]
      },
      "Id": "8d935cf5-971d-4b37-b476-87e2997bf5d5",
      "Page": 1
    },
    {
      "BlockType": "WORD",
      "Confidence": 44.02075958251953,
      "Text": "[°C]b",
      "TextType": "PRINTED",
      "Geometry": {
        "BoundingBox": {
          "Width": 0.032667290419340134,
          "Height": 0.028085727244615555,
          "Left": 0.49631643295288086,
          "Top": 0.4084215760231018
        },
        "Polygon": [
          {
            "X": 0.49631643295288086,
            "Y": 0.408506840467453
          },
          {
            "X": 0.5286977887153625,
            "Y": 0.4084215760231018
          },
          {
            "X": 0.5289837121963501,
            "Y": 0.4364195168018341
          },
          {
            "X": 0.4965995252132416,
            "Y": 0.43650728464126587
          }
        ]
      },
      "Id": "a3e5c028-7b87-4b5a-80b2-dafc46d4acf5",
      "Page": 1
    },
    {
      "BlockType": "WORD",
      "Confidence": 99.93962860107422,
      "Text": "Hydrolytical",
      "TextType": "PRINTED",
      "Geometry": {
        "BoundingBox": {
          "Width": 0.0848231390118599,
          "Height": 0.026708245277404785,
          "Left": 0.5404008626937866,
          "Top": 0.41046690940856934
        },
        "Polygon": [
          {
            "X": 0.5404008626937866,
            "Y": 0.4106900691986084
          },
          {
            "X": 0.6249457001686096,
            "Y": 0.41046690940856934
          },
          {
            "X": 0.6252239942550659,
            "Y": 0.4369457960128784
          },
          {
            "X": 0.5406723022460938,
            "Y": 0.4371751546859741
          }
        ]
      },
      "Id": "6182469a-b077-41d9-bbb0-82f27f68fb02",
      "Page": 1
    },
    {
      "BlockType": "WORD",
      "Confidence": 99.91930389404297,
      "Text": "weight",
      "TextType": "PRINTED",
      "Geometry": {
        "BoundingBox": {
          "Width": 0.04802777245640755,
          "Height": 0.026622917503118515,
          "Left": 0.6297782063484192,
          "Top": 0.4106385111808777
        },
        "Polygon": [
          {
            "X": 0.6297782063484192,
            "Y": 0.41076457500457764
          },
          {
            "X": 0.677523136138916,
            "Y": 0.4106385111808777
          },
          {
            "X": 0.6778059601783752,
            "Y": 0.4371318817138672
          },
          {
            "X": 0.630057156085968,
            "Y": 0.4372614324092865
          }
        ]
      },
      "Id": "3e753859-a35d-4488-bf0f-b61559373ad5",
      "Page": 1
    },
    {
      "BlockType": "WORD",
      "Confidence": 99.92266845703125,
      "Text": "loss",
      "TextType": "PRINTED",
      "Geometry": {
        "BoundingBox": {
          "Width": 0.02589046210050583,
          "Height": 0.021145077422261238,
          "Left": 0.6826608180999756,
          "Top": 0.41105255484580994
        },
        "Polygon": [
          {
            "X": 0.6826608180999756,
            "Y": 0.41112035512924194
          },
          {
            "X": 0.7083242535591125,
            "Y": 0.41105255484580994
          },
          {
            "X": 0.708551287651062,
            "Y": 0.43212834000587463
          },
          {
            "X": 0.6828861236572266,
            "Y": 0.432197630405426
          }
        ]
      },
      "Id": "bb8af3cc-1546-46f5-8a76-d963b75941d3",
      "Page": 1
    },
    {
      "BlockType": "WORD",
      "Confidence": 55.987571716308594,
      "Text": "[%]°",
      "TextType": "PRINTED",
      "Geometry": {
        "BoundingBox": {
          "Width": 0.02513149008154869,
          "Height": 0.027873821556568146,
          "Left": 0.7138684391975403,
          "Top": 0.4097422659397125
        },
        "Polygon": [
          {
            "X": 0.7138684391975403,
            "Y": 0.4098077714443207
          },
          {
            "X": 0.7386977672576904,
            "Y": 0.4097422659397125
          },
          {
            "X": 0.7389999032020569,
            "Y": 0.4375486671924591
          },
          {
            "X": 0.7141684293746948,
            "Y": 0.4376160800457001
          }
        ]
      },
      "Id": "950e7ef9-22dd-4b71-bc94-5ce6ddba57ee",
      "Page": 1
    },
    {
      "BlockType": "WORD",
      "Confidence": 99.41368865966797,
      "Text": "DGEBA",
      "TextType": "PRINTED",
      "Geometry": {
        "BoundingBox": {
          "Width": 0.04849240183830261,
          "Height": 0.019763724878430367,
          "Left": 0.2755392789840698,
          "Top": 0.4593921899795532
        },
        "Polygon": [
          {
            "X": 0.2755392789840698,
            "Y": 0.45952609181404114
          },
          {
            "X": 0.3238438069820404,
            "Y": 0.4593921899795532
          },
          {
            "X": 0.32403168082237244,
            "Y": 0.479019433259964
          },
          {
            "X": 0.27572423219680786,
            "Y": 0.47915592789649963
          }
        ]
      },
      "Id": "482be363-bfd8-4141-9937-e56e173c9212",
      "Page": 1
    },
    {
      "BlockType": "WORD",
      "Confidence": 99.88897705078125,
      "Text": "380",
      "TextType": "PRINTED",
      "Geometry": {
        "BoundingBox": {
          "Width": 0.02552974782884121,
          "Height": 0.01984613947570324,
          "Left": 0.40185046195983887,
          "Top": 0.4594857394695282
        },
        "Polygon": [
          {
            "X": 0.40185046195983887,
            "Y": 0.459555983543396
          },
          {
            "X": 0.4271845519542694,
            "Y": 0.4594857394695282
          },
          {
            "X": 0.42738020420074463,
            "Y": 0.47926023602485657
          },
          {
            "X": 0.4020445644855499,
            "Y": 0.4793318808078766
          }
        ]
      },
      "Id": "51385ed8-b0ee-41b8-b864-69b99fc2b840",
      "Page": 1
    },
    {
      "BlockType": "WORD",
      "Confidence": 99.88079833984375,
      "Text": "417",
      "TextType": "PRINTED",
      "Geometry": {
        "BoundingBox": {
          "Width": 0.02588503062725067,
          "Height": 0.019590172916650772,
          "Left": 0.46633654832839966,
          "Top": 0.45964881777763367
        },
        "Polygon": [
          {
            "X": 0.46633654832839966,
            "Y": 0.45972004532814026
          },
          {
            "X": 0.4920245110988617,
            "Y": 0.45964881777763367
          },
          {
            "X": 0.49222156405448914,
            "Y": 0.47916632890701294
          },
          {
            "X": 0.46653202176094055,
            "Y": 0.47923898696899414
          }
        ]
      },
      "Id": "801cb67c-a69d-4179-88ab-e16ec6522740",
      "Page": 1
    },
    {
      "BlockType": "WORD",
      "Confidence": 88.9710464477539,
      "Text": "0,03",
      "TextType": "PRINTED",
      "Geometry": {
        "BoundingBox": {
          "Width": 0.028389856219291687,
          "Height": 0.020362071692943573,
          "Left": 0.5406793355941772,
          "Top": 0.4588482081890106
        },
        "Polygon": [
          {
            "X": 0.5406793355941772,
            "Y": 0.45892632007598877
          },
          {
            "X": 0.5688595771789551,
            "Y": 0.4588482081890106
          },
          {
            "X": 0.5690691471099854,
            "Y": 0.4791305661201477
          },
          {
            "X": 0.540887176990509,
            "Y": 0.4792102575302124
          }
        ]
      },
      "Id": "bb270e18-84ce-49ad-beaa-6666459eab7c",
      "Page": 1
    },
    {
      "BlockType": "WORD",
      "Confidence": 98.86824798583984,
      "Text": "DGEBA/CL",
      "TextType": "PRINTED",
      "Geometry": {
        "BoundingBox": {
          "Width": 0.07075470685958862,
          "Height": 0.024646636098623276,
          "Left": 0.2752695381641388,
          "Top": 0.490977019071579
        },
        "Polygon": [
          {
            "X": 0.2752695381641388,
            "Y": 0.49117863178253174
          },
          {
            "X": 0.3457886576652527,
            "Y": 0.490977019071579
          },
          {
            "X": 0.3460242450237274,
            "Y": 0.5154173374176025
          },
          {
            "X": 0.2754998207092285,
            "Y": 0.5156236886978149
          }
        ]
      },
      "Id": "d93bb61f-4e30-4156-be10-86eaa39c6c47",
      "Page": 1
    },
    {
      "BlockType": "WORD",
      "Confidence": 97.50579833984375,
      "Text": "95:5",
      "TextType": "PRINTED",
      "Geometry": {
        "BoundingBox": {
          "Width": 0.03089742548763752,
          "Height": 0.019449109211564064,
          "Left": 0.34986355900764465,
          "Top": 0.4922998547554016
        },
        "Polygon": [
          {
            "X": 0.34986355900764465,
            "Y": 0.4923877418041229
          },
          {
            "X": 0.38057228922843933,
            "Y": 0.4922998547554016
          },
          {
            "X": 0.3807609975337982,
            "Y": 0.5116593837738037
          },
          {
            "X": 0.3500504493713379,
            "Y": 0.5117489695549011
          }
        ]
      },
      "Id": "e142c320-1840-472d-83a5-efda1b74b210",
      "Page": 1
    },
    {
      "BlockType": "WORD",
      "Confidence": 99.88809967041016,
      "Text": "333",
      "TextType": "PRINTED",
      "Geometry": {
        "BoundingBox": {
          "Width": 0.02508021704852581,
          "Height": 0.019561801105737686,
          "Left": 0.4016542434692383,
          "Top": 0.4921123683452606
        },
        "Polygon": [
          {
            "X": 0.4016542434692383,
            "Y": 0.4921835958957672
          },
          {
            "X": 0.42654168605804443,
            "Y": 0.4921123683452606
          },
          {
            "X": 0.42673444747924805,
            "Y": 0.5116015672683716
          },
          {
            "X": 0.4018455147743225,
            "Y": 0.511674165725708
          }
        ]
      },
      "Id": "21918de8-2163-4341-9670-1996f2a528a5",
      "Page": 1
    },
    {
      "BlockType": "WORD",
      "Confidence": 99.92781829833984,
      "Text": "378",
      "TextType": "PRINTED",
      "Geometry": {
        "BoundingBox": {
          "Width": 0.025449424982070923,
          "Height": 0.019833792001008987,
          "Left": 0.46653321385383606,
          "Top": 0.4918327331542969
        },
        "Polygon": [
          {
            "X": 0.46653321385383606,
            "Y": 0.49190500378608704
          },
          {
            "X": 0.4917832016944885,
            "Y": 0.4918327331542969
          },
          {
            "X": 0.491982638835907,
            "Y": 0.5115928649902344
          },
          {
            "X": 0.46673113107681274,
            "Y": 0.5116665363311768
          }
        ]
      },
      "Id": "30de8bfd-4c79-42b4-9796-572869893342",
      "Page": 1
    },
    {
      "BlockType": "WORD",
      "Confidence": 99.7559814453125,
      "Text": "2",
      "TextType": "PRINTED",
      "Geometry": {
        "BoundingBox": {
          "Width": 0.008318631909787655,
          "Height": 0.019628280773758888,
          "Left": 0.5404912233352661,
          "Top": 0.4919087588787079
        },
        "Polygon": [
          {
            "X": 0.5404912233352661,
            "Y": 0.4919320046901703
          },
          {
            "X": 0.5486085414886475,
            "Y": 0.4919087588787079
          },
          {
            "X": 0.5488098859786987,
            "Y": 0.511513352394104
          },
          {
            "X": 0.5406920909881592,
            "Y": 0.5115370750427246
          }
        ]
      },
      "Id": "cc7d9016-c057-4888-a7bd-c3e3b92b9abf",
      "Page": 1
    },
    {
      "BlockType": "WORD",
      "Confidence": 98.85366821289062,
      "Text": "DGEBA/CL",
      "TextType": "PRINTED",
      "Geometry": {
        "BoundingBox": {
          "Width": 0.07062813639640808,
          "Height": 0.02397092990577221,
          "Left": 0.275217205286026,
          "Top": 0.5242995619773865
        },
        "Polygon": [
          {
            "X": 0.275217205286026,
            "Y": 0.5245072841644287
          },
          {
            "X": 0.3456163704395294,
            "Y": 0.5242995619773865
          },
          {
            "X": 0.3458453416824341,
            "Y": 0.5480582118034363
          },
          {
            "X": 0.2754410207271576,
            "Y": 0.5482705235481262
          }
        ]
      },
      "Id": "0de27c48-ae9a-48b0-9544-9b131fa7ddf3",
      "Page": 1
    },
    {
      "BlockType": "WORD",
      "Confidence": 98.33544921875,
      "Text": "92:8",
      "TextType": "PRINTED",
      "Geometry": {
        "BoundingBox": {
          "Width": 0.031086144968867302,
          "Height": 0.020086757838726044,
          "Left": 0.34982797503471375,
          "Top": 0.5243037343025208
        },
        "Polygon": [
          {
            "X": 0.34982797503471375,
            "Y": 0.5243948698043823
          },
          {
            "X": 0.38071924448013306,
            "Y": 0.5243037343025208
          },
          {
            "X": 0.3809141218662262,
            "Y": 0.5442976355552673
          },
          {
            "X": 0.3500209450721741,
            "Y": 0.5443904995918274
          }
        ]
      },
      "Id": "924d0916-c0ed-4592-abff-02f936e96578",
      "Page": 1
    },
    {
      "BlockType": "WORD",
      "Confidence": 99.8694839477539,
      "Text": "317",
      "TextType": "PRINTED",
      "Geometry": {
        "BoundingBox": {
          "Width": 0.025321241468191147,
          "Height": 0.01914316788315773,
          "Left": 0.4018140733242035,
          "Top": 0.524744987487793
        },
        "Polygon": [
          {
            "X": 0.4018140733242035,
            "Y": 0.5248191952705383
          },
          {
            "X": 0.4269467294216156,
            "Y": 0.524744987487793
          },
          {
            "X": 0.42713531851768494,
            "Y": 0.5438126921653748
          },
          {
            "X": 0.40200120210647583,
            "Y": 0.5438882112503052
          }
        ]
      },
      "Id": "d8eff341-cf40-4830-abec-1dfa03962bd4",
      "Page": 1
    },
    {
      "BlockType": "WORD",
      "Confidence": 99.86024475097656,
      "Text": "350",
      "TextType": "PRINTED",
      "Geometry": {
        "BoundingBox": {
          "Width": 0.026224715635180473,
          "Height": 0.020163416862487793,
          "Left": 0.4664427936077118,
          "Top": 0.5240939855575562
        },
        "Polygon": [
          {
            "X": 0.4664427936077118,
            "Y": 0.5241707563400269
          },
          {
            "X": 0.49246475100517273,
            "Y": 0.5240939855575562
          },
          {
            "X": 0.4926674962043762,
            "Y": 0.5441791415214539
          },
          {
            "X": 0.46664392948150635,
            "Y": 0.544257402420044
          }
        ]
      },
      "Id": "bff05a53-6ceb-47d6-9b90-a2d87359a569",
      "Page": 1
    },
    {
      "BlockType": "WORD",
      "Confidence": 99.89706420898438,
      "Text": "3",
      "TextType": "PRINTED",
      "Geometry": {
        "BoundingBox": {
          "Width": 0.008374758996069431,
          "Height": 0.01999862678349018,
          "Left": 0.5404965877532959,
          "Top": 0.5242727994918823
        },
        "Polygon": [
          {
            "X": 0.5404965877532959,
            "Y": 0.5242969393730164
          },
          {
            "X": 0.54866623878479,
            "Y": 0.5242727994918823
          },
          {
            "X": 0.5488713383674622,
            "Y": 0.5442468523979187
          },
          {
            "X": 0.5407012104988098,
            "Y": 0.5442714691162109
          }
        ]
      },
      "Id": "bc21e04e-cd68-4585-8bc3-e1fcfa4a355f",
      "Page": 1
    },
    {
      "BlockType": "WORD",
      "Confidence": 98.92707824707031,
      "Text": "DGEBA/CL",
      "TextType": "PRINTED",
      "Geometry": {
        "BoundingBox": {
          "Width": 0.07057051360607147,
          "Height": 0.024403179064393044,
          "Left": 0.2754954993724823,
          "Top": 0.5563298463821411
        },
        "Polygon": [
          {
            "X": 0.2754954993724823,
            "Y": 0.5565435290336609
          },
          {
            "X": 0.3458329439163208,
            "Y": 0.5563298463821411
          },
          {
            "X": 0.34606602787971497,
            "Y": 0.580514669418335
          },
          {
            "X": 0.27572333812713623,
            "Y": 0.5807330012321472
          }
        ]
      },
      "Id": "3b113b59-4136-443c-8360-df34fc6723f6",
      "Page": 1
    },
    {
      "BlockType": "WORD",
      "Confidence": 99.93651580810547,
      "Text": "90:10",
      "TextType": "PRINTED",
      "Geometry": {
        "BoundingBox": {
          "Width": 0.03970928117632866,
          "Height": 0.01987461745738983,
          "Left": 0.3500280976295471,
          "Top": 0.5573530197143555
        },
        "Polygon": [
          {
            "X": 0.3500280976295471,
            "Y": 0.5574731826782227
          },
          {
            "X": 0.3895443379878998,
            "Y": 0.5573530197143555
          },
          {
            "X": 0.3897373676300049,
            "Y": 0.5771052837371826
          },
          {
            "X": 0.3502187430858612,
            "Y": 0.5772276520729065
          }
        ]
      },
      "Id": "653b6351-0dee-4a59-93c8-a4e6eab34c42",
      "Page": 1
    },
    {
      "BlockType": "WORD",
      "Confidence": 99.86944580078125,
      "Text": "317",
      "TextType": "PRINTED",
      "Geometry": {
        "BoundingBox": {
          "Width": 0.025213422253727913,
          "Height": 0.01912693679332733,
          "Left": 0.4019381105899811,
          "Top": 0.5570945143699646
        },
        "Polygon": [
          {
            "X": 0.4019381105899811,
            "Y": 0.5571706295013428
          },
          {
            "X": 0.4269631505012512,
            "Y": 0.5570945143699646
          },
          {
            "X": 0.42715153098106384,
            "Y": 0.5761440396308899
          },
          {
            "X": 0.4021250605583191,
            "Y": 0.5762214660644531
          }
        ]
      },
      "Id": "b2440a14-824e-4625-ae2c-708631c1d62c",
      "Page": 1
    },
    {
      "BlockType": "WORD",
      "Confidence": 99.89240264892578,
      "Text": "350",
      "TextType": "PRINTED",
      "Geometry": {
        "BoundingBox": {
          "Width": 0.025933681055903435,
          "Height": 0.020004311576485634,
          "Left": 0.4666178822517395,
          "Top": 0.5566816329956055
        },
        "Polygon": [
          {
            "X": 0.4666178822517395,
            "Y": 0.5567598342895508
          },
          {
            "X": 0.49235042929649353,
            "Y": 0.5566816329956055
          },
          {
            "X": 0.4925515353679657,
            "Y": 0.576606273651123
          },
          {
            "X": 0.4668174088001251,
            "Y": 0.5766859650611877
          }
        ]
      },
      "Id": "69052a14-46c2-46f4-8baa-4b98a7ab5654",
      "Page": 1
    },
    {
      "BlockType": "WORD",
      "Confidence": 99.86991882324219,
      "Text": "5",
      "TextType": "PRINTED",
      "Geometry": {
        "BoundingBox": {
          "Width": 0.008240564726293087,
          "Height": 0.019401095807552338,
          "Left": 0.5406427383422852,
          "Top": 0.5572248101234436
        },
        "Polygon": [
          {
            "X": 0.5406427383422852,
            "Y": 0.5572493076324463
          },
          {
            "X": 0.5486843585968018,
            "Y": 0.5572248101234436
          },
          {
            "X": 0.548883318901062,
            "Y": 0.5766010284423828
          },
          {
            "X": 0.5408412218093872,
            "Y": 0.5766258835792542
          }
        ]
      },
      "Id": "ef529b41-a88d-4804-b24e-83a92017629a",
      "Page": 1
    },
    {
      "BlockType": "TABLE",
      "Confidence": 99.951171875,
      "Geometry": {
        "BoundingBox": {
          "Width": 0.5102120041847229,
          "Height": 0.19061793386936188,
          "Left": 0.24620643258094788,
          "Top": 0.40441426634788513
        },
        "Polygon": [
          {
            "X": 0.24620643258094788,
            "Y": 0.4057476222515106
          },
          {
            "X": 0.7543553709983826,
            "Y": 0.40441426634788513
          },
          {
            "X": 0.7564184665679932,
            "Y": 0.5934339165687561
          },
          {
            "X": 0.2479727864265442,
            "Y": 0.5950322151184082
          }
        ]
      },
      "Id": "31655f47-13ba-4221-b273-3751b8d8aa20",
      "Relationships": [
        {
          "Type": "CHILD",
          "Ids": [
            "eba00b53-a1a9-4be4-aaea-2143903a4a24",
            "ea5d3e74-f943-48a6-9c42-687c76946c7e",
            "b444f58f-98d4-4841-ae6d-92fecaff7819",
            "a4ab8b27-6615-4b69-8840-5ada5a2bbbec",
            "1dbf6379-a972-4ebd-ae79-2d7a77883580",
            "60b33902-ddf6-401f-b1db-97997b920be2",
            "9ce1ed12-1b6a-4b9a-b55e-c937242c25c0",
            "5d351435-d819-4bbb-be98-8d615a25b85c",
            "75ce065a-d5fd-4063-b6c5-b8dc3c33e8f1",
            "b66d1fe1-c56d-459d-86ab-a0e640da4361",
            "464b97c8-aed1-4fdf-8455-a607e1b69c44",
            "836ad308-e936-4287-a393-7b01b064fc73",
            "604f44bb-d08f-4ef2-90b0-70b2c276ba62",
            "b2aaa882-20c6-4f9e-a749-daa3440c1da2",
            "9c488ea2-addb-4b2b-beea-f58890559c7d",
            "440781fb-37f3-4f6a-a042-f55204a538b4",
            "1aab6c13-c722-4993-ae86-c3f0a66ce45c",
            "2e52ce66-b1b6-4cbd-9965-bd92a97c3c5e",
            "f29a34e4-e4f0-4655-bb4a-889e163e17d3",
            "c75abe4e-df0e-4289-ba15-23f93fa9cb1b"
          ]
        }
      ],
      "EntityTypes": [
        "STRUCTURED_TABLE"
      ],
      "Page": 1
    },
    {
      "BlockType": "CELL",
      "Confidence": 94.189453125,
      "RowIndex": 1,
      "ColumnIndex": 1,
      "RowSpan": 1,
      "ColumnSpan": 1,
      "Geometry": {
        "BoundingBox": {
          "Width": 0.14734406769275665,
          "Height": 0.04177922010421753,
          "Left": 0.24620643258094788,
          "Top": 0.405362069606781
        },
        "Polygon": [
          {
            "X": 0.24620643258094788,
            "Y": 0.4057476222515106
          },
          {
            "X": 0.39314544200897217,
            "Y": 0.405362069606781
          },
          {
            "X": 0.3935505151748657,
            "Y": 0.44673898816108704
          },
          {
            "X": 0.2465927004814148,
            "Y": 0.44714128971099854
          }
        ]
      },
      "Id": "eba00b53-a1a9-4be4-aaea-2143903a4a24",
      "Relationships": [
        {
          "Type": "CHILD",
          "Ids": [
            "a69e165b-2674-4843-87f4-72434679371c"
          ]
        }
      ],
      "EntityTypes": [
        "COLUMN_HEADER"
      ],
      "Page": 1
    },
    {
      "BlockType": "CELL",
      "Confidence": 84.27734375,
      "RowIndex": 1,
      "ColumnIndex": 2,
      "RowSpan": 1,
      "ColumnSpan": 1,
      "Geometry": {
        "BoundingBox": {
          "Width": 0.06656286120414734,
          "Height": 0.04155048727989197,
          "Left": 0.39314544200897217,
          "Top": 0.40518850088119507
        },
        "Polygon": [
          {
            "X": 0.39314544200897217,
            "Y": 0.405362069606781
          },
          {
            "X": 0.45929479598999023,
            "Y": 0.40518850088119507
          },
          {
            "X": 0.4597083032131195,
            "Y": 0.446557879447937
          },
          {
            "X": 0.3935505151748657,
            "Y": 0.44673898816108704
          }
        ]
      },
      "Id": "ea5d3e74-f943-48a6-9c42-687c76946c7e",
      "Relationships": [
        {
          "Type": "CHILD",
          "Ids": [
            "d20a5832-68f0-4378-a569-d0b08aa91767",
            "f265fabf-68cf-439f-bc13-88d56d5375ad"
          ]
        }
      ],
      "EntityTypes": [
        "COLUMN_HEADER"
      ],
      "Page": 1
    },
    {
      "BlockType": "CELL",
      "Confidence": 88.18359375,
      "RowIndex": 1,
      "ColumnIndex": 3,
      "RowSpan": 1,
      "ColumnSpan": 1,
      "Geometry": {
        "BoundingBox": {
          "Width": 0.07471027970314026,
          "Height": 0.041564300656318665,
          "Left": 0.45929479598999023,
          "Top": 0.40499356389045715
        },
        "Polygon": [
          {
            "X": 0.45929479598999023,
            "Y": 0.40518850088119507
          },
          {
            "X": 0.5335820913314819,
            "Y": 0.40499356389045715
          },
          {
            "X": 0.5340051054954529,
            "Y": 0.446354478597641
          },
          {
            "X": 0.4597083032131195,
            "Y": 0.446557879447937
          }
        ]
      },
      "Id": "b444f58f-98d4-4841-ae6d-92fecaff7819",
      "Relationships": [
        {
          "Type": "CHILD",
          "Ids": [
            "8d935cf5-971d-4b37-b476-87e2997bf5d5",
            "a3e5c028-7b87-4b5a-80b2-dafc46d4acf5"
          ]
        }
      ],
      "EntityTypes": [
        "COLUMN_HEADER"
      ],
      "Page": 1
    },
    {
      "BlockType": "CELL",
      "Confidence": 91.6015625,
      "RowIndex": 1,
      "ColumnIndex": 4,
      "RowSpan": 1,
      "ColumnSpan": 1,
      "Geometry": {
        "BoundingBox": {
          "Width": 0.22122444212436676,
          "Height": 0.041940201073884964,
          "Left": 0.5335820913314819,
          "Top": 0.40441426634788513
        },
        "Polygon": [
          {
            "X": 0.5335820913314819,
            "Y": 0.40499356389045715
          },
          {
            "X": 0.7543553709983826,
            "Y": 0.40441426634788513
          },
          {
            "X": 0.7548065185546875,
            "Y": 0.44575002789497375
          },
          {
            "X": 0.5340051054954529,
            "Y": 0.446354478597641
          }
        ]
      },
      "Id": "a4ab8b27-6615-4b69-8840-5ada5a2bbbec",
      "Relationships": [
        {
          "Type": "CHILD",
          "Ids": [
            "6182469a-b077-41d9-bbb0-82f27f68fb02",
            "3e753859-a35d-4488-bf0f-b61559373ad5",
            "bb8af3cc-1546-46f5-8a76-d963b75941d3",
            "950e7ef9-22dd-4b71-bc94-5ce6ddba57ee"
          ]
        }
      ],
      "EntityTypes": [
        "COLUMN_HEADER"
      ],
      "Page": 1
    },
    {
      "BlockType": "CELL",
      "Confidence": 88.96484375,
      "RowIndex": 2,
      "ColumnIndex": 1,
      "RowSpan": 1,
      "ColumnSpan": 1,
      "Geometry": {
        "BoundingBox": {
          "Width": 0.14732879400253296,
          "Height": 0.03831520676612854,
          "Left": 0.2465927004814148,
          "Top": 0.44673898816108704
        },
        "Polygon": [
          {
            "X": 0.2465927004814148,
            "Y": 0.44714128971099854
          },
          {
            "X": 0.3935505151748657,
            "Y": 0.44673898816108704
          },
          {
            "X": 0.39392149448394775,
            "Y": 0.4846365451812744
          },
          {
            "X": 0.24694649875164032,
            "Y": 0.4850541949272156
          }
        ]
      },
      "Id": "1dbf6379-a972-4ebd-ae79-2d7a77883580",
      "Relationships": [
        {
          "Type": "CHILD",
          "Ids": [
            "482be363-bfd8-4141-9937-e56e173c9212"
          ]
        }
      ],
      "Page": 1
    },
    {
      "BlockType": "CELL",
      "Confidence": 79.58984375,
      "RowIndex": 2,
      "ColumnIndex": 2,
      "RowSpan": 1,
      "ColumnSpan": 1,
      "Geometry": {
        "BoundingBox": {
          "Width": 0.066536545753479,
          "Height": 0.0380786694586277,
          "Left": 0.3935505151748657,
          "Top": 0.446557879447937
        },
        "Polygon": [
          {
            "X": 0.3935505151748657,
            "Y": 0.44673898816108704
          },
          {
            "X": 0.4597083032131195,
            "Y": 0.446557879447937
          },
          {
            "X": 0.4600870609283447,
            "Y": 0.48444852232933044
          },
          {
            "X": 0.39392149448394775,
            "Y": 0.4846365451812744
          }
        ]
      },
      "Id": "60b33902-ddf6-401f-b1db-97997b920be2",
      "Relationships": [
        {
          "Type": "CHILD",
          "Ids": [
            "51385ed8-b0ee-41b8-b864-69b99fc2b840"
          ]
        }
      ],
      "Page": 1
    },
    {
      "BlockType": "CELL",
      "Confidence": 83.251953125,
      "RowIndex": 2,
      "ColumnIndex": 3,
      "RowSpan": 1,
      "ColumnSpan": 1,
      "Geometry": {
        "BoundingBox": {
          "Width": 0.07468419522047043,
          "Height": 0.03809404373168945,
          "Left": 0.4597083032131195,
          "Top": 0.446354478597641
        },
        "Polygon": [
          {
            "X": 0.4597083032131195,
            "Y": 0.446557879447937
          },
          {
            "X": 0.5340051054954529,
            "Y": 0.446354478597641
          },
          {
            "X": 0.5343925356864929,
            "Y": 0.4842373728752136
          },
          {
            "X": 0.4600870609283447,
            "Y": 0.48444852232933044
          }
        ]
      },
      "Id": "9ce1ed12-1b6a-4b9a-b55e-c937242c25c0",
      "Relationships": [
        {
          "Type": "CHILD",
          "Ids": [
            "801cb67c-a69d-4179-88ab-e16ec6522740"
          ]
        }
      ],
      "Page": 1
    },
    {
      "BlockType": "CELL",
      "Confidence": 86.5234375,
      "RowIndex": 2,
      "ColumnIndex": 4,
      "RowSpan": 1,
      "ColumnSpan": 1,
      "Geometry": {
        "BoundingBox": {
          "Width": 0.2212146818637848,
          "Height": 0.03848734870553017,
          "Left": 0.5340051054954529,
          "Top": 0.44575002789497375
        },
        "Polygon": [
          {
            "X": 0.5340051054954529,
            "Y": 0.446354478597641
          },
          {
            "X": 0.7548065185546875,
            "Y": 0.44575002789497375
          },
          {
            "X": 0.7552197575569153,
            "Y": 0.4836098551750183
          },
          {
            "X": 0.5343925356864929,
            "Y": 0.4842373728752136
          }
        ]
      },
      "Id": "5d351435-d819-4bbb-be98-8d615a25b85c",
      "Relationships": [
        {
          "Type": "CHILD",
          "Ids": [
            "bb270e18-84ce-49ad-beaa-6666459eab7c"
          ]
        }
      ],
      "Page": 1
    },
    {
      "BlockType": "CELL",
      "Confidence": 85.888671875,
      "RowIndex": 3,
      "ColumnIndex": 1,
      "RowSpan": 1,
      "ColumnSpan": 1,
      "Geometry": {
        "BoundingBox": {
          "Width": 0.14730632305145264,
          "Height": 0.03427601978182793,
          "Left": 0.24694649875164032,
          "Top": 0.4846365451812744
        },
        "Polygon": [
          {
            "X": 0.24694649875164032,
            "Y": 0.4850541949272156
          },
          {
            "X": 0.39392149448394775,
            "Y": 0.4846365451812744
          },
          {
            "X": 0.39425283670425415,
            "Y": 0.5184811949729919
          },
          {
            "X": 0.24726244807243347,
            "Y": 0.5189125537872314
          }
        ]
      },
      "Id": "75ce065a-d5fd-4063-b6c5-b8dc3c33e8f1",
      "Relationships": [
        {
          "Type": "CHILD",
          "Ids": [
            "d93bb61f-4e30-4156-be10-86eaa39c6c47",
            "e142c320-1840-472d-83a5-efda1b74b210"
          ]
        }
      ],
      "Page": 1
    },
    {
      "BlockType": "CELL",
      "Confidence": 76.85546875,
      "RowIndex": 3,
      "ColumnIndex": 2,
      "RowSpan": 1,
      "ColumnSpan": 1,
      "Geometry": {
        "BoundingBox": {
          "Width": 0.06650377810001373,
          "Height": 0.034032683819532394,
          "Left": 0.39392149448394775,
          "Top": 0.48444852232933044
        },
        "Polygon": [
          {
            "X": 0.39392149448394775,
            "Y": 0.4846365451812744
          },
          {
            "X": 0.4600870609283447,
            "Y": 0.48444852232933044
          },
          {
            "X": 0.4604252874851227,
            "Y": 0.5182870030403137
          },
          {
            "X": 0.39425283670425415,
            "Y": 0.5184811949729919
          }
        ]
      },
      "Id": "b66d1fe1-c56d-459d-86ab-a0e640da4361",
      "Relationships": [
        {
          "Type": "CHILD",
          "Ids": [
            "21918de8-2163-4341-9670-1996f2a528a5"
          ]
        }
      ],
      "Page": 1
    },
    {
      "BlockType": "CELL",
      "Confidence": 80.419921875,
      "RowIndex": 3,
      "ColumnIndex": 3,
      "RowSpan": 1,
      "ColumnSpan": 1,
      "Geometry": {
        "BoundingBox": {
          "Width": 0.07465145736932755,
          "Height": 0.03404964506626129,
          "Left": 0.4600870609283447,
          "Top": 0.4842373728752136
        },
        "Polygon": [
          {
            "X": 0.4600870609283447,
            "Y": 0.48444852232933044
          },
          {
            "X": 0.5343925356864929,
            "Y": 0.4842373728752136
          },
          {
            "X": 0.5347384810447693,
            "Y": 0.5180689692497253
          },
          {
            "X": 0.4604252874851227,
            "Y": 0.5182870030403137
          }
        ]
      },
      "Id": "464b97c8-aed1-4fdf-8455-a607e1b69c44",
      "Relationships": [
        {
          "Type": "CHILD",
          "Ids": [
            "30de8bfd-4c79-42b4-9796-572869893342"
          ]
        }
      ],
      "Page": 1
    },
    {
      "BlockType": "CELL",
      "Confidence": 83.544921875,
      "RowIndex": 3,
      "ColumnIndex": 4,
      "RowSpan": 1,
      "ColumnSpan": 1,
      "Geometry": {
        "BoundingBox": {
          "Width": 0.22119629383087158,
          "Height": 0.03445907682180405,
          "Left": 0.5343925356864929,
          "Top": 0.4836098551750183
        },
        "Polygon": [
          {
            "X": 0.5343925356864929,
            "Y": 0.4842373728752136
          },
          {
            "X": 0.7552197575569153,
            "Y": 0.4836098551750183
          },
          {
            "X": 0.7555887699127197,
            "Y": 0.5174208283424377
          },
          {
            "X": 0.5347384810447693,
            "Y": 0.5180689692497253
          }
        ]
      },
      "Id": "836ad308-e936-4287-a393-7b01b064fc73",
      "Relationships": [
        {
          "Type": "CHILD",
          "Ids": [
            "cc7d9016-c057-4888-a7bd-c3e3b92b9abf"
          ]
        }
      ],
      "Page": 1
    },
    {
      "BlockType": "CELL",
      "Confidence": 84.86328125,
      "RowIndex": 4,
      "ColumnIndex": 1,
      "RowSpan": 1,
      "ColumnSpan": 1,
      "Geometry": {
        "BoundingBox": {
          "Width": 0.14730849862098694,
          "Height": 0.03294210880994797,
          "Left": 0.24726244807243347,
          "Top": 0.5184811949729919
        },
        "Polygon": [
          {
            "X": 0.24726244807243347,
            "Y": 0.5189125537872314
          },
          {
            "X": 0.39425283670425415,
            "Y": 0.5184811949729919
          },
          {
            "X": 0.3945709466934204,
            "Y": 0.5509787797927856
          },
          {
            "X": 0.2475658357143402,
            "Y": 0.5514233112335205
          }
        ]
      },
      "Id": "604f44bb-d08f-4ef2-90b0-70b2c276ba62",
      "Relationships": [
        {
          "Type": "CHILD",
          "Ids": [
            "0de27c48-ae9a-48b0-9544-9b131fa7ddf3",
            "924d0916-c0ed-4592-abff-02f936e96578"
          ]
        }
      ],
      "Page": 1
    },
    {
      "BlockType": "CELL",
      "Confidence": 75.927734375,
      "RowIndex": 4,
      "ColumnIndex": 2,
      "RowSpan": 1,
      "ColumnSpan": 1,
      "Geometry": {
        "BoundingBox": {
          "Width": 0.06649722903966904,
          "Height": 0.03269178047776222,
          "Left": 0.39425283670425415,
          "Top": 0.5182870030403137
        },
        "Polygon": [
          {
            "X": 0.39425283670425415,
            "Y": 0.5184811949729919
          },
          {
            "X": 0.4604252874851227,
            "Y": 0.5182870030403137
          },
          {
            "X": 0.4607500433921814,
            "Y": 0.5507786870002747
          },
          {
            "X": 0.3945709466934204,
            "Y": 0.5509787797927856
          }
        ]
      },
      "Id": "b2aaa882-20c6-4f9e-a749-daa3440c1da2",
      "Relationships": [
        {
          "Type": "CHILD",
          "Ids": [
            "d8eff341-cf40-4830-abec-1dfa03962bd4"
          ]
        }
      ],
      "Page": 1
    },
    {
      "BlockType": "CELL",
      "Confidence": 79.443359375,
      "RowIndex": 4,
      "ColumnIndex": 3,
      "RowSpan": 1,
      "ColumnSpan": 1,
      "Geometry": {
        "BoundingBox": {
          "Width": 0.07464544475078583,
          "Height": 0.032709743827581406,
          "Left": 0.4604252874851227,
          "Top": 0.5180689692497253
        },
        "Polygon": [
          {
            "X": 0.4604252874851227,
            "Y": 0.5182870030403137
          },
          {
            "X": 0.5347384810447693,
            "Y": 0.5180689692497253
          },
          {
            "X": 0.5350707173347473,
            "Y": 0.5505539774894714
          },
          {
            "X": 0.4607500433921814,
            "Y": 0.5507786870002747
          }
        ]
      },
      "Id": "9c488ea2-addb-4b2b-beea-f58890559c7d",
      "Relationships": [
        {
          "Type": "CHILD",
          "Ids": [
            "bff05a53-6ceb-47d6-9b90-a2d87359a569"
          ]
        }
      ],
      "Page": 1
    },
    {
      "BlockType": "CELL",
      "Confidence": 82.51953125,
      "RowIndex": 4,
      "ColumnIndex": 4,
      "RowSpan": 1,
      "ColumnSpan": 1,
      "Geometry": {
        "BoundingBox": {
          "Width": 0.22120463848114014,
          "Height": 0.03313311189413071,
          "Left": 0.5347384810447693,
          "Top": 0.5174208283424377
        },
        "Polygon": [
          {
            "X": 0.5347384810447693,
            "Y": 0.5180689692497253
          },
          {
            "X": 0.7555887699127197,
            "Y": 0.5174208283424377
          },
          {
            "X": 0.7559431195259094,
            "Y": 0.5498861074447632
          },
          {
            "X": 0.5350707173347473,
            "Y": 0.5505539774894714
          }
        ]
      },
      "Id": "440781fb-37f3-4f6a-a042-f55204a538b4",
      "Relationships": [
        {
          "Type": "CHILD",
          "Ids": [
            "bc21e04e-cd68-4585-8bc3-e1fcfa4a355f"
          ]
        }
      ],
      "Page": 1
    },
    {
      "BlockType": "CELL",
      "Confidence": 93.26171875,
      "RowIndex": 5,
      "ColumnIndex": 1,
      "RowSpan": 1,
      "ColumnSpan": 1,
      "Geometry": {
        "BoundingBox": {
          "Width": 0.1474318504333496,
          "Height": 0.04405341297388077,
          "Left": 0.2475658357143402,
          "Top": 0.5509787797927856
        },
        "Polygon": [
          {
            "X": 0.2475658357143402,
            "Y": 0.5514233112335205
          },
          {
            "X": 0.3945709466934204,
            "Y": 0.5509787797927856
          },
          {
            "X": 0.3949976861476898,
            "Y": 0.5945700407028198
          },
          {
            "X": 0.2479727864265442,
            "Y": 0.5950322151184082
          }
        ]
      },
      "Id": "1aab6c13-c722-4993-ae86-c3f0a66ce45c",
      "Relationships": [
        {
          "Type": "CHILD",
          "Ids": [
            "3b113b59-4136-443c-8360-df34fc6723f6",
            "653b6351-0dee-4a59-93c8-a4e6eab34c42"
          ]
        }
      ],
      "Page": 1
    },
    {
      "BlockType": "CELL",
      "Confidence": 83.447265625,
      "RowIndex": 5,
      "ColumnIndex": 2,
      "RowSpan": 1,
      "ColumnSpan": 1,
      "Geometry": {
        "BoundingBox": {
          "Width": 0.06661473959684372,
          "Height": 0.043791353702545166,
          "Left": 0.3945709466934204,
          "Top": 0.5507786870002747
        },
        "Polygon": [
          {
            "X": 0.3945709466934204,
            "Y": 0.5509787797927856
          },
          {
            "X": 0.4607500433921814,
            "Y": 0.5507786870002747
          },
          {
            "X": 0.4611856937408447,
            "Y": 0.5943619608879089
          },
          {
            "X": 0.3949976861476898,
            "Y": 0.5945700407028198
          }
        ]
      },
      "Id": "2e52ce66-b1b6-4cbd-9965-bd92a97c3c5e",
      "Relationships": [
        {
          "Type": "CHILD",
          "Ids": [
            "b2440a14-824e-4625-ae2c-708631c1d62c"
          ]
        }
      ],
      "Page": 1
    },
    {
      "BlockType": "CELL",
      "Confidence": 87.353515625,
      "RowIndex": 5,
      "ColumnIndex": 3,
      "RowSpan": 1,
      "ColumnSpan": 1,
      "Geometry": {
        "BoundingBox": {
          "Width": 0.07476630806922913,
          "Height": 0.043808020651340485,
          "Left": 0.4607500433921814,
          "Top": 0.5505539774894714
        },
        "Polygon": [
          {
            "X": 0.4607500433921814,
            "Y": 0.5507786870002747
          },
          {
            "X": 0.5350707173347473,
            "Y": 0.5505539774894714
          },
          {
            "X": 0.5355163812637329,
            "Y": 0.5941283106803894
          },
          {
            "X": 0.4611856937408447,
            "Y": 0.5943619608879089
          }
        ]
      },
      "Id": "f29a34e4-e4f0-4655-bb4a-889e163e17d3",
      "Relationships": [
        {
          "Type": "CHILD",
          "Ids": [
            "69052a14-46c2-46f4-8baa-4b98a7ab5654"
          ]
        }
      ],
      "Page": 1
    },
    {
      "BlockType": "CELL",
      "Confidence": 90.72265625,
      "RowIndex": 5,
      "ColumnIndex": 4,
      "RowSpan": 1,
      "ColumnSpan": 1,
      "Geometry": {
        "BoundingBox": {
          "Width": 0.22134773433208466,
          "Height": 0.04424223676323891,
          "Left": 0.5350707173347473,
          "Top": 0.5498861074447632
        },
        "Polygon": [
          {
            "X": 0.5350707173347473,
            "Y": 0.5505539774894714
          },
          {
            "X": 0.7559431195259094,
            "Y": 0.5498861074447632
          },
          {
            "X": 0.7564184665679932,
            "Y": 0.5934339165687561
          },
          {
            "X": 0.5355163812637329,
            "Y": 0.5941283106803894
          }
        ]
      },
      "Id": "c75abe4e-df0e-4289-ba15-23f93fa9cb1b",
      "Relationships": [
        {
          "Type": "CHILD",
          "Ids": [
            "ef529b41-a88d-4804-b24e-83a92017629a"
          ]
        }
      ],
      "Page": 1
    }
  ],
  "AnalyzeDocumentModelVersion": "1.0"
}