{
  "DocumentMetadata": {
    "Pages": 1
  },
  "JobStatus": "SUCCEEDED",
  "Blocks": [
    {
      "BlockType": "PAGE",
      "Geometry": {
        "BoundingBox": {
          "Width": 1,
          "Height": 1,
          "Left": 0,
          "Top": 0
        },
        "Polygon": [
          {
            "X": 0,
            "Y": 0.0000028146200747869443
          },
          {
            "X": 1,
            "Y": 0
          },
          {
            "X": 1,
            "Y": 1
          },
          {
            "X": 0.00003054723492823541,
            "Y": 1
          }
        ]
      },
      "Id": "77f44e04-695e-4a27-8464-14d71665fe57",
      "Relationships": [
        {
          "Type": "CHILD",
          "Ids": [
            "ffeb7f38-7aec-4944-92bd-659fe0d5b52b",
            "0026f4b3-fcf8-414f-b090-383b6f962ab6",
            "a9ae35e6-7624-49a6-900b-b1d31839b2ce",
            "461b8c83-84cc-4201-932a-e61c735b10b3",
            "d32abe9d-523b-477a-a99d-5ee76adee3da",
            "38b78be9-df7e-4c59-af7e-6a20e815a313",
            "8f027c93-34af-48e7-9b0d-40083be67333",
            "475a57af-8ec2-41d9-a76a-d3f553392088",
            "f1029f4d-7eb1-48d9-b48b-8ba3f9a42329",
            "dfa7bcf8-76c9-4a6a-bc37-370f139633cb",
            "5207d813-12a4-466e-9a3c-25b99b4f7507",
            "be134494-303d-44da-9858-85d6242f9f6c",
            "4bcc4cd8-0024-482f-ab58-5a4909bd6d71",
            "136bee44-ee2c-48ac-a4df-192420d93132"
          ]
        }
      ],
      "Page": 1
    },
    {
      "BlockType": "LINE",
      "Confidence": 99.92308807373047,
      "Text": "Sample",
      "Geometry": {
        "BoundingBox": {
          "Width": 0.04675678536295891,
          "Height": 0.025632498785853386,
          "Left": 0.2501661479473114,
          "Top": 0.4189036786556244
        },
        "Polygon": [
          {
            "X": 0.2501661479473114,
            "Y": 0.4189722239971161
          },
          {
            "X": 0.2966924011707306,
            "Y": 0.4189036786556244
          },
          {
            "X": 0.2969229221343994,
            "Y": 0.4444645941257477
          },
          {
            "X": 0.2503888010978699,
            "Y": 0.4445361793041229
          }
        ]
      },
      "Id": "ffeb7f38-7aec-4944-92bd-659fe0d5b52b",
      "Relationships": [
        {
          "Type": "CHILD",
          "Ids": [
            "d43d307f-3f1f-49a5-8b80-1ce38d8073dd"
          ]
        }
      ],
      "Page": 1
    },
    {
      "BlockType": "LINE",
      "Confidence": 99.86959075927734,
      "Text": "Elemental content (Atomic %)",
      "Geometry": {
        "BoundingBox": {
          "Width": 0.18722933530807495,
          "Height": 0.02589232847094536,
          "Left": 0.4263635277748108,
          "Top": 0.4185126721858978
        },
        "Polygon": [
          {
            "X": 0.4263635277748108,
            "Y": 0.41878804564476013
          },
          {
            "X": 0.6133080720901489,
            "Y": 0.4185126721858978
          },
          {
            "X": 0.6135928630828857,
            "Y": 0.4441172778606415
          },
          {
            "X": 0.4266166388988495,
            "Y": 0.4444050192832947
          }
        ]
      },
      "Id": "0026f4b3-fcf8-414f-b090-383b6f962ab6",
      "Relationships": [
        {
          "Type": "CHILD",
          "Ids": [
            "41dc3417-08cd-4ec4-8360-b7756ef014ba",
            "f54361a0-9c2a-4eac-bc6b-71be86355a4e",
            "87eda288-43cc-40ee-836c-eb7a2edf72ed",
            "9bf01f10-a8ec-4074-97b4-b788579076de"
          ]
        }
      ],
      "Page": 1
    },
    {
      "BlockType": "LINE",
      "Confidence": 92.23477172851562,
      "Text": "C",
      "Geometry": {
        "BoundingBox": {
          "Width": 0.008507002145051956,
          "Height": 0.01953181065618992,
          "Left": 0.426393985748291,
          "Top": 0.46887102723121643
        },
        "Polygon": [
          {
            "X": 0.426393985748291,
            "Y": 0.46888434886932373
          },
          {
            "X": 0.4347071051597595,
            "Y": 0.46887102723121643
          },
          {
            "X": 0.4349009692668915,
            "Y": 0.48838910460472107
          },
          {
            "X": 0.426586776971817,
            "Y": 0.4884028434753418
          }
        ]
      },
      "Id": "a9ae35e6-7624-49a6-900b-b1d31839b2ce",
      "Relationships": [
        {
          "Type": "CHILD",
          "Ids": [
            "9927c20e-07e8-4840-819c-29763026a8b3"
          ]
        }
      ],
      "Page": 1
    },
    {
      "BlockType": "LINE",
      "Confidence": 97.05255126953125,
      "Text": "o",
      "Geometry": {
        "BoundingBox": {
          "Width": 0.009388845413923264,
          "Height": 0.019084518775343895,
          "Left": 0.5741922855377197,
          "Top": 0.46918511390686035
        },
        "Polygon": [
          {
            "X": 0.5741922855377197,
            "Y": 0.4691998362541199
          },
          {
            "X": 0.5833728909492493,
            "Y": 0.46918511390686035
          },
          {
            "X": 0.5835811495780945,
            "Y": 0.48825445771217346
          },
          {
            "X": 0.5743994116783142,
            "Y": 0.4882696270942688
          }
        ]
      },
      "Id": "461b8c83-84cc-4201-932a-e61c735b10b3",
      "Relationships": [
        {
          "Type": "CHILD",
          "Ids": [
            "2dd12dc7-8883-42d9-b3ab-cc076f044153"
          ]
        }
      ],
      "Page": 1
    },
    {
      "BlockType": "LINE",
      "Confidence": 99.44517517089844,
      "Text": "P",
      "Geometry": {
        "BoundingBox": {
          "Width": 0.00817199982702732,
          "Height": 0.019333088770508766,
          "Left": 0.7214212417602539,
          "Top": 0.46910253167152405
        },
        "Polygon": [
          {
            "X": 0.7214212417602539,
            "Y": 0.469115287065506
          },
          {
            "X": 0.7293635606765747,
            "Y": 0.46910253167152405
          },
          {
            "X": 0.7295932769775391,
            "Y": 0.4884225130081177
          },
          {
            "X": 0.7216500043869019,
            "Y": 0.48843562602996826
          }
        ]
      },
      "Id": "d32abe9d-523b-477a-a99d-5ee76adee3da",
      "Relationships": [
        {
          "Type": "CHILD",
          "Ids": [
            "c5695349-8bec-42ea-8d23-7a72dbd3d27a"
          ]
        }
      ],
      "Page": 1
    },
    {
      "BlockType": "LINE",
      "Confidence": 98.84359741210938,
      "Text": "GO",
      "Geometry": {
        "BoundingBox": {
          "Width": 0.01920318976044655,
          "Height": 0.019511815160512924,
          "Left": 0.25041693449020386,
          "Top": 0.5195809602737427
        },
        "Polygon": [
          {
            "X": 0.25041693449020386,
            "Y": 0.5196139216423035
          },
          {
            "X": 0.26944810152053833,
            "Y": 0.5195809602737427
          },
          {
            "X": 0.2696201503276825,
            "Y": 0.5390588641166687
          },
          {
            "X": 0.25058650970458984,
            "Y": 0.5390927791595459
          }
        ]
      },
      "Id": "38b78be9-df7e-4c59-af7e-6a20e815a313",
      "Relationships": [
        {
          "Type": "CHILD",
          "Ids": [
            "cf203503-0c6f-4a65-bda5-d6c308e527fd"
          ]
        }
      ],
      "Page": 1
    },
    {
      "BlockType": "LINE",
      "Confidence": 89.6775131225586,
      "Text": "66.13",
      "Geometry": {
        "BoundingBox": {
          "Width": 0.03394140675663948,
          "Height": 0.020105084404349327,
          "Left": 0.42638537287712097,
          "Top": 0.5191004872322083
        },
        "Polygon": [
          {
            "X": 0.42638537287712097,
            "Y": 0.5191588401794434
          },
          {
            "X": 0.46012434363365173,
            "Y": 0.5191004872322083
          },
          {
            "X": 0.46032676100730896,
            "Y": 0.5391454100608826
          },
          {
            "X": 0.42658329010009766,
            "Y": 0.5392055511474609
          }
        ]
      },
      "Id": "8f027c93-34af-48e7-9b0d-40083be67333",
      "Relationships": [
        {
          "Type": "CHILD",
          "Ids": [
            "7e83de80-5d28-4d7a-914d-f719c8299881"
          ]
        }
      ],
      "Page": 1
    },
    {
      "BlockType": "LINE",
      "Confidence": 98.83541107177734,
      "Text": "33.87",
      "Geometry": {
        "BoundingBox": {
          "Width": 0.03446969762444496,
          "Height": 0.020067008212208748,
          "Left": 0.57407146692276,
          "Top": 0.5191428065299988
        },
        "Polygon": [
          {
            "X": 0.57407146692276,
            "Y": 0.5192021131515503
          },
          {
            "X": 0.6083194017410278,
            "Y": 0.5191428065299988
          },
          {
            "X": 0.6085411310195923,
            "Y": 0.53914874792099
          },
          {
            "X": 0.5742886066436768,
            "Y": 0.53920978307724
          }
        ]
      },
      "Id": "475a57af-8ec2-41d9-a76a-d3f553392088",
      "Relationships": [
        {
          "Type": "CHILD",
          "Ids": [
            "f5c9e862-90a7-4310-bf01-7836f6c509ce"
          ]
        }
      ],
      "Page": 1
    },
    {
      "BlockType": "LINE",
      "Confidence": 97.3522720336914,
      "Text": "0",
      "Geometry": {
        "BoundingBox": {
          "Width": 0.007997442968189716,
          "Height": 0.019169645383954048,
          "Left": 0.7213568091392517,
          "Top": 0.5198222994804382
        },
        "Polygon": [
          {
            "X": 0.7213568091392517,
            "Y": 0.5198357701301575
          },
          {
            "X": 0.7291265726089478,
            "Y": 0.5198222994804382
          },
          {
            "X": 0.7293542623519897,
            "Y": 0.538978099822998
          },
          {
            "X": 0.7215834856033325,
            "Y": 0.5389919281005859
          }
        ]
      },
      "Id": "f1029f4d-7eb1-48d9-b48b-8ba3f9a42329",
      "Relationships": [
        {
          "Type": "CHILD",
          "Ids": [
            "f305f770-3a82-473f-bf0d-073ed1c646c0"
          ]
        }
      ],
      "Page": 1
    },
    {
      "BlockType": "LINE",
      "Confidence": 98.03385162353516,
      "Text": "rGO sheet",
      "Geometry": {
        "BoundingBox": {
          "Width": 0.06299743801355362,
          "Height": 0.020673144608736038,
          "Left": 0.25053322315216064,
          "Top": 0.5514165163040161
        },
        "Polygon": [
          {
            "X": 0.25053322315216064,
            "Y": 0.5515304207801819
          },
          {
            "X": 0.3133431673049927,
            "Y": 0.5514165163040161
          },
          {
            "X": 0.31353068351745605,
            "Y": 0.5719723701477051
          },
          {
            "X": 0.25071218609809875,
            "Y": 0.572089672088623
          }
        ]
      },
      "Id": "dfa7bcf8-76c9-4a6a-bc37-370f139633cb",
      "Relationships": [
        {
          "Type": "CHILD",
          "Ids": [
            "2d995876-5d77-455a-9d44-40c00f32fcd8",
            "60a0387a-49a6-4437-84aa-6da03938f7c3"
          ]
        }
      ],
      "Page": 1
    },
    {
      "BlockType": "LINE",
      "Confidence": 67.1522216796875,
      "Text": "77,72",
      "Geometry": {
        "BoundingBox": {
          "Width": 0.03390681371092796,
          "Height": 0.019951239228248596,
          "Left": 0.42651668190956116,
          "Top": 0.5520763993263245
        },
        "Polygon": [
          {
            "X": 0.42651668190956116,
            "Y": 0.5521376132965088
          },
          {
            "X": 0.46022269129753113,
            "Y": 0.5520763993263245
          },
          {
            "X": 0.4604234993457794,
            "Y": 0.5719647407531738
          },
          {
            "X": 0.4267130494117737,
            "Y": 0.5720276832580566
          }
        ]
      },
      "Id": "5207d813-12a4-466e-9a3c-25b99b4f7507",
      "Relationships": [
        {
          "Type": "CHILD",
          "Ids": [
            "0856e667-9b6c-48a4-bc48-17e196a2b211"
          ]
        }
      ],
      "Page": 1
    },
    {
      "BlockType": "LINE",
      "Confidence": 98.74559783935547,
      "Text": "21.41",
      "Geometry": {
        "BoundingBox": {
          "Width": 0.0327746719121933,
          "Height": 0.020210210233926773,
          "Left": 0.5739083886146545,
          "Top": 0.5517786145210266
        },
        "Polygon": [
          {
            "X": 0.5739083886146545,
            "Y": 0.5518377423286438
          },
          {
            "X": 0.6064600348472595,
            "Y": 0.5517786145210266
          },
          {
            "X": 0.6066830158233643,
            "Y": 0.5719280242919922
          },
          {
            "X": 0.5741270184516907,
            "Y": 0.5719888210296631
          }
        ]
      },
      "Id": "be134494-303d-44da-9858-85d6242f9f6c",
      "Relationships": [
        {
          "Type": "CHILD",
          "Ids": [
            "02959c61-18b4-48d8-9630-764c43837a45"
          ]
        }
      ],
      "Page": 1
    },
    {
      "BlockType": "LINE",
      "Confidence": 99.73728942871094,
      "Text": "0.86",
      "Geometry": {
        "BoundingBox": {
          "Width": 0.02661709673702717,
          "Height": 0.019420044496655464,
          "Left": 0.7216340899467468,
          "Top": 0.5522420406341553
        },
        "Polygon": [
          {
            "X": 0.7216340899467468,
            "Y": 0.5522900223731995
          },
          {
            "X": 0.7480185627937317,
            "Y": 0.5522420406341553
          },
          {
            "X": 0.74825119972229,
            "Y": 0.5716127753257751
          },
          {
            "X": 0.721863329410553,
            "Y": 0.5716620683670044
          }
        ]
      },
      "Id": "4bcc4cd8-0024-482f-ab58-5a4909bd6d71",
      "Relationships": [
        {
          "Type": "CHILD",
          "Ids": [
            "a87da95d-95c7-4871-a030-99ab298a81ff"
          ]
        }
      ],
      "Page": 1
    },
    {
      "BlockType": "WORD",
      "Confidence": 99.92308807373047,
      "Text": "Sample",
      "TextType": "PRINTED",
      "Geometry": {
        "BoundingBox": {
          "Width": 0.04675678536295891,
          "Height": 0.025632498785853386,
          "Left": 0.2501661479473114,
          "Top": 0.4189036786556244
        },
        "Polygon": [
          {
            "X": 0.2501661479473114,
            "Y": 0.4189722239971161
          },
          {
            "X": 0.2966924011707306,
            "Y": 0.4189036786556244
          },
          {
            "X": 0.2969229221343994,
            "Y": 0.4444645941257477
          },
          {
            "X": 0.2503888010978699,
            "Y": 0.4445361793041229
          }
        ]
      },
      "Id": "d43d307f-3f1f-49a5-8b80-1ce38d8073dd",
      "Page": 1
    },
    {
      "BlockType": "WORD",
      "Confidence": 99.84943389892578,
      "Text": "Elemental",
      "TextType": "PRINTED",
      "Geometry": {
        "BoundingBox": {
          "Width": 0.06288368254899979,
          "Height": 0.020828835666179657,
          "Left": 0.4263635277748108,
          "Top": 0.41869571805000305
        },
        "Polygon": [
          {
            "X": 0.4263635277748108,
            "Y": 0.41878804564476013
          },
          {
            "X": 0.48903369903564453,
            "Y": 0.41869571805000305
          },
          {
            "X": 0.48924720287323,
            "Y": 0.4394288957118988
          },
          {
            "X": 0.4265684187412262,
            "Y": 0.4395245611667633
          }
        ]
      },
      "Id": "41dc3417-08cd-4ec4-8360-b7756ef014ba",
      "Page": 1
    },
    {
      "BlockType": "WORD",
      "Confidence": 99.95381164550781,
      "Text": "content",
      "TextType": "PRINTED",
      "Geometry": {
        "BoundingBox": {
          "Width": 0.04838981106877327,
          "Height": 0.018397124484181404,
          "Left": 0.4937261641025543,
          "Top": 0.42116546630859375
        },
        "Polygon": [
          {
            "X": 0.4937261641025543,
            "Y": 0.4212367832660675
          },
          {
            "X": 0.5419208407402039,
            "Y": 0.42116546630859375
          },
          {
            "X": 0.5421159863471985,
            "Y": 0.4394890069961548
          },
          {
            "X": 0.4939154386520386,
            "Y": 0.43956258893013
          }
        ]
      },
      "Id": "f54361a0-9c2a-4eac-bc6b-71be86355a4e",
      "Page": 1
    },
    {
      "BlockType": "WORD",
      "Confidence": 99.82862091064453,
      "Text": "(Atomic",
      "TextType": "PRINTED",
      "Geometry": {
        "BoundingBox": {
          "Width": 0.05103037878870964,
          "Height": 0.025464633479714394,
          "Left": 0.5454986095428467,
          "Top": 0.4187094569206238
        },
        "Polygon": [
          {
            "X": 0.5454986095428467,
            "Y": 0.4187842309474945
          },
          {
            "X": 0.596249520778656,
            "Y": 0.4187094569206238
          },
          {
            "X": 0.5965290069580078,
            "Y": 0.44409599900245667
          },
          {
            "X": 0.5457695722579956,
            "Y": 0.4441740810871124
          }
        ]
      },
      "Id": "87eda288-43cc-40ee-836c-eb7a2edf72ed",
      "Page": 1
    },
    {
      "BlockType": "WORD",
      "Confidence": 99.84649658203125,
      "Text": "%)",
      "TextType": "PRINTED",
      "Geometry": {
        "BoundingBox": {
          "Width": 0.013827087357640266,
          "Height": 0.025548173114657402,
          "Left": 0.5997657775878906,
          "Top": 0.4185899496078491
        },
        "Polygon": [
          {
            "X": 0.5997657775878906,
            "Y": 0.4186099171638489
          },
          {
            "X": 0.6133089065551758,
            "Y": 0.4185899496078491
          },
          {
            "X": 0.6135928630828857,
            "Y": 0.4441172778606415
          },
          {
            "X": 0.6000474095344543,
            "Y": 0.44413813948631287
          }
        ]
      },
      "Id": "9bf01f10-a8ec-4074-97b4-b788579076de",
      "Page": 1
    },
    {
      "BlockType": "WORD",
      "Confidence": 92.23477172851562,
      "Text": "C",
      "TextType": "PRINTED",
      "Geometry": {
        "BoundingBox": {
          "Width": 0.008507002145051956,
          "Height": 0.01953181065618992,
          "Left": 0.426393985748291,
          "Top": 0.46887102723121643
        },
        "Polygon": [
          {
            "X": 0.426393985748291,
            "Y": 0.46888434886932373
          },
          {
            "X": 0.4347071051597595,
            "Y": 0.46887102723121643
          },
          {
            "X": 0.4349009692668915,
            "Y": 0.48838910460472107
          },
          {
            "X": 0.426586776971817,
            "Y": 0.4884028434753418
          }
        ]
      },
      "Id": "9927c20e-07e8-4840-819c-29763026a8b3",
      "Page": 1
    },
    {
      "BlockType": "WORD",
      "Confidence": 97.05255126953125,
      "Text": "o",
      "TextType": "PRINTED",
      "Geometry": {
        "BoundingBox": {
          "Width": 0.009388845413923264,
          "Height": 0.019084518775343895,
          "Left": 0.5741922855377197,
          "Top": 0.46918511390686035
        },
        "Polygon": [
          {
            "X": 0.5741922855377197,
            "Y": 0.4691998362541199
          },
          {
            "X": 0.5833728909492493,
            "Y": 0.46918511390686035
          },
          {
            "X": 0.5835811495780945,
            "Y": 0.48825445771217346
          },
          {
            "X": 0.5743994116783142,
            "Y": 0.4882696270942688
          }
        ]
      },
      "Id": "2dd12dc7-8883-42d9-b3ab-cc076f044153",
      "Page": 1
    },
    {
      "BlockType": "WORD",
      "Confidence": 99.44517517089844,
      "Text": "P",
      "TextType": "PRINTED",
      "Geometry": {
        "BoundingBox": {
          "Width": 0.00817199982702732,
          "Height": 0.019333088770508766,
          "Left": 0.7214212417602539,
          "Top": 0.46910253167152405
        },
        "Polygon": [
          {
            "X": 0.7214212417602539,
            "Y": 0.469115287065506
          },
          {
            "X": 0.7293635606765747,
            "Y": 0.46910253167152405
          },
          {
            "X": 0.7295932769775391,
            "Y": 0.4884225130081177
          },
          {
            "X": 0.7216500043869019,
            "Y": 0.48843562602996826
          }
        ]
      },
      "Id": "c5695349-8bec-42ea-8d23-7a72dbd3d27a",
      "Page": 1
    },
    {
      "BlockType": "WORD",
      "Confidence": 98.84359741210938,
      "Text": "GO",
      "TextType": "PRINTED",
      "Geometry": {
        "BoundingBox": {
          "Width": 0.01920318976044655,
          "Height": 0.019511815160512924,
          "Left": 0.25041693449020386,
          "Top": 0.5195809602737427
        },
        "Polygon": [
          {
            "X": 0.25041693449020386,
            "Y": 0.5196139216423035
          },
          {
            "X": 0.26944810152053833,
            "Y": 0.5195809602737427
          },
          {
            "X": 0.2696201503276825,
            "Y": 0.5390588641166687
          },
          {
            "X": 0.25058650970458984,
            "Y": 0.5390927791595459
          }
        ]
      },
      "Id": "cf203503-0c6f-4a65-bda5-d6c308e527fd",
      "Page": 1
    },
    {
      "BlockType": "WORD",
      "Confidence": 89.6775131225586,
      "Text": "66.13",
      "TextType": "PRINTED",
      "Geometry": {
        "BoundingBox": {
          "Width": 0.03394140675663948,
          "Height": 0.020105084404349327,
          "Left": 0.42638537287712097,
          "Top": 0.5191004872322083
        },
        "Polygon": [
          {
            "X": 0.42638537287712097,
            "Y": 0.5191588401794434
          },
          {
            "X": 0.46012434363365173,
            "Y": 0.5191004872322083
          },
          {
            "X": 0.46032676100730896,
            "Y": 0.5391454100608826
          },
          {
            "X": 0.42658329010009766,
            "Y": 0.5392055511474609
          }
        ]
      },
      "Id": "7e83de80-5d28-4d7a-914d-f719c8299881",
      "Page": 1
    },
    {
      "BlockType": "WORD",
      "Confidence": 98.83541107177734,
      "Text": "33.87",
      "TextType": "PRINTED",
      "Geometry": {
        "BoundingBox": {
          "Width": 0.03446969762444496,
          "Height": 0.020067008212208748,
          "Left": 0.57407146692276,
          "Top": 0.5191428065299988
        },
        "Polygon": [
          {
            "X": 0.57407146692276,
            "Y": 0.5192021131515503
          },
          {
            "X": 0.6083194017410278,
            "Y": 0.5191428065299988
          },
          {
            "X": 0.6085411310195923,
            "Y": 0.53914874792099
          },
          {
            "X": 0.5742886066436768,
            "Y": 0.53920978307724
          }
        ]
      },
      "Id": "f5c9e862-90a7-4310-bf01-7836f6c509ce",
      "Page": 1
    },
    {
      "BlockType": "WORD",
      "Confidence": 97.3522720336914,
      "Text": "0",
      "TextType": "PRINTED",
      "Geometry": {
        "BoundingBox": {
          "Width": 0.007997442968189716,
          "Height": 0.019169645383954048,
          "Left": 0.7213568091392517,
          "Top": 0.5198222994804382
        },
        "Polygon": [
          {
            "X": 0.7213568091392517,
            "Y": 0.5198357701301575
          },
          {
            "X": 0.7291265726089478,
            "Y": 0.5198222994804382
          },
          {
            "X": 0.7293542623519897,
            "Y": 0.538978099822998
          },
          {
            "X": 0.7215834856033325,
            "Y": 0.5389919281005859
          }
        ]
      },
      "Id": "f305f770-3a82-473f-bf0d-073ed1c646c0",
      "Page": 1
    },
    {
      "BlockType": "WORD",
      "Confidence": 96.08880615234375,
      "Text": "rGO",
      "TextType": "PRINTED",
      "Geometry": {
        "BoundingBox": {
          "Width": 0.024921992793679237,
          "Height": 0.019943388178944588,
          "Left": 0.2505379021167755,
          "Top": 0.5520228147506714
        },
        "Polygon": [
          {
            "X": 0.2505379021167755,
            "Y": 0.552067756652832
          },
          {
            "X": 0.27528345584869385,
            "Y": 0.5520228147506714
          },
          {
            "X": 0.2754599153995514,
            "Y": 0.5719200372695923
          },
          {
            "X": 0.2507111132144928,
            "Y": 0.5719662308692932
          }
        ]
      },
      "Id": "2d995876-5d77-455a-9d44-40c00f32fcd8",
      "Page": 1
    },
    {
      "BlockType": "WORD",
      "Confidence": 99.9789047241211,
      "Text": "sheet",
      "TextType": "PRINTED",
      "Geometry": {
        "BoundingBox": {
          "Width": 0.03403645008802414,
          "Height": 0.02061908133327961,
          "Left": 0.2794942259788513,
          "Top": 0.5514165163040161
        },
        "Polygon": [
          {
            "X": 0.2794942259788513,
            "Y": 0.5514779090881348
          },
          {
            "X": 0.3133431673049927,
            "Y": 0.5514165163040161
          },
          {
            "X": 0.31353068351745605,
            "Y": 0.5719723701477051
          },
          {
            "X": 0.2796771228313446,
            "Y": 0.5720356106758118
          }
        ]
      },
      "Id": "60a0387a-49a6-4437-84aa-6da03938f7c3",
      "Page": 1
    },
    {
      "BlockType": "WORD",
      "Confidence": 67.1522216796875,
      "Text": "77,72",
      "TextType": "PRINTED",
      "Geometry": {
        "BoundingBox": {
          "Width": 0.03390681371092796,
          "Height": 0.019951239228248596,
          "Left": 0.42651668190956116,
          "Top": 0.5520763993263245
        },
        "Polygon": [
          {
            "X": 0.42651668190956116,
            "Y": 0.5521376132965088
          },
          {
            "X": 0.46022269129753113,
            "Y": 0.5520763993263245
          },
          {
            "X": 0.4604234993457794,
            "Y": 0.5719647407531738
          },
          {
            "X": 0.4267130494117737,
            "Y": 0.5720276832580566
          }
        ]
      },
      "Id": "0856e667-9b6c-48a4-bc48-17e196a2b211",
      "Page": 1
    },
    {
      "BlockType": "WORD",
      "Confidence": 98.74559783935547,
      "Text": "21.41",
      "TextType": "PRINTED",
      "Geometry": {
        "BoundingBox": {
          "Width": 0.0327746719121933,
          "Height": 0.020210210233926773,
          "Left": 0.5739083886146545,
          "Top": 0.5517786145210266
        },
        "Polygon": [
          {
            "X": 0.5739083886146545,
            "Y": 0.5518377423286438
          },
          {
            "X": 0.6064600348472595,
            "Y": 0.5517786145210266
          },
          {
            "X": 0.6066830158233643,
            "Y": 0.5719280242919922
          },
          {
            "X": 0.5741270184516907,
            "Y": 0.5719888210296631
          }
        ]
      },
      "Id": "02959c61-18b4-48d8-9630-764c43837a45",
      "Page": 1
    },
    {
      "BlockType": "WORD",
      "Confidence": 99.73728942871094,
      "Text": "0.86",
      "TextType": "PRINTED",
      "Geometry": {
        "BoundingBox": {
          "Width": 0.02661709673702717,
          "Height": 0.019420044496655464,
          "Left": 0.7216340899467468,
          "Top": 0.5522420406341553
        },
        "Polygon": [
          {
            "X": 0.7216340899467468,
            "Y": 0.5522900223731995
          },
          {
            "X": 0.7480185627937317,
            "Y": 0.5522420406341553
          },
          {
            "X": 0.74825119972229,
            "Y": 0.5716127753257751
          },
          {
            "X": 0.721863329410553,
            "Y": 0.5716620683670044
          }
        ]
      },
      "Id": "a87da95d-95c7-4871-a030-99ab298a81ff",
      "Page": 1
    },
    {
      "BlockType": "TABLE",
      "Confidence": 99.853515625,
      "Geometry": {
        "BoundingBox": {
          "Width": 0.5525493621826172,
          "Height": 0.18077567219734192,
          "Left": 0.22373118996620178,
          "Top": 0.40834635496139526
        },
        "Polygon": [
          {
            "X": 0.22373118996620178,
            "Y": 0.4091429114341736
          },
          {
            "X": 0.7740892767906189,
            "Y": 0.40834635496139526
          },
          {
            "X": 0.7762805819511414,
            "Y": 0.5880694389343262
          },
          {
            "X": 0.2252672016620636,
            "Y": 0.5891219973564148
          }
        ]
      },
      "Id": "136bee44-ee2c-48ac-a4df-192420d93132",
      "Relationships": [
        {
          "Type": "CHILD",
          "Ids": [
            "2398e532-3f57-4993-b02d-d287ef2c0619",
            "2d72982e-8f05-4c21-995d-5c0aa66da602",
            "89a91f0d-e6af-4010-98ff-e736b50a19eb",
            "24235b9e-75dc-4950-bd62-7cd9ec336778",
            "29930362-3855-4cd8-971c-584788644229",
            "8416b454-e07f-4a48-bb8f-024da16dd68c",
            "c396258e-3e1f-442b-82ee-9aec536308b8",
            "50768eae-b56a-4e20-bec5-7aaf468eec7f",
            "dda12714-a0c9-499d-b82f-5e0a734b3842",
            "769cd218-60ee-49e6-bac3-739b795be813",
            "62adf0d2-08fd-4448-a08b-1584517ce752",
            "084dbe72-5500-42f6-b30b-51ddabc7da6e",
            "fa3a6a15-1deb-49f0-8c56-f4be637afdd4",
            "21193845-20b0-4d1c-85e1-3dad5a2d6951",
            "bd6c8a8a-a86a-4a03-b85f-c7222495c3cc",
            "29ef853c-0b9c-42aa-872a-048c8a365827"
          ]
        },
        {
          "Type": "MERGED_CELL",
          "Ids": [
            "97eb52ba-7536-41ec-aea2-e63316637a8c",
            "1f907f71-bf4e-4d29-8137-a6e84ff67116"
          ]
        }
      ],
      "EntityTypes": [
        "STRUCTURED_TABLE"
      ],
      "Page": 1
    },
    {
      "BlockType": "CELL",
      "Confidence": 47.55859375,
      "RowIndex": 1,
      "ColumnIndex": 1,
      "RowSpan": 1,
      "ColumnSpan": 1,
      "Geometry": {
        "BoundingBox": {
          "Width": 0.15232393145561218,
          "Height": 0.046609919518232346,
          "Left": 0.22352637350559235,
          "Top": 0.4091372787952423
        },
        "Polygon": [
          {
            "X": 0.22352637350559235,
            "Y": 0.4093571901321411
          },
          {
            "X": 0.3754078149795532,
            "Y": 0.4091372787952423
          },
          {
            "X": 0.3758503198623657,
            "Y": 0.45550909638404846
          },
          {
            "X": 0.2239222228527069,
            "Y": 0.45574721693992615
          }
        ]
      },
      "Id": "2398e532-3f57-4993-b02d-d287ef2c0619",
      "Relationships": [
        {
          "Type": "CHILD",
          "Ids": [
            "d43d307f-3f1f-49a5-8b80-1ce38d8073dd"
          ]
        }
      ],
      "EntityTypes": [
        "COLUMN_HEADER"
      ],
      "Page": 1
    },
    {
      "BlockType": "CELL",
      "Confidence": 76.953125,
      "RowIndex": 1,
      "ColumnIndex": 2,
      "RowSpan": 1,
      "ColumnSpan": 1,
      "Geometry": {
        "BoundingBox": {
          "Width": 0.14103853702545166,
          "Height": 0.04657532647252083,
          "Left": 0.3754078149795532,
          "Top": 0.4089337885379791
        },
        "Polygon": [
          {
            "X": 0.3754078149795532,
            "Y": 0.4091372787952423
          },
          {
            "X": 0.515960693359375,
            "Y": 0.4089337885379791
          },
          {
            "X": 0.5164463520050049,
            "Y": 0.45528876781463623
          },
          {
            "X": 0.3758503198623657,
            "Y": 0.45550909638404846
          }
        ]
      },
      "Id": "2d72982e-8f05-4c21-995d-5c0aa66da602",
      "Relationships": [
        {
          "Type": "CHILD",
          "Ids": [
            "41dc3417-08cd-4ec4-8360-b7756ef014ba"
          ]
        }
      ],
      "EntityTypes": [
        "COLUMN_HEADER"
      ],
      "Page": 1
    },
    {
      "BlockType": "CELL",
      "Confidence": 76.953125,
      "RowIndex": 1,
      "ColumnIndex": 3,
      "RowSpan": 1,
      "ColumnSpan": 1,
      "Geometry": {
        "BoundingBox": {
          "Width": 0.14994429051876068,
          "Height": 0.04657131806015968,
          "Left": 0.515960693359375,
          "Top": 0.40871745347976685
        },
        "Polygon": [
          {
            "X": 0.515960693359375,
            "Y": 0.4089337885379791
          },
          {
            "X": 0.6653735041618347,
            "Y": 0.40871745347976685
          },
          {
            "X": 0.6659049987792969,
            "Y": 0.45505452156066895
          },
          {
            "X": 0.5164463520050049,
            "Y": 0.45528876781463623
          }
        ]
      },
      "Id": "89a91f0d-e6af-4010-98ff-e736b50a19eb",
      "Relationships": [
        {
          "Type": "CHILD",
          "Ids": [
            "f54361a0-9c2a-4eac-bc6b-71be86355a4e",
            "87eda288-43cc-40ee-836c-eb7a2edf72ed",
            "9bf01f10-a8ec-4074-97b4-b788579076de"
          ]
        }
      ],
      "EntityTypes": [
        "COLUMN_HEADER"
      ],
      "Page": 1
    },
    {
      "BlockType": "CELL",
      "Confidence": 76.953125,
      "RowIndex": 1,
      "ColumnIndex": 4,
      "RowSpan": 1,
      "ColumnSpan": 1,
      "Geometry": {
        "BoundingBox": {
          "Width": 0.10956370830535889,
          "Height": 0.04649490490555763,
          "Left": 0.6653735041618347,
          "Top": 0.4085596203804016
        },
        "Polygon": [
          {
            "X": 0.6653735041618347,
            "Y": 0.40871745347976685
          },
          {
            "X": 0.7743722796440125,
            "Y": 0.4085596203804016
          },
          {
            "X": 0.7749372124671936,
            "Y": 0.4548836648464203
          },
          {
            "X": 0.6659049987792969,
            "Y": 0.45505452156066895
          }
        ]
      },
      "Id": "24235b9e-75dc-4950-bd62-7cd9ec336778",
      "EntityTypes": [
        "COLUMN_HEADER"
      ],
      "Page": 1
    },
    {
      "BlockType": "CELL",
      "Confidence": 47.55859375,
      "RowIndex": 2,
      "ColumnIndex": 1,
      "RowSpan": 1,
      "ColumnSpan": 1,
      "Geometry": {
        "BoundingBox": {
          "Width": 0.15240995585918427,
          "Height": 0.050753865391016006,
          "Left": 0.2239222228527069,
          "Top": 0.45550909638404846
        },
        "Polygon": [
          {
            "X": 0.2239222228527069,
            "Y": 0.45574721693992615
          },
          {
            "X": 0.3758503198623657,
            "Y": 0.45550909638404846
          },
          {
            "X": 0.37633216381073,
            "Y": 0.506005048751831
          },
          {
            "X": 0.22435326874256134,
            "Y": 0.5062629580497742
          }
        ]
      },
      "Id": "29930362-3855-4cd8-971c-584788644229",
      "EntityTypes": [
        "COLUMN_HEADER"
      ],
      "Page": 1
    },
    {
      "BlockType": "CELL",
      "Confidence": 72.509765625,
      "RowIndex": 2,
      "ColumnIndex": 2,
      "RowSpan": 1,
      "ColumnSpan": 1,
      "Geometry": {
        "BoundingBox": {
          "Width": 0.1411248743534088,
          "Height": 0.05071628466248512,
          "Left": 0.3758503198623657,
          "Top": 0.45528876781463623
        },
        "Polygon": [
          {
            "X": 0.3758503198623657,
            "Y": 0.45550909638404846
          },
          {
            "X": 0.5164463520050049,
            "Y": 0.45528876781463623
          },
          {
            "X": 0.5169751644134521,
            "Y": 0.5057663917541504
          },
          {
            "X": 0.37633216381073,
            "Y": 0.506005048751831
          }
        ]
      },
      "Id": "8416b454-e07f-4a48-bb8f-024da16dd68c",
      "Relationships": [
        {
          "Type": "CHILD",
          "Ids": [
            "9927c20e-07e8-4840-819c-29763026a8b3"
          ]
        }
      ],
      "EntityTypes": [
        "COLUMN_HEADER"
      ],
      "Page": 1
    },
    {
      "BlockType": "CELL",
      "Confidence": 78.173828125,
      "RowIndex": 2,
      "ColumnIndex": 3,
      "RowSpan": 1,
      "ColumnSpan": 1,
      "Geometry": {
        "BoundingBox": {
          "Width": 0.15003739297389984,
          "Height": 0.05071182921528816,
          "Left": 0.5164463520050049,
          "Top": 0.45505452156066895
        },
        "Polygon": [
          {
            "X": 0.5164463520050049,
            "Y": 0.45528876781463623
          },
          {
            "X": 0.6659049987792969,
            "Y": 0.45505452156066895
          },
          {
            "X": 0.6664837002754211,
            "Y": 0.5055126547813416
          },
          {
            "X": 0.5169751644134521,
            "Y": 0.5057663917541504
          }
        ]
      },
      "Id": "c396258e-3e1f-442b-82ee-9aec536308b8",
      "Relationships": [
        {
          "Type": "CHILD",
          "Ids": [
            "2dd12dc7-8883-42d9-b3ab-cc076f044153"
          ]
        }
      ],
      "EntityTypes": [
        "COLUMN_HEADER"
      ],
      "Page": 1
    },
    {
      "BlockType": "CELL",
      "Confidence": 75.9765625,
      "RowIndex": 2,
      "ColumnIndex": 4,
      "RowSpan": 1,
      "ColumnSpan": 1,
      "Geometry": {
        "BoundingBox": {
          "Width": 0.1093667522072792,
          "Height": 0.050628531724214554,
          "Left": 0.6659049987792969,
          "Top": 0.4548841118812561
        },
        "Polygon": [
          {
            "X": 0.6659049987792969,
            "Y": 0.45505452156066895
          },
          {
            "X": 0.7746566534042358,
            "Y": 0.4548841118812561
          },
          {
            "X": 0.7752717137336731,
            "Y": 0.5053279995918274
          },
          {
            "X": 0.6664837002754211,
            "Y": 0.5055126547813416
          }
        ]
      },
      "Id": "50768eae-b56a-4e20-bec5-7aaf468eec7f",
      "Relationships": [
        {
          "Type": "CHILD",
          "Ids": [
            "c5695349-8bec-42ea-8d23-7a72dbd3d27a"
          ]
        }
      ],
      "EntityTypes": [
        "COLUMN_HEADER"
      ],
      "Page": 1
    },
    {
      "BlockType": "CELL",
      "Confidence": 81.201171875,
      "RowIndex": 3,
      "ColumnIndex": 1,
      "RowSpan": 1,
      "ColumnSpan": 1,
      "Geometry": {
        "BoundingBox": {
          "Width": 0.1521500200033188,
          "Height": 0.03987470269203186,
          "Left": 0.22456005215644836,
          "Top": 0.506005048751831
        },
        "Polygon": [
          {
            "X": 0.22456005215644836,
            "Y": 0.5062626004219055
          },
          {
            "X": 0.37633216381073,
            "Y": 0.506005048751831
          },
          {
            "X": 0.37671005725860596,
            "Y": 0.5456066727638245
          },
          {
            "X": 0.22489815950393677,
            "Y": 0.5458797812461853
          }
        ]
      },
      "Id": "dda12714-a0c9-499d-b82f-5e0a734b3842",
      "Relationships": [
        {
          "Type": "CHILD",
          "Ids": [
            "cf203503-0c6f-4a65-bda5-d6c308e527fd"
          ]
        }
      ],
      "Page": 1
    },
    {
      "BlockType": "CELL",
      "Confidence": 71.435546875,
      "RowIndex": 3,
      "ColumnIndex": 2,
      "RowSpan": 1,
      "ColumnSpan": 1,
      "Geometry": {
        "BoundingBox": {
          "Width": 0.14105775952339172,
          "Height": 0.03984028100967407,
          "Left": 0.37633216381073,
          "Top": 0.5057663917541504
        },
        "Polygon": [
          {
            "X": 0.37633216381073,
            "Y": 0.506005048751831
          },
          {
            "X": 0.5169751644134521,
            "Y": 0.5057663917541504
          },
          {
            "X": 0.5173899531364441,
            "Y": 0.5453535914421082
          },
          {
            "X": 0.37671005725860596,
            "Y": 0.5456066727638245
          }
        ]
      },
      "Id": "769cd218-60ee-49e6-bac3-739b795be813",
      "Relationships": [
        {
          "Type": "CHILD",
          "Ids": [
            "7e83de80-5d28-4d7a-914d-f719c8299881"
          ]
        }
      ],
      "Page": 1
    },
    {
      "BlockType": "CELL",
      "Confidence": 76.953125,
      "RowIndex": 3,
      "ColumnIndex": 3,
      "RowSpan": 1,
      "ColumnSpan": 1,
      "Geometry": {
        "BoundingBox": {
          "Width": 0.1499624401330948,
          "Height": 0.0398409329354763,
          "Left": 0.5169751644134521,
          "Top": 0.5055126547813416
        },
        "Polygon": [
          {
            "X": 0.5169751644134521,
            "Y": 0.5057663917541504
          },
          {
            "X": 0.6664837002754211,
            "Y": 0.5055126547813416
          },
          {
            "X": 0.6669375896453857,
            "Y": 0.545084536075592
          },
          {
            "X": 0.5173899531364441,
            "Y": 0.5453535914421082
          }
        ]
      },
      "Id": "62adf0d2-08fd-4448-a08b-1584517ce752",
      "Relationships": [
        {
          "Type": "CHILD",
          "Ids": [
            "f5c9e862-90a7-4310-bf01-7836f6c509ce"
          ]
        }
      ],
      "Page": 1
    },
    {
      "BlockType": "CELL",
      "Confidence": 74.8046875,
      "RowIndex": 3,
      "ColumnIndex": 4,
      "RowSpan": 1,
      "ColumnSpan": 1,
      "Geometry": {
        "BoundingBox": {
          "Width": 0.10927034914493561,
          "Height": 0.039756521582603455,
          "Left": 0.6664837002754211,
          "Top": 0.5053279995918274
        },
        "Polygon": [
          {
            "X": 0.6664837002754211,
            "Y": 0.5055126547813416
          },
          {
            "X": 0.7752717137336731,
            "Y": 0.5053279995918274
          },
          {
            "X": 0.7757540941238403,
            "Y": 0.5448887944221497
          },
          {
            "X": 0.6669375896453857,
            "Y": 0.545084536075592
          }
        ]
      },
      "Id": "084dbe72-5500-42f6-b30b-51ddabc7da6e",
      "Relationships": [
        {
          "Type": "CHILD",
          "Ids": [
            "f305f770-3a82-473f-bf0d-073ed1c646c0"
          ]
        }
      ],
      "Page": 1
    },
    {
      "BlockType": "CELL",
      "Confidence": 91.015625,
      "RowIndex": 4,
      "ColumnIndex": 1,
      "RowSpan": 1,
      "ColumnSpan": 1,
      "Geometry": {
        "BoundingBox": {
          "Width": 0.15222439169883728,
          "Height": 0.04351535812020302,
          "Left": 0.22489815950393677,
          "Top": 0.5456066727638245
        },
        "Polygon": [
          {
            "X": 0.22489815950393677,
            "Y": 0.5458797812461853
          },
          {
            "X": 0.37671005725860596,
            "Y": 0.5456066727638245
          },
          {
            "X": 0.37712255120277405,
            "Y": 0.5888319611549377
          },
          {
            "X": 0.2252672016620636,
            "Y": 0.5891219973564148
          }
        ]
      },
      "Id": "fa3a6a15-1deb-49f0-8c56-f4be637afdd4",
      "Relationships": [
        {
          "Type": "CHILD",
          "Ids": [
            "2d995876-5d77-455a-9d44-40c00f32fcd8",
            "60a0387a-49a6-4437-84aa-6da03938f7c3"
          ]
        }
      ],
      "Page": 1
    },
    {
      "BlockType": "CELL",
      "Confidence": 80.078125,
      "RowIndex": 4,
      "ColumnIndex": 2,
      "RowSpan": 1,
      "ColumnSpan": 1,
      "Geometry": {
        "BoundingBox": {
          "Width": 0.14113256335258484,
          "Height": 0.04347836971282959,
          "Left": 0.37671005725860596,
          "Top": 0.5453535914421082
        },
        "Polygon": [
          {
            "X": 0.37671005725860596,
            "Y": 0.5456066727638245
          },
          {
            "X": 0.5173899531364441,
            "Y": 0.5453535914421082
          },
          {
            "X": 0.5178426504135132,
            "Y": 0.5885631442070007
          },
          {
            "X": 0.37712255120277405,
            "Y": 0.5888319611549377
          }
        ]
      },
      "Id": "21193845-20b0-4d1c-85e1-3dad5a2d6951",
      "Relationships": [
        {
          "Type": "CHILD",
          "Ids": [
            "0856e667-9b6c-48a4-bc48-17e196a2b211"
          ]
        }
      ],
      "Page": 1
    },
    {
      "BlockType": "CELL",
      "Confidence": 86.328125,
      "RowIndex": 4,
      "ColumnIndex": 3,
      "RowSpan": 1,
      "ColumnSpan": 1,
      "Geometry": {
        "BoundingBox": {
          "Width": 0.15004311501979828,
          "Height": 0.043478600680828094,
          "Left": 0.5173899531364441,
          "Top": 0.545084536075592
        },
        "Polygon": [
          {
            "X": 0.5173899531364441,
            "Y": 0.5453535914421082
          },
          {
            "X": 0.6669375896453857,
            "Y": 0.545084536075592
          },
          {
            "X": 0.6674330234527588,
            "Y": 0.5882773995399475
          },
          {
            "X": 0.5178426504135132,
            "Y": 0.5885631442070007
          }
        ]
      },
      "Id": "bd6c8a8a-a86a-4a03-b85f-c7222495c3cc",
      "Relationships": [
        {
          "Type": "CHILD",
          "Ids": [
            "02959c61-18b4-48d8-9630-764c43837a45"
          ]
        }
      ],
      "Page": 1
    },
    {
      "BlockType": "CELL",
      "Confidence": 83.88671875,
      "RowIndex": 4,
      "ColumnIndex": 4,
      "RowSpan": 1,
      "ColumnSpan": 1,
      "Geometry": {
        "BoundingBox": {
          "Width": 0.10934294760227203,
          "Height": 0.04338861256837845,
          "Left": 0.6669375896453857,
          "Top": 0.5448887944221497
        },
        "Polygon": [
          {
            "X": 0.6669375896453857,
            "Y": 0.545084536075592
          },
          {
            "X": 0.7757540941238403,
            "Y": 0.5448887944221497
          },
          {
            "X": 0.7762805819511414,
            "Y": 0.5880694389343262
          },
          {
            "X": 0.6674330234527588,
            "Y": 0.5882773995399475
          }
        ]
      },
      "Id": "29ef853c-0b9c-42aa-872a-048c8a365827",
      "Relationships": [
        {
          "Type": "CHILD",
          "Ids": [
            "a87da95d-95c7-4871-a030-99ab298a81ff"
          ]
        }
      ],
      "Page": 1
    },
    {
      "BlockType": "MERGED_CELL",
      "Confidence": 47.55859375,
      "RowIndex": 1,
      "ColumnIndex": 1,
      "RowSpan": 2,
      "ColumnSpan": 1,
      "Geometry": {
        "BoundingBox": {
          "Width": 0.1526009738445282,
          "Height": 0.09733925014734268,
          "Left": 0.22373118996620178,
          "Top": 0.4089233875274658
        },
        "Polygon": [
          {
            "X": 0.22373118996620178,
            "Y": 0.4091429114341736
          },
          {
            "X": 0.37540575861930847,
            "Y": 0.4089233875274658
          },
          {
            "X": 0.37633216381073,
            "Y": 0.506005048751831
          },
          {
            "X": 0.22456005215644836,
            "Y": 0.5062626004219055
          }
        ]
      },
      "Id": "97eb52ba-7536-41ec-aea2-e63316637a8c",
      "Relationships": [
        {
          "Type": "CHILD",
          "Ids": [
            "2398e532-3f57-4993-b02d-d287ef2c0619",
            "29930362-3855-4cd8-971c-584788644229"
          ]
        }
      ],
      "EntityTypes": [
        "COLUMN_HEADER"
      ],
      "Page": 1
    },
    {
      "BlockType": "MERGED_CELL",
      "Confidence": 76.953125,
      "RowIndex": 1,
      "ColumnIndex": 2,
      "RowSpan": 1,
      "ColumnSpan": 3,
      "Geometry": {
        "BoundingBox": {
          "Width": 0.39925092458724976,
          "Height": 0.04716276749968529,
          "Left": 0.37540575861930847,
          "Top": 0.40834635496139526
        },
        "Polygon": [
          {
            "X": 0.37540575861930847,
            "Y": 0.4089233875274658
          },
          {
            "X": 0.7740892767906189,
            "Y": 0.40834635496139526
          },
          {
            "X": 0.7746566534042358,
            "Y": 0.4548841118812561
          },
          {
            "X": 0.3758503198623657,
            "Y": 0.45550909638404846
          }
        ]
      },
      "Id": "1f907f71-bf4e-4d29-8137-a6e84ff67116",
      "Relationships": [
        {
          "Type": "CHILD",
          "Ids": [
            "2d72982e-8f05-4c21-995d-5c0aa66da602",
            "89a91f0d-e6af-4010-98ff-e736b50a19eb",
            "24235b9e-75dc-4950-bd62-7cd9ec336778"
          ]
        }
      ],
      "EntityTypes": [
        "COLUMN_HEADER"
      ],
      "Page": 1
    }
  ],
  "AnalyzeDocumentModelVersion": "1.0"
}