{
  "DocumentMetadata": {
    "Pages": 1
  },
  "JobStatus": "SUCCEEDED",
  "Blocks": [
    {
      "BlockType": "PAGE",
      "Geometry": {
        "BoundingBox": {
          "Width": 0.5567759871482849,
          "Height": 0.31243211030960083,
          "Left": 0.22057387232780457,
          "Top": 0.3415200412273407
        },
        "Polygon": [
          {
            "X": 0.22061532735824585,
            "Y": 0.3415200412273407
          },
          {
            "X": 0.7764171361923218,
            "Y": 0.3420642018318176
          },
          {
            "X": 0.7773498296737671,
            "Y": 0.6539521217346191
          },
          {
            "X": 0.22057387232780457,
            "Y": 0.6534221172332764
          }
        ]
      },
      "Id": "76ebada5-b952-4205-bc49-8eb955824732",
      "Relationships": [
        {
          "Type": "CHILD",
          "Ids": [
            "8f8e2724-88cd-4eca-8f40-3091519c7be1",
            "3b900c60-cbf2-431f-99d1-8af0ec5cc35e",
            "2fecf59c-7ed1-47ec-8ae4-f8c0d8ad1232",
            "6038ec19-a601-4fa9-9ead-a42a3dccb750",
            "c33da733-0711-47ba-b4f0-f3e4faf017e8",
            "c6843d11-60f7-47e8-b11a-8439e1cc2544",
            "f1df73c9-c3c4-44b4-a503-214a9aa976dd",
            "b6ed3bc1-c416-49d2-bfa3-61ae8165503c",
            "0ccc4194-a857-425f-a722-5e4d82dc22ba",
            "31f10965-ebf9-4664-a07b-108dbdeb6082",
            "6a19390c-172f-4fc2-b923-cea43a68d1c2",
            "2b04b6da-ef92-4960-8b17-9bac4d18e500",
            "a729b0d8-a144-47eb-914b-c0a7be64bf37",
            "53199d12-5e36-4721-8a9d-4dd0e6a5c9e7",
            "f21a1d5f-c29d-413f-9f9a-36e9e4d58446",
            "ca0edbb8-d946-4bac-8348-740c32de323f",
            "d85b679c-e207-4ff9-88f6-03476e5cfae2",
            "a29d738e-707a-4541-8043-7959894890e2",
            "7c15adf9-afb5-4c8b-a93a-c46ee1f40087",
            "ceeb2d36-f82f-4a5a-82aa-9ec7385fa402",
            "d7f4a8c7-6220-49ed-b4f5-8d719da8e6f4",
            "1ebe1e3b-81b7-4c41-a312-27e03f331e0b",
            "926c87b5-250e-4613-b353-0bf81bbc0303",
            "01925271-ee1f-4c7a-8f27-a346cae7909e",
            "7fe9f4df-c5ed-4f3c-b9bb-c3441efdfe41",
            "9819bb64-bcf7-4949-bb19-0c7f3512f86c"
          ]
        }
      ],
      "Page": 1
    },
    {
      "BlockType": "LINE",
      "Confidence": 99.97224426269531,
      "Text": "Samples",
      "Geometry": {
        "BoundingBox": {
          "Width": 0.05416041985154152,
          "Height": 0.02387341298162937,
          "Left": 0.24883632361888885,
          "Top": 0.3857095241546631
        },
        "Polygon": [
          {
            "X": 0.24883632361888885,
            "Y": 0.3857095241546631
          },
          {
            "X": 0.3029888868331909,
            "Y": 0.3857623338699341
          },
          {
            "X": 0.30299675464630127,
            "Y": 0.4095829427242279
          },
          {
            "X": 0.248836949467659,
            "Y": 0.4095302224159241
          }
        ]
      },
      "Id": "8f8e2724-88cd-4eca-8f40-3091519c7be1",
      "Relationships": [
        {
          "Type": "CHILD",
          "Ids": [
            "41fca724-1e6c-44b3-a13a-dc625be26123"
          ]
        }
      ],
      "Page": 1
    },
    {
      "BlockType": "LINE",
      "Confidence": 99.82941436767578,
      "Text": "LOI (%)",
      "Geometry": {
        "BoundingBox": {
          "Width": 0.04388004541397095,
          "Height": 0.023354534059762955,
          "Left": 0.49039724469184875,
          "Top": 0.3856033682823181
        },
        "Polygon": [
          {
            "X": 0.49039724469184875,
            "Y": 0.3856033682823181
          },
          {
            "X": 0.5342392921447754,
            "Y": 0.38564613461494446
          },
          {
            "X": 0.5342773199081421,
            "Y": 0.40895789861679077
          },
          {
            "X": 0.49042949080467224,
            "Y": 0.4089152216911316
          }
        ]
      },
      "Id": "3b900c60-cbf2-431f-99d1-8af0ec5cc35e",
      "Relationships": [
        {
          "Type": "CHILD",
          "Ids": [
            "1776c1bd-50b2-4585-adcf-c1001b68aef6",
            "3e58ce4a-c845-4abc-9dbd-ab282416f924"
          ]
        }
      ],
      "Page": 1
    },
    {
      "BlockType": "LINE",
      "Confidence": 99.93878936767578,
      "Text": "UL94",
      "Geometry": {
        "BoundingBox": {
          "Width": 0.033174242824316025,
          "Height": 0.01811806857585907,
          "Left": 0.5927433967590332,
          "Top": 0.3866148591041565
        },
        "Polygon": [
          {
            "X": 0.5927433967590332,
            "Y": 0.3866148591041565
          },
          {
            "X": 0.6258788704872131,
            "Y": 0.38664719462394714
          },
          {
            "X": 0.6259176731109619,
            "Y": 0.40473294258117676
          },
          {
            "X": 0.5927788019180298,
            "Y": 0.4047006666660309
          }
        ]
      },
      "Id": "2fecf59c-7ed1-47ec-8ae4-f8c0d8ad1232",
      "Relationships": [
        {
          "Type": "CHILD",
          "Ids": [
            "814ec7b3-c657-4d6c-b9c9-5912bf67c57b"
          ]
        }
      ],
      "Page": 1
    },
    {
      "BlockType": "LINE",
      "Confidence": 99.9747314453125,
      "Text": "Rating",
      "Geometry": {
        "BoundingBox": {
          "Width": 0.041658636182546616,
          "Height": 0.023272544145584106,
          "Left": 0.5928226709365845,
          "Top": 0.4314156174659729
        },
        "Polygon": [
          {
            "X": 0.5928226709365845,
            "Y": 0.4314156174659729
          },
          {
            "X": 0.6344304084777832,
            "Y": 0.4314560294151306
          },
          {
            "X": 0.6344813108444214,
            "Y": 0.454688161611557
          },
          {
            "X": 0.5928681492805481,
            "Y": 0.45464783906936646
          }
        ]
      },
      "Id": "6038ec19-a601-4fa9-9ead-a42a3dccb750",
      "Relationships": [
        {
          "Type": "CHILD",
          "Ids": [
            "986fedbf-7647-4bb9-9aae-a5401a0ecf5f"
          ]
        }
      ],
      "Page": 1
    },
    {
      "BlockType": "LINE",
      "Confidence": 99.88911437988281,
      "Text": "Dripping",
      "Geometry": {
        "BoundingBox": {
          "Width": 0.057629648596048355,
          "Height": 0.024188507348299026,
          "Left": 0.7035775184631348,
          "Top": 0.4313284158706665
        },
        "Polygon": [
          {
            "X": 0.7035775184631348,
            "Y": 0.4313284158706665
          },
          {
            "X": 0.761137068271637,
            "Y": 0.4313843250274658
          },
          {
            "X": 0.7612071633338928,
            "Y": 0.45551690459251404
          },
          {
            "X": 0.7036397457122803,
            "Y": 0.4554611146450043
          }
        ]
      },
      "Id": "c33da733-0711-47ba-b4f0-f3e4faf017e8",
      "Relationships": [
        {
          "Type": "CHILD",
          "Ids": [
            "3530dc83-e082-4388-a08b-54044b46007d"
          ]
        }
      ],
      "Page": 1
    },
    {
      "BlockType": "LINE",
      "Confidence": 98.84819793701172,
      "Text": "DGEBA/DDS",
      "Geometry": {
        "BoundingBox": {
          "Width": 0.07798735797405243,
          "Height": 0.022712484002113342,
          "Left": 0.2491564154624939,
          "Top": 0.4758806526660919
        },
        "Polygon": [
          {
            "X": 0.2491564154624939,
            "Y": 0.4758806526660919
          },
          {
            "X": 0.3271332383155823,
            "Y": 0.4759560823440552
          },
          {
            "X": 0.3271437883377075,
            "Y": 0.49859315156936646
          },
          {
            "X": 0.24915704131126404,
            "Y": 0.49851784110069275
          }
        ]
      },
      "Id": "c6843d11-60f7-47e8-b11a-8439e1cc2544",
      "Relationships": [
        {
          "Type": "CHILD",
          "Ids": [
            "eb290d40-fe1c-4818-acad-300529de7ff0"
          ]
        }
      ],
      "Page": 1
    },
    {
      "BlockType": "LINE",
      "Confidence": 74.50088500976562,
      "Text": "22.5",
      "Geometry": {
        "BoundingBox": {
          "Width": 0.027014778926968575,
          "Height": 0.018243052065372467,
          "Left": 0.48959389328956604,
          "Top": 0.47678565979003906
        },
        "Polygon": [
          {
            "X": 0.48959389328956604,
            "Y": 0.47678565979003906
          },
          {
            "X": 0.5165808200836182,
            "Y": 0.4768117666244507
          },
          {
            "X": 0.5166086554527283,
            "Y": 0.49502870440483093
          },
          {
            "X": 0.4896189868450165,
            "Y": 0.4950026273727417
          }
        ]
      },
      "Id": "f1df73c9-c3c4-44b4-a503-214a9aa976dd",
      "Relationships": [
        {
          "Type": "CHILD",
          "Ids": [
            "31e6f836-8458-4c35-8c6d-b346b05dbc0f"
          ]
        }
      ],
      "Page": 1
    },
    {
      "BlockType": "LINE",
      "Confidence": 99.89646911621094,
      "Text": "Unrated",
      "Geometry": {
        "BoundingBox": {
          "Width": 0.05201490968465805,
          "Height": 0.01942412555217743,
          "Left": 0.5927044749259949,
          "Top": 0.47581860423088074
        },
        "Polygon": [
          {
            "X": 0.5927044749259949,
            "Y": 0.47581860423088074
          },
          {
            "X": 0.6446757912635803,
            "Y": 0.4758688807487488
          },
          {
            "X": 0.6447193622589111,
            "Y": 0.495242714881897
          },
          {
            "X": 0.592742383480072,
            "Y": 0.4951925277709961
          }
        ]
      },
      "Id": "b6ed3bc1-c416-49d2-bfa3-61ae8165503c",
      "Relationships": [
        {
          "Type": "CHILD",
          "Ids": [
            "0092a42a-f881-4786-8de6-256b0b40a62a"
          ]
        }
      ],
      "Page": 1
    },
    {
      "BlockType": "LINE",
      "Confidence": 99.98494720458984,
      "Text": "Yes",
      "Geometry": {
        "BoundingBox": {
          "Width": 0.02282325178384781,
          "Height": 0.019268354400992393,
          "Left": 0.7032284736633301,
          "Top": 0.47627413272857666
        },
        "Polygon": [
          {
            "X": 0.7032284736633301,
            "Y": 0.47627413272857666
          },
          {
            "X": 0.725999653339386,
            "Y": 0.47629615664482117
          },
          {
            "X": 0.7260517477989197,
            "Y": 0.4955424964427948
          },
          {
            "X": 0.7032780647277832,
            "Y": 0.4955205023288727
          }
        ]
      },
      "Id": "0ccc4194-a857-425f-a722-5e4d82dc22ba",
      "Relationships": [
        {
          "Type": "CHILD",
          "Ids": [
            "f32e30a0-9c45-4ae7-809c-15d372d87e57"
          ]
        }
      ],
      "Page": 1
    },
    {
      "BlockType": "LINE",
      "Confidence": 90.43403625488281,
      "Text": "6%TGIC-DOPO/DGEBA/DDS",
      "Geometry": {
        "BoundingBox": {
          "Width": 0.17415250837802887,
          "Height": 0.023185310885310173,
          "Left": 0.24918189644813538,
          "Top": 0.5054767727851868
        },
        "Polygon": [
          {
            "X": 0.24918189644813538,
            "Y": 0.5054767727851868
          },
          {
            "X": 0.4233112633228302,
            "Y": 0.5056447386741638
          },
          {
            "X": 0.42333438992500305,
            "Y": 0.5286620855331421
          },
          {
            "X": 0.24918252229690552,
            "Y": 0.5284944176673889
          }
        ]
      },
      "Id": "31f10965-ebf9-4664-a07b-108dbdeb6082",
      "Relationships": [
        {
          "Type": "CHILD",
          "Ids": [
            "a1d8bb5e-3825-41a4-b62f-d68ef7d14327"
          ]
        }
      ],
      "Page": 1
    },
    {
      "BlockType": "LINE",
      "Confidence": 62.64225387573242,
      "Text": "33.3",
      "Geometry": {
        "BoundingBox": {
          "Width": 0.026613285765051842,
          "Height": 0.0181864146143198,
          "Left": 0.4898200035095215,
          "Top": 0.5062928199768066
        },
        "Polygon": [
          {
            "X": 0.4898200035095215,
            "Y": 0.5062928199768066
          },
          {
            "X": 0.5164055228233337,
            "Y": 0.5063184499740601
          },
          {
            "X": 0.5164332985877991,
            "Y": 0.5244792103767395
          },
          {
            "X": 0.48984503746032715,
            "Y": 0.5244535803794861
          }
        ]
      },
      "Id": "6a19390c-172f-4fc2-b923-cea43a68d1c2",
      "Relationships": [
        {
          "Type": "CHILD",
          "Ids": [
            "f03431a5-cb77-49b3-ba60-9b113aac8d46"
          ]
        }
      ],
      "Page": 1
    },
    {
      "BlockType": "LINE",
      "Confidence": 99.88304901123047,
      "Text": "Unrated",
      "Geometry": {
        "BoundingBox": {
          "Width": 0.052182722836732864,
          "Height": 0.01938140019774437,
          "Left": 0.5926589369773865,
          "Top": 0.5054861307144165
        },
        "Polygon": [
          {
            "X": 0.5926589369773865,
            "Y": 0.5054861307144165
          },
          {
            "X": 0.6447981595993042,
            "Y": 0.5055364370346069
          },
          {
            "X": 0.6448416709899902,
            "Y": 0.5248675346374512
          },
          {
            "X": 0.5926967263221741,
            "Y": 0.5248172879219055
          }
        ]
      },
      "Id": "2b04b6da-ef92-4960-8b17-9bac4d18e500",
      "Relationships": [
        {
          "Type": "CHILD",
          "Ids": [
            "907613a5-f834-4cf5-bcd4-a04c62518f75"
          ]
        }
      ],
      "Page": 1
    },
    {
      "BlockType": "LINE",
      "Confidence": 99.94134521484375,
      "Text": "No",
      "Geometry": {
        "BoundingBox": {
          "Width": 0.018345482647418976,
          "Height": 0.01879476010799408,
          "Left": 0.7037407755851746,
          "Top": 0.5059656500816345
        },
        "Polygon": [
          {
            "X": 0.7037407755851746,
            "Y": 0.5059656500816345
          },
          {
            "X": 0.7220358848571777,
            "Y": 0.5059833526611328
          },
          {
            "X": 0.7220862507820129,
            "Y": 0.5247604250907898
          },
          {
            "X": 0.7037891745567322,
            "Y": 0.5247427821159363
          }
        ]
      },
      "Id": "a729b0d8-a144-47eb-914b-c0a7be64bf37",
      "Relationships": [
        {
          "Type": "CHILD",
          "Ids": [
            "36364934-acdb-4989-8177-ed34fba37332"
          ]
        }
      ],
      "Page": 1
    },
    {
      "BlockType": "LINE",
      "Confidence": 88.82014465332031,
      "Text": "8%TGIC-DOPO/DGEBA/DDS",
      "Geometry": {
        "BoundingBox": {
          "Width": 0.17369544506072998,
          "Height": 0.023094402626156807,
          "Left": 0.2496301382780075,
          "Top": 0.5351767539978027
        },
        "Polygon": [
          {
            "X": 0.2496301382780075,
            "Y": 0.5351767539978027
          },
          {
            "X": 0.4233025312423706,
            "Y": 0.5353438854217529
          },
          {
            "X": 0.4233255684375763,
            "Y": 0.5582711696624756
          },
          {
            "X": 0.24963083863258362,
            "Y": 0.5581043362617493
          }
        ]
      },
      "Id": "53199d12-5e36-4721-8a9d-4dd0e6a5c9e7",
      "Relationships": [
        {
          "Type": "CHILD",
          "Ids": [
            "d19ff3df-c760-4ea1-9248-2042946fb55b"
          ]
        }
      ],
      "Page": 1
    },
    {
      "BlockType": "LINE",
      "Confidence": 95.8711166381836,
      "Text": "34.3",
      "Geometry": {
        "BoundingBox": {
          "Width": 0.02682551182806492,
          "Height": 0.01840111054480076,
          "Left": 0.489703893661499,
          "Top": 0.5356777906417847
        },
        "Polygon": [
          {
            "X": 0.489703893661499,
            "Y": 0.5356777906417847
          },
          {
            "X": 0.5165013074874878,
            "Y": 0.5357035398483276
          },
          {
            "X": 0.516529381275177,
            "Y": 0.5540788769721985
          },
          {
            "X": 0.4897291958332062,
            "Y": 0.5540531277656555
          }
        ]
      },
      "Id": "f21a1d5f-c29d-413f-9f9a-36e9e4d58446",
      "Relationships": [
        {
          "Type": "CHILD",
          "Ids": [
            "902b774a-2d46-4d49-9e26-ec4b1c644430"
          ]
        }
      ],
      "Page": 1
    },
    {
      "BlockType": "LINE",
      "Confidence": 99.79717254638672,
      "Text": "V-1",
      "Geometry": {
        "BoundingBox": {
          "Width": 0.021935949102044106,
          "Height": 0.018445933237671852,
          "Left": 0.5922192335128784,
          "Top": 0.5356519818305969
        },
        "Polygon": [
          {
            "X": 0.5922192335128784,
            "Y": 0.5356519818305969
          },
          {
            "X": 0.614116907119751,
            "Y": 0.5356730222702026
          },
          {
            "X": 0.6141551733016968,
            "Y": 0.5540978908538818
          },
          {
            "X": 0.592255175113678,
            "Y": 0.5540768504142761
          }
        ]
      },
      "Id": "ca0edbb8-d946-4bac-8348-740c32de323f",
      "Relationships": [
        {
          "Type": "CHILD",
          "Ids": [
            "d942091a-9c56-464d-a5d6-49d5a6cb7db9"
          ]
        }
      ],
      "Page": 1
    },
    {
      "BlockType": "LINE",
      "Confidence": 99.95919036865234,
      "Text": "No",
      "Geometry": {
        "BoundingBox": {
          "Width": 0.018510282039642334,
          "Height": 0.018680104985833168,
          "Left": 0.7036325335502625,
          "Top": 0.5355467796325684
        },
        "Polygon": [
          {
            "X": 0.7036325335502625,
            "Y": 0.5355467796325684
          },
          {
            "X": 0.7220927476882935,
            "Y": 0.5355645418167114
          },
          {
            "X": 0.7221428155899048,
            "Y": 0.5542268753051758
          },
          {
            "X": 0.7036806344985962,
            "Y": 0.5542091131210327
          }
        ]
      },
      "Id": "d85b679c-e207-4ff9-88f6-03476e5cfae2",
      "Relationships": [
        {
          "Type": "CHILD",
          "Ids": [
            "0df89475-7329-4a27-a9db-dd097dee9a50"
          ]
        }
      ],
      "Page": 1
    },
    {
      "BlockType": "LINE",
      "Confidence": 84.56731414794922,
      "Text": "10%TGIC-DOPO/DGEBA/DDS",
      "Geometry": {
        "BoundingBox": {
          "Width": 0.18238882720470428,
          "Height": 0.023954035714268684,
          "Left": 0.2491798847913742,
          "Top": 0.5642926096916199
        },
        "Polygon": [
          {
            "X": 0.2491798847913742,
            "Y": 0.5642926096916199
          },
          {
            "X": 0.4315437078475952,
            "Y": 0.5644676089286804
          },
          {
            "X": 0.4315687119960785,
            "Y": 0.5882466435432434
          },
          {
            "X": 0.24918054044246674,
            "Y": 0.5880719423294067
          }
        ]
      },
      "Id": "a29d738e-707a-4541-8043-7959894890e2",
      "Relationships": [
        {
          "Type": "CHILD",
          "Ids": [
            "cdbd6790-7464-4bbe-a834-28f5103f907c"
          ]
        }
      ],
      "Page": 1
    },
    {
      "BlockType": "LINE",
      "Confidence": 98.41459655761719,
      "Text": "35.2",
      "Geometry": {
        "BoundingBox": {
          "Width": 0.027088351547718048,
          "Height": 0.018530266359448433,
          "Left": 0.4898074269294739,
          "Top": 0.5652564167976379
        },
        "Polygon": [
          {
            "X": 0.4898074269294739,
            "Y": 0.5652564167976379
          },
          {
            "X": 0.516867458820343,
            "Y": 0.56528240442276
          },
          {
            "X": 0.5168957710266113,
            "Y": 0.58378666639328
          },
          {
            "X": 0.48983290791511536,
            "Y": 0.5837607383728027
          }
        ]
      },
      "Id": "7c15adf9-afb5-4c8b-a93a-c46ee1f40087",
      "Relationships": [
        {
          "Type": "CHILD",
          "Ids": [
            "ea3b1dcb-6aa5-4c68-a0c3-a3c4c929ef57"
          ]
        }
      ],
      "Page": 1
    },
    {
      "BlockType": "LINE",
      "Confidence": 99.7782974243164,
      "Text": "V-1",
      "Geometry": {
        "BoundingBox": {
          "Width": 0.022145207971334457,
          "Height": 0.018966849893331528,
          "Left": 0.5921053290367126,
          "Top": 0.5649768114089966
        },
        "Polygon": [
          {
            "X": 0.5921053290367126,
            "Y": 0.5649768114089966
          },
          {
            "X": 0.6142112016677856,
            "Y": 0.5649980306625366
          },
          {
            "X": 0.6142505407333374,
            "Y": 0.5839436650276184
          },
          {
            "X": 0.5921423435211182,
            "Y": 0.5839224457740784
          }
        ]
      },
      "Id": "ceeb2d36-f82f-4a5a-82aa-9ec7385fa402",
      "Relationships": [
        {
          "Type": "CHILD",
          "Ids": [
            "388fe1a1-1627-4cd8-bdc3-862a72541961"
          ]
        }
      ],
      "Page": 1
    },
    {
      "BlockType": "LINE",
      "Confidence": 99.92767333984375,
      "Text": "No",
      "Geometry": {
        "BoundingBox": {
          "Width": 0.018799858167767525,
          "Height": 0.01896769553422928,
          "Left": 0.7034759521484375,
          "Top": 0.5649124979972839
        },
        "Polygon": [
          {
            "X": 0.7034759521484375,
            "Y": 0.5649124979972839
          },
          {
            "X": 0.72222501039505,
            "Y": 0.5649304986000061
          },
          {
            "X": 0.7222758531570435,
            "Y": 0.5838801860809326
          },
          {
            "X": 0.7035248279571533,
            "Y": 0.5838622450828552
          }
        ]
      },
      "Id": "d7f4a8c7-6220-49ed-b4f5-8d719da8e6f4",
      "Relationships": [
        {
          "Type": "CHILD",
          "Ids": [
            "bc8ebc35-4519-40da-b5d0-364d538a2359"
          ]
        }
      ],
      "Page": 1
    },
    {
      "BlockType": "LINE",
      "Confidence": 84.66905975341797,
      "Text": "12%TGIC-DOPO/DGEBA/DDS",
      "Geometry": {
        "BoundingBox": {
          "Width": 0.18161334097385406,
          "Height": 0.023667505010962486,
          "Left": 0.24972467124462128,
          "Top": 0.5930700898170471
        },
        "Polygon": [
          {
            "X": 0.24972467124462128,
            "Y": 0.5930700898170471
          },
          {
            "X": 0.4313133656978607,
            "Y": 0.5932439565658569
          },
          {
            "X": 0.43133801221847534,
            "Y": 0.6167376041412354
          },
          {
            "X": 0.24972538650035858,
            "Y": 0.616564154624939
          }
        ]
      },
      "Id": "1ebe1e3b-81b7-4c41-a312-27e03f331e0b",
      "Relationships": [
        {
          "Type": "CHILD",
          "Ids": [
            "5a484686-9383-4fb7-8b3d-0cf07c75804d"
          ]
        }
      ],
      "Page": 1
    },
    {
      "BlockType": "LINE",
      "Confidence": 96.75357055664062,
      "Text": "33.3",
      "Geometry": {
        "BoundingBox": {
          "Width": 0.02677072398364544,
          "Height": 0.018817445263266563,
          "Left": 0.4898933172225952,
          "Top": 0.5935019254684448
        },
        "Polygon": [
          {
            "X": 0.4898933172225952,
            "Y": 0.5935019254684448
          },
          {
            "X": 0.5166352987289429,
            "Y": 0.5935275554656982
          },
          {
            "X": 0.5166640281677246,
            "Y": 0.6123194098472595
          },
          {
            "X": 0.4899192154407501,
            "Y": 0.6122938394546509
          }
        ]
      },
      "Id": "926c87b5-250e-4613-b353-0bf81bbc0303",
      "Relationships": [
        {
          "Type": "CHILD",
          "Ids": [
            "44f22d45-bc26-4e32-9c9f-7822c532bed9"
          ]
        }
      ],
      "Page": 1
    },
    {
      "BlockType": "LINE",
      "Confidence": 99.3178939819336,
      "Text": "V-0",
      "Geometry": {
        "BoundingBox": {
          "Width": 0.02388017438352108,
          "Height": 0.01868535205721855,
          "Left": 0.5920933485031128,
          "Top": 0.593455970287323
        },
        "Polygon": [
          {
            "X": 0.5920933485031128,
            "Y": 0.593455970287323
          },
          {
            "X": 0.6159345507621765,
            "Y": 0.593478798866272
          },
          {
            "X": 0.6159735321998596,
            "Y": 0.6121413111686707
          },
          {
            "X": 0.5921297669410706,
            "Y": 0.6121185421943665
          }
        ]
      },
      "Id": "01925271-ee1f-4c7a-8f27-a346cae7909e",
      "Relationships": [
        {
          "Type": "CHILD",
          "Ids": [
            "614de999-eaa1-4f8e-8d52-972404923252"
          ]
        }
      ],
      "Page": 1
    },
    {
      "BlockType": "LINE",
      "Confidence": 99.9367446899414,
      "Text": "No",
      "Geometry": {
        "BoundingBox": {
          "Width": 0.018130861222743988,
          "Height": 0.01893537864089012,
          "Left": 0.7038246989250183,
          "Top": 0.5933679342269897
        },
        "Polygon": [
          {
            "X": 0.7038246989250183,
            "Y": 0.5933679342269897
          },
          {
            "X": 0.7219048738479614,
            "Y": 0.5933852195739746
          },
          {
            "X": 0.7219555377960205,
            "Y": 0.6123033165931702
          },
          {
            "X": 0.7038734555244446,
            "Y": 0.6122860312461853
          }
        ]
      },
      "Id": "7fe9f4df-c5ed-4f3c-b9bb-c3441efdfe41",
      "Relationships": [
        {
          "Type": "CHILD",
          "Ids": [
            "99b4f61a-ed2c-4116-aafa-dff597b37ebe"
          ]
        }
      ],
      "Page": 1
    },
    {
      "BlockType": "WORD",
      "Confidence": 99.97224426269531,
      "Text": "Samples",
      "TextType": "PRINTED",
      "Geometry": {
        "BoundingBox": {
          "Width": 0.05416041985154152,
          "Height": 0.02387341298162937,
          "Left": 0.24883632361888885,
          "Top": 0.3857095241546631
        },
        "Polygon": [
          {
            "X": 0.24883632361888885,
            "Y": 0.3857095241546631
          },
          {
            "X": 0.3029888868331909,
            "Y": 0.3857623338699341
          },
          {
            "X": 0.30299675464630127,
            "Y": 0.4095829427242279
          },
          {
            "X": 0.248836949467659,
            "Y": 0.4095302224159241
          }
        ]
      },
      "Id": "41fca724-1e6c-44b3-a13a-dc625be26123",
      "Page": 1
    },
    {
      "BlockType": "WORD",
      "Confidence": 99.69691467285156,
      "Text": "LOI",
      "TextType": "PRINTED",
      "Geometry": {
        "BoundingBox": {
          "Width": 0.02037440985441208,
          "Height": 0.018930628895759583,
          "Left": 0.49039825797080994,
          "Top": 0.38632580637931824
        },
        "Polygon": [
          {
            "X": 0.49039825797080994,
            "Y": 0.38632580637931824
          },
          {
            "X": 0.5107443332672119,
            "Y": 0.38634565472602844
          },
          {
            "X": 0.5107726454734802,
            "Y": 0.405256450176239
          },
          {
            "X": 0.49042439460754395,
            "Y": 0.4052366316318512
          }
        ]
      },
      "Id": "1776c1bd-50b2-4585-adcf-c1001b68aef6",
      "Page": 1
    },
    {
      "BlockType": "WORD",
      "Confidence": 99.96192169189453,
      "Text": "(%)",
      "TextType": "PRINTED",
      "Geometry": {
        "BoundingBox": {
          "Width": 0.019314873963594437,
          "Height": 0.023330574855208397,
          "Left": 0.5149624347686768,
          "Top": 0.3856273293495178
        },
        "Polygon": [
          {
            "X": 0.5149624347686768,
            "Y": 0.3856273293495178
          },
          {
            "X": 0.5342392921447754,
            "Y": 0.38564613461494446
          },
          {
            "X": 0.5342773199081421,
            "Y": 0.40895789861679077
          },
          {
            "X": 0.5149978995323181,
            "Y": 0.4089391231536865
          }
        ]
      },
      "Id": "3e58ce4a-c845-4abc-9dbd-ab282416f924",
      "Page": 1
    },
    {
      "BlockType": "WORD",
      "Confidence": 99.93878936767578,
      "Text": "UL94",
      "TextType": "PRINTED",
      "Geometry": {
        "BoundingBox": {
          "Width": 0.033174242824316025,
          "Height": 0.01811806857585907,
          "Left": 0.5927433967590332,
          "Top": 0.3866148591041565
        },
        "Polygon": [
          {
            "X": 0.5927433967590332,
            "Y": 0.3866148591041565
          },
          {
            "X": 0.6258788704872131,
            "Y": 0.38664719462394714
          },
          {
            "X": 0.6259176731109619,
            "Y": 0.40473294258117676
          },
          {
            "X": 0.5927788019180298,
            "Y": 0.4047006666660309
          }
        ]
      },
      "Id": "814ec7b3-c657-4d6c-b9c9-5912bf67c57b",
      "Page": 1
    },
    {
      "BlockType": "WORD",
      "Confidence": 99.9747314453125,
      "Text": "Rating",
      "TextType": "PRINTED",
      "Geometry": {
        "BoundingBox": {
          "Width": 0.041658636182546616,
          "Height": 0.023272544145584106,
          "Left": 0.5928226709365845,
          "Top": 0.4314156174659729
        },
        "Polygon": [
          {
            "X": 0.5928226709365845,
            "Y": 0.4314156174659729
          },
          {
            "X": 0.6344304084777832,
            "Y": 0.4314560294151306
          },
          {
            "X": 0.6344813108444214,
            "Y": 0.454688161611557
          },
          {
            "X": 0.5928681492805481,
            "Y": 0.45464783906936646
          }
        ]
      },
      "Id": "986fedbf-7647-4bb9-9aae-a5401a0ecf5f",
      "Page": 1
    },
    {
      "BlockType": "WORD",
      "Confidence": 99.88911437988281,
      "Text": "Dripping",
      "TextType": "PRINTED",
      "Geometry": {
        "BoundingBox": {
          "Width": 0.057629648596048355,
          "Height": 0.024188507348299026,
          "Left": 0.7035775184631348,
          "Top": 0.4313284158706665
        },
        "Polygon": [
          {
            "X": 0.7035775184631348,
            "Y": 0.4313284158706665
          },
          {
            "X": 0.761137068271637,
            "Y": 0.4313843250274658
          },
          {
            "X": 0.7612071633338928,
            "Y": 0.45551690459251404
          },
          {
            "X": 0.7036397457122803,
            "Y": 0.4554611146450043
          }
        ]
      },
      "Id": "3530dc83-e082-4388-a08b-54044b46007d",
      "Page": 1
    },
    {
      "BlockType": "WORD",
      "Confidence": 98.84819793701172,
      "Text": "DGEBA/DDS",
      "TextType": "PRINTED",
      "Geometry": {
        "BoundingBox": {
          "Width": 0.07798735797405243,
          "Height": 0.022712484002113342,
          "Left": 0.2491564154624939,
          "Top": 0.4758806526660919
        },
        "Polygon": [
          {
            "X": 0.2491564154624939,
            "Y": 0.4758806526660919
          },
          {
            "X": 0.3271332383155823,
            "Y": 0.4759560823440552
          },
          {
            "X": 0.3271437883377075,
            "Y": 0.49859315156936646
          },
          {
            "X": 0.24915704131126404,
            "Y": 0.49851784110069275
          }
        ]
      },
      "Id": "eb290d40-fe1c-4818-acad-300529de7ff0",
      "Page": 1
    },
    {
      "BlockType": "WORD",
      "Confidence": 74.50088500976562,
      "Text": "22.5",
      "TextType": "PRINTED",
      "Geometry": {
        "BoundingBox": {
          "Width": 0.027014778926968575,
          "Height": 0.018243052065372467,
          "Left": 0.48959389328956604,
          "Top": 0.47678565979003906
        },
        "Polygon": [
          {
            "X": 0.48959389328956604,
            "Y": 0.47678565979003906
          },
          {
            "X": 0.5165808200836182,
            "Y": 0.4768117666244507
          },
          {
            "X": 0.5166086554527283,
            "Y": 0.49502870440483093
          },
          {
            "X": 0.4896189868450165,
            "Y": 0.4950026273727417
          }
        ]
      },
      "Id": "31e6f836-8458-4c35-8c6d-b346b05dbc0f",
      "Page": 1
    },
    {
      "BlockType": "WORD",
      "Confidence": 99.89646911621094,
      "Text": "Unrated",
      "TextType": "PRINTED",
      "Geometry": {
        "BoundingBox": {
          "Width": 0.05201490968465805,
          "Height": 0.01942412555217743,
          "Left": 0.5927044749259949,
          "Top": 0.47581860423088074
        },
        "Polygon": [
          {
            "X": 0.5927044749259949,
            "Y": 0.47581860423088074
          },
          {
            "X": 0.6446757912635803,
            "Y": 0.4758688807487488
          },
          {
            "X": 0.6447193622589111,
            "Y": 0.495242714881897
          },
          {
            "X": 0.592742383480072,
            "Y": 0.4951925277709961
          }
        ]
      },
      "Id": "0092a42a-f881-4786-8de6-256b0b40a62a",
      "Page": 1
    },
    {
      "BlockType": "WORD",
      "Confidence": 99.98494720458984,
      "Text": "Yes",
      "TextType": "PRINTED",
      "Geometry": {
        "BoundingBox": {
          "Width": 0.02282325178384781,
          "Height": 0.019268354400992393,
          "Left": 0.7032284736633301,
          "Top": 0.47627413272857666
        },
        "Polygon": [
          {
            "X": 0.7032284736633301,
            "Y": 0.47627413272857666
          },
          {
            "X": 0.725999653339386,
            "Y": 0.47629615664482117
          },
          {
            "X": 0.7260517477989197,
            "Y": 0.4955424964427948
          },
          {
            "X": 0.7032780647277832,
            "Y": 0.4955205023288727
          }
        ]
      },
      "Id": "f32e30a0-9c45-4ae7-809c-15d372d87e57",
      "Page": 1
    },
    {
      "BlockType": "WORD",
      "Confidence": 90.43403625488281,
      "Text": "6%TGIC-DOPO/DGEBA/DDS",
      "TextType": "PRINTED",
      "Geometry": {
        "BoundingBox": {
          "Width": 0.17415250837802887,
          "Height": 0.023185310885310173,
          "Left": 0.24918189644813538,
          "Top": 0.5054767727851868
        },
        "Polygon": [
          {
            "X": 0.24918189644813538,
            "Y": 0.5054767727851868
          },
          {
            "X": 0.4233112633228302,
            "Y": 0.5056447386741638
          },
          {
            "X": 0.42333438992500305,
            "Y": 0.5286620855331421
          },
          {
            "X": 0.24918252229690552,
            "Y": 0.5284944176673889
          }
        ]
      },
      "Id": "a1d8bb5e-3825-41a4-b62f-d68ef7d14327",
      "Page": 1
    },
    {
      "BlockType": "WORD",
      "Confidence": 62.64225387573242,
      "Text": "33.3",
      "TextType": "PRINTED",
      "Geometry": {
        "BoundingBox": {
          "Width": 0.026613285765051842,
          "Height": 0.0181864146143198,
          "Left": 0.4898200035095215,
          "Top": 0.5062928199768066
        },
        "Polygon": [
          {
            "X": 0.4898200035095215,
            "Y": 0.5062928199768066
          },
          {
            "X": 0.5164055228233337,
            "Y": 0.5063184499740601
          },
          {
            "X": 0.5164332985877991,
            "Y": 0.5244792103767395
          },
          {
            "X": 0.48984503746032715,
            "Y": 0.5244535803794861
          }
        ]
      },
      "Id": "f03431a5-cb77-49b3-ba60-9b113aac8d46",
      "Page": 1
    },
    {
      "BlockType": "WORD",
      "Confidence": 99.88304901123047,
      "Text": "Unrated",
      "TextType": "PRINTED",
      "Geometry": {
        "BoundingBox": {
          "Width": 0.052182722836732864,
          "Height": 0.01938140019774437,
          "Left": 0.5926589369773865,
          "Top": 0.5054861307144165
        },
        "Polygon": [
          {
            "X": 0.5926589369773865,
            "Y": 0.5054861307144165
          },
          {
            "X": 0.6447981595993042,
            "Y": 0.5055364370346069
          },
          {
            "X": 0.6448416709899902,
            "Y": 0.5248675346374512
          },
          {
            "X": 0.5926967263221741,
            "Y": 0.5248172879219055
          }
        ]
      },
      "Id": "907613a5-f834-4cf5-bcd4-a04c62518f75",
      "Page": 1
    },
    {
      "BlockType": "WORD",
      "Confidence": 99.94134521484375,
      "Text": "No",
      "TextType": "PRINTED",
      "Geometry": {
        "BoundingBox": {
          "Width": 0.018345482647418976,
          "Height": 0.01879476010799408,
          "Left": 0.7037407755851746,
          "Top": 0.5059656500816345
        },
        "Polygon": [
          {
            "X": 0.7037407755851746,
            "Y": 0.5059656500816345
          },
          {
            "X": 0.7220358848571777,
            "Y": 0.5059833526611328
          },
          {
            "X": 0.7220862507820129,
            "Y": 0.5247604250907898
          },
          {
            "X": 0.7037891745567322,
            "Y": 0.5247427821159363
          }
        ]
      },
      "Id": "36364934-acdb-4989-8177-ed34fba37332",
      "Page": 1
    },
    {
      "BlockType": "WORD",
      "Confidence": 88.82014465332031,
      "Text": "8%TGIC-DOPO/DGEBA/DDS",
      "TextType": "PRINTED",
      "Geometry": {
        "BoundingBox": {
          "Width": 0.17369544506072998,
          "Height": 0.023094402626156807,
          "Left": 0.2496301382780075,
          "Top": 0.5351767539978027
        },
        "Polygon": [
          {
            "X": 0.2496301382780075,
            "Y": 0.5351767539978027
          },
          {
            "X": 0.4233025312423706,
            "Y": 0.5353438854217529
          },
          {
            "X": 0.4233255684375763,
            "Y": 0.5582711696624756
          },
          {
            "X": 0.24963083863258362,
            "Y": 0.5581043362617493
          }
        ]
      },
      "Id": "d19ff3df-c760-4ea1-9248-2042946fb55b",
      "Page": 1
    },
    {
      "BlockType": "WORD",
      "Confidence": 95.8711166381836,
      "Text": "34.3",
      "TextType": "PRINTED",
      "Geometry": {
        "BoundingBox": {
          "Width": 0.02682551182806492,
          "Height": 0.01840111054480076,
          "Left": 0.489703893661499,
          "Top": 0.5356777906417847
        },
        "Polygon": [
          {
            "X": 0.489703893661499,
            "Y": 0.5356777906417847
          },
          {
            "X": 0.5165013074874878,
            "Y": 0.5357035398483276
          },
          {
            "X": 0.516529381275177,
            "Y": 0.5540788769721985
          },
          {
            "X": 0.4897291958332062,
            "Y": 0.5540531277656555
          }
        ]
      },
      "Id": "902b774a-2d46-4d49-9e26-ec4b1c644430",
      "Page": 1
    },
    {
      "BlockType": "WORD",
      "Confidence": 99.79717254638672,
      "Text": "V-1",
      "TextType": "PRINTED",
      "Geometry": {
        "BoundingBox": {
          "Width": 0.021935949102044106,
          "Height": 0.018445933237671852,
          "Left": 0.5922192335128784,
          "Top": 0.5356519818305969
        },
        "Polygon": [
          {
            "X": 0.5922192335128784,
            "Y": 0.5356519818305969
          },
          {
            "X": 0.614116907119751,
            "Y": 0.5356730222702026
          },
          {
            "X": 0.6141551733016968,
            "Y": 0.5540978908538818
          },
          {
            "X": 0.592255175113678,
            "Y": 0.5540768504142761
          }
        ]
      },
      "Id": "d942091a-9c56-464d-a5d6-49d5a6cb7db9",
      "Page": 1
    },
    {
      "BlockType": "WORD",
      "Confidence": 99.95919036865234,
      "Text": "No",
      "TextType": "PRINTED",
      "Geometry": {
        "BoundingBox": {
          "Width": 0.018510282039642334,
          "Height": 0.018680104985833168,
          "Left": 0.7036325335502625,
          "Top": 0.5355467796325684
        },
        "Polygon": [
          {
            "X": 0.7036325335502625,
            "Y": 0.5355467796325684
          },
          {
            "X": 0.7220927476882935,
            "Y": 0.5355645418167114
          },
          {
            "X": 0.7221428155899048,
            "Y": 0.5542268753051758
          },
          {
            "X": 0.7036806344985962,
            "Y": 0.5542091131210327
          }
        ]
      },
      "Id": "0df89475-7329-4a27-a9db-dd097dee9a50",
      "Page": 1
    },
    {
      "BlockType": "WORD",
      "Confidence": 84.56731414794922,
      "Text": "10%TGIC-DOPO/DGEBA/DDS",
      "TextType": "PRINTED",
      "Geometry": {
        "BoundingBox": {
          "Width": 0.18238882720470428,
          "Height": 0.023954035714268684,
          "Left": 0.2491798847913742,
          "Top": 0.5642926096916199
        },
        "Polygon": [
          {
            "X": 0.2491798847913742,
            "Y": 0.5642926096916199
          },
          {
            "X": 0.4315437078475952,
            "Y": 0.5644676089286804
          },
          {
            "X": 0.4315687119960785,
            "Y": 0.5882466435432434
          },
          {
            "X": 0.24918054044246674,
            "Y": 0.5880719423294067
          }
        ]
      },
      "Id": "cdbd6790-7464-4bbe-a834-28f5103f907c",
      "Page": 1
    },
    {
      "BlockType": "WORD",
      "Confidence": 98.41459655761719,
      "Text": "35.2",
      "TextType": "PRINTED",
      "Geometry": {
        "BoundingBox": {
          "Width": 0.027088351547718048,
          "Height": 0.018530266359448433,
          "Left": 0.4898074269294739,
          "Top": 0.5652564167976379
        },
        "Polygon": [
          {
            "X": 0.4898074269294739,
            "Y": 0.5652564167976379
          },
          {
            "X": 0.516867458820343,
            "Y": 0.56528240442276
          },
          {
            "X": 0.5168957710266113,
            "Y": 0.58378666639328
          },
          {
            "X": 0.48983290791511536,
            "Y": 0.5837607383728027
          }
        ]
      },
      "Id": "ea3b1dcb-6aa5-4c68-a0c3-a3c4c929ef57",
      "Page": 1
    },
    {
      "BlockType": "WORD",
      "Confidence": 99.7782974243164,
      "Text": "V-1",
      "TextType": "PRINTED",
      "Geometry": {
        "BoundingBox": {
          "Width": 0.022145207971334457,
          "Height": 0.018966849893331528,
          "Left": 0.5921053290367126,
          "Top": 0.5649768114089966
        },
        "Polygon": [
          {
            "X": 0.5921053290367126,
            "Y": 0.5649768114089966
          },
          {
            "X": 0.6142112016677856,
            "Y": 0.5649980306625366
          },
          {
            "X": 0.6142505407333374,
            "Y": 0.5839436650276184
          },
          {
            "X": 0.5921423435211182,
            "Y": 0.5839224457740784
          }
        ]
      },
      "Id": "388fe1a1-1627-4cd8-bdc3-862a72541961",
      "Page": 1
    },
    {
      "BlockType": "WORD",
      "Confidence": 99.92767333984375,
      "Text": "No",
      "TextType": "PRINTED",
      "Geometry": {
        "BoundingBox": {
          "Width": 0.018799858167767525,
          "Height": 0.01896769553422928,
          "Left": 0.7034759521484375,
          "Top": 0.5649124979972839
        },
        "Polygon": [
          {
            "X": 0.7034759521484375,
            "Y": 0.5649124979972839
          },
          {
            "X": 0.72222501039505,
            "Y": 0.5649304986000061
          },
          {
            "X": 0.7222758531570435,
            "Y": 0.5838801860809326
          },
          {
            "X": 0.7035248279571533,
            "Y": 0.5838622450828552
          }
        ]
      },
      "Id": "bc8ebc35-4519-40da-b5d0-364d538a2359",
      "Page": 1
    },
    {
      "BlockType": "WORD",
      "Confidence": 84.66905975341797,
      "Text": "12%TGIC-DOPO/DGEBA/DDS",
      "TextType": "PRINTED",
      "Geometry": {
        "BoundingBox": {
          "Width": 0.18161334097385406,
          "Height": 0.023667505010962486,
          "Left": 0.24972467124462128,
          "Top": 0.5930700898170471
        },
        "Polygon": [
          {
            "X": 0.24972467124462128,
            "Y": 0.5930700898170471
          },
          {
            "X": 0.4313133656978607,
            "Y": 0.5932439565658569
          },
          {
            "X": 0.43133801221847534,
            "Y": 0.6167376041412354
          },
          {
            "X": 0.24972538650035858,
            "Y": 0.616564154624939
          }
        ]
      },
      "Id": "5a484686-9383-4fb7-8b3d-0cf07c75804d",
      "Page": 1
    },
    {
      "BlockType": "WORD",
      "Confidence": 96.75357055664062,
      "Text": "33.3",
      "TextType": "PRINTED",
      "Geometry": {
        "BoundingBox": {
          "Width": 0.02677072398364544,
          "Height": 0.018817445263266563,
          "Left": 0.4898933172225952,
          "Top": 0.5935019254684448
        },
        "Polygon": [
          {
            "X": 0.4898933172225952,
            "Y": 0.5935019254684448
          },
          {
            "X": 0.5166352987289429,
            "Y": 0.5935275554656982
          },
          {
            "X": 0.5166640281677246,
            "Y": 0.6123194098472595
          },
          {
            "X": 0.4899192154407501,
            "Y": 0.6122938394546509
          }
        ]
      },
      "Id": "44f22d45-bc26-4e32-9c9f-7822c532bed9",
      "Page": 1
    },
    {
      "BlockType": "WORD",
      "Confidence": 99.3178939819336,
      "Text": "V-0",
      "TextType": "PRINTED",
      "Geometry": {
        "BoundingBox": {
          "Width": 0.02388017438352108,
          "Height": 0.01868535205721855,
          "Left": 0.5920933485031128,
          "Top": 0.593455970287323
        },
        "Polygon": [
          {
            "X": 0.5920933485031128,
            "Y": 0.593455970287323
          },
          {
            "X": 0.6159345507621765,
            "Y": 0.593478798866272
          },
          {
            "X": 0.6159735321998596,
            "Y": 0.6121413111686707
          },
          {
            "X": 0.5921297669410706,
            "Y": 0.6121185421943665
          }
        ]
      },
      "Id": "614de999-eaa1-4f8e-8d52-972404923252",
      "Page": 1
    },
    {
      "BlockType": "WORD",
      "Confidence": 99.9367446899414,
      "Text": "No",
      "TextType": "PRINTED",
      "Geometry": {
        "BoundingBox": {
          "Width": 0.018130861222743988,
          "Height": 0.01893537864089012,
          "Left": 0.7038246989250183,
          "Top": 0.5933679342269897
        },
        "Polygon": [
          {
            "X": 0.7038246989250183,
            "Y": 0.5933679342269897
          },
          {
            "X": 0.7219048738479614,
            "Y": 0.5933852195739746
          },
          {
            "X": 0.7219555377960205,
            "Y": 0.6123033165931702
          },
          {
            "X": 0.7038734555244446,
            "Y": 0.6122860312461853
          }
        ]
      },
      "Id": "99b4f61a-ed2c-4116-aafa-dff597b37ebe",
      "Page": 1
    },
    {
      "BlockType": "TABLE",
      "Confidence": 99.8046875,
      "Geometry": {
        "BoundingBox": {
          "Width": 0.5355976819992065,
          "Height": 0.25552836060523987,
          "Left": 0.23289801180362701,
          "Top": 0.37013915181159973
        },
        "Polygon": [
          {
            "X": 0.2329142689704895,
            "Y": 0.37013915181159973
          },
          {
            "X": 0.7677456140518188,
            "Y": 0.3706614673137665
          },
          {
            "X": 0.7684956789016724,
            "Y": 0.6256675124168396
          },
          {
            "X": 0.23289801180362701,
            "Y": 0.6251563429832458
          }
        ]
      },
      "Id": "9819bb64-bcf7-4949-bb19-0c7f3512f86c",
      "Relationships": [
        {
          "Type": "CHILD",
          "Ids": [
            "7188cc7b-bf9c-4521-ba4d-f55ea3c080f3",
            "8cfb9d7e-5013-4a16-8db3-b112b6561857",
            "3af616ff-ecb8-4956-9e77-e9294f17c710",
            "5fa2532b-7965-4566-a782-13f79df6e445",
            "ffdb5565-4a2e-42c1-8ad0-b603f15a2faf",
            "38efd0ae-dd40-4747-810d-705ff0c17074",
            "33725ba7-4661-4692-b9d1-3e16f93a4f36",
            "396ae403-b657-46da-b67b-5e2eccbb0459",
            "90d50091-9497-45e9-aee7-d9156b05304d",
            "c421db24-83a0-4adf-933a-725876affe6c",
            "3a24f88b-fe9a-4353-8ed0-2c60af3bfac0",
            "81486174-bbe9-4c42-a845-4c794be516ae",
            "b5bcbd58-4feb-43a5-ba24-3ef790e7b812",
            "36927fdb-8b1a-4e9e-b7a1-78ce9de516c3",
            "d19e6864-54d5-4817-a6aa-8f79ab38dbed",
            "9d7fcad5-4d15-47da-b2a1-635a00dcd1ab",
            "698fa325-179f-4752-b705-f3e71d968151",
            "98b275f7-d0b8-42f9-b825-d21b4170afae",
            "6bf45f59-7ef6-4f4f-9bcb-270bc9420c0c",
            "85771c2f-7685-4bff-b181-f7196a59ca65",
            "c7af0f1b-9b33-4690-a458-33552ea8fdb0",
            "020e30ca-27cc-4b63-bf4d-a35b2d5cbecc",
            "257fd2fd-f254-4bec-8ad7-fea73e5262b6",
            "e1c129c5-001e-4a06-b911-36452c80ad02",
            "0adbb478-0da3-4615-8dea-7979b0e2c285",
            "9431e96e-29cc-4240-8c4b-7e7bebce013a",
            "53e7d344-c25c-43ca-9ba8-f3ec5fbe5999",
            "678cd8a0-073d-4296-a23b-e56cf376cb92"
          ]
        },
        {
          "Type": "MERGED_CELL",
          "Ids": [
            "c05db444-30a3-498f-8a2a-2a2fb7950561",
            "65b727f5-1296-4536-9802-99c476889647",
            "a10f1736-3985-4dd2-bc6c-13b43abf9fcf"
          ]
        }
      ],
      "EntityTypes": [
        "STRUCTURED_TABLE"
      ],
      "Page": 1
    },
    {
      "BlockType": "CELL",
      "Confidence": 60.498046875,
      "RowIndex": 1,
      "ColumnIndex": 1,
      "RowSpan": 1,
      "ColumnSpan": 1,
      "Geometry": {
        "BoundingBox": {
          "Width": 0.22751283645629883,
          "Height": 0.048627935349941254,
          "Left": 0.2329450398683548,
          "Top": 0.3700673282146454
        },
        "Polygon": [
          {
            "X": 0.23294812440872192,
            "Y": 0.3700673282146454
          },
          {
            "X": 0.4603990912437439,
            "Y": 0.3702894449234009
          },
          {
            "X": 0.4604578912258148,
            "Y": 0.41869527101516724
          },
          {
            "X": 0.2329450398683548,
            "Y": 0.418474018573761
          }
        ]
      },
      "Id": "7188cc7b-bf9c-4521-ba4d-f55ea3c080f3",
      "Relationships": [
        {
          "Type": "CHILD",
          "Ids": [
            "41fca724-1e6c-44b3-a13a-dc625be26123"
          ]
        }
      ],
      "EntityTypes": [
        "COLUMN_HEADER"
      ],
      "Page": 1
    },
    {
      "BlockType": "CELL",
      "Confidence": 58.7890625,
      "RowIndex": 1,
      "ColumnIndex": 2,
      "RowSpan": 1,
      "ColumnSpan": 1,
      "Geometry": {
        "BoundingBox": {
          "Width": 0.10725662857294083,
          "Height": 0.04851004481315613,
          "Left": 0.4603990912437439,
          "Top": 0.3702894449234009
        },
        "Polygon": [
          {
            "X": 0.4603990912437439,
            "Y": 0.3702894449234009
          },
          {
            "X": 0.567567765712738,
            "Y": 0.37039411067962646
          },
          {
            "X": 0.5676557421684265,
            "Y": 0.418799489736557
          },
          {
            "X": 0.4604578912258148,
            "Y": 0.41869527101516724
          }
        ]
      },
      "Id": "8cfb9d7e-5013-4a16-8db3-b112b6561857",
      "Relationships": [
        {
          "Type": "CHILD",
          "Ids": [
            "1776c1bd-50b2-4585-adcf-c1001b68aef6",
            "3e58ce4a-c845-4abc-9dbd-ab282416f924"
          ]
        }
      ],
      "EntityTypes": [
        "COLUMN_HEADER"
      ],
      "Page": 1
    },
    {
      "BlockType": "CELL",
      "Confidence": 90.576171875,
      "RowIndex": 1,
      "ColumnIndex": 3,
      "RowSpan": 1,
      "ColumnSpan": 1,
      "Geometry": {
        "BoundingBox": {
          "Width": 0.10651259124279022,
          "Height": 0.04850887134671211,
          "Left": 0.567567765712738,
          "Top": 0.37039411067962646
        },
        "Polygon": [
          {
            "X": 0.567567765712738,
            "Y": 0.37039411067962646
          },
          {
            "X": 0.6739634871482849,
            "Y": 0.37049803137779236
          },
          {
            "X": 0.6740803718566895,
            "Y": 0.4189029932022095
          },
          {
            "X": 0.5676557421684265,
            "Y": 0.418799489736557
          }
        ]
      },
      "Id": "3af616ff-ecb8-4956-9e77-e9294f17c710",
      "Relationships": [
        {
          "Type": "CHILD",
          "Ids": [
            "814ec7b3-c657-4d6c-b9c9-5912bf67c57b"
          ]
        }
      ],
      "EntityTypes": [
        "COLUMN_HEADER"
      ],
      "Page": 1
    },
    {
      "BlockType": "CELL",
      "Confidence": 90.576171875,
      "RowIndex": 1,
      "ColumnIndex": 4,
      "RowSpan": 1,
      "ColumnSpan": 1,
      "Geometry": {
        "BoundingBox": {
          "Width": 0.09420079737901688,
          "Height": 0.04849645122885704,
          "Left": 0.6739634871482849,
          "Top": 0.37049803137779236
        },
        "Polygon": [
          {
            "X": 0.6739634871482849,
            "Y": 0.37049803137779236
          },
          {
            "X": 0.7680218815803528,
            "Y": 0.37058988213539124
          },
          {
            "X": 0.768164336681366,
            "Y": 0.4189944565296173
          },
          {
            "X": 0.6740803718566895,
            "Y": 0.4189029932022095
          }
        ]
      },
      "Id": "5fa2532b-7965-4566-a782-13f79df6e445",
      "EntityTypes": [
        "COLUMN_HEADER"
      ],
      "Page": 1
    },
    {
      "BlockType": "CELL",
      "Confidence": 60.498046875,
      "RowIndex": 2,
      "ColumnIndex": 1,
      "RowSpan": 1,
      "ColumnSpan": 1,
      "Geometry": {
        "BoundingBox": {
          "Width": 0.22757156193256378,
          "Height": 0.046169035136699677,
          "Left": 0.2329421192407608,
          "Top": 0.418474018573761
        },
        "Polygon": [
          {
            "X": 0.2329450398683548,
            "Y": 0.418474018573761
          },
          {
            "X": 0.4604578912258148,
            "Y": 0.41869527101516724
          },
          {
            "X": 0.4605136811733246,
            "Y": 0.46464306116104126
          },
          {
            "X": 0.2329421192407608,
            "Y": 0.46442267298698425
          }
        ]
      },
      "Id": "ffdb5565-4a2e-42c1-8ad0-b603f15a2faf",
      "EntityTypes": [
        "COLUMN_HEADER"
      ],
      "Page": 1
    },
    {
      "BlockType": "CELL",
      "Confidence": 58.7890625,
      "RowIndex": 2,
      "ColumnIndex": 2,
      "RowSpan": 1,
      "ColumnSpan": 1,
      "Geometry": {
        "BoundingBox": {
          "Width": 0.10728131234645844,
          "Height": 0.046051643788814545,
          "Left": 0.4604578912258148,
          "Top": 0.41869527101516724
        },
        "Polygon": [
          {
            "X": 0.4604578912258148,
            "Y": 0.41869527101516724
          },
          {
            "X": 0.5676557421684265,
            "Y": 0.418799489736557
          },
          {
            "X": 0.5677391886711121,
            "Y": 0.46474689245224
          },
          {
            "X": 0.4605136811733246,
            "Y": 0.46464306116104126
          }
        ]
      },
      "Id": "38efd0ae-dd40-4747-810d-705ff0c17074",
      "EntityTypes": [
        "COLUMN_HEADER"
      ],
      "Page": 1
    },
    {
      "BlockType": "CELL",
      "Confidence": 87.060546875,
      "RowIndex": 2,
      "ColumnIndex": 3,
      "RowSpan": 1,
      "ColumnSpan": 1,
      "Geometry": {
        "BoundingBox": {
          "Width": 0.10653559118509293,
          "Height": 0.04605049267411232,
          "Left": 0.5676557421684265,
          "Top": 0.418799489736557
        },
        "Polygon": [
          {
            "X": 0.5676557421684265,
            "Y": 0.418799489736557
          },
          {
            "X": 0.6740803718566895,
            "Y": 0.4189029932022095
          },
          {
            "X": 0.6741912961006165,
            "Y": 0.46484997868537903
          },
          {
            "X": 0.5677391886711121,
            "Y": 0.46474689245224
          }
        ]
      },
      "Id": "33725ba7-4661-4692-b9d1-3e16f93a4f36",
      "Relationships": [
        {
          "Type": "CHILD",
          "Ids": [
            "986fedbf-7647-4bb9-9aae-a5401a0ecf5f"
          ]
        }
      ],
      "EntityTypes": [
        "COLUMN_HEADER"
      ],
      "Page": 1
    },
    {
      "BlockType": "CELL",
      "Confidence": 81.25,
      "RowIndex": 2,
      "ColumnIndex": 4,
      "RowSpan": 1,
      "ColumnSpan": 1,
      "Geometry": {
        "BoundingBox": {
          "Width": 0.0939425453543663,
          "Height": 0.04603787139058113,
          "Left": 0.6740803718566895,
          "Top": 0.4189029932022095
        },
        "Polygon": [
          {
            "X": 0.6740803718566895,
            "Y": 0.4189029932022095
          },
          {
            "X": 0.7678877711296082,
            "Y": 0.4189941883087158
          },
          {
            "X": 0.7680229544639587,
            "Y": 0.4649408459663391
          },
          {
            "X": 0.6741912961006165,
            "Y": 0.46484997868537903
          }
        ]
      },
      "Id": "396ae403-b657-46da-b67b-5e2eccbb0459",
      "Relationships": [
        {
          "Type": "CHILD",
          "Ids": [
            "3530dc83-e082-4388-a08b-54044b46007d"
          ]
        }
      ],
      "EntityTypes": [
        "COLUMN_HEADER"
      ],
      "Page": 1
    },
    {
      "BlockType": "CELL",
      "Confidence": 89.35546875,
      "RowIndex": 3,
      "ColumnIndex": 1,
      "RowSpan": 1,
      "ColumnSpan": 1,
      "Geometry": {
        "BoundingBox": {
          "Width": 0.2276514619588852,
          "Height": 0.03625014051795006,
          "Left": 0.23290596902370453,
          "Top": 0.46442264318466187
        },
        "Polygon": [
          {
            "X": 0.23290826380252838,
            "Y": 0.46442264318466187
          },
          {
            "X": 0.4605136811733246,
            "Y": 0.46464306116104126
          },
          {
            "X": 0.4605574309825897,
            "Y": 0.5006728172302246
          },
          {
            "X": 0.23290596902370453,
            "Y": 0.5004530549049377
          }
        ]
      },
      "Id": "90d50091-9497-45e9-aee7-d9156b05304d",
      "Relationships": [
        {
          "Type": "CHILD",
          "Ids": [
            "eb290d40-fe1c-4818-acad-300529de7ff0"
          ]
        }
      ],
      "Page": 1
    },
    {
      "BlockType": "CELL",
      "Confidence": 84.521484375,
      "RowIndex": 3,
      "ColumnIndex": 2,
      "RowSpan": 1,
      "ColumnSpan": 1,
      "Geometry": {
        "BoundingBox": {
          "Width": 0.10729096084833145,
          "Height": 0.03613325208425522,
          "Left": 0.4605136811733246,
          "Top": 0.46464306116104126
        },
        "Polygon": [
          {
            "X": 0.4605136811733246,
            "Y": 0.46464306116104126
          },
          {
            "X": 0.5677391886711121,
            "Y": 0.46474689245224
          },
          {
            "X": 0.5678046345710754,
            "Y": 0.5007762908935547
          },
          {
            "X": 0.4605574309825897,
            "Y": 0.5006728172302246
          }
        ]
      },
      "Id": "c421db24-83a0-4adf-933a-725876affe6c",
      "Relationships": [
        {
          "Type": "CHILD",
          "Ids": [
            "31e6f836-8458-4c35-8c6d-b346b05dbc0f"
          ]
        }
      ],
      "Page": 1
    },
    {
      "BlockType": "CELL",
      "Confidence": 88.232421875,
      "RowIndex": 3,
      "ColumnIndex": 3,
      "RowSpan": 1,
      "ColumnSpan": 1,
      "Geometry": {
        "BoundingBox": {
          "Width": 0.10653911530971527,
          "Height": 0.03613219037652016,
          "Left": 0.5677391886711121,
          "Top": 0.46474689245224
        },
        "Polygon": [
          {
            "X": 0.5677391886711121,
            "Y": 0.46474689245224
          },
          {
            "X": 0.6741912961006165,
            "Y": 0.46484997868537903
          },
          {
            "X": 0.6742783188819885,
            "Y": 0.5008791089057922
          },
          {
            "X": 0.5678046345710754,
            "Y": 0.5007762908935547
          }
        ]
      },
      "Id": "3a24f88b-fe9a-4353-8ed0-2c60af3bfac0",
      "Relationships": [
        {
          "Type": "CHILD",
          "Ids": [
            "0092a42a-f881-4786-8de6-256b0b40a62a"
          ]
        }
      ],
      "Page": 1
    },
    {
      "BlockType": "CELL",
      "Confidence": 82.32421875,
      "RowIndex": 3,
      "ColumnIndex": 4,
      "RowSpan": 1,
      "ColumnSpan": 1,
      "Geometry": {
        "BoundingBox": {
          "Width": 0.09393758326768875,
          "Height": 0.03611969202756882,
          "Left": 0.6741912961006165,
          "Top": 0.46484997868537903
        },
        "Polygon": [
          {
            "X": 0.6741912961006165,
            "Y": 0.46484997868537903
          },
          {
            "X": 0.7680229544639587,
            "Y": 0.4649408459663391
          },
          {
            "X": 0.7681288719177246,
            "Y": 0.5009697079658508
          },
          {
            "X": 0.6742783188819885,
            "Y": 0.5008791089057922
          }
        ]
      },
      "Id": "81486174-bbe9-4c42-a845-4c794be516ae",
      "Relationships": [
        {
          "Type": "CHILD",
          "Ids": [
            "f32e30a0-9c45-4ae7-809c-15d372d87e57"
          ]
        }
      ],
      "Page": 1
    },
    {
      "BlockType": "CELL",
      "Confidence": 85.498046875,
      "RowIndex": 4,
      "ColumnIndex": 1,
      "RowSpan": 1,
      "ColumnSpan": 1,
      "Geometry": {
        "BoundingBox": {
          "Width": 0.22768959403038025,
          "Height": 0.03004847839474678,
          "Left": 0.23290406167507172,
          "Top": 0.5004530549049377
        },
        "Polygon": [
          {
            "X": 0.23290596902370453,
            "Y": 0.5004530549049377
          },
          {
            "X": 0.4605574309825897,
            "Y": 0.5006728172302246
          },
          {
            "X": 0.46059367060661316,
            "Y": 0.5305015444755554
          },
          {
            "X": 0.23290406167507172,
            "Y": 0.5302823185920715
          }
        ]
      },
      "Id": "b5bcbd58-4feb-43a5-ba24-3ef790e7b812",
      "Relationships": [
        {
          "Type": "CHILD",
          "Ids": [
            "a1d8bb5e-3825-41a4-b62f-d68ef7d14327"
          ]
        }
      ],
      "Page": 1
    },
    {
      "BlockType": "CELL",
      "Confidence": 80.908203125,
      "RowIndex": 4,
      "ColumnIndex": 2,
      "RowSpan": 1,
      "ColumnSpan": 1,
      "Geometry": {
        "BoundingBox": {
          "Width": 0.10730139166116714,
          "Height": 0.029931996017694473,
          "Left": 0.4605574309825897,
          "Top": 0.5006728172302246
        },
        "Polygon": [
          {
            "X": 0.4605574309825897,
            "Y": 0.5006728172302246
          },
          {
            "X": 0.5678046345710754,
            "Y": 0.5007762908935547
          },
          {
            "X": 0.5678588151931763,
            "Y": 0.5306047797203064
          },
          {
            "X": 0.46059367060661316,
            "Y": 0.5305015444755554
          }
        ]
      },
      "Id": "36927fdb-8b1a-4e9e-b7a1-78ce9de516c3",
      "Relationships": [
        {
          "Type": "CHILD",
          "Ids": [
            "f03431a5-cb77-49b3-ba60-9b113aac8d46"
          ]
        }
      ],
      "Page": 1
    },
    {
      "BlockType": "CELL",
      "Confidence": 84.423828125,
      "RowIndex": 4,
      "ColumnIndex": 3,
      "RowSpan": 1,
      "ColumnSpan": 1,
      "Geometry": {
        "BoundingBox": {
          "Width": 0.10654567927122116,
          "Height": 0.02993099018931389,
          "Left": 0.5678046345710754,
          "Top": 0.5007762908935547
        },
        "Polygon": [
          {
            "X": 0.5678046345710754,
            "Y": 0.5007762908935547
          },
          {
            "X": 0.6742783188819885,
            "Y": 0.5008791089057922
          },
          {
            "X": 0.6743503212928772,
            "Y": 0.5307072997093201
          },
          {
            "X": 0.5678588151931763,
            "Y": 0.5306047797203064
          }
        ]
      },
      "Id": "d19e6864-54d5-4817-a6aa-8f79ab38dbed",
      "Relationships": [
        {
          "Type": "CHILD",
          "Ids": [
            "907613a5-f834-4cf5-bcd4-a04c62518f75"
          ]
        }
      ],
      "Page": 1
    },
    {
      "BlockType": "CELL",
      "Confidence": 78.80859375,
      "RowIndex": 4,
      "ColumnIndex": 4,
      "RowSpan": 1,
      "ColumnSpan": 1,
      "Geometry": {
        "BoundingBox": {
          "Width": 0.09393832832574844,
          "Height": 0.029918577522039413,
          "Left": 0.6742783188819885,
          "Top": 0.5008791089057922
        },
        "Polygon": [
          {
            "X": 0.6742783188819885,
            "Y": 0.5008791089057922
          },
          {
            "X": 0.7681288719177246,
            "Y": 0.5009697079658508
          },
          {
            "X": 0.768216609954834,
            "Y": 0.5307976603507996
          },
          {
            "X": 0.6743503212928772,
            "Y": 0.5307072997093201
          }
        ]
      },
      "Id": "9d7fcad5-4d15-47da-b2a1-635a00dcd1ab",
      "Relationships": [
        {
          "Type": "CHILD",
          "Ids": [
            "36364934-acdb-4989-8177-ed34fba37332"
          ]
        }
      ],
      "Page": 1
    },
    {
      "BlockType": "CELL",
      "Confidence": 89.892578125,
      "RowIndex": 5,
      "ColumnIndex": 1,
      "RowSpan": 1,
      "ColumnSpan": 1,
      "Geometry": {
        "BoundingBox": {
          "Width": 0.2277277410030365,
          "Height": 0.030057918280363083,
          "Left": 0.2329021543264389,
          "Top": 0.5302823185920715
        },
        "Polygon": [
          {
            "X": 0.23290406167507172,
            "Y": 0.5302823185920715
          },
          {
            "X": 0.46059367060661316,
            "Y": 0.5305015444755554
          },
          {
            "X": 0.4606298804283142,
            "Y": 0.5603402853012085
          },
          {
            "X": 0.2329021543264389,
            "Y": 0.5601215958595276
          }
        ]
      },
      "Id": "698fa325-179f-4752-b705-f3e71d968151",
      "Relationships": [
        {
          "Type": "CHILD",
          "Ids": [
            "d19ff3df-c760-4ea1-9248-2042946fb55b"
          ]
        }
      ],
      "Page": 1
    },
    {
      "BlockType": "CELL",
      "Confidence": 85.009765625,
      "RowIndex": 5,
      "ColumnIndex": 2,
      "RowSpan": 1,
      "ColumnSpan": 1,
      "Geometry": {
        "BoundingBox": {
          "Width": 0.10731936991214752,
          "Height": 0.029941728338599205,
          "Left": 0.46059367060661316,
          "Top": 0.5305015444755554
        },
        "Polygon": [
          {
            "X": 0.46059367060661316,
            "Y": 0.5305015444755554
          },
          {
            "X": 0.5678588151931763,
            "Y": 0.5306047797203064
          },
          {
            "X": 0.5679130554199219,
            "Y": 0.5604432821273804
          },
          {
            "X": 0.4606298804283142,
            "Y": 0.5603402853012085
          }
        ]
      },
      "Id": "98b275f7-d0b8-42f9-b825-d21b4170afae",
      "Relationships": [
        {
          "Type": "CHILD",
          "Ids": [
            "902b774a-2d46-4d49-9e26-ec4b1c644430"
          ]
        }
      ],
      "Page": 1
    },
    {
      "BlockType": "CELL",
      "Confidence": 88.76953125,
      "RowIndex": 5,
      "ColumnIndex": 3,
      "RowSpan": 1,
      "ColumnSpan": 1,
      "Geometry": {
        "BoundingBox": {
          "Width": 0.10656353831291199,
          "Height": 0.02994072437286377,
          "Left": 0.5678588151931763,
          "Top": 0.5306047797203064
        },
        "Polygon": [
          {
            "X": 0.5678588151931763,
            "Y": 0.5306047797203064
          },
          {
            "X": 0.6743503212928772,
            "Y": 0.5307072997093201
          },
          {
            "X": 0.6744223833084106,
            "Y": 0.5605455040931702
          },
          {
            "X": 0.5679130554199219,
            "Y": 0.5604432821273804
          }
        ]
      },
      "Id": "6bf45f59-7ef6-4f4f-9bcb-270bc9420c0c",
      "Relationships": [
        {
          "Type": "CHILD",
          "Ids": [
            "d942091a-9c56-464d-a5d6-49d5a6cb7db9"
          ]
        }
      ],
      "Page": 1
    },
    {
      "BlockType": "CELL",
      "Confidence": 82.8125,
      "RowIndex": 5,
      "ColumnIndex": 4,
      "RowSpan": 1,
      "ColumnSpan": 1,
      "Geometry": {
        "BoundingBox": {
          "Width": 0.09395407885313034,
          "Height": 0.029928341507911682,
          "Left": 0.6743503212928772,
          "Top": 0.5307072997093201
        },
        "Polygon": [
          {
            "X": 0.6743503212928772,
            "Y": 0.5307072997093201
          },
          {
            "X": 0.768216609954834,
            "Y": 0.5307976603507996
          },
          {
            "X": 0.7683044075965881,
            "Y": 0.5606356263160706
          },
          {
            "X": 0.6744223833084106,
            "Y": 0.5605455040931702
          }
        ]
      },
      "Id": "85771c2f-7685-4bff-b181-f7196a59ca65",
      "Relationships": [
        {
          "Type": "CHILD",
          "Ids": [
            "0df89475-7329-4a27-a9db-dd097dee9a50"
          ]
        }
      ],
      "Page": 1
    },
    {
      "BlockType": "CELL",
      "Confidence": 86.962890625,
      "RowIndex": 6,
      "ColumnIndex": 1,
      "RowSpan": 1,
      "ColumnSpan": 1,
      "Geometry": {
        "BoundingBox": {
          "Width": 0.227764293551445,
          "Height": 0.02882346510887146,
          "Left": 0.23290033638477325,
          "Top": 0.5601215958595276
        },
        "Polygon": [
          {
            "X": 0.2329021543264389,
            "Y": 0.5601215958595276
          },
          {
            "X": 0.4606298804283142,
            "Y": 0.5603402853012085
          },
          {
            "X": 0.46066462993621826,
            "Y": 0.5889450907707214
          },
          {
            "X": 0.23290033638477325,
            "Y": 0.5887269973754883
          }
        ]
      },
      "Id": "c7af0f1b-9b33-4690-a458-33552ea8fdb0",
      "Relationships": [
        {
          "Type": "CHILD",
          "Ids": [
            "cdbd6790-7464-4bbe-a834-28f5103f907c"
          ]
        }
      ],
      "Page": 1
    },
    {
      "BlockType": "CELL",
      "Confidence": 82.2265625,
      "RowIndex": 6,
      "ColumnIndex": 2,
      "RowSpan": 1,
      "ColumnSpan": 1,
      "Geometry": {
        "BoundingBox": {
          "Width": 0.10733509808778763,
          "Height": 0.028707578778266907,
          "Left": 0.4606298804283142,
          "Top": 0.5603402853012085
        },
        "Polygon": [
          {
            "X": 0.4606298804283142,
            "Y": 0.5603402853012085
          },
          {
            "X": 0.5679130554199219,
            "Y": 0.5604432821273804
          },
          {
            "X": 0.5679649710655212,
            "Y": 0.5890478491783142
          },
          {
            "X": 0.46066462993621826,
            "Y": 0.5889450907707214
          }
        ]
      },
      "Id": "020e30ca-27cc-4b63-bf4d-a35b2d5cbecc",
      "Relationships": [
        {
          "Type": "CHILD",
          "Ids": [
            "ea3b1dcb-6aa5-4c68-a0c3-a3c4c929ef57"
          ]
        }
      ],
      "Page": 1
    },
    {
      "BlockType": "CELL",
      "Confidence": 85.83984375,
      "RowIndex": 6,
      "ColumnIndex": 3,
      "RowSpan": 1,
      "ColumnSpan": 1,
      "Geometry": {
        "BoundingBox": {
          "Width": 0.10657839477062225,
          "Height": 0.028706587851047516,
          "Left": 0.5679130554199219,
          "Top": 0.5604432821273804
        },
        "Polygon": [
          {
            "X": 0.5679130554199219,
            "Y": 0.5604432821273804
          },
          {
            "X": 0.6744223833084106,
            "Y": 0.5605455040931702
          },
          {
            "X": 0.6744914054870605,
            "Y": 0.5891498327255249
          },
          {
            "X": 0.5679649710655212,
            "Y": 0.5890478491783142
          }
        ]
      },
      "Id": "257fd2fd-f254-4bec-8ad7-fea73e5262b6",
      "Relationships": [
        {
          "Type": "CHILD",
          "Ids": [
            "388fe1a1-1627-4cd8-bdc3-862a72541961"
          ]
        }
      ],
      "Page": 1
    },
    {
      "BlockType": "CELL",
      "Confidence": 80.126953125,
      "RowIndex": 6,
      "ColumnIndex": 4,
      "RowSpan": 1,
      "ColumnSpan": 1,
      "Geometry": {
        "BoundingBox": {
          "Width": 0.09396617114543915,
          "Height": 0.028694244101643562,
          "Left": 0.6744223833084106,
          "Top": 0.5605455040931702
        },
        "Polygon": [
          {
            "X": 0.6744223833084106,
            "Y": 0.5605455040931702
          },
          {
            "X": 0.7683044075965881,
            "Y": 0.5606356263160706
          },
          {
            "X": 0.7683885097503662,
            "Y": 0.589239776134491
          },
          {
            "X": 0.6744914054870605,
            "Y": 0.5891498327255249
          }
        ]
      },
      "Id": "e1c129c5-001e-4a06-b911-36452c80ad02",
      "Relationships": [
        {
          "Type": "CHILD",
          "Ids": [
            "bc8ebc35-4519-40da-b5d0-364d538a2359"
          ]
        }
      ],
      "Page": 1
    },
    {
      "BlockType": "CELL",
      "Confidence": 94.62890625,
      "RowIndex": 7,
      "ColumnIndex": 1,
      "RowSpan": 1,
      "ColumnSpan": 1,
      "Geometry": {
        "BoundingBox": {
          "Width": 0.22781085968017578,
          "Height": 0.03664679452776909,
          "Left": 0.23289801180362701,
          "Top": 0.5887269973754883
        },
        "Polygon": [
          {
            "X": 0.23290033638477325,
            "Y": 0.5887269973754883
          },
          {
            "X": 0.46066462993621826,
            "Y": 0.5889450907707214
          },
          {
            "X": 0.4607088565826416,
            "Y": 0.6253737807273865
          },
          {
            "X": 0.23289801180362701,
            "Y": 0.6251563429832458
          }
        ]
      },
      "Id": "0adbb478-0da3-4615-8dea-7979b0e2c285",
      "Relationships": [
        {
          "Type": "CHILD",
          "Ids": [
            "5a484686-9383-4fb7-8b3d-0cf07c75804d"
          ]
        }
      ],
      "Page": 1
    },
    {
      "BlockType": "CELL",
      "Confidence": 89.55078125,
      "RowIndex": 7,
      "ColumnIndex": 2,
      "RowSpan": 1,
      "ColumnSpan": 1,
      "Geometry": {
        "BoundingBox": {
          "Width": 0.10736653208732605,
          "Height": 0.03653112053871155,
          "Left": 0.46066462993621826,
          "Top": 0.5889450907707214
        },
        "Polygon": [
          {
            "X": 0.46066462993621826,
            "Y": 0.5889450907707214
          },
          {
            "X": 0.5679649710655212,
            "Y": 0.5890478491783142
          },
          {
            "X": 0.5680311918258667,
            "Y": 0.6254761815071106
          },
          {
            "X": 0.4607088565826416,
            "Y": 0.6253737807273865
          }
        ]
      },
      "Id": "9431e96e-29cc-4240-8c4b-7e7bebce013a",
      "Relationships": [
        {
          "Type": "CHILD",
          "Ids": [
            "44f22d45-bc26-4e32-9c9f-7822c532bed9"
          ]
        }
      ],
      "Page": 1
    },
    {
      "BlockType": "CELL",
      "Confidence": 93.45703125,
      "RowIndex": 7,
      "ColumnIndex": 3,
      "RowSpan": 1,
      "ColumnSpan": 1,
      "Geometry": {
        "BoundingBox": {
          "Width": 0.10661438852548599,
          "Height": 0.036530062556266785,
          "Left": 0.5679649710655212,
          "Top": 0.5890478491783142
        },
        "Polygon": [
          {
            "X": 0.5679649710655212,
            "Y": 0.5890478491783142
          },
          {
            "X": 0.6744914054870605,
            "Y": 0.5891498327255249
          },
          {
            "X": 0.674579381942749,
            "Y": 0.6255779266357422
          },
          {
            "X": 0.5680311918258667,
            "Y": 0.6254761815071106
          }
        ]
      },
      "Id": "53e7d344-c25c-43ca-9ba8-f3ec5fbe5999",
      "Relationships": [
        {
          "Type": "CHILD",
          "Ids": [
            "614de999-eaa1-4f8e-8d52-972404923252"
          ]
        }
      ],
      "Page": 1
    },
    {
      "BlockType": "CELL",
      "Confidence": 87.20703125,
      "RowIndex": 7,
      "ColumnIndex": 4,
      "RowSpan": 1,
      "ColumnSpan": 1,
      "Geometry": {
        "BoundingBox": {
          "Width": 0.09400425106287003,
          "Height": 0.03651769086718559,
          "Left": 0.6744914054870605,
          "Top": 0.5891498327255249
        },
        "Polygon": [
          {
            "X": 0.6744914054870605,
            "Y": 0.5891498327255249
          },
          {
            "X": 0.7683885097503662,
            "Y": 0.589239776134491
          },
          {
            "X": 0.7684956789016724,
            "Y": 0.6256675124168396
          },
          {
            "X": 0.674579381942749,
            "Y": 0.6255779266357422
          }
        ]
      },
      "Id": "678cd8a0-073d-4296-a23b-e56cf376cb92",
      "Relationships": [
        {
          "Type": "CHILD",
          "Ids": [
            "99b4f61a-ed2c-4116-aafa-dff597b37ebe"
          ]
        }
      ],
      "Page": 1
    },
    {
      "BlockType": "MERGED_CELL",
      "Confidence": 60.498046875,
      "RowIndex": 1,
      "ColumnIndex": 1,
      "RowSpan": 2,
      "ColumnSpan": 1,
      "Geometry": {
        "BoundingBox": {
          "Width": 0.2276054173707962,
          "Height": 0.09450390189886093,
          "Left": 0.23290826380252838,
          "Top": 0.37013915181159973
        },
        "Polygon": [
          {
            "X": 0.2329142689704895,
            "Y": 0.37013915181159973
          },
          {
            "X": 0.46039918065071106,
            "Y": 0.370361328125
          },
          {
            "X": 0.4605136811733246,
            "Y": 0.46464306116104126
          },
          {
            "X": 0.23290826380252838,
            "Y": 0.46442264318466187
          }
        ]
      },
      "Id": "c05db444-30a3-498f-8a2a-2a2fb7950561",
      "Relationships": [
        {
          "Type": "CHILD",
          "Ids": [
            "7188cc7b-bf9c-4521-ba4d-f55ea3c080f3",
            "ffdb5565-4a2e-42c1-8ad0-b603f15a2faf"
          ]
        }
      ],
      "EntityTypes": [
        "COLUMN_HEADER"
      ],
      "Page": 1
    },
    {
      "BlockType": "MERGED_CELL",
      "Confidence": 58.7890625,
      "RowIndex": 1,
      "ColumnIndex": 2,
      "RowSpan": 2,
      "ColumnSpan": 1,
      "Geometry": {
        "BoundingBox": {
          "Width": 0.107340008020401,
          "Height": 0.09438557922840118,
          "Left": 0.46039918065071106,
          "Top": 0.370361328125
        },
        "Polygon": [
          {
            "X": 0.46039918065071106,
            "Y": 0.370361328125
          },
          {
            "X": 0.5675679445266724,
            "Y": 0.3704659938812256
          },
          {
            "X": 0.5677391886711121,
            "Y": 0.46474689245224
          },
          {
            "X": 0.4605136811733246,
            "Y": 0.46464306116104126
          }
        ]
      },
      "Id": "65b727f5-1296-4536-9802-99c476889647",
      "Relationships": [
        {
          "Type": "CHILD",
          "Ids": [
            "8cfb9d7e-5013-4a16-8db3-b112b6561857",
            "38efd0ae-dd40-4747-810d-705ff0c17074"
          ]
        }
      ],
      "EntityTypes": [
        "COLUMN_HEADER"
      ],
      "Page": 1
    },
    {
      "BlockType": "MERGED_CELL",
      "Confidence": 90.576171875,
      "RowIndex": 1,
      "ColumnIndex": 3,
      "RowSpan": 1,
      "ColumnSpan": 2,
      "Geometry": {
        "BoundingBox": {
          "Width": 0.20031985640525818,
          "Height": 0.048528220504522324,
          "Left": 0.5675679445266724,
          "Top": 0.3704659938812256
        },
        "Polygon": [
          {
            "X": 0.5675679445266724,
            "Y": 0.3704659938812256
          },
          {
            "X": 0.7677456140518188,
            "Y": 0.3706614673137665
          },
          {
            "X": 0.7678877711296082,
            "Y": 0.4189941883087158
          },
          {
            "X": 0.5676557421684265,
            "Y": 0.418799489736557
          }
        ]
      },
      "Id": "a10f1736-3985-4dd2-bc6c-13b43abf9fcf",
      "Relationships": [
        {
          "Type": "CHILD",
          "Ids": [
            "3af616ff-ecb8-4956-9e77-e9294f17c710",
            "5fa2532b-7965-4566-a782-13f79df6e445"
          ]
        }
      ],
      "EntityTypes": [
        "COLUMN_HEADER"
      ],
      "Page": 1
    }
  ],
  "AnalyzeDocumentModelVersion": "1.0"
}