{
  "DocumentMetadata": {
    "Pages": 1
  },
  "JobStatus": "SUCCEEDED",
  "Blocks": [
    {
      "BlockType": "PAGE",
      "Geometry": {
        "BoundingBox": {
          "Width": 0.5502015352249146,
          "Height": 0.2239004224538803,
          "Left": 0.21934688091278076,
          "Top": 0.3902283012866974
        },
        "Polygon": [
          {
            "X": 0.21934688091278076,
            "Y": 0.3902283012866974
          },
          {
            "X": 0.7668089866638184,
            "Y": 0.39102813601493835
          },
          {
            "X": 0.7695484161376953,
            "Y": 0.6141287088394165
          },
          {
            "X": 0.22130022943019867,
            "Y": 0.6127989888191223
          }
        ]
      },
      "Id": "795548b2-7c78-4991-847f-c6d7c5f09a8a",
      "Relationships": [
        {
          "Type": "CHILD",
          "Ids": [
            "f9871ed6-717e-4049-b9c3-ac1c141b8581",
            "6d0d9ff6-f455-423c-8b77-ecf92d486e39",
            "a554c9dc-7afe-4f05-b5e0-ac50dd72549a",
            "8d97f4cc-3f5a-430b-baad-89832937f98f",
            "aee55e65-b00c-4f41-a0ca-f49e21248ba1",
            "b3ea7af6-ce27-4a35-be7f-e66b26635f84",
            "4221339a-da8e-4f60-a730-7a6f06341b7c",
            "cdae7369-b4b3-42ec-89c8-d9e444cac558",
            "d2590b9a-636d-49bb-b920-f8d424a80557",
            "c16545f3-e39c-4e98-ab23-6871ea818168",
            "608cf11f-8e1e-46ac-ae0f-48acf2e3dee0",
            "cf1db340-d5aa-4e30-862c-5cb14b082aad",
            "fbf58c28-aa41-45ae-8284-4bcc0c03e04d",
            "b3710c28-2b9b-4e31-9f44-d809451d5309",
            "f104ca8b-a290-4d97-8a57-9d2e9006eee1",
            "11373448-8333-4473-a922-0ef6b6c03035",
            "e5a5b17c-34fb-47de-9e7c-3c739c68883e",
            "6eb6f215-b145-4b00-adea-b3b44b505f0b",
            "193ec564-244a-4f03-a526-04b58cb949d3",
            "131a5077-d8ba-4aef-b617-4d08bce285ca",
            "727b6291-2e00-4e0e-965e-5aa747ad1c00"
          ]
        }
      ],
      "Page": 1
    },
    {
      "BlockType": "LINE",
      "Confidence": 99.90864562988281,
      "Text": "Sample",
      "Geometry": {
        "BoundingBox": {
          "Width": 0.04649796336889267,
          "Height": 0.02542312815785408,
          "Left": 0.24258767068386078,
          "Top": 0.42078500986099243
        },
        "Polygon": [
          {
            "X": 0.24258767068386078,
            "Y": 0.42078500986099243
          },
          {
            "X": 0.28885194659233093,
            "Y": 0.4208587408065796
          },
          {
            "X": 0.28908565640449524,
            "Y": 0.4462081491947174
          },
          {
            "X": 0.2428138256072998,
            "Y": 0.44612935185432434
          }
        ]
      },
      "Id": "f9871ed6-717e-4049-b9c3-ac1c141b8581",
      "Relationships": [
        {
          "Type": "CHILD",
          "Ids": [
            "a1503189-3458-4ffd-b1ca-4491be639a01"
          ]
        }
      ],
      "Page": 1
    },
    {
      "BlockType": "LINE",
      "Confidence": 98.76632690429688,
      "Text": "E' (MPa)",
      "Geometry": {
        "BoundingBox": {
          "Width": 0.05251413211226463,
          "Height": 0.02505193091928959,
          "Left": 0.3855581283569336,
          "Top": 0.42061498761177063
        },
        "Polygon": [
          {
            "X": 0.3855581283569336,
            "Y": 0.42061498761177063
          },
          {
            "X": 0.4378182888031006,
            "Y": 0.4206981658935547
          },
          {
            "X": 0.4380722641944885,
            "Y": 0.44566693902015686
          },
          {
            "X": 0.3858036994934082,
            "Y": 0.44557809829711914
          }
        ]
      },
      "Id": "6d0d9ff6-f455-423c-8b77-ecf92d486e39",
      "Relationships": [
        {
          "Type": "CHILD",
          "Ids": [
            "5ac7082c-1d87-45bc-a90f-c6227fdfb434",
            "9bf76fbe-b7bd-4c58-aaab-b0db0d031000"
          ]
        }
      ],
      "Page": 1
    },
    {
      "BlockType": "LINE",
      "Confidence": 84.08834075927734,
      "Text": "Tg (°C)",
      "Geometry": {
        "BoundingBox": {
          "Width": 0.04144716262817383,
          "Height": 0.02893620729446411,
          "Left": 0.5331733822822571,
          "Top": 0.4194082021713257
        },
        "Polygon": [
          {
            "X": 0.5331733822822571,
            "Y": 0.4194082021713257
          },
          {
            "X": 0.5743016600608826,
            "Y": 0.41947340965270996
          },
          {
            "X": 0.5746205449104309,
            "Y": 0.4483444094657898
          },
          {
            "X": 0.5334846377372742,
            "Y": 0.44827404618263245
          }
        ]
      },
      "Id": "a554c9dc-7afe-4f05-b5e0-ac50dd72549a",
      "Relationships": [
        {
          "Type": "CHILD",
          "Ids": [
            "9d33783d-a97d-4ef3-9959-d5fa21f4bbc1",
            "d5eff796-86b9-4294-9e05-f53163360473"
          ]
        }
      ],
      "Page": 1
    },
    {
      "BlockType": "LINE",
      "Confidence": 52.996212005615234,
      "Text": "Ve (mol/m³)",
      "Geometry": {
        "BoundingBox": {
          "Width": 0.07451539486646652,
          "Height": 0.027693480253219604,
          "Left": 0.6684568524360657,
          "Top": 0.4180540144443512
        },
        "Polygon": [
          {
            "X": 0.6684568524360657,
            "Y": 0.4180540144443512
          },
          {
            "X": 0.7426379323005676,
            "Y": 0.41817110776901245
          },
          {
            "X": 0.7429722547531128,
            "Y": 0.4457474946975708
          },
          {
            "X": 0.6687779426574707,
            "Y": 0.4456215500831604
          }
        ]
      },
      "Id": "8d97f4cc-3f5a-430b-baad-89832937f98f",
      "Relationships": [
        {
          "Type": "CHILD",
          "Ids": [
            "a4656527-9d90-40ea-aac2-ea62037dcbc7",
            "f3d6df0e-00fe-478b-bd66-2627417844ab"
          ]
        }
      ],
      "Page": 1
    },
    {
      "BlockType": "LINE",
      "Confidence": 98.10482788085938,
      "Text": "EP-0",
      "Geometry": {
        "BoundingBox": {
          "Width": 0.029300423339009285,
          "Height": 0.0190591961145401,
          "Left": 0.24270375072956085,
          "Top": 0.471439003944397
        },
        "Polygon": [
          {
            "X": 0.24270375072956085,
            "Y": 0.471439003944397
          },
          {
            "X": 0.27183106541633606,
            "Y": 0.47149181365966797
          },
          {
            "X": 0.2720041573047638,
            "Y": 0.4904981851577759
          },
          {
            "X": 0.24287328124046326,
            "Y": 0.49044299125671387
          }
        ]
      },
      "Id": "aee55e65-b00c-4f41-a0ca-f49e21248ba1",
      "Relationships": [
        {
          "Type": "CHILD",
          "Ids": [
            "47c413a9-90ae-4a00-adab-587f3f62d187"
          ]
        }
      ],
      "Page": 1
    },
    {
      "BlockType": "LINE",
      "Confidence": 99.90821838378906,
      "Text": "60.1",
      "Geometry": {
        "BoundingBox": {
          "Width": 0.026398416608572006,
          "Height": 0.019403094425797462,
          "Left": 0.3853892385959625,
          "Top": 0.47112956643104553
        },
        "Polygon": [
          {
            "X": 0.3853892385959625,
            "Y": 0.47112956643104553
          },
          {
            "X": 0.41159409284591675,
            "Y": 0.47117701172828674
          },
          {
            "X": 0.41178765892982483,
            "Y": 0.49053266644477844
          },
          {
            "X": 0.38557955622673035,
            "Y": 0.49048301577568054
          }
        ]
      },
      "Id": "b3ea7af6-ce27-4a35-be7f-e66b26635f84",
      "Relationships": [
        {
          "Type": "CHILD",
          "Ids": [
            "6a6d48cb-88ad-4024-9a55-8aa6d99b9a5d"
          ]
        }
      ],
      "Page": 1
    },
    {
      "BlockType": "LINE",
      "Confidence": 84.5482177734375,
      "Text": "164.5",
      "Geometry": {
        "BoundingBox": {
          "Width": 0.03355805203318596,
          "Height": 0.01923295669257641,
          "Left": 0.5341899394989014,
          "Top": 0.4712899625301361
        },
        "Polygon": [
          {
            "X": 0.5341899394989014,
            "Y": 0.4712899625301361
          },
          {
            "X": 0.5675371289253235,
            "Y": 0.4713503122329712
          },
          {
            "X": 0.5677480101585388,
            "Y": 0.49052292108535767
          },
          {
            "X": 0.5343967080116272,
            "Y": 0.49045976996421814
          }
        ]
      },
      "Id": "4221339a-da8e-4f60-a730-7a6f06341b7c",
      "Relationships": [
        {
          "Type": "CHILD",
          "Ids": [
            "6e2461d5-3924-4896-9ac0-d3edfb5275eb"
          ]
        }
      ],
      "Page": 1
    },
    {
      "BlockType": "LINE",
      "Confidence": 99.9080810546875,
      "Text": "4992",
      "Geometry": {
        "BoundingBox": {
          "Width": 0.032053425908088684,
          "Height": 0.019696036353707314,
          "Left": 0.668621838092804,
          "Top": 0.47118130326271057
        },
        "Polygon": [
          {
            "X": 0.668621838092804,
            "Y": 0.47118130326271057
          },
          {
            "X": 0.7004426121711731,
            "Y": 0.4712388515472412
          },
          {
            "X": 0.7006753087043762,
            "Y": 0.49087733030319214
          },
          {
            "X": 0.6688505411148071,
            "Y": 0.4908170998096466
          }
        ]
      },
      "Id": "cdae7369-b4b3-42ec-89c8-d9e444cac558",
      "Relationships": [
        {
          "Type": "CHILD",
          "Ids": [
            "0202380a-6478-4c21-bd6c-2972c7988e41"
          ]
        }
      ],
      "Page": 1
    },
    {
      "BlockType": "LINE",
      "Confidence": 98.7942123413086,
      "Text": "EP-0.25",
      "Geometry": {
        "BoundingBox": {
          "Width": 0.04771503061056137,
          "Height": 0.019464097917079926,
          "Left": 0.2428228259086609,
          "Top": 0.5031535625457764
        },
        "Polygon": [
          {
            "X": 0.2428228259086609,
            "Y": 0.5031535625457764
          },
          {
            "X": 0.29035916924476624,
            "Y": 0.5032463073730469
          },
          {
            "X": 0.29053786396980286,
            "Y": 0.5226176977157593
          },
          {
            "X": 0.24299558997154236,
            "Y": 0.5225209593772888
          }
        ]
      },
      "Id": "d2590b9a-636d-49bb-b920-f8d424a80557",
      "Relationships": [
        {
          "Type": "CHILD",
          "Ids": [
            "ee56c0fe-e086-479f-9686-99f388303fee"
          ]
        }
      ],
      "Page": 1
    },
    {
      "BlockType": "LINE",
      "Confidence": 68.53482818603516,
      "Text": "58,7",
      "Geometry": {
        "BoundingBox": {
          "Width": 0.026417570188641548,
          "Height": 0.01892564445734024,
          "Left": 0.38627904653549194,
          "Top": 0.5034262537956238
        },
        "Polygon": [
          {
            "X": 0.38627904653549194,
            "Y": 0.5034262537956238
          },
          {
            "X": 0.4125077724456787,
            "Y": 0.5034773945808411
          },
          {
            "X": 0.41269662976264954,
            "Y": 0.5223519206047058
          },
          {
            "X": 0.3864647150039673,
            "Y": 0.5222985744476318
          }
        ]
      },
      "Id": "c16545f3-e39c-4e98-ab23-6871ea818168",
      "Relationships": [
        {
          "Type": "CHILD",
          "Ids": [
            "3dde3460-14b3-4ff2-9d77-226770dd46e5"
          ]
        }
      ],
      "Page": 1
    },
    {
      "BlockType": "LINE",
      "Confidence": 70.62934875488281,
      "Text": "162.4",
      "Geometry": {
        "BoundingBox": {
          "Width": 0.03398508578538895,
          "Height": 0.01905904710292816,
          "Left": 0.534485399723053,
          "Top": 0.5033186674118042
        },
        "Polygon": [
          {
            "X": 0.534485399723053,
            "Y": 0.5033186674118042
          },
          {
            "X": 0.5682615637779236,
            "Y": 0.503384530544281
          },
          {
            "X": 0.5684705376625061,
            "Y": 0.5223777294158936
          },
          {
            "X": 0.534690260887146,
            "Y": 0.5223091244697571
          }
        ]
      },
      "Id": "608cf11f-8e1e-46ac-ae0f-48acf2e3dee0",
      "Relationships": [
        {
          "Type": "CHILD",
          "Ids": [
            "9d7ead2e-159a-4d82-b328-8b49ffb4f833"
          ]
        }
      ],
      "Page": 1
    },
    {
      "BlockType": "LINE",
      "Confidence": 99.94580841064453,
      "Text": "4897",
      "Geometry": {
        "BoundingBox": {
          "Width": 0.03233671188354492,
          "Height": 0.01900631934404373,
          "Left": 0.668574333190918,
          "Top": 0.503423273563385
        },
        "Polygon": [
          {
            "X": 0.668574333190918,
            "Y": 0.503423273563385
          },
          {
            "X": 0.7006865739822388,
            "Y": 0.5034858584403992
          },
          {
            "X": 0.7009110450744629,
            "Y": 0.5224296450614929
          },
          {
            "X": 0.6687948107719421,
            "Y": 0.5223644375801086
          }
        ]
      },
      "Id": "cf1db340-d5aa-4e30-862c-5cb14b082aad",
      "Relationships": [
        {
          "Type": "CHILD",
          "Ids": [
            "def7ec4f-cbe5-41dc-be9b-5cd3bacc394a"
          ]
        }
      ],
      "Page": 1
    },
    {
      "BlockType": "LINE",
      "Confidence": 98.89568328857422,
      "Text": "EP-0.5",
      "Geometry": {
        "BoundingBox": {
          "Width": 0.03979600593447685,
          "Height": 0.019713716581463814,
          "Left": 0.24283353984355927,
          "Top": 0.5350586175918579
        },
        "Polygon": [
          {
            "X": 0.24283353984355927,
            "Y": 0.5350586175918579
          },
          {
            "X": 0.28244951367378235,
            "Y": 0.5351413488388062
          },
          {
            "X": 0.2826295495033264,
            "Y": 0.5547723770141602
          },
          {
            "X": 0.2430085837841034,
            "Y": 0.5546862483024597
          }
        ]
      },
      "Id": "fbf58c28-aa41-45ae-8284-4bcc0c03e04d",
      "Relationships": [
        {
          "Type": "CHILD",
          "Ids": [
            "c1e16f5f-a969-4c7e-be97-cc08efd64907"
          ]
        }
      ],
      "Page": 1
    },
    {
      "BlockType": "LINE",
      "Confidence": 62.180908203125,
      "Text": "57.9",
      "Geometry": {
        "BoundingBox": {
          "Width": 0.02667911909520626,
          "Height": 0.0192756075412035,
          "Left": 0.38626235723495483,
          "Top": 0.5355123281478882
        },
        "Polygon": [
          {
            "X": 0.38626235723495483,
            "Y": 0.5355123281478882
          },
          {
            "X": 0.41274920105934143,
            "Y": 0.5355677008628845
          },
          {
            "X": 0.41294148564338684,
            "Y": 0.5547879338264465
          },
          {
            "X": 0.3864513635635376,
            "Y": 0.5547304153442383
          }
        ]
      },
      "Id": "b3710c28-2b9b-4e31-9f44-d809451d5309",
      "Relationships": [
        {
          "Type": "CHILD",
          "Ids": [
            "f8e8a31b-707c-430c-9dbb-639bfe01b027"
          ]
        }
      ],
      "Page": 1
    },
    {
      "BlockType": "LINE",
      "Confidence": 86.36278533935547,
      "Text": "157.5",
      "Geometry": {
        "BoundingBox": {
          "Width": 0.03365382179617882,
          "Height": 0.018722547218203545,
          "Left": 0.5342242121696472,
          "Top": 0.5356286764144897
        },
        "Polygon": [
          {
            "X": 0.5342242121696472,
            "Y": 0.5356286764144897
          },
          {
            "X": 0.5676729679107666,
            "Y": 0.5356985330581665
          },
          {
            "X": 0.567878007888794,
            "Y": 0.554351270198822
          },
          {
            "X": 0.5344252586364746,
            "Y": 0.5542786717414856
          }
        ]
      },
      "Id": "f104ca8b-a290-4d97-8a57-9d2e9006eee1",
      "Relationships": [
        {
          "Type": "CHILD",
          "Ids": [
            "ecbf80a8-e0e3-41ad-8ae3-8dc41a981af1"
          ]
        }
      ],
      "Page": 1
    },
    {
      "BlockType": "LINE",
      "Confidence": 99.9659652709961,
      "Text": "4880",
      "Geometry": {
        "BoundingBox": {
          "Width": 0.03224983066320419,
          "Height": 0.01918702758848667,
          "Left": 0.6687712073326111,
          "Top": 0.5353201031684875
        },
        "Polygon": [
          {
            "X": 0.6687712073326111,
            "Y": 0.5353201031684875
          },
          {
            "X": 0.700794517993927,
            "Y": 0.5353869199752808
          },
          {
            "X": 0.7010210156440735,
            "Y": 0.5545071363449097
          },
          {
            "X": 0.6689937114715576,
            "Y": 0.5544376969337463
          }
        ]
      },
      "Id": "11373448-8333-4473-a922-0ef6b6c03035",
      "Relationships": [
        {
          "Type": "CHILD",
          "Ids": [
            "b917be5d-7241-4507-84bc-499f8047495d"
          ]
        }
      ],
      "Page": 1
    },
    {
      "BlockType": "LINE",
      "Confidence": 99.83968353271484,
      "Text": "EP-1",
      "Geometry": {
        "BoundingBox": {
          "Width": 0.027448270469903946,
          "Height": 0.01946876011788845,
          "Left": 0.24267959594726562,
          "Top": 0.5659846067428589
        },
        "Polygon": [
          {
            "X": 0.24267959594726562,
            "Y": 0.5659846067428589
          },
          {
            "X": 0.2699514627456665,
            "Y": 0.5660452246665955
          },
          {
            "X": 0.2701278626918793,
            "Y": 0.5854533910751343
          },
          {
            "X": 0.2428526133298874,
            "Y": 0.5853904485702515
          }
        ]
      },
      "Id": "e5a5b17c-34fb-47de-9e7c-3c739c68883e",
      "Relationships": [
        {
          "Type": "CHILD",
          "Ids": [
            "ffcbae43-0fc4-4723-92b5-6811e876b1bc"
          ]
        }
      ],
      "Page": 1
    },
    {
      "BlockType": "LINE",
      "Confidence": 94.16307830810547,
      "Text": "50.8",
      "Geometry": {
        "BoundingBox": {
          "Width": 0.02618926577270031,
          "Height": 0.019163761287927628,
          "Left": 0.38631272315979004,
          "Top": 0.5662215948104858
        },
        "Polygon": [
          {
            "X": 0.38631272315979004,
            "Y": 0.5662215948104858
          },
          {
            "X": 0.412310928106308,
            "Y": 0.5662793517112732
          },
          {
            "X": 0.4125019907951355,
            "Y": 0.5853853821754456
          },
          {
            "X": 0.3865005671977997,
            "Y": 0.5853254199028015
          }
        ]
      },
      "Id": "6eb6f215-b145-4b00-adea-b3b44b505f0b",
      "Relationships": [
        {
          "Type": "CHILD",
          "Ids": [
            "1510df25-0f45-4c9d-89ff-2bdb06a4c609"
          ]
        }
      ],
      "Page": 1
    },
    {
      "BlockType": "LINE",
      "Confidence": 99.75096130371094,
      "Text": "150.1",
      "Geometry": {
        "BoundingBox": {
          "Width": 0.03244867920875549,
          "Height": 0.019602522253990173,
          "Left": 0.5343136191368103,
          "Top": 0.565829873085022
        },
        "Polygon": [
          {
            "X": 0.5343136191368103,
            "Y": 0.565829873085022
          },
          {
            "X": 0.5665477514266968,
            "Y": 0.5659013986587524
          },
          {
            "X": 0.5667622685432434,
            "Y": 0.5854324102401733
          },
          {
            "X": 0.5345240831375122,
            "Y": 0.5853581428527832
          }
        ]
      },
      "Id": "193ec564-244a-4f03-a526-04b58cb949d3",
      "Relationships": [
        {
          "Type": "CHILD",
          "Ids": [
            "5ea0caca-2cae-4509-aefc-0834521c0349"
          ]
        }
      ],
      "Page": 1
    },
    {
      "BlockType": "LINE",
      "Confidence": 99.98505401611328,
      "Text": "4349",
      "Geometry": {
        "BoundingBox": {
          "Width": 0.03206312283873558,
          "Height": 0.01956956274807453,
          "Left": 0.6688057780265808,
          "Top": 0.5658360719680786
        },
        "Polygon": [
          {
            "X": 0.6688057780265808,
            "Y": 0.5658360719680786
          },
          {
            "X": 0.7006379961967468,
            "Y": 0.5659066438674927
          },
          {
            "X": 0.7008689045906067,
            "Y": 0.5854056477546692
          },
          {
            "X": 0.6690326929092407,
            "Y": 0.5853323340415955
          }
        ]
      },
      "Id": "131a5077-d8ba-4aef-b617-4d08bce285ca",
      "Relationships": [
        {
          "Type": "CHILD",
          "Ids": [
            "d2aa6331-d54b-4375-a457-cbd0bdc8f215"
          ]
        }
      ],
      "Page": 1
    },
    {
      "BlockType": "WORD",
      "Confidence": 99.90864562988281,
      "Text": "Sample",
      "TextType": "PRINTED",
      "Geometry": {
        "BoundingBox": {
          "Width": 0.04649796336889267,
          "Height": 0.02542312815785408,
          "Left": 0.24258767068386078,
          "Top": 0.42078500986099243
        },
        "Polygon": [
          {
            "X": 0.24258767068386078,
            "Y": 0.42078500986099243
          },
          {
            "X": 0.28885194659233093,
            "Y": 0.4208587408065796
          },
          {
            "X": 0.28908565640449524,
            "Y": 0.4462081491947174
          },
          {
            "X": 0.2428138256072998,
            "Y": 0.44612935185432434
          }
        ]
      },
      "Id": "a1503189-3458-4ffd-b1ca-4491be639a01",
      "Page": 1
    },
    {
      "BlockType": "WORD",
      "Confidence": 97.89261627197266,
      "Text": "E'",
      "TextType": "PRINTED",
      "Geometry": {
        "BoundingBox": {
          "Width": 0.010916178114712238,
          "Height": 0.02025778591632843,
          "Left": 0.3855644762516022,
          "Top": 0.42125973105430603
        },
        "Polygon": [
          {
            "X": 0.3855644762516022,
            "Y": 0.42125973105430603
          },
          {
            "X": 0.3962801396846771,
            "Y": 0.4212768077850342
          },
          {
            "X": 0.39648064970970154,
            "Y": 0.44151750206947327
          },
          {
            "X": 0.38576358556747437,
            "Y": 0.4414994716644287
          }
        ]
      },
      "Id": "5ac7082c-1d87-45bc-a90f-c6227fdfb434",
      "Page": 1
    },
    {
      "BlockType": "WORD",
      "Confidence": 99.64004516601562,
      "Text": "(MPa)",
      "TextType": "PRINTED",
      "Geometry": {
        "BoundingBox": {
          "Width": 0.03781602904200554,
          "Height": 0.025028537958860397,
          "Left": 0.4002562463283539,
          "Top": 0.42063838243484497
        },
        "Polygon": [
          {
            "X": 0.4002562463283539,
            "Y": 0.42063838243484497
          },
          {
            "X": 0.4378182888031006,
            "Y": 0.4206981658935547
          },
          {
            "X": 0.4380722641944885,
            "Y": 0.44566693902015686
          },
          {
            "X": 0.4005041718482971,
            "Y": 0.44560307264328003
          }
        ]
      },
      "Id": "9bf76fbe-b7bd-4c58-aaab-b0db0d031000",
      "Page": 1
    },
    {
      "BlockType": "WORD",
      "Confidence": 93.12785339355469,
      "Text": "Tg",
      "TextType": "PRINTED",
      "Geometry": {
        "BoundingBox": {
          "Width": 0.012852368876338005,
          "Height": 0.027156900614500046,
          "Left": 0.5331920385360718,
          "Top": 0.4211386442184448
        },
        "Polygon": [
          {
            "X": 0.5331920385360718,
            "Y": 0.4211386442184448
          },
          {
            "X": 0.5457496047019958,
            "Y": 0.42115864157676697
          },
          {
            "X": 0.5460444092750549,
            "Y": 0.448295533657074
          },
          {
            "X": 0.5334846377372742,
            "Y": 0.44827404618263245
          }
        ]
      },
      "Id": "9d33783d-a97d-4ef3-9959-d5fa21f4bbc1",
      "Page": 1
    },
    {
      "BlockType": "WORD",
      "Confidence": 75.04882049560547,
      "Text": "(°C)",
      "TextType": "PRINTED",
      "Geometry": {
        "BoundingBox": {
          "Width": 0.025421075522899628,
          "Height": 0.026518967002630234,
          "Left": 0.5491730570793152,
          "Top": 0.4194335639476776
        },
        "Polygon": [
          {
            "X": 0.5491730570793152,
            "Y": 0.4194335639476776
          },
          {
            "X": 0.5743016600608826,
            "Y": 0.41947340965270996
          },
          {
            "X": 0.5745941400527954,
            "Y": 0.44595253467559814
          },
          {
            "X": 0.5494612455368042,
            "Y": 0.4459097981452942
          }
        ]
      },
      "Id": "d5eff796-86b9-4294-9e05-f53163360473",
      "Page": 1
    },
    {
      "BlockType": "WORD",
      "Confidence": 62.217140197753906,
      "Text": "Ve",
      "TextType": "PRINTED",
      "Geometry": {
        "BoundingBox": {
          "Width": 0.012125569395720959,
          "Height": 0.01825762912631035,
          "Left": 0.668563961982727,
          "Top": 0.4272494912147522
        },
        "Polygon": [
          {
            "X": 0.668563961982727,
            "Y": 0.4272494912147522
          },
          {
            "X": 0.6804757118225098,
            "Y": 0.42726877331733704
          },
          {
            "X": 0.6806895136833191,
            "Y": 0.44550713896751404
          },
          {
            "X": 0.6687763929367065,
            "Y": 0.4454869031906128
          }
        ]
      },
      "Id": "a4656527-9d90-40ea-aac2-ea62037dcbc7",
      "Page": 1
    },
    {
      "BlockType": "WORD",
      "Confidence": 43.77527618408203,
      "Text": "(mol/m³)",
      "TextType": "PRINTED",
      "Geometry": {
        "BoundingBox": {
          "Width": 0.05899900570511818,
          "Height": 0.027668986469507217,
          "Left": 0.6839732527732849,
          "Top": 0.4180785119533539
        },
        "Polygon": [
          {
            "X": 0.6839732527732849,
            "Y": 0.4180785119533539
          },
          {
            "X": 0.7426379323005676,
            "Y": 0.41817110776901245
          },
          {
            "X": 0.7429722547531128,
            "Y": 0.4457474946975708
          },
          {
            "X": 0.6842970848083496,
            "Y": 0.4456478953361511
          }
        ]
      },
      "Id": "f3d6df0e-00fe-478b-bd66-2627417844ab",
      "Page": 1
    },
    {
      "BlockType": "WORD",
      "Confidence": 98.10482788085938,
      "Text": "EP-0",
      "TextType": "PRINTED",
      "Geometry": {
        "BoundingBox": {
          "Width": 0.029300423339009285,
          "Height": 0.0190591961145401,
          "Left": 0.24270375072956085,
          "Top": 0.471439003944397
        },
        "Polygon": [
          {
            "X": 0.24270375072956085,
            "Y": 0.471439003944397
          },
          {
            "X": 0.27183106541633606,
            "Y": 0.47149181365966797
          },
          {
            "X": 0.2720041573047638,
            "Y": 0.4904981851577759
          },
          {
            "X": 0.24287328124046326,
            "Y": 0.49044299125671387
          }
        ]
      },
      "Id": "47c413a9-90ae-4a00-adab-587f3f62d187",
      "Page": 1
    },
    {
      "BlockType": "WORD",
      "Confidence": 99.90821838378906,
      "Text": "60.1",
      "TextType": "PRINTED",
      "Geometry": {
        "BoundingBox": {
          "Width": 0.026398416608572006,
          "Height": 0.019403094425797462,
          "Left": 0.3853892385959625,
          "Top": 0.47112956643104553
        },
        "Polygon": [
          {
            "X": 0.3853892385959625,
            "Y": 0.47112956643104553
          },
          {
            "X": 0.41159409284591675,
            "Y": 0.47117701172828674
          },
          {
            "X": 0.41178765892982483,
            "Y": 0.49053266644477844
          },
          {
            "X": 0.38557955622673035,
            "Y": 0.49048301577568054
          }
        ]
      },
      "Id": "6a6d48cb-88ad-4024-9a55-8aa6d99b9a5d",
      "Page": 1
    },
    {
      "BlockType": "WORD",
      "Confidence": 84.5482177734375,
      "Text": "164.5",
      "TextType": "PRINTED",
      "Geometry": {
        "BoundingBox": {
          "Width": 0.03355805203318596,
          "Height": 0.01923295669257641,
          "Left": 0.5341899394989014,
          "Top": 0.4712899625301361
        },
        "Polygon": [
          {
            "X": 0.5341899394989014,
            "Y": 0.4712899625301361
          },
          {
            "X": 0.5675371289253235,
            "Y": 0.4713503122329712
          },
          {
            "X": 0.5677480101585388,
            "Y": 0.49052292108535767
          },
          {
            "X": 0.5343967080116272,
            "Y": 0.49045976996421814
          }
        ]
      },
      "Id": "6e2461d5-3924-4896-9ac0-d3edfb5275eb",
      "Page": 1
    },
    {
      "BlockType": "WORD",
      "Confidence": 99.9080810546875,
      "Text": "4992",
      "TextType": "PRINTED",
      "Geometry": {
        "BoundingBox": {
          "Width": 0.032053425908088684,
          "Height": 0.019696036353707314,
          "Left": 0.668621838092804,
          "Top": 0.47118130326271057
        },
        "Polygon": [
          {
            "X": 0.668621838092804,
            "Y": 0.47118130326271057
          },
          {
            "X": 0.7004426121711731,
            "Y": 0.4712388515472412
          },
          {
            "X": 0.7006753087043762,
            "Y": 0.49087733030319214
          },
          {
            "X": 0.6688505411148071,
            "Y": 0.4908170998096466
          }
        ]
      },
      "Id": "0202380a-6478-4c21-bd6c-2972c7988e41",
      "Page": 1
    },
    {
      "BlockType": "WORD",
      "Confidence": 98.7942123413086,
      "Text": "EP-0.25",
      "TextType": "PRINTED",
      "Geometry": {
        "BoundingBox": {
          "Width": 0.04771503061056137,
          "Height": 0.019464097917079926,
          "Left": 0.2428228259086609,
          "Top": 0.5031535625457764
        },
        "Polygon": [
          {
            "X": 0.2428228259086609,
            "Y": 0.5031535625457764
          },
          {
            "X": 0.29035916924476624,
            "Y": 0.5032463073730469
          },
          {
            "X": 0.29053786396980286,
            "Y": 0.5226176977157593
          },
          {
            "X": 0.24299558997154236,
            "Y": 0.5225209593772888
          }
        ]
      },
      "Id": "ee56c0fe-e086-479f-9686-99f388303fee",
      "Page": 1
    },
    {
      "BlockType": "WORD",
      "Confidence": 68.53482818603516,
      "Text": "58,7",
      "TextType": "PRINTED",
      "Geometry": {
        "BoundingBox": {
          "Width": 0.026417570188641548,
          "Height": 0.01892564445734024,
          "Left": 0.38627904653549194,
          "Top": 0.5034262537956238
        },
        "Polygon": [
          {
            "X": 0.38627904653549194,
            "Y": 0.5034262537956238
          },
          {
            "X": 0.4125077724456787,
            "Y": 0.5034773945808411
          },
          {
            "X": 0.41269662976264954,
            "Y": 0.5223519206047058
          },
          {
            "X": 0.3864647150039673,
            "Y": 0.5222985744476318
          }
        ]
      },
      "Id": "3dde3460-14b3-4ff2-9d77-226770dd46e5",
      "Page": 1
    },
    {
      "BlockType": "WORD",
      "Confidence": 70.62934875488281,
      "Text": "162.4",
      "TextType": "PRINTED",
      "Geometry": {
        "BoundingBox": {
          "Width": 0.03398508578538895,
          "Height": 0.01905904710292816,
          "Left": 0.534485399723053,
          "Top": 0.5033186674118042
        },
        "Polygon": [
          {
            "X": 0.534485399723053,
            "Y": 0.5033186674118042
          },
          {
            "X": 0.5682615637779236,
            "Y": 0.503384530544281
          },
          {
            "X": 0.5684705376625061,
            "Y": 0.5223777294158936
          },
          {
            "X": 0.534690260887146,
            "Y": 0.5223091244697571
          }
        ]
      },
      "Id": "9d7ead2e-159a-4d82-b328-8b49ffb4f833",
      "Page": 1
    },
    {
      "BlockType": "WORD",
      "Confidence": 99.94580841064453,
      "Text": "4897",
      "TextType": "PRINTED",
      "Geometry": {
        "BoundingBox": {
          "Width": 0.03233671188354492,
          "Height": 0.01900631934404373,
          "Left": 0.668574333190918,
          "Top": 0.503423273563385
        },
        "Polygon": [
          {
            "X": 0.668574333190918,
            "Y": 0.503423273563385
          },
          {
            "X": 0.7006865739822388,
            "Y": 0.5034858584403992
          },
          {
            "X": 0.7009110450744629,
            "Y": 0.5224296450614929
          },
          {
            "X": 0.6687948107719421,
            "Y": 0.5223644375801086
          }
        ]
      },
      "Id": "def7ec4f-cbe5-41dc-be9b-5cd3bacc394a",
      "Page": 1
    },
    {
      "BlockType": "WORD",
      "Confidence": 98.89568328857422,
      "Text": "EP-0.5",
      "TextType": "PRINTED",
      "Geometry": {
        "BoundingBox": {
          "Width": 0.03979600593447685,
          "Height": 0.019713716581463814,
          "Left": 0.24283353984355927,
          "Top": 0.5350586175918579
        },
        "Polygon": [
          {
            "X": 0.24283353984355927,
            "Y": 0.5350586175918579
          },
          {
            "X": 0.28244951367378235,
            "Y": 0.5351413488388062
          },
          {
            "X": 0.2826295495033264,
            "Y": 0.5547723770141602
          },
          {
            "X": 0.2430085837841034,
            "Y": 0.5546862483024597
          }
        ]
      },
      "Id": "c1e16f5f-a969-4c7e-be97-cc08efd64907",
      "Page": 1
    },
    {
      "BlockType": "WORD",
      "Confidence": 62.180908203125,
      "Text": "57.9",
      "TextType": "PRINTED",
      "Geometry": {
        "BoundingBox": {
          "Width": 0.02667911909520626,
          "Height": 0.0192756075412035,
          "Left": 0.38626235723495483,
          "Top": 0.5355123281478882
        },
        "Polygon": [
          {
            "X": 0.38626235723495483,
            "Y": 0.5355123281478882
          },
          {
            "X": 0.41274920105934143,
            "Y": 0.5355677008628845
          },
          {
            "X": 0.41294148564338684,
            "Y": 0.5547879338264465
          },
          {
            "X": 0.3864513635635376,
            "Y": 0.5547304153442383
          }
        ]
      },
      "Id": "f8e8a31b-707c-430c-9dbb-639bfe01b027",
      "Page": 1
    },
    {
      "BlockType": "WORD",
      "Confidence": 86.36278533935547,
      "Text": "157.5",
      "TextType": "PRINTED",
      "Geometry": {
        "BoundingBox": {
          "Width": 0.03365382179617882,
          "Height": 0.018722547218203545,
          "Left": 0.5342242121696472,
          "Top": 0.5356286764144897
        },
        "Polygon": [
          {
            "X": 0.5342242121696472,
            "Y": 0.5356286764144897
          },
          {
            "X": 0.5676729679107666,
            "Y": 0.5356985330581665
          },
          {
            "X": 0.567878007888794,
            "Y": 0.554351270198822
          },
          {
            "X": 0.5344252586364746,
            "Y": 0.5542786717414856
          }
        ]
      },
      "Id": "ecbf80a8-e0e3-41ad-8ae3-8dc41a981af1",
      "Page": 1
    },
    {
      "BlockType": "WORD",
      "Confidence": 99.9659652709961,
      "Text": "4880",
      "TextType": "PRINTED",
      "Geometry": {
        "BoundingBox": {
          "Width": 0.03224983066320419,
          "Height": 0.01918702758848667,
          "Left": 0.6687712073326111,
          "Top": 0.5353201031684875
        },
        "Polygon": [
          {
            "X": 0.6687712073326111,
            "Y": 0.5353201031684875
          },
          {
            "X": 0.700794517993927,
            "Y": 0.5353869199752808
          },
          {
            "X": 0.7010210156440735,
            "Y": 0.5545071363449097
          },
          {
            "X": 0.6689937114715576,
            "Y": 0.5544376969337463
          }
        ]
      },
      "Id": "b917be5d-7241-4507-84bc-499f8047495d",
      "Page": 1
    },
    {
      "BlockType": "WORD",
      "Confidence": 99.83968353271484,
      "Text": "EP-1",
      "TextType": "PRINTED",
      "Geometry": {
        "BoundingBox": {
          "Width": 0.027448270469903946,
          "Height": 0.01946876011788845,
          "Left": 0.24267959594726562,
          "Top": 0.5659846067428589
        },
        "Polygon": [
          {
            "X": 0.24267959594726562,
            "Y": 0.5659846067428589
          },
          {
            "X": 0.2699514627456665,
            "Y": 0.5660452246665955
          },
          {
            "X": 0.2701278626918793,
            "Y": 0.5854533910751343
          },
          {
            "X": 0.2428526133298874,
            "Y": 0.5853904485702515
          }
        ]
      },
      "Id": "ffcbae43-0fc4-4723-92b5-6811e876b1bc",
      "Page": 1
    },
    {
      "BlockType": "WORD",
      "Confidence": 94.16307830810547,
      "Text": "50.8",
      "TextType": "PRINTED",
      "Geometry": {
        "BoundingBox": {
          "Width": 0.02618926577270031,
          "Height": 0.019163761287927628,
          "Left": 0.38631272315979004,
          "Top": 0.5662215948104858
        },
        "Polygon": [
          {
            "X": 0.38631272315979004,
            "Y": 0.5662215948104858
          },
          {
            "X": 0.412310928106308,
            "Y": 0.5662793517112732
          },
          {
            "X": 0.4125019907951355,
            "Y": 0.5853853821754456
          },
          {
            "X": 0.3865005671977997,
            "Y": 0.5853254199028015
          }
        ]
      },
      "Id": "1510df25-0f45-4c9d-89ff-2bdb06a4c609",
      "Page": 1
    },
    {
      "BlockType": "WORD",
      "Confidence": 99.75096130371094,
      "Text": "150.1",
      "TextType": "PRINTED",
      "Geometry": {
        "BoundingBox": {
          "Width": 0.03244867920875549,
          "Height": 0.019602522253990173,
          "Left": 0.5343136191368103,
          "Top": 0.565829873085022
        },
        "Polygon": [
          {
            "X": 0.5343136191368103,
            "Y": 0.565829873085022
          },
          {
            "X": 0.5665477514266968,
            "Y": 0.5659013986587524
          },
          {
            "X": 0.5667622685432434,
            "Y": 0.5854324102401733
          },
          {
            "X": 0.5345240831375122,
            "Y": 0.5853581428527832
          }
        ]
      },
      "Id": "5ea0caca-2cae-4509-aefc-0834521c0349",
      "Page": 1
    },
    {
      "BlockType": "WORD",
      "Confidence": 99.98505401611328,
      "Text": "4349",
      "TextType": "PRINTED",
      "Geometry": {
        "BoundingBox": {
          "Width": 0.03206312283873558,
          "Height": 0.01956956274807453,
          "Left": 0.6688057780265808,
          "Top": 0.5658360719680786
        },
        "Polygon": [
          {
            "X": 0.6688057780265808,
            "Y": 0.5658360719680786
          },
          {
            "X": 0.7006379961967468,
            "Y": 0.5659066438674927
          },
          {
            "X": 0.7008689045906067,
            "Y": 0.5854056477546692
          },
          {
            "X": 0.6690326929092407,
            "Y": 0.5853323340415955
          }
        ]
      },
      "Id": "d2aa6331-d54b-4375-a457-cbd0bdc8f215",
      "Page": 1
    },
    {
      "BlockType": "TABLE",
      "Confidence": 99.8046875,
      "Geometry": {
        "BoundingBox": {
          "Width": 0.5323852896690369,
          "Height": 0.19179272651672363,
          "Left": 0.22665280103683472,
          "Top": 0.4055938422679901
        },
        "Polygon": [
          {
            "X": 0.22665280103683472,
            "Y": 0.4055938422679901
          },
          {
            "X": 0.7567055821418762,
            "Y": 0.406403511762619
          },
          {
            "X": 0.7590380907058716,
            "Y": 0.5973865389823914
          },
          {
            "X": 0.22833381593227386,
            "Y": 0.5961377620697021
          }
        ]
      },
      "Id": "727b6291-2e00-4e0e-965e-5aa747ad1c00",
      "Relationships": [
        {
          "Type": "CHILD",
          "Ids": [
            "f450711a-45fc-48be-b26b-46b47d43a2a5",
            "5b8ff2fe-9a4b-4496-aefe-d39ef716c46b",
            "aecbd4d4-6323-469a-918a-719912c25da6",
            "a2324663-2d01-4d5b-aaed-2f56e8fafa04",
            "7ecd21de-f0d6-4f79-b745-ebb1d569389d",
            "3260f788-86da-464d-9b80-ce87b529cca5",
            "001d294e-3f20-47bd-8cae-bd04b0b56908",
            "fe409adf-e274-4aa2-a0d2-98be83935991",
            "e47b2a72-e9af-4c84-88aa-3c7b4671e6d2",
            "5cb134d7-76df-46e6-a7f6-a3716d622369",
            "e6633476-bf67-43fe-9d02-eec01e39576b",
            "45f0810c-a6a6-4065-b62b-276f107d4cb2",
            "be412864-b519-4e3a-a840-c37d498a6d5b",
            "9620c0f6-ac10-4e9b-88ae-47da2bf0f188",
            "0357051b-3719-4730-8775-3bd6ff4a22a7",
            "e4471f46-6005-4a81-b5fa-e1cf802cd34b",
            "fc0566c8-91b0-4327-9192-f6c3d72df85a",
            "e767b578-f768-48aa-af3c-7b6fe59290d0",
            "f680992a-c09d-4022-acf2-0cdce4c5378b",
            "ac29fc99-f9df-4c90-892d-08a8ee5e725c"
          ]
        }
      ],
      "EntityTypes": [
        "STRUCTURED_TABLE"
      ],
      "Page": 1
    },
    {
      "BlockType": "CELL",
      "Confidence": 90.478515625,
      "RowIndex": 1,
      "ColumnIndex": 1,
      "RowSpan": 1,
      "ColumnSpan": 1,
      "Geometry": {
        "BoundingBox": {
          "Width": 0.11208055913448334,
          "Height": 0.05047452822327614,
          "Left": 0.22665280103683472,
          "Top": 0.4055938422679901
        },
        "Polygon": [
          {
            "X": 0.22665280103683472,
            "Y": 0.4055938422679901
          },
          {
            "X": 0.3382536470890045,
            "Y": 0.40576431155204773
          },
          {
            "X": 0.33873334527015686,
            "Y": 0.45606836676597595
          },
          {
            "X": 0.22709637880325317,
            "Y": 0.4558735191822052
          }
        ]
      },
      "Id": "f450711a-45fc-48be-b26b-46b47d43a2a5",
      "Relationships": [
        {
          "Type": "CHILD",
          "Ids": [
            "a1503189-3458-4ffd-b1ca-4491be639a01"
          ]
        }
      ],
      "EntityTypes": [
        "COLUMN_HEADER"
      ],
      "Page": 1
    },
    {
      "BlockType": "CELL",
      "Confidence": 94.04296875,
      "RowIndex": 1,
      "ColumnIndex": 2,
      "RowSpan": 1,
      "ColumnSpan": 1,
      "Geometry": {
        "BoundingBox": {
          "Width": 0.15104824304580688,
          "Height": 0.05056685581803322,
          "Left": 0.3382536470890045,
          "Top": 0.40576431155204773
        },
        "Polygon": [
          {
            "X": 0.3382536470890045,
            "Y": 0.40576431155204773
          },
          {
            "X": 0.4887734055519104,
            "Y": 0.4059942364692688
          },
          {
            "X": 0.4893018901348114,
            "Y": 0.45633116364479065
          },
          {
            "X": 0.33873334527015686,
            "Y": 0.45606836676597595
          }
        ]
      },
      "Id": "5b8ff2fe-9a4b-4496-aefe-d39ef716c46b",
      "Relationships": [
        {
          "Type": "CHILD",
          "Ids": [
            "5ac7082c-1d87-45bc-a90f-c6227fdfb434",
            "9bf76fbe-b7bd-4c58-aaab-b0db0d031000"
          ]
        }
      ],
      "EntityTypes": [
        "COLUMN_HEADER"
      ],
      "Page": 1
    },
    {
      "BlockType": "CELL",
      "Confidence": 93.310546875,
      "RowIndex": 1,
      "ColumnIndex": 3,
      "RowSpan": 1,
      "ColumnSpan": 1,
      "Geometry": {
        "BoundingBox": {
          "Width": 0.1384708285331726,
          "Height": 0.050577692687511444,
          "Left": 0.4887734055519104,
          "Top": 0.4059942364692688
        },
        "Polygon": [
          {
            "X": 0.4887734055519104,
            "Y": 0.4059942364692688
          },
          {
            "X": 0.6266710162162781,
            "Y": 0.40620487928390503
          },
          {
            "X": 0.627244234085083,
            "Y": 0.45657193660736084
          },
          {
            "X": 0.4893018901348114,
            "Y": 0.45633116364479065
          }
        ]
      },
      "Id": "aecbd4d4-6323-469a-918a-719912c25da6",
      "Relationships": [
        {
          "Type": "CHILD",
          "Ids": [
            "9d33783d-a97d-4ef3-9959-d5fa21f4bbc1",
            "d5eff796-86b9-4294-9e05-f53163360473"
          ]
        }
      ],
      "EntityTypes": [
        "COLUMN_HEADER"
      ],
      "Page": 1
    },
    {
      "BlockType": "CELL",
      "Confidence": 92.724609375,
      "RowIndex": 1,
      "ColumnIndex": 4,
      "RowSpan": 1,
      "ColumnSpan": 1,
      "Geometry": {
        "BoundingBox": {
          "Width": 0.13065007328987122,
          "Height": 0.050594083964824677,
          "Left": 0.6266710162162781,
          "Top": 0.40620487928390503
        },
        "Polygon": [
          {
            "X": 0.6266710162162781,
            "Y": 0.40620487928390503
          },
          {
            "X": 0.7567055821418762,
            "Y": 0.406403511762619
          },
          {
            "X": 0.7573210597038269,
            "Y": 0.4567989706993103
          },
          {
            "X": 0.627244234085083,
            "Y": 0.45657193660736084
          }
        ]
      },
      "Id": "a2324663-2d01-4d5b-aaed-2f56e8fafa04",
      "Relationships": [
        {
          "Type": "CHILD",
          "Ids": [
            "a4656527-9d90-40ea-aac2-ea62037dcbc7",
            "f3d6df0e-00fe-478b-bd66-2627417844ab"
          ]
        }
      ],
      "EntityTypes": [
        "COLUMN_HEADER"
      ],
      "Page": 1
    },
    {
      "BlockType": "CELL",
      "Confidence": 87.255859375,
      "RowIndex": 2,
      "ColumnIndex": 1,
      "RowSpan": 1,
      "ColumnSpan": 1,
      "Geometry": {
        "BoundingBox": {
          "Width": 0.11202063411474228,
          "Height": 0.040426112711429596,
          "Left": 0.22709637880325317,
          "Top": 0.4558735191822052
        },
        "Polygon": [
          {
            "X": 0.22709637880325317,
            "Y": 0.4558735191822052
          },
          {
            "X": 0.33873334527015686,
            "Y": 0.45606836676597595
          },
          {
            "X": 0.33911702036857605,
            "Y": 0.4962996244430542
          },
          {
            "X": 0.2274511307477951,
            "Y": 0.4960852861404419
          }
        ]
      },
      "Id": "7ecd21de-f0d6-4f79-b745-ebb1d569389d",
      "Relationships": [
        {
          "Type": "CHILD",
          "Ids": [
            "47c413a9-90ae-4a00-adab-587f3f62d187"
          ]
        }
      ],
      "Page": 1
    },
    {
      "BlockType": "CELL",
      "Confidence": 90.673828125,
      "RowIndex": 2,
      "ColumnIndex": 2,
      "RowSpan": 1,
      "ColumnSpan": 1,
      "Geometry": {
        "BoundingBox": {
          "Width": 0.15099120140075684,
          "Height": 0.04052037000656128,
          "Left": 0.33873334527015686,
          "Top": 0.45606836676597595
        },
        "Polygon": [
          {
            "X": 0.33873334527015686,
            "Y": 0.45606836676597595
          },
          {
            "X": 0.4893018901348114,
            "Y": 0.45633116364479065
          },
          {
            "X": 0.4897245466709137,
            "Y": 0.49658873677253723
          },
          {
            "X": 0.33911702036857605,
            "Y": 0.4962996244430542
          }
        ]
      },
      "Id": "3260f788-86da-464d-9b80-ce87b529cca5",
      "Relationships": [
        {
          "Type": "CHILD",
          "Ids": [
            "6a6d48cb-88ad-4024-9a55-8aa6d99b9a5d"
          ]
        }
      ],
      "Page": 1
    },
    {
      "BlockType": "CELL",
      "Confidence": 89.990234375,
      "RowIndex": 2,
      "ColumnIndex": 3,
      "RowSpan": 1,
      "ColumnSpan": 1,
      "Geometry": {
        "BoundingBox": {
          "Width": 0.13840079307556152,
          "Height": 0.04052243381738663,
          "Left": 0.4893018901348114,
          "Top": 0.45633116364479065
        },
        "Polygon": [
          {
            "X": 0.4893018901348114,
            "Y": 0.45633116364479065
          },
          {
            "X": 0.627244234085083,
            "Y": 0.45657193660736084
          },
          {
            "X": 0.6277027130126953,
            "Y": 0.49685361981391907
          },
          {
            "X": 0.4897245466709137,
            "Y": 0.49658873677253723
          }
        ]
      },
      "Id": "001d294e-3f20-47bd-8cae-bd04b0b56908",
      "Relationships": [
        {
          "Type": "CHILD",
          "Ids": [
            "6e2461d5-3924-4896-9ac0-d3edfb5275eb"
          ]
        }
      ],
      "Page": 1
    },
    {
      "BlockType": "CELL",
      "Confidence": 89.453125,
      "RowIndex": 2,
      "ColumnIndex": 4,
      "RowSpan": 1,
      "ColumnSpan": 1,
      "Geometry": {
        "BoundingBox": {
          "Width": 0.13056908547878265,
          "Height": 0.04053143411874771,
          "Left": 0.627244234085083,
          "Top": 0.45657193660736084
        },
        "Polygon": [
          {
            "X": 0.627244234085083,
            "Y": 0.45657193660736084
          },
          {
            "X": 0.7573210597038269,
            "Y": 0.4567989706993103
          },
          {
            "X": 0.7578133344650269,
            "Y": 0.49710336327552795
          },
          {
            "X": 0.6277027130126953,
            "Y": 0.49685361981391907
          }
        ]
      },
      "Id": "fe409adf-e274-4aa2-a0d2-98be83935991",
      "Relationships": [
        {
          "Type": "CHILD",
          "Ids": [
            "0202380a-6478-4c21-bd6c-2972c7988e41"
          ]
        }
      ],
      "Page": 1
    },
    {
      "BlockType": "CELL",
      "Confidence": 85.83984375,
      "RowIndex": 3,
      "ColumnIndex": 1,
      "RowSpan": 1,
      "ColumnSpan": 1,
      "Geometry": {
        "BoundingBox": {
          "Width": 0.11197293549776077,
          "Height": 0.0324142724275589,
          "Left": 0.2274511307477951,
          "Top": 0.4960852861404419
        },
        "Polygon": [
          {
            "X": 0.2274511307477951,
            "Y": 0.4960852861404419
          },
          {
            "X": 0.33911702036857605,
            "Y": 0.4962996244430542
          },
          {
            "X": 0.3394240736961365,
            "Y": 0.5284995436668396
          },
          {
            "X": 0.22773507237434387,
            "Y": 0.5282695889472961
          }
        ]
      },
      "Id": "e47b2a72-e9af-4c84-88aa-3c7b4671e6d2",
      "Relationships": [
        {
          "Type": "CHILD",
          "Ids": [
            "ee56c0fe-e086-479f-9686-99f388303fee"
          ]
        }
      ],
      "Page": 1
    },
    {
      "BlockType": "CELL",
      "Confidence": 89.208984375,
      "RowIndex": 3,
      "ColumnIndex": 2,
      "RowSpan": 1,
      "ColumnSpan": 1,
      "Geometry": {
        "BoundingBox": {
          "Width": 0.15094584226608276,
          "Height": 0.03251009061932564,
          "Left": 0.33911702036857605,
          "Top": 0.4962996244430542
        },
        "Polygon": [
          {
            "X": 0.33911702036857605,
            "Y": 0.4962996244430542
          },
          {
            "X": 0.4897245466709137,
            "Y": 0.49658873677253723
          },
          {
            "X": 0.4900628328323364,
            "Y": 0.5288097262382507
          },
          {
            "X": 0.3394240736961365,
            "Y": 0.5284995436668396
          }
        ]
      },
      "Id": "5cb134d7-76df-46e6-a7f6-a3716d622369",
      "Relationships": [
        {
          "Type": "CHILD",
          "Ids": [
            "3dde3460-14b3-4ff2-9d77-226770dd46e5"
          ]
        }
      ],
      "Page": 1
    },
    {
      "BlockType": "CELL",
      "Confidence": 88.57421875,
      "RowIndex": 3,
      "ColumnIndex": 3,
      "RowSpan": 1,
      "ColumnSpan": 1,
      "Geometry": {
        "BoundingBox": {
          "Width": 0.13834506273269653,
          "Height": 0.03250514715909958,
          "Left": 0.4897245466709137,
          "Top": 0.49658873677253723
        },
        "Polygon": [
          {
            "X": 0.4897245466709137,
            "Y": 0.49658873677253723
          },
          {
            "X": 0.6277027130126953,
            "Y": 0.49685361981391907
          },
          {
            "X": 0.6280696392059326,
            "Y": 0.529093861579895
          },
          {
            "X": 0.4900628328323364,
            "Y": 0.5288097262382507
          }
        ]
      },
      "Id": "e6633476-bf67-43fe-9d02-eec01e39576b",
      "Relationships": [
        {
          "Type": "CHILD",
          "Ids": [
            "9d7ead2e-159a-4d82-b328-8b49ffb4f833"
          ]
        }
      ],
      "Page": 1
    },
    {
      "BlockType": "CELL",
      "Confidence": 87.98828125,
      "RowIndex": 3,
      "ColumnIndex": 4,
      "RowSpan": 1,
      "ColumnSpan": 1,
      "Geometry": {
        "BoundingBox": {
          "Width": 0.13050460815429688,
          "Height": 0.0325082466006279,
          "Left": 0.6277027130126953,
          "Top": 0.49685361981391907
        },
        "Polygon": [
          {
            "X": 0.6277027130126953,
            "Y": 0.49685361981391907
          },
          {
            "X": 0.7578133344650269,
            "Y": 0.49710336327552795
          },
          {
            "X": 0.7582072615623474,
            "Y": 0.5293618440628052
          },
          {
            "X": 0.6280696392059326,
            "Y": 0.529093861579895
          }
        ]
      },
      "Id": "45f0810c-a6a6-4065-b62b-276f107d4cb2",
      "Relationships": [
        {
          "Type": "CHILD",
          "Ids": [
            "def7ec4f-cbe5-41dc-be9b-5cd3bacc394a"
          ]
        }
      ],
      "Page": 1
    },
    {
      "BlockType": "CELL",
      "Confidence": 83.154296875,
      "RowIndex": 4,
      "ColumnIndex": 1,
      "RowSpan": 1,
      "ColumnSpan": 1,
      "Geometry": {
        "BoundingBox": {
          "Width": 0.11199618875980377,
          "Height": 0.032443154603242874,
          "Left": 0.22773507237434387,
          "Top": 0.5282695889472961
        },
        "Polygon": [
          {
            "X": 0.22773507237434387,
            "Y": 0.5282695889472961
          },
          {
            "X": 0.3394240736961365,
            "Y": 0.5284995436668396
          },
          {
            "X": 0.33973124623298645,
            "Y": 0.5607127547264099
          },
          {
            "X": 0.228019118309021,
            "Y": 0.5604671239852905
          }
        ]
      },
      "Id": "be412864-b519-4e3a-a840-c37d498a6d5b",
      "Relationships": [
        {
          "Type": "CHILD",
          "Ids": [
            "c1e16f5f-a969-4c7e-be97-cc08efd64907"
          ]
        }
      ],
      "Page": 1
    },
    {
      "BlockType": "CELL",
      "Confidence": 86.474609375,
      "RowIndex": 4,
      "ColumnIndex": 2,
      "RowSpan": 1,
      "ColumnSpan": 1,
      "Geometry": {
        "BoundingBox": {
          "Width": 0.1509772092103958,
          "Height": 0.03254443779587746,
          "Left": 0.3394240736961365,
          "Top": 0.5284995436668396
        },
        "Polygon": [
          {
            "X": 0.3394240736961365,
            "Y": 0.5284995436668396
          },
          {
            "X": 0.4900628328323364,
            "Y": 0.5288097262382507
          },
          {
            "X": 0.4904012680053711,
            "Y": 0.5610439777374268
          },
          {
            "X": 0.33973124623298645,
            "Y": 0.5607127547264099
          }
        ]
      },
      "Id": "9620c0f6-ac10-4e9b-88ae-47da2bf0f188",
      "Relationships": [
        {
          "Type": "CHILD",
          "Ids": [
            "f8e8a31b-707c-430c-9dbb-639bfe01b027"
          ]
        }
      ],
      "Page": 1
    },
    {
      "BlockType": "CELL",
      "Confidence": 85.791015625,
      "RowIndex": 4,
      "ColumnIndex": 3,
      "RowSpan": 1,
      "ColumnSpan": 1,
      "Geometry": {
        "BoundingBox": {
          "Width": 0.13837386667728424,
          "Height": 0.03253774344921112,
          "Left": 0.4900628328323364,
          "Top": 0.5288097262382507
        },
        "Polygon": [
          {
            "X": 0.4900628328323364,
            "Y": 0.5288097262382507
          },
          {
            "X": 0.6280696392059326,
            "Y": 0.529093861579895
          },
          {
            "X": 0.6284366846084595,
            "Y": 0.561347484588623
          },
          {
            "X": 0.4904012680053711,
            "Y": 0.5610439777374268
          }
        ]
      },
      "Id": "0357051b-3719-4730-8775-3bd6ff4a22a7",
      "Relationships": [
        {
          "Type": "CHILD",
          "Ids": [
            "ecbf80a8-e0e3-41ad-8ae3-8dc41a981af1"
          ]
        }
      ],
      "Page": 1
    },
    {
      "BlockType": "CELL",
      "Confidence": 85.25390625,
      "RowIndex": 4,
      "ColumnIndex": 4,
      "RowSpan": 1,
      "ColumnSpan": 1,
      "Geometry": {
        "BoundingBox": {
          "Width": 0.13053180277347565,
          "Height": 0.03253975510597229,
          "Left": 0.6280696392059326,
          "Top": 0.529093861579895
        },
        "Polygon": [
          {
            "X": 0.6280696392059326,
            "Y": 0.529093861579895
          },
          {
            "X": 0.7582072615623474,
            "Y": 0.5293618440628052
          },
          {
            "X": 0.7586014270782471,
            "Y": 0.5616336464881897
          },
          {
            "X": 0.6284366846084595,
            "Y": 0.561347484588623
          }
        ]
      },
      "Id": "e4471f46-6005-4a81-b5fa-e1cf802cd34b",
      "Relationships": [
        {
          "Type": "CHILD",
          "Ids": [
            "b917be5d-7241-4507-84bc-499f8047495d"
          ]
        }
      ],
      "Page": 1
    },
    {
      "BlockType": "CELL",
      "Confidence": 87.841796875,
      "RowIndex": 5,
      "ColumnIndex": 1,
      "RowSpan": 1,
      "ColumnSpan": 1,
      "Geometry": {
        "BoundingBox": {
          "Width": 0.11205246299505234,
          "Height": 0.035933561623096466,
          "Left": 0.228019118309021,
          "Top": 0.5604671239852905
        },
        "Polygon": [
          {
            "X": 0.228019118309021,
            "Y": 0.5604671239852905
          },
          {
            "X": 0.33973124623298645,
            "Y": 0.5607127547264099
          },
          {
            "X": 0.34007158875465393,
            "Y": 0.5964006781578064
          },
          {
            "X": 0.22833381593227386,
            "Y": 0.5961377620697021
          }
        ]
      },
      "Id": "fc0566c8-91b0-4327-9192-f6c3d72df85a",
      "Relationships": [
        {
          "Type": "CHILD",
          "Ids": [
            "ffcbae43-0fc4-4723-92b5-6811e876b1bc"
          ]
        }
      ],
      "Page": 1
    },
    {
      "BlockType": "CELL",
      "Confidence": 91.30859375,
      "RowIndex": 5,
      "ColumnIndex": 2,
      "RowSpan": 1,
      "ColumnSpan": 1,
      "Geometry": {
        "BoundingBox": {
          "Width": 0.15104494988918304,
          "Height": 0.036042582243680954,
          "Left": 0.33973124623298645,
          "Top": 0.5607127547264099
        },
        "Polygon": [
          {
            "X": 0.33973124623298645,
            "Y": 0.5607127547264099
          },
          {
            "X": 0.4904012680053711,
            "Y": 0.5610439777374268
          },
          {
            "X": 0.4907762110233307,
            "Y": 0.59675532579422
          },
          {
            "X": 0.34007158875465393,
            "Y": 0.5964006781578064
          }
        ]
      },
      "Id": "e767b578-f768-48aa-af3c-7b6fe59290d0",
      "Relationships": [
        {
          "Type": "CHILD",
          "Ids": [
            "1510df25-0f45-4c9d-89ff-2bdb06a4c609"
          ]
        }
      ],
      "Page": 1
    },
    {
      "BlockType": "CELL",
      "Confidence": 90.625,
      "RowIndex": 5,
      "ColumnIndex": 3,
      "RowSpan": 1,
      "ColumnSpan": 1,
      "Geometry": {
        "BoundingBox": {
          "Width": 0.13844211399555206,
          "Height": 0.036036211997270584,
          "Left": 0.4904012680053711,
          "Top": 0.5610439777374268
        },
        "Polygon": [
          {
            "X": 0.4904012680053711,
            "Y": 0.5610439777374268
          },
          {
            "X": 0.6284366846084595,
            "Y": 0.561347484588623
          },
          {
            "X": 0.628843367099762,
            "Y": 0.5970801711082458
          },
          {
            "X": 0.4907762110233307,
            "Y": 0.59675532579422
          }
        ]
      },
      "Id": "f680992a-c09d-4022-acf2-0cdce4c5378b",
      "Relationships": [
        {
          "Type": "CHILD",
          "Ids": [
            "5ea0caca-2cae-4509-aefc-0834521c0349"
          ]
        }
      ],
      "Page": 1
    },
    {
      "BlockType": "CELL",
      "Confidence": 90.0390625,
      "RowIndex": 5,
      "ColumnIndex": 4,
      "RowSpan": 1,
      "ColumnSpan": 1,
      "Geometry": {
        "BoundingBox": {
          "Width": 0.13060137629508972,
          "Height": 0.036039095371961594,
          "Left": 0.6284366846084595,
          "Top": 0.561347484588623
        },
        "Polygon": [
          {
            "X": 0.6284366846084595,
            "Y": 0.561347484588623
          },
          {
            "X": 0.7586014270782471,
            "Y": 0.5616336464881897
          },
          {
            "X": 0.7590380907058716,
            "Y": 0.5973865389823914
          },
          {
            "X": 0.628843367099762,
            "Y": 0.5970801711082458
          }
        ]
      },
      "Id": "ac29fc99-f9df-4c90-892d-08a8ee5e725c",
      "Relationships": [
        {
          "Type": "CHILD",
          "Ids": [
            "d2aa6331-d54b-4375-a457-cbd0bdc8f215"
          ]
        }
      ],
      "Page": 1
    }
  ],
  "AnalyzeDocumentModelVersion": "1.0"
}