{
  "DocumentMetadata": {
    "Pages": 1
  },
  "JobStatus": "SUCCEEDED",
  "Blocks": [
    {
      "BlockType": "PAGE",
      "Geometry": {
        "BoundingBox": {
          "Width": 1,
          "Height": 1,
          "Left": 0,
          "Top": 0
        },
        "Polygon": [
          {
            "X": 0,
            "Y": 0.000006137009677331662
          },
          {
            "X": 1,
            "Y": 0
          },
          {
            "X": 1,
            "Y": 1
          },
          {
            "X": 0.000004480540155782364,
            "Y": 1
          }
        ]
      },
      "Id": "a8c92a1a-9c65-4d22-be5d-687fb5b7f574",
      "Relationships": [
        {
          "Type": "CHILD",
          "Ids": [
            "9406c3db-7677-4103-853d-10bf3b1f54dc",
            "cb4c336f-0ca2-4031-8313-88aee1ec2ce4",
            "ac82f796-8532-46d4-a85e-3695d6695b2c",
            "a0c9fd53-b5c3-4804-81b5-f4f72eba8dc6",
            "89d3402b-b6b7-4492-9f7a-5388952c212c",
            "475da429-2832-4930-bbe3-eb3f02ae753a",
            "1cfb5580-225f-4225-95e1-b8ca3e81ee34",
            "d2ba2423-183e-40e9-a6d9-dcf0b5606d33",
            "12236483-345e-4a3e-a6cb-4c9a0a95c566",
            "34575291-9b41-4ab3-8c77-7d2f1a7b8523",
            "c466f44d-5661-4410-abc3-d244e121a1d9",
            "77d2c72a-10ef-4bb2-a5fa-527b494d9630",
            "78bc6c48-75ff-4e10-b04f-a2221777a201",
            "c0e10cff-c1b3-4aeb-b84b-5d5a4166b4d2",
            "71d3b444-887d-4b85-a2c4-22ac79445ae9",
            "b6a5917b-97c1-4562-b0a5-71ac3dd99ef6",
            "ce9a9473-2ee2-4b19-bc19-dd3ae0999c22",
            "d60629f5-be83-4b13-a5b7-990a341144d4",
            "ea5f4956-c7ea-458f-915f-c4c1ec9cd59d",
            "d90373b5-754c-400f-9f27-05d2e10291aa",
            "16f6d384-3573-47ce-91b0-ebf8a02718cd",
            "26074a60-e5b6-4a3f-9cdc-454d0fa1cc18",
            "f1328963-011b-49f7-b646-e98e984ef86b"
          ]
        }
      ],
      "Page": 1
    },
    {
      "BlockType": "LINE",
      "Confidence": 99.9273910522461,
      "Text": "CNT loading",
      "Geometry": {
        "BoundingBox": {
          "Width": 0.07460420578718185,
          "Height": 0.020734984427690506,
          "Left": 0.25691643357276917,
          "Top": 0.36020317673683167
        },
        "Polygon": [
          {
            "X": 0.25691643357276917,
            "Y": 0.36020317673683167
          },
          {
            "X": 0.33141735196113586,
            "Y": 0.36021625995635986
          },
          {
            "X": 0.33152061700820923,
            "Y": 0.38093817234039307
          },
          {
            "X": 0.25701460242271423,
            "Y": 0.3809175491333008
          }
        ]
      },
      "Id": "9406c3db-7677-4103-853d-10bf3b1f54dc",
      "Relationships": [
        {
          "Type": "CHILD",
          "Ids": [
            "020f25d7-0948-4009-8c3e-27f8ede576e2",
            "75d49864-faf9-4412-a31f-71023594c8cc"
          ]
        }
      ],
      "Page": 1
    },
    {
      "BlockType": "LINE",
      "Confidence": 99.12810516357422,
      "Text": "Tg",
      "Geometry": {
        "BoundingBox": {
          "Width": 0.012464562430977821,
          "Height": 0.020780112594366074,
          "Left": 0.4646087884902954,
          "Top": 0.36282095313072205
        },
        "Polygon": [
          {
            "X": 0.4646087884902954,
            "Y": 0.36282095313072205
          },
          {
            "X": 0.47695988416671753,
            "Y": 0.3628232777118683
          },
          {
            "X": 0.4770733416080475,
            "Y": 0.3836010694503784
          },
          {
            "X": 0.4647214114665985,
            "Y": 0.3835974931716919
          }
        ]
      },
      "Id": "cb4c336f-0ca2-4031-8313-88aee1ec2ce4",
      "Relationships": [
        {
          "Type": "CHILD",
          "Ids": [
            "809ec7d5-408f-454e-b276-95ef0209724a"
          ]
        }
      ],
      "Page": 1
    },
    {
      "BlockType": "LINE",
      "Confidence": 99.58170318603516,
      "Text": "A-CNT/epoxy",
      "Geometry": {
        "BoundingBox": {
          "Width": 0.0826813280582428,
          "Height": 0.019977638497948647,
          "Left": 0.46395406126976013,
          "Top": 0.4201430082321167
        },
        "Polygon": [
          {
            "X": 0.46395406126976013,
            "Y": 0.4201430082321167
          },
          {
            "X": 0.5465219616889954,
            "Y": 0.42018166184425354
          },
          {
            "X": 0.5466353893280029,
            "Y": 0.440120667219162
          },
          {
            "X": 0.46406203508377075,
            "Y": 0.44007396697998047
          }
        ]
      },
      "Id": "ac82f796-8532-46d4-a85e-3695d6695b2c",
      "Relationships": [
        {
          "Type": "CHILD",
          "Ids": [
            "88ba19c1-b0f6-47e4-8f26-b949b4f6316e"
          ]
        }
      ],
      "Page": 1
    },
    {
      "BlockType": "LINE",
      "Confidence": 99.35540771484375,
      "Text": "B-CNT/epoxy",
      "Geometry": {
        "BoundingBox": {
          "Width": 0.08034950494766235,
          "Height": 0.019864091649651527,
          "Left": 0.6803685426712036,
          "Top": 0.42026829719543457
        },
        "Polygon": [
          {
            "X": 0.6803685426712036,
            "Y": 0.42026829719543457
          },
          {
            "X": 0.7605913877487183,
            "Y": 0.42030584812164307
          },
          {
            "X": 0.760718047618866,
            "Y": 0.44013237953186035
          },
          {
            "X": 0.6804899573326111,
            "Y": 0.44008708000183105
          }
        ]
      },
      "Id": "a0c9fd53-b5c3-4804-81b5-f4f72eba8dc6",
      "Relationships": [
        {
          "Type": "CHILD",
          "Ids": [
            "a51acb8f-4448-40e8-b64f-84b2005b1ec7"
          ]
        }
      ],
      "Page": 1
    },
    {
      "BlockType": "LINE",
      "Confidence": 98.70914459228516,
      "Text": "0",
      "Geometry": {
        "BoundingBox": {
          "Width": 0.007204172667115927,
          "Height": 0.014834431931376457,
          "Left": 0.2567591369152069,
          "Top": 0.4728846251964569
        },
        "Polygon": [
          {
            "X": 0.2567591369152069,
            "Y": 0.4728846251964569
          },
          {
            "X": 0.2638927102088928,
            "Y": 0.47288981080055237
          },
          {
            "X": 0.2639633119106293,
            "Y": 0.4877190589904785
          },
          {
            "X": 0.2568294107913971,
            "Y": 0.48771336674690247
          }
        ]
      },
      "Id": "89d3402b-b6b7-4492-9f7a-5388952c212c",
      "Relationships": [
        {
          "Type": "CHILD",
          "Ids": [
            "f2648381-4ac0-445b-ae02-6723b6b1e62e"
          ]
        }
      ],
      "Page": 1
    },
    {
      "BlockType": "LINE",
      "Confidence": 97.22734069824219,
      "Text": "81.1 + 1.1",
      "Geometry": {
        "BoundingBox": {
          "Width": 0.06248898804187775,
          "Height": 0.016780106350779533,
          "Left": 0.4652659595012665,
          "Top": 0.47200292348861694
        },
        "Polygon": [
          {
            "X": 0.4652659595012665,
            "Y": 0.47200292348861694
          },
          {
            "X": 0.5276608467102051,
            "Y": 0.4720478951931
          },
          {
            "X": 0.5277549624443054,
            "Y": 0.4887830317020416
          },
          {
            "X": 0.46535664796829224,
            "Y": 0.4887329339981079
          }
        ]
      },
      "Id": "475da429-2832-4930-bbe3-eb3f02ae753a",
      "Relationships": [
        {
          "Type": "CHILD",
          "Ids": [
            "6a9e65a9-9469-4749-9fba-de57ad850ddc",
            "f8410c1f-941e-4963-a0a5-ab1f1feb55d2",
            "3ca657f6-adb8-43a5-8780-aeed00ef61cd"
          ]
        }
      ],
      "Page": 1
    },
    {
      "BlockType": "LINE",
      "Confidence": 98.25254821777344,
      "Text": "81.1 + 1.1",
      "Geometry": {
        "BoundingBox": {
          "Width": 0.062201328575611115,
          "Height": 0.017064791172742844,
          "Left": 0.6806880831718445,
          "Top": 0.4720635712146759
        },
        "Polygon": [
          {
            "X": 0.6806880831718445,
            "Y": 0.4720635712146759
          },
          {
            "X": 0.7427816987037659,
            "Y": 0.47210830450057983
          },
          {
            "X": 0.742889404296875,
            "Y": 0.48912835121154785
          },
          {
            "X": 0.6807923316955566,
            "Y": 0.48907843232154846
          }
        ]
      },
      "Id": "1cfb5580-225f-4225-95e1-b8ca3e81ee34",
      "Relationships": [
        {
          "Type": "CHILD",
          "Ids": [
            "6ab27865-74f0-42ba-b825-675049503d41",
            "564a7751-c3cf-4065-9f06-0927ea420a46",
            "2d2bb65a-267e-411e-a401-1038f8aefa3a"
          ]
        }
      ],
      "Page": 1
    },
    {
      "BlockType": "LINE",
      "Confidence": 78.30377960205078,
      "Text": "0.1",
      "Geometry": {
        "BoundingBox": {
          "Width": 0.017313646152615547,
          "Height": 0.015079869888722897,
          "Left": 0.2568155825138092,
          "Top": 0.5005432963371277
        },
        "Polygon": [
          {
            "X": 0.2568155825138092,
            "Y": 0.5005432963371277
          },
          {
            "X": 0.274057000875473,
            "Y": 0.5005581378936768
          },
          {
            "X": 0.2741292417049408,
            "Y": 0.515623152256012
          },
          {
            "X": 0.25688695907592773,
            "Y": 0.5156070590019226
          }
        ]
      },
      "Id": "d2ba2423-183e-40e9-a6d9-dcf0b5606d33",
      "Relationships": [
        {
          "Type": "CHILD",
          "Ids": [
            "03c82eeb-c36e-47c8-92da-d3c561ac8ffe"
          ]
        }
      ],
      "Page": 1
    },
    {
      "BlockType": "LINE",
      "Confidence": 96.07344055175781,
      "Text": "83.8 + 1.0",
      "Geometry": {
        "BoundingBox": {
          "Width": 0.06345641613006592,
          "Height": 0.016771171241998672,
          "Left": 0.46547731757164,
          "Top": 0.4998399317264557
        },
        "Polygon": [
          {
            "X": 0.46547731757164,
            "Y": 0.4998399317264557
          },
          {
            "X": 0.528839647769928,
            "Y": 0.49989423155784607
          },
          {
            "X": 0.5289337635040283,
            "Y": 0.5166110992431641
          },
          {
            "X": 0.4655679166316986,
            "Y": 0.5165516138076782
          }
        ]
      },
      "Id": "12236483-345e-4a3e-a6cb-4c9a0a95c566",
      "Relationships": [
        {
          "Type": "CHILD",
          "Ids": [
            "098fc6dd-00da-451a-9a18-31072f715068",
            "39d819a6-6c3d-4cfd-8797-04a509c47be6",
            "fd461bea-9508-4c93-a994-c5f001e04c0e"
          ]
        }
      ],
      "Page": 1
    },
    {
      "BlockType": "LINE",
      "Confidence": 98.22635650634766,
      "Text": "84.1 + 1.2",
      "Geometry": {
        "BoundingBox": {
          "Width": 0.06374131888151169,
          "Height": 0.017150450497865677,
          "Left": 0.6806015372276306,
          "Top": 0.4998522698879242
        },
        "Polygon": [
          {
            "X": 0.6806015372276306,
            "Y": 0.4998522698879242
          },
          {
            "X": 0.744234561920166,
            "Y": 0.4999067783355713
          },
          {
            "X": 0.7443428635597229,
            "Y": 0.5170027613639832
          },
          {
            "X": 0.6807062029838562,
            "Y": 0.5169429183006287
          }
        ]
      },
      "Id": "34575291-9b41-4ab3-8c77-7d2f1a7b8523",
      "Relationships": [
        {
          "Type": "CHILD",
          "Ids": [
            "0ddae5f3-3135-4b5f-8a8c-adbdcd927bee",
            "c283ebb2-6e45-4df0-b565-57006ae1543d",
            "af903d0b-458c-49d9-bb13-04e1da1fc8d9"
          ]
        }
      ],
      "Page": 1
    },
    {
      "BlockType": "LINE",
      "Confidence": 79.5216293334961,
      "Text": "0.25",
      "Geometry": {
        "BoundingBox": {
          "Width": 0.02495938539505005,
          "Height": 0.014737146906554699,
          "Left": 0.25690957903862,
          "Top": 0.5284639596939087
        },
        "Polygon": [
          {
            "X": 0.25690957903862,
            "Y": 0.5284639596939087
          },
          {
            "X": 0.2817980647087097,
            "Y": 0.52848881483078
          },
          {
            "X": 0.28186896443367004,
            "Y": 0.5432011485099792
          },
          {
            "X": 0.2569792866706848,
            "Y": 0.5431745052337646
          }
        ]
      },
      "Id": "c466f44d-5661-4410-abc3-d244e121a1d9",
      "Relationships": [
        {
          "Type": "CHILD",
          "Ids": [
            "3ae29e31-396d-42d9-b928-79edbe442155"
          ]
        }
      ],
      "Page": 1
    },
    {
      "BlockType": "LINE",
      "Confidence": 95.83251190185547,
      "Text": "88.1 + 1.5",
      "Geometry": {
        "BoundingBox": {
          "Width": 0.06334426254034042,
          "Height": 0.016551680862903595,
          "Left": 0.465359628200531,
          "Top": 0.5278072953224182
        },
        "Polygon": [
          {
            "X": 0.465359628200531,
            "Y": 0.5278072953224182
          },
          {
            "X": 0.5286111235618591,
            "Y": 0.5278701186180115
          },
          {
            "X": 0.5287039279937744,
            "Y": 0.5443589687347412
          },
          {
            "X": 0.4654489755630493,
            "Y": 0.5442910194396973
          }
        ]
      },
      "Id": "77d2c72a-10ef-4bb2-a5fa-527b494d9630",
      "Relationships": [
        {
          "Type": "CHILD",
          "Ids": [
            "7410e0bc-c78b-4966-baa5-b536d31234d8",
            "bb60932f-d5fa-4478-bf01-18e45d335a91",
            "fce30bd1-b79b-4de6-8d8e-3cdae1b12a62"
          ]
        }
      ],
      "Page": 1
    },
    {
      "BlockType": "LINE",
      "Confidence": 98.2322769165039,
      "Text": "92.2 + 1.6",
      "Geometry": {
        "BoundingBox": {
          "Width": 0.06328938901424408,
          "Height": 0.016786428168416023,
          "Left": 0.6806701421737671,
          "Top": 0.5277946591377258
        },
        "Polygon": [
          {
            "X": 0.6806701421737671,
            "Y": 0.5277946591377258
          },
          {
            "X": 0.7438536286354065,
            "Y": 0.5278573632240295
          },
          {
            "X": 0.7439595460891724,
            "Y": 0.5445811152458191
          },
          {
            "X": 0.6807725429534912,
            "Y": 0.5445132255554199
          }
        ]
      },
      "Id": "78bc6c48-75ff-4e10-b04f-a2221777a201",
      "Relationships": [
        {
          "Type": "CHILD",
          "Ids": [
            "e5a09dba-c92a-4297-a28b-99496fa62751",
            "813a69ee-e0e2-44b9-b0d8-ad3bc61839fe",
            "8d2e80c6-58de-4e09-a9a9-259584b1ab38"
          ]
        }
      ],
      "Page": 1
    },
    {
      "BlockType": "LINE",
      "Confidence": 79.02181243896484,
      "Text": "0.5",
      "Geometry": {
        "BoundingBox": {
          "Width": 0.017945624887943268,
          "Height": 0.014845584519207478,
          "Left": 0.2568531036376953,
          "Top": 0.5562378168106079
        },
        "Polygon": [
          {
            "X": 0.2568531036376953,
            "Y": 0.5562378168106079
          },
          {
            "X": 0.27472764253616333,
            "Y": 0.5562580823898315
          },
          {
            "X": 0.274798721075058,
            "Y": 0.5710833668708801
          },
          {
            "X": 0.2569233179092407,
            "Y": 0.5710618495941162
          }
        ]
      },
      "Id": "c0e10cff-c1b3-4aeb-b84b-5d5a4166b4d2",
      "Relationships": [
        {
          "Type": "CHILD",
          "Ids": [
            "a09bbf0c-894f-4272-937e-96d26e85a08c"
          ]
        }
      ],
      "Page": 1
    },
    {
      "BlockType": "LINE",
      "Confidence": 97.70439147949219,
      "Text": "90.5 + 1.1",
      "Geometry": {
        "BoundingBox": {
          "Width": 0.062352485954761505,
          "Height": 0.016831694170832634,
          "Left": 0.4652819335460663,
          "Top": 0.5554764270782471
        },
        "Polygon": [
          {
            "X": 0.4652819335460663,
            "Y": 0.5554764270782471
          },
          {
            "X": 0.5275402069091797,
            "Y": 0.5555467009544373
          },
          {
            "X": 0.5276344418525696,
            "Y": 0.5723081231117249
          },
          {
            "X": 0.4653727412223816,
            "Y": 0.5722327828407288
          }
        ]
      },
      "Id": "71d3b444-887d-4b85-a2c4-22ac79445ae9",
      "Relationships": [
        {
          "Type": "CHILD",
          "Ids": [
            "d17a7774-c203-42e1-851b-6f918fcf2457",
            "93774e52-ddc9-4f5e-87ac-4778b3ce7395",
            "9eda0e93-4f71-4742-a528-830144a49bee"
          ]
        }
      ],
      "Page": 1
    },
    {
      "BlockType": "LINE",
      "Confidence": 99.22129821777344,
      "Text": "99.2 + 1.6",
      "Geometry": {
        "BoundingBox": {
          "Width": 0.06333734840154648,
          "Height": 0.016936983913183212,
          "Left": 0.6806226968765259,
          "Top": 0.5555633306503296
        },
        "Polygon": [
          {
            "X": 0.6806226968765259,
            "Y": 0.5555633306503296
          },
          {
            "X": 0.7438532710075378,
            "Y": 0.5556346774101257
          },
          {
            "X": 0.7439600825309753,
            "Y": 0.5725003480911255
          },
          {
            "X": 0.6807259321212769,
            "Y": 0.5724238157272339
          }
        ]
      },
      "Id": "b6a5917b-97c1-4562-b0a5-71ac3dd99ef6",
      "Relationships": [
        {
          "Type": "CHILD",
          "Ids": [
            "fb58d09a-a1b2-4859-a1dd-022f4deb2d1d",
            "70573605-dad8-4f22-8a13-ff1a79f05b89",
            "9bb3bb54-c6c4-4c82-86c5-e9577ec251a8"
          ]
        }
      ],
      "Page": 1
    },
    {
      "BlockType": "LINE",
      "Confidence": 99.66680145263672,
      "Text": "1",
      "Geometry": {
        "BoundingBox": {
          "Width": 0.005535391625016928,
          "Height": 0.01463769469410181,
          "Left": 0.25719863176345825,
          "Top": 0.5840530395507812
        },
        "Polygon": [
          {
            "X": 0.25719863176345825,
            "Y": 0.5840530395507812
          },
          {
            "X": 0.26266446709632874,
            "Y": 0.58406001329422
          },
          {
            "X": 0.2627340257167816,
            "Y": 0.5986907482147217
          },
          {
            "X": 0.25726795196533203,
            "Y": 0.5986834168434143
          }
        ]
      },
      "Id": "ce9a9473-2ee2-4b19-bc19-dd3ae0999c22",
      "Relationships": [
        {
          "Type": "CHILD",
          "Ids": [
            "4d7082eb-5cd5-42b6-bda5-f8e186ba1235"
          ]
        }
      ],
      "Page": 1
    },
    {
      "BlockType": "LINE",
      "Confidence": 98.64892578125,
      "Text": "89.2 + 2.1",
      "Geometry": {
        "BoundingBox": {
          "Width": 0.06232854723930359,
          "Height": 0.01611604355275631,
          "Left": 0.4653242230415344,
          "Top": 0.5832986235618591
        },
        "Polygon": [
          {
            "X": 0.4653242230415344,
            "Y": 0.5832986235618591
          },
          {
            "X": 0.5275626182556152,
            "Y": 0.5833773016929626
          },
          {
            "X": 0.5276527404785156,
            "Y": 0.5994146466255188
          },
          {
            "X": 0.46541109681129456,
            "Y": 0.5993310809135437
          }
        ]
      },
      "Id": "d60629f5-be83-4b13-a5b7-990a341144d4",
      "Relationships": [
        {
          "Type": "CHILD",
          "Ids": [
            "11bc6b6c-19df-4a5f-b0d2-c5719862af8b",
            "ac78aba3-6f18-4fa6-87d0-e95f7ecf5f23",
            "32964927-aed1-4f88-9a96-409488fb6066"
          ]
        }
      ],
      "Page": 1
    },
    {
      "BlockType": "LINE",
      "Confidence": 96.26117706298828,
      "Text": "93.2 + 2.0",
      "Geometry": {
        "BoundingBox": {
          "Width": 0.06340287625789642,
          "Height": 0.016062268987298012,
          "Left": 0.6806657910346985,
          "Top": 0.5833643674850464
        },
        "Polygon": [
          {
            "X": 0.6806657910346985,
            "Y": 0.5833643674850464
          },
          {
            "X": 0.7439674735069275,
            "Y": 0.583444356918335
          },
          {
            "X": 0.7440686821937561,
            "Y": 0.5994266271591187
          },
          {
            "X": 0.6807636022567749,
            "Y": 0.5993416905403137
          }
        ]
      },
      "Id": "ea5f4956-c7ea-458f-915f-c4c1ec9cd59d",
      "Relationships": [
        {
          "Type": "CHILD",
          "Ids": [
            "9c398fc2-5dae-48c5-a371-f1c6c58e625e",
            "52a63d1d-17f0-462e-9c74-f43bcae26694",
            "09c55e9c-2a53-48e4-9985-b8e56c21cba0"
          ]
        }
      ],
      "Page": 1
    },
    {
      "BlockType": "LINE",
      "Confidence": 99.9748764038086,
      "Text": "2",
      "Geometry": {
        "BoundingBox": {
          "Width": 0.007219471037387848,
          "Height": 0.014682114124298096,
          "Left": 0.2569219470024109,
          "Top": 0.6107205748558044
        },
        "Polygon": [
          {
            "X": 0.2569219470024109,
            "Y": 0.6107205748558044
          },
          {
            "X": 0.26407158374786377,
            "Y": 0.6107305884361267
          },
          {
            "X": 0.26414141058921814,
            "Y": 0.6254026889801025
          },
          {
            "X": 0.2569914162158966,
            "Y": 0.6253921985626221
          }
        ]
      },
      "Id": "d90373b5-754c-400f-9f27-05d2e10291aa",
      "Relationships": [
        {
          "Type": "CHILD",
          "Ids": [
            "6d1e3811-918c-4ef3-9f10-0a6cfba1caa1"
          ]
        }
      ],
      "Page": 1
    },
    {
      "BlockType": "LINE",
      "Confidence": 95.23038482666016,
      "Text": "88.9 + 1.8",
      "Geometry": {
        "BoundingBox": {
          "Width": 0.0633668601512909,
          "Height": 0.017078224569559097,
          "Left": 0.4654126763343811,
          "Top": 0.6100199222564697
        },
        "Polygon": [
          {
            "X": 0.4654126763343811,
            "Y": 0.6100199222564697
          },
          {
            "X": 0.5286839604377747,
            "Y": 0.6101081967353821
          },
          {
            "X": 0.5287795662879944,
            "Y": 0.6270981431007385
          },
          {
            "X": 0.4655047357082367,
            "Y": 0.6270046234130859
          }
        ]
      },
      "Id": "16f6d384-3573-47ce-91b0-ebf8a02718cd",
      "Relationships": [
        {
          "Type": "CHILD",
          "Ids": [
            "b4682712-121d-4278-8ae3-09590a1435c7",
            "7b95bcf8-3b58-4f0b-a8ba-082182beb6f2",
            "cfb18c55-2b0b-43a7-897c-6ff6da8dbc33"
          ]
        }
      ],
      "Page": 1
    },
    {
      "BlockType": "LINE",
      "Confidence": 97.39056396484375,
      "Text": "92.8 + 1.4",
      "Geometry": {
        "BoundingBox": {
          "Width": 0.06353609263896942,
          "Height": 0.01742701791226864,
          "Left": 0.6806384325027466,
          "Top": 0.6100284457206726
        },
        "Polygon": [
          {
            "X": 0.6806384325027466,
            "Y": 0.6100284457206726
          },
          {
            "X": 0.7440647482872009,
            "Y": 0.6101168394088745
          },
          {
            "X": 0.7441745400428772,
            "Y": 0.627455472946167
          },
          {
            "X": 0.6807445287704468,
            "Y": 0.6273617148399353
          }
        ]
      },
      "Id": "26074a60-e5b6-4a3f-9cdc-454d0fa1cc18",
      "Relationships": [
        {
          "Type": "CHILD",
          "Ids": [
            "f50f7f14-4352-4352-8f12-5f45e8702600",
            "c0b51ec1-922e-4944-83dc-ad1e635775f1",
            "2b683aac-43af-4782-abfa-ed7bce0e9c89"
          ]
        }
      ],
      "Page": 1
    },
    {
      "BlockType": "WORD",
      "Confidence": 99.90496063232422,
      "Text": "CNT",
      "TextType": "PRINTED",
      "Geometry": {
        "BoundingBox": {
          "Width": 0.026310333982110023,
          "Height": 0.015555160120129585,
          "Left": 0.2569209635257721,
          "Top": 0.3611578047275543
        },
        "Polygon": [
          {
            "X": 0.2569209635257721,
            "Y": 0.3611578047275543
          },
          {
            "X": 0.28315624594688416,
            "Y": 0.36116254329681396
          },
          {
            "X": 0.28323128819465637,
            "Y": 0.37671297788619995
          },
          {
            "X": 0.25699466466903687,
            "Y": 0.37670624256134033
          }
        ]
      },
      "Id": "020f25d7-0948-4009-8c3e-27f8ede576e2",
      "Page": 1
    },
    {
      "BlockType": "WORD",
      "Confidence": 99.94981384277344,
      "Text": "loading",
      "TextType": "PRINTED",
      "Geometry": {
        "BoundingBox": {
          "Width": 0.0443459153175354,
          "Height": 0.0207296721637249,
          "Left": 0.28717470169067383,
          "Top": 0.36020851135253906
        },
        "Polygon": [
          {
            "X": 0.28717470169067383,
            "Y": 0.36020851135253906
          },
          {
            "X": 0.33141735196113586,
            "Y": 0.36021625995635986
          },
          {
            "X": 0.33152061700820923,
            "Y": 0.38093817234039307
          },
          {
            "X": 0.28727495670318604,
            "Y": 0.3809259235858917
          }
        ]
      },
      "Id": "75d49864-faf9-4412-a31f-71023594c8cc",
      "Page": 1
    },
    {
      "BlockType": "WORD",
      "Confidence": 99.12810516357422,
      "Text": "Tg",
      "TextType": "PRINTED",
      "Geometry": {
        "BoundingBox": {
          "Width": 0.012464562430977821,
          "Height": 0.020780112594366074,
          "Left": 0.4646087884902954,
          "Top": 0.36282095313072205
        },
        "Polygon": [
          {
            "X": 0.4646087884902954,
            "Y": 0.36282095313072205
          },
          {
            "X": 0.47695988416671753,
            "Y": 0.3628232777118683
          },
          {
            "X": 0.4770733416080475,
            "Y": 0.3836010694503784
          },
          {
            "X": 0.4647214114665985,
            "Y": 0.3835974931716919
          }
        ]
      },
      "Id": "809ec7d5-408f-454e-b276-95ef0209724a",
      "Page": 1
    },
    {
      "BlockType": "WORD",
      "Confidence": 99.58170318603516,
      "Text": "A-CNT/epoxy",
      "TextType": "PRINTED",
      "Geometry": {
        "BoundingBox": {
          "Width": 0.0826813280582428,
          "Height": 0.019977638497948647,
          "Left": 0.46395406126976013,
          "Top": 0.4201430082321167
        },
        "Polygon": [
          {
            "X": 0.46395406126976013,
            "Y": 0.4201430082321167
          },
          {
            "X": 0.5465219616889954,
            "Y": 0.42018166184425354
          },
          {
            "X": 0.5466353893280029,
            "Y": 0.440120667219162
          },
          {
            "X": 0.46406203508377075,
            "Y": 0.44007396697998047
          }
        ]
      },
      "Id": "88ba19c1-b0f6-47e4-8f26-b949b4f6316e",
      "Page": 1
    },
    {
      "BlockType": "WORD",
      "Confidence": 99.35540771484375,
      "Text": "B-CNT/epoxy",
      "TextType": "PRINTED",
      "Geometry": {
        "BoundingBox": {
          "Width": 0.08034950494766235,
          "Height": 0.019864091649651527,
          "Left": 0.6803685426712036,
          "Top": 0.42026829719543457
        },
        "Polygon": [
          {
            "X": 0.6803685426712036,
            "Y": 0.42026829719543457
          },
          {
            "X": 0.7605913877487183,
            "Y": 0.42030584812164307
          },
          {
            "X": 0.760718047618866,
            "Y": 0.44013237953186035
          },
          {
            "X": 0.6804899573326111,
            "Y": 0.44008708000183105
          }
        ]
      },
      "Id": "a51acb8f-4448-40e8-b64f-84b2005b1ec7",
      "Page": 1
    },
    {
      "BlockType": "WORD",
      "Confidence": 98.70914459228516,
      "Text": "0",
      "TextType": "PRINTED",
      "Geometry": {
        "BoundingBox": {
          "Width": 0.007204172667115927,
          "Height": 0.014834431931376457,
          "Left": 0.2567591369152069,
          "Top": 0.4728846251964569
        },
        "Polygon": [
          {
            "X": 0.2567591369152069,
            "Y": 0.4728846251964569
          },
          {
            "X": 0.2638927102088928,
            "Y": 0.47288981080055237
          },
          {
            "X": 0.2639633119106293,
            "Y": 0.4877190589904785
          },
          {
            "X": 0.2568294107913971,
            "Y": 0.48771336674690247
          }
        ]
      },
      "Id": "f2648381-4ac0-445b-ae02-6723b6b1e62e",
      "Page": 1
    },
    {
      "BlockType": "WORD",
      "Confidence": 97.45697784423828,
      "Text": "81.1",
      "TextType": "PRINTED",
      "Geometry": {
        "BoundingBox": {
          "Width": 0.025207525119185448,
          "Height": 0.01580720767378807,
          "Left": 0.46526625752449036,
          "Top": 0.4720551371574402
        },
        "Polygon": [
          {
            "X": 0.46526625752449036,
            "Y": 0.4720551371574402
          },
          {
            "X": 0.4903869032859802,
            "Y": 0.4720732569694519
          },
          {
            "X": 0.49047377705574036,
            "Y": 0.48786234855651855
          },
          {
            "X": 0.46535181999206543,
            "Y": 0.48784229159355164
          }
        ]
      },
      "Id": "6a9e65a9-9469-4749-9fba-de57ad850ddc",
      "Page": 1
    },
    {
      "BlockType": "WORD",
      "Confidence": 95.77591705322266,
      "Text": "+",
      "TextType": "PRINTED",
      "Geometry": {
        "BoundingBox": {
          "Width": 0.009422240778803825,
          "Height": 0.013520652428269386,
          "Left": 0.4951855540275574,
          "Top": 0.47524377703666687
        },
        "Polygon": [
          {
            "X": 0.4951855540275574,
            "Y": 0.47524377703666687
          },
          {
            "X": 0.5045328140258789,
            "Y": 0.4752506613731384
          },
          {
            "X": 0.5046077966690063,
            "Y": 0.4887644350528717
          },
          {
            "X": 0.4952601492404938,
            "Y": 0.48875692486763
          }
        ]
      },
      "Id": "f8410c1f-941e-4963-a0a5-ab1f1feb55d2",
      "Page": 1
    },
    {
      "BlockType": "WORD",
      "Confidence": 98.4491195678711,
      "Text": "1.1",
      "TextType": "PRINTED",
      "Geometry": {
        "BoundingBox": {
          "Width": 0.017107747495174408,
          "Height": 0.015890993177890778,
          "Left": 0.510642409324646,
          "Top": 0.47203564643859863
        },
        "Polygon": [
          {
            "X": 0.510642409324646,
            "Y": 0.47203564643859863
          },
          {
            "X": 0.5276608467102051,
            "Y": 0.4720478951931
          },
          {
            "X": 0.5277501344680786,
            "Y": 0.4879266321659088
          },
          {
            "X": 0.5107308030128479,
            "Y": 0.4879130423069
          }
        ]
      },
      "Id": "3ca657f6-adb8-43a5-8780-aeed00ef61cd",
      "Page": 1
    },
    {
      "BlockType": "WORD",
      "Confidence": 99.41034698486328,
      "Text": "81.1",
      "TextType": "PRINTED",
      "Geometry": {
        "BoundingBox": {
          "Width": 0.025298740714788437,
          "Height": 0.015883326530456543,
          "Left": 0.680688202381134,
          "Top": 0.47208645939826965
        },
        "Polygon": [
          {
            "X": 0.680688202381134,
            "Y": 0.47208645939826965
          },
          {
            "X": 0.7058884501457214,
            "Y": 0.47210463881492615
          },
          {
            "X": 0.7059869766235352,
            "Y": 0.4879697859287262
          },
          {
            "X": 0.6807854175567627,
            "Y": 0.4879496693611145
          }
        ]
      },
      "Id": "6ab27865-74f0-42ba-b825-675049503d41",
      "Page": 1
    },
    {
      "BlockType": "WORD",
      "Confidence": 95.54224395751953,
      "Text": "+",
      "TextType": "PRINTED",
      "Geometry": {
        "BoundingBox": {
          "Width": 0.009351924993097782,
          "Height": 0.013882196508347988,
          "Left": 0.7110018134117126,
          "Top": 0.47522804141044617
        },
        "Polygon": [
          {
            "X": 0.7110018134117126,
            "Y": 0.47522804141044617
          },
          {
            "X": 0.7202669382095337,
            "Y": 0.47523486614227295
          },
          {
            "X": 0.7203537821769714,
            "Y": 0.48911023139953613
          },
          {
            "X": 0.7110881805419922,
            "Y": 0.4891027808189392
          }
        ]
      },
      "Id": "564a7751-c3cf-4065-9f06-0927ea420a46",
      "Page": 1
    },
    {
      "BlockType": "WORD",
      "Confidence": 99.8050537109375,
      "Text": "1.1",
      "TextType": "PRINTED",
      "Geometry": {
        "BoundingBox": {
          "Width": 0.017046447843313217,
          "Height": 0.015774840489029884,
          "Left": 0.7258350253105164,
          "Top": 0.4720960855484009
        },
        "Polygon": [
          {
            "X": 0.7258350253105164,
            "Y": 0.4720960855484009
          },
          {
            "X": 0.7427816987037659,
            "Y": 0.47210830450057983
          },
          {
            "X": 0.7428814768791199,
            "Y": 0.4878709316253662
          },
          {
            "X": 0.7259339094161987,
            "Y": 0.4878574311733246
          }
        ]
      },
      "Id": "2d2bb65a-267e-411e-a401-1038f8aefa3a",
      "Page": 1
    },
    {
      "BlockType": "WORD",
      "Confidence": 78.30377960205078,
      "Text": "0.1",
      "TextType": "PRINTED",
      "Geometry": {
        "BoundingBox": {
          "Width": 0.017313646152615547,
          "Height": 0.015079869888722897,
          "Left": 0.2568155825138092,
          "Top": 0.5005432963371277
        },
        "Polygon": [
          {
            "X": 0.2568155825138092,
            "Y": 0.5005432963371277
          },
          {
            "X": 0.274057000875473,
            "Y": 0.5005581378936768
          },
          {
            "X": 0.2741292417049408,
            "Y": 0.515623152256012
          },
          {
            "X": 0.25688695907592773,
            "Y": 0.5156070590019226
          }
        ]
      },
      "Id": "03c82eeb-c36e-47c8-92da-d3c561ac8ffe",
      "Page": 1
    },
    {
      "BlockType": "WORD",
      "Confidence": 93.82080078125,
      "Text": "83.8",
      "TextType": "PRINTED",
      "Geometry": {
        "BoundingBox": {
          "Width": 0.026098676025867462,
          "Height": 0.015851980075240135,
          "Left": 0.46547889709472656,
          "Top": 0.5001271963119507
        },
        "Polygon": [
          {
            "X": 0.46547889709472656,
            "Y": 0.5001271963119507
          },
          {
            "X": 0.4914903938770294,
            "Y": 0.5001494884490967
          },
          {
            "X": 0.4915775656700134,
            "Y": 0.5159791707992554
          },
          {
            "X": 0.46556469798088074,
            "Y": 0.5159547924995422
          }
        ]
      },
      "Id": "098fc6dd-00da-451a-9a18-31072f715068",
      "Page": 1
    },
    {
      "BlockType": "WORD",
      "Confidence": 94.92411041259766,
      "Text": "+",
      "TextType": "PRINTED",
      "Geometry": {
        "BoundingBox": {
          "Width": 0.009695347398519516,
          "Height": 0.0125784482806921,
          "Left": 0.4949737787246704,
          "Top": 0.5040098428726196
        },
        "Polygon": [
          {
            "X": 0.4949737787246704,
            "Y": 0.5040098428726196
          },
          {
            "X": 0.504599392414093,
            "Y": 0.5040183067321777
          },
          {
            "X": 0.5046691298484802,
            "Y": 0.5165883302688599
          },
          {
            "X": 0.4950431287288666,
            "Y": 0.516579270362854
          }
        ]
      },
      "Id": "39d819a6-6c3d-4cfd-8797-04a509c47be6",
      "Page": 1
    },
    {
      "BlockType": "WORD",
      "Confidence": 99.47541046142578,
      "Text": "1.0",
      "TextType": "PRINTED",
      "Geometry": {
        "BoundingBox": {
          "Width": 0.0182637982070446,
          "Height": 0.015960942953824997,
          "Left": 0.5106655955314636,
          "Top": 0.4998786449432373
        },
        "Polygon": [
          {
            "X": 0.5106655955314636,
            "Y": 0.4998786449432373
          },
          {
            "X": 0.528839647769928,
            "Y": 0.49989423155784607
          },
          {
            "X": 0.5289294123649597,
            "Y": 0.5158395767211914
          },
          {
            "X": 0.510754406452179,
            "Y": 0.5158225893974304
          }
        ]
      },
      "Id": "fd461bea-9508-4c93-a994-c5f001e04c0e",
      "Page": 1
    },
    {
      "BlockType": "WORD",
      "Confidence": 99.7641372680664,
      "Text": "84.1",
      "TextType": "PRINTED",
      "Geometry": {
        "BoundingBox": {
          "Width": 0.02535546012222767,
          "Height": 0.016208365559577942,
          "Left": 0.6806015372276306,
          "Top": 0.4998522698879242
        },
        "Polygon": [
          {
            "X": 0.6806015372276306,
            "Y": 0.4998522698879242
          },
          {
            "X": 0.7058565020561218,
            "Y": 0.49987390637397766
          },
          {
            "X": 0.7059569954872131,
            "Y": 0.5160606503486633
          },
          {
            "X": 0.6807006597518921,
            "Y": 0.5160370469093323
          }
        ]
      },
      "Id": "0ddae5f3-3135-4b5f-8a8c-adbdcd927bee",
      "Page": 1
    },
    {
      "BlockType": "WORD",
      "Confidence": 95.05133056640625,
      "Text": "+",
      "TextType": "PRINTED",
      "Geometry": {
        "BoundingBox": {
          "Width": 0.009207087568938732,
          "Height": 0.013949764892458916,
          "Left": 0.7108484506607056,
          "Top": 0.5030301213264465
        },
        "Polygon": [
          {
            "X": 0.7108484506607056,
            "Y": 0.5030301213264465
          },
          {
            "X": 0.7199683785438538,
            "Y": 0.5030381083488464
          },
          {
            "X": 0.7200555205345154,
            "Y": 0.5169799327850342
          },
          {
            "X": 0.7109352350234985,
            "Y": 0.5169713497161865
          }
        ]
      },
      "Id": "c283ebb2-6e45-4df0-b565-57006ae1543d",
      "Page": 1
    },
    {
      "BlockType": "WORD",
      "Confidence": 99.86360931396484,
      "Text": "1.2",
      "TextType": "PRINTED",
      "Geometry": {
        "BoundingBox": {
          "Width": 0.01844913139939308,
          "Height": 0.015790579840540886,
          "Left": 0.7258855700492859,
          "Top": 0.49993014335632324
        },
        "Polygon": [
          {
            "X": 0.7258855700492859,
            "Y": 0.49993014335632324
          },
          {
            "X": 0.7442348003387451,
            "Y": 0.49994584918022156
          },
          {
            "X": 0.7443346977233887,
            "Y": 0.5157207250595093
          },
          {
            "X": 0.725984513759613,
            "Y": 0.515703558921814
          }
        ]
      },
      "Id": "af903d0b-458c-49d9-bb13-04e1da1fc8d9",
      "Page": 1
    },
    {
      "BlockType": "WORD",
      "Confidence": 79.5216293334961,
      "Text": "0.25",
      "TextType": "PRINTED",
      "Geometry": {
        "BoundingBox": {
          "Width": 0.02495938539505005,
          "Height": 0.014737146906554699,
          "Left": 0.25690957903862,
          "Top": 0.5284639596939087
        },
        "Polygon": [
          {
            "X": 0.25690957903862,
            "Y": 0.5284639596939087
          },
          {
            "X": 0.2817980647087097,
            "Y": 0.52848881483078
          },
          {
            "X": 0.28186896443367004,
            "Y": 0.5432011485099792
          },
          {
            "X": 0.2569792866706848,
            "Y": 0.5431745052337646
          }
        ]
      },
      "Id": "3ae29e31-396d-42d9-b928-79edbe442155",
      "Page": 1
    },
    {
      "BlockType": "WORD",
      "Confidence": 89.71018981933594,
      "Text": "88.1",
      "TextType": "PRINTED",
      "Geometry": {
        "BoundingBox": {
          "Width": 0.02513376995921135,
          "Height": 0.015648307278752327,
          "Left": 0.46536046266555786,
          "Top": 0.5279603004455566
        },
        "Polygon": [
          {
            "X": 0.46536046266555786,
            "Y": 0.5279603004455566
          },
          {
            "X": 0.4904082715511322,
            "Y": 0.5279852151870728
          },
          {
            "X": 0.4904942512512207,
            "Y": 0.5436086058616638
          },
          {
            "X": 0.4654451310634613,
            "Y": 0.5435817837715149
          }
        ]
      },
      "Id": "7410e0bc-c78b-4966-baa5-b536d31234d8",
      "Page": 1
    },
    {
      "BlockType": "WORD",
      "Confidence": 98.93693542480469,
      "Text": "+",
      "TextType": "PRINTED",
      "Geometry": {
        "BoundingBox": {
          "Width": 0.009065680205821991,
          "Height": 0.013466153293848038,
          "Left": 0.4952011704444885,
          "Top": 0.5308665633201599
        },
        "Polygon": [
          {
            "X": 0.4952011704444885,
            "Y": 0.5308665633201599
          },
          {
            "X": 0.5041921734809875,
            "Y": 0.5308756232261658
          },
          {
            "X": 0.5042668581008911,
            "Y": 0.54433274269104
          },
          {
            "X": 0.4952754080295563,
            "Y": 0.5443230867385864
          }
        ]
      },
      "Id": "bb60932f-d5fa-4478-bf01-18e45d335a91",
      "Page": 1
    },
    {
      "BlockType": "WORD",
      "Confidence": 98.85042572021484,
      "Text": "1.5",
      "TextType": "PRINTED",
      "Geometry": {
        "BoundingBox": {
          "Width": 0.0180511511862278,
          "Height": 0.01579166203737259,
          "Left": 0.5106487274169922,
          "Top": 0.5278522968292236
        },
        "Polygon": [
          {
            "X": 0.5106487274169922,
            "Y": 0.5278522968292236
          },
          {
            "X": 0.5286111235618591,
            "Y": 0.5278701186180115
          },
          {
            "X": 0.5286998748779297,
            "Y": 0.5436439514160156
          },
          {
            "X": 0.5107365250587463,
            "Y": 0.5436246991157532
          }
        ]
      },
      "Id": "fce30bd1-b79b-4de6-8d8e-3cdae1b12a62",
      "Page": 1
    },
    {
      "BlockType": "WORD",
      "Confidence": 96.81819915771484,
      "Text": "92.2",
      "TextType": "PRINTED",
      "Geometry": {
        "BoundingBox": {
          "Width": 0.02632887475192547,
          "Height": 0.01570739410817623,
          "Left": 0.6806706786155701,
          "Top": 0.527887761592865
        },
        "Polygon": [
          {
            "X": 0.6806706786155701,
            "Y": 0.527887761592865
          },
          {
            "X": 0.7069022059440613,
            "Y": 0.5279138088226318
          },
          {
            "X": 0.7069995999336243,
            "Y": 0.5435951352119446
          },
          {
            "X": 0.680766761302948,
            "Y": 0.5435670614242554
          }
        ]
      },
      "Id": "e5a09dba-c92a-4297-a28b-99496fa62751",
      "Page": 1
    },
    {
      "BlockType": "WORD",
      "Confidence": 98.16690063476562,
      "Text": "+",
      "TextType": "PRINTED",
      "Geometry": {
        "BoundingBox": {
          "Width": 0.00913908425718546,
          "Height": 0.013670974411070347,
          "Left": 0.7110006213188171,
          "Top": 0.5308845639228821
        },
        "Polygon": [
          {
            "X": 0.7110006213188171,
            "Y": 0.5308845639228821
          },
          {
            "X": 0.7200542688369751,
            "Y": 0.5308936834335327
          },
          {
            "X": 0.720139741897583,
            "Y": 0.5445555448532104
          },
          {
            "X": 0.7110856771469116,
            "Y": 0.5445457696914673
          }
        ]
      },
      "Id": "813a69ee-e0e2-44b9-b0d8-ad3bc61839fe",
      "Page": 1
    },
    {
      "BlockType": "WORD",
      "Confidence": 99.71172332763672,
      "Text": "1.6",
      "TextType": "PRINTED",
      "Geometry": {
        "BoundingBox": {
          "Width": 0.018035661429166794,
          "Height": 0.01557984296232462,
          "Left": 0.7259165048599243,
          "Top": 0.5278396010398865
        },
        "Polygon": [
          {
            "X": 0.7259165048599243,
            "Y": 0.5278396010398865
          },
          {
            "X": 0.7438536286354065,
            "Y": 0.5278573632240295
          },
          {
            "X": 0.7439521551132202,
            "Y": 0.5434194207191467
          },
          {
            "X": 0.7260141372680664,
            "Y": 0.543400228023529
          }
        ]
      },
      "Id": "8d2e80c6-58de-4e09-a9a9-259584b1ab38",
      "Page": 1
    },
    {
      "BlockType": "WORD",
      "Confidence": 79.02181243896484,
      "Text": "0.5",
      "TextType": "PRINTED",
      "Geometry": {
        "BoundingBox": {
          "Width": 0.017945624887943268,
          "Height": 0.014845584519207478,
          "Left": 0.2568531036376953,
          "Top": 0.5562378168106079
        },
        "Polygon": [
          {
            "X": 0.2568531036376953,
            "Y": 0.5562378168106079
          },
          {
            "X": 0.27472764253616333,
            "Y": 0.5562580823898315
          },
          {
            "X": 0.274798721075058,
            "Y": 0.5710833668708801
          },
          {
            "X": 0.2569233179092407,
            "Y": 0.5710618495941162
          }
        ]
      },
      "Id": "a09bbf0c-894f-4272-937e-96d26e85a08c",
      "Page": 1
    },
    {
      "BlockType": "WORD",
      "Confidence": 95.52003479003906,
      "Text": "90.5",
      "TextType": "PRINTED",
      "Geometry": {
        "BoundingBox": {
          "Width": 0.02616925910115242,
          "Height": 0.01562795415520668,
          "Left": 0.46528398990631104,
          "Top": 0.5558522939682007
        },
        "Polygon": [
          {
            "X": 0.46528398990631104,
            "Y": 0.5558522939682007
          },
          {
            "X": 0.491367369890213,
            "Y": 0.5558817386627197
          },
          {
            "X": 0.49145323038101196,
            "Y": 0.5714802145957947
          },
          {
            "X": 0.46536850929260254,
            "Y": 0.5714487433433533
          }
        ]
      },
      "Id": "d17a7774-c203-42e1-851b-6f918fcf2457",
      "Page": 1
    },
    {
      "BlockType": "WORD",
      "Confidence": 99.54017639160156,
      "Text": "+",
      "TextType": "PRINTED",
      "Geometry": {
        "BoundingBox": {
          "Width": 0.008954614400863647,
          "Height": 0.013625901192426682,
          "Left": 0.49531471729278564,
          "Top": 0.5586539506912231
        },
        "Polygon": [
          {
            "X": 0.49531471729278564,
            "Y": 0.5586539506912231
          },
          {
            "X": 0.5041937828063965,
            "Y": 0.558664083480835
          },
          {
            "X": 0.5042693018913269,
            "Y": 0.5722798705101013
          },
          {
            "X": 0.49538981914520264,
            "Y": 0.572269082069397
          }
        ]
      },
      "Id": "93774e52-ddc9-4f5e-87ac-4778b3ce7395",
      "Page": 1
    },
    {
      "BlockType": "WORD",
      "Confidence": 98.05297088623047,
      "Text": "1.1",
      "TextType": "PRINTED",
      "Geometry": {
        "BoundingBox": {
          "Width": 0.017040956765413284,
          "Height": 0.015709182247519493,
          "Left": 0.5105874538421631,
          "Top": 0.5555275678634644
        },
        "Polygon": [
          {
            "X": 0.5105874538421631,
            "Y": 0.5555275678634644
          },
          {
            "X": 0.5275402069091797,
            "Y": 0.5555467009544373
          },
          {
            "X": 0.5276284217834473,
            "Y": 0.5712367296218872
          },
          {
            "X": 0.510674774646759,
            "Y": 0.571216344833374
          }
        ]
      },
      "Id": "9eda0e93-4f71-4742-a528-830144a49bee",
      "Page": 1
    },
    {
      "BlockType": "WORD",
      "Confidence": 99.18517303466797,
      "Text": "99.2",
      "TextType": "PRINTED",
      "Geometry": {
        "BoundingBox": {
          "Width": 0.02653137594461441,
          "Height": 0.01589353010058403,
          "Left": 0.6806232333183289,
          "Top": 0.5556497573852539
        },
        "Polygon": [
          {
            "X": 0.6806232333183289,
            "Y": 0.5556497573852539
          },
          {
            "X": 0.7070561051368713,
            "Y": 0.5556795597076416
          },
          {
            "X": 0.7071546316146851,
            "Y": 0.571543276309967
          },
          {
            "X": 0.6807203888893127,
            "Y": 0.5715113878250122
          }
        ]
      },
      "Id": "fb58d09a-a1b2-4859-a1dd-022f4deb2d1d",
      "Page": 1
    },
    {
      "BlockType": "WORD",
      "Confidence": 98.81947326660156,
      "Text": "+",
      "TextType": "PRINTED",
      "Geometry": {
        "BoundingBox": {
          "Width": 0.009232494980096817,
          "Height": 0.013634191825985909,
          "Left": 0.710992157459259,
          "Top": 0.5588374137878418
        },
        "Polygon": [
          {
            "X": 0.710992157459259,
            "Y": 0.5588374137878418
          },
          {
            "X": 0.7201394438743591,
            "Y": 0.5588479042053223
          },
          {
            "X": 0.7202246785163879,
            "Y": 0.5724716186523438
          },
          {
            "X": 0.7110769748687744,
            "Y": 0.5724605321884155
          }
        ]
      },
      "Id": "70573605-dad8-4f22-8a13-ff1a79f05b89",
      "Page": 1
    },
    {
      "BlockType": "WORD",
      "Confidence": 99.65927124023438,
      "Text": "1.6",
      "TextType": "PRINTED",
      "Geometry": {
        "BoundingBox": {
          "Width": 0.018047545105218887,
          "Height": 0.015591045841574669,
          "Left": 0.7259042859077454,
          "Top": 0.5556144118309021
        },
        "Polygon": [
          {
            "X": 0.7259042859077454,
            "Y": 0.5556144118309021
          },
          {
            "X": 0.7438532710075378,
            "Y": 0.5556346774101257
          },
          {
            "X": 0.7439518570899963,
            "Y": 0.5712054967880249
          },
          {
            "X": 0.7260019779205322,
            "Y": 0.5711838603019714
          }
        ]
      },
      "Id": "9bb3bb54-c6c4-4c82-86c5-e9577ec251a8",
      "Page": 1
    },
    {
      "BlockType": "WORD",
      "Confidence": 99.66680145263672,
      "Text": "1",
      "TextType": "PRINTED",
      "Geometry": {
        "BoundingBox": {
          "Width": 0.005535391625016928,
          "Height": 0.01463769469410181,
          "Left": 0.25719863176345825,
          "Top": 0.5840530395507812
        },
        "Polygon": [
          {
            "X": 0.25719863176345825,
            "Y": 0.5840530395507812
          },
          {
            "X": 0.26266446709632874,
            "Y": 0.58406001329422
          },
          {
            "X": 0.2627340257167816,
            "Y": 0.5986907482147217
          },
          {
            "X": 0.25726795196533203,
            "Y": 0.5986834168434143
          }
        ]
      },
      "Id": "4d7082eb-5cd5-42b6-bda5-f8e186ba1235",
      "Page": 1
    },
    {
      "BlockType": "WORD",
      "Confidence": 97.69609069824219,
      "Text": "89.2",
      "TextType": "PRINTED",
      "Geometry": {
        "BoundingBox": {
          "Width": 0.02654251828789711,
          "Height": 0.015543623827397823,
          "Left": 0.4653260111808777,
          "Top": 0.5836315751075745
        },
        "Polygon": [
          {
            "X": 0.4653260111808777,
            "Y": 0.5836315751075745
          },
          {
            "X": 0.49178314208984375,
            "Y": 0.5836650729179382
          },
          {
            "X": 0.4918685257434845,
            "Y": 0.599175214767456
          },
          {
            "X": 0.465410053730011,
            "Y": 0.5991396903991699
          }
        ]
      },
      "Id": "11bc6b6c-19df-4a5f-b0d2-c5719862af8b",
      "Page": 1
    },
    {
      "BlockType": "WORD",
      "Confidence": 99.68279266357422,
      "Text": "+",
      "TextType": "PRINTED",
      "Geometry": {
        "BoundingBox": {
          "Width": 0.009282133542001247,
          "Height": 0.013834839686751366,
          "Left": 0.4951724410057068,
          "Top": 0.5855486392974854
        },
        "Polygon": [
          {
            "X": 0.4951724410057068,
            "Y": 0.5855486392974854
          },
          {
            "X": 0.5043779015541077,
            "Y": 0.5855603814125061
          },
          {
            "X": 0.5044545531272888,
            "Y": 0.5993834733963013
          },
          {
            "X": 0.4952486753463745,
            "Y": 0.5993711352348328
          }
        ]
      },
      "Id": "ac78aba3-6f18-4fa6-87d0-e95f7ecf5f23",
      "Page": 1
    },
    {
      "BlockType": "WORD",
      "Confidence": 98.56791687011719,
      "Text": "2.1",
      "TextType": "PRINTED",
      "Geometry": {
        "BoundingBox": {
          "Width": 0.01752764731645584,
          "Height": 0.01574927568435669,
          "Left": 0.5101233720779419,
          "Top": 0.5833552479743958
        },
        "Polygon": [
          {
            "X": 0.5101233720779419,
            "Y": 0.5833552479743958
          },
          {
            "X": 0.5275626182556152,
            "Y": 0.5833773016929626
          },
          {
            "X": 0.5276510119438171,
            "Y": 0.5991045236587524
          },
          {
            "X": 0.5102108716964722,
            "Y": 0.5990810990333557
          }
        ]
      },
      "Id": "32964927-aed1-4f88-9a96-409488fb6066",
      "Page": 1
    },
    {
      "BlockType": "WORD",
      "Confidence": 99.61200714111328,
      "Text": "93.2",
      "TextType": "PRINTED",
      "Geometry": {
        "BoundingBox": {
          "Width": 0.026494653895497322,
          "Height": 0.015853146091103554,
          "Left": 0.6806667447090149,
          "Top": 0.5835239887237549
        },
        "Polygon": [
          {
            "X": 0.6806667447090149,
            "Y": 0.5835239887237549
          },
          {
            "X": 0.7070631980895996,
            "Y": 0.5835573673248291
          },
          {
            "X": 0.7071614265441895,
            "Y": 0.5993770956993103
          },
          {
            "X": 0.6807636022567749,
            "Y": 0.5993416905403137
          }
        ]
      },
      "Id": "9c398fc2-5dae-48c5-a371-f1c6c58e625e",
      "Page": 1
    },
    {
      "BlockType": "WORD",
      "Confidence": 89.2079086303711,
      "Text": "+",
      "TextType": "PRINTED",
      "Geometry": {
        "BoundingBox": {
          "Width": 0.009482549503445625,
          "Height": 0.013474397361278534,
          "Left": 0.7108825445175171,
          "Top": 0.5859143733978271
        },
        "Polygon": [
          {
            "X": 0.7108825445175171,
            "Y": 0.5859143733978271
          },
          {
            "X": 0.7202809453010559,
            "Y": 0.585926353931427
          },
          {
            "X": 0.7203651070594788,
            "Y": 0.5993887186050415
          },
          {
            "X": 0.7109662890434265,
            "Y": 0.5993761420249939
          }
        ]
      },
      "Id": "52a63d1d-17f0-462e-9c74-f43bcae26694",
      "Page": 1
    },
    {
      "BlockType": "WORD",
      "Confidence": 99.96361541748047,
      "Text": "2.0",
      "TextType": "PRINTED",
      "Geometry": {
        "BoundingBox": {
          "Width": 0.018652215600013733,
          "Height": 0.015807894989848137,
          "Left": 0.7254151701927185,
          "Top": 0.5834208726882935
        },
        "Polygon": [
          {
            "X": 0.7254151701927185,
            "Y": 0.5834208726882935
          },
          {
            "X": 0.7439674735069275,
            "Y": 0.583444356918335
          },
          {
            "X": 0.7440674304962158,
            "Y": 0.5992287993431091
          },
          {
            "X": 0.7255141735076904,
            "Y": 0.5992039442062378
          }
        ]
      },
      "Id": "09c55e9c-2a53-48e4-9985-b8e56c21cba0",
      "Page": 1
    },
    {
      "BlockType": "WORD",
      "Confidence": 99.9748764038086,
      "Text": "2",
      "TextType": "PRINTED",
      "Geometry": {
        "BoundingBox": {
          "Width": 0.007219471037387848,
          "Height": 0.014682114124298096,
          "Left": 0.2569219470024109,
          "Top": 0.6107205748558044
        },
        "Polygon": [
          {
            "X": 0.2569219470024109,
            "Y": 0.6107205748558044
          },
          {
            "X": 0.26407158374786377,
            "Y": 0.6107305884361267
          },
          {
            "X": 0.26414141058921814,
            "Y": 0.6254026889801025
          },
          {
            "X": 0.2569914162158966,
            "Y": 0.6253921985626221
          }
        ]
      },
      "Id": "6d1e3811-918c-4ef3-9f10-0a6cfba1caa1",
      "Page": 1
    },
    {
      "BlockType": "WORD",
      "Confidence": 96.50712585449219,
      "Text": "88.9",
      "TextType": "PRINTED",
      "Geometry": {
        "BoundingBox": {
          "Width": 0.026330575346946716,
          "Height": 0.01564154028892517,
          "Left": 0.4654146730899811,
          "Top": 0.6103851795196533
        },
        "Polygon": [
          {
            "X": 0.4654146730899811,
            "Y": 0.6103851795196533
          },
          {
            "X": 0.49165934324264526,
            "Y": 0.6104218363761902
          },
          {
            "X": 0.4917452335357666,
            "Y": 0.6260267496109009
          },
          {
            "X": 0.46549922227859497,
            "Y": 0.6259880661964417
          }
        ]
      },
      "Id": "b4682712-121d-4278-8ae3-09590a1435c7",
      "Page": 1
    },
    {
      "BlockType": "WORD",
      "Confidence": 99.38151550292969,
      "Text": "+",
      "TextType": "PRINTED",
      "Geometry": {
        "BoundingBox": {
          "Width": 0.009470242075622082,
          "Height": 0.012918022461235523,
          "Left": 0.4950878918170929,
          "Top": 0.6141443252563477
        },
        "Polygon": [
          {
            "X": 0.4950878918170929,
            "Y": 0.6141443252563477
          },
          {
            "X": 0.5044865608215332,
            "Y": 0.6141576170921326
          },
          {
            "X": 0.5045581459999084,
            "Y": 0.6270623803138733
          },
          {
            "X": 0.4951590895652771,
            "Y": 0.6270484924316406
          }
        ]
      },
      "Id": "7b95bcf8-3b58-4f0b-a8ba-082182beb6f2",
      "Page": 1
    },
    {
      "BlockType": "WORD",
      "Confidence": 89.80250549316406,
      "Text": "1.8",
      "TextType": "PRINTED",
      "Geometry": {
        "BoundingBox": {
          "Width": 0.018078096210956573,
          "Height": 0.015714939683675766,
          "Left": 0.510694146156311,
          "Top": 0.6100831031799316
        },
        "Polygon": [
          {
            "X": 0.510694146156311,
            "Y": 0.6100831031799316
          },
          {
            "X": 0.5286839604377747,
            "Y": 0.6101081967353821
          },
          {
            "X": 0.528772234916687,
            "Y": 0.6257980465888977
          },
          {
            "X": 0.510781466960907,
            "Y": 0.6257715821266174
          }
        ]
      },
      "Id": "cfb18c55-2b0b-43a7-897c-6ff6da8dbc33",
      "Page": 1
    },
    {
      "BlockType": "WORD",
      "Confidence": 99.95842742919922,
      "Text": "92.8",
      "TextType": "PRINTED",
      "Geometry": {
        "BoundingBox": {
          "Width": 0.026326311752200127,
          "Height": 0.016070300713181496,
          "Left": 0.68063884973526,
          "Top": 0.6100966930389404
        },
        "Polygon": [
          {
            "X": 0.68063884973526,
            "Y": 0.6100966930389404
          },
          {
            "X": 0.7068656086921692,
            "Y": 0.6101332306861877
          },
          {
            "X": 0.7069651484489441,
            "Y": 0.6261669993400574
          },
          {
            "X": 0.6807370185852051,
            "Y": 0.6261283755302429
          }
        ]
      },
      "Id": "f50f7f14-4352-4352-8f12-5f45e8702600",
      "Page": 1
    },
    {
      "BlockType": "WORD",
      "Confidence": 92.33903503417969,
      "Text": "+",
      "TextType": "PRINTED",
      "Geometry": {
        "BoundingBox": {
          "Width": 0.009464487433433533,
          "Height": 0.013616029173135757,
          "Left": 0.7109950184822083,
          "Top": 0.6138043999671936
        },
        "Polygon": [
          {
            "X": 0.7109950184822083,
            "Y": 0.6138043999671936
          },
          {
            "X": 0.7203744053840637,
            "Y": 0.6138176321983337
          },
          {
            "X": 0.7204594612121582,
            "Y": 0.6274204254150391
          },
          {
            "X": 0.7110795974731445,
            "Y": 0.6274065375328064
          }
        ]
      },
      "Id": "c0b51ec1-922e-4944-83dc-ad1e635775f1",
      "Page": 1
    },
    {
      "BlockType": "WORD",
      "Confidence": 99.87422180175781,
      "Text": "1.4",
      "TextType": "PRINTED",
      "Geometry": {
        "BoundingBox": {
          "Width": 0.018266957253217697,
          "Height": 0.015789689496159554,
          "Left": 0.7258976101875305,
          "Top": 0.610091507434845
        },
        "Polygon": [
          {
            "X": 0.7258976101875305,
            "Y": 0.610091507434845
          },
          {
            "X": 0.7440647482872009,
            "Y": 0.6101168394088745
          },
          {
            "X": 0.7441645264625549,
            "Y": 0.6258811950683594
          },
          {
            "X": 0.7259964346885681,
            "Y": 0.6258544921875
          }
        ]
      },
      "Id": "2b683aac-43af-4782-abfa-ed7bce0e9c89",
      "Page": 1
    },
    {
      "BlockType": "TABLE",
      "Confidence": 99.853515625,
      "Geometry": {
        "BoundingBox": {
          "Width": 0.5441176295280457,
          "Height": 0.3040527403354645,
          "Left": 0.22829735279083252,
          "Top": 0.34718891978263855
        },
        "Polygon": [
          {
            "X": 0.22829735279083252,
            "Y": 0.34718891978263855
          },
          {
            "X": 0.7704626321792603,
            "Y": 0.3472496569156647
          },
          {
            "X": 0.7724149823188782,
            "Y": 0.651241660118103
          },
          {
            "X": 0.22970616817474365,
            "Y": 0.6503767371177673
          }
        ]
      },
      "Id": "f1328963-011b-49f7-b646-e98e984ef86b",
      "Relationships": [
        {
          "Type": "CHILD",
          "Ids": [
            "c239a4cf-cede-4c37-bad0-d742e17a131d",
            "b9a708ab-0cb8-4348-af3e-2f143734dc78",
            "1578e6ba-958c-450d-9ca9-4e6b5cdd2e7e",
            "2a1ee831-7de8-41f5-9a74-fcbaf54d9919",
            "8fdabb97-6b63-44a4-9066-287f99dedecb",
            "1e93d096-16cc-4f1c-9cc3-9fd1bc3fbb8e",
            "62d70002-baee-45fa-9b40-33b88c97d772",
            "4f4aabee-2895-4957-8aa5-6337932ea0d2",
            "a6d10861-9eaa-44d1-8800-ed891545aede",
            "37250fad-4228-4110-b671-bc98a147f3c6",
            "7614111f-98c2-4c78-a4ea-dee178cf239e",
            "17b3e657-8802-40b7-b954-bab3516a8d1e",
            "bf8dd473-b944-43a1-907a-5d334978a9b5",
            "f746062b-aba3-4d69-9a8d-321f3a19b24a",
            "3f3cb4b6-8b6e-447c-b601-e084a990c3c1",
            "2ab2f3a1-1a86-4290-b495-4c9d1b845de8",
            "4e25a745-ba17-4c1e-a0f3-99cf63a6a03b",
            "829bf384-08fd-404f-9085-673c22e5c89f",
            "708b0158-6193-481e-96f3-1b723bba4664",
            "55dee07a-7c05-4e93-9ca7-8eac35729f89",
            "ad3541a8-5079-456e-9296-70edebdd3730",
            "162b26c9-e406-4062-8718-f26e106cb30d",
            "156b94e1-a95c-4ef6-ba0f-c9ccc0890365",
            "65c9f434-b079-4471-99fc-5eb3c72c5293"
          ]
        },
        {
          "Type": "MERGED_CELL",
          "Ids": [
            "618e2bfd-dde4-4f50-b799-9a6f82613fe2",
            "7a207e71-c75c-4ea5-9028-a2cdb76b1a57"
          ]
        }
      ],
      "EntityTypes": [
        "STRUCTURED_TABLE"
      ],
      "Page": 1
    },
    {
      "BlockType": "CELL",
      "Confidence": 47.75390625,
      "RowIndex": 1,
      "ColumnIndex": 1,
      "RowSpan": 1,
      "ColumnSpan": 1,
      "Geometry": {
        "BoundingBox": {
          "Width": 0.16545847058296204,
          "Height": 0.0543508417904377,
          "Left": 0.22810781002044678,
          "Top": 0.34686264395713806
        },
        "Polygon": [
          {
            "X": 0.22810781002044678,
            "Y": 0.34686264395713806
          },
          {
            "X": 0.3932844400405884,
            "Y": 0.34688088297843933
          },
          {
            "X": 0.3935662806034088,
            "Y": 0.40121349692344666
          },
          {
            "X": 0.22836004197597504,
            "Y": 0.4011514186859131
          }
        ]
      },
      "Id": "c239a4cf-cede-4c37-bad0-d742e17a131d",
      "Relationships": [
        {
          "Type": "CHILD",
          "Ids": [
            "020f25d7-0948-4009-8c3e-27f8ede576e2",
            "75d49864-faf9-4412-a31f-71023594c8cc"
          ]
        }
      ],
      "EntityTypes": [
        "COLUMN_HEADER"
      ],
      "Page": 1
    },
    {
      "BlockType": "CELL",
      "Confidence": 67.67578125,
      "RowIndex": 1,
      "ColumnIndex": 2,
      "RowSpan": 1,
      "ColumnSpan": 1,
      "Geometry": {
        "BoundingBox": {
          "Width": 0.22350583970546722,
          "Height": 0.0544164776802063,
          "Left": 0.3932844400405884,
          "Top": 0.34688088297843933
        },
        "Polygon": [
          {
            "X": 0.3932844400405884,
            "Y": 0.34688088297843933
          },
          {
            "X": 0.6164683699607849,
            "Y": 0.34690552949905396
          },
          {
            "X": 0.6167902946472168,
            "Y": 0.40129736065864563
          },
          {
            "X": 0.3935662806034088,
            "Y": 0.40121349692344666
          }
        ]
      },
      "Id": "b9a708ab-0cb8-4348-af3e-2f143734dc78",
      "Relationships": [
        {
          "Type": "CHILD",
          "Ids": [
            "809ec7d5-408f-454e-b276-95ef0209724a"
          ]
        }
      ],
      "EntityTypes": [
        "COLUMN_HEADER"
      ],
      "Page": 1
    },
    {
      "BlockType": "CELL",
      "Confidence": 67.67578125,
      "RowIndex": 1,
      "ColumnIndex": 3,
      "RowSpan": 1,
      "ColumnSpan": 1,
      "Geometry": {
        "BoundingBox": {
          "Width": 0.15397575497627258,
          "Height": 0.05444956570863724,
          "Left": 0.6164683699607849,
          "Top": 0.34690552949905396
        },
        "Polygon": [
          {
            "X": 0.6164683699607849,
            "Y": 0.34690552949905396
          },
          {
            "X": 0.770094633102417,
            "Y": 0.34692248702049255
          },
          {
            "X": 0.7704441547393799,
            "Y": 0.4013550877571106
          },
          {
            "X": 0.6167902946472168,
            "Y": 0.40129736065864563
          }
        ]
      },
      "Id": "1578e6ba-958c-450d-9ca9-4e6b5cdd2e7e",
      "EntityTypes": [
        "COLUMN_HEADER"
      ],
      "Page": 1
    },
    {
      "BlockType": "CELL",
      "Confidence": 47.75390625,
      "RowIndex": 2,
      "ColumnIndex": 1,
      "RowSpan": 1,
      "ColumnSpan": 1,
      "Geometry": {
        "BoundingBox": {
          "Width": 0.16548216342926025,
          "Height": 0.05325739085674286,
          "Left": 0.22836004197597504,
          "Top": 0.4011514186859131
        },
        "Polygon": [
          {
            "X": 0.22836004197597504,
            "Y": 0.4011514186859131
          },
          {
            "X": 0.3935662806034088,
            "Y": 0.40121349692344666
          },
          {
            "X": 0.3938421905040741,
            "Y": 0.45440879464149475
          },
          {
            "X": 0.22860698401927948,
            "Y": 0.4543038010597229
          }
        ]
      },
      "Id": "2a1ee831-7de8-41f5-9a74-fcbaf54d9919",
      "EntityTypes": [
        "COLUMN_HEADER"
      ],
      "Page": 1
    },
    {
      "BlockType": "CELL",
      "Confidence": 85.15625,
      "RowIndex": 2,
      "ColumnIndex": 2,
      "RowSpan": 1,
      "ColumnSpan": 1,
      "Geometry": {
        "BoundingBox": {
          "Width": 0.22353917360305786,
          "Height": 0.05333720147609711,
          "Left": 0.3935662806034088,
          "Top": 0.40121349692344666
        },
        "Polygon": [
          {
            "X": 0.3935662806034088,
            "Y": 0.40121349692344666
          },
          {
            "X": 0.6167902946472168,
            "Y": 0.40129736065864563
          },
          {
            "X": 0.6171054244041443,
            "Y": 0.45455068349838257
          },
          {
            "X": 0.3938421905040741,
            "Y": 0.45440879464149475
          }
        ]
      },
      "Id": "8fdabb97-6b63-44a4-9066-287f99dedecb",
      "Relationships": [
        {
          "Type": "CHILD",
          "Ids": [
            "88ba19c1-b0f6-47e4-8f26-b949b4f6316e"
          ]
        }
      ],
      "EntityTypes": [
        "COLUMN_HEADER"
      ],
      "Page": 1
    },
    {
      "BlockType": "CELL",
      "Confidence": 80.859375,
      "RowIndex": 2,
      "ColumnIndex": 3,
      "RowSpan": 1,
      "ColumnSpan": 1,
      "Geometry": {
        "BoundingBox": {
          "Width": 0.15436211228370667,
          "Height": 0.05335122346878052,
          "Left": 0.6167902946472168,
          "Top": 0.40129736065864563
        },
        "Polygon": [
          {
            "X": 0.6167902946472168,
            "Y": 0.40129736065864563
          },
          {
            "X": 0.7708101272583008,
            "Y": 0.40135523676872253
          },
          {
            "X": 0.7711523771286011,
            "Y": 0.45464858412742615
          },
          {
            "X": 0.6171054244041443,
            "Y": 0.45455068349838257
          }
        ]
      },
      "Id": "1e93d096-16cc-4f1c-9cc3-9fd1bc3fbb8e",
      "Relationships": [
        {
          "Type": "CHILD",
          "Ids": [
            "a51acb8f-4448-40e8-b64f-84b2005b1ec7"
          ]
        }
      ],
      "EntityTypes": [
        "COLUMN_HEADER"
      ],
      "Page": 1
    },
    {
      "BlockType": "CELL",
      "Confidence": 89.306640625,
      "RowIndex": 3,
      "ColumnIndex": 1,
      "RowSpan": 1,
      "ColumnSpan": 1,
      "Geometry": {
        "BoundingBox": {
          "Width": 0.16525714099407196,
          "Height": 0.040591999888420105,
          "Left": 0.22879508137702942,
          "Top": 0.45430392026901245
        },
        "Polygon": [
          {
            "X": 0.22879508137702942,
            "Y": 0.45430392026901245
          },
          {
            "X": 0.3938421905040741,
            "Y": 0.45440879464149475
          },
          {
            "X": 0.3940522074699402,
            "Y": 0.49489593505859375
          },
          {
            "X": 0.2289830595254898,
            "Y": 0.49475839734077454
          }
        ]
      },
      "Id": "62d70002-baee-45fa-9b40-33b88c97d772",
      "Relationships": [
        {
          "Type": "CHILD",
          "Ids": [
            "f2648381-4ac0-445b-ae02-6723b6b1e62e"
          ]
        }
      ],
      "Page": 1
    },
    {
      "BlockType": "CELL",
      "Confidence": 90.52734375,
      "RowIndex": 3,
      "ColumnIndex": 2,
      "RowSpan": 1,
      "ColumnSpan": 1,
      "Geometry": {
        "BoundingBox": {
          "Width": 0.22350311279296875,
          "Height": 0.040673162788152695,
          "Left": 0.3938421905040741,
          "Top": 0.45440879464149475
        },
        "Polygon": [
          {
            "X": 0.3938421905040741,
            "Y": 0.45440879464149475
          },
          {
            "X": 0.6171054244041443,
            "Y": 0.45455068349838257
          },
          {
            "X": 0.6173453330993652,
            "Y": 0.49508196115493774
          },
          {
            "X": 0.3940522074699402,
            "Y": 0.49489593505859375
          }
        ]
      },
      "Id": "4f4aabee-2895-4957-8aa5-6337932ea0d2",
      "Relationships": [
        {
          "Type": "CHILD",
          "Ids": [
            "6a9e65a9-9469-4749-9fba-de57ad850ddc",
            "f8410c1f-941e-4963-a0a5-ab1f1feb55d2",
            "3ca657f6-adb8-43a5-8780-aeed00ef61cd"
          ]
        }
      ],
      "Page": 1
    },
    {
      "BlockType": "CELL",
      "Confidence": 85.9375,
      "RowIndex": 3,
      "ColumnIndex": 3,
      "RowSpan": 1,
      "ColumnSpan": 1,
      "Geometry": {
        "BoundingBox": {
          "Width": 0.15430745482444763,
          "Height": 0.040659647434949875,
          "Left": 0.6171054244041443,
          "Top": 0.45455068349838257
        },
        "Polygon": [
          {
            "X": 0.6171054244041443,
            "Y": 0.45455068349838257
          },
          {
            "X": 0.7711523771286011,
            "Y": 0.45464858412742615
          },
          {
            "X": 0.7714129090309143,
            "Y": 0.49521034955978394
          },
          {
            "X": 0.6173453330993652,
            "Y": 0.49508196115493774
          }
        ]
      },
      "Id": "a6d10861-9eaa-44d1-8800-ed891545aede",
      "Relationships": [
        {
          "Type": "CHILD",
          "Ids": [
            "6ab27865-74f0-42ba-b825-675049503d41",
            "564a7751-c3cf-4065-9f06-0927ea420a46",
            "2d2bb65a-267e-411e-a401-1038f8aefa3a"
          ]
        }
      ],
      "Page": 1
    },
    {
      "BlockType": "CELL",
      "Confidence": 82.763671875,
      "RowIndex": 4,
      "ColumnIndex": 1,
      "RowSpan": 1,
      "ColumnSpan": 1,
      "Geometry": {
        "BoundingBox": {
          "Width": 0.1652131974697113,
          "Height": 0.027906332165002823,
          "Left": 0.2289830595254898,
          "Top": 0.49475839734077454
        },
        "Polygon": [
          {
            "X": 0.2289830595254898,
            "Y": 0.49475839734077454
          },
          {
            "X": 0.3940522074699402,
            "Y": 0.49489593505859375
          },
          {
            "X": 0.3941962420940399,
            "Y": 0.5226647257804871
          },
          {
            "X": 0.22911198437213898,
            "Y": 0.5225048065185547
          }
        ]
      },
      "Id": "37250fad-4228-4110-b671-bc98a147f3c6",
      "Relationships": [
        {
          "Type": "CHILD",
          "Ids": [
            "03c82eeb-c36e-47c8-92da-d3c561ac8ffe"
          ]
        }
      ],
      "Page": 1
    },
    {
      "BlockType": "CELL",
      "Confidence": 83.88671875,
      "RowIndex": 4,
      "ColumnIndex": 2,
      "RowSpan": 1,
      "ColumnSpan": 1,
      "Geometry": {
        "BoundingBox": {
          "Width": 0.22345761954784393,
          "Height": 0.027985142543911934,
          "Left": 0.3940522074699402,
          "Top": 0.49489593505859375
        },
        "Polygon": [
          {
            "X": 0.3940522074699402,
            "Y": 0.49489593505859375
          },
          {
            "X": 0.6173453330993652,
            "Y": 0.49508196115493774
          },
          {
            "X": 0.6175098419189453,
            "Y": 0.5228810906410217
          },
          {
            "X": 0.3941962420940399,
            "Y": 0.5226647257804871
          }
        ]
      },
      "Id": "7614111f-98c2-4c78-a4ea-dee178cf239e",
      "Relationships": [
        {
          "Type": "CHILD",
          "Ids": [
            "098fc6dd-00da-451a-9a18-31072f715068",
            "39d819a6-6c3d-4cfd-8797-04a509c47be6",
            "fd461bea-9508-4c93-a994-c5f001e04c0e"
          ]
        }
      ],
      "Page": 1
    },
    {
      "BlockType": "CELL",
      "Confidence": 79.638671875,
      "RowIndex": 4,
      "ColumnIndex": 3,
      "RowSpan": 1,
      "ColumnSpan": 1,
      "Geometry": {
        "BoundingBox": {
          "Width": 0.1542462557554245,
          "Height": 0.027948368340730667,
          "Left": 0.6173453330993652,
          "Top": 0.49508196115493774
        },
        "Polygon": [
          {
            "X": 0.6173453330993652,
            "Y": 0.49508196115493774
          },
          {
            "X": 0.7714129090309143,
            "Y": 0.49521034955978394
          },
          {
            "X": 0.7715915441513062,
            "Y": 0.5230303406715393
          },
          {
            "X": 0.6175098419189453,
            "Y": 0.5228810906410217
          }
        ]
      },
      "Id": "17b3e657-8802-40b7-b954-bab3516a8d1e",
      "Relationships": [
        {
          "Type": "CHILD",
          "Ids": [
            "0ddae5f3-3135-4b5f-8a8c-adbdcd927bee",
            "c283ebb2-6e45-4df0-b565-57006ae1543d",
            "af903d0b-458c-49d9-bb13-04e1da1fc8d9"
          ]
        }
      ],
      "Page": 1
    },
    {
      "BlockType": "CELL",
      "Confidence": 85.595703125,
      "RowIndex": 5,
      "ColumnIndex": 1,
      "RowSpan": 1,
      "ColumnSpan": 1,
      "Geometry": {
        "BoundingBox": {
          "Width": 0.16522833704948425,
          "Height": 0.02793377824127674,
          "Left": 0.22911198437213898,
          "Top": 0.5225048065185547
        },
        "Polygon": [
          {
            "X": 0.22911198437213898,
            "Y": 0.5225048065185547
          },
          {
            "X": 0.3941962420940399,
            "Y": 0.5226647257804871
          },
          {
            "X": 0.39434030652046204,
            "Y": 0.5504385828971863
          },
          {
            "X": 0.22924093902111053,
            "Y": 0.5502562522888184
          }
        ]
      },
      "Id": "bf8dd473-b944-43a1-907a-5d334978a9b5",
      "Relationships": [
        {
          "Type": "CHILD",
          "Ids": [
            "3ae29e31-396d-42d9-b928-79edbe442155"
          ]
        }
      ],
      "Page": 1
    },
    {
      "BlockType": "CELL",
      "Confidence": 86.71875,
      "RowIndex": 5,
      "ColumnIndex": 2,
      "RowSpan": 1,
      "ColumnSpan": 1,
      "Geometry": {
        "BoundingBox": {
          "Width": 0.22347812354564667,
          "Height": 0.028020499274134636,
          "Left": 0.3941962420940399,
          "Top": 0.5226647257804871
        },
        "Polygon": [
          {
            "X": 0.3941962420940399,
            "Y": 0.5226647257804871
          },
          {
            "X": 0.6175098419189453,
            "Y": 0.5228810906410217
          },
          {
            "X": 0.6176743507385254,
            "Y": 0.5506852269172668
          },
          {
            "X": 0.39434030652046204,
            "Y": 0.5504385828971863
          }
        ]
      },
      "Id": "f746062b-aba3-4d69-9a8d-321f3a19b24a",
      "Relationships": [
        {
          "Type": "CHILD",
          "Ids": [
            "7410e0bc-c78b-4966-baa5-b536d31234d8",
            "bb60932f-d5fa-4478-bf01-18e45d335a91",
            "fce30bd1-b79b-4de6-8d8e-3cdae1b12a62"
          ]
        }
      ],
      "Page": 1
    },
    {
      "BlockType": "CELL",
      "Confidence": 82.373046875,
      "RowIndex": 5,
      "ColumnIndex": 3,
      "RowSpan": 1,
      "ColumnSpan": 1,
      "Geometry": {
        "BoundingBox": {
          "Width": 0.15426045656204224,
          "Height": 0.027974341064691544,
          "Left": 0.6175098419189453,
          "Top": 0.5228810906410217
        },
        "Polygon": [
          {
            "X": 0.6175098419189453,
            "Y": 0.5228810906410217
          },
          {
            "X": 0.7715915441513062,
            "Y": 0.5230303406715393
          },
          {
            "X": 0.7717702984809875,
            "Y": 0.5508553981781006
          },
          {
            "X": 0.6176743507385254,
            "Y": 0.5506852269172668
          }
        ]
      },
      "Id": "3f3cb4b6-8b6e-447c-b601-e084a990c3c1",
      "Relationships": [
        {
          "Type": "CHILD",
          "Ids": [
            "e5a09dba-c92a-4297-a28b-99496fa62751",
            "813a69ee-e0e2-44b9-b0d8-ad3bc61839fe",
            "8d2e80c6-58de-4e09-a9a9-259584b1ab38"
          ]
        }
      ],
      "Page": 1
    },
    {
      "BlockType": "CELL",
      "Confidence": 85.693359375,
      "RowIndex": 6,
      "ColumnIndex": 1,
      "RowSpan": 1,
      "ColumnSpan": 1,
      "Geometry": {
        "BoundingBox": {
          "Width": 0.165243461728096,
          "Height": 0.027961235493421555,
          "Left": 0.22924093902111053,
          "Top": 0.5502562522888184
        },
        "Polygon": [
          {
            "X": 0.22924093902111053,
            "Y": 0.5502562522888184
          },
          {
            "X": 0.39434030652046204,
            "Y": 0.5504385828971863
          },
          {
            "X": 0.39448440074920654,
            "Y": 0.5782174468040466
          },
          {
            "X": 0.22936992347240448,
            "Y": 0.5780127048492432
          }
        ]
      },
      "Id": "2ab2f3a1-1a86-4290-b495-4c9d1b845de8",
      "Relationships": [
        {
          "Type": "CHILD",
          "Ids": [
            "a09bbf0c-894f-4272-937e-96d26e85a08c"
          ]
        }
      ],
      "Page": 1
    },
    {
      "BlockType": "CELL",
      "Confidence": 86.865234375,
      "RowIndex": 6,
      "ColumnIndex": 2,
      "RowSpan": 1,
      "ColumnSpan": 1,
      "Geometry": {
        "BoundingBox": {
          "Width": 0.2234986275434494,
          "Height": 0.028055870905518532,
          "Left": 0.39434030652046204,
          "Top": 0.5504385828971863
        },
        "Polygon": [
          {
            "X": 0.39434030652046204,
            "Y": 0.5504385828971863
          },
          {
            "X": 0.6176743507385254,
            "Y": 0.5506852269172668
          },
          {
            "X": 0.6178389191627502,
            "Y": 0.5784944295883179
          },
          {
            "X": 0.39448440074920654,
            "Y": 0.5782174468040466
          }
        ]
      },
      "Id": "4e25a745-ba17-4c1e-a0f3-99cf63a6a03b",
      "Relationships": [
        {
          "Type": "CHILD",
          "Ids": [
            "d17a7774-c203-42e1-851b-6f918fcf2457",
            "93774e52-ddc9-4f5e-87ac-4778b3ce7395",
            "9eda0e93-4f71-4742-a528-830144a49bee"
          ]
        }
      ],
      "Page": 1
    },
    {
      "BlockType": "CELL",
      "Confidence": 82.470703125,
      "RowIndex": 6,
      "ColumnIndex": 3,
      "RowSpan": 1,
      "ColumnSpan": 1,
      "Geometry": {
        "BoundingBox": {
          "Width": 0.15427464246749878,
          "Height": 0.028000323101878166,
          "Left": 0.6176743507385254,
          "Top": 0.5506852269172668
        },
        "Polygon": [
          {
            "X": 0.6176743507385254,
            "Y": 0.5506852269172668
          },
          {
            "X": 0.7717702984809875,
            "Y": 0.5508553981781006
          },
          {
            "X": 0.7719489932060242,
            "Y": 0.5786855220794678
          },
          {
            "X": 0.6178389191627502,
            "Y": 0.5784944295883179
          }
        ]
      },
      "Id": "829bf384-08fd-404f-9085-673c22e5c89f",
      "Relationships": [
        {
          "Type": "CHILD",
          "Ids": [
            "fb58d09a-a1b2-4859-a1dd-022f4deb2d1d",
            "70573605-dad8-4f22-8a13-ff1a79f05b89",
            "9bb3bb54-c6c4-4c82-86c5-e9577ec251a8"
          ]
        }
      ],
      "Page": 1
    },
    {
      "BlockType": "CELL",
      "Confidence": 82.373046875,
      "RowIndex": 7,
      "ColumnIndex": 1,
      "RowSpan": 1,
      "ColumnSpan": 1,
      "Geometry": {
        "BoundingBox": {
          "Width": 0.16525861620903015,
          "Height": 0.027988700196146965,
          "Left": 0.22936992347240448,
          "Top": 0.5780127048492432
        },
        "Polygon": [
          {
            "X": 0.22936992347240448,
            "Y": 0.5780127048492432
          },
          {
            "X": 0.39448440074920654,
            "Y": 0.5782174468040466
          },
          {
            "X": 0.39462852478027344,
            "Y": 0.6060013771057129
          },
          {
            "X": 0.22949892282485962,
            "Y": 0.6057742238044739
          }
        ]
      },
      "Id": "708b0158-6193-481e-96f3-1b723bba4664",
      "Relationships": [
        {
          "Type": "CHILD",
          "Ids": [
            "4d7082eb-5cd5-42b6-bda5-f8e186ba1235"
          ]
        }
      ],
      "Page": 1
    },
    {
      "BlockType": "CELL",
      "Confidence": 83.49609375,
      "RowIndex": 7,
      "ColumnIndex": 2,
      "RowSpan": 1,
      "ColumnSpan": 1,
      "Geometry": {
        "BoundingBox": {
          "Width": 0.22351914644241333,
          "Height": 0.028091253712773323,
          "Left": 0.39448440074920654,
          "Top": 0.5782174468040466
        },
        "Polygon": [
          {
            "X": 0.39448440074920654,
            "Y": 0.5782174468040466
          },
          {
            "X": 0.6178389191627502,
            "Y": 0.5784944295883179
          },
          {
            "X": 0.6180035471916199,
            "Y": 0.6063086986541748
          },
          {
            "X": 0.39462852478027344,
            "Y": 0.6060013771057129
          }
        ]
      },
      "Id": "55dee07a-7c05-4e93-9ca7-8eac35729f89",
      "Relationships": [
        {
          "Type": "CHILD",
          "Ids": [
            "11bc6b6c-19df-4a5f-b0d2-c5719862af8b",
            "ac78aba3-6f18-4fa6-87d0-e95f7ecf5f23",
            "32964927-aed1-4f88-9a96-409488fb6066"
          ]
        }
      ],
      "Page": 1
    },
    {
      "BlockType": "CELL",
      "Confidence": 79.296875,
      "RowIndex": 7,
      "ColumnIndex": 3,
      "RowSpan": 1,
      "ColumnSpan": 1,
      "Geometry": {
        "BoundingBox": {
          "Width": 0.15428882837295532,
          "Height": 0.028026312589645386,
          "Left": 0.6178389191627502,
          "Top": 0.5784944295883179
        },
        "Polygon": [
          {
            "X": 0.6178389191627502,
            "Y": 0.5784944295883179
          },
          {
            "X": 0.7719489932060242,
            "Y": 0.5786855220794678
          },
          {
            "X": 0.7721278071403503,
            "Y": 0.6065207719802856
          },
          {
            "X": 0.6180035471916199,
            "Y": 0.6063086986541748
          }
        ]
      },
      "Id": "ad3541a8-5079-456e-9296-70edebdd3730",
      "Relationships": [
        {
          "Type": "CHILD",
          "Ids": [
            "9c398fc2-5dae-48c5-a371-f1c6c58e625e",
            "52a63d1d-17f0-462e-9c74-f43bcae26694",
            "09c55e9c-2a53-48e4-9985-b8e56c21cba0"
          ]
        }
      ],
      "Page": 1
    },
    {
      "BlockType": "CELL",
      "Confidence": 92.431640625,
      "RowIndex": 8,
      "ColumnIndex": 1,
      "RowSpan": 1,
      "ColumnSpan": 1,
      "Geometry": {
        "BoundingBox": {
          "Width": 0.16536115109920502,
          "Height": 0.04486570507287979,
          "Left": 0.22949892282485962,
          "Top": 0.6057742238044739
        },
        "Polygon": [
          {
            "X": 0.22949892282485962,
            "Y": 0.6057742238044739
          },
          {
            "X": 0.39462852478027344,
            "Y": 0.6060013771057129
          },
          {
            "X": 0.39486005902290344,
            "Y": 0.6506399512290955
          },
          {
            "X": 0.22970616817474365,
            "Y": 0.6503767371177673
          }
        ]
      },
      "Id": "162b26c9-e406-4062-8718-f26e106cb30d",
      "Relationships": [
        {
          "Type": "CHILD",
          "Ids": [
            "6d1e3811-918c-4ef3-9f10-0a6cfba1caa1"
          ]
        }
      ],
      "Page": 1
    },
    {
      "BlockType": "CELL",
      "Confidence": 93.65234375,
      "RowIndex": 8,
      "ColumnIndex": 2,
      "RowSpan": 1,
      "ColumnSpan": 1,
      "Geometry": {
        "BoundingBox": {
          "Width": 0.22363948822021484,
          "Height": 0.04499457776546478,
          "Left": 0.39462852478027344,
          "Top": 0.6060013771057129
        },
        "Polygon": [
          {
            "X": 0.39462852478027344,
            "Y": 0.6060013771057129
          },
          {
            "X": 0.6180035471916199,
            "Y": 0.6063086986541748
          },
          {
            "X": 0.6182680130004883,
            "Y": 0.6509959697723389
          },
          {
            "X": 0.39486005902290344,
            "Y": 0.6506399512290955
          }
        ]
      },
      "Id": "156b94e1-a95c-4ef6-ba0f-c9ccc0890365",
      "Relationships": [
        {
          "Type": "CHILD",
          "Ids": [
            "b4682712-121d-4278-8ae3-09590a1435c7",
            "7b95bcf8-3b58-4f0b-a8ba-082182beb6f2",
            "cfb18c55-2b0b-43a7-897c-6ff6da8dbc33"
          ]
        }
      ],
      "Page": 1
    },
    {
      "BlockType": "CELL",
      "Confidence": 88.916015625,
      "RowIndex": 8,
      "ColumnIndex": 3,
      "RowSpan": 1,
      "ColumnSpan": 1,
      "Geometry": {
        "BoundingBox": {
          "Width": 0.1544114351272583,
          "Height": 0.04493293538689613,
          "Left": 0.6180035471916199,
          "Top": 0.6063086986541748
        },
        "Polygon": [
          {
            "X": 0.6180035471916199,
            "Y": 0.6063086986541748
          },
          {
            "X": 0.7721278071403503,
            "Y": 0.6065207719802856
          },
          {
            "X": 0.7724149823188782,
            "Y": 0.651241660118103
          },
          {
            "X": 0.6182680130004883,
            "Y": 0.6509959697723389
          }
        ]
      },
      "Id": "65c9f434-b079-4471-99fc-5eb3c72c5293",
      "Relationships": [
        {
          "Type": "CHILD",
          "Ids": [
            "f50f7f14-4352-4352-8f12-5f45e8702600",
            "c0b51ec1-922e-4944-83dc-ad1e635775f1",
            "2b683aac-43af-4782-abfa-ed7bce0e9c89"
          ]
        }
      ],
      "Page": 1
    },
    {
      "BlockType": "MERGED_CELL",
      "Confidence": 47.75390625,
      "RowIndex": 1,
      "ColumnIndex": 1,
      "RowSpan": 2,
      "ColumnSpan": 1,
      "Geometry": {
        "BoundingBox": {
          "Width": 0.16554485261440277,
          "Height": 0.1072198823094368,
          "Left": 0.22829735279083252,
          "Top": 0.34718891978263855
        },
        "Polygon": [
          {
            "X": 0.22829735279083252,
            "Y": 0.34718891978263855
          },
          {
            "X": 0.3932861387729645,
            "Y": 0.3472073972225189
          },
          {
            "X": 0.3938421905040741,
            "Y": 0.45440879464149475
          },
          {
            "X": 0.22879508137702942,
            "Y": 0.45430392026901245
          }
        ]
      },
      "Id": "618e2bfd-dde4-4f50-b799-9a6f82613fe2",
      "Relationships": [
        {
          "Type": "CHILD",
          "Ids": [
            "c239a4cf-cede-4c37-bad0-d742e17a131d",
            "2a1ee831-7de8-41f5-9a74-fcbaf54d9919"
          ]
        }
      ],
      "EntityTypes": [
        "COLUMN_HEADER"
      ],
      "Page": 1
    },
    {
      "BlockType": "MERGED_CELL",
      "Confidence": 67.67578125,
      "RowIndex": 1,
      "ColumnIndex": 2,
      "RowSpan": 1,
      "ColumnSpan": 2,
      "Geometry": {
        "BoundingBox": {
          "Width": 0.3775239884853363,
          "Height": 0.054147832095623016,
          "Left": 0.3932861387729645,
          "Top": 0.3472073972225189
        },
        "Polygon": [
          {
            "X": 0.3932861387729645,
            "Y": 0.3472073972225189
          },
          {
            "X": 0.7704626321792603,
            "Y": 0.3472496569156647
          },
          {
            "X": 0.7708101272583008,
            "Y": 0.40135523676872253
          },
          {
            "X": 0.3935662806034088,
            "Y": 0.40121349692344666
          }
        ]
      },
      "Id": "7a207e71-c75c-4ea5-9028-a2cdb76b1a57",
      "Relationships": [
        {
          "Type": "CHILD",
          "Ids": [
            "b9a708ab-0cb8-4348-af3e-2f143734dc78",
            "1578e6ba-958c-450d-9ca9-4e6b5cdd2e7e"
          ]
        }
      ],
      "EntityTypes": [
        "COLUMN_HEADER"
      ],
      "Page": 1
    }
  ],
  "AnalyzeDocumentModelVersion": "1.0"
}