"'Table 1. Brand","'name, manufacturer and","'composition of the materials","'used in the study",
"'Brand Name","'Material type","'Manufacture","'Composition",
"'Vitablocks Mark II","'Feldspathic ceramic","'VITA Zanhfabrik; Bad Säckingen, Germany","'Feldspathic cristaline particles (SiO, A Na2O, K20) in glassy matrix",
"'Monobond S","'Silane coupling agent","'Ivoclar Vivadent; Schaan, Leichtenstein","'1% 3-methacryloxypropyl trimethoxy (3-MPS) ethanol/water-based solvent",
"'Porcelain Conditioner","'Acid etchant","'Dentsply; Petropolis, Brasil","'Hydrofuoric acid (HF) 10%",
"'Variolink II","'Resin Cement","'Ivoclar Vivadent, Schaan, Leichtenstein","'Monomer matrix: Bis-GMA, ure dimethacrylate and triethylene dimethacrylate. Inorganic fillers: barium ytterbium trifluoride, Ba-Al-fluoros glass and spheroid mixed oxide",
"'Z100","'Composite resin","'3M ESPE; St Paul, MN, USA","'bis-GMA, TEGDMA, zirconia/silica(0,6",
,,,

'Confidence Scores % (Table Cell)
"'71.38671875","'71.38671875","'71.38671875","'71.38671875",
"'86.71875000","'86.08398438","'87.30468750","'89.59960938",
"'89.74609375","'89.01367188","'90.28320313","'92.67578125",
"'85.64453125","'84.96093750","'86.18164063","'88.42773438",
"'69.77539063","'69.23828125","'70.21484375","'72.07031250",
"'91.25976563","'90.52734375","'91.79687500","'94.23828125",
"'83.83789063","'83.20312500","'84.37500000","'86.57226563",
