{
  "DocumentMetadata": {
    "Pages": 1
  },
  "JobStatus": "SUCCEEDED",
  "Blocks": [
    {
      "BlockType": "PAGE",
      "Geometry": {
        "BoundingBox": {
          "Width": 0.5356204509735107,
          "Height": 0.38283461332321167,
          "Left": 0.2326035499572754,
          "Top": 0.29349297285079956
        },
        "Polygon": [
          {
            "X": 0.2326035499572754,
            "Y": 0.29472723603248596
          },
          {
            "X": 0.7653312087059021,
            "Y": 0.29349297285079956
          },
          {
            "X": 0.7682240009307861,
            "Y": 0.6751911044120789
          },
          {
            "X": 0.23464436829090118,
            "Y": 0.6763275861740112
          }
        ]
      },
      "Id": "f7a7eb81-8877-4bec-b741-d6e734b99fdd",
      "Relationships": [
        {
          "Type": "CHILD",
          "Ids": [
            "cafc62a3-a4bf-4cdf-be1f-c24a2963a429",
            "585bbbbd-06e6-41eb-9b0c-2d8eaa7125ac",
            "091fd3c8-21bb-448e-8eb5-e50141e1f0db",
            "bdb83c5e-ae8a-401f-9fb9-d43d154220d5",
            "218130e3-c80a-4de8-97ee-25d214912e42",
            "80cfe918-6d6f-4940-9a18-4c602ba76923",
            "5f14860b-a036-47ed-af21-53813a45b985",
            "3502594d-524c-4211-84c2-2e308a90eb05",
            "95c9a431-d664-4719-96bd-4ae9d65e6e5c",
            "bce7522c-2d7b-4621-a3dd-aa787e1613d0",
            "8cf3c422-9e4b-4656-9ed2-0f523b0e346c",
            "5039f3fc-c1a0-49b4-991a-7870ac9d96fe",
            "91d518f1-dc7e-43a9-997e-074c1b50b28e",
            "f5065d59-d753-484b-bdb2-5d8c5dfd9c29",
            "6f0dfef1-3cfd-45c3-b609-f55fbdf48f32",
            "6469c28a-e44c-42d7-b9b0-1c079fd911fe",
            "c718850c-a4da-4284-a78c-ccb9436b4e8d",
            "c3c86aa7-425e-4d79-bee6-79416b086aa8",
            "375cb596-1673-4fa6-99ac-af57b23013e5",
            "a32262e8-d912-49cf-86d8-89b0fe9cddb8",
            "b442bf6d-caaa-4677-a7db-8ba3f92201e7",
            "58a4feb4-eb4d-48f4-8fa9-331f58bb45de"
          ]
        }
      ],
      "Page": 1
    },
    {
      "BlockType": "LINE",
      "Confidence": 41.65932083129883,
      "Text": "-",
      "Geometry": {
        "BoundingBox": {
          "Width": 0.0576869398355484,
          "Height": 0.017368046566843987,
          "Left": 0.24794963002204895,
          "Top": 0.32323339581489563
        },
        "Polygon": [
          {
            "X": 0.24794963002204895,
            "Y": 0.3233660161495209
          },
          {
            "X": 0.3055391311645508,
            "Y": 0.32323339581489563
          },
          {
            "X": 0.30563655495643616,
            "Y": 0.3404693007469177
          },
          {
            "X": 0.24804289638996124,
            "Y": 0.34060144424438477
          }
        ]
      },
      "Id": "cafc62a3-a4bf-4cdf-be1f-c24a2963a429",
      "Relationships": [
        {
          "Type": "CHILD",
          "Ids": [
            "f0702f46-84a6-4c3d-8037-61eda1ab9d71"
          ]
        }
      ],
      "Page": 1
    },
    {
      "BlockType": "LINE",
      "Confidence": 99.93777465820312,
      "Text": "Sample",
      "Geometry": {
        "BoundingBox": {
          "Width": 0.04600997641682625,
          "Height": 0.019928500056266785,
          "Left": 0.2576318383216858,
          "Top": 0.3642289936542511
        },
        "Polygon": [
          {
            "X": 0.2576318383216858,
            "Y": 0.36433377861976624
          },
          {
            "X": 0.3035299479961395,
            "Y": 0.3642289936542511
          },
          {
            "X": 0.30364182591438293,
            "Y": 0.38405317068099976
          },
          {
            "X": 0.25773993134498596,
            "Y": 0.3841575086116791
          }
        ]
      },
      "Id": "585bbbbd-06e6-41eb-9b0c-2d8eaa7125ac",
      "Relationships": [
        {
          "Type": "CHILD",
          "Ids": [
            "58b82cb8-2a55-48d0-b3e0-bd55f64efa19"
          ]
        }
      ],
      "Page": 1
    },
    {
      "BlockType": "LINE",
      "Confidence": 96.35218048095703,
      "Text": "Viscosity at 25 °C (cP)",
      "Geometry": {
        "BoundingBox": {
          "Width": 0.1386117786169052,
          "Height": 0.020253153517842293,
          "Left": 0.6054754257202148,
          "Top": 0.3638601005077362
        },
        "Polygon": [
          {
            "X": 0.6054754257202148,
            "Y": 0.3641761243343353
          },
          {
            "X": 0.7439379692077637,
            "Y": 0.3638601005077362
          },
          {
            "X": 0.7440872192382812,
            "Y": 0.3837985396385193
          },
          {
            "X": 0.6056131720542908,
            "Y": 0.38411325216293335
          }
        ]
      },
      "Id": "091fd3c8-21bb-448e-8eb5-e50141e1f0db",
      "Relationships": [
        {
          "Type": "CHILD",
          "Ids": [
            "301a88eb-d77e-49e1-8c0b-882f7009235f",
            "36cf419f-e9b7-4c0d-b7d0-9fcdbcfe2aeb",
            "1f6fe1af-3849-4ec3-90fa-ab7ae8fe53cd",
            "e1783381-3e9b-491c-b7a1-f08afe8d3ad7",
            "f1ca3d2b-a433-4266-894e-06f47561f5e6"
          ]
        }
      ],
      "Page": 1
    },
    {
      "BlockType": "LINE",
      "Confidence": 97.42203521728516,
      "Text": "Styrene [2]",
      "Geometry": {
        "BoundingBox": {
          "Width": 0.07039900124073029,
          "Height": 0.019987886771559715,
          "Left": 0.25770488381385803,
          "Top": 0.4156060814857483
        },
        "Polygon": [
          {
            "X": 0.25770488381385803,
            "Y": 0.41576477885246277
          },
          {
            "X": 0.32798996567726135,
            "Y": 0.4156060814857483
          },
          {
            "X": 0.3281038999557495,
            "Y": 0.4354359805583954
          },
          {
            "X": 0.2578129768371582,
            "Y": 0.43559399247169495
          }
        ]
      },
      "Id": "bdb83c5e-ae8a-401f-9fb9-d43d154220d5",
      "Relationships": [
        {
          "Type": "CHILD",
          "Ids": [
            "f8f7e181-8254-43de-964c-3f09e8ff9321",
            "49cd803e-51f8-45e2-839e-017321606d20"
          ]
        }
      ],
      "Page": 1
    },
    {
      "BlockType": "LINE",
      "Confidence": 99.9578628540039,
      "Text": "0.7",
      "Geometry": {
        "BoundingBox": {
          "Width": 0.019571755081415176,
          "Height": 0.014861157163977623,
          "Left": 0.6055728197097778,
          "Top": 0.4163069427013397
        },
        "Polygon": [
          {
            "X": 0.6055728197097778,
            "Y": 0.4163508713245392
          },
          {
            "X": 0.6250410676002502,
            "Y": 0.4163069427013397
          },
          {
            "X": 0.6251446008682251,
            "Y": 0.4311242997646332
          },
          {
            "X": 0.6056751608848572,
            "Y": 0.4311680793762207
          }
        ]
      },
      "Id": "218130e3-c80a-4de8-97ee-25d214912e42",
      "Relationships": [
        {
          "Type": "CHILD",
          "Ids": [
            "ca48e6b5-c8ac-4052-a1b2-30fcaa6a7aab"
          ]
        }
      ],
      "Page": 1
    },
    {
      "BlockType": "LINE",
      "Confidence": 99.60875701904297,
      "Text": "VE828 [50]",
      "Geometry": {
        "BoundingBox": {
          "Width": 0.07264085114002228,
          "Height": 0.01894456148147583,
          "Left": 0.2576778531074524,
          "Top": 0.44200730323791504
        },
        "Polygon": [
          {
            "X": 0.2576778531074524,
            "Y": 0.442170113325119
          },
          {
            "X": 0.3302106559276581,
            "Y": 0.44200730323791504
          },
          {
            "X": 0.33031871914863586,
            "Y": 0.4607897102832794
          },
          {
            "X": 0.2577802240848541,
            "Y": 0.46095186471939087
          }
        ]
      },
      "Id": "80cfe918-6d6f-4940-9a18-4c602ba76923",
      "Relationships": [
        {
          "Type": "CHILD",
          "Ids": [
            "6d17180b-e08c-4d59-8c37-612f41ba3d43",
            "4ab75a48-c629-4435-8b7b-6cb079949f19"
          ]
        }
      ],
      "Page": 1
    },
    {
      "BlockType": "LINE",
      "Confidence": 94.13897705078125,
      "Text": "6 X 107",
      "Geometry": {
        "BoundingBox": {
          "Width": 0.049167390912771225,
          "Height": 0.019201789051294327,
          "Left": 0.6056841611862183,
          "Top": 0.43862849473953247
        },
        "Polygon": [
          {
            "X": 0.6056841611862183,
            "Y": 0.438738614320755
          },
          {
            "X": 0.6547157764434814,
            "Y": 0.43862849473953247
          },
          {
            "X": 0.6548515558242798,
            "Y": 0.4577206075191498
          },
          {
            "X": 0.6058160066604614,
            "Y": 0.4578302800655365
          }
        ]
      },
      "Id": "5f14860b-a036-47ed-af21-53813a45b985",
      "Relationships": [
        {
          "Type": "CHILD",
          "Ids": [
            "fdd3a7f5-283f-41d0-8939-91d21f9ba28b",
            "3ac96f36-1150-4340-87fb-b1cda5547f5a",
            "40d8cdab-1c64-423f-b35b-4baf480515de"
          ]
        }
      ],
      "Page": 1
    },
    {
      "BlockType": "LINE",
      "Confidence": 99.8912124633789,
      "Text": "BPADM",
      "Geometry": {
        "BoundingBox": {
          "Width": 0.048242874443531036,
          "Height": 0.014920992776751518,
          "Left": 0.2578282356262207,
          "Top": 0.4697604179382324
        },
        "Polygon": [
          {
            "X": 0.2578282356262207,
            "Y": 0.46986785531044006
          },
          {
            "X": 0.3059873878955841,
            "Y": 0.4697604179382324
          },
          {
            "X": 0.30607110261917114,
            "Y": 0.4845743179321289
          },
          {
            "X": 0.2579089403152466,
            "Y": 0.4846813976764679
          }
        ]
      },
      "Id": "3502594d-524c-4211-84c2-2e308a90eb05",
      "Relationships": [
        {
          "Type": "CHILD",
          "Ids": [
            "04d28861-13bf-4b49-8458-4e0fbae1413d"
          ]
        }
      ],
      "Page": 1
    },
    {
      "BlockType": "LINE",
      "Confidence": 98.88568878173828,
      "Text": "-",
      "Geometry": {
        "BoundingBox": {
          "Width": 0.007844360545277596,
          "Height": 0.0033748603891581297,
          "Left": 0.6051828265190125,
          "Top": 0.4773451089859009
        },
        "Polygon": [
          {
            "X": 0.6051828265190125,
            "Y": 0.4773625135421753
          },
          {
            "X": 0.6130039095878601,
            "Y": 0.4773451089859009
          },
          {
            "X": 0.6130271553993225,
            "Y": 0.48070254921913147
          },
          {
            "X": 0.6052060127258301,
            "Y": 0.4807199537754059
          }
        ]
      },
      "Id": "95c9a431-d664-4719-96bd-4ae9d65e6e5c",
      "Relationships": [
        {
          "Type": "CHILD",
          "Ids": [
            "dd759329-71c2-4358-a5c0-f26e1f607350"
          ]
        }
      ],
      "Page": 1
    },
    {
      "BlockType": "LINE",
      "Confidence": 99.6927719116211,
      "Text": "VACDM",
      "Geometry": {
        "BoundingBox": {
          "Width": 0.050423525273799896,
          "Height": 0.015404676087200642,
          "Left": 0.2574376165866852,
          "Top": 0.495304137468338
        },
        "Polygon": [
          {
            "X": 0.2574376165866852,
            "Y": 0.4954158067703247
          },
          {
            "X": 0.3077746033668518,
            "Y": 0.495304137468338
          },
          {
            "X": 0.3078611493110657,
            "Y": 0.5105975270271301
          },
          {
            "X": 0.2575209140777588,
            "Y": 0.5107088088989258
          }
        ]
      },
      "Id": "bce7522c-2d7b-4621-a3dd-aa787e1613d0",
      "Relationships": [
        {
          "Type": "CHILD",
          "Ids": [
            "0b1fbb15-8d0c-4c9c-8b79-8ba0963c3acc"
          ]
        }
      ],
      "Page": 1
    },
    {
      "BlockType": "LINE",
      "Confidence": 99.83588409423828,
      "Text": "567 + 51",
      "Geometry": {
        "BoundingBox": {
          "Width": 0.06348426640033722,
          "Height": 0.015182134695351124,
          "Left": 0.6056894659996033,
          "Top": 0.4954007565975189
        },
        "Polygon": [
          {
            "X": 0.6056894659996033,
            "Y": 0.4955413341522217
          },
          {
            "X": 0.6690658926963806,
            "Y": 0.4954007565975189
          },
          {
            "X": 0.6691737174987793,
            "Y": 0.5104427933692932
          },
          {
            "X": 0.6057933568954468,
            "Y": 0.5105828642845154
          }
        ]
      },
      "Id": "8cf3c422-9e4b-4656-9ed2-0f523b0e346c",
      "Relationships": [
        {
          "Type": "CHILD",
          "Ids": [
            "c27a4c84-85c2-49b6-be44-152039540e1e",
            "6706bfbe-d1ea-43e5-851a-5805181b4acf",
            "531d1f1b-4e70-41e2-bd0f-7696b282e1d4"
          ]
        }
      ],
      "Page": 1
    },
    {
      "BlockType": "LINE",
      "Confidence": 99.92819213867188,
      "Text": "VAHCDM",
      "Geometry": {
        "BoundingBox": {
          "Width": 0.06065079942345619,
          "Height": 0.015380757860839367,
          "Left": 0.25747621059417725,
          "Top": 0.5220099687576294
        },
        "Polygon": [
          {
            "X": 0.25747621059417725,
            "Y": 0.522143542766571
          },
          {
            "X": 0.31804007291793823,
            "Y": 0.5220099687576294
          },
          {
            "X": 0.31812700629234314,
            "Y": 0.5372575521469116
          },
          {
            "X": 0.25755923986434937,
            "Y": 0.5373907089233398
          }
        ]
      },
      "Id": "5039f3fc-c1a0-49b4-991a-7870ac9d96fe",
      "Relationships": [
        {
          "Type": "CHILD",
          "Ids": [
            "b224d56d-ebc1-44b4-b3c7-baecb44ceaac"
          ]
        }
      ],
      "Page": 1
    },
    {
      "BlockType": "LINE",
      "Confidence": 99.9146957397461,
      "Text": "1290 + 84",
      "Geometry": {
        "BoundingBox": {
          "Width": 0.07181622833013535,
          "Height": 0.015755154192447662,
          "Left": 0.6062483787536621,
          "Top": 0.5219085812568665
        },
        "Polygon": [
          {
            "X": 0.6062483787536621,
            "Y": 0.5220667123794556
          },
          {
            "X": 0.677952229976654,
            "Y": 0.5219085812568665
          },
          {
            "X": 0.6780645847320557,
            "Y": 0.5375061631202698
          },
          {
            "X": 0.6063560843467712,
            "Y": 0.5376637578010559
          }
        ]
      },
      "Id": "91d518f1-dc7e-43a9-997e-074c1b50b28e",
      "Relationships": [
        {
          "Type": "CHILD",
          "Ids": [
            "a0e047ba-e754-44ea-a8d3-a49ab9702e9e",
            "7024ceca-5cdb-4139-a8f6-32b03819a91f",
            "04b47ae9-70ee-47ac-b597-b76d2542ce55"
          ]
        }
      ],
      "Page": 1
    },
    {
      "BlockType": "LINE",
      "Confidence": 99.84772491455078,
      "Text": "VE828 35 wt% Styrene",
      "Geometry": {
        "BoundingBox": {
          "Width": 0.14427661895751953,
          "Height": 0.019866060465574265,
          "Left": 0.25753793120384216,
          "Top": 0.548716127872467
        },
        "Polygon": [
          {
            "X": 0.25753793120384216,
            "Y": 0.5490321516990662
          },
          {
            "X": 0.40169626474380493,
            "Y": 0.548716127872467
          },
          {
            "X": 0.4018145501613617,
            "Y": 0.5682675242424011
          },
          {
            "X": 0.2576444149017334,
            "Y": 0.5685821771621704
          }
        ]
      },
      "Id": "f5065d59-d753-484b-bdb2-5d8c5dfd9c29",
      "Relationships": [
        {
          "Type": "CHILD",
          "Ids": [
            "7a8ee2e9-2661-4e9d-b408-66ee881d4bf4",
            "abba13f9-2146-4e3b-8a9b-c4451fb575ea",
            "b446ad2e-7cfb-4b32-a85b-09b11c252e83",
            "780584ba-66eb-4acc-a625-68ee5874c06f"
          ]
        }
      ],
      "Page": 1
    },
    {
      "BlockType": "LINE",
      "Confidence": 99.7639389038086,
      "Text": "134 + 24",
      "Geometry": {
        "BoundingBox": {
          "Width": 0.0644536167383194,
          "Height": 0.015459757298231125,
          "Left": 0.6060284376144409,
          "Top": 0.5486948490142822
        },
        "Polygon": [
          {
            "X": 0.6060284376144409,
            "Y": 0.5488359332084656
          },
          {
            "X": 0.6703721880912781,
            "Y": 0.5486948490142822
          },
          {
            "X": 0.6704820990562439,
            "Y": 0.5640140771865845
          },
          {
            "X": 0.6061342358589172,
            "Y": 0.5641546249389648
          }
        ]
      },
      "Id": "6f0dfef1-3cfd-45c3-b609-f55fbdf48f32",
      "Relationships": [
        {
          "Type": "CHILD",
          "Ids": [
            "0bce5dcc-bdfd-4c25-8c65-ad92432db6c1",
            "70caa838-5fe8-47ef-b1b4-4f2ab6f249b2",
            "30be1169-b1ac-495f-84be-f14fe44f6a66"
          ]
        }
      ],
      "Page": 1
    },
    {
      "BlockType": "LINE",
      "Confidence": 99.86886596679688,
      "Text": "BPADM 35 wt% Styrene",
      "Geometry": {
        "BoundingBox": {
          "Width": 0.15126758813858032,
          "Height": 0.02030462585389614,
          "Left": 0.257864385843277,
          "Top": 0.5753515958786011
        },
        "Polygon": [
          {
            "X": 0.257864385843277,
            "Y": 0.5756809711456299
          },
          {
            "X": 0.40901052951812744,
            "Y": 0.5753515958786011
          },
          {
            "X": 0.4091319739818573,
            "Y": 0.5953282713890076
          },
          {
            "X": 0.25797319412231445,
            "Y": 0.5956562161445618
          }
        ]
      },
      "Id": "6469c28a-e44c-42d7-b9b0-1c079fd911fe",
      "Relationships": [
        {
          "Type": "CHILD",
          "Ids": [
            "337d4776-5e33-4e3a-beb2-b56b9a97d807",
            "50b4b725-e908-48e2-928c-df8e771d88b2",
            "713d33af-4ecb-40bd-b8b6-dbd45a743f1e",
            "afbf5c0c-3e9f-4833-9781-c290abc86bd4"
          ]
        }
      ],
      "Page": 1
    },
    {
      "BlockType": "LINE",
      "Confidence": 97.507080078125,
      "Text": "-",
      "Geometry": {
        "BoundingBox": {
          "Width": 0.008332451805472374,
          "Height": 0.0033499374985694885,
          "Left": 0.6050196886062622,
          "Top": 0.5836242437362671
        },
        "Polygon": [
          {
            "X": 0.6050196886062622,
            "Y": 0.583642303943634
          },
          {
            "X": 0.6133290529251099,
            "Y": 0.5836242437362671
          },
          {
            "X": 0.6133521795272827,
            "Y": 0.5869561433792114
          },
          {
            "X": 0.6050426959991455,
            "Y": 0.5869742035865784
          }
        ]
      },
      "Id": "c718850c-a4da-4284-a78c-ccb9436b4e8d",
      "Relationships": [
        {
          "Type": "CHILD",
          "Ids": [
            "49e7d08d-9a06-4c42-8bb5-2e2ee38e22ed"
          ]
        }
      ],
      "Page": 1
    },
    {
      "BlockType": "LINE",
      "Confidence": 99.83704376220703,
      "Text": "VACDM 35 wt% Styrene",
      "Geometry": {
        "BoundingBox": {
          "Width": 0.1529407948255539,
          "Height": 0.02046877145767212,
          "Left": 0.25765714049339294,
          "Top": 0.601814866065979
        },
        "Polygon": [
          {
            "X": 0.25765714049339294,
            "Y": 0.6021459102630615
          },
          {
            "X": 0.41047540307044983,
            "Y": 0.601814866065979
          },
          {
            "X": 0.41059795022010803,
            "Y": 0.6219540238380432
          },
          {
            "X": 0.25776681303977966,
            "Y": 0.6222836375236511
          }
        ]
      },
      "Id": "c3c86aa7-425e-4d79-bee6-79416b086aa8",
      "Relationships": [
        {
          "Type": "CHILD",
          "Ids": [
            "dd0f1b7c-ac45-42e0-8902-796ad2c44b44",
            "73d000ce-06e9-4f58-924d-449505f10b18",
            "fe81db8f-d10f-4767-af3b-09a1bd7180f2",
            "0b823086-229f-444a-94b4-4b91d52b8a00"
          ]
        }
      ],
      "Page": 1
    },
    {
      "BlockType": "LINE",
      "Confidence": 99.84532928466797,
      "Text": "22 + 6",
      "Geometry": {
        "BoundingBox": {
          "Width": 0.04843342676758766,
          "Height": 0.01509776059538126,
          "Left": 0.6061333417892456,
          "Top": 0.6024274826049805
        },
        "Polygon": [
          {
            "X": 0.6061333417892456,
            "Y": 0.602532148361206
          },
          {
            "X": 0.6544602513313293,
            "Y": 0.6024274826049805
          },
          {
            "X": 0.654566764831543,
            "Y": 0.6174209117889404
          },
          {
            "X": 0.6062368750572205,
            "Y": 0.6175252199172974
          }
        ]
      },
      "Id": "375cb596-1673-4fa6-99ac-af57b23013e5",
      "Relationships": [
        {
          "Type": "CHILD",
          "Ids": [
            "40f4fce2-0177-4dc5-ba0b-bfefd5dd47f8",
            "06b9a111-4a41-49df-9c7a-9135eb076ea8",
            "0b3d3ce9-0928-4ca3-965d-2ee27fba2c9c"
          ]
        }
      ],
      "Page": 1
    },
    {
      "BlockType": "LINE",
      "Confidence": 99.90393829345703,
      "Text": "VAHCDM 35 wt% Styrene",
      "Geometry": {
        "BoundingBox": {
          "Width": 0.16337105631828308,
          "Height": 0.01984606869518757,
          "Left": 0.25758758187294006,
          "Top": 0.627858579158783
        },
        "Polygon": [
          {
            "X": 0.25758758187294006,
            "Y": 0.628210186958313
          },
          {
            "X": 0.42083919048309326,
            "Y": 0.627858579158783
          },
          {
            "X": 0.42095863819122314,
            "Y": 0.6473546624183655
          },
          {
            "X": 0.25769373774528503,
            "Y": 0.6477046608924866
          }
        ]
      },
      "Id": "a32262e8-d912-49cf-86d8-89b0fe9cddb8",
      "Relationships": [
        {
          "Type": "CHILD",
          "Ids": [
            "43285aeb-7480-47a9-9c9d-494113bdc2cf",
            "1a7fdc98-60cb-478a-b8e3-587e75f0d842",
            "1a3c6f9c-a959-48d2-b541-ce0c733b12c7",
            "8dd78ac4-9474-4f98-baf8-2b33a8a14e75"
          ]
        }
      ],
      "Page": 1
    },
    {
      "BlockType": "LINE",
      "Confidence": 99.91598510742188,
      "Text": "22 + 6",
      "Geometry": {
        "BoundingBox": {
          "Width": 0.04890923947095871,
          "Height": 0.015027052722871304,
          "Left": 0.6057081818580627,
          "Top": 0.6282588243484497
        },
        "Polygon": [
          {
            "X": 0.6057081818580627,
            "Y": 0.6283639073371887
          },
          {
            "X": 0.6545114517211914,
            "Y": 0.6282588243484497
          },
          {
            "X": 0.654617428779602,
            "Y": 0.6431811451911926
          },
          {
            "X": 0.6058111786842346,
            "Y": 0.643285870552063
          }
        ]
      },
      "Id": "b442bf6d-caaa-4677-a7db-8ba3f92201e7",
      "Relationships": [
        {
          "Type": "CHILD",
          "Ids": [
            "d77c381c-7783-4d1f-ab77-00490ed1d074",
            "18325c5b-954f-4158-93c8-1c0e79bce8f6",
            "0557d3a0-3104-4c36-a155-bdb2f905c99d"
          ]
        }
      ],
      "Page": 1
    },
    {
      "BlockType": "WORD",
      "Confidence": 41.65932083129883,
      "Text": "-",
      "TextType": "PRINTED",
      "Geometry": {
        "BoundingBox": {
          "Width": 0.0576869398355484,
          "Height": 0.017368046566843987,
          "Left": 0.24794963002204895,
          "Top": 0.32323339581489563
        },
        "Polygon": [
          {
            "X": 0.24794963002204895,
            "Y": 0.3233660161495209
          },
          {
            "X": 0.3055391311645508,
            "Y": 0.32323339581489563
          },
          {
            "X": 0.30563655495643616,
            "Y": 0.3404693007469177
          },
          {
            "X": 0.24804289638996124,
            "Y": 0.34060144424438477
          }
        ]
      },
      "Id": "f0702f46-84a6-4c3d-8037-61eda1ab9d71",
      "Page": 1
    },
    {
      "BlockType": "WORD",
      "Confidence": 99.93777465820312,
      "Text": "Sample",
      "TextType": "PRINTED",
      "Geometry": {
        "BoundingBox": {
          "Width": 0.04600997641682625,
          "Height": 0.019928500056266785,
          "Left": 0.2576318383216858,
          "Top": 0.3642289936542511
        },
        "Polygon": [
          {
            "X": 0.2576318383216858,
            "Y": 0.36433377861976624
          },
          {
            "X": 0.3035299479961395,
            "Y": 0.3642289936542511
          },
          {
            "X": 0.30364182591438293,
            "Y": 0.38405317068099976
          },
          {
            "X": 0.25773993134498596,
            "Y": 0.3841575086116791
          }
        ]
      },
      "Id": "58b82cb8-2a55-48d0-b3e0-bd55f64efa19",
      "Page": 1
    },
    {
      "BlockType": "WORD",
      "Confidence": 99.92051696777344,
      "Text": "Viscosity",
      "TextType": "PRINTED",
      "Geometry": {
        "BoundingBox": {
          "Width": 0.05566614493727684,
          "Height": 0.020020486786961555,
          "Left": 0.6054757237434387,
          "Top": 0.36409276723861694
        },
        "Polygon": [
          {
            "X": 0.6054757237434387,
            "Y": 0.3642194867134094
          },
          {
            "X": 0.6609998345375061,
            "Y": 0.36409276723861694
          },
          {
            "X": 0.6611418724060059,
            "Y": 0.38398703932762146
          },
          {
            "X": 0.6056131720542908,
            "Y": 0.38411325216293335
          }
        ]
      },
      "Id": "301a88eb-d77e-49e1-8c0b-882f7009235f",
      "Page": 1
    },
    {
      "BlockType": "WORD",
      "Confidence": 99.96570587158203,
      "Text": "at",
      "TextType": "PRINTED",
      "Geometry": {
        "BoundingBox": {
          "Width": 0.012497416697442532,
          "Height": 0.013854572549462318,
          "Left": 0.6657209396362305,
          "Top": 0.3661903738975525
        },
        "Polygon": [
          {
            "X": 0.6657209396362305,
            "Y": 0.3662186563014984
          },
          {
            "X": 0.6781187057495117,
            "Y": 0.3661903738975525
          },
          {
            "X": 0.6782183647155762,
            "Y": 0.3800167441368103
          },
          {
            "X": 0.6658199429512024,
            "Y": 0.38004493713378906
          }
        ]
      },
      "Id": "36cf419f-e9b7-4c0d-b7d0-9fcdbcfe2aeb",
      "Page": 1
    },
    {
      "BlockType": "WORD",
      "Confidence": 98.85794067382812,
      "Text": "25",
      "TextType": "PRINTED",
      "Geometry": {
        "BoundingBox": {
          "Width": 0.015324700623750687,
          "Height": 0.015811625868082047,
          "Left": 0.6826058626174927,
          "Top": 0.3644338846206665
        },
        "Polygon": [
          {
            "X": 0.6826058626174927,
            "Y": 0.36446860432624817
          },
          {
            "X": 0.697815477848053,
            "Y": 0.3644338846206665
          },
          {
            "X": 0.6979305148124695,
            "Y": 0.38021090626716614
          },
          {
            "X": 0.682719886302948,
            "Y": 0.38024550676345825
          }
        ]
      },
      "Id": "1f6fe1af-3849-4ec3-90fa-ab7ae8fe53cd",
      "Page": 1
    },
    {
      "BlockType": "WORD",
      "Confidence": 97.17333221435547,
      "Text": "°C",
      "TextType": "PRINTED",
      "Geometry": {
        "BoundingBox": {
          "Width": 0.013228703290224075,
          "Height": 0.015760548412799835,
          "Left": 0.7016012668609619,
          "Top": 0.36392679810523987
        },
        "Polygon": [
          {
            "X": 0.7016012668609619,
            "Y": 0.3639567196369171
          },
          {
            "X": 0.7147141098976135,
            "Y": 0.36392679810523987
          },
          {
            "X": 0.7148299217224121,
            "Y": 0.379657506942749
          },
          {
            "X": 0.7017162442207336,
            "Y": 0.3796873390674591
          }
        ]
      },
      "Id": "e1783381-3e9b-491c-b7a1-f08afe8d3ad7",
      "Page": 1
    },
    {
      "BlockType": "WORD",
      "Confidence": 85.84342193603516,
      "Text": "(cP)",
      "TextType": "PRINTED",
      "Geometry": {
        "BoundingBox": {
          "Width": 0.024777749553322792,
          "Height": 0.018448080867528915,
          "Left": 0.7193011045455933,
          "Top": 0.36428800225257874
        },
        "Polygon": [
          {
            "X": 0.7193011045455933,
            "Y": 0.36434420943260193
          },
          {
            "X": 0.7439411282539368,
            "Y": 0.36428800225257874
          },
          {
            "X": 0.7440788745880127,
            "Y": 0.3826800584793091
          },
          {
            "X": 0.7194368839263916,
            "Y": 0.38273605704307556
          }
        ]
      },
      "Id": "f1ca3d2b-a433-4266-894e-06f47561f5e6",
      "Page": 1
    },
    {
      "BlockType": "WORD",
      "Confidence": 99.88259887695312,
      "Text": "Styrene",
      "TextType": "PRINTED",
      "Geometry": {
        "BoundingBox": {
          "Width": 0.047182876616716385,
          "Height": 0.019642548635601997,
          "Left": 0.25770649313926697,
          "Top": 0.4159514307975769
        },
        "Polygon": [
          {
            "X": 0.25770649313926697,
            "Y": 0.4160577058792114
          },
          {
            "X": 0.3047790229320526,
            "Y": 0.4159514307975769
          },
          {
            "X": 0.30488935112953186,
            "Y": 0.43548816442489624
          },
          {
            "X": 0.2578129768371582,
            "Y": 0.43559399247169495
          }
        ]
      },
      "Id": "f8f7e181-8254-43de-964c-3f09e8ff9321",
      "Page": 1
    },
    {
      "BlockType": "WORD",
      "Confidence": 94.96146392822266,
      "Text": "[2]",
      "TextType": "PRINTED",
      "Geometry": {
        "BoundingBox": {
          "Width": 0.017405344173312187,
          "Height": 0.01878688484430313,
          "Left": 0.31069234013557434,
          "Top": 0.4156060814857483
        },
        "Polygon": [
          {
            "X": 0.31069234013557434,
            "Y": 0.41564515233039856
          },
          {
            "X": 0.32798996567726135,
            "Y": 0.4156060814857483
          },
          {
            "X": 0.3280976712703705,
            "Y": 0.43435409665107727
          },
          {
            "X": 0.31079867482185364,
            "Y": 0.4343929886817932
          }
        ]
      },
      "Id": "49cd803e-51f8-45e2-839e-017321606d20",
      "Page": 1
    },
    {
      "BlockType": "WORD",
      "Confidence": 99.9578628540039,
      "Text": "0.7",
      "TextType": "PRINTED",
      "Geometry": {
        "BoundingBox": {
          "Width": 0.019571755081415176,
          "Height": 0.014861157163977623,
          "Left": 0.6055728197097778,
          "Top": 0.4163069427013397
        },
        "Polygon": [
          {
            "X": 0.6055728197097778,
            "Y": 0.4163508713245392
          },
          {
            "X": 0.6250410676002502,
            "Y": 0.4163069427013397
          },
          {
            "X": 0.6251446008682251,
            "Y": 0.4311242997646332
          },
          {
            "X": 0.6056751608848572,
            "Y": 0.4311680793762207
          }
        ]
      },
      "Id": "ca48e6b5-c8ac-4052-a1b2-30fcaa6a7aab",
      "Page": 1
    },
    {
      "BlockType": "WORD",
      "Confidence": 99.59347534179688,
      "Text": "VE828",
      "TextType": "PRINTED",
      "Geometry": {
        "BoundingBox": {
          "Width": 0.04138972610235214,
          "Height": 0.015382135286927223,
          "Left": 0.2576824426651001,
          "Top": 0.44291865825653076
        },
        "Polygon": [
          {
            "X": 0.2576824426651001,
            "Y": 0.4430113732814789
          },
          {
            "X": 0.29898619651794434,
            "Y": 0.44291865825653076
          },
          {
            "X": 0.29907217621803284,
            "Y": 0.4582084119319916
          },
          {
            "X": 0.2577657699584961,
            "Y": 0.45830079913139343
          }
        ]
      },
      "Id": "6d17180b-e08c-4d59-8c37-612f41ba3d43",
      "Page": 1
    },
    {
      "BlockType": "WORD",
      "Confidence": 99.62403106689453,
      "Text": "[50]",
      "TextType": "PRINTED",
      "Geometry": {
        "BoundingBox": {
          "Width": 0.025115059688687325,
          "Height": 0.018838312476873398,
          "Left": 0.3052036464214325,
          "Top": 0.44200730323791504
        },
        "Polygon": [
          {
            "X": 0.3052036464214325,
            "Y": 0.44206345081329346
          },
          {
            "X": 0.3302106559276581,
            "Y": 0.44200730323791504
          },
          {
            "X": 0.33031871914863586,
            "Y": 0.4607897102832794
          },
          {
            "X": 0.3053097426891327,
            "Y": 0.46084561944007874
          }
        ]
      },
      "Id": "4ab75a48-c629-4435-8b7b-6cb079949f19",
      "Page": 1
    },
    {
      "BlockType": "WORD",
      "Confidence": 99.95304870605469,
      "Text": "6",
      "TextType": "PRINTED",
      "Geometry": {
        "BoundingBox": {
          "Width": 0.007636211346834898,
          "Height": 0.014724716544151306,
          "Left": 0.6057144403457642,
          "Top": 0.4431055784225464
        },
        "Polygon": [
          {
            "X": 0.6057144403457642,
            "Y": 0.4431224763393402
          },
          {
            "X": 0.6132485866546631,
            "Y": 0.4431055784225464
          },
          {
            "X": 0.6133506298065186,
            "Y": 0.45781344175338745
          },
          {
            "X": 0.6058160066604614,
            "Y": 0.4578302800655365
          }
        ]
      },
      "Id": "fdd3a7f5-283f-41d0-8939-91d21f9ba28b",
      "Page": 1
    },
    {
      "BlockType": "WORD",
      "Confidence": 90.32272338867188,
      "Text": "X",
      "TextType": "PRINTED",
      "Geometry": {
        "BoundingBox": {
          "Width": 0.008792233653366566,
          "Height": 0.011728313751518726,
          "Left": 0.6189917922019958,
          "Top": 0.4453814625740051
        },
        "Polygon": [
          {
            "X": 0.6189917922019958,
            "Y": 0.44540101289749146
          },
          {
            "X": 0.6277021169662476,
            "Y": 0.4453814625740051
          },
          {
            "X": 0.627784013748169,
            "Y": 0.45709028840065
          },
          {
            "X": 0.6190733313560486,
            "Y": 0.4571097791194916
          }
        ]
      },
      "Id": "3ac96f36-1150-4340-87fb-b1cda5547f5a",
      "Page": 1
    },
    {
      "BlockType": "WORD",
      "Confidence": 92.14115142822266,
      "Text": "107",
      "TextType": "PRINTED",
      "Geometry": {
        "BoundingBox": {
          "Width": 0.020826030522584915,
          "Height": 0.01899445615708828,
          "Left": 0.6340245008468628,
          "Top": 0.43862849473953247
        },
        "Polygon": [
          {
            "X": 0.6340245008468628,
            "Y": 0.4386749565601349
          },
          {
            "X": 0.6547157764434814,
            "Y": 0.43862849473953247
          },
          {
            "X": 0.6548505425453186,
            "Y": 0.4575766623020172
          },
          {
            "X": 0.6341575980186462,
            "Y": 0.4576229453086853
          }
        ]
      },
      "Id": "40d8cdab-1c64-423f-b35b-4baf480515de",
      "Page": 1
    },
    {
      "BlockType": "WORD",
      "Confidence": 99.8912124633789,
      "Text": "BPADM",
      "TextType": "PRINTED",
      "Geometry": {
        "BoundingBox": {
          "Width": 0.048242874443531036,
          "Height": 0.014920992776751518,
          "Left": 0.2578282356262207,
          "Top": 0.4697604179382324
        },
        "Polygon": [
          {
            "X": 0.2578282356262207,
            "Y": 0.46986785531044006
          },
          {
            "X": 0.3059873878955841,
            "Y": 0.4697604179382324
          },
          {
            "X": 0.30607110261917114,
            "Y": 0.4845743179321289
          },
          {
            "X": 0.2579089403152466,
            "Y": 0.4846813976764679
          }
        ]
      },
      "Id": "04d28861-13bf-4b49-8458-4e0fbae1413d",
      "Page": 1
    },
    {
      "BlockType": "WORD",
      "Confidence": 98.88568878173828,
      "Text": "-",
      "TextType": "PRINTED",
      "Geometry": {
        "BoundingBox": {
          "Width": 0.007844360545277596,
          "Height": 0.0033748603891581297,
          "Left": 0.6051828265190125,
          "Top": 0.4773451089859009
        },
        "Polygon": [
          {
            "X": 0.6051828265190125,
            "Y": 0.4773625135421753
          },
          {
            "X": 0.6130039095878601,
            "Y": 0.4773451089859009
          },
          {
            "X": 0.6130271553993225,
            "Y": 0.48070254921913147
          },
          {
            "X": 0.6052060127258301,
            "Y": 0.4807199537754059
          }
        ]
      },
      "Id": "dd759329-71c2-4358-a5c0-f26e1f607350",
      "Page": 1
    },
    {
      "BlockType": "WORD",
      "Confidence": 99.6927719116211,
      "Text": "VACDM",
      "TextType": "PRINTED",
      "Geometry": {
        "BoundingBox": {
          "Width": 0.050423525273799896,
          "Height": 0.015404676087200642,
          "Left": 0.2574376165866852,
          "Top": 0.495304137468338
        },
        "Polygon": [
          {
            "X": 0.2574376165866852,
            "Y": 0.4954158067703247
          },
          {
            "X": 0.3077746033668518,
            "Y": 0.495304137468338
          },
          {
            "X": 0.3078611493110657,
            "Y": 0.5105975270271301
          },
          {
            "X": 0.2575209140777588,
            "Y": 0.5107088088989258
          }
        ]
      },
      "Id": "0b1fbb15-8d0c-4c9c-8b79-8ba0963c3acc",
      "Page": 1
    },
    {
      "BlockType": "WORD",
      "Confidence": 99.93502807617188,
      "Text": "567",
      "TextType": "PRINTED",
      "Geometry": {
        "BoundingBox": {
          "Width": 0.023282097652554512,
          "Height": 0.015007847920060158,
          "Left": 0.6056894659996033,
          "Top": 0.4954899251461029
        },
        "Polygon": [
          {
            "X": 0.6056894659996033,
            "Y": 0.4955413341522217
          },
          {
            "X": 0.6288668513298035,
            "Y": 0.4954899251461029
          },
          {
            "X": 0.6289715766906738,
            "Y": 0.5104464888572693
          },
          {
            "X": 0.605792760848999,
            "Y": 0.5104977488517761
          }
        ]
      },
      "Id": "c27a4c84-85c2-49b6-be44-152039540e1e",
      "Page": 1
    },
    {
      "BlockType": "WORD",
      "Confidence": 99.72919464111328,
      "Text": "+",
      "TextType": "PRINTED",
      "Geometry": {
        "BoundingBox": {
          "Width": 0.009319892153143883,
          "Height": 0.012173840776085854,
          "Left": 0.637309193611145,
          "Top": 0.49660804867744446
        },
        "Polygon": [
          {
            "X": 0.637309193611145,
            "Y": 0.4966285228729248
          },
          {
            "X": 0.6465430855751038,
            "Y": 0.49660804867744446
          },
          {
            "X": 0.6466290354728699,
            "Y": 0.508761465549469
          },
          {
            "X": 0.6373946666717529,
            "Y": 0.508781909942627
          }
        ]
      },
      "Id": "6706bfbe-d1ea-43e5-851a-5805181b4acf",
      "Page": 1
    },
    {
      "BlockType": "WORD",
      "Confidence": 99.84342193603516,
      "Text": "51",
      "TextType": "PRINTED",
      "Geometry": {
        "BoundingBox": {
          "Width": 0.014267941005527973,
          "Height": 0.014872116036713123,
          "Left": 0.6549057960510254,
          "Top": 0.49560195207595825
        },
        "Polygon": [
          {
            "X": 0.6549057960510254,
            "Y": 0.4956333637237549
          },
          {
            "X": 0.6690673232078552,
            "Y": 0.49560195207595825
          },
          {
            "X": 0.6691737174987793,
            "Y": 0.5104427933692932
          },
          {
            "X": 0.6550113558769226,
            "Y": 0.5104740858078003
          }
        ]
      },
      "Id": "531d1f1b-4e70-41e2-bd0f-7696b282e1d4",
      "Page": 1
    },
    {
      "BlockType": "WORD",
      "Confidence": 99.92819213867188,
      "Text": "VAHCDM",
      "TextType": "PRINTED",
      "Geometry": {
        "BoundingBox": {
          "Width": 0.06065079942345619,
          "Height": 0.015380757860839367,
          "Left": 0.25747621059417725,
          "Top": 0.5220099687576294
        },
        "Polygon": [
          {
            "X": 0.25747621059417725,
            "Y": 0.522143542766571
          },
          {
            "X": 0.31804007291793823,
            "Y": 0.5220099687576294
          },
          {
            "X": 0.31812700629234314,
            "Y": 0.5372575521469116
          },
          {
            "X": 0.25755923986434937,
            "Y": 0.5373907089233398
          }
        ]
      },
      "Id": "b224d56d-ebc1-44b4-b3c7-baecb44ceaac",
      "Page": 1
    },
    {
      "BlockType": "WORD",
      "Confidence": 99.98051452636719,
      "Text": "1290",
      "TextType": "PRINTED",
      "Geometry": {
        "BoundingBox": {
          "Width": 0.031063280999660492,
          "Height": 0.015241035260260105,
          "Left": 0.6062483787536621,
          "Top": 0.5219984650611877
        },
        "Polygon": [
          {
            "X": 0.6062483787536621,
            "Y": 0.5220667123794556
          },
          {
            "X": 0.6372048854827881,
            "Y": 0.5219984650611877
          },
          {
            "X": 0.6373116374015808,
            "Y": 0.5371714234352112
          },
          {
            "X": 0.6063531637191772,
            "Y": 0.5372394919395447
          }
        ]
      },
      "Id": "a0e047ba-e754-44ea-a8d3-a49ab9702e9e",
      "Page": 1
    },
    {
      "BlockType": "WORD",
      "Confidence": 99.79877471923828,
      "Text": "+",
      "TextType": "PRINTED",
      "Geometry": {
        "BoundingBox": {
          "Width": 0.009348760358989239,
          "Height": 0.012074572965502739,
          "Left": 0.645264744758606,
          "Top": 0.523093044757843
        },
        "Polygon": [
          {
            "X": 0.645264744758606,
            "Y": 0.523113489151001
          },
          {
            "X": 0.6545277833938599,
            "Y": 0.523093044757843
          },
          {
            "X": 0.6546134948730469,
            "Y": 0.5351472496986389
          },
          {
            "X": 0.64534991979599,
            "Y": 0.5351676344871521
          }
        ]
      },
      "Id": "7024ceca-5cdb-4139-a8f6-32b03819a91f",
      "Page": 1
    },
    {
      "BlockType": "WORD",
      "Confidence": 99.96478271484375,
      "Text": "84",
      "TextType": "PRINTED",
      "Geometry": {
        "BoundingBox": {
          "Width": 0.01568341813981533,
          "Height": 0.015472416765987873,
          "Left": 0.6623811721801758,
          "Top": 0.5220679640769958
        },
        "Polygon": [
          {
            "X": 0.6623811721801758,
            "Y": 0.5221022963523865
          },
          {
            "X": 0.6779533624649048,
            "Y": 0.5220679640769958
          },
          {
            "X": 0.6780645847320557,
            "Y": 0.5375061631202698
          },
          {
            "X": 0.6624914407730103,
            "Y": 0.5375403761863708
          }
        ]
      },
      "Id": "04b47ae9-70ee-47ac-b597-b76d2542ce55",
      "Page": 1
    },
    {
      "BlockType": "WORD",
      "Confidence": 99.87440490722656,
      "Text": "VE828",
      "TextType": "PRINTED",
      "Geometry": {
        "BoundingBox": {
          "Width": 0.041587572544813156,
          "Height": 0.015251402743160725,
          "Left": 0.2575381398200989,
          "Top": 0.5489776730537415
        },
        "Polygon": [
          {
            "X": 0.2575381398200989,
            "Y": 0.5490686893463135
          },
          {
            "X": 0.2990404963493347,
            "Y": 0.5489776730537415
          },
          {
            "X": 0.29912570118904114,
            "Y": 0.5641384124755859
          },
          {
            "X": 0.2576207220554352,
            "Y": 0.5642290711402893
          }
        ]
      },
      "Id": "7a8ee2e9-2661-4e9d-b408-66ee881d4bf4",
      "Page": 1
    },
    {
      "BlockType": "WORD",
      "Confidence": 99.9576644897461,
      "Text": "35",
      "TextType": "PRINTED",
      "Geometry": {
        "BoundingBox": {
          "Width": 0.015439117327332497,
          "Height": 0.015355013310909271,
          "Left": 0.3040373921394348,
          "Top": 0.5489035248756409
        },
        "Polygon": [
          {
            "X": 0.3040373921394348,
            "Y": 0.548937201499939
          },
          {
            "X": 0.31938910484313965,
            "Y": 0.5489035248756409
          },
          {
            "X": 0.31947651505470276,
            "Y": 0.5642250180244446
          },
          {
            "X": 0.30412381887435913,
            "Y": 0.5642585754394531
          }
        ]
      },
      "Id": "abba13f9-2146-4e3b-8a9b-c4451fb575ea",
      "Page": 1
    },
    {
      "BlockType": "WORD",
      "Confidence": 99.70047760009766,
      "Text": "wt%",
      "TextType": "PRINTED",
      "Geometry": {
        "BoundingBox": {
          "Width": 0.02825346402823925,
          "Height": 0.015349610708653927,
          "Left": 0.32249605655670166,
          "Top": 0.5489959120750427
        },
        "Polygon": [
          {
            "X": 0.32249605655670166,
            "Y": 0.54905766248703
          },
          {
            "X": 0.3506602942943573,
            "Y": 0.5489959120750427
          },
          {
            "X": 0.35074952244758606,
            "Y": 0.5642839670181274
          },
          {
            "X": 0.32258346676826477,
            "Y": 0.5643455386161804
          }
        ]
      },
      "Id": "b446ad2e-7cfb-4b32-a85b-09b11c252e83",
      "Page": 1
    },
    {
      "BlockType": "WORD",
      "Confidence": 99.8583755493164,
      "Text": "Styrene",
      "TextType": "PRINTED",
      "Geometry": {
        "BoundingBox": {
          "Width": 0.04676780477166176,
          "Height": 0.019653208553791046,
          "Left": 0.35504674911499023,
          "Top": 0.548716127872467
        },
        "Polygon": [
          {
            "X": 0.35504674911499023,
            "Y": 0.5488184094429016
          },
          {
            "X": 0.40169626474380493,
            "Y": 0.548716127872467
          },
          {
            "X": 0.4018145501613617,
            "Y": 0.5682675242424011
          },
          {
            "X": 0.35516121983528137,
            "Y": 0.5683693289756775
          }
        ]
      },
      "Id": "780584ba-66eb-4acc-a625-68ee5874c06f",
      "Page": 1
    },
    {
      "BlockType": "WORD",
      "Confidence": 99.9351806640625,
      "Text": "134",
      "TextType": "PRINTED",
      "Geometry": {
        "BoundingBox": {
          "Width": 0.023129243403673172,
          "Height": 0.015242255292832851,
          "Left": 0.6060284376144409,
          "Top": 0.5487854480743408
        },
        "Polygon": [
          {
            "X": 0.6060284376144409,
            "Y": 0.5488359332084656
          },
          {
            "X": 0.6290513277053833,
            "Y": 0.5487854480743408
          },
          {
            "X": 0.6291577219963074,
            "Y": 0.5639774203300476
          },
          {
            "X": 0.6061333417892456,
            "Y": 0.564027726650238
          }
        ]
      },
      "Id": "0bce5dcc-bdfd-4c25-8c65-ad92432db6c1",
      "Page": 1
    },
    {
      "BlockType": "WORD",
      "Confidence": 99.37303924560547,
      "Text": "+",
      "TextType": "PRINTED",
      "Geometry": {
        "BoundingBox": {
          "Width": 0.009484262205660343,
          "Height": 0.012540221214294434,
          "Left": 0.6372286081314087,
          "Top": 0.5505402684211731
        },
        "Polygon": [
          {
            "X": 0.6372286081314087,
            "Y": 0.5505608916282654
          },
          {
            "X": 0.6466242671012878,
            "Y": 0.5505402684211731
          },
          {
            "X": 0.6467128396034241,
            "Y": 0.5630599856376648
          },
          {
            "X": 0.6373166441917419,
            "Y": 0.5630804896354675
          }
        ]
      },
      "Id": "70caa838-5fe8-47ef-b1b4-4f2ab6f249b2",
      "Page": 1
    },
    {
      "BlockType": "WORD",
      "Confidence": 99.98361206054688,
      "Text": "24",
      "TextType": "PRINTED",
      "Geometry": {
        "BoundingBox": {
          "Width": 0.015803925693035126,
          "Height": 0.015262908302247524,
          "Left": 0.6546781659126282,
          "Top": 0.5487854480743408
        },
        "Polygon": [
          {
            "X": 0.6546781659126282,
            "Y": 0.5488198399543762
          },
          {
            "X": 0.6703728437423706,
            "Y": 0.5487854480743408
          },
          {
            "X": 0.6704820990562439,
            "Y": 0.5640140771865845
          },
          {
            "X": 0.6547864079475403,
            "Y": 0.5640483498573303
          }
        ]
      },
      "Id": "30be1169-b1ac-495f-84be-f14fe44f6a66",
      "Page": 1
    },
    {
      "BlockType": "WORD",
      "Confidence": 99.85919952392578,
      "Text": "BPADM",
      "TextType": "PRINTED",
      "Geometry": {
        "BoundingBox": {
          "Width": 0.048191577196121216,
          "Height": 0.014772915281355381,
          "Left": 0.25786519050598145,
          "Top": 0.5757264494895935
        },
        "Polygon": [
          {
            "X": 0.25786519050598145,
            "Y": 0.5758312940597534
          },
          {
            "X": 0.30597391724586487,
            "Y": 0.5757264494895935
          },
          {
            "X": 0.30605676770210266,
            "Y": 0.590394914150238
          },
          {
            "X": 0.25794512033462524,
            "Y": 0.5904994010925293
          }
        ]
      },
      "Id": "337d4776-5e33-4e3a-beb2-b56b9a97d807",
      "Page": 1
    },
    {
      "BlockType": "WORD",
      "Confidence": 99.92868041992188,
      "Text": "35",
      "TextType": "PRINTED",
      "Geometry": {
        "BoundingBox": {
          "Width": 0.015247801318764687,
          "Height": 0.015291874296963215,
          "Left": 0.31109619140625,
          "Top": 0.5755457282066345
        },
        "Polygon": [
          {
            "X": 0.31109619140625,
            "Y": 0.5755787491798401
          },
          {
            "X": 0.32625651359558105,
            "Y": 0.5755457282066345
          },
          {
            "X": 0.32634401321411133,
            "Y": 0.5908046960830688
          },
          {
            "X": 0.3111827075481415,
            "Y": 0.5908375978469849
          }
        ]
      },
      "Id": "50b4b725-e908-48e2-928c-df8e771d88b2",
      "Page": 1
    },
    {
      "BlockType": "WORD",
      "Confidence": 99.79521179199219,
      "Text": "wt%",
      "TextType": "PRINTED",
      "Geometry": {
        "BoundingBox": {
          "Width": 0.028020372614264488,
          "Height": 0.015490004792809486,
          "Left": 0.3295852541923523,
          "Top": 0.5755158066749573
        },
        "Polygon": [
          {
            "X": 0.3295852541923523,
            "Y": 0.575576663017273
          },
          {
            "X": 0.3575151264667511,
            "Y": 0.5755158066749573
          },
          {
            "X": 0.35760560631752014,
            "Y": 0.5909451842308044
          },
          {
            "X": 0.3296739161014557,
            "Y": 0.591005802154541
          }
        ]
      },
      "Id": "713d33af-4ecb-40bd-b8b6-dbd45a743f1e",
      "Page": 1
    },
    {
      "BlockType": "WORD",
      "Confidence": 99.89237976074219,
      "Text": "Styrene",
      "TextType": "PRINTED",
      "Geometry": {
        "BoundingBox": {
          "Width": 0.047028981149196625,
          "Height": 0.020078467205166817,
          "Left": 0.3621029853820801,
          "Top": 0.5753515958786011
        },
        "Polygon": [
          {
            "X": 0.3621029853820801,
            "Y": 0.5754538178443909
          },
          {
            "X": 0.40901052951812744,
            "Y": 0.5753515958786011
          },
          {
            "X": 0.4091319739818573,
            "Y": 0.5953282713890076
          },
          {
            "X": 0.36222052574157715,
            "Y": 0.5954300165176392
          }
        ]
      },
      "Id": "afbf5c0c-3e9f-4833-9781-c290abc86bd4",
      "Page": 1
    },
    {
      "BlockType": "WORD",
      "Confidence": 97.507080078125,
      "Text": "-",
      "TextType": "PRINTED",
      "Geometry": {
        "BoundingBox": {
          "Width": 0.008332451805472374,
          "Height": 0.0033499374985694885,
          "Left": 0.6050196886062622,
          "Top": 0.5836242437362671
        },
        "Polygon": [
          {
            "X": 0.6050196886062622,
            "Y": 0.583642303943634
          },
          {
            "X": 0.6133290529251099,
            "Y": 0.5836242437362671
          },
          {
            "X": 0.6133521795272827,
            "Y": 0.5869561433792114
          },
          {
            "X": 0.6050426959991455,
            "Y": 0.5869742035865784
          }
        ]
      },
      "Id": "49e7d08d-9a06-4c42-8bb5-2e2ee38e22ed",
      "Page": 1
    },
    {
      "BlockType": "WORD",
      "Confidence": 99.644287109375,
      "Text": "VACDM",
      "TextType": "PRINTED",
      "Geometry": {
        "BoundingBox": {
          "Width": 0.05031101405620575,
          "Height": 0.015608967281877995,
          "Left": 0.25765714049339294,
          "Top": 0.6020370721817017
        },
        "Polygon": [
          {
            "X": 0.25765714049339294,
            "Y": 0.6021459102630615
          },
          {
            "X": 0.3078804910182953,
            "Y": 0.6020370721817017
          },
          {
            "X": 0.3079681694507599,
            "Y": 0.6175376176834106
          },
          {
            "X": 0.2577415704727173,
            "Y": 0.6176460385322571
          }
        ]
      },
      "Id": "dd0f1b7c-ac45-42e0-8902-796ad2c44b44",
      "Page": 1
    },
    {
      "BlockType": "WORD",
      "Confidence": 99.9621810913086,
      "Text": "35",
      "TextType": "PRINTED",
      "Geometry": {
        "BoundingBox": {
          "Width": 0.015351112000644207,
          "Height": 0.01512208767235279,
          "Left": 0.31267669796943665,
          "Top": 0.6024588346481323
        },
        "Polygon": [
          {
            "X": 0.31267669796943665,
            "Y": 0.6024919152259827
          },
          {
            "X": 0.3279411792755127,
            "Y": 0.6024588346481323
          },
          {
            "X": 0.32802778482437134,
            "Y": 0.6175479888916016
          },
          {
            "X": 0.3127623200416565,
            "Y": 0.6175809502601624
          }
        ]
      },
      "Id": "73d000ce-06e9-4f58-924d-449505f10b18",
      "Page": 1
    },
    {
      "BlockType": "WORD",
      "Confidence": 99.82594299316406,
      "Text": "wt%",
      "TextType": "PRINTED",
      "Geometry": {
        "BoundingBox": {
          "Width": 0.028448183089494705,
          "Height": 0.01521223783493042,
          "Left": 0.33089306950569153,
          "Top": 0.6024751663208008
        },
        "Polygon": [
          {
            "X": 0.33089306950569153,
            "Y": 0.6025365591049194
          },
          {
            "X": 0.35925230383872986,
            "Y": 0.6024751663208008
          },
          {
            "X": 0.35934123396873474,
            "Y": 0.6176261901855469
          },
          {
            "X": 0.33098021149635315,
            "Y": 0.6176874041557312
          }
        ]
      },
      "Id": "fe81db8f-d10f-4767-af3b-09a1bd7180f2",
      "Page": 1
    },
    {
      "BlockType": "WORD",
      "Confidence": 99.915771484375,
      "Text": "Styrene",
      "TextType": "PRINTED",
      "Geometry": {
        "BoundingBox": {
          "Width": 0.04716702178120613,
          "Height": 0.019891168922185898,
          "Left": 0.363430917263031,
          "Top": 0.6021643280982971
        },
        "Polygon": [
          {
            "X": 0.363430917263031,
            "Y": 0.602266252040863
          },
          {
            "X": 0.41047751903533936,
            "Y": 0.6021643280982971
          },
          {
            "X": 0.41059795022010803,
            "Y": 0.6219540238380432
          },
          {
            "X": 0.3635474443435669,
            "Y": 0.6220555305480957
          }
        ]
      },
      "Id": "0b823086-229f-444a-94b4-4b91d52b8a00",
      "Page": 1
    },
    {
      "BlockType": "WORD",
      "Confidence": 99.93485260009766,
      "Text": "22",
      "TextType": "PRINTED",
      "Geometry": {
        "BoundingBox": {
          "Width": 0.01594921387732029,
          "Height": 0.01461915671825409,
          "Left": 0.6061349511146545,
          "Top": 0.6027292609214783
        },
        "Polygon": [
          {
            "X": 0.6061349511146545,
            "Y": 0.6027635931968689
          },
          {
            "X": 0.6219825148582458,
            "Y": 0.6027292609214783
          },
          {
            "X": 0.6220841407775879,
            "Y": 0.6173142194747925
          },
          {
            "X": 0.6062356233596802,
            "Y": 0.6173484325408936
          }
        ]
      },
      "Id": "40f4fce2-0177-4dc5-ba0b-bfefd5dd47f8",
      "Page": 1
    },
    {
      "BlockType": "WORD",
      "Confidence": 99.64376831054688,
      "Text": "+",
      "TextType": "PRINTED",
      "Geometry": {
        "BoundingBox": {
          "Width": 0.009636904112994671,
          "Height": 0.011763825081288815,
          "Left": 0.6291808485984802,
          "Top": 0.6040278673171997
        },
        "Polygon": [
          {
            "X": 0.6291808485984802,
            "Y": 0.6040485501289368
          },
          {
            "X": 0.6387351155281067,
            "Y": 0.6040278673171997
          },
          {
            "X": 0.6388177871704102,
            "Y": 0.6157710552215576
          },
          {
            "X": 0.6292630434036255,
            "Y": 0.6157916784286499
          }
        ]
      },
      "Id": "06b9a111-4a41-49df-9c7a-9135eb076ea8",
      "Page": 1
    },
    {
      "BlockType": "WORD",
      "Confidence": 99.95738983154297,
      "Text": "6",
      "TextType": "PRINTED",
      "Geometry": {
        "BoundingBox": {
          "Width": 0.008069775067269802,
          "Height": 0.015010635368525982,
          "Left": 0.6464970111846924,
          "Top": 0.6024274826049805
        },
        "Polygon": [
          {
            "X": 0.6464970111846924,
            "Y": 0.6024447083473206
          },
          {
            "X": 0.6544602513313293,
            "Y": 0.6024274826049805
          },
          {
            "X": 0.654566764831543,
            "Y": 0.6174209117889404
          },
          {
            "X": 0.6466030478477478,
            "Y": 0.6174380779266357
          }
        ]
      },
      "Id": "0b3d3ce9-0928-4ca3-965d-2ee27fba2c9c",
      "Page": 1
    },
    {
      "BlockType": "WORD",
      "Confidence": 99.8906478881836,
      "Text": "VAHCDM",
      "TextType": "PRINTED",
      "Geometry": {
        "BoundingBox": {
          "Width": 0.06056981533765793,
          "Height": 0.014957909472286701,
          "Left": 0.2575877606868744,
          "Top": 0.6281108260154724
        },
        "Polygon": [
          {
            "X": 0.2575877606868744,
            "Y": 0.6282410621643066
          },
          {
            "X": 0.3180730640888214,
            "Y": 0.6281108260154724
          },
          {
            "X": 0.3181575536727905,
            "Y": 0.6429389119148254
          },
          {
            "X": 0.25766849517822266,
            "Y": 0.6430687308311462
          }
        ]
      },
      "Id": "43285aeb-7480-47a9-9c9d-494113bdc2cf",
      "Page": 1
    },
    {
      "BlockType": "WORD",
      "Confidence": 99.97444915771484,
      "Text": "35",
      "TextType": "PRINTED",
      "Geometry": {
        "BoundingBox": {
          "Width": 0.015312072820961475,
          "Height": 0.01509096659719944,
          "Left": 0.3230825960636139,
          "Top": 0.6281542778015137
        },
        "Polygon": [
          {
            "X": 0.3230825960636139,
            "Y": 0.6281870603561401
          },
          {
            "X": 0.33830758929252625,
            "Y": 0.6281542778015137
          },
          {
            "X": 0.3383946716785431,
            "Y": 0.6432125568389893
          },
          {
            "X": 0.32316869497299194,
            "Y": 0.6432452201843262
          }
        ]
      },
      "Id": "1a7fdc98-60cb-478a-b8e3-587e75f0d842",
      "Page": 1
    },
    {
      "BlockType": "WORD",
      "Confidence": 99.84068298339844,
      "Text": "wt%",
      "TextType": "PRINTED",
      "Geometry": {
        "BoundingBox": {
          "Width": 0.02817404828965664,
          "Height": 0.015224245376884937,
          "Left": 0.3414805233478546,
          "Top": 0.6279690265655518
        },
        "Polygon": [
          {
            "X": 0.3414805233478546,
            "Y": 0.628029465675354
          },
          {
            "X": 0.36956489086151123,
            "Y": 0.6279690265655518
          },
          {
            "X": 0.3696545660495758,
            "Y": 0.6431329846382141
          },
          {
            "X": 0.3415684103965759,
            "Y": 0.643193244934082
          }
        ]
      },
      "Id": "1a3c6f9c-a959-48d2-b541-ce0c733b12c7",
      "Page": 1
    },
    {
      "BlockType": "WORD",
      "Confidence": 99.90996551513672,
      "Text": "Styrene",
      "TextType": "PRINTED",
      "Geometry": {
        "BoundingBox": {
          "Width": 0.04698459431529045,
          "Height": 0.01958240009844303,
          "Left": 0.3739740550518036,
          "Top": 0.6278727054595947
        },
        "Polygon": [
          {
            "X": 0.3739740550518036,
            "Y": 0.6279736161231995
          },
          {
            "X": 0.4208392798900604,
            "Y": 0.6278727054595947
          },
          {
            "X": 0.42095863819122314,
            "Y": 0.6473546624183655
          },
          {
            "X": 0.3740895986557007,
            "Y": 0.647455096244812
          }
        ]
      },
      "Id": "8dd78ac4-9474-4f98-baf8-2b33a8a14e75",
      "Page": 1
    },
    {
      "BlockType": "WORD",
      "Confidence": 99.97220611572266,
      "Text": "22",
      "TextType": "PRINTED",
      "Geometry": {
        "BoundingBox": {
          "Width": 0.01593112386763096,
          "Height": 0.014815191738307476,
          "Left": 0.6057091951370239,
          "Top": 0.6284707188606262
        },
        "Polygon": [
          {
            "X": 0.6057091951370239,
            "Y": 0.628504753112793
          },
          {
            "X": 0.6215373277664185,
            "Y": 0.6284707188606262
          },
          {
            "X": 0.6216403245925903,
            "Y": 0.643251895904541
          },
          {
            "X": 0.6058111786842346,
            "Y": 0.643285870552063
          }
        ]
      },
      "Id": "d77c381c-7783-4d1f-ab77-00490ed1d074",
      "Page": 1
    },
    {
      "BlockType": "WORD",
      "Confidence": 99.80874633789062,
      "Text": "+",
      "TextType": "PRINTED",
      "Geometry": {
        "BoundingBox": {
          "Width": 0.009810570627450943,
          "Height": 0.012747230008244514,
          "Left": 0.629117488861084,
          "Top": 0.6292662620544434
        },
        "Polygon": [
          {
            "X": 0.629117488861084,
            "Y": 0.6292871832847595
          },
          {
            "X": 0.6388384699821472,
            "Y": 0.6292662620544434
          },
          {
            "X": 0.6389280557632446,
            "Y": 0.6419926285743713
          },
          {
            "X": 0.6292065382003784,
            "Y": 0.6420134902000427
          }
        ]
      },
      "Id": "18325c5b-954f-4158-93c8-1c0e79bce8f6",
      "Page": 1
    },
    {
      "BlockType": "WORD",
      "Confidence": 99.96698760986328,
      "Text": "6",
      "TextType": "PRINTED",
      "Geometry": {
        "BoundingBox": {
          "Width": 0.00827727559953928,
          "Height": 0.014905727468430996,
          "Left": 0.6463399529457092,
          "Top": 0.6282588243484497
        },
        "Polygon": [
          {
            "X": 0.6463399529457092,
            "Y": 0.6282764077186584
          },
          {
            "X": 0.6545114517211914,
            "Y": 0.6282588243484497
          },
          {
            "X": 0.654617190361023,
            "Y": 0.6431470513343811
          },
          {
            "X": 0.6464452147483826,
            "Y": 0.6431645750999451
          }
        ]
      },
      "Id": "0557d3a0-3104-4c36-a155-bdb2f905c99d",
      "Page": 1
    },
    {
      "BlockType": "TABLE",
      "Confidence": 98.4375,
      "Geometry": {
        "BoundingBox": {
          "Width": 0.5222391486167908,
          "Height": 0.31811025738716125,
          "Left": 0.23985546827316284,
          "Top": 0.3418552279472351
        },
        "Polygon": [
          {
            "X": 0.23985546827316284,
            "Y": 0.3430473506450653
          },
          {
            "X": 0.7597001194953918,
            "Y": 0.3418552279472351
          },
          {
            "X": 0.7620946168899536,
            "Y": 0.6588526368141174
          },
          {
            "X": 0.24155963957309723,
            "Y": 0.6599655151367188
          }
        ]
      },
      "Id": "58a4feb4-eb4d-48f4-8fa9-331f58bb45de",
      "Relationships": [
        {
          "Type": "CHILD",
          "Ids": [
            "cd8ecc31-2aad-4e37-bae8-75412d26770b",
            "2726bb49-3559-40ec-929c-e721e73a1af3",
            "5f2d08ba-4265-4b29-b166-d4237c389d2b",
            "27c1f81f-aa24-4aec-a923-99d4bbdbb07b",
            "88f88f9e-6821-46a8-af5c-3197a5f2ea4c",
            "5f970886-b0f2-4915-9392-61b15ffcdc88",
            "d35083ea-a83c-4e3a-8df7-3da7fe33d6b4",
            "880796a9-43e6-453f-8413-4c170bc91376",
            "0ce56234-90f9-4069-90c8-8ac45d840711",
            "d2bfbdcf-a63a-4555-9c63-e8864704cc9f",
            "092ae445-4569-4ffa-bb2d-c3046ac56ed3",
            "cfbe8455-421e-4d07-906d-546992a99359",
            "d9eaba9d-5b31-4d56-8e04-e75529d5e1a6",
            "3bd91d66-73ec-426f-9b34-c446d35868eb",
            "c7d08d5d-86ca-4586-9efe-7f3040e08536",
            "2f2893ad-6240-43e7-9943-6205d99fb982",
            "00e16db7-971f-4b7b-aca4-86d2fc14710d",
            "70af68a9-2470-4e58-8633-ad99a36eca7d",
            "f6a0ab20-e1d2-4c21-8b8c-088a8d33a745",
            "2a311b94-ace8-467e-ae88-136e8357f42a"
          ]
        }
      ],
      "EntityTypes": [
        "STRUCTURED_TABLE"
      ],
      "Page": 1
    },
    {
      "BlockType": "CELL",
      "Confidence": 81.787109375,
      "RowIndex": 1,
      "ColumnIndex": 1,
      "RowSpan": 1,
      "ColumnSpan": 1,
      "Geometry": {
        "BoundingBox": {
          "Width": 0.29077261686325073,
          "Height": 0.056282032281160355,
          "Left": 0.23985546827316284,
          "Top": 0.34238138794898987
        },
        "Polygon": [
          {
            "X": 0.23985546827316284,
            "Y": 0.3430473506450653
          },
          {
            "X": 0.5302613377571106,
            "Y": 0.34238138794898987
          },
          {
            "X": 0.5306280851364136,
            "Y": 0.3980052173137665
          },
          {
            "X": 0.24015451967716217,
            "Y": 0.3986634314060211
          }
        ]
      },
      "Id": "cd8ecc31-2aad-4e37-bae8-75412d26770b",
      "Relationships": [
        {
          "Type": "CHILD",
          "Ids": [
            "58b82cb8-2a55-48d0-b3e0-bd55f64efa19"
          ]
        }
      ],
      "EntityTypes": [
        "COLUMN_HEADER"
      ],
      "Page": 1
    },
    {
      "BlockType": "CELL",
      "Confidence": 42.0654296875,
      "RowIndex": 1,
      "ColumnIndex": 2,
      "RowSpan": 1,
      "ColumnSpan": 1,
      "Geometry": {
        "BoundingBox": {
          "Width": 0.22985900938510895,
          "Height": 0.05614997819066048,
          "Left": 0.5302613377571106,
          "Top": 0.3418552279472351
        },
        "Polygon": [
          {
            "X": 0.5302613377571106,
            "Y": 0.34238138794898987
          },
          {
            "X": 0.7597001194953918,
            "Y": 0.3418552279472351
          },
          {
            "X": 0.7601203322410583,
            "Y": 0.3974851965904236
          },
          {
            "X": 0.5306280851364136,
            "Y": 0.3980052173137665
          }
        ]
      },
      "Id": "2726bb49-3559-40ec-929c-e721e73a1af3",
      "Relationships": [
        {
          "Type": "CHILD",
          "Ids": [
            "301a88eb-d77e-49e1-8c0b-882f7009235f",
            "36cf419f-e9b7-4c0d-b7d0-9fcdbcfe2aeb",
            "1f6fe1af-3849-4ec3-90fa-ab7ae8fe53cd",
            "e1783381-3e9b-491c-b7a1-f08afe8d3ad7",
            "f1ca3d2b-a433-4266-894e-06f47561f5e6"
          ]
        }
      ],
      "EntityTypes": [
        "COLUMN_HEADER"
      ],
      "Page": 1
    },
    {
      "BlockType": "CELL",
      "Confidence": 92.1875,
      "RowIndex": 2,
      "ColumnIndex": 1,
      "RowSpan": 1,
      "ColumnSpan": 1,
      "Geometry": {
        "BoundingBox": {
          "Width": 0.29073166847229004,
          "Height": 0.039803508669137955,
          "Left": 0.24015451967716217,
          "Top": 0.3980052173137665
        },
        "Polygon": [
          {
            "X": 0.24015451967716217,
            "Y": 0.3986634314060211
          },
          {
            "X": 0.5306280851364136,
            "Y": 0.3980052173137665
          },
          {
            "X": 0.530886173248291,
            "Y": 0.43715596199035645
          },
          {
            "X": 0.24036502838134766,
            "Y": 0.43780872225761414
          }
        ]
      },
      "Id": "5f2d08ba-4265-4b29-b166-d4237c389d2b",
      "Relationships": [
        {
          "Type": "CHILD",
          "Ids": [
            "f8f7e181-8254-43de-964c-3f09e8ff9321",
            "49cd803e-51f8-45e2-839e-017321606d20"
          ]
        }
      ],
      "Page": 1
    },
    {
      "BlockType": "CELL",
      "Confidence": 47.412109375,
      "RowIndex": 2,
      "ColumnIndex": 2,
      "RowSpan": 1,
      "ColumnSpan": 1,
      "Geometry": {
        "BoundingBox": {
          "Width": 0.22978803515434265,
          "Height": 0.03967078775167465,
          "Left": 0.5306280851364136,
          "Top": 0.3974851965904236
        },
        "Polygon": [
          {
            "X": 0.5306280851364136,
            "Y": 0.3980052173137665
          },
          {
            "X": 0.7601203322410583,
            "Y": 0.3974851965904236
          },
          {
            "X": 0.7604160904884338,
            "Y": 0.43664026260375977
          },
          {
            "X": 0.530886173248291,
            "Y": 0.43715596199035645
          }
        ]
      },
      "Id": "27c1f81f-aa24-4aec-a923-99d4bbdbb07b",
      "Relationships": [
        {
          "Type": "CHILD",
          "Ids": [
            "ca48e6b5-c8ac-4052-a1b2-30fcaa6a7aab"
          ]
        }
      ],
      "Page": 1
    },
    {
      "BlockType": "CELL",
      "Confidence": 90.13671875,
      "RowIndex": 3,
      "ColumnIndex": 1,
      "RowSpan": 1,
      "ColumnSpan": 1,
      "Geometry": {
        "BoundingBox": {
          "Width": 0.29069823026657104,
          "Height": 0.027502648532390594,
          "Left": 0.24036502838134766,
          "Top": 0.43715596199035645
        },
        "Polygon": [
          {
            "X": 0.24036502838134766,
            "Y": 0.43780872225761414
          },
          {
            "X": 0.530886173248291,
            "Y": 0.43715596199035645
          },
          {
            "X": 0.5310632586479187,
            "Y": 0.4640096426010132
          },
          {
            "X": 0.24050940573215485,
            "Y": 0.46465861797332764
          }
        ]
      },
      "Id": "88f88f9e-6821-46a8-af5c-3197a5f2ea4c",
      "Relationships": [
        {
          "Type": "CHILD",
          "Ids": [
            "6d17180b-e08c-4d59-8c37-612f41ba3d43",
            "4ab75a48-c629-4435-8b7b-6cb079949f19"
          ]
        }
      ],
      "Page": 1
    },
    {
      "BlockType": "CELL",
      "Confidence": 46.3623046875,
      "RowIndex": 3,
      "ColumnIndex": 2,
      "RowSpan": 1,
      "ColumnSpan": 1,
      "Geometry": {
        "BoundingBox": {
          "Width": 0.22973278164863586,
          "Height": 0.027369363233447075,
          "Left": 0.530886173248291,
          "Top": 0.43664026260375977
        },
        "Polygon": [
          {
            "X": 0.530886173248291,
            "Y": 0.43715596199035645
          },
          {
            "X": 0.7604160904884338,
            "Y": 0.43664026260375977
          },
          {
            "X": 0.7606189846992493,
            "Y": 0.4634968936443329
          },
          {
            "X": 0.5310632586479187,
            "Y": 0.4640096426010132
          }
        ]
      },
      "Id": "5f970886-b0f2-4915-9392-61b15ffcdc88",
      "Relationships": [
        {
          "Type": "CHILD",
          "Ids": [
            "fdd3a7f5-283f-41d0-8939-91d21f9ba28b",
            "3ac96f36-1150-4340-87fb-b1cda5547f5a",
            "40d8cdab-1c64-423f-b35b-4baf480515de"
          ]
        }
      ],
      "Page": 1
    },
    {
      "BlockType": "CELL",
      "Confidence": 91.064453125,
      "RowIndex": 4,
      "ColumnIndex": 1,
      "RowSpan": 1,
      "ColumnSpan": 1,
      "Geometry": {
        "BoundingBox": {
          "Width": 0.2907235324382782,
          "Height": 0.026385817676782608,
          "Left": 0.24050940573215485,
          "Top": 0.4640096426010132
        },
        "Polygon": [
          {
            "X": 0.24050940573215485,
            "Y": 0.46465861797332764
          },
          {
            "X": 0.5310632586479187,
            "Y": 0.4640096426010132
          },
          {
            "X": 0.5312329530715942,
            "Y": 0.48975005745887756
          },
          {
            "X": 0.2406478077173233,
            "Y": 0.4903954565525055
          }
        ]
      },
      "Id": "d35083ea-a83c-4e3a-8df7-3da7fe33d6b4",
      "Relationships": [
        {
          "Type": "CHILD",
          "Ids": [
            "04d28861-13bf-4b49-8458-4e0fbae1413d"
          ]
        }
      ],
      "Page": 1
    },
    {
      "BlockType": "CELL",
      "Confidence": 46.826171875,
      "RowIndex": 4,
      "ColumnIndex": 2,
      "RowSpan": 1,
      "ColumnSpan": 1,
      "Geometry": {
        "BoundingBox": {
          "Width": 0.22975018620491028,
          "Height": 0.026253163814544678,
          "Left": 0.5310632586479187,
          "Top": 0.4634968936443329
        },
        "Polygon": [
          {
            "X": 0.5310632586479187,
            "Y": 0.4640096426010132
          },
          {
            "X": 0.7606189846992493,
            "Y": 0.4634968936443329
          },
          {
            "X": 0.7608134150505066,
            "Y": 0.4892401397228241
          },
          {
            "X": 0.5312329530715942,
            "Y": 0.48975005745887756
          }
        ]
      },
      "Id": "880796a9-43e6-453f-8413-4c170bc91376",
      "Relationships": [
        {
          "Type": "CHILD",
          "Ids": [
            "dd759329-71c2-4358-a5c0-f26e1f607350"
          ]
        }
      ],
      "Page": 1
    },
    {
      "BlockType": "CELL",
      "Confidence": 90.0390625,
      "RowIndex": 5,
      "ColumnIndex": 1,
      "RowSpan": 1,
      "ColumnSpan": 1,
      "Geometry": {
        "BoundingBox": {
          "Width": 0.2907622754573822,
          "Height": 0.027507126331329346,
          "Left": 0.2406478077173233,
          "Top": 0.48975005745887756
        },
        "Polygon": [
          {
            "X": 0.2406478077173233,
            "Y": 0.4903954565525055
          },
          {
            "X": 0.5312329530715942,
            "Y": 0.48975005745887756
          },
          {
            "X": 0.5314100980758667,
            "Y": 0.5166155099868774
          },
          {
            "X": 0.24079224467277527,
            "Y": 0.5172571539878845
          }
        ]
      },
      "Id": "0ce56234-90f9-4069-90c8-8ac45d840711",
      "Relationships": [
        {
          "Type": "CHILD",
          "Ids": [
            "0b1fbb15-8d0c-4c9c-8b79-8ba0963c3acc"
          ]
        }
      ],
      "Page": 1
    },
    {
      "BlockType": "CELL",
      "Confidence": 46.3134765625,
      "RowIndex": 5,
      "ColumnIndex": 2,
      "RowSpan": 1,
      "ColumnSpan": 1,
      "Geometry": {
        "BoundingBox": {
          "Width": 0.22978343069553375,
          "Height": 0.02737538330256939,
          "Left": 0.5312329530715942,
          "Top": 0.4892401397228241
        },
        "Polygon": [
          {
            "X": 0.5312329530715942,
            "Y": 0.48975005745887756
          },
          {
            "X": 0.7608134150505066,
            "Y": 0.4892401397228241
          },
          {
            "X": 0.7610163688659668,
            "Y": 0.5161085724830627
          },
          {
            "X": 0.5314100980758667,
            "Y": 0.5166155099868774
          }
        ]
      },
      "Id": "d2bfbdcf-a63a-4555-9c63-e8864704cc9f",
      "Relationships": [
        {
          "Type": "CHILD",
          "Ids": [
            "c27a4c84-85c2-49b6-be44-152039540e1e",
            "6706bfbe-d1ea-43e5-851a-5805181b4acf",
            "531d1f1b-4e70-41e2-bd0f-7696b282e1d4"
          ]
        }
      ],
      "Page": 1
    },
    {
      "BlockType": "CELL",
      "Confidence": 90.185546875,
      "RowIndex": 6,
      "ColumnIndex": 1,
      "RowSpan": 1,
      "ColumnSpan": 1,
      "Geometry": {
        "BoundingBox": {
          "Width": 0.2907949984073639,
          "Height": 0.027509411796927452,
          "Left": 0.24079224467277527,
          "Top": 0.5166155099868774
        },
        "Polygon": [
          {
            "X": 0.24079224467277527,
            "Y": 0.5172571539878845
          },
          {
            "X": 0.5314100980758667,
            "Y": 0.5166155099868774
          },
          {
            "X": 0.5315872430801392,
            "Y": 0.5434870719909668
          },
          {
            "X": 0.24093672633171082,
            "Y": 0.544124960899353
          }
        ]
      },
      "Id": "092ae445-4569-4ffa-bb2d-c3046ac56ed3",
      "Relationships": [
        {
          "Type": "CHILD",
          "Ids": [
            "b224d56d-ebc1-44b4-b3c7-baecb44ceaac"
          ]
        }
      ],
      "Page": 1
    },
    {
      "BlockType": "CELL",
      "Confidence": 46.38671875,
      "RowIndex": 6,
      "ColumnIndex": 2,
      "RowSpan": 1,
      "ColumnSpan": 1,
      "Geometry": {
        "BoundingBox": {
          "Width": 0.22980931401252747,
          "Height": 0.02737846039235592,
          "Left": 0.5314100980758667,
          "Top": 0.5161085724830627
        },
        "Polygon": [
          {
            "X": 0.5314100980758667,
            "Y": 0.5166155099868774
          },
          {
            "X": 0.7610163688659668,
            "Y": 0.5161085724830627
          },
          {
            "X": 0.7612193822860718,
            "Y": 0.5429830551147461
          },
          {
            "X": 0.5315872430801392,
            "Y": 0.5434870719909668
          }
        ]
      },
      "Id": "cfbe8455-421e-4d07-906d-546992a99359",
      "Relationships": [
        {
          "Type": "CHILD",
          "Ids": [
            "a0e047ba-e754-44ea-a8d3-a49ab9702e9e",
            "7024ceca-5cdb-4139-a8f6-32b03819a91f",
            "04b47ae9-70ee-47ac-b597-b76d2542ce55"
          ]
        }
      ],
      "Page": 1
    },
    {
      "BlockType": "CELL",
      "Confidence": 90.0390625,
      "RowIndex": 7,
      "ColumnIndex": 1,
      "RowSpan": 1,
      "ColumnSpan": 1,
      "Geometry": {
        "BoundingBox": {
          "Width": 0.2908277213573456,
          "Height": 0.027511699125170708,
          "Left": 0.24093672633171082,
          "Top": 0.5434870719909668
        },
        "Polygon": [
          {
            "X": 0.24093672633171082,
            "Y": 0.544124960899353
          },
          {
            "X": 0.5315872430801392,
            "Y": 0.5434870719909668
          },
          {
            "X": 0.5317644476890564,
            "Y": 0.5703645944595337
          },
          {
            "X": 0.24108123779296875,
            "Y": 0.5709987282752991
          }
        ]
      },
      "Id": "d9eaba9d-5b31-4d56-8e04-e75529d5e1a6",
      "Relationships": [
        {
          "Type": "CHILD",
          "Ids": [
            "7a8ee2e9-2661-4e9d-b408-66ee881d4bf4",
            "abba13f9-2146-4e3b-8a9b-c4451fb575ea",
            "b446ad2e-7cfb-4b32-a85b-09b11c252e83",
            "780584ba-66eb-4acc-a625-68ee5874c06f"
          ]
        }
      ],
      "Page": 1
    },
    {
      "BlockType": "CELL",
      "Confidence": 46.3134765625,
      "RowIndex": 7,
      "ColumnIndex": 2,
      "RowSpan": 1,
      "ColumnSpan": 1,
      "Geometry": {
        "BoundingBox": {
          "Width": 0.22983518242835999,
          "Height": 0.0273815356194973,
          "Left": 0.5315872430801392,
          "Top": 0.5429830551147461
        },
        "Polygon": [
          {
            "X": 0.5315872430801392,
            "Y": 0.5434870719909668
          },
          {
            "X": 0.7612193822860718,
            "Y": 0.5429830551147461
          },
          {
            "X": 0.7614224553108215,
            "Y": 0.5698636174201965
          },
          {
            "X": 0.5317644476890564,
            "Y": 0.5703645944595337
          }
        ]
      },
      "Id": "3bd91d66-73ec-426f-9b34-c446d35868eb",
      "Relationships": [
        {
          "Type": "CHILD",
          "Ids": [
            "0bce5dcc-bdfd-4c25-8c65-ad92432db6c1",
            "70caa838-5fe8-47ef-b1b4-4f2ab6f249b2",
            "30be1169-b1ac-495f-84be-f14fe44f6a66"
          ]
        }
      ],
      "Page": 1
    },
    {
      "BlockType": "CELL",
      "Confidence": 88.4765625,
      "RowIndex": 8,
      "ColumnIndex": 1,
      "RowSpan": 1,
      "ColumnSpan": 1,
      "Geometry": {
        "BoundingBox": {
          "Width": 0.29086047410964966,
          "Height": 0.027513984590768814,
          "Left": 0.24108123779296875,
          "Top": 0.5703645944595337
        },
        "Polygon": [
          {
            "X": 0.24108123779296875,
            "Y": 0.5709987282752991
          },
          {
            "X": 0.5317644476890564,
            "Y": 0.5703645944595337
          },
          {
            "X": 0.5319417119026184,
            "Y": 0.5972481966018677
          },
          {
            "X": 0.24122577905654907,
            "Y": 0.5978785753250122
          }
        ]
      },
      "Id": "c7d08d5d-86ca-4586-9efe-7f3040e08536",
      "Relationships": [
        {
          "Type": "CHILD",
          "Ids": [
            "337d4776-5e33-4e3a-beb2-b56b9a97d807",
            "50b4b725-e908-48e2-928c-df8e771d88b2",
            "713d33af-4ecb-40bd-b8b6-dbd45a743f1e",
            "afbf5c0c-3e9f-4833-9781-c290abc86bd4"
          ]
        }
      ],
      "Page": 1
    },
    {
      "BlockType": "CELL",
      "Confidence": 45.5078125,
      "RowIndex": 8,
      "ColumnIndex": 2,
      "RowSpan": 1,
      "ColumnSpan": 1,
      "Geometry": {
        "BoundingBox": {
          "Width": 0.2298610657453537,
          "Height": 0.02738461270928383,
          "Left": 0.5317644476890564,
          "Top": 0.5698636174201965
        },
        "Polygon": [
          {
            "X": 0.5317644476890564,
            "Y": 0.5703645944595337
          },
          {
            "X": 0.7614224553108215,
            "Y": 0.5698636174201965
          },
          {
            "X": 0.7616255283355713,
            "Y": 0.5967501401901245
          },
          {
            "X": 0.5319417119026184,
            "Y": 0.5972481966018677
          }
        ]
      },
      "Id": "2f2893ad-6240-43e7-9943-6205d99fb982",
      "Relationships": [
        {
          "Type": "CHILD",
          "Ids": [
            "49e7d08d-9a06-4c42-8bb5-2e2ee38e22ed"
          ]
        }
      ],
      "Page": 1
    },
    {
      "BlockType": "CELL",
      "Confidence": 86.9140625,
      "RowIndex": 9,
      "ColumnIndex": 1,
      "RowSpan": 1,
      "ColumnSpan": 1,
      "Geometry": {
        "BoundingBox": {
          "Width": 0.2908858358860016,
          "Height": 0.026395905762910843,
          "Left": 0.24122577905654907,
          "Top": 0.5972481966018677
        },
        "Polygon": [
          {
            "X": 0.24122577905654907,
            "Y": 0.5978785753250122
          },
          {
            "X": 0.5319417119026184,
            "Y": 0.5972481966018677
          },
          {
            "X": 0.5321115851402283,
            "Y": 0.6230173110961914
          },
          {
            "X": 0.24136431515216827,
            "Y": 0.6236441135406494
          }
        ]
      },
      "Id": "00e16db7-971f-4b7b-aca4-86d2fc14710d",
      "Relationships": [
        {
          "Type": "CHILD",
          "Ids": [
            "dd0f1b7c-ac45-42e0-8902-796ad2c44b44",
            "73d000ce-06e9-4f58-924d-449505f10b18",
            "fe81db8f-d10f-4767-af3b-09a1bd7180f2",
            "0b823086-229f-444a-94b4-4b91d52b8a00"
          ]
        }
      ],
      "Page": 1
    },
    {
      "BlockType": "CELL",
      "Confidence": 44.7021484375,
      "RowIndex": 9,
      "ColumnIndex": 2,
      "RowSpan": 1,
      "ColumnSpan": 1,
      "Geometry": {
        "BoundingBox": {
          "Width": 0.2298785001039505,
          "Height": 0.026267169043421745,
          "Left": 0.5319417119026184,
          "Top": 0.5967501401901245
        },
        "Polygon": [
          {
            "X": 0.5319417119026184,
            "Y": 0.5972481966018677
          },
          {
            "X": 0.7616255283355713,
            "Y": 0.5967501401901245
          },
          {
            "X": 0.7618201971054077,
            "Y": 0.6225221157073975
          },
          {
            "X": 0.5321115851402283,
            "Y": 0.6230173110961914
          }
        ]
      },
      "Id": "70af68a9-2470-4e58-8633-ad99a36eca7d",
      "Relationships": [
        {
          "Type": "CHILD",
          "Ids": [
            "40f4fce2-0177-4dc5-ba0b-bfefd5dd47f8",
            "06b9a111-4a41-49df-9c7a-9135eb076ea8",
            "0b3d3ce9-0928-4ca3-965d-2ee27fba2c9c"
          ]
        }
      ],
      "Page": 1
    },
    {
      "BlockType": "CELL",
      "Confidence": 94.7265625,
      "RowIndex": 10,
      "ColumnIndex": 1,
      "RowSpan": 1,
      "ColumnSpan": 1,
      "Geometry": {
        "BoundingBox": {
          "Width": 0.2909867763519287,
          "Height": 0.036948155611753464,
          "Left": 0.24136431515216827,
          "Top": 0.6230173110961914
        },
        "Polygon": [
          {
            "X": 0.24136431515216827,
            "Y": 0.6236441135406494
          },
          {
            "X": 0.5321115851402283,
            "Y": 0.6230173110961914
          },
          {
            "X": 0.5323510766029358,
            "Y": 0.6593437790870667
          },
          {
            "X": 0.24155963957309723,
            "Y": 0.6599655151367188
          }
        ]
      },
      "Id": "f6a0ab20-e1d2-4c21-8b8c-088a8d33a745",
      "Relationships": [
        {
          "Type": "CHILD",
          "Ids": [
            "43285aeb-7480-47a9-9c9d-494113bdc2cf",
            "1a7fdc98-60cb-478a-b8e3-587e75f0d842",
            "1a3c6f9c-a959-48d2-b541-ce0c733b12c7",
            "8dd78ac4-9474-4f98-baf8-2b33a8a14e75"
          ]
        }
      ],
      "Page": 1
    },
    {
      "BlockType": "CELL",
      "Confidence": 48.73046875,
      "RowIndex": 10,
      "ColumnIndex": 2,
      "RowSpan": 1,
      "ColumnSpan": 1,
      "Geometry": {
        "BoundingBox": {
          "Width": 0.22998303174972534,
          "Height": 0.036821648478507996,
          "Left": 0.5321115851402283,
          "Top": 0.6225221157073975
        },
        "Polygon": [
          {
            "X": 0.5321115851402283,
            "Y": 0.6230173110961914
          },
          {
            "X": 0.7618201971054077,
            "Y": 0.6225221157073975
          },
          {
            "X": 0.7620946168899536,
            "Y": 0.6588526368141174
          },
          {
            "X": 0.5323510766029358,
            "Y": 0.6593437790870667
          }
        ]
      },
      "Id": "2a311b94-ace8-467e-ae88-136e8357f42a",
      "Relationships": [
        {
          "Type": "CHILD",
          "Ids": [
            "d77c381c-7783-4d1f-ab77-00490ed1d074",
            "18325c5b-954f-4158-93c8-1c0e79bce8f6",
            "0557d3a0-3104-4c36-a155-bdb2f905c99d"
          ]
        }
      ],
      "Page": 1
    }
  ],
  "AnalyzeDocumentModelVersion": "1.0"
}