{
  "DocumentMetadata": {
    "Pages": 1
  },
  "JobStatus": "SUCCEEDED",
  "Blocks": [
    {
      "BlockType": "PAGE",
      "Geometry": {
        "BoundingBox": {
          "Width": 1,
          "Height": 1,
          "Left": 0,
          "Top": 0
        },
        "Polygon": [
          {
            "X": 0.00006012274752720259,
            "Y": 0
          },
          {
            "X": 1,
            "Y": 0.000031086543458513916
          },
          {
            "X": 1,
            "Y": 1
          },
          {
            "X": 0,
            "Y": 1
          }
        ]
      },
      "Id": "8a5713e8-5b05-4fd3-8dd2-fb8624374803",
      "Relationships": [
        {
          "Type": "CHILD",
          "Ids": [
            "18b93e6a-57a9-4a93-8661-846abdca8bec",
            "25b71e69-97ee-473f-9b38-45f5d1cf2bb7",
            "c23b7c86-f69d-403d-9778-aa94fc97aa08",
            "a55a4b26-96bd-4072-a02c-f97bd8671243",
            "606d1e0b-d4bb-4b9c-a419-96c5f47ea39c",
            "28440a34-709a-40bd-b870-90889df8e182",
            "75c0bbe8-75d0-4eba-af49-705a2dc98f75",
            "d4026b42-7ab7-4bb0-847d-494e762145ad",
            "3d477099-94cf-47fd-ae7f-53b61b2a5d59",
            "208c2fd1-4efd-44bb-b741-f2930f3e6170",
            "94670196-1c71-40dc-8324-09e2d30efc95",
            "21ef3642-eb13-44f7-bc8d-4d5685e88161",
            "939da039-9a05-4f2e-b7fb-4f7edef66b1e",
            "23abace2-61ea-45b5-be01-711bd155c852",
            "b74d684c-7979-4132-ba57-fa91dbe8f31b",
            "5c5a7412-f509-4aba-9d03-f97e58045eb3",
            "5ed727bd-ac8f-4915-a5a5-a63a9af9c5d5",
            "08e7bc76-c3e1-4870-8f65-bd1d8a25a302"
          ]
        }
      ],
      "Page": 1
    },
    {
      "BlockType": "LINE",
      "Confidence": 99.60233306884766,
      "Text": "EP",
      "Geometry": {
        "BoundingBox": {
          "Width": 0.01041542086750269,
          "Height": 0.019032925367355347,
          "Left": 0.6109591722488403,
          "Top": 0.41224658489227295
        },
        "Polygon": [
          {
            "X": 0.6112907528877258,
            "Y": 0.41224658489227295
          },
          {
            "X": 0.6213746070861816,
            "Y": 0.4122661352157593
          },
          {
            "X": 0.6210454702377319,
            "Y": 0.4312795102596283
          },
          {
            "X": 0.6109591722488403,
            "Y": 0.4312601685523987
          }
        ]
      },
      "Id": "18b93e6a-57a9-4a93-8661-846abdca8bec",
      "Relationships": [
        {
          "Type": "CHILD",
          "Ids": [
            "f8c85d98-ea43-4193-95f0-5c4301c1e123"
          ]
        }
      ],
      "Page": 1
    },
    {
      "BlockType": "LINE",
      "Confidence": 99.09146118164062,
      "Text": "EP/9%BPA-BPP",
      "Geometry": {
        "BoundingBox": {
          "Width": 0.059934474527835846,
          "Height": 0.024086443707346916,
          "Left": 0.7921074032783508,
          "Top": 0.41093969345092773
        },
        "Polygon": [
          {
            "X": 0.7924714088439941,
            "Y": 0.41093969345092773
          },
          {
            "X": 0.8520418405532837,
            "Y": 0.4110552668571472
          },
          {
            "X": 0.8516955971717834,
            "Y": 0.4350261390209198
          },
          {
            "X": 0.7921074032783508,
            "Y": 0.4349120855331421
          }
        ]
      },
      "Id": "25b71e69-97ee-473f-9b38-45f5d1cf2bb7",
      "Relationships": [
        {
          "Type": "CHILD",
          "Ids": [
            "adc2ddd3-bfe1-41c1-a077-b914c51a9b05"
          ]
        }
      ],
      "Page": 1
    },
    {
      "BlockType": "LINE",
      "Confidence": 76.38384246826172,
      "Text": "Kissinger di and Crane eqe",
      "Geometry": {
        "BoundingBox": {
          "Width": 0.10295089334249496,
          "Height": 0.029879583045840263,
          "Left": 0.1605912744998932,
          "Top": 0.45709896087646484
        },
        "Polygon": [
          {
            "X": 0.16127458214759827,
            "Y": 0.45709896087646484
          },
          {
            "X": 0.26354217529296875,
            "Y": 0.4572921097278595
          },
          {
            "X": 0.2628966271877289,
            "Y": 0.48697853088378906
          },
          {
            "X": 0.1605912744998932,
            "Y": 0.48678866028785706
          }
        ]
      },
      "Id": "c23b7c86-f69d-403d-9778-aa94fc97aa08",
      "Relationships": [
        {
          "Type": "CHILD",
          "Ids": [
            "52c35f44-0a5b-418d-8ffc-eaeba27d7eef",
            "7bb97712-d406-436a-bdf5-f67163150799",
            "73a4d94a-0885-4631-9dd3-560bf0179452",
            "f829f573-6b6a-4307-ab1a-87045ab04dd6",
            "d34b63b5-4d3a-4d30-b918-65f05d8ac3cd"
          ]
        }
      ],
      "Page": 1
    },
    {
      "BlockType": "LINE",
      "Confidence": 25.319406509399414,
      "Text": "E2",
      "Geometry": {
        "BoundingBox": {
          "Width": 0.011904834769666195,
          "Height": 0.02549099177122116,
          "Left": 0.42667368054389954,
          "Top": 0.46008554100990295
        },
        "Polygon": [
          {
            "X": 0.42717573046684265,
            "Y": 0.46008554100990295
          },
          {
            "X": 0.4385785162448883,
            "Y": 0.46010705828666687
          },
          {
            "X": 0.4380800426006317,
            "Y": 0.4855765402317047
          },
          {
            "X": 0.42667368054389954,
            "Y": 0.48555535078048706
          }
        ]
      },
      "Id": "a55a4b26-96bd-4072-a02c-f97bd8671243",
      "Relationships": [
        {
          "Type": "CHILD",
          "Ids": [
            "e8c4267a-3b37-4c1c-8f11-c51fdd3cc76d"
          ]
        }
      ],
      "Page": 1
    },
    {
      "BlockType": "LINE",
      "Confidence": 93.57281494140625,
      "Text": "a",
      "Geometry": {
        "BoundingBox": {
          "Width": 0.0038970625028014183,
          "Height": 0.012795168906450272,
          "Left": 0.43569520115852356,
          "Top": 0.4586245119571686
        },
        "Polygon": [
          {
            "X": 0.43594589829444885,
            "Y": 0.4586245119571686
          },
          {
            "X": 0.43959224224090576,
            "Y": 0.45863139629364014
          },
          {
            "X": 0.4393421411514282,
            "Y": 0.47141969203948975
          },
          {
            "X": 0.43569520115852356,
            "Y": 0.4714128375053406
          }
        ]
      },
      "Id": "606d1e0b-d4bb-4b9c-a419-96c5f47ea39c",
      "Relationships": [
        {
          "Type": "CHILD",
          "Ids": [
            "2115caae-e826-4f53-bc7a-287c2fbd42ef"
          ]
        }
      ],
      "Page": 1
    },
    {
      "BlockType": "LINE",
      "Confidence": 99.70660400390625,
      "Text": "53.1",
      "Geometry": {
        "BoundingBox": {
          "Width": 0.017004087567329407,
          "Height": 0.02044999785721302,
          "Left": 0.6107860207557678,
          "Top": 0.4611780345439911
        },
        "Polygon": [
          {
            "X": 0.6111418604850769,
            "Y": 0.4611780345439911
          },
          {
            "X": 0.627790093421936,
            "Y": 0.46120941638946533
          },
          {
            "X": 0.627438485622406,
            "Y": 0.48162803053855896
          },
          {
            "X": 0.6107860207557678,
            "Y": 0.48159700632095337
          }
        ]
      },
      "Id": "28440a34-709a-40bd-b870-90889df8e182",
      "Relationships": [
        {
          "Type": "CHILD",
          "Ids": [
            "bf51a6a7-cbb5-4578-b587-538894d0872f"
          ]
        }
      ],
      "Page": 1
    },
    {
      "BlockType": "LINE",
      "Confidence": 76.86701202392578,
      "Text": "50,9",
      "Geometry": {
        "BoundingBox": {
          "Width": 0.017747284844517708,
          "Height": 0.02001592330634594,
          "Left": 0.7920896410942078,
          "Top": 0.4614443778991699
        },
        "Polygon": [
          {
            "X": 0.792392909526825,
            "Y": 0.4614443778991699
          },
          {
            "X": 0.8098369240760803,
            "Y": 0.46147724986076355
          },
          {
            "X": 0.809537947177887,
            "Y": 0.481460303068161
          },
          {
            "X": 0.7920896410942078,
            "Y": 0.48142778873443604
          }
        ]
      },
      "Id": "75c0bbe8-75d0-4eba-af49-705a2dc98f75",
      "Relationships": [
        {
          "Type": "CHILD",
          "Ids": [
            "59d2604e-0640-4607-ad5c-3ba81b56d382"
          ]
        }
      ],
      "Page": 1
    },
    {
      "BlockType": "LINE",
      "Confidence": 74.6058349609375,
      "Text": "In Ab",
      "Geometry": {
        "BoundingBox": {
          "Width": 0.020555971190333366,
          "Height": 0.023878663778305054,
          "Left": 0.42661625146865845,
          "Top": 0.4892154633998871
        },
        "Polygon": [
          {
            "X": 0.42708608508110046,
            "Y": 0.4892154633998871
          },
          {
            "X": 0.44717222452163696,
            "Y": 0.4892526865005493
          },
          {
            "X": 0.4467083513736725,
            "Y": 0.5130941271781921
          },
          {
            "X": 0.42661625146865845,
            "Y": 0.5130574107170105
          }
        ]
      },
      "Id": "d4026b42-7ab7-4bb0-847d-494e762145ad",
      "Relationships": [
        {
          "Type": "CHILD",
          "Ids": [
            "cf0a72ce-6767-477e-8578-0648a3029339",
            "14778234-9a0b-42a9-809e-219c728fcad5"
          ]
        }
      ],
      "Page": 1
    },
    {
      "BlockType": "LINE",
      "Confidence": 99.83164978027344,
      "Text": "9.3",
      "Geometry": {
        "BoundingBox": {
          "Width": 0.01276072021573782,
          "Height": 0.02076115272939205,
          "Left": 0.6106723546981812,
          "Top": 0.49355873465538025
        },
        "Polygon": [
          {
            "X": 0.6110336780548096,
            "Y": 0.49355873465538025
          },
          {
            "X": 0.6234330534934998,
            "Y": 0.4935816526412964
          },
          {
            "X": 0.6230749487876892,
            "Y": 0.514319896697998
          },
          {
            "X": 0.6106723546981812,
            "Y": 0.5142971873283386
          }
        ]
      },
      "Id": "3d477099-94cf-47fd-ae7f-53b61b2a5d59",
      "Relationships": [
        {
          "Type": "CHILD",
          "Ids": [
            "07dd14c6-506a-4a8d-accc-3d1b430fd1aa"
          ]
        }
      ],
      "Page": 1
    },
    {
      "BlockType": "LINE",
      "Confidence": 84.21627044677734,
      "Text": "8.8",
      "Geometry": {
        "BoundingBox": {
          "Width": 0.01257187407463789,
          "Height": 0.019896376878023148,
          "Left": 0.7921117544174194,
          "Top": 0.49376094341278076
        },
        "Polygon": [
          {
            "X": 0.7924132347106934,
            "Y": 0.49376094341278076
          },
          {
            "X": 0.8046836256980896,
            "Y": 0.4937836527824402
          },
          {
            "X": 0.8043851256370544,
            "Y": 0.5136573314666748
          },
          {
            "X": 0.7921117544174194,
            "Y": 0.5136348605155945
          }
        ]
      },
      "Id": "208c2fd1-4efd-44bb-b741-f2930f3e6170",
      "Relationships": [
        {
          "Type": "CHILD",
          "Ids": [
            "174c4d76-ff4f-426c-9aa6-37539acdcc21"
          ]
        }
      ],
      "Page": 1
    },
    {
      "BlockType": "LINE",
      "Confidence": 82.03974914550781,
      "Text": "n°",
      "Geometry": {
        "BoundingBox": {
          "Width": 0.008809424936771393,
          "Height": 0.020045937970280647,
          "Left": 0.4268023371696472,
          "Top": 0.5244747996330261
        },
        "Polygon": [
          {
            "X": 0.4271968603134155,
            "Y": 0.5244747996330261
          },
          {
            "X": 0.435611754655838,
            "Y": 0.5244900584220886
          },
          {
            "X": 0.43521931767463684,
            "Y": 0.5445207357406616
          },
          {
            "X": 0.4268023371696472,
            "Y": 0.5445056557655334
          }
        ]
      },
      "Id": "94670196-1c71-40dc-8324-09e2d30efc95",
      "Relationships": [
        {
          "Type": "CHILD",
          "Ids": [
            "f994584d-f394-45c6-bf08-93ca36aa78d1"
          ]
        }
      ],
      "Page": 1
    },
    {
      "BlockType": "LINE",
      "Confidence": 99.94149017333984,
      "Text": "0.88",
      "Geometry": {
        "BoundingBox": {
          "Width": 0.018185773864388466,
          "Height": 0.020431045442819595,
          "Left": 0.6106185913085938,
          "Top": 0.5247686505317688
        },
        "Polygon": [
          {
            "X": 0.6109738349914551,
            "Y": 0.5247686505317688
          },
          {
            "X": 0.6288043260574341,
            "Y": 0.5248010158538818
          },
          {
            "X": 0.6284536123275757,
            "Y": 0.5451996922492981
          },
          {
            "X": 0.6106185913085938,
            "Y": 0.5451677441596985
          }
        ]
      },
      "Id": "21ef3642-eb13-44f7-bc8d-4d5685e88161",
      "Relationships": [
        {
          "Type": "CHILD",
          "Ids": [
            "21208770-99e1-4bee-9508-80f532f04911"
          ]
        }
      ],
      "Page": 1
    },
    {
      "BlockType": "LINE",
      "Confidence": 99.97308349609375,
      "Text": "0.87",
      "Geometry": {
        "BoundingBox": {
          "Width": 0.017946980893611908,
          "Height": 0.020272763445973396,
          "Left": 0.791846513748169,
          "Top": 0.5247610807418823
        },
        "Polygon": [
          {
            "X": 0.792153537273407,
            "Y": 0.5247610807418823
          },
          {
            "X": 0.8097935318946838,
            "Y": 0.5247930884361267
          },
          {
            "X": 0.8094909191131592,
            "Y": 0.5450338125228882
          },
          {
            "X": 0.791846513748169,
            "Y": 0.5450021624565125
          }
        ]
      },
      "Id": "939da039-9a05-4f2e-b7fb-4f7edef66b1e",
      "Relationships": [
        {
          "Type": "CHILD",
          "Ids": [
            "62bf6c64-faa0-4254-917d-ba38ee1f160b"
          ]
        }
      ],
      "Page": 1
    },
    {
      "BlockType": "LINE",
      "Confidence": 82.49786376953125,
      "Text": "Flynn-Wall-Ozawa eq",
      "Geometry": {
        "BoundingBox": {
          "Width": 0.09973080456256866,
          "Height": 0.02900938130915165,
          "Left": 0.1604444831609726,
          "Top": 0.5532345175743103
        },
        "Polygon": [
          {
            "X": 0.1611074060201645,
            "Y": 0.5532345175743103
          },
          {
            "X": 0.26017528772354126,
            "Y": 0.5534111857414246
          },
          {
            "X": 0.2595478594303131,
            "Y": 0.5822438597679138
          },
          {
            "X": 0.1604444831609726,
            "Y": 0.5820702910423279
          }
        ]
      },
      "Id": "23abace2-61ea-45b5-be01-711bd155c852",
      "Relationships": [
        {
          "Type": "CHILD",
          "Ids": [
            "4ca3fe97-6baf-4981-bd55-46efec0e6c17",
            "b5637539-6a1c-48b5-b8a1-2ab02c20b177"
          ]
        }
      ],
      "Page": 1
    },
    {
      "BlockType": "LINE",
      "Confidence": 86.72233581542969,
      "Text": "a",
      "Geometry": {
        "BoundingBox": {
          "Width": 0.003928548190742731,
          "Height": 0.012316710315644741,
          "Left": 0.43595805764198303,
          "Top": 0.5552094578742981
        },
        "Polygon": [
          {
            "X": 0.4361990690231323,
            "Y": 0.5552094578742981
          },
          {
            "X": 0.4398866295814514,
            "Y": 0.5552160143852234
          },
          {
            "X": 0.4396461844444275,
            "Y": 0.5675261616706848
          },
          {
            "X": 0.43595805764198303,
            "Y": 0.5675196051597595
          }
        ]
      },
      "Id": "b74d684c-7979-4132-ba57-fa91dbe8f31b",
      "Relationships": [
        {
          "Type": "CHILD",
          "Ids": [
            "7d783e1a-23df-4003-9560-c6af7480cd87"
          ]
        }
      ],
      "Page": 1
    },
    {
      "BlockType": "LINE",
      "Confidence": 87.81214904785156,
      "Text": "57.4",
      "Geometry": {
        "BoundingBox": {
          "Width": 0.018080106005072594,
          "Height": 0.020834341645240784,
          "Left": 0.6108601093292236,
          "Top": 0.5567149519920349
        },
        "Polygon": [
          {
            "X": 0.6112222075462341,
            "Y": 0.5567149519920349
          },
          {
            "X": 0.628940224647522,
            "Y": 0.5567464828491211
          },
          {
            "X": 0.6285827159881592,
            "Y": 0.5775492787361145
          },
          {
            "X": 0.6108601093292236,
            "Y": 0.5775181651115417
          }
        ]
      },
      "Id": "5c5a7412-f509-4aba-9d03-f97e58045eb3",
      "Relationships": [
        {
          "Type": "CHILD",
          "Ids": [
            "fee63486-4482-41e4-b473-3e97077c1019"
          ]
        }
      ],
      "Page": 1
    },
    {
      "BlockType": "LINE",
      "Confidence": 64.37460327148438,
      "Text": "55.3",
      "Geometry": {
        "BoundingBox": {
          "Width": 0.01765921525657177,
          "Height": 0.020328134298324585,
          "Left": 0.7919352650642395,
          "Top": 0.5567871332168579
        },
        "Polygon": [
          {
            "X": 0.7922430038452148,
            "Y": 0.5567871332168579
          },
          {
            "X": 0.809594452381134,
            "Y": 0.5568180084228516
          },
          {
            "X": 0.8092911243438721,
            "Y": 0.5771152377128601
          },
          {
            "X": 0.7919352650642395,
            "Y": 0.5770847201347351
          }
        ]
      },
      "Id": "5ed727bd-ac8f-4915-a5a5-a63a9af9c5d5",
      "Relationships": [
        {
          "Type": "CHILD",
          "Ids": [
            "1da110bc-4ebb-4e79-855d-434cb62280c2"
          ]
        }
      ],
      "Page": 1
    },
    {
      "BlockType": "WORD",
      "Confidence": 99.60233306884766,
      "Text": "EP",
      "TextType": "PRINTED",
      "Geometry": {
        "BoundingBox": {
          "Width": 0.01041542086750269,
          "Height": 0.019032925367355347,
          "Left": 0.6109591722488403,
          "Top": 0.41224658489227295
        },
        "Polygon": [
          {
            "X": 0.6112907528877258,
            "Y": 0.41224658489227295
          },
          {
            "X": 0.6213746070861816,
            "Y": 0.4122661352157593
          },
          {
            "X": 0.6210454702377319,
            "Y": 0.4312795102596283
          },
          {
            "X": 0.6109591722488403,
            "Y": 0.4312601685523987
          }
        ]
      },
      "Id": "f8c85d98-ea43-4193-95f0-5c4301c1e123",
      "Page": 1
    },
    {
      "BlockType": "WORD",
      "Confidence": 99.09146118164062,
      "Text": "EP/9%BPA-BPP",
      "TextType": "PRINTED",
      "Geometry": {
        "BoundingBox": {
          "Width": 0.059934474527835846,
          "Height": 0.024086443707346916,
          "Left": 0.7921074032783508,
          "Top": 0.41093969345092773
        },
        "Polygon": [
          {
            "X": 0.7924714088439941,
            "Y": 0.41093969345092773
          },
          {
            "X": 0.8520418405532837,
            "Y": 0.4110552668571472
          },
          {
            "X": 0.8516955971717834,
            "Y": 0.4350261390209198
          },
          {
            "X": 0.7921074032783508,
            "Y": 0.4349120855331421
          }
        ]
      },
      "Id": "adc2ddd3-bfe1-41c1-a077-b914c51a9b05",
      "Page": 1
    },
    {
      "BlockType": "WORD",
      "Confidence": 71.06855010986328,
      "Text": "Kissinger",
      "TextType": "PRINTED",
      "Geometry": {
        "BoundingBox": {
          "Width": 0.041766148060560226,
          "Height": 0.029765978455543518,
          "Left": 0.1605912744998932,
          "Top": 0.45709896087646484
        },
        "Polygon": [
          {
            "X": 0.16127458214759827,
            "Y": 0.45709896087646484
          },
          {
            "X": 0.2023574262857437,
            "Y": 0.45717653632164
          },
          {
            "X": 0.20168928802013397,
            "Y": 0.48686495423316956
          },
          {
            "X": 0.1605912744998932,
            "Y": 0.48678866028785706
          }
        ]
      },
      "Id": "52c35f44-0a5b-418d-8ffc-eaeba27d7eef",
      "Page": 1
    },
    {
      "BlockType": "WORD",
      "Confidence": 58.927303314208984,
      "Text": "di",
      "TextType": "PRINTED",
      "Geometry": {
        "BoundingBox": {
          "Width": 0.003672041231766343,
          "Height": 0.012127059511840343,
          "Left": 0.19896242022514343,
          "Top": 0.4576151669025421
        },
        "Polygon": [
          {
            "X": 0.19923566281795502,
            "Y": 0.4576151669025421
          },
          {
            "X": 0.20263446867465973,
            "Y": 0.45762157440185547
          },
          {
            "X": 0.20236173272132874,
            "Y": 0.46974220871925354
          },
          {
            "X": 0.19896242022514343,
            "Y": 0.4697358310222626
          }
        ]
      },
      "Id": "7bb97712-d406-436a-bdf5-f67163150799",
      "Page": 1
    },
    {
      "BlockType": "WORD",
      "Confidence": 99.9938735961914,
      "Text": "and",
      "TextType": "PRINTED",
      "Geometry": {
        "BoundingBox": {
          "Width": 0.015904683619737625,
          "Height": 0.02146850898861885,
          "Left": 0.20496395230293274,
          "Top": 0.4605675935745239
        },
        "Polygon": [
          {
            "X": 0.20544561743736267,
            "Y": 0.4605675935745239
          },
          {
            "X": 0.22086864709854126,
            "Y": 0.46059665083885193
          },
          {
            "X": 0.22039109468460083,
            "Y": 0.4820360839366913
          },
          {
            "X": 0.20496395230293274,
            "Y": 0.48200738430023193
          }
        ]
      },
      "Id": "73a4d94a-0885-4631-9dd3-560bf0179452",
      "Page": 1
    },
    {
      "BlockType": "WORD",
      "Confidence": 99.55683135986328,
      "Text": "Crane",
      "TextType": "PRINTED",
      "Geometry": {
        "BoundingBox": {
          "Width": 0.024662960320711136,
          "Height": 0.021043598651885986,
          "Left": 0.22313326597213745,
          "Top": 0.461014986038208
        },
        "Polygon": [
          {
            "X": 0.22360028326511383,
            "Y": 0.461014986038208
          },
          {
            "X": 0.24779623746871948,
            "Y": 0.4610605835914612
          },
          {
            "X": 0.2473355531692505,
            "Y": 0.482058584690094
          },
          {
            "X": 0.22313326597213745,
            "Y": 0.4820135533809662
          }
        ]
      },
      "Id": "f829f573-6b6a-4307-ab1a-87045ab04dd6",
      "Page": 1
    },
    {
      "BlockType": "WORD",
      "Confidence": 52.37264633178711,
      "Text": "eqe",
      "TextType": "PRINTED",
      "Geometry": {
        "BoundingBox": {
          "Width": 0.014022637158632278,
          "Height": 0.026368720456957817,
          "Left": 0.24946577847003937,
          "Top": 0.45973876118659973
        },
        "Polygon": [
          {
            "X": 0.25004300475120544,
            "Y": 0.45973876118659973
          },
          {
            "X": 0.26348841190338135,
            "Y": 0.45976412296295166
          },
          {
            "X": 0.26291558146476746,
            "Y": 0.4861074984073639
          },
          {
            "X": 0.24946577847003937,
            "Y": 0.486082524061203
          }
        ]
      },
      "Id": "d34b63b5-4d3a-4d30-b918-65f05d8ac3cd",
      "Page": 1
    },
    {
      "BlockType": "WORD",
      "Confidence": 25.319406509399414,
      "Text": "E2",
      "TextType": "PRINTED",
      "Geometry": {
        "BoundingBox": {
          "Width": 0.011904834769666195,
          "Height": 0.02549099177122116,
          "Left": 0.42667368054389954,
          "Top": 0.46008554100990295
        },
        "Polygon": [
          {
            "X": 0.42717573046684265,
            "Y": 0.46008554100990295
          },
          {
            "X": 0.4385785162448883,
            "Y": 0.46010705828666687
          },
          {
            "X": 0.4380800426006317,
            "Y": 0.4855765402317047
          },
          {
            "X": 0.42667368054389954,
            "Y": 0.48555535078048706
          }
        ]
      },
      "Id": "e8c4267a-3b37-4c1c-8f11-c51fdd3cc76d",
      "Page": 1
    },
    {
      "BlockType": "WORD",
      "Confidence": 93.57281494140625,
      "Text": "a",
      "TextType": "PRINTED",
      "Geometry": {
        "BoundingBox": {
          "Width": 0.0038970625028014183,
          "Height": 0.012795168906450272,
          "Left": 0.43569520115852356,
          "Top": 0.4586245119571686
        },
        "Polygon": [
          {
            "X": 0.43594589829444885,
            "Y": 0.4586245119571686
          },
          {
            "X": 0.43959224224090576,
            "Y": 0.45863139629364014
          },
          {
            "X": 0.4393421411514282,
            "Y": 0.47141969203948975
          },
          {
            "X": 0.43569520115852356,
            "Y": 0.4714128375053406
          }
        ]
      },
      "Id": "2115caae-e826-4f53-bc7a-287c2fbd42ef",
      "Page": 1
    },
    {
      "BlockType": "WORD",
      "Confidence": 99.70660400390625,
      "Text": "53.1",
      "TextType": "PRINTED",
      "Geometry": {
        "BoundingBox": {
          "Width": 0.017004087567329407,
          "Height": 0.02044999785721302,
          "Left": 0.6107860207557678,
          "Top": 0.4611780345439911
        },
        "Polygon": [
          {
            "X": 0.6111418604850769,
            "Y": 0.4611780345439911
          },
          {
            "X": 0.627790093421936,
            "Y": 0.46120941638946533
          },
          {
            "X": 0.627438485622406,
            "Y": 0.48162803053855896
          },
          {
            "X": 0.6107860207557678,
            "Y": 0.48159700632095337
          }
        ]
      },
      "Id": "bf51a6a7-cbb5-4578-b587-538894d0872f",
      "Page": 1
    },
    {
      "BlockType": "WORD",
      "Confidence": 76.86701202392578,
      "Text": "50,9",
      "TextType": "PRINTED",
      "Geometry": {
        "BoundingBox": {
          "Width": 0.017747284844517708,
          "Height": 0.02001592330634594,
          "Left": 0.7920896410942078,
          "Top": 0.4614443778991699
        },
        "Polygon": [
          {
            "X": 0.792392909526825,
            "Y": 0.4614443778991699
          },
          {
            "X": 0.8098369240760803,
            "Y": 0.46147724986076355
          },
          {
            "X": 0.809537947177887,
            "Y": 0.481460303068161
          },
          {
            "X": 0.7920896410942078,
            "Y": 0.48142778873443604
          }
        ]
      },
      "Id": "59d2604e-0640-4607-ad5c-3ba81b56d382",
      "Page": 1
    },
    {
      "BlockType": "WORD",
      "Confidence": 99.6654052734375,
      "Text": "In",
      "TextType": "PRINTED",
      "Geometry": {
        "BoundingBox": {
          "Width": 0.008424432948231697,
          "Height": 0.01977984979748726,
          "Left": 0.42661625146865845,
          "Top": 0.4932922422885895
        },
        "Polygon": [
          {
            "X": 0.4270057678222656,
            "Y": 0.4932922422885895
          },
          {
            "X": 0.4350407123565674,
            "Y": 0.49330708384513855
          },
          {
            "X": 0.4346531927585602,
            "Y": 0.5130720734596252
          },
          {
            "X": 0.42661625146865845,
            "Y": 0.5130574107170105
          }
        ]
      },
      "Id": "cf0a72ce-6767-477e-8578-0648a3029339",
      "Page": 1
    },
    {
      "BlockType": "WORD",
      "Confidence": 49.54627227783203,
      "Text": "Ab",
      "TextType": "PRINTED",
      "Geometry": {
        "BoundingBox": {
          "Width": 0.00994703359901905,
          "Height": 0.02366328425705433,
          "Left": 0.43722519278526306,
          "Top": 0.4892351031303406
        },
        "Polygon": [
          {
            "X": 0.43768805265426636,
            "Y": 0.4892351031303406
          },
          {
            "X": 0.44717222452163696,
            "Y": 0.4892526865005493
          },
          {
            "X": 0.4467121660709381,
            "Y": 0.5128983855247498
          },
          {
            "X": 0.43722519278526306,
            "Y": 0.5128810405731201
          }
        ]
      },
      "Id": "14778234-9a0b-42a9-809e-219c728fcad5",
      "Page": 1
    },
    {
      "BlockType": "WORD",
      "Confidence": 99.83164978027344,
      "Text": "9.3",
      "TextType": "PRINTED",
      "Geometry": {
        "BoundingBox": {
          "Width": 0.01276072021573782,
          "Height": 0.02076115272939205,
          "Left": 0.6106723546981812,
          "Top": 0.49355873465538025
        },
        "Polygon": [
          {
            "X": 0.6110336780548096,
            "Y": 0.49355873465538025
          },
          {
            "X": 0.6234330534934998,
            "Y": 0.4935816526412964
          },
          {
            "X": 0.6230749487876892,
            "Y": 0.514319896697998
          },
          {
            "X": 0.6106723546981812,
            "Y": 0.5142971873283386
          }
        ]
      },
      "Id": "07dd14c6-506a-4a8d-accc-3d1b430fd1aa",
      "Page": 1
    },
    {
      "BlockType": "WORD",
      "Confidence": 84.21627044677734,
      "Text": "8.8",
      "TextType": "PRINTED",
      "Geometry": {
        "BoundingBox": {
          "Width": 0.01257187407463789,
          "Height": 0.019896376878023148,
          "Left": 0.7921117544174194,
          "Top": 0.49376094341278076
        },
        "Polygon": [
          {
            "X": 0.7924132347106934,
            "Y": 0.49376094341278076
          },
          {
            "X": 0.8046836256980896,
            "Y": 0.4937836527824402
          },
          {
            "X": 0.8043851256370544,
            "Y": 0.5136573314666748
          },
          {
            "X": 0.7921117544174194,
            "Y": 0.5136348605155945
          }
        ]
      },
      "Id": "174c4d76-ff4f-426c-9aa6-37539acdcc21",
      "Page": 1
    },
    {
      "BlockType": "WORD",
      "Confidence": 82.03974914550781,
      "Text": "n°",
      "TextType": "PRINTED",
      "Geometry": {
        "BoundingBox": {
          "Width": 0.008809424936771393,
          "Height": 0.020045937970280647,
          "Left": 0.4268023371696472,
          "Top": 0.5244747996330261
        },
        "Polygon": [
          {
            "X": 0.4271968603134155,
            "Y": 0.5244747996330261
          },
          {
            "X": 0.435611754655838,
            "Y": 0.5244900584220886
          },
          {
            "X": 0.43521931767463684,
            "Y": 0.5445207357406616
          },
          {
            "X": 0.4268023371696472,
            "Y": 0.5445056557655334
          }
        ]
      },
      "Id": "f994584d-f394-45c6-bf08-93ca36aa78d1",
      "Page": 1
    },
    {
      "BlockType": "WORD",
      "Confidence": 99.94149017333984,
      "Text": "0.88",
      "TextType": "PRINTED",
      "Geometry": {
        "BoundingBox": {
          "Width": 0.018185773864388466,
          "Height": 0.020431045442819595,
          "Left": 0.6106185913085938,
          "Top": 0.5247686505317688
        },
        "Polygon": [
          {
            "X": 0.6109738349914551,
            "Y": 0.5247686505317688
          },
          {
            "X": 0.6288043260574341,
            "Y": 0.5248010158538818
          },
          {
            "X": 0.6284536123275757,
            "Y": 0.5451996922492981
          },
          {
            "X": 0.6106185913085938,
            "Y": 0.5451677441596985
          }
        ]
      },
      "Id": "21208770-99e1-4bee-9508-80f532f04911",
      "Page": 1
    },
    {
      "BlockType": "WORD",
      "Confidence": 99.97308349609375,
      "Text": "0.87",
      "TextType": "PRINTED",
      "Geometry": {
        "BoundingBox": {
          "Width": 0.017946980893611908,
          "Height": 0.020272763445973396,
          "Left": 0.791846513748169,
          "Top": 0.5247610807418823
        },
        "Polygon": [
          {
            "X": 0.792153537273407,
            "Y": 0.5247610807418823
          },
          {
            "X": 0.8097935318946838,
            "Y": 0.5247930884361267
          },
          {
            "X": 0.8094909191131592,
            "Y": 0.5450338125228882
          },
          {
            "X": 0.791846513748169,
            "Y": 0.5450021624565125
          }
        ]
      },
      "Id": "62bf6c64-faa0-4254-917d-ba38ee1f160b",
      "Page": 1
    },
    {
      "BlockType": "WORD",
      "Confidence": 94.27864837646484,
      "Text": "Flynn-Wall-Ozawa",
      "TextType": "PRINTED",
      "Geometry": {
        "BoundingBox": {
          "Width": 0.08657015115022659,
          "Height": 0.02632412500679493,
          "Left": 0.1604444831609726,
          "Top": 0.5558968186378479
        },
        "Polygon": [
          {
            "X": 0.16104620695114136,
            "Y": 0.5558968186378479
          },
          {
            "X": 0.2470146268606186,
            "Y": 0.5560498237609863
          },
          {
            "X": 0.24644087255001068,
            "Y": 0.5822209119796753
          },
          {
            "X": 0.1604444831609726,
            "Y": 0.5820702910423279
          }
        ]
      },
      "Id": "4ca3fe97-6baf-4981-bd55-46efec0e6c17",
      "Page": 1
    },
    {
      "BlockType": "WORD",
      "Confidence": 70.71708679199219,
      "Text": "eq",
      "TextType": "PRINTED",
      "Geometry": {
        "BoundingBox": {
          "Width": 0.01305823028087616,
          "Height": 0.028761660680174828,
          "Left": 0.2471170574426651,
          "Top": 0.5533890128135681
        },
        "Polygon": [
          {
            "X": 0.24774688482284546,
            "Y": 0.5533890128135681
          },
          {
            "X": 0.26017528772354126,
            "Y": 0.5534111857414246
          },
          {
            "X": 0.2595498859882355,
            "Y": 0.5821506381034851
          },
          {
            "X": 0.2471170574426651,
            "Y": 0.5821288824081421
          }
        ]
      },
      "Id": "b5637539-6a1c-48b5-b8a1-2ab02c20b177",
      "Page": 1
    },
    {
      "BlockType": "WORD",
      "Confidence": 86.72233581542969,
      "Text": "a",
      "TextType": "PRINTED",
      "Geometry": {
        "BoundingBox": {
          "Width": 0.003928548190742731,
          "Height": 0.012316710315644741,
          "Left": 0.43595805764198303,
          "Top": 0.5552094578742981
        },
        "Polygon": [
          {
            "X": 0.4361990690231323,
            "Y": 0.5552094578742981
          },
          {
            "X": 0.4398866295814514,
            "Y": 0.5552160143852234
          },
          {
            "X": 0.4396461844444275,
            "Y": 0.5675261616706848
          },
          {
            "X": 0.43595805764198303,
            "Y": 0.5675196051597595
          }
        ]
      },
      "Id": "7d783e1a-23df-4003-9560-c6af7480cd87",
      "Page": 1
    },
    {
      "BlockType": "WORD",
      "Confidence": 87.81214904785156,
      "Text": "57.4",
      "TextType": "PRINTED",
      "Geometry": {
        "BoundingBox": {
          "Width": 0.018080106005072594,
          "Height": 0.020834341645240784,
          "Left": 0.6108601093292236,
          "Top": 0.5567149519920349
        },
        "Polygon": [
          {
            "X": 0.6112222075462341,
            "Y": 0.5567149519920349
          },
          {
            "X": 0.628940224647522,
            "Y": 0.5567464828491211
          },
          {
            "X": 0.6285827159881592,
            "Y": 0.5775492787361145
          },
          {
            "X": 0.6108601093292236,
            "Y": 0.5775181651115417
          }
        ]
      },
      "Id": "fee63486-4482-41e4-b473-3e97077c1019",
      "Page": 1
    },
    {
      "BlockType": "WORD",
      "Confidence": 64.37460327148438,
      "Text": "55.3",
      "TextType": "PRINTED",
      "Geometry": {
        "BoundingBox": {
          "Width": 0.01765921525657177,
          "Height": 0.020328134298324585,
          "Left": 0.7919352650642395,
          "Top": 0.5567871332168579
        },
        "Polygon": [
          {
            "X": 0.7922430038452148,
            "Y": 0.5567871332168579
          },
          {
            "X": 0.809594452381134,
            "Y": 0.5568180084228516
          },
          {
            "X": 0.8092911243438721,
            "Y": 0.5771152377128601
          },
          {
            "X": 0.7919352650642395,
            "Y": 0.5770847201347351
          }
        ]
      },
      "Id": "1da110bc-4ebb-4e79-855d-434cb62280c2",
      "Page": 1
    },
    {
      "BlockType": "TABLE",
      "Confidence": 99.658203125,
      "Geometry": {
        "BoundingBox": {
          "Width": 0.7096744775772095,
          "Height": 0.1896548867225647,
          "Left": 0.1449010819196701,
          "Top": 0.40253713726997375
        },
        "Polygon": [
          {
            "X": 0.14926868677139282,
            "Y": 0.40253713726997375
          },
          {
            "X": 0.8545755743980408,
            "Y": 0.4039112329483032
          },
          {
            "X": 0.8518615961074829,
            "Y": 0.5921919941902161
          },
          {
            "X": 0.1449010819196701,
            "Y": 0.5909604430198669
          }
        ]
      },
      "Id": "08e7bc76-c3e1-4870-8f65-bd1d8a25a302",
      "Relationships": [
        {
          "Type": "CHILD",
          "Ids": [
            "946e4404-85f5-4c98-983e-227a5f97cf46",
            "5dc93bfb-1cc2-4fd7-a536-e535e98f9d2b",
            "51bc0844-f5dd-4973-81ae-8f4ae5bc9575",
            "2eb8b179-c63d-4fce-b831-51f905ce6422",
            "487bffe5-9b86-40c8-b073-95ace1902cff",
            "2e9d05ce-6d3d-4555-9c58-8a62f9b4f458",
            "16f68edc-a949-4bce-96c4-688d0f594c0a",
            "8a12cbcf-b862-4052-8a4f-4d72b8c01646",
            "6dd9146f-03c2-4210-bd3e-28e0a3ed9d5c",
            "d139cd08-2db0-4947-bb5b-cf2313bb65ad",
            "da84ece3-e79a-4547-9d61-2b6d4aa69aa6",
            "83390acc-9951-4d30-8867-3e9ee01d07d9",
            "8c0ccf53-d694-43f4-8fb3-c335576da699",
            "57b51a31-aa4e-460e-93cb-6248f30d1006",
            "3074b1ef-8652-4e6d-a082-47b2df4fc2aa",
            "4b1a022d-f430-4a5b-8663-936798865acc",
            "ba7e97f5-fa83-434d-a6d7-a8b6382a8985",
            "81388631-7aa2-4d6c-836e-0b8f13835bc0",
            "086dac8e-8341-4fa0-af21-4a2382df24d8",
            "f1932910-6863-45b9-ac60-11e1ac349242"
          ]
        },
        {
          "Type": "MERGED_CELL",
          "Ids": [
            "4ef31865-7c5b-4bb7-8e14-4c16d06d4dd1"
          ]
        }
      ],
      "EntityTypes": [
        "STRUCTURED_TABLE"
      ],
      "Page": 1
    },
    {
      "BlockType": "CELL",
      "Confidence": 34.2041015625,
      "RowIndex": 1,
      "ColumnIndex": 1,
      "RowSpan": 1,
      "ColumnSpan": 1,
      "Geometry": {
        "BoundingBox": {
          "Width": 0.18624916672706604,
          "Height": 0.043379105627536774,
          "Left": 0.14840960502624512,
          "Top": 0.4031313955783844
        },
        "Polygon": [
          {
            "X": 0.14940688014030457,
            "Y": 0.4031313955783844
          },
          {
            "X": 0.33465877175331116,
            "Y": 0.4034922122955322
          },
          {
            "X": 0.33376073837280273,
            "Y": 0.44651052355766296
          },
          {
            "X": 0.14840960502624512,
            "Y": 0.4461582601070404
          }
        ]
      },
      "Id": "946e4404-85f5-4c98-983e-227a5f97cf46",
      "Page": 1
    },
    {
      "BlockType": "CELL",
      "Confidence": 34.2041015625,
      "RowIndex": 1,
      "ColumnIndex": 2,
      "RowSpan": 1,
      "ColumnSpan": 1,
      "Geometry": {
        "BoundingBox": {
          "Width": 0.18607483804225922,
          "Height": 0.043370429426431656,
          "Left": 0.33376073837280273,
          "Top": 0.4034922122955322
        },
        "Polygon": [
          {
            "X": 0.33465877175331116,
            "Y": 0.4034922122955322
          },
          {
            "X": 0.5198355913162231,
            "Y": 0.4038528501987457
          },
          {
            "X": 0.5190367102622986,
            "Y": 0.4468626379966736
          },
          {
            "X": 0.33376073837280273,
            "Y": 0.44651052355766296
          }
        ]
      },
      "Id": "5dc93bfb-1cc2-4fd7-a536-e535e98f9d2b",
      "Page": 1
    },
    {
      "BlockType": "CELL",
      "Confidence": 34.2041015625,
      "RowIndex": 1,
      "ColumnIndex": 3,
      "RowSpan": 1,
      "ColumnSpan": 1,
      "Geometry": {
        "BoundingBox": {
          "Width": 0.19852952659130096,
          "Height": 0.04338577017188072,
          "Left": 0.5190367102622986,
          "Top": 0.4038528501987457
        },
        "Polygon": [
          {
            "X": 0.5198355913162231,
            "Y": 0.4038528501987457
          },
          {
            "X": 0.7175662517547607,
            "Y": 0.40423792600631714
          },
          {
            "X": 0.7168731689453125,
            "Y": 0.44723862409591675
          },
          {
            "X": 0.5190367102622986,
            "Y": 0.4468626379966736
          }
        ]
      },
      "Id": "51bc0844-f5dd-4973-81ae-8f4ae5bc9575",
      "Relationships": [
        {
          "Type": "CHILD",
          "Ids": [
            "f8c85d98-ea43-4193-95f0-5c4301c1e123"
          ]
        }
      ],
      "Page": 1
    },
    {
      "BlockType": "CELL",
      "Confidence": 64.35546875,
      "RowIndex": 1,
      "ColumnIndex": 4,
      "RowSpan": 1,
      "ColumnSpan": 1,
      "Geometry": {
        "BoundingBox": {
          "Width": 0.13770240545272827,
          "Height": 0.043854791671037674,
          "Left": 0.7168731689453125,
          "Top": 0.403644323348999
        },
        "Polygon": [
          {
            "X": 0.7175757884979248,
            "Y": 0.403644323348999
          },
          {
            "X": 0.8545755743980408,
            "Y": 0.4039112329483032
          },
          {
            "X": 0.8539472818374634,
            "Y": 0.4474991261959076
          },
          {
            "X": 0.7168731689453125,
            "Y": 0.44723862409591675
          }
        ]
      },
      "Id": "2eb8b179-c63d-4fce-b831-51f905ce6422",
      "Relationships": [
        {
          "Type": "CHILD",
          "Ids": [
            "adc2ddd3-bfe1-41c1-a077-b914c51a9b05"
          ]
        }
      ],
      "EntityTypes": [
        "COLUMN_HEADER"
      ],
      "Page": 1
    },
    {
      "BlockType": "CELL",
      "Confidence": 74.0234375,
      "RowIndex": 2,
      "ColumnIndex": 1,
      "RowSpan": 1,
      "ColumnSpan": 1,
      "Geometry": {
        "BoundingBox": {
          "Width": 0.1864703744649887,
          "Height": 0.042070422321558,
          "Left": 0.14729036390781403,
          "Top": 0.44615796208381653
        },
        "Polygon": [
          {
            "X": 0.1482575684785843,
            "Y": 0.44615796208381653
          },
          {
            "X": 0.33376073837280273,
            "Y": 0.44651052355766296
          },
          {
            "X": 0.3328898549079895,
            "Y": 0.48822838068008423
          },
          {
            "X": 0.14729036390781403,
            "Y": 0.48788413405418396
          }
        ]
      },
      "Id": "487bffe5-9b86-40c8-b073-95ace1902cff",
      "Relationships": [
        {
          "Type": "CHILD",
          "Ids": [
            "52c35f44-0a5b-418d-8ffc-eaeba27d7eef",
            "7bb97712-d406-436a-bdf5-f67163150799",
            "73a4d94a-0885-4631-9dd3-560bf0179452",
            "f829f573-6b6a-4307-ab1a-87045ab04dd6",
            "d34b63b5-4d3a-4d30-b918-65f05d8ac3cd"
          ]
        }
      ],
      "Page": 1
    },
    {
      "BlockType": "CELL",
      "Confidence": 75.9765625,
      "RowIndex": 2,
      "ColumnIndex": 2,
      "RowSpan": 1,
      "ColumnSpan": 1,
      "Geometry": {
        "BoundingBox": {
          "Width": 0.18614685535430908,
          "Height": 0.042061708867549896,
          "Left": 0.3328898549079895,
          "Top": 0.44651052355766296
        },
        "Polygon": [
          {
            "X": 0.33376073837280273,
            "Y": 0.44651052355766296
          },
          {
            "X": 0.5190367102622986,
            "Y": 0.4468626379966736
          },
          {
            "X": 0.5182619690895081,
            "Y": 0.48857221007347107
          },
          {
            "X": 0.3328898549079895,
            "Y": 0.48822838068008423
          }
        ]
      },
      "Id": "2e9d05ce-6d3d-4555-9c58-8a62f9b4f458",
      "Relationships": [
        {
          "Type": "CHILD",
          "Ids": [
            "e8c4267a-3b37-4c1c-8f11-c51fdd3cc76d",
            "2115caae-e826-4f53-bc7a-287c2fbd42ef"
          ]
        }
      ],
      "Page": 1
    },
    {
      "BlockType": "CELL",
      "Confidence": 78.90625,
      "RowIndex": 2,
      "ColumnIndex": 3,
      "RowSpan": 1,
      "ColumnSpan": 1,
      "Geometry": {
        "BoundingBox": {
          "Width": 0.19861121475696564,
          "Height": 0.04207674041390419,
          "Left": 0.5182619690895081,
          "Top": 0.4468626379966736
        },
        "Polygon": [
          {
            "X": 0.5190367102622986,
            "Y": 0.4468626379966736
          },
          {
            "X": 0.7168731689453125,
            "Y": 0.44723862409591675
          },
          {
            "X": 0.7162010669708252,
            "Y": 0.4889393746852875
          },
          {
            "X": 0.5182619690895081,
            "Y": 0.48857221007347107
          }
        ]
      },
      "Id": "16f68edc-a949-4bce-96c4-688d0f594c0a",
      "Relationships": [
        {
          "Type": "CHILD",
          "Ids": [
            "bf51a6a7-cbb5-4578-b587-538894d0872f"
          ]
        }
      ],
      "Page": 1
    },
    {
      "BlockType": "CELL",
      "Confidence": 80.17578125,
      "RowIndex": 2,
      "ColumnIndex": 4,
      "RowSpan": 1,
      "ColumnSpan": 1,
      "Geometry": {
        "BoundingBox": {
          "Width": 0.137746199965477,
          "Height": 0.0419551320374012,
          "Left": 0.7162010669708252,
          "Top": 0.44723862409591675
        },
        "Polygon": [
          {
            "X": 0.7168731689453125,
            "Y": 0.44723862409591675
          },
          {
            "X": 0.8539472818374634,
            "Y": 0.4474991261959076
          },
          {
            "X": 0.8533462882041931,
            "Y": 0.48919373750686646
          },
          {
            "X": 0.7162010669708252,
            "Y": 0.4889393746852875
          }
        ]
      },
      "Id": "8a12cbcf-b862-4052-8a4f-4d72b8c01646",
      "Relationships": [
        {
          "Type": "CHILD",
          "Ids": [
            "59d2604e-0640-4607-ad5c-3ba81b56d382"
          ]
        }
      ],
      "Page": 1
    },
    {
      "BlockType": "CELL",
      "Confidence": 69.384765625,
      "RowIndex": 3,
      "ColumnIndex": 1,
      "RowSpan": 1,
      "ColumnSpan": 1,
      "Geometry": {
        "BoundingBox": {
          "Width": 0.18631774187088013,
          "Height": 0.031324174255132675,
          "Left": 0.14657211303710938,
          "Top": 0.48788413405418396
        },
        "Polygon": [
          {
            "X": 0.14729036390781403,
            "Y": 0.48788413405418396
          },
          {
            "X": 0.3328898549079895,
            "Y": 0.48822838068008423
          },
          {
            "X": 0.3322431147098541,
            "Y": 0.5192083120346069
          },
          {
            "X": 0.14657211303710938,
            "Y": 0.5188702344894409
          }
        ]
      },
      "Id": "6dd9146f-03c2-4210-bd3e-28e0a3ed9d5c",
      "Page": 1
    },
    {
      "BlockType": "CELL",
      "Confidence": 71.240234375,
      "RowIndex": 3,
      "ColumnIndex": 2,
      "RowSpan": 1,
      "ColumnSpan": 1,
      "Geometry": {
        "BoundingBox": {
          "Width": 0.18601885437965393,
          "Height": 0.03131759911775589,
          "Left": 0.3322431147098541,
          "Top": 0.48822838068008423
        },
        "Polygon": [
          {
            "X": 0.3328898549079895,
            "Y": 0.48822838068008423
          },
          {
            "X": 0.5182619690895081,
            "Y": 0.48857221007347107
          },
          {
            "X": 0.517686665058136,
            "Y": 0.5195459723472595
          },
          {
            "X": 0.3322431147098541,
            "Y": 0.5192083120346069
          }
        ]
      },
      "Id": "d139cd08-2db0-4947-bb5b-cf2313bb65ad",
      "Relationships": [
        {
          "Type": "CHILD",
          "Ids": [
            "cf0a72ce-6767-477e-8578-0648a3029339",
            "14778234-9a0b-42a9-809e-219c728fcad5"
          ]
        }
      ],
      "Page": 1
    },
    {
      "BlockType": "CELL",
      "Confidence": 73.92578125,
      "RowIndex": 3,
      "ColumnIndex": 3,
      "RowSpan": 1,
      "ColumnSpan": 1,
      "Geometry": {
        "BoundingBox": {
          "Width": 0.1985144317150116,
          "Height": 0.03133433684706688,
          "Left": 0.517686665058136,
          "Top": 0.48857221007347107
        },
        "Polygon": [
          {
            "X": 0.5182619690895081,
            "Y": 0.48857221007347107
          },
          {
            "X": 0.7162010669708252,
            "Y": 0.4889393746852875
          },
          {
            "X": 0.7157019972801208,
            "Y": 0.5199065804481506
          },
          {
            "X": 0.517686665058136,
            "Y": 0.5195459723472595
          }
        ]
      },
      "Id": "da84ece3-e79a-4547-9d61-2b6d4aa69aa6",
      "Relationships": [
        {
          "Type": "CHILD",
          "Ids": [
            "07dd14c6-506a-4a8d-accc-3d1b430fd1aa"
          ]
        }
      ],
      "Page": 1
    },
    {
      "BlockType": "CELL",
      "Confidence": 75.146484375,
      "RowIndex": 3,
      "ColumnIndex": 4,
      "RowSpan": 1,
      "ColumnSpan": 1,
      "Geometry": {
        "BoundingBox": {
          "Width": 0.13764429092407227,
          "Height": 0.031217020004987717,
          "Left": 0.7157019972801208,
          "Top": 0.4889393746852875
        },
        "Polygon": [
          {
            "X": 0.7162010669708252,
            "Y": 0.4889393746852875
          },
          {
            "X": 0.8533462882041931,
            "Y": 0.48919373750686646
          },
          {
            "X": 0.852899968624115,
            "Y": 0.5201563835144043
          },
          {
            "X": 0.7157019972801208,
            "Y": 0.5199065804481506
          }
        ]
      },
      "Id": "83390acc-9951-4d30-8867-3e9ee01d07d9",
      "Relationships": [
        {
          "Type": "CHILD",
          "Ids": [
            "174c4d76-ff4f-426c-9aa6-37539acdcc21"
          ]
        }
      ],
      "Page": 1
    },
    {
      "BlockType": "CELL",
      "Confidence": 70.1171875,
      "RowIndex": 4,
      "ColumnIndex": 1,
      "RowSpan": 1,
      "ColumnSpan": 1,
      "Geometry": {
        "BoundingBox": {
          "Width": 0.18638981878757477,
          "Height": 0.03134185075759888,
          "Left": 0.14585331082344055,
          "Top": 0.5188702344894409
        },
        "Polygon": [
          {
            "X": 0.14657211303710938,
            "Y": 0.5188702344894409
          },
          {
            "X": 0.3322431147098541,
            "Y": 0.5192083120346069
          },
          {
            "X": 0.33159589767456055,
            "Y": 0.5502120852470398
          },
          {
            "X": 0.14585331082344055,
            "Y": 0.5498801469802856
          }
        ]
      },
      "Id": "8c0ccf53-d694-43f4-8fb3-c335576da699",
      "Page": 1
    },
    {
      "BlockType": "CELL",
      "Confidence": 72.021484375,
      "RowIndex": 4,
      "ColumnIndex": 2,
      "RowSpan": 1,
      "ColumnSpan": 1,
      "Geometry": {
        "BoundingBox": {
          "Width": 0.18609075248241425,
          "Height": 0.03133527189493179,
          "Left": 0.33159589767456055,
          "Top": 0.5192083120346069
        },
        "Polygon": [
          {
            "X": 0.3322431147098541,
            "Y": 0.5192083120346069
          },
          {
            "X": 0.517686665058136,
            "Y": 0.5195459723472595
          },
          {
            "X": 0.5171108841896057,
            "Y": 0.5505436062812805
          },
          {
            "X": 0.33159589767456055,
            "Y": 0.5502120852470398
          }
        ]
      },
      "Id": "57b51a31-aa4e-460e-93cb-6248f30d1006",
      "Relationships": [
        {
          "Type": "CHILD",
          "Ids": [
            "f994584d-f394-45c6-bf08-93ca36aa78d1"
          ]
        }
      ],
      "Page": 1
    },
    {
      "BlockType": "CELL",
      "Confidence": 74.755859375,
      "RowIndex": 4,
      "ColumnIndex": 3,
      "RowSpan": 1,
      "ColumnSpan": 1,
      "Geometry": {
        "BoundingBox": {
          "Width": 0.19859109818935394,
          "Height": 0.03135158121585846,
          "Left": 0.5171108841896057,
          "Top": 0.5195459723472595
        },
        "Polygon": [
          {
            "X": 0.517686665058136,
            "Y": 0.5195459723472595
          },
          {
            "X": 0.7157019972801208,
            "Y": 0.5199065804481506
          },
          {
            "X": 0.7152025103569031,
            "Y": 0.5508975982666016
          },
          {
            "X": 0.5171108841896057,
            "Y": 0.5505436062812805
          }
        ]
      },
      "Id": "3074b1ef-8652-4e6d-a082-47b2df4fc2aa",
      "Relationships": [
        {
          "Type": "CHILD",
          "Ids": [
            "21208770-99e1-4bee-9508-80f532f04911"
          ]
        }
      ],
      "Page": 1
    },
    {
      "BlockType": "CELL",
      "Confidence": 75.9765625,
      "RowIndex": 4,
      "ColumnIndex": 4,
      "RowSpan": 1,
      "ColumnSpan": 1,
      "Geometry": {
        "BoundingBox": {
          "Width": 0.13769745826721191,
          "Height": 0.031236276030540466,
          "Left": 0.7152025103569031,
          "Top": 0.5199065804481506
        },
        "Polygon": [
          {
            "X": 0.7157019972801208,
            "Y": 0.5199065804481506
          },
          {
            "X": 0.852899968624115,
            "Y": 0.5201563835144043
          },
          {
            "X": 0.8524532914161682,
            "Y": 0.5511428117752075
          },
          {
            "X": 0.7152025103569031,
            "Y": 0.5508975982666016
          }
        ]
      },
      "Id": "4b1a022d-f430-4a5b-8663-936798865acc",
      "Relationships": [
        {
          "Type": "CHILD",
          "Ids": [
            "62bf6c64-faa0-4254-917d-ba38ee1f160b"
          ]
        }
      ],
      "Page": 1
    },
    {
      "BlockType": "CELL",
      "Confidence": 81.689453125,
      "RowIndex": 5,
      "ColumnIndex": 1,
      "RowSpan": 1,
      "ColumnSpan": 1,
      "Geometry": {
        "BoundingBox": {
          "Width": 0.18669483065605164,
          "Height": 0.041404057294130325,
          "Left": 0.1449010819196701,
          "Top": 0.5498801469802856
        },
        "Polygon": [
          {
            "X": 0.14585331082344055,
            "Y": 0.5498801469802856
          },
          {
            "X": 0.33159589767456055,
            "Y": 0.5502120852470398
          },
          {
            "X": 0.33073848485946655,
            "Y": 0.5912842154502869
          },
          {
            "X": 0.1449010819196701,
            "Y": 0.5909604430198669
          }
        ]
      },
      "Id": "ba7e97f5-fa83-434d-a6d7-a8b6382a8985",
      "Relationships": [
        {
          "Type": "CHILD",
          "Ids": [
            "4ca3fe97-6baf-4981-bd55-46efec0e6c17",
            "b5637539-6a1c-48b5-b8a1-2ab02c20b177"
          ]
        }
      ],
      "Page": 1
    },
    {
      "BlockType": "CELL",
      "Confidence": 83.88671875,
      "RowIndex": 5,
      "ColumnIndex": 2,
      "RowSpan": 1,
      "ColumnSpan": 1,
      "Geometry": {
        "BoundingBox": {
          "Width": 0.18637239933013916,
          "Height": 0.04139547795057297,
          "Left": 0.33073848485946655,
          "Top": 0.5502120852470398
        },
        "Polygon": [
          {
            "X": 0.33159589767456055,
            "Y": 0.5502120852470398
          },
          {
            "X": 0.5171108841896057,
            "Y": 0.5505436062812805
          },
          {
            "X": 0.5163481831550598,
            "Y": 0.5916075706481934
          },
          {
            "X": 0.33073848485946655,
            "Y": 0.5912842154502869
          }
        ]
      },
      "Id": "81388631-7aa2-4d6c-836e-0b8f13835bc0",
      "Relationships": [
        {
          "Type": "CHILD",
          "Ids": [
            "7d783e1a-23df-4003-9560-c6af7480cd87"
          ]
        }
      ],
      "Page": 1
    },
    {
      "BlockType": "CELL",
      "Confidence": 87.060546875,
      "RowIndex": 5,
      "ColumnIndex": 3,
      "RowSpan": 1,
      "ColumnSpan": 1,
      "Geometry": {
        "BoundingBox": {
          "Width": 0.19885434210300446,
          "Height": 0.04140922427177429,
          "Left": 0.5163481831550598,
          "Top": 0.5505436062812805
        },
        "Polygon": [
          {
            "X": 0.5171108841896057,
            "Y": 0.5505436062812805
          },
          {
            "X": 0.7152025103569031,
            "Y": 0.5508975982666016
          },
          {
            "X": 0.7145408391952515,
            "Y": 0.5919528007507324
          },
          {
            "X": 0.5163481831550598,
            "Y": 0.5916075706481934
          }
        ]
      },
      "Id": "086dac8e-8341-4fa0-af21-4a2382df24d8",
      "Relationships": [
        {
          "Type": "CHILD",
          "Ids": [
            "fee63486-4482-41e4-b473-3e97077c1019"
          ]
        }
      ],
      "Page": 1
    },
    {
      "BlockType": "CELL",
      "Confidence": 88.4765625,
      "RowIndex": 5,
      "ColumnIndex": 4,
      "RowSpan": 1,
      "ColumnSpan": 1,
      "Geometry": {
        "BoundingBox": {
          "Width": 0.13791249692440033,
          "Height": 0.04129445180296898,
          "Left": 0.7145408391952515,
          "Top": 0.5508975982666016
        },
        "Polygon": [
          {
            "X": 0.7152025103569031,
            "Y": 0.5508975982666016
          },
          {
            "X": 0.8524532914161682,
            "Y": 0.5511428117752075
          },
          {
            "X": 0.8518615961074829,
            "Y": 0.5921919941902161
          },
          {
            "X": 0.7145408391952515,
            "Y": 0.5919528007507324
          }
        ]
      },
      "Id": "f1932910-6863-45b9-ac60-11e1ac349242",
      "Relationships": [
        {
          "Type": "CHILD",
          "Ids": [
            "1da110bc-4ebb-4e79-855d-434cb62280c2"
          ]
        }
      ],
      "Page": 1
    },
    {
      "BlockType": "MERGED_CELL",
      "Confidence": 34.2041015625,
      "RowIndex": 1,
      "ColumnIndex": 1,
      "RowSpan": 1,
      "ColumnSpan": 3,
      "Geometry": {
        "BoundingBox": {
          "Width": 0.5693182349205017,
          "Height": 0.0447014719247818,
          "Left": 0.1482575684785843,
          "Top": 0.40253713726997375
        },
        "Polygon": [
          {
            "X": 0.14926868677139282,
            "Y": 0.40253713726997375
          },
          {
            "X": 0.7175757884979248,
            "Y": 0.403644323348999
          },
          {
            "X": 0.7168731689453125,
            "Y": 0.44723862409591675
          },
          {
            "X": 0.1482575684785843,
            "Y": 0.44615796208381653
          }
        ]
      },
      "Id": "4ef31865-7c5b-4bb7-8e14-4c16d06d4dd1",
      "Relationships": [
        {
          "Type": "CHILD",
          "Ids": [
            "946e4404-85f5-4c98-983e-227a5f97cf46",
            "5dc93bfb-1cc2-4fd7-a536-e535e98f9d2b",
            "51bc0844-f5dd-4973-81ae-8f4ae5bc9575"
          ]
        }
      ],
      "Page": 1
    }
  ],
  "AnalyzeDocumentModelVersion": "1.0"
}