{
  "DocumentMetadata": {
    "Pages": 1
  },
  "JobStatus": "SUCCEEDED",
  "Blocks": [
    {
      "BlockType": "PAGE",
      "Geometry": {
        "BoundingBox": {
          "Width": 0.5500102639198303,
          "Height": 0.25664785504341125,
          "Left": 0.22614224255084991,
          "Top": 0.36743319034576416
        },
        "Polygon": [
          {
            "X": 0.22614224255084991,
            "Y": 0.3680391013622284
          },
          {
            "X": 0.7742412090301514,
            "Y": 0.36743319034576416
          },
          {
            "X": 0.7761525511741638,
            "Y": 0.624081015586853
          },
          {
            "X": 0.22711804509162903,
            "Y": 0.6236871480941772
          }
        ]
      },
      "Id": "beddf161-4d04-48cd-8d33-627287f5162c",
      "Relationships": [
        {
          "Type": "CHILD",
          "Ids": [
            "22d139bb-7a91-406e-b513-380c3fe795bc",
            "9f5f3e4d-2231-40a5-aed0-09170ba3c97f",
            "01db54ef-a2b8-41d2-99b6-ae1a5eb03a8d",
            "67e7825e-d436-48ce-b163-e6753ad3bbe8",
            "994ce889-8d23-4fe3-a5bf-34ef01806e0d",
            "8632d6e4-7e39-4bea-a6cd-95b890959251",
            "061b57b3-5334-4ede-9e8b-55429abcc701",
            "9dbf9dc0-6d5d-4255-8ab8-d7cfc5323387",
            "483d7ed9-6e90-45fa-a3ab-74179c9087ba",
            "8e311cda-18a9-44ac-bddb-c49a5797bb77",
            "a1bfa6a6-92d6-4fca-bccb-2f78a9f5d0c8",
            "8915fd17-3e39-407e-a1c5-66597712e5f9",
            "9ae4af5e-f9a6-4f09-9982-f917d527c91e",
            "a3e04d8d-92e1-4313-b504-1e1b5eaf83b0",
            "12a53fb6-8ef9-4e10-8df0-670ff4435189",
            "244f5689-40f8-4e1b-8250-c1aee210ed75",
            "3fb5a5c3-b358-41fc-bffd-635bd9fcc72a",
            "2b615b75-a4a7-48e2-82c6-896251cdd0dd"
          ]
        }
      ],
      "Page": 1
    },
    {
      "BlockType": "LINE",
      "Confidence": 99.9362564086914,
      "Text": "Sample",
      "Geometry": {
        "BoundingBox": {
          "Width": 0.043697986751794815,
          "Height": 0.022924458608031273,
          "Left": 0.2561192214488983,
          "Top": 0.4098479747772217
        },
        "Polygon": [
          {
            "X": 0.2561192214488983,
            "Y": 0.40988317131996155
          },
          {
            "X": 0.2997186779975891,
            "Y": 0.4098479747772217
          },
          {
            "X": 0.29981720447540283,
            "Y": 0.4327443838119507
          },
          {
            "X": 0.2562111020088196,
            "Y": 0.4327724277973175
          }
        ]
      },
      "Id": "22d139bb-7a91-406e-b513-380c3fe795bc",
      "Relationships": [
        {
          "Type": "CHILD",
          "Ids": [
            "f72ee5c7-5043-4594-bf9d-107ad0c0f013"
          ]
        }
      ],
      "Page": 1
    },
    {
      "BlockType": "LINE",
      "Confidence": 99.90769958496094,
      "Text": "Tensile strength",
      "Geometry": {
        "BoundingBox": {
          "Width": 0.09526894986629486,
          "Height": 0.023194480687379837,
          "Left": 0.3409101366996765,
          "Top": 0.40965011715888977
        },
        "Polygon": [
          {
            "X": 0.3409101366996765,
            "Y": 0.40972697734832764
          },
          {
            "X": 0.4360586404800415,
            "Y": 0.40965011715888977
          },
          {
            "X": 0.4361790716648102,
            "Y": 0.43278342485427856
          },
          {
            "X": 0.34101590514183044,
            "Y": 0.4328446090221405
          }
        ]
      },
      "Id": "9f5f3e4d-2231-40a5-aed0-09170ba3c97f",
      "Relationships": [
        {
          "Type": "CHILD",
          "Ids": [
            "7cfbc100-1e43-43e2-84d6-ea6d5f07ee33",
            "a56ea991-3dbf-4ffb-94d6-0fd7a1b8fa62"
          ]
        }
      ],
      "Page": 1
    },
    {
      "BlockType": "LINE",
      "Confidence": 99.89665985107422,
      "Text": "Tensile modulus",
      "Geometry": {
        "BoundingBox": {
          "Width": 0.0983450785279274,
          "Height": 0.019688796252012253,
          "Left": 0.4856036603450775,
          "Top": 0.40857866406440735
        },
        "Polygon": [
          {
            "X": 0.4856036603450775,
            "Y": 0.4086586534976959
          },
          {
            "X": 0.5838273763656616,
            "Y": 0.40857866406440735
          },
          {
            "X": 0.5839487314224243,
            "Y": 0.42820116877555847
          },
          {
            "X": 0.4857121706008911,
            "Y": 0.4282674491405487
          }
        ]
      },
      "Id": "01db54ef-a2b8-41d2-99b6-ae1a5eb03a8d",
      "Relationships": [
        {
          "Type": "CHILD",
          "Ids": [
            "597b113f-6994-4aa3-8f33-26c4b398d472",
            "debd20b3-dd43-435d-8666-cea3dc67773d"
          ]
        }
      ],
      "Page": 1
    },
    {
      "BlockType": "LINE",
      "Confidence": 99.92977142333984,
      "Text": "Elongation at break",
      "Geometry": {
        "BoundingBox": {
          "Width": 0.11782095581293106,
          "Height": 0.023352671414613724,
          "Left": 0.631537914276123,
          "Top": 0.4092057943344116
        },
        "Polygon": [
          {
            "X": 0.631537914276123,
            "Y": 0.40930095314979553
          },
          {
            "X": 0.7491894364356995,
            "Y": 0.4092057943344116
          },
          {
            "X": 0.7493588924407959,
            "Y": 0.4324827194213867
          },
          {
            "X": 0.6316891312599182,
            "Y": 0.43255844712257385
          }
        ]
      },
      "Id": "67e7825e-d436-48ce-b163-e6753ad3bbe8",
      "Relationships": [
        {
          "Type": "CHILD",
          "Ids": [
            "b515bd8e-df17-4562-914a-1845eda7d859",
            "c51b0876-997e-4342-8674-58c06df86f92",
            "cae165e0-b711-4521-904e-d4bf10a23969"
          ]
        }
      ],
      "Page": 1
    },
    {
      "BlockType": "LINE",
      "Confidence": 99.81109619140625,
      "Text": "(MPa)",
      "Geometry": {
        "BoundingBox": {
          "Width": 0.03589707985520363,
          "Height": 0.021543867886066437,
          "Left": 0.3415120244026184,
          "Top": 0.4409759044647217
        },
        "Polygon": [
          {
            "X": 0.3415120244026184,
            "Y": 0.44099682569503784
          },
          {
            "X": 0.37730541825294495,
            "Y": 0.4409759044647217
          },
          {
            "X": 0.37740910053253174,
            "Y": 0.4625043272972107
          },
          {
            "X": 0.3416105806827545,
            "Y": 0.4625197649002075
          }
        ]
      },
      "Id": "994ce889-8d23-4fe3-a5bf-34ef01806e0d",
      "Relationships": [
        {
          "Type": "CHILD",
          "Ids": [
            "650aacae-404c-4e49-ad65-7c31ef969200"
          ]
        }
      ],
      "Page": 1
    },
    {
      "BlockType": "LINE",
      "Confidence": 99.55485534667969,
      "Text": "(GPa)",
      "Geometry": {
        "BoundingBox": {
          "Width": 0.03400860354304314,
          "Height": 0.021722834557294846,
          "Left": 0.4863671064376831,
          "Top": 0.4411099851131439
        },
        "Polygon": [
          {
            "X": 0.4863671064376831,
            "Y": 0.44112974405288696
          },
          {
            "X": 0.5202506184577942,
            "Y": 0.4411099851131439
          },
          {
            "X": 0.5203757286071777,
            "Y": 0.46281829476356506
          },
          {
            "X": 0.4864872992038727,
            "Y": 0.46283280849456787
          }
        ]
      },
      "Id": "8632d6e4-7e39-4bea-a6cd-95b890959251",
      "Relationships": [
        {
          "Type": "CHILD",
          "Ids": [
            "efa4fa05-add0-4f35-88a0-4c3fae9a7f4f"
          ]
        }
      ],
      "Page": 1
    },
    {
      "BlockType": "LINE",
      "Confidence": 99.91844177246094,
      "Text": "(%)",
      "Geometry": {
        "BoundingBox": {
          "Width": 0.021051298826932907,
          "Height": 0.02198825776576996,
          "Left": 0.6315606832504272,
          "Top": 0.4410620629787445
        },
        "Polygon": [
          {
            "X": 0.6315606832504272,
            "Y": 0.4410742521286011
          },
          {
            "X": 0.6524661183357239,
            "Y": 0.4410620629787445
          },
          {
            "X": 0.6526119709014893,
            "Y": 0.46304139494895935
          },
          {
            "X": 0.6317034959793091,
            "Y": 0.46305033564567566
          }
        ]
      },
      "Id": "061b57b3-5334-4ede-9e8b-55429abcc701",
      "Relationships": [
        {
          "Type": "CHILD",
          "Ids": [
            "b50cb608-6755-4a4c-9ba6-79bec32bf753"
          ]
        }
      ],
      "Page": 1
    },
    {
      "BlockType": "LINE",
      "Confidence": 99.35453033447266,
      "Text": "CF/EMG-",
      "Geometry": {
        "BoundingBox": {
          "Width": 0.05576106533408165,
          "Height": 0.019033385440707207,
          "Left": 0.2559830844402313,
          "Top": 0.48999467492103577
        },
        "Polygon": [
          {
            "X": 0.2559830844402313,
            "Y": 0.49000778794288635
          },
          {
            "X": 0.3116607964038849,
            "Y": 0.48999467492103577
          },
          {
            "X": 0.31174415349960327,
            "Y": 0.5090224742889404
          },
          {
            "X": 0.2560593783855438,
            "Y": 0.5090280771255493
          }
        ]
      },
      "Id": "9dbf9dc0-6d5d-4255-8ab8-d7cfc5323387",
      "Relationships": [
        {
          "Type": "CHILD",
          "Ids": [
            "369133ab-241f-40de-9713-fb301e8c07a1"
          ]
        }
      ],
      "Page": 1
    },
    {
      "BlockType": "LINE",
      "Confidence": 86.6729965209961,
      "Text": "417 + 26",
      "Geometry": {
        "BoundingBox": {
          "Width": 0.05610062554478645,
          "Height": 0.018260104581713676,
          "Left": 0.34110331535339355,
          "Top": 0.48997026681900024
        },
        "Polygon": [
          {
            "X": 0.34110331535339355,
            "Y": 0.489983469247818
          },
          {
            "X": 0.3971136510372162,
            "Y": 0.48997026681900024
          },
          {
            "X": 0.3972039222717285,
            "Y": 0.5082244277000427
          },
          {
            "X": 0.3411867916584015,
            "Y": 0.5082303881645203
          }
        ]
      },
      "Id": "483d7ed9-6e90-45fa-a3ab-74179c9087ba",
      "Relationships": [
        {
          "Type": "CHILD",
          "Ids": [
            "c74cd056-5fc1-4866-858e-74c9ed1391fc",
            "9c33788e-38e5-476a-8b31-9b2f6a0557ce",
            "c0c06c63-eb5e-43c7-a3a9-984748c6b55a"
          ]
        }
      ],
      "Page": 1
    },
    {
      "BlockType": "LINE",
      "Confidence": 80.53764343261719,
      "Text": "31.3 + 1.8",
      "Geometry": {
        "BoundingBox": {
          "Width": 0.06408516317605972,
          "Height": 0.01802804507315159,
          "Left": 0.4861691892147064,
          "Top": 0.49004289507865906
        },
        "Polygon": [
          {
            "X": 0.4861691892147064,
            "Y": 0.49005791544914246
          },
          {
            "X": 0.5501469969749451,
            "Y": 0.49004289507865906
          },
          {
            "X": 0.5502543449401855,
            "Y": 0.5080640912055969
          },
          {
            "X": 0.48626890778541565,
            "Y": 0.5080709457397461
          }
        ]
      },
      "Id": "8e311cda-18a9-44ac-bddb-c49a5797bb77",
      "Relationships": [
        {
          "Type": "CHILD",
          "Ids": [
            "48ce1eb8-6da0-4fee-85ef-2ea953c33b3f",
            "b7ac3400-5e66-45c3-9021-35c6c2a32a9b",
            "e4390cf7-d7cf-4320-a18b-be81c5d111fe"
          ]
        }
      ],
      "Page": 1
    },
    {
      "BlockType": "LINE",
      "Confidence": 82.29365539550781,
      "Text": "3.6 + 0.3",
      "Geometry": {
        "BoundingBox": {
          "Width": 0.05614568665623665,
          "Height": 0.018029777333140373,
          "Left": 0.6316460371017456,
          "Top": 0.48998168110847473
        },
        "Polygon": [
          {
            "X": 0.6316460371017456,
            "Y": 0.4899948537349701
          },
          {
            "X": 0.6876679062843323,
            "Y": 0.48998168110847473
          },
          {
            "X": 0.6877917051315308,
            "Y": 0.5080054402351379
          },
          {
            "X": 0.6317631006240845,
            "Y": 0.5080114603042603
          }
        ]
      },
      "Id": "a1bfa6a6-92d6-4fca-bccb-2f78a9f5d0c8",
      "Relationships": [
        {
          "Type": "CHILD",
          "Ids": [
            "908b879b-4142-47b7-b367-ca54b0455fc2",
            "d8db7452-8457-474e-8470-24572d004a65",
            "c17a3fbf-9323-4818-adb5-e53d2a674e9a"
          ]
        }
      ],
      "Page": 1
    },
    {
      "BlockType": "LINE",
      "Confidence": 99.83740234375,
      "Text": "1",
      "Geometry": {
        "BoundingBox": {
          "Width": 0.0055930158123373985,
          "Height": 0.01776188798248768,
          "Left": 0.26942259073257446,
          "Top": 0.5198606848716736
        },
        "Polygon": [
          {
            "X": 0.26942259073257446,
            "Y": 0.5198608040809631
          },
          {
            "X": 0.2749421298503876,
            "Y": 0.5198606848716736
          },
          {
            "X": 0.27501559257507324,
            "Y": 0.5376225709915161
          },
          {
            "X": 0.2694953978061676,
            "Y": 0.5376220345497131
          }
        ]
      },
      "Id": "8915fd17-3e39-407e-a1c5-66597712e5f9",
      "Relationships": [
        {
          "Type": "CHILD",
          "Ids": [
            "dc9a4c08-b50e-4b0e-9ad5-b675d8f08530"
          ]
        }
      ],
      "Page": 1
    },
    {
      "BlockType": "LINE",
      "Confidence": 99.39376831054688,
      "Text": "CF/DMG-",
      "Geometry": {
        "BoundingBox": {
          "Width": 0.05688612163066864,
          "Height": 0.0195249505341053,
          "Left": 0.2560769021511078,
          "Top": 0.5509850382804871
        },
        "Polygon": [
          {
            "X": 0.2560769021511078,
            "Y": 0.5509850382804871
          },
          {
            "X": 0.31287744641304016,
            "Y": 0.5509963035583496
          },
          {
            "X": 0.3129630386829376,
            "Y": 0.5705099701881409
          },
          {
            "X": 0.2561551332473755,
            "Y": 0.5704907774925232
          }
        ]
      },
      "Id": "9ae4af5e-f9a6-4f09-9982-f917d527c91e",
      "Relationships": [
        {
          "Type": "CHILD",
          "Ids": [
            "358db61e-d56b-4398-bda8-e433358fd42c"
          ]
        }
      ],
      "Page": 1
    },
    {
      "BlockType": "LINE",
      "Confidence": 86.32627868652344,
      "Text": "423 + 31",
      "Geometry": {
        "BoundingBox": {
          "Width": 0.05522678419947624,
          "Height": 0.018517950549721718,
          "Left": 0.34115856885910034,
          "Top": 0.551149845123291
        },
        "Polygon": [
          {
            "X": 0.34115856885910034,
            "Y": 0.551149845123291
          },
          {
            "X": 0.396293967962265,
            "Y": 0.5511608719825745
          },
          {
            "X": 0.3963853418827057,
            "Y": 0.5696677565574646
          },
          {
            "X": 0.341243177652359,
            "Y": 0.5696494579315186
          }
        ]
      },
      "Id": "a3e04d8d-92e1-4313-b504-1e1b5eaf83b0",
      "Relationships": [
        {
          "Type": "CHILD",
          "Ids": [
            "00819685-ec78-4690-867f-d83dd76c22a7",
            "fea44e47-ce3c-40cc-bfe3-8dcd5e365bf7",
            "4484351e-3b70-468e-a9bc-734b2a721b0d"
          ]
        }
      ],
      "Page": 1
    },
    {
      "BlockType": "LINE",
      "Confidence": 93.12358856201172,
      "Text": "34.7 + 2.1",
      "Geometry": {
        "BoundingBox": {
          "Width": 0.06266646832227707,
          "Height": 0.018022850155830383,
          "Left": 0.48634713888168335,
          "Top": 0.5510236024856567
        },
        "Polygon": [
          {
            "X": 0.48634713888168335,
            "Y": 0.5510236024856567
          },
          {
            "X": 0.5489065051078796,
            "Y": 0.5510360598564148
          },
          {
            "X": 0.549013614654541,
            "Y": 0.5690464377403259
          },
          {
            "X": 0.4864467680454254,
            "Y": 0.569025993347168
          }
        ]
      },
      "Id": "12a53fb6-8ef9-4e10-8df0-670ff4435189",
      "Relationships": [
        {
          "Type": "CHILD",
          "Ids": [
            "1896f42a-19ff-4049-b421-fe45bbf74aab",
            "6638229f-adf1-4843-bf6c-c185e0957c84",
            "e17b14f2-d150-4e93-982f-c9cc60c7c3a9"
          ]
        }
      ],
      "Page": 1
    },
    {
      "BlockType": "LINE",
      "Confidence": 85.95330047607422,
      "Text": "2.9 + 0.1",
      "Geometry": {
        "BoundingBox": {
          "Width": 0.05511529743671417,
          "Height": 0.018013950437307358,
          "Left": 0.6316447854042053,
          "Top": 0.5510154366493225
        },
        "Polygon": [
          {
            "X": 0.6316447854042053,
            "Y": 0.5510154366493225
          },
          {
            "X": 0.6866366267204285,
            "Y": 0.5510263442993164
          },
          {
            "X": 0.6867601275444031,
            "Y": 0.5690293908119202
          },
          {
            "X": 0.6317616701126099,
            "Y": 0.569011390209198
          }
        ]
      },
      "Id": "244f5689-40f8-4e1b-8250-c1aee210ed75",
      "Relationships": [
        {
          "Type": "CHILD",
          "Ids": [
            "28868760-f73d-43c8-8bf0-7fa0e456b6e9",
            "6403aeec-1619-44a7-bccc-40b13f67c8dd",
            "aeab02df-4e54-48a2-b067-126ce163969b"
          ]
        }
      ],
      "Page": 1
    },
    {
      "BlockType": "LINE",
      "Confidence": 99.89077758789062,
      "Text": "1",
      "Geometry": {
        "BoundingBox": {
          "Width": 0.005773597396910191,
          "Height": 0.01754598878324032,
          "Left": 0.26937249302864075,
          "Top": 0.5824131965637207
        },
        "Polygon": [
          {
            "X": 0.26937249302864075,
            "Y": 0.5824131965637207
          },
          {
            "X": 0.2750735580921173,
            "Y": 0.5824156403541565
          },
          {
            "X": 0.27514609694480896,
            "Y": 0.5999591946601868
          },
          {
            "X": 0.26944437623023987,
            "Y": 0.5999560356140137
          }
        ]
      },
      "Id": "3fb5a5c3-b358-41fc-bffd-635bd9fcc72a",
      "Relationships": [
        {
          "Type": "CHILD",
          "Ids": [
            "c6bc1129-a6c3-4a04-8f61-2727eabf6bb7"
          ]
        }
      ],
      "Page": 1
    },
    {
      "BlockType": "WORD",
      "Confidence": 99.9362564086914,
      "Text": "Sample",
      "TextType": "PRINTED",
      "Geometry": {
        "BoundingBox": {
          "Width": 0.043697986751794815,
          "Height": 0.022924458608031273,
          "Left": 0.2561192214488983,
          "Top": 0.4098479747772217
        },
        "Polygon": [
          {
            "X": 0.2561192214488983,
            "Y": 0.40988317131996155
          },
          {
            "X": 0.2997186779975891,
            "Y": 0.4098479747772217
          },
          {
            "X": 0.29981720447540283,
            "Y": 0.4327443838119507
          },
          {
            "X": 0.2562111020088196,
            "Y": 0.4327724277973175
          }
        ]
      },
      "Id": "f72ee5c7-5043-4594-bf9d-107ad0c0f013",
      "Page": 1
    },
    {
      "BlockType": "WORD",
      "Confidence": 99.91278076171875,
      "Text": "Tensile",
      "TextType": "PRINTED",
      "Geometry": {
        "BoundingBox": {
          "Width": 0.042818449437618256,
          "Height": 0.018678076565265656,
          "Left": 0.34091031551361084,
          "Top": 0.4097328186035156
        },
        "Polygon": [
          {
            "X": 0.34091031551361084,
            "Y": 0.4097672998905182
          },
          {
            "X": 0.3836381435394287,
            "Y": 0.4097328186035156
          },
          {
            "X": 0.3837287724018097,
            "Y": 0.4283820688724518
          },
          {
            "X": 0.3409956395626068,
            "Y": 0.4284108877182007
          }
        ]
      },
      "Id": "7cfbc100-1e43-43e2-84d6-ea6d5f07ee33",
      "Page": 1
    },
    {
      "BlockType": "WORD",
      "Confidence": 99.90261840820312,
      "Text": "strength",
      "TextType": "PRINTED",
      "Geometry": {
        "BoundingBox": {
          "Width": 0.04898905009031296,
          "Height": 0.023164724931120872,
          "Left": 0.3871900141239166,
          "Top": 0.40965011715888977
        },
        "Polygon": [
          {
            "X": 0.3871900141239166,
            "Y": 0.40968960523605347
          },
          {
            "X": 0.4360586404800415,
            "Y": 0.40965011715888977
          },
          {
            "X": 0.4361790716648102,
            "Y": 0.43278342485427856
          },
          {
            "X": 0.3873029351234436,
            "Y": 0.4328148663043976
          }
        ]
      },
      "Id": "a56ea991-3dbf-4ffb-94d6-0fd7a1b8fa62",
      "Page": 1
    },
    {
      "BlockType": "WORD",
      "Confidence": 99.95724487304688,
      "Text": "Tensile",
      "TextType": "PRINTED",
      "Geometry": {
        "BoundingBox": {
          "Width": 0.04304154962301254,
          "Height": 0.018651261925697327,
          "Left": 0.48560914397239685,
          "Top": 0.4096162021160126
        },
        "Polygon": [
          {
            "X": 0.48560914397239685,
            "Y": 0.40965086221694946
          },
          {
            "X": 0.5285423398017883,
            "Y": 0.4096162021160126
          },
          {
            "X": 0.52865070104599,
            "Y": 0.42823848128318787
          },
          {
            "X": 0.4857121706008911,
            "Y": 0.4282674491405487
          }
        ]
      },
      "Id": "597b113f-6994-4aa3-8f33-26c4b398d472",
      "Page": 1
    },
    {
      "BlockType": "WORD",
      "Confidence": 99.8360824584961,
      "Text": "modulus",
      "TextType": "PRINTED",
      "Geometry": {
        "BoundingBox": {
          "Width": 0.05170106515288353,
          "Height": 0.019491693004965782,
          "Left": 0.5322466492652893,
          "Top": 0.40857866406440735
        },
        "Polygon": [
          {
            "X": 0.5322466492652893,
            "Y": 0.4086206555366516
          },
          {
            "X": 0.5838273763656616,
            "Y": 0.40857866406440735
          },
          {
            "X": 0.5839477181434631,
            "Y": 0.4280354678630829
          },
          {
            "X": 0.5323602557182312,
            "Y": 0.4280703365802765
          }
        ]
      },
      "Id": "debd20b3-dd43-435d-8666-cea3dc67773d",
      "Page": 1
    },
    {
      "BlockType": "WORD",
      "Confidence": 99.87824249267578,
      "Text": "Elongation",
      "TextType": "PRINTED",
      "Geometry": {
        "BoundingBox": {
          "Width": 0.06466532498598099,
          "Height": 0.02310456894338131,
          "Left": 0.6315392851829529,
          "Top": 0.4094538986682892
        },
        "Polygon": [
          {
            "X": 0.6315392851829529,
            "Y": 0.4095059633255005
          },
          {
            "X": 0.6960448622703552,
            "Y": 0.4094538986682892
          },
          {
            "X": 0.6962046027183533,
            "Y": 0.4325169324874878
          },
          {
            "X": 0.6316891312599182,
            "Y": 0.43255844712257385
          }
        ]
      },
      "Id": "b515bd8e-df17-4562-914a-1845eda7d859",
      "Page": 1
    },
    {
      "BlockType": "WORD",
      "Confidence": 99.94977569580078,
      "Text": "at",
      "TextType": "PRINTED",
      "Geometry": {
        "BoundingBox": {
          "Width": 0.01217732299119234,
          "Height": 0.015990452840924263,
          "Left": 0.699891984462738,
          "Top": 0.4122393727302551
        },
        "Polygon": [
          {
            "X": 0.699891984462738,
            "Y": 0.4122488796710968
          },
          {
            "X": 0.7119569182395935,
            "Y": 0.4122393727302551
          },
          {
            "X": 0.7120693325996399,
            "Y": 0.4282217025756836
          },
          {
            "X": 0.7000031471252441,
            "Y": 0.42822983860969543
          }
        ]
      },
      "Id": "c51b0876-997e-4342-8674-58c06df86f92",
      "Page": 1
    },
    {
      "BlockType": "WORD",
      "Confidence": 99.96129608154297,
      "Text": "break",
      "TextType": "PRINTED",
      "Geometry": {
        "BoundingBox": {
          "Width": 0.03399278223514557,
          "Height": 0.019006066024303436,
          "Left": 0.7153348326683044,
          "Top": 0.4092057943344116
        },
        "Polygon": [
          {
            "X": 0.7153348326683044,
            "Y": 0.4092331826686859
          },
          {
            "X": 0.7491894364356995,
            "Y": 0.4092057943344116
          },
          {
            "X": 0.7493276596069336,
            "Y": 0.4281890392303467
          },
          {
            "X": 0.7154687643051147,
            "Y": 0.42821186780929565
          }
        ]
      },
      "Id": "cae165e0-b711-4521-904e-d4bf10a23969",
      "Page": 1
    },
    {
      "BlockType": "WORD",
      "Confidence": 99.81109619140625,
      "Text": "(MPa)",
      "TextType": "PRINTED",
      "Geometry": {
        "BoundingBox": {
          "Width": 0.03589707985520363,
          "Height": 0.021543867886066437,
          "Left": 0.3415120244026184,
          "Top": 0.4409759044647217
        },
        "Polygon": [
          {
            "X": 0.3415120244026184,
            "Y": 0.44099682569503784
          },
          {
            "X": 0.37730541825294495,
            "Y": 0.4409759044647217
          },
          {
            "X": 0.37740910053253174,
            "Y": 0.4625043272972107
          },
          {
            "X": 0.3416105806827545,
            "Y": 0.4625197649002075
          }
        ]
      },
      "Id": "650aacae-404c-4e49-ad65-7c31ef969200",
      "Page": 1
    },
    {
      "BlockType": "WORD",
      "Confidence": 99.55485534667969,
      "Text": "(GPa)",
      "TextType": "PRINTED",
      "Geometry": {
        "BoundingBox": {
          "Width": 0.03400860354304314,
          "Height": 0.021722834557294846,
          "Left": 0.4863671064376831,
          "Top": 0.4411099851131439
        },
        "Polygon": [
          {
            "X": 0.4863671064376831,
            "Y": 0.44112974405288696
          },
          {
            "X": 0.5202506184577942,
            "Y": 0.4411099851131439
          },
          {
            "X": 0.5203757286071777,
            "Y": 0.46281829476356506
          },
          {
            "X": 0.4864872992038727,
            "Y": 0.46283280849456787
          }
        ]
      },
      "Id": "efa4fa05-add0-4f35-88a0-4c3fae9a7f4f",
      "Page": 1
    },
    {
      "BlockType": "WORD",
      "Confidence": 99.91844177246094,
      "Text": "(%)",
      "TextType": "PRINTED",
      "Geometry": {
        "BoundingBox": {
          "Width": 0.021051298826932907,
          "Height": 0.02198825776576996,
          "Left": 0.6315606832504272,
          "Top": 0.4410620629787445
        },
        "Polygon": [
          {
            "X": 0.6315606832504272,
            "Y": 0.4410742521286011
          },
          {
            "X": 0.6524661183357239,
            "Y": 0.4410620629787445
          },
          {
            "X": 0.6526119709014893,
            "Y": 0.46304139494895935
          },
          {
            "X": 0.6317034959793091,
            "Y": 0.46305033564567566
          }
        ]
      },
      "Id": "b50cb608-6755-4a4c-9ba6-79bec32bf753",
      "Page": 1
    },
    {
      "BlockType": "WORD",
      "Confidence": 99.35453033447266,
      "Text": "CF/EMG-",
      "TextType": "PRINTED",
      "Geometry": {
        "BoundingBox": {
          "Width": 0.05576106533408165,
          "Height": 0.019033385440707207,
          "Left": 0.2559830844402313,
          "Top": 0.48999467492103577
        },
        "Polygon": [
          {
            "X": 0.2559830844402313,
            "Y": 0.49000778794288635
          },
          {
            "X": 0.3116607964038849,
            "Y": 0.48999467492103577
          },
          {
            "X": 0.31174415349960327,
            "Y": 0.5090224742889404
          },
          {
            "X": 0.2560593783855438,
            "Y": 0.5090280771255493
          }
        ]
      },
      "Id": "369133ab-241f-40de-9713-fb301e8c07a1",
      "Page": 1
    },
    {
      "BlockType": "WORD",
      "Confidence": 99.94622039794922,
      "Text": "417",
      "TextType": "PRINTED",
      "Geometry": {
        "BoundingBox": {
          "Width": 0.022905729711055756,
          "Height": 0.017865817993879318,
          "Left": 0.34110406041145325,
          "Top": 0.4901456832885742
        },
        "Polygon": [
          {
            "X": 0.34110406041145325,
            "Y": 0.490151047706604
          },
          {
            "X": 0.36392539739608765,
            "Y": 0.4901456832885742
          },
          {
            "X": 0.3640097975730896,
            "Y": 0.5080090761184692
          },
          {
            "X": 0.3411857783794403,
            "Y": 0.508011519908905
          }
        ]
      },
      "Id": "c74cd056-5fc1-4866-858e-74c9ed1391fc",
      "Page": 1
    },
    {
      "BlockType": "WORD",
      "Confidence": 60.10284423828125,
      "Text": "+",
      "TextType": "PRINTED",
      "Geometry": {
        "BoundingBox": {
          "Width": 0.010040318593382835,
          "Height": 0.018113696947693825,
          "Left": 0.3683261573314667,
          "Top": 0.4901137948036194
        },
        "Polygon": [
          {
            "X": 0.3683261573314667,
            "Y": 0.4901161193847656
          },
          {
            "X": 0.3782791495323181,
            "Y": 0.4901137948036194
          },
          {
            "X": 0.37836647033691406,
            "Y": 0.5082264542579651
          },
          {
            "X": 0.3684122562408447,
            "Y": 0.5082274675369263
          }
        ]
      },
      "Id": "9c33788e-38e5-476a-8b31-9b2f6a0557ce",
      "Page": 1
    },
    {
      "BlockType": "WORD",
      "Confidence": 99.96993255615234,
      "Text": "26",
      "TextType": "PRINTED",
      "Geometry": {
        "BoundingBox": {
          "Width": 0.014860748313367367,
          "Height": 0.017963284626603127,
          "Left": 0.38234174251556396,
          "Top": 0.48997026681900024
        },
        "Polygon": [
          {
            "X": 0.38234174251556396,
            "Y": 0.4899737536907196
          },
          {
            "X": 0.3971136510372162,
            "Y": 0.48997026681900024
          },
          {
            "X": 0.3972024917602539,
            "Y": 0.5079319477081299
          },
          {
            "X": 0.3824287950992584,
            "Y": 0.5079335570335388
          }
        ]
      },
      "Id": "c0c06c63-eb5e-43c7-a3a9-984748c6b55a",
      "Page": 1
    },
    {
      "BlockType": "WORD",
      "Confidence": 99.8080825805664,
      "Text": "31.3",
      "TextType": "PRINTED",
      "Geometry": {
        "BoundingBox": {
          "Width": 0.026509229093790054,
          "Height": 0.017890220507979393,
          "Left": 0.4861691892147064,
          "Top": 0.4900517165660858
        },
        "Polygon": [
          {
            "X": 0.4861691892147064,
            "Y": 0.49005791544914246
          },
          {
            "X": 0.5125762820243835,
            "Y": 0.4900517165660858
          },
          {
            "X": 0.5126784443855286,
            "Y": 0.5079391002655029
          },
          {
            "X": 0.48626819252967834,
            "Y": 0.5079419016838074
          }
        ]
      },
      "Id": "48ce1eb8-6da0-4fee-85ef-2ea953c33b3f",
      "Page": 1
    },
    {
      "BlockType": "WORD",
      "Confidence": 43.307884216308594,
      "Text": "+",
      "TextType": "PRINTED",
      "Geometry": {
        "BoundingBox": {
          "Width": 0.010210697539150715,
          "Height": 0.01750546135008335,
          "Left": 0.516967236995697,
          "Top": 0.4904496967792511
        },
        "Polygon": [
          {
            "X": 0.516967236995697,
            "Y": 0.49045202136039734
          },
          {
            "X": 0.5270763039588928,
            "Y": 0.4904496967792511
          },
          {
            "X": 0.5271779298782349,
            "Y": 0.5079540610313416
          },
          {
            "X": 0.5170676708221436,
            "Y": 0.5079551339149475
          }
        ]
      },
      "Id": "b7ac3400-5e66-45c3-9021-35c6c2a32a9b",
      "Page": 1
    },
    {
      "BlockType": "WORD",
      "Confidence": 98.4969711303711,
      "Text": "1.8",
      "TextType": "PRINTED",
      "Geometry": {
        "BoundingBox": {
          "Width": 0.018638184294104576,
          "Height": 0.018011076375842094,
          "Left": 0.5316161513328552,
          "Top": 0.49005499482154846
        },
        "Polygon": [
          {
            "X": 0.5316161513328552,
            "Y": 0.49005934596061707
          },
          {
            "X": 0.5501470565795898,
            "Y": 0.49005499482154846
          },
          {
            "X": 0.5502543449401855,
            "Y": 0.5080640912055969
          },
          {
            "X": 0.5317212343215942,
            "Y": 0.5080660581588745
          }
        ]
      },
      "Id": "e4390cf7-d7cf-4320-a18b-be81c5d111fe",
      "Page": 1
    },
    {
      "BlockType": "WORD",
      "Confidence": 94.6742172241211,
      "Text": "3.6",
      "TextType": "PRINTED",
      "Geometry": {
        "BoundingBox": {
          "Width": 0.018827632069587708,
          "Height": 0.018021002411842346,
          "Left": 0.6316460371017456,
          "Top": 0.4899904429912567
        },
        "Polygon": [
          {
            "X": 0.6316460371017456,
            "Y": 0.4899948537349701
          },
          {
            "X": 0.6503543257713318,
            "Y": 0.4899904429912567
          },
          {
            "X": 0.6504736542701721,
            "Y": 0.5080094337463379
          },
          {
            "X": 0.6317631006240845,
            "Y": 0.5080114603042603
          }
        ]
      },
      "Id": "908b879b-4142-47b7-b367-ca54b0455fc2",
      "Page": 1
    },
    {
      "BlockType": "WORD",
      "Confidence": 53.18547439575195,
      "Text": "+",
      "TextType": "PRINTED",
      "Geometry": {
        "BoundingBox": {
          "Width": 0.010054465383291245,
          "Height": 0.0178383756428957,
          "Left": 0.6547554731369019,
          "Top": 0.49008476734161377
        },
        "Polygon": [
          {
            "X": 0.6547554731369019,
            "Y": 0.49008709192276
          },
          {
            "X": 0.6646901369094849,
            "Y": 0.49008476734161377
          },
          {
            "X": 0.6648099422454834,
            "Y": 0.5079220533370972
          },
          {
            "X": 0.6548740863800049,
            "Y": 0.5079231262207031
          }
        ]
      },
      "Id": "d8db7452-8457-474e-8470-24572d004a65",
      "Page": 1
    },
    {
      "BlockType": "WORD",
      "Confidence": 99.02127075195312,
      "Text": "0.3",
      "TextType": "PRINTED",
      "Geometry": {
        "BoundingBox": {
          "Width": 0.01875709556043148,
          "Height": 0.01788552850484848,
          "Left": 0.669034481048584,
          "Top": 0.49010398983955383
        },
        "Polygon": [
          {
            "X": 0.669034481048584,
            "Y": 0.4901083707809448
          },
          {
            "X": 0.6876687407493591,
            "Y": 0.49010398983955383
          },
          {
            "X": 0.6877915859222412,
            "Y": 0.5079875588417053
          },
          {
            "X": 0.6691551208496094,
            "Y": 0.5079895257949829
          }
        ]
      },
      "Id": "c17a3fbf-9323-4818-adb5-e53d2a674e9a",
      "Page": 1
    },
    {
      "BlockType": "WORD",
      "Confidence": 99.83740234375,
      "Text": "1",
      "TextType": "PRINTED",
      "Geometry": {
        "BoundingBox": {
          "Width": 0.0055930158123373985,
          "Height": 0.01776188798248768,
          "Left": 0.26942259073257446,
          "Top": 0.5198606848716736
        },
        "Polygon": [
          {
            "X": 0.26942259073257446,
            "Y": 0.5198608040809631
          },
          {
            "X": 0.2749421298503876,
            "Y": 0.5198606848716736
          },
          {
            "X": 0.27501559257507324,
            "Y": 0.5376225709915161
          },
          {
            "X": 0.2694953978061676,
            "Y": 0.5376220345497131
          }
        ]
      },
      "Id": "dc9a4c08-b50e-4b0e-9ad5-b675d8f08530",
      "Page": 1
    },
    {
      "BlockType": "WORD",
      "Confidence": 99.39376831054688,
      "Text": "CF/DMG-",
      "TextType": "PRINTED",
      "Geometry": {
        "BoundingBox": {
          "Width": 0.05688612163066864,
          "Height": 0.0195249505341053,
          "Left": 0.2560769021511078,
          "Top": 0.5509850382804871
        },
        "Polygon": [
          {
            "X": 0.2560769021511078,
            "Y": 0.5509850382804871
          },
          {
            "X": 0.31287744641304016,
            "Y": 0.5509963035583496
          },
          {
            "X": 0.3129630386829376,
            "Y": 0.5705099701881409
          },
          {
            "X": 0.2561551332473755,
            "Y": 0.5704907774925232
          }
        ]
      },
      "Id": "358db61e-d56b-4398-bda8-e433358fd42c",
      "Page": 1
    },
    {
      "BlockType": "WORD",
      "Confidence": 99.98809814453125,
      "Text": "423",
      "TextType": "PRINTED",
      "Geometry": {
        "BoundingBox": {
          "Width": 0.022486232221126556,
          "Height": 0.017779888585209846,
          "Left": 0.34115856885910034,
          "Top": 0.551149845123291
        },
        "Polygon": [
          {
            "X": 0.34115856885910034,
            "Y": 0.551149845123291
          },
          {
            "X": 0.36356088519096375,
            "Y": 0.5511543154716492
          },
          {
            "X": 0.3636448085308075,
            "Y": 0.5689297318458557
          },
          {
            "X": 0.3412398397922516,
            "Y": 0.5689224004745483
          }
        ]
      },
      "Id": "00819685-ec78-4690-867f-d83dd76c22a7",
      "Page": 1
    },
    {
      "BlockType": "WORD",
      "Confidence": 59.05219268798828,
      "Text": "+",
      "TextType": "PRINTED",
      "Geometry": {
        "BoundingBox": {
          "Width": 0.009737420827150345,
          "Height": 0.017024507746100426,
          "Left": 0.3680659830570221,
          "Top": 0.5515627264976501
        },
        "Polygon": [
          {
            "X": 0.3680659830570221,
            "Y": 0.5515627264976501
          },
          {
            "X": 0.3777214586734772,
            "Y": 0.5515646934509277
          },
          {
            "X": 0.37780341506004333,
            "Y": 0.5685872435569763
          },
          {
            "X": 0.3681468665599823,
            "Y": 0.568584144115448
          }
        ]
      },
      "Id": "fea44e47-ce3c-40cc-bfe3-8dcd5e365bf7",
      "Page": 1
    },
    {
      "BlockType": "WORD",
      "Confidence": 99.93854522705078,
      "Text": "31",
      "TextType": "PRINTED",
      "Geometry": {
        "BoundingBox": {
          "Width": 0.014188934117555618,
          "Height": 0.018272465094923973,
          "Left": 0.38219642639160156,
          "Top": 0.5513952970504761
        },
        "Polygon": [
          {
            "X": 0.38219642639160156,
            "Y": 0.5513952970504761
          },
          {
            "X": 0.39629513025283813,
            "Y": 0.5513981580734253
          },
          {
            "X": 0.3963853418827057,
            "Y": 0.5696677565574646
          },
          {
            "X": 0.38228490948677063,
            "Y": 0.5696631073951721
          }
        ]
      },
      "Id": "4484351e-3b70-468e-a9bc-734b2a721b0d",
      "Page": 1
    },
    {
      "BlockType": "WORD",
      "Confidence": 99.81072235107422,
      "Text": "34.7",
      "TextType": "PRINTED",
      "Geometry": {
        "BoundingBox": {
          "Width": 0.026507945731282234,
          "Height": 0.01799589768052101,
          "Left": 0.4863472282886505,
          "Top": 0.5510387420654297
        },
        "Polygon": [
          {
            "X": 0.4863472282886505,
            "Y": 0.5510387420654297
          },
          {
            "X": 0.5127524733543396,
            "Y": 0.5510439872741699
          },
          {
            "X": 0.5128551721572876,
            "Y": 0.5690346360206604
          },
          {
            "X": 0.4864467680454254,
            "Y": 0.569025993347168
          }
        ]
      },
      "Id": "1896f42a-19ff-4049-b421-fe45bbf74aab",
      "Page": 1
    },
    {
      "BlockType": "WORD",
      "Confidence": 79.69636535644531,
      "Text": "+",
      "TextType": "PRINTED",
      "Geometry": {
        "BoundingBox": {
          "Width": 0.009812366217374802,
          "Height": 0.017416827380657196,
          "Left": 0.5171570181846619,
          "Top": 0.5513560175895691
        },
        "Polygon": [
          {
            "X": 0.5171570181846619,
            "Y": 0.5513560175895691
          },
          {
            "X": 0.5268683433532715,
            "Y": 0.5513579845428467
          },
          {
            "X": 0.5269693732261658,
            "Y": 0.5687728524208069
          },
          {
            "X": 0.5172569751739502,
            "Y": 0.5687696933746338
          }
        ]
      },
      "Id": "6638229f-adf1-4843-bf6c-c185e0957c84",
      "Page": 1
    },
    {
      "BlockType": "WORD",
      "Confidence": 99.86366271972656,
      "Text": "2.1",
      "TextType": "PRINTED",
      "Geometry": {
        "BoundingBox": {
          "Width": 0.017950160428881645,
          "Height": 0.017975695431232452,
          "Left": 0.5310631990432739,
          "Top": 0.5510324835777283
        },
        "Polygon": [
          {
            "X": 0.5310631990432739,
            "Y": 0.5510324835777283
          },
          {
            "X": 0.5489065051078796,
            "Y": 0.5510360598564148
          },
          {
            "X": 0.5490133762359619,
            "Y": 0.5690081715583801
          },
          {
            "X": 0.5311679840087891,
            "Y": 0.5690023303031921
          }
        ]
      },
      "Id": "e17b14f2-d150-4e93-982f-c9cc60c7c3a9",
      "Page": 1
    },
    {
      "BlockType": "WORD",
      "Confidence": 99.84349822998047,
      "Text": "2.9",
      "TextType": "PRINTED",
      "Geometry": {
        "BoundingBox": {
          "Width": 0.019077153876423836,
          "Height": 0.017993588000535965,
          "Left": 0.6316448450088501,
          "Top": 0.5510225892066956
        },
        "Polygon": [
          {
            "X": 0.6316448450088501,
            "Y": 0.5510225892066956
          },
          {
            "X": 0.6506029367446899,
            "Y": 0.5510263442993164
          },
          {
            "X": 0.6507220268249512,
            "Y": 0.56901615858078
          },
          {
            "X": 0.6317616701126099,
            "Y": 0.5690099596977234
          }
        ]
      },
      "Id": "28868760-f73d-43c8-8bf0-7fa0e456b6e9",
      "Page": 1
    },
    {
      "BlockType": "WORD",
      "Confidence": 58.04600143432617,
      "Text": "+",
      "TextType": "PRINTED",
      "Geometry": {
        "BoundingBox": {
          "Width": 0.01000227127224207,
          "Height": 0.017189793288707733,
          "Left": 0.6548225283622742,
          "Top": 0.5514756441116333
        },
        "Polygon": [
          {
            "X": 0.6548225283622742,
            "Y": 0.5514756441116333
          },
          {
            "X": 0.6647094488143921,
            "Y": 0.5514776110649109
          },
          {
            "X": 0.6648248434066772,
            "Y": 0.5686654448509216
          },
          {
            "X": 0.6549367904663086,
            "Y": 0.5686622262001038
          }
        ]
      },
      "Id": "6403aeec-1619-44a7-bccc-40b13f67c8dd",
      "Page": 1
    },
    {
      "BlockType": "WORD",
      "Confidence": 99.97039794921875,
      "Text": "0.1",
      "TextType": "PRINTED",
      "Geometry": {
        "BoundingBox": {
          "Width": 0.017940592020750046,
          "Height": 0.018006563186645508,
          "Left": 0.6688194870948792,
          "Top": 0.5510228276252747
        },
        "Polygon": [
          {
            "X": 0.6688194870948792,
            "Y": 0.5510228276252747
          },
          {
            "X": 0.6866366267204285,
            "Y": 0.5510263442993164
          },
          {
            "X": 0.6867601275444031,
            "Y": 0.5690293908119202
          },
          {
            "X": 0.6689408421516418,
            "Y": 0.5690235495567322
          }
        ]
      },
      "Id": "aeab02df-4e54-48a2-b067-126ce163969b",
      "Page": 1
    },
    {
      "BlockType": "WORD",
      "Confidence": 99.89077758789062,
      "Text": "1",
      "TextType": "PRINTED",
      "Geometry": {
        "BoundingBox": {
          "Width": 0.005773597396910191,
          "Height": 0.01754598878324032,
          "Left": 0.26937249302864075,
          "Top": 0.5824131965637207
        },
        "Polygon": [
          {
            "X": 0.26937249302864075,
            "Y": 0.5824131965637207
          },
          {
            "X": 0.2750735580921173,
            "Y": 0.5824156403541565
          },
          {
            "X": 0.27514609694480896,
            "Y": 0.5999591946601868
          },
          {
            "X": 0.26944437623023987,
            "Y": 0.5999560356140137
          }
        ]
      },
      "Id": "c6bc1129-a6c3-4a04-8f61-2727eabf6bb7",
      "Page": 1
    },
    {
      "BlockType": "TABLE",
      "Confidence": 99.609375,
      "Geometry": {
        "BoundingBox": {
          "Width": 0.5374792218208313,
          "Height": 0.2164454460144043,
          "Left": 0.23484161496162415,
          "Top": 0.39276212453842163
        },
        "Polygon": [
          {
            "X": 0.23484161496162415,
            "Y": 0.39325812458992004
          },
          {
            "X": 0.770714282989502,
            "Y": 0.39276212453842163
          },
          {
            "X": 0.7723208069801331,
            "Y": 0.6092075705528259
          },
          {
            "X": 0.23567691445350647,
            "Y": 0.6088792681694031
          }
        ]
      },
      "Id": "2b615b75-a4a7-48e2-82c6-896251cdd0dd",
      "Relationships": [
        {
          "Type": "CHILD",
          "Ids": [
            "fe19edec-02ac-42af-a3aa-0f30e61a271b",
            "645cc7d4-46ed-43eb-b462-e90e01f5f23c",
            "4cadb8e6-80a7-47b1-9b35-e6d6ff2835b5",
            "583e39cc-6c15-4dbe-ac93-34e6e9e26a1f",
            "f537f388-f0fa-457d-aad9-4372e9292056",
            "9ef2a94c-adba-43ca-b696-8236a76024c3",
            "822f68e9-f7bb-4a0f-8f02-76e28eb9463e",
            "be9d9714-3290-4172-8374-bfb0fb8857d3",
            "e5775ea0-86d5-4a09-914e-9ba9b02d4714",
            "44dd3922-f500-4472-9b12-742584b06df3",
            "92b1267f-b05c-4003-9ca0-16d42b81897c",
            "8270d07a-a3ac-40c7-a1ed-f436cedaab54"
          ]
        }
      ],
      "EntityTypes": [
        "STRUCTURED_TABLE"
      ],
      "Page": 1
    },
    {
      "BlockType": "CELL",
      "Confidence": 90.0390625,
      "RowIndex": 1,
      "ColumnIndex": 1,
      "RowSpan": 1,
      "ColumnSpan": 1,
      "Geometry": {
        "BoundingBox": {
          "Width": 0.09042500704526901,
          "Height": 0.08171092718839645,
          "Left": 0.23484161496162415,
          "Top": 0.39317476749420166
        },
        "Polygon": [
          {
            "X": 0.23484161496162415,
            "Y": 0.39325812458992004
          },
          {
            "X": 0.3249014914035797,
            "Y": 0.39317476749420166
          },
          {
            "X": 0.32526662945747375,
            "Y": 0.4748547375202179
          },
          {
            "X": 0.2351578325033188,
            "Y": 0.4748857021331787
          }
        ]
      },
      "Id": "fe19edec-02ac-42af-a3aa-0f30e61a271b",
      "Relationships": [
        {
          "Type": "CHILD",
          "Ids": [
            "f72ee5c7-5043-4594-bf9d-107ad0c0f013"
          ]
        }
      ],
      "EntityTypes": [
        "COLUMN_HEADER"
      ],
      "Page": 1
    },
    {
      "BlockType": "CELL",
      "Confidence": 92.431640625,
      "RowIndex": 1,
      "ColumnIndex": 2,
      "RowSpan": 1,
      "ColumnSpan": 1,
      "Geometry": {
        "BoundingBox": {
          "Width": 0.13423378765583038,
          "Height": 0.0818038061261177,
          "Left": 0.3249014914035797,
          "Top": 0.3930509388446808
        },
        "Polygon": [
          {
            "X": 0.3249014914035797,
            "Y": 0.39317476749420166
          },
          {
            "X": 0.4586973488330841,
            "Y": 0.3930509388446808
          },
          {
            "X": 0.4591352641582489,
            "Y": 0.4748087525367737
          },
          {
            "X": 0.32526662945747375,
            "Y": 0.4748547375202179
          }
        ]
      },
      "Id": "645cc7d4-46ed-43eb-b462-e90e01f5f23c",
      "Relationships": [
        {
          "Type": "CHILD",
          "Ids": [
            "7cfbc100-1e43-43e2-84d6-ea6d5f07ee33",
            "a56ea991-3dbf-4ffb-94d6-0fd7a1b8fa62",
            "650aacae-404c-4e49-ad65-7c31ef969200"
          ]
        }
      ],
      "EntityTypes": [
        "COLUMN_HEADER"
      ],
      "Page": 1
    },
    {
      "BlockType": "CELL",
      "Confidence": 92.431640625,
      "RowIndex": 1,
      "ColumnIndex": 3,
      "RowSpan": 1,
      "ColumnSpan": 1,
      "Geometry": {
        "BoundingBox": {
          "Width": 0.14905685186386108,
          "Height": 0.08189529925584793,
          "Left": 0.4586973488330841,
          "Top": 0.39291346073150635
        },
        "Polygon": [
          {
            "X": 0.4586973488330841,
            "Y": 0.3930509388446808
          },
          {
            "X": 0.607235312461853,
            "Y": 0.39291346073150635
          },
          {
            "X": 0.6077542304992676,
            "Y": 0.47475770115852356
          },
          {
            "X": 0.4591352641582489,
            "Y": 0.4748087525367737
          }
        ]
      },
      "Id": "4cadb8e6-80a7-47b1-9b35-e6d6ff2835b5",
      "Relationships": [
        {
          "Type": "CHILD",
          "Ids": [
            "597b113f-6994-4aa3-8f33-26c4b398d472",
            "debd20b3-dd43-435d-8666-cea3dc67773d",
            "efa4fa05-add0-4f35-88a0-4c3fae9a7f4f"
          ]
        }
      ],
      "EntityTypes": [
        "COLUMN_HEADER"
      ],
      "Page": 1
    },
    {
      "BlockType": "CELL",
      "Confidence": 93.701171875,
      "RowIndex": 1,
      "ColumnIndex": 4,
      "RowSpan": 1,
      "ColumnSpan": 1,
      "Geometry": {
        "BoundingBox": {
          "Width": 0.16408713161945343,
          "Height": 0.08199555426836014,
          "Left": 0.607235312461853,
          "Top": 0.39276212453842163
        },
        "Polygon": [
          {
            "X": 0.607235312461853,
            "Y": 0.39291346073150635
          },
          {
            "X": 0.770714282989502,
            "Y": 0.39276212453842163
          },
          {
            "X": 0.7713224291801453,
            "Y": 0.47470149397850037
          },
          {
            "X": 0.6077542304992676,
            "Y": 0.47475770115852356
          }
        ]
      },
      "Id": "583e39cc-6c15-4dbe-ac93-34e6e9e26a1f",
      "Relationships": [
        {
          "Type": "CHILD",
          "Ids": [
            "b515bd8e-df17-4562-914a-1845eda7d859",
            "c51b0876-997e-4342-8674-58c06df86f92",
            "cae165e0-b711-4521-904e-d4bf10a23969",
            "b50cb608-6755-4a4c-9ba6-79bec32bf753"
          ]
        }
      ],
      "EntityTypes": [
        "COLUMN_HEADER"
      ],
      "Page": 1
    },
    {
      "BlockType": "CELL",
      "Confidence": 57.666015625,
      "RowIndex": 2,
      "ColumnIndex": 1,
      "RowSpan": 1,
      "ColumnSpan": 1,
      "Geometry": {
        "BoundingBox": {
          "Width": 0.09041225165128708,
          "Height": 0.0678844079375267,
          "Left": 0.2351578325033188,
          "Top": 0.4748547375202179
        },
        "Polygon": [
          {
            "X": 0.2351578325033188,
            "Y": 0.4748857021331787
          },
          {
            "X": 0.32526662945747375,
            "Y": 0.4748547375202179
          },
          {
            "X": 0.32557007670402527,
            "Y": 0.5427391529083252
          },
          {
            "X": 0.23542064428329468,
            "Y": 0.5427265167236328
          }
        ]
      },
      "Id": "f537f388-f0fa-457d-aad9-4372e9292056",
      "Relationships": [
        {
          "Type": "CHILD",
          "Ids": [
            "369133ab-241f-40de-9713-fb301e8c07a1",
            "dc9a4c08-b50e-4b0e-9ad5-b675d8f08530"
          ]
        }
      ],
      "Page": 1
    },
    {
      "BlockType": "CELL",
      "Confidence": 59.1796875,
      "RowIndex": 2,
      "ColumnIndex": 2,
      "RowSpan": 1,
      "ColumnSpan": 1,
      "Geometry": {
        "BoundingBox": {
          "Width": 0.13423261046409607,
          "Height": 0.06794917583465576,
          "Left": 0.32526662945747375,
          "Top": 0.4748087525367737
        },
        "Polygon": [
          {
            "X": 0.32526662945747375,
            "Y": 0.4748547375202179
          },
          {
            "X": 0.4591352641582489,
            "Y": 0.4748087525367737
          },
          {
            "X": 0.4594992399215698,
            "Y": 0.5427579283714294
          },
          {
            "X": 0.32557007670402527,
            "Y": 0.5427391529083252
          }
        ]
      },
      "Id": "9ef2a94c-adba-43ca-b696-8236a76024c3",
      "Relationships": [
        {
          "Type": "CHILD",
          "Ids": [
            "c74cd056-5fc1-4866-858e-74c9ed1391fc",
            "9c33788e-38e5-476a-8b31-9b2f6a0557ce",
            "c0c06c63-eb5e-43c7-a3a9-984748c6b55a"
          ]
        }
      ],
      "Page": 1
    },
    {
      "BlockType": "CELL",
      "Confidence": 59.1796875,
      "RowIndex": 2,
      "ColumnIndex": 3,
      "RowSpan": 1,
      "ColumnSpan": 1,
      "Geometry": {
        "BoundingBox": {
          "Width": 0.14905019104480743,
          "Height": 0.06802107393741608,
          "Left": 0.4591352641582489,
          "Top": 0.47475770115852356
        },
        "Polygon": [
          {
            "X": 0.4591352641582489,
            "Y": 0.4748087525367737
          },
          {
            "X": 0.6077542304992676,
            "Y": 0.47475770115852356
          },
          {
            "X": 0.6081854701042175,
            "Y": 0.5427787899971008
          },
          {
            "X": 0.4594992399215698,
            "Y": 0.5427579283714294
          }
        ]
      },
      "Id": "822f68e9-f7bb-4a0f-8f02-76e28eb9463e",
      "Relationships": [
        {
          "Type": "CHILD",
          "Ids": [
            "48ce1eb8-6da0-4fee-85ef-2ea953c33b3f",
            "b7ac3400-5e66-45c3-9021-35c6c2a32a9b",
            "e4390cf7-d7cf-4320-a18b-be81c5d111fe"
          ]
        }
      ],
      "Page": 1
    },
    {
      "BlockType": "CELL",
      "Confidence": 60.009765625,
      "RowIndex": 2,
      "ColumnIndex": 4,
      "RowSpan": 1,
      "ColumnSpan": 1,
      "Geometry": {
        "BoundingBox": {
          "Width": 0.16407372057437897,
          "Height": 0.068100206553936,
          "Left": 0.6077542304992676,
          "Top": 0.47470149397850037
        },
        "Polygon": [
          {
            "X": 0.6077542304992676,
            "Y": 0.47475770115852356
          },
          {
            "X": 0.7713224291801453,
            "Y": 0.47470149397850037
          },
          {
            "X": 0.7718279361724854,
            "Y": 0.5428016781806946
          },
          {
            "X": 0.6081854701042175,
            "Y": 0.5427787899971008
          }
        ]
      },
      "Id": "be9d9714-3290-4172-8374-bfb0fb8857d3",
      "Relationships": [
        {
          "Type": "CHILD",
          "Ids": [
            "908b879b-4142-47b7-b367-ca54b0455fc2",
            "d8db7452-8457-474e-8470-24572d004a65",
            "c17a3fbf-9323-4818-adb5-e53d2a674e9a"
          ]
        }
      ],
      "Page": 1
    },
    {
      "BlockType": "CELL",
      "Confidence": 71.97265625,
      "RowIndex": 3,
      "ColumnIndex": 1,
      "RowSpan": 1,
      "ColumnSpan": 1,
      "Geometry": {
        "BoundingBox": {
          "Width": 0.09044535458087921,
          "Height": 0.0662079006433487,
          "Left": 0.23542064428329468,
          "Top": 0.5427265167236328
        },
        "Polygon": [
          {
            "X": 0.23542064428329468,
            "Y": 0.5427265167236328
          },
          {
            "X": 0.32557007670402527,
            "Y": 0.5427391529083252
          },
          {
            "X": 0.3258659839630127,
            "Y": 0.6089344024658203
          },
          {
            "X": 0.23567691445350647,
            "Y": 0.6088792681694031
          }
        ]
      },
      "Id": "e5775ea0-86d5-4a09-914e-9ba9b02d4714",
      "Relationships": [
        {
          "Type": "CHILD",
          "Ids": [
            "358db61e-d56b-4398-bda8-e433358fd42c",
            "c6bc1129-a6c3-4a04-8f61-2727eabf6bb7"
          ]
        }
      ],
      "Page": 1
    },
    {
      "BlockType": "CELL",
      "Confidence": 73.876953125,
      "RowIndex": 3,
      "ColumnIndex": 2,
      "RowSpan": 1,
      "ColumnSpan": 1,
      "Geometry": {
        "BoundingBox": {
          "Width": 0.13428404927253723,
          "Height": 0.06627725064754486,
          "Left": 0.32557007670402527,
          "Top": 0.5427391529083252
        },
        "Polygon": [
          {
            "X": 0.32557007670402527,
            "Y": 0.5427391529083252
          },
          {
            "X": 0.4594992399215698,
            "Y": 0.5427579283714294
          },
          {
            "X": 0.4598541259765625,
            "Y": 0.6090164184570312
          },
          {
            "X": 0.3258659839630127,
            "Y": 0.6089344024658203
          }
        ]
      },
      "Id": "44dd3922-f500-4472-9b12-742584b06df3",
      "Relationships": [
        {
          "Type": "CHILD",
          "Ids": [
            "00819685-ec78-4690-867f-d83dd76c22a7",
            "fea44e47-ce3c-40cc-bfe3-8dcd5e365bf7",
            "4484351e-3b70-468e-a9bc-734b2a721b0d"
          ]
        }
      ],
      "Page": 1
    },
    {
      "BlockType": "CELL",
      "Confidence": 73.876953125,
      "RowIndex": 3,
      "ColumnIndex": 3,
      "RowSpan": 1,
      "ColumnSpan": 1,
      "Geometry": {
        "BoundingBox": {
          "Width": 0.14910675585269928,
          "Height": 0.06634949147701263,
          "Left": 0.4594992399215698,
          "Top": 0.5427579283714294
        },
        "Polygon": [
          {
            "X": 0.4594992399215698,
            "Y": 0.5427579283714294
          },
          {
            "X": 0.6081854701042175,
            "Y": 0.5427787899971008
          },
          {
            "X": 0.6086059808731079,
            "Y": 0.6091074347496033
          },
          {
            "X": 0.4598541259765625,
            "Y": 0.6090164184570312
          }
        ]
      },
      "Id": "92b1267f-b05c-4003-9ca0-16d42b81897c",
      "Relationships": [
        {
          "Type": "CHILD",
          "Ids": [
            "1896f42a-19ff-4049-b421-fe45bbf74aab",
            "6638229f-adf1-4843-bf6c-c185e0957c84",
            "e17b14f2-d150-4e93-982f-c9cc60c7c3a9"
          ]
        }
      ],
      "Page": 1
    },
    {
      "BlockType": "CELL",
      "Confidence": 74.90234375,
      "RowIndex": 3,
      "ColumnIndex": 4,
      "RowSpan": 1,
      "ColumnSpan": 1,
      "Geometry": {
        "BoundingBox": {
          "Width": 0.1641353815793991,
          "Height": 0.06642881780862808,
          "Left": 0.6081854701042175,
          "Top": 0.5427787899971008
        },
        "Polygon": [
          {
            "X": 0.6081854701042175,
            "Y": 0.5427787899971008
          },
          {
            "X": 0.7718279361724854,
            "Y": 0.5428016781806946
          },
          {
            "X": 0.7723208069801331,
            "Y": 0.6092075705528259
          },
          {
            "X": 0.6086059808731079,
            "Y": 0.6091074347496033
          }
        ]
      },
      "Id": "8270d07a-a3ac-40c7-a1ed-f436cedaab54",
      "Relationships": [
        {
          "Type": "CHILD",
          "Ids": [
            "28868760-f73d-43c8-8bf0-7fa0e456b6e9",
            "6403aeec-1619-44a7-bccc-40b13f67c8dd",
            "aeab02df-4e54-48a2-b067-126ce163969b"
          ]
        }
      ],
      "Page": 1
    }
  ],
  "AnalyzeDocumentModelVersion": "1.0"
}