{
  "DocumentMetadata": {
    "Pages": 1
  },
  "JobStatus": "SUCCEEDED",
  "Blocks": [
    {
      "BlockType": "PAGE",
      "Geometry": {
        "BoundingBox": {
          "Width": 0.5615891814231873,
          "Height": 0.2972966432571411,
          "Left": 0.2203356772661209,
          "Top": 0.33387279510498047
        },
        "Polygon": [
          {
            "X": 0.2203356772661209,
            "Y": 0.33537065982818604
          },
          {
            "X": 0.779974102973938,
            "Y": 0.33387279510498047
          },
          {
            "X": 0.781924843788147,
            "Y": 0.6296628713607788
          },
          {
            "X": 0.22156521677970886,
            "Y": 0.6311694383621216
          }
        ]
      },
      "Id": "2d97fc24-f2ac-4ae4-9a2f-bc876454da7d",
      "Relationships": [
        {
          "Type": "CHILD",
          "Ids": [
            "330bdb7e-a9c9-4b7d-9799-0d6ffc84e97f",
            "a3ded9b0-f35e-42ac-9c4c-7c2af42db782",
            "3c5165b5-6b23-4ece-a8e0-54ae9c6182aa",
            "bfd666bf-aea1-4279-905a-473c5c931ba3",
            "ca2ceabf-7148-4cbe-9dd2-51e5d47dd880",
            "515902e4-7799-453f-8ac9-39e2d9eb59c1",
            "7711e51c-c6ce-4990-a1f8-399eef5cc602",
            "641ab6c1-3054-4f6d-93fc-2e99aa861305",
            "c1fba6ea-6c86-4bd2-8e19-7b321b843b5a",
            "3ef4c691-fa29-447c-a5aa-6c4e0189ab61",
            "631a68cd-4ff1-430c-ae28-b831d4dfd4b2",
            "e34356cb-639f-4603-93f1-abb610701893",
            "d3f43c8a-93af-4d2f-a44c-4bedf4394d7e",
            "04708e73-34b1-4101-bc55-e5c958d3203a",
            "7a72077f-ccde-4895-819d-22fb21b3de7c",
            "44670dd7-6e15-4086-bfc1-9dcdf8facb82",
            "ac43a9c3-e684-433e-b25f-1ddce1385e8b",
            "00d1e297-424f-4869-80ef-fa28661f66c0",
            "c656e0aa-e661-4963-b0a1-ec4910249b61",
            "9e918e29-ab69-45d1-bb57-2ba1cb8adb79",
            "337cf150-8e54-4c55-a300-dedad5e105f5"
          ]
        }
      ],
      "Page": 1
    },
    {
      "BlockType": "LINE",
      "Confidence": 99.92886352539062,
      "Text": "System",
      "Geometry": {
        "BoundingBox": {
          "Width": 0.042378149926662445,
          "Height": 0.021312767639756203,
          "Left": 0.2505916655063629,
          "Top": 0.4014621675014496
        },
        "Polygon": [
          {
            "X": 0.2505916655063629,
            "Y": 0.4015754461288452
          },
          {
            "X": 0.2928750216960907,
            "Y": 0.4014621675014496
          },
          {
            "X": 0.29296979308128357,
            "Y": 0.42266160249710083
          },
          {
            "X": 0.250682532787323,
            "Y": 0.42277494072914124
          }
        ]
      },
      "Id": "330bdb7e-a9c9-4b7d-9799-0d6ffc84e97f",
      "Relationships": [
        {
          "Type": "CHILD",
          "Ids": [
            "213b4c20-3935-4c3d-8830-c1763bcaa819"
          ]
        }
      ],
      "Page": 1
    },
    {
      "BlockType": "LINE",
      "Confidence": 99.9140853881836,
      "Text": "Tensile strength",
      "Geometry": {
        "BoundingBox": {
          "Width": 0.09684104472398758,
          "Height": 0.023630458861589432,
          "Left": 0.3859461843967438,
          "Top": 0.40018007159233093
        },
        "Polygon": [
          {
            "X": 0.3859461843967438,
            "Y": 0.40043920278549194
          },
          {
            "X": 0.4826633930206299,
            "Y": 0.40018007159233093
          },
          {
            "X": 0.48278722167015076,
            "Y": 0.4235512912273407
          },
          {
            "X": 0.3860601484775543,
            "Y": 0.42381054162979126
          }
        ]
      },
      "Id": "a3ded9b0-f35e-42ac-9c4c-7c2af42db782",
      "Relationships": [
        {
          "Type": "CHILD",
          "Ids": [
            "d5a91f1e-ed5a-422f-b2a8-5ea672ea6ca7",
            "0b8fdd2b-e11f-4f46-9a6b-bc559b214da8"
          ]
        }
      ],
      "Page": 1
    },
    {
      "BlockType": "LINE",
      "Confidence": 99.92279815673828,
      "Text": "Tensile modulus",
      "Geometry": {
        "BoundingBox": {
          "Width": 0.09950137883424759,
          "Height": 0.019336648285388947,
          "Left": 0.5269665718078613,
          "Top": 0.40042611956596375
        },
        "Polygon": [
          {
            "X": 0.5269665718078613,
            "Y": 0.4006924033164978
          },
          {
            "X": 0.626354992389679,
            "Y": 0.40042611956596375
          },
          {
            "X": 0.6264679431915283,
            "Y": 0.4194963872432709
          },
          {
            "X": 0.5270712971687317,
            "Y": 0.4197627604007721
          }
        ]
      },
      "Id": "3c5165b5-6b23-4ece-a8e0-54ae9c6182aa",
      "Relationships": [
        {
          "Type": "CHILD",
          "Ids": [
            "116e308b-369f-4946-bcc3-e99cf87c9ae7",
            "10ee0e74-6cf0-4f60-9293-51896f9cc1ee"
          ]
        }
      ],
      "Page": 1
    },
    {
      "BlockType": "LINE",
      "Confidence": 99.89128875732422,
      "Text": "Tensile strain",
      "Geometry": {
        "BoundingBox": {
          "Width": 0.08159670233726501,
          "Height": 0.018862098455429077,
          "Left": 0.6685125231742859,
          "Top": 0.40055525302886963
        },
        "Polygon": [
          {
            "X": 0.6685125231742859,
            "Y": 0.4007735252380371
          },
          {
            "X": 0.7499887943267822,
            "Y": 0.40055525302886963
          },
          {
            "X": 0.7501092553138733,
            "Y": 0.4191989600658417
          },
          {
            "X": 0.6686264276504517,
            "Y": 0.4194173514842987
          }
        ]
      },
      "Id": "bfd666bf-aea1-4279-905a-473c5c931ba3",
      "Relationships": [
        {
          "Type": "CHILD",
          "Ids": [
            "795142ff-ea06-47c2-894e-e5262cda0eda",
            "d749770b-2113-45ce-bd50-cdf2c43b1aac"
          ]
        }
      ],
      "Page": 1
    },
    {
      "BlockType": "LINE",
      "Confidence": 99.8050308227539,
      "Text": "(MPa)",
      "Geometry": {
        "BoundingBox": {
          "Width": 0.03659128397703171,
          "Height": 0.02131345495581627,
          "Left": 0.3865717947483063,
          "Top": 0.4315764904022217
        },
        "Polygon": [
          {
            "X": 0.3865717947483063,
            "Y": 0.4316742718219757
          },
          {
            "X": 0.4230562150478363,
            "Y": 0.4315764904022217
          },
          {
            "X": 0.4231630861759186,
            "Y": 0.45279210805892944
          },
          {
            "X": 0.38667529821395874,
            "Y": 0.45288994908332825
          }
        ]
      },
      "Id": "ca2ceabf-7148-4cbe-9dd2-51e5d47dd880",
      "Relationships": [
        {
          "Type": "CHILD",
          "Ids": [
            "e24030ee-d746-438e-b6c0-e8624c05a04d"
          ]
        }
      ],
      "Page": 1
    },
    {
      "BlockType": "LINE",
      "Confidence": 99.52742767333984,
      "Text": "(GPa)",
      "Geometry": {
        "BoundingBox": {
          "Width": 0.03387317806482315,
          "Height": 0.021347248926758766,
          "Left": 0.5276861786842346,
          "Top": 0.4317179322242737
        },
        "Polygon": [
          {
            "X": 0.5276861786842346,
            "Y": 0.4318084120750427
          },
          {
            "X": 0.5614394545555115,
            "Y": 0.4317179322242737
          },
          {
            "X": 0.5615593194961548,
            "Y": 0.45297467708587646
          },
          {
            "X": 0.5278029441833496,
            "Y": 0.4530651867389679
          }
        ]
      },
      "Id": "515902e4-7799-453f-8ac9-39e2d9eb59c1",
      "Relationships": [
        {
          "Type": "CHILD",
          "Ids": [
            "cbbd9b3c-afea-4932-900e-25a0fc8cdeb7"
          ]
        }
      ],
      "Page": 1
    },
    {
      "BlockType": "LINE",
      "Confidence": 99.80829620361328,
      "Text": "(%)",
      "Geometry": {
        "BoundingBox": {
          "Width": 0.020714376121759415,
          "Height": 0.0214760210365057,
          "Left": 0.6691384315490723,
          "Top": 0.4323590397834778
        },
        "Polygon": [
          {
            "X": 0.6691384315490723,
            "Y": 0.4324142038822174
          },
          {
            "X": 0.6897200345993042,
            "Y": 0.4323590397834778
          },
          {
            "X": 0.6898528337478638,
            "Y": 0.4537798762321472
          },
          {
            "X": 0.669269323348999,
            "Y": 0.45383507013320923
          }
        ]
      },
      "Id": "7711e51c-c6ce-4990-a1f8-399eef5cc602",
      "Relationships": [
        {
          "Type": "CHILD",
          "Ids": [
            "b5c4cccb-a32b-4b17-8537-430f9b013fca"
          ]
        }
      ],
      "Page": 1
    },
    {
      "BlockType": "LINE",
      "Confidence": 99.79051208496094,
      "Text": "REEP/HDDM",
      "Geometry": {
        "BoundingBox": {
          "Width": 0.0794675350189209,
          "Height": 0.018818803131580353,
          "Left": 0.2507970333099365,
          "Top": 0.4789623022079468
        },
        "Polygon": [
          {
            "X": 0.2507970333099365,
            "Y": 0.47917523980140686
          },
          {
            "X": 0.3301783800125122,
            "Y": 0.4789623022079468
          },
          {
            "X": 0.3302645683288574,
            "Y": 0.4975681006908417
          },
          {
            "X": 0.250876784324646,
            "Y": 0.4977811276912689
          }
        ]
      },
      "Id": "641ab6c1-3054-4f6d-93fc-2e99aa861305",
      "Relationships": [
        {
          "Type": "CHILD",
          "Ids": [
            "09869304-44db-4aba-9bd3-7b96f2614755"
          ]
        }
      ],
      "Page": 1
    },
    {
      "BlockType": "LINE",
      "Confidence": 87.6961441040039,
      "Text": "77.8 + 18.9",
      "Geometry": {
        "BoundingBox": {
          "Width": 0.0724799782037735,
          "Height": 0.018522491678595543,
          "Left": 0.3860699236392975,
          "Top": 0.4786539673805237
        },
        "Polygon": [
          {
            "X": 0.3860699236392975,
            "Y": 0.4788481295108795
          },
          {
            "X": 0.45845475792884827,
            "Y": 0.4786539673805237
          },
          {
            "X": 0.4585498869419098,
            "Y": 0.496982216835022
          },
          {
            "X": 0.3861592710018158,
            "Y": 0.4971764385700226
          }
        ]
      },
      "Id": "c1fba6ea-6c86-4bd2-8e19-7b321b843b5a",
      "Relationships": [
        {
          "Type": "CHILD",
          "Ids": [
            "9db38ee2-28bd-4654-af1f-5fc179993d76",
            "0bda1044-b60d-44c9-be59-abef3914a073",
            "913dab2c-54ef-48b0-9356-237568c25958"
          ]
        }
      ],
      "Page": 1
    },
    {
      "BlockType": "LINE",
      "Confidence": 95.39073944091797,
      "Text": "2.5 + 0.2",
      "Geometry": {
        "BoundingBox": {
          "Width": 0.0567946583032608,
          "Height": 0.01847180165350437,
          "Left": 0.5277772545814514,
          "Top": 0.4786204695701599
        },
        "Polygon": [
          {
            "X": 0.5277772545814514,
            "Y": 0.4787725508213043
          },
          {
            "X": 0.5844667553901672,
            "Y": 0.4786204695701599
          },
          {
            "X": 0.584571897983551,
            "Y": 0.49694016575813293
          },
          {
            "X": 0.5278778672218323,
            "Y": 0.49709227681159973
          }
        ]
      },
      "Id": "3ef4c691-fa29-447c-a5aa-6c4e0189ab61",
      "Relationships": [
        {
          "Type": "CHILD",
          "Ids": [
            "f4394372-a7a0-49a0-bfc0-ce8fb805fe7b",
            "e09b37a2-34e5-4466-87aa-e1116d48f143",
            "1ea89d22-70fe-46c9-a974-0319a23603d7"
          ]
        }
      ],
      "Page": 1
    },
    {
      "BlockType": "LINE",
      "Confidence": 82.04199981689453,
      "Text": "4.5 I 1.5",
      "Geometry": {
        "BoundingBox": {
          "Width": 0.0568624883890152,
          "Height": 0.018881676718592644,
          "Left": 0.6688718199729919,
          "Top": 0.4785265624523163
        },
        "Polygon": [
          {
            "X": 0.6688718199729919,
            "Y": 0.47867876291275024
          },
          {
            "X": 0.7256153225898743,
            "Y": 0.4785265624523163
          },
          {
            "X": 0.725734293460846,
            "Y": 0.49725595116615295
          },
          {
            "X": 0.6689862012863159,
            "Y": 0.4974082112312317
          }
        ]
      },
      "Id": "631a68cd-4ff1-430c-ae28-b831d4dfd4b2",
      "Relationships": [
        {
          "Type": "CHILD",
          "Ids": [
            "7ed0e358-823e-48b8-a207-48ac5ad8cc10",
            "b5c0983a-60ed-4e70-9549-b06fb1413dbd",
            "4ceb56a2-7ce5-43ed-929b-6a4e9c496867"
          ]
        }
      ],
      "Page": 1
    },
    {
      "BlockType": "LINE",
      "Confidence": 98.97122955322266,
      "Text": "REEP/DGEBA/",
      "Geometry": {
        "BoundingBox": {
          "Width": 0.09054902195930481,
          "Height": 0.020656025037169456,
          "Left": 0.25078684091567993,
          "Top": 0.5092823505401611
        },
        "Polygon": [
          {
            "X": 0.25078684091567993,
            "Y": 0.5095250606536865
          },
          {
            "X": 0.3412403166294098,
            "Y": 0.5092823505401611
          },
          {
            "X": 0.34133586287498474,
            "Y": 0.5296955108642578
          },
          {
            "X": 0.2508743405342102,
            "Y": 0.5299383401870728
          }
        ]
      },
      "Id": "e34356cb-639f-4603-93f1-abb610701893",
      "Relationships": [
        {
          "Type": "CHILD",
          "Ids": [
            "0497e91d-3beb-432a-87a7-db3d3b81dd96"
          ]
        }
      ],
      "Page": 1
    },
    {
      "BlockType": "LINE",
      "Confidence": 85.1021728515625,
      "Text": "70.8 + 15.9",
      "Geometry": {
        "BoundingBox": {
          "Width": 0.07244396954774857,
          "Height": 0.01858845166862011,
          "Left": 0.3860575556755066,
          "Top": 0.5096511840820312
        },
        "Polygon": [
          {
            "X": 0.3860575556755066,
            "Y": 0.5098453760147095
          },
          {
            "X": 0.4584060609340668,
            "Y": 0.5096511840820312
          },
          {
            "X": 0.45850151777267456,
            "Y": 0.5280454158782959
          },
          {
            "X": 0.38614723086357117,
            "Y": 0.5282396674156189
          }
        ]
      },
      "Id": "d3f43c8a-93af-4d2f-a44c-4bedf4394d7e",
      "Relationships": [
        {
          "Type": "CHILD",
          "Ids": [
            "7617ea72-46b0-4ca2-bf10-e7fbe0e27f19",
            "f29dd14d-d58f-49cb-8dc4-a8b7ecbeff1f",
            "d3563cc9-4859-4a64-a4b0-71948e77a9c5"
          ]
        }
      ],
      "Page": 1
    },
    {
      "BlockType": "LINE",
      "Confidence": 88.3257827758789,
      "Text": "2.5 + 0.1",
      "Geometry": {
        "BoundingBox": {
          "Width": 0.05516564100980759,
          "Height": 0.018484504893422127,
          "Left": 0.5279551148414612,
          "Top": 0.5097640752792358
        },
        "Polygon": [
          {
            "X": 0.5279551148414612,
            "Y": 0.509911835193634
          },
          {
            "X": 0.5830156207084656,
            "Y": 0.5097640752792358
          },
          {
            "X": 0.5831207633018494,
            "Y": 0.5281007289886475
          },
          {
            "X": 0.5280558466911316,
            "Y": 0.5282485485076904
          }
        ]
      },
      "Id": "04708e73-34b1-4101-bc55-e5c958d3203a",
      "Relationships": [
        {
          "Type": "CHILD",
          "Ids": [
            "106cb984-e97b-48c9-a60c-579eba1ea478",
            "c144c2a4-646f-4bd3-8bd2-78586284e48c",
            "dfddaf43-6e8a-46ed-9c47-bdef860d405e"
          ]
        }
      ],
      "Page": 1
    },
    {
      "BlockType": "LINE",
      "Confidence": 86.03572082519531,
      "Text": "3.5 I 0.7",
      "Geometry": {
        "BoundingBox": {
          "Width": 0.05705732852220535,
          "Height": 0.018784357234835625,
          "Left": 0.6689226031303406,
          "Top": 0.5095346570014954
        },
        "Polygon": [
          {
            "X": 0.6689226031303406,
            "Y": 0.5096874833106995
          },
          {
            "X": 0.7258614897727966,
            "Y": 0.5095346570014954
          },
          {
            "X": 0.7259799242019653,
            "Y": 0.5281661748886108
          },
          {
            "X": 0.669036328792572,
            "Y": 0.5283190011978149
          }
        ]
      },
      "Id": "7a72077f-ccde-4895-819d-22fb21b3de7c",
      "Relationships": [
        {
          "Type": "CHILD",
          "Ids": [
            "f3666e41-1753-489b-857d-545435d01146",
            "18cfaf8e-8149-4e88-91a6-004f7711f56b",
            "fb0448dc-2b63-49ed-ab22-609b61097fce"
          ]
        }
      ],
      "Page": 1
    },
    {
      "BlockType": "LINE",
      "Confidence": 99.84496307373047,
      "Text": "HDDM",
      "Geometry": {
        "BoundingBox": {
          "Width": 0.041190873831510544,
          "Height": 0.017308084294199944,
          "Left": 0.26300299167633057,
          "Top": 0.5412545204162598
        },
        "Polygon": [
          {
            "X": 0.26300299167633057,
            "Y": 0.5413649082183838
          },
          {
            "X": 0.3041161894798279,
            "Y": 0.5412545204162598
          },
          {
            "X": 0.3041938841342926,
            "Y": 0.5584521889686584
          },
          {
            "X": 0.26307761669158936,
            "Y": 0.5585625767707825
          }
        ]
      },
      "Id": "44670dd7-6e15-4086-bfc1-9dcdf8facb82",
      "Relationships": [
        {
          "Type": "CHILD",
          "Ids": [
            "c107b21e-1971-473c-ae0b-38ea8b955d2c"
          ]
        }
      ],
      "Page": 1
    },
    {
      "BlockType": "LINE",
      "Confidence": 99.53108215332031,
      "Text": "DGEBA/HDDM",
      "Geometry": {
        "BoundingBox": {
          "Width": 0.09282836318016052,
          "Height": 0.020094219595193863,
          "Left": 0.24996180832386017,
          "Top": 0.571753203868866
        },
        "Polygon": [
          {
            "X": 0.24996180832386017,
            "Y": 0.5720022916793823
          },
          {
            "X": 0.3426972031593323,
            "Y": 0.571753203868866
          },
          {
            "X": 0.3427901566028595,
            "Y": 0.5915982127189636
          },
          {
            "X": 0.2500467598438263,
            "Y": 0.5918474197387695
          }
        ]
      },
      "Id": "ac43a9c3-e684-433e-b25f-1ddce1385e8b",
      "Relationships": [
        {
          "Type": "CHILD",
          "Ids": [
            "704b2789-d32a-46e6-a79e-dd7e50f101ab"
          ]
        }
      ],
      "Page": 1
    },
    {
      "BlockType": "LINE",
      "Confidence": 83.39752197265625,
      "Text": "63.6 I 9.3",
      "Geometry": {
        "BoundingBox": {
          "Width": 0.06469183415174484,
          "Height": 0.018910309299826622,
          "Left": 0.38627195358276367,
          "Top": 0.571723222732544
        },
        "Polygon": [
          {
            "X": 0.38627195358276367,
            "Y": 0.5718967318534851
          },
          {
            "X": 0.4508671760559082,
            "Y": 0.571723222732544
          },
          {
            "X": 0.4509637653827667,
            "Y": 0.590459942817688
          },
          {
            "X": 0.38636326789855957,
            "Y": 0.5906335115432739
          }
        ]
      },
      "Id": "00d1e297-424f-4869-80ef-fa28661f66c0",
      "Relationships": [
        {
          "Type": "CHILD",
          "Ids": [
            "9d57b34d-1136-4c79-9235-4cf7c3e912ee",
            "2db34c3c-24fe-4a53-86ac-f2a8ce7a195a",
            "b55b3262-ac3a-4dd9-8f28-59886a05df8a"
          ]
        }
      ],
      "Page": 1
    },
    {
      "BlockType": "LINE",
      "Confidence": 85.48894500732422,
      "Text": "2.3 + 0.1",
      "Geometry": {
        "BoundingBox": {
          "Width": 0.055690959095954895,
          "Height": 0.01862970180809498,
          "Left": 0.527464747428894,
          "Top": 0.5717983841896057
        },
        "Polygon": [
          {
            "X": 0.527464747428894,
            "Y": 0.5719476938247681
          },
          {
            "X": 0.5830497741699219,
            "Y": 0.5717983841896057
          },
          {
            "X": 0.5831556916236877,
            "Y": 0.590278685092926
          },
          {
            "X": 0.5275661945343018,
            "Y": 0.5904280543327332
          }
        ]
      },
      "Id": "c656e0aa-e661-4963-b0a1-ec4910249b61",
      "Relationships": [
        {
          "Type": "CHILD",
          "Ids": [
            "cb520554-fea5-4e74-a9ac-1bd1744aadb4",
            "426ccdd5-0b26-4515-ad7c-60b4394aaddb",
            "ee167584-1892-4b13-8ce5-bb30e250d318"
          ]
        }
      ],
      "Page": 1
    },
    {
      "BlockType": "LINE",
      "Confidence": 81.25350952148438,
      "Text": "3.7 + 1.0",
      "Geometry": {
        "BoundingBox": {
          "Width": 0.057081129401922226,
          "Height": 0.01822076179087162,
          "Left": 0.6690071821212769,
          "Top": 0.5720922946929932
        },
        "Polygon": [
          {
            "X": 0.6690071821212769,
            "Y": 0.5722453594207764
          },
          {
            "X": 0.7259734869003296,
            "Y": 0.5720922946929932
          },
          {
            "X": 0.726088285446167,
            "Y": 0.5901600122451782
          },
          {
            "X": 0.6691174507141113,
            "Y": 0.5903130769729614
          }
        ]
      },
      "Id": "9e918e29-ab69-45d1-bb57-2ba1cb8adb79",
      "Relationships": [
        {
          "Type": "CHILD",
          "Ids": [
            "a188c771-4784-4011-9a0f-489f8198b234",
            "7d493ebe-e1fe-416b-840a-5f6babde6d97",
            "4ca66df1-44b1-493e-a618-9351bb369d69"
          ]
        }
      ],
      "Page": 1
    },
    {
      "BlockType": "WORD",
      "Confidence": 99.92886352539062,
      "Text": "System",
      "TextType": "PRINTED",
      "Geometry": {
        "BoundingBox": {
          "Width": 0.042378149926662445,
          "Height": 0.021312767639756203,
          "Left": 0.2505916655063629,
          "Top": 0.4014621675014496
        },
        "Polygon": [
          {
            "X": 0.2505916655063629,
            "Y": 0.4015754461288452
          },
          {
            "X": 0.2928750216960907,
            "Y": 0.4014621675014496
          },
          {
            "X": 0.29296979308128357,
            "Y": 0.42266160249710083
          },
          {
            "X": 0.250682532787323,
            "Y": 0.42277494072914124
          }
        ]
      },
      "Id": "213b4c20-3935-4c3d-8830-c1763bcaa819",
      "Page": 1
    },
    {
      "BlockType": "WORD",
      "Confidence": 99.92963409423828,
      "Text": "Tensile",
      "TextType": "PRINTED",
      "Geometry": {
        "BoundingBox": {
          "Width": 0.04355906322598457,
          "Height": 0.01927780732512474,
          "Left": 0.3859461843967438,
          "Top": 0.40032273530960083
        },
        "Polygon": [
          {
            "X": 0.3859461843967438,
            "Y": 0.40043920278549194
          },
          {
            "X": 0.42940816283226013,
            "Y": 0.40032273530960083
          },
          {
            "X": 0.42950522899627686,
            "Y": 0.41948407888412476
          },
          {
            "X": 0.3860396146774292,
            "Y": 0.41960054636001587
          }
        ]
      },
      "Id": "d5a91f1e-ed5a-422f-b2a8-5ea672ea6ca7",
      "Page": 1
    },
    {
      "BlockType": "WORD",
      "Confidence": 99.8985366821289,
      "Text": "strength",
      "TextType": "PRINTED",
      "Geometry": {
        "BoundingBox": {
          "Width": 0.050076037645339966,
          "Height": 0.023251770064234734,
          "Left": 0.4327111840248108,
          "Top": 0.40043342113494873
        },
        "Polygon": [
          {
            "X": 0.4327111840248108,
            "Y": 0.4005672335624695
          },
          {
            "X": 0.48266473412513733,
            "Y": 0.40043342113494873
          },
          {
            "X": 0.48278722167015076,
            "Y": 0.4235512912273407
          },
          {
            "X": 0.4328286349773407,
            "Y": 0.4236851930618286
          }
        ]
      },
      "Id": "0b8fdd2b-e11f-4f46-9a6b-bc559b214da8",
      "Page": 1
    },
    {
      "BlockType": "WORD",
      "Confidence": 99.94894409179688,
      "Text": "Tensile",
      "TextType": "PRINTED",
      "Geometry": {
        "BoundingBox": {
          "Width": 0.04367709904909134,
          "Height": 0.019165795296430588,
          "Left": 0.5269665718078613,
          "Top": 0.4005756676197052
        },
        "Polygon": [
          {
            "X": 0.5269665718078613,
            "Y": 0.4006924033164978
          },
          {
            "X": 0.5705354809761047,
            "Y": 0.4005756676197052
          },
          {
            "X": 0.5706436634063721,
            "Y": 0.4196246862411499
          },
          {
            "X": 0.5270711779594421,
            "Y": 0.4197414815425873
          }
        ]
      },
      "Id": "116e308b-369f-4946-bcc3-e99cf87c9ae7",
      "Page": 1
    },
    {
      "BlockType": "WORD",
      "Confidence": 99.89665985107422,
      "Text": "modulus",
      "TextType": "PRINTED",
      "Geometry": {
        "BoundingBox": {
          "Width": 0.05240393802523613,
          "Height": 0.01907801441848278,
          "Left": 0.5740640163421631,
          "Top": 0.4005585312843323
        },
        "Polygon": [
          {
            "X": 0.5740640163421631,
            "Y": 0.40069863200187683
          },
          {
            "X": 0.626355767250061,
            "Y": 0.4005585312843323
          },
          {
            "X": 0.6264679431915283,
            "Y": 0.4194963872432709
          },
          {
            "X": 0.5741719007492065,
            "Y": 0.4196365475654602
          }
        ]
      },
      "Id": "10ee0e74-6cf0-4f60-9293-51896f9cc1ee",
      "Page": 1
    },
    {
      "BlockType": "WORD",
      "Confidence": 99.88374328613281,
      "Text": "Tensile",
      "TextType": "PRINTED",
      "Geometry": {
        "BoundingBox": {
          "Width": 0.04386485368013382,
          "Height": 0.018761014565825462,
          "Left": 0.6685125231742859,
          "Top": 0.4006563127040863
        },
        "Polygon": [
          {
            "X": 0.6685125231742859,
            "Y": 0.4007735252380371
          },
          {
            "X": 0.7122599482536316,
            "Y": 0.4006563127040863
          },
          {
            "X": 0.7123774290084839,
            "Y": 0.4193000793457031
          },
          {
            "X": 0.6686264276504517,
            "Y": 0.4194173514842987
          }
        ]
      },
      "Id": "795142ff-ea06-47c2-894e-e5262cda0eda",
      "Page": 1
    },
    {
      "BlockType": "WORD",
      "Confidence": 99.89883422851562,
      "Text": "strain",
      "TextType": "PRINTED",
      "Geometry": {
        "BoundingBox": {
          "Width": 0.034565269947052,
          "Height": 0.017878368496894836,
          "Left": 0.7155430316925049,
          "Top": 0.4012654423713684
        },
        "Polygon": [
          {
            "X": 0.7155430316925049,
            "Y": 0.4013577699661255
          },
          {
            "X": 0.7499933838844299,
            "Y": 0.4012654423713684
          },
          {
            "X": 0.7501083016395569,
            "Y": 0.41905149817466736
          },
          {
            "X": 0.7156553268432617,
            "Y": 0.41914382576942444
          }
        ]
      },
      "Id": "d749770b-2113-45ce-bd50-cdf2c43b1aac",
      "Page": 1
    },
    {
      "BlockType": "WORD",
      "Confidence": 99.8050308227539,
      "Text": "(MPa)",
      "TextType": "PRINTED",
      "Geometry": {
        "BoundingBox": {
          "Width": 0.03659128397703171,
          "Height": 0.02131345495581627,
          "Left": 0.3865717947483063,
          "Top": 0.4315764904022217
        },
        "Polygon": [
          {
            "X": 0.3865717947483063,
            "Y": 0.4316742718219757
          },
          {
            "X": 0.4230562150478363,
            "Y": 0.4315764904022217
          },
          {
            "X": 0.4231630861759186,
            "Y": 0.45279210805892944
          },
          {
            "X": 0.38667529821395874,
            "Y": 0.45288994908332825
          }
        ]
      },
      "Id": "e24030ee-d746-438e-b6c0-e8624c05a04d",
      "Page": 1
    },
    {
      "BlockType": "WORD",
      "Confidence": 99.52742767333984,
      "Text": "(GPa)",
      "TextType": "PRINTED",
      "Geometry": {
        "BoundingBox": {
          "Width": 0.03387317806482315,
          "Height": 0.021347248926758766,
          "Left": 0.5276861786842346,
          "Top": 0.4317179322242737
        },
        "Polygon": [
          {
            "X": 0.5276861786842346,
            "Y": 0.4318084120750427
          },
          {
            "X": 0.5614394545555115,
            "Y": 0.4317179322242737
          },
          {
            "X": 0.5615593194961548,
            "Y": 0.45297467708587646
          },
          {
            "X": 0.5278029441833496,
            "Y": 0.4530651867389679
          }
        ]
      },
      "Id": "cbbd9b3c-afea-4932-900e-25a0fc8cdeb7",
      "Page": 1
    },
    {
      "BlockType": "WORD",
      "Confidence": 99.80829620361328,
      "Text": "(%)",
      "TextType": "PRINTED",
      "Geometry": {
        "BoundingBox": {
          "Width": 0.020714376121759415,
          "Height": 0.0214760210365057,
          "Left": 0.6691384315490723,
          "Top": 0.4323590397834778
        },
        "Polygon": [
          {
            "X": 0.6691384315490723,
            "Y": 0.4324142038822174
          },
          {
            "X": 0.6897200345993042,
            "Y": 0.4323590397834778
          },
          {
            "X": 0.6898528337478638,
            "Y": 0.4537798762321472
          },
          {
            "X": 0.669269323348999,
            "Y": 0.45383507013320923
          }
        ]
      },
      "Id": "b5c4cccb-a32b-4b17-8537-430f9b013fca",
      "Page": 1
    },
    {
      "BlockType": "WORD",
      "Confidence": 99.79051208496094,
      "Text": "REEP/HDDM",
      "TextType": "PRINTED",
      "Geometry": {
        "BoundingBox": {
          "Width": 0.0794675350189209,
          "Height": 0.018818803131580353,
          "Left": 0.2507970333099365,
          "Top": 0.4789623022079468
        },
        "Polygon": [
          {
            "X": 0.2507970333099365,
            "Y": 0.47917523980140686
          },
          {
            "X": 0.3301783800125122,
            "Y": 0.4789623022079468
          },
          {
            "X": 0.3302645683288574,
            "Y": 0.4975681006908417
          },
          {
            "X": 0.250876784324646,
            "Y": 0.4977811276912689
          }
        ]
      },
      "Id": "09869304-44db-4aba-9bd3-7b96f2614755",
      "Page": 1
    },
    {
      "BlockType": "WORD",
      "Confidence": 99.96017456054688,
      "Text": "77.8",
      "TextType": "PRINTED",
      "Geometry": {
        "BoundingBox": {
          "Width": 0.027424084022641182,
          "Height": 0.018228309229016304,
          "Left": 0.38607075810432434,
          "Top": 0.4789481461048126
        },
        "Polygon": [
          {
            "X": 0.38607075810432434,
            "Y": 0.47902145981788635
          },
          {
            "X": 0.4134041666984558,
            "Y": 0.4789481461048126
          },
          {
            "X": 0.41349485516548157,
            "Y": 0.49710309505462646
          },
          {
            "X": 0.3861592710018158,
            "Y": 0.4971764385700226
          }
        ]
      },
      "Id": "9db38ee2-28bd-4654-af1f-5fc179993d76",
      "Page": 1
    },
    {
      "BlockType": "WORD",
      "Confidence": 69.24992370605469,
      "Text": "+",
      "TextType": "PRINTED",
      "Geometry": {
        "BoundingBox": {
          "Width": 0.010428411886096,
          "Height": 0.0176475141197443,
          "Left": 0.41738125681877136,
          "Top": 0.47897815704345703
        },
        "Polygon": [
          {
            "X": 0.41738125681877136,
            "Y": 0.4790058732032776
          },
          {
            "X": 0.4277205467224121,
            "Y": 0.47897815704345703
          },
          {
            "X": 0.4278096556663513,
            "Y": 0.49659791588783264
          },
          {
            "X": 0.4174695611000061,
            "Y": 0.4966256618499756
          }
        ]
      },
      "Id": "0bda1044-b60d-44c9-be59-abef3914a073",
      "Page": 1
    },
    {
      "BlockType": "WORD",
      "Confidence": 93.87834930419922,
      "Text": "18.9",
      "TextType": "PRINTED",
      "Geometry": {
        "BoundingBox": {
          "Width": 0.026342198252677917,
          "Height": 0.018217412754893303,
          "Left": 0.43220674991607666,
          "Top": 0.4786539673805237
        },
        "Polygon": [
          {
            "X": 0.43220674991607666,
            "Y": 0.4787243604660034
          },
          {
            "X": 0.45845475792884827,
            "Y": 0.4786539673805237
          },
          {
            "X": 0.45854896306991577,
            "Y": 0.4968009293079376
          },
          {
            "X": 0.432298868894577,
            "Y": 0.49687138199806213
          }
        ]
      },
      "Id": "913dab2c-54ef-48b0-9356-237568c25958",
      "Page": 1
    },
    {
      "BlockType": "WORD",
      "Confidence": 99.75611877441406,
      "Text": "2.5",
      "TextType": "PRINTED",
      "Geometry": {
        "BoundingBox": {
          "Width": 0.019158124923706055,
          "Height": 0.01837085373699665,
          "Left": 0.5277772545814514,
          "Top": 0.4787214398384094
        },
        "Polygon": [
          {
            "X": 0.5277772545814514,
            "Y": 0.4787725508213043
          },
          {
            "X": 0.5468332171440125,
            "Y": 0.4787214398384094
          },
          {
            "X": 0.5469353795051575,
            "Y": 0.49704113602638245
          },
          {
            "X": 0.5278778672218323,
            "Y": 0.49709227681159973
          }
        ]
      },
      "Id": "f4394372-a7a0-49a0-bfc0-ce8fb805fe7b",
      "Page": 1
    },
    {
      "BlockType": "WORD",
      "Confidence": 86.45032501220703,
      "Text": "+",
      "TextType": "PRINTED",
      "Geometry": {
        "BoundingBox": {
          "Width": 0.010103386826813221,
          "Height": 0.017497194930911064,
          "Left": 0.5509849190711975,
          "Top": 0.47909438610076904
        },
        "Polygon": [
          {
            "X": 0.5509849190711975,
            "Y": 0.47912123799324036
          },
          {
            "X": 0.5609897971153259,
            "Y": 0.47909438610076904
          },
          {
            "X": 0.5610883235931396,
            "Y": 0.49656474590301514
          },
          {
            "X": 0.5510826706886292,
            "Y": 0.49659159779548645
          }
        ]
      },
      "Id": "e09b37a2-34e5-4466-87aa-e1116d48f143",
      "Page": 1
    },
    {
      "BlockType": "WORD",
      "Confidence": 99.96575927734375,
      "Text": "0.2",
      "TextType": "PRINTED",
      "Geometry": {
        "BoundingBox": {
          "Width": 0.019633056595921516,
          "Height": 0.01831759139895439,
          "Left": 0.5649386644363403,
          "Top": 0.47863930463790894
        },
        "Polygon": [
          {
            "X": 0.5649386644363403,
            "Y": 0.4786916673183441
          },
          {
            "X": 0.5844668745994568,
            "Y": 0.47863930463790894
          },
          {
            "X": 0.5845717191696167,
            "Y": 0.49690449237823486
          },
          {
            "X": 0.5650418996810913,
            "Y": 0.49695688486099243
          }
        ]
      },
      "Id": "1ea89d22-70fe-46c9-a974-0319a23603d7",
      "Page": 1
    },
    {
      "BlockType": "WORD",
      "Confidence": 99.92269134521484,
      "Text": "4.5",
      "TextType": "PRINTED",
      "Geometry": {
        "BoundingBox": {
          "Width": 0.01935466192662716,
          "Height": 0.01878107339143753,
          "Left": 0.6688718199729919,
          "Top": 0.47862714529037476
        },
        "Polygon": [
          {
            "X": 0.6688718199729919,
            "Y": 0.47867876291275024
          },
          {
            "X": 0.6881105303764343,
            "Y": 0.47862714529037476
          },
          {
            "X": 0.6882264614105225,
            "Y": 0.4973565936088562
          },
          {
            "X": 0.6689862012863159,
            "Y": 0.4974082112312317
          }
        ]
      },
      "Id": "7ed0e358-823e-48b8-a207-48ac5ad8cc10",
      "Page": 1
    },
    {
      "BlockType": "WORD",
      "Confidence": 46.31798553466797,
      "Text": "I",
      "TextType": "PRINTED",
      "Geometry": {
        "BoundingBox": {
          "Width": 0.010580617934465408,
          "Height": 0.018107939511537552,
          "Left": 0.692193865776062,
          "Top": 0.4788884222507477
        },
        "Polygon": [
          {
            "X": 0.692193865776062,
            "Y": 0.4789164960384369
          },
          {
            "X": 0.7026614546775818,
            "Y": 0.4788884222507477
          },
          {
            "X": 0.7027745246887207,
            "Y": 0.49696826934814453
          },
          {
            "X": 0.6923061609268188,
            "Y": 0.49699634313583374
          }
        ]
      },
      "Id": "b5c0983a-60ed-4e70-9549-b06fb1413dbd",
      "Page": 1
    },
    {
      "BlockType": "WORD",
      "Confidence": 99.88531494140625,
      "Text": "1.5",
      "TextType": "PRINTED",
      "Geometry": {
        "BoundingBox": {
          "Width": 0.018364470452070236,
          "Height": 0.018704887479543686,
          "Left": 0.707369863986969,
          "Top": 0.4785996675491333
        },
        "Polygon": [
          {
            "X": 0.707369863986969,
            "Y": 0.4786486029624939
          },
          {
            "X": 0.7256157398223877,
            "Y": 0.4785996675491333
          },
          {
            "X": 0.725734293460846,
            "Y": 0.4972555935382843
          },
          {
            "X": 0.7074869275093079,
            "Y": 0.4973045587539673
          }
        ]
      },
      "Id": "4ceb56a2-7ce5-43ed-929b-6a4e9c496867",
      "Page": 1
    },
    {
      "BlockType": "WORD",
      "Confidence": 98.97122955322266,
      "Text": "REEP/DGEBA/",
      "TextType": "PRINTED",
      "Geometry": {
        "BoundingBox": {
          "Width": 0.09054902195930481,
          "Height": 0.020656025037169456,
          "Left": 0.25078684091567993,
          "Top": 0.5092823505401611
        },
        "Polygon": [
          {
            "X": 0.25078684091567993,
            "Y": 0.5095250606536865
          },
          {
            "X": 0.3412403166294098,
            "Y": 0.5092823505401611
          },
          {
            "X": 0.34133586287498474,
            "Y": 0.5296955108642578
          },
          {
            "X": 0.2508743405342102,
            "Y": 0.5299383401870728
          }
        ]
      },
      "Id": "0497e91d-3beb-432a-87a7-db3d3b81dd96",
      "Page": 1
    },
    {
      "BlockType": "WORD",
      "Confidence": 99.53164672851562,
      "Text": "70.8",
      "TextType": "PRINTED",
      "Geometry": {
        "BoundingBox": {
          "Width": 0.027312511578202248,
          "Height": 0.01845964416861534,
          "Left": 0.3860575556755066,
          "Top": 0.5097723007202148
        },
        "Polygon": [
          {
            "X": 0.3860575556755066,
            "Y": 0.5098453760147095
          },
          {
            "X": 0.4132782518863678,
            "Y": 0.5097723007202148
          },
          {
            "X": 0.4133700728416443,
            "Y": 0.5281589031219482
          },
          {
            "X": 0.3861472010612488,
            "Y": 0.5282319784164429
          }
        ]
      },
      "Id": "7617ea72-46b0-4ca2-bf10-e7fbe0e27f19",
      "Page": 1
    },
    {
      "BlockType": "WORD",
      "Confidence": 59.717529296875,
      "Text": "+",
      "TextType": "PRINTED",
      "Geometry": {
        "BoundingBox": {
          "Width": 0.010240864008665085,
          "Height": 0.017710983753204346,
          "Left": 0.4174342155456543,
          "Top": 0.5102932453155518
        },
        "Polygon": [
          {
            "X": 0.4174342155456543,
            "Y": 0.5103204846382141
          },
          {
            "X": 0.4275856614112854,
            "Y": 0.5102932453155518
          },
          {
            "X": 0.4276750683784485,
            "Y": 0.5279769897460938
          },
          {
            "X": 0.4175228476524353,
            "Y": 0.5280042290687561
          }
        ]
      },
      "Id": "f29dd14d-d58f-49cb-8dc4-a8b7ecbeff1f",
      "Page": 1
    },
    {
      "BlockType": "WORD",
      "Confidence": 96.05733489990234,
      "Text": "15.9",
      "TextType": "PRINTED",
      "Geometry": {
        "BoundingBox": {
          "Width": 0.02616245113313198,
          "Height": 0.018389901146292686,
          "Left": 0.432339072227478,
          "Top": 0.5097255110740662
        },
        "Polygon": [
          {
            "X": 0.432339072227478,
            "Y": 0.5097954869270325
          },
          {
            "X": 0.4584064483642578,
            "Y": 0.5097255110740662
          },
          {
            "X": 0.45850151777267456,
            "Y": 0.5280454158782959
          },
          {
            "X": 0.43243208527565,
            "Y": 0.5281153917312622
          }
        ]
      },
      "Id": "d3563cc9-4859-4a64-a4b0-71948e77a9c5",
      "Page": 1
    },
    {
      "BlockType": "WORD",
      "Confidence": 99.71885681152344,
      "Text": "2.5",
      "TextType": "PRINTED",
      "Geometry": {
        "BoundingBox": {
          "Width": 0.018968360498547554,
          "Height": 0.01838736981153488,
          "Left": 0.5279551148414612,
          "Top": 0.509861171245575
        },
        "Polygon": [
          {
            "X": 0.5279551148414612,
            "Y": 0.509911835193634
          },
          {
            "X": 0.5468212366104126,
            "Y": 0.509861171245575
          },
          {
            "X": 0.5469234585762024,
            "Y": 0.5281978845596313
          },
          {
            "X": 0.5280558466911316,
            "Y": 0.5282485485076904
          }
        ]
      },
      "Id": "106cb984-e97b-48c9-a60c-579eba1ea478",
      "Page": 1
    },
    {
      "BlockType": "WORD",
      "Confidence": 65.34156036376953,
      "Text": "+",
      "TextType": "PRINTED",
      "Geometry": {
        "BoundingBox": {
          "Width": 0.01004599779844284,
          "Height": 0.017247477546334267,
          "Left": 0.5510354042053223,
          "Top": 0.5106164216995239
        },
        "Polygon": [
          {
            "X": 0.5510354042053223,
            "Y": 0.5106431245803833
          },
          {
            "X": 0.5609843730926514,
            "Y": 0.5106164216995239
          },
          {
            "X": 0.5610814094543457,
            "Y": 0.5278371572494507
          },
          {
            "X": 0.5511317253112793,
            "Y": 0.5278638601303101
          }
        ]
      },
      "Id": "c144c2a4-646f-4bd3-8bd2-78586284e48c",
      "Page": 1
    },
    {
      "BlockType": "WORD",
      "Confidence": 99.91693115234375,
      "Text": "0.1",
      "TextType": "PRINTED",
      "Geometry": {
        "BoundingBox": {
          "Width": 0.018345514312386513,
          "Height": 0.018076302483677864,
          "Left": 0.564773678779602,
          "Top": 0.5097985863685608
        },
        "Polygon": [
          {
            "X": 0.564773678779602,
            "Y": 0.5098475813865662
          },
          {
            "X": 0.5830158591270447,
            "Y": 0.5097985863685608
          },
          {
            "X": 0.5831192135810852,
            "Y": 0.5278259515762329
          },
          {
            "X": 0.564875602722168,
            "Y": 0.5278748869895935
          }
        ]
      },
      "Id": "dfddaf43-6e8a-46ed-9c47-bdef860d405e",
      "Page": 1
    },
    {
      "BlockType": "WORD",
      "Confidence": 99.8344955444336,
      "Text": "3.5",
      "TextType": "PRINTED",
      "Geometry": {
        "BoundingBox": {
          "Width": 0.019286153838038445,
          "Height": 0.018682999536395073,
          "Left": 0.6689226031303406,
          "Top": 0.5096360445022583
        },
        "Polygon": [
          {
            "X": 0.6689226031303406,
            "Y": 0.5096874833106995
          },
          {
            "X": 0.6880934238433838,
            "Y": 0.5096360445022583
          },
          {
            "X": 0.6882087588310242,
            "Y": 0.5282675623893738
          },
          {
            "X": 0.669036328792572,
            "Y": 0.5283190011978149
          }
        ]
      },
      "Id": "f3666e41-1753-489b-857d-545435d01146",
      "Page": 1
    },
    {
      "BlockType": "WORD",
      "Confidence": 58.29369354248047,
      "Text": "I",
      "TextType": "PRINTED",
      "Geometry": {
        "BoundingBox": {
          "Width": 0.010394254699349403,
          "Height": 0.01713808998465538,
          "Left": 0.6923249959945679,
          "Top": 0.5106886625289917
        },
        "Polygon": [
          {
            "X": 0.6923249959945679,
            "Y": 0.5107162594795227
          },
          {
            "X": 0.7026122212409973,
            "Y": 0.5106886625289917
          },
          {
            "X": 0.7027192115783691,
            "Y": 0.527799129486084
          },
          {
            "X": 0.6924312114715576,
            "Y": 0.5278267860412598
          }
        ]
      },
      "Id": "18cfaf8e-8149-4e88-91a6-004f7711f56b",
      "Page": 1
    },
    {
      "BlockType": "WORD",
      "Confidence": 99.9789810180664,
      "Text": "0.7",
      "TextType": "PRINTED",
      "Geometry": {
        "BoundingBox": {
          "Width": 0.019387105479836464,
          "Height": 0.01810229755938053,
          "Left": 0.7065913081169128,
          "Top": 0.5098824501037598
        },
        "Polygon": [
          {
            "X": 0.7065913081169128,
            "Y": 0.50993412733078
          },
          {
            "X": 0.7258636951446533,
            "Y": 0.5098824501037598
          },
          {
            "X": 0.725978434085846,
            "Y": 0.5279330015182495
          },
          {
            "X": 0.7067044973373413,
            "Y": 0.5279847383499146
          }
        ]
      },
      "Id": "fb0448dc-2b63-49ed-ab22-609b61097fce",
      "Page": 1
    },
    {
      "BlockType": "WORD",
      "Confidence": 99.84496307373047,
      "Text": "HDDM",
      "TextType": "PRINTED",
      "Geometry": {
        "BoundingBox": {
          "Width": 0.041190873831510544,
          "Height": 0.017308084294199944,
          "Left": 0.26300299167633057,
          "Top": 0.5412545204162598
        },
        "Polygon": [
          {
            "X": 0.26300299167633057,
            "Y": 0.5413649082183838
          },
          {
            "X": 0.3041161894798279,
            "Y": 0.5412545204162598
          },
          {
            "X": 0.3041938841342926,
            "Y": 0.5584521889686584
          },
          {
            "X": 0.26307761669158936,
            "Y": 0.5585625767707825
          }
        ]
      },
      "Id": "c107b21e-1971-473c-ae0b-38ea8b955d2c",
      "Page": 1
    },
    {
      "BlockType": "WORD",
      "Confidence": 99.53108215332031,
      "Text": "DGEBA/HDDM",
      "TextType": "PRINTED",
      "Geometry": {
        "BoundingBox": {
          "Width": 0.09282836318016052,
          "Height": 0.020094219595193863,
          "Left": 0.24996180832386017,
          "Top": 0.571753203868866
        },
        "Polygon": [
          {
            "X": 0.24996180832386017,
            "Y": 0.5720022916793823
          },
          {
            "X": 0.3426972031593323,
            "Y": 0.571753203868866
          },
          {
            "X": 0.3427901566028595,
            "Y": 0.5915982127189636
          },
          {
            "X": 0.2500467598438263,
            "Y": 0.5918474197387695
          }
        ]
      },
      "Id": "704b2789-d32a-46e6-a79e-dd7e50f101ab",
      "Page": 1
    },
    {
      "BlockType": "WORD",
      "Confidence": 99.97733306884766,
      "Text": "63.6",
      "TextType": "PRINTED",
      "Geometry": {
        "BoundingBox": {
          "Width": 0.027122696861624718,
          "Height": 0.018398575484752655,
          "Left": 0.3862721025943756,
          "Top": 0.5718551874160767
        },
        "Polygon": [
          {
            "X": 0.3862721025943756,
            "Y": 0.5719277858734131
          },
          {
            "X": 0.41330328583717346,
            "Y": 0.5718551874160767
          },
          {
            "X": 0.4133947789669037,
            "Y": 0.5901811122894287
          },
          {
            "X": 0.38636142015457153,
            "Y": 0.5902537703514099
          }
        ]
      },
      "Id": "9d57b34d-1136-4c79-9235-4cf7c3e912ee",
      "Page": 1
    },
    {
      "BlockType": "WORD",
      "Confidence": 50.268733978271484,
      "Text": "I",
      "TextType": "PRINTED",
      "Geometry": {
        "BoundingBox": {
          "Width": 0.010623115114867687,
          "Height": 0.01868324726819992,
          "Left": 0.4172634184360504,
          "Top": 0.5717852115631104
        },
        "Polygon": [
          {
            "X": 0.4172634184360504,
            "Y": 0.5718134641647339
          },
          {
            "X": 0.4277922511100769,
            "Y": 0.5717852115631104
          },
          {
            "X": 0.4278865456581116,
            "Y": 0.5904401540756226
          },
          {
            "X": 0.4173568785190582,
            "Y": 0.5904684066772461
          }
        ]
      },
      "Id": "2db34c3c-24fe-4a53-86ac-f2a8ce7a195a",
      "Page": 1
    },
    {
      "BlockType": "WORD",
      "Confidence": 99.94650268554688,
      "Text": "9.3",
      "TextType": "PRINTED",
      "Geometry": {
        "BoundingBox": {
          "Width": 0.01926415227353573,
          "Height": 0.018684644252061844,
          "Left": 0.43169963359832764,
          "Top": 0.5718268156051636
        },
        "Polygon": [
          {
            "X": 0.43169963359832764,
            "Y": 0.5718782544136047
          },
          {
            "X": 0.4508677124977112,
            "Y": 0.5718268156051636
          },
          {
            "X": 0.4509637653827667,
            "Y": 0.590459942817688
          },
          {
            "X": 0.431794136762619,
            "Y": 0.5905114412307739
          }
        ]
      },
      "Id": "b55b3262-ac3a-4dd9-8f28-59886a05df8a",
      "Page": 1
    },
    {
      "BlockType": "WORD",
      "Confidence": 99.8956069946289,
      "Text": "2.3",
      "TextType": "PRINTED",
      "Geometry": {
        "BoundingBox": {
          "Width": 0.019487112760543823,
          "Height": 0.018399594351649284,
          "Left": 0.527464747428894,
          "Top": 0.5718955993652344
        },
        "Polygon": [
          {
            "X": 0.527464747428894,
            "Y": 0.5719476938247681
          },
          {
            "X": 0.5468495488166809,
            "Y": 0.5718955993652344
          },
          {
            "X": 0.5469518303871155,
            "Y": 0.5902431011199951
          },
          {
            "X": 0.5275654196739197,
            "Y": 0.5902951955795288
          }
        ]
      },
      "Id": "cb520554-fea5-4e74-a9ac-1bd1744aadb4",
      "Page": 1
    },
    {
      "BlockType": "WORD",
      "Confidence": 56.65013122558594,
      "Text": "+",
      "TextType": "PRINTED",
      "Geometry": {
        "BoundingBox": {
          "Width": 0.010374141857028008,
          "Height": 0.017769478261470795,
          "Left": 0.5507785677909851,
          "Top": 0.5724169611930847
        },
        "Polygon": [
          {
            "X": 0.5507785677909851,
            "Y": 0.5724445581436157
          },
          {
            "X": 0.561052680015564,
            "Y": 0.5724169611930847
          },
          {
            "X": 0.5611526966094971,
            "Y": 0.5901588201522827
          },
          {
            "X": 0.5508777499198914,
            "Y": 0.5901864171028137
          }
        ]
      },
      "Id": "426ccdd5-0b26-4515-ad7c-60b4394aaddb",
      "Page": 1
    },
    {
      "BlockType": "WORD",
      "Confidence": 99.92109680175781,
      "Text": "0.1",
      "TextType": "PRINTED",
      "Geometry": {
        "BoundingBox": {
          "Width": 0.018534168601036072,
          "Height": 0.018374010920524597,
          "Left": 0.5646215081214905,
          "Top": 0.5719542503356934
        },
        "Polygon": [
          {
            "X": 0.5646215081214905,
            "Y": 0.5720037221908569
          },
          {
            "X": 0.5830506682395935,
            "Y": 0.5719542503356934
          },
          {
            "X": 0.5831556916236877,
            "Y": 0.590278685092926
          },
          {
            "X": 0.5647250413894653,
            "Y": 0.5903282165527344
          }
        ]
      },
      "Id": "ee167584-1892-4b13-8ce5-bb30e250d318",
      "Page": 1
    },
    {
      "BlockType": "WORD",
      "Confidence": 92.58411407470703,
      "Text": "3.7",
      "TextType": "PRINTED",
      "Geometry": {
        "BoundingBox": {
          "Width": 0.019163765013217926,
          "Height": 0.01778954640030861,
          "Left": 0.6690071821212769,
          "Top": 0.5721941590309143
        },
        "Polygon": [
          {
            "X": 0.6690071821212769,
            "Y": 0.5722453594207764
          },
          {
            "X": 0.6880611777305603,
            "Y": 0.5721941590309143
          },
          {
            "X": 0.6881709098815918,
            "Y": 0.5899325013160706
          },
          {
            "X": 0.669115424156189,
            "Y": 0.5899837017059326
          }
        ]
      },
      "Id": "a188c771-4784-4011-9a0f-489f8198b234",
      "Page": 1
    },
    {
      "BlockType": "WORD",
      "Confidence": 51.248878479003906,
      "Text": "+",
      "TextType": "PRINTED",
      "Geometry": {
        "BoundingBox": {
          "Width": 0.01037612184882164,
          "Height": 0.017740560695528984,
          "Left": 0.6924834847450256,
          "Top": 0.5723990201950073
        },
        "Polygon": [
          {
            "X": 0.6924834847450256,
            "Y": 0.5724265575408936
          },
          {
            "X": 0.7027488350868225,
            "Y": 0.5723990201950073
          },
          {
            "X": 0.7028595805168152,
            "Y": 0.5901119709014893
          },
          {
            "X": 0.6925934553146362,
            "Y": 0.5901395678520203
          }
        ]
      },
      "Id": "7d493ebe-e1fe-416b-840a-5f6babde6d97",
      "Page": 1
    },
    {
      "BlockType": "WORD",
      "Confidence": 99.92754364013672,
      "Text": "1.0",
      "TextType": "PRINTED",
      "Geometry": {
        "BoundingBox": {
          "Width": 0.01909193955361843,
          "Height": 0.01794908381998539,
          "Left": 0.7069963216781616,
          "Top": 0.5722619295120239
        },
        "Polygon": [
          {
            "X": 0.7069963216781616,
            "Y": 0.5723128914833069
          },
          {
            "X": 0.7259745597839355,
            "Y": 0.5722619295120239
          },
          {
            "X": 0.726088285446167,
            "Y": 0.5901600122451782
          },
          {
            "X": 0.7071085572242737,
            "Y": 0.5902109742164612
          }
        ]
      },
      "Id": "4ca66df1-44b1-493e-a618-9351bb369d69",
      "Page": 1
    },
    {
      "BlockType": "TABLE",
      "Confidence": 99.658203125,
      "Geometry": {
        "BoundingBox": {
          "Width": 0.5393604636192322,
          "Height": 0.22002804279327393,
          "Left": 0.23021313548088074,
          "Top": 0.3865550458431244
        },
        "Polygon": [
          {
            "X": 0.23021313548088074,
            "Y": 0.38799595832824707
          },
          {
            "X": 0.7681436538696289,
            "Y": 0.3865550458431244
          },
          {
            "X": 0.7695736289024353,
            "Y": 0.6051359176635742
          },
          {
            "X": 0.2311309427022934,
            "Y": 0.6065830588340759
          }
        ]
      },
      "Id": "337cf150-8e54-4c55-a300-dedad5e105f5",
      "Relationships": [
        {
          "Type": "CHILD",
          "Ids": [
            "21366695-26d8-40c2-9800-a247df46dd6f",
            "86891034-9128-4c82-9772-4dadc26c6ffa",
            "ff7c904a-bc5e-4091-a59a-136a95937cec",
            "a1444f21-729c-43ac-94e7-fa8016159407",
            "20f43de4-6da6-4ebb-88a7-654ec3647600",
            "4e19ffcd-2f13-437d-bf42-5b417cc45a0c",
            "2179c86e-0e16-4da1-a897-470cca9df201",
            "e8fa7481-7468-4bcb-8d80-f19ea54b3fd7",
            "eb0527b7-4432-467c-bf10-da917f255d28",
            "324a8e67-06bd-402e-b760-c8fbbfb146b8",
            "6e63f419-5255-42bf-8142-f90690b3ba65",
            "9abf1a82-7ba2-4a51-bece-84f1ce9d3576",
            "dd070d78-eab1-4646-905e-8da8116f69d3",
            "b7903df1-6169-4f10-b158-c2d415db4781",
            "e03c75ab-05cc-49f2-9b14-8add0f41afce",
            "82b7db14-844d-4fa4-b259-11efc00424d4"
          ]
        }
      ],
      "EntityTypes": [
        "STRUCTURED_TABLE"
      ],
      "Page": 1
    },
    {
      "BlockType": "CELL",
      "Confidence": 92.333984375,
      "RowIndex": 1,
      "ColumnIndex": 1,
      "RowSpan": 1,
      "ColumnSpan": 1,
      "Geometry": {
        "BoundingBox": {
          "Width": 0.13315846025943756,
          "Height": 0.07791843265295029,
          "Left": 0.23021313548088074,
          "Top": 0.3876402676105499
        },
        "Polygon": [
          {
            "X": 0.23021313548088074,
            "Y": 0.38799595832824707
          },
          {
            "X": 0.3630010783672333,
            "Y": 0.3876402676105499
          },
          {
            "X": 0.3633716106414795,
            "Y": 0.4652024507522583
          },
          {
            "X": 0.23053881525993347,
            "Y": 0.4655587077140808
          }
        ]
      },
      "Id": "21366695-26d8-40c2-9800-a247df46dd6f",
      "Relationships": [
        {
          "Type": "CHILD",
          "Ids": [
            "213b4c20-3935-4c3d-8830-c1763bcaa819"
          ]
        }
      ],
      "EntityTypes": [
        "COLUMN_HEADER"
      ],
      "Page": 1
    },
    {
      "BlockType": "CELL",
      "Confidence": 92.724609375,
      "RowIndex": 1,
      "ColumnIndex": 2,
      "RowSpan": 1,
      "ColumnSpan": 1,
      "Geometry": {
        "BoundingBox": {
          "Width": 0.14209330081939697,
          "Height": 0.07794169336557388,
          "Left": 0.3630010783672333,
          "Top": 0.387260764837265
        },
        "Polygon": [
          {
            "X": 0.3630010783672333,
            "Y": 0.3876402676105499
          },
          {
            "X": 0.5046759843826294,
            "Y": 0.387260764837265
          },
          {
            "X": 0.5050943493843079,
            "Y": 0.464822381734848
          },
          {
            "X": 0.3633716106414795,
            "Y": 0.4652024507522583
          }
        ]
      },
      "Id": "86891034-9128-4c82-9772-4dadc26c6ffa",
      "Relationships": [
        {
          "Type": "CHILD",
          "Ids": [
            "d5a91f1e-ed5a-422f-b2a8-5ea672ea6ca7",
            "0b8fdd2b-e11f-4f46-9a6b-bc559b214da8",
            "e24030ee-d746-438e-b6c0-e8624c05a04d"
          ]
        }
      ],
      "EntityTypes": [
        "COLUMN_HEADER"
      ],
      "Page": 1
    },
    {
      "BlockType": "CELL",
      "Confidence": 92.919921875,
      "RowIndex": 1,
      "ColumnIndex": 3,
      "RowSpan": 1,
      "ColumnSpan": 1,
      "Geometry": {
        "BoundingBox": {
          "Width": 0.1413692831993103,
          "Height": 0.07793904095888138,
          "Left": 0.5046759843826294,
          "Top": 0.38688334822654724
        },
        "Polygon": [
          {
            "X": 0.5046759843826294,
            "Y": 0.387260764837265
          },
          {
            "X": 0.6455792784690857,
            "Y": 0.38688334822654724
          },
          {
            "X": 0.6460452675819397,
            "Y": 0.4644443690776825
          },
          {
            "X": 0.5050943493843079,
            "Y": 0.464822381734848
          }
        ]
      },
      "Id": "ff7c904a-bc5e-4091-a59a-136a95937cec",
      "Relationships": [
        {
          "Type": "CHILD",
          "Ids": [
            "116e308b-369f-4946-bcc3-e99cf87c9ae7",
            "10ee0e74-6cf0-4f60-9293-51896f9cc1ee",
            "cbbd9b3c-afea-4932-900e-25a0fc8cdeb7"
          ]
        }
      ],
      "EntityTypes": [
        "COLUMN_HEADER"
      ],
      "Page": 1
    },
    {
      "BlockType": "CELL",
      "Confidence": 92.724609375,
      "RowIndex": 1,
      "ColumnIndex": 4,
      "RowSpan": 1,
      "ColumnSpan": 1,
      "Geometry": {
        "BoundingBox": {
          "Width": 0.12307178974151611,
          "Height": 0.0778893381357193,
          "Left": 0.6455792784690857,
          "Top": 0.3865550458431244
        },
        "Polygon": [
          {
            "X": 0.6455792784690857,
            "Y": 0.38688334822654724
          },
          {
            "X": 0.7681436538696289,
            "Y": 0.3865550458431244
          },
          {
            "X": 0.7686510682106018,
            "Y": 0.46411556005477905
          },
          {
            "X": 0.6460452675819397,
            "Y": 0.4644443690776825
          }
        ]
      },
      "Id": "a1444f21-729c-43ac-94e7-fa8016159407",
      "Relationships": [
        {
          "Type": "CHILD",
          "Ids": [
            "795142ff-ea06-47c2-894e-e5262cda0eda",
            "d749770b-2113-45ce-bd50-cdf2c43b1aac",
            "b5c4cccb-a32b-4b17-8537-430f9b013fca"
          ]
        }
      ],
      "EntityTypes": [
        "COLUMN_HEADER"
      ],
      "Page": 1
    },
    {
      "BlockType": "CELL",
      "Confidence": 77.63671875,
      "RowIndex": 2,
      "ColumnIndex": 1,
      "RowSpan": 1,
      "ColumnSpan": 1,
      "Geometry": {
        "BoundingBox": {
          "Width": 0.13301332294940948,
          "Height": 0.03814590349793434,
          "Left": 0.23053881525993347,
          "Top": 0.4652024507522583
        },
        "Polygon": [
          {
            "X": 0.23053881525993347,
            "Y": 0.4655587077140808
          },
          {
            "X": 0.3633716106414795,
            "Y": 0.4652024507522583
          },
          {
            "X": 0.36355212330818176,
            "Y": 0.5029918551445007
          },
          {
            "X": 0.23069748282432556,
            "Y": 0.5033483505249023
          }
        ]
      },
      "Id": "20f43de4-6da6-4ebb-88a7-654ec3647600",
      "Relationships": [
        {
          "Type": "CHILD",
          "Ids": [
            "09869304-44db-4aba-9bd3-7b96f2614755"
          ]
        }
      ],
      "Page": 1
    },
    {
      "BlockType": "CELL",
      "Confidence": 77.9296875,
      "RowIndex": 2,
      "ColumnIndex": 2,
      "RowSpan": 1,
      "ColumnSpan": 1,
      "Geometry": {
        "BoundingBox": {
          "Width": 0.1419266164302826,
          "Height": 0.03816947713494301,
          "Left": 0.3633716106414795,
          "Top": 0.464822381734848
        },
        "Polygon": [
          {
            "X": 0.3633716106414795,
            "Y": 0.4652024507522583
          },
          {
            "X": 0.5050943493843079,
            "Y": 0.464822381734848
          },
          {
            "X": 0.5052981972694397,
            "Y": 0.502611517906189
          },
          {
            "X": 0.36355212330818176,
            "Y": 0.5029918551445007
          }
        ]
      },
      "Id": "4e19ffcd-2f13-437d-bf42-5b417cc45a0c",
      "Relationships": [
        {
          "Type": "CHILD",
          "Ids": [
            "9db38ee2-28bd-4654-af1f-5fc179993d76",
            "0bda1044-b60d-44c9-be59-abef3914a073",
            "913dab2c-54ef-48b0-9356-237568c25958"
          ]
        }
      ],
      "Page": 1
    },
    {
      "BlockType": "CELL",
      "Confidence": 78.125,
      "RowIndex": 2,
      "ColumnIndex": 3,
      "RowSpan": 1,
      "ColumnSpan": 1,
      "Geometry": {
        "BoundingBox": {
          "Width": 0.1411779373884201,
          "Height": 0.03816712647676468,
          "Left": 0.5050943493843079,
          "Top": 0.4644443690776825
        },
        "Polygon": [
          {
            "X": 0.5050943493843079,
            "Y": 0.464822381734848
          },
          {
            "X": 0.6460452675819397,
            "Y": 0.4644443690776825
          },
          {
            "X": 0.6462723016738892,
            "Y": 0.5022332072257996
          },
          {
            "X": 0.5052981972694397,
            "Y": 0.502611517906189
          }
        ]
      },
      "Id": "2179c86e-0e16-4da1-a897-470cca9df201",
      "Relationships": [
        {
          "Type": "CHILD",
          "Ids": [
            "f4394372-a7a0-49a0-bfc0-ce8fb805fe7b",
            "e09b37a2-34e5-4466-87aa-e1116d48f143",
            "1ea89d22-70fe-46c9-a974-0319a23603d7"
          ]
        }
      ],
      "Page": 1
    },
    {
      "BlockType": "CELL",
      "Confidence": 77.9296875,
      "RowIndex": 2,
      "ColumnIndex": 4,
      "RowSpan": 1,
      "ColumnSpan": 1,
      "Geometry": {
        "BoundingBox": {
          "Width": 0.12285301089286804,
          "Height": 0.03811764717102051,
          "Left": 0.6460452675819397,
          "Top": 0.46411556005477905
        },
        "Polygon": [
          {
            "X": 0.6460452675819397,
            "Y": 0.4644443690776825
          },
          {
            "X": 0.7686510682106018,
            "Y": 0.46411556005477905
          },
          {
            "X": 0.7688982486724854,
            "Y": 0.5019041895866394
          },
          {
            "X": 0.6462723016738892,
            "Y": 0.5022332072257996
          }
        ]
      },
      "Id": "e8fa7481-7468-4bcb-8d80-f19ea54b3fd7",
      "Relationships": [
        {
          "Type": "CHILD",
          "Ids": [
            "7ed0e358-823e-48b8-a207-48ac5ad8cc10",
            "b5c0983a-60ed-4e70-9549-b06fb1413dbd",
            "4ceb56a2-7ce5-43ed-929b-6a4e9c496867"
          ]
        }
      ],
      "Page": 1
    },
    {
      "BlockType": "CELL",
      "Confidence": 43.9453125,
      "RowIndex": 3,
      "ColumnIndex": 1,
      "RowSpan": 1,
      "ColumnSpan": 1,
      "Geometry": {
        "BoundingBox": {
          "Width": 0.13314735889434814,
          "Height": 0.06162824481725693,
          "Left": 0.23069748282432556,
          "Top": 0.5029918551445007
        },
        "Polygon": [
          {
            "X": 0.23069748282432556,
            "Y": 0.5033483505249023
          },
          {
            "X": 0.36355212330818176,
            "Y": 0.5029918551445007
          },
          {
            "X": 0.3638448417186737,
            "Y": 0.5642631649971008
          },
          {
            "X": 0.23095473647117615,
            "Y": 0.5646200776100159
          }
        ]
      },
      "Id": "eb0527b7-4432-467c-bf10-da917f255d28",
      "Relationships": [
        {
          "Type": "CHILD",
          "Ids": [
            "0497e91d-3beb-432a-87a7-db3d3b81dd96",
            "c107b21e-1971-473c-ae0b-38ea8b955d2c"
          ]
        }
      ],
      "Page": 1
    },
    {
      "BlockType": "CELL",
      "Confidence": 44.1162109375,
      "RowIndex": 3,
      "ColumnIndex": 2,
      "RowSpan": 1,
      "ColumnSpan": 1,
      "Geometry": {
        "BoundingBox": {
          "Width": 0.14207659661769867,
          "Height": 0.061651673167943954,
          "Left": 0.36355212330818176,
          "Top": 0.502611517906189
        },
        "Polygon": [
          {
            "X": 0.36355212330818176,
            "Y": 0.5029918551445007
          },
          {
            "X": 0.5052981972694397,
            "Y": 0.502611517906189
          },
          {
            "X": 0.5056287050247192,
            "Y": 0.5638823509216309
          },
          {
            "X": 0.3638448417186737,
            "Y": 0.5642631649971008
          }
        ]
      },
      "Id": "324a8e67-06bd-402e-b760-c8fbbfb146b8",
      "Relationships": [
        {
          "Type": "CHILD",
          "Ids": [
            "7617ea72-46b0-4ca2-bf10-e7fbe0e27f19",
            "f29dd14d-d58f-49cb-8dc4-a8b7ecbeff1f",
            "d3563cc9-4859-4a64-a4b0-71948e77a9c5"
          ]
        }
      ],
      "Page": 1
    },
    {
      "BlockType": "CELL",
      "Confidence": 44.23828125,
      "RowIndex": 3,
      "ColumnIndex": 3,
      "RowSpan": 1,
      "ColumnSpan": 1,
      "Geometry": {
        "BoundingBox": {
          "Width": 0.14134220778942108,
          "Height": 0.061649139970541,
          "Left": 0.5052981972694397,
          "Top": 0.5022332072257996
        },
        "Polygon": [
          {
            "X": 0.5052981972694397,
            "Y": 0.502611517906189
          },
          {
            "X": 0.6462723016738892,
            "Y": 0.5022332072257996
          },
          {
            "X": 0.646640419960022,
            "Y": 0.563503623008728
          },
          {
            "X": 0.5056287050247192,
            "Y": 0.5638823509216309
          }
        ]
      },
      "Id": "6e63f419-5255-42bf-8142-f90690b3ba65",
      "Relationships": [
        {
          "Type": "CHILD",
          "Ids": [
            "106cb984-e97b-48c9-a60c-579eba1ea478",
            "c144c2a4-646f-4bd3-8bd2-78586284e48c",
            "dfddaf43-6e8a-46ed-9c47-bdef860d405e"
          ]
        }
      ],
      "Page": 1
    },
    {
      "BlockType": "CELL",
      "Confidence": 44.1162109375,
      "RowIndex": 3,
      "ColumnIndex": 4,
      "RowSpan": 1,
      "ColumnSpan": 1,
      "Geometry": {
        "BoundingBox": {
          "Width": 0.12302679568529129,
          "Height": 0.06159944832324982,
          "Left": 0.6462723016738892,
          "Top": 0.5019041895866394
        },
        "Polygon": [
          {
            "X": 0.6462723016738892,
            "Y": 0.5022332072257996
          },
          {
            "X": 0.7688982486724854,
            "Y": 0.5019041895866394
          },
          {
            "X": 0.7692990899085999,
            "Y": 0.5631741881370544
          },
          {
            "X": 0.646640419960022,
            "Y": 0.563503623008728
          }
        ]
      },
      "Id": "9abf1a82-7ba2-4a51-bece-84f1ce9d3576",
      "Relationships": [
        {
          "Type": "CHILD",
          "Ids": [
            "f3666e41-1753-489b-857d-545435d01146",
            "18cfaf8e-8149-4e88-91a6-004f7711f56b",
            "fb0448dc-2b63-49ed-ab22-609b61097fce"
          ]
        }
      ],
      "Page": 1
    },
    {
      "BlockType": "CELL",
      "Confidence": 52.5390625,
      "RowIndex": 4,
      "ColumnIndex": 1,
      "RowSpan": 1,
      "ColumnSpan": 1,
      "Geometry": {
        "BoundingBox": {
          "Width": 0.1330905556678772,
          "Height": 0.04231990501284599,
          "Left": 0.23095473647117615,
          "Top": 0.5642631649971008
        },
        "Polygon": [
          {
            "X": 0.23095473647117615,
            "Y": 0.5646200776100159
          },
          {
            "X": 0.3638448417186737,
            "Y": 0.5642631649971008
          },
          {
            "X": 0.36404529213905334,
            "Y": 0.606225848197937
          },
          {
            "X": 0.2311309427022934,
            "Y": 0.6065830588340759
          }
        ]
      },
      "Id": "dd070d78-eab1-4646-905e-8da8116f69d3",
      "Relationships": [
        {
          "Type": "CHILD",
          "Ids": [
            "704b2789-d32a-46e6-a79e-dd7e50f101ab"
          ]
        }
      ],
      "Page": 1
    },
    {
      "BlockType": "CELL",
      "Confidence": 52.783203125,
      "RowIndex": 4,
      "ColumnIndex": 2,
      "RowSpan": 1,
      "ColumnSpan": 1,
      "Geometry": {
        "BoundingBox": {
          "Width": 0.14201025664806366,
          "Height": 0.04234349727630615,
          "Left": 0.3638448417186737,
          "Top": 0.5638823509216309
        },
        "Polygon": [
          {
            "X": 0.3638448417186737,
            "Y": 0.5642631649971008
          },
          {
            "X": 0.5056287050247192,
            "Y": 0.5638823509216309
          },
          {
            "X": 0.5058550834655762,
            "Y": 0.6058447360992432
          },
          {
            "X": 0.36404529213905334,
            "Y": 0.606225848197937
          }
        ]
      },
      "Id": "b7903df1-6169-4f10-b158-c2d415db4781",
      "Relationships": [
        {
          "Type": "CHILD",
          "Ids": [
            "9d57b34d-1136-4c79-9235-4cf7c3e912ee",
            "2db34c3c-24fe-4a53-86ac-f2a8ce7a195a",
            "b55b3262-ac3a-4dd9-8f28-59886a05df8a"
          ]
        }
      ],
      "Page": 1
    },
    {
      "BlockType": "CELL",
      "Confidence": 52.880859375,
      "RowIndex": 4,
      "ColumnIndex": 3,
      "RowSpan": 1,
      "ColumnSpan": 1,
      "Geometry": {
        "BoundingBox": {
          "Width": 0.14126379787921906,
          "Height": 0.04234110936522484,
          "Left": 0.5056287050247192,
          "Top": 0.563503623008728
        },
        "Polygon": [
          {
            "X": 0.5056287050247192,
            "Y": 0.5638823509216309
          },
          {
            "X": 0.646640419960022,
            "Y": 0.563503623008728
          },
          {
            "X": 0.6468925476074219,
            "Y": 0.6054656505584717
          },
          {
            "X": 0.5058550834655762,
            "Y": 0.6058447360992432
          }
        ]
      },
      "Id": "e03c75ab-05cc-49f2-9b14-8add0f41afce",
      "Relationships": [
        {
          "Type": "CHILD",
          "Ids": [
            "cb520554-fea5-4e74-a9ac-1bd1744aadb4",
            "426ccdd5-0b26-4515-ad7c-60b4394aaddb",
            "ee167584-1892-4b13-8ce5-bb30e250d318"
          ]
        }
      ],
      "Page": 1
    },
    {
      "BlockType": "CELL",
      "Confidence": 52.783203125,
      "RowIndex": 4,
      "ColumnIndex": 4,
      "RowSpan": 1,
      "ColumnSpan": 1,
      "Geometry": {
        "BoundingBox": {
          "Width": 0.12293319404125214,
          "Height": 0.04229149967432022,
          "Left": 0.646640419960022,
          "Top": 0.5631741881370544
        },
        "Polygon": [
          {
            "X": 0.646640419960022,
            "Y": 0.563503623008728
          },
          {
            "X": 0.7692990899085999,
            "Y": 0.5631741881370544
          },
          {
            "X": 0.7695736289024353,
            "Y": 0.6051359176635742
          },
          {
            "X": 0.6468925476074219,
            "Y": 0.6054656505584717
          }
        ]
      },
      "Id": "82b7db14-844d-4fa4-b259-11efc00424d4",
      "Relationships": [
        {
          "Type": "CHILD",
          "Ids": [
            "a188c771-4784-4011-9a0f-489f8198b234",
            "7d493ebe-e1fe-416b-840a-5f6babde6d97",
            "4ca66df1-44b1-493e-a618-9351bb369d69"
          ]
        }
      ],
      "Page": 1
    }
  ],
  "AnalyzeDocumentModelVersion": "1.0"
}