{
  "DocumentMetadata": {
    "Pages": 1
  },
  "JobStatus": "SUCCEEDED",
  "Blocks": [
    {
      "BlockType": "PAGE",
      "Geometry": {
        "BoundingBox": {
          "Width": 0.5642732977867126,
          "Height": 0.23477114737033844,
          "Left": 0.224318265914917,
          "Top": 0.382489949464798
        },
        "Polygon": [
          {
            "X": 0.22446021437644958,
            "Y": 0.382489949464798
          },
          {
            "X": 0.7880221605300903,
            "Y": 0.38373205065727234
          },
          {
            "X": 0.7885915637016296,
            "Y": 0.6172611117362976
          },
          {
            "X": 0.224318265914917,
            "Y": 0.615856945514679
          }
        ]
      },
      "Id": "7644cf67-a8fb-4337-b001-da09044755e9",
      "Relationships": [
        {
          "Type": "CHILD",
          "Ids": [
            "9c0951d2-dc35-4746-a706-cf576efd1121",
            "d5e4cc96-c889-457f-9c34-ffebccb27aa7",
            "6c05f351-8d0f-47a4-8317-6defd09f1bdb",
            "f876ecce-95b8-4485-bbae-e615de40c2ec",
            "4e85e5cd-2464-495a-bcb8-304037ba3e7b",
            "f8fad710-4640-41ac-9823-fbae63c8b2a2",
            "adb8d00d-0036-4a3a-bdad-8ccb15178001",
            "205303fe-91dd-461d-af63-35d9d4895eb9",
            "c5925ae9-e1f4-4bcf-85a4-c99ed8abd12c",
            "eb21773d-ac12-4fd6-85af-1c9adc81ac5f",
            "bc27d0b9-6acd-4f7d-991f-050a687d5c55",
            "f8905a38-3425-4ce6-9b4a-dfb31b82ecb2",
            "c624cec1-d0e2-4537-bc74-bef733ea85b3",
            "e00270b2-4ec0-477d-95a2-4c24be16d2d3",
            "5637d795-aae0-4f65-8fb1-f348edeee910",
            "f8689a54-1697-40be-a35f-be235b35f9d0",
            "1e21ff3a-ad32-491d-a786-25c65e289b43",
            "5ee9a3a9-98b6-4b63-bd7f-c62fe372937f",
            "b2be7ae2-86b6-4930-a74f-9a12e66c7ea5",
            "710f61b0-246c-4ec2-ad02-dd2a80dda3af",
            "2da5dff2-a1ef-477f-8452-a46c813eb289",
            "8227cd8f-75a4-4f6b-9c97-eee605d43b96",
            "433d1bd9-2f16-4f06-8747-c16a5739797f",
            "32eb19a6-6c1c-4808-a85b-a0bff9289e1e",
            "3e123e84-0064-44d7-aad3-5634bd6a90de",
            "7ec06938-e10a-4a09-9831-7f3e5c64e882"
          ]
        }
      ],
      "Page": 1
    },
    {
      "BlockType": "LINE",
      "Confidence": 99.93451690673828,
      "Text": "Samples",
      "Geometry": {
        "BoundingBox": {
          "Width": 0.053380418568849564,
          "Height": 0.025040896609425545,
          "Left": 0.251840740442276,
          "Top": 0.4148814380168915
        },
        "Polygon": [
          {
            "X": 0.2518521845340729,
            "Y": 0.4148814380168915
          },
          {
            "X": 0.3052211403846741,
            "Y": 0.41500115394592285
          },
          {
            "X": 0.30521687865257263,
            "Y": 0.4399223327636719
          },
          {
            "X": 0.251840740442276,
            "Y": 0.4398009479045868
          }
        ]
      },
      "Id": "9c0951d2-dc35-4746-a706-cf576efd1121",
      "Relationships": [
        {
          "Type": "CHILD",
          "Ids": [
            "56085f9f-d460-4fcb-b166-721b802718c1"
          ]
        }
      ],
      "Page": 1
    },
    {
      "BlockType": "LINE",
      "Confidence": 52.0510368347168,
      "Text": "T5%( C)",
      "Geometry": {
        "BoundingBox": {
          "Width": 0.04522246494889259,
          "Height": 0.026065457612276077,
          "Left": 0.3768661618232727,
          "Top": 0.41439226269721985
        },
        "Polygon": [
          {
            "X": 0.3768661618232727,
            "Y": 0.41439226269721985
          },
          {
            "X": 0.4220767021179199,
            "Y": 0.4144936203956604
          },
          {
            "X": 0.422088623046875,
            "Y": 0.44045770168304443
          },
          {
            "X": 0.3768717646598816,
            "Y": 0.4403548836708069
          }
        ]
      },
      "Id": "d5e4cc96-c889-457f-9c34-ffebccb27aa7",
      "Relationships": [
        {
          "Type": "CHILD",
          "Ids": [
            "ef2e68cb-4ffe-44ef-8196-bf19651f0475"
          ]
        }
      ],
      "Page": 1
    },
    {
      "BlockType": "LINE",
      "Confidence": 46.5920524597168,
      "Text": "Tmax(°C)",
      "Geometry": {
        "BoundingBox": {
          "Width": 0.05419020354747772,
          "Height": 0.02581893838942051,
          "Left": 0.471795916557312,
          "Top": 0.4144435226917267
        },
        "Polygon": [
          {
            "X": 0.471795916557312,
            "Y": 0.4144435226917267
          },
          {
            "X": 0.525959849357605,
            "Y": 0.41456496715545654
          },
          {
            "X": 0.5259861350059509,
            "Y": 0.44026246666908264
          },
          {
            "X": 0.4718146324157715,
            "Y": 0.4401392936706543
          }
        ]
      },
      "Id": "6c05f351-8d0f-47a4-8317-6defd09f1bdb",
      "Relationships": [
        {
          "Type": "CHILD",
          "Ids": [
            "a0f9bc85-f298-4408-9365-908d992ea9cc"
          ]
        }
      ],
      "Page": 1
    },
    {
      "BlockType": "LINE",
      "Confidence": 70.21894836425781,
      "Text": "RTmax (%/°C)",
      "Geometry": {
        "BoundingBox": {
          "Width": 0.07767695933580399,
          "Height": 0.025187429040670395,
          "Left": 0.5756792426109314,
          "Top": 0.4146222472190857
        },
        "Polygon": [
          {
            "X": 0.5756792426109314,
            "Y": 0.4146222472190857
          },
          {
            "X": 0.6533134579658508,
            "Y": 0.4147963225841522
          },
          {
            "X": 0.6533561944961548,
            "Y": 0.4398096799850464
          },
          {
            "X": 0.5757115483283997,
            "Y": 0.43963322043418884
          }
        ]
      },
      "Id": "f876ecce-95b8-4485-bbae-e615de40c2ec",
      "Relationships": [
        {
          "Type": "CHILD",
          "Ids": [
            "38b8e657-a552-46c6-89c3-cab4f3f1bb9c",
            "e855c325-4e1e-42a7-91c6-d1d9c0e9c501"
          ]
        }
      ],
      "Page": 1
    },
    {
      "BlockType": "LINE",
      "Confidence": 60.14704895019531,
      "Text": "acto (%)",
      "Geometry": {
        "BoundingBox": {
          "Width": 0.0548776276409626,
          "Height": 0.029757579788565636,
          "Left": 0.7034542560577393,
          "Top": 0.4098712205886841
        },
        "Polygon": [
          {
            "X": 0.7034542560577393,
            "Y": 0.4098712205886841
          },
          {
            "X": 0.758264422416687,
            "Y": 0.4099937975406647
          },
          {
            "X": 0.7583318948745728,
            "Y": 0.43962880969047546
          },
          {
            "X": 0.703512966632843,
            "Y": 0.4395042657852173
          }
        ]
      },
      "Id": "4e85e5cd-2464-495a-bcb8-304037ba3e7b",
      "Relationships": [
        {
          "Type": "CHILD",
          "Ids": [
            "78029e04-9218-4c9c-98b6-360ec0e7c9c3",
            "a69e3815-a801-49ac-8329-4811bfe88695"
          ]
        }
      ],
      "Page": 1
    },
    {
      "BlockType": "LINE",
      "Confidence": 99.68353271484375,
      "Text": "EP",
      "Geometry": {
        "BoundingBox": {
          "Width": 0.015370229259133339,
          "Height": 0.01861564815044403,
          "Left": 0.2522231340408325,
          "Top": 0.4649161100387573
        },
        "Polygon": [
          {
            "X": 0.2522316575050354,
            "Y": 0.4649161100387573
          },
          {
            "X": 0.2675933539867401,
            "Y": 0.4649515151977539
          },
          {
            "X": 0.2675864100456238,
            "Y": 0.48353177309036255
          },
          {
            "X": 0.2522231340408325,
            "Y": 0.4834960103034973
          }
        ]
      },
      "Id": "f8fad710-4640-41ac-9823-fbae63c8b2a2",
      "Relationships": [
        {
          "Type": "CHILD",
          "Ids": [
            "434d7b97-991e-4fbd-8102-857b9a79a919"
          ]
        }
      ],
      "Page": 1
    },
    {
      "BlockType": "LINE",
      "Confidence": 99.95537567138672,
      "Text": "384",
      "Geometry": {
        "BoundingBox": {
          "Width": 0.023945501074194908,
          "Height": 0.019622353836894035,
          "Left": 0.3776249587535858,
          "Top": 0.46433499455451965
        },
        "Polygon": [
          {
            "X": 0.3776249587535858,
            "Y": 0.46433499455451965
          },
          {
            "X": 0.4015636146068573,
            "Y": 0.4643901288509369
          },
          {
            "X": 0.40157046914100647,
            "Y": 0.48395735025405884
          },
          {
            "X": 0.37762925028800964,
            "Y": 0.48390161991119385
          }
        ]
      },
      "Id": "adb8d00d-0036-4a3a-bdad-8ccb15178001",
      "Relationships": [
        {
          "Type": "CHILD",
          "Ids": [
            "d9445e28-eb96-46de-ae97-3dea61e5aa7b"
          ]
        }
      ],
      "Page": 1
    },
    {
      "BlockType": "LINE",
      "Confidence": 99.98592376708984,
      "Text": "416",
      "Geometry": {
        "BoundingBox": {
          "Width": 0.024257948622107506,
          "Height": 0.019930219277739525,
          "Left": 0.4720896780490875,
          "Top": 0.46410492062568665
        },
        "Polygon": [
          {
            "X": 0.4720896780490875,
            "Y": 0.46410492062568665
          },
          {
            "X": 0.49633052945137024,
            "Y": 0.4641607403755188
          },
          {
            "X": 0.4963476359844208,
            "Y": 0.4840351343154907
          },
          {
            "X": 0.47210419178009033,
            "Y": 0.4839787185192108
          }
        ]
      },
      "Id": "205303fe-91dd-461d-af63-35d9d4895eb9",
      "Relationships": [
        {
          "Type": "CHILD",
          "Ids": [
            "7378e174-ca6e-41a7-a247-034ea4aebb39"
          ]
        }
      ],
      "Page": 1
    },
    {
      "BlockType": "LINE",
      "Confidence": 98.34380340576172,
      "Text": "1.9",
      "Geometry": {
        "BoundingBox": {
          "Width": 0.017978690564632416,
          "Height": 0.019671345129609108,
          "Left": 0.5767652988433838,
          "Top": 0.46432727575302124
        },
        "Polygon": [
          {
            "X": 0.5767652988433838,
            "Y": 0.46432727575302124
          },
          {
            "X": 0.5947166681289673,
            "Y": 0.464368611574173
          },
          {
            "X": 0.5947439670562744,
            "Y": 0.4839986264705658
          },
          {
            "X": 0.5767907500267029,
            "Y": 0.48395684361457825
          }
        ]
      },
      "Id": "c5925ae9-e1f4-4bcf-85a4-c99ed8abd12c",
      "Relationships": [
        {
          "Type": "CHILD",
          "Ids": [
            "563c6bbc-4809-472d-87a2-5541ba207b8f"
          ]
        }
      ],
      "Page": 1
    },
    {
      "BlockType": "LINE",
      "Confidence": 93.47291564941406,
      "Text": "10.2",
      "Geometry": {
        "BoundingBox": {
          "Width": 0.025546172633767128,
          "Height": 0.01924615539610386,
          "Left": 0.7045421004295349,
          "Top": 0.46441933512687683
        },
        "Polygon": [
          {
            "X": 0.7045421004295349,
            "Y": 0.46441933512687683
          },
          {
            "X": 0.7300475239753723,
            "Y": 0.464478075504303
          },
          {
            "X": 0.7300882935523987,
            "Y": 0.48366549611091614
          },
          {
            "X": 0.7045801877975464,
            "Y": 0.48360615968704224
          }
        ]
      },
      "Id": "eb21773d-ac12-4fd6-85af-1c9adc81ac5f",
      "Relationships": [
        {
          "Type": "CHILD",
          "Ids": [
            "e458ec18-7bdd-46c8-98ae-b83cb057e467"
          ]
        }
      ],
      "Page": 1
    },
    {
      "BlockType": "LINE",
      "Confidence": 99.75392150878906,
      "Text": "2%DPHK-EP",
      "Geometry": {
        "BoundingBox": {
          "Width": 0.07544764131307602,
          "Height": 0.01959477923810482,
          "Left": 0.2519921362400055,
          "Top": 0.49469444155693054
        },
        "Polygon": [
          {
            "X": 0.2520010769367218,
            "Y": 0.49469444155693054
          },
          {
            "X": 0.3274397850036621,
            "Y": 0.49487102031707764
          },
          {
            "X": 0.3274388015270233,
            "Y": 0.5142892003059387
          },
          {
            "X": 0.2519921362400055,
            "Y": 0.5141108632087708
          }
        ]
      },
      "Id": "bc27d0b9-6acd-4f7d-991f-050a687d5c55",
      "Relationships": [
        {
          "Type": "CHILD",
          "Ids": [
            "1bfc80ed-f120-4b7c-a732-c98a4450a0ba"
          ]
        }
      ],
      "Page": 1
    },
    {
      "BlockType": "LINE",
      "Confidence": 99.95465850830078,
      "Text": "384",
      "Geometry": {
        "BoundingBox": {
          "Width": 0.02395022287964821,
          "Height": 0.019551105797290802,
          "Left": 0.37759724259376526,
          "Top": 0.49477025866508484
        },
        "Polygon": [
          {
            "X": 0.37759724259376526,
            "Y": 0.49477025866508484
          },
          {
            "X": 0.4015406668186188,
            "Y": 0.4948262870311737
          },
          {
            "X": 0.40154746174812317,
            "Y": 0.5143213868141174
          },
          {
            "X": 0.3776015341281891,
            "Y": 0.5142647624015808
          }
        ]
      },
      "Id": "f8905a38-3425-4ce6-9b4a-dfb31b82ecb2",
      "Relationships": [
        {
          "Type": "CHILD",
          "Ids": [
            "3be2756e-dd3e-4c54-b520-12ae323db0ca"
          ]
        }
      ],
      "Page": 1
    },
    {
      "BlockType": "LINE",
      "Confidence": 99.96197509765625,
      "Text": "411",
      "Geometry": {
        "BoundingBox": {
          "Width": 0.022862933576107025,
          "Height": 0.01935422606766224,
          "Left": 0.47219517827033997,
          "Top": 0.4949445128440857
        },
        "Polygon": [
          {
            "X": 0.47219517827033997,
            "Y": 0.4949445128440857
          },
          {
            "X": 0.4950416386127472,
            "Y": 0.4949979782104492
          },
          {
            "X": 0.4950581192970276,
            "Y": 0.5142987370491028
          },
          {
            "X": 0.47220927476882935,
            "Y": 0.5142447352409363
          }
        ]
      },
      "Id": "c624cec1-d0e2-4537-bc74-bef733ea85b3",
      "Relationships": [
        {
          "Type": "CHILD",
          "Ids": [
            "4483b397-194d-4c8a-92a7-34bb15f26f2d"
          ]
        }
      ],
      "Page": 1
    },
    {
      "BlockType": "LINE",
      "Confidence": 86.98407745361328,
      "Text": "1.7",
      "Geometry": {
        "BoundingBox": {
          "Width": 0.018142690882086754,
          "Height": 0.01910918764770031,
          "Left": 0.5766645669937134,
          "Top": 0.4950403571128845
        },
        "Polygon": [
          {
            "X": 0.5766645669937134,
            "Y": 0.4950403571128845
          },
          {
            "X": 0.594780683517456,
            "Y": 0.4950827360153198
          },
          {
            "X": 0.5948072671890259,
            "Y": 0.51414954662323
          },
          {
            "X": 0.5766892433166504,
            "Y": 0.5141066908836365
          }
        ]
      },
      "Id": "e00270b2-4ec0-477d-95a2-4c24be16d2d3",
      "Relationships": [
        {
          "Type": "CHILD",
          "Ids": [
            "3145ab15-e663-457c-ad20-87a5a34bd824"
          ]
        }
      ],
      "Page": 1
    },
    {
      "BlockType": "LINE",
      "Confidence": 77.76640319824219,
      "Text": "18.6",
      "Geometry": {
        "BoundingBox": {
          "Width": 0.025667065754532814,
          "Height": 0.018993524834513664,
          "Left": 0.7046600580215454,
          "Top": 0.4949852228164673
        },
        "Polygon": [
          {
            "X": 0.7046600580215454,
            "Y": 0.4949852228164673
          },
          {
            "X": 0.7302868366241455,
            "Y": 0.49504518508911133
          },
          {
            "X": 0.7303270697593689,
            "Y": 0.5139787793159485
          },
          {
            "X": 0.7046976685523987,
            "Y": 0.5139182209968567
          }
        ]
      },
      "Id": "5637d795-aae0-4f65-8fb1-f348edeee910",
      "Relationships": [
        {
          "Type": "CHILD",
          "Ids": [
            "be7ca1cb-70a4-4de0-be36-e484b6dc32db"
          ]
        }
      ],
      "Page": 1
    },
    {
      "BlockType": "LINE",
      "Confidence": 99.68553924560547,
      "Text": "3%DPHK-EP",
      "Geometry": {
        "BoundingBox": {
          "Width": 0.07558127492666245,
          "Height": 0.019660040736198425,
          "Left": 0.2519952058792114,
          "Top": 0.5261985063552856
        },
        "Polygon": [
          {
            "X": 0.25200414657592773,
            "Y": 0.5261985063552856
          },
          {
            "X": 0.32757648825645447,
            "Y": 0.526378333568573
          },
          {
            "X": 0.3275754749774933,
            "Y": 0.5458585619926453
          },
          {
            "X": 0.2519952058792114,
            "Y": 0.5456769466400146
          }
        ]
      },
      "Id": "f8689a54-1697-40be-a35f-be235b35f9d0",
      "Relationships": [
        {
          "Type": "CHILD",
          "Ids": [
            "4205c909-1598-452d-9a02-581ddaa4f188"
          ]
        }
      ],
      "Page": 1
    },
    {
      "BlockType": "LINE",
      "Confidence": 99.95858001708984,
      "Text": "380",
      "Geometry": {
        "BoundingBox": {
          "Width": 0.02360130473971367,
          "Height": 0.0193460825830698,
          "Left": 0.3777190148830414,
          "Top": 0.5264696478843689
        },
        "Polygon": [
          {
            "X": 0.3777190148830414,
            "Y": 0.5264696478843689
          },
          {
            "X": 0.4013136327266693,
            "Y": 0.5265257954597473
          },
          {
            "X": 0.40132033824920654,
            "Y": 0.5458157062530518
          },
          {
            "X": 0.3777232766151428,
            "Y": 0.5457590222358704
          }
        ]
      },
      "Id": "1e21ff3a-ad32-491d-a786-25c65e289b43",
      "Relationships": [
        {
          "Type": "CHILD",
          "Ids": [
            "e2da6e5a-afd6-4a3f-b7d1-2dd5c8260a90"
          ]
        }
      ],
      "Page": 1
    },
    {
      "BlockType": "LINE",
      "Confidence": 99.98133850097656,
      "Text": "409",
      "Geometry": {
        "BoundingBox": {
          "Width": 0.02421260066330433,
          "Height": 0.019511442631483078,
          "Left": 0.47212839126586914,
          "Top": 0.5266309380531311
        },
        "Polygon": [
          {
            "X": 0.47212839126586914,
            "Y": 0.5266309380531311
          },
          {
            "X": 0.49632424116134644,
            "Y": 0.5266885161399841
          },
          {
            "X": 0.4963409900665283,
            "Y": 0.5461423993110657
          },
          {
            "X": 0.47214260697364807,
            "Y": 0.5460842251777649
          }
        ]
      },
      "Id": "5ee9a3a9-98b6-4b63-bd7f-c62fe372937f",
      "Relationships": [
        {
          "Type": "CHILD",
          "Ids": [
            "a06e4ff6-8231-4037-b038-041627570b85"
          ]
        }
      ],
      "Page": 1
    },
    {
      "BlockType": "LINE",
      "Confidence": 98.210693359375,
      "Text": "1.5",
      "Geometry": {
        "BoundingBox": {
          "Width": 0.017674101516604424,
          "Height": 0.019400887191295624,
          "Left": 0.5767940878868103,
          "Top": 0.5265234112739563
        },
        "Polygon": [
          {
            "X": 0.5767940878868103,
            "Y": 0.5265234112739563
          },
          {
            "X": 0.594441294670105,
            "Y": 0.5265653729438782
          },
          {
            "X": 0.5944682359695435,
            "Y": 0.5459243059158325
          },
          {
            "X": 0.5768191814422607,
            "Y": 0.5458818674087524
          }
        ]
      },
      "Id": "b2be7ae2-86b6-4930-a74f-9a12e66c7ea5",
      "Relationships": [
        {
          "Type": "CHILD",
          "Ids": [
            "e178073b-3e04-4b60-a7a4-61c3148e9931"
          ]
        }
      ],
      "Page": 1
    },
    {
      "BlockType": "LINE",
      "Confidence": 98.95426940917969,
      "Text": "19.7",
      "Geometry": {
        "BoundingBox": {
          "Width": 0.025667153298854828,
          "Height": 0.01931048557162285,
          "Left": 0.7046042084693909,
          "Top": 0.5265878438949585
        },
        "Polygon": [
          {
            "X": 0.7046042084693909,
            "Y": 0.5265878438949585
          },
          {
            "X": 0.730230450630188,
            "Y": 0.5266488194465637
          },
          {
            "X": 0.7302713394165039,
            "Y": 0.5458983778953552
          },
          {
            "X": 0.7046424150466919,
            "Y": 0.5458368062973022
          }
        ]
      },
      "Id": "710f61b0-246c-4ec2-ad02-dd2a80dda3af",
      "Relationships": [
        {
          "Type": "CHILD",
          "Ids": [
            "1db0581c-f35e-420b-9cd0-79f404a9c83e"
          ]
        }
      ],
      "Page": 1
    },
    {
      "BlockType": "LINE",
      "Confidence": 99.80268859863281,
      "Text": "4%DPHK-EP",
      "Geometry": {
        "BoundingBox": {
          "Width": 0.07616102695465088,
          "Height": 0.01996433176100254,
          "Left": 0.2515377402305603,
          "Top": 0.5577266216278076
        },
        "Polygon": [
          {
            "X": 0.25154685974121094,
            "Y": 0.5577266216278076
          },
          {
            "X": 0.3276987671852112,
            "Y": 0.557910680770874
          },
          {
            "X": 0.3276977837085724,
            "Y": 0.5776909589767456
          },
          {
            "X": 0.2515377402305603,
            "Y": 0.5775049924850464
          }
        ]
      },
      "Id": "2da5dff2-a1ef-477f-8452-a46c813eb289",
      "Relationships": [
        {
          "Type": "CHILD",
          "Ids": [
            "148d76ab-b1b6-48b6-9b7b-c730bd1aef95"
          ]
        }
      ],
      "Page": 1
    },
    {
      "BlockType": "LINE",
      "Confidence": 99.95106506347656,
      "Text": "378",
      "Geometry": {
        "BoundingBox": {
          "Width": 0.02355978637933731,
          "Height": 0.0197592806071043,
          "Left": 0.3775644898414612,
          "Top": 0.5579683184623718
        },
        "Polygon": [
          {
            "X": 0.3775644898414612,
            "Y": 0.5579683184623718
          },
          {
            "X": 0.4011174440383911,
            "Y": 0.5580252408981323
          },
          {
            "X": 0.4011242687702179,
            "Y": 0.5777275562286377
          },
          {
            "X": 0.3775688111782074,
            "Y": 0.5776700973510742
          }
        ]
      },
      "Id": "8227cd8f-75a4-4f6b-9c97-eee605d43b96",
      "Relationships": [
        {
          "Type": "CHILD",
          "Ids": [
            "1215403e-3a19-45db-a36d-1fd9cc4f3c4a"
          ]
        }
      ],
      "Page": 1
    },
    {
      "BlockType": "LINE",
      "Confidence": 99.9842758178711,
      "Text": "405",
      "Geometry": {
        "BoundingBox": {
          "Width": 0.023807790130376816,
          "Height": 0.019638974219560623,
          "Left": 0.47216662764549255,
          "Top": 0.558138370513916
        },
        "Polygon": [
          {
            "X": 0.47216662764549255,
            "Y": 0.558138370513916
          },
          {
            "X": 0.495957612991333,
            "Y": 0.5581958293914795
          },
          {
            "X": 0.49597442150115967,
            "Y": 0.5777773261070251
          },
          {
            "X": 0.47218093276023865,
            "Y": 0.5777192115783691
          }
        ]
      },
      "Id": "433d1bd9-2f16-4f06-8747-c16a5739797f",
      "Relationships": [
        {
          "Type": "CHILD",
          "Ids": [
            "90296caf-6142-452d-b12f-9b179a92303a"
          ]
        }
      ],
      "Page": 1
    },
    {
      "BlockType": "LINE",
      "Confidence": 97.86273956298828,
      "Text": "1.4",
      "Geometry": {
        "BoundingBox": {
          "Width": 0.018328385427594185,
          "Height": 0.019961943849921227,
          "Left": 0.5767139196395874,
          "Top": 0.5579459071159363
        },
        "Polygon": [
          {
            "X": 0.5767139196395874,
            "Y": 0.5579459071159363
          },
          {
            "X": 0.5950145125389099,
            "Y": 0.5579901337623596
          },
          {
            "X": 0.5950422883033752,
            "Y": 0.5779078602790833
          },
          {
            "X": 0.5767396688461304,
            "Y": 0.5778631567955017
          }
        ]
      },
      "Id": "32eb19a6-6c1c-4808-a85b-a0bff9289e1e",
      "Relationships": [
        {
          "Type": "CHILD",
          "Ids": [
            "0ae9483f-918c-43bb-b710-1ffa4cc7ca48"
          ]
        }
      ],
      "Page": 1
    },
    {
      "BlockType": "LINE",
      "Confidence": 99.92613983154297,
      "Text": "21.8",
      "Geometry": {
        "BoundingBox": {
          "Width": 0.02709503099322319,
          "Height": 0.02002754807472229,
          "Left": 0.7033003568649292,
          "Top": 0.557804524898529
        },
        "Polygon": [
          {
            "X": 0.7033003568649292,
            "Y": 0.557804524898529
          },
          {
            "X": 0.7303529381752014,
            "Y": 0.5578698515892029
          },
          {
            "X": 0.7303953766822815,
            "Y": 0.577832043170929
          },
          {
            "X": 0.7033398151397705,
            "Y": 0.5777660012245178
          }
        ]
      },
      "Id": "3e123e84-0064-44d7-aad3-5634bd6a90de",
      "Relationships": [
        {
          "Type": "CHILD",
          "Ids": [
            "05734913-8a46-4648-98f2-8417697ac126"
          ]
        }
      ],
      "Page": 1
    },
    {
      "BlockType": "WORD",
      "Confidence": 99.93451690673828,
      "Text": "Samples",
      "TextType": "PRINTED",
      "Geometry": {
        "BoundingBox": {
          "Width": 0.053380418568849564,
          "Height": 0.025040896609425545,
          "Left": 0.251840740442276,
          "Top": 0.4148814380168915
        },
        "Polygon": [
          {
            "X": 0.2518521845340729,
            "Y": 0.4148814380168915
          },
          {
            "X": 0.3052211403846741,
            "Y": 0.41500115394592285
          },
          {
            "X": 0.30521687865257263,
            "Y": 0.4399223327636719
          },
          {
            "X": 0.251840740442276,
            "Y": 0.4398009479045868
          }
        ]
      },
      "Id": "56085f9f-d460-4fcb-b166-721b802718c1",
      "Page": 1
    },
    {
      "BlockType": "WORD",
      "Confidence": 52.0510368347168,
      "Text": "T5%( C)",
      "TextType": "PRINTED",
      "Geometry": {
        "BoundingBox": {
          "Width": 0.04522246494889259,
          "Height": 0.026065457612276077,
          "Left": 0.3768661618232727,
          "Top": 0.41439226269721985
        },
        "Polygon": [
          {
            "X": 0.3768661618232727,
            "Y": 0.41439226269721985
          },
          {
            "X": 0.4220767021179199,
            "Y": 0.4144936203956604
          },
          {
            "X": 0.422088623046875,
            "Y": 0.44045770168304443
          },
          {
            "X": 0.3768717646598816,
            "Y": 0.4403548836708069
          }
        ]
      },
      "Id": "ef2e68cb-4ffe-44ef-8196-bf19651f0475",
      "Page": 1
    },
    {
      "BlockType": "WORD",
      "Confidence": 46.5920524597168,
      "Text": "Tmax(°C)",
      "TextType": "PRINTED",
      "Geometry": {
        "BoundingBox": {
          "Width": 0.05419020354747772,
          "Height": 0.02581893838942051,
          "Left": 0.471795916557312,
          "Top": 0.4144435226917267
        },
        "Polygon": [
          {
            "X": 0.471795916557312,
            "Y": 0.4144435226917267
          },
          {
            "X": 0.525959849357605,
            "Y": 0.41456496715545654
          },
          {
            "X": 0.5259861350059509,
            "Y": 0.44026246666908264
          },
          {
            "X": 0.4718146324157715,
            "Y": 0.4401392936706543
          }
        ]
      },
      "Id": "a0f9bc85-f298-4408-9365-908d992ea9cc",
      "Page": 1
    },
    {
      "BlockType": "WORD",
      "Confidence": 84.27337646484375,
      "Text": "RTmax",
      "TextType": "PRINTED",
      "Geometry": {
        "BoundingBox": {
          "Width": 0.03550843149423599,
          "Height": 0.02364422008395195,
          "Left": 0.5756805539131165,
          "Top": 0.4156334102153778
        },
        "Polygon": [
          {
            "X": 0.5756805539131165,
            "Y": 0.4156334102153778
          },
          {
            "X": 0.6111540794372559,
            "Y": 0.41571298241615295
          },
          {
            "X": 0.6111890077590942,
            "Y": 0.43927761912345886
          },
          {
            "X": 0.5757109522819519,
            "Y": 0.43919700384140015
          }
        ]
      },
      "Id": "38b8e657-a552-46c6-89c3-cab4f3f1bb9c",
      "Page": 1
    },
    {
      "BlockType": "WORD",
      "Confidence": 56.164527893066406,
      "Text": "(%/°C)",
      "TextType": "PRINTED",
      "Geometry": {
        "BoundingBox": {
          "Width": 0.03813081607222557,
          "Height": 0.025098755955696106,
          "Left": 0.6152253746986389,
          "Top": 0.4147109389305115
        },
        "Polygon": [
          {
            "X": 0.6152253746986389,
            "Y": 0.4147109389305115
          },
          {
            "X": 0.6533134579658508,
            "Y": 0.4147963225841522
          },
          {
            "X": 0.6533561944961548,
            "Y": 0.4398096799850464
          },
          {
            "X": 0.6152629852294922,
            "Y": 0.43972310423851013
          }
        ]
      },
      "Id": "e855c325-4e1e-42a7-91c6-d1d9c0e9c501",
      "Page": 1
    },
    {
      "BlockType": "WORD",
      "Confidence": 20.358854293823242,
      "Text": "acto",
      "TextType": "PRINTED",
      "Geometry": {
        "BoundingBox": {
          "Width": 0.031582657247781754,
          "Height": 0.029106978327035904,
          "Left": 0.7034542560577393,
          "Top": 0.4098712205886841
        },
        "Polygon": [
          {
            "X": 0.7034542560577393,
            "Y": 0.4098712205886841
          },
          {
            "X": 0.7349744439125061,
            "Y": 0.409941703081131
          },
          {
            "X": 0.7350369095802307,
            "Y": 0.4389782249927521
          },
          {
            "X": 0.7035117745399475,
            "Y": 0.43890661001205444
          }
        ]
      },
      "Id": "78029e04-9218-4c9c-98b6-360ec0e7c9c3",
      "Page": 1
    },
    {
      "BlockType": "WORD",
      "Confidence": 99.93524169921875,
      "Text": "(%)",
      "TextType": "PRINTED",
      "Geometry": {
        "BoundingBox": {
          "Width": 0.019015353173017502,
          "Height": 0.024831943213939667,
          "Left": 0.7393165230751038,
          "Top": 0.4147968590259552
        },
        "Polygon": [
          {
            "X": 0.7393165230751038,
            "Y": 0.4147968590259552
          },
          {
            "X": 0.7582754492759705,
            "Y": 0.41483938694000244
          },
          {
            "X": 0.7583318948745728,
            "Y": 0.43962880969047546
          },
          {
            "X": 0.7393704652786255,
            "Y": 0.43958571553230286
          }
        ]
      },
      "Id": "a69e3815-a801-49ac-8329-4811bfe88695",
      "Page": 1
    },
    {
      "BlockType": "WORD",
      "Confidence": 99.68353271484375,
      "Text": "EP",
      "TextType": "PRINTED",
      "Geometry": {
        "BoundingBox": {
          "Width": 0.015370229259133339,
          "Height": 0.01861564815044403,
          "Left": 0.2522231340408325,
          "Top": 0.4649161100387573
        },
        "Polygon": [
          {
            "X": 0.2522316575050354,
            "Y": 0.4649161100387573
          },
          {
            "X": 0.2675933539867401,
            "Y": 0.4649515151977539
          },
          {
            "X": 0.2675864100456238,
            "Y": 0.48353177309036255
          },
          {
            "X": 0.2522231340408325,
            "Y": 0.4834960103034973
          }
        ]
      },
      "Id": "434d7b97-991e-4fbd-8102-857b9a79a919",
      "Page": 1
    },
    {
      "BlockType": "WORD",
      "Confidence": 99.95537567138672,
      "Text": "384",
      "TextType": "PRINTED",
      "Geometry": {
        "BoundingBox": {
          "Width": 0.023945501074194908,
          "Height": 0.019622353836894035,
          "Left": 0.3776249587535858,
          "Top": 0.46433499455451965
        },
        "Polygon": [
          {
            "X": 0.3776249587535858,
            "Y": 0.46433499455451965
          },
          {
            "X": 0.4015636146068573,
            "Y": 0.4643901288509369
          },
          {
            "X": 0.40157046914100647,
            "Y": 0.48395735025405884
          },
          {
            "X": 0.37762925028800964,
            "Y": 0.48390161991119385
          }
        ]
      },
      "Id": "d9445e28-eb96-46de-ae97-3dea61e5aa7b",
      "Page": 1
    },
    {
      "BlockType": "WORD",
      "Confidence": 99.98592376708984,
      "Text": "416",
      "TextType": "PRINTED",
      "Geometry": {
        "BoundingBox": {
          "Width": 0.024257948622107506,
          "Height": 0.019930219277739525,
          "Left": 0.4720896780490875,
          "Top": 0.46410492062568665
        },
        "Polygon": [
          {
            "X": 0.4720896780490875,
            "Y": 0.46410492062568665
          },
          {
            "X": 0.49633052945137024,
            "Y": 0.4641607403755188
          },
          {
            "X": 0.4963476359844208,
            "Y": 0.4840351343154907
          },
          {
            "X": 0.47210419178009033,
            "Y": 0.4839787185192108
          }
        ]
      },
      "Id": "7378e174-ca6e-41a7-a247-034ea4aebb39",
      "Page": 1
    },
    {
      "BlockType": "WORD",
      "Confidence": 98.34380340576172,
      "Text": "1.9",
      "TextType": "PRINTED",
      "Geometry": {
        "BoundingBox": {
          "Width": 0.017978690564632416,
          "Height": 0.019671345129609108,
          "Left": 0.5767652988433838,
          "Top": 0.46432727575302124
        },
        "Polygon": [
          {
            "X": 0.5767652988433838,
            "Y": 0.46432727575302124
          },
          {
            "X": 0.5947166681289673,
            "Y": 0.464368611574173
          },
          {
            "X": 0.5947439670562744,
            "Y": 0.4839986264705658
          },
          {
            "X": 0.5767907500267029,
            "Y": 0.48395684361457825
          }
        ]
      },
      "Id": "563c6bbc-4809-472d-87a2-5541ba207b8f",
      "Page": 1
    },
    {
      "BlockType": "WORD",
      "Confidence": 93.47291564941406,
      "Text": "10.2",
      "TextType": "PRINTED",
      "Geometry": {
        "BoundingBox": {
          "Width": 0.025546172633767128,
          "Height": 0.01924615539610386,
          "Left": 0.7045421004295349,
          "Top": 0.46441933512687683
        },
        "Polygon": [
          {
            "X": 0.7045421004295349,
            "Y": 0.46441933512687683
          },
          {
            "X": 0.7300475239753723,
            "Y": 0.464478075504303
          },
          {
            "X": 0.7300882935523987,
            "Y": 0.48366549611091614
          },
          {
            "X": 0.7045801877975464,
            "Y": 0.48360615968704224
          }
        ]
      },
      "Id": "e458ec18-7bdd-46c8-98ae-b83cb057e467",
      "Page": 1
    },
    {
      "BlockType": "WORD",
      "Confidence": 99.75392150878906,
      "Text": "2%DPHK-EP",
      "TextType": "PRINTED",
      "Geometry": {
        "BoundingBox": {
          "Width": 0.07544764131307602,
          "Height": 0.01959477923810482,
          "Left": 0.2519921362400055,
          "Top": 0.49469444155693054
        },
        "Polygon": [
          {
            "X": 0.2520010769367218,
            "Y": 0.49469444155693054
          },
          {
            "X": 0.3274397850036621,
            "Y": 0.49487102031707764
          },
          {
            "X": 0.3274388015270233,
            "Y": 0.5142892003059387
          },
          {
            "X": 0.2519921362400055,
            "Y": 0.5141108632087708
          }
        ]
      },
      "Id": "1bfc80ed-f120-4b7c-a732-c98a4450a0ba",
      "Page": 1
    },
    {
      "BlockType": "WORD",
      "Confidence": 99.95465850830078,
      "Text": "384",
      "TextType": "PRINTED",
      "Geometry": {
        "BoundingBox": {
          "Width": 0.02395022287964821,
          "Height": 0.019551105797290802,
          "Left": 0.37759724259376526,
          "Top": 0.49477025866508484
        },
        "Polygon": [
          {
            "X": 0.37759724259376526,
            "Y": 0.49477025866508484
          },
          {
            "X": 0.4015406668186188,
            "Y": 0.4948262870311737
          },
          {
            "X": 0.40154746174812317,
            "Y": 0.5143213868141174
          },
          {
            "X": 0.3776015341281891,
            "Y": 0.5142647624015808
          }
        ]
      },
      "Id": "3be2756e-dd3e-4c54-b520-12ae323db0ca",
      "Page": 1
    },
    {
      "BlockType": "WORD",
      "Confidence": 99.96197509765625,
      "Text": "411",
      "TextType": "PRINTED",
      "Geometry": {
        "BoundingBox": {
          "Width": 0.022862933576107025,
          "Height": 0.01935422606766224,
          "Left": 0.47219517827033997,
          "Top": 0.4949445128440857
        },
        "Polygon": [
          {
            "X": 0.47219517827033997,
            "Y": 0.4949445128440857
          },
          {
            "X": 0.4950416386127472,
            "Y": 0.4949979782104492
          },
          {
            "X": 0.4950581192970276,
            "Y": 0.5142987370491028
          },
          {
            "X": 0.47220927476882935,
            "Y": 0.5142447352409363
          }
        ]
      },
      "Id": "4483b397-194d-4c8a-92a7-34bb15f26f2d",
      "Page": 1
    },
    {
      "BlockType": "WORD",
      "Confidence": 86.98407745361328,
      "Text": "1.7",
      "TextType": "PRINTED",
      "Geometry": {
        "BoundingBox": {
          "Width": 0.018142690882086754,
          "Height": 0.01910918764770031,
          "Left": 0.5766645669937134,
          "Top": 0.4950403571128845
        },
        "Polygon": [
          {
            "X": 0.5766645669937134,
            "Y": 0.4950403571128845
          },
          {
            "X": 0.594780683517456,
            "Y": 0.4950827360153198
          },
          {
            "X": 0.5948072671890259,
            "Y": 0.51414954662323
          },
          {
            "X": 0.5766892433166504,
            "Y": 0.5141066908836365
          }
        ]
      },
      "Id": "3145ab15-e663-457c-ad20-87a5a34bd824",
      "Page": 1
    },
    {
      "BlockType": "WORD",
      "Confidence": 77.76640319824219,
      "Text": "18.6",
      "TextType": "PRINTED",
      "Geometry": {
        "BoundingBox": {
          "Width": 0.025667065754532814,
          "Height": 0.018993524834513664,
          "Left": 0.7046600580215454,
          "Top": 0.4949852228164673
        },
        "Polygon": [
          {
            "X": 0.7046600580215454,
            "Y": 0.4949852228164673
          },
          {
            "X": 0.7302868366241455,
            "Y": 0.49504518508911133
          },
          {
            "X": 0.7303270697593689,
            "Y": 0.5139787793159485
          },
          {
            "X": 0.7046976685523987,
            "Y": 0.5139182209968567
          }
        ]
      },
      "Id": "be7ca1cb-70a4-4de0-be36-e484b6dc32db",
      "Page": 1
    },
    {
      "BlockType": "WORD",
      "Confidence": 99.68553924560547,
      "Text": "3%DPHK-EP",
      "TextType": "PRINTED",
      "Geometry": {
        "BoundingBox": {
          "Width": 0.07558127492666245,
          "Height": 0.019660040736198425,
          "Left": 0.2519952058792114,
          "Top": 0.5261985063552856
        },
        "Polygon": [
          {
            "X": 0.25200414657592773,
            "Y": 0.5261985063552856
          },
          {
            "X": 0.32757648825645447,
            "Y": 0.526378333568573
          },
          {
            "X": 0.3275754749774933,
            "Y": 0.5458585619926453
          },
          {
            "X": 0.2519952058792114,
            "Y": 0.5456769466400146
          }
        ]
      },
      "Id": "4205c909-1598-452d-9a02-581ddaa4f188",
      "Page": 1
    },
    {
      "BlockType": "WORD",
      "Confidence": 99.95858001708984,
      "Text": "380",
      "TextType": "PRINTED",
      "Geometry": {
        "BoundingBox": {
          "Width": 0.02360130473971367,
          "Height": 0.0193460825830698,
          "Left": 0.3777190148830414,
          "Top": 0.5264696478843689
        },
        "Polygon": [
          {
            "X": 0.3777190148830414,
            "Y": 0.5264696478843689
          },
          {
            "X": 0.4013136327266693,
            "Y": 0.5265257954597473
          },
          {
            "X": 0.40132033824920654,
            "Y": 0.5458157062530518
          },
          {
            "X": 0.3777232766151428,
            "Y": 0.5457590222358704
          }
        ]
      },
      "Id": "e2da6e5a-afd6-4a3f-b7d1-2dd5c8260a90",
      "Page": 1
    },
    {
      "BlockType": "WORD",
      "Confidence": 99.98133850097656,
      "Text": "409",
      "TextType": "PRINTED",
      "Geometry": {
        "BoundingBox": {
          "Width": 0.02421260066330433,
          "Height": 0.019511442631483078,
          "Left": 0.47212839126586914,
          "Top": 0.5266309380531311
        },
        "Polygon": [
          {
            "X": 0.47212839126586914,
            "Y": 0.5266309380531311
          },
          {
            "X": 0.49632424116134644,
            "Y": 0.5266885161399841
          },
          {
            "X": 0.4963409900665283,
            "Y": 0.5461423993110657
          },
          {
            "X": 0.47214260697364807,
            "Y": 0.5460842251777649
          }
        ]
      },
      "Id": "a06e4ff6-8231-4037-b038-041627570b85",
      "Page": 1
    },
    {
      "BlockType": "WORD",
      "Confidence": 98.210693359375,
      "Text": "1.5",
      "TextType": "PRINTED",
      "Geometry": {
        "BoundingBox": {
          "Width": 0.017674101516604424,
          "Height": 0.019400887191295624,
          "Left": 0.5767940878868103,
          "Top": 0.5265234112739563
        },
        "Polygon": [
          {
            "X": 0.5767940878868103,
            "Y": 0.5265234112739563
          },
          {
            "X": 0.594441294670105,
            "Y": 0.5265653729438782
          },
          {
            "X": 0.5944682359695435,
            "Y": 0.5459243059158325
          },
          {
            "X": 0.5768191814422607,
            "Y": 0.5458818674087524
          }
        ]
      },
      "Id": "e178073b-3e04-4b60-a7a4-61c3148e9931",
      "Page": 1
    },
    {
      "BlockType": "WORD",
      "Confidence": 98.95426940917969,
      "Text": "19.7",
      "TextType": "PRINTED",
      "Geometry": {
        "BoundingBox": {
          "Width": 0.025667153298854828,
          "Height": 0.01931048557162285,
          "Left": 0.7046042084693909,
          "Top": 0.5265878438949585
        },
        "Polygon": [
          {
            "X": 0.7046042084693909,
            "Y": 0.5265878438949585
          },
          {
            "X": 0.730230450630188,
            "Y": 0.5266488194465637
          },
          {
            "X": 0.7302713394165039,
            "Y": 0.5458983778953552
          },
          {
            "X": 0.7046424150466919,
            "Y": 0.5458368062973022
          }
        ]
      },
      "Id": "1db0581c-f35e-420b-9cd0-79f404a9c83e",
      "Page": 1
    },
    {
      "BlockType": "WORD",
      "Confidence": 99.80268859863281,
      "Text": "4%DPHK-EP",
      "TextType": "PRINTED",
      "Geometry": {
        "BoundingBox": {
          "Width": 0.07616102695465088,
          "Height": 0.01996433176100254,
          "Left": 0.2515377402305603,
          "Top": 0.5577266216278076
        },
        "Polygon": [
          {
            "X": 0.25154685974121094,
            "Y": 0.5577266216278076
          },
          {
            "X": 0.3276987671852112,
            "Y": 0.557910680770874
          },
          {
            "X": 0.3276977837085724,
            "Y": 0.5776909589767456
          },
          {
            "X": 0.2515377402305603,
            "Y": 0.5775049924850464
          }
        ]
      },
      "Id": "148d76ab-b1b6-48b6-9b7b-c730bd1aef95",
      "Page": 1
    },
    {
      "BlockType": "WORD",
      "Confidence": 99.95106506347656,
      "Text": "378",
      "TextType": "PRINTED",
      "Geometry": {
        "BoundingBox": {
          "Width": 0.02355978637933731,
          "Height": 0.0197592806071043,
          "Left": 0.3775644898414612,
          "Top": 0.5579683184623718
        },
        "Polygon": [
          {
            "X": 0.3775644898414612,
            "Y": 0.5579683184623718
          },
          {
            "X": 0.4011174440383911,
            "Y": 0.5580252408981323
          },
          {
            "X": 0.4011242687702179,
            "Y": 0.5777275562286377
          },
          {
            "X": 0.3775688111782074,
            "Y": 0.5776700973510742
          }
        ]
      },
      "Id": "1215403e-3a19-45db-a36d-1fd9cc4f3c4a",
      "Page": 1
    },
    {
      "BlockType": "WORD",
      "Confidence": 99.9842758178711,
      "Text": "405",
      "TextType": "PRINTED",
      "Geometry": {
        "BoundingBox": {
          "Width": 0.023807790130376816,
          "Height": 0.019638974219560623,
          "Left": 0.47216662764549255,
          "Top": 0.558138370513916
        },
        "Polygon": [
          {
            "X": 0.47216662764549255,
            "Y": 0.558138370513916
          },
          {
            "X": 0.495957612991333,
            "Y": 0.5581958293914795
          },
          {
            "X": 0.49597442150115967,
            "Y": 0.5777773261070251
          },
          {
            "X": 0.47218093276023865,
            "Y": 0.5777192115783691
          }
        ]
      },
      "Id": "90296caf-6142-452d-b12f-9b179a92303a",
      "Page": 1
    },
    {
      "BlockType": "WORD",
      "Confidence": 97.86273956298828,
      "Text": "1.4",
      "TextType": "PRINTED",
      "Geometry": {
        "BoundingBox": {
          "Width": 0.018328385427594185,
          "Height": 0.019961943849921227,
          "Left": 0.5767139196395874,
          "Top": 0.5579459071159363
        },
        "Polygon": [
          {
            "X": 0.5767139196395874,
            "Y": 0.5579459071159363
          },
          {
            "X": 0.5950145125389099,
            "Y": 0.5579901337623596
          },
          {
            "X": 0.5950422883033752,
            "Y": 0.5779078602790833
          },
          {
            "X": 0.5767396688461304,
            "Y": 0.5778631567955017
          }
        ]
      },
      "Id": "0ae9483f-918c-43bb-b710-1ffa4cc7ca48",
      "Page": 1
    },
    {
      "BlockType": "WORD",
      "Confidence": 99.92613983154297,
      "Text": "21.8",
      "TextType": "PRINTED",
      "Geometry": {
        "BoundingBox": {
          "Width": 0.02709503099322319,
          "Height": 0.02002754807472229,
          "Left": 0.7033003568649292,
          "Top": 0.557804524898529
        },
        "Polygon": [
          {
            "X": 0.7033003568649292,
            "Y": 0.557804524898529
          },
          {
            "X": 0.7303529381752014,
            "Y": 0.5578698515892029
          },
          {
            "X": 0.7303953766822815,
            "Y": 0.577832043170929
          },
          {
            "X": 0.7033398151397705,
            "Y": 0.5777660012245178
          }
        ]
      },
      "Id": "05734913-8a46-4648-98f2-8417697ac126",
      "Page": 1
    },
    {
      "BlockType": "TABLE",
      "Confidence": 99.8046875,
      "Geometry": {
        "BoundingBox": {
          "Width": 0.5354185104370117,
          "Height": 0.19369566440582275,
          "Left": 0.2357523888349533,
          "Top": 0.4007720649242401
        },
        "Polygon": [
          {
            "X": 0.2358575463294983,
            "Y": 0.4007720649242401
          },
          {
            "X": 0.7707195281982422,
            "Y": 0.4019628167152405
          },
          {
            "X": 0.7711708545684814,
            "Y": 0.5944677591323853
          },
          {
            "X": 0.2357523888349533,
            "Y": 0.5931501984596252
          }
        ]
      },
      "Id": "7ec06938-e10a-4a09-9831-7f3e5c64e882",
      "Relationships": [
        {
          "Type": "CHILD",
          "Ids": [
            "f5330a38-de85-492c-834b-20706304df79",
            "ee733e22-376a-48ef-b8e0-8095ba464aa4",
            "e7a57057-641b-42ee-bb46-1c306933e7e3",
            "0d0b0419-ce0a-402b-89bf-d3153815d536",
            "f1a63db0-f9b7-4ad0-b861-64d518200097",
            "0a29d995-5f13-499a-b2e4-02bceed718f2",
            "5161a18e-3744-4620-9e97-2a3ce4375ff1",
            "6cd1f644-157e-483c-9298-0b8cb59e4000",
            "f95289c6-1923-4675-8683-e57a3b8c6458",
            "ba60607d-8736-4276-88cf-cacd712e941f",
            "613bda83-0fca-4c94-9d7c-7aff22aa2a31",
            "a2ef01ef-ff2a-4d86-92a0-de858e4a8221",
            "dd94e6e4-c578-4b95-81ea-bdad4461cc95",
            "80283419-fd1f-44f5-866b-3f00f476bbcc",
            "713ab9c9-7b7b-4a83-853b-78c3ed1a74d2",
            "7b661cf2-c2bb-4ede-a7d3-33d1bf8def41",
            "ee62f37c-93b3-4907-94fd-a2b929fa59f7",
            "f85f8a99-ba63-412f-911a-378d53799b96",
            "89bdee75-61c0-469a-a72b-f9882b9ef73b",
            "b5e1d72a-c98e-4e4a-b795-b5b940e460fb",
            "85e96464-9d8e-458d-82ab-7c864cd10fe7",
            "a1765422-f327-462c-a16c-ccb030f5a9e5",
            "5e4d2087-4a71-4317-b02a-421348a022bf",
            "0674cf03-e51f-45b5-8074-332f9996ba66",
            "cb3afe51-2b80-427b-83b1-5929e019059b"
          ]
        }
      ],
      "EntityTypes": [
        "STRUCTURED_TABLE"
      ],
      "Page": 1
    },
    {
      "BlockType": "CELL",
      "Confidence": 93.26171875,
      "RowIndex": 1,
      "ColumnIndex": 1,
      "RowSpan": 1,
      "ColumnSpan": 1,
      "Geometry": {
        "BoundingBox": {
          "Width": 0.11744710057973862,
          "Height": 0.049961622804403305,
          "Left": 0.2358303815126419,
          "Top": 0.4007720649242401
        },
        "Polygon": [
          {
            "X": 0.2358575463294983,
            "Y": 0.4007720649242401
          },
          {
            "X": 0.3532731235027313,
            "Y": 0.4010334610939026
          },
          {
            "X": 0.3532774746417999,
            "Y": 0.4507336914539337
          },
          {
            "X": 0.2358303815126419,
            "Y": 0.4504651129245758
          }
        ]
      },
      "Id": "f5330a38-de85-492c-834b-20706304df79",
      "Relationships": [
        {
          "Type": "CHILD",
          "Ids": [
            "56085f9f-d460-4fcb-b166-721b802718c1"
          ]
        }
      ],
      "EntityTypes": [
        "COLUMN_HEADER"
      ],
      "Page": 1
    },
    {
      "BlockType": "CELL",
      "Confidence": 90.234375,
      "RowIndex": 1,
      "ColumnIndex": 2,
      "RowSpan": 1,
      "ColumnSpan": 1,
      "Geometry": {
        "BoundingBox": {
          "Width": 0.0930517166852951,
          "Height": 0.04991300776600838,
          "Left": 0.3532731235027313,
          "Top": 0.4010334610939026
        },
        "Polygon": [
          {
            "X": 0.3532731235027313,
            "Y": 0.4010334610939026
          },
          {
            "X": 0.44629546999931335,
            "Y": 0.4012405574321747
          },
          {
            "X": 0.44632482528686523,
            "Y": 0.45094648003578186
          },
          {
            "X": 0.3532774746417999,
            "Y": 0.4507336914539337
          }
        ]
      },
      "Id": "ee733e22-376a-48ef-b8e0-8095ba464aa4",
      "Relationships": [
        {
          "Type": "CHILD",
          "Ids": [
            "ef2e68cb-4ffe-44ef-8196-bf19651f0475"
          ]
        }
      ],
      "EntityTypes": [
        "COLUMN_HEADER"
      ],
      "Page": 1
    },
    {
      "BlockType": "CELL",
      "Confidence": 92.724609375,
      "RowIndex": 1,
      "ColumnIndex": 3,
      "RowSpan": 1,
      "ColumnSpan": 1,
      "Geometry": {
        "BoundingBox": {
          "Width": 0.1037791445851326,
          "Height": 0.04994317144155502,
          "Left": 0.44629546999931335,
          "Top": 0.4012405574321747
        },
        "Polygon": [
          {
            "X": 0.44629546999931335,
            "Y": 0.4012405574321747
          },
          {
            "X": 0.5500173568725586,
            "Y": 0.40147149562835693
          },
          {
            "X": 0.550074577331543,
            "Y": 0.4511837363243103
          },
          {
            "X": 0.44632482528686523,
            "Y": 0.45094648003578186
          }
        ]
      },
      "Id": "e7a57057-641b-42ee-bb46-1c306933e7e3",
      "Relationships": [
        {
          "Type": "CHILD",
          "Ids": [
            "a0f9bc85-f298-4408-9365-908d992ea9cc"
          ]
        }
      ],
      "EntityTypes": [
        "COLUMN_HEADER"
      ],
      "Page": 1
    },
    {
      "BlockType": "CELL",
      "Confidence": 94.140625,
      "RowIndex": 1,
      "ColumnIndex": 4,
      "RowSpan": 1,
      "ColumnSpan": 1,
      "Geometry": {
        "BoundingBox": {
          "Width": 0.1282549500465393,
          "Height": 0.05000542849302292,
          "Left": 0.5500173568725586,
          "Top": 0.40147149562835693
        },
        "Polygon": [
          {
            "X": 0.5500173568725586,
            "Y": 0.40147149562835693
          },
          {
            "X": 0.6781806349754333,
            "Y": 0.40175682306289673
          },
          {
            "X": 0.6782723069190979,
            "Y": 0.45147690176963806
          },
          {
            "X": 0.550074577331543,
            "Y": 0.4511837363243103
          }
        ]
      },
      "Id": "0d0b0419-ce0a-402b-89bf-d3153815d536",
      "Relationships": [
        {
          "Type": "CHILD",
          "Ids": [
            "38b8e657-a552-46c6-89c3-cab4f3f1bb9c",
            "e855c325-4e1e-42a7-91c6-d1d9c0e9c501"
          ]
        }
      ],
      "EntityTypes": [
        "COLUMN_HEADER"
      ],
      "Page": 1
    },
    {
      "BlockType": "CELL",
      "Confidence": 91.015625,
      "RowIndex": 1,
      "ColumnIndex": 5,
      "RowSpan": 1,
      "ColumnSpan": 1,
      "Geometry": {
        "BoundingBox": {
          "Width": 0.09265550971031189,
          "Height": 0.04993177950382233,
          "Left": 0.6781806349754333,
          "Top": 0.40175682306289673
        },
        "Polygon": [
          {
            "X": 0.6781806349754333,
            "Y": 0.40175682306289673
          },
          {
            "X": 0.7707195281982422,
            "Y": 0.4019628167152405
          },
          {
            "X": 0.7708361148834229,
            "Y": 0.45168858766555786
          },
          {
            "X": 0.6782723069190979,
            "Y": 0.45147690176963806
          }
        ]
      },
      "Id": "f1a63db0-f9b7-4ad0-b861-64d518200097",
      "Relationships": [
        {
          "Type": "CHILD",
          "Ids": [
            "78029e04-9218-4c9c-98b6-360ec0e7c9c3",
            "a69e3815-a801-49ac-8329-4811bfe88695"
          ]
        }
      ],
      "EntityTypes": [
        "COLUMN_HEADER"
      ],
      "Page": 1
    },
    {
      "BlockType": "CELL",
      "Confidence": 88.720703125,
      "RowIndex": 2,
      "ColumnIndex": 1,
      "RowSpan": 1,
      "ColumnSpan": 1,
      "Geometry": {
        "BoundingBox": {
          "Width": 0.11747164279222488,
          "Height": 0.03893468901515007,
          "Left": 0.23580925166606903,
          "Top": 0.4504651129245758
        },
        "Polygon": [
          {
            "X": 0.2358303815126419,
            "Y": 0.4504651129245758
          },
          {
            "X": 0.3532774746417999,
            "Y": 0.4507336914539337
          },
          {
            "X": 0.3532809019088745,
            "Y": 0.489399790763855
          },
          {
            "X": 0.23580925166606903,
            "Y": 0.48912563920021057
          }
        ]
      },
      "Id": "0a29d995-5f13-499a-b2e4-02bceed718f2",
      "Relationships": [
        {
          "Type": "CHILD",
          "Ids": [
            "434d7b97-991e-4fbd-8102-857b9a79a919"
          ]
        }
      ],
      "Page": 1
    },
    {
      "BlockType": "CELL",
      "Confidence": 85.83984375,
      "RowIndex": 2,
      "ColumnIndex": 2,
      "RowSpan": 1,
      "ColumnSpan": 1,
      "Geometry": {
        "BoundingBox": {
          "Width": 0.09307019412517548,
          "Height": 0.03888332098722458,
          "Left": 0.3532774746417999,
          "Top": 0.4507336914539337
        },
        "Polygon": [
          {
            "X": 0.3532774746417999,
            "Y": 0.4507336914539337
          },
          {
            "X": 0.44632482528686523,
            "Y": 0.45094648003578186
          },
          {
            "X": 0.4463476836681366,
            "Y": 0.4896170198917389
          },
          {
            "X": 0.3532809019088745,
            "Y": 0.489399790763855
          }
        ]
      },
      "Id": "5161a18e-3744-4620-9e97-2a3ce4375ff1",
      "Relationships": [
        {
          "Type": "CHILD",
          "Ids": [
            "d9445e28-eb96-46de-ae97-3dea61e5aa7b"
          ]
        }
      ],
      "Page": 1
    },
    {
      "BlockType": "CELL",
      "Confidence": 88.18359375,
      "RowIndex": 2,
      "ColumnIndex": 3,
      "RowSpan": 1,
      "ColumnSpan": 1,
      "Geometry": {
        "BoundingBox": {
          "Width": 0.10379431396722794,
          "Height": 0.038912735879421234,
          "Left": 0.44632482528686523,
          "Top": 0.45094648003578186
        },
        "Polygon": [
          {
            "X": 0.44632482528686523,
            "Y": 0.45094648003578186
          },
          {
            "X": 0.550074577331543,
            "Y": 0.4511837363243103
          },
          {
            "X": 0.550119161605835,
            "Y": 0.4898592233657837
          },
          {
            "X": 0.4463476836681366,
            "Y": 0.4896170198917389
          }
        ]
      },
      "Id": "6cd1f644-157e-483c-9298-0b8cb59e4000",
      "Relationships": [
        {
          "Type": "CHILD",
          "Ids": [
            "7378e174-ca6e-41a7-a247-034ea4aebb39"
          ]
        }
      ],
      "Page": 1
    },
    {
      "BlockType": "CELL",
      "Confidence": 89.501953125,
      "RowIndex": 2,
      "ColumnIndex": 4,
      "RowSpan": 1,
      "ColumnSpan": 1,
      "Geometry": {
        "BoundingBox": {
          "Width": 0.1282690465450287,
          "Height": 0.03897474706172943,
          "Left": 0.550074577331543,
          "Top": 0.4511837363243103
        },
        "Polygon": [
          {
            "X": 0.550074577331543,
            "Y": 0.4511837363243103
          },
          {
            "X": 0.6782723069190979,
            "Y": 0.45147690176963806
          },
          {
            "X": 0.678343653678894,
            "Y": 0.4901584982872009
          },
          {
            "X": 0.550119161605835,
            "Y": 0.4898592233657837
          }
        ]
      },
      "Id": "f95289c6-1923-4675-8683-e57a3b8c6458",
      "Relationships": [
        {
          "Type": "CHILD",
          "Ids": [
            "563c6bbc-4809-472d-87a2-5541ba207b8f"
          ]
        }
      ],
      "Page": 1
    },
    {
      "BlockType": "CELL",
      "Confidence": 86.572265625,
      "RowIndex": 2,
      "ColumnIndex": 5,
      "RowSpan": 1,
      "ColumnSpan": 1,
      "Geometry": {
        "BoundingBox": {
          "Width": 0.0926545113325119,
          "Height": 0.03889766335487366,
          "Left": 0.6782723069190979,
          "Top": 0.45147690176963806
        },
        "Polygon": [
          {
            "X": 0.6782723069190979,
            "Y": 0.45147690176963806
          },
          {
            "X": 0.7708361148834229,
            "Y": 0.45168858766555786
          },
          {
            "X": 0.770926833152771,
            "Y": 0.4903745651245117
          },
          {
            "X": 0.678343653678894,
            "Y": 0.4901584982872009
          }
        ]
      },
      "Id": "ba60607d-8736-4276-88cf-cacd712e941f",
      "Relationships": [
        {
          "Type": "CHILD",
          "Ids": [
            "e458ec18-7bdd-46c8-98ae-b83cb057e467"
          ]
        }
      ],
      "Page": 1
    },
    {
      "BlockType": "CELL",
      "Confidence": 86.9140625,
      "RowIndex": 3,
      "ColumnIndex": 1,
      "RowSpan": 1,
      "ColumnSpan": 1,
      "Geometry": {
        "BoundingBox": {
          "Width": 0.11749111115932465,
          "Height": 0.030951889231801033,
          "Left": 0.23579248785972595,
          "Top": 0.48912563920021057
        },
        "Polygon": [
          {
            "X": 0.23580925166606903,
            "Y": 0.48912563920021057
          },
          {
            "X": 0.3532809019088745,
            "Y": 0.489399790763855
          },
          {
            "X": 0.3532835841178894,
            "Y": 0.5200775265693665
          },
          {
            "X": 0.23579248785972595,
            "Y": 0.5197988748550415
          }
        ]
      },
      "Id": "613bda83-0fca-4c94-9d7c-7aff22aa2a31",
      "Relationships": [
        {
          "Type": "CHILD",
          "Ids": [
            "1bfc80ed-f120-4b7c-a732-c98a4450a0ba"
          ]
        }
      ],
      "Page": 1
    },
    {
      "BlockType": "CELL",
      "Confidence": 84.130859375,
      "RowIndex": 3,
      "ColumnIndex": 2,
      "RowSpan": 1,
      "ColumnSpan": 1,
      "Geometry": {
        "BoundingBox": {
          "Width": 0.093084916472435,
          "Height": 0.03089844435453415,
          "Left": 0.3532809019088745,
          "Top": 0.489399790763855
        },
        "Polygon": [
          {
            "X": 0.3532809019088745,
            "Y": 0.489399790763855
          },
          {
            "X": 0.4463476836681366,
            "Y": 0.4896170198917389
          },
          {
            "X": 0.4463658034801483,
            "Y": 0.5202982425689697
          },
          {
            "X": 0.3532835841178894,
            "Y": 0.5200775265693665
          }
        ]
      },
      "Id": "a2ef01ef-ff2a-4d86-92a0-de858e4a8221",
      "Relationships": [
        {
          "Type": "CHILD",
          "Ids": [
            "3be2756e-dd3e-4c54-b520-12ae323db0ca"
          ]
        }
      ],
      "Page": 1
    },
    {
      "BlockType": "CELL",
      "Confidence": 86.42578125,
      "RowIndex": 3,
      "ColumnIndex": 3,
      "RowSpan": 1,
      "ColumnSpan": 1,
      "Geometry": {
        "BoundingBox": {
          "Width": 0.10380680114030838,
          "Height": 0.030927348881959915,
          "Left": 0.4463476836681366,
          "Top": 0.4896170198917389
        },
        "Polygon": [
          {
            "X": 0.4463476836681366,
            "Y": 0.4896170198917389
          },
          {
            "X": 0.550119161605835,
            "Y": 0.4898592233657837
          },
          {
            "X": 0.5501545071601868,
            "Y": 0.5205443501472473
          },
          {
            "X": 0.4463658034801483,
            "Y": 0.5202982425689697
          }
        ]
      },
      "Id": "dd94e6e4-c578-4b95-81ea-bdad4461cc95",
      "Relationships": [
        {
          "Type": "CHILD",
          "Ids": [
            "4483b397-194d-4c8a-92a7-34bb15f26f2d"
          ]
        }
      ],
      "Page": 1
    },
    {
      "BlockType": "CELL",
      "Confidence": 87.744140625,
      "RowIndex": 3,
      "ColumnIndex": 4,
      "RowSpan": 1,
      "ColumnSpan": 1,
      "Geometry": {
        "BoundingBox": {
          "Width": 0.1282811164855957,
          "Height": 0.0309892650693655,
          "Left": 0.550119161605835,
          "Top": 0.4898592233657837
        },
        "Polygon": [
          {
            "X": 0.550119161605835,
            "Y": 0.4898592233657837
          },
          {
            "X": 0.678343653678894,
            "Y": 0.4901584982872009
          },
          {
            "X": 0.6784002780914307,
            "Y": 0.5208484530448914
          },
          {
            "X": 0.5501545071601868,
            "Y": 0.5205443501472473
          }
        ]
      },
      "Id": "80283419-fd1f-44f5-866b-3f00f476bbcc",
      "Relationships": [
        {
          "Type": "CHILD",
          "Ids": [
            "3145ab15-e663-457c-ad20-87a5a34bd824"
          ]
        }
      ],
      "Page": 1
    },
    {
      "BlockType": "CELL",
      "Confidence": 84.86328125,
      "RowIndex": 3,
      "ColumnIndex": 5,
      "RowSpan": 1,
      "ColumnSpan": 1,
      "Geometry": {
        "BoundingBox": {
          "Width": 0.09265512973070145,
          "Height": 0.030909575521945953,
          "Left": 0.678343653678894,
          "Top": 0.4901584982872009
        },
        "Polygon": [
          {
            "X": 0.678343653678894,
            "Y": 0.4901584982872009
          },
          {
            "X": 0.770926833152771,
            "Y": 0.4903745651245117
          },
          {
            "X": 0.7709987759590149,
            "Y": 0.5210680365562439
          },
          {
            "X": 0.6784002780914307,
            "Y": 0.5208484530448914
          }
        ]
      },
      "Id": "713ab9c9-7b7b-4a83-853b-78c3ed1a74d2",
      "Relationships": [
        {
          "Type": "CHILD",
          "Ids": [
            "be7ca1cb-70a4-4de0-be36-e484b6dc32db"
          ]
        }
      ],
      "Page": 1
    },
    {
      "BlockType": "CELL",
      "Confidence": 85.498046875,
      "RowIndex": 4,
      "ColumnIndex": 1,
      "RowSpan": 1,
      "ColumnSpan": 1,
      "Geometry": {
        "BoundingBox": {
          "Width": 0.11751142889261246,
          "Height": 0.032300982624292374,
          "Left": 0.23577497899532318,
          "Top": 0.5197988748550415
        },
        "Polygon": [
          {
            "X": 0.23579248785972595,
            "Y": 0.5197988748550415
          },
          {
            "X": 0.3532835841178894,
            "Y": 0.5200775265693665
          },
          {
            "X": 0.35328641533851624,
            "Y": 0.552099883556366
          },
          {
            "X": 0.23577497899532318,
            "Y": 0.5518166422843933
          }
        ]
      },
      "Id": "7b661cf2-c2bb-4ede-a7d3-33d1bf8def41",
      "Relationships": [
        {
          "Type": "CHILD",
          "Ids": [
            "4205c909-1598-452d-9a02-581ddaa4f188"
          ]
        }
      ],
      "Page": 1
    },
    {
      "BlockType": "CELL",
      "Confidence": 82.71484375,
      "RowIndex": 4,
      "ColumnIndex": 2,
      "RowSpan": 1,
      "ColumnSpan": 1,
      "Geometry": {
        "BoundingBox": {
          "Width": 0.0931011363863945,
          "Height": 0.032246772199869156,
          "Left": 0.3532835841178894,
          "Top": 0.5200775265693665
        },
        "Polygon": [
          {
            "X": 0.3532835841178894,
            "Y": 0.5200775265693665
          },
          {
            "X": 0.4463658034801483,
            "Y": 0.5202982425689697
          },
          {
            "X": 0.4463847279548645,
            "Y": 0.5523242950439453
          },
          {
            "X": 0.35328641533851624,
            "Y": 0.552099883556366
          }
        ]
      },
      "Id": "ee62f37c-93b3-4907-94fd-a2b929fa59f7",
      "Relationships": [
        {
          "Type": "CHILD",
          "Ids": [
            "e2da6e5a-afd6-4a3f-b7d1-2dd5c8260a90"
          ]
        }
      ],
      "Page": 1
    },
    {
      "BlockType": "CELL",
      "Confidence": 85.009765625,
      "RowIndex": 4,
      "ColumnIndex": 3,
      "RowSpan": 1,
      "ColumnSpan": 1,
      "Geometry": {
        "BoundingBox": {
          "Width": 0.10382555425167084,
          "Height": 0.032276254147291183,
          "Left": 0.4463658034801483,
          "Top": 0.5202982425689697
        },
        "Polygon": [
          {
            "X": 0.4463658034801483,
            "Y": 0.5202982425689697
          },
          {
            "X": 0.5501545071601868,
            "Y": 0.5205443501472473
          },
          {
            "X": 0.550191342830658,
            "Y": 0.5525745153427124
          },
          {
            "X": 0.4463847279548645,
            "Y": 0.5523242950439453
          }
        ]
      },
      "Id": "f85f8a99-ba63-412f-911a-378d53799b96",
      "Relationships": [
        {
          "Type": "CHILD",
          "Ids": [
            "a06e4ff6-8231-4037-b038-041627570b85"
          ]
        }
      ],
      "Page": 1
    },
    {
      "BlockType": "CELL",
      "Confidence": 86.279296875,
      "RowIndex": 4,
      "ColumnIndex": 4,
      "RowSpan": 1,
      "ColumnSpan": 1,
      "Geometry": {
        "BoundingBox": {
          "Width": 0.1283048689365387,
          "Height": 0.03233930841088295,
          "Left": 0.5501545071601868,
          "Top": 0.5205443501472473
        },
        "Polygon": [
          {
            "X": 0.5501545071601868,
            "Y": 0.5205443501472473
          },
          {
            "X": 0.6784002780914307,
            "Y": 0.5208484530448914
          },
          {
            "X": 0.6784593462944031,
            "Y": 0.5528836846351624
          },
          {
            "X": 0.550191342830658,
            "Y": 0.5525745153427124
          }
        ]
      },
      "Id": "89bdee75-61c0-469a-a72b-f9882b9ef73b",
      "Relationships": [
        {
          "Type": "CHILD",
          "Ids": [
            "e178073b-3e04-4b60-a7a4-61c3148e9931"
          ]
        }
      ],
      "Page": 1
    },
    {
      "BlockType": "CELL",
      "Confidence": 83.447265625,
      "RowIndex": 4,
      "ColumnIndex": 5,
      "RowSpan": 1,
      "ColumnSpan": 1,
      "Geometry": {
        "BoundingBox": {
          "Width": 0.0926736444234848,
          "Height": 0.03225842863321304,
          "Left": 0.6784002780914307,
          "Top": 0.5208484530448914
        },
        "Polygon": [
          {
            "X": 0.6784002780914307,
            "Y": 0.5208484530448914
          },
          {
            "X": 0.7709987759590149,
            "Y": 0.5210680365562439
          },
          {
            "X": 0.7710738778114319,
            "Y": 0.5531069040298462
          },
          {
            "X": 0.6784593462944031,
            "Y": 0.5528836846351624
          }
        ]
      },
      "Id": "b5e1d72a-c98e-4e4a-b795-b5b940e460fb",
      "Relationships": [
        {
          "Type": "CHILD",
          "Ids": [
            "1db0581c-f35e-420b-9cd0-79f404a9c83e"
          ]
        }
      ],
      "Page": 1
    },
    {
      "BlockType": "CELL",
      "Confidence": 92.041015625,
      "RowIndex": 5,
      "ColumnIndex": 1,
      "RowSpan": 1,
      "ColumnSpan": 1,
      "Geometry": {
        "BoundingBox": {
          "Width": 0.11753766238689423,
          "Height": 0.04162280261516571,
          "Left": 0.2357523888349533,
          "Top": 0.5518166422843933
        },
        "Polygon": [
          {
            "X": 0.23577497899532318,
            "Y": 0.5518166422843933
          },
          {
            "X": 0.35328641533851624,
            "Y": 0.552099883556366
          },
          {
            "X": 0.35329005122184753,
            "Y": 0.5934394598007202
          },
          {
            "X": 0.2357523888349533,
            "Y": 0.5931501984596252
          }
        ]
      },
      "Id": "85e96464-9d8e-458d-82ab-7c864cd10fe7",
      "Relationships": [
        {
          "Type": "CHILD",
          "Ids": [
            "148d76ab-b1b6-48b6-9b7b-c730bd1aef95"
          ]
        }
      ],
      "Page": 1
    },
    {
      "BlockType": "CELL",
      "Confidence": 89.0625,
      "RowIndex": 5,
      "ColumnIndex": 2,
      "RowSpan": 1,
      "ColumnSpan": 1,
      "Geometry": {
        "BoundingBox": {
          "Width": 0.09312275052070618,
          "Height": 0.04156870022416115,
          "Left": 0.35328641533851624,
          "Top": 0.552099883556366
        },
        "Polygon": [
          {
            "X": 0.35328641533851624,
            "Y": 0.552099883556366
          },
          {
            "X": 0.4463847279548645,
            "Y": 0.5523242950439453
          },
          {
            "X": 0.4464091658592224,
            "Y": 0.5936685800552368
          },
          {
            "X": 0.35329005122184753,
            "Y": 0.5934394598007202
          }
        ]
      },
      "Id": "a1765422-f327-462c-a16c-ccb030f5a9e5",
      "Relationships": [
        {
          "Type": "CHILD",
          "Ids": [
            "1215403e-3a19-45db-a36d-1fd9cc4f3c4a"
          ]
        }
      ],
      "Page": 1
    },
    {
      "BlockType": "CELL",
      "Confidence": 91.552734375,
      "RowIndex": 5,
      "ColumnIndex": 3,
      "RowSpan": 1,
      "ColumnSpan": 1,
      "Geometry": {
        "BoundingBox": {
          "Width": 0.10385424643754959,
          "Height": 0.04159979522228241,
          "Left": 0.4463847279548645,
          "Top": 0.5523242950439453
        },
        "Polygon": [
          {
            "X": 0.4463847279548645,
            "Y": 0.5523242950439453
          },
          {
            "X": 0.550191342830658,
            "Y": 0.5525745153427124
          },
          {
            "X": 0.5502389669418335,
            "Y": 0.5939241051673889
          },
          {
            "X": 0.4464091658592224,
            "Y": 0.5936685800552368
          }
        ]
      },
      "Id": "5e4d2087-4a71-4317-b02a-421348a022bf",
      "Relationships": [
        {
          "Type": "CHILD",
          "Ids": [
            "90296caf-6142-452d-b12f-9b179a92303a"
          ]
        }
      ],
      "Page": 1
    },
    {
      "BlockType": "CELL",
      "Confidence": 92.919921875,
      "RowIndex": 5,
      "ColumnIndex": 4,
      "RowSpan": 1,
      "ColumnSpan": 1,
      "Geometry": {
        "BoundingBox": {
          "Width": 0.12834425270557404,
          "Height": 0.04166528955101967,
          "Left": 0.550191342830658,
          "Top": 0.5525745153427124
        },
        "Polygon": [
          {
            "X": 0.550191342830658,
            "Y": 0.5525745153427124
          },
          {
            "X": 0.6784593462944031,
            "Y": 0.5528836846351624
          },
          {
            "X": 0.6785356402397156,
            "Y": 0.5942397713661194
          },
          {
            "X": 0.5502389669418335,
            "Y": 0.5939241051673889
          }
        ]
      },
      "Id": "0674cf03-e51f-45b5-8074-332f9996ba66",
      "Relationships": [
        {
          "Type": "CHILD",
          "Ids": [
            "0ae9483f-918c-43bb-b710-1ffa4cc7ca48"
          ]
        }
      ],
      "Page": 1
    },
    {
      "BlockType": "CELL",
      "Confidence": 89.84375,
      "RowIndex": 5,
      "ColumnIndex": 5,
      "RowSpan": 1,
      "ColumnSpan": 1,
      "Geometry": {
        "BoundingBox": {
          "Width": 0.09271153062582016,
          "Height": 0.0415840670466423,
          "Left": 0.6784593462944031,
          "Top": 0.5528836846351624
        },
        "Polygon": [
          {
            "X": 0.6784593462944031,
            "Y": 0.5528836846351624
          },
          {
            "X": 0.7710738778114319,
            "Y": 0.5531069040298462
          },
          {
            "X": 0.7711708545684814,
            "Y": 0.5944677591323853
          },
          {
            "X": 0.6785356402397156,
            "Y": 0.5942397713661194
          }
        ]
      },
      "Id": "cb3afe51-2b80-427b-83b1-5929e019059b",
      "Relationships": [
        {
          "Type": "CHILD",
          "Ids": [
            "05734913-8a46-4648-98f2-8417697ac126"
          ]
        }
      ],
      "Page": 1
    }
  ],
  "AnalyzeDocumentModelVersion": "1.0"
}