{
  "DocumentMetadata": {
    "Pages": 1
  },
  "JobStatus": "SUCCEEDED",
  "Blocks": [
    {
      "BlockType": "PAGE",
      "Geometry": {
        "BoundingBox": {
          "Width": 0.5425712466239929,
          "Height": 0.27432045340538025,
          "Left": 0.2283511608839035,
          "Top": 0.35293033719062805
        },
        "Polygon": [
          {
            "X": 0.2283511608839035,
            "Y": 0.35293033719062805
          },
          {
            "X": 0.7683888673782349,
            "Y": 0.35351258516311646
          },
          {
            "X": 0.7709223628044128,
            "Y": 0.6272507905960083
          },
          {
            "X": 0.22975388169288635,
            "Y": 0.6255156993865967
          }
        ]
      },
      "Id": "d31132b2-397c-4405-9d45-2b74184bb8e2",
      "Relationships": [
        {
          "Type": "CHILD",
          "Ids": [
            "1d0af080-59ca-4aef-8d8d-d283dddb7746",
            "b0feb36b-12e7-400a-8700-01d559b17702",
            "192e4874-6ddc-46d3-9924-32548f674e35",
            "08896433-ebbb-4f29-9b3c-66a109a7baa7",
            "ce747a19-31a9-4514-bcb2-ad6c53ab5c55",
            "90961b79-60cf-4851-ac55-0ab9d8bd3b7c",
            "cfb6c1e0-932b-48ae-ab8a-e979a26dbfd0",
            "ebee3c6b-b4a5-4125-b0e1-a4b26dc762ad",
            "503b8b94-9b2b-455f-a6fe-11109e1609d2",
            "01917c65-670e-430d-bcc8-c4b1763802a1",
            "94297d39-d843-475c-90cc-8751c787fc80",
            "ed6f4630-6b65-4c1b-9bda-db8fbc091e4a",
            "88f342f3-ff12-4912-a2b2-03f1c6129de7",
            "d5fc1cb0-a7fb-4332-8094-04d85d8a2c31",
            "a252bf7d-2963-44a5-a9db-f3553480476d",
            "b1ff84bf-2f19-4aef-b5e1-e28b66c2aff8",
            "96e19264-2989-42ad-bbce-ee85ab70bc75",
            "3da10396-c127-4a97-939d-734912f5ce33"
          ]
        }
      ],
      "Page": 1
    },
    {
      "BlockType": "LINE",
      "Confidence": 99.86717987060547,
      "Text": "Adhesive",
      "Geometry": {
        "BoundingBox": {
          "Width": 0.06268557161092758,
          "Height": 0.019539622589945793,
          "Left": 0.2506140470504761,
          "Top": 0.3931865394115448
        },
        "Polygon": [
          {
            "X": 0.2506140470504761,
            "Y": 0.3931865394115448
          },
          {
            "X": 0.31318697333335876,
            "Y": 0.39327365159988403
          },
          {
            "X": 0.31329962611198425,
            "Y": 0.41272616386413574
          },
          {
            "X": 0.2507173418998718,
            "Y": 0.41262951493263245
          }
        ]
      },
      "Id": "1d0af080-59ca-4aef-8d8d-d283dddb7746",
      "Relationships": [
        {
          "Type": "CHILD",
          "Ids": [
            "c6534d4f-4a24-44e0-bd3d-9161442cc102"
          ]
        }
      ],
      "Page": 1
    },
    {
      "BlockType": "LINE",
      "Confidence": 99.83780670166016,
      "Text": "Calculation method",
      "Geometry": {
        "BoundingBox": {
          "Width": 0.1358790546655655,
          "Height": 0.01987612619996071,
          "Left": 0.38817065954208374,
          "Top": 0.3931156396865845
        },
        "Polygon": [
          {
            "X": 0.38817065954208374,
            "Y": 0.3931156396865845
          },
          {
            "X": 0.5239041447639465,
            "Y": 0.39330434799194336
          },
          {
            "X": 0.524049699306488,
            "Y": 0.41299179196357727
          },
          {
            "X": 0.3882957398891449,
            "Y": 0.4127822518348694
          }
        ]
      },
      "Id": "b0feb36b-12e7-400a-8700-01d559b17702",
      "Relationships": [
        {
          "Type": "CHILD",
          "Ids": [
            "453c85e8-0c6f-478e-b575-c232c2aba5c5",
            "ca348b98-554e-42c0-b283-e51c31fc5bbb"
          ]
        }
      ],
      "Page": 1
    },
    {
      "BlockType": "LINE",
      "Confidence": 99.9575424194336,
      "Text": "Area",
      "Geometry": {
        "BoundingBox": {
          "Width": 0.030250899493694305,
          "Height": 0.018534015864133835,
          "Left": 0.3876682221889496,
          "Top": 0.45591238141059875
        },
        "Polygon": [
          {
            "X": 0.3876682221889496,
            "Y": 0.45591238141059875
          },
          {
            "X": 0.4177975058555603,
            "Y": 0.45596903562545776
          },
          {
            "X": 0.4179191291332245,
            "Y": 0.4744464159011841
          },
          {
            "X": 0.38778558373451233,
            "Y": 0.47438541054725647
          }
        ]
      },
      "Id": "192e4874-6ddc-46d3-9924-32548f674e35",
      "Relationships": [
        {
          "Type": "CHILD",
          "Ids": [
            "6f026454-163f-4765-8ca5-e774db3b3f54"
          ]
        }
      ],
      "Page": 1
    },
    {
      "BlockType": "LINE",
      "Confidence": 99.92974090576172,
      "Text": "CBT",
      "Geometry": {
        "BoundingBox": {
          "Width": 0.02586326375603676,
          "Height": 0.018845437094569206,
          "Left": 0.5345122218132019,
          "Top": 0.45551565289497375
        },
        "Polygon": [
          {
            "X": 0.5345122218132019,
            "Y": 0.45551565289497375
          },
          {
            "X": 0.5602313876152039,
            "Y": 0.45556387305259705
          },
          {
            "X": 0.5603755116462708,
            "Y": 0.4743610918521881
          },
          {
            "X": 0.5346526503562927,
            "Y": 0.47430911660194397
          }
        ]
      },
      "Id": "08896433-ebbb-4f29-9b3c-66a109a7baa7",
      "Relationships": [
        {
          "Type": "CHILD",
          "Ids": [
            "81c12b2e-692d-4917-9b6d-9857acd61dcd"
          ]
        }
      ],
      "Page": 1
    },
    {
      "BlockType": "LINE",
      "Confidence": 99.84014892578125,
      "Text": "ECM",
      "Geometry": {
        "BoundingBox": {
          "Width": 0.029320014640688896,
          "Height": 0.01883186772465706,
          "Left": 0.680555522441864,
          "Top": 0.4555090665817261
        },
        "Polygon": [
          {
            "X": 0.680555522441864,
            "Y": 0.4555090665817261
          },
          {
            "X": 0.7097102403640747,
            "Y": 0.45556363463401794
          },
          {
            "X": 0.7098755240440369,
            "Y": 0.47434091567993164
          },
          {
            "X": 0.6807165741920471,
            "Y": 0.47428205609321594
          }
        ]
      },
      "Id": "ce747a19-31a9-4514-bcb2-ad6c53ab5c55",
      "Relationships": [
        {
          "Type": "CHILD",
          "Ids": [
            "06f2ac45-b0af-4adc-aed0-9d2c3f8c8b3a"
          ]
        }
      ],
      "Page": 1
    },
    {
      "BlockType": "LINE",
      "Confidence": 99.68360900878906,
      "Text": "Epoxy",
      "Geometry": {
        "BoundingBox": {
          "Width": 0.03973068669438362,
          "Height": 0.023445863276720047,
          "Left": 0.25156494975090027,
          "Top": 0.5159432291984558
        },
        "Polygon": [
          {
            "X": 0.25156494975090027,
            "Y": 0.5159432291984558
          },
          {
            "X": 0.29116445779800415,
            "Y": 0.516036331653595
          },
          {
            "X": 0.2912956476211548,
            "Y": 0.5393891334533691
          },
          {
            "X": 0.25168904662132263,
            "Y": 0.5392888188362122
          }
        ]
      },
      "Id": "90961b79-60cf-4851-ac55-0ab9d8bd3b7c",
      "Relationships": [
        {
          "Type": "CHILD",
          "Ids": [
            "056c867e-1b16-4d00-9634-64f85f47ae93"
          ]
        }
      ],
      "Page": 1
    },
    {
      "BlockType": "LINE",
      "Confidence": 99.08042907714844,
      "Text": "86.3 + 20.3",
      "Geometry": {
        "BoundingBox": {
          "Width": 0.07193826884031296,
          "Height": 0.02026085928082466,
          "Left": 0.3966812491416931,
          "Top": 0.5152149796485901
        },
        "Polygon": [
          {
            "X": 0.3966812491416931,
            "Y": 0.5152149796485901
          },
          {
            "X": 0.46847957372665405,
            "Y": 0.5153831243515015
          },
          {
            "X": 0.4686194956302643,
            "Y": 0.5354758501052856
          },
          {
            "X": 0.3968101441860199,
            "Y": 0.5352964401245117
          }
        ]
      },
      "Id": "cfb6c1e0-932b-48ae-ab8a-e979a26dbfd0",
      "Relationships": [
        {
          "Type": "CHILD",
          "Ids": [
            "29678a0a-647a-424d-a4ed-d18312128e35",
            "827e6b02-c961-412b-bda8-fc1600407ca0",
            "70fe41c0-47db-400d-a0ba-19fe684c9964"
          ]
        }
      ],
      "Page": 1
    },
    {
      "BlockType": "LINE",
      "Confidence": 99.4576187133789,
      "Text": "87.0 + 26.4",
      "Geometry": {
        "BoundingBox": {
          "Width": 0.0732269287109375,
          "Height": 0.020313458517193794,
          "Left": 0.5426583886146545,
          "Top": 0.5152500867843628
        },
        "Polygon": [
          {
            "X": 0.5426583886146545,
            "Y": 0.5152500867843628
          },
          {
            "X": 0.6157224774360657,
            "Y": 0.5154210329055786
          },
          {
            "X": 0.615885317325592,
            "Y": 0.5355635285377502
          },
          {
            "X": 0.5428099036216736,
            "Y": 0.5353810787200928
          }
        ]
      },
      "Id": "ebee3c6b-b4a5-4125-b0e1-a4b26dc762ad",
      "Relationships": [
        {
          "Type": "CHILD",
          "Ids": [
            "84c29bc7-9c1d-45b8-9343-cf8dd434f91d",
            "64a11d1c-6084-4191-b8ad-3b68e0d524a7",
            "097e8224-74c6-42bf-85e5-d6c1054fd08f"
          ]
        }
      ],
      "Page": 1
    },
    {
      "BlockType": "LINE",
      "Confidence": 92.93098449707031,
      "Text": "92.1 + 18.7",
      "Geometry": {
        "BoundingBox": {
          "Width": 0.07285179197788239,
          "Height": 0.019821740686893463,
          "Left": 0.6884952187538147,
          "Top": 0.5156144499778748
        },
        "Polygon": [
          {
            "X": 0.6884952187538147,
            "Y": 0.5156144499778748
          },
          {
            "X": 0.7611664533615112,
            "Y": 0.515784502029419
          },
          {
            "X": 0.7613469958305359,
            "Y": 0.53543621301651
          },
          {
            "X": 0.6886648535728455,
            "Y": 0.5352550148963928
          }
        ]
      },
      "Id": "503b8b94-9b2b-455f-a6fe-11109e1609d2",
      "Relationships": [
        {
          "Type": "CHILD",
          "Ids": [
            "594fb9fb-e2fe-4e63-9524-5e283d561d5a",
            "101eaf1f-8853-4402-9842-9c460425d4af",
            "5b7f969e-ef97-46e0-9c29-632645c26645"
          ]
        }
      ],
      "Page": 1
    },
    {
      "BlockType": "LINE",
      "Confidence": 99.77090454101562,
      "Text": "Epoxy/CNF",
      "Geometry": {
        "BoundingBox": {
          "Width": 0.07107476145029068,
          "Height": 0.02423909120261669,
          "Left": 0.2516089379787445,
          "Top": 0.5461278557777405
        },
        "Polygon": [
          {
            "X": 0.2516089379787445,
            "Y": 0.5461278557777405
          },
          {
            "X": 0.32254287600517273,
            "Y": 0.5463113188743591
          },
          {
            "X": 0.322683721780777,
            "Y": 0.5703669190406799
          },
          {
            "X": 0.25173673033714294,
            "Y": 0.5701701641082764
          }
        ]
      },
      "Id": "01917c65-670e-430d-bcc8-c4b1763802a1",
      "Relationships": [
        {
          "Type": "CHILD",
          "Ids": [
            "79d2b172-1261-494b-ba49-69fca228ea1b"
          ]
        }
      ],
      "Page": 1
    },
    {
      "BlockType": "LINE",
      "Confidence": 99.65664672851562,
      "Text": "99.1 + 7.7",
      "Geometry": {
        "BoundingBox": {
          "Width": 0.06460001319646835,
          "Height": 0.02004200778901577,
          "Left": 0.3964442014694214,
          "Top": 0.5461477637290955
        },
        "Polygon": [
          {
            "X": 0.3964442014694214,
            "Y": 0.5461477637290955
          },
          {
            "X": 0.4609069526195526,
            "Y": 0.5463142991065979
          },
          {
            "X": 0.46104422211647034,
            "Y": 0.5661897659301758
          },
          {
            "X": 0.39657163619995117,
            "Y": 0.5660132169723511
          }
        ]
      },
      "Id": "94297d39-d843-475c-90cc-8751c787fc80",
      "Relationships": [
        {
          "Type": "CHILD",
          "Ids": [
            "3b75493e-7878-4e59-ab6d-5b7f3e2e4d36",
            "ac444956-308e-4e2f-b9ea-8cff29845439",
            "dda2db12-fc67-4159-8f0e-be63637a3629"
          ]
        }
      ],
      "Page": 1
    },
    {
      "BlockType": "LINE",
      "Confidence": 99.64292907714844,
      "Text": "96.0 + 8.7",
      "Geometry": {
        "BoundingBox": {
          "Width": 0.0646338015794754,
          "Height": 0.019265886396169662,
          "Left": 0.542517364025116,
          "Top": 0.5463827252388
        },
        "Polygon": [
          {
            "X": 0.542517364025116,
            "Y": 0.5463827252388
          },
          {
            "X": 0.606998085975647,
            "Y": 0.5465492606163025
          },
          {
            "X": 0.6071511507034302,
            "Y": 0.56564861536026
          },
          {
            "X": 0.5426610112190247,
            "Y": 0.5654725432395935
          }
        ]
      },
      "Id": "ed6f4630-6b65-4c1b-9bda-db8fbc091e4a",
      "Relationships": [
        {
          "Type": "CHILD",
          "Ids": [
            "f4557c95-cc59-4ef9-96bd-8321382a338c",
            "94a9e4fb-08d1-473a-b3fd-2bc16774de67",
            "e30ed2aa-eb5b-41c4-82f8-07de9b499549"
          ]
        }
      ],
      "Page": 1
    },
    {
      "BlockType": "LINE",
      "Confidence": 94.97093200683594,
      "Text": "96.7 + 8.2",
      "Geometry": {
        "BoundingBox": {
          "Width": 0.06433668732643127,
          "Height": 0.020919963717460632,
          "Left": 0.6883978843688965,
          "Top": 0.5464780926704407
        },
        "Polygon": [
          {
            "X": 0.6883978843688965,
            "Y": 0.5464780926704407
          },
          {
            "X": 0.7525452971458435,
            "Y": 0.5466435551643372
          },
          {
            "X": 0.7527346014976501,
            "Y": 0.5673980116844177
          },
          {
            "X": 0.6885769963264465,
            "Y": 0.5672221779823303
          }
        ]
      },
      "Id": "88f342f3-ff12-4912-a2b2-03f1c6129de7",
      "Relationships": [
        {
          "Type": "CHILD",
          "Ids": [
            "48af5902-3cc8-460a-950f-77c20c761d29",
            "30f0da72-d9ee-40e6-82f8-b922d56b81c9",
            "68be9211-985c-47d3-9a53-99a7a27fbff3"
          ]
        }
      ],
      "Page": 1
    },
    {
      "BlockType": "LINE",
      "Confidence": 99.69784545898438,
      "Text": "Epoxy/CNT",
      "Geometry": {
        "BoundingBox": {
          "Width": 0.07209595292806625,
          "Height": 0.025273974984884262,
          "Left": 0.25133010745048523,
          "Top": 0.5762799382209778
        },
        "Polygon": [
          {
            "X": 0.25133010745048523,
            "Y": 0.5762799382209778
          },
          {
            "X": 0.32327917218208313,
            "Y": 0.5764829516410828
          },
          {
            "X": 0.3234260678291321,
            "Y": 0.6015539169311523
          },
          {
            "X": 0.2514632046222687,
            "Y": 0.6013367772102356
          }
        ]
      },
      "Id": "d5fc1cb0-a7fb-4332-8094-04d85d8a2c31",
      "Relationships": [
        {
          "Type": "CHILD",
          "Ids": [
            "3803622f-ebfa-44ff-8d14-5024a8ae8a60"
          ]
        }
      ],
      "Page": 1
    },
    {
      "BlockType": "LINE",
      "Confidence": 97.54924011230469,
      "Text": "116.8 + 18.6",
      "Geometry": {
        "BoundingBox": {
          "Width": 0.08006758987903595,
          "Height": 0.020638950169086456,
          "Left": 0.38938283920288086,
          "Top": 0.5768294930458069
        },
        "Polygon": [
          {
            "X": 0.38938283920288086,
            "Y": 0.5768294930458069
          },
          {
            "X": 0.46930819749832153,
            "Y": 0.5770550966262817
          },
          {
            "X": 0.4694504141807556,
            "Y": 0.5974684357643127
          },
          {
            "X": 0.3895125985145569,
            "Y": 0.597230076789856
          }
        ]
      },
      "Id": "a252bf7d-2963-44a5-a9db-f3553480476d",
      "Relationships": [
        {
          "Type": "CHILD",
          "Ids": [
            "824bc73c-5b01-4ef4-b6dc-6a835cfcef1a",
            "0ef66335-1f3a-4140-a82d-8a03d83e8b5f",
            "bce2db5a-56a7-4f80-a635-66a24c122a94"
          ]
        }
      ],
      "Page": 1
    },
    {
      "BlockType": "LINE",
      "Confidence": 95.61994171142578,
      "Text": "105.3 + 8.9",
      "Geometry": {
        "BoundingBox": {
          "Width": 0.071896992623806,
          "Height": 0.020760565996170044,
          "Left": 0.535493791103363,
          "Top": 0.5770233273506165
        },
        "Polygon": [
          {
            "X": 0.535493791103363,
            "Y": 0.5770233273506165
          },
          {
            "X": 0.6072260141372681,
            "Y": 0.5772256851196289
          },
          {
            "X": 0.607390820980072,
            "Y": 0.5977838635444641
          },
          {
            "X": 0.5356472730636597,
            "Y": 0.59757000207901
          }
        ]
      },
      "Id": "b1ff84bf-2f19-4aef-b5e1-e28b66c2aff8",
      "Relationships": [
        {
          "Type": "CHILD",
          "Ids": [
            "3e4d25c4-74b0-4430-aa77-b3752ab3d63b",
            "e27e1097-68dc-47a1-b1d8-a94ef540c2ab",
            "9490f29f-02ef-409e-b8cf-53606519048c"
          ]
        }
      ],
      "Page": 1
    },
    {
      "BlockType": "LINE",
      "Confidence": 98.6240234375,
      "Text": "105.3 + 7.4",
      "Geometry": {
        "BoundingBox": {
          "Width": 0.07185350358486176,
          "Height": 0.020964128896594048,
          "Left": 0.6816791296005249,
          "Top": 0.5768830180168152
        },
        "Polygon": [
          {
            "X": 0.6816791296005249,
            "Y": 0.5768830180168152
          },
          {
            "X": 0.7533431649208069,
            "Y": 0.5770848393440247
          },
          {
            "X": 0.7535325884819031,
            "Y": 0.5978471040725708
          },
          {
            "X": 0.681857168674469,
            "Y": 0.5976336598396301
          }
        ]
      },
      "Id": "96e19264-2989-42ad-bbce-ee85ab70bc75",
      "Relationships": [
        {
          "Type": "CHILD",
          "Ids": [
            "3c5177ff-56c0-446e-a2c9-ba1222227103",
            "eb63a55f-b91b-4ba1-b557-d97dcf98086f",
            "b99c87cb-aa07-4f23-92f1-dc5c612b9d1c"
          ]
        }
      ],
      "Page": 1
    },
    {
      "BlockType": "WORD",
      "Confidence": 99.86717987060547,
      "Text": "Adhesive",
      "TextType": "PRINTED",
      "Geometry": {
        "BoundingBox": {
          "Width": 0.06268557161092758,
          "Height": 0.019539622589945793,
          "Left": 0.2506140470504761,
          "Top": 0.3931865394115448
        },
        "Polygon": [
          {
            "X": 0.2506140470504761,
            "Y": 0.3931865394115448
          },
          {
            "X": 0.31318697333335876,
            "Y": 0.39327365159988403
          },
          {
            "X": 0.31329962611198425,
            "Y": 0.41272616386413574
          },
          {
            "X": 0.2507173418998718,
            "Y": 0.41262951493263245
          }
        ]
      },
      "Id": "c6534d4f-4a24-44e0-bd3d-9161442cc102",
      "Page": 1
    },
    {
      "BlockType": "WORD",
      "Confidence": 99.68148803710938,
      "Text": "Calculation",
      "TextType": "PRINTED",
      "Geometry": {
        "BoundingBox": {
          "Width": 0.07800611853599548,
          "Height": 0.01978679932653904,
          "Left": 0.38817065954208374,
          "Top": 0.3931156396865845
        },
        "Polygon": [
          {
            "X": 0.38817065954208374,
            "Y": 0.3931156396865845
          },
          {
            "X": 0.4660399556159973,
            "Y": 0.39322391152381897
          },
          {
            "X": 0.4661767780780792,
            "Y": 0.41290244460105896
          },
          {
            "X": 0.3882957398891449,
            "Y": 0.4127822518348694
          }
        ]
      },
      "Id": "453c85e8-0c6f-478e-b575-c232c2aba5c5",
      "Page": 1
    },
    {
      "BlockType": "WORD",
      "Confidence": 99.99411010742188,
      "Text": "method",
      "TextType": "PRINTED",
      "Geometry": {
        "BoundingBox": {
          "Width": 0.05402931198477745,
          "Height": 0.01943942718207836,
          "Left": 0.47001832723617554,
          "Top": 0.39327117800712585
        },
        "Polygon": [
          {
            "X": 0.47001832723617554,
            "Y": 0.39327117800712585
          },
          {
            "X": 0.5239045023918152,
            "Y": 0.3933461010456085
          },
          {
            "X": 0.5240476131439209,
            "Y": 0.41271060705184937
          },
          {
            "X": 0.47015348076820374,
            "Y": 0.41262754797935486
          }
        ]
      },
      "Id": "ca348b98-554e-42c0-b283-e51c31fc5bbb",
      "Page": 1
    },
    {
      "BlockType": "WORD",
      "Confidence": 99.9575424194336,
      "Text": "Area",
      "TextType": "PRINTED",
      "Geometry": {
        "BoundingBox": {
          "Width": 0.030250899493694305,
          "Height": 0.018534015864133835,
          "Left": 0.3876682221889496,
          "Top": 0.45591238141059875
        },
        "Polygon": [
          {
            "X": 0.3876682221889496,
            "Y": 0.45591238141059875
          },
          {
            "X": 0.4177975058555603,
            "Y": 0.45596903562545776
          },
          {
            "X": 0.4179191291332245,
            "Y": 0.4744464159011841
          },
          {
            "X": 0.38778558373451233,
            "Y": 0.47438541054725647
          }
        ]
      },
      "Id": "6f026454-163f-4765-8ca5-e774db3b3f54",
      "Page": 1
    },
    {
      "BlockType": "WORD",
      "Confidence": 99.92974090576172,
      "Text": "CBT",
      "TextType": "PRINTED",
      "Geometry": {
        "BoundingBox": {
          "Width": 0.02586326375603676,
          "Height": 0.018845437094569206,
          "Left": 0.5345122218132019,
          "Top": 0.45551565289497375
        },
        "Polygon": [
          {
            "X": 0.5345122218132019,
            "Y": 0.45551565289497375
          },
          {
            "X": 0.5602313876152039,
            "Y": 0.45556387305259705
          },
          {
            "X": 0.5603755116462708,
            "Y": 0.4743610918521881
          },
          {
            "X": 0.5346526503562927,
            "Y": 0.47430911660194397
          }
        ]
      },
      "Id": "81c12b2e-692d-4917-9b6d-9857acd61dcd",
      "Page": 1
    },
    {
      "BlockType": "WORD",
      "Confidence": 99.84014892578125,
      "Text": "ECM",
      "TextType": "PRINTED",
      "Geometry": {
        "BoundingBox": {
          "Width": 0.029320014640688896,
          "Height": 0.01883186772465706,
          "Left": 0.680555522441864,
          "Top": 0.4555090665817261
        },
        "Polygon": [
          {
            "X": 0.680555522441864,
            "Y": 0.4555090665817261
          },
          {
            "X": 0.7097102403640747,
            "Y": 0.45556363463401794
          },
          {
            "X": 0.7098755240440369,
            "Y": 0.47434091567993164
          },
          {
            "X": 0.6807165741920471,
            "Y": 0.47428205609321594
          }
        ]
      },
      "Id": "06f2ac45-b0af-4adc-aed0-9d2c3f8c8b3a",
      "Page": 1
    },
    {
      "BlockType": "WORD",
      "Confidence": 99.68360900878906,
      "Text": "Epoxy",
      "TextType": "PRINTED",
      "Geometry": {
        "BoundingBox": {
          "Width": 0.03973068669438362,
          "Height": 0.023445863276720047,
          "Left": 0.25156494975090027,
          "Top": 0.5159432291984558
        },
        "Polygon": [
          {
            "X": 0.25156494975090027,
            "Y": 0.5159432291984558
          },
          {
            "X": 0.29116445779800415,
            "Y": 0.516036331653595
          },
          {
            "X": 0.2912956476211548,
            "Y": 0.5393891334533691
          },
          {
            "X": 0.25168904662132263,
            "Y": 0.5392888188362122
          }
        ]
      },
      "Id": "056c867e-1b16-4d00-9634-64f85f47ae93",
      "Page": 1
    },
    {
      "BlockType": "WORD",
      "Confidence": 99.06352996826172,
      "Text": "86.3",
      "TextType": "PRINTED",
      "Geometry": {
        "BoundingBox": {
          "Width": 0.02763616107404232,
          "Height": 0.019417203962802887,
          "Left": 0.3966820240020752,
          "Top": 0.5153370499610901
        },
        "Polygon": [
          {
            "X": 0.3966820240020752,
            "Y": 0.5153370499610901
          },
          {
            "X": 0.4241899251937866,
            "Y": 0.5154014825820923
          },
          {
            "X": 0.42431819438934326,
            "Y": 0.5347542762756348
          },
          {
            "X": 0.3968062102794647,
            "Y": 0.5346856117248535
          }
        ]
      },
      "Id": "29678a0a-647a-424d-a4ed-d18312128e35",
      "Page": 1
    },
    {
      "BlockType": "WORD",
      "Confidence": 99.61157989501953,
      "Text": "+",
      "TextType": "PRINTED",
      "Geometry": {
        "BoundingBox": {
          "Width": 0.010157085955142975,
          "Height": 0.016829494386911392,
          "Left": 0.4280957281589508,
          "Top": 0.5185704827308655
        },
        "Polygon": [
          {
            "X": 0.4280957281589508,
            "Y": 0.5185704827308655
          },
          {
            "X": 0.4381396472454071,
            "Y": 0.5185942649841309
          },
          {
            "X": 0.4382528066635132,
            "Y": 0.5353999733924866
          },
          {
            "X": 0.4282076060771942,
            "Y": 0.5353748798370361
          }
        ]
      },
      "Id": "827e6b02-c961-412b-bda8-fc1600407ca0",
      "Page": 1
    },
    {
      "BlockType": "WORD",
      "Confidence": 98.56616973876953,
      "Text": "20.3",
      "TextType": "PRINTED",
      "Geometry": {
        "BoundingBox": {
          "Width": 0.02740633673965931,
          "Height": 0.0195468682795763,
          "Left": 0.44120892882347107,
          "Top": 0.515319287776947
        },
        "Polygon": [
          {
            "X": 0.44120892882347107,
            "Y": 0.515319287776947
          },
          {
            "X": 0.46847957372665405,
            "Y": 0.5153831243515015
          },
          {
            "X": 0.46861526370048523,
            "Y": 0.5348661541938782
          },
          {
            "X": 0.44134053587913513,
            "Y": 0.5347981452941895
          }
        ]
      },
      "Id": "70fe41c0-47db-400d-a0ba-19fe684c9964",
      "Page": 1
    },
    {
      "BlockType": "WORD",
      "Confidence": 99.97590637207031,
      "Text": "87.0",
      "TextType": "PRINTED",
      "Geometry": {
        "BoundingBox": {
          "Width": 0.02836380898952484,
          "Height": 0.019421221688389778,
          "Left": 0.5426596403121948,
          "Top": 0.5154168605804443
        },
        "Polygon": [
          {
            "X": 0.5426596403121948,
            "Y": 0.5154168605804443
          },
          {
            "X": 0.5708735585212708,
            "Y": 0.5154829025268555
          },
          {
            "X": 0.5710234045982361,
            "Y": 0.534838080406189
          },
          {
            "X": 0.5428053140640259,
            "Y": 0.534767746925354
          }
        ]
      },
      "Id": "84c29bc7-9c1d-45b8-9343-cf8dd434f91d",
      "Page": 1
    },
    {
      "BlockType": "WORD",
      "Confidence": 99.8056411743164,
      "Text": "+",
      "TextType": "PRINTED",
      "Geometry": {
        "BoundingBox": {
          "Width": 0.010276694782078266,
          "Height": 0.016925593838095665,
          "Left": 0.5739164352416992,
          "Top": 0.5185588002204895
        },
        "Polygon": [
          {
            "X": 0.5739164352416992,
            "Y": 0.5185588002204895
          },
          {
            "X": 0.5840606093406677,
            "Y": 0.518582820892334
          },
          {
            "X": 0.5841931700706482,
            "Y": 0.5354844331741333
          },
          {
            "X": 0.5740476846694946,
            "Y": 0.5354591012001038
          }
        ]
      },
      "Id": "64a11d1c-6084-4191-b8ad-3b68e0d524a7",
      "Page": 1
    },
    {
      "BlockType": "WORD",
      "Confidence": 98.59132385253906,
      "Text": "26.4",
      "TextType": "PRINTED",
      "Geometry": {
        "BoundingBox": {
          "Width": 0.02879006788134575,
          "Height": 0.019493550062179565,
          "Left": 0.5870894193649292,
          "Top": 0.5153540372848511
        },
        "Polygon": [
          {
            "X": 0.5870894193649292,
            "Y": 0.5153540372848511
          },
          {
            "X": 0.6157224774360657,
            "Y": 0.5154210329055786
          },
          {
            "X": 0.6158795356750488,
            "Y": 0.5348475575447083
          },
          {
            "X": 0.5872422456741333,
            "Y": 0.5347762703895569
          }
        ]
      },
      "Id": "097e8224-74c6-42bf-85e5-d6c1054fd08f",
      "Page": 1
    },
    {
      "BlockType": "WORD",
      "Confidence": 99.90321350097656,
      "Text": "92.1",
      "TextType": "PRINTED",
      "Geometry": {
        "BoundingBox": {
          "Width": 0.026595929637551308,
          "Height": 0.019267093390226364,
          "Left": 0.6884952187538147,
          "Top": 0.5156144499778748
        },
        "Polygon": [
          {
            "X": 0.6884952187538147,
            "Y": 0.5156144499778748
          },
          {
            "X": 0.7149214148521423,
            "Y": 0.5156763195991516
          },
          {
            "X": 0.7150911688804626,
            "Y": 0.5348815321922302
          },
          {
            "X": 0.6886610388755798,
            "Y": 0.534815788269043
          }
        ]
      },
      "Id": "594fb9fb-e2fe-4e63-9524-5e283d561d5a",
      "Page": 1
    },
    {
      "BlockType": "WORD",
      "Confidence": 99.68822479248047,
      "Text": "+",
      "TextType": "PRINTED",
      "Geometry": {
        "BoundingBox": {
          "Width": 0.010312999598681927,
          "Height": 0.016717158257961273,
          "Left": 0.7198673486709595,
          "Top": 0.5186413526535034
        },
        "Polygon": [
          {
            "X": 0.7198673486709595,
            "Y": 0.5186413526535034
          },
          {
            "X": 0.73003089427948,
            "Y": 0.5186653733253479
          },
          {
            "X": 0.7301803231239319,
            "Y": 0.5353584885597229
          },
          {
            "X": 0.7200154662132263,
            "Y": 0.5353331565856934
          }
        ]
      },
      "Id": "101eaf1f-8853-4402-9842-9c460425d4af",
      "Page": 1
    },
    {
      "BlockType": "WORD",
      "Confidence": 79.2015151977539,
      "Text": "18.7",
      "TextType": "PRINTED",
      "Geometry": {
        "BoundingBox": {
          "Width": 0.027015959843993187,
          "Height": 0.018958475440740585,
          "Left": 0.73432457447052,
          "Top": 0.5157758593559265
        },
        "Polygon": [
          {
            "X": 0.73432457447052,
            "Y": 0.5157758593559265
          },
          {
            "X": 0.7611669301986694,
            "Y": 0.5158386826515198
          },
          {
            "X": 0.7613405585289001,
            "Y": 0.5347343683242798
          },
          {
            "X": 0.7344943284988403,
            "Y": 0.5346676111221313
          }
        ]
      },
      "Id": "5b7f969e-ef97-46e0-9c29-632645c26645",
      "Page": 1
    },
    {
      "BlockType": "WORD",
      "Confidence": 99.77090454101562,
      "Text": "Epoxy/CNF",
      "TextType": "PRINTED",
      "Geometry": {
        "BoundingBox": {
          "Width": 0.07107476145029068,
          "Height": 0.02423909120261669,
          "Left": 0.2516089379787445,
          "Top": 0.5461278557777405
        },
        "Polygon": [
          {
            "X": 0.2516089379787445,
            "Y": 0.5461278557777405
          },
          {
            "X": 0.32254287600517273,
            "Y": 0.5463113188743591
          },
          {
            "X": 0.322683721780777,
            "Y": 0.5703669190406799
          },
          {
            "X": 0.25173673033714294,
            "Y": 0.5701701641082764
          }
        ]
      },
      "Id": "79d2b172-1261-494b-ba49-69fca228ea1b",
      "Page": 1
    },
    {
      "BlockType": "WORD",
      "Confidence": 99.76142120361328,
      "Text": "99.1",
      "TextType": "PRINTED",
      "Geometry": {
        "BoundingBox": {
          "Width": 0.026605281978845596,
          "Height": 0.019175246357917786,
          "Left": 0.39644619822502136,
          "Top": 0.5464587211608887
        },
        "Polygon": [
          {
            "X": 0.39644619822502136,
            "Y": 0.5464587211608887
          },
          {
            "X": 0.42292505502700806,
            "Y": 0.5465271472930908
          },
          {
            "X": 0.42305147647857666,
            "Y": 0.5656339526176453
          },
          {
            "X": 0.39656874537467957,
            "Y": 0.5655615329742432
          }
        ]
      },
      "Id": "3b75493e-7878-4e59-ab6d-5b7f3e2e4d36",
      "Page": 1
    },
    {
      "BlockType": "WORD",
      "Confidence": 99.7347183227539,
      "Text": "+",
      "TextType": "PRINTED",
      "Geometry": {
        "BoundingBox": {
          "Width": 0.010098524391651154,
          "Height": 0.017046615481376648,
          "Left": 0.42747578024864197,
          "Top": 0.5490788817405701
        },
        "Polygon": [
          {
            "X": 0.42747578024864197,
            "Y": 0.5490788817405701
          },
          {
            "X": 0.4374598264694214,
            "Y": 0.5491049289703369
          },
          {
            "X": 0.4375743269920349,
            "Y": 0.5661255121231079
          },
          {
            "X": 0.4275889992713928,
            "Y": 0.566098153591156
          }
        ]
      },
      "Id": "ac444956-308e-4e2f-b9ea-8cff29845439",
      "Page": 1
    },
    {
      "BlockType": "WORD",
      "Confidence": 99.47380828857422,
      "Text": "7.7",
      "TextType": "PRINTED",
      "Geometry": {
        "BoundingBox": {
          "Width": 0.019948014989495277,
          "Height": 0.019472269341349602,
          "Left": 0.4410930573940277,
          "Top": 0.5462630987167358
        },
        "Polygon": [
          {
            "X": 0.4410930573940277,
            "Y": 0.5462630987167358
          },
          {
            "X": 0.4609069526195526,
            "Y": 0.5463142991065979
          },
          {
            "X": 0.46104106307029724,
            "Y": 0.5657353401184082
          },
          {
            "X": 0.44122421741485596,
            "Y": 0.5656811594963074
          }
        ]
      },
      "Id": "dda2db12-fc67-4159-8f0e-be63637a3629",
      "Page": 1
    },
    {
      "BlockType": "WORD",
      "Confidence": 99.943359375,
      "Text": "96.0",
      "TextType": "PRINTED",
      "Geometry": {
        "BoundingBox": {
          "Width": 0.028383884578943253,
          "Height": 0.0191658902913332,
          "Left": 0.542517364025116,
          "Top": 0.5463837385177612
        },
        "Polygon": [
          {
            "X": 0.542517364025116,
            "Y": 0.5463837385177612
          },
          {
            "X": 0.5707534551620483,
            "Y": 0.5464566349983215
          },
          {
            "X": 0.5709012746810913,
            "Y": 0.5655496716499329
          },
          {
            "X": 0.5426610112190247,
            "Y": 0.5654725432395935
          }
        ]
      },
      "Id": "f4557c95-cc59-4ef9-96bd-8321382a338c",
      "Page": 1
    },
    {
      "BlockType": "WORD",
      "Confidence": 99.59323120117188,
      "Text": "+",
      "TextType": "PRINTED",
      "Geometry": {
        "BoundingBox": {
          "Width": 0.009577400051057339,
          "Height": 0.01609521545469761,
          "Left": 0.5743367075920105,
          "Top": 0.5492404103279114
        },
        "Polygon": [
          {
            "X": 0.5743367075920105,
            "Y": 0.5492404103279114
          },
          {
            "X": 0.5837881565093994,
            "Y": 0.5492650270462036
          },
          {
            "X": 0.5839141011238098,
            "Y": 0.5653356313705444
          },
          {
            "X": 0.5744615197181702,
            "Y": 0.5653098225593567
          }
        ]
      },
      "Id": "94a9e4fb-08d1-473a-b3fd-2bc16774de67",
      "Page": 1
    },
    {
      "BlockType": "WORD",
      "Confidence": 99.39219665527344,
      "Text": "8.7",
      "TextType": "PRINTED",
      "Geometry": {
        "BoundingBox": {
          "Width": 0.019888797774910927,
          "Height": 0.019126275554299355,
          "Left": 0.5872621536254883,
          "Top": 0.5464982986450195
        },
        "Polygon": [
          {
            "X": 0.5872621536254883,
            "Y": 0.5464982986450195
          },
          {
            "X": 0.606998085975647,
            "Y": 0.5465492606163025
          },
          {
            "X": 0.6071509718894958,
            "Y": 0.5656245350837708
          },
          {
            "X": 0.5874121785163879,
            "Y": 0.5655706524848938
          }
        ]
      },
      "Id": "e30ed2aa-eb5b-41c4-82f8-07de9b499549",
      "Page": 1
    },
    {
      "BlockType": "WORD",
      "Confidence": 89.11498260498047,
      "Text": "96.7",
      "TextType": "PRINTED",
      "Geometry": {
        "BoundingBox": {
          "Width": 0.02812681719660759,
          "Height": 0.01882215216755867,
          "Left": 0.6883987784385681,
          "Top": 0.5465801954269409
        },
        "Polygon": [
          {
            "X": 0.6883987784385681,
            "Y": 0.5465801954269409
          },
          {
            "X": 0.7163597345352173,
            "Y": 0.5466523170471191
          },
          {
            "X": 0.7165256142616272,
            "Y": 0.5654023289680481
          },
          {
            "X": 0.6885606050491333,
            "Y": 0.5653260946273804
          }
        ]
      },
      "Id": "48af5902-3cc8-460a-950f-77c20c761d29",
      "Page": 1
    },
    {
      "BlockType": "WORD",
      "Confidence": 96.90018463134766,
      "Text": "+",
      "TextType": "PRINTED",
      "Geometry": {
        "BoundingBox": {
          "Width": 0.009971405379474163,
          "Height": 0.018323449417948723,
          "Left": 0.7200363874435425,
          "Top": 0.549012303352356
        },
        "Polygon": [
          {
            "X": 0.7200363874435425,
            "Y": 0.549012303352356
          },
          {
            "X": 0.7298440933227539,
            "Y": 0.549037754535675
          },
          {
            "X": 0.7300078272819519,
            "Y": 0.5673357248306274
          },
          {
            "X": 0.7201987504959106,
            "Y": 0.5673088431358337
          }
        ]
      },
      "Id": "30f0da72-d9ee-40e6-82f8-b922d56b81c9",
      "Page": 1
    },
    {
      "BlockType": "WORD",
      "Confidence": 98.89764404296875,
      "Text": "8.2",
      "TextType": "PRINTED",
      "Geometry": {
        "BoundingBox": {
          "Width": 0.01953703537583351,
          "Height": 0.01917300932109356,
          "Left": 0.7331826686859131,
          "Top": 0.5465936064720154
        },
        "Polygon": [
          {
            "X": 0.7331826686859131,
            "Y": 0.5465936064720154
          },
          {
            "X": 0.7525452971458435,
            "Y": 0.5466435551643372
          },
          {
            "X": 0.7527197003364563,
            "Y": 0.5657666325569153
          },
          {
            "X": 0.7333542704582214,
            "Y": 0.5657137632369995
          }
        ]
      },
      "Id": "68be9211-985c-47d3-9a53-99a7a27fbff3",
      "Page": 1
    },
    {
      "BlockType": "WORD",
      "Confidence": 99.69784545898438,
      "Text": "Epoxy/CNT",
      "TextType": "PRINTED",
      "Geometry": {
        "BoundingBox": {
          "Width": 0.07209595292806625,
          "Height": 0.025273974984884262,
          "Left": 0.25133010745048523,
          "Top": 0.5762799382209778
        },
        "Polygon": [
          {
            "X": 0.25133010745048523,
            "Y": 0.5762799382209778
          },
          {
            "X": 0.32327917218208313,
            "Y": 0.5764829516410828
          },
          {
            "X": 0.3234260678291321,
            "Y": 0.6015539169311523
          },
          {
            "X": 0.2514632046222687,
            "Y": 0.6013367772102356
          }
        ]
      },
      "Id": "3803622f-ebfa-44ff-8d14-5024a8ae8a60",
      "Page": 1
    },
    {
      "BlockType": "WORD",
      "Confidence": 99.88890838623047,
      "Text": "116.8",
      "TextType": "PRINTED",
      "Geometry": {
        "BoundingBox": {
          "Width": 0.03502887114882469,
          "Height": 0.019208835437893867,
          "Left": 0.38938337564468384,
          "Top": 0.5769162774085999
        },
        "Polygon": [
          {
            "X": 0.38938337564468384,
            "Y": 0.5769162774085999
          },
          {
            "X": 0.4242856502532959,
            "Y": 0.5770148038864136
          },
          {
            "X": 0.42441225051879883,
            "Y": 0.5961251258850098
          },
          {
            "X": 0.38950490951538086,
            "Y": 0.5960213541984558
          }
        ]
      },
      "Id": "824bc73c-5b01-4ef4-b6dc-6a835cfcef1a",
      "Page": 1
    },
    {
      "BlockType": "WORD",
      "Confidence": 99.61866760253906,
      "Text": "+",
      "TextType": "PRINTED",
      "Geometry": {
        "BoundingBox": {
          "Width": 0.009904769249260426,
          "Height": 0.0172724649310112,
          "Left": 0.4282955229282379,
          "Top": 0.580102801322937
        },
        "Polygon": [
          {
            "X": 0.4282955229282379,
            "Y": 0.580102801322937
          },
          {
            "X": 0.4380842447280884,
            "Y": 0.5801306366920471
          },
          {
            "X": 0.43820029497146606,
            "Y": 0.5973752737045288
          },
          {
            "X": 0.42841029167175293,
            "Y": 0.5973460674285889
          }
        ]
      },
      "Id": "0ef66335-1f3a-4140-a82d-8a03d83e8b5f",
      "Page": 1
    },
    {
      "BlockType": "WORD",
      "Confidence": 93.14015197753906,
      "Text": "18.6",
      "TextType": "PRINTED",
      "Geometry": {
        "BoundingBox": {
          "Width": 0.027132300660014153,
          "Height": 0.019218936562538147,
          "Left": 0.44230926036834717,
          "Top": 0.576978862285614
        },
        "Polygon": [
          {
            "X": 0.44230926036834717,
            "Y": 0.576978862285614
          },
          {
            "X": 0.46930819749832153,
            "Y": 0.5770550966262817
          },
          {
            "X": 0.46944156289100647,
            "Y": 0.596197783946991
          },
          {
            "X": 0.44243869185447693,
            "Y": 0.5961175560951233
          }
        ]
      },
      "Id": "bce2db5a-56a7-4f80-a635-66a24c122a94",
      "Page": 1
    },
    {
      "BlockType": "WORD",
      "Confidence": 99.87708282470703,
      "Text": "105.3",
      "TextType": "PRINTED",
      "Geometry": {
        "BoundingBox": {
          "Width": 0.03464837744832039,
          "Height": 0.01898677833378315,
          "Left": 0.5354959964752197,
          "Top": 0.5773137807846069
        },
        "Polygon": [
          {
            "X": 0.5354959964752197,
            "Y": 0.5773137807846069
          },
          {
            "X": 0.5699982643127441,
            "Y": 0.5774111747741699
          },
          {
            "X": 0.5701443552970886,
            "Y": 0.5963005423545837
          },
          {
            "X": 0.5356370210647583,
            "Y": 0.5961980819702148
          }
        ]
      },
      "Id": "3e4d25c4-74b0-4430-aa77-b3752ab3d63b",
      "Page": 1
    },
    {
      "BlockType": "WORD",
      "Confidence": 99.68746185302734,
      "Text": "+",
      "TextType": "PRINTED",
      "Geometry": {
        "BoundingBox": {
          "Width": 0.009761312045156956,
          "Height": 0.018175967037677765,
          "Left": 0.574418842792511,
          "Top": 0.5795387029647827
        },
        "Polygon": [
          {
            "X": 0.574418842792511,
            "Y": 0.5795387029647827
          },
          {
            "X": 0.5840378403663635,
            "Y": 0.5795660614967346
          },
          {
            "X": 0.5841801166534424,
            "Y": 0.5977146625518799
          },
          {
            "X": 0.57455974817276,
            "Y": 0.5976859927177429
          }
        ]
      },
      "Id": "e27e1097-68dc-47a1-b1d8-a94ef540c2ab",
      "Page": 1
    },
    {
      "BlockType": "WORD",
      "Confidence": 87.29527282714844,
      "Text": "8.9",
      "TextType": "PRINTED",
      "Geometry": {
        "BoundingBox": {
          "Width": 0.020070621743798256,
          "Height": 0.019185032695531845,
          "Left": 0.5873087048530579,
          "Top": 0.5771694779396057
        },
        "Polygon": [
          {
            "X": 0.5873087048530579,
            "Y": 0.5771694779396057
          },
          {
            "X": 0.6072260141372681,
            "Y": 0.5772256851196289
          },
          {
            "X": 0.6073793172836304,
            "Y": 0.5963544845581055
          },
          {
            "X": 0.587459146976471,
            "Y": 0.5962953567504883
          }
        ]
      },
      "Id": "9490f29f-02ef-409e-b8cf-53606519048c",
      "Page": 1
    },
    {
      "BlockType": "WORD",
      "Confidence": 99.18363189697266,
      "Text": "105.3",
      "TextType": "PRINTED",
      "Geometry": {
        "BoundingBox": {
          "Width": 0.0344291552901268,
          "Height": 0.019396677613258362,
          "Left": 0.6816791296005249,
          "Top": 0.5768830180168152
        },
        "Polygon": [
          {
            "X": 0.6816791296005249,
            "Y": 0.5768830180168152
          },
          {
            "X": 0.715937614440918,
            "Y": 0.5769794583320618
          },
          {
            "X": 0.7161082625389099,
            "Y": 0.5962796807289124
          },
          {
            "X": 0.6818446516990662,
            "Y": 0.5961779952049255
          }
        ]
      },
      "Id": "3c5177ff-56c0-446e-a2c9-ba1222227103",
      "Page": 1
    },
    {
      "BlockType": "WORD",
      "Confidence": 99.64300537109375,
      "Text": "+",
      "TextType": "PRINTED",
      "Geometry": {
        "BoundingBox": {
          "Width": 0.010028276592493057,
          "Height": 0.018094180151820183,
          "Left": 0.7197275757789612,
          "Top": 0.5796821117401123
        },
        "Polygon": [
          {
            "X": 0.7197275757789612,
            "Y": 0.5796821117401123
          },
          {
            "X": 0.7295942902565002,
            "Y": 0.5797101259231567
          },
          {
            "X": 0.7297558784484863,
            "Y": 0.5977762937545776
          },
          {
            "X": 0.7198877930641174,
            "Y": 0.5977469086647034
          }
        ]
      },
      "Id": "eb63a55f-b91b-4ba1-b557-d97dcf98086f",
      "Page": 1
    },
    {
      "BlockType": "WORD",
      "Confidence": 97.04544067382812,
      "Text": "7.4",
      "TextType": "PRINTED",
      "Geometry": {
        "BoundingBox": {
          "Width": 0.02041575312614441,
          "Height": 0.01948738656938076,
          "Left": 0.7331047654151917,
          "Top": 0.577032208442688
        },
        "Polygon": [
          {
            "X": 0.7331047654151917,
            "Y": 0.577032208442688
          },
          {
            "X": 0.7533431649208069,
            "Y": 0.5770891904830933
          },
          {
            "X": 0.7535204887390137,
            "Y": 0.5965195894241333
          },
          {
            "X": 0.7332790493965149,
            "Y": 0.5964595079421997
          }
        ]
      },
      "Id": "b99c87cb-aa07-4f23-92f1-dc5c612b9d1c",
      "Page": 1
    },
    {
      "BlockType": "TABLE",
      "Confidence": 99.072265625,
      "Geometry": {
        "BoundingBox": {
          "Width": 0.5348073244094849,
          "Height": 0.2285938262939453,
          "Left": 0.23557476699352264,
          "Top": 0.3843277096748352
        },
        "Polygon": [
          {
            "X": 0.23557476699352264,
            "Y": 0.3843277096748352
          },
          {
            "X": 0.768273651599884,
            "Y": 0.385032594203949
          },
          {
            "X": 0.7703821063041687,
            "Y": 0.6129215359687805
          },
          {
            "X": 0.23675480484962463,
            "Y": 0.6112700700759888
          }
        ]
      },
      "Id": "3da10396-c127-4a97-939d-734912f5ce33",
      "Relationships": [
        {
          "Type": "CHILD",
          "Ids": [
            "a5181361-0d01-4e44-84ab-0a2e32a3c9e4",
            "94a131d7-3e31-427f-a271-447d469ecee6",
            "12f699ad-bc05-4556-ad41-cb37f01a6229",
            "9718a0fa-9319-4827-af4d-a06bdd818c7d",
            "b6af6738-a933-4430-b9f3-6bb65b27020e",
            "dbb97f0c-3768-4294-9793-8dca15310312",
            "41786adb-e54d-4362-a97b-9c0c9dcd66c7",
            "2ab15ec0-291c-4210-8c3c-ac1ce1cd4ece",
            "5a2f5cde-7cc1-4bca-a0f2-ff00a7b2a3ec",
            "30a6e002-0a0d-48d7-a2e4-77a1b7c223b7",
            "caebdc8a-a5b1-4bb8-9502-7b6471a4b9fc",
            "b10c5d65-8a0c-4841-afaf-8e36e09a6182",
            "75aaf985-6ee3-4c9a-8b6d-f2ba7fe82c00",
            "7cbb02e6-a2ba-43b1-aa88-e1d17c26bc14",
            "13845aeb-1286-4f09-98b1-cfc118a6e6b3",
            "43c2751b-cf0f-49ea-adea-75a2dc7b5d84",
            "d4a4bda7-37df-4eee-a8d1-4e8c8ee1c714",
            "f3635ba9-913f-4931-8e1f-a8813af27fe3",
            "e519038c-db5d-4fcd-a5a3-34dbdeb283fe",
            "a2f51350-9774-4f3e-8ec5-66c1196c5f6e"
          ]
        },
        {
          "Type": "MERGED_CELL",
          "Ids": [
            "28356cb5-5522-42f0-8807-b31206bbd19f",
            "ebbff177-a41a-431d-916c-db241fe9e816"
          ]
        }
      ],
      "EntityTypes": [
        "STRUCTURED_TABLE"
      ],
      "Page": 1
    },
    {
      "BlockType": "CELL",
      "Confidence": 56.005859375,
      "RowIndex": 1,
      "ColumnIndex": 1,
      "RowSpan": 1,
      "ColumnSpan": 1,
      "Geometry": {
        "BoundingBox": {
          "Width": 0.12747091054916382,
          "Height": 0.05159038305282593,
          "Left": 0.2353963404893875,
          "Top": 0.38374146819114685
        },
        "Polygon": [
          {
            "X": 0.2353963404893875,
            "Y": 0.38374146819114685
          },
          {
            "X": 0.36255019903182983,
            "Y": 0.3839091360569
          },
          {
            "X": 0.3628672659397125,
            "Y": 0.4353318512439728
          },
          {
            "X": 0.23566339910030365,
            "Y": 0.4351131021976471
          }
        ]
      },
      "Id": "a5181361-0d01-4e44-84ab-0a2e32a3c9e4",
      "Relationships": [
        {
          "Type": "CHILD",
          "Ids": [
            "c6534d4f-4a24-44e0-bd3d-9161442cc102"
          ]
        }
      ],
      "EntityTypes": [
        "COLUMN_HEADER"
      ],
      "Page": 1
    },
    {
      "BlockType": "CELL",
      "Confidence": 85.25390625,
      "RowIndex": 1,
      "ColumnIndex": 2,
      "RowSpan": 1,
      "ColumnSpan": 1,
      "Geometry": {
        "BoundingBox": {
          "Width": 0.14084091782569885,
          "Height": 0.05166436731815338,
          "Left": 0.36255019903182983,
          "Top": 0.3839091360569
        },
        "Polygon": [
          {
            "X": 0.36255019903182983,
            "Y": 0.3839091360569
          },
          {
            "X": 0.5030186772346497,
            "Y": 0.38409435749053955
          },
          {
            "X": 0.5033910870552063,
            "Y": 0.4355735182762146
          },
          {
            "X": 0.3628672659397125,
            "Y": 0.4353318512439728
          }
        ]
      },
      "Id": "94a131d7-3e31-427f-a271-447d469ecee6",
      "Relationships": [
        {
          "Type": "CHILD",
          "Ids": [
            "453c85e8-0c6f-478e-b575-c232c2aba5c5",
            "ca348b98-554e-42c0-b283-e51c31fc5bbb"
          ]
        }
      ],
      "EntityTypes": [
        "COLUMN_HEADER"
      ],
      "Page": 1
    },
    {
      "BlockType": "CELL",
      "Confidence": 85.25390625,
      "RowIndex": 1,
      "ColumnIndex": 3,
      "RowSpan": 1,
      "ColumnSpan": 1,
      "Geometry": {
        "BoundingBox": {
          "Width": 0.1450568437576294,
          "Height": 0.05172795057296753,
          "Left": 0.5030186772346497,
          "Top": 0.38409435749053955
        },
        "Polygon": [
          {
            "X": 0.5030186772346497,
            "Y": 0.38409435749053955
          },
          {
            "X": 0.6476460099220276,
            "Y": 0.3842850923538208
          },
          {
            "X": 0.648075520992279,
            "Y": 0.43582233786582947
          },
          {
            "X": 0.5033910870552063,
            "Y": 0.4355735182762146
          }
        ]
      },
      "Id": "12f699ad-bc05-4556-ad41-cb37f01a6229",
      "EntityTypes": [
        "COLUMN_HEADER"
      ],
      "Page": 1
    },
    {
      "BlockType": "CELL",
      "Confidence": 85.25390625,
      "RowIndex": 1,
      "ColumnIndex": 4,
      "RowSpan": 1,
      "ColumnSpan": 1,
      "Geometry": {
        "BoundingBox": {
          "Width": 0.12073467671871185,
          "Height": 0.05174412950873375,
          "Left": 0.6476460099220276,
          "Top": 0.3842850923538208
        },
        "Polygon": [
          {
            "X": 0.6476460099220276,
            "Y": 0.3842850923538208
          },
          {
            "X": 0.7679035067558289,
            "Y": 0.3844436705112457
          },
          {
            "X": 0.7683806419372559,
            "Y": 0.43602919578552246
          },
          {
            "X": 0.648075520992279,
            "Y": 0.43582233786582947
          }
        ]
      },
      "Id": "9718a0fa-9319-4827-af4d-a06bdd818c7d",
      "EntityTypes": [
        "COLUMN_HEADER"
      ],
      "Page": 1
    },
    {
      "BlockType": "CELL",
      "Confidence": 56.005859375,
      "RowIndex": 2,
      "ColumnIndex": 1,
      "RowSpan": 1,
      "ColumnSpan": 1,
      "Geometry": {
        "BoundingBox": {
          "Width": 0.12757672369480133,
          "Height": 0.060691870748996735,
          "Left": 0.23566339910030365,
          "Top": 0.4351131021976471
        },
        "Polygon": [
          {
            "X": 0.23566339910030365,
            "Y": 0.4351131021976471
          },
          {
            "X": 0.3628672659397125,
            "Y": 0.4353318512439728
          },
          {
            "X": 0.363240122795105,
            "Y": 0.4958049952983856
          },
          {
            "X": 0.235977441072464,
            "Y": 0.49552610516548157
          }
        ]
      },
      "Id": "b6af6738-a933-4430-b9f3-6bb65b27020e",
      "EntityTypes": [
        "COLUMN_HEADER"
      ],
      "Page": 1
    },
    {
      "BlockType": "CELL",
      "Confidence": 86.669921875,
      "RowIndex": 2,
      "ColumnIndex": 2,
      "RowSpan": 1,
      "ColumnSpan": 1,
      "Geometry": {
        "BoundingBox": {
          "Width": 0.14096182584762573,
          "Height": 0.060781195759773254,
          "Left": 0.3628672659397125,
          "Top": 0.4353318512439728
        },
        "Polygon": [
          {
            "X": 0.3628672659397125,
            "Y": 0.4353318512439728
          },
          {
            "X": 0.5033910870552063,
            "Y": 0.4355735182762146
          },
          {
            "X": 0.5038290619850159,
            "Y": 0.4961130619049072
          },
          {
            "X": 0.363240122795105,
            "Y": 0.4958049952983856
          }
        ]
      },
      "Id": "dbb97f0c-3768-4294-9793-8dca15310312",
      "Relationships": [
        {
          "Type": "CHILD",
          "Ids": [
            "6f026454-163f-4765-8ca5-e774db3b3f54"
          ]
        }
      ],
      "EntityTypes": [
        "COLUMN_HEADER"
      ],
      "Page": 1
    },
    {
      "BlockType": "CELL",
      "Confidence": 88.28125,
      "RowIndex": 2,
      "ColumnIndex": 3,
      "RowSpan": 1,
      "ColumnSpan": 1,
      "Geometry": {
        "BoundingBox": {
          "Width": 0.145189568400383,
          "Height": 0.06085673347115517,
          "Left": 0.5033910870552063,
          "Top": 0.4355735182762146
        },
        "Polygon": [
          {
            "X": 0.5033910870552063,
            "Y": 0.4355735182762146
          },
          {
            "X": 0.648075520992279,
            "Y": 0.43582233786582947
          },
          {
            "X": 0.6485806703567505,
            "Y": 0.49643024802207947
          },
          {
            "X": 0.5038290619850159,
            "Y": 0.4961130619049072
          }
        ]
      },
      "Id": "41786adb-e54d-4362-a97b-9c0c9dcd66c7",
      "Relationships": [
        {
          "Type": "CHILD",
          "Ids": [
            "81c12b2e-692d-4917-9b6d-9857acd61dcd"
          ]
        }
      ],
      "EntityTypes": [
        "COLUMN_HEADER"
      ],
      "Page": 1
    },
    {
      "BlockType": "CELL",
      "Confidence": 83.88671875,
      "RowIndex": 2,
      "ColumnIndex": 4,
      "RowSpan": 1,
      "ColumnSpan": 1,
      "Geometry": {
        "BoundingBox": {
          "Width": 0.12123122066259384,
          "Height": 0.06087247282266617,
          "Left": 0.648075520992279,
          "Top": 0.43582233786582947
        },
        "Polygon": [
          {
            "X": 0.648075520992279,
            "Y": 0.43582233786582947
          },
          {
            "X": 0.768745481967926,
            "Y": 0.436029851436615
          },
          {
            "X": 0.7693067789077759,
            "Y": 0.49669480323791504
          },
          {
            "X": 0.6485806703567505,
            "Y": 0.49643024802207947
          }
        ]
      },
      "Id": "2ab15ec0-291c-4210-8c3c-ac1ce1cd4ece",
      "Relationships": [
        {
          "Type": "CHILD",
          "Ids": [
            "06f2ac45-b0af-4adc-aed0-9d2c3f8c8b3a"
          ]
        }
      ],
      "EntityTypes": [
        "COLUMN_HEADER"
      ],
      "Page": 1
    },
    {
      "BlockType": "CELL",
      "Confidence": 87.646484375,
      "RowIndex": 3,
      "ColumnIndex": 1,
      "RowSpan": 1,
      "ColumnSpan": 1,
      "Geometry": {
        "BoundingBox": {
          "Width": 0.12736502289772034,
          "Height": 0.04534780606627464,
          "Left": 0.23615296185016632,
          "Top": 0.4955264925956726
        },
        "Polygon": [
          {
            "X": 0.23615296185016632,
            "Y": 0.4955264925956726
          },
          {
            "X": 0.363240122795105,
            "Y": 0.4958049952983856
          },
          {
            "X": 0.36351799964904785,
            "Y": 0.5408743023872375
          },
          {
            "X": 0.23638707399368286,
            "Y": 0.5405510663986206
          }
        ]
      },
      "Id": "5a2f5cde-7cc1-4bca-a0f2-ff00a7b2a3ec",
      "Relationships": [
        {
          "Type": "CHILD",
          "Ids": [
            "056c867e-1b16-4d00-9634-64f85f47ae93"
          ]
        }
      ],
      "Page": 1
    },
    {
      "BlockType": "CELL",
      "Confidence": 84.9609375,
      "RowIndex": 3,
      "ColumnIndex": 2,
      "RowSpan": 1,
      "ColumnSpan": 1,
      "Geometry": {
        "BoundingBox": {
          "Width": 0.14091536402702332,
          "Height": 0.045426931232213974,
          "Left": 0.363240122795105,
          "Top": 0.4958049952983856
        },
        "Polygon": [
          {
            "X": 0.363240122795105,
            "Y": 0.4958049952983856
          },
          {
            "X": 0.5038290619850159,
            "Y": 0.4961130619049072
          },
          {
            "X": 0.5041554570198059,
            "Y": 0.5412319302558899
          },
          {
            "X": 0.36351799964904785,
            "Y": 0.5408743023872375
          }
        ]
      },
      "Id": "30a6e002-0a0d-48d7-a2e4-77a1b7c223b7",
      "Relationships": [
        {
          "Type": "CHILD",
          "Ids": [
            "29678a0a-647a-424d-a4ed-d18312128e35",
            "827e6b02-c961-412b-bda8-fc1600407ca0",
            "70fe41c0-47db-400d-a0ba-19fe684c9964"
          ]
        }
      ],
      "Page": 1
    },
    {
      "BlockType": "CELL",
      "Confidence": 86.572265625,
      "RowIndex": 3,
      "ColumnIndex": 3,
      "RowSpan": 1,
      "ColumnSpan": 1,
      "Geometry": {
        "BoundingBox": {
          "Width": 0.145128071308136,
          "Height": 0.04548706114292145,
          "Left": 0.5038290619850159,
          "Top": 0.4961130619049072
        },
        "Polygon": [
          {
            "X": 0.5038290619850159,
            "Y": 0.4961130619049072
          },
          {
            "X": 0.6485806703567505,
            "Y": 0.49643024802207947
          },
          {
            "X": 0.6489571332931519,
            "Y": 0.5416001081466675
          },
          {
            "X": 0.5041554570198059,
            "Y": 0.5412319302558899
          }
        ]
      },
      "Id": "caebdc8a-a5b1-4bb8-9502-7b6471a4b9fc",
      "Relationships": [
        {
          "Type": "CHILD",
          "Ids": [
            "84c29bc7-9c1d-45b8-9343-cf8dd434f91d",
            "64a11d1c-6084-4191-b8ad-3b68e0d524a7",
            "097e8224-74c6-42bf-85e5-d6c1054fd08f"
          ]
        }
      ],
      "Page": 1
    },
    {
      "BlockType": "CELL",
      "Confidence": 82.275390625,
      "RowIndex": 3,
      "ColumnIndex": 4,
      "RowSpan": 1,
      "ColumnSpan": 1,
      "Geometry": {
        "BoundingBox": {
          "Width": 0.12114439159631729,
          "Height": 0.04547695443034172,
          "Left": 0.6485806703567505,
          "Top": 0.49643024802207947
        },
        "Polygon": [
          {
            "X": 0.6485806703567505,
            "Y": 0.49643024802207947
          },
          {
            "X": 0.7693067789077759,
            "Y": 0.49669480323791504
          },
          {
            "X": 0.7697250843048096,
            "Y": 0.5419071912765503
          },
          {
            "X": 0.6489571332931519,
            "Y": 0.5416001081466675
          }
        ]
      },
      "Id": "b10c5d65-8a0c-4841-afaf-8e36e09a6182",
      "Relationships": [
        {
          "Type": "CHILD",
          "Ids": [
            "594fb9fb-e2fe-4e63-9524-5e283d561d5a",
            "101eaf1f-8853-4402-9842-9c460425d4af",
            "5b7f969e-ef97-46e0-9c29-632645c26645"
          ]
        }
      ],
      "Page": 1
    },
    {
      "BlockType": "CELL",
      "Confidence": 79.8828125,
      "RowIndex": 4,
      "ColumnIndex": 1,
      "RowSpan": 1,
      "ColumnSpan": 1,
      "Geometry": {
        "BoundingBox": {
          "Width": 0.12732157111167908,
          "Height": 0.031245796009898186,
          "Left": 0.23638707399368286,
          "Top": 0.5405510663986206
        },
        "Polygon": [
          {
            "X": 0.23638707399368286,
            "Y": 0.5405510663986206
          },
          {
            "X": 0.36351799964904785,
            "Y": 0.5408743023872375
          },
          {
            "X": 0.36370864510536194,
            "Y": 0.5717968344688416
          },
          {
            "X": 0.23654770851135254,
            "Y": 0.5714428424835205
          }
        ]
      },
      "Id": "75aaf985-6ee3-4c9a-8b6d-f2ba7fe82c00",
      "Relationships": [
        {
          "Type": "CHILD",
          "Ids": [
            "79d2b172-1261-494b-ba49-69fca228ea1b"
          ]
        }
      ],
      "Page": 1
    },
    {
      "BlockType": "CELL",
      "Confidence": 77.490234375,
      "RowIndex": 4,
      "ColumnIndex": 2,
      "RowSpan": 1,
      "ColumnSpan": 1,
      "Geometry": {
        "BoundingBox": {
          "Width": 0.14086143672466278,
          "Height": 0.031314149498939514,
          "Left": 0.36351799964904785,
          "Top": 0.5408743023872375
        },
        "Polygon": [
          {
            "X": 0.36351799964904785,
            "Y": 0.5408743023872375
          },
          {
            "X": 0.5041554570198059,
            "Y": 0.5412319302558899
          },
          {
            "X": 0.5043794512748718,
            "Y": 0.5721884369850159
          },
          {
            "X": 0.36370864510536194,
            "Y": 0.5717968344688416
          }
        ]
      },
      "Id": "7cbb02e6-a2ba-43b1-aa88-e1d17c26bc14",
      "Relationships": [
        {
          "Type": "CHILD",
          "Ids": [
            "3b75493e-7878-4e59-ab6d-5b7f3e2e4d36",
            "ac444956-308e-4e2f-b9ea-8cff29845439",
            "dda2db12-fc67-4159-8f0e-be63637a3629"
          ]
        }
      ],
      "Page": 1
    },
    {
      "BlockType": "CELL",
      "Confidence": 78.955078125,
      "RowIndex": 4,
      "ColumnIndex": 3,
      "RowSpan": 1,
      "ColumnSpan": 1,
      "Geometry": {
        "BoundingBox": {
          "Width": 0.1450599730014801,
          "Height": 0.031359754502773285,
          "Left": 0.5041554570198059,
          "Top": 0.5412319302558899
        },
        "Polygon": [
          {
            "X": 0.5041554570198059,
            "Y": 0.5412319302558899
          },
          {
            "X": 0.6489571332931519,
            "Y": 0.5416001081466675
          },
          {
            "X": 0.6492154598236084,
            "Y": 0.5725916624069214
          },
          {
            "X": 0.5043794512748718,
            "Y": 0.5721884369850159
          }
        ]
      },
      "Id": "13845aeb-1286-4f09-98b1-cfc118a6e6b3",
      "Relationships": [
        {
          "Type": "CHILD",
          "Ids": [
            "f4557c95-cc59-4ef9-96bd-8321382a338c",
            "94a9e4fb-08d1-473a-b3fd-2bc16774de67",
            "e30ed2aa-eb5b-41c4-82f8-07de9b499549"
          ]
        }
      ],
      "Page": 1
    },
    {
      "BlockType": "CELL",
      "Confidence": 75,
      "RowIndex": 4,
      "ColumnIndex": 4,
      "RowSpan": 1,
      "ColumnSpan": 1,
      "Geometry": {
        "BoundingBox": {
          "Width": 0.12105493247509003,
          "Height": 0.03132784366607666,
          "Left": 0.6489571332931519,
          "Top": 0.5416001081466675
        },
        "Polygon": [
          {
            "X": 0.6489571332931519,
            "Y": 0.5416001081466675
          },
          {
            "X": 0.7697250843048096,
            "Y": 0.5419071912765503
          },
          {
            "X": 0.7700120806694031,
            "Y": 0.5729279518127441
          },
          {
            "X": 0.6492154598236084,
            "Y": 0.5725916624069214
          }
        ]
      },
      "Id": "43c2751b-cf0f-49ea-adea-75a2dc7b5d84",
      "Relationships": [
        {
          "Type": "CHILD",
          "Ids": [
            "48af5902-3cc8-460a-950f-77c20c761d29",
            "30f0da72-d9ee-40e6-82f8-b922d56b81c9",
            "68be9211-985c-47d3-9a53-99a7a27fbff3"
          ]
        }
      ],
      "Page": 1
    },
    {
      "BlockType": "CELL",
      "Confidence": 87.98828125,
      "RowIndex": 5,
      "ColumnIndex": 1,
      "RowSpan": 1,
      "ColumnSpan": 1,
      "Geometry": {
        "BoundingBox": {
          "Width": 0.1274067461490631,
          "Height": 0.04022088274359703,
          "Left": 0.23654770851135254,
          "Top": 0.5714428424835205
        },
        "Polygon": [
          {
            "X": 0.23654770851135254,
            "Y": 0.5714428424835205
          },
          {
            "X": 0.36370864510536194,
            "Y": 0.5717968344688416
          },
          {
            "X": 0.36395445466041565,
            "Y": 0.6116636991500854
          },
          {
            "X": 0.23675480484962463,
            "Y": 0.6112700700759888
          }
        ]
      },
      "Id": "d4a4bda7-37df-4eee-a8d1-4e8c8ee1c714",
      "Relationships": [
        {
          "Type": "CHILD",
          "Ids": [
            "3803622f-ebfa-44ff-8d14-5024a8ae8a60"
          ]
        }
      ],
      "Page": 1
    },
    {
      "BlockType": "CELL",
      "Confidence": 85.3515625,
      "RowIndex": 5,
      "ColumnIndex": 2,
      "RowSpan": 1,
      "ColumnSpan": 1,
      "Geometry": {
        "BoundingBox": {
          "Width": 0.1409595012664795,
          "Height": 0.04030236601829529,
          "Left": 0.36370864510536194,
          "Top": 0.5717968344688416
        },
        "Polygon": [
          {
            "X": 0.36370864510536194,
            "Y": 0.5717968344688416
          },
          {
            "X": 0.5043794512748718,
            "Y": 0.5721884369850159
          },
          {
            "X": 0.5046681761741638,
            "Y": 0.6120991706848145
          },
          {
            "X": 0.36395445466041565,
            "Y": 0.6116636991500854
          }
        ]
      },
      "Id": "f3635ba9-913f-4931-8e1f-a8813af27fe3",
      "Relationships": [
        {
          "Type": "CHILD",
          "Ids": [
            "824bc73c-5b01-4ef4-b6dc-6a835cfcef1a",
            "0ef66335-1f3a-4140-a82d-8a03d83e8b5f",
            "bce2db5a-56a7-4f80-a635-66a24c122a94"
          ]
        }
      ],
      "Page": 1
    },
    {
      "BlockType": "CELL",
      "Confidence": 86.962890625,
      "RowIndex": 5,
      "ColumnIndex": 3,
      "RowSpan": 1,
      "ColumnSpan": 1,
      "Geometry": {
        "BoundingBox": {
          "Width": 0.14516903460025787,
          "Height": 0.04035912826657295,
          "Left": 0.5043794512748718,
          "Top": 0.5721884369850159
        },
        "Polygon": [
          {
            "X": 0.5043794512748718,
            "Y": 0.5721884369850159
          },
          {
            "X": 0.6492154598236084,
            "Y": 0.5725916624069214
          },
          {
            "X": 0.6495484709739685,
            "Y": 0.6125475764274597
          },
          {
            "X": 0.5046681761741638,
            "Y": 0.6120991706848145
          }
        ]
      },
      "Id": "e519038c-db5d-4fcd-a5a3-34dbdeb283fe",
      "Relationships": [
        {
          "Type": "CHILD",
          "Ids": [
            "3e4d25c4-74b0-4430-aa77-b3752ab3d63b",
            "e27e1097-68dc-47a1-b1d8-a94ef540c2ab",
            "9490f29f-02ef-409e-b8cf-53606519048c"
          ]
        }
      ],
      "Page": 1
    },
    {
      "BlockType": "CELL",
      "Confidence": 82.6171875,
      "RowIndex": 5,
      "ColumnIndex": 4,
      "RowSpan": 1,
      "ColumnSpan": 1,
      "Geometry": {
        "BoundingBox": {
          "Width": 0.1211666613817215,
          "Height": 0.04032987728714943,
          "Left": 0.6492154598236084,
          "Top": 0.5725916624069214
        },
        "Polygon": [
          {
            "X": 0.6492154598236084,
            "Y": 0.5725916624069214
          },
          {
            "X": 0.7700120806694031,
            "Y": 0.5729279518127441
          },
          {
            "X": 0.7703821063041687,
            "Y": 0.6129215359687805
          },
          {
            "X": 0.6495484709739685,
            "Y": 0.6125475764274597
          }
        ]
      },
      "Id": "a2f51350-9774-4f3e-8ec5-66c1196c5f6e",
      "Relationships": [
        {
          "Type": "CHILD",
          "Ids": [
            "3c5177ff-56c0-446e-a2c9-ba1222227103",
            "eb63a55f-b91b-4ba1-b557-d97dcf98086f",
            "b99c87cb-aa07-4f23-92f1-dc5c612b9d1c"
          ]
        }
      ],
      "Page": 1
    },
    {
      "BlockType": "MERGED_CELL",
      "Confidence": 56.005859375,
      "RowIndex": 1,
      "ColumnIndex": 1,
      "RowSpan": 2,
      "ColumnSpan": 1,
      "Geometry": {
        "BoundingBox": {
          "Width": 0.12766534090042114,
          "Height": 0.11147726327180862,
          "Left": 0.23557476699352264,
          "Top": 0.3843277096748352
        },
        "Polygon": [
          {
            "X": 0.23557476699352264,
            "Y": 0.3843277096748352
          },
          {
            "X": 0.36255380511283875,
            "Y": 0.38449573516845703
          },
          {
            "X": 0.363240122795105,
            "Y": 0.4958049952983856
          },
          {
            "X": 0.23615296185016632,
            "Y": 0.4955264925956726
          }
        ]
      },
      "Id": "28356cb5-5522-42f0-8807-b31206bbd19f",
      "Relationships": [
        {
          "Type": "CHILD",
          "Ids": [
            "a5181361-0d01-4e44-84ab-0a2e32a3c9e4",
            "b6af6738-a933-4430-b9f3-6bb65b27020e"
          ]
        }
      ],
      "EntityTypes": [
        "COLUMN_HEADER"
      ],
      "Page": 1
    },
    {
      "BlockType": "MERGED_CELL",
      "Confidence": 85.25390625,
      "RowIndex": 1,
      "ColumnIndex": 2,
      "RowSpan": 1,
      "ColumnSpan": 3,
      "Geometry": {
        "BoundingBox": {
          "Width": 0.4061916470527649,
          "Height": 0.05153409764170647,
          "Left": 0.36255380511283875,
          "Top": 0.38449573516845703
        },
        "Polygon": [
          {
            "X": 0.36255380511283875,
            "Y": 0.38449573516845703
          },
          {
            "X": 0.768273651599884,
            "Y": 0.385032594203949
          },
          {
            "X": 0.768745481967926,
            "Y": 0.436029851436615
          },
          {
            "X": 0.3628672659397125,
            "Y": 0.4353318512439728
          }
        ]
      },
      "Id": "ebbff177-a41a-431d-916c-db241fe9e816",
      "Relationships": [
        {
          "Type": "CHILD",
          "Ids": [
            "94a131d7-3e31-427f-a271-447d469ecee6",
            "12f699ad-bc05-4556-ad41-cb37f01a6229",
            "9718a0fa-9319-4827-af4d-a06bdd818c7d"
          ]
        }
      ],
      "EntityTypes": [
        "COLUMN_HEADER"
      ],
      "Page": 1
    }
  ],
  "AnalyzeDocumentModelVersion": "1.0"
}