{
  "DocumentMetadata": {
    "Pages": 1
  },
  "JobStatus": "SUCCEEDED",
  "Blocks": [
    {
      "BlockType": "PAGE",
      "Geometry": {
        "BoundingBox": {
          "Width": 0.553388237953186,
          "Height": 0.2751530706882477,
          "Left": 0.2218485027551651,
          "Top": 0.35795825719833374
        },
        "Polygon": [
          {
            "X": 0.2218485027551651,
            "Y": 0.35795825719833374
          },
          {
            "X": 0.7729798555374146,
            "Y": 0.35884714126586914
          },
          {
            "X": 0.7752367854118347,
            "Y": 0.633111298084259
          },
          {
            "X": 0.22333435714244843,
            "Y": 0.631980299949646
          }
        ]
      },
      "Id": "4c5d7a3b-8831-4128-a4b9-f9c624d12294",
      "Relationships": [
        {
          "Type": "CHILD",
          "Ids": [
            "bfa56a59-d8ba-42c2-ad71-f97fe63a7a47",
            "f632b56b-8401-4c38-8e84-f3c6c3ba5bb8",
            "72be60b2-34a7-454f-954d-79e1f7481c42",
            "6923519e-b8e3-4985-8bbb-e187dc04231c",
            "d0ba06cc-e244-4836-bd5d-5c13e4beba9c",
            "87aed738-f2a0-4c93-b30c-0dc61cf29d9b",
            "318a21df-0df8-4137-ab23-0f1335fd9527",
            "ecda044e-8109-476d-bdb8-ff2745e41784",
            "4ebd7d37-86c8-400b-aa61-34345b535b87",
            "57203d36-5575-4e4b-ae79-489996b1bfbb",
            "7427ac82-4678-4b2d-824e-2e0e62f4f354",
            "2f47201c-7962-43c9-b15d-7ffc39c5cdcc",
            "b59d245c-9d3b-4ddf-93f0-e6ebb303066a",
            "23513397-ad75-4447-84ed-5f3ad9b61b4f",
            "f6cf590e-d3f7-4e18-84b5-1a7825cdf6b8",
            "b96a73d1-6545-4198-9c2d-b6f699147677",
            "288e2cc3-66d3-490a-8be2-cafbd671df67",
            "bbaa2a2b-f03f-46e2-a5a9-b6b4bfcf1216",
            "80e888ed-e7cd-4a67-b03a-01d8ddb4e51f",
            "b7eff831-aeb2-41db-a8c4-e3576e91f5ce",
            "f803f136-5593-4873-a899-a3892ec7ea70"
          ]
        }
      ],
      "Page": 1
    },
    {
      "BlockType": "LINE",
      "Confidence": 99.33899688720703,
      "Text": "Composite",
      "Geometry": {
        "BoundingBox": {
          "Width": 0.06798280775547028,
          "Height": 0.023724764585494995,
          "Left": 0.2598509192466736,
          "Top": 0.3934842646121979
        },
        "Polygon": [
          {
            "X": 0.2598509192466736,
            "Y": 0.3934842646121979
          },
          {
            "X": 0.32769301533699036,
            "Y": 0.3935975134372711
          },
          {
            "X": 0.32783374190330505,
            "Y": 0.41720902919769287
          },
          {
            "X": 0.25998350977897644,
            "Y": 0.4170932173728943
          }
        ]
      },
      "Id": "bfa56a59-d8ba-42c2-ad71-f97fe63a7a47",
      "Relationships": [
        {
          "Type": "CHILD",
          "Ids": [
            "4fdfab94-765a-49d4-9650-6d88894489d4"
          ]
        }
      ],
      "Page": 1
    },
    {
      "BlockType": "LINE",
      "Confidence": 99.87371826171875,
      "Text": "Ultimate tensile",
      "Geometry": {
        "BoundingBox": {
          "Width": 0.10394496470689774,
          "Height": 0.020794810727238655,
          "Left": 0.43245983123779297,
          "Top": 0.3928714692592621
        },
        "Polygon": [
          {
            "X": 0.43245983123779297,
            "Y": 0.3928714692592621
          },
          {
            "X": 0.5362600088119507,
            "Y": 0.3930445909500122
          },
          {
            "X": 0.5364047884941101,
            "Y": 0.4136662781238556
          },
          {
            "X": 0.4325937330722809,
            "Y": 0.4134897291660309
          }
        ]
      },
      "Id": "f632b56b-8401-4c38-8e84-f3c6c3ba5bb8",
      "Relationships": [
        {
          "Type": "CHILD",
          "Ids": [
            "8a2befcc-1d65-4bad-8bcf-1f17c6e6371c",
            "54939b90-a0ff-4a7f-b782-444b1dcd7dbc"
          ]
        }
      ],
      "Page": 1
    },
    {
      "BlockType": "LINE",
      "Confidence": 99.88386535644531,
      "Text": "Ultimate bending",
      "Geometry": {
        "BoundingBox": {
          "Width": 0.11367202550172806,
          "Height": 0.024543222039937973,
          "Left": 0.6267850995063782,
          "Top": 0.3926312029361725
        },
        "Polygon": [
          {
            "X": 0.6267850995063782,
            "Y": 0.3926312029361725
          },
          {
            "X": 0.7402608394622803,
            "Y": 0.3928203582763672
          },
          {
            "X": 0.7404571771621704,
            "Y": 0.41717442870140076
          },
          {
            "X": 0.6269673705101013,
            "Y": 0.4169808328151703
          }
        ]
      },
      "Id": "72be60b2-34a7-454f-954d-79e1f7481c42",
      "Relationships": [
        {
          "Type": "CHILD",
          "Ids": [
            "567f011c-7c9b-415f-9f4d-6dffd6320be4",
            "488b8e0b-43e5-4994-b857-597a356bdf29"
          ]
        }
      ],
      "Page": 1
    },
    {
      "BlockType": "LINE",
      "Confidence": 96.50434112548828,
      "Text": "strength, uts (MPa)",
      "Geometry": {
        "BoundingBox": {
          "Width": 0.12881922721862793,
          "Height": 0.02436905726790428,
          "Left": 0.43242838978767395,
          "Top": 0.4235856533050537
        },
        "Polygon": [
          {
            "X": 0.43242838978767395,
            "Y": 0.4235856533050537
          },
          {
            "X": 0.5610750317573547,
            "Y": 0.4238065183162689
          },
          {
            "X": 0.5612476468086243,
            "Y": 0.4479547142982483
          },
          {
            "X": 0.4325851500034332,
            "Y": 0.44772887229919434
          }
        ]
      },
      "Id": "6923519e-b8e3-4985-8bbb-e187dc04231c",
      "Relationships": [
        {
          "Type": "CHILD",
          "Ids": [
            "db87fc3e-c24f-4414-a151-69008bc42be9",
            "d8ce1664-bc41-441d-b1d7-369ff8e976ed",
            "520f3fae-3616-4338-a098-b5af0322aaa2"
          ]
        }
      ],
      "Page": 1
    },
    {
      "BlockType": "LINE",
      "Confidence": 97.12138366699219,
      "Text": "strength, ubs (MPa)",
      "Geometry": {
        "BoundingBox": {
          "Width": 0.1310064196586609,
          "Height": 0.02432262897491455,
          "Left": 0.6268097162246704,
          "Top": 0.4235475957393646
        },
        "Polygon": [
          {
            "X": 0.6268097162246704,
            "Y": 0.4235475957393646
          },
          {
            "X": 0.7576197981834412,
            "Y": 0.42377209663391113
          },
          {
            "X": 0.7578161358833313,
            "Y": 0.4478702247142792
          },
          {
            "X": 0.626990020275116,
            "Y": 0.44764068722724915
          }
        ]
      },
      "Id": "d0ba06cc-e244-4836-bd5d-5c13e4beba9c",
      "Relationships": [
        {
          "Type": "CHILD",
          "Ids": [
            "af84aff8-10ac-480f-87fb-74dbd04db512",
            "54f3e179-a8e9-4ca5-95c7-7e28b252f7d4",
            "b3917a10-9272-43f3-85b5-5ab1902c24c2"
          ]
        }
      ],
      "Page": 1
    },
    {
      "BlockType": "LINE",
      "Confidence": 99.86551666259766,
      "Text": "GFRP",
      "Geometry": {
        "BoundingBox": {
          "Width": 0.033678751438856125,
          "Height": 0.019009631127119064,
          "Left": 0.25989556312561035,
          "Top": 0.4684215486049652
        },
        "Polygon": [
          {
            "X": 0.25989556312561035,
            "Y": 0.4684215486049652
          },
          {
            "X": 0.293464720249176,
            "Y": 0.4684816002845764
          },
          {
            "X": 0.29357433319091797,
            "Y": 0.4874311685562134
          },
          {
            "X": 0.26000192761421204,
            "Y": 0.487370103597641
          }
        ]
      },
      "Id": "87aed738-f2a0-4c93-b30c-0dc61cf29d9b",
      "Relationships": [
        {
          "Type": "CHILD",
          "Ids": [
            "258efc65-867e-498c-9e89-f4ab4d60402d"
          ]
        }
      ],
      "Page": 1
    },
    {
      "BlockType": "LINE",
      "Confidence": 95.98916625976562,
      "Text": "332.5 + 21.6",
      "Geometry": {
        "BoundingBox": {
          "Width": 0.07796097546815872,
          "Height": 0.019551783800125122,
          "Left": 0.43276241421699524,
          "Top": 0.4680432975292206
        },
        "Polygon": [
          {
            "X": 0.43276241421699524,
            "Y": 0.4680432975292206
          },
          {
            "X": 0.5105896592140198,
            "Y": 0.46818241477012634
          },
          {
            "X": 0.510723352432251,
            "Y": 0.4875950813293457
          },
          {
            "X": 0.4328884184360504,
            "Y": 0.48745355010032654
          }
        ]
      },
      "Id": "318a21df-0df8-4137-ab23-0f1335fd9527",
      "Relationships": [
        {
          "Type": "CHILD",
          "Ids": [
            "4173372d-2827-491b-b41e-e51731f2ce89",
            "e605e28e-653e-47a0-ab4f-ee184a811fe5",
            "8902d593-f6e3-4dc2-9925-f51565b357ba"
          ]
        }
      ],
      "Page": 1
    },
    {
      "BlockType": "LINE",
      "Confidence": 92.74684143066406,
      "Text": "373.1 + 28.2",
      "Geometry": {
        "BoundingBox": {
          "Width": 0.07771789282560349,
          "Height": 0.01940857246518135,
          "Left": 0.6270588040351868,
          "Top": 0.46821922063827515
        },
        "Polygon": [
          {
            "X": 0.6270588040351868,
            "Y": 0.46821922063827515
          },
          {
            "X": 0.7046248912811279,
            "Y": 0.4683578610420227
          },
          {
            "X": 0.7047767043113708,
            "Y": 0.487627774477005
          },
          {
            "X": 0.6272029280662537,
            "Y": 0.48748674988746643
          }
        ]
      },
      "Id": "ecda044e-8109-476d-bdb8-ff2745e41784",
      "Relationships": [
        {
          "Type": "CHILD",
          "Ids": [
            "4373a972-33b8-4d00-a675-bf63aa69fd82",
            "a487adc6-7ab3-425f-a88f-e5708cd2a0cc",
            "7ce1cfdc-36ad-4b77-ab4a-c3baa61857e1"
          ]
        }
      ],
      "Page": 1
    },
    {
      "BlockType": "LINE",
      "Confidence": 96.20463562011719,
      "Text": "GFRP + 1% NC",
      "Geometry": {
        "BoundingBox": {
          "Width": 0.08798310160636902,
          "Height": 0.019672557711601257,
          "Left": 0.2598734200000763,
          "Top": 0.4984068274497986
        },
        "Polygon": [
          {
            "X": 0.2598734200000763,
            "Y": 0.4984068274497986
          },
          {
            "X": 0.3477382957935333,
            "Y": 0.49856817722320557
          },
          {
            "X": 0.3478565216064453,
            "Y": 0.518079400062561
          },
          {
            "X": 0.2599828839302063,
            "Y": 0.5179152488708496
          }
        ]
      },
      "Id": "4ebd7d37-86c8-400b-aa61-34345b535b87",
      "Relationships": [
        {
          "Type": "CHILD",
          "Ids": [
            "de92f516-db7f-4056-ad21-251acb78028d",
            "d69dfe41-17ab-41e7-943a-5b36d5d37dee",
            "c2b0244f-dfdb-4f77-875a-2a9d0e51f000"
          ]
        }
      ],
      "Page": 1
    },
    {
      "BlockType": "LINE",
      "Confidence": 88.67931365966797,
      "Text": "321.3 + 17.6",
      "Geometry": {
        "BoundingBox": {
          "Width": 0.07811088860034943,
          "Height": 0.01944747380912304,
          "Left": 0.4326595962047577,
          "Top": 0.49838098883628845
        },
        "Polygon": [
          {
            "X": 0.4326595962047577,
            "Y": 0.49838098883628845
          },
          {
            "X": 0.5106375217437744,
            "Y": 0.49852415919303894
          },
          {
            "X": 0.5107704997062683,
            "Y": 0.5178284645080566
          },
          {
            "X": 0.43278488516807556,
            "Y": 0.5176829099655151
          }
        ]
      },
      "Id": "57203d36-5575-4e4b-ae79-489996b1bfbb",
      "Relationships": [
        {
          "Type": "CHILD",
          "Ids": [
            "ec2fe6a8-7106-4687-a89d-f08afeee3837",
            "8f5e669b-37dd-49d8-b3af-33929ad29a60",
            "f8ac18d1-e868-40d2-8e9a-c244cfb9c734"
          ]
        }
      ],
      "Page": 1
    },
    {
      "BlockType": "LINE",
      "Confidence": 85.14566802978516,
      "Text": "364.9 + 15.8",
      "Geometry": {
        "BoundingBox": {
          "Width": 0.077695831656456,
          "Height": 0.01924210973083973,
          "Left": 0.6270108222961426,
          "Top": 0.4986281096935272
        },
        "Polygon": [
          {
            "X": 0.6270108222961426,
            "Y": 0.4986281096935272
          },
          {
            "X": 0.7045562863349915,
            "Y": 0.49877044558525085
          },
          {
            "X": 0.7047066688537598,
            "Y": 0.5178701877593994
          },
          {
            "X": 0.6271536946296692,
            "Y": 0.5177254676818848
          }
        ]
      },
      "Id": "7427ac82-4678-4b2d-824e-2e0e62f4f354",
      "Relationships": [
        {
          "Type": "CHILD",
          "Ids": [
            "160a785d-d80e-41bb-b8a9-cc907c08dc92",
            "ba2d5de9-55c5-47ba-afaf-8fe6b80886f7",
            "bcc8f34a-9a80-463a-96de-442f4bcff9aa"
          ]
        }
      ],
      "Page": 1
    },
    {
      "BlockType": "LINE",
      "Confidence": 97.79363250732422,
      "Text": "GFRP + 3% NC",
      "Geometry": {
        "BoundingBox": {
          "Width": 0.08746602386236191,
          "Height": 0.019710106775164604,
          "Left": 0.26058661937713623,
          "Top": 0.527389645576477
        },
        "Polygon": [
          {
            "X": 0.26058661937713623,
            "Y": 0.527389645576477
          },
          {
            "X": 0.34793421626091003,
            "Y": 0.5275540947914124
          },
          {
            "X": 0.34805265069007874,
            "Y": 0.547099769115448
          },
          {
            "X": 0.2606963515281677,
            "Y": 0.546932578086853
          }
        ]
      },
      "Id": "2f47201c-7962-43c9-b15d-7ffc39c5cdcc",
      "Relationships": [
        {
          "Type": "CHILD",
          "Ids": [
            "eb788dfc-4a19-46cd-8b05-7ee562b86ef3",
            "8469f0ac-0154-4628-8472-99d5798ac107",
            "8d1bb02a-d16b-438d-871d-48ded73902e9"
          ]
        }
      ],
      "Page": 1
    },
    {
      "BlockType": "LINE",
      "Confidence": 98.48299407958984,
      "Text": "305.4 + 15.5",
      "Geometry": {
        "BoundingBox": {
          "Width": 0.07732623815536499,
          "Height": 0.019453290849924088,
          "Left": 0.43297329545021057,
          "Top": 0.5275062918663025
        },
        "Polygon": [
          {
            "X": 0.43297329545021057,
            "Y": 0.5275062918663025
          },
          {
            "X": 0.510166585445404,
            "Y": 0.5276515483856201
          },
          {
            "X": 0.510299563407898,
            "Y": 0.5469595789909363
          },
          {
            "X": 0.4330986440181732,
            "Y": 0.5468118786811829
          }
        ]
      },
      "Id": "b59d245c-9d3b-4ddf-93f0-e6ebb303066a",
      "Relationships": [
        {
          "Type": "CHILD",
          "Ids": [
            "7331b5f3-d472-47e3-a64a-bae9b4bfaa17",
            "e0b1714d-904e-4389-97d9-fe0120cbf1ae",
            "35013a26-4dc3-458b-a108-74478ebda18f"
          ]
        }
      ],
      "Page": 1
    },
    {
      "BlockType": "LINE",
      "Confidence": 92.01325988769531,
      "Text": "319.6 + 12.4",
      "Geometry": {
        "BoundingBox": {
          "Width": 0.07812275737524033,
          "Height": 0.01957463100552559,
          "Left": 0.6271729469299316,
          "Top": 0.5274954438209534
        },
        "Polygon": [
          {
            "X": 0.6271729469299316,
            "Y": 0.5274954438209534
          },
          {
            "X": 0.705142617225647,
            "Y": 0.5276421308517456
          },
          {
            "X": 0.7052956819534302,
            "Y": 0.5470700263977051
          },
          {
            "X": 0.6273182034492493,
            "Y": 0.546920895576477
          }
        ]
      },
      "Id": "23513397-ad75-4447-84ed-5f3ad9b61b4f",
      "Relationships": [
        {
          "Type": "CHILD",
          "Ids": [
            "5e647c94-6073-4bc0-816c-6aed677eae3e",
            "a0867a22-2b54-48b9-a950-aa85a0bbd4c3",
            "1976bee6-c14c-48b8-84fd-6d2d3761fddd"
          ]
        }
      ],
      "Page": 1
    },
    {
      "BlockType": "LINE",
      "Confidence": 99.85635375976562,
      "Text": "GFRP + 0.5% CNT",
      "Geometry": {
        "BoundingBox": {
          "Width": 0.10735979676246643,
          "Height": 0.019761253148317337,
          "Left": 0.25987109541893005,
          "Top": 0.557639479637146
        },
        "Polygon": [
          {
            "X": 0.25987109541893005,
            "Y": 0.557639479637146
          },
          {
            "X": 0.3671105206012726,
            "Y": 0.5578464865684509
          },
          {
            "X": 0.3672308921813965,
            "Y": 0.5774006843566895
          },
          {
            "X": 0.2599807679653168,
            "Y": 0.5771902799606323
          }
        ]
      },
      "Id": "f6cf590e-d3f7-4e18-84b5-1a7825cdf6b8",
      "Relationships": [
        {
          "Type": "CHILD",
          "Ids": [
            "b50e4025-60e8-4091-9c13-293d41e06ab3",
            "a9475d6a-1da5-4b08-9825-7898a61e8462",
            "b83111d6-236b-4838-8fba-375d1c0a724c",
            "ca5ddda4-28ac-4acc-9ce4-000989a4d4c1"
          ]
        }
      ],
      "Page": 1
    },
    {
      "BlockType": "LINE",
      "Confidence": 96.4926986694336,
      "Text": "318.8 + 4.90",
      "Geometry": {
        "BoundingBox": {
          "Width": 0.0779331773519516,
          "Height": 0.019456423819065094,
          "Left": 0.43283239006996155,
          "Top": 0.557951033115387
        },
        "Polygon": [
          {
            "X": 0.43283239006996155,
            "Y": 0.557951033115387
          },
          {
            "X": 0.5106326341629028,
            "Y": 0.5581012964248657
          },
          {
            "X": 0.510765552520752,
            "Y": 0.5774074792861938
          },
          {
            "X": 0.43295764923095703,
            "Y": 0.5772548913955688
          }
        ]
      },
      "Id": "b96a73d1-6545-4198-9c2d-b6f699147677",
      "Relationships": [
        {
          "Type": "CHILD",
          "Ids": [
            "91fa71cd-8a78-48d1-ad37-e94a248f3b9b",
            "1d46d9f5-9bd0-478a-8848-7484396874e3",
            "efed5985-4e3c-4ec1-aa3e-4dda1a2746ae"
          ]
        }
      ],
      "Page": 1
    },
    {
      "BlockType": "LINE",
      "Confidence": 97.1955337524414,
      "Text": "360.9 + 38.5",
      "Geometry": {
        "BoundingBox": {
          "Width": 0.0775664895772934,
          "Height": 0.019687926396727562,
          "Left": 0.6271868348121643,
          "Top": 0.5577995777130127
        },
        "Polygon": [
          {
            "X": 0.6271868348121643,
            "Y": 0.5577995777130127
          },
          {
            "X": 0.7045994997024536,
            "Y": 0.5579489469528198
          },
          {
            "X": 0.7047533392906189,
            "Y": 0.5774875283241272
          },
          {
            "X": 0.6273329854011536,
            "Y": 0.5773356556892395
          }
        ]
      },
      "Id": "288e2cc3-66d3-490a-8be2-cafbd671df67",
      "Relationships": [
        {
          "Type": "CHILD",
          "Ids": [
            "5a58238a-7213-4176-abfc-a7a2e3c77213",
            "62e636ed-f222-4b1b-bc37-96d56615e1e3",
            "b8fa47f3-f4be-4988-b30c-8c6051b55e6a"
          ]
        }
      ],
      "Page": 1
    },
    {
      "BlockType": "LINE",
      "Confidence": 99.83050537109375,
      "Text": "GFRP + 1% CNT",
      "Geometry": {
        "BoundingBox": {
          "Width": 0.09661060571670532,
          "Height": 0.020017577335238457,
          "Left": 0.25970396399497986,
          "Top": 0.588042140007019
        },
        "Polygon": [
          {
            "X": 0.25970396399497986,
            "Y": 0.588042140007019
          },
          {
            "X": 0.3561936318874359,
            "Y": 0.5882331132888794
          },
          {
            "X": 0.3563145697116852,
            "Y": 0.6080597043037415
          },
          {
            "X": 0.25981515645980835,
            "Y": 0.6078656911849976
          }
        ]
      },
      "Id": "bbaa2a2b-f03f-46e2-a5a9-b6b4bfcf1216",
      "Relationships": [
        {
          "Type": "CHILD",
          "Ids": [
            "720c0026-4725-40ff-8d00-58b0f5b253c5",
            "c1adf7c2-63ba-4c42-b652-7c5e361cb54b",
            "e36ab350-f3ae-4f28-a5dd-7af85cb0606a",
            "e93b6016-3484-41bc-8ced-84189679267c"
          ]
        }
      ],
      "Page": 1
    },
    {
      "BlockType": "LINE",
      "Confidence": 98.26696014404297,
      "Text": "309.8 + 14.7",
      "Geometry": {
        "BoundingBox": {
          "Width": 0.07767893373966217,
          "Height": 0.01956995762884617,
          "Left": 0.4329695999622345,
          "Top": 0.5882908701896667
        },
        "Polygon": [
          {
            "X": 0.4329695999622345,
            "Y": 0.5882908701896667
          },
          {
            "X": 0.5105148553848267,
            "Y": 0.5884443521499634
          },
          {
            "X": 0.5106485486030579,
            "Y": 0.6078608632087708
          },
          {
            "X": 0.4330956041812897,
            "Y": 0.6077049970626831
          }
        ]
      },
      "Id": "80e888ed-e7cd-4a67-b03a-01d8ddb4e51f",
      "Relationships": [
        {
          "Type": "CHILD",
          "Ids": [
            "567d2c31-0078-45b6-8723-e6c297ac450b",
            "cc575960-928a-4345-af0b-c9c7c1b8585e",
            "759fa123-e35d-4302-bc25-1c2ce0a37173"
          ]
        }
      ],
      "Page": 1
    },
    {
      "BlockType": "LINE",
      "Confidence": 98.2555160522461,
      "Text": "370.5 + 9.70",
      "Geometry": {
        "BoundingBox": {
          "Width": 0.0780792087316513,
          "Height": 0.019608840346336365,
          "Left": 0.6271609663963318,
          "Top": 0.5883016586303711
        },
        "Polygon": [
          {
            "X": 0.6271609663963318,
            "Y": 0.5883016586303711
          },
          {
            "X": 0.7050869464874268,
            "Y": 0.5884557962417603
          },
          {
            "X": 0.7052401304244995,
            "Y": 0.6079105138778687
          },
          {
            "X": 0.6273064017295837,
            "Y": 0.6077538728713989
          }
        ]
      },
      "Id": "b7eff831-aeb2-41db-a8c4-e3576e91f5ce",
      "Relationships": [
        {
          "Type": "CHILD",
          "Ids": [
            "132673a9-f2fc-4d06-a40b-702ec8566f28",
            "388faf6a-2ea9-4d49-8d0f-7db4a31d01d5",
            "90397e18-3297-456b-a816-cddd44c9bc51"
          ]
        }
      ],
      "Page": 1
    },
    {
      "BlockType": "WORD",
      "Confidence": 99.33899688720703,
      "Text": "Composite",
      "TextType": "PRINTED",
      "Geometry": {
        "BoundingBox": {
          "Width": 0.06798280775547028,
          "Height": 0.023724764585494995,
          "Left": 0.2598509192466736,
          "Top": 0.3934842646121979
        },
        "Polygon": [
          {
            "X": 0.2598509192466736,
            "Y": 0.3934842646121979
          },
          {
            "X": 0.32769301533699036,
            "Y": 0.3935975134372711
          },
          {
            "X": 0.32783374190330505,
            "Y": 0.41720902919769287
          },
          {
            "X": 0.25998350977897644,
            "Y": 0.4170932173728943
          }
        ]
      },
      "Id": "4fdfab94-765a-49d4-9650-6d88894489d4",
      "Page": 1
    },
    {
      "BlockType": "WORD",
      "Confidence": 99.88453674316406,
      "Text": "Ultimate",
      "TextType": "PRINTED",
      "Geometry": {
        "BoundingBox": {
          "Width": 0.0569799579679966,
          "Height": 0.020486509427428246,
          "Left": 0.43246132135391235,
          "Top": 0.3930998742580414
        },
        "Polygon": [
          {
            "X": 0.43246132135391235,
            "Y": 0.3930998742580414
          },
          {
            "X": 0.48930296301841736,
            "Y": 0.39319470524787903
          },
          {
            "X": 0.48944127559661865,
            "Y": 0.41358640789985657
          },
          {
            "X": 0.4325937330722809,
            "Y": 0.4134897291660309
          }
        ]
      },
      "Id": "8a2befcc-1d65-4bad-8bcf-1f17c6e6371c",
      "Page": 1
    },
    {
      "BlockType": "WORD",
      "Confidence": 99.86290740966797,
      "Text": "tensile",
      "TextType": "PRINTED",
      "Geometry": {
        "BoundingBox": {
          "Width": 0.04303968697786331,
          "Height": 0.020218808203935623,
          "Left": 0.49336177110671997,
          "Top": 0.39297303557395935
        },
        "Polygon": [
          {
            "X": 0.49336177110671997,
            "Y": 0.39297303557395935
          },
          {
            "X": 0.5362600088119507,
            "Y": 0.3930445909500122
          },
          {
            "X": 0.5364014506340027,
            "Y": 0.41319185495376587
          },
          {
            "X": 0.49349886178970337,
            "Y": 0.4131188988685608
          }
        ]
      },
      "Id": "54939b90-a0ff-4a7f-b782-444b1dcd7dbc",
      "Page": 1
    },
    {
      "BlockType": "WORD",
      "Confidence": 99.8418197631836,
      "Text": "Ultimate",
      "TextType": "PRINTED",
      "Geometry": {
        "BoundingBox": {
          "Width": 0.05701950192451477,
          "Height": 0.020503360778093338,
          "Left": 0.6267885565757751,
          "Top": 0.39308837056159973
        },
        "Polygon": [
          {
            "X": 0.6267885565757751,
            "Y": 0.39308837056159973
          },
          {
            "X": 0.6836494207382202,
            "Y": 0.3931832015514374
          },
          {
            "X": 0.6838080286979675,
            "Y": 0.4135917127132416
          },
          {
            "X": 0.6269412636756897,
            "Y": 0.4134950339794159
          }
        ]
      },
      "Id": "567f011c-7c9b-415f-9f4d-6dffd6320be4",
      "Page": 1
    },
    {
      "BlockType": "WORD",
      "Confidence": 99.92591094970703,
      "Text": "bending",
      "TextType": "PRINTED",
      "Geometry": {
        "BoundingBox": {
          "Width": 0.05264654755592346,
          "Height": 0.024441493675112724,
          "Left": 0.6878105998039246,
          "Top": 0.3927329480648041
        },
        "Polygon": [
          {
            "X": 0.6878105998039246,
            "Y": 0.3927329480648041
          },
          {
            "X": 0.7402608394622803,
            "Y": 0.3928203582763672
          },
          {
            "X": 0.7404571771621704,
            "Y": 0.41717442870140076
          },
          {
            "X": 0.6880003809928894,
            "Y": 0.4170849621295929
          }
        ]
      },
      "Id": "488b8e0b-43e5-4994-b857-597a356bdf29",
      "Page": 1
    },
    {
      "BlockType": "WORD",
      "Confidence": 98.7594985961914,
      "Text": "strength,",
      "TextType": "PRINTED",
      "Geometry": {
        "BoundingBox": {
          "Width": 0.05789749696850777,
          "Height": 0.024129418656229973,
          "Left": 0.43242916464805603,
          "Top": 0.42370080947875977
        },
        "Polygon": [
          {
            "X": 0.43242916464805603,
            "Y": 0.42370080947875977
          },
          {
            "X": 0.49016356468200684,
            "Y": 0.42379993200302124
          },
          {
            "X": 0.4903266429901123,
            "Y": 0.4478302299976349
          },
          {
            "X": 0.4325851500034332,
            "Y": 0.44772887229919434
          }
        ]
      },
      "Id": "db87fc3e-c24f-4414-a151-69008bc42be9",
      "Page": 1
    },
    {
      "BlockType": "WORD",
      "Confidence": 91.03378295898438,
      "Text": "uts",
      "TextType": "PRINTED",
      "Geometry": {
        "BoundingBox": {
          "Width": 0.024060683324933052,
          "Height": 0.018705079331994057,
          "Left": 0.49425971508026123,
          "Top": 0.42874622344970703
        },
        "Polygon": [
          {
            "X": 0.49425971508026123,
            "Y": 0.42874622344970703
          },
          {
            "X": 0.5181910991668701,
            "Y": 0.428787499666214
          },
          {
            "X": 0.5183203816413879,
            "Y": 0.44745132327079773
          },
          {
            "X": 0.4943867623806,
            "Y": 0.44740933179855347
          }
        ]
      },
      "Id": "d8ce1664-bc41-441d-b1d7-369ff8e976ed",
      "Page": 1
    },
    {
      "BlockType": "WORD",
      "Confidence": 99.71974182128906,
      "Text": "(MPa)",
      "TextType": "PRINTED",
      "Geometry": {
        "BoundingBox": {
          "Width": 0.03890644758939743,
          "Height": 0.02362108789384365,
          "Left": 0.5223369598388672,
          "Top": 0.4237399995326996
        },
        "Polygon": [
          {
            "X": 0.5223369598388672,
            "Y": 0.4237399995326996
          },
          {
            "X": 0.5610750317573547,
            "Y": 0.4238065183162689
          },
          {
            "X": 0.5612434148788452,
            "Y": 0.4473610818386078
          },
          {
            "X": 0.5225006341934204,
            "Y": 0.44729313254356384
          }
        ]
      },
      "Id": "520f3fae-3616-4338-a098-b5af0322aaa2",
      "Page": 1
    },
    {
      "BlockType": "WORD",
      "Confidence": 98.57792663574219,
      "Text": "strength,",
      "TextType": "PRINTED",
      "Geometry": {
        "BoundingBox": {
          "Width": 0.05770338326692581,
          "Height": 0.024006109684705734,
          "Left": 0.626811146736145,
          "Top": 0.42373549938201904
        },
        "Polygon": [
          {
            "X": 0.626811146736145,
            "Y": 0.42373549938201904
          },
          {
            "X": 0.6843286156654358,
            "Y": 0.4238342344760895
          },
          {
            "X": 0.6845145225524902,
            "Y": 0.4477415978908539
          },
          {
            "X": 0.626990020275116,
            "Y": 0.44764068722724915
          }
        ]
      },
      "Id": "af84aff8-10ac-480f-87fb-74dbd04db512",
      "Page": 1
    },
    {
      "BlockType": "WORD",
      "Confidence": 93.14220428466797,
      "Text": "ubs",
      "TextType": "PRINTED",
      "Geometry": {
        "BoundingBox": {
          "Width": 0.02640887349843979,
          "Height": 0.01745636761188507,
          "Left": 0.6889514923095703,
          "Top": 0.4295239746570587
        },
        "Polygon": [
          {
            "X": 0.6889514923095703,
            "Y": 0.4295239746570587
          },
          {
            "X": 0.7152222394943237,
            "Y": 0.4295693039894104
          },
          {
            "X": 0.7153603434562683,
            "Y": 0.4469803273677826
          },
          {
            "X": 0.6890872716903687,
            "Y": 0.4469342529773712
          }
        ]
      },
      "Id": "54f3e179-a8e9-4ca5-95c7-7e28b252f7d4",
      "Page": 1
    },
    {
      "BlockType": "WORD",
      "Confidence": 99.64401245117188,
      "Text": "(MPa)",
      "TextType": "PRINTED",
      "Geometry": {
        "BoundingBox": {
          "Width": 0.03898980841040611,
          "Height": 0.023403650149703026,
          "Left": 0.7188201546669006,
          "Top": 0.42370548844337463
        },
        "Polygon": [
          {
            "X": 0.7188201546669006,
            "Y": 0.42370548844337463
          },
          {
            "X": 0.7576197981834412,
            "Y": 0.42377209663391113
          },
          {
            "X": 0.7578099370002747,
            "Y": 0.4471091330051422
          },
          {
            "X": 0.7190057039260864,
            "Y": 0.4470411241054535
          }
        ]
      },
      "Id": "b3917a10-9272-43f3-85b5-5ab1902c24c2",
      "Page": 1
    },
    {
      "BlockType": "WORD",
      "Confidence": 99.86551666259766,
      "Text": "GFRP",
      "TextType": "PRINTED",
      "Geometry": {
        "BoundingBox": {
          "Width": 0.033678751438856125,
          "Height": 0.019009631127119064,
          "Left": 0.25989556312561035,
          "Top": 0.4684215486049652
        },
        "Polygon": [
          {
            "X": 0.25989556312561035,
            "Y": 0.4684215486049652
          },
          {
            "X": 0.293464720249176,
            "Y": 0.4684816002845764
          },
          {
            "X": 0.29357433319091797,
            "Y": 0.4874311685562134
          },
          {
            "X": 0.26000192761421204,
            "Y": 0.487370103597641
          }
        ]
      },
      "Id": "258efc65-867e-498c-9e89-f4ab4d60402d",
      "Page": 1
    },
    {
      "BlockType": "WORD",
      "Confidence": 99.3476333618164,
      "Text": "332.5",
      "TextType": "PRINTED",
      "Geometry": {
        "BoundingBox": {
          "Width": 0.03559201583266258,
          "Height": 0.019307874143123627,
          "Left": 0.4327634871006012,
          "Top": 0.4682101607322693
        },
        "Polygon": [
          {
            "X": 0.4327634871006012,
            "Y": 0.4682101607322693
          },
          {
            "X": 0.4682270884513855,
            "Y": 0.4682735502719879
          },
          {
            "X": 0.4683555066585541,
            "Y": 0.4875180423259735
          },
          {
            "X": 0.4328884184360504,
            "Y": 0.48745355010032654
          }
        ]
      },
      "Id": "4173372d-2827-491b-b41e-e51731f2ce89",
      "Page": 1
    },
    {
      "BlockType": "WORD",
      "Confidence": 90.09591674804688,
      "Text": "+",
      "TextType": "PRINTED",
      "Geometry": {
        "BoundingBox": {
          "Width": 0.008423984050750732,
          "Height": 0.017147572711110115,
          "Left": 0.4717073142528534,
          "Top": 0.47026684880256653
        },
        "Polygon": [
          {
            "X": 0.4717073142528534,
            "Y": 0.47026684880256653
          },
          {
            "X": 0.48001593351364136,
            "Y": 0.470281720161438
          },
          {
            "X": 0.4801312983036041,
            "Y": 0.4874144196510315
          },
          {
            "X": 0.47182196378707886,
            "Y": 0.48739930987358093
          }
        ]
      },
      "Id": "e605e28e-653e-47a0-ab4f-ee184a811fe5",
      "Page": 1
    },
    {
      "BlockType": "WORD",
      "Confidence": 98.52394104003906,
      "Text": "21.6",
      "TextType": "PRINTED",
      "Geometry": {
        "BoundingBox": {
          "Width": 0.027888638898730278,
          "Height": 0.019429471343755722,
          "Left": 0.48283451795578003,
          "Top": 0.46813279390335083
        },
        "Polygon": [
          {
            "X": 0.48283451795578003,
            "Y": 0.46813279390335083
          },
          {
            "X": 0.5105896592140198,
            "Y": 0.46818241477012634
          },
          {
            "X": 0.5107231736183167,
            "Y": 0.48756226897239685
          },
          {
            "X": 0.48296529054641724,
            "Y": 0.4875118136405945
          }
        ]
      },
      "Id": "8902d593-f6e3-4dc2-9925-f51565b357ba",
      "Page": 1
    },
    {
      "BlockType": "WORD",
      "Confidence": 99.77100372314453,
      "Text": "373.1",
      "TextType": "PRINTED",
      "Geometry": {
        "BoundingBox": {
          "Width": 0.03456766903400421,
          "Height": 0.01933012530207634,
          "Left": 0.6270588040351868,
          "Top": 0.46821922063827515
        },
        "Polygon": [
          {
            "X": 0.6270588040351868,
            "Y": 0.46821922063827515
          },
          {
            "X": 0.6614789366722107,
            "Y": 0.46828073263168335
          },
          {
            "X": 0.6616264581680298,
            "Y": 0.4875493347644806
          },
          {
            "X": 0.6272029280662537,
            "Y": 0.48748674988746643
          }
        ]
      },
      "Id": "4373a972-33b8-4d00-a675-bf63aa69fd82",
      "Page": 1
    },
    {
      "BlockType": "WORD",
      "Confidence": 97.53379821777344,
      "Text": "+",
      "TextType": "PRINTED",
      "Geometry": {
        "BoundingBox": {
          "Width": 0.008827385492622852,
          "Height": 0.016764117404818535,
          "Left": 0.6656251549720764,
          "Top": 0.47034695744514465
        },
        "Polygon": [
          {
            "X": 0.6656251549720764,
            "Y": 0.47034695744514465
          },
          {
            "X": 0.6743232011795044,
            "Y": 0.47036251425743103
          },
          {
            "X": 0.674452543258667,
            "Y": 0.48711106181144714
          },
          {
            "X": 0.6657537817955017,
            "Y": 0.48709526658058167
          }
        ]
      },
      "Id": "a487adc6-7ab3-425f-a88f-e5708cd2a0cc",
      "Page": 1
    },
    {
      "BlockType": "WORD",
      "Confidence": 80.93572998046875,
      "Text": "28.2",
      "TextType": "PRINTED",
      "Geometry": {
        "BoundingBox": {
          "Width": 0.027604496106505394,
          "Height": 0.019057154655456543,
          "Left": 0.6771708726882935,
          "Top": 0.4684033989906311
        },
        "Polygon": [
          {
            "X": 0.6771708726882935,
            "Y": 0.4684033989906311
          },
          {
            "X": 0.70462566614151,
            "Y": 0.46845248341560364
          },
          {
            "X": 0.704775333404541,
            "Y": 0.48746055364608765
          },
          {
            "X": 0.6773179173469543,
            "Y": 0.48741066455841064
          }
        ]
      },
      "Id": "7ce1cfdc-36ad-4b77-ab4a-c3baa61857e1",
      "Page": 1
    },
    {
      "BlockType": "WORD",
      "Confidence": 99.76799774169922,
      "Text": "GFRP",
      "TextType": "PRINTED",
      "Geometry": {
        "BoundingBox": {
          "Width": 0.03372099995613098,
          "Height": 0.01925751194357872,
          "Left": 0.25987374782562256,
          "Top": 0.4984697103500366
        },
        "Polygon": [
          {
            "X": 0.25987374782562256,
            "Y": 0.4984697103500366
          },
          {
            "X": 0.29348376393318176,
            "Y": 0.49853143095970154
          },
          {
            "X": 0.29359474778175354,
            "Y": 0.5177271962165833
          },
          {
            "X": 0.2599814832210541,
            "Y": 0.5176644325256348
          }
        ]
      },
      "Id": "de92f516-db7f-4056-ad21-251acb78028d",
      "Page": 1
    },
    {
      "BlockType": "WORD",
      "Confidence": 99.68865203857422,
      "Text": "+",
      "TextType": "PRINTED",
      "Geometry": {
        "BoundingBox": {
          "Width": 0.007842917926609516,
          "Height": 0.014534955844283104,
          "Left": 0.29643717408180237,
          "Top": 0.5008885264396667
        },
        "Polygon": [
          {
            "X": 0.29643717408180237,
            "Y": 0.5008885264396667
          },
          {
            "X": 0.3041953444480896,
            "Y": 0.5009027719497681
          },
          {
            "X": 0.3042801022529602,
            "Y": 0.5154234766960144
          },
          {
            "X": 0.2965213656425476,
            "Y": 0.515408992767334
          }
        ]
      },
      "Id": "d69dfe41-17ab-41e7-943a-5b36d5d37dee",
      "Page": 1
    },
    {
      "BlockType": "WORD",
      "Confidence": 89.15724182128906,
      "Text": "1% NC",
      "TextType": "PRINTED",
      "Geometry": {
        "BoundingBox": {
          "Width": 0.0406697615981102,
          "Height": 0.01958567090332508,
          "Left": 0.3071867525577545,
          "Top": 0.4984937012195587
        },
        "Polygon": [
          {
            "X": 0.3071867525577545,
            "Y": 0.4984937012195587
          },
          {
            "X": 0.3477382957935333,
            "Y": 0.49856817722320557
          },
          {
            "X": 0.3478565216064453,
            "Y": 0.518079400062561
          },
          {
            "X": 0.3073009252548218,
            "Y": 0.5180036425590515
          }
        ]
      },
      "Id": "c2b0244f-dfdb-4f77-875a-2a9d0e51f000",
      "Page": 1
    },
    {
      "BlockType": "WORD",
      "Confidence": 95.80811309814453,
      "Text": "321.3",
      "TextType": "PRINTED",
      "Geometry": {
        "BoundingBox": {
          "Width": 0.03557291626930237,
          "Height": 0.019368071109056473,
          "Left": 0.4326595962047577,
          "Top": 0.49838098883628845
        },
        "Polygon": [
          {
            "X": 0.4326595962047577,
            "Y": 0.49838098883628845
          },
          {
            "X": 0.4681037366390228,
            "Y": 0.4984460771083832
          },
          {
            "X": 0.46823251247406006,
            "Y": 0.5177490711212158
          },
          {
            "X": 0.43278488516807556,
            "Y": 0.5176829099655151
          }
        ]
      },
      "Id": "ec2fe6a8-7106-4687-a89d-f08afeee3837",
      "Page": 1
    },
    {
      "BlockType": "WORD",
      "Confidence": 96.59114074707031,
      "Text": "+",
      "TextType": "PRINTED",
      "Geometry": {
        "BoundingBox": {
          "Width": 0.008767449297010899,
          "Height": 0.01690630614757538,
          "Left": 0.471615731716156,
          "Top": 0.5005086064338684
        },
        "Polygon": [
          {
            "X": 0.471615731716156,
            "Y": 0.5005086064338684
          },
          {
            "X": 0.4802694320678711,
            "Y": 0.5005245208740234
          },
          {
            "X": 0.48038315773010254,
            "Y": 0.5174148678779602
          },
          {
            "X": 0.47172871232032776,
            "Y": 0.5173987746238708
          }
        ]
      },
      "Id": "8f5e669b-37dd-49d8-b3af-33929ad29a60",
      "Page": 1
    },
    {
      "BlockType": "WORD",
      "Confidence": 73.63868713378906,
      "Text": "17.6",
      "TextType": "PRINTED",
      "Geometry": {
        "BoundingBox": {
          "Width": 0.026703815907239914,
          "Height": 0.01884184218943119,
          "Left": 0.4840650260448456,
          "Top": 0.49874767661094666
        },
        "Polygon": [
          {
            "X": 0.4840650260448456,
            "Y": 0.49874767661094666
          },
          {
            "X": 0.5106393694877625,
            "Y": 0.4987964630126953
          },
          {
            "X": 0.5107688307762146,
            "Y": 0.5175895094871521
          },
          {
            "X": 0.4841919243335724,
            "Y": 0.517539918422699
          }
        ]
      },
      "Id": "f8ac18d1-e868-40d2-8e9a-c244cfb9c734",
      "Page": 1
    },
    {
      "BlockType": "WORD",
      "Confidence": 77.66738891601562,
      "Text": "364.9",
      "TextType": "PRINTED",
      "Geometry": {
        "BoundingBox": {
          "Width": 0.03620164096355438,
          "Height": 0.019162224605679512,
          "Left": 0.6270108222961426,
          "Top": 0.4986281096935272
        },
        "Polygon": [
          {
            "X": 0.6270108222961426,
            "Y": 0.4986281096935272
          },
          {
            "X": 0.6630661487579346,
            "Y": 0.4986943006515503
          },
          {
            "X": 0.6632124781608582,
            "Y": 0.5177903175354004
          },
          {
            "X": 0.6271536946296692,
            "Y": 0.517723023891449
          }
        ]
      },
      "Id": "160a785d-d80e-41bb-b8a9-cc907c08dc92",
      "Page": 1
    },
    {
      "BlockType": "WORD",
      "Confidence": 86.98420715332031,
      "Text": "+",
      "TextType": "PRINTED",
      "Geometry": {
        "BoundingBox": {
          "Width": 0.008517610840499401,
          "Height": 0.016975214704871178,
          "Left": 0.6659650802612305,
          "Top": 0.5006908774375916
        },
        "Polygon": [
          {
            "X": 0.6659650802612305,
            "Y": 0.5006908774375916
          },
          {
            "X": 0.674351692199707,
            "Y": 0.5007063150405884
          },
          {
            "X": 0.6744826436042786,
            "Y": 0.5176661014556885
          },
          {
            "X": 0.6660952568054199,
            "Y": 0.5176504254341125
          }
        ]
      },
      "Id": "ba2d5de9-55c5-47ba-afaf-8fe6b80886f7",
      "Page": 1
    },
    {
      "BlockType": "WORD",
      "Confidence": 90.78543090820312,
      "Text": "15.8",
      "TextType": "PRINTED",
      "Geometry": {
        "BoundingBox": {
          "Width": 0.026460979133844376,
          "Height": 0.01900012232363224,
          "Left": 0.6782457232475281,
          "Top": 0.4988700747489929
        },
        "Polygon": [
          {
            "X": 0.6782457232475281,
            "Y": 0.4988700747489929
          },
          {
            "X": 0.7045574188232422,
            "Y": 0.4989183843135834
          },
          {
            "X": 0.7047066688537598,
            "Y": 0.5178701877593994
          },
          {
            "X": 0.6783924102783203,
            "Y": 0.5178211331367493
          }
        ]
      },
      "Id": "bcc8f34a-9a80-463a-96de-442f4bcff9aa",
      "Page": 1
    },
    {
      "BlockType": "WORD",
      "Confidence": 99.67952728271484,
      "Text": "GFRP",
      "TextType": "PRINTED",
      "Geometry": {
        "BoundingBox": {
          "Width": 0.03302743658423424,
          "Height": 0.0180487222969532,
          "Left": 0.2605903446674347,
          "Top": 0.528052568435669
        },
        "Polygon": [
          {
            "X": 0.2605903446674347,
            "Y": 0.528052568435669
          },
          {
            "X": 0.29351377487182617,
            "Y": 0.5281146168708801
          },
          {
            "X": 0.29361778497695923,
            "Y": 0.5461013317108154
          },
          {
            "X": 0.2606913149356842,
            "Y": 0.5460383296012878
          }
        ]
      },
      "Id": "eb788dfc-4a19-46cd-8b05-7ee562b86ef3",
      "Page": 1
    },
    {
      "BlockType": "WORD",
      "Confidence": 99.62152099609375,
      "Text": "+",
      "TextType": "PRINTED",
      "Geometry": {
        "BoundingBox": {
          "Width": 0.007931845262646675,
          "Height": 0.014982241205871105,
          "Left": 0.2964714467525482,
          "Top": 0.5296671986579895
        },
        "Polygon": [
          {
            "X": 0.2964714467525482,
            "Y": 0.5296671986579895
          },
          {
            "X": 0.3043159246444702,
            "Y": 0.5296819806098938
          },
          {
            "X": 0.30440327525138855,
            "Y": 0.5446494221687317
          },
          {
            "X": 0.2965582013130188,
            "Y": 0.5446344614028931
          }
        ]
      },
      "Id": "8469f0ac-0154-4628-8472-99d5798ac107",
      "Page": 1
    },
    {
      "BlockType": "WORD",
      "Confidence": 94.07984924316406,
      "Text": "3% NC",
      "TextType": "PRINTED",
      "Geometry": {
        "BoundingBox": {
          "Width": 0.04134443774819374,
          "Height": 0.019623277708888054,
          "Left": 0.3067081868648529,
          "Top": 0.5274764895439148
        },
        "Polygon": [
          {
            "X": 0.3067081868648529,
            "Y": 0.5274764895439148
          },
          {
            "X": 0.34793421626091003,
            "Y": 0.5275540947914124
          },
          {
            "X": 0.34805265069007874,
            "Y": 0.547099769115448
          },
          {
            "X": 0.3068225383758545,
            "Y": 0.5470208525657654
          }
        ]
      },
      "Id": "8d1bb02a-d16b-438d-871d-48ded73902e9",
      "Page": 1
    },
    {
      "BlockType": "WORD",
      "Confidence": 99.86723327636719,
      "Text": "305.4",
      "TextType": "PRINTED",
      "Geometry": {
        "BoundingBox": {
          "Width": 0.03615184500813484,
          "Height": 0.019374525174498558,
          "Left": 0.43297329545021057,
          "Top": 0.5275062918663025
        },
        "Polygon": [
          {
            "X": 0.43297329545021057,
            "Y": 0.5275062918663025
          },
          {
            "X": 0.4689962565898895,
            "Y": 0.5275740623474121
          },
          {
            "X": 0.4691251516342163,
            "Y": 0.5468807816505432
          },
          {
            "X": 0.4330986440181732,
            "Y": 0.5468118786811829
          }
        ]
      },
      "Id": "7331b5f3-d472-47e3-a64a-bae9b4bfaa17",
      "Page": 1
    },
    {
      "BlockType": "WORD",
      "Confidence": 95.81391143798828,
      "Text": "+",
      "TextType": "PRINTED",
      "Geometry": {
        "BoundingBox": {
          "Width": 0.008630708791315556,
          "Height": 0.016963737085461617,
          "Left": 0.4718072712421417,
          "Top": 0.5293204188346863
        },
        "Polygon": [
          {
            "X": 0.4718072712421417,
            "Y": 0.5293204188346863
          },
          {
            "X": 0.4803238809108734,
            "Y": 0.5293364524841309
          },
          {
            "X": 0.4804379940032959,
            "Y": 0.5462841391563416
          },
          {
            "X": 0.4719206690788269,
            "Y": 0.5462678670883179
          }
        ]
      },
      "Id": "e0b1714d-904e-4389-97d9-fe0120cbf1ae",
      "Page": 1
    },
    {
      "BlockType": "WORD",
      "Confidence": 99.7678451538086,
      "Text": "15.5",
      "TextType": "PRINTED",
      "Geometry": {
        "BoundingBox": {
          "Width": 0.026439357548952103,
          "Height": 0.018775975331664085,
          "Left": 0.4838593304157257,
          "Top": 0.5280618667602539
        },
        "Polygon": [
          {
            "X": 0.4838593304157257,
            "Y": 0.5280618667602539
          },
          {
            "X": 0.5101697444915771,
            "Y": 0.5281113982200623
          },
          {
            "X": 0.5102987289428711,
            "Y": 0.5468378067016602
          },
          {
            "X": 0.4839857518672943,
            "Y": 0.5467875003814697
          }
        ]
      },
      "Id": "35013a26-4dc3-458b-a108-74478ebda18f",
      "Page": 1
    },
    {
      "BlockType": "WORD",
      "Confidence": 86.43872833251953,
      "Text": "319.6",
      "TextType": "PRINTED",
      "Geometry": {
        "BoundingBox": {
          "Width": 0.03616342321038246,
          "Height": 0.019426990300416946,
          "Left": 0.6271734237670898,
          "Top": 0.5275627970695496
        },
        "Polygon": [
          {
            "X": 0.6271734237670898,
            "Y": 0.5275627970695496
          },
          {
            "X": 0.6631885170936584,
            "Y": 0.5276305675506592
          },
          {
            "X": 0.6633368730545044,
            "Y": 0.5469897985458374
          },
          {
            "X": 0.6273182034492493,
            "Y": 0.546920895576477
          }
        ]
      },
      "Id": "5e647c94-6073-4bc0-816c-6aed677eae3e",
      "Page": 1
    },
    {
      "BlockType": "WORD",
      "Confidence": 91.11054229736328,
      "Text": "+",
      "TextType": "PRINTED",
      "Geometry": {
        "BoundingBox": {
          "Width": 0.008382757194340229,
          "Height": 0.016986778005957603,
          "Left": 0.6661063432693481,
          "Top": 0.5294490456581116
        },
        "Polygon": [
          {
            "X": 0.6661063432693481,
            "Y": 0.5294490456581116
          },
          {
            "X": 0.674358069896698,
            "Y": 0.529464602470398
          },
          {
            "X": 0.6744890809059143,
            "Y": 0.5464358329772949
          },
          {
            "X": 0.6662366390228271,
            "Y": 0.5464200377464294
          }
        ]
      },
      "Id": "a0867a22-2b54-48b9-a950-aa85a0bbd4c3",
      "Page": 1
    },
    {
      "BlockType": "WORD",
      "Confidence": 98.49050903320312,
      "Text": "12.4",
      "TextType": "PRINTED",
      "Geometry": {
        "BoundingBox": {
          "Width": 0.02702460065484047,
          "Height": 0.019472938030958176,
          "Left": 0.6782710552215576,
          "Top": 0.5275915861129761
        },
        "Polygon": [
          {
            "X": 0.6782710552215576,
            "Y": 0.5275915861129761
          },
          {
            "X": 0.705142617225647,
            "Y": 0.5276421308517456
          },
          {
            "X": 0.7052956223487854,
            "Y": 0.547064483165741
          },
          {
            "X": 0.6784213781356812,
            "Y": 0.5470131039619446
          }
        ]
      },
      "Id": "1976bee6-c14c-48b8-84fd-6d2d3761fddd",
      "Page": 1
    },
    {
      "BlockType": "WORD",
      "Confidence": 99.84228515625,
      "Text": "GFRP",
      "TextType": "PRINTED",
      "Geometry": {
        "BoundingBox": {
          "Width": 0.033955201506614685,
          "Height": 0.01931413821876049,
          "Left": 0.25987178087234497,
          "Top": 0.557762086391449
        },
        "Polygon": [
          {
            "X": 0.25987178087234497,
            "Y": 0.557762086391449
          },
          {
            "X": 0.2937156856060028,
            "Y": 0.5578274726867676
          },
          {
            "X": 0.29382696747779846,
            "Y": 0.577076256275177
          },
          {
            "X": 0.2599797546863556,
            "Y": 0.5770098567008972
          }
        ]
      },
      "Id": "b50e4025-60e8-4091-9c13-293d41e06ab3",
      "Page": 1
    },
    {
      "BlockType": "WORD",
      "Confidence": 99.75697326660156,
      "Text": "+",
      "TextType": "PRINTED",
      "Geometry": {
        "BoundingBox": {
          "Width": 0.007935896515846252,
          "Height": 0.015086349099874496,
          "Left": 0.2963145077228546,
          "Top": 0.5603607892990112
        },
        "Polygon": [
          {
            "X": 0.2963145077228546,
            "Y": 0.5603607892990112
          },
          {
            "X": 0.30416247248649597,
            "Y": 0.560375988483429
          },
          {
            "X": 0.30425041913986206,
            "Y": 0.575447142124176
          },
          {
            "X": 0.29640185832977295,
            "Y": 0.575431764125824
          }
        ]
      },
      "Id": "a9475d6a-1da5-4b08-9825-7898a61e8462",
      "Page": 1
    },
    {
      "BlockType": "WORD",
      "Confidence": 99.90377807617188,
      "Text": "0.5%",
      "TextType": "PRINTED",
      "Geometry": {
        "BoundingBox": {
          "Width": 0.02897467091679573,
          "Height": 0.01960894651710987,
          "Left": 0.3073199987411499,
          "Top": 0.5577310919761658
        },
        "Polygon": [
          {
            "X": 0.3073199987411499,
            "Y": 0.5577310919761658
          },
          {
            "X": 0.33617737889289856,
            "Y": 0.557786762714386
          },
          {
            "X": 0.33629468083381653,
            "Y": 0.5773400068283081
          },
          {
            "X": 0.30743440985679626,
            "Y": 0.5772833824157715
          }
        ]
      },
      "Id": "b83111d6-236b-4838-8fba-375d1c0a724c",
      "Page": 1
    },
    {
      "BlockType": "WORD",
      "Confidence": 99.9223861694336,
      "Text": "CNT",
      "TextType": "PRINTED",
      "Geometry": {
        "BoundingBox": {
          "Width": 0.027080131694674492,
          "Height": 0.018958844244480133,
          "Left": 0.34014856815338135,
          "Top": 0.5580852031707764
        },
        "Polygon": [
          {
            "X": 0.34014856815338135,
            "Y": 0.5580852031707764
          },
          {
            "X": 0.36711230874061584,
            "Y": 0.5581372976303101
          },
          {
            "X": 0.3672286868095398,
            "Y": 0.5770440697669983
          },
          {
            "X": 0.34026235342025757,
            "Y": 0.5769912004470825
          }
        ]
      },
      "Id": "ca5ddda4-28ac-4acc-9ce4-000989a4d4c1",
      "Page": 1
    },
    {
      "BlockType": "WORD",
      "Confidence": 99.82251739501953,
      "Text": "318.8",
      "TextType": "PRINTED",
      "Geometry": {
        "BoundingBox": {
          "Width": 0.03568476438522339,
          "Height": 0.01937355473637581,
          "Left": 0.43283239006996155,
          "Top": 0.557951033115387
        },
        "Polygon": [
          {
            "X": 0.43283239006996155,
            "Y": 0.557951033115387
          },
          {
            "X": 0.4683883488178253,
            "Y": 0.5580196976661682
          },
          {
            "X": 0.46851715445518494,
            "Y": 0.577324628829956
          },
          {
            "X": 0.43295764923095703,
            "Y": 0.5772548913955688
          }
        ]
      },
      "Id": "91fa71cd-8a78-48d1-ad37-e94a248f3b9b",
      "Page": 1
    },
    {
      "BlockType": "WORD",
      "Confidence": 94.98316192626953,
      "Text": "+",
      "TextType": "PRINTED",
      "Geometry": {
        "BoundingBox": {
          "Width": 0.00824084784835577,
          "Height": 0.01731729507446289,
          "Left": 0.47170695662498474,
          "Top": 0.5596373081207275
        },
        "Polygon": [
          {
            "X": 0.47170695662498474,
            "Y": 0.5596373081207275
          },
          {
            "X": 0.47983139753341675,
            "Y": 0.5596529841423035
          },
          {
            "X": 0.4799478054046631,
            "Y": 0.5769546031951904
          },
          {
            "X": 0.47182267904281616,
            "Y": 0.5769386887550354
          }
        ]
      },
      "Id": "1d46d9f5-9bd0-478a-8848-7484396874e3",
      "Page": 1
    },
    {
      "BlockType": "WORD",
      "Confidence": 94.67242431640625,
      "Text": "4.90",
      "TextType": "PRINTED",
      "Geometry": {
        "BoundingBox": {
          "Width": 0.027895884588360786,
          "Height": 0.019095739349722862,
          "Left": 0.4828687012195587,
          "Top": 0.5581710934638977
        },
        "Polygon": [
          {
            "X": 0.4828687012195587,
            "Y": 0.5581710934638977
          },
          {
            "X": 0.5106334686279297,
            "Y": 0.5582247376441956
          },
          {
            "X": 0.5107645988464355,
            "Y": 0.5772668719291687
          },
          {
            "X": 0.4829971492290497,
            "Y": 0.577212393283844
          }
        ]
      },
      "Id": "efed5985-4e3c-4ec1-aa3e-4dda1a2746ae",
      "Page": 1
    },
    {
      "BlockType": "WORD",
      "Confidence": 94.53062438964844,
      "Text": "360.9",
      "TextType": "PRINTED",
      "Geometry": {
        "BoundingBox": {
          "Width": 0.03619789704680443,
          "Height": 0.019606802612543106,
          "Left": 0.6271868348121643,
          "Top": 0.5577995777130127
        },
        "Polygon": [
          {
            "X": 0.6271868348121643,
            "Y": 0.5577995777130127
          },
          {
            "X": 0.663235068321228,
            "Y": 0.5578691363334656
          },
          {
            "X": 0.663384735584259,
            "Y": 0.5774064064025879
          },
          {
            "X": 0.6273329854011536,
            "Y": 0.5773356556892395
          }
        ]
      },
      "Id": "5a58238a-7213-4176-abfc-a7a2e3c77213",
      "Page": 1
    },
    {
      "BlockType": "WORD",
      "Confidence": 98.03938293457031,
      "Text": "+",
      "TextType": "PRINTED",
      "Geometry": {
        "BoundingBox": {
          "Width": 0.008335353806614876,
          "Height": 0.017174532637000084,
          "Left": 0.66608065366745,
          "Top": 0.5597606897354126
        },
        "Polygon": [
          {
            "X": 0.66608065366745,
            "Y": 0.5597606897354126
          },
          {
            "X": 0.6742835640907288,
            "Y": 0.5597765445709229
          },
          {
            "X": 0.6744160056114197,
            "Y": 0.5769352316856384
          },
          {
            "X": 0.6662123799324036,
            "Y": 0.5769191384315491
          }
        ]
      },
      "Id": "62e636ed-f222-4b1b-bc37-96d56615e1e3",
      "Page": 1
    },
    {
      "BlockType": "WORD",
      "Confidence": 99.0166015625,
      "Text": "38.5",
      "TextType": "PRINTED",
      "Geometry": {
        "BoundingBox": {
          "Width": 0.027368629351258278,
          "Height": 0.019265146926045418,
          "Left": 0.677383303642273,
          "Top": 0.5580407977104187
        },
        "Polygon": [
          {
            "X": 0.677383303642273,
            "Y": 0.5580407977104187
          },
          {
            "X": 0.7046006321907043,
            "Y": 0.5580933690071106
          },
          {
            "X": 0.7047519087791443,
            "Y": 0.5773059725761414
          },
          {
            "X": 0.6775318384170532,
            "Y": 0.5772525668144226
          }
        ]
      },
      "Id": "b8fa47f3-f4be-4988-b30c-8c6051b55e6a",
      "Page": 1
    },
    {
      "BlockType": "WORD",
      "Confidence": 99.82307434082031,
      "Text": "GFRP",
      "TextType": "PRINTED",
      "Geometry": {
        "BoundingBox": {
          "Width": 0.03398901969194412,
          "Height": 0.019427120685577393,
          "Left": 0.2597048878669739,
          "Top": 0.5882058143615723
        },
        "Polygon": [
          {
            "X": 0.2597048878669739,
            "Y": 0.5882058143615723
          },
          {
            "X": 0.2935819923877716,
            "Y": 0.5882728695869446
          },
          {
            "X": 0.2936939001083374,
            "Y": 0.6076329350471497
          },
          {
            "X": 0.25981345772743225,
            "Y": 0.6075648665428162
          }
        ]
      },
      "Id": "720c0026-4725-40ff-8d00-58b0f5b253c5",
      "Page": 1
    },
    {
      "BlockType": "WORD",
      "Confidence": 99.7505874633789,
      "Text": "+",
      "TextType": "PRINTED",
      "Geometry": {
        "BoundingBox": {
          "Width": 0.007911928929388523,
          "Height": 0.014620029367506504,
          "Left": 0.2964949309825897,
          "Top": 0.5905823111534119
        },
        "Polygon": [
          {
            "X": 0.2964949309825897,
            "Y": 0.5905823111534119
          },
          {
            "X": 0.30432164669036865,
            "Y": 0.5905978083610535
          },
          {
            "X": 0.3044068515300751,
            "Y": 0.605202317237854
          },
          {
            "X": 0.2965795695781708,
            "Y": 0.6051866412162781
          }
        ]
      },
      "Id": "c1adf7c2-63ba-4c42-b652-7c5e361cb54b",
      "Page": 1
    },
    {
      "BlockType": "WORD",
      "Confidence": 99.77972412109375,
      "Text": "1%",
      "TextType": "PRINTED",
      "Geometry": {
        "BoundingBox": {
          "Width": 0.016444727778434753,
          "Height": 0.019857922568917274,
          "Left": 0.3084850311279297,
          "Top": 0.5881386399269104
        },
        "Polygon": [
          {
            "X": 0.3084850311279297,
            "Y": 0.5881386399269104
          },
          {
            "X": 0.32481199502944946,
            "Y": 0.5881710052490234
          },
          {
            "X": 0.32492974400520325,
            "Y": 0.6079965829849243
          },
          {
            "X": 0.30860114097595215,
            "Y": 0.6079637408256531
          }
        ]
      },
      "Id": "e36ab350-f3ae-4f28-a5dd-7af85cb0606a",
      "Page": 1
    },
    {
      "BlockType": "WORD",
      "Confidence": 99.96862030029297,
      "Text": "CNT",
      "TextType": "PRINTED",
      "Geometry": {
        "BoundingBox": {
          "Width": 0.027638820931315422,
          "Height": 0.01914178393781185,
          "Left": 0.32867294549942017,
          "Top": 0.5884575843811035
        },
        "Polygon": [
          {
            "X": 0.32867294549942017,
            "Y": 0.5884575843811035
          },
          {
            "X": 0.356195330619812,
            "Y": 0.5885120630264282
          },
          {
            "X": 0.35631176829338074,
            "Y": 0.6075993776321411
          },
          {
            "X": 0.328786700963974,
            "Y": 0.6075440049171448
          }
        ]
      },
      "Id": "e93b6016-3484-41bc-8ced-84189679267c",
      "Page": 1
    },
    {
      "BlockType": "WORD",
      "Confidence": 99.9677734375,
      "Text": "309.8",
      "TextType": "PRINTED",
      "Geometry": {
        "BoundingBox": {
          "Width": 0.03556782007217407,
          "Height": 0.019485317170619965,
          "Left": 0.4329695999622345,
          "Top": 0.5882908701896667
        },
        "Polygon": [
          {
            "X": 0.4329695999622345,
            "Y": 0.5882908701896667
          },
          {
            "X": 0.46840792894363403,
            "Y": 0.5883610248565674
          },
          {
            "X": 0.46853742003440857,
            "Y": 0.6077762246131897
          },
          {
            "X": 0.4330956041812897,
            "Y": 0.6077049970626831
          }
        ]
      },
      "Id": "567d2c31-0078-45b6-8723-e6c297ac450b",
      "Page": 1
    },
    {
      "BlockType": "WORD",
      "Confidence": 95.92290496826172,
      "Text": "+",
      "TextType": "PRINTED",
      "Geometry": {
        "BoundingBox": {
          "Width": 0.008252809755504131,
          "Height": 0.01718669757246971,
          "Left": 0.47186604142189026,
          "Top": 0.5899544358253479
        },
        "Polygon": [
          {
            "X": 0.47186604142189026,
            "Y": 0.5899544358253479
          },
          {
            "X": 0.480003297328949,
            "Y": 0.589970588684082
          },
          {
            "X": 0.48011884093284607,
            "Y": 0.6071411371231079
          },
          {
            "X": 0.47198086977005005,
            "Y": 0.6071248054504395
          }
        ]
      },
      "Id": "cc575960-928a-4345-af0b-c9c7c1b8585e",
      "Page": 1
    },
    {
      "BlockType": "WORD",
      "Confidence": 98.91019439697266,
      "Text": "14.7",
      "TextType": "PRINTED",
      "Geometry": {
        "BoundingBox": {
          "Width": 0.026561226695775986,
          "Height": 0.01935620792210102,
          "Left": 0.4840866029262543,
          "Top": 0.5884004831314087
        },
        "Polygon": [
          {
            "X": 0.4840866029262543,
            "Y": 0.5884004831314087
          },
          {
            "X": 0.5105149149894714,
            "Y": 0.5884527564048767
          },
          {
            "X": 0.5106478333473206,
            "Y": 0.6077566742897034
          },
          {
            "X": 0.4842168986797333,
            "Y": 0.6077035665512085
          }
        ]
      },
      "Id": "759fa123-e35d-4302-bc25-1c2ce0a37173",
      "Page": 1
    },
    {
      "BlockType": "WORD",
      "Confidence": 99.87664794921875,
      "Text": "370.5",
      "TextType": "PRINTED",
      "Geometry": {
        "BoundingBox": {
          "Width": 0.03571176528930664,
          "Height": 0.019406238570809364,
          "Left": 0.6271613836288452,
          "Top": 0.5883584022521973
        },
        "Polygon": [
          {
            "X": 0.6271613836288452,
            "Y": 0.5883584022521973
          },
          {
            "X": 0.662725031375885,
            "Y": 0.588428795337677
          },
          {
            "X": 0.6628731489181519,
            "Y": 0.6077646613121033
          },
          {
            "X": 0.6273059844970703,
            "Y": 0.6076931953430176
          }
        ]
      },
      "Id": "132673a9-f2fc-4d06-a40b-702ec8566f28",
      "Page": 1
    },
    {
      "BlockType": "WORD",
      "Confidence": 94.918212890625,
      "Text": "+",
      "TextType": "PRINTED",
      "Geometry": {
        "BoundingBox": {
          "Width": 0.008271586149930954,
          "Height": 0.016642628237605095,
          "Left": 0.6659039855003357,
          "Top": 0.590130627155304
        },
        "Polygon": [
          {
            "X": 0.6659039855003357,
            "Y": 0.590130627155304
          },
          {
            "X": 0.6740472912788391,
            "Y": 0.5901467800140381
          },
          {
            "X": 0.6741755604743958,
            "Y": 0.6067732572555542
          },
          {
            "X": 0.6660315990447998,
            "Y": 0.6067569255828857
          }
        ]
      },
      "Id": "388faf6a-2ea9-4d49-8d0f-7db4a31d01d5",
      "Page": 1
    },
    {
      "BlockType": "WORD",
      "Confidence": 99.97168731689453,
      "Text": "9.70",
      "TextType": "PRINTED",
      "Geometry": {
        "BoundingBox": {
          "Width": 0.028141669929027557,
          "Height": 0.019510041922330856,
          "Left": 0.6770985126495361,
          "Top": 0.5884004235267639
        },
        "Polygon": [
          {
            "X": 0.6770985126495361,
            "Y": 0.5884004235267639
          },
          {
            "X": 0.7050869464874268,
            "Y": 0.5884557962417603
          },
          {
            "X": 0.7052401304244995,
            "Y": 0.6079105138778687
          },
          {
            "X": 0.6772488951683044,
            "Y": 0.6078542470932007
          }
        ]
      },
      "Id": "90397e18-3297-456b-a816-cddd44c9bc51",
      "Page": 1
    },
    {
      "BlockType": "TABLE",
      "Confidence": 99.21875,
      "Geometry": {
        "BoundingBox": {
          "Width": 0.5391226410865784,
          "Height": 0.24284599721431732,
          "Left": 0.23228874802589417,
          "Top": 0.37858593463897705
        },
        "Polygon": [
          {
            "X": 0.23228874802589417,
            "Y": 0.37858593463897705
          },
          {
            "X": 0.7694248557090759,
            "Y": 0.3794699013233185
          },
          {
            "X": 0.7714114189147949,
            "Y": 0.6214319467544556
          },
          {
            "X": 0.23361235857009888,
            "Y": 0.6203398704528809
          }
        ]
      },
      "Id": "f803f136-5593-4873-a899-a3892ec7ea70",
      "Relationships": [
        {
          "Type": "CHILD",
          "Ids": [
            "3fc72654-7971-4ee2-afc5-2a65b88bf818",
            "e286a62a-bc49-4510-83be-8a664e8f4b9d",
            "3b32ffba-9567-4eef-82c2-ca2e770520f7",
            "b4d1b5c3-6922-4b01-807d-dde5c5c1bc92",
            "89aa0246-b957-4dab-a28e-17c0d1d2f038",
            "b5aeb704-d548-47ba-9acd-09aa97f3b61b",
            "2aaff11e-378d-4733-b523-3901b6ef263b",
            "652e1a93-09b7-4191-85f1-50ec2b767f0c",
            "166d0c23-fa0b-41b5-9df8-fd8c7cf75bf7",
            "651579ba-ced7-480f-adad-839a7090e1de",
            "bd107f93-3aaa-4278-ba9f-c2578800ffb0",
            "eb5f3ba0-f60e-47bb-a528-fae662859943",
            "3a3a1dea-3c76-4786-b2cc-9ed6492a44a0",
            "e42f0e20-942c-4ee2-a377-4a68dfc1d59a",
            "7ca31bc6-60c4-44dc-8df6-38b856f3ac40",
            "1fefd9be-6735-424c-a563-729e7081ce5d",
            "0248226e-6fe0-4ada-bcb7-5a995f408517",
            "8890da19-e53f-4718-975d-fc5a5a5bf187"
          ]
        }
      ],
      "EntityTypes": [
        "STRUCTURED_TABLE"
      ],
      "Page": 1
    },
    {
      "BlockType": "CELL",
      "Confidence": 94.384765625,
      "RowIndex": 1,
      "ColumnIndex": 1,
      "RowSpan": 1,
      "ColumnSpan": 1,
      "Geometry": {
        "BoundingBox": {
          "Width": 0.16329757869243622,
          "Height": 0.07600630074739456,
          "Left": 0.23228874802589417,
          "Top": 0.37858593463897705
        },
        "Polygon": [
          {
            "X": 0.23228874802589417,
            "Y": 0.37858593463897705
          },
          {
            "X": 0.3951088786125183,
            "Y": 0.3788538873195648
          },
          {
            "X": 0.3955863416194916,
            "Y": 0.4545922577381134
          },
          {
            "X": 0.2327033132314682,
            "Y": 0.4543045461177826
          }
        ]
      },
      "Id": "3fc72654-7971-4ee2-afc5-2a65b88bf818",
      "Relationships": [
        {
          "Type": "CHILD",
          "Ids": [
            "4fdfab94-765a-49d4-9650-6d88894489d4"
          ]
        }
      ],
      "EntityTypes": [
        "COLUMN_HEADER"
      ],
      "Page": 1
    },
    {
      "BlockType": "CELL",
      "Confidence": 94.580078125,
      "RowIndex": 1,
      "ColumnIndex": 2,
      "RowSpan": 1,
      "ColumnSpan": 1,
      "Geometry": {
        "BoundingBox": {
          "Width": 0.19987018406391144,
          "Height": 0.07609053701162338,
          "Left": 0.3951088786125183,
          "Top": 0.3788538873195648
        },
        "Polygon": [
          {
            "X": 0.3951088786125183,
            "Y": 0.3788538873195648
          },
          {
            "X": 0.5944245457649231,
            "Y": 0.3791818916797638
          },
          {
            "X": 0.5949790477752686,
            "Y": 0.4549444317817688
          },
          {
            "X": 0.3955863416194916,
            "Y": 0.4545922577381134
          }
        ]
      },
      "Id": "e286a62a-bc49-4510-83be-8a664e8f4b9d",
      "Relationships": [
        {
          "Type": "CHILD",
          "Ids": [
            "8a2befcc-1d65-4bad-8bcf-1f17c6e6371c",
            "54939b90-a0ff-4a7f-b782-444b1dcd7dbc",
            "db87fc3e-c24f-4414-a151-69008bc42be9",
            "d8ce1664-bc41-441d-b1d7-369ff8e976ed",
            "520f3fae-3616-4338-a098-b5af0322aaa2"
          ]
        }
      ],
      "EntityTypes": [
        "COLUMN_HEADER"
      ],
      "Page": 1
    },
    {
      "BlockType": "CELL",
      "Confidence": 94.53125,
      "RowIndex": 1,
      "ColumnIndex": 3,
      "RowSpan": 1,
      "ColumnSpan": 1,
      "Geometry": {
        "BoundingBox": {
          "Width": 0.17562249302864075,
          "Height": 0.07607173919677734,
          "Left": 0.5944245457649231,
          "Top": 0.3791818916797638
        },
        "Polygon": [
          {
            "X": 0.5944245457649231,
            "Y": 0.3791818916797638
          },
          {
            "X": 0.7694248557090759,
            "Y": 0.3794699013233185
          },
          {
            "X": 0.7700470685958862,
            "Y": 0.4552536606788635
          },
          {
            "X": 0.5949790477752686,
            "Y": 0.4549444317817688
          }
        ]
      },
      "Id": "3b32ffba-9567-4eef-82c2-ca2e770520f7",
      "Relationships": [
        {
          "Type": "CHILD",
          "Ids": [
            "567f011c-7c9b-415f-9f4d-6dffd6320be4",
            "488b8e0b-43e5-4994-b857-597a356bdf29",
            "af84aff8-10ac-480f-87fb-74dbd04db512",
            "54f3e179-a8e9-4ca5-95c7-7e28b252f7d4",
            "b3917a10-9272-43f3-85b5-5ab1902c24c2"
          ]
        }
      ],
      "EntityTypes": [
        "COLUMN_HEADER"
      ],
      "Page": 1
    },
    {
      "BlockType": "CELL",
      "Confidence": 89.84375,
      "RowIndex": 2,
      "ColumnIndex": 1,
      "RowSpan": 1,
      "ColumnSpan": 1,
      "Geometry": {
        "BoundingBox": {
          "Width": 0.1631229668855667,
          "Height": 0.03834850341081619,
          "Left": 0.2327033132314682,
          "Top": 0.4543045461177826
        },
        "Polygon": [
          {
            "X": 0.2327033132314682,
            "Y": 0.4543045461177826
          },
          {
            "X": 0.3955863416194916,
            "Y": 0.4545922577381134
          },
          {
            "X": 0.3958262801170349,
            "Y": 0.4926530718803406
          },
          {
            "X": 0.23291164636611938,
            "Y": 0.49235543608665466
          }
        ]
      },
      "Id": "b4d1b5c3-6922-4b01-807d-dde5c5c1bc92",
      "Relationships": [
        {
          "Type": "CHILD",
          "Ids": [
            "258efc65-867e-498c-9e89-f4ab4d60402d"
          ]
        }
      ],
      "Page": 1
    },
    {
      "BlockType": "CELL",
      "Confidence": 90.0390625,
      "RowIndex": 2,
      "ColumnIndex": 2,
      "RowSpan": 1,
      "ColumnSpan": 1,
      "Geometry": {
        "BoundingBox": {
          "Width": 0.19967138767242432,
          "Height": 0.03842514380812645,
          "Left": 0.3955863416194916,
          "Top": 0.4545922577381134
        },
        "Polygon": [
          {
            "X": 0.3955863416194916,
            "Y": 0.4545922577381134
          },
          {
            "X": 0.5949790477752686,
            "Y": 0.4549444317817688
          },
          {
            "X": 0.5952576994895935,
            "Y": 0.49301740527153015
          },
          {
            "X": 0.3958262801170349,
            "Y": 0.4926530718803406
          }
        ]
      },
      "Id": "89aa0246-b957-4dab-a28e-17c0d1d2f038",
      "Relationships": [
        {
          "Type": "CHILD",
          "Ids": [
            "4173372d-2827-491b-b41e-e51731f2ce89",
            "e605e28e-653e-47a0-ab4f-ee184a811fe5",
            "8902d593-f6e3-4dc2-9925-f51565b357ba"
          ]
        }
      ],
      "Page": 1
    },
    {
      "BlockType": "CELL",
      "Confidence": 89.990234375,
      "RowIndex": 2,
      "ColumnIndex": 3,
      "RowSpan": 1,
      "ColumnSpan": 1,
      "Geometry": {
        "BoundingBox": {
          "Width": 0.1753806620836258,
          "Height": 0.03839284926652908,
          "Left": 0.5949790477752686,
          "Top": 0.4549444317817688
        },
        "Polygon": [
          {
            "X": 0.5949790477752686,
            "Y": 0.4549444317817688
          },
          {
            "X": 0.7700470685958862,
            "Y": 0.4552536606788635
          },
          {
            "X": 0.7703597545623779,
            "Y": 0.4933372735977173
          },
          {
            "X": 0.5952576994895935,
            "Y": 0.49301740527153015
          }
        ]
      },
      "Id": "b5aeb704-d548-47ba-9acd-09aa97f3b61b",
      "Relationships": [
        {
          "Type": "CHILD",
          "Ids": [
            "4373a972-33b8-4d00-a675-bf63aa69fd82",
            "a487adc6-7ab3-425f-a88f-e5708cd2a0cc",
            "7ce1cfdc-36ad-4b77-ab4a-c3baa61857e1"
          ]
        }
      ],
      "Page": 1
    },
    {
      "BlockType": "CELL",
      "Confidence": 86.572265625,
      "RowIndex": 3,
      "ColumnIndex": 1,
      "RowSpan": 1,
      "ColumnSpan": 1,
      "Geometry": {
        "BoundingBox": {
          "Width": 0.16310665011405945,
          "Height": 0.030756890773773193,
          "Left": 0.23291164636611938,
          "Top": 0.49235543608665466
        },
        "Polygon": [
          {
            "X": 0.23291164636611938,
            "Y": 0.49235543608665466
          },
          {
            "X": 0.3958262801170349,
            "Y": 0.4926530718803406
          },
          {
            "X": 0.39601829648017883,
            "Y": 0.5231122970581055
          },
          {
            "X": 0.23307836055755615,
            "Y": 0.5228067636489868
          }
        ]
      },
      "Id": "2aaff11e-378d-4733-b523-3901b6ef263b",
      "Relationships": [
        {
          "Type": "CHILD",
          "Ids": [
            "de92f516-db7f-4056-ad21-251acb78028d",
            "d69dfe41-17ab-41e7-943a-5b36d5d37dee",
            "c2b0244f-dfdb-4f77-875a-2a9d0e51f000"
          ]
        }
      ],
      "Page": 1
    },
    {
      "BlockType": "CELL",
      "Confidence": 86.767578125,
      "RowIndex": 3,
      "ColumnIndex": 2,
      "RowSpan": 1,
      "ColumnSpan": 1,
      "Geometry": {
        "BoundingBox": {
          "Width": 0.1996544450521469,
          "Height": 0.030833331868052483,
          "Left": 0.3958262801170349,
          "Top": 0.4926530718803406
        },
        "Polygon": [
          {
            "X": 0.3958262801170349,
            "Y": 0.4926530718803406
          },
          {
            "X": 0.5952576994895935,
            "Y": 0.49301740527153015
          },
          {
            "X": 0.595480740070343,
            "Y": 0.5234863758087158
          },
          {
            "X": 0.39601829648017883,
            "Y": 0.5231122970581055
          }
        ]
      },
      "Id": "652e1a93-09b7-4191-85f1-50ec2b767f0c",
      "Relationships": [
        {
          "Type": "CHILD",
          "Ids": [
            "ec2fe6a8-7106-4687-a89d-f08afeee3837",
            "8f5e669b-37dd-49d8-b3af-33929ad29a60",
            "f8ac18d1-e868-40d2-8e9a-c244cfb9c734"
          ]
        }
      ],
      "Page": 1
    },
    {
      "BlockType": "CELL",
      "Confidence": 86.71875,
      "RowIndex": 3,
      "ColumnIndex": 3,
      "RowSpan": 1,
      "ColumnSpan": 1,
      "Geometry": {
        "BoundingBox": {
          "Width": 0.17535223066806793,
          "Height": 0.030797427520155907,
          "Left": 0.5952576994895935,
          "Top": 0.49301740527153015
        },
        "Polygon": [
          {
            "X": 0.5952576994895935,
            "Y": 0.49301740527153015
          },
          {
            "X": 0.7703597545623779,
            "Y": 0.4933372735977173
          },
          {
            "X": 0.770609974861145,
            "Y": 0.5238147974014282
          },
          {
            "X": 0.595480740070343,
            "Y": 0.5234863758087158
          }
        ]
      },
      "Id": "166d0c23-fa0b-41b5-9df8-fd8c7cf75bf7",
      "Relationships": [
        {
          "Type": "CHILD",
          "Ids": [
            "160a785d-d80e-41bb-b8a9-cc907c08dc92",
            "ba2d5de9-55c5-47ba-afaf-8fe6b80886f7",
            "bcc8f34a-9a80-463a-96de-442f4bcff9aa"
          ]
        }
      ],
      "Page": 1
    },
    {
      "BlockType": "CELL",
      "Confidence": 86.962890625,
      "RowIndex": 4,
      "ColumnIndex": 1,
      "RowSpan": 1,
      "ColumnSpan": 1,
      "Geometry": {
        "BoundingBox": {
          "Width": 0.16312400996685028,
          "Height": 0.0295045655220747,
          "Left": 0.23307836055755615,
          "Top": 0.5228067636489868
        },
        "Polygon": [
          {
            "X": 0.23307836055755615,
            "Y": 0.5228067636489868
          },
          {
            "X": 0.39601829648017883,
            "Y": 0.5231122970581055
          },
          {
            "X": 0.39620235562324524,
            "Y": 0.5523113012313843
          },
          {
            "X": 0.23323817551136017,
            "Y": 0.5519981384277344
          }
        ]
      },
      "Id": "651579ba-ced7-480f-adad-839a7090e1de",
      "Relationships": [
        {
          "Type": "CHILD",
          "Ids": [
            "eb788dfc-4a19-46cd-8b05-7ee562b86ef3",
            "8469f0ac-0154-4628-8472-99d5798ac107",
            "8d1bb02a-d16b-438d-871d-48ded73902e9"
          ]
        }
      ],
      "Page": 1
    },
    {
      "BlockType": "CELL",
      "Confidence": 87.109375,
      "RowIndex": 4,
      "ColumnIndex": 2,
      "RowSpan": 1,
      "ColumnSpan": 1,
      "Geometry": {
        "BoundingBox": {
          "Width": 0.19967620074748993,
          "Height": 0.029582388699054718,
          "Left": 0.39601829648017883,
          "Top": 0.5231122970581055
        },
        "Polygon": [
          {
            "X": 0.39601829648017883,
            "Y": 0.5231122970581055
          },
          {
            "X": 0.595480740070343,
            "Y": 0.5234863758087158
          },
          {
            "X": 0.5956944823265076,
            "Y": 0.5526947379112244
          },
          {
            "X": 0.39620235562324524,
            "Y": 0.5523113012313843
          }
        ]
      },
      "Id": "bd107f93-3aaa-4278-ba9f-c2578800ffb0",
      "Relationships": [
        {
          "Type": "CHILD",
          "Ids": [
            "7331b5f3-d472-47e3-a64a-bae9b4bfaa17",
            "e0b1714d-904e-4389-97d9-fe0120cbf1ae",
            "35013a26-4dc3-458b-a108-74478ebda18f"
          ]
        }
      ],
      "Page": 1
    },
    {
      "BlockType": "CELL",
      "Confidence": 87.060546875,
      "RowIndex": 4,
      "ColumnIndex": 3,
      "RowSpan": 1,
      "ColumnSpan": 1,
      "Geometry": {
        "BoundingBox": {
          "Width": 0.17536909878253937,
          "Height": 0.029544945806264877,
          "Left": 0.595480740070343,
          "Top": 0.5234863758087158
        },
        "Polygon": [
          {
            "X": 0.595480740070343,
            "Y": 0.5234863758087158
          },
          {
            "X": 0.770609974861145,
            "Y": 0.5238147974014282
          },
          {
            "X": 0.7708498239517212,
            "Y": 0.553031325340271
          },
          {
            "X": 0.5956944823265076,
            "Y": 0.5526947379112244
          }
        ]
      },
      "Id": "eb5f3ba0-f60e-47bb-a528-fae662859943",
      "Relationships": [
        {
          "Type": "CHILD",
          "Ids": [
            "5e647c94-6073-4bc0-816c-6aed677eae3e",
            "a0867a22-2b54-48b9-a950-aa85a0bbd4c3",
            "1976bee6-c14c-48b8-84fd-6d2d3761fddd"
          ]
        }
      ],
      "Page": 1
    },
    {
      "BlockType": "CELL",
      "Confidence": 85.64453125,
      "RowIndex": 5,
      "ColumnIndex": 1,
      "RowSpan": 1,
      "ColumnSpan": 1,
      "Geometry": {
        "BoundingBox": {
          "Width": 0.16315631568431854,
          "Height": 0.030790960416197777,
          "Left": 0.23323817551136017,
          "Top": 0.5519981384277344
        },
        "Polygon": [
          {
            "X": 0.23323817551136017,
            "Y": 0.5519981384277344
          },
          {
            "X": 0.39620235562324524,
            "Y": 0.5523113012313843
          },
          {
            "X": 0.3963944911956787,
            "Y": 0.5827890634536743
          },
          {
            "X": 0.2334050089120865,
            "Y": 0.5824679136276245
          }
        ]
      },
      "Id": "3a3a1dea-3c76-4786-b2cc-9ed6492a44a0",
      "Relationships": [
        {
          "Type": "CHILD",
          "Ids": [
            "b50e4025-60e8-4091-9c13-293d41e06ab3",
            "a9475d6a-1da5-4b08-9825-7898a61e8462",
            "b83111d6-236b-4838-8fba-375d1c0a724c",
            "ca5ddda4-28ac-4acc-9ce4-000989a4d4c1"
          ]
        }
      ],
      "Page": 1
    },
    {
      "BlockType": "CELL",
      "Confidence": 85.791015625,
      "RowIndex": 5,
      "ColumnIndex": 2,
      "RowSpan": 1,
      "ColumnSpan": 1,
      "Geometry": {
        "BoundingBox": {
          "Width": 0.1997152715921402,
          "Height": 0.03087090328335762,
          "Left": 0.39620235562324524,
          "Top": 0.5523113012313843
        },
        "Polygon": [
          {
            "X": 0.39620235562324524,
            "Y": 0.5523113012313843
          },
          {
            "X": 0.5956944823265076,
            "Y": 0.5526947379112244
          },
          {
            "X": 0.5959176421165466,
            "Y": 0.5831822156906128
          },
          {
            "X": 0.3963944911956787,
            "Y": 0.5827890634536743
          }
        ]
      },
      "Id": "e42f0e20-942c-4ee2-a377-4a68dfc1d59a",
      "Relationships": [
        {
          "Type": "CHILD",
          "Ids": [
            "91fa71cd-8a78-48d1-ad37-e94a248f3b9b",
            "1d46d9f5-9bd0-478a-8848-7484396874e3",
            "efed5985-4e3c-4ec1-aa3e-4dda1a2746ae"
          ]
        }
      ],
      "Page": 1
    },
    {
      "BlockType": "CELL",
      "Confidence": 85.7421875,
      "RowIndex": 5,
      "ColumnIndex": 3,
      "RowSpan": 1,
      "ColumnSpan": 1,
      "Geometry": {
        "BoundingBox": {
          "Width": 0.17540569603443146,
          "Height": 0.0308326855301857,
          "Left": 0.5956944823265076,
          "Top": 0.5526947379112244
        },
        "Polygon": [
          {
            "X": 0.5956944823265076,
            "Y": 0.5526947379112244
          },
          {
            "X": 0.7708498239517212,
            "Y": 0.553031325340271
          },
          {
            "X": 0.7711002230644226,
            "Y": 0.5835273861885071
          },
          {
            "X": 0.5959176421165466,
            "Y": 0.5831822156906128
          }
        ]
      },
      "Id": "7ca31bc6-60c4-44dc-8df6-38b856f3ac40",
      "Relationships": [
        {
          "Type": "CHILD",
          "Ids": [
            "5a58238a-7213-4176-abfc-a7a2e3c77213",
            "62e636ed-f222-4b1b-bc37-96d56615e1e3",
            "b8fa47f3-f4be-4988-b30c-8c6051b55e6a"
          ]
        }
      ],
      "Page": 1
    },
    {
      "BlockType": "CELL",
      "Confidence": 90.283203125,
      "RowIndex": 6,
      "ColumnIndex": 1,
      "RowSpan": 1,
      "ColumnSpan": 1,
      "Geometry": {
        "BoundingBox": {
          "Width": 0.16322830319404602,
          "Height": 0.038202956318855286,
          "Left": 0.2334050089120865,
          "Top": 0.5824679136276245
        },
        "Polygon": [
          {
            "X": 0.2334050089120865,
            "Y": 0.5824679136276245
          },
          {
            "X": 0.3963944911956787,
            "Y": 0.5827890634536743
          },
          {
            "X": 0.3966332972049713,
            "Y": 0.6206709146499634
          },
          {
            "X": 0.23361235857009888,
            "Y": 0.6203398704528809
          }
        ]
      },
      "Id": "1fefd9be-6735-424c-a563-729e7081ce5d",
      "Relationships": [
        {
          "Type": "CHILD",
          "Ids": [
            "720c0026-4725-40ff-8d00-58b0f5b253c5",
            "c1adf7c2-63ba-4c42-b652-7c5e361cb54b",
            "e36ab350-f3ae-4f28-a5dd-7af85cb0606a",
            "e93b6016-3484-41bc-8ced-84189679267c"
          ]
        }
      ],
      "Page": 1
    },
    {
      "BlockType": "CELL",
      "Confidence": 90.478515625,
      "RowIndex": 6,
      "ColumnIndex": 2,
      "RowSpan": 1,
      "ColumnSpan": 1,
      "Geometry": {
        "BoundingBox": {
          "Width": 0.19980047643184662,
          "Height": 0.03828705474734306,
          "Left": 0.3963944911956787,
          "Top": 0.5827890634536743
        },
        "Polygon": [
          {
            "X": 0.3963944911956787,
            "Y": 0.5827890634536743
          },
          {
            "X": 0.5959176421165466,
            "Y": 0.5831822156906128
          },
          {
            "X": 0.5961949825286865,
            "Y": 0.6210761666297913
          },
          {
            "X": 0.3966332972049713,
            "Y": 0.6206709146499634
          }
        ]
      },
      "Id": "0248226e-6fe0-4ada-bcb7-5a995f408517",
      "Relationships": [
        {
          "Type": "CHILD",
          "Ids": [
            "567d2c31-0078-45b6-8723-e6c297ac450b",
            "cc575960-928a-4345-af0b-c9c7c1b8585e",
            "759fa123-e35d-4302-bc25-1c2ce0a37173"
          ]
        }
      ],
      "Page": 1
    },
    {
      "BlockType": "CELL",
      "Confidence": 90.4296875,
      "RowIndex": 6,
      "ColumnIndex": 3,
      "RowSpan": 1,
      "ColumnSpan": 1,
      "Geometry": {
        "BoundingBox": {
          "Width": 0.1754937618970871,
          "Height": 0.038249727338552475,
          "Left": 0.5959176421165466,
          "Top": 0.5831822156906128
        },
        "Polygon": [
          {
            "X": 0.5959176421165466,
            "Y": 0.5831822156906128
          },
          {
            "X": 0.7711002230644226,
            "Y": 0.5835273861885071
          },
          {
            "X": 0.7714114189147949,
            "Y": 0.6214319467544556
          },
          {
            "X": 0.5961949825286865,
            "Y": 0.6210761666297913
          }
        ]
      },
      "Id": "8890da19-e53f-4718-975d-fc5a5a5bf187",
      "Relationships": [
        {
          "Type": "CHILD",
          "Ids": [
            "132673a9-f2fc-4d06-a40b-702ec8566f28",
            "388faf6a-2ea9-4d49-8d0f-7db4a31d01d5",
            "90397e18-3297-456b-a816-cddd44c9bc51"
          ]
        }
      ],
      "Page": 1
    }
  ],
  "AnalyzeDocumentModelVersion": "1.0"
}