{
  "DocumentMetadata": {
    "Pages": 1
  },
  "JobStatus": "SUCCEEDED",
  "Blocks": [
    {
      "BlockType": "PAGE",
      "Geometry": {
        "BoundingBox": {
          "Width": 0.5459219813346863,
          "Height": 0.25714701414108276,
          "Left": 0.22890768945217133,
          "Top": 0.36759623885154724
        },
        "Polygon": [
          {
            "X": 0.22890768945217133,
            "Y": 0.36759623885154724
          },
          {
            "X": 0.7722157835960388,
            "Y": 0.36842676997184753
          },
          {
            "X": 0.7748296856880188,
            "Y": 0.6247432231903076
          },
          {
            "X": 0.23064908385276794,
            "Y": 0.6237146854400635
          }
        ]
      },
      "Id": "14e45c69-58be-4c8d-8739-abc24194146d",
      "Relationships": [
        {
          "Type": "CHILD",
          "Ids": [
            "ad1ec469-c400-4e43-a47c-a93f38b7f975",
            "253f9b43-163e-48d0-877a-b6efb1c3cb48",
            "b9284960-5286-487f-85e3-720496c9a41e",
            "7906dc06-18ea-492d-821d-f970caae08ed",
            "b77fd39b-25a1-48c5-9804-2f4b367254d8",
            "3a833dce-73d1-4629-981c-38f9e4bead78",
            "c6a5c223-6761-48ee-ae38-d4cedc9e34ef",
            "a072a251-22ee-4763-b138-523d55bd4de2",
            "2e9f5fd8-6879-4342-bfa9-fd1133d4f411",
            "b74d52b9-cf84-47df-b61b-852200aed129",
            "3145bbcc-73b1-4925-b7cf-72dfe4604378",
            "4f9cdbdc-9096-4f42-9bce-a5c487d823d9",
            "893019d8-b33a-4e38-b236-b5bd05932401",
            "c3427f23-3eba-4637-bd36-36ac5cfdb3d5",
            "bcb13ea1-a281-4c54-bcdb-eb8caeb3ce68",
            "e82773d6-e695-4e39-94a3-b4fd3bd27f8f",
            "fafcda80-5e77-432f-ad2e-a2f801d1b4ac",
            "451e674e-bb6d-47f5-b84c-fb6d8196c321",
            "5ebb6154-4439-4962-8aae-c3347f48d216",
            "14b80b3a-d5fe-48a8-9d17-19b0e94b68c3",
            "f931dae1-81c4-4c17-8ad4-8d4753fede1a",
            "05f5c7d0-7830-4538-b901-37262f0d4b35",
            "c340f7fd-3f22-4379-80f7-fa4a9a331dcc",
            "155e8af6-38a4-46a5-8df5-4af5ce02deb6",
            "17d8bd77-3bf4-4b0b-a1e6-69803490af33",
            "ab48aa37-2ae9-4d4a-a9d8-47cce829c0c8",
            "82ecfeb1-680c-49cc-bdd5-a88ae3f4f412"
          ]
        }
      ],
      "Page": 1
    },
    {
      "BlockType": "LINE",
      "Confidence": 99.89630126953125,
      "Text": "Element",
      "Geometry": {
        "BoundingBox": {
          "Width": 0.04961717501282692,
          "Height": 0.017716139554977417,
          "Left": 0.24810895323753357,
          "Top": 0.3892917037010193
        },
        "Polygon": [
          {
            "X": 0.24810895323753357,
            "Y": 0.3892917037010193
          },
          {
            "X": 0.29759863018989563,
            "Y": 0.38936886191368103
          },
          {
            "X": 0.2977261245250702,
            "Y": 0.4070078432559967
          },
          {
            "X": 0.24823097884655,
            "Y": 0.4069294333457947
          }
        ]
      },
      "Id": "ad1ec469-c400-4e43-a47c-a93f38b7f975",
      "Relationships": [
        {
          "Type": "CHILD",
          "Ids": [
            "b847b662-1ba3-4700-b47c-822b7ecce296"
          ]
        }
      ],
      "Page": 1
    },
    {
      "BlockType": "LINE",
      "Confidence": 99.89055633544922,
      "Text": "Samples",
      "Geometry": {
        "BoundingBox": {
          "Width": 0.049820199608802795,
          "Height": 0.02320261485874653,
          "Left": 0.3457779288291931,
          "Top": 0.3888441324234009
        },
        "Polygon": [
          {
            "X": 0.3457779288291931,
            "Y": 0.3888441324234009
          },
          {
            "X": 0.39541682600975037,
            "Y": 0.38892146944999695
          },
          {
            "X": 0.3955981135368347,
            "Y": 0.41204673051834106
          },
          {
            "X": 0.34595203399658203,
            "Y": 0.41196775436401367
          }
        ]
      },
      "Id": "253f9b43-163e-48d0-877a-b6efb1c3cb48",
      "Relationships": [
        {
          "Type": "CHILD",
          "Ids": [
            "c2e4e77f-db9d-4b93-bf88-a4d1cdef79d4"
          ]
        }
      ],
      "Page": 1
    },
    {
      "BlockType": "LINE",
      "Confidence": 99.48394775390625,
      "Text": "DGEBA/DDM",
      "Geometry": {
        "BoundingBox": {
          "Width": 0.08165454864501953,
          "Height": 0.019039049744606018,
          "Left": 0.34602993726730347,
          "Top": 0.43713825941085815
        },
        "Polygon": [
          {
            "X": 0.34602993726730347,
            "Y": 0.43713825941085815
          },
          {
            "X": 0.42753252387046814,
            "Y": 0.4372708201408386
          },
          {
            "X": 0.427684485912323,
            "Y": 0.456177294254303
          },
          {
            "X": 0.3461722731590271,
            "Y": 0.4560425281524658
          }
        ]
      },
      "Id": "b9284960-5286-487f-85e3-720496c9a41e",
      "Relationships": [
        {
          "Type": "CHILD",
          "Ids": [
            "c2a01bc0-715c-435c-82e1-cf01ef1c367e"
          ]
        }
      ],
      "Page": 1
    },
    {
      "BlockType": "LINE",
      "Confidence": 96.76453399658203,
      "Text": "B1D9/DDM",
      "Geometry": {
        "BoundingBox": {
          "Width": 0.0701710432767868,
          "Height": 0.019132420420646667,
          "Left": 0.46711379289627075,
          "Top": 0.4369688630104065
        },
        "Polygon": [
          {
            "X": 0.46711379289627075,
            "Y": 0.4369688630104065
          },
          {
            "X": 0.5371189117431641,
            "Y": 0.4370827078819275
          },
          {
            "X": 0.5372848510742188,
            "Y": 0.45610129833221436
          },
          {
            "X": 0.4672713577747345,
            "Y": 0.45598557591438293
          }
        ]
      },
      "Id": "7906dc06-18ea-492d-821d-f970caae08ed",
      "Relationships": [
        {
          "Type": "CHILD",
          "Ids": [
            "81479f82-a496-4364-bbc7-ed7103be4875"
          ]
        }
      ],
      "Page": 1
    },
    {
      "BlockType": "LINE",
      "Confidence": 99.52593994140625,
      "Text": "B2D8/DDM",
      "Geometry": {
        "BoundingBox": {
          "Width": 0.07015176117420197,
          "Height": 0.019043492153286934,
          "Left": 0.577166736125946,
          "Top": 0.43710649013519287
        },
        "Polygon": [
          {
            "X": 0.577166736125946,
            "Y": 0.43710649013519287
          },
          {
            "X": 0.6471403241157532,
            "Y": 0.4372202455997467
          },
          {
            "X": 0.6473184823989868,
            "Y": 0.45614996552467346
          },
          {
            "X": 0.5773366093635559,
            "Y": 0.4560343027114868
          }
        ]
      },
      "Id": "b77fd39b-25a1-48c5-9804-2f4b367254d8",
      "Relationships": [
        {
          "Type": "CHILD",
          "Ids": [
            "4f4ac32e-d3a7-47bb-b8cd-b3b6ef63a307"
          ]
        }
      ],
      "Page": 1
    },
    {
      "BlockType": "LINE",
      "Confidence": 99.82328796386719,
      "Text": "B3D7/DDM",
      "Geometry": {
        "BoundingBox": {
          "Width": 0.07056262344121933,
          "Height": 0.018927784636616707,
          "Left": 0.6868699193000793,
          "Top": 0.4371280372142792
        },
        "Polygon": [
          {
            "X": 0.6868699193000793,
            "Y": 0.4371280372142792
          },
          {
            "X": 0.7572425007820129,
            "Y": 0.43724244832992554
          },
          {
            "X": 0.7574325203895569,
            "Y": 0.45605581998825073
          },
          {
            "X": 0.6870515942573547,
            "Y": 0.45593953132629395
          }
        ]
      },
      "Id": "3a833dce-73d1-4629-981c-38f9e4bead78",
      "Relationships": [
        {
          "Type": "CHILD",
          "Ids": [
            "bec71fad-baa7-46b0-9c6c-533b25c76115"
          ]
        }
      ],
      "Page": 1
    },
    {
      "BlockType": "LINE",
      "Confidence": 75.36870574951172,
      "Text": "C (wt %)'",
      "Geometry": {
        "BoundingBox": {
          "Width": 0.057520266622304916,
          "Height": 0.021928375586867332,
          "Left": 0.24817883968353271,
          "Top": 0.482661634683609
        },
        "Polygon": [
          {
            "X": 0.24817883968353271,
            "Y": 0.482661634683609
          },
          {
            "X": 0.3055403232574463,
            "Y": 0.48275864124298096
          },
          {
            "X": 0.30569911003112793,
            "Y": 0.5045900344848633
          },
          {
            "X": 0.2483297884464264,
            "Y": 0.5044912099838257
          }
        ]
      },
      "Id": "c6a5c223-6761-48ee-ae38-d4cedc9e34ef",
      "Relationships": [
        {
          "Type": "CHILD",
          "Ids": [
            "18bda129-fe26-47ec-9141-a29012e5b722",
            "e5f59f16-b671-43bc-b532-74eea40e9734"
          ]
        }
      ],
      "Page": 1
    },
    {
      "BlockType": "LINE",
      "Confidence": 99.94161987304688,
      "Text": "84.38",
      "Geometry": {
        "BoundingBox": {
          "Width": 0.03444024175405502,
          "Height": 0.017208673059940338,
          "Left": 0.34594017267227173,
          "Top": 0.48400405049324036
        },
        "Polygon": [
          {
            "X": 0.34594017267227173,
            "Y": 0.48400405049324036
          },
          {
            "X": 0.38024765253067017,
            "Y": 0.4840621054172516
          },
          {
            "X": 0.38038042187690735,
            "Y": 0.5012127161026001
          },
          {
            "X": 0.34606924653053284,
            "Y": 0.501153826713562
          }
        ]
      },
      "Id": "a072a251-22ee-4763-b138-523d55bd4de2",
      "Relationships": [
        {
          "Type": "CHILD",
          "Ids": [
            "442294aa-116b-4cbe-813a-08208ae2727d"
          ]
        }
      ],
      "Page": 1
    },
    {
      "BlockType": "LINE",
      "Confidence": 99.96028900146484,
      "Text": "80.98",
      "Geometry": {
        "BoundingBox": {
          "Width": 0.03425901010632515,
          "Height": 0.017586933448910713,
          "Left": 0.46720069646835327,
          "Top": 0.4838382303714752
        },
        "Polygon": [
          {
            "X": 0.46720069646835327,
            "Y": 0.4838382303714752
          },
          {
            "X": 0.5013107657432556,
            "Y": 0.4838959574699402
          },
          {
            "X": 0.5014597177505493,
            "Y": 0.5014251470565796
          },
          {
            "X": 0.4673458933830261,
            "Y": 0.5013666152954102
          }
        ]
      },
      "Id": "2e9f5fd8-6879-4342-bfa9-fd1133d4f411",
      "Relationships": [
        {
          "Type": "CHILD",
          "Ids": [
            "49751bb6-d9dc-4ea8-8c2d-2cf66e5769c6"
          ]
        }
      ],
      "Page": 1
    },
    {
      "BlockType": "LINE",
      "Confidence": 99.97714233398438,
      "Text": "76.79",
      "Geometry": {
        "BoundingBox": {
          "Width": 0.034639909863471985,
          "Height": 0.017724229022860527,
          "Left": 0.5769409537315369,
          "Top": 0.48391932249069214
        },
        "Polygon": [
          {
            "X": 0.5769409537315369,
            "Y": 0.48391932249069214
          },
          {
            "X": 0.611418604850769,
            "Y": 0.48397767543792725
          },
          {
            "X": 0.6115808486938477,
            "Y": 0.5016435384750366
          },
          {
            "X": 0.5770993828773499,
            "Y": 0.5015843510627747
          }
        ]
      },
      "Id": "b74d52b9-cf84-47df-b61b-852200aed129",
      "Relationships": [
        {
          "Type": "CHILD",
          "Ids": [
            "188deead-718a-439e-b630-2d86e6ddbb6e"
          ]
        }
      ],
      "Page": 1
    },
    {
      "BlockType": "LINE",
      "Confidence": 99.98126983642578,
      "Text": "75.76",
      "Geometry": {
        "BoundingBox": {
          "Width": 0.03480067849159241,
          "Height": 0.01795252226293087,
          "Left": 0.6868299245834351,
          "Top": 0.48384466767311096
        },
        "Polygon": [
          {
            "X": 0.6868299245834351,
            "Y": 0.48384466767311096
          },
          {
            "X": 0.7214539051055908,
            "Y": 0.48390325903892517
          },
          {
            "X": 0.7216305732727051,
            "Y": 0.5017971992492676
          },
          {
            "X": 0.6870027184486389,
            "Y": 0.5017377734184265
          }
        ]
      },
      "Id": "3145bbcc-73b1-4925-b7cf-72dfe4604378",
      "Relationships": [
        {
          "Type": "CHILD",
          "Ids": [
            "38f44bb6-1f1b-4ea2-a048-fdfa4b39c14c"
          ]
        }
      ],
      "Page": 1
    },
    {
      "BlockType": "LINE",
      "Confidence": 89.84090423583984,
      "Text": "N (wt %)",
      "Geometry": {
        "BoundingBox": {
          "Width": 0.05466464161872864,
          "Height": 0.021736664697527885,
          "Left": 0.24816231429576874,
          "Top": 0.5139697194099426
        },
        "Polygon": [
          {
            "X": 0.24816231429576874,
            "Y": 0.5139697194099426
          },
          {
            "X": 0.3026699721813202,
            "Y": 0.5140643119812012
          },
          {
            "X": 0.3028269410133362,
            "Y": 0.5357064008712769
          },
          {
            "X": 0.24831192195415497,
            "Y": 0.5356101393699646
          }
        ]
      },
      "Id": "4f9cdbdc-9096-4f42-9bce-a5c487d823d9",
      "Relationships": [
        {
          "Type": "CHILD",
          "Ids": [
            "651aea83-4c23-4cc8-b5ae-aca980a570f6",
            "27ac05f1-32bd-410b-bdb4-0f1d094381f8"
          ]
        }
      ],
      "Page": 1
    },
    {
      "BlockType": "LINE",
      "Confidence": 99.9038314819336,
      "Text": "4.27",
      "Geometry": {
        "BoundingBox": {
          "Width": 0.02669769898056984,
          "Height": 0.017428083345294,
          "Left": 0.34594541788101196,
          "Top": 0.5148093700408936
        },
        "Polygon": [
          {
            "X": 0.34594541788101196,
            "Y": 0.5148093700408936
          },
          {
            "X": 0.3725094497203827,
            "Y": 0.5148555040359497
          },
          {
            "X": 0.3726431429386139,
            "Y": 0.5322374701499939
          },
          {
            "X": 0.34607622027397156,
            "Y": 0.5321906805038452
          }
        ]
      },
      "Id": "893019d8-b33a-4e38-b236-b5bd05932401",
      "Relationships": [
        {
          "Type": "CHILD",
          "Ids": [
            "dc10b703-41ee-425b-9a46-4bb5a3e06aa3"
          ]
        }
      ],
      "Page": 1
    },
    {
      "BlockType": "LINE",
      "Confidence": 90.5233154296875,
      "Text": "5.13",
      "Geometry": {
        "BoundingBox": {
          "Width": 0.02642896957695484,
          "Height": 0.017286639660596848,
          "Left": 0.46732813119888306,
          "Top": 0.5149544477462769
        },
        "Polygon": [
          {
            "X": 0.46732813119888306,
            "Y": 0.5149544477462769
          },
          {
            "X": 0.49361148476600647,
            "Y": 0.5150001049041748
          },
          {
            "X": 0.49375709891319275,
            "Y": 0.5322411060333252
          },
          {
            "X": 0.4674709439277649,
            "Y": 0.5321947932243347
          }
        ]
      },
      "Id": "c3427f23-3eba-4637-bd36-36ac5cfdb3d5",
      "Relationships": [
        {
          "Type": "CHILD",
          "Ids": [
            "c13fcf99-db3a-43fc-9386-07b8f0f7b0df"
          ]
        }
      ],
      "Page": 1
    },
    {
      "BlockType": "LINE",
      "Confidence": 99.95214080810547,
      "Text": "5.06",
      "Geometry": {
        "BoundingBox": {
          "Width": 0.02658497542142868,
          "Height": 0.017285145819187164,
          "Left": 0.5772324800491333,
          "Top": 0.5149691104888916
        },
        "Polygon": [
          {
            "X": 0.5772324800491333,
            "Y": 0.5149691104888916
          },
          {
            "X": 0.603659987449646,
            "Y": 0.5150150060653687
          },
          {
            "X": 0.6038174629211426,
            "Y": 0.5322542786598206
          },
          {
            "X": 0.5773870944976807,
            "Y": 0.5322077870368958
          }
        ]
      },
      "Id": "bcb13ea1-a281-4c54-bcdb-eb8caeb3ce68",
      "Relationships": [
        {
          "Type": "CHILD",
          "Ids": [
            "e2a40706-5429-4feb-88dc-b03a443f9be2"
          ]
        }
      ],
      "Page": 1
    },
    {
      "BlockType": "LINE",
      "Confidence": 99.90408325195312,
      "Text": "5.02",
      "Geometry": {
        "BoundingBox": {
          "Width": 0.026674972847104073,
          "Height": 0.017305966466665268,
          "Left": 0.6871203184127808,
          "Top": 0.5148733258247375
        },
        "Polygon": [
          {
            "X": 0.6871203184127808,
            "Y": 0.5148733258247375
          },
          {
            "X": 0.7136257886886597,
            "Y": 0.5149193406105042
          },
          {
            "X": 0.7137953042984009,
            "Y": 0.5321792960166931
          },
          {
            "X": 0.6872870326042175,
            "Y": 0.532132625579834
          }
        ]
      },
      "Id": "e82773d6-e695-4e39-94a3-b4fd3bd27f8f",
      "Relationships": [
        {
          "Type": "CHILD",
          "Ids": [
            "9a51ad11-0c72-4b8e-a5d0-cc89c142eb8b"
          ]
        }
      ],
      "Page": 1
    },
    {
      "BlockType": "LINE",
      "Confidence": 85.76238250732422,
      "Text": "o (wt %)",
      "Geometry": {
        "BoundingBox": {
          "Width": 0.05498173087835312,
          "Height": 0.02139788120985031,
          "Left": 0.24823740124702454,
          "Top": 0.545099675655365
        },
        "Polygon": [
          {
            "X": 0.24823740124702454,
            "Y": 0.545099675655365
          },
          {
            "X": 0.30306458473205566,
            "Y": 0.5451972484588623
          },
          {
            "X": 0.30321913957595825,
            "Y": 0.5664975643157959
          },
          {
            "X": 0.24838462471961975,
            "Y": 0.5663983821868896
          }
        ]
      },
      "Id": "fafcda80-5e77-432f-ad2e-a2f801d1b4ac",
      "Relationships": [
        {
          "Type": "CHILD",
          "Ids": [
            "616ab99e-7bde-4e9d-9c5f-cf241ccd1e53",
            "c240539a-e3b5-41b0-b181-a4a3dc3c0b41"
          ]
        }
      ],
      "Page": 1
    },
    {
      "BlockType": "LINE",
      "Confidence": 98.9510498046875,
      "Text": "11.35",
      "Geometry": {
        "BoundingBox": {
          "Width": 0.0336834155023098,
          "Height": 0.017615195363759995,
          "Left": 0.34664827585220337,
          "Top": 0.5457431674003601
        },
        "Polygon": [
          {
            "X": 0.34664827585220337,
            "Y": 0.5457431674003601
          },
          {
            "X": 0.38019585609436035,
            "Y": 0.545802891254425
          },
          {
            "X": 0.38033169507980347,
            "Y": 0.5633583664894104
          },
          {
            "X": 0.3467804193496704,
            "Y": 0.5632978081703186
          }
        ]
      },
      "Id": "451e674e-bb6d-47f5-b84c-fb6d8196c321",
      "Relationships": [
        {
          "Type": "CHILD",
          "Ids": [
            "cc331a7b-dfcc-4d74-82d4-deef591528e5"
          ]
        }
      ],
      "Page": 1
    },
    {
      "BlockType": "LINE",
      "Confidence": 95.73490905761719,
      "Text": "13.71",
      "Geometry": {
        "BoundingBox": {
          "Width": 0.03232307732105255,
          "Height": 0.01754756271839142,
          "Left": 0.4679502844810486,
          "Top": 0.5458218455314636
        },
        "Polygon": [
          {
            "X": 0.4679502844810486,
            "Y": 0.5458218455314636
          },
          {
            "X": 0.5001249313354492,
            "Y": 0.5458791255950928
          },
          {
            "X": 0.5002733469009399,
            "Y": 0.5633693933486938
          },
          {
            "X": 0.46809518337249756,
            "Y": 0.5633113384246826
          }
        ]
      },
      "Id": "5ebb6154-4439-4962-8aae-c3347f48d216",
      "Relationships": [
        {
          "Type": "CHILD",
          "Ids": [
            "41c3cc7e-1c72-41e0-80b5-dd1bdd8297f6"
          ]
        }
      ],
      "Page": 1
    },
    {
      "BlockType": "LINE",
      "Confidence": 99.21129608154297,
      "Text": "15.26",
      "Geometry": {
        "BoundingBox": {
          "Width": 0.033223867416381836,
          "Height": 0.017301665619015694,
          "Left": 0.5779609680175781,
          "Top": 0.5460240244865417
        },
        "Polygon": [
          {
            "X": 0.5779609680175781,
            "Y": 0.5460240244865417
          },
          {
            "X": 0.6110265851020813,
            "Y": 0.5460828542709351
          },
          {
            "X": 0.61118483543396,
            "Y": 0.5633257031440735
          },
          {
            "X": 0.578115701675415,
            "Y": 0.5632660388946533
          }
        ]
      },
      "Id": "14b80b3a-d5fe-48a8-9d17-19b0e94b68c3",
      "Relationships": [
        {
          "Type": "CHILD",
          "Ids": [
            "eadf486b-9a23-4137-94b2-11bdbee8219f"
          ]
        }
      ],
      "Page": 1
    },
    {
      "BlockType": "LINE",
      "Confidence": 99.97398376464844,
      "Text": "17.45",
      "Geometry": {
        "BoundingBox": {
          "Width": 0.033831704407930374,
          "Height": 0.017750367522239685,
          "Left": 0.6875854134559631,
          "Top": 0.5457494854927063
        },
        "Polygon": [
          {
            "X": 0.6875854134559631,
            "Y": 0.5457494854927063
          },
          {
            "X": 0.7212425470352173,
            "Y": 0.5458093285560608
          },
          {
            "X": 0.7214171290397644,
            "Y": 0.5634998083114624
          },
          {
            "X": 0.6877562403678894,
            "Y": 0.563439130783081
          }
        ]
      },
      "Id": "f931dae1-81c4-4c17-8ad4-8d4753fede1a",
      "Relationships": [
        {
          "Type": "CHILD",
          "Ids": [
            "9b9a1a16-44b8-491c-b101-e0b36f41e1ce"
          ]
        }
      ],
      "Page": 1
    },
    {
      "BlockType": "LINE",
      "Confidence": 99.37420654296875,
      "Text": "P (wt %)",
      "Geometry": {
        "BoundingBox": {
          "Width": 0.05327398702502251,
          "Height": 0.020957613363862038,
          "Left": 0.24800121784210205,
          "Top": 0.5761273503303528
        },
        "Polygon": [
          {
            "X": 0.24800121784210205,
            "Y": 0.5761273503303528
          },
          {
            "X": 0.30112412571907043,
            "Y": 0.5762242078781128
          },
          {
            "X": 0.30127519369125366,
            "Y": 0.5970849990844727
          },
          {
            "X": 0.24814534187316895,
            "Y": 0.5969865918159485
          }
        ]
      },
      "Id": "05f5c7d0-7830-4538-b901-37262f0d4b35",
      "Relationships": [
        {
          "Type": "CHILD",
          "Ids": [
            "c92756dd-fb2d-4cfc-9add-b64e0491c70c",
            "a7de24ec-cdee-43ea-9a67-0e8afd7eb351",
            "08785379-ae06-4f9b-9e1f-83742efe86ed"
          ]
        }
      ],
      "Page": 1
    },
    {
      "BlockType": "LINE",
      "Confidence": 99.33341217041016,
      "Text": "-",
      "Geometry": {
        "BoundingBox": {
          "Width": 0.01478313747793436,
          "Height": 0.0043233903124928474,
          "Left": 0.3455067574977875,
          "Top": 0.5854780077934265
        },
        "Polygon": [
          {
            "X": 0.3455067574977875,
            "Y": 0.5854780077934265
          },
          {
            "X": 0.36025717854499817,
            "Y": 0.5855050683021545
          },
          {
            "X": 0.36028990149497986,
            "Y": 0.5898013710975647
          },
          {
            "X": 0.34553906321525574,
            "Y": 0.5897741913795471
          }
        ]
      },
      "Id": "c340f7fd-3f22-4379-80f7-fa4a9a331dcc",
      "Relationships": [
        {
          "Type": "CHILD",
          "Ids": [
            "8f5a58d9-cb0d-4e5f-a5ea-2928c977f252"
          ]
        }
      ],
      "Page": 1
    },
    {
      "BlockType": "LINE",
      "Confidence": 99.96358489990234,
      "Text": "0.18",
      "Geometry": {
        "BoundingBox": {
          "Width": 0.026722796261310577,
          "Height": 0.01796557940542698,
          "Left": 0.46706733107566833,
          "Top": 0.5764813423156738
        },
        "Polygon": [
          {
            "X": 0.46706733107566833,
            "Y": 0.5764813423156738
          },
          {
            "X": 0.4936388432979584,
            "Y": 0.5765297412872314
          },
          {
            "X": 0.4937901198863983,
            "Y": 0.5944468975067139
          },
          {
            "X": 0.4672156572341919,
            "Y": 0.594397783279419
          }
        ]
      },
      "Id": "155e8af6-38a4-46a5-8df5-4af5ce02deb6",
      "Relationships": [
        {
          "Type": "CHILD",
          "Ids": [
            "4792e43c-fb50-408c-a391-61f310857817"
          ]
        }
      ],
      "Page": 1
    },
    {
      "BlockType": "LINE",
      "Confidence": 99.98298645019531,
      "Text": "0.43",
      "Geometry": {
        "BoundingBox": {
          "Width": 0.026426533237099648,
          "Height": 0.017673397436738014,
          "Left": 0.5771166086196899,
          "Top": 0.5765854120254517
        },
        "Polygon": [
          {
            "X": 0.5771166086196899,
            "Y": 0.5765854120254517
          },
          {
            "X": 0.6033822298049927,
            "Y": 0.5766332745552063
          },
          {
            "X": 0.6035431623458862,
            "Y": 0.5942587852478027
          },
          {
            "X": 0.5772746205329895,
            "Y": 0.5942102670669556
          }
        ]
      },
      "Id": "17d8bd77-3bf4-4b0b-a1e6-69803490af33",
      "Relationships": [
        {
          "Type": "CHILD",
          "Ids": [
            "8706e4fb-66ac-4561-a852-aaac1cdf8ee4"
          ]
        }
      ],
      "Page": 1
    },
    {
      "BlockType": "LINE",
      "Confidence": 99.95037078857422,
      "Text": "1.77",
      "Geometry": {
        "BoundingBox": {
          "Width": 0.02618335746228695,
          "Height": 0.017823053523898125,
          "Left": 0.6875830888748169,
          "Top": 0.576635479927063
        },
        "Polygon": [
          {
            "X": 0.6875830888748169,
            "Y": 0.576635479927063
          },
          {
            "X": 0.7135919332504272,
            "Y": 0.5766828656196594
          },
          {
            "X": 0.7137664556503296,
            "Y": 0.5944585204124451
          },
          {
            "X": 0.6877546906471252,
            "Y": 0.5944104790687561
          }
        ]
      },
      "Id": "ab48aa37-2ae9-4d4a-a9d8-47cce829c0c8",
      "Relationships": [
        {
          "Type": "CHILD",
          "Ids": [
            "926bd8f6-7398-410a-bb62-972fafa71080"
          ]
        }
      ],
      "Page": 1
    },
    {
      "BlockType": "WORD",
      "Confidence": 99.89630126953125,
      "Text": "Element",
      "TextType": "PRINTED",
      "Geometry": {
        "BoundingBox": {
          "Width": 0.04961717501282692,
          "Height": 0.017716139554977417,
          "Left": 0.24810895323753357,
          "Top": 0.3892917037010193
        },
        "Polygon": [
          {
            "X": 0.24810895323753357,
            "Y": 0.3892917037010193
          },
          {
            "X": 0.29759863018989563,
            "Y": 0.38936886191368103
          },
          {
            "X": 0.2977261245250702,
            "Y": 0.4070078432559967
          },
          {
            "X": 0.24823097884655,
            "Y": 0.4069294333457947
          }
        ]
      },
      "Id": "b847b662-1ba3-4700-b47c-822b7ecce296",
      "Page": 1
    },
    {
      "BlockType": "WORD",
      "Confidence": 99.89055633544922,
      "Text": "Samples",
      "TextType": "PRINTED",
      "Geometry": {
        "BoundingBox": {
          "Width": 0.049820199608802795,
          "Height": 0.02320261485874653,
          "Left": 0.3457779288291931,
          "Top": 0.3888441324234009
        },
        "Polygon": [
          {
            "X": 0.3457779288291931,
            "Y": 0.3888441324234009
          },
          {
            "X": 0.39541682600975037,
            "Y": 0.38892146944999695
          },
          {
            "X": 0.3955981135368347,
            "Y": 0.41204673051834106
          },
          {
            "X": 0.34595203399658203,
            "Y": 0.41196775436401367
          }
        ]
      },
      "Id": "c2e4e77f-db9d-4b93-bf88-a4d1cdef79d4",
      "Page": 1
    },
    {
      "BlockType": "WORD",
      "Confidence": 99.48394775390625,
      "Text": "DGEBA/DDM",
      "TextType": "PRINTED",
      "Geometry": {
        "BoundingBox": {
          "Width": 0.08165454864501953,
          "Height": 0.019039049744606018,
          "Left": 0.34602993726730347,
          "Top": 0.43713825941085815
        },
        "Polygon": [
          {
            "X": 0.34602993726730347,
            "Y": 0.43713825941085815
          },
          {
            "X": 0.42753252387046814,
            "Y": 0.4372708201408386
          },
          {
            "X": 0.427684485912323,
            "Y": 0.456177294254303
          },
          {
            "X": 0.3461722731590271,
            "Y": 0.4560425281524658
          }
        ]
      },
      "Id": "c2a01bc0-715c-435c-82e1-cf01ef1c367e",
      "Page": 1
    },
    {
      "BlockType": "WORD",
      "Confidence": 96.76453399658203,
      "Text": "B1D9/DDM",
      "TextType": "PRINTED",
      "Geometry": {
        "BoundingBox": {
          "Width": 0.0701710432767868,
          "Height": 0.019132420420646667,
          "Left": 0.46711379289627075,
          "Top": 0.4369688630104065
        },
        "Polygon": [
          {
            "X": 0.46711379289627075,
            "Y": 0.4369688630104065
          },
          {
            "X": 0.5371189117431641,
            "Y": 0.4370827078819275
          },
          {
            "X": 0.5372848510742188,
            "Y": 0.45610129833221436
          },
          {
            "X": 0.4672713577747345,
            "Y": 0.45598557591438293
          }
        ]
      },
      "Id": "81479f82-a496-4364-bbc7-ed7103be4875",
      "Page": 1
    },
    {
      "BlockType": "WORD",
      "Confidence": 99.52593994140625,
      "Text": "B2D8/DDM",
      "TextType": "PRINTED",
      "Geometry": {
        "BoundingBox": {
          "Width": 0.07015176117420197,
          "Height": 0.019043492153286934,
          "Left": 0.577166736125946,
          "Top": 0.43710649013519287
        },
        "Polygon": [
          {
            "X": 0.577166736125946,
            "Y": 0.43710649013519287
          },
          {
            "X": 0.6471403241157532,
            "Y": 0.4372202455997467
          },
          {
            "X": 0.6473184823989868,
            "Y": 0.45614996552467346
          },
          {
            "X": 0.5773366093635559,
            "Y": 0.4560343027114868
          }
        ]
      },
      "Id": "4f4ac32e-d3a7-47bb-b8cd-b3b6ef63a307",
      "Page": 1
    },
    {
      "BlockType": "WORD",
      "Confidence": 99.82328796386719,
      "Text": "B3D7/DDM",
      "TextType": "PRINTED",
      "Geometry": {
        "BoundingBox": {
          "Width": 0.07056262344121933,
          "Height": 0.018927784636616707,
          "Left": 0.6868699193000793,
          "Top": 0.4371280372142792
        },
        "Polygon": [
          {
            "X": 0.6868699193000793,
            "Y": 0.4371280372142792
          },
          {
            "X": 0.7572425007820129,
            "Y": 0.43724244832992554
          },
          {
            "X": 0.7574325203895569,
            "Y": 0.45605581998825073
          },
          {
            "X": 0.6870515942573547,
            "Y": 0.45593953132629395
          }
        ]
      },
      "Id": "bec71fad-baa7-46b0-9c6c-533b25c76115",
      "Page": 1
    },
    {
      "BlockType": "WORD",
      "Confidence": 94.85739135742188,
      "Text": "C",
      "TextType": "PRINTED",
      "Geometry": {
        "BoundingBox": {
          "Width": 0.009246360510587692,
          "Height": 0.017965421080589294,
          "Left": 0.24818573892116547,
          "Top": 0.4836592972278595
        },
        "Polygon": [
          {
            "X": 0.24818573892116547,
            "Y": 0.4836592972278595
          },
          {
            "X": 0.2573069632053375,
            "Y": 0.4836747348308563
          },
          {
            "X": 0.25743210315704346,
            "Y": 0.5016247034072876
          },
          {
            "X": 0.24830986559391022,
            "Y": 0.5016090273857117
          }
        ]
      },
      "Id": "18bda129-fe26-47ec-9141-a29012e5b722",
      "Page": 1
    },
    {
      "BlockType": "WORD",
      "Confidence": 55.8800163269043,
      "Text": "(wt %)'",
      "TextType": "PRINTED",
      "Geometry": {
        "BoundingBox": {
          "Width": 0.04677289351820946,
          "Height": 0.021910201758146286,
          "Left": 0.2589262127876282,
          "Top": 0.4826798141002655
        },
        "Polygon": [
          {
            "X": 0.2589262127876282,
            "Y": 0.4826798141002655
          },
          {
            "X": 0.3055403232574463,
            "Y": 0.48275864124298096
          },
          {
            "X": 0.30569911003112793,
            "Y": 0.5045900344848633
          },
          {
            "X": 0.25907862186431885,
            "Y": 0.5045097470283508
          }
        ]
      },
      "Id": "e5f59f16-b671-43bc-b532-74eea40e9734",
      "Page": 1
    },
    {
      "BlockType": "WORD",
      "Confidence": 99.94161987304688,
      "Text": "84.38",
      "TextType": "PRINTED",
      "Geometry": {
        "BoundingBox": {
          "Width": 0.03444024175405502,
          "Height": 0.017208673059940338,
          "Left": 0.34594017267227173,
          "Top": 0.48400405049324036
        },
        "Polygon": [
          {
            "X": 0.34594017267227173,
            "Y": 0.48400405049324036
          },
          {
            "X": 0.38024765253067017,
            "Y": 0.4840621054172516
          },
          {
            "X": 0.38038042187690735,
            "Y": 0.5012127161026001
          },
          {
            "X": 0.34606924653053284,
            "Y": 0.501153826713562
          }
        ]
      },
      "Id": "442294aa-116b-4cbe-813a-08208ae2727d",
      "Page": 1
    },
    {
      "BlockType": "WORD",
      "Confidence": 99.96028900146484,
      "Text": "80.98",
      "TextType": "PRINTED",
      "Geometry": {
        "BoundingBox": {
          "Width": 0.03425901010632515,
          "Height": 0.017586933448910713,
          "Left": 0.46720069646835327,
          "Top": 0.4838382303714752
        },
        "Polygon": [
          {
            "X": 0.46720069646835327,
            "Y": 0.4838382303714752
          },
          {
            "X": 0.5013107657432556,
            "Y": 0.4838959574699402
          },
          {
            "X": 0.5014597177505493,
            "Y": 0.5014251470565796
          },
          {
            "X": 0.4673458933830261,
            "Y": 0.5013666152954102
          }
        ]
      },
      "Id": "49751bb6-d9dc-4ea8-8c2d-2cf66e5769c6",
      "Page": 1
    },
    {
      "BlockType": "WORD",
      "Confidence": 99.97714233398438,
      "Text": "76.79",
      "TextType": "PRINTED",
      "Geometry": {
        "BoundingBox": {
          "Width": 0.034639909863471985,
          "Height": 0.017724229022860527,
          "Left": 0.5769409537315369,
          "Top": 0.48391932249069214
        },
        "Polygon": [
          {
            "X": 0.5769409537315369,
            "Y": 0.48391932249069214
          },
          {
            "X": 0.611418604850769,
            "Y": 0.48397767543792725
          },
          {
            "X": 0.6115808486938477,
            "Y": 0.5016435384750366
          },
          {
            "X": 0.5770993828773499,
            "Y": 0.5015843510627747
          }
        ]
      },
      "Id": "188deead-718a-439e-b630-2d86e6ddbb6e",
      "Page": 1
    },
    {
      "BlockType": "WORD",
      "Confidence": 99.98126983642578,
      "Text": "75.76",
      "TextType": "PRINTED",
      "Geometry": {
        "BoundingBox": {
          "Width": 0.03480067849159241,
          "Height": 0.01795252226293087,
          "Left": 0.6868299245834351,
          "Top": 0.48384466767311096
        },
        "Polygon": [
          {
            "X": 0.6868299245834351,
            "Y": 0.48384466767311096
          },
          {
            "X": 0.7214539051055908,
            "Y": 0.48390325903892517
          },
          {
            "X": 0.7216305732727051,
            "Y": 0.5017971992492676
          },
          {
            "X": 0.6870027184486389,
            "Y": 0.5017377734184265
          }
        ]
      },
      "Id": "38f44bb6-1f1b-4ea2-a048-fdfa4b39c14c",
      "Page": 1
    },
    {
      "BlockType": "WORD",
      "Confidence": 99.95664978027344,
      "Text": "N",
      "TextType": "PRINTED",
      "Geometry": {
        "BoundingBox": {
          "Width": 0.009820093400776386,
          "Height": 0.017282627522945404,
          "Left": 0.24816778302192688,
          "Top": 0.5147609114646912
        },
        "Polygon": [
          {
            "X": 0.24816778302192688,
            "Y": 0.5147609114646912
          },
          {
            "X": 0.2578674554824829,
            "Y": 0.5147777795791626
          },
          {
            "X": 0.2579878866672516,
            "Y": 0.5320435166358948
          },
          {
            "X": 0.2482871413230896,
            "Y": 0.532026469707489
          }
        ]
      },
      "Id": "651aea83-4c23-4cc8-b5ae-aca980a570f6",
      "Page": 1
    },
    {
      "BlockType": "WORD",
      "Confidence": 79.72516632080078,
      "Text": "(wt %)",
      "TextType": "PRINTED",
      "Geometry": {
        "BoundingBox": {
          "Width": 0.04175391048192978,
          "Height": 0.021714262664318085,
          "Left": 0.2610730528831482,
          "Top": 0.5139921307563782
        },
        "Polygon": [
          {
            "X": 0.2610730528831482,
            "Y": 0.5139921307563782
          },
          {
            "X": 0.3026699721813202,
            "Y": 0.5140643119812012
          },
          {
            "X": 0.3028269410133362,
            "Y": 0.5357064008712769
          },
          {
            "X": 0.2612243890762329,
            "Y": 0.5356329083442688
          }
        ]
      },
      "Id": "27ac05f1-32bd-410b-bdb4-0f1d094381f8",
      "Page": 1
    },
    {
      "BlockType": "WORD",
      "Confidence": 99.9038314819336,
      "Text": "4.27",
      "TextType": "PRINTED",
      "Geometry": {
        "BoundingBox": {
          "Width": 0.02669769898056984,
          "Height": 0.017428083345294,
          "Left": 0.34594541788101196,
          "Top": 0.5148093700408936
        },
        "Polygon": [
          {
            "X": 0.34594541788101196,
            "Y": 0.5148093700408936
          },
          {
            "X": 0.3725094497203827,
            "Y": 0.5148555040359497
          },
          {
            "X": 0.3726431429386139,
            "Y": 0.5322374701499939
          },
          {
            "X": 0.34607622027397156,
            "Y": 0.5321906805038452
          }
        ]
      },
      "Id": "dc10b703-41ee-425b-9a46-4bb5a3e06aa3",
      "Page": 1
    },
    {
      "BlockType": "WORD",
      "Confidence": 90.5233154296875,
      "Text": "5.13",
      "TextType": "PRINTED",
      "Geometry": {
        "BoundingBox": {
          "Width": 0.02642896957695484,
          "Height": 0.017286639660596848,
          "Left": 0.46732813119888306,
          "Top": 0.5149544477462769
        },
        "Polygon": [
          {
            "X": 0.46732813119888306,
            "Y": 0.5149544477462769
          },
          {
            "X": 0.49361148476600647,
            "Y": 0.5150001049041748
          },
          {
            "X": 0.49375709891319275,
            "Y": 0.5322411060333252
          },
          {
            "X": 0.4674709439277649,
            "Y": 0.5321947932243347
          }
        ]
      },
      "Id": "c13fcf99-db3a-43fc-9386-07b8f0f7b0df",
      "Page": 1
    },
    {
      "BlockType": "WORD",
      "Confidence": 99.95214080810547,
      "Text": "5.06",
      "TextType": "PRINTED",
      "Geometry": {
        "BoundingBox": {
          "Width": 0.02658497542142868,
          "Height": 0.017285145819187164,
          "Left": 0.5772324800491333,
          "Top": 0.5149691104888916
        },
        "Polygon": [
          {
            "X": 0.5772324800491333,
            "Y": 0.5149691104888916
          },
          {
            "X": 0.603659987449646,
            "Y": 0.5150150060653687
          },
          {
            "X": 0.6038174629211426,
            "Y": 0.5322542786598206
          },
          {
            "X": 0.5773870944976807,
            "Y": 0.5322077870368958
          }
        ]
      },
      "Id": "e2a40706-5429-4feb-88dc-b03a443f9be2",
      "Page": 1
    },
    {
      "BlockType": "WORD",
      "Confidence": 99.90408325195312,
      "Text": "5.02",
      "TextType": "PRINTED",
      "Geometry": {
        "BoundingBox": {
          "Width": 0.026674972847104073,
          "Height": 0.017305966466665268,
          "Left": 0.6871203184127808,
          "Top": 0.5148733258247375
        },
        "Polygon": [
          {
            "X": 0.6871203184127808,
            "Y": 0.5148733258247375
          },
          {
            "X": 0.7136257886886597,
            "Y": 0.5149193406105042
          },
          {
            "X": 0.7137953042984009,
            "Y": 0.5321792960166931
          },
          {
            "X": 0.6872870326042175,
            "Y": 0.532132625579834
          }
        ]
      },
      "Id": "9a51ad11-0c72-4b8e-a5d0-cc89c142eb8b",
      "Page": 1
    },
    {
      "BlockType": "WORD",
      "Confidence": 92.89949035644531,
      "Text": "o",
      "TextType": "PRINTED",
      "Geometry": {
        "BoundingBox": {
          "Width": 0.010122774168848991,
          "Height": 0.017611371353268623,
          "Left": 0.24824275076389313,
          "Top": 0.5458741784095764
        },
        "Polygon": [
          {
            "X": 0.24824275076389313,
            "Y": 0.5458741784095764
          },
          {
            "X": 0.25824281573295593,
            "Y": 0.5458919405937195
          },
          {
            "X": 0.2583655118942261,
            "Y": 0.5634855628013611
          },
          {
            "X": 0.24836435914039612,
            "Y": 0.5634675025939941
          }
        ]
      },
      "Id": "616ab99e-7bde-4e9d-9c5f-cf241ccd1e53",
      "Page": 1
    },
    {
      "BlockType": "WORD",
      "Confidence": 78.6252670288086,
      "Text": "(wt %)",
      "TextType": "PRINTED",
      "Geometry": {
        "BoundingBox": {
          "Width": 0.03999168798327446,
          "Height": 0.021371209993958473,
          "Left": 0.2632274329662323,
          "Top": 0.5451263785362244
        },
        "Polygon": [
          {
            "X": 0.2632274329662323,
            "Y": 0.5451263785362244
          },
          {
            "X": 0.30306458473205566,
            "Y": 0.5451972484588623
          },
          {
            "X": 0.30321913957595825,
            "Y": 0.5664975643157959
          },
          {
            "X": 0.2633766531944275,
            "Y": 0.5664255023002625
          }
        ]
      },
      "Id": "c240539a-e3b5-41b0-b181-a4a3dc3c0b41",
      "Page": 1
    },
    {
      "BlockType": "WORD",
      "Confidence": 98.9510498046875,
      "Text": "11.35",
      "TextType": "PRINTED",
      "Geometry": {
        "BoundingBox": {
          "Width": 0.0336834155023098,
          "Height": 0.017615195363759995,
          "Left": 0.34664827585220337,
          "Top": 0.5457431674003601
        },
        "Polygon": [
          {
            "X": 0.34664827585220337,
            "Y": 0.5457431674003601
          },
          {
            "X": 0.38019585609436035,
            "Y": 0.545802891254425
          },
          {
            "X": 0.38033169507980347,
            "Y": 0.5633583664894104
          },
          {
            "X": 0.3467804193496704,
            "Y": 0.5632978081703186
          }
        ]
      },
      "Id": "cc331a7b-dfcc-4d74-82d4-deef591528e5",
      "Page": 1
    },
    {
      "BlockType": "WORD",
      "Confidence": 95.73490905761719,
      "Text": "13.71",
      "TextType": "PRINTED",
      "Geometry": {
        "BoundingBox": {
          "Width": 0.03232307732105255,
          "Height": 0.01754756271839142,
          "Left": 0.4679502844810486,
          "Top": 0.5458218455314636
        },
        "Polygon": [
          {
            "X": 0.4679502844810486,
            "Y": 0.5458218455314636
          },
          {
            "X": 0.5001249313354492,
            "Y": 0.5458791255950928
          },
          {
            "X": 0.5002733469009399,
            "Y": 0.5633693933486938
          },
          {
            "X": 0.46809518337249756,
            "Y": 0.5633113384246826
          }
        ]
      },
      "Id": "41c3cc7e-1c72-41e0-80b5-dd1bdd8297f6",
      "Page": 1
    },
    {
      "BlockType": "WORD",
      "Confidence": 99.21129608154297,
      "Text": "15.26",
      "TextType": "PRINTED",
      "Geometry": {
        "BoundingBox": {
          "Width": 0.033223867416381836,
          "Height": 0.017301665619015694,
          "Left": 0.5779609680175781,
          "Top": 0.5460240244865417
        },
        "Polygon": [
          {
            "X": 0.5779609680175781,
            "Y": 0.5460240244865417
          },
          {
            "X": 0.6110265851020813,
            "Y": 0.5460828542709351
          },
          {
            "X": 0.61118483543396,
            "Y": 0.5633257031440735
          },
          {
            "X": 0.578115701675415,
            "Y": 0.5632660388946533
          }
        ]
      },
      "Id": "eadf486b-9a23-4137-94b2-11bdbee8219f",
      "Page": 1
    },
    {
      "BlockType": "WORD",
      "Confidence": 99.97398376464844,
      "Text": "17.45",
      "TextType": "PRINTED",
      "Geometry": {
        "BoundingBox": {
          "Width": 0.033831704407930374,
          "Height": 0.017750367522239685,
          "Left": 0.6875854134559631,
          "Top": 0.5457494854927063
        },
        "Polygon": [
          {
            "X": 0.6875854134559631,
            "Y": 0.5457494854927063
          },
          {
            "X": 0.7212425470352173,
            "Y": 0.5458093285560608
          },
          {
            "X": 0.7214171290397644,
            "Y": 0.5634998083114624
          },
          {
            "X": 0.6877562403678894,
            "Y": 0.563439130783081
          }
        ]
      },
      "Id": "9b9a1a16-44b8-491c-b101-e0b36f41e1ce",
      "Page": 1
    },
    {
      "BlockType": "WORD",
      "Confidence": 99.72003936767578,
      "Text": "P",
      "TextType": "PRINTED",
      "Geometry": {
        "BoundingBox": {
          "Width": 0.008232073858380318,
          "Height": 0.017664406448602676,
          "Left": 0.24800539016723633,
          "Top": 0.5767315626144409
        },
        "Polygon": [
          {
            "X": 0.24800539016723633,
            "Y": 0.5767315626144409
          },
          {
            "X": 0.2561146020889282,
            "Y": 0.5767463445663452
          },
          {
            "X": 0.2562374472618103,
            "Y": 0.5943959951400757
          },
          {
            "X": 0.24812734127044678,
            "Y": 0.5943809747695923
          }
        ]
      },
      "Id": "c92756dd-fb2d-4cfc-9add-b64e0491c70c",
      "Page": 1
    },
    {
      "BlockType": "WORD",
      "Confidence": 98.7803955078125,
      "Text": "(wt",
      "TextType": "PRINTED",
      "Geometry": {
        "BoundingBox": {
          "Width": 0.020737916231155396,
          "Height": 0.020864639431238174,
          "Left": 0.2602209746837616,
          "Top": 0.5761827230453491
        },
        "Polygon": [
          {
            "X": 0.2602209746837616,
            "Y": 0.5761827230453491
          },
          {
            "X": 0.28081071376800537,
            "Y": 0.5762202739715576
          },
          {
            "X": 0.280958890914917,
            "Y": 0.5970473289489746
          },
          {
            "X": 0.2603664696216583,
            "Y": 0.5970091819763184
          }
        ]
      },
      "Id": "a7de24ec-cdee-43ea-9a67-0e8afd7eb351",
      "Page": 1
    },
    {
      "BlockType": "WORD",
      "Confidence": 99.62218475341797,
      "Text": "%)",
      "TextType": "PRINTED",
      "Geometry": {
        "BoundingBox": {
          "Width": 0.01719343475997448,
          "Height": 0.02080034278333187,
          "Left": 0.2840811014175415,
          "Top": 0.5761931538581848
        },
        "Polygon": [
          {
            "X": 0.2840811014175415,
            "Y": 0.5761931538581848
          },
          {
            "X": 0.30112412571907043,
            "Y": 0.5762242078781128
          },
          {
            "X": 0.30127453804016113,
            "Y": 0.5969935059547424
          },
          {
            "X": 0.2842292785644531,
            "Y": 0.5969619154930115
          }
        ]
      },
      "Id": "08785379-ae06-4f9b-9e1f-83742efe86ed",
      "Page": 1
    },
    {
      "BlockType": "WORD",
      "Confidence": 99.33341217041016,
      "Text": "-",
      "TextType": "PRINTED",
      "Geometry": {
        "BoundingBox": {
          "Width": 0.01478313747793436,
          "Height": 0.0043233903124928474,
          "Left": 0.3455067574977875,
          "Top": 0.5854780077934265
        },
        "Polygon": [
          {
            "X": 0.3455067574977875,
            "Y": 0.5854780077934265
          },
          {
            "X": 0.36025717854499817,
            "Y": 0.5855050683021545
          },
          {
            "X": 0.36028990149497986,
            "Y": 0.5898013710975647
          },
          {
            "X": 0.34553906321525574,
            "Y": 0.5897741913795471
          }
        ]
      },
      "Id": "8f5a58d9-cb0d-4e5f-a5ea-2928c977f252",
      "Page": 1
    },
    {
      "BlockType": "WORD",
      "Confidence": 99.96358489990234,
      "Text": "0.18",
      "TextType": "PRINTED",
      "Geometry": {
        "BoundingBox": {
          "Width": 0.026722796261310577,
          "Height": 0.01796557940542698,
          "Left": 0.46706733107566833,
          "Top": 0.5764813423156738
        },
        "Polygon": [
          {
            "X": 0.46706733107566833,
            "Y": 0.5764813423156738
          },
          {
            "X": 0.4936388432979584,
            "Y": 0.5765297412872314
          },
          {
            "X": 0.4937901198863983,
            "Y": 0.5944468975067139
          },
          {
            "X": 0.4672156572341919,
            "Y": 0.594397783279419
          }
        ]
      },
      "Id": "4792e43c-fb50-408c-a391-61f310857817",
      "Page": 1
    },
    {
      "BlockType": "WORD",
      "Confidence": 99.98298645019531,
      "Text": "0.43",
      "TextType": "PRINTED",
      "Geometry": {
        "BoundingBox": {
          "Width": 0.026426533237099648,
          "Height": 0.017673397436738014,
          "Left": 0.5771166086196899,
          "Top": 0.5765854120254517
        },
        "Polygon": [
          {
            "X": 0.5771166086196899,
            "Y": 0.5765854120254517
          },
          {
            "X": 0.6033822298049927,
            "Y": 0.5766332745552063
          },
          {
            "X": 0.6035431623458862,
            "Y": 0.5942587852478027
          },
          {
            "X": 0.5772746205329895,
            "Y": 0.5942102670669556
          }
        ]
      },
      "Id": "8706e4fb-66ac-4561-a852-aaac1cdf8ee4",
      "Page": 1
    },
    {
      "BlockType": "WORD",
      "Confidence": 99.95037078857422,
      "Text": "1.77",
      "TextType": "PRINTED",
      "Geometry": {
        "BoundingBox": {
          "Width": 0.02618335746228695,
          "Height": 0.017823053523898125,
          "Left": 0.6875830888748169,
          "Top": 0.576635479927063
        },
        "Polygon": [
          {
            "X": 0.6875830888748169,
            "Y": 0.576635479927063
          },
          {
            "X": 0.7135919332504272,
            "Y": 0.5766828656196594
          },
          {
            "X": 0.7137664556503296,
            "Y": 0.5944585204124451
          },
          {
            "X": 0.6877546906471252,
            "Y": 0.5944104790687561
          }
        ]
      },
      "Id": "926bd8f6-7398-410a-bb62-972fafa71080",
      "Page": 1
    },
    {
      "BlockType": "TABLE",
      "Confidence": 98.486328125,
      "Geometry": {
        "BoundingBox": {
          "Width": 0.539547860622406,
          "Height": 0.22692535817623138,
          "Left": 0.2314605414867401,
          "Top": 0.3836265206336975
        },
        "Polygon": [
          {
            "X": 0.2314605414867401,
            "Y": 0.3836265206336975
          },
          {
            "X": 0.7687079310417175,
            "Y": 0.384459912776947
          },
          {
            "X": 0.7710084319114685,
            "Y": 0.6105518937110901
          },
          {
            "X": 0.2330000400543213,
            "Y": 0.6095457077026367
          }
        ]
      },
      "Id": "82ecfeb1-680c-49cc-bdd5-a88ae3f4f412",
      "Relationships": [
        {
          "Type": "CHILD",
          "Ids": [
            "ef31eb2a-c222-49f3-9a55-6f92dc6c33a0",
            "169fa3d1-c18b-4267-a3a1-72a86f782aeb",
            "a6a6c298-c92f-4aa8-96b9-975ca93a6dc7",
            "d76f93af-a157-4b9b-a447-cbbc1b09b658",
            "ab63c349-deed-4002-9497-701ce0d37939",
            "e80223a5-1194-45c7-a3d2-bde8adb96d63",
            "eca11a82-02bc-418b-b7d4-f0fba01849d0",
            "bb61b23e-b2e1-493f-8696-a4c190cd2b3a",
            "f0b6ab5e-7846-4619-9e32-b4063f45e359",
            "72b06f48-af31-4735-ba39-301ab2316718",
            "6f5f2c1f-a543-4fb5-8a17-76baf3f57ecf",
            "c8912abc-85e5-415e-b081-497b04f8c303",
            "71e9751d-ce70-4391-a933-74e4c8c96ab2",
            "6211d15e-e088-4b6b-b488-dbcb1e396423",
            "3ce0d4b1-5aee-4b69-b84b-e24d95f2c5bb",
            "bff552ee-9333-430d-bb95-d8654db6c6b8",
            "f700baf0-0f12-45d2-b8a3-73a7555be049",
            "1a14c60c-b1a5-4e29-af08-14ebab16bac0",
            "9f328c3c-ed9d-48a8-a41d-77ddabd4fbc8",
            "0b1b58b0-41c0-4094-968a-633dd979362c",
            "53d21502-8226-441f-8df3-152d8c3a982d",
            "1d5662c7-403f-4d0a-aed8-e27d7cc64f6d",
            "8f3cccc9-b8b1-4018-9d27-7ec6090909bf",
            "9cbd7bbe-65c7-4d58-b1a6-4f10ae797d25",
            "7a4e944a-693f-4701-be69-6a7bd20907c3",
            "43ff4d25-b387-467b-bbf8-fbcb41cc8237",
            "471ae9c3-cd4b-498d-922c-b875da9f2b1f",
            "18074e06-e236-4a54-9bfb-dd0f4f3d0fd1",
            "6dea90e7-2fc7-4730-9351-89cfbd7ce55f",
            "405324e2-befe-44db-a631-f3c46d4bd545"
          ]
        },
        {
          "Type": "MERGED_CELL",
          "Ids": [
            "c8e23d67-c116-4c5c-80d5-784f93633d34",
            "b7c454c5-4ce7-4e50-8f42-c71a0431db96"
          ]
        }
      ],
      "EntityTypes": [
        "STRUCTURED_TABLE"
      ],
      "Page": 1
    },
    {
      "BlockType": "CELL",
      "Confidence": 57.861328125,
      "RowIndex": 1,
      "ColumnIndex": 1,
      "RowSpan": 1,
      "ColumnSpan": 1,
      "Geometry": {
        "BoundingBox": {
          "Width": 0.09538443386554718,
          "Height": 0.037811294198036194,
          "Left": 0.23131422698497772,
          "Top": 0.3831774890422821
        },
        "Polygon": [
          {
            "X": 0.23131422698497772,
            "Y": 0.3831774890422821
          },
          {
            "X": 0.3264196217060089,
            "Y": 0.3833249509334564
          },
          {
            "X": 0.3266986608505249,
            "Y": 0.4209887981414795
          },
          {
            "X": 0.23157081007957458,
            "Y": 0.4208362102508545
          }
        ]
      },
      "Id": "ef31eb2a-c222-49f3-9a55-6f92dc6c33a0",
      "Relationships": [
        {
          "Type": "CHILD",
          "Ids": [
            "b847b662-1ba3-4700-b47c-822b7ecce296"
          ]
        }
      ],
      "EntityTypes": [
        "COLUMN_HEADER"
      ],
      "Page": 1
    },
    {
      "BlockType": "CELL",
      "Confidence": 75.68359375,
      "RowIndex": 1,
      "ColumnIndex": 2,
      "RowSpan": 1,
      "ColumnSpan": 1,
      "Geometry": {
        "BoundingBox": {
          "Width": 0.11999228596687317,
          "Height": 0.03785581514239311,
          "Left": 0.3264196217060089,
          "Top": 0.3833249509334564
        },
        "Polygon": [
          {
            "X": 0.3264196217060089,
            "Y": 0.3833249509334564
          },
          {
            "X": 0.44610464572906494,
            "Y": 0.383510559797287
          },
          {
            "X": 0.4464119076728821,
            "Y": 0.421180784702301
          },
          {
            "X": 0.3266986608505249,
            "Y": 0.4209887981414795
          }
        ]
      },
      "Id": "169fa3d1-c18b-4267-a3a1-72a86f782aeb",
      "Relationships": [
        {
          "Type": "CHILD",
          "Ids": [
            "c2e4e77f-db9d-4b93-bf88-a4d1cdef79d4"
          ]
        }
      ],
      "EntityTypes": [
        "COLUMN_HEADER"
      ],
      "Page": 1
    },
    {
      "BlockType": "CELL",
      "Confidence": 75.68359375,
      "RowIndex": 1,
      "ColumnIndex": 3,
      "RowSpan": 1,
      "ColumnSpan": 1,
      "Geometry": {
        "BoundingBox": {
          "Width": 0.11007997393608093,
          "Height": 0.03784628212451935,
          "Left": 0.44610464572906494,
          "Top": 0.383510559797287
        },
        "Polygon": [
          {
            "X": 0.44610464572906494,
            "Y": 0.383510559797287
          },
          {
            "X": 0.555851399898529,
            "Y": 0.3836807310581207
          },
          {
            "X": 0.5561845898628235,
            "Y": 0.42135682702064514
          },
          {
            "X": 0.4464119076728821,
            "Y": 0.421180784702301
          }
        ]
      },
      "Id": "a6a6c298-c92f-4aa8-96b9-975ca93a6dc7",
      "EntityTypes": [
        "COLUMN_HEADER"
      ],
      "Page": 1
    },
    {
      "BlockType": "CELL",
      "Confidence": 75.68359375,
      "RowIndex": 1,
      "ColumnIndex": 4,
      "RowSpan": 1,
      "ColumnSpan": 1,
      "Geometry": {
        "BoundingBox": {
          "Width": 0.11167589575052261,
          "Height": 0.03785467520356178,
          "Left": 0.555851399898529,
          "Top": 0.3836807310581207
        },
        "Polygon": [
          {
            "X": 0.555851399898529,
            "Y": 0.3836807310581207
          },
          {
            "X": 0.6671678423881531,
            "Y": 0.38385334610939026
          },
          {
            "X": 0.6675273180007935,
            "Y": 0.4215354025363922
          },
          {
            "X": 0.5561845898628235,
            "Y": 0.42135682702064514
          }
        ]
      },
      "Id": "d76f93af-a157-4b9b-a447-cbbc1b09b658",
      "EntityTypes": [
        "COLUMN_HEADER"
      ],
      "Page": 1
    },
    {
      "BlockType": "CELL",
      "Confidence": 75.68359375,
      "RowIndex": 1,
      "ColumnIndex": 5,
      "RowSpan": 1,
      "ColumnSpan": 1,
      "Geometry": {
        "BoundingBox": {
          "Width": 0.10175015777349472,
          "Height": 0.03784467279911041,
          "Left": 0.6671678423881531,
          "Top": 0.38385334610939026
        },
        "Polygon": [
          {
            "X": 0.6671678423881531,
            "Y": 0.38385334610939026
          },
          {
            "X": 0.7685346007347107,
            "Y": 0.38401052355766296
          },
          {
            "X": 0.768917977809906,
            "Y": 0.4216980040073395
          },
          {
            "X": 0.6675273180007935,
            "Y": 0.4215354025363922
          }
        ]
      },
      "Id": "ab63c349-deed-4002-9497-701ce0d37939",
      "EntityTypes": [
        "COLUMN_HEADER"
      ],
      "Page": 1
    },
    {
      "BlockType": "CELL",
      "Confidence": 57.861328125,
      "RowIndex": 2,
      "ColumnIndex": 1,
      "RowSpan": 1,
      "ColumnSpan": 1,
      "Geometry": {
        "BoundingBox": {
          "Width": 0.09548404067754745,
          "Height": 0.04823217913508415,
          "Left": 0.23157081007957458,
          "Top": 0.4208362102508545
        },
        "Polygon": [
          {
            "X": 0.23157081007957458,
            "Y": 0.4208362102508545
          },
          {
            "X": 0.3266986608505249,
            "Y": 0.4209887981414795
          },
          {
            "X": 0.32705485820770264,
            "Y": 0.46906840801239014
          },
          {
            "X": 0.23189836740493774,
            "Y": 0.4689093232154846
          }
        ]
      },
      "Id": "e80223a5-1194-45c7-a3d2-bde8adb96d63",
      "EntityTypes": [
        "COLUMN_HEADER"
      ],
      "Page": 1
    },
    {
      "BlockType": "CELL",
      "Confidence": 86.81640625,
      "RowIndex": 2,
      "ColumnIndex": 2,
      "RowSpan": 1,
      "ColumnSpan": 1,
      "Geometry": {
        "BoundingBox": {
          "Width": 0.12010551244020462,
          "Height": 0.048279792070388794,
          "Left": 0.3266986608505249,
          "Top": 0.4209887981414795
        },
        "Polygon": [
          {
            "X": 0.3266986608505249,
            "Y": 0.4209887981414795
          },
          {
            "X": 0.4464119076728821,
            "Y": 0.421180784702301
          },
          {
            "X": 0.4468041658401489,
            "Y": 0.4692685902118683
          },
          {
            "X": 0.32705485820770264,
            "Y": 0.46906840801239014
          }
        ]
      },
      "Id": "eca11a82-02bc-418b-b7d4-f0fba01849d0",
      "Relationships": [
        {
          "Type": "CHILD",
          "Ids": [
            "c2a01bc0-715c-435c-82e1-cf01ef1c367e"
          ]
        }
      ],
      "EntityTypes": [
        "COLUMN_HEADER"
      ],
      "Page": 1
    },
    {
      "BlockType": "CELL",
      "Confidence": 86.03515625,
      "RowIndex": 2,
      "ColumnIndex": 3,
      "RowSpan": 1,
      "ColumnSpan": 1,
      "Geometry": {
        "BoundingBox": {
          "Width": 0.11019802838563919,
          "Height": 0.04827135428786278,
          "Left": 0.4464119076728821,
          "Top": 0.421180784702301
        },
        "Polygon": [
          {
            "X": 0.4464119076728821,
            "Y": 0.421180784702301
          },
          {
            "X": 0.5561845898628235,
            "Y": 0.42135682702064514
          },
          {
            "X": 0.5566099286079407,
            "Y": 0.4694521427154541
          },
          {
            "X": 0.4468041658401489,
            "Y": 0.4692685902118683
          }
        ]
      },
      "Id": "bb61b23e-b2e1-493f-8696-a4c190cd2b3a",
      "Relationships": [
        {
          "Type": "CHILD",
          "Ids": [
            "81479f82-a496-4364-bbc7-ed7103be4875"
          ]
        }
      ],
      "EntityTypes": [
        "COLUMN_HEADER"
      ],
      "Page": 1
    },
    {
      "BlockType": "CELL",
      "Confidence": 88.330078125,
      "RowIndex": 2,
      "ColumnIndex": 4,
      "RowSpan": 1,
      "ColumnSpan": 1,
      "Geometry": {
        "BoundingBox": {
          "Width": 0.11180159449577332,
          "Height": 0.048281483352184296,
          "Left": 0.5561845898628235,
          "Top": 0.42135682702064514
        },
        "Polygon": [
          {
            "X": 0.5561845898628235,
            "Y": 0.42135682702064514
          },
          {
            "X": 0.6675273180007935,
            "Y": 0.4215354025363922
          },
          {
            "X": 0.6679862141609192,
            "Y": 0.46963831782341003
          },
          {
            "X": 0.5566099286079407,
            "Y": 0.4694521427154541
          }
        ]
      },
      "Id": "f0b6ab5e-7846-4619-9e32-b4063f45e359",
      "Relationships": [
        {
          "Type": "CHILD",
          "Ids": [
            "4f4ac32e-d3a7-47bb-b8cd-b3b6ef63a307"
          ]
        }
      ],
      "EntityTypes": [
        "COLUMN_HEADER"
      ],
      "Page": 1
    },
    {
      "BlockType": "CELL",
      "Confidence": 87.59765625,
      "RowIndex": 2,
      "ColumnIndex": 5,
      "RowSpan": 1,
      "ColumnSpan": 1,
      "Geometry": {
        "BoundingBox": {
          "Width": 0.10204903781414032,
          "Height": 0.04827273637056351,
          "Left": 0.6675273180007935,
          "Top": 0.4215354025363922
        },
        "Polygon": [
          {
            "X": 0.6675273180007935,
            "Y": 0.4215354025363922
          },
          {
            "X": 0.7690868377685547,
            "Y": 0.42169827222824097
          },
          {
            "X": 0.769576370716095,
            "Y": 0.4698081314563751
          },
          {
            "X": 0.6679862141609192,
            "Y": 0.46963831782341003
          }
        ]
      },
      "Id": "72b06f48-af31-4735-ba39-301ab2316718",
      "Relationships": [
        {
          "Type": "CHILD",
          "Ids": [
            "bec71fad-baa7-46b0-9c6c-533b25c76115"
          ]
        }
      ],
      "EntityTypes": [
        "COLUMN_HEADER"
      ],
      "Page": 1
    },
    {
      "BlockType": "CELL",
      "Confidence": 88.37890625,
      "RowIndex": 3,
      "ColumnIndex": 1,
      "RowSpan": 1,
      "ColumnSpan": 1,
      "Geometry": {
        "BoundingBox": {
          "Width": 0.09529249370098114,
          "Height": 0.03786306455731392,
          "Left": 0.23204168677330017,
          "Top": 0.4689095616340637
        },
        "Polygon": [
          {
            "X": 0.23204168677330017,
            "Y": 0.4689095616340637
          },
          {
            "X": 0.32705485820770264,
            "Y": 0.46906840801239014
          },
          {
            "X": 0.3273341953754425,
            "Y": 0.5067726373672485
          },
          {
            "X": 0.2322985827922821,
            "Y": 0.5066087245941162
          }
        ]
      },
      "Id": "6f5f2c1f-a543-4fb5-8a17-76baf3f57ecf",
      "Relationships": [
        {
          "Type": "CHILD",
          "Ids": [
            "18bda129-fe26-47ec-9141-a29012e5b722",
            "e5f59f16-b671-43bc-b532-74eea40e9734"
          ]
        }
      ],
      "Page": 1
    },
    {
      "BlockType": "CELL",
      "Confidence": 87.01171875,
      "RowIndex": 3,
      "ColumnIndex": 2,
      "RowSpan": 1,
      "ColumnSpan": 1,
      "Geometry": {
        "BoundingBox": {
          "Width": 0.12005692720413208,
          "Height": 0.037910837680101395,
          "Left": 0.32705485820770264,
          "Top": 0.46906840801239014
        },
        "Polygon": [
          {
            "X": 0.32705485820770264,
            "Y": 0.46906840801239014
          },
          {
            "X": 0.4468041658401489,
            "Y": 0.4692685902118683
          },
          {
            "X": 0.4471117854118347,
            "Y": 0.50697922706604
          },
          {
            "X": 0.3273341953754425,
            "Y": 0.5067726373672485
          }
        ]
      },
      "Id": "c8912abc-85e5-415e-b081-497b04f8c303",
      "Relationships": [
        {
          "Type": "CHILD",
          "Ids": [
            "442294aa-116b-4cbe-813a-08208ae2727d"
          ]
        }
      ],
      "Page": 1
    },
    {
      "BlockType": "CELL",
      "Confidence": 86.181640625,
      "RowIndex": 3,
      "ColumnIndex": 3,
      "RowSpan": 1,
      "ColumnSpan": 1,
      "Geometry": {
        "BoundingBox": {
          "Width": 0.11013931781053543,
          "Height": 0.03790010139346123,
          "Left": 0.4468041658401489,
          "Top": 0.4692685902118683
        },
        "Polygon": [
          {
            "X": 0.4468041658401489,
            "Y": 0.4692685902118683
          },
          {
            "X": 0.5566099286079407,
            "Y": 0.4694521427154541
          },
          {
            "X": 0.5569434762001038,
            "Y": 0.507168710231781
          },
          {
            "X": 0.4471117854118347,
            "Y": 0.50697922706604
          }
        ]
      },
      "Id": "71e9751d-ce70-4391-a933-74e4c8c96ab2",
      "Relationships": [
        {
          "Type": "CHILD",
          "Ids": [
            "49751bb6-d9dc-4ea8-8c2d-2cf66e5769c6"
          ]
        }
      ],
      "Page": 1
    },
    {
      "BlockType": "CELL",
      "Confidence": 88.525390625,
      "RowIndex": 3,
      "ColumnIndex": 4,
      "RowSpan": 1,
      "ColumnSpan": 1,
      "Geometry": {
        "BoundingBox": {
          "Width": 0.11173613369464874,
          "Height": 0.03790869936347008,
          "Left": 0.5566099286079407,
          "Top": 0.4694521427154541
        },
        "Polygon": [
          {
            "X": 0.5566099286079407,
            "Y": 0.4694521427154541
          },
          {
            "X": 0.6679862141609192,
            "Y": 0.46963831782341003
          },
          {
            "X": 0.6683460474014282,
            "Y": 0.5073608160018921
          },
          {
            "X": 0.5569434762001038,
            "Y": 0.507168710231781
          }
        ]
      },
      "Id": "6211d15e-e088-4b6b-b488-dbcb1e396423",
      "Relationships": [
        {
          "Type": "CHILD",
          "Ids": [
            "188deead-718a-439e-b630-2d86e6ddbb6e"
          ]
        }
      ],
      "Page": 1
    },
    {
      "BlockType": "CELL",
      "Confidence": 87.79296875,
      "RowIndex": 3,
      "ColumnIndex": 5,
      "RowSpan": 1,
      "ColumnSpan": 1,
      "Geometry": {
        "BoundingBox": {
          "Width": 0.10197402536869049,
          "Height": 0.03789778798818588,
          "Left": 0.6679862141609192,
          "Top": 0.46963831782341003
        },
        "Polygon": [
          {
            "X": 0.6679862141609192,
            "Y": 0.46963831782341003
          },
          {
            "X": 0.769576370716095,
            "Y": 0.4698081314563751
          },
          {
            "X": 0.7699602246284485,
            "Y": 0.5075361132621765
          },
          {
            "X": 0.6683460474014282,
            "Y": 0.5073608160018921
          }
        ]
      },
      "Id": "3ce0d4b1-5aee-4b69-b84b-e24d95f2c5bb",
      "Relationships": [
        {
          "Type": "CHILD",
          "Ids": [
            "38f44bb6-1f1b-4ea2-a048-fdfa4b39c14c"
          ]
        }
      ],
      "Page": 1
    },
    {
      "BlockType": "CELL",
      "Confidence": 85.9375,
      "RowIndex": 4,
      "ColumnIndex": 1,
      "RowSpan": 1,
      "ColumnSpan": 1,
      "Geometry": {
        "BoundingBox": {
          "Width": 0.09526686370372772,
          "Height": 0.031380876898765564,
          "Left": 0.2322985827922821,
          "Top": 0.5066087245941162
        },
        "Polygon": [
          {
            "X": 0.2322985827922821,
            "Y": 0.5066087245941162
          },
          {
            "X": 0.3273341953754425,
            "Y": 0.5067726373672485
          },
          {
            "X": 0.327565461397171,
            "Y": 0.537989616394043
          },
          {
            "X": 0.23251128196716309,
            "Y": 0.5378214716911316
          }
        ]
      },
      "Id": "bff552ee-9333-430d-bb95-d8654db6c6b8",
      "Relationships": [
        {
          "Type": "CHILD",
          "Ids": [
            "651aea83-4c23-4cc8-b5ae-aca980a570f6",
            "27ac05f1-32bd-410b-bdb4-0f1d094381f8"
          ]
        }
      ],
      "Page": 1
    },
    {
      "BlockType": "CELL",
      "Confidence": 84.619140625,
      "RowIndex": 4,
      "ColumnIndex": 2,
      "RowSpan": 1,
      "ColumnSpan": 1,
      "Geometry": {
        "BoundingBox": {
          "Width": 0.12003228068351746,
          "Height": 0.03142886981368065,
          "Left": 0.3273341953754425,
          "Top": 0.5067726373672485
        },
        "Polygon": [
          {
            "X": 0.3273341953754425,
            "Y": 0.5067726373672485
          },
          {
            "X": 0.4471117854118347,
            "Y": 0.50697922706604
          },
          {
            "X": 0.44736647605895996,
            "Y": 0.5382015109062195
          },
          {
            "X": 0.327565461397171,
            "Y": 0.537989616394043
          }
        ]
      },
      "Id": "f700baf0-0f12-45d2-b8a3-73a7555be049",
      "Relationships": [
        {
          "Type": "CHILD",
          "Ids": [
            "dc10b703-41ee-425b-9a46-4bb5a3e06aa3"
          ]
        }
      ],
      "Page": 1
    },
    {
      "BlockType": "CELL",
      "Confidence": 83.7890625,
      "RowIndex": 4,
      "ColumnIndex": 3,
      "RowSpan": 1,
      "ColumnSpan": 1,
      "Geometry": {
        "BoundingBox": {
          "Width": 0.11010786890983582,
          "Height": 0.03141659125685692,
          "Left": 0.4471117854118347,
          "Top": 0.50697922706604
        },
        "Polygon": [
          {
            "X": 0.4471117854118347,
            "Y": 0.50697922706604
          },
          {
            "X": 0.5569434762001038,
            "Y": 0.507168710231781
          },
          {
            "X": 0.5572196245193481,
            "Y": 0.5383958220481873
          },
          {
            "X": 0.44736647605895996,
            "Y": 0.5382015109062195
          }
        ]
      },
      "Id": "1a14c60c-b1a5-4e29-af08-14ebab16bac0",
      "Relationships": [
        {
          "Type": "CHILD",
          "Ids": [
            "c13fcf99-db3a-43fc-9386-07b8f0f7b0df"
          ]
        }
      ],
      "Page": 1
    },
    {
      "BlockType": "CELL",
      "Confidence": 86.03515625,
      "RowIndex": 4,
      "ColumnIndex": 4,
      "RowSpan": 1,
      "ColumnSpan": 1,
      "Geometry": {
        "BoundingBox": {
          "Width": 0.11170053482055664,
          "Height": 0.03142424672842026,
          "Left": 0.5569434762001038,
          "Top": 0.507168710231781
        },
        "Polygon": [
          {
            "X": 0.5569434762001038,
            "Y": 0.507168710231781
          },
          {
            "X": 0.6683460474014282,
            "Y": 0.5073608160018921
          },
          {
            "X": 0.6686440110206604,
            "Y": 0.5385929346084595
          },
          {
            "X": 0.5572196245193481,
            "Y": 0.5383958220481873
          }
        ]
      },
      "Id": "9f328c3c-ed9d-48a8-a41d-77ddabd4fbc8",
      "Relationships": [
        {
          "Type": "CHILD",
          "Ids": [
            "e2a40706-5429-4feb-88dc-b03a443f9be2"
          ]
        }
      ],
      "Page": 1
    },
    {
      "BlockType": "CELL",
      "Confidence": 85.3515625,
      "RowIndex": 4,
      "ColumnIndex": 5,
      "RowSpan": 1,
      "ColumnSpan": 1,
      "Geometry": {
        "BoundingBox": {
          "Width": 0.10193198919296265,
          "Height": 0.031411875039339066,
          "Left": 0.6683460474014282,
          "Top": 0.5073608160018921
        },
        "Polygon": [
          {
            "X": 0.6683460474014282,
            "Y": 0.5073608160018921
          },
          {
            "X": 0.7699602246284485,
            "Y": 0.5075361132621765
          },
          {
            "X": 0.7702780365943909,
            "Y": 0.538772702217102
          },
          {
            "X": 0.6686440110206604,
            "Y": 0.5385929346084595
          }
        ]
      },
      "Id": "0b1b58b0-41c0-4094-968a-633dd979362c",
      "Relationships": [
        {
          "Type": "CHILD",
          "Ids": [
            "9a51ad11-0c72-4b8e-a5d0-cc89c142eb8b"
          ]
        }
      ],
      "Page": 1
    },
    {
      "BlockType": "CELL",
      "Confidence": 84.66796875,
      "RowIndex": 5,
      "ColumnIndex": 1,
      "RowSpan": 1,
      "ColumnSpan": 1,
      "Geometry": {
        "BoundingBox": {
          "Width": 0.09529516845941544,
          "Height": 0.03269875794649124,
          "Left": 0.23251128196716309,
          "Top": 0.5378214716911316
        },
        "Polygon": [
          {
            "X": 0.23251128196716309,
            "Y": 0.5378214716911316
          },
          {
            "X": 0.327565461397171,
            "Y": 0.537989616394043
          },
          {
            "X": 0.3278064429759979,
            "Y": 0.5705202221870422
          },
          {
            "X": 0.23273293673992157,
            "Y": 0.5703476667404175
          }
        ]
      },
      "Id": "53d21502-8226-441f-8df3-152d8c3a982d",
      "Relationships": [
        {
          "Type": "CHILD",
          "Ids": [
            "616ab99e-7bde-4e9d-9c5f-cf241ccd1e53",
            "c240539a-e3b5-41b0-b181-a4a3dc3c0b41"
          ]
        }
      ],
      "Page": 1
    },
    {
      "BlockType": "CELL",
      "Confidence": 83.349609375,
      "RowIndex": 5,
      "ColumnIndex": 2,
      "RowSpan": 1,
      "ColumnSpan": 1,
      "Geometry": {
        "BoundingBox": {
          "Width": 0.12006641179323196,
          "Height": 0.03274807706475258,
          "Left": 0.327565461397171,
          "Top": 0.537989616394043
        },
        "Polygon": [
          {
            "X": 0.327565461397171,
            "Y": 0.537989616394043
          },
          {
            "X": 0.44736647605895996,
            "Y": 0.5382015109062195
          },
          {
            "X": 0.4476318657398224,
            "Y": 0.5707376599311829
          },
          {
            "X": 0.3278064429759979,
            "Y": 0.5705202221870422
          }
        ]
      },
      "Id": "1d5662c7-403f-4d0a-aed8-e27d7cc64f6d",
      "Relationships": [
        {
          "Type": "CHILD",
          "Ids": [
            "cc331a7b-dfcc-4d74-82d4-deef591528e5"
          ]
        }
      ],
      "Page": 1
    },
    {
      "BlockType": "CELL",
      "Confidence": 82.568359375,
      "RowIndex": 5,
      "ColumnIndex": 3,
      "RowSpan": 1,
      "ColumnSpan": 1,
      "Geometry": {
        "BoundingBox": {
          "Width": 0.11014096438884735,
          "Height": 0.032735563814640045,
          "Left": 0.44736647605895996,
          "Top": 0.5382015109062195
        },
        "Polygon": [
          {
            "X": 0.44736647605895996,
            "Y": 0.5382015109062195
          },
          {
            "X": 0.5572196245193481,
            "Y": 0.5383958220481873
          },
          {
            "X": 0.5575074553489685,
            "Y": 0.5709370970726013
          },
          {
            "X": 0.4476318657398224,
            "Y": 0.5707376599311829
          }
        ]
      },
      "Id": "8f3cccc9-b8b1-4018-9d27-7ec6090909bf",
      "Relationships": [
        {
          "Type": "CHILD",
          "Ids": [
            "41c3cc7e-1c72-41e0-80b5-dd1bdd8297f6"
          ]
        }
      ],
      "Page": 1
    },
    {
      "BlockType": "CELL",
      "Confidence": 84.814453125,
      "RowIndex": 5,
      "ColumnIndex": 4,
      "RowSpan": 1,
      "ColumnSpan": 1,
      "Geometry": {
        "BoundingBox": {
          "Width": 0.11173485964536667,
          "Height": 0.03274349868297577,
          "Left": 0.5572196245193481,
          "Top": 0.5383958220481873
        },
        "Polygon": [
          {
            "X": 0.5572196245193481,
            "Y": 0.5383958220481873
          },
          {
            "X": 0.6686440110206604,
            "Y": 0.5385929346084595
          },
          {
            "X": 0.6689544916152954,
            "Y": 0.5711393356323242
          },
          {
            "X": 0.5575074553489685,
            "Y": 0.5709370970726013
          }
        ]
      },
      "Id": "9cbd7bbe-65c7-4d58-b1a6-4f10ae797d25",
      "Relationships": [
        {
          "Type": "CHILD",
          "Ids": [
            "eadf486b-9a23-4137-94b2-11bdbee8219f"
          ]
        }
      ],
      "Page": 1
    },
    {
      "BlockType": "CELL",
      "Confidence": 84.08203125,
      "RowIndex": 5,
      "ColumnIndex": 5,
      "RowSpan": 1,
      "ColumnSpan": 1,
      "Geometry": {
        "BoundingBox": {
          "Width": 0.10196524113416672,
          "Height": 0.03273088485002518,
          "Left": 0.6686440110206604,
          "Top": 0.5385929346084595
        },
        "Polygon": [
          {
            "X": 0.6686440110206604,
            "Y": 0.5385929346084595
          },
          {
            "X": 0.7702780365943909,
            "Y": 0.538772702217102
          },
          {
            "X": 0.7706092596054077,
            "Y": 0.571323812007904
          },
          {
            "X": 0.6689544916152954,
            "Y": 0.5711393356323242
          }
        ]
      },
      "Id": "7a4e944a-693f-4701-be69-6a7bd20907c3",
      "Relationships": [
        {
          "Type": "CHILD",
          "Ids": [
            "9b9a1a16-44b8-491c-b101-e0b36f41e1ce"
          ]
        }
      ],
      "Page": 1
    },
    {
      "BlockType": "CELL",
      "Confidence": 90.4296875,
      "RowIndex": 6,
      "ColumnIndex": 1,
      "RowSpan": 1,
      "ColumnSpan": 1,
      "Geometry": {
        "BoundingBox": {
          "Width": 0.09536395221948624,
          "Height": 0.039375897496938705,
          "Left": 0.23273293673992157,
          "Top": 0.5703476667404175
        },
        "Polygon": [
          {
            "X": 0.23273293673992157,
            "Y": 0.5703476667404175
          },
          {
            "X": 0.3278064429759979,
            "Y": 0.5705202221870422
          },
          {
            "X": 0.3280968964099884,
            "Y": 0.6097235679626465
          },
          {
            "X": 0.2330000400543213,
            "Y": 0.6095457077026367
          }
        ]
      },
      "Id": "43ff4d25-b387-467b-bbf8-fbcb41cc8237",
      "Relationships": [
        {
          "Type": "CHILD",
          "Ids": [
            "c92756dd-fb2d-4cfc-9add-b64e0491c70c",
            "a7de24ec-cdee-43ea-9a67-0e8afd7eb351",
            "08785379-ae06-4f9b-9e1f-83742efe86ed"
          ]
        }
      ],
      "Page": 1
    },
    {
      "BlockType": "CELL",
      "Confidence": 89.013671875,
      "RowIndex": 6,
      "ColumnIndex": 2,
      "RowSpan": 1,
      "ColumnSpan": 1,
      "Geometry": {
        "BoundingBox": {
          "Width": 0.12014524638652802,
          "Height": 0.0394275039434433,
          "Left": 0.3278064429759979,
          "Top": 0.5705202221870422
        },
        "Polygon": [
          {
            "X": 0.3278064429759979,
            "Y": 0.5705202221870422
          },
          {
            "X": 0.4476318657398224,
            "Y": 0.5707376599311829
          },
          {
            "X": 0.44795170426368713,
            "Y": 0.609947681427002
          },
          {
            "X": 0.3280968964099884,
            "Y": 0.6097235679626465
          }
        ]
      },
      "Id": "471ae9c3-cd4b-498d-922c-b875da9f2b1f",
      "Relationships": [
        {
          "Type": "CHILD",
          "Ids": [
            "8f5a58d9-cb0d-4e5f-a5ea-2928c977f252"
          ]
        }
      ],
      "Page": 1
    },
    {
      "BlockType": "CELL",
      "Confidence": 88.18359375,
      "RowIndex": 6,
      "ColumnIndex": 3,
      "RowSpan": 1,
      "ColumnSpan": 1,
      "Geometry": {
        "BoundingBox": {
          "Width": 0.11022237688302994,
          "Height": 0.03941557556390762,
          "Left": 0.4476318657398224,
          "Top": 0.5707376599311829
        },
        "Polygon": [
          {
            "X": 0.4476318657398224,
            "Y": 0.5707376599311829
          },
          {
            "X": 0.5575074553489685,
            "Y": 0.5709370970726013
          },
          {
            "X": 0.5578542351722717,
            "Y": 0.6101532578468323
          },
          {
            "X": 0.44795170426368713,
            "Y": 0.609947681427002
          }
        ]
      },
      "Id": "18074e06-e236-4a54-9bfb-dd0f4f3d0fd1",
      "Relationships": [
        {
          "Type": "CHILD",
          "Ids": [
            "4792e43c-fb50-408c-a391-61f310857817"
          ]
        }
      ],
      "Page": 1
    },
    {
      "BlockType": "CELL",
      "Confidence": 90.576171875,
      "RowIndex": 6,
      "ColumnIndex": 4,
      "RowSpan": 1,
      "ColumnSpan": 1,
      "Geometry": {
        "BoundingBox": {
          "Width": 0.1118212565779686,
          "Height": 0.03942464292049408,
          "Left": 0.5575074553489685,
          "Top": 0.5709370970726013
        },
        "Polygon": [
          {
            "X": 0.5575074553489685,
            "Y": 0.5709370970726013
          },
          {
            "X": 0.6689544916152954,
            "Y": 0.5711393356323242
          },
          {
            "X": 0.6693286895751953,
            "Y": 0.6103616952896118
          },
          {
            "X": 0.5578542351722717,
            "Y": 0.6101532578468323
          }
        ]
      },
      "Id": "6dea90e7-2fc7-4730-9351-89cfbd7ce55f",
      "Relationships": [
        {
          "Type": "CHILD",
          "Ids": [
            "8706e4fb-66ac-4561-a852-aaac1cdf8ee4"
          ]
        }
      ],
      "Page": 1
    },
    {
      "BlockType": "CELL",
      "Confidence": 89.84375,
      "RowIndex": 6,
      "ColumnIndex": 5,
      "RowSpan": 1,
      "ColumnSpan": 1,
      "Geometry": {
        "BoundingBox": {
          "Width": 0.10205389559268951,
          "Height": 0.039412543177604675,
          "Left": 0.6689544916152954,
          "Top": 0.5711393356323242
        },
        "Polygon": [
          {
            "X": 0.6689544916152954,
            "Y": 0.5711393356323242
          },
          {
            "X": 0.7706092596054077,
            "Y": 0.571323812007904
          },
          {
            "X": 0.7710084319114685,
            "Y": 0.6105518937110901
          },
          {
            "X": 0.6693286895751953,
            "Y": 0.6103616952896118
          }
        ]
      },
      "Id": "405324e2-befe-44db-a631-f3c46d4bd545",
      "Relationships": [
        {
          "Type": "CHILD",
          "Ids": [
            "926bd8f6-7398-410a-bb62-972fafa71080"
          ]
        }
      ],
      "Page": 1
    },
    {
      "BlockType": "MERGED_CELL",
      "Confidence": 57.861328125,
      "RowIndex": 1,
      "ColumnIndex": 1,
      "RowSpan": 2,
      "ColumnSpan": 1,
      "Geometry": {
        "BoundingBox": {
          "Width": 0.09559431672096252,
          "Height": 0.08544188737869263,
          "Left": 0.2314605414867401,
          "Top": 0.3836265206336975
        },
        "Polygon": [
          {
            "X": 0.2314605414867401,
            "Y": 0.3836265206336975
          },
          {
            "X": 0.32642295956611633,
            "Y": 0.3837738335132599
          },
          {
            "X": 0.32705485820770264,
            "Y": 0.46906840801239014
          },
          {
            "X": 0.23204168677330017,
            "Y": 0.4689095616340637
          }
        ]
      },
      "Id": "c8e23d67-c116-4c5c-80d5-784f93633d34",
      "Relationships": [
        {
          "Type": "CHILD",
          "Ids": [
            "ef31eb2a-c222-49f3-9a55-6f92dc6c33a0",
            "e80223a5-1194-45c7-a3d2-bde8adb96d63"
          ]
        }
      ],
      "EntityTypes": [
        "COLUMN_HEADER"
      ],
      "Page": 1
    },
    {
      "BlockType": "MERGED_CELL",
      "Confidence": 75.68359375,
      "RowIndex": 1,
      "ColumnIndex": 2,
      "RowSpan": 1,
      "ColumnSpan": 4,
      "Geometry": {
        "BoundingBox": {
          "Width": 0.44266387820243835,
          "Height": 0.03792446479201317,
          "Left": 0.32642295956611633,
          "Top": 0.3837738335132599
        },
        "Polygon": [
          {
            "X": 0.32642295956611633,
            "Y": 0.3837738335132599
          },
          {
            "X": 0.7687079310417175,
            "Y": 0.384459912776947
          },
          {
            "X": 0.7690868377685547,
            "Y": 0.42169827222824097
          },
          {
            "X": 0.3266986608505249,
            "Y": 0.4209887981414795
          }
        ]
      },
      "Id": "b7c454c5-4ce7-4e50-8f42-c71a0431db96",
      "Relationships": [
        {
          "Type": "CHILD",
          "Ids": [
            "169fa3d1-c18b-4267-a3a1-72a86f782aeb",
            "a6a6c298-c92f-4aa8-96b9-975ca93a6dc7",
            "d76f93af-a157-4b9b-a447-cbbc1b09b658",
            "ab63c349-deed-4002-9497-701ce0d37939"
          ]
        }
      ],
      "EntityTypes": [
        "COLUMN_HEADER"
      ],
      "Page": 1
    }
  ],
  "AnalyzeDocumentModelVersion": "1.0"
}