{
  "DocumentMetadata": {
    "Pages": 1
  },
  "JobStatus": "SUCCEEDED",
  "Blocks": [
    {
      "BlockType": "PAGE",
      "Geometry": {
        "BoundingBox": {
          "Width": 1,
          "Height": 1,
          "Left": 0,
          "Top": 0
        },
        "Polygon": [
          {
            "X": 0,
            "Y": 0
          },
          {
            "X": 1,
            "Y": 0.0000020695015336968936
          },
          {
            "X": 1,
            "Y": 1
          },
          {
            "X": 0.000029614620871143416,
            "Y": 1
          }
        ]
      },
      "Id": "3088116b-b433-4357-9c00-e9e3322558f3",
      "Relationships": [
        {
          "Type": "CHILD",
          "Ids": [
            "818d3ce3-d546-43f4-a143-19c02602d3dc",
            "fb2dc213-229f-457c-8539-2735a3e027ab",
            "3ce578c2-ad17-4596-8bd7-457609a0f851",
            "0a9fa03e-77ea-4ebc-a9c7-c4122aee899a",
            "6bc87fdd-c996-4610-a3ab-96b3a95c3a30",
            "9cec07d6-5cfe-4b93-ab35-6fd8de42f802",
            "83564f69-4e16-49bc-b9f5-9ca39b8d0696",
            "050ed876-1253-4bed-baa8-f89dafb63dfb",
            "b2204a27-f798-42e9-8489-bc831fba7e9a",
            "86f4650f-76e4-4090-8b5e-87f5d8cd4bcd",
            "58973184-af7e-4bcc-967a-d28a03f240ff",
            "b6dce962-fbc9-477c-8b49-2496a23e5db6",
            "a7f897e7-4b54-489e-a2a4-6449aca83b2d",
            "677de09f-4912-47f1-b121-a03ee0b9e9a1",
            "a8f92bf1-e6a0-4643-8eeb-35c85d441a4b",
            "c36050e9-1841-4372-8d77-59f027ebded8",
            "eaadb234-2f7d-4a32-88c2-05322a5ebb16",
            "e3c1aafe-5233-45a8-bf30-85ecdcff29a9",
            "86c1fc2d-0dbb-4301-8177-327a3ac657e4",
            "9819b1ab-efa5-4266-b863-a658e361ee48",
            "da5d3499-078f-4ad9-a5b4-4c318d409932"
          ]
        }
      ],
      "Page": 1
    },
    {
      "BlockType": "LINE",
      "Confidence": 99.94554901123047,
      "Text": "Sample name",
      "Geometry": {
        "BoundingBox": {
          "Width": 0.05890742316842079,
          "Height": 0.026330167427659035,
          "Left": 0.1852611005306244,
          "Top": 0.4298667311668396
        },
        "Polygon": [
          {
            "X": 0.1852611005306244,
            "Y": 0.4298667311668396
          },
          {
            "X": 0.24375681579113007,
            "Y": 0.4299851655960083
          },
          {
            "X": 0.24416851997375488,
            "Y": 0.4561969041824341
          },
          {
            "X": 0.18566101789474487,
            "Y": 0.4560859203338623
          }
        ]
      },
      "Id": "818d3ce3-d546-43f4-a143-19c02602d3dc",
      "Relationships": [
        {
          "Type": "CHILD",
          "Ids": [
            "0061abba-ccdd-47c6-bf6c-6423818678bd",
            "9e7e7dd1-4e22-4e0f-b9d0-438435468911"
          ]
        }
      ],
      "Page": 1
    },
    {
      "BlockType": "LINE",
      "Confidence": 79.71394348144531,
      "Text": "Onset (C)",
      "Geometry": {
        "BoundingBox": {
          "Width": 0.044545408338308334,
          "Height": 0.0271292831748724,
          "Left": 0.3759705722332001,
          "Top": 0.4289734363555908
        },
        "Polygon": [
          {
            "X": 0.3759705722332001,
            "Y": 0.4289734363555908
          },
          {
            "X": 0.42005422711372375,
            "Y": 0.42906296253204346
          },
          {
            "X": 0.4205159842967987,
            "Y": 0.4561026990413666
          },
          {
            "X": 0.376423180103302,
            "Y": 0.45601898431777954
          }
        ]
      },
      "Id": "fb2dc213-229f-457c-8539-2735a3e027ab",
      "Relationships": [
        {
          "Type": "CHILD",
          "Ids": [
            "bb5aa86e-bf25-4921-99ec-228aa6742f17",
            "3c95edd4-ebf7-47ae-8caa-ce896189a083"
          ]
        }
      ],
      "Page": 1
    },
    {
      "BlockType": "LINE",
      "Confidence": 89.29422760009766,
      "Text": "Endset (C)",
      "Geometry": {
        "BoundingBox": {
          "Width": 0.048386815935373306,
          "Height": 0.02779976651072502,
          "Left": 0.5090659260749817,
          "Top": 0.42876407504081726
        },
        "Polygon": [
          {
            "X": 0.5090659260749817,
            "Y": 0.42876407504081726
          },
          {
            "X": 0.5569501519203186,
            "Y": 0.42886143922805786
          },
          {
            "X": 0.5574527382850647,
            "Y": 0.4565638303756714
          },
          {
            "X": 0.5095582604408264,
            "Y": 0.4564729332923889
          }
        ]
      },
      "Id": "3ce578c2-ad17-4596-8bd7-457609a0f851",
      "Relationships": [
        {
          "Type": "CHILD",
          "Ids": [
            "2bae739a-37be-4511-9cdb-a2ed98d1b6d2",
            "845cd86d-55de-4f17-af7c-40c3a6cc83f0"
          ]
        }
      ],
      "Page": 1
    },
    {
      "BlockType": "LINE",
      "Confidence": 62.300968170166016,
      "Text": "Tg (C)",
      "Geometry": {
        "BoundingBox": {
          "Width": 0.028243467211723328,
          "Height": 0.02821235917508602,
          "Left": 0.6456258893013,
          "Top": 0.4290655851364136
        },
        "Polygon": [
          {
            "X": 0.6456258893013,
            "Y": 0.4290655851364136
          },
          {
            "X": 0.6733331084251404,
            "Y": 0.4291219115257263
          },
          {
            "X": 0.6738693714141846,
            "Y": 0.45727795362472534
          },
          {
            "X": 0.6461561918258667,
            "Y": 0.45722541213035583
          }
        ]
      },
      "Id": "0a9fa03e-77ea-4ebc-a9c7-c4122aee899a",
      "Relationships": [
        {
          "Type": "CHILD",
          "Ids": [
            "ed073626-7105-4ac0-98a9-fcab3bdf6881",
            "908d9f55-ac02-4ebb-9e66-632b7673407a"
          ]
        }
      ],
      "Page": 1
    },
    {
      "BlockType": "LINE",
      "Confidence": 81.29785919189453,
      "Text": "(Jg 1 °C)",
      "Geometry": {
        "BoundingBox": {
          "Width": 0.03861873969435692,
          "Height": 0.02986101806163788,
          "Left": 0.7834322452545166,
          "Top": 0.4262898564338684
        },
        "Polygon": [
          {
            "X": 0.7834322452545166,
            "Y": 0.4262898564338684
          },
          {
            "X": 0.8214494585990906,
            "Y": 0.42636772990226746
          },
          {
            "X": 0.8220509886741638,
            "Y": 0.4561508595943451
          },
          {
            "X": 0.7840250730514526,
            "Y": 0.45607852935791016
          }
        ]
      },
      "Id": "6bc87fdd-c996-4610-a3ab-96b3a95c3a30",
      "Relationships": [
        {
          "Type": "CHILD",
          "Ids": [
            "54625529-05bc-47cb-a181-150995b4729b",
            "c9af26e6-9291-4259-9eaf-fd60e96f6022",
            "1e1a994f-7da5-4913-a872-038ac687fb4e"
          ]
        }
      ],
      "Page": 1
    },
    {
      "BlockType": "LINE",
      "Confidence": 99.89173889160156,
      "Text": "Neat epoxy",
      "Geometry": {
        "BoundingBox": {
          "Width": 0.04927970841526985,
          "Height": 0.026346800848841667,
          "Left": 0.1854528933763504,
          "Top": 0.4788753092288971
        },
        "Polygon": [
          {
            "X": 0.1854528933763504,
            "Y": 0.4788753092288971
          },
          {
            "X": 0.2343222200870514,
            "Y": 0.47896257042884827
          },
          {
            "X": 0.23473259806632996,
            "Y": 0.5052220821380615
          },
          {
            "X": 0.18585340678691864,
            "Y": 0.5051410794258118
          }
        ]
      },
      "Id": "9cec07d6-5cfe-4b93-ab35-6fd8de42f802",
      "Relationships": [
        {
          "Type": "CHILD",
          "Ids": [
            "d130f299-f5ab-49c7-8462-fc7141d94a56",
            "d393ab69-d0ac-4148-9027-693e7d15efcd"
          ]
        }
      ],
      "Page": 1
    },
    {
      "BlockType": "LINE",
      "Confidence": 97.43502044677734,
      "Text": "169.25",
      "Geometry": {
        "BoundingBox": {
          "Width": 0.028348134830594063,
          "Height": 0.021239109337329865,
          "Left": 0.37677112221717834,
          "Top": 0.47884246706962585
        },
        "Polygon": [
          {
            "X": 0.37677112221717834,
            "Y": 0.47884246706962585
          },
          {
            "X": 0.40476006269454956,
            "Y": 0.4788925051689148
          },
          {
            "X": 0.40511924028396606,
            "Y": 0.5000815391540527
          },
          {
            "X": 0.37712574005126953,
            "Y": 0.5000343918800354
          }
        ]
      },
      "Id": "83564f69-4e16-49bc-b9f5-9ca39b8d0696",
      "Relationships": [
        {
          "Type": "CHILD",
          "Ids": [
            "00e61b3b-0cba-493e-a34c-bfce77e4060c"
          ]
        }
      ],
      "Page": 1
    },
    {
      "BlockType": "LINE",
      "Confidence": 99.62981414794922,
      "Text": "190.62",
      "Geometry": {
        "BoundingBox": {
          "Width": 0.02834763005375862,
          "Height": 0.021395662799477577,
          "Left": 0.5099461674690247,
          "Top": 0.4787524342536926
        },
        "Polygon": [
          {
            "X": 0.5099461674690247,
            "Y": 0.4787524342536926
          },
          {
            "X": 0.5379098653793335,
            "Y": 0.47880247235298157
          },
          {
            "X": 0.5382937788963318,
            "Y": 0.5001481175422668
          },
          {
            "X": 0.5103254914283752,
            "Y": 0.5001009702682495
          }
        ]
      },
      "Id": "050ed876-1253-4bed-baa8-f89dafb63dfb",
      "Relationships": [
        {
          "Type": "CHILD",
          "Ids": [
            "e09b43a0-b242-4095-80c5-b062ac8f913a"
          ]
        }
      ],
      "Page": 1
    },
    {
      "BlockType": "LINE",
      "Confidence": 99.69288635253906,
      "Text": "170.26",
      "Geometry": {
        "BoundingBox": {
          "Width": 0.02863951027393341,
          "Height": 0.02136353775858879,
          "Left": 0.6469023823738098,
          "Top": 0.47868016362190247
        },
        "Polygon": [
          {
            "X": 0.6469023823738098,
            "Y": 0.47868016362190247
          },
          {
            "X": 0.6751357913017273,
            "Y": 0.478730708360672
          },
          {
            "X": 0.675541877746582,
            "Y": 0.5000436902046204
          },
          {
            "X": 0.6473038196563721,
            "Y": 0.4999960660934448
          }
        ]
      },
      "Id": "b2204a27-f798-42e9-8489-bc831fba7e9a",
      "Relationships": [
        {
          "Type": "CHILD",
          "Ids": [
            "cd0230f2-b9da-4189-a261-f2ef6dfdd2e2"
          ]
        }
      ],
      "Page": 1
    },
    {
      "BlockType": "LINE",
      "Confidence": 99.74128723144531,
      "Text": "0.857",
      "Geometry": {
        "BoundingBox": {
          "Width": 0.024189965799450874,
          "Height": 0.020908808335661888,
          "Left": 0.764215350151062,
          "Top": 0.4790382385253906
        },
        "Polygon": [
          {
            "X": 0.764215350151062,
            "Y": 0.4790382385253906
          },
          {
            "X": 0.7879894375801086,
            "Y": 0.47908079624176025
          },
          {
            "X": 0.7884052991867065,
            "Y": 0.49994704127311707
          },
          {
            "X": 0.7646273970603943,
            "Y": 0.49990689754486084
          }
        ]
      },
      "Id": "86f4650f-76e4-4090-8b5e-87f5d8cd4bcd",
      "Relationships": [
        {
          "Type": "CHILD",
          "Ids": [
            "66cf1455-3a4b-48a8-b473-019c2754a1d3"
          ]
        }
      ],
      "Page": 1
    },
    {
      "BlockType": "LINE",
      "Confidence": 99.11054229736328,
      "Text": "Epoxy/B-MPS",
      "Geometry": {
        "BoundingBox": {
          "Width": 0.05878566950559616,
          "Height": 0.026559175923466682,
          "Left": 0.18528977036476135,
          "Top": 0.5118906497955322
        },
        "Polygon": [
          {
            "X": 0.18528977036476135,
            "Y": 0.5118906497955322
          },
          {
            "X": 0.24366003274917603,
            "Y": 0.5119854807853699
          },
          {
            "X": 0.24407543241977692,
            "Y": 0.5384498238563538
          },
          {
            "X": 0.18569327890872955,
            "Y": 0.538362443447113
          }
        ]
      },
      "Id": "58973184-af7e-4bcc-967a-d28a03f240ff",
      "Relationships": [
        {
          "Type": "CHILD",
          "Ids": [
            "433eadbd-4eaf-4f02-b5e5-fb0d8d2a4d16"
          ]
        }
      ],
      "Page": 1
    },
    {
      "BlockType": "LINE",
      "Confidence": 96.7861328125,
      "Text": "142.53",
      "Geometry": {
        "BoundingBox": {
          "Width": 0.02827419899404049,
          "Height": 0.020850446075201035,
          "Left": 0.3767307698726654,
          "Top": 0.5125119686126709
        },
        "Polygon": [
          {
            "X": 0.3767307698726654,
            "Y": 0.5125119686126709
          },
          {
            "X": 0.4046523869037628,
            "Y": 0.512557327747345
          },
          {
            "X": 0.40500497817993164,
            "Y": 0.5333623886108398
          },
          {
            "X": 0.3770788908004761,
            "Y": 0.533319890499115
          }
        ]
      },
      "Id": "b6dce962-fbc9-477c-8b49-2496a23e5db6",
      "Relationships": [
        {
          "Type": "CHILD",
          "Ids": [
            "72c29e83-656d-4c99-982b-12d6f01f10fb"
          ]
        }
      ],
      "Page": 1
    },
    {
      "BlockType": "LINE",
      "Confidence": 99.69206237792969,
      "Text": "175.49",
      "Geometry": {
        "BoundingBox": {
          "Width": 0.028794875368475914,
          "Height": 0.021104829385876656,
          "Left": 0.5097751021385193,
          "Top": 0.5124637484550476
        },
        "Polygon": [
          {
            "X": 0.5097751021385193,
            "Y": 0.5124637484550476
          },
          {
            "X": 0.5381912589073181,
            "Y": 0.5125099420547485
          },
          {
            "X": 0.538569986820221,
            "Y": 0.5335685610771179
          },
          {
            "X": 0.5101492404937744,
            "Y": 0.5335253477096558
          }
        ]
      },
      "Id": "a7f897e7-4b54-489e-a2a4-6449aca83b2d",
      "Relationships": [
        {
          "Type": "CHILD",
          "Ids": [
            "a7507f84-5ec1-4e6b-985a-1d1465d993d2"
          ]
        }
      ],
      "Page": 1
    },
    {
      "BlockType": "LINE",
      "Confidence": 99.9449462890625,
      "Text": "156.15",
      "Geometry": {
        "BoundingBox": {
          "Width": 0.028417184948921204,
          "Height": 0.021092846989631653,
          "Left": 0.6466761827468872,
          "Top": 0.5122848153114319
        },
        "Polygon": [
          {
            "X": 0.6466761827468872,
            "Y": 0.5122848153114319
          },
          {
            "X": 0.6746925711631775,
            "Y": 0.5123304128646851
          },
          {
            "X": 0.6750933527946472,
            "Y": 0.5333777070045471
          },
          {
            "X": 0.6470724940299988,
            "Y": 0.5333349704742432
          }
        ]
      },
      "Id": "677de09f-4912-47f1-b121-a03ee0b9e9a1",
      "Relationships": [
        {
          "Type": "CHILD",
          "Ids": [
            "471baaf5-9a56-4820-9ebe-038d7d549c58"
          ]
        }
      ],
      "Page": 1
    },
    {
      "BlockType": "LINE",
      "Confidence": 99.0132064819336,
      "Text": "0.905",
      "Geometry": {
        "BoundingBox": {
          "Width": 0.02389347180724144,
          "Height": 0.020796913653612137,
          "Left": 0.7640740871429443,
          "Top": 0.5123977661132812
        },
        "Polygon": [
          {
            "X": 0.7640740871429443,
            "Y": 0.5123977661132812
          },
          {
            "X": 0.7875540256500244,
            "Y": 0.5124359726905823
          },
          {
            "X": 0.7879675626754761,
            "Y": 0.5331946611404419
          },
          {
            "X": 0.7644838690757751,
            "Y": 0.5331588387489319
          }
        ]
      },
      "Id": "a8f92bf1-e6a0-4643-8eeb-35c85d441a4b",
      "Relationships": [
        {
          "Type": "CHILD",
          "Ids": [
            "56c2d4fb-0e18-4988-89c7-8d359dea80d9"
          ]
        }
      ],
      "Page": 1
    },
    {
      "BlockType": "LINE",
      "Confidence": 99.20023345947266,
      "Text": "Epoxy/B-MPS 4%/PGMA",
      "Geometry": {
        "BoundingBox": {
          "Width": 0.10230700671672821,
          "Height": 0.02667561173439026,
          "Left": 0.18539230525493622,
          "Top": 0.5451030731201172
        },
        "Polygon": [
          {
            "X": 0.18539230525493622,
            "Y": 0.5451030731201172
          },
          {
            "X": 0.2872740626335144,
            "Y": 0.5452521443367004
          },
          {
            "X": 0.28769931197166443,
            "Y": 0.5717787146568298
          },
          {
            "X": 0.18579678237438202,
            "Y": 0.5716427564620972
          }
        ]
      },
      "Id": "c36050e9-1841-4372-8d77-59f027ebded8",
      "Relationships": [
        {
          "Type": "CHILD",
          "Ids": [
            "1456898d-6c26-454a-bd88-a14a3eb6cc66",
            "f679198a-3f12-4a0c-af1a-5da2ea6a8760"
          ]
        }
      ],
      "Page": 1
    },
    {
      "BlockType": "LINE",
      "Confidence": 99.78543090820312,
      "Text": "181.8",
      "Geometry": {
        "BoundingBox": {
          "Width": 0.023104846477508545,
          "Height": 0.020853932946920395,
          "Left": 0.3769218921661377,
          "Top": 0.5453065037727356
        },
        "Polygon": [
          {
            "X": 0.3769218921661377,
            "Y": 0.5453065037727356
          },
          {
            "X": 0.39967477321624756,
            "Y": 0.545339822769165
          },
          {
            "X": 0.40002673864364624,
            "Y": 0.5661604404449463
          },
          {
            "X": 0.3772701919078827,
            "Y": 0.5661294460296631
          }
        ]
      },
      "Id": "eaadb234-2f7d-4a32-88c2-05322a5ebb16",
      "Relationships": [
        {
          "Type": "CHILD",
          "Ids": [
            "13d430a1-b9c5-489e-86a9-cdad8bb67df3"
          ]
        }
      ],
      "Page": 1
    },
    {
      "BlockType": "LINE",
      "Confidence": 99.90919494628906,
      "Text": "195.14",
      "Geometry": {
        "BoundingBox": {
          "Width": 0.02900843136012554,
          "Height": 0.021479856222867966,
          "Left": 0.5097752809524536,
          "Top": 0.5453036427497864
        },
        "Polygon": [
          {
            "X": 0.5097752809524536,
            "Y": 0.5453036427497864
          },
          {
            "X": 0.5383982062339783,
            "Y": 0.5453455448150635
          },
          {
            "X": 0.5387836694717407,
            "Y": 0.5667834877967834
          },
          {
            "X": 0.5101560354232788,
            "Y": 0.5667445659637451
          }
        ]
      },
      "Id": "e3c1aafe-5233-45a8-bf30-85ecdcff29a9",
      "Relationships": [
        {
          "Type": "CHILD",
          "Ids": [
            "80d48123-9af8-4432-81b7-2f4c470657a5"
          ]
        }
      ],
      "Page": 1
    },
    {
      "BlockType": "LINE",
      "Confidence": 99.89862060546875,
      "Text": "184.03",
      "Geometry": {
        "BoundingBox": {
          "Width": 0.028144538402557373,
          "Height": 0.02123108319938183,
          "Left": 0.6467972993850708,
          "Top": 0.5454917550086975
        },
        "Polygon": [
          {
            "X": 0.6467972993850708,
            "Y": 0.5454917550086975
          },
          {
            "X": 0.6745383739471436,
            "Y": 0.5455323457717896
          },
          {
            "X": 0.6749418377876282,
            "Y": 0.5667228102684021
          },
          {
            "X": 0.6471961736679077,
            "Y": 0.5666850805282593
          }
        ]
      },
      "Id": "86c1fc2d-0dbb-4301-8177-327a3ac657e4",
      "Relationships": [
        {
          "Type": "CHILD",
          "Ids": [
            "22895afe-b9ee-45ec-97f9-f2beed6ba9bd"
          ]
        }
      ],
      "Page": 1
    },
    {
      "BlockType": "LINE",
      "Confidence": 99.6683578491211,
      "Text": "0.531",
      "Geometry": {
        "BoundingBox": {
          "Width": 0.023260824382305145,
          "Height": 0.021016569808125496,
          "Left": 0.7640912532806396,
          "Top": 0.5457491874694824
        },
        "Polygon": [
          {
            "X": 0.7640912532806396,
            "Y": 0.5457491874694824
          },
          {
            "X": 0.7869342565536499,
            "Y": 0.5457826256752014
          },
          {
            "X": 0.7873520851135254,
            "Y": 0.5667657256126404
          },
          {
            "X": 0.7645053267478943,
            "Y": 0.5667346119880676
          }
        ]
      },
      "Id": "9819b1ab-efa5-4266-b863-a658e361ee48",
      "Relationships": [
        {
          "Type": "CHILD",
          "Ids": [
            "ccb045cb-b790-4998-b0da-03fe110b975b"
          ]
        }
      ],
      "Page": 1
    },
    {
      "BlockType": "WORD",
      "Confidence": 99.91345977783203,
      "Text": "Sample",
      "TextType": "PRINTED",
      "Geometry": {
        "BoundingBox": {
          "Width": 0.032047443091869354,
          "Height": 0.026279212906956673,
          "Left": 0.1852611005306244,
          "Top": 0.4298667311668396
        },
        "Polygon": [
          {
            "X": 0.1852611005306244,
            "Y": 0.4298667311668396
          },
          {
            "X": 0.2169022411108017,
            "Y": 0.42993080615997314
          },
          {
            "X": 0.21730853617191315,
            "Y": 0.4561459422111511
          },
          {
            "X": 0.18566101789474487,
            "Y": 0.4560859203338623
          }
        ]
      },
      "Id": "0061abba-ccdd-47c6-bf6c-6423818678bd",
      "Page": 1
    },
    {
      "BlockType": "WORD",
      "Confidence": 99.97764587402344,
      "Text": "name",
      "TextType": "PRINTED",
      "Geometry": {
        "BoundingBox": {
          "Width": 0.024060910567641258,
          "Height": 0.016226056963205338,
          "Left": 0.22003458440303802,
          "Top": 0.4353213608264923
        },
        "Polygon": [
          {
            "X": 0.22003458440303802,
            "Y": 0.4353213608264923
          },
          {
            "X": 0.24384137988090515,
            "Y": 0.43536895513534546
          },
          {
            "X": 0.24409548938274384,
            "Y": 0.45154744386672974
          },
          {
            "X": 0.22028574347496033,
            "Y": 0.451501727104187
          }
        ]
      },
      "Id": "9e7e7dd1-4e22-4e0f-b9d0-438435468911",
      "Page": 1
    },
    {
      "BlockType": "WORD",
      "Confidence": 99.91645812988281,
      "Text": "Onset",
      "TextType": "PRINTED",
      "Geometry": {
        "BoundingBox": {
          "Width": 0.02529323659837246,
          "Height": 0.02140144072473049,
          "Left": 0.3759928047657013,
          "Top": 0.4303005337715149
        },
        "Polygon": [
          {
            "X": 0.3759928047657013,
            "Y": 0.4303005337715149
          },
          {
            "X": 0.40092459321022034,
            "Y": 0.43035101890563965
          },
          {
            "X": 0.4012860357761383,
            "Y": 0.45170196890830994
          },
          {
            "X": 0.37635013461112976,
            "Y": 0.4516540765762329
          }
        ]
      },
      "Id": "bb5aa86e-bf25-4921-99ec-228aa6742f17",
      "Page": 1
    },
    {
      "BlockType": "WORD",
      "Confidence": 59.51142883300781,
      "Text": "(C)",
      "TextType": "PRINTED",
      "Geometry": {
        "BoundingBox": {
          "Width": 0.016937831416726112,
          "Height": 0.02707321010529995,
          "Left": 0.40357816219329834,
          "Top": 0.4290294945240021
        },
        "Polygon": [
          {
            "X": 0.40357816219329834,
            "Y": 0.4290294945240021
          },
          {
            "X": 0.42005422711372375,
            "Y": 0.42906296253204346
          },
          {
            "X": 0.4205159842967987,
            "Y": 0.4561026990413666
          },
          {
            "X": 0.4040364921092987,
            "Y": 0.4560714066028595
          }
        ]
      },
      "Id": "3c95edd4-ebf7-47ae-8caa-ce896189a083",
      "Page": 1
    },
    {
      "BlockType": "WORD",
      "Confidence": 99.63544464111328,
      "Text": "Endset",
      "TextType": "PRINTED",
      "Geometry": {
        "BoundingBox": {
          "Width": 0.029352791607379913,
          "Height": 0.022054921835660934,
          "Left": 0.5090839862823486,
          "Top": 0.4297812879085541
        },
        "Polygon": [
          {
            "X": 0.5090839862823486,
            "Y": 0.4297812879085541
          },
          {
            "X": 0.5380409955978394,
            "Y": 0.4298400282859802
          },
          {
            "X": 0.538436770439148,
            "Y": 0.4518362283706665
          },
          {
            "X": 0.5094749331474304,
            "Y": 0.4517805874347687
          }
        ]
      },
      "Id": "2bae739a-37be-4511-9cdb-a2ed98d1b6d2",
      "Page": 1
    },
    {
      "BlockType": "WORD",
      "Confidence": 78.9530029296875,
      "Text": "(C)",
      "TextType": "PRINTED",
      "Geometry": {
        "BoundingBox": {
          "Width": 0.01679215393960476,
          "Height": 0.027735522016882896,
          "Left": 0.540660560131073,
          "Top": 0.42882832884788513
        },
        "Polygon": [
          {
            "X": 0.540660560131073,
            "Y": 0.42882832884788513
          },
          {
            "X": 0.5569501519203186,
            "Y": 0.42886143922805786
          },
          {
            "X": 0.5574527382850647,
            "Y": 0.4565638303756714
          },
          {
            "X": 0.5411596894264221,
            "Y": 0.45653292536735535
          }
        ]
      },
      "Id": "845cd86d-55de-4f17-af7c-40c3a6cc83f0",
      "Page": 1
    },
    {
      "BlockType": "WORD",
      "Confidence": 66.62061309814453,
      "Text": "Tg",
      "TextType": "PRINTED",
      "Geometry": {
        "BoundingBox": {
          "Width": 0.009166799485683441,
          "Height": 0.027193976566195488,
          "Left": 0.6456444263458252,
          "Top": 0.4300478398799896
        },
        "Polygon": [
          {
            "X": 0.6456444263458252,
            "Y": 0.4300478398799896
          },
          {
            "X": 0.6542976498603821,
            "Y": 0.430065393447876
          },
          {
            "X": 0.6548112034797668,
            "Y": 0.45724180340766907
          },
          {
            "X": 0.6461561918258667,
            "Y": 0.45722541213035583
          }
        ]
      },
      "Id": "ed073626-7105-4ac0-98a9-fcab3bdf6881",
      "Page": 1
    },
    {
      "BlockType": "WORD",
      "Confidence": 57.981319427490234,
      "Text": "(C)",
      "TextType": "PRINTED",
      "Geometry": {
        "BoundingBox": {
          "Width": 0.01664789393544197,
          "Height": 0.026697004213929176,
          "Left": 0.6571930646896362,
          "Top": 0.42908909916877747
        },
        "Polygon": [
          {
            "X": 0.6571930646896362,
            "Y": 0.42908909916877747
          },
          {
            "X": 0.6733331084251404,
            "Y": 0.4291219115257263
          },
          {
            "X": 0.6738409399986267,
            "Y": 0.4557861089706421
          },
          {
            "X": 0.6576976180076599,
            "Y": 0.4557553827762604
          }
        ]
      },
      "Id": "908d9f55-ac02-4ebb-9e66-632b7673407a",
      "Page": 1
    },
    {
      "BlockType": "WORD",
      "Confidence": 54.483158111572266,
      "Text": "(Jg",
      "TextType": "PRINTED",
      "Geometry": {
        "BoundingBox": {
          "Width": 0.01499046292155981,
          "Height": 0.026065021753311157,
          "Left": 0.7835068702697754,
          "Top": 0.43004104495048523
        },
        "Polygon": [
          {
            "X": 0.7835068702697754,
            "Y": 0.43004104495048523
          },
          {
            "X": 0.7979762554168701,
            "Y": 0.4300704002380371
          },
          {
            "X": 0.7984973788261414,
            "Y": 0.4561060667037964
          },
          {
            "X": 0.7840250730514526,
            "Y": 0.45607852935791016
          }
        ]
      },
      "Id": "54625529-05bc-47cb-a181-150995b4729b",
      "Page": 1
    },
    {
      "BlockType": "WORD",
      "Confidence": 98.19305419921875,
      "Text": "1",
      "TextType": "PRINTED",
      "Geometry": {
        "BoundingBox": {
          "Width": 0.0033245307859033346,
          "Height": 0.013647421263158321,
          "Left": 0.802708625793457,
          "Top": 0.4263293445110321
        },
        "Polygon": [
          {
            "X": 0.802708625793457,
            "Y": 0.4263293445110321
          },
          {
            "X": 0.8057593107223511,
            "Y": 0.42633557319641113
          },
          {
            "X": 0.806033194065094,
            "Y": 0.4399767518043518
          },
          {
            "X": 0.8029822111129761,
            "Y": 0.4399707019329071
          }
        ]
      },
      "Id": "c9af26e6-9291-4259-9eaf-fd60e96f6022",
      "Page": 1
    },
    {
      "BlockType": "WORD",
      "Confidence": 91.21735382080078,
      "Text": "°C)",
      "TextType": "PRINTED",
      "Geometry": {
        "BoundingBox": {
          "Width": 0.01307582575827837,
          "Height": 0.02656412683427334,
          "Left": 0.8089725375175476,
          "Top": 0.42945611476898193
        },
        "Polygon": [
          {
            "X": 0.8089725375175476,
            "Y": 0.42945611476898193
          },
          {
            "X": 0.8215123414993286,
            "Y": 0.4294816255569458
          },
          {
            "X": 0.8220483660697937,
            "Y": 0.4560202658176422
          },
          {
            "X": 0.8095059394836426,
            "Y": 0.45599639415740967
          }
        ]
      },
      "Id": "1e1a994f-7da5-4913-a872-038ac687fb4e",
      "Page": 1
    },
    {
      "BlockType": "WORD",
      "Confidence": 99.95256805419922,
      "Text": "Neat",
      "TextType": "PRINTED",
      "Geometry": {
        "BoundingBox": {
          "Width": 0.020374491810798645,
          "Height": 0.021057406440377235,
          "Left": 0.1854528933763504,
          "Top": 0.4788753092288971
        },
        "Polygon": [
          {
            "X": 0.1854528933763504,
            "Y": 0.4788753092288971
          },
          {
            "X": 0.20550356805324554,
            "Y": 0.4789111018180847
          },
          {
            "X": 0.20582738518714905,
            "Y": 0.4999327063560486
          },
          {
            "X": 0.18577347695827484,
            "Y": 0.4998989403247833
          }
        ]
      },
      "Id": "d130f299-f5ab-49c7-8462-fc7141d94a56",
      "Page": 1
    },
    {
      "BlockType": "WORD",
      "Confidence": 99.83091735839844,
      "Text": "epoxy",
      "TextType": "PRINTED",
      "Geometry": {
        "BoundingBox": {
          "Width": 0.026349466294050217,
          "Height": 0.02170971967279911,
          "Left": 0.20838312804698944,
          "Top": 0.48351237177848816
        },
        "Polygon": [
          {
            "X": 0.20838312804698944,
            "Y": 0.48351237177848816
          },
          {
            "X": 0.23439404368400574,
            "Y": 0.4835582673549652
          },
          {
            "X": 0.23473259806632996,
            "Y": 0.5052220821380615
          },
          {
            "X": 0.20871736109256744,
            "Y": 0.5051789879798889
          }
        ]
      },
      "Id": "d393ab69-d0ac-4148-9027-693e7d15efcd",
      "Page": 1
    },
    {
      "BlockType": "WORD",
      "Confidence": 97.43502044677734,
      "Text": "169.25",
      "TextType": "PRINTED",
      "Geometry": {
        "BoundingBox": {
          "Width": 0.028348134830594063,
          "Height": 0.021239109337329865,
          "Left": 0.37677112221717834,
          "Top": 0.47884246706962585
        },
        "Polygon": [
          {
            "X": 0.37677112221717834,
            "Y": 0.47884246706962585
          },
          {
            "X": 0.40476006269454956,
            "Y": 0.4788925051689148
          },
          {
            "X": 0.40511924028396606,
            "Y": 0.5000815391540527
          },
          {
            "X": 0.37712574005126953,
            "Y": 0.5000343918800354
          }
        ]
      },
      "Id": "00e61b3b-0cba-493e-a34c-bfce77e4060c",
      "Page": 1
    },
    {
      "BlockType": "WORD",
      "Confidence": 99.62981414794922,
      "Text": "190.62",
      "TextType": "PRINTED",
      "Geometry": {
        "BoundingBox": {
          "Width": 0.02834763005375862,
          "Height": 0.021395662799477577,
          "Left": 0.5099461674690247,
          "Top": 0.4787524342536926
        },
        "Polygon": [
          {
            "X": 0.5099461674690247,
            "Y": 0.4787524342536926
          },
          {
            "X": 0.5379098653793335,
            "Y": 0.47880247235298157
          },
          {
            "X": 0.5382937788963318,
            "Y": 0.5001481175422668
          },
          {
            "X": 0.5103254914283752,
            "Y": 0.5001009702682495
          }
        ]
      },
      "Id": "e09b43a0-b242-4095-80c5-b062ac8f913a",
      "Page": 1
    },
    {
      "BlockType": "WORD",
      "Confidence": 99.69288635253906,
      "Text": "170.26",
      "TextType": "PRINTED",
      "Geometry": {
        "BoundingBox": {
          "Width": 0.02863951027393341,
          "Height": 0.02136353775858879,
          "Left": 0.6469023823738098,
          "Top": 0.47868016362190247
        },
        "Polygon": [
          {
            "X": 0.6469023823738098,
            "Y": 0.47868016362190247
          },
          {
            "X": 0.6751357913017273,
            "Y": 0.478730708360672
          },
          {
            "X": 0.675541877746582,
            "Y": 0.5000436902046204
          },
          {
            "X": 0.6473038196563721,
            "Y": 0.4999960660934448
          }
        ]
      },
      "Id": "cd0230f2-b9da-4189-a261-f2ef6dfdd2e2",
      "Page": 1
    },
    {
      "BlockType": "WORD",
      "Confidence": 99.74128723144531,
      "Text": "0.857",
      "TextType": "PRINTED",
      "Geometry": {
        "BoundingBox": {
          "Width": 0.024189965799450874,
          "Height": 0.020908808335661888,
          "Left": 0.764215350151062,
          "Top": 0.4790382385253906
        },
        "Polygon": [
          {
            "X": 0.764215350151062,
            "Y": 0.4790382385253906
          },
          {
            "X": 0.7879894375801086,
            "Y": 0.47908079624176025
          },
          {
            "X": 0.7884052991867065,
            "Y": 0.49994704127311707
          },
          {
            "X": 0.7646273970603943,
            "Y": 0.49990689754486084
          }
        ]
      },
      "Id": "66cf1455-3a4b-48a8-b473-019c2754a1d3",
      "Page": 1
    },
    {
      "BlockType": "WORD",
      "Confidence": 99.11054229736328,
      "Text": "Epoxy/B-MPS",
      "TextType": "PRINTED",
      "Geometry": {
        "BoundingBox": {
          "Width": 0.05878566950559616,
          "Height": 0.026559175923466682,
          "Left": 0.18528977036476135,
          "Top": 0.5118906497955322
        },
        "Polygon": [
          {
            "X": 0.18528977036476135,
            "Y": 0.5118906497955322
          },
          {
            "X": 0.24366003274917603,
            "Y": 0.5119854807853699
          },
          {
            "X": 0.24407543241977692,
            "Y": 0.5384498238563538
          },
          {
            "X": 0.18569327890872955,
            "Y": 0.538362443447113
          }
        ]
      },
      "Id": "433eadbd-4eaf-4f02-b5e5-fb0d8d2a4d16",
      "Page": 1
    },
    {
      "BlockType": "WORD",
      "Confidence": 96.7861328125,
      "Text": "142.53",
      "TextType": "PRINTED",
      "Geometry": {
        "BoundingBox": {
          "Width": 0.02827419899404049,
          "Height": 0.020850446075201035,
          "Left": 0.3767307698726654,
          "Top": 0.5125119686126709
        },
        "Polygon": [
          {
            "X": 0.3767307698726654,
            "Y": 0.5125119686126709
          },
          {
            "X": 0.4046523869037628,
            "Y": 0.512557327747345
          },
          {
            "X": 0.40500497817993164,
            "Y": 0.5333623886108398
          },
          {
            "X": 0.3770788908004761,
            "Y": 0.533319890499115
          }
        ]
      },
      "Id": "72c29e83-656d-4c99-982b-12d6f01f10fb",
      "Page": 1
    },
    {
      "BlockType": "WORD",
      "Confidence": 99.69206237792969,
      "Text": "175.49",
      "TextType": "PRINTED",
      "Geometry": {
        "BoundingBox": {
          "Width": 0.028794875368475914,
          "Height": 0.021104829385876656,
          "Left": 0.5097751021385193,
          "Top": 0.5124637484550476
        },
        "Polygon": [
          {
            "X": 0.5097751021385193,
            "Y": 0.5124637484550476
          },
          {
            "X": 0.5381912589073181,
            "Y": 0.5125099420547485
          },
          {
            "X": 0.538569986820221,
            "Y": 0.5335685610771179
          },
          {
            "X": 0.5101492404937744,
            "Y": 0.5335253477096558
          }
        ]
      },
      "Id": "a7507f84-5ec1-4e6b-985a-1d1465d993d2",
      "Page": 1
    },
    {
      "BlockType": "WORD",
      "Confidence": 99.9449462890625,
      "Text": "156.15",
      "TextType": "PRINTED",
      "Geometry": {
        "BoundingBox": {
          "Width": 0.028417184948921204,
          "Height": 0.021092846989631653,
          "Left": 0.6466761827468872,
          "Top": 0.5122848153114319
        },
        "Polygon": [
          {
            "X": 0.6466761827468872,
            "Y": 0.5122848153114319
          },
          {
            "X": 0.6746925711631775,
            "Y": 0.5123304128646851
          },
          {
            "X": 0.6750933527946472,
            "Y": 0.5333777070045471
          },
          {
            "X": 0.6470724940299988,
            "Y": 0.5333349704742432
          }
        ]
      },
      "Id": "471baaf5-9a56-4820-9ebe-038d7d549c58",
      "Page": 1
    },
    {
      "BlockType": "WORD",
      "Confidence": 99.0132064819336,
      "Text": "0.905",
      "TextType": "PRINTED",
      "Geometry": {
        "BoundingBox": {
          "Width": 0.02389347180724144,
          "Height": 0.020796913653612137,
          "Left": 0.7640740871429443,
          "Top": 0.5123977661132812
        },
        "Polygon": [
          {
            "X": 0.7640740871429443,
            "Y": 0.5123977661132812
          },
          {
            "X": 0.7875540256500244,
            "Y": 0.5124359726905823
          },
          {
            "X": 0.7879675626754761,
            "Y": 0.5331946611404419
          },
          {
            "X": 0.7644838690757751,
            "Y": 0.5331588387489319
          }
        ]
      },
      "Id": "56c2d4fb-0e18-4988-89c7-8d359dea80d9",
      "Page": 1
    },
    {
      "BlockType": "WORD",
      "Confidence": 99.34236907958984,
      "Text": "Epoxy/B-MPS",
      "TextType": "PRINTED",
      "Geometry": {
        "BoundingBox": {
          "Width": 0.05787227302789688,
          "Height": 0.02614790014922619,
          "Left": 0.18539944291114807,
          "Top": 0.545571506023407
        },
        "Polygon": [
          {
            "X": 0.18539944291114807,
            "Y": 0.545571506023407
          },
          {
            "X": 0.24286288022994995,
            "Y": 0.5456554889678955
          },
          {
            "X": 0.24327172338962555,
            "Y": 0.5717194080352783
          },
          {
            "X": 0.18579678237438202,
            "Y": 0.5716427564620972
          }
        ]
      },
      "Id": "1456898d-6c26-454a-bd88-a14a3eb6cc66",
      "Page": 1
    },
    {
      "BlockType": "WORD",
      "Confidence": 99.05810546875,
      "Text": "4%/PGMA",
      "TextType": "PRINTED",
      "Geometry": {
        "BoundingBox": {
          "Width": 0.041763003915548325,
          "Height": 0.02508193626999855,
          "Left": 0.24591217935085297,
          "Top": 0.5451916456222534
        },
        "Polygon": [
          {
            "X": 0.24591217935085297,
            "Y": 0.5451916456222534
          },
          {
            "X": 0.2872740626335144,
            "Y": 0.5452521443367004
          },
          {
            "X": 0.2876751720905304,
            "Y": 0.5702735781669617
          },
          {
            "X": 0.24630534648895264,
            "Y": 0.5702180862426758
          }
        ]
      },
      "Id": "f679198a-3f12-4a0c-af1a-5da2ea6a8760",
      "Page": 1
    },
    {
      "BlockType": "WORD",
      "Confidence": 99.78543090820312,
      "Text": "181.8",
      "TextType": "PRINTED",
      "Geometry": {
        "BoundingBox": {
          "Width": 0.023104846477508545,
          "Height": 0.020853932946920395,
          "Left": 0.3769218921661377,
          "Top": 0.5453065037727356
        },
        "Polygon": [
          {
            "X": 0.3769218921661377,
            "Y": 0.5453065037727356
          },
          {
            "X": 0.39967477321624756,
            "Y": 0.545339822769165
          },
          {
            "X": 0.40002673864364624,
            "Y": 0.5661604404449463
          },
          {
            "X": 0.3772701919078827,
            "Y": 0.5661294460296631
          }
        ]
      },
      "Id": "13d430a1-b9c5-489e-86a9-cdad8bb67df3",
      "Page": 1
    },
    {
      "BlockType": "WORD",
      "Confidence": 99.90919494628906,
      "Text": "195.14",
      "TextType": "PRINTED",
      "Geometry": {
        "BoundingBox": {
          "Width": 0.02900843136012554,
          "Height": 0.021479856222867966,
          "Left": 0.5097752809524536,
          "Top": 0.5453036427497864
        },
        "Polygon": [
          {
            "X": 0.5097752809524536,
            "Y": 0.5453036427497864
          },
          {
            "X": 0.5383982062339783,
            "Y": 0.5453455448150635
          },
          {
            "X": 0.5387836694717407,
            "Y": 0.5667834877967834
          },
          {
            "X": 0.5101560354232788,
            "Y": 0.5667445659637451
          }
        ]
      },
      "Id": "80d48123-9af8-4432-81b7-2f4c470657a5",
      "Page": 1
    },
    {
      "BlockType": "WORD",
      "Confidence": 99.89862060546875,
      "Text": "184.03",
      "TextType": "PRINTED",
      "Geometry": {
        "BoundingBox": {
          "Width": 0.028144538402557373,
          "Height": 0.02123108319938183,
          "Left": 0.6467972993850708,
          "Top": 0.5454917550086975
        },
        "Polygon": [
          {
            "X": 0.6467972993850708,
            "Y": 0.5454917550086975
          },
          {
            "X": 0.6745383739471436,
            "Y": 0.5455323457717896
          },
          {
            "X": 0.6749418377876282,
            "Y": 0.5667228102684021
          },
          {
            "X": 0.6471961736679077,
            "Y": 0.5666850805282593
          }
        ]
      },
      "Id": "22895afe-b9ee-45ec-97f9-f2beed6ba9bd",
      "Page": 1
    },
    {
      "BlockType": "WORD",
      "Confidence": 99.6683578491211,
      "Text": "0.531",
      "TextType": "PRINTED",
      "Geometry": {
        "BoundingBox": {
          "Width": 0.023260824382305145,
          "Height": 0.021016569808125496,
          "Left": 0.7640912532806396,
          "Top": 0.5457491874694824
        },
        "Polygon": [
          {
            "X": 0.7640912532806396,
            "Y": 0.5457491874694824
          },
          {
            "X": 0.7869342565536499,
            "Y": 0.5457826256752014
          },
          {
            "X": 0.7873520851135254,
            "Y": 0.5667657256126404
          },
          {
            "X": 0.7645053267478943,
            "Y": 0.5667346119880676
          }
        ]
      },
      "Id": "ccb045cb-b790-4998-b0da-03fe110b975b",
      "Page": 1
    },
    {
      "BlockType": "TABLE",
      "Confidence": 99.462890625,
      "Geometry": {
        "BoundingBox": {
          "Width": 0.6954208016395569,
          "Height": 0.1683085411787033,
          "Left": 0.15255533158779144,
          "Top": 0.4154559075832367
        },
        "Polygon": [
          {
            "X": 0.15255533158779144,
            "Y": 0.4154559075832367
          },
          {
            "X": 0.844575822353363,
            "Y": 0.4169054925441742
          },
          {
            "X": 0.8479761481285095,
            "Y": 0.5837644338607788
          },
          {
            "X": 0.15506671369075775,
            "Y": 0.5828783512115479
          }
        ]
      },
      "Id": "da5d3499-078f-4ad9-a5b4-4c318d409932",
      "Relationships": [
        {
          "Type": "CHILD",
          "Ids": [
            "f9736a02-86ac-4b92-aa12-b73ae5a9f403",
            "5ea0856a-f7c3-4a6c-8e91-8f33cd815c8d",
            "7abae1c3-2013-4158-a75e-88acad0cf322",
            "7cdcec60-fa85-4065-869e-baa6b4c27e44",
            "cde2c7a2-c54e-4bdf-b66f-7d2b05857981",
            "86d2d892-3ec2-4fbe-b4e5-6db429e08ba9",
            "b967ab39-7fd8-46cd-830d-c62c5e97430f",
            "a4e5cae3-9c60-40e3-b868-bc74b83cb2a0",
            "05c4c844-20db-44df-b49e-1a11d4f3fc65",
            "55f8e1fc-c1d1-467d-982b-db91b5aac3fd",
            "dba83578-9ed3-4a37-b329-e6db92b24ba2",
            "dcf7fea5-53ca-4075-be45-b851c1521908",
            "e409efaa-3974-4143-8e30-e3d8a01440f5",
            "29f12813-8336-477a-99cd-dae8e6e9015f",
            "3ad24dbc-39e9-4833-9ca3-90379d39da17",
            "d470945d-6976-4837-906e-cebaebbb26e5",
            "61bfd153-2407-4776-b56e-70fe70f3b6b1",
            "81148095-e2cb-43d2-82b1-b44a67df9ed2",
            "a08cb3cf-de0b-4d38-a3c3-791d751c8bd1",
            "f6f79342-53f2-4320-8370-b93f763cd18f"
          ]
        }
      ],
      "EntityTypes": [
        "STRUCTURED_TABLE"
      ],
      "Page": 1
    },
    {
      "BlockType": "CELL",
      "Confidence": 78.80859375,
      "RowIndex": 1,
      "ColumnIndex": 1,
      "RowSpan": 1,
      "ColumnSpan": 1,
      "Geometry": {
        "BoundingBox": {
          "Width": 0.1733810156583786,
          "Height": 0.04818107187747955,
          "Left": 0.15255533158779144,
          "Top": 0.4154559075832367
        },
        "Polygon": [
          {
            "X": 0.15255533158779144,
            "Y": 0.4154559075832367
          },
          {
            "X": 0.3251549005508423,
            "Y": 0.4158174693584442
          },
          {
            "X": 0.32593634724617004,
            "Y": 0.46363699436187744
          },
          {
            "X": 0.15327323973178864,
            "Y": 0.46331557631492615
          }
        ]
      },
      "Id": "f9736a02-86ac-4b92-aa12-b73ae5a9f403",
      "Relationships": [
        {
          "Type": "CHILD",
          "Ids": [
            "0061abba-ccdd-47c6-bf6c-6423818678bd",
            "9e7e7dd1-4e22-4e0f-b9d0-438435468911"
          ]
        }
      ],
      "EntityTypes": [
        "COLUMN_HEADER"
      ],
      "Page": 1
    },
    {
      "BlockType": "CELL",
      "Confidence": 76.025390625,
      "RowIndex": 1,
      "ColumnIndex": 2,
      "RowSpan": 1,
      "ColumnSpan": 1,
      "Geometry": {
        "BoundingBox": {
          "Width": 0.14315713942050934,
          "Height": 0.048084557056427,
          "Left": 0.3251549005508423,
          "Top": 0.4158174693584442
        },
        "Polygon": [
          {
            "X": 0.3251549005508423,
            "Y": 0.4158174693584442
          },
          {
            "X": 0.4674782454967499,
            "Y": 0.41611558198928833
          },
          {
            "X": 0.46831202507019043,
            "Y": 0.4639020264148712
          },
          {
            "X": 0.32593634724617004,
            "Y": 0.46363699436187744
          }
        ]
      },
      "Id": "5ea0856a-f7c3-4a6c-8e91-8f33cd815c8d",
      "Relationships": [
        {
          "Type": "CHILD",
          "Ids": [
            "bb5aa86e-bf25-4921-99ec-228aa6742f17",
            "3c95edd4-ebf7-47ae-8caa-ce896189a083"
          ]
        }
      ],
      "EntityTypes": [
        "COLUMN_HEADER"
      ],
      "Page": 1
    },
    {
      "BlockType": "CELL",
      "Confidence": 78.271484375,
      "RowIndex": 1,
      "ColumnIndex": 3,
      "RowSpan": 1,
      "ColumnSpan": 1,
      "Geometry": {
        "BoundingBox": {
          "Width": 0.13742999732494354,
          "Height": 0.04804069921374321,
          "Left": 0.4674782454967499,
          "Top": 0.41611558198928833
        },
        "Polygon": [
          {
            "X": 0.4674782454967499,
            "Y": 0.41611558198928833
          },
          {
            "X": 0.604024350643158,
            "Y": 0.41640162467956543
          },
          {
            "X": 0.604908287525177,
            "Y": 0.46415629982948303
          },
          {
            "X": 0.46831202507019043,
            "Y": 0.4639020264148712
          }
        ]
      },
      "Id": "7abae1c3-2013-4158-a75e-88acad0cf322",
      "Relationships": [
        {
          "Type": "CHILD",
          "Ids": [
            "2bae739a-37be-4511-9cdb-a2ed98d1b6d2",
            "845cd86d-55de-4f17-af7c-40c3a6cc83f0"
          ]
        }
      ],
      "EntityTypes": [
        "COLUMN_HEADER"
      ],
      "Page": 1
    },
    {
      "BlockType": "CELL",
      "Confidence": 76.5625,
      "RowIndex": 1,
      "ColumnIndex": 4,
      "RowSpan": 1,
      "ColumnSpan": 1,
      "Geometry": {
        "BoundingBox": {
          "Width": 0.12107992172241211,
          "Height": 0.047978419810533524,
          "Left": 0.604024350643158,
          "Top": 0.41640162467956543
        },
        "Polygon": [
          {
            "X": 0.604024350643158,
            "Y": 0.41640162467956543
          },
          {
            "X": 0.7241763472557068,
            "Y": 0.4166533052921295
          },
          {
            "X": 0.7251042723655701,
            "Y": 0.46438002586364746
          },
          {
            "X": 0.604908287525177,
            "Y": 0.46415629982948303
          }
        ]
      },
      "Id": "7cdcec60-fa85-4065-869e-baa6b4c27e44",
      "Relationships": [
        {
          "Type": "CHILD",
          "Ids": [
            "ed073626-7105-4ac0-98a9-fcab3bdf6881",
            "908d9f55-ac02-4ebb-9e66-632b7673407a"
          ]
        }
      ],
      "EntityTypes": [
        "COLUMN_HEADER"
      ],
      "Page": 1
    },
    {
      "BlockType": "CELL",
      "Confidence": 77.880859375,
      "RowIndex": 1,
      "ColumnIndex": 5,
      "RowSpan": 1,
      "ColumnSpan": 1,
      "Geometry": {
        "BoundingBox": {
          "Width": 0.12137147039175034,
          "Height": 0.04795093834400177,
          "Left": 0.7241763472557068,
          "Top": 0.4166533052921295
        },
        "Polygon": [
          {
            "X": 0.7241763472557068,
            "Y": 0.4166533052921295
          },
          {
            "X": 0.844575822353363,
            "Y": 0.4169054925441742
          },
          {
            "X": 0.8455477952957153,
            "Y": 0.4646042287349701
          },
          {
            "X": 0.7251042723655701,
            "Y": 0.46438002586364746
          }
        ]
      },
      "Id": "cde2c7a2-c54e-4bdf-b66f-7d2b05857981",
      "Relationships": [
        {
          "Type": "CHILD",
          "Ids": [
            "54625529-05bc-47cb-a181-150995b4729b",
            "c9af26e6-9291-4259-9eaf-fd60e96f6022",
            "1e1a994f-7da5-4913-a872-038ac687fb4e"
          ]
        }
      ],
      "EntityTypes": [
        "COLUMN_HEADER"
      ],
      "Page": 1
    },
    {
      "BlockType": "CELL",
      "Confidence": 86.669921875,
      "RowIndex": 2,
      "ColumnIndex": 1,
      "RowSpan": 1,
      "ColumnSpan": 1,
      "Geometry": {
        "BoundingBox": {
          "Width": 0.17336499691009521,
          "Height": 0.04327288269996643,
          "Left": 0.15327323973178864,
          "Top": 0.46331557631492615
        },
        "Polygon": [
          {
            "X": 0.15327323973178864,
            "Y": 0.46331557631492615
          },
          {
            "X": 0.32593634724617004,
            "Y": 0.46363699436187744
          },
          {
            "X": 0.32663825154304504,
            "Y": 0.5065884590148926
          },
          {
            "X": 0.15391805768013,
            "Y": 0.5063031315803528
          }
        ]
      },
      "Id": "86d2d892-3ec2-4fbe-b4e5-6db429e08ba9",
      "Relationships": [
        {
          "Type": "CHILD",
          "Ids": [
            "d130f299-f5ab-49c7-8462-fc7141d94a56",
            "d393ab69-d0ac-4148-9027-693e7d15efcd"
          ]
        }
      ],
      "Page": 1
    },
    {
      "BlockType": "CELL",
      "Confidence": 83.59375,
      "RowIndex": 2,
      "ColumnIndex": 2,
      "RowSpan": 1,
      "ColumnSpan": 1,
      "Geometry": {
        "BoundingBox": {
          "Width": 0.1431245654821396,
          "Height": 0.04318675398826599,
          "Left": 0.32593634724617004,
          "Top": 0.46363699436187744
        },
        "Polygon": [
          {
            "X": 0.32593634724617004,
            "Y": 0.46363699436187744
          },
          {
            "X": 0.46831202507019043,
            "Y": 0.4639020264148712
          },
          {
            "X": 0.46906089782714844,
            "Y": 0.506823718547821
          },
          {
            "X": 0.32663825154304504,
            "Y": 0.5065884590148926
          }
        ]
      },
      "Id": "b967ab39-7fd8-46cd-830d-c62c5e97430f",
      "Relationships": [
        {
          "Type": "CHILD",
          "Ids": [
            "00e61b3b-0cba-493e-a34c-bfce77e4060c"
          ]
        }
      ],
      "Page": 1
    },
    {
      "BlockType": "CELL",
      "Confidence": 86.03515625,
      "RowIndex": 2,
      "ColumnIndex": 3,
      "RowSpan": 1,
      "ColumnSpan": 1,
      "Geometry": {
        "BoundingBox": {
          "Width": 0.1373901516199112,
          "Height": 0.04314745217561722,
          "Left": 0.46831202507019043,
          "Top": 0.4639020264148712
        },
        "Polygon": [
          {
            "X": 0.46831202507019043,
            "Y": 0.4639020264148712
          },
          {
            "X": 0.604908287525177,
            "Y": 0.46415629982948303
          },
          {
            "X": 0.6057021617889404,
            "Y": 0.5070494413375854
          },
          {
            "X": 0.46906089782714844,
            "Y": 0.506823718547821
          }
        ]
      },
      "Id": "a4e5cae3-9c60-40e3-b868-bc74b83cb2a0",
      "Relationships": [
        {
          "Type": "CHILD",
          "Ids": [
            "e09b43a0-b242-4095-80c5-b062ac8f913a"
          ]
        }
      ],
      "Page": 1
    },
    {
      "BlockType": "CELL",
      "Confidence": 84.1796875,
      "RowIndex": 2,
      "ColumnIndex": 4,
      "RowSpan": 1,
      "ColumnSpan": 1,
      "Geometry": {
        "BoundingBox": {
          "Width": 0.12102950364351273,
          "Height": 0.04309181123971939,
          "Left": 0.604908287525177,
          "Top": 0.46415629982948303
        },
        "Polygon": [
          {
            "X": 0.604908287525177,
            "Y": 0.46415629982948303
          },
          {
            "X": 0.7251042723655701,
            "Y": 0.46438002586364746
          },
          {
            "X": 0.7259377837181091,
            "Y": 0.5072481036186218
          },
          {
            "X": 0.6057021617889404,
            "Y": 0.5070494413375854
          }
        ]
      },
      "Id": "05c4c844-20db-44df-b49e-1a11d4f3fc65",
      "Relationships": [
        {
          "Type": "CHILD",
          "Ids": [
            "cd0230f2-b9da-4189-a261-f2ef6dfdd2e2"
          ]
        }
      ],
      "Page": 1
    },
    {
      "BlockType": "CELL",
      "Confidence": 85.64453125,
      "RowIndex": 2,
      "ColumnIndex": 5,
      "RowSpan": 1,
      "ColumnSpan": 1,
      "Geometry": {
        "BoundingBox": {
          "Width": 0.12131659686565399,
          "Height": 0.04306710511445999,
          "Left": 0.7251042723655701,
          "Top": 0.46438002586364746
        },
        "Polygon": [
          {
            "X": 0.7251042723655701,
            "Y": 0.46438002586364746
          },
          {
            "X": 0.8455477952957153,
            "Y": 0.4646042287349701
          },
          {
            "X": 0.8464208841323853,
            "Y": 0.5074471235275269
          },
          {
            "X": 0.7259377837181091,
            "Y": 0.5072481036186218
          }
        ]
      },
      "Id": "55f8e1fc-c1d1-467d-982b-db91b5aac3fd",
      "Relationships": [
        {
          "Type": "CHILD",
          "Ids": [
            "66cf1455-3a4b-48a8-b473-019c2754a1d3"
          ]
        }
      ],
      "Page": 1
    },
    {
      "BlockType": "CELL",
      "Confidence": 80.322265625,
      "RowIndex": 3,
      "ColumnIndex": 1,
      "RowSpan": 1,
      "ColumnSpan": 1,
      "Geometry": {
        "BoundingBox": {
          "Width": 0.17326390743255615,
          "Height": 0.03355777636170387,
          "Left": 0.15391805768013,
          "Top": 0.5063031315803528
        },
        "Polygon": [
          {
            "X": 0.15391805768013,
            "Y": 0.5063031315803528
          },
          {
            "X": 0.32663825154304504,
            "Y": 0.5065884590148926
          },
          {
            "X": 0.32718196511268616,
            "Y": 0.5398609042167664
          },
          {
            "X": 0.15441757440567017,
            "Y": 0.5396035313606262
          }
        ]
      },
      "Id": "dba83578-9ed3-4a37-b329-e6db92b24ba2",
      "Relationships": [
        {
          "Type": "CHILD",
          "Ids": [
            "433eadbd-4eaf-4f02-b5e5-fb0d8d2a4d16"
          ]
        }
      ],
      "Page": 1
    },
    {
      "BlockType": "CELL",
      "Confidence": 77.490234375,
      "RowIndex": 3,
      "ColumnIndex": 2,
      "RowSpan": 1,
      "ColumnSpan": 1,
      "Geometry": {
        "BoundingBox": {
          "Width": 0.14300280809402466,
          "Height": 0.03348466753959656,
          "Left": 0.32663825154304504,
          "Top": 0.5065884590148926
        },
        "Polygon": [
          {
            "X": 0.32663825154304504,
            "Y": 0.5065884590148926
          },
          {
            "X": 0.46906089782714844,
            "Y": 0.506823718547821
          },
          {
            "X": 0.4696410298347473,
            "Y": 0.5400730967521667
          },
          {
            "X": 0.32718196511268616,
            "Y": 0.5398609042167664
          }
        ]
      },
      "Id": "dcf7fea5-53ca-4075-be45-b851c1521908",
      "Relationships": [
        {
          "Type": "CHILD",
          "Ids": [
            "72c29e83-656d-4c99-982b-12d6f01f10fb"
          ]
        }
      ],
      "Page": 1
    },
    {
      "BlockType": "CELL",
      "Confidence": 79.736328125,
      "RowIndex": 3,
      "ColumnIndex": 3,
      "RowSpan": 1,
      "ColumnSpan": 1,
      "Geometry": {
        "BoundingBox": {
          "Width": 0.13725626468658447,
          "Height": 0.033452995121479034,
          "Left": 0.46906089782714844,
          "Top": 0.506823718547821
        },
        "Polygon": [
          {
            "X": 0.46906089782714844,
            "Y": 0.506823718547821
          },
          {
            "X": 0.6057021617889404,
            "Y": 0.5070494413375854
          },
          {
            "X": 0.6063171625137329,
            "Y": 0.5402767062187195
          },
          {
            "X": 0.4696410298347473,
            "Y": 0.5400730967521667
          }
        ]
      },
      "Id": "e409efaa-3974-4143-8e30-e3d8a01440f5",
      "Relationships": [
        {
          "Type": "CHILD",
          "Ids": [
            "a7507f84-5ec1-4e6b-985a-1d1465d993d2"
          ]
        }
      ],
      "Page": 1
    },
    {
      "BlockType": "CELL",
      "Confidence": 78.02734375,
      "RowIndex": 3,
      "ColumnIndex": 4,
      "RowSpan": 1,
      "ColumnSpan": 1,
      "Geometry": {
        "BoundingBox": {
          "Width": 0.12088124454021454,
          "Height": 0.03340642526745796,
          "Left": 0.6057021617889404,
          "Top": 0.5070494413375854
        },
        "Polygon": [
          {
            "X": 0.6057021617889404,
            "Y": 0.5070494413375854
          },
          {
            "X": 0.7259377837181091,
            "Y": 0.5072481036186218
          },
          {
            "X": 0.7265834212303162,
            "Y": 0.5404558777809143
          },
          {
            "X": 0.6063171625137329,
            "Y": 0.5402767062187195
          }
        ]
      },
      "Id": "29f12813-8336-477a-99cd-dae8e6e9015f",
      "Relationships": [
        {
          "Type": "CHILD",
          "Ids": [
            "471baaf5-9a56-4820-9ebe-038d7d549c58"
          ]
        }
      ],
      "Page": 1
    },
    {
      "BlockType": "CELL",
      "Confidence": 79.345703125,
      "RowIndex": 3,
      "ColumnIndex": 5,
      "RowSpan": 1,
      "ColumnSpan": 1,
      "Geometry": {
        "BoundingBox": {
          "Width": 0.12115944921970367,
          "Height": 0.033387329429388046,
          "Left": 0.7259377837181091,
          "Top": 0.5072481036186218
        },
        "Polygon": [
          {
            "X": 0.7259377837181091,
            "Y": 0.5072481036186218
          },
          {
            "X": 0.8464208841323853,
            "Y": 0.5074471235275269
          },
          {
            "X": 0.8470972180366516,
            "Y": 0.5406354069709778
          },
          {
            "X": 0.7265834212303162,
            "Y": 0.5404558777809143
          }
        ]
      },
      "Id": "3ad24dbc-39e9-4833-9ca3-90379d39da17",
      "Relationships": [
        {
          "Type": "CHILD",
          "Ids": [
            "56c2d4fb-0e18-4988-89c7-8d359dea80d9"
          ]
        }
      ],
      "Page": 1
    },
    {
      "BlockType": "CELL",
      "Confidence": 92.578125,
      "RowIndex": 4,
      "ColumnIndex": 1,
      "RowSpan": 1,
      "ColumnSpan": 1,
      "Geometry": {
        "BoundingBox": {
          "Width": 0.17347097396850586,
          "Height": 0.043495822697877884,
          "Left": 0.15441757440567017,
          "Top": 0.5396035313606262
        },
        "Polygon": [
          {
            "X": 0.15441757440567017,
            "Y": 0.5396035313606262
          },
          {
            "X": 0.32718196511268616,
            "Y": 0.5398609042167664
          },
          {
            "X": 0.327888548374176,
            "Y": 0.583099365234375
          },
          {
            "X": 0.15506671369075775,
            "Y": 0.5828783512115479
          }
        ]
      },
      "Id": "d470945d-6976-4837-906e-cebaebbb26e5",
      "Relationships": [
        {
          "Type": "CHILD",
          "Ids": [
            "1456898d-6c26-454a-bd88-a14a3eb6cc66",
            "f679198a-3f12-4a0c-af1a-5da2ea6a8760"
          ]
        }
      ],
      "Page": 1
    },
    {
      "BlockType": "CELL",
      "Confidence": 89.306640625,
      "RowIndex": 4,
      "ColumnIndex": 2,
      "RowSpan": 1,
      "ColumnSpan": 1,
      "Geometry": {
        "BoundingBox": {
          "Width": 0.1432129591703415,
          "Height": 0.043420691043138504,
          "Left": 0.32718196511268616,
          "Top": 0.5398609042167664
        },
        "Polygon": [
          {
            "X": 0.32718196511268616,
            "Y": 0.5398609042167664
          },
          {
            "X": 0.4696410298347473,
            "Y": 0.5400730967521667
          },
          {
            "X": 0.47039493918418884,
            "Y": 0.5832815766334534
          },
          {
            "X": 0.327888548374176,
            "Y": 0.583099365234375
          }
        ]
      },
      "Id": "61bfd153-2407-4776-b56e-70fe70f3b6b1",
      "Relationships": [
        {
          "Type": "CHILD",
          "Ids": [
            "13d430a1-b9c5-489e-86a9-cdad8bb67df3"
          ]
        }
      ],
      "Page": 1
    },
    {
      "BlockType": "CELL",
      "Confidence": 91.89453125,
      "RowIndex": 4,
      "ColumnIndex": 3,
      "RowSpan": 1,
      "ColumnSpan": 1,
      "Geometry": {
        "BoundingBox": {
          "Width": 0.13747534155845642,
          "Height": 0.04338331148028374,
          "Left": 0.4696410298347473,
          "Top": 0.5400730967521667
        },
        "Polygon": [
          {
            "X": 0.4696410298347473,
            "Y": 0.5400730967521667
          },
          {
            "X": 0.6063171625137329,
            "Y": 0.5402767062187195
          },
          {
            "X": 0.6071164011955261,
            "Y": 0.5834564566612244
          },
          {
            "X": 0.47039493918418884,
            "Y": 0.5832815766334534
          }
        ]
      },
      "Id": "81148095-e2cb-43d2-82b1-b44a67df9ed2",
      "Relationships": [
        {
          "Type": "CHILD",
          "Ids": [
            "80d48123-9af8-4432-81b7-2f4c470657a5"
          ]
        }
      ],
      "Page": 1
    },
    {
      "BlockType": "CELL",
      "Confidence": 89.94140625,
      "RowIndex": 4,
      "ColumnIndex": 4,
      "RowSpan": 1,
      "ColumnSpan": 1,
      "Geometry": {
        "BoundingBox": {
          "Width": 0.12110528349876404,
          "Height": 0.04333355277776718,
          "Left": 0.6063171625137329,
          "Top": 0.5402767062187195
        },
        "Polygon": [
          {
            "X": 0.6063171625137329,
            "Y": 0.5402767062187195
          },
          {
            "X": 0.7265834212303162,
            "Y": 0.5404558777809143
          },
          {
            "X": 0.7274224758148193,
            "Y": 0.5836102962493896
          },
          {
            "X": 0.6071164011955261,
            "Y": 0.5834564566612244
          }
        ]
      },
      "Id": "a08cb3cf-de0b-4d38-a3c3-791d751c8bd1",
      "Relationships": [
        {
          "Type": "CHILD",
          "Ids": [
            "22895afe-b9ee-45ec-97f9-f2beed6ba9bd"
          ]
        }
      ],
      "Page": 1
    },
    {
      "BlockType": "CELL",
      "Confidence": 91.50390625,
      "RowIndex": 4,
      "ColumnIndex": 5,
      "RowSpan": 1,
      "ColumnSpan": 1,
      "Geometry": {
        "BoundingBox": {
          "Width": 0.12139270454645157,
          "Height": 0.0433085598051548,
          "Left": 0.7265834212303162,
          "Top": 0.5404558777809143
        },
        "Polygon": [
          {
            "X": 0.7265834212303162,
            "Y": 0.5404558777809143
          },
          {
            "X": 0.8470972180366516,
            "Y": 0.5406354069709778
          },
          {
            "X": 0.8479761481285095,
            "Y": 0.5837644338607788
          },
          {
            "X": 0.7274224758148193,
            "Y": 0.5836102962493896
          }
        ]
      },
      "Id": "f6f79342-53f2-4320-8370-b93f763cd18f",
      "Relationships": [
        {
          "Type": "CHILD",
          "Ids": [
            "ccb045cb-b790-4998-b0da-03fe110b975b"
          ]
        }
      ],
      "Page": 1
    }
  ],
  "AnalyzeDocumentModelVersion": "1.0"
}