"'","'Composition","'Control","'Deproteinized",
"'RC/Single Bond 2 SPE, Seefeld, ny)","'RelyXMR ARC: TEGDMA, Bis-GMA, ether zircônia/ sílica filler, functional dimethacrylate polymer","'1. Apply of 37% H3PO4 Gel (Con- dac 37%/FGM, Joinville, SC, Brazil) for 15 S","'1. Apply 37% H3PO4 Gel (Condac 37%/ FGM, Joinville, SC, Brazil) for 15 S",
"'","'","'2. Rinsing with air spray","'2. Rinsing with air spray + apply 5% NaOCI (Vetec, Rio de Janeiro, RJ, Bra- zil) for 2 min",
"'","'","'3. Dry with absorbent paper, keeping dentin moisture","'3. Rinsing with air spray for 30 S",
"'","'Adper Single BondTM 2: Ethanol, Bis-GMA, silanated silica filler, 2-HEMA, GDM, copolymer of polyacrylic and polyitaconic acidse UDMA.","'4. Apply of two consecutive coats of Single Bond 2 for 15 S with gently agitation","'4. Dry with absorbent paper, keeping dentin moisture",
"'","'","'5. Gently air thin for 5 S to eva- porate the solvent","'5. Apply two consecutive coats of Single Bond 2 for 15 S with gently agitation",
"'","'","'6. Light cure adhesive for 10 S","'6. Gently air thin for 5 S to evaporate the solvent",
"'","'","'7. Apply the silane on the pre- viously ragged surface of resin block","'7. Light cure adhesive for 10 S",
"'","'","'8. Mix cement for 10 S and apply on silanized surface of resin blocks","'8. Apply the silane on the previously ragged surface of resin block",
"'","'","'9. Wait 3 min and light cure each surface/margin for 40 S","'9. Mix cement for 10 S and apply on silanazed surface of resin blocks 10. Wait 3 min and light cure each surface/margin for 40 S",
"'200 (3M/ESPE, d. Germany)","'RelyX TM U200: Silane treated glass powder, substituted dime- thacrylate, 1-benzyl- 5 -phenyl-barbic-acid, calcium salt, 1,12- dodecane dimethycrylate, sodium p-toluenesulfinate, silane treated silica, calcium hydroxide","'1. Apply the silane on the pre- viously ragged surface of resin block 2.Mix cement for 10 s and apply on silanized surface of resin blocks 3.Wait 3 min and light cure each surface/margin for 20 S","'1. Apply 37% H3PO4 Gel (Condac 37%/ FGM, Joinville, SC, Brazil) for 15 S 2. Rinsing with air spray 3. Apply 5% NaOCI (Vetec, Rio de Janeiro, RJ, Brazil) for 2 min 4. Rinsing with air spray for 30 S 5. Dry with absorbent paper, keeping dentin moisture 6. Apply the silane on the previously ragged surface of resin block 7. Mix cement for 10 S and apply on silanized surface of resin blocks",
,,,

'Confidence Scores % (Table Cell)
"'85.05859375","'89.94140625","'87.40234375","'89.11132813",
"'55.71289063","'41.11328125","'38.33007813","'39.08691406",
"'55.71289063","'41.11328125","'31.20117188","'31.81152344",
"'55.71289063","'41.11328125","'27.56347656","'28.10058594",
"'55.71289063","'41.11328125","'31.59179688","'32.22656250",
"'55.71289063","'41.11328125","'33.00781250","'33.66699219",
"'55.71289063","'41.11328125","'35.88867188","'36.59667969",
"'55.71289063","'41.11328125","'34.25292969","'34.91210938",
"'55.71289063","'41.11328125","'35.81542969","'36.52343750",
"'55.71289063","'41.11328125","'35.59570313","'36.27929688",
"'37.81738281","'39.99023438","'38.86718750","'39.62402344",
