{
  "DocumentMetadata": {
    "Pages": 1
  },
  "JobStatus": "SUCCEEDED",
  "Blocks": [
    {
      "BlockType": "PAGE",
      "Geometry": {
        "BoundingBox": {
          "Width": 1,
          "Height": 1,
          "Left": 0,
          "Top": 0
        },
        "Polygon": [
          {
            "X": 0,
            "Y": 0
          },
          {
            "X": 1,
            "Y": 1.6312205275426095e-7
          },
          {
            "X": 1,
            "Y": 1
          },
          {
            "X": 0.000009976214641937986,
            "Y": 1
          }
        ]
      },
      "Id": "65884c78-995a-48aa-8eb1-73cdfae9fece",
      "Relationships": [
        {
          "Type": "CHILD",
          "Ids": [
            "4bbe30b2-23a1-4431-803a-a6003871edb8",
            "ed6a8b24-d58e-4d6a-b6a7-ee56f9014424",
            "6cd9ac16-7b8f-4b45-9ccb-ffcb3b60845b",
            "dc83c4af-2724-4072-a878-2e9c7642d404",
            "5f30bb3f-5020-44b2-8932-71f11cc16019",
            "2fbe5a71-b610-4ae3-ba47-4568d755be89",
            "38366a27-208d-498a-a89a-c955bab8766d",
            "19593670-8767-4e6c-ba08-56400cf6d4e2",
            "93f36e83-4dae-4476-b265-eee81b574b00",
            "065a30b2-bc7f-4fa3-8dfa-8f7b63558679",
            "76edef58-c46f-4532-ba40-70fe792cf2e2",
            "881444a5-9878-44bb-a12c-d7de9ecf4208",
            "aefe213e-36c0-4e63-b06f-a588689e92af",
            "a2414ee3-9440-46d8-9283-1cb38c1e7e12",
            "0b4c8c9f-ea49-4197-8e96-c5138a0f4a47",
            "dd16303c-3f89-4dc6-9b3b-aacba0036f51",
            "52f7b381-c54d-42d0-819d-a14b3ad7c2a9",
            "d5497f59-41fc-45eb-92ba-6ba917054179",
            "5d3a45dd-cd09-4693-89aa-d3e3702f41a6",
            "e47df952-1bd8-4f05-ac67-bfa8d3074d95",
            "013bef12-8bdb-44f1-98e5-2ab580c63492"
          ]
        }
      ],
      "Page": 1
    },
    {
      "BlockType": "LINE",
      "Confidence": 99.94654083251953,
      "Text": "Sample",
      "Geometry": {
        "BoundingBox": {
          "Width": 0.04401018097996712,
          "Height": 0.024484479799866676,
          "Left": 0.24468638002872467,
          "Top": 0.41642051935195923
        },
        "Polygon": [
          {
            "X": 0.24468638002872467,
            "Y": 0.41642051935195923
          },
          {
            "X": 0.28848159313201904,
            "Y": 0.41658681631088257
          },
          {
            "X": 0.2886965572834015,
            "Y": 0.44090500473976135
          },
          {
            "X": 0.24489626288414001,
            "Y": 0.44072994589805603
          }
        ]
      },
      "Id": "4bbe30b2-23a1-4431-803a-a6003871edb8",
      "Relationships": [
        {
          "Type": "CHILD",
          "Ids": [
            "edd1201e-da6a-4ad0-9093-207a51129e1e"
          ]
        }
      ],
      "Page": 1
    },
    {
      "BlockType": "LINE",
      "Confidence": 76.02832794189453,
      "Text": "Tinitial (C)",
      "Geometry": {
        "BoundingBox": {
          "Width": 0.06349463760852814,
          "Height": 0.02286340296268463,
          "Left": 0.42183345556259155,
          "Top": 0.41650837659835815
        },
        "Polygon": [
          {
            "X": 0.42183345556259155,
            "Y": 0.41650837659835815
          },
          {
            "X": 0.48510727286338806,
            "Y": 0.4167483150959015
          },
          {
            "X": 0.4853280782699585,
            "Y": 0.4393717646598816
          },
          {
            "X": 0.4220474362373352,
            "Y": 0.4391200840473175
          }
        ]
      },
      "Id": "ed6a8b24-d58e-4d6a-b6a7-ee56f9014424",
      "Relationships": [
        {
          "Type": "CHILD",
          "Ids": [
            "2460e0a0-6c8c-45d7-83b3-2da4fb0a0649",
            "104bc530-8a96-44b3-9ab1-c767d4a1d92b"
          ]
        }
      ],
      "Page": 1
    },
    {
      "BlockType": "LINE",
      "Confidence": 74.46717834472656,
      "Text": "Tmax (C)",
      "Geometry": {
        "BoundingBox": {
          "Width": 0.056067775934934616,
          "Height": 0.023805560544133186,
          "Left": 0.5465388894081116,
          "Top": 0.4160837233066559
        },
        "Polygon": [
          {
            "X": 0.5465388894081116,
            "Y": 0.4160837233066559
          },
          {
            "X": 0.6023634076118469,
            "Y": 0.41629499197006226
          },
          {
            "X": 0.6026066541671753,
            "Y": 0.4398892819881439
          },
          {
            "X": 0.5467758178710938,
            "Y": 0.4396671950817108
          }
        ]
      },
      "Id": "6cd9ac16-7b8f-4b45-9ccb-ffcb3b60845b",
      "Relationships": [
        {
          "Type": "CHILD",
          "Ids": [
            "b4e10a5a-42dd-4831-bbfd-bdf0bf3333ee",
            "20e8dbaa-1031-4e27-9146-abb81bee9a5c"
          ]
        }
      ],
      "Page": 1
    },
    {
      "BlockType": "LINE",
      "Confidence": 99.74901580810547,
      "Text": "Char yield (%)",
      "Geometry": {
        "BoundingBox": {
          "Width": 0.08774135261774063,
          "Height": 0.02448672242462635,
          "Left": 0.6642881631851196,
          "Top": 0.41617733240127563
        },
        "Polygon": [
          {
            "X": 0.6642881631851196,
            "Y": 0.41617733240127563
          },
          {
            "X": 0.7517635822296143,
            "Y": 0.41650813817977905
          },
          {
            "X": 0.752029538154602,
            "Y": 0.44066405296325684
          },
          {
            "X": 0.6645440459251404,
            "Y": 0.4403159022331238
          }
        ]
      },
      "Id": "dc83c4af-2724-4072-a878-2e9c7642d404",
      "Relationships": [
        {
          "Type": "CHILD",
          "Ids": [
            "b9e91f1c-7e5a-4af9-9135-1dc9f18afb60",
            "387d0c63-4dd4-4ed7-bbf4-f45ab1021557",
            "6e299fd9-f586-4eb5-a050-affad9dc4360"
          ]
        }
      ],
      "Page": 1
    },
    {
      "BlockType": "LINE",
      "Confidence": 99.81590270996094,
      "Text": "EP",
      "Geometry": {
        "BoundingBox": {
          "Width": 0.015708714723587036,
          "Height": 0.017282072454690933,
          "Left": 0.24482916295528412,
          "Top": 0.4670841693878174
        },
        "Polygon": [
          {
            "X": 0.24482916295528412,
            "Y": 0.4670841693878174
          },
          {
            "X": 0.26038801670074463,
            "Y": 0.4671497046947479
          },
          {
            "X": 0.26053789258003235,
            "Y": 0.484366238117218
          },
          {
            "X": 0.24497777223587036,
            "Y": 0.4842984676361084
          }
        ]
      },
      "Id": "5f30bb3f-5020-44b2-8932-71f11cc16019",
      "Relationships": [
        {
          "Type": "CHILD",
          "Ids": [
            "d760f655-d44c-4d2d-9e76-97bcae7c69ac"
          ]
        }
      ],
      "Page": 1
    },
    {
      "BlockType": "LINE",
      "Confidence": 99.9658203125,
      "Text": "369",
      "Geometry": {
        "BoundingBox": {
          "Width": 0.022694334387779236,
          "Height": 0.018427198752760887,
          "Left": 0.42254438996315,
          "Top": 0.46664848923683167
        },
        "Polygon": [
          {
            "X": 0.42254438996315,
            "Y": 0.46664848923683167
          },
          {
            "X": 0.4450632929801941,
            "Y": 0.466743141412735
          },
          {
            "X": 0.44523873925209045,
            "Y": 0.4850756824016571
          },
          {
            "X": 0.4227178990840912,
            "Y": 0.4849776327610016
          }
        ]
      },
      "Id": "2fbe5a71-b610-4ae3-ba47-4568d755be89",
      "Relationships": [
        {
          "Type": "CHILD",
          "Ids": [
            "640f844c-7c94-4ccf-83b6-a08156a8d583"
          ]
        }
      ],
      "Page": 1
    },
    {
      "BlockType": "LINE",
      "Confidence": 99.96028137207031,
      "Text": "390",
      "Geometry": {
        "BoundingBox": {
          "Width": 0.0224076509475708,
          "Height": 0.018503382802009583,
          "Left": 0.5474555492401123,
          "Top": 0.4664780795574188
        },
        "Polygon": [
          {
            "X": 0.5474555492401123,
            "Y": 0.4664780795574188
          },
          {
            "X": 0.5696762800216675,
            "Y": 0.4665713608264923
          },
          {
            "X": 0.5698632001876831,
            "Y": 0.4849814772605896
          },
          {
            "X": 0.5476405620574951,
            "Y": 0.4848848283290863
          }
        ]
      },
      "Id": "38366a27-208d-498a-a89a-c955bab8766d",
      "Relationships": [
        {
          "Type": "CHILD",
          "Ids": [
            "a16e2222-17c4-40d6-934d-f9d9d70a5b27"
          ]
        }
      ],
      "Page": 1
    },
    {
      "BlockType": "LINE",
      "Confidence": 96.95415496826172,
      "Text": "15.2",
      "Geometry": {
        "BoundingBox": {
          "Width": 0.025768080726265907,
          "Height": 0.018491230905056,
          "Left": 0.6653280854225159,
          "Top": 0.4665333926677704
        },
        "Polygon": [
          {
            "X": 0.6653280854225159,
            "Y": 0.4665333926677704
          },
          {
            "X": 0.6908990740776062,
            "Y": 0.4666406214237213
          },
          {
            "X": 0.6910961866378784,
            "Y": 0.4850246012210846
          },
          {
            "X": 0.6655229330062866,
            "Y": 0.48491349816322327
          }
        ]
      },
      "Id": "19593670-8767-4e6c-ba08-56400cf6d4e2",
      "Relationships": [
        {
          "Type": "CHILD",
          "Ids": [
            "928466e4-d0b8-45a1-b7a7-ddb20e22bfc6"
          ]
        }
      ],
      "Page": 1
    },
    {
      "BlockType": "LINE",
      "Confidence": 68.4026870727539,
      "Text": "EP/2%MnO2",
      "Geometry": {
        "BoundingBox": {
          "Width": 0.07651013880968094,
          "Height": 0.022819917649030685,
          "Left": 0.24485135078430176,
          "Top": 0.4986604154109955
        },
        "Polygon": [
          {
            "X": 0.24485135078430176,
            "Y": 0.4986604154109955
          },
          {
            "X": 0.3211594223976135,
            "Y": 0.49900171160697937
          },
          {
            "X": 0.3213614821434021,
            "Y": 0.5214803218841553
          },
          {
            "X": 0.2450452446937561,
            "Y": 0.5211249589920044
          }
        ]
      },
      "Id": "93f36e83-4dae-4476-b265-eee81b574b00",
      "Relationships": [
        {
          "Type": "CHILD",
          "Ids": [
            "a7a0738c-8389-4bab-abb2-83c95e6389ce"
          ]
        }
      ],
      "Page": 1
    },
    {
      "BlockType": "LINE",
      "Confidence": 99.9666519165039,
      "Text": "348",
      "Geometry": {
        "BoundingBox": {
          "Width": 0.02266964316368103,
          "Height": 0.01808084361255169,
          "Left": 0.4225359261035919,
          "Top": 0.49905332922935486
        },
        "Polygon": [
          {
            "X": 0.4225359261035919,
            "Y": 0.49905332922935486
          },
          {
            "X": 0.4450335204601288,
            "Y": 0.49915388226509094
          },
          {
            "X": 0.44520556926727295,
            "Y": 0.5171341896057129
          },
          {
            "X": 0.42270606756210327,
            "Y": 0.5170302987098694
          }
        ]
      },
      "Id": "065a30b2-bc7f-4fa3-8dfa-8f7b63558679",
      "Relationships": [
        {
          "Type": "CHILD",
          "Ids": [
            "782a4ff2-1f97-4e5e-ba4c-e9ea12773ce1"
          ]
        }
      ],
      "Page": 1
    },
    {
      "BlockType": "LINE",
      "Confidence": 99.97718048095703,
      "Text": "378",
      "Geometry": {
        "BoundingBox": {
          "Width": 0.022467227652668953,
          "Height": 0.01826423592865467,
          "Left": 0.5474075675010681,
          "Top": 0.49867475032806396
        },
        "Polygon": [
          {
            "X": 0.5474075675010681,
            "Y": 0.49867475032806396
          },
          {
            "X": 0.5696903467178345,
            "Y": 0.4987741708755493
          },
          {
            "X": 0.5698747634887695,
            "Y": 0.5169389843940735
          },
          {
            "X": 0.5475900769233704,
            "Y": 0.5168362259864807
          }
        ]
      },
      "Id": "76edef58-c46f-4532-ba40-70fe792cf2e2",
      "Relationships": [
        {
          "Type": "CHILD",
          "Ids": [
            "daaba3ca-462d-4612-bf8c-029f52cc40c9"
          ]
        }
      ],
      "Page": 1
    },
    {
      "BlockType": "LINE",
      "Confidence": 99.93841552734375,
      "Text": "18.7",
      "Geometry": {
        "BoundingBox": {
          "Width": 0.026087475940585136,
          "Height": 0.0187568087130785,
          "Left": 0.6649347543716431,
          "Top": 0.4985194802284241
        },
        "Polygon": [
          {
            "X": 0.6649347543716431,
            "Y": 0.4985194802284241
          },
          {
            "X": 0.6908223628997803,
            "Y": 0.49863484501838684
          },
          {
            "X": 0.6910222172737122,
            "Y": 0.5172762870788574
          },
          {
            "X": 0.6651322841644287,
            "Y": 0.5171569585800171
          }
        ]
      },
      "Id": "881444a5-9878-44bb-a12c-d7de9ecf4208",
      "Relationships": [
        {
          "Type": "CHILD",
          "Ids": [
            "93eae7f9-f32c-480d-a1c2-0cd4bb6de595"
          ]
        }
      ],
      "Page": 1
    },
    {
      "BlockType": "LINE",
      "Confidence": 99.35213470458984,
      "Text": "EP/2%PANI",
      "Geometry": {
        "BoundingBox": {
          "Width": 0.07345277070999146,
          "Height": 0.019817594438791275,
          "Left": 0.2449435144662857,
          "Top": 0.5307197570800781
        },
        "Polygon": [
          {
            "X": 0.2449435144662857,
            "Y": 0.5307197570800781
          },
          {
            "X": 0.3182215690612793,
            "Y": 0.5310667753219604
          },
          {
            "X": 0.31839627027511597,
            "Y": 0.5505373477935791
          },
          {
            "X": 0.24511145055294037,
            "Y": 0.5501785278320312
          }
        ]
      },
      "Id": "aefe213e-36c0-4e63-b06f-a588689e92af",
      "Relationships": [
        {
          "Type": "CHILD",
          "Ids": [
            "8e68ad73-f4c9-4bad-97bd-a79a44c1e061"
          ]
        }
      ],
      "Page": 1
    },
    {
      "BlockType": "LINE",
      "Confidence": 99.8970947265625,
      "Text": "374",
      "Geometry": {
        "BoundingBox": {
          "Width": 0.022554900497198105,
          "Height": 0.01807699352502823,
          "Left": 0.42261579632759094,
          "Top": 0.5310531258583069
        },
        "Polygon": [
          {
            "X": 0.42261579632759094,
            "Y": 0.5310531258583069
          },
          {
            "X": 0.44499877095222473,
            "Y": 0.5311590433120728
          },
          {
            "X": 0.44517070055007935,
            "Y": 0.5491300821304321
          },
          {
            "X": 0.42278581857681274,
            "Y": 0.5490208864212036
          }
        ]
      },
      "Id": "a2414ee3-9440-46d8-9283-1cb38c1e7e12",
      "Relationships": [
        {
          "Type": "CHILD",
          "Ids": [
            "e78ed248-ab83-429e-b672-5a445e9b21be"
          ]
        }
      ],
      "Page": 1
    },
    {
      "BlockType": "LINE",
      "Confidence": 99.97885131835938,
      "Text": "403",
      "Geometry": {
        "BoundingBox": {
          "Width": 0.022338487207889557,
          "Height": 0.017905356362462044,
          "Left": 0.5473722815513611,
          "Top": 0.5307814478874207
        },
        "Polygon": [
          {
            "X": 0.5473722815513611,
            "Y": 0.5307814478874207
          },
          {
            "X": 0.5695300698280334,
            "Y": 0.530886173248291
          },
          {
            "X": 0.5697107911109924,
            "Y": 0.5486868023872375
          },
          {
            "X": 0.5475510954856873,
            "Y": 0.5485789179801941
          }
        ]
      },
      "Id": "0b4c8c9f-ea49-4197-8e96-c5138a0f4a47",
      "Relationships": [
        {
          "Type": "CHILD",
          "Ids": [
            "6ae778f6-ba81-4433-a119-93c64af356a9"
          ]
        }
      ],
      "Page": 1
    },
    {
      "BlockType": "LINE",
      "Confidence": 83.68148040771484,
      "Text": "17.6",
      "Geometry": {
        "BoundingBox": {
          "Width": 0.025980859994888306,
          "Height": 0.018272271379828453,
          "Left": 0.6652055382728577,
          "Top": 0.530640721321106
        },
        "Polygon": [
          {
            "X": 0.6652055382728577,
            "Y": 0.530640721321106
          },
          {
            "X": 0.6909918189048767,
            "Y": 0.5307624340057373
          },
          {
            "X": 0.6911863684654236,
            "Y": 0.5489130020141602
          },
          {
            "X": 0.6653978824615479,
            "Y": 0.5487874746322632
          }
        ]
      },
      "Id": "dd16303c-3f89-4dc6-9b3b-aacba0036f51",
      "Relationships": [
        {
          "Type": "CHILD",
          "Ids": [
            "98a93930-3a4c-40f7-b45a-be66a5c9790e"
          ]
        }
      ],
      "Page": 1
    },
    {
      "BlockType": "LINE",
      "Confidence": 85.47499084472656,
      "Text": "EP/2%PANI- MnO2",
      "Geometry": {
        "BoundingBox": {
          "Width": 0.11669846624135971,
          "Height": 0.022370561957359314,
          "Left": 0.24485455453395844,
          "Top": 0.5611768364906311
        },
        "Polygon": [
          {
            "X": 0.24485455453395844,
            "Y": 0.5611768364906311
          },
          {
            "X": 0.3613530993461609,
            "Y": 0.5617576837539673
          },
          {
            "X": 0.36155301332473755,
            "Y": 0.5835473537445068
          },
          {
            "X": 0.24504239857196808,
            "Y": 0.5829455852508545
          }
        ]
      },
      "Id": "52f7b381-c54d-42d0-819d-a14b3ad7c2a9",
      "Relationships": [
        {
          "Type": "CHILD",
          "Ids": [
            "340abf56-63d0-4485-85ee-94b0015b10ca",
            "c859fb0d-5250-4534-b12a-09f3d44ff144"
          ]
        }
      ],
      "Page": 1
    },
    {
      "BlockType": "LINE",
      "Confidence": 99.97140502929688,
      "Text": "346",
      "Geometry": {
        "BoundingBox": {
          "Width": 0.022594448179006577,
          "Height": 0.018299952149391174,
          "Left": 0.42262551188468933,
          "Top": 0.561621367931366
        },
        "Polygon": [
          {
            "X": 0.42262551188468933,
            "Y": 0.561621367931366
          },
          {
            "X": 0.44504594802856445,
            "Y": 0.5617331266403198
          },
          {
            "X": 0.4452199637889862,
            "Y": 0.5799213647842407
          },
          {
            "X": 0.4227975606918335,
            "Y": 0.5798062682151794
          }
        ]
      },
      "Id": "d5497f59-41fc-45eb-92ba-6ba917054179",
      "Relationships": [
        {
          "Type": "CHILD",
          "Ids": [
            "50ca8627-b034-4ca1-bd50-9df4c5789d85"
          ]
        }
      ],
      "Page": 1
    },
    {
      "BlockType": "LINE",
      "Confidence": 99.98426818847656,
      "Text": "370",
      "Geometry": {
        "BoundingBox": {
          "Width": 0.022455358877778053,
          "Height": 0.018353253602981567,
          "Left": 0.5475248098373413,
          "Top": 0.561680018901825
        },
        "Polygon": [
          {
            "X": 0.5475248098373413,
            "Y": 0.561680018901825
          },
          {
            "X": 0.5697949528694153,
            "Y": 0.5617908835411072
          },
          {
            "X": 0.5699801445007324,
            "Y": 0.5800332427024841
          },
          {
            "X": 0.5477080345153809,
            "Y": 0.5799190402030945
          }
        ]
      },
      "Id": "5d3a45dd-cd09-4693-89aa-d3e3702f41a6",
      "Relationships": [
        {
          "Type": "CHILD",
          "Ids": [
            "46d26d62-8802-4ced-bb08-ce15d38efff4"
          ]
        }
      ],
      "Page": 1
    },
    {
      "BlockType": "LINE",
      "Confidence": 99.78897857666016,
      "Text": "18.5",
      "Geometry": {
        "BoundingBox": {
          "Width": 0.025766801089048386,
          "Height": 0.018223686143755913,
          "Left": 0.6650393009185791,
          "Top": 0.5616843700408936
        },
        "Polygon": [
          {
            "X": 0.6650393009185791,
            "Y": 0.5616843700408936
          },
          {
            "X": 0.6906121969223022,
            "Y": 0.5618115663528442
          },
          {
            "X": 0.6908060908317566,
            "Y": 0.5799080729484558
          },
          {
            "X": 0.6652309894561768,
            "Y": 0.5797770619392395
          }
        ]
      },
      "Id": "e47df952-1bd8-4f05-ac67-bfa8d3074d95",
      "Relationships": [
        {
          "Type": "CHILD",
          "Ids": [
            "1f96f4f2-71e5-4674-8bbd-985e541553b8"
          ]
        }
      ],
      "Page": 1
    },
    {
      "BlockType": "WORD",
      "Confidence": 99.94654083251953,
      "Text": "Sample",
      "TextType": "PRINTED",
      "Geometry": {
        "BoundingBox": {
          "Width": 0.04401018097996712,
          "Height": 0.024484479799866676,
          "Left": 0.24468638002872467,
          "Top": 0.41642051935195923
        },
        "Polygon": [
          {
            "X": 0.24468638002872467,
            "Y": 0.41642051935195923
          },
          {
            "X": 0.28848159313201904,
            "Y": 0.41658681631088257
          },
          {
            "X": 0.2886965572834015,
            "Y": 0.44090500473976135
          },
          {
            "X": 0.24489626288414001,
            "Y": 0.44072994589805603
          }
        ]
      },
      "Id": "edd1201e-da6a-4ad0-9093-207a51129e1e",
      "Page": 1
    },
    {
      "BlockType": "WORD",
      "Confidence": 98.8458480834961,
      "Text": "Tinitial",
      "TextType": "PRINTED",
      "Geometry": {
        "BoundingBox": {
          "Width": 0.035318873822689056,
          "Height": 0.021178994327783585,
          "Left": 0.421848326921463,
          "Top": 0.41808077692985535
        },
        "Polygon": [
          {
            "X": 0.421848326921463,
            "Y": 0.41808077692985535
          },
          {
            "X": 0.4569645822048187,
            "Y": 0.4182143807411194
          },
          {
            "X": 0.45716720819473267,
            "Y": 0.43925976753234863
          },
          {
            "X": 0.4220474362373352,
            "Y": 0.4391200840473175
          }
        ]
      },
      "Id": "2460e0a0-6c8c-45d7-83b3-2da4fb0a0649",
      "Page": 1
    },
    {
      "BlockType": "WORD",
      "Confidence": 53.210819244384766,
      "Text": "(C)",
      "TextType": "PRINTED",
      "Geometry": {
        "BoundingBox": {
          "Width": 0.0236789733171463,
          "Height": 0.02223598025739193,
          "Left": 0.4616444706916809,
          "Top": 0.41665932536125183
        },
        "Polygon": [
          {
            "X": 0.4616444706916809,
            "Y": 0.41665932536125183
          },
          {
            "X": 0.48510727286338806,
            "Y": 0.4167483150959015
          },
          {
            "X": 0.485323429107666,
            "Y": 0.4388953149318695
          },
          {
            "X": 0.4618581533432007,
            "Y": 0.4388020634651184
          }
        ]
      },
      "Id": "104bc530-8a96-44b3-9ab1-c767d4a1d92b",
      "Page": 1
    },
    {
      "BlockType": "WORD",
      "Confidence": 99.36309051513672,
      "Text": "Tmax",
      "TextType": "PRINTED",
      "Geometry": {
        "BoundingBox": {
          "Width": 0.028426984325051308,
          "Height": 0.022115008905529976,
          "Left": 0.5465547442436218,
          "Top": 0.41766437888145447
        },
        "Polygon": [
          {
            "X": 0.5465547442436218,
            "Y": 0.41766437888145447
          },
          {
            "X": 0.5747576951980591,
            "Y": 0.41777148842811584
          },
          {
            "X": 0.5749817490577698,
            "Y": 0.4397794008255005
          },
          {
            "X": 0.5467758178710938,
            "Y": 0.4396671950817108
          }
        ]
      },
      "Id": "b4e10a5a-42dd-4831-bbfd-bdf0bf3333ee",
      "Page": 1
    },
    {
      "BlockType": "WORD",
      "Confidence": 49.57127380371094,
      "Text": "(C)",
      "TextType": "PRINTED",
      "Geometry": {
        "BoundingBox": {
          "Width": 0.0239058006554842,
          "Height": 0.023051103577017784,
          "Left": 0.5786942839622498,
          "Top": 0.41620543599128723
        },
        "Polygon": [
          {
            "X": 0.5786942839622498,
            "Y": 0.41620543599128723
          },
          {
            "X": 0.6023634076118469,
            "Y": 0.41629499197006226
          },
          {
            "X": 0.60260009765625,
            "Y": 0.4392565190792084
          },
          {
            "X": 0.5789284706115723,
            "Y": 0.4391624927520752
          }
        ]
      },
      "Id": "20e8dbaa-1031-4e27-9146-abb81bee9a5c",
      "Page": 1
    },
    {
      "BlockType": "WORD",
      "Confidence": 99.42381286621094,
      "Text": "Char",
      "TextType": "PRINTED",
      "Geometry": {
        "BoundingBox": {
          "Width": 0.0292035099118948,
          "Height": 0.018645793199539185,
          "Left": 0.6642925143241882,
          "Top": 0.41658511757850647
        },
        "Polygon": [
          {
            "X": 0.6642925143241882,
            "Y": 0.41658511757850647
          },
          {
            "X": 0.6932970285415649,
            "Y": 0.41669487953186035
          },
          {
            "X": 0.6934959888458252,
            "Y": 0.43523091077804565
          },
          {
            "X": 0.6644889116287231,
            "Y": 0.435116708278656
          }
        ]
      },
      "Id": "b9e91f1c-7e5a-4af9-9135-1dc9f18afb60",
      "Page": 1
    },
    {
      "BlockType": "WORD",
      "Confidence": 99.93669128417969,
      "Text": "yield",
      "TextType": "PRINTED",
      "Geometry": {
        "BoundingBox": {
          "Width": 0.030082926154136658,
          "Height": 0.024144193157553673,
          "Left": 0.6963609457015991,
          "Top": 0.41641804575920105
        },
        "Polygon": [
          {
            "X": 0.6963609457015991,
            "Y": 0.41641804575920105
          },
          {
            "X": 0.726182222366333,
            "Y": 0.4165308475494385
          },
          {
            "X": 0.726443886756897,
            "Y": 0.44056224822998047
          },
          {
            "X": 0.6966192722320557,
            "Y": 0.4404435455799103
          }
        ]
      },
      "Id": "387d0c63-4dd4-4ed7-bbf4-f45ab1021557",
      "Page": 1
    },
    {
      "BlockType": "WORD",
      "Confidence": 99.88655853271484,
      "Text": "(%)",
      "TextType": "PRINTED",
      "Geometry": {
        "BoundingBox": {
          "Width": 0.021374814212322235,
          "Height": 0.02231249399483204,
          "Left": 0.730633556842804,
          "Top": 0.41642823815345764
        },
        "Polygon": [
          {
            "X": 0.730633556842804,
            "Y": 0.41642823815345764
          },
          {
            "X": 0.7517635822296143,
            "Y": 0.41650813817977905
          },
          {
            "X": 0.7520083785057068,
            "Y": 0.43874073028564453
          },
          {
            "X": 0.730876088142395,
            "Y": 0.4386569559574127
          }
        ]
      },
      "Id": "6e299fd9-f586-4eb5-a050-affad9dc4360",
      "Page": 1
    },
    {
      "BlockType": "WORD",
      "Confidence": 99.81590270996094,
      "Text": "EP",
      "TextType": "PRINTED",
      "Geometry": {
        "BoundingBox": {
          "Width": 0.015708714723587036,
          "Height": 0.017282072454690933,
          "Left": 0.24482916295528412,
          "Top": 0.4670841693878174
        },
        "Polygon": [
          {
            "X": 0.24482916295528412,
            "Y": 0.4670841693878174
          },
          {
            "X": 0.26038801670074463,
            "Y": 0.4671497046947479
          },
          {
            "X": 0.26053789258003235,
            "Y": 0.484366238117218
          },
          {
            "X": 0.24497777223587036,
            "Y": 0.4842984676361084
          }
        ]
      },
      "Id": "d760f655-d44c-4d2d-9e76-97bcae7c69ac",
      "Page": 1
    },
    {
      "BlockType": "WORD",
      "Confidence": 99.9658203125,
      "Text": "369",
      "TextType": "PRINTED",
      "Geometry": {
        "BoundingBox": {
          "Width": 0.022694334387779236,
          "Height": 0.018427198752760887,
          "Left": 0.42254438996315,
          "Top": 0.46664848923683167
        },
        "Polygon": [
          {
            "X": 0.42254438996315,
            "Y": 0.46664848923683167
          },
          {
            "X": 0.4450632929801941,
            "Y": 0.466743141412735
          },
          {
            "X": 0.44523873925209045,
            "Y": 0.4850756824016571
          },
          {
            "X": 0.4227178990840912,
            "Y": 0.4849776327610016
          }
        ]
      },
      "Id": "640f844c-7c94-4ccf-83b6-a08156a8d583",
      "Page": 1
    },
    {
      "BlockType": "WORD",
      "Confidence": 99.96028137207031,
      "Text": "390",
      "TextType": "PRINTED",
      "Geometry": {
        "BoundingBox": {
          "Width": 0.0224076509475708,
          "Height": 0.018503382802009583,
          "Left": 0.5474555492401123,
          "Top": 0.4664780795574188
        },
        "Polygon": [
          {
            "X": 0.5474555492401123,
            "Y": 0.4664780795574188
          },
          {
            "X": 0.5696762800216675,
            "Y": 0.4665713608264923
          },
          {
            "X": 0.5698632001876831,
            "Y": 0.4849814772605896
          },
          {
            "X": 0.5476405620574951,
            "Y": 0.4848848283290863
          }
        ]
      },
      "Id": "a16e2222-17c4-40d6-934d-f9d9d70a5b27",
      "Page": 1
    },
    {
      "BlockType": "WORD",
      "Confidence": 96.95415496826172,
      "Text": "15.2",
      "TextType": "PRINTED",
      "Geometry": {
        "BoundingBox": {
          "Width": 0.025768080726265907,
          "Height": 0.018491230905056,
          "Left": 0.6653280854225159,
          "Top": 0.4665333926677704
        },
        "Polygon": [
          {
            "X": 0.6653280854225159,
            "Y": 0.4665333926677704
          },
          {
            "X": 0.6908990740776062,
            "Y": 0.4666406214237213
          },
          {
            "X": 0.6910961866378784,
            "Y": 0.4850246012210846
          },
          {
            "X": 0.6655229330062866,
            "Y": 0.48491349816322327
          }
        ]
      },
      "Id": "928466e4-d0b8-45a1-b7a7-ddb20e22bfc6",
      "Page": 1
    },
    {
      "BlockType": "WORD",
      "Confidence": 68.4026870727539,
      "Text": "EP/2%MnO2",
      "TextType": "PRINTED",
      "Geometry": {
        "BoundingBox": {
          "Width": 0.07651013880968094,
          "Height": 0.022819917649030685,
          "Left": 0.24485135078430176,
          "Top": 0.4986604154109955
        },
        "Polygon": [
          {
            "X": 0.24485135078430176,
            "Y": 0.4986604154109955
          },
          {
            "X": 0.3211594223976135,
            "Y": 0.49900171160697937
          },
          {
            "X": 0.3213614821434021,
            "Y": 0.5214803218841553
          },
          {
            "X": 0.2450452446937561,
            "Y": 0.5211249589920044
          }
        ]
      },
      "Id": "a7a0738c-8389-4bab-abb2-83c95e6389ce",
      "Page": 1
    },
    {
      "BlockType": "WORD",
      "Confidence": 99.9666519165039,
      "Text": "348",
      "TextType": "PRINTED",
      "Geometry": {
        "BoundingBox": {
          "Width": 0.02266964316368103,
          "Height": 0.01808084361255169,
          "Left": 0.4225359261035919,
          "Top": 0.49905332922935486
        },
        "Polygon": [
          {
            "X": 0.4225359261035919,
            "Y": 0.49905332922935486
          },
          {
            "X": 0.4450335204601288,
            "Y": 0.49915388226509094
          },
          {
            "X": 0.44520556926727295,
            "Y": 0.5171341896057129
          },
          {
            "X": 0.42270606756210327,
            "Y": 0.5170302987098694
          }
        ]
      },
      "Id": "782a4ff2-1f97-4e5e-ba4c-e9ea12773ce1",
      "Page": 1
    },
    {
      "BlockType": "WORD",
      "Confidence": 99.97718048095703,
      "Text": "378",
      "TextType": "PRINTED",
      "Geometry": {
        "BoundingBox": {
          "Width": 0.022467227652668953,
          "Height": 0.01826423592865467,
          "Left": 0.5474075675010681,
          "Top": 0.49867475032806396
        },
        "Polygon": [
          {
            "X": 0.5474075675010681,
            "Y": 0.49867475032806396
          },
          {
            "X": 0.5696903467178345,
            "Y": 0.4987741708755493
          },
          {
            "X": 0.5698747634887695,
            "Y": 0.5169389843940735
          },
          {
            "X": 0.5475900769233704,
            "Y": 0.5168362259864807
          }
        ]
      },
      "Id": "daaba3ca-462d-4612-bf8c-029f52cc40c9",
      "Page": 1
    },
    {
      "BlockType": "WORD",
      "Confidence": 99.93841552734375,
      "Text": "18.7",
      "TextType": "PRINTED",
      "Geometry": {
        "BoundingBox": {
          "Width": 0.026087475940585136,
          "Height": 0.0187568087130785,
          "Left": 0.6649347543716431,
          "Top": 0.4985194802284241
        },
        "Polygon": [
          {
            "X": 0.6649347543716431,
            "Y": 0.4985194802284241
          },
          {
            "X": 0.6908223628997803,
            "Y": 0.49863484501838684
          },
          {
            "X": 0.6910222172737122,
            "Y": 0.5172762870788574
          },
          {
            "X": 0.6651322841644287,
            "Y": 0.5171569585800171
          }
        ]
      },
      "Id": "93eae7f9-f32c-480d-a1c2-0cd4bb6de595",
      "Page": 1
    },
    {
      "BlockType": "WORD",
      "Confidence": 99.35213470458984,
      "Text": "EP/2%PANI",
      "TextType": "PRINTED",
      "Geometry": {
        "BoundingBox": {
          "Width": 0.07345277070999146,
          "Height": 0.019817594438791275,
          "Left": 0.2449435144662857,
          "Top": 0.5307197570800781
        },
        "Polygon": [
          {
            "X": 0.2449435144662857,
            "Y": 0.5307197570800781
          },
          {
            "X": 0.3182215690612793,
            "Y": 0.5310667753219604
          },
          {
            "X": 0.31839627027511597,
            "Y": 0.5505373477935791
          },
          {
            "X": 0.24511145055294037,
            "Y": 0.5501785278320312
          }
        ]
      },
      "Id": "8e68ad73-f4c9-4bad-97bd-a79a44c1e061",
      "Page": 1
    },
    {
      "BlockType": "WORD",
      "Confidence": 99.8970947265625,
      "Text": "374",
      "TextType": "PRINTED",
      "Geometry": {
        "BoundingBox": {
          "Width": 0.022554900497198105,
          "Height": 0.01807699352502823,
          "Left": 0.42261579632759094,
          "Top": 0.5310531258583069
        },
        "Polygon": [
          {
            "X": 0.42261579632759094,
            "Y": 0.5310531258583069
          },
          {
            "X": 0.44499877095222473,
            "Y": 0.5311590433120728
          },
          {
            "X": 0.44517070055007935,
            "Y": 0.5491300821304321
          },
          {
            "X": 0.42278581857681274,
            "Y": 0.5490208864212036
          }
        ]
      },
      "Id": "e78ed248-ab83-429e-b672-5a445e9b21be",
      "Page": 1
    },
    {
      "BlockType": "WORD",
      "Confidence": 99.97885131835938,
      "Text": "403",
      "TextType": "PRINTED",
      "Geometry": {
        "BoundingBox": {
          "Width": 0.022338487207889557,
          "Height": 0.017905356362462044,
          "Left": 0.5473722815513611,
          "Top": 0.5307814478874207
        },
        "Polygon": [
          {
            "X": 0.5473722815513611,
            "Y": 0.5307814478874207
          },
          {
            "X": 0.5695300698280334,
            "Y": 0.530886173248291
          },
          {
            "X": 0.5697107911109924,
            "Y": 0.5486868023872375
          },
          {
            "X": 0.5475510954856873,
            "Y": 0.5485789179801941
          }
        ]
      },
      "Id": "6ae778f6-ba81-4433-a119-93c64af356a9",
      "Page": 1
    },
    {
      "BlockType": "WORD",
      "Confidence": 83.68148040771484,
      "Text": "17.6",
      "TextType": "PRINTED",
      "Geometry": {
        "BoundingBox": {
          "Width": 0.025980859994888306,
          "Height": 0.018272271379828453,
          "Left": 0.6652055382728577,
          "Top": 0.530640721321106
        },
        "Polygon": [
          {
            "X": 0.6652055382728577,
            "Y": 0.530640721321106
          },
          {
            "X": 0.6909918189048767,
            "Y": 0.5307624340057373
          },
          {
            "X": 0.6911863684654236,
            "Y": 0.5489130020141602
          },
          {
            "X": 0.6653978824615479,
            "Y": 0.5487874746322632
          }
        ]
      },
      "Id": "98a93930-3a4c-40f7-b45a-be66a5c9790e",
      "Page": 1
    },
    {
      "BlockType": "WORD",
      "Confidence": 98.72370147705078,
      "Text": "EP/2%PANI-",
      "TextType": "PRINTED",
      "Geometry": {
        "BoundingBox": {
          "Width": 0.07756207138299942,
          "Height": 0.019668003544211388,
          "Left": 0.24485570192337036,
          "Top": 0.5613096356391907
        },
        "Polygon": [
          {
            "X": 0.24485570192337036,
            "Y": 0.5613096356391907
          },
          {
            "X": 0.32224440574645996,
            "Y": 0.5616955757141113
          },
          {
            "X": 0.3224177658557892,
            "Y": 0.5809776782989502
          },
          {
            "X": 0.2450219690799713,
            "Y": 0.580579400062561
          }
        ]
      },
      "Id": "340abf56-63d0-4485-85ee-94b0015b10ca",
      "Page": 1
    },
    {
      "BlockType": "WORD",
      "Confidence": 72.22628021240234,
      "Text": "MnO2",
      "TextType": "PRINTED",
      "Geometry": {
        "BoundingBox": {
          "Width": 0.03559764847159386,
          "Height": 0.021966183558106422,
          "Left": 0.3259553611278534,
          "Top": 0.5615811944007874
        },
        "Polygon": [
          {
            "X": 0.3259553611278534,
            "Y": 0.5615811944007874
          },
          {
            "X": 0.3613530993461609,
            "Y": 0.5617576837539673
          },
          {
            "X": 0.36155301332473755,
            "Y": 0.5835473537445068
          },
          {
            "X": 0.32615160942077637,
            "Y": 0.5833645462989807
          }
        ]
      },
      "Id": "c859fb0d-5250-4534-b12a-09f3d44ff144",
      "Page": 1
    },
    {
      "BlockType": "WORD",
      "Confidence": 99.97140502929688,
      "Text": "346",
      "TextType": "PRINTED",
      "Geometry": {
        "BoundingBox": {
          "Width": 0.022594448179006577,
          "Height": 0.018299952149391174,
          "Left": 0.42262551188468933,
          "Top": 0.561621367931366
        },
        "Polygon": [
          {
            "X": 0.42262551188468933,
            "Y": 0.561621367931366
          },
          {
            "X": 0.44504594802856445,
            "Y": 0.5617331266403198
          },
          {
            "X": 0.4452199637889862,
            "Y": 0.5799213647842407
          },
          {
            "X": 0.4227975606918335,
            "Y": 0.5798062682151794
          }
        ]
      },
      "Id": "50ca8627-b034-4ca1-bd50-9df4c5789d85",
      "Page": 1
    },
    {
      "BlockType": "WORD",
      "Confidence": 99.98426818847656,
      "Text": "370",
      "TextType": "PRINTED",
      "Geometry": {
        "BoundingBox": {
          "Width": 0.022455358877778053,
          "Height": 0.018353253602981567,
          "Left": 0.5475248098373413,
          "Top": 0.561680018901825
        },
        "Polygon": [
          {
            "X": 0.5475248098373413,
            "Y": 0.561680018901825
          },
          {
            "X": 0.5697949528694153,
            "Y": 0.5617908835411072
          },
          {
            "X": 0.5699801445007324,
            "Y": 0.5800332427024841
          },
          {
            "X": 0.5477080345153809,
            "Y": 0.5799190402030945
          }
        ]
      },
      "Id": "46d26d62-8802-4ced-bb08-ce15d38efff4",
      "Page": 1
    },
    {
      "BlockType": "WORD",
      "Confidence": 99.78897857666016,
      "Text": "18.5",
      "TextType": "PRINTED",
      "Geometry": {
        "BoundingBox": {
          "Width": 0.025766801089048386,
          "Height": 0.018223686143755913,
          "Left": 0.6650393009185791,
          "Top": 0.5616843700408936
        },
        "Polygon": [
          {
            "X": 0.6650393009185791,
            "Y": 0.5616843700408936
          },
          {
            "X": 0.6906121969223022,
            "Y": 0.5618115663528442
          },
          {
            "X": 0.6908060908317566,
            "Y": 0.5799080729484558
          },
          {
            "X": 0.6652309894561768,
            "Y": 0.5797770619392395
          }
        ]
      },
      "Id": "1f96f4f2-71e5-4674-8bbd-985e541553b8",
      "Page": 1
    },
    {
      "BlockType": "TABLE",
      "Confidence": 99.853515625,
      "Geometry": {
        "BoundingBox": {
          "Width": 0.5424917936325073,
          "Height": 0.19829268753528595,
          "Left": 0.22857514023780823,
          "Top": 0.40069350600242615
        },
        "Polygon": [
          {
            "X": 0.22857514023780823,
            "Y": 0.40069350600242615
          },
          {
            "X": 0.7688896656036377,
            "Y": 0.40267542004585266
          },
          {
            "X": 0.7710669040679932,
            "Y": 0.5989862084388733
          },
          {
            "X": 0.23024792969226837,
            "Y": 0.5961339473724365
          }
        ]
      },
      "Id": "013bef12-8bdb-44f1-98e5-2ab580c63492",
      "Relationships": [
        {
          "Type": "CHILD",
          "Ids": [
            "043c5173-868b-4b12-b6fd-a806a74e33f6",
            "bd55a96b-f7c3-4a3a-9a93-1c3fd5d1771d",
            "3cd696b3-26d3-4d22-bd73-07b20f54fce7",
            "8ee0beaf-483a-4e2f-865e-89d2210feaa2",
            "a32ece0a-cb76-4af6-b616-028cf5aa2746",
            "19a7356c-cc03-4fef-9b89-c9c948f6619d",
            "9492671b-c34e-4851-accd-c4fd81f7ba23",
            "84fbf704-cd3a-42a6-9f05-1b33a83cf008",
            "1a735b91-fed7-426e-80e8-e0609a1ec7e5",
            "869cd50b-173f-4b96-8444-fb86d7dd02f3",
            "85c19698-af26-4da6-a851-f2cde6f3878a",
            "ecfdc613-4fef-4c63-8018-f0d34cced5c9",
            "c71bc529-9676-4a69-a301-4493d0313866",
            "e860aec5-ff95-494e-b2ed-72a2eacf3c5e",
            "f185e80e-c608-473a-8652-e208d5f96a05",
            "01f03b11-1284-465b-9d40-014a88a6e3e6",
            "637aa9d3-0946-47bf-a438-d4d91fd5ac89",
            "4ee01cd0-4a20-42f3-843e-92f75f948764",
            "99f2bd2f-07d4-4d7a-9905-f8c8945ac170",
            "6500b497-92fe-4fbe-a038-6f6049cd4d3a"
          ]
        }
      ],
      "EntityTypes": [
        "STRUCTURED_TABLE"
      ],
      "Page": 1
    },
    {
      "BlockType": "CELL",
      "Confidence": 91.845703125,
      "RowIndex": 1,
      "ColumnIndex": 1,
      "RowSpan": 1,
      "ColumnSpan": 1,
      "Geometry": {
        "BoundingBox": {
          "Width": 0.16414351761341095,
          "Height": 0.050486259162425995,
          "Left": 0.22857514023780823,
          "Top": 0.40069350600242615
        },
        "Polygon": [
          {
            "X": 0.22857514023780823,
            "Y": 0.40069350600242615
          },
          {
            "X": 0.39225342869758606,
            "Y": 0.40129390358924866
          },
          {
            "X": 0.39271867275238037,
            "Y": 0.45117977261543274
          },
          {
            "X": 0.22900153696537018,
            "Y": 0.45051223039627075
          }
        ]
      },
      "Id": "043c5173-868b-4b12-b6fd-a806a74e33f6",
      "Relationships": [
        {
          "Type": "CHILD",
          "Ids": [
            "edd1201e-da6a-4ad0-9093-207a51129e1e"
          ]
        }
      ],
      "EntityTypes": [
        "COLUMN_HEADER"
      ],
      "Page": 1
    },
    {
      "BlockType": "CELL",
      "Confidence": 88.427734375,
      "RowIndex": 1,
      "ColumnIndex": 2,
      "RowSpan": 1,
      "ColumnSpan": 1,
      "Geometry": {
        "BoundingBox": {
          "Width": 0.126198410987854,
          "Height": 0.05039854347705841,
          "Left": 0.39225342869758606,
          "Top": 0.40129390358924866
        },
        "Polygon": [
          {
            "X": 0.39225342869758606,
            "Y": 0.40129390358924866
          },
          {
            "X": 0.5179567337036133,
            "Y": 0.4017549753189087
          },
          {
            "X": 0.5184518098831177,
            "Y": 0.4516924321651459
          },
          {
            "X": 0.39271867275238037,
            "Y": 0.45117977261543274
          }
        ]
      },
      "Id": "bd55a96b-f7c3-4a3a-9a93-1c3fd5d1771d",
      "Relationships": [
        {
          "Type": "CHILD",
          "Ids": [
            "2460e0a0-6c8c-45d7-83b3-2da4fb0a0649",
            "104bc530-8a96-44b3-9ab1-c767d4a1d92b"
          ]
        }
      ],
      "EntityTypes": [
        "COLUMN_HEADER"
      ],
      "Page": 1
    },
    {
      "BlockType": "CELL",
      "Confidence": 87.939453125,
      "RowIndex": 1,
      "ColumnIndex": 3,
      "RowSpan": 1,
      "ColumnSpan": 1,
      "Geometry": {
        "BoundingBox": {
          "Width": 0.11808040738105774,
          "Height": 0.05041690170764923,
          "Left": 0.5179567337036133,
          "Top": 0.4017549753189087
        },
        "Polygon": [
          {
            "X": 0.5179567337036133,
            "Y": 0.4017549753189087
          },
          {
            "X": 0.635513961315155,
            "Y": 0.40218618512153625
          },
          {
            "X": 0.6360371112823486,
            "Y": 0.4521718919277191
          },
          {
            "X": 0.5184518098831177,
            "Y": 0.4516924321651459
          }
        ]
      },
      "Id": "3cd696b3-26d3-4d22-bd73-07b20f54fce7",
      "Relationships": [
        {
          "Type": "CHILD",
          "Ids": [
            "b4e10a5a-42dd-4831-bbfd-bdf0bf3333ee",
            "20e8dbaa-1031-4e27-9146-abb81bee9a5c"
          ]
        }
      ],
      "EntityTypes": [
        "COLUMN_HEADER"
      ],
      "Page": 1
    },
    {
      "BlockType": "CELL",
      "Confidence": 91.650390625,
      "RowIndex": 1,
      "ColumnIndex": 4,
      "RowSpan": 1,
      "ColumnSpan": 1,
      "Geometry": {
        "BoundingBox": {
          "Width": 0.13393068313598633,
          "Height": 0.05052965506911278,
          "Left": 0.635513961315155,
          "Top": 0.40218618512153625
        },
        "Polygon": [
          {
            "X": 0.635513961315155,
            "Y": 0.40218618512153625
          },
          {
            "X": 0.7688896656036377,
            "Y": 0.40267542004585266
          },
          {
            "X": 0.7694446444511414,
            "Y": 0.45271584391593933
          },
          {
            "X": 0.6360371112823486,
            "Y": 0.4521718919277191
          }
        ]
      },
      "Id": "8ee0beaf-483a-4e2f-865e-89d2210feaa2",
      "Relationships": [
        {
          "Type": "CHILD",
          "Ids": [
            "b9e91f1c-7e5a-4af9-9135-1dc9f18afb60",
            "387d0c63-4dd4-4ed7-bbf4-f45ab1021557",
            "6e299fd9-f586-4eb5-a050-affad9dc4360"
          ]
        }
      ],
      "EntityTypes": [
        "COLUMN_HEADER"
      ],
      "Page": 1
    },
    {
      "BlockType": "CELL",
      "Confidence": 88.134765625,
      "RowIndex": 2,
      "ColumnIndex": 1,
      "RowSpan": 1,
      "ColumnSpan": 1,
      "Geometry": {
        "BoundingBox": {
          "Width": 0.16408942639827728,
          "Height": 0.040589530020952225,
          "Left": 0.22900153696537018,
          "Top": 0.45051223039627075
        },
        "Polygon": [
          {
            "X": 0.22900153696537018,
            "Y": 0.45051223039627075
          },
          {
            "X": 0.39271867275238037,
            "Y": 0.45117977261543274
          },
          {
            "X": 0.39309096336364746,
            "Y": 0.49110177159309387
          },
          {
            "X": 0.2293427735567093,
            "Y": 0.4903804659843445
          }
        ]
      },
      "Id": "a32ece0a-cb76-4af6-b616-028cf5aa2746",
      "Relationships": [
        {
          "Type": "CHILD",
          "Ids": [
            "d760f655-d44c-4d2d-9e76-97bcae7c69ac"
          ]
        }
      ],
      "Page": 1
    },
    {
      "BlockType": "CELL",
      "Confidence": 84.912109375,
      "RowIndex": 2,
      "ColumnIndex": 2,
      "RowSpan": 1,
      "ColumnSpan": 1,
      "Geometry": {
        "BoundingBox": {
          "Width": 0.1261294037103653,
          "Height": 0.04047594964504242,
          "Left": 0.39271867275238037,
          "Top": 0.45117977261543274
        },
        "Polygon": [
          {
            "X": 0.39271867275238037,
            "Y": 0.45117977261543274
          },
          {
            "X": 0.5184518098831177,
            "Y": 0.4516924321651459
          },
          {
            "X": 0.5188480615615845,
            "Y": 0.49165573716163635
          },
          {
            "X": 0.39309096336364746,
            "Y": 0.49110177159309387
          }
        ]
      },
      "Id": "19a7356c-cc03-4fef-9b89-c9c948f6619d",
      "Relationships": [
        {
          "Type": "CHILD",
          "Ids": [
            "640f844c-7c94-4ccf-83b6-a08156a8d583"
          ]
        }
      ],
      "Page": 1
    },
    {
      "BlockType": "CELL",
      "Confidence": 84.423828125,
      "RowIndex": 2,
      "ColumnIndex": 3,
      "RowSpan": 1,
      "ColumnSpan": 1,
      "Geometry": {
        "BoundingBox": {
          "Width": 0.11800393462181091,
          "Height": 0.04048134759068489,
          "Left": 0.5184518098831177,
          "Top": 0.4516924321651459
        },
        "Polygon": [
          {
            "X": 0.5184518098831177,
            "Y": 0.4516924321651459
          },
          {
            "X": 0.6360371112823486,
            "Y": 0.4521718919277191
          },
          {
            "X": 0.636455774307251,
            "Y": 0.49217379093170166
          },
          {
            "X": 0.5188480615615845,
            "Y": 0.49165573716163635
          }
        ]
      },
      "Id": "9492671b-c34e-4851-accd-c4fd81f7ba23",
      "Relationships": [
        {
          "Type": "CHILD",
          "Ids": [
            "a16e2222-17c4-40d6-934d-f9d9d70a5b27"
          ]
        }
      ],
      "Page": 1
    },
    {
      "BlockType": "CELL",
      "Confidence": 87.939453125,
      "RowIndex": 2,
      "ColumnIndex": 4,
      "RowSpan": 1,
      "ColumnSpan": 1,
      "Geometry": {
        "BoundingBox": {
          "Width": 0.13385169208049774,
          "Height": 0.040589675307273865,
          "Left": 0.6360371112823486,
          "Top": 0.4521718919277191
        },
        "Polygon": [
          {
            "X": 0.6360371112823486,
            "Y": 0.4521718919277191
          },
          {
            "X": 0.7694446444511414,
            "Y": 0.45271584391593933
          },
          {
            "X": 0.7698888182640076,
            "Y": 0.4927615523338318
          },
          {
            "X": 0.636455774307251,
            "Y": 0.49217379093170166
          }
        ]
      },
      "Id": "84fbf704-cd3a-42a6-9f05-1b33a83cf008",
      "Relationships": [
        {
          "Type": "CHILD",
          "Ids": [
            "928466e4-d0b8-45a1-b7a7-ddb20e22bfc6"
          ]
        }
      ],
      "Page": 1
    },
    {
      "BlockType": "CELL",
      "Confidence": 86.279296875,
      "RowIndex": 3,
      "ColumnIndex": 1,
      "RowSpan": 1,
      "ColumnSpan": 1,
      "Geometry": {
        "BoundingBox": {
          "Width": 0.16405856609344482,
          "Height": 0.03400104492902756,
          "Left": 0.2293427735567093,
          "Top": 0.4903804659843445
        },
        "Polygon": [
          {
            "X": 0.2293427735567093,
            "Y": 0.4903804659843445
          },
          {
            "X": 0.39309096336364746,
            "Y": 0.49110177159309387
          },
          {
            "X": 0.3934013247489929,
            "Y": 0.5243815183639526
          },
          {
            "X": 0.22962723672389984,
            "Y": 0.5236153602600098
          }
        ]
      },
      "Id": "1a735b91-fed7-426e-80e8-e0609a1ec7e5",
      "Relationships": [
        {
          "Type": "CHILD",
          "Ids": [
            "a7a0738c-8389-4bab-abb2-83c95e6389ce"
          ]
        }
      ],
      "Page": 1
    },
    {
      "BlockType": "CELL",
      "Confidence": 83.10546875,
      "RowIndex": 3,
      "ColumnIndex": 2,
      "RowSpan": 1,
      "ColumnSpan": 1,
      "Geometry": {
        "BoundingBox": {
          "Width": 0.12608741223812103,
          "Height": 0.033868130296468735,
          "Left": 0.39309096336364746,
          "Top": 0.49110177159309387
        },
        "Polygon": [
          {
            "X": 0.39309096336364746,
            "Y": 0.49110177159309387
          },
          {
            "X": 0.5188480615615845,
            "Y": 0.49165573716163635
          },
          {
            "X": 0.5191783905029297,
            "Y": 0.5249698758125305
          },
          {
            "X": 0.3934013247489929,
            "Y": 0.5243815183639526
          }
        ]
      },
      "Id": "869cd50b-173f-4b96-8444-fb86d7dd02f3",
      "Relationships": [
        {
          "Type": "CHILD",
          "Ids": [
            "782a4ff2-1f97-4e5e-ba4c-e9ea12773ce1"
          ]
        }
      ],
      "Page": 1
    },
    {
      "BlockType": "CELL",
      "Confidence": 82.6171875,
      "RowIndex": 3,
      "ColumnIndex": 3,
      "RowSpan": 1,
      "ColumnSpan": 1,
      "Geometry": {
        "BoundingBox": {
          "Width": 0.11795669049024582,
          "Height": 0.03386443480849266,
          "Left": 0.5188480615615845,
          "Top": 0.49165573716163635
        },
        "Polygon": [
          {
            "X": 0.5188480615615845,
            "Y": 0.49165573716163635
          },
          {
            "X": 0.636455774307251,
            "Y": 0.49217379093170166
          },
          {
            "X": 0.6368047595024109,
            "Y": 0.5255201458930969
          },
          {
            "X": 0.5191783905029297,
            "Y": 0.5249698758125305
          }
        ]
      },
      "Id": "85c19698-af26-4da6-a851-f2cde6f3878a",
      "Relationships": [
        {
          "Type": "CHILD",
          "Ids": [
            "daaba3ca-462d-4612-bf8c-029f52cc40c9"
          ]
        }
      ],
      "Page": 1
    },
    {
      "BlockType": "CELL",
      "Confidence": 86.083984375,
      "RowIndex": 3,
      "ColumnIndex": 4,
      "RowSpan": 1,
      "ColumnSpan": 1,
      "Geometry": {
        "BoundingBox": {
          "Width": 0.13380327820777893,
          "Height": 0.03397068381309509,
          "Left": 0.636455774307251,
          "Top": 0.49217379093170166
        },
        "Polygon": [
          {
            "X": 0.636455774307251,
            "Y": 0.49217379093170166
          },
          {
            "X": 0.7698888182640076,
            "Y": 0.4927615523338318
          },
          {
            "X": 0.7702590227127075,
            "Y": 0.5261444449424744
          },
          {
            "X": 0.6368047595024109,
            "Y": 0.5255201458930969
          }
        ]
      },
      "Id": "ecfdc613-4fef-4c63-8018-f0d34cced5c9",
      "Relationships": [
        {
          "Type": "CHILD",
          "Ids": [
            "93eae7f9-f32c-480d-a1c2-0cd4bb6de595"
          ]
        }
      ],
      "Page": 1
    },
    {
      "BlockType": "CELL",
      "Confidence": 83.544921875,
      "RowIndex": 4,
      "ColumnIndex": 1,
      "RowSpan": 1,
      "ColumnSpan": 1,
      "Geometry": {
        "BoundingBox": {
          "Width": 0.16405972838401794,
          "Height": 0.031392667442560196,
          "Left": 0.22962723672389984,
          "Top": 0.5236153602600098
        },
        "Polygon": [
          {
            "X": 0.22962723672389984,
            "Y": 0.5236153602600098
          },
          {
            "X": 0.3934013247489929,
            "Y": 0.5243815183639526
          },
          {
            "X": 0.3936869502067566,
            "Y": 0.5550079941749573
          },
          {
            "X": 0.22988902032375336,
            "Y": 0.5542005896568298
          }
        ]
      },
      "Id": "c71bc529-9676-4a69-a301-4493d0313866",
      "Relationships": [
        {
          "Type": "CHILD",
          "Ids": [
            "8e68ad73-f4c9-4bad-97bd-a79a44c1e061"
          ]
        }
      ],
      "Page": 1
    },
    {
      "BlockType": "CELL",
      "Confidence": 80.46875,
      "RowIndex": 4,
      "ColumnIndex": 2,
      "RowSpan": 1,
      "ColumnSpan": 1,
      "Geometry": {
        "BoundingBox": {
          "Width": 0.12608101963996887,
          "Height": 0.031246615573763847,
          "Left": 0.3934013247489929,
          "Top": 0.5243815183639526
        },
        "Polygon": [
          {
            "X": 0.3934013247489929,
            "Y": 0.5243815183639526
          },
          {
            "X": 0.5191783905029297,
            "Y": 0.5249698758125305
          },
          {
            "X": 0.5194823741912842,
            "Y": 0.5556281208992004
          },
          {
            "X": 0.3936869502067566,
            "Y": 0.5550079941749573
          }
        ]
      },
      "Id": "e860aec5-ff95-494e-b2ed-72a2eacf3c5e",
      "Relationships": [
        {
          "Type": "CHILD",
          "Ids": [
            "e78ed248-ab83-429e-b672-5a445e9b21be"
          ]
        }
      ],
      "Page": 1
    },
    {
      "BlockType": "CELL",
      "Confidence": 80.029296875,
      "RowIndex": 4,
      "ColumnIndex": 3,
      "RowSpan": 1,
      "ColumnSpan": 1,
      "Geometry": {
        "BoundingBox": {
          "Width": 0.11794755607843399,
          "Height": 0.0312381312251091,
          "Left": 0.5191783905029297,
          "Top": 0.5249698758125305
        },
        "Polygon": [
          {
            "X": 0.5191783905029297,
            "Y": 0.5249698758125305
          },
          {
            "X": 0.6368047595024109,
            "Y": 0.5255201458930969
          },
          {
            "X": 0.6371259093284607,
            "Y": 0.5562080144882202
          },
          {
            "X": 0.5194823741912842,
            "Y": 0.5556281208992004
          }
        ]
      },
      "Id": "f185e80e-c608-473a-8652-e208d5f96a05",
      "Relationships": [
        {
          "Type": "CHILD",
          "Ids": [
            "6ae778f6-ba81-4433-a119-93c64af356a9"
          ]
        }
      ],
      "Page": 1
    },
    {
      "BlockType": "CELL",
      "Confidence": 83.3984375,
      "RowIndex": 4,
      "ColumnIndex": 4,
      "RowSpan": 1,
      "ColumnSpan": 1,
      "Geometry": {
        "BoundingBox": {
          "Width": 0.13379500806331635,
          "Height": 0.03134581074118614,
          "Left": 0.6368047595024109,
          "Top": 0.5255201458930969
        },
        "Polygon": [
          {
            "X": 0.6368047595024109,
            "Y": 0.5255201458930969
          },
          {
            "X": 0.7702590227127075,
            "Y": 0.5261444449424744
          },
          {
            "X": 0.7705997824668884,
            "Y": 0.5568659901618958
          },
          {
            "X": 0.6371259093284607,
            "Y": 0.5562080144882202
          }
        ]
      },
      "Id": "01f03b11-1284-465b-9d40-014a88a6e3e6",
      "Relationships": [
        {
          "Type": "CHILD",
          "Ids": [
            "98a93930-3a4c-40f7-b45a-be66a5c9790e"
          ]
        }
      ],
      "Page": 1
    },
    {
      "BlockType": "CELL",
      "Confidence": 92.1875,
      "RowIndex": 5,
      "ColumnIndex": 1,
      "RowSpan": 1,
      "ColumnSpan": 1,
      "Geometry": {
        "BoundingBox": {
          "Width": 0.16418954730033875,
          "Height": 0.04279739782214165,
          "Left": 0.22988902032375336,
          "Top": 0.5542005896568298
        },
        "Polygon": [
          {
            "X": 0.22988902032375336,
            "Y": 0.5542005896568298
          },
          {
            "X": 0.3936869502067566,
            "Y": 0.5550079941749573
          },
          {
            "X": 0.3940785527229309,
            "Y": 0.5969979763031006
          },
          {
            "X": 0.23024792969226837,
            "Y": 0.5961339473724365
          }
        ]
      },
      "Id": "637aa9d3-0946-47bf-a438-d4d91fd5ac89",
      "Relationships": [
        {
          "Type": "CHILD",
          "Ids": [
            "340abf56-63d0-4485-85ee-94b0015b10ca",
            "c859fb0d-5250-4534-b12a-09f3d44ff144"
          ]
        }
      ],
      "Page": 1
    },
    {
      "BlockType": "CELL",
      "Confidence": 88.818359375,
      "RowIndex": 5,
      "ColumnIndex": 2,
      "RowSpan": 1,
      "ColumnSpan": 1,
      "Geometry": {
        "BoundingBox": {
          "Width": 0.12621214985847473,
          "Height": 0.04265354201197624,
          "Left": 0.3936869502067566,
          "Top": 0.5550079941749573
        },
        "Polygon": [
          {
            "X": 0.3936869502067566,
            "Y": 0.5550079941749573
          },
          {
            "X": 0.5194823741912842,
            "Y": 0.5556281208992004
          },
          {
            "X": 0.5198991298675537,
            "Y": 0.597661554813385
          },
          {
            "X": 0.3940785527229309,
            "Y": 0.5969979763031006
          }
        ]
      },
      "Id": "4ee01cd0-4a20-42f3-843e-92f75f948764",
      "Relationships": [
        {
          "Type": "CHILD",
          "Ids": [
            "50ca8627-b034-4ca1-bd50-9df4c5789d85"
          ]
        }
      ],
      "Page": 1
    },
    {
      "BlockType": "CELL",
      "Confidence": 88.28125,
      "RowIndex": 5,
      "ColumnIndex": 3,
      "RowSpan": 1,
      "ColumnSpan": 1,
      "Geometry": {
        "BoundingBox": {
          "Width": 0.11808391660451889,
          "Height": 0.042654018849134445,
          "Left": 0.5194823741912842,
          "Top": 0.5556281208992004
        },
        "Polygon": [
          {
            "X": 0.5194823741912842,
            "Y": 0.5556281208992004
          },
          {
            "X": 0.6371259093284607,
            "Y": 0.5562080144882202
          },
          {
            "X": 0.6375662684440613,
            "Y": 0.5982821583747864
          },
          {
            "X": 0.5198991298675537,
            "Y": 0.597661554813385
          }
        ]
      },
      "Id": "99f2bd2f-07d4-4d7a-9905-f8c8945ac170",
      "Relationships": [
        {
          "Type": "CHILD",
          "Ids": [
            "46d26d62-8802-4ced-bb08-ce15d38efff4"
          ]
        }
      ],
      "Page": 1
    },
    {
      "BlockType": "CELL",
      "Confidence": 91.9921875,
      "RowIndex": 5,
      "ColumnIndex": 4,
      "RowSpan": 1,
      "ColumnSpan": 1,
      "Geometry": {
        "BoundingBox": {
          "Width": 0.13394097983837128,
          "Height": 0.04277818277478218,
          "Left": 0.6371259093284607,
          "Top": 0.5562080144882202
        },
        "Polygon": [
          {
            "X": 0.6371259093284607,
            "Y": 0.5562080144882202
          },
          {
            "X": 0.7705997824668884,
            "Y": 0.5568659901618958
          },
          {
            "X": 0.7710669040679932,
            "Y": 0.5989862084388733
          },
          {
            "X": 0.6375662684440613,
            "Y": 0.5982821583747864
          }
        ]
      },
      "Id": "6500b497-92fe-4fbe-a038-6f6049cd4d3a",
      "Relationships": [
        {
          "Type": "CHILD",
          "Ids": [
            "1f96f4f2-71e5-4674-8bbd-985e541553b8"
          ]
        }
      ],
      "Page": 1
    }
  ],
  "AnalyzeDocumentModelVersion": "1.0"
}