"'Model Designation","'Number of Epon Molecules","'Number of Jeffamine R Molecules","'Total atoms",
"'Epon/J230","'1740 molecules with n 0 260 molecules with n 1","'400 molecules with n 2 600 molecules with n 3","'158180",
"'Epon/J400","'1392 molecules with n 0 208 molecules with n 1","'720 molecules with n 6 80 molecules with n 7","'154544",
"'Epon/J600","'1218 molecules with n 0 182 molecules with n 1","'700 molecules with n 9","'155526",
,,,

'Confidence Scores % (Table Cell)
"'89.84375000","'89.99023438","'86.62109375","'79.05273438",
"'47.87597656","'47.94921875","'46.14257813","'42.13867188",
"'49.73144531","'49.80468750","'47.92480469","'43.75000000",
"'54.10156250","'54.19921875","'52.14843750","'47.60742188",
