{
  "DocumentMetadata": {
    "Pages": 1
  },
  "JobStatus": "SUCCEEDED",
  "Blocks": [
    {
      "BlockType": "PAGE",
      "Geometry": {
        "BoundingBox": {
          "Width": 1,
          "Height": 1,
          "Left": 0,
          "Top": 0
        },
        "Polygon": [
          {
            "X": 0,
            "Y": 0
          },
          {
            "X": 1,
            "Y": 4.1034337527889875e-7
          },
          {
            "X": 1,
            "Y": 1
          },
          {
            "X": 0.000002258312406411278,
            "Y": 1
          }
        ]
      },
      "Id": "3be83734-7cb3-487a-8643-ef6e018a07be",
      "Relationships": [
        {
          "Type": "CHILD",
          "Ids": [
            "5e5791e8-7d80-45b3-9f6d-092af67455f6",
            "445bc276-09c8-45e7-85f4-3571ce7f0d2c",
            "e7db8267-63d7-4be1-9677-2f8d5de638c0",
            "e539d090-897c-4e3b-904c-5c0dff47dec2",
            "319cc577-3e8f-4c1f-add8-83117f1183e3",
            "4c8424e6-0f2c-49e0-9352-040c15ea5584",
            "8c15ce68-c4f4-4ea9-bb92-482237ccba10",
            "5ed8ebf2-1e20-4034-a7ea-e24ee7139f50",
            "8db832c5-10d6-4608-bb87-fd46dd0e8e9a",
            "bdf03417-84fe-4be3-ab13-aa0af9f81902",
            "1b076136-92c4-4b87-a8d9-348786a6e606",
            "a2517d78-f12a-458f-9ac0-1564ad94228d",
            "e226bd5a-929d-4d83-8419-d109281544c6"
          ]
        }
      ],
      "Page": 1
    },
    {
      "BlockType": "LINE",
      "Confidence": 99.7374496459961,
      "Text": "composite type",
      "Geometry": {
        "BoundingBox": {
          "Width": 0.09345192462205887,
          "Height": 0.023085322231054306,
          "Left": 0.2505572736263275,
          "Top": 0.4109722673892975
        },
        "Polygon": [
          {
            "X": 0.2505572736263275,
            "Y": 0.4109722673892975
          },
          {
            "X": 0.3438694477081299,
            "Y": 0.4109928011894226
          },
          {
            "X": 0.3440092206001282,
            "Y": 0.4340575933456421
          },
          {
            "X": 0.2506682872772217,
            "Y": 0.43403834104537964
          }
        ]
      },
      "Id": "5e5791e8-7d80-45b3-9f6d-092af67455f6",
      "Relationships": [
        {
          "Type": "CHILD",
          "Ids": [
            "3d235b80-5343-4920-93fd-e27b36c4a744",
            "0b9a9e76-bceb-4a8d-93cb-dd12bc379ed8"
          ]
        }
      ],
      "Page": 1
    },
    {
      "BlockType": "LINE",
      "Confidence": 90.33267211914062,
      "Text": "Rk",
      "Geometry": {
        "BoundingBox": {
          "Width": 0.01499682106077671,
          "Height": 0.021873384714126587,
          "Left": 0.6371353268623352,
          "Top": 0.4139164388179779
        },
        "Polygon": [
          {
            "X": 0.6371353268623352,
            "Y": 0.4139164388179779
          },
          {
            "X": 0.6519095301628113,
            "Y": 0.4139196574687958
          },
          {
            "X": 0.6521321535110474,
            "Y": 0.4357898235321045
          },
          {
            "X": 0.6373536586761475,
            "Y": 0.43578678369522095
          }
        ]
      },
      "Id": "445bc276-09c8-45e7-85f4-3571ce7f0d2c",
      "Relationships": [
        {
          "Type": "CHILD",
          "Ids": [
            "ddef45f0-00e1-48b2-a724-98902aa61da9"
          ]
        }
      ],
      "Page": 1
    },
    {
      "BlockType": "LINE",
      "Confidence": 99.8738021850586,
      "Text": "10 8",
      "Geometry": {
        "BoundingBox": {
          "Width": 0.02843804657459259,
          "Height": 0.021346421912312508,
          "Left": 0.673573911190033,
          "Top": 0.4104923903942108
        },
        "Polygon": [
          {
            "X": 0.673573911190033,
            "Y": 0.4104923903942108
          },
          {
            "X": 0.7017804980278015,
            "Y": 0.41049861907958984
          },
          {
            "X": 0.7020119428634644,
            "Y": 0.4318388104438782
          },
          {
            "X": 0.6737973690032959,
            "Y": 0.4318329691886902
          }
        ]
      },
      "Id": "e7db8267-63d7-4be1-9677-2f8d5de638c0",
      "Relationships": [
        {
          "Type": "CHILD",
          "Ids": [
            "8496ac92-b204-4edb-b8ab-9fbaf64c73be",
            "3ab63c67-df0d-44dc-9239-593283b983cf"
          ]
        }
      ],
      "Page": 1
    },
    {
      "BlockType": "LINE",
      "Confidence": 99.82026672363281,
      "Text": "1",
      "Geometry": {
        "BoundingBox": {
          "Width": 0.006110720802098513,
          "Height": 0.01467189658433199,
          "Left": 0.7589609026908875,
          "Top": 0.40771806240081787
        },
        "Polygon": [
          {
            "X": 0.7589609026908875,
            "Y": 0.40771806240081787
          },
          {
            "X": 0.7649000883102417,
            "Y": 0.40771937370300293
          },
          {
            "X": 0.7650716304779053,
            "Y": 0.422389954328537
          },
          {
            "X": 0.7591312527656555,
            "Y": 0.4223886728286743
          }
        ]
      },
      "Id": "e539d090-897c-4e3b-904c-5c0dff47dec2",
      "Relationships": [
        {
          "Type": "CHILD",
          "Ids": [
            "d4314cdd-8c76-494d-a6fc-fa546e35e55c"
          ]
        }
      ],
      "Page": 1
    },
    {
      "BlockType": "LINE",
      "Confidence": 99.3033447265625,
      "Text": "CNT/PA/E",
      "Geometry": {
        "BoundingBox": {
          "Width": 0.06639622151851654,
          "Height": 0.019234485924243927,
          "Left": 0.2508774399757385,
          "Top": 0.47011831402778625
        },
        "Polygon": [
          {
            "X": 0.2508774399757385,
            "Y": 0.47011831402778625
          },
          {
            "X": 0.3171641528606415,
            "Y": 0.4701305627822876
          },
          {
            "X": 0.31727367639541626,
            "Y": 0.489352822303772
          },
          {
            "X": 0.2509699761867523,
            "Y": 0.4893413186073303
          }
        ]
      },
      "Id": "319cc577-3e8f-4c1f-add8-83117f1183e3",
      "Relationships": [
        {
          "Type": "CHILD",
          "Ids": [
            "f3d854bc-bfd3-41a6-bb2b-b3c6cc8ea334"
          ]
        }
      ],
      "Page": 1
    },
    {
      "BlockType": "LINE",
      "Confidence": 99.98290252685547,
      "Text": "0.44",
      "Geometry": {
        "BoundingBox": {
          "Width": 0.02730623446404934,
          "Height": 0.019430184736847878,
          "Left": 0.6378186941146851,
          "Top": 0.4695846140384674
        },
        "Polygon": [
          {
            "X": 0.6378186941146851,
            "Y": 0.4695846140384674
          },
          {
            "X": 0.6649239659309387,
            "Y": 0.46958962082862854
          },
          {
            "X": 0.6651248931884766,
            "Y": 0.48901480436325073
          },
          {
            "X": 0.6380125880241394,
            "Y": 0.4890100955963135
          }
        ]
      },
      "Id": "4c8424e6-0f2c-49e0-9352-040c15ea5584",
      "Relationships": [
        {
          "Type": "CHILD",
          "Ids": [
            "3a844580-7425-49f0-b876-65c39ca39779"
          ]
        }
      ],
      "Page": 1
    },
    {
      "BlockType": "LINE",
      "Confidence": 99.05758666992188,
      "Text": "CNF/PA/E",
      "Geometry": {
        "BoundingBox": {
          "Width": 0.06464599072933197,
          "Height": 0.019754331558942795,
          "Left": 0.25106900930404663,
          "Top": 0.5022547245025635
        },
        "Polygon": [
          {
            "X": 0.25106900930404663,
            "Y": 0.5022547245025635
          },
          {
            "X": 0.31560295820236206,
            "Y": 0.5022653937339783
          },
          {
            "X": 0.3157150149345398,
            "Y": 0.522009015083313
          },
          {
            "X": 0.251164048910141,
            "Y": 0.5219990611076355
          }
        ]
      },
      "Id": "8c15ce68-c4f4-4ea9-bb92-482237ccba10",
      "Relationships": [
        {
          "Type": "CHILD",
          "Ids": [
            "1f8bad0f-8f2f-44ab-bd60-71bbb62d134f"
          ]
        }
      ],
      "Page": 1
    },
    {
      "BlockType": "LINE",
      "Confidence": 99.39459228515625,
      "Text": "0.84",
      "Geometry": {
        "BoundingBox": {
          "Width": 0.027530251070857048,
          "Height": 0.018512191250920296,
          "Left": 0.637664794921875,
          "Top": 0.5020747780799866
        },
        "Polygon": [
          {
            "X": 0.637664794921875,
            "Y": 0.5020747780799866
          },
          {
            "X": 0.6650035977363586,
            "Y": 0.5020793080329895
          },
          {
            "X": 0.6651950478553772,
            "Y": 0.5205869674682617
          },
          {
            "X": 0.6378494501113892,
            "Y": 0.5205827355384827
          }
        ]
      },
      "Id": "5ed8ebf2-1e20-4034-a7ea-e24ee7139f50",
      "Relationships": [
        {
          "Type": "CHILD",
          "Ids": [
            "a7b0259e-9328-4d8e-8857-ce482d5e4bea"
          ]
        }
      ],
      "Page": 1
    },
    {
      "BlockType": "LINE",
      "Confidence": 99.56277465820312,
      "Text": "CNT/E",
      "Geometry": {
        "BoundingBox": {
          "Width": 0.04216228798031807,
          "Height": 0.01903657801449299,
          "Left": 0.25100359320640564,
          "Top": 0.534568190574646
        },
        "Polygon": [
          {
            "X": 0.25100359320640564,
            "Y": 0.534568190574646
          },
          {
            "X": 0.2930636703968048,
            "Y": 0.5345743298530579
          },
          {
            "X": 0.2931658923625946,
            "Y": 0.553604781627655
          },
          {
            "X": 0.25109514594078064,
            "Y": 0.5535990595817566
          }
        ]
      },
      "Id": "8db832c5-10d6-4608-bb87-fd46dd0e8e9a",
      "Relationships": [
        {
          "Type": "CHILD",
          "Ids": [
            "b38c9c2a-e6a0-4651-993f-52f6676f6a44"
          ]
        }
      ],
      "Page": 1
    },
    {
      "BlockType": "LINE",
      "Confidence": 91.49790954589844,
      "Text": "3.6",
      "Geometry": {
        "BoundingBox": {
          "Width": 0.019154079258441925,
          "Height": 0.018485035747289658,
          "Left": 0.6380504965782166,
          "Top": 0.5343124866485596
        },
        "Polygon": [
          {
            "X": 0.6380504965782166,
            "Y": 0.5343124866485596
          },
          {
            "X": 0.6570155024528503,
            "Y": 0.534315288066864
          },
          {
            "X": 0.6572045683860779,
            "Y": 0.5527974963188171
          },
          {
            "X": 0.6382349133491516,
            "Y": 0.5527949333190918
          }
        ]
      },
      "Id": "bdf03417-84fe-4be3-ab13-aa0af9f81902",
      "Relationships": [
        {
          "Type": "CHILD",
          "Ids": [
            "17fee16d-8933-446e-919d-aa70531da722"
          ]
        }
      ],
      "Page": 1
    },
    {
      "BlockType": "LINE",
      "Confidence": 99.69365692138672,
      "Text": "CNF/E",
      "Geometry": {
        "BoundingBox": {
          "Width": 0.04133522883057594,
          "Height": 0.018909551203250885,
          "Left": 0.25083017349243164,
          "Top": 0.5668336153030396
        },
        "Polygon": [
          {
            "X": 0.25083017349243164,
            "Y": 0.5668336153030396
          },
          {
            "X": 0.2920641601085663,
            "Y": 0.5668389201164246
          },
          {
            "X": 0.2921653985977173,
            "Y": 0.5857431888580322
          },
          {
            "X": 0.2509210407733917,
            "Y": 0.5857383608818054
          }
        ]
      },
      "Id": "1b076136-92c4-4b87-a8d9-348786a6e606",
      "Relationships": [
        {
          "Type": "CHILD",
          "Ids": [
            "784c2036-213d-4e82-aa1a-00adbb11ac12"
          ]
        }
      ],
      "Page": 1
    },
    {
      "BlockType": "LINE",
      "Confidence": 91.45909881591797,
      "Text": "7.9",
      "Geometry": {
        "BoundingBox": {
          "Width": 0.01978207379579544,
          "Height": 0.01822599768638611,
          "Left": 0.6375476121902466,
          "Top": 0.5668472051620483
        },
        "Polygon": [
          {
            "X": 0.6375476121902466,
            "Y": 0.5668472051620483
          },
          {
            "X": 0.6571432948112488,
            "Y": 0.5668497085571289
          },
          {
            "X": 0.6573296785354614,
            "Y": 0.5850731730461121
          },
          {
            "X": 0.6377292275428772,
            "Y": 0.5850709080696106
          }
        ]
      },
      "Id": "a2517d78-f12a-458f-9ac0-1564ad94228d",
      "Relationships": [
        {
          "Type": "CHILD",
          "Ids": [
            "a5d0e9c7-d261-41fe-9583-439558c63973"
          ]
        }
      ],
      "Page": 1
    },
    {
      "BlockType": "WORD",
      "Confidence": 99.54080200195312,
      "Text": "composite",
      "TextType": "PRINTED",
      "Geometry": {
        "BoundingBox": {
          "Width": 0.06273775547742844,
          "Height": 0.02275862731039524,
          "Left": 0.2505572736263275,
          "Top": 0.4109722673892975
        },
        "Polygon": [
          {
            "X": 0.2505572736263275,
            "Y": 0.4109722673892975
          },
          {
            "X": 0.3131665587425232,
            "Y": 0.4109860360622406
          },
          {
            "X": 0.31329503655433655,
            "Y": 0.4337309002876282
          },
          {
            "X": 0.2506667375564575,
            "Y": 0.4337179958820343
          }
        ]
      },
      "Id": "3d235b80-5343-4920-93fd-e27b36c4a744",
      "Page": 1
    },
    {
      "BlockType": "WORD",
      "Confidence": 99.93409729003906,
      "Text": "type",
      "TextType": "PRINTED",
      "Geometry": {
        "BoundingBox": {
          "Width": 0.02705148421227932,
          "Height": 0.021270669996738434,
          "Left": 0.3169577419757843,
          "Top": 0.41278693079948425
        },
        "Polygon": [
          {
            "X": 0.3169577419757843,
            "Y": 0.41278693079948425
          },
          {
            "X": 0.3438803553581238,
            "Y": 0.412792831659317
          },
          {
            "X": 0.3440092206001282,
            "Y": 0.4340575933456421
          },
          {
            "X": 0.31707894802093506,
            "Y": 0.434052050113678
          }
        ]
      },
      "Id": "0b9a9e76-bceb-4a8d-93cb-dd12bc379ed8",
      "Page": 1
    },
    {
      "BlockType": "WORD",
      "Confidence": 90.33267211914062,
      "Text": "Rk",
      "TextType": "PRINTED",
      "Geometry": {
        "BoundingBox": {
          "Width": 0.01499682106077671,
          "Height": 0.021873384714126587,
          "Left": 0.6371353268623352,
          "Top": 0.4139164388179779
        },
        "Polygon": [
          {
            "X": 0.6371353268623352,
            "Y": 0.4139164388179779
          },
          {
            "X": 0.6519095301628113,
            "Y": 0.4139196574687958
          },
          {
            "X": 0.6521321535110474,
            "Y": 0.4357898235321045
          },
          {
            "X": 0.6373536586761475,
            "Y": 0.43578678369522095
          }
        ]
      },
      "Id": "ddef45f0-00e1-48b2-a724-98902aa61da9",
      "Page": 1
    },
    {
      "BlockType": "WORD",
      "Confidence": 99.88496398925781,
      "Text": "10",
      "TextType": "PRINTED",
      "Geometry": {
        "BoundingBox": {
          "Width": 0.015251807868480682,
          "Height": 0.01814732700586319,
          "Left": 0.673607349395752,
          "Top": 0.4136887788772583
        },
        "Polygon": [
          {
            "X": 0.673607349395752,
            "Y": 0.4136887788772583
          },
          {
            "X": 0.6886655688285828,
            "Y": 0.41369205713272095
          },
          {
            "X": 0.6888591647148132,
            "Y": 0.4318360984325409
          },
          {
            "X": 0.6737973690032959,
            "Y": 0.4318329691886902
          }
        ]
      },
      "Id": "8496ac92-b204-4edb-b8ab-9fbaf64c73be",
      "Page": 1
    },
    {
      "BlockType": "WORD",
      "Confidence": 99.8626480102539,
      "Text": "8",
      "TextType": "PRINTED",
      "Geometry": {
        "BoundingBox": {
          "Width": 0.006306974682956934,
          "Height": 0.013896338641643524,
          "Left": 0.6956242322921753,
          "Top": 0.41049724817276
        },
        "Polygon": [
          {
            "X": 0.6956242322921753,
            "Y": 0.41049724817276
          },
          {
            "X": 0.7017804980278015,
            "Y": 0.41049861907958984
          },
          {
            "X": 0.7019311785697937,
            "Y": 0.42439359426498413
          },
          {
            "X": 0.6957737803459167,
            "Y": 0.4243922829627991
          }
        ]
      },
      "Id": "3ab63c67-df0d-44dc-9239-593283b983cf",
      "Page": 1
    },
    {
      "BlockType": "WORD",
      "Confidence": 99.82026672363281,
      "Text": "1",
      "TextType": "PRINTED",
      "Geometry": {
        "BoundingBox": {
          "Width": 0.006110720802098513,
          "Height": 0.01467189658433199,
          "Left": 0.7589609026908875,
          "Top": 0.40771806240081787
        },
        "Polygon": [
          {
            "X": 0.7589609026908875,
            "Y": 0.40771806240081787
          },
          {
            "X": 0.7649000883102417,
            "Y": 0.40771937370300293
          },
          {
            "X": 0.7650716304779053,
            "Y": 0.422389954328537
          },
          {
            "X": 0.7591312527656555,
            "Y": 0.4223886728286743
          }
        ]
      },
      "Id": "d4314cdd-8c76-494d-a6fc-fa546e35e55c",
      "Page": 1
    },
    {
      "BlockType": "WORD",
      "Confidence": 99.3033447265625,
      "Text": "CNT/PA/E",
      "TextType": "PRINTED",
      "Geometry": {
        "BoundingBox": {
          "Width": 0.06639622151851654,
          "Height": 0.019234485924243927,
          "Left": 0.2508774399757385,
          "Top": 0.47011831402778625
        },
        "Polygon": [
          {
            "X": 0.2508774399757385,
            "Y": 0.47011831402778625
          },
          {
            "X": 0.3171641528606415,
            "Y": 0.4701305627822876
          },
          {
            "X": 0.31727367639541626,
            "Y": 0.489352822303772
          },
          {
            "X": 0.2509699761867523,
            "Y": 0.4893413186073303
          }
        ]
      },
      "Id": "f3d854bc-bfd3-41a6-bb2b-b3c6cc8ea334",
      "Page": 1
    },
    {
      "BlockType": "WORD",
      "Confidence": 99.98290252685547,
      "Text": "0.44",
      "TextType": "PRINTED",
      "Geometry": {
        "BoundingBox": {
          "Width": 0.02730623446404934,
          "Height": 0.019430184736847878,
          "Left": 0.6378186941146851,
          "Top": 0.4695846140384674
        },
        "Polygon": [
          {
            "X": 0.6378186941146851,
            "Y": 0.4695846140384674
          },
          {
            "X": 0.6649239659309387,
            "Y": 0.46958962082862854
          },
          {
            "X": 0.6651248931884766,
            "Y": 0.48901480436325073
          },
          {
            "X": 0.6380125880241394,
            "Y": 0.4890100955963135
          }
        ]
      },
      "Id": "3a844580-7425-49f0-b876-65c39ca39779",
      "Page": 1
    },
    {
      "BlockType": "WORD",
      "Confidence": 99.05758666992188,
      "Text": "CNF/PA/E",
      "TextType": "PRINTED",
      "Geometry": {
        "BoundingBox": {
          "Width": 0.06464599072933197,
          "Height": 0.019754331558942795,
          "Left": 0.25106900930404663,
          "Top": 0.5022547245025635
        },
        "Polygon": [
          {
            "X": 0.25106900930404663,
            "Y": 0.5022547245025635
          },
          {
            "X": 0.31560295820236206,
            "Y": 0.5022653937339783
          },
          {
            "X": 0.3157150149345398,
            "Y": 0.522009015083313
          },
          {
            "X": 0.251164048910141,
            "Y": 0.5219990611076355
          }
        ]
      },
      "Id": "1f8bad0f-8f2f-44ab-bd60-71bbb62d134f",
      "Page": 1
    },
    {
      "BlockType": "WORD",
      "Confidence": 99.39459228515625,
      "Text": "0.84",
      "TextType": "PRINTED",
      "Geometry": {
        "BoundingBox": {
          "Width": 0.027530251070857048,
          "Height": 0.018512191250920296,
          "Left": 0.637664794921875,
          "Top": 0.5020747780799866
        },
        "Polygon": [
          {
            "X": 0.637664794921875,
            "Y": 0.5020747780799866
          },
          {
            "X": 0.6650035977363586,
            "Y": 0.5020793080329895
          },
          {
            "X": 0.6651950478553772,
            "Y": 0.5205869674682617
          },
          {
            "X": 0.6378494501113892,
            "Y": 0.5205827355384827
          }
        ]
      },
      "Id": "a7b0259e-9328-4d8e-8857-ce482d5e4bea",
      "Page": 1
    },
    {
      "BlockType": "WORD",
      "Confidence": 99.56277465820312,
      "Text": "CNT/E",
      "TextType": "PRINTED",
      "Geometry": {
        "BoundingBox": {
          "Width": 0.04216228798031807,
          "Height": 0.01903657801449299,
          "Left": 0.25100359320640564,
          "Top": 0.534568190574646
        },
        "Polygon": [
          {
            "X": 0.25100359320640564,
            "Y": 0.534568190574646
          },
          {
            "X": 0.2930636703968048,
            "Y": 0.5345743298530579
          },
          {
            "X": 0.2931658923625946,
            "Y": 0.553604781627655
          },
          {
            "X": 0.25109514594078064,
            "Y": 0.5535990595817566
          }
        ]
      },
      "Id": "b38c9c2a-e6a0-4651-993f-52f6676f6a44",
      "Page": 1
    },
    {
      "BlockType": "WORD",
      "Confidence": 91.49790954589844,
      "Text": "3.6",
      "TextType": "PRINTED",
      "Geometry": {
        "BoundingBox": {
          "Width": 0.019154079258441925,
          "Height": 0.018485035747289658,
          "Left": 0.6380504965782166,
          "Top": 0.5343124866485596
        },
        "Polygon": [
          {
            "X": 0.6380504965782166,
            "Y": 0.5343124866485596
          },
          {
            "X": 0.6570155024528503,
            "Y": 0.534315288066864
          },
          {
            "X": 0.6572045683860779,
            "Y": 0.5527974963188171
          },
          {
            "X": 0.6382349133491516,
            "Y": 0.5527949333190918
          }
        ]
      },
      "Id": "17fee16d-8933-446e-919d-aa70531da722",
      "Page": 1
    },
    {
      "BlockType": "WORD",
      "Confidence": 99.69365692138672,
      "Text": "CNF/E",
      "TextType": "PRINTED",
      "Geometry": {
        "BoundingBox": {
          "Width": 0.04133522883057594,
          "Height": 0.018909551203250885,
          "Left": 0.25083017349243164,
          "Top": 0.5668336153030396
        },
        "Polygon": [
          {
            "X": 0.25083017349243164,
            "Y": 0.5668336153030396
          },
          {
            "X": 0.2920641601085663,
            "Y": 0.5668389201164246
          },
          {
            "X": 0.2921653985977173,
            "Y": 0.5857431888580322
          },
          {
            "X": 0.2509210407733917,
            "Y": 0.5857383608818054
          }
        ]
      },
      "Id": "784c2036-213d-4e82-aa1a-00adbb11ac12",
      "Page": 1
    },
    {
      "BlockType": "WORD",
      "Confidence": 91.45909881591797,
      "Text": "7.9",
      "TextType": "PRINTED",
      "Geometry": {
        "BoundingBox": {
          "Width": 0.01978207379579544,
          "Height": 0.01822599768638611,
          "Left": 0.6375476121902466,
          "Top": 0.5668472051620483
        },
        "Polygon": [
          {
            "X": 0.6375476121902466,
            "Y": 0.5668472051620483
          },
          {
            "X": 0.6571432948112488,
            "Y": 0.5668497085571289
          },
          {
            "X": 0.6573296785354614,
            "Y": 0.5850731730461121
          },
          {
            "X": 0.6377292275428772,
            "Y": 0.5850709080696106
          }
        ]
      },
      "Id": "a5d0e9c7-d261-41fe-9583-439558c63973",
      "Page": 1
    },
    {
      "BlockType": "TABLE",
      "Confidence": 99.951171875,
      "Geometry": {
        "BoundingBox": {
          "Width": 0.5316163897514343,
          "Height": 0.19533056020736694,
          "Left": 0.23489917814731598,
          "Top": 0.40197694301605225
        },
        "Polygon": [
          {
            "X": 0.23489917814731598,
            "Y": 0.40197694301605225
          },
          {
            "X": 0.7642347812652588,
            "Y": 0.40209612250328064
          },
          {
            "X": 0.7665155529975891,
            "Y": 0.5973075032234192
          },
          {
            "X": 0.23579804599285126,
            "Y": 0.5972493290901184
          }
        ]
      },
      "Id": "e226bd5a-929d-4d83-8419-d109281544c6",
      "Relationships": [
        {
          "Type": "CHILD",
          "Ids": [
            "99d00513-161b-47a7-912e-6ab6466e4a3a",
            "c94a2057-7b8b-4392-9d94-cd43cde9535f",
            "b0e707c6-5136-42c0-a690-90aa9e2aa1a9",
            "02ed3098-4861-452f-831f-5114beaa0460",
            "7a4d0bc8-b50e-4779-9260-7e4ef8a77457",
            "a7a23e6e-c77a-44b0-81fc-37dcfe23b90c",
            "69dfaa18-a783-4645-9063-ffef773cb362",
            "f17ecdd6-18aa-4479-a45b-aa755c7cad85",
            "c73f4104-17f1-4bc8-911a-84effbdb3c46",
            "e1ab8552-76ca-4679-8038-d25968a04738"
          ]
        }
      ],
      "EntityTypes": [
        "STRUCTURED_TABLE"
      ],
      "Page": 1
    },
    {
      "BlockType": "CELL",
      "Confidence": 56.689453125,
      "RowIndex": 1,
      "ColumnIndex": 1,
      "RowSpan": 1,
      "ColumnSpan": 1,
      "Geometry": {
        "BoundingBox": {
          "Width": 0.38564398884773254,
          "Height": 0.053692325949668884,
          "Left": 0.23489917814731598,
          "Top": 0.40197694301605225
        },
        "Polygon": [
          {
            "X": 0.23489917814731598,
            "Y": 0.40197694301605225
          },
          {
            "X": 0.6200202703475952,
            "Y": 0.40206366777420044
          },
          {
            "X": 0.6205431818962097,
            "Y": 0.4556692838668823
          },
          {
            "X": 0.23514598608016968,
            "Y": 0.4555947184562683
          }
        ]
      },
      "Id": "99d00513-161b-47a7-912e-6ab6466e4a3a",
      "Relationships": [
        {
          "Type": "CHILD",
          "Ids": [
            "3d235b80-5343-4920-93fd-e27b36c4a744",
            "0b9a9e76-bceb-4a8d-93cb-dd12bc379ed8"
          ]
        }
      ],
      "EntityTypes": [
        "COLUMN_HEADER"
      ],
      "Page": 1
    },
    {
      "BlockType": "CELL",
      "Confidence": 50.732421875,
      "RowIndex": 1,
      "ColumnIndex": 2,
      "RowSpan": 1,
      "ColumnSpan": 1,
      "Geometry": {
        "BoundingBox": {
          "Width": 0.1448407918214798,
          "Height": 0.05363352969288826,
          "Left": 0.6200202703475952,
          "Top": 0.40206366777420044
        },
        "Polygon": [
          {
            "X": 0.6200202703475952,
            "Y": 0.40206366777420044
          },
          {
            "X": 0.7642347812652588,
            "Y": 0.40209612250328064
          },
          {
            "X": 0.7648610472679138,
            "Y": 0.4556971788406372
          },
          {
            "X": 0.6205431818962097,
            "Y": 0.4556692838668823
          }
        ]
      },
      "Id": "c94a2057-7b8b-4392-9d94-cd43cde9535f",
      "Relationships": [
        {
          "Type": "CHILD",
          "Ids": [
            "ddef45f0-00e1-48b2-a724-98902aa61da9",
            "8496ac92-b204-4edb-b8ab-9fbaf64c73be",
            "3ab63c67-df0d-44dc-9239-593283b983cf",
            "d4314cdd-8c76-494d-a6fc-fa546e35e55c"
          ]
        }
      ],
      "EntityTypes": [
        "COLUMN_HEADER"
      ],
      "Page": 1
    },
    {
      "BlockType": "CELL",
      "Confidence": 52.685546875,
      "RowIndex": 2,
      "ColumnIndex": 1,
      "RowSpan": 1,
      "ColumnSpan": 1,
      "Geometry": {
        "BoundingBox": {
          "Width": 0.38578981161117554,
          "Height": 0.04032791033387184,
          "Left": 0.23514598608016968,
          "Top": 0.4555947184562683
        },
        "Polygon": [
          {
            "X": 0.23514598608016968,
            "Y": 0.4555947184562683
          },
          {
            "X": 0.6205431818962097,
            "Y": 0.4556692838668823
          },
          {
            "X": 0.6209357976913452,
            "Y": 0.49592262506484985
          },
          {
            "X": 0.23533132672309875,
            "Y": 0.49585723876953125
          }
        ]
      },
      "Id": "b0e707c6-5136-42c0-a690-90aa9e2aa1a9",
      "Relationships": [
        {
          "Type": "CHILD",
          "Ids": [
            "f3d854bc-bfd3-41a6-bb2b-b3c6cc8ea334"
          ]
        }
      ],
      "Page": 1
    },
    {
      "BlockType": "CELL",
      "Confidence": 47.1435546875,
      "RowIndex": 2,
      "ColumnIndex": 2,
      "RowSpan": 1,
      "ColumnSpan": 1,
      "Geometry": {
        "BoundingBox": {
          "Width": 0.14478814601898193,
          "Height": 0.04027785733342171,
          "Left": 0.6205431818962097,
          "Top": 0.4556692838668823
        },
        "Polygon": [
          {
            "X": 0.6205431818962097,
            "Y": 0.4556692838668823
          },
          {
            "X": 0.7648610472679138,
            "Y": 0.4556971788406372
          },
          {
            "X": 0.7653313279151917,
            "Y": 0.49594712257385254
          },
          {
            "X": 0.6209357976913452,
            "Y": 0.49592262506484985
          }
        ]
      },
      "Id": "02ed3098-4861-452f-831f-5114beaa0460",
      "Relationships": [
        {
          "Type": "CHILD",
          "Ids": [
            "3a844580-7425-49f0-b876-65c39ca39779"
          ]
        }
      ],
      "Page": 1
    },
    {
      "BlockType": "CELL",
      "Confidence": 52.5390625,
      "RowIndex": 3,
      "ColumnIndex": 1,
      "RowSpan": 1,
      "ColumnSpan": 1,
      "Geometry": {
        "BoundingBox": {
          "Width": 0.38591891527175903,
          "Height": 0.03229929506778717,
          "Left": 0.23533132672309875,
          "Top": 0.49585723876953125
        },
        "Polygon": [
          {
            "X": 0.23533132672309875,
            "Y": 0.49585723876953125
          },
          {
            "X": 0.6209357976913452,
            "Y": 0.49592262506484985
          },
          {
            "X": 0.6212502717971802,
            "Y": 0.5281565189361572
          },
          {
            "X": 0.23547972738742828,
            "Y": 0.528098464012146
          }
        ]
      },
      "Id": "7a4d0bc8-b50e-4779-9260-7e4ef8a77457",
      "Relationships": [
        {
          "Type": "CHILD",
          "Ids": [
            "1f8bad0f-8f2f-44ab-bd60-71bbb62d134f"
          ]
        }
      ],
      "Page": 1
    },
    {
      "BlockType": "CELL",
      "Confidence": 46.9970703125,
      "RowIndex": 3,
      "ColumnIndex": 2,
      "RowSpan": 1,
      "ColumnSpan": 1,
      "Geometry": {
        "BoundingBox": {
          "Width": 0.14477206766605377,
          "Height": 0.032255638390779495,
          "Left": 0.6209357976913452,
          "Top": 0.49592262506484985
        },
        "Polygon": [
          {
            "X": 0.6209357976913452,
            "Y": 0.49592262506484985
          },
          {
            "X": 0.7653313279151917,
            "Y": 0.49594712257385254
          },
          {
            "X": 0.7657079100608826,
            "Y": 0.5281782746315002
          },
          {
            "X": 0.6212502717971802,
            "Y": 0.5281565189361572
          }
        ]
      },
      "Id": "a7a23e6e-c77a-44b0-81fc-37dcfe23b90c",
      "Relationships": [
        {
          "Type": "CHILD",
          "Ids": [
            "a7b0259e-9328-4d8e-8857-ce482d5e4bea"
          ]
        }
      ],
      "Page": 1
    },
    {
      "BlockType": "CELL",
      "Confidence": 50.48828125,
      "RowIndex": 4,
      "ColumnIndex": 1,
      "RowSpan": 1,
      "ColumnSpan": 1,
      "Geometry": {
        "BoundingBox": {
          "Width": 0.3860852122306824,
          "Height": 0.03231973573565483,
          "Left": 0.23547972738742828,
          "Top": 0.528098464012146
        },
        "Polygon": [
          {
            "X": 0.23547972738742828,
            "Y": 0.528098464012146
          },
          {
            "X": 0.6212502717971802,
            "Y": 0.5281565189361572
          },
          {
            "X": 0.6215649247169495,
            "Y": 0.5604181885719299
          },
          {
            "X": 0.23562826216220856,
            "Y": 0.5603674650192261
          }
        ]
      },
      "Id": "69dfaa18-a783-4645-9063-ffef773cb362",
      "Relationships": [
        {
          "Type": "CHILD",
          "Ids": [
            "b38c9c2a-e6a0-4651-993f-52f6676f6a44"
          ]
        }
      ],
      "Page": 1
    },
    {
      "BlockType": "CELL",
      "Confidence": 45.166015625,
      "RowIndex": 4,
      "ColumnIndex": 2,
      "RowSpan": 1,
      "ColumnSpan": 1,
      "Geometry": {
        "BoundingBox": {
          "Width": 0.14483454823493958,
          "Height": 0.032280661165714264,
          "Left": 0.6212502717971802,
          "Top": 0.5281565189361572
        },
        "Polygon": [
          {
            "X": 0.6212502717971802,
            "Y": 0.5281565189361572
          },
          {
            "X": 0.7657079100608826,
            "Y": 0.5281782746315002
          },
          {
            "X": 0.7660847902297974,
            "Y": 0.5604372024536133
          },
          {
            "X": 0.6215649247169495,
            "Y": 0.5604181885719299
          }
        ]
      },
      "Id": "f17ecdd6-18aa-4479-a45b-aa755c7cad85",
      "Relationships": [
        {
          "Type": "CHILD",
          "Ids": [
            "17fee16d-8933-446e-919d-aa70531da722"
          ]
        }
      ],
      "Page": 1
    },
    {
      "BlockType": "CELL",
      "Confidence": 56.201171875,
      "RowIndex": 5,
      "ColumnIndex": 1,
      "RowSpan": 1,
      "ColumnSpan": 1,
      "Geometry": {
        "BoundingBox": {
          "Width": 0.3862963616847992,
          "Height": 0.03692418336868286,
          "Left": 0.23562826216220856,
          "Top": 0.5603674650192261
        },
        "Polygon": [
          {
            "X": 0.23562826216220856,
            "Y": 0.5603674650192261
          },
          {
            "X": 0.6215649247169495,
            "Y": 0.5604181885719299
          },
          {
            "X": 0.621924638748169,
            "Y": 0.5972916483879089
          },
          {
            "X": 0.23579804599285126,
            "Y": 0.5972493290901184
          }
        ]
      },
      "Id": "c73f4104-17f1-4bc8-911a-84effbdb3c46",
      "Relationships": [
        {
          "Type": "CHILD",
          "Ids": [
            "784c2036-213d-4e82-aa1a-00adbb11ac12"
          ]
        }
      ],
      "Page": 1
    },
    {
      "BlockType": "CELL",
      "Confidence": 50.29296875,
      "RowIndex": 5,
      "ColumnIndex": 2,
      "RowSpan": 1,
      "ColumnSpan": 1,
      "Geometry": {
        "BoundingBox": {
          "Width": 0.14495062828063965,
          "Height": 0.03688930720090866,
          "Left": 0.6215649247169495,
          "Top": 0.5604181885719299
        },
        "Polygon": [
          {
            "X": 0.6215649247169495,
            "Y": 0.5604181885719299
          },
          {
            "X": 0.7660847902297974,
            "Y": 0.5604372024536133
          },
          {
            "X": 0.7665155529975891,
            "Y": 0.5973075032234192
          },
          {
            "X": 0.621924638748169,
            "Y": 0.5972916483879089
          }
        ]
      },
      "Id": "e1ab8552-76ca-4679-8038-d25968a04738",
      "Relationships": [
        {
          "Type": "CHILD",
          "Ids": [
            "a5d0e9c7-d261-41fe-9583-439558c63973"
          ]
        }
      ],
      "Page": 1
    }
  ],
  "AnalyzeDocumentModelVersion": "1.0"
}