{
  "DocumentMetadata": {
    "Pages": 1
  },
  "JobStatus": "SUCCEEDED",
  "Blocks": [
    {
      "BlockType": "PAGE",
      "Geometry": {
        "BoundingBox": {
          "Width": 1,
          "Height": 1,
          "Left": 0,
          "Top": 0
        },
        "Polygon": [
          {
            "X": 0,
            "Y": 0
          },
          {
            "X": 1,
            "Y": 7.37220318569598e-7
          },
          {
            "X": 1,
            "Y": 1
          },
          {
            "X": 0.0000029060795441182563,
            "Y": 1
          }
        ]
      },
      "Id": "df28703f-b055-48f4-b0da-de0ec49f1788",
      "Relationships": [
        {
          "Type": "CHILD",
          "Ids": [
            "d06f8eea-d09c-4fb0-98f9-83819f824043",
            "5e40a4f5-3659-43e4-a033-f70188d2c593",
            "2258592f-dab2-4165-b580-657ccd3486cd",
            "b8f13dfe-e9cb-4520-9ea8-0dfca55efd86",
            "6b9889ae-cfe0-4d23-aca0-381fec0a8e31",
            "ec971618-cbf7-422d-aafe-1277d9cc5123",
            "adbc7e4b-e12a-4069-95e5-1e5ccb319c54",
            "a147fe46-3609-476c-9909-6f366e7f6657",
            "484924cc-3f67-4503-81f7-ac2e566156b4",
            "8ed4b74c-d711-453a-bc27-2c5774cccf72",
            "03a5304f-782e-4ce1-915b-8b42690b84c9",
            "769592c4-7af7-45ec-b4a1-21ccf64074df",
            "f36d2b19-f2d3-4a34-ba3e-6dd9aa936984",
            "48a47885-b3a1-488a-b8d2-3962c9eada62"
          ]
        }
      ],
      "Page": 1
    },
    {
      "BlockType": "LINE",
      "Confidence": 99.91667938232422,
      "Text": "Samples",
      "Geometry": {
        "BoundingBox": {
          "Width": 0.059209611266851425,
          "Height": 0.02526409737765789,
          "Left": 0.28170180320739746,
          "Top": 0.4144241213798523
        },
        "Polygon": [
          {
            "X": 0.28170180320739746,
            "Y": 0.4144241213798523
          },
          {
            "X": 0.3407647907733917,
            "Y": 0.4144870340824127
          },
          {
            "X": 0.3409114181995392,
            "Y": 0.43968820571899414
          },
          {
            "X": 0.28183186054229736,
            "Y": 0.43962427973747253
          }
        ]
      },
      "Id": "d06f8eea-d09c-4fb0-98f9-83819f824043",
      "Relationships": [
        {
          "Type": "CHILD",
          "Ids": [
            "012deeba-3a54-48b7-8155-d402ba944813"
          ]
        }
      ],
      "Page": 1
    },
    {
      "BlockType": "LINE",
      "Confidence": 99.17720794677734,
      "Text": "UL-94 (3.2 mm)",
      "Geometry": {
        "BoundingBox": {
          "Width": 0.11614964157342911,
          "Height": 0.025168390944600105,
          "Left": 0.44214901328086853,
          "Top": 0.4142252504825592
        },
        "Polygon": [
          {
            "X": 0.44214901328086853,
            "Y": 0.4142252504825592
          },
          {
            "X": 0.558092474937439,
            "Y": 0.4143487513065338
          },
          {
            "X": 0.558298647403717,
            "Y": 0.43939363956451416
          },
          {
            "X": 0.44232290983200073,
            "Y": 0.43926817178726196
          }
        ]
      },
      "Id": "5e40a4f5-3659-43e4-a033-f70188d2c593",
      "Relationships": [
        {
          "Type": "CHILD",
          "Ids": [
            "9a89f843-bf5c-4f75-9493-e0f2867cd5a3",
            "b3148392-c161-4be9-b034-2bc80477e67f",
            "03e363ed-df48-430c-85cb-08aa20aaa708"
          ]
        }
      ],
      "Page": 1
    },
    {
      "BlockType": "LINE",
      "Confidence": 22.12837791442871,
      "Text": "t1+t2(s)",
      "Geometry": {
        "BoundingBox": {
          "Width": 0.06248487904667854,
          "Height": 0.026301031932234764,
          "Left": 0.44248196482658386,
          "Top": 0.46228715777397156
        },
        "Polygon": [
          {
            "X": 0.44248196482658386,
            "Y": 0.46228715777397156
          },
          {
            "X": 0.5047665238380432,
            "Y": 0.46235552430152893
          },
          {
            "X": 0.5049668550491333,
            "Y": 0.48858821392059326
          },
          {
            "X": 0.44266414642333984,
            "Y": 0.48851874470710754
          }
        ]
      },
      "Id": "2258592f-dab2-4165-b580-657ccd3486cd",
      "Relationships": [
        {
          "Type": "CHILD",
          "Ids": [
            "a569fd04-0e4a-4ceb-a116-de8208e65f77"
          ]
        }
      ],
      "Page": 1
    },
    {
      "BlockType": "LINE",
      "Confidence": 99.90193939208984,
      "Text": "Dripping",
      "Geometry": {
        "BoundingBox": {
          "Width": 0.06299629807472229,
          "Height": 0.026270387694239616,
          "Left": 0.5863163471221924,
          "Top": 0.4624450206756592
        },
        "Polygon": [
          {
            "X": 0.5863163471221924,
            "Y": 0.4624450206756592
          },
          {
            "X": 0.6490705609321594,
            "Y": 0.46251389384269714
          },
          {
            "X": 0.6493126749992371,
            "Y": 0.48871541023254395
          },
          {
            "X": 0.586540162563324,
            "Y": 0.48864543437957764
          }
        ]
      },
      "Id": "b8f13dfe-e9cb-4520-9ea8-0dfca55efd86",
      "Relationships": [
        {
          "Type": "CHILD",
          "Ids": [
            "e8dd56e8-6327-4044-bf61-779748851a4f"
          ]
        }
      ],
      "Page": 1
    },
    {
      "BlockType": "LINE",
      "Confidence": 99.97651672363281,
      "Text": "Rating",
      "Geometry": {
        "BoundingBox": {
          "Width": 0.046051718294620514,
          "Height": 0.026104630902409554,
          "Left": 0.6776107549667358,
          "Top": 0.46272334456443787
        },
        "Polygon": [
          {
            "X": 0.6776107549667358,
            "Y": 0.46272334456443787
          },
          {
            "X": 0.7234002351760864,
            "Y": 0.4627735912799835
          },
          {
            "X": 0.7236624956130981,
            "Y": 0.48882797360420227
          },
          {
            "X": 0.6778597235679626,
            "Y": 0.48877692222595215
          }
        ]
      },
      "Id": "6b9889ae-cfe0-4d23-aca0-381fec0a8e31",
      "Relationships": [
        {
          "Type": "CHILD",
          "Ids": [
            "5ae95dae-1599-4250-b505-b1f54f448912"
          ]
        }
      ],
      "Page": 1
    },
    {
      "BlockType": "LINE",
      "Confidence": 99.8194580078125,
      "Text": "Neat epoxy resins",
      "Geometry": {
        "BoundingBox": {
          "Width": 0.1316477358341217,
          "Height": 0.025029761716723442,
          "Left": 0.28230515122413635,
          "Top": 0.514754593372345
        },
        "Polygon": [
          {
            "X": 0.28230515122413635,
            "Y": 0.514754593372345
          },
          {
            "X": 0.4137881398200989,
            "Y": 0.5149034857749939
          },
          {
            "X": 0.41395288705825806,
            "Y": 0.5397843718528748
          },
          {
            "X": 0.2824335992336273,
            "Y": 0.5396332144737244
          }
        ]
      },
      "Id": "ec971618-cbf7-422d-aafe-1277d9cc5123",
      "Relationships": [
        {
          "Type": "CHILD",
          "Ids": [
            "75d64f3f-49ba-4647-a213-7365265d609d",
            "207aabe3-a1a4-4bfa-8f3b-65643ac50f2a",
            "948b92b1-33be-4f05-a79a-d6c60dcb11ba"
          ]
        }
      ],
      "Page": 1
    },
    {
      "BlockType": "LINE",
      "Confidence": 99.82701873779297,
      "Text": "Lasting burning",
      "Geometry": {
        "BoundingBox": {
          "Width": 0.11543102562427521,
          "Height": 0.025880008935928345,
          "Left": 0.44260627031326294,
          "Top": 0.5139366984367371
        },
        "Polygon": [
          {
            "X": 0.44260627031326294,
            "Y": 0.5139366984367371
          },
          {
            "X": 0.5578256249427795,
            "Y": 0.5140670537948608
          },
          {
            "X": 0.558037281036377,
            "Y": 0.539816677570343
          },
          {
            "X": 0.44278499484062195,
            "Y": 0.5396842956542969
          }
        ]
      },
      "Id": "adbc7e4b-e12a-4069-95e5-1e5ccb319c54",
      "Relationships": [
        {
          "Type": "CHILD",
          "Ids": [
            "fe082c34-d1b9-4edc-800c-9941b0eb3226",
            "b12cd027-e306-4432-83b2-7d1534ea9088"
          ]
        }
      ],
      "Page": 1
    },
    {
      "BlockType": "LINE",
      "Confidence": 99.98370361328125,
      "Text": "Yes",
      "Geometry": {
        "BoundingBox": {
          "Width": 0.023905353620648384,
          "Height": 0.01967787928879261,
          "Left": 0.5862751007080078,
          "Top": 0.5152953863143921
        },
        "Polygon": [
          {
            "X": 0.5862751007080078,
            "Y": 0.5152953863143921
          },
          {
            "X": 0.6100075244903564,
            "Y": 0.5153222680091858
          },
          {
            "X": 0.6101804375648499,
            "Y": 0.5349732637405396
          },
          {
            "X": 0.5864428281784058,
            "Y": 0.534946084022522
          }
        ]
      },
      "Id": "a147fe46-3609-476c-9909-6f366e7f6657",
      "Relationships": [
        {
          "Type": "CHILD",
          "Ids": [
            "8e4c0827-6ced-4c49-8716-f4c6d7da61af"
          ]
        }
      ],
      "Page": 1
    },
    {
      "BlockType": "LINE",
      "Confidence": 99.94905853271484,
      "Text": "NR",
      "Geometry": {
        "BoundingBox": {
          "Width": 0.021174335852265358,
          "Height": 0.019312236458063126,
          "Left": 0.6779971122741699,
          "Top": 0.5150654911994934
        },
        "Polygon": [
          {
            "X": 0.6779971122741699,
            "Y": 0.5150654911994934
          },
          {
            "X": 0.6989826560020447,
            "Y": 0.5150892734527588
          },
          {
            "X": 0.6991714835166931,
            "Y": 0.5343777537345886
          },
          {
            "X": 0.6781814098358154,
            "Y": 0.5343536734580994
          }
        ]
      },
      "Id": "484924cc-3f67-4503-81f7-ac2e566156b4",
      "Relationships": [
        {
          "Type": "CHILD",
          "Ids": [
            "8606fdbf-7f4e-427a-8784-617618b6821f"
          ]
        }
      ],
      "Page": 1
    },
    {
      "BlockType": "LINE",
      "Confidence": 99.54386901855469,
      "Text": "Cured d-FREP",
      "Geometry": {
        "BoundingBox": {
          "Width": 0.09925878047943115,
          "Height": 0.020265240222215652,
          "Left": 0.2823408544063568,
          "Top": 0.5456375479698181
        },
        "Polygon": [
          {
            "X": 0.2823408544063568,
            "Y": 0.5456375479698181
          },
          {
            "X": 0.38147345185279846,
            "Y": 0.5457518100738525
          },
          {
            "X": 0.38159963488578796,
            "Y": 0.5659027695655823
          },
          {
            "X": 0.2824448347091675,
            "Y": 0.565787136554718
          }
        ]
      },
      "Id": "8ed4b74c-d711-453a-bc27-2c5774cccf72",
      "Relationships": [
        {
          "Type": "CHILD",
          "Ids": [
            "b3b87616-47cc-4fd4-bbdd-58af7dfdd643",
            "bf3f8067-1221-48b2-b8fc-c7f623976745"
          ]
        }
      ],
      "Page": 1
    },
    {
      "BlockType": "LINE",
      "Confidence": 98.42916870117188,
      "Text": "3+0",
      "Geometry": {
        "BoundingBox": {
          "Width": 0.030012838542461395,
          "Height": 0.020928330719470978,
          "Left": 0.44291582703590393,
          "Top": 0.5461665391921997
        },
        "Polygon": [
          {
            "X": 0.44291582703590393,
            "Y": 0.5461665391921997
          },
          {
            "X": 0.4727766811847687,
            "Y": 0.5462009906768799
          },
          {
            "X": 0.4729286730289459,
            "Y": 0.5670948624610901
          },
          {
            "X": 0.44306090474128723,
            "Y": 0.5670599937438965
          }
        ]
      },
      "Id": "03a5304f-782e-4ce1-915b-8b42690b84c9",
      "Relationships": [
        {
          "Type": "CHILD",
          "Ids": [
            "32ef5e84-f4c8-4fa6-8ce7-40d265580886"
          ]
        }
      ],
      "Page": 1
    },
    {
      "BlockType": "LINE",
      "Confidence": 99.94075012207031,
      "Text": "No",
      "Geometry": {
        "BoundingBox": {
          "Width": 0.01992768980562687,
          "Height": 0.019415233284235,
          "Left": 0.5867794156074524,
          "Top": 0.546508252620697
        },
        "Polygon": [
          {
            "X": 0.5867794156074524,
            "Y": 0.546508252620697
          },
          {
            "X": 0.6065372228622437,
            "Y": 0.5465310215950012
          },
          {
            "X": 0.6067070960998535,
            "Y": 0.5659235119819641
          },
          {
            "X": 0.5869449973106384,
            "Y": 0.565900444984436
          }
        ]
      },
      "Id": "769592c4-7af7-45ec-b4a1-21ccf64074df",
      "Relationships": [
        {
          "Type": "CHILD",
          "Ids": [
            "cfe0b276-4f3c-432f-91cd-e0943752edf3"
          ]
        }
      ],
      "Page": 1
    },
    {
      "BlockType": "LINE",
      "Confidence": 99.3000717163086,
      "Text": "V-0",
      "Geometry": {
        "BoundingBox": {
          "Width": 0.02649170346558094,
          "Height": 0.019307218492031097,
          "Left": 0.6774014830589294,
          "Top": 0.5464572906494141
        },
        "Polygon": [
          {
            "X": 0.6774014830589294,
            "Y": 0.5464572906494141
          },
          {
            "X": 0.7037035822868347,
            "Y": 0.54648756980896
          },
          {
            "X": 0.7038931846618652,
            "Y": 0.5657644867897034
          },
          {
            "X": 0.6775854825973511,
            "Y": 0.565733790397644
          }
        ]
      },
      "Id": "f36d2b19-f2d3-4a34-ba3e-6dd9aa936984",
      "Relationships": [
        {
          "Type": "CHILD",
          "Ids": [
            "d278ac07-6d18-4dae-96ff-4ffe236cd540"
          ]
        }
      ],
      "Page": 1
    },
    {
      "BlockType": "WORD",
      "Confidence": 99.91667938232422,
      "Text": "Samples",
      "TextType": "PRINTED",
      "Geometry": {
        "BoundingBox": {
          "Width": 0.059209611266851425,
          "Height": 0.02526409737765789,
          "Left": 0.28170180320739746,
          "Top": 0.4144241213798523
        },
        "Polygon": [
          {
            "X": 0.28170180320739746,
            "Y": 0.4144241213798523
          },
          {
            "X": 0.3407647907733917,
            "Y": 0.4144870340824127
          },
          {
            "X": 0.3409114181995392,
            "Y": 0.43968820571899414
          },
          {
            "X": 0.28183186054229736,
            "Y": 0.43962427973747253
          }
        ]
      },
      "Id": "012deeba-3a54-48b7-8155-d402ba944813",
      "Page": 1
    },
    {
      "BlockType": "WORD",
      "Confidence": 99.7508316040039,
      "Text": "UL-94",
      "TextType": "PRINTED",
      "Geometry": {
        "BoundingBox": {
          "Width": 0.04374726116657257,
          "Height": 0.02036251127719879,
          "Left": 0.44214901328086853,
          "Top": 0.4142252504825592
        },
        "Polygon": [
          {
            "X": 0.44214901328086853,
            "Y": 0.4142252504825592
          },
          {
            "X": 0.4857453405857086,
            "Y": 0.41427168250083923
          },
          {
            "X": 0.4858962595462799,
            "Y": 0.4345877766609192
          },
          {
            "X": 0.4422900676727295,
            "Y": 0.434540718793869
          }
        ]
      },
      "Id": "9a89f843-bf5c-4f75-9493-e0f2867cd5a3",
      "Page": 1
    },
    {
      "BlockType": "WORD",
      "Confidence": 98.18952941894531,
      "Text": "(3.2",
      "TextType": "PRINTED",
      "Geometry": {
        "BoundingBox": {
          "Width": 0.027072962373495102,
          "Height": 0.02470281906425953,
          "Left": 0.4912499487400055,
          "Top": 0.4144231677055359
        },
        "Polygon": [
          {
            "X": 0.4912499487400055,
            "Y": 0.4144231677055359
          },
          {
            "X": 0.5181307196617126,
            "Y": 0.41445180773735046
          },
          {
            "X": 0.5183229446411133,
            "Y": 0.43912598490715027
          },
          {
            "X": 0.4914347529411316,
            "Y": 0.4390968978404999
          }
        ]
      },
      "Id": "b3148392-c161-4be9-b034-2bc80477e67f",
      "Page": 1
    },
    {
      "BlockType": "WORD",
      "Confidence": 99.59124755859375,
      "Text": "mm)",
      "TextType": "PRINTED",
      "Geometry": {
        "BoundingBox": {
          "Width": 0.03419635817408562,
          "Height": 0.024983463808894157,
          "Left": 0.5241022706031799,
          "Top": 0.41441017389297485
        },
        "Polygon": [
          {
            "X": 0.5241022706031799,
            "Y": 0.41441017389297485
          },
          {
            "X": 0.558093249797821,
            "Y": 0.4144463837146759
          },
          {
            "X": 0.558298647403717,
            "Y": 0.43939363956451416
          },
          {
            "X": 0.5242982506752014,
            "Y": 0.43935686349868774
          }
        ]
      },
      "Id": "03e363ed-df48-430c-85cb-08aa20aaa708",
      "Page": 1
    },
    {
      "BlockType": "WORD",
      "Confidence": 22.12837791442871,
      "Text": "t1+t2(s)",
      "TextType": "PRINTED",
      "Geometry": {
        "BoundingBox": {
          "Width": 0.06248487904667854,
          "Height": 0.026301031932234764,
          "Left": 0.44248196482658386,
          "Top": 0.46228715777397156
        },
        "Polygon": [
          {
            "X": 0.44248196482658386,
            "Y": 0.46228715777397156
          },
          {
            "X": 0.5047665238380432,
            "Y": 0.46235552430152893
          },
          {
            "X": 0.5049668550491333,
            "Y": 0.48858821392059326
          },
          {
            "X": 0.44266414642333984,
            "Y": 0.48851874470710754
          }
        ]
      },
      "Id": "a569fd04-0e4a-4ceb-a116-de8208e65f77",
      "Page": 1
    },
    {
      "BlockType": "WORD",
      "Confidence": 99.90193939208984,
      "Text": "Dripping",
      "TextType": "PRINTED",
      "Geometry": {
        "BoundingBox": {
          "Width": 0.06299629807472229,
          "Height": 0.026270387694239616,
          "Left": 0.5863163471221924,
          "Top": 0.4624450206756592
        },
        "Polygon": [
          {
            "X": 0.5863163471221924,
            "Y": 0.4624450206756592
          },
          {
            "X": 0.6490705609321594,
            "Y": 0.46251389384269714
          },
          {
            "X": 0.6493126749992371,
            "Y": 0.48871541023254395
          },
          {
            "X": 0.586540162563324,
            "Y": 0.48864543437957764
          }
        ]
      },
      "Id": "e8dd56e8-6327-4044-bf61-779748851a4f",
      "Page": 1
    },
    {
      "BlockType": "WORD",
      "Confidence": 99.97651672363281,
      "Text": "Rating",
      "TextType": "PRINTED",
      "Geometry": {
        "BoundingBox": {
          "Width": 0.046051718294620514,
          "Height": 0.026104630902409554,
          "Left": 0.6776107549667358,
          "Top": 0.46272334456443787
        },
        "Polygon": [
          {
            "X": 0.6776107549667358,
            "Y": 0.46272334456443787
          },
          {
            "X": 0.7234002351760864,
            "Y": 0.4627735912799835
          },
          {
            "X": 0.7236624956130981,
            "Y": 0.48882797360420227
          },
          {
            "X": 0.6778597235679626,
            "Y": 0.48877692222595215
          }
        ]
      },
      "Id": "5ae95dae-1599-4250-b505-b1f54f448912",
      "Page": 1
    },
    {
      "BlockType": "WORD",
      "Confidence": 99.96392822265625,
      "Text": "Neat",
      "TextType": "PRINTED",
      "Geometry": {
        "BoundingBox": {
          "Width": 0.033789653331041336,
          "Height": 0.019739463925361633,
          "Left": 0.2823067307472229,
          "Top": 0.5150609612464905
        },
        "Polygon": [
          {
            "X": 0.2823067307472229,
            "Y": 0.5150609612464905
          },
          {
            "X": 0.31598731875419617,
            "Y": 0.5150991082191467
          },
          {
            "X": 0.31609639525413513,
            "Y": 0.5348004102706909
          },
          {
            "X": 0.2824084460735321,
            "Y": 0.5347618460655212
          }
        ]
      },
      "Id": "75d64f3f-49ba-4647-a213-7365265d609d",
      "Page": 1
    },
    {
      "BlockType": "WORD",
      "Confidence": 99.73472595214844,
      "Text": "epoxy",
      "TextType": "PRINTED",
      "Geometry": {
        "BoundingBox": {
          "Width": 0.04324973002076149,
          "Height": 0.020144080743193626,
          "Left": 0.3220013976097107,
          "Top": 0.5195842981338501
        },
        "Polygon": [
          {
            "X": 0.3220013976097107,
            "Y": 0.5195842981338501
          },
          {
            "X": 0.36512893438339233,
            "Y": 0.5196332931518555
          },
          {
            "X": 0.3652511239051819,
            "Y": 0.5397284030914307
          },
          {
            "X": 0.3221139907836914,
            "Y": 0.5396788120269775
          }
        ]
      },
      "Id": "207aabe3-a1a4-4bfa-8f3b-65643ac50f2a",
      "Page": 1
    },
    {
      "BlockType": "WORD",
      "Confidence": 99.75971984863281,
      "Text": "resins",
      "TextType": "PRINTED",
      "Geometry": {
        "BoundingBox": {
          "Width": 0.04296890273690224,
          "Height": 0.019657336175441742,
          "Left": 0.3709490895271301,
          "Top": 0.5148549675941467
        },
        "Polygon": [
          {
            "X": 0.3709490895271301,
            "Y": 0.5148549675941467
          },
          {
            "X": 0.4137881398200989,
            "Y": 0.5149034857749939
          },
          {
            "X": 0.41391798853874207,
            "Y": 0.5345122814178467
          },
          {
            "X": 0.37106961011886597,
            "Y": 0.5344632267951965
          }
        ]
      },
      "Id": "948b92b1-33be-4f05-a79a-d6c60dcb11ba",
      "Page": 1
    },
    {
      "BlockType": "WORD",
      "Confidence": 99.94340515136719,
      "Text": "Lasting",
      "TextType": "PRINTED",
      "Geometry": {
        "BoundingBox": {
          "Width": 0.05199282243847847,
          "Height": 0.0254440288990736,
          "Left": 0.4426087439060211,
          "Top": 0.5142940878868103
        },
        "Polygon": [
          {
            "X": 0.4426087439060211,
            "Y": 0.5142940878868103
          },
          {
            "X": 0.49441075325012207,
            "Y": 0.5143527388572693
          },
          {
            "X": 0.4946015775203705,
            "Y": 0.539738118648529
          },
          {
            "X": 0.44278496503829956,
            "Y": 0.5396786332130432
          }
        ]
      },
      "Id": "fe082c34-d1b9-4edc-800c-9941b0eb3226",
      "Page": 1
    },
    {
      "BlockType": "WORD",
      "Confidence": 99.71063995361328,
      "Text": "burning",
      "TextType": "PRINTED",
      "Geometry": {
        "BoundingBox": {
          "Width": 0.05794374644756317,
          "Height": 0.025814950466156006,
          "Left": 0.5000935196876526,
          "Top": 0.514001727104187
        },
        "Polygon": [
          {
            "X": 0.5000935196876526,
            "Y": 0.514001727104187
          },
          {
            "X": 0.5578256249427795,
            "Y": 0.5140670537948608
          },
          {
            "X": 0.558037281036377,
            "Y": 0.539816677570343
          },
          {
            "X": 0.500288724899292,
            "Y": 0.539750337600708
          }
        ]
      },
      "Id": "b12cd027-e306-4432-83b2-7d1534ea9088",
      "Page": 1
    },
    {
      "BlockType": "WORD",
      "Confidence": 99.98370361328125,
      "Text": "Yes",
      "TextType": "PRINTED",
      "Geometry": {
        "BoundingBox": {
          "Width": 0.023905353620648384,
          "Height": 0.01967787928879261,
          "Left": 0.5862751007080078,
          "Top": 0.5152953863143921
        },
        "Polygon": [
          {
            "X": 0.5862751007080078,
            "Y": 0.5152953863143921
          },
          {
            "X": 0.6100075244903564,
            "Y": 0.5153222680091858
          },
          {
            "X": 0.6101804375648499,
            "Y": 0.5349732637405396
          },
          {
            "X": 0.5864428281784058,
            "Y": 0.534946084022522
          }
        ]
      },
      "Id": "8e4c0827-6ced-4c49-8716-f4c6d7da61af",
      "Page": 1
    },
    {
      "BlockType": "WORD",
      "Confidence": 99.94905853271484,
      "Text": "NR",
      "TextType": "PRINTED",
      "Geometry": {
        "BoundingBox": {
          "Width": 0.021174335852265358,
          "Height": 0.019312236458063126,
          "Left": 0.6779971122741699,
          "Top": 0.5150654911994934
        },
        "Polygon": [
          {
            "X": 0.6779971122741699,
            "Y": 0.5150654911994934
          },
          {
            "X": 0.6989826560020447,
            "Y": 0.5150892734527588
          },
          {
            "X": 0.6991714835166931,
            "Y": 0.5343777537345886
          },
          {
            "X": 0.6781814098358154,
            "Y": 0.5343536734580994
          }
        ]
      },
      "Id": "8606fdbf-7f4e-427a-8784-617618b6821f",
      "Page": 1
    },
    {
      "BlockType": "WORD",
      "Confidence": 99.9359130859375,
      "Text": "Cured",
      "TextType": "PRINTED",
      "Geometry": {
        "BoundingBox": {
          "Width": 0.042534638196229935,
          "Height": 0.02019907534122467,
          "Left": 0.2823408544063568,
          "Top": 0.5456375479698181
        },
        "Polygon": [
          {
            "X": 0.2823408544063568,
            "Y": 0.5456375479698181
          },
          {
            "X": 0.3247620165348053,
            "Y": 0.5456864237785339
          },
          {
            "X": 0.32487547397613525,
            "Y": 0.5658366084098816
          },
          {
            "X": 0.2824448347091675,
            "Y": 0.565787136554718
          }
        ]
      },
      "Id": "b3b87616-47cc-4fd4-bbdd-58af7dfdd643",
      "Page": 1
    },
    {
      "BlockType": "WORD",
      "Confidence": 99.15182495117188,
      "Text": "d-FREP",
      "TextType": "PRINTED",
      "Geometry": {
        "BoundingBox": {
          "Width": 0.050858404487371445,
          "Height": 0.01932690106332302,
          "Left": 0.3307395279407501,
          "Top": 0.5463070869445801
        },
        "Polygon": [
          {
            "X": 0.3307395279407501,
            "Y": 0.5463070869445801
          },
          {
            "X": 0.3814772963523865,
            "Y": 0.5463656187057495
          },
          {
            "X": 0.38159793615341187,
            "Y": 0.56563401222229
          },
          {
            "X": 0.3308493196964264,
            "Y": 0.5655748248100281
          }
        ]
      },
      "Id": "bf3f8067-1221-48b2-b8fc-c7f623976745",
      "Page": 1
    },
    {
      "BlockType": "WORD",
      "Confidence": 98.42916870117188,
      "Text": "3+0",
      "TextType": "PRINTED",
      "Geometry": {
        "BoundingBox": {
          "Width": 0.030012838542461395,
          "Height": 0.020928330719470978,
          "Left": 0.44291582703590393,
          "Top": 0.5461665391921997
        },
        "Polygon": [
          {
            "X": 0.44291582703590393,
            "Y": 0.5461665391921997
          },
          {
            "X": 0.4727766811847687,
            "Y": 0.5462009906768799
          },
          {
            "X": 0.4729286730289459,
            "Y": 0.5670948624610901
          },
          {
            "X": 0.44306090474128723,
            "Y": 0.5670599937438965
          }
        ]
      },
      "Id": "32ef5e84-f4c8-4fa6-8ce7-40d265580886",
      "Page": 1
    },
    {
      "BlockType": "WORD",
      "Confidence": 99.94075012207031,
      "Text": "No",
      "TextType": "PRINTED",
      "Geometry": {
        "BoundingBox": {
          "Width": 0.01992768980562687,
          "Height": 0.019415233284235,
          "Left": 0.5867794156074524,
          "Top": 0.546508252620697
        },
        "Polygon": [
          {
            "X": 0.5867794156074524,
            "Y": 0.546508252620697
          },
          {
            "X": 0.6065372228622437,
            "Y": 0.5465310215950012
          },
          {
            "X": 0.6067070960998535,
            "Y": 0.5659235119819641
          },
          {
            "X": 0.5869449973106384,
            "Y": 0.565900444984436
          }
        ]
      },
      "Id": "cfe0b276-4f3c-432f-91cd-e0943752edf3",
      "Page": 1
    },
    {
      "BlockType": "WORD",
      "Confidence": 99.3000717163086,
      "Text": "V-0",
      "TextType": "PRINTED",
      "Geometry": {
        "BoundingBox": {
          "Width": 0.02649170346558094,
          "Height": 0.019307218492031097,
          "Left": 0.6774014830589294,
          "Top": 0.5464572906494141
        },
        "Polygon": [
          {
            "X": 0.6774014830589294,
            "Y": 0.5464572906494141
          },
          {
            "X": 0.7037035822868347,
            "Y": 0.54648756980896
          },
          {
            "X": 0.7038931846618652,
            "Y": 0.5657644867897034
          },
          {
            "X": 0.6775854825973511,
            "Y": 0.565733790397644
          }
        ]
      },
      "Id": "d278ac07-6d18-4dae-96ff-4ffe236cd540",
      "Page": 1
    },
    {
      "BlockType": "TABLE",
      "Confidence": 99.658203125,
      "Geometry": {
        "BoundingBox": {
          "Width": 0.4799283444881439,
          "Height": 0.18661879003047943,
          "Left": 0.2604767680168152,
          "Top": 0.40455225110054016
        },
        "Polygon": [
          {
            "X": 0.2604767680168152,
            "Y": 0.40455225110054016
          },
          {
            "X": 0.7384994626045227,
            "Y": 0.4050584137439728
          },
          {
            "X": 0.7404050827026367,
            "Y": 0.5911710262298584
          },
          {
            "X": 0.2613932192325592,
            "Y": 0.5906043648719788
          }
        ]
      },
      "Id": "48a47885-b3a1-488a-b8d2-3962c9eada62",
      "Relationships": [
        {
          "Type": "CHILD",
          "Ids": [
            "ef49b790-65c3-45db-bbf4-914138c897ad",
            "05bdbb10-cc12-4949-b264-8af3664f9554",
            "f848c420-3771-4259-9236-f3d66b77a094",
            "e4800316-9f37-4ad0-b102-84c7fab8dec1",
            "c11801f5-7498-4b1d-b602-c50dd3824a17",
            "0ad3633f-5432-4ca6-a947-f0943421ed22",
            "6532d6eb-f9cb-448d-a742-b7a8d61f7740",
            "44a4c0c9-5296-4c1e-a57f-981fca22d209",
            "c476e02c-e4ed-4665-8866-e7e31d7fa85e",
            "afc55a95-cbb9-4e45-bfe1-4730741239dc",
            "e30dcad5-e888-4d76-b5c8-645cf12a085b",
            "f05f7519-4278-484d-a4ee-c19025c73af2"
          ]
        },
        {
          "Type": "MERGED_CELL",
          "Ids": [
            "58a50daa-d43e-4e65-bb6a-618690877dde",
            "cc6c9cc4-e6b9-4c72-bd4f-56d1ed92b4f9"
          ]
        }
      ],
      "EntityTypes": [
        "STRUCTURED_TABLE"
      ],
      "Page": 1
    },
    {
      "BlockType": "CELL",
      "Confidence": 68.505859375,
      "RowIndex": 1,
      "ColumnIndex": 1,
      "RowSpan": 1,
      "ColumnSpan": 1,
      "Geometry": {
        "BoundingBox": {
          "Width": 0.16905903816223145,
          "Height": 0.048870380967855453,
          "Left": 0.2604234218597412,
          "Top": 0.404433935880661
        },
        "Polygon": [
          {
            "X": 0.2604234218597412,
            "Y": 0.404433935880661
          },
          {
            "X": 0.429151326417923,
            "Y": 0.40461260080337524
          },
          {
            "X": 0.42948246002197266,
            "Y": 0.45330432057380676
          },
          {
            "X": 0.2606632113456726,
            "Y": 0.4531201124191284
          }
        ]
      },
      "Id": "ef49b790-65c3-45db-bbf4-914138c897ad",
      "Relationships": [
        {
          "Type": "CHILD",
          "Ids": [
            "012deeba-3a54-48b7-8155-d402ba944813"
          ]
        }
      ],
      "EntityTypes": [
        "COLUMN_HEADER"
      ],
      "Page": 1
    },
    {
      "BlockType": "CELL",
      "Confidence": 81.884765625,
      "RowIndex": 1,
      "ColumnIndex": 2,
      "RowSpan": 1,
      "ColumnSpan": 1,
      "Geometry": {
        "BoundingBox": {
          "Width": 0.14334045350551605,
          "Height": 0.04884779825806618,
          "Left": 0.429151326417923,
          "Top": 0.40461260080337524
        },
        "Polygon": [
          {
            "X": 0.429151326417923,
            "Y": 0.40461260080337524
          },
          {
            "X": 0.5720832347869873,
            "Y": 0.4047639071941376
          },
          {
            "X": 0.5724917650222778,
            "Y": 0.4534603953361511
          },
          {
            "X": 0.42948246002197266,
            "Y": 0.45330432057380676
          }
        ]
      },
      "Id": "05bdbb10-cc12-4949-b264-8af3664f9554",
      "Relationships": [
        {
          "Type": "CHILD",
          "Ids": [
            "9a89f843-bf5c-4f75-9493-e0f2867cd5a3",
            "b3148392-c161-4be9-b034-2bc80477e67f",
            "03e363ed-df48-430c-85cb-08aa20aaa708"
          ]
        }
      ],
      "EntityTypes": [
        "COLUMN_HEADER"
      ],
      "Page": 1
    },
    {
      "BlockType": "CELL",
      "Confidence": 81.884765625,
      "RowIndex": 1,
      "ColumnIndex": 3,
      "RowSpan": 1,
      "ColumnSpan": 1,
      "Geometry": {
        "BoundingBox": {
          "Width": 0.09260369837284088,
          "Height": 0.04879707470536232,
          "Left": 0.5720832347869873,
          "Top": 0.4047639071941376
        },
        "Polygon": [
          {
            "X": 0.5720832347869873,
            "Y": 0.4047639071941376
          },
          {
            "X": 0.6642284989356995,
            "Y": 0.4048614799976349
          },
          {
            "X": 0.664686918258667,
            "Y": 0.453561007976532
          },
          {
            "X": 0.5724917650222778,
            "Y": 0.4534603953361511
          }
        ]
      },
      "Id": "f848c420-3771-4259-9236-f3d66b77a094",
      "EntityTypes": [
        "COLUMN_HEADER"
      ],
      "Page": 1
    },
    {
      "BlockType": "CELL",
      "Confidence": 81.884765625,
      "RowIndex": 1,
      "ColumnIndex": 4,
      "RowSpan": 1,
      "ColumnSpan": 1,
      "Geometry": {
        "BoundingBox": {
          "Width": 0.07456744462251663,
          "Height": 0.04878038540482521,
          "Left": 0.6642284989356995,
          "Top": 0.4048614799976349
        },
        "Polygon": [
          {
            "X": 0.6642284989356995,
            "Y": 0.4048614799976349
          },
          {
            "X": 0.7382974028587341,
            "Y": 0.4049398899078369
          },
          {
            "X": 0.7387959361076355,
            "Y": 0.4536418616771698
          },
          {
            "X": 0.664686918258667,
            "Y": 0.453561007976532
          }
        ]
      },
      "Id": "e4800316-9f37-4ad0-b102-84c7fab8dec1",
      "EntityTypes": [
        "COLUMN_HEADER"
      ],
      "Page": 1
    },
    {
      "BlockType": "CELL",
      "Confidence": 68.505859375,
      "RowIndex": 2,
      "ColumnIndex": 1,
      "RowSpan": 1,
      "ColumnSpan": 1,
      "Geometry": {
        "BoundingBox": {
          "Width": 0.16914153099060059,
          "Height": 0.04757396876811981,
          "Left": 0.2606632113456726,
          "Top": 0.4531201124191284
        },
        "Polygon": [
          {
            "X": 0.2606632113456726,
            "Y": 0.4531201124191284
          },
          {
            "X": 0.42948246002197266,
            "Y": 0.45330432057380676
          },
          {
            "X": 0.4298047423362732,
            "Y": 0.5006940960884094
          },
          {
            "X": 0.26089659333229065,
            "Y": 0.5005044341087341
          }
        ]
      },
      "Id": "c11801f5-7498-4b1d-b602-c50dd3824a17",
      "EntityTypes": [
        "COLUMN_HEADER"
      ],
      "Page": 1
    },
    {
      "BlockType": "CELL",
      "Confidence": 79.58984375,
      "RowIndex": 2,
      "ColumnIndex": 2,
      "RowSpan": 1,
      "ColumnSpan": 1,
      "Geometry": {
        "BoundingBox": {
          "Width": 0.1434069126844406,
          "Height": 0.04755041003227234,
          "Left": 0.42948246002197266,
          "Top": 0.45330432057380676
        },
        "Polygon": [
          {
            "X": 0.42948246002197266,
            "Y": 0.45330432057380676
          },
          {
            "X": 0.5724917650222778,
            "Y": 0.4534603953361511
          },
          {
            "X": 0.5728893876075745,
            "Y": 0.5008547306060791
          },
          {
            "X": 0.4298047423362732,
            "Y": 0.5006940960884094
          }
        ]
      },
      "Id": "0ad3633f-5432-4ca6-a947-f0943421ed22",
      "Relationships": [
        {
          "Type": "CHILD",
          "Ids": [
            "a569fd04-0e4a-4ceb-a116-de8208e65f77"
          ]
        }
      ],
      "EntityTypes": [
        "COLUMN_HEADER"
      ],
      "Page": 1
    },
    {
      "BlockType": "CELL",
      "Confidence": 70.01953125,
      "RowIndex": 2,
      "ColumnIndex": 3,
      "RowSpan": 1,
      "ColumnSpan": 1,
      "Geometry": {
        "BoundingBox": {
          "Width": 0.09264133870601654,
          "Height": 0.04749792814254761,
          "Left": 0.5724917650222778,
          "Top": 0.4534603953361511
        },
        "Polygon": [
          {
            "X": 0.5724917650222778,
            "Y": 0.4534603953361511
          },
          {
            "X": 0.664686918258667,
            "Y": 0.453561007976532
          },
          {
            "X": 0.6651331186294556,
            "Y": 0.5009583234786987
          },
          {
            "X": 0.5728893876075745,
            "Y": 0.5008547306060791
          }
        ]
      },
      "Id": "6532d6eb-f9cb-448d-a742-b7a8d61f7740",
      "Relationships": [
        {
          "Type": "CHILD",
          "Ids": [
            "e8dd56e8-6327-4044-bf61-779748851a4f"
          ]
        }
      ],
      "EntityTypes": [
        "COLUMN_HEADER"
      ],
      "Page": 1
    },
    {
      "BlockType": "CELL",
      "Confidence": 74.365234375,
      "RowIndex": 2,
      "ColumnIndex": 4,
      "RowSpan": 1,
      "ColumnSpan": 1,
      "Geometry": {
        "BoundingBox": {
          "Width": 0.07479531317949295,
          "Height": 0.04748080298304558,
          "Left": 0.664686918258667,
          "Top": 0.453561007976532
        },
        "Polygon": [
          {
            "X": 0.664686918258667,
            "Y": 0.453561007976532
          },
          {
            "X": 0.7389969229698181,
            "Y": 0.4536420702934265
          },
          {
            "X": 0.7394822239875793,
            "Y": 0.5010417699813843
          },
          {
            "X": 0.6651331186294556,
            "Y": 0.5009583234786987
          }
        ]
      },
      "Id": "44a4c0c9-5296-4c1e-a57f-981fca22d209",
      "Relationships": [
        {
          "Type": "CHILD",
          "Ids": [
            "5ae95dae-1599-4250-b505-b1f54f448912"
          ]
        }
      ],
      "EntityTypes": [
        "COLUMN_HEADER"
      ],
      "Page": 1
    },
    {
      "BlockType": "CELL",
      "Confidence": 43.1396484375,
      "RowIndex": 3,
      "ColumnIndex": 1,
      "RowSpan": 1,
      "ColumnSpan": 1,
      "Geometry": {
        "BoundingBox": {
          "Width": 0.16946814954280853,
          "Height": 0.09029986709356308,
          "Left": 0.26094940304756165,
          "Top": 0.5005044937133789
        },
        "Polygon": [
          {
            "X": 0.26094940304756165,
            "Y": 0.5005044937133789
          },
          {
            "X": 0.4298047423362732,
            "Y": 0.5006940960884094
          },
          {
            "X": 0.43041756749153137,
            "Y": 0.5908043384552002
          },
          {
            "X": 0.2613932192325592,
            "Y": 0.5906043648719788
          }
        ]
      },
      "Id": "c476e02c-e4ed-4665-8866-e7e31d7fa85e",
      "Relationships": [
        {
          "Type": "CHILD",
          "Ids": [
            "75d64f3f-49ba-4647-a213-7365265d609d",
            "207aabe3-a1a4-4bfa-8f3b-65643ac50f2a",
            "948b92b1-33be-4f05-a79a-d6c60dcb11ba",
            "b3b87616-47cc-4fd4-bbdd-58af7dfdd643",
            "bf3f8067-1221-48b2-b8fc-c7f623976745"
          ]
        }
      ],
      "Page": 1
    },
    {
      "BlockType": "CELL",
      "Confidence": 38.671875,
      "RowIndex": 3,
      "ColumnIndex": 2,
      "RowSpan": 1,
      "ColumnSpan": 1,
      "Geometry": {
        "BoundingBox": {
          "Width": 0.14384067058563232,
          "Height": 0.09027969837188721,
          "Left": 0.4298047423362732,
          "Top": 0.5006940960884094
        },
        "Polygon": [
          {
            "X": 0.4298047423362732,
            "Y": 0.5006940960884094
          },
          {
            "X": 0.5728893876075745,
            "Y": 0.5008547306060791
          },
          {
            "X": 0.5736454129219055,
            "Y": 0.5909737944602966
          },
          {
            "X": 0.43041756749153137,
            "Y": 0.5908043384552002
          }
        ]
      },
      "Id": "afc55a95-cbb9-4e45-bfe1-4730741239dc",
      "Relationships": [
        {
          "Type": "CHILD",
          "Ids": [
            "fe082c34-d1b9-4edc-800c-9941b0eb3226",
            "b12cd027-e306-4432-83b2-7d1534ea9088",
            "32ef5e84-f4c8-4fa6-8ce7-40d265580886"
          ]
        }
      ],
      "Page": 1
    },
    {
      "BlockType": "CELL",
      "Confidence": 34.0087890625,
      "RowIndex": 3,
      "ColumnIndex": 3,
      "RowSpan": 1,
      "ColumnSpan": 1,
      "Geometry": {
        "BoundingBox": {
          "Width": 0.09309212863445282,
          "Height": 0.09022826701402664,
          "Left": 0.5728893876075745,
          "Top": 0.5008547306060791
        },
        "Polygon": [
          {
            "X": 0.5728893876075745,
            "Y": 0.5008547306060791
          },
          {
            "X": 0.6651331186294556,
            "Y": 0.5009583234786987
          },
          {
            "X": 0.6659815311431885,
            "Y": 0.5910829901695251
          },
          {
            "X": 0.5736454129219055,
            "Y": 0.5909737944602966
          }
        ]
      },
      "Id": "e30dcad5-e888-4d76-b5c8-645cf12a085b",
      "Relationships": [
        {
          "Type": "CHILD",
          "Ids": [
            "8e4c0827-6ced-4c49-8716-f4c6d7da61af",
            "cfe0b276-4f3c-432f-91cd-e0943752edf3"
          ]
        }
      ],
      "Page": 1
    },
    {
      "BlockType": "CELL",
      "Confidence": 36.1328125,
      "RowIndex": 3,
      "ColumnIndex": 4,
      "RowSpan": 1,
      "ColumnSpan": 1,
      "Geometry": {
        "BoundingBox": {
          "Width": 0.07527197152376175,
          "Height": 0.09021273255348206,
          "Left": 0.6651331186294556,
          "Top": 0.5009583234786987
        },
        "Polygon": [
          {
            "X": 0.6651331186294556,
            "Y": 0.5009583234786987
          },
          {
            "X": 0.7394822239875793,
            "Y": 0.5010417699813843
          },
          {
            "X": 0.7404050827026367,
            "Y": 0.5911710262298584
          },
          {
            "X": 0.6659815311431885,
            "Y": 0.5910829901695251
          }
        ]
      },
      "Id": "f05f7519-4278-484d-a4ee-c19025c73af2",
      "Relationships": [
        {
          "Type": "CHILD",
          "Ids": [
            "8606fdbf-7f4e-427a-8784-617618b6821f",
            "d278ac07-6d18-4dae-96ff-4ffe236cd540"
          ]
        }
      ],
      "Page": 1
    },
    {
      "BlockType": "MERGED_CELL",
      "Confidence": 68.505859375,
      "RowIndex": 1,
      "ColumnIndex": 1,
      "RowSpan": 2,
      "ColumnSpan": 1,
      "Geometry": {
        "BoundingBox": {
          "Width": 0.1693279892206192,
          "Height": 0.09614180773496628,
          "Left": 0.2604767680168152,
          "Top": 0.40455225110054016
        },
        "Polygon": [
          {
            "X": 0.2604767680168152,
            "Y": 0.40455225110054016
          },
          {
            "X": 0.42915213108062744,
            "Y": 0.4047308564186096
          },
          {
            "X": 0.4298047423362732,
            "Y": 0.5006940960884094
          },
          {
            "X": 0.26094940304756165,
            "Y": 0.5005044937133789
          }
        ]
      },
      "Id": "58a50daa-d43e-4e65-bb6a-618690877dde",
      "Relationships": [
        {
          "Type": "CHILD",
          "Ids": [
            "ef49b790-65c3-45db-bbf4-914138c897ad",
            "c11801f5-7498-4b1d-b602-c50dd3824a17"
          ]
        }
      ],
      "EntityTypes": [
        "COLUMN_HEADER"
      ],
      "Page": 1
    },
    {
      "BlockType": "MERGED_CELL",
      "Confidence": 81.884765625,
      "RowIndex": 1,
      "ColumnIndex": 2,
      "RowSpan": 1,
      "ColumnSpan": 3,
      "Geometry": {
        "BoundingBox": {
          "Width": 0.3098447918891907,
          "Height": 0.04891122132539749,
          "Left": 0.42915213108062744,
          "Top": 0.4047308564186096
        },
        "Polygon": [
          {
            "X": 0.42915213108062744,
            "Y": 0.4047308564186096
          },
          {
            "X": 0.7384994626045227,
            "Y": 0.4050584137439728
          },
          {
            "X": 0.7389969229698181,
            "Y": 0.4536420702934265
          },
          {
            "X": 0.42948246002197266,
            "Y": 0.45330432057380676
          }
        ]
      },
      "Id": "cc6c9cc4-e6b9-4c72-bd4f-56d1ed92b4f9",
      "Relationships": [
        {
          "Type": "CHILD",
          "Ids": [
            "05bdbb10-cc12-4949-b264-8af3664f9554",
            "f848c420-3771-4259-9236-f3d66b77a094",
            "e4800316-9f37-4ad0-b102-84c7fab8dec1"
          ]
        }
      ],
      "EntityTypes": [
        "COLUMN_HEADER"
      ],
      "Page": 1
    }
  ],
  "AnalyzeDocumentModelVersion": "1.0"
}