{
  "DocumentMetadata": {
    "Pages": 1
  },
  "JobStatus": "SUCCEEDED",
  "Blocks": [
    {
      "BlockType": "PAGE",
      "Geometry": {
        "BoundingBox": {
          "Width": 1,
          "Height": 1,
          "Left": 0,
          "Top": 0
        },
        "Polygon": [
          {
            "X": 0,
            "Y": 4.205780257393599e-8
          },
          {
            "X": 1,
            "Y": 0
          },
          {
            "X": 1,
            "Y": 1
          },
          {
            "X": 0,
            "Y": 1
          }
        ]
      },
      "Id": "9303d11f-4767-4191-bb2a-6bac84704733",
      "Relationships": [
        {
          "Type": "CHILD",
          "Ids": [
            "5387d350-7bef-4906-ba42-91a14cb7b623",
            "0a2c2865-73c3-409e-8b88-a8a7799a9f20",
            "1ca78799-2a8e-48a1-99b3-ee6ea985892f",
            "a10dd17c-e253-4be4-963d-72d0d6cac2c8",
            "b6c7546a-bb8a-450b-8bbe-690a411ac833",
            "7587c215-ce8e-499e-b15d-e0ac83b7b28c",
            "f8d52225-686d-4b57-85fa-b771fbd8eb6d",
            "b169f1f4-a0a6-463e-8967-25a5a802c5cb",
            "6613fd4c-7cc3-460f-a640-bd559a8a7cc0",
            "4902556a-56f6-4e78-a8ed-e9389f3bd3b4",
            "65d2fdf6-36f6-40a7-baba-9ed817794bbb",
            "731522ef-9408-484f-878d-32a71c8c11d7",
            "6d5c38d4-cb93-4e85-896a-35e81f402c74",
            "e2b3355e-9c8c-44b7-bef9-4bbc3abb4a2d",
            "78452a01-915a-40ce-b69c-8f6eb8cf0198",
            "02632d8f-5ace-45fb-8f2a-ebce1797f456",
            "fb545156-435a-4870-a81b-e93ddfa00ab1",
            "6eccb884-cb97-49d0-8d44-f119602ef3c8"
          ]
        }
      ],
      "Page": 1
    },
    {
      "BlockType": "LINE",
      "Confidence": 99.92957305908203,
      "Text": "Samples",
      "Geometry": {
        "BoundingBox": {
          "Width": 0.048456963151693344,
          "Height": 0.023948531597852707,
          "Left": 0.24797724187374115,
          "Top": 0.4200272560119629
        },
        "Polygon": [
          {
            "X": 0.24797724187374115,
            "Y": 0.42008116841316223
          },
          {
            "X": 0.2963882088661194,
            "Y": 0.4200272560119629
          },
          {
            "X": 0.2964341938495636,
            "Y": 0.4439345896244049
          },
          {
            "X": 0.24800404906272888,
            "Y": 0.4439757764339447
          }
        ]
      },
      "Id": "5387d350-7bef-4906-ba42-91a14cb7b623",
      "Relationships": [
        {
          "Type": "CHILD",
          "Ids": [
            "ad7919a7-01f4-4094-82e7-5fcc38f8bf9b"
          ]
        }
      ],
      "Page": 1
    },
    {
      "BlockType": "LINE",
      "Confidence": 81.62889099121094,
      "Text": "E (kJ/mol)",
      "Geometry": {
        "BoundingBox": {
          "Width": 0.07053093612194061,
          "Height": 0.022884497418999672,
          "Left": 0.3813989758491516,
          "Top": 0.4199772775173187
        },
        "Polygon": [
          {
            "X": 0.3813989758491516,
            "Y": 0.420055627822876
          },
          {
            "X": 0.45182719826698303,
            "Y": 0.4199772775173187
          },
          {
            "X": 0.4519299268722534,
            "Y": 0.4428010880947113
          },
          {
            "X": 0.3814750015735626,
            "Y": 0.44286179542541504
          }
        ]
      },
      "Id": "0a2c2865-73c3-409e-8b88-a8a7799a9f20",
      "Relationships": [
        {
          "Type": "CHILD",
          "Ids": [
            "80a56ab7-4b81-405d-a564-be592ea7a820",
            "7257b819-6e92-4b22-aea8-d19e6af2e6ca"
          ]
        }
      ],
      "Page": 1
    },
    {
      "BlockType": "LINE",
      "Confidence": 75.43006134033203,
      "Text": "R2",
      "Geometry": {
        "BoundingBox": {
          "Width": 0.014418929815292358,
          "Height": 0.0233752578496933,
          "Left": 0.5914879441261292,
          "Top": 0.4159005284309387
        },
        "Polygon": [
          {
            "X": 0.5914879441261292,
            "Y": 0.41591697931289673
          },
          {
            "X": 0.6057420969009399,
            "Y": 0.4159005284309387
          },
          {
            "X": 0.6059068441390991,
            "Y": 0.4392629563808441
          },
          {
            "X": 0.5916471481323242,
            "Y": 0.4392757713794708
          }
        ]
      },
      "Id": "1ca78799-2a8e-48a1-99b3-ee6ea985892f",
      "Relationships": [
        {
          "Type": "CHILD",
          "Ids": [
            "2366349e-fba0-4d63-b1d9-2f2ebd5e4f57"
          ]
        }
      ],
      "Page": 1
    },
    {
      "BlockType": "LINE",
      "Confidence": 99.61170196533203,
      "Text": "Kissinger",
      "Geometry": {
        "BoundingBox": {
          "Width": 0.05414509400725365,
          "Height": 0.02368338592350483,
          "Left": 0.38173407316207886,
          "Top": 0.47016146779060364
        },
        "Polygon": [
          {
            "X": 0.38173407316207886,
            "Y": 0.47019174695014954
          },
          {
            "X": 0.43577903509140015,
            "Y": 0.47016146779060364
          },
          {
            "X": 0.4358791708946228,
            "Y": 0.4938286244869232
          },
          {
            "X": 0.3818129897117615,
            "Y": 0.4938448369503021
          }
        ]
      },
      "Id": "a10dd17c-e253-4be4-963d-72d0d6cac2c8",
      "Relationships": [
        {
          "Type": "CHILD",
          "Ids": [
            "1bd9a90e-dd89-41b6-90e2-74f971322aeb"
          ]
        }
      ],
      "Page": 1
    },
    {
      "BlockType": "LINE",
      "Confidence": 99.8310775756836,
      "Text": "Ozawa",
      "Geometry": {
        "BoundingBox": {
          "Width": 0.04088147357106209,
          "Height": 0.01993873529136181,
          "Left": 0.4927479028701782,
          "Top": 0.47006872296333313
        },
        "Polygon": [
          {
            "X": 0.4927479028701782,
            "Y": 0.4700916111469269
          },
          {
            "X": 0.5335128307342529,
            "Y": 0.47006872296333313
          },
          {
            "X": 0.5336293578147888,
            "Y": 0.48999354243278503
          },
          {
            "X": 0.4928509593009949,
            "Y": 0.4900074601173401
          }
        ]
      },
      "Id": "b6c7546a-bb8a-450b-8bbe-690a411ac833",
      "Relationships": [
        {
          "Type": "CHILD",
          "Ids": [
            "6516357a-3651-44b9-a96e-32b8663e5922"
          ]
        }
      ],
      "Page": 1
    },
    {
      "BlockType": "LINE",
      "Confidence": 99.72395324707031,
      "Text": "Kissinger",
      "Geometry": {
        "BoundingBox": {
          "Width": 0.05462314561009407,
          "Height": 0.02388312853872776,
          "Left": 0.5912733674049377,
          "Top": 0.47006189823150635
        },
        "Polygon": [
          {
            "X": 0.5912733674049377,
            "Y": 0.47009238600730896
          },
          {
            "X": 0.6457125544548035,
            "Y": 0.47006189823150635
          },
          {
            "X": 0.6458964943885803,
            "Y": 0.49392879009246826
          },
          {
            "X": 0.5914357304573059,
            "Y": 0.49394503235816956
          }
        ]
      },
      "Id": "7587c215-ce8e-499e-b15d-e0ac83b7b28c",
      "Relationships": [
        {
          "Type": "CHILD",
          "Ids": [
            "8ad1dfca-6cf1-465f-9c5e-4a41c6d19d29"
          ]
        }
      ],
      "Page": 1
    },
    {
      "BlockType": "LINE",
      "Confidence": 99.7509765625,
      "Text": "Ozawa",
      "Geometry": {
        "BoundingBox": {
          "Width": 0.0416051410138607,
          "Height": 0.02005363628268242,
          "Left": 0.7017353177070618,
          "Top": 0.469911128282547
        },
        "Polygon": [
          {
            "X": 0.7017353177070618,
            "Y": 0.4699344038963318
          },
          {
            "X": 0.7431536316871643,
            "Y": 0.469911128282547
          },
          {
            "X": 0.7433404326438904,
            "Y": 0.48995062708854675
          },
          {
            "X": 0.7019082903862,
            "Y": 0.4899647831916809
          }
        ]
      },
      "Id": "f8d52225-686d-4b57-85fa-b771fbd8eb6d",
      "Relationships": [
        {
          "Type": "CHILD",
          "Ids": [
            "5a361d39-0e6d-478b-bb47-f436be5e69dc"
          ]
        }
      ],
      "Page": 1
    },
    {
      "BlockType": "LINE",
      "Confidence": 99.7750015258789,
      "Text": "DGEL/DDS",
      "Geometry": {
        "BoundingBox": {
          "Width": 0.06598595529794693,
          "Height": 0.019190732389688492,
          "Left": 0.2479926496744156,
          "Top": 0.5191466212272644
        },
        "Polygon": [
          {
            "X": 0.2479926496744156,
            "Y": 0.519148051738739
          },
          {
            "X": 0.31393617391586304,
            "Y": 0.5191466212272644
          },
          {
            "X": 0.3139786124229431,
            "Y": 0.5383373498916626
          },
          {
            "X": 0.24801413714885712,
            "Y": 0.5383248329162598
          }
        ]
      },
      "Id": "b169f1f4-a0a6-463e-8967-25a5a802c5cb",
      "Relationships": [
        {
          "Type": "CHILD",
          "Ids": [
            "2db459c5-0f9f-4236-a492-2b80621e6452"
          ]
        }
      ],
      "Page": 1
    },
    {
      "BlockType": "LINE",
      "Confidence": 99.62145233154297,
      "Text": "64.8",
      "Geometry": {
        "BoundingBox": {
          "Width": 0.02603011764585972,
          "Height": 0.017998158931732178,
          "Left": 0.3819170594215393,
          "Top": 0.5191333889961243
        },
        "Polygon": [
          {
            "X": 0.3819170594215393,
            "Y": 0.5191339254379272
          },
          {
            "X": 0.40787938237190247,
            "Y": 0.5191333889961243
          },
          {
            "X": 0.4079471826553345,
            "Y": 0.5371315479278564
          },
          {
            "X": 0.3819770812988281,
            "Y": 0.5371269583702087
          }
        ]
      },
      "Id": "6613fd4c-7cc3-460f-a640-bd559a8a7cc0",
      "Relationships": [
        {
          "Type": "CHILD",
          "Ids": [
            "26ae7283-7e0d-476c-a85e-85f310f92106"
          ]
        }
      ],
      "Page": 1
    },
    {
      "BlockType": "LINE",
      "Confidence": 99.67268371582031,
      "Text": "69.0",
      "Geometry": {
        "BoundingBox": {
          "Width": 0.02659233659505844,
          "Height": 0.018268605694174767,
          "Left": 0.4933811128139496,
          "Top": 0.5190115571022034
        },
        "Polygon": [
          {
            "X": 0.4933811128139496,
            "Y": 0.5190121531486511
          },
          {
            "X": 0.5198708176612854,
            "Y": 0.5190115571022034
          },
          {
            "X": 0.5199734568595886,
            "Y": 0.5372801423072815
          },
          {
            "X": 0.4934757351875305,
            "Y": 0.5372754335403442
          }
        ]
      },
      "Id": "4902556a-56f6-4e78-a8ed-e9389f3bd3b4",
      "Relationships": [
        {
          "Type": "CHILD",
          "Ids": [
            "f864a7ed-42ca-490d-8356-c2f0f8b757fb"
          ]
        }
      ],
      "Page": 1
    },
    {
      "BlockType": "LINE",
      "Confidence": 98.2542495727539,
      "Text": "0.99939",
      "Geometry": {
        "BoundingBox": {
          "Width": 0.04931614547967911,
          "Height": 0.01845354400575161,
          "Left": 0.5914156436920166,
          "Top": 0.5190149545669556
        },
        "Polygon": [
          {
            "X": 0.5914156436920166,
            "Y": 0.5190160870552063
          },
          {
            "X": 0.6405912041664124,
            "Y": 0.5190149545669556
          },
          {
            "X": 0.6407317519187927,
            "Y": 0.5374684929847717
          },
          {
            "X": 0.5915411114692688,
            "Y": 0.537459671497345
          }
        ]
      },
      "Id": "65d2fdf6-36f6-40a7-baba-9ed817794bbb",
      "Relationships": [
        {
          "Type": "CHILD",
          "Ids": [
            "cb3189c3-8886-44a7-9d7c-967ca586cae5"
          ]
        }
      ],
      "Page": 1
    },
    {
      "BlockType": "LINE",
      "Confidence": 97.61385345458984,
      "Text": "0.99947",
      "Geometry": {
        "BoundingBox": {
          "Width": 0.04955520108342171,
          "Height": 0.01839287206530571,
          "Left": 0.7029075622558594,
          "Top": 0.5190187096595764
        },
        "Polygon": [
          {
            "X": 0.7029075622558594,
            "Y": 0.5190197825431824
          },
          {
            "X": 0.7522886991500854,
            "Y": 0.5190187096595764
          },
          {
            "X": 0.7524628043174744,
            "Y": 0.5374115705490112
          },
          {
            "X": 0.7030665278434753,
            "Y": 0.5374026894569397
          }
        ]
      },
      "Id": "731522ef-9408-484f-878d-32a71c8c11d7",
      "Relationships": [
        {
          "Type": "CHILD",
          "Ids": [
            "29b5115b-2e96-4b53-ac25-3d02fffb2dc1"
          ]
        }
      ],
      "Page": 1
    },
    {
      "BlockType": "LINE",
      "Confidence": 99.2898941040039,
      "Text": "DGEBA/DDS",
      "Geometry": {
        "BoundingBox": {
          "Width": 0.07566665858030319,
          "Height": 0.020093271508812904,
          "Left": 0.24798840284347534,
          "Top": 0.5512964725494385
        },
        "Polygon": [
          {
            "X": 0.24798840284347534,
            "Y": 0.5512964725494385
          },
          {
            "X": 0.32360750436782837,
            "Y": 0.5513216853141785
          },
          {
            "X": 0.32365506887435913,
            "Y": 0.5713897347450256
          },
          {
            "X": 0.24801085889339447,
            "Y": 0.5713478326797485
          }
        ]
      },
      "Id": "6d5c38d4-cb93-4e85-896a-35e81f402c74",
      "Relationships": [
        {
          "Type": "CHILD",
          "Ids": [
            "4f5ac99a-bbf2-4f5e-9539-fc311c906e2d"
          ]
        }
      ],
      "Page": 1
    },
    {
      "BlockType": "LINE",
      "Confidence": 94.59344482421875,
      "Text": "60.7",
      "Geometry": {
        "BoundingBox": {
          "Width": 0.025844493880867958,
          "Height": 0.017854418605566025,
          "Left": 0.38223662972450256,
          "Top": 0.5515015125274658
        },
        "Polygon": [
          {
            "X": 0.38223662972450256,
            "Y": 0.5515015125274658
          },
          {
            "X": 0.4080139100551605,
            "Y": 0.5515101552009583
          },
          {
            "X": 0.4080811142921448,
            "Y": 0.5693559646606445
          },
          {
            "X": 0.38229620456695557,
            "Y": 0.5693422555923462
          }
        ]
      },
      "Id": "e2b3355e-9c8c-44b7-bef9-4bbc3abb4a2d",
      "Relationships": [
        {
          "Type": "CHILD",
          "Ids": [
            "8f930c40-2fb6-4f36-bacc-5048fb10bd3b"
          ]
        }
      ],
      "Page": 1
    },
    {
      "BlockType": "LINE",
      "Confidence": 99.25997924804688,
      "Text": "65.5",
      "Geometry": {
        "BoundingBox": {
          "Width": 0.02600100450217724,
          "Height": 0.018404869362711906,
          "Left": 0.49361252784729004,
          "Top": 0.5514153242111206
        },
        "Polygon": [
          {
            "X": 0.49361252784729004,
            "Y": 0.5514153242111206
          },
          {
            "X": 0.5195103287696838,
            "Y": 0.551423966884613
          },
          {
            "X": 0.51961350440979,
            "Y": 0.5698201656341553
          },
          {
            "X": 0.4937078058719635,
            "Y": 0.5698062777519226
          }
        ]
      },
      "Id": "78452a01-915a-40ce-b69c-8f6eb8cf0198",
      "Relationships": [
        {
          "Type": "CHILD",
          "Ids": [
            "96a18cd6-d127-41a7-9546-9d795eb4ebc5"
          ]
        }
      ],
      "Page": 1
    },
    {
      "BlockType": "LINE",
      "Confidence": 88.70361328125,
      "Text": "0.99803",
      "Geometry": {
        "BoundingBox": {
          "Width": 0.0488731786608696,
          "Height": 0.018427861854434013,
          "Left": 0.5915052890777588,
          "Top": 0.5514981150627136
        },
        "Polygon": [
          {
            "X": 0.5915052890777588,
            "Y": 0.5514981150627136
          },
          {
            "X": 0.6402384638786316,
            "Y": 0.5515143871307373
          },
          {
            "X": 0.640378475189209,
            "Y": 0.5699259638786316
          },
          {
            "X": 0.5916304588317871,
            "Y": 0.5698997974395752
          }
        ]
      },
      "Id": "02632d8f-5ace-45fb-8f2a-ebce1797f456",
      "Relationships": [
        {
          "Type": "CHILD",
          "Ids": [
            "872aab3d-995a-40fe-904e-1178a9455ddd"
          ]
        }
      ],
      "Page": 1
    },
    {
      "BlockType": "LINE",
      "Confidence": 99.90762329101562,
      "Text": "0.99835",
      "Geometry": {
        "BoundingBox": {
          "Width": 0.0491451658308506,
          "Height": 0.019798588007688522,
          "Left": 0.7029882669448853,
          "Top": 0.550827145576477
        },
        "Polygon": [
          {
            "X": 0.7029882669448853,
            "Y": 0.550827145576477
          },
          {
            "X": 0.7519463896751404,
            "Y": 0.5508431196212769
          },
          {
            "X": 0.7521334290504456,
            "Y": 0.5706257224082947
          },
          {
            "X": 0.7031591534614563,
            "Y": 0.5705991387367249
          }
        ]
      },
      "Id": "fb545156-435a-4870-a81b-e93ddfa00ab1",
      "Relationships": [
        {
          "Type": "CHILD",
          "Ids": [
            "38ab1980-a26c-4804-8285-0539876396ca"
          ]
        }
      ],
      "Page": 1
    },
    {
      "BlockType": "WORD",
      "Confidence": 99.92957305908203,
      "Text": "Samples",
      "TextType": "PRINTED",
      "Geometry": {
        "BoundingBox": {
          "Width": 0.048456963151693344,
          "Height": 0.023948531597852707,
          "Left": 0.24797724187374115,
          "Top": 0.4200272560119629
        },
        "Polygon": [
          {
            "X": 0.24797724187374115,
            "Y": 0.42008116841316223
          },
          {
            "X": 0.2963882088661194,
            "Y": 0.4200272560119629
          },
          {
            "X": 0.2964341938495636,
            "Y": 0.4439345896244049
          },
          {
            "X": 0.24800404906272888,
            "Y": 0.4439757764339447
          }
        ]
      },
      "Id": "ad7919a7-01f4-4094-82e7-5fcc38f8bf9b",
      "Page": 1
    },
    {
      "BlockType": "WORD",
      "Confidence": 67.42971801757812,
      "Text": "E",
      "TextType": "PRINTED",
      "Geometry": {
        "BoundingBox": {
          "Width": 0.01327357068657875,
          "Height": 0.02228466421365738,
          "Left": 0.3814007639884949,
          "Top": 0.42057710886001587
        },
        "Polygon": [
          {
            "X": 0.3814007639884949,
            "Y": 0.42059171199798584
          },
          {
            "X": 0.3945952355861664,
            "Y": 0.42057710886001587
          },
          {
            "X": 0.3946743309497833,
            "Y": 0.44285041093826294
          },
          {
            "X": 0.3814750015735626,
            "Y": 0.44286179542541504
          }
        ]
      },
      "Id": "80a56ab7-4b81-405d-a564-be592ea7a820",
      "Page": 1
    },
    {
      "BlockType": "WORD",
      "Confidence": 95.82807159423828,
      "Text": "(kJ/mol)",
      "TextType": "PRINTED",
      "Geometry": {
        "BoundingBox": {
          "Width": 0.053456198424100876,
          "Height": 0.021619319915771484,
          "Left": 0.3984680771827698,
          "Top": 0.4199772775173187
        },
        "Polygon": [
          {
            "X": 0.3984680771827698,
            "Y": 0.420036643743515
          },
          {
            "X": 0.45182719826698303,
            "Y": 0.4199772775173187
          },
          {
            "X": 0.45192429423332214,
            "Y": 0.4415498971939087
          },
          {
            "X": 0.398546040058136,
            "Y": 0.4415965974330902
          }
        ]
      },
      "Id": "7257b819-6e92-4b22-aea8-d19e6af2e6ca",
      "Page": 1
    },
    {
      "BlockType": "WORD",
      "Confidence": 75.43006134033203,
      "Text": "R2",
      "TextType": "PRINTED",
      "Geometry": {
        "BoundingBox": {
          "Width": 0.014418929815292358,
          "Height": 0.0233752578496933,
          "Left": 0.5914879441261292,
          "Top": 0.4159005284309387
        },
        "Polygon": [
          {
            "X": 0.5914879441261292,
            "Y": 0.41591697931289673
          },
          {
            "X": 0.6057420969009399,
            "Y": 0.4159005284309387
          },
          {
            "X": 0.6059068441390991,
            "Y": 0.4392629563808441
          },
          {
            "X": 0.5916471481323242,
            "Y": 0.4392757713794708
          }
        ]
      },
      "Id": "2366349e-fba0-4d63-b1d9-2f2ebd5e4f57",
      "Page": 1
    },
    {
      "BlockType": "WORD",
      "Confidence": 99.61170196533203,
      "Text": "Kissinger",
      "TextType": "PRINTED",
      "Geometry": {
        "BoundingBox": {
          "Width": 0.05414509400725365,
          "Height": 0.02368338592350483,
          "Left": 0.38173407316207886,
          "Top": 0.47016146779060364
        },
        "Polygon": [
          {
            "X": 0.38173407316207886,
            "Y": 0.47019174695014954
          },
          {
            "X": 0.43577903509140015,
            "Y": 0.47016146779060364
          },
          {
            "X": 0.4358791708946228,
            "Y": 0.4938286244869232
          },
          {
            "X": 0.3818129897117615,
            "Y": 0.4938448369503021
          }
        ]
      },
      "Id": "1bd9a90e-dd89-41b6-90e2-74f971322aeb",
      "Page": 1
    },
    {
      "BlockType": "WORD",
      "Confidence": 99.8310775756836,
      "Text": "Ozawa",
      "TextType": "PRINTED",
      "Geometry": {
        "BoundingBox": {
          "Width": 0.04088147357106209,
          "Height": 0.01993873529136181,
          "Left": 0.4927479028701782,
          "Top": 0.47006872296333313
        },
        "Polygon": [
          {
            "X": 0.4927479028701782,
            "Y": 0.4700916111469269
          },
          {
            "X": 0.5335128307342529,
            "Y": 0.47006872296333313
          },
          {
            "X": 0.5336293578147888,
            "Y": 0.48999354243278503
          },
          {
            "X": 0.4928509593009949,
            "Y": 0.4900074601173401
          }
        ]
      },
      "Id": "6516357a-3651-44b9-a96e-32b8663e5922",
      "Page": 1
    },
    {
      "BlockType": "WORD",
      "Confidence": 99.72395324707031,
      "Text": "Kissinger",
      "TextType": "PRINTED",
      "Geometry": {
        "BoundingBox": {
          "Width": 0.05462314561009407,
          "Height": 0.02388312853872776,
          "Left": 0.5912733674049377,
          "Top": 0.47006189823150635
        },
        "Polygon": [
          {
            "X": 0.5912733674049377,
            "Y": 0.47009238600730896
          },
          {
            "X": 0.6457125544548035,
            "Y": 0.47006189823150635
          },
          {
            "X": 0.6458964943885803,
            "Y": 0.49392879009246826
          },
          {
            "X": 0.5914357304573059,
            "Y": 0.49394503235816956
          }
        ]
      },
      "Id": "8ad1dfca-6cf1-465f-9c5e-4a41c6d19d29",
      "Page": 1
    },
    {
      "BlockType": "WORD",
      "Confidence": 99.7509765625,
      "Text": "Ozawa",
      "TextType": "PRINTED",
      "Geometry": {
        "BoundingBox": {
          "Width": 0.0416051410138607,
          "Height": 0.02005363628268242,
          "Left": 0.7017353177070618,
          "Top": 0.469911128282547
        },
        "Polygon": [
          {
            "X": 0.7017353177070618,
            "Y": 0.4699344038963318
          },
          {
            "X": 0.7431536316871643,
            "Y": 0.469911128282547
          },
          {
            "X": 0.7433404326438904,
            "Y": 0.48995062708854675
          },
          {
            "X": 0.7019082903862,
            "Y": 0.4899647831916809
          }
        ]
      },
      "Id": "5a361d39-0e6d-478b-bb47-f436be5e69dc",
      "Page": 1
    },
    {
      "BlockType": "WORD",
      "Confidence": 99.7750015258789,
      "Text": "DGEL/DDS",
      "TextType": "PRINTED",
      "Geometry": {
        "BoundingBox": {
          "Width": 0.06598595529794693,
          "Height": 0.019190732389688492,
          "Left": 0.2479926496744156,
          "Top": 0.5191466212272644
        },
        "Polygon": [
          {
            "X": 0.2479926496744156,
            "Y": 0.519148051738739
          },
          {
            "X": 0.31393617391586304,
            "Y": 0.5191466212272644
          },
          {
            "X": 0.3139786124229431,
            "Y": 0.5383373498916626
          },
          {
            "X": 0.24801413714885712,
            "Y": 0.5383248329162598
          }
        ]
      },
      "Id": "2db459c5-0f9f-4236-a492-2b80621e6452",
      "Page": 1
    },
    {
      "BlockType": "WORD",
      "Confidence": 99.62145233154297,
      "Text": "64.8",
      "TextType": "PRINTED",
      "Geometry": {
        "BoundingBox": {
          "Width": 0.02603011764585972,
          "Height": 0.017998158931732178,
          "Left": 0.3819170594215393,
          "Top": 0.5191333889961243
        },
        "Polygon": [
          {
            "X": 0.3819170594215393,
            "Y": 0.5191339254379272
          },
          {
            "X": 0.40787938237190247,
            "Y": 0.5191333889961243
          },
          {
            "X": 0.4079471826553345,
            "Y": 0.5371315479278564
          },
          {
            "X": 0.3819770812988281,
            "Y": 0.5371269583702087
          }
        ]
      },
      "Id": "26ae7283-7e0d-476c-a85e-85f310f92106",
      "Page": 1
    },
    {
      "BlockType": "WORD",
      "Confidence": 99.67268371582031,
      "Text": "69.0",
      "TextType": "PRINTED",
      "Geometry": {
        "BoundingBox": {
          "Width": 0.02659233659505844,
          "Height": 0.018268605694174767,
          "Left": 0.4933811128139496,
          "Top": 0.5190115571022034
        },
        "Polygon": [
          {
            "X": 0.4933811128139496,
            "Y": 0.5190121531486511
          },
          {
            "X": 0.5198708176612854,
            "Y": 0.5190115571022034
          },
          {
            "X": 0.5199734568595886,
            "Y": 0.5372801423072815
          },
          {
            "X": 0.4934757351875305,
            "Y": 0.5372754335403442
          }
        ]
      },
      "Id": "f864a7ed-42ca-490d-8356-c2f0f8b757fb",
      "Page": 1
    },
    {
      "BlockType": "WORD",
      "Confidence": 98.2542495727539,
      "Text": "0.99939",
      "TextType": "PRINTED",
      "Geometry": {
        "BoundingBox": {
          "Width": 0.04931614547967911,
          "Height": 0.01845354400575161,
          "Left": 0.5914156436920166,
          "Top": 0.5190149545669556
        },
        "Polygon": [
          {
            "X": 0.5914156436920166,
            "Y": 0.5190160870552063
          },
          {
            "X": 0.6405912041664124,
            "Y": 0.5190149545669556
          },
          {
            "X": 0.6407317519187927,
            "Y": 0.5374684929847717
          },
          {
            "X": 0.5915411114692688,
            "Y": 0.537459671497345
          }
        ]
      },
      "Id": "cb3189c3-8886-44a7-9d7c-967ca586cae5",
      "Page": 1
    },
    {
      "BlockType": "WORD",
      "Confidence": 97.61385345458984,
      "Text": "0.99947",
      "TextType": "PRINTED",
      "Geometry": {
        "BoundingBox": {
          "Width": 0.04955520108342171,
          "Height": 0.01839287206530571,
          "Left": 0.7029075622558594,
          "Top": 0.5190187096595764
        },
        "Polygon": [
          {
            "X": 0.7029075622558594,
            "Y": 0.5190197825431824
          },
          {
            "X": 0.7522886991500854,
            "Y": 0.5190187096595764
          },
          {
            "X": 0.7524628043174744,
            "Y": 0.5374115705490112
          },
          {
            "X": 0.7030665278434753,
            "Y": 0.5374026894569397
          }
        ]
      },
      "Id": "29b5115b-2e96-4b53-ac25-3d02fffb2dc1",
      "Page": 1
    },
    {
      "BlockType": "WORD",
      "Confidence": 99.2898941040039,
      "Text": "DGEBA/DDS",
      "TextType": "PRINTED",
      "Geometry": {
        "BoundingBox": {
          "Width": 0.07566665858030319,
          "Height": 0.020093271508812904,
          "Left": 0.24798840284347534,
          "Top": 0.5512964725494385
        },
        "Polygon": [
          {
            "X": 0.24798840284347534,
            "Y": 0.5512964725494385
          },
          {
            "X": 0.32360750436782837,
            "Y": 0.5513216853141785
          },
          {
            "X": 0.32365506887435913,
            "Y": 0.5713897347450256
          },
          {
            "X": 0.24801085889339447,
            "Y": 0.5713478326797485
          }
        ]
      },
      "Id": "4f5ac99a-bbf2-4f5e-9539-fc311c906e2d",
      "Page": 1
    },
    {
      "BlockType": "WORD",
      "Confidence": 94.59344482421875,
      "Text": "60.7",
      "TextType": "PRINTED",
      "Geometry": {
        "BoundingBox": {
          "Width": 0.025844493880867958,
          "Height": 0.017854418605566025,
          "Left": 0.38223662972450256,
          "Top": 0.5515015125274658
        },
        "Polygon": [
          {
            "X": 0.38223662972450256,
            "Y": 0.5515015125274658
          },
          {
            "X": 0.4080139100551605,
            "Y": 0.5515101552009583
          },
          {
            "X": 0.4080811142921448,
            "Y": 0.5693559646606445
          },
          {
            "X": 0.38229620456695557,
            "Y": 0.5693422555923462
          }
        ]
      },
      "Id": "8f930c40-2fb6-4f36-bacc-5048fb10bd3b",
      "Page": 1
    },
    {
      "BlockType": "WORD",
      "Confidence": 99.25997924804688,
      "Text": "65.5",
      "TextType": "PRINTED",
      "Geometry": {
        "BoundingBox": {
          "Width": 0.02600100450217724,
          "Height": 0.018404869362711906,
          "Left": 0.49361252784729004,
          "Top": 0.5514153242111206
        },
        "Polygon": [
          {
            "X": 0.49361252784729004,
            "Y": 0.5514153242111206
          },
          {
            "X": 0.5195103287696838,
            "Y": 0.551423966884613
          },
          {
            "X": 0.51961350440979,
            "Y": 0.5698201656341553
          },
          {
            "X": 0.4937078058719635,
            "Y": 0.5698062777519226
          }
        ]
      },
      "Id": "96a18cd6-d127-41a7-9546-9d795eb4ebc5",
      "Page": 1
    },
    {
      "BlockType": "WORD",
      "Confidence": 88.70361328125,
      "Text": "0.99803",
      "TextType": "PRINTED",
      "Geometry": {
        "BoundingBox": {
          "Width": 0.0488731786608696,
          "Height": 0.018427861854434013,
          "Left": 0.5915052890777588,
          "Top": 0.5514981150627136
        },
        "Polygon": [
          {
            "X": 0.5915052890777588,
            "Y": 0.5514981150627136
          },
          {
            "X": 0.6402384638786316,
            "Y": 0.5515143871307373
          },
          {
            "X": 0.640378475189209,
            "Y": 0.5699259638786316
          },
          {
            "X": 0.5916304588317871,
            "Y": 0.5698997974395752
          }
        ]
      },
      "Id": "872aab3d-995a-40fe-904e-1178a9455ddd",
      "Page": 1
    },
    {
      "BlockType": "WORD",
      "Confidence": 99.90762329101562,
      "Text": "0.99835",
      "TextType": "PRINTED",
      "Geometry": {
        "BoundingBox": {
          "Width": 0.0491451658308506,
          "Height": 0.019798588007688522,
          "Left": 0.7029882669448853,
          "Top": 0.550827145576477
        },
        "Polygon": [
          {
            "X": 0.7029882669448853,
            "Y": 0.550827145576477
          },
          {
            "X": 0.7519463896751404,
            "Y": 0.5508431196212769
          },
          {
            "X": 0.7521334290504456,
            "Y": 0.5706257224082947
          },
          {
            "X": 0.7031591534614563,
            "Y": 0.5705991387367249
          }
        ]
      },
      "Id": "38ab1980-a26c-4804-8285-0539876396ca",
      "Page": 1
    },
    {
      "BlockType": "TABLE",
      "Confidence": 99.951171875,
      "Geometry": {
        "BoundingBox": {
          "Width": 0.5435557961463928,
          "Height": 0.18902099132537842,
          "Left": 0.22828097641468048,
          "Top": 0.40464845299720764
        },
        "Polygon": [
          {
            "X": 0.22828097641468048,
            "Y": 0.4053401052951813
          },
          {
            "X": 0.7699888944625854,
            "Y": 0.40464845299720764
          },
          {
            "X": 0.7718368172645569,
            "Y": 0.5936694741249084
          },
          {
            "X": 0.22843049466609955,
            "Y": 0.593237042427063
          }
        ]
      },
      "Id": "6eccb884-cb97-49d0-8d44-f119602ef3c8",
      "Relationships": [
        {
          "Type": "CHILD",
          "Ids": [
            "601d18ba-65b6-4703-b19d-917e38dc7307",
            "2e154aaf-9cb1-4f48-a37a-43639a03e960",
            "5f417aed-5613-4f57-a25c-241f11264ea4",
            "a6c9d007-9bf8-437c-b259-ad0fbba1ab68",
            "4be957f2-ca6f-4385-ab46-32f3488d3778",
            "ce146eee-f8c2-4fba-b2b9-ad10ce911e51",
            "eedc84b1-26da-4ffe-a430-f4e4bde3ea76",
            "1240c241-6b99-4a43-ba97-769d78b58254",
            "573abdf5-8073-407e-98b6-cc741286d813",
            "70416140-b783-416f-9b9a-6e9b72bd7ab1",
            "8ad6c68f-90c3-4863-8c02-bd56f2c7ce85",
            "a361b088-0dec-4d0e-82ce-d53718448c3b",
            "8380cf26-b81e-48ae-9eda-e4df95bd7c47",
            "6b90e78a-2e2b-4b8a-ae7d-6c282f333c4d",
            "af923b9c-a5bc-4c7b-93d8-fa1ca0c25591",
            "c0ea66eb-34e3-47a2-b6b7-2215357524e5",
            "b658c7dd-818b-4f3c-a1fa-1ea360bdfd76",
            "e8220a94-02ad-4108-92bb-4543855fa1f8",
            "967b9fe4-7206-4343-8dc7-cb7a59da2799",
            "4a9e931f-bb6a-489b-aa3e-ad47569f546b"
          ]
        },
        {
          "Type": "MERGED_CELL",
          "Ids": [
            "5f1d4f2a-d9f6-4881-92f4-49c488f0e979",
            "aff99d15-8a1d-4b30-8490-73fb52660de0",
            "d191d444-8ef0-46e5-ba60-a77f2410441d"
          ]
        }
      ],
      "EntityTypes": [
        "STRUCTURED_TABLE"
      ],
      "Page": 1
    },
    {
      "BlockType": "CELL",
      "Confidence": 67.041015625,
      "RowIndex": 1,
      "ColumnIndex": 1,
      "RowSpan": 1,
      "ColumnSpan": 1,
      "Geometry": {
        "BoundingBox": {
          "Width": 0.12822097539901733,
          "Height": 0.04951046034693718,
          "Left": 0.22855862975120544,
          "Top": 0.40487295389175415
        },
        "Polygon": [
          {
            "X": 0.22855862975120544,
            "Y": 0.40503689646720886
          },
          {
            "X": 0.35663512349128723,
            "Y": 0.40487295389175415
          },
          {
            "X": 0.3567796051502228,
            "Y": 0.4542890787124634
          },
          {
            "X": 0.22859811782836914,
            "Y": 0.45438340306282043
          }
        ]
      },
      "Id": "601d18ba-65b6-4703-b19d-917e38dc7307",
      "Relationships": [
        {
          "Type": "CHILD",
          "Ids": [
            "ad7919a7-01f4-4094-82e7-5fcc38f8bf9b"
          ]
        }
      ],
      "EntityTypes": [
        "COLUMN_HEADER"
      ],
      "Page": 1
    },
    {
      "BlockType": "CELL",
      "Confidence": 85.9375,
      "RowIndex": 1,
      "ColumnIndex": 2,
      "RowSpan": 1,
      "ColumnSpan": 1,
      "Geometry": {
        "BoundingBox": {
          "Width": 0.11062565445899963,
          "Height": 0.04955745488405228,
          "Left": 0.35663512349128723,
          "Top": 0.4047316312789917
        },
        "Polygon": [
          {
            "X": 0.35663512349128723,
            "Y": 0.40487295389175415
          },
          {
            "X": 0.4670255780220032,
            "Y": 0.4047316312789917
          },
          {
            "X": 0.46726077795028687,
            "Y": 0.45420780777931213
          },
          {
            "X": 0.3567796051502228,
            "Y": 0.4542890787124634
          }
        ]
      },
      "Id": "2e154aaf-9cb1-4f48-a37a-43639a03e960",
      "Relationships": [
        {
          "Type": "CHILD",
          "Ids": [
            "80a56ab7-4b81-405d-a564-be592ea7a820",
            "7257b819-6e92-4b22-aea8-d19e6af2e6ca"
          ]
        }
      ],
      "EntityTypes": [
        "COLUMN_HEADER"
      ],
      "Page": 1
    },
    {
      "BlockType": "CELL",
      "Confidence": 85.9375,
      "RowIndex": 1,
      "ColumnIndex": 3,
      "RowSpan": 1,
      "ColumnSpan": 1,
      "Geometry": {
        "BoundingBox": {
          "Width": 0.09363949298858643,
          "Height": 0.049595631659030914,
          "Left": 0.4670255780220032,
          "Top": 0.40461215376853943
        },
        "Polygon": [
          {
            "X": 0.4670255780220032,
            "Y": 0.4047316312789917
          },
          {
            "X": 0.5603530406951904,
            "Y": 0.40461215376853943
          },
          {
            "X": 0.5606650710105896,
            "Y": 0.4541390538215637
          },
          {
            "X": 0.46726077795028687,
            "Y": 0.45420780777931213
          }
        ]
      },
      "Id": "5f417aed-5613-4f57-a25c-241f11264ea4",
      "EntityTypes": [
        "COLUMN_HEADER"
      ],
      "Page": 1
    },
    {
      "BlockType": "CELL",
      "Confidence": 84.228515625,
      "RowIndex": 1,
      "ColumnIndex": 4,
      "RowSpan": 1,
      "ColumnSpan": 1,
      "Geometry": {
        "BoundingBox": {
          "Width": 0.11582580208778381,
          "Height": 0.04967465624213219,
          "Left": 0.5603530406951904,
          "Top": 0.4044644236564636
        },
        "Polygon": [
          {
            "X": 0.5603530406951904,
            "Y": 0.40461215376853943
          },
          {
            "X": 0.6757714748382568,
            "Y": 0.4044644236564636
          },
          {
            "X": 0.6761788129806519,
            "Y": 0.454054057598114
          },
          {
            "X": 0.5606650710105896,
            "Y": 0.4541390538215637
          }
        ]
      },
      "Id": "a6c9d007-9bf8-437c-b259-ad0fbba1ab68",
      "Relationships": [
        {
          "Type": "CHILD",
          "Ids": [
            "2366349e-fba0-4d63-b1d9-2f2ebd5e4f57"
          ]
        }
      ],
      "EntityTypes": [
        "COLUMN_HEADER"
      ],
      "Page": 1
    },
    {
      "BlockType": "CELL",
      "Confidence": 84.228515625,
      "RowIndex": 1,
      "ColumnIndex": 5,
      "RowSpan": 1,
      "ColumnSpan": 1,
      "Geometry": {
        "BoundingBox": {
          "Width": 0.09499923139810562,
          "Height": 0.04971064627170563,
          "Left": 0.6757714748382568,
          "Top": 0.4043434262275696
        },
        "Polygon": [
          {
            "X": 0.6757714748382568,
            "Y": 0.4044644236564636
          },
          {
            "X": 0.7702851891517639,
            "Y": 0.4043434262275696
          },
          {
            "X": 0.7707707285881042,
            "Y": 0.45398446917533875
          },
          {
            "X": 0.6761788129806519,
            "Y": 0.454054057598114
          }
        ]
      },
      "Id": "4be957f2-ca6f-4385-ab46-32f3488d3778",
      "EntityTypes": [
        "COLUMN_HEADER"
      ],
      "Page": 1
    },
    {
      "BlockType": "CELL",
      "Confidence": 67.041015625,
      "RowIndex": 2,
      "ColumnIndex": 1,
      "RowSpan": 1,
      "ColumnSpan": 1,
      "Geometry": {
        "BoundingBox": {
          "Width": 0.1283261924982071,
          "Height": 0.04952162876725197,
          "Left": 0.22859811782836914,
          "Top": 0.4542890787124634
        },
        "Polygon": [
          {
            "X": 0.22859811782836914,
            "Y": 0.45438340306282043
          },
          {
            "X": 0.3567796051502228,
            "Y": 0.4542890787124634
          },
          {
            "X": 0.3569243252277374,
            "Y": 0.5037862658500671
          },
          {
            "X": 0.2286376804113388,
            "Y": 0.503810703754425
          }
        ]
      },
      "Id": "ce146eee-f8c2-4fba-b2b9-ad10ce911e51",
      "EntityTypes": [
        "COLUMN_HEADER"
      ],
      "Page": 1
    },
    {
      "BlockType": "CELL",
      "Confidence": 85.546875,
      "RowIndex": 2,
      "ColumnIndex": 2,
      "RowSpan": 1,
      "ColumnSpan": 1,
      "Geometry": {
        "BoundingBox": {
          "Width": 0.11071676015853882,
          "Height": 0.0495784692466259,
          "Left": 0.3567796051502228,
          "Top": 0.45420780777931213
        },
        "Polygon": [
          {
            "X": 0.3567796051502228,
            "Y": 0.4542890787124634
          },
          {
            "X": 0.46726077795028687,
            "Y": 0.45420780777931213
          },
          {
            "X": 0.4674963653087616,
            "Y": 0.5037651658058167
          },
          {
            "X": 0.3569243252277374,
            "Y": 0.5037862658500671
          }
        ]
      },
      "Id": "eedc84b1-26da-4ffe-a430-f4e4bde3ea76",
      "Relationships": [
        {
          "Type": "CHILD",
          "Ids": [
            "1bd9a90e-dd89-41b6-90e2-74f971322aeb"
          ]
        }
      ],
      "EntityTypes": [
        "COLUMN_HEADER"
      ],
      "Page": 1
    },
    {
      "BlockType": "CELL",
      "Confidence": 77.490234375,
      "RowIndex": 2,
      "ColumnIndex": 3,
      "RowSpan": 1,
      "ColumnSpan": 1,
      "Geometry": {
        "BoundingBox": {
          "Width": 0.09371687471866608,
          "Height": 0.04962611943483353,
          "Left": 0.46726077795028687,
          "Top": 0.4541390538215637
        },
        "Polygon": [
          {
            "X": 0.46726077795028687,
            "Y": 0.45420780777931213
          },
          {
            "X": 0.5606650710105896,
            "Y": 0.4541390538215637
          },
          {
            "X": 0.5609776377677917,
            "Y": 0.5037473440170288
          },
          {
            "X": 0.4674963653087616,
            "Y": 0.5037651658058167
          }
        ]
      },
      "Id": "1240c241-6b99-4a43-ba97-769d78b58254",
      "Relationships": [
        {
          "Type": "CHILD",
          "Ids": [
            "6516357a-3651-44b9-a96e-32b8663e5922"
          ]
        }
      ],
      "EntityTypes": [
        "COLUMN_HEADER"
      ],
      "Page": 1
    },
    {
      "BlockType": "CELL",
      "Confidence": 88.916015625,
      "RowIndex": 2,
      "ColumnIndex": 4,
      "RowSpan": 1,
      "ColumnSpan": 1,
      "Geometry": {
        "BoundingBox": {
          "Width": 0.1159217581152916,
          "Height": 0.04969329759478569,
          "Left": 0.5606650710105896,
          "Top": 0.454054057598114
        },
        "Polygon": [
          {
            "X": 0.5606650710105896,
            "Y": 0.4541390538215637
          },
          {
            "X": 0.6761788129806519,
            "Y": 0.454054057598114
          },
          {
            "X": 0.6765868663787842,
            "Y": 0.5037253499031067
          },
          {
            "X": 0.5609776377677917,
            "Y": 0.5037473440170288
          }
        ]
      },
      "Id": "573abdf5-8073-407e-98b6-cc741286d813",
      "Relationships": [
        {
          "Type": "CHILD",
          "Ids": [
            "8ad1dfca-6cf1-465f-9c5e-4a41c6d19d29"
          ]
        }
      ],
      "EntityTypes": [
        "COLUMN_HEADER"
      ],
      "Page": 1
    },
    {
      "BlockType": "CELL",
      "Confidence": 79.638671875,
      "RowIndex": 2,
      "ColumnIndex": 5,
      "RowSpan": 1,
      "ColumnSpan": 1,
      "Geometry": {
        "BoundingBox": {
          "Width": 0.09477847814559937,
          "Height": 0.04974064230918884,
          "Left": 0.6761788129806519,
          "Top": 0.45398467779159546
        },
        "Polygon": [
          {
            "X": 0.6761788129806519,
            "Y": 0.454054057598114
          },
          {
            "X": 0.7704712152481079,
            "Y": 0.45398467779159546
          },
          {
            "X": 0.7709572911262512,
            "Y": 0.5037073493003845
          },
          {
            "X": 0.6765868663787842,
            "Y": 0.5037253499031067
          }
        ]
      },
      "Id": "70416140-b783-416f-9b9a-6e9b72bd7ab1",
      "Relationships": [
        {
          "Type": "CHILD",
          "Ids": [
            "5a361d39-0e6d-478b-bb47-f436be5e69dc"
          ]
        }
      ],
      "EntityTypes": [
        "COLUMN_HEADER"
      ],
      "Page": 1
    },
    {
      "BlockType": "CELL",
      "Confidence": 75.341796875,
      "RowIndex": 3,
      "ColumnIndex": 1,
      "RowSpan": 1,
      "ColumnSpan": 1,
      "Geometry": {
        "BoundingBox": {
          "Width": 0.12868249416351318,
          "Height": 0.04019246622920036,
          "Left": 0.22835934162139893,
          "Top": 0.5037862658500671
        },
        "Polygon": [
          {
            "X": 0.22835934162139893,
            "Y": 0.5038107633590698
          },
          {
            "X": 0.3569243252277374,
            "Y": 0.5037862658500671
          },
          {
            "X": 0.3570418357849121,
            "Y": 0.543978750705719
          },
          {
            "X": 0.22839127480983734,
            "Y": 0.5439463257789612
          }
        ]
      },
      "Id": "8ad6c68f-90c3-4863-8c02-bd56f2c7ce85",
      "Relationships": [
        {
          "Type": "CHILD",
          "Ids": [
            "2db459c5-0f9f-4236-a492-2b80621e6452"
          ]
        }
      ],
      "Page": 1
    },
    {
      "BlockType": "CELL",
      "Confidence": 72.705078125,
      "RowIndex": 3,
      "ColumnIndex": 2,
      "RowSpan": 1,
      "ColumnSpan": 1,
      "Geometry": {
        "BoundingBox": {
          "Width": 0.11076334118843079,
          "Height": 0.040241438895463943,
          "Left": 0.3569243252277374,
          "Top": 0.5037651658058167
        },
        "Polygon": [
          {
            "X": 0.3569243252277374,
            "Y": 0.5037862658500671
          },
          {
            "X": 0.4674963653087616,
            "Y": 0.5037651658058167
          },
          {
            "X": 0.4676876664161682,
            "Y": 0.5440066456794739
          },
          {
            "X": 0.3570418357849121,
            "Y": 0.543978750705719
          }
        ]
      },
      "Id": "a361b088-0dec-4d0e-82ce-d53718448c3b",
      "Relationships": [
        {
          "Type": "CHILD",
          "Ids": [
            "26ae7283-7e0d-476c-a85e-85f310f92106"
          ]
        }
      ],
      "Page": 1
    },
    {
      "BlockType": "CELL",
      "Confidence": 65.8203125,
      "RowIndex": 3,
      "ColumnIndex": 3,
      "RowSpan": 1,
      "ColumnSpan": 1,
      "Geometry": {
        "BoundingBox": {
          "Width": 0.09373511373996735,
          "Height": 0.04028283804655075,
          "Left": 0.4674963653087616,
          "Top": 0.5037473440170288
        },
        "Polygon": [
          {
            "X": 0.4674963653087616,
            "Y": 0.5037651658058167
          },
          {
            "X": 0.5609776377677917,
            "Y": 0.5037473440170288
          },
          {
            "X": 0.5612314939498901,
            "Y": 0.5440301895141602
          },
          {
            "X": 0.4676876664161682,
            "Y": 0.5440066456794739
          }
        ]
      },
      "Id": "8380cf26-b81e-48ae-9eda-e4df95bd7c47",
      "Relationships": [
        {
          "Type": "CHILD",
          "Ids": [
            "f864a7ed-42ca-490d-8356-c2f0f8b757fb"
          ]
        }
      ],
      "Page": 1
    },
    {
      "BlockType": "CELL",
      "Confidence": 75.537109375,
      "RowIndex": 3,
      "ColumnIndex": 4,
      "RowSpan": 1,
      "ColumnSpan": 1,
      "Geometry": {
        "BoundingBox": {
          "Width": 0.11594049632549286,
          "Height": 0.04033403843641281,
          "Left": 0.5609776377677917,
          "Top": 0.5037253499031067
        },
        "Polygon": [
          {
            "X": 0.5609776377677917,
            "Y": 0.5037473440170288
          },
          {
            "X": 0.6765868663787842,
            "Y": 0.5037253499031067
          },
          {
            "X": 0.6769181489944458,
            "Y": 0.5440593957901001
          },
          {
            "X": 0.5612314939498901,
            "Y": 0.5440301895141602
          }
        ]
      },
      "Id": "6b90e78a-2e2b-4b8a-ae7d-6c282f333c4d",
      "Relationships": [
        {
          "Type": "CHILD",
          "Ids": [
            "cb3189c3-8886-44a7-9d7c-967ca586cae5"
          ]
        }
      ],
      "Page": 1
    },
    {
      "BlockType": "CELL",
      "Confidence": 67.67578125,
      "RowIndex": 3,
      "ColumnIndex": 5,
      "RowSpan": 1,
      "ColumnSpan": 1,
      "Geometry": {
        "BoundingBox": {
          "Width": 0.09476518630981445,
          "Height": 0.040375832468271255,
          "Left": 0.6765868663787842,
          "Top": 0.5037073493003845
        },
        "Polygon": [
          {
            "X": 0.6765868663787842,
            "Y": 0.5037253499031067
          },
          {
            "X": 0.7709572911262512,
            "Y": 0.5037073493003845
          },
          {
            "X": 0.7713520526885986,
            "Y": 0.5440831780433655
          },
          {
            "X": 0.6769181489944458,
            "Y": 0.5440593957901001
          }
        ]
      },
      "Id": "af923b9c-a5bc-4c7b-93d8-fa1ca0c25591",
      "Relationships": [
        {
          "Type": "CHILD",
          "Ids": [
            "29b5115b-2e96-4b53-ac25-3d02fffb2dc1"
          ]
        }
      ],
      "Page": 1
    },
    {
      "BlockType": "CELL",
      "Confidence": 42.724609375,
      "RowIndex": 4,
      "ColumnIndex": 1,
      "RowSpan": 1,
      "ColumnSpan": 1,
      "Geometry": {
        "BoundingBox": {
          "Width": 0.128794863820076,
          "Height": 0.0493931844830513,
          "Left": 0.22839127480983734,
          "Top": 0.5439463257789612
        },
        "Polygon": [
          {
            "X": 0.22839127480983734,
            "Y": 0.5439463257789612
          },
          {
            "X": 0.3570418357849121,
            "Y": 0.543978750705719
          },
          {
            "X": 0.35718613862991333,
            "Y": 0.5933395028114319
          },
          {
            "X": 0.22843049466609955,
            "Y": 0.593237042427063
          }
        ]
      },
      "Id": "c0ea66eb-34e3-47a2-b6b7-2215357524e5",
      "Relationships": [
        {
          "Type": "CHILD",
          "Ids": [
            "4f5ac99a-bbf2-4f5e-9539-fc311c906e2d"
          ]
        }
      ],
      "Page": 1
    },
    {
      "BlockType": "CELL",
      "Confidence": 41.2109375,
      "RowIndex": 4,
      "ColumnIndex": 2,
      "RowSpan": 1,
      "ColumnSpan": 1,
      "Geometry": {
        "BoundingBox": {
          "Width": 0.1108807697892189,
          "Height": 0.04944887384772301,
          "Left": 0.3570418357849121,
          "Top": 0.543978750705719
        },
        "Polygon": [
          {
            "X": 0.3570418357849121,
            "Y": 0.543978750705719
          },
          {
            "X": 0.4676876664161682,
            "Y": 0.5440066456794739
          },
          {
            "X": 0.4679225981235504,
            "Y": 0.5934275984764099
          },
          {
            "X": 0.35718613862991333,
            "Y": 0.5933395028114319
          }
        ]
      },
      "Id": "b658c7dd-818b-4f3c-a1fa-1ea360bdfd76",
      "Relationships": [
        {
          "Type": "CHILD",
          "Ids": [
            "8f930c40-2fb6-4f36-bacc-5048fb10bd3b"
          ]
        }
      ],
      "Page": 1
    },
    {
      "BlockType": "CELL",
      "Confidence": 37.3046875,
      "RowIndex": 4,
      "ColumnIndex": 3,
      "RowSpan": 1,
      "ColumnSpan": 1,
      "Geometry": {
        "BoundingBox": {
          "Width": 0.09385553747415543,
          "Height": 0.04949548467993736,
          "Left": 0.4676876664161682,
          "Top": 0.5440066456794739
        },
        "Polygon": [
          {
            "X": 0.4676876664161682,
            "Y": 0.5440066456794739
          },
          {
            "X": 0.5612314939498901,
            "Y": 0.5440301895141602
          },
          {
            "X": 0.5615431666374207,
            "Y": 0.5935021042823792
          },
          {
            "X": 0.4679225981235504,
            "Y": 0.5934275984764099
          }
        ]
      },
      "Id": "e8220a94-02ad-4108-92bb-4543855fa1f8",
      "Relationships": [
        {
          "Type": "CHILD",
          "Ids": [
            "96a18cd6-d127-41a7-9546-9d795eb4ebc5"
          ]
        }
      ],
      "Page": 1
    },
    {
      "BlockType": "CELL",
      "Confidence": 42.822265625,
      "RowIndex": 4,
      "ColumnIndex": 4,
      "RowSpan": 1,
      "ColumnSpan": 1,
      "Geometry": {
        "BoundingBox": {
          "Width": 0.11609357595443726,
          "Height": 0.04956403747200966,
          "Left": 0.5612314939498901,
          "Top": 0.5440301895141602
        },
        "Polygon": [
          {
            "X": 0.5612314939498901,
            "Y": 0.5440301895141602
          },
          {
            "X": 0.6769181489944458,
            "Y": 0.5440593957901001
          },
          {
            "X": 0.6773250699043274,
            "Y": 0.5935942530632019
          },
          {
            "X": 0.5615431666374207,
            "Y": 0.5935021042823792
          }
        ]
      },
      "Id": "967b9fe4-7206-4343-8dc7-cb7a59da2799",
      "Relationships": [
        {
          "Type": "CHILD",
          "Ids": [
            "872aab3d-995a-40fe-904e-1178a9455ddd"
          ]
        }
      ],
      "Page": 1
    },
    {
      "BlockType": "CELL",
      "Confidence": 38.3544921875,
      "RowIndex": 4,
      "ColumnIndex": 5,
      "RowSpan": 1,
      "ColumnSpan": 1,
      "Geometry": {
        "BoundingBox": {
          "Width": 0.0949186384677887,
          "Height": 0.04961008578538895,
          "Left": 0.6769181489944458,
          "Top": 0.5440593957901001
        },
        "Polygon": [
          {
            "X": 0.6769181489944458,
            "Y": 0.5440593957901001
          },
          {
            "X": 0.7713520526885986,
            "Y": 0.5440831780433655
          },
          {
            "X": 0.7718368172645569,
            "Y": 0.5936694741249084
          },
          {
            "X": 0.6773250699043274,
            "Y": 0.5935942530632019
          }
        ]
      },
      "Id": "4a9e931f-bb6a-489b-aa3e-ad47569f546b",
      "Relationships": [
        {
          "Type": "CHILD",
          "Ids": [
            "38ab1980-a26c-4804-8285-0539876396ca"
          ]
        }
      ],
      "Page": 1
    },
    {
      "BlockType": "MERGED_CELL",
      "Confidence": 67.041015625,
      "RowIndex": 1,
      "ColumnIndex": 1,
      "RowSpan": 2,
      "ColumnSpan": 1,
      "Geometry": {
        "BoundingBox": {
          "Width": 0.12864334881305695,
          "Height": 0.09863454103469849,
          "Left": 0.22828097641468048,
          "Top": 0.40517622232437134
        },
        "Polygon": [
          {
            "X": 0.22828097641468048,
            "Y": 0.4053401052951813
          },
          {
            "X": 0.35663601756095886,
            "Y": 0.40517622232437134
          },
          {
            "X": 0.3569243252277374,
            "Y": 0.5037862658500671
          },
          {
            "X": 0.22835934162139893,
            "Y": 0.5038107633590698
          }
        ]
      },
      "Id": "5f1d4f2a-d9f6-4881-92f4-49c488f0e979",
      "Relationships": [
        {
          "Type": "CHILD",
          "Ids": [
            "601d18ba-65b6-4703-b19d-917e38dc7307",
            "ce146eee-f8c2-4fba-b2b9-ad10ce911e51"
          ]
        }
      ],
      "EntityTypes": [
        "COLUMN_HEADER"
      ],
      "Page": 1
    },
    {
      "BlockType": "MERGED_CELL",
      "Confidence": 85.9375,
      "RowIndex": 1,
      "ColumnIndex": 2,
      "RowSpan": 1,
      "ColumnSpan": 2,
      "Geometry": {
        "BoundingBox": {
          "Width": 0.20402906835079193,
          "Height": 0.04937296733260155,
          "Left": 0.35663601756095886,
          "Top": 0.40491610765457153
        },
        "Polygon": [
          {
            "X": 0.35663601756095886,
            "Y": 0.40517622232437134
          },
          {
            "X": 0.5603549480438232,
            "Y": 0.40491610765457153
          },
          {
            "X": 0.5606650710105896,
            "Y": 0.4541390538215637
          },
          {
            "X": 0.3567796051502228,
            "Y": 0.4542890787124634
          }
        ]
      },
      "Id": "aff99d15-8a1d-4b30-8490-73fb52660de0",
      "Relationships": [
        {
          "Type": "CHILD",
          "Ids": [
            "2e154aaf-9cb1-4f48-a37a-43639a03e960",
            "5f417aed-5613-4f57-a25c-241f11264ea4"
          ]
        }
      ],
      "EntityTypes": [
        "COLUMN_HEADER"
      ],
      "Page": 1
    },
    {
      "BlockType": "MERGED_CELL",
      "Confidence": 84.228515625,
      "RowIndex": 1,
      "ColumnIndex": 4,
      "RowSpan": 1,
      "ColumnSpan": 2,
      "Geometry": {
        "BoundingBox": {
          "Width": 0.21011626720428467,
          "Height": 0.04949060082435608,
          "Left": 0.5603549480438232,
          "Top": 0.40464845299720764
        },
        "Polygon": [
          {
            "X": 0.5603549480438232,
            "Y": 0.40491610765457153
          },
          {
            "X": 0.7699888944625854,
            "Y": 0.40464845299720764
          },
          {
            "X": 0.7704712152481079,
            "Y": 0.45398467779159546
          },
          {
            "X": 0.5606650710105896,
            "Y": 0.4541390538215637
          }
        ]
      },
      "Id": "d191d444-8ef0-46e5-ba60-a77f2410441d",
      "Relationships": [
        {
          "Type": "CHILD",
          "Ids": [
            "a6c9d007-9bf8-437c-b259-ad0fbba1ab68",
            "4be957f2-ca6f-4385-ab46-32f3488d3778"
          ]
        }
      ],
      "EntityTypes": [
        "COLUMN_HEADER"
      ],
      "Page": 1
    }
  ],
  "AnalyzeDocumentModelVersion": "1.0"
}