{
  "DocumentMetadata": {
    "Pages": 1
  },
  "JobStatus": "SUCCEEDED",
  "Blocks": [
    {
      "BlockType": "PAGE",
      "Geometry": {
        "BoundingBox": {
          "Width": 1,
          "Height": 1,
          "Left": 0,
          "Top": 0
        },
        "Polygon": [
          {
            "X": 0,
            "Y": 0.00005056342342868447
          },
          {
            "X": 1,
            "Y": 0
          },
          {
            "X": 1,
            "Y": 1
          },
          {
            "X": 0.000013029594811087009,
            "Y": 1
          }
        ]
      },
      "Id": "96287475-70e8-4791-902b-db1b2cfac6ff",
      "Relationships": [
        {
          "Type": "CHILD",
          "Ids": [
            "cc0da707-e1a6-432c-9334-6b53721a0db0",
            "b1eac02f-b2f5-4133-91a6-6bff261ec81d",
            "56a6525f-e4c1-45d7-9ef4-53574994c7dd",
            "4eaef25a-4bd8-4404-a827-74f9e157f8c2",
            "db0fba9c-bca2-441e-ac0a-4cedd0da5d29",
            "d02a9b98-6c32-4863-ae56-fbc391cd6608",
            "da8ca1e0-777b-4f88-b271-38be9866dc8a",
            "29c84ae5-d440-4fe0-8d53-c75acdf47ab0",
            "e6895ca3-66b7-4a26-8b7e-5a73ce432111",
            "c4191010-e7b6-48c0-b594-57520a62b89f",
            "fc16ef66-527b-4ecb-a6bb-6e9aff87fc37",
            "fa3c5e57-ceba-48f9-a704-6ca625104831",
            "d2347640-3261-4206-9e31-3c8e7d6ac78b",
            "40bac5dc-e404-4894-8399-bc55ec22f44c",
            "81b1ec52-e50e-4511-81e3-6d913bab35ce",
            "54affea9-93db-4dd6-8388-d2af7843b489",
            "48608dc5-e0f1-4b08-a896-a3e3dbb40506",
            "0d7411de-12dd-496c-923f-9192ba2ea283"
          ]
        }
      ],
      "Page": 1
    },
    {
      "BlockType": "LINE",
      "Confidence": 99.92701721191406,
      "Text": "Samples",
      "Geometry": {
        "BoundingBox": {
          "Width": 0.05289621278643608,
          "Height": 0.025329487398266792,
          "Left": 0.2506410479545593,
          "Top": 0.4210125505924225
        },
        "Polygon": [
          {
            "X": 0.2506410479545593,
            "Y": 0.42110204696655273
          },
          {
            "X": 0.30322694778442383,
            "Y": 0.4210125505924225
          },
          {
            "X": 0.3035372495651245,
            "Y": 0.4462636411190033
          },
          {
            "X": 0.25093990564346313,
            "Y": 0.44634202122688293
          }
        ]
      },
      "Id": "cc0da707-e1a6-432c-9334-6b53721a0db0",
      "Relationships": [
        {
          "Type": "CHILD",
          "Ids": [
            "45004806-ed32-4de3-905b-026796533ce0"
          ]
        }
      ],
      "Page": 1
    },
    {
      "BlockType": "LINE",
      "Confidence": 77.44086456298828,
      "Text": "Tonset (C)",
      "Geometry": {
        "BoundingBox": {
          "Width": 0.061403557658195496,
          "Height": 0.026356270536780357,
          "Left": 0.4137522280216217,
          "Top": 0.4205115735530853
        },
        "Polygon": [
          {
            "X": 0.4137522280216217,
            "Y": 0.4206155836582184
          },
          {
            "X": 0.47479456663131714,
            "Y": 0.4205115735530853
          },
          {
            "X": 0.475155770778656,
            "Y": 0.44677722454071045
          },
          {
            "X": 0.4140995740890503,
            "Y": 0.44686785340309143
          }
        ]
      },
      "Id": "b1eac02f-b2f5-4133-91a6-6bff261ec81d",
      "Relationships": [
        {
          "Type": "CHILD",
          "Ids": [
            "5285eb84-cfe6-416a-9031-4a4002850508",
            "10aafa16-e4b6-45be-8e1b-1f6619bb52f8"
          ]
        }
      ],
      "Page": 1
    },
    {
      "BlockType": "LINE",
      "Confidence": 76.43635559082031,
      "Text": "Tmax (C)",
      "Geometry": {
        "BoundingBox": {
          "Width": 0.05658896267414093,
          "Height": 0.025572218000888824,
          "Left": 0.5484709143638611,
          "Top": 0.42045512795448303
        },
        "Polygon": [
          {
            "X": 0.5484709143638611,
            "Y": 0.42055079340934753
          },
          {
            "X": 0.604681134223938,
            "Y": 0.42045512795448303
          },
          {
            "X": 0.6050599217414856,
            "Y": 0.44594359397888184
          },
          {
            "X": 0.5488373041152954,
            "Y": 0.44602733850479126
          }
        ]
      },
      "Id": "56a6525f-e4c1-45d7-9ef4-53574994c7dd",
      "Relationships": [
        {
          "Type": "CHILD",
          "Ids": [
            "48e8b1c0-0af6-4e9a-85ea-f25c05cacb27",
            "d1708913-82fd-4f19-a1c4-dae935dab978"
          ]
        }
      ],
      "Page": 1
    },
    {
      "BlockType": "LINE",
      "Confidence": 99.89236450195312,
      "Text": "Residues at",
      "Geometry": {
        "BoundingBox": {
          "Width": 0.0721309632062912,
          "Height": 0.020895371213555336,
          "Left": 0.6788380146026611,
          "Top": 0.4207632541656494
        },
        "Polygon": [
          {
            "X": 0.6788380146026611,
            "Y": 0.4208851456642151
          },
          {
            "X": 0.7506342530250549,
            "Y": 0.4207632541656494
          },
          {
            "X": 0.7509689927101135,
            "Y": 0.441549152135849
          },
          {
            "X": 0.6791598796844482,
            "Y": 0.441658616065979
          }
        ]
      },
      "Id": "4eaef25a-4bd8-4404-a827-74f9e157f8c2",
      "Relationships": [
        {
          "Type": "CHILD",
          "Ids": [
            "84f5c324-ced6-4710-825e-e1b578c1592a",
            "42e97f0c-88ca-4dd8-86f9-1448dc541eb6"
          ]
        }
      ],
      "Page": 1
    },
    {
      "BlockType": "LINE",
      "Confidence": 96.20275115966797,
      "Text": "800 °C (%)",
      "Geometry": {
        "BoundingBox": {
          "Width": 0.06494130939245224,
          "Height": 0.0250729750841856,
          "Left": 0.6787602305412292,
          "Top": 0.45279788970947266
        },
        "Polygon": [
          {
            "X": 0.6787602305412292,
            "Y": 0.4528902471065521
          },
          {
            "X": 0.7433006763458252,
            "Y": 0.45279788970947266
          },
          {
            "X": 0.7437015175819397,
            "Y": 0.477791965007782
          },
          {
            "X": 0.6791471242904663,
            "Y": 0.4778708815574646
          }
        ]
      },
      "Id": "db0fba9c-bca2-441e-ac0a-4cedd0da5d29",
      "Relationships": [
        {
          "Type": "CHILD",
          "Ids": [
            "0be80055-532c-48c8-834c-24b462d27a4a",
            "434ba5f5-80db-4885-a562-5eba61545fb8",
            "3c6d228d-7dba-4372-b609-a2eb07e72faa"
          ]
        }
      ],
      "Page": 1
    },
    {
      "BlockType": "LINE",
      "Confidence": 99.71949768066406,
      "Text": "Pure EP",
      "Geometry": {
        "BoundingBox": {
          "Width": 0.0487542599439621,
          "Height": 0.019263921305537224,
          "Left": 0.250697523355484,
          "Top": 0.5036041140556335
        },
        "Polygon": [
          {
            "X": 0.250697523355484,
            "Y": 0.5036531686782837
          },
          {
            "X": 0.2992163896560669,
            "Y": 0.5036041140556335
          },
          {
            "X": 0.2994517982006073,
            "Y": 0.5228267908096313
          },
          {
            "X": 0.25092488527297974,
            "Y": 0.5228680372238159
          }
        ]
      },
      "Id": "d02a9b98-6c32-4863-ae56-fbc391cd6608",
      "Relationships": [
        {
          "Type": "CHILD",
          "Ids": [
            "7dcc85e8-9310-4515-bb90-8df1292d7242",
            "08c7bf72-13a0-474d-91d5-a582c7025aad"
          ]
        }
      ],
      "Page": 1
    },
    {
      "BlockType": "LINE",
      "Confidence": 99.9142074584961,
      "Text": "398",
      "Geometry": {
        "BoundingBox": {
          "Width": 0.023172305896878242,
          "Height": 0.019301334396004677,
          "Left": 0.41377928853034973,
          "Top": 0.5036215782165527
        },
        "Polygon": [
          {
            "X": 0.41377928853034973,
            "Y": 0.5036447644233704
          },
          {
            "X": 0.43669286370277405,
            "Y": 0.5036215782165527
          },
          {
            "X": 0.43695157766342163,
            "Y": 0.5229035019874573
          },
          {
            "X": 0.4140341877937317,
            "Y": 0.522922933101654
          }
        ]
      },
      "Id": "da8ca1e0-777b-4f88-b271-38be9866dc8a",
      "Relationships": [
        {
          "Type": "CHILD",
          "Ids": [
            "b96a9592-bc1b-4567-b0be-ba62bd8598c1"
          ]
        }
      ],
      "Page": 1
    },
    {
      "BlockType": "LINE",
      "Confidence": 99.95306396484375,
      "Text": "444",
      "Geometry": {
        "BoundingBox": {
          "Width": 0.02448095567524433,
          "Height": 0.019654588773846626,
          "Left": 0.5483992099761963,
          "Top": 0.5033515095710754
        },
        "Polygon": [
          {
            "X": 0.5483992099761963,
            "Y": 0.5033759474754333
          },
          {
            "X": 0.5725939869880676,
            "Y": 0.5033515095710754
          },
          {
            "X": 0.5728801488876343,
            "Y": 0.522985577583313
          },
          {
            "X": 0.5486812591552734,
            "Y": 0.5230060815811157
          }
        ]
      },
      "Id": "29c84ae5-d440-4fe0-8d53-c75acdf47ab0",
      "Relationships": [
        {
          "Type": "CHILD",
          "Ids": [
            "61f33b72-564c-4ad2-ac09-cfa0688fb7d1"
          ]
        }
      ],
      "Page": 1
    },
    {
      "BlockType": "LINE",
      "Confidence": 99.38883972167969,
      "Text": "12.3",
      "Geometry": {
        "BoundingBox": {
          "Width": 0.025612642988562584,
          "Height": 0.020010152831673622,
          "Left": 0.6796821355819702,
          "Top": 0.5031744241714478
        },
        "Polygon": [
          {
            "X": 0.6796821355819702,
            "Y": 0.5032000541687012
          },
          {
            "X": 0.7049808502197266,
            "Y": 0.5031744241714478
          },
          {
            "X": 0.7052947878837585,
            "Y": 0.5231632590293884
          },
          {
            "X": 0.6799916625022888,
            "Y": 0.523184597492218
          }
        ]
      },
      "Id": "e6895ca3-66b7-4a26-8b7e-5a73ce432111",
      "Relationships": [
        {
          "Type": "CHILD",
          "Ids": [
            "4caed2d9-a2d1-45d8-8833-f7fd003539c4"
          ]
        }
      ],
      "Page": 1
    },
    {
      "BlockType": "LINE",
      "Confidence": 98.13339233398438,
      "Text": "EP/APP-MMT",
      "Geometry": {
        "BoundingBox": {
          "Width": 0.0882323831319809,
          "Height": 0.024834493175148964,
          "Left": 0.2512950897216797,
          "Top": 0.5347194075584412
        },
        "Polygon": [
          {
            "X": 0.2512950897216797,
            "Y": 0.5347853899002075
          },
          {
            "X": 0.33921557664871216,
            "Y": 0.5347194075584412
          },
          {
            "X": 0.3395274877548218,
            "Y": 0.5595061182975769
          },
          {
            "X": 0.25158822536468506,
            "Y": 0.5595539212226868
          }
        ]
      },
      "Id": "c4191010-e7b6-48c0-b594-57520a62b89f",
      "Relationships": [
        {
          "Type": "CHILD",
          "Ids": [
            "7418ecb4-bec2-45a2-803f-93f81613e882"
          ]
        }
      ],
      "Page": 1
    },
    {
      "BlockType": "LINE",
      "Confidence": 99.97240447998047,
      "Text": "347",
      "Geometry": {
        "BoundingBox": {
          "Width": 0.02355729043483734,
          "Height": 0.019630106166005135,
          "Left": 0.41353052854537964,
          "Top": 0.5354241132736206
        },
        "Polygon": [
          {
            "X": 0.41353052854537964,
            "Y": 0.5354414582252502
          },
          {
            "X": 0.43682464957237244,
            "Y": 0.5354241132736206
          },
          {
            "X": 0.4370878040790558,
            "Y": 0.555040717124939
          },
          {
            "X": 0.4137897491455078,
            "Y": 0.555054247379303
          }
        ]
      },
      "Id": "fc16ef66-527b-4ecb-a6bb-6e9aff87fc37",
      "Relationships": [
        {
          "Type": "CHILD",
          "Ids": [
            "94975841-f0e8-4a9a-98c3-4f996c109b2b"
          ]
        }
      ],
      "Page": 1
    },
    {
      "BlockType": "LINE",
      "Confidence": 99.93043518066406,
      "Text": "376",
      "Geometry": {
        "BoundingBox": {
          "Width": 0.02379489876329899,
          "Height": 0.019348371773958206,
          "Left": 0.5488085746765137,
          "Top": 0.5355806946754456
        },
        "Polygon": [
          {
            "X": 0.5488085746765137,
            "Y": 0.5355981588363647
          },
          {
            "X": 0.5723217725753784,
            "Y": 0.5355806946754456
          },
          {
            "X": 0.5726034641265869,
            "Y": 0.5549154281616211
          },
          {
            "X": 0.549086332321167,
            "Y": 0.5549290776252747
          }
        ]
      },
      "Id": "fa3c5e57-ceba-48f9-a704-6ca625104831",
      "Relationships": [
        {
          "Type": "CHILD",
          "Ids": [
            "27d53777-1161-4d01-a79b-7c233c6162f0"
          ]
        }
      ],
      "Page": 1
    },
    {
      "BlockType": "LINE",
      "Confidence": 96.60021209716797,
      "Text": "30.6",
      "Geometry": {
        "BoundingBox": {
          "Width": 0.02698167786002159,
          "Height": 0.020068196579813957,
          "Left": 0.678770899772644,
          "Top": 0.5352991223335266
        },
        "Polygon": [
          {
            "X": 0.678770899772644,
            "Y": 0.535318911075592
          },
          {
            "X": 0.7054376602172852,
            "Y": 0.5352991223335266
          },
          {
            "X": 0.7057525515556335,
            "Y": 0.5553519129753113
          },
          {
            "X": 0.6790811419487,
            "Y": 0.5553672909736633
          }
        ]
      },
      "Id": "d2347640-3261-4206-9e31-3c8e7d6ac78b",
      "Relationships": [
        {
          "Type": "CHILD",
          "Ids": [
            "75473ac8-da7c-4a6e-a5b8-c98b1afd034b"
          ]
        }
      ],
      "Page": 1
    },
    {
      "BlockType": "LINE",
      "Confidence": 98.69062805175781,
      "Text": "EP/OPS/DOPO",
      "Geometry": {
        "BoundingBox": {
          "Width": 0.08700978755950928,
          "Height": 0.024132806807756424,
          "Left": 0.25113770365715027,
          "Top": 0.5658861994743347
        },
        "Polygon": [
          {
            "X": 0.25113770365715027,
            "Y": 0.5659286975860596
          },
          {
            "X": 0.33784449100494385,
            "Y": 0.5658861994743347
          },
          {
            "X": 0.33814749121665955,
            "Y": 0.5899940133094788
          },
          {
            "X": 0.2514227032661438,
            "Y": 0.5900190472602844
          }
        ]
      },
      "Id": "40bac5dc-e404-4894-8399-bc55ec22f44c",
      "Relationships": [
        {
          "Type": "CHILD",
          "Ids": [
            "fe505ff6-c24f-46ad-a2d1-409dcaf81bcc"
          ]
        }
      ],
      "Page": 1
    },
    {
      "BlockType": "LINE",
      "Confidence": 99.98041534423828,
      "Text": "380",
      "Geometry": {
        "BoundingBox": {
          "Width": 0.02357000857591629,
          "Height": 0.01964648999273777,
          "Left": 0.4136975407600403,
          "Top": 0.566450834274292
        },
        "Polygon": [
          {
            "X": 0.4136975407600403,
            "Y": 0.5664621591567993
          },
          {
            "X": 0.43700411915779114,
            "Y": 0.566450834274292
          },
          {
            "X": 0.437267541885376,
            "Y": 0.5860898494720459
          },
          {
            "X": 0.41395699977874756,
            "Y": 0.5860973000526428
          }
        ]
      },
      "Id": "81b1ec52-e50e-4511-81e3-6d913bab35ce",
      "Relationships": [
        {
          "Type": "CHILD",
          "Ids": [
            "6f7b742e-85e8-4d5c-a31b-03d1df56a987"
          ]
        }
      ],
      "Page": 1
    },
    {
      "BlockType": "LINE",
      "Confidence": 99.98452758789062,
      "Text": "414",
      "Geometry": {
        "BoundingBox": {
          "Width": 0.024455662816762924,
          "Height": 0.01957755535840988,
          "Left": 0.548588216304779,
          "Top": 0.5665072202682495
        },
        "Polygon": [
          {
            "X": 0.548588216304779,
            "Y": 0.5665189623832703
          },
          {
            "X": 0.5727587342262268,
            "Y": 0.5665072202682495
          },
          {
            "X": 0.5730438828468323,
            "Y": 0.5860770344734192
          },
          {
            "X": 0.548869252204895,
            "Y": 0.58608478307724
          }
        ]
      },
      "Id": "54affea9-93db-4dd6-8388-d2af7843b489",
      "Relationships": [
        {
          "Type": "CHILD",
          "Ids": [
            "8c1b74e7-67d5-4b1f-af65-8e466a31d4a7"
          ]
        }
      ],
      "Page": 1
    },
    {
      "BlockType": "LINE",
      "Confidence": 99.46161651611328,
      "Text": "20.8",
      "Geometry": {
        "BoundingBox": {
          "Width": 0.026617970317602158,
          "Height": 0.019767718389630318,
          "Left": 0.6787889003753662,
          "Top": 0.5663192272186279
        },
        "Polygon": [
          {
            "X": 0.6787889003753662,
            "Y": 0.5663319826126099
          },
          {
            "X": 0.7050967216491699,
            "Y": 0.5663192272186279
          },
          {
            "X": 0.7054068446159363,
            "Y": 0.5860785245895386
          },
          {
            "X": 0.6790945529937744,
            "Y": 0.5860869288444519
          }
        ]
      },
      "Id": "48608dc5-e0f1-4b08-a896-a3e3dbb40506",
      "Relationships": [
        {
          "Type": "CHILD",
          "Ids": [
            "22e2a887-abed-413b-a15d-127f7ad5e5fd"
          ]
        }
      ],
      "Page": 1
    },
    {
      "BlockType": "WORD",
      "Confidence": 99.92701721191406,
      "Text": "Samples",
      "TextType": "PRINTED",
      "Geometry": {
        "BoundingBox": {
          "Width": 0.05289621278643608,
          "Height": 0.025329487398266792,
          "Left": 0.2506410479545593,
          "Top": 0.4210125505924225
        },
        "Polygon": [
          {
            "X": 0.2506410479545593,
            "Y": 0.42110204696655273
          },
          {
            "X": 0.30322694778442383,
            "Y": 0.4210125505924225
          },
          {
            "X": 0.3035372495651245,
            "Y": 0.4462636411190033
          },
          {
            "X": 0.25093990564346313,
            "Y": 0.44634202122688293
          }
        ]
      },
      "Id": "45004806-ed32-4de3-905b-026796533ce0",
      "Page": 1
    },
    {
      "BlockType": "WORD",
      "Confidence": 99.08277130126953,
      "Text": "Tonset",
      "TextType": "PRINTED",
      "Geometry": {
        "BoundingBox": {
          "Width": 0.033006712794303894,
          "Height": 0.025501348078250885,
          "Left": 0.4137628972530365,
          "Top": 0.42136651277542114
        },
        "Polygon": [
          {
            "X": 0.4137628972530365,
            "Y": 0.42142191529273987
          },
          {
            "X": 0.44642573595046997,
            "Y": 0.42136651277542114
          },
          {
            "X": 0.4467695951461792,
            "Y": 0.44681936502456665
          },
          {
            "X": 0.4140995740890503,
            "Y": 0.44686785340309143
          }
        ]
      },
      "Id": "5285eb84-cfe6-416a-9031-4a4002850508",
      "Page": 1
    },
    {
      "BlockType": "WORD",
      "Confidence": 55.798954010009766,
      "Text": "(C)",
      "TextType": "PRINTED",
      "Geometry": {
        "BoundingBox": {
          "Width": 0.024762488901615143,
          "Height": 0.0257248617708683,
          "Left": 0.45038536190986633,
          "Top": 0.4205115735530853
        },
        "Polygon": [
          {
            "X": 0.45038536190986633,
            "Y": 0.42055314779281616
          },
          {
            "X": 0.47479456663131714,
            "Y": 0.4205115735530853
          },
          {
            "X": 0.4751478433609009,
            "Y": 0.44620007276535034
          },
          {
            "X": 0.4507332146167755,
            "Y": 0.44623643159866333
          }
        ]
      },
      "Id": "10aafa16-e4b6-45be-8e1b-1f6619bb52f8",
      "Page": 1
    },
    {
      "BlockType": "WORD",
      "Confidence": 95.9588623046875,
      "Text": "Tmax",
      "TextType": "PRINTED",
      "Geometry": {
        "BoundingBox": {
          "Width": 0.02834611013531685,
          "Height": 0.02327479049563408,
          "Left": 0.5484908223152161,
          "Top": 0.42188760638237
        },
        "Polygon": [
          {
            "X": 0.5484908223152161,
            "Y": 0.42193496227264404
          },
          {
            "X": 0.5764973163604736,
            "Y": 0.42188760638237
          },
          {
            "X": 0.5768369436264038,
            "Y": 0.4451204538345337
          },
          {
            "X": 0.5488248467445374,
            "Y": 0.4451623857021332
          }
        ]
      },
      "Id": "48e8b1c0-0af6-4e9a-85ea-f25c05cacb27",
      "Page": 1
    },
    {
      "BlockType": "WORD",
      "Confidence": 56.913841247558594,
      "Text": "(C)",
      "TextType": "PRINTED",
      "Geometry": {
        "BoundingBox": {
          "Width": 0.024965668097138405,
          "Height": 0.025525100529193878,
          "Left": 0.5800942182540894,
          "Top": 0.42045512795448303
        },
        "Polygon": [
          {
            "X": 0.5800942182540894,
            "Y": 0.42049697041511536
          },
          {
            "X": 0.604681134223938,
            "Y": 0.42045512795448303
          },
          {
            "X": 0.6050599217414856,
            "Y": 0.44594359397888184
          },
          {
            "X": 0.5804675817489624,
            "Y": 0.4459802210330963
          }
        ]
      },
      "Id": "d1708913-82fd-4f19-a1c4-dae935dab978",
      "Page": 1
    },
    {
      "BlockType": "WORD",
      "Confidence": 99.8131103515625,
      "Text": "Residues",
      "TextType": "PRINTED",
      "Geometry": {
        "BoundingBox": {
          "Width": 0.05546456202864647,
          "Height": 0.020755626261234283,
          "Left": 0.6788380146026611,
          "Top": 0.42079153656959534
        },
        "Polygon": [
          {
            "X": 0.6788380146026611,
            "Y": 0.4208851456642151
          },
          {
            "X": 0.7339726686477661,
            "Y": 0.42079153656959534
          },
          {
            "X": 0.7343025803565979,
            "Y": 0.44146305322647095
          },
          {
            "X": 0.6791581511497498,
            "Y": 0.441547155380249
          }
        ]
      },
      "Id": "84f5c324-ced6-4710-825e-e1b578c1592a",
      "Page": 1
    },
    {
      "BlockType": "WORD",
      "Confidence": 99.97162628173828,
      "Text": "at",
      "TextType": "PRINTED",
      "Geometry": {
        "BoundingBox": {
          "Width": 0.012615404091775417,
          "Height": 0.018167264759540558,
          "Left": 0.7383536100387573,
          "Top": 0.4234006702899933
        },
        "Polygon": [
          {
            "X": 0.7383536100387573,
            "Y": 0.42342132329940796
          },
          {
            "X": 0.7506767511367798,
            "Y": 0.4234006702899933
          },
          {
            "X": 0.7509689927101135,
            "Y": 0.441549152135849
          },
          {
            "X": 0.7386439442634583,
            "Y": 0.44156795740127563
          }
        ]
      },
      "Id": "42e97f0c-88ca-4dd8-86f9-1448dc541eb6",
      "Page": 1
    },
    {
      "BlockType": "WORD",
      "Confidence": 99.96154022216797,
      "Text": "800",
      "TextType": "PRINTED",
      "Geometry": {
        "BoundingBox": {
          "Width": 0.02382955700159073,
          "Height": 0.01952066272497177,
          "Left": 0.6787760853767395,
          "Top": 0.4538821280002594
        },
        "Polygon": [
          {
            "X": 0.6787760853767395,
            "Y": 0.4539155662059784
          },
          {
            "X": 0.7022998929023743,
            "Y": 0.4538821280002594
          },
          {
            "X": 0.702605664730072,
            "Y": 0.473373144865036
          },
          {
            "X": 0.6790779232978821,
            "Y": 0.4734027683734894
          }
        ]
      },
      "Id": "0be80055-532c-48c8-834c-24b462d27a4a",
      "Page": 1
    },
    {
      "BlockType": "WORD",
      "Confidence": 88.77201843261719,
      "Text": "°C",
      "TextType": "PRINTED",
      "Geometry": {
        "BoundingBox": {
          "Width": 0.014345892705023289,
          "Height": 0.01935681328177452,
          "Left": 0.7069364786148071,
          "Top": 0.45388874411582947
        },
        "Polygon": [
          {
            "X": 0.7069364786148071,
            "Y": 0.45390868186950684
          },
          {
            "X": 0.7209758758544922,
            "Y": 0.45388874411582947
          },
          {
            "X": 0.7212823629379272,
            "Y": 0.4732278287410736
          },
          {
            "X": 0.7072405815124512,
            "Y": 0.4732455313205719
          }
        ]
      },
      "Id": "434ba5f5-80db-4885-a562-5eba61545fb8",
      "Page": 1
    },
    {
      "BlockType": "WORD",
      "Confidence": 99.87470245361328,
      "Text": "(%)",
      "TextType": "PRINTED",
      "Geometry": {
        "BoundingBox": {
          "Width": 0.019451098516583443,
          "Height": 0.025017352774739265,
          "Left": 0.7242504358291626,
          "Top": 0.45279788970947266
        },
        "Polygon": [
          {
            "X": 0.7242504358291626,
            "Y": 0.4528251588344574
          },
          {
            "X": 0.7433006763458252,
            "Y": 0.45279788970947266
          },
          {
            "X": 0.7437015175819397,
            "Y": 0.477791965007782
          },
          {
            "X": 0.7246471643447876,
            "Y": 0.4778152406215668
          }
        ]
      },
      "Id": "3c6d228d-7dba-4372-b609-a2eb07e72faa",
      "Page": 1
    },
    {
      "BlockType": "WORD",
      "Confidence": 99.76974487304688,
      "Text": "Pure",
      "TextType": "PRINTED",
      "Geometry": {
        "BoundingBox": {
          "Width": 0.028793008998036385,
          "Height": 0.019222764298319817,
          "Left": 0.2506977617740631,
          "Top": 0.5036453008651733
        },
        "Polygon": [
          {
            "X": 0.2506977617740631,
            "Y": 0.5036741495132446
          },
          {
            "X": 0.27925893664360046,
            "Y": 0.5036453008651733
          },
          {
            "X": 0.27949079871177673,
            "Y": 0.5228437781333923
          },
          {
            "X": 0.25092488527297974,
            "Y": 0.5228680372238159
          }
        ]
      },
      "Id": "7dcc85e8-9310-4515-bb90-8df1292d7242",
      "Page": 1
    },
    {
      "BlockType": "WORD",
      "Confidence": 99.66924285888672,
      "Text": "EP",
      "TextType": "PRINTED",
      "Geometry": {
        "BoundingBox": {
          "Width": 0.015304476022720337,
          "Height": 0.01921122893691063,
          "Left": 0.2841470241546631,
          "Top": 0.5036041140556335
        },
        "Polygon": [
          {
            "X": 0.2841470241546631,
            "Y": 0.503619372844696
          },
          {
            "X": 0.2992163896560669,
            "Y": 0.5036041140556335
          },
          {
            "X": 0.2994515001773834,
            "Y": 0.5228025317192078
          },
          {
            "X": 0.28437963128089905,
            "Y": 0.5228153467178345
          }
        ]
      },
      "Id": "08c7bf72-13a0-474d-91d5-a582c7025aad",
      "Page": 1
    },
    {
      "BlockType": "WORD",
      "Confidence": 99.9142074584961,
      "Text": "398",
      "TextType": "PRINTED",
      "Geometry": {
        "BoundingBox": {
          "Width": 0.023172305896878242,
          "Height": 0.019301334396004677,
          "Left": 0.41377928853034973,
          "Top": 0.5036215782165527
        },
        "Polygon": [
          {
            "X": 0.41377928853034973,
            "Y": 0.5036447644233704
          },
          {
            "X": 0.43669286370277405,
            "Y": 0.5036215782165527
          },
          {
            "X": 0.43695157766342163,
            "Y": 0.5229035019874573
          },
          {
            "X": 0.4140341877937317,
            "Y": 0.522922933101654
          }
        ]
      },
      "Id": "b96a9592-bc1b-4567-b0be-ba62bd8598c1",
      "Page": 1
    },
    {
      "BlockType": "WORD",
      "Confidence": 99.95306396484375,
      "Text": "444",
      "TextType": "PRINTED",
      "Geometry": {
        "BoundingBox": {
          "Width": 0.02448095567524433,
          "Height": 0.019654588773846626,
          "Left": 0.5483992099761963,
          "Top": 0.5033515095710754
        },
        "Polygon": [
          {
            "X": 0.5483992099761963,
            "Y": 0.5033759474754333
          },
          {
            "X": 0.5725939869880676,
            "Y": 0.5033515095710754
          },
          {
            "X": 0.5728801488876343,
            "Y": 0.522985577583313
          },
          {
            "X": 0.5486812591552734,
            "Y": 0.5230060815811157
          }
        ]
      },
      "Id": "61f33b72-564c-4ad2-ac09-cfa0688fb7d1",
      "Page": 1
    },
    {
      "BlockType": "WORD",
      "Confidence": 99.38883972167969,
      "Text": "12.3",
      "TextType": "PRINTED",
      "Geometry": {
        "BoundingBox": {
          "Width": 0.025612642988562584,
          "Height": 0.020010152831673622,
          "Left": 0.6796821355819702,
          "Top": 0.5031744241714478
        },
        "Polygon": [
          {
            "X": 0.6796821355819702,
            "Y": 0.5032000541687012
          },
          {
            "X": 0.7049808502197266,
            "Y": 0.5031744241714478
          },
          {
            "X": 0.7052947878837585,
            "Y": 0.5231632590293884
          },
          {
            "X": 0.6799916625022888,
            "Y": 0.523184597492218
          }
        ]
      },
      "Id": "4caed2d9-a2d1-45d8-8833-f7fd003539c4",
      "Page": 1
    },
    {
      "BlockType": "WORD",
      "Confidence": 98.13339233398438,
      "Text": "EP/APP-MMT",
      "TextType": "PRINTED",
      "Geometry": {
        "BoundingBox": {
          "Width": 0.0882323831319809,
          "Height": 0.024834493175148964,
          "Left": 0.2512950897216797,
          "Top": 0.5347194075584412
        },
        "Polygon": [
          {
            "X": 0.2512950897216797,
            "Y": 0.5347853899002075
          },
          {
            "X": 0.33921557664871216,
            "Y": 0.5347194075584412
          },
          {
            "X": 0.3395274877548218,
            "Y": 0.5595061182975769
          },
          {
            "X": 0.25158822536468506,
            "Y": 0.5595539212226868
          }
        ]
      },
      "Id": "7418ecb4-bec2-45a2-803f-93f81613e882",
      "Page": 1
    },
    {
      "BlockType": "WORD",
      "Confidence": 99.97240447998047,
      "Text": "347",
      "TextType": "PRINTED",
      "Geometry": {
        "BoundingBox": {
          "Width": 0.02355729043483734,
          "Height": 0.019630106166005135,
          "Left": 0.41353052854537964,
          "Top": 0.5354241132736206
        },
        "Polygon": [
          {
            "X": 0.41353052854537964,
            "Y": 0.5354414582252502
          },
          {
            "X": 0.43682464957237244,
            "Y": 0.5354241132736206
          },
          {
            "X": 0.4370878040790558,
            "Y": 0.555040717124939
          },
          {
            "X": 0.4137897491455078,
            "Y": 0.555054247379303
          }
        ]
      },
      "Id": "94975841-f0e8-4a9a-98c3-4f996c109b2b",
      "Page": 1
    },
    {
      "BlockType": "WORD",
      "Confidence": 99.93043518066406,
      "Text": "376",
      "TextType": "PRINTED",
      "Geometry": {
        "BoundingBox": {
          "Width": 0.02379489876329899,
          "Height": 0.019348371773958206,
          "Left": 0.5488085746765137,
          "Top": 0.5355806946754456
        },
        "Polygon": [
          {
            "X": 0.5488085746765137,
            "Y": 0.5355981588363647
          },
          {
            "X": 0.5723217725753784,
            "Y": 0.5355806946754456
          },
          {
            "X": 0.5726034641265869,
            "Y": 0.5549154281616211
          },
          {
            "X": 0.549086332321167,
            "Y": 0.5549290776252747
          }
        ]
      },
      "Id": "27d53777-1161-4d01-a79b-7c233c6162f0",
      "Page": 1
    },
    {
      "BlockType": "WORD",
      "Confidence": 96.60021209716797,
      "Text": "30.6",
      "TextType": "PRINTED",
      "Geometry": {
        "BoundingBox": {
          "Width": 0.02698167786002159,
          "Height": 0.020068196579813957,
          "Left": 0.678770899772644,
          "Top": 0.5352991223335266
        },
        "Polygon": [
          {
            "X": 0.678770899772644,
            "Y": 0.535318911075592
          },
          {
            "X": 0.7054376602172852,
            "Y": 0.5352991223335266
          },
          {
            "X": 0.7057525515556335,
            "Y": 0.5553519129753113
          },
          {
            "X": 0.6790811419487,
            "Y": 0.5553672909736633
          }
        ]
      },
      "Id": "75473ac8-da7c-4a6e-a5b8-c98b1afd034b",
      "Page": 1
    },
    {
      "BlockType": "WORD",
      "Confidence": 98.69062805175781,
      "Text": "EP/OPS/DOPO",
      "TextType": "PRINTED",
      "Geometry": {
        "BoundingBox": {
          "Width": 0.08700978755950928,
          "Height": 0.024132806807756424,
          "Left": 0.25113770365715027,
          "Top": 0.5658861994743347
        },
        "Polygon": [
          {
            "X": 0.25113770365715027,
            "Y": 0.5659286975860596
          },
          {
            "X": 0.33784449100494385,
            "Y": 0.5658861994743347
          },
          {
            "X": 0.33814749121665955,
            "Y": 0.5899940133094788
          },
          {
            "X": 0.2514227032661438,
            "Y": 0.5900190472602844
          }
        ]
      },
      "Id": "fe505ff6-c24f-46ad-a2d1-409dcaf81bcc",
      "Page": 1
    },
    {
      "BlockType": "WORD",
      "Confidence": 99.98041534423828,
      "Text": "380",
      "TextType": "PRINTED",
      "Geometry": {
        "BoundingBox": {
          "Width": 0.02357000857591629,
          "Height": 0.01964648999273777,
          "Left": 0.4136975407600403,
          "Top": 0.566450834274292
        },
        "Polygon": [
          {
            "X": 0.4136975407600403,
            "Y": 0.5664621591567993
          },
          {
            "X": 0.43700411915779114,
            "Y": 0.566450834274292
          },
          {
            "X": 0.437267541885376,
            "Y": 0.5860898494720459
          },
          {
            "X": 0.41395699977874756,
            "Y": 0.5860973000526428
          }
        ]
      },
      "Id": "6f7b742e-85e8-4d5c-a31b-03d1df56a987",
      "Page": 1
    },
    {
      "BlockType": "WORD",
      "Confidence": 99.98452758789062,
      "Text": "414",
      "TextType": "PRINTED",
      "Geometry": {
        "BoundingBox": {
          "Width": 0.024455662816762924,
          "Height": 0.01957755535840988,
          "Left": 0.548588216304779,
          "Top": 0.5665072202682495
        },
        "Polygon": [
          {
            "X": 0.548588216304779,
            "Y": 0.5665189623832703
          },
          {
            "X": 0.5727587342262268,
            "Y": 0.5665072202682495
          },
          {
            "X": 0.5730438828468323,
            "Y": 0.5860770344734192
          },
          {
            "X": 0.548869252204895,
            "Y": 0.58608478307724
          }
        ]
      },
      "Id": "8c1b74e7-67d5-4b1f-af65-8e466a31d4a7",
      "Page": 1
    },
    {
      "BlockType": "WORD",
      "Confidence": 99.46161651611328,
      "Text": "20.8",
      "TextType": "PRINTED",
      "Geometry": {
        "BoundingBox": {
          "Width": 0.026617970317602158,
          "Height": 0.019767718389630318,
          "Left": 0.6787889003753662,
          "Top": 0.5663192272186279
        },
        "Polygon": [
          {
            "X": 0.6787889003753662,
            "Y": 0.5663319826126099
          },
          {
            "X": 0.7050967216491699,
            "Y": 0.5663192272186279
          },
          {
            "X": 0.7054068446159363,
            "Y": 0.5860785245895386
          },
          {
            "X": 0.6790945529937744,
            "Y": 0.5860869288444519
          }
        ]
      },
      "Id": "22e2a887-abed-413b-a15d-127f7ad5e5fd",
      "Page": 1
    },
    {
      "BlockType": "TABLE",
      "Confidence": 99.951171875,
      "Geometry": {
        "BoundingBox": {
          "Width": 0.549628496170044,
          "Height": 0.19393955171108246,
          "Left": 0.2251090705394745,
          "Top": 0.40397074818611145
        },
        "Polygon": [
          {
            "X": 0.2251090705394745,
            "Y": 0.4049747586250305
          },
          {
            "X": 0.7715811729431152,
            "Y": 0.40397074818611145
          },
          {
            "X": 0.774737536907196,
            "Y": 0.5977885723114014
          },
          {
            "X": 0.2273518443107605,
            "Y": 0.5979102849960327
          }
        ]
      },
      "Id": "0d7411de-12dd-496c-923f-9192ba2ea283",
      "Relationships": [
        {
          "Type": "CHILD",
          "Ids": [
            "80cbb4f1-1aef-4dab-acb0-59dbf2b637e8",
            "6ff1f32d-8080-4c0d-9570-3905d568a338",
            "6be2a154-2ab1-4332-afec-926c9c9c6e76",
            "aa4708ab-420c-4cb3-8751-2af259ab730d",
            "59115672-ce26-4747-ab83-4fa6ed2fdb2d",
            "e188af0f-e68f-4934-98ac-7a4f7db0c908",
            "eb2aaec1-23ce-475a-854c-bab00792b99d",
            "dc8fad27-6f96-4bbe-ac9e-3ed85cff3873",
            "f4a29864-2d31-41f4-8634-5cc29c65201f",
            "10c74fc9-8744-4951-8cb3-873d1f470a1f",
            "0cf4c621-777c-4d67-9994-7204d4060d27",
            "5d8f2976-b820-4601-96ba-46484081d688",
            "a9a9fba3-edfc-4a87-9fb1-19c9ff4baec5",
            "d7a9c389-3a03-42a6-bd00-3aa59c390138",
            "f9340511-2783-4284-899a-00e40e6f3b6d",
            "8a4febae-cb1a-4503-8680-33b68447dcff"
          ]
        }
      ],
      "EntityTypes": [
        "STRUCTURED_TABLE"
      ],
      "Page": 1
    },
    {
      "BlockType": "CELL",
      "Confidence": 91.11328125,
      "RowIndex": 1,
      "ColumnIndex": 1,
      "RowSpan": 1,
      "ColumnSpan": 1,
      "Geometry": {
        "BoundingBox": {
          "Width": 0.15040980279445648,
          "Height": 0.0856127142906189,
          "Left": 0.2251090705394745,
          "Top": 0.4047004282474518
        },
        "Polygon": [
          {
            "X": 0.2251090705394745,
            "Y": 0.4049747586250305
          },
          {
            "X": 0.3744167983531952,
            "Y": 0.4047004282474518
          },
          {
            "X": 0.3755188584327698,
            "Y": 0.49014535546302795
          },
          {
            "X": 0.2261010855436325,
            "Y": 0.4903131425380707
          }
        ]
      },
      "Id": "80cbb4f1-1aef-4dab-acb0-59dbf2b637e8",
      "Relationships": [
        {
          "Type": "CHILD",
          "Ids": [
            "45004806-ed32-4de3-905b-026796533ce0"
          ]
        }
      ],
      "EntityTypes": [
        "COLUMN_HEADER"
      ],
      "Page": 1
    },
    {
      "BlockType": "CELL",
      "Confidence": 89.404296875,
      "RowIndex": 1,
      "ColumnIndex": 2,
      "RowSpan": 1,
      "ColumnSpan": 1,
      "Geometry": {
        "BoundingBox": {
          "Width": 0.13745449483394623,
          "Height": 0.08569525927305222,
          "Left": 0.3744167983531952,
          "Top": 0.40445011854171753
        },
        "Polygon": [
          {
            "X": 0.3744167983531952,
            "Y": 0.4047004282474518
          },
          {
            "X": 0.5106685757637024,
            "Y": 0.40445011854171753
          },
          {
            "X": 0.511871337890625,
            "Y": 0.4899922311306
          },
          {
            "X": 0.3755188584327698,
            "Y": 0.49014535546302795
          }
        ]
      },
      "Id": "6ff1f32d-8080-4c0d-9570-3905d568a338",
      "Relationships": [
        {
          "Type": "CHILD",
          "Ids": [
            "5285eb84-cfe6-416a-9031-4a4002850508",
            "10aafa16-e4b6-45be-8e1b-1f6619bb52f8"
          ]
        }
      ],
      "EntityTypes": [
        "COLUMN_HEADER"
      ],
      "Page": 1
    },
    {
      "BlockType": "CELL",
      "Confidence": 90.380859375,
      "RowIndex": 1,
      "ColumnIndex": 3,
      "RowSpan": 1,
      "ColumnSpan": 1,
      "Geometry": {
        "BoundingBox": {
          "Width": 0.13410769402980804,
          "Height": 0.08578614145517349,
          "Left": 0.5106685757637024,
          "Top": 0.4042060971260071
        },
        "Polygon": [
          {
            "X": 0.5106685757637024,
            "Y": 0.40445011854171753
          },
          {
            "X": 0.6434752345085144,
            "Y": 0.4042060971260071
          },
          {
            "X": 0.6447762846946716,
            "Y": 0.4898430109024048
          },
          {
            "X": 0.511871337890625,
            "Y": 0.4899922311306
          }
        ]
      },
      "Id": "6be2a154-2ab1-4332-afec-926c9c9c6e76",
      "Relationships": [
        {
          "Type": "CHILD",
          "Ids": [
            "48e8b1c0-0af6-4e9a-85ea-f25c05cacb27",
            "d1708913-82fd-4f19-a1c4-dae935dab978"
          ]
        }
      ],
      "EntityTypes": [
        "COLUMN_HEADER"
      ],
      "Page": 1
    },
    {
      "BlockType": "CELL",
      "Confidence": 90.966796875,
      "RowIndex": 1,
      "ColumnIndex": 4,
      "RowSpan": 1,
      "ColumnSpan": 1,
      "Geometry": {
        "BoundingBox": {
          "Width": 0.12950202822685242,
          "Height": 0.08587225526571274,
          "Left": 0.6434752345085144,
          "Top": 0.40397074818611145
        },
        "Polygon": [
          {
            "X": 0.6434752345085144,
            "Y": 0.4042060971260071
          },
          {
            "X": 0.7715811729431152,
            "Y": 0.40397074818611145
          },
          {
            "X": 0.7729772925376892,
            "Y": 0.48969903588294983
          },
          {
            "X": 0.6447762846946716,
            "Y": 0.4898430109024048
          }
        ]
      },
      "Id": "aa4708ab-420c-4cb3-8751-2af259ab730d",
      "Relationships": [
        {
          "Type": "CHILD",
          "Ids": [
            "84f5c324-ced6-4710-825e-e1b578c1592a",
            "42e97f0c-88ca-4dd8-86f9-1448dc541eb6",
            "0be80055-532c-48c8-834c-24b462d27a4a",
            "434ba5f5-80db-4885-a562-5eba61545fb8",
            "3c6d228d-7dba-4372-b609-a2eb07e72faa"
          ]
        }
      ],
      "EntityTypes": [
        "COLUMN_HEADER"
      ],
      "Page": 1
    },
    {
      "BlockType": "CELL",
      "Confidence": 86.962890625,
      "RowIndex": 2,
      "ColumnIndex": 1,
      "RowSpan": 1,
      "ColumnSpan": 1,
      "Geometry": {
        "BoundingBox": {
          "Width": 0.14991749823093414,
          "Height": 0.03886296600103378,
          "Left": 0.2261010855436325,
          "Top": 0.49014535546302795
        },
        "Polygon": [
          {
            "X": 0.2261010855436325,
            "Y": 0.4903131425380707
          },
          {
            "X": 0.3755188584327698,
            "Y": 0.49014535546302795
          },
          {
            "X": 0.37601858377456665,
            "Y": 0.5288888812065125
          },
          {
            "X": 0.22655089199543,
            "Y": 0.5290083289146423
          }
        ]
      },
      "Id": "59115672-ce26-4747-ab83-4fa6ed2fdb2d",
      "Relationships": [
        {
          "Type": "CHILD",
          "Ids": [
            "7dcc85e8-9310-4515-bb90-8df1292d7242",
            "08c7bf72-13a0-474d-91d5-a582c7025aad"
          ]
        }
      ],
      "Page": 1
    },
    {
      "BlockType": "CELL",
      "Confidence": 85.302734375,
      "RowIndex": 2,
      "ColumnIndex": 2,
      "RowSpan": 1,
      "ColumnSpan": 1,
      "Geometry": {
        "BoundingBox": {
          "Width": 0.13689778745174408,
          "Height": 0.038896650075912476,
          "Left": 0.3755188584327698,
          "Top": 0.4899922311306
        },
        "Polygon": [
          {
            "X": 0.3755188584327698,
            "Y": 0.49014535546302795
          },
          {
            "X": 0.511871337890625,
            "Y": 0.4899922311306
          },
          {
            "X": 0.512416660785675,
            "Y": 0.528779923915863
          },
          {
            "X": 0.37601858377456665,
            "Y": 0.5288888812065125
          }
        ]
      },
      "Id": "e188af0f-e68f-4934-98ac-7a4f7db0c908",
      "Relationships": [
        {
          "Type": "CHILD",
          "Ids": [
            "b96a9592-bc1b-4567-b0be-ba62bd8598c1"
          ]
        }
      ],
      "Page": 1
    },
    {
      "BlockType": "CELL",
      "Confidence": 86.23046875,
      "RowIndex": 2,
      "ColumnIndex": 3,
      "RowSpan": 1,
      "ColumnSpan": 1,
      "Geometry": {
        "BoundingBox": {
          "Width": 0.13349491357803345,
          "Height": 0.038936905562877655,
          "Left": 0.511871337890625,
          "Top": 0.4898430109024048
        },
        "Polygon": [
          {
            "X": 0.511871337890625,
            "Y": 0.4899922311306
          },
          {
            "X": 0.6447762846946716,
            "Y": 0.4898430109024048
          },
          {
            "X": 0.6453662514686584,
            "Y": 0.5286736488342285
          },
          {
            "X": 0.512416660785675,
            "Y": 0.528779923915863
          }
        ]
      },
      "Id": "eb2aaec1-23ce-475a-854c-bab00792b99d",
      "Relationships": [
        {
          "Type": "CHILD",
          "Ids": [
            "61f33b72-564c-4ad2-ac09-cfa0688fb7d1"
          ]
        }
      ],
      "Page": 1
    },
    {
      "BlockType": "CELL",
      "Confidence": 86.81640625,
      "RowIndex": 2,
      "ColumnIndex": 4,
      "RowSpan": 1,
      "ColumnSpan": 1,
      "Geometry": {
        "BoundingBox": {
          "Width": 0.12883402407169342,
          "Height": 0.03897463157773018,
          "Left": 0.6447762846946716,
          "Top": 0.48969903588294983
        },
        "Polygon": [
          {
            "X": 0.6447762846946716,
            "Y": 0.4898430109024048
          },
          {
            "X": 0.7729772925376892,
            "Y": 0.48969903588294983
          },
          {
            "X": 0.7736103534698486,
            "Y": 0.5285711884498596
          },
          {
            "X": 0.6453662514686584,
            "Y": 0.5286736488342285
          }
        ]
      },
      "Id": "dc8fad27-6f96-4bbe-ac9e-3ed85cff3873",
      "Relationships": [
        {
          "Type": "CHILD",
          "Ids": [
            "4caed2d9-a2d1-45d8-8833-f7fd003539c4"
          ]
        }
      ],
      "Page": 1
    },
    {
      "BlockType": "CELL",
      "Confidence": 79.19921875,
      "RowIndex": 3,
      "ColumnIndex": 1,
      "RowSpan": 1,
      "ColumnSpan": 1,
      "Geometry": {
        "BoundingBox": {
          "Width": 0.1498814821243286,
          "Height": 0.03216233476996422,
          "Left": 0.22655089199543,
          "Top": 0.5288888812065125
        },
        "Polygon": [
          {
            "X": 0.22655089199543,
            "Y": 0.5290083289146423
          },
          {
            "X": 0.37601858377456665,
            "Y": 0.5288888812065125
          },
          {
            "X": 0.3764323890209198,
            "Y": 0.5609718561172485
          },
          {
            "X": 0.2269233763217926,
            "Y": 0.5610512495040894
          }
        ]
      },
      "Id": "f4a29864-2d31-41f4-8634-5cc29c65201f",
      "Relationships": [
        {
          "Type": "CHILD",
          "Ids": [
            "7418ecb4-bec2-45a2-803f-93f81613e882"
          ]
        }
      ],
      "Page": 1
    },
    {
      "BlockType": "CELL",
      "Confidence": 77.734375,
      "RowIndex": 3,
      "ColumnIndex": 2,
      "RowSpan": 1,
      "ColumnSpan": 1,
      "Geometry": {
        "BoundingBox": {
          "Width": 0.13684968650341034,
          "Height": 0.03219195827841759,
          "Left": 0.37601858377456665,
          "Top": 0.528779923915863
        },
        "Polygon": [
          {
            "X": 0.37601858377456665,
            "Y": 0.5288888812065125
          },
          {
            "X": 0.512416660785675,
            "Y": 0.528779923915863
          },
          {
            "X": 0.5128682851791382,
            "Y": 0.5608994364738464
          },
          {
            "X": 0.3764323890209198,
            "Y": 0.5609718561172485
          }
        ]
      },
      "Id": "10c74fc9-8744-4951-8cb3-873d1f470a1f",
      "Relationships": [
        {
          "Type": "CHILD",
          "Ids": [
            "94975841-f0e8-4a9a-98c3-4f996c109b2b"
          ]
        }
      ],
      "Page": 1
    },
    {
      "BlockType": "CELL",
      "Confidence": 78.564453125,
      "RowIndex": 3,
      "ColumnIndex": 3,
      "RowSpan": 1,
      "ColumnSpan": 1,
      "Geometry": {
        "BoundingBox": {
          "Width": 0.1334380805492401,
          "Height": 0.03222576528787613,
          "Left": 0.512416660785675,
          "Top": 0.5286736488342285
        },
        "Polygon": [
          {
            "X": 0.512416660785675,
            "Y": 0.528779923915863
          },
          {
            "X": 0.6453662514686584,
            "Y": 0.5286736488342285
          },
          {
            "X": 0.6458547711372375,
            "Y": 0.5608288049697876
          },
          {
            "X": 0.5128682851791382,
            "Y": 0.5608994364738464
          }
        ]
      },
      "Id": "0cf4c621-777c-4d67-9994-7204d4060d27",
      "Relationships": [
        {
          "Type": "CHILD",
          "Ids": [
            "27d53777-1161-4d01-a79b-7c233c6162f0"
          ]
        }
      ],
      "Page": 1
    },
    {
      "BlockType": "CELL",
      "Confidence": 79.1015625,
      "RowIndex": 3,
      "ColumnIndex": 4,
      "RowSpan": 1,
      "ColumnSpan": 1,
      "Geometry": {
        "BoundingBox": {
          "Width": 0.12876830995082855,
          "Height": 0.03225764259696007,
          "Left": 0.6453662514686584,
          "Top": 0.5285711884498596
        },
        "Polygon": [
          {
            "X": 0.6453662514686584,
            "Y": 0.5286736488342285
          },
          {
            "X": 0.7736103534698486,
            "Y": 0.5285711884498596
          },
          {
            "X": 0.7741345167160034,
            "Y": 0.5607607364654541
          },
          {
            "X": 0.6458547711372375,
            "Y": 0.5608288049697876
          }
        ]
      },
      "Id": "5d8f2976-b820-4601-96ba-46484081d688",
      "Relationships": [
        {
          "Type": "CHILD",
          "Ids": [
            "75473ac8-da7c-4a6e-a5b8-c98b1afd034b"
          ]
        }
      ],
      "Page": 1
    },
    {
      "BlockType": "CELL",
      "Confidence": 90.234375,
      "RowIndex": 4,
      "ColumnIndex": 1,
      "RowSpan": 1,
      "ColumnSpan": 1,
      "Geometry": {
        "BoundingBox": {
          "Width": 0.14998500049114227,
          "Height": 0.03693843632936478,
          "Left": 0.2269233763217926,
          "Top": 0.5609718561172485
        },
        "Polygon": [
          {
            "X": 0.2269233763217926,
            "Y": 0.5610512495040894
          },
          {
            "X": 0.3764323890209198,
            "Y": 0.5609718561172485
          },
          {
            "X": 0.37690839171409607,
            "Y": 0.597877025604248
          },
          {
            "X": 0.2273518443107605,
            "Y": 0.5979102849960327
          }
        ]
      },
      "Id": "a9a9fba3-edfc-4a87-9fb1-19c9ff4baec5",
      "Relationships": [
        {
          "Type": "CHILD",
          "Ids": [
            "fe505ff6-c24f-46ad-a2d1-409dcaf81bcc"
          ]
        }
      ],
      "Page": 1
    },
    {
      "BlockType": "CELL",
      "Confidence": 88.525390625,
      "RowIndex": 4,
      "ColumnIndex": 2,
      "RowSpan": 1,
      "ColumnSpan": 1,
      "Geometry": {
        "BoundingBox": {
          "Width": 0.1369553506374359,
          "Height": 0.0369776114821434,
          "Left": 0.3764323890209198,
          "Top": 0.5608994364738464
        },
        "Polygon": [
          {
            "X": 0.3764323890209198,
            "Y": 0.5609718561172485
          },
          {
            "X": 0.5128682851791382,
            "Y": 0.5608994364738464
          },
          {
            "X": 0.5133877396583557,
            "Y": 0.5978466868400574
          },
          {
            "X": 0.37690839171409607,
            "Y": 0.597877025604248
          }
        ]
      },
      "Id": "d7a9c389-3a03-42a6-bd00-3aa59c390138",
      "Relationships": [
        {
          "Type": "CHILD",
          "Ids": [
            "6f7b742e-85e8-4d5c-a31b-03d1df56a987"
          ]
        }
      ],
      "Page": 1
    },
    {
      "BlockType": "CELL",
      "Confidence": 89.501953125,
      "RowIndex": 4,
      "ColumnIndex": 3,
      "RowSpan": 1,
      "ColumnSpan": 1,
      "Geometry": {
        "BoundingBox": {
          "Width": 0.13354843854904175,
          "Height": 0.03701786324381828,
          "Left": 0.5128682851791382,
          "Top": 0.5608288049697876
        },
        "Polygon": [
          {
            "X": 0.5128682851791382,
            "Y": 0.5608994364738464
          },
          {
            "X": 0.6458547711372375,
            "Y": 0.5608288049697876
          },
          {
            "X": 0.6464166641235352,
            "Y": 0.5978171229362488
          },
          {
            "X": 0.5133877396583557,
            "Y": 0.5978466868400574
          }
        ]
      },
      "Id": "f9340511-2783-4284-899a-00e40e6f3b6d",
      "Relationships": [
        {
          "Type": "CHILD",
          "Ids": [
            "8c1b74e7-67d5-4b1f-af65-8e466a31d4a7"
          ]
        }
      ],
      "Page": 1
    },
    {
      "BlockType": "CELL",
      "Confidence": 90.087890625,
      "RowIndex": 4,
      "ColumnIndex": 4,
      "RowSpan": 1,
      "ColumnSpan": 1,
      "Geometry": {
        "BoundingBox": {
          "Width": 0.1288827806711197,
          "Height": 0.03705638274550438,
          "Left": 0.6458547711372375,
          "Top": 0.5607607364654541
        },
        "Polygon": [
          {
            "X": 0.6458547711372375,
            "Y": 0.5608288049697876
          },
          {
            "X": 0.7741345167160034,
            "Y": 0.5607607364654541
          },
          {
            "X": 0.774737536907196,
            "Y": 0.5977885723114014
          },
          {
            "X": 0.6464166641235352,
            "Y": 0.5978171229362488
          }
        ]
      },
      "Id": "8a4febae-cb1a-4503-8680-33b68447dcff",
      "Relationships": [
        {
          "Type": "CHILD",
          "Ids": [
            "22e2a887-abed-413b-a15d-127f7ad5e5fd"
          ]
        }
      ],
      "Page": 1
    }
  ],
  "AnalyzeDocumentModelVersion": "1.0"
}