{
  "DocumentMetadata": {
    "Pages": 1
  },
  "JobStatus": "SUCCEEDED",
  "Blocks": [
    {
      "BlockType": "PAGE",
      "Geometry": {
        "BoundingBox": {
          "Width": 0.5445429682731628,
          "Height": 0.3536846339702606,
          "Left": 0.22964540123939514,
          "Top": 0.3135685622692108
        },
        "Polygon": [
          {
            "X": 0.22964540123939514,
            "Y": 0.313757061958313
          },
          {
            "X": 0.7728961110115051,
            "Y": 0.3135685622692108
          },
          {
            "X": 0.7741883993148804,
            "Y": 0.6669965386390686
          },
          {
            "X": 0.23035775125026703,
            "Y": 0.6672531962394714
          }
        ]
      },
      "Id": "92f051c7-d4ba-4cc0-b77c-f23876a253cc",
      "Relationships": [
        {
          "Type": "CHILD",
          "Ids": [
            "264315ac-1a87-4927-a5f9-966464870d17",
            "04679453-6dfe-4d40-a5a4-1e9277ba6d9b",
            "64085718-1998-4e29-9a39-09eb33638852",
            "91d751bb-09db-4f22-9974-647839763c76",
            "9ec534e4-0b34-4018-9314-17c6ac8ba219",
            "033e0cd0-e0e1-47c4-bfba-77e5426ba615",
            "d7af11bb-d2b9-4e0b-8245-6866b3930acf",
            "35b13d18-ee71-4fef-85e1-586f46f77db8",
            "f8164b81-9107-44e2-a966-0110483d4b9d",
            "83d7d852-78d3-4f51-b269-f3201aad08e8",
            "7b840e33-a1d1-48b2-8bf5-9796ac2f0e4e",
            "88569efa-e436-4202-b063-57720cf34b18",
            "921ccd42-13e8-4750-8ace-0261acf6734c",
            "3f009e6a-d0a2-4469-87f1-326193c36a8b",
            "ad90112b-3875-4d9e-bca8-13abedb07ec0",
            "b857a1bd-33c0-4af4-91d6-492cb6f907fb",
            "0c67a2ef-a684-4d3d-8be0-8ed5a57ba135",
            "5e1879e5-ef25-4fb9-bde1-7fa31d69d3ee",
            "f923f4a5-9b33-4935-950a-1a619255e2d8",
            "60d862d0-4677-4a44-b542-59711daef99c",
            "4541749c-0819-4669-9053-fd1163845ec5",
            "79e6ba7d-ebe0-4587-a74e-efb1f6a9e636",
            "7e24f9ca-c5a5-4d19-a4c5-79afe2bb6c58",
            "9e3de2db-2624-433b-8392-9c293e3095de",
            "2d313da6-cf9d-4348-80dc-e2d05d43da26",
            "05599ab8-982f-49f7-8fec-3c3373093596",
            "c722f04e-14c4-44e7-9fde-1a6a971d1b43"
          ]
        }
      ],
      "Page": 1
    },
    {
      "BlockType": "LINE",
      "Confidence": 99.96868896484375,
      "Text": "Sample name",
      "Geometry": {
        "BoundingBox": {
          "Width": 0.08133812993764877,
          "Height": 0.019574064761400223,
          "Left": 0.2437683790922165,
          "Top": 0.35056865215301514
        },
        "Polygon": [
          {
            "X": 0.2437683790922165,
            "Y": 0.35059791803359985
          },
          {
            "X": 0.32506150007247925,
            "Y": 0.35056865215301514
          },
          {
            "X": 0.32510650157928467,
            "Y": 0.37011289596557617
          },
          {
            "X": 0.2438085973262787,
            "Y": 0.37014272809028625
          }
        ]
      },
      "Id": "264315ac-1a87-4927-a5f9-966464870d17",
      "Relationships": [
        {
          "Type": "CHILD",
          "Ids": [
            "0f046766-78b1-45e4-a85b-68154d335ff6",
            "279a1d69-de2e-4309-b462-b9ea63b43a50"
          ]
        }
      ],
      "Page": 1
    },
    {
      "BlockType": "LINE",
      "Confidence": 99.90655517578125,
      "Text": "Glass transition",
      "Geometry": {
        "BoundingBox": {
          "Width": 0.09328323602676392,
          "Height": 0.016139376908540726,
          "Left": 0.3932751715183258,
          "Top": 0.35014837980270386
        },
        "Polygon": [
          {
            "X": 0.3932751715183258,
            "Y": 0.3501819372177124
          },
          {
            "X": 0.4865134656429291,
            "Y": 0.35014837980270386
          },
          {
            "X": 0.4865584075450897,
            "Y": 0.36625367403030396
          },
          {
            "X": 0.3933155834674835,
            "Y": 0.3662877380847931
          }
        ]
      },
      "Id": "04679453-6dfe-4d40-a5a4-1e9277ba6d9b",
      "Relationships": [
        {
          "Type": "CHILD",
          "Ids": [
            "2aef3741-3042-4b9d-8e4c-b8cda724f0d7",
            "4c66e150-de68-4293-bd54-f8d8c2523de8"
          ]
        }
      ],
      "Page": 1
    },
    {
      "BlockType": "LINE",
      "Confidence": 99.79666137695312,
      "Text": "Onset degradation temperature",
      "Geometry": {
        "BoundingBox": {
          "Width": 0.1876065731048584,
          "Height": 0.020316097885370255,
          "Left": 0.5682432055473328,
          "Top": 0.3500864803791046
        },
        "Polygon": [
          {
            "X": 0.5682432055473328,
            "Y": 0.35015395283699036
          },
          {
            "X": 0.7557768225669861,
            "Y": 0.3500864803791046
          },
          {
            "X": 0.7558497786521912,
            "Y": 0.370333731174469
          },
          {
            "X": 0.568304717540741,
            "Y": 0.37040257453918457
          }
        ]
      },
      "Id": "64085718-1998-4e29-9a39-09eb33638852",
      "Relationships": [
        {
          "Type": "CHILD",
          "Ids": [
            "0c3dca85-79e1-4166-9b94-3a17e1955235",
            "b3fe8675-a7d3-4bb0-8664-5c61dc60dea0",
            "8b7b7639-4478-4ed1-8f6c-3793e7e4f033"
          ]
        }
      ],
      "Page": 1
    },
    {
      "BlockType": "LINE",
      "Confidence": 99.79838562011719,
      "Text": "temperature",
      "Geometry": {
        "BoundingBox": {
          "Width": 0.07428675889968872,
          "Height": 0.018132224678993225,
          "Left": 0.39311787486076355,
          "Top": 0.3794211447238922
        },
        "Polygon": [
          {
            "X": 0.39311787486076355,
            "Y": 0.37944862246513367
          },
          {
            "X": 0.4673551619052887,
            "Y": 0.3794211447238922
          },
          {
            "X": 0.46740463376045227,
            "Y": 0.3975253999233246
          },
          {
            "X": 0.3931632936000824,
            "Y": 0.39755335450172424
          }
        ]
      },
      "Id": "91d751bb-09db-4f22-9974-647839763c76",
      "Relationships": [
        {
          "Type": "CHILD",
          "Ids": [
            "23442379-f0c5-4cd3-9c59-6883b207c692"
          ]
        }
      ],
      "Page": 1
    },
    {
      "BlockType": "LINE",
      "Confidence": 65.22994995117188,
      "Text": "(C)",
      "Geometry": {
        "BoundingBox": {
          "Width": 0.02425903081893921,
          "Height": 0.018889937549829483,
          "Left": 0.5684568881988525,
          "Top": 0.37702426314353943
        },
        "Polygon": [
          {
            "X": 0.5684568881988525,
            "Y": 0.37703320384025574
          },
          {
            "X": 0.592657208442688,
            "Y": 0.37702426314353943
          },
          {
            "X": 0.5927159190177917,
            "Y": 0.39590510725975037
          },
          {
            "X": 0.5685142874717712,
            "Y": 0.3959141969680786
          }
        ]
      },
      "Id": "9ec534e4-0b34-4018-9314-17c6ac8ba219",
      "Relationships": [
        {
          "Type": "CHILD",
          "Ids": [
            "b19b9d2e-bac1-4328-a7ec-d8f6f0208fb1"
          ]
        }
      ],
      "Page": 1
    },
    {
      "BlockType": "LINE",
      "Confidence": 79.15110778808594,
      "Text": "Tg (C)",
      "Geometry": {
        "BoundingBox": {
          "Width": 0.04222191497683525,
          "Height": 0.022849375382065773,
          "Left": 0.3930865228176117,
          "Top": 0.4041774868965149
        },
        "Polygon": [
          {
            "X": 0.3930865228176117,
            "Y": 0.4041934609413147
          },
          {
            "X": 0.4352482557296753,
            "Y": 0.4041774868965149
          },
          {
            "X": 0.43530842661857605,
            "Y": 0.42701053619384766
          },
          {
            "X": 0.39314377307891846,
            "Y": 0.4270268678665161
          }
        ]
      },
      "Id": "033e0cd0-e0e1-47c4-bfba-77e5426ba615",
      "Relationships": [
        {
          "Type": "CHILD",
          "Ids": [
            "630e8bda-013e-46a6-869e-9b603cd6901f",
            "2acb017a-5cc5-4037-b770-4f987a6a9c18"
          ]
        }
      ],
      "Page": 1
    },
    {
      "BlockType": "LINE",
      "Confidence": 99.90560150146484,
      "Text": "Pure EP",
      "Geometry": {
        "BoundingBox": {
          "Width": 0.047638434916734695,
          "Height": 0.015165363438427448,
          "Left": 0.2437984198331833,
          "Top": 0.4457375705242157
        },
        "Polygon": [
          {
            "X": 0.2437984198331833,
            "Y": 0.44575631618499756
          },
          {
            "X": 0.29140353202819824,
            "Y": 0.4457375705242157
          },
          {
            "X": 0.2914368510246277,
            "Y": 0.4608839452266693
          },
          {
            "X": 0.24382957816123962,
            "Y": 0.4609029293060303
          }
        ]
      },
      "Id": "d7af11bb-d2b9-4e0b-8245-6866b3930acf",
      "Relationships": [
        {
          "Type": "CHILD",
          "Ids": [
            "fc64dfce-bce6-45c9-9fd8-9b6d7dfec45e",
            "64899fa9-4ac6-42e8-ad2c-5e155c62632a"
          ]
        }
      ],
      "Page": 1
    },
    {
      "BlockType": "LINE",
      "Confidence": 74.04462432861328,
      "Text": "87.6 + 0.2",
      "Geometry": {
        "BoundingBox": {
          "Width": 0.06712760031223297,
          "Height": 0.01738130860030651,
          "Left": 0.39331480860710144,
          "Top": 0.44378918409347534
        },
        "Polygon": [
          {
            "X": 0.39331480860710144,
            "Y": 0.44381552934646606
          },
          {
            "X": 0.46039536595344543,
            "Y": 0.44378918409347534
          },
          {
            "X": 0.4604424238204956,
            "Y": 0.46114370226860046
          },
          {
            "X": 0.39335834980010986,
            "Y": 0.461170494556427
          }
        ]
      },
      "Id": "35b13d18-ee71-4fef-85e1-586f46f77db8",
      "Relationships": [
        {
          "Type": "CHILD",
          "Ids": [
            "c59a7038-674c-4ddc-aaca-da45581c0e68",
            "b6388c69-e21f-42e5-8d90-84c94d2ae34b",
            "39e9eb50-70b5-4cdb-8a1e-856921d0fffb"
          ]
        }
      ],
      "Page": 1
    },
    {
      "BlockType": "LINE",
      "Confidence": 99.83251190185547,
      "Text": "326.6",
      "Geometry": {
        "BoundingBox": {
          "Width": 0.034063614904880524,
          "Height": 0.015232186764478683,
          "Left": 0.5684107542037964,
          "Top": 0.4457540214061737
        },
        "Polygon": [
          {
            "X": 0.5684107542037964,
            "Y": 0.44576743245124817
          },
          {
            "X": 0.6024265885353088,
            "Y": 0.4457540214061737
          },
          {
            "X": 0.6024743914604187,
            "Y": 0.4609726369380951
          },
          {
            "X": 0.5684569478034973,
            "Y": 0.4609862267971039
          }
        ]
      },
      "Id": "f8164b81-9107-44e2-a966-0110483d4b9d",
      "Relationships": [
        {
          "Type": "CHILD",
          "Ids": [
            "3cd30e01-2a2e-4879-a363-e741d3b5fbc6"
          ]
        }
      ],
      "Page": 1
    },
    {
      "BlockType": "LINE",
      "Confidence": 99.84991455078125,
      "Text": "SBM/EP",
      "Geometry": {
        "BoundingBox": {
          "Width": 0.049890510737895966,
          "Height": 0.01683410257101059,
          "Left": 0.24390214681625366,
          "Top": 0.4726703464984894
        },
        "Polygon": [
          {
            "X": 0.24390214681625366,
            "Y": 0.4726904630661011
          },
          {
            "X": 0.29375553131103516,
            "Y": 0.4726703464984894
          },
          {
            "X": 0.2937926650047302,
            "Y": 0.489484041929245
          },
          {
            "X": 0.24393674731254578,
            "Y": 0.48950445652008057
          }
        ]
      },
      "Id": "83d7d852-78d3-4f51-b269-f3201aad08e8",
      "Relationships": [
        {
          "Type": "CHILD",
          "Ids": [
            "8e9bc6c0-f494-466b-82ea-320328c9cfe1"
          ]
        }
      ],
      "Page": 1
    },
    {
      "BlockType": "LINE",
      "Confidence": 81.41000366210938,
      "Text": "88.2 + 0.5",
      "Geometry": {
        "BoundingBox": {
          "Width": 0.06671615689992905,
          "Height": 0.01709168776869774,
          "Left": 0.39339008927345276,
          "Top": 0.4712063670158386
        },
        "Polygon": [
          {
            "X": 0.39339008927345276,
            "Y": 0.47123321890830994
          },
          {
            "X": 0.4600600302219391,
            "Y": 0.4712063670158386
          },
          {
            "X": 0.4601062536239624,
            "Y": 0.4882707893848419
          },
          {
            "X": 0.3934329152107239,
            "Y": 0.48829805850982666
          }
        ]
      },
      "Id": "7b840e33-a1d1-48b2-8bf5-9796ac2f0e4e",
      "Relationships": [
        {
          "Type": "CHILD",
          "Ids": [
            "04cd6e37-5600-40d8-84da-d5c0d34e9446",
            "5fbc9b6d-2484-4fc6-8d2c-9fee6b5e9f4d",
            "f38907ee-8d61-41c9-8ca9-6806dc14bdd1"
          ]
        }
      ],
      "Page": 1
    },
    {
      "BlockType": "LINE",
      "Confidence": 99.8213119506836,
      "Text": "325.9",
      "Geometry": {
        "BoundingBox": {
          "Width": 0.03428102657198906,
          "Height": 0.01524231769144535,
          "Left": 0.5682762861251831,
          "Top": 0.4730132520198822
        },
        "Polygon": [
          {
            "X": 0.5682762861251831,
            "Y": 0.4730270802974701
          },
          {
            "X": 0.6025094389915466,
            "Y": 0.4730132520198822
          },
          {
            "X": 0.6025573015213013,
            "Y": 0.488241583108902
          },
          {
            "X": 0.568322479724884,
            "Y": 0.4882555902004242
          }
        ]
      },
      "Id": "88569efa-e436-4202-b063-57720cf34b18",
      "Relationships": [
        {
          "Type": "CHILD",
          "Ids": [
            "09925e43-719b-4750-9de8-df917f2a9c5e"
          ]
        }
      ],
      "Page": 1
    },
    {
      "BlockType": "LINE",
      "Confidence": 99.92686462402344,
      "Text": "MAM/EP",
      "Geometry": {
        "BoundingBox": {
          "Width": 0.05587155744433403,
          "Height": 0.0173321682959795,
          "Left": 0.24387001991271973,
          "Top": 0.49971088767051697
        },
        "Polygon": [
          {
            "X": 0.24387001991271973,
            "Y": 0.49973392486572266
          },
          {
            "X": 0.29970306158065796,
            "Y": 0.49971088767051697
          },
          {
            "X": 0.29974159598350525,
            "Y": 0.5170196294784546
          },
          {
            "X": 0.24390563368797302,
            "Y": 0.5170430541038513
          }
        ]
      },
      "Id": "921ccd42-13e8-4750-8ace-0261acf6734c",
      "Relationships": [
        {
          "Type": "CHILD",
          "Ids": [
            "d0747589-9264-48b8-bb6f-138ca925d4cd"
          ]
        }
      ],
      "Page": 1
    },
    {
      "BlockType": "LINE",
      "Confidence": 99.86837768554688,
      "Text": "86.9",
      "Geometry": {
        "BoundingBox": {
          "Width": 0.026588069275021553,
          "Height": 0.015837114304304123,
          "Left": 0.393358051776886,
          "Top": 0.49957549571990967
        },
        "Polygon": [
          {
            "X": 0.393358051776886,
            "Y": 0.49958646297454834
          },
          {
            "X": 0.4199051558971405,
            "Y": 0.49957549571990967
          },
          {
            "X": 0.4199461042881012,
            "Y": 0.5154014825820923
          },
          {
            "X": 0.3933977484703064,
            "Y": 0.5154126286506653
          }
        ]
      },
      "Id": "3f009e6a-d0a2-4469-87f1-326193c36a8b",
      "Relationships": [
        {
          "Type": "CHILD",
          "Ids": [
            "93a99549-a174-4f3b-a02d-749433e7679d"
          ]
        }
      ],
      "Page": 1
    },
    {
      "BlockType": "LINE",
      "Confidence": 99.444580078125,
      "Text": "323.5",
      "Geometry": {
        "BoundingBox": {
          "Width": 0.034260667860507965,
          "Height": 0.015408851206302643,
          "Left": 0.5682794451713562,
          "Top": 0.4999198317527771
        },
        "Polygon": [
          {
            "X": 0.5682794451713562,
            "Y": 0.49993395805358887
          },
          {
            "X": 0.6024917960166931,
            "Y": 0.4999198317527771
          },
          {
            "X": 0.602540135383606,
            "Y": 0.5153143405914307
          },
          {
            "X": 0.5683261752128601,
            "Y": 0.5153286457061768
          }
        ]
      },
      "Id": "ad90112b-3875-4d9e-bca8-13abedb07ec0",
      "Relationships": [
        {
          "Type": "CHILD",
          "Ids": [
            "bef1d7ec-3b27-4a80-9f8e-42b3f990df46"
          ]
        }
      ],
      "Page": 1
    },
    {
      "BlockType": "LINE",
      "Confidence": 99.73429107666016,
      "Text": "0.5 OZ-CNT/EP",
      "Geometry": {
        "BoundingBox": {
          "Width": 0.09457505494356155,
          "Height": 0.016852423548698425,
          "Left": 0.24389229714870453,
          "Top": 0.5270657539367676
        },
        "Polygon": [
          {
            "X": 0.24389229714870453,
            "Y": 0.5271056890487671
          },
          {
            "X": 0.33842799067497253,
            "Y": 0.5270657539367676
          },
          {
            "X": 0.3384673595428467,
            "Y": 0.5438776612281799
          },
          {
            "X": 0.24392688274383545,
            "Y": 0.5439181923866272
          }
        ]
      },
      "Id": "b857a1bd-33c0-4af4-91d6-492cb6f907fb",
      "Relationships": [
        {
          "Type": "CHILD",
          "Ids": [
            "00e33d13-89b4-4646-9ac2-35b69467b283",
            "77fa1c68-1600-41c3-9233-e4ab9e7498aa"
          ]
        }
      ],
      "Page": 1
    },
    {
      "BlockType": "LINE",
      "Confidence": 99.958251953125,
      "Text": "90.5",
      "Geometry": {
        "BoundingBox": {
          "Width": 0.026388851925730705,
          "Height": 0.015587053261697292,
          "Left": 0.39352524280548096,
          "Top": 0.5268102288246155
        },
        "Polygon": [
          {
            "X": 0.39352524280548096,
            "Y": 0.5268213152885437
          },
          {
            "X": 0.41987377405166626,
            "Y": 0.5268102288246155
          },
          {
            "X": 0.4199140667915344,
            "Y": 0.542385995388031
          },
          {
            "X": 0.3935643136501312,
            "Y": 0.5423972606658936
          }
        ]
      },
      "Id": "0c67a2ef-a684-4d3d-8be0-8ed5a57ba135",
      "Relationships": [
        {
          "Type": "CHILD",
          "Ids": [
            "eeb5508c-0e51-4319-8dcc-ebeacb1f0d3c"
          ]
        }
      ],
      "Page": 1
    },
    {
      "BlockType": "LINE",
      "Confidence": 99.98089599609375,
      "Text": "328.0",
      "Geometry": {
        "BoundingBox": {
          "Width": 0.034438349306583405,
          "Height": 0.015279335901141167,
          "Left": 0.5682982206344604,
          "Top": 0.5270048379898071
        },
        "Polygon": [
          {
            "X": 0.5682982206344604,
            "Y": 0.5270193815231323
          },
          {
            "X": 0.6026886701583862,
            "Y": 0.5270048379898071
          },
          {
            "X": 0.6027365922927856,
            "Y": 0.5422694683074951
          },
          {
            "X": 0.5683445930480957,
            "Y": 0.5422841906547546
          }
        ]
      },
      "Id": "5e1879e5-ef25-4fb9-bde1-7fa31d69d3ee",
      "Relationships": [
        {
          "Type": "CHILD",
          "Ids": [
            "8b7dfd0f-7df0-4dc6-bbc0-0f90cfd12e8f"
          ]
        }
      ],
      "Page": 1
    },
    {
      "BlockType": "LINE",
      "Confidence": 99.75741577148438,
      "Text": "0.5 OZ-CNT + SBM/",
      "Geometry": {
        "BoundingBox": {
          "Width": 0.12513473629951477,
          "Height": 0.01697959564626217,
          "Left": 0.24387799203395844,
          "Top": 0.5528322458267212
        },
        "Polygon": [
          {
            "X": 0.24387799203395844,
            "Y": 0.5528861880302429
          },
          {
            "X": 0.3689715266227722,
            "Y": 0.5528322458267212
          },
          {
            "X": 0.369012713432312,
            "Y": 0.5697571039199829
          },
          {
            "X": 0.24391280114650726,
            "Y": 0.5698118209838867
          }
        ]
      },
      "Id": "f923f4a5-9b33-4935-950a-1a619255e2d8",
      "Relationships": [
        {
          "Type": "CHILD",
          "Ids": [
            "4d536932-53f1-4305-9747-8fe14ec1b03d",
            "fadaef3f-5ca2-4742-b3ee-dab0cea54f84",
            "23ee88b1-1b21-4fe2-af97-310054684a06",
            "ab74be9c-87ec-45e5-a4a0-fdb65ee6804e"
          ]
        }
      ],
      "Page": 1
    },
    {
      "BlockType": "LINE",
      "Confidence": 99.9521255493164,
      "Text": "89.1",
      "Geometry": {
        "BoundingBox": {
          "Width": 0.02538038231432438,
          "Height": 0.015196572989225388,
          "Left": 0.3934590220451355,
          "Top": 0.553075909614563
        },
        "Polygon": [
          {
            "X": 0.3934590220451355,
            "Y": 0.5530868172645569
          },
          {
            "X": 0.41880014538764954,
            "Y": 0.553075909614563
          },
          {
            "X": 0.41883939504623413,
            "Y": 0.5682613849639893
          },
          {
            "X": 0.393497109413147,
            "Y": 0.5682724714279175
          }
        ]
      },
      "Id": "60d862d0-4677-4a44-b542-59711daef99c",
      "Relationships": [
        {
          "Type": "CHILD",
          "Ids": [
            "2bb7f6f0-b439-4d22-b2ef-c1fd2574ecab"
          ]
        }
      ],
      "Page": 1
    },
    {
      "BlockType": "LINE",
      "Confidence": 99.92520904541016,
      "Text": "328.3",
      "Geometry": {
        "BoundingBox": {
          "Width": 0.03419724479317665,
          "Height": 0.015320219099521637,
          "Left": 0.5682807564735413,
          "Top": 0.5530224442481995
        },
        "Polygon": [
          {
            "X": 0.5682807564735413,
            "Y": 0.553037166595459
          },
          {
            "X": 0.602429986000061,
            "Y": 0.5530224442481995
          },
          {
            "X": 0.60247802734375,
            "Y": 0.5683277249336243
          },
          {
            "X": 0.5683272480964661,
            "Y": 0.5683426260948181
          }
        ]
      },
      "Id": "4541749c-0819-4669-9053-fd1163845ec5",
      "Relationships": [
        {
          "Type": "CHILD",
          "Ids": [
            "548dd25b-b9de-4815-93de-89bd84c464e8"
          ]
        }
      ],
      "Page": 1
    },
    {
      "BlockType": "LINE",
      "Confidence": 99.7218017578125,
      "Text": "EP",
      "Geometry": {
        "BoundingBox": {
          "Width": 0.015531016513705254,
          "Height": 0.014966518618166447,
          "Left": 0.25670498609542847,
          "Top": 0.5800625085830688
        },
        "Polygon": [
          {
            "X": 0.25670498609542847,
            "Y": 0.5800693035125732
          },
          {
            "X": 0.2722039520740509,
            "Y": 0.5800625085830688
          },
          {
            "X": 0.2722359895706177,
            "Y": 0.5950220823287964
          },
          {
            "X": 0.2567363381385803,
            "Y": 0.5950289964675903
          }
        ]
      },
      "Id": "79e6ba7d-ebe0-4587-a74e-efb1f6a9e636",
      "Relationships": [
        {
          "Type": "CHILD",
          "Ids": [
            "5e7760a7-6d8f-4cf9-8c79-b1af2e72cf18"
          ]
        }
      ],
      "Page": 1
    },
    {
      "BlockType": "LINE",
      "Confidence": 96.4411392211914,
      "Text": "1.0 OZ-CNT +",
      "Geometry": {
        "BoundingBox": {
          "Width": 0.08591829985380173,
          "Height": 0.015910034999251366,
          "Left": 0.2443242371082306,
          "Top": 0.6072903871536255
        },
        "Polygon": [
          {
            "X": 0.2443242371082306,
            "Y": 0.6073291301727295
          },
          {
            "X": 0.3302057683467865,
            "Y": 0.6072903871536255
          },
          {
            "X": 0.3302425444126129,
            "Y": 0.623161256313324
          },
          {
            "X": 0.2443569004535675,
            "Y": 0.6232004165649414
          }
        ]
      },
      "Id": "7e24f9ca-c5a5-4d19-a4c5-79afe2bb6c58",
      "Relationships": [
        {
          "Type": "CHILD",
          "Ids": [
            "ab0f6874-cc5a-4e4b-ba63-35f25c0bd438",
            "15a98fb6-260a-4bbd-a2a6-4475b9251504",
            "57fba020-f1f7-47be-a853-4d40b1775d27"
          ]
        }
      ],
      "Page": 1
    },
    {
      "BlockType": "LINE",
      "Confidence": 99.94194793701172,
      "Text": "88.2",
      "Geometry": {
        "BoundingBox": {
          "Width": 0.026757489889860153,
          "Height": 0.015319156460464,
          "Left": 0.3933338224887848,
          "Top": 0.6071113348007202
        },
        "Polygon": [
          {
            "X": 0.3933338224887848,
            "Y": 0.6071233749389648
          },
          {
            "X": 0.4200516939163208,
            "Y": 0.6071113348007202
          },
          {
            "X": 0.42009133100509644,
            "Y": 0.6224182844161987
          },
          {
            "X": 0.39337220788002014,
            "Y": 0.6224305033683777
          }
        ]
      },
      "Id": "9e3de2db-2624-433b-8392-9c293e3095de",
      "Relationships": [
        {
          "Type": "CHILD",
          "Ids": [
            "9d961a35-2172-4c05-804c-21f75a3a6aa0"
          ]
        }
      ],
      "Page": 1
    },
    {
      "BlockType": "LINE",
      "Confidence": 99.93017578125,
      "Text": "325.2",
      "Geometry": {
        "BoundingBox": {
          "Width": 0.03434151038527489,
          "Height": 0.0151962386444211,
          "Left": 0.5683978199958801,
          "Top": 0.6071150302886963
        },
        "Polygon": [
          {
            "X": 0.5683978199958801,
            "Y": 0.6071305274963379
          },
          {
            "X": 0.602691650390625,
            "Y": 0.6071150302886963
          },
          {
            "X": 0.6027392745018005,
            "Y": 0.6222956776618958
          },
          {
            "X": 0.5684438943862915,
            "Y": 0.6223112940788269
          }
        ]
      },
      "Id": "2d313da6-cf9d-4348-80dc-e2d05d43da26",
      "Relationships": [
        {
          "Type": "CHILD",
          "Ids": [
            "361651a2-cbd5-4bf5-8cae-b6883c50bf9e"
          ]
        }
      ],
      "Page": 1
    },
    {
      "BlockType": "LINE",
      "Confidence": 99.88935852050781,
      "Text": "MAM/EP",
      "Geometry": {
        "BoundingBox": {
          "Width": 0.055608972907066345,
          "Height": 0.017001943662762642,
          "Left": 0.25672441720962524,
          "Top": 0.6343058943748474
        },
        "Polygon": [
          {
            "X": 0.25672441720962524,
            "Y": 0.634331464767456
          },
          {
            "X": 0.31229498982429504,
            "Y": 0.6343058943748474
          },
          {
            "X": 0.3123334050178528,
            "Y": 0.6512819528579712
          },
          {
            "X": 0.25676000118255615,
            "Y": 0.6513078212738037
          }
        ]
      },
      "Id": "05599ab8-982f-49f7-8fec-3c3373093596",
      "Relationships": [
        {
          "Type": "CHILD",
          "Ids": [
            "de912696-af9b-477c-bc01-68055b2634c1"
          ]
        }
      ],
      "Page": 1
    },
    {
      "BlockType": "WORD",
      "Confidence": 99.9570083618164,
      "Text": "Sample",
      "TextType": "PRINTED",
      "Geometry": {
        "BoundingBox": {
          "Width": 0.04438120871782303,
          "Height": 0.019560759887099266,
          "Left": 0.2437683790922165,
          "Top": 0.35058197379112244
        },
        "Polygon": [
          {
            "X": 0.2437683790922165,
            "Y": 0.35059791803359985
          },
          {
            "X": 0.2881067395210266,
            "Y": 0.35058197379112244
          },
          {
            "X": 0.2881495952606201,
            "Y": 0.3701264560222626
          },
          {
            "X": 0.2438085973262787,
            "Y": 0.37014272809028625
          }
        ]
      },
      "Id": "0f046766-78b1-45e4-a85b-68154d335ff6",
      "Page": 1
    },
    {
      "BlockType": "WORD",
      "Confidence": 99.9803695678711,
      "Text": "name",
      "TextType": "PRINTED",
      "Geometry": {
        "BoundingBox": {
          "Width": 0.03322833031415939,
          "Height": 0.011486251838505268,
          "Left": 0.2918686270713806,
          "Top": 0.35448795557022095
        },
        "Polygon": [
          {
            "X": 0.2918686270713806,
            "Y": 0.3544999659061432
          },
          {
            "X": 0.3250705301761627,
            "Y": 0.35448795557022095
          },
          {
            "X": 0.3250969648361206,
            "Y": 0.36596208810806274
          },
          {
            "X": 0.2918938994407654,
            "Y": 0.36597421765327454
          }
        ]
      },
      "Id": "279a1d69-de2e-4309-b462-b9ea63b43a50",
      "Page": 1
    },
    {
      "BlockType": "WORD",
      "Confidence": 99.88429260253906,
      "Text": "Glass",
      "TextType": "PRINTED",
      "Geometry": {
        "BoundingBox": {
          "Width": 0.031495414674282074,
          "Height": 0.016117140650749207,
          "Left": 0.3932751715183258,
          "Top": 0.3501706123352051
        },
        "Polygon": [
          {
            "X": 0.3932751715183258,
            "Y": 0.3501819372177124
          },
          {
            "X": 0.424728661775589,
            "Y": 0.3501706123352051
          },
          {
            "X": 0.4247705936431885,
            "Y": 0.36627623438835144
          },
          {
            "X": 0.3933155834674835,
            "Y": 0.3662877380847931
          }
        ]
      },
      "Id": "2aef3741-3042-4b9d-8e4c-b8cda724f0d7",
      "Page": 1
    },
    {
      "BlockType": "WORD",
      "Confidence": 99.92881774902344,
      "Text": "transition",
      "TextType": "PRINTED",
      "Geometry": {
        "BoundingBox": {
          "Width": 0.058196306228637695,
          "Height": 0.01542561687529087,
          "Left": 0.4283614158630371,
          "Top": 0.350597083568573
        },
        "Polygon": [
          {
            "X": 0.4283614158630371,
            "Y": 0.35061800479888916
          },
          {
            "X": 0.48651471734046936,
            "Y": 0.350597083568573
          },
          {
            "X": 0.4865577220916748,
            "Y": 0.3660014271736145
          },
          {
            "X": 0.4284017086029053,
            "Y": 0.36602267622947693
          }
        ]
      },
      "Id": "4c66e150-de68-4293-bd54-f8d8c2523de8",
      "Page": 1
    },
    {
      "BlockType": "WORD",
      "Confidence": 99.90372467041016,
      "Text": "Onset",
      "TextType": "PRINTED",
      "Geometry": {
        "BoundingBox": {
          "Width": 0.03478376939892769,
          "Height": 0.015371141023933887,
          "Left": 0.5682453513145447,
          "Top": 0.35085663199424744
        },
        "Polygon": [
          {
            "X": 0.5682453513145447,
            "Y": 0.3508691191673279
          },
          {
            "X": 0.6029808521270752,
            "Y": 0.35085663199424744
          },
          {
            "X": 0.6030291318893433,
            "Y": 0.3662150502204895
          },
          {
            "X": 0.5682920217514038,
            "Y": 0.36622774600982666
          }
        ]
      },
      "Id": "0c3dca85-79e1-4166-9b94-3a17e1955235",
      "Page": 1
    },
    {
      "BlockType": "WORD",
      "Confidence": 99.71434783935547,
      "Text": "degradation",
      "TextType": "PRINTED",
      "Geometry": {
        "BoundingBox": {
          "Width": 0.07274744659662247,
          "Height": 0.020274490118026733,
          "Left": 0.6057911515235901,
          "Top": 0.35011428594589233
        },
        "Polygon": [
          {
            "X": 0.6057911515235901,
            "Y": 0.35014045238494873
          },
          {
            "X": 0.6784703731536865,
            "Y": 0.35011428594589233
          },
          {
            "X": 0.6785386204719543,
            "Y": 0.3703621029853821
          },
          {
            "X": 0.6058549880981445,
            "Y": 0.37038877606391907
          }
        ]
      },
      "Id": "b3fe8675-a7d3-4bb0-8664-5c61dc60dea0",
      "Page": 1
    },
    {
      "BlockType": "WORD",
      "Confidence": 99.77191925048828,
      "Text": "temperature",
      "TextType": "PRINTED",
      "Geometry": {
        "BoundingBox": {
          "Width": 0.07406795769929886,
          "Height": 0.017767732962965965,
          "Left": 0.6817806959152222,
          "Top": 0.35228437185287476
        },
        "Polygon": [
          {
            "X": 0.6817806959152222,
            "Y": 0.35231107473373413
          },
          {
            "X": 0.7557847499847412,
            "Y": 0.35228437185287476
          },
          {
            "X": 0.7558486461639404,
            "Y": 0.3700249493122101
          },
          {
            "X": 0.6818406581878662,
            "Y": 0.37005212903022766
          }
        ]
      },
      "Id": "8b7b7639-4478-4ed1-8f6c-3793e7e4f033",
      "Page": 1
    },
    {
      "BlockType": "WORD",
      "Confidence": 99.79838562011719,
      "Text": "temperature",
      "TextType": "PRINTED",
      "Geometry": {
        "BoundingBox": {
          "Width": 0.07428675889968872,
          "Height": 0.018132224678993225,
          "Left": 0.39311787486076355,
          "Top": 0.3794211447238922
        },
        "Polygon": [
          {
            "X": 0.39311787486076355,
            "Y": 0.37944862246513367
          },
          {
            "X": 0.4673551619052887,
            "Y": 0.3794211447238922
          },
          {
            "X": 0.46740463376045227,
            "Y": 0.3975253999233246
          },
          {
            "X": 0.3931632936000824,
            "Y": 0.39755335450172424
          }
        ]
      },
      "Id": "23442379-f0c5-4cd3-9c59-6883b207c692",
      "Page": 1
    },
    {
      "BlockType": "WORD",
      "Confidence": 65.22994995117188,
      "Text": "(C)",
      "TextType": "PRINTED",
      "Geometry": {
        "BoundingBox": {
          "Width": 0.02425903081893921,
          "Height": 0.018889937549829483,
          "Left": 0.5684568881988525,
          "Top": 0.37702426314353943
        },
        "Polygon": [
          {
            "X": 0.5684568881988525,
            "Y": 0.37703320384025574
          },
          {
            "X": 0.592657208442688,
            "Y": 0.37702426314353943
          },
          {
            "X": 0.5927159190177917,
            "Y": 0.39590510725975037
          },
          {
            "X": 0.5685142874717712,
            "Y": 0.3959141969680786
          }
        ]
      },
      "Id": "b19b9d2e-bac1-4328-a7ec-d8f6f0208fb1",
      "Page": 1
    },
    {
      "BlockType": "WORD",
      "Confidence": 91.69302368164062,
      "Text": "Tg",
      "TextType": "PRINTED",
      "Geometry": {
        "BoundingBox": {
          "Width": 0.015178896486759186,
          "Height": 0.021718595176935196,
          "Left": 0.39308932423591614,
          "Top": 0.40530824661254883
        },
        "Polygon": [
          {
            "X": 0.39308932423591614,
            "Y": 0.40531399846076965
          },
          {
            "X": 0.4082127511501312,
            "Y": 0.40530824661254883
          },
          {
            "X": 0.4082682132720947,
            "Y": 0.42702099680900574
          },
          {
            "X": 0.39314377307891846,
            "Y": 0.4270268678665161
          }
        ]
      },
      "Id": "630e8bda-013e-46a6-869e-9b603cd6901f",
      "Page": 1
    },
    {
      "BlockType": "WORD",
      "Confidence": 66.60919189453125,
      "Text": "(C)",
      "TextType": "PRINTED",
      "Geometry": {
        "BoundingBox": {
          "Width": 0.024181220680475235,
          "Height": 0.019821837544441223,
          "Left": 0.4111192524433136,
          "Top": 0.4041774868965149
        },
        "Polygon": [
          {
            "X": 0.4111192524433136,
            "Y": 0.4041866362094879
          },
          {
            "X": 0.4352482557296753,
            "Y": 0.4041774868965149
          },
          {
            "X": 0.43530046939849854,
            "Y": 0.42399001121520996
          },
          {
            "X": 0.41117003560066223,
            "Y": 0.4239993095397949
          }
        ]
      },
      "Id": "2acb017a-5cc5-4037-b770-4f987a6a9c18",
      "Page": 1
    },
    {
      "BlockType": "WORD",
      "Confidence": 99.96187591552734,
      "Text": "Pure",
      "TextType": "PRINTED",
      "Geometry": {
        "BoundingBox": {
          "Width": 0.027905214577913284,
          "Height": 0.014982817694544792,
          "Left": 0.24379877746105194,
          "Top": 0.44592010974884033
        },
        "Polygon": [
          {
            "X": 0.24379877746105194,
            "Y": 0.445931077003479
          },
          {
            "X": 0.27167195081710815,
            "Y": 0.44592010974884033
          },
          {
            "X": 0.2717039883136749,
            "Y": 0.46089181303977966
          },
          {
            "X": 0.24382957816123962,
            "Y": 0.4609029293060303
          }
        ]
      },
      "Id": "fc64dfce-bce6-45c9-9fd8-9b6d7dfec45e",
      "Page": 1
    },
    {
      "BlockType": "WORD",
      "Confidence": 99.84933471679688,
      "Text": "EP",
      "TextType": "PRINTED",
      "Geometry": {
        "BoundingBox": {
          "Width": 0.016047855839133263,
          "Height": 0.014849305152893066,
          "Left": 0.27538833022117615,
          "Top": 0.4457375705242157
        },
        "Polygon": [
          {
            "X": 0.27538833022117615,
            "Y": 0.4457438588142395
          },
          {
            "X": 0.29140353202819824,
            "Y": 0.4457375705242157
          },
          {
            "X": 0.29143619537353516,
            "Y": 0.4605804681777954
          },
          {
            "X": 0.27542027831077576,
            "Y": 0.46058687567710876
          }
        ]
      },
      "Id": "64899fa9-4ac6-42e8-ad2c-5e155c62632a",
      "Page": 1
    },
    {
      "BlockType": "WORD",
      "Confidence": 99.43084716796875,
      "Text": "87.6",
      "TextType": "PRINTED",
      "Geometry": {
        "BoundingBox": {
          "Width": 0.026581808924674988,
          "Height": 0.015588697977364063,
          "Left": 0.3933192789554596,
          "Top": 0.4455817937850952
        },
        "Polygon": [
          {
            "X": 0.3933192789554596,
            "Y": 0.4455922245979309
          },
          {
            "X": 0.41986075043678284,
            "Y": 0.4455817937850952
          },
          {
            "X": 0.4199010729789734,
            "Y": 0.461159884929657
          },
          {
            "X": 0.39335834980010986,
            "Y": 0.461170494556427
          }
        ]
      },
      "Id": "c59a7038-674c-4ddc-aaca-da45581c0e68",
      "Page": 1
    },
    {
      "BlockType": "WORD",
      "Confidence": 76.3403549194336,
      "Text": "+",
      "TextType": "PRINTED",
      "Geometry": {
        "BoundingBox": {
          "Width": 0.009562823921442032,
          "Height": 0.014467742294073105,
          "Left": 0.42330875992774963,
          "Top": 0.4462813138961792
        },
        "Polygon": [
          {
            "X": 0.42330875992774963,
            "Y": 0.44628506898880005
          },
          {
            "X": 0.43283358216285706,
            "Y": 0.4462813138961792
          },
          {
            "X": 0.43287158012390137,
            "Y": 0.46074527502059937
          },
          {
            "X": 0.4233463704586029,
            "Y": 0.4607490599155426
          }
        ]
      },
      "Id": "b6388c69-e21f-42e5-8d90-84c94d2ae34b",
      "Page": 1
    },
    {
      "BlockType": "WORD",
      "Confidence": 46.36266326904297,
      "Text": "0.2",
      "TextType": "PRINTED",
      "Geometry": {
        "BoundingBox": {
          "Width": 0.024364830926060677,
          "Height": 0.017345504835247993,
          "Left": 0.4360775351524353,
          "Top": 0.44378918409347534
        },
        "Polygon": [
          {
            "X": 0.4360775351524353,
            "Y": 0.4437987506389618
          },
          {
            "X": 0.46039536595344543,
            "Y": 0.44378918409347534
          },
          {
            "X": 0.46044236421585083,
            "Y": 0.461124986410141
          },
          {
            "X": 0.436123251914978,
            "Y": 0.461134672164917
          }
        ]
      },
      "Id": "39e9eb50-70b5-4cdb-8a1e-856921d0fffb",
      "Page": 1
    },
    {
      "BlockType": "WORD",
      "Confidence": 99.83251190185547,
      "Text": "326.6",
      "TextType": "PRINTED",
      "Geometry": {
        "BoundingBox": {
          "Width": 0.034063614904880524,
          "Height": 0.015232186764478683,
          "Left": 0.5684107542037964,
          "Top": 0.4457540214061737
        },
        "Polygon": [
          {
            "X": 0.5684107542037964,
            "Y": 0.44576743245124817
          },
          {
            "X": 0.6024265885353088,
            "Y": 0.4457540214061737
          },
          {
            "X": 0.6024743914604187,
            "Y": 0.4609726369380951
          },
          {
            "X": 0.5684569478034973,
            "Y": 0.4609862267971039
          }
        ]
      },
      "Id": "3cd30e01-2a2e-4879-a363-e741d3b5fbc6",
      "Page": 1
    },
    {
      "BlockType": "WORD",
      "Confidence": 99.84991455078125,
      "Text": "SBM/EP",
      "TextType": "PRINTED",
      "Geometry": {
        "BoundingBox": {
          "Width": 0.049890510737895966,
          "Height": 0.01683410257101059,
          "Left": 0.24390214681625366,
          "Top": 0.4726703464984894
        },
        "Polygon": [
          {
            "X": 0.24390214681625366,
            "Y": 0.4726904630661011
          },
          {
            "X": 0.29375553131103516,
            "Y": 0.4726703464984894
          },
          {
            "X": 0.2937926650047302,
            "Y": 0.489484041929245
          },
          {
            "X": 0.24393674731254578,
            "Y": 0.48950445652008057
          }
        ]
      },
      "Id": "8e9bc6c0-f494-466b-82ea-320328c9cfe1",
      "Page": 1
    },
    {
      "BlockType": "WORD",
      "Confidence": 98.94696807861328,
      "Text": "88.2",
      "TextType": "PRINTED",
      "Geometry": {
        "BoundingBox": {
          "Width": 0.0267082117497921,
          "Height": 0.015232578851282597,
          "Left": 0.3933941423892975,
          "Top": 0.47283557057380676
        },
        "Polygon": [
          {
            "X": 0.3933941423892975,
            "Y": 0.47284629940986633
          },
          {
            "X": 0.42006295919418335,
            "Y": 0.47283557057380676
          },
          {
            "X": 0.4201023578643799,
            "Y": 0.4880572259426117
          },
          {
            "X": 0.3934323489665985,
            "Y": 0.4880681335926056
          }
        ]
      },
      "Id": "04cd6e37-5600-40d8-84da-d5c0d34e9446",
      "Page": 1
    },
    {
      "BlockType": "WORD",
      "Confidence": 98.16842651367188,
      "Text": "+",
      "TextType": "PRINTED",
      "Geometry": {
        "BoundingBox": {
          "Width": 0.009139558300375938,
          "Height": 0.014180772006511688,
          "Left": 0.42355406284332275,
          "Top": 0.4736885130405426
        },
        "Polygon": [
          {
            "X": 0.42355406284332275,
            "Y": 0.4736921787261963
          },
          {
            "X": 0.4326563775539398,
            "Y": 0.4736885130405426
          },
          {
            "X": 0.43269360065460205,
            "Y": 0.4878655672073364
          },
          {
            "X": 0.42359089851379395,
            "Y": 0.4878692626953125
          }
        ]
      },
      "Id": "5fbc9b6d-2484-4fc6-8d2c-9fee6b5e9f4d",
      "Page": 1
    },
    {
      "BlockType": "WORD",
      "Confidence": 47.11461639404297,
      "Text": "0.5",
      "TextType": "PRINTED",
      "Geometry": {
        "BoundingBox": {
          "Width": 0.02404089644551277,
          "Height": 0.01707424409687519,
          "Left": 0.4360653758049011,
          "Top": 0.4712063670158386
        },
        "Polygon": [
          {
            "X": 0.4360653758049011,
            "Y": 0.47121602296829224
          },
          {
            "X": 0.4600600302219391,
            "Y": 0.4712063670158386
          },
          {
            "X": 0.4601062536239624,
            "Y": 0.4882707893848419
          },
          {
            "X": 0.43611037731170654,
            "Y": 0.48828062415122986
          }
        ]
      },
      "Id": "f38907ee-8d61-41c9-8ca9-6806dc14bdd1",
      "Page": 1
    },
    {
      "BlockType": "WORD",
      "Confidence": 99.8213119506836,
      "Text": "325.9",
      "TextType": "PRINTED",
      "Geometry": {
        "BoundingBox": {
          "Width": 0.03428102657198906,
          "Height": 0.01524231769144535,
          "Left": 0.5682762861251831,
          "Top": 0.4730132520198822
        },
        "Polygon": [
          {
            "X": 0.5682762861251831,
            "Y": 0.4730270802974701
          },
          {
            "X": 0.6025094389915466,
            "Y": 0.4730132520198822
          },
          {
            "X": 0.6025573015213013,
            "Y": 0.488241583108902
          },
          {
            "X": 0.568322479724884,
            "Y": 0.4882555902004242
          }
        ]
      },
      "Id": "09925e43-719b-4750-9de8-df917f2a9c5e",
      "Page": 1
    },
    {
      "BlockType": "WORD",
      "Confidence": 99.92686462402344,
      "Text": "MAM/EP",
      "TextType": "PRINTED",
      "Geometry": {
        "BoundingBox": {
          "Width": 0.05587155744433403,
          "Height": 0.0173321682959795,
          "Left": 0.24387001991271973,
          "Top": 0.49971088767051697
        },
        "Polygon": [
          {
            "X": 0.24387001991271973,
            "Y": 0.49973392486572266
          },
          {
            "X": 0.29970306158065796,
            "Y": 0.49971088767051697
          },
          {
            "X": 0.29974159598350525,
            "Y": 0.5170196294784546
          },
          {
            "X": 0.24390563368797302,
            "Y": 0.5170430541038513
          }
        ]
      },
      "Id": "d0747589-9264-48b8-bb6f-138ca925d4cd",
      "Page": 1
    },
    {
      "BlockType": "WORD",
      "Confidence": 99.86837768554688,
      "Text": "86.9",
      "TextType": "PRINTED",
      "Geometry": {
        "BoundingBox": {
          "Width": 0.026588069275021553,
          "Height": 0.015837114304304123,
          "Left": 0.393358051776886,
          "Top": 0.49957549571990967
        },
        "Polygon": [
          {
            "X": 0.393358051776886,
            "Y": 0.49958646297454834
          },
          {
            "X": 0.4199051558971405,
            "Y": 0.49957549571990967
          },
          {
            "X": 0.4199461042881012,
            "Y": 0.5154014825820923
          },
          {
            "X": 0.3933977484703064,
            "Y": 0.5154126286506653
          }
        ]
      },
      "Id": "93a99549-a174-4f3b-a02d-749433e7679d",
      "Page": 1
    },
    {
      "BlockType": "WORD",
      "Confidence": 99.444580078125,
      "Text": "323.5",
      "TextType": "PRINTED",
      "Geometry": {
        "BoundingBox": {
          "Width": 0.034260667860507965,
          "Height": 0.015408851206302643,
          "Left": 0.5682794451713562,
          "Top": 0.4999198317527771
        },
        "Polygon": [
          {
            "X": 0.5682794451713562,
            "Y": 0.49993395805358887
          },
          {
            "X": 0.6024917960166931,
            "Y": 0.4999198317527771
          },
          {
            "X": 0.602540135383606,
            "Y": 0.5153143405914307
          },
          {
            "X": 0.5683261752128601,
            "Y": 0.5153286457061768
          }
        ]
      },
      "Id": "bef1d7ec-3b27-4a80-9f8e-42b3f990df46",
      "Page": 1
    },
    {
      "BlockType": "WORD",
      "Confidence": 99.95413208007812,
      "Text": "0.5",
      "TextType": "PRINTED",
      "Geometry": {
        "BoundingBox": {
          "Width": 0.019100064411759377,
          "Height": 0.015475116670131683,
          "Left": 0.24389229714870453,
          "Top": 0.5270976424217224
        },
        "Polygon": [
          {
            "X": 0.24389229714870453,
            "Y": 0.5271056890487671
          },
          {
            "X": 0.26295965909957886,
            "Y": 0.5270976424217224
          },
          {
            "X": 0.26299235224723816,
            "Y": 0.5425645709037781
          },
          {
            "X": 0.2439241111278534,
            "Y": 0.5425727367401123
          }
        ]
      },
      "Id": "00e33d13-89b4-4646-9ac2-35b69467b283",
      "Page": 1
    },
    {
      "BlockType": "WORD",
      "Confidence": 99.51444244384766,
      "Text": "OZ-CNT/EP",
      "TextType": "PRINTED",
      "Geometry": {
        "BoundingBox": {
          "Width": 0.07084552198648453,
          "Height": 0.016694296151399612,
          "Left": 0.26762184500694275,
          "Top": 0.5272136926651001
        },
        "Polygon": [
          {
            "X": 0.26762184500694275,
            "Y": 0.5272436141967773
          },
          {
            "X": 0.3384283185005188,
            "Y": 0.5272136926651001
          },
          {
            "X": 0.3384673595428467,
            "Y": 0.5438776612281799
          },
          {
            "X": 0.2676573097705841,
            "Y": 0.5439079999923706
          }
        ]
      },
      "Id": "77fa1c68-1600-41c3-9233-e4ab9e7498aa",
      "Page": 1
    },
    {
      "BlockType": "WORD",
      "Confidence": 99.958251953125,
      "Text": "90.5",
      "TextType": "PRINTED",
      "Geometry": {
        "BoundingBox": {
          "Width": 0.026388851925730705,
          "Height": 0.015587053261697292,
          "Left": 0.39352524280548096,
          "Top": 0.5268102288246155
        },
        "Polygon": [
          {
            "X": 0.39352524280548096,
            "Y": 0.5268213152885437
          },
          {
            "X": 0.41987377405166626,
            "Y": 0.5268102288246155
          },
          {
            "X": 0.4199140667915344,
            "Y": 0.542385995388031
          },
          {
            "X": 0.3935643136501312,
            "Y": 0.5423972606658936
          }
        ]
      },
      "Id": "eeb5508c-0e51-4319-8dcc-ebeacb1f0d3c",
      "Page": 1
    },
    {
      "BlockType": "WORD",
      "Confidence": 99.98089599609375,
      "Text": "328.0",
      "TextType": "PRINTED",
      "Geometry": {
        "BoundingBox": {
          "Width": 0.034438349306583405,
          "Height": 0.015279335901141167,
          "Left": 0.5682982206344604,
          "Top": 0.5270048379898071
        },
        "Polygon": [
          {
            "X": 0.5682982206344604,
            "Y": 0.5270193815231323
          },
          {
            "X": 0.6026886701583862,
            "Y": 0.5270048379898071
          },
          {
            "X": 0.6027365922927856,
            "Y": 0.5422694683074951
          },
          {
            "X": 0.5683445930480957,
            "Y": 0.5422841906547546
          }
        ]
      },
      "Id": "8b7dfd0f-7df0-4dc6-bbc0-0f90cfd12e8f",
      "Page": 1
    },
    {
      "BlockType": "WORD",
      "Confidence": 99.96589660644531,
      "Text": "0.5",
      "TextType": "PRINTED",
      "Geometry": {
        "BoundingBox": {
          "Width": 0.019029375165700912,
          "Height": 0.015115862712264061,
          "Left": 0.24387866258621216,
          "Top": 0.5532025098800659
        },
        "Polygon": [
          {
            "X": 0.24387866258621216,
            "Y": 0.5532106757164001
          },
          {
            "X": 0.26287609338760376,
            "Y": 0.5532025098800659
          },
          {
            "X": 0.26290804147720337,
            "Y": 0.568310022354126
          },
          {
            "X": 0.24390973150730133,
            "Y": 0.5683183670043945
          }
        ]
      },
      "Id": "4d536932-53f1-4305-9747-8fe14ec1b03d",
      "Page": 1
    },
    {
      "BlockType": "WORD",
      "Confidence": 99.87042236328125,
      "Text": "OZ-CNT",
      "TextType": "PRINTED",
      "Geometry": {
        "BoundingBox": {
          "Width": 0.04916233941912651,
          "Height": 0.015336773358285427,
          "Left": 0.2674240469932556,
          "Top": 0.5529655814170837
        },
        "Polygon": [
          {
            "X": 0.2674240469932556,
            "Y": 0.552986741065979
          },
          {
            "X": 0.3165515065193176,
            "Y": 0.5529655814170837
          },
          {
            "X": 0.31658637523651123,
            "Y": 0.5682808756828308
          },
          {
            "X": 0.26745662093162537,
            "Y": 0.56830233335495
          }
        ]
      },
      "Id": "fadaef3f-5ca2-4742-b3ee-dab0cea54f84",
      "Page": 1
    },
    {
      "BlockType": "WORD",
      "Confidence": 99.2907943725586,
      "Text": "+",
      "TextType": "PRINTED",
      "Geometry": {
        "BoundingBox": {
          "Width": 0.009462234564125538,
          "Height": 0.013162970542907715,
          "Left": 0.32045236229896545,
          "Top": 0.5555475950241089
        },
        "Polygon": [
          {
            "X": 0.32045236229896545,
            "Y": 0.5555517077445984
          },
          {
            "X": 0.3298841416835785,
            "Y": 0.5555475950241089
          },
          {
            "X": 0.3299145996570587,
            "Y": 0.5687064528465271
          },
          {
            "X": 0.3204824924468994,
            "Y": 0.5687105655670166
          }
        ]
      },
      "Id": "23ee88b1-1b21-4fe2-af97-310054684a06",
      "Page": 1
    },
    {
      "BlockType": "WORD",
      "Confidence": 99.90254211425781,
      "Text": "SBM/",
      "TextType": "PRINTED",
      "Geometry": {
        "BoundingBox": {
          "Width": 0.0345032773911953,
          "Height": 0.01693994179368019,
          "Left": 0.3345094621181488,
          "Top": 0.5528322458267212
        },
        "Polygon": [
          {
            "X": 0.3345094621181488,
            "Y": 0.5528470873832703
          },
          {
            "X": 0.3689715266227722,
            "Y": 0.5528322458267212
          },
          {
            "X": 0.369012713432312,
            "Y": 0.5697571039199829
          },
          {
            "X": 0.3345488905906677,
            "Y": 0.5697721838951111
          }
        ]
      },
      "Id": "ab74be9c-87ec-45e5-a4a0-fdb65ee6804e",
      "Page": 1
    },
    {
      "BlockType": "WORD",
      "Confidence": 99.9521255493164,
      "Text": "89.1",
      "TextType": "PRINTED",
      "Geometry": {
        "BoundingBox": {
          "Width": 0.02538038231432438,
          "Height": 0.015196572989225388,
          "Left": 0.3934590220451355,
          "Top": 0.553075909614563
        },
        "Polygon": [
          {
            "X": 0.3934590220451355,
            "Y": 0.5530868172645569
          },
          {
            "X": 0.41880014538764954,
            "Y": 0.553075909614563
          },
          {
            "X": 0.41883939504623413,
            "Y": 0.5682613849639893
          },
          {
            "X": 0.393497109413147,
            "Y": 0.5682724714279175
          }
        ]
      },
      "Id": "2bb7f6f0-b439-4d22-b2ef-c1fd2574ecab",
      "Page": 1
    },
    {
      "BlockType": "WORD",
      "Confidence": 99.92520904541016,
      "Text": "328.3",
      "TextType": "PRINTED",
      "Geometry": {
        "BoundingBox": {
          "Width": 0.03419724479317665,
          "Height": 0.015320219099521637,
          "Left": 0.5682807564735413,
          "Top": 0.5530224442481995
        },
        "Polygon": [
          {
            "X": 0.5682807564735413,
            "Y": 0.553037166595459
          },
          {
            "X": 0.602429986000061,
            "Y": 0.5530224442481995
          },
          {
            "X": 0.60247802734375,
            "Y": 0.5683277249336243
          },
          {
            "X": 0.5683272480964661,
            "Y": 0.5683426260948181
          }
        ]
      },
      "Id": "548dd25b-b9de-4815-93de-89bd84c464e8",
      "Page": 1
    },
    {
      "BlockType": "WORD",
      "Confidence": 99.7218017578125,
      "Text": "EP",
      "TextType": "PRINTED",
      "Geometry": {
        "BoundingBox": {
          "Width": 0.015531016513705254,
          "Height": 0.014966518618166447,
          "Left": 0.25670498609542847,
          "Top": 0.5800625085830688
        },
        "Polygon": [
          {
            "X": 0.25670498609542847,
            "Y": 0.5800693035125732
          },
          {
            "X": 0.2722039520740509,
            "Y": 0.5800625085830688
          },
          {
            "X": 0.2722359895706177,
            "Y": 0.5950220823287964
          },
          {
            "X": 0.2567363381385803,
            "Y": 0.5950289964675903
          }
        ]
      },
      "Id": "5e7760a7-6d8f-4cf9-8c79-b1af2e72cf18",
      "Page": 1
    },
    {
      "BlockType": "WORD",
      "Confidence": 90.69242858886719,
      "Text": "1.0",
      "TextType": "PRINTED",
      "Geometry": {
        "BoundingBox": {
          "Width": 0.018426930531859398,
          "Height": 0.014922162517905235,
          "Left": 0.24432429671287537,
          "Top": 0.6073445677757263
        },
        "Polygon": [
          {
            "X": 0.24432429671287537,
            "Y": 0.6073528528213501
          },
          {
            "X": 0.26271969079971313,
            "Y": 0.6073445677757263
          },
          {
            "X": 0.2627512216567993,
            "Y": 0.6222583651542664
          },
          {
            "X": 0.2443549782037735,
            "Y": 0.6222667694091797
          }
        ]
      },
      "Id": "ab0f6874-cc5a-4e4b-ba63-35f25c0bd438",
      "Page": 1
    },
    {
      "BlockType": "WORD",
      "Confidence": 99.5916519165039,
      "Text": "OZ-CNT",
      "TextType": "PRINTED",
      "Geometry": {
        "BoundingBox": {
          "Width": 0.0489269383251667,
          "Height": 0.015085063874721527,
          "Left": 0.26747724413871765,
          "Top": 0.6072966456413269
        },
        "Polygon": [
          {
            "X": 0.26747724413871765,
            "Y": 0.6073186993598938
          },
          {
            "X": 0.3163699209690094,
            "Y": 0.6072966456413269
          },
          {
            "X": 0.31640419363975525,
            "Y": 0.6223593950271606
          },
          {
            "X": 0.2675093114376068,
            "Y": 0.6223816871643066
          }
        ]
      },
      "Id": "15a98fb6-260a-4bbd-a2a6-4475b9251504",
      "Page": 1
    },
    {
      "BlockType": "WORD",
      "Confidence": 99.03932189941406,
      "Text": "+",
      "TextType": "PRINTED",
      "Geometry": {
        "BoundingBox": {
          "Width": 0.009726034477353096,
          "Height": 0.013591431081295013,
          "Left": 0.3205164968967438,
          "Top": 0.6095742583274841
        },
        "Polygon": [
          {
            "X": 0.3205164968967438,
            "Y": 0.6095786094665527
          },
          {
            "X": 0.3302110731601715,
            "Y": 0.6095742583274841
          },
          {
            "X": 0.3302425444126129,
            "Y": 0.623161256313324
          },
          {
            "X": 0.32054758071899414,
            "Y": 0.6231656670570374
          }
        ]
      },
      "Id": "57fba020-f1f7-47be-a853-4d40b1775d27",
      "Page": 1
    },
    {
      "BlockType": "WORD",
      "Confidence": 99.94194793701172,
      "Text": "88.2",
      "TextType": "PRINTED",
      "Geometry": {
        "BoundingBox": {
          "Width": 0.026757489889860153,
          "Height": 0.015319156460464,
          "Left": 0.3933338224887848,
          "Top": 0.6071113348007202
        },
        "Polygon": [
          {
            "X": 0.3933338224887848,
            "Y": 0.6071233749389648
          },
          {
            "X": 0.4200516939163208,
            "Y": 0.6071113348007202
          },
          {
            "X": 0.42009133100509644,
            "Y": 0.6224182844161987
          },
          {
            "X": 0.39337220788002014,
            "Y": 0.6224305033683777
          }
        ]
      },
      "Id": "9d961a35-2172-4c05-804c-21f75a3a6aa0",
      "Page": 1
    },
    {
      "BlockType": "WORD",
      "Confidence": 99.93017578125,
      "Text": "325.2",
      "TextType": "PRINTED",
      "Geometry": {
        "BoundingBox": {
          "Width": 0.03434151038527489,
          "Height": 0.0151962386444211,
          "Left": 0.5683978199958801,
          "Top": 0.6071150302886963
        },
        "Polygon": [
          {
            "X": 0.5683978199958801,
            "Y": 0.6071305274963379
          },
          {
            "X": 0.602691650390625,
            "Y": 0.6071150302886963
          },
          {
            "X": 0.6027392745018005,
            "Y": 0.6222956776618958
          },
          {
            "X": 0.5684438943862915,
            "Y": 0.6223112940788269
          }
        ]
      },
      "Id": "361651a2-cbd5-4bf5-8cae-b6883c50bf9e",
      "Page": 1
    },
    {
      "BlockType": "WORD",
      "Confidence": 99.88935852050781,
      "Text": "MAM/EP",
      "TextType": "PRINTED",
      "Geometry": {
        "BoundingBox": {
          "Width": 0.055608972907066345,
          "Height": 0.017001943662762642,
          "Left": 0.25672441720962524,
          "Top": 0.6343058943748474
        },
        "Polygon": [
          {
            "X": 0.25672441720962524,
            "Y": 0.634331464767456
          },
          {
            "X": 0.31229498982429504,
            "Y": 0.6343058943748474
          },
          {
            "X": 0.3123334050178528,
            "Y": 0.6512819528579712
          },
          {
            "X": 0.25676000118255615,
            "Y": 0.6513078212738037
          }
        ]
      },
      "Id": "de912696-af9b-477c-bc01-68055b2634c1",
      "Page": 1
    },
    {
      "BlockType": "TABLE",
      "Confidence": 99.4140625,
      "Geometry": {
        "BoundingBox": {
          "Width": 0.5367035865783691,
          "Height": 0.3176615834236145,
          "Left": 0.23254860937595367,
          "Top": 0.3382140100002289
        },
        "Polygon": [
          {
            "X": 0.23254860937595367,
            "Y": 0.33840450644493103
          },
          {
            "X": 0.7680963277816772,
            "Y": 0.3382140100002289
          },
          {
            "X": 0.7692521810531616,
            "Y": 0.6556247472763062
          },
          {
            "X": 0.2331911027431488,
            "Y": 0.655875563621521
          }
        ]
      },
      "Id": "c722f04e-14c4-44e7-9fde-1a6a971d1b43",
      "Relationships": [
        {
          "Type": "CHILD",
          "Ids": [
            "c87aa6c8-a70a-4618-bba9-33c0c8f7e949",
            "48f0f9d2-a73b-494d-9068-fda42c21ab8e",
            "a338b76d-84a3-4a41-ad50-c933d718b5c4",
            "916d0a9a-d496-438e-8687-cc1d3e752afa",
            "0e42e5d1-18f2-4023-bf37-910f316d4e30",
            "ae4b8ecb-9fce-4911-be1a-cabd59fbbfe9",
            "49ee0da8-6c96-4aa5-a6db-0e599cef60ce",
            "a19c9e83-ed72-40c0-a571-dd7435394e98",
            "62455ab8-f6f8-4091-8e62-792a2692faf1",
            "e00fcbce-9c08-4402-9e3d-34b9b58df519",
            "98f9d838-1d36-478d-9fd5-702c406e39a2",
            "f22e7b60-3884-4118-8d7d-60fde3c8d933",
            "e4e6d149-fd78-420a-bf34-8de5aa81660b",
            "3daee498-77c6-4629-955f-e3f8fcacb71a",
            "40edc786-f63f-43c0-ae90-30d512083641",
            "a5d888cf-5300-47c8-8020-4dde19d5eeeb",
            "c716e202-c079-4ea9-a7d9-0210d04063d0",
            "99e62fba-ad25-494f-8a5c-1efcfc018bfa",
            "d3a3b4ec-d347-4b06-be64-71f0a7ba8265",
            "b036cb8e-b149-48e5-9f6b-67c8e0a01be9",
            "3aea953c-3aa2-4d8b-afb6-4c1befa4c418"
          ]
        }
      ],
      "EntityTypes": [
        "STRUCTURED_TABLE"
      ],
      "Page": 1
    },
    {
      "BlockType": "CELL",
      "Confidence": 93.9453125,
      "RowIndex": 1,
      "ColumnIndex": 1,
      "RowSpan": 1,
      "ColumnSpan": 1,
      "Geometry": {
        "BoundingBox": {
          "Width": 0.14634154736995697,
          "Height": 0.09428422152996063,
          "Left": 0.23254860937595367,
          "Top": 0.3383525311946869
        },
        "Polygon": [
          {
            "X": 0.23254860937595367,
            "Y": 0.33840450644493103
          },
          {
            "X": 0.37865787744522095,
            "Y": 0.3383525311946869
          },
          {
            "X": 0.37889015674591064,
            "Y": 0.432579904794693
          },
          {
            "X": 0.23273931443691254,
            "Y": 0.4326367676258087
          }
        ]
      },
      "Id": "c87aa6c8-a70a-4618-bba9-33c0c8f7e949",
      "Relationships": [
        {
          "Type": "CHILD",
          "Ids": [
            "0f046766-78b1-45e4-a85b-68154d335ff6",
            "279a1d69-de2e-4309-b462-b9ea63b43a50"
          ]
        }
      ],
      "EntityTypes": [
        "COLUMN_HEADER"
      ],
      "Page": 1
    },
    {
      "BlockType": "CELL",
      "Confidence": 91.845703125,
      "RowIndex": 1,
      "ColumnIndex": 2,
      "RowSpan": 1,
      "ColumnSpan": 1,
      "Geometry": {
        "BoundingBox": {
          "Width": 0.14536215364933014,
          "Height": 0.0942789763212204,
          "Left": 0.37865787744522095,
          "Top": 0.3383009433746338
        },
        "Polygon": [
          {
            "X": 0.37865787744522095,
            "Y": 0.3383525311946869
          },
          {
            "X": 0.5237464308738708,
            "Y": 0.3383009433746338
          },
          {
            "X": 0.5240200161933899,
            "Y": 0.4325234591960907
          },
          {
            "X": 0.37889015674591064,
            "Y": 0.432579904794693
          }
        ]
      },
      "Id": "48f0f9d2-a73b-494d-9068-fda42c21ab8e",
      "Relationships": [
        {
          "Type": "CHILD",
          "Ids": [
            "2aef3741-3042-4b9d-8e4c-b8cda724f0d7",
            "4c66e150-de68-4293-bd54-f8d8c2523de8",
            "23442379-f0c5-4cd3-9c59-6883b207c692",
            "630e8bda-013e-46a6-869e-9b603cd6901f",
            "2acb017a-5cc5-4037-b770-4f987a6a9c18"
          ]
        }
      ],
      "EntityTypes": [
        "COLUMN_HEADER"
      ],
      "Page": 1
    },
    {
      "BlockType": "CELL",
      "Confidence": 96.19140625,
      "RowIndex": 1,
      "ColumnIndex": 3,
      "RowSpan": 1,
      "ColumnSpan": 1,
      "Geometry": {
        "BoundingBox": {
          "Width": 0.24469296634197235,
          "Height": 0.09430943429470062,
          "Left": 0.5237464308738708,
          "Top": 0.3382140100002289
        },
        "Polygon": [
          {
            "X": 0.5237464308738708,
            "Y": 0.3383009433746338
          },
          {
            "X": 0.7680963277816772,
            "Y": 0.3382140100002289
          },
          {
            "X": 0.7684394121170044,
            "Y": 0.43242835998535156
          },
          {
            "X": 0.5240200161933899,
            "Y": 0.4325234591960907
          }
        ]
      },
      "Id": "a338b76d-84a3-4a41-ad50-c933d718b5c4",
      "Relationships": [
        {
          "Type": "CHILD",
          "Ids": [
            "0c3dca85-79e1-4166-9b94-3a17e1955235",
            "b3fe8675-a7d3-4bb0-8664-5c61dc60dea0",
            "8b7b7639-4478-4ed1-8f6c-3793e7e4f033",
            "b19b9d2e-bac1-4328-a7ec-d8f6f0208fb1"
          ]
        }
      ],
      "EntityTypes": [
        "COLUMN_HEADER"
      ],
      "Page": 1
    },
    {
      "BlockType": "CELL",
      "Confidence": 88.818359375,
      "RowIndex": 2,
      "ColumnIndex": 1,
      "RowSpan": 1,
      "ColumnSpan": 1,
      "Geometry": {
        "BoundingBox": {
          "Width": 0.14623461663722992,
          "Height": 0.03403845056891441,
          "Left": 0.23273931443691254,
          "Top": 0.432579904794693
        },
        "Polygon": [
          {
            "X": 0.23273931443691254,
            "Y": 0.4326367676258087
          },
          {
            "X": 0.37889015674591064,
            "Y": 0.432579904794693
          },
          {
            "X": 0.37897393107414246,
            "Y": 0.4665597379207611
          },
          {
            "X": 0.23280808329582214,
            "Y": 0.4666183590888977
          }
        ]
      },
      "Id": "916d0a9a-d496-438e-8687-cc1d3e752afa",
      "Relationships": [
        {
          "Type": "CHILD",
          "Ids": [
            "fc64dfce-bce6-45c9-9fd8-9b6d7dfec45e",
            "64899fa9-4ac6-42e8-ad2c-5e155c62632a"
          ]
        }
      ],
      "Page": 1
    },
    {
      "BlockType": "CELL",
      "Confidence": 86.81640625,
      "RowIndex": 2,
      "ColumnIndex": 2,
      "RowSpan": 1,
      "ColumnSpan": 1,
      "Geometry": {
        "BoundingBox": {
          "Width": 0.1452285200357437,
          "Height": 0.034036293625831604,
          "Left": 0.37889015674591064,
          "Top": 0.4325234591960907
        },
        "Polygon": [
          {
            "X": 0.37889015674591064,
            "Y": 0.432579904794693
          },
          {
            "X": 0.5240200161933899,
            "Y": 0.4325234591960907
          },
          {
            "X": 0.5241186618804932,
            "Y": 0.46650153398513794
          },
          {
            "X": 0.37897393107414246,
            "Y": 0.4665597379207611
          }
        ]
      },
      "Id": "0e42e5d1-18f2-4023-bf37-910f316d4e30",
      "Relationships": [
        {
          "Type": "CHILD",
          "Ids": [
            "c59a7038-674c-4ddc-aaca-da45581c0e68",
            "b6388c69-e21f-42e5-8d90-84c94d2ae34b",
            "39e9eb50-70b5-4cdb-8a1e-856921d0fffb"
          ]
        }
      ],
      "Page": 1
    },
    {
      "BlockType": "CELL",
      "Confidence": 90.91796875,
      "RowIndex": 2,
      "ColumnIndex": 3,
      "RowSpan": 1,
      "ColumnSpan": 1,
      "Geometry": {
        "BoundingBox": {
          "Width": 0.24454312026500702,
          "Height": 0.03407317027449608,
          "Left": 0.5240200161933899,
          "Top": 0.43242835998535156
        },
        "Polygon": [
          {
            "X": 0.5240200161933899,
            "Y": 0.4325234591960907
          },
          {
            "X": 0.7684394121170044,
            "Y": 0.43242835998535156
          },
          {
            "X": 0.7685631513595581,
            "Y": 0.4664035141468048
          },
          {
            "X": 0.5241186618804932,
            "Y": 0.46650153398513794
          }
        ]
      },
      "Id": "ae4b8ecb-9fce-4911-be1a-cabd59fbbfe9",
      "Relationships": [
        {
          "Type": "CHILD",
          "Ids": [
            "3cd30e01-2a2e-4879-a363-e741d3b5fbc6"
          ]
        }
      ],
      "Page": 1
    },
    {
      "BlockType": "CELL",
      "Confidence": 86.9140625,
      "RowIndex": 3,
      "ColumnIndex": 1,
      "RowSpan": 1,
      "ColumnSpan": 1,
      "Geometry": {
        "BoundingBox": {
          "Width": 0.14623285830020905,
          "Height": 0.027248915284872055,
          "Left": 0.23280808329582214,
          "Top": 0.4665597379207611
        },
        "Polygon": [
          {
            "X": 0.23280808329582214,
            "Y": 0.4666183590888977
          },
          {
            "X": 0.37897393107414246,
            "Y": 0.4665597379207611
          },
          {
            "X": 0.3790409564971924,
            "Y": 0.49374863505363464
          },
          {
            "X": 0.23286311328411102,
            "Y": 0.49380865693092346
          }
        ]
      },
      "Id": "49ee0da8-6c96-4aa5-a6db-0e599cef60ce",
      "Relationships": [
        {
          "Type": "CHILD",
          "Ids": [
            "8e9bc6c0-f494-466b-82ea-320328c9cfe1"
          ]
        }
      ],
      "Page": 1
    },
    {
      "BlockType": "CELL",
      "Confidence": 84.9609375,
      "RowIndex": 3,
      "ColumnIndex": 2,
      "RowSpan": 1,
      "ColumnSpan": 1,
      "Geometry": {
        "BoundingBox": {
          "Width": 0.1452236920595169,
          "Height": 0.027247097343206406,
          "Left": 0.37897393107414246,
          "Top": 0.46650153398513794
        },
        "Polygon": [
          {
            "X": 0.37897393107414246,
            "Y": 0.4665597379207611
          },
          {
            "X": 0.5241186618804932,
            "Y": 0.46650153398513794
          },
          {
            "X": 0.5241976380348206,
            "Y": 0.49368903040885925
          },
          {
            "X": 0.3790409564971924,
            "Y": 0.49374863505363464
          }
        ]
      },
      "Id": "a19c9e83-ed72-40c0-a571-dd7435394e98",
      "Relationships": [
        {
          "Type": "CHILD",
          "Ids": [
            "04cd6e37-5600-40d8-84da-d5c0d34e9446",
            "5fbc9b6d-2484-4fc6-8d2c-9fee6b5e9f4d",
            "f38907ee-8d61-41c9-8ca9-6806dc14bdd1"
          ]
        }
      ],
      "Page": 1
    },
    {
      "BlockType": "CELL",
      "Confidence": 88.96484375,
      "RowIndex": 3,
      "ColumnIndex": 3,
      "RowSpan": 1,
      "ColumnSpan": 1,
      "Geometry": {
        "BoundingBox": {
          "Width": 0.24454346299171448,
          "Height": 0.027285519987344742,
          "Left": 0.5241186618804932,
          "Top": 0.4664035141468048
        },
        "Polygon": [
          {
            "X": 0.5241186618804932,
            "Y": 0.46650153398513794
          },
          {
            "X": 0.7685631513595581,
            "Y": 0.4664035141468048
          },
          {
            "X": 0.76866215467453,
            "Y": 0.4935886263847351
          },
          {
            "X": 0.5241976380348206,
            "Y": 0.49368903040885925
          }
        ]
      },
      "Id": "62455ab8-f6f8-4091-8e62-792a2692faf1",
      "Relationships": [
        {
          "Type": "CHILD",
          "Ids": [
            "09925e43-719b-4750-9de8-df917f2a9c5e"
          ]
        }
      ],
      "Page": 1
    },
    {
      "BlockType": "CELL",
      "Confidence": 86.03515625,
      "RowIndex": 4,
      "ColumnIndex": 1,
      "RowSpan": 1,
      "ColumnSpan": 1,
      "Geometry": {
        "BoundingBox": {
          "Width": 0.1462448686361313,
          "Height": 0.02725479006767273,
          "Left": 0.23286311328411102,
          "Top": 0.49374863505363464
        },
        "Polygon": [
          {
            "X": 0.23286311328411102,
            "Y": 0.49380865693092346
          },
          {
            "X": 0.3790409564971924,
            "Y": 0.49374863505363464
          },
          {
            "X": 0.3791079819202423,
            "Y": 0.520941972732544
          },
          {
            "X": 0.2329181432723999,
            "Y": 0.5210034251213074
          }
        ]
      },
      "Id": "e00fcbce-9c08-4402-9e3d-34b9b58df519",
      "Relationships": [
        {
          "Type": "CHILD",
          "Ids": [
            "d0747589-9264-48b8-bb6f-138ca925d4cd"
          ]
        }
      ],
      "Page": 1
    },
    {
      "BlockType": "CELL",
      "Confidence": 84.130859375,
      "RowIndex": 4,
      "ColumnIndex": 2,
      "RowSpan": 1,
      "ColumnSpan": 1,
      "Geometry": {
        "BoundingBox": {
          "Width": 0.14523561298847198,
          "Height": 0.027252960950136185,
          "Left": 0.3790409564971924,
          "Top": 0.49368903040885925
        },
        "Polygon": [
          {
            "X": 0.3790409564971924,
            "Y": 0.49374863505363464
          },
          {
            "X": 0.5241976380348206,
            "Y": 0.49368903040885925
          },
          {
            "X": 0.5242765545845032,
            "Y": 0.5208809971809387
          },
          {
            "X": 0.3791079819202423,
            "Y": 0.520941972732544
          }
        ]
      },
      "Id": "98f9d838-1d36-478d-9fd5-702c406e39a2",
      "Relationships": [
        {
          "Type": "CHILD",
          "Ids": [
            "93a99549-a174-4f3b-a02d-749433e7679d"
          ]
        }
      ],
      "Page": 1
    },
    {
      "BlockType": "CELL",
      "Confidence": 88.0859375,
      "RowIndex": 4,
      "ColumnIndex": 3,
      "RowSpan": 1,
      "ColumnSpan": 1,
      "Geometry": {
        "BoundingBox": {
          "Width": 0.2445635348558426,
          "Height": 0.027292340993881226,
          "Left": 0.5241976380348206,
          "Top": 0.4935886263847351
        },
        "Polygon": [
          {
            "X": 0.5241976380348206,
            "Y": 0.49368903040885925
          },
          {
            "X": 0.76866215467453,
            "Y": 0.4935886263847351
          },
          {
            "X": 0.768761157989502,
            "Y": 0.520778238773346
          },
          {
            "X": 0.5242765545845032,
            "Y": 0.5208809971809387
          }
        ]
      },
      "Id": "f22e7b60-3884-4118-8d7d-60fde3c8d933",
      "Relationships": [
        {
          "Type": "CHILD",
          "Ids": [
            "bef1d7ec-3b27-4a80-9f8e-42b3f990df46"
          ]
        }
      ],
      "Page": 1
    },
    {
      "BlockType": "CELL",
      "Confidence": 85.9375,
      "RowIndex": 5,
      "ColumnIndex": 1,
      "RowSpan": 1,
      "ColumnSpan": 1,
      "Geometry": {
        "BoundingBox": {
          "Width": 0.14625687897205353,
          "Height": 0.027260666713118553,
          "Left": 0.2329181432723999,
          "Top": 0.520941972732544
        },
        "Polygon": [
          {
            "X": 0.2329181432723999,
            "Y": 0.5210034251213074
          },
          {
            "X": 0.3791079819202423,
            "Y": 0.520941972732544
          },
          {
            "X": 0.3791750371456146,
            "Y": 0.5481398105621338
          },
          {
            "X": 0.23297318816184998,
            "Y": 0.548202633857727
          }
        ]
      },
      "Id": "e4e6d149-fd78-420a-bf34-8de5aa81660b",
      "Relationships": [
        {
          "Type": "CHILD",
          "Ids": [
            "00e33d13-89b4-4646-9ac2-35b69467b283",
            "77fa1c68-1600-41c3-9233-e4ab9e7498aa"
          ]
        }
      ],
      "Page": 1
    },
    {
      "BlockType": "CELL",
      "Confidence": 84.033203125,
      "RowIndex": 5,
      "ColumnIndex": 2,
      "RowSpan": 1,
      "ColumnSpan": 1,
      "Geometry": {
        "BoundingBox": {
          "Width": 0.14524754881858826,
          "Height": 0.027258828282356262,
          "Left": 0.3791079819202423,
          "Top": 0.5208809971809387
        },
        "Polygon": [
          {
            "X": 0.3791079819202423,
            "Y": 0.520941972732544
          },
          {
            "X": 0.5242765545845032,
            "Y": 0.5208809971809387
          },
          {
            "X": 0.5243555307388306,
            "Y": 0.548077404499054
          },
          {
            "X": 0.3791750371456146,
            "Y": 0.5481398105621338
          }
        ]
      },
      "Id": "3daee498-77c6-4629-955f-e3f8fcacb71a",
      "Relationships": [
        {
          "Type": "CHILD",
          "Ids": [
            "eeb5508c-0e51-4319-8dcc-ebeacb1f0d3c"
          ]
        }
      ],
      "Page": 1
    },
    {
      "BlockType": "CELL",
      "Confidence": 87.98828125,
      "RowIndex": 5,
      "ColumnIndex": 3,
      "RowSpan": 1,
      "ColumnSpan": 1,
      "Geometry": {
        "BoundingBox": {
          "Width": 0.2445836216211319,
          "Height": 0.02729916386306286,
          "Left": 0.5242765545845032,
          "Top": 0.520778238773346
        },
        "Polygon": [
          {
            "X": 0.5242765545845032,
            "Y": 0.5208809971809387
          },
          {
            "X": 0.768761157989502,
            "Y": 0.520778238773346
          },
          {
            "X": 0.7688601613044739,
            "Y": 0.5479723215103149
          },
          {
            "X": 0.5243555307388306,
            "Y": 0.548077404499054
          }
        ]
      },
      "Id": "40edc786-f63f-43c0-ae90-30d512083641",
      "Relationships": [
        {
          "Type": "CHILD",
          "Ids": [
            "8b7dfd0f-7df0-4dc6-bbc0-0f90cfd12e8f"
          ]
        }
      ],
      "Page": 1
    },
    {
      "BlockType": "CELL",
      "Confidence": 49.51171875,
      "RowIndex": 6,
      "ColumnIndex": 1,
      "RowSpan": 1,
      "ColumnSpan": 1,
      "Geometry": {
        "BoundingBox": {
          "Width": 0.14632758498191833,
          "Height": 0.05107344686985016,
          "Left": 0.23297318816184998,
          "Top": 0.5481398105621338
        },
        "Polygon": [
          {
            "X": 0.23297318816184998,
            "Y": 0.548202633857727
          },
          {
            "X": 0.3791750371456146,
            "Y": 0.5481398105621338
          },
          {
            "X": 0.3793007731437683,
            "Y": 0.5991477370262146
          },
          {
            "X": 0.23307643830776215,
            "Y": 0.5992132425308228
          }
        ]
      },
      "Id": "a5d888cf-5300-47c8-8020-4dde19d5eeeb",
      "Relationships": [
        {
          "Type": "CHILD",
          "Ids": [
            "4d536932-53f1-4305-9747-8fe14ec1b03d",
            "fadaef3f-5ca2-4742-b3ee-dab0cea54f84",
            "23ee88b1-1b21-4fe2-af97-310054684a06",
            "ab74be9c-87ec-45e5-a4a0-fdb65ee6804e",
            "5e7760a7-6d8f-4cf9-8c79-b1af2e72cf18"
          ]
        }
      ],
      "Page": 1
    },
    {
      "BlockType": "CELL",
      "Confidence": 48.388671875,
      "RowIndex": 6,
      "ColumnIndex": 2,
      "RowSpan": 1,
      "ColumnSpan": 1,
      "Geometry": {
        "BoundingBox": {
          "Width": 0.1453285813331604,
          "Height": 0.05107036232948303,
          "Left": 0.3791750371456146,
          "Top": 0.548077404499054
        },
        "Polygon": [
          {
            "X": 0.3791750371456146,
            "Y": 0.5481398105621338
          },
          {
            "X": 0.5243555307388306,
            "Y": 0.548077404499054
          },
          {
            "X": 0.5245035886764526,
            "Y": 0.5990827083587646
          },
          {
            "X": 0.3793007731437683,
            "Y": 0.5991477370262146
          }
        ]
      },
      "Id": "c716e202-c079-4ea9-a7d9-0210d04063d0",
      "Relationships": [
        {
          "Type": "CHILD",
          "Ids": [
            "2bb7f6f0-b439-4d22-b2ef-c1fd2574ecab"
          ]
        }
      ],
      "Page": 1
    },
    {
      "BlockType": "CELL",
      "Confidence": 50.68359375,
      "RowIndex": 6,
      "ColumnIndex": 3,
      "RowSpan": 1,
      "ColumnSpan": 1,
      "Geometry": {
        "BoundingBox": {
          "Width": 0.24469037353992462,
          "Height": 0.05111042782664299,
          "Left": 0.5243555307388306,
          "Top": 0.5479723215103149
        },
        "Polygon": [
          {
            "X": 0.5243555307388306,
            "Y": 0.548077404499054
          },
          {
            "X": 0.7688601613044739,
            "Y": 0.5479723215103149
          },
          {
            "X": 0.769045889377594,
            "Y": 0.5989732146263123
          },
          {
            "X": 0.5245035886764526,
            "Y": 0.5990827083587646
          }
        ]
      },
      "Id": "99e62fba-ad25-494f-8a5c-1efcfc018bfa",
      "Relationships": [
        {
          "Type": "CHILD",
          "Ids": [
            "548dd25b-b9de-4815-93de-89bd84c464e8"
          ]
        }
      ],
      "Page": 1
    },
    {
      "BlockType": "CELL",
      "Confidence": 77.197265625,
      "RowIndex": 7,
      "ColumnIndex": 1,
      "RowSpan": 1,
      "ColumnSpan": 1,
      "Geometry": {
        "BoundingBox": {
          "Width": 0.1463640183210373,
          "Height": 0.0567278228700161,
          "Left": 0.23307643830776215,
          "Top": 0.5991477370262146
        },
        "Polygon": [
          {
            "X": 0.23307643830776215,
            "Y": 0.5992132425308228
          },
          {
            "X": 0.3793007731437683,
            "Y": 0.5991477370262146
          },
          {
            "X": 0.37944045662879944,
            "Y": 0.6558071374893188
          },
          {
            "X": 0.2331911027431488,
            "Y": 0.655875563621521
          }
        ]
      },
      "Id": "d3a3b4ec-d347-4b06-be64-71f0a7ba8265",
      "Relationships": [
        {
          "Type": "CHILD",
          "Ids": [
            "ab0f6874-cc5a-4e4b-ba63-35f25c0bd438",
            "15a98fb6-260a-4bbd-a2a6-4475b9251504",
            "57fba020-f1f7-47be-a853-4d40b1775d27",
            "de912696-af9b-477c-bc01-68055b2634c1"
          ]
        }
      ],
      "Page": 1
    },
    {
      "BlockType": "CELL",
      "Confidence": 75.439453125,
      "RowIndex": 7,
      "ColumnIndex": 2,
      "RowSpan": 1,
      "ColumnSpan": 1,
      "Geometry": {
        "BoundingBox": {
          "Width": 0.1453673392534256,
          "Height": 0.0567244254052639,
          "Left": 0.3793007731437683,
          "Top": 0.5990827083587646
        },
        "Polygon": [
          {
            "X": 0.3793007731437683,
            "Y": 0.5991477370262146
          },
          {
            "X": 0.5245035886764526,
            "Y": 0.5990827083587646
          },
          {
            "X": 0.5246680974960327,
            "Y": 0.6557391881942749
          },
          {
            "X": 0.37944045662879944,
            "Y": 0.6558071374893188
          }
        ]
      },
      "Id": "b036cb8e-b149-48e5-9f6b-67c8e0a01be9",
      "Relationships": [
        {
          "Type": "CHILD",
          "Ids": [
            "9d961a35-2172-4c05-804c-21f75a3a6aa0"
          ]
        }
      ],
      "Page": 1
    },
    {
      "BlockType": "CELL",
      "Confidence": 79.00390625,
      "RowIndex": 7,
      "ColumnIndex": 3,
      "RowSpan": 1,
      "ColumnSpan": 1,
      "Geometry": {
        "BoundingBox": {
          "Width": 0.2447485774755478,
          "Height": 0.056765999644994736,
          "Left": 0.5245035886764526,
          "Top": 0.5989732146263123
        },
        "Polygon": [
          {
            "X": 0.5245035886764526,
            "Y": 0.5990827083587646
          },
          {
            "X": 0.769045889377594,
            "Y": 0.5989732146263123
          },
          {
            "X": 0.7692521810531616,
            "Y": 0.6556247472763062
          },
          {
            "X": 0.5246680974960327,
            "Y": 0.6557391881942749
          }
        ]
      },
      "Id": "3aea953c-3aa2-4d8b-afb6-4c1befa4c418",
      "Relationships": [
        {
          "Type": "CHILD",
          "Ids": [
            "361651a2-cbd5-4bf5-8cae-b6883c50bf9e"
          ]
        }
      ],
      "Page": 1
    }
  ],
  "AnalyzeDocumentModelVersion": "1.0"
}