{
  "DocumentMetadata": {
    "Pages": 1
  },
  "JobStatus": "SUCCEEDED",
  "Blocks": [
    {
      "BlockType": "PAGE",
      "Geometry": {
        "BoundingBox": {
          "Width": 0.5914428234100342,
          "Height": 0.2998514175415039,
          "Left": 0.19131560623645782,
          "Top": 0.34011247754096985
        },
        "Polygon": [
          {
            "X": 0.1919771432876587,
            "Y": 0.34011247754096985
          },
          {
            "X": 0.7827584743499756,
            "Y": 0.3424578905105591
          },
          {
            "X": 0.7826809883117676,
            "Y": 0.6399639248847961
          },
          {
            "X": 0.19131560623645782,
            "Y": 0.6374637484550476
          }
        ]
      },
      "Id": "dbd5caaa-c22c-4017-801f-f6ab939557c5",
      "Relationships": [
        {
          "Type": "CHILD",
          "Ids": [
            "67e89cf6-52a9-46a0-85ef-8383a4b6b3b3",
            "8757793f-4e53-4a67-9037-2ab8e4e6c815",
            "b59d6341-6acf-452a-9467-be534808614f",
            "4ef93aa2-4427-4aba-a1cc-a165e17bb9f1",
            "8b802dc1-f089-4f9e-862d-4c0754bb2e93",
            "1fb158ba-5317-4df6-b413-3649279f7dc9",
            "b50ec8cb-2013-49d0-86f6-ab66dadd3970",
            "610bc955-39d3-4096-a147-3b73799c9270",
            "c90c1297-0b07-432c-ad75-ac34824216ad",
            "4443ddf4-e57f-4aea-87ff-9db73a963463",
            "f19b5e2a-c555-42ac-9215-a7bb009a0b30",
            "7fd8b8a2-6385-4516-88ef-6f997b8a42da",
            "7231e322-387a-47ff-84c5-505b81dc5b51",
            "fa591c8f-962e-4d2e-a452-65cc161823e0",
            "d60078c6-a76d-4efe-b7ba-a185bb0d6d7e",
            "2dca299b-35e4-4f83-9bc8-a7263cd918bd",
            "437ee5e6-4023-4a8b-8f37-2312944d2ed6",
            "d733c89e-05b5-45aa-926d-6d1335d7b656",
            "19d46957-8a40-408d-a5be-5c678b348063",
            "c0aea605-0b32-41dc-948f-726ce7b8b3ed",
            "bb0e8dab-e903-426d-90bf-85785db5b93c",
            "d605cc3e-8f8b-4bce-87a9-223263768626"
          ]
        }
      ],
      "Page": 1
    },
    {
      "BlockType": "LINE",
      "Confidence": 99.92766571044922,
      "Text": "Modified epoxy based",
      "Geometry": {
        "BoundingBox": {
          "Width": 0.1420869380235672,
          "Height": 0.024659186601638794,
          "Left": 0.2499731034040451,
          "Top": 0.39232298731803894
        },
        "Polygon": [
          {
            "X": 0.2500220239162445,
            "Y": 0.39232298731803894
          },
          {
            "X": 0.3920600414276123,
            "Y": 0.3928932845592499
          },
          {
            "X": 0.3920224905014038,
            "Y": 0.41698217391967773
          },
          {
            "X": 0.2499731034040451,
            "Y": 0.41640886664390564
          }
        ]
      },
      "Id": "67e89cf6-52a9-46a0-85ef-8383a4b6b3b3",
      "Relationships": [
        {
          "Type": "CHILD",
          "Ids": [
            "306a0fe8-cf13-4962-96cb-d7b324c8f088",
            "167c9991-8df6-4529-8a0c-7ecb0ef86196",
            "c2500964-0eb7-4142-bd1f-24574c043926"
          ]
        }
      ],
      "Page": 1
    },
    {
      "BlockType": "LINE",
      "Confidence": 99.72459411621094,
      "Text": "TGDDM/DDS content",
      "Geometry": {
        "BoundingBox": {
          "Width": 0.13709697127342224,
          "Height": 0.0236977506428957,
          "Left": 0.4455866813659668,
          "Top": 0.39290711283683777
        },
        "Polygon": [
          {
            "X": 0.4456186294555664,
            "Y": 0.39290711283683777
          },
          {
            "X": 0.5826836228370667,
            "Y": 0.39345741271972656
          },
          {
            "X": 0.5826622247695923,
            "Y": 0.4166048765182495
          },
          {
            "X": 0.4455866813659668,
            "Y": 0.4160517752170563
          }
        ]
      },
      "Id": "8757793f-4e53-4a67-9037-2ab8e4e6c815",
      "Relationships": [
        {
          "Type": "CHILD",
          "Ids": [
            "fb125fab-9c0c-4336-bcb6-1ef819271e67",
            "e2bd694e-5a2b-4318-a826-1d27c29735f5"
          ]
        }
      ],
      "Page": 1
    },
    {
      "BlockType": "LINE",
      "Confidence": 99.89608001708984,
      "Text": "Toughener content",
      "Geometry": {
        "BoundingBox": {
          "Width": 0.12358099222183228,
          "Height": 0.02434036321938038,
          "Left": 0.6356244683265686,
          "Top": 0.39308011531829834
        },
        "Polygon": [
          {
            "X": 0.6356423497200012,
            "Y": 0.39308011531829834
          },
          {
            "X": 0.7592054605484009,
            "Y": 0.39357614517211914
          },
          {
            "X": 0.7591973543167114,
            "Y": 0.41742047667503357
          },
          {
            "X": 0.6356244683265686,
            "Y": 0.41692185401916504
          }
        ]
      },
      "Id": "b59d6341-6acf-452a-9467-be534808614f",
      "Relationships": [
        {
          "Type": "CHILD",
          "Ids": [
            "5cc305f9-1c17-4008-8bd8-aa2ff7dab548",
            "141845cf-916a-4427-b8e4-8650bca6ee86"
          ]
        }
      ],
      "Page": 1
    },
    {
      "BlockType": "LINE",
      "Confidence": 99.66764068603516,
      "Text": "formulations",
      "Geometry": {
        "BoundingBox": {
          "Width": 0.08277364820241928,
          "Height": 0.019774438813328743,
          "Left": 0.24989072978496552,
          "Top": 0.4227984845638275
        },
        "Polygon": [
          {
            "X": 0.2499302178621292,
            "Y": 0.4227984845638275
          },
          {
            "X": 0.3326643705368042,
            "Y": 0.42313283681869507
          },
          {
            "X": 0.3326302468776703,
            "Y": 0.4425729215145111
          },
          {
            "X": 0.24989072978496552,
            "Y": 0.44223713874816895
          }
        ]
      },
      "Id": "4ef93aa2-4427-4aba-a1cc-a165e17bb9f1",
      "Relationships": [
        {
          "Type": "CHILD",
          "Ids": [
            "087fa69e-0fc2-4191-a199-75de98c3d116"
          ]
        }
      ],
      "Page": 1
    },
    {
      "BlockType": "LINE",
      "Confidence": 98.40592956542969,
      "Text": "(wt%)",
      "Geometry": {
        "BoundingBox": {
          "Width": 0.036420632153749466,
          "Height": 0.02423088252544403,
          "Left": 0.44616639614105225,
          "Top": 0.4228760302066803
        },
        "Polygon": [
          {
            "X": 0.4461996257305145,
            "Y": 0.4228760302066803
          },
          {
            "X": 0.4825870394706726,
            "Y": 0.4230230748653412
          },
          {
            "X": 0.4825567305088043,
            "Y": 0.4471069276332855
          },
          {
            "X": 0.44616639614105225,
            "Y": 0.44695910811424255
          }
        ]
      },
      "Id": "8b802dc1-f089-4f9e-862d-4c0754bb2e93",
      "Relationships": [
        {
          "Type": "CHILD",
          "Ids": [
            "520198a6-7c58-4d4b-87df-28f99f67450a"
          ]
        }
      ],
      "Page": 1
    },
    {
      "BlockType": "LINE",
      "Confidence": 96.05340576171875,
      "Text": "(wt%)",
      "Geometry": {
        "BoundingBox": {
          "Width": 0.03639273717999458,
          "Height": 0.02384934015572071,
          "Left": 0.6361624598503113,
          "Top": 0.4231291115283966
        },
        "Polygon": [
          {
            "X": 0.6361801624298096,
            "Y": 0.4231291115283966
          },
          {
            "X": 0.6725552082061768,
            "Y": 0.4232760965824127
          },
          {
            "X": 0.6725403666496277,
            "Y": 0.44697847962379456
          },
          {
            "X": 0.6361624598503113,
            "Y": 0.44683074951171875
          }
        ]
      },
      "Id": "1fb158ba-5317-4df6-b413-3649279f7dc9",
      "Relationships": [
        {
          "Type": "CHILD",
          "Ids": [
            "dc558d1c-5138-463a-a85f-14daafc0157b"
          ]
        }
      ],
      "Page": 1
    },
    {
      "BlockType": "LINE",
      "Confidence": 99.76071166992188,
      "Text": "REF",
      "Geometry": {
        "BoundingBox": {
          "Width": 0.024140290915966034,
          "Height": 0.018007609993219376,
          "Left": 0.25017285346984863,
          "Top": 0.4694638252258301
        },
        "Polygon": [
          {
            "X": 0.2502092123031616,
            "Y": 0.4694638252258301
          },
          {
            "X": 0.27431315183639526,
            "Y": 0.46956223249435425
          },
          {
            "X": 0.2742782235145569,
            "Y": 0.48747143149375916
          },
          {
            "X": 0.25017285346984863,
            "Y": 0.48737266659736633
          }
        ]
      },
      "Id": "b50ec8cb-2013-49d0-86f6-ab66dadd3970",
      "Relationships": [
        {
          "Type": "CHILD",
          "Ids": [
            "a80d9357-dcf1-4156-9144-80208c52f572"
          ]
        }
      ],
      "Page": 1
    },
    {
      "BlockType": "LINE",
      "Confidence": 99.96813201904297,
      "Text": "100",
      "Geometry": {
        "BoundingBox": {
          "Width": 0.02311934530735016,
          "Height": 0.01833312399685383,
          "Left": 0.4474901556968689,
          "Top": 0.4692841172218323
        },
        "Polygon": [
          {
            "X": 0.44751521944999695,
            "Y": 0.4692841172218323
          },
          {
            "X": 0.47060948610305786,
            "Y": 0.46937835216522217
          },
          {
            "X": 0.47058582305908203,
            "Y": 0.48761725425720215
          },
          {
            "X": 0.4474901556968689,
            "Y": 0.4875226318836212
          }
        ]
      },
      "Id": "610bc955-39d3-4096-a147-3b73799c9270",
      "Relationships": [
        {
          "Type": "CHILD",
          "Ids": [
            "3ef4f241-b217-40f1-9fc8-438a831d2137"
          ]
        }
      ],
      "Page": 1
    },
    {
      "BlockType": "LINE",
      "Confidence": 98.92805480957031,
      "Text": "-",
      "Geometry": {
        "BoundingBox": {
          "Width": 0.009939482435584068,
          "Height": 0.004076715093106031,
          "Left": 0.6366574168205261,
          "Top": 0.4780101776123047
        },
        "Polygon": [
          {
            "X": 0.6366603970527649,
            "Y": 0.4780101776123047
          },
          {
            "X": 0.6465968489646912,
            "Y": 0.4780507981777191
          },
          {
            "X": 0.6465939879417419,
            "Y": 0.4820868968963623
          },
          {
            "X": 0.6366574168205261,
            "Y": 0.4820462465286255
          }
        ]
      },
      "Id": "c90c1297-0b07-432c-ad75-ac34824216ad",
      "Relationships": [
        {
          "Type": "CHILD",
          "Ids": [
            "f87b7224-446b-4310-b436-017e9c407488"
          ]
        }
      ],
      "Page": 1
    },
    {
      "BlockType": "LINE",
      "Confidence": 99.84284210205078,
      "Text": "+MAM",
      "Geometry": {
        "BoundingBox": {
          "Width": 0.045126691460609436,
          "Height": 0.019995175302028656,
          "Left": 0.25102943181991577,
          "Top": 0.4994962811470032
        },
        "Polygon": [
          {
            "X": 0.2510696053504944,
            "Y": 0.4994962811470032
          },
          {
            "X": 0.2961561381816864,
            "Y": 0.4996815025806427
          },
          {
            "X": 0.29611894488334656,
            "Y": 0.51949143409729
          },
          {
            "X": 0.25102943181991577,
            "Y": 0.5193054676055908
          }
        ]
      },
      "Id": "4443ddf4-e57f-4aea-87ff-9db73a963463",
      "Relationships": [
        {
          "Type": "CHILD",
          "Ids": [
            "424b3b14-eeb6-4d3b-9c23-c90b821dea06"
          ]
        }
      ],
      "Page": 1
    },
    {
      "BlockType": "LINE",
      "Confidence": 99.98136138916016,
      "Text": "90",
      "Geometry": {
        "BoundingBox": {
          "Width": 0.015841150656342506,
          "Height": 0.017873570322990417,
          "Left": 0.4463874399662018,
          "Top": 0.4999568462371826
        },
        "Polygon": [
          {
            "X": 0.44641196727752686,
            "Y": 0.4999568462371826
          },
          {
            "X": 0.46222859621047974,
            "Y": 0.5000218152999878
          },
          {
            "X": 0.4622049927711487,
            "Y": 0.5178304314613342
          },
          {
            "X": 0.4463874399662018,
            "Y": 0.51776522397995
          }
        ]
      },
      "Id": "f19b5e2a-c555-42ac-9215-a7bb009a0b30",
      "Relationships": [
        {
          "Type": "CHILD",
          "Ids": [
            "6cab2686-60a7-4239-b122-e7a03f636c89"
          ]
        }
      ],
      "Page": 1
    },
    {
      "BlockType": "LINE",
      "Confidence": 99.93681335449219,
      "Text": "10",
      "Geometry": {
        "BoundingBox": {
          "Width": 0.014418907463550568,
          "Height": 0.01857885718345642,
          "Left": 0.6377694010734558,
          "Top": 0.4995751976966858
        },
        "Polygon": [
          {
            "X": 0.6377831101417542,
            "Y": 0.4995751976966858
          },
          {
            "X": 0.6521883010864258,
            "Y": 0.49963435530662537
          },
          {
            "X": 0.6521754264831543,
            "Y": 0.5181540846824646
          },
          {
            "X": 0.6377694010734558,
            "Y": 0.5180946588516235
          }
        ]
      },
      "Id": "7fd8b8a2-6385-4516-88ef-6f997b8a42da",
      "Relationships": [
        {
          "Type": "CHILD",
          "Ids": [
            "9084df6a-757c-40db-92ff-ba8ab8232bee"
          ]
        }
      ],
      "Page": 1
    },
    {
      "BlockType": "LINE",
      "Confidence": 99.80287170410156,
      "Text": "+CTBN",
      "Geometry": {
        "BoundingBox": {
          "Width": 0.0446411594748497,
          "Height": 0.019500738009810448,
          "Left": 0.2507791221141815,
          "Top": 0.5298948287963867
        },
        "Polygon": [
          {
            "X": 0.25081828236579895,
            "Y": 0.5298948287963867
          },
          {
            "X": 0.29542025923728943,
            "Y": 0.530079185962677
          },
          {
            "X": 0.2953839600086212,
            "Y": 0.5493955612182617
          },
          {
            "X": 0.2507791221141815,
            "Y": 0.5492103695869446
          }
        ]
      },
      "Id": "7231e322-387a-47ff-84c5-505b81dc5b51",
      "Relationships": [
        {
          "Type": "CHILD",
          "Ids": [
            "b64534f0-5d21-47c2-ad0f-558135fcae05"
          ]
        }
      ],
      "Page": 1
    },
    {
      "BlockType": "LINE",
      "Confidence": 99.97976684570312,
      "Text": "90",
      "Geometry": {
        "BoundingBox": {
          "Width": 0.015769794583320618,
          "Height": 0.01784524694085121,
          "Left": 0.44644150137901306,
          "Top": 0.5303329825401306
        },
        "Polygon": [
          {
            "X": 0.44646599888801575,
            "Y": 0.5303329825401306
          },
          {
            "X": 0.4622113108634949,
            "Y": 0.5303980708122253
          },
          {
            "X": 0.4621877372264862,
            "Y": 0.5481782555580139
          },
          {
            "X": 0.44644150137901306,
            "Y": 0.5481129288673401
          }
        ]
      },
      "Id": "fa591c8f-962e-4d2e-a452-65cc161823e0",
      "Relationships": [
        {
          "Type": "CHILD",
          "Ids": [
            "469d3342-c95b-41bf-974c-c0dcb90cb85e"
          ]
        }
      ],
      "Page": 1
    },
    {
      "BlockType": "LINE",
      "Confidence": 99.8989028930664,
      "Text": "10",
      "Geometry": {
        "BoundingBox": {
          "Width": 0.014514245092868805,
          "Height": 0.018321480602025986,
          "Left": 0.6377294659614563,
          "Top": 0.5300232172012329
        },
        "Polygon": [
          {
            "X": 0.6377430558204651,
            "Y": 0.5300232172012329
          },
          {
            "X": 0.6522437334060669,
            "Y": 0.5300831198692322
          },
          {
            "X": 0.6522310376167297,
            "Y": 0.5483446717262268
          },
          {
            "X": 0.6377294659614563,
            "Y": 0.5482845306396484
          }
        ]
      },
      "Id": "d60078c6-a76d-4efe-b7ba-a185bb0d6d7e",
      "Relationships": [
        {
          "Type": "CHILD",
          "Ids": [
            "5326bb7b-1f7a-457b-b0e7-b3e5c2763ba6"
          ]
        }
      ],
      "Page": 1
    },
    {
      "BlockType": "LINE",
      "Confidence": 99.22669219970703,
      "Text": "+PESOH",
      "Geometry": {
        "BoundingBox": {
          "Width": 0.05401969328522682,
          "Height": 0.01982823945581913,
          "Left": 0.2501174807548523,
          "Top": 0.5599937438964844
        },
        "Polygon": [
          {
            "X": 0.25015726685523987,
            "Y": 0.5599937438964844
          },
          {
            "X": 0.3041371703147888,
            "Y": 0.560218334197998
          },
          {
            "X": 0.304100900888443,
            "Y": 0.5798220038414001
          },
          {
            "X": 0.2501174807548523,
            "Y": 0.5795964598655701
          }
        ]
      },
      "Id": "2dca299b-35e4-4f83-9bc8-a7263cd918bd",
      "Relationships": [
        {
          "Type": "CHILD",
          "Ids": [
            "88e23be2-cd96-4109-8e6a-6aa5e568e79e"
          ]
        }
      ],
      "Page": 1
    },
    {
      "BlockType": "LINE",
      "Confidence": 99.98057556152344,
      "Text": "90",
      "Geometry": {
        "BoundingBox": {
          "Width": 0.01562817394733429,
          "Height": 0.01848866231739521,
          "Left": 0.4465409219264984,
          "Top": 0.5604020357131958
        },
        "Polygon": [
          {
            "X": 0.44656628370285034,
            "Y": 0.5604020357131958
          },
          {
            "X": 0.4621690809726715,
            "Y": 0.5604669451713562
          },
          {
            "X": 0.462144672870636,
            "Y": 0.5788906812667847
          },
          {
            "X": 0.4465409219264984,
            "Y": 0.5788255333900452
          }
        ]
      },
      "Id": "437ee5e6-4023-4a8b-8f37-2312944d2ed6",
      "Relationships": [
        {
          "Type": "CHILD",
          "Ids": [
            "c7cfc06f-c561-4c9e-b83d-05eab459290d"
          ]
        }
      ],
      "Page": 1
    },
    {
      "BlockType": "LINE",
      "Confidence": 99.91670227050781,
      "Text": "10",
      "Geometry": {
        "BoundingBox": {
          "Width": 0.014545774087309837,
          "Height": 0.018354548141360283,
          "Left": 0.6377388834953308,
          "Top": 0.560290515422821
        },
        "Polygon": [
          {
            "X": 0.6377524733543396,
            "Y": 0.560290515422821
          },
          {
            "X": 0.6522846817970276,
            "Y": 0.5603509545326233
          },
          {
            "X": 0.6522719860076904,
            "Y": 0.5786451101303101
          },
          {
            "X": 0.6377388834953308,
            "Y": 0.5785844326019287
          }
        ]
      },
      "Id": "d733c89e-05b5-45aa-926d-6d1335d7b656",
      "Relationships": [
        {
          "Type": "CHILD",
          "Ids": [
            "aab683fe-ee52-4a6b-9366-38f84ab9a8ad"
          ]
        }
      ],
      "Page": 1
    },
    {
      "BlockType": "LINE",
      "Confidence": 99.6117172241211,
      "Text": "+PKHH",
      "Geometry": {
        "BoundingBox": {
          "Width": 0.048096273094415665,
          "Height": 0.019325239583849907,
          "Left": 0.25062745809555054,
          "Top": 0.5904931426048279
        },
        "Polygon": [
          {
            "X": 0.25066623091697693,
            "Y": 0.5904931426048279
          },
          {
            "X": 0.2987237274646759,
            "Y": 0.5906943678855896
          },
          {
            "X": 0.29868799448013306,
            "Y": 0.6098183989524841
          },
          {
            "X": 0.25062745809555054,
            "Y": 0.6096163392066956
          }
        ]
      },
      "Id": "19d46957-8a40-408d-a5be-5c678b348063",
      "Relationships": [
        {
          "Type": "CHILD",
          "Ids": [
            "3f819ae1-8e39-44c4-b912-40b7d50d8c08"
          ]
        }
      ],
      "Page": 1
    },
    {
      "BlockType": "LINE",
      "Confidence": 99.98619842529297,
      "Text": "90",
      "Geometry": {
        "BoundingBox": {
          "Width": 0.015878019854426384,
          "Height": 0.018323805183172226,
          "Left": 0.44640859961509705,
          "Top": 0.5905828475952148
        },
        "Polygon": [
          {
            "X": 0.44643375277519226,
            "Y": 0.5905828475952148
          },
          {
            "X": 0.4622866213321686,
            "Y": 0.5906491875648499
          },
          {
            "X": 0.46226245164871216,
            "Y": 0.608906626701355
          },
          {
            "X": 0.44640859961509705,
            "Y": 0.6088399887084961
          }
        ]
      },
      "Id": "c0aea605-0b32-41dc-948f-726ce7b8b3ed",
      "Relationships": [
        {
          "Type": "CHILD",
          "Ids": [
            "c67148bf-1375-4509-8f55-d995d95b76b1"
          ]
        }
      ],
      "Page": 1
    },
    {
      "BlockType": "LINE",
      "Confidence": 99.91963958740234,
      "Text": "10",
      "Geometry": {
        "BoundingBox": {
          "Width": 0.01450863853096962,
          "Height": 0.01826450787484646,
          "Left": 0.6376815438270569,
          "Top": 0.590668261051178
        },
        "Polygon": [
          {
            "X": 0.6376950144767761,
            "Y": 0.590668261051178
          },
          {
            "X": 0.6521901488304138,
            "Y": 0.5907288789749146
          },
          {
            "X": 0.6521775126457214,
            "Y": 0.6089327335357666
          },
          {
            "X": 0.6376815438270569,
            "Y": 0.6088718175888062
          }
        ]
      },
      "Id": "bb0e8dab-e903-426d-90bf-85785db5b93c",
      "Relationships": [
        {
          "Type": "CHILD",
          "Ids": [
            "c728a40c-24f2-4027-a2f4-067c4d19e49d"
          ]
        }
      ],
      "Page": 1
    },
    {
      "BlockType": "WORD",
      "Confidence": 99.94573974609375,
      "Text": "Modified",
      "TextType": "PRINTED",
      "Geometry": {
        "BoundingBox": {
          "Width": 0.057726506143808365,
          "Height": 0.019423946738243103,
          "Left": 0.2499825805425644,
          "Top": 0.39255309104919434
        },
        "Polygon": [
          {
            "X": 0.2500215768814087,
            "Y": 0.39255309104919434
          },
          {
            "X": 0.30770909786224365,
            "Y": 0.3927847146987915
          },
          {
            "X": 0.30767378211021423,
            "Y": 0.41197702288627625
          },
          {
            "X": 0.2499825805425644,
            "Y": 0.4117444157600403
          }
        ]
      },
      "Id": "306a0fe8-cf13-4962-96cb-d7b324c8f088",
      "Page": 1
    },
    {
      "BlockType": "WORD",
      "Confidence": 99.84314727783203,
      "Text": "epoxy",
      "TextType": "PRINTED",
      "Geometry": {
        "BoundingBox": {
          "Width": 0.03894289955496788,
          "Height": 0.019143512472510338,
          "Left": 0.3123626112937927,
          "Top": 0.39767420291900635
        },
        "Polygon": [
          {
            "X": 0.3123972415924072,
            "Y": 0.39767420291900635
          },
          {
            "X": 0.3513055145740509,
            "Y": 0.397830605506897
          },
          {
            "X": 0.3512733578681946,
            "Y": 0.41681772470474243
          },
          {
            "X": 0.3123626112937927,
            "Y": 0.4166606664657593
          }
        ]
      },
      "Id": "167c9991-8df6-4529-8a0c-7ecb0ef86196",
      "Page": 1
    },
    {
      "BlockType": "WORD",
      "Confidence": 99.99410247802734,
      "Text": "based",
      "TextType": "PRINTED",
      "Geometry": {
        "BoundingBox": {
          "Width": 0.036439117044210434,
          "Height": 0.019189411774277687,
          "Left": 0.3556209206581116,
          "Top": 0.39274710416793823
        },
        "Polygon": [
          {
            "X": 0.35565292835235596,
            "Y": 0.39274710416793823
          },
          {
            "X": 0.3920600414276123,
            "Y": 0.3928932845592499
          },
          {
            "X": 0.39203035831451416,
            "Y": 0.41193652153015137
          },
          {
            "X": 0.3556209206581116,
            "Y": 0.4117897152900696
          }
        ]
      },
      "Id": "c2500964-0eb7-4142-bd1f-24574c043926",
      "Page": 1
    },
    {
      "BlockType": "WORD",
      "Confidence": 99.4889144897461,
      "Text": "TGDDM/DDS",
      "TextType": "PRINTED",
      "Geometry": {
        "BoundingBox": {
          "Width": 0.08343615382909775,
          "Height": 0.0234812144190073,
          "Left": 0.4455866813659668,
          "Top": 0.39290711283683777
        },
        "Polygon": [
          {
            "X": 0.4456186294555664,
            "Y": 0.39290711283683777
          },
          {
            "X": 0.5290228128433228,
            "Y": 0.3932419717311859
          },
          {
            "X": 0.5289973020553589,
            "Y": 0.4163883328437805
          },
          {
            "X": 0.4455866813659668,
            "Y": 0.4160517752170563
          }
        ]
      },
      "Id": "fb125fab-9c0c-4336-bcb6-1ef819271e67",
      "Page": 1
    },
    {
      "BlockType": "WORD",
      "Confidence": 99.96026611328125,
      "Text": "content",
      "TextType": "PRINTED",
      "Geometry": {
        "BoundingBox": {
          "Width": 0.04917028173804283,
          "Height": 0.01659409888088703,
          "Left": 0.5335112810134888,
          "Top": 0.3955053985118866
        },
        "Polygon": [
          {
            "X": 0.5335291028022766,
            "Y": 0.3955053985118866
          },
          {
            "X": 0.5826815366744995,
            "Y": 0.3957028388977051
          },
          {
            "X": 0.5826663970947266,
            "Y": 0.4120994806289673
          },
          {
            "X": 0.5335112810134888,
            "Y": 0.4119013547897339
          }
        ]
      },
      "Id": "e2bd694e-5a2b-4318-a826-1d27c29735f5",
      "Page": 1
    },
    {
      "BlockType": "WORD",
      "Confidence": 99.81002807617188,
      "Text": "Toughener",
      "TextType": "PRINTED",
      "Geometry": {
        "BoundingBox": {
          "Width": 0.07015220075845718,
          "Height": 0.024124758318066597,
          "Left": 0.6356244683265686,
          "Top": 0.39308011531829834
        },
        "Polygon": [
          {
            "X": 0.6356423497200012,
            "Y": 0.39308011531829834
          },
          {
            "X": 0.7057766318321228,
            "Y": 0.3933616578578949
          },
          {
            "X": 0.7057643532752991,
            "Y": 0.417204886674881
          },
          {
            "X": 0.6356244683265686,
            "Y": 0.41692185401916504
          }
        ]
      },
      "Id": "5cc305f9-1c17-4008-8bd8-aa2ff7dab548",
      "Page": 1
    },
    {
      "BlockType": "WORD",
      "Confidence": 99.98213195800781,
      "Text": "content",
      "TextType": "PRINTED",
      "Geometry": {
        "BoundingBox": {
          "Width": 0.04926324635744095,
          "Height": 0.016889534890651703,
          "Left": 0.7099415063858032,
          "Top": 0.39541682600975037
        },
        "Polygon": [
          {
            "X": 0.7099499106407166,
            "Y": 0.39541682600975037
          },
          {
            "X": 0.7592047452926636,
            "Y": 0.3956146240234375
          },
          {
            "X": 0.7591990828514099,
            "Y": 0.4123063385486603
          },
          {
            "X": 0.7099415063858032,
            "Y": 0.41210782527923584
          }
        ]
      },
      "Id": "141845cf-916a-4427-b8e4-8650bca6ee86",
      "Page": 1
    },
    {
      "BlockType": "WORD",
      "Confidence": 99.66764068603516,
      "Text": "formulations",
      "TextType": "PRINTED",
      "Geometry": {
        "BoundingBox": {
          "Width": 0.08277364820241928,
          "Height": 0.019774438813328743,
          "Left": 0.24989072978496552,
          "Top": 0.4227984845638275
        },
        "Polygon": [
          {
            "X": 0.2499302178621292,
            "Y": 0.4227984845638275
          },
          {
            "X": 0.3326643705368042,
            "Y": 0.42313283681869507
          },
          {
            "X": 0.3326302468776703,
            "Y": 0.4425729215145111
          },
          {
            "X": 0.24989072978496552,
            "Y": 0.44223713874816895
          }
        ]
      },
      "Id": "087fa69e-0fc2-4191-a199-75de98c3d116",
      "Page": 1
    },
    {
      "BlockType": "WORD",
      "Confidence": 98.40592956542969,
      "Text": "(wt%)",
      "TextType": "PRINTED",
      "Geometry": {
        "BoundingBox": {
          "Width": 0.036420632153749466,
          "Height": 0.02423088252544403,
          "Left": 0.44616639614105225,
          "Top": 0.4228760302066803
        },
        "Polygon": [
          {
            "X": 0.4461996257305145,
            "Y": 0.4228760302066803
          },
          {
            "X": 0.4825870394706726,
            "Y": 0.4230230748653412
          },
          {
            "X": 0.4825567305088043,
            "Y": 0.4471069276332855
          },
          {
            "X": 0.44616639614105225,
            "Y": 0.44695910811424255
          }
        ]
      },
      "Id": "520198a6-7c58-4d4b-87df-28f99f67450a",
      "Page": 1
    },
    {
      "BlockType": "WORD",
      "Confidence": 96.05340576171875,
      "Text": "(wt%)",
      "TextType": "PRINTED",
      "Geometry": {
        "BoundingBox": {
          "Width": 0.03639273717999458,
          "Height": 0.02384934015572071,
          "Left": 0.6361624598503113,
          "Top": 0.4231291115283966
        },
        "Polygon": [
          {
            "X": 0.6361801624298096,
            "Y": 0.4231291115283966
          },
          {
            "X": 0.6725552082061768,
            "Y": 0.4232760965824127
          },
          {
            "X": 0.6725403666496277,
            "Y": 0.44697847962379456
          },
          {
            "X": 0.6361624598503113,
            "Y": 0.44683074951171875
          }
        ]
      },
      "Id": "dc558d1c-5138-463a-a85f-14daafc0157b",
      "Page": 1
    },
    {
      "BlockType": "WORD",
      "Confidence": 99.76071166992188,
      "Text": "REF",
      "TextType": "PRINTED",
      "Geometry": {
        "BoundingBox": {
          "Width": 0.024140290915966034,
          "Height": 0.018007609993219376,
          "Left": 0.25017285346984863,
          "Top": 0.4694638252258301
        },
        "Polygon": [
          {
            "X": 0.2502092123031616,
            "Y": 0.4694638252258301
          },
          {
            "X": 0.27431315183639526,
            "Y": 0.46956223249435425
          },
          {
            "X": 0.2742782235145569,
            "Y": 0.48747143149375916
          },
          {
            "X": 0.25017285346984863,
            "Y": 0.48737266659736633
          }
        ]
      },
      "Id": "a80d9357-dcf1-4156-9144-80208c52f572",
      "Page": 1
    },
    {
      "BlockType": "WORD",
      "Confidence": 99.96813201904297,
      "Text": "100",
      "TextType": "PRINTED",
      "Geometry": {
        "BoundingBox": {
          "Width": 0.02311934530735016,
          "Height": 0.01833312399685383,
          "Left": 0.4474901556968689,
          "Top": 0.4692841172218323
        },
        "Polygon": [
          {
            "X": 0.44751521944999695,
            "Y": 0.4692841172218323
          },
          {
            "X": 0.47060948610305786,
            "Y": 0.46937835216522217
          },
          {
            "X": 0.47058582305908203,
            "Y": 0.48761725425720215
          },
          {
            "X": 0.4474901556968689,
            "Y": 0.4875226318836212
          }
        ]
      },
      "Id": "3ef4f241-b217-40f1-9fc8-438a831d2137",
      "Page": 1
    },
    {
      "BlockType": "WORD",
      "Confidence": 98.92805480957031,
      "Text": "-",
      "TextType": "PRINTED",
      "Geometry": {
        "BoundingBox": {
          "Width": 0.009939482435584068,
          "Height": 0.004076715093106031,
          "Left": 0.6366574168205261,
          "Top": 0.4780101776123047
        },
        "Polygon": [
          {
            "X": 0.6366603970527649,
            "Y": 0.4780101776123047
          },
          {
            "X": 0.6465968489646912,
            "Y": 0.4780507981777191
          },
          {
            "X": 0.6465939879417419,
            "Y": 0.4820868968963623
          },
          {
            "X": 0.6366574168205261,
            "Y": 0.4820462465286255
          }
        ]
      },
      "Id": "f87b7224-446b-4310-b436-017e9c407488",
      "Page": 1
    },
    {
      "BlockType": "WORD",
      "Confidence": 99.84284210205078,
      "Text": "+MAM",
      "TextType": "PRINTED",
      "Geometry": {
        "BoundingBox": {
          "Width": 0.045126691460609436,
          "Height": 0.019995175302028656,
          "Left": 0.25102943181991577,
          "Top": 0.4994962811470032
        },
        "Polygon": [
          {
            "X": 0.2510696053504944,
            "Y": 0.4994962811470032
          },
          {
            "X": 0.2961561381816864,
            "Y": 0.4996815025806427
          },
          {
            "X": 0.29611894488334656,
            "Y": 0.51949143409729
          },
          {
            "X": 0.25102943181991577,
            "Y": 0.5193054676055908
          }
        ]
      },
      "Id": "424b3b14-eeb6-4d3b-9c23-c90b821dea06",
      "Page": 1
    },
    {
      "BlockType": "WORD",
      "Confidence": 99.98136138916016,
      "Text": "90",
      "TextType": "PRINTED",
      "Geometry": {
        "BoundingBox": {
          "Width": 0.015841150656342506,
          "Height": 0.017873570322990417,
          "Left": 0.4463874399662018,
          "Top": 0.4999568462371826
        },
        "Polygon": [
          {
            "X": 0.44641196727752686,
            "Y": 0.4999568462371826
          },
          {
            "X": 0.46222859621047974,
            "Y": 0.5000218152999878
          },
          {
            "X": 0.4622049927711487,
            "Y": 0.5178304314613342
          },
          {
            "X": 0.4463874399662018,
            "Y": 0.51776522397995
          }
        ]
      },
      "Id": "6cab2686-60a7-4239-b122-e7a03f636c89",
      "Page": 1
    },
    {
      "BlockType": "WORD",
      "Confidence": 99.93681335449219,
      "Text": "10",
      "TextType": "PRINTED",
      "Geometry": {
        "BoundingBox": {
          "Width": 0.014418907463550568,
          "Height": 0.01857885718345642,
          "Left": 0.6377694010734558,
          "Top": 0.4995751976966858
        },
        "Polygon": [
          {
            "X": 0.6377831101417542,
            "Y": 0.4995751976966858
          },
          {
            "X": 0.6521883010864258,
            "Y": 0.49963435530662537
          },
          {
            "X": 0.6521754264831543,
            "Y": 0.5181540846824646
          },
          {
            "X": 0.6377694010734558,
            "Y": 0.5180946588516235
          }
        ]
      },
      "Id": "9084df6a-757c-40db-92ff-ba8ab8232bee",
      "Page": 1
    },
    {
      "BlockType": "WORD",
      "Confidence": 99.80287170410156,
      "Text": "+CTBN",
      "TextType": "PRINTED",
      "Geometry": {
        "BoundingBox": {
          "Width": 0.0446411594748497,
          "Height": 0.019500738009810448,
          "Left": 0.2507791221141815,
          "Top": 0.5298948287963867
        },
        "Polygon": [
          {
            "X": 0.25081828236579895,
            "Y": 0.5298948287963867
          },
          {
            "X": 0.29542025923728943,
            "Y": 0.530079185962677
          },
          {
            "X": 0.2953839600086212,
            "Y": 0.5493955612182617
          },
          {
            "X": 0.2507791221141815,
            "Y": 0.5492103695869446
          }
        ]
      },
      "Id": "b64534f0-5d21-47c2-ad0f-558135fcae05",
      "Page": 1
    },
    {
      "BlockType": "WORD",
      "Confidence": 99.97976684570312,
      "Text": "90",
      "TextType": "PRINTED",
      "Geometry": {
        "BoundingBox": {
          "Width": 0.015769794583320618,
          "Height": 0.01784524694085121,
          "Left": 0.44644150137901306,
          "Top": 0.5303329825401306
        },
        "Polygon": [
          {
            "X": 0.44646599888801575,
            "Y": 0.5303329825401306
          },
          {
            "X": 0.4622113108634949,
            "Y": 0.5303980708122253
          },
          {
            "X": 0.4621877372264862,
            "Y": 0.5481782555580139
          },
          {
            "X": 0.44644150137901306,
            "Y": 0.5481129288673401
          }
        ]
      },
      "Id": "469d3342-c95b-41bf-974c-c0dcb90cb85e",
      "Page": 1
    },
    {
      "BlockType": "WORD",
      "Confidence": 99.8989028930664,
      "Text": "10",
      "TextType": "PRINTED",
      "Geometry": {
        "BoundingBox": {
          "Width": 0.014514245092868805,
          "Height": 0.018321480602025986,
          "Left": 0.6377294659614563,
          "Top": 0.5300232172012329
        },
        "Polygon": [
          {
            "X": 0.6377430558204651,
            "Y": 0.5300232172012329
          },
          {
            "X": 0.6522437334060669,
            "Y": 0.5300831198692322
          },
          {
            "X": 0.6522310376167297,
            "Y": 0.5483446717262268
          },
          {
            "X": 0.6377294659614563,
            "Y": 0.5482845306396484
          }
        ]
      },
      "Id": "5326bb7b-1f7a-457b-b0e7-b3e5c2763ba6",
      "Page": 1
    },
    {
      "BlockType": "WORD",
      "Confidence": 99.22669219970703,
      "Text": "+PESOH",
      "TextType": "PRINTED",
      "Geometry": {
        "BoundingBox": {
          "Width": 0.05401969328522682,
          "Height": 0.01982823945581913,
          "Left": 0.2501174807548523,
          "Top": 0.5599937438964844
        },
        "Polygon": [
          {
            "X": 0.25015726685523987,
            "Y": 0.5599937438964844
          },
          {
            "X": 0.3041371703147888,
            "Y": 0.560218334197998
          },
          {
            "X": 0.304100900888443,
            "Y": 0.5798220038414001
          },
          {
            "X": 0.2501174807548523,
            "Y": 0.5795964598655701
          }
        ]
      },
      "Id": "88e23be2-cd96-4109-8e6a-6aa5e568e79e",
      "Page": 1
    },
    {
      "BlockType": "WORD",
      "Confidence": 99.98057556152344,
      "Text": "90",
      "TextType": "PRINTED",
      "Geometry": {
        "BoundingBox": {
          "Width": 0.01562817394733429,
          "Height": 0.01848866231739521,
          "Left": 0.4465409219264984,
          "Top": 0.5604020357131958
        },
        "Polygon": [
          {
            "X": 0.44656628370285034,
            "Y": 0.5604020357131958
          },
          {
            "X": 0.4621690809726715,
            "Y": 0.5604669451713562
          },
          {
            "X": 0.462144672870636,
            "Y": 0.5788906812667847
          },
          {
            "X": 0.4465409219264984,
            "Y": 0.5788255333900452
          }
        ]
      },
      "Id": "c7cfc06f-c561-4c9e-b83d-05eab459290d",
      "Page": 1
    },
    {
      "BlockType": "WORD",
      "Confidence": 99.91670227050781,
      "Text": "10",
      "TextType": "PRINTED",
      "Geometry": {
        "BoundingBox": {
          "Width": 0.014545774087309837,
          "Height": 0.018354548141360283,
          "Left": 0.6377388834953308,
          "Top": 0.560290515422821
        },
        "Polygon": [
          {
            "X": 0.6377524733543396,
            "Y": 0.560290515422821
          },
          {
            "X": 0.6522846817970276,
            "Y": 0.5603509545326233
          },
          {
            "X": 0.6522719860076904,
            "Y": 0.5786451101303101
          },
          {
            "X": 0.6377388834953308,
            "Y": 0.5785844326019287
          }
        ]
      },
      "Id": "aab683fe-ee52-4a6b-9366-38f84ab9a8ad",
      "Page": 1
    },
    {
      "BlockType": "WORD",
      "Confidence": 99.6117172241211,
      "Text": "+PKHH",
      "TextType": "PRINTED",
      "Geometry": {
        "BoundingBox": {
          "Width": 0.048096273094415665,
          "Height": 0.019325239583849907,
          "Left": 0.25062745809555054,
          "Top": 0.5904931426048279
        },
        "Polygon": [
          {
            "X": 0.25066623091697693,
            "Y": 0.5904931426048279
          },
          {
            "X": 0.2987237274646759,
            "Y": 0.5906943678855896
          },
          {
            "X": 0.29868799448013306,
            "Y": 0.6098183989524841
          },
          {
            "X": 0.25062745809555054,
            "Y": 0.6096163392066956
          }
        ]
      },
      "Id": "3f819ae1-8e39-44c4-b912-40b7d50d8c08",
      "Page": 1
    },
    {
      "BlockType": "WORD",
      "Confidence": 99.98619842529297,
      "Text": "90",
      "TextType": "PRINTED",
      "Geometry": {
        "BoundingBox": {
          "Width": 0.015878019854426384,
          "Height": 0.018323805183172226,
          "Left": 0.44640859961509705,
          "Top": 0.5905828475952148
        },
        "Polygon": [
          {
            "X": 0.44643375277519226,
            "Y": 0.5905828475952148
          },
          {
            "X": 0.4622866213321686,
            "Y": 0.5906491875648499
          },
          {
            "X": 0.46226245164871216,
            "Y": 0.608906626701355
          },
          {
            "X": 0.44640859961509705,
            "Y": 0.6088399887084961
          }
        ]
      },
      "Id": "c67148bf-1375-4509-8f55-d995d95b76b1",
      "Page": 1
    },
    {
      "BlockType": "WORD",
      "Confidence": 99.91963958740234,
      "Text": "10",
      "TextType": "PRINTED",
      "Geometry": {
        "BoundingBox": {
          "Width": 0.01450863853096962,
          "Height": 0.01826450787484646,
          "Left": 0.6376815438270569,
          "Top": 0.590668261051178
        },
        "Polygon": [
          {
            "X": 0.6376950144767761,
            "Y": 0.590668261051178
          },
          {
            "X": 0.6521901488304138,
            "Y": 0.5907288789749146
          },
          {
            "X": 0.6521775126457214,
            "Y": 0.6089327335357666
          },
          {
            "X": 0.6376815438270569,
            "Y": 0.6088718175888062
          }
        ]
      },
      "Id": "c728a40c-24f2-4027-a2f4-067c4d19e49d",
      "Page": 1
    },
    {
      "BlockType": "TABLE",
      "Confidence": 99.609375,
      "Geometry": {
        "BoundingBox": {
          "Width": 0.5399565696716309,
          "Height": 0.24339164793491364,
          "Left": 0.22993111610412598,
          "Top": 0.37850403785705566
        },
        "Polygon": [
          {
            "X": 0.23043663799762726,
            "Y": 0.37850403785705566
          },
          {
            "X": 0.7698876857757568,
            "Y": 0.38066357374191284
          },
          {
            "X": 0.7698146104812622,
            "Y": 0.6218956708908081
          },
          {
            "X": 0.22993111610412598,
            "Y": 0.6196216344833374
          }
        ]
      },
      "Id": "d605cc3e-8f8b-4bce-87a9-223263768626",
      "Relationships": [
        {
          "Type": "CHILD",
          "Ids": [
            "03cd55ca-886d-4aed-8d3b-3430aac119da",
            "04280d02-94f0-4c28-9ac6-464feaab9a8b",
            "76610f1a-9754-4b62-85ab-e3b3e4922954",
            "c9410fe9-c226-481d-bf94-add289f8e808",
            "f8b9ba50-c4b8-4e6a-851c-8d2873c419f7",
            "a3f28b91-adfb-4e84-835a-45b776891346",
            "7420569a-dd4c-4bf1-8aa8-1a4dc7822fef",
            "9b6dace6-db37-48a6-9807-c9e5268f95fd",
            "78e0fe80-3872-479a-993e-16c9462293b3",
            "045c3309-513b-4f9f-ae41-c9ac6cd8b67a",
            "0d6aa038-eb94-4152-8dac-fa617985863f",
            "7334a13e-ff0d-4758-8357-c8d0790f4ef8",
            "9da2abda-a65f-4cc3-8bc8-9fe2a25200b1",
            "eba7232a-8219-4f3e-bcd2-d5f25194f6ec",
            "ee6c924f-35bc-4263-8300-2f129147b0aa",
            "65d70f72-a3ba-422f-bbbb-21bffd50c0e3",
            "e0ff34ac-2710-4442-bcc9-94e26fdb253d",
            "096b5eb8-b123-4728-8059-ed9a0b088b98"
          ]
        }
      ],
      "EntityTypes": [
        "STRUCTURED_TABLE"
      ],
      "Page": 1
    },
    {
      "BlockType": "CELL",
      "Confidence": 93.65234375,
      "RowIndex": 1,
      "ColumnIndex": 1,
      "RowSpan": 1,
      "ColumnSpan": 1,
      "Geometry": {
        "BoundingBox": {
          "Width": 0.1909821778535843,
          "Height": 0.078109011054039,
          "Left": 0.2302745133638382,
          "Top": 0.37850403785705566
        },
        "Polygon": [
          {
            "X": 0.23043663799762726,
            "Y": 0.37850403785705566
          },
          {
            "X": 0.4212566912174225,
            "Y": 0.37926793098449707
          },
          {
            "X": 0.4211435914039612,
            "Y": 0.45661306381225586
          },
          {
            "X": 0.2302745133638382,
            "Y": 0.4558361768722534
          }
        ]
      },
      "Id": "03cd55ca-886d-4aed-8d3b-3430aac119da",
      "Relationships": [
        {
          "Type": "CHILD",
          "Ids": [
            "306a0fe8-cf13-4962-96cb-d7b324c8f088",
            "167c9991-8df6-4529-8a0c-7ecb0ef86196",
            "c2500964-0eb7-4142-bd1f-24574c043926",
            "087fa69e-0fc2-4191-a199-75de98c3d116"
          ]
        }
      ],
      "EntityTypes": [
        "COLUMN_HEADER"
      ],
      "Page": 1
    },
    {
      "BlockType": "CELL",
      "Confidence": 93.75,
      "RowIndex": 1,
      "ColumnIndex": 2,
      "RowSpan": 1,
      "ColumnSpan": 1,
      "Geometry": {
        "BoundingBox": {
          "Width": 0.18735447525978088,
          "Height": 0.07810742408037186,
          "Left": 0.4211435914039612,
          "Top": 0.37926793098449707
        },
        "Polygon": [
          {
            "X": 0.4212566912174225,
            "Y": 0.37926793098449707
          },
          {
            "X": 0.6084980368614197,
            "Y": 0.38001748919487
          },
          {
            "X": 0.6084331274032593,
            "Y": 0.4573753774166107
          },
          {
            "X": 0.4211435914039612,
            "Y": 0.45661306381225586
          }
        ]
      },
      "Id": "04280d02-94f0-4c28-9ac6-464feaab9a8b",
      "Relationships": [
        {
          "Type": "CHILD",
          "Ids": [
            "fb125fab-9c0c-4336-bcb6-1ef819271e67",
            "e2bd694e-5a2b-4318-a826-1d27c29735f5",
            "520198a6-7c58-4d4b-87df-28f99f67450a"
          ]
        }
      ],
      "EntityTypes": [
        "COLUMN_HEADER"
      ],
      "Page": 1
    },
    {
      "BlockType": "CELL",
      "Confidence": 93.84765625,
      "RowIndex": 1,
      "ColumnIndex": 3,
      "RowSpan": 1,
      "ColumnSpan": 1,
      "Geometry": {
        "BoundingBox": {
          "Width": 0.16145458817481995,
          "Height": 0.07801492512226105,
          "Left": 0.6084331274032593,
          "Top": 0.38001748919487
        },
        "Polygon": [
          {
            "X": 0.6084980368614197,
            "Y": 0.38001748919487
          },
          {
            "X": 0.7698876857757568,
            "Y": 0.38066357374191284
          },
          {
            "X": 0.7698642611503601,
            "Y": 0.45803242921829224
          },
          {
            "X": 0.6084331274032593,
            "Y": 0.4573753774166107
          }
        ]
      },
      "Id": "76610f1a-9754-4b62-85ab-e3b3e4922954",
      "Relationships": [
        {
          "Type": "CHILD",
          "Ids": [
            "5cc305f9-1c17-4008-8bd8-aa2ff7dab548",
            "141845cf-916a-4427-b8e4-8650bca6ee86",
            "dc558d1c-5138-463a-a85f-14daafc0157b"
          ]
        }
      ],
      "EntityTypes": [
        "COLUMN_HEADER"
      ],
      "Page": 1
    },
    {
      "BlockType": "CELL",
      "Confidence": 89.74609375,
      "RowIndex": 2,
      "ColumnIndex": 1,
      "RowSpan": 1,
      "ColumnSpan": 1,
      "Geometry": {
        "BoundingBox": {
          "Width": 0.19094634056091309,
          "Height": 0.03763195499777794,
          "Left": 0.2301972508430481,
          "Top": 0.4558361768722534
        },
        "Polygon": [
          {
            "X": 0.2302745133638382,
            "Y": 0.4558361768722534
          },
          {
            "X": 0.4211435914039612,
            "Y": 0.45661306381225586
          },
          {
            "X": 0.42108970880508423,
            "Y": 0.49346813559532166
          },
          {
            "X": 0.2301972508430481,
            "Y": 0.49268507957458496
          }
        ]
      },
      "Id": "c9410fe9-c226-481d-bf94-add289f8e808",
      "Relationships": [
        {
          "Type": "CHILD",
          "Ids": [
            "a80d9357-dcf1-4156-9144-80208c52f572"
          ]
        }
      ],
      "Page": 1
    },
    {
      "BlockType": "CELL",
      "Confidence": 89.84375,
      "RowIndex": 2,
      "ColumnIndex": 2,
      "RowSpan": 1,
      "ColumnSpan": 1,
      "Geometry": {
        "BoundingBox": {
          "Width": 0.18734340369701385,
          "Height": 0.037623461335897446,
          "Left": 0.42108970880508423,
          "Top": 0.45661306381225586
        },
        "Polygon": [
          {
            "X": 0.4211435914039612,
            "Y": 0.45661306381225586
          },
          {
            "X": 0.6084331274032593,
            "Y": 0.4573753774166107
          },
          {
            "X": 0.6084021329879761,
            "Y": 0.4942365288734436
          },
          {
            "X": 0.42108970880508423,
            "Y": 0.49346813559532166
          }
        ]
      },
      "Id": "f8b9ba50-c4b8-4e6a-851c-8d2873c419f7",
      "Relationships": [
        {
          "Type": "CHILD",
          "Ids": [
            "3ef4f241-b217-40f1-9fc8-438a831d2137"
          ]
        }
      ],
      "Page": 1
    },
    {
      "BlockType": "CELL",
      "Confidence": 89.94140625,
      "RowIndex": 2,
      "ColumnIndex": 3,
      "RowSpan": 1,
      "ColumnSpan": 1,
      "Geometry": {
        "BoundingBox": {
          "Width": 0.16146209836006165,
          "Height": 0.03752344846725464,
          "Left": 0.6084021329879761,
          "Top": 0.4573753774166107
        },
        "Polygon": [
          {
            "X": 0.6084331274032593,
            "Y": 0.4573753774166107
          },
          {
            "X": 0.7698642611503601,
            "Y": 0.45803242921829224
          },
          {
            "X": 0.7698530554771423,
            "Y": 0.49489882588386536
          },
          {
            "X": 0.6084021329879761,
            "Y": 0.4942365288734436
          }
        ]
      },
      "Id": "a3f28b91-adfb-4e84-835a-45b776891346",
      "Relationships": [
        {
          "Type": "CHILD",
          "Ids": [
            "f87b7224-446b-4310-b436-017e9c407488"
          ]
        }
      ],
      "Page": 1
    },
    {
      "BlockType": "CELL",
      "Confidence": 89.111328125,
      "RowIndex": 3,
      "ColumnIndex": 1,
      "RowSpan": 1,
      "ColumnSpan": 1,
      "Geometry": {
        "BoundingBox": {
          "Width": 0.19095639884471893,
          "Height": 0.031290650367736816,
          "Left": 0.2301333099603653,
          "Top": 0.49268507957458496
        },
        "Polygon": [
          {
            "X": 0.2301972508430481,
            "Y": 0.49268507957458496
          },
          {
            "X": 0.42108970880508423,
            "Y": 0.49346813559532166
          },
          {
            "X": 0.42104509472846985,
            "Y": 0.5239757299423218
          },
          {
            "X": 0.2301333099603653,
            "Y": 0.523187518119812
          }
        ]
      },
      "Id": "7420569a-dd4c-4bf1-8aa8-1a4dc7822fef",
      "Relationships": [
        {
          "Type": "CHILD",
          "Ids": [
            "424b3b14-eeb6-4d3b-9c23-c90b821dea06"
          ]
        }
      ],
      "Page": 1
    },
    {
      "BlockType": "CELL",
      "Confidence": 89.208984375,
      "RowIndex": 3,
      "ColumnIndex": 2,
      "RowSpan": 1,
      "ColumnSpan": 1,
      "Geometry": {
        "BoundingBox": {
          "Width": 0.18735705316066742,
          "Height": 0.0312809981405735,
          "Left": 0.42104509472846985,
          "Top": 0.49346813559532166
        },
        "Polygon": [
          {
            "X": 0.42108970880508423,
            "Y": 0.49346813559532166
          },
          {
            "X": 0.6084021329879761,
            "Y": 0.4942365288734436
          },
          {
            "X": 0.6083765625953674,
            "Y": 0.5247491598129272
          },
          {
            "X": 0.42104509472846985,
            "Y": 0.5239757299423218
          }
        ]
      },
      "Id": "9b6dace6-db37-48a6-9807-c9e5268f95fd",
      "Relationships": [
        {
          "Type": "CHILD",
          "Ids": [
            "6cab2686-60a7-4239-b122-e7a03f636c89"
          ]
        }
      ],
      "Page": 1
    },
    {
      "BlockType": "CELL",
      "Confidence": 89.2578125,
      "RowIndex": 3,
      "ColumnIndex": 3,
      "RowSpan": 1,
      "ColumnSpan": 1,
      "Geometry": {
        "BoundingBox": {
          "Width": 0.16147653758525848,
          "Height": 0.031179243698716164,
          "Left": 0.6083765625953674,
          "Top": 0.4942365288734436
        },
        "Polygon": [
          {
            "X": 0.6084021329879761,
            "Y": 0.4942365288734436
          },
          {
            "X": 0.7698530554771423,
            "Y": 0.49489882588386536
          },
          {
            "X": 0.7698438167572021,
            "Y": 0.5254157781600952
          },
          {
            "X": 0.6083765625953674,
            "Y": 0.5247491598129272
          }
        ]
      },
      "Id": "78e0fe80-3872-479a-993e-16c9462293b3",
      "Relationships": [
        {
          "Type": "CHILD",
          "Ids": [
            "9084df6a-757c-40db-92ff-ba8ab8232bee"
          ]
        }
      ],
      "Page": 1
    },
    {
      "BlockType": "CELL",
      "Confidence": 88.76953125,
      "RowIndex": 4,
      "ColumnIndex": 1,
      "RowSpan": 1,
      "ColumnSpan": 1,
      "Geometry": {
        "BoundingBox": {
          "Width": 0.19097575545310974,
          "Height": 0.031301964074373245,
          "Left": 0.2300693392753601,
          "Top": 0.523187518119812
        },
        "Polygon": [
          {
            "X": 0.2301333099603653,
            "Y": 0.523187518119812
          },
          {
            "X": 0.42104509472846985,
            "Y": 0.5239757299423218
          },
          {
            "X": 0.42100048065185547,
            "Y": 0.5544894933700562
          },
          {
            "X": 0.2300693392753601,
            "Y": 0.5536961555480957
          }
        ]
      },
      "Id": "045c3309-513b-4f9f-ae41-c9ac6cd8b67a",
      "Relationships": [
        {
          "Type": "CHILD",
          "Ids": [
            "b64534f0-5d21-47c2-ad0f-558135fcae05"
          ]
        }
      ],
      "Page": 1
    },
    {
      "BlockType": "CELL",
      "Confidence": 88.8671875,
      "RowIndex": 4,
      "ColumnIndex": 2,
      "RowSpan": 1,
      "ColumnSpan": 1,
      "Geometry": {
        "BoundingBox": {
          "Width": 0.18737605214118958,
          "Height": 0.03129221498966217,
          "Left": 0.42100048065185547,
          "Top": 0.5239757299423218
        },
        "Polygon": [
          {
            "X": 0.42104509472846985,
            "Y": 0.5239757299423218
          },
          {
            "X": 0.6083765625953674,
            "Y": 0.5247491598129272
          },
          {
            "X": 0.608350932598114,
            "Y": 0.5552679300308228
          },
          {
            "X": 0.42100048065185547,
            "Y": 0.5544894933700562
          }
        ]
      },
      "Id": "0d6aa038-eb94-4152-8dac-fa617985863f",
      "Relationships": [
        {
          "Type": "CHILD",
          "Ids": [
            "469d3342-c95b-41bf-974c-c0dcb90cb85e"
          ]
        }
      ],
      "Page": 1
    },
    {
      "BlockType": "CELL",
      "Confidence": 88.96484375,
      "RowIndex": 4,
      "ColumnIndex": 3,
      "RowSpan": 1,
      "ColumnSpan": 1,
      "Geometry": {
        "BoundingBox": {
          "Width": 0.16149291396141052,
          "Height": 0.031189771369099617,
          "Left": 0.608350932598114,
          "Top": 0.5247491598129272
        },
        "Polygon": [
          {
            "X": 0.6083765625953674,
            "Y": 0.5247491598129272
          },
          {
            "X": 0.7698438167572021,
            "Y": 0.5254157781600952
          },
          {
            "X": 0.769834578037262,
            "Y": 0.5559388995170593
          },
          {
            "X": 0.608350932598114,
            "Y": 0.5552679300308228
          }
        ]
      },
      "Id": "7334a13e-ff0d-4758-8357-c8d0790f4ef8",
      "Relationships": [
        {
          "Type": "CHILD",
          "Ids": [
            "5326bb7b-1f7a-457b-b0e7-b3e5c2763ba6"
          ]
        }
      ],
      "Page": 1
    },
    {
      "BlockType": "CELL",
      "Confidence": 86.03515625,
      "RowIndex": 5,
      "ColumnIndex": 1,
      "RowSpan": 1,
      "ColumnSpan": 1,
      "Geometry": {
        "BoundingBox": {
          "Width": 0.19099511206150055,
          "Height": 0.03131328150629997,
          "Left": 0.23000536859035492,
          "Top": 0.5536961555480957
        },
        "Polygon": [
          {
            "X": 0.2300693392753601,
            "Y": 0.5536961555480957
          },
          {
            "X": 0.42100048065185547,
            "Y": 0.5544894933700562
          },
          {
            "X": 0.4209558665752411,
            "Y": 0.5850094556808472
          },
          {
            "X": 0.23000536859035492,
            "Y": 0.584210991859436
          }
        ]
      },
      "Id": "9da2abda-a65f-4cc3-8bc8-9fe2a25200b1",
      "Relationships": [
        {
          "Type": "CHILD",
          "Ids": [
            "88e23be2-cd96-4109-8e6a-6aa5e568e79e"
          ]
        }
      ],
      "Page": 1
    },
    {
      "BlockType": "CELL",
      "Confidence": 86.1328125,
      "RowIndex": 5,
      "ColumnIndex": 2,
      "RowSpan": 1,
      "ColumnSpan": 1,
      "Geometry": {
        "BoundingBox": {
          "Width": 0.18739505112171173,
          "Height": 0.031303439289331436,
          "Left": 0.4209558665752411,
          "Top": 0.5544894933700562
        },
        "Polygon": [
          {
            "X": 0.42100048065185547,
            "Y": 0.5544894933700562
          },
          {
            "X": 0.608350932598114,
            "Y": 0.5552679300308228
          },
          {
            "X": 0.6083253026008606,
            "Y": 0.5857929587364197
          },
          {
            "X": 0.4209558665752411,
            "Y": 0.5850094556808472
          }
        ]
      },
      "Id": "eba7232a-8219-4f3e-bcd2-d5f25194f6ec",
      "Relationships": [
        {
          "Type": "CHILD",
          "Ids": [
            "c7cfc06f-c561-4c9e-b83d-05eab459290d"
          ]
        }
      ],
      "Page": 1
    },
    {
      "BlockType": "CELL",
      "Confidence": 86.23046875,
      "RowIndex": 5,
      "ColumnIndex": 3,
      "RowSpan": 1,
      "ColumnSpan": 1,
      "Geometry": {
        "BoundingBox": {
          "Width": 0.16150929033756256,
          "Height": 0.03120030090212822,
          "Left": 0.6083253026008606,
          "Top": 0.5552679300308228
        },
        "Polygon": [
          {
            "X": 0.608350932598114,
            "Y": 0.5552679300308228
          },
          {
            "X": 0.769834578037262,
            "Y": 0.5559388995170593
          },
          {
            "X": 0.7698253393173218,
            "Y": 0.5864682197570801
          },
          {
            "X": 0.6083253026008606,
            "Y": 0.5857929587364197
          }
        ]
      },
      "Id": "ee6c924f-35bc-4263-8300-2f129147b0aa",
      "Relationships": [
        {
          "Type": "CHILD",
          "Ids": [
            "aab683fe-ee52-4a6b-9366-38f84ab9a8ad"
          ]
        }
      ],
      "Page": 1
    },
    {
      "BlockType": "CELL",
      "Confidence": 92.08984375,
      "RowIndex": 6,
      "ColumnIndex": 1,
      "RowSpan": 1,
      "ColumnSpan": 1,
      "Geometry": {
        "BoundingBox": {
          "Width": 0.19102473556995392,
          "Height": 0.036215025931596756,
          "Left": 0.22993111610412598,
          "Top": 0.584210991859436
        },
        "Polygon": [
          {
            "X": 0.23000536859035492,
            "Y": 0.584210991859436
          },
          {
            "X": 0.4209558665752411,
            "Y": 0.5850094556808472
          },
          {
            "X": 0.4209040701389313,
            "Y": 0.6204260587692261
          },
          {
            "X": 0.22993111610412598,
            "Y": 0.6196216344833374
          }
        ]
      },
      "Id": "65d70f72-a3ba-422f-bbbb-21bffd50c0e3",
      "Relationships": [
        {
          "Type": "CHILD",
          "Ids": [
            "3f819ae1-8e39-44c4-b912-40b7d50d8c08"
          ]
        }
      ],
      "Page": 1
    },
    {
      "BlockType": "CELL",
      "Confidence": 92.1875,
      "RowIndex": 6,
      "ColumnIndex": 2,
      "RowSpan": 1,
      "ColumnSpan": 1,
      "Geometry": {
        "BoundingBox": {
          "Width": 0.18742120265960693,
          "Height": 0.036205895245075226,
          "Left": 0.4209040701389313,
          "Top": 0.5850094556808472
        },
        "Polygon": [
          {
            "X": 0.4209558665752411,
            "Y": 0.5850094556808472
          },
          {
            "X": 0.6083253026008606,
            "Y": 0.5857929587364197
          },
          {
            "X": 0.6082955598831177,
            "Y": 0.6212153434753418
          },
          {
            "X": 0.4209040701389313,
            "Y": 0.6204260587692261
          }
        ]
      },
      "Id": "e0ff34ac-2710-4442-bcc9-94e26fdb253d",
      "Relationships": [
        {
          "Type": "CHILD",
          "Ids": [
            "c67148bf-1375-4509-8f55-d995d95b76b1"
          ]
        }
      ],
      "Page": 1
    },
    {
      "BlockType": "CELL",
      "Confidence": 92.28515625,
      "RowIndex": 6,
      "ColumnIndex": 3,
      "RowSpan": 1,
      "ColumnSpan": 1,
      "Geometry": {
        "BoundingBox": {
          "Width": 0.1615297794342041,
          "Height": 0.03610275685787201,
          "Left": 0.6082955598831177,
          "Top": 0.5857929587364197
        },
        "Polygon": [
          {
            "X": 0.6083253026008606,
            "Y": 0.5857929587364197
          },
          {
            "X": 0.7698253393173218,
            "Y": 0.5864682197570801
          },
          {
            "X": 0.7698146104812622,
            "Y": 0.6218956708908081
          },
          {
            "X": 0.6082955598831177,
            "Y": 0.6212153434753418
          }
        ]
      },
      "Id": "096b5eb8-b123-4728-8059-ed9a0b088b98",
      "Relationships": [
        {
          "Type": "CHILD",
          "Ids": [
            "c728a40c-24f2-4027-a2f4-067c4d19e49d"
          ]
        }
      ],
      "Page": 1
    }
  ],
  "AnalyzeDocumentModelVersion": "1.0"
}