{
  "DocumentMetadata": {
    "Pages": 1
  },
  "JobStatus": "SUCCEEDED",
  "Blocks": [
    {
      "BlockType": "PAGE",
      "Geometry": {
        "BoundingBox": {
          "Width": 0.5293864011764526,
          "Height": 0.2405853122472763,
          "Left": 0.2343405783176422,
          "Top": 0.3769683241844177
        },
        "Polygon": [
          {
            "X": 0.2343405783176422,
            "Y": 0.3769683241844177
          },
          {
            "X": 0.7628821730613708,
            "Y": 0.37707236409187317
          },
          {
            "X": 0.7637269496917725,
            "Y": 0.6175536513328552
          },
          {
            "X": 0.2347383052110672,
            "Y": 0.61680006980896
          }
        ]
      },
      "Id": "4796f527-4fac-422d-af8f-785ff6464251",
      "Relationships": [
        {
          "Type": "CHILD",
          "Ids": [
            "a3b6c103-f355-4a31-9317-fa17c838ebf5",
            "6c569a66-de4c-4861-bf1c-67f752098c1e",
            "6d4d86d1-9921-4f45-8e2c-bff0f7fe4840",
            "9e973144-7814-48ff-906a-d6a527d5ae96",
            "b3d63a1e-3cc6-49a8-b55c-1c2361e88ca7",
            "14f3907f-1154-4812-872e-3b709e779e89",
            "98206eda-2439-450d-9cba-4fea55e7d484",
            "7937d323-37f4-4ba1-95c7-7789e0ebe25a",
            "0c10c175-491c-48db-bfb8-bfb04c9fde9e",
            "1047d177-0940-44fe-a2c2-05a9077f8206",
            "bfa569b8-0a6b-41c4-9c92-c7434bedac9c",
            "42e0eb8c-9a63-4c80-b1ed-305373136b04",
            "2e95af35-9ca5-41f1-9653-b675f121be0d",
            "d3573409-ebaa-49ad-a878-ed9c1592214e",
            "c2978e21-d0f3-4646-856b-a1181d7fa7a1",
            "4f10c30c-c50b-4e01-984b-e0a8a91d7ce1",
            "693c53e4-19b5-45d1-a3da-a95552e7fc31",
            "12aaa9e5-d09a-45f5-b127-ea99b048ef23",
            "7e4a9dc6-7b16-4bcd-879d-d43408b6ce1b",
            "6831aa09-b49d-4591-9671-a6a1810ef9fd",
            "706623d2-7931-44a4-9425-dcacbc1e7cd1"
          ]
        }
      ],
      "Page": 1
    },
    {
      "BlockType": "LINE",
      "Confidence": 99.94414520263672,
      "Text": "Sample",
      "Geometry": {
        "BoundingBox": {
          "Width": 0.04865671321749687,
          "Height": 0.02512352168560028,
          "Left": 0.26848721504211426,
          "Top": 0.41625407338142395
        },
        "Polygon": [
          {
            "X": 0.26848721504211426,
            "Y": 0.41625407338142395
          },
          {
            "X": 0.317095011472702,
            "Y": 0.41627341508865356
          },
          {
            "X": 0.3171439468860626,
            "Y": 0.44137758016586304
          },
          {
            "X": 0.268531858921051,
            "Y": 0.4413520097732544
          }
        ]
      },
      "Id": "a3b6c103-f355-4a31-9317-fa17c838ebf5",
      "Relationships": [
        {
          "Type": "CHILD",
          "Ids": [
            "e106fa29-a20d-4c19-bedb-51df7a5c9cbe"
          ]
        }
      ],
      "Page": 1
    },
    {
      "BlockType": "LINE",
      "Confidence": 91.29866027832031,
      "Text": "T5% (C)",
      "Geometry": {
        "BoundingBox": {
          "Width": 0.05245216563344002,
          "Height": 0.025068223476409912,
          "Left": 0.3752771019935608,
          "Top": 0.41595008969306946
        },
        "Polygon": [
          {
            "X": 0.3752771019935608,
            "Y": 0.41595008969306946
          },
          {
            "X": 0.42767074704170227,
            "Y": 0.4159708321094513
          },
          {
            "X": 0.4277292788028717,
            "Y": 0.44101831316947937
          },
          {
            "X": 0.37533101439476013,
            "Y": 0.4409908354282379
          }
        ]
      },
      "Id": "6c569a66-de4c-4861-bf1c-67f752098c1e",
      "Relationships": [
        {
          "Type": "CHILD",
          "Ids": [
            "5a904dbe-d990-4f61-9581-c67d5f87ccb6",
            "8a9706ca-2bc5-43bc-946c-1ba1cabb2397"
          ]
        }
      ],
      "Page": 1
    },
    {
      "BlockType": "LINE",
      "Confidence": 90.59201049804688,
      "Text": "Tmax (C)",
      "Geometry": {
        "BoundingBox": {
          "Width": 0.06096506863832474,
          "Height": 0.025573929771780968,
          "Left": 0.4530677795410156,
          "Top": 0.41578683257102966
        },
        "Polygon": [
          {
            "X": 0.4530677795410156,
            "Y": 0.41578683257102966
          },
          {
            "X": 0.5139654278755188,
            "Y": 0.41581088304519653
          },
          {
            "X": 0.5140328407287598,
            "Y": 0.441360741853714
          },
          {
            "X": 0.45312973856925964,
            "Y": 0.4413287341594696
          }
        ]
      },
      "Id": "6d4d86d1-9921-4f45-8e2c-bff0f7fe4840",
      "Relationships": [
        {
          "Type": "CHILD",
          "Ids": [
            "822aaa07-1cd1-4c8e-9550-12567a14eb8f",
            "0084e11c-56e5-48b8-babf-36be89b2d563"
          ]
        }
      ],
      "Page": 1
    },
    {
      "BlockType": "LINE",
      "Confidence": 99.15845489501953,
      "Text": "Char residue at 800 °C (%)",
      "Geometry": {
        "BoundingBox": {
          "Width": 0.1774885207414627,
          "Height": 0.024564288556575775,
          "Left": 0.5673502683639526,
          "Top": 0.41628730297088623
        },
        "Polygon": [
          {
            "X": 0.5673502683639526,
            "Y": 0.41628730297088623
          },
          {
            "X": 0.7447542548179626,
            "Y": 0.4163578152656555
          },
          {
            "X": 0.7448387742042542,
            "Y": 0.4408515989780426
          },
          {
            "X": 0.5674194097518921,
            "Y": 0.44075891375541687
          }
        ]
      },
      "Id": "9e973144-7814-48ff-906a-d6a527d5ae96",
      "Relationships": [
        {
          "Type": "CHILD",
          "Ids": [
            "e98ae3dc-daf9-48db-b4e6-797b4072dee0",
            "f4192c22-1b7b-4600-844d-18e045c732fd",
            "34e41a88-2b5a-4c70-bae9-6359daedd4fa",
            "4505d182-2150-47e7-829e-1ee8959fc0d1",
            "60af3bb4-efd6-4c07-ad8d-fcea99edd9f1",
            "4680d533-cfc8-4e94-954b-e553dfcc0dfb"
          ]
        }
      ],
      "Page": 1
    },
    {
      "BlockType": "LINE",
      "Confidence": 99.90270233154297,
      "Text": "VFD",
      "Geometry": {
        "BoundingBox": {
          "Width": 0.02763501927256584,
          "Height": 0.019124168902635574,
          "Left": 0.2682279348373413,
          "Top": 0.46653521060943604
        },
        "Polygon": [
          {
            "X": 0.2682279348373413,
            "Y": 0.46653521060943604
          },
          {
            "X": 0.29582715034484863,
            "Y": 0.46655330061912537
          },
          {
            "X": 0.29586294293403625,
            "Y": 0.4856593906879425
          },
          {
            "X": 0.2682618796825409,
            "Y": 0.4856386184692383
          }
        ]
      },
      "Id": "b3d63a1e-3cc6-49a8-b55c-1c2361e88ca7",
      "Relationships": [
        {
          "Type": "CHILD",
          "Ids": [
            "c064aa6f-c4c2-4c21-b738-b14a0e46258f"
          ]
        }
      ],
      "Page": 1
    },
    {
      "BlockType": "LINE",
      "Confidence": 99.97808837890625,
      "Text": "212",
      "Geometry": {
        "BoundingBox": {
          "Width": 0.024719150736927986,
          "Height": 0.019814636558294296,
          "Left": 0.3757491409778595,
          "Top": 0.46610361337661743
        },
        "Polygon": [
          {
            "X": 0.3757491409778595,
            "Y": 0.46610361337661743
          },
          {
            "X": 0.40042394399642944,
            "Y": 0.4661197066307068
          },
          {
            "X": 0.4004683196544647,
            "Y": 0.485918253660202
          },
          {
            "X": 0.3757917881011963,
            "Y": 0.4858996272087097
          }
        ]
      },
      "Id": "14f3907f-1154-4812-872e-3b709e779e89",
      "Relationships": [
        {
          "Type": "CHILD",
          "Ids": [
            "eeabdf38-b1f8-446c-96ae-2620f60e8672"
          ]
        }
      ],
      "Page": 1
    },
    {
      "BlockType": "LINE",
      "Confidence": 99.72173309326172,
      "Text": "212/383/443",
      "Geometry": {
        "BoundingBox": {
          "Width": 0.08537237346172333,
          "Height": 0.024967379868030548,
          "Left": 0.45446762442588806,
          "Top": 0.46552610397338867
        },
        "Polygon": [
          {
            "X": 0.45446762442588806,
            "Y": 0.46552610397338867
          },
          {
            "X": 0.5397719740867615,
            "Y": 0.4655815064907074
          },
          {
            "X": 0.5398399829864502,
            "Y": 0.4904934763908386
          },
          {
            "X": 0.4545281231403351,
            "Y": 0.4904272258281708
          }
        ]
      },
      "Id": "98206eda-2439-450d-9cba-4fea55e7d484",
      "Relationships": [
        {
          "Type": "CHILD",
          "Ids": [
            "357b2132-1118-4559-9bdd-ceb2f0ae19f4"
          ]
        }
      ],
      "Page": 1
    },
    {
      "BlockType": "LINE",
      "Confidence": 97.35899353027344,
      "Text": "23.9",
      "Geometry": {
        "BoundingBox": {
          "Width": 0.028881391510367393,
          "Height": 0.020288504660129547,
          "Left": 0.5671054720878601,
          "Top": 0.466196209192276
        },
        "Polygon": [
          {
            "X": 0.5671054720878601,
            "Y": 0.466196209192276
          },
          {
            "X": 0.5959275960922241,
            "Y": 0.46621501445770264
          },
          {
            "X": 0.5959869027137756,
            "Y": 0.48648473620414734
          },
          {
            "X": 0.5671627521514893,
            "Y": 0.48646292090415955
          }
        ]
      },
      "Id": "7937d323-37f4-4ba1-95c7-7789e0ebe25a",
      "Relationships": [
        {
          "Type": "CHILD",
          "Ids": [
            "23058229-bc7d-4e47-926b-654f6def596f"
          ]
        }
      ],
      "Page": 1
    },
    {
      "BlockType": "LINE",
      "Confidence": 99.55224609375,
      "Text": "EP",
      "Geometry": {
        "BoundingBox": {
          "Width": 0.01610381528735161,
          "Height": 0.019772203639149666,
          "Left": 0.2690354585647583,
          "Top": 0.49851104617118835
        },
        "Polygon": [
          {
            "X": 0.2690354585647583,
            "Y": 0.49851104617118835
          },
          {
            "X": 0.2851029932498932,
            "Y": 0.4985242187976837
          },
          {
            "X": 0.285139262676239,
            "Y": 0.5182832479476929
          },
          {
            "X": 0.2690705955028534,
            "Y": 0.5182684659957886
          }
        ]
      },
      "Id": "0c10c175-491c-48db-bfb8-bfb04c9fde9e",
      "Relationships": [
        {
          "Type": "CHILD",
          "Ids": [
            "912a3607-be80-47e3-abd3-584973dec49b"
          ]
        }
      ],
      "Page": 1
    },
    {
      "BlockType": "LINE",
      "Confidence": 99.90856170654297,
      "Text": "371",
      "Geometry": {
        "BoundingBox": {
          "Width": 0.02321641333401203,
          "Height": 0.01968509703874588,
          "Left": 0.3758147060871124,
          "Top": 0.49845221638679504
        },
        "Polygon": [
          {
            "X": 0.3758147060871124,
            "Y": 0.49845221638679504
          },
          {
            "X": 0.39898717403411865,
            "Y": 0.4984711706638336
          },
          {
            "X": 0.3990311324596405,
            "Y": 0.5181373357772827
          },
          {
            "X": 0.37585708498954773,
            "Y": 0.5181160569190979
          }
        ]
      },
      "Id": "1047d177-0940-44fe-a2c2-05a9077f8206",
      "Relationships": [
        {
          "Type": "CHILD",
          "Ids": [
            "d842e93d-7907-4a8e-9c83-93bbf54367a6"
          ]
        }
      ],
      "Page": 1
    },
    {
      "BlockType": "LINE",
      "Confidence": 99.95628356933594,
      "Text": "388",
      "Geometry": {
        "BoundingBox": {
          "Width": 0.024627655744552612,
          "Height": 0.01953013427555561,
          "Left": 0.4542772173881531,
          "Top": 0.4984420835971832
        },
        "Polygon": [
          {
            "X": 0.4542772173881531,
            "Y": 0.4984420835971832
          },
          {
            "X": 0.47885581851005554,
            "Y": 0.49846217036247253
          },
          {
            "X": 0.4789048731327057,
            "Y": 0.5179722309112549
          },
          {
            "X": 0.4543246030807495,
            "Y": 0.517949640750885
          }
        ]
      },
      "Id": "bfa569b8-0a6b-41c4-9c92-c7434bedac9c",
      "Relationships": [
        {
          "Type": "CHILD",
          "Ids": [
            "7b7974c4-be20-4788-8b7c-fd1e3a637d11"
          ]
        }
      ],
      "Page": 1
    },
    {
      "BlockType": "LINE",
      "Confidence": 98.30117797851562,
      "Text": "18.1",
      "Geometry": {
        "BoundingBox": {
          "Width": 0.025487298145890236,
          "Height": 0.019631410017609596,
          "Left": 0.568485677242279,
          "Top": 0.4985196590423584
        },
        "Polygon": [
          {
            "X": 0.568485677242279,
            "Y": 0.4985196590423584
          },
          {
            "X": 0.5939157605171204,
            "Y": 0.498540461063385
          },
          {
            "X": 0.5939729809761047,
            "Y": 0.5181511044502258
          },
          {
            "X": 0.5685411691665649,
            "Y": 0.5181277394294739
          }
        ]
      },
      "Id": "42e0eb8c-9a63-4c80-b1ed-305373136b04",
      "Relationships": [
        {
          "Type": "CHILD",
          "Ids": [
            "c0a24306-1959-46bd-aa47-7771048e7eb7"
          ]
        }
      ],
      "Page": 1
    },
    {
      "BlockType": "LINE",
      "Confidence": 99.63142395019531,
      "Text": "Cal-EP/VFD",
      "Geometry": {
        "BoundingBox": {
          "Width": 0.07541115581989288,
          "Height": 0.024490036070346832,
          "Left": 0.26902255415916443,
          "Top": 0.5299091339111328
        },
        "Polygon": [
          {
            "X": 0.26902255415916443,
            "Y": 0.5299091339111328
          },
          {
            "X": 0.3443838357925415,
            "Y": 0.5299829840660095
          },
          {
            "X": 0.3444337248802185,
            "Y": 0.5543991923332214
          },
          {
            "X": 0.2690659761428833,
            "Y": 0.5543159246444702
          }
        ]
      },
      "Id": "2e95af35-9ca5-41f1-9653-b675f121be0d",
      "Relationships": [
        {
          "Type": "CHILD",
          "Ids": [
            "604fde45-7974-44e2-bb4b-75f77fbb7937"
          ]
        }
      ],
      "Page": 1
    },
    {
      "BlockType": "LINE",
      "Confidence": 99.9512710571289,
      "Text": "364",
      "Geometry": {
        "BoundingBox": {
          "Width": 0.02499917522072792,
          "Height": 0.01967809908092022,
          "Left": 0.3760157823562622,
          "Top": 0.5303918719291687
        },
        "Polygon": [
          {
            "X": 0.3760157823562622,
            "Y": 0.5303918719291687
          },
          {
            "X": 0.4009708762168884,
            "Y": 0.5304163694381714
          },
          {
            "X": 0.40101495385169983,
            "Y": 0.5500699877738953
          },
          {
            "X": 0.37605810165405273,
            "Y": 0.550042986869812
          }
        ]
      },
      "Id": "d3573409-ebaa-49ad-a878-ed9c1592214e",
      "Relationships": [
        {
          "Type": "CHILD",
          "Ids": [
            "d1a63ef6-7718-49a4-a86f-3a82e1701116"
          ]
        }
      ],
      "Page": 1
    },
    {
      "BlockType": "LINE",
      "Confidence": 99.97160339355469,
      "Text": "388",
      "Geometry": {
        "BoundingBox": {
          "Width": 0.024293214082717896,
          "Height": 0.01955113373696804,
          "Left": 0.4544702172279358,
          "Top": 0.5304608345031738
        },
        "Polygon": [
          {
            "X": 0.4544702172279358,
            "Y": 0.5304608345031738
          },
          {
            "X": 0.47871434688568115,
            "Y": 0.5304846167564392
          },
          {
            "X": 0.4787634313106537,
            "Y": 0.5500119924545288
          },
          {
            "X": 0.454517662525177,
            "Y": 0.5499857664108276
          }
        ]
      },
      "Id": "c2978e21-d0f3-4646-856b-a1181d7fa7a1",
      "Relationships": [
        {
          "Type": "CHILD",
          "Ids": [
            "076cb319-0626-47f5-9686-4bb549048b3d"
          ]
        }
      ],
      "Page": 1
    },
    {
      "BlockType": "LINE",
      "Confidence": 99.22981262207031,
      "Text": "18.8",
      "Geometry": {
        "BoundingBox": {
          "Width": 0.027028987184166908,
          "Height": 0.0196067001670599,
          "Left": 0.5685688853263855,
          "Top": 0.530398964881897
        },
        "Polygon": [
          {
            "X": 0.5685688853263855,
            "Y": 0.530398964881897
          },
          {
            "X": 0.5955405831336975,
            "Y": 0.5304254293441772
          },
          {
            "X": 0.5955978631973267,
            "Y": 0.5500056743621826
          },
          {
            "X": 0.5686242580413818,
            "Y": 0.5499765276908875
          }
        ]
      },
      "Id": "4f10c30c-c50b-4e01-984b-e0a8a91d7ce1",
      "Relationships": [
        {
          "Type": "CHILD",
          "Ids": [
            "2569d637-028c-408a-b4d6-9f8d645dfcd2"
          ]
        }
      ],
      "Page": 1
    },
    {
      "BlockType": "LINE",
      "Confidence": 98.38863372802734,
      "Text": "Exp-EP/VFD",
      "Geometry": {
        "BoundingBox": {
          "Width": 0.08028686791658401,
          "Height": 0.025643842294812202,
          "Left": 0.26848313212394714,
          "Top": 0.5604413151741028
        },
        "Polygon": [
          {
            "X": 0.26848313212394714,
            "Y": 0.5604413151741028
          },
          {
            "X": 0.3487173914909363,
            "Y": 0.5605324506759644
          },
          {
            "X": 0.34876999258995056,
            "Y": 0.5860851407051086
          },
          {
            "X": 0.2685285210609436,
            "Y": 0.5859835147857666
          }
        ]
      },
      "Id": "693c53e4-19b5-45d1-a3da-a95552e7fc31",
      "Relationships": [
        {
          "Type": "CHILD",
          "Ids": [
            "bc52e895-a979-461f-8cab-3bdc8acd6856"
          ]
        }
      ],
      "Page": 1
    },
    {
      "BlockType": "LINE",
      "Confidence": 99.89485931396484,
      "Text": "332",
      "Geometry": {
        "BoundingBox": {
          "Width": 0.02444169484078884,
          "Height": 0.019712384790182114,
          "Left": 0.376051664352417,
          "Top": 0.5609279274940491
        },
        "Polygon": [
          {
            "X": 0.376051664352417,
            "Y": 0.5609279274940491
          },
          {
            "X": 0.400449275970459,
            "Y": 0.5609556436538696
          },
          {
            "X": 0.4004933536052704,
            "Y": 0.5806403160095215
          },
          {
            "X": 0.3760940432548523,
            "Y": 0.5806100964546204
          }
        ]
      },
      "Id": "12aaa9e5-d09a-45f5-b127-ea99b048ef23",
      "Relationships": [
        {
          "Type": "CHILD",
          "Ids": [
            "8204d9e0-e9f0-4829-9c65-800c6efd3e75"
          ]
        }
      ],
      "Page": 1
    },
    {
      "BlockType": "LINE",
      "Confidence": 99.95386505126953,
      "Text": "368",
      "Geometry": {
        "BoundingBox": {
          "Width": 0.024529051035642624,
          "Height": 0.019792387261986732,
          "Left": 0.4543989300727844,
          "Top": 0.5609071850776672
        },
        "Polygon": [
          {
            "X": 0.4543989300727844,
            "Y": 0.5609071850776672
          },
          {
            "X": 0.47887828946113586,
            "Y": 0.5609350204467773
          },
          {
            "X": 0.47892796993255615,
            "Y": 0.5806995630264282
          },
          {
            "X": 0.454446941614151,
            "Y": 0.5806692242622375
          }
        ]
      },
      "Id": "7e4a9dc6-7b16-4bcd-879d-d43408b6ce1b",
      "Relationships": [
        {
          "Type": "CHILD",
          "Ids": [
            "cbf8f3bb-d693-4aa7-9d52-89aa4c6b76ae"
          ]
        }
      ],
      "Page": 1
    },
    {
      "BlockType": "LINE",
      "Confidence": 99.5886001586914,
      "Text": "24.5",
      "Geometry": {
        "BoundingBox": {
          "Width": 0.028385324403643608,
          "Height": 0.019903922453522682,
          "Left": 0.5672992467880249,
          "Top": 0.5609378218650818
        },
        "Polygon": [
          {
            "X": 0.5672992467880249,
            "Y": 0.5609378218650818
          },
          {
            "X": 0.5956264734268188,
            "Y": 0.5609700083732605
          },
          {
            "X": 0.5956845879554749,
            "Y": 0.5808417797088623
          },
          {
            "X": 0.5673553943634033,
            "Y": 0.5808066725730896
          }
        ]
      },
      "Id": "6831aa09-b49d-4591-9671-a6a1810ef9fd",
      "Relationships": [
        {
          "Type": "CHILD",
          "Ids": [
            "b3d71255-19c7-4ab9-9f9e-35fac1240eaa"
          ]
        }
      ],
      "Page": 1
    },
    {
      "BlockType": "WORD",
      "Confidence": 99.94414520263672,
      "Text": "Sample",
      "TextType": "PRINTED",
      "Geometry": {
        "BoundingBox": {
          "Width": 0.04865671321749687,
          "Height": 0.02512352168560028,
          "Left": 0.26848721504211426,
          "Top": 0.41625407338142395
        },
        "Polygon": [
          {
            "X": 0.26848721504211426,
            "Y": 0.41625407338142395
          },
          {
            "X": 0.317095011472702,
            "Y": 0.41627341508865356
          },
          {
            "X": 0.3171439468860626,
            "Y": 0.44137758016586304
          },
          {
            "X": 0.268531858921051,
            "Y": 0.4413520097732544
          }
        ]
      },
      "Id": "e106fa29-a20d-4c19-bedb-51df7a5c9cbe",
      "Page": 1
    },
    {
      "BlockType": "WORD",
      "Confidence": 98.14984893798828,
      "Text": "T5%",
      "TextType": "PRINTED",
      "Geometry": {
        "BoundingBox": {
          "Width": 0.021436750888824463,
          "Height": 0.02338581159710884,
          "Left": 0.37527889013290405,
          "Top": 0.41678282618522644
        },
        "Polygon": [
          {
            "X": 0.37527889013290405,
            "Y": 0.41678282618522644
          },
          {
            "X": 0.3966635763645172,
            "Y": 0.4167913794517517
          },
          {
            "X": 0.3967156410217285,
            "Y": 0.4401686191558838
          },
          {
            "X": 0.3753291964530945,
            "Y": 0.4401575028896332
          }
        ]
      },
      "Id": "5a904dbe-d990-4f61-9581-c67d5f87ccb6",
      "Page": 1
    },
    {
      "BlockType": "WORD",
      "Confidence": 84.44746398925781,
      "Text": "(C)",
      "TextType": "PRINTED",
      "Geometry": {
        "BoundingBox": {
          "Width": 0.025871699675917625,
          "Height": 0.02505769580602646,
          "Left": 0.40185755491256714,
          "Top": 0.4159606099128723
        },
        "Polygon": [
          {
            "X": 0.40185755491256714,
            "Y": 0.4159606099128723
          },
          {
            "X": 0.42767074704170227,
            "Y": 0.4159708321094513
          },
          {
            "X": 0.4277292788028717,
            "Y": 0.44101831316947937
          },
          {
            "X": 0.4019138216972351,
            "Y": 0.44100478291511536
          }
        ]
      },
      "Id": "8a9706ca-2bc5-43bc-946c-1ba1cabb2397",
      "Page": 1
    },
    {
      "BlockType": "WORD",
      "Confidence": 99.4101333618164,
      "Text": "Tmax",
      "TextType": "PRINTED",
      "Geometry": {
        "BoundingBox": {
          "Width": 0.02958296239376068,
          "Height": 0.021929891780018806,
          "Left": 0.453072190284729,
          "Top": 0.41760993003845215
        },
        "Polygon": [
          {
            "X": 0.453072190284729,
            "Y": 0.41760993003845215
          },
          {
            "X": 0.48259973526000977,
            "Y": 0.4176218807697296
          },
          {
            "X": 0.4826551675796509,
            "Y": 0.4395398199558258
          },
          {
            "X": 0.45312535762786865,
            "Y": 0.4395245909690857
          }
        ]
      },
      "Id": "822aaa07-1cd1-4c8e-9550-12567a14eb8f",
      "Page": 1
    },
    {
      "BlockType": "WORD",
      "Confidence": 81.77388000488281,
      "Text": "(C)",
      "TextType": "PRINTED",
      "Geometry": {
        "BoundingBox": {
          "Width": 0.025937970727682114,
          "Height": 0.02556009031832218,
          "Left": 0.48809486627578735,
          "Top": 0.41580066084861755
        },
        "Polygon": [
          {
            "X": 0.48809486627578735,
            "Y": 0.41580066084861755
          },
          {
            "X": 0.5139654278755188,
            "Y": 0.41581088304519653
          },
          {
            "X": 0.5140328407287598,
            "Y": 0.441360741853714
          },
          {
            "X": 0.48815998435020447,
            "Y": 0.4413471519947052
          }
        ]
      },
      "Id": "0084e11c-56e5-48b8-babf-36be89b2d563",
      "Page": 1
    },
    {
      "BlockType": "WORD",
      "Confidence": 99.56678771972656,
      "Text": "Char",
      "TextType": "PRINTED",
      "Geometry": {
        "BoundingBox": {
          "Width": 0.030960354954004288,
          "Height": 0.02030491642653942,
          "Left": 0.5673502683639526,
          "Top": 0.4162941575050354
        },
        "Polygon": [
          {
            "X": 0.5673502683639526,
            "Y": 0.4162941575050354
          },
          {
            "X": 0.5982510447502136,
            "Y": 0.41630643606185913
          },
          {
            "X": 0.5983105897903442,
            "Y": 0.43659907579421997
          },
          {
            "X": 0.5674076080322266,
            "Y": 0.43658360838890076
          }
        ]
      },
      "Id": "e98ae3dc-daf9-48db-b4e6-797b4072dee0",
      "Page": 1
    },
    {
      "BlockType": "WORD",
      "Confidence": 99.6589126586914,
      "Text": "residue",
      "TextType": "PRINTED",
      "Geometry": {
        "BoundingBox": {
          "Width": 0.04841522127389908,
          "Height": 0.020246678963303566,
          "Left": 0.6030817031860352,
          "Top": 0.41652578115463257
        },
        "Polygon": [
          {
            "X": 0.6030817031860352,
            "Y": 0.41652578115463257
          },
          {
            "X": 0.6514338254928589,
            "Y": 0.4165450632572174
          },
          {
            "X": 0.651496946811676,
            "Y": 0.4367724657058716
          },
          {
            "X": 0.6031414270401001,
            "Y": 0.436748206615448
          }
        ]
      },
      "Id": "f4192c22-1b7b-4600-844d-18e045c732fd",
      "Page": 1
    },
    {
      "BlockType": "WORD",
      "Confidence": 99.97383117675781,
      "Text": "at",
      "TextType": "PRINTED",
      "Geometry": {
        "BoundingBox": {
          "Width": 0.012578664347529411,
          "Height": 0.01726553402841091,
          "Left": 0.6569816470146179,
          "Top": 0.4192734658718109
        },
        "Polygon": [
          {
            "X": 0.6569816470146179,
            "Y": 0.4192734658718109
          },
          {
            "X": 0.6695053577423096,
            "Y": 0.41927865147590637
          },
          {
            "X": 0.6695603132247925,
            "Y": 0.4365389943122864
          },
          {
            "X": 0.6570358276367188,
            "Y": 0.43653273582458496
          }
        ]
      },
      "Id": "34e41a88-2b5a-4c70-bae9-6359daedd4fa",
      "Page": 1
    },
    {
      "BlockType": "WORD",
      "Confidence": 99.94486999511719,
      "Text": "800",
      "TextType": "PRINTED",
      "Geometry": {
        "BoundingBox": {
          "Width": 0.025039277970790863,
          "Height": 0.019450467079877853,
          "Left": 0.6748777627944946,
          "Top": 0.4172130525112152
        },
        "Polygon": [
          {
            "X": 0.6748777627944946,
            "Y": 0.4172130525112152
          },
          {
            "X": 0.6998530626296997,
            "Y": 0.41722309589385986
          },
          {
            "X": 0.6999170184135437,
            "Y": 0.43666353821754456
          },
          {
            "X": 0.6749399900436401,
            "Y": 0.43665099143981934
          }
        ]
      },
      "Id": "4505d182-2150-47e7-829e-1ee8959fc0d1",
      "Page": 1
    },
    {
      "BlockType": "WORD",
      "Confidence": 95.8883056640625,
      "Text": "°C",
      "TextType": "PRINTED",
      "Geometry": {
        "BoundingBox": {
          "Width": 0.014170638285577297,
          "Height": 0.01892676204442978,
          "Left": 0.7057914733886719,
          "Top": 0.41735661029815674
        },
        "Polygon": [
          {
            "X": 0.7057914733886719,
            "Y": 0.41735661029815674
          },
          {
            "X": 0.719898521900177,
            "Y": 0.4173622727394104
          },
          {
            "X": 0.7199621200561523,
            "Y": 0.4362833499908447
          },
          {
            "X": 0.7058541178703308,
            "Y": 0.43627631664276123
          }
        ]
      },
      "Id": "60af3bb4-efd6-4c07-ad8d-fcea99edd9f1",
      "Page": 1
    },
    {
      "BlockType": "WORD",
      "Confidence": 99.91799926757812,
      "Text": "(%)",
      "TextType": "PRINTED",
      "Geometry": {
        "BoundingBox": {
          "Width": 0.01980867050588131,
          "Height": 0.02450162172317505,
          "Left": 0.7250300645828247,
          "Top": 0.41634997725486755
        },
        "Polygon": [
          {
            "X": 0.7250300645828247,
            "Y": 0.41634997725486755
          },
          {
            "X": 0.7447542548179626,
            "Y": 0.4163578152656555
          },
          {
            "X": 0.7448387742042542,
            "Y": 0.4408515989780426
          },
          {
            "X": 0.7251128554344177,
            "Y": 0.44084128737449646
          }
        ]
      },
      "Id": "4680d533-cfc8-4e94-954b-e553dfcc0dfb",
      "Page": 1
    },
    {
      "BlockType": "WORD",
      "Confidence": 99.90270233154297,
      "Text": "VFD",
      "TextType": "PRINTED",
      "Geometry": {
        "BoundingBox": {
          "Width": 0.02763501927256584,
          "Height": 0.019124168902635574,
          "Left": 0.2682279348373413,
          "Top": 0.46653521060943604
        },
        "Polygon": [
          {
            "X": 0.2682279348373413,
            "Y": 0.46653521060943604
          },
          {
            "X": 0.29582715034484863,
            "Y": 0.46655330061912537
          },
          {
            "X": 0.29586294293403625,
            "Y": 0.4856593906879425
          },
          {
            "X": 0.2682618796825409,
            "Y": 0.4856386184692383
          }
        ]
      },
      "Id": "c064aa6f-c4c2-4c21-b738-b14a0e46258f",
      "Page": 1
    },
    {
      "BlockType": "WORD",
      "Confidence": 99.97808837890625,
      "Text": "212",
      "TextType": "PRINTED",
      "Geometry": {
        "BoundingBox": {
          "Width": 0.024719150736927986,
          "Height": 0.019814636558294296,
          "Left": 0.3757491409778595,
          "Top": 0.46610361337661743
        },
        "Polygon": [
          {
            "X": 0.3757491409778595,
            "Y": 0.46610361337661743
          },
          {
            "X": 0.40042394399642944,
            "Y": 0.4661197066307068
          },
          {
            "X": 0.4004683196544647,
            "Y": 0.485918253660202
          },
          {
            "X": 0.3757917881011963,
            "Y": 0.4858996272087097
          }
        ]
      },
      "Id": "eeabdf38-b1f8-446c-96ae-2620f60e8672",
      "Page": 1
    },
    {
      "BlockType": "WORD",
      "Confidence": 99.72173309326172,
      "Text": "212/383/443",
      "TextType": "PRINTED",
      "Geometry": {
        "BoundingBox": {
          "Width": 0.08537237346172333,
          "Height": 0.024967379868030548,
          "Left": 0.45446762442588806,
          "Top": 0.46552610397338867
        },
        "Polygon": [
          {
            "X": 0.45446762442588806,
            "Y": 0.46552610397338867
          },
          {
            "X": 0.5397719740867615,
            "Y": 0.4655815064907074
          },
          {
            "X": 0.5398399829864502,
            "Y": 0.4904934763908386
          },
          {
            "X": 0.4545281231403351,
            "Y": 0.4904272258281708
          }
        ]
      },
      "Id": "357b2132-1118-4559-9bdd-ceb2f0ae19f4",
      "Page": 1
    },
    {
      "BlockType": "WORD",
      "Confidence": 97.35899353027344,
      "Text": "23.9",
      "TextType": "PRINTED",
      "Geometry": {
        "BoundingBox": {
          "Width": 0.028881391510367393,
          "Height": 0.020288504660129547,
          "Left": 0.5671054720878601,
          "Top": 0.466196209192276
        },
        "Polygon": [
          {
            "X": 0.5671054720878601,
            "Y": 0.466196209192276
          },
          {
            "X": 0.5959275960922241,
            "Y": 0.46621501445770264
          },
          {
            "X": 0.5959869027137756,
            "Y": 0.48648473620414734
          },
          {
            "X": 0.5671627521514893,
            "Y": 0.48646292090415955
          }
        ]
      },
      "Id": "23058229-bc7d-4e47-926b-654f6def596f",
      "Page": 1
    },
    {
      "BlockType": "WORD",
      "Confidence": 99.55224609375,
      "Text": "EP",
      "TextType": "PRINTED",
      "Geometry": {
        "BoundingBox": {
          "Width": 0.01610381528735161,
          "Height": 0.019772203639149666,
          "Left": 0.2690354585647583,
          "Top": 0.49851104617118835
        },
        "Polygon": [
          {
            "X": 0.2690354585647583,
            "Y": 0.49851104617118835
          },
          {
            "X": 0.2851029932498932,
            "Y": 0.4985242187976837
          },
          {
            "X": 0.285139262676239,
            "Y": 0.5182832479476929
          },
          {
            "X": 0.2690705955028534,
            "Y": 0.5182684659957886
          }
        ]
      },
      "Id": "912a3607-be80-47e3-abd3-584973dec49b",
      "Page": 1
    },
    {
      "BlockType": "WORD",
      "Confidence": 99.90856170654297,
      "Text": "371",
      "TextType": "PRINTED",
      "Geometry": {
        "BoundingBox": {
          "Width": 0.02321641333401203,
          "Height": 0.01968509703874588,
          "Left": 0.3758147060871124,
          "Top": 0.49845221638679504
        },
        "Polygon": [
          {
            "X": 0.3758147060871124,
            "Y": 0.49845221638679504
          },
          {
            "X": 0.39898717403411865,
            "Y": 0.4984711706638336
          },
          {
            "X": 0.3990311324596405,
            "Y": 0.5181373357772827
          },
          {
            "X": 0.37585708498954773,
            "Y": 0.5181160569190979
          }
        ]
      },
      "Id": "d842e93d-7907-4a8e-9c83-93bbf54367a6",
      "Page": 1
    },
    {
      "BlockType": "WORD",
      "Confidence": 99.95628356933594,
      "Text": "388",
      "TextType": "PRINTED",
      "Geometry": {
        "BoundingBox": {
          "Width": 0.024627655744552612,
          "Height": 0.01953013427555561,
          "Left": 0.4542772173881531,
          "Top": 0.4984420835971832
        },
        "Polygon": [
          {
            "X": 0.4542772173881531,
            "Y": 0.4984420835971832
          },
          {
            "X": 0.47885581851005554,
            "Y": 0.49846217036247253
          },
          {
            "X": 0.4789048731327057,
            "Y": 0.5179722309112549
          },
          {
            "X": 0.4543246030807495,
            "Y": 0.517949640750885
          }
        ]
      },
      "Id": "7b7974c4-be20-4788-8b7c-fd1e3a637d11",
      "Page": 1
    },
    {
      "BlockType": "WORD",
      "Confidence": 98.30117797851562,
      "Text": "18.1",
      "TextType": "PRINTED",
      "Geometry": {
        "BoundingBox": {
          "Width": 0.025487298145890236,
          "Height": 0.019631410017609596,
          "Left": 0.568485677242279,
          "Top": 0.4985196590423584
        },
        "Polygon": [
          {
            "X": 0.568485677242279,
            "Y": 0.4985196590423584
          },
          {
            "X": 0.5939157605171204,
            "Y": 0.498540461063385
          },
          {
            "X": 0.5939729809761047,
            "Y": 0.5181511044502258
          },
          {
            "X": 0.5685411691665649,
            "Y": 0.5181277394294739
          }
        ]
      },
      "Id": "c0a24306-1959-46bd-aa47-7771048e7eb7",
      "Page": 1
    },
    {
      "BlockType": "WORD",
      "Confidence": 99.63142395019531,
      "Text": "Cal-EP/VFD",
      "TextType": "PRINTED",
      "Geometry": {
        "BoundingBox": {
          "Width": 0.07541115581989288,
          "Height": 0.024490036070346832,
          "Left": 0.26902255415916443,
          "Top": 0.5299091339111328
        },
        "Polygon": [
          {
            "X": 0.26902255415916443,
            "Y": 0.5299091339111328
          },
          {
            "X": 0.3443838357925415,
            "Y": 0.5299829840660095
          },
          {
            "X": 0.3444337248802185,
            "Y": 0.5543991923332214
          },
          {
            "X": 0.2690659761428833,
            "Y": 0.5543159246444702
          }
        ]
      },
      "Id": "604fde45-7974-44e2-bb4b-75f77fbb7937",
      "Page": 1
    },
    {
      "BlockType": "WORD",
      "Confidence": 99.9512710571289,
      "Text": "364",
      "TextType": "PRINTED",
      "Geometry": {
        "BoundingBox": {
          "Width": 0.02499917522072792,
          "Height": 0.01967809908092022,
          "Left": 0.3760157823562622,
          "Top": 0.5303918719291687
        },
        "Polygon": [
          {
            "X": 0.3760157823562622,
            "Y": 0.5303918719291687
          },
          {
            "X": 0.4009708762168884,
            "Y": 0.5304163694381714
          },
          {
            "X": 0.40101495385169983,
            "Y": 0.5500699877738953
          },
          {
            "X": 0.37605810165405273,
            "Y": 0.550042986869812
          }
        ]
      },
      "Id": "d1a63ef6-7718-49a4-a86f-3a82e1701116",
      "Page": 1
    },
    {
      "BlockType": "WORD",
      "Confidence": 99.97160339355469,
      "Text": "388",
      "TextType": "PRINTED",
      "Geometry": {
        "BoundingBox": {
          "Width": 0.024293214082717896,
          "Height": 0.01955113373696804,
          "Left": 0.4544702172279358,
          "Top": 0.5304608345031738
        },
        "Polygon": [
          {
            "X": 0.4544702172279358,
            "Y": 0.5304608345031738
          },
          {
            "X": 0.47871434688568115,
            "Y": 0.5304846167564392
          },
          {
            "X": 0.4787634313106537,
            "Y": 0.5500119924545288
          },
          {
            "X": 0.454517662525177,
            "Y": 0.5499857664108276
          }
        ]
      },
      "Id": "076cb319-0626-47f5-9686-4bb549048b3d",
      "Page": 1
    },
    {
      "BlockType": "WORD",
      "Confidence": 99.22981262207031,
      "Text": "18.8",
      "TextType": "PRINTED",
      "Geometry": {
        "BoundingBox": {
          "Width": 0.027028987184166908,
          "Height": 0.0196067001670599,
          "Left": 0.5685688853263855,
          "Top": 0.530398964881897
        },
        "Polygon": [
          {
            "X": 0.5685688853263855,
            "Y": 0.530398964881897
          },
          {
            "X": 0.5955405831336975,
            "Y": 0.5304254293441772
          },
          {
            "X": 0.5955978631973267,
            "Y": 0.5500056743621826
          },
          {
            "X": 0.5686242580413818,
            "Y": 0.5499765276908875
          }
        ]
      },
      "Id": "2569d637-028c-408a-b4d6-9f8d645dfcd2",
      "Page": 1
    },
    {
      "BlockType": "WORD",
      "Confidence": 98.38863372802734,
      "Text": "Exp-EP/VFD",
      "TextType": "PRINTED",
      "Geometry": {
        "BoundingBox": {
          "Width": 0.08028686791658401,
          "Height": 0.025643842294812202,
          "Left": 0.26848313212394714,
          "Top": 0.5604413151741028
        },
        "Polygon": [
          {
            "X": 0.26848313212394714,
            "Y": 0.5604413151741028
          },
          {
            "X": 0.3487173914909363,
            "Y": 0.5605324506759644
          },
          {
            "X": 0.34876999258995056,
            "Y": 0.5860851407051086
          },
          {
            "X": 0.2685285210609436,
            "Y": 0.5859835147857666
          }
        ]
      },
      "Id": "bc52e895-a979-461f-8cab-3bdc8acd6856",
      "Page": 1
    },
    {
      "BlockType": "WORD",
      "Confidence": 99.89485931396484,
      "Text": "332",
      "TextType": "PRINTED",
      "Geometry": {
        "BoundingBox": {
          "Width": 0.02444169484078884,
          "Height": 0.019712384790182114,
          "Left": 0.376051664352417,
          "Top": 0.5609279274940491
        },
        "Polygon": [
          {
            "X": 0.376051664352417,
            "Y": 0.5609279274940491
          },
          {
            "X": 0.400449275970459,
            "Y": 0.5609556436538696
          },
          {
            "X": 0.4004933536052704,
            "Y": 0.5806403160095215
          },
          {
            "X": 0.3760940432548523,
            "Y": 0.5806100964546204
          }
        ]
      },
      "Id": "8204d9e0-e9f0-4829-9c65-800c6efd3e75",
      "Page": 1
    },
    {
      "BlockType": "WORD",
      "Confidence": 99.95386505126953,
      "Text": "368",
      "TextType": "PRINTED",
      "Geometry": {
        "BoundingBox": {
          "Width": 0.024529051035642624,
          "Height": 0.019792387261986732,
          "Left": 0.4543989300727844,
          "Top": 0.5609071850776672
        },
        "Polygon": [
          {
            "X": 0.4543989300727844,
            "Y": 0.5609071850776672
          },
          {
            "X": 0.47887828946113586,
            "Y": 0.5609350204467773
          },
          {
            "X": 0.47892796993255615,
            "Y": 0.5806995630264282
          },
          {
            "X": 0.454446941614151,
            "Y": 0.5806692242622375
          }
        ]
      },
      "Id": "cbf8f3bb-d693-4aa7-9d52-89aa4c6b76ae",
      "Page": 1
    },
    {
      "BlockType": "WORD",
      "Confidence": 99.5886001586914,
      "Text": "24.5",
      "TextType": "PRINTED",
      "Geometry": {
        "BoundingBox": {
          "Width": 0.028385324403643608,
          "Height": 0.019903922453522682,
          "Left": 0.5672992467880249,
          "Top": 0.5609378218650818
        },
        "Polygon": [
          {
            "X": 0.5672992467880249,
            "Y": 0.5609378218650818
          },
          {
            "X": 0.5956264734268188,
            "Y": 0.5609700083732605
          },
          {
            "X": 0.5956845879554749,
            "Y": 0.5808417797088623
          },
          {
            "X": 0.5673553943634033,
            "Y": 0.5808066725730896
          }
        ]
      },
      "Id": "b3d71255-19c7-4ab9-9f9e-35fac1240eaa",
      "Page": 1
    },
    {
      "BlockType": "TABLE",
      "Confidence": 99.462890625,
      "Geometry": {
        "BoundingBox": {
          "Width": 0.5150154232978821,
          "Height": 0.19750487804412842,
          "Left": 0.24387407302856445,
          "Top": 0.40214139223098755
        },
        "Polygon": [
          {
            "X": 0.24387407302856445,
            "Y": 0.40214139223098755
          },
          {
            "X": 0.7581996321678162,
            "Y": 0.4023089110851288
          },
          {
            "X": 0.7588894963264465,
            "Y": 0.599646270275116
          },
          {
            "X": 0.24420702457427979,
            "Y": 0.5989601016044617
          }
        ]
      },
      "Id": "706623d2-7931-44a4-9425-dcacbc1e7cd1",
      "Relationships": [
        {
          "Type": "CHILD",
          "Ids": [
            "1c51f790-e3a3-4b5a-aabc-ba21fca100bb",
            "cd9693a1-c851-4e5a-887f-85abbefcb67a",
            "627f3ab5-fa69-42d1-ad48-e9db48ef2686",
            "0e3e88f8-51cb-40db-9625-6ae2f814080c",
            "d66d096a-f7c9-4fa5-a1cc-bdd71e8b25a1",
            "38bef226-05e2-41d1-90b3-8c8dae61f088",
            "f9c2b144-d1b1-47da-b71a-381c8c4405c1",
            "ecc83f6a-4912-46bb-a86f-0715abf95e6c",
            "5565e8bd-bfdf-47f2-aea5-0582e8ef05d2",
            "6eff0afc-0f0e-4097-a095-88b22e4a5135",
            "013aef9e-53b6-4c78-b6cf-ad12d705a791",
            "a6923e2b-c771-4216-b6d1-5d4f91b02f61",
            "95b74d9d-c188-4dbf-ad58-5e646e51d03b",
            "39053a8a-45ac-489d-a891-2c45a96f5d18",
            "5b17c7fb-2814-4a5d-b5d7-cf8ed1814188",
            "40921fd7-7637-42f5-890b-2964bb8908fd",
            "c8203622-81fe-4a23-a794-61cffa219c0c",
            "7178df9b-33bc-404f-8843-d12e698ffc0a",
            "cd626615-ea8c-4fb2-a652-e508e76a21bd",
            "78fe4e9f-3f24-470a-9c2a-7f0b08200e43"
          ]
        }
      ],
      "EntityTypes": [
        "STRUCTURED_TABLE"
      ],
      "Page": 1
    },
    {
      "BlockType": "CELL",
      "Confidence": 93.994140625,
      "RowIndex": 1,
      "ColumnIndex": 1,
      "RowSpan": 1,
      "ColumnSpan": 1,
      "Geometry": {
        "BoundingBox": {
          "Width": 0.11747109889984131,
          "Height": 0.049888405948877335,
          "Left": 0.24387407302856445,
          "Top": 0.40214139223098755
        },
        "Polygon": [
          {
            "X": 0.24387407302856445,
            "Y": 0.40214139223098755
          },
          {
            "X": 0.36124032735824585,
            "Y": 0.40217962861061096
          },
          {
            "X": 0.36134517192840576,
            "Y": 0.4520297944545746
          },
          {
            "X": 0.24395835399627686,
            "Y": 0.4519616365432739
          }
        ]
      },
      "Id": "1c51f790-e3a3-4b5a-aabc-ba21fca100bb",
      "Relationships": [
        {
          "Type": "CHILD",
          "Ids": [
            "e106fa29-a20d-4c19-bedb-51df7a5c9cbe"
          ]
        }
      ],
      "EntityTypes": [
        "COLUMN_HEADER"
      ],
      "Page": 1
    },
    {
      "BlockType": "CELL",
      "Confidence": 84.814453125,
      "RowIndex": 1,
      "ColumnIndex": 2,
      "RowSpan": 1,
      "ColumnSpan": 1,
      "Geometry": {
        "BoundingBox": {
          "Width": 0.07888557761907578,
          "Height": 0.04989592730998993,
          "Left": 0.36124032735824585,
          "Top": 0.40217962861061096
        },
        "Polygon": [
          {
            "X": 0.36124032735824585,
            "Y": 0.40217962861061096
          },
          {
            "X": 0.44000720977783203,
            "Y": 0.40220528841018677
          },
          {
            "X": 0.44012588262557983,
            "Y": 0.4520755410194397
          },
          {
            "X": 0.36134517192840576,
            "Y": 0.4520297944545746
          }
        ]
      },
      "Id": "cd9693a1-c851-4e5a-887f-85abbefcb67a",
      "Relationships": [
        {
          "Type": "CHILD",
          "Ids": [
            "5a904dbe-d990-4f61-9581-c67d5f87ccb6",
            "8a9706ca-2bc5-43bc-946c-1ba1cabb2397"
          ]
        }
      ],
      "EntityTypes": [
        "COLUMN_HEADER"
      ],
      "Page": 1
    },
    {
      "BlockType": "CELL",
      "Confidence": 91.9921875,
      "RowIndex": 1,
      "ColumnIndex": 3,
      "RowSpan": 1,
      "ColumnSpan": 1,
      "Geometry": {
        "BoundingBox": {
          "Width": 0.11277277767658234,
          "Height": 0.04993569478392601,
          "Left": 0.44000720977783203,
          "Top": 0.40220528841018677
        },
        "Polygon": [
          {
            "X": 0.44000720977783203,
            "Y": 0.40220528841018677
          },
          {
            "X": 0.5526415109634399,
            "Y": 0.40224194526672363
          },
          {
            "X": 0.5527799725532532,
            "Y": 0.4521409571170807
          },
          {
            "X": 0.44012588262557983,
            "Y": 0.4520755410194397
          }
        ]
      },
      "Id": "627f3ab5-fa69-42d1-ad48-e9db48ef2686",
      "Relationships": [
        {
          "Type": "CHILD",
          "Ids": [
            "822aaa07-1cd1-4c8e-9550-12567a14eb8f",
            "0084e11c-56e5-48b8-babf-36be89b2d563"
          ]
        }
      ],
      "EntityTypes": [
        "COLUMN_HEADER"
      ],
      "Page": 1
    },
    {
      "BlockType": "CELL",
      "Confidence": 95.947265625,
      "RowIndex": 1,
      "ColumnIndex": 4,
      "RowSpan": 1,
      "ColumnSpan": 1,
      "Geometry": {
        "BoundingBox": {
          "Width": 0.20573270320892334,
          "Height": 0.05001839995384216,
          "Left": 0.5526415109634399,
          "Top": 0.40224194526672363
        },
        "Polygon": [
          {
            "X": 0.5526415109634399,
            "Y": 0.40224194526672363
          },
          {
            "X": 0.7581996321678162,
            "Y": 0.4023089110851288
          },
          {
            "X": 0.7583742141723633,
            "Y": 0.4522603452205658
          },
          {
            "X": 0.5527799725532532,
            "Y": 0.4521409571170807
          }
        ]
      },
      "Id": "0e3e88f8-51cb-40db-9625-6ae2f814080c",
      "Relationships": [
        {
          "Type": "CHILD",
          "Ids": [
            "e98ae3dc-daf9-48db-b4e6-797b4072dee0",
            "f4192c22-1b7b-4600-844d-18e045c732fd",
            "34e41a88-2b5a-4c70-bae9-6359daedd4fa",
            "4505d182-2150-47e7-829e-1ee8959fc0d1",
            "60af3bb4-efd6-4c07-ad8d-fcea99edd9f1",
            "4680d533-cfc8-4e94-954b-e553dfcc0dfb"
          ]
        }
      ],
      "EntityTypes": [
        "COLUMN_HEADER"
      ],
      "Page": 1
    },
    {
      "BlockType": "CELL",
      "Confidence": 89.794921875,
      "RowIndex": 2,
      "ColumnIndex": 1,
      "RowSpan": 1,
      "ColumnSpan": 1,
      "Geometry": {
        "BoundingBox": {
          "Width": 0.11747141182422638,
          "Height": 0.04028255492448807,
          "Left": 0.24395835399627686,
          "Top": 0.4519616365432739
        },
        "Polygon": [
          {
            "X": 0.24395835399627686,
            "Y": 0.4519616365432739
          },
          {
            "X": 0.36134517192840576,
            "Y": 0.4520297944545746
          },
          {
            "X": 0.36142975091934204,
            "Y": 0.4922441840171814
          },
          {
            "X": 0.2440263330936432,
            "Y": 0.4921518564224243
          }
        ]
      },
      "Id": "d66d096a-f7c9-4fa5-a1cc-bdd71e8b25a1",
      "Relationships": [
        {
          "Type": "CHILD",
          "Ids": [
            "c064aa6f-c4c2-4c21-b738-b14a0e46258f"
          ]
        }
      ],
      "Page": 1
    },
    {
      "BlockType": "CELL",
      "Confidence": 81.0546875,
      "RowIndex": 2,
      "ColumnIndex": 2,
      "RowSpan": 1,
      "ColumnSpan": 1,
      "Geometry": {
        "BoundingBox": {
          "Width": 0.07887645810842514,
          "Height": 0.04027634859085083,
          "Left": 0.36134517192840576,
          "Top": 0.4520297944545746
        },
        "Polygon": [
          {
            "X": 0.36134517192840576,
            "Y": 0.4520297944545746
          },
          {
            "X": 0.44012588262557983,
            "Y": 0.4520755410194397
          },
          {
            "X": 0.4402216374874115,
            "Y": 0.4923061430454254
          },
          {
            "X": 0.36142975091934204,
            "Y": 0.4922441840171814
          }
        ]
      },
      "Id": "38bef226-05e2-41d1-90b3-8c8dae61f088",
      "Relationships": [
        {
          "Type": "CHILD",
          "Ids": [
            "eeabdf38-b1f8-446c-96ae-2620f60e8672"
          ]
        }
      ],
      "Page": 1
    },
    {
      "BlockType": "CELL",
      "Confidence": 87.939453125,
      "RowIndex": 2,
      "ColumnIndex": 3,
      "RowSpan": 1,
      "ColumnSpan": 1,
      "Geometry": {
        "BoundingBox": {
          "Width": 0.11276580393314362,
          "Height": 0.040319208055734634,
          "Left": 0.44012588262557983,
          "Top": 0.4520755410194397
        },
        "Polygon": [
          {
            "X": 0.44012588262557983,
            "Y": 0.4520755410194397
          },
          {
            "X": 0.5527799725532532,
            "Y": 0.4521409571170807
          },
          {
            "X": 0.5528916716575623,
            "Y": 0.49239474534988403
          },
          {
            "X": 0.4402216374874115,
            "Y": 0.4923061430454254
          }
        ]
      },
      "Id": "f9c2b144-d1b1-47da-b71a-381c8c4405c1",
      "Relationships": [
        {
          "Type": "CHILD",
          "Ids": [
            "357b2132-1118-4559-9bdd-ceb2f0ae19f4"
          ]
        }
      ],
      "Page": 1
    },
    {
      "BlockType": "CELL",
      "Confidence": 91.69921875,
      "RowIndex": 2,
      "ColumnIndex": 4,
      "RowSpan": 1,
      "ColumnSpan": 1,
      "Geometry": {
        "BoundingBox": {
          "Width": 0.20573511719703674,
          "Height": 0.04041549563407898,
          "Left": 0.5527799725532532,
          "Top": 0.4521409571170807
        },
        "Polygon": [
          {
            "X": 0.5527799725532532,
            "Y": 0.4521409571170807
          },
          {
            "X": 0.7583742141723633,
            "Y": 0.4522603452205658
          },
          {
            "X": 0.7585151195526123,
            "Y": 0.49255645275115967
          },
          {
            "X": 0.5528916716575623,
            "Y": 0.49239474534988403
          }
        ]
      },
      "Id": "ecc83f6a-4912-46bb-a86f-0715abf95e6c",
      "Relationships": [
        {
          "Type": "CHILD",
          "Ids": [
            "23058229-bc7d-4e47-926b-654f6def596f"
          ]
        }
      ],
      "Page": 1
    },
    {
      "BlockType": "CELL",
      "Confidence": 87.20703125,
      "RowIndex": 3,
      "ColumnIndex": 1,
      "RowSpan": 1,
      "ColumnSpan": 1,
      "Geometry": {
        "BoundingBox": {
          "Width": 0.11746829003095627,
          "Height": 0.03093104250729084,
          "Left": 0.2440263330936432,
          "Top": 0.4921518564224243
        },
        "Polygon": [
          {
            "X": 0.2440263330936432,
            "Y": 0.4921518564224243
          },
          {
            "X": 0.36142975091934204,
            "Y": 0.4922441840171814
          },
          {
            "X": 0.36149463057518005,
            "Y": 0.5230829119682312
          },
          {
            "X": 0.24407847225666046,
            "Y": 0.522972047328949
          }
        ]
      },
      "Id": "5565e8bd-bfdf-47f2-aea5-0582e8ef05d2",
      "Relationships": [
        {
          "Type": "CHILD",
          "Ids": [
            "912a3607-be80-47e3-abd3-584973dec49b"
          ]
        }
      ],
      "Page": 1
    },
    {
      "BlockType": "CELL",
      "Confidence": 78.7109375,
      "RowIndex": 3,
      "ColumnIndex": 2,
      "RowSpan": 1,
      "ColumnSpan": 1,
      "Geometry": {
        "BoundingBox": {
          "Width": 0.07886528968811035,
          "Height": 0.03091311641037464,
          "Left": 0.36142975091934204,
          "Top": 0.4922441840171814
        },
        "Polygon": [
          {
            "X": 0.36142975091934204,
            "Y": 0.4922441840171814
          },
          {
            "X": 0.4402216374874115,
            "Y": 0.4923061430454254
          },
          {
            "X": 0.4402950406074524,
            "Y": 0.5231572985649109
          },
          {
            "X": 0.36149463057518005,
            "Y": 0.5230829119682312
          }
        ]
      },
      "Id": "6eff0afc-0f0e-4097-a095-88b22e4a5135",
      "Relationships": [
        {
          "Type": "CHILD",
          "Ids": [
            "d842e93d-7907-4a8e-9c83-93bbf54367a6"
          ]
        }
      ],
      "Page": 1
    },
    {
      "BlockType": "CELL",
      "Confidence": 85.3515625,
      "RowIndex": 3,
      "ColumnIndex": 3,
      "RowSpan": 1,
      "ColumnSpan": 1,
      "Geometry": {
        "BoundingBox": {
          "Width": 0.11275572329759598,
          "Height": 0.030957544222474098,
          "Left": 0.4402216374874115,
          "Top": 0.4923061430454254
        },
        "Polygon": [
          {
            "X": 0.4402216374874115,
            "Y": 0.4923061430454254
          },
          {
            "X": 0.5528916716575623,
            "Y": 0.49239474534988403
          },
          {
            "X": 0.5529773831367493,
            "Y": 0.523263692855835
          },
          {
            "X": 0.4402950406074524,
            "Y": 0.5231572985649109
          }
        ]
      },
      "Id": "013aef9e-53b6-4c78-b6cf-ad12d705a791",
      "Relationships": [
        {
          "Type": "CHILD",
          "Ids": [
            "7b7974c4-be20-4788-8b7c-fd1e3a637d11"
          ]
        }
      ],
      "Page": 1
    },
    {
      "BlockType": "CELL",
      "Confidence": 89.013671875,
      "RowIndex": 3,
      "ColumnIndex": 4,
      "RowSpan": 1,
      "ColumnSpan": 1,
      "Geometry": {
        "BoundingBox": {
          "Width": 0.20573145151138306,
          "Height": 0.031063104048371315,
          "Left": 0.5528916716575623,
          "Top": 0.49239474534988403
        },
        "Polygon": [
          {
            "X": 0.5528916716575623,
            "Y": 0.49239474534988403
          },
          {
            "X": 0.7585151195526123,
            "Y": 0.49255645275115967
          },
          {
            "X": 0.7586231231689453,
            "Y": 0.5234578847885132
          },
          {
            "X": 0.5529773831367493,
            "Y": 0.523263692855835
          }
        ]
      },
      "Id": "a6923e2b-c771-4216-b6d1-5d4f91b02f61",
      "Relationships": [
        {
          "Type": "CHILD",
          "Ids": [
            "c0a24306-1959-46bd-aa47-7771048e7eb7"
          ]
        }
      ],
      "Page": 1
    },
    {
      "BlockType": "CELL",
      "Confidence": 85.44921875,
      "RowIndex": 4,
      "ColumnIndex": 1,
      "RowSpan": 1,
      "ColumnSpan": 1,
      "Geometry": {
        "BoundingBox": {
          "Width": 0.11748385429382324,
          "Height": 0.03229750320315361,
          "Left": 0.24407847225666046,
          "Top": 0.522972047328949
        },
        "Polygon": [
          {
            "X": 0.24407847225666046,
            "Y": 0.522972047328949
          },
          {
            "X": 0.36149463057518005,
            "Y": 0.5230829119682312
          },
          {
            "X": 0.3615623414516449,
            "Y": 0.5552695393562317
          },
          {
            "X": 0.2441328912973404,
            "Y": 0.5551393628120422
          }
        ]
      },
      "Id": "95b74d9d-c188-4dbf-ad58-5e646e51d03b",
      "Relationships": [
        {
          "Type": "CHILD",
          "Ids": [
            "604fde45-7974-44e2-bb4b-75f77fbb7937"
          ]
        }
      ],
      "Page": 1
    },
    {
      "BlockType": "CELL",
      "Confidence": 77.099609375,
      "RowIndex": 4,
      "ColumnIndex": 2,
      "RowSpan": 1,
      "ColumnSpan": 1,
      "Geometry": {
        "BoundingBox": {
          "Width": 0.0788770541548729,
          "Height": 0.0322740264236927,
          "Left": 0.36149463057518005,
          "Top": 0.5230829119682312
        },
        "Polygon": [
          {
            "X": 0.36149463057518005,
            "Y": 0.5230829119682312
          },
          {
            "X": 0.4402950406074524,
            "Y": 0.5231572985649109
          },
          {
            "X": 0.44037169218063354,
            "Y": 0.5553569197654724
          },
          {
            "X": 0.3615623414516449,
            "Y": 0.5552695393562317
          }
        ]
      },
      "Id": "39053a8a-45ac-489d-a891-2c45a96f5d18",
      "Relationships": [
        {
          "Type": "CHILD",
          "Ids": [
            "d1a63ef6-7718-49a4-a86f-3a82e1701116"
          ]
        }
      ],
      "Page": 1
    },
    {
      "BlockType": "CELL",
      "Confidence": 83.642578125,
      "RowIndex": 4,
      "ColumnIndex": 3,
      "RowSpan": 1,
      "ColumnSpan": 1,
      "Geometry": {
        "BoundingBox": {
          "Width": 0.11277170479297638,
          "Height": 0.03232458606362343,
          "Left": 0.4402950406074524,
          "Top": 0.5231572985649109
        },
        "Polygon": [
          {
            "X": 0.4402950406074524,
            "Y": 0.5231572985649109
          },
          {
            "X": 0.5529773831367493,
            "Y": 0.523263692855835
          },
          {
            "X": 0.5530667304992676,
            "Y": 0.5554819107055664
          },
          {
            "X": 0.44037169218063354,
            "Y": 0.5553569197654724
          }
        ]
      },
      "Id": "5b17c7fb-2814-4a5d-b5d7-cf8ed1814188",
      "Relationships": [
        {
          "Type": "CHILD",
          "Ids": [
            "076cb319-0626-47f5-9686-4bb549048b3d"
          ]
        }
      ],
      "Page": 1
    },
    {
      "BlockType": "CELL",
      "Confidence": 87.20703125,
      "RowIndex": 4,
      "ColumnIndex": 4,
      "RowSpan": 1,
      "ColumnSpan": 1,
      "Geometry": {
        "BoundingBox": {
          "Width": 0.20575855672359467,
          "Height": 0.0324462465941906,
          "Left": 0.5529773831367493,
          "Top": 0.523263692855835
        },
        "Polygon": [
          {
            "X": 0.5529773831367493,
            "Y": 0.523263692855835
          },
          {
            "X": 0.7586231231689453,
            "Y": 0.5234578847885132
          },
          {
            "X": 0.7587358951568604,
            "Y": 0.555709958076477
          },
          {
            "X": 0.5530667304992676,
            "Y": 0.5554819107055664
          }
        ]
      },
      "Id": "40921fd7-7637-42f5-890b-2964bb8908fd",
      "Relationships": [
        {
          "Type": "CHILD",
          "Ids": [
            "2569d637-028c-408a-b4d6-9f8d645dfcd2"
          ]
        }
      ],
      "Page": 1
    },
    {
      "BlockType": "CELL",
      "Confidence": 92.578125,
      "RowIndex": 5,
      "ColumnIndex": 1,
      "RowSpan": 1,
      "ColumnSpan": 1,
      "Geometry": {
        "BoundingBox": {
          "Width": 0.11752166599035263,
          "Height": 0.043977364897727966,
          "Left": 0.2441328912973404,
          "Top": 0.5551393628120422
        },
        "Polygon": [
          {
            "X": 0.2441328912973404,
            "Y": 0.5551393628120422
          },
          {
            "X": 0.3615623414516449,
            "Y": 0.5552695393562317
          },
          {
            "X": 0.3616545498371124,
            "Y": 0.5991166830062866
          },
          {
            "X": 0.24420702457427979,
            "Y": 0.5989601016044617
          }
        ]
      },
      "Id": "c8203622-81fe-4a23-a794-61cffa219c0c",
      "Relationships": [
        {
          "Type": "CHILD",
          "Ids": [
            "bc52e895-a979-461f-8cab-3bdc8acd6856"
          ]
        }
      ],
      "Page": 1
    },
    {
      "BlockType": "CELL",
      "Confidence": 83.544921875,
      "RowIndex": 5,
      "ColumnIndex": 2,
      "RowSpan": 1,
      "ColumnSpan": 1,
      "Geometry": {
        "BoundingBox": {
          "Width": 0.07891373336315155,
          "Height": 0.04395223781466484,
          "Left": 0.3615623414516449,
          "Top": 0.5552695393562317
        },
        "Polygon": [
          {
            "X": 0.3615623414516449,
            "Y": 0.5552695393562317
          },
          {
            "X": 0.44037169218063354,
            "Y": 0.5553569197654724
          },
          {
            "X": 0.44047605991363525,
            "Y": 0.5992217659950256
          },
          {
            "X": 0.3616545498371124,
            "Y": 0.5991166830062866
          }
        ]
      },
      "Id": "7178df9b-33bc-404f-8843-d12e698ffc0a",
      "Relationships": [
        {
          "Type": "CHILD",
          "Ids": [
            "8204d9e0-e9f0-4829-9c65-800c6efd3e75"
          ]
        }
      ],
      "Page": 1
    },
    {
      "BlockType": "CELL",
      "Confidence": 90.625,
      "RowIndex": 5,
      "ColumnIndex": 3,
      "RowSpan": 1,
      "ColumnSpan": 1,
      "Geometry": {
        "BoundingBox": {
          "Width": 0.11281687021255493,
          "Height": 0.04401511326432228,
          "Left": 0.44037169218063354,
          "Top": 0.5553569197654724
        },
        "Polygon": [
          {
            "X": 0.44037169218063354,
            "Y": 0.5553569197654724
          },
          {
            "X": 0.5530667304992676,
            "Y": 0.5554819107055664
          },
          {
            "X": 0.5531885623931885,
            "Y": 0.5993720293045044
          },
          {
            "X": 0.44047605991363525,
            "Y": 0.5992217659950256
          }
        ]
      },
      "Id": "cd626615-ea8c-4fb2-a652-e508e76a21bd",
      "Relationships": [
        {
          "Type": "CHILD",
          "Ids": [
            "cbf8f3bb-d693-4aa7-9d52-89aa4c6b76ae"
          ]
        }
      ],
      "Page": 1
    },
    {
      "BlockType": "CELL",
      "Confidence": 94.53125,
      "RowIndex": 5,
      "ColumnIndex": 4,
      "RowSpan": 1,
      "ColumnSpan": 1,
      "Geometry": {
        "BoundingBox": {
          "Width": 0.20582275092601776,
          "Height": 0.04416437819600105,
          "Left": 0.5530667304992676,
          "Top": 0.5554819107055664
        },
        "Polygon": [
          {
            "X": 0.5530667304992676,
            "Y": 0.5554819107055664
          },
          {
            "X": 0.7587358951568604,
            "Y": 0.555709958076477
          },
          {
            "X": 0.7588894963264465,
            "Y": 0.599646270275116
          },
          {
            "X": 0.5531885623931885,
            "Y": 0.5993720293045044
          }
        ]
      },
      "Id": "78fe4e9f-3f24-470a-9c2a-7f0b08200e43",
      "Relationships": [
        {
          "Type": "CHILD",
          "Ids": [
            "b3d71255-19c7-4ab9-9f9e-35fac1240eaa"
          ]
        }
      ],
      "Page": 1
    }
  ],
  "AnalyzeDocumentModelVersion": "1.0"
}