{
  "DocumentMetadata": {
    "Pages": 1
  },
  "JobStatus": "SUCCEEDED",
  "Blocks": [
    {
      "BlockType": "PAGE",
      "Geometry": {
        "BoundingBox": {
          "Width": 1,
          "Height": 1,
          "Left": 0,
          "Top": 0
        },
        "Polygon": [
          {
            "X": 0,
            "Y": 0
          },
          {
            "X": 1,
            "Y": 9.634600246499758e-7
          },
          {
            "X": 1,
            "Y": 1
          },
          {
            "X": 0.00004331514719524421,
            "Y": 1
          }
        ]
      },
      "Id": "a6c03b91-39a0-4911-907e-33a27173cada",
      "Relationships": [
        {
          "Type": "CHILD",
          "Ids": [
            "6a21c45a-891e-4ac3-a746-2422908d6881",
            "7d5fd295-2576-4990-a664-47028249c64c",
            "b3d4d845-8400-4e48-82f0-794aa9a32b8f",
            "e3f8cdd5-24ce-4f0d-8379-f8b2426ea5ea",
            "2824142f-6e64-445a-8fc5-bce6e1e2cd8a",
            "423be64d-145c-4676-9a6e-2c1a3f3a4412",
            "65271b7a-040d-4d2e-b6b5-831be9f2e796",
            "182057f1-46b7-40c5-bb5b-475790a57148",
            "4398dcf6-fe0c-4c4d-8f6f-672a521cd881",
            "9ae050e7-3c73-4352-a39f-009016ab28c1",
            "8b34ff00-bcd2-47e9-b494-4404e0e26e43",
            "4b2ca2d3-3aaa-49ce-bce4-4f44675210d8",
            "da2ffdf3-a9a3-47de-bb74-f4d52a3d3224",
            "d22607bd-6099-4779-bf23-6ae35a001607",
            "d6ddb67a-ac82-447d-8c33-4968df4178a5",
            "24ae610d-61be-47ff-b082-68267a1c0844",
            "706bf20a-485e-47fe-ba0d-68ec689bb10e",
            "2dac9183-ec3d-40c8-b3ea-8bba4f2c217b",
            "796d0669-2644-44d5-bcdb-9e750bc4c21e",
            "379c1b21-abb2-42a1-839e-52c49cc35d6b"
          ]
        }
      ],
      "Page": 1
    },
    {
      "BlockType": "LINE",
      "Confidence": 99.8813247680664,
      "Text": "Sample code",
      "Geometry": {
        "BoundingBox": {
          "Width": 0.08040779083967209,
          "Height": 0.027396883815526962,
          "Left": 0.2588566243648529,
          "Top": 0.4225301444530487
        },
        "Polygon": [
          {
            "X": 0.2588566243648529,
            "Y": 0.4225713908672333
          },
          {
            "X": 0.3390015959739685,
            "Y": 0.4225301444530487
          },
          {
            "X": 0.3392644226551056,
            "Y": 0.44987621903419495
          },
          {
            "X": 0.2591208219528198,
            "Y": 0.44992703199386597
          }
        ]
      },
      "Id": "6a21c45a-891e-4ac3-a746-2422908d6881",
      "Relationships": [
        {
          "Type": "CHILD",
          "Ids": [
            "924ce31a-1e63-4089-acdb-2fcdb39f89f5",
            "db412d37-997d-4270-b8d3-2576ce72e2df"
          ]
        }
      ],
      "Page": 1
    },
    {
      "BlockType": "LINE",
      "Confidence": 93.65935516357422,
      "Text": "Element content (wt %)",
      "Geometry": {
        "BoundingBox": {
          "Width": 0.14881330728530884,
          "Height": 0.02674153633415699,
          "Left": 0.4172186553478241,
          "Top": 0.42221012711524963
        },
        "Polygon": [
          {
            "X": 0.4172186553478241,
            "Y": 0.42228642106056213
          },
          {
            "X": 0.5657792687416077,
            "Y": 0.42221012711524963
          },
          {
            "X": 0.5660319924354553,
            "Y": 0.44885802268981934
          },
          {
            "X": 0.41747376322746277,
            "Y": 0.4489516615867615
          }
        ]
      },
      "Id": "7d5fd295-2576-4990-a664-47028249c64c",
      "Relationships": [
        {
          "Type": "CHILD",
          "Ids": [
            "53a7a3f3-c7b0-4147-abd9-07b631dd145a",
            "37008474-8302-4f34-ba3a-ad827ecd2cc5",
            "3c9cff00-d1ae-4a19-9bd0-57acbf80cc3f"
          ]
        }
      ],
      "Page": 1
    },
    {
      "BlockType": "LINE",
      "Confidence": 84.93983459472656,
      "Text": "C",
      "Geometry": {
        "BoundingBox": {
          "Width": 0.008676214143633842,
          "Height": 0.01982010155916214,
          "Left": 0.417446494102478,
          "Top": 0.472807914018631
        },
        "Polygon": [
          {
            "X": 0.417446494102478,
            "Y": 0.47281414270401
          },
          {
            "X": 0.42593324184417725,
            "Y": 0.472807914018631
          },
          {
            "X": 0.4261226952075958,
            "Y": 0.4926210343837738
          },
          {
            "X": 0.41763606667518616,
            "Y": 0.4926280081272125
          }
        ]
      },
      "Id": "b3d4d845-8400-4e48-82f0-794aa9a32b8f",
      "Relationships": [
        {
          "Type": "CHILD",
          "Ids": [
            "2150cc99-ccb2-4de7-828f-33134ecb1284"
          ]
        }
      ],
      "Page": 1
    },
    {
      "BlockType": "LINE",
      "Confidence": 96.48468780517578,
      "Text": "o",
      "Geometry": {
        "BoundingBox": {
          "Width": 0.00947403721511364,
          "Height": 0.020013883709907532,
          "Left": 0.49992653727531433,
          "Top": 0.472894549369812
        },
        "Polygon": [
          {
            "X": 0.49992653727531433,
            "Y": 0.4729013741016388
          },
          {
            "X": 0.5092102289199829,
            "Y": 0.472894549369812
          },
          {
            "X": 0.5094006061553955,
            "Y": 0.4929007887840271
          },
          {
            "X": 0.5001170039176941,
            "Y": 0.49290844798088074
          }
        ]
      },
      "Id": "e3f8cdd5-24ce-4f0d-8379-f8b2426ea5ea",
      "Relationships": [
        {
          "Type": "CHILD",
          "Ids": [
            "a297b37a-941f-4a2d-a379-01a03539c88b"
          ]
        }
      ],
      "Page": 1
    },
    {
      "BlockType": "LINE",
      "Confidence": 99.56517028808594,
      "Text": "P",
      "Geometry": {
        "BoundingBox": {
          "Width": 0.008249540813267231,
          "Height": 0.020281080156564713,
          "Left": 0.5818164348602295,
          "Top": 0.47245001792907715
        },
        "Polygon": [
          {
            "X": 0.5818164348602295,
            "Y": 0.4724559187889099
          },
          {
            "X": 0.5898740291595459,
            "Y": 0.47245001792907715
          },
          {
            "X": 0.5900659561157227,
            "Y": 0.4927244484424591
          },
          {
            "X": 0.5820084810256958,
            "Y": 0.49273109436035156
          }
        ]
      },
      "Id": "2824142f-6e64-445a-8fc5-bce6e1e2cd8a",
      "Relationships": [
        {
          "Type": "CHILD",
          "Ids": [
            "4488e2b7-e5c6-4592-a8ef-3e286388a1bb"
          ]
        }
      ],
      "Page": 1
    },
    {
      "BlockType": "LINE",
      "Confidence": 99.941650390625,
      "Text": "N",
      "Geometry": {
        "BoundingBox": {
          "Width": 0.00986008532345295,
          "Height": 0.019998835399746895,
          "Left": 0.6567021012306213,
          "Top": 0.4725160300731659
        },
        "Polygon": [
          {
            "X": 0.6567021012306213,
            "Y": 0.47252312302589417
          },
          {
            "X": 0.6663737893104553,
            "Y": 0.4725160300731659
          },
          {
            "X": 0.6665621399879456,
            "Y": 0.4925069212913513
          },
          {
            "X": 0.6568906307220459,
            "Y": 0.49251487851142883
          }
        ]
      },
      "Id": "423be64d-145c-4676-9a6e-2c1a3f3a4412",
      "Relationships": [
        {
          "Type": "CHILD",
          "Ids": [
            "0ef42d94-12ae-484c-b8ae-8cc875f27af1"
          ]
        }
      ],
      "Page": 1
    },
    {
      "BlockType": "LINE",
      "Confidence": 99.07266998291016,
      "Text": "S",
      "Geometry": {
        "BoundingBox": {
          "Width": 0.007349728140980005,
          "Height": 0.020804869011044502,
          "Left": 0.7307537198066711,
          "Top": 0.4725969433784485
        },
        "Polygon": [
          {
            "X": 0.7307537198066711,
            "Y": 0.4726021885871887
          },
          {
            "X": 0.7379082441329956,
            "Y": 0.4725969433784485
          },
          {
            "X": 0.738103449344635,
            "Y": 0.4933958947658539
          },
          {
            "X": 0.7309489846229553,
            "Y": 0.49340182542800903
          }
        ]
      },
      "Id": "65271b7a-040d-4d2e-b6b5-831be9f2e796",
      "Relationships": [
        {
          "Type": "CHILD",
          "Ids": [
            "b347d80f-0682-4155-bfec-e171f65bf47e"
          ]
        }
      ],
      "Page": 1
    },
    {
      "BlockType": "LINE",
      "Confidence": 98.13030242919922,
      "Text": "EP/DDS/DTA-0.75",
      "Geometry": {
        "BoundingBox": {
          "Width": 0.11066577583551407,
          "Height": 0.02426954172551632,
          "Left": 0.25901779532432556,
          "Top": 0.5226953625679016
        },
        "Polygon": [
          {
            "X": 0.25901779532432556,
            "Y": 0.5228006839752197
          },
          {
            "X": 0.3694518506526947,
            "Y": 0.5226953625679016
          },
          {
            "X": 0.36968356370925903,
            "Y": 0.546847939491272
          },
          {
            "X": 0.2592511773109436,
            "Y": 0.5469649434089661
          }
        ]
      },
      "Id": "182057f1-46b7-40c5-bb5b-475790a57148",
      "Relationships": [
        {
          "Type": "CHILD",
          "Ids": [
            "0371721c-417d-4810-bceb-6bfb7e63599b"
          ]
        }
      ],
      "Page": 1
    },
    {
      "BlockType": "LINE",
      "Confidence": 99.68683624267578,
      "Text": "81.38",
      "Geometry": {
        "BoundingBox": {
          "Width": 0.03401826322078705,
          "Height": 0.02081397734582424,
          "Left": 0.41751331090927124,
          "Top": 0.5226147174835205
        },
        "Polygon": [
          {
            "X": 0.41751331090927124,
            "Y": 0.522646963596344
          },
          {
            "X": 0.4513331949710846,
            "Y": 0.5226147174835205
          },
          {
            "X": 0.4515315890312195,
            "Y": 0.5433933734893799
          },
          {
            "X": 0.41771215200424194,
            "Y": 0.5434286594390869
          }
        ]
      },
      "Id": "4398dcf6-fe0c-4c4d-8f6f-672a521cd881",
      "Relationships": [
        {
          "Type": "CHILD",
          "Ids": [
            "56a01a09-84bd-473a-9f23-186a63029252"
          ]
        }
      ],
      "Page": 1
    },
    {
      "BlockType": "LINE",
      "Confidence": 81.71176147460938,
      "Text": "9.45",
      "Geometry": {
        "BoundingBox": {
          "Width": 0.02593606896698475,
          "Height": 0.01974252238869667,
          "Left": 0.49996230006217957,
          "Top": 0.5234859585762024
        },
        "Polygon": [
          {
            "X": 0.49996230006217957,
            "Y": 0.5235106348991394
          },
          {
            "X": 0.5257109999656677,
            "Y": 0.5234859585762024
          },
          {
            "X": 0.5258983969688416,
            "Y": 0.5432016253471375
          },
          {
            "X": 0.5001500248908997,
            "Y": 0.5432285070419312
          }
        ]
      },
      "Id": "9ae050e7-3c73-4352-a39f-009016ab28c1",
      "Relationships": [
        {
          "Type": "CHILD",
          "Ids": [
            "d43bdb15-c5f7-4d15-a95e-e1929198103d"
          ]
        }
      ],
      "Page": 1
    },
    {
      "BlockType": "LINE",
      "Confidence": 94.4461441040039,
      "Text": "1.37",
      "Geometry": {
        "BoundingBox": {
          "Width": 0.02582080475986004,
          "Height": 0.020642735064029694,
          "Left": 0.5832109451293945,
          "Top": 0.5224584937095642
        },
        "Polygon": [
          {
            "X": 0.5832109451293945,
            "Y": 0.5224829316139221
          },
          {
            "X": 0.6088367700576782,
            "Y": 0.5224584937095642
          },
          {
            "X": 0.6090317368507385,
            "Y": 0.5430744886398315
          },
          {
            "X": 0.5834062099456787,
            "Y": 0.5431012511253357
          }
        ]
      },
      "Id": "8b34ff00-bcd2-47e9-b494-4404e0e26e43",
      "Relationships": [
        {
          "Type": "CHILD",
          "Ids": [
            "88ccdbfa-15f7-429b-9ecb-82da888aed31"
          ]
        }
      ],
      "Page": 1
    },
    {
      "BlockType": "LINE",
      "Confidence": 98.37431335449219,
      "Text": "7.34",
      "Geometry": {
        "BoundingBox": {
          "Width": 0.027223752811551094,
          "Height": 0.019901158288121223,
          "Left": 0.6562066078186035,
          "Top": 0.5231149792671204
        },
        "Polygon": [
          {
            "X": 0.6562066078186035,
            "Y": 0.5231408476829529
          },
          {
            "X": 0.6832432150840759,
            "Y": 0.5231149792671204
          },
          {
            "X": 0.6834303736686707,
            "Y": 0.5429878830909729
          },
          {
            "X": 0.6563940048217773,
            "Y": 0.5430161356925964
          }
        ]
      },
      "Id": "4b2ca2d3-3aaa-49ce-bce4-4f44675210d8",
      "Relationships": [
        {
          "Type": "CHILD",
          "Ids": [
            "99f5fafa-c989-4078-8a4d-5fbb0e452f82"
          ]
        }
      ],
      "Page": 1
    },
    {
      "BlockType": "LINE",
      "Confidence": 71.91971588134766,
      "Text": "0.46",
      "Geometry": {
        "BoundingBox": {
          "Width": 0.026548145338892937,
          "Height": 0.020095141604542732,
          "Left": 0.7309653759002686,
          "Top": 0.5231795907020569
        },
        "Polygon": [
          {
            "X": 0.7309653759002686,
            "Y": 0.5232048630714417
          },
          {
            "X": 0.7573254108428955,
            "Y": 0.5231795907020569
          },
          {
            "X": 0.7575135231018066,
            "Y": 0.5432472229003906
          },
          {
            "X": 0.7311537861824036,
            "Y": 0.5432747602462769
          }
        ]
      },
      "Id": "da2ffdf3-a9a3-47de-bb74-f4d52a3d3224",
      "Relationships": [
        {
          "Type": "CHILD",
          "Ids": [
            "25fe39af-9d6f-4a4d-8475-9b3b199d4df2"
          ]
        }
      ],
      "Page": 1
    },
    {
      "BlockType": "LINE",
      "Confidence": 97.79917907714844,
      "Text": "EP/DDS/DTA-1.0",
      "Geometry": {
        "BoundingBox": {
          "Width": 0.1039307564496994,
          "Height": 0.025422530248761177,
          "Left": 0.2588724195957184,
          "Top": 0.5535191297531128
        },
        "Polygon": [
          {
            "X": 0.2588724195957184,
            "Y": 0.5536320209503174
          },
          {
            "X": 0.36256033182144165,
            "Y": 0.5535191297531128
          },
          {
            "X": 0.3628031611442566,
            "Y": 0.5788173079490662
          },
          {
            "X": 0.25911685824394226,
            "Y": 0.5789417028427124
          }
        ]
      },
      "Id": "d22607bd-6099-4779-bf23-6ae35a001607",
      "Relationships": [
        {
          "Type": "CHILD",
          "Ids": [
            "22e26656-da14-415d-8575-0901c7366a14"
          ]
        }
      ],
      "Page": 1
    },
    {
      "BlockType": "LINE",
      "Confidence": 99.70350646972656,
      "Text": "80.02",
      "Geometry": {
        "BoundingBox": {
          "Width": 0.034149277955293655,
          "Height": 0.020365526899695396,
          "Left": 0.4176168441772461,
          "Top": 0.5541540384292603
        },
        "Polygon": [
          {
            "X": 0.4176168441772461,
            "Y": 0.5541911125183105
          },
          {
            "X": 0.4515720307826996,
            "Y": 0.5541540384292603
          },
          {
            "X": 0.45176610350608826,
            "Y": 0.5744794607162476
          },
          {
            "X": 0.4178113341331482,
            "Y": 0.5745195746421814
          }
        ]
      },
      "Id": "d6ddb67a-ac82-447d-8c33-4968df4178a5",
      "Relationships": [
        {
          "Type": "CHILD",
          "Ids": [
            "6cbae422-e218-4b49-a247-891092ff3244"
          ]
        }
      ],
      "Page": 1
    },
    {
      "BlockType": "LINE",
      "Confidence": 94.57238006591797,
      "Text": "11.51",
      "Geometry": {
        "BoundingBox": {
          "Width": 0.03159010410308838,
          "Height": 0.019727803766727448,
          "Left": 0.5010680556297302,
          "Top": 0.5546404123306274
        },
        "Polygon": [
          {
            "X": 0.5010680556297302,
            "Y": 0.5546747446060181
          },
          {
            "X": 0.5324710607528687,
            "Y": 0.5546404123306274
          },
          {
            "X": 0.5326581597328186,
            "Y": 0.5743311643600464
          },
          {
            "X": 0.5012555122375488,
            "Y": 0.5743682384490967
          }
        ]
      },
      "Id": "24ae610d-61be-47ff-b082-68267a1c0844",
      "Relationships": [
        {
          "Type": "CHILD",
          "Ids": [
            "ca908876-37f2-45f5-af98-dcc966f3846e"
          ]
        }
      ],
      "Page": 1
    },
    {
      "BlockType": "LINE",
      "Confidence": 99.69195556640625,
      "Text": "1.78",
      "Geometry": {
        "BoundingBox": {
          "Width": 0.02532597817480564,
          "Height": 0.019964706152677536,
          "Left": 0.5832403302192688,
          "Top": 0.5543613433837891
        },
        "Polygon": [
          {
            "X": 0.5832403302192688,
            "Y": 0.5543888211250305
          },
          {
            "X": 0.6083777546882629,
            "Y": 0.5543613433837891
          },
          {
            "X": 0.6085662841796875,
            "Y": 0.5742963552474976
          },
          {
            "X": 0.5834291577339172,
            "Y": 0.5743260383605957
          }
        ]
      },
      "Id": "706bf20a-485e-47fe-ba0d-68ec689bb10e",
      "Relationships": [
        {
          "Type": "CHILD",
          "Ids": [
            "4ad8b8a4-f3b1-4c16-a613-88b31594e146"
          ]
        }
      ],
      "Page": 1
    },
    {
      "BlockType": "LINE",
      "Confidence": 90.4294204711914,
      "Text": "6.38",
      "Geometry": {
        "BoundingBox": {
          "Width": 0.02643635682761669,
          "Height": 0.02002471126616001,
          "Left": 0.6563147306442261,
          "Top": 0.5542400479316711
        },
        "Polygon": [
          {
            "X": 0.6563147306442261,
            "Y": 0.5542687177658081
          },
          {
            "X": 0.6825628280639648,
            "Y": 0.5542400479316711
          },
          {
            "X": 0.6827511191368103,
            "Y": 0.5742337703704834
          },
          {
            "X": 0.6565033197402954,
            "Y": 0.5742647647857666
          }
        ]
      },
      "Id": "2dac9183-ec3d-40c8-b3ea-8bba4f2c217b",
      "Relationships": [
        {
          "Type": "CHILD",
          "Ids": [
            "79e3ffc6-94a1-4770-8909-03097bd699ac"
          ]
        }
      ],
      "Page": 1
    },
    {
      "BlockType": "LINE",
      "Confidence": 61.43659210205078,
      "Text": "0.31",
      "Geometry": {
        "BoundingBox": {
          "Width": 0.02482965774834156,
          "Height": 0.019827736541628838,
          "Left": 0.7309509515762329,
          "Top": 0.5544050335884094
        },
        "Polygon": [
          {
            "X": 0.7309509515762329,
            "Y": 0.5544320344924927
          },
          {
            "X": 0.7555949687957764,
            "Y": 0.5544050335884094
          },
          {
            "X": 0.7557805776596069,
            "Y": 0.5742036700248718
          },
          {
            "X": 0.7311367988586426,
            "Y": 0.574232816696167
          }
        ]
      },
      "Id": "796d0669-2644-44d5-bcdb-9e750bc4c21e",
      "Relationships": [
        {
          "Type": "CHILD",
          "Ids": [
            "7405a804-8fdd-4628-8ef0-08a5fbbf5e15"
          ]
        }
      ],
      "Page": 1
    },
    {
      "BlockType": "WORD",
      "Confidence": 99.80404663085938,
      "Text": "Sample",
      "TextType": "PRINTED",
      "Geometry": {
        "BoundingBox": {
          "Width": 0.04527392238378525,
          "Height": 0.027378812432289124,
          "Left": 0.2588566243648529,
          "Top": 0.42254823446273804
        },
        "Polygon": [
          {
            "X": 0.2588566243648529,
            "Y": 0.4225713908672333
          },
          {
            "X": 0.3038671314716339,
            "Y": 0.42254823446273804
          },
          {
            "X": 0.30413055419921875,
            "Y": 0.44989851117134094
          },
          {
            "X": 0.2591208219528198,
            "Y": 0.44992703199386597
          }
        ]
      },
      "Id": "924ce31a-1e63-4089-acdb-2fcdb39f89f5",
      "Page": 1
    },
    {
      "BlockType": "WORD",
      "Confidence": 99.95861053466797,
      "Text": "code",
      "TextType": "PRINTED",
      "Geometry": {
        "BoundingBox": {
          "Width": 0.029815176501870155,
          "Height": 0.021146247163414955,
          "Left": 0.30939266085624695,
          "Top": 0.42286217212677
        },
        "Polygon": [
          {
            "X": 0.30939266085624695,
            "Y": 0.4228774309158325
          },
          {
            "X": 0.339004784822464,
            "Y": 0.42286217212677
          },
          {
            "X": 0.33920785784721375,
            "Y": 0.4439903795719147
          },
          {
            "X": 0.30959612131118774,
            "Y": 0.44400840997695923
          }
        ]
      },
      "Id": "db412d37-997d-4270-b8d3-2576ce72e2df",
      "Page": 1
    },
    {
      "BlockType": "WORD",
      "Confidence": 99.87195587158203,
      "Text": "Element",
      "TextType": "PRINTED",
      "Geometry": {
        "BoundingBox": {
          "Width": 0.05291426554322243,
          "Height": 0.02248438261449337,
          "Left": 0.4172186553478241,
          "Top": 0.4222593605518341
        },
        "Polygon": [
          {
            "X": 0.4172186553478241,
            "Y": 0.42228642106056213
          },
          {
            "X": 0.46991878747940063,
            "Y": 0.4222593605518341
          },
          {
            "X": 0.4701329171657562,
            "Y": 0.44471147656440735
          },
          {
            "X": 0.417433500289917,
            "Y": 0.44474372267723083
          }
        ]
      },
      "Id": "53a7a3f3-c7b0-4147-abd9-07b631dd145a",
      "Page": 1
    },
    {
      "BlockType": "WORD",
      "Confidence": 99.96614837646484,
      "Text": "content",
      "TextType": "PRINTED",
      "Geometry": {
        "BoundingBox": {
          "Width": 0.0480429045855999,
          "Height": 0.018519915640354156,
          "Left": 0.4738868474960327,
          "Top": 0.4253700077533722
        },
        "Polygon": [
          {
            "X": 0.4738868474960327,
            "Y": 0.42539525032043457
          },
          {
            "X": 0.5217539668083191,
            "Y": 0.4253700077533722
          },
          {
            "X": 0.5219297409057617,
            "Y": 0.443860799074173
          },
          {
            "X": 0.4740631878376007,
            "Y": 0.44388991594314575
          }
        ]
      },
      "Id": "37008474-8302-4f34-ba3a-ad827ecd2cc5",
      "Page": 1
    },
    {
      "BlockType": "WORD",
      "Confidence": 81.13995361328125,
      "Text": "(wt %)",
      "TextType": "PRINTED",
      "Geometry": {
        "BoundingBox": {
          "Width": 0.04011382535099983,
          "Height": 0.026325127109885216,
          "Left": 0.5259181261062622,
          "Top": 0.4225580394268036
        },
        "Polygon": [
          {
            "X": 0.5259181261062622,
            "Y": 0.4225785434246063
          },
          {
            "X": 0.5657826066017151,
            "Y": 0.4225580394268036
          },
          {
            "X": 0.5660319924354553,
            "Y": 0.44885802268981934
          },
          {
            "X": 0.526168167591095,
            "Y": 0.44888314604759216
          }
        ]
      },
      "Id": "3c9cff00-d1ae-4a19-9bd0-57acbf80cc3f",
      "Page": 1
    },
    {
      "BlockType": "WORD",
      "Confidence": 84.93983459472656,
      "Text": "C",
      "TextType": "PRINTED",
      "Geometry": {
        "BoundingBox": {
          "Width": 0.008676214143633842,
          "Height": 0.01982010155916214,
          "Left": 0.417446494102478,
          "Top": 0.472807914018631
        },
        "Polygon": [
          {
            "X": 0.417446494102478,
            "Y": 0.47281414270401
          },
          {
            "X": 0.42593324184417725,
            "Y": 0.472807914018631
          },
          {
            "X": 0.4261226952075958,
            "Y": 0.4926210343837738
          },
          {
            "X": 0.41763606667518616,
            "Y": 0.4926280081272125
          }
        ]
      },
      "Id": "2150cc99-ccb2-4de7-828f-33134ecb1284",
      "Page": 1
    },
    {
      "BlockType": "WORD",
      "Confidence": 96.48468780517578,
      "Text": "o",
      "TextType": "PRINTED",
      "Geometry": {
        "BoundingBox": {
          "Width": 0.00947403721511364,
          "Height": 0.020013883709907532,
          "Left": 0.49992653727531433,
          "Top": 0.472894549369812
        },
        "Polygon": [
          {
            "X": 0.49992653727531433,
            "Y": 0.4729013741016388
          },
          {
            "X": 0.5092102289199829,
            "Y": 0.472894549369812
          },
          {
            "X": 0.5094006061553955,
            "Y": 0.4929007887840271
          },
          {
            "X": 0.5001170039176941,
            "Y": 0.49290844798088074
          }
        ]
      },
      "Id": "a297b37a-941f-4a2d-a379-01a03539c88b",
      "Page": 1
    },
    {
      "BlockType": "WORD",
      "Confidence": 99.56517028808594,
      "Text": "P",
      "TextType": "PRINTED",
      "Geometry": {
        "BoundingBox": {
          "Width": 0.008249540813267231,
          "Height": 0.020281080156564713,
          "Left": 0.5818164348602295,
          "Top": 0.47245001792907715
        },
        "Polygon": [
          {
            "X": 0.5818164348602295,
            "Y": 0.4724559187889099
          },
          {
            "X": 0.5898740291595459,
            "Y": 0.47245001792907715
          },
          {
            "X": 0.5900659561157227,
            "Y": 0.4927244484424591
          },
          {
            "X": 0.5820084810256958,
            "Y": 0.49273109436035156
          }
        ]
      },
      "Id": "4488e2b7-e5c6-4592-a8ef-3e286388a1bb",
      "Page": 1
    },
    {
      "BlockType": "WORD",
      "Confidence": 99.941650390625,
      "Text": "N",
      "TextType": "PRINTED",
      "Geometry": {
        "BoundingBox": {
          "Width": 0.00986008532345295,
          "Height": 0.019998835399746895,
          "Left": 0.6567021012306213,
          "Top": 0.4725160300731659
        },
        "Polygon": [
          {
            "X": 0.6567021012306213,
            "Y": 0.47252312302589417
          },
          {
            "X": 0.6663737893104553,
            "Y": 0.4725160300731659
          },
          {
            "X": 0.6665621399879456,
            "Y": 0.4925069212913513
          },
          {
            "X": 0.6568906307220459,
            "Y": 0.49251487851142883
          }
        ]
      },
      "Id": "0ef42d94-12ae-484c-b8ae-8cc875f27af1",
      "Page": 1
    },
    {
      "BlockType": "WORD",
      "Confidence": 99.07266998291016,
      "Text": "S",
      "TextType": "PRINTED",
      "Geometry": {
        "BoundingBox": {
          "Width": 0.007349728140980005,
          "Height": 0.020804869011044502,
          "Left": 0.7307537198066711,
          "Top": 0.4725969433784485
        },
        "Polygon": [
          {
            "X": 0.7307537198066711,
            "Y": 0.4726021885871887
          },
          {
            "X": 0.7379082441329956,
            "Y": 0.4725969433784485
          },
          {
            "X": 0.738103449344635,
            "Y": 0.4933958947658539
          },
          {
            "X": 0.7309489846229553,
            "Y": 0.49340182542800903
          }
        ]
      },
      "Id": "b347d80f-0682-4155-bfec-e171f65bf47e",
      "Page": 1
    },
    {
      "BlockType": "WORD",
      "Confidence": 98.13030242919922,
      "Text": "EP/DDS/DTA-0.75",
      "TextType": "PRINTED",
      "Geometry": {
        "BoundingBox": {
          "Width": 0.11066577583551407,
          "Height": 0.02426954172551632,
          "Left": 0.25901779532432556,
          "Top": 0.5226953625679016
        },
        "Polygon": [
          {
            "X": 0.25901779532432556,
            "Y": 0.5228006839752197
          },
          {
            "X": 0.3694518506526947,
            "Y": 0.5226953625679016
          },
          {
            "X": 0.36968356370925903,
            "Y": 0.546847939491272
          },
          {
            "X": 0.2592511773109436,
            "Y": 0.5469649434089661
          }
        ]
      },
      "Id": "0371721c-417d-4810-bceb-6bfb7e63599b",
      "Page": 1
    },
    {
      "BlockType": "WORD",
      "Confidence": 99.68683624267578,
      "Text": "81.38",
      "TextType": "PRINTED",
      "Geometry": {
        "BoundingBox": {
          "Width": 0.03401826322078705,
          "Height": 0.02081397734582424,
          "Left": 0.41751331090927124,
          "Top": 0.5226147174835205
        },
        "Polygon": [
          {
            "X": 0.41751331090927124,
            "Y": 0.522646963596344
          },
          {
            "X": 0.4513331949710846,
            "Y": 0.5226147174835205
          },
          {
            "X": 0.4515315890312195,
            "Y": 0.5433933734893799
          },
          {
            "X": 0.41771215200424194,
            "Y": 0.5434286594390869
          }
        ]
      },
      "Id": "56a01a09-84bd-473a-9f23-186a63029252",
      "Page": 1
    },
    {
      "BlockType": "WORD",
      "Confidence": 81.71176147460938,
      "Text": "9.45",
      "TextType": "PRINTED",
      "Geometry": {
        "BoundingBox": {
          "Width": 0.02593606896698475,
          "Height": 0.01974252238869667,
          "Left": 0.49996230006217957,
          "Top": 0.5234859585762024
        },
        "Polygon": [
          {
            "X": 0.49996230006217957,
            "Y": 0.5235106348991394
          },
          {
            "X": 0.5257109999656677,
            "Y": 0.5234859585762024
          },
          {
            "X": 0.5258983969688416,
            "Y": 0.5432016253471375
          },
          {
            "X": 0.5001500248908997,
            "Y": 0.5432285070419312
          }
        ]
      },
      "Id": "d43bdb15-c5f7-4d15-a95e-e1929198103d",
      "Page": 1
    },
    {
      "BlockType": "WORD",
      "Confidence": 94.4461441040039,
      "Text": "1.37",
      "TextType": "PRINTED",
      "Geometry": {
        "BoundingBox": {
          "Width": 0.02582080475986004,
          "Height": 0.020642735064029694,
          "Left": 0.5832109451293945,
          "Top": 0.5224584937095642
        },
        "Polygon": [
          {
            "X": 0.5832109451293945,
            "Y": 0.5224829316139221
          },
          {
            "X": 0.6088367700576782,
            "Y": 0.5224584937095642
          },
          {
            "X": 0.6090317368507385,
            "Y": 0.5430744886398315
          },
          {
            "X": 0.5834062099456787,
            "Y": 0.5431012511253357
          }
        ]
      },
      "Id": "88ccdbfa-15f7-429b-9ecb-82da888aed31",
      "Page": 1
    },
    {
      "BlockType": "WORD",
      "Confidence": 98.37431335449219,
      "Text": "7.34",
      "TextType": "PRINTED",
      "Geometry": {
        "BoundingBox": {
          "Width": 0.027223752811551094,
          "Height": 0.019901158288121223,
          "Left": 0.6562066078186035,
          "Top": 0.5231149792671204
        },
        "Polygon": [
          {
            "X": 0.6562066078186035,
            "Y": 0.5231408476829529
          },
          {
            "X": 0.6832432150840759,
            "Y": 0.5231149792671204
          },
          {
            "X": 0.6834303736686707,
            "Y": 0.5429878830909729
          },
          {
            "X": 0.6563940048217773,
            "Y": 0.5430161356925964
          }
        ]
      },
      "Id": "99f5fafa-c989-4078-8a4d-5fbb0e452f82",
      "Page": 1
    },
    {
      "BlockType": "WORD",
      "Confidence": 71.91971588134766,
      "Text": "0.46",
      "TextType": "PRINTED",
      "Geometry": {
        "BoundingBox": {
          "Width": 0.026548145338892937,
          "Height": 0.020095141604542732,
          "Left": 0.7309653759002686,
          "Top": 0.5231795907020569
        },
        "Polygon": [
          {
            "X": 0.7309653759002686,
            "Y": 0.5232048630714417
          },
          {
            "X": 0.7573254108428955,
            "Y": 0.5231795907020569
          },
          {
            "X": 0.7575135231018066,
            "Y": 0.5432472229003906
          },
          {
            "X": 0.7311537861824036,
            "Y": 0.5432747602462769
          }
        ]
      },
      "Id": "25fe39af-9d6f-4a4d-8475-9b3b199d4df2",
      "Page": 1
    },
    {
      "BlockType": "WORD",
      "Confidence": 97.79917907714844,
      "Text": "EP/DDS/DTA-1.0",
      "TextType": "PRINTED",
      "Geometry": {
        "BoundingBox": {
          "Width": 0.1039307564496994,
          "Height": 0.025422530248761177,
          "Left": 0.2588724195957184,
          "Top": 0.5535191297531128
        },
        "Polygon": [
          {
            "X": 0.2588724195957184,
            "Y": 0.5536320209503174
          },
          {
            "X": 0.36256033182144165,
            "Y": 0.5535191297531128
          },
          {
            "X": 0.3628031611442566,
            "Y": 0.5788173079490662
          },
          {
            "X": 0.25911685824394226,
            "Y": 0.5789417028427124
          }
        ]
      },
      "Id": "22e26656-da14-415d-8575-0901c7366a14",
      "Page": 1
    },
    {
      "BlockType": "WORD",
      "Confidence": 99.70350646972656,
      "Text": "80.02",
      "TextType": "PRINTED",
      "Geometry": {
        "BoundingBox": {
          "Width": 0.034149277955293655,
          "Height": 0.020365526899695396,
          "Left": 0.4176168441772461,
          "Top": 0.5541540384292603
        },
        "Polygon": [
          {
            "X": 0.4176168441772461,
            "Y": 0.5541911125183105
          },
          {
            "X": 0.4515720307826996,
            "Y": 0.5541540384292603
          },
          {
            "X": 0.45176610350608826,
            "Y": 0.5744794607162476
          },
          {
            "X": 0.4178113341331482,
            "Y": 0.5745195746421814
          }
        ]
      },
      "Id": "6cbae422-e218-4b49-a247-891092ff3244",
      "Page": 1
    },
    {
      "BlockType": "WORD",
      "Confidence": 94.57238006591797,
      "Text": "11.51",
      "TextType": "PRINTED",
      "Geometry": {
        "BoundingBox": {
          "Width": 0.03159010410308838,
          "Height": 0.019727803766727448,
          "Left": 0.5010680556297302,
          "Top": 0.5546404123306274
        },
        "Polygon": [
          {
            "X": 0.5010680556297302,
            "Y": 0.5546747446060181
          },
          {
            "X": 0.5324710607528687,
            "Y": 0.5546404123306274
          },
          {
            "X": 0.5326581597328186,
            "Y": 0.5743311643600464
          },
          {
            "X": 0.5012555122375488,
            "Y": 0.5743682384490967
          }
        ]
      },
      "Id": "ca908876-37f2-45f5-af98-dcc966f3846e",
      "Page": 1
    },
    {
      "BlockType": "WORD",
      "Confidence": 99.69195556640625,
      "Text": "1.78",
      "TextType": "PRINTED",
      "Geometry": {
        "BoundingBox": {
          "Width": 0.02532597817480564,
          "Height": 0.019964706152677536,
          "Left": 0.5832403302192688,
          "Top": 0.5543613433837891
        },
        "Polygon": [
          {
            "X": 0.5832403302192688,
            "Y": 0.5543888211250305
          },
          {
            "X": 0.6083777546882629,
            "Y": 0.5543613433837891
          },
          {
            "X": 0.6085662841796875,
            "Y": 0.5742963552474976
          },
          {
            "X": 0.5834291577339172,
            "Y": 0.5743260383605957
          }
        ]
      },
      "Id": "4ad8b8a4-f3b1-4c16-a613-88b31594e146",
      "Page": 1
    },
    {
      "BlockType": "WORD",
      "Confidence": 90.4294204711914,
      "Text": "6.38",
      "TextType": "PRINTED",
      "Geometry": {
        "BoundingBox": {
          "Width": 0.02643635682761669,
          "Height": 0.02002471126616001,
          "Left": 0.6563147306442261,
          "Top": 0.5542400479316711
        },
        "Polygon": [
          {
            "X": 0.6563147306442261,
            "Y": 0.5542687177658081
          },
          {
            "X": 0.6825628280639648,
            "Y": 0.5542400479316711
          },
          {
            "X": 0.6827511191368103,
            "Y": 0.5742337703704834
          },
          {
            "X": 0.6565033197402954,
            "Y": 0.5742647647857666
          }
        ]
      },
      "Id": "79e3ffc6-94a1-4770-8909-03097bd699ac",
      "Page": 1
    },
    {
      "BlockType": "WORD",
      "Confidence": 61.43659210205078,
      "Text": "0.31",
      "TextType": "PRINTED",
      "Geometry": {
        "BoundingBox": {
          "Width": 0.02482965774834156,
          "Height": 0.019827736541628838,
          "Left": 0.7309509515762329,
          "Top": 0.5544050335884094
        },
        "Polygon": [
          {
            "X": 0.7309509515762329,
            "Y": 0.5544320344924927
          },
          {
            "X": 0.7555949687957764,
            "Y": 0.5544050335884094
          },
          {
            "X": 0.7557805776596069,
            "Y": 0.5742036700248718
          },
          {
            "X": 0.7311367988586426,
            "Y": 0.574232816696167
          }
        ]
      },
      "Id": "7405a804-8fdd-4628-8ef0-08a5fbbf5e15",
      "Page": 1
    },
    {
      "BlockType": "TABLE",
      "Confidence": 99.853515625,
      "Geometry": {
        "BoundingBox": {
          "Width": 0.5504302978515625,
          "Height": 0.18099845945835114,
          "Left": 0.22465330362319946,
          "Top": 0.40981626510620117
        },
        "Polygon": [
          {
            "X": 0.22465330362319946,
            "Y": 0.41006842255592346
          },
          {
            "X": 0.773395299911499,
            "Y": 0.40981626510620117
          },
          {
            "X": 0.775083601474762,
            "Y": 0.5901282429695129
          },
          {
            "X": 0.2264023721218109,
            "Y": 0.5908147096633911
          }
        ]
      },
      "Id": "379c1b21-abb2-42a1-839e-52c49cc35d6b",
      "Relationships": [
        {
          "Type": "CHILD",
          "Ids": [
            "1d5967ca-3722-45fa-bd6e-b068aab6db57",
            "f774e08c-df23-449d-a443-868ebc41b25e",
            "ee18698e-dd7b-417b-8309-e2ea2125e53c",
            "e4a8ec04-f93c-4c98-9a69-c0a423406256",
            "89895c2e-1ed5-4016-bed7-2bed7f1a9023",
            "2db00fdf-9ff5-4696-b069-3b97cbf99d66",
            "fcbc89ac-acb3-4717-83fe-48e13aab9e79",
            "c8ab29f7-3901-4121-846b-0cb61ae3b868",
            "be03670b-ba3f-421d-a3a3-61058f47b337",
            "509ed915-ca0e-4cd2-82ba-d7048ad49d4e",
            "06bf9c46-8e44-415c-9ddd-1315273b5362",
            "4368fc74-5df9-4810-90e3-89981f4504b8",
            "a1faa38d-8b86-4ba1-92dd-8cb3461b95b8",
            "3be2b32c-4d41-4f11-bbba-bcd759c5f0fe",
            "198332f9-133d-459c-bcd1-4591a139bebf",
            "e78357a5-a022-40eb-8baf-a4c73ea5eb3f",
            "474617da-158f-4b84-b25d-ca1a71e43ba1",
            "eec7c2e9-bfc2-4d1f-b989-1e383a85f400",
            "af758c15-9b95-4f83-9fc7-b85db30c0820",
            "df18a294-5466-4c22-bfce-b62814498e1c",
            "1f713b5d-b945-4cff-9fc9-b34036affb0a",
            "e211865b-2096-4ad6-90f7-0fbd128e7b6f",
            "4172c311-b8dd-4408-ad65-ecd34ac59900",
            "837d32c0-42ca-483a-ba1a-8cb8e184ddab"
          ]
        },
        {
          "Type": "MERGED_CELL",
          "Ids": [
            "23eb1d68-987f-4d59-ba9d-917d2f804750",
            "55fdd1f9-ac69-459b-9e4e-836635966193"
          ]
        }
      ],
      "EntityTypes": [
        "STRUCTURED_TABLE"
      ],
      "Page": 1
    },
    {
      "BlockType": "CELL",
      "Confidence": 56.787109375,
      "RowIndex": 1,
      "ColumnIndex": 1,
      "RowSpan": 1,
      "ColumnSpan": 1,
      "Geometry": {
        "BoundingBox": {
          "Width": 0.17277075350284576,
          "Height": 0.04909548908472061,
          "Left": 0.22486017644405365,
          "Top": 0.41017523407936096
        },
        "Polygon": [
          {
            "X": 0.22486017644405365,
            "Y": 0.410254567861557
          },
          {
            "X": 0.3971617817878723,
            "Y": 0.41017523407936096
          },
          {
            "X": 0.3976309299468994,
            "Y": 0.4591544270515442
          },
          {
            "X": 0.22533449530601501,
            "Y": 0.45927074551582336
          }
        ]
      },
      "Id": "1d5967ca-3722-45fa-bd6e-b068aab6db57",
      "Relationships": [
        {
          "Type": "CHILD",
          "Ids": [
            "924ce31a-1e63-4089-acdb-2fcdb39f89f5",
            "db412d37-997d-4270-b8d3-2576ce72e2df"
          ]
        }
      ],
      "EntityTypes": [
        "COLUMN_HEADER"
      ],
      "Page": 1
    },
    {
      "BlockType": "CELL",
      "Confidence": 90.72265625,
      "RowIndex": 1,
      "ColumnIndex": 2,
      "RowSpan": 1,
      "ColumnSpan": 1,
      "Geometry": {
        "BoundingBox": {
          "Width": 0.07712884247303009,
          "Height": 0.04901447519659996,
          "Left": 0.3971617817878723,
          "Top": 0.41013994812965393
        },
        "Polygon": [
          {
            "X": 0.3971617817878723,
            "Y": 0.41017523407936096
          },
          {
            "X": 0.47382381558418274,
            "Y": 0.41013994812965393
          },
          {
            "X": 0.4742906391620636,
            "Y": 0.45910269021987915
          },
          {
            "X": 0.3976309299468994,
            "Y": 0.4591544270515442
          }
        ]
      },
      "Id": "f774e08c-df23-449d-a443-868ebc41b25e",
      "Relationships": [
        {
          "Type": "CHILD",
          "Ids": [
            "53a7a3f3-c7b0-4147-abd9-07b631dd145a"
          ]
        }
      ],
      "EntityTypes": [
        "COLUMN_HEADER"
      ],
      "Page": 1
    },
    {
      "BlockType": "CELL",
      "Confidence": 90.72265625,
      "RowIndex": 1,
      "ColumnIndex": 3,
      "RowSpan": 1,
      "ColumnSpan": 1,
      "Geometry": {
        "BoundingBox": {
          "Width": 0.08157980442047119,
          "Height": 0.04900006949901581,
          "Left": 0.47382381558418274,
          "Top": 0.41010260581970215
        },
        "Polygon": [
          {
            "X": 0.47382381558418274,
            "Y": 0.41013994812965393
          },
          {
            "X": 0.5549392104148865,
            "Y": 0.41010260581970215
          },
          {
            "X": 0.5554035902023315,
            "Y": 0.45904794335365295
          },
          {
            "X": 0.4742906391620636,
            "Y": 0.45910269021987915
          }
        ]
      },
      "Id": "ee18698e-dd7b-417b-8309-e2ea2125e53c",
      "Relationships": [
        {
          "Type": "CHILD",
          "Ids": [
            "37008474-8302-4f34-ba3a-ad827ecd2cc5",
            "3c9cff00-d1ae-4a19-9bd0-57acbf80cc3f"
          ]
        }
      ],
      "EntityTypes": [
        "COLUMN_HEADER"
      ],
      "Page": 1
    },
    {
      "BlockType": "CELL",
      "Confidence": 90.72265625,
      "RowIndex": 1,
      "ColumnIndex": 4,
      "RowSpan": 1,
      "ColumnSpan": 1,
      "Geometry": {
        "BoundingBox": {
          "Width": 0.07776840031147003,
          "Height": 0.04898090288043022,
          "Left": 0.5549392104148865,
          "Top": 0.41006702184677124
        },
        "Polygon": [
          {
            "X": 0.5549392104148865,
            "Y": 0.41010260581970215
          },
          {
            "X": 0.6322455406188965,
            "Y": 0.41006702184677124
          },
          {
            "X": 0.6327075958251953,
            "Y": 0.4589957594871521
          },
          {
            "X": 0.5554035902023315,
            "Y": 0.45904794335365295
          }
        ]
      },
      "Id": "e4a8ec04-f93c-4c98-9a69-c0a423406256",
      "EntityTypes": [
        "COLUMN_HEADER"
      ],
      "Page": 1
    },
    {
      "BlockType": "CELL",
      "Confidence": 90.72265625,
      "RowIndex": 1,
      "ColumnIndex": 5,
      "RowSpan": 1,
      "ColumnSpan": 1,
      "Geometry": {
        "BoundingBox": {
          "Width": 0.07396481186151505,
          "Height": 0.048962559551000595,
          "Left": 0.6322455406188965,
          "Top": 0.4100331962108612
        },
        "Polygon": [
          {
            "X": 0.6322455406188965,
            "Y": 0.41006702184677124
          },
          {
            "X": 0.7057504653930664,
            "Y": 0.4100331962108612
          },
          {
            "X": 0.7062103748321533,
            "Y": 0.4589461386203766
          },
          {
            "X": 0.6327075958251953,
            "Y": 0.4589957594871521
          }
        ]
      },
      "Id": "89895c2e-1ed5-4016-bed7-2bed7f1a9023",
      "EntityTypes": [
        "COLUMN_HEADER"
      ],
      "Page": 1
    },
    {
      "BlockType": "CELL",
      "Confidence": 90.72265625,
      "RowIndex": 1,
      "ColumnIndex": 6,
      "RowSpan": 1,
      "ColumnSpan": 1,
      "Geometry": {
        "BoundingBox": {
          "Width": 0.06792063266038895,
          "Height": 0.04894399642944336,
          "Left": 0.7057504653930664,
          "Top": 0.4100021421909332
        },
        "Polygon": [
          {
            "X": 0.7057504653930664,
            "Y": 0.4100331962108612
          },
          {
            "X": 0.773213267326355,
            "Y": 0.4100021421909332
          },
          {
            "X": 0.7736710906028748,
            "Y": 0.4589006006717682
          },
          {
            "X": 0.7062103748321533,
            "Y": 0.4589461386203766
          }
        ]
      },
      "Id": "2db00fdf-9ff5-4696-b069-3b97cbf99d66",
      "EntityTypes": [
        "COLUMN_HEADER"
      ],
      "Page": 1
    },
    {
      "BlockType": "CELL",
      "Confidence": 56.787109375,
      "RowIndex": 2,
      "ColumnIndex": 1,
      "RowSpan": 1,
      "ColumnSpan": 1,
      "Geometry": {
        "BoundingBox": {
          "Width": 0.17276553809642792,
          "Height": 0.049129728227853775,
          "Left": 0.22533449530601501,
          "Top": 0.4591544270515442
        },
        "Polygon": [
          {
            "X": 0.22533449530601501,
            "Y": 0.45927074551582336
          },
          {
            "X": 0.3976309299468994,
            "Y": 0.4591544270515442
          },
          {
            "X": 0.3981000483036041,
            "Y": 0.5081308484077454
          },
          {
            "X": 0.225808784365654,
            "Y": 0.5082841515541077
          }
        ]
      },
      "Id": "fcbc89ac-acb3-4717-83fe-48e13aab9e79",
      "EntityTypes": [
        "COLUMN_HEADER"
      ],
      "Page": 1
    },
    {
      "BlockType": "CELL",
      "Confidence": 77.1484375,
      "RowIndex": 2,
      "ColumnIndex": 2,
      "RowSpan": 1,
      "ColumnSpan": 1,
      "Geometry": {
        "BoundingBox": {
          "Width": 0.07712651789188385,
          "Height": 0.0490281879901886,
          "Left": 0.3976309299468994,
          "Top": 0.45910269021987915
        },
        "Polygon": [
          {
            "X": 0.3976309299468994,
            "Y": 0.4591544270515442
          },
          {
            "X": 0.4742906391620636,
            "Y": 0.45910269021987915
          },
          {
            "X": 0.47475743293762207,
            "Y": 0.5080626606941223
          },
          {
            "X": 0.3981000483036041,
            "Y": 0.5081308484077454
          }
        ]
      },
      "Id": "c8ab29f7-3901-4121-846b-0cb61ae3b868",
      "Relationships": [
        {
          "Type": "CHILD",
          "Ids": [
            "2150cc99-ccb2-4de7-828f-33134ecb1284"
          ]
        }
      ],
      "EntityTypes": [
        "COLUMN_HEADER"
      ],
      "Page": 1
    },
    {
      "BlockType": "CELL",
      "Confidence": 86.23046875,
      "RowIndex": 2,
      "ColumnIndex": 3,
      "RowSpan": 1,
      "ColumnSpan": 1,
      "Geometry": {
        "BoundingBox": {
          "Width": 0.08157733827829361,
          "Height": 0.04901473969221115,
          "Left": 0.4742906391620636,
          "Top": 0.45904794335365295
        },
        "Polygon": [
          {
            "X": 0.4742906391620636,
            "Y": 0.45910269021987915
          },
          {
            "X": 0.5554035902023315,
            "Y": 0.45904794335365295
          },
          {
            "X": 0.5558679699897766,
            "Y": 0.5079905390739441
          },
          {
            "X": 0.47475743293762207,
            "Y": 0.5080626606941223
          }
        ]
      },
      "Id": "be03670b-ba3f-421d-a3a3-61058f47b337",
      "Relationships": [
        {
          "Type": "CHILD",
          "Ids": [
            "a297b37a-941f-4a2d-a379-01a03539c88b"
          ]
        }
      ],
      "EntityTypes": [
        "COLUMN_HEADER"
      ],
      "Page": 1
    },
    {
      "BlockType": "CELL",
      "Confidence": 84.47265625,
      "RowIndex": 2,
      "ColumnIndex": 4,
      "RowSpan": 1,
      "ColumnSpan": 1,
      "Geometry": {
        "BoundingBox": {
          "Width": 0.0777660608291626,
          "Height": 0.0489947572350502,
          "Left": 0.5554035902023315,
          "Top": 0.4589957594871521
        },
        "Polygon": [
          {
            "X": 0.5554035902023315,
            "Y": 0.45904794335365295
          },
          {
            "X": 0.6327075958251953,
            "Y": 0.4589957594871521
          },
          {
            "X": 0.6331696510314941,
            "Y": 0.5079217553138733
          },
          {
            "X": 0.5558679699897766,
            "Y": 0.5079905390739441
          }
        ]
      },
      "Id": "509ed915-ca0e-4cd2-82ba-d7048ad49d4e",
      "Relationships": [
        {
          "Type": "CHILD",
          "Ids": [
            "4488e2b7-e5c6-4592-a8ef-3e286388a1bb"
          ]
        }
      ],
      "EntityTypes": [
        "COLUMN_HEADER"
      ],
      "Page": 1
    },
    {
      "BlockType": "CELL",
      "Confidence": 84.5703125,
      "RowIndex": 2,
      "ColumnIndex": 5,
      "RowSpan": 1,
      "ColumnSpan": 1,
      "Geometry": {
        "BoundingBox": {
          "Width": 0.07396257668733597,
          "Height": 0.04897559806704521,
          "Left": 0.6327075958251953,
          "Top": 0.4589461386203766
        },
        "Polygon": [
          {
            "X": 0.6327075958251953,
            "Y": 0.4589957594871521
          },
          {
            "X": 0.7062103748321533,
            "Y": 0.4589461386203766
          },
          {
            "X": 0.7066702246665955,
            "Y": 0.5078563690185547
          },
          {
            "X": 0.6331696510314941,
            "Y": 0.5079217553138733
          }
        ]
      },
      "Id": "06bf9c46-8e44-415c-9ddd-1315273b5362",
      "Relationships": [
        {
          "Type": "CHILD",
          "Ids": [
            "0ef42d94-12ae-484c-b8ae-8cc875f27af1"
          ]
        }
      ],
      "EntityTypes": [
        "COLUMN_HEADER"
      ],
      "Page": 1
    },
    {
      "BlockType": "CELL",
      "Confidence": 79.98046875,
      "RowIndex": 2,
      "ColumnIndex": 6,
      "RowSpan": 1,
      "ColumnSpan": 1,
      "Geometry": {
        "BoundingBox": {
          "Width": 0.06810234487056732,
          "Height": 0.04895586892962456,
          "Left": 0.7062103748321533,
          "Top": 0.45890048146247864
        },
        "Polygon": [
          {
            "X": 0.7062103748321533,
            "Y": 0.4589461386203766
          },
          {
            "X": 0.7738549113273621,
            "Y": 0.45890048146247864
          },
          {
            "X": 0.7743126749992371,
            "Y": 0.5077961683273315
          },
          {
            "X": 0.7066702246665955,
            "Y": 0.5078563690185547
          }
        ]
      },
      "Id": "4368fc74-5df9-4810-90e3-89981f4504b8",
      "Relationships": [
        {
          "Type": "CHILD",
          "Ids": [
            "b347d80f-0682-4155-bfec-e171f65bf47e"
          ]
        }
      ],
      "EntityTypes": [
        "COLUMN_HEADER"
      ],
      "Page": 1
    },
    {
      "BlockType": "CELL",
      "Confidence": 81.25,
      "RowIndex": 3,
      "ColumnIndex": 1,
      "RowSpan": 1,
      "ColumnSpan": 1,
      "Geometry": {
        "BoundingBox": {
          "Width": 0.17288720607757568,
          "Height": 0.04099592566490173,
          "Left": 0.22560372948646545,
          "Top": 0.5081308484077454
        },
        "Polygon": [
          {
            "X": 0.22560372948646545,
            "Y": 0.508284330368042
          },
          {
            "X": 0.3981000483036041,
            "Y": 0.5081308484077454
          },
          {
            "X": 0.39849093556404114,
            "Y": 0.548942506313324
          },
          {
            "X": 0.22599896788597107,
            "Y": 0.5491268038749695
          }
        ]
      },
      "Id": "a1faa38d-8b86-4ba1-92dd-8cb3461b95b8",
      "Relationships": [
        {
          "Type": "CHILD",
          "Ids": [
            "0371721c-417d-4810-bceb-6bfb7e63599b"
          ]
        }
      ],
      "Page": 1
    },
    {
      "BlockType": "CELL",
      "Confidence": 69.62890625,
      "RowIndex": 3,
      "ColumnIndex": 2,
      "RowSpan": 1,
      "ColumnSpan": 1,
      "Geometry": {
        "BoundingBox": {
          "Width": 0.07704638689756393,
          "Height": 0.040879808366298676,
          "Left": 0.3981000483036041,
          "Top": 0.5080626606941223
        },
        "Polygon": [
          {
            "X": 0.3981000483036041,
            "Y": 0.5081308484077454
          },
          {
            "X": 0.47475743293762207,
            "Y": 0.5080626606941223
          },
          {
            "X": 0.47514644265174866,
            "Y": 0.5488605499267578
          },
          {
            "X": 0.39849093556404114,
            "Y": 0.548942506313324
          }
        ]
      },
      "Id": "3be2b32c-4d41-4f11-bbba-bcd759c5f0fe",
      "Relationships": [
        {
          "Type": "CHILD",
          "Ids": [
            "56a01a09-84bd-473a-9f23-186a63029252"
          ]
        }
      ],
      "Page": 1
    },
    {
      "BlockType": "CELL",
      "Confidence": 77.83203125,
      "RowIndex": 3,
      "ColumnIndex": 3,
      "RowSpan": 1,
      "ColumnSpan": 1,
      "Geometry": {
        "BoundingBox": {
          "Width": 0.08149749040603638,
          "Height": 0.0408700592815876,
          "Left": 0.47475743293762207,
          "Top": 0.5079905390739441
        },
        "Polygon": [
          {
            "X": 0.47475743293762207,
            "Y": 0.5080626606941223
          },
          {
            "X": 0.5558679699897766,
            "Y": 0.5079905390739441
          },
          {
            "X": 0.5562549233436584,
            "Y": 0.5487738847732544
          },
          {
            "X": 0.47514644265174866,
            "Y": 0.5488605499267578
          }
        ]
      },
      "Id": "198332f9-133d-459c-bcd1-4591a139bebf",
      "Relationships": [
        {
          "Type": "CHILD",
          "Ids": [
            "d43bdb15-c5f7-4d15-a95e-e1929198103d"
          ]
        }
      ],
      "Page": 1
    },
    {
      "BlockType": "CELL",
      "Confidence": 76.220703125,
      "RowIndex": 3,
      "ColumnIndex": 4,
      "RowSpan": 1,
      "ColumnSpan": 1,
      "Geometry": {
        "BoundingBox": {
          "Width": 0.07768671214580536,
          "Height": 0.04085216298699379,
          "Left": 0.5558679699897766,
          "Top": 0.5079217553138733
        },
        "Polygon": [
          {
            "X": 0.5558679699897766,
            "Y": 0.5079905390739441
          },
          {
            "X": 0.6331696510314941,
            "Y": 0.5079217553138733
          },
          {
            "X": 0.6335546970367432,
            "Y": 0.5486912727355957
          },
          {
            "X": 0.5562549233436584,
            "Y": 0.5487738847732544
          }
        ]
      },
      "Id": "e78357a5-a022-40eb-8baf-a4c73ea5eb3f",
      "Relationships": [
        {
          "Type": "CHILD",
          "Ids": [
            "88ccdbfa-15f7-429b-9ecb-82da888aed31"
          ]
        }
      ],
      "Page": 1
    },
    {
      "BlockType": "CELL",
      "Confidence": 76.318359375,
      "RowIndex": 3,
      "ColumnIndex": 5,
      "RowSpan": 1,
      "ColumnSpan": 1,
      "Geometry": {
        "BoundingBox": {
          "Width": 0.07388371229171753,
          "Height": 0.040834955871105194,
          "Left": 0.6331696510314941,
          "Top": 0.5078563690185547
        },
        "Polygon": [
          {
            "X": 0.6331696510314941,
            "Y": 0.5079217553138733
          },
          {
            "X": 0.7066702246665955,
            "Y": 0.5078563690185547
          },
          {
            "X": 0.7070533633232117,
            "Y": 0.5486127734184265
          },
          {
            "X": 0.6335546970367432,
            "Y": 0.5486912727355957
          }
        ]
      },
      "Id": "474617da-158f-4b84-b25d-ca1a71e43ba1",
      "Relationships": [
        {
          "Type": "CHILD",
          "Ids": [
            "99f5fafa-c989-4078-8a4d-5fbb0e452f82"
          ]
        }
      ],
      "Page": 1
    },
    {
      "BlockType": "CELL",
      "Confidence": 72.16796875,
      "RowIndex": 3,
      "ColumnIndex": 6,
      "RowSpan": 1,
      "ColumnSpan": 1,
      "Geometry": {
        "BoundingBox": {
          "Width": 0.06802399456501007,
          "Height": 0.040816597640514374,
          "Left": 0.7066702246665955,
          "Top": 0.5077961683273315
        },
        "Polygon": [
          {
            "X": 0.7066702246665955,
            "Y": 0.5078563690185547
          },
          {
            "X": 0.7743126749992371,
            "Y": 0.5077961683273315
          },
          {
            "X": 0.7746942043304443,
            "Y": 0.548540472984314
          },
          {
            "X": 0.7070533633232117,
            "Y": 0.5486127734184265
          }
        ]
      },
      "Id": "eec7c2e9-bfc2-4d1f-b989-1e383a85f400",
      "Relationships": [
        {
          "Type": "CHILD",
          "Ids": [
            "25fe39af-9d6f-4a4d-8475-9b3b199d4df2"
          ]
        }
      ],
      "Page": 1
    },
    {
      "BlockType": "CELL",
      "Confidence": 90.771484375,
      "RowIndex": 4,
      "ColumnIndex": 1,
      "RowSpan": 1,
      "ColumnSpan": 1,
      "Geometry": {
        "BoundingBox": {
          "Width": 0.17289097607135773,
          "Height": 0.04187224805355072,
          "Left": 0.22599896788597107,
          "Top": 0.548942506313324
        },
        "Polygon": [
          {
            "X": 0.22599896788597107,
            "Y": 0.5491268038749695
          },
          {
            "X": 0.39849093556404114,
            "Y": 0.548942506313324
          },
          {
            "X": 0.3988899290561676,
            "Y": 0.5905989408493042
          },
          {
            "X": 0.2264023721218109,
            "Y": 0.5908147096633911
          }
        ]
      },
      "Id": "af758c15-9b95-4f83-9fc7-b85db30c0820",
      "Relationships": [
        {
          "Type": "CHILD",
          "Ids": [
            "22e26656-da14-415d-8575-0901c7366a14"
          ]
        }
      ],
      "Page": 1
    },
    {
      "BlockType": "CELL",
      "Confidence": 77.783203125,
      "RowIndex": 4,
      "ColumnIndex": 2,
      "RowSpan": 1,
      "ColumnSpan": 1,
      "Geometry": {
        "BoundingBox": {
          "Width": 0.0770525187253952,
          "Height": 0.041738349944353104,
          "Left": 0.39849093556404114,
          "Top": 0.5488605499267578
        },
        "Polygon": [
          {
            "X": 0.39849093556404114,
            "Y": 0.548942506313324
          },
          {
            "X": 0.47514644265174866,
            "Y": 0.5488605499267578
          },
          {
            "X": 0.47554346919059753,
            "Y": 0.5905030369758606
          },
          {
            "X": 0.3988899290561676,
            "Y": 0.5905989408493042
          }
        ]
      },
      "Id": "df18a294-5466-4c22-bfce-b62814498e1c",
      "Relationships": [
        {
          "Type": "CHILD",
          "Ids": [
            "6cbae422-e218-4b49-a247-891092ff3244"
          ]
        }
      ],
      "Page": 1
    },
    {
      "BlockType": "CELL",
      "Confidence": 86.9140625,
      "RowIndex": 4,
      "ColumnIndex": 3,
      "RowSpan": 1,
      "ColumnSpan": 1,
      "Geometry": {
        "BoundingBox": {
          "Width": 0.0815034732222557,
          "Height": 0.04172911494970322,
          "Left": 0.47514644265174866,
          "Top": 0.5487738847732544
        },
        "Polygon": [
          {
            "X": 0.47514644265174866,
            "Y": 0.5488605499267578
          },
          {
            "X": 0.5562549233436584,
            "Y": 0.5487738847732544
          },
          {
            "X": 0.556649923324585,
            "Y": 0.5904015302658081
          },
          {
            "X": 0.47554346919059753,
            "Y": 0.5905030369758606
          }
        ]
      },
      "Id": "1f713b5d-b945-4cff-9fc9-b34036affb0a",
      "Relationships": [
        {
          "Type": "CHILD",
          "Ids": [
            "ca908876-37f2-45f5-af98-dcc966f3846e"
          ]
        }
      ],
      "Page": 1
    },
    {
      "BlockType": "CELL",
      "Confidence": 85.15625,
      "RowIndex": 4,
      "ColumnIndex": 4,
      "RowSpan": 1,
      "ColumnSpan": 1,
      "Geometry": {
        "BoundingBox": {
          "Width": 0.07769274711608887,
          "Height": 0.04171023890376091,
          "Left": 0.5562549233436584,
          "Top": 0.5486912727355957
        },
        "Polygon": [
          {
            "X": 0.5562549233436584,
            "Y": 0.5487738847732544
          },
          {
            "X": 0.6335546970367432,
            "Y": 0.5486912727355957
          },
          {
            "X": 0.6339476704597473,
            "Y": 0.5903048515319824
          },
          {
            "X": 0.556649923324585,
            "Y": 0.5904015302658081
          }
        ]
      },
      "Id": "e211865b-2096-4ad6-90f7-0fbd128e7b6f",
      "Relationships": [
        {
          "Type": "CHILD",
          "Ids": [
            "4ad8b8a4-f3b1-4c16-a613-88b31594e146"
          ]
        }
      ],
      "Page": 1
    },
    {
      "BlockType": "CELL",
      "Confidence": 85.25390625,
      "RowIndex": 4,
      "ColumnIndex": 5,
      "RowSpan": 1,
      "ColumnSpan": 1,
      "Geometry": {
        "BoundingBox": {
          "Width": 0.07388980686664581,
          "Height": 0.041692063212394714,
          "Left": 0.6335546970367432,
          "Top": 0.5486127734184265
        },
        "Polygon": [
          {
            "X": 0.6335546970367432,
            "Y": 0.5486912727355957
          },
          {
            "X": 0.7070533633232117,
            "Y": 0.5486127734184265
          },
          {
            "X": 0.7074444890022278,
            "Y": 0.590212881565094
          },
          {
            "X": 0.6339476704597473,
            "Y": 0.5903048515319824
          }
        ]
      },
      "Id": "4172c311-b8dd-4408-ad65-ecd34ac59900",
      "Relationships": [
        {
          "Type": "CHILD",
          "Ids": [
            "79e3ffc6-94a1-4770-8909-03097bd699ac"
          ]
        }
      ],
      "Page": 1
    },
    {
      "BlockType": "CELL",
      "Confidence": 80.615234375,
      "RowIndex": 4,
      "ColumnIndex": 6,
      "RowSpan": 1,
      "ColumnSpan": 1,
      "Geometry": {
        "BoundingBox": {
          "Width": 0.06803020089864731,
          "Height": 0.04167238622903824,
          "Left": 0.7070533633232117,
          "Top": 0.548540472984314
        },
        "Polygon": [
          {
            "X": 0.7070533633232117,
            "Y": 0.5486127734184265
          },
          {
            "X": 0.7746942043304443,
            "Y": 0.548540472984314
          },
          {
            "X": 0.775083601474762,
            "Y": 0.5901282429695129
          },
          {
            "X": 0.7074444890022278,
            "Y": 0.590212881565094
          }
        ]
      },
      "Id": "837d32c0-42ca-483a-ba1a-8cb8e184ddab",
      "Relationships": [
        {
          "Type": "CHILD",
          "Ids": [
            "7405a804-8fdd-4628-8ef0-08a5fbbf5e15"
          ]
        }
      ],
      "Page": 1
    },
    {
      "BlockType": "MERGED_CELL",
      "Confidence": 56.787109375,
      "RowIndex": 1,
      "ColumnIndex": 1,
      "RowSpan": 2,
      "ColumnSpan": 1,
      "Geometry": {
        "BoundingBox": {
          "Width": 0.17344672977924347,
          "Height": 0.098295196890831,
          "Left": 0.22465330362319946,
          "Top": 0.4099891483783722
        },
        "Polygon": [
          {
            "X": 0.22465330362319946,
            "Y": 0.41006842255592346
          },
          {
            "X": 0.39716002345085144,
            "Y": 0.4099891483783722
          },
          {
            "X": 0.3981000483036041,
            "Y": 0.5081308484077454
          },
          {
            "X": 0.22560372948646545,
            "Y": 0.508284330368042
          }
        ]
      },
      "Id": "23eb1d68-987f-4d59-ba9d-917d2f804750",
      "Relationships": [
        {
          "Type": "CHILD",
          "Ids": [
            "1d5967ca-3722-45fa-bd6e-b068aab6db57",
            "fcbc89ac-acb3-4717-83fe-48e13aab9e79"
          ]
        }
      ],
      "EntityTypes": [
        "COLUMN_HEADER"
      ],
      "Page": 1
    },
    {
      "BlockType": "MERGED_CELL",
      "Confidence": 90.72265625,
      "RowIndex": 1,
      "ColumnIndex": 2,
      "RowSpan": 1,
      "ColumnSpan": 5,
      "Geometry": {
        "BoundingBox": {
          "Width": 0.37669485807418823,
          "Height": 0.049338169395923615,
          "Left": 0.39716002345085144,
          "Top": 0.40981626510620117
        },
        "Polygon": [
          {
            "X": 0.39716002345085144,
            "Y": 0.4099891483783722
          },
          {
            "X": 0.773395299911499,
            "Y": 0.40981626510620117
          },
          {
            "X": 0.7738549113273621,
            "Y": 0.45890048146247864
          },
          {
            "X": 0.3976309299468994,
            "Y": 0.4591544270515442
          }
        ]
      },
      "Id": "55fdd1f9-ac69-459b-9e4e-836635966193",
      "Relationships": [
        {
          "Type": "CHILD",
          "Ids": [
            "f774e08c-df23-449d-a443-868ebc41b25e",
            "ee18698e-dd7b-417b-8309-e2ea2125e53c",
            "e4a8ec04-f93c-4c98-9a69-c0a423406256",
            "89895c2e-1ed5-4016-bed7-2bed7f1a9023",
            "2db00fdf-9ff5-4696-b069-3b97cbf99d66"
          ]
        }
      ],
      "EntityTypes": [
        "COLUMN_HEADER"
      ],
      "Page": 1
    }
  ],
  "AnalyzeDocumentModelVersion": "1.0"
}