{
  "DocumentMetadata": {
    "Pages": 1
  },
  "JobStatus": "SUCCEEDED",
  "Blocks": [
    {
      "BlockType": "PAGE",
      "Geometry": {
        "BoundingBox": {
          "Width": 0.5390188097953796,
          "Height": 0.3340829014778137,
          "Left": 0.22966265678405762,
          "Top": 0.32934311032295227
        },
        "Polygon": [
          {
            "X": 0.22966265678405762,
            "Y": 0.32934311032295227
          },
          {
            "X": 0.7660945653915405,
            "Y": 0.3295285701751709
          },
          {
            "X": 0.7686814665794373,
            "Y": 0.6634259819984436
          },
          {
            "X": 0.2319936752319336,
            "Y": 0.6628637909889221
          }
        ]
      },
      "Id": "f75faf44-9f65-43c7-995a-045840894d66",
      "Relationships": [
        {
          "Type": "CHILD",
          "Ids": [
            "b961c549-693d-4999-b392-6dd57e501006",
            "0a2b117d-712b-434b-9fb9-4df011351a75",
            "e4d7f114-f293-4aca-ba2e-0daf912f9bfc",
            "3ccdc3bd-9848-4037-8290-d911a982d491",
            "e7fe8128-d5cb-4a67-a3e5-b838968acedf",
            "29587305-20bb-4fb0-bbd1-d0d2020b70a2",
            "5b22ae61-763d-4482-aeff-f9496d48016d",
            "aa41d2b1-2eb9-4565-8546-a168ef370299",
            "c501da23-6cc1-445f-9be8-c300a55679b4",
            "0a8f0063-903c-4b34-b17b-a680d5ad7c87",
            "77c66654-49f9-4430-b9eb-63230ac6707e",
            "b6649952-5c4c-4d3a-9a46-7b8365e3c8b9",
            "67cc21b6-8f29-4f2a-9af5-02033168afac",
            "e1c72aaf-83a2-47db-9f3b-59f2ec0182bd",
            "c3f11ead-71e7-447c-b2d4-ec3c67826eec",
            "07937654-a2a6-4f8e-ae3a-f4f954094eb9",
            "a582e1e7-0c91-4d16-9c4f-1bbacf617039",
            "b6f5a0f6-d0cb-4bf7-881e-38ce2b0d47e5",
            "ba7a7049-d8da-4416-8530-a6ec48c53387",
            "d328b7f3-d25a-48bf-90bc-795fda47e9b0",
            "f97aa8e2-e839-4d6a-9886-121255caefb1",
            "41c72aa4-fe0f-4a5d-94ef-39499eda2188",
            "9cdf128d-f46a-4b88-8173-eee631b0601b",
            "80338ae3-f071-49f9-9b02-a6ef20cb592e",
            "0a846a85-9f5a-4752-9a43-7c060713eed1",
            "dcedbee5-b349-4178-be0b-4d169453d3e1",
            "98c083f9-423d-4923-8cd9-d675f05249ab",
            "9acdfc1d-6b13-4ceb-8ce1-40f594284e94",
            "80068333-441d-425b-b6e9-165cb71b0039",
            "15e77345-10b6-4652-8017-7c9e5f94ae27"
          ]
        }
      ],
      "Page": 1
    },
    {
      "BlockType": "LINE",
      "Confidence": 99.71951293945312,
      "Text": "Composite sample",
      "Geometry": {
        "BoundingBox": {
          "Width": 0.12013381719589233,
          "Height": 0.022648053243756294,
          "Left": 0.2503691017627716,
          "Top": 0.3498339056968689
        },
        "Polygon": [
          {
            "X": 0.2503691017627716,
            "Y": 0.3498339056968689
          },
          {
            "X": 0.3703404664993286,
            "Y": 0.34988054633140564
          },
          {
            "X": 0.37050291895866394,
            "Y": 0.37248197197914124
          },
          {
            "X": 0.25052767992019653,
            "Y": 0.37242960929870605
          }
        ]
      },
      "Id": "b961c549-693d-4999-b392-6dd57e501006",
      "Relationships": [
        {
          "Type": "CHILD",
          "Ids": [
            "d845e931-e00e-4f8b-9863-88f1a08459c5",
            "050f933c-a664-427d-a14b-ed6186a67762"
          ]
        }
      ],
      "Page": 1
    },
    {
      "BlockType": "LINE",
      "Confidence": 84.89029693603516,
      "Text": "Reinforcing agent (%) Tg, °Cat 11 Hz",
      "Geometry": {
        "BoundingBox": {
          "Width": 0.24282830953598022,
          "Height": 0.024884561076760292,
          "Left": 0.5085240006446838,
          "Top": 0.3495071828365326
        },
        "Polygon": [
          {
            "X": 0.5085240006446838,
            "Y": 0.3495071828365326
          },
          {
            "X": 0.7511608004570007,
            "Y": 0.3496013283729553
          },
          {
            "X": 0.7513523101806641,
            "Y": 0.3743917644023895
          },
          {
            "X": 0.5087069272994995,
            "Y": 0.3742849826812744
          }
        ]
      },
      "Id": "0a2b117d-712b-434b-9fb9-4df011351a75",
      "Relationships": [
        {
          "Type": "CHILD",
          "Ids": [
            "36ccba5c-8b4c-466b-991f-f62fc8181e00",
            "fbfd8485-bb7d-48d9-8a9c-c9ea0cf023ca",
            "721d8981-8298-4d1e-8c38-0b6ab080a940",
            "c46c611b-d873-42ca-a1cf-b2a917bcc178",
            "32ed97a6-f169-4596-83c2-a06d2171c661",
            "e685c472-402b-44e0-8c88-39f940cc92c8"
          ]
        }
      ],
      "Page": 1
    },
    {
      "BlockType": "LINE",
      "Confidence": 98.15773010253906,
      "Text": "DGEBA_PXDED",
      "Geometry": {
        "BoundingBox": {
          "Width": 0.09608544409275055,
          "Height": 0.019199008122086525,
          "Left": 0.2505776286125183,
          "Top": 0.39063870906829834
        },
        "Polygon": [
          {
            "X": 0.2505776286125183,
            "Y": 0.39063870906829834
          },
          {
            "X": 0.34652605652809143,
            "Y": 0.3906842768192291
          },
          {
            "X": 0.34666308760643005,
            "Y": 0.4098377227783203
          },
          {
            "X": 0.2507120370864868,
            "Y": 0.4097883105278015
          }
        ]
      },
      "Id": "e4d7f114-f293-4aca-ba2e-0daf912f9bfc",
      "Relationships": [
        {
          "Type": "CHILD",
          "Ids": [
            "a8ea0a33-c8d3-4612-b499-8ba1a62d0270"
          ]
        }
      ],
      "Page": 1
    },
    {
      "BlockType": "LINE",
      "Confidence": 98.7021484375,
      "Text": "0",
      "Geometry": {
        "BoundingBox": {
          "Width": 0.008915871381759644,
          "Height": 0.017966775223612785,
          "Left": 0.5082665681838989,
          "Top": 0.39024171233177185
        },
        "Polygon": [
          {
            "X": 0.5082665681838989,
            "Y": 0.39024171233177185
          },
          {
            "X": 0.5170496106147766,
            "Y": 0.39024588465690613
          },
          {
            "X": 0.5171824097633362,
            "Y": 0.4082084894180298
          },
          {
            "X": 0.5083991289138794,
            "Y": 0.40820398926734924
          }
        ]
      },
      "Id": "3ccdc3bd-9848-4037-8290-d911a982d491",
      "Relationships": [
        {
          "Type": "CHILD",
          "Ids": [
            "0632778e-d278-450a-9c7a-36ace8c09ce6"
          ]
        }
      ],
      "Page": 1
    },
    {
      "BlockType": "LINE",
      "Confidence": 99.35420227050781,
      "Text": "119.9",
      "Geometry": {
        "BoundingBox": {
          "Width": 0.035420965403318405,
          "Height": 0.017952878028154373,
          "Left": 0.6665037274360657,
          "Top": 0.39032307267189026
        },
        "Polygon": [
          {
            "X": 0.6665037274360657,
            "Y": 0.39032307267189026
          },
          {
            "X": 0.7017873525619507,
            "Y": 0.39033976197242737
          },
          {
            "X": 0.7019246816635132,
            "Y": 0.40827593207359314
          },
          {
            "X": 0.6666401624679565,
            "Y": 0.4082579016685486
          }
        ]
      },
      "Id": "e7fe8128-d5cb-4a67-a3e5-b838968acedf",
      "Relationships": [
        {
          "Type": "CHILD",
          "Ids": [
            "bbcff1f0-e0f4-4a78-8c13-b509f7e49f37"
          ]
        }
      ],
      "Page": 1
    },
    {
      "BlockType": "LINE",
      "Confidence": 90.12474060058594,
      "Text": "DGEBA_MWCNT_PXDED",
      "Geometry": {
        "BoundingBox": {
          "Width": 0.16657273471355438,
          "Height": 0.020889636129140854,
          "Left": 0.2511315941810608,
          "Top": 0.41785505414009094
        },
        "Polygon": [
          {
            "X": 0.2511315941810608,
            "Y": 0.41785505414009094
          },
          {
            "X": 0.4175534248352051,
            "Y": 0.4179435670375824
          },
          {
            "X": 0.417704313993454,
            "Y": 0.4387446939945221
          },
          {
            "X": 0.25127753615379333,
            "Y": 0.43864887952804565
          }
        ]
      },
      "Id": "29587305-20bb-4fb0-bbd1-d0d2020b70a2",
      "Relationships": [
        {
          "Type": "CHILD",
          "Ids": [
            "e3e7fca7-1d66-4d32-ae88-56a3009c4476"
          ]
        }
      ],
      "Page": 1
    },
    {
      "BlockType": "LINE",
      "Confidence": 99.93431854248047,
      "Text": "1",
      "Geometry": {
        "BoundingBox": {
          "Width": 0.0058975531719625,
          "Height": 0.0175468772649765,
          "Left": 0.5094707012176514,
          "Top": 0.4179595112800598
        },
        "Polygon": [
          {
            "X": 0.5094707012176514,
            "Y": 0.4179595112800598
          },
          {
            "X": 0.5152385830879211,
            "Y": 0.41796258091926575
          },
          {
            "X": 0.5153682827949524,
            "Y": 0.4355064034461975
          },
          {
            "X": 0.5096002221107483,
            "Y": 0.43550312519073486
          }
        ]
      },
      "Id": "5b22ae61-763d-4482-aeff-f9496d48016d",
      "Relationships": [
        {
          "Type": "CHILD",
          "Ids": [
            "e350ce05-2edd-49f7-8874-b20dfba7759d"
          ]
        }
      ],
      "Page": 1
    },
    {
      "BlockType": "LINE",
      "Confidence": 99.35717010498047,
      "Text": "119.2",
      "Geometry": {
        "BoundingBox": {
          "Width": 0.03502829745411873,
          "Height": 0.0176201444119215,
          "Left": 0.6666725873947144,
          "Top": 0.4181228578090668
        },
        "Polygon": [
          {
            "X": 0.6666725873947144,
            "Y": 0.4181228578090668
          },
          {
            "X": 0.7015661597251892,
            "Y": 0.4181414246559143
          },
          {
            "X": 0.7017009258270264,
            "Y": 0.4357430040836334
          },
          {
            "X": 0.6668064594268799,
            "Y": 0.4357231557369232
          }
        ]
      },
      "Id": "aa41d2b1-2eb9-4565-8546-a168ef370299",
      "Relationships": [
        {
          "Type": "CHILD",
          "Ids": [
            "960babc9-a74e-4bd7-821b-d0e1a2ebbc1a"
          ]
        }
      ],
      "Page": 1
    },
    {
      "BlockType": "LINE",
      "Confidence": 94.27812194824219,
      "Text": "DGEBA_MWCNT-SP135_PXDED",
      "Geometry": {
        "BoundingBox": {
          "Width": 0.2019040882587433,
          "Height": 0.020298920571804047,
          "Left": 0.25194552540779114,
          "Top": 0.4455384612083435
        },
        "Polygon": [
          {
            "X": 0.25194552540779114,
            "Y": 0.4455384612083435
          },
          {
            "X": 0.4537021815776825,
            "Y": 0.44565755128860474
          },
          {
            "X": 0.4538496136665344,
            "Y": 0.46583738923072815
          },
          {
            "X": 0.2520871162414551,
            "Y": 0.46570974588394165
          }
        ]
      },
      "Id": "c501da23-6cc1-445f-9be8-c300a55679b4",
      "Relationships": [
        {
          "Type": "CHILD",
          "Ids": [
            "9a0949ee-96d7-4e9b-95a9-b0434a68b2d2"
          ]
        }
      ],
      "Page": 1
    },
    {
      "BlockType": "LINE",
      "Confidence": 99.89244842529297,
      "Text": "1",
      "Geometry": {
        "BoundingBox": {
          "Width": 0.005732397548854351,
          "Height": 0.01712878607213497,
          "Left": 0.5096181631088257,
          "Top": 0.4457959830760956
        },
        "Polygon": [
          {
            "X": 0.5096181631088257,
            "Y": 0.4457959830760956
          },
          {
            "X": 0.5152239799499512,
            "Y": 0.4457992911338806
          },
          {
            "X": 0.5153505802154541,
            "Y": 0.4629247784614563
          },
          {
            "X": 0.5097446441650391,
            "Y": 0.46292126178741455
          }
        ]
      },
      "Id": "0a8f0063-903c-4b34-b17b-a680d5ad7c87",
      "Relationships": [
        {
          "Type": "CHILD",
          "Ids": [
            "dfa8a06f-f547-4639-8446-2e7dc892d7ab"
          ]
        }
      ],
      "Page": 1
    },
    {
      "BlockType": "LINE",
      "Confidence": 99.31511688232422,
      "Text": "121.5",
      "Geometry": {
        "BoundingBox": {
          "Width": 0.03479313477873802,
          "Height": 0.01751396805047989,
          "Left": 0.6667977571487427,
          "Top": 0.4455963969230652
        },
        "Polygon": [
          {
            "X": 0.6667977571487427,
            "Y": 0.4455963969230652
          },
          {
            "X": 0.7014570236206055,
            "Y": 0.44561684131622314
          },
          {
            "X": 0.701590895652771,
            "Y": 0.46311038732528687
          },
          {
            "X": 0.6669307947158813,
            "Y": 0.46308866143226624
          }
        ]
      },
      "Id": "77c66654-49f9-4430-b9eb-63230ac6707e",
      "Relationships": [
        {
          "Type": "CHILD",
          "Ids": [
            "ed2189e8-db0c-46b2-84c0-0b8380525846"
          ]
        }
      ],
      "Page": 1
    },
    {
      "BlockType": "LINE",
      "Confidence": 69.87899780273438,
      "Text": "OGEBA_MWCNT-X100_PXDED",
      "Geometry": {
        "BoundingBox": {
          "Width": 0.19364356994628906,
          "Height": 0.020936310291290283,
          "Left": 0.25515642762184143,
          "Top": 0.47274842858314514
        },
        "Polygon": [
          {
            "X": 0.25515642762184143,
            "Y": 0.47274842858314514
          },
          {
            "X": 0.4486481547355652,
            "Y": 0.472873717546463
          },
          {
            "X": 0.4488000273704529,
            "Y": 0.4936847388744354
          },
          {
            "X": 0.2553025484085083,
            "Y": 0.49355098605155945
          }
        ]
      },
      "Id": "b6649952-5c4c-4d3a-9a46-7b8365e3c8b9",
      "Relationships": [
        {
          "Type": "CHILD",
          "Ids": [
            "22eeac65-56dc-480b-a4f8-d8297dfa8c5f"
          ]
        }
      ],
      "Page": 1
    },
    {
      "BlockType": "LINE",
      "Confidence": 99.81861114501953,
      "Text": "1",
      "Geometry": {
        "BoundingBox": {
          "Width": 0.006044056266546249,
          "Height": 0.017377326264977455,
          "Left": 0.509351372718811,
          "Top": 0.47320935130119324
        },
        "Polygon": [
          {
            "X": 0.509351372718811,
            "Y": 0.47320935130119324
          },
          {
            "X": 0.515267014503479,
            "Y": 0.47321316599845886
          },
          {
            "X": 0.5153954029083252,
            "Y": 0.49058666825294495
          },
          {
            "X": 0.5094796419143677,
            "Y": 0.4905826151371002
          }
        ]
      },
      "Id": "67cc21b6-8f29-4f2a-9af5-02033168afac",
      "Relationships": [
        {
          "Type": "CHILD",
          "Ids": [
            "3840a889-5f2a-411f-be7b-53ae8073ad1f"
          ]
        }
      ],
      "Page": 1
    },
    {
      "BlockType": "LINE",
      "Confidence": 99.76155853271484,
      "Text": "119.9",
      "Geometry": {
        "BoundingBox": {
          "Width": 0.035163260996341705,
          "Height": 0.017548639327287674,
          "Left": 0.6668012142181396,
          "Top": 0.47314319014549255
        },
        "Polygon": [
          {
            "X": 0.6668012142181396,
            "Y": 0.47314319014549255
          },
          {
            "X": 0.7018303275108337,
            "Y": 0.473165899515152
          },
          {
            "X": 0.7019644379615784,
            "Y": 0.4906918406486511
          },
          {
            "X": 0.6669344902038574,
            "Y": 0.49066784977912903
          }
        ]
      },
      "Id": "e1c72aaf-83a2-47db-9f3b-59f2ec0182bd",
      "Relationships": [
        {
          "Type": "CHILD",
          "Ids": [
            "0b48a1e6-46c0-4a26-a11a-6656552a76ee"
          ]
        }
      ],
      "Page": 1
    },
    {
      "BlockType": "LINE",
      "Confidence": 92.68682098388672,
      "Text": "DGEBA_MWCNT-NP9_PXDED",
      "Geometry": {
        "BoundingBox": {
          "Width": 0.1889905333518982,
          "Height": 0.020901929587125778,
          "Left": 0.25230756402015686,
          "Top": 0.5003863573074341
        },
        "Polygon": [
          {
            "X": 0.25230756402015686,
            "Y": 0.5003863573074341
          },
          {
            "X": 0.44114676117897034,
            "Y": 0.5005196332931519
          },
          {
            "X": 0.44129809737205505,
            "Y": 0.5212883353233337
          },
          {
            "X": 0.2524532973766327,
            "Y": 0.521146833896637
          }
        ]
      },
      "Id": "c3f11ead-71e7-447c-b2d4-ec3c67826eec",
      "Relationships": [
        {
          "Type": "CHILD",
          "Ids": [
            "e8e1df78-81f6-4afa-a55e-2ceb1850acc6"
          ]
        }
      ],
      "Page": 1
    },
    {
      "BlockType": "LINE",
      "Confidence": 99.77162170410156,
      "Text": "1",
      "Geometry": {
        "BoundingBox": {
          "Width": 0.006594551261514425,
          "Height": 0.017376448959112167,
          "Left": 0.5091127157211304,
          "Top": 0.5009162425994873
        },
        "Polygon": [
          {
            "X": 0.5091127157211304,
            "Y": 0.5009162425994873
          },
          {
            "X": 0.5155788660049438,
            "Y": 0.5009207725524902
          },
          {
            "X": 0.51570725440979,
            "Y": 0.5182926654815674
          },
          {
            "X": 0.5092409253120422,
            "Y": 0.5182878971099854
          }
        ]
      },
      "Id": "07937654-a2a6-4f8e-ae3a-f4f954094eb9",
      "Relationships": [
        {
          "Type": "CHILD",
          "Ids": [
            "21ed878f-cd9d-4c5a-8246-651606d7ca66"
          ]
        }
      ],
      "Page": 1
    },
    {
      "BlockType": "LINE",
      "Confidence": 96.29562377929688,
      "Text": "123.4",
      "Geometry": {
        "BoundingBox": {
          "Width": 0.03548690304160118,
          "Height": 0.017519859597086906,
          "Left": 0.6667194962501526,
          "Top": 0.500620424747467
        },
        "Polygon": [
          {
            "X": 0.6667194962501526,
            "Y": 0.500620424747467
          },
          {
            "X": 0.7020724415779114,
            "Y": 0.5006453990936279
          },
          {
            "X": 0.7022063732147217,
            "Y": 0.5181403160095215
          },
          {
            "X": 0.6668525338172913,
            "Y": 0.5181140303611755
          }
        ]
      },
      "Id": "a582e1e7-0c91-4d16-9c4f-1bbacf617039",
      "Relationships": [
        {
          "Type": "CHILD",
          "Ids": [
            "10f5f776-a363-424a-b122-b8a37d54b8c7"
          ]
        }
      ],
      "Page": 1
    },
    {
      "BlockType": "LINE",
      "Confidence": 78.10542297363281,
      "Text": "DGEBA_MWCNT-COOH_PXDED",
      "Geometry": {
        "BoundingBox": {
          "Width": 0.20029400289058685,
          "Height": 0.02057151310145855,
          "Left": 0.2535339295864105,
          "Top": 0.5394302010536194
        },
        "Polygon": [
          {
            "X": 0.2535339295864105,
            "Y": 0.5394302010536194
          },
          {
            "X": 0.45367884635925293,
            "Y": 0.5395878553390503
          },
          {
            "X": 0.4538279175758362,
            "Y": 0.5600017309188843
          },
          {
            "X": 0.2536771893501282,
            "Y": 0.5598354935646057
          }
        ]
      },
      "Id": "b6f5a0f6-d0cb-4bf7-881e-38ce2b0d47e5",
      "Relationships": [
        {
          "Type": "CHILD",
          "Ids": [
            "0b2cff22-7a4e-4b1e-bde8-91d7b039f817"
          ]
        }
      ],
      "Page": 1
    },
    {
      "BlockType": "LINE",
      "Confidence": 99.87279510498047,
      "Text": "1",
      "Geometry": {
        "BoundingBox": {
          "Width": 0.006287317257374525,
          "Height": 0.017339354380965233,
          "Left": 0.5091668963432312,
          "Top": 0.5397722125053406
        },
        "Polygon": [
          {
            "X": 0.5091668963432312,
            "Y": 0.5397722125053406
          },
          {
            "X": 0.5153261423110962,
            "Y": 0.5397770404815674
          },
          {
            "X": 0.5154542326927185,
            "Y": 0.5571115612983704
          },
          {
            "X": 0.509294867515564,
            "Y": 0.5571064949035645
          }
        ]
      },
      "Id": "ba7a7049-d8da-4416-8530-a6ec48c53387",
      "Relationships": [
        {
          "Type": "CHILD",
          "Ids": [
            "e81cc524-82db-4dd2-846a-cba29d4d16b1"
          ]
        }
      ],
      "Page": 1
    },
    {
      "BlockType": "LINE",
      "Confidence": 99.88158416748047,
      "Text": "127.8",
      "Geometry": {
        "BoundingBox": {
          "Width": 0.03498981520533562,
          "Height": 0.01743166521191597,
          "Left": 0.6668183207511902,
          "Top": 0.5397750735282898
        },
        "Polygon": [
          {
            "X": 0.6668183207511902,
            "Y": 0.5397750735282898
          },
          {
            "X": 0.7016749382019043,
            "Y": 0.5398024916648865
          },
          {
            "X": 0.7018081545829773,
            "Y": 0.5572066903114319
          },
          {
            "X": 0.6669507026672363,
            "Y": 0.5571779608726501
          }
        ]
      },
      "Id": "d328b7f3-d25a-48bf-90bc-795fda47e9b0",
      "Relationships": [
        {
          "Type": "CHILD",
          "Ids": [
            "baba3d0b-5adb-4a3f-ade8-9935c08dc351"
          ]
        }
      ],
      "Page": 1
    },
    {
      "BlockType": "LINE",
      "Confidence": 53.57304763793945,
      "Text": "DGEBA_MWCNT-COO-SP135_PXDED",
      "Geometry": {
        "BoundingBox": {
          "Width": 0.2383871227502823,
          "Height": 0.020685933530330658,
          "Left": 0.2512661814689636,
          "Top": 0.5671480298042297
        },
        "Polygon": [
          {
            "X": 0.2512661814689636,
            "Y": 0.5671480298042297
          },
          {
            "X": 0.4895026683807373,
            "Y": 0.5673496127128601
          },
          {
            "X": 0.4896533191204071,
            "Y": 0.5878340005874634
          },
          {
            "X": 0.2514098584651947,
            "Y": 0.5876221656799316
          }
        ]
      },
      "Id": "f97aa8e2-e839-4d6a-9886-121255caefb1",
      "Relationships": [
        {
          "Type": "CHILD",
          "Ids": [
            "a4d67ea3-60b2-4057-8bc3-bce730e3dc0f"
          ]
        }
      ],
      "Page": 1
    },
    {
      "BlockType": "LINE",
      "Confidence": 99.84516143798828,
      "Text": "1",
      "Geometry": {
        "BoundingBox": {
          "Width": 0.00598470913246274,
          "Height": 0.017278533428907394,
          "Left": 0.5093244314193726,
          "Top": 0.567374587059021
        },
        "Polygon": [
          {
            "X": 0.5093244314193726,
            "Y": 0.567374587059021
          },
          {
            "X": 0.5151814818382263,
            "Y": 0.5673795342445374
          },
          {
            "X": 0.5153091549873352,
            "Y": 0.5846531391143799
          },
          {
            "X": 0.5094519257545471,
            "Y": 0.5846479535102844
          }
        ]
      },
      "Id": "41c72aa4-fe0f-4a5d-94ef-39499eda2188",
      "Relationships": [
        {
          "Type": "CHILD",
          "Ids": [
            "b7e6dd4a-770d-4361-88ab-6ed8a3fe3d3a"
          ]
        }
      ],
      "Page": 1
    },
    {
      "BlockType": "LINE",
      "Confidence": 99.42060089111328,
      "Text": "122.6",
      "Geometry": {
        "BoundingBox": {
          "Width": 0.035485442727804184,
          "Height": 0.017644960433244705,
          "Left": 0.6666956543922424,
          "Top": 0.567217230796814
        },
        "Polygon": [
          {
            "X": 0.6666956543922424,
            "Y": 0.567217230796814
          },
          {
            "X": 0.702046275138855,
            "Y": 0.5672470927238464
          },
          {
            "X": 0.7021811008453369,
            "Y": 0.5848621726036072
          },
          {
            "X": 0.6668295860290527,
            "Y": 0.5848309993743896
          }
        ]
      },
      "Id": "9cdf128d-f46a-4b88-8173-eee631b0601b",
      "Relationships": [
        {
          "Type": "CHILD",
          "Ids": [
            "0c69b301-c6b2-4e43-ad84-5b43a91e1d28"
          ]
        }
      ],
      "Page": 1
    },
    {
      "BlockType": "LINE",
      "Confidence": 59.73711013793945,
      "Text": "DGEBA_MWCNT-C0O-X100_PXDED",
      "Geometry": {
        "BoundingBox": {
          "Width": 0.2333187460899353,
          "Height": 0.020210769027471542,
          "Left": 0.25117337703704834,
          "Top": 0.5936163663864136
        },
        "Polygon": [
          {
            "X": 0.25117337703704834,
            "Y": 0.5936163663864136
          },
          {
            "X": 0.4843451976776123,
            "Y": 0.5938266515731812
          },
          {
            "X": 0.48449212312698364,
            "Y": 0.6138271689414978
          },
          {
            "X": 0.2513136565685272,
            "Y": 0.6136070489883423
          }
        ]
      },
      "Id": "80338ae3-f071-49f9-9b02-a6ef20cb592e",
      "Relationships": [
        {
          "Type": "CHILD",
          "Ids": [
            "6750acbe-6162-4fc5-8dad-b92cb2b7fcfd"
          ]
        }
      ],
      "Page": 1
    },
    {
      "BlockType": "LINE",
      "Confidence": 99.87631225585938,
      "Text": "1",
      "Geometry": {
        "BoundingBox": {
          "Width": 0.006090099923312664,
          "Height": 0.0171145498752594,
          "Left": 0.5094176530838013,
          "Top": 0.5939944386482239
        },
        "Polygon": [
          {
            "X": 0.5094176530838013,
            "Y": 0.5939944386482239
          },
          {
            "X": 0.5153813362121582,
            "Y": 0.5939998030662537
          },
          {
            "X": 0.5155077576637268,
            "Y": 0.6111090183258057
          },
          {
            "X": 0.5095439553260803,
            "Y": 0.6111034154891968
          }
        ]
      },
      "Id": "0a846a85-9f5a-4752-9a43-7c060713eed1",
      "Relationships": [
        {
          "Type": "CHILD",
          "Ids": [
            "4621f559-a0e7-4ab5-a444-b5453d324d7c"
          ]
        }
      ],
      "Page": 1
    },
    {
      "BlockType": "LINE",
      "Confidence": 99.67515563964844,
      "Text": "119.3",
      "Geometry": {
        "BoundingBox": {
          "Width": 0.03474844992160797,
          "Height": 0.01730060763657093,
          "Left": 0.6667209267616272,
          "Top": 0.5939385294914246
        },
        "Polygon": [
          {
            "X": 0.6667209267616272,
            "Y": 0.5939385294914246
          },
          {
            "X": 0.7013371586799622,
            "Y": 0.5939697623252869
          },
          {
            "X": 0.701469361782074,
            "Y": 0.6112391948699951
          },
          {
            "X": 0.6668522357940674,
            "Y": 0.6112067103385925
          }
        ]
      },
      "Id": "dcedbee5-b349-4178-be0b-4d169453d3e1",
      "Relationships": [
        {
          "Type": "CHILD",
          "Ids": [
            "754b35ed-68ae-4aef-ba30-e5448d03946d"
          ]
        }
      ],
      "Page": 1
    },
    {
      "BlockType": "LINE",
      "Confidence": 61.99419403076172,
      "Text": "DGEBA_MWCNT-COO-NP9_PXDED",
      "Geometry": {
        "BoundingBox": {
          "Width": 0.22260311245918274,
          "Height": 0.020948201417922974,
          "Left": 0.2509616017341614,
          "Top": 0.6209542751312256
        },
        "Polygon": [
          {
            "X": 0.2509616017341614,
            "Y": 0.6209542751312256
          },
          {
            "X": 0.4734126925468445,
            "Y": 0.6211676597595215
          },
          {
            "X": 0.4735647141933441,
            "Y": 0.6419024467468262
          },
          {
            "X": 0.25110700726509094,
            "Y": 0.6416793465614319
          }
        ]
      },
      "Id": "98c083f9-423d-4923-8cd9-d675f05249ab",
      "Relationships": [
        {
          "Type": "CHILD",
          "Ids": [
            "2de7918c-e855-4a73-8fad-4e0d2affb72e"
          ]
        }
      ],
      "Page": 1
    },
    {
      "BlockType": "LINE",
      "Confidence": 99.91503143310547,
      "Text": "1",
      "Geometry": {
        "BoundingBox": {
          "Width": 0.006271716207265854,
          "Height": 0.01723037287592888,
          "Left": 0.5093516707420349,
          "Top": 0.621338963508606
        },
        "Polygon": [
          {
            "X": 0.5093516707420349,
            "Y": 0.621338963508606
          },
          {
            "X": 0.5154960751533508,
            "Y": 0.621344804763794
          },
          {
            "X": 0.5156233906745911,
            "Y": 0.6385692954063416
          },
          {
            "X": 0.5094788074493408,
            "Y": 0.6385632157325745
          }
        ]
      },
      "Id": "9acdfc1d-6b13-4ceb-8ce1-40f594284e94",
      "Relationships": [
        {
          "Type": "CHILD",
          "Ids": [
            "8ab0071c-461a-46e8-b00c-95e11f50b96d"
          ]
        }
      ],
      "Page": 1
    },
    {
      "BlockType": "LINE",
      "Confidence": 99.47797393798828,
      "Text": "123.6",
      "Geometry": {
        "BoundingBox": {
          "Width": 0.03545268997550011,
          "Height": 0.017748555168509483,
          "Left": 0.6667171716690063,
          "Top": 0.6211347579956055
        },
        "Polygon": [
          {
            "X": 0.6667171716690063,
            "Y": 0.6211347579956055
          },
          {
            "X": 0.7020342350006104,
            "Y": 0.6211686134338379
          },
          {
            "X": 0.7021698355674744,
            "Y": 0.6388832926750183
          },
          {
            "X": 0.666851818561554,
            "Y": 0.6388481259346008
          }
        ]
      },
      "Id": "80068333-441d-425b-b6e9-165cb71b0039",
      "Relationships": [
        {
          "Type": "CHILD",
          "Ids": [
            "b5219f07-eaa9-452f-bbfa-f7daf5263382"
          ]
        }
      ],
      "Page": 1
    },
    {
      "BlockType": "WORD",
      "Confidence": 99.61121368408203,
      "Text": "Composite",
      "TextType": "PRINTED",
      "Geometry": {
        "BoundingBox": {
          "Width": 0.06887246668338776,
          "Height": 0.022264152765274048,
          "Left": 0.2503691017627716,
          "Top": 0.3498339056968689
        },
        "Polygon": [
          {
            "X": 0.2503691017627716,
            "Y": 0.3498339056968689
          },
          {
            "X": 0.3190833330154419,
            "Y": 0.34986063838005066
          },
          {
            "X": 0.31924158334732056,
            "Y": 0.37209805846214294
          },
          {
            "X": 0.2505251467227936,
            "Y": 0.3720681369304657
          }
        ]
      },
      "Id": "d845e931-e00e-4f8b-9863-88f1a08459c5",
      "Page": 1
    },
    {
      "BlockType": "WORD",
      "Confidence": 99.82781982421875,
      "Text": "sample",
      "TextType": "PRINTED",
      "Geometry": {
        "BoundingBox": {
          "Width": 0.0474860779941082,
          "Height": 0.022279340773820877,
          "Left": 0.32301685214042664,
          "Top": 0.35020262002944946
        },
        "Polygon": [
          {
            "X": 0.32301685214042664,
            "Y": 0.35020262002944946
          },
          {
            "X": 0.3703429102897644,
            "Y": 0.35022106766700745
          },
          {
            "X": 0.37050291895866394,
            "Y": 0.37248197197914124
          },
          {
            "X": 0.3231753408908844,
            "Y": 0.37246131896972656
          }
        ]
      },
      "Id": "050f933c-a664-427d-a14b-ed6186a67762",
      "Page": 1
    },
    {
      "BlockType": "WORD",
      "Confidence": 99.86396789550781,
      "Text": "Reinforcing",
      "TextType": "PRINTED",
      "Geometry": {
        "BoundingBox": {
          "Width": 0.0742587298154831,
          "Height": 0.022358687594532967,
          "Left": 0.5085243582725525,
          "Top": 0.34955331683158875
        },
        "Polygon": [
          {
            "X": 0.5085243582725525,
            "Y": 0.34955331683158875
          },
          {
            "X": 0.582615852355957,
            "Y": 0.34958207607269287
          },
          {
            "X": 0.582783043384552,
            "Y": 0.37191200256347656
          },
          {
            "X": 0.5086891651153564,
            "Y": 0.37187978625297546
          }
        ]
      },
      "Id": "36ccba5c-8b4c-466b-991f-f62fc8181e00",
      "Page": 1
    },
    {
      "BlockType": "WORD",
      "Confidence": 99.9383544921875,
      "Text": "agent",
      "TextType": "PRINTED",
      "Geometry": {
        "BoundingBox": {
          "Width": 0.03614538908004761,
          "Height": 0.020458629354834557,
          "Left": 0.5868417620658875,
          "Top": 0.35146474838256836
        },
        "Polygon": [
          {
            "X": 0.5868417620658875,
            "Y": 0.35146474838256836
          },
          {
            "X": 0.6228328943252563,
            "Y": 0.35147884488105774
          },
          {
            "X": 0.6229871511459351,
            "Y": 0.3719233572483063
          },
          {
            "X": 0.5869949460029602,
            "Y": 0.37190771102905273
          }
        ]
      },
      "Id": "fbfd8485-bb7d-48d9-8a9c-c9ea0cf023ca",
      "Page": 1
    },
    {
      "BlockType": "WORD",
      "Confidence": 99.94709777832031,
      "Text": "(%)",
      "TextType": "PRINTED",
      "Geometry": {
        "BoundingBox": {
          "Width": 0.01958073303103447,
          "Height": 0.022016653791069984,
          "Left": 0.6272428631782532,
          "Top": 0.3496612012386322
        },
        "Polygon": [
          {
            "X": 0.6272428631782532,
            "Y": 0.3496612012386322
          },
          {
            "X": 0.6466568112373352,
            "Y": 0.3496687412261963
          },
          {
            "X": 0.6468235850334167,
            "Y": 0.37167787551879883
          },
          {
            "X": 0.627409040927887,
            "Y": 0.3716694414615631
          }
        ]
      },
      "Id": "721d8981-8298-4d1e-8c38-0b6ab080a940",
      "Page": 1
    },
    {
      "BlockType": "WORD",
      "Confidence": 66.8426513671875,
      "Text": "Tg,",
      "TextType": "PRINTED",
      "Geometry": {
        "BoundingBox": {
          "Width": 0.0164040494710207,
          "Height": 0.024243107065558434,
          "Left": 0.665593683719635,
          "Top": 0.35011813044548035
        },
        "Polygon": [
          {
            "X": 0.665593683719635,
            "Y": 0.35011813044548035
          },
          {
            "X": 0.6818128228187561,
            "Y": 0.35012444853782654
          },
          {
            "X": 0.6819977164268494,
            "Y": 0.3743612468242645
          },
          {
            "X": 0.6657779812812805,
            "Y": 0.3743540942668915
          }
        ]
      },
      "Id": "c46c611b-d873-42ca-a1cf-b2a917bcc178",
      "Page": 1
    },
    {
      "BlockType": "WORD",
      "Confidence": 43.555625915527344,
      "Text": "°Cat 11",
      "TextType": "PRINTED",
      "Geometry": {
        "BoundingBox": {
          "Width": 0.050550203770399094,
          "Height": 0.02039681188762188,
          "Left": 0.6866399645805359,
          "Top": 0.34957629442214966
        },
        "Polygon": [
          {
            "X": 0.6866399645805359,
            "Y": 0.34957629442214966
          },
          {
            "X": 0.7370331287384033,
            "Y": 0.349595844745636
          },
          {
            "X": 0.7371901273727417,
            "Y": 0.3699730932712555
          },
          {
            "X": 0.6867955327033997,
            "Y": 0.36995139718055725
          }
        ]
      },
      "Id": "32ed97a6-f169-4596-83c2-a06d2171c661",
      "Page": 1
    },
    {
      "BlockType": "WORD",
      "Confidence": 99.1941146850586,
      "Text": "Hz",
      "TextType": "PRINTED",
      "Geometry": {
        "BoundingBox": {
          "Width": 0.01764344610273838,
          "Height": 0.017268359661102295,
          "Left": 0.7336578369140625,
          "Top": 0.3505179286003113
        },
        "Polygon": [
          {
            "X": 0.7336578369140625,
            "Y": 0.3505179286003113
          },
          {
            "X": 0.751167893409729,
            "Y": 0.35052475333213806
          },
          {
            "X": 0.7513012886047363,
            "Y": 0.3677862882614136
          },
          {
            "X": 0.7337907552719116,
            "Y": 0.36777880787849426
          }
        ]
      },
      "Id": "e685c472-402b-44e0-8c88-39f940cc92c8",
      "Page": 1
    },
    {
      "BlockType": "WORD",
      "Confidence": 98.15773010253906,
      "Text": "DGEBA_PXDED",
      "TextType": "PRINTED",
      "Geometry": {
        "BoundingBox": {
          "Width": 0.09608544409275055,
          "Height": 0.019199008122086525,
          "Left": 0.2505776286125183,
          "Top": 0.39063870906829834
        },
        "Polygon": [
          {
            "X": 0.2505776286125183,
            "Y": 0.39063870906829834
          },
          {
            "X": 0.34652605652809143,
            "Y": 0.3906842768192291
          },
          {
            "X": 0.34666308760643005,
            "Y": 0.4098377227783203
          },
          {
            "X": 0.2507120370864868,
            "Y": 0.4097883105278015
          }
        ]
      },
      "Id": "a8ea0a33-c8d3-4612-b499-8ba1a62d0270",
      "Page": 1
    },
    {
      "BlockType": "WORD",
      "Confidence": 98.7021484375,
      "Text": "0",
      "TextType": "PRINTED",
      "Geometry": {
        "BoundingBox": {
          "Width": 0.008915871381759644,
          "Height": 0.017966775223612785,
          "Left": 0.5082665681838989,
          "Top": 0.39024171233177185
        },
        "Polygon": [
          {
            "X": 0.5082665681838989,
            "Y": 0.39024171233177185
          },
          {
            "X": 0.5170496106147766,
            "Y": 0.39024588465690613
          },
          {
            "X": 0.5171824097633362,
            "Y": 0.4082084894180298
          },
          {
            "X": 0.5083991289138794,
            "Y": 0.40820398926734924
          }
        ]
      },
      "Id": "0632778e-d278-450a-9c7a-36ace8c09ce6",
      "Page": 1
    },
    {
      "BlockType": "WORD",
      "Confidence": 99.35420227050781,
      "Text": "119.9",
      "TextType": "PRINTED",
      "Geometry": {
        "BoundingBox": {
          "Width": 0.035420965403318405,
          "Height": 0.017952878028154373,
          "Left": 0.6665037274360657,
          "Top": 0.39032307267189026
        },
        "Polygon": [
          {
            "X": 0.6665037274360657,
            "Y": 0.39032307267189026
          },
          {
            "X": 0.7017873525619507,
            "Y": 0.39033976197242737
          },
          {
            "X": 0.7019246816635132,
            "Y": 0.40827593207359314
          },
          {
            "X": 0.6666401624679565,
            "Y": 0.4082579016685486
          }
        ]
      },
      "Id": "bbcff1f0-e0f4-4a78-8c13-b509f7e49f37",
      "Page": 1
    },
    {
      "BlockType": "WORD",
      "Confidence": 90.12474060058594,
      "Text": "DGEBA_MWCNT_PXDED",
      "TextType": "PRINTED",
      "Geometry": {
        "BoundingBox": {
          "Width": 0.16657273471355438,
          "Height": 0.020889636129140854,
          "Left": 0.2511315941810608,
          "Top": 0.41785505414009094
        },
        "Polygon": [
          {
            "X": 0.2511315941810608,
            "Y": 0.41785505414009094
          },
          {
            "X": 0.4175534248352051,
            "Y": 0.4179435670375824
          },
          {
            "X": 0.417704313993454,
            "Y": 0.4387446939945221
          },
          {
            "X": 0.25127753615379333,
            "Y": 0.43864887952804565
          }
        ]
      },
      "Id": "e3e7fca7-1d66-4d32-ae88-56a3009c4476",
      "Page": 1
    },
    {
      "BlockType": "WORD",
      "Confidence": 99.93431854248047,
      "Text": "1",
      "TextType": "PRINTED",
      "Geometry": {
        "BoundingBox": {
          "Width": 0.0058975531719625,
          "Height": 0.0175468772649765,
          "Left": 0.5094707012176514,
          "Top": 0.4179595112800598
        },
        "Polygon": [
          {
            "X": 0.5094707012176514,
            "Y": 0.4179595112800598
          },
          {
            "X": 0.5152385830879211,
            "Y": 0.41796258091926575
          },
          {
            "X": 0.5153682827949524,
            "Y": 0.4355064034461975
          },
          {
            "X": 0.5096002221107483,
            "Y": 0.43550312519073486
          }
        ]
      },
      "Id": "e350ce05-2edd-49f7-8874-b20dfba7759d",
      "Page": 1
    },
    {
      "BlockType": "WORD",
      "Confidence": 99.35717010498047,
      "Text": "119.2",
      "TextType": "PRINTED",
      "Geometry": {
        "BoundingBox": {
          "Width": 0.03502829745411873,
          "Height": 0.0176201444119215,
          "Left": 0.6666725873947144,
          "Top": 0.4181228578090668
        },
        "Polygon": [
          {
            "X": 0.6666725873947144,
            "Y": 0.4181228578090668
          },
          {
            "X": 0.7015661597251892,
            "Y": 0.4181414246559143
          },
          {
            "X": 0.7017009258270264,
            "Y": 0.4357430040836334
          },
          {
            "X": 0.6668064594268799,
            "Y": 0.4357231557369232
          }
        ]
      },
      "Id": "960babc9-a74e-4bd7-821b-d0e1a2ebbc1a",
      "Page": 1
    },
    {
      "BlockType": "WORD",
      "Confidence": 94.27812194824219,
      "Text": "DGEBA_MWCNT-SP135_PXDED",
      "TextType": "PRINTED",
      "Geometry": {
        "BoundingBox": {
          "Width": 0.2019040882587433,
          "Height": 0.020298920571804047,
          "Left": 0.25194552540779114,
          "Top": 0.4455384612083435
        },
        "Polygon": [
          {
            "X": 0.25194552540779114,
            "Y": 0.4455384612083435
          },
          {
            "X": 0.4537021815776825,
            "Y": 0.44565755128860474
          },
          {
            "X": 0.4538496136665344,
            "Y": 0.46583738923072815
          },
          {
            "X": 0.2520871162414551,
            "Y": 0.46570974588394165
          }
        ]
      },
      "Id": "9a0949ee-96d7-4e9b-95a9-b0434a68b2d2",
      "Page": 1
    },
    {
      "BlockType": "WORD",
      "Confidence": 99.89244842529297,
      "Text": "1",
      "TextType": "PRINTED",
      "Geometry": {
        "BoundingBox": {
          "Width": 0.005732397548854351,
          "Height": 0.01712878607213497,
          "Left": 0.5096181631088257,
          "Top": 0.4457959830760956
        },
        "Polygon": [
          {
            "X": 0.5096181631088257,
            "Y": 0.4457959830760956
          },
          {
            "X": 0.5152239799499512,
            "Y": 0.4457992911338806
          },
          {
            "X": 0.5153505802154541,
            "Y": 0.4629247784614563
          },
          {
            "X": 0.5097446441650391,
            "Y": 0.46292126178741455
          }
        ]
      },
      "Id": "dfa8a06f-f547-4639-8446-2e7dc892d7ab",
      "Page": 1
    },
    {
      "BlockType": "WORD",
      "Confidence": 99.31511688232422,
      "Text": "121.5",
      "TextType": "PRINTED",
      "Geometry": {
        "BoundingBox": {
          "Width": 0.03479313477873802,
          "Height": 0.01751396805047989,
          "Left": 0.6667977571487427,
          "Top": 0.4455963969230652
        },
        "Polygon": [
          {
            "X": 0.6667977571487427,
            "Y": 0.4455963969230652
          },
          {
            "X": 0.7014570236206055,
            "Y": 0.44561684131622314
          },
          {
            "X": 0.701590895652771,
            "Y": 0.46311038732528687
          },
          {
            "X": 0.6669307947158813,
            "Y": 0.46308866143226624
          }
        ]
      },
      "Id": "ed2189e8-db0c-46b2-84c0-0b8380525846",
      "Page": 1
    },
    {
      "BlockType": "WORD",
      "Confidence": 69.87899780273438,
      "Text": "OGEBA_MWCNT-X100_PXDED",
      "TextType": "PRINTED",
      "Geometry": {
        "BoundingBox": {
          "Width": 0.19364356994628906,
          "Height": 0.020936310291290283,
          "Left": 0.25515642762184143,
          "Top": 0.47274842858314514
        },
        "Polygon": [
          {
            "X": 0.25515642762184143,
            "Y": 0.47274842858314514
          },
          {
            "X": 0.4486481547355652,
            "Y": 0.472873717546463
          },
          {
            "X": 0.4488000273704529,
            "Y": 0.4936847388744354
          },
          {
            "X": 0.2553025484085083,
            "Y": 0.49355098605155945
          }
        ]
      },
      "Id": "22eeac65-56dc-480b-a4f8-d8297dfa8c5f",
      "Page": 1
    },
    {
      "BlockType": "WORD",
      "Confidence": 99.81861114501953,
      "Text": "1",
      "TextType": "PRINTED",
      "Geometry": {
        "BoundingBox": {
          "Width": 0.006044056266546249,
          "Height": 0.017377326264977455,
          "Left": 0.509351372718811,
          "Top": 0.47320935130119324
        },
        "Polygon": [
          {
            "X": 0.509351372718811,
            "Y": 0.47320935130119324
          },
          {
            "X": 0.515267014503479,
            "Y": 0.47321316599845886
          },
          {
            "X": 0.5153954029083252,
            "Y": 0.49058666825294495
          },
          {
            "X": 0.5094796419143677,
            "Y": 0.4905826151371002
          }
        ]
      },
      "Id": "3840a889-5f2a-411f-be7b-53ae8073ad1f",
      "Page": 1
    },
    {
      "BlockType": "WORD",
      "Confidence": 99.76155853271484,
      "Text": "119.9",
      "TextType": "PRINTED",
      "Geometry": {
        "BoundingBox": {
          "Width": 0.035163260996341705,
          "Height": 0.017548639327287674,
          "Left": 0.6668012142181396,
          "Top": 0.47314319014549255
        },
        "Polygon": [
          {
            "X": 0.6668012142181396,
            "Y": 0.47314319014549255
          },
          {
            "X": 0.7018303275108337,
            "Y": 0.473165899515152
          },
          {
            "X": 0.7019644379615784,
            "Y": 0.4906918406486511
          },
          {
            "X": 0.6669344902038574,
            "Y": 0.49066784977912903
          }
        ]
      },
      "Id": "0b48a1e6-46c0-4a26-a11a-6656552a76ee",
      "Page": 1
    },
    {
      "BlockType": "WORD",
      "Confidence": 92.68682098388672,
      "Text": "DGEBA_MWCNT-NP9_PXDED",
      "TextType": "PRINTED",
      "Geometry": {
        "BoundingBox": {
          "Width": 0.1889905333518982,
          "Height": 0.020901929587125778,
          "Left": 0.25230756402015686,
          "Top": 0.5003863573074341
        },
        "Polygon": [
          {
            "X": 0.25230756402015686,
            "Y": 0.5003863573074341
          },
          {
            "X": 0.44114676117897034,
            "Y": 0.5005196332931519
          },
          {
            "X": 0.44129809737205505,
            "Y": 0.5212883353233337
          },
          {
            "X": 0.2524532973766327,
            "Y": 0.521146833896637
          }
        ]
      },
      "Id": "e8e1df78-81f6-4afa-a55e-2ceb1850acc6",
      "Page": 1
    },
    {
      "BlockType": "WORD",
      "Confidence": 99.77162170410156,
      "Text": "1",
      "TextType": "PRINTED",
      "Geometry": {
        "BoundingBox": {
          "Width": 0.006594551261514425,
          "Height": 0.017376448959112167,
          "Left": 0.5091127157211304,
          "Top": 0.5009162425994873
        },
        "Polygon": [
          {
            "X": 0.5091127157211304,
            "Y": 0.5009162425994873
          },
          {
            "X": 0.5155788660049438,
            "Y": 0.5009207725524902
          },
          {
            "X": 0.51570725440979,
            "Y": 0.5182926654815674
          },
          {
            "X": 0.5092409253120422,
            "Y": 0.5182878971099854
          }
        ]
      },
      "Id": "21ed878f-cd9d-4c5a-8246-651606d7ca66",
      "Page": 1
    },
    {
      "BlockType": "WORD",
      "Confidence": 96.29562377929688,
      "Text": "123.4",
      "TextType": "PRINTED",
      "Geometry": {
        "BoundingBox": {
          "Width": 0.03548690304160118,
          "Height": 0.017519859597086906,
          "Left": 0.6667194962501526,
          "Top": 0.500620424747467
        },
        "Polygon": [
          {
            "X": 0.6667194962501526,
            "Y": 0.500620424747467
          },
          {
            "X": 0.7020724415779114,
            "Y": 0.5006453990936279
          },
          {
            "X": 0.7022063732147217,
            "Y": 0.5181403160095215
          },
          {
            "X": 0.6668525338172913,
            "Y": 0.5181140303611755
          }
        ]
      },
      "Id": "10f5f776-a363-424a-b122-b8a37d54b8c7",
      "Page": 1
    },
    {
      "BlockType": "WORD",
      "Confidence": 78.10542297363281,
      "Text": "DGEBA_MWCNT-COOH_PXDED",
      "TextType": "PRINTED",
      "Geometry": {
        "BoundingBox": {
          "Width": 0.20029400289058685,
          "Height": 0.02057151310145855,
          "Left": 0.2535339295864105,
          "Top": 0.5394302010536194
        },
        "Polygon": [
          {
            "X": 0.2535339295864105,
            "Y": 0.5394302010536194
          },
          {
            "X": 0.45367884635925293,
            "Y": 0.5395878553390503
          },
          {
            "X": 0.4538279175758362,
            "Y": 0.5600017309188843
          },
          {
            "X": 0.2536771893501282,
            "Y": 0.5598354935646057
          }
        ]
      },
      "Id": "0b2cff22-7a4e-4b1e-bde8-91d7b039f817",
      "Page": 1
    },
    {
      "BlockType": "WORD",
      "Confidence": 99.87279510498047,
      "Text": "1",
      "TextType": "PRINTED",
      "Geometry": {
        "BoundingBox": {
          "Width": 0.006287317257374525,
          "Height": 0.017339354380965233,
          "Left": 0.5091668963432312,
          "Top": 0.5397722125053406
        },
        "Polygon": [
          {
            "X": 0.5091668963432312,
            "Y": 0.5397722125053406
          },
          {
            "X": 0.5153261423110962,
            "Y": 0.5397770404815674
          },
          {
            "X": 0.5154542326927185,
            "Y": 0.5571115612983704
          },
          {
            "X": 0.509294867515564,
            "Y": 0.5571064949035645
          }
        ]
      },
      "Id": "e81cc524-82db-4dd2-846a-cba29d4d16b1",
      "Page": 1
    },
    {
      "BlockType": "WORD",
      "Confidence": 99.88158416748047,
      "Text": "127.8",
      "TextType": "PRINTED",
      "Geometry": {
        "BoundingBox": {
          "Width": 0.03498981520533562,
          "Height": 0.01743166521191597,
          "Left": 0.6668183207511902,
          "Top": 0.5397750735282898
        },
        "Polygon": [
          {
            "X": 0.6668183207511902,
            "Y": 0.5397750735282898
          },
          {
            "X": 0.7016749382019043,
            "Y": 0.5398024916648865
          },
          {
            "X": 0.7018081545829773,
            "Y": 0.5572066903114319
          },
          {
            "X": 0.6669507026672363,
            "Y": 0.5571779608726501
          }
        ]
      },
      "Id": "baba3d0b-5adb-4a3f-ade8-9935c08dc351",
      "Page": 1
    },
    {
      "BlockType": "WORD",
      "Confidence": 53.57304763793945,
      "Text": "DGEBA_MWCNT-COO-SP135_PXDED",
      "TextType": "PRINTED",
      "Geometry": {
        "BoundingBox": {
          "Width": 0.2383871227502823,
          "Height": 0.020685933530330658,
          "Left": 0.2512661814689636,
          "Top": 0.5671480298042297
        },
        "Polygon": [
          {
            "X": 0.2512661814689636,
            "Y": 0.5671480298042297
          },
          {
            "X": 0.4895026683807373,
            "Y": 0.5673496127128601
          },
          {
            "X": 0.4896533191204071,
            "Y": 0.5878340005874634
          },
          {
            "X": 0.2514098584651947,
            "Y": 0.5876221656799316
          }
        ]
      },
      "Id": "a4d67ea3-60b2-4057-8bc3-bce730e3dc0f",
      "Page": 1
    },
    {
      "BlockType": "WORD",
      "Confidence": 99.84516143798828,
      "Text": "1",
      "TextType": "PRINTED",
      "Geometry": {
        "BoundingBox": {
          "Width": 0.00598470913246274,
          "Height": 0.017278533428907394,
          "Left": 0.5093244314193726,
          "Top": 0.567374587059021
        },
        "Polygon": [
          {
            "X": 0.5093244314193726,
            "Y": 0.567374587059021
          },
          {
            "X": 0.5151814818382263,
            "Y": 0.5673795342445374
          },
          {
            "X": 0.5153091549873352,
            "Y": 0.5846531391143799
          },
          {
            "X": 0.5094519257545471,
            "Y": 0.5846479535102844
          }
        ]
      },
      "Id": "b7e6dd4a-770d-4361-88ab-6ed8a3fe3d3a",
      "Page": 1
    },
    {
      "BlockType": "WORD",
      "Confidence": 99.42060089111328,
      "Text": "122.6",
      "TextType": "PRINTED",
      "Geometry": {
        "BoundingBox": {
          "Width": 0.035485442727804184,
          "Height": 0.017644960433244705,
          "Left": 0.6666956543922424,
          "Top": 0.567217230796814
        },
        "Polygon": [
          {
            "X": 0.6666956543922424,
            "Y": 0.567217230796814
          },
          {
            "X": 0.702046275138855,
            "Y": 0.5672470927238464
          },
          {
            "X": 0.7021811008453369,
            "Y": 0.5848621726036072
          },
          {
            "X": 0.6668295860290527,
            "Y": 0.5848309993743896
          }
        ]
      },
      "Id": "0c69b301-c6b2-4e43-ad84-5b43a91e1d28",
      "Page": 1
    },
    {
      "BlockType": "WORD",
      "Confidence": 59.73711013793945,
      "Text": "DGEBA_MWCNT-C0O-X100_PXDED",
      "TextType": "PRINTED",
      "Geometry": {
        "BoundingBox": {
          "Width": 0.2333187460899353,
          "Height": 0.020210769027471542,
          "Left": 0.25117337703704834,
          "Top": 0.5936163663864136
        },
        "Polygon": [
          {
            "X": 0.25117337703704834,
            "Y": 0.5936163663864136
          },
          {
            "X": 0.4843451976776123,
            "Y": 0.5938266515731812
          },
          {
            "X": 0.48449212312698364,
            "Y": 0.6138271689414978
          },
          {
            "X": 0.2513136565685272,
            "Y": 0.6136070489883423
          }
        ]
      },
      "Id": "6750acbe-6162-4fc5-8dad-b92cb2b7fcfd",
      "Page": 1
    },
    {
      "BlockType": "WORD",
      "Confidence": 99.87631225585938,
      "Text": "1",
      "TextType": "PRINTED",
      "Geometry": {
        "BoundingBox": {
          "Width": 0.006090099923312664,
          "Height": 0.0171145498752594,
          "Left": 0.5094176530838013,
          "Top": 0.5939944386482239
        },
        "Polygon": [
          {
            "X": 0.5094176530838013,
            "Y": 0.5939944386482239
          },
          {
            "X": 0.5153813362121582,
            "Y": 0.5939998030662537
          },
          {
            "X": 0.5155077576637268,
            "Y": 0.6111090183258057
          },
          {
            "X": 0.5095439553260803,
            "Y": 0.6111034154891968
          }
        ]
      },
      "Id": "4621f559-a0e7-4ab5-a444-b5453d324d7c",
      "Page": 1
    },
    {
      "BlockType": "WORD",
      "Confidence": 99.67515563964844,
      "Text": "119.3",
      "TextType": "PRINTED",
      "Geometry": {
        "BoundingBox": {
          "Width": 0.03474844992160797,
          "Height": 0.01730060763657093,
          "Left": 0.6667209267616272,
          "Top": 0.5939385294914246
        },
        "Polygon": [
          {
            "X": 0.6667209267616272,
            "Y": 0.5939385294914246
          },
          {
            "X": 0.7013371586799622,
            "Y": 0.5939697623252869
          },
          {
            "X": 0.701469361782074,
            "Y": 0.6112391948699951
          },
          {
            "X": 0.6668522357940674,
            "Y": 0.6112067103385925
          }
        ]
      },
      "Id": "754b35ed-68ae-4aef-ba30-e5448d03946d",
      "Page": 1
    },
    {
      "BlockType": "WORD",
      "Confidence": 61.99419403076172,
      "Text": "DGEBA_MWCNT-COO-NP9_PXDED",
      "TextType": "PRINTED",
      "Geometry": {
        "BoundingBox": {
          "Width": 0.22260311245918274,
          "Height": 0.020948201417922974,
          "Left": 0.2509616017341614,
          "Top": 0.6209542751312256
        },
        "Polygon": [
          {
            "X": 0.2509616017341614,
            "Y": 0.6209542751312256
          },
          {
            "X": 0.4734126925468445,
            "Y": 0.6211676597595215
          },
          {
            "X": 0.4735647141933441,
            "Y": 0.6419024467468262
          },
          {
            "X": 0.25110700726509094,
            "Y": 0.6416793465614319
          }
        ]
      },
      "Id": "2de7918c-e855-4a73-8fad-4e0d2affb72e",
      "Page": 1
    },
    {
      "BlockType": "WORD",
      "Confidence": 99.91503143310547,
      "Text": "1",
      "TextType": "PRINTED",
      "Geometry": {
        "BoundingBox": {
          "Width": 0.006271716207265854,
          "Height": 0.01723037287592888,
          "Left": 0.5093516707420349,
          "Top": 0.621338963508606
        },
        "Polygon": [
          {
            "X": 0.5093516707420349,
            "Y": 0.621338963508606
          },
          {
            "X": 0.5154960751533508,
            "Y": 0.621344804763794
          },
          {
            "X": 0.5156233906745911,
            "Y": 0.6385692954063416
          },
          {
            "X": 0.5094788074493408,
            "Y": 0.6385632157325745
          }
        ]
      },
      "Id": "8ab0071c-461a-46e8-b00c-95e11f50b96d",
      "Page": 1
    },
    {
      "BlockType": "WORD",
      "Confidence": 99.47797393798828,
      "Text": "123.6",
      "TextType": "PRINTED",
      "Geometry": {
        "BoundingBox": {
          "Width": 0.03545268997550011,
          "Height": 0.017748555168509483,
          "Left": 0.6667171716690063,
          "Top": 0.6211347579956055
        },
        "Polygon": [
          {
            "X": 0.6667171716690063,
            "Y": 0.6211347579956055
          },
          {
            "X": 0.7020342350006104,
            "Y": 0.6211686134338379
          },
          {
            "X": 0.7021698355674744,
            "Y": 0.6388832926750183
          },
          {
            "X": 0.666851818561554,
            "Y": 0.6388481259346008
          }
        ]
      },
      "Id": "b5219f07-eaa9-452f-bbfa-f7daf5263382",
      "Page": 1
    },
    {
      "BlockType": "TABLE",
      "Confidence": 99.462890625,
      "Geometry": {
        "BoundingBox": {
          "Width": 0.5368368029594421,
          "Height": 0.3106341063976288,
          "Left": 0.23176071047782898,
          "Top": 0.34195783734321594
        },
        "Polygon": [
          {
            "X": 0.23176071047782898,
            "Y": 0.34195783734321594
          },
          {
            "X": 0.7661924362182617,
            "Y": 0.3421567678451538
          },
          {
            "X": 0.7685974836349487,
            "Y": 0.6525919437408447
          },
          {
            "X": 0.2339288294315338,
            "Y": 0.6520440578460693
          }
        ]
      },
      "Id": "15e77345-10b6-4652-8017-7c9e5f94ae27",
      "Relationships": [
        {
          "Type": "CHILD",
          "Ids": [
            "9f503fe1-f9a8-4e46-9993-7e18ce91cd5e",
            "7bdd5d64-cb2d-49f8-84a2-52edb740f015",
            "3c113f98-6cf7-44e8-9a84-c95d75556ec7",
            "706f0d6d-cf77-483a-b91d-1f091594f297",
            "2d203672-e813-4547-b5c7-dbaa0cafabec",
            "797ae739-b970-4853-b071-2bce9b3c4bc6",
            "8c6fd3d9-4772-4724-bf73-344350617baa",
            "9fa32e32-e3e7-4202-8471-ad576cb77180",
            "fcea7a25-dd9b-4402-84a6-da76a8355f5e",
            "59f92274-a14d-4310-93a1-015853059683",
            "3b89ec17-2bb9-4737-a0ed-6009fb234d74",
            "1d53caa2-6d05-4e9e-9999-20eb65e765ec",
            "6287bbc3-92ea-45c7-bcd1-6377ad79caa2",
            "a8c97360-a2ba-459c-918e-bee2454ac330",
            "732b57c0-25a1-47a3-ab77-cd75ff56340e",
            "8d05e303-05d0-43de-ae86-f11363cdfe61",
            "1402f64f-c161-4c90-aa00-c1a35e3dd461",
            "a895f80a-08e3-4673-a147-5b61101e6bef",
            "1f4cfe2e-9423-4fe7-8fc2-14c97ce6769d",
            "536f7f15-9362-4235-b5c3-82efb2a16015",
            "917ba34c-d97c-4371-8ca2-80731a349ce5",
            "40c5e5da-70bc-4204-8517-f4d6155e8c0d",
            "1985c906-a7d1-4c3f-a2bb-7835fcc2b2ed",
            "807a0404-5085-4b2a-9e9e-87f5fbc6ea81",
            "61673025-fa43-48ab-88ee-05450c4a0664",
            "a7420607-08ca-4c2a-a4d1-cf31fed8be99",
            "5ab9aceb-e8aa-4fdf-94da-88a246c898c7",
            "1aa03356-f13f-4a64-b9c0-e486de607d3e",
            "30bd4b41-5f29-4586-b41a-d2adee43b82c",
            "1cc9488b-a0f0-4c59-a605-3aa1a66fade0"
          ]
        }
      ],
      "EntityTypes": [
        "STRUCTURED_TABLE"
      ],
      "Page": 1
    },
    {
      "BlockType": "CELL",
      "Confidence": 94.873046875,
      "RowIndex": 1,
      "ColumnIndex": 1,
      "RowSpan": 1,
      "ColumnSpan": 1,
      "Geometry": {
        "BoundingBox": {
          "Width": 0.2663310468196869,
          "Height": 0.03693906217813492,
          "Left": 0.23176071047782898,
          "Top": 0.34195783734321594
        },
        "Polygon": [
          {
            "X": 0.23176071047782898,
            "Y": 0.34195783734321594
          },
          {
            "X": 0.49782031774520874,
            "Y": 0.34205687046051025
          },
          {
            "X": 0.49809175729751587,
            "Y": 0.37889689207077026
          },
          {
            "X": 0.2320181429386139,
            "Y": 0.37877723574638367
          }
        ]
      },
      "Id": "9f503fe1-f9a8-4e46-9993-7e18ce91cd5e",
      "Relationships": [
        {
          "Type": "CHILD",
          "Ids": [
            "d845e931-e00e-4f8b-9863-88f1a08459c5",
            "050f933c-a664-427d-a14b-ed6186a67762"
          ]
        }
      ],
      "EntityTypes": [
        "COLUMN_HEADER"
      ],
      "Page": 1
    },
    {
      "BlockType": "CELL",
      "Confidence": 92.822265625,
      "RowIndex": 1,
      "ColumnIndex": 2,
      "RowSpan": 1,
      "ColumnSpan": 1,
      "Geometry": {
        "BoundingBox": {
          "Width": 0.15910716354846954,
          "Height": 0.03691145032644272,
          "Left": 0.49782031774520874,
          "Top": 0.34205687046051025
        },
        "Polygon": [
          {
            "X": 0.49782031774520874,
            "Y": 0.34205687046051025
          },
          {
            "X": 0.6566476821899414,
            "Y": 0.34211599826812744
          },
          {
            "X": 0.6569274663925171,
            "Y": 0.37896832823753357
          },
          {
            "X": 0.49809175729751587,
            "Y": 0.37889689207077026
          }
        ]
      },
      "Id": "7bdd5d64-cb2d-49f8-84a2-52edb740f015",
      "Relationships": [
        {
          "Type": "CHILD",
          "Ids": [
            "36ccba5c-8b4c-466b-991f-f62fc8181e00",
            "fbfd8485-bb7d-48d9-8a9c-c9ea0cf023ca",
            "721d8981-8298-4d1e-8c38-0b6ab080a940"
          ]
        }
      ],
      "EntityTypes": [
        "COLUMN_HEADER"
      ],
      "Page": 1
    },
    {
      "BlockType": "CELL",
      "Confidence": 90.91796875,
      "RowIndex": 1,
      "ColumnIndex": 3,
      "RowSpan": 1,
      "ColumnSpan": 1,
      "Geometry": {
        "BoundingBox": {
          "Width": 0.10983030498027802,
          "Height": 0.03690159320831299,
          "Left": 0.6566476821899414,
          "Top": 0.34211599826812744
        },
        "Polygon": [
          {
            "X": 0.6566476821899414,
            "Y": 0.34211599826812744
          },
          {
            "X": 0.7661924362182617,
            "Y": 0.3421567678451538
          },
          {
            "X": 0.7664780020713806,
            "Y": 0.37901759147644043
          },
          {
            "X": 0.6569274663925171,
            "Y": 0.37896832823753357
          }
        ]
      },
      "Id": "3c113f98-6cf7-44e8-9a84-c95d75556ec7",
      "Relationships": [
        {
          "Type": "CHILD",
          "Ids": [
            "c46c611b-d873-42ca-a1cf-b2a917bcc178",
            "32ed97a6-f169-4596-83c2-a06d2171c661",
            "e685c472-402b-44e0-8c88-39f940cc92c8"
          ]
        }
      ],
      "EntityTypes": [
        "COLUMN_HEADER"
      ],
      "Page": 1
    },
    {
      "BlockType": "CELL",
      "Confidence": 93.06640625,
      "RowIndex": 2,
      "ColumnIndex": 1,
      "RowSpan": 1,
      "ColumnSpan": 1,
      "Geometry": {
        "BoundingBox": {
          "Width": 0.2663194239139557,
          "Height": 0.033481065183877945,
          "Left": 0.2320181429386139,
          "Top": 0.37877723574638367
        },
        "Polygon": [
          {
            "X": 0.2320181429386139,
            "Y": 0.37877723574638367
          },
          {
            "X": 0.49809175729751587,
            "Y": 0.37889689207077026
          },
          {
            "X": 0.4983375668525696,
            "Y": 0.4122582972049713
          },
          {
            "X": 0.23225128650665283,
            "Y": 0.41211995482444763
          }
        ]
      },
      "Id": "706f0d6d-cf77-483a-b91d-1f091594f297",
      "Relationships": [
        {
          "Type": "CHILD",
          "Ids": [
            "a8ea0a33-c8d3-4612-b499-8ba1a62d0270"
          ]
        }
      ],
      "Page": 1
    },
    {
      "BlockType": "CELL",
      "Confidence": 91.015625,
      "RowIndex": 2,
      "ColumnIndex": 2,
      "RowSpan": 1,
      "ColumnSpan": 1,
      "Geometry": {
        "BoundingBox": {
          "Width": 0.1590891182422638,
          "Height": 0.033443983644247055,
          "Left": 0.49809175729751587,
          "Top": 0.37889689207077026
        },
        "Polygon": [
          {
            "X": 0.49809175729751587,
            "Y": 0.37889689207077026
          },
          {
            "X": 0.6569274663925171,
            "Y": 0.37896832823753357
          },
          {
            "X": 0.6571808457374573,
            "Y": 0.4123408794403076
          },
          {
            "X": 0.4983375668525696,
            "Y": 0.4122582972049713
          }
        ]
      },
      "Id": "2d203672-e813-4547-b5c7-dbaa0cafabec",
      "Relationships": [
        {
          "Type": "CHILD",
          "Ids": [
            "0632778e-d278-450a-9c7a-36ace8c09ce6"
          ]
        }
      ],
      "Page": 1
    },
    {
      "BlockType": "CELL",
      "Confidence": 89.16015625,
      "RowIndex": 2,
      "ColumnIndex": 3,
      "RowSpan": 1,
      "ColumnSpan": 1,
      "Geometry": {
        "BoundingBox": {
          "Width": 0.10980911552906036,
          "Height": 0.033429503440856934,
          "Left": 0.6569274663925171,
          "Top": 0.37896832823753357
        },
        "Polygon": [
          {
            "X": 0.6569274663925171,
            "Y": 0.37896832823753357
          },
          {
            "X": 0.7664780020713806,
            "Y": 0.37901759147644043
          },
          {
            "X": 0.766736626625061,
            "Y": 0.4123978316783905
          },
          {
            "X": 0.6571808457374573,
            "Y": 0.4123408794403076
          }
        ]
      },
      "Id": "797ae739-b970-4853-b071-2bce9b3c4bc6",
      "Relationships": [
        {
          "Type": "CHILD",
          "Ids": [
            "bbcff1f0-e0f4-4a78-8c13-b509f7e49f37"
          ]
        }
      ],
      "Page": 1
    },
    {
      "BlockType": "CELL",
      "Confidence": 89.84375,
      "RowIndex": 3,
      "ColumnIndex": 1,
      "RowSpan": 1,
      "ColumnSpan": 1,
      "Geometry": {
        "BoundingBox": {
          "Width": 0.26628974080085754,
          "Height": 0.027750151231884956,
          "Left": 0.23225128650665283,
          "Top": 0.41211995482444763
        },
        "Polygon": [
          {
            "X": 0.23225128650665283,
            "Y": 0.41211995482444763
          },
          {
            "X": 0.4983375668525696,
            "Y": 0.4122582972049713
          },
          {
            "X": 0.4985410273075104,
            "Y": 0.43987008929252625
          },
          {
            "X": 0.23244424164295197,
            "Y": 0.43971630930900574
          }
        ]
      },
      "Id": "8c6fd3d9-4772-4724-bf73-344350617baa",
      "Relationships": [
        {
          "Type": "CHILD",
          "Ids": [
            "e3e7fca7-1d66-4d32-ae88-56a3009c4476"
          ]
        }
      ],
      "Page": 1
    },
    {
      "BlockType": "CELL",
      "Confidence": 87.841796875,
      "RowIndex": 3,
      "ColumnIndex": 2,
      "RowSpan": 1,
      "ColumnSpan": 1,
      "Geometry": {
        "BoundingBox": {
          "Width": 0.1590530127286911,
          "Height": 0.027703622356057167,
          "Left": 0.4983375668525696,
          "Top": 0.4122582972049713
        },
        "Polygon": [
          {
            "X": 0.4983375668525696,
            "Y": 0.4122582972049713
          },
          {
            "X": 0.6571808457374573,
            "Y": 0.4123408794403076
          },
          {
            "X": 0.6573905944824219,
            "Y": 0.43996191024780273
          },
          {
            "X": 0.4985410273075104,
            "Y": 0.43987008929252625
          }
        ]
      },
      "Id": "9fa32e32-e3e7-4202-8471-ad576cb77180",
      "Relationships": [
        {
          "Type": "CHILD",
          "Ids": [
            "e350ce05-2edd-49f7-8874-b20dfba7759d"
          ]
        }
      ],
      "Page": 1
    },
    {
      "BlockType": "CELL",
      "Confidence": 86.083984375,
      "RowIndex": 3,
      "ColumnIndex": 3,
      "RowSpan": 1,
      "ColumnSpan": 1,
      "Geometry": {
        "BoundingBox": {
          "Width": 0.10976976901292801,
          "Height": 0.02768436260521412,
          "Left": 0.6571808457374573,
          "Top": 0.4123408794403076
        },
        "Polygon": [
          {
            "X": 0.6571808457374573,
            "Y": 0.4123408794403076
          },
          {
            "X": 0.766736626625061,
            "Y": 0.4123978316783905
          },
          {
            "X": 0.7669506669044495,
            "Y": 0.4400252401828766
          },
          {
            "X": 0.6573905944824219,
            "Y": 0.43996191024780273
          }
        ]
      },
      "Id": "fcea7a25-dd9b-4402-84a6-da76a8355f5e",
      "Relationships": [
        {
          "Type": "CHILD",
          "Ids": [
            "960babc9-a74e-4bd7-821b-d0e1a2ebbc1a"
          ]
        }
      ],
      "Page": 1
    },
    {
      "BlockType": "CELL",
      "Confidence": 88.76953125,
      "RowIndex": 4,
      "ColumnIndex": 1,
      "RowSpan": 1,
      "ColumnSpan": 1,
      "Geometry": {
        "BoundingBox": {
          "Width": 0.266300231218338,
          "Height": 0.027767764404416084,
          "Left": 0.23244424164295197,
          "Top": 0.43971630930900574
        },
        "Polygon": [
          {
            "X": 0.23244424164295197,
            "Y": 0.43971630930900574
          },
          {
            "X": 0.4985410273075104,
            "Y": 0.43987008929252625
          },
          {
            "X": 0.49874448776245117,
            "Y": 0.4674840569496155
          },
          {
            "X": 0.2326372116804123,
            "Y": 0.46731480956077576
          }
        ]
      },
      "Id": "59f92274-a14d-4310-93a1-015853059683",
      "Relationships": [
        {
          "Type": "CHILD",
          "Ids": [
            "9a0949ee-96d7-4e9b-95a9-b0434a68b2d2"
          ]
        }
      ],
      "Page": 1
    },
    {
      "BlockType": "CELL",
      "Confidence": 86.767578125,
      "RowIndex": 4,
      "ColumnIndex": 2,
      "RowSpan": 1,
      "ColumnSpan": 1,
      "Geometry": {
        "BoundingBox": {
          "Width": 0.1590593010187149,
          "Height": 0.027715006843209267,
          "Left": 0.4985410273075104,
          "Top": 0.43987008929252625
        },
        "Polygon": [
          {
            "X": 0.4985410273075104,
            "Y": 0.43987008929252625
          },
          {
            "X": 0.6573905944824219,
            "Y": 0.43996191024780273
          },
          {
            "X": 0.6576003432273865,
            "Y": 0.46758511662483215
          },
          {
            "X": 0.49874448776245117,
            "Y": 0.4674840569496155
          }
        ]
      },
      "Id": "3b89ec17-2bb9-4737-a0ed-6009fb234d74",
      "Relationships": [
        {
          "Type": "CHILD",
          "Ids": [
            "dfa8a06f-f547-4639-8446-2e7dc892d7ab"
          ]
        }
      ],
      "Page": 1
    },
    {
      "BlockType": "CELL",
      "Confidence": 85.009765625,
      "RowIndex": 4,
      "ColumnIndex": 3,
      "RowSpan": 1,
      "ColumnSpan": 1,
      "Geometry": {
        "BoundingBox": {
          "Width": 0.10977411270141602,
          "Height": 0.02769288420677185,
          "Left": 0.6573905944824219,
          "Top": 0.43996191024780273
        },
        "Polygon": [
          {
            "X": 0.6573905944824219,
            "Y": 0.43996191024780273
          },
          {
            "X": 0.7669506669044495,
            "Y": 0.4400252401828766
          },
          {
            "X": 0.7671647071838379,
            "Y": 0.4676547944545746
          },
          {
            "X": 0.6576003432273865,
            "Y": 0.46758511662483215
          }
        ]
      },
      "Id": "1d53caa2-6d05-4e9e-9999-20eb65e765ec",
      "Relationships": [
        {
          "Type": "CHILD",
          "Ids": [
            "ed2189e8-db0c-46b2-84c0-0b8380525846"
          ]
        }
      ],
      "Page": 1
    },
    {
      "BlockType": "CELL",
      "Confidence": 88.330078125,
      "RowIndex": 5,
      "ColumnIndex": 1,
      "RowSpan": 1,
      "ColumnSpan": 1,
      "Geometry": {
        "BoundingBox": {
          "Width": 0.26631075143814087,
          "Height": 0.02778537943959236,
          "Left": 0.2326372116804123,
          "Top": 0.46731480956077576
        },
        "Polygon": [
          {
            "X": 0.2326372116804123,
            "Y": 0.46731480956077576
          },
          {
            "X": 0.49874448776245117,
            "Y": 0.4674840569496155
          },
          {
            "X": 0.49894794821739197,
            "Y": 0.495100200176239
          },
          {
            "X": 0.23283018171787262,
            "Y": 0.4949154853820801
          }
        ]
      },
      "Id": "6287bbc3-92ea-45c7-bcd1-6377ad79caa2",
      "Relationships": [
        {
          "Type": "CHILD",
          "Ids": [
            "22eeac65-56dc-480b-a4f8-d8297dfa8c5f"
          ]
        }
      ],
      "Page": 1
    },
    {
      "BlockType": "CELL",
      "Confidence": 86.376953125,
      "RowIndex": 5,
      "ColumnIndex": 2,
      "RowSpan": 1,
      "ColumnSpan": 1,
      "Geometry": {
        "BoundingBox": {
          "Width": 0.1590655893087387,
          "Height": 0.027726393193006516,
          "Left": 0.49874448776245117,
          "Top": 0.4674840569496155
        },
        "Polygon": [
          {
            "X": 0.49874448776245117,
            "Y": 0.4674840569496155
          },
          {
            "X": 0.6576003432273865,
            "Y": 0.46758511662483215
          },
          {
            "X": 0.6578100919723511,
            "Y": 0.4952104687690735
          },
          {
            "X": 0.49894794821739197,
            "Y": 0.495100200176239
          }
        ]
      },
      "Id": "a8c97360-a2ba-459c-918e-bee2454ac330",
      "Relationships": [
        {
          "Type": "CHILD",
          "Ids": [
            "3840a889-5f2a-411f-be7b-53ae8073ad1f"
          ]
        }
      ],
      "Page": 1
    },
    {
      "BlockType": "CELL",
      "Confidence": 84.619140625,
      "RowIndex": 5,
      "ColumnIndex": 3,
      "RowSpan": 1,
      "ColumnSpan": 1,
      "Geometry": {
        "BoundingBox": {
          "Width": 0.10977845638990402,
          "Height": 0.02770140767097473,
          "Left": 0.6576003432273865,
          "Top": 0.46758511662483215
        },
        "Polygon": [
          {
            "X": 0.6576003432273865,
            "Y": 0.46758511662483215
          },
          {
            "X": 0.7671647071838379,
            "Y": 0.4676547944545746
          },
          {
            "X": 0.7673788070678711,
            "Y": 0.4952865242958069
          },
          {
            "X": 0.6578100919723511,
            "Y": 0.4952104687690735
          }
        ]
      },
      "Id": "732b57c0-25a1-47a3-ab77-cd75ff56340e",
      "Relationships": [
        {
          "Type": "CHILD",
          "Ids": [
            "0b48a1e6-46c0-4a26-a11a-6656552a76ee"
          ]
        }
      ],
      "Page": 1
    },
    {
      "BlockType": "CELL",
      "Confidence": 91.9921875,
      "RowIndex": 6,
      "ColumnIndex": 1,
      "RowSpan": 1,
      "ColumnSpan": 1,
      "Geometry": {
        "BoundingBox": {
          "Width": 0.26636365056037903,
          "Height": 0.03355707600712776,
          "Left": 0.23283018171787262,
          "Top": 0.4949154853820801
        },
        "Polygon": [
          {
            "X": 0.23283018171787262,
            "Y": 0.4949154853820801
          },
          {
            "X": 0.49894794821739197,
            "Y": 0.495100200176239
          },
          {
            "X": 0.49919384717941284,
            "Y": 0.5284725427627563
          },
          {
            "X": 0.23306339979171753,
            "Y": 0.5282691717147827
          }
        ]
      },
      "Id": "8d05e303-05d0-43de-ae86-f11363cdfe61",
      "Relationships": [
        {
          "Type": "CHILD",
          "Ids": [
            "e8e1df78-81f6-4afa-a55e-2ceb1850acc6"
          ]
        }
      ],
      "Page": 1
    },
    {
      "BlockType": "CELL",
      "Confidence": 89.94140625,
      "RowIndex": 6,
      "ColumnIndex": 2,
      "RowSpan": 1,
      "ColumnSpan": 1,
      "Geometry": {
        "BoundingBox": {
          "Width": 0.15911558270454407,
          "Height": 0.033493783324956894,
          "Left": 0.49894794821739197,
          "Top": 0.495100200176239
        },
        "Polygon": [
          {
            "X": 0.49894794821739197,
            "Y": 0.495100200176239
          },
          {
            "X": 0.6578100919723511,
            "Y": 0.4952104687690735
          },
          {
            "X": 0.658063530921936,
            "Y": 0.5285939574241638
          },
          {
            "X": 0.49919384717941284,
            "Y": 0.5284725427627563
          }
        ]
      },
      "Id": "1402f64f-c161-4c90-aa00-c1a35e3dd461",
      "Relationships": [
        {
          "Type": "CHILD",
          "Ids": [
            "21ed878f-cd9d-4c5a-8246-651606d7ca66"
          ]
        }
      ],
      "Page": 1
    },
    {
      "BlockType": "CELL",
      "Confidence": 88.134765625,
      "RowIndex": 6,
      "ColumnIndex": 3,
      "RowSpan": 1,
      "ColumnSpan": 1,
      "Geometry": {
        "BoundingBox": {
          "Width": 0.10982740670442581,
          "Height": 0.033467262983322144,
          "Left": 0.6578100919723511,
          "Top": 0.4952104687690735
        },
        "Polygon": [
          {
            "X": 0.6578100919723511,
            "Y": 0.4952104687690735
          },
          {
            "X": 0.7673788070678711,
            "Y": 0.4952865242958069
          },
          {
            "X": 0.7676374912261963,
            "Y": 0.5286777019500732
          },
          {
            "X": 0.658063530921936,
            "Y": 0.5285939574241638
          }
        ]
      },
      "Id": "a895f80a-08e3-4673-a147-5b61101e6bef",
      "Relationships": [
        {
          "Type": "CHILD",
          "Ids": [
            "10f5f776-a363-424a-b122-b8a37d54b8c7"
          ]
        }
      ],
      "Page": 1
    },
    {
      "BlockType": "CELL",
      "Confidence": 90.4296875,
      "RowIndex": 7,
      "ColumnIndex": 1,
      "RowSpan": 1,
      "ColumnSpan": 1,
      "Geometry": {
        "BoundingBox": {
          "Width": 0.2663763761520386,
          "Height": 0.03357890993356705,
          "Left": 0.23306339979171753,
          "Top": 0.5282691717147827
        },
        "Polygon": [
          {
            "X": 0.23306339979171753,
            "Y": 0.5282691717147827
          },
          {
            "X": 0.49919384717941284,
            "Y": 0.5284725427627563
          },
          {
            "X": 0.4994397759437561,
            "Y": 0.5618480443954468
          },
          {
            "X": 0.23329663276672363,
            "Y": 0.5616259574890137
          }
        ]
      },
      "Id": "1f4cfe2e-9423-4fe7-8fc2-14c97ce6769d",
      "Relationships": [
        {
          "Type": "CHILD",
          "Ids": [
            "0b2cff22-7a4e-4b1e-bde8-91d7b039f817"
          ]
        }
      ],
      "Page": 1
    },
    {
      "BlockType": "CELL",
      "Confidence": 88.427734375,
      "RowIndex": 7,
      "ColumnIndex": 2,
      "RowSpan": 1,
      "ColumnSpan": 1,
      "Geometry": {
        "BoundingBox": {
          "Width": 0.15912318229675293,
          "Height": 0.03350808843970299,
          "Left": 0.49919384717941284,
          "Top": 0.5284725427627563
        },
        "Polygon": [
          {
            "X": 0.49919384717941284,
            "Y": 0.5284725427627563
          },
          {
            "X": 0.658063530921936,
            "Y": 0.5285939574241638
          },
          {
            "X": 0.6583170294761658,
            "Y": 0.561980664730072
          },
          {
            "X": 0.4994397759437561,
            "Y": 0.5618480443954468
          }
        ]
      },
      "Id": "536f7f15-9362-4235-b5c3-82efb2a16015",
      "Relationships": [
        {
          "Type": "CHILD",
          "Ids": [
            "e81cc524-82db-4dd2-846a-cba29d4d16b1"
          ]
        }
      ],
      "Page": 1
    },
    {
      "BlockType": "CELL",
      "Confidence": 86.62109375,
      "RowIndex": 7,
      "ColumnIndex": 3,
      "RowSpan": 1,
      "ColumnSpan": 1,
      "Geometry": {
        "BoundingBox": {
          "Width": 0.10983265936374664,
          "Height": 0.033478107303380966,
          "Left": 0.658063530921936,
          "Top": 0.5285939574241638
        },
        "Polygon": [
          {
            "X": 0.658063530921936,
            "Y": 0.5285939574241638
          },
          {
            "X": 0.7676374912261963,
            "Y": 0.5286777019500732
          },
          {
            "X": 0.7678961753845215,
            "Y": 0.5620720982551575
          },
          {
            "X": 0.6583170294761658,
            "Y": 0.561980664730072
          }
        ]
      },
      "Id": "917ba34c-d97c-4371-8ca2-80731a349ce5",
      "Relationships": [
        {
          "Type": "CHILD",
          "Ids": [
            "baba3d0b-5adb-4a3f-ade8-9935c08dc351"
          ]
        }
      ],
      "Page": 1
    },
    {
      "BlockType": "CELL",
      "Confidence": 88.525390625,
      "RowIndex": 8,
      "ColumnIndex": 1,
      "RowSpan": 1,
      "ColumnSpan": 1,
      "Geometry": {
        "BoundingBox": {
          "Width": 0.26633819937705994,
          "Height": 0.026694560423493385,
          "Left": 0.23329663276672363,
          "Top": 0.5616259574890137
        },
        "Polygon": [
          {
            "X": 0.23329663276672363,
            "Y": 0.5616259574890137
          },
          {
            "X": 0.4994397759437561,
            "Y": 0.5618480443954468
          },
          {
            "X": 0.49963483214378357,
            "Y": 0.5883205533027649
          },
          {
            "X": 0.23348161578178406,
            "Y": 0.5880836248397827
          }
        ]
      },
      "Id": "40c5e5da-70bc-4204-8517-f4d6155e8c0d",
      "Relationships": [
        {
          "Type": "CHILD",
          "Ids": [
            "a4d67ea3-60b2-4057-8bc3-bce730e3dc0f"
          ]
        }
      ],
      "Page": 1
    },
    {
      "BlockType": "CELL",
      "Confidence": 86.572265625,
      "RowIndex": 8,
      "ColumnIndex": 2,
      "RowSpan": 1,
      "ColumnSpan": 1,
      "Geometry": {
        "BoundingBox": {
          "Width": 0.15907832980155945,
          "Height": 0.026613900437951088,
          "Left": 0.4994397759437561,
          "Top": 0.5618480443954468
        },
        "Polygon": [
          {
            "X": 0.4994397759437561,
            "Y": 0.5618480443954468
          },
          {
            "X": 0.6583170294761658,
            "Y": 0.561980664730072
          },
          {
            "X": 0.6585180759429932,
            "Y": 0.5884619951248169
          },
          {
            "X": 0.49963483214378357,
            "Y": 0.5883205533027649
          }
        ]
      },
      "Id": "1985c906-a7d1-4c3f-a2bb-7835fcc2b2ed",
      "Relationships": [
        {
          "Type": "CHILD",
          "Ids": [
            "b7e6dd4a-770d-4361-88ab-6ed8a3fe3d3a"
          ]
        }
      ],
      "Page": 1
    },
    {
      "BlockType": "CELL",
      "Confidence": 84.765625,
      "RowIndex": 8,
      "ColumnIndex": 3,
      "RowSpan": 1,
      "ColumnSpan": 1,
      "Geometry": {
        "BoundingBox": {
          "Width": 0.10978437960147858,
          "Height": 0.026578865945339203,
          "Left": 0.6583170294761658,
          "Top": 0.561980664730072
        },
        "Polygon": [
          {
            "X": 0.6583170294761658,
            "Y": 0.561980664730072
          },
          {
            "X": 0.7678961753845215,
            "Y": 0.5620720982551575
          },
          {
            "X": 0.7681013941764832,
            "Y": 0.5885595083236694
          },
          {
            "X": 0.6585180759429932,
            "Y": 0.5884619951248169
          }
        ]
      },
      "Id": "807a0404-5085-4b2a-9e9e-87f5fbc6ea81",
      "Relationships": [
        {
          "Type": "CHILD",
          "Ids": [
            "0c69b301-c6b2-4e43-ad84-5b43a91e1d28"
          ]
        }
      ],
      "Page": 1
    },
    {
      "BlockType": "CELL",
      "Confidence": 87.158203125,
      "RowIndex": 9,
      "ColumnIndex": 1,
      "RowSpan": 1,
      "ColumnSpan": 1,
      "Geometry": {
        "BoundingBox": {
          "Width": 0.266348272562027,
          "Height": 0.026711367070674896,
          "Left": 0.23348161578178406,
          "Top": 0.5880836248397827
        },
        "Polygon": [
          {
            "X": 0.23348161578178406,
            "Y": 0.5880836248397827
          },
          {
            "X": 0.49963483214378357,
            "Y": 0.5883205533027649
          },
          {
            "X": 0.49982988834381104,
            "Y": 0.6147949695587158
          },
          {
            "X": 0.23366662859916687,
            "Y": 0.6145432591438293
          }
        ]
      },
      "Id": "61673025-fa43-48ab-88ee-05450c4a0664",
      "Relationships": [
        {
          "Type": "CHILD",
          "Ids": [
            "6750acbe-6162-4fc5-8dad-b92cb2b7fcfd"
          ]
        }
      ],
      "Page": 1
    },
    {
      "BlockType": "CELL",
      "Confidence": 85.25390625,
      "RowIndex": 9,
      "ColumnIndex": 2,
      "RowSpan": 1,
      "ColumnSpan": 1,
      "Geometry": {
        "BoundingBox": {
          "Width": 0.15908436477184296,
          "Height": 0.026624731719493866,
          "Left": 0.49963483214378357,
          "Top": 0.5883205533027649
        },
        "Polygon": [
          {
            "X": 0.49963483214378357,
            "Y": 0.5883205533027649
          },
          {
            "X": 0.6585180759429932,
            "Y": 0.5884619951248169
          },
          {
            "X": 0.6587191820144653,
            "Y": 0.6149452924728394
          },
          {
            "X": 0.49982988834381104,
            "Y": 0.6147949695587158
          }
        ]
      },
      "Id": "a7420607-08ca-4c2a-a4d1-cf31fed8be99",
      "Relationships": [
        {
          "Type": "CHILD",
          "Ids": [
            "4621f559-a0e7-4ab5-a444-b5453d324d7c"
          ]
        }
      ],
      "Page": 1
    },
    {
      "BlockType": "CELL",
      "Confidence": 83.49609375,
      "RowIndex": 9,
      "ColumnIndex": 3,
      "RowSpan": 1,
      "ColumnSpan": 1,
      "Geometry": {
        "BoundingBox": {
          "Width": 0.10978854447603226,
          "Height": 0.026586951687932014,
          "Left": 0.6585180759429932,
          "Top": 0.5884619951248169
        },
        "Polygon": [
          {
            "X": 0.6585180759429932,
            "Y": 0.5884619951248169
          },
          {
            "X": 0.7681013941764832,
            "Y": 0.5885595083236694
          },
          {
            "X": 0.7683066725730896,
            "Y": 0.6150489449501038
          },
          {
            "X": 0.6587191820144653,
            "Y": 0.6149452924728394
          }
        ]
      },
      "Id": "5ab9aceb-e8aa-4fdf-94da-88a246c898c7",
      "Relationships": [
        {
          "Type": "CHILD",
          "Ids": [
            "754b35ed-68ae-4aef-ba30-e5448d03946d"
          ]
        }
      ],
      "Page": 1
    },
    {
      "BlockType": "CELL",
      "Confidence": 93.115234375,
      "RowIndex": 10,
      "ColumnIndex": 1,
      "RowSpan": 1,
      "ColumnSpan": 1,
      "Geometry": {
        "BoundingBox": {
          "Width": 0.2664397358894348,
          "Height": 0.03777354583144188,
          "Left": 0.23366662859916687,
          "Top": 0.6145432591438293
        },
        "Polygon": [
          {
            "X": 0.23366662859916687,
            "Y": 0.6145432591438293
          },
          {
            "X": 0.49982988834381104,
            "Y": 0.6147949695587158
          },
          {
            "X": 0.5001063346862793,
            "Y": 0.6523168087005615
          },
          {
            "X": 0.2339288294315338,
            "Y": 0.6520440578460693
          }
        ]
      },
      "Id": "1aa03356-f13f-4a64-b9c0-e486de607d3e",
      "Relationships": [
        {
          "Type": "CHILD",
          "Ids": [
            "2de7918c-e855-4a73-8fad-4e0d2affb72e"
          ]
        }
      ],
      "Page": 1
    },
    {
      "BlockType": "CELL",
      "Confidence": 91.064453125,
      "RowIndex": 10,
      "ColumnIndex": 2,
      "RowSpan": 1,
      "ColumnSpan": 1,
      "Geometry": {
        "BoundingBox": {
          "Width": 0.15917427837848663,
          "Height": 0.03768463060259819,
          "Left": 0.49982988834381104,
          "Top": 0.6147949695587158
        },
        "Polygon": [
          {
            "X": 0.49982988834381104,
            "Y": 0.6147949695587158
          },
          {
            "X": 0.6587191820144653,
            "Y": 0.6149452924728394
          },
          {
            "X": 0.6590041518211365,
            "Y": 0.6524796485900879
          },
          {
            "X": 0.5001063346862793,
            "Y": 0.6523168087005615
          }
        ]
      },
      "Id": "30bd4b41-5f29-4586-b41a-d2adee43b82c",
      "Relationships": [
        {
          "Type": "CHILD",
          "Ids": [
            "8ab0071c-461a-46e8-b00c-95e11f50b96d"
          ]
        }
      ],
      "Page": 1
    },
    {
      "BlockType": "CELL",
      "Confidence": 89.208984375,
      "RowIndex": 10,
      "ColumnIndex": 3,
      "RowSpan": 1,
      "ColumnSpan": 1,
      "Geometry": {
        "BoundingBox": {
          "Width": 0.10987833142280579,
          "Height": 0.03764665499329567,
          "Left": 0.6587191820144653,
          "Top": 0.6149452924728394
        },
        "Polygon": [
          {
            "X": 0.6587191820144653,
            "Y": 0.6149452924728394
          },
          {
            "X": 0.7683066725730896,
            "Y": 0.6150489449501038
          },
          {
            "X": 0.7685974836349487,
            "Y": 0.6525919437408447
          },
          {
            "X": 0.6590041518211365,
            "Y": 0.6524796485900879
          }
        ]
      },
      "Id": "1cc9488b-a0f0-4c59-a605-3aa1a66fade0",
      "Relationships": [
        {
          "Type": "CHILD",
          "Ids": [
            "b5219f07-eaa9-452f-bbfa-f7daf5263382"
          ]
        }
      ],
      "Page": 1
    }
  ],
  "AnalyzeDocumentModelVersion": "1.0"
}