{
  "DocumentMetadata": {
    "Pages": 1
  },
  "JobStatus": "SUCCEEDED",
  "Blocks": [
    {
      "BlockType": "PAGE",
      "Geometry": {
        "BoundingBox": {
          "Width": 1,
          "Height": 1,
          "Left": 0,
          "Top": 0
        },
        "Polygon": [
          {
            "X": 0,
            "Y": 0
          },
          {
            "X": 1,
            "Y": 3.8719994677194336e-7
          },
          {
            "X": 1,
            "Y": 1
          },
          {
            "X": 0.000015244772839650977,
            "Y": 1
          }
        ]
      },
      "Id": "6b9e81b0-1492-439c-bf2f-3d8805d8318b",
      "Relationships": [
        {
          "Type": "CHILD",
          "Ids": [
            "9e82b39e-e766-4ac1-ae9f-4d5a55161a7b",
            "20394d51-07ca-43b6-b581-14c5f0a60dfa",
            "f00de03c-28e7-480d-9d1a-030a1fcd8519",
            "686d754e-e258-4de5-ae7b-93886fca41fa",
            "e8abd236-2e9c-41e0-b2d6-e2360eabaeee",
            "a4980e2d-9ff5-4409-b602-faa8e8a6a950",
            "87e70a6d-d802-4172-9993-eb2df1eccb5f",
            "45e85f85-d3de-4c28-8209-c34b6e2d1dc9",
            "f680f4e6-9925-487f-8641-bfa40d9aba54",
            "6b01b04c-9ecc-49fb-ba7f-95dce6d4ebd3",
            "45e238b3-87ef-4d7a-99bb-3a1daf6626be",
            "6dc7a1ae-ba6e-40e7-a8a0-94fa54a8e765",
            "ef50e130-3ea8-44bf-b7b7-17c14e2a436a"
          ]
        }
      ],
      "Page": 1
    },
    {
      "BlockType": "LINE",
      "Confidence": 99.58747863769531,
      "Text": "Resin",
      "Geometry": {
        "BoundingBox": {
          "Width": 0.032674722373485565,
          "Height": 0.019281867891550064,
          "Left": 0.24806538224220276,
          "Top": 0.4432452619075775
        },
        "Polygon": [
          {
            "X": 0.24806538224220276,
            "Y": 0.4432452619075775
          },
          {
            "X": 0.2804686427116394,
            "Y": 0.44328629970550537
          },
          {
            "X": 0.2807401120662689,
            "Y": 0.4625271260738373
          },
          {
            "X": 0.24832986295223236,
            "Y": 0.4624849259853363
          }
        ]
      },
      "Id": "9e82b39e-e766-4ac1-ae9f-4d5a55161a7b",
      "Relationships": [
        {
          "Type": "CHILD",
          "Ids": [
            "cd54a678-23d1-4ca8-82ed-f337af0efeee"
          ]
        }
      ],
      "Page": 1
    },
    {
      "BlockType": "LINE",
      "Confidence": 84.18063354492188,
      "Text": "Ob (MPa)",
      "Geometry": {
        "BoundingBox": {
          "Width": 0.05334033444523811,
          "Height": 0.023644326254725456,
          "Left": 0.4024254083633423,
          "Top": 0.4430890381336212
        },
        "Polygon": [
          {
            "X": 0.4024254083633423,
            "Y": 0.4430890381336212
          },
          {
            "X": 0.4553871154785156,
            "Y": 0.44315609335899353
          },
          {
            "X": 0.4557657539844513,
            "Y": 0.4667333662509918
          },
          {
            "X": 0.4027900695800781,
            "Y": 0.46666401624679565
          }
        ]
      },
      "Id": "20394d51-07ca-43b6-b581-14c5f0a60dfa",
      "Relationships": [
        {
          "Type": "CHILD",
          "Ids": [
            "9648c2ac-312e-4880-b48f-04f0845eca5c",
            "66b7cb91-6747-4b88-beaa-8206be65fd8e"
          ]
        }
      ],
      "Page": 1
    },
    {
      "BlockType": "LINE",
      "Confidence": 70.03433990478516,
      "Text": "E (MPa)",
      "Geometry": {
        "BoundingBox": {
          "Width": 0.05301962420344353,
          "Height": 0.02331521175801754,
          "Left": 0.5418297052383423,
          "Top": 0.4431457817554474
        },
        "Polygon": [
          {
            "X": 0.5418297052383423,
            "Y": 0.4431457817554474
          },
          {
            "X": 0.5944398641586304,
            "Y": 0.4432124197483063
          },
          {
            "X": 0.5948492884635925,
            "Y": 0.4664610028266907
          },
          {
            "X": 0.5422254204750061,
            "Y": 0.4663921892642975
          }
        ]
      },
      "Id": "f00de03c-28e7-480d-9d1a-030a1fcd8519",
      "Relationships": [
        {
          "Type": "CHILD",
          "Ids": [
            "c753f9ca-ce01-49f6-8c38-6016cba095c5",
            "50e168cb-9feb-4ddb-9be6-6996a4d6bb0e"
          ]
        }
      ],
      "Page": 1
    },
    {
      "BlockType": "LINE",
      "Confidence": 94.77799987792969,
      "Text": "Eb (%)",
      "Geometry": {
        "BoundingBox": {
          "Width": 0.03753390535712242,
          "Height": 0.02360931783914566,
          "Left": 0.6902065873146057,
          "Top": 0.44304776191711426
        },
        "Polygon": [
          {
            "X": 0.6902065873146057,
            "Y": 0.44304776191711426
          },
          {
            "X": 0.7272906303405762,
            "Y": 0.4430947005748749
          },
          {
            "X": 0.727740466594696,
            "Y": 0.4666571021080017
          },
          {
            "X": 0.6906466484069824,
            "Y": 0.46660858392715454
          }
        ]
      },
      "Id": "686d754e-e258-4de5-ae7b-93886fca41fa",
      "Relationships": [
        {
          "Type": "CHILD",
          "Ids": [
            "16ff6075-252f-4fa3-86a9-9f21e81937da",
            "47ed66ac-279c-4a34-8a57-c84faec6ee9e"
          ]
        }
      ],
      "Page": 1
    },
    {
      "BlockType": "LINE",
      "Confidence": 99.2483901977539,
      "Text": "TMOPP/DTDA",
      "Geometry": {
        "BoundingBox": {
          "Width": 0.08937989920377731,
          "Height": 0.02178075723350048,
          "Left": 0.24716529250144958,
          "Top": 0.5050870180130005
        },
        "Polygon": [
          {
            "X": 0.24716529250144958,
            "Y": 0.5050870180130005
          },
          {
            "X": 0.33622637391090393,
            "Y": 0.505209743976593
          },
          {
            "X": 0.3365451991558075,
            "Y": 0.5268677473068237
          },
          {
            "X": 0.24746255576610565,
            "Y": 0.5267415046691895
          }
        ]
      },
      "Id": "e8abd236-2e9c-41e0-b2d6-e2360eabaeee",
      "Relationships": [
        {
          "Type": "CHILD",
          "Ids": [
            "4c74b76a-3ed1-48cc-a06f-ad1ee0e11d08"
          ]
        }
      ],
      "Page": 1
    },
    {
      "BlockType": "LINE",
      "Confidence": 97.98963165283203,
      "Text": "95.2 + 2.1",
      "Geometry": {
        "BoundingBox": {
          "Width": 0.0722697302699089,
          "Height": 0.019222913309931755,
          "Left": 0.40300044417381287,
          "Top": 0.5058696269989014
        },
        "Polygon": [
          {
            "X": 0.40300044417381287,
            "Y": 0.5058696269989014
          },
          {
            "X": 0.4749591052532196,
            "Y": 0.5059688687324524
          },
          {
            "X": 0.47527018189430237,
            "Y": 0.5250925421714783
          },
          {
            "X": 0.4032961428165436,
            "Y": 0.5249907374382019
          }
        ]
      },
      "Id": "a4980e2d-9ff5-4409-b602-faa8e8a6a950",
      "Relationships": [
        {
          "Type": "CHILD",
          "Ids": [
            "56590477-267d-4ac7-9c68-4b777779ba49",
            "22c95199-936f-41a2-b0fe-ee58c09fd803",
            "858e02ac-6714-41b6-880a-28c0bed92a63"
          ]
        }
      ],
      "Page": 1
    },
    {
      "BlockType": "LINE",
      "Confidence": 99.58879089355469,
      "Text": "4145 + 105",
      "Geometry": {
        "BoundingBox": {
          "Width": 0.08114384114742279,
          "Height": 0.01960163004696369,
          "Left": 0.5427355766296387,
          "Top": 0.5056692957878113
        },
        "Polygon": [
          {
            "X": 0.5427355766296387,
            "Y": 0.5056692957878113
          },
          {
            "X": 0.6235300898551941,
            "Y": 0.5057806968688965
          },
          {
            "X": 0.6238793730735779,
            "Y": 0.525270938873291
          },
          {
            "X": 0.5430672764778137,
            "Y": 0.5251566767692566
          }
        ]
      },
      "Id": "87e70a6d-d802-4172-9993-eb2df1eccb5f",
      "Relationships": [
        {
          "Type": "CHILD",
          "Ids": [
            "c8f98192-29d3-47a5-82df-8d6f50d33b2b",
            "f5b8d186-63c6-4b03-8cab-3c15c8865fc8",
            "1598b6c7-042d-4c3e-8faa-473385891dca"
          ]
        }
      ],
      "Page": 1
    },
    {
      "BlockType": "LINE",
      "Confidence": 40.31422805786133,
      "Text": "3.3 = 0.4",
      "Geometry": {
        "BoundingBox": {
          "Width": 0.0658867284655571,
          "Height": 0.019564645364880562,
          "Left": 0.6903181076049805,
          "Top": 0.5059807300567627
        },
        "Polygon": [
          {
            "X": 0.6903181076049805,
            "Y": 0.5059807300567627
          },
          {
            "X": 0.7558270692825317,
            "Y": 0.5060710310935974
          },
          {
            "X": 0.7562047839164734,
            "Y": 0.5255453586578369
          },
          {
            "X": 0.6906815767288208,
            "Y": 0.525452733039856
          }
        ]
      },
      "Id": "45e85f85-d3de-4c28-8209-c34b6e2d1dc9",
      "Relationships": [
        {
          "Type": "CHILD",
          "Ids": [
            "9f2f1e8a-6d68-4afa-939d-b79f517ba258"
          ]
        }
      ],
      "Page": 1
    },
    {
      "BlockType": "LINE",
      "Confidence": 99.06866455078125,
      "Text": "DGEBA/DTDA",
      "Geometry": {
        "BoundingBox": {
          "Width": 0.08718951791524887,
          "Height": 0.021049752831459045,
          "Left": 0.2479265034198761,
          "Top": 0.5387619733810425
        },
        "Polygon": [
          {
            "X": 0.2479265034198761,
            "Y": 0.5387619733810425
          },
          {
            "X": 0.33480846881866455,
            "Y": 0.5388869643211365
          },
          {
            "X": 0.33511602878570557,
            "Y": 0.5598117113113403
          },
          {
            "X": 0.2482137680053711,
            "Y": 0.5596833825111389
          }
        ]
      },
      "Id": "f680f4e6-9925-487f-8641-bfa40d9aba54",
      "Relationships": [
        {
          "Type": "CHILD",
          "Ids": [
            "b5d99762-1164-4dbc-a62d-463d34a8e5a9"
          ]
        }
      ],
      "Page": 1
    },
    {
      "BlockType": "LINE",
      "Confidence": 95.6258773803711,
      "Text": "84.3 + 1.4",
      "Geometry": {
        "BoundingBox": {
          "Width": 0.07389373332262039,
          "Height": 0.020381039008498192,
          "Left": 0.40285560488700867,
          "Top": 0.5384570360183716
        },
        "Polygon": [
          {
            "X": 0.40285560488700867,
            "Y": 0.5384570360183716
          },
          {
            "X": 0.4764193296432495,
            "Y": 0.5385628342628479
          },
          {
            "X": 0.47674933075904846,
            "Y": 0.5588380694389343
          },
          {
            "X": 0.4031689763069153,
            "Y": 0.5587295889854431
          }
        ]
      },
      "Id": "6b01b04c-9ecc-49fb-ba7f-95dce6d4ebd3",
      "Relationships": [
        {
          "Type": "CHILD",
          "Ids": [
            "2fb752b3-3423-4357-959d-24f3c7b29190",
            "bb657dfa-53a0-47c6-b3c6-6236e05912a4",
            "f2af2bd8-64ef-44e6-84cb-96855d916697"
          ]
        }
      ],
      "Page": 1
    },
    {
      "BlockType": "LINE",
      "Confidence": 99.19579315185547,
      "Text": "2554 + 42",
      "Geometry": {
        "BoundingBox": {
          "Width": 0.07418034225702286,
          "Height": 0.020063010975718498,
          "Left": 0.5427285432815552,
          "Top": 0.5384328365325928
        },
        "Polygon": [
          {
            "X": 0.5427285432815552,
            "Y": 0.5384328365325928
          },
          {
            "X": 0.6165528893470764,
            "Y": 0.5385389924049377
          },
          {
            "X": 0.6169089078903198,
            "Y": 0.5584958791732788
          },
          {
            "X": 0.5430681109428406,
            "Y": 0.558387041091919
          }
        ]
      },
      "Id": "45e238b3-87ef-4d7a-99bb-3a1daf6626be",
      "Relationships": [
        {
          "Type": "CHILD",
          "Ids": [
            "9493e630-32e7-4a24-af20-53fc6653007f",
            "c3bdb046-0c7c-4e82-baf0-cc5ea9fbae41",
            "06ef0abd-c593-49d0-9225-155e231ebd01"
          ]
        }
      ],
      "Page": 1
    },
    {
      "BlockType": "LINE",
      "Confidence": 84.16920471191406,
      "Text": "7.5 + 0.6",
      "Geometry": {
        "BoundingBox": {
          "Width": 0.06618815660476685,
          "Height": 0.01979198306798935,
          "Left": 0.6899739503860474,
          "Top": 0.5390633344650269
        },
        "Polygon": [
          {
            "X": 0.6899739503860474,
            "Y": 0.5390633344650269
          },
          {
            "X": 0.7557801604270935,
            "Y": 0.5391579866409302
          },
          {
            "X": 0.7561621069908142,
            "Y": 0.5588552951812744
          },
          {
            "X": 0.6903413534164429,
            "Y": 0.5587583184242249
          }
        ]
      },
      "Id": "6dc7a1ae-ba6e-40e7-a8a0-94fa54a8e765",
      "Relationships": [
        {
          "Type": "CHILD",
          "Ids": [
            "b939315a-a36d-45dd-84cc-e8c4b666a166",
            "4124d0ae-649c-4366-9c66-a356e38eb0db",
            "80e13378-26d2-4c21-b88e-2d38d36ec281"
          ]
        }
      ],
      "Page": 1
    },
    {
      "BlockType": "WORD",
      "Confidence": 99.58747863769531,
      "Text": "Resin",
      "TextType": "PRINTED",
      "Geometry": {
        "BoundingBox": {
          "Width": 0.032674722373485565,
          "Height": 0.019281867891550064,
          "Left": 0.24806538224220276,
          "Top": 0.4432452619075775
        },
        "Polygon": [
          {
            "X": 0.24806538224220276,
            "Y": 0.4432452619075775
          },
          {
            "X": 0.2804686427116394,
            "Y": 0.44328629970550537
          },
          {
            "X": 0.2807401120662689,
            "Y": 0.4625271260738373
          },
          {
            "X": 0.24832986295223236,
            "Y": 0.4624849259853363
          }
        ]
      },
      "Id": "cd54a678-23d1-4ca8-82ed-f337af0efeee",
      "Page": 1
    },
    {
      "BlockType": "WORD",
      "Confidence": 68.60682678222656,
      "Text": "Ob",
      "TextType": "PRINTED",
      "Geometry": {
        "BoundingBox": {
          "Width": 0.0123906834051013,
          "Height": 0.019458970054984093,
          "Left": 0.4024893343448639,
          "Top": 0.4472208619117737
        },
        "Polygon": [
          {
            "X": 0.4024893343448639,
            "Y": 0.4472208619117737
          },
          {
            "X": 0.41457661986351013,
            "Y": 0.4472362697124481
          },
          {
            "X": 0.41488000750541687,
            "Y": 0.4666798412799835
          },
          {
            "X": 0.4027900695800781,
            "Y": 0.46666401624679565
          }
        ]
      },
      "Id": "9648c2ac-312e-4880-b48f-04f0845eca5c",
      "Page": 1
    },
    {
      "BlockType": "WORD",
      "Confidence": 99.75444793701172,
      "Text": "(MPa)",
      "TextType": "PRINTED",
      "Geometry": {
        "BoundingBox": {
          "Width": 0.03686174377799034,
          "Height": 0.022783055901527405,
          "Left": 0.41889050602912903,
          "Top": 0.4431098699569702
        },
        "Polygon": [
          {
            "X": 0.41889050602912903,
            "Y": 0.4431098699569702
          },
          {
            "X": 0.4553871154785156,
            "Y": 0.44315609335899353
          },
          {
            "X": 0.45575225353240967,
            "Y": 0.4658929407596588
          },
          {
            "X": 0.4192463755607605,
            "Y": 0.4658452272415161
          }
        ]
      },
      "Id": "66b7cb91-6747-4b88-beaa-8206be65fd8e",
      "Page": 1
    },
    {
      "BlockType": "WORD",
      "Confidence": 40.3753547668457,
      "Text": "E",
      "TextType": "PRINTED",
      "Geometry": {
        "BoundingBox": {
          "Width": 0.01251108106225729,
          "Height": 0.022950489073991776,
          "Left": 0.5418350100517273,
          "Top": 0.44345754384994507
        },
        "Polygon": [
          {
            "X": 0.5418350100517273,
            "Y": 0.44345754384994507
          },
          {
            "X": 0.5539525151252747,
            "Y": 0.44347289204597473
          },
          {
            "X": 0.5543460845947266,
            "Y": 0.46640804409980774
          },
          {
            "X": 0.5422254204750061,
            "Y": 0.4663921892642975
          }
        ]
      },
      "Id": "c753f9ca-ce01-49f6-8c38-6016cba095c5",
      "Page": 1
    },
    {
      "BlockType": "WORD",
      "Confidence": 99.6933364868164,
      "Text": "(MPa)",
      "TextType": "PRINTED",
      "Geometry": {
        "BoundingBox": {
          "Width": 0.03681836649775505,
          "Height": 0.022707343101501465,
          "Left": 0.5580205917358398,
          "Top": 0.4431662857532501
        },
        "Polygon": [
          {
            "X": 0.5580205917358398,
            "Y": 0.4431662857532501
          },
          {
            "X": 0.5944398641586304,
            "Y": 0.4432124197483063
          },
          {
            "X": 0.5948389768600464,
            "Y": 0.4658736288547516
          },
          {
            "X": 0.5584104657173157,
            "Y": 0.46582603454589844
          }
        ]
      },
      "Id": "50e168cb-9feb-4ddb-9be6-6996a4d6bb0e",
      "Page": 1
    },
    {
      "BlockType": "WORD",
      "Confidence": 89.77720642089844,
      "Text": "Eb",
      "TextType": "PRINTED",
      "Geometry": {
        "BoundingBox": {
          "Width": 0.011836751364171505,
          "Height": 0.01789381355047226,
          "Left": 0.6903126835823059,
          "Top": 0.44872981309890747
        },
        "Polygon": [
          {
            "X": 0.6903126835823059,
            "Y": 0.44872981309890747
          },
          {
            "X": 0.7018131613731384,
            "Y": 0.4487444758415222
          },
          {
            "X": 0.7021494507789612,
            "Y": 0.4666236340999603
          },
          {
            "X": 0.6906466484069824,
            "Y": 0.46660858392715454
          }
        ]
      },
      "Id": "16ff6075-252f-4fa3-86a9-9f21e81937da",
      "Page": 1
    },
    {
      "BlockType": "WORD",
      "Confidence": 99.7787857055664,
      "Text": "(%)",
      "TextType": "PRINTED",
      "Geometry": {
        "BoundingBox": {
          "Width": 0.02228398621082306,
          "Height": 0.022953886538743973,
          "Left": 0.7054443359375,
          "Top": 0.4430670738220215
        },
        "Polygon": [
          {
            "X": 0.7054443359375,
            "Y": 0.4430670738220215
          },
          {
            "X": 0.7272906303405762,
            "Y": 0.4430947005748749
          },
          {
            "X": 0.7277283072471619,
            "Y": 0.46602094173431396
          },
          {
            "X": 0.7058764696121216,
            "Y": 0.46599239110946655
          }
        ]
      },
      "Id": "47ed66ac-279c-4a34-8a57-c84faec6ee9e",
      "Page": 1
    },
    {
      "BlockType": "WORD",
      "Confidence": 99.2483901977539,
      "Text": "TMOPP/DTDA",
      "TextType": "PRINTED",
      "Geometry": {
        "BoundingBox": {
          "Width": 0.08937989920377731,
          "Height": 0.02178075723350048,
          "Left": 0.24716529250144958,
          "Top": 0.5050870180130005
        },
        "Polygon": [
          {
            "X": 0.24716529250144958,
            "Y": 0.5050870180130005
          },
          {
            "X": 0.33622637391090393,
            "Y": 0.505209743976593
          },
          {
            "X": 0.3365451991558075,
            "Y": 0.5268677473068237
          },
          {
            "X": 0.24746255576610565,
            "Y": 0.5267415046691895
          }
        ]
      },
      "Id": "4c74b76a-3ed1-48cc-a06f-ad1ee0e11d08",
      "Page": 1
    },
    {
      "BlockType": "WORD",
      "Confidence": 97.23485565185547,
      "Text": "95.2",
      "TextType": "PRINTED",
      "Geometry": {
        "BoundingBox": {
          "Width": 0.026557518169283867,
          "Height": 0.018990829586982727,
          "Left": 0.4030030369758606,
          "Top": 0.5060370564460754
        },
        "Polygon": [
          {
            "X": 0.4030030369758606,
            "Y": 0.5060370564460754
          },
          {
            "X": 0.4292618930339813,
            "Y": 0.5060732960700989
          },
          {
            "X": 0.4295605421066284,
            "Y": 0.525027871131897
          },
          {
            "X": 0.4032961428165436,
            "Y": 0.5249907374382019
          }
        ]
      },
      "Id": "56590477-267d-4ac7-9c68-4b777779ba49",
      "Page": 1
    },
    {
      "BlockType": "WORD",
      "Confidence": 98.65863800048828,
      "Text": "+",
      "TextType": "PRINTED",
      "Geometry": {
        "BoundingBox": {
          "Width": 0.010137285105884075,
          "Height": 0.016450965777039528,
          "Left": 0.4381754398345947,
          "Top": 0.5080531239509583
        },
        "Polygon": [
          {
            "X": 0.4381754398345947,
            "Y": 0.5080531239509583
          },
          {
            "X": 0.44805026054382324,
            "Y": 0.5080667734146118
          },
          {
            "X": 0.4483126997947693,
            "Y": 0.5245040655136108
          },
          {
            "X": 0.4384360611438751,
            "Y": 0.5244901180267334
          }
        ]
      },
      "Id": "22c95199-936f-41a2-b0fe-ee58c09fd803",
      "Page": 1
    },
    {
      "BlockType": "WORD",
      "Confidence": 98.07539367675781,
      "Text": "2.1",
      "TextType": "PRINTED",
      "Geometry": {
        "BoundingBox": {
          "Width": 0.018181901425123215,
          "Height": 0.019107965752482414,
          "Left": 0.45708760619163513,
          "Top": 0.5059441924095154
        },
        "Polygon": [
          {
            "X": 0.45708760619163513,
            "Y": 0.5059441924095154
          },
          {
            "X": 0.4749591052532196,
            "Y": 0.5059688687324524
          },
          {
            "X": 0.47526952624320984,
            "Y": 0.5250521898269653
          },
          {
            "X": 0.45739421248435974,
            "Y": 0.5250269174575806
          }
        ]
      },
      "Id": "858e02ac-6714-41b6-880a-28c0bed92a63",
      "Page": 1
    },
    {
      "BlockType": "WORD",
      "Confidence": 99.96553802490234,
      "Text": "4145",
      "TextType": "PRINTED",
      "Geometry": {
        "BoundingBox": {
          "Width": 0.030755627900362015,
          "Height": 0.019304264336824417,
          "Left": 0.5427380800247192,
          "Top": 0.5058169364929199
        },
        "Polygon": [
          {
            "X": 0.5427380800247192,
            "Y": 0.5058169364929199
          },
          {
            "X": 0.5731592774391174,
            "Y": 0.5058588981628418
          },
          {
            "X": 0.5734937191009521,
            "Y": 0.5251212120056152
          },
          {
            "X": 0.5430659055709839,
            "Y": 0.5250781774520874
          }
        ]
      },
      "Id": "c8f98192-29d3-47a5-82df-8d6f50d33b2b",
      "Page": 1
    },
    {
      "BlockType": "WORD",
      "Confidence": 99.07896423339844,
      "Text": "+",
      "TextType": "PRINTED",
      "Geometry": {
        "BoundingBox": {
          "Width": 0.010362081229686737,
          "Height": 0.01692635379731655,
          "Left": 0.5822140574455261,
          "Top": 0.5076819658279419
        },
        "Polygon": [
          {
            "X": 0.5822140574455261,
            "Y": 0.5076819658279419
          },
          {
            "X": 0.5922789573669434,
            "Y": 0.5076958537101746
          },
          {
            "X": 0.5925761461257935,
            "Y": 0.524608314037323
          },
          {
            "X": 0.5825093984603882,
            "Y": 0.5245940685272217
          }
        ]
      },
      "Id": "f5b8d186-63c6-4b03-8cab-3c15c8865fc8",
      "Page": 1
    },
    {
      "BlockType": "WORD",
      "Confidence": 99.72187042236328,
      "Text": "105",
      "TextType": "PRINTED",
      "Geometry": {
        "BoundingBox": {
          "Width": 0.02240309678018093,
          "Height": 0.019520649686455727,
          "Left": 0.6014763116836548,
          "Top": 0.5057502388954163
        },
        "Polygon": [
          {
            "X": 0.6014763116836548,
            "Y": 0.5057502388954163
          },
          {
            "X": 0.6235300898551941,
            "Y": 0.5057806968688965
          },
          {
            "X": 0.6238793730735779,
            "Y": 0.525270938873291
          },
          {
            "X": 0.6018208265304565,
            "Y": 0.5252397060394287
          }
        ]
      },
      "Id": "1598b6c7-042d-4c3e-8faa-473385891dca",
      "Page": 1
    },
    {
      "BlockType": "WORD",
      "Confidence": 40.31422805786133,
      "Text": "3.3 = 0.4",
      "TextType": "PRINTED",
      "Geometry": {
        "BoundingBox": {
          "Width": 0.0658867284655571,
          "Height": 0.019564645364880562,
          "Left": 0.6903181076049805,
          "Top": 0.5059807300567627
        },
        "Polygon": [
          {
            "X": 0.6903181076049805,
            "Y": 0.5059807300567627
          },
          {
            "X": 0.7558270692825317,
            "Y": 0.5060710310935974
          },
          {
            "X": 0.7562047839164734,
            "Y": 0.5255453586578369
          },
          {
            "X": 0.6906815767288208,
            "Y": 0.525452733039856
          }
        ]
      },
      "Id": "9f2f1e8a-6d68-4afa-939d-b79f517ba258",
      "Page": 1
    },
    {
      "BlockType": "WORD",
      "Confidence": 99.06866455078125,
      "Text": "DGEBA/DTDA",
      "TextType": "PRINTED",
      "Geometry": {
        "BoundingBox": {
          "Width": 0.08718951791524887,
          "Height": 0.021049752831459045,
          "Left": 0.2479265034198761,
          "Top": 0.5387619733810425
        },
        "Polygon": [
          {
            "X": 0.2479265034198761,
            "Y": 0.5387619733810425
          },
          {
            "X": 0.33480846881866455,
            "Y": 0.5388869643211365
          },
          {
            "X": 0.33511602878570557,
            "Y": 0.5598117113113403
          },
          {
            "X": 0.2482137680053711,
            "Y": 0.5596833825111389
          }
        ]
      },
      "Id": "b5d99762-1164-4dbc-a62d-463d34a8e5a9",
      "Page": 1
    },
    {
      "BlockType": "WORD",
      "Confidence": 99.95475769042969,
      "Text": "84.3",
      "TextType": "PRINTED",
      "Geometry": {
        "BoundingBox": {
          "Width": 0.02662845328450203,
          "Height": 0.019927842542529106,
          "Left": 0.4028615355491638,
          "Top": 0.5388405919075012
        },
        "Polygon": [
          {
            "X": 0.4028615355491638,
            "Y": 0.5388405919075012
          },
          {
            "X": 0.4291767179965973,
            "Y": 0.5388784408569336
          },
          {
            "X": 0.42949000000953674,
            "Y": 0.5587683916091919
          },
          {
            "X": 0.4031689763069153,
            "Y": 0.5587295889854431
          }
        ]
      },
      "Id": "2fb752b3-3423-4357-959d-24f3c7b29190",
      "Page": 1
    },
    {
      "BlockType": "WORD",
      "Confidence": 99.13123321533203,
      "Text": "+",
      "TextType": "PRINTED",
      "Geometry": {
        "BoundingBox": {
          "Width": 0.010159218683838844,
          "Height": 0.016749314963817596,
          "Left": 0.43842777609825134,
          "Top": 0.5412477254867554
        },
        "Polygon": [
          {
            "X": 0.43842777609825134,
            "Y": 0.5412477254867554
          },
          {
            "X": 0.44831982254981995,
            "Y": 0.5412620306015015
          },
          {
            "X": 0.44858697056770325,
            "Y": 0.5579970479011536
          },
          {
            "X": 0.4386930465698242,
            "Y": 0.5579825043678284
          }
        ]
      },
      "Id": "bb657dfa-53a0-47c6-b3c6-6236e05912a4",
      "Page": 1
    },
    {
      "BlockType": "WORD",
      "Confidence": 87.79163360595703,
      "Text": "1.4",
      "TextType": "PRINTED",
      "Geometry": {
        "BoundingBox": {
          "Width": 0.019299646839499474,
          "Height": 0.019312679767608643,
          "Left": 0.4574335813522339,
          "Top": 0.5385355353355408
        },
        "Polygon": [
          {
            "X": 0.4574335813522339,
            "Y": 0.5385355353355408
          },
          {
            "X": 0.4764193296432495,
            "Y": 0.5385628342628479
          },
          {
            "X": 0.4767332375049591,
            "Y": 0.5578482151031494
          },
          {
            "X": 0.45774340629577637,
            "Y": 0.5578202605247498
          }
        ]
      },
      "Id": "f2af2bd8-64ef-44e6-84cb-96855d916697",
      "Page": 1
    },
    {
      "BlockType": "WORD",
      "Confidence": 99.96016693115234,
      "Text": "2554",
      "TextType": "PRINTED",
      "Geometry": {
        "BoundingBox": {
          "Width": 0.030521221458911896,
          "Height": 0.0193267073482275,
          "Left": 0.542739987373352,
          "Top": 0.5391048192977905
        },
        "Polygon": [
          {
            "X": 0.542739987373352,
            "Y": 0.5391048192977905
          },
          {
            "X": 0.5729266405105591,
            "Y": 0.5391482710838318
          },
          {
            "X": 0.5732612013816833,
            "Y": 0.5584315657615662
          },
          {
            "X": 0.5430681109428406,
            "Y": 0.558387041091919
          }
        ]
      },
      "Id": "9493e630-32e7-4a24-af20-53fc6653007f",
      "Page": 1
    },
    {
      "BlockType": "WORD",
      "Confidence": 97.67809295654297,
      "Text": "+",
      "TextType": "PRINTED",
      "Geometry": {
        "BoundingBox": {
          "Width": 0.010338716208934784,
          "Height": 0.01708211377263069,
          "Left": 0.5825241804122925,
          "Top": 0.5409556031227112
        },
        "Polygon": [
          {
            "X": 0.5825241804122925,
            "Y": 0.5409556031227112
          },
          {
            "X": 0.5925629734992981,
            "Y": 0.5409700870513916
          },
          {
            "X": 0.5928629040718079,
            "Y": 0.5580376982688904
          },
          {
            "X": 0.5828221440315247,
            "Y": 0.5580229163169861
          }
        ]
      },
      "Id": "c3bdb046-0c7c-4e82-baf0-cc5ea9fbae41",
      "Page": 1
    },
    {
      "BlockType": "WORD",
      "Confidence": 99.94912719726562,
      "Text": "42",
      "TextType": "PRINTED",
      "Geometry": {
        "BoundingBox": {
          "Width": 0.017073797062039375,
          "Height": 0.019081752747297287,
          "Left": 0.5998190641403198,
          "Top": 0.5385149121284485
        },
        "Polygon": [
          {
            "X": 0.5998190641403198,
            "Y": 0.5385149121284485
          },
          {
            "X": 0.6165528893470764,
            "Y": 0.5385389924049377
          },
          {
            "X": 0.6168928742408752,
            "Y": 0.5575966835021973
          },
          {
            "X": 0.6001554727554321,
            "Y": 0.5575720071792603
          }
        ]
      },
      "Id": "06ef0abd-c593-49d0-9225-155e231ebd01",
      "Page": 1
    },
    {
      "BlockType": "WORD",
      "Confidence": 80.94540405273438,
      "Text": "7.5",
      "TextType": "PRINTED",
      "Geometry": {
        "BoundingBox": {
          "Width": 0.01962234079837799,
          "Height": 0.019341979175806046,
          "Left": 0.6899810433387756,
          "Top": 0.5394447445869446
        },
        "Polygon": [
          {
            "X": 0.6899810433387756,
            "Y": 0.5394447445869446
          },
          {
            "X": 0.7092389464378357,
            "Y": 0.5394724607467651
          },
          {
            "X": 0.7096033692359924,
            "Y": 0.5587866902351379
          },
          {
            "X": 0.6903413534164429,
            "Y": 0.5587583184242249
          }
        ]
      },
      "Id": "b939315a-a36d-45dd-84cc-e8c4b666a166",
      "Page": 1
    },
    {
      "BlockType": "WORD",
      "Confidence": 97.70391082763672,
      "Text": "+",
      "TextType": "PRINTED",
      "Geometry": {
        "BoundingBox": {
          "Width": 0.010226717218756676,
          "Height": 0.01679430902004242,
          "Left": 0.7181116342544556,
          "Top": 0.5413827300071716
        },
        "Polygon": [
          {
            "X": 0.7181116342544556,
            "Y": 0.5413827300071716
          },
          {
            "X": 0.7280181646347046,
            "Y": 0.541396975517273
          },
          {
            "X": 0.728338360786438,
            "Y": 0.5581769943237305
          },
          {
            "X": 0.7184299230575562,
            "Y": 0.5581624507904053
          }
        ]
      },
      "Id": "4124d0ae-649c-4366-9c66-a356e38eb0db",
      "Page": 1
    },
    {
      "BlockType": "WORD",
      "Confidence": 73.85828399658203,
      "Text": "0.6",
      "TextType": "PRINTED",
      "Geometry": {
        "BoundingBox": {
          "Width": 0.019104255363345146,
          "Height": 0.018910612910985947,
          "Left": 0.7370420694351196,
          "Top": 0.5391310453414917
        },
        "Polygon": [
          {
            "X": 0.7370420694351196,
            "Y": 0.5391310453414917
          },
          {
            "X": 0.7557801604270935,
            "Y": 0.5391579866409302
          },
          {
            "X": 0.7561463117599487,
            "Y": 0.5580416321754456
          },
          {
            "X": 0.7374042272567749,
            "Y": 0.5580140352249146
          }
        ]
      },
      "Id": "80e13378-26d2-4c21-b88e-2d38d36ec281",
      "Page": 1
    },
    {
      "BlockType": "TABLE",
      "Confidence": 99.853515625,
      "Geometry": {
        "BoundingBox": {
          "Width": 0.5430964827537537,
          "Height": 0.1660280078649521,
          "Left": 0.22932198643684387,
          "Top": 0.41858410835266113
        },
        "Polygon": [
          {
            "X": 0.22932198643684387,
            "Y": 0.41858410835266113
          },
          {
            "X": 0.7691830396652222,
            "Y": 0.4192441999912262
          },
          {
            "X": 0.7724184393882751,
            "Y": 0.5846121311187744
          },
          {
            "X": 0.2315591424703598,
            "Y": 0.5837900638580322
          }
        ]
      },
      "Id": "ef50e130-3ea8-44bf-b7b7-17c14e2a436a",
      "Relationships": [
        {
          "Type": "CHILD",
          "Ids": [
            "0833729d-dc75-40a3-81bd-b44481c84dbc",
            "36f89af4-cdf3-4f95-a83a-14e0b2f6d9bb",
            "2118417f-2845-4a08-8848-70b71b4df2b2",
            "cdb4e778-a8e8-4817-b20d-10504ad6d103",
            "0b73a8ef-8851-448e-a9e3-f21120da2117",
            "39760a15-114a-48de-9236-af8d278f5890",
            "971797ce-4c45-418c-8629-844f5e307084",
            "9202a4e8-73ce-4684-af7b-2614bb03d197",
            "f4d960d1-523c-4444-89a5-08e6586d04b7",
            "ab5592e8-ea4a-4377-8453-fea755a97cb6",
            "1edf926e-c6f7-4948-9100-557ec571db02",
            "894a0180-8eb0-4759-932b-97a8a9b9d98a"
          ]
        }
      ],
      "EntityTypes": [
        "STRUCTURED_TABLE"
      ],
      "Page": 1
    },
    {
      "BlockType": "CELL",
      "Confidence": 90.625,
      "RowIndex": 1,
      "ColumnIndex": 1,
      "RowSpan": 1,
      "ColumnSpan": 1,
      "Geometry": {
        "BoundingBox": {
          "Width": 0.13844500482082367,
          "Height": 0.06574641913175583,
          "Left": 0.22932198643684387,
          "Top": 0.41858410835266113
        },
        "Polygon": [
          {
            "X": 0.22932198643684387,
            "Y": 0.41858410835266113
          },
          {
            "X": 0.3667784035205841,
            "Y": 0.41875219345092773
          },
          {
            "X": 0.36776700615882874,
            "Y": 0.48433053493499756
          },
          {
            "X": 0.23020979762077332,
            "Y": 0.4841461181640625
          }
        ]
      },
      "Id": "0833729d-dc75-40a3-81bd-b44481c84dbc",
      "Relationships": [
        {
          "Type": "CHILD",
          "Ids": [
            "cd54a678-23d1-4ca8-82ed-f337af0efeee"
          ]
        }
      ],
      "EntityTypes": [
        "COLUMN_HEADER"
      ],
      "Page": 1
    },
    {
      "BlockType": "CELL",
      "Confidence": 89.94140625,
      "RowIndex": 1,
      "ColumnIndex": 2,
      "RowSpan": 1,
      "ColumnSpan": 1,
      "Geometry": {
        "BoundingBox": {
          "Width": 0.14257045090198517,
          "Height": 0.06576816737651825,
          "Left": 0.3667784035205841,
          "Top": 0.41875219345092773
        },
        "Polygon": [
          {
            "X": 0.3667784035205841,
            "Y": 0.41875219345092773
          },
          {
            "X": 0.5082564353942871,
            "Y": 0.4189251661300659
          },
          {
            "X": 0.5093488097190857,
            "Y": 0.4845203459262848
          },
          {
            "X": 0.36776700615882874,
            "Y": 0.48433053493499756
          }
        ]
      },
      "Id": "36f89af4-cdf3-4f95-a83a-14e0b2f6d9bb",
      "Relationships": [
        {
          "Type": "CHILD",
          "Ids": [
            "9648c2ac-312e-4880-b48f-04f0845eca5c",
            "66b7cb91-6747-4b88-beaa-8206be65fd8e"
          ]
        }
      ],
      "EntityTypes": [
        "COLUMN_HEADER"
      ],
      "Page": 1
    },
    {
      "BlockType": "CELL",
      "Confidence": 92.1875,
      "RowIndex": 1,
      "ColumnIndex": 3,
      "RowSpan": 1,
      "ColumnSpan": 1,
      "Geometry": {
        "BoundingBox": {
          "Width": 0.14807884395122528,
          "Height": 0.06579224020242691,
          "Left": 0.5082564353942871,
          "Top": 0.4189251661300659
        },
        "Polygon": [
          {
            "X": 0.5082564353942871,
            "Y": 0.4189251661300659
          },
          {
            "X": 0.6551350355148315,
            "Y": 0.41910475492477417
          },
          {
            "X": 0.6563352942466736,
            "Y": 0.48471739888191223
          },
          {
            "X": 0.5093488097190857,
            "Y": 0.4845203459262848
          }
        ]
      },
      "Id": "2118417f-2845-4a08-8848-70b71b4df2b2",
      "Relationships": [
        {
          "Type": "CHILD",
          "Ids": [
            "c753f9ca-ce01-49f6-8c38-6016cba095c5",
            "50e168cb-9feb-4ddb-9be6-6996a4d6bb0e"
          ]
        }
      ],
      "EntityTypes": [
        "COLUMN_HEADER"
      ],
      "Page": 1
    },
    {
      "BlockType": "CELL",
      "Confidence": 89.990234375,
      "RowIndex": 1,
      "ColumnIndex": 4,
      "RowSpan": 1,
      "ColumnSpan": 1,
      "Geometry": {
        "BoundingBox": {
          "Width": 0.11533195525407791,
          "Height": 0.06576565653085709,
          "Left": 0.6551350355148315,
          "Top": 0.41910475492477417
        },
        "Polygon": [
          {
            "X": 0.6551350355148315,
            "Y": 0.41910475492477417
          },
          {
            "X": 0.7691830396652222,
            "Y": 0.4192441999912262
          },
          {
            "X": 0.7704669833183289,
            "Y": 0.48487040400505066
          },
          {
            "X": 0.6563352942466736,
            "Y": 0.48471739888191223
          }
        ]
      },
      "Id": "cdb4e778-a8e8-4817-b20d-10504ad6d103",
      "Relationships": [
        {
          "Type": "CHILD",
          "Ids": [
            "16ff6075-252f-4fa3-86a9-9f21e81937da",
            "47ed66ac-279c-4a34-8a57-c84faec6ee9e"
          ]
        }
      ],
      "EntityTypes": [
        "COLUMN_HEADER"
      ],
      "Page": 1
    },
    {
      "BlockType": "CELL",
      "Confidence": 81.640625,
      "RowIndex": 2,
      "ColumnIndex": 1,
      "RowSpan": 1,
      "ColumnSpan": 1,
      "Geometry": {
        "BoundingBox": {
          "Width": 0.1382879763841629,
          "Height": 0.04866007715463638,
          "Left": 0.23020979762077332,
          "Top": 0.4841461181640625
        },
        "Polygon": [
          {
            "X": 0.23020979762077332,
            "Y": 0.4841461181640625
          },
          {
            "X": 0.36776700615882874,
            "Y": 0.48433053493499756
          },
          {
            "X": 0.3684977889060974,
            "Y": 0.5328062176704407
          },
          {
            "X": 0.23086607456207275,
            "Y": 0.5326097011566162
          }
        ]
      },
      "Id": "0b73a8ef-8851-448e-a9e3-f21120da2117",
      "Relationships": [
        {
          "Type": "CHILD",
          "Ids": [
            "4c74b76a-3ed1-48cc-a06f-ad1ee0e11d08"
          ]
        }
      ],
      "Page": 1
    },
    {
      "BlockType": "CELL",
      "Confidence": 81.0546875,
      "RowIndex": 2,
      "ColumnIndex": 2,
      "RowSpan": 1,
      "ColumnSpan": 1,
      "Geometry": {
        "BoundingBox": {
          "Width": 0.14238934218883514,
          "Height": 0.04867792874574661,
          "Left": 0.36776700615882874,
          "Top": 0.48433053493499756
        },
        "Polygon": [
          {
            "X": 0.36776700615882874,
            "Y": 0.48433053493499756
          },
          {
            "X": 0.5093488097190857,
            "Y": 0.4845203459262848
          },
          {
            "X": 0.5101563334465027,
            "Y": 0.5330084562301636
          },
          {
            "X": 0.3684977889060974,
            "Y": 0.5328062176704407
          }
        ]
      },
      "Id": "39760a15-114a-48de-9236-af8d278f5890",
      "Relationships": [
        {
          "Type": "CHILD",
          "Ids": [
            "56590477-267d-4ac7-9c68-4b777779ba49",
            "22c95199-936f-41a2-b0fe-ee58c09fd803",
            "858e02ac-6714-41b6-880a-28c0bed92a63"
          ]
        }
      ],
      "Page": 1
    },
    {
      "BlockType": "CELL",
      "Confidence": 83.056640625,
      "RowIndex": 2,
      "ColumnIndex": 3,
      "RowSpan": 1,
      "ColumnSpan": 1,
      "Geometry": {
        "BoundingBox": {
          "Width": 0.1478736400604248,
          "Height": 0.048698101192712784,
          "Left": 0.5093488097190857,
          "Top": 0.4845203459262848
        },
        "Polygon": [
          {
            "X": 0.5093488097190857,
            "Y": 0.4845203459262848
          },
          {
            "X": 0.6563352942466736,
            "Y": 0.48471739888191223
          },
          {
            "X": 0.6572225093841553,
            "Y": 0.5332184433937073
          },
          {
            "X": 0.5101563334465027,
            "Y": 0.5330084562301636
          }
        ]
      },
      "Id": "971797ce-4c45-418c-8629-844f5e307084",
      "Relationships": [
        {
          "Type": "CHILD",
          "Ids": [
            "c8f98192-29d3-47a5-82df-8d6f50d33b2b",
            "f5b8d186-63c6-4b03-8cab-3c15c8865fc8",
            "1598b6c7-042d-4c3e-8faa-473385891dca"
          ]
        }
      ],
      "Page": 1
    },
    {
      "BlockType": "CELL",
      "Confidence": 81.103515625,
      "RowIndex": 2,
      "ColumnIndex": 4,
      "RowSpan": 1,
      "ColumnSpan": 1,
      "Geometry": {
        "BoundingBox": {
          "Width": 0.11508084833621979,
          "Height": 0.04866409674286842,
          "Left": 0.6563352942466736,
          "Top": 0.48471739888191223
        },
        "Polygon": [
          {
            "X": 0.6563352942466736,
            "Y": 0.48471739888191223
          },
          {
            "X": 0.7704669833183289,
            "Y": 0.48487040400505066
          },
          {
            "X": 0.7714161276817322,
            "Y": 0.5333815217018127
          },
          {
            "X": 0.6572225093841553,
            "Y": 0.5332184433937073
          }
        ]
      },
      "Id": "9202a4e8-73ce-4684-af7b-2614bb03d197",
      "Relationships": [
        {
          "Type": "CHILD",
          "Ids": [
            "9f2f1e8a-6d68-4afa-939d-b79f517ba258"
          ]
        }
      ],
      "Page": 1
    },
    {
      "BlockType": "CELL",
      "Confidence": 87.646484375,
      "RowIndex": 3,
      "ColumnIndex": 1,
      "RowSpan": 1,
      "ColumnSpan": 1,
      "Geometry": {
        "BoundingBox": {
          "Width": 0.13840344548225403,
          "Height": 0.05138969421386719,
          "Left": 0.23086607456207275,
          "Top": 0.5326097011566162
        },
        "Polygon": [
          {
            "X": 0.23086607456207275,
            "Y": 0.5326097011566162
          },
          {
            "X": 0.3684977889060974,
            "Y": 0.5328062176704407
          },
          {
            "X": 0.3692695200443268,
            "Y": 0.5839993953704834
          },
          {
            "X": 0.2315591424703598,
            "Y": 0.5837900638580322
          }
        ]
      },
      "Id": "f4d960d1-523c-4444-89a5-08e6586d04b7",
      "Relationships": [
        {
          "Type": "CHILD",
          "Ids": [
            "b5d99762-1164-4dbc-a62d-463d34a8e5a9"
          ]
        }
      ],
      "Page": 1
    },
    {
      "BlockType": "CELL",
      "Confidence": 87.01171875,
      "RowIndex": 3,
      "ColumnIndex": 2,
      "RowSpan": 1,
      "ColumnSpan": 1,
      "Geometry": {
        "BoundingBox": {
          "Width": 0.14251133799552917,
          "Height": 0.05140861123800278,
          "Left": 0.3684977889060974,
          "Top": 0.5328062176704407
        },
        "Polygon": [
          {
            "X": 0.3684977889060974,
            "Y": 0.5328062176704407
          },
          {
            "X": 0.5101563334465027,
            "Y": 0.5330084562301636
          },
          {
            "X": 0.5110090970993042,
            "Y": 0.5842148065567017
          },
          {
            "X": 0.3692695200443268,
            "Y": 0.5839993953704834
          }
        ]
      },
      "Id": "ab5592e8-ea4a-4377-8453-fea755a97cb6",
      "Relationships": [
        {
          "Type": "CHILD",
          "Ids": [
            "2fb752b3-3423-4357-959d-24f3c7b29190",
            "bb657dfa-53a0-47c6-b3c6-6236e05912a4",
            "f2af2bd8-64ef-44e6-84cb-96855d916697"
          ]
        }
      ],
      "Page": 1
    },
    {
      "BlockType": "CELL",
      "Confidence": 89.16015625,
      "RowIndex": 3,
      "ColumnIndex": 3,
      "RowSpan": 1,
      "ColumnSpan": 1,
      "Geometry": {
        "BoundingBox": {
          "Width": 0.14800308644771576,
          "Height": 0.051430001854896545,
          "Left": 0.5101563334465027,
          "Top": 0.5330084562301636
        },
        "Polygon": [
          {
            "X": 0.5101563334465027,
            "Y": 0.5330084562301636
          },
          {
            "X": 0.6572225093841553,
            "Y": 0.5332184433937073
          },
          {
            "X": 0.6581594347953796,
            "Y": 0.5844384431838989
          },
          {
            "X": 0.5110090970993042,
            "Y": 0.5842148065567017
          }
        ]
      },
      "Id": "1edf926e-c6f7-4948-9100-557ec571db02",
      "Relationships": [
        {
          "Type": "CHILD",
          "Ids": [
            "9493e630-32e7-4a24-af20-53fc6653007f",
            "c3bdb046-0c7c-4e82-baf0-cc5ea9fbae41",
            "06ef0abd-c593-49d0-9225-155e231ebd01"
          ]
        }
      ],
      "Page": 1
    },
    {
      "BlockType": "CELL",
      "Confidence": 87.060546875,
      "RowIndex": 3,
      "ColumnIndex": 4,
      "RowSpan": 1,
      "ColumnSpan": 1,
      "Geometry": {
        "BoundingBox": {
          "Width": 0.11519597470760345,
          "Height": 0.05139368027448654,
          "Left": 0.6572225093841553,
          "Top": 0.5332184433937073
        },
        "Polygon": [
          {
            "X": 0.6572225093841553,
            "Y": 0.5332184433937073
          },
          {
            "X": 0.7714161276817322,
            "Y": 0.5333815217018127
          },
          {
            "X": 0.7724184393882751,
            "Y": 0.5846121311187744
          },
          {
            "X": 0.6581594347953796,
            "Y": 0.5844384431838989
          }
        ]
      },
      "Id": "894a0180-8eb0-4759-932b-97a8a9b9d98a",
      "Relationships": [
        {
          "Type": "CHILD",
          "Ids": [
            "b939315a-a36d-45dd-84cc-e8c4b666a166",
            "4124d0ae-649c-4366-9c66-a356e38eb0db",
            "80e13378-26d2-4c21-b88e-2d38d36ec281"
          ]
        }
      ],
      "Page": 1
    }
  ],
  "AnalyzeDocumentModelVersion": "1.0"
}