{
  "DocumentMetadata": {
    "Pages": 1
  },
  "JobStatus": "SUCCEEDED",
  "Blocks": [
    {
      "BlockType": "PAGE",
      "Geometry": {
        "BoundingBox": {
          "Width": 0.5523442029953003,
          "Height": 0.3486412763595581,
          "Left": 0.22612248361110687,
          "Top": 0.3204869031906128
        },
        "Polygon": [
          {
            "X": 0.22633400559425354,
            "Y": 0.3204869031906128
          },
          {
            "X": 0.7781339287757874,
            "Y": 0.32095855474472046
          },
          {
            "X": 0.7784667015075684,
            "Y": 0.6691281795501709
          },
          {
            "X": 0.22612248361110687,
            "Y": 0.6688436269760132
          }
        ]
      },
      "Id": "5bd4b23e-1611-4ba6-a60e-bec5ea41fbc4",
      "Relationships": [
        {
          "Type": "CHILD",
          "Ids": [
            "62d8e5ba-eb3f-4b28-b664-5007b0c8dab3",
            "4b9aabd5-c2ba-41c9-885c-43c9abedf717",
            "74a1c03f-023e-4c3c-a630-bbc8a271bb8c",
            "797989a1-88e3-47f9-b7af-30044691004b",
            "8e18b60a-f72f-46f7-bf70-4641858e86e8",
            "6eade658-ce17-49ee-88f7-1e6d2eeaf05c",
            "64c555f7-d9b2-4960-a06d-d72fc71a490d",
            "a0ccd85d-0149-496f-b25e-06261934cc4e",
            "42028d9f-e999-4789-9f96-23613e424a16",
            "4d8e9df4-4620-4ced-9946-72f1b20d1f72",
            "6a13dd29-3551-447c-a97e-7765efa38f26",
            "b1127a7a-31b1-4168-843f-671cccafa289",
            "aa0a346d-e7e5-4f4e-a213-bf779a190691",
            "fd27b0f1-0ac2-470d-b5a1-b53cdf4a921e",
            "926b6fa0-8b2b-4992-84c3-7544c37b2ea4",
            "0bd3e219-2836-4fcd-a75f-b83289417e0b",
            "0e39d09e-526b-4529-985a-704bef9743a9",
            "559039f8-798e-44cd-8263-56eeda9a7c2c",
            "ef92258b-15dc-4b93-80f5-502a712bc78e",
            "6342decf-a8df-46ee-bac5-d9578c79c4b2",
            "ab44ab38-339d-4a51-98ba-6529697e165b",
            "74375161-d01d-41cc-acb9-a103104e086e",
            "808eb7c4-1795-436a-9182-a65dd26ca561",
            "5e03606d-fd21-4fc4-a24d-fd7825f925bb",
            "6e00d2de-0ca5-44f9-a354-898b34c7b0cd",
            "6256afac-1ddd-42b2-aeeb-d50bd0fbfa70",
            "b291edbe-3b54-4067-9de2-b1069293fb4e",
            "bd3fc723-1992-443f-ad17-7e9e0ec28893"
          ]
        }
      ],
      "Page": 1
    },
    {
      "BlockType": "LINE",
      "Confidence": 99.78248596191406,
      "Text": "LOI",
      "Geometry": {
        "BoundingBox": {
          "Width": 0.03138059377670288,
          "Height": 0.02209382690489292,
          "Left": 0.37653443217277527,
          "Top": 0.37048715353012085
        },
        "Polygon": [
          {
            "X": 0.3765384554862976,
            "Y": 0.37048715353012085
          },
          {
            "X": 0.40791502594947815,
            "Y": 0.370512455701828
          },
          {
            "X": 0.4079129695892334,
            "Y": 0.3925809860229492
          },
          {
            "X": 0.37653443217277527,
            "Y": 0.392556369304657
          }
        ]
      },
      "Id": "62d8e5ba-eb3f-4b28-b664-5007b0c8dab3",
      "Relationships": [
        {
          "Type": "CHILD",
          "Ids": [
            "b7f0921d-a2d6-4add-87a4-8ef257e9bd37"
          ]
        }
      ],
      "Page": 1
    },
    {
      "BlockType": "LINE",
      "Confidence": 99.61993408203125,
      "Text": "UL-94, 3.0 mm bar",
      "Geometry": {
        "BoundingBox": {
          "Width": 0.1469448357820511,
          "Height": 0.026604097336530685,
          "Left": 0.5258265137672424,
          "Top": 0.35998696088790894
        },
        "Polygon": [
          {
            "X": 0.5258265137672424,
            "Y": 0.35998696088790894
          },
          {
            "X": 0.6727539300918579,
            "Y": 0.3601069152355194
          },
          {
            "X": 0.6727713346481323,
            "Y": 0.3865910470485687
          },
          {
            "X": 0.5258328914642334,
            "Y": 0.3864748775959015
          }
        ]
      },
      "Id": "4b9aabd5-c2ba-41c9-885c-43c9abedf717",
      "Relationships": [
        {
          "Type": "CHILD",
          "Ids": [
            "e4a153db-b344-4420-9687-48aacfcb2c91",
            "6e317f37-2b90-463b-b677-1d0ec8444278",
            "8ce1c4a1-d18c-4419-bb29-4b47ab1b680a",
            "b092b0df-0d3b-4d88-af09-b824add134ea"
          ]
        }
      ],
      "Page": 1
    },
    {
      "BlockType": "LINE",
      "Confidence": 99.83827209472656,
      "Text": "Specimen",
      "Geometry": {
        "BoundingBox": {
          "Width": 0.07451474666595459,
          "Height": 0.027986355125904083,
          "Left": 0.24400322139263153,
          "Top": 0.39092734456062317
        },
        "Polygon": [
          {
            "X": 0.2440187782049179,
            "Y": 0.39092734456062317
          },
          {
            "X": 0.3185179531574249,
            "Y": 0.390985906124115
          },
          {
            "X": 0.3185082972049713,
            "Y": 0.41891369223594666
          },
          {
            "X": 0.24400322139263153,
            "Y": 0.4188571572303772
          }
        ]
      },
      "Id": "74a1c03f-023e-4c3c-a630-bbc8a271bb8c",
      "Relationships": [
        {
          "Type": "CHILD",
          "Ids": [
            "180f5faf-7c17-40ba-a851-8fec109d55b3"
          ]
        }
      ],
      "Page": 1
    },
    {
      "BlockType": "LINE",
      "Confidence": 99.95745086669922,
      "Text": "(%)",
      "Geometry": {
        "BoundingBox": {
          "Width": 0.028133556246757507,
          "Height": 0.027591409161686897,
          "Left": 0.38310644030570984,
          "Top": 0.4116192162036896
        },
        "Polygon": [
          {
            "X": 0.3831109404563904,
            "Y": 0.4116192162036896
          },
          {
            "X": 0.41123998165130615,
            "Y": 0.4116407632827759
          },
          {
            "X": 0.4112376868724823,
            "Y": 0.4392106235027313
          },
          {
            "X": 0.38310644030570984,
            "Y": 0.4391898214817047
          }
        ]
      },
      "Id": "797989a1-88e3-47f9-b7af-30044691004b",
      "Relationships": [
        {
          "Type": "CHILD",
          "Ids": [
            "483df57a-428f-458e-a053-6f5ffcaf95e6"
          ]
        }
      ],
      "Page": 1
    },
    {
      "BlockType": "LINE",
      "Confidence": 70.97049713134766,
      "Text": "t1 +t2 (s)",
      "Geometry": {
        "BoundingBox": {
          "Width": 0.06497831642627716,
          "Height": 0.029179995879530907,
          "Left": 0.44558021426200867,
          "Top": 0.4205683469772339
        },
        "Polygon": [
          {
            "X": 0.44558021426200867,
            "Y": 0.4205683469772339
          },
          {
            "X": 0.5105527639389038,
            "Y": 0.42061755061149597
          },
          {
            "X": 0.510558545589447,
            "Y": 0.44974833726882935
          },
          {
            "X": 0.4455806314945221,
            "Y": 0.4497009515762329
          }
        ]
      },
      "Id": "8e18b60a-f72f-46f7-bf70-4641858e86e8",
      "Relationships": [
        {
          "Type": "CHILD",
          "Ids": [
            "bb1af7c3-4772-473d-8fad-4c2648b13c30",
            "b3e80d41-ebd1-42c0-9ba4-c2c180096c22",
            "398b5352-6a7a-445f-af8f-4fe348a72129"
          ]
        }
      ],
      "Page": 1
    },
    {
      "BlockType": "LINE",
      "Confidence": 99.93273162841797,
      "Text": "Dripping",
      "Geometry": {
        "BoundingBox": {
          "Width": 0.0687887892127037,
          "Height": 0.029059354215860367,
          "Left": 0.545226514339447,
          "Top": 0.4216313064098358
        },
        "Polygon": [
          {
            "X": 0.545226514339447,
            "Y": 0.4216313064098358
          },
          {
            "X": 0.6140010952949524,
            "Y": 0.42168331146240234
          },
          {
            "X": 0.6140153408050537,
            "Y": 0.4506906569004059
          },
          {
            "X": 0.5452350974082947,
            "Y": 0.45064058899879456
          }
        ]
      },
      "Id": "6eade658-ce17-49ee-88f7-1e6d2eeaf05c",
      "Relationships": [
        {
          "Type": "CHILD",
          "Ids": [
            "912a6dae-06f5-499f-b3d7-9a466e12161e"
          ]
        }
      ],
      "Page": 1
    },
    {
      "BlockType": "LINE",
      "Confidence": 99.98700714111328,
      "Text": "Rating",
      "Geometry": {
        "BoundingBox": {
          "Width": 0.05083746463060379,
          "Height": 0.027957268059253693,
          "Left": 0.6752952337265015,
          "Top": 0.4219631552696228
        },
        "Polygon": [
          {
            "X": 0.6752952337265015,
            "Y": 0.4219631552696228
          },
          {
            "X": 0.7261101603507996,
            "Y": 0.42200157046318054
          },
          {
            "X": 0.7261326909065247,
            "Y": 0.4499204158782959
          },
          {
            "X": 0.6753137707710266,
            "Y": 0.449883371591568
          }
        ]
      },
      "Id": "64c555f7-d9b2-4960-a06d-d72fc71a490d",
      "Relationships": [
        {
          "Type": "CHILD",
          "Ids": [
            "e1b08d85-afe4-49a3-8b37-32b2e246fc65"
          ]
        }
      ],
      "Page": 1
    },
    {
      "BlockType": "LINE",
      "Confidence": 99.55467224121094,
      "Text": "EP",
      "Geometry": {
        "BoundingBox": {
          "Width": 0.021078621968626976,
          "Height": 0.021786104887723923,
          "Left": 0.2817240357398987,
          "Top": 0.47625085711479187
        },
        "Polygon": [
          {
            "X": 0.28173384070396423,
            "Y": 0.47625085711479187
          },
          {
            "X": 0.3028026521205902,
            "Y": 0.47626566886901855
          },
          {
            "X": 0.3027941584587097,
            "Y": 0.4980369806289673
          },
          {
            "X": 0.2817240357398987,
            "Y": 0.4980226159095764
          }
        ]
      },
      "Id": "a0ccd85d-0149-496f-b25e-06261934cc4e",
      "Relationships": [
        {
          "Type": "CHILD",
          "Ids": [
            "e6809f98-bb37-46e0-8047-476e1c53e24c"
          ]
        }
      ],
      "Page": 1
    },
    {
      "BlockType": "LINE",
      "Confidence": 99.86079406738281,
      "Text": "25.3",
      "Geometry": {
        "BoundingBox": {
          "Width": 0.032400935888290405,
          "Height": 0.021962935104966164,
          "Left": 0.37548157572746277,
          "Top": 0.4765336513519287
        },
        "Polygon": [
          {
            "X": 0.3754856288433075,
            "Y": 0.4765336513519287
          },
          {
            "X": 0.4078825116157532,
            "Y": 0.4765564203262329
          },
          {
            "X": 0.4078804552555084,
            "Y": 0.4984965920448303
          },
          {
            "X": 0.37548157572746277,
            "Y": 0.4984745383262634
          }
        ]
      },
      "Id": "42028d9f-e999-4789-9f96-23613e424a16",
      "Relationships": [
        {
          "Type": "CHILD",
          "Ids": [
            "a7d2787e-3ee5-447b-bbbd-9a2c950dac0c"
          ]
        }
      ],
      "Page": 1
    },
    {
      "BlockType": "LINE",
      "Confidence": 79.50702667236328,
      "Text": "BCb",
      "Geometry": {
        "BoundingBox": {
          "Width": 0.032140497118234634,
          "Height": 0.029430659487843513,
          "Left": 0.46210628747940063,
          "Top": 0.47037315368652344
        },
        "Polygon": [
          {
            "X": 0.46210628747940063,
            "Y": 0.47037315368652344
          },
          {
            "X": 0.4942423105239868,
            "Y": 0.47039595246315
          },
          {
            "X": 0.49424678087234497,
            "Y": 0.4998038113117218
          },
          {
            "X": 0.4621080458164215,
            "Y": 0.4997819662094116
          }
        ]
      },
      "Id": "4d8e9df4-4620-4ced-9946-72f1b20d1f72",
      "Relationships": [
        {
          "Type": "CHILD",
          "Ids": [
            "9190cbe2-8294-4e66-a322-428a5dae4463"
          ]
        }
      ],
      "Page": 1
    },
    {
      "BlockType": "LINE",
      "Confidence": 99.9916763305664,
      "Text": "Yes",
      "Geometry": {
        "BoundingBox": {
          "Width": 0.027198366820812225,
          "Height": 0.021574603393673897,
          "Left": 0.5656282901763916,
          "Top": 0.47664549946784973
        },
        "Polygon": [
          {
            "X": 0.5656282901763916,
            "Y": 0.47664549946784973
          },
          {
            "X": 0.5928173661231995,
            "Y": 0.47666460275650024
          },
          {
            "X": 0.5928266048431396,
            "Y": 0.4982200860977173
          },
          {
            "X": 0.5656358599662781,
            "Y": 0.49820154905319214
          }
        ]
      },
      "Id": "6a13dd29-3551-447c-a97e-7765efa38f26",
      "Relationships": [
        {
          "Type": "CHILD",
          "Ids": [
            "189ea710-7ba8-436d-834f-46a52c5e36e1"
          ]
        }
      ],
      "Page": 1
    },
    {
      "BlockType": "LINE",
      "Confidence": 99.96450805664062,
      "Text": "No rating",
      "Geometry": {
        "BoundingBox": {
          "Width": 0.0733000859618187,
          "Height": 0.0273154154419899,
          "Left": 0.6636198163032532,
          "Top": 0.4763708710670471
        },
        "Polygon": [
          {
            "X": 0.6636198163032532,
            "Y": 0.4763708710670471
          },
          {
            "X": 0.7368970513343811,
            "Y": 0.47642236948013306
          },
          {
            "X": 0.7369198799133301,
            "Y": 0.503686249256134
          },
          {
            "X": 0.6636369824409485,
            "Y": 0.5036367177963257
          }
        ]
      },
      "Id": "b1127a7a-31b1-4168-843f-671cccafa289",
      "Relationships": [
        {
          "Type": "CHILD",
          "Ids": [
            "6142f76d-7dd6-4a91-97ab-d89289b71654",
            "eb5d1523-c871-4471-a457-868ecc85dcd2"
          ]
        }
      ],
      "Page": 1
    },
    {
      "BlockType": "LINE",
      "Confidence": 99.57244873046875,
      "Text": "EP/PDAP4",
      "Geometry": {
        "BoundingBox": {
          "Width": 0.08531929552555084,
          "Height": 0.02163071185350418,
          "Left": 0.25071975588798523,
          "Top": 0.5212637186050415
        },
        "Polygon": [
          {
            "X": 0.25073137879371643,
            "Y": 0.5212637186050415
          },
          {
            "X": 0.33603906631469727,
            "Y": 0.5213199257850647
          },
          {
            "X": 0.3360326588153839,
            "Y": 0.5428944230079651
          },
          {
            "X": 0.25071975588798523,
            "Y": 0.5428400039672852
          }
        ]
      },
      "Id": "aa0a346d-e7e5-4f4e-a213-bf779a190691",
      "Relationships": [
        {
          "Type": "CHILD",
          "Ids": [
            "ddaf51ac-a3f4-40df-808a-5d11ec73f93d"
          ]
        }
      ],
      "Page": 1
    },
    {
      "BlockType": "LINE",
      "Confidence": 99.7144775390625,
      "Text": "33.7",
      "Geometry": {
        "BoundingBox": {
          "Width": 0.03305904567241669,
          "Height": 0.022049158811569214,
          "Left": 0.3755775988101959,
          "Top": 0.521479070186615
        },
        "Polygon": [
          {
            "X": 0.37558165192604065,
            "Y": 0.521479070186615
          },
          {
            "X": 0.4086366295814514,
            "Y": 0.521500825881958
          },
          {
            "X": 0.40863463282585144,
            "Y": 0.5435281991958618
          },
          {
            "X": 0.3755775988101959,
            "Y": 0.5435071587562561
          }
        ]
      },
      "Id": "fd27b0f1-0ac2-470d-b5a1-b53cdf4a921e",
      "Relationships": [
        {
          "Type": "CHILD",
          "Ids": [
            "ecca7bbd-fad0-4e6f-8f15-bb19454c49c7"
          ]
        }
      ],
      "Page": 1
    },
    {
      "BlockType": "LINE",
      "Confidence": 99.4300537109375,
      "Text": "5.6+8.2",
      "Geometry": {
        "BoundingBox": {
          "Width": 0.0572870597243309,
          "Height": 0.021984517574310303,
          "Left": 0.4494887590408325,
          "Top": 0.5212509036064148
        },
        "Polygon": [
          {
            "X": 0.4494887590408325,
            "Y": 0.5212509036064148
          },
          {
            "X": 0.5067717432975769,
            "Y": 0.5212886929512024
          },
          {
            "X": 0.5067757964134216,
            "Y": 0.5432354211807251
          },
          {
            "X": 0.4494893252849579,
            "Y": 0.5431988835334778
          }
        ]
      },
      "Id": "926b6fa0-8b2b-4992-84c3-7544c37b2ea4",
      "Relationships": [
        {
          "Type": "CHILD",
          "Ids": [
            "b0e9dcae-a5ef-493d-85b6-8579f2db4b03"
          ]
        }
      ],
      "Page": 1
    },
    {
      "BlockType": "LINE",
      "Confidence": 99.97789001464844,
      "Text": "No",
      "Geometry": {
        "BoundingBox": {
          "Width": 0.023408595472574234,
          "Height": 0.021846694871783257,
          "Left": 0.5672077536582947,
          "Top": 0.5211228132247925
        },
        "Polygon": [
          {
            "X": 0.5672077536582947,
            "Y": 0.5211228132247925
          },
          {
            "X": 0.5906071066856384,
            "Y": 0.5211382508277893
          },
          {
            "X": 0.5906163454055786,
            "Y": 0.5429695248603821
          },
          {
            "X": 0.5672155618667603,
            "Y": 0.5429546236991882
          }
        ]
      },
      "Id": "0bd3e219-2836-4fcd-a75f-b83289417e0b",
      "Relationships": [
        {
          "Type": "CHILD",
          "Ids": [
            "c4f529c8-c29f-49e5-94d7-ecd4102e6e88"
          ]
        }
      ],
      "Page": 1
    },
    {
      "BlockType": "LINE",
      "Confidence": 99.72704315185547,
      "Text": "V-1",
      "Geometry": {
        "BoundingBox": {
          "Width": 0.02554708532989025,
          "Height": 0.021104473620653152,
          "Left": 0.6864680051803589,
          "Top": 0.521367609500885
        },
        "Polygon": [
          {
            "X": 0.6864680051803589,
            "Y": 0.521367609500885
          },
          {
            "X": 0.7119988799095154,
            "Y": 0.5213844180107117
          },
          {
            "X": 0.7120150923728943,
            "Y": 0.5424720644950867
          },
          {
            "X": 0.6864826679229736,
            "Y": 0.5424557328224182
          }
        ]
      },
      "Id": "0e39d09e-526b-4529-985a-704bef9743a9",
      "Relationships": [
        {
          "Type": "CHILD",
          "Ids": [
            "bb32d805-ed3a-41c9-8080-f08c7849fd71"
          ]
        }
      ],
      "Page": 1
    },
    {
      "BlockType": "LINE",
      "Confidence": 98.81531524658203,
      "Text": "EP/PDAP7",
      "Geometry": {
        "BoundingBox": {
          "Width": 0.08494165539741516,
          "Height": 0.02214723452925682,
          "Left": 0.2502833604812622,
          "Top": 0.5668579339981079
        },
        "Polygon": [
          {
            "X": 0.2502952516078949,
            "Y": 0.5668579339981079
          },
          {
            "X": 0.335224986076355,
            "Y": 0.5669101476669312
          },
          {
            "X": 0.3352183997631073,
            "Y": 0.589005172252655
          },
          {
            "X": 0.2502833604812622,
            "Y": 0.5889548063278198
          }
        ]
      },
      "Id": "559039f8-798e-44cd-8263-56eeda9a7c2c",
      "Relationships": [
        {
          "Type": "CHILD",
          "Ids": [
            "50c56417-bf51-4f54-8abc-4533748968f6"
          ]
        }
      ],
      "Page": 1
    },
    {
      "BlockType": "LINE",
      "Confidence": 99.87841796875,
      "Text": "35.3",
      "Geometry": {
        "BoundingBox": {
          "Width": 0.03195063769817352,
          "Height": 0.022245539352297783,
          "Left": 0.3757641911506653,
          "Top": 0.5671434998512268
        },
        "Polygon": [
          {
            "X": 0.3757682740688324,
            "Y": 0.5671434998512268
          },
          {
            "X": 0.4077148139476776,
            "Y": 0.5671631097793579
          },
          {
            "X": 0.4077127277851105,
            "Y": 0.5893890261650085
          },
          {
            "X": 0.3757641911506653,
            "Y": 0.5893701314926147
          }
        ]
      },
      "Id": "ef92258b-15dc-4b93-80f5-502a712bc78e",
      "Relationships": [
        {
          "Type": "CHILD",
          "Ids": [
            "0eb7e9ed-fb4c-44bf-93d3-ef521ebfbaee"
          ]
        }
      ],
      "Page": 1
    },
    {
      "BlockType": "LINE",
      "Confidence": 97.94476318359375,
      "Text": "3.2+4.7",
      "Geometry": {
        "BoundingBox": {
          "Width": 0.057477399706840515,
          "Height": 0.022043636068701744,
          "Left": 0.4492911696434021,
          "Top": 0.5671374797821045
        },
        "Polygon": [
          {
            "X": 0.4492911696434021,
            "Y": 0.5671374797821045
          },
          {
            "X": 0.5067644715309143,
            "Y": 0.5671728253364563
          },
          {
            "X": 0.5067685842514038,
            "Y": 0.589181125164032
          },
          {
            "X": 0.4492917060852051,
            "Y": 0.5891470313072205
          }
        ]
      },
      "Id": "6342decf-a8df-46ee-bac5-d9578c79c4b2",
      "Relationships": [
        {
          "Type": "CHILD",
          "Ids": [
            "5657c996-2a91-4ae4-8576-c0805d77d40a"
          ]
        }
      ],
      "Page": 1
    },
    {
      "BlockType": "LINE",
      "Confidence": 99.97952270507812,
      "Text": "No",
      "Geometry": {
        "BoundingBox": {
          "Width": 0.023348258808255196,
          "Height": 0.022029729560017586,
          "Left": 0.5672855973243713,
          "Top": 0.5669513940811157
        },
        "Polygon": [
          {
            "X": 0.5672855973243713,
            "Y": 0.5669513940811157
          },
          {
            "X": 0.5906245112419128,
            "Y": 0.5669656991958618
          },
          {
            "X": 0.5906338691711426,
            "Y": 0.5889810919761658
          },
          {
            "X": 0.5672934651374817,
            "Y": 0.5889672636985779
          }
        ]
      },
      "Id": "ab44ab38-339d-4a51-98ba-6529697e165b",
      "Relationships": [
        {
          "Type": "CHILD",
          "Ids": [
            "92931885-9466-4549-bcbf-df7ca63bb9f5"
          ]
        }
      ],
      "Page": 1
    },
    {
      "BlockType": "LINE",
      "Confidence": 99.32261657714844,
      "Text": "V-0",
      "Geometry": {
        "BoundingBox": {
          "Width": 0.027931762859225273,
          "Height": 0.02186797372996807,
          "Left": 0.686333417892456,
          "Top": 0.5670264363288879
        },
        "Polygon": [
          {
            "X": 0.686333417892456,
            "Y": 0.5670264363288879
          },
          {
            "X": 0.7142482399940491,
            "Y": 0.5670436024665833
          },
          {
            "X": 0.7142651677131653,
            "Y": 0.5888944268226624
          },
          {
            "X": 0.6863486170768738,
            "Y": 0.5888778567314148
          }
        ]
      },
      "Id": "74375161-d01d-41cc-acb9-a103104e086e",
      "Relationships": [
        {
          "Type": "CHILD",
          "Ids": [
            "f0ce9eb6-82c0-47b9-a56d-81db2744e384"
          ]
        }
      ],
      "Page": 1
    },
    {
      "BlockType": "LINE",
      "Confidence": 96.85814666748047,
      "Text": "EP/PDAP10",
      "Geometry": {
        "BoundingBox": {
          "Width": 0.09416913241147995,
          "Height": 0.021983589977025986,
          "Left": 0.246195450425148,
          "Top": 0.6107655763626099
        },
        "Polygon": [
          {
            "X": 0.24620753526687622,
            "Y": 0.6107655763626099
          },
          {
            "X": 0.34036457538604736,
            "Y": 0.6108194589614868
          },
          {
            "X": 0.3403583765029907,
            "Y": 0.6327491998672485
          },
          {
            "X": 0.246195450425148,
            "Y": 0.632697343826294
          }
        ]
      },
      "Id": "808eb7c4-1795-436a-9182-a65dd26ca561",
      "Relationships": [
        {
          "Type": "CHILD",
          "Ids": [
            "8e194854-bc35-4735-b28d-f9f5c4cbc96b"
          ]
        }
      ],
      "Page": 1
    },
    {
      "BlockType": "LINE",
      "Confidence": 99.86255645751953,
      "Text": "37.7",
      "Geometry": {
        "BoundingBox": {
          "Width": 0.03297995403409004,
          "Height": 0.022041723132133484,
          "Left": 0.37569501996040344,
          "Top": 0.6108449697494507
        },
        "Polygon": [
          {
            "X": 0.37569907307624817,
            "Y": 0.6108449697494507
          },
          {
            "X": 0.4086749851703644,
            "Y": 0.6108638644218445
          },
          {
            "X": 0.4086729884147644,
            "Y": 0.6328867077827454
          },
          {
            "X": 0.37569501996040344,
            "Y": 0.6328685879707336
          }
        ]
      },
      "Id": "5e03606d-fd21-4fc4-a24d-fd7825f925bb",
      "Relationships": [
        {
          "Type": "CHILD",
          "Ids": [
            "ba8da23b-7c84-40de-9098-56cb3cc0626c"
          ]
        }
      ],
      "Page": 1
    },
    {
      "BlockType": "LINE",
      "Confidence": 98.23744201660156,
      "Text": "2.1+2.9",
      "Geometry": {
        "BoundingBox": {
          "Width": 0.05804097279906273,
          "Height": 0.022065667435526848,
          "Left": 0.44901368021965027,
          "Top": 0.6108202338218689
        },
        "Polygon": [
          {
            "X": 0.44901368021965027,
            "Y": 0.6108202338218689
          },
          {
            "X": 0.5070505142211914,
            "Y": 0.610853374004364
          },
          {
            "X": 0.5070546865463257,
            "Y": 0.6328858733177185
          },
          {
            "X": 0.44901421666145325,
            "Y": 0.6328539252281189
          }
        ]
      },
      "Id": "6e00d2de-0ca5-44f9-a354-898b34c7b0cd",
      "Relationships": [
        {
          "Type": "CHILD",
          "Ids": [
            "64f7aed6-94e0-4593-a91a-c4618c0ac1a3"
          ]
        }
      ],
      "Page": 1
    },
    {
      "BlockType": "LINE",
      "Confidence": 99.95785522460938,
      "Text": "No",
      "Geometry": {
        "BoundingBox": {
          "Width": 0.02313108742237091,
          "Height": 0.02206001617014408,
          "Left": 0.5674267411231995,
          "Top": 0.6104892492294312
        },
        "Polygon": [
          {
            "X": 0.5674267411231995,
            "Y": 0.6104892492294312
          },
          {
            "X": 0.5905484557151794,
            "Y": 0.6105024814605713
          },
          {
            "X": 0.5905578136444092,
            "Y": 0.6325492858886719
          },
          {
            "X": 0.5674346089363098,
            "Y": 0.6325365304946899
          }
        ]
      },
      "Id": "6256afac-1ddd-42b2-aeeb-d50bd0fbfa70",
      "Relationships": [
        {
          "Type": "CHILD",
          "Ids": [
            "137ba38e-fa09-433c-877e-facb7ec02da8"
          ]
        }
      ],
      "Page": 1
    },
    {
      "BlockType": "LINE",
      "Confidence": 98.90252685546875,
      "Text": "V-0",
      "Geometry": {
        "BoundingBox": {
          "Width": 0.0278796274214983,
          "Height": 0.022001972422003746,
          "Left": 0.6864649653434753,
          "Top": 0.610392689704895
        },
        "Polygon": [
          {
            "X": 0.6864649653434753,
            "Y": 0.610392689704895
          },
          {
            "X": 0.7143275737762451,
            "Y": 0.6104086637496948
          },
          {
            "X": 0.7143445611000061,
            "Y": 0.6323946714401245
          },
          {
            "X": 0.6864802837371826,
            "Y": 0.6323792934417725
          }
        ]
      },
      "Id": "b291edbe-3b54-4067-9de2-b1069293fb4e",
      "Relationships": [
        {
          "Type": "CHILD",
          "Ids": [
            "9b8501de-7e85-40a0-b39e-2cd646b85c3d"
          ]
        }
      ],
      "Page": 1
    },
    {
      "BlockType": "WORD",
      "Confidence": 99.78248596191406,
      "Text": "LOI",
      "TextType": "PRINTED",
      "Geometry": {
        "BoundingBox": {
          "Width": 0.03138059377670288,
          "Height": 0.02209382690489292,
          "Left": 0.37653443217277527,
          "Top": 0.37048715353012085
        },
        "Polygon": [
          {
            "X": 0.3765384554862976,
            "Y": 0.37048715353012085
          },
          {
            "X": 0.40791502594947815,
            "Y": 0.370512455701828
          },
          {
            "X": 0.4079129695892334,
            "Y": 0.3925809860229492
          },
          {
            "X": 0.37653443217277527,
            "Y": 0.392556369304657
          }
        ]
      },
      "Id": "b7f0921d-a2d6-4add-87a4-8ef257e9bd37",
      "Page": 1
    },
    {
      "BlockType": "WORD",
      "Confidence": 99.13118743896484,
      "Text": "UL-94,",
      "TextType": "PRINTED",
      "Geometry": {
        "BoundingBox": {
          "Width": 0.05505293980240822,
          "Height": 0.026511987671256065,
          "Left": 0.5258265137672424,
          "Top": 0.3600063920021057
        },
        "Polygon": [
          {
            "X": 0.5258265137672424,
            "Y": 0.3600063920021057
          },
          {
            "X": 0.5808689594268799,
            "Y": 0.36005133390426636
          },
          {
            "X": 0.5808794498443604,
            "Y": 0.3865183889865875
          },
          {
            "X": 0.5258328914642334,
            "Y": 0.3864748775959015
          }
        ]
      },
      "Id": "e4a153db-b344-4420-9687-48aacfcb2c91",
      "Page": 1
    },
    {
      "BlockType": "WORD",
      "Confidence": 99.599609375,
      "Text": "3.0",
      "TextType": "PRINTED",
      "Geometry": {
        "BoundingBox": {
          "Width": 0.023734599351882935,
          "Height": 0.02182558923959732,
          "Left": 0.5857406258583069,
          "Top": 0.3603108823299408
        },
        "Polygon": [
          {
            "X": 0.5857406258583069,
            "Y": 0.3603108823299408
          },
          {
            "X": 0.6094647645950317,
            "Y": 0.3603302538394928
          },
          {
            "X": 0.6094751954078674,
            "Y": 0.3821364939212799
          },
          {
            "X": 0.5857495665550232,
            "Y": 0.3821176290512085
          }
        ]
      },
      "Id": "6e317f37-2b90-463b-b677-1d0ec8444278",
      "Page": 1
    },
    {
      "BlockType": "WORD",
      "Confidence": 99.77816009521484,
      "Text": "mm",
      "TextType": "PRINTED",
      "Geometry": {
        "BoundingBox": {
          "Width": 0.030386315658688545,
          "Height": 0.01536723505705595,
          "Left": 0.6132382750511169,
          "Top": 0.36633315682411194
        },
        "Polygon": [
          {
            "X": 0.6132382750511169,
            "Y": 0.36633315682411194
          },
          {
            "X": 0.6436157822608948,
            "Y": 0.3663577735424042
          },
          {
            "X": 0.6436246037483215,
            "Y": 0.38170039653778076
          },
          {
            "X": 0.6132457852363586,
            "Y": 0.38167625665664673
          }
        ]
      },
      "Id": "8ce1c4a1-d18c-4419-bb29-4b47ab1b680a",
      "Page": 1
    },
    {
      "BlockType": "WORD",
      "Confidence": 99.9708023071289,
      "Text": "bar",
      "TextType": "PRINTED",
      "Geometry": {
        "BoundingBox": {
          "Width": 0.024951146915555,
          "Height": 0.02179424650967121,
          "Left": 0.647817075252533,
          "Top": 0.3600865602493286
        },
        "Polygon": [
          {
            "X": 0.647817075252533,
            "Y": 0.3600865602493286
          },
          {
            "X": 0.6727539300918579,
            "Y": 0.3601069152355194
          },
          {
            "X": 0.672768235206604,
            "Y": 0.3818807899951935
          },
          {
            "X": 0.6478298306465149,
            "Y": 0.38186097145080566
          }
        ]
      },
      "Id": "b092b0df-0d3b-4d88-af09-b824add134ea",
      "Page": 1
    },
    {
      "BlockType": "WORD",
      "Confidence": 99.83827209472656,
      "Text": "Specimen",
      "TextType": "PRINTED",
      "Geometry": {
        "BoundingBox": {
          "Width": 0.07451474666595459,
          "Height": 0.027986355125904083,
          "Left": 0.24400322139263153,
          "Top": 0.39092734456062317
        },
        "Polygon": [
          {
            "X": 0.2440187782049179,
            "Y": 0.39092734456062317
          },
          {
            "X": 0.3185179531574249,
            "Y": 0.390985906124115
          },
          {
            "X": 0.3185082972049713,
            "Y": 0.41891369223594666
          },
          {
            "X": 0.24400322139263153,
            "Y": 0.4188571572303772
          }
        ]
      },
      "Id": "180f5faf-7c17-40ba-a851-8fec109d55b3",
      "Page": 1
    },
    {
      "BlockType": "WORD",
      "Confidence": 99.95745086669922,
      "Text": "(%)",
      "TextType": "PRINTED",
      "Geometry": {
        "BoundingBox": {
          "Width": 0.028133556246757507,
          "Height": 0.027591409161686897,
          "Left": 0.38310644030570984,
          "Top": 0.4116192162036896
        },
        "Polygon": [
          {
            "X": 0.3831109404563904,
            "Y": 0.4116192162036896
          },
          {
            "X": 0.41123998165130615,
            "Y": 0.4116407632827759
          },
          {
            "X": 0.4112376868724823,
            "Y": 0.4392106235027313
          },
          {
            "X": 0.38310644030570984,
            "Y": 0.4391898214817047
          }
        ]
      },
      "Id": "483df57a-428f-458e-a053-6f5ffcaf95e6",
      "Page": 1
    },
    {
      "BlockType": "WORD",
      "Confidence": 77.70658874511719,
      "Text": "t1",
      "TextType": "PRINTED",
      "Geometry": {
        "BoundingBox": {
          "Width": 0.010517763905227184,
          "Height": 0.023292215541005135,
          "Left": 0.44558030366897583,
          "Top": 0.42641642689704895
        },
        "Polygon": [
          {
            "X": 0.44558030366897583,
            "Y": 0.42641642689704895
          },
          {
            "X": 0.4560970366001129,
            "Y": 0.4264243245124817
          },
          {
            "X": 0.4560980498790741,
            "Y": 0.44970864057540894
          },
          {
            "X": 0.4455806314945221,
            "Y": 0.4497009515762329
          }
        ]
      },
      "Id": "bb1af7c3-4772-473d-8fad-4c2648b13c30",
      "Page": 1
    },
    {
      "BlockType": "WORD",
      "Confidence": 35.56078338623047,
      "Text": "+t2",
      "TextType": "PRINTED",
      "Geometry": {
        "BoundingBox": {
          "Width": 0.030354684218764305,
          "Height": 0.02886967733502388,
          "Left": 0.4582991600036621,
          "Top": 0.4205779731273651
        },
        "Polygon": [
          {
            "X": 0.4582991600036621,
            "Y": 0.4205779731273651
          },
          {
            "X": 0.4886499345302582,
            "Y": 0.420600950717926
          },
          {
            "X": 0.48865383863449097,
            "Y": 0.4494476318359375
          },
          {
            "X": 0.4583005905151367,
            "Y": 0.44942551851272583
          }
        ]
      },
      "Id": "b3e80d41-ebd1-42c0-9ba4-c2c180096c22",
      "Page": 1
    },
    {
      "BlockType": "WORD",
      "Confidence": 99.64412689208984,
      "Text": "(s)",
      "TextType": "PRINTED",
      "Geometry": {
        "BoundingBox": {
          "Width": 0.019085844978690147,
          "Height": 0.026458004489541054,
          "Left": 0.4914725422859192,
          "Top": 0.4225430488586426
        },
        "Polygon": [
          {
            "X": 0.4914725422859192,
            "Y": 0.4225430488586426
          },
          {
            "X": 0.5105531811714172,
            "Y": 0.4225574731826782
          },
          {
            "X": 0.5105583667755127,
            "Y": 0.4490010440349579
          },
          {
            "X": 0.4914763569831848,
            "Y": 0.44898712635040283
          }
        ]
      },
      "Id": "398b5352-6a7a-445f-af8f-4fe348a72129",
      "Page": 1
    },
    {
      "BlockType": "WORD",
      "Confidence": 99.93273162841797,
      "Text": "Dripping",
      "TextType": "PRINTED",
      "Geometry": {
        "BoundingBox": {
          "Width": 0.0687887892127037,
          "Height": 0.029059354215860367,
          "Left": 0.545226514339447,
          "Top": 0.4216313064098358
        },
        "Polygon": [
          {
            "X": 0.545226514339447,
            "Y": 0.4216313064098358
          },
          {
            "X": 0.6140010952949524,
            "Y": 0.42168331146240234
          },
          {
            "X": 0.6140153408050537,
            "Y": 0.4506906569004059
          },
          {
            "X": 0.5452350974082947,
            "Y": 0.45064058899879456
          }
        ]
      },
      "Id": "912a6dae-06f5-499f-b3d7-9a466e12161e",
      "Page": 1
    },
    {
      "BlockType": "WORD",
      "Confidence": 99.98700714111328,
      "Text": "Rating",
      "TextType": "PRINTED",
      "Geometry": {
        "BoundingBox": {
          "Width": 0.05083746463060379,
          "Height": 0.027957268059253693,
          "Left": 0.6752952337265015,
          "Top": 0.4219631552696228
        },
        "Polygon": [
          {
            "X": 0.6752952337265015,
            "Y": 0.4219631552696228
          },
          {
            "X": 0.7261101603507996,
            "Y": 0.42200157046318054
          },
          {
            "X": 0.7261326909065247,
            "Y": 0.4499204158782959
          },
          {
            "X": 0.6753137707710266,
            "Y": 0.449883371591568
          }
        ]
      },
      "Id": "e1b08d85-afe4-49a3-8b37-32b2e246fc65",
      "Page": 1
    },
    {
      "BlockType": "WORD",
      "Confidence": 99.55467224121094,
      "Text": "EP",
      "TextType": "PRINTED",
      "Geometry": {
        "BoundingBox": {
          "Width": 0.021078621968626976,
          "Height": 0.021786104887723923,
          "Left": 0.2817240357398987,
          "Top": 0.47625085711479187
        },
        "Polygon": [
          {
            "X": 0.28173384070396423,
            "Y": 0.47625085711479187
          },
          {
            "X": 0.3028026521205902,
            "Y": 0.47626566886901855
          },
          {
            "X": 0.3027941584587097,
            "Y": 0.4980369806289673
          },
          {
            "X": 0.2817240357398987,
            "Y": 0.4980226159095764
          }
        ]
      },
      "Id": "e6809f98-bb37-46e0-8047-476e1c53e24c",
      "Page": 1
    },
    {
      "BlockType": "WORD",
      "Confidence": 99.86079406738281,
      "Text": "25.3",
      "TextType": "PRINTED",
      "Geometry": {
        "BoundingBox": {
          "Width": 0.032400935888290405,
          "Height": 0.021962935104966164,
          "Left": 0.37548157572746277,
          "Top": 0.4765336513519287
        },
        "Polygon": [
          {
            "X": 0.3754856288433075,
            "Y": 0.4765336513519287
          },
          {
            "X": 0.4078825116157532,
            "Y": 0.4765564203262329
          },
          {
            "X": 0.4078804552555084,
            "Y": 0.4984965920448303
          },
          {
            "X": 0.37548157572746277,
            "Y": 0.4984745383262634
          }
        ]
      },
      "Id": "a7d2787e-3ee5-447b-bbbd-9a2c950dac0c",
      "Page": 1
    },
    {
      "BlockType": "WORD",
      "Confidence": 79.50702667236328,
      "Text": "BCb",
      "TextType": "PRINTED",
      "Geometry": {
        "BoundingBox": {
          "Width": 0.032140497118234634,
          "Height": 0.029430659487843513,
          "Left": 0.46210628747940063,
          "Top": 0.47037315368652344
        },
        "Polygon": [
          {
            "X": 0.46210628747940063,
            "Y": 0.47037315368652344
          },
          {
            "X": 0.4942423105239868,
            "Y": 0.47039595246315
          },
          {
            "X": 0.49424678087234497,
            "Y": 0.4998038113117218
          },
          {
            "X": 0.4621080458164215,
            "Y": 0.4997819662094116
          }
        ]
      },
      "Id": "9190cbe2-8294-4e66-a322-428a5dae4463",
      "Page": 1
    },
    {
      "BlockType": "WORD",
      "Confidence": 99.9916763305664,
      "Text": "Yes",
      "TextType": "PRINTED",
      "Geometry": {
        "BoundingBox": {
          "Width": 0.027198366820812225,
          "Height": 0.021574603393673897,
          "Left": 0.5656282901763916,
          "Top": 0.47664549946784973
        },
        "Polygon": [
          {
            "X": 0.5656282901763916,
            "Y": 0.47664549946784973
          },
          {
            "X": 0.5928173661231995,
            "Y": 0.47666460275650024
          },
          {
            "X": 0.5928266048431396,
            "Y": 0.4982200860977173
          },
          {
            "X": 0.5656358599662781,
            "Y": 0.49820154905319214
          }
        ]
      },
      "Id": "189ea710-7ba8-436d-834f-46a52c5e36e1",
      "Page": 1
    },
    {
      "BlockType": "WORD",
      "Confidence": 99.93714141845703,
      "Text": "No",
      "TextType": "PRINTED",
      "Geometry": {
        "BoundingBox": {
          "Width": 0.024007122963666916,
          "Height": 0.021660104393959045,
          "Left": 0.6636200547218323,
          "Top": 0.476815402507782
        },
        "Polygon": [
          {
            "X": 0.6636200547218323,
            "Y": 0.476815402507782
          },
          {
            "X": 0.6876120567321777,
            "Y": 0.4768322706222534
          },
          {
            "X": 0.6876271963119507,
            "Y": 0.49847549200057983
          },
          {
            "X": 0.6636337637901306,
            "Y": 0.4984591603279114
          }
        ]
      },
      "Id": "6142f76d-7dd6-4a91-97ab-d89289b71654",
      "Page": 1
    },
    {
      "BlockType": "WORD",
      "Confidence": 99.99188995361328,
      "Text": "rating",
      "TextType": "PRINTED",
      "Geometry": {
        "BoundingBox": {
          "Width": 0.04486712068319321,
          "Height": 0.027295423671603203,
          "Left": 0.6920527815818787,
          "Top": 0.4763908386230469
        },
        "Polygon": [
          {
            "X": 0.6920527815818787,
            "Y": 0.4763908386230469
          },
          {
            "X": 0.7368970513343811,
            "Y": 0.47642236948013306
          },
          {
            "X": 0.7369198799133301,
            "Y": 0.503686249256134
          },
          {
            "X": 0.6920721530914307,
            "Y": 0.5036559104919434
          }
        ]
      },
      "Id": "eb5d1523-c871-4471-a457-868ecc85dcd2",
      "Page": 1
    },
    {
      "BlockType": "WORD",
      "Confidence": 99.57244873046875,
      "Text": "EP/PDAP4",
      "TextType": "PRINTED",
      "Geometry": {
        "BoundingBox": {
          "Width": 0.08531929552555084,
          "Height": 0.02163071185350418,
          "Left": 0.25071975588798523,
          "Top": 0.5212637186050415
        },
        "Polygon": [
          {
            "X": 0.25073137879371643,
            "Y": 0.5212637186050415
          },
          {
            "X": 0.33603906631469727,
            "Y": 0.5213199257850647
          },
          {
            "X": 0.3360326588153839,
            "Y": 0.5428944230079651
          },
          {
            "X": 0.25071975588798523,
            "Y": 0.5428400039672852
          }
        ]
      },
      "Id": "ddaf51ac-a3f4-40df-808a-5d11ec73f93d",
      "Page": 1
    },
    {
      "BlockType": "WORD",
      "Confidence": 99.7144775390625,
      "Text": "33.7",
      "TextType": "PRINTED",
      "Geometry": {
        "BoundingBox": {
          "Width": 0.03305904567241669,
          "Height": 0.022049158811569214,
          "Left": 0.3755775988101959,
          "Top": 0.521479070186615
        },
        "Polygon": [
          {
            "X": 0.37558165192604065,
            "Y": 0.521479070186615
          },
          {
            "X": 0.4086366295814514,
            "Y": 0.521500825881958
          },
          {
            "X": 0.40863463282585144,
            "Y": 0.5435281991958618
          },
          {
            "X": 0.3755775988101959,
            "Y": 0.5435071587562561
          }
        ]
      },
      "Id": "ecca7bbd-fad0-4e6f-8f15-bb19454c49c7",
      "Page": 1
    },
    {
      "BlockType": "WORD",
      "Confidence": 99.4300537109375,
      "Text": "5.6+8.2",
      "TextType": "PRINTED",
      "Geometry": {
        "BoundingBox": {
          "Width": 0.0572870597243309,
          "Height": 0.021984517574310303,
          "Left": 0.4494887590408325,
          "Top": 0.5212509036064148
        },
        "Polygon": [
          {
            "X": 0.4494887590408325,
            "Y": 0.5212509036064148
          },
          {
            "X": 0.5067717432975769,
            "Y": 0.5212886929512024
          },
          {
            "X": 0.5067757964134216,
            "Y": 0.5432354211807251
          },
          {
            "X": 0.4494893252849579,
            "Y": 0.5431988835334778
          }
        ]
      },
      "Id": "b0e9dcae-a5ef-493d-85b6-8579f2db4b03",
      "Page": 1
    },
    {
      "BlockType": "WORD",
      "Confidence": 99.97789001464844,
      "Text": "No",
      "TextType": "PRINTED",
      "Geometry": {
        "BoundingBox": {
          "Width": 0.023408595472574234,
          "Height": 0.021846694871783257,
          "Left": 0.5672077536582947,
          "Top": 0.5211228132247925
        },
        "Polygon": [
          {
            "X": 0.5672077536582947,
            "Y": 0.5211228132247925
          },
          {
            "X": 0.5906071066856384,
            "Y": 0.5211382508277893
          },
          {
            "X": 0.5906163454055786,
            "Y": 0.5429695248603821
          },
          {
            "X": 0.5672155618667603,
            "Y": 0.5429546236991882
          }
        ]
      },
      "Id": "c4f529c8-c29f-49e5-94d7-ecd4102e6e88",
      "Page": 1
    },
    {
      "BlockType": "WORD",
      "Confidence": 99.72704315185547,
      "Text": "V-1",
      "TextType": "PRINTED",
      "Geometry": {
        "BoundingBox": {
          "Width": 0.02554708532989025,
          "Height": 0.021104473620653152,
          "Left": 0.6864680051803589,
          "Top": 0.521367609500885
        },
        "Polygon": [
          {
            "X": 0.6864680051803589,
            "Y": 0.521367609500885
          },
          {
            "X": 0.7119988799095154,
            "Y": 0.5213844180107117
          },
          {
            "X": 0.7120150923728943,
            "Y": 0.5424720644950867
          },
          {
            "X": 0.6864826679229736,
            "Y": 0.5424557328224182
          }
        ]
      },
      "Id": "bb32d805-ed3a-41c9-8080-f08c7849fd71",
      "Page": 1
    },
    {
      "BlockType": "WORD",
      "Confidence": 98.81531524658203,
      "Text": "EP/PDAP7",
      "TextType": "PRINTED",
      "Geometry": {
        "BoundingBox": {
          "Width": 0.08494165539741516,
          "Height": 0.02214723452925682,
          "Left": 0.2502833604812622,
          "Top": 0.5668579339981079
        },
        "Polygon": [
          {
            "X": 0.2502952516078949,
            "Y": 0.5668579339981079
          },
          {
            "X": 0.335224986076355,
            "Y": 0.5669101476669312
          },
          {
            "X": 0.3352183997631073,
            "Y": 0.589005172252655
          },
          {
            "X": 0.2502833604812622,
            "Y": 0.5889548063278198
          }
        ]
      },
      "Id": "50c56417-bf51-4f54-8abc-4533748968f6",
      "Page": 1
    },
    {
      "BlockType": "WORD",
      "Confidence": 99.87841796875,
      "Text": "35.3",
      "TextType": "PRINTED",
      "Geometry": {
        "BoundingBox": {
          "Width": 0.03195063769817352,
          "Height": 0.022245539352297783,
          "Left": 0.3757641911506653,
          "Top": 0.5671434998512268
        },
        "Polygon": [
          {
            "X": 0.3757682740688324,
            "Y": 0.5671434998512268
          },
          {
            "X": 0.4077148139476776,
            "Y": 0.5671631097793579
          },
          {
            "X": 0.4077127277851105,
            "Y": 0.5893890261650085
          },
          {
            "X": 0.3757641911506653,
            "Y": 0.5893701314926147
          }
        ]
      },
      "Id": "0eb7e9ed-fb4c-44bf-93d3-ef521ebfbaee",
      "Page": 1
    },
    {
      "BlockType": "WORD",
      "Confidence": 97.94476318359375,
      "Text": "3.2+4.7",
      "TextType": "PRINTED",
      "Geometry": {
        "BoundingBox": {
          "Width": 0.057477399706840515,
          "Height": 0.022043636068701744,
          "Left": 0.4492911696434021,
          "Top": 0.5671374797821045
        },
        "Polygon": [
          {
            "X": 0.4492911696434021,
            "Y": 0.5671374797821045
          },
          {
            "X": 0.5067644715309143,
            "Y": 0.5671728253364563
          },
          {
            "X": 0.5067685842514038,
            "Y": 0.589181125164032
          },
          {
            "X": 0.4492917060852051,
            "Y": 0.5891470313072205
          }
        ]
      },
      "Id": "5657c996-2a91-4ae4-8576-c0805d77d40a",
      "Page": 1
    },
    {
      "BlockType": "WORD",
      "Confidence": 99.97952270507812,
      "Text": "No",
      "TextType": "PRINTED",
      "Geometry": {
        "BoundingBox": {
          "Width": 0.023348258808255196,
          "Height": 0.022029729560017586,
          "Left": 0.5672855973243713,
          "Top": 0.5669513940811157
        },
        "Polygon": [
          {
            "X": 0.5672855973243713,
            "Y": 0.5669513940811157
          },
          {
            "X": 0.5906245112419128,
            "Y": 0.5669656991958618
          },
          {
            "X": 0.5906338691711426,
            "Y": 0.5889810919761658
          },
          {
            "X": 0.5672934651374817,
            "Y": 0.5889672636985779
          }
        ]
      },
      "Id": "92931885-9466-4549-bcbf-df7ca63bb9f5",
      "Page": 1
    },
    {
      "BlockType": "WORD",
      "Confidence": 99.32261657714844,
      "Text": "V-0",
      "TextType": "PRINTED",
      "Geometry": {
        "BoundingBox": {
          "Width": 0.027931762859225273,
          "Height": 0.02186797372996807,
          "Left": 0.686333417892456,
          "Top": 0.5670264363288879
        },
        "Polygon": [
          {
            "X": 0.686333417892456,
            "Y": 0.5670264363288879
          },
          {
            "X": 0.7142482399940491,
            "Y": 0.5670436024665833
          },
          {
            "X": 0.7142651677131653,
            "Y": 0.5888944268226624
          },
          {
            "X": 0.6863486170768738,
            "Y": 0.5888778567314148
          }
        ]
      },
      "Id": "f0ce9eb6-82c0-47b9-a56d-81db2744e384",
      "Page": 1
    },
    {
      "BlockType": "WORD",
      "Confidence": 96.85814666748047,
      "Text": "EP/PDAP10",
      "TextType": "PRINTED",
      "Geometry": {
        "BoundingBox": {
          "Width": 0.09416913241147995,
          "Height": 0.021983589977025986,
          "Left": 0.246195450425148,
          "Top": 0.6107655763626099
        },
        "Polygon": [
          {
            "X": 0.24620753526687622,
            "Y": 0.6107655763626099
          },
          {
            "X": 0.34036457538604736,
            "Y": 0.6108194589614868
          },
          {
            "X": 0.3403583765029907,
            "Y": 0.6327491998672485
          },
          {
            "X": 0.246195450425148,
            "Y": 0.632697343826294
          }
        ]
      },
      "Id": "8e194854-bc35-4735-b28d-f9f5c4cbc96b",
      "Page": 1
    },
    {
      "BlockType": "WORD",
      "Confidence": 99.86255645751953,
      "Text": "37.7",
      "TextType": "PRINTED",
      "Geometry": {
        "BoundingBox": {
          "Width": 0.03297995403409004,
          "Height": 0.022041723132133484,
          "Left": 0.37569501996040344,
          "Top": 0.6108449697494507
        },
        "Polygon": [
          {
            "X": 0.37569907307624817,
            "Y": 0.6108449697494507
          },
          {
            "X": 0.4086749851703644,
            "Y": 0.6108638644218445
          },
          {
            "X": 0.4086729884147644,
            "Y": 0.6328867077827454
          },
          {
            "X": 0.37569501996040344,
            "Y": 0.6328685879707336
          }
        ]
      },
      "Id": "ba8da23b-7c84-40de-9098-56cb3cc0626c",
      "Page": 1
    },
    {
      "BlockType": "WORD",
      "Confidence": 98.23744201660156,
      "Text": "2.1+2.9",
      "TextType": "PRINTED",
      "Geometry": {
        "BoundingBox": {
          "Width": 0.05804097279906273,
          "Height": 0.022065667435526848,
          "Left": 0.44901368021965027,
          "Top": 0.6108202338218689
        },
        "Polygon": [
          {
            "X": 0.44901368021965027,
            "Y": 0.6108202338218689
          },
          {
            "X": 0.5070505142211914,
            "Y": 0.610853374004364
          },
          {
            "X": 0.5070546865463257,
            "Y": 0.6328858733177185
          },
          {
            "X": 0.44901421666145325,
            "Y": 0.6328539252281189
          }
        ]
      },
      "Id": "64f7aed6-94e0-4593-a91a-c4618c0ac1a3",
      "Page": 1
    },
    {
      "BlockType": "WORD",
      "Confidence": 99.95785522460938,
      "Text": "No",
      "TextType": "PRINTED",
      "Geometry": {
        "BoundingBox": {
          "Width": 0.02313108742237091,
          "Height": 0.02206001617014408,
          "Left": 0.5674267411231995,
          "Top": 0.6104892492294312
        },
        "Polygon": [
          {
            "X": 0.5674267411231995,
            "Y": 0.6104892492294312
          },
          {
            "X": 0.5905484557151794,
            "Y": 0.6105024814605713
          },
          {
            "X": 0.5905578136444092,
            "Y": 0.6325492858886719
          },
          {
            "X": 0.5674346089363098,
            "Y": 0.6325365304946899
          }
        ]
      },
      "Id": "137ba38e-fa09-433c-877e-facb7ec02da8",
      "Page": 1
    },
    {
      "BlockType": "WORD",
      "Confidence": 98.90252685546875,
      "Text": "V-0",
      "TextType": "PRINTED",
      "Geometry": {
        "BoundingBox": {
          "Width": 0.0278796274214983,
          "Height": 0.022001972422003746,
          "Left": 0.6864649653434753,
          "Top": 0.610392689704895
        },
        "Polygon": [
          {
            "X": 0.6864649653434753,
            "Y": 0.610392689704895
          },
          {
            "X": 0.7143275737762451,
            "Y": 0.6104086637496948
          },
          {
            "X": 0.7143445611000061,
            "Y": 0.6323946714401245
          },
          {
            "X": 0.6864802837371826,
            "Y": 0.6323792934417725
          }
        ]
      },
      "Id": "9b8501de-7e85-40a0-b39e-2cd646b85c3d",
      "Page": 1
    },
    {
      "BlockType": "TABLE",
      "Confidence": 96.875,
      "Geometry": {
        "BoundingBox": {
          "Width": 0.5386456847190857,
          "Height": 0.30549943447113037,
          "Left": 0.23069342970848083,
          "Top": 0.3459145426750183
        },
        "Polygon": [
          {
            "X": 0.23087480664253235,
            "Y": 0.3459145426750183
          },
          {
            "X": 0.7690554261207581,
            "Y": 0.3463612198829651
          },
          {
            "X": 0.7693391442298889,
            "Y": 0.6514139771461487
          },
          {
            "X": 0.23069342970848083,
            "Y": 0.6511271595954895
          }
        ]
      },
      "Id": "bd3fc723-1992-443f-ad17-7e9e0ec28893",
      "Relationships": [
        {
          "Type": "CHILD",
          "Ids": [
            "3bf6b772-4a76-4184-aba1-1978fd448069",
            "bb365f9d-c06e-4b55-b018-a0035cbcb333",
            "2f04bf99-68f1-4682-bf72-acae72ea1dac",
            "49be6513-2354-4e8e-befa-862f40e223ea",
            "621bd42d-608a-4741-b3de-4dc6896ff007",
            "83df80ef-07c4-4816-a965-b58d8dbd0e49",
            "586cb136-2a81-40a7-b5ce-3b3bddb8e91c",
            "dc84e4ea-c066-4b6c-aeb3-2bbc04a45964",
            "d810462c-1b53-4a50-9ae5-69d99d752dbb",
            "116328ae-dee6-4e81-867c-8c56dc92828d",
            "7b2acf53-1486-42af-9135-ff2b655d7163",
            "da498b84-e408-444d-8e6d-12724033f2c6",
            "aaf4962a-8e2f-4708-af68-ceb48768f930",
            "b6c04753-c5cd-4753-aaeb-3450dd585fd4",
            "f2747306-b929-44c9-b48c-e02200d96510",
            "f982b896-d18c-4c9c-b9eb-75b4cb8f1e6e",
            "6c1e2e4a-a3c2-40f4-a8d9-6e27b7d1c19f",
            "896e1859-70e8-4478-845c-0a6fa7dc66b3",
            "e1120698-7340-4471-a8f0-8c68ee4668e5",
            "f598d9f9-384b-4fba-808d-ed86151c62c0",
            "c898dc9d-2686-4770-95df-7cc70a5fe205",
            "8c49f3d7-b5e2-4c71-9e0d-79f808806d91",
            "7067f218-2098-45e6-bd7e-8799cea91e8b",
            "4913c94f-8700-4a30-9b1b-c598ad2cfe85",
            "d086b425-8e15-49f6-85f9-48ce71823ca2",
            "6d6ea532-539e-409c-9147-0232475c12a0",
            "120cbca4-3cfb-49b9-8ff8-4b9c914545d5",
            "e1df369d-a562-4383-bfcf-cdfd75af4a8e",
            "2d7ad581-729c-4ba9-8f99-578bbae2566e",
            "c5df8546-50dc-4d80-a479-241f0a0ffa4b"
          ]
        },
        {
          "Type": "MERGED_CELL",
          "Ids": [
            "5dbdc7ba-dc2e-4385-b56a-700245a273e0",
            "840aecb1-4a50-46a9-b2c0-dc84aed51542",
            "83874c99-12ad-4754-a786-7eb667e9e771"
          ]
        }
      ],
      "EntityTypes": [
        "STRUCTURED_TABLE"
      ],
      "Page": 1
    },
    {
      "BlockType": "CELL",
      "Confidence": 88.18359375,
      "RowIndex": 1,
      "ColumnIndex": 1,
      "RowSpan": 1,
      "ColumnSpan": 1,
      "Geometry": {
        "BoundingBox": {
          "Width": 0.12784264981746674,
          "Height": 0.06119275093078613,
          "Left": 0.23082038760185242,
          "Top": 0.34584447741508484
        },
        "Polygon": [
          {
            "X": 0.23085670173168182,
            "Y": 0.34584447741508484
          },
          {
            "X": 0.35866302251815796,
            "Y": 0.34595054388046265
          },
          {
            "X": 0.3586488366127014,
            "Y": 0.40703722834587097
          },
          {
            "X": 0.23082038760185242,
            "Y": 0.40693873167037964
          }
        ]
      },
      "Id": "3bf6b772-4a76-4184-aba1-1978fd448069",
      "Relationships": [
        {
          "Type": "CHILD",
          "Ids": [
            "180f5faf-7c17-40ba-a851-8fec109d55b3"
          ]
        }
      ],
      "EntityTypes": [
        "COLUMN_HEADER"
      ],
      "Page": 1
    },
    {
      "BlockType": "CELL",
      "Confidence": 55.6640625,
      "RowIndex": 1,
      "ColumnIndex": 2,
      "RowSpan": 1,
      "ColumnSpan": 1,
      "Geometry": {
        "BoundingBox": {
          "Width": 0.07260005921125412,
          "Height": 0.06114260479807854,
          "Left": 0.3586488366127014,
          "Top": 0.34595054388046265
        },
        "Polygon": [
          {
            "X": 0.35866302251815796,
            "Y": 0.34595054388046265
          },
          {
            "X": 0.43124890327453613,
            "Y": 0.34601080417633057
          },
          {
            "X": 0.4312472641468048,
            "Y": 0.4070931375026703
          },
          {
            "X": 0.3586488366127014,
            "Y": 0.40703722834587097
          }
        ]
      },
      "Id": "bb365f9d-c06e-4b55-b018-a0035cbcb333",
      "Relationships": [
        {
          "Type": "CHILD",
          "Ids": [
            "b7f0921d-a2d6-4add-87a4-8ef257e9bd37"
          ]
        }
      ],
      "EntityTypes": [
        "COLUMN_HEADER"
      ],
      "Page": 1
    },
    {
      "BlockType": "CELL",
      "Confidence": 91.259765625,
      "RowIndex": 1,
      "ColumnIndex": 3,
      "RowSpan": 1,
      "ColumnSpan": 1,
      "Geometry": {
        "BoundingBox": {
          "Width": 0.09829398989677429,
          "Height": 0.061158087104558945,
          "Left": 0.4312472641468048,
          "Top": 0.34601080417633057
        },
        "Polygon": [
          {
            "X": 0.43124890327453613,
            "Y": 0.34601080417633057
          },
          {
            "X": 0.529525876045227,
            "Y": 0.3460923731327057
          },
          {
            "X": 0.5295412540435791,
            "Y": 0.4071688950061798
          },
          {
            "X": 0.4312472641468048,
            "Y": 0.4070931375026703
          }
        ]
      },
      "Id": "2f04bf99-68f1-4682-bf72-acae72ea1dac",
      "EntityTypes": [
        "COLUMN_HEADER"
      ],
      "Page": 1
    },
    {
      "BlockType": "CELL",
      "Confidence": 91.259765625,
      "RowIndex": 1,
      "ColumnIndex": 4,
      "RowSpan": 1,
      "ColumnSpan": 1,
      "Geometry": {
        "BoundingBox": {
          "Width": 0.11038462072610855,
          "Height": 0.061161551624536514,
          "Left": 0.529525876045227,
          "Top": 0.3460923731327057
        },
        "Polygon": [
          {
            "X": 0.529525876045227,
            "Y": 0.3460923731327057
          },
          {
            "X": 0.6398760676383972,
            "Y": 0.3461839556694031
          },
          {
            "X": 0.6399105191230774,
            "Y": 0.4072539210319519
          },
          {
            "X": 0.5295412540435791,
            "Y": 0.4071688950061798
          }
        ]
      },
      "Id": "49be6513-2354-4e8e-befa-862f40e223ea",
      "Relationships": [
        {
          "Type": "CHILD",
          "Ids": [
            "e4a153db-b344-4420-9687-48aacfcb2c91",
            "6e317f37-2b90-463b-b677-1d0ec8444278",
            "8ce1c4a1-d18c-4419-bb29-4b47ab1b680a"
          ]
        }
      ],
      "EntityTypes": [
        "COLUMN_HEADER"
      ],
      "Page": 1
    },
    {
      "BlockType": "CELL",
      "Confidence": 91.259765625,
      "RowIndex": 1,
      "ColumnIndex": 5,
      "RowSpan": 1,
      "ColumnSpan": 1,
      "Geometry": {
        "BoundingBox": {
          "Width": 0.12927235662937164,
          "Height": 0.06116953492164612,
          "Left": 0.6398760676383972,
          "Top": 0.3461839556694031
        },
        "Polygon": [
          {
            "X": 0.6398760676383972,
            "Y": 0.3461839556694031
          },
          {
            "X": 0.7690916061401367,
            "Y": 0.3462912142276764
          },
          {
            "X": 0.7691484093666077,
            "Y": 0.4073534905910492
          },
          {
            "X": 0.6399105191230774,
            "Y": 0.4072539210319519
          }
        ]
      },
      "Id": "621bd42d-608a-4741-b3de-4dc6896ff007",
      "Relationships": [
        {
          "Type": "CHILD",
          "Ids": [
            "b092b0df-0d3b-4d88-af09-b824add134ea"
          ]
        }
      ],
      "EntityTypes": [
        "COLUMN_HEADER"
      ],
      "Page": 1
    },
    {
      "BlockType": "CELL",
      "Confidence": 88.18359375,
      "RowIndex": 2,
      "ColumnIndex": 1,
      "RowSpan": 1,
      "ColumnSpan": 1,
      "Geometry": {
        "BoundingBox": {
          "Width": 0.12786546349525452,
          "Height": 0.06235947832465172,
          "Left": 0.2307833731174469,
          "Top": 0.40693873167037964
        },
        "Polygon": [
          {
            "X": 0.23082038760185242,
            "Y": 0.40693873167037964
          },
          {
            "X": 0.3586488366127014,
            "Y": 0.40703722834587097
          },
          {
            "X": 0.3586343824863434,
            "Y": 0.46929821372032166
          },
          {
            "X": 0.2307833731174469,
            "Y": 0.4692074656486511
          }
        ]
      },
      "Id": "83df80ef-07c4-4816-a965-b58d8dbd0e49",
      "EntityTypes": [
        "COLUMN_HEADER"
      ],
      "Page": 1
    },
    {
      "BlockType": "CELL",
      "Confidence": 55.6640625,
      "RowIndex": 2,
      "ColumnIndex": 2,
      "RowSpan": 1,
      "ColumnSpan": 1,
      "Geometry": {
        "BoundingBox": {
          "Width": 0.07261288911104202,
          "Height": 0.0623125284910202,
          "Left": 0.3586343824863434,
          "Top": 0.40703722834587097
        },
        "Polygon": [
          {
            "X": 0.3586488366127014,
            "Y": 0.40703722834587097
          },
          {
            "X": 0.4312472641468048,
            "Y": 0.4070931375026703
          },
          {
            "X": 0.4312455952167511,
            "Y": 0.46934974193573
          },
          {
            "X": 0.3586343824863434,
            "Y": 0.46929821372032166
          }
        ]
      },
      "Id": "586cb136-2a81-40a7-b5ce-3b3bddb8e91c",
      "Relationships": [
        {
          "Type": "CHILD",
          "Ids": [
            "483df57a-428f-458e-a053-6f5ffcaf95e6"
          ]
        }
      ],
      "EntityTypes": [
        "COLUMN_HEADER"
      ],
      "Page": 1
    },
    {
      "BlockType": "CELL",
      "Confidence": 90.625,
      "RowIndex": 2,
      "ColumnIndex": 3,
      "RowSpan": 1,
      "ColumnSpan": 1,
      "Geometry": {
        "BoundingBox": {
          "Width": 0.09831131994724274,
          "Height": 0.06232637166976929,
          "Left": 0.4312455952167511,
          "Top": 0.4070931375026703
        },
        "Polygon": [
          {
            "X": 0.4312472641468048,
            "Y": 0.4070931375026703
          },
          {
            "X": 0.5295412540435791,
            "Y": 0.4071688950061798
          },
          {
            "X": 0.529556930065155,
            "Y": 0.4694195091724396
          },
          {
            "X": 0.4312455952167511,
            "Y": 0.46934974193573
          }
        ]
      },
      "Id": "dc84e4ea-c066-4b6c-aeb3-2bbc04a45964",
      "Relationships": [
        {
          "Type": "CHILD",
          "Ids": [
            "bb1af7c3-4772-473d-8fad-4c2648b13c30",
            "b3e80d41-ebd1-42c0-9ba4-c2c180096c22",
            "398b5352-6a7a-445f-af8f-4fe348a72129"
          ]
        }
      ],
      "EntityTypes": [
        "COLUMN_HEADER"
      ],
      "Page": 1
    },
    {
      "BlockType": "CELL",
      "Confidence": 88.525390625,
      "RowIndex": 2,
      "ColumnIndex": 4,
      "RowSpan": 1,
      "ColumnSpan": 1,
      "Geometry": {
        "BoundingBox": {
          "Width": 0.1104043647646904,
          "Height": 0.062328990548849106,
          "Left": 0.5295412540435791,
          "Top": 0.4071688950061798
        },
        "Polygon": [
          {
            "X": 0.5295412540435791,
            "Y": 0.4071688950061798
          },
          {
            "X": 0.6399105191230774,
            "Y": 0.4072539210319519
          },
          {
            "X": 0.6399456262588501,
            "Y": 0.4694978594779968
          },
          {
            "X": 0.529556930065155,
            "Y": 0.4694195091724396
          }
        ]
      },
      "Id": "d810462c-1b53-4a50-9ae5-69d99d752dbb",
      "Relationships": [
        {
          "Type": "CHILD",
          "Ids": [
            "912a6dae-06f5-499f-b3d7-9a466e12161e"
          ]
        }
      ],
      "EntityTypes": [
        "COLUMN_HEADER"
      ],
      "Page": 1
    },
    {
      "BlockType": "CELL",
      "Confidence": 89.111328125,
      "RowIndex": 2,
      "ColumnIndex": 5,
      "RowSpan": 1,
      "ColumnSpan": 1,
      "Geometry": {
        "BoundingBox": {
          "Width": 0.12925952672958374,
          "Height": 0.062335673719644547,
          "Left": 0.6399105191230774,
          "Top": 0.4072539210319519
        },
        "Polygon": [
          {
            "X": 0.6399105191230774,
            "Y": 0.4072539210319519
          },
          {
            "X": 0.7691121697425842,
            "Y": 0.4073534607887268
          },
          {
            "X": 0.7691700458526611,
            "Y": 0.46958959102630615
          },
          {
            "X": 0.6399456262588501,
            "Y": 0.4694978594779968
          }
        ]
      },
      "Id": "116328ae-dee6-4e81-867c-8c56dc92828d",
      "Relationships": [
        {
          "Type": "CHILD",
          "Ids": [
            "e1b08d85-afe4-49a3-8b37-32b2e246fc65"
          ]
        }
      ],
      "EntityTypes": [
        "COLUMN_HEADER"
      ],
      "Page": 1
    },
    {
      "BlockType": "CELL",
      "Confidence": 86.71875,
      "RowIndex": 3,
      "ColumnIndex": 1,
      "RowSpan": 1,
      "ColumnSpan": 1,
      "Geometry": {
        "BoundingBox": {
          "Width": 0.12785682082176208,
          "Height": 0.040456805378198624,
          "Left": 0.2307775467634201,
          "Top": 0.4692074656486511
        },
        "Polygon": [
          {
            "X": 0.2308015376329422,
            "Y": 0.4692074656486511
          },
          {
            "X": 0.3586343824863434,
            "Y": 0.46929821372032166
          },
          {
            "X": 0.35862499475479126,
            "Y": 0.5096642971038818
          },
          {
            "X": 0.2307775467634201,
            "Y": 0.5095785856246948
          }
        ]
      },
      "Id": "7b2acf53-1486-42af-9135-ff2b655d7163",
      "Relationships": [
        {
          "Type": "CHILD",
          "Ids": [
            "e6809f98-bb37-46e0-8047-476e1c53e24c"
          ]
        }
      ],
      "Page": 1
    },
    {
      "BlockType": "CELL",
      "Confidence": 79.58984375,
      "RowIndex": 3,
      "ColumnIndex": 2,
      "RowSpan": 1,
      "ColumnSpan": 1,
      "Geometry": {
        "BoundingBox": {
          "Width": 0.07262060791254044,
          "Height": 0.040414758026599884,
          "Left": 0.35862499475479126,
          "Top": 0.46929821372032166
        },
        "Polygon": [
          {
            "X": 0.3586343824863434,
            "Y": 0.46929821372032166
          },
          {
            "X": 0.4312455952167511,
            "Y": 0.46934974193573
          },
          {
            "X": 0.43124452233314514,
            "Y": 0.5097129940986633
          },
          {
            "X": 0.35862499475479126,
            "Y": 0.5096642971038818
          }
        ]
      },
      "Id": "da498b84-e408-444d-8e6d-12724033f2c6",
      "Relationships": [
        {
          "Type": "CHILD",
          "Ids": [
            "a7d2787e-3ee5-447b-bbbd-9a2c950dac0c"
          ]
        }
      ],
      "Page": 1
    },
    {
      "BlockType": "CELL",
      "Confidence": 86.181640625,
      "RowIndex": 3,
      "ColumnIndex": 3,
      "RowSpan": 1,
      "ColumnSpan": 1,
      "Geometry": {
        "BoundingBox": {
          "Width": 0.0983225479722023,
          "Height": 0.04042913764715195,
          "Left": 0.43124452233314514,
          "Top": 0.46934974193573
        },
        "Polygon": [
          {
            "X": 0.4312455952167511,
            "Y": 0.46934974193573
          },
          {
            "X": 0.529556930065155,
            "Y": 0.4694195091724396
          },
          {
            "X": 0.5295670628547668,
            "Y": 0.5097788572311401
          },
          {
            "X": 0.43124452233314514,
            "Y": 0.5097129940986633
          }
        ]
      },
      "Id": "aaf4962a-8e2f-4708-af68-ceb48768f930",
      "Relationships": [
        {
          "Type": "CHILD",
          "Ids": [
            "9190cbe2-8294-4e66-a322-428a5dae4463"
          ]
        }
      ],
      "Page": 1
    },
    {
      "BlockType": "CELL",
      "Confidence": 84.1796875,
      "RowIndex": 3,
      "ColumnIndex": 4,
      "RowSpan": 1,
      "ColumnSpan": 1,
      "Geometry": {
        "BoundingBox": {
          "Width": 0.11041147261857986,
          "Height": 0.0404333770275116,
          "Left": 0.529556930065155,
          "Top": 0.4694195091724396
        },
        "Polygon": [
          {
            "X": 0.529556930065155,
            "Y": 0.4694195091724396
          },
          {
            "X": 0.6399456262588501,
            "Y": 0.4694978594779968
          },
          {
            "X": 0.6399683952331543,
            "Y": 0.5098528861999512
          },
          {
            "X": 0.5295670628547668,
            "Y": 0.5097788572311401
          }
        ]
      },
      "Id": "b6c04753-c5cd-4753-aaeb-3450dd585fd4",
      "Relationships": [
        {
          "Type": "CHILD",
          "Ids": [
            "189ea710-7ba8-436d-834f-46a52c5e36e1"
          ]
        }
      ],
      "Page": 1
    },
    {
      "BlockType": "CELL",
      "Confidence": 84.765625,
      "RowIndex": 3,
      "ColumnIndex": 5,
      "RowSpan": 1,
      "ColumnSpan": 1,
      "Geometry": {
        "BoundingBox": {
          "Width": 0.12926194071769714,
          "Height": 0.04044166952371597,
          "Left": 0.6399456262588501,
          "Top": 0.4694978594779968
        },
        "Polygon": [
          {
            "X": 0.6399456262588501,
            "Y": 0.4694978594779968
          },
          {
            "X": 0.7691700458526611,
            "Y": 0.46958959102630615
          },
          {
            "X": 0.7692075371742249,
            "Y": 0.5099395513534546
          },
          {
            "X": 0.6399683952331543,
            "Y": 0.5098528861999512
          }
        ]
      },
      "Id": "f2747306-b929-44c9-b48c-e02200d96510",
      "Relationships": [
        {
          "Type": "CHILD",
          "Ids": [
            "6142f76d-7dd6-4a91-97ab-d89289b71654",
            "eb5d1523-c871-4471-a457-868ecc85dcd2"
          ]
        }
      ],
      "Page": 1
    },
    {
      "BlockType": "CELL",
      "Confidence": 88.232421875,
      "RowIndex": 4,
      "ColumnIndex": 1,
      "RowSpan": 1,
      "ColumnSpan": 1,
      "Geometry": {
        "BoundingBox": {
          "Width": 0.12787418067455292,
          "Height": 0.0450759194791317,
          "Left": 0.23075081408023834,
          "Top": 0.5095785856246948
        },
        "Polygon": [
          {
            "X": 0.2307775467634201,
            "Y": 0.5095785856246948
          },
          {
            "X": 0.35862499475479126,
            "Y": 0.5096642971038818
          },
          {
            "X": 0.3586145341396332,
            "Y": 0.5546544790267944
          },
          {
            "X": 0.23075081408023834,
            "Y": 0.5545743703842163
          }
        ]
      },
      "Id": "f982b896-d18c-4c9c-b9eb-75b4cb8f1e6e",
      "Relationships": [
        {
          "Type": "CHILD",
          "Ids": [
            "ddaf51ac-a3f4-40df-808a-5d11ec73f93d"
          ]
        }
      ],
      "Page": 1
    },
    {
      "BlockType": "CELL",
      "Confidence": 81.005859375,
      "RowIndex": 4,
      "ColumnIndex": 2,
      "RowSpan": 1,
      "ColumnSpan": 1,
      "Geometry": {
        "BoundingBox": {
          "Width": 0.07262998074293137,
          "Height": 0.0450357161462307,
          "Left": 0.3586145341396332,
          "Top": 0.5096642971038818
        },
        "Polygon": [
          {
            "X": 0.35862499475479126,
            "Y": 0.5096642971038818
          },
          {
            "X": 0.43124452233314514,
            "Y": 0.5097129940986633
          },
          {
            "X": 0.43124330043792725,
            "Y": 0.5547000169754028
          },
          {
            "X": 0.3586145341396332,
            "Y": 0.5546544790267944
          }
        ]
      },
      "Id": "6c1e2e4a-a3c2-40f4-a8d9-6e27b7d1c19f",
      "Relationships": [
        {
          "Type": "CHILD",
          "Ids": [
            "ecca7bbd-fad0-4e6f-8f15-bb19454c49c7"
          ]
        }
      ],
      "Page": 1
    },
    {
      "BlockType": "CELL",
      "Confidence": 87.6953125,
      "RowIndex": 4,
      "ColumnIndex": 3,
      "RowSpan": 1,
      "ColumnSpan": 1,
      "Geometry": {
        "BoundingBox": {
          "Width": 0.09833507239818573,
          "Height": 0.04504864290356636,
          "Left": 0.43124330043792725,
          "Top": 0.5097129940986633
        },
        "Polygon": [
          {
            "X": 0.43124452233314514,
            "Y": 0.5097129940986633
          },
          {
            "X": 0.5295670628547668,
            "Y": 0.5097788572311401
          },
          {
            "X": 0.5295783877372742,
            "Y": 0.5547615885734558
          },
          {
            "X": 0.43124330043792725,
            "Y": 0.5547000169754028
          }
        ]
      },
      "Id": "896e1859-70e8-4478-845c-0a6fa7dc66b3",
      "Relationships": [
        {
          "Type": "CHILD",
          "Ids": [
            "b0e9dcae-a5ef-493d-85b6-8579f2db4b03"
          ]
        }
      ],
      "Page": 1
    },
    {
      "BlockType": "CELL",
      "Confidence": 85.693359375,
      "RowIndex": 4,
      "ColumnIndex": 4,
      "RowSpan": 1,
      "ColumnSpan": 1,
      "Geometry": {
        "BoundingBox": {
          "Width": 0.11042668670415878,
          "Height": 0.04505190625786781,
          "Left": 0.5295670628547668,
          "Top": 0.5097788572311401
        },
        "Polygon": [
          {
            "X": 0.5295670628547668,
            "Y": 0.5097788572311401
          },
          {
            "X": 0.6399683952331543,
            "Y": 0.5098528861999512
          },
          {
            "X": 0.6399937272071838,
            "Y": 0.55483078956604
          },
          {
            "X": 0.5295783877372742,
            "Y": 0.5547615885734558
          }
        ]
      },
      "Id": "e1120698-7340-4471-a8f0-8c68ee4668e5",
      "Relationships": [
        {
          "Type": "CHILD",
          "Ids": [
            "c4f529c8-c29f-49e5-94d7-ecd4102e6e88"
          ]
        }
      ],
      "Page": 1
    },
    {
      "BlockType": "CELL",
      "Confidence": 86.279296875,
      "RowIndex": 4,
      "ColumnIndex": 5,
      "RowSpan": 1,
      "ColumnSpan": 1,
      "Geometry": {
        "BoundingBox": {
          "Width": 0.12928099930286407,
          "Height": 0.045058880001306534,
          "Left": 0.6399683952331543,
          "Top": 0.5098528861999512
        },
        "Polygon": [
          {
            "X": 0.6399683952331543,
            "Y": 0.5098528861999512
          },
          {
            "X": 0.7692075371742249,
            "Y": 0.5099395513534546
          },
          {
            "X": 0.7692493796348572,
            "Y": 0.5549117922782898
          },
          {
            "X": 0.6399937272071838,
            "Y": 0.55483078956604
          }
        ]
      },
      "Id": "f598d9f9-384b-4fba-808d-ed86151c62c0",
      "Relationships": [
        {
          "Type": "CHILD",
          "Ids": [
            "bb32d805-ed3a-41c9-8080-f08c7849fd71"
          ]
        }
      ],
      "Page": 1
    },
    {
      "BlockType": "CELL",
      "Confidence": 84.08203125,
      "RowIndex": 5,
      "ColumnIndex": 1,
      "RowSpan": 1,
      "ColumnSpan": 1,
      "Geometry": {
        "BoundingBox": {
          "Width": 0.1278904676437378,
          "Height": 0.045081786811351776,
          "Left": 0.23072406649589539,
          "Top": 0.5545743703842163
        },
        "Polygon": [
          {
            "X": 0.23075081408023834,
            "Y": 0.5545743703842163
          },
          {
            "X": 0.3586145341396332,
            "Y": 0.5546544790267944
          },
          {
            "X": 0.3586040735244751,
            "Y": 0.5996561646461487
          },
          {
            "X": 0.23072406649589539,
            "Y": 0.5995816588401794
          }
        ]
      },
      "Id": "c898dc9d-2686-4770-95df-7cc70a5fe205",
      "Relationships": [
        {
          "Type": "CHILD",
          "Ids": [
            "50c56417-bf51-4f54-8abc-4533748968f6"
          ]
        }
      ],
      "Page": 1
    },
    {
      "BlockType": "CELL",
      "Confidence": 77.1484375,
      "RowIndex": 5,
      "ColumnIndex": 2,
      "RowSpan": 1,
      "ColumnSpan": 1,
      "Geometry": {
        "BoundingBox": {
          "Width": 0.07263922691345215,
          "Height": 0.04504399746656418,
          "Left": 0.3586040735244751,
          "Top": 0.5546544790267944
        },
        "Polygon": [
          {
            "X": 0.3586145341396332,
            "Y": 0.5546544790267944
          },
          {
            "X": 0.43124330043792725,
            "Y": 0.5547000169754028
          },
          {
            "X": 0.43124210834503174,
            "Y": 0.5996984839439392
          },
          {
            "X": 0.3586040735244751,
            "Y": 0.5996561646461487
          }
        ]
      },
      "Id": "8c49f3d7-b5e2-4c71-9e0d-79f808806d91",
      "Relationships": [
        {
          "Type": "CHILD",
          "Ids": [
            "0eb7e9ed-fb4c-44bf-93d3-ef521ebfbaee"
          ]
        }
      ],
      "Page": 1
    },
    {
      "BlockType": "CELL",
      "Confidence": 83.544921875,
      "RowIndex": 5,
      "ColumnIndex": 3,
      "RowSpan": 1,
      "ColumnSpan": 1,
      "Geometry": {
        "BoundingBox": {
          "Width": 0.09834759682416916,
          "Height": 0.04505579546093941,
          "Left": 0.43124210834503174,
          "Top": 0.5547000169754028
        },
        "Polygon": [
          {
            "X": 0.43124330043792725,
            "Y": 0.5547000169754028
          },
          {
            "X": 0.5295783877372742,
            "Y": 0.5547615885734558
          },
          {
            "X": 0.5295897126197815,
            "Y": 0.5997557640075684
          },
          {
            "X": 0.43124210834503174,
            "Y": 0.5996984839439392
          }
        ]
      },
      "Id": "7067f218-2098-45e6-bd7e-8799cea91e8b",
      "Relationships": [
        {
          "Type": "CHILD",
          "Ids": [
            "5657c996-2a91-4ae4-8576-c0805d77d40a"
          ]
        }
      ],
      "Page": 1
    },
    {
      "BlockType": "CELL",
      "Confidence": 81.640625,
      "RowIndex": 5,
      "ColumnIndex": 4,
      "RowSpan": 1,
      "ColumnSpan": 1,
      "Geometry": {
        "BoundingBox": {
          "Width": 0.11044075340032578,
          "Height": 0.04505852982401848,
          "Left": 0.5295783877372742,
          "Top": 0.5547615885734558
        },
        "Polygon": [
          {
            "X": 0.5295783877372742,
            "Y": 0.5547615885734558
          },
          {
            "X": 0.6399937272071838,
            "Y": 0.55483078956604
          },
          {
            "X": 0.6400191187858582,
            "Y": 0.5998201370239258
          },
          {
            "X": 0.5295897126197815,
            "Y": 0.5997557640075684
          }
        ]
      },
      "Id": "4913c94f-8700-4a30-9b1b-c598ad2cfe85",
      "Relationships": [
        {
          "Type": "CHILD",
          "Ids": [
            "92931885-9466-4549-bcbf-df7ca63bb9f5"
          ]
        }
      ],
      "Page": 1
    },
    {
      "BlockType": "CELL",
      "Confidence": 82.177734375,
      "RowIndex": 5,
      "ColumnIndex": 5,
      "RowSpan": 1,
      "ColumnSpan": 1,
      "Geometry": {
        "BoundingBox": {
          "Width": 0.12929745018482208,
          "Height": 0.04506467282772064,
          "Left": 0.6399937272071838,
          "Top": 0.55483078956604
        },
        "Polygon": [
          {
            "X": 0.6399937272071838,
            "Y": 0.55483078956604
          },
          {
            "X": 0.7692493796348572,
            "Y": 0.5549117922782898
          },
          {
            "X": 0.7692912220954895,
            "Y": 0.5998954772949219
          },
          {
            "X": 0.6400191187858582,
            "Y": 0.5998201370239258
          }
        ]
      },
      "Id": "d086b425-8e15-49f6-85f9-48ce71823ca2",
      "Relationships": [
        {
          "Type": "CHILD",
          "Ids": [
            "f0ce9eb6-82c0-47b9-a56d-81db2744e384"
          ]
        }
      ],
      "Page": 1
    },
    {
      "BlockType": "CELL",
      "Confidence": 90.283203125,
      "RowIndex": 6,
      "ColumnIndex": 1,
      "RowSpan": 1,
      "ColumnSpan": 1,
      "Geometry": {
        "BoundingBox": {
          "Width": 0.12791064381599426,
          "Height": 0.051613640040159225,
          "Left": 0.23069342970848083,
          "Top": 0.5995816588401794
        },
        "Polygon": [
          {
            "X": 0.23072406649589539,
            "Y": 0.5995816588401794
          },
          {
            "X": 0.3586040735244751,
            "Y": 0.5996561646461487
          },
          {
            "X": 0.35859209299087524,
            "Y": 0.6511952877044678
          },
          {
            "X": 0.23069342970848083,
            "Y": 0.6511271595954895
          }
        ]
      },
      "Id": "6d6ea532-539e-409c-9147-0232475c12a0",
      "Relationships": [
        {
          "Type": "CHILD",
          "Ids": [
            "8e194854-bc35-4735-b28d-f9f5c4cbc96b"
          ]
        }
      ],
      "Page": 1
    },
    {
      "BlockType": "CELL",
      "Confidence": 82.861328125,
      "RowIndex": 6,
      "ColumnIndex": 2,
      "RowSpan": 1,
      "ColumnSpan": 1,
      "Geometry": {
        "BoundingBox": {
          "Width": 0.0726500004529953,
          "Height": 0.05157780647277832,
          "Left": 0.35859209299087524,
          "Top": 0.5996561646461487
        },
        "Polygon": [
          {
            "X": 0.3586040735244751,
            "Y": 0.5996561646461487
          },
          {
            "X": 0.43124210834503174,
            "Y": 0.5996984839439392
          },
          {
            "X": 0.4312407374382019,
            "Y": 0.651233971118927
          },
          {
            "X": 0.35859209299087524,
            "Y": 0.6511952877044678
          }
        ]
      },
      "Id": "120cbca4-3cfb-49b9-8ff8-4b9c914545d5",
      "Relationships": [
        {
          "Type": "CHILD",
          "Ids": [
            "ba8da23b-7c84-40de-9098-56cb3cc0626c"
          ]
        }
      ],
      "Page": 1
    },
    {
      "BlockType": "CELL",
      "Confidence": 89.697265625,
      "RowIndex": 6,
      "ColumnIndex": 3,
      "RowSpan": 1,
      "ColumnSpan": 1,
      "Geometry": {
        "BoundingBox": {
          "Width": 0.09836193919181824,
          "Height": 0.05158785358071327,
          "Left": 0.4312407374382019,
          "Top": 0.5996984839439392
        },
        "Polygon": [
          {
            "X": 0.43124210834503174,
            "Y": 0.5996984839439392
          },
          {
            "X": 0.5295897126197815,
            "Y": 0.5997557640075684
          },
          {
            "X": 0.5296026468276978,
            "Y": 0.6512863636016846
          },
          {
            "X": 0.4312407374382019,
            "Y": 0.651233971118927
          }
        ]
      },
      "Id": "e1df369d-a562-4383-bfcf-cdfd75af4a8e",
      "Relationships": [
        {
          "Type": "CHILD",
          "Ids": [
            "64f7aed6-94e0-4593-a91a-c4618c0ac1a3"
          ]
        }
      ],
      "Page": 1
    },
    {
      "BlockType": "CELL",
      "Confidence": 87.646484375,
      "RowIndex": 6,
      "ColumnIndex": 4,
      "RowSpan": 1,
      "ColumnSpan": 1,
      "Geometry": {
        "BoundingBox": {
          "Width": 0.11045850068330765,
          "Height": 0.05158935487270355,
          "Left": 0.5295897126197815,
          "Top": 0.5997557640075684
        },
        "Polygon": [
          {
            "X": 0.5295897126197815,
            "Y": 0.5997557640075684
          },
          {
            "X": 0.6400191187858582,
            "Y": 0.5998201370239258
          },
          {
            "X": 0.6400482058525085,
            "Y": 0.6513451337814331
          },
          {
            "X": 0.5296026468276978,
            "Y": 0.6512863636016846
          }
        ]
      },
      "Id": "2d7ad581-729c-4ba9-8f99-578bbae2566e",
      "Relationships": [
        {
          "Type": "CHILD",
          "Ids": [
            "137ba38e-fa09-433c-877e-facb7ec02da8"
          ]
        }
      ],
      "Page": 1
    },
    {
      "BlockType": "CELL",
      "Confidence": 88.232421875,
      "RowIndex": 6,
      "ColumnIndex": 5,
      "RowSpan": 1,
      "ColumnSpan": 1,
      "Geometry": {
        "BoundingBox": {
          "Width": 0.12931999564170837,
          "Height": 0.0515938475728035,
          "Left": 0.6400191187858582,
          "Top": 0.5998201370239258
        },
        "Polygon": [
          {
            "X": 0.6400191187858582,
            "Y": 0.5998201370239258
          },
          {
            "X": 0.7692912220954895,
            "Y": 0.5998954772949219
          },
          {
            "X": 0.7693391442298889,
            "Y": 0.6514139771461487
          },
          {
            "X": 0.6400482058525085,
            "Y": 0.6513451337814331
          }
        ]
      },
      "Id": "c5df8546-50dc-4d80-a479-241f0a0ffa4b",
      "Relationships": [
        {
          "Type": "CHILD",
          "Ids": [
            "9b8501de-7e85-40a0-b39e-2cd646b85c3d"
          ]
        }
      ],
      "Page": 1
    },
    {
      "BlockType": "MERGED_CELL",
      "Confidence": 88.18359375,
      "RowIndex": 1,
      "ColumnIndex": 1,
      "RowSpan": 2,
      "ColumnSpan": 1,
      "Geometry": {
        "BoundingBox": {
          "Width": 0.12786146998405457,
          "Height": 0.12338365614414215,
          "Left": 0.2308015376329422,
          "Top": 0.3459145426750183
        },
        "Polygon": [
          {
            "X": 0.23087480664253235,
            "Y": 0.3459145426750183
          },
          {
            "X": 0.35866302251815796,
            "Y": 0.3460206091403961
          },
          {
            "X": 0.3586343824863434,
            "Y": 0.46929821372032166
          },
          {
            "X": 0.2308015376329422,
            "Y": 0.4692074656486511
          }
        ]
      },
      "Id": "5dbdc7ba-dc2e-4385-b56a-700245a273e0",
      "Relationships": [
        {
          "Type": "CHILD",
          "Ids": [
            "3bf6b772-4a76-4184-aba1-1978fd448069",
            "83df80ef-07c4-4816-a965-b58d8dbd0e49"
          ]
        }
      ],
      "EntityTypes": [
        "COLUMN_HEADER"
      ],
      "Page": 1
    },
    {
      "BlockType": "MERGED_CELL",
      "Confidence": 55.6640625,
      "RowIndex": 1,
      "ColumnIndex": 2,
      "RowSpan": 2,
      "ColumnSpan": 1,
      "Geometry": {
        "BoundingBox": {
          "Width": 0.07261452823877335,
          "Height": 0.12332913279533386,
          "Left": 0.3586343824863434,
          "Top": 0.3460206091403961
        },
        "Polygon": [
          {
            "X": 0.35866302251815796,
            "Y": 0.3460206091403961
          },
          {
            "X": 0.43124890327453613,
            "Y": 0.34608083963394165
          },
          {
            "X": 0.4312455952167511,
            "Y": 0.46934974193573
          },
          {
            "X": 0.3586343824863434,
            "Y": 0.46929821372032166
          }
        ]
      },
      "Id": "840aecb1-4a50-46a9-b2c0-dc84aed51542",
      "Relationships": [
        {
          "Type": "CHILD",
          "Ids": [
            "bb365f9d-c06e-4b55-b018-a0035cbcb333",
            "586cb136-2a81-40a7-b5ce-3b3bddb8e91c"
          ]
        }
      ],
      "EntityTypes": [
        "COLUMN_HEADER"
      ],
      "Page": 1
    },
    {
      "BlockType": "MERGED_CELL",
      "Confidence": 91.259765625,
      "RowIndex": 1,
      "ColumnIndex": 3,
      "RowSpan": 1,
      "ColumnSpan": 3,
      "Geometry": {
        "BoundingBox": {
          "Width": 0.3378649055957794,
          "Height": 0.06127261370420456,
          "Left": 0.4312472641468048,
          "Top": 0.34608083963394165
        },
        "Polygon": [
          {
            "X": 0.43124890327453613,
            "Y": 0.34608083963394165
          },
          {
            "X": 0.7690554261207581,
            "Y": 0.3463612198829651
          },
          {
            "X": 0.7691121697425842,
            "Y": 0.4073534607887268
          },
          {
            "X": 0.4312472641468048,
            "Y": 0.4070931375026703
          }
        ]
      },
      "Id": "83874c99-12ad-4754-a786-7eb667e9e771",
      "Relationships": [
        {
          "Type": "CHILD",
          "Ids": [
            "2f04bf99-68f1-4682-bf72-acae72ea1dac",
            "49be6513-2354-4e8e-befa-862f40e223ea",
            "621bd42d-608a-4741-b3de-4dc6896ff007"
          ]
        }
      ],
      "EntityTypes": [
        "COLUMN_HEADER"
      ],
      "Page": 1
    }
  ],
  "AnalyzeDocumentModelVersion": "1.0"
}