{
  "DocumentMetadata": {
    "Pages": 1
  },
  "JobStatus": "SUCCEEDED",
  "Blocks": [
    {
      "BlockType": "PAGE",
      "Geometry": {
        "BoundingBox": {
          "Width": 1,
          "Height": 1,
          "Left": 0,
          "Top": 0
        },
        "Polygon": [
          {
            "X": 0,
            "Y": 0
          },
          {
            "X": 1,
            "Y": 0.0000011979781220361474
          },
          {
            "X": 1,
            "Y": 1
          },
          {
            "X": 0.00002040569597738795,
            "Y": 1
          }
        ]
      },
      "Id": "9daa7c99-454a-4dc8-9735-860f299eaab7",
      "Relationships": [
        {
          "Type": "CHILD",
          "Ids": [
            "6c0ee0e3-0626-44fc-b340-4991326f7356",
            "f80c4b5d-9bb3-499d-be03-627c4d063776",
            "c8337cc1-16e4-4614-a559-43eb26e403e4",
            "a62866c6-ece4-4959-8865-38ebe8c1157a",
            "309b614a-c187-4c27-b284-bddb35b9c6c5",
            "a2cf0aa7-6ea0-45a3-84d5-57463d858cb1",
            "8da3b892-1593-4894-b128-6837419342e6",
            "c979ec97-f9f6-4c25-a118-91bf43f5732a",
            "f0575995-e67d-4f07-8c2b-bd606b49f987",
            "5432b873-e93c-4367-9156-7490d2cfd6c0",
            "27eca28a-3bdc-4af0-b9bf-b01e09b227a6",
            "461ecfee-1d0e-4246-b98b-ba2bb0b745be",
            "48c9a0a7-f2c9-4062-97be-013c67aa7654",
            "2aa2aeb3-3e50-4758-9011-e8f10eb215af",
            "e19ac156-f627-458e-b3f4-45b4fb0520e8",
            "f086aff5-ca92-40d2-9ac9-e88b86a22edf",
            "a24b8922-7df2-4bbb-a0ee-72f69b090766",
            "cd5db1ce-57e3-4aad-ac86-1ca6675b8333",
            "1934722f-f972-4bb5-a1b0-535ff4a91311",
            "bfa6badf-01fe-4012-a746-898d7371f2c8",
            "ca67da71-8e69-4183-acc5-1d58b67835bd",
            "6b1828e6-0a9c-4b80-8123-7ff92b90f30a",
            "f69cc578-0568-4e9c-9c38-607984b03cf1",
            "cac0b0b7-a904-4ccc-9351-c19edde57d5c",
            "ee89c471-64be-4630-9069-703da3f95a1d",
            "5da3027d-138d-4192-b736-608657b7c9e2"
          ]
        }
      ],
      "Page": 1
    },
    {
      "BlockType": "LINE",
      "Confidence": 81.85848236083984,
      "Text": "Heating rate (°C/min)",
      "Geometry": {
        "BoundingBox": {
          "Width": 0.1393042653799057,
          "Height": 0.026005301624536514,
          "Left": 0.24862505495548248,
          "Top": 0.413463294506073
        },
        "Polygon": [
          {
            "X": 0.24862505495548248,
            "Y": 0.413463294506073
          },
          {
            "X": 0.3877184987068176,
            "Y": 0.41352108120918274
          },
          {
            "X": 0.3879293203353882,
            "Y": 0.4394685924053192
          },
          {
            "X": 0.24883125722408295,
            "Y": 0.43942147493362427
          }
        ]
      },
      "Id": "6c0ee0e3-0626-44fc-b340-4991326f7356",
      "Relationships": [
        {
          "Type": "CHILD",
          "Ids": [
            "8a72fcf1-1856-4b69-a664-b50e0487a19a",
            "a3dcb168-0c09-4e07-814d-edfc9c159b27",
            "4fec1888-4055-42ac-86f0-7c375b74e363"
          ]
        }
      ],
      "Page": 1
    },
    {
      "BlockType": "LINE",
      "Confidence": 78.7928237915039,
      "Text": "EP-0 (°C)",
      "Geometry": {
        "BoundingBox": {
          "Width": 0.05878717079758644,
          "Height": 0.025677714496850967,
          "Left": 0.41353169083595276,
          "Top": 0.41356173157691956
        },
        "Polygon": [
          {
            "X": 0.41353169083595276,
            "Y": 0.41356173157691956
          },
          {
            "X": 0.4721076190471649,
            "Y": 0.4135860502719879
          },
          {
            "X": 0.4723188579082489,
            "Y": 0.4392394423484802
          },
          {
            "X": 0.41374102234840393,
            "Y": 0.43921956419944763
          }
        ]
      },
      "Id": "f80c4b5d-9bb3-499d-be03-627c4d063776",
      "Relationships": [
        {
          "Type": "CHILD",
          "Ids": [
            "8887d304-aa3c-4f2a-92d5-263222080bb2",
            "b50dff6a-815c-471c-b729-4d60c826705f"
          ]
        }
      ],
      "Page": 1
    },
    {
      "BlockType": "LINE",
      "Confidence": 75.51676940917969,
      "Text": "EP-0.25 (°C)",
      "Geometry": {
        "BoundingBox": {
          "Width": 0.07748362421989441,
          "Height": 0.02561650238931179,
          "Left": 0.498725950717926,
          "Top": 0.41349390149116516
        },
        "Polygon": [
          {
            "X": 0.498725950717926,
            "Y": 0.41349390149116516
          },
          {
            "X": 0.5759954452514648,
            "Y": 0.4135260283946991
          },
          {
            "X": 0.5762096047401428,
            "Y": 0.4391104280948639
          },
          {
            "X": 0.49893757700920105,
            "Y": 0.43908414244651794
          }
        ]
      },
      "Id": "c8337cc1-16e4-4614-a559-43eb26e403e4",
      "Relationships": [
        {
          "Type": "CHILD",
          "Ids": [
            "1b18c12a-5b50-44b3-8544-fe238e9cc723",
            "ef224f2f-bfa3-45b7-9369-587542880275"
          ]
        }
      ],
      "Page": 1
    },
    {
      "BlockType": "LINE",
      "Confidence": 78.06895446777344,
      "Text": "EP-0.5 (°C)",
      "Geometry": {
        "BoundingBox": {
          "Width": 0.07001939415931702,
          "Height": 0.02600473165512085,
          "Left": 0.6020168662071228,
          "Top": 0.4133128523826599
        },
        "Polygon": [
          {
            "X": 0.6020168662071228,
            "Y": 0.4133128523826599
          },
          {
            "X": 0.6718156337738037,
            "Y": 0.4133419096469879
          },
          {
            "X": 0.6720362901687622,
            "Y": 0.43931758403778076
          },
          {
            "X": 0.6022351980209351,
            "Y": 0.43929389119148254
          }
        ]
      },
      "Id": "a62866c6-ece4-4959-8865-38ebe8c1157a",
      "Relationships": [
        {
          "Type": "CHILD",
          "Ids": [
            "12f154a8-b7f4-4bcb-96c6-edfe4f1662c1",
            "9e1e7e07-89ce-41a7-bd40-9591a1a04382"
          ]
        }
      ],
      "Page": 1
    },
    {
      "BlockType": "LINE",
      "Confidence": 81.30716705322266,
      "Text": "EP-1 (°C)",
      "Geometry": {
        "BoundingBox": {
          "Width": 0.05858227610588074,
          "Height": 0.02581774815917015,
          "Left": 0.6979884505271912,
          "Top": 0.41359731554985046
        },
        "Polygon": [
          {
            "X": 0.6979884505271912,
            "Y": 0.41359731554985046
          },
          {
            "X": 0.756348729133606,
            "Y": 0.41362157464027405
          },
          {
            "X": 0.7565706968307495,
            "Y": 0.4394150674343109
          },
          {
            "X": 0.6982084512710571,
            "Y": 0.4393952786922455
          }
        ]
      },
      "Id": "309b614a-c187-4c27-b284-bddb35b9c6c5",
      "Relationships": [
        {
          "Type": "CHILD",
          "Ids": [
            "2667ff87-5d0f-4c6e-b292-3d1219c7834a",
            "fbbcdb03-e8b4-4b58-8f49-75c8e5506e0f"
          ]
        }
      ],
      "Page": 1
    },
    {
      "BlockType": "LINE",
      "Confidence": 99.89759826660156,
      "Text": "5",
      "Geometry": {
        "BoundingBox": {
          "Width": 0.00718444911763072,
          "Height": 0.01891079731285572,
          "Left": 0.2487623691558838,
          "Top": 0.4651336967945099
        },
        "Polygon": [
          {
            "X": 0.2487623691558838,
            "Y": 0.4651336967945099
          },
          {
            "X": 0.2557964324951172,
            "Y": 0.4651355445384979
          },
          {
            "X": 0.2559468150138855,
            "Y": 0.48404449224472046
          },
          {
            "X": 0.24891257286071777,
            "Y": 0.48404306173324585
          }
        ]
      },
      "Id": "a2cf0aa7-6ea0-45a3-84d5-57463d858cb1",
      "Relationships": [
        {
          "Type": "CHILD",
          "Ids": [
            "cd4864a2-b856-4496-b89b-77da578b020d"
          ]
        }
      ],
      "Page": 1
    },
    {
      "BlockType": "LINE",
      "Confidence": 94.89302825927734,
      "Text": "147.1",
      "Geometry": {
        "BoundingBox": {
          "Width": 0.0328291654586792,
          "Height": 0.019723178818821907,
          "Left": 0.41463226079940796,
          "Top": 0.46444129943847656
        },
        "Polygon": [
          {
            "X": 0.41463226079940796,
            "Y": 0.46444129943847656
          },
          {
            "X": 0.4472997188568115,
            "Y": 0.464449942111969
          },
          {
            "X": 0.44746142625808716,
            "Y": 0.4841644763946533
          },
          {
            "X": 0.41479313373565674,
            "Y": 0.4841577410697937
          }
        ]
      },
      "Id": "8da3b892-1593-4894-b128-6837419342e6",
      "Relationships": [
        {
          "Type": "CHILD",
          "Ids": [
            "9baf9c18-ecde-47d6-9702-ba6846ef8aad"
          ]
        }
      ],
      "Page": 1
    },
    {
      "BlockType": "LINE",
      "Confidence": 69.49633026123047,
      "Text": "136.4",
      "Geometry": {
        "BoundingBox": {
          "Width": 0.034446392208337784,
          "Height": 0.019858306273818016,
          "Left": 0.4993862807750702,
          "Top": 0.46447238326072693
        },
        "Polygon": [
          {
            "X": 0.4993862807750702,
            "Y": 0.46447238326072693
          },
          {
            "X": 0.5336676239967346,
            "Y": 0.4644814431667328
          },
          {
            "X": 0.5338326692581177,
            "Y": 0.4843306839466095
          },
          {
            "X": 0.4995504319667816,
            "Y": 0.4843236207962036
          }
        ]
      },
      "Id": "c979ec97-f9f6-4c25-a118-91bf43f5732a",
      "Relationships": [
        {
          "Type": "CHILD",
          "Ids": [
            "156825b8-df72-40b9-a73c-c5dbb7ac8992"
          ]
        }
      ],
      "Page": 1
    },
    {
      "BlockType": "LINE",
      "Confidence": 68.38592529296875,
      "Text": "127.4",
      "Geometry": {
        "BoundingBox": {
          "Width": 0.03477660194039345,
          "Height": 0.020089978352189064,
          "Left": 0.6030402779579163,
          "Top": 0.4642431437969208
        },
        "Polygon": [
          {
            "X": 0.6030402779579163,
            "Y": 0.4642431437969208
          },
          {
            "X": 0.6376472115516663,
            "Y": 0.4642523229122162
          },
          {
            "X": 0.6378169059753418,
            "Y": 0.4843331277370453
          },
          {
            "X": 0.6032090783119202,
            "Y": 0.48432600498199463
          }
        ]
      },
      "Id": "f0575995-e67d-4f07-8c2b-bd606b49f987",
      "Relationships": [
        {
          "Type": "CHILD",
          "Ids": [
            "3d5a55d5-e5c4-4264-bbe5-b0f48741a97a"
          ]
        }
      ],
      "Page": 1
    },
    {
      "BlockType": "LINE",
      "Confidence": 86.38350677490234,
      "Text": "120.3",
      "Geometry": {
        "BoundingBox": {
          "Width": 0.033783089369535446,
          "Height": 0.019938435405492783,
          "Left": 0.6989654898643494,
          "Top": 0.46431678533554077
        },
        "Polygon": [
          {
            "X": 0.6989654898643494,
            "Y": 0.46431678533554077
          },
          {
            "X": 0.7325777411460876,
            "Y": 0.4643256962299347
          },
          {
            "X": 0.7327485680580139,
            "Y": 0.48425522446632385
          },
          {
            "X": 0.6991354823112488,
            "Y": 0.4842482805252075
          }
        ]
      },
      "Id": "5432b873-e93c-4367-9156-7490d2cfd6c0",
      "Relationships": [
        {
          "Type": "CHILD",
          "Ids": [
            "841e5a56-123c-4214-80ce-46eb3d87cddc"
          ]
        }
      ],
      "Page": 1
    },
    {
      "BlockType": "LINE",
      "Confidence": 99.9302749633789,
      "Text": "10",
      "Geometry": {
        "BoundingBox": {
          "Width": 0.014977737329900265,
          "Height": 0.01881059817969799,
          "Left": 0.2495548576116562,
          "Top": 0.4972415864467621
        },
        "Polygon": [
          {
            "X": 0.2495548576116562,
            "Y": 0.4972415864467621
          },
          {
            "X": 0.26438280940055847,
            "Y": 0.49724408984184265
          },
          {
            "X": 0.26453259587287903,
            "Y": 0.5160521864891052
          },
          {
            "X": 0.2497042864561081,
            "Y": 0.5160505175590515
          }
        ]
      },
      "Id": "27eca28a-3bdc-4af0-b9bf-b01e09b227a6",
      "Relationships": [
        {
          "Type": "CHILD",
          "Ids": [
            "0e5bf587-b414-4e85-983a-66e1b1e0b170"
          ]
        }
      ],
      "Page": 1
    },
    {
      "BlockType": "LINE",
      "Confidence": 93.89308166503906,
      "Text": "164.5",
      "Geometry": {
        "BoundingBox": {
          "Width": 0.03412630409002304,
          "Height": 0.01949196122586727,
          "Left": 0.41471540927886963,
          "Top": 0.4968281686306
        },
        "Polygon": [
          {
            "X": 0.41471540927886963,
            "Y": 0.4968281686306
          },
          {
            "X": 0.44868186116218567,
            "Y": 0.4968338906764984
          },
          {
            "X": 0.4488416910171509,
            "Y": 0.5163201093673706
          },
          {
            "X": 0.414874404668808,
            "Y": 0.5163163542747498
          }
        ]
      },
      "Id": "461ecfee-1d0e-4246-b98b-ba2bb0b745be",
      "Relationships": [
        {
          "Type": "CHILD",
          "Ids": [
            "a7f49350-0fdb-40fa-86fa-db23f259fb2e"
          ]
        }
      ],
      "Page": 1
    },
    {
      "BlockType": "LINE",
      "Confidence": 71.93502044677734,
      "Text": "153.5",
      "Geometry": {
        "BoundingBox": {
          "Width": 0.03393126651644707,
          "Height": 0.019498832523822784,
          "Left": 0.4994475841522217,
          "Top": 0.4968244731426239
        },
        "Polygon": [
          {
            "X": 0.4994475841522217,
            "Y": 0.4968244731426239
          },
          {
            "X": 0.5332167744636536,
            "Y": 0.49683016538619995
          },
          {
            "X": 0.5333788394927979,
            "Y": 0.5163232684135437
          },
          {
            "X": 0.4996087849140167,
            "Y": 0.5163195133209229
          }
        ]
      },
      "Id": "48c9a0a7-f2c9-4062-97be-013c67aa7654",
      "Relationships": [
        {
          "Type": "CHILD",
          "Ids": [
            "4321ae81-5374-4a1c-a4f3-084bf3a75e1f"
          ]
        }
      ],
      "Page": 1
    },
    {
      "BlockType": "LINE",
      "Confidence": 85.29408264160156,
      "Text": "143.6",
      "Geometry": {
        "BoundingBox": {
          "Width": 0.03419589623808861,
          "Height": 0.01964755728840828,
          "Left": 0.603293240070343,
          "Top": 0.49662625789642334
        },
        "Polygon": [
          {
            "X": 0.603293240070343,
            "Y": 0.49662625789642334
          },
          {
            "X": 0.6373232007026672,
            "Y": 0.49663200974464417
          },
          {
            "X": 0.6374891400337219,
            "Y": 0.5162737965583801
          },
          {
            "X": 0.6034583449363708,
            "Y": 0.5162700414657593
          }
        ]
      },
      "Id": "2aa2aeb3-3e50-4758-9011-e8f10eb215af",
      "Relationships": [
        {
          "Type": "CHILD",
          "Ids": [
            "d2613e70-4acd-45bd-b799-e8b780cd5935"
          ]
        }
      ],
      "Page": 1
    },
    {
      "BlockType": "LINE",
      "Confidence": 85.63025665283203,
      "Text": "137.5",
      "Geometry": {
        "BoundingBox": {
          "Width": 0.03392850607633591,
          "Height": 0.019782286137342453,
          "Left": 0.6989651918411255,
          "Top": 0.49666282534599304
        },
        "Polygon": [
          {
            "X": 0.6989651918411255,
            "Y": 0.49666282534599304
          },
          {
            "X": 0.7327241897583008,
            "Y": 0.4966685473918915
          },
          {
            "X": 0.732893705368042,
            "Y": 0.5164451003074646
          },
          {
            "X": 0.6991338729858398,
            "Y": 0.5164414048194885
          }
        ]
      },
      "Id": "e19ac156-f627-458e-b3f4-45b4fb0520e8",
      "Relationships": [
        {
          "Type": "CHILD",
          "Ids": [
            "f1e2bed4-69e0-4f98-bc64-0e756d236e31"
          ]
        }
      ],
      "Page": 1
    },
    {
      "BlockType": "LINE",
      "Confidence": 99.9526596069336,
      "Text": "15",
      "Geometry": {
        "BoundingBox": {
          "Width": 0.01435720082372427,
          "Height": 0.018803125247359276,
          "Left": 0.2498038113117218,
          "Top": 0.527946949005127
        },
        "Polygon": [
          {
            "X": 0.2498038113117218,
            "Y": 0.527946949005127
          },
          {
            "X": 0.26401129364967346,
            "Y": 0.5279480218887329
          },
          {
            "X": 0.26416102051734924,
            "Y": 0.5467500686645508
          },
          {
            "X": 0.24995319545269012,
            "Y": 0.5467497706413269
          }
        ]
      },
      "Id": "f086aff5-ca92-40d2-9ac9-e88b86a22edf",
      "Relationships": [
        {
          "Type": "CHILD",
          "Ids": [
            "54b0b98a-f5c9-411c-9447-5e7b88878ecd"
          ]
        }
      ],
      "Page": 1
    },
    {
      "BlockType": "LINE",
      "Confidence": 76.81753540039062,
      "Text": "175.6",
      "Geometry": {
        "BoundingBox": {
          "Width": 0.03433602303266525,
          "Height": 0.019699327647686005,
          "Left": 0.4148418605327606,
          "Top": 0.5274738669395447
        },
        "Polygon": [
          {
            "X": 0.4148418605327606,
            "Y": 0.5274738669395447
          },
          {
            "X": 0.4490163028240204,
            "Y": 0.5274765491485596
          },
          {
            "X": 0.44917789101600647,
            "Y": 0.5471732020378113
          },
          {
            "X": 0.41500258445739746,
            "Y": 0.547172486782074
          }
        ]
      },
      "Id": "a24b8922-7df2-4bbb-a0ee-72f69b090766",
      "Relationships": [
        {
          "Type": "CHILD",
          "Ids": [
            "17f3566b-f632-44e8-a121-a4de9e625195"
          ]
        }
      ],
      "Page": 1
    },
    {
      "BlockType": "LINE",
      "Confidence": 83.95661926269531,
      "Text": "164.0",
      "Geometry": {
        "BoundingBox": {
          "Width": 0.034211963415145874,
          "Height": 0.01933196187019348,
          "Left": 0.49937930703163147,
          "Top": 0.5275964140892029
        },
        "Polygon": [
          {
            "X": 0.49937930703163147,
            "Y": 0.5275964140892029
          },
          {
            "X": 0.5334305763244629,
            "Y": 0.527599036693573
          },
          {
            "X": 0.5335912704467773,
            "Y": 0.5469284057617188
          },
          {
            "X": 0.4995391368865967,
            "Y": 0.5469276905059814
          }
        ]
      },
      "Id": "cd5db1ce-57e3-4aad-ac86-1ca6675b8333",
      "Relationships": [
        {
          "Type": "CHILD",
          "Ids": [
            "f6ba172b-59c3-4501-afbf-29f73f197b22"
          ]
        }
      ],
      "Page": 1
    },
    {
      "BlockType": "LINE",
      "Confidence": 65.82173156738281,
      "Text": "153,9",
      "Geometry": {
        "BoundingBox": {
          "Width": 0.03418538719415665,
          "Height": 0.01946934126317501,
          "Left": 0.6031299829483032,
          "Top": 0.5276432037353516
        },
        "Polygon": [
          {
            "X": 0.6031299829483032,
            "Y": 0.5276432037353516
          },
          {
            "X": 0.6371509432792664,
            "Y": 0.5276458859443665
          },
          {
            "X": 0.6373153924942017,
            "Y": 0.5471125841140747
          },
          {
            "X": 0.6032935976982117,
            "Y": 0.5471118688583374
          }
        ]
      },
      "Id": "1934722f-f972-4bb5-a1b0-535ff4a91311",
      "Relationships": [
        {
          "Type": "CHILD",
          "Ids": [
            "4447d199-636d-4f7f-a2be-f55f607a0ced"
          ]
        }
      ],
      "Page": 1
    },
    {
      "BlockType": "LINE",
      "Confidence": 82.4120864868164,
      "Text": "148.5",
      "Geometry": {
        "BoundingBox": {
          "Width": 0.03384632617235184,
          "Height": 0.019541744142770767,
          "Left": 0.6990461945533752,
          "Top": 0.527579128742218
        },
        "Polygon": [
          {
            "X": 0.6990461945533752,
            "Y": 0.527579128742218
          },
          {
            "X": 0.7327250242233276,
            "Y": 0.5275817513465881
          },
          {
            "X": 0.7328925132751465,
            "Y": 0.5471208691596985
          },
          {
            "X": 0.6992128491401672,
            "Y": 0.547120213508606
          }
        ]
      },
      "Id": "bfa6badf-01fe-4012-a746-898d7371f2c8",
      "Relationships": [
        {
          "Type": "CHILD",
          "Ids": [
            "e2205f1e-6046-4545-abf1-200333b64805"
          ]
        }
      ],
      "Page": 1
    },
    {
      "BlockType": "LINE",
      "Confidence": 99.86205291748047,
      "Text": "20",
      "Geometry": {
        "BoundingBox": {
          "Width": 0.01610354706645012,
          "Height": 0.018647439777851105,
          "Left": 0.2484058439731598,
          "Top": 0.5600542426109314
        },
        "Polygon": [
          {
            "X": 0.2484058439731598,
            "Y": 0.5600544810295105
          },
          {
            "X": 0.2643609344959259,
            "Y": 0.5600542426109314
          },
          {
            "X": 0.2645094096660614,
            "Y": 0.5787004828453064
          },
          {
            "X": 0.24855394661426544,
            "Y": 0.5787016749382019
          }
        ]
      },
      "Id": "ca67da71-8e69-4183-acc5-1d58b67835bd",
      "Relationships": [
        {
          "Type": "CHILD",
          "Ids": [
            "a920b76d-08b5-4583-8f49-427ecfe3f6e5"
          ]
        }
      ],
      "Page": 1
    },
    {
      "BlockType": "LINE",
      "Confidence": 62.86026382446289,
      "Text": "183,6",
      "Geometry": {
        "BoundingBox": {
          "Width": 0.03423771634697914,
          "Height": 0.019293932244181633,
          "Left": 0.4149473309516907,
          "Top": 0.559609055519104
        },
        "Polygon": [
          {
            "X": 0.4149473309516907,
            "Y": 0.5596096515655518
          },
          {
            "X": 0.44902679324150085,
            "Y": 0.559609055519104
          },
          {
            "X": 0.4491850435733795,
            "Y": 0.5789004564285278
          },
          {
            "X": 0.4151047170162201,
            "Y": 0.5789030194282532
          }
        ]
      },
      "Id": "6b1828e6-0a9c-4b80-8123-7ff92b90f30a",
      "Relationships": [
        {
          "Type": "CHILD",
          "Ids": [
            "11ae656f-84c7-4997-81c2-63ba49bad276"
          ]
        }
      ],
      "Page": 1
    },
    {
      "BlockType": "LINE",
      "Confidence": 65.89237976074219,
      "Text": "172.7",
      "Geometry": {
        "BoundingBox": {
          "Width": 0.03457966074347496,
          "Height": 0.019299698993563652,
          "Left": 0.4992510974407196,
          "Top": 0.5597356557846069
        },
        "Polygon": [
          {
            "X": 0.4992510974407196,
            "Y": 0.5597362518310547
          },
          {
            "X": 0.5336703062057495,
            "Y": 0.5597356557846069
          },
          {
            "X": 0.5338307619094849,
            "Y": 0.5790327787399292
          },
          {
            "X": 0.4994106590747833,
            "Y": 0.5790353417396545
          }
        ]
      },
      "Id": "f69cc578-0568-4e9c-9c38-607984b03cf1",
      "Relationships": [
        {
          "Type": "CHILD",
          "Ids": [
            "8d14120f-a05f-4c5a-9d78-c09e97e09b06"
          ]
        }
      ],
      "Page": 1
    },
    {
      "BlockType": "LINE",
      "Confidence": 72.96195983886719,
      "Text": "163.6",
      "Geometry": {
        "BoundingBox": {
          "Width": 0.03438741713762283,
          "Height": 0.01953313872218132,
          "Left": 0.6032341718673706,
          "Top": 0.5596023201942444
        },
        "Polygon": [
          {
            "X": 0.6032341718673706,
            "Y": 0.5596029162406921
          },
          {
            "X": 0.6374565958976746,
            "Y": 0.5596023201942444
          },
          {
            "X": 0.6376215815544128,
            "Y": 0.5791329145431519
          },
          {
            "X": 0.603398323059082,
            "Y": 0.5791354775428772
          }
        ]
      },
      "Id": "cac0b0b7-a904-4ccc-9351-c19edde57d5c",
      "Relationships": [
        {
          "Type": "CHILD",
          "Ids": [
            "225cad4a-1408-4233-b97c-05ded9df438f"
          ]
        }
      ],
      "Page": 1
    },
    {
      "BlockType": "LINE",
      "Confidence": 86.70633697509766,
      "Text": "155.3",
      "Geometry": {
        "BoundingBox": {
          "Width": 0.03353288397192955,
          "Height": 0.019219055771827698,
          "Left": 0.6992841958999634,
          "Top": 0.5598000884056091
        },
        "Polygon": [
          {
            "X": 0.6992841958999634,
            "Y": 0.5598006844520569
          },
          {
            "X": 0.7326523661613464,
            "Y": 0.5598000884056091
          },
          {
            "X": 0.7328171133995056,
            "Y": 0.5790166258811951
          },
          {
            "X": 0.6994481086730957,
            "Y": 0.5790191292762756
          }
        ]
      },
      "Id": "ee89c471-64be-4630-9069-703da3f95a1d",
      "Relationships": [
        {
          "Type": "CHILD",
          "Ids": [
            "87e02c1a-4ea5-41a2-9318-c1d719b06975"
          ]
        }
      ],
      "Page": 1
    },
    {
      "BlockType": "WORD",
      "Confidence": 99.9507827758789,
      "Text": "Heating",
      "TextType": "PRINTED",
      "Geometry": {
        "BoundingBox": {
          "Width": 0.050363797694444656,
          "Height": 0.024913765490055084,
          "Left": 0.2486334890127182,
          "Top": 0.41452470421791077
        },
        "Polygon": [
          {
            "X": 0.2486334890127182,
            "Y": 0.41452470421791077
          },
          {
            "X": 0.2987979054450989,
            "Y": 0.4145453870296478
          },
          {
            "X": 0.29899728298187256,
            "Y": 0.43943846225738525
          },
          {
            "X": 0.24883125722408295,
            "Y": 0.43942147493362427
          }
        ]
      },
      "Id": "8a72fcf1-1856-4b69-a664-b50e0487a19a",
      "Page": 1
    },
    {
      "BlockType": "WORD",
      "Confidence": 99.98422241210938,
      "Text": "rate",
      "TextType": "PRINTED",
      "Geometry": {
        "BoundingBox": {
          "Width": 0.025568585842847824,
          "Height": 0.017680220305919647,
          "Left": 0.3027926981449127,
          "Top": 0.4169398844242096
        },
        "Polygon": [
          {
            "X": 0.3027926981449127,
            "Y": 0.4169398844242096
          },
          {
            "X": 0.32821908593177795,
            "Y": 0.41695016622543335
          },
          {
            "X": 0.32836130261421204,
            "Y": 0.43462008237838745
          },
          {
            "X": 0.30293431878089905,
            "Y": 0.43461111187934875
          }
        ]
      },
      "Id": "a3dcb168-0c09-4e07-814d-edfc9c159b27",
      "Page": 1
    },
    {
      "BlockType": "WORD",
      "Confidence": 45.64043426513672,
      "Text": "(°C/min)",
      "TextType": "PRINTED",
      "Geometry": {
        "BoundingBox": {
          "Width": 0.0555092915892601,
          "Height": 0.025700034573674202,
          "Left": 0.3324178457260132,
          "Top": 0.4134981036186218
        },
        "Polygon": [
          {
            "X": 0.3324178457260132,
            "Y": 0.4134981036186218
          },
          {
            "X": 0.3877184987068176,
            "Y": 0.41352108120918274
          },
          {
            "X": 0.3879271149635315,
            "Y": 0.4391981363296509
          },
          {
            "X": 0.3326246440410614,
            "Y": 0.43917936086654663
          }
        ]
      },
      "Id": "4fec1888-4055-42ac-86f0-7c375b74e363",
      "Page": 1
    },
    {
      "BlockType": "WORD",
      "Confidence": 96.74849700927734,
      "Text": "EP-0",
      "TextType": "PRINTED",
      "Geometry": {
        "BoundingBox": {
          "Width": 0.029575342312455177,
          "Height": 0.01947498694062233,
          "Left": 0.4135430157184601,
          "Top": 0.41494879126548767
        },
        "Polygon": [
          {
            "X": 0.4135430157184601,
            "Y": 0.41494879126548767
          },
          {
            "X": 0.442958801984787,
            "Y": 0.4149608910083771
          },
          {
            "X": 0.4431183338165283,
            "Y": 0.4344237744808197
          },
          {
            "X": 0.4137018024921417,
            "Y": 0.4344133734703064
          }
        ]
      },
      "Id": "8887d304-aa3c-4f2a-92d5-263222080bb2",
      "Page": 1
    },
    {
      "BlockType": "WORD",
      "Confidence": 60.837154388427734,
      "Text": "(°C)",
      "TextType": "PRINTED",
      "Geometry": {
        "BoundingBox": {
          "Width": 0.025235295295715332,
          "Height": 0.025663776323199272,
          "Left": 0.44708356261253357,
          "Top": 0.413575679063797
        },
        "Polygon": [
          {
            "X": 0.44708356261253357,
            "Y": 0.413575679063797
          },
          {
            "X": 0.4721076190471649,
            "Y": 0.4135860502719879
          },
          {
            "X": 0.4723188579082489,
            "Y": 0.4392394423484802
          },
          {
            "X": 0.4472939968109131,
            "Y": 0.43923094868659973
          }
        ]
      },
      "Id": "b50dff6a-815c-471c-b729-4d60c826705f",
      "Page": 1
    },
    {
      "BlockType": "WORD",
      "Confidence": 85.9356918334961,
      "Text": "EP-0.25",
      "TextType": "PRINTED",
      "Geometry": {
        "BoundingBox": {
          "Width": 0.04823446646332741,
          "Height": 0.02045653760433197,
          "Left": 0.49873581528663635,
          "Top": 0.4146873950958252
        },
        "Polygon": [
          {
            "X": 0.49873581528663635,
            "Y": 0.4146873950958252
          },
          {
            "X": 0.5468000173568726,
            "Y": 0.414707213640213
          },
          {
            "X": 0.5469703078269958,
            "Y": 0.43514394760131836
          },
          {
            "X": 0.49890485405921936,
            "Y": 0.43512704968452454
          }
        ]
      },
      "Id": "1b18c12a-5b50-44b3-8544-fe238e9cc723",
      "Page": 1
    },
    {
      "BlockType": "WORD",
      "Confidence": 65.09785461425781,
      "Text": "(°C)",
      "TextType": "PRINTED",
      "Geometry": {
        "BoundingBox": {
          "Width": 0.025214478373527527,
          "Height": 0.025594772771000862,
          "Left": 0.5509951114654541,
          "Top": 0.4135156571865082
        },
        "Polygon": [
          {
            "X": 0.5509951114654541,
            "Y": 0.4135156571865082
          },
          {
            "X": 0.5759954452514648,
            "Y": 0.4135260283946991
          },
          {
            "X": 0.5762096047401428,
            "Y": 0.4391104280948639
          },
          {
            "X": 0.5512084364891052,
            "Y": 0.439101904630661
          }
        ]
      },
      "Id": "ef224f2f-bfa3-45b7-9369-587542880275",
      "Page": 1
    },
    {
      "BlockType": "WORD",
      "Confidence": 95.2393798828125,
      "Text": "EP-0.5",
      "TextType": "PRINTED",
      "Geometry": {
        "BoundingBox": {
          "Width": 0.04087281599640846,
          "Height": 0.019996419548988342,
          "Left": 0.6020307540893555,
          "Top": 0.4149632751941681
        },
        "Polygon": [
          {
            "X": 0.6020307540893555,
            "Y": 0.4149632751941681
          },
          {
            "X": 0.6427345871925354,
            "Y": 0.41498002409935
          },
          {
            "X": 0.6429035663604736,
            "Y": 0.43495967984199524
          },
          {
            "X": 0.6021986603736877,
            "Y": 0.43494534492492676
          }
        ]
      },
      "Id": "12f154a8-b7f4-4bcb-96c6-edfe4f1662c1",
      "Page": 1
    },
    {
      "BlockType": "WORD",
      "Confidence": 60.89851760864258,
      "Text": "(°C)",
      "TextType": "PRINTED",
      "Geometry": {
        "BoundingBox": {
          "Width": 0.025068627670407295,
          "Height": 0.025986013934016228,
          "Left": 0.6469676494598389,
          "Top": 0.4133315682411194
        },
        "Polygon": [
          {
            "X": 0.6469676494598389,
            "Y": 0.4133315682411194
          },
          {
            "X": 0.6718156337738037,
            "Y": 0.4133419096469879
          },
          {
            "X": 0.6720362901687622,
            "Y": 0.43931758403778076
          },
          {
            "X": 0.6471874713897705,
            "Y": 0.43930914998054504
          }
        ]
      },
      "Id": "9e1e7e07-89ce-41a7-bd40-9591a1a04382",
      "Page": 1
    },
    {
      "BlockType": "WORD",
      "Confidence": 99.81952667236328,
      "Text": "EP-1",
      "TextType": "PRINTED",
      "Geometry": {
        "BoundingBox": {
          "Width": 0.027914218604564667,
          "Height": 0.019272662699222565,
          "Left": 0.6979992985725403,
          "Top": 0.4148724675178528
        },
        "Polygon": [
          {
            "X": 0.6979992985725403,
            "Y": 0.4148724675178528
          },
          {
            "X": 0.7257485389709473,
            "Y": 0.41488391160964966
          },
          {
            "X": 0.7259135246276855,
            "Y": 0.43414515256881714
          },
          {
            "X": 0.6981635689735413,
            "Y": 0.4341352880001068
          }
        ]
      },
      "Id": "2667ff87-5d0f-4c6e-b292-3d1219c7834a",
      "Page": 1
    },
    {
      "BlockType": "WORD",
      "Confidence": 62.794803619384766,
      "Text": "(°C)",
      "TextType": "PRINTED",
      "Geometry": {
        "BoundingBox": {
          "Width": 0.025010202080011368,
          "Height": 0.025803793221712112,
          "Left": 0.731560468673706,
          "Top": 0.4136112630367279
        },
        "Polygon": [
          {
            "X": 0.731560468673706,
            "Y": 0.4136112630367279
          },
          {
            "X": 0.756348729133606,
            "Y": 0.41362157464027405
          },
          {
            "X": 0.7565706968307495,
            "Y": 0.4394150674343109
          },
          {
            "X": 0.7317816019058228,
            "Y": 0.4394066631793976
          }
        ]
      },
      "Id": "fbbcdb03-e8b4-4b58-8f49-75c8e5506e0f",
      "Page": 1
    },
    {
      "BlockType": "WORD",
      "Confidence": 99.89759826660156,
      "Text": "5",
      "TextType": "PRINTED",
      "Geometry": {
        "BoundingBox": {
          "Width": 0.00718444911763072,
          "Height": 0.01891079731285572,
          "Left": 0.2487623691558838,
          "Top": 0.4651336967945099
        },
        "Polygon": [
          {
            "X": 0.2487623691558838,
            "Y": 0.4651336967945099
          },
          {
            "X": 0.2557964324951172,
            "Y": 0.4651355445384979
          },
          {
            "X": 0.2559468150138855,
            "Y": 0.48404449224472046
          },
          {
            "X": 0.24891257286071777,
            "Y": 0.48404306173324585
          }
        ]
      },
      "Id": "cd4864a2-b856-4496-b89b-77da578b020d",
      "Page": 1
    },
    {
      "BlockType": "WORD",
      "Confidence": 94.89302825927734,
      "Text": "147.1",
      "TextType": "PRINTED",
      "Geometry": {
        "BoundingBox": {
          "Width": 0.0328291654586792,
          "Height": 0.019723178818821907,
          "Left": 0.41463226079940796,
          "Top": 0.46444129943847656
        },
        "Polygon": [
          {
            "X": 0.41463226079940796,
            "Y": 0.46444129943847656
          },
          {
            "X": 0.4472997188568115,
            "Y": 0.464449942111969
          },
          {
            "X": 0.44746142625808716,
            "Y": 0.4841644763946533
          },
          {
            "X": 0.41479313373565674,
            "Y": 0.4841577410697937
          }
        ]
      },
      "Id": "9baf9c18-ecde-47d6-9702-ba6846ef8aad",
      "Page": 1
    },
    {
      "BlockType": "WORD",
      "Confidence": 69.49633026123047,
      "Text": "136.4",
      "TextType": "PRINTED",
      "Geometry": {
        "BoundingBox": {
          "Width": 0.034446392208337784,
          "Height": 0.019858306273818016,
          "Left": 0.4993862807750702,
          "Top": 0.46447238326072693
        },
        "Polygon": [
          {
            "X": 0.4993862807750702,
            "Y": 0.46447238326072693
          },
          {
            "X": 0.5336676239967346,
            "Y": 0.4644814431667328
          },
          {
            "X": 0.5338326692581177,
            "Y": 0.4843306839466095
          },
          {
            "X": 0.4995504319667816,
            "Y": 0.4843236207962036
          }
        ]
      },
      "Id": "156825b8-df72-40b9-a73c-c5dbb7ac8992",
      "Page": 1
    },
    {
      "BlockType": "WORD",
      "Confidence": 68.38592529296875,
      "Text": "127.4",
      "TextType": "PRINTED",
      "Geometry": {
        "BoundingBox": {
          "Width": 0.03477660194039345,
          "Height": 0.020089978352189064,
          "Left": 0.6030402779579163,
          "Top": 0.4642431437969208
        },
        "Polygon": [
          {
            "X": 0.6030402779579163,
            "Y": 0.4642431437969208
          },
          {
            "X": 0.6376472115516663,
            "Y": 0.4642523229122162
          },
          {
            "X": 0.6378169059753418,
            "Y": 0.4843331277370453
          },
          {
            "X": 0.6032090783119202,
            "Y": 0.48432600498199463
          }
        ]
      },
      "Id": "3d5a55d5-e5c4-4264-bbe5-b0f48741a97a",
      "Page": 1
    },
    {
      "BlockType": "WORD",
      "Confidence": 86.38350677490234,
      "Text": "120.3",
      "TextType": "PRINTED",
      "Geometry": {
        "BoundingBox": {
          "Width": 0.033783089369535446,
          "Height": 0.019938435405492783,
          "Left": 0.6989654898643494,
          "Top": 0.46431678533554077
        },
        "Polygon": [
          {
            "X": 0.6989654898643494,
            "Y": 0.46431678533554077
          },
          {
            "X": 0.7325777411460876,
            "Y": 0.4643256962299347
          },
          {
            "X": 0.7327485680580139,
            "Y": 0.48425522446632385
          },
          {
            "X": 0.6991354823112488,
            "Y": 0.4842482805252075
          }
        ]
      },
      "Id": "841e5a56-123c-4214-80ce-46eb3d87cddc",
      "Page": 1
    },
    {
      "BlockType": "WORD",
      "Confidence": 99.9302749633789,
      "Text": "10",
      "TextType": "PRINTED",
      "Geometry": {
        "BoundingBox": {
          "Width": 0.014977737329900265,
          "Height": 0.01881059817969799,
          "Left": 0.2495548576116562,
          "Top": 0.4972415864467621
        },
        "Polygon": [
          {
            "X": 0.2495548576116562,
            "Y": 0.4972415864467621
          },
          {
            "X": 0.26438280940055847,
            "Y": 0.49724408984184265
          },
          {
            "X": 0.26453259587287903,
            "Y": 0.5160521864891052
          },
          {
            "X": 0.2497042864561081,
            "Y": 0.5160505175590515
          }
        ]
      },
      "Id": "0e5bf587-b414-4e85-983a-66e1b1e0b170",
      "Page": 1
    },
    {
      "BlockType": "WORD",
      "Confidence": 93.89308166503906,
      "Text": "164.5",
      "TextType": "PRINTED",
      "Geometry": {
        "BoundingBox": {
          "Width": 0.03412630409002304,
          "Height": 0.01949196122586727,
          "Left": 0.41471540927886963,
          "Top": 0.4968281686306
        },
        "Polygon": [
          {
            "X": 0.41471540927886963,
            "Y": 0.4968281686306
          },
          {
            "X": 0.44868186116218567,
            "Y": 0.4968338906764984
          },
          {
            "X": 0.4488416910171509,
            "Y": 0.5163201093673706
          },
          {
            "X": 0.414874404668808,
            "Y": 0.5163163542747498
          }
        ]
      },
      "Id": "a7f49350-0fdb-40fa-86fa-db23f259fb2e",
      "Page": 1
    },
    {
      "BlockType": "WORD",
      "Confidence": 71.93502044677734,
      "Text": "153.5",
      "TextType": "PRINTED",
      "Geometry": {
        "BoundingBox": {
          "Width": 0.03393126651644707,
          "Height": 0.019498832523822784,
          "Left": 0.4994475841522217,
          "Top": 0.4968244731426239
        },
        "Polygon": [
          {
            "X": 0.4994475841522217,
            "Y": 0.4968244731426239
          },
          {
            "X": 0.5332167744636536,
            "Y": 0.49683016538619995
          },
          {
            "X": 0.5333788394927979,
            "Y": 0.5163232684135437
          },
          {
            "X": 0.4996087849140167,
            "Y": 0.5163195133209229
          }
        ]
      },
      "Id": "4321ae81-5374-4a1c-a4f3-084bf3a75e1f",
      "Page": 1
    },
    {
      "BlockType": "WORD",
      "Confidence": 85.29408264160156,
      "Text": "143.6",
      "TextType": "PRINTED",
      "Geometry": {
        "BoundingBox": {
          "Width": 0.03419589623808861,
          "Height": 0.01964755728840828,
          "Left": 0.603293240070343,
          "Top": 0.49662625789642334
        },
        "Polygon": [
          {
            "X": 0.603293240070343,
            "Y": 0.49662625789642334
          },
          {
            "X": 0.6373232007026672,
            "Y": 0.49663200974464417
          },
          {
            "X": 0.6374891400337219,
            "Y": 0.5162737965583801
          },
          {
            "X": 0.6034583449363708,
            "Y": 0.5162700414657593
          }
        ]
      },
      "Id": "d2613e70-4acd-45bd-b799-e8b780cd5935",
      "Page": 1
    },
    {
      "BlockType": "WORD",
      "Confidence": 85.63025665283203,
      "Text": "137.5",
      "TextType": "PRINTED",
      "Geometry": {
        "BoundingBox": {
          "Width": 0.03392850607633591,
          "Height": 0.019782286137342453,
          "Left": 0.6989651918411255,
          "Top": 0.49666282534599304
        },
        "Polygon": [
          {
            "X": 0.6989651918411255,
            "Y": 0.49666282534599304
          },
          {
            "X": 0.7327241897583008,
            "Y": 0.4966685473918915
          },
          {
            "X": 0.732893705368042,
            "Y": 0.5164451003074646
          },
          {
            "X": 0.6991338729858398,
            "Y": 0.5164414048194885
          }
        ]
      },
      "Id": "f1e2bed4-69e0-4f98-bc64-0e756d236e31",
      "Page": 1
    },
    {
      "BlockType": "WORD",
      "Confidence": 99.9526596069336,
      "Text": "15",
      "TextType": "PRINTED",
      "Geometry": {
        "BoundingBox": {
          "Width": 0.01435720082372427,
          "Height": 0.018803125247359276,
          "Left": 0.2498038113117218,
          "Top": 0.527946949005127
        },
        "Polygon": [
          {
            "X": 0.2498038113117218,
            "Y": 0.527946949005127
          },
          {
            "X": 0.26401129364967346,
            "Y": 0.5279480218887329
          },
          {
            "X": 0.26416102051734924,
            "Y": 0.5467500686645508
          },
          {
            "X": 0.24995319545269012,
            "Y": 0.5467497706413269
          }
        ]
      },
      "Id": "54b0b98a-f5c9-411c-9447-5e7b88878ecd",
      "Page": 1
    },
    {
      "BlockType": "WORD",
      "Confidence": 76.81753540039062,
      "Text": "175.6",
      "TextType": "PRINTED",
      "Geometry": {
        "BoundingBox": {
          "Width": 0.03433602303266525,
          "Height": 0.019699327647686005,
          "Left": 0.4148418605327606,
          "Top": 0.5274738669395447
        },
        "Polygon": [
          {
            "X": 0.4148418605327606,
            "Y": 0.5274738669395447
          },
          {
            "X": 0.4490163028240204,
            "Y": 0.5274765491485596
          },
          {
            "X": 0.44917789101600647,
            "Y": 0.5471732020378113
          },
          {
            "X": 0.41500258445739746,
            "Y": 0.547172486782074
          }
        ]
      },
      "Id": "17f3566b-f632-44e8-a121-a4de9e625195",
      "Page": 1
    },
    {
      "BlockType": "WORD",
      "Confidence": 83.95661926269531,
      "Text": "164.0",
      "TextType": "PRINTED",
      "Geometry": {
        "BoundingBox": {
          "Width": 0.034211963415145874,
          "Height": 0.01933196187019348,
          "Left": 0.49937930703163147,
          "Top": 0.5275964140892029
        },
        "Polygon": [
          {
            "X": 0.49937930703163147,
            "Y": 0.5275964140892029
          },
          {
            "X": 0.5334305763244629,
            "Y": 0.527599036693573
          },
          {
            "X": 0.5335912704467773,
            "Y": 0.5469284057617188
          },
          {
            "X": 0.4995391368865967,
            "Y": 0.5469276905059814
          }
        ]
      },
      "Id": "f6ba172b-59c3-4501-afbf-29f73f197b22",
      "Page": 1
    },
    {
      "BlockType": "WORD",
      "Confidence": 65.82173156738281,
      "Text": "153,9",
      "TextType": "PRINTED",
      "Geometry": {
        "BoundingBox": {
          "Width": 0.03418538719415665,
          "Height": 0.01946934126317501,
          "Left": 0.6031299829483032,
          "Top": 0.5276432037353516
        },
        "Polygon": [
          {
            "X": 0.6031299829483032,
            "Y": 0.5276432037353516
          },
          {
            "X": 0.6371509432792664,
            "Y": 0.5276458859443665
          },
          {
            "X": 0.6373153924942017,
            "Y": 0.5471125841140747
          },
          {
            "X": 0.6032935976982117,
            "Y": 0.5471118688583374
          }
        ]
      },
      "Id": "4447d199-636d-4f7f-a2be-f55f607a0ced",
      "Page": 1
    },
    {
      "BlockType": "WORD",
      "Confidence": 82.4120864868164,
      "Text": "148.5",
      "TextType": "PRINTED",
      "Geometry": {
        "BoundingBox": {
          "Width": 0.03384632617235184,
          "Height": 0.019541744142770767,
          "Left": 0.6990461945533752,
          "Top": 0.527579128742218
        },
        "Polygon": [
          {
            "X": 0.6990461945533752,
            "Y": 0.527579128742218
          },
          {
            "X": 0.7327250242233276,
            "Y": 0.5275817513465881
          },
          {
            "X": 0.7328925132751465,
            "Y": 0.5471208691596985
          },
          {
            "X": 0.6992128491401672,
            "Y": 0.547120213508606
          }
        ]
      },
      "Id": "e2205f1e-6046-4545-abf1-200333b64805",
      "Page": 1
    },
    {
      "BlockType": "WORD",
      "Confidence": 99.86205291748047,
      "Text": "20",
      "TextType": "PRINTED",
      "Geometry": {
        "BoundingBox": {
          "Width": 0.01610354706645012,
          "Height": 0.018647439777851105,
          "Left": 0.2484058439731598,
          "Top": 0.5600542426109314
        },
        "Polygon": [
          {
            "X": 0.2484058439731598,
            "Y": 0.5600544810295105
          },
          {
            "X": 0.2643609344959259,
            "Y": 0.5600542426109314
          },
          {
            "X": 0.2645094096660614,
            "Y": 0.5787004828453064
          },
          {
            "X": 0.24855394661426544,
            "Y": 0.5787016749382019
          }
        ]
      },
      "Id": "a920b76d-08b5-4583-8f49-427ecfe3f6e5",
      "Page": 1
    },
    {
      "BlockType": "WORD",
      "Confidence": 62.86026382446289,
      "Text": "183,6",
      "TextType": "PRINTED",
      "Geometry": {
        "BoundingBox": {
          "Width": 0.03423771634697914,
          "Height": 0.019293932244181633,
          "Left": 0.4149473309516907,
          "Top": 0.559609055519104
        },
        "Polygon": [
          {
            "X": 0.4149473309516907,
            "Y": 0.5596096515655518
          },
          {
            "X": 0.44902679324150085,
            "Y": 0.559609055519104
          },
          {
            "X": 0.4491850435733795,
            "Y": 0.5789004564285278
          },
          {
            "X": 0.4151047170162201,
            "Y": 0.5789030194282532
          }
        ]
      },
      "Id": "11ae656f-84c7-4997-81c2-63ba49bad276",
      "Page": 1
    },
    {
      "BlockType": "WORD",
      "Confidence": 65.89237976074219,
      "Text": "172.7",
      "TextType": "PRINTED",
      "Geometry": {
        "BoundingBox": {
          "Width": 0.03457966074347496,
          "Height": 0.019299698993563652,
          "Left": 0.4992510974407196,
          "Top": 0.5597356557846069
        },
        "Polygon": [
          {
            "X": 0.4992510974407196,
            "Y": 0.5597362518310547
          },
          {
            "X": 0.5336703062057495,
            "Y": 0.5597356557846069
          },
          {
            "X": 0.5338307619094849,
            "Y": 0.5790327787399292
          },
          {
            "X": 0.4994106590747833,
            "Y": 0.5790353417396545
          }
        ]
      },
      "Id": "8d14120f-a05f-4c5a-9d78-c09e97e09b06",
      "Page": 1
    },
    {
      "BlockType": "WORD",
      "Confidence": 72.96195983886719,
      "Text": "163.6",
      "TextType": "PRINTED",
      "Geometry": {
        "BoundingBox": {
          "Width": 0.03438741713762283,
          "Height": 0.01953313872218132,
          "Left": 0.6032341718673706,
          "Top": 0.5596023201942444
        },
        "Polygon": [
          {
            "X": 0.6032341718673706,
            "Y": 0.5596029162406921
          },
          {
            "X": 0.6374565958976746,
            "Y": 0.5596023201942444
          },
          {
            "X": 0.6376215815544128,
            "Y": 0.5791329145431519
          },
          {
            "X": 0.603398323059082,
            "Y": 0.5791354775428772
          }
        ]
      },
      "Id": "225cad4a-1408-4233-b97c-05ded9df438f",
      "Page": 1
    },
    {
      "BlockType": "WORD",
      "Confidence": 86.70633697509766,
      "Text": "155.3",
      "TextType": "PRINTED",
      "Geometry": {
        "BoundingBox": {
          "Width": 0.03353288397192955,
          "Height": 0.019219055771827698,
          "Left": 0.6992841958999634,
          "Top": 0.5598000884056091
        },
        "Polygon": [
          {
            "X": 0.6992841958999634,
            "Y": 0.5598006844520569
          },
          {
            "X": 0.7326523661613464,
            "Y": 0.5598000884056091
          },
          {
            "X": 0.7328171133995056,
            "Y": 0.5790166258811951
          },
          {
            "X": 0.6994481086730957,
            "Y": 0.5790191292762756
          }
        ]
      },
      "Id": "87e02c1a-4ea5-41a2-9318-c1d719b06975",
      "Page": 1
    },
    {
      "BlockType": "TABLE",
      "Confidence": 99.853515625,
      "Geometry": {
        "BoundingBox": {
          "Width": 0.5414908528327942,
          "Height": 0.19182972609996796,
          "Left": 0.22966651618480682,
          "Top": 0.4019891023635864
        },
        "Polygon": [
          {
            "X": 0.22966651618480682,
            "Y": 0.4019891023635864
          },
          {
            "X": 0.76950603723526,
            "Y": 0.40223175287246704
          },
          {
            "X": 0.7711573839187622,
            "Y": 0.5937550067901611
          },
          {
            "X": 0.2311856597661972,
            "Y": 0.5938188433647156
          }
        ]
      },
      "Id": "5da3027d-138d-4192-b736-608657b7c9e2",
      "Relationships": [
        {
          "Type": "CHILD",
          "Ids": [
            "053cdb2a-2bb5-4afb-936a-32631244adff",
            "09f0cc4e-bdad-452c-be3a-382772860dd4",
            "c611e647-6895-4e05-830b-b898eef666bd",
            "f216a477-a2a9-43be-a31e-4f684855c300",
            "9863ec3e-6662-42dd-8ce1-47621f0920a0",
            "1f1056f9-d5c3-463e-b2d3-1b8a69e0ef90",
            "10bd5697-e431-486b-9b9d-b2d93580f94a",
            "0883ef8b-e297-4f9a-a4de-3c818bf241bf",
            "1d9f122c-5e2c-4555-bf8a-19bb76f7e9a1",
            "80005f99-0233-48b5-b79e-1d53f0520948",
            "ad3aa6bc-dfd6-48dc-86ef-caf05f7dd442",
            "8cc1a918-e9e0-42eb-82cf-bac34280ee17",
            "9fc6f752-5932-4eb0-98e6-f009a9cb6e44",
            "5f0145ee-8749-4a78-8d78-f8e7db805959",
            "ba8941c0-dc2e-4947-9c6b-a957cd871da8",
            "6ba72f42-d76e-474e-9b7e-f845374d4437",
            "35eb36a7-5763-4c4f-ae53-8b27c0e7362d",
            "70f95c9f-bff3-48da-8a32-3283a22ebce9",
            "3e383f78-c2f2-46cd-a9a9-5aaa4af7a8f9",
            "fe7da269-52e1-4f59-bf37-bacddca12390",
            "488cd6cf-a92e-42c4-ba03-fa41a69fa419",
            "087fe7d9-4049-41ac-b46b-f0c7007191d0",
            "fbd27665-c80a-47f8-96d8-5b4b90ee857b",
            "beb1b3c0-638f-4092-9303-9a6ab879e0be",
            "664041ce-4489-4273-a6a5-786e3c339d0d"
          ]
        }
      ],
      "EntityTypes": [
        "STRUCTURED_TABLE"
      ],
      "Page": 1
    },
    {
      "BlockType": "CELL",
      "Confidence": 93.896484375,
      "RowIndex": 1,
      "ColumnIndex": 1,
      "RowSpan": 1,
      "ColumnSpan": 1,
      "Geometry": {
        "BoundingBox": {
          "Width": 0.17076778411865234,
          "Height": 0.04863673448562622,
          "Left": 0.22966651618480682,
          "Top": 0.4019891023635864
        },
        "Polygon": [
          {
            "X": 0.22966651618480682,
            "Y": 0.4019891023635864
          },
          {
            "X": 0.4000389575958252,
            "Y": 0.4020656943321228
          },
          {
            "X": 0.400434285402298,
            "Y": 0.45062583684921265
          },
          {
            "X": 0.23005126416683197,
            "Y": 0.45057377219200134
          }
        ]
      },
      "Id": "053cdb2a-2bb5-4afb-936a-32631244adff",
      "Relationships": [
        {
          "Type": "CHILD",
          "Ids": [
            "8a72fcf1-1856-4b69-a664-b50e0487a19a",
            "a3dcb168-0c09-4e07-814d-edfc9c159b27",
            "4fec1888-4055-42ac-86f0-7c375b74e363"
          ]
        }
      ],
      "EntityTypes": [
        "COLUMN_HEADER"
      ],
      "Page": 1
    },
    {
      "BlockType": "CELL",
      "Confidence": 84.912109375,
      "RowIndex": 1,
      "ColumnIndex": 2,
      "RowSpan": 1,
      "ColumnSpan": 1,
      "Geometry": {
        "BoundingBox": {
          "Width": 0.08533396571874619,
          "Height": 0.04858612269163132,
          "Left": 0.4000389575958252,
          "Top": 0.4020656943321228
        },
        "Polygon": [
          {
            "X": 0.4000389575958252,
            "Y": 0.4020656943321228
          },
          {
            "X": 0.4849723279476166,
            "Y": 0.40210387110710144
          },
          {
            "X": 0.485372930765152,
            "Y": 0.4506518244743347
          },
          {
            "X": 0.400434285402298,
            "Y": 0.45062583684921265
          }
        ]
      },
      "Id": "09f0cc4e-bdad-452c-be3a-382772860dd4",
      "Relationships": [
        {
          "Type": "CHILD",
          "Ids": [
            "8887d304-aa3c-4f2a-92d5-263222080bb2",
            "b50dff6a-815c-471c-b729-4d60c826705f"
          ]
        }
      ],
      "EntityTypes": [
        "COLUMN_HEADER"
      ],
      "Page": 1
    },
    {
      "BlockType": "CELL",
      "Confidence": 92.431640625,
      "RowIndex": 1,
      "ColumnIndex": 3,
      "RowSpan": 1,
      "ColumnSpan": 1,
      "Geometry": {
        "BoundingBox": {
          "Width": 0.10441133379936218,
          "Height": 0.04857974126935005,
          "Left": 0.4849723279476166,
          "Top": 0.40210387110710144
        },
        "Polygon": [
          {
            "X": 0.4849723279476166,
            "Y": 0.40210387110710144
          },
          {
            "X": 0.5889766216278076,
            "Y": 0.40215060114860535
          },
          {
            "X": 0.5893836617469788,
            "Y": 0.45068359375
          },
          {
            "X": 0.485372930765152,
            "Y": 0.4506518244743347
          }
        ]
      },
      "Id": "c611e647-6895-4e05-830b-b898eef666bd",
      "Relationships": [
        {
          "Type": "CHILD",
          "Ids": [
            "1b18c12a-5b50-44b3-8544-fe238e9cc723",
            "ef224f2f-bfa3-45b7-9369-587542880275"
          ]
        }
      ],
      "EntityTypes": [
        "COLUMN_HEADER"
      ],
      "Page": 1
    },
    {
      "BlockType": "CELL",
      "Confidence": 90.13671875,
      "RowIndex": 1,
      "ColumnIndex": 4,
      "RowSpan": 1,
      "ColumnSpan": 1,
      "Geometry": {
        "BoundingBox": {
          "Width": 0.09671276807785034,
          "Height": 0.0485624335706234,
          "Left": 0.5889766216278076,
          "Top": 0.40215060114860535
        },
        "Polygon": [
          {
            "X": 0.5889766216278076,
            "Y": 0.40215060114860535
          },
          {
            "X": 0.6852763891220093,
            "Y": 0.40219390392303467
          },
          {
            "X": 0.685689389705658,
            "Y": 0.45071303844451904
          },
          {
            "X": 0.5893836617469788,
            "Y": 0.45068359375
          }
        ]
      },
      "Id": "f216a477-a2a9-43be-a31e-4f684855c300",
      "Relationships": [
        {
          "Type": "CHILD",
          "Ids": [
            "12f154a8-b7f4-4bcb-96c6-edfe4f1662c1",
            "9e1e7e07-89ce-41a7-bd40-9591a1a04382"
          ]
        }
      ],
      "EntityTypes": [
        "COLUMN_HEADER"
      ],
      "Page": 1
    },
    {
      "BlockType": "CELL",
      "Confidence": 90.380859375,
      "RowIndex": 1,
      "ColumnIndex": 5,
      "RowSpan": 1,
      "ColumnSpan": 1,
      "Geometry": {
        "BoundingBox": {
          "Width": 0.08464789390563965,
          "Height": 0.04854489862918854,
          "Left": 0.6852763891220093,
          "Top": 0.40219390392303467
        },
        "Polygon": [
          {
            "X": 0.6852763891220093,
            "Y": 0.40219390392303467
          },
          {
            "X": 0.76950603723526,
            "Y": 0.40223175287246704
          },
          {
            "X": 0.7699242830276489,
            "Y": 0.450738787651062
          },
          {
            "X": 0.685689389705658,
            "Y": 0.45071303844451904
          }
        ]
      },
      "Id": "9863ec3e-6662-42dd-8ce1-47621f0920a0",
      "Relationships": [
        {
          "Type": "CHILD",
          "Ids": [
            "2667ff87-5d0f-4c6e-b292-3d1219c7834a",
            "fbbcdb03-e8b4-4b58-8f49-75c8e5506e0f"
          ]
        }
      ],
      "EntityTypes": [
        "COLUMN_HEADER"
      ],
      "Page": 1
    },
    {
      "BlockType": "CELL",
      "Confidence": 89.501953125,
      "RowIndex": 2,
      "ColumnIndex": 1,
      "RowSpan": 1,
      "ColumnSpan": 1,
      "Geometry": {
        "BoundingBox": {
          "Width": 0.17071053385734558,
          "Height": 0.04028112068772316,
          "Left": 0.23005126416683197,
          "Top": 0.45057377219200134
        },
        "Polygon": [
          {
            "X": 0.23005126416683197,
            "Y": 0.45057377219200134
          },
          {
            "X": 0.400434285402298,
            "Y": 0.45062583684921265
          },
          {
            "X": 0.40076181292533875,
            "Y": 0.4908548891544342
          },
          {
            "X": 0.23037001490592957,
            "Y": 0.49082309007644653
          }
        ]
      },
      "Id": "1f1056f9-d5c3-463e-b2d3-1b8a69e0ef90",
      "Relationships": [
        {
          "Type": "CHILD",
          "Ids": [
            "cd4864a2-b856-4496-b89b-77da578b020d"
          ]
        }
      ],
      "Page": 1
    },
    {
      "BlockType": "CELL",
      "Confidence": 80.95703125,
      "RowIndex": 2,
      "ColumnIndex": 2,
      "RowSpan": 1,
      "ColumnSpan": 1,
      "Geometry": {
        "BoundingBox": {
          "Width": 0.08527050912380219,
          "Height": 0.04024488851428032,
          "Left": 0.400434285402298,
          "Top": 0.45062583684921265
        },
        "Polygon": [
          {
            "X": 0.400434285402298,
            "Y": 0.45062583684921265
          },
          {
            "X": 0.485372930765152,
            "Y": 0.4506518244743347
          },
          {
            "X": 0.48570480942726135,
            "Y": 0.49087074398994446
          },
          {
            "X": 0.40076181292533875,
            "Y": 0.4908548891544342
          }
        ]
      },
      "Id": "10bd5697-e431-486b-9b9d-b2d93580f94a",
      "Relationships": [
        {
          "Type": "CHILD",
          "Ids": [
            "9baf9c18-ecde-47d6-9702-ba6846ef8aad"
          ]
        }
      ],
      "Page": 1
    },
    {
      "BlockType": "CELL",
      "Confidence": 88.0859375,
      "RowIndex": 2,
      "ColumnIndex": 3,
      "RowSpan": 1,
      "ColumnSpan": 1,
      "Geometry": {
        "BoundingBox": {
          "Width": 0.10434795171022415,
          "Height": 0.04023832827806473,
          "Left": 0.485372930765152,
          "Top": 0.4506518244743347
        },
        "Polygon": [
          {
            "X": 0.485372930765152,
            "Y": 0.4506518244743347
          },
          {
            "X": 0.5893836617469788,
            "Y": 0.45068359375
          },
          {
            "X": 0.5897209048271179,
            "Y": 0.49089014530181885
          },
          {
            "X": 0.48570480942726135,
            "Y": 0.49087074398994446
          }
        ]
      },
      "Id": "0883ef8b-e297-4f9a-a4de-3c818bf241bf",
      "Relationships": [
        {
          "Type": "CHILD",
          "Ids": [
            "156825b8-df72-40b9-a73c-c5dbb7ac8992"
          ]
        }
      ],
      "Page": 1
    },
    {
      "BlockType": "CELL",
      "Confidence": 85.9375,
      "RowIndex": 2,
      "ColumnIndex": 4,
      "RowSpan": 1,
      "ColumnSpan": 1,
      "Geometry": {
        "BoundingBox": {
          "Width": 0.09664787352085114,
          "Height": 0.040224503725767136,
          "Left": 0.5893836617469788,
          "Top": 0.45068359375
        },
        "Polygon": [
          {
            "X": 0.5893836617469788,
            "Y": 0.45068359375
          },
          {
            "X": 0.685689389705658,
            "Y": 0.45071303844451904
          },
          {
            "X": 0.6860315799713135,
            "Y": 0.49090811610221863
          },
          {
            "X": 0.5897209048271179,
            "Y": 0.49089014530181885
          }
        ]
      },
      "Id": "1d9f122c-5e2c-4555-bf8a-19bb76f7e9a1",
      "Relationships": [
        {
          "Type": "CHILD",
          "Ids": [
            "3d5a55d5-e5c4-4264-bbe5-b0f48741a97a"
          ]
        }
      ],
      "Page": 1
    },
    {
      "BlockType": "CELL",
      "Confidence": 86.181640625,
      "RowIndex": 2,
      "ColumnIndex": 5,
      "RowSpan": 1,
      "ColumnSpan": 1,
      "Geometry": {
        "BoundingBox": {
          "Width": 0.08458135277032852,
          "Height": 0.0402107797563076,
          "Left": 0.685689389705658,
          "Top": 0.45071303844451904
        },
        "Polygon": [
          {
            "X": 0.685689389705658,
            "Y": 0.45071303844451904
          },
          {
            "X": 0.7699242830276489,
            "Y": 0.450738787651062
          },
          {
            "X": 0.7702707648277283,
            "Y": 0.49092382192611694
          },
          {
            "X": 0.6860315799713135,
            "Y": 0.49090811610221863
          }
        ]
      },
      "Id": "80005f99-0233-48b5-b79e-1d53f0520948",
      "Relationships": [
        {
          "Type": "CHILD",
          "Ids": [
            "841e5a56-123c-4214-80ce-46eb3d87cddc"
          ]
        }
      ],
      "Page": 1
    },
    {
      "BlockType": "CELL",
      "Confidence": 87.79296875,
      "RowIndex": 3,
      "ColumnIndex": 1,
      "RowSpan": 1,
      "ColumnSpan": 1,
      "Geometry": {
        "BoundingBox": {
          "Width": 0.1706538200378418,
          "Height": 0.03221805393695831,
          "Left": 0.23037001490592957,
          "Top": 0.49082309007644653
        },
        "Polygon": [
          {
            "X": 0.23037001490592957,
            "Y": 0.49082309007644653
          },
          {
            "X": 0.40076181292533875,
            "Y": 0.4908548891544342
          },
          {
            "X": 0.40102383494377136,
            "Y": 0.5230411291122437
          },
          {
            "X": 0.23062503337860107,
            "Y": 0.523025631904602
          }
        ]
      },
      "Id": "ad3aa6bc-dfd6-48dc-86ef-caf05f7dd442",
      "Relationships": [
        {
          "Type": "CHILD",
          "Ids": [
            "0e5bf587-b414-4e85-983a-66e1b1e0b170"
          ]
        }
      ],
      "Page": 1
    },
    {
      "BlockType": "CELL",
      "Confidence": 79.39453125,
      "RowIndex": 3,
      "ColumnIndex": 2,
      "RowSpan": 1,
      "ColumnSpan": 1,
      "Geometry": {
        "BoundingBox": {
          "Width": 0.08520852029323578,
          "Height": 0.03219401836395264,
          "Left": 0.40076181292533875,
          "Top": 0.4908548891544342
        },
        "Polygon": [
          {
            "X": 0.40076181292533875,
            "Y": 0.4908548891544342
          },
          {
            "X": 0.48570480942726135,
            "Y": 0.49087074398994446
          },
          {
            "X": 0.48597031831741333,
            "Y": 0.5230489373207092
          },
          {
            "X": 0.40102383494377136,
            "Y": 0.5230411291122437
          }
        ]
      },
      "Id": "8cc1a918-e9e0-42eb-82cf-bac34280ee17",
      "Relationships": [
        {
          "Type": "CHILD",
          "Ids": [
            "a7f49350-0fdb-40fa-86fa-db23f259fb2e"
          ]
        }
      ],
      "Page": 1
    },
    {
      "BlockType": "CELL",
      "Confidence": 86.376953125,
      "RowIndex": 3,
      "ColumnIndex": 3,
      "RowSpan": 1,
      "ColumnSpan": 1,
      "Geometry": {
        "BoundingBox": {
          "Width": 0.10428587347269058,
          "Height": 0.03218766301870346,
          "Left": 0.48570480942726135,
          "Top": 0.49087074398994446
        },
        "Polygon": [
          {
            "X": 0.48570480942726135,
            "Y": 0.49087074398994446
          },
          {
            "X": 0.5897209048271179,
            "Y": 0.49089014530181885
          },
          {
            "X": 0.5899906754493713,
            "Y": 0.5230584144592285
          },
          {
            "X": 0.48597031831741333,
            "Y": 0.5230489373207092
          }
        ]
      },
      "Id": "9fc6f752-5932-4eb0-98e6-f009a9cb6e44",
      "Relationships": [
        {
          "Type": "CHILD",
          "Ids": [
            "4321ae81-5374-4a1c-a4f3-084bf3a75e1f"
          ]
        }
      ],
      "Page": 1
    },
    {
      "BlockType": "CELL",
      "Confidence": 84.27734375,
      "RowIndex": 3,
      "ColumnIndex": 4,
      "RowSpan": 1,
      "ColumnSpan": 1,
      "Geometry": {
        "BoundingBox": {
          "Width": 0.09658440947532654,
          "Height": 0.032177045941352844,
          "Left": 0.5897209048271179,
          "Top": 0.49089014530181885
        },
        "Polygon": [
          {
            "X": 0.5897209048271179,
            "Y": 0.49089014530181885
          },
          {
            "X": 0.6860315799713135,
            "Y": 0.49090811610221863
          },
          {
            "X": 0.6863052845001221,
            "Y": 0.5230671763420105
          },
          {
            "X": 0.5899906754493713,
            "Y": 0.5230584144592285
          }
        ]
      },
      "Id": "5f0145ee-8749-4a78-8d78-f8e7db805959",
      "Relationships": [
        {
          "Type": "CHILD",
          "Ids": [
            "d2613e70-4acd-45bd-b799-e8b780cd5935"
          ]
        }
      ],
      "Page": 1
    },
    {
      "BlockType": "CELL",
      "Confidence": 84.47265625,
      "RowIndex": 3,
      "ColumnIndex": 5,
      "RowSpan": 1,
      "ColumnSpan": 1,
      "Geometry": {
        "BoundingBox": {
          "Width": 0.08451640605926514,
          "Height": 0.03216676786541939,
          "Left": 0.6860315799713135,
          "Top": 0.49090811610221863
        },
        "Polygon": [
          {
            "X": 0.6860315799713135,
            "Y": 0.49090811610221863
          },
          {
            "X": 0.7702707648277283,
            "Y": 0.49092382192611694
          },
          {
            "X": 0.7705479860305786,
            "Y": 0.5230748653411865
          },
          {
            "X": 0.6863052845001221,
            "Y": 0.5230671763420105
          }
        ]
      },
      "Id": "ba8941c0-dc2e-4947-9c6b-a957cd871da8",
      "Relationships": [
        {
          "Type": "CHILD",
          "Ids": [
            "f1e2bed4-69e0-4f98-bc64-0e756d236e31"
          ]
        }
      ],
      "Page": 1
    },
    {
      "BlockType": "CELL",
      "Confidence": 84.423828125,
      "RowIndex": 4,
      "ColumnIndex": 1,
      "RowSpan": 1,
      "ColumnSpan": 1,
      "Geometry": {
        "BoundingBox": {
          "Width": 0.1706499308347702,
          "Height": 0.030863266438245773,
          "Left": 0.23062503337860107,
          "Top": 0.523025631904602
        },
        "Polygon": [
          {
            "X": 0.23062503337860107,
            "Y": 0.523025631904602
          },
          {
            "X": 0.40102383494377136,
            "Y": 0.5230411291122437
          },
          {
            "X": 0.4012749493122101,
            "Y": 0.5538888573646545
          },
          {
            "X": 0.23086944222450256,
            "Y": 0.5538888573646545
          }
        ]
      },
      "Id": "6ba72f42-d76e-474e-9b7e-f845374d4437",
      "Relationships": [
        {
          "Type": "CHILD",
          "Ids": [
            "54b0b98a-f5c9-411c-9447-5e7b88878ecd"
          ]
        }
      ],
      "Page": 1
    },
    {
      "BlockType": "CELL",
      "Confidence": 76.3671875,
      "RowIndex": 4,
      "ColumnIndex": 2,
      "RowSpan": 1,
      "ColumnSpan": 1,
      "Geometry": {
        "BoundingBox": {
          "Width": 0.0852009728550911,
          "Height": 0.0308477021753788,
          "Left": 0.40102383494377136,
          "Top": 0.5230411291122437
        },
        "Polygon": [
          {
            "X": 0.40102383494377136,
            "Y": 0.5230411291122437
          },
          {
            "X": 0.48597031831741333,
            "Y": 0.5230489373207092
          },
          {
            "X": 0.48622480034828186,
            "Y": 0.5538888573646545
          },
          {
            "X": 0.4012749493122101,
            "Y": 0.5538888573646545
          }
        ]
      },
      "Id": "35eb36a7-5763-4c4f-ae53-8b27c0e7362d",
      "Relationships": [
        {
          "Type": "CHILD",
          "Ids": [
            "17f3566b-f632-44e8-a121-a4de9e625195"
          ]
        }
      ],
      "Page": 1
    },
    {
      "BlockType": "CELL",
      "Confidence": 83.10546875,
      "RowIndex": 4,
      "ColumnIndex": 3,
      "RowSpan": 1,
      "ColumnSpan": 1,
      "Geometry": {
        "BoundingBox": {
          "Width": 0.10427892953157425,
          "Height": 0.030839944258332253,
          "Left": 0.48597031831741333,
          "Top": 0.5230489373207092
        },
        "Polygon": [
          {
            "X": 0.48597031831741333,
            "Y": 0.5230489373207092
          },
          {
            "X": 0.5899906754493713,
            "Y": 0.5230584144592285
          },
          {
            "X": 0.590249240398407,
            "Y": 0.5538888573646545
          },
          {
            "X": 0.48622480034828186,
            "Y": 0.5538888573646545
          }
        ]
      },
      "Id": "70f95c9f-bff3-48da-8a32-3283a22ebce9",
      "Relationships": [
        {
          "Type": "CHILD",
          "Ids": [
            "f6ba172b-59c3-4501-afbf-29f73f197b22"
          ]
        }
      ],
      "Page": 1
    },
    {
      "BlockType": "CELL",
      "Confidence": 81.0546875,
      "RowIndex": 4,
      "ColumnIndex": 4,
      "RowSpan": 1,
      "ColumnSpan": 1,
      "Geometry": {
        "BoundingBox": {
          "Width": 0.0965769812464714,
          "Height": 0.030830442905426025,
          "Left": 0.5899906754493713,
          "Top": 0.5230584144592285
        },
        "Polygon": [
          {
            "X": 0.5899906754493713,
            "Y": 0.5230584144592285
          },
          {
            "X": 0.6863052845001221,
            "Y": 0.5230671763420105
          },
          {
            "X": 0.6865676641464233,
            "Y": 0.5538888573646545
          },
          {
            "X": 0.590249240398407,
            "Y": 0.5538888573646545
          }
        ]
      },
      "Id": "3e383f78-c2f2-46cd-a9a9-5aaa4af7a8f9",
      "Relationships": [
        {
          "Type": "CHILD",
          "Ids": [
            "4447d199-636d-4f7f-a2be-f55f607a0ced"
          ]
        }
      ],
      "Page": 1
    },
    {
      "BlockType": "CELL",
      "Confidence": 81.25,
      "RowIndex": 4,
      "ColumnIndex": 5,
      "RowSpan": 1,
      "ColumnSpan": 1,
      "Geometry": {
        "BoundingBox": {
          "Width": 0.08450833708047867,
          "Height": 0.030821645632386208,
          "Left": 0.6863052845001221,
          "Top": 0.5230671763420105
        },
        "Polygon": [
          {
            "X": 0.6863052845001221,
            "Y": 0.5230671763420105
          },
          {
            "X": 0.7705479860305786,
            "Y": 0.5230748653411865
          },
          {
            "X": 0.7708136439323425,
            "Y": 0.5538887977600098
          },
          {
            "X": 0.6865676641464233,
            "Y": 0.5538888573646545
          }
        ]
      },
      "Id": "fe7da269-52e1-4f59-bf37-bacddca12390",
      "Relationships": [
        {
          "Type": "CHILD",
          "Ids": [
            "e2205f1e-6046-4545-abf1-200333b64805"
          ]
        }
      ],
      "Page": 1
    },
    {
      "BlockType": "CELL",
      "Confidence": 92.919921875,
      "RowIndex": 5,
      "ColumnIndex": 1,
      "RowSpan": 1,
      "ColumnSpan": 1,
      "Geometry": {
        "BoundingBox": {
          "Width": 0.17073041200637817,
          "Height": 0.03992998227477074,
          "Left": 0.23086944222450256,
          "Top": 0.5538888573646545
        },
        "Polygon": [
          {
            "X": 0.23086944222450256,
            "Y": 0.5538888573646545
          },
          {
            "X": 0.4012749493122101,
            "Y": 0.5538888573646545
          },
          {
            "X": 0.40159985423088074,
            "Y": 0.5937986969947815
          },
          {
            "X": 0.2311856597661972,
            "Y": 0.5938188433647156
          }
        ]
      },
      "Id": "488cd6cf-a92e-42c4-ba03-fa41a69fa419",
      "Relationships": [
        {
          "Type": "CHILD",
          "Ids": [
            "a920b76d-08b5-4583-8f49-427ecfe3f6e5"
          ]
        }
      ],
      "Page": 1
    },
    {
      "BlockType": "CELL",
      "Confidence": 84.033203125,
      "RowIndex": 5,
      "ColumnIndex": 2,
      "RowSpan": 1,
      "ColumnSpan": 1,
      "Geometry": {
        "BoundingBox": {
          "Width": 0.08527907729148865,
          "Height": 0.039909835904836655,
          "Left": 0.4012749493122101,
          "Top": 0.5538888573646545
        },
        "Polygon": [
          {
            "X": 0.4012749493122101,
            "Y": 0.5538888573646545
          },
          {
            "X": 0.48622480034828186,
            "Y": 0.5538888573646545
          },
          {
            "X": 0.48655402660369873,
            "Y": 0.5937886238098145
          },
          {
            "X": 0.40159985423088074,
            "Y": 0.5937986969947815
          }
        ]
      },
      "Id": "087fe7d9-4049-41ac-b46b-f0c7007191d0",
      "Relationships": [
        {
          "Type": "CHILD",
          "Ids": [
            "11ae656f-84c7-4997-81c2-63ba49bad276"
          ]
        }
      ],
      "Page": 1
    },
    {
      "BlockType": "CELL",
      "Confidence": 91.455078125,
      "RowIndex": 5,
      "ColumnIndex": 3,
      "RowSpan": 1,
      "ColumnSpan": 1,
      "Geometry": {
        "BoundingBox": {
          "Width": 0.1043589860200882,
          "Height": 0.0398997962474823,
          "Left": 0.48622480034828186,
          "Top": 0.5538888573646545
        },
        "Polygon": [
          {
            "X": 0.48622480034828186,
            "Y": 0.5538888573646545
          },
          {
            "X": 0.590249240398407,
            "Y": 0.5538888573646545
          },
          {
            "X": 0.5905838012695312,
            "Y": 0.5937763452529907
          },
          {
            "X": 0.48655402660369873,
            "Y": 0.5937886238098145
          }
        ]
      },
      "Id": "fbd27665-c80a-47f8-96d8-5b4b90ee857b",
      "Relationships": [
        {
          "Type": "CHILD",
          "Ids": [
            "8d14120f-a05f-4c5a-9d78-c09e97e09b06"
          ]
        }
      ],
      "Page": 1
    },
    {
      "BlockType": "CELL",
      "Confidence": 89.208984375,
      "RowIndex": 5,
      "ColumnIndex": 4,
      "RowSpan": 1,
      "ColumnSpan": 1,
      "Geometry": {
        "BoundingBox": {
          "Width": 0.09665784239768982,
          "Height": 0.039887502789497375,
          "Left": 0.590249240398407,
          "Top": 0.5538888573646545
        },
        "Polygon": [
          {
            "X": 0.590249240398407,
            "Y": 0.5538888573646545
          },
          {
            "X": 0.6865676641464233,
            "Y": 0.5538888573646545
          },
          {
            "X": 0.6869071125984192,
            "Y": 0.5937649607658386
          },
          {
            "X": 0.5905838012695312,
            "Y": 0.5937763452529907
          }
        ]
      },
      "Id": "beb1b3c0-638f-4092-9303-9a6ab879e0be",
      "Relationships": [
        {
          "Type": "CHILD",
          "Ids": [
            "225cad4a-1408-4233-b97c-05ded9df438f"
          ]
        }
      ],
      "Page": 1
    },
    {
      "BlockType": "CELL",
      "Confidence": 89.404296875,
      "RowIndex": 5,
      "ColumnIndex": 5,
      "RowSpan": 1,
      "ColumnSpan": 1,
      "Geometry": {
        "BoundingBox": {
          "Width": 0.08458969742059708,
          "Height": 0.039876122027635574,
          "Left": 0.6865676641464233,
          "Top": 0.5538887977600098
        },
        "Polygon": [
          {
            "X": 0.6865676641464233,
            "Y": 0.5538888573646545
          },
          {
            "X": 0.7708136439323425,
            "Y": 0.5538887977600098
          },
          {
            "X": 0.7711573839187622,
            "Y": 0.5937550067901611
          },
          {
            "X": 0.6869071125984192,
            "Y": 0.5937649607658386
          }
        ]
      },
      "Id": "664041ce-4489-4273-a6a5-786e3c339d0d",
      "Relationships": [
        {
          "Type": "CHILD",
          "Ids": [
            "87e02c1a-4ea5-41a2-9318-c1d719b06975"
          ]
        }
      ],
      "Page": 1
    }
  ],
  "AnalyzeDocumentModelVersion": "1.0"
}