{
  "DocumentMetadata": {
    "Pages": 1
  },
  "JobStatus": "SUCCEEDED",
  "Blocks": [
    {
      "BlockType": "PAGE",
      "Geometry": {
        "BoundingBox": {
          "Width": 0.6948223114013672,
          "Height": 0.3891892433166504,
          "Left": 0.151936873793602,
          "Top": 0.30155763030052185
        },
        "Polygon": [
          {
            "X": 0.151936873793602,
            "Y": 0.3023519217967987
          },
          {
            "X": 0.8430924415588379,
            "Y": 0.30155763030052185
          },
          {
            "X": 0.8467592000961304,
            "Y": 0.690464198589325
          },
          {
            "X": 0.15399904549121857,
            "Y": 0.6907468438148499
          }
        ]
      },
      "Id": "c9bdda18-1ece-4f8e-9a59-5b391ba49c1e",
      "Relationships": [
        {
          "Type": "CHILD",
          "Ids": [
            "ba032dac-23cb-4c09-b539-c318f6253369",
            "47624288-9f29-48e9-a212-33cb06a7f941",
            "7d19e6c4-12d8-4335-81f9-f434bef44250",
            "434f71a0-3cc1-425d-a348-70d75e6fd5de",
            "32a295e8-f58e-49e0-aed5-80fd0a371dd1",
            "c4982c2c-31f5-4af7-8782-a905319968a8",
            "47fd5a5b-37ad-4398-9d66-9a16e4f7a569",
            "65a1e672-5228-48c5-bfc3-6fba09089356",
            "94e52c07-0a99-4a71-af65-d85fc8c5e8fb",
            "031309f1-8909-4a5f-98ff-69cbd63a16da",
            "7a6c46f1-8fb3-4784-bcf8-e7ab7f38e412",
            "6b658907-4426-4f1c-9614-4711e31de80b",
            "dc43eaed-fef3-4656-aea8-c72fb1b8a8a9",
            "24d32000-5759-453b-99dc-d0705ad7d1f3",
            "6a0ac5f9-5e38-4fe5-865b-d1cb6d87e03a",
            "107dfae6-5737-4a73-9041-cfc520cf4150"
          ]
        }
      ],
      "Page": 1
    },
    {
      "BlockType": "LINE",
      "Confidence": 99.06757354736328,
      "Text": "DPPEI",
      "Geometry": {
        "BoundingBox": {
          "Width": 0.04932088777422905,
          "Height": 0.026390762999653816,
          "Left": 0.2909596562385559,
          "Top": 0.34650924801826477
        },
        "Polygon": [
          {
            "X": 0.2909596562385559,
            "Y": 0.34656158089637756
          },
          {
            "X": 0.3401111960411072,
            "Y": 0.34650924801826477
          },
          {
            "X": 0.34028053283691406,
            "Y": 0.3728501498699188
          },
          {
            "X": 0.2911212742328644,
            "Y": 0.37290000915527344
          }
        ]
      },
      "Id": "ba032dac-23cb-4c09-b539-c318f6253369",
      "Relationships": [
        {
          "Type": "CHILD",
          "Ids": [
            "0f237b31-3a4a-40f2-bbb4-1dd38523ec36"
          ]
        }
      ],
      "Page": 1
    },
    {
      "BlockType": "LINE",
      "Confidence": 96.71495056152344,
      "Text": "DPPEI(20)-EP DPPEI(25)-EP DPPEI(30)-EP DPPEI(35)-EP",
      "Geometry": {
        "BoundingBox": {
          "Width": 0.46574780344963074,
          "Height": 0.032787468284368515,
          "Left": 0.3646673858165741,
          "Top": 0.3457386791706085
        },
        "Polygon": [
          {
            "X": 0.3646673858165741,
            "Y": 0.34623438119888306
          },
          {
            "X": 0.8301130533218384,
            "Y": 0.3457386791706085
          },
          {
            "X": 0.8304151892662048,
            "Y": 0.3780589997768402
          },
          {
            "X": 0.3648797273635864,
            "Y": 0.37852615118026733
          }
        ]
      },
      "Id": "47624288-9f29-48e9-a212-33cb06a7f941",
      "Relationships": [
        {
          "Type": "CHILD",
          "Ids": [
            "85096518-55b7-458f-9210-023d64a5a4ff",
            "d4e84363-440e-438b-bff3-843531507dae",
            "e040f954-8d35-4136-9532-c68a146b1724",
            "1d7c6aed-3188-4868-98e7-ced8f29be8aa"
          ]
        }
      ],
      "Page": 1
    },
    {
      "BlockType": "LINE",
      "Confidence": 97.9422836303711,
      "Text": "P (wt%)",
      "Geometry": {
        "BoundingBox": {
          "Width": 0.05709085986018181,
          "Height": 0.03147873282432556,
          "Left": 0.19151262938976288,
          "Top": 0.44032707810401917
        },
        "Polygon": [
          {
            "X": 0.19151262938976288,
            "Y": 0.44037747383117676
          },
          {
            "X": 0.2484186738729477,
            "Y": 0.44032707810401917
          },
          {
            "X": 0.2486034780740738,
            "Y": 0.47175881266593933
          },
          {
            "X": 0.19168676435947418,
            "Y": 0.4718058109283447
          }
        ]
      },
      "Id": "7d19e6c4-12d8-4335-81f9-f434bef44250",
      "Relationships": [
        {
          "Type": "CHILD",
          "Ids": [
            "7040351e-eaac-437c-9dd6-b626e215c139",
            "1779fd85-62cb-46a2-be06-e80afb777227"
          ]
        }
      ],
      "Page": 1
    },
    {
      "BlockType": "LINE",
      "Confidence": 99.77035522460938,
      "Text": "5.82",
      "Geometry": {
        "BoundingBox": {
          "Width": 0.030803503468632698,
          "Height": 0.02592294290661812,
          "Left": 0.2999865412712097,
          "Top": 0.44007837772369385
        },
        "Polygon": [
          {
            "X": 0.2999865412712097,
            "Y": 0.44010552763938904
          },
          {
            "X": 0.33062511682510376,
            "Y": 0.44007837772369385
          },
          {
            "X": 0.33079004287719727,
            "Y": 0.46597567200660706
          },
          {
            "X": 0.30014675855636597,
            "Y": 0.4660013020038605
          }
        ]
      },
      "Id": "434f71a0-3cc1-425d-a348-70d75e6fd5de",
      "Relationships": [
        {
          "Type": "CHILD",
          "Ids": [
            "2a02cde2-ac74-42ad-9ffb-328ce5583d8c"
          ]
        }
      ],
      "Page": 1
    },
    {
      "BlockType": "LINE",
      "Confidence": 99.86006164550781,
      "Text": "1.13",
      "Geometry": {
        "BoundingBox": {
          "Width": 0.028422605246305466,
          "Height": 0.02566487155854702,
          "Left": 0.40350788831710815,
          "Top": 0.44038790464401245
        },
        "Polygon": [
          {
            "X": 0.40350788831710815,
            "Y": 0.4404129087924957
          },
          {
            "X": 0.43175172805786133,
            "Y": 0.44038790464401245
          },
          {
            "X": 0.4319304823875427,
            "Y": 0.4660291373729706
          },
          {
            "X": 0.40368232131004333,
            "Y": 0.466052770614624
          }
        ]
      },
      "Id": "32a295e8-f58e-49e0-aed5-80fd0a371dd1",
      "Relationships": [
        {
          "Type": "CHILD",
          "Ids": [
            "38f45663-ff8e-4c09-8a11-bd2d49d0a4fd"
          ]
        }
      ],
      "Page": 1
    },
    {
      "BlockType": "LINE",
      "Confidence": 98.75955200195312,
      "Text": "1.35",
      "Geometry": {
        "BoundingBox": {
          "Width": 0.028856486082077026,
          "Height": 0.0257418230175972,
          "Left": 0.5234218835830688,
          "Top": 0.4403454661369324
        },
        "Polygon": [
          {
            "X": 0.5234218835830688,
            "Y": 0.4403708279132843
          },
          {
            "X": 0.5520806908607483,
            "Y": 0.4403454661369324
          },
          {
            "X": 0.5522783994674683,
            "Y": 0.46606332063674927
          },
          {
            "X": 0.5236152410507202,
            "Y": 0.466087281703949
          }
        ]
      },
      "Id": "c4982c2c-31f5-4af7-8782-a905319968a8",
      "Relationships": [
        {
          "Type": "CHILD",
          "Ids": [
            "dcc5fe52-04a7-4676-a2c5-b5e2b9daed10"
          ]
        }
      ],
      "Page": 1
    },
    {
      "BlockType": "LINE",
      "Confidence": 99.9215087890625,
      "Text": "1.65",
      "Geometry": {
        "BoundingBox": {
          "Width": 0.02868184633553028,
          "Height": 0.02594378963112831,
          "Left": 0.6439288258552551,
          "Top": 0.4401966631412506
        },
        "Polygon": [
          {
            "X": 0.6439288258552551,
            "Y": 0.4402218461036682
          },
          {
            "X": 0.6723928451538086,
            "Y": 0.4401966631412506
          },
          {
            "X": 0.6726106405258179,
            "Y": 0.46611663699150085
          },
          {
            "X": 0.644142210483551,
            "Y": 0.4661404490470886
          }
        ]
      },
      "Id": "47fd5a5b-37ad-4398-9d66-9a16e4f7a569",
      "Relationships": [
        {
          "Type": "CHILD",
          "Ids": [
            "de861935-680c-4e28-9ac7-9d07f387ad2c"
          ]
        }
      ],
      "Page": 1
    },
    {
      "BlockType": "LINE",
      "Confidence": 99.90536499023438,
      "Text": "1.99",
      "Geometry": {
        "BoundingBox": {
          "Width": 0.029469862580299377,
          "Height": 0.026946907863020897,
          "Left": 0.7636439800262451,
          "Top": 0.43995746970176697
        },
        "Polygon": [
          {
            "X": 0.7636439800262451,
            "Y": 0.4399833381175995
          },
          {
            "X": 0.7928682565689087,
            "Y": 0.43995746970176697
          },
          {
            "X": 0.7931138277053833,
            "Y": 0.4668799936771393
          },
          {
            "X": 0.7638848423957825,
            "Y": 0.4669043719768524
          }
        ]
      },
      "Id": "65a1e672-5228-48c5-bfc3-6fba09089356",
      "Relationships": [
        {
          "Type": "CHILD",
          "Ids": [
            "7305fb44-82b5-4aca-99ea-102c6e77ab4f"
          ]
        }
      ],
      "Page": 1
    },
    {
      "BlockType": "LINE",
      "Confidence": 99.91881561279297,
      "Text": "Theoretical",
      "Geometry": {
        "BoundingBox": {
          "Width": 0.07971999049186707,
          "Height": 0.026158161461353302,
          "Left": 0.18073391914367676,
          "Top": 0.5323483347892761
        },
        "Polygon": [
          {
            "X": 0.18073391914367676,
            "Y": 0.5324048399925232
          },
          {
            "X": 0.2602986693382263,
            "Y": 0.5323483347892761
          },
          {
            "X": 0.2604539096355438,
            "Y": 0.5584539771080017
          },
          {
            "X": 0.18087679147720337,
            "Y": 0.5585064888000488
          }
        ]
      },
      "Id": "94e52c07-0a99-4a71-af65-d85fc8c5e8fb",
      "Relationships": [
        {
          "Type": "CHILD",
          "Ids": [
            "7566e110-bf0f-4da7-9cb8-1fd0cce27a7d"
          ]
        }
      ],
      "Page": 1
    },
    {
      "BlockType": "LINE",
      "Confidence": 99.94859313964844,
      "Text": "6.00",
      "Geometry": {
        "BoundingBox": {
          "Width": 0.03085222654044628,
          "Height": 0.026649003848433495,
          "Left": 0.30021312832832336,
          "Top": 0.578147292137146
        },
        "Polygon": [
          {
            "X": 0.30021312832832336,
            "Y": 0.5781663656234741
          },
          {
            "X": 0.3308958411216736,
            "Y": 0.578147292137146
          },
          {
            "X": 0.3310653567314148,
            "Y": 0.6047787070274353
          },
          {
            "X": 0.3003777861595154,
            "Y": 0.604796290397644
          }
        ]
      },
      "Id": "031309f1-8909-4a5f-98ff-69cbd63a16da",
      "Relationships": [
        {
          "Type": "CHILD",
          "Ids": [
            "1b069f26-d302-4e7c-8499-1d5ea5d28897"
          ]
        }
      ],
      "Page": 1
    },
    {
      "BlockType": "LINE",
      "Confidence": 99.93270874023438,
      "Text": "1.20",
      "Geometry": {
        "BoundingBox": {
          "Width": 0.029404425993561745,
          "Height": 0.025833403691649437,
          "Left": 0.4035494923591614,
          "Top": 0.5785130262374878
        },
        "Polygon": [
          {
            "X": 0.4035494923591614,
            "Y": 0.5785312056541443
          },
          {
            "X": 0.4327739477157593,
            "Y": 0.5785130262374878
          },
          {
            "X": 0.43295392394065857,
            "Y": 0.6043296456336975
          },
          {
            "X": 0.4037249982357025,
            "Y": 0.6043463945388794
          }
        ]
      },
      "Id": "7a6c46f1-8fb3-4784-bcf8-e7ab7f38e412",
      "Relationships": [
        {
          "Type": "CHILD",
          "Ids": [
            "12b240c2-5d32-49b6-82be-0a989f97a7fe"
          ]
        }
      ],
      "Page": 1
    },
    {
      "BlockType": "LINE",
      "Confidence": 99.97895050048828,
      "Text": "1.50",
      "Geometry": {
        "BoundingBox": {
          "Width": 0.029344577342271805,
          "Height": 0.026216499507427216,
          "Left": 0.5235355496406555,
          "Top": 0.5784279704093933
        },
        "Polygon": [
          {
            "X": 0.5235355496406555,
            "Y": 0.5784461498260498
          },
          {
            "X": 0.5526787638664246,
            "Y": 0.5784279704093933
          },
          {
            "X": 0.5528801083564758,
            "Y": 0.6046278476715088
          },
          {
            "X": 0.5237323641777039,
            "Y": 0.6046444773674011
          }
        ]
      },
      "Id": "6b658907-4426-4f1c-9614-4711e31de80b",
      "Relationships": [
        {
          "Type": "CHILD",
          "Ids": [
            "400fc410-bbc9-46e2-9b84-4fd6fa3a726a"
          ]
        }
      ],
      "Page": 1
    },
    {
      "BlockType": "LINE",
      "Confidence": 99.98859405517578,
      "Text": "1.80",
      "Geometry": {
        "BoundingBox": {
          "Width": 0.029355602338910103,
          "Height": 0.025990968570113182,
          "Left": 0.6440017223358154,
          "Top": 0.5786005854606628
        },
        "Polygon": [
          {
            "X": 0.6440017223358154,
            "Y": 0.5786187052726746
          },
          {
            "X": 0.6731390953063965,
            "Y": 0.5786005854606628
          },
          {
            "X": 0.6733573079109192,
            "Y": 0.6045749187469482
          },
          {
            "X": 0.64421546459198,
            "Y": 0.6045915484428406
          }
        ]
      },
      "Id": "dc43eaed-fef3-4656-aea8-c72fb1b8a8a9",
      "Relationships": [
        {
          "Type": "CHILD",
          "Ids": [
            "30d807c5-6428-4009-8a18-4e0618effb65"
          ]
        }
      ],
      "Page": 1
    },
    {
      "BlockType": "LINE",
      "Confidence": 99.90779113769531,
      "Text": "2.10",
      "Geometry": {
        "BoundingBox": {
          "Width": 0.031241480261087418,
          "Height": 0.026520051062107086,
          "Left": 0.7621673345565796,
          "Top": 0.5782426595687866
        },
        "Polygon": [
          {
            "X": 0.7621673345565796,
            "Y": 0.5782619714736938
          },
          {
            "X": 0.793167233467102,
            "Y": 0.5782426595687866
          },
          {
            "X": 0.7934088110923767,
            "Y": 0.6047450304031372
          },
          {
            "X": 0.7624040246009827,
            "Y": 0.6047627329826355
          }
        ]
      },
      "Id": "24d32000-5759-453b-99dc-d0705ad7d1f3",
      "Relationships": [
        {
          "Type": "CHILD",
          "Ids": [
            "b98fdf1b-931b-403e-bb3b-a42ca305d8bb"
          ]
        }
      ],
      "Page": 1
    },
    {
      "BlockType": "LINE",
      "Confidence": 98.85911560058594,
      "Text": "P (wt%)",
      "Geometry": {
        "BoundingBox": {
          "Width": 0.056842830032110214,
          "Height": 0.031896017491817474,
          "Left": 0.19145648181438446,
          "Top": 0.6246984601020813
        },
        "Polygon": [
          {
            "X": 0.19145648181438446,
            "Y": 0.6247286796569824
          },
          {
            "X": 0.24811218678951263,
            "Y": 0.6246984601020813
          },
          {
            "X": 0.24829930067062378,
            "Y": 0.6565676331520081
          },
          {
            "X": 0.19163283705711365,
            "Y": 0.656594455242157
          }
        ]
      },
      "Id": "6a0ac5f9-5e38-4fe5-865b-d1cb6d87e03a",
      "Relationships": [
        {
          "Type": "CHILD",
          "Ids": [
            "5b1d3766-0ee0-4ff8-810d-b53362eddd57",
            "3991e1ec-86ae-4cb3-ab48-d6ed89cdeb4d"
          ]
        }
      ],
      "Page": 1
    },
    {
      "BlockType": "WORD",
      "Confidence": 99.06757354736328,
      "Text": "DPPEI",
      "TextType": "PRINTED",
      "Geometry": {
        "BoundingBox": {
          "Width": 0.04932088777422905,
          "Height": 0.026390762999653816,
          "Left": 0.2909596562385559,
          "Top": 0.34650924801826477
        },
        "Polygon": [
          {
            "X": 0.2909596562385559,
            "Y": 0.34656158089637756
          },
          {
            "X": 0.3401111960411072,
            "Y": 0.34650924801826477
          },
          {
            "X": 0.34028053283691406,
            "Y": 0.3728501498699188
          },
          {
            "X": 0.2911212742328644,
            "Y": 0.37290000915527344
          }
        ]
      },
      "Id": "0f237b31-3a4a-40f2-bbb4-1dd38523ec36",
      "Page": 1
    },
    {
      "BlockType": "WORD",
      "Confidence": 97.32620239257812,
      "Text": "DPPEI(20)-EP",
      "TextType": "PRINTED",
      "Geometry": {
        "BoundingBox": {
          "Width": 0.10559248179197311,
          "Height": 0.032313499599695206,
          "Left": 0.3646673858165741,
          "Top": 0.3461221754550934
        },
        "Polygon": [
          {
            "X": 0.3646673858165741,
            "Y": 0.34623438119888306
          },
          {
            "X": 0.4700278639793396,
            "Y": 0.3461221754550934
          },
          {
            "X": 0.4702598452568054,
            "Y": 0.37832990288734436
          },
          {
            "X": 0.36487913131713867,
            "Y": 0.3784356713294983
          }
        ]
      },
      "Id": "85096518-55b7-458f-9210-023d64a5a4ff",
      "Page": 1
    },
    {
      "BlockType": "WORD",
      "Confidence": 97.38751983642578,
      "Text": "DPPEI(25)-EP",
      "TextType": "PRINTED",
      "Geometry": {
        "BoundingBox": {
          "Width": 0.10476657003164291,
          "Height": 0.03202131390571594,
          "Left": 0.4850724935531616,
          "Top": 0.3462434411048889
        },
        "Polygon": [
          {
            "X": 0.4850724935531616,
            "Y": 0.3463546931743622
          },
          {
            "X": 0.5895864367485046,
            "Y": 0.3462434411048889
          },
          {
            "X": 0.5898390412330627,
            "Y": 0.3781598210334778
          },
          {
            "X": 0.48530521988868713,
            "Y": 0.37826475501060486
          }
        ]
      },
      "Id": "d4e84363-440e-438b-bff3-843531507dae",
      "Page": 1
    },
    {
      "BlockType": "WORD",
      "Confidence": 96.30577087402344,
      "Text": "DPPEI(30)-EP",
      "TextType": "PRINTED",
      "Geometry": {
        "BoundingBox": {
          "Width": 0.10533074289560318,
          "Height": 0.03188205510377884,
          "Left": 0.604840874671936,
          "Top": 0.34632518887519836
        },
        "Polygon": [
          {
            "X": 0.604840874671936,
            "Y": 0.3464369773864746
          },
          {
            "X": 0.7098972797393799,
            "Y": 0.34632518887519836
          },
          {
            "X": 0.7101715803146362,
            "Y": 0.37810179591178894
          },
          {
            "X": 0.6050952076911926,
            "Y": 0.3782072365283966
          }
        ]
      },
      "Id": "e040f954-8d35-4136-9532-c68a146b1724",
      "Page": 1
    },
    {
      "BlockType": "WORD",
      "Confidence": 95.84030151367188,
      "Text": "DPPEI(35)-EP",
      "TextType": "PRINTED",
      "Geometry": {
        "BoundingBox": {
          "Width": 0.10530336201190948,
          "Height": 0.03186681494116783,
          "Left": 0.7251118421554565,
          "Top": 0.34629756212234497
        },
        "Polygon": [
          {
            "X": 0.7251118421554565,
            "Y": 0.34640929102897644
          },
          {
            "X": 0.8301182389259338,
            "Y": 0.34629756212234497
          },
          {
            "X": 0.8304151892662048,
            "Y": 0.3780589997768402
          },
          {
            "X": 0.7253888249397278,
            "Y": 0.3781643807888031
          }
        ]
      },
      "Id": "1d7c6aed-3188-4868-98e7-ced8f29be8aa",
      "Page": 1
    },
    {
      "BlockType": "WORD",
      "Confidence": 99.83238220214844,
      "Text": "P",
      "TextType": "PRINTED",
      "Geometry": {
        "BoundingBox": {
          "Width": 0.010070202872157097,
          "Height": 0.0252314992249012,
          "Left": 0.19151371717453003,
          "Top": 0.44056734442710876
        },
        "Polygon": [
          {
            "X": 0.19151371717453003,
            "Y": 0.44057613611221313
          },
          {
            "X": 0.2014426738023758,
            "Y": 0.44056734442710876
          },
          {
            "X": 0.20158392190933228,
            "Y": 0.4657905101776123
          },
          {
            "X": 0.19165347516536713,
            "Y": 0.46579882502555847
          }
        ]
      },
      "Id": "7040351e-eaac-437c-9dd6-b626e215c139",
      "Page": 1
    },
    {
      "BlockType": "WORD",
      "Confidence": 96.05219268798828,
      "Text": "(wt%)",
      "TextType": "PRINTED",
      "Geometry": {
        "BoundingBox": {
          "Width": 0.0430741049349308,
          "Height": 0.03146715834736824,
          "Left": 0.2055293768644333,
          "Top": 0.44032707810401917
        },
        "Polygon": [
          {
            "X": 0.2055293768644333,
            "Y": 0.4403650462627411
          },
          {
            "X": 0.2484186738729477,
            "Y": 0.44032707810401917
          },
          {
            "X": 0.2486034780740738,
            "Y": 0.47175881266593933
          },
          {
            "X": 0.2057061344385147,
            "Y": 0.4717942178249359
          }
        ]
      },
      "Id": "1779fd85-62cb-46a2-be06-e80afb777227",
      "Page": 1
    },
    {
      "BlockType": "WORD",
      "Confidence": 99.77035522460938,
      "Text": "5.82",
      "TextType": "PRINTED",
      "Geometry": {
        "BoundingBox": {
          "Width": 0.030803503468632698,
          "Height": 0.02592294290661812,
          "Left": 0.2999865412712097,
          "Top": 0.44007837772369385
        },
        "Polygon": [
          {
            "X": 0.2999865412712097,
            "Y": 0.44010552763938904
          },
          {
            "X": 0.33062511682510376,
            "Y": 0.44007837772369385
          },
          {
            "X": 0.33079004287719727,
            "Y": 0.46597567200660706
          },
          {
            "X": 0.30014675855636597,
            "Y": 0.4660013020038605
          }
        ]
      },
      "Id": "2a02cde2-ac74-42ad-9ffb-328ce5583d8c",
      "Page": 1
    },
    {
      "BlockType": "WORD",
      "Confidence": 99.86006164550781,
      "Text": "1.13",
      "TextType": "PRINTED",
      "Geometry": {
        "BoundingBox": {
          "Width": 0.028422605246305466,
          "Height": 0.02566487155854702,
          "Left": 0.40350788831710815,
          "Top": 0.44038790464401245
        },
        "Polygon": [
          {
            "X": 0.40350788831710815,
            "Y": 0.4404129087924957
          },
          {
            "X": 0.43175172805786133,
            "Y": 0.44038790464401245
          },
          {
            "X": 0.4319304823875427,
            "Y": 0.4660291373729706
          },
          {
            "X": 0.40368232131004333,
            "Y": 0.466052770614624
          }
        ]
      },
      "Id": "38f45663-ff8e-4c09-8a11-bd2d49d0a4fd",
      "Page": 1
    },
    {
      "BlockType": "WORD",
      "Confidence": 98.75955200195312,
      "Text": "1.35",
      "TextType": "PRINTED",
      "Geometry": {
        "BoundingBox": {
          "Width": 0.028856486082077026,
          "Height": 0.0257418230175972,
          "Left": 0.5234218835830688,
          "Top": 0.4403454661369324
        },
        "Polygon": [
          {
            "X": 0.5234218835830688,
            "Y": 0.4403708279132843
          },
          {
            "X": 0.5520806908607483,
            "Y": 0.4403454661369324
          },
          {
            "X": 0.5522783994674683,
            "Y": 0.46606332063674927
          },
          {
            "X": 0.5236152410507202,
            "Y": 0.466087281703949
          }
        ]
      },
      "Id": "dcc5fe52-04a7-4676-a2c5-b5e2b9daed10",
      "Page": 1
    },
    {
      "BlockType": "WORD",
      "Confidence": 99.9215087890625,
      "Text": "1.65",
      "TextType": "PRINTED",
      "Geometry": {
        "BoundingBox": {
          "Width": 0.02868184633553028,
          "Height": 0.02594378963112831,
          "Left": 0.6439288258552551,
          "Top": 0.4401966631412506
        },
        "Polygon": [
          {
            "X": 0.6439288258552551,
            "Y": 0.4402218461036682
          },
          {
            "X": 0.6723928451538086,
            "Y": 0.4401966631412506
          },
          {
            "X": 0.6726106405258179,
            "Y": 0.46611663699150085
          },
          {
            "X": 0.644142210483551,
            "Y": 0.4661404490470886
          }
        ]
      },
      "Id": "de861935-680c-4e28-9ac7-9d07f387ad2c",
      "Page": 1
    },
    {
      "BlockType": "WORD",
      "Confidence": 99.90536499023438,
      "Text": "1.99",
      "TextType": "PRINTED",
      "Geometry": {
        "BoundingBox": {
          "Width": 0.029469862580299377,
          "Height": 0.026946907863020897,
          "Left": 0.7636439800262451,
          "Top": 0.43995746970176697
        },
        "Polygon": [
          {
            "X": 0.7636439800262451,
            "Y": 0.4399833381175995
          },
          {
            "X": 0.7928682565689087,
            "Y": 0.43995746970176697
          },
          {
            "X": 0.7931138277053833,
            "Y": 0.4668799936771393
          },
          {
            "X": 0.7638848423957825,
            "Y": 0.4669043719768524
          }
        ]
      },
      "Id": "7305fb44-82b5-4aca-99ea-102c6e77ab4f",
      "Page": 1
    },
    {
      "BlockType": "WORD",
      "Confidence": 99.91881561279297,
      "Text": "Theoretical",
      "TextType": "PRINTED",
      "Geometry": {
        "BoundingBox": {
          "Width": 0.07971999049186707,
          "Height": 0.026158161461353302,
          "Left": 0.18073391914367676,
          "Top": 0.5323483347892761
        },
        "Polygon": [
          {
            "X": 0.18073391914367676,
            "Y": 0.5324048399925232
          },
          {
            "X": 0.2602986693382263,
            "Y": 0.5323483347892761
          },
          {
            "X": 0.2604539096355438,
            "Y": 0.5584539771080017
          },
          {
            "X": 0.18087679147720337,
            "Y": 0.5585064888000488
          }
        ]
      },
      "Id": "7566e110-bf0f-4da7-9cb8-1fd0cce27a7d",
      "Page": 1
    },
    {
      "BlockType": "WORD",
      "Confidence": 99.94859313964844,
      "Text": "6.00",
      "TextType": "PRINTED",
      "Geometry": {
        "BoundingBox": {
          "Width": 0.03085222654044628,
          "Height": 0.026649003848433495,
          "Left": 0.30021312832832336,
          "Top": 0.578147292137146
        },
        "Polygon": [
          {
            "X": 0.30021312832832336,
            "Y": 0.5781663656234741
          },
          {
            "X": 0.3308958411216736,
            "Y": 0.578147292137146
          },
          {
            "X": 0.3310653567314148,
            "Y": 0.6047787070274353
          },
          {
            "X": 0.3003777861595154,
            "Y": 0.604796290397644
          }
        ]
      },
      "Id": "1b069f26-d302-4e7c-8499-1d5ea5d28897",
      "Page": 1
    },
    {
      "BlockType": "WORD",
      "Confidence": 99.93270874023438,
      "Text": "1.20",
      "TextType": "PRINTED",
      "Geometry": {
        "BoundingBox": {
          "Width": 0.029404425993561745,
          "Height": 0.025833403691649437,
          "Left": 0.4035494923591614,
          "Top": 0.5785130262374878
        },
        "Polygon": [
          {
            "X": 0.4035494923591614,
            "Y": 0.5785312056541443
          },
          {
            "X": 0.4327739477157593,
            "Y": 0.5785130262374878
          },
          {
            "X": 0.43295392394065857,
            "Y": 0.6043296456336975
          },
          {
            "X": 0.4037249982357025,
            "Y": 0.6043463945388794
          }
        ]
      },
      "Id": "12b240c2-5d32-49b6-82be-0a989f97a7fe",
      "Page": 1
    },
    {
      "BlockType": "WORD",
      "Confidence": 99.97895050048828,
      "Text": "1.50",
      "TextType": "PRINTED",
      "Geometry": {
        "BoundingBox": {
          "Width": 0.029344577342271805,
          "Height": 0.026216499507427216,
          "Left": 0.5235355496406555,
          "Top": 0.5784279704093933
        },
        "Polygon": [
          {
            "X": 0.5235355496406555,
            "Y": 0.5784461498260498
          },
          {
            "X": 0.5526787638664246,
            "Y": 0.5784279704093933
          },
          {
            "X": 0.5528801083564758,
            "Y": 0.6046278476715088
          },
          {
            "X": 0.5237323641777039,
            "Y": 0.6046444773674011
          }
        ]
      },
      "Id": "400fc410-bbc9-46e2-9b84-4fd6fa3a726a",
      "Page": 1
    },
    {
      "BlockType": "WORD",
      "Confidence": 99.98859405517578,
      "Text": "1.80",
      "TextType": "PRINTED",
      "Geometry": {
        "BoundingBox": {
          "Width": 0.029355602338910103,
          "Height": 0.025990968570113182,
          "Left": 0.6440017223358154,
          "Top": 0.5786005854606628
        },
        "Polygon": [
          {
            "X": 0.6440017223358154,
            "Y": 0.5786187052726746
          },
          {
            "X": 0.6731390953063965,
            "Y": 0.5786005854606628
          },
          {
            "X": 0.6733573079109192,
            "Y": 0.6045749187469482
          },
          {
            "X": 0.64421546459198,
            "Y": 0.6045915484428406
          }
        ]
      },
      "Id": "30d807c5-6428-4009-8a18-4e0618effb65",
      "Page": 1
    },
    {
      "BlockType": "WORD",
      "Confidence": 99.90779113769531,
      "Text": "2.10",
      "TextType": "PRINTED",
      "Geometry": {
        "BoundingBox": {
          "Width": 0.031241480261087418,
          "Height": 0.026520051062107086,
          "Left": 0.7621673345565796,
          "Top": 0.5782426595687866
        },
        "Polygon": [
          {
            "X": 0.7621673345565796,
            "Y": 0.5782619714736938
          },
          {
            "X": 0.793167233467102,
            "Y": 0.5782426595687866
          },
          {
            "X": 0.7934088110923767,
            "Y": 0.6047450304031372
          },
          {
            "X": 0.7624040246009827,
            "Y": 0.6047627329826355
          }
        ]
      },
      "Id": "b98fdf1b-931b-403e-bb3b-a42ca305d8bb",
      "Page": 1
    },
    {
      "BlockType": "WORD",
      "Confidence": 99.48745727539062,
      "Text": "P",
      "TextType": "PRINTED",
      "Geometry": {
        "BoundingBox": {
          "Width": 0.009769759140908718,
          "Height": 0.024822134524583817,
          "Left": 0.19146189093589783,
          "Top": 0.625701904296875
        },
        "Polygon": [
          {
            "X": 0.19146189093589783,
            "Y": 0.6257070302963257
          },
          {
            "X": 0.2010928839445114,
            "Y": 0.625701904296875
          },
          {
            "X": 0.20123164355754852,
            "Y": 0.6505193710327148
          },
          {
            "X": 0.19159923493862152,
            "Y": 0.6505240201950073
          }
        ]
      },
      "Id": "5b1d3766-0ee0-4ff8-810d-b53362eddd57",
      "Page": 1
    },
    {
      "BlockType": "WORD",
      "Confidence": 98.23077392578125,
      "Text": "(wt%)",
      "TextType": "PRINTED",
      "Geometry": {
        "BoundingBox": {
          "Width": 0.04227162525057793,
          "Height": 0.03188912197947502,
          "Left": 0.20602768659591675,
          "Top": 0.6246984601020813
        },
        "Polygon": [
          {
            "X": 0.20602768659591675,
            "Y": 0.6247209310531616
          },
          {
            "X": 0.24811218678951263,
            "Y": 0.6246984601020813
          },
          {
            "X": 0.24829930067062378,
            "Y": 0.6565676331520081
          },
          {
            "X": 0.2062067985534668,
            "Y": 0.6565876007080078
          }
        ]
      },
      "Id": "3991e1ec-86ae-4cb3-ab48-d6ed89cdeb4d",
      "Page": 1
    },
    {
      "BlockType": "TABLE",
      "Confidence": 99.755859375,
      "Geometry": {
        "BoundingBox": {
          "Width": 0.6844654679298401,
          "Height": 0.357530415058136,
          "Left": 0.15951326489448547,
          "Top": 0.31427663564682007
        },
        "Polygon": [
          {
            "X": 0.15951326489448547,
            "Y": 0.3150428533554077
          },
          {
            "X": 0.8406162261962891,
            "Y": 0.31427663564682007
          },
          {
            "X": 0.843978762626648,
            "Y": 0.6715038418769836
          },
          {
            "X": 0.1614234745502472,
            "Y": 0.671807050704956
          }
        ]
      },
      "Id": "107dfae6-5737-4a73-9041-cfc520cf4150",
      "Relationships": [
        {
          "Type": "CHILD",
          "Ids": [
            "4317ede1-30d9-481c-867c-ec0af969a7cd",
            "af58e937-22f7-430a-812f-c4ca75f4fc6b",
            "1031c347-3b20-4001-aa05-21084dc157fb",
            "148cec09-8077-45e1-a340-1d584068a8c5",
            "09a14bb0-eb5e-4e45-9d23-6840b442f549",
            "a00b7dd6-17d3-406e-b632-d455a09ff71c",
            "75910e10-8508-414b-b19a-a07e806cd8c7",
            "a04ba0a4-3ba2-4c82-886f-b5788dafcd8b",
            "8399806c-482a-443d-b1b5-5c8e9fba8cb5",
            "652e0afe-ea0d-445d-a101-b99edd16d582",
            "e1a18ef6-9fbd-4fdb-99d0-529cefef34d4",
            "7d398ef8-711c-472c-bea2-faedddfb012c",
            "d15db955-1f36-4016-b8b9-0bc7c535e4ea",
            "199f0294-0516-4099-9cca-a11c3f7a1706",
            "eaf4e2d9-69f6-46a0-81bd-330b2a601c71",
            "e4004b71-100c-47a1-a288-0622b7e24161",
            "2411862d-d4b5-4f7c-bdb1-2af4d9f112ac",
            "0c9a68d1-fcb4-41a0-bedb-58801c07246e"
          ]
        }
      ],
      "EntityTypes": [
        "STRUCTURED_TABLE"
      ],
      "Page": 1
    },
    {
      "BlockType": "CELL",
      "Confidence": 88.37890625,
      "RowIndex": 1,
      "ColumnIndex": 1,
      "RowSpan": 1,
      "ColumnSpan": 1,
      "Geometry": {
        "BoundingBox": {
          "Width": 0.11591483652591705,
          "Height": 0.09259980171918869,
          "Left": 0.15951326489448547,
          "Top": 0.3149130642414093
        },
        "Polygon": [
          {
            "X": 0.15951326489448547,
            "Y": 0.3150428533554077
          },
          {
            "X": 0.27486932277679443,
            "Y": 0.3149130642414093
          },
          {
            "X": 0.27542808651924133,
            "Y": 0.4074034094810486
          },
          {
            "X": 0.16000837087631226,
            "Y": 0.4075128734111786
          }
        ]
      },
      "Id": "4317ede1-30d9-481c-867c-ec0af969a7cd",
      "Page": 1
    },
    {
      "BlockType": "CELL",
      "Confidence": 78.759765625,
      "RowIndex": 1,
      "ColumnIndex": 2,
      "RowSpan": 1,
      "ColumnSpan": 1,
      "Geometry": {
        "BoundingBox": {
          "Width": 0.07886660099029541,
          "Height": 0.09257836639881134,
          "Left": 0.27486932277679443,
          "Top": 0.31482502818107605
        },
        "Polygon": [
          {
            "X": 0.27486932277679443,
            "Y": 0.3149130642414093
          },
          {
            "X": 0.353133887052536,
            "Y": 0.31482502818107605
          },
          {
            "X": 0.35373592376708984,
            "Y": 0.40732911229133606
          },
          {
            "X": 0.27542808651924133,
            "Y": 0.4074034094810486
          }
        ]
      },
      "Id": "af58e937-22f7-430a-812f-c4ca75f4fc6b",
      "Relationships": [
        {
          "Type": "CHILD",
          "Ids": [
            "0f237b31-3a4a-40f2-bbb4-1dd38523ec36"
          ]
        }
      ],
      "EntityTypes": [
        "COLUMN_HEADER"
      ],
      "Page": 1
    },
    {
      "BlockType": "CELL",
      "Confidence": 94.04296875,
      "RowIndex": 1,
      "ColumnIndex": 3,
      "RowSpan": 1,
      "ColumnSpan": 1,
      "Geometry": {
        "BoundingBox": {
          "Width": 0.12520694732666016,
          "Height": 0.09264419227838516,
          "Left": 0.353133887052536,
          "Top": 0.3146849274635315
        },
        "Polygon": [
          {
            "X": 0.353133887052536,
            "Y": 0.31482502818107605
          },
          {
            "X": 0.47767001390457153,
            "Y": 0.3146849274635315
          },
          {
            "X": 0.47834083437919617,
            "Y": 0.40721094608306885
          },
          {
            "X": 0.35373592376708984,
            "Y": 0.40732911229133606
          }
        ]
      },
      "Id": "1031c347-3b20-4001-aa05-21084dc157fb",
      "Relationships": [
        {
          "Type": "CHILD",
          "Ids": [
            "85096518-55b7-458f-9210-023d64a5a4ff"
          ]
        }
      ],
      "EntityTypes": [
        "COLUMN_HEADER"
      ],
      "Page": 1
    },
    {
      "BlockType": "CELL",
      "Confidence": 93.408203125,
      "RowIndex": 1,
      "ColumnIndex": 4,
      "RowSpan": 1,
      "ColumnSpan": 1,
      "Geometry": {
        "BoundingBox": {
          "Width": 0.12059984356164932,
          "Height": 0.09266084432601929,
          "Left": 0.47767001390457153,
          "Top": 0.31455010175704956
        },
        "Polygon": [
          {
            "X": 0.47767001390457153,
            "Y": 0.3146849274635315
          },
          {
            "X": 0.5975328087806702,
            "Y": 0.31455010175704956
          },
          {
            "X": 0.5982698798179626,
            "Y": 0.407097190618515
          },
          {
            "X": 0.47834083437919617,
            "Y": 0.40721094608306885
          }
        ]
      },
      "Id": "148cec09-8077-45e1-a340-1d584068a8c5",
      "Relationships": [
        {
          "Type": "CHILD",
          "Ids": [
            "d4e84363-440e-438b-bff3-843531507dae"
          ]
        }
      ],
      "EntityTypes": [
        "COLUMN_HEADER"
      ],
      "Page": 1
    },
    {
      "BlockType": "CELL",
      "Confidence": 92.7734375,
      "RowIndex": 1,
      "ColumnIndex": 5,
      "RowSpan": 1,
      "ColumnSpan": 1,
      "Geometry": {
        "BoundingBox": {
          "Width": 0.12124733626842499,
          "Height": 0.09268258512020111,
          "Left": 0.5975328087806702,
          "Top": 0.3144145905971527
        },
        "Polygon": [
          {
            "X": 0.5975328087806702,
            "Y": 0.31455010175704956
          },
          {
            "X": 0.717976450920105,
            "Y": 0.3144145905971527
          },
          {
            "X": 0.7187801003456116,
            "Y": 0.4069828689098358
          },
          {
            "X": 0.5982698798179626,
            "Y": 0.407097190618515
          }
        ]
      },
      "Id": "09a14bb0-eb5e-4e45-9d23-6840b442f549",
      "Relationships": [
        {
          "Type": "CHILD",
          "Ids": [
            "e040f954-8d35-4136-9532-c68a146b1724"
          ]
        }
      ],
      "EntityTypes": [
        "COLUMN_HEADER"
      ],
      "Page": 1
    },
    {
      "BlockType": "CELL",
      "Confidence": 92.626953125,
      "RowIndex": 1,
      "ColumnIndex": 6,
      "RowSpan": 1,
      "ColumnSpan": 1,
      "Geometry": {
        "BoundingBox": {
          "Width": 0.12351132184267044,
          "Height": 0.09270624816417694,
          "Left": 0.717976450920105,
          "Top": 0.31427663564682007
        },
        "Polygon": [
          {
            "X": 0.717976450920105,
            "Y": 0.3144145905971527
          },
          {
            "X": 0.8406162261962891,
            "Y": 0.31427663564682007
          },
          {
            "X": 0.8414877653121948,
            "Y": 0.40686649084091187
          },
          {
            "X": 0.7187801003456116,
            "Y": 0.4069828689098358
          }
        ]
      },
      "Id": "a00b7dd6-17d3-406e-b632-d455a09ff71c",
      "Relationships": [
        {
          "Type": "CHILD",
          "Ids": [
            "1d7c6aed-3188-4868-98e7-ced8f29be8aa"
          ]
        }
      ],
      "EntityTypes": [
        "COLUMN_HEADER"
      ],
      "Page": 1
    },
    {
      "BlockType": "CELL",
      "Confidence": 83.30078125,
      "RowIndex": 2,
      "ColumnIndex": 1,
      "RowSpan": 1,
      "ColumnSpan": 1,
      "Geometry": {
        "BoundingBox": {
          "Width": 0.116049624979496,
          "Height": 0.10434666275978088,
          "Left": 0.16000837087631226,
          "Top": 0.4074034094810486
        },
        "Polygon": [
          {
            "X": 0.16000837087631226,
            "Y": 0.4075128734111786
          },
          {
            "X": 0.27542808651924133,
            "Y": 0.4074034094810486
          },
          {
            "X": 0.27605798840522766,
            "Y": 0.5116634964942932
          },
          {
            "X": 0.16056647896766663,
            "Y": 0.5117500424385071
          }
        ]
      },
      "Id": "75910e10-8508-414b-b19a-a07e806cd8c7",
      "Relationships": [
        {
          "Type": "CHILD",
          "Ids": [
            "7040351e-eaac-437c-9dd6-b626e215c139",
            "1779fd85-62cb-46a2-be06-e80afb777227"
          ]
        }
      ],
      "Page": 1
    },
    {
      "BlockType": "CELL",
      "Confidence": 74.21875,
      "RowIndex": 2,
      "ColumnIndex": 2,
      "RowSpan": 1,
      "ColumnSpan": 1,
      "Geometry": {
        "BoundingBox": {
          "Width": 0.07898643612861633,
          "Height": 0.10433436930179596,
          "Left": 0.27542808651924133,
          "Top": 0.40732911229133606
        },
        "Polygon": [
          {
            "X": 0.27542808651924133,
            "Y": 0.4074034094810486
          },
          {
            "X": 0.35373592376708984,
            "Y": 0.40732911229133606
          },
          {
            "X": 0.35441452264785767,
            "Y": 0.5116047263145447
          },
          {
            "X": 0.27605798840522766,
            "Y": 0.5116634964942932
          }
        ]
      },
      "Id": "a04ba0a4-3ba2-4c82-886f-b5788dafcd8b",
      "Relationships": [
        {
          "Type": "CHILD",
          "Ids": [
            "2a02cde2-ac74-42ad-9ffb-328ce5583d8c"
          ]
        }
      ],
      "Page": 1
    },
    {
      "BlockType": "CELL",
      "Confidence": 88.623046875,
      "RowIndex": 2,
      "ColumnIndex": 3,
      "RowSpan": 1,
      "ColumnSpan": 1,
      "Geometry": {
        "BoundingBox": {
          "Width": 0.1253611296415329,
          "Height": 0.10439381748437881,
          "Left": 0.35373592376708984,
          "Top": 0.40721094608306885
        },
        "Polygon": [
          {
            "X": 0.35373592376708984,
            "Y": 0.40732911229133606
          },
          {
            "X": 0.47834083437919617,
            "Y": 0.40721094608306885
          },
          {
            "X": 0.47909703850746155,
            "Y": 0.5115112662315369
          },
          {
            "X": 0.35441452264785767,
            "Y": 0.5116047263145447
          }
        ]
      },
      "Id": "8399806c-482a-443d-b1b5-5c8e9fba8cb5",
      "Relationships": [
        {
          "Type": "CHILD",
          "Ids": [
            "38f45663-ff8e-4c09-8a11-bd2d49d0a4fd"
          ]
        }
      ],
      "Page": 1
    },
    {
      "BlockType": "CELL",
      "Confidence": 88.037109375,
      "RowIndex": 2,
      "ColumnIndex": 4,
      "RowSpan": 1,
      "ColumnSpan": 1,
      "Geometry": {
        "BoundingBox": {
          "Width": 0.12075989693403244,
          "Height": 0.10441411286592484,
          "Left": 0.47834083437919617,
          "Top": 0.407097190618515
        },
        "Polygon": [
          {
            "X": 0.47834083437919617,
            "Y": 0.40721094608306885
          },
          {
            "X": 0.5982698798179626,
            "Y": 0.407097190618515
          },
          {
            "X": 0.5991007685661316,
            "Y": 0.5114213228225708
          },
          {
            "X": 0.47909703850746155,
            "Y": 0.5115112662315369
          }
        ]
      },
      "Id": "652e0afe-ea0d-445d-a101-b99edd16d582",
      "Relationships": [
        {
          "Type": "CHILD",
          "Ids": [
            "dcc5fe52-04a7-4676-a2c5-b5e2b9daed10"
          ]
        }
      ],
      "Page": 1
    },
    {
      "BlockType": "CELL",
      "Confidence": 87.451171875,
      "RowIndex": 2,
      "ColumnIndex": 5,
      "RowSpan": 1,
      "ColumnSpan": 1,
      "Geometry": {
        "BoundingBox": {
          "Width": 0.12141621112823486,
          "Height": 0.10443846136331558,
          "Left": 0.5982698798179626,
          "Top": 0.4069828689098358
        },
        "Polygon": [
          {
            "X": 0.5982698798179626,
            "Y": 0.407097190618515
          },
          {
            "X": 0.7187801003456116,
            "Y": 0.4069828689098358
          },
          {
            "X": 0.7196860909461975,
            "Y": 0.5113309621810913
          },
          {
            "X": 0.5991007685661316,
            "Y": 0.5114213228225708
          }
        ]
      },
      "Id": "e1a18ef6-9fbd-4fdb-99d0-529cefef34d4",
      "Relationships": [
        {
          "Type": "CHILD",
          "Ids": [
            "de861935-680c-4e28-9ac7-9d07f387ad2c"
          ]
        }
      ],
      "Page": 1
    },
    {
      "BlockType": "CELL",
      "Confidence": 87.255859375,
      "RowIndex": 2,
      "ColumnIndex": 6,
      "RowSpan": 1,
      "ColumnSpan": 1,
      "Geometry": {
        "BoundingBox": {
          "Width": 0.12369008362293243,
          "Height": 0.10446446388959885,
          "Left": 0.7187801003456116,
          "Top": 0.40686649084091187
        },
        "Polygon": [
          {
            "X": 0.7187801003456116,
            "Y": 0.4069828689098358
          },
          {
            "X": 0.8414877653121948,
            "Y": 0.40686649084091187
          },
          {
            "X": 0.8424702286720276,
            "Y": 0.5112388730049133
          },
          {
            "X": 0.7196860909461975,
            "Y": 0.5113309621810913
          }
        ]
      },
      "Id": "7d398ef8-711c-472c-bea2-faedddfb012c",
      "Relationships": [
        {
          "Type": "CHILD",
          "Ids": [
            "7305fb44-82b5-4aca-99ea-102c6e77ab4f"
          ]
        }
      ],
      "Page": 1
    },
    {
      "BlockType": "CELL",
      "Confidence": 86.083984375,
      "RowIndex": 3,
      "ColumnIndex": 1,
      "RowSpan": 1,
      "ColumnSpan": 1,
      "Geometry": {
        "BoundingBox": {
          "Width": 0.11645873636007309,
          "Height": 0.16014355421066284,
          "Left": 0.16056647896766663,
          "Top": 0.5116634964942932
        },
        "Polygon": [
          {
            "X": 0.16056647896766663,
            "Y": 0.5117500424385071
          },
          {
            "X": 0.27605798840522766,
            "Y": 0.5116634964942932
          },
          {
            "X": 0.2770252227783203,
            "Y": 0.6717556715011597
          },
          {
            "X": 0.1614234745502472,
            "Y": 0.671807050704956
          }
        ]
      },
      "Id": "d15db955-1f36-4016-b8b9-0bc7c535e4ea",
      "Relationships": [
        {
          "Type": "CHILD",
          "Ids": [
            "7566e110-bf0f-4da7-9cb8-1fd0cce27a7d",
            "5b1d3766-0ee0-4ff8-810d-b53362eddd57",
            "3991e1ec-86ae-4cb3-ab48-d6ed89cdeb4d"
          ]
        }
      ],
      "Page": 1
    },
    {
      "BlockType": "CELL",
      "Confidence": 76.708984375,
      "RowIndex": 3,
      "ColumnIndex": 2,
      "RowSpan": 1,
      "ColumnSpan": 1,
      "Geometry": {
        "BoundingBox": {
          "Width": 0.07939857244491577,
          "Height": 0.160150945186615,
          "Left": 0.27605798840522766,
          "Top": 0.5116047263145447
        },
        "Polygon": [
          {
            "X": 0.27605798840522766,
            "Y": 0.5116634964942932
          },
          {
            "X": 0.35441452264785767,
            "Y": 0.5116047263145447
          },
          {
            "X": 0.35545656085014343,
            "Y": 0.6717208623886108
          },
          {
            "X": 0.2770252227783203,
            "Y": 0.6717556715011597
          }
        ]
      },
      "Id": "199f0294-0516-4099-9cca-a11c3f7a1706",
      "Relationships": [
        {
          "Type": "CHILD",
          "Ids": [
            "1b069f26-d302-4e7c-8499-1d5ea5d28897"
          ]
        }
      ],
      "Page": 1
    },
    {
      "BlockType": "CELL",
      "Confidence": 91.6015625,
      "RowIndex": 3,
      "ColumnIndex": 3,
      "RowSpan": 1,
      "ColumnSpan": 1,
      "Geometry": {
        "BoundingBox": {
          "Width": 0.12584362924098969,
          "Height": 0.1602095663547516,
          "Left": 0.35441452264785767,
          "Top": 0.5115112662315369
        },
        "Polygon": [
          {
            "X": 0.35441452264785767,
            "Y": 0.5116047263145447
          },
          {
            "X": 0.47909703850746155,
            "Y": 0.5115112662315369
          },
          {
            "X": 0.48025816679000854,
            "Y": 0.6716654300689697
          },
          {
            "X": 0.35545656085014343,
            "Y": 0.6717208623886108
          }
        ]
      },
      "Id": "eaf4e2d9-69f6-46a0-81bd-330b2a601c71",
      "Relationships": [
        {
          "Type": "CHILD",
          "Ids": [
            "12b240c2-5d32-49b6-82be-0a989f97a7fe"
          ]
        }
      ],
      "Page": 1
    },
    {
      "BlockType": "CELL",
      "Confidence": 90.966796875,
      "RowIndex": 3,
      "ColumnIndex": 4,
      "RowSpan": 1,
      "ColumnSpan": 1,
      "Geometry": {
        "BoundingBox": {
          "Width": 0.1212795227766037,
          "Height": 0.16024409234523773,
          "Left": 0.47909703850746155,
          "Top": 0.5114213228225708
        },
        "Polygon": [
          {
            "X": 0.47909703850746155,
            "Y": 0.5115112662315369
          },
          {
            "X": 0.5991007685661316,
            "Y": 0.5114213228225708
          },
          {
            "X": 0.600376546382904,
            "Y": 0.6716120839118958
          },
          {
            "X": 0.48025816679000854,
            "Y": 0.6716654300689697
          }
        ]
      },
      "Id": "e4004b71-100c-47a1-a288-0622b7e24161",
      "Relationships": [
        {
          "Type": "CHILD",
          "Ids": [
            "400fc410-bbc9-46e2-9b84-4fd6fa3a726a"
          ]
        }
      ],
      "Page": 1
    },
    {
      "BlockType": "CELL",
      "Confidence": 90.380859375,
      "RowIndex": 3,
      "ColumnIndex": 5,
      "RowSpan": 1,
      "ColumnSpan": 1,
      "Geometry": {
        "BoundingBox": {
          "Width": 0.12197644263505936,
          "Height": 0.16028113663196564,
          "Left": 0.5991007685661316,
          "Top": 0.5113309621810913
        },
        "Polygon": [
          {
            "X": 0.5991007685661316,
            "Y": 0.5114213228225708
          },
          {
            "X": 0.7196860909461975,
            "Y": 0.5113309621810913
          },
          {
            "X": 0.7210772037506104,
            "Y": 0.6715584397315979
          },
          {
            "X": 0.600376546382904,
            "Y": 0.6716120839118958
          }
        ]
      },
      "Id": "2411862d-d4b5-4f7c-bdb1-2af4d9f112ac",
      "Relationships": [
        {
          "Type": "CHILD",
          "Ids": [
            "30d807c5-6428-4009-8a18-4e0618effb65"
          ]
        }
      ],
      "Page": 1
    },
    {
      "BlockType": "CELL",
      "Confidence": 90.185546875,
      "RowIndex": 3,
      "ColumnIndex": 6,
      "RowSpan": 1,
      "ColumnSpan": 1,
      "Geometry": {
        "BoundingBox": {
          "Width": 0.12429267913103104,
          "Height": 0.16031956672668457,
          "Left": 0.7196860909461975,
          "Top": 0.5112388730049133
        },
        "Polygon": [
          {
            "X": 0.7196860909461975,
            "Y": 0.5113309621810913
          },
          {
            "X": 0.8424702286720276,
            "Y": 0.5112388730049133
          },
          {
            "X": 0.843978762626648,
            "Y": 0.6715038418769836
          },
          {
            "X": 0.7210772037506104,
            "Y": 0.6715584397315979
          }
        ]
      },
      "Id": "0c9a68d1-fcb4-41a0-bedb-58801c07246e",
      "Relationships": [
        {
          "Type": "CHILD",
          "Ids": [
            "b98fdf1b-931b-403e-bb3b-a42ca305d8bb"
          ]
        }
      ],
      "Page": 1
    }
  ],
  "AnalyzeDocumentModelVersion": "1.0"
}