{
  "DocumentMetadata": {
    "Pages": 1
  },
  "JobStatus": "SUCCEEDED",
  "Blocks": [
    {
      "BlockType": "PAGE",
      "Geometry": {
        "BoundingBox": {
          "Width": 0.5648522973060608,
          "Height": 0.2886389195919037,
          "Left": 0.21659041941165924,
          "Top": 0.3330041468143463
        },
        "Polygon": [
          {
            "X": 0.21659041941165924,
            "Y": 0.3341808319091797
          },
          {
            "X": 0.7783815264701843,
            "Y": 0.3330041468143463
          },
          {
            "X": 0.7814427018165588,
            "Y": 0.621540367603302
          },
          {
            "X": 0.21842963993549347,
            "Y": 0.62164306640625
          }
        ]
      },
      "Id": "da1cd8df-36f8-4987-9c5d-228ece5303c5",
      "Relationships": [
        {
          "Type": "CHILD",
          "Ids": [
            "0bfa90ec-72ec-4ca7-ac35-f1b5e6e63bac",
            "3ad73add-87fc-49cc-8832-c65398c4979d",
            "80b3b38e-6c53-4f1e-bd8f-a52cbe686375",
            "10497276-900b-42f7-9d06-fbd72b38fc51",
            "30e48a00-dcc4-4602-817f-87c87e9e0f90",
            "3dfcbcc7-b9ae-4174-a0d1-2204d7f6fa6a",
            "de7978cb-f4cc-4c7e-9698-145b2c6f1c16",
            "84ca78b6-adb8-4df5-a6c5-e8b649c17976",
            "9ba924a2-6061-4c3d-8ed6-0275135f7e20",
            "56d160aa-daad-4c2b-90ac-c790e1cdb710",
            "5d149fbe-090c-478b-87a2-7a73c273a5b5",
            "09e3b3f9-f521-4ac6-8332-1969b8e63440",
            "3dfa48bb-8e9a-4576-a3b1-2dc76e5af1d9",
            "371540b0-f74e-44c0-a150-903eadf7483a",
            "e1ea92d0-81fd-45a1-a978-1984b18e7384",
            "668a6577-0a9f-4fbd-898b-20d208f7a1c5",
            "d0712e9e-146d-48f5-884a-2b6734852ca9",
            "47b280fd-c864-4383-94e7-33931b99ec03",
            "0fcd5e28-90a0-41e0-be19-a525ee2db608",
            "88479127-2b99-42b9-be1f-473526ae0f1b",
            "2beaf8b1-980d-4fe0-82cc-ebd26bb031f5",
            "42cfcf15-571e-4604-b40f-ba55fb9c3934",
            "4a2e784b-3c10-41df-9a1f-8e4df1c0c58d",
            "15486747-36b1-46e3-aa60-8f47e7a23fb8",
            "96dbf09d-3c3e-4440-ab34-6bcecdfb5d24",
            "eb1c1a6f-5833-44a4-8502-11fce4c5c408",
            "d33630c2-2f83-4623-9d16-3811a8567d58",
            "f4992831-c610-45d9-a237-64c9958a5c04",
            "b3c99b7d-d6a7-4053-bc4d-408ffd911996",
            "5e0f053f-c4b7-477d-bddd-2a68ae2c240b",
            "b4d8a5cf-ae20-4a6f-b70c-7000ef5b34c5"
          ]
        }
      ],
      "Page": 1
    },
    {
      "BlockType": "LINE",
      "Confidence": 99.94733428955078,
      "Text": "Sample",
      "Geometry": {
        "BoundingBox": {
          "Width": 0.044816162437200546,
          "Height": 0.024269556626677513,
          "Left": 0.23596186935901642,
          "Top": 0.40012335777282715
        },
        "Polygon": [
          {
            "X": 0.23596186935901642,
            "Y": 0.40019726753234863
          },
          {
            "X": 0.28061163425445557,
            "Y": 0.40012335777282715
          },
          {
            "X": 0.28077802062034607,
            "Y": 0.42432618141174316
          },
          {
            "X": 0.23612011969089508,
            "Y": 0.4243929088115692
          }
        ]
      },
      "Id": "0bfa90ec-72ec-4ca7-ac35-f1b5e6e63bac",
      "Relationships": [
        {
          "Type": "CHILD",
          "Ids": [
            "d4d75a3a-2552-4b11-8eab-dcd6596caa3b"
          ]
        }
      ],
      "Page": 1
    },
    {
      "BlockType": "LINE",
      "Confidence": 87.64102172851562,
      "Text": "T5% (C)",
      "Geometry": {
        "BoundingBox": {
          "Width": 0.048948969691991806,
          "Height": 0.02491663210093975,
          "Left": 0.3381846845149994,
          "Top": 0.3994489908218384
        },
        "Polygon": [
          {
            "X": 0.3381846845149994,
            "Y": 0.3995298743247986
          },
          {
            "X": 0.3869430720806122,
            "Y": 0.3994489908218384
          },
          {
            "X": 0.3871336579322815,
            "Y": 0.42429280281066895
          },
          {
            "X": 0.3383661210536957,
            "Y": 0.4243656396865845
          }
        ]
      },
      "Id": "3ad73add-87fc-49cc-8832-c65398c4979d",
      "Relationships": [
        {
          "Type": "CHILD",
          "Ids": [
            "13e17237-b9fb-425d-be63-b4ec792bf48b",
            "e8b5d79e-65cb-4664-bd89-7458c1f902b9"
          ]
        }
      ],
      "Page": 1
    },
    {
      "BlockType": "LINE",
      "Confidence": 92.04610443115234,
      "Text": "Tmax (C)",
      "Geometry": {
        "BoundingBox": {
          "Width": 0.056378431618213654,
          "Height": 0.025352362543344498,
          "Left": 0.410793662071228,
          "Top": 0.39933863282203674
        },
        "Polygon": [
          {
            "X": 0.410793662071228,
            "Y": 0.3994317650794983
          },
          {
            "X": 0.4669630825519562,
            "Y": 0.39933863282203674
          },
          {
            "X": 0.4671720862388611,
            "Y": 0.4246072471141815
          },
          {
            "X": 0.41099193692207336,
            "Y": 0.42469099164009094
          }
        ]
      },
      "Id": "80b3b38e-6c53-4f1e-bd8f-a52cbe686375",
      "Relationships": [
        {
          "Type": "CHILD",
          "Ids": [
            "9d625553-1024-4b49-bf26-40a03f35a88c",
            "cdb23e23-2874-4c64-a285-0db99555263e"
          ]
        }
      ],
      "Page": 1
    },
    {
      "BlockType": "LINE",
      "Confidence": 99.01683044433594,
      "Text": "Rmax (%/min)",
      "Geometry": {
        "BoundingBox": {
          "Width": 0.07978007942438126,
          "Height": 0.024741429835557938,
          "Left": 0.49148499965667725,
          "Top": 0.39969682693481445
        },
        "Polygon": [
          {
            "X": 0.49148499965667725,
            "Y": 0.3998284935951233
          },
          {
            "X": 0.5710422396659851,
            "Y": 0.39969682693481445
          },
          {
            "X": 0.5712650418281555,
            "Y": 0.4243195950984955
          },
          {
            "X": 0.49169304966926575,
            "Y": 0.4244382679462433
          }
        ]
      },
      "Id": "10497276-900b-42f7-9d06-fbd72b38fc51",
      "Relationships": [
        {
          "Type": "CHILD",
          "Ids": [
            "99fdeffb-ea63-4521-a04f-46e335d979fc",
            "a490cf10-4546-4fa8-a8e5-8fa934c56187"
          ]
        }
      ],
      "Page": 1
    },
    {
      "BlockType": "LINE",
      "Confidence": 99.55039978027344,
      "Text": "Char residue at 800 °C (%)",
      "Geometry": {
        "BoundingBox": {
          "Width": 0.1650640070438385,
          "Height": 0.024664906784892082,
          "Left": 0.5955555438995361,
          "Top": 0.3996625244617462
        },
        "Polygon": [
          {
            "X": 0.5955555438995361,
            "Y": 0.39993494749069214
          },
          {
            "X": 0.7603638768196106,
            "Y": 0.3996625244617462
          },
          {
            "X": 0.7606195211410522,
            "Y": 0.42408162355422974
          },
          {
            "X": 0.5957807898521423,
            "Y": 0.42432743310928345
          }
        ]
      },
      "Id": "30e48a00-dcc4-4602-817f-87c87e9e0f90",
      "Relationships": [
        {
          "Type": "CHILD",
          "Ids": [
            "5e6a0b81-7725-40d9-90cb-60b9b16dab20",
            "a28bd30c-02ac-4a80-bdf7-b297f0d8e45c",
            "918047a7-f588-4e49-a47b-772dbfe68b46",
            "99644b5e-f59c-4d0d-a38b-762ed8c65613",
            "63295fdc-5c38-4fe3-8f5a-44b194e44bc3",
            "5a6e838f-2523-4556-b54b-0e027eaf20b5"
          ]
        }
      ],
      "Page": 1
    },
    {
      "BlockType": "LINE",
      "Confidence": 99.64655303955078,
      "Text": "EP",
      "Geometry": {
        "BoundingBox": {
          "Width": 0.015409260988235474,
          "Height": 0.019023803994059563,
          "Left": 0.23592019081115723,
          "Top": 0.4489792585372925
        },
        "Polygon": [
          {
            "X": 0.23592019081115723,
            "Y": 0.4489995837211609
          },
          {
            "X": 0.2512030303478241,
            "Y": 0.4489792585372925
          },
          {
            "X": 0.2513294517993927,
            "Y": 0.4679846465587616
          },
          {
            "X": 0.23604442179203033,
            "Y": 0.4680030643939972
          }
        ]
      },
      "Id": "3dfcbcc7-b9ae-4174-a0d1-2204d7f6fa6a",
      "Relationships": [
        {
          "Type": "CHILD",
          "Ids": [
            "07b1e2fd-cd91-43bf-a32d-db1170fed240"
          ]
        }
      ],
      "Page": 1
    },
    {
      "BlockType": "LINE",
      "Confidence": 99.90509796142578,
      "Text": "371",
      "Geometry": {
        "BoundingBox": {
          "Width": 0.02180211804807186,
          "Height": 0.019420471042394638,
          "Left": 0.33888331055641174,
          "Top": 0.4484153687953949
        },
        "Polygon": [
          {
            "X": 0.33888331055641174,
            "Y": 0.4484442472457886
          },
          {
            "X": 0.3605405390262604,
            "Y": 0.4484153687953949
          },
          {
            "X": 0.36068543791770935,
            "Y": 0.4678097665309906
          },
          {
            "X": 0.3390250504016876,
            "Y": 0.46783584356307983
          }
        ]
      },
      "Id": "de7978cb-f4cc-4c7e-9698-145b2c6f1c16",
      "Relationships": [
        {
          "Type": "CHILD",
          "Ids": [
            "48a66735-4e10-4602-bee9-b54e50dee38b"
          ]
        }
      ],
      "Page": 1
    },
    {
      "BlockType": "LINE",
      "Confidence": 99.96187591552734,
      "Text": "388",
      "Geometry": {
        "BoundingBox": {
          "Width": 0.02283741720020771,
          "Height": 0.0193504448980093,
          "Left": 0.41179725527763367,
          "Top": 0.4485626220703125
        },
        "Polygon": [
          {
            "X": 0.41179725527763367,
            "Y": 0.44859281182289124
          },
          {
            "X": 0.43447962403297424,
            "Y": 0.4485626220703125
          },
          {
            "X": 0.4346346855163574,
            "Y": 0.4678857624530792
          },
          {
            "X": 0.4119490087032318,
            "Y": 0.46791306138038635
          }
        ]
      },
      "Id": "84ca78b6-adb8-4df5-a6c5-e8b649c17976",
      "Relationships": [
        {
          "Type": "CHILD",
          "Ids": [
            "012e71e6-9c42-4cc7-a658-bd3870101c7d"
          ]
        }
      ],
      "Page": 1
    },
    {
      "BlockType": "LINE",
      "Confidence": 99.9448013305664,
      "Text": "17.0",
      "Geometry": {
        "BoundingBox": {
          "Width": 0.025624308735132217,
          "Height": 0.01974303461611271,
          "Left": 0.4926570653915405,
          "Top": 0.4483436942100525
        },
        "Polygon": [
          {
            "X": 0.4926570653915405,
            "Y": 0.4483776092529297
          },
          {
            "X": 0.5181108713150024,
            "Y": 0.4483436942100525
          },
          {
            "X": 0.5182814002037048,
            "Y": 0.4680561423301697
          },
          {
            "X": 0.4928238093852997,
            "Y": 0.46808671951293945
          }
        ]
      },
      "Id": "9ba924a2-6061-4c3d-8ed6-0275135f7e20",
      "Relationships": [
        {
          "Type": "CHILD",
          "Ids": [
            "b8db1300-1a6a-4dd3-96cd-d69681aadf92"
          ]
        }
      ],
      "Page": 1
    },
    {
      "BlockType": "LINE",
      "Confidence": 99.72374725341797,
      "Text": "18.1",
      "Geometry": {
        "BoundingBox": {
          "Width": 0.023889420554041862,
          "Height": 0.01944759301841259,
          "Left": 0.5970752835273743,
          "Top": 0.4484763443470001
        },
        "Polygon": [
          {
            "X": 0.5970752835273743,
            "Y": 0.4485078752040863
          },
          {
            "X": 0.6207817792892456,
            "Y": 0.4484763443470001
          },
          {
            "X": 0.6209647059440613,
            "Y": 0.4678954482078552
          },
          {
            "X": 0.5972546935081482,
            "Y": 0.46792393922805786
          }
        ]
      },
      "Id": "56d160aa-daad-4c2b-90ac-c790e1cdb710",
      "Relationships": [
        {
          "Type": "CHILD",
          "Ids": [
            "e528d7db-81c6-431c-a005-77b65eaf54db"
          ]
        }
      ],
      "Page": 1
    },
    {
      "BlockType": "LINE",
      "Confidence": 99.55157470703125,
      "Text": "EP/VFD-5",
      "Geometry": {
        "BoundingBox": {
          "Width": 0.05878971889615059,
          "Height": 0.023895390331745148,
          "Left": 0.23595291376113892,
          "Top": 0.47945478558540344
        },
        "Polygon": [
          {
            "X": 0.23595291376113892,
            "Y": 0.47952088713645935
          },
          {
            "X": 0.29457634687423706,
            "Y": 0.47945478558540344
          },
          {
            "X": 0.294742614030838,
            "Y": 0.5032933354377747
          },
          {
            "X": 0.236108660697937,
            "Y": 0.5033501982688904
          }
        ]
      },
      "Id": "5d149fbe-090c-478b-87a2-7a73c273a5b5",
      "Relationships": [
        {
          "Type": "CHILD",
          "Ids": [
            "23862c41-dfd7-4102-9b60-13f2de441c4e"
          ]
        }
      ],
      "Page": 1
    },
    {
      "BlockType": "LINE",
      "Confidence": 99.78254699707031,
      "Text": "349",
      "Geometry": {
        "BoundingBox": {
          "Width": 0.023343145847320557,
          "Height": 0.020541083067655563,
          "Left": 0.33803921937942505,
          "Top": 0.47854068875312805
        },
        "Polygon": [
          {
            "X": 0.33803921937942505,
            "Y": 0.478566974401474
          },
          {
            "X": 0.3612290322780609,
            "Y": 0.47854068875312805
          },
          {
            "X": 0.3613823652267456,
            "Y": 0.49905866384506226
          },
          {
            "X": 0.3381890058517456,
            "Y": 0.4990817904472351
          }
        ]
      },
      "Id": "09e3b3f9-f521-4ac6-8332-1969b8e63440",
      "Relationships": [
        {
          "Type": "CHILD",
          "Ids": [
            "689975d1-03f0-4f6d-89b5-450f24270a20"
          ]
        }
      ],
      "Page": 1
    },
    {
      "BlockType": "LINE",
      "Confidence": 99.96668243408203,
      "Text": "380",
      "Geometry": {
        "BoundingBox": {
          "Width": 0.02338256873190403,
          "Height": 0.019131382927298546,
          "Left": 0.41172805428504944,
          "Top": 0.47982528805732727
        },
        "Polygon": [
          {
            "X": 0.41172805428504944,
            "Y": 0.4798513948917389
          },
          {
            "X": 0.43495726585388184,
            "Y": 0.47982528805732727
          },
          {
            "X": 0.4351106286048889,
            "Y": 0.49893349409103394
          },
          {
            "X": 0.4118780791759491,
            "Y": 0.4989566504955292
          }
        ]
      },
      "Id": "3dfa48bb-8e9a-4576-a3b1-2dc76e5af1d9",
      "Relationships": [
        {
          "Type": "CHILD",
          "Ids": [
            "93251030-638e-403e-87f6-ec1071bf7e4c"
          ]
        }
      ],
      "Page": 1
    },
    {
      "BlockType": "LINE",
      "Confidence": 98.14205169677734,
      "Text": "12.4",
      "Geometry": {
        "BoundingBox": {
          "Width": 0.025676872581243515,
          "Height": 0.019534436985850334,
          "Left": 0.4927152097225189,
          "Top": 0.47964948415756226
        },
        "Polygon": [
          {
            "X": 0.4927152097225189,
            "Y": 0.4796781837940216
          },
          {
            "X": 0.5182233452796936,
            "Y": 0.47964948415756226
          },
          {
            "X": 0.5183920860290527,
            "Y": 0.4991585314273834
          },
          {
            "X": 0.4928801953792572,
            "Y": 0.49918392300605774
          }
        ]
      },
      "Id": "371540b0-f74e-44c0-a150-903eadf7483a",
      "Relationships": [
        {
          "Type": "CHILD",
          "Ids": [
            "37dd5434-d495-411e-b360-be7337a9cfd2"
          ]
        }
      ],
      "Page": 1
    },
    {
      "BlockType": "LINE",
      "Confidence": 99.79937744140625,
      "Text": "19.5",
      "Geometry": {
        "BoundingBox": {
          "Width": 0.02520603872835636,
          "Height": 0.019376302137970924,
          "Left": 0.5970723032951355,
          "Top": 0.47989580035209656
        },
        "Polygon": [
          {
            "X": 0.5970723032951355,
            "Y": 0.47992387413978577
          },
          {
            "X": 0.6220959424972534,
            "Y": 0.47989580035209656
          },
          {
            "X": 0.6222783923149109,
            "Y": 0.4992472231388092
          },
          {
            "X": 0.5972511172294617,
            "Y": 0.49927207827568054
          }
        ]
      },
      "Id": "e1ea92d0-81fd-45a1-a978-1984b18e7384",
      "Relationships": [
        {
          "Type": "CHILD",
          "Ids": [
            "7576b661-cef6-48fd-8a14-568796e30ac8"
          ]
        }
      ],
      "Page": 1
    },
    {
      "BlockType": "LINE",
      "Confidence": 99.53849792480469,
      "Text": "EP/VFD-7.5",
      "Geometry": {
        "BoundingBox": {
          "Width": 0.07040990144014359,
          "Height": 0.024027634412050247,
          "Left": 0.23571087419986725,
          "Top": 0.5107801556587219
        },
        "Polygon": [
          {
            "X": 0.23571087419986725,
            "Y": 0.5108447074890137
          },
          {
            "X": 0.3059515357017517,
            "Y": 0.5107801556587219
          },
          {
            "X": 0.30612078309059143,
            "Y": 0.5347543954849243
          },
          {
            "X": 0.2358674257993698,
            "Y": 0.5348077416419983
          }
        ]
      },
      "Id": "668a6577-0a9f-4fbd-898b-20d208f7a1c5",
      "Relationships": [
        {
          "Type": "CHILD",
          "Ids": [
            "c958d9d9-035f-4d50-9283-8adf6a9b0cb2"
          ]
        }
      ],
      "Page": 1
    },
    {
      "BlockType": "LINE",
      "Confidence": 99.954345703125,
      "Text": "341",
      "Geometry": {
        "BoundingBox": {
          "Width": 0.02160710282623768,
          "Height": 0.01909537985920906,
          "Left": 0.3390131890773773,
          "Top": 0.5110436081886292
        },
        "Polygon": [
          {
            "X": 0.3390131890773773,
            "Y": 0.5110633373260498
          },
          {
            "X": 0.36047783493995667,
            "Y": 0.5110436081886292
          },
          {
            "X": 0.36062029004096985,
            "Y": 0.5301220417022705
          },
          {
            "X": 0.33915257453918457,
            "Y": 0.5301390290260315
          }
        ]
      },
      "Id": "d0712e9e-146d-48f5-884a-2b6734852ca9",
      "Relationships": [
        {
          "Type": "CHILD",
          "Ids": [
            "2fd24039-b791-42f2-be82-4cd5b276ef2c"
          ]
        }
      ],
      "Page": 1
    },
    {
      "BlockType": "LINE",
      "Confidence": 99.94892120361328,
      "Text": "375",
      "Geometry": {
        "BoundingBox": {
          "Width": 0.023119129240512848,
          "Height": 0.019137883558869362,
          "Left": 0.41162464022636414,
          "Top": 0.511141300201416
        },
        "Polygon": [
          {
            "X": 0.41162464022636414,
            "Y": 0.5111623406410217
          },
          {
            "X": 0.4345903992652893,
            "Y": 0.511141300201416
          },
          {
            "X": 0.4347437620162964,
            "Y": 0.5302610397338867
          },
          {
            "X": 0.4117746949195862,
            "Y": 0.5302791595458984
          }
        ]
      },
      "Id": "47b280fd-c864-4383-94e7-33931b99ec03",
      "Relationships": [
        {
          "Type": "CHILD",
          "Ids": [
            "8ccacebd-2ccc-4fcf-8e12-0babc03cd636"
          ]
        }
      ],
      "Page": 1
    },
    {
      "BlockType": "LINE",
      "Confidence": 90.57665252685547,
      "Text": "12.0",
      "Geometry": {
        "BoundingBox": {
          "Width": 0.025643309578299522,
          "Height": 0.019144395366311073,
          "Left": 0.49263590574264526,
          "Top": 0.5111398100852966
        },
        "Polygon": [
          {
            "X": 0.49263590574264526,
            "Y": 0.5111631751060486
          },
          {
            "X": 0.5181138515472412,
            "Y": 0.5111398100852966
          },
          {
            "X": 0.5182791948318481,
            "Y": 0.530264139175415
          },
          {
            "X": 0.4927975833415985,
            "Y": 0.5302842259407043
          }
        ]
      },
      "Id": "0fcd5e28-90a0-41e0-be19-a525ee2db608",
      "Relationships": [
        {
          "Type": "CHILD",
          "Ids": [
            "de39884e-265f-4821-8da1-1a8727bc522a"
          ]
        }
      ],
      "Page": 1
    },
    {
      "BlockType": "LINE",
      "Confidence": 89.5187759399414,
      "Text": "19.2",
      "Geometry": {
        "BoundingBox": {
          "Width": 0.025121955201029778,
          "Height": 0.01904553547501564,
          "Left": 0.5969798564910889,
          "Top": 0.5111873745918274
        },
        "Polygon": [
          {
            "X": 0.5969798564910889,
            "Y": 0.5112102031707764
          },
          {
            "X": 0.621922492980957,
            "Y": 0.5111873745918274
          },
          {
            "X": 0.6221018433570862,
            "Y": 0.5302132368087769
          },
          {
            "X": 0.5971555709838867,
            "Y": 0.5302329063415527
          }
        ]
      },
      "Id": "88479127-2b99-42b9-be1f-473526ae0f1b",
      "Relationships": [
        {
          "Type": "CHILD",
          "Ids": [
            "6b5f79b6-1ff9-4bdf-ad47-d43a778c313c"
          ]
        }
      ],
      "Page": 1
    },
    {
      "BlockType": "LINE",
      "Confidence": 99.36710357666016,
      "Text": "EP/VFD-10",
      "Geometry": {
        "BoundingBox": {
          "Width": 0.06720351427793503,
          "Height": 0.024095049127936363,
          "Left": 0.23597301542758942,
          "Top": 0.5407335758209229
        },
        "Polygon": [
          {
            "X": 0.23597301542758942,
            "Y": 0.5407818555831909
          },
          {
            "X": 0.3030072748661041,
            "Y": 0.5407335758209229
          },
          {
            "X": 0.30317652225494385,
            "Y": 0.5647910833358765
          },
          {
            "X": 0.23613011837005615,
            "Y": 0.564828634262085
          }
        ]
      },
      "Id": "2beaf8b1-980d-4fe0-82cc-ebd26bb031f5",
      "Relationships": [
        {
          "Type": "CHILD",
          "Ids": [
            "fd446f84-fa7c-4a3f-b48b-dd4758ece01b"
          ]
        }
      ],
      "Page": 1
    },
    {
      "BlockType": "LINE",
      "Confidence": 99.86957550048828,
      "Text": "333",
      "Geometry": {
        "BoundingBox": {
          "Width": 0.02257770486176014,
          "Height": 0.019206050783395767,
          "Left": 0.3390597701072693,
          "Top": 0.5410401225090027
        },
        "Polygon": [
          {
            "X": 0.3390597701072693,
            "Y": 0.541056215763092
          },
          {
            "X": 0.3614940345287323,
            "Y": 0.5410401225090027
          },
          {
            "X": 0.3616374731063843,
            "Y": 0.560232937335968
          },
          {
            "X": 0.3391999304294586,
            "Y": 0.5602461695671082
          }
        ]
      },
      "Id": "42cfcf15-571e-4604-b40f-ba55fb9c3934",
      "Relationships": [
        {
          "Type": "CHILD",
          "Ids": [
            "14c6545c-c102-4955-9188-0d0dbf9ba8ec"
          ]
        }
      ],
      "Page": 1
    },
    {
      "BlockType": "LINE",
      "Confidence": 99.8890380859375,
      "Text": "371",
      "Geometry": {
        "BoundingBox": {
          "Width": 0.022084040567278862,
          "Height": 0.019193584099411964,
          "Left": 0.41164758801460266,
          "Top": 0.5410669445991516
        },
        "Polygon": [
          {
            "X": 0.41164758801460266,
            "Y": 0.5410826802253723
          },
          {
            "X": 0.43357792496681213,
            "Y": 0.5410669445991516
          },
          {
            "X": 0.4337316155433655,
            "Y": 0.560247540473938
          },
          {
            "X": 0.4117980897426605,
            "Y": 0.560260534286499
          }
        ]
      },
      "Id": "4a2e784b-3c10-41df-9a1f-8e4df1c0c58d",
      "Relationships": [
        {
          "Type": "CHILD",
          "Ids": [
            "c549d3a0-5dd1-4b85-9e10-01f98b620e69"
          ]
        }
      ],
      "Page": 1
    },
    {
      "BlockType": "LINE",
      "Confidence": 92.01722717285156,
      "Text": "11.3",
      "Geometry": {
        "BoundingBox": {
          "Width": 0.025066424161195755,
          "Height": 0.019014179706573486,
          "Left": 0.4926162362098694,
          "Top": 0.5412240624427795
        },
        "Polygon": [
          {
            "X": 0.4926162362098694,
            "Y": 0.5412418842315674
          },
          {
            "X": 0.5175185203552246,
            "Y": 0.5412240624427795
          },
          {
            "X": 0.517682671546936,
            "Y": 0.5602235198020935
          },
          {
            "X": 0.4927768409252167,
            "Y": 0.560238242149353
          }
        ]
      },
      "Id": "15486747-36b1-46e3-aa60-8f47e7a23fb8",
      "Relationships": [
        {
          "Type": "CHILD",
          "Ids": [
            "a80292d4-b7e9-4819-aa96-c6e0b875b910"
          ]
        }
      ],
      "Page": 1
    },
    {
      "BlockType": "LINE",
      "Confidence": 87.81554412841797,
      "Text": "20.0",
      "Geometry": {
        "BoundingBox": {
          "Width": 0.026888931170105934,
          "Height": 0.019066594541072845,
          "Left": 0.5958048701286316,
          "Top": 0.5410593152046204
        },
        "Polygon": [
          {
            "X": 0.5958048701286316,
            "Y": 0.5410784482955933
          },
          {
            "X": 0.6225142478942871,
            "Y": 0.5410593152046204
          },
          {
            "X": 0.6226937770843506,
            "Y": 0.5601101517677307
          },
          {
            "X": 0.5959805846214294,
            "Y": 0.5601259469985962
          }
        ]
      },
      "Id": "96dbf09d-3c3e-4440-ab34-6bcecdfb5d24",
      "Relationships": [
        {
          "Type": "CHILD",
          "Ids": [
            "c0cb6e50-5270-4d26-9d34-be813f54751c"
          ]
        }
      ],
      "Page": 1
    },
    {
      "BlockType": "LINE",
      "Confidence": 98.8699722290039,
      "Text": "EP/VFD-12.5",
      "Geometry": {
        "BoundingBox": {
          "Width": 0.07774338871240616,
          "Height": 0.024782054126262665,
          "Left": 0.2361452877521515,
          "Top": 0.5715317726135254
        },
        "Polygon": [
          {
            "X": 0.2361452877521515,
            "Y": 0.5715717077255249
          },
          {
            "X": 0.31371259689331055,
            "Y": 0.5715317726135254
          },
          {
            "X": 0.31388866901397705,
            "Y": 0.5962865948677063
          },
          {
            "X": 0.23630693554878235,
            "Y": 0.5963138341903687
          }
        ]
      },
      "Id": "eb1c1a6f-5833-44a4-8502-11fce4c5c408",
      "Relationships": [
        {
          "Type": "CHILD",
          "Ids": [
            "c88da959-3f99-44e2-acf8-556654da5925"
          ]
        }
      ],
      "Page": 1
    },
    {
      "BlockType": "LINE",
      "Confidence": 99.91082763671875,
      "Text": "332",
      "Geometry": {
        "BoundingBox": {
          "Width": 0.022744061425328255,
          "Height": 0.01946379989385605,
          "Left": 0.3391527235507965,
          "Top": 0.5721253752708435
        },
        "Polygon": [
          {
            "X": 0.3391527235507965,
            "Y": 0.5721369385719299
          },
          {
            "X": 0.36175137758255005,
            "Y": 0.5721253752708435
          },
          {
            "X": 0.3618967831134796,
            "Y": 0.5915805101394653
          },
          {
            "X": 0.33929479122161865,
            "Y": 0.5915891528129578
          }
        ]
      },
      "Id": "d33630c2-2f83-4623-9d16-3811a8567d58",
      "Relationships": [
        {
          "Type": "CHILD",
          "Ids": [
            "d62fe332-bffa-42e7-b016-3f83c6835439"
          ]
        }
      ],
      "Page": 1
    },
    {
      "BlockType": "LINE",
      "Confidence": 99.9383316040039,
      "Text": "368",
      "Geometry": {
        "BoundingBox": {
          "Width": 0.023078788071870804,
          "Height": 0.0194534994661808,
          "Left": 0.41176846623420715,
          "Top": 0.5721412897109985
        },
        "Polygon": [
          {
            "X": 0.41176846623420715,
            "Y": 0.5721529722213745
          },
          {
            "X": 0.43469133973121643,
            "Y": 0.5721412897109985
          },
          {
            "X": 0.43484723567962646,
            "Y": 0.5915860533714294
          },
          {
            "X": 0.41192102432250977,
            "Y": 0.5915947556495667
          }
        ]
      },
      "Id": "f4992831-c610-45d9-a237-64c9958a5c04",
      "Relationships": [
        {
          "Type": "CHILD",
          "Ids": [
            "4cb6228f-6183-4bc9-af4c-13f2661cd5ec"
          ]
        }
      ],
      "Page": 1
    },
    {
      "BlockType": "LINE",
      "Confidence": 95.77180480957031,
      "Text": "10.7",
      "Geometry": {
        "BoundingBox": {
          "Width": 0.025408253073692322,
          "Height": 0.019161295145750046,
          "Left": 0.49274998903274536,
          "Top": 0.5722874402999878
        },
        "Polygon": [
          {
            "X": 0.49274998903274536,
            "Y": 0.5723003149032593
          },
          {
            "X": 0.5179927349090576,
            "Y": 0.5722874402999878
          },
          {
            "X": 0.5181582570075989,
            "Y": 0.5914390683174133
          },
          {
            "X": 0.49291184544563293,
            "Y": 0.5914487242698669
          }
        ]
      },
      "Id": "b3c99b7d-d6a7-4053-bc4d-408ffd911996",
      "Relationships": [
        {
          "Type": "CHILD",
          "Ids": [
            "74212423-241e-4326-b5a1-4d6560b3f5ce"
          ]
        }
      ],
      "Page": 1
    },
    {
      "BlockType": "LINE",
      "Confidence": 82.97504425048828,
      "Text": "24.5",
      "Geometry": {
        "BoundingBox": {
          "Width": 0.026467813178896904,
          "Height": 0.01914137974381447,
          "Left": 0.5957422256469727,
          "Top": 0.5724301934242249
        },
        "Polygon": [
          {
            "X": 0.5957422256469727,
            "Y": 0.5724436044692993
          },
          {
            "X": 0.6220297813415527,
            "Y": 0.5724301934242249
          },
          {
            "X": 0.6222100257873535,
            "Y": 0.5915615558624268
          },
          {
            "X": 0.5959186553955078,
            "Y": 0.591571569442749
          }
        ]
      },
      "Id": "5e0f053f-c4b7-477d-bddd-2a68ae2c240b",
      "Relationships": [
        {
          "Type": "CHILD",
          "Ids": [
            "12a3db07-a375-42e3-92a7-35f8ccf72bf5"
          ]
        }
      ],
      "Page": 1
    },
    {
      "BlockType": "WORD",
      "Confidence": 99.94733428955078,
      "Text": "Sample",
      "TextType": "PRINTED",
      "Geometry": {
        "BoundingBox": {
          "Width": 0.044816162437200546,
          "Height": 0.024269556626677513,
          "Left": 0.23596186935901642,
          "Top": 0.40012335777282715
        },
        "Polygon": [
          {
            "X": 0.23596186935901642,
            "Y": 0.40019726753234863
          },
          {
            "X": 0.28061163425445557,
            "Y": 0.40012335777282715
          },
          {
            "X": 0.28077802062034607,
            "Y": 0.42432618141174316
          },
          {
            "X": 0.23612011969089508,
            "Y": 0.4243929088115692
          }
        ]
      },
      "Id": "d4d75a3a-2552-4b11-8eab-dcd6596caa3b",
      "Page": 1
    },
    {
      "BlockType": "WORD",
      "Confidence": 98.4882583618164,
      "Text": "T5%",
      "TextType": "PRINTED",
      "Geometry": {
        "BoundingBox": {
          "Width": 0.019943339750170708,
          "Height": 0.023831767961382866,
          "Left": 0.33819201588630676,
          "Top": 0.40050265192985535
        },
        "Polygon": [
          {
            "X": 0.33819201588630676,
            "Y": 0.40053531527519226
          },
          {
            "X": 0.35795795917510986,
            "Y": 0.40050265192985535
          },
          {
            "X": 0.3581353724002838,
            "Y": 0.42430490255355835
          },
          {
            "X": 0.33836591243743896,
            "Y": 0.42433443665504456
          }
        ]
      },
      "Id": "13e17237-b9fb-425d-be63-b4ec792bf48b",
      "Page": 1
    },
    {
      "BlockType": "WORD",
      "Confidence": 76.79377746582031,
      "Text": "(C)",
      "TextType": "PRINTED",
      "Geometry": {
        "BoundingBox": {
          "Width": 0.024051202461123466,
          "Height": 0.024879440665245056,
          "Left": 0.3630824387073517,
          "Top": 0.3994489908218384
        },
        "Polygon": [
          {
            "X": 0.3630824387073517,
            "Y": 0.39948856830596924
          },
          {
            "X": 0.3869430720806122,
            "Y": 0.3994489908218384
          },
          {
            "X": 0.3871336579322815,
            "Y": 0.42429280281066895
          },
          {
            "X": 0.36326855421066284,
            "Y": 0.42432844638824463
          }
        ]
      },
      "Id": "e8b5d79e-65cb-4664-bd89-7458c1f902b9",
      "Page": 1
    },
    {
      "BlockType": "WORD",
      "Confidence": 99.5981674194336,
      "Text": "Tmax",
      "TextType": "PRINTED",
      "Geometry": {
        "BoundingBox": {
          "Width": 0.026995796710252762,
          "Height": 0.02184978686273098,
          "Left": 0.4108029305934906,
          "Top": 0.40057045221328735
        },
        "Polygon": [
          {
            "X": 0.4108029305934906,
            "Y": 0.40061473846435547
          },
          {
            "X": 0.43762314319610596,
            "Y": 0.40057045221328735
          },
          {
            "X": 0.43779873847961426,
            "Y": 0.42237985134124756
          },
          {
            "X": 0.4109741151332855,
            "Y": 0.4224202632904053
          }
        ]
      },
      "Id": "9d625553-1024-4b49-bf26-40a03f35a88c",
      "Page": 1
    },
    {
      "BlockType": "WORD",
      "Confidence": 84.4940414428711,
      "Text": "(C)",
      "TextType": "PRINTED",
      "Geometry": {
        "BoundingBox": {
          "Width": 0.02363763377070427,
          "Height": 0.0253035519272089,
          "Left": 0.4435344636440277,
          "Top": 0.39933863282203674
        },
        "Polygon": [
          {
            "X": 0.4435344636440277,
            "Y": 0.3993774652481079
          },
          {
            "X": 0.4669630825519562,
            "Y": 0.39933863282203674
          },
          {
            "X": 0.4671720862388611,
            "Y": 0.4246072471141815
          },
          {
            "X": 0.4437389671802521,
            "Y": 0.4246421754360199
          }
        ]
      },
      "Id": "cdb23e23-2874-4c64-a285-0db99555263e",
      "Page": 1
    },
    {
      "BlockType": "WORD",
      "Confidence": 98.89627838134766,
      "Text": "Rmax",
      "TextType": "PRINTED",
      "Geometry": {
        "BoundingBox": {
          "Width": 0.027210932224988937,
          "Height": 0.021983858197927475,
          "Left": 0.4914908707141876,
          "Top": 0.40048032999038696
        },
        "Polygon": [
          {
            "X": 0.4914908707141876,
            "Y": 0.40052491426467896
          },
          {
            "X": 0.5185118317604065,
            "Y": 0.40048032999038696
          },
          {
            "X": 0.5187017917633057,
            "Y": 0.42242351174354553
          },
          {
            "X": 0.49167636036872864,
            "Y": 0.42246416211128235
          }
        ]
      },
      "Id": "99fdeffb-ea63-4521-a04f-46e335d979fc",
      "Page": 1
    },
    {
      "BlockType": "WORD",
      "Confidence": 99.13738250732422,
      "Text": "(%/min)",
      "TextType": "PRINTED",
      "Geometry": {
        "BoundingBox": {
          "Width": 0.04723389446735382,
          "Height": 0.024692879989743233,
          "Left": 0.5240311622619629,
          "Top": 0.39969682693481445
        },
        "Polygon": [
          {
            "X": 0.5240311622619629,
            "Y": 0.3997746407985687
          },
          {
            "X": 0.5710422396659851,
            "Y": 0.39969682693481445
          },
          {
            "X": 0.5712650418281555,
            "Y": 0.4243195950984955
          },
          {
            "X": 0.5242452621459961,
            "Y": 0.42438971996307373
          }
        ]
      },
      "Id": "a490cf10-4546-4fa8-a8e5-8fa934c56187",
      "Page": 1
    },
    {
      "BlockType": "WORD",
      "Confidence": 99.74788665771484,
      "Text": "Char",
      "TextType": "PRINTED",
      "Geometry": {
        "BoundingBox": {
          "Width": 0.029127243906259537,
          "Height": 0.019950274378061295,
          "Left": 0.5955555438995361,
          "Top": 0.3998871147632599
        },
        "Polygon": [
          {
            "X": 0.5955555438995361,
            "Y": 0.39993494749069214
          },
          {
            "X": 0.6244946122169495,
            "Y": 0.3998871147632599
          },
          {
            "X": 0.6246827840805054,
            "Y": 0.41979336738586426
          },
          {
            "X": 0.5957393050193787,
            "Y": 0.4198373854160309
          }
        ]
      },
      "Id": "5e6a0b81-7725-40d9-90cb-60b9b16dab20",
      "Page": 1
    },
    {
      "BlockType": "WORD",
      "Confidence": 99.88046264648438,
      "Text": "residue",
      "TextType": "PRINTED",
      "Geometry": {
        "BoundingBox": {
          "Width": 0.045170702040195465,
          "Height": 0.01982937380671501,
          "Left": 0.6287528872489929,
          "Top": 0.4000171720981598
        },
        "Polygon": [
          {
            "X": 0.6287528872489929,
            "Y": 0.4000914394855499
          },
          {
            "X": 0.6737295389175415,
            "Y": 0.4000171720981598
          },
          {
            "X": 0.6739235520362854,
            "Y": 0.41977813839912415
          },
          {
            "X": 0.628940224647522,
            "Y": 0.4198465347290039
          }
        ]
      },
      "Id": "a28bd30c-02ac-4a80-bdf7-b297f0d8e45c",
      "Page": 1
    },
    {
      "BlockType": "WORD",
      "Confidence": 99.9872055053711,
      "Text": "at",
      "TextType": "PRINTED",
      "Geometry": {
        "BoundingBox": {
          "Width": 0.012013950385153294,
          "Height": 0.017239456996321678,
          "Left": 0.6788905262947083,
          "Top": 0.40249159932136536
        },
        "Polygon": [
          {
            "X": 0.6788905262947083,
            "Y": 0.40251097083091736
          },
          {
            "X": 0.6907331943511963,
            "Y": 0.40249159932136536
          },
          {
            "X": 0.6909044981002808,
            "Y": 0.4197130501270294
          },
          {
            "X": 0.6790603399276733,
            "Y": 0.4197310507297516
          }
        ]
      },
      "Id": "918047a7-f588-4e49-a47b-772dbfe68b46",
      "Page": 1
    },
    {
      "BlockType": "WORD",
      "Confidence": 99.88890075683594,
      "Text": "800",
      "TextType": "PRINTED",
      "Geometry": {
        "BoundingBox": {
          "Width": 0.02337186224758625,
          "Height": 0.019284691661596298,
          "Left": 0.695644199848175,
          "Top": 0.4005240201950073
        },
        "Polygon": [
          {
            "X": 0.695644199848175,
            "Y": 0.40056219696998596
          },
          {
            "X": 0.7188205122947693,
            "Y": 0.4005240201950073
          },
          {
            "X": 0.7190160751342773,
            "Y": 0.4197734594345093
          },
          {
            "X": 0.6958363652229309,
            "Y": 0.4198087155818939
          }
        ]
      },
      "Id": "99644b5e-f59c-4d0d-a38b-762ed8c65613",
      "Page": 1
    },
    {
      "BlockType": "WORD",
      "Confidence": 97.85708618164062,
      "Text": "°C",
      "TextType": "PRINTED",
      "Geometry": {
        "BoundingBox": {
          "Width": 0.013805857859551907,
          "Height": 0.018417667597532272,
          "Left": 0.724137008190155,
          "Top": 0.40091192722320557
        },
        "Polygon": [
          {
            "X": 0.724137008190155,
            "Y": 0.4009343087673187
          },
          {
            "X": 0.7377533912658691,
            "Y": 0.40091192722320557
          },
          {
            "X": 0.7379428744316101,
            "Y": 0.4193088412284851
          },
          {
            "X": 0.724324643611908,
            "Y": 0.41932958364486694
          }
        ]
      },
      "Id": "63295fdc-5c38-4fe3-8f5a-44b194e44bc3",
      "Page": 1
    },
    {
      "BlockType": "WORD",
      "Confidence": 99.94085693359375,
      "Text": "(%)",
      "TextType": "PRINTED",
      "Geometry": {
        "BoundingBox": {
          "Width": 0.018383648246526718,
          "Height": 0.02380957268178463,
          "Left": 0.7422358989715576,
          "Top": 0.4002991020679474
        },
        "Polygon": [
          {
            "X": 0.7422358989715576,
            "Y": 0.40032902359962463
          },
          {
            "X": 0.7603705525398254,
            "Y": 0.4002991020679474
          },
          {
            "X": 0.7606195211410522,
            "Y": 0.42408162355422974
          },
          {
            "X": 0.7424815893173218,
            "Y": 0.42410868406295776
          }
        ]
      },
      "Id": "5a6e838f-2523-4556-b54b-0e027eaf20b5",
      "Page": 1
    },
    {
      "BlockType": "WORD",
      "Confidence": 99.64655303955078,
      "Text": "EP",
      "TextType": "PRINTED",
      "Geometry": {
        "BoundingBox": {
          "Width": 0.015409260988235474,
          "Height": 0.019023803994059563,
          "Left": 0.23592019081115723,
          "Top": 0.4489792585372925
        },
        "Polygon": [
          {
            "X": 0.23592019081115723,
            "Y": 0.4489995837211609
          },
          {
            "X": 0.2512030303478241,
            "Y": 0.4489792585372925
          },
          {
            "X": 0.2513294517993927,
            "Y": 0.4679846465587616
          },
          {
            "X": 0.23604442179203033,
            "Y": 0.4680030643939972
          }
        ]
      },
      "Id": "07b1e2fd-cd91-43bf-a32d-db1170fed240",
      "Page": 1
    },
    {
      "BlockType": "WORD",
      "Confidence": 99.90509796142578,
      "Text": "371",
      "TextType": "PRINTED",
      "Geometry": {
        "BoundingBox": {
          "Width": 0.02180211804807186,
          "Height": 0.019420471042394638,
          "Left": 0.33888331055641174,
          "Top": 0.4484153687953949
        },
        "Polygon": [
          {
            "X": 0.33888331055641174,
            "Y": 0.4484442472457886
          },
          {
            "X": 0.3605405390262604,
            "Y": 0.4484153687953949
          },
          {
            "X": 0.36068543791770935,
            "Y": 0.4678097665309906
          },
          {
            "X": 0.3390250504016876,
            "Y": 0.46783584356307983
          }
        ]
      },
      "Id": "48a66735-4e10-4602-bee9-b54e50dee38b",
      "Page": 1
    },
    {
      "BlockType": "WORD",
      "Confidence": 99.96187591552734,
      "Text": "388",
      "TextType": "PRINTED",
      "Geometry": {
        "BoundingBox": {
          "Width": 0.02283741720020771,
          "Height": 0.0193504448980093,
          "Left": 0.41179725527763367,
          "Top": 0.4485626220703125
        },
        "Polygon": [
          {
            "X": 0.41179725527763367,
            "Y": 0.44859281182289124
          },
          {
            "X": 0.43447962403297424,
            "Y": 0.4485626220703125
          },
          {
            "X": 0.4346346855163574,
            "Y": 0.4678857624530792
          },
          {
            "X": 0.4119490087032318,
            "Y": 0.46791306138038635
          }
        ]
      },
      "Id": "012e71e6-9c42-4cc7-a658-bd3870101c7d",
      "Page": 1
    },
    {
      "BlockType": "WORD",
      "Confidence": 99.9448013305664,
      "Text": "17.0",
      "TextType": "PRINTED",
      "Geometry": {
        "BoundingBox": {
          "Width": 0.025624308735132217,
          "Height": 0.01974303461611271,
          "Left": 0.4926570653915405,
          "Top": 0.4483436942100525
        },
        "Polygon": [
          {
            "X": 0.4926570653915405,
            "Y": 0.4483776092529297
          },
          {
            "X": 0.5181108713150024,
            "Y": 0.4483436942100525
          },
          {
            "X": 0.5182814002037048,
            "Y": 0.4680561423301697
          },
          {
            "X": 0.4928238093852997,
            "Y": 0.46808671951293945
          }
        ]
      },
      "Id": "b8db1300-1a6a-4dd3-96cd-d69681aadf92",
      "Page": 1
    },
    {
      "BlockType": "WORD",
      "Confidence": 99.72374725341797,
      "Text": "18.1",
      "TextType": "PRINTED",
      "Geometry": {
        "BoundingBox": {
          "Width": 0.023889420554041862,
          "Height": 0.01944759301841259,
          "Left": 0.5970752835273743,
          "Top": 0.4484763443470001
        },
        "Polygon": [
          {
            "X": 0.5970752835273743,
            "Y": 0.4485078752040863
          },
          {
            "X": 0.6207817792892456,
            "Y": 0.4484763443470001
          },
          {
            "X": 0.6209647059440613,
            "Y": 0.4678954482078552
          },
          {
            "X": 0.5972546935081482,
            "Y": 0.46792393922805786
          }
        ]
      },
      "Id": "e528d7db-81c6-431c-a005-77b65eaf54db",
      "Page": 1
    },
    {
      "BlockType": "WORD",
      "Confidence": 99.55157470703125,
      "Text": "EP/VFD-5",
      "TextType": "PRINTED",
      "Geometry": {
        "BoundingBox": {
          "Width": 0.05878971889615059,
          "Height": 0.023895390331745148,
          "Left": 0.23595291376113892,
          "Top": 0.47945478558540344
        },
        "Polygon": [
          {
            "X": 0.23595291376113892,
            "Y": 0.47952088713645935
          },
          {
            "X": 0.29457634687423706,
            "Y": 0.47945478558540344
          },
          {
            "X": 0.294742614030838,
            "Y": 0.5032933354377747
          },
          {
            "X": 0.236108660697937,
            "Y": 0.5033501982688904
          }
        ]
      },
      "Id": "23862c41-dfd7-4102-9b60-13f2de441c4e",
      "Page": 1
    },
    {
      "BlockType": "WORD",
      "Confidence": 99.78254699707031,
      "Text": "349",
      "TextType": "PRINTED",
      "Geometry": {
        "BoundingBox": {
          "Width": 0.023343145847320557,
          "Height": 0.020541083067655563,
          "Left": 0.33803921937942505,
          "Top": 0.47854068875312805
        },
        "Polygon": [
          {
            "X": 0.33803921937942505,
            "Y": 0.478566974401474
          },
          {
            "X": 0.3612290322780609,
            "Y": 0.47854068875312805
          },
          {
            "X": 0.3613823652267456,
            "Y": 0.49905866384506226
          },
          {
            "X": 0.3381890058517456,
            "Y": 0.4990817904472351
          }
        ]
      },
      "Id": "689975d1-03f0-4f6d-89b5-450f24270a20",
      "Page": 1
    },
    {
      "BlockType": "WORD",
      "Confidence": 99.96668243408203,
      "Text": "380",
      "TextType": "PRINTED",
      "Geometry": {
        "BoundingBox": {
          "Width": 0.02338256873190403,
          "Height": 0.019131382927298546,
          "Left": 0.41172805428504944,
          "Top": 0.47982528805732727
        },
        "Polygon": [
          {
            "X": 0.41172805428504944,
            "Y": 0.4798513948917389
          },
          {
            "X": 0.43495726585388184,
            "Y": 0.47982528805732727
          },
          {
            "X": 0.4351106286048889,
            "Y": 0.49893349409103394
          },
          {
            "X": 0.4118780791759491,
            "Y": 0.4989566504955292
          }
        ]
      },
      "Id": "93251030-638e-403e-87f6-ec1071bf7e4c",
      "Page": 1
    },
    {
      "BlockType": "WORD",
      "Confidence": 98.14205169677734,
      "Text": "12.4",
      "TextType": "PRINTED",
      "Geometry": {
        "BoundingBox": {
          "Width": 0.025676872581243515,
          "Height": 0.019534436985850334,
          "Left": 0.4927152097225189,
          "Top": 0.47964948415756226
        },
        "Polygon": [
          {
            "X": 0.4927152097225189,
            "Y": 0.4796781837940216
          },
          {
            "X": 0.5182233452796936,
            "Y": 0.47964948415756226
          },
          {
            "X": 0.5183920860290527,
            "Y": 0.4991585314273834
          },
          {
            "X": 0.4928801953792572,
            "Y": 0.49918392300605774
          }
        ]
      },
      "Id": "37dd5434-d495-411e-b360-be7337a9cfd2",
      "Page": 1
    },
    {
      "BlockType": "WORD",
      "Confidence": 99.79937744140625,
      "Text": "19.5",
      "TextType": "PRINTED",
      "Geometry": {
        "BoundingBox": {
          "Width": 0.02520603872835636,
          "Height": 0.019376302137970924,
          "Left": 0.5970723032951355,
          "Top": 0.47989580035209656
        },
        "Polygon": [
          {
            "X": 0.5970723032951355,
            "Y": 0.47992387413978577
          },
          {
            "X": 0.6220959424972534,
            "Y": 0.47989580035209656
          },
          {
            "X": 0.6222783923149109,
            "Y": 0.4992472231388092
          },
          {
            "X": 0.5972511172294617,
            "Y": 0.49927207827568054
          }
        ]
      },
      "Id": "7576b661-cef6-48fd-8a14-568796e30ac8",
      "Page": 1
    },
    {
      "BlockType": "WORD",
      "Confidence": 99.53849792480469,
      "Text": "EP/VFD-7.5",
      "TextType": "PRINTED",
      "Geometry": {
        "BoundingBox": {
          "Width": 0.07040990144014359,
          "Height": 0.024027634412050247,
          "Left": 0.23571087419986725,
          "Top": 0.5107801556587219
        },
        "Polygon": [
          {
            "X": 0.23571087419986725,
            "Y": 0.5108447074890137
          },
          {
            "X": 0.3059515357017517,
            "Y": 0.5107801556587219
          },
          {
            "X": 0.30612078309059143,
            "Y": 0.5347543954849243
          },
          {
            "X": 0.2358674257993698,
            "Y": 0.5348077416419983
          }
        ]
      },
      "Id": "c958d9d9-035f-4d50-9283-8adf6a9b0cb2",
      "Page": 1
    },
    {
      "BlockType": "WORD",
      "Confidence": 99.954345703125,
      "Text": "341",
      "TextType": "PRINTED",
      "Geometry": {
        "BoundingBox": {
          "Width": 0.02160710282623768,
          "Height": 0.01909537985920906,
          "Left": 0.3390131890773773,
          "Top": 0.5110436081886292
        },
        "Polygon": [
          {
            "X": 0.3390131890773773,
            "Y": 0.5110633373260498
          },
          {
            "X": 0.36047783493995667,
            "Y": 0.5110436081886292
          },
          {
            "X": 0.36062029004096985,
            "Y": 0.5301220417022705
          },
          {
            "X": 0.33915257453918457,
            "Y": 0.5301390290260315
          }
        ]
      },
      "Id": "2fd24039-b791-42f2-be82-4cd5b276ef2c",
      "Page": 1
    },
    {
      "BlockType": "WORD",
      "Confidence": 99.94892120361328,
      "Text": "375",
      "TextType": "PRINTED",
      "Geometry": {
        "BoundingBox": {
          "Width": 0.023119129240512848,
          "Height": 0.019137883558869362,
          "Left": 0.41162464022636414,
          "Top": 0.511141300201416
        },
        "Polygon": [
          {
            "X": 0.41162464022636414,
            "Y": 0.5111623406410217
          },
          {
            "X": 0.4345903992652893,
            "Y": 0.511141300201416
          },
          {
            "X": 0.4347437620162964,
            "Y": 0.5302610397338867
          },
          {
            "X": 0.4117746949195862,
            "Y": 0.5302791595458984
          }
        ]
      },
      "Id": "8ccacebd-2ccc-4fcf-8e12-0babc03cd636",
      "Page": 1
    },
    {
      "BlockType": "WORD",
      "Confidence": 90.57665252685547,
      "Text": "12.0",
      "TextType": "PRINTED",
      "Geometry": {
        "BoundingBox": {
          "Width": 0.025643309578299522,
          "Height": 0.019144395366311073,
          "Left": 0.49263590574264526,
          "Top": 0.5111398100852966
        },
        "Polygon": [
          {
            "X": 0.49263590574264526,
            "Y": 0.5111631751060486
          },
          {
            "X": 0.5181138515472412,
            "Y": 0.5111398100852966
          },
          {
            "X": 0.5182791948318481,
            "Y": 0.530264139175415
          },
          {
            "X": 0.4927975833415985,
            "Y": 0.5302842259407043
          }
        ]
      },
      "Id": "de39884e-265f-4821-8da1-1a8727bc522a",
      "Page": 1
    },
    {
      "BlockType": "WORD",
      "Confidence": 89.5187759399414,
      "Text": "19.2",
      "TextType": "PRINTED",
      "Geometry": {
        "BoundingBox": {
          "Width": 0.025121955201029778,
          "Height": 0.01904553547501564,
          "Left": 0.5969798564910889,
          "Top": 0.5111873745918274
        },
        "Polygon": [
          {
            "X": 0.5969798564910889,
            "Y": 0.5112102031707764
          },
          {
            "X": 0.621922492980957,
            "Y": 0.5111873745918274
          },
          {
            "X": 0.6221018433570862,
            "Y": 0.5302132368087769
          },
          {
            "X": 0.5971555709838867,
            "Y": 0.5302329063415527
          }
        ]
      },
      "Id": "6b5f79b6-1ff9-4bdf-ad47-d43a778c313c",
      "Page": 1
    },
    {
      "BlockType": "WORD",
      "Confidence": 99.36710357666016,
      "Text": "EP/VFD-10",
      "TextType": "PRINTED",
      "Geometry": {
        "BoundingBox": {
          "Width": 0.06720351427793503,
          "Height": 0.024095049127936363,
          "Left": 0.23597301542758942,
          "Top": 0.5407335758209229
        },
        "Polygon": [
          {
            "X": 0.23597301542758942,
            "Y": 0.5407818555831909
          },
          {
            "X": 0.3030072748661041,
            "Y": 0.5407335758209229
          },
          {
            "X": 0.30317652225494385,
            "Y": 0.5647910833358765
          },
          {
            "X": 0.23613011837005615,
            "Y": 0.564828634262085
          }
        ]
      },
      "Id": "fd446f84-fa7c-4a3f-b48b-dd4758ece01b",
      "Page": 1
    },
    {
      "BlockType": "WORD",
      "Confidence": 99.86957550048828,
      "Text": "333",
      "TextType": "PRINTED",
      "Geometry": {
        "BoundingBox": {
          "Width": 0.02257770486176014,
          "Height": 0.019206050783395767,
          "Left": 0.3390597701072693,
          "Top": 0.5410401225090027
        },
        "Polygon": [
          {
            "X": 0.3390597701072693,
            "Y": 0.541056215763092
          },
          {
            "X": 0.3614940345287323,
            "Y": 0.5410401225090027
          },
          {
            "X": 0.3616374731063843,
            "Y": 0.560232937335968
          },
          {
            "X": 0.3391999304294586,
            "Y": 0.5602461695671082
          }
        ]
      },
      "Id": "14c6545c-c102-4955-9188-0d0dbf9ba8ec",
      "Page": 1
    },
    {
      "BlockType": "WORD",
      "Confidence": 99.8890380859375,
      "Text": "371",
      "TextType": "PRINTED",
      "Geometry": {
        "BoundingBox": {
          "Width": 0.022084040567278862,
          "Height": 0.019193584099411964,
          "Left": 0.41164758801460266,
          "Top": 0.5410669445991516
        },
        "Polygon": [
          {
            "X": 0.41164758801460266,
            "Y": 0.5410826802253723
          },
          {
            "X": 0.43357792496681213,
            "Y": 0.5410669445991516
          },
          {
            "X": 0.4337316155433655,
            "Y": 0.560247540473938
          },
          {
            "X": 0.4117980897426605,
            "Y": 0.560260534286499
          }
        ]
      },
      "Id": "c549d3a0-5dd1-4b85-9e10-01f98b620e69",
      "Page": 1
    },
    {
      "BlockType": "WORD",
      "Confidence": 92.01722717285156,
      "Text": "11.3",
      "TextType": "PRINTED",
      "Geometry": {
        "BoundingBox": {
          "Width": 0.025066424161195755,
          "Height": 0.019014179706573486,
          "Left": 0.4926162362098694,
          "Top": 0.5412240624427795
        },
        "Polygon": [
          {
            "X": 0.4926162362098694,
            "Y": 0.5412418842315674
          },
          {
            "X": 0.5175185203552246,
            "Y": 0.5412240624427795
          },
          {
            "X": 0.517682671546936,
            "Y": 0.5602235198020935
          },
          {
            "X": 0.4927768409252167,
            "Y": 0.560238242149353
          }
        ]
      },
      "Id": "a80292d4-b7e9-4819-aa96-c6e0b875b910",
      "Page": 1
    },
    {
      "BlockType": "WORD",
      "Confidence": 87.81554412841797,
      "Text": "20.0",
      "TextType": "PRINTED",
      "Geometry": {
        "BoundingBox": {
          "Width": 0.026888931170105934,
          "Height": 0.019066594541072845,
          "Left": 0.5958048701286316,
          "Top": 0.5410593152046204
        },
        "Polygon": [
          {
            "X": 0.5958048701286316,
            "Y": 0.5410784482955933
          },
          {
            "X": 0.6225142478942871,
            "Y": 0.5410593152046204
          },
          {
            "X": 0.6226937770843506,
            "Y": 0.5601101517677307
          },
          {
            "X": 0.5959805846214294,
            "Y": 0.5601259469985962
          }
        ]
      },
      "Id": "c0cb6e50-5270-4d26-9d34-be813f54751c",
      "Page": 1
    },
    {
      "BlockType": "WORD",
      "Confidence": 98.8699722290039,
      "Text": "EP/VFD-12.5",
      "TextType": "PRINTED",
      "Geometry": {
        "BoundingBox": {
          "Width": 0.07774338871240616,
          "Height": 0.024782054126262665,
          "Left": 0.2361452877521515,
          "Top": 0.5715317726135254
        },
        "Polygon": [
          {
            "X": 0.2361452877521515,
            "Y": 0.5715717077255249
          },
          {
            "X": 0.31371259689331055,
            "Y": 0.5715317726135254
          },
          {
            "X": 0.31388866901397705,
            "Y": 0.5962865948677063
          },
          {
            "X": 0.23630693554878235,
            "Y": 0.5963138341903687
          }
        ]
      },
      "Id": "c88da959-3f99-44e2-acf8-556654da5925",
      "Page": 1
    },
    {
      "BlockType": "WORD",
      "Confidence": 99.91082763671875,
      "Text": "332",
      "TextType": "PRINTED",
      "Geometry": {
        "BoundingBox": {
          "Width": 0.022744061425328255,
          "Height": 0.01946379989385605,
          "Left": 0.3391527235507965,
          "Top": 0.5721253752708435
        },
        "Polygon": [
          {
            "X": 0.3391527235507965,
            "Y": 0.5721369385719299
          },
          {
            "X": 0.36175137758255005,
            "Y": 0.5721253752708435
          },
          {
            "X": 0.3618967831134796,
            "Y": 0.5915805101394653
          },
          {
            "X": 0.33929479122161865,
            "Y": 0.5915891528129578
          }
        ]
      },
      "Id": "d62fe332-bffa-42e7-b016-3f83c6835439",
      "Page": 1
    },
    {
      "BlockType": "WORD",
      "Confidence": 99.9383316040039,
      "Text": "368",
      "TextType": "PRINTED",
      "Geometry": {
        "BoundingBox": {
          "Width": 0.023078788071870804,
          "Height": 0.0194534994661808,
          "Left": 0.41176846623420715,
          "Top": 0.5721412897109985
        },
        "Polygon": [
          {
            "X": 0.41176846623420715,
            "Y": 0.5721529722213745
          },
          {
            "X": 0.43469133973121643,
            "Y": 0.5721412897109985
          },
          {
            "X": 0.43484723567962646,
            "Y": 0.5915860533714294
          },
          {
            "X": 0.41192102432250977,
            "Y": 0.5915947556495667
          }
        ]
      },
      "Id": "4cb6228f-6183-4bc9-af4c-13f2661cd5ec",
      "Page": 1
    },
    {
      "BlockType": "WORD",
      "Confidence": 95.77180480957031,
      "Text": "10.7",
      "TextType": "PRINTED",
      "Geometry": {
        "BoundingBox": {
          "Width": 0.025408253073692322,
          "Height": 0.019161295145750046,
          "Left": 0.49274998903274536,
          "Top": 0.5722874402999878
        },
        "Polygon": [
          {
            "X": 0.49274998903274536,
            "Y": 0.5723003149032593
          },
          {
            "X": 0.5179927349090576,
            "Y": 0.5722874402999878
          },
          {
            "X": 0.5181582570075989,
            "Y": 0.5914390683174133
          },
          {
            "X": 0.49291184544563293,
            "Y": 0.5914487242698669
          }
        ]
      },
      "Id": "74212423-241e-4326-b5a1-4d6560b3f5ce",
      "Page": 1
    },
    {
      "BlockType": "WORD",
      "Confidence": 82.97504425048828,
      "Text": "24.5",
      "TextType": "PRINTED",
      "Geometry": {
        "BoundingBox": {
          "Width": 0.026467813178896904,
          "Height": 0.01914137974381447,
          "Left": 0.5957422256469727,
          "Top": 0.5724301934242249
        },
        "Polygon": [
          {
            "X": 0.5957422256469727,
            "Y": 0.5724436044692993
          },
          {
            "X": 0.6220297813415527,
            "Y": 0.5724301934242249
          },
          {
            "X": 0.6222100257873535,
            "Y": 0.5915615558624268
          },
          {
            "X": 0.5959186553955078,
            "Y": 0.591571569442749
          }
        ]
      },
      "Id": "12a3db07-a375-42e3-92a7-35f8ccf72bf5",
      "Page": 1
    },
    {
      "BlockType": "TABLE",
      "Confidence": 99.658203125,
      "Geometry": {
        "BoundingBox": {
          "Width": 0.5529681444168091,
          "Height": 0.21921026706695557,
          "Left": 0.22325381636619568,
          "Top": 0.3898426294326782
        },
        "Polygon": [
          {
            "X": 0.22325381636619568,
            "Y": 0.39078858494758606
          },
          {
            "X": 0.7739061713218689,
            "Y": 0.3898426294326782
          },
          {
            "X": 0.7762219309806824,
            "Y": 0.608906090259552
          },
          {
            "X": 0.22466060519218445,
            "Y": 0.6090528964996338
          }
        ]
      },
      "Id": "b4d8a5cf-ae20-4a6f-b70c-7000ef5b34c5",
      "Relationships": [
        {
          "Type": "CHILD",
          "Ids": [
            "41cc6446-c4dd-44fa-817c-221a172deaf7",
            "a517e75a-8a84-4cf3-8eca-55ea458b3ac1",
            "0d250fb3-a18a-4355-bb36-f44348fdf144",
            "48e368c1-b177-4e2c-8e40-df8030f391cf",
            "2034964e-abef-409a-8b7a-4eb184895131",
            "111bc3d2-1980-4a85-a409-1f910b69b277",
            "9d3b24e2-1699-4398-9412-8cf99d36ef86",
            "12ed0aea-b29d-4c09-8fca-e7030d31a60b",
            "49e041a2-44b4-489a-b02e-a0c0aa03683d",
            "b95d59fc-64a0-4c06-87cc-a82184a6d22a",
            "87ac0926-a131-4ac7-b82c-1f2a2b585e19",
            "2fcda75a-b19c-4bb7-9970-062723088773",
            "063c2c45-b6a9-4b18-bae2-208793f716a2",
            "867b7dfd-5e01-4961-ab93-ae96bcc3982b",
            "aab215bd-0b8d-48f1-9726-7484389415ad",
            "c362877b-e918-4fb1-8483-d3ee42fcebe7",
            "46b0492e-cf8a-4024-8c1d-5e060bf72bfb",
            "95098432-d488-4658-ae62-0d5828414d2f",
            "aa57c39b-d9c0-4c87-b9a2-1913f0f42130",
            "f79fa951-c1ca-44ed-9a09-9384c14cbe4b",
            "4dce4aa6-4cf9-4313-a3f0-63c662c14d74",
            "5a7decca-5cac-4a26-9ddf-99edf02b04dd",
            "5a8ba8c3-fa15-401f-86b0-e8a2aee45f24",
            "8ec570f5-7aa9-4aaa-a285-82954a517d58",
            "a3c8e97a-88c3-4656-8b8f-20848cfb9299",
            "8bc8dc7b-e372-47b5-b091-9f4593032e6e",
            "df67fb62-a8ea-4e4a-8188-3e737d19f15a",
            "6172a94e-9d35-4453-8f0e-f3450fd5fd90",
            "eef64e11-dcf1-4b97-a72e-fed77a1d3607",
            "4dcb1502-f545-4c85-9d9d-41c3b7c29c81"
          ]
        }
      ],
      "EntityTypes": [
        "STRUCTURED_TABLE"
      ],
      "Page": 1
    },
    {
      "BlockType": "CELL",
      "Confidence": 90.4296875,
      "RowIndex": 1,
      "ColumnIndex": 1,
      "RowSpan": 1,
      "ColumnSpan": 1,
      "Geometry": {
        "BoundingBox": {
          "Width": 0.10341527312994003,
          "Height": 0.04533727094531059,
          "Left": 0.22325381636619568,
          "Top": 0.3906114995479584
        },
        "Polygon": [
          {
            "X": 0.22325381636619568,
            "Y": 0.39078858494758606
          },
          {
            "X": 0.326342910528183,
            "Y": 0.3906114995479584
          },
          {
            "X": 0.3266690969467163,
            "Y": 0.4358025789260864
          },
          {
            "X": 0.2235448956489563,
            "Y": 0.43594875931739807
          }
        ]
      },
      "Id": "41cc6446-c4dd-44fa-817c-221a172deaf7",
      "Relationships": [
        {
          "Type": "CHILD",
          "Ids": [
            "d4d75a3a-2552-4b11-8eab-dcd6596caa3b"
          ]
        }
      ],
      "EntityTypes": [
        "COLUMN_HEADER"
      ],
      "Page": 1
    },
    {
      "BlockType": "CELL",
      "Confidence": 85.7421875,
      "RowIndex": 1,
      "ColumnIndex": 2,
      "RowSpan": 1,
      "ColumnSpan": 1,
      "Geometry": {
        "BoundingBox": {
          "Width": 0.07262071967124939,
          "Height": 0.04531524330377579,
          "Left": 0.326342910528183,
          "Top": 0.39048734307289124
        },
        "Polygon": [
          {
            "X": 0.326342910528183,
            "Y": 0.3906114995479584
          },
          {
            "X": 0.3986127972602844,
            "Y": 0.39048734307289124
          },
          {
            "X": 0.3989636301994324,
            "Y": 0.43570011854171753
          },
          {
            "X": 0.3266690969467163,
            "Y": 0.4358025789260864
          }
        ]
      },
      "Id": "a517e75a-8a84-4cf3-8eca-55ea458b3ac1",
      "Relationships": [
        {
          "Type": "CHILD",
          "Ids": [
            "13e17237-b9fb-425d-be63-b4ec792bf48b",
            "e8b5d79e-65cb-4664-bd89-7458c1f902b9"
          ]
        }
      ],
      "EntityTypes": [
        "COLUMN_HEADER"
      ],
      "Page": 1
    },
    {
      "BlockType": "CELL",
      "Confidence": 88.623046875,
      "RowIndex": 1,
      "ColumnIndex": 3,
      "RowSpan": 1,
      "ColumnSpan": 1,
      "Geometry": {
        "BoundingBox": {
          "Width": 0.08092549443244934,
          "Height": 0.04535113647580147,
          "Left": 0.3986127972602844,
          "Top": 0.39034897089004517
        },
        "Polygon": [
          {
            "X": 0.3986127972602844,
            "Y": 0.39048734307289124
          },
          {
            "X": 0.47915998101234436,
            "Y": 0.39034897089004517
          },
          {
            "X": 0.47953829169273376,
            "Y": 0.4355858862400055
          },
          {
            "X": 0.3989636301994324,
            "Y": 0.43570011854171753
          }
        ]
      },
      "Id": "0d250fb3-a18a-4355-bb36-f44348fdf144",
      "Relationships": [
        {
          "Type": "CHILD",
          "Ids": [
            "9d625553-1024-4b49-bf26-40a03f35a88c",
            "cdb23e23-2874-4c64-a285-0db99555263e"
          ]
        }
      ],
      "EntityTypes": [
        "COLUMN_HEADER"
      ],
      "Page": 1
    },
    {
      "BlockType": "CELL",
      "Confidence": 89.16015625,
      "RowIndex": 1,
      "ColumnIndex": 4,
      "RowSpan": 1,
      "ColumnSpan": 1,
      "Geometry": {
        "BoundingBox": {
          "Width": 0.10570293664932251,
          "Height": 0.04541779309511185,
          "Left": 0.47915998101234436,
          "Top": 0.39016810059547424
        },
        "Polygon": [
          {
            "X": 0.47915998101234436,
            "Y": 0.39034897089004517
          },
          {
            "X": 0.5844486355781555,
            "Y": 0.39016810059547424
          },
          {
            "X": 0.5848629474639893,
            "Y": 0.43543657660484314
          },
          {
            "X": 0.47953829169273376,
            "Y": 0.4355858862400055
          }
        ]
      },
      "Id": "48e368c1-b177-4e2c-8e40-df8030f391cf",
      "Relationships": [
        {
          "Type": "CHILD",
          "Ids": [
            "99fdeffb-ea63-4521-a04f-46e335d979fc",
            "a490cf10-4546-4fa8-a8e5-8fa934c56187"
          ]
        }
      ],
      "EntityTypes": [
        "COLUMN_HEADER"
      ],
      "Page": 1
    },
    {
      "BlockType": "CELL",
      "Confidence": 92.3828125,
      "RowIndex": 1,
      "ColumnIndex": 5,
      "RowSpan": 1,
      "ColumnSpan": 1,
      "Geometry": {
        "BoundingBox": {
          "Width": 0.18993666768074036,
          "Height": 0.04559396207332611,
          "Left": 0.5844486355781555,
          "Top": 0.3898426294326782
        },
        "Polygon": [
          {
            "X": 0.5844486355781555,
            "Y": 0.39016810059547424
          },
          {
            "X": 0.7739061713218689,
            "Y": 0.3898426294326782
          },
          {
            "X": 0.7743852734565735,
            "Y": 0.43516793847084045
          },
          {
            "X": 0.5848629474639893,
            "Y": 0.43543657660484314
          }
        ]
      },
      "Id": "2034964e-abef-409a-8b7a-4eb184895131",
      "Relationships": [
        {
          "Type": "CHILD",
          "Ids": [
            "5e6a0b81-7725-40d9-90cb-60b9b16dab20",
            "a28bd30c-02ac-4a80-bdf7-b297f0d8e45c",
            "918047a7-f588-4e49-a47b-772dbfe68b46",
            "99644b5e-f59c-4d0d-a38b-762ed8c65613",
            "63295fdc-5c38-4fe3-8f5a-44b194e44bc3",
            "5a6e838f-2523-4556-b54b-0e027eaf20b5"
          ]
        }
      ],
      "EntityTypes": [
        "COLUMN_HEADER"
      ],
      "Page": 1
    },
    {
      "BlockType": "CELL",
      "Confidence": 88.671875,
      "RowIndex": 2,
      "ColumnIndex": 1,
      "RowSpan": 1,
      "ColumnSpan": 1,
      "Geometry": {
        "BoundingBox": {
          "Width": 0.10339780896902084,
          "Height": 0.038027502596378326,
          "Left": 0.2235448956489563,
          "Top": 0.4358025789260864
        },
        "Polygon": [
          {
            "X": 0.2235448956489563,
            "Y": 0.43594875931739807
          },
          {
            "X": 0.3266690969467163,
            "Y": 0.4358025789260864
          },
          {
            "X": 0.32694271206855774,
            "Y": 0.4737098515033722
          },
          {
            "X": 0.2237890511751175,
            "Y": 0.47383007407188416
          }
        ]
      },
      "Id": "111bc3d2-1980-4a85-a409-1f910b69b277",
      "Relationships": [
        {
          "Type": "CHILD",
          "Ids": [
            "07b1e2fd-cd91-43bf-a32d-db1170fed240"
          ]
        }
      ],
      "Page": 1
    },
    {
      "BlockType": "CELL",
      "Confidence": 84.08203125,
      "RowIndex": 2,
      "ColumnIndex": 2,
      "RowSpan": 1,
      "ColumnSpan": 1,
      "Geometry": {
        "BoundingBox": {
          "Width": 0.07258880883455276,
          "Height": 0.03800974786281586,
          "Left": 0.3266690969467163,
          "Top": 0.43570011854171753
        },
        "Polygon": [
          {
            "X": 0.3266690969467163,
            "Y": 0.4358025789260864
          },
          {
            "X": 0.3989636301994324,
            "Y": 0.43570011854171753
          },
          {
            "X": 0.3992578983306885,
            "Y": 0.4736255705356598
          },
          {
            "X": 0.32694271206855774,
            "Y": 0.4737098515033722
          }
        ]
      },
      "Id": "9d3b24e2-1699-4398-9412-8cf99d36ef86",
      "Relationships": [
        {
          "Type": "CHILD",
          "Ids": [
            "48a66735-4e10-4602-bee9-b54e50dee38b"
          ]
        }
      ],
      "Page": 1
    },
    {
      "BlockType": "CELL",
      "Confidence": 86.865234375,
      "RowIndex": 2,
      "ColumnIndex": 3,
      "RowSpan": 1,
      "ColumnSpan": 1,
      "Geometry": {
        "BoundingBox": {
          "Width": 0.08089200407266617,
          "Height": 0.0380396768450737,
          "Left": 0.3989636301994324,
          "Top": 0.4355858862400055
        },
        "Polygon": [
          {
            "X": 0.3989636301994324,
            "Y": 0.43570011854171753
          },
          {
            "X": 0.47953829169273376,
            "Y": 0.4355858862400055
          },
          {
            "X": 0.47985562682151794,
            "Y": 0.4735316336154938
          },
          {
            "X": 0.3992578983306885,
            "Y": 0.4736255705356598
          }
        ]
      },
      "Id": "12ed0aea-b29d-4c09-8fca-e7030d31a60b",
      "Relationships": [
        {
          "Type": "CHILD",
          "Ids": [
            "012e71e6-9c42-4cc7-a658-bd3870101c7d"
          ]
        }
      ],
      "Page": 1
    },
    {
      "BlockType": "CELL",
      "Confidence": 87.451171875,
      "RowIndex": 2,
      "ColumnIndex": 4,
      "RowSpan": 1,
      "ColumnSpan": 1,
      "Geometry": {
        "BoundingBox": {
          "Width": 0.10567214339971542,
          "Height": 0.038095034658908844,
          "Left": 0.47953829169273376,
          "Top": 0.43543657660484314
        },
        "Polygon": [
          {
            "X": 0.47953829169273376,
            "Y": 0.4355858862400055
          },
          {
            "X": 0.5848629474639893,
            "Y": 0.43543657660484314
          },
          {
            "X": 0.5852104425430298,
            "Y": 0.4734088182449341
          },
          {
            "X": 0.47985562682151794,
            "Y": 0.4735316336154938
          }
        ]
      },
      "Id": "49e041a2-44b4-489a-b02e-a0c0aa03683d",
      "Relationships": [
        {
          "Type": "CHILD",
          "Ids": [
            "b8db1300-1a6a-4dd3-96cd-d69681aadf92"
          ]
        }
      ],
      "Page": 1
    },
    {
      "BlockType": "CELL",
      "Confidence": 90.576171875,
      "RowIndex": 2,
      "ColumnIndex": 5,
      "RowSpan": 1,
      "ColumnSpan": 1,
      "Geometry": {
        "BoundingBox": {
          "Width": 0.18992429971694946,
          "Height": 0.03824089094996452,
          "Left": 0.5848629474639893,
          "Top": 0.43516793847084045
        },
        "Polygon": [
          {
            "X": 0.5848629474639893,
            "Y": 0.43543657660484314
          },
          {
            "X": 0.7743852734565735,
            "Y": 0.43516793847084045
          },
          {
            "X": 0.7747872471809387,
            "Y": 0.4731878638267517
          },
          {
            "X": 0.5852104425430298,
            "Y": 0.4734088182449341
          }
        ]
      },
      "Id": "b95d59fc-64a0-4c06-87cc-a82184a6d22a",
      "Relationships": [
        {
          "Type": "CHILD",
          "Ids": [
            "e528d7db-81c6-431c-a005-77b65eaf54db"
          ]
        }
      ],
      "Page": 1
    },
    {
      "BlockType": "CELL",
      "Confidence": 85.595703125,
      "RowIndex": 3,
      "ColumnIndex": 1,
      "RowSpan": 1,
      "ColumnSpan": 1,
      "Geometry": {
        "BoundingBox": {
          "Width": 0.10338020324707031,
          "Height": 0.03148655220866203,
          "Left": 0.2237890511751175,
          "Top": 0.4737098515033722
        },
        "Polygon": [
          {
            "X": 0.2237890511751175,
            "Y": 0.47383007407188416
          },
          {
            "X": 0.32694271206855774,
            "Y": 0.4737098515033722
          },
          {
            "X": 0.3271692395210266,
            "Y": 0.5050976872444153
          },
          {
            "X": 0.22399121522903442,
            "Y": 0.5051963925361633
          }
        ]
      },
      "Id": "87ac0926-a131-4ac7-b82c-1f2a2b585e19",
      "Relationships": [
        {
          "Type": "CHILD",
          "Ids": [
            "23862c41-dfd7-4102-9b60-13f2de441c4e"
          ]
        }
      ],
      "Page": 1
    },
    {
      "BlockType": "CELL",
      "Confidence": 81.15234375,
      "RowIndex": 3,
      "ColumnIndex": 2,
      "RowSpan": 1,
      "ColumnSpan": 1,
      "Geometry": {
        "BoundingBox": {
          "Width": 0.07255887240171432,
          "Height": 0.0314721055328846,
          "Left": 0.32694271206855774,
          "Top": 0.4736255705356598
        },
        "Polygon": [
          {
            "X": 0.32694271206855774,
            "Y": 0.4737098515033722
          },
          {
            "X": 0.3992578983306885,
            "Y": 0.4736255705356598
          },
          {
            "X": 0.3995015621185303,
            "Y": 0.5050284266471863
          },
          {
            "X": 0.3271692395210266,
            "Y": 0.5050976872444153
          }
        ]
      },
      "Id": "2fcda75a-b19c-4bb7-9970-062723088773",
      "Relationships": [
        {
          "Type": "CHILD",
          "Ids": [
            "689975d1-03f0-4f6d-89b5-450f24270a20"
          ]
        }
      ],
      "Page": 1
    },
    {
      "BlockType": "CELL",
      "Confidence": 83.88671875,
      "RowIndex": 3,
      "ColumnIndex": 3,
      "RowSpan": 1,
      "ColumnSpan": 1,
      "Geometry": {
        "BoundingBox": {
          "Width": 0.08086048811674118,
          "Height": 0.03149683028459549,
          "Left": 0.3992578983306885,
          "Top": 0.4735316336154938
        },
        "Polygon": [
          {
            "X": 0.3992578983306885,
            "Y": 0.4736255705356598
          },
          {
            "X": 0.47985562682151794,
            "Y": 0.4735316336154938
          },
          {
            "X": 0.48011839389801025,
            "Y": 0.5049512982368469
          },
          {
            "X": 0.3995015621185303,
            "Y": 0.5050284266471863
          }
        ]
      },
      "Id": "063c2c45-b6a9-4b18-bae2-208793f716a2",
      "Relationships": [
        {
          "Type": "CHILD",
          "Ids": [
            "93251030-638e-403e-87f6-ec1071bf7e4c"
          ]
        }
      ],
      "Page": 1
    },
    {
      "BlockType": "CELL",
      "Confidence": 84.423828125,
      "RowIndex": 3,
      "ColumnIndex": 4,
      "RowSpan": 1,
      "ColumnSpan": 1,
      "Geometry": {
        "BoundingBox": {
          "Width": 0.10564255714416504,
          "Height": 0.03154248371720314,
          "Left": 0.47985562682151794,
          "Top": 0.4734088182449341
        },
        "Polygon": [
          {
            "X": 0.47985562682151794,
            "Y": 0.4735316336154938
          },
          {
            "X": 0.5852104425430298,
            "Y": 0.4734088182449341
          },
          {
            "X": 0.5854982137680054,
            "Y": 0.504850447177887
          },
          {
            "X": 0.48011839389801025,
            "Y": 0.5049512982368469
          }
        ]
      },
      "Id": "867b7dfd-5e01-4961-ab93-ae96bcc3982b",
      "Relationships": [
        {
          "Type": "CHILD",
          "Ids": [
            "37dd5434-d495-411e-b360-be7337a9cfd2"
          ]
        }
      ],
      "Page": 1
    },
    {
      "BlockType": "CELL",
      "Confidence": 87.451171875,
      "RowIndex": 3,
      "ColumnIndex": 5,
      "RowSpan": 1,
      "ColumnSpan": 1,
      "Geometry": {
        "BoundingBox": {
          "Width": 0.18990957736968994,
          "Height": 0.031662605702877045,
          "Left": 0.5852104425430298,
          "Top": 0.4731878638267517
        },
        "Polygon": [
          {
            "X": 0.5852104425430298,
            "Y": 0.4734088182449341
          },
          {
            "X": 0.7747872471809387,
            "Y": 0.4731878638267517
          },
          {
            "X": 0.7751200199127197,
            "Y": 0.5046690106391907
          },
          {
            "X": 0.5854982137680054,
            "Y": 0.504850447177887
          }
        ]
      },
      "Id": "aab215bd-0b8d-48f1-9726-7484389415ad",
      "Relationships": [
        {
          "Type": "CHILD",
          "Ids": [
            "7576b661-cef6-48fd-8a14-568796e30ac8"
          ]
        }
      ],
      "Page": 1
    },
    {
      "BlockType": "CELL",
      "Confidence": 86.328125,
      "RowIndex": 4,
      "ColumnIndex": 1,
      "RowSpan": 1,
      "ColumnSpan": 1,
      "Geometry": {
        "BoundingBox": {
          "Width": 0.1034046933054924,
          "Height": 0.03147979453206062,
          "Left": 0.22399121522903442,
          "Top": 0.5050976872444153
        },
        "Polygon": [
          {
            "X": 0.22399121522903442,
            "Y": 0.5051963925361633
          },
          {
            "X": 0.3271692395210266,
            "Y": 0.5050976872444153
          },
          {
            "X": 0.3273959159851074,
            "Y": 0.5365002751350403
          },
          {
            "X": 0.2241934835910797,
            "Y": 0.5365774631500244
          }
        ]
      },
      "Id": "c362877b-e918-4fb1-8483-d3ee42fcebe7",
      "Relationships": [
        {
          "Type": "CHILD",
          "Ids": [
            "c958d9d9-035f-4d50-9283-8adf6a9b0cb2"
          ]
        }
      ],
      "Page": 1
    },
    {
      "BlockType": "CELL",
      "Confidence": 81.884765625,
      "RowIndex": 4,
      "ColumnIndex": 2,
      "RowSpan": 1,
      "ColumnSpan": 1,
      "Geometry": {
        "BoundingBox": {
          "Width": 0.07257609814405441,
          "Height": 0.03147179260849953,
          "Left": 0.3271692395210266,
          "Top": 0.5050284266471863
        },
        "Polygon": [
          {
            "X": 0.3271692395210266,
            "Y": 0.5050976872444153
          },
          {
            "X": 0.3995015621185303,
            "Y": 0.5050284266471863
          },
          {
            "X": 0.3997453451156616,
            "Y": 0.5364460945129395
          },
          {
            "X": 0.3273959159851074,
            "Y": 0.5365002751350403
          }
        ]
      },
      "Id": "46b0492e-cf8a-4024-8c1d-5e060bf72bfb",
      "Relationships": [
        {
          "Type": "CHILD",
          "Ids": [
            "2fd24039-b791-42f2-be82-4cd5b276ef2c"
          ]
        }
      ],
      "Page": 1
    },
    {
      "BlockType": "CELL",
      "Confidence": 84.619140625,
      "RowIndex": 4,
      "ColumnIndex": 3,
      "RowSpan": 1,
      "ColumnSpan": 1,
      "Geometry": {
        "BoundingBox": {
          "Width": 0.08087971061468124,
          "Height": 0.031494803726673126,
          "Left": 0.3995015621185303,
          "Top": 0.5049512982368469
        },
        "Polygon": [
          {
            "X": 0.3995015621185303,
            "Y": 0.5050284266471863
          },
          {
            "X": 0.48011839389801025,
            "Y": 0.5049512982368469
          },
          {
            "X": 0.4803812801837921,
            "Y": 0.5363857746124268
          },
          {
            "X": 0.3997453451156616,
            "Y": 0.5364460945129395
          }
        ]
      },
      "Id": "95098432-d488-4658-ae62-0d5828414d2f",
      "Relationships": [
        {
          "Type": "CHILD",
          "Ids": [
            "8ccacebd-2ccc-4fcf-8e12-0babc03cd636"
          ]
        }
      ],
      "Page": 1
    },
    {
      "BlockType": "CELL",
      "Confidence": 85.15625,
      "RowIndex": 4,
      "ColumnIndex": 4,
      "RowSpan": 1,
      "ColumnSpan": 1,
      "Geometry": {
        "BoundingBox": {
          "Width": 0.10566768050193787,
          "Height": 0.0315353162586689,
          "Left": 0.48011839389801025,
          "Top": 0.504850447177887
        },
        "Polygon": [
          {
            "X": 0.48011839389801025,
            "Y": 0.5049512982368469
          },
          {
            "X": 0.5854982137680054,
            "Y": 0.504850447177887
          },
          {
            "X": 0.5857860445976257,
            "Y": 0.5363069176673889
          },
          {
            "X": 0.4803812801837921,
            "Y": 0.5363857746124268
          }
        ]
      },
      "Id": "aa57c39b-d9c0-4c87-b9a2-1913f0f42130",
      "Relationships": [
        {
          "Type": "CHILD",
          "Ids": [
            "de39884e-265f-4821-8da1-1a8727bc522a"
          ]
        }
      ],
      "Page": 1
    },
    {
      "BlockType": "CELL",
      "Confidence": 88.18359375,
      "RowIndex": 4,
      "ColumnIndex": 5,
      "RowSpan": 1,
      "ColumnSpan": 1,
      "Geometry": {
        "BoundingBox": {
          "Width": 0.18995478749275208,
          "Height": 0.03163790702819824,
          "Left": 0.5854982137680054,
          "Top": 0.5046690106391907
        },
        "Polygon": [
          {
            "X": 0.5854982137680054,
            "Y": 0.504850447177887
          },
          {
            "X": 0.7751200199127197,
            "Y": 0.5046690106391907
          },
          {
            "X": 0.7754529714584351,
            "Y": 0.5361649990081787
          },
          {
            "X": 0.5857860445976257,
            "Y": 0.5363069176673889
          }
        ]
      },
      "Id": "f79fa951-c1ca-44ed-9a09-9384c14cbe4b",
      "Relationships": [
        {
          "Type": "CHILD",
          "Ids": [
            "6b5f79b6-1ff9-4bdf-ad47-d43a778c313c"
          ]
        }
      ],
      "Page": 1
    },
    {
      "BlockType": "CELL",
      "Confidence": 84.228515625,
      "RowIndex": 5,
      "ColumnIndex": 1,
      "RowSpan": 1,
      "ColumnSpan": 1,
      "Geometry": {
        "BoundingBox": {
          "Width": 0.10341974347829819,
          "Height": 0.030164571478962898,
          "Left": 0.2241934835910797,
          "Top": 0.5365002751350403
        },
        "Polygon": [
          {
            "X": 0.2241934835910797,
            "Y": 0.5365774631500244
          },
          {
            "X": 0.3273959159851074,
            "Y": 0.5365002751350403
          },
          {
            "X": 0.3276132345199585,
            "Y": 0.5666082501411438
          },
          {
            "X": 0.22438740730285645,
            "Y": 0.5666648149490356
          }
        ]
      },
      "Id": "4dce4aa6-4cf9-4313-a3f0-63c662c14d74",
      "Relationships": [
        {
          "Type": "CHILD",
          "Ids": [
            "fd446f84-fa7c-4a3f-b48b-dd4758ece01b"
          ]
        }
      ],
      "Page": 1
    },
    {
      "BlockType": "CELL",
      "Confidence": 79.8828125,
      "RowIndex": 5,
      "ColumnIndex": 2,
      "RowSpan": 1,
      "ColumnSpan": 1,
      "Geometry": {
        "BoundingBox": {
          "Width": 0.0725831687450409,
          "Height": 0.030162125825881958,
          "Left": 0.3273959159851074,
          "Top": 0.5364460945129395
        },
        "Polygon": [
          {
            "X": 0.3273959159851074,
            "Y": 0.5365002751350403
          },
          {
            "X": 0.3997453451156616,
            "Y": 0.5364460945129395
          },
          {
            "X": 0.3999790847301483,
            "Y": 0.5665685534477234
          },
          {
            "X": 0.3276132345199585,
            "Y": 0.5666082501411438
          }
        ]
      },
      "Id": "5a7decca-5cac-4a26-9ddf-99edf02b04dd",
      "Relationships": [
        {
          "Type": "CHILD",
          "Ids": [
            "14c6545c-c102-4955-9188-0d0dbf9ba8ec"
          ]
        }
      ],
      "Page": 1
    },
    {
      "BlockType": "CELL",
      "Confidence": 82.568359375,
      "RowIndex": 5,
      "ColumnIndex": 3,
      "RowSpan": 1,
      "ColumnSpan": 1,
      "Geometry": {
        "BoundingBox": {
          "Width": 0.08088797330856323,
          "Height": 0.030182795599102974,
          "Left": 0.3997453451156616,
          "Top": 0.5363857746124268
        },
        "Polygon": [
          {
            "X": 0.3997453451156616,
            "Y": 0.5364460945129395
          },
          {
            "X": 0.4803812801837921,
            "Y": 0.5363857746124268
          },
          {
            "X": 0.48063331842422485,
            "Y": 0.5665243864059448
          },
          {
            "X": 0.3999790847301483,
            "Y": 0.5665685534477234
          }
        ]
      },
      "Id": "5a8ba8c3-fa15-401f-86b0-e8a2aee45f24",
      "Relationships": [
        {
          "Type": "CHILD",
          "Ids": [
            "c549d3a0-5dd1-4b85-9e10-01f98b620e69"
          ]
        }
      ],
      "Page": 1
    },
    {
      "BlockType": "CELL",
      "Confidence": 83.056640625,
      "RowIndex": 5,
      "ColumnIndex": 4,
      "RowSpan": 1,
      "ColumnSpan": 1,
      "Geometry": {
        "BoundingBox": {
          "Width": 0.10568080842494965,
          "Height": 0.030217455700039864,
          "Left": 0.4803812801837921,
          "Top": 0.5363069176673889
        },
        "Polygon": [
          {
            "X": 0.4803812801837921,
            "Y": 0.5363857746124268
          },
          {
            "X": 0.5857860445976257,
            "Y": 0.5363069176673889
          },
          {
            "X": 0.5860620737075806,
            "Y": 0.5664665699005127
          },
          {
            "X": 0.48063331842422485,
            "Y": 0.5665243864059448
          }
        ]
      },
      "Id": "8ec570f5-7aa9-4aaa-a285-82954a517d58",
      "Relationships": [
        {
          "Type": "CHILD",
          "Ids": [
            "a80292d4-b7e9-4819-aa96-c6e0b875b910"
          ]
        }
      ],
      "Page": 1
    },
    {
      "BlockType": "CELL",
      "Confidence": 86.03515625,
      "RowIndex": 5,
      "ColumnIndex": 5,
      "RowSpan": 1,
      "ColumnSpan": 1,
      "Geometry": {
        "BoundingBox": {
          "Width": 0.18998613953590393,
          "Height": 0.03030158206820488,
          "Left": 0.5857860445976257,
          "Top": 0.5361649990081787
        },
        "Polygon": [
          {
            "X": 0.5857860445976257,
            "Y": 0.5363069176673889
          },
          {
            "X": 0.7754529714584351,
            "Y": 0.5361649990081787
          },
          {
            "X": 0.775772213935852,
            "Y": 0.5663626194000244
          },
          {
            "X": 0.5860620737075806,
            "Y": 0.5664665699005127
          }
        ]
      },
      "Id": "a3c8e97a-88c3-4656-8b8f-20848cfb9299",
      "Relationships": [
        {
          "Type": "CHILD",
          "Ids": [
            "c0cb6e50-5270-4d26-9d34-be813f54751c"
          ]
        }
      ],
      "Page": 1
    },
    {
      "BlockType": "CELL",
      "Confidence": 91.2109375,
      "RowIndex": 6,
      "ColumnIndex": 1,
      "RowSpan": 1,
      "ColumnSpan": 1,
      "Geometry": {
        "BoundingBox": {
          "Width": 0.10353197902441025,
          "Height": 0.04244465380907059,
          "Left": 0.22438740730285645,
          "Top": 0.5666082501411438
        },
        "Polygon": [
          {
            "X": 0.22438740730285645,
            "Y": 0.5666648149490356
          },
          {
            "X": 0.3276132345199585,
            "Y": 0.5666082501411438
          },
          {
            "X": 0.3279193937778473,
            "Y": 0.6090254187583923
          },
          {
            "X": 0.22466060519218445,
            "Y": 0.6090528964996338
          }
        ]
      },
      "Id": "8bc8dc7b-e372-47b5-b091-9f4593032e6e",
      "Relationships": [
        {
          "Type": "CHILD",
          "Ids": [
            "c88da959-3f99-44e2-acf8-556654da5925"
          ]
        }
      ],
      "Page": 1
    },
    {
      "BlockType": "CELL",
      "Confidence": 86.474609375,
      "RowIndex": 6,
      "ColumnIndex": 2,
      "RowSpan": 1,
      "ColumnSpan": 1,
      "Geometry": {
        "BoundingBox": {
          "Width": 0.07269514352083206,
          "Height": 0.04245683178305626,
          "Left": 0.3276132345199585,
          "Top": 0.5665685534477234
        },
        "Polygon": [
          {
            "X": 0.3276132345199585,
            "Y": 0.5666082501411438
          },
          {
            "X": 0.3999790847301483,
            "Y": 0.5665685534477234
          },
          {
            "X": 0.40030837059020996,
            "Y": 0.6090061664581299
          },
          {
            "X": 0.3279193937778473,
            "Y": 0.6090254187583923
          }
        ]
      },
      "Id": "df67fb62-a8ea-4e4a-8188-3e737d19f15a",
      "Relationships": [
        {
          "Type": "CHILD",
          "Ids": [
            "d62fe332-bffa-42e7-b016-3f83c6835439"
          ]
        }
      ],
      "Page": 1
    },
    {
      "BlockType": "CELL",
      "Confidence": 89.404296875,
      "RowIndex": 6,
      "ColumnIndex": 3,
      "RowSpan": 1,
      "ColumnSpan": 1,
      "Geometry": {
        "BoundingBox": {
          "Width": 0.08100932836532593,
          "Height": 0.04248176887631416,
          "Left": 0.3999790847301483,
          "Top": 0.5665243864059448
        },
        "Polygon": [
          {
            "X": 0.3999790847301483,
            "Y": 0.5665685534477234
          },
          {
            "X": 0.48063331842422485,
            "Y": 0.5665243864059448
          },
          {
            "X": 0.48098841309547424,
            "Y": 0.608984649181366
          },
          {
            "X": 0.40030837059020996,
            "Y": 0.6090061664581299
          }
        ]
      },
      "Id": "6172a94e-9d35-4453-8f0e-f3450fd5fd90",
      "Relationships": [
        {
          "Type": "CHILD",
          "Ids": [
            "4cb6228f-6183-4bc9-af4c-13f2661cd5ec"
          ]
        }
      ],
      "Page": 1
    },
    {
      "BlockType": "CELL",
      "Confidence": 89.94140625,
      "RowIndex": 6,
      "ColumnIndex": 4,
      "RowSpan": 1,
      "ColumnSpan": 1,
      "Geometry": {
        "BoundingBox": {
          "Width": 0.10581762343645096,
          "Height": 0.04251808300614357,
          "Left": 0.48063331842422485,
          "Top": 0.5664665699005127
        },
        "Polygon": [
          {
            "X": 0.48063331842422485,
            "Y": 0.5665243864059448
          },
          {
            "X": 0.5860620737075806,
            "Y": 0.5664665699005127
          },
          {
            "X": 0.5864509344100952,
            "Y": 0.6089565753936768
          },
          {
            "X": 0.48098841309547424,
            "Y": 0.608984649181366
          }
        ]
      },
      "Id": "eef64e11-dcf1-4b97-a72e-fed77a1d3607",
      "Relationships": [
        {
          "Type": "CHILD",
          "Ids": [
            "74212423-241e-4326-b5a1-4d6560b3f5ce"
          ]
        }
      ],
      "Page": 1
    },
    {
      "BlockType": "CELL",
      "Confidence": 93.1640625,
      "RowIndex": 6,
      "ColumnIndex": 5,
      "RowSpan": 1,
      "ColumnSpan": 1,
      "Geometry": {
        "BoundingBox": {
          "Width": 0.190159872174263,
          "Height": 0.04259399324655533,
          "Left": 0.5860620737075806,
          "Top": 0.5663626194000244
        },
        "Polygon": [
          {
            "X": 0.5860620737075806,
            "Y": 0.5664665699005127
          },
          {
            "X": 0.775772213935852,
            "Y": 0.5663626194000244
          },
          {
            "X": 0.7762219309806824,
            "Y": 0.608906090259552
          },
          {
            "X": 0.5864509344100952,
            "Y": 0.6089565753936768
          }
        ]
      },
      "Id": "4dcb1502-f545-4c85-9d9d-41c3b7c29c81",
      "Relationships": [
        {
          "Type": "CHILD",
          "Ids": [
            "12a3db07-a375-42e3-92a7-35f8ccf72bf5"
          ]
        }
      ],
      "Page": 1
    }
  ],
  "AnalyzeDocumentModelVersion": "1.0"
}