{
  "DocumentMetadata": {
    "Pages": 1
  },
  "JobStatus": "SUCCEEDED",
  "Blocks": [
    {
      "BlockType": "PAGE",
      "Geometry": {
        "BoundingBox": {
          "Width": 1,
          "Height": 1,
          "Left": 0,
          "Top": 0
        },
        "Polygon": [
          {
            "X": 0,
            "Y": 0.00002902502274082508
          },
          {
            "X": 1,
            "Y": 0
          },
          {
            "X": 1,
            "Y": 1
          },
          {
            "X": 0.000014379798813024536,
            "Y": 1
          }
        ]
      },
      "Id": "e6af81da-ca08-47c4-bebe-d7b8fbc0fd57",
      "Relationships": [
        {
          "Type": "CHILD",
          "Ids": [
            "0811b119-e401-48f9-a4cd-2ed7e4908e06",
            "94a493e2-a88f-4601-b204-81a82440a226",
            "e650670d-e76f-4613-a4c7-4769fd8c3424",
            "1f0b1a45-c3b1-453b-96bf-1de5a861fa85",
            "91520084-20d9-4937-a9c2-245019195b25",
            "09be1bdc-c536-4b5a-afa9-acca3b708890",
            "3278d46d-34a5-4116-add8-5488bda5314c",
            "ba122321-a9be-493a-82de-e0246ed70cb2",
            "cec5b79b-4c50-49da-a235-b84ab261443a",
            "07a6f4d2-0bf6-46d0-8ae4-7aacc5725fca",
            "3c8045f9-3738-473b-a330-0ce219ec0b8f",
            "33cc9ced-400e-479f-af28-d2d64d951638",
            "333c4299-6dce-4a91-a853-5607230b5fa1",
            "55db3135-c9c8-45c1-a0f4-864a4e6baefe",
            "b7715a3b-542b-44eb-9d7e-906cc48cfeeb",
            "6dd725d3-7fb1-43b5-bb05-e39ea3d8891d",
            "08204d59-f256-473c-81b3-47cd564c2a93",
            "d82d93f7-6475-4608-859a-dedc49982aec",
            "260876a8-e7ab-4749-8dee-8bdfe95be99b",
            "3302c839-1013-420c-808b-7c742db603ef",
            "cbdb3ab0-43ed-493c-b595-b1677e8610a5",
            "533b2304-d3af-4e13-9fc3-7bf0e294bd3c"
          ]
        }
      ],
      "Page": 1
    },
    {
      "BlockType": "LINE",
      "Confidence": 99.85028839111328,
      "Text": "N content (%)",
      "Geometry": {
        "BoundingBox": {
          "Width": 0.05592520534992218,
          "Height": 0.02646947279572487,
          "Left": 0.25287842750549316,
          "Top": 0.4270068407058716
        },
        "Polygon": [
          {
            "X": 0.25287842750549316,
            "Y": 0.42707154154777527
          },
          {
            "X": 0.3084429204463959,
            "Y": 0.4270068407058716
          },
          {
            "X": 0.30880361795425415,
            "Y": 0.45341721177101135
          },
          {
            "X": 0.25322362780570984,
            "Y": 0.45347630977630615
          }
        ]
      },
      "Id": "0811b119-e401-48f9-a4cd-2ed7e4908e06",
      "Relationships": [
        {
          "Type": "CHILD",
          "Ids": [
            "aedaa225-0188-4242-ac71-2d5f8cd35562",
            "45b11deb-8452-4c68-a14d-baae18c7d90a",
            "2eae4029-8bc5-43cc-8fd3-ab84c5279088"
          ]
        }
      ],
      "Page": 1
    },
    {
      "BlockType": "LINE",
      "Confidence": 99.3231201171875,
      "Text": "S content (%)",
      "Geometry": {
        "BoundingBox": {
          "Width": 0.054207880049943924,
          "Height": 0.026238400489091873,
          "Left": 0.34826284646987915,
          "Top": 0.4270314574241638
        },
        "Polygon": [
          {
            "X": 0.34826284646987915,
            "Y": 0.42709410190582275
          },
          {
            "X": 0.40208742022514343,
            "Y": 0.4270314574241638
          },
          {
            "X": 0.40247073769569397,
            "Y": 0.45321258902549744
          },
          {
            "X": 0.3486312925815582,
            "Y": 0.4532698690891266
          }
        ]
      },
      "Id": "94a493e2-a88f-4601-b204-81a82440a226",
      "Relationships": [
        {
          "Type": "CHILD",
          "Ids": [
            "52abe10c-5c97-4a2d-b9a7-3c7e0424fe26",
            "b34fbd04-2d54-4e73-b9bc-e220530ff224",
            "31ab56dd-339f-4954-a1c1-9a33d14a2a0a"
          ]
        }
      ],
      "Page": 1
    },
    {
      "BlockType": "LINE",
      "Confidence": 99.91278076171875,
      "Text": "Functional group content",
      "Geometry": {
        "BoundingBox": {
          "Width": 0.10451415181159973,
          "Height": 0.027542702853679657,
          "Left": 0.44178450107574463,
          "Top": 0.4261946976184845
        },
        "Polygon": [
          {
            "X": 0.44178450107574463,
            "Y": 0.4263160824775696
          },
          {
            "X": 0.5458555817604065,
            "Y": 0.4261946976184845
          },
          {
            "X": 0.546298623085022,
            "Y": 0.4536269009113312
          },
          {
            "X": 0.44219741225242615,
            "Y": 0.45373740792274475
          }
        ]
      },
      "Id": "e650670d-e76f-4613-a4c7-4769fd8c3424",
      "Relationships": [
        {
          "Type": "CHILD",
          "Ids": [
            "58740537-ac19-4823-8e5b-6017bf37ae2e",
            "7ca4c049-58fe-4a3c-9bde-bd28793a8433",
            "a79fb107-f2f8-4bd9-b61b-92c35b419e7a"
          ]
        }
      ],
      "Page": 1
    },
    {
      "BlockType": "LINE",
      "Confidence": 99.96571350097656,
      "Text": "Functional group",
      "Geometry": {
        "BoundingBox": {
          "Width": 0.0704311728477478,
          "Height": 0.027508316561579704,
          "Left": 0.5855785608291626,
          "Top": 0.42655149102211
        },
        "Polygon": [
          {
            "X": 0.5855785608291626,
            "Y": 0.42663294076919556
          },
          {
            "X": 0.6555350422859192,
            "Y": 0.42655149102211
          },
          {
            "X": 0.6560097336769104,
            "Y": 0.45398566126823425
          },
          {
            "X": 0.5860329866409302,
            "Y": 0.45405980944633484
          }
        ]
      },
      "Id": "1f0b1a45-c3b1-453b-96bf-1de5a861fa85",
      "Relationships": [
        {
          "Type": "CHILD",
          "Ids": [
            "5d12bf0c-b7f4-45f6-89be-d5007100441d",
            "694cf5ae-88da-424c-8e5f-fd3507a59d03"
          ]
        }
      ],
      "Page": 1
    },
    {
      "BlockType": "LINE",
      "Confidence": 99.76497650146484,
      "Text": "Specific surf. area",
      "Geometry": {
        "BoundingBox": {
          "Width": 0.07276061922311783,
          "Height": 0.027676401659846306,
          "Left": 0.6952053308486938,
          "Top": 0.4261503517627716
        },
        "Polygon": [
          {
            "X": 0.6952053308486938,
            "Y": 0.42623457312583923
          },
          {
            "X": 0.7674558758735657,
            "Y": 0.4261503517627716
          },
          {
            "X": 0.7679659128189087,
            "Y": 0.4537501633167267
          },
          {
            "X": 0.6956942677497864,
            "Y": 0.45382675528526306
          }
        ]
      },
      "Id": "91520084-20d9-4937-a9c2-245019195b25",
      "Relationships": [
        {
          "Type": "CHILD",
          "Ids": [
            "0791fd83-ca43-4cb5-a5e4-4cff85d86ec6",
            "7c835cd9-22f1-4cc7-b8e2-54ac560adeee",
            "00e22765-edf3-4acd-a1f3-91bc8101e58e"
          ]
        }
      ],
      "Page": 1
    },
    {
      "BlockType": "LINE",
      "Confidence": 99.93791961669922,
      "Text": "Mean pore",
      "Geometry": {
        "BoundingBox": {
          "Width": 0.04460333660244942,
          "Height": 0.026048477739095688,
          "Left": 0.8078421950340271,
          "Top": 0.42765456438064575
        },
        "Polygon": [
          {
            "X": 0.8078421950340271,
            "Y": 0.42770570516586304
          },
          {
            "X": 0.8519419431686401,
            "Y": 0.42765456438064575
          },
          {
            "X": 0.8524455428123474,
            "Y": 0.45365628600120544
          },
          {
            "X": 0.8083336353302002,
            "Y": 0.45370304584503174
          }
        ]
      },
      "Id": "09be1bdc-c536-4b5a-afa9-acca3b708890",
      "Relationships": [
        {
          "Type": "CHILD",
          "Ids": [
            "f6a1ec2a-fa22-49ab-b1c5-f2487bc4a482",
            "d6ed31d6-08a6-45a2-b602-b5616e17e246"
          ]
        }
      ],
      "Page": 1
    },
    {
      "BlockType": "LINE",
      "Confidence": 99.84906005859375,
      "Text": "conversion (%)",
      "Geometry": {
        "BoundingBox": {
          "Width": 0.06004635617136955,
          "Height": 0.026410095393657684,
          "Left": 0.5856402516365051,
          "Top": 0.45993560552597046
        },
        "Polygon": [
          {
            "X": 0.5856402516365051,
            "Y": 0.45999741554260254
          },
          {
            "X": 0.6452335715293884,
            "Y": 0.45993560552597046
          },
          {
            "X": 0.6456865668296814,
            "Y": 0.486289918422699
          },
          {
            "X": 0.5860766768455505,
            "Y": 0.48634570837020874
          }
        ]
      },
      "Id": "3278d46d-34a5-4116-add8-5488bda5314c",
      "Relationships": [
        {
          "Type": "CHILD",
          "Ids": [
            "c7dc4eeb-aa2e-4755-acc1-4d6ee3d8853c",
            "943c5a03-b7cd-449a-b565-e425a6ddfab3"
          ]
        }
      ],
      "Page": 1
    },
    {
      "BlockType": "LINE",
      "Confidence": 42.74873352050781,
      "Text": "(m ²/g)",
      "Geometry": {
        "BoundingBox": {
          "Width": 0.027247754856944084,
          "Height": 0.029400279745459557,
          "Left": 0.6952323317527771,
          "Top": 0.45787450671195984
        },
        "Polygon": [
          {
            "X": 0.6952323317527771,
            "Y": 0.4579024314880371
          },
          {
            "X": 0.7219514846801758,
            "Y": 0.45787450671195984
          },
          {
            "X": 0.722480058670044,
            "Y": 0.48724988102912903
          },
          {
            "X": 0.6957526206970215,
            "Y": 0.48727479577064514
          }
        ]
      },
      "Id": "ba122321-a9be-493a-82de-e0246ed70cb2",
      "Relationships": [
        {
          "Type": "CHILD",
          "Ids": [
            "8a1e1a27-2fc4-42b8-a050-7b8567ab2b3f"
          ]
        }
      ],
      "Page": 1
    },
    {
      "BlockType": "LINE",
      "Confidence": 98.39908599853516,
      "Text": "size (nm)",
      "Geometry": {
        "BoundingBox": {
          "Width": 0.039496518671512604,
          "Height": 0.026940034702420235,
          "Left": 0.807562530040741,
          "Top": 0.4595451354980469
        },
        "Polygon": [
          {
            "X": 0.807562530040741,
            "Y": 0.459585577249527
          },
          {
            "X": 0.8465397357940674,
            "Y": 0.4595451354980469
          },
          {
            "X": 0.8470590710639954,
            "Y": 0.486448734998703
          },
          {
            "X": 0.8080707788467407,
            "Y": 0.48648518323898315
          }
        ]
      },
      "Id": "cec5b79b-4c50-49da-a235-b84ab261443a",
      "Relationships": [
        {
          "Type": "CHILD",
          "Ids": [
            "0971ac9d-f4d2-4743-827e-ef10f37f0b60",
            "e27ea8dd-33ab-4c55-9b8f-e7c20509a945"
          ]
        }
      ],
      "Page": 1
    },
    {
      "BlockType": "LINE",
      "Confidence": 99.9278335571289,
      "Text": "PAN",
      "Geometry": {
        "BoundingBox": {
          "Width": 0.017519015818834305,
          "Height": 0.020169254392385483,
          "Left": 0.1732490509748459,
          "Top": 0.5088432431221008
        },
        "Polygon": [
          {
            "X": 0.1732490509748459,
            "Y": 0.5088579654693604
          },
          {
            "X": 0.19051797688007355,
            "Y": 0.5088432431221008
          },
          {
            "X": 0.1907680630683899,
            "Y": 0.5289991497993469
          },
          {
            "X": 0.17349547147750854,
            "Y": 0.5290125012397766
          }
        ]
      },
      "Id": "07a6f4d2-0bf6-46d0-8ae4-7aacc5725fca",
      "Relationships": [
        {
          "Type": "CHILD",
          "Ids": [
            "1a3c73db-2000-429e-8df5-9a72907ccf89"
          ]
        }
      ],
      "Page": 1
    },
    {
      "BlockType": "LINE",
      "Confidence": 98.8941650390625,
      "Text": "22.18",
      "Geometry": {
        "BoundingBox": {
          "Width": 0.02272273227572441,
          "Height": 0.021028276532888412,
          "Left": 0.2528679668903351,
          "Top": 0.5088469982147217
        },
        "Polygon": [
          {
            "X": 0.2528679668903351,
            "Y": 0.5088660717010498
          },
          {
            "X": 0.27531132102012634,
            "Y": 0.5088469982147217
          },
          {
            "X": 0.275590717792511,
            "Y": 0.5298579931259155
          },
          {
            "X": 0.25314241647720337,
            "Y": 0.5298752784729004
          }
        ]
      },
      "Id": "3c8045f9-3738-473b-a330-0ce219ec0b8f",
      "Relationships": [
        {
          "Type": "CHILD",
          "Ids": [
            "3427b46f-9c35-498e-a985-9697288adca9"
          ]
        }
      ],
      "Page": 1
    },
    {
      "BlockType": "LINE",
      "Confidence": 99.59754180908203,
      "Text": "15.83 CN mmol/g",
      "Geometry": {
        "BoundingBox": {
          "Width": 0.07232027500867844,
          "Height": 0.026674961671233177,
          "Left": 0.44248831272125244,
          "Top": 0.508316159248352
        },
        "Polygon": [
          {
            "X": 0.44248831272125244,
            "Y": 0.5083774328231812
          },
          {
            "X": 0.5143877863883972,
            "Y": 0.508316159248352
          },
          {
            "X": 0.5148085951805115,
            "Y": 0.5349371433258057
          },
          {
            "X": 0.44288891553878784,
            "Y": 0.5349911451339722
          }
        ]
      },
      "Id": "33cc9ced-400e-479f-af28-d2d64d951638",
      "Relationships": [
        {
          "Type": "CHILD",
          "Ids": [
            "32d41d07-63bc-402b-a1c9-4fed43ab7ab9",
            "7e73d04a-b349-4f43-bb48-6a94e380a518",
            "1db77557-36c4-43ec-9e4a-d4e58ef7a085"
          ]
        }
      ],
      "Page": 1
    },
    {
      "BlockType": "LINE",
      "Confidence": 92.5267562866211,
      "Text": "27.80",
      "Geometry": {
        "BoundingBox": {
          "Width": 0.02315978892147541,
          "Height": 0.020969722419977188,
          "Left": 0.6954593658447266,
          "Top": 0.508891761302948
        },
        "Polygon": [
          {
            "X": 0.6954593658447266,
            "Y": 0.5089110732078552
          },
          {
            "X": 0.7182431221008301,
            "Y": 0.508891761302948
          },
          {
            "X": 0.7186191082000732,
            "Y": 0.5298439264297485
          },
          {
            "X": 0.6958303451538086,
            "Y": 0.5298614501953125
          }
        ]
      },
      "Id": "333c4299-6dce-4a91-a853-5607230b5fa1",
      "Relationships": [
        {
          "Type": "CHILD",
          "Ids": [
            "9d8cfe30-82a1-4ae2-bb70-141d87c73ca2"
          ]
        }
      ],
      "Page": 1
    },
    {
      "BlockType": "LINE",
      "Confidence": 81.19486236572266,
      "Text": "25.1",
      "Geometry": {
        "BoundingBox": {
          "Width": 0.01704033464193344,
          "Height": 0.019965942949056625,
          "Left": 0.8075985908508301,
          "Top": 0.5093565583229065
        },
        "Polygon": [
          {
            "X": 0.8075985908508301,
            "Y": 0.5093706250190735
          },
          {
            "X": 0.8242586255073547,
            "Y": 0.5093565583229065
          },
          {
            "X": 0.8246389031410217,
            "Y": 0.5293096303939819
          },
          {
            "X": 0.8079753518104553,
            "Y": 0.5293224453926086
          }
        ]
      },
      "Id": "55db3135-c9c8-45c1-a0f4-864a4e6baefe",
      "Relationships": [
        {
          "Type": "CHILD",
          "Ids": [
            "ae76754f-faba-4c54-88ed-bc3f9543e61a"
          ]
        }
      ],
      "Page": 1
    },
    {
      "BlockType": "LINE",
      "Confidence": 99.30164337158203,
      "Text": "PAN-ATD",
      "Geometry": {
        "BoundingBox": {
          "Width": 0.03989787772297859,
          "Height": 0.02034289576113224,
          "Left": 0.17314496636390686,
          "Top": 0.5416614413261414
        },
        "Polygon": [
          {
            "X": 0.17314496636390686,
            "Y": 0.5416901707649231
          },
          {
            "X": 0.21278609335422516,
            "Y": 0.5416614413261414
          },
          {
            "X": 0.21304285526275635,
            "Y": 0.5619786381721497
          },
          {
            "X": 0.17339323461055756,
            "Y": 0.5620043277740479
          }
        ]
      },
      "Id": "b7715a3b-542b-44eb-9d7e-906cc48cfeeb",
      "Relationships": [
        {
          "Type": "CHILD",
          "Ids": [
            "70f985c0-9da1-4380-ad28-acf59a3372c8"
          ]
        }
      ],
      "Page": 1
    },
    {
      "BlockType": "LINE",
      "Confidence": 78.62202453613281,
      "Text": "14.37",
      "Geometry": {
        "BoundingBox": {
          "Width": 0.02222396805882454,
          "Height": 0.02098226547241211,
          "Left": 0.2534862160682678,
          "Top": 0.541664719581604
        },
        "Polygon": [
          {
            "X": 0.2534862160682678,
            "Y": 0.541680634021759
          },
          {
            "X": 0.27543142437934875,
            "Y": 0.541664719581604
          },
          {
            "X": 0.27571019530296326,
            "Y": 0.5626328587532043
          },
          {
            "X": 0.25376012921333313,
            "Y": 0.5626469850540161
          }
        ]
      },
      "Id": "6dd725d3-7fb1-43b5-bb05-e39ea3d8891d",
      "Relationships": [
        {
          "Type": "CHILD",
          "Ids": [
            "0d8bbaaa-43a8-4496-992b-283c5e418ee4"
          ]
        }
      ],
      "Page": 1
    },
    {
      "BlockType": "LINE",
      "Confidence": 99.69743347167969,
      "Text": "11.38",
      "Geometry": {
        "BoundingBox": {
          "Width": 0.022216135635972023,
          "Height": 0.020616307854652405,
          "Left": 0.34907400608062744,
          "Top": 0.5419486165046692
        },
        "Polygon": [
          {
            "X": 0.34907400608062744,
            "Y": 0.5419645309448242
          },
          {
            "X": 0.37099558115005493,
            "Y": 0.5419486165046692
          },
          {
            "X": 0.3712901473045349,
            "Y": 0.5625507831573486
          },
          {
            "X": 0.349363774061203,
            "Y": 0.5625649690628052
          }
        ]
      },
      "Id": "08204d59-f256-473c-81b3-47cd564c2a93",
      "Relationships": [
        {
          "Type": "CHILD",
          "Ids": [
            "7eb108d2-82fa-46ee-b78d-21b8be6ceb24"
          ]
        }
      ],
      "Page": 1
    },
    {
      "BlockType": "LINE",
      "Confidence": 97.36876678466797,
      "Text": "3.55 ATD mmol/g",
      "Geometry": {
        "BoundingBox": {
          "Width": 0.07289127260446548,
          "Height": 0.027122002094984055,
          "Left": 0.4418504238128662,
          "Top": 0.5407108068466187
        },
        "Polygon": [
          {
            "X": 0.4418504238128662,
            "Y": 0.5407635569572449
          },
          {
            "X": 0.514313817024231,
            "Y": 0.5407108068466187
          },
          {
            "X": 0.5147416591644287,
            "Y": 0.5677875280380249
          },
          {
            "X": 0.4422575533390045,
            "Y": 0.5678328275680542
          }
        ]
      },
      "Id": "d82d93f7-6475-4608-859a-dedc49982aec",
      "Relationships": [
        {
          "Type": "CHILD",
          "Ids": [
            "393c7ae7-b671-42df-bd77-077bbd6d0297",
            "d1d961d6-d2be-4b73-8a69-71b3f406a695",
            "fee1fc96-132e-432c-a1cd-3a3d6659edae"
          ]
        }
      ],
      "Page": 1
    },
    {
      "BlockType": "LINE",
      "Confidence": 86.4874267578125,
      "Text": "34.92",
      "Geometry": {
        "BoundingBox": {
          "Width": 0.02266319841146469,
          "Height": 0.021299341693520546,
          "Left": 0.5856639742851257,
          "Top": 0.5416011214256287
        },
        "Polygon": [
          {
            "X": 0.5856639742851257,
            "Y": 0.5416173338890076
          },
          {
            "X": 0.6079699397087097,
            "Y": 0.5416011214256287
          },
          {
            "X": 0.6083272099494934,
            "Y": 0.562886118888855
          },
          {
            "X": 0.5860162377357483,
            "Y": 0.5629004836082458
          }
        ]
      },
      "Id": "260876a8-e7ab-4749-8dee-8bdfe95be99b",
      "Relationships": [
        {
          "Type": "CHILD",
          "Ids": [
            "a4acbfc7-a8ff-44e2-9ff6-985e1b7f058d"
          ]
        }
      ],
      "Page": 1
    },
    {
      "BlockType": "LINE",
      "Confidence": 97.67741394042969,
      "Text": "27.83",
      "Geometry": {
        "BoundingBox": {
          "Width": 0.02281913533806801,
          "Height": 0.021056480705738068,
          "Left": 0.6953836679458618,
          "Top": 0.5415199398994446
        },
        "Polygon": [
          {
            "X": 0.6953836679458618,
            "Y": 0.5415362119674683
          },
          {
            "X": 0.7178254127502441,
            "Y": 0.5415199398994446
          },
          {
            "X": 0.7182028293609619,
            "Y": 0.5625619888305664
          },
          {
            "X": 0.6957560777664185,
            "Y": 0.562576413154602
          }
        ]
      },
      "Id": "3302c839-1013-420c-808b-7c742db603ef",
      "Relationships": [
        {
          "Type": "CHILD",
          "Ids": [
            "4fe49e74-20be-4ac5-9d51-9ce28f4d88e8"
          ]
        }
      ],
      "Page": 1
    },
    {
      "BlockType": "LINE",
      "Confidence": 67.32585906982422,
      "Text": "25.4",
      "Geometry": {
        "BoundingBox": {
          "Width": 0.01799747534096241,
          "Height": 0.020274994894862175,
          "Left": 0.807706356048584,
          "Top": 0.5419421195983887
        },
        "Polygon": [
          {
            "X": 0.807706356048584,
            "Y": 0.5419548749923706
          },
          {
            "X": 0.8253175020217896,
            "Y": 0.5419421195983887
          },
          {
            "X": 0.8257037997245789,
            "Y": 0.5622057318687439
          },
          {
            "X": 0.8080888986587524,
            "Y": 0.562217116355896
          }
        ]
      },
      "Id": "cbdb3ab0-43ed-493c-b595-b1677e8610a5",
      "Relationships": [
        {
          "Type": "CHILD",
          "Ids": [
            "b19d95f7-2ed5-465a-b03d-d5559a09bdc9"
          ]
        }
      ],
      "Page": 1
    },
    {
      "BlockType": "WORD",
      "Confidence": 99.69772338867188,
      "Text": "N",
      "TextType": "PRINTED",
      "Geometry": {
        "BoundingBox": {
          "Width": 0.006868087686598301,
          "Height": 0.020874153822660446,
          "Left": 0.25288206338882446,
          "Top": 0.4273430109024048
        },
        "Polygon": [
          {
            "X": 0.25288206338882446,
            "Y": 0.4273506700992584
          },
          {
            "X": 0.2594759166240692,
            "Y": 0.4273430109024048
          },
          {
            "X": 0.2597501575946808,
            "Y": 0.4482100009918213
          },
          {
            "X": 0.2531548738479614,
            "Y": 0.44821715354919434
          }
        ]
      },
      "Id": "aedaa225-0188-4242-ac71-2d5f8cd35562",
      "Page": 1
    },
    {
      "BlockType": "WORD",
      "Confidence": 99.94425201416016,
      "Text": "content",
      "TextType": "PRINTED",
      "Geometry": {
        "BoundingBox": {
          "Width": 0.03182639926671982,
          "Height": 0.02102382853627205,
          "Left": 0.2620185613632202,
          "Top": 0.42806556820869446
        },
        "Polygon": [
          {
            "X": 0.2620185613632202,
            "Y": 0.42810216546058655
          },
          {
            "X": 0.29356157779693604,
            "Y": 0.42806556820869446
          },
          {
            "X": 0.29384496808052063,
            "Y": 0.4490553140640259
          },
          {
            "X": 0.2622949481010437,
            "Y": 0.4490894079208374
          }
        ]
      },
      "Id": "45b11deb-8452-4c68-a14d-baae18c7d90a",
      "Page": 1
    },
    {
      "BlockType": "WORD",
      "Confidence": 99.90889739990234,
      "Text": "(%)",
      "TextType": "PRINTED",
      "Geometry": {
        "BoundingBox": {
          "Width": 0.012911989353597164,
          "Height": 0.026423729956150055,
          "Left": 0.2958916425704956,
          "Top": 0.4270068407058716
        },
        "Polygon": [
          {
            "X": 0.2958916425704956,
            "Y": 0.42702144384384155
          },
          {
            "X": 0.3084429204463959,
            "Y": 0.4270068407058716
          },
          {
            "X": 0.30880361795425415,
            "Y": 0.45341721177101135
          },
          {
            "X": 0.29624882340431213,
            "Y": 0.45343056321144104
          }
        ]
      },
      "Id": "2eae4029-8bc5-43cc-8fd3-ab84c5279088",
      "Page": 1
    },
    {
      "BlockType": "WORD",
      "Confidence": 98.1478500366211,
      "Text": "S",
      "TextType": "PRINTED",
      "Geometry": {
        "BoundingBox": {
          "Width": 0.005135842598974705,
          "Height": 0.021606741473078728,
          "Left": 0.3482654094696045,
          "Top": 0.42726901173591614
        },
        "Polygon": [
          {
            "X": 0.3482654094696045,
            "Y": 0.427274614572525
          },
          {
            "X": 0.3530960977077484,
            "Y": 0.42726901173591614
          },
          {
            "X": 0.353401243686676,
            "Y": 0.44887053966522217
          },
          {
            "X": 0.34856945276260376,
            "Y": 0.44887575507164
          }
        ]
      },
      "Id": "52abe10c-5c97-4a2d-b9a7-3c7e0424fe26",
      "Page": 1
    },
    {
      "BlockType": "WORD",
      "Confidence": 99.91136932373047,
      "Text": "content",
      "TextType": "PRINTED",
      "Geometry": {
        "BoundingBox": {
          "Width": 0.03166554868221283,
          "Height": 0.01965995505452156,
          "Left": 0.35562366247177124,
          "Top": 0.4289953112602234
        },
        "Polygon": [
          {
            "X": 0.35562366247177124,
            "Y": 0.4290315806865692
          },
          {
            "X": 0.3870050013065338,
            "Y": 0.4289953112602234
          },
          {
            "X": 0.38728922605514526,
            "Y": 0.44862133264541626
          },
          {
            "X": 0.3559013903141022,
            "Y": 0.44865524768829346
          }
        ]
      },
      "Id": "b34fbd04-2d54-4e73-b9bc-e220530ff224",
      "Page": 1
    },
    {
      "BlockType": "WORD",
      "Confidence": 99.9101333618164,
      "Text": "(%)",
      "TextType": "PRINTED",
      "Geometry": {
        "BoundingBox": {
          "Width": 0.012980164960026741,
          "Height": 0.026194538921117783,
          "Left": 0.3894905745983124,
          "Top": 0.4270314574241638
        },
        "Polygon": [
          {
            "X": 0.3894905745983124,
            "Y": 0.42704612016677856
          },
          {
            "X": 0.40208742022514343,
            "Y": 0.4270314574241638
          },
          {
            "X": 0.40247073769569397,
            "Y": 0.45321258902549744
          },
          {
            "X": 0.38987040519714355,
            "Y": 0.4532260000705719
          }
        ]
      },
      "Id": "31ab56dd-339f-4954-a1c1-9a33d14a2a0a",
      "Page": 1
    },
    {
      "BlockType": "WORD",
      "Confidence": 99.85005950927734,
      "Text": "Functional",
      "TextType": "PRINTED",
      "Geometry": {
        "BoundingBox": {
          "Width": 0.043105870485305786,
          "Height": 0.02213248796761036,
          "Left": 0.44178450107574463,
          "Top": 0.4262661933898926
        },
        "Polygon": [
          {
            "X": 0.44178450107574463,
            "Y": 0.4263160824775696
          },
          {
            "X": 0.484547883272171,
            "Y": 0.4262661933898926
          },
          {
            "X": 0.4848903715610504,
            "Y": 0.4483524262905121
          },
          {
            "X": 0.44211703538894653,
            "Y": 0.4483986794948578
          }
        ]
      },
      "Id": "58740537-ac19-4823-8e5b-6017bf37ae2e",
      "Page": 1
    },
    {
      "BlockType": "WORD",
      "Confidence": 99.96685791015625,
      "Text": "group",
      "TextType": "PRINTED",
      "Geometry": {
        "BoundingBox": {
          "Width": 0.02487347461283207,
          "Height": 0.021465059369802475,
          "Left": 0.4873713254928589,
          "Top": 0.4322240352630615
        },
        "Polygon": [
          {
            "X": 0.4873713254928589,
            "Y": 0.43225207924842834
          },
          {
            "X": 0.5119062066078186,
            "Y": 0.4322240352630615
          },
          {
            "X": 0.5122448205947876,
            "Y": 0.45366305112838745
          },
          {
            "X": 0.4877043664455414,
            "Y": 0.4536890983581543
          }
        ]
      },
      "Id": "7ca4c049-58fe-4a3c-9bde-bd28793a8433",
      "Page": 1
    },
    {
      "BlockType": "WORD",
      "Confidence": 99.92142486572266,
      "Text": "content",
      "TextType": "PRINTED",
      "Geometry": {
        "BoundingBox": {
          "Width": 0.03176078572869301,
          "Height": 0.020127320662140846,
          "Left": 0.5144580602645874,
          "Top": 0.4285935163497925
        },
        "Polygon": [
          {
            "X": 0.5144580602645874,
            "Y": 0.42862987518310547
          },
          {
            "X": 0.5458943247795105,
            "Y": 0.4285935163497925
          },
          {
            "X": 0.5462188720703125,
            "Y": 0.4486868679523468
          },
          {
            "X": 0.5147759318351746,
            "Y": 0.4487208127975464
          }
        ]
      },
      "Id": "a79fb107-f2f8-4bd9-b61b-92c35b419e7a",
      "Page": 1
    },
    {
      "BlockType": "WORD",
      "Confidence": 99.94506072998047,
      "Text": "Functional",
      "TextType": "PRINTED",
      "Geometry": {
        "BoundingBox": {
          "Width": 0.04354783520102501,
          "Height": 0.02228882908821106,
          "Left": 0.5855785608291626,
          "Top": 0.4265826642513275
        },
        "Polygon": [
          {
            "X": 0.5855785608291626,
            "Y": 0.42663294076919556
          },
          {
            "X": 0.628747820854187,
            "Y": 0.4265826642513275
          },
          {
            "X": 0.6291264295578003,
            "Y": 0.4488248825073242
          },
          {
            "X": 0.5859470367431641,
            "Y": 0.4488714933395386
          }
        ]
      },
      "Id": "5d12bf0c-b7f4-45f6-89be-d5007100441d",
      "Page": 1
    },
    {
      "BlockType": "WORD",
      "Confidence": 99.98635864257812,
      "Text": "group",
      "TextType": "PRINTED",
      "Geometry": {
        "BoundingBox": {
          "Width": 0.024811742827296257,
          "Height": 0.021739711984992027,
          "Left": 0.631197988986969,
          "Top": 0.4322718381881714
        },
        "Polygon": [
          {
            "X": 0.631197988986969,
            "Y": 0.43229976296424866
          },
          {
            "X": 0.6556340456008911,
            "Y": 0.4322718381881714
          },
          {
            "X": 0.6560097336769104,
            "Y": 0.45398566126823425
          },
          {
            "X": 0.6315681338310242,
            "Y": 0.45401155948638916
          }
        ]
      },
      "Id": "694cf5ae-88da-424c-8e5f-fd3507a59d03",
      "Page": 1
    },
    {
      "BlockType": "WORD",
      "Confidence": 99.85025787353516,
      "Text": "Specific",
      "TextType": "PRINTED",
      "Geometry": {
        "BoundingBox": {
          "Width": 0.032060422003269196,
          "Height": 0.027628976851701736,
          "Left": 0.6952053308486938,
          "Top": 0.4261977970600128
        },
        "Polygon": [
          {
            "X": 0.6952053308486938,
            "Y": 0.42623457312583923
          },
          {
            "X": 0.7267675995826721,
            "Y": 0.4261977970600128
          },
          {
            "X": 0.7272657155990601,
            "Y": 0.4537932872772217
          },
          {
            "X": 0.6956942677497864,
            "Y": 0.45382675528526306
          }
        ]
      },
      "Id": "0791fd83-ca43-4cb5-a5e4-4cff85d86ec6",
      "Page": 1
    },
    {
      "BlockType": "WORD",
      "Confidence": 99.47274017333984,
      "Text": "surf.",
      "TextType": "PRINTED",
      "Geometry": {
        "BoundingBox": {
          "Width": 0.01845916174352169,
          "Height": 0.02207961678504944,
          "Left": 0.7292682528495789,
          "Top": 0.4268167018890381
        },
        "Polygon": [
          {
            "X": 0.7292682528495789,
            "Y": 0.4268377125263214
          },
          {
            "X": 0.7473244667053223,
            "Y": 0.4268167018890381
          },
          {
            "X": 0.7477274537086487,
            "Y": 0.44887682795524597
          },
          {
            "X": 0.729667067527771,
            "Y": 0.4488963186740875
          }
        ]
      },
      "Id": "7c835cd9-22f1-4cc7-b8e2-54ac560adeee",
      "Page": 1
    },
    {
      "BlockType": "WORD",
      "Confidence": 99.971923828125,
      "Text": "area",
      "TextType": "PRINTED",
      "Geometry": {
        "BoundingBox": {
          "Width": 0.017777791246771812,
          "Height": 0.01696356013417244,
          "Left": 0.7500898838043213,
          "Top": 0.4314872622489929
        },
        "Polygon": [
          {
            "X": 0.7500898838043213,
            "Y": 0.43150725960731506
          },
          {
            "X": 0.767554521560669,
            "Y": 0.4314872622489929
          },
          {
            "X": 0.7678676247596741,
            "Y": 0.44843193888664246
          },
          {
            "X": 0.7503998279571533,
            "Y": 0.44845083355903625
          }
        ]
      },
      "Id": "00e22765-edf3-4acd-a1f3-91bc8101e58e",
      "Page": 1
    },
    {
      "BlockType": "WORD",
      "Confidence": 99.98066711425781,
      "Text": "Mean",
      "TextType": "PRINTED",
      "Geometry": {
        "BoundingBox": {
          "Width": 0.023114988580346107,
          "Height": 0.020622480660676956,
          "Left": 0.8078421950340271,
          "Top": 0.4276793599128723
        },
        "Polygon": [
          {
            "X": 0.8078421950340271,
            "Y": 0.42770570516586304
          },
          {
            "X": 0.8305628895759583,
            "Y": 0.4276793599128723
          },
          {
            "X": 0.8309571743011475,
            "Y": 0.4482772648334503
          },
          {
            "X": 0.8082315325737,
            "Y": 0.44830185174942017
          }
        ]
      },
      "Id": "f6a1ec2a-fa22-49ab-b1c5-f2487bc4a482",
      "Page": 1
    },
    {
      "BlockType": "WORD",
      "Confidence": 99.89518737792969,
      "Text": "pore",
      "TextType": "PRINTED",
      "Geometry": {
        "BoundingBox": {
          "Width": 0.01892399601638317,
          "Height": 0.021285420283675194,
          "Left": 0.8335215449333191,
          "Top": 0.4323904812335968
        },
        "Polygon": [
          {
            "X": 0.8335215449333191,
            "Y": 0.4324116110801697
          },
          {
            "X": 0.8520336747169495,
            "Y": 0.4323904812335968
          },
          {
            "X": 0.8524455428123474,
            "Y": 0.45365628600120544
          },
          {
            "X": 0.833929181098938,
            "Y": 0.45367592573165894
          }
        ]
      },
      "Id": "d6ed31d6-08a6-45a2-b602-b5616e17e246",
      "Page": 1
    },
    {
      "BlockType": "WORD",
      "Confidence": 99.86727905273438,
      "Text": "conversion",
      "TextType": "PRINTED",
      "Geometry": {
        "BoundingBox": {
          "Width": 0.04484190419316292,
          "Height": 0.021752964705228806,
          "Left": 0.5856402516365051,
          "Top": 0.4599513113498688
        },
        "Polygon": [
          {
            "X": 0.5856402516365051,
            "Y": 0.45999741554260254
          },
          {
            "X": 0.6301124095916748,
            "Y": 0.4599513113498688
          },
          {
            "X": 0.6304821372032166,
            "Y": 0.4816618263721466
          },
          {
            "X": 0.5859997868537903,
            "Y": 0.4817042648792267
          }
        ]
      },
      "Id": "c7dc4eeb-aa2e-4755-acc1-4d6ee3d8853c",
      "Page": 1
    },
    {
      "BlockType": "WORD",
      "Confidence": 99.83084869384766,
      "Text": "(%)",
      "TextType": "PRINTED",
      "Geometry": {
        "BoundingBox": {
          "Width": 0.012703326530754566,
          "Height": 0.026271259412169456,
          "Left": 0.6329832673072815,
          "Top": 0.46003013849258423
        },
        "Polygon": [
          {
            "X": 0.6329832673072815,
            "Y": 0.4600428342819214
          },
          {
            "X": 0.6452351808547974,
            "Y": 0.46003013849258423
          },
          {
            "X": 0.6456865668296814,
            "Y": 0.486289918422699
          },
          {
            "X": 0.6334312558174133,
            "Y": 0.48630139231681824
          }
        ]
      },
      "Id": "943c5a03-b7cd-449a-b565-e425a6ddfab3",
      "Page": 1
    },
    {
      "BlockType": "WORD",
      "Confidence": 42.74873352050781,
      "Text": "(m ²/g)",
      "TextType": "PRINTED",
      "Geometry": {
        "BoundingBox": {
          "Width": 0.027247754856944084,
          "Height": 0.029400279745459557,
          "Left": 0.6952323317527771,
          "Top": 0.45787450671195984
        },
        "Polygon": [
          {
            "X": 0.6952323317527771,
            "Y": 0.4579024314880371
          },
          {
            "X": 0.7219514846801758,
            "Y": 0.45787450671195984
          },
          {
            "X": 0.722480058670044,
            "Y": 0.48724988102912903
          },
          {
            "X": 0.6957526206970215,
            "Y": 0.48727479577064514
          }
        ]
      },
      "Id": "8a1e1a27-2fc4-42b8-a050-7b8567ab2b3f",
      "Page": 1
    },
    {
      "BlockType": "WORD",
      "Confidence": 99.86503601074219,
      "Text": "size",
      "TextType": "PRINTED",
      "Geometry": {
        "BoundingBox": {
          "Width": 0.016132380813360214,
          "Height": 0.02095593698322773,
          "Left": 0.8075779676437378,
          "Top": 0.46038544178009033
        },
        "Polygon": [
          {
            "X": 0.8075779676437378,
            "Y": 0.460401713848114
          },
          {
            "X": 0.8233112096786499,
            "Y": 0.46038544178009033
          },
          {
            "X": 0.8237103223800659,
            "Y": 0.4813263714313507
          },
          {
            "X": 0.8079736232757568,
            "Y": 0.4813413619995117
          }
        ]
      },
      "Id": "0971ac9d-f4d2-4743-827e-ef10f37f0b60",
      "Page": 1
    },
    {
      "BlockType": "WORD",
      "Confidence": 96.93313598632812,
      "Text": "(nm)",
      "TextType": "PRINTED",
      "Geometry": {
        "BoundingBox": {
          "Width": 0.02110745571553707,
          "Height": 0.026922840625047684,
          "Left": 0.8259516358375549,
          "Top": 0.4595451354980469
        },
        "Polygon": [
          {
            "X": 0.8259516358375549,
            "Y": 0.45956650376319885
          },
          {
            "X": 0.8465397357940674,
            "Y": 0.4595451354980469
          },
          {
            "X": 0.8470590710639954,
            "Y": 0.486448734998703
          },
          {
            "X": 0.8264650702476501,
            "Y": 0.48646798729896545
          }
        ]
      },
      "Id": "e27ea8dd-33ab-4c55-9b8f-e7c20509a945",
      "Page": 1
    },
    {
      "BlockType": "WORD",
      "Confidence": 99.9278335571289,
      "Text": "PAN",
      "TextType": "PRINTED",
      "Geometry": {
        "BoundingBox": {
          "Width": 0.017519015818834305,
          "Height": 0.020169254392385483,
          "Left": 0.1732490509748459,
          "Top": 0.5088432431221008
        },
        "Polygon": [
          {
            "X": 0.1732490509748459,
            "Y": 0.5088579654693604
          },
          {
            "X": 0.19051797688007355,
            "Y": 0.5088432431221008
          },
          {
            "X": 0.1907680630683899,
            "Y": 0.5289991497993469
          },
          {
            "X": 0.17349547147750854,
            "Y": 0.5290125012397766
          }
        ]
      },
      "Id": "1a3c73db-2000-429e-8df5-9a72907ccf89",
      "Page": 1
    },
    {
      "BlockType": "WORD",
      "Confidence": 98.8941650390625,
      "Text": "22.18",
      "TextType": "PRINTED",
      "Geometry": {
        "BoundingBox": {
          "Width": 0.02272273227572441,
          "Height": 0.021028276532888412,
          "Left": 0.2528679668903351,
          "Top": 0.5088469982147217
        },
        "Polygon": [
          {
            "X": 0.2528679668903351,
            "Y": 0.5088660717010498
          },
          {
            "X": 0.27531132102012634,
            "Y": 0.5088469982147217
          },
          {
            "X": 0.275590717792511,
            "Y": 0.5298579931259155
          },
          {
            "X": 0.25314241647720337,
            "Y": 0.5298752784729004
          }
        ]
      },
      "Id": "3427b46f-9c35-498e-a985-9697288adca9",
      "Page": 1
    },
    {
      "BlockType": "WORD",
      "Confidence": 99.56340789794922,
      "Text": "15.83",
      "TextType": "PRINTED",
      "Geometry": {
        "BoundingBox": {
          "Width": 0.022115251049399376,
          "Height": 0.020677955821156502,
          "Left": 0.44250091910362244,
          "Top": 0.5091974139213562
        },
        "Polygon": [
          {
            "X": 0.44250091910362244,
            "Y": 0.5092158913612366
          },
          {
            "X": 0.4643004536628723,
            "Y": 0.5091974139213562
          },
          {
            "X": 0.46461617946624756,
            "Y": 0.5298585891723633
          },
          {
            "X": 0.44281190633773804,
            "Y": 0.5298753976821899
          }
        ]
      },
      "Id": "32d41d07-63bc-402b-a1c9-4fed43ab7ab9",
      "Page": 1
    },
    {
      "BlockType": "WORD",
      "Confidence": 99.96656036376953,
      "Text": "CN",
      "TextType": "PRINTED",
      "Geometry": {
        "BoundingBox": {
          "Width": 0.01284277904778719,
          "Height": 0.020571935921907425,
          "Left": 0.46726715564727783,
          "Top": 0.5088945627212524
        },
        "Polygon": [
          {
            "X": 0.46726715564727783,
            "Y": 0.5089051723480225
          },
          {
            "X": 0.47979238629341125,
            "Y": 0.5088945627212524
          },
          {
            "X": 0.48010995984077454,
            "Y": 0.5294567942619324
          },
          {
            "X": 0.46758201718330383,
            "Y": 0.529466450214386
          }
        ]
      },
      "Id": "7e73d04a-b349-4f43-bb48-6a94e380a518",
      "Page": 1
    },
    {
      "BlockType": "WORD",
      "Confidence": 99.26264953613281,
      "Text": "mmol/g",
      "TextType": "PRINTED",
      "Geometry": {
        "BoundingBox": {
          "Width": 0.03280588611960411,
          "Height": 0.026645302772521973,
          "Left": 0.48200270533561707,
          "Top": 0.508316159248352
        },
        "Polygon": [
          {
            "X": 0.48200270533561707,
            "Y": 0.5083437561988831
          },
          {
            "X": 0.5143877863883972,
            "Y": 0.508316159248352
          },
          {
            "X": 0.5148085951805115,
            "Y": 0.5349371433258057
          },
          {
            "X": 0.4824143946170807,
            "Y": 0.534961462020874
          }
        ]
      },
      "Id": "1db77557-36c4-43ec-9e4a-d4e58ef7a085",
      "Page": 1
    },
    {
      "BlockType": "WORD",
      "Confidence": 92.5267562866211,
      "Text": "27.80",
      "TextType": "PRINTED",
      "Geometry": {
        "BoundingBox": {
          "Width": 0.02315978892147541,
          "Height": 0.020969722419977188,
          "Left": 0.6954593658447266,
          "Top": 0.508891761302948
        },
        "Polygon": [
          {
            "X": 0.6954593658447266,
            "Y": 0.5089110732078552
          },
          {
            "X": 0.7182431221008301,
            "Y": 0.508891761302948
          },
          {
            "X": 0.7186191082000732,
            "Y": 0.5298439264297485
          },
          {
            "X": 0.6958303451538086,
            "Y": 0.5298614501953125
          }
        ]
      },
      "Id": "9d8cfe30-82a1-4ae2-bb70-141d87c73ca2",
      "Page": 1
    },
    {
      "BlockType": "WORD",
      "Confidence": 81.19486236572266,
      "Text": "25.1",
      "TextType": "PRINTED",
      "Geometry": {
        "BoundingBox": {
          "Width": 0.01704033464193344,
          "Height": 0.019965942949056625,
          "Left": 0.8075985908508301,
          "Top": 0.5093565583229065
        },
        "Polygon": [
          {
            "X": 0.8075985908508301,
            "Y": 0.5093706250190735
          },
          {
            "X": 0.8242586255073547,
            "Y": 0.5093565583229065
          },
          {
            "X": 0.8246389031410217,
            "Y": 0.5293096303939819
          },
          {
            "X": 0.8079753518104553,
            "Y": 0.5293224453926086
          }
        ]
      },
      "Id": "ae76754f-faba-4c54-88ed-bc3f9543e61a",
      "Page": 1
    },
    {
      "BlockType": "WORD",
      "Confidence": 99.30164337158203,
      "Text": "PAN-ATD",
      "TextType": "PRINTED",
      "Geometry": {
        "BoundingBox": {
          "Width": 0.03989787772297859,
          "Height": 0.02034289576113224,
          "Left": 0.17314496636390686,
          "Top": 0.5416614413261414
        },
        "Polygon": [
          {
            "X": 0.17314496636390686,
            "Y": 0.5416901707649231
          },
          {
            "X": 0.21278609335422516,
            "Y": 0.5416614413261414
          },
          {
            "X": 0.21304285526275635,
            "Y": 0.5619786381721497
          },
          {
            "X": 0.17339323461055756,
            "Y": 0.5620043277740479
          }
        ]
      },
      "Id": "70f985c0-9da1-4380-ad28-acf59a3372c8",
      "Page": 1
    },
    {
      "BlockType": "WORD",
      "Confidence": 78.62202453613281,
      "Text": "14.37",
      "TextType": "PRINTED",
      "Geometry": {
        "BoundingBox": {
          "Width": 0.02222396805882454,
          "Height": 0.02098226547241211,
          "Left": 0.2534862160682678,
          "Top": 0.541664719581604
        },
        "Polygon": [
          {
            "X": 0.2534862160682678,
            "Y": 0.541680634021759
          },
          {
            "X": 0.27543142437934875,
            "Y": 0.541664719581604
          },
          {
            "X": 0.27571019530296326,
            "Y": 0.5626328587532043
          },
          {
            "X": 0.25376012921333313,
            "Y": 0.5626469850540161
          }
        ]
      },
      "Id": "0d8bbaaa-43a8-4496-992b-283c5e418ee4",
      "Page": 1
    },
    {
      "BlockType": "WORD",
      "Confidence": 99.69743347167969,
      "Text": "11.38",
      "TextType": "PRINTED",
      "Geometry": {
        "BoundingBox": {
          "Width": 0.022216135635972023,
          "Height": 0.020616307854652405,
          "Left": 0.34907400608062744,
          "Top": 0.5419486165046692
        },
        "Polygon": [
          {
            "X": 0.34907400608062744,
            "Y": 0.5419645309448242
          },
          {
            "X": 0.37099558115005493,
            "Y": 0.5419486165046692
          },
          {
            "X": 0.3712901473045349,
            "Y": 0.5625507831573486
          },
          {
            "X": 0.349363774061203,
            "Y": 0.5625649690628052
          }
        ]
      },
      "Id": "7eb108d2-82fa-46ee-b78d-21b8be6ceb24",
      "Page": 1
    },
    {
      "BlockType": "WORD",
      "Confidence": 93.30448150634766,
      "Text": "3.55",
      "TextType": "PRINTED",
      "Geometry": {
        "BoundingBox": {
          "Width": 0.01774555817246437,
          "Height": 0.020753169432282448,
          "Left": 0.44186440110206604,
          "Top": 0.5416805744171143
        },
        "Polygon": [
          {
            "X": 0.44186440110206604,
            "Y": 0.5416932106018066
          },
          {
            "X": 0.4592941701412201,
            "Y": 0.5416805744171143
          },
          {
            "X": 0.4596099555492401,
            "Y": 0.562422513961792
          },
          {
            "X": 0.44217634201049805,
            "Y": 0.5624337196350098
          }
        ]
      },
      "Id": "393c7ae7-b671-42df-bd77-077bbd6d0297",
      "Page": 1
    },
    {
      "BlockType": "WORD",
      "Confidence": 99.67233276367188,
      "Text": "ATD",
      "TextType": "PRINTED",
      "Geometry": {
        "BoundingBox": {
          "Width": 0.018038250505924225,
          "Height": 0.020440593361854553,
          "Left": 0.4619928002357483,
          "Top": 0.5415471196174622
        },
        "Polygon": [
          {
            "X": 0.4619928002357483,
            "Y": 0.5415599346160889
          },
          {
            "X": 0.4797156751155853,
            "Y": 0.5415471196174622
          },
          {
            "X": 0.4800310432910919,
            "Y": 0.5619762539863586
          },
          {
            "X": 0.46230435371398926,
            "Y": 0.5619876980781555
          }
        ]
      },
      "Id": "d1d961d6-d2be-4b73-8a69-71b3f406a695",
      "Page": 1
    },
    {
      "BlockType": "WORD",
      "Confidence": 99.1294937133789,
      "Text": "mmol/g",
      "TextType": "PRINTED",
      "Geometry": {
        "BoundingBox": {
          "Width": 0.03239404037594795,
          "Height": 0.0270966999232769,
          "Left": 0.48234763741493225,
          "Top": 0.5407108068466187
        },
        "Polygon": [
          {
            "X": 0.48234763741493225,
            "Y": 0.5407341122627258
          },
          {
            "X": 0.514313817024231,
            "Y": 0.5407108068466187
          },
          {
            "X": 0.5147416591644287,
            "Y": 0.5677875280380249
          },
          {
            "X": 0.48276636004447937,
            "Y": 0.5678074955940247
          }
        ]
      },
      "Id": "fee1fc96-132e-432c-a1cd-3a3d6659edae",
      "Page": 1
    },
    {
      "BlockType": "WORD",
      "Confidence": 86.4874267578125,
      "Text": "34.92",
      "TextType": "PRINTED",
      "Geometry": {
        "BoundingBox": {
          "Width": 0.02266319841146469,
          "Height": 0.021299341693520546,
          "Left": 0.5856639742851257,
          "Top": 0.5416011214256287
        },
        "Polygon": [
          {
            "X": 0.5856639742851257,
            "Y": 0.5416173338890076
          },
          {
            "X": 0.6079699397087097,
            "Y": 0.5416011214256287
          },
          {
            "X": 0.6083272099494934,
            "Y": 0.562886118888855
          },
          {
            "X": 0.5860162377357483,
            "Y": 0.5629004836082458
          }
        ]
      },
      "Id": "a4acbfc7-a8ff-44e2-9ff6-985e1b7f058d",
      "Page": 1
    },
    {
      "BlockType": "WORD",
      "Confidence": 97.67741394042969,
      "Text": "27.83",
      "TextType": "PRINTED",
      "Geometry": {
        "BoundingBox": {
          "Width": 0.02281913533806801,
          "Height": 0.021056480705738068,
          "Left": 0.6953836679458618,
          "Top": 0.5415199398994446
        },
        "Polygon": [
          {
            "X": 0.6953836679458618,
            "Y": 0.5415362119674683
          },
          {
            "X": 0.7178254127502441,
            "Y": 0.5415199398994446
          },
          {
            "X": 0.7182028293609619,
            "Y": 0.5625619888305664
          },
          {
            "X": 0.6957560777664185,
            "Y": 0.562576413154602
          }
        ]
      },
      "Id": "4fe49e74-20be-4ac5-9d51-9ce28f4d88e8",
      "Page": 1
    },
    {
      "BlockType": "WORD",
      "Confidence": 67.32585906982422,
      "Text": "25.4",
      "TextType": "PRINTED",
      "Geometry": {
        "BoundingBox": {
          "Width": 0.01799747534096241,
          "Height": 0.020274994894862175,
          "Left": 0.807706356048584,
          "Top": 0.5419421195983887
        },
        "Polygon": [
          {
            "X": 0.807706356048584,
            "Y": 0.5419548749923706
          },
          {
            "X": 0.8253175020217896,
            "Y": 0.5419421195983887
          },
          {
            "X": 0.8257037997245789,
            "Y": 0.5622057318687439
          },
          {
            "X": 0.8080888986587524,
            "Y": 0.562217116355896
          }
        ]
      },
      "Id": "b19d95f7-2ed5-465a-b03d-d5559a09bdc9",
      "Page": 1
    },
    {
      "BlockType": "TABLE",
      "Confidence": 99.609375,
      "Geometry": {
        "BoundingBox": {
          "Width": 0.7114001512527466,
          "Height": 0.1709074079990387,
          "Left": 0.1444290727376938,
          "Top": 0.41348281502723694
        },
        "Polygon": [
          {
            "X": 0.1444290727376938,
            "Y": 0.41434216499328613
          },
          {
            "X": 0.852525532245636,
            "Y": 0.41348281502723694
          },
          {
            "X": 0.8558292388916016,
            "Y": 0.5839916467666626
          },
          {
            "X": 0.14645874500274658,
            "Y": 0.5843902230262756
          }
        ]
      },
      "Id": "533b2304-d3af-4e13-9fc3-7bf0e294bd3c",
      "Relationships": [
        {
          "Type": "CHILD",
          "Ids": [
            "713ac025-1c38-4a62-a4b4-68a151f212c4",
            "98dda515-2a3f-483a-a44e-ada3356660e4",
            "acfe0430-98a9-4972-bac2-4e6459cfb57a",
            "4a800916-0f1d-41c8-9695-43307d604899",
            "6047d09d-7335-48cf-9eb6-3115e54c39d2",
            "559bb2c1-47cd-4462-b51b-d4a81d2a808a",
            "7186c5f1-3261-4b13-9f7f-bd0a0a62bea5",
            "999e61c0-1750-48b0-918a-d8ddfc3f2b0d",
            "cea23965-4a97-4931-bb8a-0a79ebb065a7",
            "961c1abf-e063-44e9-8f98-1a8122d74ef5",
            "06dd804a-60b4-4a25-a261-56fcbd7d208e",
            "f81656a5-0738-45f7-bf17-767ffdb9c444",
            "3acf03b1-8579-4303-8622-69e86ab0386b",
            "402503e3-250b-49d4-b9b3-5f8503ec0648"
          ]
        }
      ],
      "EntityTypes": [
        "STRUCTURED_TABLE"
      ],
      "Page": 1
    },
    {
      "BlockType": "CELL",
      "Confidence": 48.8037109375,
      "RowIndex": 1,
      "ColumnIndex": 1,
      "RowSpan": 1,
      "ColumnSpan": 1,
      "Geometry": {
        "BoundingBox": {
          "Width": 0.0884428471326828,
          "Height": 0.0816488042473793,
          "Left": 0.1444290727376938,
          "Top": 0.4142360985279083
        },
        "Polygon": [
          {
            "X": 0.1444290727376938,
            "Y": 0.41434216499328613
          },
          {
            "X": 0.2318234145641327,
            "Y": 0.4142360985279083
          },
          {
            "X": 0.2328719198703766,
            "Y": 0.49580609798431396
          },
          {
            "X": 0.14540235698223114,
            "Y": 0.4958849251270294
          }
        ]
      },
      "Id": "713ac025-1c38-4a62-a4b4-68a151f212c4",
      "Page": 1
    },
    {
      "BlockType": "CELL",
      "Confidence": 57.6171875,
      "RowIndex": 1,
      "ColumnIndex": 2,
      "RowSpan": 1,
      "ColumnSpan": 1,
      "Geometry": {
        "BoundingBox": {
          "Width": 0.09563405066728592,
          "Height": 0.08168467879295349,
          "Left": 0.2318234145641327,
          "Top": 0.4141214191913605
        },
        "Polygon": [
          {
            "X": 0.2318234145641327,
            "Y": 0.4142360985279083
          },
          {
            "X": 0.3263275623321533,
            "Y": 0.4141214191913605
          },
          {
            "X": 0.327457457780838,
            "Y": 0.49572086334228516
          },
          {
            "X": 0.2328719198703766,
            "Y": 0.49580609798431396
          }
        ]
      },
      "Id": "98dda515-2a3f-483a-a44e-ada3356660e4",
      "Relationships": [
        {
          "Type": "CHILD",
          "Ids": [
            "aedaa225-0188-4242-ac71-2d5f8cd35562",
            "45b11deb-8452-4c68-a14d-baae18c7d90a",
            "2eae4029-8bc5-43cc-8fd3-ab84c5279088"
          ]
        }
      ],
      "EntityTypes": [
        "COLUMN_HEADER"
      ],
      "Page": 1
    },
    {
      "BlockType": "CELL",
      "Confidence": 62.548828125,
      "RowIndex": 1,
      "ColumnIndex": 3,
      "RowSpan": 1,
      "ColumnSpan": 1,
      "Geometry": {
        "BoundingBox": {
          "Width": 0.09675024449825287,
          "Height": 0.08171539753675461,
          "Left": 0.3263275623321533,
          "Top": 0.41400548815727234
        },
        "Polygon": [
          {
            "X": 0.3263275623321533,
            "Y": 0.4141214191913605
          },
          {
            "X": 0.4218655526638031,
            "Y": 0.41400548815727234
          },
          {
            "X": 0.423077791929245,
            "Y": 0.49563470482826233
          },
          {
            "X": 0.327457457780838,
            "Y": 0.49572086334228516
          }
        ]
      },
      "Id": "acfe0430-98a9-4972-bac2-4e6459cfb57a",
      "Relationships": [
        {
          "Type": "CHILD",
          "Ids": [
            "52abe10c-5c97-4a2d-b9a7-3c7e0424fe26",
            "b34fbd04-2d54-4e73-b9bc-e220530ff224",
            "31ab56dd-339f-4954-a1c1-9a33d14a2a0a"
          ]
        }
      ],
      "EntityTypes": [
        "COLUMN_HEADER"
      ],
      "Page": 1
    },
    {
      "BlockType": "CELL",
      "Confidence": 83.30078125,
      "RowIndex": 1,
      "ColumnIndex": 4,
      "RowSpan": 1,
      "ColumnSpan": 1,
      "Geometry": {
        "BoundingBox": {
          "Width": 0.1447741538286209,
          "Height": 0.08180330693721771,
          "Left": 0.4218655526638031,
          "Top": 0.4138313829898834
        },
        "Polygon": [
          {
            "X": 0.4218655526638031,
            "Y": 0.41400548815727234
          },
          {
            "X": 0.5653036832809448,
            "Y": 0.4138313829898834
          },
          {
            "X": 0.5666397213935852,
            "Y": 0.49550533294677734
          },
          {
            "X": 0.423077791929245,
            "Y": 0.49563470482826233
          }
        ]
      },
      "Id": "4a800916-0f1d-41c8-9695-43307d604899",
      "Relationships": [
        {
          "Type": "CHILD",
          "Ids": [
            "58740537-ac19-4823-8e5b-6017bf37ae2e",
            "7ca4c049-58fe-4a3c-9bde-bd28793a8433",
            "a79fb107-f2f8-4bd9-b61b-92c35b419e7a"
          ]
        }
      ],
      "EntityTypes": [
        "COLUMN_HEADER"
      ],
      "Page": 1
    },
    {
      "BlockType": "CELL",
      "Confidence": 81.54296875,
      "RowIndex": 1,
      "ColumnIndex": 5,
      "RowSpan": 1,
      "ColumnSpan": 1,
      "Geometry": {
        "BoundingBox": {
          "Width": 0.11116822063922882,
          "Height": 0.08180712908506393,
          "Left": 0.5653036832809448,
          "Top": 0.4136982262134552
        },
        "Polygon": [
          {
            "X": 0.5653036832809448,
            "Y": 0.4138313829898834
          },
          {
            "X": 0.675041139125824,
            "Y": 0.4136982262134552
          },
          {
            "X": 0.6764718890190125,
            "Y": 0.4954063892364502
          },
          {
            "X": 0.5666397213935852,
            "Y": 0.49550533294677734
          }
        ]
      },
      "Id": "6047d09d-7335-48cf-9eb6-3115e54c39d2",
      "Relationships": [
        {
          "Type": "CHILD",
          "Ids": [
            "5d12bf0c-b7f4-45f6-89be-d5007100441d",
            "694cf5ae-88da-424c-8e5f-fd3507a59d03",
            "c7dc4eeb-aa2e-4755-acc1-4d6ee3d8853c",
            "943c5a03-b7cd-449a-b565-e425a6ddfab3"
          ]
        }
      ],
      "EntityTypes": [
        "COLUMN_HEADER"
      ],
      "Page": 1
    },
    {
      "BlockType": "CELL",
      "Confidence": 82.8125,
      "RowIndex": 1,
      "ColumnIndex": 6,
      "RowSpan": 1,
      "ColumnSpan": 1,
      "Geometry": {
        "BoundingBox": {
          "Width": 0.1128087043762207,
          "Height": 0.08184321224689484,
          "Left": 0.675041139125824,
          "Top": 0.41356316208839417
        },
        "Polygon": [
          {
            "X": 0.675041139125824,
            "Y": 0.4136982262134552
          },
          {
            "X": 0.7863228917121887,
            "Y": 0.41356316208839417
          },
          {
            "X": 0.7878498435020447,
            "Y": 0.49530601501464844
          },
          {
            "X": 0.6764718890190125,
            "Y": 0.4954063892364502
          }
        ]
      },
      "Id": "559bb2c1-47cd-4462-b51b-d4a81d2a808a",
      "Relationships": [
        {
          "Type": "CHILD",
          "Ids": [
            "0791fd83-ca43-4cb5-a5e4-4cff85d86ec6",
            "7c835cd9-22f1-4cc7-b8e2-54ac560adeee",
            "00e22765-edf3-4acd-a1f3-91bc8101e58e",
            "8a1e1a27-2fc4-42b8-a050-7b8567ab2b3f"
          ]
        }
      ],
      "EntityTypes": [
        "COLUMN_HEADER"
      ],
      "Page": 1
    },
    {
      "BlockType": "CELL",
      "Confidence": 76.806640625,
      "RowIndex": 1,
      "ColumnIndex": 7,
      "RowSpan": 1,
      "ColumnSpan": 1,
      "Geometry": {
        "BoundingBox": {
          "Width": 0.06778688728809357,
          "Height": 0.0818231925368309,
          "Left": 0.7863228917121887,
          "Top": 0.41348281502723694
        },
        "Polygon": [
          {
            "X": 0.7863228917121887,
            "Y": 0.41356316208839417
          },
          {
            "X": 0.852525532245636,
            "Y": 0.41348281502723694
          },
          {
            "X": 0.8541097640991211,
            "Y": 0.4952463209629059
          },
          {
            "X": 0.7878498435020447,
            "Y": 0.49530601501464844
          }
        ]
      },
      "Id": "7186c5f1-3261-4b13-9f7f-bd0a0a62bea5",
      "Relationships": [
        {
          "Type": "CHILD",
          "Ids": [
            "f6a1ec2a-fa22-49ab-b1c5-f2487bc4a482",
            "d6ed31d6-08a6-45a2-b602-b5616e17e246",
            "0971ac9d-f4d2-4743-827e-ef10f37f0b60",
            "e27ea8dd-33ab-4c55-9b8f-e7c20509a945"
          ]
        }
      ],
      "EntityTypes": [
        "COLUMN_HEADER"
      ],
      "Page": 1
    },
    {
      "BlockType": "CELL",
      "Confidence": 44.6533203125,
      "RowIndex": 2,
      "ColumnIndex": 1,
      "RowSpan": 1,
      "ColumnSpan": 1,
      "Geometry": {
        "BoundingBox": {
          "Width": 0.08860759437084198,
          "Height": 0.08858413249254227,
          "Left": 0.14540235698223114,
          "Top": 0.49580609798431396
        },
        "Polygon": [
          {
            "X": 0.14540235698223114,
            "Y": 0.4958849251270294
          },
          {
            "X": 0.2328719198703766,
            "Y": 0.49580609798431396
          },
          {
            "X": 0.23400996625423431,
            "Y": 0.5843410491943359
          },
          {
            "X": 0.14645874500274658,
            "Y": 0.5843902230262756
          }
        ]
      },
      "Id": "999e61c0-1750-48b0-918a-d8ddfc3f2b0d",
      "Relationships": [
        {
          "Type": "CHILD",
          "Ids": [
            "1a3c73db-2000-429e-8df5-9a72907ccf89",
            "70f985c0-9da1-4380-ad28-acf59a3372c8"
          ]
        }
      ],
      "Page": 1
    },
    {
      "BlockType": "CELL",
      "Confidence": 42.333984375,
      "RowIndex": 2,
      "ColumnIndex": 2,
      "RowSpan": 1,
      "ColumnSpan": 1,
      "Geometry": {
        "BoundingBox": {
          "Width": 0.09581193327903748,
          "Height": 0.08862017095088959,
          "Left": 0.2328719198703766,
          "Top": 0.49572086334228516
        },
        "Polygon": [
          {
            "X": 0.2328719198703766,
            "Y": 0.49580609798431396
          },
          {
            "X": 0.327457457780838,
            "Y": 0.49572086334228516
          },
          {
            "X": 0.32868385314941406,
            "Y": 0.5842878222465515
          },
          {
            "X": 0.23400996625423431,
            "Y": 0.5843410491943359
          }
        ]
      },
      "Id": "cea23965-4a97-4931-bb8a-0a79ebb065a7",
      "Relationships": [
        {
          "Type": "CHILD",
          "Ids": [
            "3427b46f-9c35-498e-a985-9697288adca9",
            "0d8bbaaa-43a8-4496-992b-283c5e418ee4"
          ]
        }
      ],
      "Page": 1
    },
    {
      "BlockType": "CELL",
      "Confidence": 43.310546875,
      "RowIndex": 2,
      "ColumnIndex": 3,
      "RowSpan": 1,
      "ColumnSpan": 1,
      "Geometry": {
        "BoundingBox": {
          "Width": 0.09693610668182373,
          "Height": 0.08865313231945038,
          "Left": 0.327457457780838,
          "Top": 0.49563470482826233
        },
        "Polygon": [
          {
            "X": 0.327457457780838,
            "Y": 0.49572086334228516
          },
          {
            "X": 0.423077791929245,
            "Y": 0.49563470482826233
          },
          {
            "X": 0.42439356446266174,
            "Y": 0.5842340588569641
          },
          {
            "X": 0.32868385314941406,
            "Y": 0.5842878222465515
          }
        ]
      },
      "Id": "961c1abf-e063-44e9-8f98-1a8122d74ef5",
      "Relationships": [
        {
          "Type": "CHILD",
          "Ids": [
            "7eb108d2-82fa-46ee-b78d-21b8be6ceb24"
          ]
        }
      ],
      "Page": 1
    },
    {
      "BlockType": "CELL",
      "Confidence": 42.529296875,
      "RowIndex": 2,
      "ColumnIndex": 4,
      "RowSpan": 1,
      "ColumnSpan": 1,
      "Geometry": {
        "BoundingBox": {
          "Width": 0.1450119912624359,
          "Height": 0.08872871845960617,
          "Left": 0.423077791929245,
          "Top": 0.49550533294677734
        },
        "Polygon": [
          {
            "X": 0.423077791929245,
            "Y": 0.49563470482826233
          },
          {
            "X": 0.5666397213935852,
            "Y": 0.49550533294677734
          },
          {
            "X": 0.5680897831916809,
            "Y": 0.5841533541679382
          },
          {
            "X": 0.42439356446266174,
            "Y": 0.5842340588569641
          }
        ]
      },
      "Id": "06dd804a-60b4-4a25-a261-56fcbd7d208e",
      "Relationships": [
        {
          "Type": "CHILD",
          "Ids": [
            "32d41d07-63bc-402b-a1c9-4fed43ab7ab9",
            "7e73d04a-b349-4f43-bb48-6a94e380a518",
            "1db77557-36c4-43ec-9e4a-d4e58ef7a085",
            "393c7ae7-b671-42df-bd77-077bbd6d0297",
            "d1d961d6-d2be-4b73-8a69-71b3f406a695",
            "fee1fc96-132e-432c-a1cd-3a3d6659edae"
          ]
        }
      ],
      "Page": 1
    },
    {
      "BlockType": "CELL",
      "Confidence": 43.7744140625,
      "RowIndex": 2,
      "ColumnIndex": 5,
      "RowSpan": 1,
      "ColumnSpan": 1,
      "Geometry": {
        "BoundingBox": {
          "Width": 0.11138515919446945,
          "Height": 0.08874695003032684,
          "Left": 0.5666397213935852,
          "Top": 0.4954063892364502
        },
        "Polygon": [
          {
            "X": 0.5666397213935852,
            "Y": 0.49550533294677734
          },
          {
            "X": 0.6764718890190125,
            "Y": 0.4954063892364502
          },
          {
            "X": 0.6780248284339905,
            "Y": 0.5840915441513062
          },
          {
            "X": 0.5680897831916809,
            "Y": 0.5841533541679382
          }
        ]
      },
      "Id": "f81656a5-0738-45f7-bf17-767ffdb9c444",
      "Relationships": [
        {
          "Type": "CHILD",
          "Ids": [
            "a4acbfc7-a8ff-44e2-9ff6-985e1b7f058d"
          ]
        }
      ],
      "Page": 1
    },
    {
      "BlockType": "CELL",
      "Confidence": 41.015625,
      "RowIndex": 2,
      "ColumnIndex": 6,
      "RowSpan": 1,
      "ColumnSpan": 1,
      "Geometry": {
        "BoundingBox": {
          "Width": 0.11303527653217316,
          "Height": 0.08878553658723831,
          "Left": 0.6764718890190125,
          "Top": 0.49530601501464844
        },
        "Polygon": [
          {
            "X": 0.6764718890190125,
            "Y": 0.4954063892364502
          },
          {
            "X": 0.7878498435020447,
            "Y": 0.49530601501464844
          },
          {
            "X": 0.7895072102546692,
            "Y": 0.5840288996696472
          },
          {
            "X": 0.6780248284339905,
            "Y": 0.5840915441513062
          }
        ]
      },
      "Id": "3acf03b1-8579-4303-8622-69e86ab0386b",
      "Relationships": [
        {
          "Type": "CHILD",
          "Ids": [
            "9d8cfe30-82a1-4ae2-bb70-141d87c73ca2",
            "4fe49e74-20be-4ac5-9d51-9ce28f4d88e8"
          ]
        }
      ],
      "Page": 1
    },
    {
      "BlockType": "CELL",
      "Confidence": 39.94140625,
      "RowIndex": 2,
      "ColumnIndex": 7,
      "RowSpan": 1,
      "ColumnSpan": 1,
      "Geometry": {
        "BoundingBox": {
          "Width": 0.06797942519187927,
          "Height": 0.08878260850906372,
          "Left": 0.7878498435020447,
          "Top": 0.4952463209629059
        },
        "Polygon": [
          {
            "X": 0.7878498435020447,
            "Y": 0.49530601501464844
          },
          {
            "X": 0.8541097640991211,
            "Y": 0.4952463209629059
          },
          {
            "X": 0.8558292388916016,
            "Y": 0.5839916467666626
          },
          {
            "X": 0.7895072102546692,
            "Y": 0.5840288996696472
          }
        ]
      },
      "Id": "402503e3-250b-49d4-b9b3-5f8503ec0648",
      "Relationships": [
        {
          "Type": "CHILD",
          "Ids": [
            "ae76754f-faba-4c54-88ed-bc3f9543e61a",
            "b19d95f7-2ed5-465a-b03d-d5559a09bdc9"
          ]
        }
      ],
      "Page": 1
    }
  ],
  "AnalyzeDocumentModelVersion": "1.0"
}