{
  "DocumentMetadata": {
    "Pages": 1
  },
  "JobStatus": "SUCCEEDED",
  "Blocks": [
    {
      "BlockType": "PAGE",
      "Geometry": {
        "BoundingBox": {
          "Width": 0.544163167476654,
          "Height": 0.2847869396209717,
          "Left": 0.22702452540397644,
          "Top": 0.35608944296836853
        },
        "Polygon": [
          {
            "X": 0.22702452540397644,
            "Y": 0.35608944296836853
          },
          {
            "X": 0.7685623168945312,
            "Y": 0.35710641741752625
          },
          {
            "X": 0.7711877226829529,
            "Y": 0.6408764123916626
          },
          {
            "X": 0.2290552258491516,
            "Y": 0.6393721699714661
          }
        ]
      },
      "Id": "7a1f88df-6d61-46b5-b0c4-b9f4d30eb98c",
      "Relationships": [
        {
          "Type": "CHILD",
          "Ids": [
            "cfe8f4a5-4230-4716-a7b8-b8360d10e6ec",
            "bb78f88c-af2b-4c9e-a1c5-9aae62c194b5",
            "f985dd44-c1d5-4af6-ba50-c97496a629ca",
            "0d62a7c5-8570-4500-bbc3-310537a705fd",
            "6f81c99e-2876-44b9-a3d8-73c24c939001",
            "925f1666-5f11-406b-abb9-228803d8dfa4",
            "0e8a06c9-8e90-406b-8de8-4038f42fd807",
            "d0933e44-0e2f-4196-8c6c-00a1a395d007",
            "0262b1b3-9ea9-4183-836e-1a2664ec35a5",
            "71ef2c13-f915-46ca-956f-1024752cacb4",
            "73ca9cd5-879f-4063-9ae0-dba22f31ee98",
            "3b869fcc-2bef-4ed4-ac4b-dec3d34b0596",
            "ae9f4f59-2280-4c17-9e40-b26c00494eb7",
            "8ebdb86d-235e-41ef-ab25-8af09de3d1b8",
            "eda3bb54-21ff-4846-8a88-d637ff3379e1",
            "9c22b911-652c-4bc5-a598-d83586edbdc9",
            "414d837e-fad0-4aaf-b920-716eca13984c",
            "f6d9203e-dd24-44a5-b70f-8fe187edeeac",
            "ee1ad034-e91e-4641-b407-b6bb36de0748",
            "099333bf-939e-4806-9625-70032480ef1f",
            "8e1864fa-20e8-4b2d-9daa-86da46358aaa",
            "475ac8a3-c63f-44f1-a57d-c6a037d62a17",
            "4f76f012-77f1-4553-96e9-3bf106366195",
            "29feb0e5-0a63-46d4-b33d-94104eef848b",
            "25097b2e-df56-4a4f-afeb-e67318c7c5c0",
            "c24fb724-854d-43b3-af33-45e7a0eaebfb",
            "0295ab7e-177b-43f2-b53e-7a2981b75c54",
            "625c98b4-5ea2-4116-a2ee-d38ca859ee0a",
            "7f9cc03a-b466-4425-80f2-cb5912478379"
          ]
        }
      ],
      "Page": 1
    },
    {
      "BlockType": "LINE",
      "Confidence": 99.94581604003906,
      "Text": "Sample code",
      "Geometry": {
        "BoundingBox": {
          "Width": 0.07680878043174744,
          "Height": 0.022612478584051132,
          "Left": 0.245559424161911,
          "Top": 0.389656126499176
        },
        "Polygon": [
          {
            "X": 0.245559424161911,
            "Y": 0.389656126499176
          },
          {
            "X": 0.3221990168094635,
            "Y": 0.38980817794799805
          },
          {
            "X": 0.32236820459365845,
            "Y": 0.41226860880851746
          },
          {
            "X": 0.2457219809293747,
            "Y": 0.4121111035346985
          }
        ]
      },
      "Id": "cfe8f4a5-4230-4716-a7b8-b8360d10e6ec",
      "Relationships": [
        {
          "Type": "CHILD",
          "Ids": [
            "479492ae-ea92-4767-8f00-ba806fa266bf",
            "3b330d92-ca4b-464b-a680-4d9e8c399d93"
          ]
        }
      ],
      "Page": 1
    },
    {
      "BlockType": "LINE",
      "Confidence": 99.42018127441406,
      "Text": "Storage modulus at 25 °C (MPa)",
      "Geometry": {
        "BoundingBox": {
          "Width": 0.19453418254852295,
          "Height": 0.022848373278975487,
          "Left": 0.36251258850097656,
          "Top": 0.38962703943252563
        },
        "Polygon": [
          {
            "X": 0.36251258850097656,
            "Y": 0.38962703943252563
          },
          {
            "X": 0.5568572878837585,
            "Y": 0.3900124728679657
          },
          {
            "X": 0.5570467710494995,
            "Y": 0.4124754071235657
          },
          {
            "X": 0.3626852035522461,
            "Y": 0.4120761454105377
          }
        ]
      },
      "Id": "bb78f88c-af2b-4c9e-a1c5-9aae62c194b5",
      "Relationships": [
        {
          "Type": "CHILD",
          "Ids": [
            "b38f1cc0-30df-4504-a3bb-8a68360d8bf5",
            "ae923f6b-e627-4df7-91d9-3d4a1c50da8b",
            "083693a2-77a7-43ca-bee3-c25d79206410",
            "a133e6b1-6688-479f-98b8-737b17681677",
            "8c724b3d-1c3b-4081-a9f5-78b660ab3b9e"
          ]
        }
      ],
      "Page": 1
    },
    {
      "BlockType": "LINE",
      "Confidence": 91.39591217041016,
      "Text": "Tg (C)",
      "Geometry": {
        "BoundingBox": {
          "Width": 0.043489474803209305,
          "Height": 0.02275264449417591,
          "Left": 0.5970275402069092,
          "Top": 0.38986536860466003
        },
        "Polygon": [
          {
            "X": 0.5970275402069092,
            "Y": 0.38986536860466003
          },
          {
            "X": 0.6403185129165649,
            "Y": 0.3899511992931366
          },
          {
            "X": 0.640516996383667,
            "Y": 0.4126180112361908
          },
          {
            "X": 0.5972222089767456,
            "Y": 0.4125290811061859
          }
        ]
      },
      "Id": "f985dd44-c1d5-4af6-ba50-c97496a629ca",
      "Relationships": [
        {
          "Type": "CHILD",
          "Ids": [
            "cd9f5678-c4a2-4d6a-8207-a28d9f3fc6f9",
            "9fc4f614-602a-490d-9868-c03b0ee9ddca"
          ]
        }
      ],
      "Page": 1
    },
    {
      "BlockType": "LINE",
      "Confidence": 69.88803100585938,
      "Text": "V (mol/dm³)",
      "Geometry": {
        "BoundingBox": {
          "Width": 0.07577414065599442,
          "Height": 0.024473970755934715,
          "Left": 0.6809898614883423,
          "Top": 0.3865322172641754
        },
        "Polygon": [
          {
            "X": 0.6809898614883423,
            "Y": 0.3865322172641754
          },
          {
            "X": 0.7565401196479797,
            "Y": 0.38668113946914673
          },
          {
            "X": 0.7567639946937561,
            "Y": 0.4110061824321747
          },
          {
            "X": 0.6812066435813904,
            "Y": 0.4108514189720154
          }
        ]
      },
      "Id": "0d62a7c5-8570-4500-bbc3-310537a705fd",
      "Relationships": [
        {
          "Type": "CHILD",
          "Ids": [
            "c6843616-907d-4dd4-ad31-7f99d6fc4333",
            "87ca12c8-03b9-4693-98ad-43ee7e23f0de"
          ]
        }
      ],
      "Page": 1
    },
    {
      "BlockType": "LINE",
      "Confidence": 99.77257537841797,
      "Text": "EP",
      "Geometry": {
        "BoundingBox": {
          "Width": 0.015632223337888718,
          "Height": 0.015876563265919685,
          "Left": 0.24550305306911469,
          "Top": 0.44797900319099426
        },
        "Polygon": [
          {
            "X": 0.24550305306911469,
            "Y": 0.44797900319099426
          },
          {
            "X": 0.26101967692375183,
            "Y": 0.44801265001296997
          },
          {
            "X": 0.2611352801322937,
            "Y": 0.4638555645942688
          },
          {
            "X": 0.24561770260334015,
            "Y": 0.463821142911911
          }
        ]
      },
      "Id": "6f81c99e-2876-44b9-a3d8-73c24c939001",
      "Relationships": [
        {
          "Type": "CHILD",
          "Ids": [
            "e00bdaa7-6caf-4cd0-8da1-8e2d6a58dccb"
          ]
        }
      ],
      "Page": 1
    },
    {
      "BlockType": "LINE",
      "Confidence": 99.96192169189453,
      "Text": "3703",
      "Geometry": {
        "BoundingBox": {
          "Width": 0.03026805818080902,
          "Height": 0.016861872747540474,
          "Left": 0.3625258505344391,
          "Top": 0.44772422313690186
        },
        "Polygon": [
          {
            "X": 0.3625258505344391,
            "Y": 0.44772422313690186
          },
          {
            "X": 0.3926628530025482,
            "Y": 0.4477895498275757
          },
          {
            "X": 0.3927938938140869,
            "Y": 0.4645861089229584
          },
          {
            "X": 0.3626549541950226,
            "Y": 0.4645191729068756
          }
        ]
      },
      "Id": "925f1666-5f11-406b-abb9-228803d8dfa4",
      "Relationships": [
        {
          "Type": "CHILD",
          "Ids": [
            "103b3e8b-935b-42db-b1a3-6c694efa749e"
          ]
        }
      ],
      "Page": 1
    },
    {
      "BlockType": "LINE",
      "Confidence": 99.90042114257812,
      "Text": "179.1",
      "Geometry": {
        "BoundingBox": {
          "Width": 0.03253890201449394,
          "Height": 0.016954127699136734,
          "Left": 0.598122239112854,
          "Top": 0.4474763870239258
        },
        "Polygon": [
          {
            "X": 0.598122239112854,
            "Y": 0.4474763870239258
          },
          {
            "X": 0.6305139660835266,
            "Y": 0.44754651188850403
          },
          {
            "X": 0.630661129951477,
            "Y": 0.4644305109977722
          },
          {
            "X": 0.5982673168182373,
            "Y": 0.4643586575984955
          }
        ]
      },
      "Id": "0e8a06c9-8e90-406b-8de8-4038f42fd807",
      "Relationships": [
        {
          "Type": "CHILD",
          "Ids": [
            "22894595-c608-4e56-b61a-aee703c249d8"
          ]
        }
      ],
      "Page": 1
    },
    {
      "BlockType": "LINE",
      "Confidence": 99.84552001953125,
      "Text": "2.31",
      "Geometry": {
        "BoundingBox": {
          "Width": 0.025379730388522148,
          "Height": 0.01687067747116089,
          "Left": 0.6811959743499756,
          "Top": 0.447528600692749
        },
        "Polygon": [
          {
            "X": 0.6811959743499756,
            "Y": 0.447528600692749
          },
          {
            "X": 0.7064241766929626,
            "Y": 0.4475831985473633
          },
          {
            "X": 0.7065756916999817,
            "Y": 0.4643992781639099
          },
          {
            "X": 0.6813458204269409,
            "Y": 0.4643433392047882
          }
        ]
      },
      "Id": "d0933e44-0e2f-4196-8c6c-00a1a395d007",
      "Relationships": [
        {
          "Type": "CHILD",
          "Ids": [
            "91cd33cc-58fb-455f-91a1-bb46725b2995"
          ]
        }
      ],
      "Page": 1
    },
    {
      "BlockType": "LINE",
      "Confidence": 99.42998504638672,
      "Text": "BXLS-1",
      "Geometry": {
        "BoundingBox": {
          "Width": 0.04179553687572479,
          "Height": 0.0165152158588171,
          "Left": 0.24536313116550446,
          "Top": 0.47731131315231323
        },
        "Polygon": [
          {
            "X": 0.24536313116550446,
            "Y": 0.47731131315231323
          },
          {
            "X": 0.2870372235774994,
            "Y": 0.4774055778980255
          },
          {
            "X": 0.28715866804122925,
            "Y": 0.4938265383243561
          },
          {
            "X": 0.245481938123703,
            "Y": 0.4937301278114319
          }
        ]
      },
      "Id": "0262b1b3-9ea9-4183-836e-1a2664ec35a5",
      "Relationships": [
        {
          "Type": "CHILD",
          "Ids": [
            "d8ea84a8-d222-498f-8124-60b9a255bd95"
          ]
        }
      ],
      "Page": 1
    },
    {
      "BlockType": "LINE",
      "Confidence": 99.96031188964844,
      "Text": "3745",
      "Geometry": {
        "BoundingBox": {
          "Width": 0.030134372413158417,
          "Height": 0.01666424795985222,
          "Left": 0.36267369985580444,
          "Top": 0.4773135781288147
        },
        "Polygon": [
          {
            "X": 0.36267369985580444,
            "Y": 0.4773135781288147
          },
          {
            "X": 0.39267855882644653,
            "Y": 0.4773814082145691
          },
          {
            "X": 0.39280804991722107,
            "Y": 0.493977814912796
          },
          {
            "X": 0.3628012537956238,
            "Y": 0.4939084053039551
          }
        ]
      },
      "Id": "71ef2c13-f915-46ca-956f-1024752cacb4",
      "Relationships": [
        {
          "Type": "CHILD",
          "Ids": [
            "e8c6c99c-5501-4e98-8de4-3bb138b9f218"
          ]
        }
      ],
      "Page": 1
    },
    {
      "BlockType": "LINE",
      "Confidence": 99.98609924316406,
      "Text": "169.6",
      "Geometry": {
        "BoundingBox": {
          "Width": 0.03412695601582527,
          "Height": 0.017003821209073067,
          "Left": 0.5979216694831848,
          "Top": 0.4770106375217438
        },
        "Polygon": [
          {
            "X": 0.5979216694831848,
            "Y": 0.4770106375217438
          },
          {
            "X": 0.6319010257720947,
            "Y": 0.4770873785018921
          },
          {
            "X": 0.6320486664772034,
            "Y": 0.4940144717693329
          },
          {
            "X": 0.5980671048164368,
            "Y": 0.4939359128475189
          }
        ]
      },
      "Id": "73ca9cd5-879f-4063-9ae0-dba22f31ee98",
      "Relationships": [
        {
          "Type": "CHILD",
          "Ids": [
            "a00260c0-19ae-4838-976a-5ad1ce518b2e"
          ]
        }
      ],
      "Page": 1
    },
    {
      "BlockType": "LINE",
      "Confidence": 99.34078979492188,
      "Text": "2.29",
      "Geometry": {
        "BoundingBox": {
          "Width": 0.026513833552598953,
          "Height": 0.016553448513150215,
          "Left": 0.6811692714691162,
          "Top": 0.47727927565574646
        },
        "Polygon": [
          {
            "X": 0.6811692714691162,
            "Y": 0.47727927565574646
          },
          {
            "X": 0.7075344324111938,
            "Y": 0.4773388206958771
          },
          {
            "X": 0.7076830863952637,
            "Y": 0.4938327372074127
          },
          {
            "X": 0.6813162565231323,
            "Y": 0.4937717914581299
          }
        ]
      },
      "Id": "3b869fcc-2bef-4ed4-ac4b-dec3d34b0596",
      "Relationships": [
        {
          "Type": "CHILD",
          "Ids": [
            "74958e2a-4533-414c-a9de-a97d7e29b1c5"
          ]
        }
      ],
      "Page": 1
    },
    {
      "BlockType": "LINE",
      "Confidence": 99.78372192382812,
      "Text": "BXLS -3",
      "Geometry": {
        "BoundingBox": {
          "Width": 0.047469139099121094,
          "Height": 0.017068495973944664,
          "Left": 0.2455674707889557,
          "Top": 0.5066608786582947
        },
        "Polygon": [
          {
            "X": 0.2455674707889557,
            "Y": 0.5066608786582947
          },
          {
            "X": 0.2929108142852783,
            "Y": 0.5067723393440247
          },
          {
            "X": 0.2930366098880768,
            "Y": 0.5237293839454651
          },
          {
            "X": 0.24569015204906464,
            "Y": 0.5236153602600098
          }
        ]
      },
      "Id": "ae9f4f59-2280-4c17-9e40-b26c00494eb7",
      "Relationships": [
        {
          "Type": "CHILD",
          "Ids": [
            "cb0ad707-17ea-4505-b302-5a342f8152f6",
            "553c2c2d-94ed-4c41-abca-0d18eaac35bd"
          ]
        }
      ],
      "Page": 1
    },
    {
      "BlockType": "LINE",
      "Confidence": 99.97958374023438,
      "Text": "3436",
      "Geometry": {
        "BoundingBox": {
          "Width": 0.030331773683428764,
          "Height": 0.01695038005709648,
          "Left": 0.362612247467041,
          "Top": 0.5066547989845276
        },
        "Polygon": [
          {
            "X": 0.362612247467041,
            "Y": 0.5066547989845276
          },
          {
            "X": 0.3928123414516449,
            "Y": 0.5067258477210999
          },
          {
            "X": 0.3929440379142761,
            "Y": 0.5236051678657532
          },
          {
            "X": 0.36274197697639465,
            "Y": 0.523532509803772
          }
        ]
      },
      "Id": "8ebdb86d-235e-41ef-ab25-8af09de3d1b8",
      "Relationships": [
        {
          "Type": "CHILD",
          "Ids": [
            "2723cbcf-47eb-473a-9b51-1e42e213d82d"
          ]
        }
      ],
      "Page": 1
    },
    {
      "BlockType": "LINE",
      "Confidence": 99.98277282714844,
      "Text": "167.7",
      "Geometry": {
        "BoundingBox": {
          "Width": 0.0341656357049942,
          "Height": 0.016917256638407707,
          "Left": 0.5978137254714966,
          "Top": 0.5066248774528503
        },
        "Polygon": [
          {
            "X": 0.5978137254714966,
            "Y": 0.5066248774528503
          },
          {
            "X": 0.6318325400352478,
            "Y": 0.5067048668861389
          },
          {
            "X": 0.6319793462753296,
            "Y": 0.5235421061515808
          },
          {
            "X": 0.5979583263397217,
            "Y": 0.5234602689743042
          }
        ]
      },
      "Id": "eda3bb54-21ff-4846-8a88-d637ff3379e1",
      "Relationships": [
        {
          "Type": "CHILD",
          "Ids": [
            "63e6ad08-b0f7-4a58-b69b-f3bb6aeea2a2"
          ]
        }
      ],
      "Page": 1
    },
    {
      "BlockType": "LINE",
      "Confidence": 98.61520385742188,
      "Text": "2.28",
      "Geometry": {
        "BoundingBox": {
          "Width": 0.026593871414661407,
          "Height": 0.01653938926756382,
          "Left": 0.6810581684112549,
          "Top": 0.5068045854568481
        },
        "Polygon": [
          {
            "X": 0.6810581684112549,
            "Y": 0.5068045854568481
          },
          {
            "X": 0.7075035572052002,
            "Y": 0.5068668127059937
          },
          {
            "X": 0.7076520323753357,
            "Y": 0.5233439803123474
          },
          {
            "X": 0.6812049746513367,
            "Y": 0.5232804417610168
          }
        ]
      },
      "Id": "9c22b911-652c-4bc5-a598-d83586edbdc9",
      "Relationships": [
        {
          "Type": "CHILD",
          "Ids": [
            "199cfc5b-de7a-4966-8631-a3fc4d025412"
          ]
        }
      ],
      "Page": 1
    },
    {
      "BlockType": "LINE",
      "Confidence": 99.68197631835938,
      "Text": "BXLS-5",
      "Geometry": {
        "BoundingBox": {
          "Width": 0.04338572174310684,
          "Height": 0.016887549310922623,
          "Left": 0.2454308420419693,
          "Top": 0.5352128148078918
        },
        "Polygon": [
          {
            "X": 0.2454308420419693,
            "Y": 0.5352128148078918
          },
          {
            "X": 0.2886923551559448,
            "Y": 0.5353186130523682
          },
          {
            "X": 0.28881657123565674,
            "Y": 0.5521003603935242
          },
          {
            "X": 0.24555222690105438,
            "Y": 0.5519922971725464
          }
        ]
      },
      "Id": "414d837e-fad0-4aaf-b920-716eca13984c",
      "Relationships": [
        {
          "Type": "CHILD",
          "Ids": [
            "143a190d-7d88-46e5-8ef7-a68a1a5c0398"
          ]
        }
      ],
      "Page": 1
    },
    {
      "BlockType": "LINE",
      "Confidence": 99.98290252685547,
      "Text": "3123",
      "Geometry": {
        "BoundingBox": {
          "Width": 0.03034674935042858,
          "Height": 0.016654809936881065,
          "Left": 0.36259573698043823,
          "Top": 0.5352288484573364
        },
        "Polygon": [
          {
            "X": 0.36259573698043823,
            "Y": 0.5352288484573364
          },
          {
            "X": 0.39281314611434937,
            "Y": 0.5353026986122131
          },
          {
            "X": 0.39294248819351196,
            "Y": 0.5518836379051208
          },
          {
            "X": 0.362723171710968,
            "Y": 0.55180823802948
          }
        ]
      },
      "Id": "f6d9203e-dd24-44a5-b70f-8fe187edeeac",
      "Relationships": [
        {
          "Type": "CHILD",
          "Ids": [
            "fe2a9107-600b-492c-84cc-d72145832b9f"
          ]
        }
      ],
      "Page": 1
    },
    {
      "BlockType": "LINE",
      "Confidence": 89.73689270019531,
      "Text": "165.4",
      "Geometry": {
        "BoundingBox": {
          "Width": 0.034049298614263535,
          "Height": 0.016645170748233795,
          "Left": 0.597937822341919,
          "Top": 0.5351095199584961
        },
        "Polygon": [
          {
            "X": 0.597937822341919,
            "Y": 0.5351095199584961
          },
          {
            "X": 0.6318426728248596,
            "Y": 0.5351923108100891
          },
          {
            "X": 0.6319870948791504,
            "Y": 0.5517547130584717
          },
          {
            "X": 0.5980800986289978,
            "Y": 0.5516701340675354
          }
        ]
      },
      "Id": "ee1ad034-e91e-4641-b407-b6bb36de0748",
      "Relationships": [
        {
          "Type": "CHILD",
          "Ids": [
            "07179618-5515-49c9-8fc6-e80bff34ab99"
          ]
        }
      ],
      "Page": 1
    },
    {
      "BlockType": "LINE",
      "Confidence": 99.78047180175781,
      "Text": "2.27",
      "Geometry": {
        "BoundingBox": {
          "Width": 0.026536010205745697,
          "Height": 0.01651974767446518,
          "Left": 0.6811513900756836,
          "Top": 0.5352646112442017
        },
        "Polygon": [
          {
            "X": 0.6811513900756836,
            "Y": 0.5352646112442017
          },
          {
            "X": 0.7075391411781311,
            "Y": 0.5353290438652039
          },
          {
            "X": 0.7076873779296875,
            "Y": 0.551784336566925
          },
          {
            "X": 0.6812979578971863,
            "Y": 0.551718533039093
          }
        ]
      },
      "Id": "099333bf-939e-4806-9625-70032480ef1f",
      "Relationships": [
        {
          "Type": "CHILD",
          "Ids": [
            "7dcf3d55-cc63-4eea-a9b3-8f494b3f0864"
          ]
        }
      ],
      "Page": 1
    },
    {
      "BlockType": "LINE",
      "Confidence": 99.2359848022461,
      "Text": "BXLS-7",
      "Geometry": {
        "BoundingBox": {
          "Width": 0.04317687079310417,
          "Height": 0.016728432849049568,
          "Left": 0.2455238401889801,
          "Top": 0.5647030472755432
        },
        "Polygon": [
          {
            "X": 0.2455238401889801,
            "Y": 0.5647030472755432
          },
          {
            "X": 0.28857773542404175,
            "Y": 0.5648123025894165
          },
          {
            "X": 0.2887006998062134,
            "Y": 0.5814314484596252
          },
          {
            "X": 0.24564404785633087,
            "Y": 0.5813199281692505
          }
        ]
      },
      "Id": "8e1864fa-20e8-4b2d-9daa-86da46358aaa",
      "Relationships": [
        {
          "Type": "CHILD",
          "Ids": [
            "1d97b3e2-3088-4a5d-b4f7-743994aebb62"
          ]
        }
      ],
      "Page": 1
    },
    {
      "BlockType": "LINE",
      "Confidence": 99.97970581054688,
      "Text": "2233",
      "Geometry": {
        "BoundingBox": {
          "Width": 0.03012990392744541,
          "Height": 0.016579944640398026,
          "Left": 0.3626343309879303,
          "Top": 0.564752995967865
        },
        "Polygon": [
          {
            "X": 0.3626343309879303,
            "Y": 0.564752995967865
          },
          {
            "X": 0.3926354944705963,
            "Y": 0.5648291110992432
          },
          {
            "X": 0.39276424050331116,
            "Y": 0.5813329219818115
          },
          {
            "X": 0.36276113986968994,
            "Y": 0.5812552571296692
          }
        ]
      },
      "Id": "475ac8a3-c63f-44f1-a57d-c6a037d62a17",
      "Relationships": [
        {
          "Type": "CHILD",
          "Ids": [
            "20e71d68-7fc6-4f02-bb7c-b613c79c4bb6"
          ]
        }
      ],
      "Page": 1
    },
    {
      "BlockType": "LINE",
      "Confidence": 99.84383392333984,
      "Text": "160.8",
      "Geometry": {
        "BoundingBox": {
          "Width": 0.03426945209503174,
          "Height": 0.016846811398863792,
          "Left": 0.5978151559829712,
          "Top": 0.5647217035293579
        },
        "Polygon": [
          {
            "X": 0.5978151559829712,
            "Y": 0.5647217035293579
          },
          {
            "X": 0.6319384574890137,
            "Y": 0.5648082494735718
          },
          {
            "X": 0.6320846080780029,
            "Y": 0.5815685391426086
          },
          {
            "X": 0.5979591012001038,
            "Y": 0.5814802050590515
          }
        ]
      },
      "Id": "4f76f012-77f1-4553-96e9-3bf106366195",
      "Relationships": [
        {
          "Type": "CHILD",
          "Ids": [
            "549c46d1-6599-4c1f-9574-019b6fa3e988"
          ]
        }
      ],
      "Page": 1
    },
    {
      "BlockType": "LINE",
      "Confidence": 99.69656372070312,
      "Text": "1.43",
      "Geometry": {
        "BoundingBox": {
          "Width": 0.02573557198047638,
          "Height": 0.01657990552484989,
          "Left": 0.6816369891166687,
          "Top": 0.5648260116577148
        },
        "Polygon": [
          {
            "X": 0.6816369891166687,
            "Y": 0.5648260116577148
          },
          {
            "X": 0.7072237730026245,
            "Y": 0.5648908615112305
          },
          {
            "X": 0.7073725461959839,
            "Y": 0.5814059376716614
          },
          {
            "X": 0.6817840933799744,
            "Y": 0.5813397169113159
          }
        ]
      },
      "Id": "29feb0e5-0a63-46d4-b33d-94104eef848b",
      "Relationships": [
        {
          "Type": "CHILD",
          "Ids": [
            "91daed2e-12a6-432e-9f13-c493f90ebd5c"
          ]
        }
      ],
      "Page": 1
    },
    {
      "BlockType": "LINE",
      "Confidence": 99.79219055175781,
      "Text": "BXLS-22",
      "Geometry": {
        "BoundingBox": {
          "Width": 0.051280032843351364,
          "Height": 0.016946667805314064,
          "Left": 0.2455306351184845,
          "Top": 0.5939855575561523
        },
        "Polygon": [
          {
            "X": 0.2455306351184845,
            "Y": 0.5939855575561523
          },
          {
            "X": 0.29668575525283813,
            "Y": 0.5941201448440552
          },
          {
            "X": 0.29681065678596497,
            "Y": 0.6109322309494019
          },
          {
            "X": 0.2456522136926651,
            "Y": 0.6107949018478394
          }
        ]
      },
      "Id": "25097b2e-df56-4a4f-afeb-e67318c7c5c0",
      "Relationships": [
        {
          "Type": "CHILD",
          "Ids": [
            "94f4e07d-6a20-4c6a-92d3-8a2ce6f78aca"
          ]
        }
      ],
      "Page": 1
    },
    {
      "BlockType": "LINE",
      "Confidence": 99.94560241699219,
      "Text": "2034",
      "Geometry": {
        "BoundingBox": {
          "Width": 0.03047509677708149,
          "Height": 0.01687234453856945,
          "Left": 0.36255475878715515,
          "Top": 0.5940989851951599
        },
        "Polygon": [
          {
            "X": 0.36255475878715515,
            "Y": 0.5940989851951599
          },
          {
            "X": 0.39289888739585876,
            "Y": 0.5941787958145142
          },
          {
            "X": 0.3930298686027527,
            "Y": 0.6109713315963745
          },
          {
            "X": 0.3626837730407715,
            "Y": 0.6108899116516113
          }
        ]
      },
      "Id": "c24fb724-854d-43b3-af33-45e7a0eaebfb",
      "Relationships": [
        {
          "Type": "CHILD",
          "Ids": [
            "3d31599a-87a3-4fff-8894-72d075bbedd5"
          ]
        }
      ],
      "Page": 1
    },
    {
      "BlockType": "LINE",
      "Confidence": 99.96824645996094,
      "Text": "150.8",
      "Geometry": {
        "BoundingBox": {
          "Width": 0.03407307714223862,
          "Height": 0.016992580145597458,
          "Left": 0.5980072021484375,
          "Top": 0.5940577387809753
        },
        "Polygon": [
          {
            "X": 0.5980072021484375,
            "Y": 0.5940577387809753
          },
          {
            "X": 0.6319329142570496,
            "Y": 0.5941469073295593
          },
          {
            "X": 0.6320802569389343,
            "Y": 0.6110503077507019
          },
          {
            "X": 0.5981523394584656,
            "Y": 0.6109593510627747
          }
        ]
      },
      "Id": "0295ab7e-177b-43f2-b53e-7a2981b75c54",
      "Relationships": [
        {
          "Type": "CHILD",
          "Ids": [
            "b28f42a9-a550-41e4-a127-f8684d7f409b"
          ]
        }
      ],
      "Page": 1
    },
    {
      "BlockType": "LINE",
      "Confidence": 99.95292663574219,
      "Text": "0.76",
      "Geometry": {
        "BoundingBox": {
          "Width": 0.026425369083881378,
          "Height": 0.016826821491122246,
          "Left": 0.68117755651474,
          "Top": 0.5941904187202454
        },
        "Polygon": [
          {
            "X": 0.68117755651474,
            "Y": 0.5941904187202454
          },
          {
            "X": 0.7074519991874695,
            "Y": 0.59425950050354
          },
          {
            "X": 0.7076029777526855,
            "Y": 0.6110172271728516
          },
          {
            "X": 0.6813268661499023,
            "Y": 0.6109468340873718
          }
        ]
      },
      "Id": "625c98b4-5ea2-4116-a2ee-d38ca859ee0a",
      "Relationships": [
        {
          "Type": "CHILD",
          "Ids": [
            "bb73f0cb-12aa-4aa6-be40-a2d87b6d6848"
          ]
        }
      ],
      "Page": 1
    },
    {
      "BlockType": "WORD",
      "Confidence": 99.9522933959961,
      "Text": "Sample",
      "TextType": "PRINTED",
      "Geometry": {
        "BoundingBox": {
          "Width": 0.044096753001213074,
          "Height": 0.022013792768120766,
          "Left": 0.24556328356266022,
          "Top": 0.3901875913143158
        },
        "Polygon": [
          {
            "X": 0.24556328356266022,
            "Y": 0.3901875913143158
          },
          {
            "X": 0.28949761390686035,
            "Y": 0.39027485251426697
          },
          {
            "X": 0.2896600365638733,
            "Y": 0.4122014045715332
          },
          {
            "X": 0.2457219809293747,
            "Y": 0.4121111035346985
          }
        ]
      },
      "Id": "479492ae-ea92-4767-8f00-ba806fa266bf",
      "Page": 1
    },
    {
      "BlockType": "WORD",
      "Confidence": 99.9393310546875,
      "Text": "code",
      "TextType": "PRINTED",
      "Geometry": {
        "BoundingBox": {
          "Width": 0.02847963757812977,
          "Height": 0.01799818128347397,
          "Left": 0.2938545346260071,
          "Top": 0.38975194096565247
        },
        "Polygon": [
          {
            "X": 0.2938545346260071,
            "Y": 0.38975194096565247
          },
          {
            "X": 0.3221990168094635,
            "Y": 0.38980817794799805
          },
          {
            "X": 0.3223341703414917,
            "Y": 0.40775012969970703
          },
          {
            "X": 0.2939877212047577,
            "Y": 0.4076922833919525
          }
        ]
      },
      "Id": "3b330d92-ca4b-464b-a680-4d9e8c399d93",
      "Page": 1
    },
    {
      "BlockType": "WORD",
      "Confidence": 99.93035125732422,
      "Text": "Storage",
      "TextType": "PRINTED",
      "Geometry": {
        "BoundingBox": {
          "Width": 0.04532257840037346,
          "Height": 0.020990703254938126,
          "Left": 0.36252450942993164,
          "Top": 0.3911782205104828
        },
        "Polygon": [
          {
            "X": 0.36252450942993164,
            "Y": 0.3911782205104828
          },
          {
            "X": 0.40768274664878845,
            "Y": 0.3912680149078369
          },
          {
            "X": 0.4078471064567566,
            "Y": 0.4121689200401306
          },
          {
            "X": 0.3626852035522461,
            "Y": 0.4120761454105377
          }
        ]
      },
      "Id": "b38f1cc0-30df-4504-a3bb-8a68360d8bf5",
      "Page": 1
    },
    {
      "BlockType": "WORD",
      "Confidence": 99.82279205322266,
      "Text": "modulus",
      "TextType": "PRINTED",
      "Geometry": {
        "BoundingBox": {
          "Width": 0.05219506472349167,
          "Height": 0.01780262403190136,
          "Left": 0.4119824469089508,
          "Top": 0.3899068236351013
        },
        "Polygon": [
          {
            "X": 0.4119824469089508,
            "Y": 0.3899068236351013
          },
          {
            "X": 0.4640345275402069,
            "Y": 0.3900100886821747
          },
          {
            "X": 0.46417751908302307,
            "Y": 0.4077094495296478
          },
          {
            "X": 0.41212189197540283,
            "Y": 0.40760326385498047
          }
        ]
      },
      "Id": "ae923f6b-e627-4df7-91d9-3d4a1c50da8b",
      "Page": 1
    },
    {
      "BlockType": "WORD",
      "Confidence": 99.98933410644531,
      "Text": "at",
      "TextType": "PRINTED",
      "Geometry": {
        "BoundingBox": {
          "Width": 0.012204837054014206,
          "Height": 0.014548207633197308,
          "Left": 0.4683886766433716,
          "Top": 0.3930377960205078
        },
        "Polygon": [
          {
            "X": 0.4683886766433716,
            "Y": 0.3930377960205078
          },
          {
            "X": 0.4804752469062805,
            "Y": 0.39306190609931946
          },
          {
            "X": 0.4805935025215149,
            "Y": 0.407586008310318
          },
          {
            "X": 0.46850624680519104,
            "Y": 0.40756136178970337
          }
        ]
      },
      "Id": "083693a2-77a7-43ca-bee3-c25d79206410",
      "Page": 1
    },
    {
      "BlockType": "WORD",
      "Confidence": 97.45795440673828,
      "Text": "25 °C",
      "TextType": "PRINTED",
      "Geometry": {
        "BoundingBox": {
          "Width": 0.03131984919309616,
          "Height": 0.017985861748456955,
          "Left": 0.48460322618484497,
          "Top": 0.39015793800354004
        },
        "Polygon": [
          {
            "X": 0.48460322618484497,
            "Y": 0.39015793800354004
          },
          {
            "X": 0.5157747268676758,
            "Y": 0.3902197778224945
          },
          {
            "X": 0.5159230828285217,
            "Y": 0.4081437885761261
          },
          {
            "X": 0.484749436378479,
            "Y": 0.40808019042015076
          }
        ]
      },
      "Id": "a133e6b1-6688-479f-98b8-737b17681677",
      "Page": 1
    },
    {
      "BlockType": "WORD",
      "Confidence": 99.90045928955078,
      "Text": "(MPa)",
      "TextType": "PRINTED",
      "Geometry": {
        "BoundingBox": {
          "Width": 0.03679176792502403,
          "Height": 0.020906319841742516,
          "Left": 0.5202412605285645,
          "Top": 0.3899398446083069
        },
        "Polygon": [
          {
            "X": 0.5202412605285645,
            "Y": 0.3899398446083069
          },
          {
            "X": 0.5568572878837585,
            "Y": 0.3900124728679657
          },
          {
            "X": 0.5570330023765564,
            "Y": 0.41084617376327515
          },
          {
            "X": 0.5204140543937683,
            "Y": 0.41077113151550293
          }
        ]
      },
      "Id": "8c724b3d-1c3b-4081-a9f5-78b660ab3b9e",
      "Page": 1
    },
    {
      "BlockType": "WORD",
      "Confidence": 99.80655670166016,
      "Text": "Tg",
      "TextType": "PRINTED",
      "Geometry": {
        "BoundingBox": {
          "Width": 0.016224633902311325,
          "Height": 0.021504251286387444,
          "Left": 0.5970377326011658,
          "Top": 0.3910577595233917
        },
        "Polygon": [
          {
            "X": 0.5970377326011658,
            "Y": 0.3910577595233917
          },
          {
            "X": 0.6130766272544861,
            "Y": 0.39108961820602417
          },
          {
            "X": 0.613262414932251,
            "Y": 0.4125620126724243
          },
          {
            "X": 0.5972222089767456,
            "Y": 0.4125290811061859
          }
        ]
      },
      "Id": "cd9f5678-c4a2-4d6a-8207-a28d9f3fc6f9",
      "Page": 1
    },
    {
      "BlockType": "WORD",
      "Confidence": 82.98526763916016,
      "Text": "(C)",
      "TextType": "PRINTED",
      "Geometry": {
        "BoundingBox": {
          "Width": 0.023107264190912247,
          "Height": 0.0210183747112751,
          "Left": 0.6173948645591736,
          "Top": 0.38990575075149536
        },
        "Polygon": [
          {
            "X": 0.6173948645591736,
            "Y": 0.38990575075149536
          },
          {
            "X": 0.6403185129165649,
            "Y": 0.3899511992931366
          },
          {
            "X": 0.6405021548271179,
            "Y": 0.41092410683631897
          },
          {
            "X": 0.6175767183303833,
            "Y": 0.41087713837623596
          }
        ]
      },
      "Id": "9fc4f614-602a-490d-9868-c03b0ee9ddca",
      "Page": 1
    },
    {
      "BlockType": "WORD",
      "Confidence": 82.67688751220703,
      "Text": "V",
      "TextType": "PRINTED",
      "Geometry": {
        "BoundingBox": {
          "Width": 0.006586735136806965,
          "Height": 0.011932549998164177,
          "Left": 0.6810716986656189,
          "Top": 0.3957099914550781
        },
        "Polygon": [
          {
            "X": 0.6810716986656189,
            "Y": 0.3957099914550781
          },
          {
            "X": 0.6875518560409546,
            "Y": 0.3957229554653168
          },
          {
            "X": 0.687658429145813,
            "Y": 0.40764254331588745
          },
          {
            "X": 0.6811779141426086,
            "Y": 0.4076293408870697
          }
        ]
      },
      "Id": "c6843616-907d-4dd4-ad31-7f99d6fc4333",
      "Page": 1
    },
    {
      "BlockType": "WORD",
      "Confidence": 57.09917449951172,
      "Text": "(mol/dm³)",
      "TextType": "PRINTED",
      "Geometry": {
        "BoundingBox": {
          "Width": 0.0648680254817009,
          "Height": 0.024452468380331993,
          "Left": 0.6918960213661194,
          "Top": 0.38655370473861694
        },
        "Polygon": [
          {
            "X": 0.6918960213661194,
            "Y": 0.38655370473861694
          },
          {
            "X": 0.7565401196479797,
            "Y": 0.38668113946914673
          },
          {
            "X": 0.7567639946937561,
            "Y": 0.4110061824321747
          },
          {
            "X": 0.6921138167381287,
            "Y": 0.41087374091148376
          }
        ]
      },
      "Id": "87ca12c8-03b9-4693-98ad-43ee7e23f0de",
      "Page": 1
    },
    {
      "BlockType": "WORD",
      "Confidence": 99.77257537841797,
      "Text": "EP",
      "TextType": "PRINTED",
      "Geometry": {
        "BoundingBox": {
          "Width": 0.015632223337888718,
          "Height": 0.015876563265919685,
          "Left": 0.24550305306911469,
          "Top": 0.44797900319099426
        },
        "Polygon": [
          {
            "X": 0.24550305306911469,
            "Y": 0.44797900319099426
          },
          {
            "X": 0.26101967692375183,
            "Y": 0.44801265001296997
          },
          {
            "X": 0.2611352801322937,
            "Y": 0.4638555645942688
          },
          {
            "X": 0.24561770260334015,
            "Y": 0.463821142911911
          }
        ]
      },
      "Id": "e00bdaa7-6caf-4cd0-8da1-8e2d6a58dccb",
      "Page": 1
    },
    {
      "BlockType": "WORD",
      "Confidence": 99.96192169189453,
      "Text": "3703",
      "TextType": "PRINTED",
      "Geometry": {
        "BoundingBox": {
          "Width": 0.03026805818080902,
          "Height": 0.016861872747540474,
          "Left": 0.3625258505344391,
          "Top": 0.44772422313690186
        },
        "Polygon": [
          {
            "X": 0.3625258505344391,
            "Y": 0.44772422313690186
          },
          {
            "X": 0.3926628530025482,
            "Y": 0.4477895498275757
          },
          {
            "X": 0.3927938938140869,
            "Y": 0.4645861089229584
          },
          {
            "X": 0.3626549541950226,
            "Y": 0.4645191729068756
          }
        ]
      },
      "Id": "103b3e8b-935b-42db-b1a3-6c694efa749e",
      "Page": 1
    },
    {
      "BlockType": "WORD",
      "Confidence": 99.90042114257812,
      "Text": "179.1",
      "TextType": "PRINTED",
      "Geometry": {
        "BoundingBox": {
          "Width": 0.03253890201449394,
          "Height": 0.016954127699136734,
          "Left": 0.598122239112854,
          "Top": 0.4474763870239258
        },
        "Polygon": [
          {
            "X": 0.598122239112854,
            "Y": 0.4474763870239258
          },
          {
            "X": 0.6305139660835266,
            "Y": 0.44754651188850403
          },
          {
            "X": 0.630661129951477,
            "Y": 0.4644305109977722
          },
          {
            "X": 0.5982673168182373,
            "Y": 0.4643586575984955
          }
        ]
      },
      "Id": "22894595-c608-4e56-b61a-aee703c249d8",
      "Page": 1
    },
    {
      "BlockType": "WORD",
      "Confidence": 99.84552001953125,
      "Text": "2.31",
      "TextType": "PRINTED",
      "Geometry": {
        "BoundingBox": {
          "Width": 0.025379730388522148,
          "Height": 0.01687067747116089,
          "Left": 0.6811959743499756,
          "Top": 0.447528600692749
        },
        "Polygon": [
          {
            "X": 0.6811959743499756,
            "Y": 0.447528600692749
          },
          {
            "X": 0.7064241766929626,
            "Y": 0.4475831985473633
          },
          {
            "X": 0.7065756916999817,
            "Y": 0.4643992781639099
          },
          {
            "X": 0.6813458204269409,
            "Y": 0.4643433392047882
          }
        ]
      },
      "Id": "91cd33cc-58fb-455f-91a1-bb46725b2995",
      "Page": 1
    },
    {
      "BlockType": "WORD",
      "Confidence": 99.42998504638672,
      "Text": "BXLS-1",
      "TextType": "PRINTED",
      "Geometry": {
        "BoundingBox": {
          "Width": 0.04179553687572479,
          "Height": 0.0165152158588171,
          "Left": 0.24536313116550446,
          "Top": 0.47731131315231323
        },
        "Polygon": [
          {
            "X": 0.24536313116550446,
            "Y": 0.47731131315231323
          },
          {
            "X": 0.2870372235774994,
            "Y": 0.4774055778980255
          },
          {
            "X": 0.28715866804122925,
            "Y": 0.4938265383243561
          },
          {
            "X": 0.245481938123703,
            "Y": 0.4937301278114319
          }
        ]
      },
      "Id": "d8ea84a8-d222-498f-8124-60b9a255bd95",
      "Page": 1
    },
    {
      "BlockType": "WORD",
      "Confidence": 99.96031188964844,
      "Text": "3745",
      "TextType": "PRINTED",
      "Geometry": {
        "BoundingBox": {
          "Width": 0.030134372413158417,
          "Height": 0.01666424795985222,
          "Left": 0.36267369985580444,
          "Top": 0.4773135781288147
        },
        "Polygon": [
          {
            "X": 0.36267369985580444,
            "Y": 0.4773135781288147
          },
          {
            "X": 0.39267855882644653,
            "Y": 0.4773814082145691
          },
          {
            "X": 0.39280804991722107,
            "Y": 0.493977814912796
          },
          {
            "X": 0.3628012537956238,
            "Y": 0.4939084053039551
          }
        ]
      },
      "Id": "e8c6c99c-5501-4e98-8de4-3bb138b9f218",
      "Page": 1
    },
    {
      "BlockType": "WORD",
      "Confidence": 99.98609924316406,
      "Text": "169.6",
      "TextType": "PRINTED",
      "Geometry": {
        "BoundingBox": {
          "Width": 0.03412695601582527,
          "Height": 0.017003821209073067,
          "Left": 0.5979216694831848,
          "Top": 0.4770106375217438
        },
        "Polygon": [
          {
            "X": 0.5979216694831848,
            "Y": 0.4770106375217438
          },
          {
            "X": 0.6319010257720947,
            "Y": 0.4770873785018921
          },
          {
            "X": 0.6320486664772034,
            "Y": 0.4940144717693329
          },
          {
            "X": 0.5980671048164368,
            "Y": 0.4939359128475189
          }
        ]
      },
      "Id": "a00260c0-19ae-4838-976a-5ad1ce518b2e",
      "Page": 1
    },
    {
      "BlockType": "WORD",
      "Confidence": 99.34078979492188,
      "Text": "2.29",
      "TextType": "PRINTED",
      "Geometry": {
        "BoundingBox": {
          "Width": 0.026513833552598953,
          "Height": 0.016553448513150215,
          "Left": 0.6811692714691162,
          "Top": 0.47727927565574646
        },
        "Polygon": [
          {
            "X": 0.6811692714691162,
            "Y": 0.47727927565574646
          },
          {
            "X": 0.7075344324111938,
            "Y": 0.4773388206958771
          },
          {
            "X": 0.7076830863952637,
            "Y": 0.4938327372074127
          },
          {
            "X": 0.6813162565231323,
            "Y": 0.4937717914581299
          }
        ]
      },
      "Id": "74958e2a-4533-414c-a9de-a97d7e29b1c5",
      "Page": 1
    },
    {
      "BlockType": "WORD",
      "Confidence": 99.87844848632812,
      "Text": "BXLS",
      "TextType": "PRINTED",
      "Geometry": {
        "BoundingBox": {
          "Width": 0.03149676322937012,
          "Height": 0.01682053506374359,
          "Left": 0.24556772410869598,
          "Top": 0.5066958069801331
        },
        "Polygon": [
          {
            "X": 0.24556772410869598,
            "Y": 0.5066958069801331
          },
          {
            "X": 0.27694129943847656,
            "Y": 0.5067696571350098
          },
          {
            "X": 0.2770644724369049,
            "Y": 0.5235163569450378
          },
          {
            "X": 0.24568888545036316,
            "Y": 0.5234407782554626
          }
        ]
      },
      "Id": "cb0ad707-17ea-4505-b302-5a342f8152f6",
      "Page": 1
    },
    {
      "BlockType": "WORD",
      "Confidence": 99.68898010253906,
      "Text": "-3",
      "TextType": "PRINTED",
      "Geometry": {
        "BoundingBox": {
          "Width": 0.011719862930476665,
          "Height": 0.016984328627586365,
          "Left": 0.28131675720214844,
          "Top": 0.5067450404167175
        },
        "Polygon": [
          {
            "X": 0.28131675720214844,
            "Y": 0.5067450404167175
          },
          {
            "X": 0.2929108142852783,
            "Y": 0.5067723393440247
          },
          {
            "X": 0.2930366098880768,
            "Y": 0.5237293839454651
          },
          {
            "X": 0.2814417779445648,
            "Y": 0.5237014889717102
          }
        ]
      },
      "Id": "553c2c2d-94ed-4c41-abca-0d18eaac35bd",
      "Page": 1
    },
    {
      "BlockType": "WORD",
      "Confidence": 99.97958374023438,
      "Text": "3436",
      "TextType": "PRINTED",
      "Geometry": {
        "BoundingBox": {
          "Width": 0.030331773683428764,
          "Height": 0.01695038005709648,
          "Left": 0.362612247467041,
          "Top": 0.5066547989845276
        },
        "Polygon": [
          {
            "X": 0.362612247467041,
            "Y": 0.5066547989845276
          },
          {
            "X": 0.3928123414516449,
            "Y": 0.5067258477210999
          },
          {
            "X": 0.3929440379142761,
            "Y": 0.5236051678657532
          },
          {
            "X": 0.36274197697639465,
            "Y": 0.523532509803772
          }
        ]
      },
      "Id": "2723cbcf-47eb-473a-9b51-1e42e213d82d",
      "Page": 1
    },
    {
      "BlockType": "WORD",
      "Confidence": 99.98277282714844,
      "Text": "167.7",
      "TextType": "PRINTED",
      "Geometry": {
        "BoundingBox": {
          "Width": 0.0341656357049942,
          "Height": 0.016917256638407707,
          "Left": 0.5978137254714966,
          "Top": 0.5066248774528503
        },
        "Polygon": [
          {
            "X": 0.5978137254714966,
            "Y": 0.5066248774528503
          },
          {
            "X": 0.6318325400352478,
            "Y": 0.5067048668861389
          },
          {
            "X": 0.6319793462753296,
            "Y": 0.5235421061515808
          },
          {
            "X": 0.5979583263397217,
            "Y": 0.5234602689743042
          }
        ]
      },
      "Id": "63e6ad08-b0f7-4a58-b69b-f3bb6aeea2a2",
      "Page": 1
    },
    {
      "BlockType": "WORD",
      "Confidence": 98.61520385742188,
      "Text": "2.28",
      "TextType": "PRINTED",
      "Geometry": {
        "BoundingBox": {
          "Width": 0.026593871414661407,
          "Height": 0.01653938926756382,
          "Left": 0.6810581684112549,
          "Top": 0.5068045854568481
        },
        "Polygon": [
          {
            "X": 0.6810581684112549,
            "Y": 0.5068045854568481
          },
          {
            "X": 0.7075035572052002,
            "Y": 0.5068668127059937
          },
          {
            "X": 0.7076520323753357,
            "Y": 0.5233439803123474
          },
          {
            "X": 0.6812049746513367,
            "Y": 0.5232804417610168
          }
        ]
      },
      "Id": "199cfc5b-de7a-4966-8631-a3fc4d025412",
      "Page": 1
    },
    {
      "BlockType": "WORD",
      "Confidence": 99.68197631835938,
      "Text": "BXLS-5",
      "TextType": "PRINTED",
      "Geometry": {
        "BoundingBox": {
          "Width": 0.04338572174310684,
          "Height": 0.016887549310922623,
          "Left": 0.2454308420419693,
          "Top": 0.5352128148078918
        },
        "Polygon": [
          {
            "X": 0.2454308420419693,
            "Y": 0.5352128148078918
          },
          {
            "X": 0.2886923551559448,
            "Y": 0.5353186130523682
          },
          {
            "X": 0.28881657123565674,
            "Y": 0.5521003603935242
          },
          {
            "X": 0.24555222690105438,
            "Y": 0.5519922971725464
          }
        ]
      },
      "Id": "143a190d-7d88-46e5-8ef7-a68a1a5c0398",
      "Page": 1
    },
    {
      "BlockType": "WORD",
      "Confidence": 99.98290252685547,
      "Text": "3123",
      "TextType": "PRINTED",
      "Geometry": {
        "BoundingBox": {
          "Width": 0.03034674935042858,
          "Height": 0.016654809936881065,
          "Left": 0.36259573698043823,
          "Top": 0.5352288484573364
        },
        "Polygon": [
          {
            "X": 0.36259573698043823,
            "Y": 0.5352288484573364
          },
          {
            "X": 0.39281314611434937,
            "Y": 0.5353026986122131
          },
          {
            "X": 0.39294248819351196,
            "Y": 0.5518836379051208
          },
          {
            "X": 0.362723171710968,
            "Y": 0.55180823802948
          }
        ]
      },
      "Id": "fe2a9107-600b-492c-84cc-d72145832b9f",
      "Page": 1
    },
    {
      "BlockType": "WORD",
      "Confidence": 89.73689270019531,
      "Text": "165.4",
      "TextType": "PRINTED",
      "Geometry": {
        "BoundingBox": {
          "Width": 0.034049298614263535,
          "Height": 0.016645170748233795,
          "Left": 0.597937822341919,
          "Top": 0.5351095199584961
        },
        "Polygon": [
          {
            "X": 0.597937822341919,
            "Y": 0.5351095199584961
          },
          {
            "X": 0.6318426728248596,
            "Y": 0.5351923108100891
          },
          {
            "X": 0.6319870948791504,
            "Y": 0.5517547130584717
          },
          {
            "X": 0.5980800986289978,
            "Y": 0.5516701340675354
          }
        ]
      },
      "Id": "07179618-5515-49c9-8fc6-e80bff34ab99",
      "Page": 1
    },
    {
      "BlockType": "WORD",
      "Confidence": 99.78047180175781,
      "Text": "2.27",
      "TextType": "PRINTED",
      "Geometry": {
        "BoundingBox": {
          "Width": 0.026536010205745697,
          "Height": 0.01651974767446518,
          "Left": 0.6811513900756836,
          "Top": 0.5352646112442017
        },
        "Polygon": [
          {
            "X": 0.6811513900756836,
            "Y": 0.5352646112442017
          },
          {
            "X": 0.7075391411781311,
            "Y": 0.5353290438652039
          },
          {
            "X": 0.7076873779296875,
            "Y": 0.551784336566925
          },
          {
            "X": 0.6812979578971863,
            "Y": 0.551718533039093
          }
        ]
      },
      "Id": "7dcf3d55-cc63-4eea-a9b3-8f494b3f0864",
      "Page": 1
    },
    {
      "BlockType": "WORD",
      "Confidence": 99.2359848022461,
      "Text": "BXLS-7",
      "TextType": "PRINTED",
      "Geometry": {
        "BoundingBox": {
          "Width": 0.04317687079310417,
          "Height": 0.016728432849049568,
          "Left": 0.2455238401889801,
          "Top": 0.5647030472755432
        },
        "Polygon": [
          {
            "X": 0.2455238401889801,
            "Y": 0.5647030472755432
          },
          {
            "X": 0.28857773542404175,
            "Y": 0.5648123025894165
          },
          {
            "X": 0.2887006998062134,
            "Y": 0.5814314484596252
          },
          {
            "X": 0.24564404785633087,
            "Y": 0.5813199281692505
          }
        ]
      },
      "Id": "1d97b3e2-3088-4a5d-b4f7-743994aebb62",
      "Page": 1
    },
    {
      "BlockType": "WORD",
      "Confidence": 99.97970581054688,
      "Text": "2233",
      "TextType": "PRINTED",
      "Geometry": {
        "BoundingBox": {
          "Width": 0.03012990392744541,
          "Height": 0.016579944640398026,
          "Left": 0.3626343309879303,
          "Top": 0.564752995967865
        },
        "Polygon": [
          {
            "X": 0.3626343309879303,
            "Y": 0.564752995967865
          },
          {
            "X": 0.3926354944705963,
            "Y": 0.5648291110992432
          },
          {
            "X": 0.39276424050331116,
            "Y": 0.5813329219818115
          },
          {
            "X": 0.36276113986968994,
            "Y": 0.5812552571296692
          }
        ]
      },
      "Id": "20e71d68-7fc6-4f02-bb7c-b613c79c4bb6",
      "Page": 1
    },
    {
      "BlockType": "WORD",
      "Confidence": 99.84383392333984,
      "Text": "160.8",
      "TextType": "PRINTED",
      "Geometry": {
        "BoundingBox": {
          "Width": 0.03426945209503174,
          "Height": 0.016846811398863792,
          "Left": 0.5978151559829712,
          "Top": 0.5647217035293579
        },
        "Polygon": [
          {
            "X": 0.5978151559829712,
            "Y": 0.5647217035293579
          },
          {
            "X": 0.6319384574890137,
            "Y": 0.5648082494735718
          },
          {
            "X": 0.6320846080780029,
            "Y": 0.5815685391426086
          },
          {
            "X": 0.5979591012001038,
            "Y": 0.5814802050590515
          }
        ]
      },
      "Id": "549c46d1-6599-4c1f-9574-019b6fa3e988",
      "Page": 1
    },
    {
      "BlockType": "WORD",
      "Confidence": 99.69656372070312,
      "Text": "1.43",
      "TextType": "PRINTED",
      "Geometry": {
        "BoundingBox": {
          "Width": 0.02573557198047638,
          "Height": 0.01657990552484989,
          "Left": 0.6816369891166687,
          "Top": 0.5648260116577148
        },
        "Polygon": [
          {
            "X": 0.6816369891166687,
            "Y": 0.5648260116577148
          },
          {
            "X": 0.7072237730026245,
            "Y": 0.5648908615112305
          },
          {
            "X": 0.7073725461959839,
            "Y": 0.5814059376716614
          },
          {
            "X": 0.6817840933799744,
            "Y": 0.5813397169113159
          }
        ]
      },
      "Id": "91daed2e-12a6-432e-9f13-c493f90ebd5c",
      "Page": 1
    },
    {
      "BlockType": "WORD",
      "Confidence": 99.79219055175781,
      "Text": "BXLS-22",
      "TextType": "PRINTED",
      "Geometry": {
        "BoundingBox": {
          "Width": 0.051280032843351364,
          "Height": 0.016946667805314064,
          "Left": 0.2455306351184845,
          "Top": 0.5939855575561523
        },
        "Polygon": [
          {
            "X": 0.2455306351184845,
            "Y": 0.5939855575561523
          },
          {
            "X": 0.29668575525283813,
            "Y": 0.5941201448440552
          },
          {
            "X": 0.29681065678596497,
            "Y": 0.6109322309494019
          },
          {
            "X": 0.2456522136926651,
            "Y": 0.6107949018478394
          }
        ]
      },
      "Id": "94f4e07d-6a20-4c6a-92d3-8a2ce6f78aca",
      "Page": 1
    },
    {
      "BlockType": "WORD",
      "Confidence": 99.94560241699219,
      "Text": "2034",
      "TextType": "PRINTED",
      "Geometry": {
        "BoundingBox": {
          "Width": 0.03047509677708149,
          "Height": 0.01687234453856945,
          "Left": 0.36255475878715515,
          "Top": 0.5940989851951599
        },
        "Polygon": [
          {
            "X": 0.36255475878715515,
            "Y": 0.5940989851951599
          },
          {
            "X": 0.39289888739585876,
            "Y": 0.5941787958145142
          },
          {
            "X": 0.3930298686027527,
            "Y": 0.6109713315963745
          },
          {
            "X": 0.3626837730407715,
            "Y": 0.6108899116516113
          }
        ]
      },
      "Id": "3d31599a-87a3-4fff-8894-72d075bbedd5",
      "Page": 1
    },
    {
      "BlockType": "WORD",
      "Confidence": 99.96824645996094,
      "Text": "150.8",
      "TextType": "PRINTED",
      "Geometry": {
        "BoundingBox": {
          "Width": 0.03407307714223862,
          "Height": 0.016992580145597458,
          "Left": 0.5980072021484375,
          "Top": 0.5940577387809753
        },
        "Polygon": [
          {
            "X": 0.5980072021484375,
            "Y": 0.5940577387809753
          },
          {
            "X": 0.6319329142570496,
            "Y": 0.5941469073295593
          },
          {
            "X": 0.6320802569389343,
            "Y": 0.6110503077507019
          },
          {
            "X": 0.5981523394584656,
            "Y": 0.6109593510627747
          }
        ]
      },
      "Id": "b28f42a9-a550-41e4-a127-f8684d7f409b",
      "Page": 1
    },
    {
      "BlockType": "WORD",
      "Confidence": 99.95292663574219,
      "Text": "0.76",
      "TextType": "PRINTED",
      "Geometry": {
        "BoundingBox": {
          "Width": 0.026425369083881378,
          "Height": 0.016826821491122246,
          "Left": 0.68117755651474,
          "Top": 0.5941904187202454
        },
        "Polygon": [
          {
            "X": 0.68117755651474,
            "Y": 0.5941904187202454
          },
          {
            "X": 0.7074519991874695,
            "Y": 0.59425950050354
          },
          {
            "X": 0.7076029777526855,
            "Y": 0.6110172271728516
          },
          {
            "X": 0.6813268661499023,
            "Y": 0.6109468340873718
          }
        ]
      },
      "Id": "bb73f0cb-12aa-4aa6-be40-a2d87b6d6848",
      "Page": 1
    },
    {
      "BlockType": "TABLE",
      "Confidence": 99.560546875,
      "Geometry": {
        "BoundingBox": {
          "Width": 0.538699746131897,
          "Height": 0.26150959730148315,
          "Left": 0.231582373380661,
          "Top": 0.369546502828598
        },
        "Polygon": [
          {
            "X": 0.231582373380661,
            "Y": 0.369546502828598
          },
          {
            "X": 0.7678730487823486,
            "Y": 0.3705764412879944
          },
          {
            "X": 0.7702821493148804,
            "Y": 0.6310560703277588
          },
          {
            "X": 0.23345090448856354,
            "Y": 0.6295832395553589
          }
        ]
      },
      "Id": "7f9cc03a-b466-4425-80f2-cb5912478379",
      "Relationships": [
        {
          "Type": "CHILD",
          "Ids": [
            "3f12e709-19b4-492a-b025-0e146251bee4",
            "80f91b75-24dc-4727-8a99-1121ae4ec72f",
            "4a6a9fe5-a5a7-4e96-a928-af5c4a5d0d0e",
            "db52db02-fd48-45ed-89b6-d6c5444139c0",
            "23d0c9ef-4024-4e90-8838-f78e827bb15a",
            "31284905-851a-4089-875d-a3510023b11d",
            "87feb778-0d1a-4f51-a925-7088f62d08ec",
            "63c747e4-5bcb-435a-877d-94d93bd1e07c",
            "5fc13bfb-56a6-49b7-944d-2ace4d86e770",
            "ca7e2603-b306-4ff0-8d67-d8e7f0391c7b",
            "985d9748-0e86-4735-8901-d5ca2e54f5ec",
            "31adfea3-0283-41a6-bb2c-207363998657",
            "19c5e5f1-58e6-4248-90fa-c7455242a442",
            "c4a5488e-d098-411f-8127-8ad7d4787204",
            "fb918561-4217-451a-8230-1b034eaf88d1",
            "83a8882c-a8df-4972-849a-13babdb88bc5",
            "483a32f6-c605-4b31-a5f5-346d46e6dab7",
            "e4c0faa3-39cb-4d70-a187-1cabee3492d9",
            "e3f17328-09b1-4a93-80a2-4a01ef0f9184",
            "c322ff7e-596f-4d65-802a-276f44e45bf3",
            "de9863b6-910f-4ba2-b76c-aac12b01c76e",
            "330e6db4-6f60-4407-9b88-2fc803eb4853",
            "e4b6a0d9-61dd-436b-8d0d-3890b8a0534a",
            "c8e91b04-20ae-4bce-ba1a-020f6236b230",
            "3f7013a2-da38-4096-a0e8-4506508d8b96",
            "c0025278-6929-43b8-98c1-f6b9ff97765e",
            "64e708cb-98b2-434b-ae8b-5239b1a4adec",
            "a77c618a-c584-45b0-92b9-4137bf35f251"
          ]
        }
      ],
      "EntityTypes": [
        "STRUCTURED_TABLE"
      ],
      "Page": 1
    },
    {
      "BlockType": "CELL",
      "Confidence": 92.138671875,
      "RowIndex": 1,
      "ColumnIndex": 1,
      "RowSpan": 1,
      "ColumnSpan": 1,
      "Geometry": {
        "BoundingBox": {
          "Width": 0.1121508777141571,
          "Height": 0.05847763642668724,
          "Left": 0.231582373380661,
          "Top": 0.369546502828598
        },
        "Polygon": [
          {
            "X": 0.231582373380661,
            "Y": 0.369546502828598
          },
          {
            "X": 0.3432895541191101,
            "Y": 0.36976104974746704
          },
          {
            "X": 0.3437332510948181,
            "Y": 0.42802414298057556
          },
          {
            "X": 0.23200088739395142,
            "Y": 0.42778897285461426
          }
        ]
      },
      "Id": "3f12e709-19b4-492a-b025-0e146251bee4",
      "Relationships": [
        {
          "Type": "CHILD",
          "Ids": [
            "479492ae-ea92-4767-8f00-ba806fa266bf",
            "3b330d92-ca4b-464b-a680-4d9e8c399d93"
          ]
        }
      ],
      "EntityTypes": [
        "COLUMN_HEADER"
      ],
      "Page": 1
    },
    {
      "BlockType": "CELL",
      "Confidence": 96.09375,
      "RowIndex": 1,
      "ColumnIndex": 2,
      "RowSpan": 1,
      "ColumnSpan": 1,
      "Geometry": {
        "BoundingBox": {
          "Width": 0.23231902718544006,
          "Height": 0.05875116586685181,
          "Left": 0.3432895541191101,
          "Top": 0.36976104974746704
        },
        "Polygon": [
          {
            "X": 0.3432895541191101,
            "Y": 0.36976104974746704
          },
          {
            "X": 0.5751125812530518,
            "Y": 0.3702062666416168
          },
          {
            "X": 0.5756086111068726,
            "Y": 0.42851221561431885
          },
          {
            "X": 0.3437332510948181,
            "Y": 0.42802414298057556
          }
        ]
      },
      "Id": "80f91b75-24dc-4727-8a99-1121ae4ec72f",
      "Relationships": [
        {
          "Type": "CHILD",
          "Ids": [
            "b38f1cc0-30df-4504-a3bb-8a68360d8bf5",
            "ae923f6b-e627-4df7-91d9-3d4a1c50da8b",
            "083693a2-77a7-43ca-bee3-c25d79206410",
            "a133e6b1-6688-479f-98b8-737b17681677",
            "8c724b3d-1c3b-4081-a9f5-78b660ab3b9e"
          ]
        }
      ],
      "EntityTypes": [
        "COLUMN_HEADER"
      ],
      "Page": 1
    },
    {
      "BlockType": "CELL",
      "Confidence": 89.111328125,
      "RowIndex": 1,
      "ColumnIndex": 3,
      "RowSpan": 1,
      "ColumnSpan": 1,
      "Geometry": {
        "BoundingBox": {
          "Width": 0.08686208724975586,
          "Height": 0.05848773568868637,
          "Left": 0.5751125812530518,
          "Top": 0.3702062666416168
        },
        "Polygon": [
          {
            "X": 0.5751125812530518,
            "Y": 0.3702062666416168
          },
          {
            "X": 0.6614591479301453,
            "Y": 0.37037208676338196
          },
          {
            "X": 0.6619746685028076,
            "Y": 0.4286939799785614
          },
          {
            "X": 0.5756086111068726,
            "Y": 0.42851221561431885
          }
        ]
      },
      "Id": "4a6a9fe5-a5a7-4e96-a928-af5c4a5d0d0e",
      "Relationships": [
        {
          "Type": "CHILD",
          "Ids": [
            "cd9f5678-c4a2-4d6a-8207-a28d9f3fc6f9",
            "9fc4f614-602a-490d-9868-c03b0ee9ddca"
          ]
        }
      ],
      "EntityTypes": [
        "COLUMN_HEADER"
      ],
      "Page": 1
    },
    {
      "BlockType": "CELL",
      "Confidence": 94.3359375,
      "RowIndex": 1,
      "ColumnIndex": 4,
      "RowSpan": 1,
      "ColumnSpan": 1,
      "Geometry": {
        "BoundingBox": {
          "Width": 0.10695348680019379,
          "Height": 0.05854594334959984,
          "Left": 0.6614591479301453,
          "Top": 0.37037208676338196
        },
        "Polygon": [
          {
            "X": 0.6614591479301453,
            "Y": 0.37037208676338196
          },
          {
            "X": 0.7678730487823486,
            "Y": 0.3705764412879944
          },
          {
            "X": 0.7684125900268555,
            "Y": 0.4289180338382721
          },
          {
            "X": 0.6619746685028076,
            "Y": 0.4286939799785614
          }
        ]
      },
      "Id": "db52db02-fd48-45ed-89b6-d6c5444139c0",
      "Relationships": [
        {
          "Type": "CHILD",
          "Ids": [
            "c6843616-907d-4dd4-ad31-7f99d6fc4333",
            "87ca12c8-03b9-4693-98ad-43ee7e23f0de"
          ]
        }
      ],
      "EntityTypes": [
        "COLUMN_HEADER"
      ],
      "Page": 1
    },
    {
      "BlockType": "CELL",
      "Confidence": 88.76953125,
      "RowIndex": 2,
      "ColumnIndex": 1,
      "RowSpan": 1,
      "ColumnSpan": 1,
      "Geometry": {
        "BoundingBox": {
          "Width": 0.11204323917627335,
          "Height": 0.04105709493160248,
          "Left": 0.23200088739395142,
          "Top": 0.42778897285461426
        },
        "Polygon": [
          {
            "X": 0.23200088739395142,
            "Y": 0.42778897285461426
          },
          {
            "X": 0.3437332510948181,
            "Y": 0.42802414298057556
          },
          {
            "X": 0.34404411911964417,
            "Y": 0.46884605288505554
          },
          {
            "X": 0.23229411244392395,
            "Y": 0.4685963988304138
          }
        ]
      },
      "Id": "23d0c9ef-4024-4e90-8838-f78e827bb15a",
      "Relationships": [
        {
          "Type": "CHILD",
          "Ids": [
            "e00bdaa7-6caf-4cd0-8da1-8e2d6a58dccb"
          ]
        }
      ],
      "Page": 1
    },
    {
      "BlockType": "CELL",
      "Confidence": 92.529296875,
      "RowIndex": 2,
      "ColumnIndex": 2,
      "RowSpan": 1,
      "ColumnSpan": 1,
      "Geometry": {
        "BoundingBox": {
          "Width": 0.23222285509109497,
          "Height": 0.04134000837802887,
          "Left": 0.3437332510948181,
          "Top": 0.42802414298057556
        },
        "Polygon": [
          {
            "X": 0.3437332510948181,
            "Y": 0.42802414298057556
          },
          {
            "X": 0.5756086111068726,
            "Y": 0.42851221561431885
          },
          {
            "X": 0.5759561061859131,
            "Y": 0.46936413645744324
          },
          {
            "X": 0.34404411911964417,
            "Y": 0.46884605288505554
          }
        ]
      },
      "Id": "31284905-851a-4089-875d-a3510023b11d",
      "Relationships": [
        {
          "Type": "CHILD",
          "Ids": [
            "103b3e8b-935b-42db-b1a3-6c694efa749e"
          ]
        }
      ],
      "Page": 1
    },
    {
      "BlockType": "CELL",
      "Confidence": 85.791015625,
      "RowIndex": 2,
      "ColumnIndex": 3,
      "RowSpan": 1,
      "ColumnSpan": 1,
      "Geometry": {
        "BoundingBox": {
          "Width": 0.08672726899385452,
          "Height": 0.041044916957616806,
          "Left": 0.5756086111068726,
          "Top": 0.42851221561431885
        },
        "Polygon": [
          {
            "X": 0.5756086111068726,
            "Y": 0.42851221561431885
          },
          {
            "X": 0.6619746685028076,
            "Y": 0.4286939799785614
          },
          {
            "X": 0.6623358726501465,
            "Y": 0.46955713629722595
          },
          {
            "X": 0.5759561061859131,
            "Y": 0.46936413645744324
          }
        ]
      },
      "Id": "87feb778-0d1a-4f51-a925-7088f62d08ec",
      "Relationships": [
        {
          "Type": "CHILD",
          "Ids": [
            "22894595-c608-4e56-b61a-aee703c249d8"
          ]
        }
      ],
      "Page": 1
    },
    {
      "BlockType": "CELL",
      "Confidence": 90.869140625,
      "RowIndex": 2,
      "ColumnIndex": 4,
      "RowSpan": 1,
      "ColumnSpan": 1,
      "Geometry": {
        "BoundingBox": {
          "Width": 0.10681601613759995,
          "Height": 0.04110095277428627,
          "Left": 0.6619746685028076,
          "Top": 0.4286939799785614
        },
        "Polygon": [
          {
            "X": 0.6619746685028076,
            "Y": 0.4286939799785614
          },
          {
            "X": 0.7684125900268555,
            "Y": 0.4289180338382721
          },
          {
            "X": 0.7687906622886658,
            "Y": 0.4697949290275574
          },
          {
            "X": 0.6623358726501465,
            "Y": 0.46955713629722595
          }
        ]
      },
      "Id": "63c747e4-5bcb-435a-877d-94d93bd1e07c",
      "Relationships": [
        {
          "Type": "CHILD",
          "Ids": [
            "91cd33cc-58fb-455f-91a1-bb46725b2995"
          ]
        }
      ],
      "Page": 1
    },
    {
      "BlockType": "CELL",
      "Confidence": 85.05859375,
      "RowIndex": 3,
      "ColumnIndex": 1,
      "RowSpan": 1,
      "ColumnSpan": 1,
      "Geometry": {
        "BoundingBox": {
          "Width": 0.11198558658361435,
          "Height": 0.03118387795984745,
          "Left": 0.23229411244392395,
          "Top": 0.4685963988304138
        },
        "Polygon": [
          {
            "X": 0.23229411244392395,
            "Y": 0.4685963988304138
          },
          {
            "X": 0.34404411911964417,
            "Y": 0.46884605288505554
          },
          {
            "X": 0.3442797064781189,
            "Y": 0.4997802972793579
          },
          {
            "X": 0.2325163185596466,
            "Y": 0.4995196759700775
          }
        ]
      },
      "Id": "5fc13bfb-56a6-49b7-944d-2ace4d86e770",
      "Relationships": [
        {
          "Type": "CHILD",
          "Ids": [
            "d8ea84a8-d222-498f-8124-60b9a255bd95"
          ]
        }
      ],
      "Page": 1
    },
    {
      "BlockType": "CELL",
      "Confidence": 88.671875,
      "RowIndex": 3,
      "ColumnIndex": 2,
      "RowSpan": 1,
      "ColumnSpan": 1,
      "Geometry": {
        "BoundingBox": {
          "Width": 0.2321753352880478,
          "Height": 0.03147508203983307,
          "Left": 0.34404411911964417,
          "Top": 0.46884605288505554
        },
        "Polygon": [
          {
            "X": 0.34404411911964417,
            "Y": 0.46884605288505554
          },
          {
            "X": 0.5759561061859131,
            "Y": 0.46936413645744324
          },
          {
            "X": 0.5762194991111755,
            "Y": 0.5003211498260498
          },
          {
            "X": 0.3442797064781189,
            "Y": 0.4997802972793579
          }
        ]
      },
      "Id": "ca7e2603-b306-4ff0-8d67-d8e7f0391c7b",
      "Relationships": [
        {
          "Type": "CHILD",
          "Ids": [
            "e8c6c99c-5501-4e98-8de4-3bb138b9f218"
          ]
        }
      ],
      "Page": 1
    },
    {
      "BlockType": "CELL",
      "Confidence": 82.2265625,
      "RowIndex": 3,
      "ColumnIndex": 3,
      "RowSpan": 1,
      "ColumnSpan": 1,
      "Geometry": {
        "BoundingBox": {
          "Width": 0.0866534486413002,
          "Height": 0.031158441677689552,
          "Left": 0.5759561061859131,
          "Top": 0.46936413645744324
        },
        "Polygon": [
          {
            "X": 0.5759561061859131,
            "Y": 0.46936413645744324
          },
          {
            "X": 0.6623358726501465,
            "Y": 0.46955713629722595
          },
          {
            "X": 0.6626095771789551,
            "Y": 0.5005226135253906
          },
          {
            "X": 0.5762194991111755,
            "Y": 0.5003211498260498
          }
        ]
      },
      "Id": "985d9748-0e86-4735-8901-d5ca2e54f5ec",
      "Relationships": [
        {
          "Type": "CHILD",
          "Ids": [
            "a00260c0-19ae-4838-976a-5ad1ce518b2e"
          ]
        }
      ],
      "Page": 1
    },
    {
      "BlockType": "CELL",
      "Confidence": 87.060546875,
      "RowIndex": 3,
      "ColumnIndex": 4,
      "RowSpan": 1,
      "ColumnSpan": 1,
      "Geometry": {
        "BoundingBox": {
          "Width": 0.10674130171537399,
          "Height": 0.03121373988687992,
          "Left": 0.6623358726501465,
          "Top": 0.46955713629722595
        },
        "Polygon": [
          {
            "X": 0.6623358726501465,
            "Y": 0.46955713629722595
          },
          {
            "X": 0.7687906622886658,
            "Y": 0.4697949290275574
          },
          {
            "X": 0.7690771818161011,
            "Y": 0.5007708668708801
          },
          {
            "X": 0.6626095771789551,
            "Y": 0.5005226135253906
          }
        ]
      },
      "Id": "31adfea3-0283-41a6-bb2c-207363998657",
      "Relationships": [
        {
          "Type": "CHILD",
          "Ids": [
            "74958e2a-4533-414c-a9de-a97d7e29b1c5"
          ]
        }
      ],
      "Page": 1
    },
    {
      "BlockType": "CELL",
      "Confidence": 85.595703125,
      "RowIndex": 4,
      "ColumnIndex": 1,
      "RowSpan": 1,
      "ColumnSpan": 1,
      "Geometry": {
        "BoundingBox": {
          "Width": 0.11198016256093979,
          "Height": 0.0287266094237566,
          "Left": 0.2325163185596466,
          "Top": 0.4995196759700775
        },
        "Polygon": [
          {
            "X": 0.2325163185596466,
            "Y": 0.4995196759700775
          },
          {
            "X": 0.3442797064781189,
            "Y": 0.4997802972793579
          },
          {
            "X": 0.344496488571167,
            "Y": 0.528246283531189
          },
          {
            "X": 0.23272079229354858,
            "Y": 0.5279755592346191
          }
        ]
      },
      "Id": "19c5e5f1-58e6-4248-90fa-c7455242a442",
      "Relationships": [
        {
          "Type": "CHILD",
          "Ids": [
            "cb0ad707-17ea-4505-b302-5a342f8152f6",
            "553c2c2d-94ed-4c41-abca-0d18eaac35bd"
          ]
        }
      ],
      "Page": 1
    },
    {
      "BlockType": "CELL",
      "Confidence": 89.2578125,
      "RowIndex": 4,
      "ColumnIndex": 2,
      "RowSpan": 1,
      "ColumnSpan": 1,
      "Geometry": {
        "BoundingBox": {
          "Width": 0.232182115316391,
          "Height": 0.029027797281742096,
          "Left": 0.3442797064781189,
          "Top": 0.4997802972793579
        },
        "Polygon": [
          {
            "X": 0.3442797064781189,
            "Y": 0.4997802972793579
          },
          {
            "X": 0.5762194991111755,
            "Y": 0.5003211498260498
          },
          {
            "X": 0.5764617919921875,
            "Y": 0.528808057308197
          },
          {
            "X": 0.344496488571167,
            "Y": 0.528246283531189
          }
        ]
      },
      "Id": "c4a5488e-d098-411f-8127-8ad7d4787204",
      "Relationships": [
        {
          "Type": "CHILD",
          "Ids": [
            "2723cbcf-47eb-473a-9b51-1e42e213d82d"
          ]
        }
      ],
      "Page": 1
    },
    {
      "BlockType": "CELL",
      "Confidence": 82.763671875,
      "RowIndex": 4,
      "ColumnIndex": 3,
      "RowSpan": 1,
      "ColumnSpan": 1,
      "Geometry": {
        "BoundingBox": {
          "Width": 0.08664196729660034,
          "Height": 0.028696198016405106,
          "Left": 0.5762194991111755,
          "Top": 0.5003211498260498
        },
        "Polygon": [
          {
            "X": 0.5762194991111755,
            "Y": 0.5003211498260498
          },
          {
            "X": 0.6626095771789551,
            "Y": 0.5005226135253906
          },
          {
            "X": 0.6628614664077759,
            "Y": 0.5290173292160034
          },
          {
            "X": 0.5764617919921875,
            "Y": 0.528808057308197
          }
        ]
      },
      "Id": "fb918561-4217-451a-8230-1b034eaf88d1",
      "Relationships": [
        {
          "Type": "CHILD",
          "Ids": [
            "63e6ad08-b0f7-4a58-b69b-f3bb6aeea2a2"
          ]
        }
      ],
      "Page": 1
    },
    {
      "BlockType": "CELL",
      "Confidence": 87.646484375,
      "RowIndex": 4,
      "ColumnIndex": 4,
      "RowSpan": 1,
      "ColumnSpan": 1,
      "Geometry": {
        "BoundingBox": {
          "Width": 0.10673121362924576,
          "Height": 0.028752632439136505,
          "Left": 0.6626095771789551,
          "Top": 0.5005226135253906
        },
        "Polygon": [
          {
            "X": 0.6626095771789551,
            "Y": 0.5005226135253906
          },
          {
            "X": 0.7690771818161011,
            "Y": 0.5007708668708801
          },
          {
            "X": 0.7693408131599426,
            "Y": 0.5292752385139465
          },
          {
            "X": 0.6628614664077759,
            "Y": 0.5290173292160034
          }
        ]
      },
      "Id": "83a8882c-a8df-4972-849a-13babdb88bc5",
      "Relationships": [
        {
          "Type": "CHILD",
          "Ids": [
            "199cfc5b-de7a-4966-8631-a3fc4d025412"
          ]
        }
      ],
      "Page": 1
    },
    {
      "BlockType": "CELL",
      "Confidence": 85.546875,
      "RowIndex": 5,
      "ColumnIndex": 1,
      "RowSpan": 1,
      "ColumnSpan": 1,
      "Geometry": {
        "BoundingBox": {
          "Width": 0.1120019406080246,
          "Height": 0.02998100034892559,
          "Left": 0.23272079229354858,
          "Top": 0.5279755592346191
        },
        "Polygon": [
          {
            "X": 0.23272079229354858,
            "Y": 0.5279755592346191
          },
          {
            "X": 0.344496488571167,
            "Y": 0.528246283531189
          },
          {
            "X": 0.3447227478027344,
            "Y": 0.5579565763473511
          },
          {
            "X": 0.23293420672416687,
            "Y": 0.557675302028656
          }
        ]
      },
      "Id": "483a32f6-c605-4b31-a5f5-346d46e6dab7",
      "Relationships": [
        {
          "Type": "CHILD",
          "Ids": [
            "143a190d-7d88-46e5-8ef7-a68a1a5c0398"
          ]
        }
      ],
      "Page": 1
    },
    {
      "BlockType": "CELL",
      "Confidence": 89.208984375,
      "RowIndex": 5,
      "ColumnIndex": 2,
      "RowSpan": 1,
      "ColumnSpan": 1,
      "Geometry": {
        "BoundingBox": {
          "Width": 0.23221826553344727,
          "Height": 0.030293965712189674,
          "Left": 0.344496488571167,
          "Top": 0.528246283531189
        },
        "Polygon": [
          {
            "X": 0.344496488571167,
            "Y": 0.528246283531189
          },
          {
            "X": 0.5764617919921875,
            "Y": 0.528808057308197
          },
          {
            "X": 0.5767147541046143,
            "Y": 0.5585402250289917
          },
          {
            "X": 0.3447227478027344,
            "Y": 0.5579565763473511
          }
        ]
      },
      "Id": "e4c0faa3-39cb-4d70-a187-1cabee3492d9",
      "Relationships": [
        {
          "Type": "CHILD",
          "Ids": [
            "fe2a9107-600b-492c-84cc-d72145832b9f"
          ]
        }
      ],
      "Page": 1
    },
    {
      "BlockType": "CELL",
      "Confidence": 82.71484375,
      "RowIndex": 5,
      "ColumnIndex": 3,
      "RowSpan": 1,
      "ColumnSpan": 1,
      "Geometry": {
        "BoundingBox": {
          "Width": 0.08666250854730606,
          "Height": 0.02994956076145172,
          "Left": 0.5764617919921875,
          "Top": 0.528808057308197
        },
        "Polygon": [
          {
            "X": 0.5764617919921875,
            "Y": 0.528808057308197
          },
          {
            "X": 0.6628614664077759,
            "Y": 0.5290173292160034
          },
          {
            "X": 0.6631243228912354,
            "Y": 0.5587576627731323
          },
          {
            "X": 0.5767147541046143,
            "Y": 0.5585402250289917
          }
        ]
      },
      "Id": "e3f17328-09b1-4a93-80a2-4a01ef0f9184",
      "Relationships": [
        {
          "Type": "CHILD",
          "Ids": [
            "07179618-5515-49c9-8fc6-e80bff34ab99"
          ]
        }
      ],
      "Page": 1
    },
    {
      "BlockType": "CELL",
      "Confidence": 87.59765625,
      "RowIndex": 5,
      "ColumnIndex": 4,
      "RowSpan": 1,
      "ColumnSpan": 1,
      "Geometry": {
        "BoundingBox": {
          "Width": 0.10675449669361115,
          "Height": 0.030008232221007347,
          "Left": 0.6628614664077759,
          "Top": 0.5290173292160034
        },
        "Polygon": [
          {
            "X": 0.6628614664077759,
            "Y": 0.5290173292160034
          },
          {
            "X": 0.7693408131599426,
            "Y": 0.5292752385139465
          },
          {
            "X": 0.7696159482002258,
            "Y": 0.5590255856513977
          },
          {
            "X": 0.6631243228912354,
            "Y": 0.5587576627731323
          }
        ]
      },
      "Id": "c322ff7e-596f-4d65-802a-276f44e45bf3",
      "Relationships": [
        {
          "Type": "CHILD",
          "Ids": [
            "7dcf3d55-cc63-4eea-a9b3-8f494b3f0864"
          ]
        }
      ],
      "Page": 1
    },
    {
      "BlockType": "CELL",
      "Confidence": 84.228515625,
      "RowIndex": 6,
      "ColumnIndex": 1,
      "RowSpan": 1,
      "ColumnSpan": 1,
      "Geometry": {
        "BoundingBox": {
          "Width": 0.11200540512800217,
          "Height": 0.02875998057425022,
          "Left": 0.23293420672416687,
          "Top": 0.557675302028656
        },
        "Polygon": [
          {
            "X": 0.23293420672416687,
            "Y": 0.557675302028656
          },
          {
            "X": 0.3447227478027344,
            "Y": 0.5579565763473511
          },
          {
            "X": 0.34493961930274963,
            "Y": 0.5864352583885193
          },
          {
            "X": 0.233138769865036,
            "Y": 0.5861439108848572
          }
        ]
      },
      "Id": "de9863b6-910f-4ba2-b76c-aac12b01c76e",
      "Relationships": [
        {
          "Type": "CHILD",
          "Ids": [
            "1d97b3e2-3088-4a5d-b4f7-743994aebb62"
          ]
        }
      ],
      "Page": 1
    },
    {
      "BlockType": "CELL",
      "Confidence": 87.79296875,
      "RowIndex": 6,
      "ColumnIndex": 2,
      "RowSpan": 1,
      "ColumnSpan": 1,
      "Geometry": {
        "BoundingBox": {
          "Width": 0.23223446309566498,
          "Height": 0.029083378612995148,
          "Left": 0.3447227478027344,
          "Top": 0.5579565763473511
        },
        "Polygon": [
          {
            "X": 0.3447227478027344,
            "Y": 0.5579565763473511
          },
          {
            "X": 0.5767147541046143,
            "Y": 0.5585402250289917
          },
          {
            "X": 0.5769572257995605,
            "Y": 0.5870399475097656
          },
          {
            "X": 0.34493961930274963,
            "Y": 0.5864352583885193
          }
        ]
      },
      "Id": "330e6db4-6f60-4407-9b88-2fc803eb4853",
      "Relationships": [
        {
          "Type": "CHILD",
          "Ids": [
            "20e71d68-7fc6-4f02-bb7c-b613c79c4bb6"
          ]
        }
      ],
      "Page": 1
    },
    {
      "BlockType": "CELL",
      "Confidence": 81.396484375,
      "RowIndex": 6,
      "ColumnIndex": 3,
      "RowSpan": 1,
      "ColumnSpan": 1,
      "Geometry": {
        "BoundingBox": {
          "Width": 0.08666156232357025,
          "Height": 0.0287249106913805,
          "Left": 0.5767147541046143,
          "Top": 0.5585402250289917
        },
        "Polygon": [
          {
            "X": 0.5767147541046143,
            "Y": 0.5585402250289917
          },
          {
            "X": 0.6631243228912354,
            "Y": 0.5587576627731323
          },
          {
            "X": 0.6633763313293457,
            "Y": 0.587265133857727
          },
          {
            "X": 0.5769572257995605,
            "Y": 0.5870399475097656
          }
        ]
      },
      "Id": "e4b6a0d9-61dd-436b-8d0d-3890b8a0534a",
      "Relationships": [
        {
          "Type": "CHILD",
          "Ids": [
            "549c46d1-6599-4c1f-9574-019b6fa3e988"
          ]
        }
      ],
      "Page": 1
    },
    {
      "BlockType": "CELL",
      "Confidence": 86.23046875,
      "RowIndex": 6,
      "ColumnIndex": 4,
      "RowSpan": 1,
      "ColumnSpan": 1,
      "Geometry": {
        "BoundingBox": {
          "Width": 0.10675535351037979,
          "Height": 0.028785062953829765,
          "Left": 0.6631243228912354,
          "Top": 0.5587576627731323
        },
        "Polygon": [
          {
            "X": 0.6631243228912354,
            "Y": 0.5587576627731323
          },
          {
            "X": 0.7696159482002258,
            "Y": 0.5590255856513977
          },
          {
            "X": 0.7698796987533569,
            "Y": 0.587542712688446
          },
          {
            "X": 0.6633763313293457,
            "Y": 0.587265133857727
          }
        ]
      },
      "Id": "c8e91b04-20ae-4bce-ba1a-020f6236b230",
      "Relationships": [
        {
          "Type": "CHILD",
          "Ids": [
            "91daed2e-12a6-432e-9f13-c493f90ebd5c"
          ]
        }
      ],
      "Page": 1
    },
    {
      "BlockType": "CELL",
      "Confidence": 89.501953125,
      "RowIndex": 7,
      "ColumnIndex": 1,
      "RowSpan": 1,
      "ColumnSpan": 1,
      "Geometry": {
        "BoundingBox": {
          "Width": 0.112131766974926,
          "Height": 0.04374612495303154,
          "Left": 0.233138769865036,
          "Top": 0.5861439108848572
        },
        "Polygon": [
          {
            "X": 0.233138769865036,
            "Y": 0.5861439108848572
          },
          {
            "X": 0.34493961930274963,
            "Y": 0.5864352583885193
          },
          {
            "X": 0.3452705442905426,
            "Y": 0.6298900246620178
          },
          {
            "X": 0.23345090448856354,
            "Y": 0.6295832395553589
          }
        ]
      },
      "Id": "3f7013a2-da38-4096-a0e8-4506508d8b96",
      "Relationships": [
        {
          "Type": "CHILD",
          "Ids": [
            "94f4e07d-6a20-4c6a-92d3-8a2ce6f78aca"
          ]
        }
      ],
      "Page": 1
    },
    {
      "BlockType": "CELL",
      "Confidence": 93.310546875,
      "RowIndex": 7,
      "ColumnIndex": 2,
      "RowSpan": 1,
      "ColumnSpan": 1,
      "Geometry": {
        "BoundingBox": {
          "Width": 0.23238754272460938,
          "Height": 0.044091422110795975,
          "Left": 0.34493961930274963,
          "Top": 0.5864352583885193
        },
        "Polygon": [
          {
            "X": 0.34493961930274963,
            "Y": 0.5864352583885193
          },
          {
            "X": 0.5769572257995605,
            "Y": 0.5870399475097656
          },
          {
            "X": 0.5773271322250366,
            "Y": 0.6305267214775085
          },
          {
            "X": 0.3452705442905426,
            "Y": 0.6298900246620178
          }
        ]
      },
      "Id": "c0025278-6929-43b8-98c1-f6b9ff97765e",
      "Relationships": [
        {
          "Type": "CHILD",
          "Ids": [
            "3d31599a-87a3-4fff-8894-72d075bbedd5"
          ]
        }
      ],
      "Page": 1
    },
    {
      "BlockType": "CELL",
      "Confidence": 86.5234375,
      "RowIndex": 7,
      "ColumnIndex": 3,
      "RowSpan": 1,
      "ColumnSpan": 1,
      "Geometry": {
        "BoundingBox": {
          "Width": 0.0868036076426506,
          "Height": 0.04372390732169151,
          "Left": 0.5769572257995605,
          "Top": 0.5870399475097656
        },
        "Polygon": [
          {
            "X": 0.5769572257995605,
            "Y": 0.5870399475097656
          },
          {
            "X": 0.6633763313293457,
            "Y": 0.587265133857727
          },
          {
            "X": 0.663760781288147,
            "Y": 0.630763828754425
          },
          {
            "X": 0.5773271322250366,
            "Y": 0.6305267214775085
          }
        ]
      },
      "Id": "64e708cb-98b2-434b-ae8b-5239b1a4adec",
      "Relationships": [
        {
          "Type": "CHILD",
          "Ids": [
            "b28f42a9-a550-41e4-a127-f8684d7f409b"
          ]
        }
      ],
      "Page": 1
    },
    {
      "BlockType": "CELL",
      "Confidence": 91.650390625,
      "RowIndex": 7,
      "ColumnIndex": 4,
      "RowSpan": 1,
      "ColumnSpan": 1,
      "Geometry": {
        "BoundingBox": {
          "Width": 0.10690581053495407,
          "Height": 0.04379094019532204,
          "Left": 0.6633763313293457,
          "Top": 0.587265133857727
        },
        "Polygon": [
          {
            "X": 0.6633763313293457,
            "Y": 0.587265133857727
          },
          {
            "X": 0.7698796987533569,
            "Y": 0.587542712688446
          },
          {
            "X": 0.7702821493148804,
            "Y": 0.6310560703277588
          },
          {
            "X": 0.663760781288147,
            "Y": 0.630763828754425
          }
        ]
      },
      "Id": "a77c618a-c584-45b0-92b9-4137bf35f251",
      "Relationships": [
        {
          "Type": "CHILD",
          "Ids": [
            "bb73f0cb-12aa-4aa6-be40-a2d87b6d6848"
          ]
        }
      ],
      "Page": 1
    }
  ],
  "AnalyzeDocumentModelVersion": "1.0"
}