{
  "DocumentMetadata": {
    "Pages": 1
  },
  "JobStatus": "SUCCEEDED",
  "Blocks": [
    {
      "BlockType": "PAGE",
      "Geometry": {
        "BoundingBox": {
          "Width": 0.5425995588302612,
          "Height": 0.2982117235660553,
          "Left": 0.22762924432754517,
          "Top": 0.34273743629455566
        },
        "Polygon": [
          {
            "X": 0.22762924432754517,
            "Y": 0.3445647358894348
          },
          {
            "X": 0.768468976020813,
            "Y": 0.34273743629455566
          },
          {
            "X": 0.7702288031578064,
            "Y": 0.6396545171737671
          },
          {
            "X": 0.22872750461101532,
            "Y": 0.6409491300582886
          }
        ]
      },
      "Id": "59a01d90-bcff-4386-9ed0-e937bbac7ffa",
      "Relationships": [
        {
          "Type": "CHILD",
          "Ids": [
            "d430b33c-73d6-425f-a293-b01fad26c3fa",
            "2b273059-42dd-4ce8-958d-593125a6f675",
            "6e25ce62-e06c-4373-b8dc-6b962a548991",
            "4057f415-b121-4df4-85ae-643126b5514c",
            "ee85ff7e-18ef-452a-81ae-7a6c1bb68d74",
            "c5973620-9793-4d4a-86da-b33cb243c7bd",
            "29af602c-7cfa-4e26-8b62-095bbf7b2230",
            "f514d80c-756f-41be-83c1-decb148fa447",
            "dfa87385-0fcb-42ae-afe2-764631c463cf",
            "e26b80ee-b5b4-414e-899e-4c9338371a01",
            "774ba30c-4f8d-4382-b8c4-f4289286fa6e",
            "f1186b66-fa6b-426b-bd0d-9fd74225856f",
            "978686e9-b004-4dba-807c-5fd605485e07",
            "8235cec5-7acb-405d-96bb-5590d39e7e65",
            "1c01a720-d79c-4fcf-b771-2b9f07acdb06",
            "c2b80443-59c8-4fb7-981a-766be1bd3972",
            "72bc0520-d765-456d-87fe-c933039fb39b",
            "55d659d3-854e-403d-b4f9-b1effb859592",
            "6be8955f-9bdc-4e3d-8610-e4cb00cb5662",
            "3735e33a-06d0-4f2d-b645-012558c9e37b",
            "26173697-f004-4515-b552-0b9529b08967",
            "9d384037-4daf-485d-bc70-1d32c06090ec",
            "26711824-e24f-4daf-bb8b-c5edc6472593",
            "78a34dea-fecd-4a67-ba2c-f3e795e054ee",
            "4c29bf02-7b05-4aab-b84a-fb2087c3765c",
            "0adc4916-45ec-402c-b978-167e215b847c",
            "7a9a4352-8eb3-4df2-86ac-8b3d7bcabfde"
          ]
        }
      ],
      "Page": 1
    },
    {
      "BlockType": "LINE",
      "Confidence": 99.94567108154297,
      "Text": "Sample",
      "Geometry": {
        "BoundingBox": {
          "Width": 0.043662648648023605,
          "Height": 0.021633876487612724,
          "Left": 0.24869857728481293,
          "Top": 0.3786114454269409
        },
        "Polygon": [
          {
            "X": 0.24869857728481293,
            "Y": 0.3787536919116974
          },
          {
            "X": 0.29227587580680847,
            "Y": 0.3786114454269409
          },
          {
            "X": 0.29236122965812683,
            "Y": 0.40010616183280945
          },
          {
            "X": 0.2487800568342209,
            "Y": 0.4002453088760376
          }
        ]
      },
      "Id": "d430b33c-73d6-425f-a293-b01fad26c3fa",
      "Relationships": [
        {
          "Type": "CHILD",
          "Ids": [
            "f2a3f8e1-1e00-464d-90c3-8aebc112b2dc"
          ]
        }
      ],
      "Page": 1
    },
    {
      "BlockType": "LINE",
      "Confidence": 86.0219497680664,
      "Text": "T5% + 1 (°C)",
      "Geometry": {
        "BoundingBox": {
          "Width": 0.07647006958723068,
          "Height": 0.021265743300318718,
          "Left": 0.3785707354545593,
          "Top": 0.37843650579452515
        },
        "Polygon": [
          {
            "X": 0.3785707354545593,
            "Y": 0.37868574261665344
          },
          {
            "X": 0.45494329929351807,
            "Y": 0.37843650579452515
          },
          {
            "X": 0.4550408124923706,
            "Y": 0.3994583487510681
          },
          {
            "X": 0.3786616325378418,
            "Y": 0.399702250957489
          }
        ]
      },
      "Id": "2b273059-42dd-4ce8-958d-593125a6f675",
      "Relationships": [
        {
          "Type": "CHILD",
          "Ids": [
            "45ec72f1-1ca8-4b39-9870-b7e004113ab0",
            "6732c09a-6bcc-4a6a-aa35-ced29a8996f7",
            "6a2b9e41-b9e1-4581-b79e-b2acf0e46614",
            "20146f2c-f169-4913-8aac-29a5354dcff2"
          ]
        }
      ],
      "Page": 1
    },
    {
      "BlockType": "LINE",
      "Confidence": 78.32469940185547,
      "Text": "T50% I 1 (°C)",
      "Geometry": {
        "BoundingBox": {
          "Width": 0.08196575939655304,
          "Height": 0.021452156826853752,
          "Left": 0.47912725806236267,
          "Top": 0.37813693284988403
        },
        "Polygon": [
          {
            "X": 0.47912725806236267,
            "Y": 0.37840405106544495
          },
          {
            "X": 0.5609855055809021,
            "Y": 0.37813693284988403
          },
          {
            "X": 0.5610930323600769,
            "Y": 0.39932772517204285
          },
          {
            "X": 0.47922763228416443,
            "Y": 0.39958909153938293
          }
        ]
      },
      "Id": "6e25ce62-e06c-4373-b8dc-6b962a548991",
      "Relationships": [
        {
          "Type": "CHILD",
          "Ids": [
            "15ef3ec3-6bbc-4af6-8321-55bb16a4aa6a",
            "970fa261-f19d-445c-8982-9224963db4b3",
            "d27184f2-002f-48e6-88a6-f61b59c5cfc9",
            "72a1869c-f3e6-49e1-8d42-4fe02b8a3b4c"
          ]
        }
      ],
      "Page": 1
    },
    {
      "BlockType": "LINE",
      "Confidence": 92.74710083007812,
      "Text": "Char residue at 800 °C + 0.2",
      "Geometry": {
        "BoundingBox": {
          "Width": 0.1722792685031891,
          "Height": 0.018573135137557983,
          "Left": 0.585767388343811,
          "Top": 0.37787047028541565
        },
        "Polygon": [
          {
            "X": 0.585767388343811,
            "Y": 0.3784320652484894
          },
          {
            "X": 0.7579405903816223,
            "Y": 0.37787047028541565
          },
          {
            "X": 0.7580466270446777,
            "Y": 0.39589226245880127
          },
          {
            "X": 0.5858606100082397,
            "Y": 0.39644360542297363
          }
        ]
      },
      "Id": "4057f415-b121-4df4-85ae-643126b5514c",
      "Relationships": [
        {
          "Type": "CHILD",
          "Ids": [
            "540fe449-0369-46f0-a659-0a4d3d457b8e",
            "fcfd4888-d68a-4b21-a832-2152b218c2bd",
            "330c7648-f6a3-4a13-b5fe-b2f3afad17f3",
            "59b6a545-0e69-4650-acad-710252173c62",
            "b45b7929-61cc-4314-a7f9-7ba061b8461f",
            "79806598-f3e3-4ee4-a790-a0a94237b706"
          ]
        }
      ],
      "Page": 1
    },
    {
      "BlockType": "LINE",
      "Confidence": 99.78440856933594,
      "Text": "EP",
      "Geometry": {
        "BoundingBox": {
          "Width": 0.015321855433285236,
          "Height": 0.016222698614001274,
          "Left": 0.24871797859668732,
          "Top": 0.42501530051231384
        },
        "Polygon": [
          {
            "X": 0.24871797859668732,
            "Y": 0.42506274580955505
          },
          {
            "X": 0.2639774978160858,
            "Y": 0.42501530051231384
          },
          {
            "X": 0.2640398442745209,
            "Y": 0.44119134545326233
          },
          {
            "X": 0.248779296875,
            "Y": 0.4412379860877991
          }
        ]
      },
      "Id": "ee85ff7e-18ef-452a-81ae-7a6c1bb68d74",
      "Relationships": [
        {
          "Type": "CHILD",
          "Ids": [
            "105fe9e9-a4bf-4400-afc1-b506da4ce9b8"
          ]
        }
      ],
      "Page": 1
    },
    {
      "BlockType": "LINE",
      "Confidence": 99.80172729492188,
      "Text": "367.5",
      "Geometry": {
        "BoundingBox": {
          "Width": 0.03358544781804085,
          "Height": 0.016842329874634743,
          "Left": 0.3790428340435028,
          "Top": 0.42458292841911316
        },
        "Polygon": [
          {
            "X": 0.3790428340435028,
            "Y": 0.42468714714050293
          },
          {
            "X": 0.4125535786151886,
            "Y": 0.42458292841911316
          },
          {
            "X": 0.41262829303741455,
            "Y": 0.441322922706604
          },
          {
            "X": 0.3791152536869049,
            "Y": 0.44142526388168335
          }
        ]
      },
      "Id": "c5973620-9793-4d4a-86da-b33cb243c7bd",
      "Relationships": [
        {
          "Type": "CHILD",
          "Ids": [
            "484effbb-b611-4247-81d5-3b9e86045c6e"
          ]
        }
      ],
      "Page": 1
    },
    {
      "BlockType": "LINE",
      "Confidence": 95.81043243408203,
      "Text": "402.2",
      "Geometry": {
        "BoundingBox": {
          "Width": 0.034045543521642685,
          "Height": 0.016037214547395706,
          "Left": 0.47973108291625977,
          "Top": 0.4248034358024597
        },
        "Polygon": [
          {
            "X": 0.47973108291625977,
            "Y": 0.42490899562835693
          },
          {
            "X": 0.5136988759040833,
            "Y": 0.4248034358024597
          },
          {
            "X": 0.5137766003608704,
            "Y": 0.44073686003685
          },
          {
            "X": 0.4798065721988678,
            "Y": 0.44084063172340393
          }
        ]
      },
      "Id": "29af602c-7cfa-4e26-8b62-095bbf7b2230",
      "Relationships": [
        {
          "Type": "CHILD",
          "Ids": [
            "2b8b95e1-4a76-4805-bd3c-c41d6b93042e"
          ]
        }
      ],
      "Page": 1
    },
    {
      "BlockType": "LINE",
      "Confidence": 98.43624114990234,
      "Text": "16.82",
      "Geometry": {
        "BoundingBox": {
          "Width": 0.03353588283061981,
          "Height": 0.016352970153093338,
          "Left": 0.5863050818443298,
          "Top": 0.4246709644794464
        },
        "Polygon": [
          {
            "X": 0.5863050818443298,
            "Y": 0.4247749149799347
          },
          {
            "X": 0.6197546124458313,
            "Y": 0.4246709644794464
          },
          {
            "X": 0.6198409795761108,
            "Y": 0.4409217834472656
          },
          {
            "X": 0.5863891839981079,
            "Y": 0.44102394580841064
          }
        ]
      },
      "Id": "f514d80c-756f-41be-83c1-decb148fa447",
      "Relationships": [
        {
          "Type": "CHILD",
          "Ids": [
            "24d7a6f4-51a2-4e96-86db-d8c6fba3d4c7"
          ]
        }
      ],
      "Page": 1
    },
    {
      "BlockType": "LINE",
      "Confidence": 99.69055938720703,
      "Text": "EP/APP5",
      "Geometry": {
        "BoundingBox": {
          "Width": 0.05467529594898224,
          "Height": 0.017651010304689407,
          "Left": 0.24871912598609924,
          "Top": 0.45395830273628235
        },
        "Polygon": [
          {
            "X": 0.24871912598609924,
            "Y": 0.4541228413581848
          },
          {
            "X": 0.30332422256469727,
            "Y": 0.45395830273628235
          },
          {
            "X": 0.3033944368362427,
            "Y": 0.4714479446411133
          },
          {
            "X": 0.24878540635108948,
            "Y": 0.47160929441452026
          }
        ]
      },
      "Id": "dfa87385-0fcb-42ae-afe2-764631c463cf",
      "Relationships": [
        {
          "Type": "CHILD",
          "Ids": [
            "63bd3ad3-2ddc-4013-a495-a42a3a321c8d"
          ]
        }
      ],
      "Page": 1
    },
    {
      "BlockType": "LINE",
      "Confidence": 99.91858673095703,
      "Text": "327.8",
      "Geometry": {
        "BoundingBox": {
          "Width": 0.034062325954437256,
          "Height": 0.016848290339112282,
          "Left": 0.3790302574634552,
          "Top": 0.4539697468280792
        },
        "Polygon": [
          {
            "X": 0.3790302574634552,
            "Y": 0.45407211780548096
          },
          {
            "X": 0.41301780939102173,
            "Y": 0.4539697468280792
          },
          {
            "X": 0.41309258341789246,
            "Y": 0.47071754932403564
          },
          {
            "X": 0.3791027069091797,
            "Y": 0.47081804275512695
          }
        ]
      },
      "Id": "e26b80ee-b5b4-414e-899e-4c9338371a01",
      "Relationships": [
        {
          "Type": "CHILD",
          "Ids": [
            "0d67ad32-7cd0-4e6c-bd3a-a7227fc6684a"
          ]
        }
      ],
      "Page": 1
    },
    {
      "BlockType": "LINE",
      "Confidence": 99.28273010253906,
      "Text": "385.7",
      "Geometry": {
        "BoundingBox": {
          "Width": 0.033696576952934265,
          "Height": 0.016313891857862473,
          "Left": 0.47988614439964294,
          "Top": 0.4543142318725586
        },
        "Polygon": [
          {
            "X": 0.47988614439964294,
            "Y": 0.4544154405593872
          },
          {
            "X": 0.5135036110877991,
            "Y": 0.4543142318725586
          },
          {
            "X": 0.513582706451416,
            "Y": 0.4705287516117096
          },
          {
            "X": 0.4799629747867584,
            "Y": 0.47062814235687256
          }
        ]
      },
      "Id": "774ba30c-4f8d-4382-b8c4-f4289286fa6e",
      "Relationships": [
        {
          "Type": "CHILD",
          "Ids": [
            "d572bb37-8a64-41ba-91b3-aa248122ddbd"
          ]
        }
      ],
      "Page": 1
    },
    {
      "BlockType": "LINE",
      "Confidence": 97.78555297851562,
      "Text": "23.83",
      "Geometry": {
        "BoundingBox": {
          "Width": 0.03368426859378815,
          "Height": 0.01597682759165764,
          "Left": 0.5859023332595825,
          "Top": 0.4543125629425049
        },
        "Polygon": [
          {
            "X": 0.5859023332595825,
            "Y": 0.45441368222236633
          },
          {
            "X": 0.6195022463798523,
            "Y": 0.4543125629425049
          },
          {
            "X": 0.6195865869522095,
            "Y": 0.4701900780200958
          },
          {
            "X": 0.585984468460083,
            "Y": 0.470289409160614
          }
        ]
      },
      "Id": "f1186b66-fa6b-426b-bd0d-9fd74225856f",
      "Relationships": [
        {
          "Type": "CHILD",
          "Ids": [
            "4c18461a-1d6f-4fa1-844e-89e75432653e"
          ]
        }
      ],
      "Page": 1
    },
    {
      "BlockType": "LINE",
      "Confidence": 81.08509063720703,
      "Text": "EP/APP@ATNi5",
      "Geometry": {
        "BoundingBox": {
          "Width": 0.09822171181440353,
          "Height": 0.019635209813714027,
          "Left": 0.24886547029018402,
          "Top": 0.4830951690673828
        },
        "Polygon": [
          {
            "X": 0.24886547029018402,
            "Y": 0.48338133096694946
          },
          {
            "X": 0.34700602293014526,
            "Y": 0.4830951690673828
          },
          {
            "X": 0.34708717465400696,
            "Y": 0.5024505257606506
          },
          {
            "X": 0.24893881380558014,
            "Y": 0.5027303695678711
          }
        ]
      },
      "Id": "978686e9-b004-4dba-807c-5fd605485e07",
      "Relationships": [
        {
          "Type": "CHILD",
          "Ids": [
            "8fb66676-2d24-4f4f-89fe-cb35fd50ed8e"
          ]
        }
      ],
      "Page": 1
    },
    {
      "BlockType": "LINE",
      "Confidence": 99.93815612792969,
      "Text": "335.5",
      "Geometry": {
        "BoundingBox": {
          "Width": 0.03376879170536995,
          "Height": 0.01666448824107647,
          "Left": 0.3790284991264343,
          "Top": 0.4834572970867157
        },
        "Polygon": [
          {
            "X": 0.3790284991264343,
            "Y": 0.48355549573898315
          },
          {
            "X": 0.4127233326435089,
            "Y": 0.4834572970867157
          },
          {
            "X": 0.41279730200767517,
            "Y": 0.5000254511833191
          },
          {
            "X": 0.37910014390945435,
            "Y": 0.5001217722892761
          }
        ]
      },
      "Id": "8235cec5-7acb-405d-96bb-5590d39e7e65",
      "Relationships": [
        {
          "Type": "CHILD",
          "Ids": [
            "185992d2-4f2a-4fe4-9a53-9ea740825df8"
          ]
        }
      ],
      "Page": 1
    },
    {
      "BlockType": "LINE",
      "Confidence": 96.55128479003906,
      "Text": "377.3",
      "Geometry": {
        "BoundingBox": {
          "Width": 0.033647242933511734,
          "Height": 0.01672326773405075,
          "Left": 0.47973039746284485,
          "Top": 0.4836248755455017
        },
        "Polygon": [
          {
            "X": 0.47973039746284485,
            "Y": 0.48372262716293335
          },
          {
            "X": 0.5132965445518494,
            "Y": 0.4836248755455017
          },
          {
            "X": 0.5133776068687439,
            "Y": 0.5002522468566895
          },
          {
            "X": 0.4798091650009155,
            "Y": 0.5003481507301331
          }
        ]
      },
      "Id": "1c01a720-d79c-4fcf-b771-2b9f07acdb06",
      "Relationships": [
        {
          "Type": "CHILD",
          "Ids": [
            "e1193df9-741e-4d42-a641-e5e8a93ee82d"
          ]
        }
      ],
      "Page": 1
    },
    {
      "BlockType": "LINE",
      "Confidence": 91.031005859375,
      "Text": "24.68",
      "Geometry": {
        "BoundingBox": {
          "Width": 0.03383218124508858,
          "Height": 0.016391107812523842,
          "Left": 0.5858156085014343,
          "Top": 0.4835323691368103
        },
        "Polygon": [
          {
            "X": 0.5858156085014343,
            "Y": 0.48363062739372253
          },
          {
            "X": 0.6195612549781799,
            "Y": 0.4835323691368103
          },
          {
            "X": 0.6196478009223938,
            "Y": 0.4998270571231842
          },
          {
            "X": 0.5858998894691467,
            "Y": 0.4999234676361084
          }
        ]
      },
      "Id": "c2b80443-59c8-4fb7-981a-766be1bd3972",
      "Relationships": [
        {
          "Type": "CHILD",
          "Ids": [
            "0243fb3f-9367-4848-85e9-c4b9ff95f7a9"
          ]
        }
      ],
      "Page": 1
    },
    {
      "BlockType": "LINE",
      "Confidence": 99.8704833984375,
      "Text": "EP/",
      "Geometry": {
        "BoundingBox": {
          "Width": 0.022816866636276245,
          "Height": 0.01860147714614868,
          "Left": 0.24867331981658936,
          "Top": 0.5114058256149292
        },
        "Polygon": [
          {
            "X": 0.24867331981658936,
            "Y": 0.5114700198173523
          },
          {
            "X": 0.2714182138442993,
            "Y": 0.5114058256149292
          },
          {
            "X": 0.2714901864528656,
            "Y": 0.5299445390701294
          },
          {
            "X": 0.24874356389045715,
            "Y": 0.5300073027610779
          }
        ]
      },
      "Id": "72bc0520-d765-456d-87fe-c933039fb39b",
      "Relationships": [
        {
          "Type": "CHILD",
          "Ids": [
            "d3ca1e91-42ce-4302-8755-575e0ca3bd9e"
          ]
        }
      ],
      "Page": 1
    },
    {
      "BlockType": "LINE",
      "Confidence": 99.95545959472656,
      "Text": "334.3",
      "Geometry": {
        "BoundingBox": {
          "Width": 0.03372906520962715,
          "Height": 0.016633372753858566,
          "Left": 0.3790200650691986,
          "Top": 0.5115314722061157
        },
        "Polygon": [
          {
            "X": 0.3790200650691986,
            "Y": 0.5116263628005981
          },
          {
            "X": 0.41267532110214233,
            "Y": 0.5115314722061157
          },
          {
            "X": 0.41274914145469666,
            "Y": 0.5280717611312866
          },
          {
            "X": 0.3790915906429291,
            "Y": 0.528164803981781
          }
        ]
      },
      "Id": "55d659d3-854e-403d-b4f9-b1effb859592",
      "Relationships": [
        {
          "Type": "CHILD",
          "Ids": [
            "4bdb61bd-2f40-41b6-9a0c-726381da1e34"
          ]
        }
      ],
      "Page": 1
    },
    {
      "BlockType": "LINE",
      "Confidence": 99.82437133789062,
      "Text": "384.5",
      "Geometry": {
        "BoundingBox": {
          "Width": 0.033689577132463455,
          "Height": 0.016730383038520813,
          "Left": 0.47969141602516174,
          "Top": 0.5116497278213501
        },
        "Polygon": [
          {
            "X": 0.47969141602516174,
            "Y": 0.511744499206543
          },
          {
            "X": 0.5132998824119568,
            "Y": 0.5116497278213501
          },
          {
            "X": 0.5133810043334961,
            "Y": 0.5282872319221497
          },
          {
            "X": 0.4797702133655548,
            "Y": 0.5283800959587097
          }
        ]
      },
      "Id": "6be8955f-9bdc-4e3d-8610-e4cb00cb5662",
      "Relationships": [
        {
          "Type": "CHILD",
          "Ids": [
            "197970b7-f85f-431d-9e2a-cf955198ba8c"
          ]
        }
      ],
      "Page": 1
    },
    {
      "BlockType": "LINE",
      "Confidence": 83.1333999633789,
      "Text": "29.09",
      "Geometry": {
        "BoundingBox": {
          "Width": 0.0339406356215477,
          "Height": 0.016230130568146706,
          "Left": 0.5858055353164673,
          "Top": 0.5119607448577881
        },
        "Polygon": [
          {
            "X": 0.5858055353164673,
            "Y": 0.5120561122894287
          },
          {
            "X": 0.619660496711731,
            "Y": 0.5119607448577881
          },
          {
            "X": 0.619746208190918,
            "Y": 0.5280973315238953
          },
          {
            "X": 0.5858890414237976,
            "Y": 0.5281909108161926
          }
        ]
      },
      "Id": "3735e33a-06d0-4f2d-b645-012558c9e37b",
      "Relationships": [
        {
          "Type": "CHILD",
          "Ids": [
            "8f675fe3-a8ba-468c-988c-3e14ec1e1d9b"
          ]
        }
      ],
      "Page": 1
    },
    {
      "BlockType": "LINE",
      "Confidence": 94.38499450683594,
      "Text": "APP@ATNi10",
      "Geometry": {
        "BoundingBox": {
          "Width": 0.08390776813030243,
          "Height": 0.019419236108660698,
          "Left": 0.2612605690956116,
          "Top": 0.5410458445549011
        },
        "Polygon": [
          {
            "X": 0.2612605690956116,
            "Y": 0.5412740707397461
          },
          {
            "X": 0.34508800506591797,
            "Y": 0.5410458445549011
          },
          {
            "X": 0.3451683521270752,
            "Y": 0.5602421760559082
          },
          {
            "X": 0.26133427023887634,
            "Y": 0.5604650974273682
          }
        ]
      },
      "Id": "26173697-f004-4515-b552-0b9529b08967",
      "Relationships": [
        {
          "Type": "CHILD",
          "Ids": [
            "a239bb3d-574d-4744-9f13-5b054dfef21e"
          ]
        }
      ],
      "Page": 1
    },
    {
      "BlockType": "LINE",
      "Confidence": 99.85520935058594,
      "Text": "EP/",
      "Geometry": {
        "BoundingBox": {
          "Width": 0.02253805287182331,
          "Height": 0.017802996560931206,
          "Left": 0.24867482483386993,
          "Top": 0.5706656575202942
        },
        "Polygon": [
          {
            "X": 0.24867482483386993,
            "Y": 0.5707246661186218
          },
          {
            "X": 0.27114400267601013,
            "Y": 0.5706656575202942
          },
          {
            "X": 0.2712128758430481,
            "Y": 0.5884110331535339
          },
          {
            "X": 0.24874204397201538,
            "Y": 0.5884686708450317
          }
        ]
      },
      "Id": "9d384037-4daf-485d-bc70-1d32c06090ec",
      "Relationships": [
        {
          "Type": "CHILD",
          "Ids": [
            "8358e257-aedd-44d1-8c62-5f8e10afaa45"
          ]
        }
      ],
      "Page": 1
    },
    {
      "BlockType": "LINE",
      "Confidence": 90.99322509765625,
      "Text": "340.6",
      "Geometry": {
        "BoundingBox": {
          "Width": 0.033771585673093796,
          "Height": 0.01616048812866211,
          "Left": 0.37916404008865356,
          "Top": 0.5706652998924255
        },
        "Polygon": [
          {
            "X": 0.37916404008865356,
            "Y": 0.5707536935806274
          },
          {
            "X": 0.4128638803958893,
            "Y": 0.5706652998924255
          },
          {
            "X": 0.41293561458587646,
            "Y": 0.586739182472229
          },
          {
            "X": 0.3792335093021393,
            "Y": 0.5868257880210876
          }
        ]
      },
      "Id": "26711824-e24f-4daf-bb8b-c5edc6472593",
      "Relationships": [
        {
          "Type": "CHILD",
          "Ids": [
            "4fa1fc18-4fa9-4453-93f1-9ee86bfa3976"
          ]
        }
      ],
      "Page": 1
    },
    {
      "BlockType": "LINE",
      "Confidence": 67.16043853759766,
      "Text": "387.4",
      "Geometry": {
        "BoundingBox": {
          "Width": 0.03387017920613289,
          "Height": 0.015960244461894035,
          "Left": 0.47989583015441895,
          "Top": 0.5706996321678162
        },
        "Polygon": [
          {
            "X": 0.47989583015441895,
            "Y": 0.5707882642745972
          },
          {
            "X": 0.5136886239051819,
            "Y": 0.5706996321678162
          },
          {
            "X": 0.5137659907341003,
            "Y": 0.58657306432724
          },
          {
            "X": 0.4799710214138031,
            "Y": 0.5866599082946777
          }
        ]
      },
      "Id": "78a34dea-fecd-4a67-ba2c-f3e795e054ee",
      "Relationships": [
        {
          "Type": "CHILD",
          "Ids": [
            "41ff3ad5-8b95-4a4c-8478-bae7ce364e70"
          ]
        }
      ],
      "Page": 1
    },
    {
      "BlockType": "LINE",
      "Confidence": 99.97663879394531,
      "Text": "27.00",
      "Geometry": {
        "BoundingBox": {
          "Width": 0.033831845968961716,
          "Height": 0.016309548169374466,
          "Left": 0.5859197378158569,
          "Top": 0.5705283284187317
        },
        "Polygon": [
          {
            "X": 0.5859197378158569,
            "Y": 0.5706168413162231
          },
          {
            "X": 0.6196654438972473,
            "Y": 0.5705283284187317
          },
          {
            "X": 0.6197516322135925,
            "Y": 0.5867512226104736
          },
          {
            "X": 0.5860036611557007,
            "Y": 0.586837887763977
          }
        ]
      },
      "Id": "4c29bf02-7b05-4aab-b84a-fb2087c3765c",
      "Relationships": [
        {
          "Type": "CHILD",
          "Ids": [
            "19cde678-80ff-4ad0-91a3-a1bd1163f96b"
          ]
        }
      ],
      "Page": 1
    },
    {
      "BlockType": "LINE",
      "Confidence": 97.59073638916016,
      "Text": "APP@ATNi15",
      "Geometry": {
        "BoundingBox": {
          "Width": 0.08347158879041672,
          "Height": 0.019676007330417633,
          "Left": 0.2611572742462158,
          "Top": 0.5999102592468262
        },
        "Polygon": [
          {
            "X": 0.2611572742462158,
            "Y": 0.6001209616661072
          },
          {
            "X": 0.34454742074012756,
            "Y": 0.5999102592468262
          },
          {
            "X": 0.34462884068489075,
            "Y": 0.6193809509277344
          },
          {
            "X": 0.2612319886684418,
            "Y": 0.6195862293243408
          }
        ]
      },
      "Id": "0adc4916-45ec-402c-b978-167e215b847c",
      "Relationships": [
        {
          "Type": "CHILD",
          "Ids": [
            "06539256-500d-4377-b57a-344e49e9159c"
          ]
        }
      ],
      "Page": 1
    },
    {
      "BlockType": "WORD",
      "Confidence": 99.94567108154297,
      "Text": "Sample",
      "TextType": "PRINTED",
      "Geometry": {
        "BoundingBox": {
          "Width": 0.043662648648023605,
          "Height": 0.021633876487612724,
          "Left": 0.24869857728481293,
          "Top": 0.3786114454269409
        },
        "Polygon": [
          {
            "X": 0.24869857728481293,
            "Y": 0.3787536919116974
          },
          {
            "X": 0.29227587580680847,
            "Y": 0.3786114454269409
          },
          {
            "X": 0.29236122965812683,
            "Y": 0.40010616183280945
          },
          {
            "X": 0.2487800568342209,
            "Y": 0.4002453088760376
          }
        ]
      },
      "Id": "f2a3f8e1-1e00-464d-90c3-8aebc112b2dc",
      "Page": 1
    },
    {
      "BlockType": "WORD",
      "Confidence": 99.1985855102539,
      "Text": "T5%",
      "TextType": "PRINTED",
      "Geometry": {
        "BoundingBox": {
          "Width": 0.023038692772388458,
          "Height": 0.02009687013924122,
          "Left": 0.37857502698898315,
          "Top": 0.37960538268089294
        },
        "Polygon": [
          {
            "X": 0.37857502698898315,
            "Y": 0.37968021631240845
          },
          {
            "X": 0.40152522921562195,
            "Y": 0.37960538268089294
          },
          {
            "X": 0.401613712310791,
            "Y": 0.39962896704673767
          },
          {
            "X": 0.3786616325378418,
            "Y": 0.399702250957489
          }
        ]
      },
      "Id": "45ec72f1-1ca8-4b39-9870-b7e004113ab0",
      "Page": 1
    },
    {
      "BlockType": "WORD",
      "Confidence": 77.44961547851562,
      "Text": "+",
      "TextType": "PRINTED",
      "Geometry": {
        "BoundingBox": {
          "Width": 0.009997737593948841,
          "Height": 0.016233880072832108,
          "Left": 0.40573790669441223,
          "Top": 0.3798644244670868
        },
        "Polygon": [
          {
            "X": 0.40573790669441223,
            "Y": 0.37989675998687744
          },
          {
            "X": 0.41566312313079834,
            "Y": 0.3798644244670868
          },
          {
            "X": 0.41573566198349,
            "Y": 0.39606648683547974
          },
          {
            "X": 0.40580978989601135,
            "Y": 0.3960982859134674
          }
        ]
      },
      "Id": "6732c09a-6bcc-4a6a-aa35-ced29a8996f7",
      "Page": 1
    },
    {
      "BlockType": "WORD",
      "Confidence": 99.43737030029297,
      "Text": "1",
      "TextType": "PRINTED",
      "Geometry": {
        "BoundingBox": {
          "Width": 0.005930333398282528,
          "Height": 0.016491100192070007,
          "Left": 0.42007750272750854,
          "Top": 0.37951362133026123
        },
        "Polygon": [
          {
            "X": 0.42007750272750854,
            "Y": 0.37953269481658936
          },
          {
            "X": 0.4259333908557892,
            "Y": 0.37951362133026123
          },
          {
            "X": 0.42600783705711365,
            "Y": 0.3959859311580658
          },
          {
            "X": 0.42015156149864197,
            "Y": 0.39600470662117004
          }
        ]
      },
      "Id": "6a2b9e41-b9e1-4581-b79e-b2acf0e46614",
      "Page": 1
    },
    {
      "BlockType": "WORD",
      "Confidence": 68.0022201538086,
      "Text": "(°C)",
      "TextType": "PRINTED",
      "Geometry": {
        "BoundingBox": {
          "Width": 0.023768775165081024,
          "Height": 0.020103715360164642,
          "Left": 0.4312674105167389,
          "Top": 0.37843650579452515
        },
        "Polygon": [
          {
            "X": 0.4312674105167389,
            "Y": 0.37851378321647644
          },
          {
            "X": 0.45494329929351807,
            "Y": 0.37843650579452515
          },
          {
            "X": 0.4550361931324005,
            "Y": 0.39846453070640564
          },
          {
            "X": 0.43135836720466614,
            "Y": 0.3985402286052704
          }
        ]
      },
      "Id": "20146f2c-f169-4913-8aac-29a5354dcff2",
      "Page": 1
    },
    {
      "BlockType": "WORD",
      "Confidence": 99.32918548583984,
      "Text": "T50%",
      "TextType": "PRINTED",
      "Geometry": {
        "BoundingBox": {
          "Width": 0.028970986604690552,
          "Height": 0.020018870010972023,
          "Left": 0.4791332185268402,
          "Top": 0.37957021594047546
        },
        "Polygon": [
          {
            "X": 0.4791332185268402,
            "Y": 0.3796643316745758
          },
          {
            "X": 0.5080074667930603,
            "Y": 0.37957021594047546
          },
          {
            "X": 0.5081042051315308,
            "Y": 0.3994969129562378
          },
          {
            "X": 0.47922763228416443,
            "Y": 0.39958909153938293
          }
        ]
      },
      "Id": "15ef3ec3-6bbc-4af6-8321-55bb16a4aa6a",
      "Page": 1
    },
    {
      "BlockType": "WORD",
      "Confidence": 51.07849884033203,
      "Text": "I",
      "TextType": "PRINTED",
      "Geometry": {
        "BoundingBox": {
          "Width": 0.009971157647669315,
          "Height": 0.016242247074842453,
          "Left": 0.5117847919464111,
          "Top": 0.3798050284385681
        },
        "Polygon": [
          {
            "X": 0.5117847919464111,
            "Y": 0.3798372447490692
          },
          {
            "X": 0.5216763019561768,
            "Y": 0.3798050284385681
          },
          {
            "X": 0.5217559337615967,
            "Y": 0.39601558446884155
          },
          {
            "X": 0.5118637084960938,
            "Y": 0.3960472643375397
          }
        ]
      },
      "Id": "970fa261-f19d-445c-8982-9224963db4b3",
      "Page": 1
    },
    {
      "BlockType": "WORD",
      "Confidence": 99.49887084960938,
      "Text": "1",
      "TextType": "PRINTED",
      "Geometry": {
        "BoundingBox": {
          "Width": 0.00590030150488019,
          "Height": 0.016104890033602715,
          "Left": 0.5264580845832825,
          "Top": 0.37953078746795654
        },
        "Polygon": [
          {
            "X": 0.5264580845832825,
            "Y": 0.3795497417449951
          },
          {
            "X": 0.5322786569595337,
            "Y": 0.37953078746795654
          },
          {
            "X": 0.5323583483695984,
            "Y": 0.3956170082092285
          },
          {
            "X": 0.5265374183654785,
            "Y": 0.3956356644630432
          }
        ]
      },
      "Id": "d27184f2-002f-48e6-88a6-f61b59c5cfc9",
      "Page": 1
    },
    {
      "BlockType": "WORD",
      "Confidence": 63.39222717285156,
      "Text": "(°C)",
      "TextType": "PRINTED",
      "Geometry": {
        "BoundingBox": {
          "Width": 0.023540765047073364,
          "Height": 0.02035847119987011,
          "Left": 0.5375476479530334,
          "Top": 0.37813693284988403
        },
        "Polygon": [
          {
            "X": 0.5375476479530334,
            "Y": 0.37821343541145325
          },
          {
            "X": 0.5609855055809021,
            "Y": 0.37813693284988403
          },
          {
            "X": 0.5610884428024292,
            "Y": 0.398420512676239
          },
          {
            "X": 0.537648618221283,
            "Y": 0.3984954059123993
          }
        ]
      },
      "Id": "72a1869c-f3e6-49e1-8d42-4fe02b8a3b4c",
      "Page": 1
    },
    {
      "BlockType": "WORD",
      "Confidence": 99.56129455566406,
      "Text": "Char",
      "TextType": "PRINTED",
      "Geometry": {
        "BoundingBox": {
          "Width": 0.02874649129807949,
          "Height": 0.017223337665200233,
          "Left": 0.585767388343811,
          "Top": 0.37833860516548157
        },
        "Polygon": [
          {
            "X": 0.585767388343811,
            "Y": 0.3784320652484894
          },
          {
            "X": 0.6144231557846069,
            "Y": 0.37833860516548157
          },
          {
            "X": 0.6145138740539551,
            "Y": 0.39547011256217957
          },
          {
            "X": 0.585856020450592,
            "Y": 0.39556193351745605
          }
        ]
      },
      "Id": "540fe449-0369-46f0-a659-0a4d3d457b8e",
      "Page": 1
    },
    {
      "BlockType": "WORD",
      "Confidence": 99.79126739501953,
      "Text": "residue",
      "TextType": "PRINTED",
      "Geometry": {
        "BoundingBox": {
          "Width": 0.043479952961206436,
          "Height": 0.016992172226309776,
          "Left": 0.6180209517478943,
          "Top": 0.37855589389801025
        },
        "Polygon": [
          {
            "X": 0.6180209517478943,
            "Y": 0.37869736552238464
          },
          {
            "X": 0.6614084839820862,
            "Y": 0.37855589389801025
          },
          {
            "X": 0.6615009307861328,
            "Y": 0.3954090178012848
          },
          {
            "X": 0.6181104183197021,
            "Y": 0.3955480456352234
          }
        ]
      },
      "Id": "fcfd4888-d68a-4b21-a832-2152b218c2bd",
      "Page": 1
    },
    {
      "BlockType": "WORD",
      "Confidence": 99.97398376464844,
      "Text": "at",
      "TextType": "PRINTED",
      "Geometry": {
        "BoundingBox": {
          "Width": 0.011768023483455181,
          "Height": 0.014314456842839718,
          "Left": 0.665004312992096,
          "Top": 0.3811725974082947
        },
        "Polygon": [
          {
            "X": 0.665004312992096,
            "Y": 0.3812106251716614
          },
          {
            "X": 0.6766931414604187,
            "Y": 0.3811725974082947
          },
          {
            "X": 0.6767723560333252,
            "Y": 0.39544960856437683
          },
          {
            "X": 0.6650828719139099,
            "Y": 0.39548707008361816
          }
        ]
      },
      "Id": "330c7648-f6a3-4a13-b5fe-b2f3afad17f3",
      "Page": 1
    },
    {
      "BlockType": "WORD",
      "Confidence": 92.17204284667969,
      "Text": "800 °C",
      "TextType": "PRINTED",
      "Geometry": {
        "BoundingBox": {
          "Width": 0.040293946862220764,
          "Height": 0.016978077590465546,
          "Left": 0.6810067892074585,
          "Top": 0.3791605830192566
        },
        "Polygon": [
          {
            "X": 0.6810067892074585,
            "Y": 0.3792915344238281
          },
          {
            "X": 0.7212041616439819,
            "Y": 0.3791605830192566
          },
          {
            "X": 0.7213007211685181,
            "Y": 0.3960099220275879
          },
          {
            "X": 0.681100606918335,
            "Y": 0.39613863825798035
          }
        ]
      },
      "Id": "59b6a545-0e69-4650-acad-710252173c62",
      "Page": 1
    },
    {
      "BlockType": "WORD",
      "Confidence": 65.42884063720703,
      "Text": "+",
      "TextType": "PRINTED",
      "Geometry": {
        "BoundingBox": {
          "Width": 0.00948844663798809,
          "Height": 0.015170703642070293,
          "Left": 0.7255170345306396,
          "Top": 0.38017189502716064
        },
        "Polygon": [
          {
            "X": 0.7255170345306396,
            "Y": 0.3802025020122528
          },
          {
            "X": 0.7349178194999695,
            "Y": 0.38017189502716064
          },
          {
            "X": 0.7350054383277893,
            "Y": 0.39531248807907104
          },
          {
            "X": 0.7256040573120117,
            "Y": 0.395342618227005
          }
        ]
      },
      "Id": "b45b7929-61cc-4314-a7f9-7ba061b8461f",
      "Page": 1
    },
    {
      "BlockType": "WORD",
      "Confidence": 99.5551528930664,
      "Text": "0.2",
      "TextType": "PRINTED",
      "Geometry": {
        "BoundingBox": {
          "Width": 0.019007135182619095,
          "Height": 0.016742456704378128,
          "Left": 0.7390385270118713,
          "Top": 0.37904343008995056
        },
        "Polygon": [
          {
            "X": 0.7390385270118713,
            "Y": 0.3791050314903259
          },
          {
            "X": 0.7579475045204163,
            "Y": 0.37904343008995056
          },
          {
            "X": 0.7580456733703613,
            "Y": 0.3957253098487854
          },
          {
            "X": 0.7391353249549866,
            "Y": 0.3957858681678772
          }
        ]
      },
      "Id": "79806598-f3e3-4ee4-a790-a0a94237b706",
      "Page": 1
    },
    {
      "BlockType": "WORD",
      "Confidence": 99.78440856933594,
      "Text": "EP",
      "TextType": "PRINTED",
      "Geometry": {
        "BoundingBox": {
          "Width": 0.015321855433285236,
          "Height": 0.016222698614001274,
          "Left": 0.24871797859668732,
          "Top": 0.42501530051231384
        },
        "Polygon": [
          {
            "X": 0.24871797859668732,
            "Y": 0.42506274580955505
          },
          {
            "X": 0.2639774978160858,
            "Y": 0.42501530051231384
          },
          {
            "X": 0.2640398442745209,
            "Y": 0.44119134545326233
          },
          {
            "X": 0.248779296875,
            "Y": 0.4412379860877991
          }
        ]
      },
      "Id": "105fe9e9-a4bf-4400-afc1-b506da4ce9b8",
      "Page": 1
    },
    {
      "BlockType": "WORD",
      "Confidence": 99.80172729492188,
      "Text": "367.5",
      "TextType": "PRINTED",
      "Geometry": {
        "BoundingBox": {
          "Width": 0.03358544781804085,
          "Height": 0.016842329874634743,
          "Left": 0.3790428340435028,
          "Top": 0.42458292841911316
        },
        "Polygon": [
          {
            "X": 0.3790428340435028,
            "Y": 0.42468714714050293
          },
          {
            "X": 0.4125535786151886,
            "Y": 0.42458292841911316
          },
          {
            "X": 0.41262829303741455,
            "Y": 0.441322922706604
          },
          {
            "X": 0.3791152536869049,
            "Y": 0.44142526388168335
          }
        ]
      },
      "Id": "484effbb-b611-4247-81d5-3b9e86045c6e",
      "Page": 1
    },
    {
      "BlockType": "WORD",
      "Confidence": 95.81043243408203,
      "Text": "402.2",
      "TextType": "PRINTED",
      "Geometry": {
        "BoundingBox": {
          "Width": 0.034045543521642685,
          "Height": 0.016037214547395706,
          "Left": 0.47973108291625977,
          "Top": 0.4248034358024597
        },
        "Polygon": [
          {
            "X": 0.47973108291625977,
            "Y": 0.42490899562835693
          },
          {
            "X": 0.5136988759040833,
            "Y": 0.4248034358024597
          },
          {
            "X": 0.5137766003608704,
            "Y": 0.44073686003685
          },
          {
            "X": 0.4798065721988678,
            "Y": 0.44084063172340393
          }
        ]
      },
      "Id": "2b8b95e1-4a76-4805-bd3c-c41d6b93042e",
      "Page": 1
    },
    {
      "BlockType": "WORD",
      "Confidence": 98.43624114990234,
      "Text": "16.82",
      "TextType": "PRINTED",
      "Geometry": {
        "BoundingBox": {
          "Width": 0.03353588283061981,
          "Height": 0.016352970153093338,
          "Left": 0.5863050818443298,
          "Top": 0.4246709644794464
        },
        "Polygon": [
          {
            "X": 0.5863050818443298,
            "Y": 0.4247749149799347
          },
          {
            "X": 0.6197546124458313,
            "Y": 0.4246709644794464
          },
          {
            "X": 0.6198409795761108,
            "Y": 0.4409217834472656
          },
          {
            "X": 0.5863891839981079,
            "Y": 0.44102394580841064
          }
        ]
      },
      "Id": "24d7a6f4-51a2-4e96-86db-d8c6fba3d4c7",
      "Page": 1
    },
    {
      "BlockType": "WORD",
      "Confidence": 99.69055938720703,
      "Text": "EP/APP5",
      "TextType": "PRINTED",
      "Geometry": {
        "BoundingBox": {
          "Width": 0.05467529594898224,
          "Height": 0.017651010304689407,
          "Left": 0.24871912598609924,
          "Top": 0.45395830273628235
        },
        "Polygon": [
          {
            "X": 0.24871912598609924,
            "Y": 0.4541228413581848
          },
          {
            "X": 0.30332422256469727,
            "Y": 0.45395830273628235
          },
          {
            "X": 0.3033944368362427,
            "Y": 0.4714479446411133
          },
          {
            "X": 0.24878540635108948,
            "Y": 0.47160929441452026
          }
        ]
      },
      "Id": "63bd3ad3-2ddc-4013-a495-a42a3a321c8d",
      "Page": 1
    },
    {
      "BlockType": "WORD",
      "Confidence": 99.91858673095703,
      "Text": "327.8",
      "TextType": "PRINTED",
      "Geometry": {
        "BoundingBox": {
          "Width": 0.034062325954437256,
          "Height": 0.016848290339112282,
          "Left": 0.3790302574634552,
          "Top": 0.4539697468280792
        },
        "Polygon": [
          {
            "X": 0.3790302574634552,
            "Y": 0.45407211780548096
          },
          {
            "X": 0.41301780939102173,
            "Y": 0.4539697468280792
          },
          {
            "X": 0.41309258341789246,
            "Y": 0.47071754932403564
          },
          {
            "X": 0.3791027069091797,
            "Y": 0.47081804275512695
          }
        ]
      },
      "Id": "0d67ad32-7cd0-4e6c-bd3a-a7227fc6684a",
      "Page": 1
    },
    {
      "BlockType": "WORD",
      "Confidence": 99.28273010253906,
      "Text": "385.7",
      "TextType": "PRINTED",
      "Geometry": {
        "BoundingBox": {
          "Width": 0.033696576952934265,
          "Height": 0.016313891857862473,
          "Left": 0.47988614439964294,
          "Top": 0.4543142318725586
        },
        "Polygon": [
          {
            "X": 0.47988614439964294,
            "Y": 0.4544154405593872
          },
          {
            "X": 0.5135036110877991,
            "Y": 0.4543142318725586
          },
          {
            "X": 0.513582706451416,
            "Y": 0.4705287516117096
          },
          {
            "X": 0.4799629747867584,
            "Y": 0.47062814235687256
          }
        ]
      },
      "Id": "d572bb37-8a64-41ba-91b3-aa248122ddbd",
      "Page": 1
    },
    {
      "BlockType": "WORD",
      "Confidence": 97.78555297851562,
      "Text": "23.83",
      "TextType": "PRINTED",
      "Geometry": {
        "BoundingBox": {
          "Width": 0.03368426859378815,
          "Height": 0.01597682759165764,
          "Left": 0.5859023332595825,
          "Top": 0.4543125629425049
        },
        "Polygon": [
          {
            "X": 0.5859023332595825,
            "Y": 0.45441368222236633
          },
          {
            "X": 0.6195022463798523,
            "Y": 0.4543125629425049
          },
          {
            "X": 0.6195865869522095,
            "Y": 0.4701900780200958
          },
          {
            "X": 0.585984468460083,
            "Y": 0.470289409160614
          }
        ]
      },
      "Id": "4c18461a-1d6f-4fa1-844e-89e75432653e",
      "Page": 1
    },
    {
      "BlockType": "WORD",
      "Confidence": 81.08509063720703,
      "Text": "EP/APP@ATNi5",
      "TextType": "PRINTED",
      "Geometry": {
        "BoundingBox": {
          "Width": 0.09822171181440353,
          "Height": 0.019635209813714027,
          "Left": 0.24886547029018402,
          "Top": 0.4830951690673828
        },
        "Polygon": [
          {
            "X": 0.24886547029018402,
            "Y": 0.48338133096694946
          },
          {
            "X": 0.34700602293014526,
            "Y": 0.4830951690673828
          },
          {
            "X": 0.34708717465400696,
            "Y": 0.5024505257606506
          },
          {
            "X": 0.24893881380558014,
            "Y": 0.5027303695678711
          }
        ]
      },
      "Id": "8fb66676-2d24-4f4f-89fe-cb35fd50ed8e",
      "Page": 1
    },
    {
      "BlockType": "WORD",
      "Confidence": 99.93815612792969,
      "Text": "335.5",
      "TextType": "PRINTED",
      "Geometry": {
        "BoundingBox": {
          "Width": 0.03376879170536995,
          "Height": 0.01666448824107647,
          "Left": 0.3790284991264343,
          "Top": 0.4834572970867157
        },
        "Polygon": [
          {
            "X": 0.3790284991264343,
            "Y": 0.48355549573898315
          },
          {
            "X": 0.4127233326435089,
            "Y": 0.4834572970867157
          },
          {
            "X": 0.41279730200767517,
            "Y": 0.5000254511833191
          },
          {
            "X": 0.37910014390945435,
            "Y": 0.5001217722892761
          }
        ]
      },
      "Id": "185992d2-4f2a-4fe4-9a53-9ea740825df8",
      "Page": 1
    },
    {
      "BlockType": "WORD",
      "Confidence": 96.55128479003906,
      "Text": "377.3",
      "TextType": "PRINTED",
      "Geometry": {
        "BoundingBox": {
          "Width": 0.033647242933511734,
          "Height": 0.01672326773405075,
          "Left": 0.47973039746284485,
          "Top": 0.4836248755455017
        },
        "Polygon": [
          {
            "X": 0.47973039746284485,
            "Y": 0.48372262716293335
          },
          {
            "X": 0.5132965445518494,
            "Y": 0.4836248755455017
          },
          {
            "X": 0.5133776068687439,
            "Y": 0.5002522468566895
          },
          {
            "X": 0.4798091650009155,
            "Y": 0.5003481507301331
          }
        ]
      },
      "Id": "e1193df9-741e-4d42-a641-e5e8a93ee82d",
      "Page": 1
    },
    {
      "BlockType": "WORD",
      "Confidence": 91.031005859375,
      "Text": "24.68",
      "TextType": "PRINTED",
      "Geometry": {
        "BoundingBox": {
          "Width": 0.03383218124508858,
          "Height": 0.016391107812523842,
          "Left": 0.5858156085014343,
          "Top": 0.4835323691368103
        },
        "Polygon": [
          {
            "X": 0.5858156085014343,
            "Y": 0.48363062739372253
          },
          {
            "X": 0.6195612549781799,
            "Y": 0.4835323691368103
          },
          {
            "X": 0.6196478009223938,
            "Y": 0.4998270571231842
          },
          {
            "X": 0.5858998894691467,
            "Y": 0.4999234676361084
          }
        ]
      },
      "Id": "0243fb3f-9367-4848-85e9-c4b9ff95f7a9",
      "Page": 1
    },
    {
      "BlockType": "WORD",
      "Confidence": 99.8704833984375,
      "Text": "EP/",
      "TextType": "PRINTED",
      "Geometry": {
        "BoundingBox": {
          "Width": 0.022816866636276245,
          "Height": 0.01860147714614868,
          "Left": 0.24867331981658936,
          "Top": 0.5114058256149292
        },
        "Polygon": [
          {
            "X": 0.24867331981658936,
            "Y": 0.5114700198173523
          },
          {
            "X": 0.2714182138442993,
            "Y": 0.5114058256149292
          },
          {
            "X": 0.2714901864528656,
            "Y": 0.5299445390701294
          },
          {
            "X": 0.24874356389045715,
            "Y": 0.5300073027610779
          }
        ]
      },
      "Id": "d3ca1e91-42ce-4302-8755-575e0ca3bd9e",
      "Page": 1
    },
    {
      "BlockType": "WORD",
      "Confidence": 99.95545959472656,
      "Text": "334.3",
      "TextType": "PRINTED",
      "Geometry": {
        "BoundingBox": {
          "Width": 0.03372906520962715,
          "Height": 0.016633372753858566,
          "Left": 0.3790200650691986,
          "Top": 0.5115314722061157
        },
        "Polygon": [
          {
            "X": 0.3790200650691986,
            "Y": 0.5116263628005981
          },
          {
            "X": 0.41267532110214233,
            "Y": 0.5115314722061157
          },
          {
            "X": 0.41274914145469666,
            "Y": 0.5280717611312866
          },
          {
            "X": 0.3790915906429291,
            "Y": 0.528164803981781
          }
        ]
      },
      "Id": "4bdb61bd-2f40-41b6-9a0c-726381da1e34",
      "Page": 1
    },
    {
      "BlockType": "WORD",
      "Confidence": 99.82437133789062,
      "Text": "384.5",
      "TextType": "PRINTED",
      "Geometry": {
        "BoundingBox": {
          "Width": 0.033689577132463455,
          "Height": 0.016730383038520813,
          "Left": 0.47969141602516174,
          "Top": 0.5116497278213501
        },
        "Polygon": [
          {
            "X": 0.47969141602516174,
            "Y": 0.511744499206543
          },
          {
            "X": 0.5132998824119568,
            "Y": 0.5116497278213501
          },
          {
            "X": 0.5133810043334961,
            "Y": 0.5282872319221497
          },
          {
            "X": 0.4797702133655548,
            "Y": 0.5283800959587097
          }
        ]
      },
      "Id": "197970b7-f85f-431d-9e2a-cf955198ba8c",
      "Page": 1
    },
    {
      "BlockType": "WORD",
      "Confidence": 83.1333999633789,
      "Text": "29.09",
      "TextType": "PRINTED",
      "Geometry": {
        "BoundingBox": {
          "Width": 0.0339406356215477,
          "Height": 0.016230130568146706,
          "Left": 0.5858055353164673,
          "Top": 0.5119607448577881
        },
        "Polygon": [
          {
            "X": 0.5858055353164673,
            "Y": 0.5120561122894287
          },
          {
            "X": 0.619660496711731,
            "Y": 0.5119607448577881
          },
          {
            "X": 0.619746208190918,
            "Y": 0.5280973315238953
          },
          {
            "X": 0.5858890414237976,
            "Y": 0.5281909108161926
          }
        ]
      },
      "Id": "8f675fe3-a8ba-468c-988c-3e14ec1e1d9b",
      "Page": 1
    },
    {
      "BlockType": "WORD",
      "Confidence": 94.38499450683594,
      "Text": "APP@ATNi10",
      "TextType": "PRINTED",
      "Geometry": {
        "BoundingBox": {
          "Width": 0.08390776813030243,
          "Height": 0.019419236108660698,
          "Left": 0.2612605690956116,
          "Top": 0.5410458445549011
        },
        "Polygon": [
          {
            "X": 0.2612605690956116,
            "Y": 0.5412740707397461
          },
          {
            "X": 0.34508800506591797,
            "Y": 0.5410458445549011
          },
          {
            "X": 0.3451683521270752,
            "Y": 0.5602421760559082
          },
          {
            "X": 0.26133427023887634,
            "Y": 0.5604650974273682
          }
        ]
      },
      "Id": "a239bb3d-574d-4744-9f13-5b054dfef21e",
      "Page": 1
    },
    {
      "BlockType": "WORD",
      "Confidence": 99.85520935058594,
      "Text": "EP/",
      "TextType": "PRINTED",
      "Geometry": {
        "BoundingBox": {
          "Width": 0.02253805287182331,
          "Height": 0.017802996560931206,
          "Left": 0.24867482483386993,
          "Top": 0.5706656575202942
        },
        "Polygon": [
          {
            "X": 0.24867482483386993,
            "Y": 0.5707246661186218
          },
          {
            "X": 0.27114400267601013,
            "Y": 0.5706656575202942
          },
          {
            "X": 0.2712128758430481,
            "Y": 0.5884110331535339
          },
          {
            "X": 0.24874204397201538,
            "Y": 0.5884686708450317
          }
        ]
      },
      "Id": "8358e257-aedd-44d1-8c62-5f8e10afaa45",
      "Page": 1
    },
    {
      "BlockType": "WORD",
      "Confidence": 90.99322509765625,
      "Text": "340.6",
      "TextType": "PRINTED",
      "Geometry": {
        "BoundingBox": {
          "Width": 0.033771585673093796,
          "Height": 0.01616048812866211,
          "Left": 0.37916404008865356,
          "Top": 0.5706652998924255
        },
        "Polygon": [
          {
            "X": 0.37916404008865356,
            "Y": 0.5707536935806274
          },
          {
            "X": 0.4128638803958893,
            "Y": 0.5706652998924255
          },
          {
            "X": 0.41293561458587646,
            "Y": 0.586739182472229
          },
          {
            "X": 0.3792335093021393,
            "Y": 0.5868257880210876
          }
        ]
      },
      "Id": "4fa1fc18-4fa9-4453-93f1-9ee86bfa3976",
      "Page": 1
    },
    {
      "BlockType": "WORD",
      "Confidence": 67.16043853759766,
      "Text": "387.4",
      "TextType": "PRINTED",
      "Geometry": {
        "BoundingBox": {
          "Width": 0.03387017920613289,
          "Height": 0.015960244461894035,
          "Left": 0.47989583015441895,
          "Top": 0.5706996321678162
        },
        "Polygon": [
          {
            "X": 0.47989583015441895,
            "Y": 0.5707882642745972
          },
          {
            "X": 0.5136886239051819,
            "Y": 0.5706996321678162
          },
          {
            "X": 0.5137659907341003,
            "Y": 0.58657306432724
          },
          {
            "X": 0.4799710214138031,
            "Y": 0.5866599082946777
          }
        ]
      },
      "Id": "41ff3ad5-8b95-4a4c-8478-bae7ce364e70",
      "Page": 1
    },
    {
      "BlockType": "WORD",
      "Confidence": 99.97663879394531,
      "Text": "27.00",
      "TextType": "PRINTED",
      "Geometry": {
        "BoundingBox": {
          "Width": 0.033831845968961716,
          "Height": 0.016309548169374466,
          "Left": 0.5859197378158569,
          "Top": 0.5705283284187317
        },
        "Polygon": [
          {
            "X": 0.5859197378158569,
            "Y": 0.5706168413162231
          },
          {
            "X": 0.6196654438972473,
            "Y": 0.5705283284187317
          },
          {
            "X": 0.6197516322135925,
            "Y": 0.5867512226104736
          },
          {
            "X": 0.5860036611557007,
            "Y": 0.586837887763977
          }
        ]
      },
      "Id": "19cde678-80ff-4ad0-91a3-a1bd1163f96b",
      "Page": 1
    },
    {
      "BlockType": "WORD",
      "Confidence": 97.59073638916016,
      "Text": "APP@ATNi15",
      "TextType": "PRINTED",
      "Geometry": {
        "BoundingBox": {
          "Width": 0.08347158879041672,
          "Height": 0.019676007330417633,
          "Left": 0.2611572742462158,
          "Top": 0.5999102592468262
        },
        "Polygon": [
          {
            "X": 0.2611572742462158,
            "Y": 0.6001209616661072
          },
          {
            "X": 0.34454742074012756,
            "Y": 0.5999102592468262
          },
          {
            "X": 0.34462884068489075,
            "Y": 0.6193809509277344
          },
          {
            "X": 0.2612319886684418,
            "Y": 0.6195862293243408
          }
        ]
      },
      "Id": "06539256-500d-4377-b57a-344e49e9159c",
      "Page": 1
    },
    {
      "BlockType": "TABLE",
      "Confidence": 97.4609375,
      "Geometry": {
        "BoundingBox": {
          "Width": 0.5365858674049377,
          "Height": 0.2670539915561676,
          "Left": 0.23236995935440063,
          "Top": 0.3650989830493927
        },
        "Polygon": [
          {
            "X": 0.23236995935440063,
            "Y": 0.3668668270111084
          },
          {
            "X": 0.7673819661140442,
            "Y": 0.3650989830493927
          },
          {
            "X": 0.7689558267593384,
            "Y": 0.6308568120002747
          },
          {
            "X": 0.23335805535316467,
            "Y": 0.6321529746055603
          }
        ]
      },
      "Id": "7a9a4352-8eb3-4df2-86ac-8b3d7bcabfde",
      "Relationships": [
        {
          "Type": "CHILD",
          "Ids": [
            "62c35ef4-ce09-4141-afbf-4131759f7cf2",
            "a087ee06-d393-4850-89f2-42d7adf608c1",
            "55cd83f8-ddda-46c1-a2cd-5408778a98e0",
            "3af87a0b-f786-4531-a15c-b127d98490c5",
            "abb98d3a-56d1-404a-8d7d-15a1abefe535",
            "93037d96-5313-4f12-a752-15ff11dbd4ad",
            "f0995e3d-a089-4fd5-81a4-c2605cbc7631",
            "f74ece4d-8657-4acd-b321-951dd4d16b26",
            "66e6171c-695a-48df-a43d-b5590d8184f7",
            "54fc3cce-b407-4828-b0fa-c57ab0360827",
            "9df81d13-87a4-4d38-8b5a-c796098e688d",
            "de3f06c0-f873-4320-9150-24111e5fe744",
            "f5a426bb-bc2b-46c3-9958-04a6e8ecb333",
            "3ccb696c-1c66-49c4-9722-f826a58207bd",
            "7968d0ca-24e5-4c52-86a1-2bc74f2022d4",
            "a1749448-0fb1-4e3b-bd4f-57bbd4cf878e",
            "fde4d0be-8692-41d3-a661-97793e778943",
            "7260e964-9fd7-4974-ab65-e5a2fe9ee32a",
            "a49ead1f-26a2-4f0c-a095-0e68d727dbe3",
            "914590f6-b22b-48c5-b1f9-ca479693a227",
            "c0167d52-4db7-492c-b1f2-94e577e05740",
            "97bb6bcf-3ab7-42f7-95b4-bad11c5c4281",
            "d996cb87-8eec-4847-9360-1eddb4c4848d",
            "d55349e2-bb78-4abd-9c6f-6fa585f7ab1b",
            "c9ffb559-a800-412a-9990-c08d33c1d5c8",
            "66234aaa-83e2-4f93-bb36-4bcca6c5a793",
            "8c8dbcba-eeee-4b30-8101-f671d247bcbc",
            "d9ae01e0-513e-40ad-9c46-616a881cadbb",
            "6a263f08-4eba-491c-bf84-cbfb5404c6c2",
            "38f5aaa9-7afd-4080-9a32-a6544b3fd920",
            "b099ee4b-dda4-4560-b046-4242ee0bd017",
            "b72574e2-339e-4eb7-b433-b0bfb3014db3"
          ]
        },
        {
          "Type": "MERGED_CELL",
          "Ids": [
            "a8624e27-0d58-4155-93d5-c2e24ed9c4d9",
            "9686f6de-0d81-4380-a564-fae98765d9f0",
            "348994bb-8921-408b-9ba0-efa45ed9c412"
          ]
        }
      ],
      "EntityTypes": [
        "STRUCTURED_TABLE"
      ],
      "Page": 1
    },
    {
      "BlockType": "CELL",
      "Confidence": 93.06640625,
      "RowIndex": 1,
      "ColumnIndex": 1,
      "RowSpan": 1,
      "ColumnSpan": 1,
      "Geometry": {
        "BoundingBox": {
          "Width": 0.1305694431066513,
          "Height": 0.04446115717291832,
          "Left": 0.23236995935440063,
          "Top": 0.3664360046386719
        },
        "Polygon": [
          {
            "X": 0.23236995935440063,
            "Y": 0.3668668270111084
          },
          {
            "X": 0.36275172233581543,
            "Y": 0.3664360046386719
          },
          {
            "X": 0.36293938755989075,
            "Y": 0.4104853868484497
          },
          {
            "X": 0.23253396153450012,
            "Y": 0.4108971357345581
          }
        ]
      },
      "Id": "62c35ef4-ce09-4141-afbf-4131759f7cf2",
      "Relationships": [
        {
          "Type": "CHILD",
          "Ids": [
            "f2a3f8e1-1e00-464d-90c3-8aebc112b2dc"
          ]
        }
      ],
      "EntityTypes": [
        "COLUMN_HEADER"
      ],
      "Page": 1
    },
    {
      "BlockType": "CELL",
      "Confidence": 90.478515625,
      "RowIndex": 1,
      "ColumnIndex": 2,
      "RowSpan": 1,
      "ColumnSpan": 1,
      "Geometry": {
        "BoundingBox": {
          "Width": 0.10463884472846985,
          "Height": 0.04439447075128555,
          "Left": 0.36275172233581543,
          "Top": 0.36609092354774475
        },
        "Polygon": [
          {
            "X": 0.36275172233581543,
            "Y": 0.3664360046386719
          },
          {
            "X": 0.4671839475631714,
            "Y": 0.36609092354774475
          },
          {
            "X": 0.4673905670642853,
            "Y": 0.41015559434890747
          },
          {
            "X": 0.36293938755989075,
            "Y": 0.4104853868484497
          }
        ]
      },
      "Id": "a087ee06-d393-4850-89f2-42d7adf608c1",
      "Relationships": [
        {
          "Type": "CHILD",
          "Ids": [
            "45ec72f1-1ca8-4b39-9870-b7e004113ab0",
            "6732c09a-6bcc-4a6a-aa35-ced29a8996f7",
            "6a2b9e41-b9e1-4581-b79e-b2acf0e46614",
            "20146f2c-f169-4913-8aac-29a5354dcff2"
          ]
        }
      ],
      "EntityTypes": [
        "COLUMN_HEADER"
      ],
      "Page": 1
    },
    {
      "BlockType": "CELL",
      "Confidence": 90.087890625,
      "RowIndex": 1,
      "ColumnIndex": 3,
      "RowSpan": 1,
      "ColumnSpan": 1,
      "Geometry": {
        "BoundingBox": {
          "Width": 0.1070370227098465,
          "Height": 0.044417597353458405,
          "Left": 0.4671839475631714,
          "Top": 0.3657379746437073
        },
        "Polygon": [
          {
            "X": 0.4671839475631714,
            "Y": 0.36609092354774475
          },
          {
            "X": 0.5739949345588684,
            "Y": 0.3657379746437073
          },
          {
            "X": 0.5742209553718567,
            "Y": 0.40981826186180115
          },
          {
            "X": 0.4673905670642853,
            "Y": 0.41015559434890747
          }
        ]
      },
      "Id": "55cd83f8-ddda-46c1-a2cd-5408778a98e0",
      "Relationships": [
        {
          "Type": "CHILD",
          "Ids": [
            "15ef3ec3-6bbc-4af6-8321-55bb16a4aa6a",
            "970fa261-f19d-445c-8982-9224963db4b3",
            "d27184f2-002f-48e6-88a6-f61b59c5cfc9",
            "72a1869c-f3e6-49e1-8d42-4fe02b8a3b4c"
          ]
        }
      ],
      "EntityTypes": [
        "COLUMN_HEADER"
      ],
      "Page": 1
    },
    {
      "BlockType": "CELL",
      "Confidence": 93.75,
      "RowIndex": 1,
      "ColumnIndex": 4,
      "RowSpan": 1,
      "ColumnSpan": 1,
      "Geometry": {
        "BoundingBox": {
          "Width": 0.19364824891090393,
          "Height": 0.044719282537698746,
          "Left": 0.5739949345588684,
          "Top": 0.3650989830493927
        },
        "Polygon": [
          {
            "X": 0.5739949345588684,
            "Y": 0.3657379746437073
          },
          {
            "X": 0.7673819661140442,
            "Y": 0.3650989830493927
          },
          {
            "X": 0.7676432132720947,
            "Y": 0.4092075228691101
          },
          {
            "X": 0.5742209553718567,
            "Y": 0.40981826186180115
          }
        ]
      },
      "Id": "3af87a0b-f786-4531-a15c-b127d98490c5",
      "Relationships": [
        {
          "Type": "CHILD",
          "Ids": [
            "540fe449-0369-46f0-a659-0a4d3d457b8e",
            "fcfd4888-d68a-4b21-a832-2152b218c2bd",
            "330c7648-f6a3-4a13-b5fe-b2f3afad17f3",
            "59b6a545-0e69-4650-acad-710252173c62",
            "b45b7929-61cc-4314-a7f9-7ba061b8461f",
            "79806598-f3e3-4ee4-a790-a0a94237b706"
          ]
        }
      ],
      "EntityTypes": [
        "COLUMN_HEADER"
      ],
      "Page": 1
    },
    {
      "BlockType": "CELL",
      "Confidence": 87.744140625,
      "RowIndex": 2,
      "ColumnIndex": 1,
      "RowSpan": 1,
      "ColumnSpan": 1,
      "Geometry": {
        "BoundingBox": {
          "Width": 0.13056260347366333,
          "Height": 0.03728746250271797,
          "Left": 0.23253396153450012,
          "Top": 0.4104853868484497
        },
        "Polygon": [
          {
            "X": 0.23253396153450012,
            "Y": 0.4108971357345581
          },
          {
            "X": 0.36293938755989075,
            "Y": 0.4104853868484497
          },
          {
            "X": 0.36309656500816345,
            "Y": 0.4473770558834076
          },
          {
            "X": 0.23267130553722382,
            "Y": 0.4477728605270386
          }
        ]
      },
      "Id": "abb98d3a-56d1-404a-8d7d-15a1abefe535",
      "Relationships": [
        {
          "Type": "CHILD",
          "Ids": [
            "105fe9e9-a4bf-4400-afc1-b506da4ce9b8"
          ]
        }
      ],
      "Page": 1
    },
    {
      "BlockType": "CELL",
      "Confidence": 85.302734375,
      "RowIndex": 2,
      "ColumnIndex": 2,
      "RowSpan": 1,
      "ColumnSpan": 1,
      "Geometry": {
        "BoundingBox": {
          "Width": 0.10462423413991928,
          "Height": 0.037221480160951614,
          "Left": 0.36293938755989075,
          "Top": 0.41015559434890747
        },
        "Polygon": [
          {
            "X": 0.36293938755989075,
            "Y": 0.4104853868484497
          },
          {
            "X": 0.4673905670642853,
            "Y": 0.41015559434890747
          },
          {
            "X": 0.4675636291503906,
            "Y": 0.4470600485801697
          },
          {
            "X": 0.36309656500816345,
            "Y": 0.4473770558834076
          }
        ]
      },
      "Id": "93037d96-5313-4f12-a752-15ff11dbd4ad",
      "Relationships": [
        {
          "Type": "CHILD",
          "Ids": [
            "484effbb-b611-4247-81d5-3b9e86045c6e"
          ]
        }
      ],
      "Page": 1
    },
    {
      "BlockType": "CELL",
      "Confidence": 84.912109375,
      "RowIndex": 2,
      "ColumnIndex": 3,
      "RowSpan": 1,
      "ColumnSpan": 1,
      "Geometry": {
        "BoundingBox": {
          "Width": 0.10701970756053925,
          "Height": 0.03724178299307823,
          "Left": 0.4673905670642853,
          "Top": 0.40981826186180115
        },
        "Polygon": [
          {
            "X": 0.4673905670642853,
            "Y": 0.41015559434890747
          },
          {
            "X": 0.5742209553718567,
            "Y": 0.40981826186180115
          },
          {
            "X": 0.5744103193283081,
            "Y": 0.44673579931259155
          },
          {
            "X": 0.4675636291503906,
            "Y": 0.4470600485801697
          }
        ]
      },
      "Id": "f0995e3d-a089-4fd5-81a4-c2605cbc7631",
      "Relationships": [
        {
          "Type": "CHILD",
          "Ids": [
            "2b8b95e1-4a76-4805-bd3c-c41d6b93042e"
          ]
        }
      ],
      "Page": 1
    },
    {
      "BlockType": "CELL",
      "Confidence": 88.37890625,
      "RowIndex": 2,
      "ColumnIndex": 4,
      "RowSpan": 1,
      "ColumnSpan": 1,
      "Geometry": {
        "BoundingBox": {
          "Width": 0.19364097714424133,
          "Height": 0.037528280168771744,
          "Left": 0.5742209553718567,
          "Top": 0.4092075228691101
        },
        "Polygon": [
          {
            "X": 0.5742209553718567,
            "Y": 0.40981826186180115
          },
          {
            "X": 0.7676432132720947,
            "Y": 0.4092075228691101
          },
          {
            "X": 0.7678619623184204,
            "Y": 0.44614875316619873
          },
          {
            "X": 0.5744103193283081,
            "Y": 0.44673579931259155
          }
        ]
      },
      "Id": "f74ece4d-8657-4acd-b321-951dd4d16b26",
      "Relationships": [
        {
          "Type": "CHILD",
          "Ids": [
            "24d7a6f4-51a2-4e96-86db-d8c6fba3d4c7"
          ]
        }
      ],
      "Page": 1
    },
    {
      "BlockType": "CELL",
      "Confidence": 85.693359375,
      "RowIndex": 3,
      "ColumnIndex": 1,
      "RowSpan": 1,
      "ColumnSpan": 1,
      "Geometry": {
        "BoundingBox": {
          "Width": 0.1305510252714157,
          "Height": 0.029904397204518318,
          "Left": 0.23267130553722382,
          "Top": 0.4473770558834076
        },
        "Polygon": [
          {
            "X": 0.23267130553722382,
            "Y": 0.4477728605270386
          },
          {
            "X": 0.36309656500816345,
            "Y": 0.4473770558834076
          },
          {
            "X": 0.3632223308086395,
            "Y": 0.4768984615802765
          },
          {
            "X": 0.23278121650218964,
            "Y": 0.47728145122528076
          }
        ]
      },
      "Id": "66e6171c-695a-48df-a43d-b5590d8184f7",
      "Relationships": [
        {
          "Type": "CHILD",
          "Ids": [
            "63bd3ad3-2ddc-4013-a495-a42a3a321c8d"
          ]
        }
      ],
      "Page": 1
    },
    {
      "BlockType": "CELL",
      "Confidence": 83.349609375,
      "RowIndex": 3,
      "ColumnIndex": 2,
      "RowSpan": 1,
      "ColumnSpan": 1,
      "Geometry": {
        "BoundingBox": {
          "Width": 0.1046055480837822,
          "Height": 0.029838405549526215,
          "Left": 0.36309656500816345,
          "Top": 0.4470600485801697
        },
        "Polygon": [
          {
            "X": 0.36309656500816345,
            "Y": 0.4473770558834076
          },
          {
            "X": 0.4675636291503906,
            "Y": 0.4470600485801697
          },
          {
            "X": 0.46770212054252625,
            "Y": 0.47659167647361755
          },
          {
            "X": 0.3632223308086395,
            "Y": 0.4768984615802765
          }
        ]
      },
      "Id": "54fc3cce-b407-4828-b0fa-c57ab0360827",
      "Relationships": [
        {
          "Type": "CHILD",
          "Ids": [
            "0d67ad32-7cd0-4e6c-bd3a-a7227fc6684a"
          ]
        }
      ],
      "Page": 1
    },
    {
      "BlockType": "CELL",
      "Confidence": 82.958984375,
      "RowIndex": 3,
      "ColumnIndex": 3,
      "RowSpan": 1,
      "ColumnSpan": 1,
      "Geometry": {
        "BoundingBox": {
          "Width": 0.10699814558029175,
          "Height": 0.029855864122509956,
          "Left": 0.4675636291503906,
          "Top": 0.44673579931259155
        },
        "Polygon": [
          {
            "X": 0.4675636291503906,
            "Y": 0.4470600485801697
          },
          {
            "X": 0.5744103193283081,
            "Y": 0.44673579931259155
          },
          {
            "X": 0.5745617747306824,
            "Y": 0.4762778878211975
          },
          {
            "X": 0.46770212054252625,
            "Y": 0.47659167647361755
          }
        ]
      },
      "Id": "9df81d13-87a4-4d38-8b5a-c796098e688d",
      "Relationships": [
        {
          "Type": "CHILD",
          "Ids": [
            "d572bb37-8a64-41ba-91b3-aa248122ddbd"
          ]
        }
      ],
      "Page": 1
    },
    {
      "BlockType": "CELL",
      "Confidence": 86.328125,
      "RowIndex": 3,
      "ColumnIndex": 4,
      "RowSpan": 1,
      "ColumnSpan": 1,
      "Geometry": {
        "BoundingBox": {
          "Width": 0.19362673163414001,
          "Height": 0.030129147693514824,
          "Left": 0.5744103193283081,
          "Top": 0.44614875316619873
        },
        "Polygon": [
          {
            "X": 0.5744103193283081,
            "Y": 0.44673579931259155
          },
          {
            "X": 0.7678619623184204,
            "Y": 0.44614875316619873
          },
          {
            "X": 0.7680370211601257,
            "Y": 0.47570979595184326
          },
          {
            "X": 0.5745617747306824,
            "Y": 0.4762778878211975
          }
        ]
      },
      "Id": "de3f06c0-f873-4320-9150-24111e5fe744",
      "Relationships": [
        {
          "Type": "CHILD",
          "Ids": [
            "4c18461a-1d6f-4fa1-844e-89e75432653e"
          ]
        }
      ],
      "Page": 1
    },
    {
      "BlockType": "CELL",
      "Confidence": 83.88671875,
      "RowIndex": 4,
      "ColumnIndex": 1,
      "RowSpan": 1,
      "ColumnSpan": 1,
      "Geometry": {
        "BoundingBox": {
          "Width": 0.13056166470050812,
          "Height": 0.028668800368905067,
          "Left": 0.23278121650218964,
          "Top": 0.4768984615802765
        },
        "Polygon": [
          {
            "X": 0.23278121650218964,
            "Y": 0.47728145122528076
          },
          {
            "X": 0.3632223308086395,
            "Y": 0.4768984615802765
          },
          {
            "X": 0.36334288120269775,
            "Y": 0.5051965117454529
          },
          {
            "X": 0.23288656771183014,
            "Y": 0.5055672526359558
          }
        ]
      },
      "Id": "f5a426bb-bc2b-46c3-9958-04a6e8ecb333",
      "Relationships": [
        {
          "Type": "CHILD",
          "Ids": [
            "8fb66676-2d24-4f4f-89fe-cb35fd50ed8e"
          ]
        }
      ],
      "Page": 1
    },
    {
      "BlockType": "CELL",
      "Confidence": 81.591796875,
      "RowIndex": 4,
      "ColumnIndex": 2,
      "RowSpan": 1,
      "ColumnSpan": 1,
      "Geometry": {
        "BoundingBox": {
          "Width": 0.10461252182722092,
          "Height": 0.02860482595860958,
          "Left": 0.3632223308086395,
          "Top": 0.47659167647361755
        },
        "Polygon": [
          {
            "X": 0.3632223308086395,
            "Y": 0.4768984615802765
          },
          {
            "X": 0.46770212054252625,
            "Y": 0.47659167647361755
          },
          {
            "X": 0.46783483028411865,
            "Y": 0.5048995018005371
          },
          {
            "X": 0.36334288120269775,
            "Y": 0.5051965117454529
          }
        ]
      },
      "Id": "3ccb696c-1c66-49c4-9722-f826a58207bd",
      "Relationships": [
        {
          "Type": "CHILD",
          "Ids": [
            "185992d2-4f2a-4fe4-9a53-9ea740825df8"
          ]
        }
      ],
      "Page": 1
    },
    {
      "BlockType": "CELL",
      "Confidence": 81.25,
      "RowIndex": 4,
      "ColumnIndex": 3,
      "RowSpan": 1,
      "ColumnSpan": 1,
      "Geometry": {
        "BoundingBox": {
          "Width": 0.10700488090515137,
          "Height": 0.028621628880500793,
          "Left": 0.46770212054252625,
          "Top": 0.4762778878211975
        },
        "Polygon": [
          {
            "X": 0.46770212054252625,
            "Y": 0.47659167647361755
          },
          {
            "X": 0.5745617747306824,
            "Y": 0.4762778878211975
          },
          {
            "X": 0.5747069716453552,
            "Y": 0.5045958161354065
          },
          {
            "X": 0.46783483028411865,
            "Y": 0.5048995018005371
          }
        ]
      },
      "Id": "7968d0ca-24e5-4c52-86a1-2bc74f2022d4",
      "Relationships": [
        {
          "Type": "CHILD",
          "Ids": [
            "e1193df9-741e-4d42-a641-e5e8a93ee82d"
          ]
        }
      ],
      "Page": 1
    },
    {
      "BlockType": "CELL",
      "Confidence": 84.521484375,
      "RowIndex": 4,
      "ColumnIndex": 4,
      "RowSpan": 1,
      "ColumnSpan": 1,
      "Geometry": {
        "BoundingBox": {
          "Width": 0.19364306330680847,
          "Height": 0.028885994106531143,
          "Left": 0.5745617747306824,
          "Top": 0.47570979595184326
        },
        "Polygon": [
          {
            "X": 0.5745617747306824,
            "Y": 0.4762778878211975
          },
          {
            "X": 0.7680370211601257,
            "Y": 0.47570979595184326
          },
          {
            "X": 0.7682048082351685,
            "Y": 0.5040459036827087
          },
          {
            "X": 0.5747069716453552,
            "Y": 0.5045958161354065
          }
        ]
      },
      "Id": "a1749448-0fb1-4e3b-bd4f-57bbd4cf878e",
      "Relationships": [
        {
          "Type": "CHILD",
          "Ids": [
            "0243fb3f-9367-4848-85e9-c4b9ff95f7a9"
          ]
        }
      ],
      "Page": 1
    },
    {
      "BlockType": "CELL",
      "Confidence": 41.2109375,
      "RowIndex": 5,
      "ColumnIndex": 1,
      "RowSpan": 1,
      "ColumnSpan": 1,
      "Geometry": {
        "BoundingBox": {
          "Width": 0.13058213889598846,
          "Height": 0.029893366619944572,
          "Left": 0.23288656771183014,
          "Top": 0.5051965117454529
        },
        "Polygon": [
          {
            "X": 0.23288656771183014,
            "Y": 0.5055672526359558
          },
          {
            "X": 0.36334288120269775,
            "Y": 0.5051965117454529
          },
          {
            "X": 0.3634687066078186,
            "Y": 0.534731924533844
          },
          {
            "X": 0.23299652338027954,
            "Y": 0.5350898504257202
          }
        ]
      },
      "Id": "fde4d0be-8692-41d3-a661-97793e778943",
      "Relationships": [
        {
          "Type": "CHILD",
          "Ids": [
            "d3ca1e91-42ce-4302-8755-575e0ca3bd9e"
          ]
        }
      ],
      "Page": 1
    },
    {
      "BlockType": "CELL",
      "Confidence": 40.087890625,
      "RowIndex": 5,
      "ColumnIndex": 2,
      "RowSpan": 1,
      "ColumnSpan": 1,
      "Geometry": {
        "BoundingBox": {
          "Width": 0.10463050752878189,
          "Height": 0.029832370579242706,
          "Left": 0.36334288120269775,
          "Top": 0.5048995018005371
        },
        "Polygon": [
          {
            "X": 0.36334288120269775,
            "Y": 0.5051965117454529
          },
          {
            "X": 0.46783483028411865,
            "Y": 0.5048995018005371
          },
          {
            "X": 0.46797338128089905,
            "Y": 0.5344451665878296
          },
          {
            "X": 0.3634687066078186,
            "Y": 0.534731924533844
          }
        ]
      },
      "Id": "7260e964-9fd7-4974-ab65-e5a2fe9ee32a",
      "Relationships": [
        {
          "Type": "CHILD",
          "Ids": [
            "4bdb61bd-2f40-41b6-9a0c-726381da1e34"
          ]
        }
      ],
      "Page": 1
    },
    {
      "BlockType": "CELL",
      "Confidence": 39.9169921875,
      "RowIndex": 5,
      "ColumnIndex": 3,
      "RowSpan": 1,
      "ColumnSpan": 1,
      "Geometry": {
        "BoundingBox": {
          "Width": 0.1070236936211586,
          "Height": 0.029849382117390633,
          "Left": 0.46783483028411865,
          "Top": 0.5045958161354065
        },
        "Polygon": [
          {
            "X": 0.46783483028411865,
            "Y": 0.5048995018005371
          },
          {
            "X": 0.5747069716453552,
            "Y": 0.5045958161354065
          },
          {
            "X": 0.574858546257019,
            "Y": 0.5341519117355347
          },
          {
            "X": 0.46797338128089905,
            "Y": 0.5344451665878296
          }
        ]
      },
      "Id": "a49ead1f-26a2-4f0c-a095-0e68d727dbe3",
      "Relationships": [
        {
          "Type": "CHILD",
          "Ids": [
            "197970b7-f85f-431d-9e2a-cf955198ba8c"
          ]
        }
      ],
      "Page": 1
    },
    {
      "BlockType": "CELL",
      "Confidence": 41.5283203125,
      "RowIndex": 5,
      "ColumnIndex": 4,
      "RowSpan": 1,
      "ColumnSpan": 1,
      "Geometry": {
        "BoundingBox": {
          "Width": 0.1936729997396469,
          "Height": 0.03010605275630951,
          "Left": 0.5747069716453552,
          "Top": 0.5040459036827087
        },
        "Polygon": [
          {
            "X": 0.5747069716453552,
            "Y": 0.5045958161354065
          },
          {
            "X": 0.7682048082351685,
            "Y": 0.5040459036827087
          },
          {
            "X": 0.7683799862861633,
            "Y": 0.5336210131645203
          },
          {
            "X": 0.574858546257019,
            "Y": 0.5341519117355347
          }
        ]
      },
      "Id": "914590f6-b22b-48c5-b1f9-ca479693a227",
      "Relationships": [
        {
          "Type": "CHILD",
          "Ids": [
            "8f675fe3-a8ba-468c-988c-3e14ec1e1d9b"
          ]
        }
      ],
      "Page": 1
    },
    {
      "BlockType": "CELL",
      "Confidence": 48.2421875,
      "RowIndex": 6,
      "ColumnIndex": 1,
      "RowSpan": 1,
      "ColumnSpan": 1,
      "Geometry": {
        "BoundingBox": {
          "Width": 0.13059279322624207,
          "Height": 0.028657179325819016,
          "Left": 0.23299652338027954,
          "Top": 0.534731924533844
        },
        "Polygon": [
          {
            "X": 0.23299652338027954,
            "Y": 0.5350898504257202
          },
          {
            "X": 0.3634687066078186,
            "Y": 0.534731924533844
          },
          {
            "X": 0.3635893166065216,
            "Y": 0.5630434155464172
          },
          {
            "X": 0.23310193419456482,
            "Y": 0.5633890628814697
          }
        ]
      },
      "Id": "c0167d52-4db7-492c-b1f2-94e577e05740",
      "Relationships": [
        {
          "Type": "CHILD",
          "Ids": [
            "a239bb3d-574d-4744-9f13-5b054dfef21e"
          ]
        }
      ],
      "EntityTypes": [
        "TABLE_SECTION_TITLE"
      ],
      "Page": 1
    },
    {
      "BlockType": "CELL",
      "Confidence": 46.923828125,
      "RowIndex": 6,
      "ColumnIndex": 2,
      "RowSpan": 1,
      "ColumnSpan": 1,
      "Geometry": {
        "BoundingBox": {
          "Width": 0.10463748127222061,
          "Height": 0.028598202392458916,
          "Left": 0.3634687066078186,
          "Top": 0.5344451665878296
        },
        "Polygon": [
          {
            "X": 0.3634687066078186,
            "Y": 0.534731924533844
          },
          {
            "X": 0.46797338128089905,
            "Y": 0.5344451665878296
          },
          {
            "X": 0.4681061804294586,
            "Y": 0.5627664923667908
          },
          {
            "X": 0.3635893166065216,
            "Y": 0.5630434155464172
          }
        ]
      },
      "Id": "97bb6bcf-3ab7-42f7-95b4-bad11c5c4281",
      "EntityTypes": [
        "TABLE_SECTION_TITLE"
      ],
      "Page": 1
    },
    {
      "BlockType": "CELL",
      "Confidence": 46.7041015625,
      "RowIndex": 6,
      "ColumnIndex": 3,
      "RowSpan": 1,
      "ColumnSpan": 1,
      "Geometry": {
        "BoundingBox": {
          "Width": 0.10703042894601822,
          "Height": 0.028614558279514313,
          "Left": 0.46797338128089905,
          "Top": 0.5341519117355347
        },
        "Polygon": [
          {
            "X": 0.46797338128089905,
            "Y": 0.5344451665878296
          },
          {
            "X": 0.574858546257019,
            "Y": 0.5341519117355347
          },
          {
            "X": 0.5750038027763367,
            "Y": 0.5624833106994629
          },
          {
            "X": 0.4681061804294586,
            "Y": 0.5627664923667908
          }
        ]
      },
      "Id": "d996cb87-8eec-4847-9360-1eddb4c4848d",
      "EntityTypes": [
        "TABLE_SECTION_TITLE"
      ],
      "Page": 1
    },
    {
      "BlockType": "CELL",
      "Confidence": 48.6083984375,
      "RowIndex": 6,
      "ColumnIndex": 4,
      "RowSpan": 1,
      "ColumnSpan": 1,
      "Geometry": {
        "BoundingBox": {
          "Width": 0.19368933141231537,
          "Height": 0.028862301260232925,
          "Left": 0.574858546257019,
          "Top": 0.5336210131645203
        },
        "Polygon": [
          {
            "X": 0.574858546257019,
            "Y": 0.5341519117355347
          },
          {
            "X": 0.7683799862861633,
            "Y": 0.5336210131645203
          },
          {
            "X": 0.7685478925704956,
            "Y": 0.5619705319404602
          },
          {
            "X": 0.5750038027763367,
            "Y": 0.5624833106994629
          }
        ]
      },
      "Id": "d55349e2-bb78-4abd-9c6f-6fa585f7ab1b",
      "EntityTypes": [
        "TABLE_SECTION_TITLE"
      ],
      "Page": 1
    },
    {
      "BlockType": "CELL",
      "Confidence": 33.056640625,
      "RowIndex": 7,
      "ColumnIndex": 1,
      "RowSpan": 1,
      "ColumnSpan": 1,
      "Geometry": {
        "BoundingBox": {
          "Width": 0.1306132674217224,
          "Height": 0.02988232485949993,
          "Left": 0.23310193419456482,
          "Top": 0.5630434155464172
        },
        "Polygon": [
          {
            "X": 0.23310193419456482,
            "Y": 0.5633890628814697
          },
          {
            "X": 0.3635893166065216,
            "Y": 0.5630434155464172
          },
          {
            "X": 0.36371520161628723,
            "Y": 0.5925928354263306
          },
          {
            "X": 0.233211949467659,
            "Y": 0.5929257273674011
          }
        ]
      },
      "Id": "c9ffb559-a800-412a-9990-c08d33c1d5c8",
      "Relationships": [
        {
          "Type": "CHILD",
          "Ids": [
            "8358e257-aedd-44d1-8c62-5f8e10afaa45"
          ]
        }
      ],
      "Page": 1
    },
    {
      "BlockType": "CELL",
      "Confidence": 37.7197265625,
      "RowIndex": 7,
      "ColumnIndex": 2,
      "RowSpan": 1,
      "ColumnSpan": 1,
      "Geometry": {
        "BoundingBox": {
          "Width": 0.10465548187494278,
          "Height": 0.0298263281583786,
          "Left": 0.3635893166065216,
          "Top": 0.5627664923667908
        },
        "Polygon": [
          {
            "X": 0.3635893166065216,
            "Y": 0.5630434155464172
          },
          {
            "X": 0.4681061804294586,
            "Y": 0.5627664923667908
          },
          {
            "X": 0.4682447910308838,
            "Y": 0.5923261642456055
          },
          {
            "X": 0.36371520161628723,
            "Y": 0.5925928354263306
          }
        ]
      },
      "Id": "66234aaa-83e2-4f93-bb36-4bcca6c5a793",
      "Relationships": [
        {
          "Type": "CHILD",
          "Ids": [
            "4fa1fc18-4fa9-4453-93f1-9ee86bfa3976"
          ]
        }
      ],
      "Page": 1
    },
    {
      "BlockType": "CELL",
      "Confidence": 37.060546875,
      "RowIndex": 7,
      "ColumnIndex": 3,
      "RowSpan": 1,
      "ColumnSpan": 1,
      "Geometry": {
        "BoundingBox": {
          "Width": 0.10704926401376724,
          "Height": 0.029842890799045563,
          "Left": 0.4681061804294586,
          "Top": 0.5624833106994629
        },
        "Polygon": [
          {
            "X": 0.4681061804294586,
            "Y": 0.5627664923667908
          },
          {
            "X": 0.5750038027763367,
            "Y": 0.5624833106994629
          },
          {
            "X": 0.5751554369926453,
            "Y": 0.5920534729957581
          },
          {
            "X": 0.4682447910308838,
            "Y": 0.5923261642456055
          }
        ]
      },
      "Id": "8c8dbcba-eeee-4b30-8101-f671d247bcbc",
      "Relationships": [
        {
          "Type": "CHILD",
          "Ids": [
            "41ff3ad5-8b95-4a4c-8478-bae7ce364e70"
          ]
        }
      ],
      "Page": 1
    },
    {
      "BlockType": "CELL",
      "Confidence": 40.8203125,
      "RowIndex": 7,
      "ColumnIndex": 4,
      "RowSpan": 1,
      "ColumnSpan": 1,
      "Geometry": {
        "BoundingBox": {
          "Width": 0.1933991014957428,
          "Height": 0.030082082375884056,
          "Left": 0.5750038027763367,
          "Top": 0.5619713664054871
        },
        "Polygon": [
          {
            "X": 0.5750038027763367,
            "Y": 0.5624833106994629
          },
          {
            "X": 0.768227756023407,
            "Y": 0.5619713664054871
          },
          {
            "X": 0.7684029340744019,
            "Y": 0.5915605425834656
          },
          {
            "X": 0.5751554369926453,
            "Y": 0.5920534729957581
          }
        ]
      },
      "Id": "d9ae01e0-513e-40ad-9c46-616a881cadbb",
      "Relationships": [
        {
          "Type": "CHILD",
          "Ids": [
            "19cde678-80ff-4ad0-91a3-a1bd1163f96b"
          ]
        }
      ],
      "Page": 1
    },
    {
      "BlockType": "CELL",
      "Confidence": 36.3525390625,
      "RowIndex": 8,
      "ColumnIndex": 1,
      "RowSpan": 1,
      "ColumnSpan": 1,
      "Geometry": {
        "BoundingBox": {
          "Width": 0.1306704431772232,
          "Height": 0.03956016153097153,
          "Left": 0.233211949467659,
          "Top": 0.5925928354263306
        },
        "Polygon": [
          {
            "X": 0.233211949467659,
            "Y": 0.5929257273674011
          },
          {
            "X": 0.36371520161628723,
            "Y": 0.5925928354263306
          },
          {
            "X": 0.3638823926448822,
            "Y": 0.6318371295928955
          },
          {
            "X": 0.23335805535316467,
            "Y": 0.6321529746055603
          }
        ]
      },
      "Id": "6a263f08-4eba-491c-bf84-cbfb5404c6c2",
      "Relationships": [
        {
          "Type": "CHILD",
          "Ids": [
            "06539256-500d-4377-b57a-344e49e9159c"
          ]
        }
      ],
      "Page": 1
    },
    {
      "BlockType": "CELL",
      "Confidence": 37.7197265625,
      "RowIndex": 8,
      "ColumnIndex": 2,
      "RowSpan": 1,
      "ColumnSpan": 1,
      "Geometry": {
        "BoundingBox": {
          "Width": 0.10471446067094803,
          "Height": 0.039677031338214874,
          "Left": 0.36371520161628723,
          "Top": 0.5923261642456055
        },
        "Polygon": [
          {
            "X": 0.36371520161628723,
            "Y": 0.5925928354263306
          },
          {
            "X": 0.4682447910308838,
            "Y": 0.5923261642456055
          },
          {
            "X": 0.46842965483665466,
            "Y": 0.6317502856254578
          },
          {
            "X": 0.3638831079006195,
            "Y": 0.6320032477378845
          }
        ]
      },
      "Id": "38f5aaa9-7afd-4080-9a32-a6544b3fd920",
      "Page": 1
    },
    {
      "BlockType": "CELL",
      "Confidence": 37.060546875,
      "RowIndex": 8,
      "ColumnIndex": 3,
      "RowSpan": 1,
      "ColumnSpan": 1,
      "Geometry": {
        "BoundingBox": {
          "Width": 0.10711288452148438,
          "Height": 0.039696790277957916,
          "Left": 0.4682447910308838,
          "Top": 0.5920534729957581
        },
        "Polygon": [
          {
            "X": 0.4682447910308838,
            "Y": 0.5923261642456055
          },
          {
            "X": 0.5751554369926453,
            "Y": 0.5920534729957581
          },
          {
            "X": 0.5753576755523682,
            "Y": 0.6314915418624878
          },
          {
            "X": 0.46842965483665466,
            "Y": 0.6317502856254578
          }
        ]
      },
      "Id": "b099ee4b-dda4-4560-b046-4242ee0bd017",
      "Page": 1
    },
    {
      "BlockType": "CELL",
      "Confidence": 40.8203125,
      "RowIndex": 8,
      "ColumnIndex": 4,
      "RowSpan": 1,
      "ColumnSpan": 1,
      "Geometry": {
        "BoundingBox": {
          "Width": 0.19348113238811493,
          "Height": 0.03993101418018341,
          "Left": 0.5751554369926453,
          "Top": 0.5915605425834656
        },
        "Polygon": [
          {
            "X": 0.5751554369926453,
            "Y": 0.5920534729957581
          },
          {
            "X": 0.7684029340744019,
            "Y": 0.5915605425834656
          },
          {
            "X": 0.7686365842819214,
            "Y": 0.6310238838195801
          },
          {
            "X": 0.5753576755523682,
            "Y": 0.6314915418624878
          }
        ]
      },
      "Id": "b72574e2-339e-4eb7-b433-b0bfb3014db3",
      "Page": 1
    },
    {
      "BlockType": "MERGED_CELL",
      "Confidence": 37.7197265625,
      "RowIndex": 7,
      "ColumnIndex": 2,
      "RowSpan": 2,
      "ColumnSpan": 1,
      "Geometry": {
        "BoundingBox": {
          "Width": 0.10483956336975098,
          "Height": 0.06907060742378235,
          "Left": 0.3635893166065216,
          "Top": 0.5627664923667908
        },
        "Polygon": [
          {
            "X": 0.3635893166065216,
            "Y": 0.5630434155464172
          },
          {
            "X": 0.4681061804294586,
            "Y": 0.5627664923667908
          },
          {
            "X": 0.4684288799762726,
            "Y": 0.631584107875824
          },
          {
            "X": 0.3638823926448822,
            "Y": 0.6318371295928955
          }
        ]
      },
      "Id": "a8624e27-0d58-4155-93d5-c2e24ed9c4d9",
      "Relationships": [
        {
          "Type": "CHILD",
          "Ids": [
            "66234aaa-83e2-4f93-bb36-4bcca6c5a793",
            "38f5aaa9-7afd-4080-9a32-a6544b3fd920"
          ]
        }
      ],
      "Page": 1
    },
    {
      "BlockType": "MERGED_CELL",
      "Confidence": 37.060546875,
      "RowIndex": 7,
      "ColumnIndex": 3,
      "RowSpan": 2,
      "ColumnSpan": 1,
      "Geometry": {
        "BoundingBox": {
          "Width": 0.1072506383061409,
          "Height": 0.06910080462694168,
          "Left": 0.4681061804294586,
          "Top": 0.5624833106994629
        },
        "Polygon": [
          {
            "X": 0.4681061804294586,
            "Y": 0.5627664923667908
          },
          {
            "X": 0.5750038027763367,
            "Y": 0.5624833106994629
          },
          {
            "X": 0.5753568410873413,
            "Y": 0.6313253045082092
          },
          {
            "X": 0.4684288799762726,
            "Y": 0.631584107875824
          }
        ]
      },
      "Id": "9686f6de-0d81-4380-a564-fae98765d9f0",
      "Relationships": [
        {
          "Type": "CHILD",
          "Ids": [
            "8c8dbcba-eeee-4b30-8101-f671d247bcbc",
            "b099ee4b-dda4-4560-b046-4242ee0bd017"
          ]
        }
      ],
      "Page": 1
    },
    {
      "BlockType": "MERGED_CELL",
      "Confidence": 40.8203125,
      "RowIndex": 7,
      "ColumnIndex": 4,
      "RowSpan": 2,
      "ColumnSpan": 1,
      "Geometry": {
        "BoundingBox": {
          "Width": 0.19395199418067932,
          "Height": 0.06935478001832962,
          "Left": 0.5750038027763367,
          "Top": 0.5619705319404602
        },
        "Polygon": [
          {
            "X": 0.5750038027763367,
            "Y": 0.5624833106994629
          },
          {
            "X": 0.7685478925704956,
            "Y": 0.5619705319404602
          },
          {
            "X": 0.7689558267593384,
            "Y": 0.6308568120002747
          },
          {
            "X": 0.5753568410873413,
            "Y": 0.6313253045082092
          }
        ]
      },
      "Id": "348994bb-8921-408b-9ba0-efa45ed9c412",
      "Relationships": [
        {
          "Type": "CHILD",
          "Ids": [
            "d9ae01e0-513e-40ad-9c46-616a881cadbb",
            "b72574e2-339e-4eb7-b433-b0bfb3014db3"
          ]
        }
      ],
      "Page": 1
    }
  ],
  "AnalyzeDocumentModelVersion": "1.0"
}