{
  "DocumentMetadata": {
    "Pages": 1
  },
  "JobStatus": "SUCCEEDED",
  "Blocks": [
    {
      "BlockType": "PAGE",
      "Geometry": {
        "BoundingBox": {
          "Width": 1,
          "Height": 1,
          "Left": 0,
          "Top": 0
        },
        "Polygon": [
          {
            "X": 0,
            "Y": 0
          },
          {
            "X": 1,
            "Y": 0
          },
          {
            "X": 1,
            "Y": 1
          },
          {
            "X": 0,
            "Y": 1
          }
        ]
      },
      "Id": "2fc2768b-00b1-409c-9fa5-90540e1b9140",
      "Relationships": [
        {
          "Type": "CHILD",
          "Ids": [
            "1ffc2ccb-640c-4960-939b-31a1e7b12f69",
            "fce5fdc7-f68c-49ae-9eab-a1ce8981c01c",
            "fd2e9359-3a4a-446f-9004-9d9194265cb4",
            "472d55e1-805f-45d6-8f9d-b77ded1f230f",
            "09e2e081-f758-4a6f-b0c6-7009849c4948",
            "14b641d8-5402-4ec6-b6e1-8dba234f9c9b",
            "479bf94b-5768-49bc-a367-261057797b72",
            "8ed38b52-5808-40c0-b348-b8fd7cb7badf",
            "f6df7e10-ca76-41ad-9b78-52afcbac52fe",
            "8f93ffe2-64d5-4b41-8fc9-a89ee3453b0c",
            "6ab4f15a-b080-4bdf-ac66-8829e97ead9d",
            "eeb07dbd-ebcd-43c0-b2bc-2de7953bb447",
            "77f16c4d-49d4-4106-a206-428c5d8ab3cb",
            "5de62607-d953-403a-be6d-eecba42f940d",
            "a4c3fb55-7040-4318-bdd9-ad2230c80614",
            "3f4c3174-74fb-4cfc-bd14-a6122719f88e",
            "e9f9c607-1f01-4405-925b-cc64731901cd",
            "aec104ac-5212-4ba6-b340-f554a2eb320e",
            "0d15d6b5-48b2-4a32-81bc-0c0b47f3c2dd",
            "aa3c4b36-bee7-4900-93cb-f5c913671e99",
            "413d9fbf-b6c9-4279-a26c-64d2b68326ae",
            "05ee686c-30d2-45f7-a253-bbccdfff7daa",
            "4eeee41b-c0ee-44ab-9d69-b103a0fa24f3",
            "7434ccc2-f7c7-4d87-a65f-19785ab3589c",
            "90320f00-2216-4892-bb45-b77af34b569a"
          ]
        }
      ],
      "Page": 1
    },
    {
      "BlockType": "LINE",
      "Confidence": 99.7907485961914,
      "Text": "Samples",
      "Geometry": {
        "BoundingBox": {
          "Width": 0.052191801369190216,
          "Height": 0.025994129478931427,
          "Left": 0.2573953866958618,
          "Top": 0.42807039618492126
        },
        "Polygon": [
          {
            "X": 0.2573953866958618,
            "Y": 0.42807039618492126
          },
          {
            "X": 0.30958718061447144,
            "Y": 0.42807039618492126
          },
          {
            "X": 0.30958718061447144,
            "Y": 0.4540645480155945
          },
          {
            "X": 0.2573953866958618,
            "Y": 0.4540645480155945
          }
        ]
      },
      "Id": "1ffc2ccb-640c-4960-939b-31a1e7b12f69",
      "Relationships": [
        {
          "Type": "CHILD",
          "Ids": [
            "1841c209-88c6-457b-af65-cdf17cceaa07"
          ]
        }
      ],
      "Page": 1
    },
    {
      "BlockType": "LINE",
      "Confidence": 62.52582550048828,
      "Text": "LOI(%)",
      "Geometry": {
        "BoundingBox": {
          "Width": 0.0429525189101696,
          "Height": 0.02504098229110241,
          "Left": 0.34316766262054443,
          "Top": 0.4283599555492401
        },
        "Polygon": [
          {
            "X": 0.34316766262054443,
            "Y": 0.4283599555492401
          },
          {
            "X": 0.3861202001571655,
            "Y": 0.4283599555492401
          },
          {
            "X": 0.3861202001571655,
            "Y": 0.45340093970298767
          },
          {
            "X": 0.34316766262054443,
            "Y": 0.45340093970298767
          }
        ]
      },
      "Id": "fce5fdc7-f68c-49ae-9eab-a1ce8981c01c",
      "Relationships": [
        {
          "Type": "CHILD",
          "Ids": [
            "7a6614b0-75ba-42df-afa9-e98482c6e7b7"
          ]
        }
      ],
      "Page": 1
    },
    {
      "BlockType": "LINE",
      "Confidence": 65.39125061035156,
      "Text": "TTI (s)",
      "Geometry": {
        "BoundingBox": {
          "Width": 0.04000256210565567,
          "Height": 0.02584340050816536,
          "Left": 0.40264764428138733,
          "Top": 0.42827993631362915
        },
        "Polygon": [
          {
            "X": 0.40264764428138733,
            "Y": 0.42827993631362915
          },
          {
            "X": 0.4426502287387848,
            "Y": 0.42827993631362915
          },
          {
            "X": 0.4426502287387848,
            "Y": 0.454123318195343
          },
          {
            "X": 0.40264764428138733,
            "Y": 0.454123318195343
          }
        ]
      },
      "Id": "fd2e9359-3a4a-446f-9004-9d9194265cb4",
      "Relationships": [
        {
          "Type": "CHILD",
          "Ids": [
            "497ecf46-f785-4917-a874-9674dca991cb"
          ]
        }
      ],
      "Page": 1
    },
    {
      "BlockType": "LINE",
      "Confidence": 99.43793487548828,
      "Text": "p-HRR",
      "Geometry": {
        "BoundingBox": {
          "Width": 0.04128049314022064,
          "Height": 0.025082236155867577,
          "Left": 0.45992615818977356,
          "Top": 0.4287438690662384
        },
        "Polygon": [
          {
            "X": 0.45992615818977356,
            "Y": 0.4287438690662384
          },
          {
            "X": 0.501206636428833,
            "Y": 0.4287438690662384
          },
          {
            "X": 0.501206636428833,
            "Y": 0.45382609963417053
          },
          {
            "X": 0.45992615818977356,
            "Y": 0.45382609963417053
          }
        ]
      },
      "Id": "472d55e1-805f-45d6-8f9d-b77ded1f230f",
      "Relationships": [
        {
          "Type": "CHILD",
          "Ids": [
            "17ea78d5-e233-46b3-a4ce-ee64ffa69e8b"
          ]
        }
      ],
      "Page": 1
    },
    {
      "BlockType": "LINE",
      "Confidence": 99.79086303710938,
      "Text": "THR",
      "Geometry": {
        "BoundingBox": {
          "Width": 0.027052011340856552,
          "Height": 0.019908113405108452,
          "Left": 0.5314918756484985,
          "Top": 0.42918267846107483
        },
        "Polygon": [
          {
            "X": 0.5314918756484985,
            "Y": 0.42918267846107483
          },
          {
            "X": 0.558543860912323,
            "Y": 0.42918267846107483
          },
          {
            "X": 0.558543860912323,
            "Y": 0.4490908086299896
          },
          {
            "X": 0.5314918756484985,
            "Y": 0.4490908086299896
          }
        ]
      },
      "Id": "09e2e081-f758-4a6f-b0c6-7009849c4948",
      "Relationships": [
        {
          "Type": "CHILD",
          "Ids": [
            "c9a21a71-0077-4511-9b30-d95962fcff0f"
          ]
        }
      ],
      "Page": 1
    },
    {
      "BlockType": "LINE",
      "Confidence": 99.86138153076172,
      "Text": "TSR",
      "Geometry": {
        "BoundingBox": {
          "Width": 0.02404106594622135,
          "Height": 0.01989196613430977,
          "Left": 0.5990083813667297,
          "Top": 0.42909201979637146
        },
        "Polygon": [
          {
            "X": 0.5990083813667297,
            "Y": 0.42909201979637146
          },
          {
            "X": 0.6230494379997253,
            "Y": 0.42909201979637146
          },
          {
            "X": 0.6230494379997253,
            "Y": 0.4489839971065521
          },
          {
            "X": 0.5990083813667297,
            "Y": 0.4489839971065521
          }
        ]
      },
      "Id": "14b641d8-5402-4ec6-b6e1-8dba234f9c9b",
      "Relationships": [
        {
          "Type": "CHILD",
          "Ids": [
            "78de4fdb-e69f-457a-93d3-2a6034a20a56"
          ]
        }
      ],
      "Page": 1
    },
    {
      "BlockType": "LINE",
      "Confidence": 99.85379028320312,
      "Text": "Mechanism",
      "Geometry": {
        "BoundingBox": {
          "Width": 0.07249554991722107,
          "Height": 0.020247863605618477,
          "Left": 0.6688584089279175,
          "Top": 0.4284595251083374
        },
        "Polygon": [
          {
            "X": 0.6688584089279175,
            "Y": 0.4284595251083374
          },
          {
            "X": 0.7413539290428162,
            "Y": 0.4284595251083374
          },
          {
            "X": 0.7413539290428162,
            "Y": 0.4487074017524719
          },
          {
            "X": 0.6688584089279175,
            "Y": 0.4487074017524719
          }
        ]
      },
      "Id": "479bf94b-5768-49bc-a367-261057797b72",
      "Relationships": [
        {
          "Type": "CHILD",
          "Ids": [
            "fa021cca-7960-4099-85fa-0f5fed9465d4"
          ]
        }
      ],
      "Page": 1
    },
    {
      "BlockType": "LINE",
      "Confidence": 53.23683547973633,
      "Text": "(kW/m²)",
      "Geometry": {
        "BoundingBox": {
          "Width": 0.05551062896847725,
          "Height": 0.030886579304933548,
          "Left": 0.4597790837287903,
          "Top": 0.45676618814468384
        },
        "Polygon": [
          {
            "X": 0.4597790837287903,
            "Y": 0.45676618814468384
          },
          {
            "X": 0.5152897238731384,
            "Y": 0.45676618814468384
          },
          {
            "X": 0.5152897238731384,
            "Y": 0.4876527786254883
          },
          {
            "X": 0.4597790837287903,
            "Y": 0.4876527786254883
          }
        ]
      },
      "Id": "8ed38b52-5808-40c0-b348-b8fd7cb7badf",
      "Relationships": [
        {
          "Type": "CHILD",
          "Ids": [
            "f78e59af-14ad-438e-9b70-8d48888c0cf7"
          ]
        }
      ],
      "Page": 1
    },
    {
      "BlockType": "LINE",
      "Confidence": 55.802101135253906,
      "Text": "(MJ/m²)",
      "Geometry": {
        "BoundingBox": {
          "Width": 0.05071934685111046,
          "Height": 0.03105979412794113,
          "Left": 0.5319818258285522,
          "Top": 0.45683035254478455
        },
        "Polygon": [
          {
            "X": 0.5319818258285522,
            "Y": 0.45683035254478455
          },
          {
            "X": 0.5827012062072754,
            "Y": 0.45683035254478455
          },
          {
            "X": 0.5827012062072754,
            "Y": 0.4878901541233063
          },
          {
            "X": 0.5319818258285522,
            "Y": 0.4878901541233063
          }
        ]
      },
      "Id": "f6df7e10-ca76-41ad-9b78-52afcbac52fe",
      "Relationships": [
        {
          "Type": "CHILD",
          "Ids": [
            "e657b902-9e36-4e25-b5cf-4accb2d9eb21"
          ]
        }
      ],
      "Page": 1
    },
    {
      "BlockType": "LINE",
      "Confidence": 22.347671508789062,
      "Text": "(m ²/m²)",
      "Geometry": {
        "BoundingBox": {
          "Width": 0.05229048430919647,
          "Height": 0.030489511787891388,
          "Left": 0.599345862865448,
          "Top": 0.45713934302330017
        },
        "Polygon": [
          {
            "X": 0.599345862865448,
            "Y": 0.45713934302330017
          },
          {
            "X": 0.6516363620758057,
            "Y": 0.45713934302330017
          },
          {
            "X": 0.6516363620758057,
            "Y": 0.48762884736061096
          },
          {
            "X": 0.599345862865448,
            "Y": 0.48762884736061096
          }
        ]
      },
      "Id": "8f93ffe2-64d5-4b41-8fc9-a89ee3453b0c",
      "Relationships": [
        {
          "Type": "CHILD",
          "Ids": [
            "fa24fa45-97a5-441c-824b-428f981ca9b4"
          ]
        }
      ],
      "Page": 1
    },
    {
      "BlockType": "LINE",
      "Confidence": 99.83411407470703,
      "Text": "APP-MMT",
      "Geometry": {
        "BoundingBox": {
          "Width": 0.06881546974182129,
          "Height": 0.019546465948224068,
          "Left": 0.2578062415122986,
          "Top": 0.5120201110839844
        },
        "Polygon": [
          {
            "X": 0.2578062415122986,
            "Y": 0.5120201110839844
          },
          {
            "X": 0.3266217112541199,
            "Y": 0.5120201110839844
          },
          {
            "X": 0.3266217112541199,
            "Y": 0.5315665602684021
          },
          {
            "X": 0.2578062415122986,
            "Y": 0.5315665602684021
          }
        ]
      },
      "Id": "6ab4f15a-b080-4bdf-ac66-8829e97ead9d",
      "Relationships": [
        {
          "Type": "CHILD",
          "Ids": [
            "85de0cfb-8f08-43da-b682-56bfb2035cef"
          ]
        }
      ],
      "Page": 1
    },
    {
      "BlockType": "LINE",
      "Confidence": 91.7519302368164,
      "Text": "+0.7",
      "Geometry": {
        "BoundingBox": {
          "Width": 0.028314122930169106,
          "Height": 0.021324601024389267,
          "Left": 0.3434310257434845,
          "Top": 0.5117354393005371
        },
        "Polygon": [
          {
            "X": 0.3434310257434845,
            "Y": 0.5117354393005371
          },
          {
            "X": 0.37174513936042786,
            "Y": 0.5117354393005371
          },
          {
            "X": 0.37174513936042786,
            "Y": 0.5330600738525391
          },
          {
            "X": 0.3434310257434845,
            "Y": 0.5330600738525391
          }
        ]
      },
      "Id": "eeb07dbd-ebcd-43c0-b2bc-2de7953bb447",
      "Relationships": [
        {
          "Type": "CHILD",
          "Ids": [
            "aa1a14b3-3473-4372-90bd-2a6cbf239cc7"
          ]
        }
      ],
      "Page": 1
    },
    {
      "BlockType": "LINE",
      "Confidence": 99.42952728271484,
      "Text": "+1.0",
      "Geometry": {
        "BoundingBox": {
          "Width": 0.028966708108782768,
          "Height": 0.021441515535116196,
          "Left": 0.403733491897583,
          "Top": 0.5121167898178101
        },
        "Polygon": [
          {
            "X": 0.403733491897583,
            "Y": 0.5121167898178101
          },
          {
            "X": 0.43270018696784973,
            "Y": 0.5121167898178101
          },
          {
            "X": 0.43270018696784973,
            "Y": 0.5335583090782166
          },
          {
            "X": 0.403733491897583,
            "Y": 0.5335583090782166
          }
        ]
      },
      "Id": "77f16c4d-49d4-4106-a206-428c5d8ab3cb",
      "Relationships": [
        {
          "Type": "CHILD",
          "Ids": [
            "14249c3d-53a1-47e8-ad32-2a49a03d3490"
          ]
        }
      ],
      "Page": 1
    },
    {
      "BlockType": "LINE",
      "Confidence": 96.01543426513672,
      "Text": "-38.1",
      "Geometry": {
        "BoundingBox": {
          "Width": 0.03563040867447853,
          "Height": 0.021815503016114235,
          "Left": 0.46039703488349915,
          "Top": 0.5110710859298706
        },
        "Polygon": [
          {
            "X": 0.46039703488349915,
            "Y": 0.5110710859298706
          },
          {
            "X": 0.49602746963500977,
            "Y": 0.5110710859298706
          },
          {
            "X": 0.49602746963500977,
            "Y": 0.5328865647315979
          },
          {
            "X": 0.46039703488349915,
            "Y": 0.5328865647315979
          }
        ]
      },
      "Id": "5de62607-d953-403a-be6d-eecba42f940d",
      "Relationships": [
        {
          "Type": "CHILD",
          "Ids": [
            "aa62ed70-9edb-4887-ae98-bcc901311d63"
          ]
        }
      ],
      "Page": 1
    },
    {
      "BlockType": "LINE",
      "Confidence": 98.8825912475586,
      "Text": "-6.78",
      "Geometry": {
        "BoundingBox": {
          "Width": 0.036524705588817596,
          "Height": 0.021600190550088882,
          "Left": 0.5330307483673096,
          "Top": 0.5110436677932739
        },
        "Polygon": [
          {
            "X": 0.5330307483673096,
            "Y": 0.5110436677932739
          },
          {
            "X": 0.5695554614067078,
            "Y": 0.5110436677932739
          },
          {
            "X": 0.5695554614067078,
            "Y": 0.5326438546180725
          },
          {
            "X": 0.5330307483673096,
            "Y": 0.5326438546180725
          }
        ]
      },
      "Id": "a4c3fb55-7040-4318-bdd9-ad2230c80614",
      "Relationships": [
        {
          "Type": "CHILD",
          "Ids": [
            "3b9a30cb-4b80-44d8-8b82-8e22e45e8c28"
          ]
        }
      ],
      "Page": 1
    },
    {
      "BlockType": "LINE",
      "Confidence": 90.73269653320312,
      "Text": "-224.2",
      "Geometry": {
        "BoundingBox": {
          "Width": 0.04436425864696503,
          "Height": 0.020967181771993637,
          "Left": 0.6002874970436096,
          "Top": 0.5116724371910095
        },
        "Polygon": [
          {
            "X": 0.6002874970436096,
            "Y": 0.5116724371910095
          },
          {
            "X": 0.6446517705917358,
            "Y": 0.5116724371910095
          },
          {
            "X": 0.6446517705917358,
            "Y": 0.5326396226882935
          },
          {
            "X": 0.6002874970436096,
            "Y": 0.5326396226882935
          }
        ]
      },
      "Id": "3f4c3174-74fb-4cfc-bd14-a6122719f88e",
      "Relationships": [
        {
          "Type": "CHILD",
          "Ids": [
            "e44ffbff-c7db-4781-bcef-12b8a687ea02"
          ]
        }
      ],
      "Page": 1
    },
    {
      "BlockType": "LINE",
      "Confidence": 97.10263061523438,
      "Text": "Intumescence",
      "Geometry": {
        "BoundingBox": {
          "Width": 0.08713848888874054,
          "Height": 0.01983093097805977,
          "Left": 0.6687989234924316,
          "Top": 0.5122446417808533
        },
        "Polygon": [
          {
            "X": 0.6687989234924316,
            "Y": 0.5122446417808533
          },
          {
            "X": 0.755937397480011,
            "Y": 0.5122446417808533
          },
          {
            "X": 0.755937397480011,
            "Y": 0.5320755839347839
          },
          {
            "X": 0.6687989234924316,
            "Y": 0.5320755839347839
          }
        ]
      },
      "Id": "e9f9c607-1f01-4405-925b-cc64731901cd",
      "Relationships": [
        {
          "Type": "CHILD",
          "Ids": [
            "8dc6475e-1281-41fe-9d08-31ecd7a8ffab"
          ]
        }
      ],
      "Page": 1
    },
    {
      "BlockType": "LINE",
      "Confidence": 99.60137176513672,
      "Text": "OPS/DOPO",
      "Geometry": {
        "BoundingBox": {
          "Width": 0.06612469255924225,
          "Height": 0.023763049393892288,
          "Left": 0.2580142021179199,
          "Top": 0.5448746085166931
        },
        "Polygon": [
          {
            "X": 0.2580142021179199,
            "Y": 0.5448746085166931
          },
          {
            "X": 0.32413890957832336,
            "Y": 0.5448746085166931
          },
          {
            "X": 0.32413890957832336,
            "Y": 0.5686376690864563
          },
          {
            "X": 0.2580142021179199,
            "Y": 0.5686376690864563
          }
        ]
      },
      "Id": "aec104ac-5212-4ba6-b340-f554a2eb320e",
      "Relationships": [
        {
          "Type": "CHILD",
          "Ids": [
            "664715e2-4f4e-4302-91f4-1b4322791449"
          ]
        }
      ],
      "Page": 1
    },
    {
      "BlockType": "LINE",
      "Confidence": 95.4351806640625,
      "Text": "+1.6",
      "Geometry": {
        "BoundingBox": {
          "Width": 0.028681617230176926,
          "Height": 0.021387074142694473,
          "Left": 0.34331995248794556,
          "Top": 0.544615626335144
        },
        "Polygon": [
          {
            "X": 0.34331995248794556,
            "Y": 0.544615626335144
          },
          {
            "X": 0.372001588344574,
            "Y": 0.544615626335144
          },
          {
            "X": 0.372001588344574,
            "Y": 0.5660027265548706
          },
          {
            "X": 0.34331995248794556,
            "Y": 0.5660027265548706
          }
        ]
      },
      "Id": "0d15d6b5-48b2-4a32-81bc-0c0b47f3c2dd",
      "Relationships": [
        {
          "Type": "CHILD",
          "Ids": [
            "8ff430d4-fa37-4544-bbb2-d02f3bc12d9e"
          ]
        }
      ],
      "Page": 1
    },
    {
      "BlockType": "LINE",
      "Confidence": 80.22454071044922,
      "Text": "+1.6",
      "Geometry": {
        "BoundingBox": {
          "Width": 0.02890150062739849,
          "Height": 0.020752375945448875,
          "Left": 0.40364181995391846,
          "Top": 0.5449602007865906
        },
        "Polygon": [
          {
            "X": 0.40364181995391846,
            "Y": 0.5449602007865906
          },
          {
            "X": 0.4325433373451233,
            "Y": 0.5449602007865906
          },
          {
            "X": 0.4325433373451233,
            "Y": 0.565712571144104
          },
          {
            "X": 0.40364181995391846,
            "Y": 0.565712571144104
          }
        ]
      },
      "Id": "aa3c4b36-bee7-4900-93cb-f5c913671e99",
      "Relationships": [
        {
          "Type": "CHILD",
          "Ids": [
            "dc8ffe4b-335e-4857-b409-efb86af816cf"
          ]
        }
      ],
      "Page": 1
    },
    {
      "BlockType": "LINE",
      "Confidence": 64.87500762939453,
      "Text": "-55,4",
      "Geometry": {
        "BoundingBox": {
          "Width": 0.036911915987730026,
          "Height": 0.02077452465891838,
          "Left": 0.4605758488178253,
          "Top": 0.5448037981987
        },
        "Polygon": [
          {
            "X": 0.4605758488178253,
            "Y": 0.5448037981987
          },
          {
            "X": 0.49748775362968445,
            "Y": 0.5448037981987
          },
          {
            "X": 0.49748775362968445,
            "Y": 0.565578281879425
          },
          {
            "X": 0.4605758488178253,
            "Y": 0.565578281879425
          }
        ]
      },
      "Id": "413d9fbf-b6c9-4279-a26c-64d2b68326ae",
      "Relationships": [
        {
          "Type": "CHILD",
          "Ids": [
            "34ded6df-9bad-46fe-b5ad-367445302eb8"
          ]
        }
      ],
      "Page": 1
    },
    {
      "BlockType": "LINE",
      "Confidence": 90.25509643554688,
      "Text": "-4.88",
      "Geometry": {
        "BoundingBox": {
          "Width": 0.036616966128349304,
          "Height": 0.020885519683361053,
          "Left": 0.5325891971588135,
          "Top": 0.5444629788398743
        },
        "Polygon": [
          {
            "X": 0.5325891971588135,
            "Y": 0.5444629788398743
          },
          {
            "X": 0.569206178188324,
            "Y": 0.5444629788398743
          },
          {
            "X": 0.569206178188324,
            "Y": 0.5653485059738159
          },
          {
            "X": 0.5325891971588135,
            "Y": 0.5653485059738159
          }
        ]
      },
      "Id": "05ee686c-30d2-45f7-a253-bbccdfff7daa",
      "Relationships": [
        {
          "Type": "CHILD",
          "Ids": [
            "124221a0-ab4b-4bdd-a6b8-2e0917f00aea"
          ]
        }
      ],
      "Page": 1
    },
    {
      "BlockType": "LINE",
      "Confidence": 89.08708953857422,
      "Text": "-37.4",
      "Geometry": {
        "BoundingBox": {
          "Width": 0.0367276668548584,
          "Height": 0.021643050014972687,
          "Left": 0.6080949902534485,
          "Top": 0.5443615317344666
        },
        "Polygon": [
          {
            "X": 0.6080949902534485,
            "Y": 0.5443615317344666
          },
          {
            "X": 0.6448226571083069,
            "Y": 0.5443615317344666
          },
          {
            "X": 0.6448226571083069,
            "Y": 0.5660045742988586
          },
          {
            "X": 0.6080949902534485,
            "Y": 0.5660045742988586
          }
        ]
      },
      "Id": "4eeee41b-c0ee-44ab-9d69-b103a0fa24f3",
      "Relationships": [
        {
          "Type": "CHILD",
          "Ids": [
            "d412c763-3724-4bce-acd4-b97daf804176"
          ]
        }
      ],
      "Page": 1
    },
    {
      "BlockType": "LINE",
      "Confidence": 99.90156555175781,
      "Text": "Blowing-out",
      "Geometry": {
        "BoundingBox": {
          "Width": 0.07756499946117401,
          "Height": 0.025302622467279434,
          "Left": 0.6691927909851074,
          "Top": 0.5447497367858887
        },
        "Polygon": [
          {
            "X": 0.6691927909851074,
            "Y": 0.5447497367858887
          },
          {
            "X": 0.7467578053474426,
            "Y": 0.5447497367858887
          },
          {
            "X": 0.7467578053474426,
            "Y": 0.5700523853302002
          },
          {
            "X": 0.6691927909851074,
            "Y": 0.5700523853302002
          }
        ]
      },
      "Id": "7434ccc2-f7c7-4d87-a65f-19785ab3589c",
      "Relationships": [
        {
          "Type": "CHILD",
          "Ids": [
            "c293834a-3e29-473b-9c9d-898f8f723064"
          ]
        }
      ],
      "Page": 1
    },
    {
      "BlockType": "WORD",
      "Confidence": 99.7907485961914,
      "Text": "Samples",
      "TextType": "PRINTED",
      "Geometry": {
        "BoundingBox": {
          "Width": 0.052191801369190216,
          "Height": 0.025994129478931427,
          "Left": 0.2573953866958618,
          "Top": 0.42807039618492126
        },
        "Polygon": [
          {
            "X": 0.2573953866958618,
            "Y": 0.42807039618492126
          },
          {
            "X": 0.30958718061447144,
            "Y": 0.42807039618492126
          },
          {
            "X": 0.30958718061447144,
            "Y": 0.4540645480155945
          },
          {
            "X": 0.2573953866958618,
            "Y": 0.4540645480155945
          }
        ]
      },
      "Id": "1841c209-88c6-457b-af65-cdf17cceaa07",
      "Page": 1
    },
    {
      "BlockType": "WORD",
      "Confidence": 62.52582550048828,
      "Text": "LOI(%)",
      "TextType": "PRINTED",
      "Geometry": {
        "BoundingBox": {
          "Width": 0.0429525189101696,
          "Height": 0.02504098229110241,
          "Left": 0.34316766262054443,
          "Top": 0.4283599555492401
        },
        "Polygon": [
          {
            "X": 0.34316766262054443,
            "Y": 0.4283599555492401
          },
          {
            "X": 0.3861202001571655,
            "Y": 0.4283599555492401
          },
          {
            "X": 0.3861202001571655,
            "Y": 0.45340093970298767
          },
          {
            "X": 0.34316766262054443,
            "Y": 0.45340093970298767
          }
        ]
      },
      "Id": "7a6614b0-75ba-42df-afa9-e98482c6e7b7",
      "Page": 1
    },
    {
      "BlockType": "WORD",
      "Confidence": 65.39125061035156,
      "Text": "TTI (s)",
      "TextType": "PRINTED",
      "Geometry": {
        "BoundingBox": {
          "Width": 0.04000256210565567,
          "Height": 0.02584340050816536,
          "Left": 0.40264764428138733,
          "Top": 0.42827993631362915
        },
        "Polygon": [
          {
            "X": 0.40264764428138733,
            "Y": 0.42827993631362915
          },
          {
            "X": 0.4426502287387848,
            "Y": 0.42827993631362915
          },
          {
            "X": 0.4426502287387848,
            "Y": 0.454123318195343
          },
          {
            "X": 0.40264764428138733,
            "Y": 0.454123318195343
          }
        ]
      },
      "Id": "497ecf46-f785-4917-a874-9674dca991cb",
      "Page": 1
    },
    {
      "BlockType": "WORD",
      "Confidence": 99.43793487548828,
      "Text": "p-HRR",
      "TextType": "PRINTED",
      "Geometry": {
        "BoundingBox": {
          "Width": 0.04128049314022064,
          "Height": 0.025082236155867577,
          "Left": 0.45992615818977356,
          "Top": 0.4287438690662384
        },
        "Polygon": [
          {
            "X": 0.45992615818977356,
            "Y": 0.4287438690662384
          },
          {
            "X": 0.501206636428833,
            "Y": 0.4287438690662384
          },
          {
            "X": 0.501206636428833,
            "Y": 0.45382609963417053
          },
          {
            "X": 0.45992615818977356,
            "Y": 0.45382609963417053
          }
        ]
      },
      "Id": "17ea78d5-e233-46b3-a4ce-ee64ffa69e8b",
      "Page": 1
    },
    {
      "BlockType": "WORD",
      "Confidence": 99.79086303710938,
      "Text": "THR",
      "TextType": "PRINTED",
      "Geometry": {
        "BoundingBox": {
          "Width": 0.027052011340856552,
          "Height": 0.019908113405108452,
          "Left": 0.5314918756484985,
          "Top": 0.42918267846107483
        },
        "Polygon": [
          {
            "X": 0.5314918756484985,
            "Y": 0.42918267846107483
          },
          {
            "X": 0.558543860912323,
            "Y": 0.42918267846107483
          },
          {
            "X": 0.558543860912323,
            "Y": 0.4490908086299896
          },
          {
            "X": 0.5314918756484985,
            "Y": 0.4490908086299896
          }
        ]
      },
      "Id": "c9a21a71-0077-4511-9b30-d95962fcff0f",
      "Page": 1
    },
    {
      "BlockType": "WORD",
      "Confidence": 99.86138153076172,
      "Text": "TSR",
      "TextType": "PRINTED",
      "Geometry": {
        "BoundingBox": {
          "Width": 0.02404106594622135,
          "Height": 0.01989196613430977,
          "Left": 0.5990083813667297,
          "Top": 0.42909201979637146
        },
        "Polygon": [
          {
            "X": 0.5990083813667297,
            "Y": 0.42909201979637146
          },
          {
            "X": 0.6230494379997253,
            "Y": 0.42909201979637146
          },
          {
            "X": 0.6230494379997253,
            "Y": 0.4489839971065521
          },
          {
            "X": 0.5990083813667297,
            "Y": 0.4489839971065521
          }
        ]
      },
      "Id": "78de4fdb-e69f-457a-93d3-2a6034a20a56",
      "Page": 1
    },
    {
      "BlockType": "WORD",
      "Confidence": 99.85379028320312,
      "Text": "Mechanism",
      "TextType": "PRINTED",
      "Geometry": {
        "BoundingBox": {
          "Width": 0.07249554991722107,
          "Height": 0.020247863605618477,
          "Left": 0.6688584089279175,
          "Top": 0.4284595251083374
        },
        "Polygon": [
          {
            "X": 0.6688584089279175,
            "Y": 0.4284595251083374
          },
          {
            "X": 0.7413539290428162,
            "Y": 0.4284595251083374
          },
          {
            "X": 0.7413539290428162,
            "Y": 0.4487074017524719
          },
          {
            "X": 0.6688584089279175,
            "Y": 0.4487074017524719
          }
        ]
      },
      "Id": "fa021cca-7960-4099-85fa-0f5fed9465d4",
      "Page": 1
    },
    {
      "BlockType": "WORD",
      "Confidence": 53.23683547973633,
      "Text": "(kW/m²)",
      "TextType": "PRINTED",
      "Geometry": {
        "BoundingBox": {
          "Width": 0.05551062896847725,
          "Height": 0.030886579304933548,
          "Left": 0.4597790837287903,
          "Top": 0.45676618814468384
        },
        "Polygon": [
          {
            "X": 0.4597790837287903,
            "Y": 0.45676618814468384
          },
          {
            "X": 0.5152897238731384,
            "Y": 0.45676618814468384
          },
          {
            "X": 0.5152897238731384,
            "Y": 0.4876527786254883
          },
          {
            "X": 0.4597790837287903,
            "Y": 0.4876527786254883
          }
        ]
      },
      "Id": "f78e59af-14ad-438e-9b70-8d48888c0cf7",
      "Page": 1
    },
    {
      "BlockType": "WORD",
      "Confidence": 55.802101135253906,
      "Text": "(MJ/m²)",
      "TextType": "PRINTED",
      "Geometry": {
        "BoundingBox": {
          "Width": 0.05071934685111046,
          "Height": 0.03105979412794113,
          "Left": 0.5319818258285522,
          "Top": 0.45683035254478455
        },
        "Polygon": [
          {
            "X": 0.5319818258285522,
            "Y": 0.45683035254478455
          },
          {
            "X": 0.5827012062072754,
            "Y": 0.45683035254478455
          },
          {
            "X": 0.5827012062072754,
            "Y": 0.4878901541233063
          },
          {
            "X": 0.5319818258285522,
            "Y": 0.4878901541233063
          }
        ]
      },
      "Id": "e657b902-9e36-4e25-b5cf-4accb2d9eb21",
      "Page": 1
    },
    {
      "BlockType": "WORD",
      "Confidence": 22.347671508789062,
      "Text": "(m ²/m²)",
      "TextType": "PRINTED",
      "Geometry": {
        "BoundingBox": {
          "Width": 0.05229048430919647,
          "Height": 0.030489511787891388,
          "Left": 0.599345862865448,
          "Top": 0.45713934302330017
        },
        "Polygon": [
          {
            "X": 0.599345862865448,
            "Y": 0.45713934302330017
          },
          {
            "X": 0.6516363620758057,
            "Y": 0.45713934302330017
          },
          {
            "X": 0.6516363620758057,
            "Y": 0.48762884736061096
          },
          {
            "X": 0.599345862865448,
            "Y": 0.48762884736061096
          }
        ]
      },
      "Id": "fa24fa45-97a5-441c-824b-428f981ca9b4",
      "Page": 1
    },
    {
      "BlockType": "WORD",
      "Confidence": 99.83411407470703,
      "Text": "APP-MMT",
      "TextType": "PRINTED",
      "Geometry": {
        "BoundingBox": {
          "Width": 0.06881546974182129,
          "Height": 0.019546465948224068,
          "Left": 0.2578062415122986,
          "Top": 0.5120201110839844
        },
        "Polygon": [
          {
            "X": 0.2578062415122986,
            "Y": 0.5120201110839844
          },
          {
            "X": 0.3266217112541199,
            "Y": 0.5120201110839844
          },
          {
            "X": 0.3266217112541199,
            "Y": 0.5315665602684021
          },
          {
            "X": 0.2578062415122986,
            "Y": 0.5315665602684021
          }
        ]
      },
      "Id": "85de0cfb-8f08-43da-b682-56bfb2035cef",
      "Page": 1
    },
    {
      "BlockType": "WORD",
      "Confidence": 91.7519302368164,
      "Text": "+0.7",
      "TextType": "PRINTED",
      "Geometry": {
        "BoundingBox": {
          "Width": 0.028314122930169106,
          "Height": 0.021324601024389267,
          "Left": 0.3434310257434845,
          "Top": 0.5117354393005371
        },
        "Polygon": [
          {
            "X": 0.3434310257434845,
            "Y": 0.5117354393005371
          },
          {
            "X": 0.37174513936042786,
            "Y": 0.5117354393005371
          },
          {
            "X": 0.37174513936042786,
            "Y": 0.5330600738525391
          },
          {
            "X": 0.3434310257434845,
            "Y": 0.5330600738525391
          }
        ]
      },
      "Id": "aa1a14b3-3473-4372-90bd-2a6cbf239cc7",
      "Page": 1
    },
    {
      "BlockType": "WORD",
      "Confidence": 99.42952728271484,
      "Text": "+1.0",
      "TextType": "PRINTED",
      "Geometry": {
        "BoundingBox": {
          "Width": 0.028966708108782768,
          "Height": 0.021441515535116196,
          "Left": 0.403733491897583,
          "Top": 0.5121167898178101
        },
        "Polygon": [
          {
            "X": 0.403733491897583,
            "Y": 0.5121167898178101
          },
          {
            "X": 0.43270018696784973,
            "Y": 0.5121167898178101
          },
          {
            "X": 0.43270018696784973,
            "Y": 0.5335583090782166
          },
          {
            "X": 0.403733491897583,
            "Y": 0.5335583090782166
          }
        ]
      },
      "Id": "14249c3d-53a1-47e8-ad32-2a49a03d3490",
      "Page": 1
    },
    {
      "BlockType": "WORD",
      "Confidence": 96.01543426513672,
      "Text": "-38.1",
      "TextType": "PRINTED",
      "Geometry": {
        "BoundingBox": {
          "Width": 0.03563040867447853,
          "Height": 0.021815503016114235,
          "Left": 0.46039703488349915,
          "Top": 0.5110710859298706
        },
        "Polygon": [
          {
            "X": 0.46039703488349915,
            "Y": 0.5110710859298706
          },
          {
            "X": 0.49602746963500977,
            "Y": 0.5110710859298706
          },
          {
            "X": 0.49602746963500977,
            "Y": 0.5328865647315979
          },
          {
            "X": 0.46039703488349915,
            "Y": 0.5328865647315979
          }
        ]
      },
      "Id": "aa62ed70-9edb-4887-ae98-bcc901311d63",
      "Page": 1
    },
    {
      "BlockType": "WORD",
      "Confidence": 98.8825912475586,
      "Text": "-6.78",
      "TextType": "PRINTED",
      "Geometry": {
        "BoundingBox": {
          "Width": 0.036524705588817596,
          "Height": 0.021600190550088882,
          "Left": 0.5330307483673096,
          "Top": 0.5110436677932739
        },
        "Polygon": [
          {
            "X": 0.5330307483673096,
            "Y": 0.5110436677932739
          },
          {
            "X": 0.5695554614067078,
            "Y": 0.5110436677932739
          },
          {
            "X": 0.5695554614067078,
            "Y": 0.5326438546180725
          },
          {
            "X": 0.5330307483673096,
            "Y": 0.5326438546180725
          }
        ]
      },
      "Id": "3b9a30cb-4b80-44d8-8b82-8e22e45e8c28",
      "Page": 1
    },
    {
      "BlockType": "WORD",
      "Confidence": 90.73269653320312,
      "Text": "-224.2",
      "TextType": "PRINTED",
      "Geometry": {
        "BoundingBox": {
          "Width": 0.04436425864696503,
          "Height": 0.020967181771993637,
          "Left": 0.6002874970436096,
          "Top": 0.5116724371910095
        },
        "Polygon": [
          {
            "X": 0.6002874970436096,
            "Y": 0.5116724371910095
          },
          {
            "X": 0.6446517705917358,
            "Y": 0.5116724371910095
          },
          {
            "X": 0.6446517705917358,
            "Y": 0.5326396226882935
          },
          {
            "X": 0.6002874970436096,
            "Y": 0.5326396226882935
          }
        ]
      },
      "Id": "e44ffbff-c7db-4781-bcef-12b8a687ea02",
      "Page": 1
    },
    {
      "BlockType": "WORD",
      "Confidence": 97.10263061523438,
      "Text": "Intumescence",
      "TextType": "PRINTED",
      "Geometry": {
        "BoundingBox": {
          "Width": 0.08713848888874054,
          "Height": 0.01983093097805977,
          "Left": 0.6687989234924316,
          "Top": 0.5122446417808533
        },
        "Polygon": [
          {
            "X": 0.6687989234924316,
            "Y": 0.5122446417808533
          },
          {
            "X": 0.755937397480011,
            "Y": 0.5122446417808533
          },
          {
            "X": 0.755937397480011,
            "Y": 0.5320755839347839
          },
          {
            "X": 0.6687989234924316,
            "Y": 0.5320755839347839
          }
        ]
      },
      "Id": "8dc6475e-1281-41fe-9d08-31ecd7a8ffab",
      "Page": 1
    },
    {
      "BlockType": "WORD",
      "Confidence": 99.60137176513672,
      "Text": "OPS/DOPO",
      "TextType": "PRINTED",
      "Geometry": {
        "BoundingBox": {
          "Width": 0.06612469255924225,
          "Height": 0.023763049393892288,
          "Left": 0.2580142021179199,
          "Top": 0.5448746085166931
        },
        "Polygon": [
          {
            "X": 0.2580142021179199,
            "Y": 0.5448746085166931
          },
          {
            "X": 0.32413890957832336,
            "Y": 0.5448746085166931
          },
          {
            "X": 0.32413890957832336,
            "Y": 0.5686376690864563
          },
          {
            "X": 0.2580142021179199,
            "Y": 0.5686376690864563
          }
        ]
      },
      "Id": "664715e2-4f4e-4302-91f4-1b4322791449",
      "Page": 1
    },
    {
      "BlockType": "WORD",
      "Confidence": 95.4351806640625,
      "Text": "+1.6",
      "TextType": "PRINTED",
      "Geometry": {
        "BoundingBox": {
          "Width": 0.028681617230176926,
          "Height": 0.021387074142694473,
          "Left": 0.34331995248794556,
          "Top": 0.544615626335144
        },
        "Polygon": [
          {
            "X": 0.34331995248794556,
            "Y": 0.544615626335144
          },
          {
            "X": 0.372001588344574,
            "Y": 0.544615626335144
          },
          {
            "X": 0.372001588344574,
            "Y": 0.5660027265548706
          },
          {
            "X": 0.34331995248794556,
            "Y": 0.5660027265548706
          }
        ]
      },
      "Id": "8ff430d4-fa37-4544-bbb2-d02f3bc12d9e",
      "Page": 1
    },
    {
      "BlockType": "WORD",
      "Confidence": 80.22454071044922,
      "Text": "+1.6",
      "TextType": "PRINTED",
      "Geometry": {
        "BoundingBox": {
          "Width": 0.02890150062739849,
          "Height": 0.020752375945448875,
          "Left": 0.40364181995391846,
          "Top": 0.5449602007865906
        },
        "Polygon": [
          {
            "X": 0.40364181995391846,
            "Y": 0.5449602007865906
          },
          {
            "X": 0.4325433373451233,
            "Y": 0.5449602007865906
          },
          {
            "X": 0.4325433373451233,
            "Y": 0.565712571144104
          },
          {
            "X": 0.40364181995391846,
            "Y": 0.565712571144104
          }
        ]
      },
      "Id": "dc8ffe4b-335e-4857-b409-efb86af816cf",
      "Page": 1
    },
    {
      "BlockType": "WORD",
      "Confidence": 64.87500762939453,
      "Text": "-55,4",
      "TextType": "PRINTED",
      "Geometry": {
        "BoundingBox": {
          "Width": 0.036911915987730026,
          "Height": 0.02077452465891838,
          "Left": 0.4605758488178253,
          "Top": 0.5448037981987
        },
        "Polygon": [
          {
            "X": 0.4605758488178253,
            "Y": 0.5448037981987
          },
          {
            "X": 0.49748775362968445,
            "Y": 0.5448037981987
          },
          {
            "X": 0.49748775362968445,
            "Y": 0.565578281879425
          },
          {
            "X": 0.4605758488178253,
            "Y": 0.565578281879425
          }
        ]
      },
      "Id": "34ded6df-9bad-46fe-b5ad-367445302eb8",
      "Page": 1
    },
    {
      "BlockType": "WORD",
      "Confidence": 90.25509643554688,
      "Text": "-4.88",
      "TextType": "PRINTED",
      "Geometry": {
        "BoundingBox": {
          "Width": 0.036616966128349304,
          "Height": 0.020885519683361053,
          "Left": 0.5325891971588135,
          "Top": 0.5444629788398743
        },
        "Polygon": [
          {
            "X": 0.5325891971588135,
            "Y": 0.5444629788398743
          },
          {
            "X": 0.569206178188324,
            "Y": 0.5444629788398743
          },
          {
            "X": 0.569206178188324,
            "Y": 0.5653485059738159
          },
          {
            "X": 0.5325891971588135,
            "Y": 0.5653485059738159
          }
        ]
      },
      "Id": "124221a0-ab4b-4bdd-a6b8-2e0917f00aea",
      "Page": 1
    },
    {
      "BlockType": "WORD",
      "Confidence": 89.08708953857422,
      "Text": "-37.4",
      "TextType": "PRINTED",
      "Geometry": {
        "BoundingBox": {
          "Width": 0.0367276668548584,
          "Height": 0.021643050014972687,
          "Left": 0.6080949902534485,
          "Top": 0.5443615317344666
        },
        "Polygon": [
          {
            "X": 0.6080949902534485,
            "Y": 0.5443615317344666
          },
          {
            "X": 0.6448226571083069,
            "Y": 0.5443615317344666
          },
          {
            "X": 0.6448226571083069,
            "Y": 0.5660045742988586
          },
          {
            "X": 0.6080949902534485,
            "Y": 0.5660045742988586
          }
        ]
      },
      "Id": "d412c763-3724-4bce-acd4-b97daf804176",
      "Page": 1
    },
    {
      "BlockType": "WORD",
      "Confidence": 99.90156555175781,
      "Text": "Blowing-out",
      "TextType": "PRINTED",
      "Geometry": {
        "BoundingBox": {
          "Width": 0.07756499946117401,
          "Height": 0.025302622467279434,
          "Left": 0.6691927909851074,
          "Top": 0.5447497367858887
        },
        "Polygon": [
          {
            "X": 0.6691927909851074,
            "Y": 0.5447497367858887
          },
          {
            "X": 0.7467578053474426,
            "Y": 0.5447497367858887
          },
          {
            "X": 0.7467578053474426,
            "Y": 0.5700523853302002
          },
          {
            "X": 0.6691927909851074,
            "Y": 0.5700523853302002
          }
        ]
      },
      "Id": "c293834a-3e29-473b-9c9d-898f8f723064",
      "Page": 1
    },
    {
      "BlockType": "TABLE",
      "Confidence": 99.853515625,
      "Geometry": {
        "BoundingBox": {
          "Width": 0.5469222068786621,
          "Height": 0.16528384387493134,
          "Left": 0.22635149955749512,
          "Top": 0.41632169485092163
        },
        "Polygon": [
          {
            "X": 0.22635149955749512,
            "Y": 0.41632169485092163
          },
          {
            "X": 0.7732737064361572,
            "Y": 0.41632169485092163
          },
          {
            "X": 0.7732737064361572,
            "Y": 0.5816055536270142
          },
          {
            "X": 0.22635149955749512,
            "Y": 0.5816055536270142
          }
        ]
      },
      "Id": "90320f00-2216-4892-bb45-b77af34b569a",
      "Relationships": [
        {
          "Type": "CHILD",
          "Ids": [
            "c86cf2df-49b6-4488-943d-d9d888252ad5",
            "d71dcc5d-bd3e-4110-acc6-2ee9ee321ee6",
            "bcac5ddf-916f-4c97-bad0-f4e5a562a4b5",
            "77b0130c-85c9-4d8a-ae4f-9c2f53705bfc",
            "d66d9f87-9b1b-49de-8263-331f51f251f5",
            "1c6a666b-88aa-4b5d-b579-b10153f36bf6",
            "24a70b29-e03a-43a3-ad76-9e38ce4418fc",
            "d5dab919-cf99-4d68-99b7-bccc7291dae1",
            "2ed6d388-7fc3-49d1-8b5b-d9cd9a4223a1",
            "5ffd8ade-afde-4639-92b0-17b1fccbb0fb",
            "6481bd12-3445-4de2-a5f6-82af824e8eae",
            "6fe62439-bda7-4deb-a268-8f5112ceb158",
            "dd1c8d7c-7ab4-47f4-a56d-155bd9d5fd53",
            "192e3cad-2130-4c79-803f-9417654763bf"
          ]
        }
      ],
      "EntityTypes": [
        "STRUCTURED_TABLE"
      ],
      "Page": 1
    },
    {
      "BlockType": "CELL",
      "Confidence": 82.568359375,
      "RowIndex": 1,
      "ColumnIndex": 1,
      "RowSpan": 1,
      "ColumnSpan": 1,
      "Geometry": {
        "BoundingBox": {
          "Width": 0.10798359662294388,
          "Height": 0.08229327201843262,
          "Left": 0.22635149955749512,
          "Top": 0.41632169485092163
        },
        "Polygon": [
          {
            "X": 0.22635149955749512,
            "Y": 0.41632169485092163
          },
          {
            "X": 0.3343350887298584,
            "Y": 0.41632169485092163
          },
          {
            "X": 0.3343350887298584,
            "Y": 0.49861496686935425
          },
          {
            "X": 0.22635149955749512,
            "Y": 0.49861496686935425
          }
        ]
      },
      "Id": "c86cf2df-49b6-4488-943d-d9d888252ad5",
      "Relationships": [
        {
          "Type": "CHILD",
          "Ids": [
            "1841c209-88c6-457b-af65-cdf17cceaa07"
          ]
        }
      ],
      "EntityTypes": [
        "COLUMN_HEADER"
      ],
      "Page": 1
    },
    {
      "BlockType": "CELL",
      "Confidence": 64.990234375,
      "RowIndex": 1,
      "ColumnIndex": 2,
      "RowSpan": 1,
      "ColumnSpan": 1,
      "Geometry": {
        "BoundingBox": {
          "Width": 0.06010518595576286,
          "Height": 0.08229327201843262,
          "Left": 0.3343350887298584,
          "Top": 0.41632169485092163
        },
        "Polygon": [
          {
            "X": 0.3343350887298584,
            "Y": 0.41632169485092163
          },
          {
            "X": 0.39444029331207275,
            "Y": 0.41632169485092163
          },
          {
            "X": 0.39444029331207275,
            "Y": 0.49861496686935425
          },
          {
            "X": 0.3343350887298584,
            "Y": 0.49861496686935425
          }
        ]
      },
      "Id": "d71dcc5d-bd3e-4110-acc6-2ee9ee321ee6",
      "Relationships": [
        {
          "Type": "CHILD",
          "Ids": [
            "7a6614b0-75ba-42df-afa9-e98482c6e7b7"
          ]
        }
      ],
      "EntityTypes": [
        "COLUMN_HEADER"
      ],
      "Page": 1
    },
    {
      "BlockType": "CELL",
      "Confidence": 74.70703125,
      "RowIndex": 1,
      "ColumnIndex": 3,
      "RowSpan": 1,
      "ColumnSpan": 1,
      "Geometry": {
        "BoundingBox": {
          "Width": 0.056348610669374466,
          "Height": 0.08229327201843262,
          "Left": 0.39444029331207275,
          "Top": 0.41632169485092163
        },
        "Polygon": [
          {
            "X": 0.39444029331207275,
            "Y": 0.41632169485092163
          },
          {
            "X": 0.4507888853549957,
            "Y": 0.41632169485092163
          },
          {
            "X": 0.4507888853549957,
            "Y": 0.49861496686935425
          },
          {
            "X": 0.39444029331207275,
            "Y": 0.49861496686935425
          }
        ]
      },
      "Id": "bcac5ddf-916f-4c97-bad0-f4e5a562a4b5",
      "Relationships": [
        {
          "Type": "CHILD",
          "Ids": [
            "497ecf46-f785-4917-a874-9674dca991cb"
          ]
        }
      ],
      "EntityTypes": [
        "COLUMN_HEADER"
      ],
      "Page": 1
    },
    {
      "BlockType": "CELL",
      "Confidence": 90.380859375,
      "RowIndex": 1,
      "ColumnIndex": 4,
      "RowSpan": 1,
      "ColumnSpan": 1,
      "Geometry": {
        "BoundingBox": {
          "Width": 0.07287754118442535,
          "Height": 0.08229327201843262,
          "Left": 0.4507888853549957,
          "Top": 0.41632169485092163
        },
        "Polygon": [
          {
            "X": 0.4507888853549957,
            "Y": 0.41632169485092163
          },
          {
            "X": 0.5236664414405823,
            "Y": 0.41632169485092163
          },
          {
            "X": 0.5236664414405823,
            "Y": 0.49861496686935425
          },
          {
            "X": 0.4507888853549957,
            "Y": 0.49861496686935425
          }
        ]
      },
      "Id": "77b0130c-85c9-4d8a-ae4f-9c2f53705bfc",
      "Relationships": [
        {
          "Type": "CHILD",
          "Ids": [
            "17ea78d5-e233-46b3-a4ce-ee64ffa69e8b",
            "f78e59af-14ad-438e-9b70-8d48888c0cf7"
          ]
        }
      ],
      "EntityTypes": [
        "COLUMN_HEADER"
      ],
      "Page": 1
    },
    {
      "BlockType": "CELL",
      "Confidence": 89.84375,
      "RowIndex": 1,
      "ColumnIndex": 5,
      "RowSpan": 1,
      "ColumnSpan": 1,
      "Geometry": {
        "BoundingBox": {
          "Width": 0.06761833280324936,
          "Height": 0.08229327201843262,
          "Left": 0.5236664414405823,
          "Top": 0.41632169485092163
        },
        "Polygon": [
          {
            "X": 0.5236664414405823,
            "Y": 0.41632169485092163
          },
          {
            "X": 0.5912847518920898,
            "Y": 0.41632169485092163
          },
          {
            "X": 0.5912847518920898,
            "Y": 0.49861496686935425
          },
          {
            "X": 0.5236664414405823,
            "Y": 0.49861496686935425
          }
        ]
      },
      "Id": "d66d9f87-9b1b-49de-8263-331f51f251f5",
      "Relationships": [
        {
          "Type": "CHILD",
          "Ids": [
            "c9a21a71-0077-4511-9b30-d95962fcff0f",
            "e657b902-9e36-4e25-b5cf-4accb2d9eb21"
          ]
        }
      ],
      "EntityTypes": [
        "COLUMN_HEADER"
      ],
      "Page": 1
    },
    {
      "BlockType": "CELL",
      "Confidence": 86.767578125,
      "RowIndex": 1,
      "ColumnIndex": 6,
      "RowSpan": 1,
      "ColumnSpan": 1,
      "Geometry": {
        "BoundingBox": {
          "Width": 0.06987227499485016,
          "Height": 0.08229327201843262,
          "Left": 0.5912847518920898,
          "Top": 0.41632169485092163
        },
        "Polygon": [
          {
            "X": 0.5912847518920898,
            "Y": 0.41632169485092163
          },
          {
            "X": 0.6611570715904236,
            "Y": 0.41632169485092163
          },
          {
            "X": 0.6611570715904236,
            "Y": 0.49861496686935425
          },
          {
            "X": 0.5912847518920898,
            "Y": 0.49861496686935425
          }
        ]
      },
      "Id": "1c6a666b-88aa-4b5d-b579-b10153f36bf6",
      "Relationships": [
        {
          "Type": "CHILD",
          "Ids": [
            "78de4fdb-e69f-457a-93d3-2a6034a20a56",
            "fa24fa45-97a5-441c-824b-428f981ca9b4"
          ]
        }
      ],
      "EntityTypes": [
        "COLUMN_HEADER"
      ],
      "Page": 1
    },
    {
      "BlockType": "CELL",
      "Confidence": 92.724609375,
      "RowIndex": 1,
      "ColumnIndex": 7,
      "RowSpan": 1,
      "ColumnSpan": 1,
      "Geometry": {
        "BoundingBox": {
          "Width": 0.11211667954921722,
          "Height": 0.08229327201843262,
          "Left": 0.6611570715904236,
          "Top": 0.41632169485092163
        },
        "Polygon": [
          {
            "X": 0.6611570715904236,
            "Y": 0.41632169485092163
          },
          {
            "X": 0.7732737064361572,
            "Y": 0.41632169485092163
          },
          {
            "X": 0.7732737064361572,
            "Y": 0.49861496686935425
          },
          {
            "X": 0.6611570715904236,
            "Y": 0.49861496686935425
          }
        ]
      },
      "Id": "24a70b29-e03a-43a3-ad76-9e38ce4418fc",
      "Relationships": [
        {
          "Type": "CHILD",
          "Ids": [
            "fa021cca-7960-4099-85fa-0f5fed9465d4"
          ]
        }
      ],
      "EntityTypes": [
        "COLUMN_HEADER"
      ],
      "Page": 1
    },
    {
      "BlockType": "CELL",
      "Confidence": 45.1171875,
      "RowIndex": 2,
      "ColumnIndex": 1,
      "RowSpan": 1,
      "ColumnSpan": 1,
      "Geometry": {
        "BoundingBox": {
          "Width": 0.10798359662294388,
          "Height": 0.08299056440591812,
          "Left": 0.22635149955749512,
          "Top": 0.49861496686935425
        },
        "Polygon": [
          {
            "X": 0.22635149955749512,
            "Y": 0.49861496686935425
          },
          {
            "X": 0.3343350887298584,
            "Y": 0.49861496686935425
          },
          {
            "X": 0.3343350887298584,
            "Y": 0.5816055536270142
          },
          {
            "X": 0.22635149955749512,
            "Y": 0.5816055536270142
          }
        ]
      },
      "Id": "d5dab919-cf99-4d68-99b7-bccc7291dae1",
      "Relationships": [
        {
          "Type": "CHILD",
          "Ids": [
            "85de0cfb-8f08-43da-b682-56bfb2035cef",
            "664715e2-4f4e-4302-91f4-1b4322791449"
          ]
        }
      ],
      "Page": 1
    },
    {
      "BlockType": "CELL",
      "Confidence": 35.498046875,
      "RowIndex": 2,
      "ColumnIndex": 2,
      "RowSpan": 1,
      "ColumnSpan": 1,
      "Geometry": {
        "BoundingBox": {
          "Width": 0.06010518595576286,
          "Height": 0.08299056440591812,
          "Left": 0.3343350887298584,
          "Top": 0.49861496686935425
        },
        "Polygon": [
          {
            "X": 0.3343350887298584,
            "Y": 0.49861496686935425
          },
          {
            "X": 0.39444029331207275,
            "Y": 0.49861496686935425
          },
          {
            "X": 0.39444029331207275,
            "Y": 0.5816055536270142
          },
          {
            "X": 0.3343350887298584,
            "Y": 0.5816055536270142
          }
        ]
      },
      "Id": "2ed6d388-7fc3-49d1-8b5b-d9cd9a4223a1",
      "Relationships": [
        {
          "Type": "CHILD",
          "Ids": [
            "aa1a14b3-3473-4372-90bd-2a6cbf239cc7",
            "8ff430d4-fa37-4544-bbb2-d02f3bc12d9e"
          ]
        }
      ],
      "Page": 1
    },
    {
      "BlockType": "CELL",
      "Confidence": 40.8203125,
      "RowIndex": 2,
      "ColumnIndex": 3,
      "RowSpan": 1,
      "ColumnSpan": 1,
      "Geometry": {
        "BoundingBox": {
          "Width": 0.056348610669374466,
          "Height": 0.08299056440591812,
          "Left": 0.39444029331207275,
          "Top": 0.49861496686935425
        },
        "Polygon": [
          {
            "X": 0.39444029331207275,
            "Y": 0.49861496686935425
          },
          {
            "X": 0.4507888853549957,
            "Y": 0.49861496686935425
          },
          {
            "X": 0.4507888853549957,
            "Y": 0.5816055536270142
          },
          {
            "X": 0.39444029331207275,
            "Y": 0.5816055536270142
          }
        ]
      },
      "Id": "5ffd8ade-afde-4639-92b0-17b1fccbb0fb",
      "Relationships": [
        {
          "Type": "CHILD",
          "Ids": [
            "14249c3d-53a1-47e8-ad32-2a49a03d3490",
            "dc8ffe4b-335e-4857-b409-efb86af816cf"
          ]
        }
      ],
      "Page": 1
    },
    {
      "BlockType": "CELL",
      "Confidence": 49.365234375,
      "RowIndex": 2,
      "ColumnIndex": 4,
      "RowSpan": 1,
      "ColumnSpan": 1,
      "Geometry": {
        "BoundingBox": {
          "Width": 0.07287754118442535,
          "Height": 0.08299056440591812,
          "Left": 0.4507888853549957,
          "Top": 0.49861496686935425
        },
        "Polygon": [
          {
            "X": 0.4507888853549957,
            "Y": 0.49861496686935425
          },
          {
            "X": 0.5236664414405823,
            "Y": 0.49861496686935425
          },
          {
            "X": 0.5236664414405823,
            "Y": 0.5816055536270142
          },
          {
            "X": 0.4507888853549957,
            "Y": 0.5816055536270142
          }
        ]
      },
      "Id": "6481bd12-3445-4de2-a5f6-82af824e8eae",
      "Relationships": [
        {
          "Type": "CHILD",
          "Ids": [
            "aa62ed70-9edb-4887-ae98-bcc901311d63",
            "34ded6df-9bad-46fe-b5ad-367445302eb8"
          ]
        }
      ],
      "Page": 1
    },
    {
      "BlockType": "CELL",
      "Confidence": 49.072265625,
      "RowIndex": 2,
      "ColumnIndex": 5,
      "RowSpan": 1,
      "ColumnSpan": 1,
      "Geometry": {
        "BoundingBox": {
          "Width": 0.06761833280324936,
          "Height": 0.08299056440591812,
          "Left": 0.5236664414405823,
          "Top": 0.49861496686935425
        },
        "Polygon": [
          {
            "X": 0.5236664414405823,
            "Y": 0.49861496686935425
          },
          {
            "X": 0.5912847518920898,
            "Y": 0.49861496686935425
          },
          {
            "X": 0.5912847518920898,
            "Y": 0.5816055536270142
          },
          {
            "X": 0.5236664414405823,
            "Y": 0.5816055536270142
          }
        ]
      },
      "Id": "6fe62439-bda7-4deb-a268-8f5112ceb158",
      "Relationships": [
        {
          "Type": "CHILD",
          "Ids": [
            "3b9a30cb-4b80-44d8-8b82-8e22e45e8c28",
            "124221a0-ab4b-4bdd-a6b8-2e0917f00aea"
          ]
        }
      ],
      "Page": 1
    },
    {
      "BlockType": "CELL",
      "Confidence": 47.412109375,
      "RowIndex": 2,
      "ColumnIndex": 6,
      "RowSpan": 1,
      "ColumnSpan": 1,
      "Geometry": {
        "BoundingBox": {
          "Width": 0.06987227499485016,
          "Height": 0.08299056440591812,
          "Left": 0.5912847518920898,
          "Top": 0.49861496686935425
        },
        "Polygon": [
          {
            "X": 0.5912847518920898,
            "Y": 0.49861496686935425
          },
          {
            "X": 0.6611570715904236,
            "Y": 0.49861496686935425
          },
          {
            "X": 0.6611570715904236,
            "Y": 0.5816055536270142
          },
          {
            "X": 0.5912847518920898,
            "Y": 0.5816055536270142
          }
        ]
      },
      "Id": "dd1c8d7c-7ab4-47f4-a56d-155bd9d5fd53",
      "Relationships": [
        {
          "Type": "CHILD",
          "Ids": [
            "e44ffbff-c7db-4781-bcef-12b8a687ea02",
            "d412c763-3724-4bce-acd4-b97daf804176"
          ]
        }
      ],
      "Page": 1
    },
    {
      "BlockType": "CELL",
      "Confidence": 50.634765625,
      "RowIndex": 2,
      "ColumnIndex": 7,
      "RowSpan": 1,
      "ColumnSpan": 1,
      "Geometry": {
        "BoundingBox": {
          "Width": 0.11211667954921722,
          "Height": 0.08299056440591812,
          "Left": 0.6611570715904236,
          "Top": 0.49861496686935425
        },
        "Polygon": [
          {
            "X": 0.6611570715904236,
            "Y": 0.49861496686935425
          },
          {
            "X": 0.7732737064361572,
            "Y": 0.49861496686935425
          },
          {
            "X": 0.7732737064361572,
            "Y": 0.5816055536270142
          },
          {
            "X": 0.6611570715904236,
            "Y": 0.5816055536270142
          }
        ]
      },
      "Id": "192e3cad-2130-4c79-803f-9417654763bf",
      "Relationships": [
        {
          "Type": "CHILD",
          "Ids": [
            "8dc6475e-1281-41fe-9d08-31ecd7a8ffab",
            "c293834a-3e29-473b-9c9d-898f8f723064"
          ]
        }
      ],
      "Page": 1
    }
  ],
  "AnalyzeDocumentModelVersion": "1.0"
}