{
  "DocumentMetadata": {
    "Pages": 1
  },
  "JobStatus": "SUCCEEDED",
  "Blocks": [
    {
      "BlockType": "PAGE",
      "Geometry": {
        "BoundingBox": {
          "Width": 0.6727432608604431,
          "Height": 0.4657284617424011,
          "Left": 0.16488221287727356,
          "Top": 0.26142627000808716
        },
        "Polygon": [
          {
            "X": 0.16488221287727356,
            "Y": 0.26142627000808716
          },
          {
            "X": 0.8339293599128723,
            "Y": 0.26172715425491333
          },
          {
            "X": 0.8376255035400391,
            "Y": 0.7271547317504883
          },
          {
            "X": 0.16714057326316833,
            "Y": 0.7267836928367615
          }
        ]
      },
      "Id": "d12836b8-7d13-4354-89e3-537cc638c4d1",
      "Relationships": [
        {
          "Type": "CHILD",
          "Ids": [
            "65643ce3-2613-49b7-8727-348c1c5b5e07",
            "b5a4d0da-6b4b-441b-bcfc-b4a9f622f58f",
            "a50c97fb-527f-4474-8d91-e766e4bb82ab",
            "f3154851-d939-4a4b-a7fa-bdd40433fcb3",
            "c1a31ea1-09cf-463c-a1a5-8d28b44ba2aa",
            "66754b86-cb23-4698-b51d-9a3e73e2619d",
            "19cf39da-20be-4694-b897-ce5b76e7146c",
            "662f72c0-cbb5-4180-be3d-c3ad4843ad4a",
            "3bccedfa-2861-4d2f-95a1-1ab4c714a8f3",
            "fc35a277-f61e-459c-a991-ac2dc8a10ddb",
            "8a2984ac-388d-4ed7-ab72-435141d6080f",
            "14d16773-b081-4961-a73b-672435ce4ee3",
            "efc46a29-8b10-49fa-88dd-a7c91fbab9c1",
            "5cdfd9b0-4b51-43fb-8551-ec39f45f9677",
            "3a9a57ba-bc3c-4269-8e2c-b8e611744aa5",
            "3ba055c0-e6f0-4125-898b-b13df1671b06",
            "1114073b-0375-4244-8076-3a71db8b9dd4",
            "beab6b67-9884-48f1-82cb-e2fe1bd273eb",
            "89c1d093-8d76-4601-bf86-d83d7b5f9136",
            "579c9bd8-00d1-4dbb-bea3-72f756a8b867",
            "e28042e5-9389-4293-931c-71d54ec1b54d",
            "55f5d0ad-3daa-46f6-a787-ff406150db19",
            "1eab905d-2e88-473c-ad1d-fe5a8b255a10",
            "8e875f47-b8cb-44af-b0b0-4e1d7d0ae052",
            "2d32e820-2f7e-4a97-a47c-4c533bdcf205",
            "8a6a229d-ae51-44e0-8c84-73c807c40597",
            "2e891a1d-44dc-4678-9ff0-6a20acbda4b1",
            "8466dbcf-7012-489b-82aa-45c80f0b2db5",
            "62ca3f93-5be8-4b1a-9be6-cb7c8e2f2f86",
            "e0f12116-5a2c-48bc-a632-484a2ef224bf",
            "c61e3171-754d-436f-8c75-2e13e4aacb61",
            "3ae0fd8a-7336-4e32-8c91-8163ab3da95c"
          ]
        }
      ],
      "Page": 1
    },
    {
      "BlockType": "LINE",
      "Confidence": 99.50135803222656,
      "Text": "*",
      "Geometry": {
        "BoundingBox": {
          "Width": 0.005805794149637222,
          "Height": 0.009496917948126793,
          "Left": 0.421335369348526,
          "Top": 0.31268855929374695
        },
        "Polygon": [
          {
            "X": 0.421335369348526,
            "Y": 0.31268855929374695
          },
          {
            "X": 0.4270836114883423,
            "Y": 0.31269121170043945
          },
          {
            "X": 0.4271411597728729,
            "Y": 0.3221854865550995
          },
          {
            "X": 0.42139264941215515,
            "Y": 0.3221828043460846
          }
        ]
      },
      "Id": "65643ce3-2613-49b7-8727-348c1c5b5e07",
      "Relationships": [
        {
          "Type": "CHILD",
          "Ids": [
            "c576349a-5071-4d95-957a-9c0fdd724653"
          ]
        }
      ],
      "Page": 1
    },
    {
      "BlockType": "LINE",
      "Confidence": 99.16669464111328,
      "Text": "DGEBA",
      "Geometry": {
        "BoundingBox": {
          "Width": 0.06448289752006531,
          "Height": 0.023485561832785606,
          "Left": 0.35314181447029114,
          "Top": 0.3194197416305542
        },
        "Polygon": [
          {
            "X": 0.35314181447029114,
            "Y": 0.3194197416305542
          },
          {
            "X": 0.4174835681915283,
            "Y": 0.3194495141506195
          },
          {
            "X": 0.41762471199035645,
            "Y": 0.34290531277656555
          },
          {
            "X": 0.35327598452568054,
            "Y": 0.3428751826286316
          }
        ]
      },
      "Id": "b5a4d0da-6b4b-441b-bcfc-b4a9f622f58f",
      "Relationships": [
        {
          "Type": "CHILD",
          "Ids": [
            "cef5e232-c354-4b0e-bdc2-8e469a959e5f"
          ]
        }
      ],
      "Page": 1
    },
    {
      "BlockType": "LINE",
      "Confidence": 81.39688110351562,
      "Text": "DDM*",
      "Geometry": {
        "BoundingBox": {
          "Width": 0.05591743439435959,
          "Height": 0.02860434353351593,
          "Left": 0.4936772286891937,
          "Top": 0.313618540763855
        },
        "Polygon": [
          {
            "X": 0.4936772286891937,
            "Y": 0.313618540763855
          },
          {
            "X": 0.5494052767753601,
            "Y": 0.31364426016807556
          },
          {
            "X": 0.5495947003364563,
            "Y": 0.3422228991985321
          },
          {
            "X": 0.49385926127433777,
            "Y": 0.34219682216644287
          }
        ]
      },
      "Id": "a50c97fb-527f-4474-8d91-e766e4bb82ab",
      "Relationships": [
        {
          "Type": "CHILD",
          "Ids": [
            "5f742171-6787-405e-97b2-8f8f0e7f8d68"
          ]
        }
      ],
      "Page": 1
    },
    {
      "BlockType": "LINE",
      "Confidence": 87.11009979248047,
      "Text": "*",
      "Geometry": {
        "BoundingBox": {
          "Width": 0.005609008017927408,
          "Height": 0.009383652359247208,
          "Left": 0.5426760911941528,
          "Top": 0.3129964768886566
        },
        "Polygon": [
          {
            "X": 0.5426760911941528,
            "Y": 0.3129964768886566
          },
          {
            "X": 0.5482229590415955,
            "Y": 0.31299903988838196
          },
          {
            "X": 0.5482850670814514,
            "Y": 0.3223801255226135
          },
          {
            "X": 0.5427379608154297,
            "Y": 0.3223775625228882
          }
        ]
      },
      "Id": "f3154851-d939-4a4b-a7fa-bdd40433fcb3",
      "Relationships": [
        {
          "Type": "CHILD",
          "Ids": [
            "900546e3-6f2b-4407-a3c7-738ad23534d5"
          ]
        }
      ],
      "Page": 1
    },
    {
      "BlockType": "LINE",
      "Confidence": 99.60237121582031,
      "Text": "DPOD",
      "Geometry": {
        "BoundingBox": {
          "Width": 0.05048717185854912,
          "Height": 0.022519510239362717,
          "Left": 0.6157002449035645,
          "Top": 0.3200066089630127
        },
        "Polygon": [
          {
            "X": 0.6157002449035645,
            "Y": 0.3200066089630127
          },
          {
            "X": 0.66602623462677,
            "Y": 0.3200299143791199
          },
          {
            "X": 0.6661874055862427,
            "Y": 0.3425261378288269
          },
          {
            "X": 0.6158561706542969,
            "Y": 0.3425025939941406
          }
        ]
      },
      "Id": "c1a31ea1-09cf-463c-a1a5-8d28b44ba2aa",
      "Relationships": [
        {
          "Type": "CHILD",
          "Ids": [
            "d11ac860-aa16-433b-8caf-44fd0b94511f"
          ]
        }
      ],
      "Page": 1
    },
    {
      "BlockType": "LINE",
      "Confidence": 99.7009506225586,
      "Text": "P content",
      "Geometry": {
        "BoundingBox": {
          "Width": 0.0697346180677414,
          "Height": 0.023045800626277924,
          "Left": 0.7323212623596191,
          "Top": 0.31967440247535706
        },
        "Polygon": [
          {
            "X": 0.7323212623596191,
            "Y": 0.31967440247535706
          },
          {
            "X": 0.8018765449523926,
            "Y": 0.31970658898353577
          },
          {
            "X": 0.802055835723877,
            "Y": 0.3427202105522156
          },
          {
            "X": 0.7324931621551514,
            "Y": 0.3426876664161682
          }
        ]
      },
      "Id": "66754b86-cb23-4698-b51d-9a3e73e2619d",
      "Relationships": [
        {
          "Type": "CHILD",
          "Ids": [
            "07f7136e-2d09-4a75-a8a4-4613b2a33447",
            "2acfa660-6365-4d31-a60b-104684427b4e"
          ]
        }
      ],
      "Page": 1
    },
    {
      "BlockType": "LINE",
      "Confidence": 99.94581604003906,
      "Text": "Samples",
      "Geometry": {
        "BoundingBox": {
          "Width": 0.062469687312841415,
          "Height": 0.02928510122001171,
          "Left": 0.21358449757099152,
          "Top": 0.34676745533943176
        },
        "Polygon": [
          {
            "X": 0.21358449757099152,
            "Y": 0.34676745533943176
          },
          {
            "X": 0.2758972644805908,
            "Y": 0.3467966616153717
          },
          {
            "X": 0.27605417370796204,
            "Y": 0.3760525584220886
          },
          {
            "X": 0.2137329876422882,
            "Y": 0.37602296471595764
          }
        ]
      },
      "Id": "19cf39da-20be-4694-b897-ce5b76e7146c",
      "Relationships": [
        {
          "Type": "CHILD",
          "Ids": [
            "b016c05a-18b8-4a79-a883-0335e5ea85b2"
          ]
        }
      ],
      "Page": 1
    },
    {
      "BlockType": "LINE",
      "Confidence": 97.36376190185547,
      "Text": "(wt%)",
      "Geometry": {
        "BoundingBox": {
          "Width": 0.04568398743867874,
          "Height": 0.02893577702343464,
          "Left": 0.367490291595459,
          "Top": 0.3740680515766144
        },
        "Polygon": [
          {
            "X": 0.367490291595459,
            "Y": 0.3740680515766144
          },
          {
            "X": 0.4130009412765503,
            "Y": 0.37408965826034546
          },
          {
            "X": 0.4131743013858795,
            "Y": 0.40300384163856506
          },
          {
            "X": 0.3676575720310211,
            "Y": 0.4029819369316101
          }
        ]
      },
      "Id": "662f72c0-cbb5-4180-be3d-c3ad4843ad4a",
      "Relationships": [
        {
          "Type": "CHILD",
          "Ids": [
            "960bda19-fe1c-4633-9f47-8382e368d3e2"
          ]
        }
      ],
      "Page": 1
    },
    {
      "BlockType": "LINE",
      "Confidence": 98.34756469726562,
      "Text": "(wt%)",
      "Geometry": {
        "BoundingBox": {
          "Width": 0.04594239592552185,
          "Height": 0.028785519301891327,
          "Left": 0.4981876015663147,
          "Top": 0.37410303950309753
        },
        "Polygon": [
          {
            "X": 0.4981876015663147,
            "Y": 0.37410303950309753
          },
          {
            "X": 0.5439401865005493,
            "Y": 0.37412476539611816
          },
          {
            "X": 0.5441300272941589,
            "Y": 0.40288856625556946
          },
          {
            "X": 0.4983713626861572,
            "Y": 0.40286654233932495
          }
        ]
      },
      "Id": "3bccedfa-2861-4d2f-95a1-1ab4c714a8f3",
      "Relationships": [
        {
          "Type": "CHILD",
          "Ids": [
            "8fc73de6-712a-4737-9008-754283075e35"
          ]
        }
      ],
      "Page": 1
    },
    {
      "BlockType": "LINE",
      "Confidence": 98.37294006347656,
      "Text": "(wt%)",
      "Geometry": {
        "BoundingBox": {
          "Width": 0.04631977528333664,
          "Height": 0.02953295037150383,
          "Left": 0.6178280711174011,
          "Top": 0.3738768398761749
        },
        "Polygon": [
          {
            "X": 0.6178280711174011,
            "Y": 0.3738768398761749
          },
          {
            "X": 0.6639367938041687,
            "Y": 0.3738987147808075
          },
          {
            "X": 0.6641478538513184,
            "Y": 0.40340977907180786
          },
          {
            "X": 0.6180329322814941,
            "Y": 0.40338757634162903
          }
        ]
      },
      "Id": "fc35a277-f61e-459c-a991-ac2dc8a10ddb",
      "Relationships": [
        {
          "Type": "CHILD",
          "Ids": [
            "4093a0fb-21e7-4401-ad0d-5ff2731eb67b"
          ]
        }
      ],
      "Page": 1
    },
    {
      "BlockType": "LINE",
      "Confidence": 99.11091613769531,
      "Text": "(wt%)",
      "Geometry": {
        "BoundingBox": {
          "Width": 0.045901764184236526,
          "Height": 0.02899635210633278,
          "Left": 0.7442498207092285,
          "Top": 0.37398457527160645
        },
        "Polygon": [
          {
            "X": 0.7442498207092285,
            "Y": 0.37398457527160645
          },
          {
            "X": 0.7899274826049805,
            "Y": 0.3740062415599823
          },
          {
            "X": 0.7901515960693359,
            "Y": 0.4029809236526489
          },
          {
            "X": 0.7444678544998169,
            "Y": 0.4029589295387268
          }
        ]
      },
      "Id": "8a2984ac-388d-4ed7-ab72-435141d6080f",
      "Relationships": [
        {
          "Type": "CHILD",
          "Ids": [
            "165bbbbf-d6b3-40c8-b7d2-332ee9e29612"
          ]
        }
      ],
      "Page": 1
    },
    {
      "BlockType": "LINE",
      "Confidence": 99.70010375976562,
      "Text": "EP",
      "Geometry": {
        "BoundingBox": {
          "Width": 0.02098868601024151,
          "Height": 0.022306175902485847,
          "Left": 0.23411168158054352,
          "Top": 0.43944433331489563
        },
        "Polygon": [
          {
            "X": 0.23411168158054352,
            "Y": 0.43944433331489563
          },
          {
            "X": 0.25498297810554504,
            "Y": 0.4394545555114746
          },
          {
            "X": 0.2551003694534302,
            "Y": 0.46175050735473633
          },
          {
            "X": 0.23422691226005554,
            "Y": 0.4617401957511902
          }
        ]
      },
      "Id": "14d16773-b081-4961-a73b-672435ce4ee3",
      "Relationships": [
        {
          "Type": "CHILD",
          "Ids": [
            "32fa5b30-f840-481d-8e83-6a0937a8c0cf"
          ]
        }
      ],
      "Page": 1
    },
    {
      "BlockType": "LINE",
      "Confidence": 99.87443542480469,
      "Text": "82.1",
      "Geometry": {
        "BoundingBox": {
          "Width": 0.030092619359493256,
          "Height": 0.023058658465743065,
          "Left": 0.37460678815841675,
          "Top": 0.43905824422836304
        },
        "Polygon": [
          {
            "X": 0.37460678815841675,
            "Y": 0.43905824422836304
          },
          {
            "X": 0.40456220507621765,
            "Y": 0.4390729069709778
          },
          {
            "X": 0.4046994149684906,
            "Y": 0.46211689710617065
          },
          {
            "X": 0.3747408092021942,
            "Y": 0.46210208535194397
          }
        ]
      },
      "Id": "efc46a29-8b10-49fa-88dd-a7c91fbab9c1",
      "Relationships": [
        {
          "Type": "CHILD",
          "Ids": [
            "49591cf1-6af3-41ae-a09f-d2d2c0249b6c"
          ]
        }
      ],
      "Page": 1
    },
    {
      "BlockType": "LINE",
      "Confidence": 99.95536041259766,
      "Text": "17.9",
      "Geometry": {
        "BoundingBox": {
          "Width": 0.03082859516143799,
          "Height": 0.024087756872177124,
          "Left": 0.5068702101707458,
          "Top": 0.4389059245586395
        },
        "Polygon": [
          {
            "X": 0.5068702101707458,
            "Y": 0.4389059245586395
          },
          {
            "X": 0.5375407338142395,
            "Y": 0.4389209449291229
          },
          {
            "X": 0.5376988053321838,
            "Y": 0.46299368143081665
          },
          {
            "X": 0.5070249438285828,
            "Y": 0.4629785120487213
          }
        ]
      },
      "Id": "5cdfd9b0-4b51-43fb-8551-ec39f45f9677",
      "Relationships": [
        {
          "Type": "CHILD",
          "Ids": [
            "30b3c321-666a-41a3-8d45-6e2fe7ad9338"
          ]
        }
      ],
      "Page": 1
    },
    {
      "BlockType": "LINE",
      "Confidence": 97.88007354736328,
      "Text": "0",
      "Geometry": {
        "BoundingBox": {
          "Width": 0.008329365402460098,
          "Height": 0.023130763322114944,
          "Left": 0.6369206309318542,
          "Top": 0.4393337666988373
        },
        "Polygon": [
          {
            "X": 0.6369206309318542,
            "Y": 0.4393337666988373
          },
          {
            "X": 0.6450866460800171,
            "Y": 0.43933776021003723
          },
          {
            "X": 0.6452499628067017,
            "Y": 0.4624645411968231
          },
          {
            "X": 0.637083113193512,
            "Y": 0.4624604880809784
          }
        ]
      },
      "Id": "3a9a57ba-bc3c-4269-8e2c-b8e611744aa5",
      "Relationships": [
        {
          "Type": "CHILD",
          "Ids": [
            "a07ce47b-55b1-48de-87ab-cac4011fbadb"
          ]
        }
      ],
      "Page": 1
    },
    {
      "BlockType": "LINE",
      "Confidence": 98.99480438232422,
      "Text": "0",
      "Geometry": {
        "BoundingBox": {
          "Width": 0.008229888044297695,
          "Height": 0.023117102682590485,
          "Left": 0.7630470395088196,
          "Top": 0.4392424523830414
        },
        "Polygon": [
          {
            "X": 0.7630470395088196,
            "Y": 0.4392424523830414
          },
          {
            "X": 0.7711002230644226,
            "Y": 0.43924638628959656
          },
          {
            "X": 0.7712769508361816,
            "Y": 0.46235954761505127
          },
          {
            "X": 0.763222873210907,
            "Y": 0.4623555839061737
          }
        ]
      },
      "Id": "3ba055c0-e6f0-4125-898b-b13df1671b06",
      "Relationships": [
        {
          "Type": "CHILD",
          "Ids": [
            "a0ab1df8-ea86-40d0-84e6-0a099ac84082"
          ]
        }
      ],
      "Page": 1
    },
    {
      "BlockType": "LINE",
      "Confidence": 99.4464340209961,
      "Text": "EP/DPOD4",
      "Geometry": {
        "BoundingBox": {
          "Width": 0.0866411104798317,
          "Height": 0.022743158042430878,
          "Left": 0.20118950307369232,
          "Top": 0.5131111145019531
        },
        "Polygon": [
          {
            "X": 0.20118950307369232,
            "Y": 0.5131111145019531
          },
          {
            "X": 0.28770771622657776,
            "Y": 0.5131548643112183
          },
          {
            "X": 0.2878306210041046,
            "Y": 0.5358542799949646
          },
          {
            "X": 0.20130333304405212,
            "Y": 0.5358100533485413
          }
        ]
      },
      "Id": "1114073b-0375-4244-8076-3a71db8b9dd4",
      "Relationships": [
        {
          "Type": "CHILD",
          "Ids": [
            "36f0044d-b9f2-486a-9088-291dab5650bb"
          ]
        }
      ],
      "Page": 1
    },
    {
      "BlockType": "LINE",
      "Confidence": 99.97003173828125,
      "Text": "78.8",
      "Geometry": {
        "BoundingBox": {
          "Width": 0.03130326792597771,
          "Height": 0.0225130096077919,
          "Left": 0.37458983063697815,
          "Top": 0.5134987235069275
        },
        "Polygon": [
          {
            "X": 0.37458983063697815,
            "Y": 0.5134987235069275
          },
          {
            "X": 0.4057590365409851,
            "Y": 0.513514518737793
          },
          {
            "X": 0.40589308738708496,
            "Y": 0.5360117554664612
          },
          {
            "X": 0.37472063302993774,
            "Y": 0.5359958410263062
          }
        ]
      },
      "Id": "beab6b67-9884-48f1-82cb-e2fe1bd273eb",
      "Relationships": [
        {
          "Type": "CHILD",
          "Ids": [
            "6f4399c4-778d-4c5a-afd5-1af1aaa3adf8"
          ]
        }
      ],
      "Page": 1
    },
    {
      "BlockType": "LINE",
      "Confidence": 99.72357177734375,
      "Text": "17.2",
      "Geometry": {
        "BoundingBox": {
          "Width": 0.031648602336645126,
          "Height": 0.025619259104132652,
          "Left": 0.5063413977622986,
          "Top": 0.512067437171936
        },
        "Polygon": [
          {
            "X": 0.5063413977622986,
            "Y": 0.512067437171936
          },
          {
            "X": 0.537821888923645,
            "Y": 0.5120833516120911
          },
          {
            "X": 0.5379900336265564,
            "Y": 0.5376867055892944
          },
          {
            "X": 0.5065058469772339,
            "Y": 0.5376706123352051
          }
        ]
      },
      "Id": "89c1d093-8d76-4601-bf86-d83d7b5f9136",
      "Relationships": [
        {
          "Type": "CHILD",
          "Ids": [
            "2c3b3661-c8e3-4dcd-abb7-19f4f977943d"
          ]
        }
      ],
      "Page": 1
    },
    {
      "BlockType": "LINE",
      "Confidence": 99.8669662475586,
      "Text": "4",
      "Geometry": {
        "BoundingBox": {
          "Width": 0.009327888488769531,
          "Height": 0.021963221952319145,
          "Left": 0.6361685991287231,
          "Top": 0.5135998725891113
        },
        "Polygon": [
          {
            "X": 0.6361685991287231,
            "Y": 0.5135998725891113
          },
          {
            "X": 0.6453413963317871,
            "Y": 0.5136045217514038
          },
          {
            "X": 0.6454964876174927,
            "Y": 0.535563051700592
          },
          {
            "X": 0.6363227367401123,
            "Y": 0.5355584025382996
          }
        ]
      },
      "Id": "579c9bd8-00d1-4dbb-bea3-72f756a8b867",
      "Relationships": [
        {
          "Type": "CHILD",
          "Ids": [
            "06e38acc-998b-4586-aa91-bbf4f599d73e"
          ]
        }
      ],
      "Page": 1
    },
    {
      "BlockType": "LINE",
      "Confidence": 99.94499206542969,
      "Text": "0.38",
      "Geometry": {
        "BoundingBox": {
          "Width": 0.03165276348590851,
          "Height": 0.022763440385460854,
          "Left": 0.7510288953781128,
          "Top": 0.5135340690612793
        },
        "Polygon": [
          {
            "X": 0.7510288953781128,
            "Y": 0.5135340690612793
          },
          {
            "X": 0.7825065851211548,
            "Y": 0.5135499835014343
          },
          {
            "X": 0.7826816439628601,
            "Y": 0.5362975001335144
          },
          {
            "X": 0.7512006163597107,
            "Y": 0.536281406879425
          }
        ]
      },
      "Id": "e28042e5-9389-4293-931c-71d54ec1b54d",
      "Relationships": [
        {
          "Type": "CHILD",
          "Ids": [
            "26a9a836-f7fb-4b73-91ae-665f81b695d4"
          ]
        }
      ],
      "Page": 1
    },
    {
      "BlockType": "LINE",
      "Confidence": 99.29129791259766,
      "Text": "EP/DPOD6",
      "Geometry": {
        "BoundingBox": {
          "Width": 0.08717761188745499,
          "Height": 0.022855717688798904,
          "Left": 0.20125800371170044,
          "Top": 0.5875329971313477
        },
        "Polygon": [
          {
            "X": 0.20125800371170044,
            "Y": 0.5875329971313477
          },
          {
            "X": 0.2883121073246002,
            "Y": 0.5875784754753113
          },
          {
            "X": 0.28843560814857483,
            "Y": 0.6103886961936951
          },
          {
            "X": 0.20137235522270203,
            "Y": 0.610342800617218
          }
        ]
      },
      "Id": "55f5d0ad-3daa-46f6-a787-ff406150db19",
      "Relationships": [
        {
          "Type": "CHILD",
          "Ids": [
            "3be4c463-308c-4232-a1a3-a45dd0b98fbb"
          ]
        }
      ],
      "Page": 1
    },
    {
      "BlockType": "LINE",
      "Confidence": 97.45359802246094,
      "Text": "77.1",
      "Geometry": {
        "BoundingBox": {
          "Width": 0.029911691322922707,
          "Height": 0.022226925939321518,
          "Left": 0.37444204092025757,
          "Top": 0.5880331993103027
        },
        "Polygon": [
          {
            "X": 0.37444204092025757,
            "Y": 0.5880331993103027
          },
          {
            "X": 0.40422162413597107,
            "Y": 0.5880487561225891
          },
          {
            "X": 0.4043537378311157,
            "Y": 0.6102601289749146
          },
          {
            "X": 0.37457114458084106,
            "Y": 0.6102443933486938
          }
        ]
      },
      "Id": "1eab905d-2e88-473c-ad1d-fe5a8b255a10",
      "Relationships": [
        {
          "Type": "CHILD",
          "Ids": [
            "17daf25a-3f4a-4d85-bc0a-31a406db8ab5"
          ]
        }
      ],
      "Page": 1
    },
    {
      "BlockType": "LINE",
      "Confidence": 99.79853057861328,
      "Text": "16.9",
      "Geometry": {
        "BoundingBox": {
          "Width": 0.03047916479408741,
          "Height": 0.023476067930459976,
          "Left": 0.5069457292556763,
          "Top": 0.5873029828071594
        },
        "Polygon": [
          {
            "X": 0.5069457292556763,
            "Y": 0.5873029828071594
          },
          {
            "X": 0.5372709631919861,
            "Y": 0.5873188376426697
          },
          {
            "X": 0.5374249219894409,
            "Y": 0.6107790470123291
          },
          {
            "X": 0.5070964097976685,
            "Y": 0.6107630729675293
          }
        ]
      },
      "Id": "8e875f47-b8cb-44af-b0b0-4e1d7d0ae052",
      "Relationships": [
        {
          "Type": "CHILD",
          "Ids": [
            "b9557f58-e954-4973-8bea-64aaa16372fb"
          ]
        }
      ],
      "Page": 1
    },
    {
      "BlockType": "LINE",
      "Confidence": 99.98249053955078,
      "Text": "6",
      "Geometry": {
        "BoundingBox": {
          "Width": 0.008849641308188438,
          "Height": 0.023548906669020653,
          "Left": 0.6367349624633789,
          "Top": 0.587051272392273
        },
        "Polygon": [
          {
            "X": 0.6367349624633789,
            "Y": 0.587051272392273
          },
          {
            "X": 0.6454183459281921,
            "Y": 0.5870558023452759
          },
          {
            "X": 0.6455845832824707,
            "Y": 0.6106001734733582
          },
          {
            "X": 0.6369002461433411,
            "Y": 0.6105955839157104
          }
        ]
      },
      "Id": "2d32e820-2f7e-4a97-a47c-4c533bdcf205",
      "Relationships": [
        {
          "Type": "CHILD",
          "Ids": [
            "8c340edb-1c6e-4b24-a673-e7b1e506ff61"
          ]
        }
      ],
      "Page": 1
    },
    {
      "BlockType": "LINE",
      "Confidence": 95.42621612548828,
      "Text": "0.56",
      "Geometry": {
        "BoundingBox": {
          "Width": 0.03185681253671646,
          "Height": 0.023083960637450218,
          "Left": 0.7511590123176575,
          "Top": 0.5873625874519348
        },
        "Polygon": [
          {
            "X": 0.7511590123176575,
            "Y": 0.5873625874519348
          },
          {
            "X": 0.7828383445739746,
            "Y": 0.5873790979385376
          },
          {
            "X": 0.7830158472061157,
            "Y": 0.6104465126991272
          },
          {
            "X": 0.7513331174850464,
            "Y": 0.6104298233985901
          }
        ]
      },
      "Id": "8a6a229d-ae51-44e0-8c84-73c807c40597",
      "Relationships": [
        {
          "Type": "CHILD",
          "Ids": [
            "eb679341-f8a1-4f58-a3a3-d120a994ab80"
          ]
        }
      ],
      "Page": 1
    },
    {
      "BlockType": "LINE",
      "Confidence": 98.98906707763672,
      "Text": "EP/DPOD8",
      "Geometry": {
        "BoundingBox": {
          "Width": 0.08671595901250839,
          "Height": 0.02300555631518364,
          "Left": 0.20117652416229248,
          "Top": 0.6619574427604675
        },
        "Polygon": [
          {
            "X": 0.20117652416229248,
            "Y": 0.6619574427604675
          },
          {
            "X": 0.28776827454566956,
            "Y": 0.6620041131973267
          },
          {
            "X": 0.28789249062538147,
            "Y": 0.6849629878997803
          },
          {
            "X": 0.20129157602787018,
            "Y": 0.6849159002304077
          }
        ]
      },
      "Id": "2e891a1d-44dc-4678-9ff0-6a20acbda4b1",
      "Relationships": [
        {
          "Type": "CHILD",
          "Ids": [
            "faa1f53f-12b1-4afa-9239-ca9b82b13c24"
          ]
        }
      ],
      "Page": 1
    },
    {
      "BlockType": "LINE",
      "Confidence": 92.06381225585938,
      "Text": "75.5",
      "Geometry": {
        "BoundingBox": {
          "Width": 0.031045909970998764,
          "Height": 0.022613979876041412,
          "Left": 0.374667227268219,
          "Top": 0.6621223092079163
        },
        "Polygon": [
          {
            "X": 0.374667227268219,
            "Y": 0.6621223092079163
          },
          {
            "X": 0.4055786430835724,
            "Y": 0.6621389985084534
          },
          {
            "X": 0.40571314096450806,
            "Y": 0.6847363114356995
          },
          {
            "X": 0.3747985363006592,
            "Y": 0.6847195029258728
          }
        ]
      },
      "Id": "8466dbcf-7012-489b-82aa-45c80f0b2db5",
      "Relationships": [
        {
          "Type": "CHILD",
          "Ids": [
            "d38b4617-a501-4c7d-a960-ac3103dd757e"
          ]
        }
      ],
      "Page": 1
    },
    {
      "BlockType": "LINE",
      "Confidence": 98.5009994506836,
      "Text": "16.5",
      "Geometry": {
        "BoundingBox": {
          "Width": 0.029844248667359352,
          "Height": 0.023159842938184738,
          "Left": 0.5070383548736572,
          "Top": 0.6617254018783569
        },
        "Polygon": [
          {
            "X": 0.5070383548736572,
            "Y": 0.6617254018783569
          },
          {
            "X": 0.5367308259010315,
            "Y": 0.6617413759231567
          },
          {
            "X": 0.5368825793266296,
            "Y": 0.6848852038383484
          },
          {
            "X": 0.5071869492530823,
            "Y": 0.6848690509796143
          }
        ]
      },
      "Id": "62ca3f93-5be8-4b1a-9be6-cb7c8e2f2f86",
      "Relationships": [
        {
          "Type": "CHILD",
          "Ids": [
            "5ce1313c-02b8-46b7-ad48-f10dd7833b7b"
          ]
        }
      ],
      "Page": 1
    },
    {
      "BlockType": "LINE",
      "Confidence": 99.93475341796875,
      "Text": "8",
      "Geometry": {
        "BoundingBox": {
          "Width": 0.00782711897045374,
          "Height": 0.02309492602944374,
          "Left": 0.637057363986969,
          "Top": 0.661889910697937
        },
        "Polygon": [
          {
            "X": 0.637057363986969,
            "Y": 0.661889910697937
          },
          {
            "X": 0.6447216272354126,
            "Y": 0.6618940830230713
          },
          {
            "X": 0.6448845267295837,
            "Y": 0.6849848628044128
          },
          {
            "X": 0.6372194886207581,
            "Y": 0.6849806904792786
          }
        ]
      },
      "Id": "e0f12116-5a2c-48bc-a632-484a2ef224bf",
      "Relationships": [
        {
          "Type": "CHILD",
          "Ids": [
            "b2295a98-1cfb-4a62-a132-473eb99793b7"
          ]
        }
      ],
      "Page": 1
    },
    {
      "BlockType": "LINE",
      "Confidence": 99.9660415649414,
      "Text": "0.75",
      "Geometry": {
        "BoundingBox": {
          "Width": 0.03135576844215393,
          "Height": 0.023267116397619247,
          "Left": 0.7511814832687378,
          "Top": 0.6618821024894714
        },
        "Polygon": [
          {
            "X": 0.7511814832687378,
            "Y": 0.6618821024894714
          },
          {
            "X": 0.7823584675788879,
            "Y": 0.6618989109992981
          },
          {
            "X": 0.7825372219085693,
            "Y": 0.6851492524147034
          },
          {
            "X": 0.7513568997383118,
            "Y": 0.6851322650909424
          }
        ]
      },
      "Id": "c61e3171-754d-436f-8c75-2e13e4aacb61",
      "Relationships": [
        {
          "Type": "CHILD",
          "Ids": [
            "d7603a07-3229-442e-a136-5eae438e2845"
          ]
        }
      ],
      "Page": 1
    },
    {
      "BlockType": "WORD",
      "Confidence": 99.50135803222656,
      "Text": "*",
      "TextType": "PRINTED",
      "Geometry": {
        "BoundingBox": {
          "Width": 0.005805794149637222,
          "Height": 0.009496917948126793,
          "Left": 0.421335369348526,
          "Top": 0.31268855929374695
        },
        "Polygon": [
          {
            "X": 0.421335369348526,
            "Y": 0.31268855929374695
          },
          {
            "X": 0.4270836114883423,
            "Y": 0.31269121170043945
          },
          {
            "X": 0.4271411597728729,
            "Y": 0.3221854865550995
          },
          {
            "X": 0.42139264941215515,
            "Y": 0.3221828043460846
          }
        ]
      },
      "Id": "c576349a-5071-4d95-957a-9c0fdd724653",
      "Page": 1
    },
    {
      "BlockType": "WORD",
      "Confidence": 99.16669464111328,
      "Text": "DGEBA",
      "TextType": "PRINTED",
      "Geometry": {
        "BoundingBox": {
          "Width": 0.06448289752006531,
          "Height": 0.023485561832785606,
          "Left": 0.35314181447029114,
          "Top": 0.3194197416305542
        },
        "Polygon": [
          {
            "X": 0.35314181447029114,
            "Y": 0.3194197416305542
          },
          {
            "X": 0.4174835681915283,
            "Y": 0.3194495141506195
          },
          {
            "X": 0.41762471199035645,
            "Y": 0.34290531277656555
          },
          {
            "X": 0.35327598452568054,
            "Y": 0.3428751826286316
          }
        ]
      },
      "Id": "cef5e232-c354-4b0e-bdc2-8e469a959e5f",
      "Page": 1
    },
    {
      "BlockType": "WORD",
      "Confidence": 81.39688110351562,
      "Text": "DDM*",
      "TextType": "PRINTED",
      "Geometry": {
        "BoundingBox": {
          "Width": 0.05591743439435959,
          "Height": 0.02860434353351593,
          "Left": 0.4936772286891937,
          "Top": 0.313618540763855
        },
        "Polygon": [
          {
            "X": 0.4936772286891937,
            "Y": 0.313618540763855
          },
          {
            "X": 0.5494052767753601,
            "Y": 0.31364426016807556
          },
          {
            "X": 0.5495947003364563,
            "Y": 0.3422228991985321
          },
          {
            "X": 0.49385926127433777,
            "Y": 0.34219682216644287
          }
        ]
      },
      "Id": "5f742171-6787-405e-97b2-8f8f0e7f8d68",
      "Page": 1
    },
    {
      "BlockType": "WORD",
      "Confidence": 87.11009979248047,
      "Text": "*",
      "TextType": "PRINTED",
      "Geometry": {
        "BoundingBox": {
          "Width": 0.005609008017927408,
          "Height": 0.009383652359247208,
          "Left": 0.5426760911941528,
          "Top": 0.3129964768886566
        },
        "Polygon": [
          {
            "X": 0.5426760911941528,
            "Y": 0.3129964768886566
          },
          {
            "X": 0.5482229590415955,
            "Y": 0.31299903988838196
          },
          {
            "X": 0.5482850670814514,
            "Y": 0.3223801255226135
          },
          {
            "X": 0.5427379608154297,
            "Y": 0.3223775625228882
          }
        ]
      },
      "Id": "900546e3-6f2b-4407-a3c7-738ad23534d5",
      "Page": 1
    },
    {
      "BlockType": "WORD",
      "Confidence": 99.60237121582031,
      "Text": "DPOD",
      "TextType": "PRINTED",
      "Geometry": {
        "BoundingBox": {
          "Width": 0.05048717185854912,
          "Height": 0.022519510239362717,
          "Left": 0.6157002449035645,
          "Top": 0.3200066089630127
        },
        "Polygon": [
          {
            "X": 0.6157002449035645,
            "Y": 0.3200066089630127
          },
          {
            "X": 0.66602623462677,
            "Y": 0.3200299143791199
          },
          {
            "X": 0.6661874055862427,
            "Y": 0.3425261378288269
          },
          {
            "X": 0.6158561706542969,
            "Y": 0.3425025939941406
          }
        ]
      },
      "Id": "d11ac860-aa16-433b-8caf-44fd0b94511f",
      "Page": 1
    },
    {
      "BlockType": "WORD",
      "Confidence": 99.43209838867188,
      "Text": "P",
      "TextType": "PRINTED",
      "Geometry": {
        "BoundingBox": {
          "Width": 0.010363200679421425,
          "Height": 0.02301802858710289,
          "Left": 0.7323212623596191,
          "Top": 0.31967440247535706
        },
        "Polygon": [
          {
            "X": 0.7323212623596191,
            "Y": 0.31967440247535706
          },
          {
            "X": 0.7425114512443542,
            "Y": 0.3196791112422943
          },
          {
            "X": 0.7426844239234924,
            "Y": 0.34269243478775024
          },
          {
            "X": 0.7324931621551514,
            "Y": 0.3426876664161682
          }
        ]
      },
      "Id": "07f7136e-2d09-4a75-a8a4-4613b2a33447",
      "Page": 1
    },
    {
      "BlockType": "WORD",
      "Confidence": 99.96979522705078,
      "Text": "content",
      "TextType": "PRINTED",
      "Geometry": {
        "BoundingBox": {
          "Width": 0.05529773607850075,
          "Height": 0.020192252472043037,
          "Left": 0.746757447719574,
          "Top": 0.32244059443473816
        },
        "Polygon": [
          {
            "X": 0.746757447719574,
            "Y": 0.32244059443473816
          },
          {
            "X": 0.8018980622291565,
            "Y": 0.3224661648273468
          },
          {
            "X": 0.8020551800727844,
            "Y": 0.34263285994529724
          },
          {
            "X": 0.7469094395637512,
            "Y": 0.3426070809364319
          }
        ]
      },
      "Id": "2acfa660-6365-4d31-a60b-104684427b4e",
      "Page": 1
    },
    {
      "BlockType": "WORD",
      "Confidence": 99.94581604003906,
      "Text": "Samples",
      "TextType": "PRINTED",
      "Geometry": {
        "BoundingBox": {
          "Width": 0.062469687312841415,
          "Height": 0.02928510122001171,
          "Left": 0.21358449757099152,
          "Top": 0.34676745533943176
        },
        "Polygon": [
          {
            "X": 0.21358449757099152,
            "Y": 0.34676745533943176
          },
          {
            "X": 0.2758972644805908,
            "Y": 0.3467966616153717
          },
          {
            "X": 0.27605417370796204,
            "Y": 0.3760525584220886
          },
          {
            "X": 0.2137329876422882,
            "Y": 0.37602296471595764
          }
        ]
      },
      "Id": "b016c05a-18b8-4a79-a883-0335e5ea85b2",
      "Page": 1
    },
    {
      "BlockType": "WORD",
      "Confidence": 97.36376190185547,
      "Text": "(wt%)",
      "TextType": "PRINTED",
      "Geometry": {
        "BoundingBox": {
          "Width": 0.04568398743867874,
          "Height": 0.02893577702343464,
          "Left": 0.367490291595459,
          "Top": 0.3740680515766144
        },
        "Polygon": [
          {
            "X": 0.367490291595459,
            "Y": 0.3740680515766144
          },
          {
            "X": 0.4130009412765503,
            "Y": 0.37408965826034546
          },
          {
            "X": 0.4131743013858795,
            "Y": 0.40300384163856506
          },
          {
            "X": 0.3676575720310211,
            "Y": 0.4029819369316101
          }
        ]
      },
      "Id": "960bda19-fe1c-4633-9f47-8382e368d3e2",
      "Page": 1
    },
    {
      "BlockType": "WORD",
      "Confidence": 98.34756469726562,
      "Text": "(wt%)",
      "TextType": "PRINTED",
      "Geometry": {
        "BoundingBox": {
          "Width": 0.04594239592552185,
          "Height": 0.028785519301891327,
          "Left": 0.4981876015663147,
          "Top": 0.37410303950309753
        },
        "Polygon": [
          {
            "X": 0.4981876015663147,
            "Y": 0.37410303950309753
          },
          {
            "X": 0.5439401865005493,
            "Y": 0.37412476539611816
          },
          {
            "X": 0.5441300272941589,
            "Y": 0.40288856625556946
          },
          {
            "X": 0.4983713626861572,
            "Y": 0.40286654233932495
          }
        ]
      },
      "Id": "8fc73de6-712a-4737-9008-754283075e35",
      "Page": 1
    },
    {
      "BlockType": "WORD",
      "Confidence": 98.37294006347656,
      "Text": "(wt%)",
      "TextType": "PRINTED",
      "Geometry": {
        "BoundingBox": {
          "Width": 0.04631977528333664,
          "Height": 0.02953295037150383,
          "Left": 0.6178280711174011,
          "Top": 0.3738768398761749
        },
        "Polygon": [
          {
            "X": 0.6178280711174011,
            "Y": 0.3738768398761749
          },
          {
            "X": 0.6639367938041687,
            "Y": 0.3738987147808075
          },
          {
            "X": 0.6641478538513184,
            "Y": 0.40340977907180786
          },
          {
            "X": 0.6180329322814941,
            "Y": 0.40338757634162903
          }
        ]
      },
      "Id": "4093a0fb-21e7-4401-ad0d-5ff2731eb67b",
      "Page": 1
    },
    {
      "BlockType": "WORD",
      "Confidence": 99.11091613769531,
      "Text": "(wt%)",
      "TextType": "PRINTED",
      "Geometry": {
        "BoundingBox": {
          "Width": 0.045901764184236526,
          "Height": 0.02899635210633278,
          "Left": 0.7442498207092285,
          "Top": 0.37398457527160645
        },
        "Polygon": [
          {
            "X": 0.7442498207092285,
            "Y": 0.37398457527160645
          },
          {
            "X": 0.7899274826049805,
            "Y": 0.3740062415599823
          },
          {
            "X": 0.7901515960693359,
            "Y": 0.4029809236526489
          },
          {
            "X": 0.7444678544998169,
            "Y": 0.4029589295387268
          }
        ]
      },
      "Id": "165bbbbf-d6b3-40c8-b7d2-332ee9e29612",
      "Page": 1
    },
    {
      "BlockType": "WORD",
      "Confidence": 99.70010375976562,
      "Text": "EP",
      "TextType": "PRINTED",
      "Geometry": {
        "BoundingBox": {
          "Width": 0.02098868601024151,
          "Height": 0.022306175902485847,
          "Left": 0.23411168158054352,
          "Top": 0.43944433331489563
        },
        "Polygon": [
          {
            "X": 0.23411168158054352,
            "Y": 0.43944433331489563
          },
          {
            "X": 0.25498297810554504,
            "Y": 0.4394545555114746
          },
          {
            "X": 0.2551003694534302,
            "Y": 0.46175050735473633
          },
          {
            "X": 0.23422691226005554,
            "Y": 0.4617401957511902
          }
        ]
      },
      "Id": "32fa5b30-f840-481d-8e83-6a0937a8c0cf",
      "Page": 1
    },
    {
      "BlockType": "WORD",
      "Confidence": 99.87443542480469,
      "Text": "82.1",
      "TextType": "PRINTED",
      "Geometry": {
        "BoundingBox": {
          "Width": 0.030092619359493256,
          "Height": 0.023058658465743065,
          "Left": 0.37460678815841675,
          "Top": 0.43905824422836304
        },
        "Polygon": [
          {
            "X": 0.37460678815841675,
            "Y": 0.43905824422836304
          },
          {
            "X": 0.40456220507621765,
            "Y": 0.4390729069709778
          },
          {
            "X": 0.4046994149684906,
            "Y": 0.46211689710617065
          },
          {
            "X": 0.3747408092021942,
            "Y": 0.46210208535194397
          }
        ]
      },
      "Id": "49591cf1-6af3-41ae-a09f-d2d2c0249b6c",
      "Page": 1
    },
    {
      "BlockType": "WORD",
      "Confidence": 99.95536041259766,
      "Text": "17.9",
      "TextType": "PRINTED",
      "Geometry": {
        "BoundingBox": {
          "Width": 0.03082859516143799,
          "Height": 0.024087756872177124,
          "Left": 0.5068702101707458,
          "Top": 0.4389059245586395
        },
        "Polygon": [
          {
            "X": 0.5068702101707458,
            "Y": 0.4389059245586395
          },
          {
            "X": 0.5375407338142395,
            "Y": 0.4389209449291229
          },
          {
            "X": 0.5376988053321838,
            "Y": 0.46299368143081665
          },
          {
            "X": 0.5070249438285828,
            "Y": 0.4629785120487213
          }
        ]
      },
      "Id": "30b3c321-666a-41a3-8d45-6e2fe7ad9338",
      "Page": 1
    },
    {
      "BlockType": "WORD",
      "Confidence": 97.88007354736328,
      "Text": "0",
      "TextType": "PRINTED",
      "Geometry": {
        "BoundingBox": {
          "Width": 0.008329365402460098,
          "Height": 0.023130763322114944,
          "Left": 0.6369206309318542,
          "Top": 0.4393337666988373
        },
        "Polygon": [
          {
            "X": 0.6369206309318542,
            "Y": 0.4393337666988373
          },
          {
            "X": 0.6450866460800171,
            "Y": 0.43933776021003723
          },
          {
            "X": 0.6452499628067017,
            "Y": 0.4624645411968231
          },
          {
            "X": 0.637083113193512,
            "Y": 0.4624604880809784
          }
        ]
      },
      "Id": "a07ce47b-55b1-48de-87ab-cac4011fbadb",
      "Page": 1
    },
    {
      "BlockType": "WORD",
      "Confidence": 98.99480438232422,
      "Text": "0",
      "TextType": "PRINTED",
      "Geometry": {
        "BoundingBox": {
          "Width": 0.008229888044297695,
          "Height": 0.023117102682590485,
          "Left": 0.7630470395088196,
          "Top": 0.4392424523830414
        },
        "Polygon": [
          {
            "X": 0.7630470395088196,
            "Y": 0.4392424523830414
          },
          {
            "X": 0.7711002230644226,
            "Y": 0.43924638628959656
          },
          {
            "X": 0.7712769508361816,
            "Y": 0.46235954761505127
          },
          {
            "X": 0.763222873210907,
            "Y": 0.4623555839061737
          }
        ]
      },
      "Id": "a0ab1df8-ea86-40d0-84e6-0a099ac84082",
      "Page": 1
    },
    {
      "BlockType": "WORD",
      "Confidence": 99.4464340209961,
      "Text": "EP/DPOD4",
      "TextType": "PRINTED",
      "Geometry": {
        "BoundingBox": {
          "Width": 0.0866411104798317,
          "Height": 0.022743158042430878,
          "Left": 0.20118950307369232,
          "Top": 0.5131111145019531
        },
        "Polygon": [
          {
            "X": 0.20118950307369232,
            "Y": 0.5131111145019531
          },
          {
            "X": 0.28770771622657776,
            "Y": 0.5131548643112183
          },
          {
            "X": 0.2878306210041046,
            "Y": 0.5358542799949646
          },
          {
            "X": 0.20130333304405212,
            "Y": 0.5358100533485413
          }
        ]
      },
      "Id": "36f0044d-b9f2-486a-9088-291dab5650bb",
      "Page": 1
    },
    {
      "BlockType": "WORD",
      "Confidence": 99.97003173828125,
      "Text": "78.8",
      "TextType": "PRINTED",
      "Geometry": {
        "BoundingBox": {
          "Width": 0.03130326792597771,
          "Height": 0.0225130096077919,
          "Left": 0.37458983063697815,
          "Top": 0.5134987235069275
        },
        "Polygon": [
          {
            "X": 0.37458983063697815,
            "Y": 0.5134987235069275
          },
          {
            "X": 0.4057590365409851,
            "Y": 0.513514518737793
          },
          {
            "X": 0.40589308738708496,
            "Y": 0.5360117554664612
          },
          {
            "X": 0.37472063302993774,
            "Y": 0.5359958410263062
          }
        ]
      },
      "Id": "6f4399c4-778d-4c5a-afd5-1af1aaa3adf8",
      "Page": 1
    },
    {
      "BlockType": "WORD",
      "Confidence": 99.72357177734375,
      "Text": "17.2",
      "TextType": "PRINTED",
      "Geometry": {
        "BoundingBox": {
          "Width": 0.031648602336645126,
          "Height": 0.025619259104132652,
          "Left": 0.5063413977622986,
          "Top": 0.512067437171936
        },
        "Polygon": [
          {
            "X": 0.5063413977622986,
            "Y": 0.512067437171936
          },
          {
            "X": 0.537821888923645,
            "Y": 0.5120833516120911
          },
          {
            "X": 0.5379900336265564,
            "Y": 0.5376867055892944
          },
          {
            "X": 0.5065058469772339,
            "Y": 0.5376706123352051
          }
        ]
      },
      "Id": "2c3b3661-c8e3-4dcd-abb7-19f4f977943d",
      "Page": 1
    },
    {
      "BlockType": "WORD",
      "Confidence": 99.8669662475586,
      "Text": "4",
      "TextType": "PRINTED",
      "Geometry": {
        "BoundingBox": {
          "Width": 0.009327888488769531,
          "Height": 0.021963221952319145,
          "Left": 0.6361685991287231,
          "Top": 0.5135998725891113
        },
        "Polygon": [
          {
            "X": 0.6361685991287231,
            "Y": 0.5135998725891113
          },
          {
            "X": 0.6453413963317871,
            "Y": 0.5136045217514038
          },
          {
            "X": 0.6454964876174927,
            "Y": 0.535563051700592
          },
          {
            "X": 0.6363227367401123,
            "Y": 0.5355584025382996
          }
        ]
      },
      "Id": "06e38acc-998b-4586-aa91-bbf4f599d73e",
      "Page": 1
    },
    {
      "BlockType": "WORD",
      "Confidence": 99.94499206542969,
      "Text": "0.38",
      "TextType": "PRINTED",
      "Geometry": {
        "BoundingBox": {
          "Width": 0.03165276348590851,
          "Height": 0.022763440385460854,
          "Left": 0.7510288953781128,
          "Top": 0.5135340690612793
        },
        "Polygon": [
          {
            "X": 0.7510288953781128,
            "Y": 0.5135340690612793
          },
          {
            "X": 0.7825065851211548,
            "Y": 0.5135499835014343
          },
          {
            "X": 0.7826816439628601,
            "Y": 0.5362975001335144
          },
          {
            "X": 0.7512006163597107,
            "Y": 0.536281406879425
          }
        ]
      },
      "Id": "26a9a836-f7fb-4b73-91ae-665f81b695d4",
      "Page": 1
    },
    {
      "BlockType": "WORD",
      "Confidence": 99.29129791259766,
      "Text": "EP/DPOD6",
      "TextType": "PRINTED",
      "Geometry": {
        "BoundingBox": {
          "Width": 0.08717761188745499,
          "Height": 0.022855717688798904,
          "Left": 0.20125800371170044,
          "Top": 0.5875329971313477
        },
        "Polygon": [
          {
            "X": 0.20125800371170044,
            "Y": 0.5875329971313477
          },
          {
            "X": 0.2883121073246002,
            "Y": 0.5875784754753113
          },
          {
            "X": 0.28843560814857483,
            "Y": 0.6103886961936951
          },
          {
            "X": 0.20137235522270203,
            "Y": 0.610342800617218
          }
        ]
      },
      "Id": "3be4c463-308c-4232-a1a3-a45dd0b98fbb",
      "Page": 1
    },
    {
      "BlockType": "WORD",
      "Confidence": 97.45359802246094,
      "Text": "77.1",
      "TextType": "PRINTED",
      "Geometry": {
        "BoundingBox": {
          "Width": 0.029911691322922707,
          "Height": 0.022226925939321518,
          "Left": 0.37444204092025757,
          "Top": 0.5880331993103027
        },
        "Polygon": [
          {
            "X": 0.37444204092025757,
            "Y": 0.5880331993103027
          },
          {
            "X": 0.40422162413597107,
            "Y": 0.5880487561225891
          },
          {
            "X": 0.4043537378311157,
            "Y": 0.6102601289749146
          },
          {
            "X": 0.37457114458084106,
            "Y": 0.6102443933486938
          }
        ]
      },
      "Id": "17daf25a-3f4a-4d85-bc0a-31a406db8ab5",
      "Page": 1
    },
    {
      "BlockType": "WORD",
      "Confidence": 99.79853057861328,
      "Text": "16.9",
      "TextType": "PRINTED",
      "Geometry": {
        "BoundingBox": {
          "Width": 0.03047916479408741,
          "Height": 0.023476067930459976,
          "Left": 0.5069457292556763,
          "Top": 0.5873029828071594
        },
        "Polygon": [
          {
            "X": 0.5069457292556763,
            "Y": 0.5873029828071594
          },
          {
            "X": 0.5372709631919861,
            "Y": 0.5873188376426697
          },
          {
            "X": 0.5374249219894409,
            "Y": 0.6107790470123291
          },
          {
            "X": 0.5070964097976685,
            "Y": 0.6107630729675293
          }
        ]
      },
      "Id": "b9557f58-e954-4973-8bea-64aaa16372fb",
      "Page": 1
    },
    {
      "BlockType": "WORD",
      "Confidence": 99.98249053955078,
      "Text": "6",
      "TextType": "PRINTED",
      "Geometry": {
        "BoundingBox": {
          "Width": 0.008849641308188438,
          "Height": 0.023548906669020653,
          "Left": 0.6367349624633789,
          "Top": 0.587051272392273
        },
        "Polygon": [
          {
            "X": 0.6367349624633789,
            "Y": 0.587051272392273
          },
          {
            "X": 0.6454183459281921,
            "Y": 0.5870558023452759
          },
          {
            "X": 0.6455845832824707,
            "Y": 0.6106001734733582
          },
          {
            "X": 0.6369002461433411,
            "Y": 0.6105955839157104
          }
        ]
      },
      "Id": "8c340edb-1c6e-4b24-a673-e7b1e506ff61",
      "Page": 1
    },
    {
      "BlockType": "WORD",
      "Confidence": 95.42621612548828,
      "Text": "0.56",
      "TextType": "PRINTED",
      "Geometry": {
        "BoundingBox": {
          "Width": 0.03185681253671646,
          "Height": 0.023083960637450218,
          "Left": 0.7511590123176575,
          "Top": 0.5873625874519348
        },
        "Polygon": [
          {
            "X": 0.7511590123176575,
            "Y": 0.5873625874519348
          },
          {
            "X": 0.7828383445739746,
            "Y": 0.5873790979385376
          },
          {
            "X": 0.7830158472061157,
            "Y": 0.6104465126991272
          },
          {
            "X": 0.7513331174850464,
            "Y": 0.6104298233985901
          }
        ]
      },
      "Id": "eb679341-f8a1-4f58-a3a3-d120a994ab80",
      "Page": 1
    },
    {
      "BlockType": "WORD",
      "Confidence": 98.98906707763672,
      "Text": "EP/DPOD8",
      "TextType": "PRINTED",
      "Geometry": {
        "BoundingBox": {
          "Width": 0.08671595901250839,
          "Height": 0.02300555631518364,
          "Left": 0.20117652416229248,
          "Top": 0.6619574427604675
        },
        "Polygon": [
          {
            "X": 0.20117652416229248,
            "Y": 0.6619574427604675
          },
          {
            "X": 0.28776827454566956,
            "Y": 0.6620041131973267
          },
          {
            "X": 0.28789249062538147,
            "Y": 0.6849629878997803
          },
          {
            "X": 0.20129157602787018,
            "Y": 0.6849159002304077
          }
        ]
      },
      "Id": "faa1f53f-12b1-4afa-9239-ca9b82b13c24",
      "Page": 1
    },
    {
      "BlockType": "WORD",
      "Confidence": 92.06381225585938,
      "Text": "75.5",
      "TextType": "PRINTED",
      "Geometry": {
        "BoundingBox": {
          "Width": 0.031045909970998764,
          "Height": 0.022613979876041412,
          "Left": 0.374667227268219,
          "Top": 0.6621223092079163
        },
        "Polygon": [
          {
            "X": 0.374667227268219,
            "Y": 0.6621223092079163
          },
          {
            "X": 0.4055786430835724,
            "Y": 0.6621389985084534
          },
          {
            "X": 0.40571314096450806,
            "Y": 0.6847363114356995
          },
          {
            "X": 0.3747985363006592,
            "Y": 0.6847195029258728
          }
        ]
      },
      "Id": "d38b4617-a501-4c7d-a960-ac3103dd757e",
      "Page": 1
    },
    {
      "BlockType": "WORD",
      "Confidence": 98.5009994506836,
      "Text": "16.5",
      "TextType": "PRINTED",
      "Geometry": {
        "BoundingBox": {
          "Width": 0.029844248667359352,
          "Height": 0.023159842938184738,
          "Left": 0.5070383548736572,
          "Top": 0.6617254018783569
        },
        "Polygon": [
          {
            "X": 0.5070383548736572,
            "Y": 0.6617254018783569
          },
          {
            "X": 0.5367308259010315,
            "Y": 0.6617413759231567
          },
          {
            "X": 0.5368825793266296,
            "Y": 0.6848852038383484
          },
          {
            "X": 0.5071869492530823,
            "Y": 0.6848690509796143
          }
        ]
      },
      "Id": "5ce1313c-02b8-46b7-ad48-f10dd7833b7b",
      "Page": 1
    },
    {
      "BlockType": "WORD",
      "Confidence": 99.93475341796875,
      "Text": "8",
      "TextType": "PRINTED",
      "Geometry": {
        "BoundingBox": {
          "Width": 0.00782711897045374,
          "Height": 0.02309492602944374,
          "Left": 0.637057363986969,
          "Top": 0.661889910697937
        },
        "Polygon": [
          {
            "X": 0.637057363986969,
            "Y": 0.661889910697937
          },
          {
            "X": 0.6447216272354126,
            "Y": 0.6618940830230713
          },
          {
            "X": 0.6448845267295837,
            "Y": 0.6849848628044128
          },
          {
            "X": 0.6372194886207581,
            "Y": 0.6849806904792786
          }
        ]
      },
      "Id": "b2295a98-1cfb-4a62-a132-473eb99793b7",
      "Page": 1
    },
    {
      "BlockType": "WORD",
      "Confidence": 99.9660415649414,
      "Text": "0.75",
      "TextType": "PRINTED",
      "Geometry": {
        "BoundingBox": {
          "Width": 0.03135576844215393,
          "Height": 0.023267116397619247,
          "Left": 0.7511814832687378,
          "Top": 0.6618821024894714
        },
        "Polygon": [
          {
            "X": 0.7511814832687378,
            "Y": 0.6618821024894714
          },
          {
            "X": 0.7823584675788879,
            "Y": 0.6618989109992981
          },
          {
            "X": 0.7825372219085693,
            "Y": 0.6851492524147034
          },
          {
            "X": 0.7513568997383118,
            "Y": 0.6851322650909424
          }
        ]
      },
      "Id": "d7603a07-3229-442e-a136-5eae438e2845",
      "Page": 1
    },
    {
      "BlockType": "TABLE",
      "Confidence": 99.462890625,
      "Geometry": {
        "BoundingBox": {
          "Width": 0.663480281829834,
          "Height": 0.4268755316734314,
          "Left": 0.16954073309898376,
          "Top": 0.29055991768836975
        },
        "Polygon": [
          {
            "X": 0.16954073309898376,
            "Y": 0.29055991768836975
          },
          {
            "X": 0.8296422958374023,
            "Y": 0.290861040353775
          },
          {
            "X": 0.8330209851264954,
            "Y": 0.7174354195594788
          },
          {
            "X": 0.1716194599866867,
            "Y": 0.7170708775520325
          }
        ]
      },
      "Id": "3ae0fd8a-7336-4e32-8c91-8163ab3da95c",
      "Relationships": [
        {
          "Type": "CHILD",
          "Ids": [
            "1463a49b-54c5-444c-889e-17a4bbcd059b",
            "66935836-f61c-498b-a434-a30e1ca76065",
            "f1d78a39-7183-420f-aa22-f293e993c90f",
            "9936b271-d665-45e4-9ef9-503c2235bda0",
            "dd48e9f2-05ed-471e-bb45-0ea52dab777d",
            "dbb08137-9602-4033-9cd0-d88c65cb2738",
            "e01cc807-522a-49d6-943a-93fe286c2405",
            "a8890e65-4f2b-46e8-986e-e5f94267b105",
            "d22214be-75fa-4a4f-9fd6-fb880b24149f",
            "1813dd4c-9a8e-4563-97a3-ce3dfac6226e",
            "8ba7cbe2-6605-4274-b360-67ca96e79bfb",
            "75cc1930-15c8-48f7-91f5-28d5ef008f06",
            "d64a0975-9de9-4474-a697-9afd2a13a704",
            "f1f2664f-9c36-4393-b4e9-5a19f8cd3580",
            "79bbe57f-48a7-4db9-9dd1-7e8df2917339",
            "fa5f5cc8-4858-4f38-ad47-820b1d438e63",
            "efa142b9-dd59-40f9-8550-74e77a18d940",
            "0445614a-9dfd-40c5-9705-0182c547df2a",
            "3804d151-dc02-4c52-b378-f9fcbb95a5e1",
            "2b85a6de-075d-412b-b1f1-2f7589379095",
            "7cd73f6c-678b-437e-8bbd-fe46d8f223d3",
            "32b5fd87-4c84-4bf8-abcb-2ad5fdea2043",
            "c32c2736-a7ff-46ca-affd-cfec44aef641",
            "b5b54263-197e-4400-959d-bc21b8eccb48",
            "b58090a8-073f-4b53-913f-1e910dd94a5b",
            "29cd9acb-70ce-4bf0-810b-daa4a40cd508",
            "7c91fc23-d51e-4114-8a12-5d59d04e1e94",
            "5aaa269a-a53e-462a-a459-b6be47d6b608",
            "498f2f19-b0ba-4f37-a88a-3173da09e032",
            "d4986cee-f7f2-4361-8640-9c2c9959d605"
          ]
        },
        {
          "Type": "MERGED_CELL",
          "Ids": [
            "05722a06-827b-4cca-a8a9-7af5bf152603"
          ]
        }
      ],
      "EntityTypes": [
        "STRUCTURED_TABLE"
      ],
      "Page": 1
    },
    {
      "BlockType": "CELL",
      "Confidence": 56.201171875,
      "RowIndex": 1,
      "ColumnIndex": 1,
      "RowSpan": 1,
      "ColumnSpan": 1,
      "Geometry": {
        "BoundingBox": {
          "Width": 0.15490275621414185,
          "Height": 0.020758891478180885,
          "Left": 0.16951008141040802,
          "Top": 0.29057225584983826
        },
        "Polygon": [
          {
            "X": 0.16951008141040802,
            "Y": 0.29057225584983826
          },
          {
            "X": 0.3242972195148468,
            "Y": 0.2906428575515747
          },
          {
            "X": 0.32441285252571106,
            "Y": 0.3113311231136322
          },
          {
            "X": 0.1696109026670456,
            "Y": 0.31125980615615845
          }
        ]
      },
      "Id": "1463a49b-54c5-444c-889e-17a4bbcd059b",
      "Page": 1
    },
    {
      "BlockType": "CELL",
      "Confidence": 56.201171875,
      "RowIndex": 1,
      "ColumnIndex": 2,
      "RowSpan": 1,
      "ColumnSpan": 1,
      "Geometry": {
        "BoundingBox": {
          "Width": 0.13417373597621918,
          "Height": 0.020750053226947784,
          "Left": 0.3242972195148468,
          "Top": 0.2906428575515747
        },
        "Polygon": [
          {
            "X": 0.3242972195148468,
            "Y": 0.2906428575515747
          },
          {
            "X": 0.4583425521850586,
            "Y": 0.29070401191711426
          },
          {
            "X": 0.4584709703922272,
            "Y": 0.3113929033279419
          },
          {
            "X": 0.32441285252571106,
            "Y": 0.3113311231136322
          }
        ]
      },
      "Id": "66935836-f61c-498b-a434-a30e1ca76065",
      "Page": 1
    },
    {
      "BlockType": "CELL",
      "Confidence": 56.201171875,
      "RowIndex": 1,
      "ColumnIndex": 3,
      "RowSpan": 1,
      "ColumnSpan": 1,
      "Geometry": {
        "BoundingBox": {
          "Width": 0.1257801204919815,
          "Height": 0.020746802911162376,
          "Left": 0.4583425521850586,
          "Top": 0.29070401191711426
        },
        "Polygon": [
          {
            "X": 0.4583425521850586,
            "Y": 0.29070401191711426
          },
          {
            "X": 0.5839822888374329,
            "Y": 0.2907613217830658
          },
          {
            "X": 0.5841226577758789,
            "Y": 0.3114508092403412
          },
          {
            "X": 0.4584709703922272,
            "Y": 0.3113929033279419
          }
        ]
      },
      "Id": "f1d78a39-7183-420f-aa22-f293e993c90f",
      "Page": 1
    },
    {
      "BlockType": "CELL",
      "Confidence": 56.201171875,
      "RowIndex": 1,
      "ColumnIndex": 4,
      "RowSpan": 1,
      "ColumnSpan": 1,
      "Geometry": {
        "BoundingBox": {
          "Width": 0.11850626766681671,
          "Height": 0.02074402943253517,
          "Left": 0.5839822888374329,
          "Top": 0.2907613217830658
        },
        "Polygon": [
          {
            "X": 0.5839822888374329,
            "Y": 0.2907613217830658
          },
          {
            "X": 0.7023367881774902,
            "Y": 0.2908153235912323
          },
          {
            "X": 0.7024885416030884,
            "Y": 0.31150534749031067
          },
          {
            "X": 0.5841226577758789,
            "Y": 0.3114508092403412
          }
        ]
      },
      "Id": "9936b271-d665-45e4-9ef9-503c2235bda0",
      "Page": 1
    },
    {
      "BlockType": "CELL",
      "Confidence": 56.201171875,
      "RowIndex": 1,
      "ColumnIndex": 5,
      "RowSpan": 1,
      "ColumnSpan": 1,
      "Geometry": {
        "BoundingBox": {
          "Width": 0.12750016152858734,
          "Height": 0.020748719573020935,
          "Left": 0.7023367881774902,
          "Top": 0.2908153235912323
        },
        "Polygon": [
          {
            "X": 0.7023367881774902,
            "Y": 0.2908153235912323
          },
          {
            "X": 0.8296731114387512,
            "Y": 0.2908734083175659
          },
          {
            "X": 0.8298369646072388,
            "Y": 0.31156405806541443
          },
          {
            "X": 0.7024885416030884,
            "Y": 0.31150534749031067
          }
        ]
      },
      "Id": "dd48e9f2-05ed-471e-bb45-0ea52dab777d",
      "Page": 1
    },
    {
      "BlockType": "CELL",
      "Confidence": 55.810546875,
      "RowIndex": 2,
      "ColumnIndex": 1,
      "RowSpan": 1,
      "ColumnSpan": 1,
      "Geometry": {
        "BoundingBox": {
          "Width": 0.15539167821407318,
          "Height": 0.11110316962003708,
          "Left": 0.1696416139602661,
          "Top": 0.31125980615615845
        },
        "Polygon": [
          {
            "X": 0.1696416139602661,
            "Y": 0.31125980615615845
          },
          {
            "X": 0.32441285252571106,
            "Y": 0.3113311231136322
          },
          {
            "X": 0.3250333070755005,
            "Y": 0.4223629832267761
          },
          {
            "X": 0.1701827496290207,
            "Y": 0.42228779196739197
          }
        ]
      },
      "Id": "dbb08137-9602-4033-9cd0-d88c65cb2738",
      "Relationships": [
        {
          "Type": "CHILD",
          "Ids": [
            "b016c05a-18b8-4a79-a883-0335e5ea85b2"
          ]
        }
      ],
      "EntityTypes": [
        "COLUMN_HEADER"
      ],
      "Page": 1
    },
    {
      "BlockType": "CELL",
      "Confidence": 54.4921875,
      "RowIndex": 2,
      "ColumnIndex": 2,
      "RowSpan": 1,
      "ColumnSpan": 1,
      "Geometry": {
        "BoundingBox": {
          "Width": 0.13474729657173157,
          "Height": 0.11109697818756104,
          "Left": 0.32441285252571106,
          "Top": 0.3113311231136322
        },
        "Polygon": [
          {
            "X": 0.32441285252571106,
            "Y": 0.3113311231136322
          },
          {
            "X": 0.4584709703922272,
            "Y": 0.3113929033279419
          },
          {
            "X": 0.4591601490974426,
            "Y": 0.42242810130119324
          },
          {
            "X": 0.3250333070755005,
            "Y": 0.4223629832267761
          }
        ]
      },
      "Id": "e01cc807-522a-49d6-943a-93fe286c2405",
      "Relationships": [
        {
          "Type": "CHILD",
          "Ids": [
            "c576349a-5071-4d95-957a-9c0fdd724653",
            "cef5e232-c354-4b0e-bdc2-8e469a959e5f",
            "960bda19-fe1c-4633-9f47-8382e368d3e2"
          ]
        }
      ],
      "EntityTypes": [
        "COLUMN_HEADER"
      ],
      "Page": 1
    },
    {
      "BlockType": "CELL",
      "Confidence": 56.25,
      "RowIndex": 2,
      "ColumnIndex": 3,
      "RowSpan": 1,
      "ColumnSpan": 1,
      "Geometry": {
        "BoundingBox": {
          "Width": 0.1264052838087082,
          "Height": 0.11109624058008194,
          "Left": 0.4584709703922272,
          "Top": 0.3113929033279419
        },
        "Polygon": [
          {
            "X": 0.4584709703922272,
            "Y": 0.3113929033279419
          },
          {
            "X": 0.5841226577758789,
            "Y": 0.3114508092403412
          },
          {
            "X": 0.5848762392997742,
            "Y": 0.4224891662597656
          },
          {
            "X": 0.4591601490974426,
            "Y": 0.42242810130119324
          }
        ]
      },
      "Id": "a8890e65-4f2b-46e8-986e-e5f94267b105",
      "Relationships": [
        {
          "Type": "CHILD",
          "Ids": [
            "5f742171-6787-405e-97b2-8f8f0e7f8d68",
            "900546e3-6f2b-4407-a3c7-738ad23534d5",
            "8fc73de6-712a-4737-9008-754283075e35"
          ]
        }
      ],
      "EntityTypes": [
        "COLUMN_HEADER"
      ],
      "Page": 1
    },
    {
      "BlockType": "CELL",
      "Confidence": 56.201171875,
      "RowIndex": 2,
      "ColumnIndex": 4,
      "RowSpan": 1,
      "ColumnSpan": 1,
      "Geometry": {
        "BoundingBox": {
          "Width": 0.1191801130771637,
          "Height": 0.1110958382487297,
          "Left": 0.5841226577758789,
          "Top": 0.3114508092403412
        },
        "Polygon": [
          {
            "X": 0.5841226577758789,
            "Y": 0.3114508092403412
          },
          {
            "X": 0.7024885416030884,
            "Y": 0.31150534749031067
          },
          {
            "X": 0.703302800655365,
            "Y": 0.4225466549396515
          },
          {
            "X": 0.5848762392997742,
            "Y": 0.4224891662597656
          }
        ]
      },
      "Id": "d22214be-75fa-4a4f-9fd6-fb880b24149f",
      "Relationships": [
        {
          "Type": "CHILD",
          "Ids": [
            "d11ac860-aa16-433b-8caf-44fd0b94511f",
            "4093a0fb-21e7-4401-ad0d-5ff2731eb67b"
          ]
        }
      ],
      "EntityTypes": [
        "COLUMN_HEADER"
      ],
      "Page": 1
    },
    {
      "BlockType": "CELL",
      "Confidence": 56.640625,
      "RowIndex": 2,
      "ColumnIndex": 5,
      "RowSpan": 1,
      "ColumnSpan": 1,
      "Geometry": {
        "BoundingBox": {
          "Width": 0.12819728255271912,
          "Height": 0.11110314726829529,
          "Left": 0.7024885416030884,
          "Top": 0.31150534749031067
        },
        "Polygon": [
          {
            "X": 0.7024885416030884,
            "Y": 0.31150534749031067
          },
          {
            "X": 0.8298062682151794,
            "Y": 0.31156402826309204
          },
          {
            "X": 0.8306857943534851,
            "Y": 0.42260849475860596
          },
          {
            "X": 0.703302800655365,
            "Y": 0.4225466549396515
          }
        ]
      },
      "Id": "1813dd4c-9a8e-4563-97a3-ce3dfac6226e",
      "Relationships": [
        {
          "Type": "CHILD",
          "Ids": [
            "07f7136e-2d09-4a75-a8a4-4613b2a33447",
            "2acfa660-6365-4d31-a60b-104684427b4e",
            "165bbbbf-d6b3-40c8-b7d2-332ee9e29612"
          ]
        }
      ],
      "EntityTypes": [
        "COLUMN_HEADER"
      ],
      "Page": 1
    },
    {
      "BlockType": "CELL",
      "Confidence": 90.087890625,
      "RowIndex": 3,
      "ColumnIndex": 1,
      "RowSpan": 1,
      "ColumnSpan": 1,
      "Geometry": {
        "BoundingBox": {
          "Width": 0.15521365404129028,
          "Height": 0.06505332887172699,
          "Left": 0.1701827496290207,
          "Top": 0.42228779196739197
        },
        "Polygon": [
          {
            "X": 0.1701827496290207,
            "Y": 0.42228779196739197
          },
          {
            "X": 0.3250333070755005,
            "Y": 0.4223629832267761
          },
          {
            "X": 0.3253963887691498,
            "Y": 0.48734113574028015
          },
          {
            "X": 0.17049942910671234,
            "Y": 0.48726367950439453
          }
        ]
      },
      "Id": "8ba7cbe2-6605-4274-b360-67ca96e79bfb",
      "Relationships": [
        {
          "Type": "CHILD",
          "Ids": [
            "32fa5b30-f840-481d-8e83-6a0937a8c0cf"
          ]
        }
      ],
      "Page": 1
    },
    {
      "BlockType": "CELL",
      "Confidence": 87.98828125,
      "RowIndex": 3,
      "ColumnIndex": 2,
      "RowSpan": 1,
      "ColumnSpan": 1,
      "Geometry": {
        "BoundingBox": {
          "Width": 0.13453015685081482,
          "Height": 0.06504523009061813,
          "Left": 0.3250333070755005,
          "Top": 0.4223629832267761
        },
        "Polygon": [
          {
            "X": 0.3250333070755005,
            "Y": 0.4223629832267761
          },
          {
            "X": 0.4591601490974426,
            "Y": 0.42242810130119324
          },
          {
            "X": 0.4595634639263153,
            "Y": 0.48740822076797485
          },
          {
            "X": 0.3253963887691498,
            "Y": 0.48734113574028015
          }
        ]
      },
      "Id": "75cc1930-15c8-48f7-91f5-28d5ef008f06",
      "Relationships": [
        {
          "Type": "CHILD",
          "Ids": [
            "49591cf1-6af3-41ae-a09f-d2d2c0249b6c"
          ]
        }
      ],
      "Page": 1
    },
    {
      "BlockType": "CELL",
      "Confidence": 90.771484375,
      "RowIndex": 3,
      "ColumnIndex": 3,
      "RowSpan": 1,
      "ColumnSpan": 1,
      "Geometry": {
        "BoundingBox": {
          "Width": 0.12615713477134705,
          "Height": 0.06504298746585846,
          "Left": 0.4591601490974426,
          "Top": 0.42242810130119324
        },
        "Polygon": [
          {
            "X": 0.4591601490974426,
            "Y": 0.42242810130119324
          },
          {
            "X": 0.5848762392997742,
            "Y": 0.4224891662597656
          },
          {
            "X": 0.5853172540664673,
            "Y": 0.4874711036682129
          },
          {
            "X": 0.4595634639263153,
            "Y": 0.48740822076797485
          }
        ]
      },
      "Id": "d64a0975-9de9-4474-a697-9afd2a13a704",
      "Relationships": [
        {
          "Type": "CHILD",
          "Ids": [
            "30b3c321-666a-41a3-8d45-6e2fe7ad9338"
          ]
        }
      ],
      "Page": 1
    },
    {
      "BlockType": "CELL",
      "Confidence": 90.72265625,
      "RowIndex": 3,
      "ColumnIndex": 4,
      "RowSpan": 1,
      "ColumnSpan": 1,
      "Geometry": {
        "BoundingBox": {
          "Width": 0.11890305578708649,
          "Height": 0.06504117697477341,
          "Left": 0.5848762392997742,
          "Top": 0.4224891662597656
        },
        "Polygon": [
          {
            "X": 0.5848762392997742,
            "Y": 0.4224891662597656
          },
          {
            "X": 0.703302800655365,
            "Y": 0.4225466549396515
          },
          {
            "X": 0.7037793397903442,
            "Y": 0.48753032088279724
          },
          {
            "X": 0.5853172540664673,
            "Y": 0.4874711036682129
          }
        ]
      },
      "Id": "f1f2664f-9c36-4393-b4e9-5a19f8cd3580",
      "Relationships": [
        {
          "Type": "CHILD",
          "Ids": [
            "a07ce47b-55b1-48de-87ab-cac4011fbadb"
          ]
        }
      ],
      "Page": 1
    },
    {
      "BlockType": "CELL",
      "Confidence": 91.455078125,
      "RowIndex": 3,
      "ColumnIndex": 5,
      "RowSpan": 1,
      "ColumnSpan": 1,
      "Geometry": {
        "BoundingBox": {
          "Width": 0.1278977394104004,
          "Height": 0.06504739075899124,
          "Left": 0.703302800655365,
          "Top": 0.4225466549396515
        },
        "Polygon": [
          {
            "X": 0.703302800655365,
            "Y": 0.4225466549396515
          },
          {
            "X": 0.8306857943534851,
            "Y": 0.42260849475860596
          },
          {
            "X": 0.8312005400657654,
            "Y": 0.48759403824806213
          },
          {
            "X": 0.7037793397903442,
            "Y": 0.48753032088279724
          }
        ]
      },
      "Id": "79bbe57f-48a7-4db9-9dd1-7e8df2917339",
      "Relationships": [
        {
          "Type": "CHILD",
          "Ids": [
            "a0ab1df8-ea86-40d0-84e6-0a099ac84082"
          ]
        }
      ],
      "Page": 1
    },
    {
      "BlockType": "CELL",
      "Confidence": 90.234375,
      "RowIndex": 4,
      "ColumnIndex": 1,
      "RowSpan": 1,
      "ColumnSpan": 1,
      "Geometry": {
        "BoundingBox": {
          "Width": 0.15532876551151276,
          "Height": 0.07734852284193039,
          "Left": 0.17049942910671234,
          "Top": 0.48726367950439453
        },
        "Polygon": [
          {
            "X": 0.17049942910671234,
            "Y": 0.48726367950439453
          },
          {
            "X": 0.3253963887691498,
            "Y": 0.48734113574028015
          },
          {
            "X": 0.3258281946182251,
            "Y": 0.5646122097969055
          },
          {
            "X": 0.17087601125240326,
            "Y": 0.5645320415496826
          }
        ]
      },
      "Id": "fa5f5cc8-4858-4f38-ad47-820b1d438e63",
      "Relationships": [
        {
          "Type": "CHILD",
          "Ids": [
            "36f0044d-b9f2-486a-9088-291dab5650bb"
          ]
        }
      ],
      "Page": 1
    },
    {
      "BlockType": "CELL",
      "Confidence": 88.134765625,
      "RowIndex": 4,
      "ColumnIndex": 2,
      "RowSpan": 1,
      "ColumnSpan": 1,
      "Geometry": {
        "BoundingBox": {
          "Width": 0.1346466839313507,
          "Height": 0.0773404911160469,
          "Left": 0.3253963887691498,
          "Top": 0.48734113574028015
        },
        "Polygon": [
          {
            "X": 0.3253963887691498,
            "Y": 0.48734113574028015
          },
          {
            "X": 0.4595634639263153,
            "Y": 0.48740822076797485
          },
          {
            "X": 0.4600430727005005,
            "Y": 0.5646815896034241
          },
          {
            "X": 0.3258281946182251,
            "Y": 0.5646122097969055
          }
        ]
      },
      "Id": "efa142b9-dd59-40f9-8550-74e77a18d940",
      "Relationships": [
        {
          "Type": "CHILD",
          "Ids": [
            "6f4399c4-778d-4c5a-afd5-1af1aaa3adf8"
          ]
        }
      ],
      "Page": 1
    },
    {
      "BlockType": "CELL",
      "Confidence": 90.91796875,
      "RowIndex": 4,
      "ColumnIndex": 3,
      "RowSpan": 1,
      "ColumnSpan": 1,
      "Geometry": {
        "BoundingBox": {
          "Width": 0.12627825140953064,
          "Height": 0.07733847200870514,
          "Left": 0.4595634639263153,
          "Top": 0.48740822076797485
        },
        "Polygon": [
          {
            "X": 0.4595634639263153,
            "Y": 0.48740822076797485
          },
          {
            "X": 0.5853172540664673,
            "Y": 0.4874711036682129
          },
          {
            "X": 0.585841715335846,
            "Y": 0.5647466778755188
          },
          {
            "X": 0.4600430727005005,
            "Y": 0.5646815896034241
          }
        ]
      },
      "Id": "0445614a-9dfd-40c5-9705-0182c547df2a",
      "Relationships": [
        {
          "Type": "CHILD",
          "Ids": [
            "2c3b3661-c8e3-4dcd-abb7-19f4f977943d"
          ]
        }
      ],
      "Page": 1
    },
    {
      "BlockType": "CELL",
      "Confidence": 90.8203125,
      "RowIndex": 4,
      "ColumnIndex": 4,
      "RowSpan": 1,
      "ColumnSpan": 1,
      "Geometry": {
        "BoundingBox": {
          "Width": 0.1190287172794342,
          "Height": 0.077336885035038,
          "Left": 0.5853172540664673,
          "Top": 0.4874711036682129
        },
        "Polygon": [
          {
            "X": 0.5853172540664673,
            "Y": 0.4874711036682129
          },
          {
            "X": 0.7037793397903442,
            "Y": 0.48753032088279724
          },
          {
            "X": 0.7043460011482239,
            "Y": 0.5648080110549927
          },
          {
            "X": 0.585841715335846,
            "Y": 0.5647466778755188
          }
        ]
      },
      "Id": "3804d151-dc02-4c52-b378-f9fcbb95a5e1",
      "Relationships": [
        {
          "Type": "CHILD",
          "Ids": [
            "06e38acc-998b-4586-aa91-bbf4f599d73e"
          ]
        }
      ],
      "Page": 1
    },
    {
      "BlockType": "CELL",
      "Confidence": 91.6015625,
      "RowIndex": 4,
      "ColumnIndex": 5,
      "RowSpan": 1,
      "ColumnSpan": 1,
      "Geometry": {
        "BoundingBox": {
          "Width": 0.1280333250761032,
          "Height": 0.07734358310699463,
          "Left": 0.7037793397903442,
          "Top": 0.48753032088279724
        },
        "Polygon": [
          {
            "X": 0.7037793397903442,
            "Y": 0.48753032088279724
          },
          {
            "X": 0.8312005400657654,
            "Y": 0.48759403824806213
          },
          {
            "X": 0.8318126201629639,
            "Y": 0.5648739337921143
          },
          {
            "X": 0.7043460011482239,
            "Y": 0.5648080110549927
          }
        ]
      },
      "Id": "2b85a6de-075d-412b-b1f1-2f7589379095",
      "Relationships": [
        {
          "Type": "CHILD",
          "Ids": [
            "26a9a836-f7fb-4b73-91ae-665f81b695d4"
          ]
        }
      ],
      "Page": 1
    },
    {
      "BlockType": "CELL",
      "Confidence": 88.134765625,
      "RowIndex": 5,
      "ColumnIndex": 1,
      "RowSpan": 1,
      "ColumnSpan": 1,
      "Geometry": {
        "BoundingBox": {
          "Width": 0.1553526520729065,
          "Height": 0.07174642384052277,
          "Left": 0.17087601125240326,
          "Top": 0.5645320415496826
        },
        "Polygon": [
          {
            "X": 0.17087601125240326,
            "Y": 0.5645320415496826
          },
          {
            "X": 0.3258281946182251,
            "Y": 0.5646122097969055
          },
          {
            "X": 0.32622867822647095,
            "Y": 0.6362784504890442
          },
          {
            "X": 0.17122529447078705,
            "Y": 0.6361958384513855
          }
        ]
      },
      "Id": "7cd73f6c-678b-437e-8bbd-fe46d8f223d3",
      "Relationships": [
        {
          "Type": "CHILD",
          "Ids": [
            "3be4c463-308c-4232-a1a3-a45dd0b98fbb"
          ]
        }
      ],
      "Page": 1
    },
    {
      "BlockType": "CELL",
      "Confidence": 86.083984375,
      "RowIndex": 5,
      "ColumnIndex": 2,
      "RowSpan": 1,
      "ColumnSpan": 1,
      "Geometry": {
        "BoundingBox": {
          "Width": 0.13465970754623413,
          "Height": 0.0717378631234169,
          "Left": 0.3258281946182251,
          "Top": 0.5646122097969055
        },
        "Polygon": [
          {
            "X": 0.3258281946182251,
            "Y": 0.5646122097969055
          },
          {
            "X": 0.4600430727005005,
            "Y": 0.5646815896034241
          },
          {
            "X": 0.46048790216445923,
            "Y": 0.6363500356674194
          },
          {
            "X": 0.32622867822647095,
            "Y": 0.6362784504890442
          }
        ]
      },
      "Id": "32b5fd87-4c84-4bf8-abcb-2ad5fdea2043",
      "Relationships": [
        {
          "Type": "CHILD",
          "Ids": [
            "17daf25a-3f4a-4d85-bc0a-31a406db8ab5"
          ]
        }
      ],
      "Page": 1
    },
    {
      "BlockType": "CELL",
      "Confidence": 88.818359375,
      "RowIndex": 5,
      "ColumnIndex": 3,
      "RowSpan": 1,
      "ColumnSpan": 1,
      "Geometry": {
        "BoundingBox": {
          "Width": 0.12628504633903503,
          "Height": 0.07173554599285126,
          "Left": 0.4600430727005005,
          "Top": 0.5646815896034241
        },
        "Polygon": [
          {
            "X": 0.4600430727005005,
            "Y": 0.5646815896034241
          },
          {
            "X": 0.585841715335846,
            "Y": 0.5647466778755188
          },
          {
            "X": 0.5863280892372131,
            "Y": 0.6364171504974365
          },
          {
            "X": 0.46048790216445923,
            "Y": 0.6363500356674194
          }
        ]
      },
      "Id": "c32c2736-a7ff-46ca-affd-cfec44aef641",
      "Relationships": [
        {
          "Type": "CHILD",
          "Ids": [
            "b9557f58-e954-4973-8bea-64aaa16372fb"
          ]
        }
      ],
      "Page": 1
    },
    {
      "BlockType": "CELL",
      "Confidence": 88.720703125,
      "RowIndex": 5,
      "ColumnIndex": 4,
      "RowSpan": 1,
      "ColumnSpan": 1,
      "Geometry": {
        "BoundingBox": {
          "Width": 0.11902984231710434,
          "Height": 0.07173368334770203,
          "Left": 0.585841715335846,
          "Top": 0.5647466778755188
        },
        "Polygon": [
          {
            "X": 0.585841715335846,
            "Y": 0.5647466778755188
          },
          {
            "X": 0.7043460011482239,
            "Y": 0.5648080110549927
          },
          {
            "X": 0.7048715353012085,
            "Y": 0.6364803910255432
          },
          {
            "X": 0.5863280892372131,
            "Y": 0.6364171504974365
          }
        ]
      },
      "Id": "b5b54263-197e-4400-959d-bc21b8eccb48",
      "Relationships": [
        {
          "Type": "CHILD",
          "Ids": [
            "8c340edb-1c6e-4b24-a673-e7b1e506ff61"
          ]
        }
      ],
      "Page": 1
    },
    {
      "BlockType": "CELL",
      "Confidence": 89.453125,
      "RowIndex": 5,
      "ColumnIndex": 5,
      "RowSpan": 1,
      "ColumnSpan": 1,
      "Geometry": {
        "BoundingBox": {
          "Width": 0.12803435325622559,
          "Height": 0.07174037396907806,
          "Left": 0.7043460011482239,
          "Top": 0.5648080110549927
        },
        "Polygon": [
          {
            "X": 0.7043460011482239,
            "Y": 0.5648080110549927
          },
          {
            "X": 0.8318126201629639,
            "Y": 0.5648739337921143
          },
          {
            "X": 0.8323803544044495,
            "Y": 0.6365483403205872
          },
          {
            "X": 0.7048715353012085,
            "Y": 0.6364803910255432
          }
        ]
      },
      "Id": "b58090a8-073f-4b53-913f-1e910dd94a5b",
      "Relationships": [
        {
          "Type": "CHILD",
          "Ids": [
            "eb679341-f8a1-4f58-a3a3-d120a994ab80"
          ]
        }
      ],
      "Page": 1
    },
    {
      "BlockType": "CELL",
      "Confidence": 90.478515625,
      "RowIndex": 6,
      "ColumnIndex": 1,
      "RowSpan": 1,
      "ColumnSpan": 1,
      "Geometry": {
        "BoundingBox": {
          "Width": 0.1554553359746933,
          "Height": 0.08096050471067429,
          "Left": 0.17122529447078705,
          "Top": 0.6361958384513855
        },
        "Polygon": [
          {
            "X": 0.17122529447078705,
            "Y": 0.6361958384513855
          },
          {
            "X": 0.32622867822647095,
            "Y": 0.6362784504890442
          },
          {
            "X": 0.32668063044548035,
            "Y": 0.7171563506126404
          },
          {
            "X": 0.1716194599866867,
            "Y": 0.7170708775520325
          }
        ]
      },
      "Id": "29cd9acb-70ce-4bf0-810b-daa4a40cd508",
      "Relationships": [
        {
          "Type": "CHILD",
          "Ids": [
            "faa1f53f-12b1-4afa-9239-ca9b82b13c24"
          ]
        }
      ],
      "Page": 1
    },
    {
      "BlockType": "CELL",
      "Confidence": 88.330078125,
      "RowIndex": 6,
      "ColumnIndex": 2,
      "RowSpan": 1,
      "ColumnSpan": 1,
      "Geometry": {
        "BoundingBox": {
          "Width": 0.134761244058609,
          "Height": 0.08095189183950424,
          "Left": 0.32622867822647095,
          "Top": 0.6362784504890442
        },
        "Polygon": [
          {
            "X": 0.32622867822647095,
            "Y": 0.6362784504890442
          },
          {
            "X": 0.46048790216445923,
            "Y": 0.6363500356674194
          },
          {
            "X": 0.46098992228507996,
            "Y": 0.7172303795814514
          },
          {
            "X": 0.32668063044548035,
            "Y": 0.7171563506126404
          }
        ]
      },
      "Id": "7c91fc23-d51e-4114-8a12-5d59d04e1e94",
      "Relationships": [
        {
          "Type": "CHILD",
          "Ids": [
            "d38b4617-a501-4c7d-a960-ac3103dd757e"
          ]
        }
      ],
      "Page": 1
    },
    {
      "BlockType": "CELL",
      "Confidence": 91.162109375,
      "RowIndex": 6,
      "ColumnIndex": 3,
      "RowSpan": 1,
      "ColumnSpan": 1,
      "Geometry": {
        "BoundingBox": {
          "Width": 0.12638913094997406,
          "Height": 0.08094969391822815,
          "Left": 0.46048790216445923,
          "Top": 0.6363500356674194
        },
        "Polygon": [
          {
            "X": 0.46048790216445923,
            "Y": 0.6363500356674194
          },
          {
            "X": 0.5863280892372131,
            "Y": 0.6364171504974365
          },
          {
            "X": 0.5868770480155945,
            "Y": 0.71729975938797
          },
          {
            "X": 0.46098992228507996,
            "Y": 0.7172303795814514
          }
        ]
      },
      "Id": "5aaa269a-a53e-462a-a459-b6be47d6b608",
      "Relationships": [
        {
          "Type": "CHILD",
          "Ids": [
            "5ce1313c-02b8-46b7-ad48-f10dd7833b7b"
          ]
        }
      ],
      "Page": 1
    },
    {
      "BlockType": "CELL",
      "Confidence": 91.064453125,
      "RowIndex": 6,
      "ColumnIndex": 4,
      "RowSpan": 1,
      "ColumnSpan": 1,
      "Geometry": {
        "BoundingBox": {
          "Width": 0.11913656443357468,
          "Height": 0.08094796538352966,
          "Left": 0.5863280892372131,
          "Top": 0.6364171504974365
        },
        "Polygon": [
          {
            "X": 0.5863280892372131,
            "Y": 0.6364171504974365
          },
          {
            "X": 0.7048715353012085,
            "Y": 0.6364803910255432
          },
          {
            "X": 0.7054646611213684,
            "Y": 0.7173651456832886
          },
          {
            "X": 0.5868770480155945,
            "Y": 0.71729975938797
          }
        ]
      },
      "Id": "498f2f19-b0ba-4f37-a88a-3173da09e032",
      "Relationships": [
        {
          "Type": "CHILD",
          "Ids": [
            "b2295a98-1cfb-4a62-a132-473eb99793b7"
          ]
        }
      ],
      "Page": 1
    },
    {
      "BlockType": "CELL",
      "Confidence": 91.796875,
      "RowIndex": 6,
      "ColumnIndex": 5,
      "RowSpan": 1,
      "ColumnSpan": 1,
      "Geometry": {
        "BoundingBox": {
          "Width": 0.12814944982528687,
          "Height": 0.08095506578683853,
          "Left": 0.7048715353012085,
          "Top": 0.6364803910255432
        },
        "Polygon": [
          {
            "X": 0.7048715353012085,
            "Y": 0.6364803910255432
          },
          {
            "X": 0.8323803544044495,
            "Y": 0.6365483403205872
          },
          {
            "X": 0.8330209851264954,
            "Y": 0.7174354195594788
          },
          {
            "X": 0.7054646611213684,
            "Y": 0.7173651456832886
          }
        ]
      },
      "Id": "d4986cee-f7f2-4361-8640-9c2c9959d605",
      "Relationships": [
        {
          "Type": "CHILD",
          "Ids": [
            "d7603a07-3229-442e-a136-5eae438e2845"
          ]
        }
      ],
      "Page": 1
    },
    {
      "BlockType": "MERGED_CELL",
      "Confidence": 56.201171875,
      "RowIndex": 1,
      "ColumnIndex": 1,
      "RowSpan": 1,
      "ColumnSpan": 5,
      "Geometry": {
        "BoundingBox": {
          "Width": 0.6602655649185181,
          "Height": 0.021004123613238335,
          "Left": 0.16954073309898376,
          "Top": 0.29055991768836975
        },
        "Polygon": [
          {
            "X": 0.16954073309898376,
            "Y": 0.29055991768836975
          },
          {
            "X": 0.8296422958374023,
            "Y": 0.290861040353775
          },
          {
            "X": 0.8298062682151794,
            "Y": 0.31156402826309204
          },
          {
            "X": 0.1696416139602661,
            "Y": 0.31125980615615845
          }
        ]
      },
      "Id": "05722a06-827b-4cca-a8a9-7af5bf152603",
      "Relationships": [
        {
          "Type": "CHILD",
          "Ids": [
            "1463a49b-54c5-444c-889e-17a4bbcd059b",
            "66935836-f61c-498b-a434-a30e1ca76065",
            "f1d78a39-7183-420f-aa22-f293e993c90f",
            "9936b271-d665-45e4-9ef9-503c2235bda0",
            "dd48e9f2-05ed-471e-bb45-0ea52dab777d"
          ]
        }
      ],
      "Page": 1
    }
  ],
  "AnalyzeDocumentModelVersion": "1.0"
}