{
  "DocumentMetadata": {
    "Pages": 1
  },
  "JobStatus": "SUCCEEDED",
  "Blocks": [
    {
      "BlockType": "PAGE",
      "Geometry": {
        "BoundingBox": {
          "Width": 0.6019476652145386,
          "Height": 0.34404250979423523,
          "Left": 0.199212446808815,
          "Top": 0.32857146859169006
        },
        "Polygon": [
          {
            "X": 0.199212446808815,
            "Y": 0.32994142174720764
          },
          {
            "X": 0.7977322936058044,
            "Y": 0.32857146859169006
          },
          {
            "X": 0.8011600971221924,
            "Y": 0.6721411943435669
          },
          {
            "X": 0.20157936215400696,
            "Y": 0.6726139783859253
          }
        ]
      },
      "Id": "0f8b9807-8576-4339-95d6-b13071097e0a",
      "Relationships": [
        {
          "Type": "CHILD",
          "Ids": [
            "d97416d1-92d8-45c0-bdd2-9e49b9d47d95",
            "2c985db9-7dc5-4239-b713-96d1fbf55335",
            "051fd1c1-1078-4ce9-b1c9-61eb8d322add",
            "7a01f0a1-5c3a-4bd0-a9f8-d88f4741a5ed",
            "2d3e755b-bae8-4859-9fba-e5861909fcef",
            "3ea54d43-1933-438e-b012-353adb4d3fb7",
            "88ae79a6-31b5-4d9f-9ea0-8b808be13b7a",
            "5ab57535-dcf4-45e9-b2ea-7aed5382b088",
            "70a860ce-b6b7-4b6a-bc75-e324a8dd5fb4",
            "598267dd-23c9-4dd9-911d-8b8fd227ca43",
            "7053ecaa-cf1a-4f03-be9d-b5b0564b16e9",
            "cfcbb7df-c1e3-490e-822d-cb2507c87c65",
            "092ac114-880c-4da7-8d70-63e97e2673f4",
            "417aa530-4230-40a9-9ff3-9b002eb2d7a0",
            "bbca9ca1-c726-409f-a16f-9b30bee84df9",
            "724ed545-0ca7-466c-85d1-91b2b127f2d3",
            "33a90ce2-ae3f-4641-b3ca-32f78bb76a15",
            "9bcd88d7-442f-4706-82b0-8b6d0b88012e",
            "45bb9754-3e6b-4f48-83ed-f104940f16e3",
            "54c28167-c702-4298-ad16-3eaf75507be0",
            "c04d2cce-c4f2-495c-9c56-7c1e03d14dbf",
            "97d77c5d-90a5-4336-9ebc-e501384f6a46",
            "fd398d46-3210-4f01-a317-5d332dc11c68",
            "c197581f-d7cb-475f-9330-595aae5c5ec8"
          ]
        }
      ],
      "Page": 1
    },
    {
      "BlockType": "LINE",
      "Confidence": 99.8824691772461,
      "Text": "Tensile strength",
      "Geometry": {
        "BoundingBox": {
          "Width": 0.12887784838676453,
          "Height": 0.03063872456550598,
          "Left": 0.37959539890289307,
          "Top": 0.345307856798172
        },
        "Polygon": [
          {
            "X": 0.37959539890289307,
            "Y": 0.3455932140350342
          },
          {
            "X": 0.5082153677940369,
            "Y": 0.345307856798172
          },
          {
            "X": 0.50847327709198,
            "Y": 0.37567824125289917
          },
          {
            "X": 0.3798331022262573,
            "Y": 0.375946581363678
          }
        ]
      },
      "Id": "d97416d1-92d8-45c0-bdd2-9e49b9d47d95",
      "Relationships": [
        {
          "Type": "CHILD",
          "Ids": [
            "67bafefd-d943-409b-9360-da0bf6d182f0",
            "6d02e6ed-f466-4acc-b208-889b07267e5e"
          ]
        }
      ],
      "Page": 1
    },
    {
      "BlockType": "LINE",
      "Confidence": 99.90042877197266,
      "Text": "Tensile strain",
      "Geometry": {
        "BoundingBox": {
          "Width": 0.10961255431175232,
          "Height": 0.024992767721414566,
          "Left": 0.5275925397872925,
          "Top": 0.34546753764152527
        },
        "Polygon": [
          {
            "X": 0.5275925397872925,
            "Y": 0.34571000933647156
          },
          {
            "X": 0.6369785070419312,
            "Y": 0.34546753764152527
          },
          {
            "X": 0.6372051239013672,
            "Y": 0.37022966146469116
          },
          {
            "X": 0.5278052091598511,
            "Y": 0.37046030163764954
          }
        ]
      },
      "Id": "2c985db9-7dc5-4239-b713-96d1fbf55335",
      "Relationships": [
        {
          "Type": "CHILD",
          "Ids": [
            "30e2752f-0d6f-4a50-99e5-f451112e32c4",
            "287926ec-ab43-4870-8f8a-f9183ce327b0"
          ]
        }
      ],
      "Page": 1
    },
    {
      "BlockType": "LINE",
      "Confidence": 99.82218933105469,
      "Text": "Elastic modulus",
      "Geometry": {
        "BoundingBox": {
          "Width": 0.1269332319498062,
          "Height": 0.025305572897195816,
          "Left": 0.6558217406272888,
          "Top": 0.345329612493515
        },
        "Polygon": [
          {
            "X": 0.6558217406272888,
            "Y": 0.3456103205680847
          },
          {
            "X": 0.7825071811676025,
            "Y": 0.345329612493515
          },
          {
            "X": 0.7827550172805786,
            "Y": 0.37036827206611633
          },
          {
            "X": 0.6560531854629517,
            "Y": 0.37063518166542053
          }
        ]
      },
      "Id": "051fd1c1-1078-4ce9-b1c9-61eb8d322add",
      "Relationships": [
        {
          "Type": "CHILD",
          "Ids": [
            "3bd1f29b-346f-4966-b3af-e2d7f8816431",
            "2bbe6e87-2a9b-413f-a739-9514acafa576"
          ]
        }
      ],
      "Page": 1
    },
    {
      "BlockType": "LINE",
      "Confidence": 99.91854095458984,
      "Text": "Sample",
      "Geometry": {
        "BoundingBox": {
          "Width": 0.059225745499134064,
          "Height": 0.029917361214756966,
          "Left": 0.21841074526309967,
          "Top": 0.3723883628845215
        },
        "Polygon": [
          {
            "X": 0.21841074526309967,
            "Y": 0.3725124001502991
          },
          {
            "X": 0.27741873264312744,
            "Y": 0.3723883628845215
          },
          {
            "X": 0.27763649821281433,
            "Y": 0.40218934416770935
          },
          {
            "X": 0.2186194211244583,
            "Y": 0.4023057222366333
          }
        ]
      },
      "Id": "7a01f0a1-5c3a-4bd0-a9f8-d88f4741a5ed",
      "Relationships": [
        {
          "Type": "CHILD",
          "Ids": [
            "a7d0ea35-7c4a-4779-b04c-2415fed99086"
          ]
        }
      ],
      "Page": 1
    },
    {
      "BlockType": "LINE",
      "Confidence": 99.61001586914062,
      "Text": "(MPa)",
      "Geometry": {
        "BoundingBox": {
          "Width": 0.04988257959485054,
          "Height": 0.028168777003884315,
          "Left": 0.4189424216747284,
          "Top": 0.39955392479896545
        },
        "Polygon": [
          {
            "X": 0.4189424216747284,
            "Y": 0.39965230226516724
          },
          {
            "X": 0.4685923457145691,
            "Y": 0.39955392479896545
          },
          {
            "X": 0.46882498264312744,
            "Y": 0.42763039469718933
          },
          {
            "X": 0.4191678464412689,
            "Y": 0.427722692489624
          }
        ]
      },
      "Id": "2d3e755b-bae8-4859-9fba-e5861909fcef",
      "Relationships": [
        {
          "Type": "CHILD",
          "Ids": [
            "69041049-2b4e-4314-b8a5-e92d3dabe90d"
          ]
        }
      ],
      "Page": 1
    },
    {
      "BlockType": "LINE",
      "Confidence": 99.60879516601562,
      "Text": "(%)",
      "Geometry": {
        "BoundingBox": {
          "Width": 0.03079896606504917,
          "Height": 0.02809184044599533,
          "Left": 0.5667281746864319,
          "Top": 0.3996387720108032
        },
        "Polygon": [
          {
            "X": 0.5667281746864319,
            "Y": 0.39969927072525024
          },
          {
            "X": 0.5972763299942017,
            "Y": 0.3996387720108032
          },
          {
            "X": 0.5975270867347717,
            "Y": 0.4276738464832306
          },
          {
            "X": 0.5669745206832886,
            "Y": 0.42773061990737915
          }
        ]
      },
      "Id": "3ea54d43-1933-438e-b012-353adb4d3fb7",
      "Relationships": [
        {
          "Type": "CHILD",
          "Ids": [
            "fc0706db-375e-4a18-b9ed-45c844be5d46"
          ]
        }
      ],
      "Page": 1
    },
    {
      "BlockType": "LINE",
      "Confidence": 99.5261459350586,
      "Text": "(MPa)",
      "Geometry": {
        "BoundingBox": {
          "Width": 0.05036816745996475,
          "Height": 0.028386712074279785,
          "Left": 0.6948220133781433,
          "Top": 0.3995247781276703
        },
        "Polygon": [
          {
            "X": 0.6948220133781433,
            "Y": 0.39962396025657654
          },
          {
            "X": 0.7449156641960144,
            "Y": 0.3995247781276703
          },
          {
            "X": 0.7451902031898499,
            "Y": 0.42781850695610046
          },
          {
            "X": 0.6950892210006714,
            "Y": 0.4279114902019501
          }
        ]
      },
      "Id": "88ae79a6-31b5-4d9f-9ea0-8b808be13b7a",
      "Relationships": [
        {
          "Type": "CHILD",
          "Ids": [
            "64a17401-571e-4035-ac75-acd3666ba48b"
          ]
        }
      ],
      "Page": 1
    },
    {
      "BlockType": "LINE",
      "Confidence": 99.80577087402344,
      "Text": "UPR",
      "Geometry": {
        "BoundingBox": {
          "Width": 0.036084987223148346,
          "Height": 0.023706886917352676,
          "Left": 0.21870066225528717,
          "Top": 0.4545000195503235
        },
        "Polygon": [
          {
            "X": 0.21870066225528717,
            "Y": 0.45456263422966003
          },
          {
            "X": 0.2546156942844391,
            "Y": 0.4545000195503235
          },
          {
            "X": 0.2547856569290161,
            "Y": 0.4781480133533478
          },
          {
            "X": 0.218866229057312,
            "Y": 0.47820690274238586
          }
        ]
      },
      "Id": "5ab57535-dcf4-45e9-b2ea-7aed5382b088",
      "Relationships": [
        {
          "Type": "CHILD",
          "Ids": [
            "b75a71e2-3b5a-4aa7-811a-fe9d9491071f"
          ]
        }
      ],
      "Page": 1
    },
    {
      "BlockType": "LINE",
      "Confidence": 98.203125,
      "Text": "8.28 + 1.06",
      "Geometry": {
        "BoundingBox": {
          "Width": 0.0852428749203682,
          "Height": 0.024601781740784645,
          "Left": 0.4015730321407318,
          "Top": 0.4545888602733612
        },
        "Polygon": [
          {
            "X": 0.4015730321407318,
            "Y": 0.4547368884086609
          },
          {
            "X": 0.486611008644104,
            "Y": 0.4545888602733612
          },
          {
            "X": 0.4868159294128418,
            "Y": 0.4790516495704651
          },
          {
            "X": 0.40176719427108765,
            "Y": 0.4791906177997589
          }
        ]
      },
      "Id": "70a860ce-b6b7-4b6a-bc75-e324a8dd5fb4",
      "Relationships": [
        {
          "Type": "CHILD",
          "Ids": [
            "8b26dba1-c2e3-4ee7-b79f-c89f5bbc029a",
            "272b3a17-1901-46fd-83b1-f059e83f92c5",
            "2a9e901d-6edf-468c-bfd7-257d259aa881"
          ]
        }
      ],
      "Page": 1
    },
    {
      "BlockType": "LINE",
      "Confidence": 97.08365631103516,
      "Text": "19.87 + 2.10",
      "Geometry": {
        "BoundingBox": {
          "Width": 0.09286727011203766,
          "Height": 0.024342138320207596,
          "Left": 0.5369420051574707,
          "Top": 0.45490238070487976
        },
        "Polygon": [
          {
            "X": 0.5369420051574707,
            "Y": 0.45506346225738525
          },
          {
            "X": 0.6295889019966125,
            "Y": 0.45490238070487976
          },
          {
            "X": 0.6298092603683472,
            "Y": 0.4790932238101959
          },
          {
            "X": 0.5371508002281189,
            "Y": 0.47924453020095825
          }
        ]
      },
      "Id": "598267dd-23c9-4dd9-911d-8b8fd227ca43",
      "Relationships": [
        {
          "Type": "CHILD",
          "Ids": [
            "ac951860-49d3-4971-a212-70799a566191",
            "2562e79b-cf8c-46ee-8bb7-8eb13d14673d",
            "2f5b8558-0793-4e33-bf86-f2f7c6f699bb"
          ]
        }
      ],
      "Page": 1
    },
    {
      "BlockType": "LINE",
      "Confidence": 99.6826400756836,
      "Text": "49 + 5.0",
      "Geometry": {
        "BoundingBox": {
          "Width": 0.06264342367649078,
          "Height": 0.024496518075466156,
          "Left": 0.6884901523590088,
          "Top": 0.45491042733192444
        },
        "Polygon": [
          {
            "X": 0.6884901523590088,
            "Y": 0.4550188481807709
          },
          {
            "X": 0.7508962154388428,
            "Y": 0.45491042733192444
          },
          {
            "X": 0.7511335611343384,
            "Y": 0.4793051481246948
          },
          {
            "X": 0.688719630241394,
            "Y": 0.4794069230556488
          }
        ]
      },
      "Id": "7053ecaa-cf1a-4f03-be9d-b5b0564b16e9",
      "Relationships": [
        {
          "Type": "CHILD",
          "Ids": [
            "13aca8bc-f8e5-4717-a9b0-cef6ed409d8f",
            "9aada8f1-b598-42ff-ab10-637bccfb8cc3",
            "85b77431-fd69-47cd-9f7a-066cf32bf994"
          ]
        }
      ],
      "Page": 1
    },
    {
      "BlockType": "LINE",
      "Confidence": 96.32453155517578,
      "Text": "UPR/30SA",
      "Geometry": {
        "BoundingBox": {
          "Width": 0.08254200965166092,
          "Height": 0.023822186514735222,
          "Left": 0.21879105269908905,
          "Top": 0.5087172389030457
        },
        "Polygon": [
          {
            "X": 0.21879105269908905,
            "Y": 0.5088412761688232
          },
          {
            "X": 0.3011570870876312,
            "Y": 0.5087172389030457
          },
          {
            "X": 0.30133306980133057,
            "Y": 0.5324239730834961
          },
          {
            "X": 0.21895696222782135,
            "Y": 0.532539427280426
          }
        ]
      },
      "Id": "cfcbb7df-c1e3-490e-822d-cb2507c87c65",
      "Relationships": [
        {
          "Type": "CHILD",
          "Ids": [
            "44bfe309-5c64-4689-a399-246d8b4a3fb3"
          ]
        }
      ],
      "Page": 1
    },
    {
      "BlockType": "LINE",
      "Confidence": 99.70362854003906,
      "Text": "13.31 + 3.73",
      "Geometry": {
        "BoundingBox": {
          "Width": 0.09259705245494843,
          "Height": 0.02423476241528988,
          "Left": 0.39807531237602234,
          "Top": 0.5084431767463684
        },
        "Polygon": [
          {
            "X": 0.39807531237602234,
            "Y": 0.5085822343826294
          },
          {
            "X": 0.4904700517654419,
            "Y": 0.5084431767463684
          },
          {
            "X": 0.49067237973213196,
            "Y": 0.5325485467910767
          },
          {
            "X": 0.39826613664627075,
            "Y": 0.5326778888702393
          }
        ]
      },
      "Id": "092ac114-880c-4da7-8d70-63e97e2673f4",
      "Relationships": [
        {
          "Type": "CHILD",
          "Ids": [
            "e2dd0944-3b55-41f0-bcfe-bdfce85205f7",
            "59268c26-aa6b-4370-bb96-8a3ce5dcfba9",
            "e2106662-d087-4c9e-97e1-bf3982e50253"
          ]
        }
      ],
      "Page": 1
    },
    {
      "BlockType": "LINE",
      "Confidence": 97.4729995727539,
      "Text": "9.27 + 0.72",
      "Geometry": {
        "BoundingBox": {
          "Width": 0.08574919402599335,
          "Height": 0.02417675405740738,
          "Left": 0.5393088459968567,
          "Top": 0.508560836315155
        },
        "Polygon": [
          {
            "X": 0.5393088459968567,
            "Y": 0.5086894631385803
          },
          {
            "X": 0.6248396039009094,
            "Y": 0.508560836315155
          },
          {
            "X": 0.6250580549240112,
            "Y": 0.5326179265975952
          },
          {
            "X": 0.5395167469978333,
            "Y": 0.5327376127243042
          }
        ]
      },
      "Id": "417aa530-4230-40a9-9ff3-9b002eb2d7a0",
      "Relationships": [
        {
          "Type": "CHILD",
          "Ids": [
            "2a6b19b1-eeba-41c5-92e7-73b80087052e",
            "fafcee53-c23a-4160-9c19-c5674b95fbe6",
            "8cad7a35-4082-4e9e-a076-516661adc754"
          ]
        }
      ],
      "Page": 1
    },
    {
      "BlockType": "LINE",
      "Confidence": 98.92765045166016,
      "Text": "143 + 13.8",
      "Geometry": {
        "BoundingBox": {
          "Width": 0.07837317138910294,
          "Height": 0.024092601612210274,
          "Left": 0.6813968420028687,
          "Top": 0.5084935426712036
        },
        "Polygon": [
          {
            "X": 0.6813968420028687,
            "Y": 0.5086110234260559
          },
          {
            "X": 0.7595356106758118,
            "Y": 0.5084935426712036
          },
          {
            "X": 0.7597699761390686,
            "Y": 0.5324768424034119
          },
          {
            "X": 0.6816214919090271,
            "Y": 0.5325861573219299
          }
        ]
      },
      "Id": "bbca9ca1-c726-409f-a16f-9b30bee84df9",
      "Relationships": [
        {
          "Type": "CHILD",
          "Ids": [
            "41de6870-61f7-41a9-b6ef-ff4a833b5f22",
            "d911dd1d-b75a-4544-9c76-bc0a20a72583",
            "20e80e22-ab76-4b1b-862d-8b8aaee2845f"
          ]
        }
      ],
      "Page": 1
    },
    {
      "BlockType": "LINE",
      "Confidence": 99.34331512451172,
      "Text": "UPR/30ATH",
      "Geometry": {
        "BoundingBox": {
          "Width": 0.09881295263767242,
          "Height": 0.023554090410470963,
          "Left": 0.21809901297092438,
          "Top": 0.5625309944152832
        },
        "Polygon": [
          {
            "X": 0.21809901297092438,
            "Y": 0.5626562833786011
          },
          {
            "X": 0.3167361617088318,
            "Y": 0.5625309944152832
          },
          {
            "X": 0.3169119656085968,
            "Y": 0.5859699845314026
          },
          {
            "X": 0.2182629108428955,
            "Y": 0.5860851407051086
          }
        ]
      },
      "Id": "724ed545-0ca7-466c-85d1-91b2b127f2d3",
      "Relationships": [
        {
          "Type": "CHILD",
          "Ids": [
            "77e957db-3ca8-4493-b42e-3a39558efd92"
          ]
        }
      ],
      "Page": 1
    },
    {
      "BlockType": "LINE",
      "Confidence": 95.18606567382812,
      "Text": "15.54 + 4.06",
      "Geometry": {
        "BoundingBox": {
          "Width": 0.09241976588964462,
          "Height": 0.02424079179763794,
          "Left": 0.39885464310646057,
          "Top": 0.5625303387641907
        },
        "Polygon": [
          {
            "X": 0.39885464310646057,
            "Y": 0.5626473426818848
          },
          {
            "X": 0.4910718500614166,
            "Y": 0.5625303387641907
          },
          {
            "X": 0.4912744164466858,
            "Y": 0.5866638422012329
          },
          {
            "X": 0.39904576539993286,
            "Y": 0.5867711305618286
          }
        ]
      },
      "Id": "33a90ce2-ae3f-4641-b3ca-32f78bb76a15",
      "Relationships": [
        {
          "Type": "CHILD",
          "Ids": [
            "65aec5f4-729c-4166-8f8d-4fc9f5a2c961",
            "c48ddde7-b1bc-4996-9d31-2cf9e3cf5043",
            "1bf36668-4721-41b2-93aa-3431d13cb1d2"
          ]
        }
      ],
      "Page": 1
    },
    {
      "BlockType": "LINE",
      "Confidence": 98.66990661621094,
      "Text": "8.08 + 0.31",
      "Geometry": {
        "BoundingBox": {
          "Width": 0.08303363621234894,
          "Height": 0.02424178272485733,
          "Left": 0.5398100018501282,
          "Top": 0.5624449849128723
        },
        "Polygon": [
          {
            "X": 0.5398100018501282,
            "Y": 0.5625500679016113
          },
          {
            "X": 0.6226246953010559,
            "Y": 0.5624449849128723
          },
          {
            "X": 0.6228436827659607,
            "Y": 0.5865904688835144
          },
          {
            "X": 0.5400186777114868,
            "Y": 0.5866867899894714
          }
        ]
      },
      "Id": "9bcd88d7-442f-4706-82b0-8b6d0b88012e",
      "Relationships": [
        {
          "Type": "CHILD",
          "Ids": [
            "325c4d4e-72eb-4271-8dcf-1f8de8e6f5bb",
            "fd150f35-a957-4d33-ad48-fe034282f99c",
            "5f9c2974-b6d0-402d-9c04-11ef92edbf9a"
          ]
        }
      ],
      "Page": 1
    },
    {
      "BlockType": "LINE",
      "Confidence": 98.90927124023438,
      "Text": "192 + 24.3",
      "Geometry": {
        "BoundingBox": {
          "Width": 0.07815791666507721,
          "Height": 0.02389645203948021,
          "Left": 0.681363046169281,
          "Top": 0.5625268220901489
        },
        "Polygon": [
          {
            "X": 0.681363046169281,
            "Y": 0.5626255869865417
          },
          {
            "X": 0.7592884302139282,
            "Y": 0.5625268220901489
          },
          {
            "X": 0.7595210075378418,
            "Y": 0.5863326191902161
          },
          {
            "X": 0.6815860271453857,
            "Y": 0.5864232778549194
          }
        ]
      },
      "Id": "45bb9754-3e6b-4f48-83ed-f104940f16e3",
      "Relationships": [
        {
          "Type": "CHILD",
          "Ids": [
            "fcff1899-ed48-468a-956e-f2ead566d1d4",
            "02ebbcf1-583d-4b77-83c6-980958d53f1e",
            "2921662b-e330-4bcf-b10a-645f9bb4a90d"
          ]
        }
      ],
      "Page": 1
    },
    {
      "BlockType": "LINE",
      "Confidence": 99.35920715332031,
      "Text": "UPR/15ATH15SA",
      "Geometry": {
        "BoundingBox": {
          "Width": 0.14086422324180603,
          "Height": 0.024776199832558632,
          "Left": 0.2178811877965927,
          "Top": 0.6160634160041809
        },
        "Polygon": [
          {
            "X": 0.2178811877965927,
            "Y": 0.616209089756012
          },
          {
            "X": 0.35855531692504883,
            "Y": 0.6160634160041809
          },
          {
            "X": 0.35874539613723755,
            "Y": 0.6407091617584229
          },
          {
            "X": 0.2180534154176712,
            "Y": 0.6408396363258362
          }
        ]
      },
      "Id": "54c28167-c702-4298-ad16-3eaf75507be0",
      "Relationships": [
        {
          "Type": "CHILD",
          "Ids": [
            "826caedd-cff5-4974-8915-5c92026f17f7"
          ]
        }
      ],
      "Page": 1
    },
    {
      "BlockType": "LINE",
      "Confidence": 97.93739318847656,
      "Text": "9.84 + 1.57",
      "Geometry": {
        "BoundingBox": {
          "Width": 0.08567094802856445,
          "Height": 0.024543454870581627,
          "Left": 0.40104803442955017,
          "Top": 0.6161727905273438
        },
        "Polygon": [
          {
            "X": 0.40104803442955017,
            "Y": 0.6162611842155457
          },
          {
            "X": 0.48651424050331116,
            "Y": 0.6161727905273438
          },
          {
            "X": 0.4867189824581146,
            "Y": 0.6406369805335999
          },
          {
            "X": 0.4012419879436493,
            "Y": 0.6407161951065063
          }
        ]
      },
      "Id": "c04d2cce-c4f2-495c-9c56-7c1e03d14dbf",
      "Relationships": [
        {
          "Type": "CHILD",
          "Ids": [
            "43050c7b-f591-4053-87a6-1b46a5ecdd5c",
            "6d09cc5d-c91f-4a04-ae1f-6848873e6c0d",
            "7d907760-cc0d-4177-b557-9bdef79de6d9"
          ]
        }
      ],
      "Page": 1
    },
    {
      "BlockType": "LINE",
      "Confidence": 98.3360595703125,
      "Text": "9.98 + 0.42",
      "Geometry": {
        "BoundingBox": {
          "Width": 0.08575224131345749,
          "Height": 0.024503516033291817,
          "Left": 0.5394614934921265,
          "Top": 0.6161792278289795
        },
        "Polygon": [
          {
            "X": 0.5394614934921265,
            "Y": 0.6162676811218262
          },
          {
            "X": 0.6249920129776001,
            "Y": 0.6161792278289795
          },
          {
            "X": 0.6252137422561646,
            "Y": 0.6406034827232361
          },
          {
            "X": 0.5396724343299866,
            "Y": 0.6406827569007874
          }
        ]
      },
      "Id": "97d77c5d-90a5-4336-9ebc-e501384f6a46",
      "Relationships": [
        {
          "Type": "CHILD",
          "Ids": [
            "c5fef7f5-6582-421c-822f-5f51e17d92ae",
            "cd34e9a6-5339-47ea-a7b7-497dc8efade5",
            "deb74e2a-28d0-4113-a2c3-032846a1a778"
          ]
        }
      ],
      "Page": 1
    },
    {
      "BlockType": "LINE",
      "Confidence": 98.42789459228516,
      "Text": "90 + 8.5",
      "Geometry": {
        "BoundingBox": {
          "Width": 0.06162077188491821,
          "Height": 0.024599947035312653,
          "Left": 0.6887186765670776,
          "Top": 0.6162848472595215
        },
        "Polygon": [
          {
            "X": 0.6887186765670776,
            "Y": 0.6163482666015625
          },
          {
            "X": 0.7501009702682495,
            "Y": 0.6162848472595215
          },
          {
            "X": 0.7503394484519958,
            "Y": 0.640828013420105
          },
          {
            "X": 0.6889494061470032,
            "Y": 0.6408848166465759
          }
        ]
      },
      "Id": "fd398d46-3210-4f01-a317-5d332dc11c68",
      "Relationships": [
        {
          "Type": "CHILD",
          "Ids": [
            "e0bfd0c2-3b52-4bc8-ab5b-f53d6b925266",
            "ef4ebde4-ea0b-4aa2-abd4-b6c6fe94ed80",
            "975f73c1-5445-4c3d-8937-2fef3e7e6b41"
          ]
        }
      ],
      "Page": 1
    },
    {
      "BlockType": "WORD",
      "Confidence": 99.86863708496094,
      "Text": "Tensile",
      "TextType": "PRINTED",
      "Geometry": {
        "BoundingBox": {
          "Width": 0.05774504691362381,
          "Height": 0.02505818009376526,
          "Left": 0.37959539890289307,
          "Top": 0.3454655408859253
        },
        "Polygon": [
          {
            "X": 0.37959539890289307,
            "Y": 0.3455932140350342
          },
          {
            "X": 0.43713778257369995,
            "Y": 0.3454655408859253
          },
          {
            "X": 0.4373404383659363,
            "Y": 0.3704023063182831
          },
          {
            "X": 0.37979063391685486,
            "Y": 0.37052372097969055
          }
        ]
      },
      "Id": "67bafefd-d943-409b-9360-da0bf6d182f0",
      "Page": 1
    },
    {
      "BlockType": "WORD",
      "Confidence": 99.89630889892578,
      "Text": "strength",
      "TextType": "PRINTED",
      "Geometry": {
        "BoundingBox": {
          "Width": 0.06711968779563904,
          "Height": 0.029727891087532043,
          "Left": 0.44135355949401855,
          "Top": 0.3460898697376251
        },
        "Polygon": [
          {
            "X": 0.44135355949401855,
            "Y": 0.34623798727989197
          },
          {
            "X": 0.5082219839096069,
            "Y": 0.3460898697376251
          },
          {
            "X": 0.50847327709198,
            "Y": 0.37567824125289917
          },
          {
            "X": 0.44159460067749023,
            "Y": 0.37581774592399597
          }
        ]
      },
      "Id": "6d02e6ed-f466-4acc-b208-889b07267e5e",
      "Page": 1
    },
    {
      "BlockType": "WORD",
      "Confidence": 99.89276885986328,
      "Text": "Tensile",
      "TextType": "PRINTED",
      "Geometry": {
        "BoundingBox": {
          "Width": 0.05817063897848129,
          "Height": 0.02484522946178913,
          "Left": 0.5275925397872925,
          "Top": 0.3455815613269806
        },
        "Polygon": [
          {
            "X": 0.5275925397872925,
            "Y": 0.34571000933647156
          },
          {
            "X": 0.5855434536933899,
            "Y": 0.3455815613269806
          },
          {
            "X": 0.5857632160186768,
            "Y": 0.37030458450317383
          },
          {
            "X": 0.5278049111366272,
            "Y": 0.37042680382728577
          }
        ]
      },
      "Id": "30e2752f-0d6f-4a50-99e5-f451112e32c4",
      "Page": 1
    },
    {
      "BlockType": "WORD",
      "Confidence": 99.9080810546875,
      "Text": "strain",
      "TextType": "PRINTED",
      "Geometry": {
        "BoundingBox": {
          "Width": 0.04737015813589096,
          "Height": 0.024464953690767288,
          "Left": 0.589834988117218,
          "Top": 0.34586411714553833
        },
        "Polygon": [
          {
            "X": 0.589834988117218,
            "Y": 0.3459685444831848
          },
          {
            "X": 0.6369821429252625,
            "Y": 0.34586411714553833
          },
          {
            "X": 0.6372051239013672,
            "Y": 0.37022966146469116
          },
          {
            "X": 0.5900520086288452,
            "Y": 0.3703290820121765
          }
        ]
      },
      "Id": "287926ec-ab43-4870-8f8a-f9183ce327b0",
      "Page": 1
    },
    {
      "BlockType": "WORD",
      "Confidence": 99.8896484375,
      "Text": "Elastic",
      "TextType": "PRINTED",
      "Geometry": {
        "BoundingBox": {
          "Width": 0.05535353347659111,
          "Height": 0.025146981701254845,
          "Left": 0.6558217406272888,
          "Top": 0.34548819065093994
        },
        "Polygon": [
          {
            "X": 0.6558217406272888,
            "Y": 0.3456103205680847
          },
          {
            "X": 0.7109367251396179,
            "Y": 0.34548819065093994
          },
          {
            "X": 0.7111753225326538,
            "Y": 0.3705190420150757
          },
          {
            "X": 0.6560531854629517,
            "Y": 0.37063518166542053
          }
        ]
      },
      "Id": "3bd1f29b-346f-4966-b3af-e2d7f8816431",
      "Page": 1
    },
    {
      "BlockType": "WORD",
      "Confidence": 99.75473022460938,
      "Text": "modulus",
      "TextType": "PRINTED",
      "Geometry": {
        "BoundingBox": {
          "Width": 0.06861600279808044,
          "Height": 0.023530209437012672,
          "Left": 0.7141323685646057,
          "Top": 0.34631362557411194
        },
        "Polygon": [
          {
            "X": 0.7141323685646057,
            "Y": 0.3464648425579071
          },
          {
            "X": 0.7825168967247009,
            "Y": 0.34631362557411194
          },
          {
            "X": 0.7827484011650085,
            "Y": 0.3696995675563812
          },
          {
            "X": 0.7143555879592896,
            "Y": 0.36984384059906006
          }
        ]
      },
      "Id": "2bbe6e87-2a9b-413f-a739-9514acafa576",
      "Page": 1
    },
    {
      "BlockType": "WORD",
      "Confidence": 99.91854095458984,
      "Text": "Sample",
      "TextType": "PRINTED",
      "Geometry": {
        "BoundingBox": {
          "Width": 0.059225745499134064,
          "Height": 0.029917361214756966,
          "Left": 0.21841074526309967,
          "Top": 0.3723883628845215
        },
        "Polygon": [
          {
            "X": 0.21841074526309967,
            "Y": 0.3725124001502991
          },
          {
            "X": 0.27741873264312744,
            "Y": 0.3723883628845215
          },
          {
            "X": 0.27763649821281433,
            "Y": 0.40218934416770935
          },
          {
            "X": 0.2186194211244583,
            "Y": 0.4023057222366333
          }
        ]
      },
      "Id": "a7d0ea35-7c4a-4779-b04c-2415fed99086",
      "Page": 1
    },
    {
      "BlockType": "WORD",
      "Confidence": 99.61001586914062,
      "Text": "(MPa)",
      "TextType": "PRINTED",
      "Geometry": {
        "BoundingBox": {
          "Width": 0.04988257959485054,
          "Height": 0.028168777003884315,
          "Left": 0.4189424216747284,
          "Top": 0.39955392479896545
        },
        "Polygon": [
          {
            "X": 0.4189424216747284,
            "Y": 0.39965230226516724
          },
          {
            "X": 0.4685923457145691,
            "Y": 0.39955392479896545
          },
          {
            "X": 0.46882498264312744,
            "Y": 0.42763039469718933
          },
          {
            "X": 0.4191678464412689,
            "Y": 0.427722692489624
          }
        ]
      },
      "Id": "69041049-2b4e-4314-b8a5-e92d3dabe90d",
      "Page": 1
    },
    {
      "BlockType": "WORD",
      "Confidence": 99.60879516601562,
      "Text": "(%)",
      "TextType": "PRINTED",
      "Geometry": {
        "BoundingBox": {
          "Width": 0.03079896606504917,
          "Height": 0.02809184044599533,
          "Left": 0.5667281746864319,
          "Top": 0.3996387720108032
        },
        "Polygon": [
          {
            "X": 0.5667281746864319,
            "Y": 0.39969927072525024
          },
          {
            "X": 0.5972763299942017,
            "Y": 0.3996387720108032
          },
          {
            "X": 0.5975270867347717,
            "Y": 0.4276738464832306
          },
          {
            "X": 0.5669745206832886,
            "Y": 0.42773061990737915
          }
        ]
      },
      "Id": "fc0706db-375e-4a18-b9ed-45c844be5d46",
      "Page": 1
    },
    {
      "BlockType": "WORD",
      "Confidence": 99.5261459350586,
      "Text": "(MPa)",
      "TextType": "PRINTED",
      "Geometry": {
        "BoundingBox": {
          "Width": 0.05036816745996475,
          "Height": 0.028386712074279785,
          "Left": 0.6948220133781433,
          "Top": 0.3995247781276703
        },
        "Polygon": [
          {
            "X": 0.6948220133781433,
            "Y": 0.39962396025657654
          },
          {
            "X": 0.7449156641960144,
            "Y": 0.3995247781276703
          },
          {
            "X": 0.7451902031898499,
            "Y": 0.42781850695610046
          },
          {
            "X": 0.6950892210006714,
            "Y": 0.4279114902019501
          }
        ]
      },
      "Id": "64a17401-571e-4035-ac75-acd3666ba48b",
      "Page": 1
    },
    {
      "BlockType": "WORD",
      "Confidence": 99.80577087402344,
      "Text": "UPR",
      "TextType": "PRINTED",
      "Geometry": {
        "BoundingBox": {
          "Width": 0.036084987223148346,
          "Height": 0.023706886917352676,
          "Left": 0.21870066225528717,
          "Top": 0.4545000195503235
        },
        "Polygon": [
          {
            "X": 0.21870066225528717,
            "Y": 0.45456263422966003
          },
          {
            "X": 0.2546156942844391,
            "Y": 0.4545000195503235
          },
          {
            "X": 0.2547856569290161,
            "Y": 0.4781480133533478
          },
          {
            "X": 0.218866229057312,
            "Y": 0.47820690274238586
          }
        ]
      },
      "Id": "b75a71e2-3b5a-4aa7-811a-fe9d9491071f",
      "Page": 1
    },
    {
      "BlockType": "WORD",
      "Confidence": 99.93366241455078,
      "Text": "8.28",
      "TextType": "PRINTED",
      "Geometry": {
        "BoundingBox": {
          "Width": 0.032682668417692184,
          "Height": 0.02451028861105442,
          "Left": 0.4015730321407318,
          "Top": 0.45468035340309143
        },
        "Polygon": [
          {
            "X": 0.4015730321407318,
            "Y": 0.4547368884086609
          },
          {
            "X": 0.43405744433403015,
            "Y": 0.45468035340309143
          },
          {
            "X": 0.4342557191848755,
            "Y": 0.4791375398635864
          },
          {
            "X": 0.40176719427108765,
            "Y": 0.4791906177997589
          }
        ]
      },
      "Id": "8b26dba1-c2e3-4ee7-b79f-c89f5bbc029a",
      "Page": 1
    },
    {
      "BlockType": "WORD",
      "Confidence": 95.08297729492188,
      "Text": "+",
      "TextType": "PRINTED",
      "Geometry": {
        "BoundingBox": {
          "Width": 0.011898824945092201,
          "Height": 0.019775254651904106,
          "Left": 0.43799155950546265,
          "Top": 0.4575803577899933
        },
        "Polygon": [
          {
            "X": 0.43799155950546265,
            "Y": 0.4576006531715393
          },
          {
            "X": 0.4497286379337311,
            "Y": 0.4575803577899933
          },
          {
            "X": 0.4498903751373291,
            "Y": 0.4773363471031189
          },
          {
            "X": 0.43815210461616516,
            "Y": 0.47735562920570374
          }
        ]
      },
      "Id": "272b3a17-1901-46fd-83b1-f059e83f92c5",
      "Page": 1
    },
    {
      "BlockType": "WORD",
      "Confidence": 99.59274291992188,
      "Text": "1.06",
      "TextType": "PRINTED",
      "Geometry": {
        "BoundingBox": {
          "Width": 0.031624335795640945,
          "Height": 0.023852523416280746,
          "Left": 0.45518848299980164,
          "Top": 0.45488208532333374
        },
        "Polygon": [
          {
            "X": 0.45518848299980164,
            "Y": 0.45493677258491516
          },
          {
            "X": 0.4866134822368622,
            "Y": 0.45488208532333374
          },
          {
            "X": 0.4868128299713135,
            "Y": 0.478683203458786
          },
          {
            "X": 0.4553839862346649,
            "Y": 0.4787346124649048
          }
        ]
      },
      "Id": "2a9e901d-6edf-468c-bfd7-257d259aa881",
      "Page": 1
    },
    {
      "BlockType": "WORD",
      "Confidence": 99.63751220703125,
      "Text": "19.87",
      "TextType": "PRINTED",
      "Geometry": {
        "BoundingBox": {
          "Width": 0.04057259112596512,
          "Height": 0.024251235648989677,
          "Left": 0.5369420051574707,
          "Top": 0.45499327778816223
        },
        "Polygon": [
          {
            "X": 0.5369420051574707,
            "Y": 0.45506346225738525
          },
          {
            "X": 0.5773007869720459,
            "Y": 0.45499327778816223
          },
          {
            "X": 0.5775145888328552,
            "Y": 0.47917860746383667
          },
          {
            "X": 0.5371508002281189,
            "Y": 0.47924453020095825
          }
        ]
      },
      "Id": "ac951860-49d3-4971-a212-70799a566191",
      "Page": 1
    },
    {
      "BlockType": "WORD",
      "Confidence": 92.13633728027344,
      "Text": "+",
      "TextType": "PRINTED",
      "Geometry": {
        "BoundingBox": {
          "Width": 0.01133978646248579,
          "Height": 0.02001146785914898,
          "Left": 0.5818427801132202,
          "Top": 0.4574698805809021
        },
        "Polygon": [
          {
            "X": 0.5818427801132202,
            "Y": 0.45748916268348694
          },
          {
            "X": 0.5930042266845703,
            "Y": 0.4574698805809021
          },
          {
            "X": 0.5931825637817383,
            "Y": 0.477463036775589
          },
          {
            "X": 0.5820199847221375,
            "Y": 0.4774813652038574
          }
        ]
      },
      "Id": "2562e79b-cf8c-46ee-8bb7-8eb13d14673d",
      "Page": 1
    },
    {
      "BlockType": "WORD",
      "Confidence": 99.47712707519531,
      "Text": "2.10",
      "TextType": "PRINTED",
      "Geometry": {
        "BoundingBox": {
          "Width": 0.03317827731370926,
          "Height": 0.023490233346819878,
          "Left": 0.5966275930404663,
          "Top": 0.45528656244277954
        },
        "Polygon": [
          {
            "X": 0.5966275930404663,
            "Y": 0.4553438127040863
          },
          {
            "X": 0.6295924186706543,
            "Y": 0.45528656244277954
          },
          {
            "X": 0.6298059225082397,
            "Y": 0.4787229299545288
          },
          {
            "X": 0.5968371033668518,
            "Y": 0.47877681255340576
          }
        ]
      },
      "Id": "2f5b8558-0793-4e33-bf86-f2f7c6f699bb",
      "Page": 1
    },
    {
      "BlockType": "WORD",
      "Confidence": 99.95565032958984,
      "Text": "49",
      "TextType": "PRINTED",
      "Geometry": {
        "BoundingBox": {
          "Width": 0.019165365025401115,
          "Height": 0.024420982226729393,
          "Left": 0.6884901523590088,
          "Top": 0.45498594641685486
        },
        "Polygon": [
          {
            "X": 0.6884901523590088,
            "Y": 0.4550188481807709
          },
          {
            "X": 0.7074236273765564,
            "Y": 0.45498594641685486
          },
          {
            "X": 0.7076554894447327,
            "Y": 0.47937604784965515
          },
          {
            "X": 0.688719630241394,
            "Y": 0.4794069230556488
          }
        ]
      },
      "Id": "13aca8bc-f8e5-4717-a9b0-cef6ed409d8f",
      "Page": 1
    },
    {
      "BlockType": "WORD",
      "Confidence": 99.17101287841797,
      "Text": "+",
      "TextType": "PRINTED",
      "Geometry": {
        "BoundingBox": {
          "Width": 0.011324713937938213,
          "Height": 0.01928318850696087,
          "Left": 0.7122135758399963,
          "Top": 0.45781487226486206
        },
        "Polygon": [
          {
            "X": 0.7122135758399963,
            "Y": 0.4578340947628021
          },
          {
            "X": 0.7233535647392273,
            "Y": 0.45781487226486206
          },
          {
            "X": 0.7235382795333862,
            "Y": 0.4770797789096832
          },
          {
            "X": 0.7123972177505493,
            "Y": 0.4770980477333069
          }
        ]
      },
      "Id": "9aada8f1-b598-42ff-ab10-637bccfb8cc3",
      "Page": 1
    },
    {
      "BlockType": "WORD",
      "Confidence": 99.9212646484375,
      "Text": "5.0",
      "TextType": "PRINTED",
      "Geometry": {
        "BoundingBox": {
          "Width": 0.023756802082061768,
          "Height": 0.023697422817349434,
          "Left": 0.7273732423782349,
          "Top": 0.45528191328048706
        },
        "Polygon": [
          {
            "X": 0.7273732423782349,
            "Y": 0.4553227424621582
          },
          {
            "X": 0.7508997917175293,
            "Y": 0.45528191328048706
          },
          {
            "X": 0.7511300444602966,
            "Y": 0.4789409041404724
          },
          {
            "X": 0.7276005744934082,
            "Y": 0.47897931933403015
          }
        ]
      },
      "Id": "85b77431-fd69-47cd-9f7a-066cf32bf994",
      "Page": 1
    },
    {
      "BlockType": "WORD",
      "Confidence": 96.32453155517578,
      "Text": "UPR/30SA",
      "TextType": "PRINTED",
      "Geometry": {
        "BoundingBox": {
          "Width": 0.08254200965166092,
          "Height": 0.023822186514735222,
          "Left": 0.21879105269908905,
          "Top": 0.5087172389030457
        },
        "Polygon": [
          {
            "X": 0.21879105269908905,
            "Y": 0.5088412761688232
          },
          {
            "X": 0.3011570870876312,
            "Y": 0.5087172389030457
          },
          {
            "X": 0.30133306980133057,
            "Y": 0.5324239730834961
          },
          {
            "X": 0.21895696222782135,
            "Y": 0.532539427280426
          }
        ]
      },
      "Id": "44bfe309-5c64-4689-a399-246d8b4a3fb3",
      "Page": 1
    },
    {
      "BlockType": "WORD",
      "Confidence": 99.86180877685547,
      "Text": "13.31",
      "TextType": "PRINTED",
      "Geometry": {
        "BoundingBox": {
          "Width": 0.03973296657204628,
          "Height": 0.024155190214514732,
          "Left": 0.39807531237602234,
          "Top": 0.5085227489471436
        },
        "Polygon": [
          {
            "X": 0.39807531237602234,
            "Y": 0.5085822343826294
          },
          {
            "X": 0.43761253356933594,
            "Y": 0.5085227489471436
          },
          {
            "X": 0.4378082752227783,
            "Y": 0.5326225757598877
          },
          {
            "X": 0.39826613664627075,
            "Y": 0.5326778888702393
          }
        ]
      },
      "Id": "e2dd0944-3b55-41f0-bcfe-bdfce85205f7",
      "Page": 1
    },
    {
      "BlockType": "WORD",
      "Confidence": 99.36459350585938,
      "Text": "+",
      "TextType": "PRINTED",
      "Geometry": {
        "BoundingBox": {
          "Width": 0.011922408826649189,
          "Height": 0.019243750721216202,
          "Left": 0.4428976774215698,
          "Top": 0.5118294954299927
        },
        "Polygon": [
          {
            "X": 0.4428976774215698,
            "Y": 0.5118470191955566
          },
          {
            "X": 0.4546622335910797,
            "Y": 0.5118294954299927
          },
          {
            "X": 0.45482006669044495,
            "Y": 0.5310567021369934
          },
          {
            "X": 0.44305434823036194,
            "Y": 0.5310732126235962
          }
        ]
      },
      "Id": "59268c26-aa6b-4370-bb96-8a3ce5dcfba9",
      "Page": 1
    },
    {
      "BlockType": "WORD",
      "Confidence": 99.88449096679688,
      "Text": "3.73",
      "TextType": "PRINTED",
      "Geometry": {
        "BoundingBox": {
          "Width": 0.032297130674123764,
          "Height": 0.023566819727420807,
          "Left": 0.4583745300769806,
          "Top": 0.5089426040649414
        },
        "Polygon": [
          {
            "X": 0.4583745300769806,
            "Y": 0.5089908242225647
          },
          {
            "X": 0.49047422409057617,
            "Y": 0.5089426040649414
          },
          {
            "X": 0.49067166447639465,
            "Y": 0.5324644446372986
          },
          {
            "X": 0.4585680663585663,
            "Y": 0.5325093865394592
          }
        ]
      },
      "Id": "e2106662-d087-4c9e-97e1-bf3982e50253",
      "Page": 1
    },
    {
      "BlockType": "WORD",
      "Confidence": 99.89306640625,
      "Text": "9.27",
      "TextType": "PRINTED",
      "Geometry": {
        "BoundingBox": {
          "Width": 0.03334585204720497,
          "Height": 0.024097947403788567,
          "Left": 0.5393088459968567,
          "Top": 0.5086396336555481
        },
        "Polygon": [
          {
            "X": 0.5393088459968567,
            "Y": 0.5086894631385803
          },
          {
            "X": 0.5724427700042725,
            "Y": 0.5086396336555481
          },
          {
            "X": 0.5726547241210938,
            "Y": 0.532691240310669
          },
          {
            "X": 0.5395167469978333,
            "Y": 0.5327376127243042
          }
        ]
      },
      "Id": "2a6b19b1-eeba-41c5-92e7-73b80087052e",
      "Page": 1
    },
    {
      "BlockType": "WORD",
      "Confidence": 92.6712417602539,
      "Text": "+",
      "TextType": "PRINTED",
      "Geometry": {
        "BoundingBox": {
          "Width": 0.011843075975775719,
          "Height": 0.01930045895278454,
          "Left": 0.5764290690422058,
          "Top": 0.5118532180786133
        },
        "Polygon": [
          {
            "X": 0.5764290690422058,
            "Y": 0.5118706226348877
          },
          {
            "X": 0.5881006717681885,
            "Y": 0.5118532180786133
          },
          {
            "X": 0.5882721543312073,
            "Y": 0.5311372876167297
          },
          {
            "X": 0.5765994191169739,
            "Y": 0.531153678894043
          }
        ]
      },
      "Id": "fafcee53-c23a-4160-9c19-c5674b95fbe6",
      "Page": 1
    },
    {
      "BlockType": "WORD",
      "Confidence": 99.85469818115234,
      "Text": "0.72",
      "TextType": "PRINTED",
      "Geometry": {
        "BoundingBox": {
          "Width": 0.033357828855514526,
          "Height": 0.023472869768738747,
          "Left": 0.5916986465454102,
          "Top": 0.5090163350105286
        },
        "Polygon": [
          {
            "X": 0.5916986465454102,
            "Y": 0.509066104888916
          },
          {
            "X": 0.6248437166213989,
            "Y": 0.5090163350105286
          },
          {
            "X": 0.6250565052032471,
            "Y": 0.5324428081512451
          },
          {
            "X": 0.5919073820114136,
            "Y": 0.5324891805648804
          }
        ]
      },
      "Id": "8cad7a35-4082-4e9e-a076-516661adc754",
      "Page": 1
    },
    {
      "BlockType": "WORD",
      "Confidence": 99.90306854248047,
      "Text": "143",
      "TextType": "PRINTED",
      "Geometry": {
        "BoundingBox": {
          "Width": 0.026050131767988205,
          "Height": 0.0238938070833683,
          "Left": 0.6813968420028687,
          "Top": 0.5085722208023071
        },
        "Polygon": [
          {
            "X": 0.6813968420028687,
            "Y": 0.5086110234260559
          },
          {
            "X": 0.707220196723938,
            "Y": 0.5085722208023071
          },
          {
            "X": 0.7074469327926636,
            "Y": 0.5324298739433289
          },
          {
            "X": 0.6816204190254211,
            "Y": 0.5324660539627075
          }
        ]
      },
      "Id": "41de6870-61f7-41a9-b6ef-ff4a833b5f22",
      "Page": 1
    },
    {
      "BlockType": "WORD",
      "Confidence": 98.43856048583984,
      "Text": "+",
      "TextType": "PRINTED",
      "Geometry": {
        "BoundingBox": {
          "Width": 0.011621327139437199,
          "Height": 0.01926986314356327,
          "Left": 0.7122645974159241,
          "Top": 0.5118885636329651
        },
        "Polygon": [
          {
            "X": 0.7122645974159241,
            "Y": 0.5119055509567261
          },
          {
            "X": 0.7237012982368469,
            "Y": 0.5118885636329651
          },
          {
            "X": 0.7238858938217163,
            "Y": 0.5311423540115356
          },
          {
            "X": 0.7124480605125427,
            "Y": 0.5311583876609802
          }
        ]
      },
      "Id": "d911dd1d-b75a-4544-9c76-bc0a20a72583",
      "Page": 1
    },
    {
      "BlockType": "WORD",
      "Confidence": 98.44131469726562,
      "Text": "13.8",
      "TextType": "PRINTED",
      "Geometry": {
        "BoundingBox": {
          "Width": 0.030552104115486145,
          "Height": 0.023829607293009758,
          "Left": 0.7292178869247437,
          "Top": 0.5086896419525146
        },
        "Polygon": [
          {
            "X": 0.7292178869247437,
            "Y": 0.5087352395057678
          },
          {
            "X": 0.7595375180244446,
            "Y": 0.5086896419525146
          },
          {
            "X": 0.7597699761390686,
            "Y": 0.5324768424034119
          },
          {
            "X": 0.7294465899467468,
            "Y": 0.5325192809104919
          }
        ]
      },
      "Id": "20e80e22-ab76-4b1b-862d-8b8aaee2845f",
      "Page": 1
    },
    {
      "BlockType": "WORD",
      "Confidence": 99.34331512451172,
      "Text": "UPR/30ATH",
      "TextType": "PRINTED",
      "Geometry": {
        "BoundingBox": {
          "Width": 0.09881295263767242,
          "Height": 0.023554090410470963,
          "Left": 0.21809901297092438,
          "Top": 0.5625309944152832
        },
        "Polygon": [
          {
            "X": 0.21809901297092438,
            "Y": 0.5626562833786011
          },
          {
            "X": 0.3167361617088318,
            "Y": 0.5625309944152832
          },
          {
            "X": 0.3169119656085968,
            "Y": 0.5859699845314026
          },
          {
            "X": 0.2182629108428955,
            "Y": 0.5860851407051086
          }
        ]
      },
      "Id": "77e957db-3ca8-4493-b42e-3a39558efd92",
      "Page": 1
    },
    {
      "BlockType": "WORD",
      "Confidence": 99.96227264404297,
      "Text": "15.54",
      "TextType": "PRINTED",
      "Geometry": {
        "BoundingBox": {
          "Width": 0.040643174201250076,
          "Height": 0.02417510189116001,
          "Left": 0.39885464310646057,
          "Top": 0.5625960230827332
        },
        "Polygon": [
          {
            "X": 0.39885464310646057,
            "Y": 0.5626473426818848
          },
          {
            "X": 0.4393016993999481,
            "Y": 0.5625960230827332
          },
          {
            "X": 0.43949782848358154,
            "Y": 0.5867241024971008
          },
          {
            "X": 0.39904576539993286,
            "Y": 0.5867711305618286
          }
        ]
      },
      "Id": "65aec5f4-729c-4166-8f8d-4fc9f5a2c961",
      "Page": 1
    },
    {
      "BlockType": "WORD",
      "Confidence": 88.47418975830078,
      "Text": "+",
      "TextType": "PRINTED",
      "Geometry": {
        "BoundingBox": {
          "Width": 0.011664891615509987,
          "Height": 0.020104236900806427,
          "Left": 0.44309648871421814,
          "Top": 0.565199613571167
        },
        "Polygon": [
          {
            "X": 0.44309648871421814,
            "Y": 0.5652140378952026
          },
          {
            "X": 0.45459648966789246,
            "Y": 0.565199613571167
          },
          {
            "X": 0.4547613859176636,
            "Y": 0.5852903723716736
          },
          {
            "X": 0.44326019287109375,
            "Y": 0.5853038430213928
          }
        ]
      },
      "Id": "c48ddde7-b1bc-4996-9d31-2cf9e3cf5043",
      "Page": 1
    },
    {
      "BlockType": "WORD",
      "Confidence": 97.12173461914062,
      "Text": "4.06",
      "TextType": "PRINTED",
      "Geometry": {
        "BoundingBox": {
          "Width": 0.0334443524479866,
          "Height": 0.02359067089855671,
          "Left": 0.4578261971473694,
          "Top": 0.5626506805419922
        },
        "Polygon": [
          {
            "X": 0.4578261971473694,
            "Y": 0.5626928806304932
          },
          {
            "X": 0.4910728633403778,
            "Y": 0.5626506805419922
          },
          {
            "X": 0.4912705421447754,
            "Y": 0.5862026214599609
          },
          {
            "X": 0.45801985263824463,
            "Y": 0.5862413644790649
          }
        ]
      },
      "Id": "1bf36668-4721-41b2-93aa-3431d13cb1d2",
      "Page": 1
    },
    {
      "BlockType": "WORD",
      "Confidence": 99.92573547363281,
      "Text": "8.08",
      "TextType": "PRINTED",
      "Geometry": {
        "BoundingBox": {
          "Width": 0.03279000148177147,
          "Height": 0.024178054183721542,
          "Left": 0.5398100018501282,
          "Top": 0.5625087022781372
        },
        "Polygon": [
          {
            "X": 0.5398100018501282,
            "Y": 0.5625500679016113
          },
          {
            "X": 0.5723873376846313,
            "Y": 0.5625087022781372
          },
          {
            "X": 0.5726000070571899,
            "Y": 0.5866488814353943
          },
          {
            "X": 0.5400186777114868,
            "Y": 0.5866867899894714
          }
        ]
      },
      "Id": "325c4d4e-72eb-4271-8dcf-1f8de8e6f5bb",
      "Page": 1
    },
    {
      "BlockType": "WORD",
      "Confidence": 96.33763122558594,
      "Text": "+",
      "TextType": "PRINTED",
      "Geometry": {
        "BoundingBox": {
          "Width": 0.011525201611220837,
          "Height": 0.019937418401241302,
          "Left": 0.5767059922218323,
          "Top": 0.5654381513595581
        },
        "Polygon": [
          {
            "X": 0.5767059922218323,
            "Y": 0.5654523968696594
          },
          {
            "X": 0.5880540609359741,
            "Y": 0.5654381513595581
          },
          {
            "X": 0.5882312059402466,
            "Y": 0.5853623151779175
          },
          {
            "X": 0.576882004737854,
            "Y": 0.5853756070137024
          }
        ]
      },
      "Id": "fd150f35-a957-4d33-ad48-fe034282f99c",
      "Page": 1
    },
    {
      "BlockType": "WORD",
      "Confidence": 99.74636840820312,
      "Text": "0.31",
      "TextType": "PRINTED",
      "Geometry": {
        "BoundingBox": {
          "Width": 0.031001262366771698,
          "Height": 0.023568127304315567,
          "Left": 0.5918400883674622,
          "Top": 0.5628038048744202
        },
        "Polygon": [
          {
            "X": 0.5918400883674622,
            "Y": 0.5628427863121033
          },
          {
            "X": 0.6226279735565186,
            "Y": 0.5628038048744202
          },
          {
            "X": 0.6228413581848145,
            "Y": 0.586336076259613
          },
          {
            "X": 0.592049777507782,
            "Y": 0.5863719582557678
          }
        ]
      },
      "Id": "5f9c2974-b6d0-402d-9c04-11ef92edbf9a",
      "Page": 1
    },
    {
      "BlockType": "WORD",
      "Confidence": 99.8619155883789,
      "Text": "192",
      "TextType": "PRINTED",
      "Geometry": {
        "BoundingBox": {
          "Width": 0.026871519163250923,
          "Height": 0.023831458762288094,
          "Left": 0.681363046169281,
          "Top": 0.5625918507575989
        },
        "Polygon": [
          {
            "X": 0.681363046169281,
            "Y": 0.5626255869865417
          },
          {
            "X": 0.708008348941803,
            "Y": 0.5625918507575989
          },
          {
            "X": 0.7082346081733704,
            "Y": 0.5863922834396362
          },
          {
            "X": 0.6815860271453857,
            "Y": 0.5864232778549194
          }
        ]
      },
      "Id": "fcff1899-ed48-468a-956e-f2ead566d1d4",
      "Page": 1
    },
    {
      "BlockType": "WORD",
      "Confidence": 98.0249252319336,
      "Text": "+",
      "TextType": "PRINTED",
      "Geometry": {
        "BoundingBox": {
          "Width": 0.011303306557238102,
          "Height": 0.01978617161512375,
          "Left": 0.7125177979469299,
          "Top": 0.5655089020729065
        },
        "Polygon": [
          {
            "X": 0.7125177979469299,
            "Y": 0.5655227899551392
          },
          {
            "X": 0.7236315608024597,
            "Y": 0.5655089020729065
          },
          {
            "X": 0.7238211035728455,
            "Y": 0.5852820873260498
          },
          {
            "X": 0.7127062082290649,
            "Y": 0.5852950215339661
          }
        ]
      },
      "Id": "02ebbcf1-583d-4b77-83c6-980958d53f1e",
      "Page": 1
    },
    {
      "BlockType": "WORD",
      "Confidence": 98.84097290039062,
      "Text": "24.3",
      "TextType": "PRINTED",
      "Geometry": {
        "BoundingBox": {
          "Width": 0.03215254470705986,
          "Height": 0.02347213216125965,
          "Left": 0.7273678779602051,
          "Top": 0.5628383755683899
        },
        "Polygon": [
          {
            "X": 0.7273678779602051,
            "Y": 0.5628787875175476
          },
          {
            "X": 0.7592914700508118,
            "Y": 0.5628383755683899
          },
          {
            "X": 0.759520411491394,
            "Y": 0.5862733125686646
          },
          {
            "X": 0.7275928854942322,
            "Y": 0.5863105058670044
          }
        ]
      },
      "Id": "2921662b-e330-4bcf-b10a-645f9bb4a90d",
      "Page": 1
    },
    {
      "BlockType": "WORD",
      "Confidence": 99.35920715332031,
      "Text": "UPR/15ATH15SA",
      "TextType": "PRINTED",
      "Geometry": {
        "BoundingBox": {
          "Width": 0.14086422324180603,
          "Height": 0.024776199832558632,
          "Left": 0.2178811877965927,
          "Top": 0.6160634160041809
        },
        "Polygon": [
          {
            "X": 0.2178811877965927,
            "Y": 0.616209089756012
          },
          {
            "X": 0.35855531692504883,
            "Y": 0.6160634160041809
          },
          {
            "X": 0.35874539613723755,
            "Y": 0.6407091617584229
          },
          {
            "X": 0.2180534154176712,
            "Y": 0.6408396363258362
          }
        ]
      },
      "Id": "826caedd-cff5-4974-8915-5c92026f17f7",
      "Page": 1
    },
    {
      "BlockType": "WORD",
      "Confidence": 99.98037719726562,
      "Text": "9.84",
      "TextType": "PRINTED",
      "Geometry": {
        "BoundingBox": {
          "Width": 0.0339791513979435,
          "Height": 0.02448999509215355,
          "Left": 0.40104803442955017,
          "Top": 0.6162262558937073
        },
        "Polygon": [
          {
            "X": 0.40104803442955017,
            "Y": 0.6162611842155457
          },
          {
            "X": 0.4348289668560028,
            "Y": 0.6162262558937073
          },
          {
            "X": 0.43502718210220337,
            "Y": 0.6406849026679993
          },
          {
            "X": 0.4012419879436493,
            "Y": 0.6407161951065063
          }
        ]
      },
      "Id": "43050c7b-f591-4053-87a6-1b46a5ecdd5c",
      "Page": 1
    },
    {
      "BlockType": "WORD",
      "Confidence": 93.99409484863281,
      "Text": "+",
      "TextType": "PRINTED",
      "Geometry": {
        "BoundingBox": {
          "Width": 0.012203997001051903,
          "Height": 0.02118571288883686,
          "Left": 0.43792566657066345,
          "Top": 0.6189149022102356
        },
        "Polygon": [
          {
            "X": 0.43792566657066345,
            "Y": 0.6189271807670593
          },
          {
            "X": 0.44995641708374023,
            "Y": 0.6189149022102356
          },
          {
            "X": 0.4501296579837799,
            "Y": 0.6400894522666931
          },
          {
            "X": 0.4380975663661957,
            "Y": 0.6401005983352661
          }
        ]
      },
      "Id": "6d09cc5d-c91f-4a04-ae1f-6848873e6c0d",
      "Page": 1
    },
    {
      "BlockType": "WORD",
      "Confidence": 99.83771514892578,
      "Text": "1.57",
      "TextType": "PRINTED",
      "Geometry": {
        "BoundingBox": {
          "Width": 0.03165959566831589,
          "Height": 0.02416003867983818,
          "Left": 0.4550580382347107,
          "Top": 0.61634361743927
        },
        "Polygon": [
          {
            "X": 0.4550580382347107,
            "Y": 0.6163761615753174
          },
          {
            "X": 0.48651567101478577,
            "Y": 0.61634361743927
          },
          {
            "X": 0.4867176115512848,
            "Y": 0.6404744982719421
          },
          {
            "X": 0.45525604486465454,
            "Y": 0.6405037045478821
          }
        ]
      },
      "Id": "7d907760-cc0d-4177-b557-9bdef79de6d9",
      "Page": 1
    },
    {
      "BlockType": "WORD",
      "Confidence": 99.94834899902344,
      "Text": "9.98",
      "TextType": "PRINTED",
      "Geometry": {
        "BoundingBox": {
          "Width": 0.033106714487075806,
          "Height": 0.024449104443192482,
          "Left": 0.5394614934921265,
          "Top": 0.6162336468696594
        },
        "Polygon": [
          {
            "X": 0.5394614934921265,
            "Y": 0.6162676811218262
          },
          {
            "X": 0.5723531246185303,
            "Y": 0.6162336468696594
          },
          {
            "X": 0.5725682377815247,
            "Y": 0.6406522393226624
          },
          {
            "X": 0.5396724343299866,
            "Y": 0.6406827569007874
          }
        ]
      },
      "Id": "c5fef7f5-6582-421c-822f-5f51e17d92ae",
      "Page": 1
    },
    {
      "BlockType": "WORD",
      "Confidence": 95.30621337890625,
      "Text": "+",
      "TextType": "PRINTED",
      "Geometry": {
        "BoundingBox": {
          "Width": 0.011467894539237022,
          "Height": 0.02124684490263462,
          "Left": 0.5766926407814026,
          "Top": 0.6188879013061523
        },
        "Polygon": [
          {
            "X": 0.5766926407814026,
            "Y": 0.618899405002594
          },
          {
            "X": 0.5879718065261841,
            "Y": 0.6188879013061523
          },
          {
            "X": 0.5881605744361877,
            "Y": 0.6401242613792419
          },
          {
            "X": 0.576880156993866,
            "Y": 0.6401346921920776
          }
        ]
      },
      "Id": "cd34e9a6-5339-47ea-a7b7-497dc8efade5",
      "Page": 1
    },
    {
      "BlockType": "WORD",
      "Confidence": 99.75360870361328,
      "Text": "0.42",
      "TextType": "PRINTED",
      "Geometry": {
        "BoundingBox": {
          "Width": 0.033479105681180954,
          "Height": 0.024092672392725945,
          "Left": 0.5917325019836426,
          "Top": 0.6163058280944824
        },
        "Polygon": [
          {
            "X": 0.5917325019836426,
            "Y": 0.616340160369873
          },
          {
            "X": 0.6249932050704956,
            "Y": 0.6163058280944824
          },
          {
            "X": 0.6252115964889526,
            "Y": 0.6403676271438599
          },
          {
            "X": 0.5919467806816101,
            "Y": 0.6403985023498535
          }
        ]
      },
      "Id": "deb74e2a-28d0-4113-a2c3-032846a1a778",
      "Page": 1
    },
    {
      "BlockType": "WORD",
      "Confidence": 99.9681625366211,
      "Text": "90",
      "TextType": "PRINTED",
      "Geometry": {
        "BoundingBox": {
          "Width": 0.01955367624759674,
          "Height": 0.024556512013077736,
          "Left": 0.6887186765670776,
          "Top": 0.6163282990455627
        },
        "Polygon": [
          {
            "X": 0.6887186765670776,
            "Y": 0.6163482666015625
          },
          {
            "X": 0.7080391645431519,
            "Y": 0.6163282990455627
          },
          {
            "X": 0.7082723379135132,
            "Y": 0.6408669352531433
          },
          {
            "X": 0.6889494061470032,
            "Y": 0.6408848166465759
          }
        ]
      },
      "Id": "e0bfd0c2-3b52-4bc8-ab5b-f53d6b925266",
      "Page": 1
    },
    {
      "BlockType": "WORD",
      "Confidence": 95.45272064208984,
      "Text": "+",
      "TextType": "PRINTED",
      "Geometry": {
        "BoundingBox": {
          "Width": 0.011761251837015152,
          "Height": 0.02124033309519291,
          "Left": 0.7122815251350403,
          "Top": 0.6187825798988342
        },
        "Polygon": [
          {
            "X": 0.7122815251350403,
            "Y": 0.6187943816184998
          },
          {
            "X": 0.7238393425941467,
            "Y": 0.6187825798988342
          },
          {
            "X": 0.7240427732467651,
            "Y": 0.6400121450424194
          },
          {
            "X": 0.7124837636947632,
            "Y": 0.640022873878479
          }
        ]
      },
      "Id": "ef4ebde4-ea0b-4aa2-abd4-b6c6fe94ed80",
      "Page": 1
    },
    {
      "BlockType": "WORD",
      "Confidence": 99.86280059814453,
      "Text": "8.5",
      "TextType": "PRINTED",
      "Geometry": {
        "BoundingBox": {
          "Width": 0.022613994777202606,
          "Height": 0.023791251704096794,
          "Left": 0.7277206182479858,
          "Top": 0.6165591478347778
        },
        "Polygon": [
          {
            "X": 0.7277206182479858,
            "Y": 0.6165822744369507
          },
          {
            "X": 0.7501035928726196,
            "Y": 0.6165591478347778
          },
          {
            "X": 0.750334620475769,
            "Y": 0.6403296589851379
          },
          {
            "X": 0.7279489040374756,
            "Y": 0.6403504014015198
          }
        ]
      },
      "Id": "975f73c1-5445-4c3d-8937-2fef3e7e6b41",
      "Page": 1
    },
    {
      "BlockType": "TABLE",
      "Confidence": 99.0234375,
      "Geometry": {
        "BoundingBox": {
          "Width": 0.5903221368789673,
          "Height": 0.32389727234840393,
          "Left": 0.20665526390075684,
          "Top": 0.3362900912761688
        },
        "Polygon": [
          {
            "X": 0.20665526390075684,
            "Y": 0.33761414885520935
          },
          {
            "X": 0.7937574982643127,
            "Y": 0.3362900912761688
          },
          {
            "X": 0.7969774007797241,
            "Y": 0.6596916913986206
          },
          {
            "X": 0.20889556407928467,
            "Y": 0.6601873636245728
          }
        ]
      },
      "Id": "c197581f-d7cb-475f-9330-595aae5c5ec8",
      "Relationships": [
        {
          "Type": "CHILD",
          "Ids": [
            "7ca1e83a-d9e8-4152-ba6b-c8d2fc3a5080",
            "223bfe0a-5bd1-4eee-b898-ceb3cb2a79b4",
            "803a8cba-36e0-434f-b0ce-bcd930b9ba06",
            "85acc413-89cb-4d69-8889-4b480e71b9dd",
            "3c834096-e372-4e09-8265-cd79315fd1f5",
            "de9a71a2-e3c2-4037-90b7-8ee183157d44",
            "18c9ac6f-b1c5-42d7-859f-2cc5e878f540",
            "5dcf2ede-76c3-41e3-aa7f-15ffe8419f9d",
            "d223fdee-87e8-49ad-83f7-7b6d2e0e36e7",
            "48db9c24-e1db-4611-ae7f-cb0ef48a9668",
            "9b0ac6d2-9435-4704-b9ff-7f8a1fe77d3f",
            "f6362e03-77cd-4e7c-88e8-9e8f56b29c68",
            "fc974858-7e49-4258-bd00-78d1d7f37ed5",
            "e1a6c145-4609-4a87-9bf3-dd86ddc2f9f5",
            "b6034fed-e4bf-42bd-b50c-a6c98d91a291",
            "fe758a34-1dbd-4b87-a855-2adc11baaba1",
            "4bffae67-a359-44a1-8fe6-a53ca331728f",
            "853c8af1-4310-496a-a7c2-15b005560a0a",
            "060ac152-7273-40e3-9968-0e89df1501c5",
            "90d79e75-12ec-46da-a714-94b06507dc49"
          ]
        }
      ],
      "EntityTypes": [
        "STRUCTURED_TABLE"
      ],
      "Page": 1
    },
    {
      "BlockType": "CELL",
      "Confidence": 94.53125,
      "RowIndex": 1,
      "ColumnIndex": 1,
      "RowSpan": 1,
      "ColumnSpan": 1,
      "Geometry": {
        "BoundingBox": {
          "Width": 0.1636124849319458,
          "Height": 0.11388345062732697,
          "Left": 0.20665526390075684,
          "Top": 0.33724716305732727
        },
        "Polygon": [
          {
            "X": 0.20665526390075684,
            "Y": 0.33761414885520935
          },
          {
            "X": 0.3693839907646179,
            "Y": 0.33724716305732727
          },
          {
            "X": 0.37026774883270264,
            "Y": 0.45084434747695923
          },
          {
            "X": 0.20744363963603973,
            "Y": 0.45113062858581543
          }
        ]
      },
      "Id": "7ca1e83a-d9e8-4152-ba6b-c8d2fc3a5080",
      "Relationships": [
        {
          "Type": "CHILD",
          "Ids": [
            "a7d0ea35-7c4a-4779-b04c-2415fed99086"
          ]
        }
      ],
      "EntityTypes": [
        "COLUMN_HEADER"
      ],
      "Page": 1
    },
    {
      "BlockType": "CELL",
      "Confidence": 94.3359375,
      "RowIndex": 1,
      "ColumnIndex": 2,
      "RowSpan": 1,
      "ColumnSpan": 1,
      "Geometry": {
        "BoundingBox": {
          "Width": 0.14919349551200867,
          "Height": 0.11393144726753235,
          "Left": 0.3693839907646179,
          "Top": 0.3369129002094269
        },
        "Polygon": [
          {
            "X": 0.3693839907646179,
            "Y": 0.33724716305732727
          },
          {
            "X": 0.5176067352294922,
            "Y": 0.3369129002094269
          },
          {
            "X": 0.518577516078949,
            "Y": 0.4505835771560669
          },
          {
            "X": 0.37026774883270264,
            "Y": 0.45084434747695923
          }
        ]
      },
      "Id": "223bfe0a-5bd1-4eee-b898-ceb3cb2a79b4",
      "Relationships": [
        {
          "Type": "CHILD",
          "Ids": [
            "67bafefd-d943-409b-9360-da0bf6d182f0",
            "6d02e6ed-f466-4acc-b208-889b07267e5e",
            "69041049-2b4e-4314-b8a5-e92d3dabe90d"
          ]
        }
      ],
      "EntityTypes": [
        "COLUMN_HEADER"
      ],
      "Page": 1
    },
    {
      "BlockType": "CELL",
      "Confidence": 93.798828125,
      "RowIndex": 1,
      "ColumnIndex": 3,
      "RowSpan": 1,
      "ColumnSpan": 1,
      "Geometry": {
        "BoundingBox": {
          "Width": 0.13064762949943542,
          "Height": 0.11396297067403793,
          "Left": 0.5176067352294922,
          "Top": 0.33662059903144836
        },
        "Polygon": [
          {
            "X": 0.5176067352294922,
            "Y": 0.3369129002094269
          },
          {
            "X": 0.647207498550415,
            "Y": 0.33662059903144836
          },
          {
            "X": 0.64825439453125,
            "Y": 0.450355589389801
          },
          {
            "X": 0.518577516078949,
            "Y": 0.4505835771560669
          }
        ]
      },
      "Id": "803a8cba-36e0-434f-b0ce-bcd930b9ba06",
      "Relationships": [
        {
          "Type": "CHILD",
          "Ids": [
            "30e2752f-0d6f-4a50-99e5-f451112e32c4",
            "287926ec-ab43-4870-8f8a-f9183ce327b0",
            "fc0706db-375e-4a18-b9ed-45c844be5d46"
          ]
        }
      ],
      "EntityTypes": [
        "COLUMN_HEADER"
      ],
      "Page": 1
    },
    {
      "BlockType": "CELL",
      "Confidence": 94.287109375,
      "RowIndex": 1,
      "ColumnIndex": 4,
      "RowSpan": 1,
      "ColumnSpan": 1,
      "Geometry": {
        "BoundingBox": {
          "Width": 0.14768311381340027,
          "Height": 0.11406547576189041,
          "Left": 0.647207498550415,
          "Top": 0.3362900912761688
        },
        "Polygon": [
          {
            "X": 0.647207498550415,
            "Y": 0.33662059903144836
          },
          {
            "X": 0.7937574982643127,
            "Y": 0.3362900912761688
          },
          {
            "X": 0.7948906421661377,
            "Y": 0.4500977694988251
          },
          {
            "X": 0.64825439453125,
            "Y": 0.450355589389801
          }
        ]
      },
      "Id": "85acc413-89cb-4d69-8889-4b480e71b9dd",
      "Relationships": [
        {
          "Type": "CHILD",
          "Ids": [
            "3bd1f29b-346f-4966-b3af-e2d7f8816431",
            "2bbe6e87-2a9b-413f-a739-9514acafa576",
            "64a17401-571e-4035-ac75-acd3666ba48b"
          ]
        }
      ],
      "EntityTypes": [
        "COLUMN_HEADER"
      ],
      "Page": 1
    },
    {
      "BlockType": "CELL",
      "Confidence": 88.818359375,
      "RowIndex": 2,
      "ColumnIndex": 1,
      "RowSpan": 1,
      "ColumnSpan": 1,
      "Geometry": {
        "BoundingBox": {
          "Width": 0.1631563901901245,
          "Height": 0.04296872392296791,
          "Left": 0.20744363963603973,
          "Top": 0.45084434747695923
        },
        "Polygon": [
          {
            "X": 0.20744363963603973,
            "Y": 0.45113062858581543
          },
          {
            "X": 0.37026774883270264,
            "Y": 0.45084434747695923
          },
          {
            "X": 0.37060004472732544,
            "Y": 0.4935571551322937
          },
          {
            "X": 0.20774008333683014,
            "Y": 0.49381306767463684
          }
        ]
      },
      "Id": "3c834096-e372-4e09-8265-cd79315fd1f5",
      "Relationships": [
        {
          "Type": "CHILD",
          "Ids": [
            "b75a71e2-3b5a-4aa7-811a-fe9d9491071f"
          ]
        }
      ],
      "Page": 1
    },
    {
      "BlockType": "CELL",
      "Confidence": 88.623046875,
      "RowIndex": 2,
      "ColumnIndex": 2,
      "RowSpan": 1,
      "ColumnSpan": 1,
      "Geometry": {
        "BoundingBox": {
          "Width": 0.14867474138736725,
          "Height": 0.04297357425093651,
          "Left": 0.37026774883270264,
          "Top": 0.4505835771560669
        },
        "Polygon": [
          {
            "X": 0.37026774883270264,
            "Y": 0.45084434747695923
          },
          {
            "X": 0.518577516078949,
            "Y": 0.4505835771560669
          },
          {
            "X": 0.5189424753189087,
            "Y": 0.49332407116889954
          },
          {
            "X": 0.37060004472732544,
            "Y": 0.4935571551322937
          }
        ]
      },
      "Id": "de9a71a2-e3c2-4037-90b7-8ee183157d44",
      "Relationships": [
        {
          "Type": "CHILD",
          "Ids": [
            "8b26dba1-c2e3-4ee7-b79f-c89f5bbc029a",
            "272b3a17-1901-46fd-83b1-f059e83f92c5",
            "2a9e901d-6edf-468c-bfd7-257d259aa881"
          ]
        }
      ],
      "Page": 1
    },
    {
      "BlockType": "CELL",
      "Confidence": 88.0859375,
      "RowIndex": 2,
      "ColumnIndex": 3,
      "RowSpan": 1,
      "ColumnSpan": 1,
      "Geometry": {
        "BoundingBox": {
          "Width": 0.1300705224275589,
          "Height": 0.04296848177909851,
          "Left": 0.518577516078949,
          "Top": 0.450355589389801
        },
        "Polygon": [
          {
            "X": 0.518577516078949,
            "Y": 0.4505835771560669
          },
          {
            "X": 0.64825439453125,
            "Y": 0.450355589389801
          },
          {
            "X": 0.6486480236053467,
            "Y": 0.4931202530860901
          },
          {
            "X": 0.5189424753189087,
            "Y": 0.49332407116889954
          }
        ]
      },
      "Id": "18c9ac6f-b1c5-42d7-859f-2cc5e878f540",
      "Relationships": [
        {
          "Type": "CHILD",
          "Ids": [
            "ac951860-49d3-4971-a212-70799a566191",
            "2562e79b-cf8c-46ee-8bb7-8eb13d14673d",
            "2f5b8558-0793-4e33-bf86-f2f7c6f699bb"
          ]
        }
      ],
      "Page": 1
    },
    {
      "BlockType": "CELL",
      "Confidence": 88.57421875,
      "RowIndex": 2,
      "ColumnIndex": 4,
      "RowSpan": 1,
      "ColumnSpan": 1,
      "Geometry": {
        "BoundingBox": {
          "Width": 0.147062286734581,
          "Height": 0.04302248731255531,
          "Left": 0.64825439453125,
          "Top": 0.4500977694988251
        },
        "Polygon": [
          {
            "X": 0.64825439453125,
            "Y": 0.450355589389801
          },
          {
            "X": 0.7948906421661377,
            "Y": 0.4500977694988251
          },
          {
            "X": 0.7953166365623474,
            "Y": 0.49288979172706604
          },
          {
            "X": 0.6486480236053467,
            "Y": 0.4931202530860901
          }
        ]
      },
      "Id": "5dcf2ede-76c3-41e3-aa7f-15ffe8419f9d",
      "Relationships": [
        {
          "Type": "CHILD",
          "Ids": [
            "13aca8bc-f8e5-4717-a9b0-cef6ed409d8f",
            "9aada8f1-b598-42ff-ab10-637bccfb8cc3",
            "85b77431-fd69-47cd-9f7a-066cf32bf994"
          ]
        }
      ],
      "Page": 1
    },
    {
      "BlockType": "CELL",
      "Confidence": 91.6015625,
      "RowIndex": 3,
      "ColumnIndex": 1,
      "RowSpan": 1,
      "ColumnSpan": 1,
      "Geometry": {
        "BoundingBox": {
          "Width": 0.16327990591526031,
          "Height": 0.0541972741484642,
          "Left": 0.20774008333683014,
          "Top": 0.4935571551322937
        },
        "Polygon": [
          {
            "X": 0.20774008333683014,
            "Y": 0.49381306767463684
          },
          {
            "X": 0.37060004472732544,
            "Y": 0.4935571551322937
          },
          {
            "X": 0.37101998925209045,
            "Y": 0.5475369095802307
          },
          {
            "X": 0.20811471343040466,
            "Y": 0.5477544069290161
          }
        ]
      },
      "Id": "d223fdee-87e8-49ad-83f7-7b6d2e0e36e7",
      "Relationships": [
        {
          "Type": "CHILD",
          "Ids": [
            "44bfe309-5c64-4689-a399-246d8b4a3fb3"
          ]
        }
      ],
      "Page": 1
    },
    {
      "BlockType": "CELL",
      "Confidence": 91.40625,
      "RowIndex": 3,
      "ColumnIndex": 2,
      "RowSpan": 1,
      "ColumnSpan": 1,
      "Geometry": {
        "BoundingBox": {
          "Width": 0.1488037258386612,
          "Height": 0.054212864488363266,
          "Left": 0.37060004472732544,
          "Top": 0.49332407116889954
        },
        "Polygon": [
          {
            "X": 0.37060004472732544,
            "Y": 0.4935571551322937
          },
          {
            "X": 0.5189424753189087,
            "Y": 0.49332407116889954
          },
          {
            "X": 0.5194037556648254,
            "Y": 0.5473387837409973
          },
          {
            "X": 0.37101998925209045,
            "Y": 0.5475369095802307
          }
        ]
      },
      "Id": "48db9c24-e1db-4611-ae7f-cb0ef48a9668",
      "Relationships": [
        {
          "Type": "CHILD",
          "Ids": [
            "e2dd0944-3b55-41f0-bcfe-bdfce85205f7",
            "59268c26-aa6b-4370-bb96-8a3ce5dcfba9",
            "e2106662-d087-4c9e-97e1-bf3982e50253"
          ]
        }
      ],
      "Page": 1
    },
    {
      "BlockType": "CELL",
      "Confidence": 90.8203125,
      "RowIndex": 3,
      "ColumnIndex": 3,
      "RowSpan": 1,
      "ColumnSpan": 1,
      "Geometry": {
        "BoundingBox": {
          "Width": 0.1302029937505722,
          "Height": 0.054218560457229614,
          "Left": 0.5189424753189087,
          "Top": 0.4931202530860901
        },
        "Polygon": [
          {
            "X": 0.5189424753189087,
            "Y": 0.49332407116889954
          },
          {
            "X": 0.6486480236053467,
            "Y": 0.4931202530860901
          },
          {
            "X": 0.6491454839706421,
            "Y": 0.54716557264328
          },
          {
            "X": 0.5194037556648254,
            "Y": 0.5473387837409973
          }
        ]
      },
      "Id": "9b0ac6d2-9435-4704-b9ff-7f8a1fe77d3f",
      "Relationships": [
        {
          "Type": "CHILD",
          "Ids": [
            "2a6b19b1-eeba-41c5-92e7-73b80087052e",
            "fafcee53-c23a-4160-9c19-c5674b95fbe6",
            "8cad7a35-4082-4e9e-a076-516661adc754"
          ]
        }
      ],
      "Page": 1
    },
    {
      "BlockType": "CELL",
      "Confidence": 91.357421875,
      "RowIndex": 3,
      "ColumnIndex": 4,
      "RowSpan": 1,
      "ColumnSpan": 1,
      "Geometry": {
        "BoundingBox": {
          "Width": 0.1472070813179016,
          "Height": 0.05427579954266548,
          "Left": 0.6486480236053467,
          "Top": 0.49288979172706604
        },
        "Polygon": [
          {
            "X": 0.6486480236053467,
            "Y": 0.4931202530860901
          },
          {
            "X": 0.7953166365623474,
            "Y": 0.49288979172706604
          },
          {
            "X": 0.7958551049232483,
            "Y": 0.5469697117805481
          },
          {
            "X": 0.6491454839706421,
            "Y": 0.54716557264328
          }
        ]
      },
      "Id": "f6362e03-77cd-4e7c-88e8-9e8f56b29c68",
      "Relationships": [
        {
          "Type": "CHILD",
          "Ids": [
            "41de6870-61f7-41a9-b6ef-ff4a833b5f22",
            "d911dd1d-b75a-4544-9c76-bc0a20a72583",
            "20e80e22-ab76-4b1b-862d-8b8aaee2845f"
          ]
        }
      ],
      "Page": 1
    },
    {
      "BlockType": "CELL",
      "Confidence": 89.013671875,
      "RowIndex": 4,
      "ColumnIndex": 1,
      "RowSpan": 1,
      "ColumnSpan": 1,
      "Geometry": {
        "BoundingBox": {
          "Width": 0.1633254587650299,
          "Height": 0.054188698530197144,
          "Left": 0.20811471343040466,
          "Top": 0.5475369095802307
        },
        "Polygon": [
          {
            "X": 0.20811471343040466,
            "Y": 0.5477544069290161
          },
          {
            "X": 0.37101998925209045,
            "Y": 0.5475369095802307
          },
          {
            "X": 0.37144017219543457,
            "Y": 0.601546585559845
          },
          {
            "X": 0.2084895372390747,
            "Y": 0.6017256379127502
          }
        ]
      },
      "Id": "fc974858-7e49-4258-bd00-78d1d7f37ed5",
      "Relationships": [
        {
          "Type": "CHILD",
          "Ids": [
            "77e957db-3ca8-4493-b42e-3a39558efd92"
          ]
        }
      ],
      "Page": 1
    },
    {
      "BlockType": "CELL",
      "Confidence": 88.818359375,
      "RowIndex": 4,
      "ColumnIndex": 2,
      "RowSpan": 1,
      "ColumnSpan": 1,
      "Geometry": {
        "BoundingBox": {
          "Width": 0.14884531497955322,
          "Height": 0.054207757115364075,
          "Left": 0.37101998925209045,
          "Top": 0.5473387837409973
        },
        "Polygon": [
          {
            "X": 0.37101998925209045,
            "Y": 0.5475369095802307
          },
          {
            "X": 0.5194037556648254,
            "Y": 0.5473387837409973
          },
          {
            "X": 0.5198653340339661,
            "Y": 0.6013834476470947
          },
          {
            "X": 0.37144017219543457,
            "Y": 0.601546585559845
          }
        ]
      },
      "Id": "e1a6c145-4609-4a87-9bf3-dd86ddc2f9f5",
      "Relationships": [
        {
          "Type": "CHILD",
          "Ids": [
            "65aec5f4-729c-4166-8f8d-4fc9f5a2c961",
            "c48ddde7-b1bc-4996-9d31-2cf9e3cf5043",
            "1bf36668-4721-41b2-93aa-3431d13cb1d2"
          ]
        }
      ],
      "Page": 1
    },
    {
      "BlockType": "CELL",
      "Confidence": 88.28125,
      "RowIndex": 4,
      "ColumnIndex": 3,
      "RowSpan": 1,
      "ColumnSpan": 1,
      "Geometry": {
        "BoundingBox": {
          "Width": 0.13023945689201355,
          "Height": 0.05421788617968559,
          "Left": 0.5194037556648254,
          "Top": 0.54716557264328
        },
        "Polygon": [
          {
            "X": 0.5194037556648254,
            "Y": 0.5473387837409973
          },
          {
            "X": 0.6491454839706421,
            "Y": 0.54716557264328
          },
          {
            "X": 0.6496432423591614,
            "Y": 0.601240873336792
          },
          {
            "X": 0.5198653340339661,
            "Y": 0.6013834476470947
          }
        ]
      },
      "Id": "b6034fed-e4bf-42bd-b50c-a6c98d91a291",
      "Relationships": [
        {
          "Type": "CHILD",
          "Ids": [
            "325c4d4e-72eb-4271-8dcf-1f8de8e6f5bb",
            "fd150f35-a957-4d33-ad48-fe034282f99c",
            "5f9c2974-b6d0-402d-9c04-11ef92edbf9a"
          ]
        }
      ],
      "Page": 1
    },
    {
      "BlockType": "CELL",
      "Confidence": 88.76953125,
      "RowIndex": 4,
      "ColumnIndex": 4,
      "RowSpan": 1,
      "ColumnSpan": 1,
      "Geometry": {
        "BoundingBox": {
          "Width": 0.14724834263324738,
          "Height": 0.054271161556243896,
          "Left": 0.6491454839706421,
          "Top": 0.5469697117805481
        },
        "Polygon": [
          {
            "X": 0.6491454839706421,
            "Y": 0.54716557264328
          },
          {
            "X": 0.7958551049232483,
            "Y": 0.5469697117805481
          },
          {
            "X": 0.7963938117027283,
            "Y": 0.6010795831680298
          },
          {
            "X": 0.6496432423591614,
            "Y": 0.601240873336792
          }
        ]
      },
      "Id": "fe758a34-1dbd-4b87-a855-2adc11baaba1",
      "Relationships": [
        {
          "Type": "CHILD",
          "Ids": [
            "fcff1899-ed48-468a-956e-f2ead566d1d4",
            "02ebbcf1-583d-4b77-83c6-980958d53f1e",
            "2921662b-e330-4bcf-b10a-645f9bb4a90d"
          ]
        }
      ],
      "Page": 1
    },
    {
      "BlockType": "CELL",
      "Confidence": 91.162109375,
      "RowIndex": 5,
      "ColumnIndex": 1,
      "RowSpan": 1,
      "ColumnSpan": 1,
      "Geometry": {
        "BoundingBox": {
          "Width": 0.16340576112270355,
          "Height": 0.05864081159234047,
          "Left": 0.2084895372390747,
          "Top": 0.601546585559845
        },
        "Polygon": [
          {
            "X": 0.2084895372390747,
            "Y": 0.6017256379127502
          },
          {
            "X": 0.37144017219543457,
            "Y": 0.601546585559845
          },
          {
            "X": 0.37189531326293945,
            "Y": 0.6600499749183655
          },
          {
            "X": 0.20889556407928467,
            "Y": 0.6601873636245728
          }
        ]
      },
      "Id": "4bffae67-a359-44a1-8fe6-a53ca331728f",
      "Relationships": [
        {
          "Type": "CHILD",
          "Ids": [
            "826caedd-cff5-4974-8915-5c92026f17f7"
          ]
        }
      ],
      "Page": 1
    },
    {
      "BlockType": "CELL",
      "Confidence": 90.966796875,
      "RowIndex": 5,
      "ColumnIndex": 2,
      "RowSpan": 1,
      "ColumnSpan": 1,
      "Geometry": {
        "BoundingBox": {
          "Width": 0.1489250808954239,
          "Height": 0.058666519820690155,
          "Left": 0.37144017219543457,
          "Top": 0.6013834476470947
        },
        "Polygon": [
          {
            "X": 0.37144017219543457,
            "Y": 0.601546585559845
          },
          {
            "X": 0.5198653340339661,
            "Y": 0.6013834476470947
          },
          {
            "X": 0.5203652381896973,
            "Y": 0.6599248647689819
          },
          {
            "X": 0.37189531326293945,
            "Y": 0.6600499749183655
          }
        ]
      },
      "Id": "853c8af1-4310-496a-a7c2-15b005560a0a",
      "Relationships": [
        {
          "Type": "CHILD",
          "Ids": [
            "43050c7b-f591-4053-87a6-1b46a5ecdd5c",
            "6d09cc5d-c91f-4a04-ae1f-6848873e6c0d",
            "7d907760-cc0d-4177-b557-9bdef79de6d9"
          ]
        }
      ],
      "Page": 1
    },
    {
      "BlockType": "CELL",
      "Confidence": 90.4296875,
      "RowIndex": 5,
      "ColumnIndex": 3,
      "RowSpan": 1,
      "ColumnSpan": 1,
      "Geometry": {
        "BoundingBox": {
          "Width": 0.1303170770406723,
          "Height": 0.058683983981609344,
          "Left": 0.5198653340339661,
          "Top": 0.601240873336792
        },
        "Polygon": [
          {
            "X": 0.5198653340339661,
            "Y": 0.6013834476470947
          },
          {
            "X": 0.6496432423591614,
            "Y": 0.601240873336792
          },
          {
            "X": 0.6501823663711548,
            "Y": 0.6598154306411743
          },
          {
            "X": 0.5203652381896973,
            "Y": 0.6599248647689819
          }
        ]
      },
      "Id": "060ac152-7273-40e3-9968-0e89df1501c5",
      "Relationships": [
        {
          "Type": "CHILD",
          "Ids": [
            "c5fef7f5-6582-421c-822f-5f51e17d92ae",
            "cd34e9a6-5339-47ea-a7b7-497dc8efade5",
            "deb74e2a-28d0-4113-a2c3-032846a1a778"
          ]
        }
      ],
      "Page": 1
    },
    {
      "BlockType": "CELL",
      "Confidence": 90.91796875,
      "RowIndex": 5,
      "ColumnIndex": 4,
      "RowSpan": 1,
      "ColumnSpan": 1,
      "Geometry": {
        "BoundingBox": {
          "Width": 0.14733415842056274,
          "Height": 0.05873582139611244,
          "Left": 0.6496432423591614,
          "Top": 0.6010795831680298
        },
        "Polygon": [
          {
            "X": 0.6496432423591614,
            "Y": 0.601240873336792
          },
          {
            "X": 0.7963938117027283,
            "Y": 0.6010795831680298
          },
          {
            "X": 0.7969774007797241,
            "Y": 0.6596916913986206
          },
          {
            "X": 0.6501823663711548,
            "Y": 0.6598154306411743
          }
        ]
      },
      "Id": "90d79e75-12ec-46da-a714-94b06507dc49",
      "Relationships": [
        {
          "Type": "CHILD",
          "Ids": [
            "e0bfd0c2-3b52-4bc8-ab5b-f53d6b925266",
            "ef4ebde4-ea0b-4aa2-abd4-b6c6fe94ed80",
            "975f73c1-5445-4c3d-8937-2fef3e7e6b41"
          ]
        }
      ],
      "Page": 1
    }
  ],
  "AnalyzeDocumentModelVersion": "1.0"
}