{
  "DocumentMetadata": {
    "Pages": 1
  },
  "JobStatus": "SUCCEEDED",
  "Blocks": [
    {
      "BlockType": "PAGE",
      "Geometry": {
        "BoundingBox": {
          "Width": 0.5268449783325195,
          "Height": 0.3233320415019989,
          "Left": 0.23089416325092316,
          "Top": 0.33373671770095825
        },
        "Polygon": [
          {
            "X": 0.23089416325092316,
            "Y": 0.33373671770095825
          },
          {
            "X": 0.7565081119537354,
            "Y": 0.3346688449382782
          },
          {
            "X": 0.7577391266822815,
            "Y": 0.6570687294006348
          },
          {
            "X": 0.23109307885169983,
            "Y": 0.6555575728416443
          }
        ]
      },
      "Id": "e1e21055-6436-4d5a-ac6a-c218abffaba9",
      "Relationships": [
        {
          "Type": "CHILD",
          "Ids": [
            "41cf26d8-52e2-4c02-b868-c17e32373ed0",
            "72e53742-cf54-4551-ae86-f8063c2b0855",
            "b60038ff-79d3-4253-a5c0-809e399c0862",
            "9108da17-65ce-457d-9587-70a9489ab175",
            "03a59a9d-74a8-4a69-97b8-1075738864e0",
            "76f00034-467e-4660-b256-568b9ddcac2d",
            "53a39123-d764-40f3-8056-eeaaf5001e87",
            "54ea3e26-7f95-4586-9964-37e1a103a264",
            "bd2df98a-8473-435a-ac52-9290d504c945",
            "70f51b9e-8989-4f1f-b055-df610858ee24",
            "3262bc87-d98c-4093-b9b3-d9ad7c0ccacb",
            "a9af43a3-6bf7-4f97-8c8e-8858f963bdad",
            "768e41ba-c73f-4eea-9544-e7d0d1072609"
          ]
        }
      ],
      "Page": 1
    },
    {
      "BlockType": "LINE",
      "Confidence": 81.9791030883789,
      "Text": "CP formulation, railway",
      "Geometry": {
        "BoundingBox": {
          "Width": 0.180618554353714,
          "Height": 0.026699788868427277,
          "Left": 0.24022690951824188,
          "Top": 0.3763486444950104
        },
        "Polygon": [
          {
            "X": 0.24022690951824188,
            "Y": 0.3763486444950104
          },
          {
            "X": 0.42079871892929077,
            "Y": 0.37669506669044495
          },
          {
            "X": 0.42084547877311707,
            "Y": 0.40304845571517944
          },
          {
            "X": 0.24024468660354614,
            "Y": 0.4026857614517212
          }
        ]
      },
      "Id": "41cf26d8-52e2-4c02-b868-c17e32373ed0",
      "Relationships": [
        {
          "Type": "CHILD",
          "Ids": [
            "59d0529c-81ef-4ada-88c4-fac0a44b4d9a",
            "11e1673b-b027-4126-9c0e-56dd8bc91dec",
            "df11ea1b-1786-4a98-af8a-88a5f5a721bd"
          ]
        }
      ],
      "Page": 1
    },
    {
      "BlockType": "LINE",
      "Confidence": 99.69448852539062,
      "Text": "Classification",
      "Geometry": {
        "BoundingBox": {
          "Width": 0.10315346717834473,
          "Height": 0.021558115258812904,
          "Left": 0.6210505962371826,
          "Top": 0.37628769874572754
        },
        "Polygon": [
          {
            "X": 0.6210505962371826,
            "Y": 0.37628769874572754
          },
          {
            "X": 0.7241266965866089,
            "Y": 0.3764851689338684
          },
          {
            "X": 0.7242040634155273,
            "Y": 0.3978458344936371
          },
          {
            "X": 0.6211144924163818,
            "Y": 0.39764082431793213
          }
        ]
      },
      "Id": "72e53742-cf54-4551-ae86-f8063c2b0855",
      "Relationships": [
        {
          "Type": "CHILD",
          "Ids": [
            "7a2c2bfd-ba80-4a84-bb34-4e5d92b41e00"
          ]
        }
      ],
      "Page": 1
    },
    {
      "BlockType": "LINE",
      "Confidence": 95.8704605102539,
      "Text": "pplications",
      "Geometry": {
        "BoundingBox": {
          "Width": 0.0846291109919548,
          "Height": 0.026980461552739143,
          "Left": 0.24277044832706451,
          "Top": 0.4100438356399536
        },
        "Polygon": [
          {
            "X": 0.24277044832706451,
            "Y": 0.4100438356399536
          },
          {
            "X": 0.32736727595329285,
            "Y": 0.4102158546447754
          },
          {
            "X": 0.3273995518684387,
            "Y": 0.4370242953300476
          },
          {
            "X": 0.24278895556926727,
            "Y": 0.4368445575237274
          }
        ]
      },
      "Id": "b60038ff-79d3-4253-a5c0-809e399c0862",
      "Relationships": [
        {
          "Type": "CHILD",
          "Ids": [
            "ac8aef2b-f8cc-4eb3-9511-6bcd16013c11"
          ]
        }
      ],
      "Page": 1
    },
    {
      "BlockType": "LINE",
      "Confidence": 99.57347869873047,
      "Text": "DIN 5510,",
      "Geometry": {
        "BoundingBox": {
          "Width": 0.08218026161193848,
          "Height": 0.024431295692920685,
          "Left": 0.6212959885597229,
          "Top": 0.41038867831230164
        },
        "Polygon": [
          {
            "X": 0.6212959885597229,
            "Y": 0.41038867831230164
          },
          {
            "X": 0.7033914923667908,
            "Y": 0.41055548191070557
          },
          {
            "X": 0.7034762501716614,
            "Y": 0.4348199963569641
          },
          {
            "X": 0.6213686466217041,
            "Y": 0.4346463978290558
          }
        ]
      },
      "Id": "9108da17-65ce-457d-9587-70a9489ab175",
      "Relationships": [
        {
          "Type": "CHILD",
          "Ids": [
            "71bf0060-5475-4eda-a279-c9bc8e210a76",
            "7e8e0493-4910-4df3-bb5a-2e370cd33815"
          ]
        }
      ],
      "Page": 1
    },
    {
      "BlockType": "LINE",
      "Confidence": 99.49462127685547,
      "Text": "part 2 S4 SR 2",
      "Geometry": {
        "BoundingBox": {
          "Width": 0.1137726753950119,
          "Height": 0.027427326887845993,
          "Left": 0.621151864528656,
          "Top": 0.4415394365787506
        },
        "Polygon": [
          {
            "X": 0.621151864528656,
            "Y": 0.4415394365787506
          },
          {
            "X": 0.7348243594169617,
            "Y": 0.4417824447154999
          },
          {
            "X": 0.7349244952201843,
            "Y": 0.4689667820930481
          },
          {
            "X": 0.6212331652641296,
            "Y": 0.4687132239341736
          }
        ]
      },
      "Id": "03a59a9d-74a8-4a69-97b8-1075738864e0",
      "Relationships": [
        {
          "Type": "CHILD",
          "Ids": [
            "3f9e74c2-ea61-4722-98c0-65fd5714a0ba",
            "66111f3b-6c28-4b67-931d-785988a21052",
            "69d73571-a221-40fc-a852-c8342ebe07c1",
            "dee3419e-3f30-4535-b1a0-d3ed49bc21a0",
            "e8090e29-5e4d-4931-9313-7db409072bb9"
          ]
        }
      ],
      "Page": 1
    },
    {
      "BlockType": "LINE",
      "Confidence": 99.52947235107422,
      "Text": "ST2 (3 mm)",
      "Geometry": {
        "BoundingBox": {
          "Width": 0.09214981645345688,
          "Height": 0.02581886202096939,
          "Left": 0.6211485266685486,
          "Top": 0.4757482409477234
        },
        "Polygon": [
          {
            "X": 0.6211485266685486,
            "Y": 0.4757482409477234
          },
          {
            "X": 0.7132073640823364,
            "Y": 0.4759557545185089
          },
          {
            "X": 0.7132983207702637,
            "Y": 0.5015671253204346
          },
          {
            "X": 0.621225118637085,
            "Y": 0.501351535320282
          }
        ]
      },
      "Id": "76f00034-467e-4660-b256-568b9ddcac2d",
      "Relationships": [
        {
          "Type": "CHILD",
          "Ids": [
            "9156d3de-cfdc-42c3-9026-bf875854cc9d",
            "51ec61c7-7a13-417b-b535-40989f6b3785",
            "f7ed33d2-ae33-4b29-bd3a-68ca2e4547c2"
          ]
        }
      ],
      "Page": 1
    },
    {
      "BlockType": "LINE",
      "Confidence": 98.88579559326172,
      "Text": "liquid epoxy resin Beckopox EP 140",
      "Geometry": {
        "BoundingBox": {
          "Width": 0.27610549330711365,
          "Height": 0.027689537033438683,
          "Left": 0.24385268986225128,
          "Top": 0.531133234500885
        },
        "Polygon": [
          {
            "X": 0.24385268986225128,
            "Y": 0.531133234500885
          },
          {
            "X": 0.519894003868103,
            "Y": 0.5318083167076111
          },
          {
            "X": 0.5199581980705261,
            "Y": 0.5588228106498718
          },
          {
            "X": 0.24387148022651672,
            "Y": 0.5581222176551819
          }
        ]
      },
      "Id": "53a39123-d764-40f3-8056-eeaaf5001e87",
      "Relationships": [
        {
          "Type": "CHILD",
          "Ids": [
            "20412cc9-0ce8-444a-8882-91859cb643c2",
            "97712d78-05b4-455d-9b80-0870d1417243",
            "99afdea8-9383-4dbe-90dd-e0d94984aeb0",
            "cc616b5c-1fb6-46ed-9953-6acc0406294f",
            "a14c5432-8feb-4697-9dfb-c2b01c028295",
            "c48d99b3-7011-4481-9612-c25cfc6d0adb"
          ]
        }
      ],
      "Page": 1
    },
    {
      "BlockType": "LINE",
      "Confidence": 99.97840881347656,
      "Text": "100 parts",
      "Geometry": {
        "BoundingBox": {
          "Width": 0.06938697397708893,
          "Height": 0.02616165578365326,
          "Left": 0.6228178143501282,
          "Top": 0.5322046875953674
        },
        "Polygon": [
          {
            "X": 0.6228178143501282,
            "Y": 0.5322046875953674
          },
          {
            "X": 0.692115843296051,
            "Y": 0.5323742032051086
          },
          {
            "X": 0.6922047734260559,
            "Y": 0.5583663582801819
          },
          {
            "X": 0.6228957772254944,
            "Y": 0.5581907033920288
          }
        ]
      },
      "Id": "54ea3e26-7f95-4586-9964-37e1a103a264",
      "Relationships": [
        {
          "Type": "CHILD",
          "Ids": [
            "b5f83a84-a1d9-4e02-9664-fd10ce88fbba",
            "6314f280-518b-4fb8-9a35-2a632cef8550"
          ]
        }
      ],
      "Page": 1
    },
    {
      "BlockType": "LINE",
      "Confidence": 99.21044158935547,
      "Text": "olyamine hardener Beckpox EH 625",
      "Geometry": {
        "BoundingBox": {
          "Width": 0.2795807719230652,
          "Height": 0.026976419612765312,
          "Left": 0.2445630431175232,
          "Top": 0.5646495819091797
        },
        "Polygon": [
          {
            "X": 0.2445630431175232,
            "Y": 0.5646495819091797
          },
          {
            "X": 0.5240808129310608,
            "Y": 0.5653650760650635
          },
          {
            "X": 0.5241438150405884,
            "Y": 0.591625988483429
          },
          {
            "X": 0.2445814162492752,
            "Y": 0.5908854603767395
          }
        ]
      },
      "Id": "bd2df98a-8473-435a-ac52-9290d504c945",
      "Relationships": [
        {
          "Type": "CHILD",
          "Ids": [
            "c0e08424-4b27-4e51-83fd-2291c4f67b93",
            "9555c9e8-09a8-4038-8bb1-0de5d2e57cb9",
            "c6e259be-916a-47aa-9d21-db9ce609835f",
            "e727ad0b-7cb1-4670-9725-9258449b2e9f",
            "a52bcbfd-5352-44ab-b103-7ea4e64f3f61"
          ]
        }
      ],
      "Page": 1
    },
    {
      "BlockType": "LINE",
      "Confidence": 99.96890258789062,
      "Text": "39 parts",
      "Geometry": {
        "BoundingBox": {
          "Width": 0.061778049916028976,
          "Height": 0.026244787499308586,
          "Left": 0.6215812563896179,
          "Top": 0.5652487874031067
        },
        "Polygon": [
          {
            "X": 0.6215812563896179,
            "Y": 0.5652487874031067
          },
          {
            "X": 0.6832714676856995,
            "Y": 0.5654066205024719
          },
          {
            "X": 0.6833593249320984,
            "Y": 0.591493546962738
          },
          {
            "X": 0.6216592788696289,
            "Y": 0.5913302302360535
          }
        ]
      },
      "Id": "70f51b9e-8989-4f1f-b055-df610858ee24",
      "Relationships": [
        {
          "Type": "CHILD",
          "Ids": [
            "34599cbe-7d89-4405-bd21-a33fc56f32d9",
            "99ed336f-a3fc-4ade-9a9e-fea079a408b8"
          ]
        }
      ],
      "Page": 1
    },
    {
      "BlockType": "LINE",
      "Confidence": 94.9021224975586,
      "Text": "Exolit AP 422",
      "Geometry": {
        "BoundingBox": {
          "Width": 0.101521335542202,
          "Height": 0.020473353564739227,
          "Left": 0.24185015261173248,
          "Top": 0.5987077355384827
        },
        "Polygon": [
          {
            "X": 0.24185015261173248,
            "Y": 0.5987077355384827
          },
          {
            "X": 0.3433452248573303,
            "Y": 0.5989792943000793
          },
          {
            "X": 0.3433714807033539,
            "Y": 0.6191810965538025
          },
          {
            "X": 0.24186396598815918,
            "Y": 0.6189025044441223
          }
        ]
      },
      "Id": "3262bc87-d98c-4093-b9b3-d9ad7c0ccacb",
      "Relationships": [
        {
          "Type": "CHILD",
          "Ids": [
            "7a2df149-2636-4099-b4ec-1ea1ccd248d6",
            "27864dd1-9316-40df-9418-df4becb11ee5",
            "134264a6-3db7-4985-9cea-32b233e1ee11"
          ]
        }
      ],
      "Page": 1
    },
    {
      "BlockType": "LINE",
      "Confidence": 99.94596099853516,
      "Text": "30 parts",
      "Geometry": {
        "BoundingBox": {
          "Width": 0.061463575810194016,
          "Height": 0.026012063026428223,
          "Left": 0.6210724115371704,
          "Top": 0.5988898277282715
        },
        "Polygon": [
          {
            "X": 0.6210724115371704,
            "Y": 0.5988898277282715
          },
          {
            "X": 0.6824491024017334,
            "Y": 0.5990539193153381
          },
          {
            "X": 0.6825360059738159,
            "Y": 0.6249018907546997
          },
          {
            "X": 0.6211496591567993,
            "Y": 0.6247324347496033
          }
        ]
      },
      "Id": "a9af43a3-6bf7-4f97-8c8e-8858f963bdad",
      "Relationships": [
        {
          "Type": "CHILD",
          "Ids": [
            "31e92e46-e825-45c6-ba17-386e16369784",
            "c809e81a-0a76-48ae-aea0-8295fd2bfc96"
          ]
        }
      ],
      "Page": 1
    },
    {
      "BlockType": "WORD",
      "Confidence": 47.21091842651367,
      "Text": "CP",
      "TextType": "PRINTED",
      "Geometry": {
        "BoundingBox": {
          "Width": 0.016764499247074127,
          "Height": 0.020395146682858467,
          "Left": 0.2402273714542389,
          "Top": 0.37702783942222595
        },
        "Polygon": [
          {
            "X": 0.2402273714542389,
            "Y": 0.37702783942222595
          },
          {
            "X": 0.25697603821754456,
            "Y": 0.37706002593040466
          },
          {
            "X": 0.2569918632507324,
            "Y": 0.39742299914360046
          },
          {
            "X": 0.24024111032485962,
            "Y": 0.39738965034484863
          }
        ]
      },
      "Id": "59d0529c-81ef-4ada-88c4-fac0a44b4d9a",
      "Page": 1
    },
    {
      "BlockType": "WORD",
      "Confidence": 98.7825927734375,
      "Text": "formulation,",
      "TextType": "PRINTED",
      "Geometry": {
        "BoundingBox": {
          "Width": 0.0965220108628273,
          "Height": 0.025027336552739143,
          "Left": 0.2620611786842346,
          "Top": 0.37652432918548584
        },
        "Polygon": [
          {
            "X": 0.2620611786842346,
            "Y": 0.37652432918548584
          },
          {
            "X": 0.35854852199554443,
            "Y": 0.3767094910144806
          },
          {
            "X": 0.3585831820964813,
            "Y": 0.40155166387557983
          },
          {
            "X": 0.26208123564720154,
            "Y": 0.40135830640792847
          }
        ]
      },
      "Id": "11e1673b-b027-4126-9c0e-56dd8bc91dec",
      "Page": 1
    },
    {
      "BlockType": "WORD",
      "Confidence": 99.94378662109375,
      "Text": "railway",
      "TextType": "PRINTED",
      "Geometry": {
        "BoundingBox": {
          "Width": 0.056272074580192566,
          "Height": 0.026461228728294373,
          "Left": 0.3645733892917633,
          "Top": 0.3765872120857239
        },
        "Polygon": [
          {
            "X": 0.3645733892917633,
            "Y": 0.3765872120857239
          },
          {
            "X": 0.42079871892929077,
            "Y": 0.37669506669044495
          },
          {
            "X": 0.42084547877311707,
            "Y": 0.40304845571517944
          },
          {
            "X": 0.36461111903190613,
            "Y": 0.4029355049133301
          }
        ]
      },
      "Id": "df11ea1b-1786-4a98-af8a-88a5f5a721bd",
      "Page": 1
    },
    {
      "BlockType": "WORD",
      "Confidence": 99.69448852539062,
      "Text": "Classification",
      "TextType": "PRINTED",
      "Geometry": {
        "BoundingBox": {
          "Width": 0.10315346717834473,
          "Height": 0.021558115258812904,
          "Left": 0.6210505962371826,
          "Top": 0.37628769874572754
        },
        "Polygon": [
          {
            "X": 0.6210505962371826,
            "Y": 0.37628769874572754
          },
          {
            "X": 0.7241266965866089,
            "Y": 0.3764851689338684
          },
          {
            "X": 0.7242040634155273,
            "Y": 0.3978458344936371
          },
          {
            "X": 0.6211144924163818,
            "Y": 0.39764082431793213
          }
        ]
      },
      "Id": "7a2c2bfd-ba80-4a84-bb34-4e5d92b41e00",
      "Page": 1
    },
    {
      "BlockType": "WORD",
      "Confidence": 95.8704605102539,
      "Text": "pplications",
      "TextType": "PRINTED",
      "Geometry": {
        "BoundingBox": {
          "Width": 0.0846291109919548,
          "Height": 0.026980461552739143,
          "Left": 0.24277044832706451,
          "Top": 0.4100438356399536
        },
        "Polygon": [
          {
            "X": 0.24277044832706451,
            "Y": 0.4100438356399536
          },
          {
            "X": 0.32736727595329285,
            "Y": 0.4102158546447754
          },
          {
            "X": 0.3273995518684387,
            "Y": 0.4370242953300476
          },
          {
            "X": 0.24278895556926727,
            "Y": 0.4368445575237274
          }
        ]
      },
      "Id": "ac8aef2b-f8cc-4eb3-9511-6bcd16013c11",
      "Page": 1
    },
    {
      "BlockType": "WORD",
      "Confidence": 99.97270202636719,
      "Text": "DIN",
      "TextType": "PRINTED",
      "Geometry": {
        "BoundingBox": {
          "Width": 0.03607477992773056,
          "Height": 0.02083667740225792,
          "Left": 0.6212960481643677,
          "Top": 0.41039538383483887
        },
        "Polygon": [
          {
            "X": 0.6212960481643677,
            "Y": 0.41039538383483887
          },
          {
            "X": 0.6573041081428528,
            "Y": 0.41046854853630066
          },
          {
            "X": 0.6573708057403564,
            "Y": 0.4312320649623871
          },
          {
            "X": 0.6213581562042236,
            "Y": 0.43115633726119995
          }
        ]
      },
      "Id": "71bf0060-5475-4eda-a279-c9bc8e210a76",
      "Page": 1
    },
    {
      "BlockType": "WORD",
      "Confidence": 99.17424011230469,
      "Text": "5510,",
      "TextType": "PRINTED",
      "Geometry": {
        "BoundingBox": {
          "Width": 0.03996254503726959,
          "Height": 0.02434551902115345,
          "Left": 0.663513720035553,
          "Top": 0.4104744791984558
        },
        "Polygon": [
          {
            "X": 0.663513720035553,
            "Y": 0.4104744791984558
          },
          {
            "X": 0.7033914923667908,
            "Y": 0.41055548191070557
          },
          {
            "X": 0.7034762501716614,
            "Y": 0.4348199963569641
          },
          {
            "X": 0.6635925769805908,
            "Y": 0.43473565578460693
          }
        ]
      },
      "Id": "7e8e0493-4910-4df3-bb5a-2e370cd33815",
      "Page": 1
    },
    {
      "BlockType": "WORD",
      "Confidence": 99.75889587402344,
      "Text": "part",
      "TextType": "PRINTED",
      "Geometry": {
        "BoundingBox": {
          "Width": 0.03264160454273224,
          "Height": 0.02371000312268734,
          "Left": 0.6211624145507812,
          "Top": 0.4450758695602417
        },
        "Polygon": [
          {
            "X": 0.6211624145507812,
            "Y": 0.4450758695602417
          },
          {
            "X": 0.6537286043167114,
            "Y": 0.4451458752155304
          },
          {
            "X": 0.6538040041923523,
            "Y": 0.4687858521938324
          },
          {
            "X": 0.6212331652641296,
            "Y": 0.4687132239341736
          }
        ]
      },
      "Id": "3f9e74c2-ea61-4722-98c0-65fd5714a0ba",
      "Page": 1
    },
    {
      "BlockType": "WORD",
      "Confidence": 99.704345703125,
      "Text": "2",
      "TextType": "PRINTED",
      "Geometry": {
        "BoundingBox": {
          "Width": 0.009687776677310467,
          "Height": 0.020038850605487823,
          "Left": 0.6579482555389404,
          "Top": 0.443033903837204
        },
        "Polygon": [
          {
            "X": 0.6579482555389404,
            "Y": 0.443033903837204
          },
          {
            "X": 0.6675704717636108,
            "Y": 0.4430544972419739
          },
          {
            "X": 0.667635977268219,
            "Y": 0.4630727469921112
          },
          {
            "X": 0.6580126285552979,
            "Y": 0.4630514681339264
          }
        ]
      },
      "Id": "66111f3b-6c28-4b67-931d-785988a21052",
      "Page": 1
    },
    {
      "BlockType": "WORD",
      "Confidence": 99.67868041992188,
      "Text": "S4",
      "TextType": "PRINTED",
      "Geometry": {
        "BoundingBox": {
          "Width": 0.019040249288082123,
          "Height": 0.021439213305711746,
          "Left": 0.6726027727127075,
          "Top": 0.4416494369506836
        },
        "Polygon": [
          {
            "X": 0.6726027727127075,
            "Y": 0.4416494369506836
          },
          {
            "X": 0.6915698647499084,
            "Y": 0.44168996810913086
          },
          {
            "X": 0.6916430592536926,
            "Y": 0.46308866143226624
          },
          {
            "X": 0.6726735234260559,
            "Y": 0.46304672956466675
          }
        ]
      },
      "Id": "69d73571-a221-40fc-a852-c8342ebe07c1",
      "Page": 1
    },
    {
      "BlockType": "WORD",
      "Confidence": 99.92942810058594,
      "Text": "SR",
      "TextType": "PRINTED",
      "Geometry": {
        "BoundingBox": {
          "Width": 0.02384815737605095,
          "Height": 0.020748751237988472,
          "Left": 0.6967527866363525,
          "Top": 0.4424736201763153
        },
        "Polygon": [
          {
            "X": 0.6967527866363525,
            "Y": 0.4424736201763153
          },
          {
            "X": 0.7205264568328857,
            "Y": 0.4425244927406311
          },
          {
            "X": 0.7206009030342102,
            "Y": 0.46322235465049744
          },
          {
            "X": 0.6968241930007935,
            "Y": 0.46316981315612793
          }
        ]
      },
      "Id": "dee3419e-3f30-4535-b1a0-d3ed49bc21a0",
      "Page": 1
    },
    {
      "BlockType": "WORD",
      "Confidence": 98.40174102783203,
      "Text": "2",
      "TextType": "PRINTED",
      "Geometry": {
        "BoundingBox": {
          "Width": 0.009170928038656712,
          "Height": 0.019875576719641685,
          "Left": 0.7257310152053833,
          "Top": 0.4429627060890198
        },
        "Polygon": [
          {
            "X": 0.7257310152053833,
            "Y": 0.4429627060890198
          },
          {
            "X": 0.734828770160675,
            "Y": 0.44298219680786133
          },
          {
            "X": 0.7349019646644592,
            "Y": 0.4628382921218872
          },
          {
            "X": 0.7258030772209167,
            "Y": 0.4628181755542755
          }
        ]
      },
      "Id": "e8090e29-5e4d-4931-9313-7db409072bb9",
      "Page": 1
    },
    {
      "BlockType": "WORD",
      "Confidence": 99.73735809326172,
      "Text": "ST2",
      "TextType": "PRINTED",
      "Geometry": {
        "BoundingBox": {
          "Width": 0.030869368463754654,
          "Height": 0.021093517541885376,
          "Left": 0.6211485266685486,
          "Top": 0.4757482409477234
        },
        "Polygon": [
          {
            "X": 0.6211485266685486,
            "Y": 0.4757482409477234
          },
          {
            "X": 0.6519510746002197,
            "Y": 0.4758176803588867
          },
          {
            "X": 0.6520178914070129,
            "Y": 0.49684175848960876
          },
          {
            "X": 0.6212114095687866,
            "Y": 0.49677011370658875
          }
        ]
      },
      "Id": "9156d3de-cfdc-42c3-9026-bf875854cc9d",
      "Page": 1
    },
    {
      "BlockType": "WORD",
      "Confidence": 99.47393798828125,
      "Text": "(3",
      "TextType": "PRINTED",
      "Geometry": {
        "BoundingBox": {
          "Width": 0.015001618303358555,
          "Height": 0.025629190728068352,
          "Left": 0.6571459770202637,
          "Top": 0.47584158182144165
        },
        "Polygon": [
          {
            "X": 0.6571459770202637,
            "Y": 0.47584158182144165
          },
          {
            "X": 0.6720631122589111,
            "Y": 0.47587519884109497
          },
          {
            "X": 0.6721475720405579,
            "Y": 0.5014707446098328
          },
          {
            "X": 0.6572281122207642,
            "Y": 0.5014358162879944
          }
        ]
      },
      "Id": "51ec61c7-7a13-417b-b535-40989f6b3785",
      "Page": 1
    },
    {
      "BlockType": "WORD",
      "Confidence": 99.37712860107422,
      "Text": "mm)",
      "TextType": "PRINTED",
      "Geometry": {
        "BoundingBox": {
          "Width": 0.03605416789650917,
          "Height": 0.02525908499956131,
          "Left": 0.6772430539131165,
          "Top": 0.47599074244499207
        },
        "Polygon": [
          {
            "X": 0.6772430539131165,
            "Y": 0.47599074244499207
          },
          {
            "X": 0.7132077813148499,
            "Y": 0.476071834564209
          },
          {
            "X": 0.7132971882820129,
            "Y": 0.5012498497962952
          },
          {
            "X": 0.6773269176483154,
            "Y": 0.5011656880378723
          }
        ]
      },
      "Id": "f7ed33d2-ae33-4b29-bd3a-68ca2e4547c2",
      "Page": 1
    },
    {
      "BlockType": "WORD",
      "Confidence": 94.76306915283203,
      "Text": "liquid",
      "TextType": "PRINTED",
      "Geometry": {
        "BoundingBox": {
          "Width": 0.04141714796423912,
          "Height": 0.026046866551041603,
          "Left": 0.24385303258895874,
          "Top": 0.5316101312637329
        },
        "Polygon": [
          {
            "X": 0.24385303258895874,
            "Y": 0.5316101312637329
          },
          {
            "X": 0.2852455973625183,
            "Y": 0.5317114591598511
          },
          {
            "X": 0.28527018427848816,
            "Y": 0.55765700340271
          },
          {
            "X": 0.24387109279632568,
            "Y": 0.5575520396232605
          }
        ]
      },
      "Id": "20412cc9-0ce8-444a-8882-91859cb643c2",
      "Page": 1
    },
    {
      "BlockType": "WORD",
      "Confidence": 99.81366729736328,
      "Text": "epoxy",
      "TextType": "PRINTED",
      "Geometry": {
        "BoundingBox": {
          "Width": 0.04591866955161095,
          "Height": 0.02062036655843258,
          "Left": 0.2903274893760681,
          "Top": 0.5377362370491028
        },
        "Polygon": [
          {
            "X": 0.2903274893760681,
            "Y": 0.5377362370491028
          },
          {
            "X": 0.336220383644104,
            "Y": 0.537849485874176
          },
          {
            "X": 0.33624616265296936,
            "Y": 0.5583566427230835
          },
          {
            "X": 0.2903475761413574,
            "Y": 0.5582401752471924
          }
        ]
      },
      "Id": "97712d78-05b4-455d-9b80-0870d1417243",
      "Page": 1
    },
    {
      "BlockType": "WORD",
      "Confidence": 99.59827423095703,
      "Text": "resin",
      "TextType": "PRINTED",
      "Geometry": {
        "BoundingBox": {
          "Width": 0.03644789382815361,
          "Height": 0.021153492853045464,
          "Left": 0.34150606393814087,
          "Top": 0.5318272113800049
        },
        "Polygon": [
          {
            "X": 0.34150606393814087,
            "Y": 0.5318272113800049
          },
          {
            "X": 0.3779221177101135,
            "Y": 0.5319163203239441
          },
          {
            "X": 0.37795397639274597,
            "Y": 0.5529807209968567
          },
          {
            "X": 0.34153324365615845,
            "Y": 0.5528889894485474
          }
        ]
      },
      "Id": "99afdea8-9383-4dbe-90dd-e0d94984aeb0",
      "Page": 1
    },
    {
      "BlockType": "WORD",
      "Confidence": 99.56734466552734,
      "Text": "Beckopox",
      "TextType": "PRINTED",
      "Geometry": {
        "BoundingBox": {
          "Width": 0.0752105712890625,
          "Height": 0.02668803744018078,
          "Left": 0.38425692915916443,
          "Top": 0.531476616859436
        },
        "Polygon": [
          {
            "X": 0.38425692915916443,
            "Y": 0.531476616859436
          },
          {
            "X": 0.4594143033027649,
            "Y": 0.5316604375839233
          },
          {
            "X": 0.45946750044822693,
            "Y": 0.558164656162262
          },
          {
            "X": 0.3842979967594147,
            "Y": 0.5579740405082703
          }
        ]
      },
      "Id": "cc616b5c-1fb6-46ed-9953-6acc0406294f",
      "Page": 1
    },
    {
      "BlockType": "WORD",
      "Confidence": 99.66323852539062,
      "Text": "EP",
      "TextType": "PRINTED",
      "Geometry": {
        "BoundingBox": {
          "Width": 0.022429021075367928,
          "Height": 0.020583687350153923,
          "Left": 0.46539315581321716,
          "Top": 0.5320170521736145
        },
        "Polygon": [
          {
            "X": 0.46539315581321716,
            "Y": 0.5320170521736145
          },
          {
            "X": 0.487777441740036,
            "Y": 0.5320718288421631
          },
          {
            "X": 0.48782220482826233,
            "Y": 0.5526007413864136
          },
          {
            "X": 0.46543511748313904,
            "Y": 0.552544355392456
          }
        ]
      },
      "Id": "a14c5432-8feb-4697-9dfb-c2b01c028295",
      "Page": 1
    },
    {
      "BlockType": "WORD",
      "Confidence": 99.90921020507812,
      "Text": "140",
      "TextType": "PRINTED",
      "Geometry": {
        "BoundingBox": {
          "Width": 0.025085533037781715,
          "Height": 0.020488860085606575,
          "Left": 0.4948578178882599,
          "Top": 0.5320857763290405
        },
        "Polygon": [
          {
            "X": 0.4948578178882599,
            "Y": 0.5320857763290405
          },
          {
            "X": 0.5198948383331299,
            "Y": 0.5321470499038696
          },
          {
            "X": 0.519943356513977,
            "Y": 0.552574634552002
          },
          {
            "X": 0.49490320682525635,
            "Y": 0.5525116324424744
          }
        ]
      },
      "Id": "c48d99b3-7011-4481-9612-c25cfc6d0adb",
      "Page": 1
    },
    {
      "BlockType": "WORD",
      "Confidence": 99.9731216430664,
      "Text": "100",
      "TextType": "PRINTED",
      "Geometry": {
        "BoundingBox": {
          "Width": 0.024944180622696877,
          "Height": 0.020337793976068497,
          "Left": 0.6228178143501282,
          "Top": 0.5322046875953674
        },
        "Polygon": [
          {
            "X": 0.6228178143501282,
            "Y": 0.5322046875953674
          },
          {
            "X": 0.6476981043815613,
            "Y": 0.5322655439376831
          },
          {
            "X": 0.6477620005607605,
            "Y": 0.552542507648468
          },
          {
            "X": 0.6228786706924438,
            "Y": 0.5524799227714539
          }
        ]
      },
      "Id": "b5f83a84-a1d9-4e02-9664-fd10ce88fbba",
      "Page": 1
    },
    {
      "BlockType": "WORD",
      "Confidence": 99.98368835449219,
      "Text": "parts",
      "TextType": "PRINTED",
      "Geometry": {
        "BoundingBox": {
          "Width": 0.0385589599609375,
          "Height": 0.023105276748538017,
          "Left": 0.6536458134651184,
          "Top": 0.5352610945701599
        },
        "Polygon": [
          {
            "X": 0.6536458134651184,
            "Y": 0.5352610945701599
          },
          {
            "X": 0.6921260356903076,
            "Y": 0.5353555679321289
          },
          {
            "X": 0.6922047734260559,
            "Y": 0.5583663582801819
          },
          {
            "X": 0.6537191867828369,
            "Y": 0.5582687854766846
          }
        ]
      },
      "Id": "6314f280-518b-4fb8-9a35-2a632cef8550",
      "Page": 1
    },
    {
      "BlockType": "WORD",
      "Confidence": 98.19029998779297,
      "Text": "olyamine",
      "TextType": "PRINTED",
      "Geometry": {
        "BoundingBox": {
          "Width": 0.07091647386550903,
          "Height": 0.02601611614227295,
          "Left": 0.2445632964372635,
          "Top": 0.5649973750114441
        },
        "Polygon": [
          {
            "X": 0.2445632964372635,
            "Y": 0.5649973750114441
          },
          {
            "X": 0.3154505491256714,
            "Y": 0.5651789307594299
          },
          {
            "X": 0.31547975540161133,
            "Y": 0.591013491153717
          },
          {
            "X": 0.24458138644695282,
            "Y": 0.5908256769180298
          }
        ]
      },
      "Id": "c0e08424-4b27-4e51-83fd-2291c4f67b93",
      "Page": 1
    },
    {
      "BlockType": "WORD",
      "Confidence": 99.42032623291016,
      "Text": "hardener",
      "TextType": "PRINTED",
      "Geometry": {
        "BoundingBox": {
          "Width": 0.06864210963249207,
          "Height": 0.020958343520760536,
          "Left": 0.32022449374198914,
          "Top": 0.5650032162666321
        },
        "Polygon": [
          {
            "X": 0.32022449374198914,
            "Y": 0.5650032162666321
          },
          {
            "X": 0.38883382081985474,
            "Y": 0.5651788711547852
          },
          {
            "X": 0.3888666033744812,
            "Y": 0.5859615802764893
          },
          {
            "X": 0.3202486038208008,
            "Y": 0.5857810378074646
          }
        ]
      },
      "Id": "9555c9e8-09a8-4038-8bb1-0de5d2e57cb9",
      "Page": 1
    },
    {
      "BlockType": "WORD",
      "Confidence": 99.69664001464844,
      "Text": "Beckpox",
      "TextType": "PRINTED",
      "Geometry": {
        "BoundingBox": {
          "Width": 0.06534286588430405,
          "Height": 0.026422269642353058,
          "Left": 0.39429616928100586,
          "Top": 0.5650328397750854
        },
        "Polygon": [
          {
            "X": 0.39429616928100586,
            "Y": 0.5650328397750854
          },
          {
            "X": 0.45958632230758667,
            "Y": 0.5651999711990356
          },
          {
            "X": 0.4596390426158905,
            "Y": 0.5914551615715027
          },
          {
            "X": 0.394338458776474,
            "Y": 0.5912821292877197
          }
        ]
      },
      "Id": "c6e259be-916a-47aa-9d21-db9ce609835f",
      "Page": 1
    },
    {
      "BlockType": "WORD",
      "Confidence": 98.84886932373047,
      "Text": "EH",
      "TextType": "PRINTED",
      "Geometry": {
        "BoundingBox": {
          "Width": 0.025499708950519562,
          "Height": 0.020011337473988533,
          "Left": 0.4660365879535675,
          "Top": 0.5657718181610107
        },
        "Polygon": [
          {
            "X": 0.4660365879535675,
            "Y": 0.5657718181610107
          },
          {
            "X": 0.4914923906326294,
            "Y": 0.565837025642395
          },
          {
            "X": 0.49153628945350647,
            "Y": 0.5857831835746765
          },
          {
            "X": 0.46607741713523865,
            "Y": 0.585716187953949
          }
        ]
      },
      "Id": "e727ad0b-7cb1-4670-9725-9258449b2e9f",
      "Page": 1
    },
    {
      "BlockType": "WORD",
      "Confidence": 99.89608001708984,
      "Text": "625",
      "TextType": "PRINTED",
      "Geometry": {
        "BoundingBox": {
          "Width": 0.026686793193221092,
          "Height": 0.020311107859015465,
          "Left": 0.4974434971809387,
          "Top": 0.5656715631484985
        },
        "Polygon": [
          {
            "X": 0.4974434971809387,
            "Y": 0.5656715631484985
          },
          {
            "X": 0.5240817070007324,
            "Y": 0.5657397508621216
          },
          {
            "X": 0.5241302847862244,
            "Y": 0.5859826803207397
          },
          {
            "X": 0.497488796710968,
            "Y": 0.5859125852584839
          }
        ]
      },
      "Id": "a52bcbfd-5352-44ab-b103-7ea4e64f3f61",
      "Page": 1
    },
    {
      "BlockType": "WORD",
      "Confidence": 99.95848846435547,
      "Text": "39",
      "TextType": "PRINTED",
      "Geometry": {
        "BoundingBox": {
          "Width": 0.01743132248520851,
          "Height": 0.020814694464206696,
          "Left": 0.6215812563896179,
          "Top": 0.5652487874031067
        },
        "Polygon": [
          {
            "X": 0.6215812563896179,
            "Y": 0.5652487874031067
          },
          {
            "X": 0.6389482021331787,
            "Y": 0.5652931928634644
          },
          {
            "X": 0.6390125751495361,
            "Y": 0.5860634446144104
          },
          {
            "X": 0.6216434240341187,
            "Y": 0.5860177874565125
          }
        ]
      },
      "Id": "34599cbe-7d89-4405-bd21-a33fc56f32d9",
      "Page": 1
    },
    {
      "BlockType": "WORD",
      "Confidence": 99.97931671142578,
      "Text": "parts",
      "TextType": "PRINTED",
      "Geometry": {
        "BoundingBox": {
          "Width": 0.03892863541841507,
          "Height": 0.022574804723262787,
          "Left": 0.6444306373596191,
          "Top": 0.568918764591217
        },
        "Polygon": [
          {
            "X": 0.6444306373596191,
            "Y": 0.568918764591217
          },
          {
            "X": 0.6832836270332336,
            "Y": 0.5690186619758606
          },
          {
            "X": 0.6833593249320984,
            "Y": 0.591493546962738
          },
          {
            "X": 0.6445010304450989,
            "Y": 0.5913906693458557
          }
        ]
      },
      "Id": "99ed336f-a3fc-4ade-9a9e-fea079a408b8",
      "Page": 1
    },
    {
      "BlockType": "WORD",
      "Confidence": 84.89454650878906,
      "Text": "Exolit",
      "TextType": "PRINTED",
      "Geometry": {
        "BoundingBox": {
          "Width": 0.039190780371427536,
          "Height": 0.01959151029586792,
          "Left": 0.24185046553611755,
          "Top": 0.599157989025116
        },
        "Polygon": [
          {
            "X": 0.24185046553611755,
            "Y": 0.599157989025116
          },
          {
            "X": 0.2810232937335968,
            "Y": 0.5992628931999207
          },
          {
            "X": 0.2810412347316742,
            "Y": 0.6187494993209839
          },
          {
            "X": 0.24186378717422485,
            "Y": 0.6186420321464539
          }
        ]
      },
      "Id": "7a2df149-2636-4099-b4ec-1ea1ccd248d6",
      "Page": 1
    },
    {
      "BlockType": "WORD",
      "Confidence": 99.90794372558594,
      "Text": "AP",
      "TextType": "PRINTED",
      "Geometry": {
        "BoundingBox": {
          "Width": 0.025015830993652344,
          "Height": 0.020044023171067238,
          "Left": 0.28596386313438416,
          "Top": 0.5990481972694397
        },
        "Polygon": [
          {
            "X": 0.28596386313438416,
            "Y": 0.5990481972694397
          },
          {
            "X": 0.3109576404094696,
            "Y": 0.5991150736808777
          },
          {
            "X": 0.3109796941280365,
            "Y": 0.6190922260284424
          },
          {
            "X": 0.2859828770160675,
            "Y": 0.6190236210823059
          }
        ]
      },
      "Id": "27864dd1-9316-40df-9418-df4becb11ee5",
      "Page": 1
    },
    {
      "BlockType": "WORD",
      "Confidence": 99.90386962890625,
      "Text": "422",
      "TextType": "PRINTED",
      "Geometry": {
        "BoundingBox": {
          "Width": 0.02778436243534088,
          "Height": 0.020248638466000557,
          "Left": 0.3155871033668518,
          "Top": 0.5989050269126892
        },
        "Polygon": [
          {
            "X": 0.3155871033668518,
            "Y": 0.5989050269126892
          },
          {
            "X": 0.3433452248573303,
            "Y": 0.5989792943000793
          },
          {
            "X": 0.3433714509010315,
            "Y": 0.6191536784172058
          },
          {
            "X": 0.3156099319458008,
            "Y": 0.6190775036811829
          }
        ]
      },
      "Id": "134264a6-3db7-4985-9cea-32b233e1ee11",
      "Page": 1
    },
    {
      "BlockType": "WORD",
      "Confidence": 99.95267486572266,
      "Text": "30",
      "TextType": "PRINTED",
      "Geometry": {
        "BoundingBox": {
          "Width": 0.018270472064614296,
          "Height": 0.0205734521150589,
          "Left": 0.6210724115371704,
          "Top": 0.5988898277282715
        },
        "Polygon": [
          {
            "X": 0.6210724115371704,
            "Y": 0.5988898277282715
          },
          {
            "X": 0.6392792463302612,
            "Y": 0.598938524723053
          },
          {
            "X": 0.6393429040908813,
            "Y": 0.619463324546814
          },
          {
            "X": 0.6211337447166443,
            "Y": 0.6194133758544922
          }
        ]
      },
      "Id": "31e92e46-e825-45c6-ba17-386e16369784",
      "Page": 1
    },
    {
      "BlockType": "WORD",
      "Confidence": 99.93925476074219,
      "Text": "parts",
      "TextType": "PRINTED",
      "Geometry": {
        "BoundingBox": {
          "Width": 0.03791490197181702,
          "Height": 0.02323700487613678,
          "Left": 0.6446210741996765,
          "Top": 0.6016649007797241
        },
        "Polygon": [
          {
            "X": 0.6446210741996765,
            "Y": 0.6016649007797241
          },
          {
            "X": 0.682458221912384,
            "Y": 0.6017664074897766
          },
          {
            "X": 0.6825360059738159,
            "Y": 0.6249018907546997
          },
          {
            "X": 0.6446935534477234,
            "Y": 0.6247974038124084
          }
        ]
      },
      "Id": "c809e81a-0a76-48ae-aea0-8295fd2bfc96",
      "Page": 1
    },
    {
      "BlockType": "TABLE",
      "Confidence": 98.876953125,
      "Geometry": {
        "BoundingBox": {
          "Width": 0.513973593711853,
          "Height": 0.2853289246559143,
          "Left": 0.24173547327518463,
          "Top": 0.35829997062683105
        },
        "Polygon": [
          {
            "X": 0.24173547327518463,
            "Y": 0.35829997062683105
          },
          {
            "X": 0.7546266913414001,
            "Y": 0.3592524230480194
          },
          {
            "X": 0.7557090520858765,
            "Y": 0.6436288952827454
          },
          {
            "X": 0.24192965030670166,
            "Y": 0.6421781182289124
          }
        ]
      },
      "Id": "768e41ba-c73f-4eea-9544-e7d0d1072609",
      "Relationships": [
        {
          "Type": "CHILD",
          "Ids": [
            "e31ea1f1-0de8-4199-a9d4-e24d73bc0c56",
            "2f9ea850-1be6-4982-beef-79f8d0c9facc",
            "709c5578-d6cf-4835-8db0-c41944f06557",
            "278653c2-d6ba-4339-baa3-db0882ca59bb",
            "aab10feb-d281-416e-851a-9be60f3530b3",
            "d5467a6d-7029-4d7d-b9cf-ee261651917e",
            "b77bff53-0b33-4fae-aba1-ced24b4d1382",
            "e18b002e-26bf-415d-b15e-2167a5579262"
          ]
        }
      ],
      "EntityTypes": [
        "STRUCTURED_TABLE"
      ],
      "Page": 1
    },
    {
      "BlockType": "CELL",
      "Confidence": 43.8720703125,
      "RowIndex": 1,
      "ColumnIndex": 1,
      "RowSpan": 1,
      "ColumnSpan": 1,
      "Geometry": {
        "BoundingBox": {
          "Width": 0.3341718316078186,
          "Height": 0.15795369446277618,
          "Left": 0.24173547327518463,
          "Top": 0.35829997062683105
        },
        "Polygon": [
          {
            "X": 0.24173547327518463,
            "Y": 0.35829997062683105
          },
          {
            "X": 0.575480043888092,
            "Y": 0.35891973972320557
          },
          {
            "X": 0.575907289981842,
            "Y": 0.516253650188446
          },
          {
            "X": 0.24184297025203705,
            "Y": 0.5154545307159424
          }
        ]
      },
      "Id": "e31ea1f1-0de8-4199-a9d4-e24d73bc0c56",
      "Relationships": [
        {
          "Type": "CHILD",
          "Ids": [
            "59d0529c-81ef-4ada-88c4-fac0a44b4d9a",
            "11e1673b-b027-4126-9c0e-56dd8bc91dec",
            "df11ea1b-1786-4a98-af8a-88a5f5a721bd",
            "ac8aef2b-f8cc-4eb3-9511-6bcd16013c11"
          ]
        }
      ],
      "Page": 1
    },
    {
      "BlockType": "CELL",
      "Confidence": 43.4814453125,
      "RowIndex": 1,
      "ColumnIndex": 2,
      "RowSpan": 1,
      "ColumnSpan": 1,
      "Geometry": {
        "BoundingBox": {
          "Width": 0.17974580824375153,
          "Height": 0.15776288509368896,
          "Left": 0.575480043888092,
          "Top": 0.35891973972320557
        },
        "Polygon": [
          {
            "X": 0.575480043888092,
            "Y": 0.35891973972320557
          },
          {
            "X": 0.7546266913414001,
            "Y": 0.3592524230480194
          },
          {
            "X": 0.7552258372306824,
            "Y": 0.5166826248168945
          },
          {
            "X": 0.575907289981842,
            "Y": 0.516253650188446
          }
        ]
      },
      "Id": "2f9ea850-1be6-4982-beef-79f8d0c9facc",
      "Relationships": [
        {
          "Type": "CHILD",
          "Ids": [
            "7a2c2bfd-ba80-4a84-bb34-4e5d92b41e00",
            "71bf0060-5475-4eda-a279-c9bc8e210a76",
            "7e8e0493-4910-4df3-bb5a-2e370cd33815",
            "3f9e74c2-ea61-4722-98c0-65fd5714a0ba",
            "66111f3b-6c28-4b67-931d-785988a21052",
            "69d73571-a221-40fc-a852-c8342ebe07c1",
            "dee3419e-3f30-4535-b1a0-d3ed49bc21a0",
            "e8090e29-5e4d-4931-9313-7db409072bb9",
            "9156d3de-cfdc-42c3-9026-bf875854cc9d",
            "51ec61c7-7a13-417b-b535-40989f6b3785",
            "f7ed33d2-ae33-4b29-bd3a-68ca2e4547c2"
          ]
        }
      ],
      "Page": 1
    },
    {
      "BlockType": "CELL",
      "Confidence": 62.255859375,
      "RowIndex": 2,
      "ColumnIndex": 1,
      "RowSpan": 1,
      "ColumnSpan": 1,
      "Geometry": {
        "BoundingBox": {
          "Width": 0.33418476581573486,
          "Height": 0.04513989016413689,
          "Left": 0.24184297025203705,
          "Top": 0.5154545307159424
        },
        "Polygon": [
          {
            "X": 0.24184297025203705,
            "Y": 0.5154545307159424
          },
          {
            "X": 0.575907289981842,
            "Y": 0.516253650188446
          },
          {
            "X": 0.5760277509689331,
            "Y": 0.5605944395065308
          },
          {
            "X": 0.24187326431274414,
            "Y": 0.559744656085968
          }
        ]
      },
      "Id": "709c5578-d6cf-4835-8db0-c41944f06557",
      "Relationships": [
        {
          "Type": "CHILD",
          "Ids": [
            "20412cc9-0ce8-444a-8882-91859cb643c2",
            "97712d78-05b4-455d-9b80-0870d1417243",
            "99afdea8-9383-4dbe-90dd-e0d94984aeb0",
            "cc616b5c-1fb6-46ed-9953-6acc0406294f",
            "a14c5432-8feb-4697-9dfb-c2b01c028295",
            "c48d99b3-7011-4481-9612-c25cfc6d0adb"
          ]
        }
      ],
      "Page": 1
    },
    {
      "BlockType": "CELL",
      "Confidence": 61.71875,
      "RowIndex": 2,
      "ColumnIndex": 2,
      "RowSpan": 1,
      "ColumnSpan": 1,
      "Geometry": {
        "BoundingBox": {
          "Width": 0.1794874221086502,
          "Height": 0.04479687288403511,
          "Left": 0.575907289981842,
          "Top": 0.516253650188446
        },
        "Polygon": [
          {
            "X": 0.575907289981842,
            "Y": 0.516253650188446
          },
          {
            "X": 0.7552258372306824,
            "Y": 0.5166826248168945
          },
          {
            "X": 0.7553947567939758,
            "Y": 0.561050534248352
          },
          {
            "X": 0.5760277509689331,
            "Y": 0.5605944395065308
          }
        ]
      },
      "Id": "278653c2-d6ba-4339-baa3-db0882ca59bb",
      "Relationships": [
        {
          "Type": "CHILD",
          "Ids": [
            "b5f83a84-a1d9-4e02-9664-fd10ce88fbba",
            "6314f280-518b-4fb8-9a35-2a632cef8550"
          ]
        }
      ],
      "Page": 1
    },
    {
      "BlockType": "CELL",
      "Confidence": 59.912109375,
      "RowIndex": 3,
      "ColumnIndex": 1,
      "RowSpan": 1,
      "ColumnSpan": 1,
      "Geometry": {
        "BoundingBox": {
          "Width": 0.33424562215805054,
          "Height": 0.03442081809043884,
          "Left": 0.24187326431274414,
          "Top": 0.559744656085968
        },
        "Polygon": [
          {
            "X": 0.24187326431274414,
            "Y": 0.559744656085968
          },
          {
            "X": 0.5760277509689331,
            "Y": 0.5605944395065308
          },
          {
            "X": 0.5761188864707947,
            "Y": 0.5941654443740845
          },
          {
            "X": 0.24189619719982147,
            "Y": 0.5932773947715759
          }
        ]
      },
      "Id": "aab10feb-d281-416e-851a-9be60f3530b3",
      "Relationships": [
        {
          "Type": "CHILD",
          "Ids": [
            "c0e08424-4b27-4e51-83fd-2291c4f67b93",
            "9555c9e8-09a8-4038-8bb1-0de5d2e57cb9",
            "c6e259be-916a-47aa-9d21-db9ce609835f",
            "e727ad0b-7cb1-4670-9725-9258449b2e9f",
            "a52bcbfd-5352-44ab-b103-7ea4e64f3f61"
          ]
        }
      ],
      "Page": 1
    },
    {
      "BlockType": "CELL",
      "Confidence": 59.375,
      "RowIndex": 3,
      "ColumnIndex": 2,
      "RowSpan": 1,
      "ColumnSpan": 1,
      "Geometry": {
        "BoundingBox": {
          "Width": 0.17949485778808594,
          "Height": 0.03404776751995087,
          "Left": 0.5760277509689331,
          "Top": 0.5605944395065308
        },
        "Polygon": [
          {
            "X": 0.5760277509689331,
            "Y": 0.5605944395065308
          },
          {
            "X": 0.7553947567939758,
            "Y": 0.561050534248352
          },
          {
            "X": 0.755522608757019,
            "Y": 0.594642162322998
          },
          {
            "X": 0.5761188864707947,
            "Y": 0.5941654443740845
          }
        ]
      },
      "Id": "d5467a6d-7029-4d7d-b9cf-ee261651917e",
      "Relationships": [
        {
          "Type": "CHILD",
          "Ids": [
            "34599cbe-7d89-4405-bd21-a33fc56f32d9",
            "99ed336f-a3fc-4ade-9a9e-fea079a408b8"
          ]
        }
      ],
      "Page": 1
    },
    {
      "BlockType": "CELL",
      "Confidence": 58.935546875,
      "RowIndex": 4,
      "ColumnIndex": 1,
      "RowSpan": 1,
      "ColumnSpan": 1,
      "Geometry": {
        "BoundingBox": {
          "Width": 0.3343556523323059,
          "Height": 0.049844805151224136,
          "Left": 0.24189619719982147,
          "Top": 0.5932773947715759
        },
        "Polygon": [
          {
            "X": 0.24189619719982147,
            "Y": 0.5932773947715759
          },
          {
            "X": 0.5761188864707947,
            "Y": 0.5941654443740845
          },
          {
            "X": 0.5762518644332886,
            "Y": 0.6431221961975098
          },
          {
            "X": 0.24192965030670166,
            "Y": 0.6421781182289124
          }
        ]
      },
      "Id": "b77bff53-0b33-4fae-aba1-ced24b4d1382",
      "Relationships": [
        {
          "Type": "CHILD",
          "Ids": [
            "7a2df149-2636-4099-b4ec-1ea1ccd248d6",
            "27864dd1-9316-40df-9418-df4becb11ee5",
            "134264a6-3db7-4985-9cea-32b233e1ee11"
          ]
        }
      ],
      "Page": 1
    },
    {
      "BlockType": "CELL",
      "Confidence": 58.3984375,
      "RowIndex": 4,
      "ColumnIndex": 2,
      "RowSpan": 1,
      "ColumnSpan": 1,
      "Geometry": {
        "BoundingBox": {
          "Width": 0.1795901507139206,
          "Height": 0.04946344345808029,
          "Left": 0.5761188864707947,
          "Top": 0.5941654443740845
        },
        "Polygon": [
          {
            "X": 0.5761188864707947,
            "Y": 0.5941654443740845
          },
          {
            "X": 0.755522608757019,
            "Y": 0.594642162322998
          },
          {
            "X": 0.7557090520858765,
            "Y": 0.6436288952827454
          },
          {
            "X": 0.5762518644332886,
            "Y": 0.6431221961975098
          }
        ]
      },
      "Id": "e18b002e-26bf-415d-b15e-2167a5579262",
      "Relationships": [
        {
          "Type": "CHILD",
          "Ids": [
            "31e92e46-e825-45c6-ba17-386e16369784",
            "c809e81a-0a76-48ae-aea0-8295fd2bfc96"
          ]
        }
      ],
      "Page": 1
    }
  ],
  "AnalyzeDocumentModelVersion": "1.0"
}