{
  "DocumentMetadata": {
    "Pages": 1
  },
  "JobStatus": "SUCCEEDED",
  "Blocks": [
    {
      "BlockType": "PAGE",
      "Geometry": {
        "BoundingBox": {
          "Width": 1,
          "Height": 1,
          "Left": 0,
          "Top": 0
        },
        "Polygon": [
          {
            "X": 0.00003787226160056889,
            "Y": 0
          },
          {
            "X": 1,
            "Y": 0.000022966980395722203
          },
          {
            "X": 1,
            "Y": 1
          },
          {
            "X": 0,
            "Y": 1
          }
        ]
      },
      "Id": "31c2ecf3-496b-4397-9267-493a69d0be62",
      "Relationships": [
        {
          "Type": "CHILD",
          "Ids": [
            "c1578c6e-0cf3-4878-a384-e4c1a3342312",
            "3242c060-e088-4c1a-856d-1346f32bab7d",
            "5322e33b-ce9e-4fcf-a24c-32a3aec04a51",
            "39cdc7e2-c274-4ba1-8072-8854be474af9",
            "9bd5f6fd-5808-49b9-96d7-73bebd4b4a84",
            "3e4943a8-6c5c-4eda-b48a-c8b6abde93e6",
            "fd5c2210-b927-49b4-82d6-ca65a5c9ae8e",
            "70f8c3c9-2a29-4d15-898f-1c7831c15154",
            "70da6128-732d-4c89-963e-2280624ce85a",
            "37be4ff6-ca34-43e5-860f-ea04b3c9a2ee",
            "ae1476e9-2109-4671-b1a2-a670bec762de",
            "bcd81d17-2afc-4b6f-8426-5677af4e3946",
            "99b06e3d-4678-4efd-9823-0cb4bfc55916",
            "42142e8f-d3dc-417f-9c4a-c0b1c629bf58",
            "40ec2a52-d226-4f81-aa95-e09e80dad4e4",
            "f1b5270a-641b-4de6-a44d-a8e62f450bd2",
            "0c957a92-64ad-4488-9cc5-1c942afa8f91"
          ]
        }
      ],
      "Page": 1
    },
    {
      "BlockType": "LINE",
      "Confidence": 99.89157104492188,
      "Text": "Sample",
      "Geometry": {
        "BoundingBox": {
          "Width": 0.031274449080228806,
          "Height": 0.028926381841301918,
          "Left": 0.1701502948999405,
          "Top": 0.4278450608253479
        },
        "Polygon": [
          {
            "X": 0.17096495628356934,
            "Y": 0.4278450608253479
          },
          {
            "X": 0.2014247477054596,
            "Y": 0.42787569761276245
          },
          {
            "X": 0.2006208896636963,
            "Y": 0.4567714333534241
          },
          {
            "X": 0.1701502948999405,
            "Y": 0.4567412734031677
          }
        ]
      },
      "Id": "c1578c6e-0cf3-4878-a384-e4c1a3342312",
      "Relationships": [
        {
          "Type": "CHILD",
          "Ids": [
            "c7a86b1d-05bc-4314-bd02-64c8fb5dbb01"
          ]
        }
      ],
      "Page": 1
    },
    {
      "BlockType": "LINE",
      "Confidence": 99.66913604736328,
      "Text": "Tensile strength (Mpa)",
      "Geometry": {
        "BoundingBox": {
          "Width": 0.09421630948781967,
          "Height": 0.028707798570394516,
          "Left": 0.3389657437801361,
          "Top": 0.42737311124801636
        },
        "Polygon": [
          {
            "X": 0.33971327543258667,
            "Y": 0.42737311124801636
          },
          {
            "X": 0.433182030916214,
            "Y": 0.4274672269821167
          },
          {
            "X": 0.43246734142303467,
            "Y": 0.45608091354370117
          },
          {
            "X": 0.3389657437801361,
            "Y": 0.4559882879257202
          }
        ]
      },
      "Id": "3242c060-e088-4c1a-856d-1346f32bab7d",
      "Relationships": [
        {
          "Type": "CHILD",
          "Ids": [
            "07d91979-47d8-4016-ba82-7f2daa4ee0c2",
            "d333d276-c599-4aa4-8810-98cf3d4cadde",
            "830cbd57-c2ab-4c5c-bb46-1989c8df58d9"
          ]
        }
      ],
      "Page": 1
    },
    {
      "BlockType": "LINE",
      "Confidence": 99.57242584228516,
      "Text": "Flexural strength (MPa)",
      "Geometry": {
        "BoundingBox": {
          "Width": 0.0972958356142044,
          "Height": 0.027119895443320274,
          "Left": 0.5336978435516357,
          "Top": 0.42850959300994873
        },
        "Polygon": [
          {
            "X": 0.5343393087387085,
            "Y": 0.42850959300994873
          },
          {
            "X": 0.630993664264679,
            "Y": 0.4286068379878998
          },
          {
            "X": 0.6303842663764954,
            "Y": 0.45562949776649475
          },
          {
            "X": 0.5336978435516357,
            "Y": 0.4555336534976959
          }
        ]
      },
      "Id": "5322e33b-ce9e-4fcf-a24c-32a3aec04a51",
      "Relationships": [
        {
          "Type": "CHILD",
          "Ids": [
            "1201654f-f4df-45dc-af29-cf0c292d6363",
            "2db8f6f5-14dd-4ef3-8af3-e708a65656b0",
            "6642e139-d92c-448d-a26d-8c1454b0d99b"
          ]
        }
      ],
      "Page": 1
    },
    {
      "BlockType": "LINE",
      "Confidence": 93.74989318847656,
      "Text": "Izod impact strength (kJ m 2)",
      "Geometry": {
        "BoundingBox": {
          "Width": 0.12230514734983444,
          "Height": 0.0316641628742218,
          "Left": 0.7313069701194763,
          "Top": 0.4243968427181244
        },
        "Polygon": [
          {
            "X": 0.7319793105125427,
            "Y": 0.4243968427181244
          },
          {
            "X": 0.8536121249198914,
            "Y": 0.42451950907707214
          },
          {
            "X": 0.8529868125915527,
            "Y": 0.4560610055923462
          },
          {
            "X": 0.7313069701194763,
            "Y": 0.4559403955936432
          }
        ]
      },
      "Id": "39cdc7e2-c274-4ba1-8072-8854be474af9",
      "Relationships": [
        {
          "Type": "CHILD",
          "Ids": [
            "4cd7c3c0-98e9-43d5-8341-d1b2e917c648",
            "6e880480-b592-40a3-a23d-d342bd85e951",
            "06eb8327-a9b1-4873-9058-ffd7b4d6a90d",
            "b65e7d94-a969-4d28-a48b-4162c74113f4",
            "c896074a-76f0-4949-adb1-ab1a180ff670",
            "1c4fe7c0-6aff-44a6-8871-de7bfdf740d1"
          ]
        }
      ],
      "Page": 1
    },
    {
      "BlockType": "LINE",
      "Confidence": 99.63481140136719,
      "Text": "EP",
      "Geometry": {
        "BoundingBox": {
          "Width": 0.01087224017828703,
          "Height": 0.020376384258270264,
          "Left": 0.17037640511989594,
          "Top": 0.480805903673172
        },
        "Polygon": [
          {
            "X": 0.17095021903514862,
            "Y": 0.480805903673172
          },
          {
            "X": 0.18124864995479584,
            "Y": 0.48081597685813904
          },
          {
            "X": 0.1806774139404297,
            "Y": 0.5011823177337646
          },
          {
            "X": 0.17037640511989594,
            "Y": 0.5011723637580872
          }
        ]
      },
      "Id": "9bd5f6fd-5808-49b9-96d7-73bebd4b4a84",
      "Relationships": [
        {
          "Type": "CHILD",
          "Ids": [
            "2f8bb2e3-6345-4b89-8025-70e3992d5d99"
          ]
        }
      ],
      "Page": 1
    },
    {
      "BlockType": "LINE",
      "Confidence": 99.84056091308594,
      "Text": "82",
      "Geometry": {
        "BoundingBox": {
          "Width": 0.010580246336758137,
          "Height": 0.020781390368938446,
          "Left": 0.33967605233192444,
          "Top": 0.4805786907672882
        },
        "Polygon": [
          {
            "X": 0.340218186378479,
            "Y": 0.4805786907672882
          },
          {
            "X": 0.3502562940120697,
            "Y": 0.48058849573135376
          },
          {
            "X": 0.3497166931629181,
            "Y": 0.5013600587844849
          },
          {
            "X": 0.33967605233192444,
            "Y": 0.5013504028320312
          }
        ]
      },
      "Id": "3e4943a8-6c5c-4eda-b48a-c8b6abde93e6",
      "Relationships": [
        {
          "Type": "CHILD",
          "Ids": [
            "c4116a07-f365-415b-8640-0f048c7be03c"
          ]
        }
      ],
      "Page": 1
    },
    {
      "BlockType": "LINE",
      "Confidence": 99.96672058105469,
      "Text": "78",
      "Geometry": {
        "BoundingBox": {
          "Width": 0.010547544807195663,
          "Height": 0.021536272019147873,
          "Left": 0.5337980389595032,
          "Top": 0.4802912175655365
        },
        "Polygon": [
          {
            "X": 0.5343087315559387,
            "Y": 0.4802912175655365
          },
          {
            "X": 0.5443456172943115,
            "Y": 0.48030102252960205
          },
          {
            "X": 0.5438375473022461,
            "Y": 0.5018274784088135
          },
          {
            "X": 0.5337980389595032,
            "Y": 0.5018177628517151
          }
        ]
      },
      "Id": "fd5c2210-b927-49b4-82d6-ca65a5c9ae8e",
      "Relationships": [
        {
          "Type": "CHILD",
          "Ids": [
            "6e15b35e-a5ae-4e85-97d5-a0b6879451df"
          ]
        }
      ],
      "Page": 1
    },
    {
      "BlockType": "LINE",
      "Confidence": 99.90265655517578,
      "Text": "46",
      "Geometry": {
        "BoundingBox": {
          "Width": 0.010666695423424244,
          "Height": 0.020233971998095512,
          "Left": 0.7314651608467102,
          "Top": 0.4810601770877838
        },
        "Polygon": [
          {
            "X": 0.7318959832191467,
            "Y": 0.4810601770877838
          },
          {
            "X": 0.7421318292617798,
            "Y": 0.4810701906681061
          },
          {
            "X": 0.7417035698890686,
            "Y": 0.5012941360473633
          },
          {
            "X": 0.7314651608467102,
            "Y": 0.5012842416763306
          }
        ]
      },
      "Id": "70f8c3c9-2a29-4d15-898f-1c7831c15154",
      "Relationships": [
        {
          "Type": "CHILD",
          "Ids": [
            "1738378a-f7e6-458b-8436-8f7c33109c16"
          ]
        }
      ],
      "Page": 1
    },
    {
      "BlockType": "LINE",
      "Confidence": 99.64695739746094,
      "Text": "EP/13% DOPMPA",
      "Geometry": {
        "BoundingBox": {
          "Width": 0.0693414956331253,
          "Height": 0.024793246760964394,
          "Left": 0.1702490895986557,
          "Top": 0.5124186277389526
        },
        "Polygon": [
          {
            "X": 0.17094551026821136,
            "Y": 0.5124186277389526
          },
          {
            "X": 0.239590585231781,
            "Y": 0.5124844908714294
          },
          {
            "X": 0.23891496658325195,
            "Y": 0.5372118949890137
          },
          {
            "X": 0.1702490895986557,
            "Y": 0.5371469259262085
          }
        ]
      },
      "Id": "70da6128-732d-4c89-963e-2280624ce85a",
      "Relationships": [
        {
          "Type": "CHILD",
          "Ids": [
            "a3bc9bc3-77f9-415e-975a-e995202d70c6",
            "d3967271-aad0-4c41-b608-533cc8d7028e"
          ]
        }
      ],
      "Page": 1
    },
    {
      "BlockType": "LINE",
      "Confidence": 99.76437377929688,
      "Text": "61",
      "Geometry": {
        "BoundingBox": {
          "Width": 0.009892170317471027,
          "Height": 0.020640067756175995,
          "Left": 0.3396839499473572,
          "Top": 0.5127366781234741
        },
        "Polygon": [
          {
            "X": 0.34022220969200134,
            "Y": 0.5127366781234741
          },
          {
            "X": 0.34957611560821533,
            "Y": 0.5127456784248352
          },
          {
            "X": 0.3490402102470398,
            "Y": 0.5333767533302307
          },
          {
            "X": 0.3396839499473572,
            "Y": 0.5333678722381592
          }
        ]
      },
      "Id": "37be4ff6-ca34-43e5-860f-ea04b3c9a2ee",
      "Relationships": [
        {
          "Type": "CHILD",
          "Ids": [
            "1d42f1dc-3e66-4a4d-a606-259ba3b22ae2"
          ]
        }
      ],
      "Page": 1
    },
    {
      "BlockType": "LINE",
      "Confidence": 99.941650390625,
      "Text": "55",
      "Geometry": {
        "BoundingBox": {
          "Width": 0.01042851060628891,
          "Height": 0.020656947046518326,
          "Left": 0.533781111240387,
          "Top": 0.5129942297935486
        },
        "Polygon": [
          {
            "X": 0.534270703792572,
            "Y": 0.5129942297935486
          },
          {
            "X": 0.5442095994949341,
            "Y": 0.5130037665367126
          },
          {
            "X": 0.5437225103378296,
            "Y": 0.5336511731147766
          },
          {
            "X": 0.533781111240387,
            "Y": 0.5336417555809021
          }
        ]
      },
      "Id": "ae1476e9-2109-4671-b1a2-a670bec762de",
      "Relationships": [
        {
          "Type": "CHILD",
          "Ids": [
            "db194d0f-dd9f-40f0-bcc5-6a69f9ec7425"
          ]
        }
      ],
      "Page": 1
    },
    {
      "BlockType": "LINE",
      "Confidence": 99.80602264404297,
      "Text": "35",
      "Geometry": {
        "BoundingBox": {
          "Width": 0.010390423238277435,
          "Height": 0.02075713686645031,
          "Left": 0.7314717769622803,
          "Top": 0.5127997994422913
        },
        "Polygon": [
          {
            "X": 0.7319135665893555,
            "Y": 0.5127997994422913
          },
          {
            "X": 0.7418622374534607,
            "Y": 0.5128093361854553
          },
          {
            "X": 0.7414229512214661,
            "Y": 0.5335569381713867
          },
          {
            "X": 0.7314717769622803,
            "Y": 0.5335475206375122
          }
        ]
      },
      "Id": "bcd81d17-2afc-4b6f-8426-5677af4e3946",
      "Relationships": [
        {
          "Type": "CHILD",
          "Ids": [
            "60599af8-bb0b-43bb-92bc-4e2136b64a7c"
          ]
        }
      ],
      "Page": 1
    },
    {
      "BlockType": "LINE",
      "Confidence": 99.28784942626953,
      "Text": "EP/15% DOPMPA",
      "Geometry": {
        "BoundingBox": {
          "Width": 0.06941483169794083,
          "Height": 0.02518676221370697,
          "Left": 0.17013177275657654,
          "Top": 0.5457326173782349
        },
        "Polygon": [
          {
            "X": 0.1708390712738037,
            "Y": 0.5457326173782349
          },
          {
            "X": 0.23954661190509796,
            "Y": 0.5457972884178162
          },
          {
            "X": 0.23886047303676605,
            "Y": 0.570919394493103
          },
          {
            "X": 0.17013177275657654,
            "Y": 0.5708556771278381
          }
        ]
      },
      "Id": "99b06e3d-4678-4efd-9823-0cb4bfc55916",
      "Relationships": [
        {
          "Type": "CHILD",
          "Ids": [
            "ff42b455-af9a-4201-a0c8-57df7eaf8247",
            "b5bb8fab-570c-4161-aa95-913145e421e0"
          ]
        }
      ],
      "Page": 1
    },
    {
      "BlockType": "LINE",
      "Confidence": 99.88966369628906,
      "Text": "56",
      "Geometry": {
        "BoundingBox": {
          "Width": 0.01060586515814066,
          "Height": 0.02078287862241268,
          "Left": 0.3398962616920471,
          "Top": 0.5461411476135254
        },
        "Polygon": [
          {
            "X": 0.34043797850608826,
            "Y": 0.5461411476135254
          },
          {
            "X": 0.3505021333694458,
            "Y": 0.5461506247520447
          },
          {
            "X": 0.34996297955513,
            "Y": 0.5669240355491638
          },
          {
            "X": 0.3398962616920471,
            "Y": 0.5669146776199341
          }
        ]
      },
      "Id": "42142e8f-d3dc-417f-9c4a-c0b1c629bf58",
      "Relationships": [
        {
          "Type": "CHILD",
          "Ids": [
            "00ae0f19-9ed6-4b99-967e-0733041ebc1a"
          ]
        }
      ],
      "Page": 1
    },
    {
      "BlockType": "LINE",
      "Confidence": 99.93910217285156,
      "Text": "49",
      "Geometry": {
        "BoundingBox": {
          "Width": 0.01041111908853054,
          "Height": 0.020119447261095047,
          "Left": 0.5338770151138306,
          "Top": 0.5466084480285645
        },
        "Polygon": [
          {
            "X": 0.5343536734580994,
            "Y": 0.5466084480285645
          },
          {
            "X": 0.544288158416748,
            "Y": 0.5466178059577942
          },
          {
            "X": 0.5438138842582703,
            "Y": 0.5667279362678528
          },
          {
            "X": 0.5338770151138306,
            "Y": 0.5667186975479126
          }
        ]
      },
      "Id": "40ec2a52-d226-4f81-aa95-e09e80dad4e4",
      "Relationships": [
        {
          "Type": "CHILD",
          "Ids": [
            "80c249f1-7097-4bb7-acd9-89c52b20b524"
          ]
        }
      ],
      "Page": 1
    },
    {
      "BlockType": "LINE",
      "Confidence": 99.906005859375,
      "Text": "32",
      "Geometry": {
        "BoundingBox": {
          "Width": 0.010367845185101032,
          "Height": 0.020492123439908028,
          "Left": 0.7316409349441528,
          "Top": 0.5462856292724609
        },
        "Polygon": [
          {
            "X": 0.7320768237113953,
            "Y": 0.5462856292724609
          },
          {
            "X": 0.7420087456703186,
            "Y": 0.5462949872016907
          },
          {
            "X": 0.741575300693512,
            "Y": 0.566777765750885
          },
          {
            "X": 0.7316409349441528,
            "Y": 0.5667685270309448
          }
        ]
      },
      "Id": "f1b5270a-641b-4de6-a44d-a8e62f450bd2",
      "Relationships": [
        {
          "Type": "CHILD",
          "Ids": [
            "03935d92-6e8e-4364-9b76-15dfbf3ff678"
          ]
        }
      ],
      "Page": 1
    },
    {
      "BlockType": "WORD",
      "Confidence": 99.89157104492188,
      "Text": "Sample",
      "TextType": "PRINTED",
      "Geometry": {
        "BoundingBox": {
          "Width": 0.031274449080228806,
          "Height": 0.028926381841301918,
          "Left": 0.1701502948999405,
          "Top": 0.4278450608253479
        },
        "Polygon": [
          {
            "X": 0.17096495628356934,
            "Y": 0.4278450608253479
          },
          {
            "X": 0.2014247477054596,
            "Y": 0.42787569761276245
          },
          {
            "X": 0.2006208896636963,
            "Y": 0.4567714333534241
          },
          {
            "X": 0.1701502948999405,
            "Y": 0.4567412734031677
          }
        ]
      },
      "Id": "c7a86b1d-05bc-4314-bd02-64c8fb5dbb01",
      "Page": 1
    },
    {
      "BlockType": "WORD",
      "Confidence": 99.81001281738281,
      "Text": "Tensile",
      "TextType": "PRINTED",
      "Geometry": {
        "BoundingBox": {
          "Width": 0.030033117160201073,
          "Height": 0.02147509902715683,
          "Left": 0.3391145169734955,
          "Top": 0.42884668707847595
        },
        "Polygon": [
          {
            "X": 0.33967477083206177,
            "Y": 0.42884668707847595
          },
          {
            "X": 0.3691476583480835,
            "Y": 0.4288763105869293
          },
          {
            "X": 0.368595153093338,
            "Y": 0.450321763753891
          },
          {
            "X": 0.3391145169734955,
            "Y": 0.4502924680709839
          }
        ]
      },
      "Id": "07d91979-47d8-4016-ba82-7f2daa4ee0c2",
      "Page": 1
    },
    {
      "BlockType": "WORD",
      "Confidence": 99.79549407958984,
      "Text": "strength",
      "TextType": "PRINTED",
      "Geometry": {
        "BoundingBox": {
          "Width": 0.03480157256126404,
          "Height": 0.027059592306613922,
          "Left": 0.3709287941455841,
          "Top": 0.4284227788448334
        },
        "Polygon": [
          {
            "X": 0.371624231338501,
            "Y": 0.4284227788448334
          },
          {
            "X": 0.40573036670684814,
            "Y": 0.428457111120224
          },
          {
            "X": 0.4050462245941162,
            "Y": 0.4554823935031891
          },
          {
            "X": 0.3709287941455841,
            "Y": 0.45544856786727905
          }
        ]
      },
      "Id": "d333d276-c599-4aa4-8810-98cf3d4cadde",
      "Page": 1
    },
    {
      "BlockType": "WORD",
      "Confidence": 99.40190124511719,
      "Text": "(Mpa)",
      "TextType": "PRINTED",
      "Geometry": {
        "BoundingBox": {
          "Width": 0.025680722668766975,
          "Height": 0.028638828545808792,
          "Left": 0.40750131011009216,
          "Top": 0.42744210362434387
        },
        "Polygon": [
          {
            "X": 0.40822479128837585,
            "Y": 0.42744210362434387
          },
          {
            "X": 0.433182030916214,
            "Y": 0.4274672269821167
          },
          {
            "X": 0.43246734142303467,
            "Y": 0.45608091354370117
          },
          {
            "X": 0.40750131011009216,
            "Y": 0.4560561776161194
          }
        ]
      },
      "Id": "830cbd57-c2ab-4c5c-bb46-1989c8df58d9",
      "Page": 1
    },
    {
      "BlockType": "WORD",
      "Confidence": 99.31224822998047,
      "Text": "Flexural",
      "TextType": "PRINTED",
      "Geometry": {
        "BoundingBox": {
          "Width": 0.03327542170882225,
          "Height": 0.02147822640836239,
          "Left": 0.5338273644447327,
          "Top": 0.428631067276001
        },
        "Polygon": [
          {
            "X": 0.5343364477157593,
            "Y": 0.428631067276001
          },
          {
            "X": 0.5671027898788452,
            "Y": 0.42866402864456177
          },
          {
            "X": 0.566602349281311,
            "Y": 0.4501092731952667
          },
          {
            "X": 0.5338273644447327,
            "Y": 0.450076699256897
          }
        ]
      },
      "Id": "1201654f-f4df-45dc-af29-cf0c292d6363",
      "Page": 1
    },
    {
      "BlockType": "WORD",
      "Confidence": 99.74781036376953,
      "Text": "strength",
      "TextType": "PRINTED",
      "Geometry": {
        "BoundingBox": {
          "Width": 0.034965623170137405,
          "Height": 0.026837090030312538,
          "Left": 0.568871021270752,
          "Top": 0.4287654757499695
        },
        "Polygon": [
          {
            "X": 0.569495677947998,
            "Y": 0.4287654757499695
          },
          {
            "X": 0.6038366556167603,
            "Y": 0.4288000166416168
          },
          {
            "X": 0.6032232642173767,
            "Y": 0.4556025564670563
          },
          {
            "X": 0.568871021270752,
            "Y": 0.4555685222148895
          }
        ]
      },
      "Id": "2db8f6f5-14dd-4ef3-8af3-e708a65656b0",
      "Page": 1
    },
    {
      "BlockType": "WORD",
      "Confidence": 99.65721130371094,
      "Text": "(MPa)",
      "TextType": "PRINTED",
      "Geometry": {
        "BoundingBox": {
          "Width": 0.025228437036275864,
          "Height": 0.02641182765364647,
          "Left": 0.6057652235031128,
          "Top": 0.4285820722579956
        },
        "Polygon": [
          {
            "X": 0.6063683032989502,
            "Y": 0.4285820722579956
          },
          {
            "X": 0.630993664264679,
            "Y": 0.4286068379878998
          },
          {
            "X": 0.6303985714912415,
            "Y": 0.4549939036369324
          },
          {
            "X": 0.6057652235031128,
            "Y": 0.45496946573257446
          }
        ]
      },
      "Id": "6642e139-d92c-448d-a26d-8c1454b0d99b",
      "Page": 1
    },
    {
      "BlockType": "WORD",
      "Confidence": 96.34162902832031,
      "Text": "Izod",
      "TextType": "PRINTED",
      "Geometry": {
        "BoundingBox": {
          "Width": 0.01784147322177887,
          "Height": 0.02132391557097435,
          "Left": 0.7314267754554749,
          "Top": 0.4290125370025635
        },
        "Polygon": [
          {
            "X": 0.7318809628486633,
            "Y": 0.4290125370025635
          },
          {
            "X": 0.7492682337760925,
            "Y": 0.42903003096580505
          },
          {
            "X": 0.7488186359405518,
            "Y": 0.4503364562988281
          },
          {
            "X": 0.7314267754554749,
            "Y": 0.45031917095184326
          }
        ]
      },
      "Id": "4cd7c3c0-98e9-43d5-8341-d1b2e917c648",
      "Page": 1
    },
    {
      "BlockType": "WORD",
      "Confidence": 99.90171813964844,
      "Text": "impact",
      "TextType": "PRINTED",
      "Geometry": {
        "BoundingBox": {
          "Width": 0.028863126412034035,
          "Height": 0.027236538007855415,
          "Left": 0.7513442635536194,
          "Top": 0.4287165701389313
        },
        "Polygon": [
          {
            "X": 0.7519175410270691,
            "Y": 0.4287165701389313
          },
          {
            "X": 0.7802073955535889,
            "Y": 0.4287450313568115
          },
          {
            "X": 0.7796435356140137,
            "Y": 0.45595309138298035
          },
          {
            "X": 0.7513442635536194,
            "Y": 0.4559250473976135
          }
        ]
      },
      "Id": "6e880480-b592-40a3-a23d-d342bd85e951",
      "Page": 1
    },
    {
      "BlockType": "WORD",
      "Confidence": 99.79743194580078,
      "Text": "strength",
      "TextType": "PRINTED",
      "Geometry": {
        "BoundingBox": {
          "Width": 0.03520573303103447,
          "Height": 0.027214623987674713,
          "Left": 0.7818338871002197,
          "Top": 0.4288102090358734
        },
        "Polygon": [
          {
            "X": 0.7823964357376099,
            "Y": 0.4288102090358734
          },
          {
            "X": 0.8170396685600281,
            "Y": 0.42884504795074463
          },
          {
            "X": 0.8164886832237244,
            "Y": 0.45602482557296753
          },
          {
            "X": 0.7818338871002197,
            "Y": 0.4559904634952545
          }
        ]
      },
      "Id": "06eb8327-a9b1-4873-9058-ffd7b4d6a90d",
      "Page": 1
    },
    {
      "BlockType": "WORD",
      "Confidence": 84.78736114501953,
      "Text": "(kJ",
      "TextType": "PRINTED",
      "Geometry": {
        "BoundingBox": {
          "Width": 0.011421349830925465,
          "Height": 0.028038673102855682,
          "Left": 0.8189197182655334,
          "Top": 0.4275498688220978
        },
        "Polygon": [
          {
            "X": 0.8194870948791504,
            "Y": 0.4275498688220978
          },
          {
            "X": 0.830341100692749,
            "Y": 0.42756080627441406
          },
          {
            "X": 0.8297774791717529,
            "Y": 0.45558854937553406
          },
          {
            "X": 0.8189197182655334,
            "Y": 0.4555777907371521
          }
        ]
      },
      "Id": "b65e7d94-a969-4d28-a48b-4162c74113f4",
      "Page": 1
    },
    {
      "BlockType": "WORD",
      "Confidence": 99.42707061767578,
      "Text": "m",
      "TextType": "PRINTED",
      "Geometry": {
        "BoundingBox": {
          "Width": 0.009063306264579296,
          "Height": 0.014887679368257523,
          "Left": 0.8325855731964111,
          "Top": 0.4345601797103882
        },
        "Polygon": [
          {
            "X": 0.8328842520713806,
            "Y": 0.4345601797103882
          },
          {
            "X": 0.8416488766670227,
            "Y": 0.43456897139549255
          },
          {
            "X": 0.8413517475128174,
            "Y": 0.4494478702545166
          },
          {
            "X": 0.8325855731964111,
            "Y": 0.449439138174057
          }
        ]
      },
      "Id": "c896074a-76f0-4949-adb1-ab1a180ff670",
      "Page": 1
    },
    {
      "BlockType": "WORD",
      "Confidence": 82.24414825439453,
      "Text": "2)",
      "TextType": "PRINTED",
      "Geometry": {
        "BoundingBox": {
          "Width": 0.008149328641593456,
          "Height": 0.029778506606817245,
          "Left": 0.8454627394676208,
          "Top": 0.4245118796825409
        },
        "Polygon": [
          {
            "X": 0.8460557460784912,
            "Y": 0.4245118796825409
          },
          {
            "X": 0.8536121249198914,
            "Y": 0.42451950907707214
          },
          {
            "X": 0.8530219197273254,
            "Y": 0.45429039001464844
          },
          {
            "X": 0.8454627394676208,
            "Y": 0.45428287982940674
          }
        ]
      },
      "Id": "1c4fe7c0-6aff-44a6-8871-de7bfdf740d1",
      "Page": 1
    },
    {
      "BlockType": "WORD",
      "Confidence": 99.63481140136719,
      "Text": "EP",
      "TextType": "PRINTED",
      "Geometry": {
        "BoundingBox": {
          "Width": 0.01087224017828703,
          "Height": 0.020376384258270264,
          "Left": 0.17037640511989594,
          "Top": 0.480805903673172
        },
        "Polygon": [
          {
            "X": 0.17095021903514862,
            "Y": 0.480805903673172
          },
          {
            "X": 0.18124864995479584,
            "Y": 0.48081597685813904
          },
          {
            "X": 0.1806774139404297,
            "Y": 0.5011823177337646
          },
          {
            "X": 0.17037640511989594,
            "Y": 0.5011723637580872
          }
        ]
      },
      "Id": "2f8bb2e3-6345-4b89-8025-70e3992d5d99",
      "Page": 1
    },
    {
      "BlockType": "WORD",
      "Confidence": 99.84056091308594,
      "Text": "82",
      "TextType": "PRINTED",
      "Geometry": {
        "BoundingBox": {
          "Width": 0.010580246336758137,
          "Height": 0.020781390368938446,
          "Left": 0.33967605233192444,
          "Top": 0.4805786907672882
        },
        "Polygon": [
          {
            "X": 0.340218186378479,
            "Y": 0.4805786907672882
          },
          {
            "X": 0.3502562940120697,
            "Y": 0.48058849573135376
          },
          {
            "X": 0.3497166931629181,
            "Y": 0.5013600587844849
          },
          {
            "X": 0.33967605233192444,
            "Y": 0.5013504028320312
          }
        ]
      },
      "Id": "c4116a07-f365-415b-8640-0f048c7be03c",
      "Page": 1
    },
    {
      "BlockType": "WORD",
      "Confidence": 99.96672058105469,
      "Text": "78",
      "TextType": "PRINTED",
      "Geometry": {
        "BoundingBox": {
          "Width": 0.010547544807195663,
          "Height": 0.021536272019147873,
          "Left": 0.5337980389595032,
          "Top": 0.4802912175655365
        },
        "Polygon": [
          {
            "X": 0.5343087315559387,
            "Y": 0.4802912175655365
          },
          {
            "X": 0.5443456172943115,
            "Y": 0.48030102252960205
          },
          {
            "X": 0.5438375473022461,
            "Y": 0.5018274784088135
          },
          {
            "X": 0.5337980389595032,
            "Y": 0.5018177628517151
          }
        ]
      },
      "Id": "6e15b35e-a5ae-4e85-97d5-a0b6879451df",
      "Page": 1
    },
    {
      "BlockType": "WORD",
      "Confidence": 99.90265655517578,
      "Text": "46",
      "TextType": "PRINTED",
      "Geometry": {
        "BoundingBox": {
          "Width": 0.010666695423424244,
          "Height": 0.020233971998095512,
          "Left": 0.7314651608467102,
          "Top": 0.4810601770877838
        },
        "Polygon": [
          {
            "X": 0.7318959832191467,
            "Y": 0.4810601770877838
          },
          {
            "X": 0.7421318292617798,
            "Y": 0.4810701906681061
          },
          {
            "X": 0.7417035698890686,
            "Y": 0.5012941360473633
          },
          {
            "X": 0.7314651608467102,
            "Y": 0.5012842416763306
          }
        ]
      },
      "Id": "1738378a-f7e6-458b-8436-8f7c33109c16",
      "Page": 1
    },
    {
      "BlockType": "WORD",
      "Confidence": 99.53883361816406,
      "Text": "EP/13%",
      "TextType": "PRINTED",
      "Geometry": {
        "BoundingBox": {
          "Width": 0.03024415299296379,
          "Height": 0.024756258353590965,
          "Left": 0.1702490895986557,
          "Top": 0.5124186277389526
        },
        "Polygon": [
          {
            "X": 0.17094551026821136,
            "Y": 0.5124186277389526
          },
          {
            "X": 0.2004932314157486,
            "Y": 0.5124469995498657
          },
          {
            "X": 0.19980576634407043,
            "Y": 0.5371748805046082
          },
          {
            "X": 0.1702490895986557,
            "Y": 0.5371469259262085
          }
        ]
      },
      "Id": "a3bc9bc3-77f9-415e-975a-e995202d70c6",
      "Page": 1
    },
    {
      "BlockType": "WORD",
      "Confidence": 99.75507354736328,
      "Text": "DOPMPA",
      "TextType": "PRINTED",
      "Geometry": {
        "BoundingBox": {
          "Width": 0.03787058964371681,
          "Height": 0.021593937650322914,
          "Left": 0.20171688497066498,
          "Top": 0.5125626921653748
        },
        "Polygon": [
          {
            "X": 0.20231576263904572,
            "Y": 0.5125626921653748
          },
          {
            "X": 0.2395874708890915,
            "Y": 0.51259845495224
          },
          {
            "X": 0.2389984428882599,
            "Y": 0.5341566205024719
          },
          {
            "X": 0.20171688497066498,
            "Y": 0.5341213345527649
          }
        ]
      },
      "Id": "d3967271-aad0-4c41-b608-533cc8d7028e",
      "Page": 1
    },
    {
      "BlockType": "WORD",
      "Confidence": 99.76437377929688,
      "Text": "61",
      "TextType": "PRINTED",
      "Geometry": {
        "BoundingBox": {
          "Width": 0.009892170317471027,
          "Height": 0.020640067756175995,
          "Left": 0.3396839499473572,
          "Top": 0.5127366781234741
        },
        "Polygon": [
          {
            "X": 0.34022220969200134,
            "Y": 0.5127366781234741
          },
          {
            "X": 0.34957611560821533,
            "Y": 0.5127456784248352
          },
          {
            "X": 0.3490402102470398,
            "Y": 0.5333767533302307
          },
          {
            "X": 0.3396839499473572,
            "Y": 0.5333678722381592
          }
        ]
      },
      "Id": "1d42f1dc-3e66-4a4d-a606-259ba3b22ae2",
      "Page": 1
    },
    {
      "BlockType": "WORD",
      "Confidence": 99.941650390625,
      "Text": "55",
      "TextType": "PRINTED",
      "Geometry": {
        "BoundingBox": {
          "Width": 0.01042851060628891,
          "Height": 0.020656947046518326,
          "Left": 0.533781111240387,
          "Top": 0.5129942297935486
        },
        "Polygon": [
          {
            "X": 0.534270703792572,
            "Y": 0.5129942297935486
          },
          {
            "X": 0.5442095994949341,
            "Y": 0.5130037665367126
          },
          {
            "X": 0.5437225103378296,
            "Y": 0.5336511731147766
          },
          {
            "X": 0.533781111240387,
            "Y": 0.5336417555809021
          }
        ]
      },
      "Id": "db194d0f-dd9f-40f0-bcc5-6a69f9ec7425",
      "Page": 1
    },
    {
      "BlockType": "WORD",
      "Confidence": 99.80602264404297,
      "Text": "35",
      "TextType": "PRINTED",
      "Geometry": {
        "BoundingBox": {
          "Width": 0.010390423238277435,
          "Height": 0.02075713686645031,
          "Left": 0.7314717769622803,
          "Top": 0.5127997994422913
        },
        "Polygon": [
          {
            "X": 0.7319135665893555,
            "Y": 0.5127997994422913
          },
          {
            "X": 0.7418622374534607,
            "Y": 0.5128093361854553
          },
          {
            "X": 0.7414229512214661,
            "Y": 0.5335569381713867
          },
          {
            "X": 0.7314717769622803,
            "Y": 0.5335475206375122
          }
        ]
      },
      "Id": "60599af8-bb0b-43bb-92bc-4e2136b64a7c",
      "Page": 1
    },
    {
      "BlockType": "WORD",
      "Confidence": 98.79163360595703,
      "Text": "EP/15%",
      "TextType": "PRINTED",
      "Geometry": {
        "BoundingBox": {
          "Width": 0.03004174679517746,
          "Height": 0.025150246918201447,
          "Left": 0.17013177275657654,
          "Top": 0.5457326173782349
        },
        "Polygon": [
          {
            "X": 0.1708390712738037,
            "Y": 0.5457326173782349
          },
          {
            "X": 0.2001735270023346,
            "Y": 0.5457602739334106
          },
          {
            "X": 0.1994752585887909,
            "Y": 0.5708829164505005
          },
          {
            "X": 0.17013177275657654,
            "Y": 0.5708556771278381
          }
        ]
      },
      "Id": "ff42b455-af9a-4201-a0c8-57df7eaf8247",
      "Page": 1
    },
    {
      "BlockType": "WORD",
      "Confidence": 99.78406524658203,
      "Text": "DOPMPA",
      "TextType": "PRINTED",
      "Geometry": {
        "BoundingBox": {
          "Width": 0.03754078596830368,
          "Height": 0.020962705835700035,
          "Left": 0.2019917368888855,
          "Top": 0.5462784171104431
        },
        "Polygon": [
          {
            "X": 0.2025727927684784,
            "Y": 0.5462784171104431
          },
          {
            "X": 0.23953251540660858,
            "Y": 0.5463131666183472
          },
          {
            "X": 0.23896093666553497,
            "Y": 0.5672410726547241
          },
          {
            "X": 0.2019917368888855,
            "Y": 0.5672067403793335
          }
        ]
      },
      "Id": "b5bb8fab-570c-4161-aa95-913145e421e0",
      "Page": 1
    },
    {
      "BlockType": "WORD",
      "Confidence": 99.88966369628906,
      "Text": "56",
      "TextType": "PRINTED",
      "Geometry": {
        "BoundingBox": {
          "Width": 0.01060586515814066,
          "Height": 0.02078287862241268,
          "Left": 0.3398962616920471,
          "Top": 0.5461411476135254
        },
        "Polygon": [
          {
            "X": 0.34043797850608826,
            "Y": 0.5461411476135254
          },
          {
            "X": 0.3505021333694458,
            "Y": 0.5461506247520447
          },
          {
            "X": 0.34996297955513,
            "Y": 0.5669240355491638
          },
          {
            "X": 0.3398962616920471,
            "Y": 0.5669146776199341
          }
        ]
      },
      "Id": "00ae0f19-9ed6-4b99-967e-0733041ebc1a",
      "Page": 1
    },
    {
      "BlockType": "WORD",
      "Confidence": 99.93910217285156,
      "Text": "49",
      "TextType": "PRINTED",
      "Geometry": {
        "BoundingBox": {
          "Width": 0.01041111908853054,
          "Height": 0.020119447261095047,
          "Left": 0.5338770151138306,
          "Top": 0.5466084480285645
        },
        "Polygon": [
          {
            "X": 0.5343536734580994,
            "Y": 0.5466084480285645
          },
          {
            "X": 0.544288158416748,
            "Y": 0.5466178059577942
          },
          {
            "X": 0.5438138842582703,
            "Y": 0.5667279362678528
          },
          {
            "X": 0.5338770151138306,
            "Y": 0.5667186975479126
          }
        ]
      },
      "Id": "80c249f1-7097-4bb7-acd9-89c52b20b524",
      "Page": 1
    },
    {
      "BlockType": "WORD",
      "Confidence": 99.906005859375,
      "Text": "32",
      "TextType": "PRINTED",
      "Geometry": {
        "BoundingBox": {
          "Width": 0.010367845185101032,
          "Height": 0.020492123439908028,
          "Left": 0.7316409349441528,
          "Top": 0.5462856292724609
        },
        "Polygon": [
          {
            "X": 0.7320768237113953,
            "Y": 0.5462856292724609
          },
          {
            "X": 0.7420087456703186,
            "Y": 0.5462949872016907
          },
          {
            "X": 0.741575300693512,
            "Y": 0.566777765750885
          },
          {
            "X": 0.7316409349441528,
            "Y": 0.5667685270309448
          }
        ]
      },
      "Id": "03935d92-6e8e-4364-9b76-15dfbf3ff678",
      "Page": 1
    },
    {
      "BlockType": "TABLE",
      "Confidence": 99.755859375,
      "Geometry": {
        "BoundingBox": {
          "Width": 0.7134535908699036,
          "Height": 0.16534516215324402,
          "Left": 0.14240261912345886,
          "Top": 0.41737890243530273
        },
        "Polygon": [
          {
            "X": 0.1470944583415985,
            "Y": 0.41737890243530273
          },
          {
            "X": 0.8558562397956848,
            "Y": 0.41809627413749695
          },
          {
            "X": 0.8525968194007874,
            "Y": 0.5827240347862244
          },
          {
            "X": 0.14240261912345886,
            "Y": 0.5820700526237488
          }
        ]
      },
      "Id": "0c957a92-64ad-4488-9cc5-1c942afa8f91",
      "Relationships": [
        {
          "Type": "CHILD",
          "Ids": [
            "c4484bce-80a2-4e46-84e9-229dfd9a9ee9",
            "5a1e8e34-b6f6-41e7-8e8f-96331e38b458",
            "475e2ca6-f436-4d10-973d-356d73303053",
            "394fc903-f71d-4d79-963f-6a5b9bee2a78",
            "f1c0dcb1-b927-4ff4-9866-db10e59b7428",
            "5c1d1c14-193f-4986-ae71-6162b672cca6",
            "e8c84619-043c-4f2a-a09e-7b7d759b3bab",
            "97d6df57-98d5-4052-b8f5-d00987fb26da",
            "2ddfb435-0042-43b7-8b79-e20a9dfdc805",
            "bae09593-2a00-40a5-96f5-b39957cc3d69",
            "9e8da4ff-b80e-41e5-ad38-b7c151c376b8",
            "de64eda1-9ed1-46ee-9043-0baef035d9a1",
            "08f4aa14-be74-48c8-ac83-a0cf8dd99812",
            "307fc8d8-5913-45a8-9fb4-42ce4f3fcac4",
            "31cdf6cf-a149-4fa1-b90a-fb9f79b4a31f",
            "bf31c9e7-205f-4b23-81dd-5d41fd6204fb"
          ]
        }
      ],
      "EntityTypes": [
        "STRUCTURED_TABLE"
      ],
      "Page": 1
    },
    {
      "BlockType": "CELL",
      "Confidence": 81.494140625,
      "RowIndex": 1,
      "ColumnIndex": 1,
      "RowSpan": 1,
      "ColumnSpan": 1,
      "Geometry": {
        "BoundingBox": {
          "Width": 0.14301973581314087,
          "Height": 0.04872063547372818,
          "Left": 0.14571045339107513,
          "Top": 0.41737890243530273
        },
        "Polygon": [
          {
            "X": 0.1470944583415985,
            "Y": 0.41737890243530273
          },
          {
            "X": 0.2887301743030548,
            "Y": 0.41752225160598755
          },
          {
            "X": 0.28743064403533936,
            "Y": 0.4660995304584503
          },
          {
            "X": 0.14571045339107513,
            "Y": 0.46595990657806396
          }
        ]
      },
      "Id": "c4484bce-80a2-4e46-84e9-229dfd9a9ee9",
      "Relationships": [
        {
          "Type": "CHILD",
          "Ids": [
            "c7a86b1d-05bc-4314-bd02-64c8fb5dbb01"
          ]
        }
      ],
      "EntityTypes": [
        "COLUMN_HEADER"
      ],
      "Page": 1
    },
    {
      "BlockType": "CELL",
      "Confidence": 83.447265625,
      "RowIndex": 1,
      "ColumnIndex": 2,
      "RowSpan": 1,
      "ColumnSpan": 1,
      "Geometry": {
        "BoundingBox": {
          "Width": 0.19451022148132324,
          "Height": 0.04876774549484253,
          "Left": 0.28743064403533936,
          "Top": 0.41752225160598755
        },
        "Polygon": [
          {
            "X": 0.2887301743030548,
            "Y": 0.41752225160598755
          },
          {
            "X": 0.4819408655166626,
            "Y": 0.4177178144454956
          },
          {
            "X": 0.4807565212249756,
            "Y": 0.4662899971008301
          },
          {
            "X": 0.28743064403533936,
            "Y": 0.4660995304584503
          }
        ]
      },
      "Id": "5a1e8e34-b6f6-41e7-8e8f-96331e38b458",
      "Relationships": [
        {
          "Type": "CHILD",
          "Ids": [
            "07d91979-47d8-4016-ba82-7f2daa4ee0c2",
            "d333d276-c599-4aa4-8810-98cf3d4cadde",
            "830cbd57-c2ab-4c5c-bb46-1989c8df58d9"
          ]
        }
      ],
      "EntityTypes": [
        "COLUMN_HEADER"
      ],
      "Page": 1
    },
    {
      "BlockType": "CELL",
      "Confidence": 84.1796875,
      "RowIndex": 1,
      "ColumnIndex": 3,
      "RowSpan": 1,
      "ColumnSpan": 1,
      "Geometry": {
        "BoundingBox": {
          "Width": 0.20492391288280487,
          "Height": 0.048773039132356644,
          "Left": 0.4807565212249756,
          "Top": 0.4177178144454956
        },
        "Polygon": [
          {
            "X": 0.4819408655166626,
            "Y": 0.4177178144454956
          },
          {
            "X": 0.6856804490089417,
            "Y": 0.41792401671409607
          },
          {
            "X": 0.6846175193786621,
            "Y": 0.46649086475372314
          },
          {
            "X": 0.4807565212249756,
            "Y": 0.4662899971008301
          }
        ]
      },
      "Id": "475e2ca6-f436-4d10-973d-356d73303053",
      "Relationships": [
        {
          "Type": "CHILD",
          "Ids": [
            "1201654f-f4df-45dc-af29-cf0c292d6363",
            "2db8f6f5-14dd-4ef3-8af3-e708a65656b0",
            "6642e139-d92c-448d-a26d-8c1454b0d99b"
          ]
        }
      ],
      "EntityTypes": [
        "COLUMN_HEADER"
      ],
      "Page": 1
    },
    {
      "BlockType": "CELL",
      "Confidence": 83.30078125,
      "RowIndex": 1,
      "ColumnIndex": 4,
      "RowSpan": 1,
      "ColumnSpan": 1,
      "Geometry": {
        "BoundingBox": {
          "Width": 0.17123869061470032,
          "Height": 0.04873458668589592,
          "Left": 0.6846175193786621,
          "Top": 0.41792401671409607
        },
        "Polygon": [
          {
            "X": 0.6856804490089417,
            "Y": 0.41792401671409607
          },
          {
            "X": 0.8558562397956848,
            "Y": 0.41809627413749695
          },
          {
            "X": 0.854894757270813,
            "Y": 0.4666586220264435
          },
          {
            "X": 0.6846175193786621,
            "Y": 0.46649086475372314
          }
        ]
      },
      "Id": "394fc903-f71d-4d79-963f-6a5b9bee2a78",
      "Relationships": [
        {
          "Type": "CHILD",
          "Ids": [
            "4cd7c3c0-98e9-43d5-8341-d1b2e917c648",
            "6e880480-b592-40a3-a23d-d342bd85e951",
            "06eb8327-a9b1-4873-9058-ffd7b4d6a90d",
            "b65e7d94-a969-4d28-a48b-4162c74113f4",
            "c896074a-76f0-4949-adb1-ab1a180ff670",
            "1c4fe7c0-6aff-44a6-8871-de7bfdf740d1"
          ]
        }
      ],
      "EntityTypes": [
        "COLUMN_HEADER"
      ],
      "Page": 1
    },
    {
      "BlockType": "CELL",
      "Confidence": 83.88671875,
      "RowIndex": 2,
      "ColumnIndex": 1,
      "RowSpan": 1,
      "ColumnSpan": 1,
      "Geometry": {
        "BoundingBox": {
          "Width": 0.14290495216846466,
          "Height": 0.041723430156707764,
          "Left": 0.1445256918668747,
          "Top": 0.46595990657806396
        },
        "Polygon": [
          {
            "X": 0.14571045339107513,
            "Y": 0.46595990657806396
          },
          {
            "X": 0.28743064403533936,
            "Y": 0.4660995304584503
          },
          {
            "X": 0.28631818294525146,
            "Y": 0.5076833367347717
          },
          {
            "X": 0.1445256918668747,
            "Y": 0.5075469017028809
          }
        ]
      },
      "Id": "f1c0dcb1-b927-4ff4-9866-db10e59b7428",
      "Relationships": [
        {
          "Type": "CHILD",
          "Ids": [
            "2f8bb2e3-6345-4b89-8025-70e3992d5d99"
          ]
        }
      ],
      "Page": 1
    },
    {
      "BlockType": "CELL",
      "Confidence": 85.9375,
      "RowIndex": 2,
      "ColumnIndex": 2,
      "RowSpan": 1,
      "ColumnSpan": 1,
      "Geometry": {
        "BoundingBox": {
          "Width": 0.19443833827972412,
          "Height": 0.04176991060376167,
          "Left": 0.28631818294525146,
          "Top": 0.4660995304584503
        },
        "Polygon": [
          {
            "X": 0.28743064403533936,
            "Y": 0.4660995304584503
          },
          {
            "X": 0.4807565212249756,
            "Y": 0.4662899971008301
          },
          {
            "X": 0.4797426760196686,
            "Y": 0.5078694224357605
          },
          {
            "X": 0.28631818294525146,
            "Y": 0.5076833367347717
          }
        ]
      },
      "Id": "5c1d1c14-193f-4986-ae71-6162b672cca6",
      "Relationships": [
        {
          "Type": "CHILD",
          "Ids": [
            "c4116a07-f365-415b-8640-0f048c7be03c"
          ]
        }
      ],
      "Page": 1
    },
    {
      "BlockType": "CELL",
      "Confidence": 86.669921875,
      "RowIndex": 2,
      "ColumnIndex": 3,
      "RowSpan": 1,
      "ColumnSpan": 1,
      "Geometry": {
        "BoundingBox": {
          "Width": 0.20487485826015472,
          "Height": 0.041775692254304886,
          "Left": 0.4797426760196686,
          "Top": 0.4662899971008301
        },
        "Polygon": [
          {
            "X": 0.4807565212249756,
            "Y": 0.4662899971008301
          },
          {
            "X": 0.6846175193786621,
            "Y": 0.46649086475372314
          },
          {
            "X": 0.6837076544761658,
            "Y": 0.5080657005310059
          },
          {
            "X": 0.4797426760196686,
            "Y": 0.5078694224357605
          }
        ]
      },
      "Id": "e8c84619-043c-4f2a-a09e-7b7d759b3bab",
      "Relationships": [
        {
          "Type": "CHILD",
          "Ids": [
            "6e15b35e-a5ae-4e85-97d5-a0b6879451df"
          ]
        }
      ],
      "Page": 1
    },
    {
      "BlockType": "CELL",
      "Confidence": 85.7421875,
      "RowIndex": 2,
      "ColumnIndex": 4,
      "RowSpan": 1,
      "ColumnSpan": 1,
      "Geometry": {
        "BoundingBox": {
          "Width": 0.17118710279464722,
          "Height": 0.04173876717686653,
          "Left": 0.6837076544761658,
          "Top": 0.46649086475372314
        },
        "Polygon": [
          {
            "X": 0.6846175193786621,
            "Y": 0.46649086475372314
          },
          {
            "X": 0.854894757270813,
            "Y": 0.4666586220264435
          },
          {
            "X": 0.8540717363357544,
            "Y": 0.5082296133041382
          },
          {
            "X": 0.6837076544761658,
            "Y": 0.5080657005310059
          }
        ]
      },
      "Id": "97d6df57-98d5-4052-b8f5-d00987fb26da",
      "Relationships": [
        {
          "Type": "CHILD",
          "Ids": [
            "1738378a-f7e6-458b-8436-8f7c33109c16"
          ]
        }
      ],
      "Page": 1
    },
    {
      "BlockType": "CELL",
      "Confidence": 79.98046875,
      "RowIndex": 3,
      "ColumnIndex": 1,
      "RowSpan": 1,
      "ColumnSpan": 1,
      "Geometry": {
        "BoundingBox": {
          "Width": 0.14274117350578308,
          "Height": 0.03343399614095688,
          "Left": 0.14357700943946838,
          "Top": 0.5075469017028809
        },
        "Polygon": [
          {
            "X": 0.1445256918668747,
            "Y": 0.5075469017028809
          },
          {
            "X": 0.28631818294525146,
            "Y": 0.5076833367347717
          },
          {
            "X": 0.28542739152908325,
            "Y": 0.5409809350967407
          },
          {
            "X": 0.14357700943946838,
            "Y": 0.5408470630645752
          }
        ]
      },
      "Id": "2ddfb435-0042-43b7-8b79-e20a9dfdc805",
      "Relationships": [
        {
          "Type": "CHILD",
          "Ids": [
            "a3bc9bc3-77f9-415e-975a-e995202d70c6",
            "d3967271-aad0-4c41-b608-533cc8d7028e"
          ]
        }
      ],
      "Page": 1
    },
    {
      "BlockType": "CELL",
      "Confidence": 81.884765625,
      "RowIndex": 3,
      "ColumnIndex": 2,
      "RowSpan": 1,
      "ColumnSpan": 1,
      "Geometry": {
        "BoundingBox": {
          "Width": 0.19431528449058533,
          "Height": 0.03348017856478691,
          "Left": 0.28542739152908325,
          "Top": 0.5076833367347717
        },
        "Polygon": [
          {
            "X": 0.28631818294525146,
            "Y": 0.5076833367347717
          },
          {
            "X": 0.4797426760196686,
            "Y": 0.5078694224357605
          },
          {
            "X": 0.47893086075782776,
            "Y": 0.5411635041236877
          },
          {
            "X": 0.28542739152908325,
            "Y": 0.5409809350967407
          }
        ]
      },
      "Id": "bae09593-2a00-40a5-96f5-b39957cc3d69",
      "Relationships": [
        {
          "Type": "CHILD",
          "Ids": [
            "1d42f1dc-3e66-4a4d-a606-259ba3b22ae2"
          ]
        }
      ],
      "Page": 1
    },
    {
      "BlockType": "CELL",
      "Confidence": 82.6171875,
      "RowIndex": 3,
      "ColumnIndex": 3,
      "RowSpan": 1,
      "ColumnSpan": 1,
      "Geometry": {
        "BoundingBox": {
          "Width": 0.2047768086194992,
          "Height": 0.033486638218164444,
          "Left": 0.47893086075782776,
          "Top": 0.5078694224357605
        },
        "Polygon": [
          {
            "X": 0.4797426760196686,
            "Y": 0.5078694224357605
          },
          {
            "X": 0.6837076544761658,
            "Y": 0.5080657005310059
          },
          {
            "X": 0.6829791069030762,
            "Y": 0.541356086730957
          },
          {
            "X": 0.47893086075782776,
            "Y": 0.5411635041236877
          }
        ]
      },
      "Id": "9e8da4ff-b80e-41e5-ad38-b7c151c376b8",
      "Relationships": [
        {
          "Type": "CHILD",
          "Ids": [
            "db194d0f-dd9f-40f0-bcc5-6a69f9ec7425"
          ]
        }
      ],
      "Page": 1
    },
    {
      "BlockType": "CELL",
      "Confidence": 81.73828125,
      "RowIndex": 3,
      "ColumnIndex": 4,
      "RowSpan": 1,
      "ColumnSpan": 1,
      "Geometry": {
        "BoundingBox": {
          "Width": 0.17109261453151703,
          "Height": 0.033451229333877563,
          "Left": 0.6829791069030762,
          "Top": 0.5080657005310059
        },
        "Polygon": [
          {
            "X": 0.6837076544761658,
            "Y": 0.5080657005310059
          },
          {
            "X": 0.8540717363357544,
            "Y": 0.5082296133041382
          },
          {
            "X": 0.8534126877784729,
            "Y": 0.541516900062561
          },
          {
            "X": 0.6829791069030762,
            "Y": 0.541356086730957
          }
        ]
      },
      "Id": "de64eda1-9ed1-46ee-9043-0baef035d9a1",
      "Relationships": [
        {
          "Type": "CHILD",
          "Ids": [
            "60599af8-bb0b-43bb-92bc-4e2136b64a7c"
          ]
        }
      ],
      "Page": 1
    },
    {
      "BlockType": "CELL",
      "Confidence": 89.6484375,
      "RowIndex": 4,
      "ColumnIndex": 1,
      "RowSpan": 1,
      "ColumnSpan": 1,
      "Geometry": {
        "BoundingBox": {
          "Width": 0.14302478730678558,
          "Height": 0.04135370999574661,
          "Left": 0.14240261912345886,
          "Top": 0.5408470630645752
        },
        "Polygon": [
          {
            "X": 0.14357700943946838,
            "Y": 0.5408470630645752
          },
          {
            "X": 0.28542739152908325,
            "Y": 0.5409809350967407
          },
          {
            "X": 0.28432467579841614,
            "Y": 0.5822007656097412
          },
          {
            "X": 0.14240261912345886,
            "Y": 0.5820700526237488
          }
        ]
      },
      "Id": "08f4aa14-be74-48c8-ac83-a0cf8dd99812",
      "Relationships": [
        {
          "Type": "CHILD",
          "Ids": [
            "ff42b455-af9a-4201-a0c8-57df7eaf8247",
            "b5bb8fab-570c-4161-aa95-913145e421e0"
          ]
        }
      ],
      "Page": 1
    },
    {
      "BlockType": "CELL",
      "Confidence": 91.796875,
      "RowIndex": 4,
      "ColumnIndex": 2,
      "RowSpan": 1,
      "ColumnSpan": 1,
      "Geometry": {
        "BoundingBox": {
          "Width": 0.19460618495941162,
          "Height": 0.041398126631975174,
          "Left": 0.28432467579841614,
          "Top": 0.5409809350967407
        },
        "Polygon": [
          {
            "X": 0.28542739152908325,
            "Y": 0.5409809350967407
          },
          {
            "X": 0.47893086075782776,
            "Y": 0.5411635041236877
          },
          {
            "X": 0.4779258966445923,
            "Y": 0.5823790431022644
          },
          {
            "X": 0.28432467579841614,
            "Y": 0.5822007656097412
          }
        ]
      },
      "Id": "307fc8d8-5913-45a8-9fb4-42ce4f3fcac4",
      "Relationships": [
        {
          "Type": "CHILD",
          "Ids": [
            "00ae0f19-9ed6-4b99-967e-0733041ebc1a"
          ]
        }
      ],
      "Page": 1
    },
    {
      "BlockType": "CELL",
      "Confidence": 92.626953125,
      "RowIndex": 4,
      "ColumnIndex": 3,
      "RowSpan": 1,
      "ColumnSpan": 1,
      "Geometry": {
        "BoundingBox": {
          "Width": 0.2050532102584839,
          "Height": 0.04140350967645645,
          "Left": 0.4779258966445923,
          "Top": 0.5411635041236877
        },
        "Polygon": [
          {
            "X": 0.47893086075782776,
            "Y": 0.5411635041236877
          },
          {
            "X": 0.6829791069030762,
            "Y": 0.541356086730957
          },
          {
            "X": 0.6820772290229797,
            "Y": 0.582567036151886
          },
          {
            "X": 0.4779258966445923,
            "Y": 0.5823790431022644
          }
        ]
      },
      "Id": "31cdf6cf-a149-4fa1-b90a-fb9f79b4a31f",
      "Relationships": [
        {
          "Type": "CHILD",
          "Ids": [
            "80c249f1-7097-4bb7-acd9-89c52b20b524"
          ]
        }
      ],
      "Page": 1
    },
    {
      "BlockType": "CELL",
      "Confidence": 91.650390625,
      "RowIndex": 4,
      "ColumnIndex": 4,
      "RowSpan": 1,
      "ColumnSpan": 1,
      "Geometry": {
        "BoundingBox": {
          "Width": 0.17133547365665436,
          "Height": 0.04136797413229942,
          "Left": 0.6820772290229797,
          "Top": 0.541356086730957
        },
        "Polygon": [
          {
            "X": 0.6829791069030762,
            "Y": 0.541356086730957
          },
          {
            "X": 0.8534126877784729,
            "Y": 0.541516900062561
          },
          {
            "X": 0.8525968194007874,
            "Y": 0.5827240347862244
          },
          {
            "X": 0.6820772290229797,
            "Y": 0.582567036151886
          }
        ]
      },
      "Id": "bf31c9e7-205f-4b23-81dd-5d41fd6204fb",
      "Relationships": [
        {
          "Type": "CHILD",
          "Ids": [
            "03935d92-6e8e-4364-9b76-15dfbf3ff678"
          ]
        }
      ],
      "Page": 1
    }
  ],
  "AnalyzeDocumentModelVersion": "1.0"
}