{
  "DocumentMetadata": {
    "Pages": 1
  },
  "JobStatus": "SUCCEEDED",
  "Blocks": [
    {
      "BlockType": "PAGE",
      "Geometry": {
        "BoundingBox": {
          "Width": 0.6942174434661865,
          "Height": 0.26152172684669495,
          "Left": 0.15193268656730652,
          "Top": 0.3674044609069824
        },
        "Polygon": [
          {
            "X": 0.15193268656730652,
            "Y": 0.36862412095069885
          },
          {
            "X": 0.8427854776382446,
            "Y": 0.3674044609069824
          },
          {
            "X": 0.8461501002311707,
            "Y": 0.6279886960983276
          },
          {
            "X": 0.15365195274353027,
            "Y": 0.6289262175559998
          }
        ]
      },
      "Id": "7a30f096-7f31-4a31-8805-a191ec3de224",
      "Relationships": [
        {
          "Type": "CHILD",
          "Ids": [
            "5de48d5a-ebd8-4fed-9b13-94af5dfdf641",
            "465c6c1b-3259-4d47-a237-b8e493db45d9",
            "585d1fe2-17a6-4a8a-9ebb-fadc4308a38b",
            "6154c549-efdf-402a-b07f-48e9a63a51db",
            "984ace4f-c78e-47d0-9fca-cb5d8dcc0d70",
            "495e4607-14fc-468f-97ab-cc39cbcd0f9c",
            "19196210-9951-4b9b-b7dc-9e18e9886d15",
            "7c3c2b7d-b84e-4882-82d9-4496c6be4439",
            "7ce85b09-1e07-41c0-b3b3-fbf697a69e01",
            "812b9629-3843-4517-a234-50fcd7946d0d",
            "3135edd7-a5ca-4f4e-9679-5f31006be4cc",
            "93fdbb91-663c-4762-ba45-bf9a3b26f0ee",
            "ec77a613-6cc8-4d4d-b523-8339cc05abb2",
            "6dcb5a72-1353-449b-a102-80dcbde7f1b7",
            "2a68abd6-8398-4776-9af3-e179cf2065dc",
            "db6c57f0-65c1-490a-b985-ee20378d5668",
            "5a0dd7a7-90a7-4b3a-ab50-a7d53de1b499",
            "81eb26ec-0fb7-478f-8b31-0255cacf8685",
            "8cc6ee2d-f7b0-49ec-ad69-661964a94580",
            "96539c3e-cc12-4a5a-bdc7-ac4d05d3919e",
            "d3331073-8d8f-42d4-bf0e-4784e37d984d"
          ]
        }
      ],
      "Page": 1
    },
    {
      "BlockType": "LINE",
      "Confidence": 99.91017150878906,
      "Text": "Samples",
      "Geometry": {
        "BoundingBox": {
          "Width": 0.061164747923612595,
          "Height": 0.039120256900787354,
          "Left": 0.2705157399177551,
          "Top": 0.38691380620002747
        },
        "Polygon": [
          {
            "X": 0.2705157399177551,
            "Y": 0.38701942563056946
          },
          {
            "X": 0.3313589096069336,
            "Y": 0.38691380620002747
          },
          {
            "X": 0.3316804766654968,
            "Y": 0.4259321391582489
          },
          {
            "X": 0.2708156108856201,
            "Y": 0.4260340631008148
          }
        ]
      },
      "Id": "5de48d5a-ebd8-4fed-9b13-94af5dfdf641",
      "Relationships": [
        {
          "Type": "CHILD",
          "Ids": [
            "98bfd2fe-b996-4a70-a02a-dcffd9982a3e"
          ]
        }
      ],
      "Page": 1
    },
    {
      "BlockType": "LINE",
      "Confidence": 99.82123565673828,
      "Text": "EP",
      "Geometry": {
        "BoundingBox": {
          "Width": 0.022106394171714783,
          "Height": 0.03132021799683571,
          "Left": 0.474323570728302,
          "Top": 0.3870851695537567
        },
        "Polygon": [
          {
            "X": 0.474323570728302,
            "Y": 0.3871229887008667
          },
          {
            "X": 0.49612510204315186,
            "Y": 0.3870851695537567
          },
          {
            "X": 0.496429979801178,
            "Y": 0.4183686077594757
          },
          {
            "X": 0.4746222198009491,
            "Y": 0.4184053838253021
          }
        ]
      },
      "Id": "465c6c1b-3259-4d47-a237-b8e493db45d9",
      "Relationships": [
        {
          "Type": "CHILD",
          "Ids": [
            "98e1541e-d126-4bcf-a615-07bd4077a9b4"
          ]
        }
      ],
      "Page": 1
    },
    {
      "BlockType": "LINE",
      "Confidence": 96.15039825439453,
      "Text": "EP/3UiO66",
      "Geometry": {
        "BoundingBox": {
          "Width": 0.08433596044778824,
          "Height": 0.03316821902990341,
          "Left": 0.5333352088928223,
          "Top": 0.38639187812805176
        },
        "Polygon": [
          {
            "X": 0.5333352088928223,
            "Y": 0.38653767108917236
          },
          {
            "X": 0.6173127293586731,
            "Y": 0.38639187812805176
          },
          {
            "X": 0.6176711320877075,
            "Y": 0.4194186329841614
          },
          {
            "X": 0.5336682200431824,
            "Y": 0.41956010460853577
          }
        ]
      },
      "Id": "585d1fe2-17a6-4a8a-9ebb-fadc4308a38b",
      "Relationships": [
        {
          "Type": "CHILD",
          "Ids": [
            "74701232-b76d-413e-a16b-13e98df5a9af"
          ]
        }
      ],
      "Page": 1
    },
    {
      "BlockType": "LINE",
      "Confidence": 84.63682556152344,
      "Text": "EP/3UiO66-PDA-PBA",
      "Geometry": {
        "BoundingBox": {
          "Width": 0.1638030856847763,
          "Height": 0.033029984682798386,
          "Left": 0.6600613594055176,
          "Top": 0.38687750697135925
        },
        "Polygon": [
          {
            "X": 0.6600613594055176,
            "Y": 0.3871609568595886
          },
          {
            "X": 0.8234473466873169,
            "Y": 0.38687750697135925
          },
          {
            "X": 0.8238644003868103,
            "Y": 0.4196324348449707
          },
          {
            "X": 0.6604294776916504,
            "Y": 0.41990751028060913
          }
        ]
      },
      "Id": "6154c549-efdf-402a-b07f-48e9a63a51db",
      "Relationships": [
        {
          "Type": "CHILD",
          "Ids": [
            "1eaa6707-6fd1-4426-abe2-f0fa41389441"
          ]
        }
      ],
      "Page": 1
    },
    {
      "BlockType": "LINE",
      "Confidence": 99.13861846923828,
      "Text": "Initial storage modulus/(MPa)",
      "Geometry": {
        "BoundingBox": {
          "Width": 0.22210073471069336,
          "Height": 0.040291111916303635,
          "Left": 0.19005416333675385,
          "Top": 0.4382546544075012
        },
        "Polygon": [
          {
            "X": 0.19005416333675385,
            "Y": 0.43862155079841614
          },
          {
            "X": 0.41179659962654114,
            "Y": 0.4382546544075012
          },
          {
            "X": 0.412154883146286,
            "Y": 0.4781927466392517
          },
          {
            "X": 0.1903315633535385,
            "Y": 0.47854575514793396
          }
        ]
      },
      "Id": "984ace4f-c78e-47d0-9fca-cb5d8dcc0d70",
      "Relationships": [
        {
          "Type": "CHILD",
          "Ids": [
            "8e5deb07-d4da-436b-8a58-92353aac4978",
            "88fba442-4117-4230-889f-179d1af41565",
            "a0281221-1736-4a38-bcb0-c4ef5abc21c8"
          ]
        }
      ],
      "Page": 1
    },
    {
      "BlockType": "LINE",
      "Confidence": 99.97650146484375,
      "Text": "1545",
      "Geometry": {
        "BoundingBox": {
          "Width": 0.032489627599716187,
          "Height": 0.03137381002306938,
          "Left": 0.4695605933666229,
          "Top": 0.43814510107040405
        },
        "Polygon": [
          {
            "X": 0.4695605933666229,
            "Y": 0.43819835782051086
          },
          {
            "X": 0.501743495464325,
            "Y": 0.43814510107040405
          },
          {
            "X": 0.5020502209663391,
            "Y": 0.46946725249290466
          },
          {
            "X": 0.4698581099510193,
            "Y": 0.4695189297199249
          }
        ]
      },
      "Id": "495e4607-14fc-468f-97ab-cc39cbcd0f9c",
      "Relationships": [
        {
          "Type": "CHILD",
          "Ids": [
            "2bcbf391-c693-48fd-baed-0c9c62f96da2"
          ]
        }
      ],
      "Page": 1
    },
    {
      "BlockType": "LINE",
      "Confidence": 99.96717834472656,
      "Text": "1413",
      "Geometry": {
        "BoundingBox": {
          "Width": 0.03207845240831375,
          "Height": 0.031495220959186554,
          "Left": 0.5596086382865906,
          "Top": 0.4381087124347687
        },
        "Polygon": [
          {
            "X": 0.5596086382865906,
            "Y": 0.4381612241268158
          },
          {
            "X": 0.5913534760475159,
            "Y": 0.4381087124347687
          },
          {
            "X": 0.5916870832443237,
            "Y": 0.4695529639720917
          },
          {
            "X": 0.5599331259727478,
            "Y": 0.46960392594337463
          }
        ]
      },
      "Id": "19196210-9951-4b9b-b7dc-9e18e9886d15",
      "Relationships": [
        {
          "Type": "CHILD",
          "Ids": [
            "d792cf93-84f5-4659-a69c-1412cfc57712"
          ]
        }
      ],
      "Page": 1
    },
    {
      "BlockType": "LINE",
      "Confidence": 99.95465087890625,
      "Text": "1580",
      "Geometry": {
        "BoundingBox": {
          "Width": 0.032926369458436966,
          "Height": 0.03169436380267143,
          "Left": 0.7266777157783508,
          "Top": 0.43798041343688965
        },
        "Polygon": [
          {
            "X": 0.7266777157783508,
            "Y": 0.4380342364311218
          },
          {
            "X": 0.7592198848724365,
            "Y": 0.43798041343688965
          },
          {
            "X": 0.7596040964126587,
            "Y": 0.46962255239486694
          },
          {
            "X": 0.7270524501800537,
            "Y": 0.4696747660636902
          }
        ]
      },
      "Id": "7c3c2b7d-b84e-4882-82d9-4496c6be4439",
      "Relationships": [
        {
          "Type": "CHILD",
          "Ids": [
            "d0464fa5-3b37-4361-9e2f-0dce22808f4f"
          ]
        }
      ],
      "Page": 1
    },
    {
      "BlockType": "LINE",
      "Confidence": 97.8878173828125,
      "Text": "Storage modulus 30 °C above Tg/(MPa)",
      "Geometry": {
        "BoundingBox": {
          "Width": 0.28851598501205444,
          "Height": 0.04425470903515816,
          "Left": 0.15655764937400818,
          "Top": 0.4848889112472534
        },
        "Polygon": [
          {
            "X": 0.15655764937400818,
            "Y": 0.48534438014030457
          },
          {
            "X": 0.4446675479412079,
            "Y": 0.4848889112472534
          },
          {
            "X": 0.445073664188385,
            "Y": 0.5287079811096191
          },
          {
            "X": 0.1568484753370285,
            "Y": 0.5291436314582825
          }
        ]
      },
      "Id": "7ce85b09-1e07-41c0-b3b3-fbf697a69e01",
      "Relationships": [
        {
          "Type": "CHILD",
          "Ids": [
            "945c56c9-701b-4e25-abcf-7d1ad1be3762",
            "2c6c28e8-6835-4ebf-98e8-d954f5bf616d",
            "0b61f7ab-2273-472a-a3d0-4fc97ed20566",
            "ae867712-6296-4109-9ba7-787745b3a9ad",
            "904157b0-0265-406c-868b-a6f9657dd694",
            "13efedb3-ecd1-4f19-b58a-35489fa34fb3"
          ]
        }
      ],
      "Page": 1
    },
    {
      "BlockType": "LINE",
      "Confidence": 99.87686920166016,
      "Text": "22.5",
      "Geometry": {
        "BoundingBox": {
          "Width": 0.02976338565349579,
          "Height": 0.031125547364354134,
          "Left": 0.470045268535614,
          "Top": 0.485815167427063
        },
        "Polygon": [
          {
            "X": 0.470045268535614,
            "Y": 0.4858616888523102
          },
          {
            "X": 0.49950507283210754,
            "Y": 0.485815167427063
          },
          {
            "X": 0.4998086392879486,
            "Y": 0.516895592212677
          },
          {
            "X": 0.4703404903411865,
            "Y": 0.516940712928772
          }
        ]
      },
      "Id": "812b9629-3843-4517-a234-50fcd7946d0d",
      "Relationships": [
        {
          "Type": "CHILD",
          "Ids": [
            "3c3e4c65-907e-43d2-bc12-b70b3017c7c9"
          ]
        }
      ],
      "Page": 1
    },
    {
      "BlockType": "LINE",
      "Confidence": 99.9769058227539,
      "Text": "28.8",
      "Geometry": {
        "BoundingBox": {
          "Width": 0.030157554894685745,
          "Height": 0.031502433121204376,
          "Left": 0.5599787831306458,
          "Top": 0.485455185174942
        },
        "Polygon": [
          {
            "X": 0.5599787831306458,
            "Y": 0.48550230264663696
          },
          {
            "X": 0.589803159236908,
            "Y": 0.485455185174942
          },
          {
            "X": 0.5901363492012024,
            "Y": 0.5169119834899902
          },
          {
            "X": 0.5603033900260925,
            "Y": 0.5169576406478882
          }
        ]
      },
      "Id": "3135edd7-a5ca-4f4e-9679-5f31006be4cc",
      "Relationships": [
        {
          "Type": "CHILD",
          "Ids": [
            "591d281c-8d40-44c8-8af9-71473c5128f6"
          ]
        }
      ],
      "Page": 1
    },
    {
      "BlockType": "LINE",
      "Confidence": 99.3594970703125,
      "Text": "33.4",
      "Geometry": {
        "BoundingBox": {
          "Width": 0.030376728624105453,
          "Height": 0.03154855966567993,
          "Left": 0.7270870804786682,
          "Top": 0.48551347851753235
        },
        "Polygon": [
          {
            "X": 0.7270870804786682,
            "Y": 0.4855608344078064
          },
          {
            "X": 0.7570821046829224,
            "Y": 0.48551347851753235
          },
          {
            "X": 0.757463812828064,
            "Y": 0.5170161128044128
          },
          {
            "X": 0.7274601459503174,
            "Y": 0.5170620083808899
          }
        ]
      },
      "Id": "93fdbb91-663c-4762-ba45-bf9a3b26f0ee",
      "Relationships": [
        {
          "Type": "CHILD",
          "Ids": [
            "93f4adee-bc26-4fc2-9b1b-93aa95b6de55"
          ]
        }
      ],
      "Page": 1
    },
    {
      "BlockType": "LINE",
      "Confidence": 20.679990768432617,
      "Text": "T/ C°C)",
      "Geometry": {
        "BoundingBox": {
          "Width": 0.05585172399878502,
          "Height": 0.0438954196870327,
          "Left": 0.2730068862438202,
          "Top": 0.5334232449531555
        },
        "Polygon": [
          {
            "X": 0.2730068862438202,
            "Y": 0.5335066914558411
          },
          {
            "X": 0.3284991383552551,
            "Y": 0.5334232449531555
          },
          {
            "X": 0.3288586139678955,
            "Y": 0.5772389769554138
          },
          {
            "X": 0.2733441889286041,
            "Y": 0.5773186683654785
          }
        ]
      },
      "Id": "ec77a613-6cc8-4d4d-b523-8339cc05abb2",
      "Relationships": [
        {
          "Type": "CHILD",
          "Ids": [
            "cf6a770e-31bd-4862-a764-fd5b0d29f8fe"
          ]
        }
      ],
      "Page": 1
    },
    {
      "BlockType": "LINE",
      "Confidence": 99.96815490722656,
      "Text": "159",
      "Geometry": {
        "BoundingBox": {
          "Width": 0.024238113313913345,
          "Height": 0.031412918120622635,
          "Left": 0.4738629162311554,
          "Top": 0.5341735482215881
        },
        "Polygon": [
          {
            "X": 0.4738629162311554,
            "Y": 0.5342094898223877
          },
          {
            "X": 0.4977951645851135,
            "Y": 0.5341735482215881
          },
          {
            "X": 0.49810102581977844,
            "Y": 0.5655516386032104
          },
          {
            "X": 0.47416192293167114,
            "Y": 0.5655864477157593
          }
        ]
      },
      "Id": "6dcb5a72-1353-449b-a102-80dcbde7f1b7",
      "Relationships": [
        {
          "Type": "CHILD",
          "Ids": [
            "fbdde391-0fb8-4499-b4d4-696d104b4334"
          ]
        }
      ],
      "Page": 1
    },
    {
      "BlockType": "LINE",
      "Confidence": 99.96661376953125,
      "Text": "165",
      "Geometry": {
        "BoundingBox": {
          "Width": 0.023736758157610893,
          "Height": 0.030474403873085976,
          "Left": 0.5641170144081116,
          "Top": 0.5343376994132996
        },
        "Polygon": [
          {
            "X": 0.5641170144081116,
            "Y": 0.534372866153717
          },
          {
            "X": 0.5875321626663208,
            "Y": 0.5343376994132996
          },
          {
            "X": 0.5878537893295288,
            "Y": 0.5647780299186707
          },
          {
            "X": 0.5644321441650391,
            "Y": 0.5648121237754822
          }
        ]
      },
      "Id": "2a68abd6-8398-4776-9af3-e179cf2065dc",
      "Relationships": [
        {
          "Type": "CHILD",
          "Ids": [
            "5bac3ebb-02e9-4fe3-8e08-c26f5a2c8c7f"
          ]
        }
      ],
      "Page": 1
    },
    {
      "BlockType": "LINE",
      "Confidence": 99.94402313232422,
      "Text": "166",
      "Geometry": {
        "BoundingBox": {
          "Width": 0.024408066645264626,
          "Height": 0.03097144328057766,
          "Left": 0.7309286594390869,
          "Top": 0.5342028737068176
        },
        "Polygon": [
          {
            "X": 0.7309286594390869,
            "Y": 0.5342389345169067
          },
          {
            "X": 0.754962682723999,
            "Y": 0.5342028737068176
          },
          {
            "X": 0.7553367614746094,
            "Y": 0.5651393532752991
          },
          {
            "X": 0.7312960028648376,
            "Y": 0.5651742815971375
          }
        ]
      },
      "Id": "db6c57f0-65c1-490a-b985-ee20378d5668",
      "Relationships": [
        {
          "Type": "CHILD",
          "Ids": [
            "34271975-c08c-4b3c-a709-264d8cee209b"
          ]
        }
      ],
      "Page": 1
    },
    {
      "BlockType": "LINE",
      "Confidence": 74.80406188964844,
      "Text": "Crosslink density/ (mol m-3)",
      "Geometry": {
        "BoundingBox": {
          "Width": 0.20383556187152863,
          "Height": 0.04262716695666313,
          "Left": 0.1992243081331253,
          "Top": 0.5784305334091187
        },
        "Polygon": [
          {
            "X": 0.1992243081331253,
            "Y": 0.5787221193313599
          },
          {
            "X": 0.40268391370773315,
            "Y": 0.5784305334091187
          },
          {
            "X": 0.40305987000465393,
            "Y": 0.6207796335220337
          },
          {
            "X": 0.19952163100242615,
            "Y": 0.6210576891899109
          }
        ]
      },
      "Id": "5a0dd7a7-90a7-4b3a-ab50-a7d53de1b499",
      "Relationships": [
        {
          "Type": "CHILD",
          "Ids": [
            "c4e9c79d-c1b8-4d60-bb6d-f65dfab0b4dd",
            "bc117510-76df-4601-9201-d09af817870c",
            "32e3faaa-8ef8-4c30-b83f-cbc4c06b4b5d"
          ]
        }
      ],
      "Page": 1
    },
    {
      "BlockType": "LINE",
      "Confidence": 99.95294952392578,
      "Text": "2087",
      "Geometry": {
        "BoundingBox": {
          "Width": 0.03455036133527756,
          "Height": 0.03141634538769722,
          "Left": 0.4677272140979767,
          "Top": 0.5816401243209839
        },
        "Polygon": [
          {
            "X": 0.4677272140979767,
            "Y": 0.5816890001296997
          },
          {
            "X": 0.5019707083702087,
            "Y": 0.5816401243209839
          },
          {
            "X": 0.5022775530815125,
            "Y": 0.6130092740058899
          },
          {
            "X": 0.46802425384521484,
            "Y": 0.613056480884552
          }
        ]
      },
      "Id": "81eb26ec-0fb7-478f-8b31-0255cacf8685",
      "Relationships": [
        {
          "Type": "CHILD",
          "Ids": [
            "6fbc50b9-5717-4ebd-8599-078bec78bfd1"
          ]
        }
      ],
      "Page": 1
    },
    {
      "BlockType": "LINE",
      "Confidence": 99.94892120361328,
      "Text": "2635",
      "Geometry": {
        "BoundingBox": {
          "Width": 0.03373720496892929,
          "Height": 0.031228162348270416,
          "Left": 0.5579000115394592,
          "Top": 0.5815392732620239
        },
        "Polygon": [
          {
            "X": 0.5579000115394592,
            "Y": 0.581587016582489
          },
          {
            "X": 0.5913068056106567,
            "Y": 0.5815392732620239
          },
          {
            "X": 0.5916371941566467,
            "Y": 0.6127213835716248
          },
          {
            "X": 0.5582208633422852,
            "Y": 0.6127674579620361
          }
        ]
      },
      "Id": "8cc6ee2d-f7b0-49ec-ad69-661964a94580",
      "Relationships": [
        {
          "Type": "CHILD",
          "Ids": [
            "4fbc8df1-02f5-4a27-843b-3b6868bc2b51"
          ]
        }
      ],
      "Page": 1
    },
    {
      "BlockType": "LINE",
      "Confidence": 99.97050476074219,
      "Text": "3049",
      "Geometry": {
        "BoundingBox": {
          "Width": 0.03416319936513901,
          "Height": 0.030992919579148293,
          "Left": 0.7252013683319092,
          "Top": 0.5817536115646362
        },
        "Polygon": [
          {
            "X": 0.7252013683319092,
            "Y": 0.5818018317222595
          },
          {
            "X": 0.7589893937110901,
            "Y": 0.5817536115646362
          },
          {
            "X": 0.7593646049499512,
            "Y": 0.6126999258995056
          },
          {
            "X": 0.7255669832229614,
            "Y": 0.6127464771270752
          }
        ]
      },
      "Id": "96539c3e-cc12-4a5a-bdc7-ac4d05d3919e",
      "Relationships": [
        {
          "Type": "CHILD",
          "Ids": [
            "df2704b2-2a6c-48f1-aa22-7e4329e6316e"
          ]
        }
      ],
      "Page": 1
    },
    {
      "BlockType": "WORD",
      "Confidence": 99.91017150878906,
      "Text": "Samples",
      "TextType": "PRINTED",
      "Geometry": {
        "BoundingBox": {
          "Width": 0.061164747923612595,
          "Height": 0.039120256900787354,
          "Left": 0.2705157399177551,
          "Top": 0.38691380620002747
        },
        "Polygon": [
          {
            "X": 0.2705157399177551,
            "Y": 0.38701942563056946
          },
          {
            "X": 0.3313589096069336,
            "Y": 0.38691380620002747
          },
          {
            "X": 0.3316804766654968,
            "Y": 0.4259321391582489
          },
          {
            "X": 0.2708156108856201,
            "Y": 0.4260340631008148
          }
        ]
      },
      "Id": "98bfd2fe-b996-4a70-a02a-dcffd9982a3e",
      "Page": 1
    },
    {
      "BlockType": "WORD",
      "Confidence": 99.82123565673828,
      "Text": "EP",
      "TextType": "PRINTED",
      "Geometry": {
        "BoundingBox": {
          "Width": 0.022106394171714783,
          "Height": 0.03132021799683571,
          "Left": 0.474323570728302,
          "Top": 0.3870851695537567
        },
        "Polygon": [
          {
            "X": 0.474323570728302,
            "Y": 0.3871229887008667
          },
          {
            "X": 0.49612510204315186,
            "Y": 0.3870851695537567
          },
          {
            "X": 0.496429979801178,
            "Y": 0.4183686077594757
          },
          {
            "X": 0.4746222198009491,
            "Y": 0.4184053838253021
          }
        ]
      },
      "Id": "98e1541e-d126-4bcf-a615-07bd4077a9b4",
      "Page": 1
    },
    {
      "BlockType": "WORD",
      "Confidence": 96.15039825439453,
      "Text": "EP/3UiO66",
      "TextType": "PRINTED",
      "Geometry": {
        "BoundingBox": {
          "Width": 0.08433596044778824,
          "Height": 0.03316821902990341,
          "Left": 0.5333352088928223,
          "Top": 0.38639187812805176
        },
        "Polygon": [
          {
            "X": 0.5333352088928223,
            "Y": 0.38653767108917236
          },
          {
            "X": 0.6173127293586731,
            "Y": 0.38639187812805176
          },
          {
            "X": 0.6176711320877075,
            "Y": 0.4194186329841614
          },
          {
            "X": 0.5336682200431824,
            "Y": 0.41956010460853577
          }
        ]
      },
      "Id": "74701232-b76d-413e-a16b-13e98df5a9af",
      "Page": 1
    },
    {
      "BlockType": "WORD",
      "Confidence": 84.63682556152344,
      "Text": "EP/3UiO66-PDA-PBA",
      "TextType": "PRINTED",
      "Geometry": {
        "BoundingBox": {
          "Width": 0.1638030856847763,
          "Height": 0.033029984682798386,
          "Left": 0.6600613594055176,
          "Top": 0.38687750697135925
        },
        "Polygon": [
          {
            "X": 0.6600613594055176,
            "Y": 0.3871609568595886
          },
          {
            "X": 0.8234473466873169,
            "Y": 0.38687750697135925
          },
          {
            "X": 0.8238644003868103,
            "Y": 0.4196324348449707
          },
          {
            "X": 0.6604294776916504,
            "Y": 0.41990751028060913
          }
        ]
      },
      "Id": "1eaa6707-6fd1-4426-abe2-f0fa41389441",
      "Page": 1
    },
    {
      "BlockType": "WORD",
      "Confidence": 99.97796630859375,
      "Text": "Initial",
      "TextType": "PRINTED",
      "Geometry": {
        "BoundingBox": {
          "Width": 0.045145273208618164,
          "Height": 0.03060527890920639,
          "Left": 0.19005416333675385,
          "Top": 0.4385472238063812
        },
        "Polygon": [
          {
            "X": 0.19005416333675385,
            "Y": 0.43862155079841614
          },
          {
            "X": 0.23497475683689117,
            "Y": 0.4385472238063812
          },
          {
            "X": 0.235199436545372,
            "Y": 0.4690803289413452
          },
          {
            "X": 0.19026629626750946,
            "Y": 0.4691525101661682
          }
        ]
      },
      "Id": "8e5deb07-d4da-436b-8a58-92353aac4978",
      "Page": 1
    },
    {
      "BlockType": "WORD",
      "Confidence": 99.96600341796875,
      "Text": "storage",
      "TextType": "PRINTED",
      "Geometry": {
        "BoundingBox": {
          "Width": 0.05397308990359306,
          "Height": 0.037248145788908005,
          "Left": 0.2392880618572235,
          "Top": 0.4412192702293396
        },
        "Polygon": [
          {
            "X": 0.2392880618572235,
            "Y": 0.44130784273147583
          },
          {
            "X": 0.2929680347442627,
            "Y": 0.4412192702293396
          },
          {
            "X": 0.2932611405849457,
            "Y": 0.4783819615840912
          },
          {
            "X": 0.23956294357776642,
            "Y": 0.4784674048423767
          }
        ]
      },
      "Id": "88fba442-4117-4230-889f-179d1af41565",
      "Page": 1
    },
    {
      "BlockType": "WORD",
      "Confidence": 97.47188568115234,
      "Text": "modulus/(MPa)",
      "TextType": "PRINTED",
      "Geometry": {
        "BoundingBox": {
          "Width": 0.11485174298286438,
          "Height": 0.03849843889474869,
          "Left": 0.2972888946533203,
          "Top": 0.4382898509502411
        },
        "Polygon": [
          {
            "X": 0.2972888946533203,
            "Y": 0.43847933411598206
          },
          {
            "X": 0.411796897649765,
            "Y": 0.4382898509502411
          },
          {
            "X": 0.4121406674385071,
            "Y": 0.47660571336746216
          },
          {
            "X": 0.2975925803184509,
            "Y": 0.47678831219673157
          }
        ]
      },
      "Id": "a0281221-1736-4a38-bcb0-c4ef5abc21c8",
      "Page": 1
    },
    {
      "BlockType": "WORD",
      "Confidence": 99.97650146484375,
      "Text": "1545",
      "TextType": "PRINTED",
      "Geometry": {
        "BoundingBox": {
          "Width": 0.032489627599716187,
          "Height": 0.03137381002306938,
          "Left": 0.4695605933666229,
          "Top": 0.43814510107040405
        },
        "Polygon": [
          {
            "X": 0.4695605933666229,
            "Y": 0.43819835782051086
          },
          {
            "X": 0.501743495464325,
            "Y": 0.43814510107040405
          },
          {
            "X": 0.5020502209663391,
            "Y": 0.46946725249290466
          },
          {
            "X": 0.4698581099510193,
            "Y": 0.4695189297199249
          }
        ]
      },
      "Id": "2bcbf391-c693-48fd-baed-0c9c62f96da2",
      "Page": 1
    },
    {
      "BlockType": "WORD",
      "Confidence": 99.96717834472656,
      "Text": "1413",
      "TextType": "PRINTED",
      "Geometry": {
        "BoundingBox": {
          "Width": 0.03207845240831375,
          "Height": 0.031495220959186554,
          "Left": 0.5596086382865906,
          "Top": 0.4381087124347687
        },
        "Polygon": [
          {
            "X": 0.5596086382865906,
            "Y": 0.4381612241268158
          },
          {
            "X": 0.5913534760475159,
            "Y": 0.4381087124347687
          },
          {
            "X": 0.5916870832443237,
            "Y": 0.4695529639720917
          },
          {
            "X": 0.5599331259727478,
            "Y": 0.46960392594337463
          }
        ]
      },
      "Id": "d792cf93-84f5-4659-a69c-1412cfc57712",
      "Page": 1
    },
    {
      "BlockType": "WORD",
      "Confidence": 99.95465087890625,
      "Text": "1580",
      "TextType": "PRINTED",
      "Geometry": {
        "BoundingBox": {
          "Width": 0.032926369458436966,
          "Height": 0.03169436380267143,
          "Left": 0.7266777157783508,
          "Top": 0.43798041343688965
        },
        "Polygon": [
          {
            "X": 0.7266777157783508,
            "Y": 0.4380342364311218
          },
          {
            "X": 0.7592198848724365,
            "Y": 0.43798041343688965
          },
          {
            "X": 0.7596040964126587,
            "Y": 0.46962255239486694
          },
          {
            "X": 0.7270524501800537,
            "Y": 0.4696747660636902
          }
        ]
      },
      "Id": "d0464fa5-3b37-4361-9e2f-0dce22808f4f",
      "Page": 1
    },
    {
      "BlockType": "WORD",
      "Confidence": 99.93766784667969,
      "Text": "Storage",
      "TextType": "PRINTED",
      "Geometry": {
        "BoundingBox": {
          "Width": 0.05721447616815567,
          "Height": 0.04109875485301018,
          "Left": 0.1565583199262619,
          "Top": 0.4853549003601074
        },
        "Polygon": [
          {
            "X": 0.1565583199262619,
            "Y": 0.4854448735713959
          },
          {
            "X": 0.2134791761636734,
            "Y": 0.4853549003601074
          },
          {
            "X": 0.21377278864383698,
            "Y": 0.5263673663139343
          },
          {
            "X": 0.15683062374591827,
            "Y": 0.5264536738395691
          }
        ]
      },
      "Id": "945c56c9-701b-4e25-abcf-7d1ad1be3762",
      "Page": 1
    },
    {
      "BlockType": "WORD",
      "Confidence": 99.7647476196289,
      "Text": "modulus",
      "TextType": "PRINTED",
      "Geometry": {
        "BoundingBox": {
          "Width": 0.06342045962810516,
          "Height": 0.03137737885117531,
          "Left": 0.21736103296279907,
          "Top": 0.4860703647136688
        },
        "Polygon": [
          {
            "X": 0.21736103296279907,
            "Y": 0.4861701428890228
          },
          {
            "X": 0.280538409948349,
            "Y": 0.4860703647136688
          },
          {
            "X": 0.28078150749206543,
            "Y": 0.5173510313034058
          },
          {
            "X": 0.21758605539798737,
            "Y": 0.5174477100372314
          }
        ]
      },
      "Id": "2c6c28e8-6835-4ebf-98e8-d954f5bf616d",
      "Page": 1
    },
    {
      "BlockType": "WORD",
      "Confidence": 99.95620727539062,
      "Text": "30",
      "TextType": "PRINTED",
      "Geometry": {
        "BoundingBox": {
          "Width": 0.01751413755118847,
          "Height": 0.031472355127334595,
          "Left": 0.28467172384262085,
          "Top": 0.48553603887557983
        },
        "Polygon": [
          {
            "X": 0.28467172384262085,
            "Y": 0.48556333780288696
          },
          {
            "X": 0.3019353747367859,
            "Y": 0.48553603887557983
          },
          {
            "X": 0.30218586325645447,
            "Y": 0.5169819593429565
          },
          {
            "X": 0.28491726517677307,
            "Y": 0.5170084238052368
          }
        ]
      },
      "Id": "0b61f7ab-2273-472a-a3d0-4fc97ed20566",
      "Page": 1
    },
    {
      "BlockType": "WORD",
      "Confidence": 94.99273681640625,
      "Text": "°C",
      "TextType": "PRINTED",
      "Geometry": {
        "BoundingBox": {
          "Width": 0.01764627918601036,
          "Height": 0.0319615937769413,
          "Left": 0.3072364926338196,
          "Top": 0.485402911901474
        },
        "Polygon": [
          {
            "X": 0.3072364926338196,
            "Y": 0.48543038964271545
          },
          {
            "X": 0.3246217668056488,
            "Y": 0.485402911901474
          },
          {
            "X": 0.32488274574279785,
            "Y": 0.5173379182815552
          },
          {
            "X": 0.3074924051761627,
            "Y": 0.517364501953125
          }
        ]
      },
      "Id": "ae867712-6296-4109-9ba7-787745b3a9ad",
      "Page": 1
    },
    {
      "BlockType": "WORD",
      "Confidence": 99.97868347167969,
      "Text": "above",
      "TextType": "PRINTED",
      "Geometry": {
        "BoundingBox": {
          "Width": 0.043574608862400055,
          "Height": 0.030806001275777817,
          "Left": 0.3293198347091675,
          "Top": 0.4865298569202423
        },
        "Polygon": [
          {
            "X": 0.3293198347091675,
            "Y": 0.4865982234477997
          },
          {
            "X": 0.3726297616958618,
            "Y": 0.4865298569202423
          },
          {
            "X": 0.37289443612098694,
            "Y": 0.5172696113586426
          },
          {
            "X": 0.3295723795890808,
            "Y": 0.5173358917236328
          }
        ]
      },
      "Id": "904157b0-0265-406c-868b-a6f9657dd694",
      "Page": 1
    },
    {
      "BlockType": "WORD",
      "Confidence": 92.69686889648438,
      "Text": "Tg/(MPa)",
      "TextType": "PRINTED",
      "Geometry": {
        "BoundingBox": {
          "Width": 0.06973857432603836,
          "Height": 0.04392388090491295,
          "Left": 0.37533506751060486,
          "Top": 0.4848889112472534
        },
        "Polygon": [
          {
            "X": 0.37533506751060486,
            "Y": 0.48499852418899536
          },
          {
            "X": 0.4446675479412079,
            "Y": 0.4848889112472534
          },
          {
            "X": 0.445073664188385,
            "Y": 0.5287079811096191
          },
          {
            "X": 0.37571340799331665,
            "Y": 0.5288127660751343
          }
        ]
      },
      "Id": "13efedb3-ecd1-4f19-b58a-35489fa34fb3",
      "Page": 1
    },
    {
      "BlockType": "WORD",
      "Confidence": 99.87686920166016,
      "Text": "22.5",
      "TextType": "PRINTED",
      "Geometry": {
        "BoundingBox": {
          "Width": 0.02976338565349579,
          "Height": 0.031125547364354134,
          "Left": 0.470045268535614,
          "Top": 0.485815167427063
        },
        "Polygon": [
          {
            "X": 0.470045268535614,
            "Y": 0.4858616888523102
          },
          {
            "X": 0.49950507283210754,
            "Y": 0.485815167427063
          },
          {
            "X": 0.4998086392879486,
            "Y": 0.516895592212677
          },
          {
            "X": 0.4703404903411865,
            "Y": 0.516940712928772
          }
        ]
      },
      "Id": "3c3e4c65-907e-43d2-bc12-b70b3017c7c9",
      "Page": 1
    },
    {
      "BlockType": "WORD",
      "Confidence": 99.9769058227539,
      "Text": "28.8",
      "TextType": "PRINTED",
      "Geometry": {
        "BoundingBox": {
          "Width": 0.030157554894685745,
          "Height": 0.031502433121204376,
          "Left": 0.5599787831306458,
          "Top": 0.485455185174942
        },
        "Polygon": [
          {
            "X": 0.5599787831306458,
            "Y": 0.48550230264663696
          },
          {
            "X": 0.589803159236908,
            "Y": 0.485455185174942
          },
          {
            "X": 0.5901363492012024,
            "Y": 0.5169119834899902
          },
          {
            "X": 0.5603033900260925,
            "Y": 0.5169576406478882
          }
        ]
      },
      "Id": "591d281c-8d40-44c8-8af9-71473c5128f6",
      "Page": 1
    },
    {
      "BlockType": "WORD",
      "Confidence": 99.3594970703125,
      "Text": "33.4",
      "TextType": "PRINTED",
      "Geometry": {
        "BoundingBox": {
          "Width": 0.030376728624105453,
          "Height": 0.03154855966567993,
          "Left": 0.7270870804786682,
          "Top": 0.48551347851753235
        },
        "Polygon": [
          {
            "X": 0.7270870804786682,
            "Y": 0.4855608344078064
          },
          {
            "X": 0.7570821046829224,
            "Y": 0.48551347851753235
          },
          {
            "X": 0.757463812828064,
            "Y": 0.5170161128044128
          },
          {
            "X": 0.7274601459503174,
            "Y": 0.5170620083808899
          }
        ]
      },
      "Id": "93f4adee-bc26-4fc2-9b1b-93aa95b6de55",
      "Page": 1
    },
    {
      "BlockType": "WORD",
      "Confidence": 20.679990768432617,
      "Text": "T/ C°C)",
      "TextType": "PRINTED",
      "Geometry": {
        "BoundingBox": {
          "Width": 0.05585172399878502,
          "Height": 0.0438954196870327,
          "Left": 0.2730068862438202,
          "Top": 0.5334232449531555
        },
        "Polygon": [
          {
            "X": 0.2730068862438202,
            "Y": 0.5335066914558411
          },
          {
            "X": 0.3284991383552551,
            "Y": 0.5334232449531555
          },
          {
            "X": 0.3288586139678955,
            "Y": 0.5772389769554138
          },
          {
            "X": 0.2733441889286041,
            "Y": 0.5773186683654785
          }
        ]
      },
      "Id": "cf6a770e-31bd-4862-a764-fd5b0d29f8fe",
      "Page": 1
    },
    {
      "BlockType": "WORD",
      "Confidence": 99.96815490722656,
      "Text": "159",
      "TextType": "PRINTED",
      "Geometry": {
        "BoundingBox": {
          "Width": 0.024238113313913345,
          "Height": 0.031412918120622635,
          "Left": 0.4738629162311554,
          "Top": 0.5341735482215881
        },
        "Polygon": [
          {
            "X": 0.4738629162311554,
            "Y": 0.5342094898223877
          },
          {
            "X": 0.4977951645851135,
            "Y": 0.5341735482215881
          },
          {
            "X": 0.49810102581977844,
            "Y": 0.5655516386032104
          },
          {
            "X": 0.47416192293167114,
            "Y": 0.5655864477157593
          }
        ]
      },
      "Id": "fbdde391-0fb8-4499-b4d4-696d104b4334",
      "Page": 1
    },
    {
      "BlockType": "WORD",
      "Confidence": 99.96661376953125,
      "Text": "165",
      "TextType": "PRINTED",
      "Geometry": {
        "BoundingBox": {
          "Width": 0.023736758157610893,
          "Height": 0.030474403873085976,
          "Left": 0.5641170144081116,
          "Top": 0.5343376994132996
        },
        "Polygon": [
          {
            "X": 0.5641170144081116,
            "Y": 0.534372866153717
          },
          {
            "X": 0.5875321626663208,
            "Y": 0.5343376994132996
          },
          {
            "X": 0.5878537893295288,
            "Y": 0.5647780299186707
          },
          {
            "X": 0.5644321441650391,
            "Y": 0.5648121237754822
          }
        ]
      },
      "Id": "5bac3ebb-02e9-4fe3-8e08-c26f5a2c8c7f",
      "Page": 1
    },
    {
      "BlockType": "WORD",
      "Confidence": 99.94402313232422,
      "Text": "166",
      "TextType": "PRINTED",
      "Geometry": {
        "BoundingBox": {
          "Width": 0.024408066645264626,
          "Height": 0.03097144328057766,
          "Left": 0.7309286594390869,
          "Top": 0.5342028737068176
        },
        "Polygon": [
          {
            "X": 0.7309286594390869,
            "Y": 0.5342389345169067
          },
          {
            "X": 0.754962682723999,
            "Y": 0.5342028737068176
          },
          {
            "X": 0.7553367614746094,
            "Y": 0.5651393532752991
          },
          {
            "X": 0.7312960028648376,
            "Y": 0.5651742815971375
          }
        ]
      },
      "Id": "34271975-c08c-4b3c-a709-264d8cee209b",
      "Page": 1
    },
    {
      "BlockType": "WORD",
      "Confidence": 99.7872085571289,
      "Text": "Crosslink",
      "TextType": "PRINTED",
      "Geometry": {
        "BoundingBox": {
          "Width": 0.07106008380651474,
          "Height": 0.03159575164318085,
          "Left": 0.19924555718898773,
          "Top": 0.5816463828086853
        },
        "Polygon": [
          {
            "X": 0.19924555718898773,
            "Y": 0.5817475318908691
          },
          {
            "X": 0.2700640857219696,
            "Y": 0.5816463828086853
          },
          {
            "X": 0.2703056335449219,
            "Y": 0.6131445169448853
          },
          {
            "X": 0.199466735124588,
            "Y": 0.6132421493530273
          }
        ]
      },
      "Id": "c4e9c79d-c1b8-4d60-bb6d-f65dfab0b4dd",
      "Page": 1
    },
    {
      "BlockType": "WORD",
      "Confidence": 99.80572509765625,
      "Text": "density/",
      "TextType": "PRINTED",
      "Geometry": {
        "BoundingBox": {
          "Width": 0.0575106181204319,
          "Height": 0.039827533066272736,
          "Left": 0.2742840051651001,
          "Top": 0.5811275839805603
        },
        "Polygon": [
          {
            "X": 0.2742840051651001,
            "Y": 0.5812093019485474
          },
          {
            "X": 0.33146756887435913,
            "Y": 0.5811275839805603
          },
          {
            "X": 0.3317946195602417,
            "Y": 0.6208769679069519
          },
          {
            "X": 0.27459031343460083,
            "Y": 0.6209551692008972
          }
        ]
      },
      "Id": "bc117510-76df-4601-9201-d09af817870c",
      "Page": 1
    },
    {
      "BlockType": "WORD",
      "Confidence": 24.81926155090332,
      "Text": "(mol m-3)",
      "TextType": "PRINTED",
      "Geometry": {
        "BoundingBox": {
          "Width": 0.0677100419998169,
          "Height": 0.041337937116622925,
          "Left": 0.3353400230407715,
          "Top": 0.5784305334091187
        },
        "Polygon": [
          {
            "X": 0.3353400230407715,
            "Y": 0.57852703332901
          },
          {
            "X": 0.40268391370773315,
            "Y": 0.5784305334091187
          },
          {
            "X": 0.4030500650405884,
            "Y": 0.6196762919425964
          },
          {
            "X": 0.3356808125972748,
            "Y": 0.6197684407234192
          }
        ]
      },
      "Id": "32e3faaa-8ef8-4c30-b83f-cbc4c06b4b5d",
      "Page": 1
    },
    {
      "BlockType": "WORD",
      "Confidence": 99.95294952392578,
      "Text": "2087",
      "TextType": "PRINTED",
      "Geometry": {
        "BoundingBox": {
          "Width": 0.03455036133527756,
          "Height": 0.03141634538769722,
          "Left": 0.4677272140979767,
          "Top": 0.5816401243209839
        },
        "Polygon": [
          {
            "X": 0.4677272140979767,
            "Y": 0.5816890001296997
          },
          {
            "X": 0.5019707083702087,
            "Y": 0.5816401243209839
          },
          {
            "X": 0.5022775530815125,
            "Y": 0.6130092740058899
          },
          {
            "X": 0.46802425384521484,
            "Y": 0.613056480884552
          }
        ]
      },
      "Id": "6fbc50b9-5717-4ebd-8599-078bec78bfd1",
      "Page": 1
    },
    {
      "BlockType": "WORD",
      "Confidence": 99.94892120361328,
      "Text": "2635",
      "TextType": "PRINTED",
      "Geometry": {
        "BoundingBox": {
          "Width": 0.03373720496892929,
          "Height": 0.031228162348270416,
          "Left": 0.5579000115394592,
          "Top": 0.5815392732620239
        },
        "Polygon": [
          {
            "X": 0.5579000115394592,
            "Y": 0.581587016582489
          },
          {
            "X": 0.5913068056106567,
            "Y": 0.5815392732620239
          },
          {
            "X": 0.5916371941566467,
            "Y": 0.6127213835716248
          },
          {
            "X": 0.5582208633422852,
            "Y": 0.6127674579620361
          }
        ]
      },
      "Id": "4fbc8df1-02f5-4a27-843b-3b6868bc2b51",
      "Page": 1
    },
    {
      "BlockType": "WORD",
      "Confidence": 99.97050476074219,
      "Text": "3049",
      "TextType": "PRINTED",
      "Geometry": {
        "BoundingBox": {
          "Width": 0.03416319936513901,
          "Height": 0.030992919579148293,
          "Left": 0.7252013683319092,
          "Top": 0.5817536115646362
        },
        "Polygon": [
          {
            "X": 0.7252013683319092,
            "Y": 0.5818018317222595
          },
          {
            "X": 0.7589893937110901,
            "Y": 0.5817536115646362
          },
          {
            "X": 0.7593646049499512,
            "Y": 0.6126999258995056
          },
          {
            "X": 0.7255669832229614,
            "Y": 0.6127464771270752
          }
        ]
      },
      "Id": "df2704b2-2a6c-48f1-aa22-7e4329e6316e",
      "Page": 1
    },
    {
      "BlockType": "TABLE",
      "Confidence": 99.755859375,
      "Geometry": {
        "BoundingBox": {
          "Width": 0.6889321804046631,
          "Height": 0.251449316740036,
          "Left": 0.15455655753612518,
          "Top": 0.3727467358112335
        },
        "Polygon": [
          {
            "X": 0.15455655753612518,
            "Y": 0.3739515244960785
          },
          {
            "X": 0.8402600288391113,
            "Y": 0.3727467358112335
          },
          {
            "X": 0.8434887528419495,
            "Y": 0.623260498046875
          },
          {
            "X": 0.15621531009674072,
            "Y": 0.6241960525512695
          }
        ]
      },
      "Id": "d3331073-8d8f-42d4-bf0e-4784e37d984d",
      "Relationships": [
        {
          "Type": "CHILD",
          "Ids": [
            "58d3c9d7-86ba-4f87-899d-64e29087d142",
            "4d243ff7-c249-46df-aa51-085dce5bbd98",
            "52b46df4-b552-4002-8421-30bd4479c219",
            "bcb84525-96e9-4a6c-904f-7184e3d70bdc",
            "acf84696-cd81-40d7-aba5-cc59bec9da10",
            "8e96ec97-b82c-4b50-98ab-188976e58354",
            "7148cf6f-9187-466c-87bf-b4702e3129d0",
            "2f5d44dd-dcdc-42d0-951e-e441cc9193f1",
            "6c82e3f5-3517-41ab-aee5-9b01daf829cd",
            "54528237-94a9-4129-8ee2-d8bb89c97de7",
            "0f078ae0-96d6-48da-8690-724a24fd0bd6",
            "db57975f-2c27-4b8a-a204-28e34c829401",
            "f0c42ccc-3554-452f-9d7d-278961891f41",
            "7484efcc-3726-4057-9dd4-694c85f95db2",
            "0a41ab47-1320-4319-9fb3-5c69d95ec108",
            "666c5861-afd5-424c-ad9e-35816eda8783",
            "e2036e1e-98e1-41a8-930b-5aa10c4fa0ea",
            "8030d201-826f-4ba1-af87-b570d3f7488c",
            "dd1b949f-8b59-4803-95a5-a821a10ec4fa",
            "582e0e0f-021d-402f-807b-40b4c1afe729"
          ]
        }
      ],
      "EntityTypes": [
        "STRUCTURED_TABLE"
      ],
      "Page": 1
    },
    {
      "BlockType": "CELL",
      "Confidence": 94.970703125,
      "RowIndex": 1,
      "ColumnIndex": 1,
      "RowSpan": 1,
      "ColumnSpan": 1,
      "Geometry": {
        "BoundingBox": {
          "Width": 0.3006131649017334,
          "Height": 0.05515564978122711,
          "Left": 0.15455655753612518,
          "Top": 0.373424232006073
        },
        "Polygon": [
          {
            "X": 0.15455655753612518,
            "Y": 0.3739515244960785
          },
          {
            "X": 0.4546577036380768,
            "Y": 0.373424232006073
          },
          {
            "X": 0.4551697075366974,
            "Y": 0.428078293800354
          },
          {
            "X": 0.15491865575313568,
            "Y": 0.4285798966884613
          }
        ]
      },
      "Id": "58d3c9d7-86ba-4f87-899d-64e29087d142",
      "Relationships": [
        {
          "Type": "CHILD",
          "Ids": [
            "98bfd2fe-b996-4a70-a02a-dcffd9982a3e"
          ]
        }
      ],
      "EntityTypes": [
        "COLUMN_HEADER"
      ],
      "Page": 1
    },
    {
      "BlockType": "CELL",
      "Confidence": 88.76953125,
      "RowIndex": 1,
      "ColumnIndex": 2,
      "RowSpan": 1,
      "ColumnSpan": 1,
      "Geometry": {
        "BoundingBox": {
          "Width": 0.06607114523649216,
          "Height": 0.05476917698979378,
          "Left": 0.4546577036380768,
          "Top": 0.37330910563468933
        },
        "Polygon": [
          {
            "X": 0.4546577036380768,
            "Y": 0.373424232006073
          },
          {
            "X": 0.5201840996742249,
            "Y": 0.37330910563468933
          },
          {
            "X": 0.5207288265228271,
            "Y": 0.4279687702655792
          },
          {
            "X": 0.4551697075366974,
            "Y": 0.428078293800354
          }
        ]
      },
      "Id": "4d243ff7-c249-46df-aa51-085dce5bbd98",
      "Relationships": [
        {
          "Type": "CHILD",
          "Ids": [
            "98e1541e-d126-4bcf-a615-07bd4077a9b4"
          ]
        }
      ],
      "EntityTypes": [
        "COLUMN_HEADER"
      ],
      "Page": 1
    },
    {
      "BlockType": "CELL",
      "Confidence": 94.140625,
      "RowIndex": 1,
      "ColumnIndex": 3,
      "RowSpan": 1,
      "ColumnSpan": 1,
      "Geometry": {
        "BoundingBox": {
          "Width": 0.11982496082782745,
          "Height": 0.05486912652850151,
          "Left": 0.5201840996742249,
          "Top": 0.3730996549129486
        },
        "Polygon": [
          {
            "X": 0.5201840996742249,
            "Y": 0.37330910563468933
          },
          {
            "X": 0.6394047141075134,
            "Y": 0.3730996549129486
          },
          {
            "X": 0.6400090456008911,
            "Y": 0.4277694821357727
          },
          {
            "X": 0.5207288265228271,
            "Y": 0.4279687702655792
          }
        ]
      },
      "Id": "52b46df4-b552-4002-8421-30bd4479c219",
      "Relationships": [
        {
          "Type": "CHILD",
          "Ids": [
            "74701232-b76d-413e-a16b-13e98df5a9af"
          ]
        }
      ],
      "EntityTypes": [
        "COLUMN_HEADER"
      ],
      "Page": 1
    },
    {
      "BlockType": "CELL",
      "Confidence": 94.677734375,
      "RowIndex": 1,
      "ColumnIndex": 4,
      "RowSpan": 1,
      "ColumnSpan": 1,
      "Geometry": {
        "BoundingBox": {
          "Width": 0.20156016945838928,
          "Height": 0.05502275750041008,
          "Left": 0.6394047141075134,
          "Top": 0.3727467358112335
        },
        "Polygon": [
          {
            "X": 0.6394047141075134,
            "Y": 0.3730996549129486
          },
          {
            "X": 0.8402600288391113,
            "Y": 0.3727467358112335
          },
          {
            "X": 0.8409648537635803,
            "Y": 0.4274337589740753
          },
          {
            "X": 0.6400090456008911,
            "Y": 0.4277694821357727
          }
        ]
      },
      "Id": "bcb84525-96e9-4a6c-904f-7184e3d70bdc",
      "Relationships": [
        {
          "Type": "CHILD",
          "Ids": [
            "1eaa6707-6fd1-4426-abe2-f0fa41389441"
          ]
        }
      ],
      "EntityTypes": [
        "COLUMN_HEADER"
      ],
      "Page": 1
    },
    {
      "BlockType": "CELL",
      "Confidence": 88.720703125,
      "RowIndex": 2,
      "ColumnIndex": 1,
      "RowSpan": 1,
      "ColumnSpan": 1,
      "Geometry": {
        "BoundingBox": {
          "Width": 0.30071982741355896,
          "Height": 0.05051872879266739,
          "Left": 0.15491865575313568,
          "Top": 0.428078293800354
        },
        "Polygon": [
          {
            "X": 0.15491865575313568,
            "Y": 0.4285798966884613
          },
          {
            "X": 0.4551697075366974,
            "Y": 0.428078293800354
          },
          {
            "X": 0.45563849806785583,
            "Y": 0.4781189560890198
          },
          {
            "X": 0.1552502065896988,
            "Y": 0.4785970151424408
          }
        ]
      },
      "Id": "acf84696-cd81-40d7-aba5-cc59bec9da10",
      "Relationships": [
        {
          "Type": "CHILD",
          "Ids": [
            "8e5deb07-d4da-436b-8a58-92353aac4978",
            "88fba442-4117-4230-889f-179d1af41565",
            "a0281221-1736-4a38-bcb0-c4ef5abc21c8"
          ]
        }
      ],
      "Page": 1
    },
    {
      "BlockType": "CELL",
      "Confidence": 82.91015625,
      "RowIndex": 2,
      "ColumnIndex": 2,
      "RowSpan": 1,
      "ColumnSpan": 1,
      "Geometry": {
        "BoundingBox": {
          "Width": 0.06605791300535202,
          "Height": 0.050150178372859955,
          "Left": 0.4551697075366974,
          "Top": 0.4279687702655792
        },
        "Polygon": [
          {
            "X": 0.4551697075366974,
            "Y": 0.428078293800354
          },
          {
            "X": 0.5207288265228271,
            "Y": 0.4279687702655792
          },
          {
            "X": 0.5212275981903076,
            "Y": 0.4780145585536957
          },
          {
            "X": 0.45563849806785583,
            "Y": 0.4781189560890198
          }
        ]
      },
      "Id": "8e96ec97-b82c-4b50-98ab-188976e58354",
      "Relationships": [
        {
          "Type": "CHILD",
          "Ids": [
            "2bcbf391-c693-48fd-baed-0c9c62f96da2"
          ]
        }
      ],
      "Page": 1
    },
    {
      "BlockType": "CELL",
      "Confidence": 87.939453125,
      "RowIndex": 2,
      "ColumnIndex": 3,
      "RowSpan": 1,
      "ColumnSpan": 1,
      "Geometry": {
        "BoundingBox": {
          "Width": 0.1198335513472557,
          "Height": 0.05024506524205208,
          "Left": 0.5207288265228271,
          "Top": 0.4277694821357727
        },
        "Polygon": [
          {
            "X": 0.5207288265228271,
            "Y": 0.4279687702655792
          },
          {
            "X": 0.6400090456008911,
            "Y": 0.4277694821357727
          },
          {
            "X": 0.6405624151229858,
            "Y": 0.4778246283531189
          },
          {
            "X": 0.5212275981903076,
            "Y": 0.4780145585536957
          }
        ]
      },
      "Id": "7148cf6f-9187-466c-87bf-b4702e3129d0",
      "Relationships": [
        {
          "Type": "CHILD",
          "Ids": [
            "d792cf93-84f5-4659-a69c-1412cfc57712"
          ]
        }
      ],
      "Page": 1
    },
    {
      "BlockType": "CELL",
      "Confidence": 88.4765625,
      "RowIndex": 2,
      "ColumnIndex": 4,
      "RowSpan": 1,
      "ColumnSpan": 1,
      "Geometry": {
        "BoundingBox": {
          "Width": 0.20160113275051117,
          "Height": 0.05039086192846298,
          "Left": 0.6400090456008911,
          "Top": 0.4274337589740753
        },
        "Polygon": [
          {
            "X": 0.6400090456008911,
            "Y": 0.4277694821357727
          },
          {
            "X": 0.8409648537635803,
            "Y": 0.4274337589740753
          },
          {
            "X": 0.8416101932525635,
            "Y": 0.4775046706199646
          },
          {
            "X": 0.6405624151229858,
            "Y": 0.4778246283531189
          }
        ]
      },
      "Id": "2f5d44dd-dcdc-42d0-951e-e441cc9193f1",
      "Relationships": [
        {
          "Type": "CHILD",
          "Ids": [
            "d0464fa5-3b37-4361-9e2f-0dce22808f4f"
          ]
        }
      ],
      "Page": 1
    },
    {
      "BlockType": "CELL",
      "Confidence": 89.501953125,
      "RowIndex": 3,
      "ColumnIndex": 1,
      "RowSpan": 1,
      "ColumnSpan": 1,
      "Geometry": {
        "BoundingBox": {
          "Width": 0.30084577202796936,
          "Height": 0.04928874224424362,
          "Left": 0.1552502065896988,
          "Top": 0.4781189560890198
        },
        "Polygon": [
          {
            "X": 0.1552502065896988,
            "Y": 0.4785970151424408
          },
          {
            "X": 0.45563849806785583,
            "Y": 0.4781189560890198
          },
          {
            "X": 0.45609599351882935,
            "Y": 0.5269526243209839
          },
          {
            "X": 0.1555737406015396,
            "Y": 0.527407705783844
          }
        ]
      },
      "Id": "6c82e3f5-3517-41ab-aee5-9b01daf829cd",
      "Relationships": [
        {
          "Type": "CHILD",
          "Ids": [
            "945c56c9-701b-4e25-abcf-7d1ad1be3762",
            "2c6c28e8-6835-4ebf-98e8-d954f5bf616d",
            "0b61f7ab-2273-472a-a3d0-4fc97ed20566",
            "ae867712-6296-4109-9ba7-787745b3a9ad",
            "904157b0-0265-406c-868b-a6f9657dd694",
            "13efedb3-ecd1-4f19-b58a-35489fa34fb3"
          ]
        }
      ],
      "Page": 1
    },
    {
      "BlockType": "CELL",
      "Confidence": 83.642578125,
      "RowIndex": 3,
      "ColumnIndex": 2,
      "RowSpan": 1,
      "ColumnSpan": 1,
      "Geometry": {
        "BoundingBox": {
          "Width": 0.0660758689045906,
          "Height": 0.04893803969025612,
          "Left": 0.45563849806785583,
          "Top": 0.4780145585536957
        },
        "Polygon": [
          {
            "X": 0.45563849806785583,
            "Y": 0.4781189560890198
          },
          {
            "X": 0.5212275981903076,
            "Y": 0.4780145585536957
          },
          {
            "X": 0.5217143893241882,
            "Y": 0.5268532633781433
          },
          {
            "X": 0.45609599351882935,
            "Y": 0.5269526243209839
          }
        ]
      },
      "Id": "54528237-94a9-4129-8ee2-d8bb89c97de7",
      "Relationships": [
        {
          "Type": "CHILD",
          "Ids": [
            "3c3e4c65-907e-43d2-bc12-b70b3017c7c9"
          ]
        }
      ],
      "Page": 1
    },
    {
      "BlockType": "CELL",
      "Confidence": 88.720703125,
      "RowIndex": 3,
      "ColumnIndex": 3,
      "RowSpan": 1,
      "ColumnSpan": 1,
      "Geometry": {
        "BoundingBox": {
          "Width": 0.11987477540969849,
          "Height": 0.04902859777212143,
          "Left": 0.5212275981903076,
          "Top": 0.4778246283531189
        },
        "Polygon": [
          {
            "X": 0.5212275981903076,
            "Y": 0.4780145585536957
          },
          {
            "X": 0.6405624151229858,
            "Y": 0.4778246283531189
          },
          {
            "X": 0.6411023736000061,
            "Y": 0.5266724228858948
          },
          {
            "X": 0.5217143893241882,
            "Y": 0.5268532633781433
          }
        ]
      },
      "Id": "0f078ae0-96d6-48da-8690-724a24fd0bd6",
      "Relationships": [
        {
          "Type": "CHILD",
          "Ids": [
            "591d281c-8d40-44c8-8af9-71473c5128f6"
          ]
        }
      ],
      "Page": 1
    },
    {
      "BlockType": "CELL",
      "Confidence": 89.2578125,
      "RowIndex": 3,
      "ColumnIndex": 4,
      "RowSpan": 1,
      "ColumnSpan": 1,
      "Geometry": {
        "BoundingBox": {
          "Width": 0.20167756080627441,
          "Height": 0.049167778342962265,
          "Left": 0.6405624151229858,
          "Top": 0.4775046706199646
        },
        "Polygon": [
          {
            "X": 0.6405624151229858,
            "Y": 0.4778246283531189
          },
          {
            "X": 0.8416101932525635,
            "Y": 0.4775046706199646
          },
          {
            "X": 0.8422399759292603,
            "Y": 0.5263678431510925
          },
          {
            "X": 0.6411023736000061,
            "Y": 0.5266724228858948
          }
        ]
      },
      "Id": "db57975f-2c27-4b8a-a204-28e34c829401",
      "Relationships": [
        {
          "Type": "CHILD",
          "Ids": [
            "93f4adee-bc26-4fc2-9b1b-93aa95b6de55"
          ]
        }
      ],
      "Page": 1
    },
    {
      "BlockType": "CELL",
      "Confidence": 88.525390625,
      "RowIndex": 4,
      "ColumnIndex": 1,
      "RowSpan": 1,
      "ColumnSpan": 1,
      "Geometry": {
        "BoundingBox": {
          "Width": 0.30096837878227234,
          "Height": 0.048056021332740784,
          "Left": 0.1555737406015396,
          "Top": 0.5269526243209839
        },
        "Polygon": [
          {
            "X": 0.1555737406015396,
            "Y": 0.527407705783844
          },
          {
            "X": 0.45609599351882935,
            "Y": 0.5269526243209839
          },
          {
            "X": 0.45654213428497314,
            "Y": 0.5745759606361389
          },
          {
            "X": 0.15588925778865814,
            "Y": 0.5750086307525635
          }
        ]
      },
      "Id": "f0c42ccc-3554-452f-9d7d-278961891f41",
      "Relationships": [
        {
          "Type": "CHILD",
          "Ids": [
            "cf6a770e-31bd-4862-a764-fd5b0d29f8fe"
          ]
        }
      ],
      "Page": 1
    },
    {
      "BlockType": "CELL",
      "Confidence": 82.763671875,
      "RowIndex": 4,
      "ColumnIndex": 2,
      "RowSpan": 1,
      "ColumnSpan": 1,
      "Geometry": {
        "BoundingBox": {
          "Width": 0.0660930648446083,
          "Height": 0.04772273451089859,
          "Left": 0.45609599351882935,
          "Top": 0.5268532633781433
        },
        "Polygon": [
          {
            "X": 0.45609599351882935,
            "Y": 0.5269526243209839
          },
          {
            "X": 0.5217143893241882,
            "Y": 0.5268532633781433
          },
          {
            "X": 0.5221890211105347,
            "Y": 0.5744814872741699
          },
          {
            "X": 0.45654213428497314,
            "Y": 0.5745759606361389
          }
        ]
      },
      "Id": "7484efcc-3726-4057-9dd4-694c85f95db2",
      "Relationships": [
        {
          "Type": "CHILD",
          "Ids": [
            "fbdde391-0fb8-4499-b4d4-696d104b4334"
          ]
        }
      ],
      "Page": 1
    },
    {
      "BlockType": "CELL",
      "Confidence": 87.744140625,
      "RowIndex": 4,
      "ColumnIndex": 3,
      "RowSpan": 1,
      "ColumnSpan": 1,
      "Geometry": {
        "BoundingBox": {
          "Width": 0.11991465091705322,
          "Height": 0.04780905693769455,
          "Left": 0.5217143893241882,
          "Top": 0.5266724228858948
        },
        "Polygon": [
          {
            "X": 0.5217143893241882,
            "Y": 0.5268532633781433
          },
          {
            "X": 0.6411023736000061,
            "Y": 0.5266724228858948
          },
          {
            "X": 0.6416290402412415,
            "Y": 0.5743096470832825
          },
          {
            "X": 0.5221890211105347,
            "Y": 0.5744814872741699
          }
        ]
      },
      "Id": "0a41ab47-1320-4319-9fb3-5c69d95ec108",
      "Relationships": [
        {
          "Type": "CHILD",
          "Ids": [
            "5bac3ebb-02e9-4fe3-8e08-c26f5a2c8c7f"
          ]
        }
      ],
      "Page": 1
    },
    {
      "BlockType": "CELL",
      "Confidence": 88.28125,
      "RowIndex": 4,
      "ColumnIndex": 4,
      "RowSpan": 1,
      "ColumnSpan": 1,
      "Geometry": {
        "BoundingBox": {
          "Width": 0.201751708984375,
          "Height": 0.04794176667928696,
          "Left": 0.6411023736000061,
          "Top": 0.5263678431510925
        },
        "Polygon": [
          {
            "X": 0.6411023736000061,
            "Y": 0.5266724228858948
          },
          {
            "X": 0.8422399759292603,
            "Y": 0.5263678431510925
          },
          {
            "X": 0.8428541421890259,
            "Y": 0.5740200281143188
          },
          {
            "X": 0.6416290402412415,
            "Y": 0.5743096470832825
          }
        ]
      },
      "Id": "666c5861-afd5-424c-ad9e-35816eda8783",
      "Relationships": [
        {
          "Type": "CHILD",
          "Ids": [
            "34271975-c08c-4b3c-a709-264d8cee209b"
          ]
        }
      ],
      "Page": 1
    },
    {
      "BlockType": "CELL",
      "Confidence": 89.74609375,
      "RowIndex": 5,
      "ColumnIndex": 1,
      "RowSpan": 1,
      "ColumnSpan": 1,
      "Geometry": {
        "BoundingBox": {
          "Width": 0.30111387372016907,
          "Height": 0.04962007701396942,
          "Left": 0.15588925778865814,
          "Top": 0.5745759606361389
        },
        "Polygon": [
          {
            "X": 0.15588925778865814,
            "Y": 0.5750086307525635
          },
          {
            "X": 0.45654213428497314,
            "Y": 0.5745759606361389
          },
          {
            "X": 0.4570031464099884,
            "Y": 0.6237866282463074
          },
          {
            "X": 0.15621531009674072,
            "Y": 0.6241960525512695
          }
        ]
      },
      "Id": "e2036e1e-98e1-41a8-930b-5aa10c4fa0ea",
      "Relationships": [
        {
          "Type": "CHILD",
          "Ids": [
            "c4e9c79d-c1b8-4d60-bb6d-f65dfab0b4dd",
            "bc117510-76df-4601-9201-d09af817870c",
            "32e3faaa-8ef8-4c30-b83f-cbc4c06b4b5d"
          ]
        }
      ],
      "EntityTypes": [
        "TABLE_SUMMARY"
      ],
      "Page": 1
    },
    {
      "BlockType": "CELL",
      "Confidence": 83.88671875,
      "RowIndex": 5,
      "ColumnIndex": 2,
      "RowSpan": 1,
      "ColumnSpan": 1,
      "Geometry": {
        "BoundingBox": {
          "Width": 0.06613742560148239,
          "Height": 0.04930509626865387,
          "Left": 0.45654213428497314,
          "Top": 0.5744814872741699
        },
        "Polygon": [
          {
            "X": 0.45654213428497314,
            "Y": 0.5745759606361389
          },
          {
            "X": 0.5221890211105347,
            "Y": 0.5744814872741699
          },
          {
            "X": 0.5226795673370361,
            "Y": 0.6236972212791443
          },
          {
            "X": 0.4570031464099884,
            "Y": 0.6237866282463074
          }
        ]
      },
      "Id": "8030d201-826f-4ba1-af87-b570d3f7488c",
      "Relationships": [
        {
          "Type": "CHILD",
          "Ids": [
            "6fbc50b9-5717-4ebd-8599-078bec78bfd1"
          ]
        }
      ],
      "EntityTypes": [
        "TABLE_SUMMARY"
      ],
      "Page": 1
    },
    {
      "BlockType": "CELL",
      "Confidence": 88.916015625,
      "RowIndex": 5,
      "ColumnIndex": 3,
      "RowSpan": 1,
      "ColumnSpan": 1,
      "Geometry": {
        "BoundingBox": {
          "Width": 0.11998413503170013,
          "Height": 0.049387574195861816,
          "Left": 0.5221890211105347,
          "Top": 0.5743096470832825
        },
        "Polygon": [
          {
            "X": 0.5221890211105347,
            "Y": 0.5744814872741699
          },
          {
            "X": 0.6416290402412415,
            "Y": 0.5743096470832825
          },
          {
            "X": 0.642173171043396,
            "Y": 0.6235345602035522
          },
          {
            "X": 0.5226795673370361,
            "Y": 0.6236972212791443
          }
        ]
      },
      "Id": "dd1b949f-8b59-4803-95a5-a821a10ec4fa",
      "Relationships": [
        {
          "Type": "CHILD",
          "Ids": [
            "4fbc8df1-02f5-4a27-843b-3b6868bc2b51"
          ]
        }
      ],
      "EntityTypes": [
        "TABLE_SUMMARY"
      ],
      "Page": 1
    },
    {
      "BlockType": "CELL",
      "Confidence": 89.453125,
      "RowIndex": 5,
      "ColumnIndex": 4,
      "RowSpan": 1,
      "ColumnSpan": 1,
      "Geometry": {
        "BoundingBox": {
          "Width": 0.2018597275018692,
          "Height": 0.04951448738574982,
          "Left": 0.6416290402412415,
          "Top": 0.5740200281143188
        },
        "Polygon": [
          {
            "X": 0.6416290402412415,
            "Y": 0.5743096470832825
          },
          {
            "X": 0.8428541421890259,
            "Y": 0.5740200281143188
          },
          {
            "X": 0.8434887528419495,
            "Y": 0.623260498046875
          },
          {
            "X": 0.642173171043396,
            "Y": 0.6235345602035522
          }
        ]
      },
      "Id": "582e0e0f-021d-402f-807b-40b4c1afe729",
      "Relationships": [
        {
          "Type": "CHILD",
          "Ids": [
            "df2704b2-2a6c-48f1-aa22-7e4329e6316e"
          ]
        }
      ],
      "EntityTypes": [
        "TABLE_SUMMARY"
      ],
      "Page": 1
    }
  ],
  "AnalyzeDocumentModelVersion": "1.0"
}