{
  "DocumentMetadata": {
    "Pages": 1
  },
  "JobStatus": "SUCCEEDED",
  "Blocks": [
    {
      "BlockType": "PAGE",
      "Geometry": {
        "BoundingBox": {
          "Width": 1,
          "Height": 1,
          "Left": 0,
          "Top": 0
        },
        "Polygon": [
          {
            "X": 0.00004260274363332428,
            "Y": 0
          },
          {
            "X": 1,
            "Y": 0.00001981547029572539
          },
          {
            "X": 1,
            "Y": 1
          },
          {
            "X": 0,
            "Y": 1
          }
        ]
      },
      "Id": "83960c95-5713-4c89-89f6-6fb196c35830",
      "Relationships": [
        {
          "Type": "CHILD",
          "Ids": [
            "62a1eaea-ade3-4790-a4fe-cfaef784d90b",
            "8892ecc1-1f28-4597-a53e-8610372d2b1f",
            "cdca38a5-664b-4053-afad-67bfd93dedae",
            "700dabc8-860e-4dbb-bfb7-a087f8577148",
            "749ebfdf-3138-47cb-bfdd-fa825cd7941a",
            "4db22367-05d9-4414-8550-90b730ebeb86",
            "d6fc5b3c-3c90-4280-82e6-05640c3ce212",
            "3dfe4ae3-5fe1-40b7-b44b-3ffd11db67ee",
            "a697e8ed-c48e-4260-964a-be2143baae21",
            "96adcaa8-7468-4845-b365-68035a1477b3",
            "3af0b287-85c3-4e8a-8a8c-5175ed56aca4",
            "5d9a90ec-8d2f-468f-beea-c3e30f485279",
            "d00ae5dd-ec6c-484e-8ef2-86e89f376028",
            "fb4af1aa-9480-4b57-96f9-18052d38eef0",
            "779218cc-d53e-48fd-9ebf-22d80d6fc504",
            "7c4bcb56-16f7-406d-8138-3239fabef20d",
            "cfa1c28b-240f-441d-b95d-ba2654cf166b",
            "9cd7bf76-cfb9-4cd7-8326-9ad5ed4765c9",
            "808c6d62-e300-4f86-9384-5ef460538c9a",
            "8ee40547-29f8-47c0-a55f-35e36ba58190",
            "b521dc67-88de-4ef5-a17e-6c7dc98eff78",
            "bbea0918-65d7-4d92-af00-49691b06d4fc",
            "c157316d-f763-4016-8636-c0eb58745998",
            "2100f8ba-e4b2-4316-85ad-142962ca5b8a",
            "219f1e7c-2ca0-4e7d-abba-17e5a9031c17"
          ]
        }
      ],
      "Page": 1
    },
    {
      "BlockType": "LINE",
      "Confidence": 99.93201446533203,
      "Text": "Sample",
      "Geometry": {
        "BoundingBox": {
          "Width": 0.029688779264688492,
          "Height": 0.025781605392694473,
          "Left": 0.1888093501329422,
          "Top": 0.4001064598560333
        },
        "Polygon": [
          {
            "X": 0.18949054181575775,
            "Y": 0.4001064598560333
          },
          {
            "X": 0.2184981405735016,
            "Y": 0.40013477206230164
          },
          {
            "X": 0.21782894432544708,
            "Y": 0.4258880615234375
          },
          {
            "X": 0.1888093501329422,
            "Y": 0.42586061358451843
          }
        ]
      },
      "Id": "62a1eaea-ade3-4790-a4fe-cfaef784d90b",
      "Relationships": [
        {
          "Type": "CHILD",
          "Ids": [
            "e96132c8-3e4a-4506-9207-433ccbf9b7e7"
          ]
        }
      ],
      "Page": 1
    },
    {
      "BlockType": "LINE",
      "Confidence": 90.75174713134766,
      "Text": "Storage Modulus (E'g) at 30 °C (Mpa)",
      "Geometry": {
        "BoundingBox": {
          "Width": 0.14588642120361328,
          "Height": 0.02685588411986828,
          "Left": 0.3628697693347931,
          "Top": 0.40008777379989624
        },
        "Polygon": [
          {
            "X": 0.3635019361972809,
            "Y": 0.40008777379989624
          },
          {
            "X": 0.508756160736084,
            "Y": 0.4002295434474945
          },
          {
            "X": 0.5081863403320312,
            "Y": 0.42694365978240967
          },
          {
            "X": 0.3628697693347931,
            "Y": 0.4268063008785248
          }
        ]
      },
      "Id": "8892ecc1-1f28-4597-a53e-8610372d2b1f",
      "Relationships": [
        {
          "Type": "CHILD",
          "Ids": [
            "9ca56481-ec84-4d6a-813d-92b00705fcac",
            "b68e491d-cfe2-4d03-bac5-059a311d38ea",
            "d0145ba8-c2a8-4d21-9636-0547b0de9bed",
            "0367f37a-bc7d-484a-ac1e-afdc8f864dec",
            "2c691c22-f718-4887-85a6-32adaa09b85e",
            "0bc4aa72-fdb4-4230-a1fe-8ba8db13abfb"
          ]
        }
      ],
      "Page": 1
    },
    {
      "BlockType": "LINE",
      "Confidence": 92.22282409667969,
      "Text": "Rubbery Modulus (E'r) at 200 °C (Mpa)",
      "Geometry": {
        "BoundingBox": {
          "Width": 0.1529512256383896,
          "Height": 0.0253133624792099,
          "Left": 0.5881125330924988,
          "Top": 0.40001752972602844
        },
        "Polygon": [
          {
            "X": 0.588617205619812,
            "Y": 0.40001752972602844
          },
          {
            "X": 0.7410637140274048,
            "Y": 0.4001663625240326
          },
          {
            "X": 0.7406206130981445,
            "Y": 0.42533087730407715
          },
          {
            "X": 0.5881125330924988,
            "Y": 0.425186425447464
          }
        ]
      },
      "Id": "cdca38a5-664b-4053-afad-67bfd93dedae",
      "Relationships": [
        {
          "Type": "CHILD",
          "Ids": [
            "963e863e-9f05-499b-9070-1553506f31a4",
            "d72f919a-0e75-46ae-9f03-148fa0f9f2a2",
            "2e4c5cf5-bee7-4b5f-bcb9-36aca316a0e2",
            "5cbcac3d-e275-44fd-a2c4-470bb4a3001f",
            "2b8795db-4892-4026-b735-94cbdd972b49",
            "e498aca4-6c93-4293-a5c7-c754143b3e95",
            "d0f137fe-c1fe-4c34-9d6c-61df6de94663"
          ]
        }
      ],
      "Page": 1
    },
    {
      "BlockType": "LINE",
      "Confidence": 60.2732048034668,
      "Text": "Tg (C)",
      "Geometry": {
        "BoundingBox": {
          "Width": 0.026170779019594193,
          "Height": 0.026908816769719124,
          "Left": 0.8203475475311279,
          "Top": 0.4001603126525879
        },
        "Polygon": [
          {
            "X": 0.8207865953445435,
            "Y": 0.4001603126525879
          },
          {
            "X": 0.846518337726593,
            "Y": 0.4001854360103607
          },
          {
            "X": 0.8460903763771057,
            "Y": 0.42706912755966187
          },
          {
            "X": 0.8203475475311279,
            "Y": 0.4270448088645935
          }
        ]
      },
      "Id": "700dabc8-860e-4dbb-bfb7-a087f8577148",
      "Relationships": [
        {
          "Type": "CHILD",
          "Ids": [
            "fc584be3-c835-4755-b4d4-c6bd6112bdf6",
            "982b03f1-be4c-41ce-b95f-9d6380f5ac5d"
          ]
        }
      ],
      "Page": 1
    },
    {
      "BlockType": "LINE",
      "Confidence": 98.46797180175781,
      "Text": "Epoxy",
      "Geometry": {
        "BoundingBox": {
          "Width": 0.024781815707683563,
          "Height": 0.02450818568468094,
          "Left": 0.18886630237102509,
          "Top": 0.44972938299179077
        },
        "Polygon": [
          {
            "X": 0.1895134299993515,
            "Y": 0.44972938299179077
          },
          {
            "X": 0.21364811062812805,
            "Y": 0.4497515559196472
          },
          {
            "X": 0.21301046013832092,
            "Y": 0.4742375910282135
          },
          {
            "X": 0.18886630237102509,
            "Y": 0.4742160737514496
          }
        ]
      },
      "Id": "749ebfdf-3138-47cb-bfdd-fa825cd7941a",
      "Relationships": [
        {
          "Type": "CHILD",
          "Ids": [
            "bb1d7f32-4315-4db4-9ef4-4dfaeb1bfb1b"
          ]
        }
      ],
      "Page": 1
    },
    {
      "BlockType": "LINE",
      "Confidence": 99.68865966796875,
      "Text": "2367",
      "Geometry": {
        "BoundingBox": {
          "Width": 0.019906921312212944,
          "Height": 0.019071128219366074,
          "Left": 0.36306074261665344,
          "Top": 0.44958192110061646
        },
        "Polygon": [
          {
            "X": 0.36351117491722107,
            "Y": 0.44958192110061646
          },
          {
            "X": 0.38296765089035034,
            "Y": 0.4495998024940491
          },
          {
            "X": 0.38252314925193787,
            "Y": 0.4686530530452728
          },
          {
            "X": 0.36306074261665344,
            "Y": 0.46863558888435364
          }
        ]
      },
      "Id": "4db22367-05d9-4414-8550-90b730ebeb86",
      "Relationships": [
        {
          "Type": "CHILD",
          "Ids": [
            "4b473ad6-678a-4ac2-93b0-a9c91457ebac"
          ]
        }
      ],
      "Page": 1
    },
    {
      "BlockType": "LINE",
      "Confidence": 99.69881439208984,
      "Text": "17",
      "Geometry": {
        "BoundingBox": {
          "Width": 0.00938556157052517,
          "Height": 0.019059689715504646,
          "Left": 0.5888042449951172,
          "Top": 0.44952255487442017
        },
        "Polygon": [
          {
            "X": 0.5891858339309692,
            "Y": 0.44952255487442017
          },
          {
            "X": 0.5981898307800293,
            "Y": 0.44953083992004395
          },
          {
            "X": 0.5978110432624817,
            "Y": 0.46858224272727966
          },
          {
            "X": 0.5888042449951172,
            "Y": 0.4685741662979126
          }
        ]
      },
      "Id": "d6fc5b3c-3c90-4280-82e6-05640c3ce212",
      "Relationships": [
        {
          "Type": "CHILD",
          "Ids": [
            "1ae00cab-4179-4eae-97c5-f28eb9359e56"
          ]
        }
      ],
      "Page": 1
    },
    {
      "BlockType": "LINE",
      "Confidence": 99.8496322631836,
      "Text": "171",
      "Geometry": {
        "BoundingBox": {
          "Width": 0.013871307484805584,
          "Height": 0.019374653697013855,
          "Left": 0.8210833072662354,
          "Top": 0.44947904348373413
        },
        "Polygon": [
          {
            "X": 0.8213990926742554,
            "Y": 0.44947904348373413
          },
          {
            "X": 0.8349546194076538,
            "Y": 0.4494915306568146
          },
          {
            "X": 0.8346430659294128,
            "Y": 0.4688537120819092
          },
          {
            "X": 0.8210833072662354,
            "Y": 0.468841552734375
          }
        ]
      },
      "Id": "3dfe4ae3-5fe1-40b7-b44b-3ffd11db67ee",
      "Relationships": [
        {
          "Type": "CHILD",
          "Ids": [
            "5f737ccf-2fd4-477f-aae3-43dd207a8b70"
          ]
        }
      ],
      "Page": 1
    },
    {
      "BlockType": "LINE",
      "Confidence": 87.06315612792969,
      "Text": "1%-Graphenit-ox-Epoxy",
      "Geometry": {
        "BoundingBox": {
          "Width": 0.093961700797081,
          "Height": 0.025309935212135315,
          "Left": 0.18939059972763062,
          "Top": 0.47915568947792053
        },
        "Polygon": [
          {
            "X": 0.19005686044692993,
            "Y": 0.47915568947792053
          },
          {
            "X": 0.2833523154258728,
            "Y": 0.47923824191093445
          },
          {
            "X": 0.2827238142490387,
            "Y": 0.504465639591217
          },
          {
            "X": 0.18939059972763062,
            "Y": 0.504385769367218
          }
        ]
      },
      "Id": "a697e8ed-c48e-4260-964a-be2143baae21",
      "Relationships": [
        {
          "Type": "CHILD",
          "Ids": [
            "8564d46a-1d9b-4bc5-b8e3-7a1548669b4c"
          ]
        }
      ],
      "Page": 1
    },
    {
      "BlockType": "LINE",
      "Confidence": 99.9803466796875,
      "Text": "2148",
      "Geometry": {
        "BoundingBox": {
          "Width": 0.02018612064421177,
          "Height": 0.019395139068365097,
          "Left": 0.36303219199180603,
          "Top": 0.47962233424186707
        },
        "Polygon": [
          {
            "X": 0.36349010467529297,
            "Y": 0.47962233424186707
          },
          {
            "X": 0.38321831822395325,
            "Y": 0.47963979840278625
          },
          {
            "X": 0.3827665150165558,
            "Y": 0.49901747703552246
          },
          {
            "X": 0.36303219199180603,
            "Y": 0.4990004599094391
          }
        ]
      },
      "Id": "96adcaa8-7468-4845-b365-68035a1477b3",
      "Relationships": [
        {
          "Type": "CHILD",
          "Ids": [
            "259874d8-f4d1-4ea9-aadf-216bf242ed59"
          ]
        }
      ],
      "Page": 1
    },
    {
      "BlockType": "LINE",
      "Confidence": 99.92523956298828,
      "Text": "24",
      "Geometry": {
        "BoundingBox": {
          "Width": 0.010404611006379128,
          "Height": 0.019111650064587593,
          "Left": 0.5881418585777283,
          "Top": 0.4798988699913025
        },
        "Polygon": [
          {
            "X": 0.5885244607925415,
            "Y": 0.4798988699913025
          },
          {
            "X": 0.5985465049743652,
            "Y": 0.47990772128105164
          },
          {
            "X": 0.5981669425964355,
            "Y": 0.49901053309440613
          },
          {
            "X": 0.5881418585777283,
            "Y": 0.4990018606185913
          }
        ]
      },
      "Id": "3af0b287-85c3-4e8a-8a8c-5175ed56aca4",
      "Relationships": [
        {
          "Type": "CHILD",
          "Ids": [
            "153e36c9-4e71-4d18-8812-66c8009d1045"
          ]
        }
      ],
      "Page": 1
    },
    {
      "BlockType": "LINE",
      "Confidence": 99.94501495361328,
      "Text": "170",
      "Geometry": {
        "BoundingBox": {
          "Width": 0.014407578855752945,
          "Height": 0.019516227766871452,
          "Left": 0.8212633728981018,
          "Top": 0.4797048568725586
        },
        "Polygon": [
          {
            "X": 0.821581244468689,
            "Y": 0.4797048568725586
          },
          {
            "X": 0.8356709480285645,
            "Y": 0.47971731424331665
          },
          {
            "X": 0.8353574872016907,
            "Y": 0.4992210865020752
          },
          {
            "X": 0.8212633728981018,
            "Y": 0.499208927154541
          }
        ]
      },
      "Id": "5d9a90ec-8d2f-468f-beea-c3e30f485279",
      "Relationships": [
        {
          "Type": "CHILD",
          "Ids": [
            "54a43af9-6fc7-4906-9894-332395c1be28"
          ]
        }
      ],
      "Page": 1
    },
    {
      "BlockType": "LINE",
      "Confidence": 83.1230239868164,
      "Text": "3%-Graphenit-ox-Epoxy",
      "Geometry": {
        "BoundingBox": {
          "Width": 0.0949200838804245,
          "Height": 0.025502562522888184,
          "Left": 0.18877796828746796,
          "Top": 0.5102998614311218
        },
        "Polygon": [
          {
            "X": 0.189449280500412,
            "Y": 0.5102998614311218
          },
          {
            "X": 0.28369805216789246,
            "Y": 0.5103798508644104
          },
          {
            "X": 0.28306514024734497,
            "Y": 0.53580242395401
          },
          {
            "X": 0.18877796828746796,
            "Y": 0.5357251167297363
          }
        ]
      },
      "Id": "d00ae5dd-ec6c-484e-8ef2-86e89f376028",
      "Relationships": [
        {
          "Type": "CHILD",
          "Ids": [
            "606c5375-e181-4717-ba40-0a8a253c5387"
          ]
        }
      ],
      "Page": 1
    },
    {
      "BlockType": "LINE",
      "Confidence": 99.98123931884766,
      "Text": "2254",
      "Geometry": {
        "BoundingBox": {
          "Width": 0.020452143624424934,
          "Height": 0.01971445418894291,
          "Left": 0.3630039393901825,
          "Top": 0.510852575302124
        },
        "Polygon": [
          {
            "X": 0.3634691834449768,
            "Y": 0.510852575302124
          },
          {
            "X": 0.3834560811519623,
            "Y": 0.5108695030212402
          },
          {
            "X": 0.38299715518951416,
            "Y": 0.5305669903755188
          },
          {
            "X": 0.3630039393901825,
            "Y": 0.530550479888916
          }
        ]
      },
      "Id": "fb4af1aa-9480-4b57-96f9-18052d38eef0",
      "Relationships": [
        {
          "Type": "CHILD",
          "Ids": [
            "36cd98b3-9068-4292-b5ed-c107609e1dcd"
          ]
        }
      ],
      "Page": 1
    },
    {
      "BlockType": "LINE",
      "Confidence": 99.84848022460938,
      "Text": "27",
      "Geometry": {
        "BoundingBox": {
          "Width": 0.010078183375298977,
          "Height": 0.01919224113225937,
          "Left": 0.5880540013313293,
          "Top": 0.5111054182052612
        },
        "Polygon": [
          {
            "X": 0.588438093662262,
            "Y": 0.5111054182052612
          },
          {
            "X": 0.5981321930885315,
            "Y": 0.5111136436462402
          },
          {
            "X": 0.5977511405944824,
            "Y": 0.5302976369857788
          },
          {
            "X": 0.5880540013313293,
            "Y": 0.5302896499633789
          }
        ]
      },
      "Id": "779218cc-d53e-48fd-9ebf-22d80d6fc504",
      "Relationships": [
        {
          "Type": "CHILD",
          "Ids": [
            "8dcbc7b1-2949-402e-89cb-05b97425bb68"
          ]
        }
      ],
      "Page": 1
    },
    {
      "BlockType": "LINE",
      "Confidence": 99.91024780273438,
      "Text": "168",
      "Geometry": {
        "BoundingBox": {
          "Width": 0.014288344420492649,
          "Height": 0.019596857950091362,
          "Left": 0.8212712407112122,
          "Top": 0.5106954574584961
        },
        "Polygon": [
          {
            "X": 0.82159024477005,
            "Y": 0.5106954574584961
          },
          {
            "X": 0.835559606552124,
            "Y": 0.5107073187828064
          },
          {
            "X": 0.8352449536323547,
            "Y": 0.5302923321723938
          },
          {
            "X": 0.8212712407112122,
            "Y": 0.5302807688713074
          }
        ]
      },
      "Id": "7c4bcb56-16f7-406d-8138-3239fabef20d",
      "Relationships": [
        {
          "Type": "CHILD",
          "Ids": [
            "45488543-7c76-418d-bd95-68d58c502f04"
          ]
        }
      ],
      "Page": 1
    },
    {
      "BlockType": "LINE",
      "Confidence": 85.611572265625,
      "Text": "1%-Graphenit-Cu-Epoxy",
      "Geometry": {
        "BoundingBox": {
          "Width": 0.09523852169513702,
          "Height": 0.026213759556412697,
          "Left": 0.18924061954021454,
          "Top": 0.5420823693275452
        },
        "Polygon": [
          {
            "X": 0.189930260181427,
            "Y": 0.5420823693275452
          },
          {
            "X": 0.28447914123535156,
            "Y": 0.5421591997146606
          },
          {
            "X": 0.28382912278175354,
            "Y": 0.5682961344718933
          },
          {
            "X": 0.18924061954021454,
            "Y": 0.568222165107727
          }
        ]
      },
      "Id": "cfa1c28b-240f-441d-b95d-ba2654cf166b",
      "Relationships": [
        {
          "Type": "CHILD",
          "Ids": [
            "a7b46a59-e805-4f72-9879-868de8bfb529"
          ]
        }
      ],
      "Page": 1
    },
    {
      "BlockType": "LINE",
      "Confidence": 99.97233581542969,
      "Text": "2280",
      "Geometry": {
        "BoundingBox": {
          "Width": 0.020204732194542885,
          "Height": 0.019414646551012993,
          "Left": 0.3630337715148926,
          "Top": 0.5424036979675293
        },
        "Polygon": [
          {
            "X": 0.3634917140007019,
            "Y": 0.5424036979675293
          },
          {
            "X": 0.3832384943962097,
            "Y": 0.5424197316169739
          },
          {
            "X": 0.38278669118881226,
            "Y": 0.5618183612823486
          },
          {
            "X": 0.3630337715148926,
            "Y": 0.5618027448654175
          }
        ]
      },
      "Id": "9cd7bf76-cfb9-4cd7-8326-9ad5ed4765c9",
      "Relationships": [
        {
          "Type": "CHILD",
          "Ids": [
            "1ee4d197-9984-4ffc-9e6f-26371505c0f5"
          ]
        }
      ],
      "Page": 1
    },
    {
      "BlockType": "LINE",
      "Confidence": 99.94640350341797,
      "Text": "25",
      "Geometry": {
        "BoundingBox": {
          "Width": 0.010004518553614616,
          "Height": 0.01939290761947632,
          "Left": 0.5880818963050842,
          "Top": 0.5426919460296631
        },
        "Polygon": [
          {
            "X": 0.5884698033332825,
            "Y": 0.5426919460296631
          },
          {
            "X": 0.598086416721344,
            "Y": 0.5426997542381287
          },
          {
            "X": 0.5977015495300293,
            "Y": 0.5620848536491394
          },
          {
            "X": 0.5880818963050842,
            "Y": 0.5620772838592529
          }
        ]
      },
      "Id": "808c6d62-e300-4f86-9384-5ef460538c9a",
      "Relationships": [
        {
          "Type": "CHILD",
          "Ids": [
            "4065f4be-cc3d-4fca-8f35-4ac1791e8f93"
          ]
        }
      ],
      "Page": 1
    },
    {
      "BlockType": "LINE",
      "Confidence": 99.82620239257812,
      "Text": "176",
      "Geometry": {
        "BoundingBox": {
          "Width": 0.014483364298939705,
          "Height": 0.01944630779325962,
          "Left": 0.8213059902191162,
          "Top": 0.542474627494812
        },
        "Polygon": [
          {
            "X": 0.821622371673584,
            "Y": 0.542474627494812
          },
          {
            "X": 0.8357893228530884,
            "Y": 0.5424861907958984
          },
          {
            "X": 0.835477352142334,
            "Y": 0.5619209408760071
          },
          {
            "X": 0.8213059902191162,
            "Y": 0.5619097352027893
          }
        ]
      },
      "Id": "8ee40547-29f8-47c0-a55f-35e36ba58190",
      "Relationships": [
        {
          "Type": "CHILD",
          "Ids": [
            "ddc20ca5-fe1b-46ce-b75a-c9c1287f3faa"
          ]
        }
      ],
      "Page": 1
    },
    {
      "BlockType": "LINE",
      "Confidence": 86.12239837646484,
      "Text": "3%-Graphenit-Cu-Epoxy",
      "Geometry": {
        "BoundingBox": {
          "Width": 0.0953320860862732,
          "Height": 0.02572811022400856,
          "Left": 0.1887701451778412,
          "Top": 0.5732181668281555
        },
        "Polygon": [
          {
            "X": 0.18944691121578217,
            "Y": 0.5732181668281555
          },
          {
            "X": 0.2841022312641144,
            "Y": 0.5732916593551636
          },
          {
            "X": 0.28346434235572815,
            "Y": 0.5989462733268738
          },
          {
            "X": 0.1887701451778412,
            "Y": 0.5988755226135254
          }
        ]
      },
      "Id": "b521dc67-88de-4ef5-a17e-6c7dc98eff78",
      "Relationships": [
        {
          "Type": "CHILD",
          "Ids": [
            "61696971-9e8d-4967-bbac-1bce0cc74c29"
          ]
        }
      ],
      "Page": 1
    },
    {
      "BlockType": "LINE",
      "Confidence": 99.88809967041016,
      "Text": "2223",
      "Geometry": {
        "BoundingBox": {
          "Width": 0.019858229905366898,
          "Height": 0.019109513610601425,
          "Left": 0.3630662262439728,
          "Top": 0.5739632844924927
        },
        "Polygon": [
          {
            "X": 0.36351674795150757,
            "Y": 0.5739632844924927
          },
          {
            "X": 0.3829244375228882,
            "Y": 0.5739783048629761
          },
          {
            "X": 0.38247984647750854,
            "Y": 0.593072772026062
          },
          {
            "X": 0.3630662262439728,
            "Y": 0.593058168888092
          }
        ]
      },
      "Id": "bbea0918-65d7-4d92-af00-49691b06d4fc",
      "Relationships": [
        {
          "Type": "CHILD",
          "Ids": [
            "13fbff69-79a9-485a-aa5c-fc0574e8f7a2"
          ]
        }
      ],
      "Page": 1
    },
    {
      "BlockType": "LINE",
      "Confidence": 99.90174102783203,
      "Text": "28",
      "Geometry": {
        "BoundingBox": {
          "Width": 0.01012574415653944,
          "Height": 0.01949451118707657,
          "Left": 0.5881001353263855,
          "Top": 0.5739226937294006
        },
        "Polygon": [
          {
            "X": 0.5884898900985718,
            "Y": 0.5739226937294006
          },
          {
            "X": 0.5982258915901184,
            "Y": 0.5739302635192871
          },
          {
            "X": 0.5978392362594604,
            "Y": 0.593417227268219
          },
          {
            "X": 0.5881001353263855,
            "Y": 0.5934098958969116
          }
        ]
      },
      "Id": "c157316d-f763-4016-8636-c0eb58745998",
      "Relationships": [
        {
          "Type": "CHILD",
          "Ids": [
            "0ae9db7d-efc0-4576-824f-291c0f3d6173"
          ]
        }
      ],
      "Page": 1
    },
    {
      "BlockType": "LINE",
      "Confidence": 99.8051528930664,
      "Text": "176",
      "Geometry": {
        "BoundingBox": {
          "Width": 0.014113737270236015,
          "Height": 0.019528934732079506,
          "Left": 0.8214748501777649,
          "Top": 0.573711097240448
        },
        "Polygon": [
          {
            "X": 0.8217924237251282,
            "Y": 0.573711097240448
          },
          {
            "X": 0.8355885744094849,
            "Y": 0.5737218260765076
          },
          {
            "X": 0.8352753520011902,
            "Y": 0.5932400226593018
          },
          {
            "X": 0.8214748501777649,
            "Y": 0.5932295918464661
          }
        ]
      },
      "Id": "2100f8ba-e4b2-4316-85ad-142962ca5b8a",
      "Relationships": [
        {
          "Type": "CHILD",
          "Ids": [
            "6ff3a77f-7bbd-4621-b31d-588d1b0582e7"
          ]
        }
      ],
      "Page": 1
    },
    {
      "BlockType": "WORD",
      "Confidence": 99.93201446533203,
      "Text": "Sample",
      "TextType": "PRINTED",
      "Geometry": {
        "BoundingBox": {
          "Width": 0.029688779264688492,
          "Height": 0.025781605392694473,
          "Left": 0.1888093501329422,
          "Top": 0.4001064598560333
        },
        "Polygon": [
          {
            "X": 0.18949054181575775,
            "Y": 0.4001064598560333
          },
          {
            "X": 0.2184981405735016,
            "Y": 0.40013477206230164
          },
          {
            "X": 0.21782894432544708,
            "Y": 0.4258880615234375
          },
          {
            "X": 0.1888093501329422,
            "Y": 0.42586061358451843
          }
        ]
      },
      "Id": "e96132c8-3e4a-4506-9207-433ccbf9b7e7",
      "Page": 1
    },
    {
      "BlockType": "WORD",
      "Confidence": 99.8811264038086,
      "Text": "Storage",
      "TextType": "PRINTED",
      "Geometry": {
        "BoundingBox": {
          "Width": 0.03004370629787445,
          "Height": 0.02482498250901699,
          "Left": 0.36289772391319275,
          "Top": 0.4008278250694275
        },
        "Polygon": [
          {
            "X": 0.3634844422340393,
            "Y": 0.4008278250694275
          },
          {
            "X": 0.392941415309906,
            "Y": 0.40085655450820923
          },
          {
            "X": 0.3923664391040802,
            "Y": 0.42565280199050903
          },
          {
            "X": 0.36289772391319275,
            "Y": 0.42562490701675415
          }
        ]
      },
      "Id": "9ca56481-ec84-4d6a-813d-92b00705fcac",
      "Page": 1
    },
    {
      "BlockType": "WORD",
      "Confidence": 99.6965560913086,
      "Text": "Modulus",
      "TextType": "PRINTED",
      "Geometry": {
        "BoundingBox": {
          "Width": 0.03456541895866394,
          "Height": 0.01978248730301857,
          "Left": 0.3952869474887848,
          "Top": 0.4005942642688751
        },
        "Polygon": [
          {
            "X": 0.3957440257072449,
            "Y": 0.4005942642688751
          },
          {
            "X": 0.42985236644744873,
            "Y": 0.4006275534629822
          },
          {
            "X": 0.429406076669693,
            "Y": 0.4203767478466034
          },
          {
            "X": 0.3952869474887848,
            "Y": 0.4203442633152008
          }
        ]
      },
      "Id": "b68e491d-cfe2-4d03-bac5-059a311d38ea",
      "Page": 1
    },
    {
      "BlockType": "WORD",
      "Confidence": 58.5246696472168,
      "Text": "(E'g)",
      "TextType": "PRINTED",
      "Geometry": {
        "BoundingBox": {
          "Width": 0.017447033897042274,
          "Height": 0.026732368394732475,
          "Left": 0.4316282868385315,
          "Top": 0.40015485882759094
        },
        "Polygon": [
          {
            "X": 0.43223097920417786,
            "Y": 0.40015485882759094
          },
          {
            "X": 0.449075311422348,
            "Y": 0.40017127990722656
          },
          {
            "X": 0.44847986102104187,
            "Y": 0.4268872141838074
          },
          {
            "X": 0.4316282868385315,
            "Y": 0.42687126994132996
          }
        ]
      },
      "Id": "d0145ba8-c2a8-4d21-9636-0547b0de9bed",
      "Page": 1
    },
    {
      "BlockType": "WORD",
      "Confidence": 99.96947479248047,
      "Text": "at",
      "TextType": "PRINTED",
      "Geometry": {
        "BoundingBox": {
          "Width": 0.007867889478802681,
          "Height": 0.01777224987745285,
          "Left": 0.451138973236084,
          "Top": 0.4028190076351166
        },
        "Polygon": [
          {
            "X": 0.451534241437912,
            "Y": 0.4028190076351166
          },
          {
            "X": 0.4590068757534027,
            "Y": 0.4028262794017792
          },
          {
            "X": 0.4586137533187866,
            "Y": 0.42059126496315
          },
          {
            "X": 0.451138973236084,
            "Y": 0.42058414220809937
          }
        ]
      },
      "Id": "0367f37a-bc7d-484a-ac1e-afdc8f864dec",
      "Page": 1
    },
    {
      "BlockType": "WORD",
      "Confidence": 86.96391296386719,
      "Text": "30 °C",
      "TextType": "PRINTED",
      "Geometry": {
        "BoundingBox": {
          "Width": 0.021324140951037407,
          "Height": 0.020148899406194687,
          "Left": 0.46120935678482056,
          "Top": 0.40058884024620056
        },
        "Polygon": [
          {
            "X": 0.4616539478302002,
            "Y": 0.40058884024620056
          },
          {
            "X": 0.4825335144996643,
            "Y": 0.40060919523239136
          },
          {
            "X": 0.4820956587791443,
            "Y": 0.42073774337768555
          },
          {
            "X": 0.46120935678482056,
            "Y": 0.42071783542633057
          }
        ]
      },
      "Id": "2c691c22-f718-4887-85a6-32adaa09b85e",
      "Page": 1
    },
    {
      "BlockType": "WORD",
      "Confidence": 99.4747543334961,
      "Text": "(Mpa)",
      "TextType": "PRINTED",
      "Geometry": {
        "BoundingBox": {
          "Width": 0.024364884942770004,
          "Height": 0.02509215474128723,
          "Left": 0.484388530254364,
          "Top": 0.4003355801105499
        },
        "Polygon": [
          {
            "X": 0.48493289947509766,
            "Y": 0.4003355801105499
          },
          {
            "X": 0.5087534189224243,
            "Y": 0.40035882592201233
          },
          {
            "X": 0.5082186460494995,
            "Y": 0.42542773485183716
          },
          {
            "X": 0.484388530254364,
            "Y": 0.4254051744937897
          }
        ]
      },
      "Id": "0bc4aa72-fdb4-4230-a1fe-8ba8db13abfb",
      "Page": 1
    },
    {
      "BlockType": "WORD",
      "Confidence": 99.91426849365234,
      "Text": "Rubbery",
      "TextType": "PRINTED",
      "Geometry": {
        "BoundingBox": {
          "Width": 0.03333262726664543,
          "Height": 0.02427263930439949,
          "Left": 0.5881142616271973,
          "Top": 0.40085676312446594
        },
        "Polygon": [
          {
            "X": 0.5886003971099854,
            "Y": 0.40085676312446594
          },
          {
            "X": 0.6214469075202942,
            "Y": 0.4008888006210327
          },
          {
            "X": 0.6209735870361328,
            "Y": 0.42512941360473633
          },
          {
            "X": 0.5881142616271973,
            "Y": 0.4250982701778412
          }
        ]
      },
      "Id": "963e863e-9f05-499b-9070-1553506f31a4",
      "Page": 1
    },
    {
      "BlockType": "WORD",
      "Confidence": 99.70260620117188,
      "Text": "Modulus",
      "TextType": "PRINTED",
      "Geometry": {
        "BoundingBox": {
          "Width": 0.0345451645553112,
          "Height": 0.01943148486316204,
          "Left": 0.6234749555587769,
          "Top": 0.4007469117641449
        },
        "Polygon": [
          {
            "X": 0.6238529682159424,
            "Y": 0.4007469117641449
          },
          {
            "X": 0.6580201387405396,
            "Y": 0.40078023076057434
          },
          {
            "X": 0.657652735710144,
            "Y": 0.4201783835887909
          },
          {
            "X": 0.6234749555587769,
            "Y": 0.42014580965042114
          }
        ]
      },
      "Id": "d72f919a-0e75-46ae-9f03-148fa0f9f2a2",
      "Page": 1
    },
    {
      "BlockType": "WORD",
      "Confidence": 58.165931701660156,
      "Text": "(E'r)",
      "TextType": "PRINTED",
      "Geometry": {
        "BoundingBox": {
          "Width": 0.016180487349629402,
          "Height": 0.025181714445352554,
          "Left": 0.6599544882774353,
          "Top": 0.4000876545906067
        },
        "Polygon": [
          {
            "X": 0.6604301929473877,
            "Y": 0.4000876545906067
          },
          {
            "X": 0.6761350035667419,
            "Y": 0.40010297298431396
          },
          {
            "X": 0.6756656765937805,
            "Y": 0.42526936531066895
          },
          {
            "X": 0.6599544882774353,
            "Y": 0.4252544641494751
          }
        ]
      },
      "Id": "2e4c5cf5-bee7-4b5f-bcb9-36aca316a0e2",
      "Page": 1
    },
    {
      "BlockType": "WORD",
      "Confidence": 99.97671508789062,
      "Text": "at",
      "TextType": "PRINTED",
      "Geometry": {
        "BoundingBox": {
          "Width": 0.007940656505525112,
          "Height": 0.01739276386797428,
          "Left": 0.678608238697052,
          "Top": 0.403123140335083
        },
        "Polygon": [
          {
            "X": 0.6789316534996033,
            "Y": 0.403123140335083
          },
          {
            "X": 0.6865488886833191,
            "Y": 0.40313053131103516
          },
          {
            "X": 0.686227560043335,
            "Y": 0.42051589488983154
          },
          {
            "X": 0.678608238697052,
            "Y": 0.42050862312316895
          }
        ]
      },
      "Id": "5cbcac3d-e275-44fd-a2c4-470bb4a3001f",
      "Page": 1
    },
    {
      "BlockType": "WORD",
      "Confidence": 99.84709167480469,
      "Text": "200",
      "TextType": "PRINTED",
      "Geometry": {
        "BoundingBox": {
          "Width": 0.015055621974170208,
          "Height": 0.019412748515605927,
          "Left": 0.6884364485740662,
          "Top": 0.4008559584617615
        },
        "Polygon": [
          {
            "X": 0.6887942552566528,
            "Y": 0.4008559584617615
          },
          {
            "X": 0.7034920454025269,
            "Y": 0.40087029337882996
          },
          {
            "X": 0.7031387686729431,
            "Y": 0.420268714427948
          },
          {
            "X": 0.6884364485740662,
            "Y": 0.4202547073364258
          }
        ]
      },
      "Id": "2b8795db-4892-4026-b735-94cbdd972b49",
      "Page": 1
    },
    {
      "BlockType": "WORD",
      "Confidence": 88.47554016113281,
      "Text": "°C",
      "TextType": "PRINTED",
      "Geometry": {
        "BoundingBox": {
          "Width": 0.00898196455091238,
          "Height": 0.018083646893501282,
          "Left": 0.7061465382575989,
          "Top": 0.40116751194000244
        },
        "Polygon": [
          {
            "X": 0.7064748406410217,
            "Y": 0.40116751194000244
          },
          {
            "X": 0.715128481388092,
            "Y": 0.40117594599723816
          },
          {
            "X": 0.7148026823997498,
            "Y": 0.41925114393234253
          },
          {
            "X": 0.7061465382575989,
            "Y": 0.41924288868904114
          }
        ]
      },
      "Id": "e498aca4-6c93-4293-a5c7-c754143b3e95",
      "Page": 1
    },
    {
      "BlockType": "WORD",
      "Confidence": 99.47764587402344,
      "Text": "(Mpa)",
      "TextType": "PRINTED",
      "Geometry": {
        "BoundingBox": {
          "Width": 0.024049611762166023,
          "Height": 0.024386361241340637,
          "Left": 0.7170041799545288,
          "Top": 0.40070775151252747
        },
        "Polygon": [
          {
            "X": 0.7174424529075623,
            "Y": 0.40070775151252747
          },
          {
            "X": 0.7410538196563721,
            "Y": 0.40073078870773315
          },
          {
            "X": 0.7406247854232788,
            "Y": 0.4250940978527069
          },
          {
            "X": 0.7170041799545288,
            "Y": 0.42507171630859375
          }
        ]
      },
      "Id": "d0f137fe-c1fe-4c34-9d6c-61df6de94663",
      "Page": 1
    },
    {
      "BlockType": "WORD",
      "Confidence": 52.893798828125,
      "Text": "Tg",
      "TextType": "PRINTED",
      "Geometry": {
        "BoundingBox": {
          "Width": 0.008410501293838024,
          "Height": 0.025822043418884277,
          "Left": 0.8203475475311279,
          "Top": 0.4012303054332733
        },
        "Polygon": [
          {
            "X": 0.8207691311836243,
            "Y": 0.4012303054332733
          },
          {
            "X": 0.8287580609321594,
            "Y": 0.4012381136417389
          },
          {
            "X": 0.8283397555351257,
            "Y": 0.4270523488521576
          },
          {
            "X": 0.8203475475311279,
            "Y": 0.4270448088645935
          }
        ]
      },
      "Id": "fc584be3-c835-4755-b4d4-c6bd6112bdf6",
      "Page": 1
    },
    {
      "BlockType": "WORD",
      "Confidence": 67.6526107788086,
      "Text": "(C)",
      "TextType": "PRINTED",
      "Geometry": {
        "BoundingBox": {
          "Width": 0.015601656399667263,
          "Height": 0.025115597993135452,
          "Left": 0.8309166431427002,
          "Top": 0.40017059445381165
        },
        "Polygon": [
          {
            "X": 0.8313223719596863,
            "Y": 0.40017059445381165
          },
          {
            "X": 0.846518337726593,
            "Y": 0.4001854360103607
          },
          {
            "X": 0.8461187481880188,
            "Y": 0.425286203622818
          },
          {
            "X": 0.8309166431427002,
            "Y": 0.42527180910110474
          }
        ]
      },
      "Id": "982b03f1-be4c-41ce-b95f-9d6380f5ac5d",
      "Page": 1
    },
    {
      "BlockType": "WORD",
      "Confidence": 98.46797180175781,
      "Text": "Epoxy",
      "TextType": "PRINTED",
      "Geometry": {
        "BoundingBox": {
          "Width": 0.024781815707683563,
          "Height": 0.02450818568468094,
          "Left": 0.18886630237102509,
          "Top": 0.44972938299179077
        },
        "Polygon": [
          {
            "X": 0.1895134299993515,
            "Y": 0.44972938299179077
          },
          {
            "X": 0.21364811062812805,
            "Y": 0.4497515559196472
          },
          {
            "X": 0.21301046013832092,
            "Y": 0.4742375910282135
          },
          {
            "X": 0.18886630237102509,
            "Y": 0.4742160737514496
          }
        ]
      },
      "Id": "bb1d7f32-4315-4db4-9ef4-4dfaeb1bfb1b",
      "Page": 1
    },
    {
      "BlockType": "WORD",
      "Confidence": 99.68865966796875,
      "Text": "2367",
      "TextType": "PRINTED",
      "Geometry": {
        "BoundingBox": {
          "Width": 0.019906921312212944,
          "Height": 0.019071128219366074,
          "Left": 0.36306074261665344,
          "Top": 0.44958192110061646
        },
        "Polygon": [
          {
            "X": 0.36351117491722107,
            "Y": 0.44958192110061646
          },
          {
            "X": 0.38296765089035034,
            "Y": 0.4495998024940491
          },
          {
            "X": 0.38252314925193787,
            "Y": 0.4686530530452728
          },
          {
            "X": 0.36306074261665344,
            "Y": 0.46863558888435364
          }
        ]
      },
      "Id": "4b473ad6-678a-4ac2-93b0-a9c91457ebac",
      "Page": 1
    },
    {
      "BlockType": "WORD",
      "Confidence": 99.69881439208984,
      "Text": "17",
      "TextType": "PRINTED",
      "Geometry": {
        "BoundingBox": {
          "Width": 0.00938556157052517,
          "Height": 0.019059689715504646,
          "Left": 0.5888042449951172,
          "Top": 0.44952255487442017
        },
        "Polygon": [
          {
            "X": 0.5891858339309692,
            "Y": 0.44952255487442017
          },
          {
            "X": 0.5981898307800293,
            "Y": 0.44953083992004395
          },
          {
            "X": 0.5978110432624817,
            "Y": 0.46858224272727966
          },
          {
            "X": 0.5888042449951172,
            "Y": 0.4685741662979126
          }
        ]
      },
      "Id": "1ae00cab-4179-4eae-97c5-f28eb9359e56",
      "Page": 1
    },
    {
      "BlockType": "WORD",
      "Confidence": 99.8496322631836,
      "Text": "171",
      "TextType": "PRINTED",
      "Geometry": {
        "BoundingBox": {
          "Width": 0.013871307484805584,
          "Height": 0.019374653697013855,
          "Left": 0.8210833072662354,
          "Top": 0.44947904348373413
        },
        "Polygon": [
          {
            "X": 0.8213990926742554,
            "Y": 0.44947904348373413
          },
          {
            "X": 0.8349546194076538,
            "Y": 0.4494915306568146
          },
          {
            "X": 0.8346430659294128,
            "Y": 0.4688537120819092
          },
          {
            "X": 0.8210833072662354,
            "Y": 0.468841552734375
          }
        ]
      },
      "Id": "5f737ccf-2fd4-477f-aae3-43dd207a8b70",
      "Page": 1
    },
    {
      "BlockType": "WORD",
      "Confidence": 87.06315612792969,
      "Text": "1%-Graphenit-ox-Epoxy",
      "TextType": "PRINTED",
      "Geometry": {
        "BoundingBox": {
          "Width": 0.093961700797081,
          "Height": 0.025309935212135315,
          "Left": 0.18939059972763062,
          "Top": 0.47915568947792053
        },
        "Polygon": [
          {
            "X": 0.19005686044692993,
            "Y": 0.47915568947792053
          },
          {
            "X": 0.2833523154258728,
            "Y": 0.47923824191093445
          },
          {
            "X": 0.2827238142490387,
            "Y": 0.504465639591217
          },
          {
            "X": 0.18939059972763062,
            "Y": 0.504385769367218
          }
        ]
      },
      "Id": "8564d46a-1d9b-4bc5-b8e3-7a1548669b4c",
      "Page": 1
    },
    {
      "BlockType": "WORD",
      "Confidence": 99.9803466796875,
      "Text": "2148",
      "TextType": "PRINTED",
      "Geometry": {
        "BoundingBox": {
          "Width": 0.02018612064421177,
          "Height": 0.019395139068365097,
          "Left": 0.36303219199180603,
          "Top": 0.47962233424186707
        },
        "Polygon": [
          {
            "X": 0.36349010467529297,
            "Y": 0.47962233424186707
          },
          {
            "X": 0.38321831822395325,
            "Y": 0.47963979840278625
          },
          {
            "X": 0.3827665150165558,
            "Y": 0.49901747703552246
          },
          {
            "X": 0.36303219199180603,
            "Y": 0.4990004599094391
          }
        ]
      },
      "Id": "259874d8-f4d1-4ea9-aadf-216bf242ed59",
      "Page": 1
    },
    {
      "BlockType": "WORD",
      "Confidence": 99.92523956298828,
      "Text": "24",
      "TextType": "PRINTED",
      "Geometry": {
        "BoundingBox": {
          "Width": 0.010404611006379128,
          "Height": 0.019111650064587593,
          "Left": 0.5881418585777283,
          "Top": 0.4798988699913025
        },
        "Polygon": [
          {
            "X": 0.5885244607925415,
            "Y": 0.4798988699913025
          },
          {
            "X": 0.5985465049743652,
            "Y": 0.47990772128105164
          },
          {
            "X": 0.5981669425964355,
            "Y": 0.49901053309440613
          },
          {
            "X": 0.5881418585777283,
            "Y": 0.4990018606185913
          }
        ]
      },
      "Id": "153e36c9-4e71-4d18-8812-66c8009d1045",
      "Page": 1
    },
    {
      "BlockType": "WORD",
      "Confidence": 99.94501495361328,
      "Text": "170",
      "TextType": "PRINTED",
      "Geometry": {
        "BoundingBox": {
          "Width": 0.014407578855752945,
          "Height": 0.019516227766871452,
          "Left": 0.8212633728981018,
          "Top": 0.4797048568725586
        },
        "Polygon": [
          {
            "X": 0.821581244468689,
            "Y": 0.4797048568725586
          },
          {
            "X": 0.8356709480285645,
            "Y": 0.47971731424331665
          },
          {
            "X": 0.8353574872016907,
            "Y": 0.4992210865020752
          },
          {
            "X": 0.8212633728981018,
            "Y": 0.499208927154541
          }
        ]
      },
      "Id": "54a43af9-6fc7-4906-9894-332395c1be28",
      "Page": 1
    },
    {
      "BlockType": "WORD",
      "Confidence": 83.1230239868164,
      "Text": "3%-Graphenit-ox-Epoxy",
      "TextType": "PRINTED",
      "Geometry": {
        "BoundingBox": {
          "Width": 0.0949200838804245,
          "Height": 0.025502562522888184,
          "Left": 0.18877796828746796,
          "Top": 0.5102998614311218
        },
        "Polygon": [
          {
            "X": 0.189449280500412,
            "Y": 0.5102998614311218
          },
          {
            "X": 0.28369805216789246,
            "Y": 0.5103798508644104
          },
          {
            "X": 0.28306514024734497,
            "Y": 0.53580242395401
          },
          {
            "X": 0.18877796828746796,
            "Y": 0.5357251167297363
          }
        ]
      },
      "Id": "606c5375-e181-4717-ba40-0a8a253c5387",
      "Page": 1
    },
    {
      "BlockType": "WORD",
      "Confidence": 99.98123931884766,
      "Text": "2254",
      "TextType": "PRINTED",
      "Geometry": {
        "BoundingBox": {
          "Width": 0.020452143624424934,
          "Height": 0.01971445418894291,
          "Left": 0.3630039393901825,
          "Top": 0.510852575302124
        },
        "Polygon": [
          {
            "X": 0.3634691834449768,
            "Y": 0.510852575302124
          },
          {
            "X": 0.3834560811519623,
            "Y": 0.5108695030212402
          },
          {
            "X": 0.38299715518951416,
            "Y": 0.5305669903755188
          },
          {
            "X": 0.3630039393901825,
            "Y": 0.530550479888916
          }
        ]
      },
      "Id": "36cd98b3-9068-4292-b5ed-c107609e1dcd",
      "Page": 1
    },
    {
      "BlockType": "WORD",
      "Confidence": 99.84848022460938,
      "Text": "27",
      "TextType": "PRINTED",
      "Geometry": {
        "BoundingBox": {
          "Width": 0.010078183375298977,
          "Height": 0.01919224113225937,
          "Left": 0.5880540013313293,
          "Top": 0.5111054182052612
        },
        "Polygon": [
          {
            "X": 0.588438093662262,
            "Y": 0.5111054182052612
          },
          {
            "X": 0.5981321930885315,
            "Y": 0.5111136436462402
          },
          {
            "X": 0.5977511405944824,
            "Y": 0.5302976369857788
          },
          {
            "X": 0.5880540013313293,
            "Y": 0.5302896499633789
          }
        ]
      },
      "Id": "8dcbc7b1-2949-402e-89cb-05b97425bb68",
      "Page": 1
    },
    {
      "BlockType": "WORD",
      "Confidence": 99.91024780273438,
      "Text": "168",
      "TextType": "PRINTED",
      "Geometry": {
        "BoundingBox": {
          "Width": 0.014288344420492649,
          "Height": 0.019596857950091362,
          "Left": 0.8212712407112122,
          "Top": 0.5106954574584961
        },
        "Polygon": [
          {
            "X": 0.82159024477005,
            "Y": 0.5106954574584961
          },
          {
            "X": 0.835559606552124,
            "Y": 0.5107073187828064
          },
          {
            "X": 0.8352449536323547,
            "Y": 0.5302923321723938
          },
          {
            "X": 0.8212712407112122,
            "Y": 0.5302807688713074
          }
        ]
      },
      "Id": "45488543-7c76-418d-bd95-68d58c502f04",
      "Page": 1
    },
    {
      "BlockType": "WORD",
      "Confidence": 85.611572265625,
      "Text": "1%-Graphenit-Cu-Epoxy",
      "TextType": "PRINTED",
      "Geometry": {
        "BoundingBox": {
          "Width": 0.09523852169513702,
          "Height": 0.026213759556412697,
          "Left": 0.18924061954021454,
          "Top": 0.5420823693275452
        },
        "Polygon": [
          {
            "X": 0.189930260181427,
            "Y": 0.5420823693275452
          },
          {
            "X": 0.28447914123535156,
            "Y": 0.5421591997146606
          },
          {
            "X": 0.28382912278175354,
            "Y": 0.5682961344718933
          },
          {
            "X": 0.18924061954021454,
            "Y": 0.568222165107727
          }
        ]
      },
      "Id": "a7b46a59-e805-4f72-9879-868de8bfb529",
      "Page": 1
    },
    {
      "BlockType": "WORD",
      "Confidence": 99.97233581542969,
      "Text": "2280",
      "TextType": "PRINTED",
      "Geometry": {
        "BoundingBox": {
          "Width": 0.020204732194542885,
          "Height": 0.019414646551012993,
          "Left": 0.3630337715148926,
          "Top": 0.5424036979675293
        },
        "Polygon": [
          {
            "X": 0.3634917140007019,
            "Y": 0.5424036979675293
          },
          {
            "X": 0.3832384943962097,
            "Y": 0.5424197316169739
          },
          {
            "X": 0.38278669118881226,
            "Y": 0.5618183612823486
          },
          {
            "X": 0.3630337715148926,
            "Y": 0.5618027448654175
          }
        ]
      },
      "Id": "1ee4d197-9984-4ffc-9e6f-26371505c0f5",
      "Page": 1
    },
    {
      "BlockType": "WORD",
      "Confidence": 99.94640350341797,
      "Text": "25",
      "TextType": "PRINTED",
      "Geometry": {
        "BoundingBox": {
          "Width": 0.010004518553614616,
          "Height": 0.01939290761947632,
          "Left": 0.5880818963050842,
          "Top": 0.5426919460296631
        },
        "Polygon": [
          {
            "X": 0.5884698033332825,
            "Y": 0.5426919460296631
          },
          {
            "X": 0.598086416721344,
            "Y": 0.5426997542381287
          },
          {
            "X": 0.5977015495300293,
            "Y": 0.5620848536491394
          },
          {
            "X": 0.5880818963050842,
            "Y": 0.5620772838592529
          }
        ]
      },
      "Id": "4065f4be-cc3d-4fca-8f35-4ac1791e8f93",
      "Page": 1
    },
    {
      "BlockType": "WORD",
      "Confidence": 99.82620239257812,
      "Text": "176",
      "TextType": "PRINTED",
      "Geometry": {
        "BoundingBox": {
          "Width": 0.014483364298939705,
          "Height": 0.01944630779325962,
          "Left": 0.8213059902191162,
          "Top": 0.542474627494812
        },
        "Polygon": [
          {
            "X": 0.821622371673584,
            "Y": 0.542474627494812
          },
          {
            "X": 0.8357893228530884,
            "Y": 0.5424861907958984
          },
          {
            "X": 0.835477352142334,
            "Y": 0.5619209408760071
          },
          {
            "X": 0.8213059902191162,
            "Y": 0.5619097352027893
          }
        ]
      },
      "Id": "ddc20ca5-fe1b-46ce-b75a-c9c1287f3faa",
      "Page": 1
    },
    {
      "BlockType": "WORD",
      "Confidence": 86.12239837646484,
      "Text": "3%-Graphenit-Cu-Epoxy",
      "TextType": "PRINTED",
      "Geometry": {
        "BoundingBox": {
          "Width": 0.0953320860862732,
          "Height": 0.02572811022400856,
          "Left": 0.1887701451778412,
          "Top": 0.5732181668281555
        },
        "Polygon": [
          {
            "X": 0.18944691121578217,
            "Y": 0.5732181668281555
          },
          {
            "X": 0.2841022312641144,
            "Y": 0.5732916593551636
          },
          {
            "X": 0.28346434235572815,
            "Y": 0.5989462733268738
          },
          {
            "X": 0.1887701451778412,
            "Y": 0.5988755226135254
          }
        ]
      },
      "Id": "61696971-9e8d-4967-bbac-1bce0cc74c29",
      "Page": 1
    },
    {
      "BlockType": "WORD",
      "Confidence": 99.88809967041016,
      "Text": "2223",
      "TextType": "PRINTED",
      "Geometry": {
        "BoundingBox": {
          "Width": 0.019858229905366898,
          "Height": 0.019109513610601425,
          "Left": 0.3630662262439728,
          "Top": 0.5739632844924927
        },
        "Polygon": [
          {
            "X": 0.36351674795150757,
            "Y": 0.5739632844924927
          },
          {
            "X": 0.3829244375228882,
            "Y": 0.5739783048629761
          },
          {
            "X": 0.38247984647750854,
            "Y": 0.593072772026062
          },
          {
            "X": 0.3630662262439728,
            "Y": 0.593058168888092
          }
        ]
      },
      "Id": "13fbff69-79a9-485a-aa5c-fc0574e8f7a2",
      "Page": 1
    },
    {
      "BlockType": "WORD",
      "Confidence": 99.90174102783203,
      "Text": "28",
      "TextType": "PRINTED",
      "Geometry": {
        "BoundingBox": {
          "Width": 0.01012574415653944,
          "Height": 0.01949451118707657,
          "Left": 0.5881001353263855,
          "Top": 0.5739226937294006
        },
        "Polygon": [
          {
            "X": 0.5884898900985718,
            "Y": 0.5739226937294006
          },
          {
            "X": 0.5982258915901184,
            "Y": 0.5739302635192871
          },
          {
            "X": 0.5978392362594604,
            "Y": 0.593417227268219
          },
          {
            "X": 0.5881001353263855,
            "Y": 0.5934098958969116
          }
        ]
      },
      "Id": "0ae9db7d-efc0-4576-824f-291c0f3d6173",
      "Page": 1
    },
    {
      "BlockType": "WORD",
      "Confidence": 99.8051528930664,
      "Text": "176",
      "TextType": "PRINTED",
      "Geometry": {
        "BoundingBox": {
          "Width": 0.014113737270236015,
          "Height": 0.019528934732079506,
          "Left": 0.8214748501777649,
          "Top": 0.573711097240448
        },
        "Polygon": [
          {
            "X": 0.8217924237251282,
            "Y": 0.573711097240448
          },
          {
            "X": 0.8355885744094849,
            "Y": 0.5737218260765076
          },
          {
            "X": 0.8352753520011902,
            "Y": 0.5932400226593018
          },
          {
            "X": 0.8214748501777649,
            "Y": 0.5932295918464661
          }
        ]
      },
      "Id": "6ff3a77f-7bbd-4621-b31d-588d1b0582e7",
      "Page": 1
    },
    {
      "BlockType": "TABLE",
      "Confidence": 99.853515625,
      "Geometry": {
        "BoundingBox": {
          "Width": 0.7243102788925171,
          "Height": 0.21673142910003662,
          "Left": 0.13746893405914307,
          "Top": 0.3907170295715332
        },
        "Polygon": [
          {
            "X": 0.1433480829000473,
            "Y": 0.3907170295715332
          },
          {
            "X": 0.8617792129516602,
            "Y": 0.3914257884025574
          },
          {
            "X": 0.8583927750587463,
            "Y": 0.6074484586715698
          },
          {
            "X": 0.13746893405914307,
            "Y": 0.606916606426239
          }
        ]
      },
      "Id": "219f1e7c-2ca0-4e7d-abba-17e5a9031c17",
      "Relationships": [
        {
          "Type": "CHILD",
          "Ids": [
            "7ee2e7a4-dece-46e7-85b2-a68dc271f899",
            "7857942c-66f8-4461-8458-02c01fc21545",
            "1f0fdfcc-7647-4669-a24a-2de7933b0b4f",
            "ca7d367b-f14c-4cab-a749-c248f07d128c",
            "af600c53-a864-42a4-8bd4-14382bf893b1",
            "4c99bed0-5667-4a37-b811-14b5c1c7b602",
            "36fe56a1-f5ab-43b6-8f38-b0955d3c1fbf",
            "94bed233-78f5-4387-9336-908be2b31e65",
            "cc9ab05e-fb91-4afd-8d05-7680c7e8bc7a",
            "9a2a793b-27ed-4b50-a128-f8fc5de4f357",
            "074feea2-13eb-4055-af54-bbe1edfc539d",
            "af082bbf-a64c-439d-a6b5-690a13db14b2",
            "e5f921d8-7619-4a7c-9a73-da931f656aa8",
            "25f37a12-3bb3-4fb4-bfdf-a131037aca74",
            "65bc3233-1e9d-4f96-8d0c-caa737b91369",
            "9b3c6387-4cdd-4395-9156-c4830e1391fc",
            "768867e8-d2cc-4788-8947-45cf2b69a2f3",
            "93d8b0ef-6706-4f2c-a34f-a287977dae3c",
            "f760b0ca-1236-4a53-8fc6-84bf25dbcb1a",
            "ce6cc4d7-cddb-4335-94d3-90f339de8fd4",
            "e016da30-4973-4db0-a940-264a70954a20",
            "23c0c298-e03f-4d98-bf22-305f6830fd4d",
            "a9be79ea-1da5-4cd0-9aa9-f888f3ce93bc",
            "036f7220-aeb8-4e84-809f-0f53cc15dd9b"
          ]
        }
      ],
      "EntityTypes": [
        "STRUCTURED_TABLE"
      ],
      "Page": 1
    },
    {
      "BlockType": "CELL",
      "Confidence": 86.767578125,
      "RowIndex": 1,
      "ColumnIndex": 1,
      "RowSpan": 1,
      "ColumnSpan": 1,
      "Geometry": {
        "BoundingBox": {
          "Width": 0.18182729184627533,
          "Height": 0.04478560760617256,
          "Left": 0.14213481545448303,
          "Top": 0.3907170295715332
        },
        "Polygon": [
          {
            "X": 0.1433480829000473,
            "Y": 0.3907170295715332
          },
          {
            "X": 0.32396212220191956,
            "Y": 0.39089521765708923
          },
          {
            "X": 0.32287824153900146,
            "Y": 0.43550264835357666
          },
          {
            "X": 0.14213481545448303,
            "Y": 0.43533360958099365
          }
        ]
      },
      "Id": "7ee2e7a4-dece-46e7-85b2-a68dc271f899",
      "Relationships": [
        {
          "Type": "CHILD",
          "Ids": [
            "e96132c8-3e4a-4506-9207-433ccbf9b7e7"
          ]
        }
      ],
      "EntityTypes": [
        "COLUMN_HEADER"
      ],
      "Page": 1
    },
    {
      "BlockType": "CELL",
      "Confidence": 87.109375,
      "RowIndex": 1,
      "ColumnIndex": 2,
      "RowSpan": 1,
      "ColumnSpan": 1,
      "Geometry": {
        "BoundingBox": {
          "Width": 0.22848473489284515,
          "Height": 0.044820237904787064,
          "Left": 0.32287824153900146,
          "Top": 0.39089521765708923
        },
        "Polygon": [
          {
            "X": 0.32396212220191956,
            "Y": 0.39089521765708923
          },
          {
            "X": 0.5513629913330078,
            "Y": 0.3911195695400238
          },
          {
            "X": 0.5504419803619385,
            "Y": 0.4357154667377472
          },
          {
            "X": 0.32287824153900146,
            "Y": 0.43550264835357666
          }
        ]
      },
      "Id": "7857942c-66f8-4461-8458-02c01fc21545",
      "Relationships": [
        {
          "Type": "CHILD",
          "Ids": [
            "9ca56481-ec84-4d6a-813d-92b00705fcac",
            "b68e491d-cfe2-4d03-bac5-059a311d38ea",
            "d0145ba8-c2a8-4d21-9636-0547b0de9bed",
            "0367f37a-bc7d-484a-ac1e-afdc8f864dec",
            "2c691c22-f718-4887-85a6-32adaa09b85e",
            "0bc4aa72-fdb4-4230-a1fe-8ba8db13abfb"
          ]
        }
      ],
      "EntityTypes": [
        "COLUMN_HEADER"
      ],
      "Page": 1
    },
    {
      "BlockType": "CELL",
      "Confidence": 86.1328125,
      "RowIndex": 1,
      "ColumnIndex": 3,
      "RowSpan": 1,
      "ColumnSpan": 1,
      "Geometry": {
        "BoundingBox": {
          "Width": 0.2512471377849579,
          "Height": 0.04483016952872276,
          "Left": 0.5504419803619385,
          "Top": 0.3911195695400238
        },
        "Polygon": [
          {
            "X": 0.5513629913330078,
            "Y": 0.3911195695400238
          },
          {
            "X": 0.801689088344574,
            "Y": 0.39136651158332825
          },
          {
            "X": 0.8009472489356995,
            "Y": 0.43594974279403687
          },
          {
            "X": 0.5504419803619385,
            "Y": 0.4357154667377472
          }
        ]
      },
      "Id": "1f0fdfcc-7647-4669-a24a-2de7933b0b4f",
      "Relationships": [
        {
          "Type": "CHILD",
          "Ids": [
            "963e863e-9f05-499b-9070-1553506f31a4",
            "d72f919a-0e75-46ae-9f03-148fa0f9f2a2",
            "2e4c5cf5-bee7-4b5f-bcb9-36aca316a0e2",
            "5cbcac3d-e275-44fd-a2c4-470bb4a3001f",
            "2b8795db-4892-4026-b735-94cbdd972b49",
            "e498aca4-6c93-4293-a5c7-c754143b3e95",
            "d0f137fe-c1fe-4c34-9d6c-61df6de94663"
          ]
        }
      ],
      "EntityTypes": [
        "COLUMN_HEADER"
      ],
      "Page": 1
    },
    {
      "BlockType": "CELL",
      "Confidence": 53.515625,
      "RowIndex": 1,
      "ColumnIndex": 4,
      "RowSpan": 1,
      "ColumnSpan": 1,
      "Geometry": {
        "BoundingBox": {
          "Width": 0.06083197519183159,
          "Height": 0.04463944956660271,
          "Left": 0.8009472489356995,
          "Top": 0.39136651158332825
        },
        "Polygon": [
          {
            "X": 0.801689088344574,
            "Y": 0.39136651158332825
          },
          {
            "X": 0.8617792129516602,
            "Y": 0.3914257884025574
          },
          {
            "X": 0.8610803484916687,
            "Y": 0.43600597977638245
          },
          {
            "X": 0.8009472489356995,
            "Y": 0.43594974279403687
          }
        ]
      },
      "Id": "ca7d367b-f14c-4cab-a749-c248f07d128c",
      "Relationships": [
        {
          "Type": "CHILD",
          "Ids": [
            "fc584be3-c835-4755-b4d4-c6bd6112bdf6",
            "982b03f1-be4c-41ce-b95f-9d6380f5ac5d"
          ]
        }
      ],
      "EntityTypes": [
        "COLUMN_HEADER"
      ],
      "Page": 1
    },
    {
      "BlockType": "CELL",
      "Confidence": 85.498046875,
      "RowIndex": 2,
      "ColumnIndex": 1,
      "RowSpan": 1,
      "ColumnSpan": 1,
      "Geometry": {
        "BoundingBox": {
          "Width": 0.18180832266807556,
          "Height": 0.03932121396064758,
          "Left": 0.1410699337720871,
          "Top": 0.43533360958099365
        },
        "Polygon": [
          {
            "X": 0.14213481545448303,
            "Y": 0.43533360958099365
          },
          {
            "X": 0.32287824153900146,
            "Y": 0.43550264835357666
          },
          {
            "X": 0.32192695140838623,
            "Y": 0.47465482354164124
          },
          {
            "X": 0.1410699337720871,
            "Y": 0.4744938313961029
          }
        ]
      },
      "Id": "af600c53-a864-42a4-8bd4-14382bf893b1",
      "Relationships": [
        {
          "Type": "CHILD",
          "Ids": [
            "bb1d7f32-4315-4db4-9ef4-4dfaeb1bfb1b"
          ]
        }
      ],
      "Page": 1
    },
    {
      "BlockType": "CELL",
      "Confidence": 85.791015625,
      "RowIndex": 2,
      "ColumnIndex": 2,
      "RowSpan": 1,
      "ColumnSpan": 1,
      "Geometry": {
        "BoundingBox": {
          "Width": 0.22851502895355225,
          "Height": 0.03935486823320389,
          "Left": 0.32192695140838623,
          "Top": 0.43550264835357666
        },
        "Polygon": [
          {
            "X": 0.32287824153900146,
            "Y": 0.43550264835357666
          },
          {
            "X": 0.5504419803619385,
            "Y": 0.4357154667377472
          },
          {
            "X": 0.5496336221694946,
            "Y": 0.47485750913619995
          },
          {
            "X": 0.32192695140838623,
            "Y": 0.47465482354164124
          }
        ]
      },
      "Id": "4c99bed0-5667-4a37-b811-14b5c1c7b602",
      "Relationships": [
        {
          "Type": "CHILD",
          "Ids": [
            "4b473ad6-678a-4ac2-93b0-a9c91457ebac"
          ]
        }
      ],
      "Page": 1
    },
    {
      "BlockType": "CELL",
      "Confidence": 84.86328125,
      "RowIndex": 2,
      "ColumnIndex": 3,
      "RowSpan": 1,
      "ColumnSpan": 1,
      "Geometry": {
        "BoundingBox": {
          "Width": 0.2513136565685272,
          "Height": 0.03936517611145973,
          "Left": 0.5496336221694946,
          "Top": 0.4357154667377472
        },
        "Polygon": [
          {
            "X": 0.5504419803619385,
            "Y": 0.4357154667377472
          },
          {
            "X": 0.8009472489356995,
            "Y": 0.43594974279403687
          },
          {
            "X": 0.8002961277961731,
            "Y": 0.4750806391239166
          },
          {
            "X": 0.5496336221694946,
            "Y": 0.47485750913619995
          }
        ]
      },
      "Id": "36fe56a1-f5ab-43b6-8f38-b0955d3c1fbf",
      "Relationships": [
        {
          "Type": "CHILD",
          "Ids": [
            "1ae00cab-4179-4eae-97c5-f28eb9359e56"
          ]
        }
      ],
      "Page": 1
    },
    {
      "BlockType": "CELL",
      "Confidence": 52.734375,
      "RowIndex": 2,
      "ColumnIndex": 4,
      "RowSpan": 1,
      "ColumnSpan": 1,
      "Geometry": {
        "BoundingBox": {
          "Width": 0.060784243047237396,
          "Height": 0.03918446600437164,
          "Left": 0.8002961277961731,
          "Top": 0.43594974279403687
        },
        "Polygon": [
          {
            "X": 0.8009472489356995,
            "Y": 0.43594974279403687
          },
          {
            "X": 0.8610803484916687,
            "Y": 0.43600597977638245
          },
          {
            "X": 0.8604670166969299,
            "Y": 0.4751341938972473
          },
          {
            "X": 0.8002961277961731,
            "Y": 0.4750806391239166
          }
        ]
      },
      "Id": "94bed233-78f5-4387-9336-908be2b31e65",
      "Relationships": [
        {
          "Type": "CHILD",
          "Ids": [
            "5f737ccf-2fd4-477f-aae3-43dd207a8b70"
          ]
        }
      ],
      "Page": 1
    },
    {
      "BlockType": "CELL",
      "Confidence": 84.619140625,
      "RowIndex": 3,
      "ColumnIndex": 1,
      "RowSpan": 1,
      "ColumnSpan": 1,
      "Geometry": {
        "BoundingBox": {
          "Width": 0.181709885597229,
          "Height": 0.031518109142780304,
          "Left": 0.14021705090999603,
          "Top": 0.4744938313961029
        },
        "Polygon": [
          {
            "X": 0.1410699337720871,
            "Y": 0.4744938313961029
          },
          {
            "X": 0.32192695140838623,
            "Y": 0.47465482354164124
          },
          {
            "X": 0.3211650252342224,
            "Y": 0.506011962890625
          },
          {
            "X": 0.14021705090999603,
            "Y": 0.5058574080467224
          }
        ]
      },
      "Id": "cc9ab05e-fb91-4afd-8d05-7680c7e8bc7a",
      "Relationships": [
        {
          "Type": "CHILD",
          "Ids": [
            "8564d46a-1d9b-4bc5-b8e3-7a1548669b4c"
          ]
        }
      ],
      "Page": 1
    },
    {
      "BlockType": "CELL",
      "Confidence": 84.912109375,
      "RowIndex": 3,
      "ColumnIndex": 2,
      "RowSpan": 1,
      "ColumnSpan": 1,
      "Geometry": {
        "BoundingBox": {
          "Width": 0.22846855223178864,
          "Height": 0.03155168890953064,
          "Left": 0.3211650252342224,
          "Top": 0.47465482354164124
        },
        "Polygon": [
          {
            "X": 0.32192695140838623,
            "Y": 0.47465482354164124
          },
          {
            "X": 0.5496336221694946,
            "Y": 0.47485750913619995
          },
          {
            "X": 0.5489861369132996,
            "Y": 0.5062065124511719
          },
          {
            "X": 0.3211650252342224,
            "Y": 0.506011962890625
          }
        ]
      },
      "Id": "9a2a793b-27ed-4b50-a128-f8fc5de4f357",
      "Relationships": [
        {
          "Type": "CHILD",
          "Ids": [
            "259874d8-f4d1-4ea9-aadf-216bf242ed59"
          ]
        }
      ],
      "Page": 1
    },
    {
      "BlockType": "CELL",
      "Confidence": 84.033203125,
      "RowIndex": 3,
      "ColumnIndex": 3,
      "RowSpan": 1,
      "ColumnSpan": 1,
      "Geometry": {
        "BoundingBox": {
          "Width": 0.25130996108055115,
          "Height": 0.031563181430101395,
          "Left": 0.5489861369132996,
          "Top": 0.47485750913619995
        },
        "Polygon": [
          {
            "X": 0.5496336221694946,
            "Y": 0.47485750913619995
          },
          {
            "X": 0.8002961277961731,
            "Y": 0.4750806391239166
          },
          {
            "X": 0.7997746467590332,
            "Y": 0.5064206719398499
          },
          {
            "X": 0.5489861369132996,
            "Y": 0.5062065124511719
          }
        ]
      },
      "Id": "074feea2-13eb-4055-af54-bbe1edfc539d",
      "Relationships": [
        {
          "Type": "CHILD",
          "Ids": [
            "153e36c9-4e71-4d18-8812-66c8009d1045"
          ]
        }
      ],
      "Page": 1
    },
    {
      "BlockType": "CELL",
      "Confidence": 52.197265625,
      "RowIndex": 3,
      "ColumnIndex": 4,
      "RowSpan": 1,
      "ColumnSpan": 1,
      "Geometry": {
        "BoundingBox": {
          "Width": 0.06069234386086464,
          "Height": 0.03139147534966469,
          "Left": 0.7997746467590332,
          "Top": 0.4750806391239166
        },
        "Polygon": [
          {
            "X": 0.8002961277961731,
            "Y": 0.4750806391239166
          },
          {
            "X": 0.8604670166969299,
            "Y": 0.4751341938972473
          },
          {
            "X": 0.8599757552146912,
            "Y": 0.506472110748291
          },
          {
            "X": 0.7997746467590332,
            "Y": 0.5064206719398499
          }
        ]
      },
      "Id": "af082bbf-a64c-439d-a6b5-690a13db14b2",
      "Relationships": [
        {
          "Type": "CHILD",
          "Ids": [
            "54a43af9-6fc7-4906-9894-332395c1be28"
          ]
        }
      ],
      "Page": 1
    },
    {
      "BlockType": "CELL",
      "Confidence": 83.984375,
      "RowIndex": 4,
      "ColumnIndex": 1,
      "RowSpan": 1,
      "ColumnSpan": 1,
      "Geometry": {
        "BoundingBox": {
          "Width": 0.1818017065525055,
          "Height": 0.03154315426945686,
          "Left": 0.13936331868171692,
          "Top": 0.5058574080467224
        },
        "Polygon": [
          {
            "X": 0.14021705090999603,
            "Y": 0.5058574080467224
          },
          {
            "X": 0.3211650252342224,
            "Y": 0.506011962890625
          },
          {
            "X": 0.3204023540019989,
            "Y": 0.5374006032943726
          },
          {
            "X": 0.13936331868171692,
            "Y": 0.5372524857521057
          }
        ]
      },
      "Id": "e5f921d8-7619-4a7c-9a73-da931f656aa8",
      "Relationships": [
        {
          "Type": "CHILD",
          "Ids": [
            "606c5375-e181-4717-ba40-0a8a253c5387"
          ]
        }
      ],
      "Page": 1
    },
    {
      "BlockType": "CELL",
      "Confidence": 84.27734375,
      "RowIndex": 4,
      "ColumnIndex": 2,
      "RowSpan": 1,
      "ColumnSpan": 1,
      "Geometry": {
        "BoundingBox": {
          "Width": 0.22858379781246185,
          "Height": 0.031575050204992294,
          "Left": 0.3204023540019989,
          "Top": 0.506011962890625
        },
        "Polygon": [
          {
            "X": 0.3211650252342224,
            "Y": 0.506011962890625
          },
          {
            "X": 0.5489861369132996,
            "Y": 0.5062065124511719
          },
          {
            "X": 0.5483380556106567,
            "Y": 0.5375869870185852
          },
          {
            "X": 0.3204023540019989,
            "Y": 0.5374006032943726
          }
        ]
      },
      "Id": "25f37a12-3bb3-4fb4-bfdf-a131037aca74",
      "Relationships": [
        {
          "Type": "CHILD",
          "Ids": [
            "36cd98b3-9068-4292-b5ed-c107609e1dcd"
          ]
        }
      ],
      "Page": 1
    },
    {
      "BlockType": "CELL",
      "Confidence": 83.349609375,
      "RowIndex": 4,
      "ColumnIndex": 3,
      "RowSpan": 1,
      "ColumnSpan": 1,
      "Geometry": {
        "BoundingBox": {
          "Width": 0.2514365613460541,
          "Height": 0.031585708260536194,
          "Left": 0.5483380556106567,
          "Top": 0.5062065124511719
        },
        "Polygon": [
          {
            "X": 0.5489861369132996,
            "Y": 0.5062065124511719
          },
          {
            "X": 0.7997746467590332,
            "Y": 0.5064206719398499
          },
          {
            "X": 0.7992526292800903,
            "Y": 0.5377922058105469
          },
          {
            "X": 0.5483380556106567,
            "Y": 0.5375869870185852
          }
        ]
      },
      "Id": "65bc3233-1e9d-4f96-8d0c-caa737b91369",
      "Relationships": [
        {
          "Type": "CHILD",
          "Ids": [
            "8dcbc7b1-2949-402e-89cb-05b97425bb68"
          ]
        }
      ],
      "Page": 1
    },
    {
      "BlockType": "CELL",
      "Confidence": 51.806640625,
      "RowIndex": 4,
      "ColumnIndex": 4,
      "RowSpan": 1,
      "ColumnSpan": 1,
      "Geometry": {
        "BoundingBox": {
          "Width": 0.060723088681697845,
          "Height": 0.031420789659023285,
          "Left": 0.7992526292800903,
          "Top": 0.5064206719398499
        },
        "Polygon": [
          {
            "X": 0.7997746467590332,
            "Y": 0.5064206719398499
          },
          {
            "X": 0.8599757552146912,
            "Y": 0.506472110748291
          },
          {
            "X": 0.8594839572906494,
            "Y": 0.5378414988517761
          },
          {
            "X": 0.7992526292800903,
            "Y": 0.5377922058105469
          }
        ]
      },
      "Id": "9b3c6387-4cdd-4395-9156-c4830e1391fc",
      "Relationships": [
        {
          "Type": "CHILD",
          "Ids": [
            "45488543-7c76-418d-bd95-68d58c502f04"
          ]
        }
      ],
      "Page": 1
    },
    {
      "BlockType": "CELL",
      "Confidence": 79.638671875,
      "RowIndex": 5,
      "ColumnIndex": 1,
      "RowSpan": 1,
      "ColumnSpan": 1,
      "Geometry": {
        "BoundingBox": {
          "Width": 0.18189363181591034,
          "Height": 0.03156823664903641,
          "Left": 0.13850873708724976,
          "Top": 0.5372524857521057
        },
        "Polygon": [
          {
            "X": 0.13936331868171692,
            "Y": 0.5372524857521057
          },
          {
            "X": 0.3204023540019989,
            "Y": 0.5374006032943726
          },
          {
            "X": 0.3196389377117157,
            "Y": 0.5688207149505615
          },
          {
            "X": 0.13850873708724976,
            "Y": 0.56867915391922
          }
        ]
      },
      "Id": "768867e8-d2cc-4788-8947-45cf2b69a2f3",
      "Relationships": [
        {
          "Type": "CHILD",
          "Ids": [
            "a7b46a59-e805-4f72-9879-868de8bfb529"
          ]
        }
      ],
      "Page": 1
    },
    {
      "BlockType": "CELL",
      "Confidence": 79.8828125,
      "RowIndex": 5,
      "ColumnIndex": 2,
      "RowSpan": 1,
      "ColumnSpan": 1,
      "Geometry": {
        "BoundingBox": {
          "Width": 0.22869916260242462,
          "Height": 0.03159844130277634,
          "Left": 0.3196389377117157,
          "Top": 0.5374006032943726
        },
        "Polygon": [
          {
            "X": 0.3204023540019989,
            "Y": 0.5374006032943726
          },
          {
            "X": 0.5483380556106567,
            "Y": 0.5375869870185852
          },
          {
            "X": 0.5476893782615662,
            "Y": 0.5689989924430847
          },
          {
            "X": 0.3196389377117157,
            "Y": 0.5688207149505615
          }
        ]
      },
      "Id": "93d8b0ef-6706-4f2c-a34f-a287977dae3c",
      "Relationships": [
        {
          "Type": "CHILD",
          "Ids": [
            "1ee4d197-9984-4ffc-9e6f-26371505c0f5"
          ]
        }
      ],
      "Page": 1
    },
    {
      "BlockType": "CELL",
      "Confidence": 79.052734375,
      "RowIndex": 5,
      "ColumnIndex": 3,
      "RowSpan": 1,
      "ColumnSpan": 1,
      "Geometry": {
        "BoundingBox": {
          "Width": 0.25156328082084656,
          "Height": 0.031608257442712784,
          "Left": 0.5476893782615662,
          "Top": 0.5375869870185852
        },
        "Polygon": [
          {
            "X": 0.5483380556106567,
            "Y": 0.5375869870185852
          },
          {
            "X": 0.7992526292800903,
            "Y": 0.5377922058105469
          },
          {
            "X": 0.7987301349639893,
            "Y": 0.5691952705383301
          },
          {
            "X": 0.5476893782615662,
            "Y": 0.5689989924430847
          }
        ]
      },
      "Id": "f760b0ca-1236-4a53-8fc6-84bf25dbcb1a",
      "Relationships": [
        {
          "Type": "CHILD",
          "Ids": [
            "4065f4be-cc3d-4fca-8f35-4ac1791e8f93"
          ]
        }
      ],
      "Page": 1
    },
    {
      "BlockType": "CELL",
      "Confidence": 49.0966796875,
      "RowIndex": 5,
      "ColumnIndex": 4,
      "RowSpan": 1,
      "ColumnSpan": 1,
      "Geometry": {
        "BoundingBox": {
          "Width": 0.06075386703014374,
          "Height": 0.031450144946575165,
          "Left": 0.7987301349639893,
          "Top": 0.5377922058105469
        },
        "Polygon": [
          {
            "X": 0.7992526292800903,
            "Y": 0.5377922058105469
          },
          {
            "X": 0.8594839572906494,
            "Y": 0.5378414988517761
          },
          {
            "X": 0.8589917421340942,
            "Y": 0.5692423582077026
          },
          {
            "X": 0.7987301349639893,
            "Y": 0.5691952705383301
          }
        ]
      },
      "Id": "ce6cc4d7-cddb-4335-94d3-90f339de8fd4",
      "Relationships": [
        {
          "Type": "CHILD",
          "Ids": [
            "ddc20ca5-fe1b-46ce-b75a-c9c1287f3faa"
          ]
        }
      ],
      "Page": 1
    },
    {
      "BlockType": "CELL",
      "Confidence": 90.91796875,
      "RowIndex": 6,
      "ColumnIndex": 1,
      "RowSpan": 1,
      "ColumnSpan": 1,
      "Geometry": {
        "BoundingBox": {
          "Width": 0.18216998875141144,
          "Height": 0.03837118670344353,
          "Left": 0.13746893405914307,
          "Top": 0.56867915391922
        },
        "Polygon": [
          {
            "X": 0.13850873708724976,
            "Y": 0.56867915391922
          },
          {
            "X": 0.3196389377117157,
            "Y": 0.5688207149505615
          },
          {
            "X": 0.3187100291252136,
            "Y": 0.607050359249115
          },
          {
            "X": 0.13746893405914307,
            "Y": 0.606916606426239
          }
        ]
      },
      "Id": "e016da30-4973-4db0-a940-264a70954a20",
      "Relationships": [
        {
          "Type": "CHILD",
          "Ids": [
            "61696971-9e8d-4967-bbac-1bce0cc74c29"
          ]
        }
      ],
      "Page": 1
    },
    {
      "BlockType": "CELL",
      "Confidence": 91.259765625,
      "RowIndex": 6,
      "ColumnIndex": 2,
      "RowSpan": 1,
      "ColumnSpan": 1,
      "Geometry": {
        "BoundingBox": {
          "Width": 0.22897931933403015,
          "Height": 0.038397930562496185,
          "Left": 0.3187100291252136,
          "Top": 0.5688207149505615
        },
        "Polygon": [
          {
            "X": 0.3196389377117157,
            "Y": 0.5688207149505615
          },
          {
            "X": 0.5476893782615662,
            "Y": 0.5689989924430847
          },
          {
            "X": 0.5469000339508057,
            "Y": 0.6072186827659607
          },
          {
            "X": 0.3187100291252136,
            "Y": 0.607050359249115
          }
        ]
      },
      "Id": "23c0c298-e03f-4d98-bf22-305f6830fd4d",
      "Relationships": [
        {
          "Type": "CHILD",
          "Ids": [
            "13fbff69-79a9-485a-aa5c-fc0574e8f7a2"
          ]
        }
      ],
      "Page": 1
    },
    {
      "BlockType": "CELL",
      "Confidence": 90.283203125,
      "RowIndex": 6,
      "ColumnIndex": 3,
      "RowSpan": 1,
      "ColumnSpan": 1,
      "Geometry": {
        "BoundingBox": {
          "Width": 0.2518301010131836,
          "Height": 0.03840497136116028,
          "Left": 0.5469000339508057,
          "Top": 0.5689989924430847
        },
        "Polygon": [
          {
            "X": 0.5476893782615662,
            "Y": 0.5689989924430847
          },
          {
            "X": 0.7987301349639893,
            "Y": 0.5691952705383301
          },
          {
            "X": 0.7980943322181702,
            "Y": 0.6074039936065674
          },
          {
            "X": 0.5469000339508057,
            "Y": 0.6072186827659607
          }
        ]
      },
      "Id": "a9be79ea-1da5-4cd0-9aa9-f888f3ce93bc",
      "Relationships": [
        {
          "Type": "CHILD",
          "Ids": [
            "0ae9db7d-efc0-4576-824f-291c0f3d6173"
          ]
        }
      ],
      "Page": 1
    },
    {
      "BlockType": "CELL",
      "Confidence": 56.0546875,
      "RowIndex": 6,
      "ColumnIndex": 4,
      "RowSpan": 1,
      "ColumnSpan": 1,
      "Geometry": {
        "BoundingBox": {
          "Width": 0.06089739128947258,
          "Height": 0.03825320675969124,
          "Left": 0.7980943322181702,
          "Top": 0.5691952705383301
        },
        "Polygon": [
          {
            "X": 0.7987301349639893,
            "Y": 0.5691952705383301
          },
          {
            "X": 0.8589917421340942,
            "Y": 0.5692423582077026
          },
          {
            "X": 0.8583927750587463,
            "Y": 0.6074484586715698
          },
          {
            "X": 0.7980943322181702,
            "Y": 0.6074039936065674
          }
        ]
      },
      "Id": "036f7220-aeb8-4e84-809f-0f53cc15dd9b",
      "Relationships": [
        {
          "Type": "CHILD",
          "Ids": [
            "6ff3a77f-7bbd-4621-b31d-588d1b0582e7"
          ]
        }
      ],
      "Page": 1
    }
  ],
  "AnalyzeDocumentModelVersion": "1.0"
}