{
  "DocumentMetadata": {
    "Pages": 1
  },
  "JobStatus": "SUCCEEDED",
  "Blocks": [
    {
      "BlockType": "PAGE",
      "Geometry": {
        "BoundingBox": {
          "Width": 1,
          "Height": 1,
          "Left": 0,
          "Top": 0
        },
        "Polygon": [
          {
            "X": 0,
            "Y": 0
          },
          {
            "X": 1,
            "Y": 0.000001470595748287451
          },
          {
            "X": 1,
            "Y": 1
          },
          {
            "X": 0.000012852863619627897,
            "Y": 1
          }
        ]
      },
      "Id": "3603e96b-38bc-46e8-8101-17d30034a2b1",
      "Relationships": [
        {
          "Type": "CHILD",
          "Ids": [
            "9273f221-3a62-47bb-b4ae-6d214f7ac87e",
            "6f283c3d-bfae-473b-95f5-a4c0158f97c4",
            "d91ce713-d7b4-4db0-9998-47ec3041761b",
            "fb9b148d-761e-470b-aafe-a4c56839cd0a",
            "a8a799d6-e061-44d0-a25d-29296501a061",
            "45fb92b1-e4fc-4ae6-8467-b07afcab5d19",
            "35ef6805-fde5-41ff-a4c7-8b8a6c9da87a",
            "c17f60a9-4026-4eca-ab74-beb65d561205",
            "dcfa3a02-0528-42a1-9855-820363d73654",
            "4f668278-3d57-49fa-b58f-1d6f1126bfab",
            "0578c2dd-e34f-41f4-b871-6790dc974d41",
            "5fb38ff5-aa40-4ad2-835f-71fad2ab0460",
            "92139007-1edf-468e-9a94-2dedc496c345",
            "233a249c-16b9-403c-b95b-e03330456cef",
            "c2c204f4-e3a6-4e36-a6a7-e271aa307ebb",
            "dfc2dd05-3061-4a57-ae0b-f1636e568c9a",
            "60106068-73d6-4750-a675-0052bca648e3",
            "54776784-2550-40ec-8d3c-92f2dc1844c5",
            "dbb385fc-abf5-4191-a554-e2d727e31462",
            "3a0a288b-37a9-4f73-b79b-c660f276b613",
            "bb4c5fee-63de-4922-bb81-79ea3caf7b01"
          ]
        }
      ],
      "Page": 1
    },
    {
      "BlockType": "LINE",
      "Confidence": 99.8359146118164,
      "Text": "Cured sample",
      "Geometry": {
        "BoundingBox": {
          "Width": 0.059980541467666626,
          "Height": 0.02727949433028698,
          "Left": 0.1825248748064041,
          "Top": 0.43018561601638794
        },
        "Polygon": [
          {
            "X": 0.1825248748064041,
            "Y": 0.43018561601638794
          },
          {
            "X": 0.24223168194293976,
            "Y": 0.43026500940322876
          },
          {
            "X": 0.24250541627407074,
            "Y": 0.45746511220932007
          },
          {
            "X": 0.18277262151241302,
            "Y": 0.4573914110660553
          }
        ]
      },
      "Id": "9273f221-3a62-47bb-b4ae-6d214f7ac87e",
      "Relationships": [
        {
          "Type": "CHILD",
          "Ids": [
            "11b56b0c-822b-427c-a65f-20074947448c",
            "262eefb2-7cb0-40fe-9d73-48e422ea86df"
          ]
        }
      ],
      "Page": 1
    },
    {
      "BlockType": "LINE",
      "Confidence": 99.78069305419922,
      "Text": "Tensile strength (MPa)",
      "Geometry": {
        "BoundingBox": {
          "Width": 0.09968575090169907,
          "Height": 0.026992203667759895,
          "Left": 0.3341386914253235,
          "Top": 0.43031638860702515
        },
        "Polygon": [
          {
            "X": 0.3341386914253235,
            "Y": 0.43031638860702515
          },
          {
            "X": 0.43347176909446716,
            "Y": 0.4304484724998474
          },
          {
            "X": 0.43382441997528076,
            "Y": 0.4573085904121399
          },
          {
            "X": 0.3344486653804779,
            "Y": 0.457185834646225
          }
        ]
      },
      "Id": "6f283c3d-bfae-473b-95f5-a4c0158f97c4",
      "Relationships": [
        {
          "Type": "CHILD",
          "Ids": [
            "e306abd5-73a8-492c-8213-9408ea16c547",
            "c08186c8-5bee-4a93-a783-4bdb1a0b94b6",
            "0a2b0427-4852-496a-a8b7-3dbb5ffc15cb"
          ]
        }
      ],
      "Page": 1
    },
    {
      "BlockType": "LINE",
      "Confidence": 99.90917205810547,
      "Text": "Elongation at break (%)",
      "Geometry": {
        "BoundingBox": {
          "Width": 0.10113570094108582,
          "Height": 0.027586935088038445,
          "Left": 0.49890926480293274,
          "Top": 0.42984601855278015
        },
        "Polygon": [
          {
            "X": 0.49890926480293274,
            "Y": 0.42984601855278015
          },
          {
            "X": 0.5996114015579224,
            "Y": 0.42998015880584717
          },
          {
            "X": 0.6000449657440186,
            "Y": 0.45743295550346375
          },
          {
            "X": 0.499298632144928,
            "Y": 0.45730847120285034
          }
        ]
      },
      "Id": "d91ce713-d7b4-4db0-9998-47ec3041761b",
      "Relationships": [
        {
          "Type": "CHILD",
          "Ids": [
            "addd288b-d80e-4eb1-86ab-83311650e8c2",
            "f1f05cb5-65e3-4cbe-a794-0dd1a4e3af72",
            "2e73087c-a917-4002-a8de-70130334d05b",
            "dc7ffd3c-0634-4ddf-a7f2-e762638c07a3"
          ]
        }
      ],
      "Page": 1
    },
    {
      "BlockType": "LINE",
      "Confidence": 99.61163330078125,
      "Text": "Modulus (MPa)",
      "Geometry": {
        "BoundingBox": {
          "Width": 0.06737442314624786,
          "Height": 0.02686198055744171,
          "Left": 0.664493203163147,
          "Top": 0.43042194843292236
        },
        "Polygon": [
          {
            "X": 0.664493203163147,
            "Y": 0.43042194843292236
          },
          {
            "X": 0.7313882112503052,
            "Y": 0.4305109679698944
          },
          {
            "X": 0.7318676114082336,
            "Y": 0.45728394389152527
          },
          {
            "X": 0.6649439930915833,
            "Y": 0.45720115303993225
          }
        ]
      },
      "Id": "fb9b148d-761e-470b-aafe-a4c56839cd0a",
      "Relationships": [
        {
          "Type": "CHILD",
          "Ids": [
            "73912e39-aedf-4aea-aebf-f8cf97c2784c",
            "6e5acde1-9c47-4820-8ff6-622b206aa46d"
          ]
        }
      ],
      "Page": 1
    },
    {
      "BlockType": "LINE",
      "Confidence": 55.88615417480469,
      "Text": "T (°C)",
      "Geometry": {
        "BoundingBox": {
          "Width": 0.02891443856060505,
          "Height": 0.028827758505940437,
          "Left": 0.7960705757141113,
          "Top": 0.43010905385017395
        },
        "Polygon": [
          {
            "X": 0.7960705757141113,
            "Y": 0.43010905385017395
          },
          {
            "X": 0.824426531791687,
            "Y": 0.43014684319496155
          },
          {
            "X": 0.8249849677085876,
            "Y": 0.45893681049346924
          },
          {
            "X": 0.7966159582138062,
            "Y": 0.45890188217163086
          }
        ]
      },
      "Id": "a8a799d6-e061-44d0-a25d-29296501a061",
      "Relationships": [
        {
          "Type": "CHILD",
          "Ids": [
            "e7290f36-03e7-49fa-ae1f-ce968c44e6de",
            "3a2f4a52-9a04-49a0-8cf1-7ac126ef873f"
          ]
        }
      ],
      "Page": 1
    },
    {
      "BlockType": "LINE",
      "Confidence": 98.92462921142578,
      "Text": "GEMA",
      "Geometry": {
        "BoundingBox": {
          "Width": 0.027068620547652245,
          "Height": 0.02082696743309498,
          "Left": 0.18274076282978058,
          "Top": 0.47990137338638306
        },
        "Polygon": [
          {
            "X": 0.18274076282978058,
            "Y": 0.47990137338638306
          },
          {
            "X": 0.20961113274097443,
            "Y": 0.47993239760398865
          },
          {
            "X": 0.20980939269065857,
            "Y": 0.5007283091545105
          },
          {
            "X": 0.1829300820827484,
            "Y": 0.5006992220878601
          }
        ]
      },
      "Id": "45fb92b1-e4fc-4ae6-8467-b07afcab5d19",
      "Relationships": [
        {
          "Type": "CHILD",
          "Ids": [
            "ea8412cd-102f-4173-ad99-4af9ff7b1373"
          ]
        }
      ],
      "Page": 1
    },
    {
      "BlockType": "LINE",
      "Confidence": 86.06460571289062,
      "Text": "42.5 + 3.6",
      "Geometry": {
        "BoundingBox": {
          "Width": 0.042074259370565414,
          "Height": 0.021816536784172058,
          "Left": 0.3345770835876465,
          "Top": 0.47932711243629456
        },
        "Polygon": [
          {
            "X": 0.3345770835876465,
            "Y": 0.47932711243629456
          },
          {
            "X": 0.3763856589794159,
            "Y": 0.4793755114078522
          },
          {
            "X": 0.3766513466835022,
            "Y": 0.5011436343193054
          },
          {
            "X": 0.3348282277584076,
            "Y": 0.5010983943939209
          }
        ]
      },
      "Id": "35ef6805-fde5-41ff-a4c7-8b8a6c9da87a",
      "Relationships": [
        {
          "Type": "CHILD",
          "Ids": [
            "abd2456f-4e84-404e-bf51-08d7a602a3c9",
            "7d35a76a-92b4-4c06-8555-c433f8bfb2bf",
            "1a5cb346-1cd0-4d02-bd18-370f7aaea8a2"
          ]
        }
      ],
      "Page": 1
    },
    {
      "BlockType": "LINE",
      "Confidence": 96.5565414428711,
      "Text": "3.2 + 0.5",
      "Geometry": {
        "BoundingBox": {
          "Width": 0.03614536672830582,
          "Height": 0.021729933097958565,
          "Left": 0.5038215517997742,
          "Top": 0.4795295298099518
        },
        "Polygon": [
          {
            "X": 0.5038215517997742,
            "Y": 0.4795295298099518
          },
          {
            "X": 0.5396454930305481,
            "Y": 0.47957101464271545
          },
          {
            "X": 0.5399669408798218,
            "Y": 0.501259446144104
          },
          {
            "X": 0.5041305422782898,
            "Y": 0.501220703125
          }
        ]
      },
      "Id": "c17f60a9-4026-4eca-ab74-beb65d561205",
      "Relationships": [
        {
          "Type": "CHILD",
          "Ids": [
            "4c3e711e-4fe9-4ac6-80a9-16da133b1ee6",
            "5b1b1652-0d85-43d4-aa36-40bacdf50d87",
            "014edcdd-3cef-4b4f-8f9f-421d762417a1"
          ]
        }
      ],
      "Page": 1
    },
    {
      "BlockType": "LINE",
      "Confidence": 98.27928161621094,
      "Text": "1930.3 + 205.1",
      "Geometry": {
        "BoundingBox": {
          "Width": 0.06156039237976074,
          "Height": 0.022221451625227928,
          "Left": 0.6651662588119507,
          "Top": 0.47923213243484497
        },
        "Polygon": [
          {
            "X": 0.6651662588119507,
            "Y": 0.47923213243484497
          },
          {
            "X": 0.7263321280479431,
            "Y": 0.4793030321598053
          },
          {
            "X": 0.7267266511917114,
            "Y": 0.5014535784721375
          },
          {
            "X": 0.6655391454696655,
            "Y": 0.501387357711792
          }
        ]
      },
      "Id": "dcfa3a02-0528-42a1-9855-820363d73654",
      "Relationships": [
        {
          "Type": "CHILD",
          "Ids": [
            "c2b27f33-d05b-4070-a654-1eac9ae7999d",
            "55442ac2-3454-4f33-86f8-4db962172d7f",
            "be3eb79b-71d0-4564-9830-4a946218e245"
          ]
        }
      ],
      "Page": 1
    },
    {
      "BlockType": "LINE",
      "Confidence": 99.95690155029297,
      "Text": "108",
      "Geometry": {
        "BoundingBox": {
          "Width": 0.015657441690564156,
          "Height": 0.021287966519594193,
          "Left": 0.7972100377082825,
          "Top": 0.4796905517578125
        },
        "Polygon": [
          {
            "X": 0.7972100377082825,
            "Y": 0.4796905517578125
          },
          {
            "X": 0.8124592900276184,
            "Y": 0.4797082245349884
          },
          {
            "X": 0.8128674626350403,
            "Y": 0.5009785294532776
          },
          {
            "X": 0.7976130247116089,
            "Y": 0.5009620189666748
          }
        ]
      },
      "Id": "4f668278-3d57-49fa-b58f-1d6f1126bfab",
      "Relationships": [
        {
          "Type": "CHILD",
          "Ids": [
            "2cdb3e0c-676c-4ca5-914f-67245137f7ea"
          ]
        }
      ],
      "Page": 1
    },
    {
      "BlockType": "LINE",
      "Confidence": 98.2242431640625,
      "Text": "GEEA/MA [16]",
      "Geometry": {
        "BoundingBox": {
          "Width": 0.0623197928071022,
          "Height": 0.02659626305103302,
          "Left": 0.18246124684810638,
          "Top": 0.5123775005340576
        },
        "Polygon": [
          {
            "X": 0.18246124684810638,
            "Y": 0.5123775005340576
          },
          {
            "X": 0.2445134073495865,
            "Y": 0.5124421715736389
          },
          {
            "X": 0.244781032204628,
            "Y": 0.5389738082885742
          },
          {
            "X": 0.18270255625247955,
            "Y": 0.5389149188995361
          }
        ]
      },
      "Id": "0578c2dd-e34f-41f4-b871-6790dc974d41",
      "Relationships": [
        {
          "Type": "CHILD",
          "Ids": [
            "2191c508-fd74-4e67-b9c6-d42340b00ce8",
            "b7f5f9d1-eca8-4600-9ac1-bc9a02e0f448"
          ]
        }
      ],
      "Page": 1
    },
    {
      "BlockType": "LINE",
      "Confidence": 89.9593734741211,
      "Text": "42.4 + 1.1",
      "Geometry": {
        "BoundingBox": {
          "Width": 0.040858570486307144,
          "Height": 0.021581178531050682,
          "Left": 0.33450329303741455,
          "Top": 0.5129115581512451
        },
        "Polygon": [
          {
            "X": 0.33450329303741455,
            "Y": 0.5129115581512451
          },
          {
            "X": 0.3750995695590973,
            "Y": 0.5129537582397461
          },
          {
            "X": 0.3753618597984314,
            "Y": 0.5344927310943604
          },
          {
            "X": 0.3347516357898712,
            "Y": 0.5344535708427429
          }
        ]
      },
      "Id": "5fb38ff5-aa40-4ad2-835f-71fad2ab0460",
      "Relationships": [
        {
          "Type": "CHILD",
          "Ids": [
            "b6148558-f83b-495d-abdc-dffb3c288c3b",
            "9afdfb73-d595-4d66-bc2f-bb3c7bf4149c",
            "d5331ff7-9fd5-4b1c-8caa-e88cf5c9023d"
          ]
        }
      ],
      "Page": 1
    },
    {
      "BlockType": "LINE",
      "Confidence": 96.12094116210938,
      "Text": "3.1 + 0.5",
      "Geometry": {
        "BoundingBox": {
          "Width": 0.03612920269370079,
          "Height": 0.02113291621208191,
          "Left": 0.5039127469062805,
          "Top": 0.5130738615989685
        },
        "Polygon": [
          {
            "X": 0.5039127469062805,
            "Y": 0.5130738615989685
          },
          {
            "X": 0.5397294163703918,
            "Y": 0.5131111145019531
          },
          {
            "X": 0.5400419235229492,
            "Y": 0.534206748008728
          },
          {
            "X": 0.5042131543159485,
            "Y": 0.5341721773147583
          }
        ]
      },
      "Id": "92139007-1edf-468e-9a94-2dedc496c345",
      "Relationships": [
        {
          "Type": "CHILD",
          "Ids": [
            "9616b5ef-b8da-409d-aa0a-a9d072ede630",
            "16794252-5b76-4945-aafc-f4b094f1701c",
            "edf02e31-cff6-491b-b76c-e34e96eff296"
          ]
        }
      ],
      "Page": 1
    },
    {
      "BlockType": "LINE",
      "Confidence": 89.06095886230469,
      "Text": "1949.1 + 152.5",
      "Geometry": {
        "BoundingBox": {
          "Width": 0.06288101524114609,
          "Height": 0.022246234118938446,
          "Left": 0.6650552749633789,
          "Top": 0.5125619769096375
        },
        "Polygon": [
          {
            "X": 0.6650552749633789,
            "Y": 0.5125619769096375
          },
          {
            "X": 0.7275409698486328,
            "Y": 0.512627124786377
          },
          {
            "X": 0.7279362678527832,
            "Y": 0.5348082184791565
          },
          {
            "X": 0.6654284000396729,
            "Y": 0.5347478985786438
          }
        ]
      },
      "Id": "233a249c-16b9-403c-b95b-e03330456cef",
      "Relationships": [
        {
          "Type": "CHILD",
          "Ids": [
            "960b5fa3-0311-40da-8505-e2cc41fd7d9c",
            "a28f7a83-5028-472a-8df9-229985b09461",
            "097017b9-5ba4-4b00-b031-c979c0fe6e5f"
          ]
        }
      ],
      "Page": 1
    },
    {
      "BlockType": "LINE",
      "Confidence": 99.97059631347656,
      "Text": "106",
      "Geometry": {
        "BoundingBox": {
          "Width": 0.015852808952331543,
          "Height": 0.020940452814102173,
          "Left": 0.7972704172134399,
          "Top": 0.5131140947341919
        },
        "Polygon": [
          {
            "X": 0.7972704172134399,
            "Y": 0.5131140947341919
          },
          {
            "X": 0.8127217888832092,
            "Y": 0.5131301879882812
          },
          {
            "X": 0.8131232261657715,
            "Y": 0.5340545773506165
          },
          {
            "X": 0.7976666688919067,
            "Y": 0.5340396165847778
          }
        ]
      },
      "Id": "c2c204f4-e3a6-4e36-a6a7-e271aa307ebb",
      "Relationships": [
        {
          "Type": "CHILD",
          "Ids": [
            "06e6e84f-90f7-4ffc-9f51-28a848889836"
          ]
        }
      ],
      "Page": 1
    },
    {
      "BlockType": "LINE",
      "Confidence": 99.54999542236328,
      "Text": "Epon 825/NMA [22]",
      "Geometry": {
        "BoundingBox": {
          "Width": 0.08693772554397583,
          "Height": 0.027398958802223206,
          "Left": 0.18253664672374725,
          "Top": 0.5452154874801636
        },
        "Polygon": [
          {
            "X": 0.18253664672374725,
            "Y": 0.5452154874801636
          },
          {
            "X": 0.26918816566467285,
            "Y": 0.545295774936676
          },
          {
            "X": 0.2694743573665619,
            "Y": 0.5726144313812256
          },
          {
            "X": 0.1827850341796875,
            "Y": 0.5725424289703369
          }
        ]
      },
      "Id": "dfc2dd05-3061-4a57-ae0b-f1636e568c9a",
      "Relationships": [
        {
          "Type": "CHILD",
          "Ids": [
            "3ad2b1fa-02c1-46a0-9786-cceb937dc482",
            "4b693ff0-4125-4446-ad1a-686ae64a0f0e",
            "c7f000aa-32ca-4a98-bbf3-d8419271053b"
          ]
        }
      ],
      "Page": 1
    },
    {
      "BlockType": "LINE",
      "Confidence": 92.4793701171875,
      "Text": "60.2 + 1.7",
      "Geometry": {
        "BoundingBox": {
          "Width": 0.041752979159355164,
          "Height": 0.021604027599096298,
          "Left": 0.3348957300186157,
          "Top": 0.54634690284729
        },
        "Polygon": [
          {
            "X": 0.3348957300186157,
            "Y": 0.54634690284729
          },
          {
            "X": 0.37638577818870544,
            "Y": 0.5463851690292358
          },
          {
            "X": 0.3766486942768097,
            "Y": 0.5679509043693542
          },
          {
            "X": 0.33514437079429626,
            "Y": 0.5679157376289368
          }
        ]
      },
      "Id": "60106068-73d6-4750-a675-0052bca648e3",
      "Relationships": [
        {
          "Type": "CHILD",
          "Ids": [
            "32cb2584-3c93-4ed5-a3d3-8162494e2784",
            "0aace048-a0ac-4c23-83c2-90652d7450fe",
            "2c8c4888-7ad5-47b3-877a-5a297357a81f"
          ]
        }
      ],
      "Page": 1
    },
    {
      "BlockType": "LINE",
      "Confidence": 89.9786376953125,
      "Text": "2.09 + 0.26",
      "Geometry": {
        "BoundingBox": {
          "Width": 0.04756362736225128,
          "Height": 0.02158678136765957,
          "Left": 0.4984407126903534,
          "Top": 0.5460854172706604
        },
        "Polygon": [
          {
            "X": 0.4984407126903534,
            "Y": 0.5460854172706604
          },
          {
            "X": 0.5456833243370056,
            "Y": 0.5461291074752808
          },
          {
            "X": 0.5460043549537659,
            "Y": 0.5676722526550293
          },
          {
            "X": 0.49874547123908997,
            "Y": 0.5676321387290955
          }
        ]
      },
      "Id": "54776784-2550-40ec-8d3c-92f2dc1844c5",
      "Relationships": [
        {
          "Type": "CHILD",
          "Ids": [
            "d4192f74-d654-4c01-bfdc-8f8756f2d856",
            "331fa3b4-4be5-40cd-bd50-deaefd406cd2",
            "f55e1969-f52f-4242-a400-7325a8692282"
          ]
        }
      ],
      "Page": 1
    },
    {
      "BlockType": "LINE",
      "Confidence": 95.65275573730469,
      "Text": "3620 + 70",
      "Geometry": {
        "BoundingBox": {
          "Width": 0.04284384474158287,
          "Height": 0.02158631570637226,
          "Left": 0.6722707748413086,
          "Top": 0.5462662577629089
        },
        "Polygon": [
          {
            "X": 0.6722707748413086,
            "Y": 0.5462662577629089
          },
          {
            "X": 0.7147352695465088,
            "Y": 0.5463054776191711
          },
          {
            "X": 0.7151145935058594,
            "Y": 0.5678525567054749
          },
          {
            "X": 0.672635555267334,
            "Y": 0.5678164958953857
          }
        ]
      },
      "Id": "dbb385fc-abf5-4191-a554-e2d727e31462",
      "Relationships": [
        {
          "Type": "CHILD",
          "Ids": [
            "4b84d2e9-5bbb-4858-a77e-d9d612a5f2ca",
            "294d9bbb-d9a1-4163-83a1-d09787b04b3e",
            "fd737161-1df8-4910-ba06-985c9973ebbd"
          ]
        }
      ],
      "Page": 1
    },
    {
      "BlockType": "LINE",
      "Confidence": 99.8984603881836,
      "Text": "136",
      "Geometry": {
        "BoundingBox": {
          "Width": 0.016051819548010826,
          "Height": 0.021653110161423683,
          "Left": 0.7972235083580017,
          "Top": 0.5457779169082642
        },
        "Polygon": [
          {
            "X": 0.7972235083580017,
            "Y": 0.5457779169082642
          },
          {
            "X": 0.812860369682312,
            "Y": 0.5457924008369446
          },
          {
            "X": 0.8132753372192383,
            "Y": 0.5674309730529785
          },
          {
            "X": 0.7976330518722534,
            "Y": 0.5674176812171936
          }
        ]
      },
      "Id": "3a0a288b-37a9-4f73-b79b-c660f276b613",
      "Relationships": [
        {
          "Type": "CHILD",
          "Ids": [
            "e6614078-fe7c-4c2c-a484-458a39801077"
          ]
        }
      ],
      "Page": 1
    },
    {
      "BlockType": "WORD",
      "Confidence": 99.9097900390625,
      "Text": "Cured",
      "TextType": "PRINTED",
      "Geometry": {
        "BoundingBox": {
          "Width": 0.025823820382356644,
          "Height": 0.022106580436229706,
          "Left": 0.18252681195735931,
          "Top": 0.4303978979587555
        },
        "Polygon": [
          {
            "X": 0.18252681195735931,
            "Y": 0.4303978979587555
          },
          {
            "X": 0.208140566945076,
            "Y": 0.43043190240859985
          },
          {
            "X": 0.20835062861442566,
            "Y": 0.4525044560432434
          },
          {
            "X": 0.18272782862186432,
            "Y": 0.45247241854667664
          }
        ]
      },
      "Id": "11b56b0c-822b-427c-a65f-20074947448c",
      "Page": 1
    },
    {
      "BlockType": "WORD",
      "Confidence": 99.76203918457031,
      "Text": "sample",
      "TextType": "PRINTED",
      "Geometry": {
        "BoundingBox": {
          "Width": 0.03161781281232834,
          "Height": 0.027241792529821396,
          "Left": 0.210887610912323,
          "Top": 0.4302233159542084
        },
        "Polygon": [
          {
            "X": 0.210887610912323,
            "Y": 0.4302233159542084
          },
          {
            "X": 0.24223168194293976,
            "Y": 0.43026500940322876
          },
          {
            "X": 0.24250541627407074,
            "Y": 0.45746511220932007
          },
          {
            "X": 0.21114769577980042,
            "Y": 0.45742642879486084
          }
        ]
      },
      "Id": "262eefb2-7cb0-40fe-9d73-48e422ea86df",
      "Page": 1
    },
    {
      "BlockType": "WORD",
      "Confidence": 99.83507537841797,
      "Text": "Tensile",
      "TextType": "PRINTED",
      "Geometry": {
        "BoundingBox": {
          "Width": 0.03157712519168854,
          "Height": 0.02218940481543541,
          "Left": 0.3341394364833832,
          "Top": 0.43038100004196167
        },
        "Polygon": [
          {
            "X": 0.3341394364833832,
            "Y": 0.43038100004196167
          },
          {
            "X": 0.3654499053955078,
            "Y": 0.4304226338863373
          },
          {
            "X": 0.3657165467739105,
            "Y": 0.4525704085826874
          },
          {
            "X": 0.33439499139785767,
            "Y": 0.45253118872642517
          }
        ]
      },
      "Id": "e306abd5-73a8-492c-8213-9408ea16c547",
      "Page": 1
    },
    {
      "BlockType": "WORD",
      "Confidence": 99.86042022705078,
      "Text": "strength",
      "TextType": "PRINTED",
      "Geometry": {
        "BoundingBox": {
          "Width": 0.036746542900800705,
          "Height": 0.026905590668320656,
          "Left": 0.3680167496204376,
          "Top": 0.43036144971847534
        },
        "Polygon": [
          {
            "X": 0.3680167496204376,
            "Y": 0.43036144971847534
          },
          {
            "X": 0.40442317724227905,
            "Y": 0.43040984869003296
          },
          {
            "X": 0.40476328134536743,
            "Y": 0.45726704597473145
          },
          {
            "X": 0.36834123730659485,
            "Y": 0.457222044467926
          }
        ]
      },
      "Id": "c08186c8-5bee-4a93-a783-4bdb1a0b94b6",
      "Page": 1
    },
    {
      "BlockType": "WORD",
      "Confidence": 99.64659881591797,
      "Text": "(MPa)",
      "TextType": "PRINTED",
      "Geometry": {
        "BoundingBox": {
          "Width": 0.02651643566787243,
          "Height": 0.026887862011790276,
          "Left": 0.40730801224708557,
          "Top": 0.43042072653770447
        },
        "Polygon": [
          {
            "X": 0.40730801224708557,
            "Y": 0.43042072653770447
          },
          {
            "X": 0.4334718585014343,
            "Y": 0.4304555356502533
          },
          {
            "X": 0.43382441997528076,
            "Y": 0.4573085904121399
          },
          {
            "X": 0.40764933824539185,
            "Y": 0.45727625489234924
          }
        ]
      },
      "Id": "0a2b0427-4852-496a-a8b7-3dbb5ffc15cb",
      "Page": 1
    },
    {
      "BlockType": "WORD",
      "Confidence": 99.78766632080078,
      "Text": "Elongation",
      "TextType": "PRINTED",
      "Geometry": {
        "BoundingBox": {
          "Width": 0.04627988860011101,
          "Height": 0.02671002596616745,
          "Left": 0.4989204406738281,
          "Top": 0.4306340217590332
        },
        "Polygon": [
          {
            "X": 0.4989204406738281,
            "Y": 0.4306340217590332
          },
          {
            "X": 0.5448028445243835,
            "Y": 0.4306949973106384
          },
          {
            "X": 0.5452003479003906,
            "Y": 0.45734405517578125
          },
          {
            "X": 0.4992983341217041,
            "Y": 0.4572873115539551
          }
        ]
      },
      "Id": "addd288b-d80e-4eb1-86ab-83311650e8c2",
      "Page": 1
    },
    {
      "BlockType": "WORD",
      "Confidence": 99.9566650390625,
      "Text": "at",
      "TextType": "PRINTED",
      "Geometry": {
        "BoundingBox": {
          "Width": 0.009217776358127594,
          "Height": 0.020045198500156403,
          "Left": 0.5475714802742004,
          "Top": 0.4327827990055084
        },
        "Polygon": [
          {
            "X": 0.5475714802742004,
            "Y": 0.4327827990055084
          },
          {
            "X": 0.5564867258071899,
            "Y": 0.43279460072517395
          },
          {
            "X": 0.5567892789840698,
            "Y": 0.45282799005508423
          },
          {
            "X": 0.5478711724281311,
            "Y": 0.45281684398651123
          }
        ]
      },
      "Id": "f1f05cb5-65e3-4cbe-a794-0dd1a4e3af72",
      "Page": 1
    },
    {
      "BlockType": "WORD",
      "Confidence": 99.95108032226562,
      "Text": "break",
      "TextType": "PRINTED",
      "Geometry": {
        "BoundingBox": {
          "Width": 0.025242464616894722,
          "Height": 0.02321634069085121,
          "Left": 0.558951735496521,
          "Top": 0.4299260079860687
        },
        "Polygon": [
          {
            "X": 0.558951735496521,
            "Y": 0.4299260079860687
          },
          {
            "X": 0.5838339328765869,
            "Y": 0.42995914816856384
          },
          {
            "X": 0.5841941833496094,
            "Y": 0.45314234495162964
          },
          {
            "X": 0.559302806854248,
            "Y": 0.4531112015247345
          }
        ]
      },
      "Id": "2e73087c-a917-4002-a8de-70130334d05b",
      "Page": 1
    },
    {
      "BlockType": "WORD",
      "Confidence": 99.94129943847656,
      "Text": "(%)",
      "TextType": "PRINTED",
      "Geometry": {
        "BoundingBox": {
          "Width": 0.013698509894311428,
          "Height": 0.027240190654993057,
          "Left": 0.586346447467804,
          "Top": 0.430192768573761
        },
        "Polygon": [
          {
            "X": 0.586346447467804,
            "Y": 0.430192768573761
          },
          {
            "X": 0.5996150374412537,
            "Y": 0.4302104413509369
          },
          {
            "X": 0.6000449657440186,
            "Y": 0.45743295550346375
          },
          {
            "X": 0.5867705941200256,
            "Y": 0.4574165642261505
          }
        ]
      },
      "Id": "dc7ffd3c-0634-4ddf-a7f2-e762638c07a3",
      "Page": 1
    },
    {
      "BlockType": "WORD",
      "Confidence": 99.8132095336914,
      "Text": "Modulus",
      "TextType": "PRINTED",
      "Geometry": {
        "BoundingBox": {
          "Width": 0.03835073858499527,
          "Height": 0.022089553996920586,
          "Left": 0.6644963026046753,
          "Top": 0.43060576915740967
        },
        "Polygon": [
          {
            "X": 0.6644963026046753,
            "Y": 0.43060576915740967
          },
          {
            "X": 0.7024626135826111,
            "Y": 0.4306562542915344
          },
          {
            "X": 0.7028470039367676,
            "Y": 0.4526953101158142
          },
          {
            "X": 0.6648673415184021,
            "Y": 0.45264774560928345
          }
        ]
      },
      "Id": "73912e39-aedf-4aea-aebf-f8cf97c2784c",
      "Page": 1
    },
    {
      "BlockType": "WORD",
      "Confidence": 99.4100570678711,
      "Text": "(MPa)",
      "TextType": "PRINTED",
      "Geometry": {
        "BoundingBox": {
          "Width": 0.02690313570201397,
          "Height": 0.026808124035596848,
          "Left": 0.7049644589424133,
          "Top": 0.43047580122947693
        },
        "Polygon": [
          {
            "X": 0.7049644589424133,
            "Y": 0.43047580122947693
          },
          {
            "X": 0.7313882112503052,
            "Y": 0.4305109679698944
          },
          {
            "X": 0.7318676114082336,
            "Y": 0.45728394389152527
          },
          {
            "X": 0.7054325938224792,
            "Y": 0.45725125074386597
          }
        ]
      },
      "Id": "6e5acde1-9c47-4820-8ff6-622b206aa46d",
      "Page": 1
    },
    {
      "BlockType": "WORD",
      "Confidence": 50.85380554199219,
      "Text": "T",
      "TextType": "PRINTED",
      "Geometry": {
        "BoundingBox": {
          "Width": 0.00953416433185339,
          "Height": 0.027783872559666634,
          "Left": 0.7960898876190186,
          "Top": 0.4311290979385376
        },
        "Polygon": [
          {
            "X": 0.7960898876190186,
            "Y": 0.4311290979385376
          },
          {
            "X": 0.8050939440727234,
            "Y": 0.43114104866981506
          },
          {
            "X": 0.8056240081787109,
            "Y": 0.4589129686355591
          },
          {
            "X": 0.7966159582138062,
            "Y": 0.45890188217163086
          }
        ]
      },
      "Id": "e7290f36-03e7-49fa-ae1f-ce968c44e6de",
      "Page": 1
    },
    {
      "BlockType": "WORD",
      "Confidence": 60.91849899291992,
      "Text": "(°C)",
      "TextType": "PRINTED",
      "Geometry": {
        "BoundingBox": {
          "Width": 0.017429577186703682,
          "Height": 0.027467060834169388,
          "Left": 0.8075293302536011,
          "Top": 0.43012431263923645
        },
        "Polygon": [
          {
            "X": 0.8075293302536011,
            "Y": 0.43012431263923645
          },
          {
            "X": 0.824426531791687,
            "Y": 0.43014684319496155
          },
          {
            "X": 0.824958860874176,
            "Y": 0.45759138464927673
          },
          {
            "X": 0.8080542683601379,
            "Y": 0.45757049322128296
          }
        ]
      },
      "Id": "3a2f4a52-9a04-49a0-8cf1-7ac126ef873f",
      "Page": 1
    },
    {
      "BlockType": "WORD",
      "Confidence": 98.92462921142578,
      "Text": "GEMA",
      "TextType": "PRINTED",
      "Geometry": {
        "BoundingBox": {
          "Width": 0.027068620547652245,
          "Height": 0.02082696743309498,
          "Left": 0.18274076282978058,
          "Top": 0.47990137338638306
        },
        "Polygon": [
          {
            "X": 0.18274076282978058,
            "Y": 0.47990137338638306
          },
          {
            "X": 0.20961113274097443,
            "Y": 0.47993239760398865
          },
          {
            "X": 0.20980939269065857,
            "Y": 0.5007283091545105
          },
          {
            "X": 0.1829300820827484,
            "Y": 0.5006992220878601
          }
        ]
      },
      "Id": "ea8412cd-102f-4173-ad99-4af9ff7b1373",
      "Page": 1
    },
    {
      "BlockType": "WORD",
      "Confidence": 85.65371704101562,
      "Text": "42.5",
      "TextType": "PRINTED",
      "Geometry": {
        "BoundingBox": {
          "Width": 0.01895849034190178,
          "Height": 0.021506378427147865,
          "Left": 0.3345799744129181,
          "Top": 0.4795761704444885
        },
        "Polygon": [
          {
            "X": 0.3345799744129181,
            "Y": 0.4795761704444885
          },
          {
            "X": 0.35328418016433716,
            "Y": 0.479597806930542
          },
          {
            "X": 0.353538453578949,
            "Y": 0.5010825395584106
          },
          {
            "X": 0.33482781052589417,
            "Y": 0.5010623335838318
          }
        ]
      },
      "Id": "abd2456f-4e84-404e-bf51-08d7a602a3c9",
      "Page": 1
    },
    {
      "BlockType": "WORD",
      "Confidence": 94.31031799316406,
      "Text": "+",
      "TextType": "PRINTED",
      "Geometry": {
        "BoundingBox": {
          "Width": 0.005749531555920839,
          "Height": 0.018605906516313553,
          "Left": 0.35564446449279785,
          "Top": 0.4819221496582031
        },
        "Polygon": [
          {
            "X": 0.35564446449279785,
            "Y": 0.4819221496582031
          },
          {
            "X": 0.36117154359817505,
            "Y": 0.4819284975528717
          },
          {
            "X": 0.3613940179347992,
            "Y": 0.50052809715271
          },
          {
            "X": 0.3558652997016907,
            "Y": 0.5005220770835876
          }
        ]
      },
      "Id": "7d35a76a-92b4-4c06-8555-c433f8bfb2bf",
      "Page": 1
    },
    {
      "BlockType": "WORD",
      "Confidence": 78.22978210449219,
      "Text": "3.6",
      "TextType": "PRINTED",
      "Geometry": {
        "BoundingBox": {
          "Width": 0.013548829592764378,
          "Height": 0.021783510223031044,
          "Left": 0.363102525472641,
          "Top": 0.4793601334095001
        },
        "Polygon": [
          {
            "X": 0.363102525472641,
            "Y": 0.4793601334095001
          },
          {
            "X": 0.3763856589794159,
            "Y": 0.4793755114078522
          },
          {
            "X": 0.3766513466835022,
            "Y": 0.5011436343193054
          },
          {
            "X": 0.3633635640144348,
            "Y": 0.5011292695999146
          }
        ]
      },
      "Id": "1a5cb346-1cd0-4d02-bd18-370f7aaea8a2",
      "Page": 1
    },
    {
      "BlockType": "WORD",
      "Confidence": 97.71670532226562,
      "Text": "3.2",
      "TextType": "PRINTED",
      "Geometry": {
        "BoundingBox": {
          "Width": 0.013621283695101738,
          "Height": 0.021437864750623703,
          "Left": 0.5038215517997742,
          "Top": 0.4795295298099518
        },
        "Polygon": [
          {
            "X": 0.5038215517997742,
            "Y": 0.4795295298099518
          },
          {
            "X": 0.5171330571174622,
            "Y": 0.4795449376106262
          },
          {
            "X": 0.5174428224563599,
            "Y": 0.5009673833847046
          },
          {
            "X": 0.5041267275810242,
            "Y": 0.500952959060669
          }
        ]
      },
      "Id": "4c3e711e-4fe9-4ac6-80a9-16da133b1ee6",
      "Page": 1
    },
    {
      "BlockType": "WORD",
      "Confidence": 98.16791534423828,
      "Text": "+",
      "TextType": "PRINTED",
      "Geometry": {
        "BoundingBox": {
          "Width": 0.005637058988213539,
          "Height": 0.018898753449320793,
          "Left": 0.5194157361984253,
          "Top": 0.48218798637390137
        },
        "Polygon": [
          {
            "X": 0.5194157361984253,
            "Y": 0.48218798637390137
          },
          {
            "X": 0.524777352809906,
            "Y": 0.4821941554546356
          },
          {
            "X": 0.5250528454780579,
            "Y": 0.5010867714881897
          },
          {
            "X": 0.5196896195411682,
            "Y": 0.5010809302330017
          }
        ]
      },
      "Id": "5b1b1652-0d85-43d4-aa36-40bacdf50d87",
      "Page": 1
    },
    {
      "BlockType": "WORD",
      "Confidence": 93.78501892089844,
      "Text": "0.5",
      "TextType": "PRINTED",
      "Geometry": {
        "BoundingBox": {
          "Width": 0.013240684755146503,
          "Height": 0.02159259468317032,
          "Left": 0.526726245880127,
          "Top": 0.47966688871383667
        },
        "Polygon": [
          {
            "X": 0.526726245880127,
            "Y": 0.47966688871383667
          },
          {
            "X": 0.5396471619606018,
            "Y": 0.4796818196773529
          },
          {
            "X": 0.5399669408798218,
            "Y": 0.501259446144104
          },
          {
            "X": 0.5270415544509888,
            "Y": 0.5012454986572266
          }
        ]
      },
      "Id": "014edcdd-3cef-4b4f-8f9f-421d762417a1",
      "Page": 1
    },
    {
      "BlockType": "WORD",
      "Confidence": 97.68338012695312,
      "Text": "1930.3",
      "TextType": "PRINTED",
      "Geometry": {
        "BoundingBox": {
          "Width": 0.028758998960256577,
          "Height": 0.021975943818688393,
          "Left": 0.6651697754859924,
          "Top": 0.47944214940071106
        },
        "Polygon": [
          {
            "X": 0.6651697754859924,
            "Y": 0.47944214940071106
          },
          {
            "X": 0.6935494542121887,
            "Y": 0.4794750213623047
          },
          {
            "X": 0.6939287781715393,
            "Y": 0.5014181137084961
          },
          {
            "X": 0.6655391454696655,
            "Y": 0.501387357711792
          }
        ]
      },
      "Id": "c2b27f33-d05b-4070-a654-1eac9ae7999d",
      "Page": 1
    },
    {
      "BlockType": "WORD",
      "Confidence": 98.01790618896484,
      "Text": "+",
      "TextType": "PRINTED",
      "Geometry": {
        "BoundingBox": {
          "Width": 0.00550964567810297,
          "Height": 0.017993934452533722,
          "Left": 0.6963106393814087,
          "Top": 0.4827055335044861
        },
        "Polygon": [
          {
            "X": 0.6963106393814087,
            "Y": 0.4827055335044861
          },
          {
            "X": 0.7015070915222168,
            "Y": 0.4827114939689636
          },
          {
            "X": 0.7018203139305115,
            "Y": 0.5006994605064392
          },
          {
            "X": 0.696622371673584,
            "Y": 0.5006937980651855
          }
        ]
      },
      "Id": "55442ac2-3454-4f33-86f8-4db962172d7f",
      "Page": 1
    },
    {
      "BlockType": "WORD",
      "Confidence": 99.13655853271484,
      "Text": "205.1",
      "TextType": "PRINTED",
      "Geometry": {
        "BoundingBox": {
          "Width": 0.023240473121404648,
          "Height": 0.021774662658572197,
          "Left": 0.703478991985321,
          "Top": 0.47927653789520264
        },
        "Polygon": [
          {
            "X": 0.703478991985321,
            "Y": 0.47927653789520264
          },
          {
            "X": 0.7263321280479431,
            "Y": 0.4793030321598053
          },
          {
            "X": 0.7267194986343384,
            "Y": 0.5010511875152588
          },
          {
            "X": 0.7038584351539612,
            "Y": 0.501026451587677
          }
        ]
      },
      "Id": "be3eb79b-71d0-4564-9830-4a946218e245",
      "Page": 1
    },
    {
      "BlockType": "WORD",
      "Confidence": 99.95690155029297,
      "Text": "108",
      "TextType": "PRINTED",
      "Geometry": {
        "BoundingBox": {
          "Width": 0.015657441690564156,
          "Height": 0.021287966519594193,
          "Left": 0.7972100377082825,
          "Top": 0.4796905517578125
        },
        "Polygon": [
          {
            "X": 0.7972100377082825,
            "Y": 0.4796905517578125
          },
          {
            "X": 0.8124592900276184,
            "Y": 0.4797082245349884
          },
          {
            "X": 0.8128674626350403,
            "Y": 0.5009785294532776
          },
          {
            "X": 0.7976130247116089,
            "Y": 0.5009620189666748
          }
        ]
      },
      "Id": "2cdb3e0c-676c-4ca5-914f-67245137f7ea",
      "Page": 1
    },
    {
      "BlockType": "WORD",
      "Confidence": 98.0636978149414,
      "Text": "GEEA/MA",
      "TextType": "PRINTED",
      "Geometry": {
        "BoundingBox": {
          "Width": 0.042265042662620544,
          "Height": 0.025948649272322655,
          "Left": 0.18246380984783173,
          "Top": 0.512660562992096
        },
        "Polygon": [
          {
            "X": 0.18246380984783173,
            "Y": 0.512660562992096
          },
          {
            "X": 0.22447586059570312,
            "Y": 0.5127043128013611
          },
          {
            "X": 0.22472885251045227,
            "Y": 0.5386092066764832
          },
          {
            "X": 0.18269941210746765,
            "Y": 0.5385693311691284
          }
        ]
      },
      "Id": "2191c508-fd74-4e67-b9c6-d42340b00ce8",
      "Page": 1
    },
    {
      "BlockType": "WORD",
      "Confidence": 98.3847885131836,
      "Text": "[16]",
      "TextType": "PRINTED",
      "Geometry": {
        "BoundingBox": {
          "Width": 0.017423056066036224,
          "Height": 0.026549508795142174,
          "Left": 0.22735798358917236,
          "Top": 0.5124242901802063
        },
        "Polygon": [
          {
            "X": 0.22735798358917236,
            "Y": 0.5124242901802063
          },
          {
            "X": 0.2445134073495865,
            "Y": 0.5124421715736389
          },
          {
            "X": 0.244781032204628,
            "Y": 0.5389738082885742
          },
          {
            "X": 0.22761832177639008,
            "Y": 0.5389575362205505
          }
        ]
      },
      "Id": "b7f5f9d1-eca8-4600-9ac1-bc9a02e0f448",
      "Page": 1
    },
    {
      "BlockType": "WORD",
      "Confidence": 75.02210998535156,
      "Text": "42.4",
      "TextType": "PRINTED",
      "Geometry": {
        "BoundingBox": {
          "Width": 0.01913280226290226,
          "Height": 0.021560223773121834,
          "Left": 0.33450329303741455,
          "Top": 0.5129115581512451
        },
        "Polygon": [
          {
            "X": 0.33450329303741455,
            "Y": 0.5129115581512451
          },
          {
            "X": 0.35338127613067627,
            "Y": 0.5129311680793762
          },
          {
            "X": 0.35363608598709106,
            "Y": 0.5344717502593994
          },
          {
            "X": 0.3347516357898712,
            "Y": 0.5344535708427429
          }
        ]
      },
      "Id": "b6148558-f83b-495d-abdc-dffb3c288c3b",
      "Page": 1
    },
    {
      "BlockType": "WORD",
      "Confidence": 96.82233428955078,
      "Text": "+",
      "TextType": "PRINTED",
      "Geometry": {
        "BoundingBox": {
          "Width": 0.005849251989275217,
          "Height": 0.01772318221628666,
          "Left": 0.35553616285324097,
          "Top": 0.5159247517585754
        },
        "Polygon": [
          {
            "X": 0.35553616285324097,
            "Y": 0.5159247517585754
          },
          {
            "X": 0.3611736297607422,
            "Y": 0.5159305334091187
          },
          {
            "X": 0.36138540506362915,
            "Y": 0.533647894859314
          },
          {
            "X": 0.3557463586330414,
            "Y": 0.5336424708366394
          }
        ]
      },
      "Id": "9afdfb73-d595-4d66-bc2f-bb3c7bf4149c",
      "Page": 1
    },
    {
      "BlockType": "WORD",
      "Confidence": 98.03369903564453,
      "Text": "1.1",
      "TextType": "PRINTED",
      "Geometry": {
        "BoundingBox": {
          "Width": 0.011666751466691494,
          "Height": 0.02086043544113636,
          "Left": 0.36369049549102783,
          "Top": 0.5132526159286499
        },
        "Polygon": [
          {
            "X": 0.36369049549102783,
            "Y": 0.5132526159286499
          },
          {
            "X": 0.3751033544540405,
            "Y": 0.5132644772529602
          },
          {
            "X": 0.3753572404384613,
            "Y": 0.5341130495071411
          },
          {
            "X": 0.363940566778183,
            "Y": 0.5341020226478577
          }
        ]
      },
      "Id": "d5331ff7-9fd5-4b1c-8caa-e88cf5c9023d",
      "Page": 1
    },
    {
      "BlockType": "WORD",
      "Confidence": 97.28524780273438,
      "Text": "3.1",
      "TextType": "PRINTED",
      "Geometry": {
        "BoundingBox": {
          "Width": 0.01256319135427475,
          "Height": 0.02111014723777771,
          "Left": 0.5039127469062805,
          "Top": 0.5130738615989685
        },
        "Polygon": [
          {
            "X": 0.5039127469062805,
            "Y": 0.5130738615989685
          },
          {
            "X": 0.5161713361740112,
            "Y": 0.5130866169929504
          },
          {
            "X": 0.5164759159088135,
            "Y": 0.5341839790344238
          },
          {
            "X": 0.5042131543159485,
            "Y": 0.5341721773147583
          }
        ]
      },
      "Id": "9616b5ef-b8da-409d-aa0a-a9d072ede630",
      "Page": 1
    },
    {
      "BlockType": "WORD",
      "Confidence": 98.0763168334961,
      "Text": "+",
      "TextType": "PRINTED",
      "Geometry": {
        "BoundingBox": {
          "Width": 0.005665713455528021,
          "Height": 0.018191328272223473,
          "Left": 0.519250750541687,
          "Top": 0.5155851244926453
        },
        "Polygon": [
          {
            "X": 0.519250750541687,
            "Y": 0.5155851244926453
          },
          {
            "X": 0.5246514678001404,
            "Y": 0.5155906677246094
          },
          {
            "X": 0.5249164700508118,
            "Y": 0.5337764620780945
          },
          {
            "X": 0.5195142030715942,
            "Y": 0.5337712168693542
          }
        ]
      },
      "Id": "16794252-5b76-4945-aafc-f4b094f1701c",
      "Page": 1
    },
    {
      "BlockType": "WORD",
      "Confidence": 93.00125122070312,
      "Text": "0.5",
      "TextType": "PRINTED",
      "Geometry": {
        "BoundingBox": {
          "Width": 0.013230528682470322,
          "Height": 0.020828483626246452,
          "Left": 0.5268088579177856,
          "Top": 0.513205885887146
        },
        "Polygon": [
          {
            "X": 0.5268088579177856,
            "Y": 0.513205885887146
          },
          {
            "X": 0.5397310256958008,
            "Y": 0.5132193565368652
          },
          {
            "X": 0.5400393605232239,
            "Y": 0.5340343713760376
          },
          {
            "X": 0.5271129012107849,
            "Y": 0.5340218544006348
          }
        ]
      },
      "Id": "edf02e31-cff6-491b-b76c-e34e96eff296",
      "Page": 1
    },
    {
      "BlockType": "WORD",
      "Confidence": 84.56536865234375,
      "Text": "1949.1",
      "TextType": "PRINTED",
      "Geometry": {
        "BoundingBox": {
          "Width": 0.027967074885964394,
          "Height": 0.0219325702637434,
          "Left": 0.6650599837303162,
          "Top": 0.5128419399261475
        },
        "Polygon": [
          {
            "X": 0.6650599837303162,
            "Y": 0.5128419399261475
          },
          {
            "X": 0.6926489472389221,
            "Y": 0.5128706693649292
          },
          {
            "X": 0.6930270195007324,
            "Y": 0.5347745418548584
          },
          {
            "X": 0.6654284000396729,
            "Y": 0.5347478985786438
          }
        ]
      },
      "Id": "960b5fa3-0311-40da-8505-e2cc41fd7d9c",
      "Page": 1
    },
    {
      "BlockType": "WORD",
      "Confidence": 98.95987701416016,
      "Text": "+",
      "TextType": "PRINTED",
      "Geometry": {
        "BoundingBox": {
          "Width": 0.005682289134711027,
          "Height": 0.017674295231699944,
          "Left": 0.6962971687316895,
          "Top": 0.5159157514572144
        },
        "Polygon": [
          {
            "X": 0.6962971687316895,
            "Y": 0.5159157514572144
          },
          {
            "X": 0.7016718983650208,
            "Y": 0.5159212946891785
          },
          {
            "X": 0.7019794583320618,
            "Y": 0.5335900783538818
          },
          {
            "X": 0.6966031789779663,
            "Y": 0.5335848927497864
          }
        ]
      },
      "Id": "a28f7a83-5028-472a-8df9-229985b09461",
      "Page": 1
    },
    {
      "BlockType": "WORD",
      "Confidence": 83.6576156616211,
      "Text": "152.5",
      "TextType": "PRINTED",
      "Geometry": {
        "BoundingBox": {
          "Width": 0.02365143597126007,
          "Height": 0.02159770205616951,
          "Left": 0.7042739987373352,
          "Top": 0.5126028656959534
        },
        "Polygon": [
          {
            "X": 0.7042739987373352,
            "Y": 0.5126028656959534
          },
          {
            "X": 0.7275409698486328,
            "Y": 0.512627124786377
          },
          {
            "X": 0.7279254198074341,
            "Y": 0.5342005491256714
          },
          {
            "X": 0.7046504616737366,
            "Y": 0.5341780781745911
          }
        ]
      },
      "Id": "097017b9-5ba4-4b00-b031-c979c0fe6e5f",
      "Page": 1
    },
    {
      "BlockType": "WORD",
      "Confidence": 99.97059631347656,
      "Text": "106",
      "TextType": "PRINTED",
      "Geometry": {
        "BoundingBox": {
          "Width": 0.015852808952331543,
          "Height": 0.020940452814102173,
          "Left": 0.7972704172134399,
          "Top": 0.5131140947341919
        },
        "Polygon": [
          {
            "X": 0.7972704172134399,
            "Y": 0.5131140947341919
          },
          {
            "X": 0.8127217888832092,
            "Y": 0.5131301879882812
          },
          {
            "X": 0.8131232261657715,
            "Y": 0.5340545773506165
          },
          {
            "X": 0.7976666688919067,
            "Y": 0.5340396165847778
          }
        ]
      },
      "Id": "06e6e84f-90f7-4ffc-9f51-28a848889836",
      "Page": 1
    },
    {
      "BlockType": "WORD",
      "Confidence": 99.67700958251953,
      "Text": "Epon",
      "TextType": "PRINTED",
      "Geometry": {
        "BoundingBox": {
          "Width": 0.022043563425540924,
          "Height": 0.026325948536396027,
          "Left": 0.18254590034484863,
          "Top": 0.5462346076965332
        },
        "Polygon": [
          {
            "X": 0.18254590034484863,
            "Y": 0.5462346076965332
          },
          {
            "X": 0.20434117317199707,
            "Y": 0.5462547540664673
          },
          {
            "X": 0.20458947122097015,
            "Y": 0.5725605487823486
          },
          {
            "X": 0.1827850341796875,
            "Y": 0.5725424289703369
          }
        ]
      },
      "Id": "3ad2b1fa-02c1-46a0-9786-cceb937dc482",
      "Page": 1
    },
    {
      "BlockType": "WORD",
      "Confidence": 99.67711639404297,
      "Text": "825/NMA",
      "TextType": "PRINTED",
      "Geometry": {
        "BoundingBox": {
          "Width": 0.04167629033327103,
          "Height": 0.025058547034859657,
          "Left": 0.20715934038162231,
          "Top": 0.5456944704055786
        },
        "Polygon": [
          {
            "X": 0.20715934038162231,
            "Y": 0.5456944704055786
          },
          {
            "X": 0.24858175218105316,
            "Y": 0.5457327961921692
          },
          {
            "X": 0.24883562326431274,
            "Y": 0.5707530379295349
          },
          {
            "X": 0.20739665627479553,
            "Y": 0.5707183480262756
          }
        ]
      },
      "Id": "4b693ff0-4125-4446-ad1a-686ae64a0f0e",
      "Page": 1
    },
    {
      "BlockType": "WORD",
      "Confidence": 99.29586791992188,
      "Text": "[22]",
      "TextType": "PRINTED",
      "Geometry": {
        "BoundingBox": {
          "Width": 0.017408566549420357,
          "Height": 0.02684672176837921,
          "Left": 0.2520606815814972,
          "Top": 0.5452799201011658
        },
        "Polygon": [
          {
            "X": 0.2520606815814972,
            "Y": 0.5452799201011658
          },
          {
            "X": 0.26918816566467285,
            "Y": 0.545295774936676
          },
          {
            "X": 0.2694692611694336,
            "Y": 0.5721266269683838
          },
          {
            "X": 0.25233444571495056,
            "Y": 0.5721123814582825
          }
        ]
      },
      "Id": "c7f000aa-32ca-4a98-bbf3-d8419271053b",
      "Page": 1
    },
    {
      "BlockType": "WORD",
      "Confidence": 86.06993865966797,
      "Text": "60.2",
      "TextType": "PRINTED",
      "Geometry": {
        "BoundingBox": {
          "Width": 0.018810899928212166,
          "Height": 0.021236713975667953,
          "Left": 0.3348957300186157,
          "Top": 0.54634690284729
        },
        "Polygon": [
          {
            "X": 0.3348957300186157,
            "Y": 0.54634690284729
          },
          {
            "X": 0.35345569252967834,
            "Y": 0.5463640093803406
          },
          {
            "X": 0.35370662808418274,
            "Y": 0.5675836205482483
          },
          {
            "X": 0.3351403474807739,
            "Y": 0.5675678849220276
          }
        ]
      },
      "Id": "32cb2584-3c93-4ed5-a3d3-8162494e2784",
      "Page": 1
    },
    {
      "BlockType": "WORD",
      "Confidence": 98.14051055908203,
      "Text": "+",
      "TextType": "PRINTED",
      "Geometry": {
        "BoundingBox": {
          "Width": 0.005682604853063822,
          "Height": 0.017483053728938103,
          "Left": 0.3556373417377472,
          "Top": 0.5495021343231201
        },
        "Polygon": [
          {
            "X": 0.3556373417377472,
            "Y": 0.5495021343231201
          },
          {
            "X": 0.3611111640930176,
            "Y": 0.5495071411132812
          },
          {
            "X": 0.36131995916366577,
            "Y": 0.5669851899147034
          },
          {
            "X": 0.355844646692276,
            "Y": 0.5669805407524109
          }
        ]
      },
      "Id": "0aace048-a0ac-4c23-83c2-90652d7450fe",
      "Page": 1
    },
    {
      "BlockType": "WORD",
      "Confidence": 93.22767639160156,
      "Text": "1.7",
      "TextType": "PRINTED",
      "Geometry": {
        "BoundingBox": {
          "Width": 0.012982841581106186,
          "Height": 0.021473819389939308,
          "Left": 0.3636658489704132,
          "Top": 0.5464770793914795
        },
        "Polygon": [
          {
            "X": 0.3636658489704132,
            "Y": 0.5464770793914795
          },
          {
            "X": 0.3763870298862457,
            "Y": 0.5464888215065002
          },
          {
            "X": 0.3766486942768097,
            "Y": 0.5679509043693542
          },
          {
            "X": 0.36392316222190857,
            "Y": 0.5679401159286499
          }
        ]
      },
      "Id": "2c8c4888-7ad5-47b3-877a-5a297357a81f",
      "Page": 1
    },
    {
      "BlockType": "WORD",
      "Confidence": 98.19412231445312,
      "Text": "2.09",
      "TextType": "PRINTED",
      "Geometry": {
        "BoundingBox": {
          "Width": 0.018936527892947197,
          "Height": 0.021153319627046585,
          "Left": 0.4984464943408966,
          "Top": 0.5464946031570435
        },
        "Polygon": [
          {
            "X": 0.4984464943408966,
            "Y": 0.5464946031570435
          },
          {
            "X": 0.5170777440071106,
            "Y": 0.5465118288993835
          },
          {
            "X": 0.5173830389976501,
            "Y": 0.5676479339599609
          },
          {
            "X": 0.49874547123908997,
            "Y": 0.5676321387290955
          }
        ]
      },
      "Id": "d4192f74-d654-4c01-bfdc-8f8756f2d856",
      "Page": 1
    },
    {
      "BlockType": "WORD",
      "Confidence": 98.00520324707031,
      "Text": "+",
      "TextType": "PRINTED",
      "Geometry": {
        "BoundingBox": {
          "Width": 0.005558024160563946,
          "Height": 0.01829180121421814,
          "Left": 0.5194339752197266,
          "Top": 0.5491220355033875
        },
        "Polygon": [
          {
            "X": 0.5194339752197266,
            "Y": 0.5491220355033875
          },
          {
            "X": 0.524725615978241,
            "Y": 0.5491268634796143
          },
          {
            "X": 0.5249919891357422,
            "Y": 0.5674138069152832
          },
          {
            "X": 0.5196987986564636,
            "Y": 0.567409336566925
          }
        ]
      },
      "Id": "331fa3b4-4be5-40cd-bd50-deaefd406cd2",
      "Page": 1
    },
    {
      "BlockType": "WORD",
      "Confidence": 73.73658752441406,
      "Text": "0.26",
      "TextType": "PRINTED",
      "Geometry": {
        "BoundingBox": {
          "Width": 0.01921345852315426,
          "Height": 0.021550392732024193,
          "Left": 0.5267907381057739,
          "Top": 0.5461116433143616
        },
        "Polygon": [
          {
            "X": 0.5267907381057739,
            "Y": 0.5461116433143616
          },
          {
            "X": 0.5456833243370056,
            "Y": 0.5461291074752808
          },
          {
            "X": 0.5460041761398315,
            "Y": 0.5676620602607727
          },
          {
            "X": 0.5271050930023193,
            "Y": 0.5676460266113281
          }
        ]
      },
      "Id": "f55e1969-f52f-4242-a400-7325a8692282",
      "Page": 1
    },
    {
      "BlockType": "WORD",
      "Confidence": 99.9630355834961,
      "Text": "3620",
      "TextType": "PRINTED",
      "Geometry": {
        "BoundingBox": {
          "Width": 0.022224031388759613,
          "Height": 0.021334057673811913,
          "Left": 0.6722747087478638,
          "Top": 0.5465010404586792
        },
        "Polygon": [
          {
            "X": 0.6722747087478638,
            "Y": 0.5465010404586792
          },
          {
            "X": 0.694130539894104,
            "Y": 0.5465211868286133
          },
          {
            "X": 0.6944987773895264,
            "Y": 0.5678350925445557
          },
          {
            "X": 0.672635555267334,
            "Y": 0.5678164958953857
          }
        ]
      },
      "Id": "4b84d2e9-5bbb-4858-a77e-d9d612a5f2ca",
      "Page": 1
    },
    {
      "BlockType": "WORD",
      "Confidence": 87.02816009521484,
      "Text": "+",
      "TextType": "PRINTED",
      "Geometry": {
        "BoundingBox": {
          "Width": 0.005628272425383329,
          "Height": 0.01776478812098503,
          "Left": 0.6962801218032837,
          "Top": 0.5494852066040039
        },
        "Polygon": [
          {
            "X": 0.6962801218032837,
            "Y": 0.5494852066040039
          },
          {
            "X": 0.7015994787216187,
            "Y": 0.5494900345802307
          },
          {
            "X": 0.7019084095954895,
            "Y": 0.5672500133514404
          },
          {
            "X": 0.6965875625610352,
            "Y": 0.5672454833984375
          }
        ]
      },
      "Id": "294d9bbb-d9a1-4163-83a1-d09787b04b3e",
      "Page": 1
    },
    {
      "BlockType": "WORD",
      "Confidence": 99.9670639038086,
      "Text": "70",
      "TextType": "PRINTED",
      "Geometry": {
        "BoundingBox": {
          "Width": 0.011355236172676086,
          "Height": 0.02132991887629032,
          "Left": 0.7037553787231445,
          "Top": 0.5462953448295593
        },
        "Polygon": [
          {
            "X": 0.7037553787231445,
            "Y": 0.5462953448295593
          },
          {
            "X": 0.7147352695465088,
            "Y": 0.5463054776191711
          },
          {
            "X": 0.7151105999946594,
            "Y": 0.5676252841949463
          },
          {
            "X": 0.7041270136833191,
            "Y": 0.5676159262657166
          }
        ]
      },
      "Id": "fd737161-1df8-4910-ba06-985c9973ebbd",
      "Page": 1
    },
    {
      "BlockType": "WORD",
      "Confidence": 99.8984603881836,
      "Text": "136",
      "TextType": "PRINTED",
      "Geometry": {
        "BoundingBox": {
          "Width": 0.016051819548010826,
          "Height": 0.021653110161423683,
          "Left": 0.7972235083580017,
          "Top": 0.5457779169082642
        },
        "Polygon": [
          {
            "X": 0.7972235083580017,
            "Y": 0.5457779169082642
          },
          {
            "X": 0.812860369682312,
            "Y": 0.5457924008369446
          },
          {
            "X": 0.8132753372192383,
            "Y": 0.5674309730529785
          },
          {
            "X": 0.7976330518722534,
            "Y": 0.5674176812171936
          }
        ]
      },
      "Id": "e6614078-fe7c-4c2c-a484-458a39801077",
      "Page": 1
    },
    {
      "BlockType": "TABLE",
      "Confidence": 99.560546875,
      "Geometry": {
        "BoundingBox": {
          "Width": 0.6926702260971069,
          "Height": 0.16701117157936096,
          "Left": 0.15370817482471466,
          "Top": 0.4174072742462158
        },
        "Polygon": [
          {
            "X": 0.15370817482471466,
            "Y": 0.4174072742462158
          },
          {
            "X": 0.8431068658828735,
            "Y": 0.41835445165634155
          },
          {
            "X": 0.8463784456253052,
            "Y": 0.5844184160232544
          },
          {
            "X": 0.1551474630832672,
            "Y": 0.5838717818260193
          }
        ]
      },
      "Id": "bb4c5fee-63de-4922-bb81-79ea3caf7b01",
      "Relationships": [
        {
          "Type": "CHILD",
          "Ids": [
            "7deedcfd-4023-4bb2-9a6e-5f1674804aba",
            "97e65c61-7cdf-42b1-997f-9b1377645e2c",
            "105e83c3-201e-48a9-b085-c5258a78819e",
            "f4843aad-c6e6-4e65-b0c9-a6241af9a3d7",
            "de5286cc-e2d5-45fc-be99-f4bc50a0f304",
            "eb1b7867-9705-4d1e-96fb-87eab858bfb5",
            "ec641bfa-1f6d-4c12-9205-7a1f6edd0fa5",
            "956e0439-b2e0-421e-a1c0-e23e0ead246d",
            "0783a0eb-ce17-4142-a67c-9ec5a3b1474f",
            "df9c353c-26d5-4dbd-bee4-2628348cafaf",
            "5856e668-86f3-4d09-b9d0-a27290b74736",
            "af687024-a69a-4659-929e-cbe01d264324",
            "fc571fb2-6196-4297-8153-135a767944de",
            "42aa1530-c3d7-4365-b334-168a0b53b719",
            "19d7f5ef-b7d1-4905-b2b0-0acd30817a29",
            "58e4dbcf-7e8d-4502-906a-8d6cd0e4514a",
            "e93a44ee-bfe3-49e8-b53c-064830452f1e",
            "4ce07075-2c13-494e-866b-699105831433",
            "963e3a3b-7ba2-4c78-b888-680f2e93bd95",
            "18fff89e-b2f8-41e2-8ac7-ad9734365c55"
          ]
        }
      ],
      "EntityTypes": [
        "STRUCTURED_TABLE"
      ],
      "Page": 1
    },
    {
      "BlockType": "CELL",
      "Confidence": 91.455078125,
      "RowIndex": 1,
      "ColumnIndex": 1,
      "RowSpan": 1,
      "ColumnSpan": 1,
      "Geometry": {
        "BoundingBox": {
          "Width": 0.15412770211696625,
          "Height": 0.04866573587059975,
          "Left": 0.15370817482471466,
          "Top": 0.4174072742462158
        },
        "Polygon": [
          {
            "X": 0.15370817482471466,
            "Y": 0.4174072742462158
          },
          {
            "X": 0.30729758739471436,
            "Y": 0.4176183044910431
          },
          {
            "X": 0.3078358769416809,
            "Y": 0.46607300639152527
          },
          {
            "X": 0.1541273444890976,
            "Y": 0.4658879339694977
          }
        ]
      },
      "Id": "7deedcfd-4023-4bb2-9a6e-5f1674804aba",
      "Relationships": [
        {
          "Type": "CHILD",
          "Ids": [
            "11b56b0c-822b-427c-a65f-20074947448c",
            "262eefb2-7cb0-40fe-9d73-48e422ea86df"
          ]
        }
      ],
      "EntityTypes": [
        "COLUMN_HEADER"
      ],
      "Page": 1
    },
    {
      "BlockType": "CELL",
      "Confidence": 91.845703125,
      "RowIndex": 1,
      "ColumnIndex": 2,
      "RowSpan": 1,
      "ColumnSpan": 1,
      "Geometry": {
        "BoundingBox": {
          "Width": 0.16502834856510162,
          "Height": 0.048652783036231995,
          "Left": 0.30729758739471436,
          "Top": 0.4176183044910431
        },
        "Polygon": [
          {
            "X": 0.30729758739471436,
            "Y": 0.4176183044910431
          },
          {
            "X": 0.4716603457927704,
            "Y": 0.41784411668777466
          },
          {
            "X": 0.4723259508609772,
            "Y": 0.4662710726261139
          },
          {
            "X": 0.3078358769416809,
            "Y": 0.46607300639152527
          }
        ]
      },
      "Id": "97e65c61-7cdf-42b1-997f-9b1377645e2c",
      "Relationships": [
        {
          "Type": "CHILD",
          "Ids": [
            "e306abd5-73a8-492c-8213-9408ea16c547",
            "c08186c8-5bee-4a93-a783-4bdb1a0b94b6",
            "0a2b0427-4852-496a-a8b7-3dbb5ffc15cb"
          ]
        }
      ],
      "EntityTypes": [
        "COLUMN_HEADER"
      ],
      "Page": 1
    },
    {
      "BlockType": "CELL",
      "Confidence": 92.7734375,
      "RowIndex": 1,
      "ColumnIndex": 3,
      "RowSpan": 1,
      "ColumnSpan": 1,
      "Geometry": {
        "BoundingBox": {
          "Width": 0.16190636157989502,
          "Height": 0.04862111061811447,
          "Left": 0.4716603457927704,
          "Top": 0.41784411668777466
        },
        "Polygon": [
          {
            "X": 0.4716603457927704,
            "Y": 0.41784411668777466
          },
          {
            "X": 0.6327764391899109,
            "Y": 0.41806548833847046
          },
          {
            "X": 0.6335667371749878,
            "Y": 0.4664652347564697
          },
          {
            "X": 0.4723259508609772,
            "Y": 0.4662710726261139
          }
        ]
      },
      "Id": "105e83c3-201e-48a9-b085-c5258a78819e",
      "Relationships": [
        {
          "Type": "CHILD",
          "Ids": [
            "addd288b-d80e-4eb1-86ab-83311650e8c2",
            "f1f05cb5-65e3-4cbe-a794-0dd1a4e3af72",
            "2e73087c-a917-4002-a8de-70130334d05b",
            "dc7ffd3c-0634-4ddf-a7f2-e762638c07a3"
          ]
        }
      ],
      "EntityTypes": [
        "COLUMN_HEADER"
      ],
      "Page": 1
    },
    {
      "BlockType": "CELL",
      "Confidence": 91.30859375,
      "RowIndex": 1,
      "ColumnIndex": 4,
      "RowSpan": 1,
      "ColumnSpan": 1,
      "Geometry": {
        "BoundingBox": {
          "Width": 0.13433903455734253,
          "Height": 0.04856055602431297,
          "Left": 0.6327764391899109,
          "Top": 0.41806548833847046
        },
        "Polygon": [
          {
            "X": 0.6327764391899109,
            "Y": 0.41806548833847046
          },
          {
            "X": 0.7662220597267151,
            "Y": 0.41824883222579956
          },
          {
            "X": 0.7671154737472534,
            "Y": 0.46662604808807373
          },
          {
            "X": 0.6335667371749878,
            "Y": 0.4664652347564697
          }
        ]
      },
      "Id": "f4843aad-c6e6-4e65-b0c9-a6241af9a3d7",
      "Relationships": [
        {
          "Type": "CHILD",
          "Ids": [
            "73912e39-aedf-4aea-aebf-f8cf97c2784c",
            "6e5acde1-9c47-4820-8ff6-622b206aa46d"
          ]
        }
      ],
      "EntityTypes": [
        "COLUMN_HEADER"
      ],
      "Page": 1
    },
    {
      "BlockType": "CELL",
      "Confidence": 83.544921875,
      "RowIndex": 1,
      "ColumnIndex": 5,
      "RowSpan": 1,
      "ColumnSpan": 1,
      "Geometry": {
        "BoundingBox": {
          "Width": 0.07783760875463486,
          "Height": 0.04846986383199692,
          "Left": 0.7662220597267151,
          "Top": 0.41824883222579956
        },
        "Polygon": [
          {
            "X": 0.7662220597267151,
            "Y": 0.41824883222579956
          },
          {
            "X": 0.8431068658828735,
            "Y": 0.41835445165634155
          },
          {
            "X": 0.8440596461296082,
            "Y": 0.4667186737060547
          },
          {
            "X": 0.7671154737472534,
            "Y": 0.46662604808807373
          }
        ]
      },
      "Id": "de5286cc-e2d5-45fc-be99-f4bc50a0f304",
      "Relationships": [
        {
          "Type": "CHILD",
          "Ids": [
            "e7290f36-03e7-49fa-ae1f-ce968c44e6de",
            "3a2f4a52-9a04-49a0-8cf1-7ac126ef873f"
          ]
        }
      ],
      "EntityTypes": [
        "COLUMN_HEADER"
      ],
      "Page": 1
    },
    {
      "BlockType": "CELL",
      "Confidence": 81.25,
      "RowIndex": 2,
      "ColumnIndex": 1,
      "RowSpan": 1,
      "ColumnSpan": 1,
      "Geometry": {
        "BoundingBox": {
          "Width": 0.15417109429836273,
          "Height": 0.04182402417063713,
          "Left": 0.1541273444890976,
          "Top": 0.4658879339694977
        },
        "Polygon": [
          {
            "X": 0.1541273444890976,
            "Y": 0.4658879339694977
          },
          {
            "X": 0.3078358769416809,
            "Y": 0.46607300639152527
          },
          {
            "X": 0.3082984387874603,
            "Y": 0.5077119469642639
          },
          {
            "X": 0.15448756515979767,
            "Y": 0.5075491666793823
          }
        ]
      },
      "Id": "eb1b7867-9705-4d1e-96fb-87eab858bfb5",
      "Relationships": [
        {
          "Type": "CHILD",
          "Ids": [
            "ea8412cd-102f-4173-ad99-4af9ff7b1373"
          ]
        }
      ],
      "Page": 1
    },
    {
      "BlockType": "CELL",
      "Confidence": 81.591796875,
      "RowIndex": 2,
      "ColumnIndex": 2,
      "RowSpan": 1,
      "ColumnSpan": 1,
      "Geometry": {
        "BoundingBox": {
          "Width": 0.1650620549917221,
          "Height": 0.04181312024593353,
          "Left": 0.3078358769416809,
          "Top": 0.46607300639152527
        },
        "Polygon": [
          {
            "X": 0.3078358769416809,
            "Y": 0.46607300639152527
          },
          {
            "X": 0.4723259508609772,
            "Y": 0.4662710726261139
          },
          {
            "X": 0.4728979468345642,
            "Y": 0.5078861117362976
          },
          {
            "X": 0.3082984387874603,
            "Y": 0.5077119469642639
          }
        ]
      },
      "Id": "ec641bfa-1f6d-4c12-9205-7a1f6edd0fa5",
      "Relationships": [
        {
          "Type": "CHILD",
          "Ids": [
            "abd2456f-4e84-404e-bf51-08d7a602a3c9",
            "7d35a76a-92b4-4c06-8555-c433f8bfb2bf",
            "1a5cb346-1cd0-4d02-bd18-370f7aaea8a2"
          ]
        }
      ],
      "Page": 1
    },
    {
      "BlockType": "CELL",
      "Confidence": 82.421875,
      "RowIndex": 2,
      "ColumnIndex": 3,
      "RowSpan": 1,
      "ColumnSpan": 1,
      "Geometry": {
        "BoundingBox": {
          "Width": 0.16191987693309784,
          "Height": 0.041785791516304016,
          "Left": 0.4723259508609772,
          "Top": 0.4662710726261139
        },
        "Polygon": [
          {
            "X": 0.4723259508609772,
            "Y": 0.4662710726261139
          },
          {
            "X": 0.6335667371749878,
            "Y": 0.4664652347564697
          },
          {
            "X": 0.6342458128929138,
            "Y": 0.5080568790435791
          },
          {
            "X": 0.4728979468345642,
            "Y": 0.5078861117362976
          }
        ]
      },
      "Id": "956e0439-b2e0-421e-a1c0-e23e0ead246d",
      "Relationships": [
        {
          "Type": "CHILD",
          "Ids": [
            "4c3e711e-4fe9-4ac6-80a9-16da133b1ee6",
            "5b1b1652-0d85-43d4-aa36-40bacdf50d87",
            "014edcdd-3cef-4b4f-8f9f-421d762417a1"
          ]
        }
      ],
      "Page": 1
    },
    {
      "BlockType": "CELL",
      "Confidence": 81.103515625,
      "RowIndex": 2,
      "ColumnIndex": 4,
      "RowSpan": 1,
      "ColumnSpan": 1,
      "Geometry": {
        "BoundingBox": {
          "Width": 0.13431651890277863,
          "Height": 0.04173305258154869,
          "Left": 0.6335667371749878,
          "Top": 0.4664652347564697
        },
        "Polygon": [
          {
            "X": 0.6335667371749878,
            "Y": 0.4664652347564697
          },
          {
            "X": 0.7671154737472534,
            "Y": 0.46662604808807373
          },
          {
            "X": 0.7678832411766052,
            "Y": 0.5081982612609863
          },
          {
            "X": 0.6342458128929138,
            "Y": 0.5080568790435791
          }
        ]
      },
      "Id": "0783a0eb-ce17-4142-a67c-9ec5a3b1474f",
      "Relationships": [
        {
          "Type": "CHILD",
          "Ids": [
            "c2b27f33-d05b-4070-a654-1eac9ae7999d",
            "55442ac2-3454-4f33-86f8-4db962172d7f",
            "be3eb79b-71d0-4564-9830-4a946218e245"
          ]
        }
      ],
      "Page": 1
    },
    {
      "BlockType": "CELL",
      "Confidence": 74.21875,
      "RowIndex": 2,
      "ColumnIndex": 5,
      "RowSpan": 1,
      "ColumnSpan": 1,
      "Geometry": {
        "BoundingBox": {
          "Width": 0.07776296883821487,
          "Height": 0.041653718799352646,
          "Left": 0.7671154737472534,
          "Top": 0.46662604808807373
        },
        "Polygon": [
          {
            "X": 0.7671154737472534,
            "Y": 0.46662604808807373
          },
          {
            "X": 0.8440596461296082,
            "Y": 0.4667186737060547
          },
          {
            "X": 0.8448784351348877,
            "Y": 0.5082797408103943
          },
          {
            "X": 0.7678832411766052,
            "Y": 0.5081982612609863
          }
        ]
      },
      "Id": "df9c353c-26d5-4dbd-bee4-2628348cafaf",
      "Relationships": [
        {
          "Type": "CHILD",
          "Ids": [
            "2cdb3e0c-676c-4ca5-914f-67245137f7ea"
          ]
        }
      ],
      "Page": 1
    },
    {
      "BlockType": "CELL",
      "Confidence": 77.1484375,
      "RowIndex": 3,
      "ColumnIndex": 1,
      "RowSpan": 1,
      "ColumnSpan": 1,
      "Geometry": {
        "BoundingBox": {
          "Width": 0.15418139100074768,
          "Height": 0.03351394087076187,
          "Left": 0.15448756515979767,
          "Top": 0.5075491666793823
        },
        "Polygon": [
          {
            "X": 0.15448756515979767,
            "Y": 0.5075491666793823
          },
          {
            "X": 0.3082984387874603,
            "Y": 0.5077119469642639
          },
          {
            "X": 0.30866894125938416,
            "Y": 0.541063129901886
          },
          {
            "X": 0.15477608144283295,
            "Y": 0.5409182906150818
          }
        ]
      },
      "Id": "5856e668-86f3-4d09-b9d0-a27290b74736",
      "Relationships": [
        {
          "Type": "CHILD",
          "Ids": [
            "2191c508-fd74-4e67-b9c6-d42340b00ce8",
            "b7f5f9d1-eca8-4600-9ac1-bc9a02e0f448"
          ]
        }
      ],
      "Page": 1
    },
    {
      "BlockType": "CELL",
      "Confidence": 77.5390625,
      "RowIndex": 3,
      "ColumnIndex": 2,
      "RowSpan": 1,
      "ColumnSpan": 1,
      "Geometry": {
        "BoundingBox": {
          "Width": 0.16505761444568634,
          "Height": 0.033506203442811966,
          "Left": 0.3082984387874603,
          "Top": 0.5077119469642639
        },
        "Polygon": [
          {
            "X": 0.3082984387874603,
            "Y": 0.5077119469642639
          },
          {
            "X": 0.4728979468345642,
            "Y": 0.5078861117362976
          },
          {
            "X": 0.47335606813430786,
            "Y": 0.5412181615829468
          },
          {
            "X": 0.30866894125938416,
            "Y": 0.541063129901886
          }
        ]
      },
      "Id": "af687024-a69a-4659-929e-cbe01d264324",
      "Relationships": [
        {
          "Type": "CHILD",
          "Ids": [
            "b6148558-f83b-495d-abdc-dffb3c288c3b",
            "9afdfb73-d595-4d66-bc2f-bb3c7bf4149c",
            "d5331ff7-9fd5-4b1c-8caa-e88cf5c9023d"
          ]
        }
      ],
      "Page": 1
    },
    {
      "BlockType": "CELL",
      "Confidence": 78.271484375,
      "RowIndex": 3,
      "ColumnIndex": 3,
      "RowSpan": 1,
      "ColumnSpan": 1,
      "Geometry": {
        "BoundingBox": {
          "Width": 0.16189183294773102,
          "Height": 0.03348398208618164,
          "Left": 0.4728979468345642,
          "Top": 0.5078861117362976
        },
        "Polygon": [
          {
            "X": 0.4728979468345642,
            "Y": 0.5078861117362976
          },
          {
            "X": 0.6342458128929138,
            "Y": 0.5080568790435791
          },
          {
            "X": 0.634789764881134,
            "Y": 0.5413700938224792
          },
          {
            "X": 0.47335606813430786,
            "Y": 0.5412181615829468
          }
        ]
      },
      "Id": "fc571fb2-6196-4297-8153-135a767944de",
      "Relationships": [
        {
          "Type": "CHILD",
          "Ids": [
            "9616b5ef-b8da-409d-aa0a-a9d072ede630",
            "16794252-5b76-4945-aafc-f4b094f1701c",
            "edf02e31-cff6-491b-b76c-e34e96eff296"
          ]
        }
      ],
      "Page": 1
    },
    {
      "BlockType": "CELL",
      "Confidence": 77.05078125,
      "RowIndex": 3,
      "ColumnIndex": 4,
      "RowSpan": 1,
      "ColumnSpan": 1,
      "Geometry": {
        "BoundingBox": {
          "Width": 0.13425233960151672,
          "Height": 0.03343910723924637,
          "Left": 0.6342458128929138,
          "Top": 0.5080568790435791
        },
        "Polygon": [
          {
            "X": 0.6342458128929138,
            "Y": 0.5080568790435791
          },
          {
            "X": 0.7678832411766052,
            "Y": 0.5081982612609863
          },
          {
            "X": 0.7684981822967529,
            "Y": 0.5414959788322449
          },
          {
            "X": 0.634789764881134,
            "Y": 0.5413700938224792
          }
        ]
      },
      "Id": "42aa1530-c3d7-4365-b334-168a0b53b719",
      "Relationships": [
        {
          "Type": "CHILD",
          "Ids": [
            "960b5fa3-0311-40da-8505-e2cc41fd7d9c",
            "a28f7a83-5028-472a-8df9-229985b09461",
            "097017b9-5ba4-4b00-b031-c979c0fe6e5f"
          ]
        }
      ],
      "Page": 1
    },
    {
      "BlockType": "CELL",
      "Confidence": 70.5078125,
      "RowIndex": 3,
      "ColumnIndex": 5,
      "RowSpan": 1,
      "ColumnSpan": 1,
      "Geometry": {
        "BoundingBox": {
          "Width": 0.07765103131532669,
          "Height": 0.033370207995176315,
          "Left": 0.7678832411766052,
          "Top": 0.5081982612609863
        },
        "Polygon": [
          {
            "X": 0.7678832411766052,
            "Y": 0.5081982612609863
          },
          {
            "X": 0.8448784351348877,
            "Y": 0.5082797408103943
          },
          {
            "X": 0.8455342650413513,
            "Y": 0.5415685176849365
          },
          {
            "X": 0.7684981822967529,
            "Y": 0.5414959788322449
          }
        ]
      },
      "Id": "19d7f5ef-b7d1-4905-b2b0-0acd30817a29",
      "Relationships": [
        {
          "Type": "CHILD",
          "Ids": [
            "06e6e84f-90f7-4ffc-9f51-28a848889836"
          ]
        }
      ],
      "Page": 1
    },
    {
      "BlockType": "CELL",
      "Confidence": 90.52734375,
      "RowIndex": 4,
      "ColumnIndex": 1,
      "RowSpan": 1,
      "ColumnSpan": 1,
      "Geometry": {
        "BoundingBox": {
          "Width": 0.1543697863817215,
          "Height": 0.04307529330253601,
          "Left": 0.15477608144283295,
          "Top": 0.5409182906150818
        },
        "Polygon": [
          {
            "X": 0.15477608144283295,
            "Y": 0.5409182906150818
          },
          {
            "X": 0.30866894125938416,
            "Y": 0.541063129901886
          },
          {
            "X": 0.30914586782455444,
            "Y": 0.5839935541152954
          },
          {
            "X": 0.1551474630832672,
            "Y": 0.5838717818260193
          }
        ]
      },
      "Id": "58e4dbcf-7e8d-4502-906a-8d6cd0e4514a",
      "Relationships": [
        {
          "Type": "CHILD",
          "Ids": [
            "3ad2b1fa-02c1-46a0-9786-cceb937dc482",
            "4b693ff0-4125-4446-ad1a-686ae64a0f0e",
            "c7f000aa-32ca-4a98-bbf3-d8419271053b"
          ]
        }
      ],
      "Page": 1
    },
    {
      "BlockType": "CELL",
      "Confidence": 90.91796875,
      "RowIndex": 4,
      "ColumnIndex": 2,
      "RowSpan": 1,
      "ColumnSpan": 1,
      "Geometry": {
        "BoundingBox": {
          "Width": 0.16527684032917023,
          "Height": 0.04306076467037201,
          "Left": 0.30866894125938416,
          "Top": 0.541063129901886
        },
        "Polygon": [
          {
            "X": 0.30866894125938416,
            "Y": 0.541063129901886
          },
          {
            "X": 0.47335606813430786,
            "Y": 0.5412181615829468
          },
          {
            "X": 0.4739457964897156,
            "Y": 0.5841239094734192
          },
          {
            "X": 0.30914586782455444,
            "Y": 0.5839935541152954
          }
        ]
      },
      "Id": "e93a44ee-bfe3-49e8-b53c-064830452f1e",
      "Relationships": [
        {
          "Type": "CHILD",
          "Ids": [
            "32cb2584-3c93-4ed5-a3d3-8162494e2784",
            "0aace048-a0ac-4c23-83c2-90652d7450fe",
            "2c8c4888-7ad5-47b3-877a-5a297357a81f"
          ]
        }
      ],
      "Page": 1
    },
    {
      "BlockType": "CELL",
      "Confidence": 91.845703125,
      "RowIndex": 4,
      "ColumnIndex": 3,
      "RowSpan": 1,
      "ColumnSpan": 1,
      "Geometry": {
        "BoundingBox": {
          "Width": 0.16213387250900269,
          "Height": 0.043033502995967865,
          "Left": 0.47335606813430786,
          "Top": 0.5412181615829468
        },
        "Polygon": [
          {
            "X": 0.47335606813430786,
            "Y": 0.5412181615829468
          },
          {
            "X": 0.634789764881134,
            "Y": 0.5413700938224792
          },
          {
            "X": 0.6354899406433105,
            "Y": 0.5842516422271729
          },
          {
            "X": 0.4739457964897156,
            "Y": 0.5841239094734192
          }
        ]
      },
      "Id": "4ce07075-2c13-494e-866b-699105831433",
      "Relationships": [
        {
          "Type": "CHILD",
          "Ids": [
            "d4192f74-d654-4c01-bfdc-8f8756f2d856",
            "331fa3b4-4be5-40cd-bd50-deaefd406cd2",
            "f55e1969-f52f-4242-a400-7325a8692282"
          ]
        }
      ],
      "Page": 1
    },
    {
      "BlockType": "CELL",
      "Confidence": 90.380859375,
      "RowIndex": 4,
      "ColumnIndex": 4,
      "RowSpan": 1,
      "ColumnSpan": 1,
      "Geometry": {
        "BoundingBox": {
          "Width": 0.13449996709823608,
          "Height": 0.04298735782504082,
          "Left": 0.634789764881134,
          "Top": 0.5413700938224792
        },
        "Polygon": [
          {
            "X": 0.634789764881134,
            "Y": 0.5413700938224792
          },
          {
            "X": 0.7684981822967529,
            "Y": 0.5414959788322449
          },
          {
            "X": 0.7692897319793701,
            "Y": 0.5843574404716492
          },
          {
            "X": 0.6354899406433105,
            "Y": 0.5842516422271729
          }
        ]
      },
      "Id": "963e3a3b-7ba2-4c78-b888-680f2e93bd95",
      "Relationships": [
        {
          "Type": "CHILD",
          "Ids": [
            "4b84d2e9-5bbb-4858-a77e-d9d612a5f2ca",
            "294d9bbb-d9a1-4163-83a1-d09787b04b3e",
            "fd737161-1df8-4910-ba06-985c9973ebbd"
          ]
        }
      ],
      "Page": 1
    },
    {
      "BlockType": "CELL",
      "Confidence": 82.71484375,
      "RowIndex": 4,
      "ColumnIndex": 5,
      "RowSpan": 1,
      "ColumnSpan": 1,
      "Geometry": {
        "BoundingBox": {
          "Width": 0.07788026332855225,
          "Height": 0.04292246326804161,
          "Left": 0.7684981822967529,
          "Top": 0.5414959788322449
        },
        "Polygon": [
          {
            "X": 0.7684981822967529,
            "Y": 0.5414959788322449
          },
          {
            "X": 0.8455342650413513,
            "Y": 0.5415685176849365
          },
          {
            "X": 0.8463784456253052,
            "Y": 0.5844184160232544
          },
          {
            "X": 0.7692897319793701,
            "Y": 0.5843574404716492
          }
        ]
      },
      "Id": "18fff89e-b2f8-41e2-8ac7-ad9734365c55",
      "Relationships": [
        {
          "Type": "CHILD",
          "Ids": [
            "e6614078-fe7c-4c2c-a484-458a39801077"
          ]
        }
      ],
      "Page": 1
    }
  ],
  "AnalyzeDocumentModelVersion": "1.0"
}