{
  "DocumentMetadata": {
    "Pages": 1
  },
  "JobStatus": "SUCCEEDED",
  "Blocks": [
    {
      "BlockType": "PAGE",
      "Geometry": {
        "BoundingBox": {
          "Width": 1,
          "Height": 1,
          "Left": 0,
          "Top": 0
        },
        "Polygon": [
          {
            "X": 0.00002131085238943342,
            "Y": 0
          },
          {
            "X": 1,
            "Y": 0.0000037952058846713044
          },
          {
            "X": 1,
            "Y": 1
          },
          {
            "X": 0,
            "Y": 1
          }
        ]
      },
      "Id": "f7ac6d28-3673-46a0-af5a-41a5be18a111",
      "Relationships": [
        {
          "Type": "CHILD",
          "Ids": [
            "aa33bd25-d54c-402f-b2ea-1b5f699fe0a6",
            "2ba76b09-2ad1-4aad-8574-290f161eb31f",
            "288c325a-ce61-4c15-983c-10f3cb4641ce",
            "0db7107b-be00-46dc-9a26-57e592cf3f03",
            "17fd55c8-e30e-4948-b27f-b91e505c0706",
            "491db7cd-7ba6-4423-95c3-60cafba71181",
            "417f9e4a-f7e3-4ee7-9bbe-be8b6ac8c020",
            "04fafbb3-f7cc-4750-80f4-720f1972a27b",
            "767743b8-5222-4717-8f43-48fb1d6258b2",
            "7161005e-98d9-45b9-b3bb-86fca6bb0021",
            "68f253a4-bced-4ad3-84db-82b096254642",
            "0ad5fd43-bd5e-49bd-96ba-e4862f18eb9a",
            "e9ad249d-d0dc-4331-b366-ab7fb65c6ade",
            "6472da07-e92f-4560-93f6-5dcef78ad026",
            "33b41a20-84b4-4677-b7a7-a1db08083a2f",
            "67c1b10c-466b-4e5e-a382-0738c2bbbf07"
          ]
        }
      ],
      "Page": 1
    },
    {
      "BlockType": "LINE",
      "Confidence": 99.94796752929688,
      "Text": "Material",
      "Geometry": {
        "BoundingBox": {
          "Width": 0.0506683811545372,
          "Height": 0.019088566303253174,
          "Left": 0.24602898955345154,
          "Top": 0.4188864231109619
        },
        "Polygon": [
          {
            "X": 0.24608001112937927,
            "Y": 0.4188864231109619
          },
          {
            "X": 0.29669737815856934,
            "Y": 0.41896936297416687
          },
          {
            "X": 0.29665252566337585,
            "Y": 0.4379749894142151
          },
          {
            "X": 0.24602898955345154,
            "Y": 0.43789970874786377
          }
        ]
      },
      "Id": "aa33bd25-d54c-402f-b2ea-1b5f699fe0a6",
      "Relationships": [
        {
          "Type": "CHILD",
          "Ids": [
            "c360b723-e26a-4c2a-a5ab-72a6a8e9f265"
          ]
        }
      ],
      "Page": 1
    },
    {
      "BlockType": "LINE",
      "Confidence": 98.39192199707031,
      "Text": "Capacity(mg/g)",
      "Geometry": {
        "BoundingBox": {
          "Width": 0.09436669945716858,
          "Height": 0.024419931694865227,
          "Left": 0.46981731057167053,
          "Top": 0.41910645365715027
        },
        "Polygon": [
          {
            "X": 0.46984773874282837,
            "Y": 0.41910645365715027
          },
          {
            "X": 0.5641840100288391,
            "Y": 0.41926109790802
          },
          {
            "X": 0.5641682744026184,
            "Y": 0.44352638721466064
          },
          {
            "X": 0.46981731057167053,
            "Y": 0.4433899223804474
          }
        ]
      },
      "Id": "2ba76b09-2ad1-4aad-8574-290f161eb31f",
      "Relationships": [
        {
          "Type": "CHILD",
          "Ids": [
            "c05c85bd-cc21-4b9e-8e7f-94996fdc3a9f"
          ]
        }
      ],
      "Page": 1
    },
    {
      "BlockType": "LINE",
      "Confidence": 99.86200714111328,
      "Text": "Reference",
      "Geometry": {
        "BoundingBox": {
          "Width": 0.05955023691058159,
          "Height": 0.019312670454382896,
          "Left": 0.6948422789573669,
          "Top": 0.41890180110931396
        },
        "Polygon": [
          {
            "X": 0.6948422789573669,
            "Y": 0.41890180110931396
          },
          {
            "X": 0.7543815970420837,
            "Y": 0.41899967193603516
          },
          {
            "X": 0.7543925642967224,
            "Y": 0.4382144808769226
          },
          {
            "X": 0.6948459148406982,
            "Y": 0.43812569975852966
          }
        ]
      },
      "Id": "288c325a-ce61-4c15-983c-10f3cb4641ce",
      "Relationships": [
        {
          "Type": "CHILD",
          "Ids": [
            "2a9eff7b-237c-432e-9adb-ea28c82d89b8"
          ]
        }
      ],
      "Page": 1
    },
    {
      "BlockType": "LINE",
      "Confidence": 67.52363586425781,
      "Text": "Bi15/Al-DMAPS",
      "Geometry": {
        "BoundingBox": {
          "Width": 0.09363805502653122,
          "Height": 0.023034533485770226,
          "Left": 0.24608241021633148,
          "Top": 0.4673795700073242
        },
        "Polygon": [
          {
            "X": 0.24614393711090088,
            "Y": 0.4673795700073242
          },
          {
            "X": 0.3397204577922821,
            "Y": 0.4674968421459198
          },
          {
            "X": 0.339672714471817,
            "Y": 0.4904140830039978
          },
          {
            "X": 0.24608241021633148,
            "Y": 0.4903137981891632
          }
        ]
      },
      "Id": "0db7107b-be00-46dc-9a26-57e592cf3f03",
      "Relationships": [
        {
          "Type": "CHILD",
          "Ids": [
            "4861bc8a-2fa5-4a05-a486-2dfc2ba3fe60"
          ]
        }
      ],
      "Page": 1
    },
    {
      "BlockType": "LINE",
      "Confidence": 99.96347045898438,
      "Text": "251.3",
      "Geometry": {
        "BoundingBox": {
          "Width": 0.034060217440128326,
          "Height": 0.018834546208381653,
          "Left": 0.47012218832969666,
          "Top": 0.4677736163139343
        },
        "Polygon": [
          {
            "X": 0.47014567255973816,
            "Y": 0.4677736163139343
          },
          {
            "X": 0.5041823983192444,
            "Y": 0.46781623363494873
          },
          {
            "X": 0.5041629672050476,
            "Y": 0.4866081476211548
          },
          {
            "X": 0.47012218832969666,
            "Y": 0.4865705966949463
          }
        ]
      },
      "Id": "17fd55c8-e30e-4948-b27f-b91e505c0706",
      "Relationships": [
        {
          "Type": "CHILD",
          "Ids": [
            "52a12dbd-54ac-4d6e-9bcc-7262a7c2576e"
          ]
        }
      ],
      "Page": 1
    },
    {
      "BlockType": "LINE",
      "Confidence": 99.96356964111328,
      "Text": "This work",
      "Geometry": {
        "BoundingBox": {
          "Width": 0.06065789982676506,
          "Height": 0.01948164589703083,
          "Left": 0.6947615742683411,
          "Top": 0.4668310284614563
        },
        "Polygon": [
          {
            "X": 0.6947615742683411,
            "Y": 0.4668310284614563
          },
          {
            "X": 0.7554083466529846,
            "Y": 0.4669075906276703
          },
          {
            "X": 0.7554194927215576,
            "Y": 0.4863126873970032
          },
          {
            "X": 0.6947652101516724,
            "Y": 0.4862454831600189
          }
        ]
      },
      "Id": "491db7cd-7ba6-4423-95c3-60cafba71181",
      "Relationships": [
        {
          "Type": "CHILD",
          "Ids": [
            "de9106e1-8dff-4a30-858a-f22bd07e52ca",
            "3a0e3ab3-a1bd-4543-82b6-c480e568826d"
          ]
        }
      ],
      "Page": 1
    },
    {
      "BlockType": "LINE",
      "Confidence": 84.89562225341797,
      "Text": "Bi2O2.33",
      "Geometry": {
        "BoundingBox": {
          "Width": 0.04891495779156685,
          "Height": 0.02388257533311844,
          "Left": 0.24532514810562134,
          "Top": 0.5006672739982605
        },
        "Polygon": [
          {
            "X": 0.2453892081975937,
            "Y": 0.5006672739982605
          },
          {
            "X": 0.2942400872707367,
            "Y": 0.5007156133651733
          },
          {
            "X": 0.29418349266052246,
            "Y": 0.5245499014854431
          },
          {
            "X": 0.24532514810562134,
            "Y": 0.5245108008384705
          }
        ]
      },
      "Id": "417f9e4a-f7e3-4ee7-9bbe-be8b6ac8c020",
      "Relationships": [
        {
          "Type": "CHILD",
          "Ids": [
            "308ebeb2-97c4-407f-b38c-c455e6c682b2"
          ]
        }
      ],
      "Page": 1
    },
    {
      "BlockType": "LINE",
      "Confidence": 99.74359130859375,
      "Text": "284.9",
      "Geometry": {
        "BoundingBox": {
          "Width": 0.034118056297302246,
          "Height": 0.018829619511961937,
          "Left": 0.47013285756111145,
          "Top": 0.4998946487903595
        },
        "Polygon": [
          {
            "X": 0.47015637159347534,
            "Y": 0.4998946487903595
          },
          {
            "X": 0.5042509436607361,
            "Y": 0.49992862343788147
          },
          {
            "X": 0.5042315125465393,
            "Y": 0.518724262714386
          },
          {
            "X": 0.47013285756111145,
            "Y": 0.5186953544616699
          }
        ]
      },
      "Id": "04fafbb3-f7cc-4750-80f4-720f1972a27b",
      "Relationships": [
        {
          "Type": "CHILD",
          "Ids": [
            "3296ed2b-b8a5-4c09-a43a-76870e07ac72"
          ]
        }
      ],
      "Page": 1
    },
    {
      "BlockType": "LINE",
      "Confidence": 99.1140365600586,
      "Text": "[35]",
      "Geometry": {
        "BoundingBox": {
          "Width": 0.024416882544755936,
          "Height": 0.022594032809138298,
          "Left": 0.6961866617202759,
          "Top": 0.49910852313041687
        },
        "Polygon": [
          {
            "X": 0.6961866617202759,
            "Y": 0.49910852313041687
          },
          {
            "X": 0.7205955982208252,
            "Y": 0.49913305044174194
          },
          {
            "X": 0.7206035256385803,
            "Y": 0.5217025279998779
          },
          {
            "X": 0.6961910724639893,
            "Y": 0.5216823816299438
          }
        ]
      },
      "Id": "767743b8-5222-4717-8f43-48fb1d6258b2",
      "Relationships": [
        {
          "Type": "CHILD",
          "Ids": [
            "92ddb90b-9310-4010-a6b5-5bc2adb74024"
          ]
        }
      ],
      "Page": 1
    },
    {
      "BlockType": "LINE",
      "Confidence": 59.82543182373047,
      "Text": "Bi2O3/LDH",
      "Geometry": {
        "BoundingBox": {
          "Width": 0.06753016263246536,
          "Height": 0.022593535482883453,
          "Left": 0.24577689170837402,
          "Top": 0.5318796634674072
        },
        "Polygon": [
          {
            "X": 0.24583742022514343,
            "Y": 0.5318796634674072
          },
          {
            "X": 0.3133070468902588,
            "Y": 0.5319297313690186
          },
          {
            "X": 0.31325626373291016,
            "Y": 0.5544732213020325
          },
          {
            "X": 0.24577689170837402,
            "Y": 0.5544352531433105
          }
        ]
      },
      "Id": "7161005e-98d9-45b9-b3bb-86fca6bb0021",
      "Relationships": [
        {
          "Type": "CHILD",
          "Ids": [
            "23804c75-0741-4496-9c2b-19fdee50a66d"
          ]
        }
      ],
      "Page": 1
    },
    {
      "BlockType": "LINE",
      "Confidence": 99.91297912597656,
      "Text": "101.9",
      "Geometry": {
        "BoundingBox": {
          "Width": 0.03335602954030037,
          "Height": 0.018504004925489426,
          "Left": 0.4709031283855438,
          "Top": 0.5320119261741638
        },
        "Polygon": [
          {
            "X": 0.4709261357784271,
            "Y": 0.5320119261741638
          },
          {
            "X": 0.5042591691017151,
            "Y": 0.5320366621017456
          },
          {
            "X": 0.504240095615387,
            "Y": 0.5505159497261047
          },
          {
            "X": 0.4709031283855438,
            "Y": 0.5504961013793945
          }
        ]
      },
      "Id": "68f253a4-bced-4ad3-84db-82b096254642",
      "Relationships": [
        {
          "Type": "CHILD",
          "Ids": [
            "399e1469-497e-4e24-b0d7-9c9253740cd3"
          ]
        }
      ],
      "Page": 1
    },
    {
      "BlockType": "LINE",
      "Confidence": 97.91248321533203,
      "Text": "[36]",
      "Geometry": {
        "BoundingBox": {
          "Width": 0.024209318682551384,
          "Height": 0.02222026139497757,
          "Left": 0.6965048909187317,
          "Top": 0.5315647125244141
        },
        "Polygon": [
          {
            "X": 0.6965048909187317,
            "Y": 0.5315647125244141
          },
          {
            "X": 0.7207064032554626,
            "Y": 0.5315828323364258
          },
          {
            "X": 0.7207142114639282,
            "Y": 0.553784966468811
          },
          {
            "X": 0.6965092420578003,
            "Y": 0.5537711977958679
          }
        ]
      },
      "Id": "0ad5fd43-bd5e-49bd-96ba-e4862f18eb9a",
      "Relationships": [
        {
          "Type": "CHILD",
          "Ids": [
            "865be4f7-83b7-4d4a-bbe2-6f2a3fe83ff4"
          ]
        }
      ],
      "Page": 1
    },
    {
      "BlockType": "LINE",
      "Confidence": 98.916748046875,
      "Text": "Bi-GO",
      "Geometry": {
        "BoundingBox": {
          "Width": 0.03577909246087074,
          "Height": 0.017972202971577644,
          "Left": 0.24624040722846985,
          "Top": 0.5644698143005371
        },
        "Polygon": [
          {
            "X": 0.24628855288028717,
            "Y": 0.5644698143005371
          },
          {
            "X": 0.2820194959640503,
            "Y": 0.5644870400428772
          },
          {
            "X": 0.28197547793388367,
            "Y": 0.5824419856071472
          },
          {
            "X": 0.24624040722846985,
            "Y": 0.582429826259613
          }
        ]
      },
      "Id": "e9ad249d-d0dc-4331-b366-ab7fb65c6ade",
      "Relationships": [
        {
          "Type": "CHILD",
          "Ids": [
            "ad9a9dc8-abfa-42c3-a445-01e367382aed"
          ]
        }
      ],
      "Page": 1
    },
    {
      "BlockType": "LINE",
      "Confidence": 99.99077606201172,
      "Text": "230",
      "Geometry": {
        "BoundingBox": {
          "Width": 0.022685831412672997,
          "Height": 0.018267488107085228,
          "Left": 0.47025617957115173,
          "Top": 0.5644155740737915
        },
        "Polygon": [
          {
            "X": 0.4702789783477783,
            "Y": 0.5644155740737915
          },
          {
            "X": 0.4929420053958893,
            "Y": 0.5644265413284302
          },
          {
            "X": 0.4929218590259552,
            "Y": 0.5826830267906189
          },
          {
            "X": 0.47025617957115173,
            "Y": 0.5826753377914429
          }
        ]
      },
      "Id": "6472da07-e92f-4560-93f6-5dcef78ad026",
      "Relationships": [
        {
          "Type": "CHILD",
          "Ids": [
            "a27018e3-c662-4ba8-ad91-1803cea47b37"
          ]
        }
      ],
      "Page": 1
    },
    {
      "BlockType": "LINE",
      "Confidence": 98.93626403808594,
      "Text": "[15]",
      "Geometry": {
        "BoundingBox": {
          "Width": 0.024307239800691605,
          "Height": 0.021986622363328934,
          "Left": 0.6964108347892761,
          "Top": 0.5639333724975586
        },
        "Polygon": [
          {
            "X": 0.6964108347892761,
            "Y": 0.5639333724975586
          },
          {
            "X": 0.7207103371620178,
            "Y": 0.5639452338218689
          },
          {
            "X": 0.7207180857658386,
            "Y": 0.585919976234436
          },
          {
            "X": 0.6964151263237,
            "Y": 0.5859123468399048
          }
        ]
      },
      "Id": "33b41a20-84b4-4677-b7a7-a1db08083a2f",
      "Relationships": [
        {
          "Type": "CHILD",
          "Ids": [
            "53c605e9-32df-4843-9839-98ed0379b654"
          ]
        }
      ],
      "Page": 1
    },
    {
      "BlockType": "WORD",
      "Confidence": 99.94796752929688,
      "Text": "Material",
      "TextType": "PRINTED",
      "Geometry": {
        "BoundingBox": {
          "Width": 0.0506683811545372,
          "Height": 0.019088566303253174,
          "Left": 0.24602898955345154,
          "Top": 0.4188864231109619
        },
        "Polygon": [
          {
            "X": 0.24608001112937927,
            "Y": 0.4188864231109619
          },
          {
            "X": 0.29669737815856934,
            "Y": 0.41896936297416687
          },
          {
            "X": 0.29665252566337585,
            "Y": 0.4379749894142151
          },
          {
            "X": 0.24602898955345154,
            "Y": 0.43789970874786377
          }
        ]
      },
      "Id": "c360b723-e26a-4c2a-a5ab-72a6a8e9f265",
      "Page": 1
    },
    {
      "BlockType": "WORD",
      "Confidence": 98.39192199707031,
      "Text": "Capacity(mg/g)",
      "TextType": "PRINTED",
      "Geometry": {
        "BoundingBox": {
          "Width": 0.09436669945716858,
          "Height": 0.024419931694865227,
          "Left": 0.46981731057167053,
          "Top": 0.41910645365715027
        },
        "Polygon": [
          {
            "X": 0.46984773874282837,
            "Y": 0.41910645365715027
          },
          {
            "X": 0.5641840100288391,
            "Y": 0.41926109790802
          },
          {
            "X": 0.5641682744026184,
            "Y": 0.44352638721466064
          },
          {
            "X": 0.46981731057167053,
            "Y": 0.4433899223804474
          }
        ]
      },
      "Id": "c05c85bd-cc21-4b9e-8e7f-94996fdc3a9f",
      "Page": 1
    },
    {
      "BlockType": "WORD",
      "Confidence": 99.86200714111328,
      "Text": "Reference",
      "TextType": "PRINTED",
      "Geometry": {
        "BoundingBox": {
          "Width": 0.05955023691058159,
          "Height": 0.019312670454382896,
          "Left": 0.6948422789573669,
          "Top": 0.41890180110931396
        },
        "Polygon": [
          {
            "X": 0.6948422789573669,
            "Y": 0.41890180110931396
          },
          {
            "X": 0.7543815970420837,
            "Y": 0.41899967193603516
          },
          {
            "X": 0.7543925642967224,
            "Y": 0.4382144808769226
          },
          {
            "X": 0.6948459148406982,
            "Y": 0.43812569975852966
          }
        ]
      },
      "Id": "2a9eff7b-237c-432e-9adb-ea28c82d89b8",
      "Page": 1
    },
    {
      "BlockType": "WORD",
      "Confidence": 67.52363586425781,
      "Text": "Bi15/Al-DMAPS",
      "TextType": "PRINTED",
      "Geometry": {
        "BoundingBox": {
          "Width": 0.09363805502653122,
          "Height": 0.023034533485770226,
          "Left": 0.24608241021633148,
          "Top": 0.4673795700073242
        },
        "Polygon": [
          {
            "X": 0.24614393711090088,
            "Y": 0.4673795700073242
          },
          {
            "X": 0.3397204577922821,
            "Y": 0.4674968421459198
          },
          {
            "X": 0.339672714471817,
            "Y": 0.4904140830039978
          },
          {
            "X": 0.24608241021633148,
            "Y": 0.4903137981891632
          }
        ]
      },
      "Id": "4861bc8a-2fa5-4a05-a486-2dfc2ba3fe60",
      "Page": 1
    },
    {
      "BlockType": "WORD",
      "Confidence": 99.96347045898438,
      "Text": "251.3",
      "TextType": "PRINTED",
      "Geometry": {
        "BoundingBox": {
          "Width": 0.034060217440128326,
          "Height": 0.018834546208381653,
          "Left": 0.47012218832969666,
          "Top": 0.4677736163139343
        },
        "Polygon": [
          {
            "X": 0.47014567255973816,
            "Y": 0.4677736163139343
          },
          {
            "X": 0.5041823983192444,
            "Y": 0.46781623363494873
          },
          {
            "X": 0.5041629672050476,
            "Y": 0.4866081476211548
          },
          {
            "X": 0.47012218832969666,
            "Y": 0.4865705966949463
          }
        ]
      },
      "Id": "52a12dbd-54ac-4d6e-9bcc-7262a7c2576e",
      "Page": 1
    },
    {
      "BlockType": "WORD",
      "Confidence": 99.98534393310547,
      "Text": "This",
      "TextType": "PRINTED",
      "Geometry": {
        "BoundingBox": {
          "Width": 0.0260678231716156,
          "Height": 0.018926898017525673,
          "Left": 0.6947616934776306,
          "Top": 0.46734747290611267
        },
        "Polygon": [
          {
            "X": 0.6947616934776306,
            "Y": 0.46734747290611267
          },
          {
            "X": 0.720822811126709,
            "Y": 0.46738025546073914
          },
          {
            "X": 0.7208294868469238,
            "Y": 0.4862743616104126
          },
          {
            "X": 0.6947652101516724,
            "Y": 0.4862454831600189
          }
        ]
      },
      "Id": "de9106e1-8dff-4a30-858a-f22bd07e52ca",
      "Page": 1
    },
    {
      "BlockType": "WORD",
      "Confidence": 99.9417953491211,
      "Text": "work",
      "TextType": "PRINTED",
      "Geometry": {
        "BoundingBox": {
          "Width": 0.030893059447407722,
          "Height": 0.01934112049639225,
          "Left": 0.7245263457298279,
          "Top": 0.4668686091899872
        },
        "Polygon": [
          {
            "X": 0.7245263457298279,
            "Y": 0.4668686091899872
          },
          {
            "X": 0.7554083466529846,
            "Y": 0.4669075906276703
          },
          {
            "X": 0.7554194331169128,
            "Y": 0.4862097203731537
          },
          {
            "X": 0.7245336174964905,
            "Y": 0.4861754775047302
          }
        ]
      },
      "Id": "3a0e3ab3-a1bd-4543-82b6-c480e568826d",
      "Page": 1
    },
    {
      "BlockType": "WORD",
      "Confidence": 84.89562225341797,
      "Text": "Bi2O2.33",
      "TextType": "PRINTED",
      "Geometry": {
        "BoundingBox": {
          "Width": 0.04891495779156685,
          "Height": 0.02388257533311844,
          "Left": 0.24532514810562134,
          "Top": 0.5006672739982605
        },
        "Polygon": [
          {
            "X": 0.2453892081975937,
            "Y": 0.5006672739982605
          },
          {
            "X": 0.2942400872707367,
            "Y": 0.5007156133651733
          },
          {
            "X": 0.29418349266052246,
            "Y": 0.5245499014854431
          },
          {
            "X": 0.24532514810562134,
            "Y": 0.5245108008384705
          }
        ]
      },
      "Id": "308ebeb2-97c4-407f-b38c-c455e6c682b2",
      "Page": 1
    },
    {
      "BlockType": "WORD",
      "Confidence": 99.74359130859375,
      "Text": "284.9",
      "TextType": "PRINTED",
      "Geometry": {
        "BoundingBox": {
          "Width": 0.034118056297302246,
          "Height": 0.018829619511961937,
          "Left": 0.47013285756111145,
          "Top": 0.4998946487903595
        },
        "Polygon": [
          {
            "X": 0.47015637159347534,
            "Y": 0.4998946487903595
          },
          {
            "X": 0.5042509436607361,
            "Y": 0.49992862343788147
          },
          {
            "X": 0.5042315125465393,
            "Y": 0.518724262714386
          },
          {
            "X": 0.47013285756111145,
            "Y": 0.5186953544616699
          }
        ]
      },
      "Id": "3296ed2b-b8a5-4c09-a43a-76870e07ac72",
      "Page": 1
    },
    {
      "BlockType": "WORD",
      "Confidence": 99.1140365600586,
      "Text": "[35]",
      "TextType": "PRINTED",
      "Geometry": {
        "BoundingBox": {
          "Width": 0.024416882544755936,
          "Height": 0.022594032809138298,
          "Left": 0.6961866617202759,
          "Top": 0.49910852313041687
        },
        "Polygon": [
          {
            "X": 0.6961866617202759,
            "Y": 0.49910852313041687
          },
          {
            "X": 0.7205955982208252,
            "Y": 0.49913305044174194
          },
          {
            "X": 0.7206035256385803,
            "Y": 0.5217025279998779
          },
          {
            "X": 0.6961910724639893,
            "Y": 0.5216823816299438
          }
        ]
      },
      "Id": "92ddb90b-9310-4010-a6b5-5bc2adb74024",
      "Page": 1
    },
    {
      "BlockType": "WORD",
      "Confidence": 59.82543182373047,
      "Text": "Bi2O3/LDH",
      "TextType": "PRINTED",
      "Geometry": {
        "BoundingBox": {
          "Width": 0.06753016263246536,
          "Height": 0.022593535482883453,
          "Left": 0.24577689170837402,
          "Top": 0.5318796634674072
        },
        "Polygon": [
          {
            "X": 0.24583742022514343,
            "Y": 0.5318796634674072
          },
          {
            "X": 0.3133070468902588,
            "Y": 0.5319297313690186
          },
          {
            "X": 0.31325626373291016,
            "Y": 0.5544732213020325
          },
          {
            "X": 0.24577689170837402,
            "Y": 0.5544352531433105
          }
        ]
      },
      "Id": "23804c75-0741-4496-9c2b-19fdee50a66d",
      "Page": 1
    },
    {
      "BlockType": "WORD",
      "Confidence": 99.91297912597656,
      "Text": "101.9",
      "TextType": "PRINTED",
      "Geometry": {
        "BoundingBox": {
          "Width": 0.03335602954030037,
          "Height": 0.018504004925489426,
          "Left": 0.4709031283855438,
          "Top": 0.5320119261741638
        },
        "Polygon": [
          {
            "X": 0.4709261357784271,
            "Y": 0.5320119261741638
          },
          {
            "X": 0.5042591691017151,
            "Y": 0.5320366621017456
          },
          {
            "X": 0.504240095615387,
            "Y": 0.5505159497261047
          },
          {
            "X": 0.4709031283855438,
            "Y": 0.5504961013793945
          }
        ]
      },
      "Id": "399e1469-497e-4e24-b0d7-9c9253740cd3",
      "Page": 1
    },
    {
      "BlockType": "WORD",
      "Confidence": 97.91248321533203,
      "Text": "[36]",
      "TextType": "PRINTED",
      "Geometry": {
        "BoundingBox": {
          "Width": 0.024209318682551384,
          "Height": 0.02222026139497757,
          "Left": 0.6965048909187317,
          "Top": 0.5315647125244141
        },
        "Polygon": [
          {
            "X": 0.6965048909187317,
            "Y": 0.5315647125244141
          },
          {
            "X": 0.7207064032554626,
            "Y": 0.5315828323364258
          },
          {
            "X": 0.7207142114639282,
            "Y": 0.553784966468811
          },
          {
            "X": 0.6965092420578003,
            "Y": 0.5537711977958679
          }
        ]
      },
      "Id": "865be4f7-83b7-4d4a-bbe2-6f2a3fe83ff4",
      "Page": 1
    },
    {
      "BlockType": "WORD",
      "Confidence": 98.916748046875,
      "Text": "Bi-GO",
      "TextType": "PRINTED",
      "Geometry": {
        "BoundingBox": {
          "Width": 0.03577909246087074,
          "Height": 0.017972202971577644,
          "Left": 0.24624040722846985,
          "Top": 0.5644698143005371
        },
        "Polygon": [
          {
            "X": 0.24628855288028717,
            "Y": 0.5644698143005371
          },
          {
            "X": 0.2820194959640503,
            "Y": 0.5644870400428772
          },
          {
            "X": 0.28197547793388367,
            "Y": 0.5824419856071472
          },
          {
            "X": 0.24624040722846985,
            "Y": 0.582429826259613
          }
        ]
      },
      "Id": "ad9a9dc8-abfa-42c3-a445-01e367382aed",
      "Page": 1
    },
    {
      "BlockType": "WORD",
      "Confidence": 99.99077606201172,
      "Text": "230",
      "TextType": "PRINTED",
      "Geometry": {
        "BoundingBox": {
          "Width": 0.022685831412672997,
          "Height": 0.018267488107085228,
          "Left": 0.47025617957115173,
          "Top": 0.5644155740737915
        },
        "Polygon": [
          {
            "X": 0.4702789783477783,
            "Y": 0.5644155740737915
          },
          {
            "X": 0.4929420053958893,
            "Y": 0.5644265413284302
          },
          {
            "X": 0.4929218590259552,
            "Y": 0.5826830267906189
          },
          {
            "X": 0.47025617957115173,
            "Y": 0.5826753377914429
          }
        ]
      },
      "Id": "a27018e3-c662-4ba8-ad91-1803cea47b37",
      "Page": 1
    },
    {
      "BlockType": "WORD",
      "Confidence": 98.93626403808594,
      "Text": "[15]",
      "TextType": "PRINTED",
      "Geometry": {
        "BoundingBox": {
          "Width": 0.024307239800691605,
          "Height": 0.021986622363328934,
          "Left": 0.6964108347892761,
          "Top": 0.5639333724975586
        },
        "Polygon": [
          {
            "X": 0.6964108347892761,
            "Y": 0.5639333724975586
          },
          {
            "X": 0.7207103371620178,
            "Y": 0.5639452338218689
          },
          {
            "X": 0.7207180857658386,
            "Y": 0.585919976234436
          },
          {
            "X": 0.6964151263237,
            "Y": 0.5859123468399048
          }
        ]
      },
      "Id": "53c605e9-32df-4843-9839-98ed0379b654",
      "Page": 1
    },
    {
      "BlockType": "TABLE",
      "Confidence": 99.951171875,
      "Geometry": {
        "BoundingBox": {
          "Width": 0.5401716828346252,
          "Height": 0.19554562866687775,
          "Left": 0.22967210412025452,
          "Top": 0.4019552767276764
        },
        "Polygon": [
          {
            "X": 0.23021651804447174,
            "Y": 0.4019552767276764
          },
          {
            "X": 0.7697141766548157,
            "Y": 0.4029114246368408
          },
          {
            "X": 0.7698437571525574,
            "Y": 0.5975009202957153
          },
          {
            "X": 0.22967210412025452,
            "Y": 0.5973809957504272
          }
        ]
      },
      "Id": "67c1b10c-466b-4e5e-a382-0738c2bbbf07",
      "Relationships": [
        {
          "Type": "CHILD",
          "Ids": [
            "c960a502-6a71-4d17-ab36-4b92c832af3d",
            "98400917-a317-446c-b3f8-c4f50646a80a",
            "a260c592-e9aa-4b96-8ba2-13c11c8b98a2",
            "a47ffd36-837a-4ea5-864b-4e35b56a8322",
            "3f223974-48fd-478d-8c21-3af1966fae82",
            "c1df1494-16a9-4cf8-9098-449b677bf55c",
            "0538e6f8-84d1-447d-8aa8-1188f0a36748",
            "b25bebe2-3db6-469c-801b-ce7dfad2ca4d",
            "60c18133-4f09-4f39-88da-fd973d9e120e",
            "4402f3d4-23c3-405c-9aa1-c1adf06401a1",
            "fa686059-64f4-49cc-b1e1-406883e835a4",
            "1827f6e2-667b-4755-8d8a-d00d15401d03",
            "8aa2daf4-3cdb-4847-9778-67d82b07b24a",
            "5714bd16-0b25-470f-a808-d73c269ebcaa",
            "d6692562-1f30-4b30-b59c-5905e05e56ce"
          ]
        }
      ],
      "EntityTypes": [
        "STRUCTURED_TABLE"
      ],
      "Page": 1
    },
    {
      "BlockType": "CELL",
      "Confidence": 90.0390625,
      "RowIndex": 1,
      "ColumnIndex": 1,
      "RowSpan": 1,
      "ColumnSpan": 1,
      "Geometry": {
        "BoundingBox": {
          "Width": 0.17284542322158813,
          "Height": 0.05103016644716263,
          "Left": 0.23007501661777496,
          "Top": 0.4019552767276764
        },
        "Polygon": [
          {
            "X": 0.23021651804447174,
            "Y": 0.4019552767276764
          },
          {
            "X": 0.4029204547405243,
            "Y": 0.4022613763809204
          },
          {
            "X": 0.4028351902961731,
            "Y": 0.4529854655265808
          },
          {
            "X": 0.23007501661777496,
            "Y": 0.4527488946914673
          }
        ]
      },
      "Id": "c960a502-6a71-4d17-ab36-4b92c832af3d",
      "Relationships": [
        {
          "Type": "CHILD",
          "Ids": [
            "c360b723-e26a-4c2a-a5ab-72a6a8e9f265"
          ]
        }
      ],
      "EntityTypes": [
        "COLUMN_HEADER"
      ],
      "Page": 1
    },
    {
      "BlockType": "CELL",
      "Confidence": 91.748046875,
      "RowIndex": 1,
      "ColumnIndex": 2,
      "RowSpan": 1,
      "ColumnSpan": 1,
      "Geometry": {
        "BoundingBox": {
          "Width": 0.23765936493873596,
          "Height": 0.05104951560497284,
          "Left": 0.4028351902961731,
          "Top": 0.4022613763809204
        },
        "Polygon": [
          {
            "X": 0.4029204547405243,
            "Y": 0.4022613763809204
          },
          {
            "X": 0.6404945254325867,
            "Y": 0.40268242359161377
          },
          {
            "X": 0.6404864192008972,
            "Y": 0.45331087708473206
          },
          {
            "X": 0.4028351902961731,
            "Y": 0.4529854655265808
          }
        ]
      },
      "Id": "98400917-a317-446c-b3f8-c4f50646a80a",
      "Relationships": [
        {
          "Type": "CHILD",
          "Ids": [
            "c05c85bd-cc21-4b9e-8e7f-94996fdc3a9f"
          ]
        }
      ],
      "EntityTypes": [
        "COLUMN_HEADER"
      ],
      "Page": 1
    },
    {
      "BlockType": "CELL",
      "Confidence": 87.451171875,
      "RowIndex": 1,
      "ColumnIndex": 3,
      "RowSpan": 1,
      "ColumnSpan": 1,
      "Geometry": {
        "BoundingBox": {
          "Width": 0.12926143407821655,
          "Height": 0.0508054755628109,
          "Left": 0.6404864192008972,
          "Top": 0.40268242359161377
        },
        "Polygon": [
          {
            "X": 0.6404945254325867,
            "Y": 0.40268242359161377
          },
          {
            "X": 0.7697141766548157,
            "Y": 0.4029114246368408
          },
          {
            "X": 0.7697478532791138,
            "Y": 0.45348790287971497
          },
          {
            "X": 0.6404864192008972,
            "Y": 0.45331087708473206
          }
        ]
      },
      "Id": "a260c592-e9aa-4b96-8ba2-13c11c8b98a2",
      "Relationships": [
        {
          "Type": "CHILD",
          "Ids": [
            "2a9eff7b-237c-432e-9adb-ea28c82d89b8"
          ]
        }
      ],
      "EntityTypes": [
        "COLUMN_HEADER"
      ],
      "Page": 1
    },
    {
      "BlockType": "CELL",
      "Confidence": 88.37890625,
      "RowIndex": 2,
      "ColumnIndex": 1,
      "RowSpan": 1,
      "ColumnSpan": 1,
      "Geometry": {
        "BoundingBox": {
          "Width": 0.17287209630012512,
          "Height": 0.04036054015159607,
          "Left": 0.22996309399604797,
          "Top": 0.4527488946914673
        },
        "Polygon": [
          {
            "X": 0.23007501661777496,
            "Y": 0.4527488946914673
          },
          {
            "X": 0.4028351902961731,
            "Y": 0.4529854655265808
          },
          {
            "X": 0.40276774764060974,
            "Y": 0.49310943484306335
          },
          {
            "X": 0.22996309399604797,
            "Y": 0.4929278790950775
          }
        ]
      },
      "Id": "a47ffd36-837a-4ea5-864b-4e35b56a8322",
      "Relationships": [
        {
          "Type": "CHILD",
          "Ids": [
            "4861bc8a-2fa5-4a05-a486-2dfc2ba3fe60"
          ]
        }
      ],
      "Page": 1
    },
    {
      "BlockType": "CELL",
      "Confidence": 90.0390625,
      "RowIndex": 2,
      "ColumnIndex": 2,
      "RowSpan": 1,
      "ColumnSpan": 1,
      "Geometry": {
        "BoundingBox": {
          "Width": 0.23771867156028748,
          "Height": 0.04037371650338173,
          "Left": 0.40276774764060974,
          "Top": 0.4529854655265808
        },
        "Polygon": [
          {
            "X": 0.4028351902961731,
            "Y": 0.4529854655265808
          },
          {
            "X": 0.6404864192008972,
            "Y": 0.45331087708473206
          },
          {
            "X": 0.6404799818992615,
            "Y": 0.49335917830467224
          },
          {
            "X": 0.40276774764060974,
            "Y": 0.49310943484306335
          }
        ]
      },
      "Id": "3f223974-48fd-478d-8c21-3af1966fae82",
      "Relationships": [
        {
          "Type": "CHILD",
          "Ids": [
            "52a12dbd-54ac-4d6e-9bcc-7262a7c2576e"
          ]
        }
      ],
      "Page": 1
    },
    {
      "BlockType": "CELL",
      "Confidence": 85.83984375,
      "RowIndex": 2,
      "ColumnIndex": 3,
      "RowSpan": 1,
      "ColumnSpan": 1,
      "Geometry": {
        "BoundingBox": {
          "Width": 0.1292945146560669,
          "Height": 0.040184129029512405,
          "Left": 0.6404799818992615,
          "Top": 0.45331087708473206
        },
        "Polygon": [
          {
            "X": 0.6404864192008972,
            "Y": 0.45331087708473206
          },
          {
            "X": 0.7697478532791138,
            "Y": 0.45348790287971497
          },
          {
            "X": 0.7697744965553284,
            "Y": 0.49349501729011536
          },
          {
            "X": 0.6404799818992615,
            "Y": 0.49335917830467224
          }
        ]
      },
      "Id": "c1df1494-16a9-4cf8-9098-449b677bf55c",
      "Relationships": [
        {
          "Type": "CHILD",
          "Ids": [
            "de9106e1-8dff-4a30-858a-f22bd07e52ca",
            "3a0e3ab3-a1bd-4543-82b6-c480e568826d"
          ]
        }
      ],
      "Page": 1
    },
    {
      "BlockType": "CELL",
      "Confidence": 86.03515625,
      "RowIndex": 3,
      "ColumnIndex": 1,
      "RowSpan": 1,
      "ColumnSpan": 1,
      "Geometry": {
        "BoundingBox": {
          "Width": 0.17289797961711884,
          "Height": 0.03363393247127533,
          "Left": 0.2298697680234909,
          "Top": 0.4929278790950775
        },
        "Polygon": [
          {
            "X": 0.22996309399604797,
            "Y": 0.4929278790950775
          },
          {
            "X": 0.40276774764060974,
            "Y": 0.49310943484306335
          },
          {
            "X": 0.40271151065826416,
            "Y": 0.5265617966651917
          },
          {
            "X": 0.2298697680234909,
            "Y": 0.5264261364936829
          }
        ]
      },
      "Id": "0538e6f8-84d1-447d-8aa8-1188f0a36748",
      "Relationships": [
        {
          "Type": "CHILD",
          "Ids": [
            "308ebeb2-97c4-407f-b38c-c455e6c682b2"
          ]
        }
      ],
      "Page": 1
    },
    {
      "BlockType": "CELL",
      "Confidence": 87.6953125,
      "RowIndex": 3,
      "ColumnIndex": 2,
      "RowSpan": 1,
      "ColumnSpan": 1,
      "Geometry": {
        "BoundingBox": {
          "Width": 0.23776845633983612,
          "Height": 0.03363899886608124,
          "Left": 0.40271151065826416,
          "Top": 0.49310943484306335
        },
        "Polygon": [
          {
            "X": 0.40276774764060974,
            "Y": 0.49310943484306335
          },
          {
            "X": 0.6404799818992615,
            "Y": 0.49335917830467224
          },
          {
            "X": 0.6404746174812317,
            "Y": 0.5267484188079834
          },
          {
            "X": 0.40271151065826416,
            "Y": 0.5265617966651917
          }
        ]
      },
      "Id": "b25bebe2-3db6-469c-801b-ce7dfad2ca4d",
      "Relationships": [
        {
          "Type": "CHILD",
          "Ids": [
            "3296ed2b-b8a5-4c09-a43a-76870e07ac72"
          ]
        }
      ],
      "Page": 1
    },
    {
      "BlockType": "CELL",
      "Confidence": 83.59375,
      "RowIndex": 3,
      "ColumnIndex": 3,
      "RowSpan": 1,
      "ColumnSpan": 1,
      "Geometry": {
        "BoundingBox": {
          "Width": 0.1293220967054367,
          "Height": 0.033490754663944244,
          "Left": 0.6404746174812317,
          "Top": 0.49335917830467224
        },
        "Polygon": [
          {
            "X": 0.6404799818992615,
            "Y": 0.49335917830467224
          },
          {
            "X": 0.7697744965553284,
            "Y": 0.49349501729011536
          },
          {
            "X": 0.7697967290878296,
            "Y": 0.5268499255180359
          },
          {
            "X": 0.6404746174812317,
            "Y": 0.5267484188079834
          }
        ]
      },
      "Id": "60c18133-4f09-4f39-88da-fd973d9e120e",
      "Relationships": [
        {
          "Type": "CHILD",
          "Ids": [
            "92ddb90b-9310-4010-a6b5-5bc2adb74024"
          ]
        }
      ],
      "Page": 1
    },
    {
      "BlockType": "CELL",
      "Confidence": 81.93359375,
      "RowIndex": 4,
      "ColumnIndex": 1,
      "RowSpan": 1,
      "ColumnSpan": 1,
      "Geometry": {
        "BoundingBox": {
          "Width": 0.17293137311935425,
          "Height": 0.032263413071632385,
          "Left": 0.2297801524400711,
          "Top": 0.5264261364936829
        },
        "Polygon": [
          {
            "X": 0.2298697680234909,
            "Y": 0.5264261364936829
          },
          {
            "X": 0.40271151065826416,
            "Y": 0.5265617966651917
          },
          {
            "X": 0.40265753865242004,
            "Y": 0.558689534664154
          },
          {
            "X": 0.2297801524400711,
            "Y": 0.558597981929779
          }
        ]
      },
      "Id": "4402f3d4-23c3-405c-9aa1-c1adf06401a1",
      "Relationships": [
        {
          "Type": "CHILD",
          "Ids": [
            "23804c75-0741-4496-9c2b-19fdee50a66d"
          ]
        }
      ],
      "Page": 1
    },
    {
      "BlockType": "CELL",
      "Confidence": 83.49609375,
      "RowIndex": 4,
      "ColumnIndex": 2,
      "RowSpan": 1,
      "ColumnSpan": 1,
      "Geometry": {
        "BoundingBox": {
          "Width": 0.23781709372997284,
          "Height": 0.03225371614098549,
          "Left": 0.40265753865242004,
          "Top": 0.5265617966651917
        },
        "Polygon": [
          {
            "X": 0.40271151065826416,
            "Y": 0.5265617966651917
          },
          {
            "X": 0.6404746174812317,
            "Y": 0.5267484188079834
          },
          {
            "X": 0.6404694318771362,
            "Y": 0.5588155388832092
          },
          {
            "X": 0.40265753865242004,
            "Y": 0.558689534664154
          }
        ]
      },
      "Id": "fa686059-64f4-49cc-b1e1-406883e835a4",
      "Relationships": [
        {
          "Type": "CHILD",
          "Ids": [
            "399e1469-497e-4e24-b0d7-9c9253740cd3"
          ]
        }
      ],
      "Page": 1
    },
    {
      "BlockType": "CELL",
      "Confidence": 79.58984375,
      "RowIndex": 4,
      "ColumnIndex": 3,
      "RowSpan": 1,
      "ColumnSpan": 1,
      "Geometry": {
        "BoundingBox": {
          "Width": 0.12934857606887817,
          "Height": 0.03213561326265335,
          "Left": 0.6404694318771362,
          "Top": 0.5267484188079834
        },
        "Polygon": [
          {
            "X": 0.6404746174812317,
            "Y": 0.5267484188079834
          },
          {
            "X": 0.7697967290878296,
            "Y": 0.5268499255180359
          },
          {
            "X": 0.7698180675506592,
            "Y": 0.5588840246200562
          },
          {
            "X": 0.6404694318771362,
            "Y": 0.5588155388832092
          }
        ]
      },
      "Id": "1827f6e2-667b-4755-8d8a-d00d15401d03",
      "Relationships": [
        {
          "Type": "CHILD",
          "Ids": [
            "865be4f7-83b7-4d4a-bbe2-6f2a3fe83ff4"
          ]
        }
      ],
      "Page": 1
    },
    {
      "BlockType": "CELL",
      "Confidence": 91.162109375,
      "RowIndex": 5,
      "ColumnIndex": 1,
      "RowSpan": 1,
      "ColumnSpan": 1,
      "Geometry": {
        "BoundingBox": {
          "Width": 0.17298541963100433,
          "Height": 0.03882139176130295,
          "Left": 0.22967210412025452,
          "Top": 0.558597981929779
        },
        "Polygon": [
          {
            "X": 0.2297801524400711,
            "Y": 0.558597981929779
          },
          {
            "X": 0.40265753865242004,
            "Y": 0.558689534664154
          },
          {
            "X": 0.40259242057800293,
            "Y": 0.5974193811416626
          },
          {
            "X": 0.22967210412025452,
            "Y": 0.5973809957504272
          }
        ]
      },
      "Id": "8aa2daf4-3cdb-4847-9778-67d82b07b24a",
      "Relationships": [
        {
          "Type": "CHILD",
          "Ids": [
            "ad9a9dc8-abfa-42c3-a445-01e367382aed"
          ]
        }
      ],
      "Page": 1
    },
    {
      "BlockType": "CELL",
      "Confidence": 92.919921875,
      "RowIndex": 5,
      "ColumnIndex": 2,
      "RowSpan": 1,
      "ColumnSpan": 1,
      "Geometry": {
        "BoundingBox": {
          "Width": 0.2378770262002945,
          "Height": 0.03878263756632805,
          "Left": 0.40259242057800293,
          "Top": 0.558689534664154
        },
        "Polygon": [
          {
            "X": 0.40265753865242004,
            "Y": 0.558689534664154
          },
          {
            "X": 0.6404694318771362,
            "Y": 0.5588155388832092
          },
          {
            "X": 0.6404632329940796,
            "Y": 0.5974721908569336
          },
          {
            "X": 0.40259242057800293,
            "Y": 0.5974193811416626
          }
        ]
      },
      "Id": "5714bd16-0b25-470f-a808-d73c269ebcaa",
      "Relationships": [
        {
          "Type": "CHILD",
          "Ids": [
            "a27018e3-c662-4ba8-ad91-1803cea47b37"
          ]
        }
      ],
      "Page": 1
    },
    {
      "BlockType": "CELL",
      "Confidence": 88.57421875,
      "RowIndex": 5,
      "ColumnIndex": 3,
      "RowSpan": 1,
      "ColumnSpan": 1,
      "Geometry": {
        "BoundingBox": {
          "Width": 0.12938052415847778,
          "Height": 0.0386853963136673,
          "Left": 0.6404632329940796,
          "Top": 0.5588155388832092
        },
        "Polygon": [
          {
            "X": 0.6404694318771362,
            "Y": 0.5588155388832092
          },
          {
            "X": 0.7698180675506592,
            "Y": 0.5588840246200562
          },
          {
            "X": 0.7698437571525574,
            "Y": 0.5975009202957153
          },
          {
            "X": 0.6404632329940796,
            "Y": 0.5974721908569336
          }
        ]
      },
      "Id": "d6692562-1f30-4b30-b59c-5905e05e56ce",
      "Relationships": [
        {
          "Type": "CHILD",
          "Ids": [
            "53c605e9-32df-4843-9839-98ed0379b654"
          ]
        }
      ],
      "Page": 1
    }
  ],
  "AnalyzeDocumentModelVersion": "1.0"
}