{
  "DocumentMetadata": {
    "Pages": 1
  },
  "JobStatus": "SUCCEEDED",
  "Blocks": [
    {
      "BlockType": "PAGE",
      "Geometry": {
        "BoundingBox": {
          "Width": 0.7098093032836914,
          "Height": 0.31436485052108765,
          "Left": 0.14634397625923157,
          "Top": 0.3295421600341797
        },
        "Polygon": [
          {
            "X": 0.14634397625923157,
            "Y": 0.3298516571521759
          },
          {
            "X": 0.8538473844528198,
            "Y": 0.3295421600341797
          },
          {
            "X": 0.8561532497406006,
            "Y": 0.6439070105552673
          },
          {
            "X": 0.14655762910842896,
            "Y": 0.6435277462005615
          }
        ]
      },
      "Id": "71a7a143-c42e-48a0-82fd-50fc512926d1",
      "Relationships": [
        {
          "Type": "CHILD",
          "Ids": [
            "e1a6e853-84aa-40e1-8af3-56d1865a02da",
            "2ef416a0-eab0-47f6-8431-0d1ad532d09b",
            "f5a0caf8-0b5e-41ce-ac42-4c781c359a31",
            "9d983cec-2dc9-4e5f-bfb9-b3cbdc1147bf",
            "bd04e5a6-de81-47e0-af58-c57008c5905c",
            "041a99b4-f2fd-4ede-9259-68e86be3e5dc",
            "558d140c-c896-48c0-8a8b-c243fec0fe19",
            "b3bd6a8d-1cfa-4290-a930-dd186e1c9651",
            "2a353ddd-20ab-4acb-b8f9-ac6ab8ecf660",
            "667786c8-5a89-4612-900f-fc8af36f50e9",
            "998f60c6-a125-4d29-a89b-3e89bc501aa0",
            "8f203ee5-1131-4f1d-b59e-94e1fbfb9789",
            "48c0e830-6c8f-410e-8db7-3195cf3cec13",
            "e7871a0f-dfa1-478b-ac78-4aba288d5380",
            "368dc3bd-db92-4980-81de-a754a6d078c8",
            "4fce43e5-d14b-4a89-b4f1-c86ff9aaa5ae",
            "6511517f-a9fa-4537-b2ba-4971e5f5e64f",
            "000b7735-5b86-473c-bc4d-274cadbc3919"
          ]
        }
      ],
      "Page": 1
    },
    {
      "BlockType": "LINE",
      "Confidence": 99.90308380126953,
      "Text": "Material",
      "Geometry": {
        "BoundingBox": {
          "Width": 0.03165410831570625,
          "Height": 0.017600180581212044,
          "Left": 0.2922227680683136,
          "Top": 0.38383978605270386
        },
        "Polygon": [
          {
            "X": 0.2922227680683136,
            "Y": 0.38384830951690674
          },
          {
            "X": 0.3238355219364166,
            "Y": 0.38383978605270386
          },
          {
            "X": 0.32387685775756836,
            "Y": 0.40143314003944397
          },
          {
            "X": 0.2922588586807251,
            "Y": 0.40143996477127075
          }
        ]
      },
      "Id": "e1a6e853-84aa-40e1-8af3-56d1865a02da",
      "Relationships": [
        {
          "Type": "CHILD",
          "Ids": [
            "e0722484-3417-4298-a019-1ca13efdab90"
          ]
        }
      ],
      "Page": 1
    },
    {
      "BlockType": "LINE",
      "Confidence": 99.7425765991211,
      "Text": "Composition",
      "Geometry": {
        "BoundingBox": {
          "Width": 0.0475425124168396,
          "Height": 0.021219195798039436,
          "Left": 0.4145819842815399,
          "Top": 0.384378582239151
        },
        "Polygon": [
          {
            "X": 0.4145819842815399,
            "Y": 0.38439130783081055
          },
          {
            "X": 0.46204710006713867,
            "Y": 0.384378582239151
          },
          {
            "X": 0.4621244966983795,
            "Y": 0.40558817982673645
          },
          {
            "X": 0.4146498739719391,
            "Y": 0.4055977761745453
          }
        ]
      },
      "Id": "2ef416a0-eab0-47f6-8431-0d1ad532d09b",
      "Relationships": [
        {
          "Type": "CHILD",
          "Ids": [
            "652e0847-9c8e-4397-bfd9-37729e37a0e8"
          ]
        }
      ],
      "Page": 1
    },
    {
      "BlockType": "LINE",
      "Confidence": 99.64361572265625,
      "Text": "Manufacturer",
      "Geometry": {
        "BoundingBox": {
          "Width": 0.05168573930859566,
          "Height": 0.01744217798113823,
          "Left": 0.7361222505569458,
          "Top": 0.3838670253753662
        },
        "Polygon": [
          {
            "X": 0.7361222505569458,
            "Y": 0.38388094305992126
          },
          {
            "X": 0.7876909971237183,
            "Y": 0.3838670253753662
          },
          {
            "X": 0.7878080010414124,
            "Y": 0.40129807591438293
          },
          {
            "X": 0.736230731010437,
            "Y": 0.40130922198295593
          }
        ]
      },
      "Id": "f5a0caf8-0b5e-41ce-ac42-4c781c359a31",
      "Relationships": [
        {
          "Type": "CHILD",
          "Ids": [
            "6125f3d0-04b2-4180-9a59-9b8c36525d79"
          ]
        }
      ],
      "Page": 1
    },
    {
      "BlockType": "LINE",
      "Confidence": 99.71183776855469,
      "Text": "Resin composite",
      "Geometry": {
        "BoundingBox": {
          "Width": 0.06195612996816635,
          "Height": 0.021249176934361458,
          "Left": 0.1605127453804016,
          "Top": 0.44035905599594116
        },
        "Polygon": [
          {
            "X": 0.1605127453804016,
            "Y": 0.44036492705345154
          },
          {
            "X": 0.2224392294883728,
            "Y": 0.44035905599594116
          },
          {
            "X": 0.22246886789798737,
            "Y": 0.4616064131259918
          },
          {
            "X": 0.16053003072738647,
            "Y": 0.46160823106765747
          }
        ]
      },
      "Id": "9d983cec-2dc9-4e5f-bfb9-b3cbdc1147bf",
      "Relationships": [
        {
          "Type": "CHILD",
          "Ids": [
            "3cbede8e-aa43-4702-8aec-d40b9bd64887",
            "0d25a627-7f9b-456e-ac98-7e26229e9a1a"
          ]
        }
      ],
      "Page": 1
    },
    {
      "BlockType": "LINE",
      "Confidence": 99.73974609375,
      "Text": "Filtek Ultimate Flowable",
      "Geometry": {
        "BoundingBox": {
          "Width": 0.094545379281044,
          "Height": 0.01733633503317833,
          "Left": 0.292144775390625,
          "Top": 0.43991363048553467
        },
        "Polygon": [
          {
            "X": 0.292144775390625,
            "Y": 0.4399227499961853
          },
          {
            "X": 0.38663923740386963,
            "Y": 0.43991363048553467
          },
          {
            "X": 0.3866901695728302,
            "Y": 0.45724594593048096
          },
          {
            "X": 0.29218029975891113,
            "Y": 0.4572499692440033
          }
        ]
      },
      "Id": "bd04e5a6-de81-47e0-af58-c57008c5905c",
      "Relationships": [
        {
          "Type": "CHILD",
          "Ids": [
            "34a33237-e1c7-44c3-a40c-e791a223f9ea",
            "aab1aa21-4f5c-4410-a9d5-f55bbd8cb96c",
            "d3f04dc1-6bf9-4066-be3e-c32db89d3282"
          ]
        }
      ],
      "Page": 1
    },
    {
      "BlockType": "LINE",
      "Confidence": 99.52014923095703,
      "Text": "Matrix: Bis GMA, TEGDMA, Procrylate resins Filler (46% vol): ytterbium",
      "Geometry": {
        "BoundingBox": {
          "Width": 0.2815130650997162,
          "Height": 0.022056560963392258,
          "Left": 0.4139573872089386,
          "Top": 0.4394996166229248
        },
        "Polygon": [
          {
            "X": 0.4139573872089386,
            "Y": 0.43952706456184387
          },
          {
            "X": 0.6953417062759399,
            "Y": 0.4394996166229248
          },
          {
            "X": 0.6954704523086548,
            "Y": 0.4615479111671448
          },
          {
            "X": 0.41402775049209595,
            "Y": 0.46155619621276855
          }
        ]
      },
      "Id": "041a99b4-f2fd-4ede-9259-68e86be3e5dc",
      "Relationships": [
        {
          "Type": "CHILD",
          "Ids": [
            "21f78cdb-75cd-4a14-9dcf-0b9ed5a230bd",
            "d2670cf3-aeb0-465c-b63b-b5dda4a3f417",
            "5d46b25f-025d-40e8-80fe-e4d1716bd0eb",
            "460f799c-c23c-4122-9a57-9b8e9735ad43",
            "4f88dc1a-8e4a-4dd3-9dc1-ec7d404a5638",
            "54f1b413-303a-4532-9d97-9f42e7220af6",
            "7d2571e5-23dd-47b4-b5f7-e05413da46ca",
            "7b2b8983-b6b1-472e-a22d-df76d92e1cf3",
            "17a5b904-c561-4072-8f27-78e471c42f96",
            "061b2c68-c968-4cbe-97ec-e569383b6257"
          ]
        }
      ],
      "Page": 1
    },
    {
      "BlockType": "LINE",
      "Confidence": 99.17573547363281,
      "Text": "3 M ESPE, St.Paul, MN USA",
      "Geometry": {
        "BoundingBox": {
          "Width": 0.10593511164188385,
          "Height": 0.0205007903277874,
          "Left": 0.7363488078117371,
          "Top": 0.4402241110801697
        },
        "Polygon": [
          {
            "X": 0.7363488078117371,
            "Y": 0.4402341842651367
          },
          {
            "X": 0.8421359658241272,
            "Y": 0.4402241110801697
          },
          {
            "X": 0.8422839045524597,
            "Y": 0.46072152256965637
          },
          {
            "X": 0.7364763021469116,
            "Y": 0.4607248902320862
          }
        ]
      },
      "Id": "558d140c-c896-48c0-8a8b-c243fec0fe19",
      "Relationships": [
        {
          "Type": "CHILD",
          "Ids": [
            "a528fa15-5e22-4817-8387-efd76e1540cc",
            "5af11ef3-f235-43bc-a910-7dbba0270a78",
            "2a97c4ee-af9c-4117-8c41-d637816268e8",
            "fdef6003-e8bb-4990-94e6-fe0b02b6928b",
            "4e4e3a0a-12bf-470f-b450-67912005eddb",
            "5eb9ef05-8a92-48f3-b391-1333ef7e6aff"
          ]
        }
      ],
      "Page": 1
    },
    {
      "BlockType": "LINE",
      "Confidence": 99.56060791015625,
      "Text": "Restorative",
      "Geometry": {
        "BoundingBox": {
          "Width": 0.04296424984931946,
          "Height": 0.016929838806390762,
          "Left": 0.29199522733688354,
          "Top": 0.4703742563724518
        },
        "Polygon": [
          {
            "X": 0.29199522733688354,
            "Y": 0.47037434577941895
          },
          {
            "X": 0.33491796255111694,
            "Y": 0.4703742563724518
          },
          {
            "X": 0.334959477186203,
            "Y": 0.48730412125587463
          },
          {
            "X": 0.29202988743782043,
            "Y": 0.48730194568634033
          }
        ]
      },
      "Id": "b3bd6a8d-1cfa-4290-a930-dd186e1c9651",
      "Relationships": [
        {
          "Type": "CHILD",
          "Ids": [
            "f18430d6-dae0-4f46-8f88-74420586663b"
          ]
        }
      ],
      "Page": 1
    },
    {
      "BlockType": "LINE",
      "Confidence": 98.13275146484375,
      "Text": "trifluoride, silica filler, zirconia/silica filler",
      "Geometry": {
        "BoundingBox": {
          "Width": 0.1645582765340805,
          "Height": 0.021364953368902206,
          "Left": 0.41425538063049316,
          "Top": 0.4694710671901703
        },
        "Polygon": [
          {
            "X": 0.41425538063049316,
            "Y": 0.46947187185287476
          },
          {
            "X": 0.5787123441696167,
            "Y": 0.4694710671901703
          },
          {
            "X": 0.5788136124610901,
            "Y": 0.4908360242843628
          },
          {
            "X": 0.414323627948761,
            "Y": 0.49082595109939575
          }
        ]
      },
      "Id": "2a353ddd-20ab-4acb-b8f9-ac6ab8ecf660",
      "Relationships": [
        {
          "Type": "CHILD",
          "Ids": [
            "65cb55ec-9063-47d6-8da7-43ea5c6a9f1d",
            "0fb5cae6-8499-43c9-96b6-b3c44ee6a6d9",
            "efefd30e-8445-42b3-a6cc-af025b861435",
            "c5aea03c-c56a-4672-bd50-bdfba4735bff",
            "1602d2e8-11c4-4631-990e-c4efe5629e5b"
          ]
        }
      ],
      "Page": 1
    },
    {
      "BlockType": "LINE",
      "Confidence": 99.59849548339844,
      "Text": "Self-adhesive composite",
      "Geometry": {
        "BoundingBox": {
          "Width": 0.09112562239170074,
          "Height": 0.02158106490969658,
          "Left": 0.1606329381465912,
          "Top": 0.49983662366867065
        },
        "Polygon": [
          {
            "X": 0.1606329381465912,
            "Y": 0.49983662366867065
          },
          {
            "X": 0.2517225444316864,
            "Y": 0.4998447597026825
          },
          {
            "X": 0.25175854563713074,
            "Y": 0.5214176774024963
          },
          {
            "X": 0.16065049171447754,
            "Y": 0.5214034914970398
          }
        ]
      },
      "Id": "667786c8-5a89-4612-900f-fc8af36f50e9",
      "Relationships": [
        {
          "Type": "CHILD",
          "Ids": [
            "a59249cc-db40-4964-9471-3cf69d8c831f",
            "152c422f-4223-4e34-9c5b-0e0ffba96c63"
          ]
        }
      ],
      "Page": 1
    },
    {
      "BlockType": "LINE",
      "Confidence": 98.74015045166016,
      "Text": "Rely X U200 Automix",
      "Geometry": {
        "BoundingBox": {
          "Width": 0.08417923748493195,
          "Height": 0.02142079547047615,
          "Left": 0.29209253191947937,
          "Top": 0.5000657439231873
        },
        "Polygon": [
          {
            "X": 0.29209253191947937,
            "Y": 0.5000657439231873
          },
          {
            "X": 0.3762109875679016,
            "Y": 0.5000733137130737
          },
          {
            "X": 0.3762717545032501,
            "Y": 0.5214865803718567
          },
          {
            "X": 0.29213637113571167,
            "Y": 0.5214734077453613
          }
        ]
      },
      "Id": "998f60c6-a125-4d29-a89b-3e89bc501aa0",
      "Relationships": [
        {
          "Type": "CHILD",
          "Ids": [
            "63d81380-ef83-4194-a17f-9b1c955a4aeb",
            "cc14a358-f36e-4c5b-a703-b50987bc8595",
            "b971ba3b-9f3e-4450-a576-8e168875906e",
            "2e79c60a-d0bd-4ca5-af27-c063ae512ec4"
          ]
        }
      ],
      "Page": 1
    },
    {
      "BlockType": "LINE",
      "Confidence": 99.7203369140625,
      "Text": "Base paste: methacrylate monomers containing phosphoric groups, methacrylate",
      "Geometry": {
        "BoundingBox": {
          "Width": 0.30883553624153137,
          "Height": 0.022554557770490646,
          "Left": 0.4140472114086151,
          "Top": 0.49962660670280457
        },
        "Polygon": [
          {
            "X": 0.4140472114086151,
            "Y": 0.49962660670280457
          },
          {
            "X": 0.7227455377578735,
            "Y": 0.4996539354324341
          },
          {
            "X": 0.7228827476501465,
            "Y": 0.5221811532974243
          },
          {
            "X": 0.41411909461021423,
            "Y": 0.5221323370933533
          }
        ]
      },
      "Id": "8f203ee5-1131-4f1d-b59e-94e1fbfb9789",
      "Relationships": [
        {
          "Type": "CHILD",
          "Ids": [
            "a877bd24-e2fb-42e8-b877-ef99193c421e",
            "03534c14-ae03-4a20-bbb4-0929cb2397e1",
            "f0f63d81-e082-42dd-b3d5-3f88ce960b8c",
            "3b0ebf78-e8cd-4cc8-95e0-446e50b924b6",
            "44fcda03-90aa-44e3-b08a-740005dcc3e3",
            "0ba5cbad-33ab-40b8-9713-f2e7e5bb884a",
            "86f91890-deea-4086-8cfa-1f1e122ad69a",
            "3ce81024-9ab2-4b78-86b1-700dcd9d345d"
          ]
        }
      ],
      "Page": 1
    },
    {
      "BlockType": "LINE",
      "Confidence": 99.1978530883789,
      "Text": "3 M ESPE, Seefeld, Germany",
      "Geometry": {
        "BoundingBox": {
          "Width": 0.10638201981782913,
          "Height": 0.022036360576748848,
          "Left": 0.7361177206039429,
          "Top": 0.4996515214443207
        },
        "Polygon": [
          {
            "X": 0.7361177206039429,
            "Y": 0.4996515214443207
          },
          {
            "X": 0.8423408269882202,
            "Y": 0.4996609389781952
          },
          {
            "X": 0.8424997329711914,
            "Y": 0.5216878652572632
          },
          {
            "X": 0.7362546324729919,
            "Y": 0.5216712355613708
          }
        ]
      },
      "Id": "48c0e830-6c8f-410e-8db7-3195cf3cec13",
      "Relationships": [
        {
          "Type": "CHILD",
          "Ids": [
            "07c7b7c5-d327-40d7-a505-0610f72a1075",
            "4a740f9a-9907-4a35-8071-fa206c932454",
            "2f758f4c-393c-41b0-a339-0e4a8fa48bcb",
            "21ed2e20-59b9-49e5-b31a-316470a05d4b",
            "6cfe0938-4ab1-44de-8650-1130b5d7e48d"
          ]
        }
      ],
      "Page": 1
    },
    {
      "BlockType": "LINE",
      "Confidence": 99.90241241455078,
      "Text": "cement",
      "Geometry": {
        "BoundingBox": {
          "Width": 0.027125602588057518,
          "Height": 0.015171472914516926,
          "Left": 0.17689894139766693,
          "Top": 0.531802237033844
        },
        "Polygon": [
          {
            "X": 0.17689894139766693,
            "Y": 0.531802237033844
          },
          {
            "X": 0.20400601625442505,
            "Y": 0.5318073630332947
          },
          {
            "X": 0.204024538397789,
            "Y": 0.546973705291748
          },
          {
            "X": 0.17691358923912048,
            "Y": 0.5469673275947571
          }
        ]
      },
      "Id": "e7871a0f-dfa1-478b-ac78-4aba288d5380",
      "Relationships": [
        {
          "Type": "CHILD",
          "Ids": [
            "d430bae1-ee6d-4e88-834e-7beb9d22ff7a"
          ]
        }
      ],
      "Page": 1
    },
    {
      "BlockType": "LINE",
      "Confidence": 99.81346130371094,
      "Text": "monomers, silanated fillers, initiator components, stabilizers",
      "Geometry": {
        "BoundingBox": {
          "Width": 0.2311316281557083,
          "Height": 0.022155383601784706,
          "Left": 0.4140424430370331,
          "Top": 0.529457151889801
        },
        "Polygon": [
          {
            "X": 0.4140424430370331,
            "Y": 0.529457151889801
          },
          {
            "X": 0.6450555324554443,
            "Y": 0.5294989347457886
          },
          {
            "X": 0.6451740860939026,
            "Y": 0.5516125559806824
          },
          {
            "X": 0.41411301493644714,
            "Y": 0.5515549778938293
          }
        ]
      },
      "Id": "368dc3bd-db92-4980-81de-a754a6d078c8",
      "Relationships": [
        {
          "Type": "CHILD",
          "Ids": [
            "fc661573-aab5-413f-b8fd-582e649254ab",
            "e40e034b-d302-4b1e-846b-31282fa84271",
            "2b8f0dc1-5975-4149-8dd4-fc1fa028281e",
            "5f03b0b6-bc52-4ce3-9823-4d663151a790",
            "1c710a98-88ab-44e8-bded-486be6c40a9d",
            "ee5fde38-6cd1-403a-b04b-63487ddcf84b"
          ]
        }
      ],
      "Page": 1
    },
    {
      "BlockType": "LINE",
      "Confidence": 99.6810531616211,
      "Text": "Catalyst paste: methacrylate monomers, alkaline (basic) fillers. Silanated fillers,",
      "Geometry": {
        "BoundingBox": {
          "Width": 0.3070302903652191,
          "Height": 0.022741064429283142,
          "Left": 0.4143376350402832,
          "Top": 0.5589876770973206
        },
        "Polygon": [
          {
            "X": 0.4143376350402832,
            "Y": 0.5589876770973206
          },
          {
            "X": 0.7212302684783936,
            "Y": 0.5590712428092957
          },
          {
            "X": 0.7213679552078247,
            "Y": 0.5817287564277649
          },
          {
            "X": 0.41440993547439575,
            "Y": 0.5816236734390259
          }
        ]
      },
      "Id": "4fce43e5-d14b-4a89-b4f1-c86ff9aaa5ae",
      "Relationships": [
        {
          "Type": "CHILD",
          "Ids": [
            "cbc97769-9edc-4b90-99e4-9ffa942c39f8",
            "f727e3d7-987d-4376-bbe3-abf3b74e3cd9",
            "f7f09fd2-8c21-4ef9-a774-0ba018abd03a",
            "b0463530-6bb8-45ba-876f-5163d829b7a7",
            "4489cce5-df1d-4377-a49f-74572e1c9716",
            "70baee7d-261f-4dab-af34-3ec78e631187",
            "4addd511-5b31-4846-813d-b45a76552ec2",
            "5e3f794d-17d1-4d97-b976-04129bc5100c",
            "54210a60-fb16-4734-a7ef-90bcb7584f9d"
          ]
        }
      ],
      "Page": 1
    },
    {
      "BlockType": "LINE",
      "Confidence": 99.75826263427734,
      "Text": "initiator components, stabilizers, pigments",
      "Geometry": {
        "BoundingBox": {
          "Width": 0.16230857372283936,
          "Height": 0.022142313420772552,
          "Left": 0.4143045246601105,
          "Top": 0.5880759954452515
        },
        "Polygon": [
          {
            "X": 0.4143045246601105,
            "Y": 0.5880759954452515
          },
          {
            "X": 0.5765089392662048,
            "Y": 0.588134765625
          },
          {
            "X": 0.5766130685806274,
            "Y": 0.610218346118927
          },
          {
            "X": 0.4143750071525574,
            "Y": 0.6101484298706055
          }
        ]
      },
      "Id": "6511517f-a9fa-4537-b2ba-4971e5f5e64f",
      "Relationships": [
        {
          "Type": "CHILD",
          "Ids": [
            "4504d910-658b-4dff-9b33-881e441be56b",
            "7a63522f-a223-4ccc-9f4a-df3cbd8648f4",
            "2110b62a-d969-4e1c-a814-ee31e595c71f",
            "91517e23-a666-4d5a-948d-9de989a50365"
          ]
        }
      ],
      "Page": 1
    },
    {
      "BlockType": "WORD",
      "Confidence": 99.90308380126953,
      "Text": "Material",
      "TextType": "PRINTED",
      "Geometry": {
        "BoundingBox": {
          "Width": 0.03165410831570625,
          "Height": 0.017600180581212044,
          "Left": 0.2922227680683136,
          "Top": 0.38383978605270386
        },
        "Polygon": [
          {
            "X": 0.2922227680683136,
            "Y": 0.38384830951690674
          },
          {
            "X": 0.3238355219364166,
            "Y": 0.38383978605270386
          },
          {
            "X": 0.32387685775756836,
            "Y": 0.40143314003944397
          },
          {
            "X": 0.2922588586807251,
            "Y": 0.40143996477127075
          }
        ]
      },
      "Id": "e0722484-3417-4298-a019-1ca13efdab90",
      "Page": 1
    },
    {
      "BlockType": "WORD",
      "Confidence": 99.7425765991211,
      "Text": "Composition",
      "TextType": "PRINTED",
      "Geometry": {
        "BoundingBox": {
          "Width": 0.0475425124168396,
          "Height": 0.021219195798039436,
          "Left": 0.4145819842815399,
          "Top": 0.384378582239151
        },
        "Polygon": [
          {
            "X": 0.4145819842815399,
            "Y": 0.38439130783081055
          },
          {
            "X": 0.46204710006713867,
            "Y": 0.384378582239151
          },
          {
            "X": 0.4621244966983795,
            "Y": 0.40558817982673645
          },
          {
            "X": 0.4146498739719391,
            "Y": 0.4055977761745453
          }
        ]
      },
      "Id": "652e0847-9c8e-4397-bfd9-37729e37a0e8",
      "Page": 1
    },
    {
      "BlockType": "WORD",
      "Confidence": 99.64361572265625,
      "Text": "Manufacturer",
      "TextType": "PRINTED",
      "Geometry": {
        "BoundingBox": {
          "Width": 0.05168573930859566,
          "Height": 0.01744217798113823,
          "Left": 0.7361222505569458,
          "Top": 0.3838670253753662
        },
        "Polygon": [
          {
            "X": 0.7361222505569458,
            "Y": 0.38388094305992126
          },
          {
            "X": 0.7876909971237183,
            "Y": 0.3838670253753662
          },
          {
            "X": 0.7878080010414124,
            "Y": 0.40129807591438293
          },
          {
            "X": 0.736230731010437,
            "Y": 0.40130922198295593
          }
        ]
      },
      "Id": "6125f3d0-04b2-4180-9a59-9b8c36525d79",
      "Page": 1
    },
    {
      "BlockType": "WORD",
      "Confidence": 99.84251403808594,
      "Text": "Resin",
      "TextType": "PRINTED",
      "Geometry": {
        "BoundingBox": {
          "Width": 0.020719677209854126,
          "Height": 0.016530141234397888,
          "Left": 0.16051290929317474,
          "Top": 0.44056570529937744
        },
        "Polygon": [
          {
            "X": 0.16051290929317474,
            "Y": 0.44056767225265503
          },
          {
            "X": 0.18121592700481415,
            "Y": 0.44056570529937744
          },
          {
            "X": 0.18123258650302887,
            "Y": 0.4570949375629425
          },
          {
            "X": 0.1605263501405716,
            "Y": 0.45709583163261414
          }
        ]
      },
      "Id": "3cbede8e-aa43-4702-8aec-d40b9bd64887",
      "Page": 1
    },
    {
      "BlockType": "WORD",
      "Confidence": 99.58116149902344,
      "Text": "composite",
      "TextType": "PRINTED",
      "Geometry": {
        "BoundingBox": {
          "Width": 0.03820333257317543,
          "Height": 0.021248484030365944,
          "Left": 0.18426553905010223,
          "Top": 0.44035905599594116
        },
        "Polygon": [
          {
            "X": 0.18426553905010223,
            "Y": 0.44036269187927246
          },
          {
            "X": 0.2224392294883728,
            "Y": 0.44035905599594116
          },
          {
            "X": 0.22246886789798737,
            "Y": 0.4616064131259918
          },
          {
            "X": 0.18428756296634674,
            "Y": 0.46160754561424255
          }
        ]
      },
      "Id": "0d25a627-7f9b-456e-ac98-7e26229e9a1a",
      "Page": 1
    },
    {
      "BlockType": "WORD",
      "Confidence": 99.59636688232422,
      "Text": "Filtek",
      "TextType": "PRINTED",
      "Geometry": {
        "BoundingBox": {
          "Width": 0.02181321196258068,
          "Height": 0.01702321134507656,
          "Left": 0.2921449840068817,
          "Top": 0.44002076983451843
        },
        "Polygon": [
          {
            "X": 0.2921449840068817,
            "Y": 0.44002285599708557
          },
          {
            "X": 0.3139198124408722,
            "Y": 0.44002076983451843
          },
          {
            "X": 0.31395819783210754,
            "Y": 0.4570430517196655
          },
          {
            "X": 0.2921798825263977,
            "Y": 0.45704397559165955
          }
        ]
      },
      "Id": "34a33237-e1c7-44c3-a40c-e791a223f9ea",
      "Page": 1
    },
    {
      "BlockType": "WORD",
      "Confidence": 99.81780242919922,
      "Text": "Ultimate",
      "TextType": "PRINTED",
      "Geometry": {
        "BoundingBox": {
          "Width": 0.03299398720264435,
          "Height": 0.01721470057964325,
          "Left": 0.3165263831615448,
          "Top": 0.4399695098400116
        },
        "Polygon": [
          {
            "X": 0.3165263831615448,
            "Y": 0.4399726986885071
          },
          {
            "X": 0.34947580099105835,
            "Y": 0.4399695098400116
          },
          {
            "X": 0.34952035546302795,
            "Y": 0.45718279480934143
          },
          {
            "X": 0.316565603017807,
            "Y": 0.45718422532081604
          }
        ]
      },
      "Id": "aab1aa21-4f5c-4410-a9d5-f55bbd8cb96c",
      "Page": 1
    },
    {
      "BlockType": "WORD",
      "Confidence": 99.80506896972656,
      "Text": "Flowable",
      "TextType": "PRINTED",
      "Geometry": {
        "BoundingBox": {
          "Width": 0.03461219742894173,
          "Height": 0.017333775758743286,
          "Left": 0.3520779609680176,
          "Top": 0.43991363048553467
        },
        "Polygon": [
          {
            "X": 0.3520779609680176,
            "Y": 0.4399169683456421
          },
          {
            "X": 0.38663923740386963,
            "Y": 0.43991363048553467
          },
          {
            "X": 0.3866901695728302,
            "Y": 0.45724594593048096
          },
          {
            "X": 0.3521232604980469,
            "Y": 0.45724740624427795
          }
        ]
      },
      "Id": "d3f04dc1-6bf9-4066-be3e-c32db89d3282",
      "Page": 1
    },
    {
      "BlockType": "WORD",
      "Confidence": 99.27257537841797,
      "Text": "Matrix:",
      "TextType": "PRINTED",
      "Geometry": {
        "BoundingBox": {
          "Width": 0.02905643731355667,
          "Height": 0.017245260998606682,
          "Left": 0.413959264755249,
          "Top": 0.44011422991752625
        },
        "Polygon": [
          {
            "X": 0.413959264755249,
            "Y": 0.4401170015335083
          },
          {
            "X": 0.4429559111595154,
            "Y": 0.44011422991752625
          },
          {
            "X": 0.4430156946182251,
            "Y": 0.4573582410812378
          },
          {
            "X": 0.4140143394470215,
            "Y": 0.4573594927787781
          }
        ]
      },
      "Id": "21f78cdb-75cd-4a14-9dcf-0b9ed5a230bd",
      "Page": 1
    },
    {
      "BlockType": "WORD",
      "Confidence": 99.78205108642578,
      "Text": "Bis",
      "TextType": "PRINTED",
      "Geometry": {
        "BoundingBox": {
          "Width": 0.01123749278485775,
          "Height": 0.016512885689735413,
          "Left": 0.4464108645915985,
          "Top": 0.44055241346359253
        },
        "Polygon": [
          {
            "X": 0.4464108645915985,
            "Y": 0.4405534565448761
          },
          {
            "X": 0.4575888514518738,
            "Y": 0.44055241346359253
          },
          {
            "X": 0.457648366689682,
            "Y": 0.45706480741500854
          },
          {
            "X": 0.44646865129470825,
            "Y": 0.45706528425216675
          }
        ]
      },
      "Id": "d2670cf3-aeb0-465c-b63b-b5dda4a3f417",
      "Page": 1
    },
    {
      "BlockType": "WORD",
      "Confidence": 99.65054321289062,
      "Text": "GMA,",
      "TextType": "PRINTED",
      "Geometry": {
        "BoundingBox": {
          "Width": 0.021126573905348778,
          "Height": 0.01981390453875065,
          "Left": 0.4606758952140808,
          "Top": 0.4406909644603729
        },
        "Polygon": [
          {
            "X": 0.4606758952140808,
            "Y": 0.4406929314136505
          },
          {
            "X": 0.48172658681869507,
            "Y": 0.4406909644603729
          },
          {
            "X": 0.48180249333381653,
            "Y": 0.4605041742324829
          },
          {
            "X": 0.4607478976249695,
            "Y": 0.4605048596858978
          }
        ]
      },
      "Id": "5d46b25f-025d-40e8-80fe-e4d1716bd0eb",
      "Page": 1
    },
    {
      "BlockType": "WORD",
      "Confidence": 99.3936767578125,
      "Text": "TEGDMA,",
      "TextType": "PRINTED",
      "Geometry": {
        "BoundingBox": {
          "Width": 0.037819914519786835,
          "Height": 0.019976690411567688,
          "Left": 0.4847066104412079,
          "Top": 0.4406537413597107
        },
        "Polygon": [
          {
            "X": 0.4847066104412079,
            "Y": 0.44065728783607483
          },
          {
            "X": 0.5224423408508301,
            "Y": 0.4406537413597107
          },
          {
            "X": 0.5225265026092529,
            "Y": 0.4606292247772217
          },
          {
            "X": 0.48478367924690247,
            "Y": 0.4606304466724396
          }
        ]
      },
      "Id": "460f799c-c23c-4122-9a57-9b8e9735ad43",
      "Page": 1
    },
    {
      "BlockType": "WORD",
      "Confidence": 99.65392303466797,
      "Text": "Procrylate",
      "TextType": "PRINTED",
      "Geometry": {
        "BoundingBox": {
          "Width": 0.039239734411239624,
          "Height": 0.021327780559659004,
          "Left": 0.5252983570098877,
          "Top": 0.44022512435913086
        },
        "Polygon": [
          {
            "X": 0.5252983570098877,
            "Y": 0.4402288794517517
          },
          {
            "X": 0.5644398331642151,
            "Y": 0.44022512435913086
          },
          {
            "X": 0.5645381212234497,
            "Y": 0.4615517556667328
          },
          {
            "X": 0.525388777256012,
            "Y": 0.4615529179573059
          }
        ]
      },
      "Id": "4f88dc1a-8e4a-4dd3-9dc1-ec7d404a5638",
      "Page": 1
    },
    {
      "BlockType": "WORD",
      "Confidence": 99.85931396484375,
      "Text": "resins",
      "TextType": "PRINTED",
      "Geometry": {
        "BoundingBox": {
          "Width": 0.02193831093609333,
          "Height": 0.017071563750505447,
          "Left": 0.5670221447944641,
          "Top": 0.4403768479824066
        },
        "Polygon": [
          {
            "X": 0.5670221447944641,
            "Y": 0.44037893414497375
          },
          {
            "X": 0.5888778567314148,
            "Y": 0.4403768479824066
          },
          {
            "X": 0.5889604687690735,
            "Y": 0.45744749903678894
          },
          {
            "X": 0.567101240158081,
            "Y": 0.45744842290878296
          }
        ]
      },
      "Id": "54f1b413-303a-4532-9d97-9f42e7220af6",
      "Page": 1
    },
    {
      "BlockType": "WORD",
      "Confidence": 99.87834167480469,
      "Text": "Filler",
      "TextType": "PRINTED",
      "Geometry": {
        "BoundingBox": {
          "Width": 0.021125035360455513,
          "Height": 0.01732625812292099,
          "Left": 0.5914769172668457,
          "Top": 0.4399137794971466
        },
        "Polygon": [
          {
            "X": 0.5914769172668457,
            "Y": 0.43991580605506897
          },
          {
            "X": 0.6125142574310303,
            "Y": 0.4399137794971466
          },
          {
            "X": 0.6126019358634949,
            "Y": 0.4572391211986542
          },
          {
            "X": 0.5915611386299133,
            "Y": 0.4572400450706482
          }
        ]
      },
      "Id": "7d2571e5-23dd-47b4-b5f7-e05413da46ca",
      "Page": 1
    },
    {
      "BlockType": "WORD",
      "Confidence": 99.83381652832031,
      "Text": "(46%",
      "TextType": "PRINTED",
      "Geometry": {
        "BoundingBox": {
          "Width": 0.020401591435074806,
          "Height": 0.020612705498933792,
          "Left": 0.6149905323982239,
          "Top": 0.4395863711833954
        },
        "Polygon": [
          {
            "X": 0.6149905323982239,
            "Y": 0.43958836793899536
          },
          {
            "X": 0.6352834105491638,
            "Y": 0.4395863711833954
          },
          {
            "X": 0.6353921294212341,
            "Y": 0.46019840240478516
          },
          {
            "X": 0.615095317363739,
            "Y": 0.4601990878582001
          }
        ]
      },
      "Id": "7b2b8983-b6b1-472e-a22d-df76d92e1cf3",
      "Page": 1
    },
    {
      "BlockType": "WORD",
      "Confidence": 99.75586700439453,
      "Text": "vol):",
      "TextType": "PRINTED",
      "Geometry": {
        "BoundingBox": {
          "Width": 0.017241597175598145,
          "Height": 0.021107742562890053,
          "Left": 0.6377872228622437,
          "Top": 0.43950355052948
        },
        "Polygon": [
          {
            "X": 0.6377872228622437,
            "Y": 0.4395052492618561
          },
          {
            "X": 0.654913604259491,
            "Y": 0.43950355052948
          },
          {
            "X": 0.6550288200378418,
            "Y": 0.4606107473373413
          },
          {
            "X": 0.6378990411758423,
            "Y": 0.4606113135814667
          }
        ]
      },
      "Id": "17a5b904-c561-4072-8f27-78e471c42f96",
      "Page": 1
    },
    {
      "BlockType": "WORD",
      "Confidence": 98.12140655517578,
      "Text": "ytterbium",
      "TextType": "PRINTED",
      "Geometry": {
        "BoundingBox": {
          "Width": 0.03742732107639313,
          "Height": 0.021113432943820953,
          "Left": 0.6580418944358826,
          "Top": 0.4402303993701935
        },
        "Polygon": [
          {
            "X": 0.6580418944358826,
            "Y": 0.44023397564888
          },
          {
            "X": 0.6953459978103638,
            "Y": 0.4402303993701935
          },
          {
            "X": 0.6954692602157593,
            "Y": 0.4613427221775055
          },
          {
            "X": 0.6581577658653259,
            "Y": 0.4613438546657562
          }
        ]
      },
      "Id": "061b2c68-c968-4cbe-97ec-e569383b6257",
      "Page": 1
    },
    {
      "BlockType": "WORD",
      "Confidence": 99.03762817382812,
      "Text": "3",
      "TextType": "PRINTED",
      "Geometry": {
        "BoundingBox": {
          "Width": 0.004394141957163811,
          "Height": 0.01629333384335041,
          "Left": 0.7363518476486206,
          "Top": 0.44072508811950684
        },
        "Polygon": [
          {
            "X": 0.7363518476486206,
            "Y": 0.44072550535202026
          },
          {
            "X": 0.7406439185142517,
            "Y": 0.44072508811950684
          },
          {
            "X": 0.7407459616661072,
            "Y": 0.45701825618743896
          },
          {
            "X": 0.7364532351493835,
            "Y": 0.4570184350013733
          }
        ]
      },
      "Id": "a528fa15-5e22-4817-8387-efd76e1540cc",
      "Page": 1
    },
    {
      "BlockType": "WORD",
      "Confidence": 99.58587646484375,
      "Text": "M",
      "TextType": "PRINTED",
      "Geometry": {
        "BoundingBox": {
          "Width": 0.007569293025881052,
          "Height": 0.016132356598973274,
          "Left": 0.7426832914352417,
          "Top": 0.440704882144928
        },
        "Polygon": [
          {
            "X": 0.7426832914352417,
            "Y": 0.4407055974006653
          },
          {
            "X": 0.7501500844955444,
            "Y": 0.440704882144928
          },
          {
            "X": 0.7502526044845581,
            "Y": 0.45683690905570984
          },
          {
            "X": 0.7427846789360046,
            "Y": 0.4568372368812561
          }
        ]
      },
      "Id": "5af11ef3-f235-43bc-a910-7dbba0270a78",
      "Page": 1
    },
    {
      "BlockType": "WORD",
      "Confidence": 96.9942626953125,
      "Text": "ESPE,",
      "TextType": "PRINTED",
      "Geometry": {
        "BoundingBox": {
          "Width": 0.02169712819159031,
          "Height": 0.019617922604084015,
          "Left": 0.7528361082077026,
          "Top": 0.44085365533828735
        },
        "Polygon": [
          {
            "X": 0.7528361082077026,
            "Y": 0.4408556818962097
          },
          {
            "X": 0.7744041681289673,
            "Y": 0.44085365533828735
          },
          {
            "X": 0.7745332717895508,
            "Y": 0.46047088503837585
          },
          {
            "X": 0.7529612183570862,
            "Y": 0.46047157049179077
          }
        ]
      },
      "Id": "2a97c4ee-af9c-4117-8c41-d637816268e8",
      "Page": 1
    },
    {
      "BlockType": "WORD",
      "Confidence": 99.61321258544922,
      "Text": "St.Paul,",
      "TextType": "PRINTED",
      "Geometry": {
        "BoundingBox": {
          "Width": 0.02840285375714302,
          "Height": 0.020496021956205368,
          "Left": 0.7776423096656799,
          "Top": 0.44022753834724426
        },
        "Polygon": [
          {
            "X": 0.7776423096656799,
            "Y": 0.44023025035858154
          },
          {
            "X": 0.8059042096138,
            "Y": 0.44022753834724426
          },
          {
            "X": 0.8060451745986938,
            "Y": 0.4607226848602295
          },
          {
            "X": 0.7777777910232544,
            "Y": 0.4607235789299011
          }
        ]
      },
      "Id": "fdef6003-e8bb-4990-94e6-fe0b02b6928b",
      "Page": 1
    },
    {
      "BlockType": "WORD",
      "Confidence": 99.93229675292969,
      "Text": "MN",
      "TextType": "PRINTED",
      "Geometry": {
        "BoundingBox": {
          "Width": 0.013996285386383533,
          "Height": 0.016051901504397392,
          "Left": 0.8091080784797668,
          "Top": 0.4408584535121918
        },
        "Polygon": [
          {
            "X": 0.8091080784797668,
            "Y": 0.44085973501205444
          },
          {
            "X": 0.8229913711547852,
            "Y": 0.4408584535121918
          },
          {
            "X": 0.8231043815612793,
            "Y": 0.45690974593162537
          },
          {
            "X": 0.8092189431190491,
            "Y": 0.4569103419780731
          }
        ]
      },
      "Id": "4e4e3a0a-12bf-470f-b450-67912005eddb",
      "Page": 1
    },
    {
      "BlockType": "WORD",
      "Confidence": 99.8911361694336,
      "Text": "USA",
      "TextType": "PRINTED",
      "Geometry": {
        "BoundingBox": {
          "Width": 0.016310088336467743,
          "Height": 0.016440432518720627,
          "Left": 0.8259482383728027,
          "Top": 0.44073936343193054
        },
        "Polygon": [
          {
            "X": 0.8259482383728027,
            "Y": 0.4407408535480499
          },
          {
            "X": 0.8421396613121033,
            "Y": 0.44073936343193054
          },
          {
            "X": 0.8422583341598511,
            "Y": 0.45717909932136536
          },
          {
            "X": 0.82606440782547,
            "Y": 0.4571797847747803
          }
        ]
      },
      "Id": "5eb9ef05-8a92-48f3-b391-1333ef7e6aff",
      "Page": 1
    },
    {
      "BlockType": "WORD",
      "Confidence": 99.56060791015625,
      "Text": "Restorative",
      "TextType": "PRINTED",
      "Geometry": {
        "BoundingBox": {
          "Width": 0.04296424984931946,
          "Height": 0.016929838806390762,
          "Left": 0.29199522733688354,
          "Top": 0.4703742563724518
        },
        "Polygon": [
          {
            "X": 0.29199522733688354,
            "Y": 0.47037434577941895
          },
          {
            "X": 0.33491796255111694,
            "Y": 0.4703742563724518
          },
          {
            "X": 0.334959477186203,
            "Y": 0.48730412125587463
          },
          {
            "X": 0.29202988743782043,
            "Y": 0.48730194568634033
          }
        ]
      },
      "Id": "f18430d6-dae0-4f46-8f88-74420586663b",
      "Page": 1
    },
    {
      "BlockType": "WORD",
      "Confidence": 95.38007354736328,
      "Text": "trifluoride,",
      "TextType": "PRINTED",
      "Geometry": {
        "BoundingBox": {
          "Width": 0.040727563202381134,
          "Height": 0.020668208599090576,
          "Left": 0.4142565429210663,
          "Top": 0.46983468532562256
        },
        "Polygon": [
          {
            "X": 0.4142565429210663,
            "Y": 0.4698348343372345
          },
          {
            "X": 0.45491012930870056,
            "Y": 0.46983468532562256
          },
          {
            "X": 0.4549840986728668,
            "Y": 0.49050289392471313
          },
          {
            "X": 0.4143225848674774,
            "Y": 0.49050042033195496
          }
        ]
      },
      "Id": "65cb55ec-9063-47d6-8da7-43ea5c6a9f1d",
      "Page": 1
    },
    {
      "BlockType": "WORD",
      "Confidence": 99.73118591308594,
      "Text": "silica",
      "TextType": "PRINTED",
      "Geometry": {
        "BoundingBox": {
          "Width": 0.019585002213716507,
          "Height": 0.01684551313519478,
          "Left": 0.45814985036849976,
          "Top": 0.47009363770484924
        },
        "Polygon": [
          {
            "X": 0.45814985036849976,
            "Y": 0.47009366750717163
          },
          {
            "X": 0.47767096757888794,
            "Y": 0.47009363770484924
          },
          {
            "X": 0.47773486375808716,
            "Y": 0.48693913221359253
          },
          {
            "X": 0.45821064710617065,
            "Y": 0.4869381785392761
          }
        ]
      },
      "Id": "0fb5cae6-8499-43c9-96b6-b3c44ee6a6d9",
      "Page": 1
    },
    {
      "BlockType": "WORD",
      "Confidence": 99.18495178222656,
      "Text": "filler,",
      "TextType": "PRINTED",
      "Geometry": {
        "BoundingBox": {
          "Width": 0.020383067429065704,
          "Height": 0.02128792554140091,
          "Left": 0.4802796542644501,
          "Top": 0.46954330801963806
        },
        "Polygon": [
          {
            "X": 0.4802796542644501,
            "Y": 0.4695433974266052
          },
          {
            "X": 0.5005773901939392,
            "Y": 0.46954330801963806
          },
          {
            "X": 0.5006627440452576,
            "Y": 0.4908312261104584
          },
          {
            "X": 0.48036089539527893,
            "Y": 0.4908300042152405
          }
        ]
      },
      "Id": "efefd30e-8445-42b3-a6cc-af025b861435",
      "Page": 1
    },
    {
      "BlockType": "WORD",
      "Confidence": 96.51972961425781,
      "Text": "zirconia/silica",
      "TextType": "PRINTED",
      "Geometry": {
        "BoundingBox": {
          "Width": 0.054590221494436264,
          "Height": 0.019782377406954765,
          "Left": 0.5034656524658203,
          "Top": 0.46977412700653076
        },
        "Polygon": [
          {
            "X": 0.5034656524658203,
            "Y": 0.4697743356227875
          },
          {
            "X": 0.5579659342765808,
            "Y": 0.46977412700653076
          },
          {
            "X": 0.5580558776855469,
            "Y": 0.4895564913749695
          },
          {
            "X": 0.5035454630851746,
            "Y": 0.48955339193344116
          }
        ]
      },
      "Id": "c5aea03c-c56a-4672-bd50-bdfba4735bff",
      "Page": 1
    },
    {
      "BlockType": "WORD",
      "Confidence": 99.84781646728516,
      "Text": "filler",
      "TextType": "PRINTED",
      "Geometry": {
        "BoundingBox": {
          "Width": 0.01826866902410984,
          "Height": 0.017630256712436676,
          "Left": 0.5605272650718689,
          "Top": 0.4694710671901703
        },
        "Polygon": [
          {
            "X": 0.5605272650718689,
            "Y": 0.46947115659713745
          },
          {
            "X": 0.5787123441696167,
            "Y": 0.4694710671901703
          },
          {
            "X": 0.5787959098815918,
            "Y": 0.48710131645202637
          },
          {
            "X": 0.5606078505516052,
            "Y": 0.48710042238235474
          }
        ]
      },
      "Id": "1602d2e8-11c4-4631-990e-c4efe5629e5b",
      "Page": 1
    },
    {
      "BlockType": "WORD",
      "Confidence": 99.71622467041016,
      "Text": "Self-adhesive",
      "TextType": "PRINTED",
      "Geometry": {
        "BoundingBox": {
          "Width": 0.04957796260714531,
          "Height": 0.017388131469488144,
          "Left": 0.1606329381465912,
          "Top": 0.49983662366867065
        },
        "Polygon": [
          {
            "X": 0.1606329381465912,
            "Y": 0.49983662366867065
          },
          {
            "X": 0.21018865704536438,
            "Y": 0.4998410642147064
          },
          {
            "X": 0.2102108895778656,
            "Y": 0.5172247290611267
          },
          {
            "X": 0.16064707934856415,
            "Y": 0.5172176957130432
          }
        ]
      },
      "Id": "a59249cc-db40-4964-9471-3cf69d8c831f",
      "Page": 1
    },
    {
      "BlockType": "WORD",
      "Confidence": 99.48077392578125,
      "Text": "composite",
      "TextType": "PRINTED",
      "Geometry": {
        "BoundingBox": {
          "Width": 0.03850916028022766,
          "Height": 0.02097896672785282,
          "Left": 0.21324940025806427,
          "Top": 0.5004387497901917
        },
        "Polygon": [
          {
            "X": 0.21324940025806427,
            "Y": 0.5004387497901917
          },
          {
            "X": 0.2517235279083252,
            "Y": 0.5004422068595886
          },
          {
            "X": 0.25175854563713074,
            "Y": 0.5214176774024963
          },
          {
            "X": 0.21327683329582214,
            "Y": 0.521411657333374
          }
        ]
      },
      "Id": "152c422f-4223-4e34-9c5b-0e0ffba96c63",
      "Page": 1
    },
    {
      "BlockType": "WORD",
      "Confidence": 99.94377899169922,
      "Text": "Rely",
      "TextType": "PRINTED",
      "Geometry": {
        "BoundingBox": {
          "Width": 0.017057383432984352,
          "Height": 0.02141031064093113,
          "Left": 0.29209253191947937,
          "Top": 0.5000657439231873
        },
        "Polygon": [
          {
            "X": 0.29209253191947937,
            "Y": 0.5000657439231873
          },
          {
            "X": 0.3091026246547699,
            "Y": 0.5000672936439514
          },
          {
            "X": 0.30914992094039917,
            "Y": 0.5214760899543762
          },
          {
            "X": 0.29213637113571167,
            "Y": 0.5214734077453613
          }
        ]
      },
      "Id": "63d81380-ef83-4194-a17f-9b1c955a4aeb",
      "Page": 1
    },
    {
      "BlockType": "WORD",
      "Confidence": 95.2470474243164,
      "Text": "X",
      "TextType": "PRINTED",
      "Geometry": {
        "BoundingBox": {
          "Width": 0.005906189326196909,
          "Height": 0.01598256453871727,
          "Left": 0.31170952320098877,
          "Top": 0.5005743503570557
        },
        "Polygon": [
          {
            "X": 0.31170952320098877,
            "Y": 0.5005743503570557
          },
          {
            "X": 0.31757915019989014,
            "Y": 0.5005748867988586
          },
          {
            "X": 0.31761571764945984,
            "Y": 0.5165569186210632
          },
          {
            "X": 0.31174519658088684,
            "Y": 0.5165560841560364
          }
        ]
      },
      "Id": "cc14a358-f36e-4c5b-a703-b50987bc8595",
      "Page": 1
    },
    {
      "BlockType": "WORD",
      "Confidence": 99.85330963134766,
      "Text": "U200",
      "TextType": "PRINTED",
      "Geometry": {
        "BoundingBox": {
          "Width": 0.020450202748179436,
          "Height": 0.01654384657740593,
          "Left": 0.32016003131866455,
          "Top": 0.5004025101661682
        },
        "Polygon": [
          {
            "X": 0.32016003131866455,
            "Y": 0.5004025101661682
          },
          {
            "X": 0.34056881070137024,
            "Y": 0.5004043579101562
          },
          {
            "X": 0.34061023592948914,
            "Y": 0.5169463157653809
          },
          {
            "X": 0.32019826769828796,
            "Y": 0.5169434547424316
          }
        ]
      },
      "Id": "b971ba3b-9f3e-4450-a576-8e168875906e",
      "Page": 1
    },
    {
      "BlockType": "WORD",
      "Confidence": 99.91644287109375,
      "Text": "Automix",
      "TextType": "PRINTED",
      "Geometry": {
        "BoundingBox": {
          "Width": 0.03274521231651306,
          "Height": 0.016725486144423485,
          "Left": 0.3435137867927551,
          "Top": 0.5002630949020386
        },
        "Polygon": [
          {
            "X": 0.3435137867927551,
            "Y": 0.5002630949020386
          },
          {
            "X": 0.3762115240097046,
            "Y": 0.5002660751342773
          },
          {
            "X": 0.3762589991092682,
            "Y": 0.5169885754585266
          },
          {
            "X": 0.34355610609054565,
            "Y": 0.5169839262962341
          }
        ]
      },
      "Id": "2e79c60a-d0bd-4ca5-af27-c063ae512ec4",
      "Page": 1
    },
    {
      "BlockType": "WORD",
      "Confidence": 99.95233154296875,
      "Text": "Base",
      "TextType": "PRINTED",
      "Geometry": {
        "BoundingBox": {
          "Width": 0.018371175974607468,
          "Height": 0.016627201810479164,
          "Left": 0.41404980421066284,
          "Top": 0.5004348754882812
        },
        "Polygon": [
          {
            "X": 0.41404980421066284,
            "Y": 0.5004348754882812
          },
          {
            "X": 0.4323650300502777,
            "Y": 0.500436544418335
          },
          {
            "X": 0.4324209690093994,
            "Y": 0.5170620679855347
          },
          {
            "X": 0.4141028821468353,
            "Y": 0.5170595049858093
          }
        ]
      },
      "Id": "a877bd24-e2fb-42e8-b877-ef99193c421e",
      "Page": 1
    },
    {
      "BlockType": "WORD",
      "Confidence": 99.16545867919922,
      "Text": "paste:",
      "TextType": "PRINTED",
      "Geometry": {
        "BoundingBox": {
          "Width": 0.023522214964032173,
          "Height": 0.019788557663559914,
          "Left": 0.4337909519672394,
          "Top": 0.502090334892273
        },
        "Polygon": [
          {
            "X": 0.4337909519672394,
            "Y": 0.502090334892273
          },
          {
            "X": 0.457241952419281,
            "Y": 0.5020925402641296
          },
          {
            "X": 0.4573131799697876,
            "Y": 0.5218788385391235
          },
          {
            "X": 0.433857798576355,
            "Y": 0.5218752026557922
          }
        ]
      },
      "Id": "03534c14-ae03-4a20-bbb4-0929cb2397e1",
      "Page": 1
    },
    {
      "BlockType": "WORD",
      "Confidence": 99.84049987792969,
      "Text": "methacrylate",
      "TextType": "PRINTED",
      "Geometry": {
        "BoundingBox": {
          "Width": 0.04989154636859894,
          "Height": 0.021730080246925354,
          "Left": 0.4602641463279724,
          "Top": 0.5000469088554382
        },
        "Polygon": [
          {
            "X": 0.4602641463279724,
            "Y": 0.5000469088554382
          },
          {
            "X": 0.5100667476654053,
            "Y": 0.5000513792037964
          },
          {
            "X": 0.5101556777954102,
            "Y": 0.5217769742012024
          },
          {
            "X": 0.4603429436683655,
            "Y": 0.5217691659927368
          }
        ]
      },
      "Id": "f0f63d81-e082-42dd-b3d5-3f88ce960b8c",
      "Page": 1
    },
    {
      "BlockType": "WORD",
      "Confidence": 99.73734283447266,
      "Text": "monomers",
      "TextType": "PRINTED",
      "Geometry": {
        "BoundingBox": {
          "Width": 0.03995112329721451,
          "Height": 0.013155474327504635,
          "Left": 0.5125619769096375,
          "Top": 0.5041087865829468
        },
        "Polygon": [
          {
            "X": 0.5125619769096375,
            "Y": 0.5041087865829468
          },
          {
            "X": 0.5524539947509766,
            "Y": 0.5041128993034363
          },
          {
            "X": 0.552513062953949,
            "Y": 0.5172643065452576
          },
          {
            "X": 0.5126160979270935,
            "Y": 0.5172585844993591
          }
        ]
      },
      "Id": "3b0ebf78-e8cd-4cc8-95e0-446e50b924b6",
      "Page": 1
    },
    {
      "BlockType": "WORD",
      "Confidence": 99.96356201171875,
      "Text": "containing",
      "TextType": "PRINTED",
      "Geometry": {
        "BoundingBox": {
          "Width": 0.04015842452645302,
          "Height": 0.021479031071066856,
          "Left": 0.5551539659500122,
          "Top": 0.5001924633979797
        },
        "Polygon": [
          {
            "X": 0.5551539659500122,
            "Y": 0.5001924633979797
          },
          {
            "X": 0.5952072739601135,
            "Y": 0.5001960396766663
          },
          {
            "X": 0.5953123569488525,
            "Y": 0.52167147397995
          },
          {
            "X": 0.5552509427070618,
            "Y": 0.5216652154922485
          }
        ]
      },
      "Id": "44fcda03-90aa-44e3-b08a-740005dcc3e3",
      "Page": 1
    },
    {
      "BlockType": "WORD",
      "Confidence": 99.36799621582031,
      "Text": "phosphoric",
      "TextType": "PRINTED",
      "Geometry": {
        "BoundingBox": {
          "Width": 0.04226038604974747,
          "Height": 0.02220141515135765,
          "Left": 0.5977885127067566,
          "Top": 0.49964287877082825
        },
        "Polygon": [
          {
            "X": 0.5977885127067566,
            "Y": 0.49964287877082825
          },
          {
            "X": 0.6399309635162354,
            "Y": 0.4996466040611267
          },
          {
            "X": 0.6400489211082458,
            "Y": 0.5218442678451538
          },
          {
            "X": 0.5978977084159851,
            "Y": 0.5218376517295837
          }
        ]
      },
      "Id": "0ba5cbad-33ab-40b8-9713-f2e7e5bb884a",
      "Page": 1
    },
    {
      "BlockType": "WORD",
      "Confidence": 99.9269027709961,
      "Text": "groups,",
      "TextType": "PRINTED",
      "Geometry": {
        "BoundingBox": {
          "Width": 0.027859261259436607,
          "Height": 0.017679881304502487,
          "Left": 0.6425246000289917,
          "Top": 0.504492998123169
        },
        "Polygon": [
          {
            "X": 0.6425246000289917,
            "Y": 0.504492998123169
          },
          {
            "X": 0.6702848672866821,
            "Y": 0.5044958591461182
          },
          {
            "X": 0.670383870601654,
            "Y": 0.5221728682518005
          },
          {
            "X": 0.6426189541816711,
            "Y": 0.5221684575080872
          }
        ]
      },
      "Id": "86f91890-deea-4086-8cfa-1f1e122ad69a",
      "Page": 1
    },
    {
      "BlockType": "WORD",
      "Confidence": 99.80859375,
      "Text": "methacrylate",
      "TextType": "PRINTED",
      "Geometry": {
        "BoundingBox": {
          "Width": 0.049420103430747986,
          "Height": 0.022136371582746506,
          "Left": 0.6734616160392761,
          "Top": 0.4998747408390045
        },
        "Polygon": [
          {
            "X": 0.6734616160392761,
            "Y": 0.4998747408390045
          },
          {
            "X": 0.7227469086647034,
            "Y": 0.4998791217803955
          },
          {
            "X": 0.7228817343711853,
            "Y": 0.5220111012458801
          },
          {
            "X": 0.6735861897468567,
            "Y": 0.5220033526420593
          }
        ]
      },
      "Id": "3ce81024-9ab2-4b78-86b1-700dcd9d345d",
      "Page": 1
    },
    {
      "BlockType": "WORD",
      "Confidence": 99.8156967163086,
      "Text": "3",
      "TextType": "PRINTED",
      "Geometry": {
        "BoundingBox": {
          "Width": 0.004605215974152088,
          "Height": 0.01664009690284729,
          "Left": 0.7361220717430115,
          "Top": 0.5003534555435181
        },
        "Polygon": [
          {
            "X": 0.7361220717430115,
            "Y": 0.5003534555435181
          },
          {
            "X": 0.7406231164932251,
            "Y": 0.5003538727760315
          },
          {
            "X": 0.7407273054122925,
            "Y": 0.5169935822486877
          },
          {
            "X": 0.7362255454063416,
            "Y": 0.5169929265975952
          }
        ]
      },
      "Id": "07c7b7c5-d327-40d7-a505-0610f72a1075",
      "Page": 1
    },
    {
      "BlockType": "WORD",
      "Confidence": 99.84074401855469,
      "Text": "M",
      "TextType": "PRINTED",
      "Geometry": {
        "BoundingBox": {
          "Width": 0.007504032459110022,
          "Height": 0.01672380045056343,
          "Left": 0.7427321672439575,
          "Top": 0.5000961422920227
        },
        "Polygon": [
          {
            "X": 0.7427321672439575,
            "Y": 0.5000961422920227
          },
          {
            "X": 0.7501300573348999,
            "Y": 0.50009685754776
          },
          {
            "X": 0.7502362132072449,
            "Y": 0.516819953918457
          },
          {
            "X": 0.7428371906280518,
            "Y": 0.5168189406394958
          }
        ]
      },
      "Id": "4a740f9a-9907-4a35-8071-fa206c932454",
      "Page": 1
    },
    {
      "BlockType": "WORD",
      "Confidence": 97.20040893554688,
      "Text": "ESPE,",
      "TextType": "PRINTED",
      "Geometry": {
        "BoundingBox": {
          "Width": 0.021405762061476707,
          "Height": 0.019968070089817047,
          "Left": 0.7522506713867188,
          "Top": 0.5003259181976318
        },
        "Polygon": [
          {
            "X": 0.7522506713867188,
            "Y": 0.5003259181976318
          },
          {
            "X": 0.7735252380371094,
            "Y": 0.5003278851509094
          },
          {
            "X": 0.77365642786026,
            "Y": 0.5202940106391907
          },
          {
            "X": 0.7523778080940247,
            "Y": 0.5202907919883728
          }
        ]
      },
      "Id": "2f758f4c-393c-41b0-a339-0e4a8fa48bcb",
      "Page": 1
    },
    {
      "BlockType": "WORD",
      "Confidence": 99.18514251708984,
      "Text": "Seefeld,",
      "TextType": "PRINTED",
      "Geometry": {
        "BoundingBox": {
          "Width": 0.02928018383681774,
          "Height": 0.02075469121336937,
          "Left": 0.7761358022689819,
          "Top": 0.4996550679206848
        },
        "Polygon": [
          {
            "X": 0.7761358022689819,
            "Y": 0.4996550679206848
          },
          {
            "X": 0.8052734732627869,
            "Y": 0.49965766072273254
          },
          {
            "X": 0.8054159879684448,
            "Y": 0.5204097628593445
          },
          {
            "X": 0.7762726545333862,
            "Y": 0.5204052925109863
          }
        ]
      },
      "Id": "21ed2e20-59b9-49e5-b31a-316470a05d4b",
      "Page": 1
    },
    {
      "BlockType": "WORD",
      "Confidence": 99.947265625,
      "Text": "Germany",
      "TextType": "PRINTED",
      "Geometry": {
        "BoundingBox": {
          "Width": 0.03445984423160553,
          "Height": 0.021497836336493492,
          "Left": 0.8080399036407471,
          "Top": 0.5001900792121887
        },
        "Polygon": [
          {
            "X": 0.8080399036407471,
            "Y": 0.5001900792121887
          },
          {
            "X": 0.8423446416854858,
            "Y": 0.5001931190490723
          },
          {
            "X": 0.8424997329711914,
            "Y": 0.5216878652572632
          },
          {
            "X": 0.8081880211830139,
            "Y": 0.5216825008392334
          }
        ]
      },
      "Id": "6cfe0938-4ab1-44de-8650-1130b5d7e48d",
      "Page": 1
    },
    {
      "BlockType": "WORD",
      "Confidence": 99.90241241455078,
      "Text": "cement",
      "TextType": "PRINTED",
      "Geometry": {
        "BoundingBox": {
          "Width": 0.027125602588057518,
          "Height": 0.015171472914516926,
          "Left": 0.17689894139766693,
          "Top": 0.531802237033844
        },
        "Polygon": [
          {
            "X": 0.17689894139766693,
            "Y": 0.531802237033844
          },
          {
            "X": 0.20400601625442505,
            "Y": 0.5318073630332947
          },
          {
            "X": 0.204024538397789,
            "Y": 0.546973705291748
          },
          {
            "X": 0.17691358923912048,
            "Y": 0.5469673275947571
          }
        ]
      },
      "Id": "d430bae1-ee6d-4e88-834e-7beb9d22ff7a",
      "Page": 1
    },
    {
      "BlockType": "WORD",
      "Confidence": 99.6407699584961,
      "Text": "monomers,",
      "TextType": "PRINTED",
      "Geometry": {
        "BoundingBox": {
          "Width": 0.04202704876661301,
          "Height": 0.016257504001259804,
          "Left": 0.4140571653842926,
          "Top": 0.5340686440467834
        },
        "Polygon": [
          {
            "X": 0.4140571653842926,
            "Y": 0.5340686440467834
          },
          {
            "X": 0.4560259282588959,
            "Y": 0.5340768694877625
          },
          {
            "X": 0.4560842216014862,
            "Y": 0.5503261685371399
          },
          {
            "X": 0.4141090512275696,
            "Y": 0.5503158569335938
          }
        ]
      },
      "Id": "fc661573-aab5-413f-b8fd-582e649254ab",
      "Page": 1
    },
    {
      "BlockType": "WORD",
      "Confidence": 99.89054107666016,
      "Text": "silanated",
      "TextType": "PRINTED",
      "Geometry": {
        "BoundingBox": {
          "Width": 0.03413223475217819,
          "Height": 0.01748221181333065,
          "Left": 0.4590539038181305,
          "Top": 0.5294780731201172
        },
        "Polygon": [
          {
            "X": 0.4590539038181305,
            "Y": 0.5294780731201172
          },
          {
            "X": 0.4931173622608185,
            "Y": 0.5294842720031738
          },
          {
            "X": 0.4931861460208893,
            "Y": 0.5469602942466736
          },
          {
            "X": 0.4591170847415924,
            "Y": 0.5469523072242737
          }
        ]
      },
      "Id": "e40e034b-d302-4b1e-846b-31282fa84271",
      "Page": 1
    },
    {
      "BlockType": "WORD",
      "Confidence": 99.68549346923828,
      "Text": "fillers,",
      "TextType": "PRINTED",
      "Geometry": {
        "BoundingBox": {
          "Width": 0.02304420806467533,
          "Height": 0.021528562530875206,
          "Left": 0.49624326825141907,
          "Top": 0.5294720530509949
        },
        "Polygon": [
          {
            "X": 0.49624326825141907,
            "Y": 0.5294720530509949
          },
          {
            "X": 0.5191975235939026,
            "Y": 0.5294761657714844
          },
          {
            "X": 0.5192874670028687,
            "Y": 0.5510005950927734
          },
          {
            "X": 0.49632859230041504,
            "Y": 0.5509949326515198
          }
        ]
      },
      "Id": "2b8f0dc1-5975-4149-8dd4-fc1fa028281e",
      "Page": 1
    },
    {
      "BlockType": "WORD",
      "Confidence": 99.91576385498047,
      "Text": "initiator",
      "TextType": "PRINTED",
      "Geometry": {
        "BoundingBox": {
          "Width": 0.031282730400562286,
          "Height": 0.016784461215138435,
          "Left": 0.5225465893745422,
          "Top": 0.5301306247711182
        },
        "Polygon": [
          {
            "X": 0.5225465893745422,
            "Y": 0.5301306247711182
          },
          {
            "X": 0.5537537336349487,
            "Y": 0.5301363468170166
          },
          {
            "X": 0.5538293123245239,
            "Y": 0.5469151139259338
          },
          {
            "X": 0.5226172208786011,
            "Y": 0.5469077825546265
          }
        ]
      },
      "Id": "5f03b0b6-bc52-4ce3-9823-4d663151a790",
      "Page": 1
    },
    {
      "BlockType": "WORD",
      "Confidence": 99.88994598388672,
      "Text": "components,",
      "TextType": "PRINTED",
      "Geometry": {
        "BoundingBox": {
          "Width": 0.04766063392162323,
          "Height": 0.019323760643601418,
          "Left": 0.5562841892242432,
          "Top": 0.5322785377502441
        },
        "Polygon": [
          {
            "X": 0.5562841892242432,
            "Y": 0.5322785377502441
          },
          {
            "X": 0.6038487553596497,
            "Y": 0.5322875380516052
          },
          {
            "X": 0.6039448380470276,
            "Y": 0.5516022443771362
          },
          {
            "X": 0.5563716292381287,
            "Y": 0.5515904426574707
          }
        ]
      },
      "Id": "1c710a98-88ab-44e8-bded-486be6c40a9d",
      "Page": 1
    },
    {
      "BlockType": "WORD",
      "Confidence": 99.8582534790039,
      "Text": "stabilizers",
      "TextType": "PRINTED",
      "Geometry": {
        "BoundingBox": {
          "Width": 0.03824130445718765,
          "Height": 0.017577271908521652,
          "Left": 0.6069086790084839,
          "Top": 0.5295451879501343
        },
        "Polygon": [
          {
            "X": 0.6069086790084839,
            "Y": 0.5295451879501343
          },
          {
            "X": 0.6450558304786682,
            "Y": 0.5295521020889282
          },
          {
            "X": 0.6451500058174133,
            "Y": 0.5471224784851074
          },
          {
            "X": 0.6069965958595276,
            "Y": 0.5471134781837463
          }
        ]
      },
      "Id": "ee5fde38-6cd1-403a-b04b-63487ddcf84b",
      "Page": 1
    },
    {
      "BlockType": "WORD",
      "Confidence": 99.72579956054688,
      "Text": "Catalyst",
      "TextType": "PRINTED",
      "Geometry": {
        "BoundingBox": {
          "Width": 0.03247128427028656,
          "Height": 0.021720120683312416,
          "Left": 0.41433992981910706,
          "Top": 0.5597088932991028
        },
        "Polygon": [
          {
            "X": 0.41433992981910706,
            "Y": 0.5597088932991028
          },
          {
            "X": 0.4467352628707886,
            "Y": 0.5597177743911743
          },
          {
            "X": 0.4468112289905548,
            "Y": 0.5814290046691895
          },
          {
            "X": 0.4144092798233032,
            "Y": 0.581417977809906
          }
        ]
      },
      "Id": "cbc97769-9edc-4b90-99e4-9ffa942c39f8",
      "Page": 1
    },
    {
      "BlockType": "WORD",
      "Confidence": 99.22611236572266,
      "Text": "paste:",
      "TextType": "PRINTED",
      "Geometry": {
        "BoundingBox": {
          "Width": 0.02290922775864601,
          "Height": 0.019102668389678,
          "Left": 0.4486446678638458,
          "Top": 0.5623281598091125
        },
        "Polygon": [
          {
            "X": 0.4486446678638458,
            "Y": 0.5623281598091125
          },
          {
            "X": 0.47148263454437256,
            "Y": 0.5623345971107483
          },
          {
            "X": 0.47155389189720154,
            "Y": 0.5814308524131775
          },
          {
            "X": 0.4487118124961853,
            "Y": 0.5814230442047119
          }
        ]
      },
      "Id": "f727e3d7-987d-4376-bbe3-abf3b74e3cd9",
      "Page": 1
    },
    {
      "BlockType": "WORD",
      "Confidence": 99.89633178710938,
      "Text": "methacrylate",
      "TextType": "PRINTED",
      "Geometry": {
        "BoundingBox": {
          "Width": 0.04956671595573425,
          "Height": 0.02207338996231556,
          "Left": 0.47463998198509216,
          "Top": 0.559587836265564
        },
        "Polygon": [
          {
            "X": 0.47463998198509216,
            "Y": 0.559587836265564
          },
          {
            "X": 0.5241134762763977,
            "Y": 0.5596014261245728
          },
          {
            "X": 0.5242066979408264,
            "Y": 0.5816612243652344
          },
          {
            "X": 0.4747229218482971,
            "Y": 0.5816442966461182
          }
        ]
      },
      "Id": "f7f09fd2-8c21-4ef9-a774-0ba018abd03a",
      "Page": 1
    },
    {
      "BlockType": "WORD",
      "Confidence": 99.62083435058594,
      "Text": "monomers,",
      "TextType": "PRINTED",
      "Geometry": {
        "BoundingBox": {
          "Width": 0.041941046714782715,
          "Height": 0.016415178775787354,
          "Left": 0.5272324681282043,
          "Top": 0.5638808012008667
        },
        "Polygon": [
          {
            "X": 0.5272324681282043,
            "Y": 0.5638808012008667
          },
          {
            "X": 0.5690973401069641,
            "Y": 0.5638928413391113
          },
          {
            "X": 0.5691735148429871,
            "Y": 0.580295979976654
          },
          {
            "X": 0.5273022651672363,
            "Y": 0.5802818536758423
          }
        ]
      },
      "Id": "b0463530-6bb8-45ba-876f-5163d829b7a7",
      "Page": 1
    },
    {
      "BlockType": "WORD",
      "Confidence": 99.82431030273438,
      "Text": "alkaline",
      "TextType": "PRINTED",
      "Geometry": {
        "BoundingBox": {
          "Width": 0.030141206458210945,
          "Height": 0.01773935556411743,
          "Left": 0.5720955729484558,
          "Top": 0.5592350959777832
        },
        "Polygon": [
          {
            "X": 0.5720955729484558,
            "Y": 0.5592350959777832
          },
          {
            "X": 0.6021488904953003,
            "Y": 0.5592432618141174
          },
          {
            "X": 0.602236807346344,
            "Y": 0.5769744515419006
          },
          {
            "X": 0.5721784830093384,
            "Y": 0.5769645571708679
          }
        ]
      },
      "Id": "4489cce5-df1d-4377-a49f-74572e1c9716",
      "Page": 1
    },
    {
      "BlockType": "WORD",
      "Confidence": 99.88143920898438,
      "Text": "(basic)",
      "TextType": "PRINTED",
      "Geometry": {
        "BoundingBox": {
          "Width": 0.025240521878004074,
          "Height": 0.02116234600543976,
          "Left": 0.6051234006881714,
          "Top": 0.5590396523475647
        },
        "Polygon": [
          {
            "X": 0.6051234006881714,
            "Y": 0.5590396523475647
          },
          {
            "X": 0.6302534341812134,
            "Y": 0.5590464472770691
          },
          {
            "X": 0.6303638815879822,
            "Y": 0.5802019834518433
          },
          {
            "X": 0.605228841304779,
            "Y": 0.5801934599876404
          }
        ]
      },
      "Id": "70baee7d-261f-4dab-af34-3ec78e631187",
      "Page": 1
    },
    {
      "BlockType": "WORD",
      "Confidence": 99.55681610107422,
      "Text": "fillers.",
      "TextType": "PRINTED",
      "Geometry": {
        "BoundingBox": {
          "Width": 0.023306068032979965,
          "Height": 0.01762496680021286,
          "Left": 0.6332780718803406,
          "Top": 0.5591818690299988
        },
        "Polygon": [
          {
            "X": 0.6332780718803406,
            "Y": 0.5591818690299988
          },
          {
            "X": 0.6564878225326538,
            "Y": 0.559188187122345
          },
          {
            "X": 0.6565841436386108,
            "Y": 0.5768068432807922
          },
          {
            "X": 0.633370578289032,
            "Y": 0.576799213886261
          }
        ]
      },
      "Id": "4addd511-5b31-4846-813d-b45a76552ec2",
      "Page": 1
    },
    {
      "BlockType": "WORD",
      "Confidence": 99.86634063720703,
      "Text": "Silanated",
      "TextType": "PRINTED",
      "Geometry": {
        "BoundingBox": {
          "Width": 0.03513144329190254,
          "Height": 0.017395954579114914,
          "Left": 0.6598981618881226,
          "Top": 0.5593183040618896
        },
        "Polygon": [
          {
            "X": 0.6598981618881226,
            "Y": 0.5593183040618896
          },
          {
            "X": 0.6949282884597778,
            "Y": 0.5593278408050537
          },
          {
            "X": 0.695029616355896,
            "Y": 0.5767142176628113
          },
          {
            "X": 0.6599937677383423,
            "Y": 0.5767027735710144
          }
        ]
      },
      "Id": "5e3f794d-17d1-4d97-b976-04129bc5100c",
      "Page": 1
    },
    {
      "BlockType": "WORD",
      "Confidence": 99.53147888183594,
      "Text": "fillers,",
      "TextType": "PRINTED",
      "Geometry": {
        "BoundingBox": {
          "Width": 0.02339181862771511,
          "Height": 0.021280262619256973,
          "Left": 0.6979679465293884,
          "Top": 0.559103786945343
        },
        "Polygon": [
          {
            "X": 0.6979679465293884,
            "Y": 0.559103786945343
          },
          {
            "X": 0.7212305068969727,
            "Y": 0.5591101050376892
          },
          {
            "X": 0.7213597893714905,
            "Y": 0.5803840756416321
          },
          {
            "X": 0.698092520236969,
            "Y": 0.5803762078285217
          }
        ]
      },
      "Id": "54210a60-fb16-4734-a7ef-90bcb7584f9d",
      "Page": 1
    },
    {
      "BlockType": "WORD",
      "Confidence": 99.89873504638672,
      "Text": "initiator",
      "TextType": "PRINTED",
      "Geometry": {
        "BoundingBox": {
          "Width": 0.030932417139410973,
          "Height": 0.017402343451976776,
          "Left": 0.4143046438694,
          "Top": 0.588119626045227
        },
        "Polygon": [
          {
            "X": 0.4143046438694,
            "Y": 0.588119626045227
          },
          {
            "X": 0.44517648220062256,
            "Y": 0.5881308317184448
          },
          {
            "X": 0.44523707032203674,
            "Y": 0.6055219769477844
          },
          {
            "X": 0.4143601953983307,
            "Y": 0.6055091619491577
          }
        ]
      },
      "Id": "4504d910-658b-4dff-9b33-881e441be56b",
      "Page": 1
    },
    {
      "BlockType": "WORD",
      "Confidence": 99.85930633544922,
      "Text": "components,",
      "TextType": "PRINTED",
      "Geometry": {
        "BoundingBox": {
          "Width": 0.04766477271914482,
          "Height": 0.0193487461656332,
          "Left": 0.4478287100791931,
          "Top": 0.5907554626464844
        },
        "Polygon": [
          {
            "X": 0.4478287100791931,
            "Y": 0.5907554626464844
          },
          {
            "X": 0.495417058467865,
            "Y": 0.5907731056213379
          },
          {
            "X": 0.49549350142478943,
            "Y": 0.6101042032241821
          },
          {
            "X": 0.4478965103626251,
            "Y": 0.6100836992263794
          }
        ]
      },
      "Id": "7a63522f-a223-4ccc-9f4a-df3cbd8648f4",
      "Page": 1
    },
    {
      "BlockType": "WORD",
      "Confidence": 99.4657974243164,
      "Text": "stabilizers,",
      "TextType": "PRINTED",
      "Geometry": {
        "BoundingBox": {
          "Width": 0.040324218571186066,
          "Height": 0.020662100985646248,
          "Left": 0.49859488010406494,
          "Top": 0.5881065726280212
        },
        "Polygon": [
          {
            "X": 0.49859488010406494,
            "Y": 0.5881065726280212
          },
          {
            "X": 0.5388290286064148,
            "Y": 0.5881211161613464
          },
          {
            "X": 0.5389190912246704,
            "Y": 0.6087686419487
          },
          {
            "X": 0.498677134513855,
            "Y": 0.6087514758110046
          }
        ]
      },
      "Id": "2110b62a-d969-4e1c-a814-ee31e595c71f",
      "Page": 1
    },
    {
      "BlockType": "WORD",
      "Confidence": 99.80919647216797,
      "Text": "pigments",
      "TextType": "PRINTED",
      "Geometry": {
        "BoundingBox": {
          "Width": 0.03476675972342491,
          "Height": 0.02182663232088089,
          "Left": 0.5418463349342346,
          "Top": 0.5883916616439819
        },
        "Polygon": [
          {
            "X": 0.5418463349342346,
            "Y": 0.5883916616439819
          },
          {
            "X": 0.5765102505683899,
            "Y": 0.5884042978286743
          },
          {
            "X": 0.5766130685806274,
            "Y": 0.610218346118927
          },
          {
            "X": 0.5419420599937439,
            "Y": 0.6102033853530884
          }
        ]
      },
      "Id": "91517e23-a666-4d5a-948d-9de989a50365",
      "Page": 1
    },
    {
      "BlockType": "TABLE",
      "Confidence": 99.853515625,
      "Geometry": {
        "BoundingBox": {
          "Width": 0.7056582570075989,
          "Height": 0.25197362899780273,
          "Left": 0.14875788986682892,
          "Top": 0.37326714396476746
        },
        "Polygon": [
          {
            "X": 0.14875788986682892,
            "Y": 0.3734798729419708
          },
          {
            "X": 0.8525717258453369,
            "Y": 0.37326714396476746
          },
          {
            "X": 0.8544161319732666,
            "Y": 0.6252408027648926
          },
          {
            "X": 0.14893478155136108,
            "Y": 0.624904453754425
          }
        ]
      },
      "Id": "000b7735-5b86-473c-bc4d-274cadbc3919",
      "Relationships": [
        {
          "Type": "CHILD",
          "Ids": [
            "c5f3a5c4-1216-44d2-a43e-2bc36f265db6",
            "dd4a92c2-cfb5-467b-9623-5f38107dd349",
            "cb83aa05-e5d8-4c14-99d2-22399ec14a1d",
            "27f38b05-eead-420c-bc21-65ac43042125",
            "19f2082a-c21c-4034-9fb7-4e10a91ce9dc",
            "dc760af0-175f-442d-87fb-bd4203e4fb8a",
            "cf51669b-fecf-4658-a6b4-c65b36c31609",
            "5f7bff42-ca5f-40a6-a68d-4469cd1b921e",
            "47e90717-8f0c-4920-b959-c9ddb63a413f",
            "6fb7c380-9254-44f5-85e4-dd2b74a23219",
            "0a5bec72-2a2e-42e3-9ae2-913d13a56fe0",
            "a90affcb-fee6-4a35-8586-9cac23a88dfa"
          ]
        }
      ],
      "EntityTypes": [
        "STRUCTURED_TABLE"
      ],
      "Page": 1
    },
    {
      "BlockType": "CELL",
      "Confidence": 79.345703125,
      "RowIndex": 1,
      "ColumnIndex": 1,
      "RowSpan": 1,
      "ColumnSpan": 1,
      "Geometry": {
        "BoundingBox": {
          "Width": 0.12726028263568878,
          "Height": 0.04744790494441986,
          "Left": 0.14875788986682892,
          "Top": 0.3734414279460907
        },
        "Polygon": [
          {
            "X": 0.14875788986682892,
            "Y": 0.3734798729419708
          },
          {
            "X": 0.2759281098842621,
            "Y": 0.3734414279460907
          },
          {
            "X": 0.2760181725025177,
            "Y": 0.4208695888519287
          },
          {
            "X": 0.14879123866558075,
            "Y": 0.42088934779167175
          }
        ]
      },
      "Id": "c5f3a5c4-1216-44d2-a43e-2bc36f265db6",
      "Page": 1
    },
    {
      "BlockType": "CELL",
      "Confidence": 76.025390625,
      "RowIndex": 1,
      "ColumnIndex": 2,
      "RowSpan": 1,
      "ColumnSpan": 1,
      "Geometry": {
        "BoundingBox": {
          "Width": 0.12787677347660065,
          "Height": 0.04746674746274948,
          "Left": 0.2759281098842621,
          "Top": 0.37340283393859863
        },
        "Polygon": [
          {
            "X": 0.2759281098842621,
            "Y": 0.3734414279460907
          },
          {
            "X": 0.40365779399871826,
            "Y": 0.37340283393859863
          },
          {
            "X": 0.40380486845970154,
            "Y": 0.4208497107028961
          },
          {
            "X": 0.2760181725025177,
            "Y": 0.4208695888519287
          }
        ]
      },
      "Id": "dd4a92c2-cfb5-467b-9623-5f38107dd349",
      "Relationships": [
        {
          "Type": "CHILD",
          "Ids": [
            "e0722484-3417-4298-a019-1ca13efdab90"
          ]
        }
      ],
      "EntityTypes": [
        "COLUMN_HEADER"
      ],
      "Page": 1
    },
    {
      "BlockType": "CELL",
      "Confidence": 90.380859375,
      "RowIndex": 1,
      "ColumnIndex": 3,
      "RowSpan": 1,
      "ColumnSpan": 1,
      "Geometry": {
        "BoundingBox": {
          "Width": 0.32658231258392334,
          "Height": 0.04754551500082016,
          "Left": 0.40365779399871826,
          "Top": 0.37330421805381775
        },
        "Polygon": [
          {
            "X": 0.40365779399871826,
            "Y": 0.37340283393859863
          },
          {
            "X": 0.7299472093582153,
            "Y": 0.37330421805381775
          },
          {
            "X": 0.7302401065826416,
            "Y": 0.42079901695251465
          },
          {
            "X": 0.40380486845970154,
            "Y": 0.4208497107028961
          }
        ]
      },
      "Id": "cb83aa05-e5d8-4c14-99d2-22399ec14a1d",
      "Relationships": [
        {
          "Type": "CHILD",
          "Ids": [
            "652e0847-9c8e-4397-bfd9-37729e37a0e8"
          ]
        }
      ],
      "EntityTypes": [
        "COLUMN_HEADER"
      ],
      "Page": 1
    },
    {
      "BlockType": "CELL",
      "Confidence": 84.814453125,
      "RowIndex": 1,
      "ColumnIndex": 4,
      "RowSpan": 1,
      "ColumnSpan": 1,
      "Geometry": {
        "BoundingBox": {
          "Width": 0.12297230958938599,
          "Height": 0.0475318618118763,
          "Left": 0.7299472093582153,
          "Top": 0.37326714396476746
        },
        "Polygon": [
          {
            "X": 0.7299472093582153,
            "Y": 0.37330421805381775
          },
          {
            "X": 0.8525717258453369,
            "Y": 0.37326714396476746
          },
          {
            "X": 0.8529195189476013,
            "Y": 0.4207799434661865
          },
          {
            "X": 0.7302401065826416,
            "Y": 0.42079901695251465
          }
        ]
      },
      "Id": "27f38b05-eead-420c-bc21-65ac43042125",
      "Relationships": [
        {
          "Type": "CHILD",
          "Ids": [
            "6125f3d0-04b2-4180-9a59-9b8c36525d79"
          ]
        }
      ],
      "EntityTypes": [
        "COLUMN_HEADER"
      ],
      "Page": 1
    },
    {
      "BlockType": "CELL",
      "Confidence": 64.2578125,
      "RowIndex": 2,
      "ColumnIndex": 1,
      "RowSpan": 1,
      "ColumnSpan": 1,
      "Geometry": {
        "BoundingBox": {
          "Width": 0.12736693024635315,
          "Height": 0.07372229546308517,
          "Left": 0.14879123866558075,
          "Top": 0.4208695888519287
        },
        "Polygon": [
          {
            "X": 0.14879123866558075,
            "Y": 0.42088934779167175
          },
          {
            "X": 0.2760181725025177,
            "Y": 0.4208695888519287
          },
          {
            "X": 0.2761581838130951,
            "Y": 0.4945918619632721
          },
          {
            "X": 0.14884307980537415,
            "Y": 0.4945825934410095
          }
        ]
      },
      "Id": "19f2082a-c21c-4034-9fb7-4e10a91ce9dc",
      "Relationships": [
        {
          "Type": "CHILD",
          "Ids": [
            "3cbede8e-aa43-4702-8aec-d40b9bd64887",
            "0d25a627-7f9b-456e-ac98-7e26229e9a1a"
          ]
        }
      ],
      "Page": 1
    },
    {
      "BlockType": "CELL",
      "Confidence": 61.572265625,
      "RowIndex": 2,
      "ColumnIndex": 2,
      "RowSpan": 1,
      "ColumnSpan": 1,
      "Geometry": {
        "BoundingBox": {
          "Width": 0.12801532447338104,
          "Height": 0.07375147938728333,
          "Left": 0.2760181725025177,
          "Top": 0.4208497107028961
        },
        "Polygon": [
          {
            "X": 0.2760181725025177,
            "Y": 0.4208695888519287
          },
          {
            "X": 0.40380486845970154,
            "Y": 0.4208497107028961
          },
          {
            "X": 0.40403348207473755,
            "Y": 0.49460119009017944
          },
          {
            "X": 0.2761581838130951,
            "Y": 0.4945918619632721
          }
        ]
      },
      "Id": "dc760af0-175f-442d-87fb-bd4203e4fb8a",
      "Relationships": [
        {
          "Type": "CHILD",
          "Ids": [
            "34a33237-e1c7-44c3-a40c-e791a223f9ea",
            "aab1aa21-4f5c-4410-a9d5-f55bbd8cb96c",
            "d3f04dc1-6bf9-4066-be3e-c32db89d3282",
            "f18430d6-dae0-4f46-8f88-74420586663b"
          ]
        }
      ],
      "Page": 1
    },
    {
      "BlockType": "CELL",
      "Confidence": 73.193359375,
      "RowIndex": 2,
      "ColumnIndex": 3,
      "RowSpan": 1,
      "ColumnSpan": 1,
      "Geometry": {
        "BoundingBox": {
          "Width": 0.3268905282020569,
          "Height": 0.07382602989673615,
          "Left": 0.40380486845970154,
          "Top": 0.42079901695251465
        },
        "Polygon": [
          {
            "X": 0.40380486845970154,
            "Y": 0.4208497107028961
          },
          {
            "X": 0.7302401065826416,
            "Y": 0.42079901695251465
          },
          {
            "X": 0.7306954264640808,
            "Y": 0.4946250319480896
          },
          {
            "X": 0.40403348207473755,
            "Y": 0.49460119009017944
          }
        ]
      },
      "Id": "cf51669b-fecf-4658-a6b4-c65b36c31609",
      "Relationships": [
        {
          "Type": "CHILD",
          "Ids": [
            "21f78cdb-75cd-4a14-9dcf-0b9ed5a230bd",
            "d2670cf3-aeb0-465c-b63b-b5dda4a3f417",
            "5d46b25f-025d-40e8-80fe-e4d1716bd0eb",
            "460f799c-c23c-4122-9a57-9b8e9735ad43",
            "4f88dc1a-8e4a-4dd3-9dc1-ec7d404a5638",
            "54f1b413-303a-4532-9d97-9f42e7220af6",
            "7d2571e5-23dd-47b4-b5f7-e05413da46ca",
            "7b2b8983-b6b1-472e-a22d-df76d92e1cf3",
            "17a5b904-c561-4072-8f27-78e471c42f96",
            "061b2c68-c968-4cbe-97ec-e569383b6257",
            "65cb55ec-9063-47d6-8da7-43ea5c6a9f1d",
            "0fb5cae6-8499-43c9-96b6-b3c44ee6a6d9",
            "efefd30e-8445-42b3-a6cc-af025b861435",
            "c5aea03c-c56a-4672-bd50-bdfba4735bff",
            "1602d2e8-11c4-4631-990e-c4efe5629e5b"
          ]
        }
      ],
      "Page": 1
    },
    {
      "BlockType": "CELL",
      "Confidence": 68.65234375,
      "RowIndex": 2,
      "ColumnIndex": 4,
      "RowSpan": 1,
      "ColumnSpan": 1,
      "Geometry": {
        "BoundingBox": {
          "Width": 0.12322001159191132,
          "Height": 0.07385404407978058,
          "Left": 0.7302401065826416,
          "Top": 0.4207799434661865
        },
        "Polygon": [
          {
            "X": 0.7302401065826416,
            "Y": 0.42079901695251465
          },
          {
            "X": 0.8529195189476013,
            "Y": 0.4207799434661865
          },
          {
            "X": 0.8534601330757141,
            "Y": 0.4946340024471283
          },
          {
            "X": 0.7306954264640808,
            "Y": 0.4946250319480896
          }
        ]
      },
      "Id": "5f7bff42-ca5f-40a6-a68d-4469cd1b921e",
      "Relationships": [
        {
          "Type": "CHILD",
          "Ids": [
            "a528fa15-5e22-4817-8387-efd76e1540cc",
            "5af11ef3-f235-43bc-a910-7dbba0270a78",
            "2a97c4ee-af9c-4117-8c41-d637816268e8",
            "fdef6003-e8bb-4990-94e6-fe0b02b6928b",
            "4e4e3a0a-12bf-470f-b450-67912005eddb",
            "5eb9ef05-8a92-48f3-b391-1333ef7e6aff"
          ]
        }
      ],
      "Page": 1
    },
    {
      "BlockType": "CELL",
      "Confidence": 50.5859375,
      "RowIndex": 3,
      "ColumnIndex": 1,
      "RowSpan": 1,
      "ColumnSpan": 1,
      "Geometry": {
        "BoundingBox": {
          "Width": 0.12756267189979553,
          "Height": 0.13038262724876404,
          "Left": 0.14884307980537415,
          "Top": 0.4945825934410095
        },
        "Polygon": [
          {
            "X": 0.14884307980537415,
            "Y": 0.4945825934410095
          },
          {
            "X": 0.2761581838130951,
            "Y": 0.4945918619632721
          },
          {
            "X": 0.2764057517051697,
            "Y": 0.6249651908874512
          },
          {
            "X": 0.14893478155136108,
            "Y": 0.624904453754425
          }
        ]
      },
      "Id": "47e90717-8f0c-4920-b959-c9ddb63a413f",
      "Relationships": [
        {
          "Type": "CHILD",
          "Ids": [
            "a59249cc-db40-4964-9471-3cf69d8c831f",
            "152c422f-4223-4e34-9c5b-0e0ffba96c63",
            "d430bae1-ee6d-4e88-834e-7beb9d22ff7a"
          ]
        }
      ],
      "Page": 1
    },
    {
      "BlockType": "CELL",
      "Confidence": 48.4619140625,
      "RowIndex": 3,
      "ColumnIndex": 2,
      "RowSpan": 1,
      "ColumnSpan": 1,
      "Geometry": {
        "BoundingBox": {
          "Width": 0.12827961146831512,
          "Height": 0.13043437898159027,
          "Left": 0.2761581838130951,
          "Top": 0.4945918619632721
        },
        "Polygon": [
          {
            "X": 0.2761581838130951,
            "Y": 0.4945918619632721
          },
          {
            "X": 0.40403348207473755,
            "Y": 0.49460119009017944
          },
          {
            "X": 0.404437780380249,
            "Y": 0.6250262260437012
          },
          {
            "X": 0.2764057517051697,
            "Y": 0.6249651908874512
          }
        ]
      },
      "Id": "6fb7c380-9254-44f5-85e4-dd2b74a23219",
      "Relationships": [
        {
          "Type": "CHILD",
          "Ids": [
            "63d81380-ef83-4194-a17f-9b1c955a4aeb",
            "cc14a358-f36e-4c5b-a703-b50987bc8595",
            "b971ba3b-9f3e-4450-a576-8e168875906e",
            "2e79c60a-d0bd-4ca5-af27-c063ae512ec4"
          ]
        }
      ],
      "Page": 1
    },
    {
      "BlockType": "CELL",
      "Confidence": 57.6171875,
      "RowIndex": 3,
      "ColumnIndex": 3,
      "RowSpan": 1,
      "ColumnSpan": 1,
      "Geometry": {
        "BoundingBox": {
          "Width": 0.32746708393096924,
          "Height": 0.13058097660541534,
          "Left": 0.40403348207473755,
          "Top": 0.49460119009017944
        },
        "Polygon": [
          {
            "X": 0.40403348207473755,
            "Y": 0.49460119009017944
          },
          {
            "X": 0.7306954264640808,
            "Y": 0.4946250319480896
          },
          {
            "X": 0.7315005660057068,
            "Y": 0.6251821517944336
          },
          {
            "X": 0.404437780380249,
            "Y": 0.6250262260437012
          }
        ]
      },
      "Id": "0a5bec72-2a2e-42e3-9ae2-913d13a56fe0",
      "Relationships": [
        {
          "Type": "CHILD",
          "Ids": [
            "a877bd24-e2fb-42e8-b877-ef99193c421e",
            "03534c14-ae03-4a20-bbb4-0929cb2397e1",
            "f0f63d81-e082-42dd-b3d5-3f88ce960b8c",
            "3b0ebf78-e8cd-4cc8-95e0-446e50b924b6",
            "44fcda03-90aa-44e3-b08a-740005dcc3e3",
            "0ba5cbad-33ab-40b8-9713-f2e7e5bb884a",
            "86f91890-deea-4086-8cfa-1f1e122ad69a",
            "3ce81024-9ab2-4b78-86b1-700dcd9d345d",
            "fc661573-aab5-413f-b8fd-582e649254ab",
            "e40e034b-d302-4b1e-846b-31282fa84271",
            "2b8f0dc1-5975-4149-8dd4-fc1fa028281e",
            "5f03b0b6-bc52-4ce3-9823-4d663151a790",
            "1c710a98-88ab-44e8-bded-486be6c40a9d",
            "ee5fde38-6cd1-403a-b04b-63487ddcf84b",
            "cbc97769-9edc-4b90-99e4-9ffa942c39f8",
            "f727e3d7-987d-4376-bbe3-abf3b74e3cd9",
            "f7f09fd2-8c21-4ef9-a774-0ba018abd03a",
            "b0463530-6bb8-45ba-876f-5163d829b7a7",
            "4489cce5-df1d-4377-a49f-74572e1c9716",
            "70baee7d-261f-4dab-af34-3ec78e631187",
            "4addd511-5b31-4846-813d-b45a76552ec2",
            "5e3f794d-17d1-4d97-b976-04129bc5100c",
            "54210a60-fb16-4734-a7ef-90bcb7584f9d",
            "4504d910-658b-4dff-9b33-881e441be56b",
            "7a63522f-a223-4ccc-9f4a-df3cbd8648f4",
            "2110b62a-d969-4e1c-a814-ee31e595c71f",
            "91517e23-a666-4d5a-948d-9de989a50365"
          ]
        }
      ],
      "Page": 1
    },
    {
      "BlockType": "CELL",
      "Confidence": 54.052734375,
      "RowIndex": 3,
      "ColumnIndex": 4,
      "RowSpan": 1,
      "ColumnSpan": 1,
      "Geometry": {
        "BoundingBox": {
          "Width": 0.12372075766324997,
          "Height": 0.1306157410144806,
          "Left": 0.7306954264640808,
          "Top": 0.4946250319480896
        },
        "Polygon": [
          {
            "X": 0.7306954264640808,
            "Y": 0.4946250319480896
          },
          {
            "X": 0.8534601330757141,
            "Y": 0.4946340024471283
          },
          {
            "X": 0.8544161319732666,
            "Y": 0.6252408027648926
          },
          {
            "X": 0.7315005660057068,
            "Y": 0.6251821517944336
          }
        ]
      },
      "Id": "a90affcb-fee6-4a35-8586-9cac23a88dfa",
      "Relationships": [
        {
          "Type": "CHILD",
          "Ids": [
            "07c7b7c5-d327-40d7-a505-0610f72a1075",
            "4a740f9a-9907-4a35-8071-fa206c932454",
            "2f758f4c-393c-41b0-a339-0e4a8fa48bcb",
            "21ed2e20-59b9-49e5-b31a-316470a05d4b",
            "6cfe0938-4ab1-44de-8650-1130b5d7e48d"
          ]
        }
      ],
      "Page": 1
    }
  ],
  "AnalyzeDocumentModelVersion": "1.0"
}