"'","'Material","'Composition","'Manufacturer",
"'Resin composite","'Filtek Ultimate Flowable Restorative","'Matrix: Bis GMA, TEGDMA, Procrylate resins Filler (46% vol): ytterbium trifluoride, silica filler, zirconia/silica filler","'3 M ESPE, St.Paul, MN USA",
"'Self-adhesive composite cement","'Rely X U200 Automix","'Base paste: methacrylate monomers containing phosphoric groups, methacrylate monomers, silanated fillers, initiator components, stabilizers Catalyst paste: methacrylate monomers, alkaline (basic) fillers. Silanated fillers, initiator components, stabilizers, pigments","'3 M ESPE, Seefeld, Germany",
,,,

'Confidence Scores % (Table Cell)
"'79.34570313","'76.02539063","'90.38085938","'84.81445313",
"'64.25781250","'61.57226563","'73.19335938","'68.65234375",
"'50.58593750","'48.46191406","'57.61718750","'54.05273438",
