{
  "DocumentMetadata": {
    "Pages": 1
  },
  "JobStatus": "SUCCEEDED",
  "Blocks": [
    {
      "BlockType": "PAGE",
      "Geometry": {
        "BoundingBox": {
          "Width": 0.5577603578567505,
          "Height": 0.2666670083999634,
          "Left": 0.21844735741615295,
          "Top": 0.36438578367233276
        },
        "Polygon": [
          {
            "X": 0.21844735741615295,
            "Y": 0.36438578367233276
          },
          {
            "X": 0.7738332748413086,
            "Y": 0.36561909317970276
          },
          {
            "X": 0.7762077450752258,
            "Y": 0.6310527920722961
          },
          {
            "X": 0.21987652778625488,
            "Y": 0.6296024918556213
          }
        ]
      },
      "Id": "e3ae2813-51d4-494b-893d-c360f9bc45e3",
      "Relationships": [
        {
          "Type": "CHILD",
          "Ids": [
            "02bb6e4c-51e1-4131-b84b-ca6cd08b416d",
            "9cfc3a8b-368a-406a-9665-a093edb58754",
            "e0a870ad-8bc0-4ce3-8e58-62b9f1ea9898",
            "b8222e57-8cb4-4eab-8c15-861644cf6ff7",
            "b4a2ebc5-d970-44c5-9687-a1db240af427",
            "9900879d-bb74-4225-a8fb-c524b4934cbf",
            "55e57964-ef0c-4ef7-b510-e2fe7ecffbbf",
            "88b5cd04-4ef6-4fb6-8820-8b4a5974d69a",
            "5bad2833-2cbc-43cd-bd97-6c07867fd981",
            "3413a255-a8f4-4e41-9424-59915a2041a5",
            "9a667432-1e41-468e-8fdd-1a233348d75d",
            "9128f777-65d6-4ed0-9fe4-014d9dbb1dcb",
            "a6501112-cd9c-4241-a683-13ec7afc04b1",
            "f891592d-21d1-4e7a-9fdc-d6e7426138c0",
            "b6e36331-8ff4-4bb4-b834-ed82bac76cdb",
            "7b322965-891f-4657-9bb7-48ad2881ed84",
            "0b71275c-6d76-4da5-99a8-44d00dbce859",
            "81fd5c83-b09c-485c-8a81-c3f3fca2e428",
            "4b211485-183f-4031-b1bd-c7993217f33a",
            "7ef57990-03ee-4dbf-8d17-55b0bfa9a5ae",
            "d9bfcbdf-7f85-4a63-9103-0f9e86222227",
            "12e6ff33-88ca-452b-9b4e-6cb8f2c0ff58",
            "b7b30f3d-f8f4-430f-8f40-0d6cd2865f47",
            "f2ca9272-2058-4e23-ab02-2963c2db2422",
            "d6f3461e-f292-4aff-8cbe-88df0ea1467c",
            "68804c02-ed60-46a9-b9dd-9af1292ff75d",
            "960a6e2b-9a52-4d37-b39e-fad38da98958",
            "bb7dfbbe-fd84-4e2d-8363-770ec47e33ce",
            "7690a83b-2ca0-4473-926a-27e5f03f99be",
            "88fa6384-a3cb-408d-b81e-eb7ea3e291e2",
            "a0996521-bbc0-47fe-b713-e2ad85e2afe1"
          ]
        }
      ],
      "Page": 1
    },
    {
      "BlockType": "LINE",
      "Confidence": 99.94735717773438,
      "Text": "Sample",
      "Geometry": {
        "BoundingBox": {
          "Width": 0.04408208653330803,
          "Height": 0.022571250796318054,
          "Left": 0.2449060082435608,
          "Top": 0.39531949162483215
        },
        "Polygon": [
          {
            "X": 0.2449060082435608,
            "Y": 0.39531949162483215
          },
          {
            "X": 0.2888568937778473,
            "Y": 0.39541906118392944
          },
          {
            "X": 0.2889880836009979,
            "Y": 0.417890727519989
          },
          {
            "X": 0.24503087997436523,
            "Y": 0.4177896976470947
          }
        ]
      },
      "Id": "02bb6e4c-51e1-4131-b84b-ca6cd08b416d",
      "Relationships": [
        {
          "Type": "CHILD",
          "Ids": [
            "7c7efa5c-0ca3-49f8-b0bd-f5f5f46e962e"
          ]
        }
      ],
      "Page": 1
    },
    {
      "BlockType": "LINE",
      "Confidence": 95.8208236694336,
      "Text": "SBET",
      "Geometry": {
        "BoundingBox": {
          "Width": 0.02627847157418728,
          "Height": 0.020571481436491013,
          "Left": 0.39166709780693054,
          "Top": 0.39635157585144043
        },
        "Polygon": [
          {
            "X": 0.39166709780693054,
            "Y": 0.39635157585144043
          },
          {
            "X": 0.41780886054039,
            "Y": 0.39641082286834717
          },
          {
            "X": 0.4179455637931824,
            "Y": 0.41692307591438293
          },
          {
            "X": 0.3918003439903259,
            "Y": 0.41686302423477173
          }
        ]
      },
      "Id": "9cfc3a8b-368a-406a-9665-a093edb58754",
      "Relationships": [
        {
          "Type": "CHILD",
          "Ids": [
            "3e8bfb06-877d-479c-b2e8-de1d07752132"
          ]
        }
      ],
      "Page": 1
    },
    {
      "BlockType": "LINE",
      "Confidence": 49.27782440185547,
      "Text": "Vt (cm3.g-1)",
      "Geometry": {
        "BoundingBox": {
          "Width": 0.07952578365802765,
          "Height": 0.027123432606458664,
          "Left": 0.5014640092849731,
          "Top": 0.3904992640018463
        },
        "Polygon": [
          {
            "X": 0.5014640092849731,
            "Y": 0.3904992640018463
          },
          {
            "X": 0.5807821154594421,
            "Y": 0.390678346157074
          },
          {
            "X": 0.5809897780418396,
            "Y": 0.41762271523475647
          },
          {
            "X": 0.5016579627990723,
            "Y": 0.4174405038356781
          }
        ]
      },
      "Id": "e0a870ad-8bc0-4ce3-8e58-62b9f1ea9898",
      "Relationships": [
        {
          "Type": "CHILD",
          "Ids": [
            "9944986f-3903-4072-ac23-bc38f8e3b19b",
            "e9be0be8-f05d-4b37-8b52-c3089f7d40b6"
          ]
        }
      ],
      "Page": 1
    },
    {
      "BlockType": "LINE",
      "Confidence": 95.900634765625,
      "Text": "dp (nm)b",
      "Geometry": {
        "BoundingBox": {
          "Width": 0.05245815962553024,
          "Height": 0.025760049000382423,
          "Left": 0.608477771282196,
          "Top": 0.3914772570133209
        },
        "Polygon": [
          {
            "X": 0.608477771282196,
            "Y": 0.3914772570133209
          },
          {
            "X": 0.6607251763343811,
            "Y": 0.3915952742099762
          },
          {
            "X": 0.6609359383583069,
            "Y": 0.4172373116016388
          },
          {
            "X": 0.6086799502372742,
            "Y": 0.41711732745170593
          }
        ]
      },
      "Id": "b8222e57-8cb4-4eab-8c15-861644cf6ff7",
      "Relationships": [
        {
          "Type": "CHILD",
          "Ids": [
            "9eb6c900-a4ba-4783-ab2b-b5d4c1364fff",
            "84794396-a209-469b-a0ce-96bf8ae53f8a"
          ]
        }
      ],
      "Page": 1
    },
    {
      "BlockType": "LINE",
      "Confidence": 99.93601989746094,
      "Text": "Curve type",
      "Geometry": {
        "BoundingBox": {
          "Width": 0.0658046305179596,
          "Height": 0.02239914983510971,
          "Left": 0.6883134245872498,
          "Top": 0.3957608938217163
        },
        "Polygon": [
          {
            "X": 0.6883134245872498,
            "Y": 0.3957608938217163
          },
          {
            "X": 0.7539218664169312,
            "Y": 0.39590945839881897
          },
          {
            "X": 0.754118025302887,
            "Y": 0.41816002130508423
          },
          {
            "X": 0.6885002255439758,
            "Y": 0.41800931096076965
          }
        ]
      },
      "Id": "b4a2ebc5-d970-44c5-9687-a1db240af427",
      "Relationships": [
        {
          "Type": "CHILD",
          "Ids": [
            "6e6db146-d1f9-4428-b3e3-5eb0bcf66fb8",
            "22d9f03f-0839-4d1a-a540-49144edb46f7"
          ]
        }
      ],
      "Page": 1
    },
    {
      "BlockType": "LINE",
      "Confidence": 99.7715072631836,
      "Text": "CNT-SD",
      "Geometry": {
        "BoundingBox": {
          "Width": 0.04699595645070076,
          "Height": 0.016591984778642654,
          "Left": 0.24521735310554504,
          "Top": 0.4432736337184906
        },
        "Polygon": [
          {
            "X": 0.24521735310554504,
            "Y": 0.4432736337184906
          },
          {
            "X": 0.29211676120758057,
            "Y": 0.44338318705558777
          },
          {
            "X": 0.2922132909297943,
            "Y": 0.45986562967300415
          },
          {
            "X": 0.24530893564224243,
            "Y": 0.45975497364997864
          }
        ]
      },
      "Id": "9900879d-bb74-4225-a8fb-c524b4934cbf",
      "Relationships": [
        {
          "Type": "CHILD",
          "Ids": [
            "35d34757-3e33-4748-a638-e8dab60a7cb1"
          ]
        }
      ],
      "Page": 1
    },
    {
      "BlockType": "LINE",
      "Confidence": 99.94792938232422,
      "Text": "112",
      "Geometry": {
        "BoundingBox": {
          "Width": 0.022437602281570435,
          "Height": 0.01722688414156437,
          "Left": 0.39261651039123535,
          "Top": 0.44273680448532104
        },
        "Polygon": [
          {
            "X": 0.39261651039123535,
            "Y": 0.44273680448532104
          },
          {
            "X": 0.4149400293827057,
            "Y": 0.4427889287471771
          },
          {
            "X": 0.4150541126728058,
            "Y": 0.45996370911598206
          },
          {
            "X": 0.39272817969322205,
            "Y": 0.4599110186100006
          }
        ]
      },
      "Id": "55e57964-ef0c-4ef7-b510-e2fe7ecffbbf",
      "Relationships": [
        {
          "Type": "CHILD",
          "Ids": [
            "03dcd12b-9443-4438-a571-a963f5ee1b40"
          ]
        }
      ],
      "Page": 1
    },
    {
      "BlockType": "LINE",
      "Confidence": 99.9565658569336,
      "Text": "0.58",
      "Geometry": {
        "BoundingBox": {
          "Width": 0.026518279686570168,
          "Height": 0.017135217785835266,
          "Left": 0.5012836456298828,
          "Top": 0.4428710341453552
        },
        "Polygon": [
          {
            "X": 0.5012836456298828,
            "Y": 0.4428710341453552
          },
          {
            "X": 0.5276761651039124,
            "Y": 0.4429326355457306
          },
          {
            "X": 0.5278019309043884,
            "Y": 0.4600062370300293
          },
          {
            "X": 0.5014064908027649,
            "Y": 0.4599439799785614
          }
        ]
      },
      "Id": "88b5cd04-4ef6-4fb6-8820-8b4a5974d69a",
      "Relationships": [
        {
          "Type": "CHILD",
          "Ids": [
            "76ea3739-c724-4ae6-bcfb-6d72b904ac22"
          ]
        }
      ],
      "Page": 1
    },
    {
      "BlockType": "LINE",
      "Confidence": 99.56948852539062,
      "Text": "2.6-66",
      "Geometry": {
        "BoundingBox": {
          "Width": 0.041257344186306,
          "Height": 0.0172923281788826,
          "Left": 0.6084460020065308,
          "Top": 0.4427778124809265
        },
        "Polygon": [
          {
            "X": 0.6084460020065308,
            "Y": 0.4427778124809265
          },
          {
            "X": 0.6495632529258728,
            "Y": 0.4428737461566925
          },
          {
            "X": 0.649703323841095,
            "Y": 0.4600701332092285
          },
          {
            "X": 0.60858154296875,
            "Y": 0.45997315645217896
          }
        ]
      },
      "Id": "5bad2833-2cbc-43cd-bd97-6c07867fd981",
      "Relationships": [
        {
          "Type": "CHILD",
          "Ids": [
            "1cc3e41b-19ed-468c-ba60-ae04a5b40dd9"
          ]
        }
      ],
      "Page": 1
    },
    {
      "BlockType": "LINE",
      "Confidence": 99.08329010009766,
      "Text": "IVa",
      "Geometry": {
        "BoundingBox": {
          "Width": 0.020790763199329376,
          "Height": 0.017366083338856697,
          "Left": 0.6881020069122314,
          "Top": 0.4428192377090454
        },
        "Polygon": [
          {
            "X": 0.6881020069122314,
            "Y": 0.4428192377090454
          },
          {
            "X": 0.7087451815605164,
            "Y": 0.4428674280643463
          },
          {
            "X": 0.7088927626609802,
            "Y": 0.46018534898757935
          },
          {
            "X": 0.6882473826408386,
            "Y": 0.46013665199279785
          }
        ]
      },
      "Id": "3413a255-a8f4-4e41-9424-59915a2041a5",
      "Relationships": [
        {
          "Type": "CHILD",
          "Ids": [
            "d438fc5d-bf97-427d-b807-915858195616"
          ]
        }
      ],
      "Page": 1
    },
    {
      "BlockType": "LINE",
      "Confidence": 79.90634155273438,
      "Text": "CNT-SD_DETASi",
      "Geometry": {
        "BoundingBox": {
          "Width": 0.09758470207452774,
          "Height": 0.02059253118932247,
          "Left": 0.24490800499916077,
          "Top": 0.4730249345302582
        },
        "Polygon": [
          {
            "X": 0.24490800499916077,
            "Y": 0.4730249345302582
          },
          {
            "X": 0.34236693382263184,
            "Y": 0.47325676679611206
          },
          {
            "X": 0.3424926996231079,
            "Y": 0.4936174750328064
          },
          {
            "X": 0.24502108991146088,
            "Y": 0.4933827221393585
          }
        ]
      },
      "Id": "9a667432-1e41-468e-8fdd-1a233348d75d",
      "Relationships": [
        {
          "Type": "CHILD",
          "Ids": [
            "4bec7b14-54db-43d2-8141-fd1a53cf9ed0"
          ]
        }
      ],
      "Page": 1
    },
    {
      "BlockType": "LINE",
      "Confidence": 99.94904327392578,
      "Text": "88",
      "Geometry": {
        "BoundingBox": {
          "Width": 0.014963902533054352,
          "Height": 0.01746823824942112,
          "Left": 0.39219215512275696,
          "Top": 0.4733361303806305
        },
        "Polygon": [
          {
            "X": 0.39219215512275696,
            "Y": 0.4733361303806305
          },
          {
            "X": 0.40704116225242615,
            "Y": 0.4733714759349823
          },
          {
            "X": 0.4071560800075531,
            "Y": 0.49080437421798706
          },
          {
            "X": 0.3923054337501526,
            "Y": 0.4907686710357666
          }
        ]
      },
      "Id": "9128f777-65d6-4ed0-9fe4-014d9dbb1dcb",
      "Relationships": [
        {
          "Type": "CHILD",
          "Ids": [
            "f6c114de-ab8c-4572-923f-e29866f74721"
          ]
        }
      ],
      "Page": 1
    },
    {
      "BlockType": "LINE",
      "Confidence": 99.53759002685547,
      "Text": "0.37",
      "Geometry": {
        "BoundingBox": {
          "Width": 0.026096859946846962,
          "Height": 0.016932999715209007,
          "Left": 0.5014601349830627,
          "Top": 0.47340527176856995
        },
        "Polygon": [
          {
            "X": 0.5014601349830627,
            "Y": 0.47340527176856995
          },
          {
            "X": 0.5274327993392944,
            "Y": 0.47346705198287964
          },
          {
            "X": 0.5275570154190063,
            "Y": 0.4903382658958435
          },
          {
            "X": 0.5015815496444702,
            "Y": 0.49027585983276367
          }
        ]
      },
      "Id": "a6501112-cd9c-4241-a683-13ec7afc04b1",
      "Relationships": [
        {
          "Type": "CHILD",
          "Ids": [
            "37abd0a9-8071-4a44-8063-9cb6032280a3"
          ]
        }
      ],
      "Page": 1
    },
    {
      "BlockType": "LINE",
      "Confidence": 99.17232513427734,
      "Text": "1.9-63",
      "Geometry": {
        "BoundingBox": {
          "Width": 0.04083498567342758,
          "Height": 0.0173333752900362,
          "Left": 0.6090276837348938,
          "Top": 0.4732823371887207
        },
        "Polygon": [
          {
            "X": 0.6090276837348938,
            "Y": 0.4732823371887207
          },
          {
            "X": 0.6497222185134888,
            "Y": 0.47337910532951355
          },
          {
            "X": 0.6498626470565796,
            "Y": 0.49061569571495056
          },
          {
            "X": 0.6091635823249817,
            "Y": 0.49051791429519653
          }
        ]
      },
      "Id": "f891592d-21d1-4e7a-9fdc-d6e7426138c0",
      "Relationships": [
        {
          "Type": "CHILD",
          "Ids": [
            "34f290ff-7b54-40fc-b5b1-4ee2ccd790e7"
          ]
        }
      ],
      "Page": 1
    },
    {
      "BlockType": "LINE",
      "Confidence": 99.74977111816406,
      "Text": "CNT-OH",
      "Geometry": {
        "BoundingBox": {
          "Width": 0.050386425107717514,
          "Height": 0.016958774998784065,
          "Left": 0.2453567385673523,
          "Top": 0.5025018453598022
        },
        "Polygon": [
          {
            "X": 0.2453567385673523,
            "Y": 0.5025018453598022
          },
          {
            "X": 0.29564419388771057,
            "Y": 0.5026236176490784
          },
          {
            "X": 0.2957431674003601,
            "Y": 0.5194606184959412
          },
          {
            "X": 0.24545028805732727,
            "Y": 0.5193375945091248
          }
        ]
      },
      "Id": "b6e36331-8ff4-4bb4-b834-ed82bac76cdb",
      "Relationships": [
        {
          "Type": "CHILD",
          "Ids": [
            "e5b3c11a-efda-4a9a-922b-e79534a13843"
          ]
        }
      ],
      "Page": 1
    },
    {
      "BlockType": "LINE",
      "Confidence": 99.92864990234375,
      "Text": "103",
      "Geometry": {
        "BoundingBox": {
          "Width": 0.0221333559602499,
          "Height": 0.017386918887495995,
          "Left": 0.3926372528076172,
          "Top": 0.5021215081214905
        },
        "Polygon": [
          {
            "X": 0.3926372528076172,
            "Y": 0.5021215081214905
          },
          {
            "X": 0.41465553641319275,
            "Y": 0.5021747946739197
          },
          {
            "X": 0.41477060317993164,
            "Y": 0.519508421421051
          },
          {
            "X": 0.3927499055862427,
            "Y": 0.5194545984268188
          }
        ]
      },
      "Id": "7b322965-891f-4657-9bb7-48ad2881ed84",
      "Relationships": [
        {
          "Type": "CHILD",
          "Ids": [
            "efb00d37-0164-4425-b513-6d812478b6a7"
          ]
        }
      ],
      "Page": 1
    },
    {
      "BlockType": "LINE",
      "Confidence": 99.98291015625,
      "Text": "0.54",
      "Geometry": {
        "BoundingBox": {
          "Width": 0.0262376070022583,
          "Height": 0.01690078340470791,
          "Left": 0.5013980865478516,
          "Top": 0.5024558901786804
        },
        "Polygon": [
          {
            "X": 0.5013980865478516,
            "Y": 0.5024558901786804
          },
          {
            "X": 0.5275117754936218,
            "Y": 0.5025191307067871
          },
          {
            "X": 0.5276356935501099,
            "Y": 0.5193566679954529
          },
          {
            "X": 0.5015192031860352,
            "Y": 0.5192928314208984
          }
        ]
      },
      "Id": "0b71275c-6d76-4da5-99a8-44d00dbce859",
      "Relationships": [
        {
          "Type": "CHILD",
          "Ids": [
            "740df422-247b-4905-90bd-6aa3f059df40"
          ]
        }
      ],
      "Page": 1
    },
    {
      "BlockType": "LINE",
      "Confidence": 97.16108703613281,
      "Text": "2.5-66",
      "Geometry": {
        "BoundingBox": {
          "Width": 0.04174405708909035,
          "Height": 0.017130117863416672,
          "Left": 0.6083499789237976,
          "Top": 0.5023672580718994
        },
        "Polygon": [
          {
            "X": 0.6083499789237976,
            "Y": 0.5023672580718994
          },
          {
            "X": 0.6499553322792053,
            "Y": 0.5024679899215698
          },
          {
            "X": 0.6500940322875977,
            "Y": 0.5194973945617676
          },
          {
            "X": 0.608484148979187,
            "Y": 0.519395649433136
          }
        ]
      },
      "Id": "81fd5c83-b09c-485c-8a81-c3f3fca2e428",
      "Relationships": [
        {
          "Type": "CHILD",
          "Ids": [
            "e601a3d0-a8a1-4569-9a6d-a42160c1e823"
          ]
        }
      ],
      "Page": 1
    },
    {
      "BlockType": "LINE",
      "Confidence": 49.39695739746094,
      "Text": "CNT-OH_DETASI",
      "Geometry": {
        "BoundingBox": {
          "Width": 0.10005860030651093,
          "Height": 0.020800746977329254,
          "Left": 0.24543996155261993,
          "Top": 0.5320866703987122
        },
        "Polygon": [
          {
            "X": 0.24543996155261993,
            "Y": 0.5320866703987122
          },
          {
            "X": 0.34537121653556824,
            "Y": 0.5323329567909241
          },
          {
            "X": 0.34549856185913086,
            "Y": 0.5528874397277832
          },
          {
            "X": 0.2455541342496872,
            "Y": 0.552638053894043
          }
        ]
      },
      "Id": "4b211485-183f-4031-b1bd-c7993217f33a",
      "Relationships": [
        {
          "Type": "CHILD",
          "Ids": [
            "696c56bd-c6f9-4a34-a12e-153e22ac10c4"
          ]
        }
      ],
      "Page": 1
    },
    {
      "BlockType": "LINE",
      "Confidence": 99.9561996459961,
      "Text": "83",
      "Geometry": {
        "BoundingBox": {
          "Width": 0.014942023903131485,
          "Height": 0.017818350344896317,
          "Left": 0.39233940839767456,
          "Top": 0.5322932004928589
        },
        "Polygon": [
          {
            "X": 0.39233940839767456,
            "Y": 0.5322932004928589
          },
          {
            "X": 0.40716424584388733,
            "Y": 0.5323297381401062
          },
          {
            "X": 0.40728142857551575,
            "Y": 0.5501115322113037
          },
          {
            "X": 0.39245492219924927,
            "Y": 0.5500746369361877
          }
        ]
      },
      "Id": "7ef57990-03ee-4dbf-8d17-55b0bfa9a5ae",
      "Relationships": [
        {
          "Type": "CHILD",
          "Ids": [
            "e4c6db04-9e6a-4f23-a44c-befb3d8a0708"
          ]
        }
      ],
      "Page": 1
    },
    {
      "BlockType": "LINE",
      "Confidence": 86.02740478515625,
      "Text": "0.34",
      "Geometry": {
        "BoundingBox": {
          "Width": 0.026121973991394043,
          "Height": 0.017204822972416878,
          "Left": 0.5014607906341553,
          "Top": 0.5323686003684998
        },
        "Polygon": [
          {
            "X": 0.5014607906341553,
            "Y": 0.5323686003684998
          },
          {
            "X": 0.5274565815925598,
            "Y": 0.5324326753616333
          },
          {
            "X": 0.5275827646255493,
            "Y": 0.5495734214782715
          },
          {
            "X": 0.5015840530395508,
            "Y": 0.5495086908340454
          }
        ]
      },
      "Id": "d9bfcbdf-7f85-4a63-9103-0f9e86222227",
      "Relationships": [
        {
          "Type": "CHILD",
          "Ids": [
            "12fc3e01-3156-4fba-ae5e-b510636eecad"
          ]
        }
      ],
      "Page": 1
    },
    {
      "BlockType": "LINE",
      "Confidence": 98.3108901977539,
      "Text": "1.9-63",
      "Geometry": {
        "BoundingBox": {
          "Width": 0.040809452533721924,
          "Height": 0.017341531813144684,
          "Left": 0.60886549949646,
          "Top": 0.5325204730033875
        },
        "Polygon": [
          {
            "X": 0.60886549949646,
            "Y": 0.5325204730033875
          },
          {
            "X": 0.6495345830917358,
            "Y": 0.5326206684112549
          },
          {
            "X": 0.6496749520301819,
            "Y": 0.5498619675636292
          },
          {
            "X": 0.6090013980865479,
            "Y": 0.5497607588768005
          }
        ]
      },
      "Id": "12e6ff33-88ca-452b-9b4e-6cb8f2c0ff58",
      "Relationships": [
        {
          "Type": "CHILD",
          "Ids": [
            "e2de5b2b-6fe5-4383-9165-006bf6d7b0f9"
          ]
        }
      ],
      "Page": 1
    },
    {
      "BlockType": "LINE",
      "Confidence": 99.84426879882812,
      "Text": "CNT-COOH",
      "Geometry": {
        "BoundingBox": {
          "Width": 0.06878737360239029,
          "Height": 0.01744498498737812,
          "Left": 0.24505364894866943,
          "Top": 0.5627202987670898
        },
        "Polygon": [
          {
            "X": 0.24505364894866943,
            "Y": 0.5627202987670898
          },
          {
            "X": 0.31373754143714905,
            "Y": 0.5628926753997803
          },
          {
            "X": 0.3138410151004791,
            "Y": 0.5801653265953064
          },
          {
            "X": 0.24514953792095184,
            "Y": 0.5799912214279175
          }
        ]
      },
      "Id": "b7b30f3d-f8f4-430f-8f40-0d6cd2865f47",
      "Relationships": [
        {
          "Type": "CHILD",
          "Ids": [
            "c11d616e-d21e-4c25-8336-6c3a816fa69f"
          ]
        }
      ],
      "Page": 1
    },
    {
      "BlockType": "LINE",
      "Confidence": 99.95316314697266,
      "Text": "121",
      "Geometry": {
        "BoundingBox": {
          "Width": 0.020905956625938416,
          "Height": 0.01730279251933098,
          "Left": 0.3927724361419678,
          "Top": 0.5626083016395569
        },
        "Polygon": [
          {
            "X": 0.3927724361419678,
            "Y": 0.5626083016395569
          },
          {
            "X": 0.4135640263557434,
            "Y": 0.5626604557037354
          },
          {
            "X": 0.413678377866745,
            "Y": 0.5799111127853394
          },
          {
            "X": 0.3928844928741455,
            "Y": 0.5798584222793579
          }
        ]
      },
      "Id": "f2ca9272-2058-4e23-ab02-2963c2db2422",
      "Relationships": [
        {
          "Type": "CHILD",
          "Ids": [
            "3efded86-2e62-44f3-8a93-dc44e955b954"
          ]
        }
      ],
      "Page": 1
    },
    {
      "BlockType": "LINE",
      "Confidence": 91.6475830078125,
      "Text": "0.63",
      "Geometry": {
        "BoundingBox": {
          "Width": 0.02618829719722271,
          "Height": 0.017114566639065742,
          "Left": 0.5013790726661682,
          "Top": 0.5630103945732117
        },
        "Polygon": [
          {
            "X": 0.5013790726661682,
            "Y": 0.5630103945732117
          },
          {
            "X": 0.5274419188499451,
            "Y": 0.5630757808685303
          },
          {
            "X": 0.5275673866271973,
            "Y": 0.5801249146461487
          },
          {
            "X": 0.5015016794204712,
            "Y": 0.5800588726997375
          }
        ]
      },
      "Id": "d6f3461e-f292-4aff-8cbe-88df0ea1467c",
      "Relationships": [
        {
          "Type": "CHILD",
          "Ids": [
            "62001f90-52e6-4eef-9686-0647e1ef548d"
          ]
        }
      ],
      "Page": 1
    },
    {
      "BlockType": "LINE",
      "Confidence": 97.28778839111328,
      "Text": "1.3-63",
      "Geometry": {
        "BoundingBox": {
          "Width": 0.04050026461482048,
          "Height": 0.017392532899975777,
          "Left": 0.6089199185371399,
          "Top": 0.5628875494003296
        },
        "Polygon": [
          {
            "X": 0.6089199185371399,
            "Y": 0.5628875494003296
          },
          {
            "X": 0.6492794752120972,
            "Y": 0.5629887580871582
          },
          {
            "X": 0.6494202017784119,
            "Y": 0.580280065536499
          },
          {
            "X": 0.6090561747550964,
            "Y": 0.5801778435707092
          }
        ]
      },
      "Id": "68804c02-ed60-46a9-b9dd-9af1292ff75d",
      "Relationships": [
        {
          "Type": "CHILD",
          "Ids": [
            "067da16e-c11f-4fe3-b7c2-3ecb7e7e0596"
          ]
        }
      ],
      "Page": 1
    },
    {
      "BlockType": "LINE",
      "Confidence": 35.738067626953125,
      "Text": "CNT-COOH_DETASi",
      "Geometry": {
        "BoundingBox": {
          "Width": 0.12135406583547592,
          "Height": 0.02095688506960869,
          "Left": 0.24345721304416656,
          "Top": 0.592414379119873
        },
        "Polygon": [
          {
            "X": 0.24345721304416656,
            "Y": 0.592414379119873
          },
          {
            "X": 0.36468085646629333,
            "Y": 0.5927238464355469
          },
          {
            "X": 0.3648112714290619,
            "Y": 0.6133712530136108
          },
          {
            "X": 0.24357159435749054,
            "Y": 0.6130581498146057
          }
        ]
      },
      "Id": "960a6e2b-9a52-4d37-b39e-fad38da98958",
      "Relationships": [
        {
          "Type": "CHILD",
          "Ids": [
            "cf4d45a8-e837-468f-8ffc-d0a7e3935ff6"
          ]
        }
      ],
      "Page": 1
    },
    {
      "BlockType": "LINE",
      "Confidence": 99.97462463378906,
      "Text": "74",
      "Geometry": {
        "BoundingBox": {
          "Width": 0.015185789205133915,
          "Height": 0.017653189599514008,
          "Left": 0.3919515311717987,
          "Top": 0.5929709672927856
        },
        "Polygon": [
          {
            "X": 0.3919515311717987,
            "Y": 0.5929709672927856
          },
          {
            "X": 0.40702128410339355,
            "Y": 0.5930094122886658
          },
          {
            "X": 0.40713730454444885,
            "Y": 0.6106241345405579
          },
          {
            "X": 0.3920658528804779,
            "Y": 0.6105852723121643
          }
        ]
      },
      "Id": "bb7dfbbe-fd84-4e2d-8363-770ec47e33ce",
      "Relationships": [
        {
          "Type": "CHILD",
          "Ids": [
            "e19bf4e7-1e9e-42cb-af27-c711f88411c2"
          ]
        }
      ],
      "Page": 1
    },
    {
      "BlockType": "LINE",
      "Confidence": 99.14332580566406,
      "Text": "0.35",
      "Geometry": {
        "BoundingBox": {
          "Width": 0.02662615478038788,
          "Height": 0.017307957634329796,
          "Left": 0.5011114478111267,
          "Top": 0.593186616897583
        },
        "Polygon": [
          {
            "X": 0.5011114478111267,
            "Y": 0.593186616897583
          },
          {
            "X": 0.5276107788085938,
            "Y": 0.5932542681694031
          },
          {
            "X": 0.5277376174926758,
            "Y": 0.6104945540428162
          },
          {
            "X": 0.5012354254722595,
            "Y": 0.6104262471199036
          }
        ]
      },
      "Id": "7690a83b-2ca0-4473-926a-27e5f03f99be",
      "Relationships": [
        {
          "Type": "CHILD",
          "Ids": [
            "e69b3c66-9960-4470-b023-33a546546937"
          ]
        }
      ],
      "Page": 1
    },
    {
      "BlockType": "LINE",
      "Confidence": 99.41139221191406,
      "Text": "1.9-63",
      "Geometry": {
        "BoundingBox": {
          "Width": 0.040924739092588425,
          "Height": 0.01778843067586422,
          "Left": 0.6088180541992188,
          "Top": 0.5929738879203796
        },
        "Polygon": [
          {
            "X": 0.6088180541992188,
            "Y": 0.5929738879203796
          },
          {
            "X": 0.6495988368988037,
            "Y": 0.5930779576301575
          },
          {
            "X": 0.6497427821159363,
            "Y": 0.610762357711792
          },
          {
            "X": 0.6089573502540588,
            "Y": 0.6106572151184082
          }
        ]
      },
      "Id": "88fa6384-a3cb-408d-b81e-eb7ea3e291e2",
      "Relationships": [
        {
          "Type": "CHILD",
          "Ids": [
            "846968c6-eb87-4567-941d-cb1188d9c198"
          ]
        }
      ],
      "Page": 1
    },
    {
      "BlockType": "WORD",
      "Confidence": 99.94735717773438,
      "Text": "Sample",
      "TextType": "PRINTED",
      "Geometry": {
        "BoundingBox": {
          "Width": 0.04408208653330803,
          "Height": 0.022571250796318054,
          "Left": 0.2449060082435608,
          "Top": 0.39531949162483215
        },
        "Polygon": [
          {
            "X": 0.2449060082435608,
            "Y": 0.39531949162483215
          },
          {
            "X": 0.2888568937778473,
            "Y": 0.39541906118392944
          },
          {
            "X": 0.2889880836009979,
            "Y": 0.417890727519989
          },
          {
            "X": 0.24503087997436523,
            "Y": 0.4177896976470947
          }
        ]
      },
      "Id": "7c7efa5c-0ca3-49f8-b0bd-f5f5f46e962e",
      "Page": 1
    },
    {
      "BlockType": "WORD",
      "Confidence": 95.8208236694336,
      "Text": "SBET",
      "TextType": "PRINTED",
      "Geometry": {
        "BoundingBox": {
          "Width": 0.02627847157418728,
          "Height": 0.020571481436491013,
          "Left": 0.39166709780693054,
          "Top": 0.39635157585144043
        },
        "Polygon": [
          {
            "X": 0.39166709780693054,
            "Y": 0.39635157585144043
          },
          {
            "X": 0.41780886054039,
            "Y": 0.39641082286834717
          },
          {
            "X": 0.4179455637931824,
            "Y": 0.41692307591438293
          },
          {
            "X": 0.3918003439903259,
            "Y": 0.41686302423477173
          }
        ]
      },
      "Id": "3e8bfb06-877d-479c-b2e8-de1d07752132",
      "Page": 1
    },
    {
      "BlockType": "WORD",
      "Confidence": 69.8036117553711,
      "Text": "Vt",
      "TextType": "PRINTED",
      "Geometry": {
        "BoundingBox": {
          "Width": 0.011991073377430439,
          "Height": 0.02169189415872097,
          "Left": 0.501499354839325,
          "Top": 0.39540764689445496
        },
        "Polygon": [
          {
            "X": 0.501499354839325,
            "Y": 0.39540764689445496
          },
          {
            "X": 0.5133327841758728,
            "Y": 0.3954344689846039
          },
          {
            "X": 0.5134904384613037,
            "Y": 0.41709956526756287
          },
          {
            "X": 0.5016553401947021,
            "Y": 0.4170723855495453
          }
        ]
      },
      "Id": "9944986f-3903-4072-ac23-bc38f8e3b19b",
      "Page": 1
    },
    {
      "BlockType": "WORD",
      "Confidence": 28.75203514099121,
      "Text": "(cm3.g-1)",
      "TextType": "PRINTED",
      "Geometry": {
        "BoundingBox": {
          "Width": 0.06300753355026245,
          "Height": 0.02708613872528076,
          "Left": 0.5179822444915771,
          "Top": 0.3905365765094757
        },
        "Polygon": [
          {
            "X": 0.5179822444915771,
            "Y": 0.3905365765094757
          },
          {
            "X": 0.5807821154594421,
            "Y": 0.390678346157074
          },
          {
            "X": 0.5809897780418396,
            "Y": 0.41762271523475647
          },
          {
            "X": 0.5181790590286255,
            "Y": 0.41747844219207764
          }
        ]
      },
      "Id": "e9be0be8-f05d-4b37-8b52-c3089f7d40b6",
      "Page": 1
    },
    {
      "BlockType": "WORD",
      "Confidence": 99.00027465820312,
      "Text": "dp",
      "TextType": "PRINTED",
      "Geometry": {
        "BoundingBox": {
          "Width": 0.013373030349612236,
          "Height": 0.022107142955064774,
          "Left": 0.6085058450698853,
          "Top": 0.39504048228263855
        },
        "Polygon": [
          {
            "X": 0.6085058450698853,
            "Y": 0.39504048228263855
          },
          {
            "X": 0.6217029690742493,
            "Y": 0.3950703740119934
          },
          {
            "X": 0.6218789219856262,
            "Y": 0.4171476364135742
          },
          {
            "X": 0.6086799502372742,
            "Y": 0.41711732745170593
          }
        ]
      },
      "Id": "9eb6c900-a4ba-4783-ab2b-b5d4c1364fff",
      "Page": 1
    },
    {
      "BlockType": "WORD",
      "Confidence": 92.80099487304688,
      "Text": "(nm)b",
      "TextType": "PRINTED",
      "Geometry": {
        "BoundingBox": {
          "Width": 0.035044945776462555,
          "Height": 0.025162996724247932,
          "Left": 0.6258863806724548,
          "Top": 0.3915165960788727
        },
        "Polygon": [
          {
            "X": 0.6258863806724548,
            "Y": 0.3915165960788727
          },
          {
            "X": 0.6607251763343811,
            "Y": 0.3915952742099762
          },
          {
            "X": 0.6609313488006592,
            "Y": 0.41667959094047546
          },
          {
            "X": 0.6260870099067688,
            "Y": 0.4165996015071869
          }
        ]
      },
      "Id": "84794396-a209-469b-a0ce-96bf8ae53f8a",
      "Page": 1
    },
    {
      "BlockType": "WORD",
      "Confidence": 99.91251373291016,
      "Text": "Curve",
      "TextType": "PRINTED",
      "Geometry": {
        "BoundingBox": {
          "Width": 0.0356658510863781,
          "Height": 0.017562182620167732,
          "Left": 0.6883134245872498,
          "Top": 0.3957608938217163
        },
        "Polygon": [
          {
            "X": 0.6883134245872498,
            "Y": 0.3957608938217163
          },
          {
            "X": 0.7238284945487976,
            "Y": 0.3958413302898407
          },
          {
            "X": 0.7239792346954346,
            "Y": 0.4133230745792389
          },
          {
            "X": 0.6884601712226868,
            "Y": 0.4132417142391205
          }
        ]
      },
      "Id": "6e6db146-d1f9-4428-b3e3-5eb0bcf66fb8",
      "Page": 1
    },
    {
      "BlockType": "WORD",
      "Confidence": 99.95952606201172,
      "Text": "type",
      "TextType": "PRINTED",
      "Geometry": {
        "BoundingBox": {
          "Width": 0.02607382833957672,
          "Height": 0.019748535007238388,
          "Left": 0.7280442118644714,
          "Top": 0.39841151237487793
        },
        "Polygon": [
          {
            "X": 0.7280442118644714,
            "Y": 0.39841151237487793
          },
          {
            "X": 0.753944456577301,
            "Y": 0.3984702527523041
          },
          {
            "X": 0.754118025302887,
            "Y": 0.41816002130508423
          },
          {
            "X": 0.7282145023345947,
            "Y": 0.4181005358695984
          }
        ]
      },
      "Id": "22d9f03f-0839-4d1a-a540-49144edb46f7",
      "Page": 1
    },
    {
      "BlockType": "WORD",
      "Confidence": 99.7715072631836,
      "Text": "CNT-SD",
      "TextType": "PRINTED",
      "Geometry": {
        "BoundingBox": {
          "Width": 0.04699595645070076,
          "Height": 0.016591984778642654,
          "Left": 0.24521735310554504,
          "Top": 0.4432736337184906
        },
        "Polygon": [
          {
            "X": 0.24521735310554504,
            "Y": 0.4432736337184906
          },
          {
            "X": 0.29211676120758057,
            "Y": 0.44338318705558777
          },
          {
            "X": 0.2922132909297943,
            "Y": 0.45986562967300415
          },
          {
            "X": 0.24530893564224243,
            "Y": 0.45975497364997864
          }
        ]
      },
      "Id": "35d34757-3e33-4748-a638-e8dab60a7cb1",
      "Page": 1
    },
    {
      "BlockType": "WORD",
      "Confidence": 99.94792938232422,
      "Text": "112",
      "TextType": "PRINTED",
      "Geometry": {
        "BoundingBox": {
          "Width": 0.022437602281570435,
          "Height": 0.01722688414156437,
          "Left": 0.39261651039123535,
          "Top": 0.44273680448532104
        },
        "Polygon": [
          {
            "X": 0.39261651039123535,
            "Y": 0.44273680448532104
          },
          {
            "X": 0.4149400293827057,
            "Y": 0.4427889287471771
          },
          {
            "X": 0.4150541126728058,
            "Y": 0.45996370911598206
          },
          {
            "X": 0.39272817969322205,
            "Y": 0.4599110186100006
          }
        ]
      },
      "Id": "03dcd12b-9443-4438-a571-a963f5ee1b40",
      "Page": 1
    },
    {
      "BlockType": "WORD",
      "Confidence": 99.9565658569336,
      "Text": "0.58",
      "TextType": "PRINTED",
      "Geometry": {
        "BoundingBox": {
          "Width": 0.026518279686570168,
          "Height": 0.017135217785835266,
          "Left": 0.5012836456298828,
          "Top": 0.4428710341453552
        },
        "Polygon": [
          {
            "X": 0.5012836456298828,
            "Y": 0.4428710341453552
          },
          {
            "X": 0.5276761651039124,
            "Y": 0.4429326355457306
          },
          {
            "X": 0.5278019309043884,
            "Y": 0.4600062370300293
          },
          {
            "X": 0.5014064908027649,
            "Y": 0.4599439799785614
          }
        ]
      },
      "Id": "76ea3739-c724-4ae6-bcfb-6d72b904ac22",
      "Page": 1
    },
    {
      "BlockType": "WORD",
      "Confidence": 99.56948852539062,
      "Text": "2.6-66",
      "TextType": "PRINTED",
      "Geometry": {
        "BoundingBox": {
          "Width": 0.041257344186306,
          "Height": 0.0172923281788826,
          "Left": 0.6084460020065308,
          "Top": 0.4427778124809265
        },
        "Polygon": [
          {
            "X": 0.6084460020065308,
            "Y": 0.4427778124809265
          },
          {
            "X": 0.6495632529258728,
            "Y": 0.4428737461566925
          },
          {
            "X": 0.649703323841095,
            "Y": 0.4600701332092285
          },
          {
            "X": 0.60858154296875,
            "Y": 0.45997315645217896
          }
        ]
      },
      "Id": "1cc3e41b-19ed-468c-ba60-ae04a5b40dd9",
      "Page": 1
    },
    {
      "BlockType": "WORD",
      "Confidence": 99.08329010009766,
      "Text": "IVa",
      "TextType": "PRINTED",
      "Geometry": {
        "BoundingBox": {
          "Width": 0.020790763199329376,
          "Height": 0.017366083338856697,
          "Left": 0.6881020069122314,
          "Top": 0.4428192377090454
        },
        "Polygon": [
          {
            "X": 0.6881020069122314,
            "Y": 0.4428192377090454
          },
          {
            "X": 0.7087451815605164,
            "Y": 0.4428674280643463
          },
          {
            "X": 0.7088927626609802,
            "Y": 0.46018534898757935
          },
          {
            "X": 0.6882473826408386,
            "Y": 0.46013665199279785
          }
        ]
      },
      "Id": "d438fc5d-bf97-427d-b807-915858195616",
      "Page": 1
    },
    {
      "BlockType": "WORD",
      "Confidence": 79.90634155273438,
      "Text": "CNT-SD_DETASi",
      "TextType": "PRINTED",
      "Geometry": {
        "BoundingBox": {
          "Width": 0.09758470207452774,
          "Height": 0.02059253118932247,
          "Left": 0.24490800499916077,
          "Top": 0.4730249345302582
        },
        "Polygon": [
          {
            "X": 0.24490800499916077,
            "Y": 0.4730249345302582
          },
          {
            "X": 0.34236693382263184,
            "Y": 0.47325676679611206
          },
          {
            "X": 0.3424926996231079,
            "Y": 0.4936174750328064
          },
          {
            "X": 0.24502108991146088,
            "Y": 0.4933827221393585
          }
        ]
      },
      "Id": "4bec7b14-54db-43d2-8141-fd1a53cf9ed0",
      "Page": 1
    },
    {
      "BlockType": "WORD",
      "Confidence": 99.94904327392578,
      "Text": "88",
      "TextType": "PRINTED",
      "Geometry": {
        "BoundingBox": {
          "Width": 0.014963902533054352,
          "Height": 0.01746823824942112,
          "Left": 0.39219215512275696,
          "Top": 0.4733361303806305
        },
        "Polygon": [
          {
            "X": 0.39219215512275696,
            "Y": 0.4733361303806305
          },
          {
            "X": 0.40704116225242615,
            "Y": 0.4733714759349823
          },
          {
            "X": 0.4071560800075531,
            "Y": 0.49080437421798706
          },
          {
            "X": 0.3923054337501526,
            "Y": 0.4907686710357666
          }
        ]
      },
      "Id": "f6c114de-ab8c-4572-923f-e29866f74721",
      "Page": 1
    },
    {
      "BlockType": "WORD",
      "Confidence": 99.53759002685547,
      "Text": "0.37",
      "TextType": "PRINTED",
      "Geometry": {
        "BoundingBox": {
          "Width": 0.026096859946846962,
          "Height": 0.016932999715209007,
          "Left": 0.5014601349830627,
          "Top": 0.47340527176856995
        },
        "Polygon": [
          {
            "X": 0.5014601349830627,
            "Y": 0.47340527176856995
          },
          {
            "X": 0.5274327993392944,
            "Y": 0.47346705198287964
          },
          {
            "X": 0.5275570154190063,
            "Y": 0.4903382658958435
          },
          {
            "X": 0.5015815496444702,
            "Y": 0.49027585983276367
          }
        ]
      },
      "Id": "37abd0a9-8071-4a44-8063-9cb6032280a3",
      "Page": 1
    },
    {
      "BlockType": "WORD",
      "Confidence": 99.17232513427734,
      "Text": "1.9-63",
      "TextType": "PRINTED",
      "Geometry": {
        "BoundingBox": {
          "Width": 0.04083498567342758,
          "Height": 0.0173333752900362,
          "Left": 0.6090276837348938,
          "Top": 0.4732823371887207
        },
        "Polygon": [
          {
            "X": 0.6090276837348938,
            "Y": 0.4732823371887207
          },
          {
            "X": 0.6497222185134888,
            "Y": 0.47337910532951355
          },
          {
            "X": 0.6498626470565796,
            "Y": 0.49061569571495056
          },
          {
            "X": 0.6091635823249817,
            "Y": 0.49051791429519653
          }
        ]
      },
      "Id": "34f290ff-7b54-40fc-b5b1-4ee2ccd790e7",
      "Page": 1
    },
    {
      "BlockType": "WORD",
      "Confidence": 99.74977111816406,
      "Text": "CNT-OH",
      "TextType": "PRINTED",
      "Geometry": {
        "BoundingBox": {
          "Width": 0.050386425107717514,
          "Height": 0.016958774998784065,
          "Left": 0.2453567385673523,
          "Top": 0.5025018453598022
        },
        "Polygon": [
          {
            "X": 0.2453567385673523,
            "Y": 0.5025018453598022
          },
          {
            "X": 0.29564419388771057,
            "Y": 0.5026236176490784
          },
          {
            "X": 0.2957431674003601,
            "Y": 0.5194606184959412
          },
          {
            "X": 0.24545028805732727,
            "Y": 0.5193375945091248
          }
        ]
      },
      "Id": "e5b3c11a-efda-4a9a-922b-e79534a13843",
      "Page": 1
    },
    {
      "BlockType": "WORD",
      "Confidence": 99.92864990234375,
      "Text": "103",
      "TextType": "PRINTED",
      "Geometry": {
        "BoundingBox": {
          "Width": 0.0221333559602499,
          "Height": 0.017386918887495995,
          "Left": 0.3926372528076172,
          "Top": 0.5021215081214905
        },
        "Polygon": [
          {
            "X": 0.3926372528076172,
            "Y": 0.5021215081214905
          },
          {
            "X": 0.41465553641319275,
            "Y": 0.5021747946739197
          },
          {
            "X": 0.41477060317993164,
            "Y": 0.519508421421051
          },
          {
            "X": 0.3927499055862427,
            "Y": 0.5194545984268188
          }
        ]
      },
      "Id": "efb00d37-0164-4425-b513-6d812478b6a7",
      "Page": 1
    },
    {
      "BlockType": "WORD",
      "Confidence": 99.98291015625,
      "Text": "0.54",
      "TextType": "PRINTED",
      "Geometry": {
        "BoundingBox": {
          "Width": 0.0262376070022583,
          "Height": 0.01690078340470791,
          "Left": 0.5013980865478516,
          "Top": 0.5024558901786804
        },
        "Polygon": [
          {
            "X": 0.5013980865478516,
            "Y": 0.5024558901786804
          },
          {
            "X": 0.5275117754936218,
            "Y": 0.5025191307067871
          },
          {
            "X": 0.5276356935501099,
            "Y": 0.5193566679954529
          },
          {
            "X": 0.5015192031860352,
            "Y": 0.5192928314208984
          }
        ]
      },
      "Id": "740df422-247b-4905-90bd-6aa3f059df40",
      "Page": 1
    },
    {
      "BlockType": "WORD",
      "Confidence": 97.16108703613281,
      "Text": "2.5-66",
      "TextType": "PRINTED",
      "Geometry": {
        "BoundingBox": {
          "Width": 0.04174405708909035,
          "Height": 0.017130117863416672,
          "Left": 0.6083499789237976,
          "Top": 0.5023672580718994
        },
        "Polygon": [
          {
            "X": 0.6083499789237976,
            "Y": 0.5023672580718994
          },
          {
            "X": 0.6499553322792053,
            "Y": 0.5024679899215698
          },
          {
            "X": 0.6500940322875977,
            "Y": 0.5194973945617676
          },
          {
            "X": 0.608484148979187,
            "Y": 0.519395649433136
          }
        ]
      },
      "Id": "e601a3d0-a8a1-4569-9a6d-a42160c1e823",
      "Page": 1
    },
    {
      "BlockType": "WORD",
      "Confidence": 49.39695739746094,
      "Text": "CNT-OH_DETASI",
      "TextType": "PRINTED",
      "Geometry": {
        "BoundingBox": {
          "Width": 0.10005860030651093,
          "Height": 0.020800746977329254,
          "Left": 0.24543996155261993,
          "Top": 0.5320866703987122
        },
        "Polygon": [
          {
            "X": 0.24543996155261993,
            "Y": 0.5320866703987122
          },
          {
            "X": 0.34537121653556824,
            "Y": 0.5323329567909241
          },
          {
            "X": 0.34549856185913086,
            "Y": 0.5528874397277832
          },
          {
            "X": 0.2455541342496872,
            "Y": 0.552638053894043
          }
        ]
      },
      "Id": "696c56bd-c6f9-4a34-a12e-153e22ac10c4",
      "Page": 1
    },
    {
      "BlockType": "WORD",
      "Confidence": 99.9561996459961,
      "Text": "83",
      "TextType": "PRINTED",
      "Geometry": {
        "BoundingBox": {
          "Width": 0.014942023903131485,
          "Height": 0.017818350344896317,
          "Left": 0.39233940839767456,
          "Top": 0.5322932004928589
        },
        "Polygon": [
          {
            "X": 0.39233940839767456,
            "Y": 0.5322932004928589
          },
          {
            "X": 0.40716424584388733,
            "Y": 0.5323297381401062
          },
          {
            "X": 0.40728142857551575,
            "Y": 0.5501115322113037
          },
          {
            "X": 0.39245492219924927,
            "Y": 0.5500746369361877
          }
        ]
      },
      "Id": "e4c6db04-9e6a-4f23-a44c-befb3d8a0708",
      "Page": 1
    },
    {
      "BlockType": "WORD",
      "Confidence": 86.02740478515625,
      "Text": "0.34",
      "TextType": "PRINTED",
      "Geometry": {
        "BoundingBox": {
          "Width": 0.026121973991394043,
          "Height": 0.017204822972416878,
          "Left": 0.5014607906341553,
          "Top": 0.5323686003684998
        },
        "Polygon": [
          {
            "X": 0.5014607906341553,
            "Y": 0.5323686003684998
          },
          {
            "X": 0.5274565815925598,
            "Y": 0.5324326753616333
          },
          {
            "X": 0.5275827646255493,
            "Y": 0.5495734214782715
          },
          {
            "X": 0.5015840530395508,
            "Y": 0.5495086908340454
          }
        ]
      },
      "Id": "12fc3e01-3156-4fba-ae5e-b510636eecad",
      "Page": 1
    },
    {
      "BlockType": "WORD",
      "Confidence": 98.3108901977539,
      "Text": "1.9-63",
      "TextType": "PRINTED",
      "Geometry": {
        "BoundingBox": {
          "Width": 0.040809452533721924,
          "Height": 0.017341531813144684,
          "Left": 0.60886549949646,
          "Top": 0.5325204730033875
        },
        "Polygon": [
          {
            "X": 0.60886549949646,
            "Y": 0.5325204730033875
          },
          {
            "X": 0.6495345830917358,
            "Y": 0.5326206684112549
          },
          {
            "X": 0.6496749520301819,
            "Y": 0.5498619675636292
          },
          {
            "X": 0.6090013980865479,
            "Y": 0.5497607588768005
          }
        ]
      },
      "Id": "e2de5b2b-6fe5-4383-9165-006bf6d7b0f9",
      "Page": 1
    },
    {
      "BlockType": "WORD",
      "Confidence": 99.84426879882812,
      "Text": "CNT-COOH",
      "TextType": "PRINTED",
      "Geometry": {
        "BoundingBox": {
          "Width": 0.06878737360239029,
          "Height": 0.01744498498737812,
          "Left": 0.24505364894866943,
          "Top": 0.5627202987670898
        },
        "Polygon": [
          {
            "X": 0.24505364894866943,
            "Y": 0.5627202987670898
          },
          {
            "X": 0.31373754143714905,
            "Y": 0.5628926753997803
          },
          {
            "X": 0.3138410151004791,
            "Y": 0.5801653265953064
          },
          {
            "X": 0.24514953792095184,
            "Y": 0.5799912214279175
          }
        ]
      },
      "Id": "c11d616e-d21e-4c25-8336-6c3a816fa69f",
      "Page": 1
    },
    {
      "BlockType": "WORD",
      "Confidence": 99.95316314697266,
      "Text": "121",
      "TextType": "PRINTED",
      "Geometry": {
        "BoundingBox": {
          "Width": 0.020905956625938416,
          "Height": 0.01730279251933098,
          "Left": 0.3927724361419678,
          "Top": 0.5626083016395569
        },
        "Polygon": [
          {
            "X": 0.3927724361419678,
            "Y": 0.5626083016395569
          },
          {
            "X": 0.4135640263557434,
            "Y": 0.5626604557037354
          },
          {
            "X": 0.413678377866745,
            "Y": 0.5799111127853394
          },
          {
            "X": 0.3928844928741455,
            "Y": 0.5798584222793579
          }
        ]
      },
      "Id": "3efded86-2e62-44f3-8a93-dc44e955b954",
      "Page": 1
    },
    {
      "BlockType": "WORD",
      "Confidence": 91.6475830078125,
      "Text": "0.63",
      "TextType": "PRINTED",
      "Geometry": {
        "BoundingBox": {
          "Width": 0.02618829719722271,
          "Height": 0.017114566639065742,
          "Left": 0.5013790726661682,
          "Top": 0.5630103945732117
        },
        "Polygon": [
          {
            "X": 0.5013790726661682,
            "Y": 0.5630103945732117
          },
          {
            "X": 0.5274419188499451,
            "Y": 0.5630757808685303
          },
          {
            "X": 0.5275673866271973,
            "Y": 0.5801249146461487
          },
          {
            "X": 0.5015016794204712,
            "Y": 0.5800588726997375
          }
        ]
      },
      "Id": "62001f90-52e6-4eef-9686-0647e1ef548d",
      "Page": 1
    },
    {
      "BlockType": "WORD",
      "Confidence": 97.28778839111328,
      "Text": "1.3-63",
      "TextType": "PRINTED",
      "Geometry": {
        "BoundingBox": {
          "Width": 0.04050026461482048,
          "Height": 0.017392532899975777,
          "Left": 0.6089199185371399,
          "Top": 0.5628875494003296
        },
        "Polygon": [
          {
            "X": 0.6089199185371399,
            "Y": 0.5628875494003296
          },
          {
            "X": 0.6492794752120972,
            "Y": 0.5629887580871582
          },
          {
            "X": 0.6494202017784119,
            "Y": 0.580280065536499
          },
          {
            "X": 0.6090561747550964,
            "Y": 0.5801778435707092
          }
        ]
      },
      "Id": "067da16e-c11f-4fe3-b7c2-3ecb7e7e0596",
      "Page": 1
    },
    {
      "BlockType": "WORD",
      "Confidence": 35.738067626953125,
      "Text": "CNT-COOH_DETASi",
      "TextType": "PRINTED",
      "Geometry": {
        "BoundingBox": {
          "Width": 0.12135406583547592,
          "Height": 0.02095688506960869,
          "Left": 0.24345721304416656,
          "Top": 0.592414379119873
        },
        "Polygon": [
          {
            "X": 0.24345721304416656,
            "Y": 0.592414379119873
          },
          {
            "X": 0.36468085646629333,
            "Y": 0.5927238464355469
          },
          {
            "X": 0.3648112714290619,
            "Y": 0.6133712530136108
          },
          {
            "X": 0.24357159435749054,
            "Y": 0.6130581498146057
          }
        ]
      },
      "Id": "cf4d45a8-e837-468f-8ffc-d0a7e3935ff6",
      "Page": 1
    },
    {
      "BlockType": "WORD",
      "Confidence": 99.97462463378906,
      "Text": "74",
      "TextType": "PRINTED",
      "Geometry": {
        "BoundingBox": {
          "Width": 0.015185789205133915,
          "Height": 0.017653189599514008,
          "Left": 0.3919515311717987,
          "Top": 0.5929709672927856
        },
        "Polygon": [
          {
            "X": 0.3919515311717987,
            "Y": 0.5929709672927856
          },
          {
            "X": 0.40702128410339355,
            "Y": 0.5930094122886658
          },
          {
            "X": 0.40713730454444885,
            "Y": 0.6106241345405579
          },
          {
            "X": 0.3920658528804779,
            "Y": 0.6105852723121643
          }
        ]
      },
      "Id": "e19bf4e7-1e9e-42cb-af27-c711f88411c2",
      "Page": 1
    },
    {
      "BlockType": "WORD",
      "Confidence": 99.14332580566406,
      "Text": "0.35",
      "TextType": "PRINTED",
      "Geometry": {
        "BoundingBox": {
          "Width": 0.02662615478038788,
          "Height": 0.017307957634329796,
          "Left": 0.5011114478111267,
          "Top": 0.593186616897583
        },
        "Polygon": [
          {
            "X": 0.5011114478111267,
            "Y": 0.593186616897583
          },
          {
            "X": 0.5276107788085938,
            "Y": 0.5932542681694031
          },
          {
            "X": 0.5277376174926758,
            "Y": 0.6104945540428162
          },
          {
            "X": 0.5012354254722595,
            "Y": 0.6104262471199036
          }
        ]
      },
      "Id": "e69b3c66-9960-4470-b023-33a546546937",
      "Page": 1
    },
    {
      "BlockType": "WORD",
      "Confidence": 99.41139221191406,
      "Text": "1.9-63",
      "TextType": "PRINTED",
      "Geometry": {
        "BoundingBox": {
          "Width": 0.040924739092588425,
          "Height": 0.01778843067586422,
          "Left": 0.6088180541992188,
          "Top": 0.5929738879203796
        },
        "Polygon": [
          {
            "X": 0.6088180541992188,
            "Y": 0.5929738879203796
          },
          {
            "X": 0.6495988368988037,
            "Y": 0.5930779576301575
          },
          {
            "X": 0.6497427821159363,
            "Y": 0.610762357711792
          },
          {
            "X": 0.6089573502540588,
            "Y": 0.6106572151184082
          }
        ]
      },
      "Id": "846968c6-eb87-4567-941d-cb1188d9c198",
      "Page": 1
    },
    {
      "BlockType": "TABLE",
      "Confidence": 99.755859375,
      "Geometry": {
        "BoundingBox": {
          "Width": 0.5404819846153259,
          "Height": 0.23968587815761566,
          "Left": 0.22893795371055603,
          "Top": 0.3795795440673828
        },
        "Polygon": [
          {
            "X": 0.22893795371055603,
            "Y": 0.3795795440673828
          },
          {
            "X": 0.7672967910766602,
            "Y": 0.3807869255542755
          },
          {
            "X": 0.7694199085235596,
            "Y": 0.6192654371261597
          },
          {
            "X": 0.2302379012107849,
            "Y": 0.6178690791130066
          }
        ]
      },
      "Id": "a0996521-bbc0-47fe-b713-e2ad85e2afe1",
      "Relationships": [
        {
          "Type": "CHILD",
          "Ids": [
            "dc43ef11-ef8b-43d8-be3e-4599d2355f57",
            "e069ac8e-71c8-4e23-b569-ee30941fd058",
            "ec9a8e84-5ee5-4bbc-95bc-6c3f5954a940",
            "e18a2e8e-7a7b-43fe-88c1-a05e1455ff4e",
            "f8a0a8f9-be4f-4f8c-8cd6-903fabaeb0d5",
            "f5b99a23-4021-420a-aac3-3452c44aa022",
            "f1283ac5-30e7-4735-94dc-d7e3a78d3802",
            "bce49f85-e690-4f4c-8ef4-06376aa01700",
            "5ba3380d-3db0-4912-ab94-e14077673479",
            "bb59f4eb-eda9-4b9f-bf89-a185ca34e24c",
            "88955499-b24a-44e9-9a4e-b69b48113633",
            "369275fa-43ac-4507-b0ed-565df5e54f14",
            "9e2dc056-d5b1-4745-9059-042601ae07bb",
            "0fe701a6-0b5d-4945-b380-c42cd1fcfa62",
            "35581610-c7a1-4be8-bf36-9962feb44a79",
            "555152f0-4cf3-4fd0-8c6c-c3b5aa82d446",
            "e64b68a8-5503-4c1c-8202-5d293aec09ed",
            "102dd733-1035-4156-988f-08879568d89b",
            "87370186-a4cb-4c56-a20f-5e0a10d72690",
            "7d4ed079-e919-48dc-9fe2-4080fedb891d",
            "81730bcd-e3d8-4319-b40a-80f926b25a3d",
            "af9dfdf0-a4a8-4939-ae75-bc7bf5a6e897",
            "b5355d97-430c-49b0-8df3-8642e6552766",
            "c0e40254-976c-4ccd-b964-7557690e4bba",
            "c2a02e89-af5f-4cdb-8224-daf41b3fab88",
            "3992d2d9-93c8-424b-96e9-39ef9d215ef9",
            "b974caf7-2e9e-437a-bd87-3adea4265d53",
            "b4570ec2-7d9c-4490-8035-1ca615d87631",
            "9527d4fa-919e-4537-94c5-361c5bea4268",
            "88a42fc0-1001-4891-ae04-43498d035e78",
            "840ed958-34ca-4f6b-8561-c076563ac5f8",
            "9f5ecfca-1bca-4a8f-8b49-c3117b4aa54e",
            "23deb12b-ed32-471a-973c-d5741cf43e0b",
            "01fbffb7-78cc-4256-ae86-21aeb6c9db86",
            "c7d77e83-ac04-401a-a7de-90e706726dfc"
          ]
        }
      ],
      "EntityTypes": [
        "STRUCTURED_TABLE"
      ],
      "Page": 1
    },
    {
      "BlockType": "CELL",
      "Confidence": 94.970703125,
      "RowIndex": 1,
      "ColumnIndex": 1,
      "RowSpan": 1,
      "ColumnSpan": 1,
      "Geometry": {
        "BoundingBox": {
          "Width": 0.14762984216213226,
          "Height": 0.04853825643658638,
          "Left": 0.22893795371055603,
          "Top": 0.3795795440673828
        },
        "Polygon": [
          {
            "X": 0.22893795371055603,
            "Y": 0.3795795440673828
          },
          {
            "X": 0.37625932693481445,
            "Y": 0.3799099624156952
          },
          {
            "X": 0.3765677809715271,
            "Y": 0.4281178116798401
          },
          {
            "X": 0.22920088469982147,
            "Y": 0.427776962518692
          }
        ]
      },
      "Id": "dc43ef11-ef8b-43d8-be3e-4599d2355f57",
      "Relationships": [
        {
          "Type": "CHILD",
          "Ids": [
            "7c7efa5c-0ca3-49f8-b0bd-f5f5f46e962e"
          ]
        }
      ],
      "EntityTypes": [
        "COLUMN_HEADER"
      ],
      "Page": 1
    },
    {
      "BlockType": "CELL",
      "Confidence": 92.919921875,
      "RowIndex": 1,
      "ColumnIndex": 2,
      "RowSpan": 1,
      "ColumnSpan": 1,
      "Geometry": {
        "BoundingBox": {
          "Width": 0.10911095887422562,
          "Height": 0.04845951125025749,
          "Left": 0.37625932693481445,
          "Top": 0.3799099624156952
        },
        "Polygon": [
          {
            "X": 0.37625932693481445,
            "Y": 0.3799099624156952
          },
          {
            "X": 0.4850281774997711,
            "Y": 0.3801538944244385
          },
          {
            "X": 0.4853702783584595,
            "Y": 0.4283694624900818
          },
          {
            "X": 0.3765677809715271,
            "Y": 0.4281178116798401
          }
        ]
      },
      "Id": "e069ac8e-71c8-4e23-b569-ee30941fd058",
      "Relationships": [
        {
          "Type": "CHILD",
          "Ids": [
            "3e8bfb06-877d-479c-b2e8-de1d07752132"
          ]
        }
      ],
      "EntityTypes": [
        "COLUMN_HEADER"
      ],
      "Page": 1
    },
    {
      "BlockType": "CELL",
      "Confidence": 94.091796875,
      "RowIndex": 1,
      "ColumnIndex": 3,
      "RowSpan": 1,
      "ColumnSpan": 1,
      "Geometry": {
        "BoundingBox": {
          "Width": 0.1061127781867981,
          "Height": 0.0484602116048336,
          "Left": 0.4850281774997711,
          "Top": 0.3801538944244385
        },
        "Polygon": [
          {
            "X": 0.4850281774997711,
            "Y": 0.3801538944244385
          },
          {
            "X": 0.5907661318778992,
            "Y": 0.38039103150367737
          },
          {
            "X": 0.5911409854888916,
            "Y": 0.4286141097545624
          },
          {
            "X": 0.4853702783584595,
            "Y": 0.4283694624900818
          }
        ]
      },
      "Id": "ec9a8e84-5ee5-4bbc-95bc-6c3f5954a940",
      "Relationships": [
        {
          "Type": "CHILD",
          "Ids": [
            "9944986f-3903-4072-ac23-bc38f8e3b19b",
            "e9be0be8-f05d-4b37-8b52-c3089f7d40b6"
          ]
        }
      ],
      "EntityTypes": [
        "COLUMN_HEADER"
      ],
      "Page": 1
    },
    {
      "BlockType": "CELL",
      "Confidence": 90.8203125,
      "RowIndex": 1,
      "ColumnIndex": 4,
      "RowSpan": 1,
      "ColumnSpan": 1,
      "Geometry": {
        "BoundingBox": {
          "Width": 0.08394134044647217,
          "Height": 0.04841635376214981,
          "Left": 0.5907661318778992,
          "Top": 0.38039103150367737
        },
        "Polygon": [
          {
            "X": 0.5907661318778992,
            "Y": 0.38039103150367737
          },
          {
            "X": 0.6743068099021912,
            "Y": 0.3805783689022064
          },
          {
            "X": 0.6747074723243713,
            "Y": 0.4288073778152466
          },
          {
            "X": 0.5911409854888916,
            "Y": 0.4286141097545624
          }
        ]
      },
      "Id": "e18a2e8e-7a7b-43fe-88c1-a05e1455ff4e",
      "Relationships": [
        {
          "Type": "CHILD",
          "Ids": [
            "9eb6c900-a4ba-4783-ab2b-b5d4c1364fff",
            "84794396-a209-469b-a0ce-96bf8ae53f8a"
          ]
        }
      ],
      "EntityTypes": [
        "COLUMN_HEADER"
      ],
      "Page": 1
    },
    {
      "BlockType": "CELL",
      "Confidence": 91.2109375,
      "RowIndex": 1,
      "ColumnIndex": 5,
      "RowSpan": 1,
      "ColumnSpan": 1,
      "Geometry": {
        "BoundingBox": {
          "Width": 0.0934193879365921,
          "Height": 0.04844414070248604,
          "Left": 0.6743068099021912,
          "Top": 0.3805783689022064
        },
        "Polygon": [
          {
            "X": 0.6743068099021912,
            "Y": 0.3805783689022064
          },
          {
            "X": 0.7672967910766602,
            "Y": 0.3807869255542755
          },
          {
            "X": 0.7677262425422668,
            "Y": 0.42902252078056335
          },
          {
            "X": 0.6747074723243713,
            "Y": 0.4288073778152466
          }
        ]
      },
      "Id": "f8a0a8f9-be4f-4f8c-8cd6-903fabaeb0d5",
      "Relationships": [
        {
          "Type": "CHILD",
          "Ids": [
            "6e6db146-d1f9-4428-b3e3-5eb0bcf66fb8",
            "22d9f03f-0839-4d1a-a540-49144edb46f7"
          ]
        }
      ],
      "EntityTypes": [
        "COLUMN_HEADER"
      ],
      "Page": 1
    },
    {
      "BlockType": "CELL",
      "Confidence": 91.40625,
      "RowIndex": 2,
      "ColumnIndex": 1,
      "RowSpan": 1,
      "ColumnSpan": 1,
      "Geometry": {
        "BoundingBox": {
          "Width": 0.14761041104793549,
          "Height": 0.03839462623000145,
          "Left": 0.22920088469982147,
          "Top": 0.427776962518692
        },
        "Polygon": [
          {
            "X": 0.22920088469982147,
            "Y": 0.427776962518692
          },
          {
            "X": 0.3765677809715271,
            "Y": 0.4281178116798401
          },
          {
            "X": 0.37681129574775696,
            "Y": 0.46617159247398376
          },
          {
            "X": 0.22940842807292938,
            "Y": 0.4658224880695343
          }
        ]
      },
      "Id": "f5b99a23-4021-420a-aac3-3452c44aa022",
      "Relationships": [
        {
          "Type": "CHILD",
          "Ids": [
            "35d34757-3e33-4748-a638-e8dab60a7cb1"
          ]
        }
      ],
      "Page": 1
    },
    {
      "BlockType": "CELL",
      "Confidence": 89.404296875,
      "RowIndex": 2,
      "ColumnIndex": 2,
      "RowSpan": 1,
      "ColumnSpan": 1,
      "Geometry": {
        "BoundingBox": {
          "Width": 0.10907253623008728,
          "Height": 0.03831152245402336,
          "Left": 0.3765677809715271,
          "Top": 0.4281178116798401
        },
        "Polygon": [
          {
            "X": 0.3765677809715271,
            "Y": 0.4281178116798401
          },
          {
            "X": 0.4853702783584595,
            "Y": 0.4283694624900818
          },
          {
            "X": 0.4856403172016144,
            "Y": 0.46642932295799255
          },
          {
            "X": 0.37681129574775696,
            "Y": 0.46617159247398376
          }
        ]
      },
      "Id": "f1283ac5-30e7-4735-94dc-d7e3a78d3802",
      "Relationships": [
        {
          "Type": "CHILD",
          "Ids": [
            "03dcd12b-9443-4438-a571-a963f5ee1b40"
          ]
        }
      ],
      "Page": 1
    },
    {
      "BlockType": "CELL",
      "Confidence": 90.576171875,
      "RowIndex": 2,
      "ColumnIndex": 3,
      "RowSpan": 1,
      "ColumnSpan": 1,
      "Geometry": {
        "BoundingBox": {
          "Width": 0.10606653243303299,
          "Height": 0.03831043466925621,
          "Left": 0.4853702783584595,
          "Top": 0.4283694624900818
        },
        "Polygon": [
          {
            "X": 0.4853702783584595,
            "Y": 0.4283694624900818
          },
          {
            "X": 0.5911409854888916,
            "Y": 0.4286141097545624
          },
          {
            "X": 0.5914368033409119,
            "Y": 0.4666799008846283
          },
          {
            "X": 0.4856403172016144,
            "Y": 0.46642932295799255
          }
        ]
      },
      "Id": "bce49f85-e690-4f4c-8ef4-06376aa01700",
      "Relationships": [
        {
          "Type": "CHILD",
          "Ids": [
            "76ea3739-c724-4ae6-bcfb-6d72b904ac22"
          ]
        }
      ],
      "Page": 1
    },
    {
      "BlockType": "CELL",
      "Confidence": 87.40234375,
      "RowIndex": 2,
      "ColumnIndex": 4,
      "RowSpan": 1,
      "ColumnSpan": 1,
      "Geometry": {
        "BoundingBox": {
          "Width": 0.08388280123472214,
          "Height": 0.03826375678181648,
          "Left": 0.5911409854888916,
          "Top": 0.4286141097545624
        },
        "Polygon": [
          {
            "X": 0.5911409854888916,
            "Y": 0.4286141097545624
          },
          {
            "X": 0.6747074723243713,
            "Y": 0.4288073778152466
          },
          {
            "X": 0.6750237345695496,
            "Y": 0.46687784790992737
          },
          {
            "X": 0.5914368033409119,
            "Y": 0.4666799008846283
          }
        ]
      },
      "Id": "5ba3380d-3db0-4912-ab94-e14077673479",
      "Relationships": [
        {
          "Type": "CHILD",
          "Ids": [
            "1cc3e41b-19ed-468c-ba60-ae04a5b40dd9"
          ]
        }
      ],
      "Page": 1
    },
    {
      "BlockType": "CELL",
      "Confidence": 87.79296875,
      "RowIndex": 2,
      "ColumnIndex": 5,
      "RowSpan": 1,
      "ColumnSpan": 1,
      "Geometry": {
        "BoundingBox": {
          "Width": 0.09335771203041077,
          "Height": 0.038290828466415405,
          "Left": 0.6747074723243713,
          "Top": 0.4288073778152466
        },
        "Polygon": [
          {
            "X": 0.6747074723243713,
            "Y": 0.4288073778152466
          },
          {
            "X": 0.7677262425422668,
            "Y": 0.42902252078056335
          },
          {
            "X": 0.7680652141571045,
            "Y": 0.467098206281662
          },
          {
            "X": 0.6750237345695496,
            "Y": 0.46687784790992737
          }
        ]
      },
      "Id": "bb59f4eb-eda9-4b9f-bf89-a185ca34e24c",
      "Relationships": [
        {
          "Type": "CHILD",
          "Ids": [
            "d438fc5d-bf97-427d-b807-915858195616"
          ]
        }
      ],
      "Page": 1
    },
    {
      "BlockType": "CELL",
      "Confidence": 88.427734375,
      "RowIndex": 3,
      "ColumnIndex": 1,
      "RowSpan": 1,
      "ColumnSpan": 1,
      "Geometry": {
        "BoundingBox": {
          "Width": 0.14759774506092072,
          "Height": 0.030805474147200584,
          "Left": 0.22940842807292938,
          "Top": 0.4658224880695343
        },
        "Polygon": [
          {
            "X": 0.22940842807292938,
            "Y": 0.4658224880695343
          },
          {
            "X": 0.37681129574775696,
            "Y": 0.46617159247398376
          },
          {
            "X": 0.3770061731338501,
            "Y": 0.4966279864311218
          },
          {
            "X": 0.2295745462179184,
            "Y": 0.4962722659111023
          }
        ]
      },
      "Id": "88955499-b24a-44e9-9a4e-b69b48113633",
      "Relationships": [
        {
          "Type": "CHILD",
          "Ids": [
            "4bec7b14-54db-43d2-8141-fd1a53cf9ed0"
          ]
        }
      ],
      "Page": 1
    },
    {
      "BlockType": "CELL",
      "Confidence": 86.5234375,
      "RowIndex": 3,
      "ColumnIndex": 2,
      "RowSpan": 1,
      "ColumnSpan": 1,
      "Geometry": {
        "BoundingBox": {
          "Width": 0.10904517024755478,
          "Height": 0.03071899712085724,
          "Left": 0.37681129574775696,
          "Top": 0.46617159247398376
        },
        "Polygon": [
          {
            "X": 0.37681129574775696,
            "Y": 0.46617159247398376
          },
          {
            "X": 0.4856403172016144,
            "Y": 0.46642932295799255
          },
          {
            "X": 0.48585647344589233,
            "Y": 0.4968906044960022
          },
          {
            "X": 0.3770061731338501,
            "Y": 0.4966279864311218
          }
        ]
      },
      "Id": "369275fa-43ac-4507-b0ed-565df5e54f14",
      "Relationships": [
        {
          "Type": "CHILD",
          "Ids": [
            "f6c114de-ab8c-4572-923f-e29866f74721"
          ]
        }
      ],
      "Page": 1
    },
    {
      "BlockType": "CELL",
      "Confidence": 87.646484375,
      "RowIndex": 3,
      "ColumnIndex": 3,
      "RowSpan": 1,
      "ColumnSpan": 1,
      "Geometry": {
        "BoundingBox": {
          "Width": 0.10603328794240952,
          "Height": 0.030716557055711746,
          "Left": 0.4856403172016144,
          "Top": 0.46642932295799255
        },
        "Polygon": [
          {
            "X": 0.4856403172016144,
            "Y": 0.46642932295799255
          },
          {
            "X": 0.5914368033409119,
            "Y": 0.4666799008846283
          },
          {
            "X": 0.5916736125946045,
            "Y": 0.4971458911895752
          },
          {
            "X": 0.48585647344589233,
            "Y": 0.4968906044960022
          }
        ]
      },
      "Id": "9e2dc056-d5b1-4745-9059-042601ae07bb",
      "Relationships": [
        {
          "Type": "CHILD",
          "Ids": [
            "37abd0a9-8071-4a44-8063-9cb6032280a3"
          ]
        }
      ],
      "Page": 1
    },
    {
      "BlockType": "CELL",
      "Confidence": 84.5703125,
      "RowIndex": 3,
      "ColumnIndex": 4,
      "RowSpan": 1,
      "ColumnSpan": 1,
      "Geometry": {
        "BoundingBox": {
          "Width": 0.08384005725383759,
          "Height": 0.030667705461382866,
          "Left": 0.5914368033409119,
          "Top": 0.4666799008846283
        },
        "Polygon": [
          {
            "X": 0.5914368033409119,
            "Y": 0.4666799008846283
          },
          {
            "X": 0.6750237345695496,
            "Y": 0.46687784790992737
          },
          {
            "X": 0.6752768754959106,
            "Y": 0.4973475933074951
          },
          {
            "X": 0.5916736125946045,
            "Y": 0.4971458911895752
          }
        ]
      },
      "Id": "0fe701a6-0b5d-4945-b380-c42cd1fcfa62",
      "Relationships": [
        {
          "Type": "CHILD",
          "Ids": [
            "34f290ff-7b54-40fc-b5b1-4ee2ccd790e7"
          ]
        }
      ],
      "Page": 1
    },
    {
      "BlockType": "CELL",
      "Confidence": 84.9609375,
      "RowIndex": 3,
      "ColumnIndex": 5,
      "RowSpan": 1,
      "ColumnSpan": 1,
      "Geometry": {
        "BoundingBox": {
          "Width": 0.09331275522708893,
          "Height": 0.0306942667812109,
          "Left": 0.6750237345695496,
          "Top": 0.46687784790992737
        },
        "Polygon": [
          {
            "X": 0.6750237345695496,
            "Y": 0.46687784790992737
          },
          {
            "X": 0.7680652141571045,
            "Y": 0.467098206281662
          },
          {
            "X": 0.7683365345001221,
            "Y": 0.497572124004364
          },
          {
            "X": 0.6752768754959106,
            "Y": 0.4973475933074951
          }
        ]
      },
      "Id": "35581610-c7a1-4be8-bf36-9962feb44a79",
      "Page": 1
    },
    {
      "BlockType": "CELL",
      "Confidence": 87.548828125,
      "RowIndex": 4,
      "ColumnIndex": 1,
      "RowSpan": 1,
      "ColumnSpan": 1,
      "Geometry": {
        "BoundingBox": {
          "Width": 0.14761845767498016,
          "Height": 0.029554208740592003,
          "Left": 0.2295745462179184,
          "Top": 0.4962722659111023
        },
        "Polygon": [
          {
            "X": 0.2295745462179184,
            "Y": 0.4962722659111023
          },
          {
            "X": 0.3770061731338501,
            "Y": 0.4966279864311218
          },
          {
            "X": 0.37719300389289856,
            "Y": 0.5258264541625977
          },
          {
            "X": 0.22973379492759705,
            "Y": 0.5254644155502319
          }
        ]
      },
      "Id": "555152f0-4cf3-4fd0-8c6c-c3b5aa82d446",
      "Relationships": [
        {
          "Type": "CHILD",
          "Ids": [
            "e5b3c11a-efda-4a9a-922b-e79534a13843"
          ]
        }
      ],
      "Page": 1
    },
    {
      "BlockType": "CELL",
      "Confidence": 85.64453125,
      "RowIndex": 4,
      "ColumnIndex": 2,
      "RowSpan": 1,
      "ColumnSpan": 1,
      "Geometry": {
        "BoundingBox": {
          "Width": 0.10905749350786209,
          "Height": 0.029465803876519203,
          "Left": 0.3770061731338501,
          "Top": 0.4966279864311218
        },
        "Polygon": [
          {
            "X": 0.3770061731338501,
            "Y": 0.4966279864311218
          },
          {
            "X": 0.48585647344589233,
            "Y": 0.4968906044960022
          },
          {
            "X": 0.4860636591911316,
            "Y": 0.5260937809944153
          },
          {
            "X": 0.37719300389289856,
            "Y": 0.5258264541625977
          }
        ]
      },
      "Id": "e64b68a8-5503-4c1c-8202-5d293aec09ed",
      "Relationships": [
        {
          "Type": "CHILD",
          "Ids": [
            "efb00d37-0164-4425-b513-6d812478b6a7"
          ]
        }
      ],
      "Page": 1
    },
    {
      "BlockType": "CELL",
      "Confidence": 86.71875,
      "RowIndex": 4,
      "ColumnIndex": 3,
      "RowSpan": 1,
      "ColumnSpan": 1,
      "Geometry": {
        "BoundingBox": {
          "Width": 0.10604416579008102,
          "Height": 0.029463034123182297,
          "Left": 0.48585647344589233,
          "Top": 0.4968906044960022
        },
        "Polygon": [
          {
            "X": 0.48585647344589233,
            "Y": 0.4968906044960022
          },
          {
            "X": 0.5916736125946045,
            "Y": 0.4971458911895752
          },
          {
            "X": 0.591900646686554,
            "Y": 0.526353657245636
          },
          {
            "X": 0.4860636591911316,
            "Y": 0.5260937809944153
          }
        ]
      },
      "Id": "102dd733-1035-4156-988f-08879568d89b",
      "Relationships": [
        {
          "Type": "CHILD",
          "Ids": [
            "740df422-247b-4905-90bd-6aa3f059df40"
          ]
        }
      ],
      "Page": 1
    },
    {
      "BlockType": "CELL",
      "Confidence": 83.740234375,
      "RowIndex": 4,
      "ColumnIndex": 4,
      "RowSpan": 1,
      "ColumnSpan": 1,
      "Geometry": {
        "BoundingBox": {
          "Width": 0.08384593576192856,
          "Height": 0.02941303327679634,
          "Left": 0.5916736125946045,
          "Top": 0.4971458911895752
        },
        "Polygon": [
          {
            "X": 0.5916736125946045,
            "Y": 0.4971458911895752
          },
          {
            "X": 0.6752768754959106,
            "Y": 0.4973475933074951
          },
          {
            "X": 0.6755195260047913,
            "Y": 0.5265589356422424
          },
          {
            "X": 0.591900646686554,
            "Y": 0.526353657245636
          }
        ]
      },
      "Id": "87370186-a4cb-4c56-a20f-5e0a10d72690",
      "Relationships": [
        {
          "Type": "CHILD",
          "Ids": [
            "e601a3d0-a8a1-4569-9a6d-a42160c1e823"
          ]
        }
      ],
      "Page": 1
    },
    {
      "BlockType": "CELL",
      "Confidence": 84.08203125,
      "RowIndex": 4,
      "ColumnIndex": 5,
      "RowSpan": 1,
      "ColumnSpan": 1,
      "Geometry": {
        "BoundingBox": {
          "Width": 0.09331972897052765,
          "Height": 0.02943984791636467,
          "Left": 0.6752768754959106,
          "Top": 0.4973475933074951
        },
        "Polygon": [
          {
            "X": 0.6752768754959106,
            "Y": 0.4973475933074951
          },
          {
            "X": 0.7683365345001221,
            "Y": 0.497572124004364
          },
          {
            "X": 0.7685965895652771,
            "Y": 0.5267874598503113
          },
          {
            "X": 0.6755195260047913,
            "Y": 0.5265589356422424
          }
        ]
      },
      "Id": "7d4ed079-e919-48dc-9fe2-4080fedb891d",
      "Page": 1
    },
    {
      "BlockType": "CELL",
      "Confidence": 89.35546875,
      "RowIndex": 5,
      "ColumnIndex": 1,
      "RowSpan": 1,
      "ColumnSpan": 1,
      "Geometry": {
        "BoundingBox": {
          "Width": 0.1476542353630066,
          "Height": 0.030841682106256485,
          "Left": 0.22973379492759705,
          "Top": 0.5254644155502319
        },
        "Polygon": [
          {
            "X": 0.22973379492759705,
            "Y": 0.5254644155502319
          },
          {
            "X": 0.37719300389289856,
            "Y": 0.5258264541625977
          },
          {
            "X": 0.37738803029060364,
            "Y": 0.5563061237335205
          },
          {
            "X": 0.2299000471830368,
            "Y": 0.5559374690055847
          }
        ]
      },
      "Id": "81730bcd-e3d8-4319-b40a-80f926b25a3d",
      "Relationships": [
        {
          "Type": "CHILD",
          "Ids": [
            "696c56bd-c6f9-4a34-a12e-153e22ac10c4"
          ]
        }
      ],
      "Page": 1
    },
    {
      "BlockType": "CELL",
      "Confidence": 87.40234375,
      "RowIndex": 5,
      "ColumnIndex": 2,
      "RowSpan": 1,
      "ColumnSpan": 1,
      "Geometry": {
        "BoundingBox": {
          "Width": 0.10908695310354233,
          "Height": 0.030751824378967285,
          "Left": 0.37719300389289856,
          "Top": 0.5258264541625977
        },
        "Polygon": [
          {
            "X": 0.37719300389289856,
            "Y": 0.5258264541625977
          },
          {
            "X": 0.4860636591911316,
            "Y": 0.5260937809944153
          },
          {
            "X": 0.4862799644470215,
            "Y": 0.5565782785415649
          },
          {
            "X": 0.37738803029060364,
            "Y": 0.5563061237335205
          }
        ]
      },
      "Id": "af9dfdf0-a4a8-4939-ae75-bc7bf5a6e897",
      "Relationships": [
        {
          "Type": "CHILD",
          "Ids": [
            "e4c6db04-9e6a-4f23-a44c-befb3d8a0708"
          ]
        }
      ],
      "Page": 1
    },
    {
      "BlockType": "CELL",
      "Confidence": 88.57421875,
      "RowIndex": 5,
      "ColumnIndex": 3,
      "RowSpan": 1,
      "ColumnSpan": 1,
      "Geometry": {
        "BoundingBox": {
          "Width": 0.10607393831014633,
          "Height": 0.03074912540614605,
          "Left": 0.4860636591911316,
          "Top": 0.5260937809944153
        },
        "Polygon": [
          {
            "X": 0.4860636591911316,
            "Y": 0.5260937809944153
          },
          {
            "X": 0.591900646686554,
            "Y": 0.526353657245636
          },
          {
            "X": 0.5921375751495361,
            "Y": 0.5568429231643677
          },
          {
            "X": 0.4862799644470215,
            "Y": 0.5565782785415649
          }
        ]
      },
      "Id": "b5355d97-430c-49b0-8df3-8642e6552766",
      "Relationships": [
        {
          "Type": "CHILD",
          "Ids": [
            "12fc3e01-3156-4fba-ae5e-b510636eecad"
          ]
        }
      ],
      "Page": 1
    },
    {
      "BlockType": "CELL",
      "Confidence": 85.498046875,
      "RowIndex": 5,
      "ColumnIndex": 4,
      "RowSpan": 1,
      "ColumnSpan": 1,
      "Geometry": {
        "BoundingBox": {
          "Width": 0.0838722363114357,
          "Height": 0.030698329210281372,
          "Left": 0.591900646686554,
          "Top": 0.526353657245636
        },
        "Polygon": [
          {
            "X": 0.591900646686554,
            "Y": 0.526353657245636
          },
          {
            "X": 0.6755195260047913,
            "Y": 0.5265589356422424
          },
          {
            "X": 0.6757728457450867,
            "Y": 0.557051956653595
          },
          {
            "X": 0.5921375751495361,
            "Y": 0.5568429231643677
          }
        ]
      },
      "Id": "c0e40254-976c-4ccd-b964-7557690e4bba",
      "Relationships": [
        {
          "Type": "CHILD",
          "Ids": [
            "e2de5b2b-6fe5-4383-9165-006bf6d7b0f9"
          ]
        }
      ],
      "Page": 1
    },
    {
      "BlockType": "CELL",
      "Confidence": 85.83984375,
      "RowIndex": 5,
      "ColumnIndex": 5,
      "RowSpan": 1,
      "ColumnSpan": 1,
      "Geometry": {
        "BoundingBox": {
          "Width": 0.09334857016801834,
          "Height": 0.03072572685778141,
          "Left": 0.6755195260047913,
          "Top": 0.5265589356422424
        },
        "Polygon": [
          {
            "X": 0.6755195260047913,
            "Y": 0.5265589356422424
          },
          {
            "X": 0.7685965895652771,
            "Y": 0.5267874598503113
          },
          {
            "X": 0.7688681483268738,
            "Y": 0.5572846531867981
          },
          {
            "X": 0.6757728457450867,
            "Y": 0.557051956653595
          }
        ]
      },
      "Id": "c2a02e89-af5f-4cdb-8224-daf41b3fab88",
      "Page": 1
    },
    {
      "BlockType": "CELL",
      "Confidence": 87.79296875,
      "RowIndex": 6,
      "ColumnIndex": 1,
      "RowSpan": 1,
      "ColumnSpan": 1,
      "Geometry": {
        "BoundingBox": {
          "Width": 0.14767497777938843,
          "Height": 0.029589470475912094,
          "Left": 0.2299000471830368,
          "Top": 0.5559374690055847
        },
        "Polygon": [
          {
            "X": 0.2299000471830368,
            "Y": 0.5559374690055847
          },
          {
            "X": 0.37738803029060364,
            "Y": 0.5563061237335205
          },
          {
            "X": 0.37757501006126404,
            "Y": 0.5855269432067871
          },
          {
            "X": 0.230059415102005,
            "Y": 0.5851519107818604
          }
        ]
      },
      "Id": "3992d2d9-93c8-424b-96e9-39ef9d215ef9",
      "Relationships": [
        {
          "Type": "CHILD",
          "Ids": [
            "c11d616e-d21e-4c25-8336-6c3a816fa69f"
          ]
        }
      ],
      "Page": 1
    },
    {
      "BlockType": "CELL",
      "Confidence": 85.83984375,
      "RowIndex": 6,
      "ColumnIndex": 2,
      "RowSpan": 1,
      "ColumnSpan": 1,
      "Geometry": {
        "BoundingBox": {
          "Width": 0.10909928381443024,
          "Height": 0.02949768304824829,
          "Left": 0.37738803029060364,
          "Top": 0.5563061237335205
        },
        "Polygon": [
          {
            "X": 0.37738803029060364,
            "Y": 0.5563061237335205
          },
          {
            "X": 0.4862799644470215,
            "Y": 0.5565782785415649
          },
          {
            "X": 0.48648732900619507,
            "Y": 0.5858038067817688
          },
          {
            "X": 0.37757501006126404,
            "Y": 0.5855269432067871
          }
        ]
      },
      "Id": "b974caf7-2e9e-437a-bd87-3adea4265d53",
      "Relationships": [
        {
          "Type": "CHILD",
          "Ids": [
            "3efded86-2e62-44f3-8a93-dc44e955b954"
          ]
        }
      ],
      "Page": 1
    },
    {
      "BlockType": "CELL",
      "Confidence": 86.962890625,
      "RowIndex": 6,
      "ColumnIndex": 3,
      "RowSpan": 1,
      "ColumnSpan": 1,
      "Geometry": {
        "BoundingBox": {
          "Width": 0.10608483105897903,
          "Height": 0.029494652524590492,
          "Left": 0.4862799644470215,
          "Top": 0.5565782785415649
        },
        "Polygon": [
          {
            "X": 0.4862799644470215,
            "Y": 0.5565782785415649
          },
          {
            "X": 0.5921375751495361,
            "Y": 0.5568429231643677
          },
          {
            "X": 0.5923647880554199,
            "Y": 0.5860729813575745
          },
          {
            "X": 0.48648732900619507,
            "Y": 0.5858038067817688
          }
        ]
      },
      "Id": "b4570ec2-7d9c-4490-8035-1ca615d87631",
      "Relationships": [
        {
          "Type": "CHILD",
          "Ids": [
            "62001f90-52e6-4eef-9686-0647e1ef548d"
          ]
        }
      ],
      "Page": 1
    },
    {
      "BlockType": "CELL",
      "Confidence": 83.935546875,
      "RowIndex": 6,
      "ColumnIndex": 4,
      "RowSpan": 1,
      "ColumnSpan": 1,
      "Geometry": {
        "BoundingBox": {
          "Width": 0.08387812227010727,
          "Height": 0.02944270521402359,
          "Left": 0.5921375751495361,
          "Top": 0.5568429231643677
        },
        "Polygon": [
          {
            "X": 0.5921375751495361,
            "Y": 0.5568429231643677
          },
          {
            "X": 0.6757728457450867,
            "Y": 0.557051956653595
          },
          {
            "X": 0.6760157346725464,
            "Y": 0.5862855911254883
          },
          {
            "X": 0.5923647880554199,
            "Y": 0.5860729813575745
          }
        ]
      },
      "Id": "9527d4fa-919e-4537-94c5-361c5bea4268",
      "Relationships": [
        {
          "Type": "CHILD",
          "Ids": [
            "067da16e-c11f-4fe3-b7c2-3ecb7e7e0596"
          ]
        }
      ],
      "Page": 1
    },
    {
      "BlockType": "CELL",
      "Confidence": 84.326171875,
      "RowIndex": 6,
      "ColumnIndex": 5,
      "RowSpan": 1,
      "ColumnSpan": 1,
      "Geometry": {
        "BoundingBox": {
          "Width": 0.09335555136203766,
          "Height": 0.029470356181263924,
          "Left": 0.6757728457450867,
          "Top": 0.557051956653595
        },
        "Polygon": [
          {
            "X": 0.6757728457450867,
            "Y": 0.557051956653595
          },
          {
            "X": 0.7688681483268738,
            "Y": 0.5572846531867981
          },
          {
            "X": 0.7691284418106079,
            "Y": 0.5865223407745361
          },
          {
            "X": 0.6760157346725464,
            "Y": 0.5862855911254883
          }
        ]
      },
      "Id": "88a42fc0-1001-4891-ae04-43498d035e78",
      "Page": 1
    },
    {
      "BlockType": "CELL",
      "Confidence": 89.74609375,
      "RowIndex": 7,
      "ColumnIndex": 1,
      "RowSpan": 1,
      "ColumnSpan": 1,
      "Geometry": {
        "BoundingBox": {
          "Width": 0.14772500097751617,
          "Height": 0.033099256455898285,
          "Left": 0.230059415102005,
          "Top": 0.5851519107818604
        },
        "Polygon": [
          {
            "X": 0.230059415102005,
            "Y": 0.5851519107818604
          },
          {
            "X": 0.37757501006126404,
            "Y": 0.5855269432067871
          },
          {
            "X": 0.37778440117836,
            "Y": 0.6182512044906616
          },
          {
            "X": 0.2302379012107849,
            "Y": 0.6178690791130066
          }
        ]
      },
      "Id": "840ed958-34ca-4f6b-8561-c076563ac5f8",
      "Relationships": [
        {
          "Type": "CHILD",
          "Ids": [
            "cf4d45a8-e837-468f-8ffc-d0a7e3935ff6"
          ]
        }
      ],
      "Page": 1
    },
    {
      "BlockType": "CELL",
      "Confidence": 87.79296875,
      "RowIndex": 7,
      "ColumnIndex": 2,
      "RowSpan": 1,
      "ColumnSpan": 1,
      "Geometry": {
        "BoundingBox": {
          "Width": 0.10914453864097595,
          "Height": 0.033006370067596436,
          "Left": 0.37757501006126404,
          "Top": 0.5855269432067871
        },
        "Polygon": [
          {
            "X": 0.37757501006126404,
            "Y": 0.5855269432067871
          },
          {
            "X": 0.48648732900619507,
            "Y": 0.5858038067817688
          },
          {
            "X": 0.48671954870224,
            "Y": 0.6185333132743835
          },
          {
            "X": 0.37778440117836,
            "Y": 0.6182512044906616
          }
        ]
      },
      "Id": "9f5ecfca-1bca-4a8f-8b49-c3117b4aa54e",
      "Relationships": [
        {
          "Type": "CHILD",
          "Ids": [
            "e19bf4e7-1e9e-42cb-af27-c711f88411c2"
          ]
        }
      ],
      "Page": 1
    },
    {
      "BlockType": "CELL",
      "Confidence": 88.916015625,
      "RowIndex": 7,
      "ColumnIndex": 3,
      "RowSpan": 1,
      "ColumnSpan": 1,
      "Geometry": {
        "BoundingBox": {
          "Width": 0.1061318889260292,
          "Height": 0.033003758639097214,
          "Left": 0.48648732900619507,
          "Top": 0.5858038067817688
        },
        "Polygon": [
          {
            "X": 0.48648732900619507,
            "Y": 0.5858038067817688
          },
          {
            "X": 0.5923647880554199,
            "Y": 0.5860729813575745
          },
          {
            "X": 0.5926192402839661,
            "Y": 0.6188075542449951
          },
          {
            "X": 0.48671954870224,
            "Y": 0.6185333132743835
          }
        ]
      },
      "Id": "23deb12b-ed32-471a-973c-d5741cf43e0b",
      "Relationships": [
        {
          "Type": "CHILD",
          "Ids": [
            "e69b3c66-9960-4470-b023-33a546546937"
          ]
        }
      ],
      "Page": 1
    },
    {
      "BlockType": "CELL",
      "Confidence": 85.83984375,
      "RowIndex": 7,
      "ColumnIndex": 4,
      "RowSpan": 1,
      "ColumnSpan": 1,
      "Geometry": {
        "BoundingBox": {
          "Width": 0.08392290025949478,
          "Height": 0.03295128792524338,
          "Left": 0.5923647880554199,
          "Top": 0.5860729813575745
        },
        "Polygon": [
          {
            "X": 0.5923647880554199,
            "Y": 0.5860729813575745
          },
          {
            "X": 0.6760157346725464,
            "Y": 0.5862855911254883
          },
          {
            "X": 0.6762877106666565,
            "Y": 0.6190242767333984
          },
          {
            "X": 0.5926192402839661,
            "Y": 0.6188075542449951
          }
        ]
      },
      "Id": "01fbffb7-78cc-4256-ae86-21aeb6c9db86",
      "Relationships": [
        {
          "Type": "CHILD",
          "Ids": [
            "846968c6-eb87-4567-941d-cb1188d9c198"
          ]
        }
      ],
      "Page": 1
    },
    {
      "BlockType": "CELL",
      "Confidence": 86.181640625,
      "RowIndex": 7,
      "ColumnIndex": 5,
      "RowSpan": 1,
      "ColumnSpan": 1,
      "Geometry": {
        "BoundingBox": {
          "Width": 0.09340420365333557,
          "Height": 0.03297983109951019,
          "Left": 0.6760157346725464,
          "Top": 0.5862855911254883
        },
        "Polygon": [
          {
            "X": 0.6760157346725464,
            "Y": 0.5862855911254883
          },
          {
            "X": 0.7691284418106079,
            "Y": 0.5865223407745361
          },
          {
            "X": 0.7694199085235596,
            "Y": 0.6192654371261597
          },
          {
            "X": 0.6762877106666565,
            "Y": 0.6190242767333984
          }
        ]
      },
      "Id": "c7d77e83-ac04-401a-a7de-90e706726dfc",
      "Page": 1
    }
  ],
  "AnalyzeDocumentModelVersion": "1.0"
}