"'Material","'Composition","'Manufacturer",
"'IPS d.SIGN","'SiO2: 50-65 wt%, Al2O3, K20, Na20, CaO, P2O5, F, Li20, ZrO and pigments (fluorapatite leucite glass- ceramic) Lot: K33292","'Ivoclar Vivadent, Schaan, Liechtenstein",
"'IPS e.Max Press","'SiO2, Li20, K2O, MgO, ZnO, Al2O3, PO and other oxides (lithium disilicate glass-ceramic) Lot: M72418","'Ivoclar Vivadent, Schaan, Liechtenstein",
"'RelyX ARC","'TEGDMA, bis-GMA, zirconia/silica filler (67.5 wt%) initiators Lot: FY8HX","'3M ESPE, St Paul, MN, USA",
"'RelyX U100","'Phosphoric acid methacrylates, dimethacrylates, inorganic fillers (72 wt%), fumed silica, initiators Lot: CA3RW","'3M ESPE, St Paul, MN, USA",
"'Panavia F","'Paste A: 10-MDP, hydrophilic and hydrophobic dimetacrilates, benzoyl peroxide, camphorquinone, colloidal silica Lot: 249D Paste B: Sodium Fluoride, hydrophilic and hydrophobic dimetacrilates, d-p-tol, T-sulfinate, colloidal silica, barium glass, titanium dioxide Lot: 26D","'Kuraray, Osaka, Japan",
"'Adper Scothbond multi-pur- pose plus","'Adhesive: bis-GMA, HEMA, photo-initiators, amines Lot: 9CC Catalyst: bis-GMA, HEMA, peroxides Lot: 9RL","'3M ESPE, St Paul, MN, USA",
"'Clearfil SE bond","'Primer: HEMA,10-MDP, Hydrophilic aliphatic dimethacrylate, dl-Camphorquinone, Water, Accel- erators Lot: 01714-A Bond: 10-MDP, Bis-GMA, HEMA, Hydrophobic dimethacrylate dI-Camphorquinone,d-p-tol, colloidal silica Lot: 07706-A","'Kuraray, Osaka, Japan",
"'ED primer","'Primer A: HEMA, 10-MDP, N-methacryloyl-5-aminosalicylic acid, diethanol-p-toluidine, water Lot: 00226A Primer B: N-methacryloyl-5-aminosalicylic acid, T-sulfinate, diethanol-p-toluidine, water Lot: 00105A","'Kuraray, Osaka, Japan",
"'Ceramic primer","'Ethyl alcohol, water, Methacryloxypropyltrimethoxysilane Lot: 8YH","'3M ESPE, St Paul, MN, USA",
"'Clearfil porcelain Bond activator","'3-Trimethoxysilylpropyl methacrylate, hydrophobic aromatic dimethacrylate Lot: 00208B","'Kuraray, Osaka, Japan",
,,

'Confidence Scores % (Table Cell)
"'94.23828125","'95.75195313","'92.28515625",
"'89.69726563","'91.11328125","'87.84179688",
"'76.80664063","'78.02734375","'75.24414063",
"'40.47851563","'41.13769531","'40.55175781",
"'42.79785156","'43.50585938","'40.55175781",
"'65.47851563","'66.55273438","'64.16015625",
"'66.30859375","'67.38281250","'64.94140625",
"'60.44921875","'61.42578125","'59.17968750",
"'49.02343750","'49.82910156","'48.02246094",
"'76.95312500","'78.17382813","'75.34179688",
"'93.06640625","'94.58007813","'91.16210938",
