"'Material","'Manufacturer","'Composition","'Lot. no",
"'PEEK","'nt-trading, Karlsruhe, Germany","'Ceramic filled (20%) polyether ether ketone","'11DK14001",
"'RelyX ARC","'3M ESPE, Seefeld, Germany","'Bis-GMA, MMA,TEGDMA siliziumdioxide, benzoylperoxide,UV-P, silanised ceramic particles","'N199496",
"'Variolink II","'Ivoclar Vivadent, Schaan, Liechtenstein","'Bis-GMA, TEGDMA, UDMA, dibenzoylperoxide,","'Base R35481 Catalyst P84939",
"'Clearfil SA cement","'Kuraray Dental Co. Ltd., Osaka, Japan","'Bifunctional molecules based on self-adhesive MDP-Monomer (acidic methacrylate)","'0057BB",
,,,

'Confidence Scores % (Table Cell)
"'87.30468750","'91.35742188","'94.87304688","'88.08593750",
"'62.59765625","'65.52734375","'68.06640625","'63.18359375",
"'77.92968750","'81.54296875","'84.66796875","'78.61328125",
"'77.73437500","'81.34765625","'84.47265625","'78.46679688",
"'81.73828125","'85.54687500","'88.81835938","'82.47070313",
