{
  "DocumentMetadata": {
    "Pages": 1
  },
  "JobStatus": "SUCCEEDED",
  "Blocks": [
    {
      "BlockType": "PAGE",
      "Geometry": {
        "BoundingBox": {
          "Width": 0.5483421087265015,
          "Height": 0.2737812101840973,
          "Left": 0.2237011194229126,
          "Top": 0.3625761568546295
        },
        "Polygon": [
          {
            "X": 0.2243620604276657,
            "Y": 0.3625761568546295
          },
          {
            "X": 0.7720432281494141,
            "Y": 0.36377689242362976
          },
          {
            "X": 0.7720023393630981,
            "Y": 0.6363573670387268
          },
          {
            "X": 0.2237011194229126,
            "Y": 0.6350061893463135
          }
        ]
      },
      "Id": "b2ecedab-eabb-455b-9b4d-ed801faaadf1",
      "Relationships": [
        {
          "Type": "CHILD",
          "Ids": [
            "d9254863-9717-40fe-868d-57b7fc634ebb",
            "2d46e97e-cd55-4754-b49e-281d09c945c3",
            "3d37fec8-9cd8-4c3c-ab6b-ab89b1210a61",
            "d8f641a4-17a7-4508-a66c-42475f752c63",
            "2fa973b6-5bb6-4b96-a6ad-e322ed336408",
            "2f1ccbbf-8135-4548-b8ba-92591e011a12",
            "ba942cb1-4c67-4a2c-a82a-0f41c835d7e9",
            "bb04df9d-4e67-4e38-a611-dd53d74c7050",
            "dca33689-957e-4901-8647-d984c1747494",
            "a584e427-3eb5-47e4-8b81-9456ca7efd18",
            "b3a71f94-d682-41a9-adf8-ca89fcf13f9d",
            "b4d74773-98a7-48a1-9f59-7d56666a78ab",
            "e9712a93-c504-4bb9-b659-e17f06cc669e",
            "2225aeff-1017-459f-b019-8ca7c9921db9",
            "68a0d39c-eea2-4064-ab5f-38c5ed356aed",
            "0998faf9-02a2-4bed-8722-8303a9a89def",
            "5551d50f-870a-4928-971d-d39848ef4a14",
            "c889ee3c-1038-4075-be86-ea04d59dafc1",
            "ef4e36f9-98a1-43d3-a071-edb2bd6a5247",
            "c63360d6-7691-485a-bde4-40ab1d50e01b",
            "9dda8662-223b-46d9-acaf-5b16fee65a08",
            "5a2af403-3df7-4f84-b318-baa9198d856a",
            "05b5f4f7-1fe2-4ee3-8b6f-e3ec1129ced9",
            "53fb5375-5e8e-49f0-92a9-2f3675173d5a"
          ]
        }
      ],
      "Page": 1
    },
    {
      "BlockType": "LINE",
      "Confidence": 99.65074920654297,
      "Text": "Cods",
      "Geometry": {
        "BoundingBox": {
          "Width": 0.029234956949949265,
          "Height": 0.017380736768245697,
          "Left": 0.2473267912864685,
          "Top": 0.38778507709503174
        },
        "Polygon": [
          {
            "X": 0.24736712872982025,
            "Y": 0.38778507709503174
          },
          {
            "X": 0.2765617370605469,
            "Y": 0.3878498375415802
          },
          {
            "X": 0.27652350068092346,
            "Y": 0.40516582131385803
          },
          {
            "X": 0.2473267912864685,
            "Y": 0.40510058403015137
          }
        ]
      },
      "Id": "d9254863-9717-40fe-868d-57b7fc634ebb",
      "Relationships": [
        {
          "Type": "CHILD",
          "Ids": [
            "870686c4-4517-4573-8c9d-f2d512b198b5"
          ]
        }
      ],
      "Page": 1
    },
    {
      "BlockType": "LINE",
      "Confidence": 99.91813659667969,
      "Text": "Formula",
      "Geometry": {
        "BoundingBox": {
          "Width": 0.051024988293647766,
          "Height": 0.017704712226986885,
          "Left": 0.2975517511367798,
          "Top": 0.3875836730003357
        },
        "Polygon": [
          {
            "X": 0.2975890636444092,
            "Y": 0.3875836730003357
          },
          {
            "X": 0.34857672452926636,
            "Y": 0.3876967132091522
          },
          {
            "X": 0.3485431373119354,
            "Y": 0.4052883982658386
          },
          {
            "X": 0.2975517511367798,
            "Y": 0.4051744341850281
          }
        ]
      },
      "Id": "2d46e97e-cd55-4754-b49e-281d09c945c3",
      "Relationships": [
        {
          "Type": "CHILD",
          "Ids": [
            "4424b035-4801-4c8f-aa91-2a72b6432a38"
          ]
        }
      ],
      "Page": 1
    },
    {
      "BlockType": "LINE",
      "Confidence": 99.90571594238281,
      "Text": "Tensile strength",
      "Geometry": {
        "BoundingBox": {
          "Width": 0.09755036979913712,
          "Height": 0.02241058275103569,
          "Left": 0.5155106782913208,
          "Top": 0.3874686360359192
        },
        "Polygon": [
          {
            "X": 0.515537679195404,
            "Y": 0.3874686360359192
          },
          {
            "X": 0.6130610704421997,
            "Y": 0.38768482208251953
          },
          {
            "X": 0.6130430698394775,
            "Y": 0.40987923741340637
          },
          {
            "X": 0.5155106782913208,
            "Y": 0.40966087579727173
          }
        ]
      },
      "Id": "3d37fec8-9cd8-4c3c-ab6b-ab89b1210a61",
      "Relationships": [
        {
          "Type": "CHILD",
          "Ids": [
            "be7815e1-0ee5-4ba6-bd9c-494f89e5f606",
            "a6e232fe-923b-4ea8-b66f-d32e9e52dc28"
          ]
        }
      ],
      "Page": 1
    },
    {
      "BlockType": "LINE",
      "Confidence": 99.9505844116211,
      "Text": "Elongation at break",
      "Geometry": {
        "BoundingBox": {
          "Width": 0.12057308107614517,
          "Height": 0.02324821613729,
          "Left": 0.6385977268218994,
          "Top": 0.3869115710258484
        },
        "Polygon": [
          {
            "X": 0.6386139392852783,
            "Y": 0.3869115710258484
          },
          {
            "X": 0.7591708302497864,
            "Y": 0.3871786892414093
          },
          {
            "X": 0.7591661810874939,
            "Y": 0.41015979647636414
          },
          {
            "X": 0.6385977268218994,
            "Y": 0.4098898768424988
          }
        ]
      },
      "Id": "d8f641a4-17a7-4508-a66c-42475f752c63",
      "Relationships": [
        {
          "Type": "CHILD",
          "Ids": [
            "ff8f40b9-a60d-4aa2-be15-76fc92e10538",
            "e3876cac-6d7a-411f-8aa5-6e8c52f2b338",
            "7ee2f9a6-2798-4953-85aa-9cf95122af9c"
          ]
        }
      ],
      "Page": 1
    },
    {
      "BlockType": "LINE",
      "Confidence": 99.87694549560547,
      "Text": "(MPa)",
      "Geometry": {
        "BoundingBox": {
          "Width": 0.036854322999715805,
          "Height": 0.020505940541625023,
          "Left": 0.5161908268928528,
          "Top": 0.4161660075187683
        },
        "Polygon": [
          {
            "X": 0.5162155628204346,
            "Y": 0.4161660075187683
          },
          {
            "X": 0.5530451536178589,
            "Y": 0.41624870896339417
          },
          {
            "X": 0.5530235171318054,
            "Y": 0.4366719424724579
          },
          {
            "X": 0.5161908268928528,
            "Y": 0.43658849596977234
          }
        ]
      },
      "Id": "2fa973b6-5bb6-4b96-a6ad-e322ed336408",
      "Relationships": [
        {
          "Type": "CHILD",
          "Ids": [
            "3ac68337-d8ed-4736-8c6c-6f15a876ec10"
          ]
        }
      ],
      "Page": 1
    },
    {
      "BlockType": "LINE",
      "Confidence": 99.87205505371094,
      "Text": "(%)",
      "Geometry": {
        "BoundingBox": {
          "Width": 0.021238235756754875,
          "Height": 0.02044033631682396,
          "Left": 0.6391751170158386,
          "Top": 0.41618937253952026
        },
        "Polygon": [
          {
            "X": 0.6391894817352295,
            "Y": 0.41618937253952026
          },
          {
            "X": 0.660413384437561,
            "Y": 0.4162369966506958
          },
          {
            "X": 0.6604008674621582,
            "Y": 0.4366297125816345
          },
          {
            "X": 0.6391751170158386,
            "Y": 0.4365816116333008
          }
        ]
      },
      "Id": "2f1ccbbf-8135-4548-b8ba-92591e011a12",
      "Relationships": [
        {
          "Type": "CHILD",
          "Ids": [
            "3bfcc74b-dbfd-40f3-94f8-bdd66a8e186d"
          ]
        }
      ],
      "Page": 1
    },
    {
      "BlockType": "LINE",
      "Confidence": 99.93047332763672,
      "Text": "A",
      "Geometry": {
        "BoundingBox": {
          "Width": 0.009798184037208557,
          "Height": 0.016482358798384666,
          "Left": 0.24686940014362335,
          "Top": 0.4738972783088684
        },
        "Polygon": [
          {
            "X": 0.2469077855348587,
            "Y": 0.4738972783088684
          },
          {
            "X": 0.2566675841808319,
            "Y": 0.47391974925994873
          },
          {
            "X": 0.2566298842430115,
            "Y": 0.4903796315193176
          },
          {
            "X": 0.24686940014362335,
            "Y": 0.490356981754303
          }
        ]
      },
      "Id": "ba942cb1-4c67-4a2c-a82a-0f41c835d7e9",
      "Relationships": [
        {
          "Type": "CHILD",
          "Ids": [
            "7779326a-235a-4b4c-ad48-7d5646e2cfb7"
          ]
        }
      ],
      "Page": 1
    },
    {
      "BlockType": "LINE",
      "Confidence": 92.97097778320312,
      "Text": "DGEPEG:DGEBA/APEG:IPDA",
      "Geometry": {
        "BoundingBox": {
          "Width": 0.17571347951889038,
          "Height": 0.018699325621128082,
          "Left": 0.29796653985977173,
          "Top": 0.47343745827674866
        },
        "Polygon": [
          {
            "X": 0.2980053126811981,
            "Y": 0.47343745827674866
          },
          {
            "X": 0.4736800193786621,
            "Y": 0.4738420248031616
          },
          {
            "X": 0.4736545979976654,
            "Y": 0.49213680624961853
          },
          {
            "X": 0.29796653985977173,
            "Y": 0.4917289912700653
          }
        ]
      },
      "Id": "bb04df9d-4e67-4e38-a611-dd53d74c7050",
      "Relationships": [
        {
          "Type": "CHILD",
          "Ids": [
            "1e3cdf7e-4274-42d4-bfc5-b64e375a0359"
          ]
        }
      ],
      "Page": 1
    },
    {
      "BlockType": "LINE",
      "Confidence": 99.98644256591797,
      "Text": "0.69",
      "Geometry": {
        "BoundingBox": {
          "Width": 0.026984594762325287,
          "Height": 0.01673906296491623,
          "Left": 0.5160288214683533,
          "Top": 0.4740166664123535
        },
        "Polygon": [
          {
            "X": 0.5160490274429321,
            "Y": 0.4740166664123535
          },
          {
            "X": 0.5430133938789368,
            "Y": 0.4740787446498871
          },
          {
            "X": 0.542995035648346,
            "Y": 0.49075570702552795
          },
          {
            "X": 0.5160288214683533,
            "Y": 0.49069318175315857
          }
        ]
      },
      "Id": "dca33689-957e-4901-8647-d984c1747494",
      "Relationships": [
        {
          "Type": "CHILD",
          "Ids": [
            "a29ed3be-550e-4894-bad9-b5ffc295354d"
          ]
        }
      ],
      "Page": 1
    },
    {
      "BlockType": "LINE",
      "Confidence": 99.94954681396484,
      "Text": "21",
      "Geometry": {
        "BoundingBox": {
          "Width": 0.014133826829493046,
          "Height": 0.016988422721624374,
          "Left": 0.6387779712677002,
          "Top": 0.47387078404426575
        },
        "Polygon": [
          {
            "X": 0.6387898921966553,
            "Y": 0.47387078404426575
          },
          {
            "X": 0.6529117822647095,
            "Y": 0.4739032983779907
          },
          {
            "X": 0.6529008150100708,
            "Y": 0.49085918068885803
          },
          {
            "X": 0.6387779712677002,
            "Y": 0.49082642793655396
          }
        ]
      },
      "Id": "a584e427-3eb5-47e4-8b81-9456ca7efd18",
      "Relationships": [
        {
          "Type": "CHILD",
          "Ids": [
            "01079445-6a14-4090-8f96-506fe549e364"
          ]
        }
      ],
      "Page": 1
    },
    {
      "BlockType": "LINE",
      "Confidence": 99.04199981689453,
      "Text": "B",
      "Geometry": {
        "BoundingBox": {
          "Width": 0.008603950031101704,
          "Height": 0.017041979357600212,
          "Left": 0.24710452556610107,
          "Top": 0.5034331679344177
        },
        "Polygon": [
          {
            "X": 0.2471441775560379,
            "Y": 0.5034331679344177
          },
          {
            "X": 0.2557084858417511,
            "Y": 0.5034531354904175
          },
          {
            "X": 0.25566941499710083,
            "Y": 0.5204751491546631
          },
          {
            "X": 0.24710452556610107,
            "Y": 0.520455002784729
          }
        ]
      },
      "Id": "b3a71f94-d682-41a9-adf8-ca89fcf13f9d",
      "Relationships": [
        {
          "Type": "CHILD",
          "Ids": [
            "06b667b5-bea9-41ec-882c-0f7b4b506524"
          ]
        }
      ],
      "Page": 1
    },
    {
      "BlockType": "LINE",
      "Confidence": 98.84190368652344,
      "Text": "DGEPEG/IPDA",
      "Geometry": {
        "BoundingBox": {
          "Width": 0.0911732167005539,
          "Height": 0.017584143206477165,
          "Left": 0.29752451181411743,
          "Top": 0.5038868188858032
        },
        "Polygon": [
          {
            "X": 0.2975613474845886,
            "Y": 0.5038868188858032
          },
          {
            "X": 0.3886977434158325,
            "Y": 0.504099428653717
          },
          {
            "X": 0.3886674642562866,
            "Y": 0.5214709639549255
          },
          {
            "X": 0.29752451181411743,
            "Y": 0.521256685256958
          }
        ]
      },
      "Id": "b4d74773-98a7-48a1-9f59-7d56666a78ab",
      "Relationships": [
        {
          "Type": "CHILD",
          "Ids": [
            "ac92185c-45b7-45f6-8398-3e27103a739e"
          ]
        }
      ],
      "Page": 1
    },
    {
      "BlockType": "LINE",
      "Confidence": 94.5671615600586,
      "Text": "0.60",
      "Geometry": {
        "BoundingBox": {
          "Width": 0.026723386719822884,
          "Height": 0.01651970110833645,
          "Left": 0.516042172908783,
          "Top": 0.5037205219268799
        },
        "Polygon": [
          {
            "X": 0.5160621404647827,
            "Y": 0.5037205219268799
          },
          {
            "X": 0.5427655577659607,
            "Y": 0.5037828087806702
          },
          {
            "X": 0.542747437953949,
            "Y": 0.5202402472496033
          },
          {
            "X": 0.516042172908783,
            "Y": 0.5201774835586548
          }
        ]
      },
      "Id": "e9712a93-c504-4bb9-b659-e17f06cc669e",
      "Relationships": [
        {
          "Type": "CHILD",
          "Ids": [
            "9f864770-9592-4b0e-8ddc-2db2950f719d"
          ]
        }
      ],
      "Page": 1
    },
    {
      "BlockType": "LINE",
      "Confidence": 99.97240447998047,
      "Text": "23",
      "Geometry": {
        "BoundingBox": {
          "Width": 0.014841603115200996,
          "Height": 0.016897205263376236,
          "Left": 0.6387755274772644,
          "Top": 0.5033835172653198
        },
        "Polygon": [
          {
            "X": 0.6387873888015747,
            "Y": 0.5033835172653198
          },
          {
            "X": 0.6536171436309814,
            "Y": 0.5034180879592896
          },
          {
            "X": 0.6536062955856323,
            "Y": 0.5202807188034058
          },
          {
            "X": 0.6387755274772644,
            "Y": 0.5202459096908569
          }
        ]
      },
      "Id": "2225aeff-1017-459f-b019-8ca7c9921db9",
      "Relationships": [
        {
          "Type": "CHILD",
          "Ids": [
            "0b4cc5ab-f3aa-4b5e-a22e-c16b449c2755"
          ]
        }
      ],
      "Page": 1
    },
    {
      "BlockType": "LINE",
      "Confidence": 93.04364013671875,
      "Text": "C",
      "Geometry": {
        "BoundingBox": {
          "Width": 0.009383897297084332,
          "Height": 0.017628027126193047,
          "Left": 0.24713347852230072,
          "Top": 0.5326106548309326
        },
        "Polygon": [
          {
            "X": 0.2471744865179062,
            "Y": 0.5326106548309326
          },
          {
            "X": 0.2565173804759979,
            "Y": 0.5326327085494995
          },
          {
            "X": 0.256477028131485,
            "Y": 0.5502386689186096
          },
          {
            "X": 0.24713347852230072,
            "Y": 0.5502164363861084
          }
        ]
      },
      "Id": "68a0d39c-eea2-4064-ab5f-38c5ed356aed",
      "Relationships": [
        {
          "Type": "CHILD",
          "Ids": [
            "14a7a534-b4ce-474c-a0c6-ced21afaf533"
          ]
        }
      ],
      "Page": 1
    },
    {
      "BlockType": "LINE",
      "Confidence": 99.46508026123047,
      "Text": "DGEBA/APEG",
      "Geometry": {
        "BoundingBox": {
          "Width": 0.0861067920923233,
          "Height": 0.01859143376350403,
          "Left": 0.297586590051651,
          "Top": 0.5329829454421997
        },
        "Polygon": [
          {
            "X": 0.2976255714893341,
            "Y": 0.5329829454421997
          },
          {
            "X": 0.3836933672428131,
            "Y": 0.5331862568855286
          },
          {
            "X": 0.3836609721183777,
            "Y": 0.5515743494033813
          },
          {
            "X": 0.297586590051651,
            "Y": 0.5513694286346436
          }
        ]
      },
      "Id": "0998faf9-02a2-4bed-8722-8303a9a89def",
      "Relationships": [
        {
          "Type": "CHILD",
          "Ids": [
            "0ee21520-7de3-4b8b-8e45-9329640681c2"
          ]
        }
      ],
      "Page": 1
    },
    {
      "BlockType": "LINE",
      "Confidence": 98.1095199584961,
      "Text": "0.65",
      "Geometry": {
        "BoundingBox": {
          "Width": 0.026709558442234993,
          "Height": 0.016750110313296318,
          "Left": 0.5160979628562927,
          "Top": 0.5333491563796997
        },
        "Polygon": [
          {
            "X": 0.5161181688308716,
            "Y": 0.5333491563796997
          },
          {
            "X": 0.5428075194358826,
            "Y": 0.5334122180938721
          },
          {
            "X": 0.542789101600647,
            "Y": 0.55009925365448
          },
          {
            "X": 0.5160979628562927,
            "Y": 0.5500357747077942
          }
        ]
      },
      "Id": "5551d50f-870a-4928-971d-d39848ef4a14",
      "Relationships": [
        {
          "Type": "CHILD",
          "Ids": [
            "c9129123-a684-480a-b02c-9504fb9c6daa"
          ]
        }
      ],
      "Page": 1
    },
    {
      "BlockType": "LINE",
      "Confidence": 99.96827697753906,
      "Text": "23",
      "Geometry": {
        "BoundingBox": {
          "Width": 0.014749174006283283,
          "Height": 0.016988178715109825,
          "Left": 0.6388170123100281,
          "Top": 0.5332096219062805
        },
        "Polygon": [
          {
            "X": 0.6388289332389832,
            "Y": 0.5332096219062805
          },
          {
            "X": 0.6535661816596985,
            "Y": 0.5332443714141846
          },
          {
            "X": 0.6535552740097046,
            "Y": 0.5501977801322937
          },
          {
            "X": 0.6388170123100281,
            "Y": 0.5501627326011658
          }
        ]
      },
      "Id": "c889ee3c-1038-4075-be86-ea04d59dafc1",
      "Relationships": [
        {
          "Type": "CHILD",
          "Ids": [
            "02fbb704-fde1-4f52-97a8-4902bdf51dee"
          ]
        }
      ],
      "Page": 1
    },
    {
      "BlockType": "LINE",
      "Confidence": 99.92298889160156,
      "Text": "D",
      "Geometry": {
        "BoundingBox": {
          "Width": 0.009665693156421185,
          "Height": 0.016335472464561462,
          "Left": 0.24710847437381744,
          "Top": 0.5629577040672302
        },
        "Polygon": [
          {
            "X": 0.24714647233486176,
            "Y": 0.5629577040672302
          },
          {
            "X": 0.2567741572856903,
            "Y": 0.5629807114601135
          },
          {
            "X": 0.2567368149757385,
            "Y": 0.5792931914329529
          },
          {
            "X": 0.24710847437381744,
            "Y": 0.5792700052261353
          }
        ]
      },
      "Id": "ef4e36f9-98a1-43d3-a071-edb2bd6a5247",
      "Relationships": [
        {
          "Type": "CHILD",
          "Ids": [
            "312fcb7e-cd83-4d8c-a208-68df4befdce3"
          ]
        }
      ],
      "Page": 1
    },
    {
      "BlockType": "LINE",
      "Confidence": 89.5921401977539,
      "Text": "DGEPEG:DGEBA/APEG:IPDA/",
      "Geometry": {
        "BoundingBox": {
          "Width": 0.18480849266052246,
          "Height": 0.01891767419874668,
          "Left": 0.2975718677043915,
          "Top": 0.5623829960823059
        },
        "Polygon": [
          {
            "X": 0.2976110279560089,
            "Y": 0.5623829960823059
          },
          {
            "X": 0.48238036036491394,
            "Y": 0.5628249049186707
          },
          {
            "X": 0.48235535621643066,
            "Y": 0.581300675868988
          },
          {
            "X": 0.2975718677043915,
            "Y": 0.5808553099632263
          }
        ]
      },
      "Id": "c63360d6-7691-485a-bde4-40ab1d50e01b",
      "Relationships": [
        {
          "Type": "CHILD",
          "Ids": [
            "5ced7dfc-e15c-4912-a897-1a44448a83dd"
          ]
        }
      ],
      "Page": 1
    },
    {
      "BlockType": "LINE",
      "Confidence": 99.81913757324219,
      "Text": "1.11",
      "Geometry": {
        "BoundingBox": {
          "Width": 0.024909211322665215,
          "Height": 0.01674315333366394,
          "Left": 0.5167691111564636,
          "Top": 0.5629564523696899
        },
        "Polygon": [
          {
            "X": 0.5167892575263977,
            "Y": 0.5629564523696899
          },
          {
            "X": 0.5416783094406128,
            "Y": 0.5630159974098206
          },
          {
            "X": 0.5416598320007324,
            "Y": 0.5796995759010315
          },
          {
            "X": 0.5167691111564636,
            "Y": 0.5796396732330322
          }
        ]
      },
      "Id": "9dda8662-223b-46d9-acaf-5b16fee65a08",
      "Relationships": [
        {
          "Type": "CHILD",
          "Ids": [
            "bca4ddd7-63b2-4e1f-867e-500c18be8278"
          ]
        }
      ],
      "Page": 1
    },
    {
      "BlockType": "LINE",
      "Confidence": 99.9643783569336,
      "Text": "29",
      "Geometry": {
        "BoundingBox": {
          "Width": 0.01493244618177414,
          "Height": 0.01713407412171364,
          "Left": 0.6387611627578735,
          "Top": 0.563093364238739
        },
        "Polygon": [
          {
            "X": 0.6387732028961182,
            "Y": 0.563093364238739
          },
          {
            "X": 0.6536936163902283,
            "Y": 0.5631290674209595
          },
          {
            "X": 0.6536826491355896,
            "Y": 0.5802274346351624
          },
          {
            "X": 0.6387611627578735,
            "Y": 0.5801914930343628
          }
        ]
      },
      "Id": "5a2af403-3df7-4f84-b318-baa9198d856a",
      "Relationships": [
        {
          "Type": "CHILD",
          "Ids": [
            "fee0cf03-fc8a-4d76-a6d6-9c975f4c9614"
          ]
        }
      ],
      "Page": 1
    },
    {
      "BlockType": "LINE",
      "Confidence": 86.98260498046875,
      "Text": "5.0 wt% SiO2",
      "Geometry": {
        "BoundingBox": {
          "Width": 0.08090388029813766,
          "Height": 0.019906017929315567,
          "Left": 0.2978041172027588,
          "Top": 0.5921294689178467
        },
        "Polygon": [
          {
            "X": 0.29784590005874634,
            "Y": 0.5921294689178467
          },
          {
            "X": 0.37870800495147705,
            "Y": 0.5923252701759338
          },
          {
            "X": 0.37867286801338196,
            "Y": 0.6120355129241943
          },
          {
            "X": 0.2978041172027588,
            "Y": 0.6118381023406982
          }
        ]
      },
      "Id": "05b5f4f7-1fe2-4ee3-8b6f-e3ec1129ced9",
      "Relationships": [
        {
          "Type": "CHILD",
          "Ids": [
            "b113772b-544b-460c-8a2b-4d8c850d830e",
            "d3910f23-73ed-48bd-988d-5085c3471ae2",
            "18d3c2b8-eb56-46fd-b79a-1101e0489d95"
          ]
        }
      ],
      "Page": 1
    },
    {
      "BlockType": "WORD",
      "Confidence": 99.65074920654297,
      "Text": "Cods",
      "TextType": "PRINTED",
      "Geometry": {
        "BoundingBox": {
          "Width": 0.029234956949949265,
          "Height": 0.017380736768245697,
          "Left": 0.2473267912864685,
          "Top": 0.38778507709503174
        },
        "Polygon": [
          {
            "X": 0.24736712872982025,
            "Y": 0.38778507709503174
          },
          {
            "X": 0.2765617370605469,
            "Y": 0.3878498375415802
          },
          {
            "X": 0.27652350068092346,
            "Y": 0.40516582131385803
          },
          {
            "X": 0.2473267912864685,
            "Y": 0.40510058403015137
          }
        ]
      },
      "Id": "870686c4-4517-4573-8c9d-f2d512b198b5",
      "Page": 1
    },
    {
      "BlockType": "WORD",
      "Confidence": 99.91813659667969,
      "Text": "Formula",
      "TextType": "PRINTED",
      "Geometry": {
        "BoundingBox": {
          "Width": 0.051024988293647766,
          "Height": 0.017704712226986885,
          "Left": 0.2975517511367798,
          "Top": 0.3875836730003357
        },
        "Polygon": [
          {
            "X": 0.2975890636444092,
            "Y": 0.3875836730003357
          },
          {
            "X": 0.34857672452926636,
            "Y": 0.3876967132091522
          },
          {
            "X": 0.3485431373119354,
            "Y": 0.4052883982658386
          },
          {
            "X": 0.2975517511367798,
            "Y": 0.4051744341850281
          }
        ]
      },
      "Id": "4424b035-4801-4c8f-aa91-2a72b6432a38",
      "Page": 1
    },
    {
      "BlockType": "WORD",
      "Confidence": 99.91499328613281,
      "Text": "Tensile",
      "TextType": "PRINTED",
      "Geometry": {
        "BoundingBox": {
          "Width": 0.043873414397239685,
          "Height": 0.01780758425593376,
          "Left": 0.5155161619186401,
          "Top": 0.3874686360359192
        },
        "Polygon": [
          {
            "X": 0.515537679195404,
            "Y": 0.3874686360359192
          },
          {
            "X": 0.5593895316123962,
            "Y": 0.38756585121154785
          },
          {
            "X": 0.5593712329864502,
            "Y": 0.40527623891830444
          },
          {
            "X": 0.5155161619186401,
            "Y": 0.4051782488822937
          }
        ]
      },
      "Id": "be7815e1-0ee5-4ba6-bd9c-494f89e5f606",
      "Page": 1
    },
    {
      "BlockType": "WORD",
      "Confidence": 99.89644622802734,
      "Text": "strength",
      "TextType": "PRINTED",
      "Geometry": {
        "BoundingBox": {
          "Width": 0.04972885921597481,
          "Height": 0.022239025682210922,
          "Left": 0.5633321404457092,
          "Top": 0.38764020800590515
        },
        "Polygon": [
          {
            "X": 0.5633546710014343,
            "Y": 0.38764020800590515
          },
          {
            "X": 0.6130610108375549,
            "Y": 0.38775038719177246
          },
          {
            "X": 0.6130430698394775,
            "Y": 0.40987923741340637
          },
          {
            "X": 0.5633321404457092,
            "Y": 0.40976792573928833
          }
        ]
      },
      "Id": "a6e232fe-923b-4ea8-b66f-d32e9e52dc28",
      "Page": 1
    },
    {
      "BlockType": "WORD",
      "Confidence": 99.89971923828125,
      "Text": "Elongation",
      "TextType": "PRINTED",
      "Geometry": {
        "BoundingBox": {
          "Width": 0.06578744947910309,
          "Height": 0.022190438583493233,
          "Left": 0.6385977268218994,
          "Top": 0.3878466784954071
        },
        "Polygon": [
          {
            "X": 0.6386132836341858,
            "Y": 0.3878466784954071
          },
          {
            "X": 0.7043852210044861,
            "Y": 0.3879925012588501
          },
          {
            "X": 0.704375684261322,
            "Y": 0.4100371301174164
          },
          {
            "X": 0.6385977268218994,
            "Y": 0.4098898768424988
          }
        ]
      },
      "Id": "ff8f40b9-a60d-4aa2-be15-76fc92e10538",
      "Page": 1
    },
    {
      "BlockType": "WORD",
      "Confidence": 99.97639465332031,
      "Text": "at",
      "TextType": "PRINTED",
      "Geometry": {
        "BoundingBox": {
          "Width": 0.012167857959866524,
          "Height": 0.014558149501681328,
          "Left": 0.7085996866226196,
          "Top": 0.39045149087905884
        },
        "Polygon": [
          {
            "X": 0.7086057066917419,
            "Y": 0.39045149087905884
          },
          {
            "X": 0.7207675576210022,
            "Y": 0.3904784917831421
          },
          {
            "X": 0.7207622528076172,
            "Y": 0.4050096273422241
          },
          {
            "X": 0.7085996866226196,
            "Y": 0.40498247742652893
          }
        ]
      },
      "Id": "e3876cac-6d7a-411f-8aa5-6e8c52f2b338",
      "Page": 1
    },
    {
      "BlockType": "WORD",
      "Confidence": 99.97562408447266,
      "Text": "break",
      "TextType": "PRINTED",
      "Geometry": {
        "BoundingBox": {
          "Width": 0.03444754332304001,
          "Height": 0.01812714710831642,
          "Left": 0.7247232794761658,
          "Top": 0.3871023952960968
        },
        "Polygon": [
          {
            "X": 0.7247295379638672,
            "Y": 0.3871023952960968
          },
          {
            "X": 0.7591708302497864,
            "Y": 0.3871786892414093
          },
          {
            "X": 0.7591671347618103,
            "Y": 0.4052295386791229
          },
          {
            "X": 0.7247232794761658,
            "Y": 0.4051525890827179
          }
        ]
      },
      "Id": "7ee2f9a6-2798-4953-85aa-9cf95122af9c",
      "Page": 1
    },
    {
      "BlockType": "WORD",
      "Confidence": 99.87694549560547,
      "Text": "(MPa)",
      "TextType": "PRINTED",
      "Geometry": {
        "BoundingBox": {
          "Width": 0.036854322999715805,
          "Height": 0.020505940541625023,
          "Left": 0.5161908268928528,
          "Top": 0.4161660075187683
        },
        "Polygon": [
          {
            "X": 0.5162155628204346,
            "Y": 0.4161660075187683
          },
          {
            "X": 0.5530451536178589,
            "Y": 0.41624870896339417
          },
          {
            "X": 0.5530235171318054,
            "Y": 0.4366719424724579
          },
          {
            "X": 0.5161908268928528,
            "Y": 0.43658849596977234
          }
        ]
      },
      "Id": "3ac68337-d8ed-4736-8c6c-6f15a876ec10",
      "Page": 1
    },
    {
      "BlockType": "WORD",
      "Confidence": 99.87205505371094,
      "Text": "(%)",
      "TextType": "PRINTED",
      "Geometry": {
        "BoundingBox": {
          "Width": 0.021238235756754875,
          "Height": 0.02044033631682396,
          "Left": 0.6391751170158386,
          "Top": 0.41618937253952026
        },
        "Polygon": [
          {
            "X": 0.6391894817352295,
            "Y": 0.41618937253952026
          },
          {
            "X": 0.660413384437561,
            "Y": 0.4162369966506958
          },
          {
            "X": 0.6604008674621582,
            "Y": 0.4366297125816345
          },
          {
            "X": 0.6391751170158386,
            "Y": 0.4365816116333008
          }
        ]
      },
      "Id": "3bfcc74b-dbfd-40f3-94f8-bdd66a8e186d",
      "Page": 1
    },
    {
      "BlockType": "WORD",
      "Confidence": 99.93047332763672,
      "Text": "A",
      "TextType": "PRINTED",
      "Geometry": {
        "BoundingBox": {
          "Width": 0.009798184037208557,
          "Height": 0.016482358798384666,
          "Left": 0.24686940014362335,
          "Top": 0.4738972783088684
        },
        "Polygon": [
          {
            "X": 0.2469077855348587,
            "Y": 0.4738972783088684
          },
          {
            "X": 0.2566675841808319,
            "Y": 0.47391974925994873
          },
          {
            "X": 0.2566298842430115,
            "Y": 0.4903796315193176
          },
          {
            "X": 0.24686940014362335,
            "Y": 0.490356981754303
          }
        ]
      },
      "Id": "7779326a-235a-4b4c-ad48-7d5646e2cfb7",
      "Page": 1
    },
    {
      "BlockType": "WORD",
      "Confidence": 92.97097778320312,
      "Text": "DGEPEG:DGEBA/APEG:IPDA",
      "TextType": "PRINTED",
      "Geometry": {
        "BoundingBox": {
          "Width": 0.17571347951889038,
          "Height": 0.018699325621128082,
          "Left": 0.29796653985977173,
          "Top": 0.47343745827674866
        },
        "Polygon": [
          {
            "X": 0.2980053126811981,
            "Y": 0.47343745827674866
          },
          {
            "X": 0.4736800193786621,
            "Y": 0.4738420248031616
          },
          {
            "X": 0.4736545979976654,
            "Y": 0.49213680624961853
          },
          {
            "X": 0.29796653985977173,
            "Y": 0.4917289912700653
          }
        ]
      },
      "Id": "1e3cdf7e-4274-42d4-bfc5-b64e375a0359",
      "Page": 1
    },
    {
      "BlockType": "WORD",
      "Confidence": 99.98644256591797,
      "Text": "0.69",
      "TextType": "PRINTED",
      "Geometry": {
        "BoundingBox": {
          "Width": 0.026984594762325287,
          "Height": 0.01673906296491623,
          "Left": 0.5160288214683533,
          "Top": 0.4740166664123535
        },
        "Polygon": [
          {
            "X": 0.5160490274429321,
            "Y": 0.4740166664123535
          },
          {
            "X": 0.5430133938789368,
            "Y": 0.4740787446498871
          },
          {
            "X": 0.542995035648346,
            "Y": 0.49075570702552795
          },
          {
            "X": 0.5160288214683533,
            "Y": 0.49069318175315857
          }
        ]
      },
      "Id": "a29ed3be-550e-4894-bad9-b5ffc295354d",
      "Page": 1
    },
    {
      "BlockType": "WORD",
      "Confidence": 99.94954681396484,
      "Text": "21",
      "TextType": "PRINTED",
      "Geometry": {
        "BoundingBox": {
          "Width": 0.014133826829493046,
          "Height": 0.016988422721624374,
          "Left": 0.6387779712677002,
          "Top": 0.47387078404426575
        },
        "Polygon": [
          {
            "X": 0.6387898921966553,
            "Y": 0.47387078404426575
          },
          {
            "X": 0.6529117822647095,
            "Y": 0.4739032983779907
          },
          {
            "X": 0.6529008150100708,
            "Y": 0.49085918068885803
          },
          {
            "X": 0.6387779712677002,
            "Y": 0.49082642793655396
          }
        ]
      },
      "Id": "01079445-6a14-4090-8f96-506fe549e364",
      "Page": 1
    },
    {
      "BlockType": "WORD",
      "Confidence": 99.04199981689453,
      "Text": "B",
      "TextType": "PRINTED",
      "Geometry": {
        "BoundingBox": {
          "Width": 0.008603950031101704,
          "Height": 0.017041979357600212,
          "Left": 0.24710452556610107,
          "Top": 0.5034331679344177
        },
        "Polygon": [
          {
            "X": 0.2471441775560379,
            "Y": 0.5034331679344177
          },
          {
            "X": 0.2557084858417511,
            "Y": 0.5034531354904175
          },
          {
            "X": 0.25566941499710083,
            "Y": 0.5204751491546631
          },
          {
            "X": 0.24710452556610107,
            "Y": 0.520455002784729
          }
        ]
      },
      "Id": "06b667b5-bea9-41ec-882c-0f7b4b506524",
      "Page": 1
    },
    {
      "BlockType": "WORD",
      "Confidence": 98.84190368652344,
      "Text": "DGEPEG/IPDA",
      "TextType": "PRINTED",
      "Geometry": {
        "BoundingBox": {
          "Width": 0.0911732167005539,
          "Height": 0.017584143206477165,
          "Left": 0.29752451181411743,
          "Top": 0.5038868188858032
        },
        "Polygon": [
          {
            "X": 0.2975613474845886,
            "Y": 0.5038868188858032
          },
          {
            "X": 0.3886977434158325,
            "Y": 0.504099428653717
          },
          {
            "X": 0.3886674642562866,
            "Y": 0.5214709639549255
          },
          {
            "X": 0.29752451181411743,
            "Y": 0.521256685256958
          }
        ]
      },
      "Id": "ac92185c-45b7-45f6-8398-3e27103a739e",
      "Page": 1
    },
    {
      "BlockType": "WORD",
      "Confidence": 94.5671615600586,
      "Text": "0.60",
      "TextType": "PRINTED",
      "Geometry": {
        "BoundingBox": {
          "Width": 0.026723386719822884,
          "Height": 0.01651970110833645,
          "Left": 0.516042172908783,
          "Top": 0.5037205219268799
        },
        "Polygon": [
          {
            "X": 0.5160621404647827,
            "Y": 0.5037205219268799
          },
          {
            "X": 0.5427655577659607,
            "Y": 0.5037828087806702
          },
          {
            "X": 0.542747437953949,
            "Y": 0.5202402472496033
          },
          {
            "X": 0.516042172908783,
            "Y": 0.5201774835586548
          }
        ]
      },
      "Id": "9f864770-9592-4b0e-8ddc-2db2950f719d",
      "Page": 1
    },
    {
      "BlockType": "WORD",
      "Confidence": 99.97240447998047,
      "Text": "23",
      "TextType": "PRINTED",
      "Geometry": {
        "BoundingBox": {
          "Width": 0.014841603115200996,
          "Height": 0.016897205263376236,
          "Left": 0.6387755274772644,
          "Top": 0.5033835172653198
        },
        "Polygon": [
          {
            "X": 0.6387873888015747,
            "Y": 0.5033835172653198
          },
          {
            "X": 0.6536171436309814,
            "Y": 0.5034180879592896
          },
          {
            "X": 0.6536062955856323,
            "Y": 0.5202807188034058
          },
          {
            "X": 0.6387755274772644,
            "Y": 0.5202459096908569
          }
        ]
      },
      "Id": "0b4cc5ab-f3aa-4b5e-a22e-c16b449c2755",
      "Page": 1
    },
    {
      "BlockType": "WORD",
      "Confidence": 93.04364013671875,
      "Text": "C",
      "TextType": "PRINTED",
      "Geometry": {
        "BoundingBox": {
          "Width": 0.009383897297084332,
          "Height": 0.017628027126193047,
          "Left": 0.24713347852230072,
          "Top": 0.5326106548309326
        },
        "Polygon": [
          {
            "X": 0.2471744865179062,
            "Y": 0.5326106548309326
          },
          {
            "X": 0.2565173804759979,
            "Y": 0.5326327085494995
          },
          {
            "X": 0.256477028131485,
            "Y": 0.5502386689186096
          },
          {
            "X": 0.24713347852230072,
            "Y": 0.5502164363861084
          }
        ]
      },
      "Id": "14a7a534-b4ce-474c-a0c6-ced21afaf533",
      "Page": 1
    },
    {
      "BlockType": "WORD",
      "Confidence": 99.46508026123047,
      "Text": "DGEBA/APEG",
      "TextType": "PRINTED",
      "Geometry": {
        "BoundingBox": {
          "Width": 0.0861067920923233,
          "Height": 0.01859143376350403,
          "Left": 0.297586590051651,
          "Top": 0.5329829454421997
        },
        "Polygon": [
          {
            "X": 0.2976255714893341,
            "Y": 0.5329829454421997
          },
          {
            "X": 0.3836933672428131,
            "Y": 0.5331862568855286
          },
          {
            "X": 0.3836609721183777,
            "Y": 0.5515743494033813
          },
          {
            "X": 0.297586590051651,
            "Y": 0.5513694286346436
          }
        ]
      },
      "Id": "0ee21520-7de3-4b8b-8e45-9329640681c2",
      "Page": 1
    },
    {
      "BlockType": "WORD",
      "Confidence": 98.1095199584961,
      "Text": "0.65",
      "TextType": "PRINTED",
      "Geometry": {
        "BoundingBox": {
          "Width": 0.026709558442234993,
          "Height": 0.016750110313296318,
          "Left": 0.5160979628562927,
          "Top": 0.5333491563796997
        },
        "Polygon": [
          {
            "X": 0.5161181688308716,
            "Y": 0.5333491563796997
          },
          {
            "X": 0.5428075194358826,
            "Y": 0.5334122180938721
          },
          {
            "X": 0.542789101600647,
            "Y": 0.55009925365448
          },
          {
            "X": 0.5160979628562927,
            "Y": 0.5500357747077942
          }
        ]
      },
      "Id": "c9129123-a684-480a-b02c-9504fb9c6daa",
      "Page": 1
    },
    {
      "BlockType": "WORD",
      "Confidence": 99.96827697753906,
      "Text": "23",
      "TextType": "PRINTED",
      "Geometry": {
        "BoundingBox": {
          "Width": 0.014749174006283283,
          "Height": 0.016988178715109825,
          "Left": 0.6388170123100281,
          "Top": 0.5332096219062805
        },
        "Polygon": [
          {
            "X": 0.6388289332389832,
            "Y": 0.5332096219062805
          },
          {
            "X": 0.6535661816596985,
            "Y": 0.5332443714141846
          },
          {
            "X": 0.6535552740097046,
            "Y": 0.5501977801322937
          },
          {
            "X": 0.6388170123100281,
            "Y": 0.5501627326011658
          }
        ]
      },
      "Id": "02fbb704-fde1-4f52-97a8-4902bdf51dee",
      "Page": 1
    },
    {
      "BlockType": "WORD",
      "Confidence": 99.92298889160156,
      "Text": "D",
      "TextType": "PRINTED",
      "Geometry": {
        "BoundingBox": {
          "Width": 0.009665693156421185,
          "Height": 0.016335472464561462,
          "Left": 0.24710847437381744,
          "Top": 0.5629577040672302
        },
        "Polygon": [
          {
            "X": 0.24714647233486176,
            "Y": 0.5629577040672302
          },
          {
            "X": 0.2567741572856903,
            "Y": 0.5629807114601135
          },
          {
            "X": 0.2567368149757385,
            "Y": 0.5792931914329529
          },
          {
            "X": 0.24710847437381744,
            "Y": 0.5792700052261353
          }
        ]
      },
      "Id": "312fcb7e-cd83-4d8c-a208-68df4befdce3",
      "Page": 1
    },
    {
      "BlockType": "WORD",
      "Confidence": 89.5921401977539,
      "Text": "DGEPEG:DGEBA/APEG:IPDA/",
      "TextType": "PRINTED",
      "Geometry": {
        "BoundingBox": {
          "Width": 0.18480849266052246,
          "Height": 0.01891767419874668,
          "Left": 0.2975718677043915,
          "Top": 0.5623829960823059
        },
        "Polygon": [
          {
            "X": 0.2976110279560089,
            "Y": 0.5623829960823059
          },
          {
            "X": 0.48238036036491394,
            "Y": 0.5628249049186707
          },
          {
            "X": 0.48235535621643066,
            "Y": 0.581300675868988
          },
          {
            "X": 0.2975718677043915,
            "Y": 0.5808553099632263
          }
        ]
      },
      "Id": "5ced7dfc-e15c-4912-a897-1a44448a83dd",
      "Page": 1
    },
    {
      "BlockType": "WORD",
      "Confidence": 99.81913757324219,
      "Text": "1.11",
      "TextType": "PRINTED",
      "Geometry": {
        "BoundingBox": {
          "Width": 0.024909211322665215,
          "Height": 0.01674315333366394,
          "Left": 0.5167691111564636,
          "Top": 0.5629564523696899
        },
        "Polygon": [
          {
            "X": 0.5167892575263977,
            "Y": 0.5629564523696899
          },
          {
            "X": 0.5416783094406128,
            "Y": 0.5630159974098206
          },
          {
            "X": 0.5416598320007324,
            "Y": 0.5796995759010315
          },
          {
            "X": 0.5167691111564636,
            "Y": 0.5796396732330322
          }
        ]
      },
      "Id": "bca4ddd7-63b2-4e1f-867e-500c18be8278",
      "Page": 1
    },
    {
      "BlockType": "WORD",
      "Confidence": 99.9643783569336,
      "Text": "29",
      "TextType": "PRINTED",
      "Geometry": {
        "BoundingBox": {
          "Width": 0.01493244618177414,
          "Height": 0.01713407412171364,
          "Left": 0.6387611627578735,
          "Top": 0.563093364238739
        },
        "Polygon": [
          {
            "X": 0.6387732028961182,
            "Y": 0.563093364238739
          },
          {
            "X": 0.6536936163902283,
            "Y": 0.5631290674209595
          },
          {
            "X": 0.6536826491355896,
            "Y": 0.5802274346351624
          },
          {
            "X": 0.6387611627578735,
            "Y": 0.5801914930343628
          }
        ]
      },
      "Id": "fee0cf03-fc8a-4d76-a6d6-9c975f4c9614",
      "Page": 1
    },
    {
      "BlockType": "WORD",
      "Confidence": 99.11460876464844,
      "Text": "5.0",
      "TextType": "PRINTED",
      "Geometry": {
        "BoundingBox": {
          "Width": 0.01905849575996399,
          "Height": 0.016618208959698677,
          "Left": 0.2978091835975647,
          "Top": 0.5928783416748047
        },
        "Polygon": [
          {
            "X": 0.2978442907333374,
            "Y": 0.5928783416748047
          },
          {
            "X": 0.3168676793575287,
            "Y": 0.5929244160652161
          },
          {
            "X": 0.31683388352394104,
            "Y": 0.609496533870697
          },
          {
            "X": 0.2978091835975647,
            "Y": 0.6094501614570618
          }
        ]
      },
      "Id": "b113772b-544b-460c-8a2b-4d8c850d830e",
      "Page": 1
    },
    {
      "BlockType": "WORD",
      "Confidence": 99.82235717773438,
      "Text": "wt%",
      "TextType": "PRINTED",
      "Geometry": {
        "BoundingBox": {
          "Width": 0.02785557508468628,
          "Height": 0.016743838787078857,
          "Left": 0.31955307722091675,
          "Top": 0.592616856098175
        },
        "Polygon": [
          {
            "X": 0.3195869028568268,
            "Y": 0.592616856098175
          },
          {
            "X": 0.347408652305603,
            "Y": 0.5926842093467712
          },
          {
            "X": 0.3473767638206482,
            "Y": 0.6093606948852539
          },
          {
            "X": 0.31955307722091675,
            "Y": 0.6092928647994995
          }
        ]
      },
      "Id": "d3910f23-73ed-48bd-988d-5085c3471ae2",
      "Page": 1
    },
    {
      "BlockType": "WORD",
      "Confidence": 62.010841369628906,
      "Text": "SiO2",
      "TextType": "PRINTED",
      "Geometry": {
        "BoundingBox": {
          "Width": 0.02756674773991108,
          "Height": 0.019776882603764534,
          "Left": 0.3511412739753723,
          "Top": 0.592258632183075
        },
        "Polygon": [
          {
            "X": 0.3511786460876465,
            "Y": 0.592258632183075
          },
          {
            "X": 0.37870800495147705,
            "Y": 0.5923252701759338
          },
          {
            "X": 0.37867286801338196,
            "Y": 0.6120355129241943
          },
          {
            "X": 0.3511412739753723,
            "Y": 0.6119682788848877
          }
        ]
      },
      "Id": "18d3c2b8-eb56-46fd-b79a-1101e0489d95",
      "Page": 1
    },
    {
      "BlockType": "TABLE",
      "Confidence": 99.267578125,
      "Geometry": {
        "BoundingBox": {
          "Width": 0.535977303981781,
          "Height": 0.25263306498527527,
          "Left": 0.23154257237911224,
          "Top": 0.3709944784641266
        },
        "Polygon": [
          {
            "X": 0.23214416205883026,
            "Y": 0.3709944784641266
          },
          {
            "X": 0.7675198316574097,
            "Y": 0.3721727430820465
          },
          {
            "X": 0.7674773931503296,
            "Y": 0.6236275434494019
          },
          {
            "X": 0.23154257237911224,
            "Y": 0.6223136186599731
          }
        ]
      },
      "Id": "53fb5375-5e8e-49f0-92a9-2f3675173d5a",
      "Relationships": [
        {
          "Type": "CHILD",
          "Ids": [
            "3abb013c-81e1-4f1b-9b8b-68c664b1bf67",
            "7567f4eb-b07c-4e8d-985a-2c67dcb991de",
            "ab457e45-a2a5-4c50-877c-9a917075395e",
            "2ae39f20-fa66-4f1b-a53c-c21444162dad",
            "86570415-563a-47eb-bf88-ba1b8a2351da",
            "1775f390-259d-48b9-a272-c024f163bda8",
            "e05fe184-e8f5-4208-939e-b84be0a2e490",
            "00e24ae7-b32e-431d-abee-70e8ef998e29",
            "33cfba65-187c-4675-9cef-31e4012d62d5",
            "9ed49676-3c2b-48ff-8a80-d79f4dbc3bc2",
            "02ba3670-62db-4598-9627-2b1a66b01223",
            "d2a42c5e-6af8-4280-9d42-a648880e2df8",
            "70f274f1-2654-4618-bfc7-70102c385208",
            "a519851d-dc54-427b-81f1-748bc63248ef",
            "a9733619-f549-4652-afba-e9956ec65e18",
            "aab28ea8-8e4f-4bf6-96c3-4c4a49d68b93",
            "384adddd-2511-4dda-b874-1e1404ae142d",
            "5ac49a33-f274-4907-91e7-d0a10aeba2c7",
            "23e3a1c1-4340-49b0-8c7c-8a519fbe76d8",
            "989e9770-a43a-4fae-a858-75a57318de60"
          ]
        }
      ],
      "EntityTypes": [
        "STRUCTURED_TABLE"
      ],
      "Page": 1
    },
    {
      "BlockType": "CELL",
      "Confidence": 82.2265625,
      "RowIndex": 1,
      "ColumnIndex": 1,
      "RowSpan": 1,
      "ColumnSpan": 1,
      "Geometry": {
        "BoundingBox": {
          "Width": 0.055113524198532104,
          "Height": 0.08246643841266632,
          "Left": 0.23194706439971924,
          "Top": 0.3709944784641266
        },
        "Polygon": [
          {
            "X": 0.23214416205883026,
            "Y": 0.3709944784641266
          },
          {
            "X": 0.28706058859825134,
            "Y": 0.3711153268814087
          },
          {
            "X": 0.2868822515010834,
            "Y": 0.4534609019756317
          },
          {
            "X": 0.23194706439971924,
            "Y": 0.4533354938030243
          }
        ]
      },
      "Id": "3abb013c-81e1-4f1b-9b8b-68c664b1bf67",
      "Relationships": [
        {
          "Type": "CHILD",
          "Ids": [
            "870686c4-4517-4573-8c9d-f2d512b198b5"
          ]
        }
      ],
      "EntityTypes": [
        "COLUMN_HEADER"
      ],
      "Page": 1
    },
    {
      "BlockType": "CELL",
      "Confidence": 94.677734375,
      "RowIndex": 1,
      "ColumnIndex": 2,
      "RowSpan": 1,
      "ColumnSpan": 1,
      "Geometry": {
        "BoundingBox": {
          "Width": 0.21162208914756775,
          "Height": 0.08282846212387085,
          "Left": 0.2868822515010834,
          "Top": 0.3711153268814087
        },
        "Polygon": [
          {
            "X": 0.28706058859825134,
            "Y": 0.3711153268814087
          },
          {
            "X": 0.4985043406486511,
            "Y": 0.37158069014549255
          },
          {
            "X": 0.4983983635902405,
            "Y": 0.45394378900527954
          },
          {
            "X": 0.2868822515010834,
            "Y": 0.4534609019756317
          }
        ]
      },
      "Id": "7567f4eb-b07c-4e8d-985a-2c67dcb991de",
      "Relationships": [
        {
          "Type": "CHILD",
          "Ids": [
            "4424b035-4801-4c8f-aa91-2a72b6432a38"
          ]
        }
      ],
      "EntityTypes": [
        "COLUMN_HEADER"
      ],
      "Page": 1
    },
    {
      "BlockType": "CELL",
      "Confidence": 91.357421875,
      "RowIndex": 1,
      "ColumnIndex": 3,
      "RowSpan": 1,
      "ColumnSpan": 1,
      "Geometry": {
        "BoundingBox": {
          "Width": 0.12639518082141876,
          "Height": 0.0826515331864357,
          "Left": 0.4983983635902405,
          "Top": 0.37158069014549255
        },
        "Polygon": [
          {
            "X": 0.4985043406486511,
            "Y": 0.37158069014549255
          },
          {
            "X": 0.624793529510498,
            "Y": 0.3718586266040802
          },
          {
            "X": 0.6247307658195496,
            "Y": 0.45423221588134766
          },
          {
            "X": 0.4983983635902405,
            "Y": 0.45394378900527954
          }
        ]
      },
      "Id": "ab457e45-a2a5-4c50-877c-9a917075395e",
      "Relationships": [
        {
          "Type": "CHILD",
          "Ids": [
            "be7815e1-0ee5-4ba6-bd9c-494f89e5f606",
            "a6e232fe-923b-4ea8-b66f-d32e9e52dc28",
            "3ac68337-d8ed-4736-8c6c-6f15a876ec10"
          ]
        }
      ],
      "EntityTypes": [
        "COLUMN_HEADER"
      ],
      "Page": 1
    },
    {
      "BlockType": "CELL",
      "Confidence": 93.798828125,
      "RowIndex": 1,
      "ColumnIndex": 4,
      "RowSpan": 1,
      "ColumnSpan": 1,
      "Geometry": {
        "BoundingBox": {
          "Width": 0.1427890807390213,
          "Height": 0.08269954472780228,
          "Left": 0.6247307658195496,
          "Top": 0.3718586266040802
        },
        "Polygon": [
          {
            "X": 0.624793529510498,
            "Y": 0.3718586266040802
          },
          {
            "X": 0.7675198316574097,
            "Y": 0.3721727430820465
          },
          {
            "X": 0.767505943775177,
            "Y": 0.4545581638813019
          },
          {
            "X": 0.6247307658195496,
            "Y": 0.45423221588134766
          }
        ]
      },
      "Id": "2ae39f20-fa66-4f1b-a53c-c21444162dad",
      "Relationships": [
        {
          "Type": "CHILD",
          "Ids": [
            "ff8f40b9-a60d-4aa2-be15-76fc92e10538",
            "e3876cac-6d7a-411f-8aa5-6e8c52f2b338",
            "7ee2f9a6-2798-4953-85aa-9cf95122af9c",
            "3bfcc74b-dbfd-40f3-94f8-bdd66a8e186d"
          ]
        }
      ],
      "EntityTypes": [
        "COLUMN_HEADER"
      ],
      "Page": 1
    },
    {
      "BlockType": "CELL",
      "Confidence": 78.466796875,
      "RowIndex": 2,
      "ColumnIndex": 1,
      "RowSpan": 1,
      "ColumnSpan": 1,
      "Geometry": {
        "BoundingBox": {
          "Width": 0.055039405822753906,
          "Height": 0.043658655136823654,
          "Left": 0.23184286057949066,
          "Top": 0.4533354938030243
        },
        "Polygon": [
          {
            "X": 0.23194706439971924,
            "Y": 0.4533354938030243
          },
          {
            "X": 0.2868822515010834,
            "Y": 0.4534609019756317
          },
          {
            "X": 0.2867879867553711,
            "Y": 0.49699416756629944
          },
          {
            "X": 0.23184286057949066,
            "Y": 0.4968663156032562
          }
        ]
      },
      "Id": "86570415-563a-47eb-bf88-ba1b8a2351da",
      "Relationships": [
        {
          "Type": "CHILD",
          "Ids": [
            "7779326a-235a-4b4c-ad48-7d5646e2cfb7"
          ]
        }
      ],
      "Page": 1
    },
    {
      "BlockType": "CELL",
      "Confidence": 90.33203125,
      "RowIndex": 2,
      "ColumnIndex": 2,
      "RowSpan": 1,
      "ColumnSpan": 1,
      "Geometry": {
        "BoundingBox": {
          "Width": 0.2116103619337082,
          "Height": 0.04402540251612663,
          "Left": 0.2867879867553711,
          "Top": 0.4534609019756317
        },
        "Polygon": [
          {
            "X": 0.2868822515010834,
            "Y": 0.4534609019756317
          },
          {
            "X": 0.4983983635902405,
            "Y": 0.45394378900527954
          },
          {
            "X": 0.4983423352241516,
            "Y": 0.49748632311820984
          },
          {
            "X": 0.2867879867553711,
            "Y": 0.49699416756629944
          }
        ]
      },
      "Id": "1775f390-259d-48b9-a272-c024f163bda8",
      "Relationships": [
        {
          "Type": "CHILD",
          "Ids": [
            "1e3cdf7e-4274-42d4-bfc5-b64e375a0359"
          ]
        }
      ],
      "Page": 1
    },
    {
      "BlockType": "CELL",
      "Confidence": 87.158203125,
      "RowIndex": 2,
      "ColumnIndex": 3,
      "RowSpan": 1,
      "ColumnSpan": 1,
      "Geometry": {
        "BoundingBox": {
          "Width": 0.12638844549655914,
          "Height": 0.04383647069334984,
          "Left": 0.4983423352241516,
          "Top": 0.45394378900527954
        },
        "Polygon": [
          {
            "X": 0.4983983635902405,
            "Y": 0.45394378900527954
          },
          {
            "X": 0.6247307658195496,
            "Y": 0.45423221588134766
          },
          {
            "X": 0.6246975660324097,
            "Y": 0.4977802634239197
          },
          {
            "X": 0.4983423352241516,
            "Y": 0.49748632311820984
          }
        ]
      },
      "Id": "e05fe184-e8f5-4208-939e-b84be0a2e490",
      "Relationships": [
        {
          "Type": "CHILD",
          "Ids": [
            "a29ed3be-550e-4894-bad9-b5ffc295354d"
          ]
        }
      ],
      "Page": 1
    },
    {
      "BlockType": "CELL",
      "Confidence": 89.501953125,
      "RowIndex": 2,
      "ColumnIndex": 4,
      "RowSpan": 1,
      "ColumnSpan": 1,
      "Geometry": {
        "BoundingBox": {
          "Width": 0.14280834794044495,
          "Height": 0.04388027265667915,
          "Left": 0.6246975660324097,
          "Top": 0.45423221588134766
        },
        "Polygon": [
          {
            "X": 0.6247307658195496,
            "Y": 0.45423221588134766
          },
          {
            "X": 0.767505943775177,
            "Y": 0.4545581638813019
          },
          {
            "X": 0.7674986124038696,
            "Y": 0.4981124997138977
          },
          {
            "X": 0.6246975660324097,
            "Y": 0.4977802634239197
          }
        ]
      },
      "Id": "00e24ae7-b32e-431d-abee-70e8ef998e29",
      "Relationships": [
        {
          "Type": "CHILD",
          "Ids": [
            "01079445-6a14-4090-8f96-506fe549e364"
          ]
        }
      ],
      "Page": 1
    },
    {
      "BlockType": "CELL",
      "Confidence": 75.68359375,
      "RowIndex": 3,
      "ColumnIndex": 1,
      "RowSpan": 1,
      "ColumnSpan": 1,
      "Geometry": {
        "BoundingBox": {
          "Width": 0.05501363053917885,
          "Height": 0.028743956238031387,
          "Left": 0.23177435994148254,
          "Top": 0.4968663156032562
        },
        "Polygon": [
          {
            "X": 0.23184286057949066,
            "Y": 0.4968663156032562
          },
          {
            "X": 0.2867879867553711,
            "Y": 0.49699416756629944
          },
          {
            "X": 0.2867260277271271,
            "Y": 0.5256102681159973
          },
          {
            "X": 0.23177435994148254,
            "Y": 0.5254808664321899
          }
        ]
      },
      "Id": "33cfba65-187c-4675-9cef-31e4012d62d5",
      "Relationships": [
        {
          "Type": "CHILD",
          "Ids": [
            "06b667b5-bea9-41ec-882c-0f7b4b506524"
          ]
        }
      ],
      "Page": 1
    },
    {
      "BlockType": "CELL",
      "Confidence": 87.158203125,
      "RowIndex": 3,
      "ColumnIndex": 2,
      "RowSpan": 1,
      "ColumnSpan": 1,
      "Geometry": {
        "BoundingBox": {
          "Width": 0.21161630749702454,
          "Height": 0.02911439538002014,
          "Left": 0.2867260277271271,
          "Top": 0.49699416756629944
        },
        "Polygon": [
          {
            "X": 0.2867879867553711,
            "Y": 0.49699416756629944
          },
          {
            "X": 0.4983423352241516,
            "Y": 0.49748632311820984
          },
          {
            "X": 0.4983054995536804,
            "Y": 0.5261085629463196
          },
          {
            "X": 0.2867260277271271,
            "Y": 0.5256102681159973
          }
        ]
      },
      "Id": "9ed49676-3c2b-48ff-8a80-d79f4dbc3bc2",
      "Relationships": [
        {
          "Type": "CHILD",
          "Ids": [
            "ac92185c-45b7-45f6-8398-3e27103a739e"
          ]
        }
      ],
      "Page": 1
    },
    {
      "BlockType": "CELL",
      "Confidence": 84.08203125,
      "RowIndex": 3,
      "ColumnIndex": 3,
      "RowSpan": 1,
      "ColumnSpan": 1,
      "Geometry": {
        "BoundingBox": {
          "Width": 0.12639209628105164,
          "Height": 0.028919830918312073,
          "Left": 0.4983054995536804,
          "Top": 0.49748632311820984
        },
        "Polygon": [
          {
            "X": 0.4983423352241516,
            "Y": 0.49748632311820984
          },
          {
            "X": 0.6246975660324097,
            "Y": 0.4977802634239197
          },
          {
            "X": 0.6246757507324219,
            "Y": 0.5264061689376831
          },
          {
            "X": 0.4983054995536804,
            "Y": 0.5261085629463196
          }
        ]
      },
      "Id": "02ba3670-62db-4598-9627-2b1a66b01223",
      "Relationships": [
        {
          "Type": "CHILD",
          "Ids": [
            "9f864770-9592-4b0e-8ddc-2db2950f719d"
          ]
        }
      ],
      "Page": 1
    },
    {
      "BlockType": "CELL",
      "Confidence": 86.328125,
      "RowIndex": 3,
      "ColumnIndex": 4,
      "RowSpan": 1,
      "ColumnSpan": 1,
      "Geometry": {
        "BoundingBox": {
          "Width": 0.14282281696796417,
          "Height": 0.028962207958102226,
          "Left": 0.6246757507324219,
          "Top": 0.4977802634239197
        },
        "Polygon": [
          {
            "X": 0.6246975660324097,
            "Y": 0.4977802634239197
          },
          {
            "X": 0.7674986124038696,
            "Y": 0.4981124997138977
          },
          {
            "X": 0.767493724822998,
            "Y": 0.5267424583435059
          },
          {
            "X": 0.6246757507324219,
            "Y": 0.5264061689376831
          }
        ]
      },
      "Id": "d2a42c5e-6af8-4280-9d42-a648880e2df8",
      "Relationships": [
        {
          "Type": "CHILD",
          "Ids": [
            "0b4cc5ab-f3aa-4b5e-a22e-c16b449c2755"
          ]
        }
      ],
      "Page": 1
    },
    {
      "BlockType": "CELL",
      "Confidence": 75.68359375,
      "RowIndex": 4,
      "ColumnIndex": 1,
      "RowSpan": 1,
      "ColumnSpan": 1,
      "Geometry": {
        "BoundingBox": {
          "Width": 0.05502315238118172,
          "Height": 0.029996974393725395,
          "Left": 0.23170287907123566,
          "Top": 0.5254808664321899
        },
        "Polygon": [
          {
            "X": 0.23177435994148254,
            "Y": 0.5254808664321899
          },
          {
            "X": 0.2867260277271271,
            "Y": 0.5256102681159973
          },
          {
            "X": 0.2866613566875458,
            "Y": 0.5554778575897217
          },
          {
            "X": 0.23170287907123566,
            "Y": 0.5553467869758606
          }
        ]
      },
      "Id": "70f274f1-2654-4618-bfc7-70102c385208",
      "Relationships": [
        {
          "Type": "CHILD",
          "Ids": [
            "14a7a534-b4ce-474c-a0c6-ced21afaf533"
          ]
        }
      ],
      "Page": 1
    },
    {
      "BlockType": "CELL",
      "Confidence": 87.158203125,
      "RowIndex": 4,
      "ColumnIndex": 2,
      "RowSpan": 1,
      "ColumnSpan": 1,
      "Geometry": {
        "BoundingBox": {
          "Width": 0.21164415776729584,
          "Height": 0.030372196808457375,
          "Left": 0.2866613566875458,
          "Top": 0.5256102681159973
        },
        "Polygon": [
          {
            "X": 0.2867260277271271,
            "Y": 0.5256102681159973
          },
          {
            "X": 0.4983054995536804,
            "Y": 0.5261085629463196
          },
          {
            "X": 0.4982670545578003,
            "Y": 0.5559824705123901
          },
          {
            "X": 0.2866613566875458,
            "Y": 0.5554778575897217
          }
        ]
      },
      "Id": "a519851d-dc54-427b-81f1-748bc63248ef",
      "Relationships": [
        {
          "Type": "CHILD",
          "Ids": [
            "0ee21520-7de3-4b8b-8e45-9329640681c2"
          ]
        }
      ],
      "Page": 1
    },
    {
      "BlockType": "CELL",
      "Confidence": 84.08203125,
      "RowIndex": 4,
      "ColumnIndex": 3,
      "RowSpan": 1,
      "ColumnSpan": 1,
      "Geometry": {
        "BoundingBox": {
          "Width": 0.12640871107578278,
          "Height": 0.030175335705280304,
          "Left": 0.4982670545578003,
          "Top": 0.5261085629463196
        },
        "Polygon": [
          {
            "X": 0.4983054995536804,
            "Y": 0.5261085629463196
          },
          {
            "X": 0.6246757507324219,
            "Y": 0.5264061689376831
          },
          {
            "X": 0.6246529817581177,
            "Y": 0.5562838912010193
          },
          {
            "X": 0.4982670545578003,
            "Y": 0.5559824705123901
          }
        ]
      },
      "Id": "a9733619-f549-4652-afba-e9956ec65e18",
      "Relationships": [
        {
          "Type": "CHILD",
          "Ids": [
            "c9129123-a684-480a-b02c-9504fb9c6daa"
          ]
        }
      ],
      "Page": 1
    },
    {
      "BlockType": "CELL",
      "Confidence": 86.279296875,
      "RowIndex": 4,
      "ColumnIndex": 4,
      "RowSpan": 1,
      "ColumnSpan": 1,
      "Geometry": {
        "BoundingBox": {
          "Width": 0.14284074306488037,
          "Height": 0.030218368396162987,
          "Left": 0.6246529817581177,
          "Top": 0.5264061689376831
        },
        "Polygon": [
          {
            "X": 0.6246757507324219,
            "Y": 0.5264061689376831
          },
          {
            "X": 0.767493724822998,
            "Y": 0.5267424583435059
          },
          {
            "X": 0.7674887180328369,
            "Y": 0.5566245317459106
          },
          {
            "X": 0.6246529817581177,
            "Y": 0.5562838912010193
          }
        ]
      },
      "Id": "aab28ea8-8e4f-4bf6-96c3-4c4a49d68b93",
      "Relationships": [
        {
          "Type": "CHILD",
          "Ids": [
            "02fbb704-fde1-4f52-97a8-4902bdf51dee"
          ]
        }
      ],
      "Page": 1
    },
    {
      "BlockType": "CELL",
      "Confidence": 38.671875,
      "RowIndex": 5,
      "ColumnIndex": 1,
      "RowSpan": 1,
      "ColumnSpan": 1,
      "Geometry": {
        "BoundingBox": {
          "Width": 0.05511877313256264,
          "Height": 0.0671016201376915,
          "Left": 0.23154257237911224,
          "Top": 0.5553467869758606
        },
        "Polygon": [
          {
            "X": 0.23170287907123566,
            "Y": 0.5553467869758606
          },
          {
            "X": 0.2866613566875458,
            "Y": 0.5554778575897217
          },
          {
            "X": 0.28651633858680725,
            "Y": 0.6224483847618103
          },
          {
            "X": 0.23154257237911224,
            "Y": 0.6223136186599731
          }
        ]
      },
      "Id": "384adddd-2511-4dda-b874-1e1404ae142d",
      "Relationships": [
        {
          "Type": "CHILD",
          "Ids": [
            "312fcb7e-cd83-4d8c-a208-68df4befdce3"
          ]
        }
      ],
      "Page": 1
    },
    {
      "BlockType": "CELL",
      "Confidence": 44.53125,
      "RowIndex": 5,
      "ColumnIndex": 2,
      "RowSpan": 1,
      "ColumnSpan": 1,
      "Geometry": {
        "BoundingBox": {
          "Width": 0.21175073087215424,
          "Height": 0.06748947501182556,
          "Left": 0.28651633858680725,
          "Top": 0.5554778575897217
        },
        "Polygon": [
          {
            "X": 0.2866613566875458,
            "Y": 0.5554778575897217
          },
          {
            "X": 0.4982670545578003,
            "Y": 0.5559824705123901
          },
          {
            "X": 0.4981808662414551,
            "Y": 0.6229673027992249
          },
          {
            "X": 0.28651633858680725,
            "Y": 0.6224483847618103
          }
        ]
      },
      "Id": "5ac49a33-f274-4907-91e7-d0a10aeba2c7",
      "Relationships": [
        {
          "Type": "CHILD",
          "Ids": [
            "5ced7dfc-e15c-4912-a897-1a44448a83dd",
            "b113772b-544b-460c-8a2b-4d8c850d830e",
            "d3910f23-73ed-48bd-988d-5085c3471ae2",
            "18d3c2b8-eb56-46fd-b79a-1101e0489d95"
          ]
        }
      ],
      "Page": 1
    },
    {
      "BlockType": "CELL",
      "Confidence": 42.96875,
      "RowIndex": 5,
      "ColumnIndex": 3,
      "RowSpan": 1,
      "ColumnSpan": 1,
      "Geometry": {
        "BoundingBox": {
          "Width": 0.12647214531898499,
          "Height": 0.06729477643966675,
          "Left": 0.4981808662414551,
          "Top": 0.5559824705123901
        },
        "Polygon": [
          {
            "X": 0.4982670545578003,
            "Y": 0.5559824705123901
          },
          {
            "X": 0.6246529817581177,
            "Y": 0.5562838912010193
          },
          {
            "X": 0.6246019601821899,
            "Y": 0.6232772469520569
          },
          {
            "X": 0.4981808662414551,
            "Y": 0.6229673027992249
          }
        ]
      },
      "Id": "23e3a1c1-4340-49b0-8c7c-8a519fbe76d8",
      "Relationships": [
        {
          "Type": "CHILD",
          "Ids": [
            "bca4ddd7-63b2-4e1f-867e-500c18be8278"
          ]
        }
      ],
      "Page": 1
    },
    {
      "BlockType": "CELL",
      "Confidence": 44.1162109375,
      "RowIndex": 5,
      "ColumnIndex": 4,
      "RowSpan": 1,
      "ColumnSpan": 1,
      "Geometry": {
        "BoundingBox": {
          "Width": 0.14288674294948578,
          "Height": 0.06734365224838257,
          "Left": 0.6246019601821899,
          "Top": 0.5562838912010193
        },
        "Polygon": [
          {
            "X": 0.6246529817581177,
            "Y": 0.5562838912010193
          },
          {
            "X": 0.7674887180328369,
            "Y": 0.5566245317459106
          },
          {
            "X": 0.7674773931503296,
            "Y": 0.6236275434494019
          },
          {
            "X": 0.6246019601821899,
            "Y": 0.6232772469520569
          }
        ]
      },
      "Id": "989e9770-a43a-4fae-a858-75a57318de60",
      "Relationships": [
        {
          "Type": "CHILD",
          "Ids": [
            "fee0cf03-fc8a-4d76-a6d6-9c975f4c9614"
          ]
        }
      ],
      "Page": 1
    }
  ],
  "AnalyzeDocumentModelVersion": "1.0"
}