{
  "DocumentMetadata": {
    "Pages": 1
  },
  "JobStatus": "SUCCEEDED",
  "Blocks": [
    {
      "BlockType": "PAGE",
      "Geometry": {
        "BoundingBox": {
          "Width": 0.6992968916893005,
          "Height": 0.5809314250946045,
          "Left": 0.14470863342285156,
          "Top": 0.1876334398984909
        },
        "Polygon": [
          {
            "X": 0.14470863342285156,
            "Y": 0.1893017739057541
          },
          {
            "X": 0.8416573405265808,
            "Y": 0.1876334398984909
          },
          {
            "X": 0.8440055251121521,
            "Y": 0.7676403522491455
          },
          {
            "X": 0.1473998874425888,
            "Y": 0.7685648798942566
          }
        ]
      },
      "Id": "3e9156d0-ca97-4e56-be5c-e6a4fb01fe78",
      "Relationships": [
        {
          "Type": "CHILD",
          "Ids": [
            "3d0d4eb0-33b2-46d3-8825-46a46d76f685",
            "28447201-84b9-4879-8040-635a515c1c2b",
            "5a7da3c3-d3d4-42e9-a5db-671a695faa32",
            "abe43216-57d9-40c2-a4e4-7f6b678a8cbc",
            "08c154a8-9e3f-48a8-a7c5-f56bac842d78",
            "e53c2740-7727-4770-a337-053d32b3c759",
            "2ad2ed4b-8dff-4500-94d8-5456bfb2aa0e",
            "11c1f7a2-912b-49a4-9cbe-b603c530004c",
            "04ac2205-f28b-4c76-a511-deefb6711aeb",
            "c5b593cd-926b-4e12-871e-69699df5518f",
            "3bc29506-d6c0-49b9-b0e6-8728bc5137ee",
            "ebecdf6f-7ada-4068-b06b-faa4a521143f",
            "fad7cad6-f7b1-461c-b62d-72645c4c8df8",
            "11e94f95-2416-4999-bad0-9c8e61eb750b",
            "0560d917-53f8-47ea-9d25-bb4c926f2fd4",
            "a385080d-0e6e-485c-9e7e-5135d3afee2c",
            "52e747fe-db5c-43fb-baa7-e4f89bc2d22f",
            "f8274db8-7f40-436d-96ac-7f7025c0ed0a",
            "5cf1fed5-c0f7-4071-a1d7-3974113b8a40",
            "50585606-7e4b-48a3-8819-d7dac9839161",
            "3fad5acb-c2eb-4e55-bc85-1a84980dfb79",
            "cdee720a-33e7-429d-8b3b-63ab0ba176b7",
            "78d8d1ce-bb78-4285-969c-ec96334c79bb",
            "282ac1ce-d597-44e6-9a00-dae63126481f",
            "54ba70d2-51ec-43b6-ac5b-f2c7c25741e4",
            "e64ec2dd-0319-42e4-9eaa-2ad5e7144f2a",
            "74fffdca-a853-4ed9-8d53-0e3f38e69ca7",
            "41f0adb2-12a2-4920-bdfe-c9158acd5220",
            "06b3b8e1-6b74-43cf-9ff7-1963c5ebd1e1"
          ]
        }
      ],
      "Page": 1
    },
    {
      "BlockType": "LINE",
      "Confidence": 99.91580963134766,
      "Text": "Sample",
      "Geometry": {
        "BoundingBox": {
          "Width": 0.057382822036743164,
          "Height": 0.02560957707464695,
          "Left": 0.22873765230178833,
          "Top": 0.2736548185348511
        },
        "Polygon": [
          {
            "X": 0.22873765230178833,
            "Y": 0.27378299832344055
          },
          {
            "X": 0.2860051691532135,
            "Y": 0.2736548185348511
          },
          {
            "X": 0.2861204743385315,
            "Y": 0.2991389334201813
          },
          {
            "X": 0.2288542240858078,
            "Y": 0.29926440119743347
          }
        ]
      },
      "Id": "3d0d4eb0-33b2-46d3-8825-46a46d76f685",
      "Relationships": [
        {
          "Type": "CHILD",
          "Ids": [
            "96f852cd-ea89-4170-b942-e8341da7e481"
          ]
        }
      ],
      "Page": 1
    },
    {
      "BlockType": "LINE",
      "Confidence": 99.37238311767578,
      "Text": "AP-EGDE/PMPS ratio",
      "Geometry": {
        "BoundingBox": {
          "Width": 0.1770997941493988,
          "Height": 0.020762016996741295,
          "Left": 0.3518276810646057,
          "Top": 0.27332842350006104
        },
        "Polygon": [
          {
            "X": 0.3518276810646057,
            "Y": 0.2737244963645935
          },
          {
            "X": 0.5288395285606384,
            "Y": 0.27332842350006104
          },
          {
            "X": 0.5289274454116821,
            "Y": 0.29370102286338806
          },
          {
            "X": 0.35191869735717773,
            "Y": 0.2940904498100281
          }
        ]
      },
      "Id": "28447201-84b9-4879-8040-635a515c1c2b",
      "Relationships": [
        {
          "Type": "CHILD",
          "Ids": [
            "2994733f-6e69-41a2-90d8-1073129109a2",
            "aa4bed6e-6e56-49db-b08d-6bd93759e7bb"
          ]
        }
      ],
      "Page": 1
    },
    {
      "BlockType": "LINE",
      "Confidence": 99.8868179321289,
      "Text": "LOI (%)",
      "Geometry": {
        "BoundingBox": {
          "Width": 0.06461088359355927,
          "Height": 0.025547683238983154,
          "Left": 0.551660418510437,
          "Top": 0.27347251772880554
        },
        "Polygon": [
          {
            "X": 0.551660418510437,
            "Y": 0.27361682057380676
          },
          {
            "X": 0.6161634922027588,
            "Y": 0.27347251772880554
          },
          {
            "X": 0.6162713170051575,
            "Y": 0.298878937959671
          },
          {
            "X": 0.5517695546150208,
            "Y": 0.2990202009677887
          }
        ]
      },
      "Id": "5a7da3c3-d3d4-42e9-a5db-671a695faa32",
      "Relationships": [
        {
          "Type": "CHILD",
          "Ids": [
            "b6ebdcc3-f338-46b5-8160-faccc4552a7a",
            "d9bbc9d6-0165-4f5b-8087-cb62a22ced7f"
          ]
        }
      ],
      "Page": 1
    },
    {
      "BlockType": "LINE",
      "Confidence": 87.43162536621094,
      "Text": "Residue at 700 °C (%) a",
      "Geometry": {
        "BoundingBox": {
          "Width": 0.17904193699359894,
          "Height": 0.028045635670423508,
          "Left": 0.6421482563018799,
          "Top": 0.2713903486728668
        },
        "Polygon": [
          {
            "X": 0.6421482563018799,
            "Y": 0.27179110050201416
          },
          {
            "X": 0.8210777640342712,
            "Y": 0.2713903486728668
          },
          {
            "X": 0.8211901783943176,
            "Y": 0.29904431104660034
          },
          {
            "X": 0.6422649025917053,
            "Y": 0.29943597316741943
          }
        ]
      },
      "Id": "abe43216-57d9-40c2-a4e4-7f6b678a8cbc",
      "Relationships": [
        {
          "Type": "CHILD",
          "Ids": [
            "7fd6c389-0cb9-4569-a1cc-76d28186d920",
            "5febb280-1016-476c-b2b0-13af3c5c0031",
            "85ac9297-0d4b-4dd7-968d-7589487448ba",
            "f704caf4-3472-40d6-a60c-aca7e88d838a",
            "a73922b3-8af7-470f-b227-672a7771585d",
            "7fd5b6bd-d990-41d2-b1fc-ac62aec4d65c"
          ]
        }
      ],
      "Page": 1
    },
    {
      "BlockType": "LINE",
      "Confidence": 85.09797668457031,
      "Text": "AP-EGDE/MHHPA",
      "Geometry": {
        "BoundingBox": {
          "Width": 0.15366557240486145,
          "Height": 0.020402437075972557,
          "Left": 0.17908835411071777,
          "Top": 0.34623196721076965
        },
        "Polygon": [
          {
            "X": 0.17908835411071777,
            "Y": 0.34655511379241943
          },
          {
            "X": 0.3326638340950012,
            "Y": 0.34623196721076965
          },
          {
            "X": 0.3327539265155792,
            "Y": 0.36631694436073303
          },
          {
            "X": 0.1791810542345047,
            "Y": 0.36663439869880676
          }
        ]
      },
      "Id": "08c154a8-9e3f-48a8-a7c5-f56bac842d78",
      "Relationships": [
        {
          "Type": "CHILD",
          "Ids": [
            "8a46eb7d-bcb1-45c6-a5e8-296f1c3e3c07"
          ]
        }
      ],
      "Page": 1
    },
    {
      "BlockType": "LINE",
      "Confidence": 99.85502624511719,
      "Text": "100/0",
      "Geometry": {
        "BoundingBox": {
          "Width": 0.0414801724255085,
          "Height": 0.02030162140727043,
          "Left": 0.4231230318546295,
          "Top": 0.34626105427742004
        },
        "Polygon": [
          {
            "X": 0.4231230318546295,
            "Y": 0.3463481068611145
          },
          {
            "X": 0.464514821767807,
            "Y": 0.34626105427742004
          },
          {
            "X": 0.4646032154560089,
            "Y": 0.3664771318435669
          },
          {
            "X": 0.4232121407985687,
            "Y": 0.3665626645088196
          }
        ]
      },
      "Id": "e53c2740-7727-4770-a337-053d32b3c759",
      "Relationships": [
        {
          "Type": "CHILD",
          "Ids": [
            "b9410ae0-6c23-4818-9fc0-eabfb6c04a43"
          ]
        }
      ],
      "Page": 1
    },
    {
      "BlockType": "LINE",
      "Confidence": 99.51498413085938,
      "Text": "21.6",
      "Geometry": {
        "BoundingBox": {
          "Width": 0.03313016891479492,
          "Height": 0.020131317898631096,
          "Left": 0.5712993144989014,
          "Top": 0.34643590450286865
        },
        "Polygon": [
          {
            "X": 0.5712993144989014,
            "Y": 0.34650537371635437
          },
          {
            "X": 0.6043441295623779,
            "Y": 0.34643590450286865
          },
          {
            "X": 0.6044294834136963,
            "Y": 0.3664989471435547
          },
          {
            "X": 0.5713852047920227,
            "Y": 0.3665672242641449
          }
        ]
      },
      "Id": "2ad2ed4b-8dff-4500-94d8-5456bfb2aa0e",
      "Relationships": [
        {
          "Type": "CHILD",
          "Ids": [
            "9b48e982-3994-43fa-8903-e5ecd281fe12"
          ]
        }
      ],
      "Page": 1
    },
    {
      "BlockType": "LINE",
      "Confidence": 99.43666076660156,
      "Text": "0",
      "Geometry": {
        "BoundingBox": {
          "Width": 0.009385338984429836,
          "Height": 0.02007378824055195,
          "Left": 0.7306897640228271,
          "Top": 0.3464970290660858
        },
        "Polygon": [
          {
            "X": 0.7306897640228271,
            "Y": 0.34651657938957214
          },
          {
            "X": 0.7399921417236328,
            "Y": 0.3464970290660858
          },
          {
            "X": 0.7400751113891602,
            "Y": 0.36655160784721375
          },
          {
            "X": 0.7307729125022888,
            "Y": 0.3665708303451538
          }
        ]
      },
      "Id": "11c1f7a2-912b-49a4-9cbe-b603c530004c",
      "Relationships": [
        {
          "Type": "CHILD",
          "Ids": [
            "48637f74-c32c-4de8-a76b-b2453c4e944b"
          ]
        }
      ],
      "Page": 1
    },
    {
      "BlockType": "LINE",
      "Confidence": 75.18807983398438,
      "Text": "AESE20/MHHPA",
      "Geometry": {
        "BoundingBox": {
          "Width": 0.14168986678123474,
          "Height": 0.020456701517105103,
          "Left": 0.17754709720611572,
          "Top": 0.41808491945266724
        },
        "Polygon": [
          {
            "X": 0.17754709720611572,
            "Y": 0.41836413741111755
          },
          {
            "X": 0.31914618611335754,
            "Y": 0.41808491945266724
          },
          {
            "X": 0.31923696398735046,
            "Y": 0.43826767802238464
          },
          {
            "X": 0.17764028906822205,
            "Y": 0.43854162096977234
          }
        ]
      },
      "Id": "04ac2205-f28b-4c76-a511-deefb6711aeb",
      "Relationships": [
        {
          "Type": "CHILD",
          "Ids": [
            "7365b157-1cc0-447b-806a-492076ad49bc"
          ]
        }
      ],
      "Page": 1
    },
    {
      "BlockType": "LINE",
      "Confidence": 99.86372375488281,
      "Text": "80/20",
      "Geometry": {
        "BoundingBox": {
          "Width": 0.042656440287828445,
          "Height": 0.020660506561398506,
          "Left": 0.4216955900192261,
          "Top": 0.41810867190361023
        },
        "Polygon": [
          {
            "X": 0.4216955900192261,
            "Y": 0.418192595243454
          },
          {
            "X": 0.46426206827163696,
            "Y": 0.41810867190361023
          },
          {
            "X": 0.4643520414829254,
            "Y": 0.43868690729141235
          },
          {
            "X": 0.4217863380908966,
            "Y": 0.4387691915035248
          }
        ]
      },
      "Id": "c5b593cd-926b-4e12-871e-69699df5518f",
      "Relationships": [
        {
          "Type": "CHILD",
          "Ids": [
            "73614705-54fb-4225-9d85-91cc3203a5ab"
          ]
        }
      ],
      "Page": 1
    },
    {
      "BlockType": "LINE",
      "Confidence": 99.92466735839844,
      "Text": "30.0",
      "Geometry": {
        "BoundingBox": {
          "Width": 0.0326763354241848,
          "Height": 0.02033502236008644,
          "Left": 0.5715836882591248,
          "Top": 0.4184143543243408
        },
        "Polygon": [
          {
            "X": 0.5715836882591248,
            "Y": 0.4184785485267639
          },
          {
            "X": 0.6041738390922546,
            "Y": 0.4184143543243408
          },
          {
            "X": 0.6042600274085999,
            "Y": 0.4386863708496094
          },
          {
            "X": 0.5716704726219177,
            "Y": 0.43874937295913696
          }
        ]
      },
      "Id": "3bc29506-d6c0-49b9-b0e6-8728bc5137ee",
      "Relationships": [
        {
          "Type": "CHILD",
          "Ids": [
            "42398b2f-9e67-4c1b-99ee-7e749c48e12a"
          ]
        }
      ],
      "Page": 1
    },
    {
      "BlockType": "LINE",
      "Confidence": 99.95863342285156,
      "Text": "8",
      "Geometry": {
        "BoundingBox": {
          "Width": 0.008237374946475029,
          "Height": 0.02085164561867714,
          "Left": 0.7313399314880371,
          "Top": 0.4179498255252838
        },
        "Polygon": [
          {
            "X": 0.7313399314880371,
            "Y": 0.4179658889770508
          },
          {
            "X": 0.7394911050796509,
            "Y": 0.4179498255252838
          },
          {
            "X": 0.7395772933959961,
            "Y": 0.43878573179244995
          },
          {
            "X": 0.7314262986183167,
            "Y": 0.43880149722099304
          }
        ]
      },
      "Id": "ebecdf6f-7ada-4068-b06b-faa4a521143f",
      "Relationships": [
        {
          "Type": "CHILD",
          "Ids": [
            "9d9a71fe-c40c-4fb9-9b82-b44feab106a8"
          ]
        }
      ],
      "Page": 1
    },
    {
      "BlockType": "LINE",
      "Confidence": 71.34955596923828,
      "Text": "AESE30/MHHPA",
      "Geometry": {
        "BoundingBox": {
          "Width": 0.14147484302520752,
          "Height": 0.01988091692328453,
          "Left": 0.17815648019313812,
          "Top": 0.4894833564758301
        },
        "Polygon": [
          {
            "X": 0.17815648019313812,
            "Y": 0.48974356055259705
          },
          {
            "X": 0.3195430636405945,
            "Y": 0.4894833564758301
          },
          {
            "X": 0.31963133811950684,
            "Y": 0.5091091394424438
          },
          {
            "X": 0.1782470941543579,
            "Y": 0.5093642473220825
          }
        ]
      },
      "Id": "fad7cad6-f7b1-461c-b62d-72645c4c8df8",
      "Relationships": [
        {
          "Type": "CHILD",
          "Ids": [
            "4707e2e8-a7a8-4dc5-b3f5-8c3a3b9fdcbe"
          ]
        }
      ],
      "Page": 1
    },
    {
      "BlockType": "LINE",
      "Confidence": 99.83133697509766,
      "Text": "70/30",
      "Geometry": {
        "BoundingBox": {
          "Width": 0.04266970604658127,
          "Height": 0.019936591386795044,
          "Left": 0.42164626717567444,
          "Top": 0.48952874541282654
        },
        "Polygon": [
          {
            "X": 0.42164626717567444,
            "Y": 0.4896070957183838
          },
          {
            "X": 0.46422910690307617,
            "Y": 0.48952874541282654
          },
          {
            "X": 0.4643159508705139,
            "Y": 0.5093885660171509
          },
          {
            "X": 0.4217338263988495,
            "Y": 0.5094653367996216
          }
        ]
      },
      "Id": "11e94f95-2416-4999-bad0-9c8e61eb750b",
      "Relationships": [
        {
          "Type": "CHILD",
          "Ids": [
            "a3d0ea5e-091d-49a5-b1b7-c8ea29bc8b1d"
          ]
        }
      ],
      "Page": 1
    },
    {
      "BlockType": "LINE",
      "Confidence": 99.7936782836914,
      "Text": "30.2",
      "Geometry": {
        "BoundingBox": {
          "Width": 0.03260510787367821,
          "Height": 0.020077141001820564,
          "Left": 0.5716454982757568,
          "Top": 0.4895602762699127
        },
        "Polygon": [
          {
            "X": 0.5716454982757568,
            "Y": 0.4896200895309448
          },
          {
            "X": 0.6041654348373413,
            "Y": 0.4895602762699127
          },
          {
            "X": 0.6042506098747253,
            "Y": 0.5095787644386292
          },
          {
            "X": 0.5717312097549438,
            "Y": 0.5096374154090881
          }
        ]
      },
      "Id": "0560d917-53f8-47ea-9d25-bb4c926f2fd4",
      "Relationships": [
        {
          "Type": "CHILD",
          "Ids": [
            "da4bdf57-4cdb-469c-ac6c-63a0af11f46e"
          ]
        }
      ],
      "Page": 1
    },
    {
      "BlockType": "LINE",
      "Confidence": 99.86715698242188,
      "Text": "13",
      "Geometry": {
        "BoundingBox": {
          "Width": 0.016029415652155876,
          "Height": 0.020159240812063217,
          "Left": 0.7279163599014282,
          "Top": 0.4894178509712219
        },
        "Polygon": [
          {
            "X": 0.7279163599014282,
            "Y": 0.4894471764564514
          },
          {
            "X": 0.7438625693321228,
            "Y": 0.4894178509712219
          },
          {
            "X": 0.7439457774162292,
            "Y": 0.5095483660697937
          },
          {
            "X": 0.7279998660087585,
            "Y": 0.5095770955085754
          }
        ]
      },
      "Id": "a385080d-0e6e-485c-9e7e-5135d3afee2c",
      "Relationships": [
        {
          "Type": "CHILD",
          "Ids": [
            "da256faa-ba70-4352-9c79-e03e32b5c072"
          ]
        }
      ],
      "Page": 1
    },
    {
      "BlockType": "LINE",
      "Confidence": 81.56644439697266,
      "Text": "AESE40/MHHPA",
      "Geometry": {
        "BoundingBox": {
          "Width": 0.14272235333919525,
          "Height": 0.02010592631995678,
          "Left": 0.17679879069328308,
          "Top": 0.5613909363746643
        },
        "Polygon": [
          {
            "X": 0.17679879069328308,
            "Y": 0.5616345405578613
          },
          {
            "X": 0.31943178176879883,
            "Y": 0.5613909363746643
          },
          {
            "X": 0.31952112913131714,
            "Y": 0.5812584161758423
          },
          {
            "X": 0.1768905520439148,
            "Y": 0.5814968347549438
          }
        ]
      },
      "Id": "52e747fe-db5c-43fb-baa7-e4f89bc2d22f",
      "Relationships": [
        {
          "Type": "CHILD",
          "Ids": [
            "4b1e2fcc-4e17-42a1-9805-9bfe358667d1"
          ]
        }
      ],
      "Page": 1
    },
    {
      "BlockType": "LINE",
      "Confidence": 99.86607360839844,
      "Text": "60/40",
      "Geometry": {
        "BoundingBox": {
          "Width": 0.04257514327764511,
          "Height": 0.020415829494595528,
          "Left": 0.4217471778392792,
          "Top": 0.5611404776573181
        },
        "Polygon": [
          {
            "X": 0.4217471778392792,
            "Y": 0.5612130761146545
          },
          {
            "X": 0.4642333686351776,
            "Y": 0.5611404776573181
          },
          {
            "X": 0.4643223285675049,
            "Y": 0.5814853310585022
          },
          {
            "X": 0.4218369126319885,
            "Y": 0.5815563201904297
          }
        ]
      },
      "Id": "f8274db8-7f40-436d-96ac-7f7025c0ed0a",
      "Relationships": [
        {
          "Type": "CHILD",
          "Ids": [
            "681c0045-af5e-4d2d-b000-57bafbda29a4"
          ]
        }
      ],
      "Page": 1
    },
    {
      "BlockType": "LINE",
      "Confidence": 99.96004486083984,
      "Text": "28.6",
      "Geometry": {
        "BoundingBox": {
          "Width": 0.03369038552045822,
          "Height": 0.020973503589630127,
          "Left": 0.5712476372718811,
          "Top": 0.5608183741569519
        },
        "Polygon": [
          {
            "X": 0.5712476372718811,
            "Y": 0.5608757734298706
          },
          {
            "X": 0.604849100112915,
            "Y": 0.5608183741569519
          },
          {
            "X": 0.6049380302429199,
            "Y": 0.5817357897758484
          },
          {
            "X": 0.5713372230529785,
            "Y": 0.581791877746582
          }
        ]
      },
      "Id": "5cf1fed5-c0f7-4071-a1d7-3974113b8a40",
      "Relationships": [
        {
          "Type": "CHILD",
          "Ids": [
            "e859c037-8b8f-48b9-b74c-b21e6c59ddbe"
          ]
        }
      ],
      "Page": 1
    },
    {
      "BlockType": "LINE",
      "Confidence": 99.66251373291016,
      "Text": "19",
      "Geometry": {
        "BoundingBox": {
          "Width": 0.016732564195990562,
          "Height": 0.020518358796834946,
          "Left": 0.7279053926467896,
          "Top": 0.5611921548843384
        },
        "Polygon": [
          {
            "X": 0.7279053926467896,
            "Y": 0.5612205862998962
          },
          {
            "X": 0.74455326795578,
            "Y": 0.5611921548843384
          },
          {
            "X": 0.7446379661560059,
            "Y": 0.5816827416419983
          },
          {
            "X": 0.7279903888702393,
            "Y": 0.5817105174064636
          }
        ]
      },
      "Id": "50585606-7e4b-48a3-8819-d7dac9839161",
      "Relationships": [
        {
          "Type": "CHILD",
          "Ids": [
            "758bd287-2a44-499c-b2a2-c2b1eeb344b6"
          ]
        }
      ],
      "Page": 1
    },
    {
      "BlockType": "LINE",
      "Confidence": 82.73187255859375,
      "Text": "AESE50/MHHPA",
      "Geometry": {
        "BoundingBox": {
          "Width": 0.14029566943645477,
          "Height": 0.020285053178668022,
          "Left": 0.1791030466556549,
          "Top": 0.6331163644790649
        },
        "Polygon": [
          {
            "X": 0.1791030466556549,
            "Y": 0.6333373188972473
          },
          {
            "X": 0.31930842995643616,
            "Y": 0.6331163644790649
          },
          {
            "X": 0.3193987011909485,
            "Y": 0.6531856060028076
          },
          {
            "X": 0.17919571697711945,
            "Y": 0.6534013748168945
          }
        ]
      },
      "Id": "3fad5acb-c2eb-4e55-bc85-1a84980dfb79",
      "Relationships": [
        {
          "Type": "CHILD",
          "Ids": [
            "9dc09a74-004f-4f5c-a5b1-7c028a22e0a4"
          ]
        }
      ],
      "Page": 1
    },
    {
      "BlockType": "LINE",
      "Confidence": 99.87843322753906,
      "Text": "50/50",
      "Geometry": {
        "BoundingBox": {
          "Width": 0.0428723581135273,
          "Height": 0.02001108229160309,
          "Left": 0.4215935468673706,
          "Top": 0.6334646940231323
        },
        "Polygon": [
          {
            "X": 0.4215935468673706,
            "Y": 0.6335320472717285
          },
          {
            "X": 0.46437868475914,
            "Y": 0.6334646940231323
          },
          {
            "X": 0.4644659161567688,
            "Y": 0.6534099578857422
          },
          {
            "X": 0.4216815233230591,
            "Y": 0.6534757614135742
          }
        ]
      },
      "Id": "cdee720a-33e7-429d-8b3b-63ab0ba176b7",
      "Relationships": [
        {
          "Type": "CHILD",
          "Ids": [
            "acd11c64-9b96-4304-aff8-6553516937c8"
          ]
        }
      ],
      "Page": 1
    },
    {
      "BlockType": "LINE",
      "Confidence": 99.83789825439453,
      "Text": "28.3",
      "Geometry": {
        "BoundingBox": {
          "Width": 0.032636385411024094,
          "Height": 0.020699458196759224,
          "Left": 0.5711685419082642,
          "Top": 0.632774293422699
        },
        "Polygon": [
          {
            "X": 0.5711685419082642,
            "Y": 0.6328255534172058
          },
          {
            "X": 0.6037170886993408,
            "Y": 0.632774293422699
          },
          {
            "X": 0.6038049459457397,
            "Y": 0.6534236669540405
          },
          {
            "X": 0.5712569355964661,
            "Y": 0.6534737348556519
          }
        ]
      },
      "Id": "78d8d1ce-bb78-4285-969c-ec96334c79bb",
      "Relationships": [
        {
          "Type": "CHILD",
          "Ids": [
            "3b14a1b7-790f-4388-9f2b-1e85d7f778b8"
          ]
        }
      ],
      "Page": 1
    },
    {
      "BlockType": "LINE",
      "Confidence": 99.728271484375,
      "Text": "25",
      "Geometry": {
        "BoundingBox": {
          "Width": 0.018173489719629288,
          "Height": 0.019716158509254456,
          "Left": 0.7259939312934875,
          "Top": 0.6333703994750977
        },
        "Polygon": [
          {
            "X": 0.7259939312934875,
            "Y": 0.6333988904953003
          },
          {
            "X": 0.7440860271453857,
            "Y": 0.6333703994750977
          },
          {
            "X": 0.7441674470901489,
            "Y": 0.6530587673187256
          },
          {
            "X": 0.7260756492614746,
            "Y": 0.6530865430831909
          }
        ]
      },
      "Id": "282ac1ce-d597-44e6-9a00-dae63126481f",
      "Relationships": [
        {
          "Type": "CHILD",
          "Ids": [
            "5c37e751-5441-4de4-bd2c-e3ae0680dbe5"
          ]
        }
      ],
      "Page": 1
    },
    {
      "BlockType": "LINE",
      "Confidence": 98.46711730957031,
      "Text": "PAESE30/MHHPA b",
      "Geometry": {
        "BoundingBox": {
          "Width": 0.15524868667125702,
          "Height": 0.026504550129175186,
          "Left": 0.17940984666347504,
          "Top": 0.6977312564849854
        },
        "Polygon": [
          {
            "X": 0.17940984666347504,
            "Y": 0.6979572772979736
          },
          {
            "X": 0.33454063534736633,
            "Y": 0.6977312564849854
          },
          {
            "X": 0.33465853333473206,
            "Y": 0.7240172624588013
          },
          {
            "X": 0.17953121662139893,
            "Y": 0.7242357730865479
          }
        ]
      },
      "Id": "54ba70d2-51ec-43b6-ac5b-f2c7c25741e4",
      "Relationships": [
        {
          "Type": "CHILD",
          "Ids": [
            "dac72512-6742-4ad7-95dc-de99b56cc28f",
            "b786fc7a-fdf5-4a1d-9076-b02bd64c4c39"
          ]
        }
      ],
      "Page": 1
    },
    {
      "BlockType": "LINE",
      "Confidence": 99.80236053466797,
      "Text": "70/30",
      "Geometry": {
        "BoundingBox": {
          "Width": 0.04274139553308487,
          "Height": 0.020341310650110245,
          "Left": 0.4216328561306,
          "Top": 0.7043155431747437
        },
        "Polygon": [
          {
            "X": 0.4216328561306,
            "Y": 0.7043771147727966
          },
          {
            "X": 0.46428555250167847,
            "Y": 0.7043155431747437
          },
          {
            "X": 0.46437424421310425,
            "Y": 0.7245967984199524
          },
          {
            "X": 0.42172229290008545,
            "Y": 0.7246568202972412
          }
        ]
      },
      "Id": "e64ec2dd-0319-42e4-9eaa-2ad5e7144f2a",
      "Relationships": [
        {
          "Type": "CHILD",
          "Ids": [
            "104b5197-91b5-42ee-885a-a31131b47973"
          ]
        }
      ],
      "Page": 1
    },
    {
      "BlockType": "LINE",
      "Confidence": 99.94155883789062,
      "Text": "25.3",
      "Geometry": {
        "BoundingBox": {
          "Width": 0.0323844738304615,
          "Height": 0.020189927890896797,
          "Left": 0.5710669755935669,
          "Top": 0.7044141292572021
        },
        "Polygon": [
          {
            "X": 0.5710669755935669,
            "Y": 0.7044607400894165
          },
          {
            "X": 0.6033657193183899,
            "Y": 0.7044141292572021
          },
          {
            "X": 0.6034514307975769,
            "Y": 0.7245585918426514
          },
          {
            "X": 0.5711532235145569,
            "Y": 0.7246040105819702
          }
        ]
      },
      "Id": "74fffdca-a853-4ed9-8d53-0e3f38e69ca7",
      "Relationships": [
        {
          "Type": "CHILD",
          "Ids": [
            "82a98750-68ca-4046-b8db-ac3f6ff1f61b"
          ]
        }
      ],
      "Page": 1
    },
    {
      "BlockType": "LINE",
      "Confidence": 99.92376708984375,
      "Text": "16",
      "Geometry": {
        "BoundingBox": {
          "Width": 0.017086252570152283,
          "Height": 0.019908500835299492,
          "Left": 0.7278605699539185,
          "Top": 0.7044892311096191
        },
        "Polygon": [
          {
            "X": 0.7278605699539185,
            "Y": 0.7045137882232666
          },
          {
            "X": 0.7448646426200867,
            "Y": 0.7044892311096191
          },
          {
            "X": 0.7449468374252319,
            "Y": 0.7243738174438477
          },
          {
            "X": 0.7279430627822876,
            "Y": 0.7243977189064026
          }
        ]
      },
      "Id": "41f0adb2-12a2-4920-bdfe-c9158acd5220",
      "Relationships": [
        {
          "Type": "CHILD",
          "Ids": [
            "92f2cc30-d430-4d0a-ab49-7f6c26c1f87a"
          ]
        }
      ],
      "Page": 1
    },
    {
      "BlockType": "WORD",
      "Confidence": 99.91580963134766,
      "Text": "Sample",
      "TextType": "PRINTED",
      "Geometry": {
        "BoundingBox": {
          "Width": 0.057382822036743164,
          "Height": 0.02560957707464695,
          "Left": 0.22873765230178833,
          "Top": 0.2736548185348511
        },
        "Polygon": [
          {
            "X": 0.22873765230178833,
            "Y": 0.27378299832344055
          },
          {
            "X": 0.2860051691532135,
            "Y": 0.2736548185348511
          },
          {
            "X": 0.2861204743385315,
            "Y": 0.2991389334201813
          },
          {
            "X": 0.2288542240858078,
            "Y": 0.29926440119743347
          }
        ]
      },
      "Id": "96f852cd-ea89-4170-b942-e8341da7e481",
      "Page": 1
    },
    {
      "BlockType": "WORD",
      "Confidence": 98.8160629272461,
      "Text": "AP-EGDE/PMPS",
      "TextType": "PRINTED",
      "Geometry": {
        "BoundingBox": {
          "Width": 0.1374591588973999,
          "Height": 0.02065064013004303,
          "Left": 0.3518276810646057,
          "Top": 0.2734171152114868
        },
        "Polygon": [
          {
            "X": 0.3518276810646057,
            "Y": 0.2737244963645935
          },
          {
            "X": 0.4891982972621918,
            "Y": 0.2734171152114868
          },
          {
            "X": 0.4892868399620056,
            "Y": 0.2937655448913574
          },
          {
            "X": 0.3519185781478882,
            "Y": 0.29406777024269104
          }
        ]
      },
      "Id": "2994733f-6e69-41a2-90d8-1073129109a2",
      "Page": 1
    },
    {
      "BlockType": "WORD",
      "Confidence": 99.92870330810547,
      "Text": "ratio",
      "TextType": "PRINTED",
      "Geometry": {
        "BoundingBox": {
          "Width": 0.03508787974715233,
          "Height": 0.02019684575498104,
          "Left": 0.4938395917415619,
          "Top": 0.2735811769962311
        },
        "Polygon": [
          {
            "X": 0.4938395917415619,
            "Y": 0.27365949749946594
          },
          {
            "X": 0.5288406014442444,
            "Y": 0.2735811769962311
          },
          {
            "X": 0.5289274454116821,
            "Y": 0.29370102286338806
          },
          {
            "X": 0.4939270317554474,
            "Y": 0.29377803206443787
          }
        ]
      },
      "Id": "aa4bed6e-6e56-49db-b08d-6bd93759e7bb",
      "Page": 1
    },
    {
      "BlockType": "WORD",
      "Confidence": 99.8382568359375,
      "Text": "LOI",
      "TextType": "PRINTED",
      "Geometry": {
        "BoundingBox": {
          "Width": 0.03188353031873703,
          "Height": 0.019742924720048904,
          "Left": 0.551662027835846,
          "Top": 0.27392250299453735
        },
        "Polygon": [
          {
            "X": 0.551662027835846,
            "Y": 0.2739936113357544
          },
          {
            "X": 0.583461582660675,
            "Y": 0.27392250299453735
          },
          {
            "X": 0.5835455656051636,
            "Y": 0.29359546303749084
          },
          {
            "X": 0.5517465472221375,
            "Y": 0.29366543889045715
          }
        ]
      },
      "Id": "b6ebdcc3-f338-46b5-8160-faccc4552a7a",
      "Page": 1
    },
    {
      "BlockType": "WORD",
      "Confidence": 99.93537902832031,
      "Text": "(%)",
      "TextType": "PRINTED",
      "Geometry": {
        "BoundingBox": {
          "Width": 0.027722695842385292,
          "Height": 0.02546689659357071,
          "Left": 0.5885486006736755,
          "Top": 0.27347251772880554
        },
        "Polygon": [
          {
            "X": 0.5885486006736755,
            "Y": 0.27353429794311523
          },
          {
            "X": 0.6161634922027588,
            "Y": 0.27347251772880554
          },
          {
            "X": 0.6162713170051575,
            "Y": 0.298878937959671
          },
          {
            "X": 0.5886569619178772,
            "Y": 0.29893943667411804
          }
        ]
      },
      "Id": "d9bbc9d6-0165-4f5b-8087-cb62a22ced7f",
      "Page": 1
    },
    {
      "BlockType": "WORD",
      "Confidence": 99.67815399169922,
      "Text": "Residue",
      "TextType": "PRINTED",
      "Geometry": {
        "BoundingBox": {
          "Width": 0.06188853457570076,
          "Height": 0.020263319835066795,
          "Left": 0.642156720161438,
          "Top": 0.2736603319644928
        },
        "Polygon": [
          {
            "X": 0.642156720161438,
            "Y": 0.27379852533340454
          },
          {
            "X": 0.7039613723754883,
            "Y": 0.2736603319644928
          },
          {
            "X": 0.704045295715332,
            "Y": 0.29378774762153625
          },
          {
            "X": 0.6422416567802429,
            "Y": 0.29392364621162415
          }
        ]
      },
      "Id": "7fd6c389-0cb9-4569-a1cc-76d28186d920",
      "Page": 1
    },
    {
      "BlockType": "WORD",
      "Confidence": 99.98321533203125,
      "Text": "at",
      "TextType": "PRINTED",
      "Geometry": {
        "BoundingBox": {
          "Width": 0.014122731052339077,
          "Height": 0.018075039610266685,
          "Left": 0.7091854214668274,
          "Top": 0.27588048577308655
        },
        "Polygon": [
          {
            "X": 0.7091854214668274,
            "Y": 0.2759118378162384
          },
          {
            "X": 0.7232332825660706,
            "Y": 0.27588048577308655
          },
          {
            "X": 0.7233081459999084,
            "Y": 0.29392462968826294
          },
          {
            "X": 0.7092605233192444,
            "Y": 0.293955534696579
          }
        ]
      },
      "Id": "5febb280-1016-476c-b2b0-13af3c5c0031",
      "Page": 1
    },
    {
      "BlockType": "WORD",
      "Confidence": 99.96778106689453,
      "Text": "700",
      "TextType": "PRINTED",
      "Geometry": {
        "BoundingBox": {
          "Width": 0.028010131791234016,
          "Height": 0.020156534388661385,
          "Left": 0.7280572652816772,
          "Top": 0.27366653084754944
        },
        "Polygon": [
          {
            "X": 0.7280572652816772,
            "Y": 0.27372896671295166
          },
          {
            "X": 0.7559845447540283,
            "Y": 0.27366653084754944
          },
          {
            "X": 0.7560673952102661,
            "Y": 0.29376164078712463
          },
          {
            "X": 0.7281405925750732,
            "Y": 0.2938230633735657
          }
        ]
      },
      "Id": "85ac9297-0d4b-4dd7-968d-7589487448ba",
      "Page": 1
    },
    {
      "BlockType": "WORD",
      "Confidence": 92.6460952758789,
      "Text": "°C",
      "TextType": "PRINTED",
      "Geometry": {
        "BoundingBox": {
          "Width": 0.020069846883416176,
          "Height": 0.019824687391519547,
          "Left": 0.7614808678627014,
          "Top": 0.27359479665756226
        },
        "Polygon": [
          {
            "X": 0.7614808678627014,
            "Y": 0.2736395001411438
          },
          {
            "X": 0.7814695835113525,
            "Y": 0.27359479665756226
          },
          {
            "X": 0.7815507054328918,
            "Y": 0.29337552189826965
          },
          {
            "X": 0.7615622878074646,
            "Y": 0.2934194803237915
          }
        ]
      },
      "Id": "f704caf4-3472-40d6-a60c-aca7e88d838a",
      "Page": 1
    },
    {
      "BlockType": "WORD",
      "Confidence": 39.51344299316406,
      "Text": "(%)",
      "TextType": "PRINTED",
      "Geometry": {
        "BoundingBox": {
          "Width": 0.03357011079788208,
          "Height": 0.027539197355508804,
          "Left": 0.7870771884918213,
          "Top": 0.2715795338153839
        },
        "Polygon": [
          {
            "X": 0.7870771884918213,
            "Y": 0.27165448665618896
          },
          {
            "X": 0.8205356001853943,
            "Y": 0.2715795338153839
          },
          {
            "X": 0.8206472992897034,
            "Y": 0.29904550313949585
          },
          {
            "X": 0.7871897220611572,
            "Y": 0.2991187274456024
          }
        ]
      },
      "Id": "a73922b3-8af7-470f-b227-672a7771585d",
      "Page": 1
    },
    {
      "BlockType": "WORD",
      "Confidence": 92.80107116699219,
      "Text": "a",
      "TextType": "PRINTED",
      "Geometry": {
        "BoundingBox": {
          "Width": 0.006278668530285358,
          "Height": 0.010173537768423557,
          "Left": 0.8148403763771057,
          "Top": 0.2713903486728668
        },
        "Polygon": [
          {
            "X": 0.8148403763771057,
            "Y": 0.27140429615974426
          },
          {
            "X": 0.8210777640342712,
            "Y": 0.2713903486728668
          },
          {
            "X": 0.8211190700531006,
            "Y": 0.28155001997947693
          },
          {
            "X": 0.8148817420005798,
            "Y": 0.2815638780593872
          }
        ]
      },
      "Id": "7fd5b6bd-d990-41d2-b1fc-ac62aec4d65c",
      "Page": 1
    },
    {
      "BlockType": "WORD",
      "Confidence": 85.09797668457031,
      "Text": "AP-EGDE/MHHPA",
      "TextType": "PRINTED",
      "Geometry": {
        "BoundingBox": {
          "Width": 0.15366557240486145,
          "Height": 0.020402437075972557,
          "Left": 0.17908835411071777,
          "Top": 0.34623196721076965
        },
        "Polygon": [
          {
            "X": 0.17908835411071777,
            "Y": 0.34655511379241943
          },
          {
            "X": 0.3326638340950012,
            "Y": 0.34623196721076965
          },
          {
            "X": 0.3327539265155792,
            "Y": 0.36631694436073303
          },
          {
            "X": 0.1791810542345047,
            "Y": 0.36663439869880676
          }
        ]
      },
      "Id": "8a46eb7d-bcb1-45c6-a5e8-296f1c3e3c07",
      "Page": 1
    },
    {
      "BlockType": "WORD",
      "Confidence": 99.85502624511719,
      "Text": "100/0",
      "TextType": "PRINTED",
      "Geometry": {
        "BoundingBox": {
          "Width": 0.0414801724255085,
          "Height": 0.02030162140727043,
          "Left": 0.4231230318546295,
          "Top": 0.34626105427742004
        },
        "Polygon": [
          {
            "X": 0.4231230318546295,
            "Y": 0.3463481068611145
          },
          {
            "X": 0.464514821767807,
            "Y": 0.34626105427742004
          },
          {
            "X": 0.4646032154560089,
            "Y": 0.3664771318435669
          },
          {
            "X": 0.4232121407985687,
            "Y": 0.3665626645088196
          }
        ]
      },
      "Id": "b9410ae0-6c23-4818-9fc0-eabfb6c04a43",
      "Page": 1
    },
    {
      "BlockType": "WORD",
      "Confidence": 99.51498413085938,
      "Text": "21.6",
      "TextType": "PRINTED",
      "Geometry": {
        "BoundingBox": {
          "Width": 0.03313016891479492,
          "Height": 0.020131317898631096,
          "Left": 0.5712993144989014,
          "Top": 0.34643590450286865
        },
        "Polygon": [
          {
            "X": 0.5712993144989014,
            "Y": 0.34650537371635437
          },
          {
            "X": 0.6043441295623779,
            "Y": 0.34643590450286865
          },
          {
            "X": 0.6044294834136963,
            "Y": 0.3664989471435547
          },
          {
            "X": 0.5713852047920227,
            "Y": 0.3665672242641449
          }
        ]
      },
      "Id": "9b48e982-3994-43fa-8903-e5ecd281fe12",
      "Page": 1
    },
    {
      "BlockType": "WORD",
      "Confidence": 99.43666076660156,
      "Text": "0",
      "TextType": "PRINTED",
      "Geometry": {
        "BoundingBox": {
          "Width": 0.009385338984429836,
          "Height": 0.02007378824055195,
          "Left": 0.7306897640228271,
          "Top": 0.3464970290660858
        },
        "Polygon": [
          {
            "X": 0.7306897640228271,
            "Y": 0.34651657938957214
          },
          {
            "X": 0.7399921417236328,
            "Y": 0.3464970290660858
          },
          {
            "X": 0.7400751113891602,
            "Y": 0.36655160784721375
          },
          {
            "X": 0.7307729125022888,
            "Y": 0.3665708303451538
          }
        ]
      },
      "Id": "48637f74-c32c-4de8-a76b-b2453c4e944b",
      "Page": 1
    },
    {
      "BlockType": "WORD",
      "Confidence": 75.18807983398438,
      "Text": "AESE20/MHHPA",
      "TextType": "PRINTED",
      "Geometry": {
        "BoundingBox": {
          "Width": 0.14168986678123474,
          "Height": 0.020456701517105103,
          "Left": 0.17754709720611572,
          "Top": 0.41808491945266724
        },
        "Polygon": [
          {
            "X": 0.17754709720611572,
            "Y": 0.41836413741111755
          },
          {
            "X": 0.31914618611335754,
            "Y": 0.41808491945266724
          },
          {
            "X": 0.31923696398735046,
            "Y": 0.43826767802238464
          },
          {
            "X": 0.17764028906822205,
            "Y": 0.43854162096977234
          }
        ]
      },
      "Id": "7365b157-1cc0-447b-806a-492076ad49bc",
      "Page": 1
    },
    {
      "BlockType": "WORD",
      "Confidence": 99.86372375488281,
      "Text": "80/20",
      "TextType": "PRINTED",
      "Geometry": {
        "BoundingBox": {
          "Width": 0.042656440287828445,
          "Height": 0.020660506561398506,
          "Left": 0.4216955900192261,
          "Top": 0.41810867190361023
        },
        "Polygon": [
          {
            "X": 0.4216955900192261,
            "Y": 0.418192595243454
          },
          {
            "X": 0.46426206827163696,
            "Y": 0.41810867190361023
          },
          {
            "X": 0.4643520414829254,
            "Y": 0.43868690729141235
          },
          {
            "X": 0.4217863380908966,
            "Y": 0.4387691915035248
          }
        ]
      },
      "Id": "73614705-54fb-4225-9d85-91cc3203a5ab",
      "Page": 1
    },
    {
      "BlockType": "WORD",
      "Confidence": 99.92466735839844,
      "Text": "30.0",
      "TextType": "PRINTED",
      "Geometry": {
        "BoundingBox": {
          "Width": 0.0326763354241848,
          "Height": 0.02033502236008644,
          "Left": 0.5715836882591248,
          "Top": 0.4184143543243408
        },
        "Polygon": [
          {
            "X": 0.5715836882591248,
            "Y": 0.4184785485267639
          },
          {
            "X": 0.6041738390922546,
            "Y": 0.4184143543243408
          },
          {
            "X": 0.6042600274085999,
            "Y": 0.4386863708496094
          },
          {
            "X": 0.5716704726219177,
            "Y": 0.43874937295913696
          }
        ]
      },
      "Id": "42398b2f-9e67-4c1b-99ee-7e749c48e12a",
      "Page": 1
    },
    {
      "BlockType": "WORD",
      "Confidence": 99.95863342285156,
      "Text": "8",
      "TextType": "PRINTED",
      "Geometry": {
        "BoundingBox": {
          "Width": 0.008237374946475029,
          "Height": 0.02085164561867714,
          "Left": 0.7313399314880371,
          "Top": 0.4179498255252838
        },
        "Polygon": [
          {
            "X": 0.7313399314880371,
            "Y": 0.4179658889770508
          },
          {
            "X": 0.7394911050796509,
            "Y": 0.4179498255252838
          },
          {
            "X": 0.7395772933959961,
            "Y": 0.43878573179244995
          },
          {
            "X": 0.7314262986183167,
            "Y": 0.43880149722099304
          }
        ]
      },
      "Id": "9d9a71fe-c40c-4fb9-9b82-b44feab106a8",
      "Page": 1
    },
    {
      "BlockType": "WORD",
      "Confidence": 71.34955596923828,
      "Text": "AESE30/MHHPA",
      "TextType": "PRINTED",
      "Geometry": {
        "BoundingBox": {
          "Width": 0.14147484302520752,
          "Height": 0.01988091692328453,
          "Left": 0.17815648019313812,
          "Top": 0.4894833564758301
        },
        "Polygon": [
          {
            "X": 0.17815648019313812,
            "Y": 0.48974356055259705
          },
          {
            "X": 0.3195430636405945,
            "Y": 0.4894833564758301
          },
          {
            "X": 0.31963133811950684,
            "Y": 0.5091091394424438
          },
          {
            "X": 0.1782470941543579,
            "Y": 0.5093642473220825
          }
        ]
      },
      "Id": "4707e2e8-a7a8-4dc5-b3f5-8c3a3b9fdcbe",
      "Page": 1
    },
    {
      "BlockType": "WORD",
      "Confidence": 99.83133697509766,
      "Text": "70/30",
      "TextType": "PRINTED",
      "Geometry": {
        "BoundingBox": {
          "Width": 0.04266970604658127,
          "Height": 0.019936591386795044,
          "Left": 0.42164626717567444,
          "Top": 0.48952874541282654
        },
        "Polygon": [
          {
            "X": 0.42164626717567444,
            "Y": 0.4896070957183838
          },
          {
            "X": 0.46422910690307617,
            "Y": 0.48952874541282654
          },
          {
            "X": 0.4643159508705139,
            "Y": 0.5093885660171509
          },
          {
            "X": 0.4217338263988495,
            "Y": 0.5094653367996216
          }
        ]
      },
      "Id": "a3d0ea5e-091d-49a5-b1b7-c8ea29bc8b1d",
      "Page": 1
    },
    {
      "BlockType": "WORD",
      "Confidence": 99.7936782836914,
      "Text": "30.2",
      "TextType": "PRINTED",
      "Geometry": {
        "BoundingBox": {
          "Width": 0.03260510787367821,
          "Height": 0.020077141001820564,
          "Left": 0.5716454982757568,
          "Top": 0.4895602762699127
        },
        "Polygon": [
          {
            "X": 0.5716454982757568,
            "Y": 0.4896200895309448
          },
          {
            "X": 0.6041654348373413,
            "Y": 0.4895602762699127
          },
          {
            "X": 0.6042506098747253,
            "Y": 0.5095787644386292
          },
          {
            "X": 0.5717312097549438,
            "Y": 0.5096374154090881
          }
        ]
      },
      "Id": "da4bdf57-4cdb-469c-ac6c-63a0af11f46e",
      "Page": 1
    },
    {
      "BlockType": "WORD",
      "Confidence": 99.86715698242188,
      "Text": "13",
      "TextType": "PRINTED",
      "Geometry": {
        "BoundingBox": {
          "Width": 0.016029415652155876,
          "Height": 0.020159240812063217,
          "Left": 0.7279163599014282,
          "Top": 0.4894178509712219
        },
        "Polygon": [
          {
            "X": 0.7279163599014282,
            "Y": 0.4894471764564514
          },
          {
            "X": 0.7438625693321228,
            "Y": 0.4894178509712219
          },
          {
            "X": 0.7439457774162292,
            "Y": 0.5095483660697937
          },
          {
            "X": 0.7279998660087585,
            "Y": 0.5095770955085754
          }
        ]
      },
      "Id": "da256faa-ba70-4352-9c79-e03e32b5c072",
      "Page": 1
    },
    {
      "BlockType": "WORD",
      "Confidence": 81.56644439697266,
      "Text": "AESE40/MHHPA",
      "TextType": "PRINTED",
      "Geometry": {
        "BoundingBox": {
          "Width": 0.14272235333919525,
          "Height": 0.02010592631995678,
          "Left": 0.17679879069328308,
          "Top": 0.5613909363746643
        },
        "Polygon": [
          {
            "X": 0.17679879069328308,
            "Y": 0.5616345405578613
          },
          {
            "X": 0.31943178176879883,
            "Y": 0.5613909363746643
          },
          {
            "X": 0.31952112913131714,
            "Y": 0.5812584161758423
          },
          {
            "X": 0.1768905520439148,
            "Y": 0.5814968347549438
          }
        ]
      },
      "Id": "4b1e2fcc-4e17-42a1-9805-9bfe358667d1",
      "Page": 1
    },
    {
      "BlockType": "WORD",
      "Confidence": 99.86607360839844,
      "Text": "60/40",
      "TextType": "PRINTED",
      "Geometry": {
        "BoundingBox": {
          "Width": 0.04257514327764511,
          "Height": 0.020415829494595528,
          "Left": 0.4217471778392792,
          "Top": 0.5611404776573181
        },
        "Polygon": [
          {
            "X": 0.4217471778392792,
            "Y": 0.5612130761146545
          },
          {
            "X": 0.4642333686351776,
            "Y": 0.5611404776573181
          },
          {
            "X": 0.4643223285675049,
            "Y": 0.5814853310585022
          },
          {
            "X": 0.4218369126319885,
            "Y": 0.5815563201904297
          }
        ]
      },
      "Id": "681c0045-af5e-4d2d-b000-57bafbda29a4",
      "Page": 1
    },
    {
      "BlockType": "WORD",
      "Confidence": 99.96004486083984,
      "Text": "28.6",
      "TextType": "PRINTED",
      "Geometry": {
        "BoundingBox": {
          "Width": 0.03369038552045822,
          "Height": 0.020973503589630127,
          "Left": 0.5712476372718811,
          "Top": 0.5608183741569519
        },
        "Polygon": [
          {
            "X": 0.5712476372718811,
            "Y": 0.5608757734298706
          },
          {
            "X": 0.604849100112915,
            "Y": 0.5608183741569519
          },
          {
            "X": 0.6049380302429199,
            "Y": 0.5817357897758484
          },
          {
            "X": 0.5713372230529785,
            "Y": 0.581791877746582
          }
        ]
      },
      "Id": "e859c037-8b8f-48b9-b74c-b21e6c59ddbe",
      "Page": 1
    },
    {
      "BlockType": "WORD",
      "Confidence": 99.66251373291016,
      "Text": "19",
      "TextType": "PRINTED",
      "Geometry": {
        "BoundingBox": {
          "Width": 0.016732564195990562,
          "Height": 0.020518358796834946,
          "Left": 0.7279053926467896,
          "Top": 0.5611921548843384
        },
        "Polygon": [
          {
            "X": 0.7279053926467896,
            "Y": 0.5612205862998962
          },
          {
            "X": 0.74455326795578,
            "Y": 0.5611921548843384
          },
          {
            "X": 0.7446379661560059,
            "Y": 0.5816827416419983
          },
          {
            "X": 0.7279903888702393,
            "Y": 0.5817105174064636
          }
        ]
      },
      "Id": "758bd287-2a44-499c-b2a2-c2b1eeb344b6",
      "Page": 1
    },
    {
      "BlockType": "WORD",
      "Confidence": 82.73187255859375,
      "Text": "AESE50/MHHPA",
      "TextType": "PRINTED",
      "Geometry": {
        "BoundingBox": {
          "Width": 0.14029566943645477,
          "Height": 0.020285053178668022,
          "Left": 0.1791030466556549,
          "Top": 0.6331163644790649
        },
        "Polygon": [
          {
            "X": 0.1791030466556549,
            "Y": 0.6333373188972473
          },
          {
            "X": 0.31930842995643616,
            "Y": 0.6331163644790649
          },
          {
            "X": 0.3193987011909485,
            "Y": 0.6531856060028076
          },
          {
            "X": 0.17919571697711945,
            "Y": 0.6534013748168945
          }
        ]
      },
      "Id": "9dc09a74-004f-4f5c-a5b1-7c028a22e0a4",
      "Page": 1
    },
    {
      "BlockType": "WORD",
      "Confidence": 99.87843322753906,
      "Text": "50/50",
      "TextType": "PRINTED",
      "Geometry": {
        "BoundingBox": {
          "Width": 0.0428723581135273,
          "Height": 0.02001108229160309,
          "Left": 0.4215935468673706,
          "Top": 0.6334646940231323
        },
        "Polygon": [
          {
            "X": 0.4215935468673706,
            "Y": 0.6335320472717285
          },
          {
            "X": 0.46437868475914,
            "Y": 0.6334646940231323
          },
          {
            "X": 0.4644659161567688,
            "Y": 0.6534099578857422
          },
          {
            "X": 0.4216815233230591,
            "Y": 0.6534757614135742
          }
        ]
      },
      "Id": "acd11c64-9b96-4304-aff8-6553516937c8",
      "Page": 1
    },
    {
      "BlockType": "WORD",
      "Confidence": 99.83789825439453,
      "Text": "28.3",
      "TextType": "PRINTED",
      "Geometry": {
        "BoundingBox": {
          "Width": 0.032636385411024094,
          "Height": 0.020699458196759224,
          "Left": 0.5711685419082642,
          "Top": 0.632774293422699
        },
        "Polygon": [
          {
            "X": 0.5711685419082642,
            "Y": 0.6328255534172058
          },
          {
            "X": 0.6037170886993408,
            "Y": 0.632774293422699
          },
          {
            "X": 0.6038049459457397,
            "Y": 0.6534236669540405
          },
          {
            "X": 0.5712569355964661,
            "Y": 0.6534737348556519
          }
        ]
      },
      "Id": "3b14a1b7-790f-4388-9f2b-1e85d7f778b8",
      "Page": 1
    },
    {
      "BlockType": "WORD",
      "Confidence": 99.728271484375,
      "Text": "25",
      "TextType": "PRINTED",
      "Geometry": {
        "BoundingBox": {
          "Width": 0.018173489719629288,
          "Height": 0.019716158509254456,
          "Left": 0.7259939312934875,
          "Top": 0.6333703994750977
        },
        "Polygon": [
          {
            "X": 0.7259939312934875,
            "Y": 0.6333988904953003
          },
          {
            "X": 0.7440860271453857,
            "Y": 0.6333703994750977
          },
          {
            "X": 0.7441674470901489,
            "Y": 0.6530587673187256
          },
          {
            "X": 0.7260756492614746,
            "Y": 0.6530865430831909
          }
        ]
      },
      "Id": "5c37e751-5441-4de4-bd2c-e3ae0680dbe5",
      "Page": 1
    },
    {
      "BlockType": "WORD",
      "Confidence": 97.01551055908203,
      "Text": "PAESE30/MHHPA",
      "TextType": "PRINTED",
      "Geometry": {
        "BoundingBox": {
          "Width": 0.14929424226284027,
          "Height": 0.022222988307476044,
          "Left": 0.1794295758008957,
          "Top": 0.7020127773284912
        },
        "Polygon": [
          {
            "X": 0.1794295758008957,
            "Y": 0.7022290229797363
          },
          {
            "X": 0.328624963760376,
            "Y": 0.7020127773284912
          },
          {
            "X": 0.32872381806373596,
            "Y": 0.7240256071090698
          },
          {
            "X": 0.17953121662139893,
            "Y": 0.7242357730865479
          }
        ]
      },
      "Id": "dac72512-6742-4ad7-95dc-de99b56cc28f",
      "Page": 1
    },
    {
      "BlockType": "WORD",
      "Confidence": 99.9187240600586,
      "Text": "b",
      "TextType": "PRINTED",
      "Geometry": {
        "BoundingBox": {
          "Width": 0.006136422976851463,
          "Height": 0.014221264980733395,
          "Left": 0.3284679651260376,
          "Top": 0.6977312564849854
        },
        "Polygon": [
          {
            "X": 0.3284679651260376,
            "Y": 0.6977400779724121
          },
          {
            "X": 0.33454063534736633,
            "Y": 0.6977312564849854
          },
          {
            "X": 0.3346043825149536,
            "Y": 0.7119438052177429
          },
          {
            "X": 0.32853177189826965,
            "Y": 0.7119525074958801
          }
        ]
      },
      "Id": "b786fc7a-fdf5-4a1d-9076-b02bd64c4c39",
      "Page": 1
    },
    {
      "BlockType": "WORD",
      "Confidence": 99.80236053466797,
      "Text": "70/30",
      "TextType": "PRINTED",
      "Geometry": {
        "BoundingBox": {
          "Width": 0.04274139553308487,
          "Height": 0.020341310650110245,
          "Left": 0.4216328561306,
          "Top": 0.7043155431747437
        },
        "Polygon": [
          {
            "X": 0.4216328561306,
            "Y": 0.7043771147727966
          },
          {
            "X": 0.46428555250167847,
            "Y": 0.7043155431747437
          },
          {
            "X": 0.46437424421310425,
            "Y": 0.7245967984199524
          },
          {
            "X": 0.42172229290008545,
            "Y": 0.7246568202972412
          }
        ]
      },
      "Id": "104b5197-91b5-42ee-885a-a31131b47973",
      "Page": 1
    },
    {
      "BlockType": "WORD",
      "Confidence": 99.94155883789062,
      "Text": "25.3",
      "TextType": "PRINTED",
      "Geometry": {
        "BoundingBox": {
          "Width": 0.0323844738304615,
          "Height": 0.020189927890896797,
          "Left": 0.5710669755935669,
          "Top": 0.7044141292572021
        },
        "Polygon": [
          {
            "X": 0.5710669755935669,
            "Y": 0.7044607400894165
          },
          {
            "X": 0.6033657193183899,
            "Y": 0.7044141292572021
          },
          {
            "X": 0.6034514307975769,
            "Y": 0.7245585918426514
          },
          {
            "X": 0.5711532235145569,
            "Y": 0.7246040105819702
          }
        ]
      },
      "Id": "82a98750-68ca-4046-b8db-ac3f6ff1f61b",
      "Page": 1
    },
    {
      "BlockType": "WORD",
      "Confidence": 99.92376708984375,
      "Text": "16",
      "TextType": "PRINTED",
      "Geometry": {
        "BoundingBox": {
          "Width": 0.017086252570152283,
          "Height": 0.019908500835299492,
          "Left": 0.7278605699539185,
          "Top": 0.7044892311096191
        },
        "Polygon": [
          {
            "X": 0.7278605699539185,
            "Y": 0.7045137882232666
          },
          {
            "X": 0.7448646426200867,
            "Y": 0.7044892311096191
          },
          {
            "X": 0.7449468374252319,
            "Y": 0.7243738174438477
          },
          {
            "X": 0.7279430627822876,
            "Y": 0.7243977189064026
          }
        ]
      },
      "Id": "92f2cc30-d430-4d0a-ab49-7f6c26c1f87a",
      "Page": 1
    },
    {
      "BlockType": "TABLE",
      "Confidence": 99.755859375,
      "Geometry": {
        "BoundingBox": {
          "Width": 0.6568806171417236,
          "Height": 0.5031188130378723,
          "Left": 0.1718778908252716,
          "Top": 0.24745647609233856
        },
        "Polygon": [
          {
            "X": 0.1718778908252716,
            "Y": 0.2489520162343979
          },
          {
            "X": 0.8267186880111694,
            "Y": 0.24745647609233856
          },
          {
            "X": 0.8287585377693176,
            "Y": 0.7496849298477173
          },
          {
            "X": 0.17419686913490295,
            "Y": 0.7505753040313721
          }
        ]
      },
      "Id": "06b3b8e1-6b74-43cf-9ff7-1963c5ebd1e1",
      "Relationships": [
        {
          "Type": "CHILD",
          "Ids": [
            "7f5d953b-3942-41d3-8d7e-3ae6246191e1",
            "ca776305-d004-4337-abd5-51f1ce852cbd",
            "16e747b3-6cbd-42fe-9a65-a3fbc02e468d",
            "a88f3c2e-d489-4640-85f2-d0621541d1ea",
            "498e21a4-08c3-4640-9f45-c223d1f02561",
            "a92c6947-207c-49ca-bd79-619f1bec765b",
            "7a2aefaf-4757-4243-add8-25a6c30a229c",
            "8caeb217-8d9e-4314-a97e-739d0d9cdece",
            "d48a910c-f56d-4c0f-8560-d1e30bad67e4",
            "edde6995-e16f-401c-9b3c-061dbca89751",
            "d2793d95-9e75-457e-8275-559914107ae5",
            "e3bef6ab-bfa3-43eb-bb51-5bde05697db6",
            "4917be4f-ff11-4da6-9a40-019690c56c0b",
            "458052f7-10be-43ce-b690-99fd730accba",
            "6c5820fb-b21e-4751-9e7d-52dd19ca623f",
            "9fc6cee7-f61e-45a3-8f58-fb4faac4bed2",
            "5a489d3f-0fa4-420b-b570-c7bde8bc8d91",
            "adb4a089-0f93-48de-950b-6b97cf67d21b",
            "b494d911-c1f4-4a84-bc16-1b4b1bb57dbc",
            "0037a6a4-8cf6-4cd7-ab59-e9eda5e51c4d",
            "74021f0b-68ed-4755-a076-fb826b59cddf",
            "e7a30b79-3803-4981-acf8-07da374838fb",
            "0763f821-12ba-4e9e-b476-5177d22ebac2",
            "5c939b50-2de0-412c-b9b4-5543702eb357",
            "facc89df-fa85-4601-b24d-f38107740f57",
            "84d9236a-6a86-4855-8574-578f4fa1bc2f",
            "1c52ba3a-8ccf-4898-bbbf-976ded609b55",
            "633812ca-4393-4c06-8170-1a046bc66fc7"
          ]
        }
      ],
      "EntityTypes": [
        "STRUCTURED_TABLE"
      ],
      "Page": 1
    },
    {
      "BlockType": "CELL",
      "Confidence": 93.115234375,
      "RowIndex": 1,
      "ColumnIndex": 1,
      "RowSpan": 1,
      "ColumnSpan": 1,
      "Geometry": {
        "BoundingBox": {
          "Width": 0.17261339724063873,
          "Height": 0.0723113939166069,
          "Left": 0.1718778908252716,
          "Top": 0.24855852127075195
        },
        "Polygon": [
          {
            "X": 0.1718778908252716,
            "Y": 0.2489520162343979
          },
          {
            "X": 0.34416934847831726,
            "Y": 0.24855852127075195
          },
          {
            "X": 0.34449130296707153,
            "Y": 0.3204992711544037
          },
          {
            "X": 0.17221036553382874,
            "Y": 0.32086992263793945
          }
        ]
      },
      "Id": "7f5d953b-3942-41d3-8d7e-3ae6246191e1",
      "Relationships": [
        {
          "Type": "CHILD",
          "Ids": [
            "96f852cd-ea89-4170-b942-e8341da7e481"
          ]
        }
      ],
      "EntityTypes": [
        "COLUMN_HEADER"
      ],
      "Page": 1
    },
    {
      "BlockType": "CELL",
      "Confidence": 94.3359375,
      "RowIndex": 1,
      "ColumnIndex": 2,
      "RowSpan": 1,
      "ColumnSpan": 1,
      "Geometry": {
        "BoundingBox": {
          "Width": 0.19559362530708313,
          "Height": 0.072386734187603,
          "Left": 0.34416934847831726,
          "Top": 0.2481125295162201
        },
        "Polygon": [
          {
            "X": 0.34416934847831726,
            "Y": 0.24855852127075195
          },
          {
            "X": 0.5394529700279236,
            "Y": 0.2481125295162201
          },
          {
            "X": 0.5397629737854004,
            "Y": 0.32007917761802673
          },
          {
            "X": 0.34449130296707153,
            "Y": 0.3204992711544037
          }
        ]
      },
      "Id": "ca776305-d004-4337-abd5-51f1ce852cbd",
      "Relationships": [
        {
          "Type": "CHILD",
          "Ids": [
            "2994733f-6e69-41a2-90d8-1073129109a2",
            "aa4bed6e-6e56-49db-b08d-6bd93759e7bb"
          ]
        }
      ],
      "EntityTypes": [
        "COLUMN_HEADER"
      ],
      "Page": 1
    },
    {
      "BlockType": "CELL",
      "Confidence": 89.794921875,
      "RowIndex": 1,
      "ColumnIndex": 3,
      "RowSpan": 1,
      "ColumnSpan": 1,
      "Geometry": {
        "BoundingBox": {
          "Width": 0.09337340295314789,
          "Height": 0.07217918336391449,
          "Left": 0.5394529700279236,
          "Top": 0.24789997935295105
        },
        "Polygon": [
          {
            "X": 0.5394529700279236,
            "Y": 0.2481125295162201
          },
          {
            "X": 0.6325220465660095,
            "Y": 0.24789997935295105
          },
          {
            "X": 0.6328263282775879,
            "Y": 0.3198789358139038
          },
          {
            "X": 0.5397629737854004,
            "Y": 0.32007917761802673
          }
        ]
      },
      "Id": "16e747b3-6cbd-42fe-9a65-a3fbc02e468d",
      "Relationships": [
        {
          "Type": "CHILD",
          "Ids": [
            "b6ebdcc3-f338-46b5-8160-faccc4552a7a",
            "d9bbc9d6-0165-4f5b-8087-cb62a22ced7f"
          ]
        }
      ],
      "EntityTypes": [
        "COLUMN_HEADER"
      ],
      "Page": 1
    },
    {
      "BlockType": "CELL",
      "Confidence": 95.60546875,
      "RowIndex": 1,
      "ColumnIndex": 4,
      "RowSpan": 1,
      "ColumnSpan": 1,
      "Geometry": {
        "BoundingBox": {
          "Width": 0.19448912143707275,
          "Height": 0.07242247462272644,
          "Left": 0.6325220465660095,
          "Top": 0.24745647609233856
        },
        "Polygon": [
          {
            "X": 0.6325220465660095,
            "Y": 0.24789997935295105
          },
          {
            "X": 0.8267186880111694,
            "Y": 0.24745647609233856
          },
          {
            "X": 0.8270111680030823,
            "Y": 0.3194611668586731
          },
          {
            "X": 0.6328263282775879,
            "Y": 0.3198789358139038
          }
        ]
      },
      "Id": "a88f3c2e-d489-4640-85f2-d0621541d1ea",
      "Relationships": [
        {
          "Type": "CHILD",
          "Ids": [
            "7fd6c389-0cb9-4569-a1cc-76d28186d920",
            "5febb280-1016-476c-b2b0-13af3c5c0031",
            "85ac9297-0d4b-4dd7-968d-7589487448ba",
            "f704caf4-3472-40d6-a60c-aca7e88d838a",
            "a73922b3-8af7-470f-b227-672a7771585d",
            "7fd5b6bd-d990-41d2-b1fc-ac62aec4d65c"
          ]
        }
      ],
      "EntityTypes": [
        "COLUMN_HEADER"
      ],
      "Page": 1
    },
    {
      "BlockType": "CELL",
      "Confidence": 89.599609375,
      "RowIndex": 2,
      "ColumnIndex": 1,
      "RowSpan": 1,
      "ColumnSpan": 1,
      "Geometry": {
        "BoundingBox": {
          "Width": 0.1726032942533493,
          "Height": 0.07238341122865677,
          "Left": 0.17221036553382874,
          "Top": 0.3204992711544037
        },
        "Polygon": [
          {
            "X": 0.17221036553382874,
            "Y": 0.32086992263793945
          },
          {
            "X": 0.34449130296707153,
            "Y": 0.3204992711544037
          },
          {
            "X": 0.34481367468833923,
            "Y": 0.39253491163253784
          },
          {
            "X": 0.17254327237606049,
            "Y": 0.39288267493247986
          }
        ]
      },
      "Id": "498e21a4-08c3-4640-9f45-c223d1f02561",
      "Relationships": [
        {
          "Type": "CHILD",
          "Ids": [
            "8a46eb7d-bcb1-45c6-a5e8-296f1c3e3c07"
          ]
        }
      ],
      "Page": 1
    },
    {
      "BlockType": "CELL",
      "Confidence": 90.72265625,
      "RowIndex": 2,
      "ColumnIndex": 2,
      "RowSpan": 1,
      "ColumnSpan": 1,
      "Geometry": {
        "BoundingBox": {
          "Width": 0.19558210670948029,
          "Height": 0.0724557414650917,
          "Left": 0.34449130296707153,
          "Top": 0.32007917761802673
        },
        "Polygon": [
          {
            "X": 0.34449130296707153,
            "Y": 0.3204992711544037
          },
          {
            "X": 0.5397629737854004,
            "Y": 0.32007917761802673
          },
          {
            "X": 0.5400733947753906,
            "Y": 0.3921407163143158
          },
          {
            "X": 0.34481367468833923,
            "Y": 0.39253491163253784
          }
        ]
      },
      "Id": "a92c6947-207c-49ca-bd79-619f1bec765b",
      "Relationships": [
        {
          "Type": "CHILD",
          "Ids": [
            "b9410ae0-6c23-4818-9fc0-eabfb6c04a43"
          ]
        }
      ],
      "Page": 1
    },
    {
      "BlockType": "CELL",
      "Confidence": 86.42578125,
      "RowIndex": 2,
      "ColumnIndex": 3,
      "RowSpan": 1,
      "ColumnSpan": 1,
      "Geometry": {
        "BoundingBox": {
          "Width": 0.09336812049150467,
          "Height": 0.0722617581486702,
          "Left": 0.5397629737854004,
          "Top": 0.3198789358139038
        },
        "Polygon": [
          {
            "X": 0.5397629737854004,
            "Y": 0.32007917761802673
          },
          {
            "X": 0.6328263282775879,
            "Y": 0.3198789358139038
          },
          {
            "X": 0.6331310868263245,
            "Y": 0.39195284247398376
          },
          {
            "X": 0.5400733947753906,
            "Y": 0.3921407163143158
          }
        ]
      },
      "Id": "7a2aefaf-4757-4243-add8-25a6c30a229c",
      "Relationships": [
        {
          "Type": "CHILD",
          "Ids": [
            "9b48e982-3994-43fa-8903-e5ecd281fe12"
          ]
        }
      ],
      "Page": 1
    },
    {
      "BlockType": "CELL",
      "Confidence": 91.9921875,
      "RowIndex": 2,
      "ColumnIndex": 4,
      "RowSpan": 1,
      "ColumnSpan": 1,
      "Geometry": {
        "BoundingBox": {
          "Width": 0.1944776177406311,
          "Height": 0.07249166816473007,
          "Left": 0.6328263282775879,
          "Top": 0.3194611668586731
        },
        "Polygon": [
          {
            "X": 0.6328263282775879,
            "Y": 0.3198789358139038
          },
          {
            "X": 0.8270111680030823,
            "Y": 0.3194611668586731
          },
          {
            "X": 0.8273040056228638,
            "Y": 0.3915608525276184
          },
          {
            "X": 0.6331310868263245,
            "Y": 0.39195284247398376
          }
        ]
      },
      "Id": "8caeb217-8d9e-4314-a97e-739d0d9cdece",
      "Relationships": [
        {
          "Type": "CHILD",
          "Ids": [
            "48637f74-c32c-4de8-a76b-b2453c4e944b"
          ]
        }
      ],
      "Page": 1
    },
    {
      "BlockType": "CELL",
      "Confidence": 89.208984375,
      "RowIndex": 3,
      "ColumnIndex": 1,
      "RowSpan": 1,
      "ColumnSpan": 1,
      "Geometry": {
        "BoundingBox": {
          "Width": 0.17259272933006287,
          "Height": 0.07235165685415268,
          "Left": 0.17254327237606049,
          "Top": 0.39253491163253784
        },
        "Polygon": [
          {
            "X": 0.17254327237606049,
            "Y": 0.39288267493247986
          },
          {
            "X": 0.34481367468833923,
            "Y": 0.39253491163253784
          },
          {
            "X": 0.34513601660728455,
            "Y": 0.4645616412162781
          },
          {
            "X": 0.17287614941596985,
            "Y": 0.46488654613494873
          }
        ]
      },
      "Id": "d48a910c-f56d-4c0f-8560-d1e30bad67e4",
      "Relationships": [
        {
          "Type": "CHILD",
          "Ids": [
            "7365b157-1cc0-447b-806a-492076ad49bc"
          ]
        }
      ],
      "Page": 1
    },
    {
      "BlockType": "CELL",
      "Confidence": 90.380859375,
      "RowIndex": 3,
      "ColumnIndex": 2,
      "RowSpan": 1,
      "ColumnSpan": 1,
      "Geometry": {
        "BoundingBox": {
          "Width": 0.19557012617588043,
          "Height": 0.07242092490196228,
          "Left": 0.34481367468833923,
          "Top": 0.3921407163143158
        },
        "Polygon": [
          {
            "X": 0.34481367468833923,
            "Y": 0.39253491163253784
          },
          {
            "X": 0.5400733947753906,
            "Y": 0.3921407163143158
          },
          {
            "X": 0.5403838157653809,
            "Y": 0.46419334411621094
          },
          {
            "X": 0.34513601660728455,
            "Y": 0.4645616412162781
          }
        ]
      },
      "Id": "edde6995-e16f-401c-9b3c-061dbca89751",
      "Relationships": [
        {
          "Type": "CHILD",
          "Ids": [
            "73614705-54fb-4225-9d85-91cc3203a5ab"
          ]
        }
      ],
      "Page": 1
    },
    {
      "BlockType": "CELL",
      "Confidence": 86.03515625,
      "RowIndex": 3,
      "ColumnIndex": 3,
      "RowSpan": 1,
      "ColumnSpan": 1,
      "Geometry": {
        "BoundingBox": {
          "Width": 0.09336238354444504,
          "Height": 0.07224050909280777,
          "Left": 0.5400733947753906,
          "Top": 0.39195284247398376
        },
        "Polygon": [
          {
            "X": 0.5400733947753906,
            "Y": 0.3921407163143158
          },
          {
            "X": 0.6331310868263245,
            "Y": 0.39195284247398376
          },
          {
            "X": 0.6334357857704163,
            "Y": 0.4640178382396698
          },
          {
            "X": 0.5403838157653809,
            "Y": 0.46419334411621094
          }
        ]
      },
      "Id": "d2793d95-9e75-457e-8275-559914107ae5",
      "Relationships": [
        {
          "Type": "CHILD",
          "Ids": [
            "42398b2f-9e67-4c1b-99ee-7e749c48e12a"
          ]
        }
      ],
      "Page": 1
    },
    {
      "BlockType": "CELL",
      "Confidence": 91.6015625,
      "RowIndex": 3,
      "ColumnIndex": 4,
      "RowSpan": 1,
      "ColumnSpan": 1,
      "Geometry": {
        "BoundingBox": {
          "Width": 0.19446569681167603,
          "Height": 0.07245698571205139,
          "Left": 0.6331310868263245,
          "Top": 0.3915608525276184
        },
        "Polygon": [
          {
            "X": 0.6331310868263245,
            "Y": 0.39195284247398376
          },
          {
            "X": 0.8273040056228638,
            "Y": 0.3915608525276184
          },
          {
            "X": 0.8275967836380005,
            "Y": 0.4636515974998474
          },
          {
            "X": 0.6334357857704163,
            "Y": 0.4640178382396698
          }
        ]
      },
      "Id": "e3bef6ab-bfa3-43eb-bb51-5bde05697db6",
      "Relationships": [
        {
          "Type": "CHILD",
          "Ids": [
            "9d9a71fe-c40c-4fb9-9b82-b44feab106a8"
          ]
        }
      ],
      "Page": 1
    },
    {
      "BlockType": "CELL",
      "Confidence": 88.96484375,
      "RowIndex": 4,
      "ColumnIndex": 1,
      "RowSpan": 1,
      "ColumnSpan": 1,
      "Geometry": {
        "BoundingBox": {
          "Width": 0.17258214950561523,
          "Height": 0.07231990993022919,
          "Left": 0.17287614941596985,
          "Top": 0.4645616412162781
        },
        "Polygon": [
          {
            "X": 0.17287614941596985,
            "Y": 0.46488654613494873
          },
          {
            "X": 0.34513601660728455,
            "Y": 0.4645616412162781
          },
          {
            "X": 0.3454582989215851,
            "Y": 0.5365794897079468
          },
          {
            "X": 0.17320896685123444,
            "Y": 0.5368815660476685
          }
        ]
      },
      "Id": "4917be4f-ff11-4da6-9a40-019690c56c0b",
      "Relationships": [
        {
          "Type": "CHILD",
          "Ids": [
            "4707e2e8-a7a8-4dc5-b3f5-8c3a3b9fdcbe"
          ]
        }
      ],
      "Page": 1
    },
    {
      "BlockType": "CELL",
      "Confidence": 90.087890625,
      "RowIndex": 4,
      "ColumnIndex": 2,
      "RowSpan": 1,
      "ColumnSpan": 1,
      "Geometry": {
        "BoundingBox": {
          "Width": 0.19555813074111938,
          "Height": 0.07238612323999405,
          "Left": 0.34513601660728455,
          "Top": 0.46419334411621094
        },
        "Polygon": [
          {
            "X": 0.34513601660728455,
            "Y": 0.4645616412162781
          },
          {
            "X": 0.5403838157653809,
            "Y": 0.46419334411621094
          },
          {
            "X": 0.5406941175460815,
            "Y": 0.5362370610237122
          },
          {
            "X": 0.3454582989215851,
            "Y": 0.5365794897079468
          }
        ]
      },
      "Id": "458052f7-10be-43ce-b690-99fd730accba",
      "Relationships": [
        {
          "Type": "CHILD",
          "Ids": [
            "a3d0ea5e-091d-49a5-b1b7-c8ea29bc8b1d"
          ]
        }
      ],
      "Page": 1
    },
    {
      "BlockType": "CELL",
      "Confidence": 85.791015625,
      "RowIndex": 4,
      "ColumnIndex": 3,
      "RowSpan": 1,
      "ColumnSpan": 1,
      "Geometry": {
        "BoundingBox": {
          "Width": 0.0933566465973854,
          "Height": 0.07221926003694534,
          "Left": 0.5403838157653809,
          "Top": 0.4640178382396698
        },
        "Polygon": [
          {
            "X": 0.5403838157653809,
            "Y": 0.46419334411621094
          },
          {
            "X": 0.6334357857704163,
            "Y": 0.4640178382396698
          },
          {
            "X": 0.6337404251098633,
            "Y": 0.5360739231109619
          },
          {
            "X": 0.5406941175460815,
            "Y": 0.5362370610237122
          }
        ]
      },
      "Id": "6c5820fb-b21e-4751-9e7d-52dd19ca623f",
      "Relationships": [
        {
          "Type": "CHILD",
          "Ids": [
            "da4bdf57-4cdb-469c-ac6c-63a0af11f46e"
          ]
        }
      ],
      "Page": 1
    },
    {
      "BlockType": "CELL",
      "Confidence": 91.30859375,
      "RowIndex": 4,
      "ColumnIndex": 4,
      "RowSpan": 1,
      "ColumnSpan": 1,
      "Geometry": {
        "BoundingBox": {
          "Width": 0.19445376098155975,
          "Height": 0.0724223181605339,
          "Left": 0.6334357857704163,
          "Top": 0.4636515974998474
        },
        "Polygon": [
          {
            "X": 0.6334357857704163,
            "Y": 0.4640178382396698
          },
          {
            "X": 0.8275967836380005,
            "Y": 0.4636515974998474
          },
          {
            "X": 0.8278895616531372,
            "Y": 0.5357334613800049
          },
          {
            "X": 0.6337404251098633,
            "Y": 0.5360739231109619
          }
        ]
      },
      "Id": "9fc6cee7-f61e-45a3-8f58-fb4faac4bed2",
      "Relationships": [
        {
          "Type": "CHILD",
          "Ids": [
            "da256faa-ba70-4352-9c79-e03e32b5c072"
          ]
        }
      ],
      "Page": 1
    },
    {
      "BlockType": "CELL",
      "Confidence": 87.548828125,
      "RowIndex": 5,
      "ColumnIndex": 1,
      "RowSpan": 1,
      "ColumnSpan": 1,
      "Geometry": {
        "BoundingBox": {
          "Width": 0.17256787419319153,
          "Height": 0.0714607909321785,
          "Left": 0.17320896685123444,
          "Top": 0.5365794897079468
        },
        "Polygon": [
          {
            "X": 0.17320896685123444,
            "Y": 0.5368815660476685
          },
          {
            "X": 0.3454582989215851,
            "Y": 0.5365794897079468
          },
          {
            "X": 0.34577685594558716,
            "Y": 0.6077607870101929
          },
          {
            "X": 0.173537939786911,
            "Y": 0.6080402731895447
          }
        ]
      },
      "Id": "5a489d3f-0fa4-420b-b570-c7bde8bc8d91",
      "Relationships": [
        {
          "Type": "CHILD",
          "Ids": [
            "4b1e2fcc-4e17-42a1-9805-9bfe358667d1"
          ]
        }
      ],
      "Page": 1
    },
    {
      "BlockType": "CELL",
      "Confidence": 88.671875,
      "RowIndex": 5,
      "ColumnIndex": 2,
      "RowSpan": 1,
      "ColumnSpan": 1,
      "Geometry": {
        "BoundingBox": {
          "Width": 0.1955425888299942,
          "Height": 0.07152368873357773,
          "Left": 0.3454582989215851,
          "Top": 0.5362370610237122
        },
        "Polygon": [
          {
            "X": 0.3454582989215851,
            "Y": 0.5365794897079468
          },
          {
            "X": 0.5406941175460815,
            "Y": 0.5362370610237122
          },
          {
            "X": 0.5410009026527405,
            "Y": 0.6074439883232117
          },
          {
            "X": 0.34577685594558716,
            "Y": 0.6077607870101929
          }
        ]
      },
      "Id": "adb4a089-0f93-48de-950b-6b97cf67d21b",
      "Relationships": [
        {
          "Type": "CHILD",
          "Ids": [
            "681c0045-af5e-4d2d-b000-57bafbda29a4"
          ]
        }
      ],
      "Page": 1
    },
    {
      "BlockType": "CELL",
      "Confidence": 84.423828125,
      "RowIndex": 5,
      "ColumnIndex": 3,
      "RowSpan": 1,
      "ColumnSpan": 1,
      "Geometry": {
        "BoundingBox": {
          "Width": 0.09334741532802582,
          "Height": 0.07137008011341095,
          "Left": 0.5406941175460815,
          "Top": 0.5360739231109619
        },
        "Polygon": [
          {
            "X": 0.5406941175460815,
            "Y": 0.5362370610237122
          },
          {
            "X": 0.6337404251098633,
            "Y": 0.5360739231109619
          },
          {
            "X": 0.6340415477752686,
            "Y": 0.6072930097579956
          },
          {
            "X": 0.5410009026527405,
            "Y": 0.6074439883232117
          }
        ]
      },
      "Id": "b494d911-c1f4-4a84-bc16-1b4b1bb57dbc",
      "Relationships": [
        {
          "Type": "CHILD",
          "Ids": [
            "e859c037-8b8f-48b9-b74c-b21e6c59ddbe"
          ]
        }
      ],
      "Page": 1
    },
    {
      "BlockType": "CELL",
      "Confidence": 89.892578125,
      "RowIndex": 5,
      "ColumnIndex": 4,
      "RowSpan": 1,
      "ColumnSpan": 1,
      "Geometry": {
        "BoundingBox": {
          "Width": 0.19443847239017487,
          "Height": 0.07155957818031311,
          "Left": 0.6337404251098633,
          "Top": 0.5357334613800049
        },
        "Polygon": [
          {
            "X": 0.6337404251098633,
            "Y": 0.5360739231109619
          },
          {
            "X": 0.8278895616531372,
            "Y": 0.5357334613800049
          },
          {
            "X": 0.828178882598877,
            "Y": 0.6069779992103577
          },
          {
            "X": 0.6340415477752686,
            "Y": 0.6072930097579956
          }
        ]
      },
      "Id": "0037a6a4-8cf6-4cd7-ab59-e9eda5e51c4d",
      "Relationships": [
        {
          "Type": "CHILD",
          "Ids": [
            "758bd287-2a44-499c-b2a2-c2b1eeb344b6"
          ]
        }
      ],
      "Page": 1
    },
    {
      "BlockType": "CELL",
      "Confidence": 86.083984375,
      "RowIndex": 6,
      "ColumnIndex": 1,
      "RowSpan": 1,
      "ColumnSpan": 1,
      "Geometry": {
        "BoundingBox": {
          "Width": 0.17256854474544525,
          "Height": 0.07391134649515152,
          "Left": 0.173537939786911,
          "Top": 0.6077607870101929
        },
        "Polygon": [
          {
            "X": 0.173537939786911,
            "Y": 0.6080402731895447
          },
          {
            "X": 0.34577685594558716,
            "Y": 0.6077607870101929
          },
          {
            "X": 0.34610646963119507,
            "Y": 0.6814159750938416
          },
          {
            "X": 0.17387832701206207,
            "Y": 0.6816721558570862
          }
        ]
      },
      "Id": "74021f0b-68ed-4755-a076-fb826b59cddf",
      "Relationships": [
        {
          "Type": "CHILD",
          "Ids": [
            "9dc09a74-004f-4f5c-a5b1-7c028a22e0a4"
          ]
        }
      ],
      "Page": 1
    },
    {
      "BlockType": "CELL",
      "Confidence": 87.158203125,
      "RowIndex": 6,
      "ColumnIndex": 2,
      "RowSpan": 1,
      "ColumnSpan": 1,
      "Geometry": {
        "BoundingBox": {
          "Width": 0.19554144144058228,
          "Height": 0.07397200912237167,
          "Left": 0.34577685594558716,
          "Top": 0.6074439883232117
        },
        "Polygon": [
          {
            "X": 0.34577685594558716,
            "Y": 0.6077607870101929
          },
          {
            "X": 0.5410009026527405,
            "Y": 0.6074439883232117
          },
          {
            "X": 0.5413182973861694,
            "Y": 0.6811257004737854
          },
          {
            "X": 0.34610646963119507,
            "Y": 0.6814159750938416
          }
        ]
      },
      "Id": "e7a30b79-3803-4981-acf8-07da374838fb",
      "Relationships": [
        {
          "Type": "CHILD",
          "Ids": [
            "acd11c64-9b96-4304-aff8-6553516937c8"
          ]
        }
      ],
      "Page": 1
    },
    {
      "BlockType": "CELL",
      "Confidence": 83.0078125,
      "RowIndex": 6,
      "ColumnIndex": 3,
      "RowSpan": 1,
      "ColumnSpan": 1,
      "Geometry": {
        "BoundingBox": {
          "Width": 0.09335225075483322,
          "Height": 0.0738326832652092,
          "Left": 0.5410009026527405,
          "Top": 0.6072930097579956
        },
        "Polygon": [
          {
            "X": 0.5410009026527405,
            "Y": 0.6074439883232117
          },
          {
            "X": 0.6340415477752686,
            "Y": 0.6072930097579956
          },
          {
            "X": 0.6343531608581543,
            "Y": 0.6809873580932617
          },
          {
            "X": 0.5413182973861694,
            "Y": 0.6811257004737854
          }
        ]
      },
      "Id": "0763f821-12ba-4e9e-b476-5177d22ebac2",
      "Relationships": [
        {
          "Type": "CHILD",
          "Ids": [
            "3b14a1b7-790f-4388-9f2b-1e85d7f778b8"
          ]
        }
      ],
      "Page": 1
    },
    {
      "BlockType": "CELL",
      "Confidence": 88.37890625,
      "RowIndex": 6,
      "ColumnIndex": 4,
      "RowSpan": 1,
      "ColumnSpan": 1,
      "Geometry": {
        "BoundingBox": {
          "Width": 0.19443677365779877,
          "Height": 0.07400935143232346,
          "Left": 0.6340415477752686,
          "Top": 0.6069779992103577
        },
        "Polygon": [
          {
            "X": 0.6340415477752686,
            "Y": 0.6072930097579956
          },
          {
            "X": 0.828178882598877,
            "Y": 0.6069779992103577
          },
          {
            "X": 0.8284783363342285,
            "Y": 0.6806986927986145
          },
          {
            "X": 0.6343531608581543,
            "Y": 0.6809873580932617
          }
        ]
      },
      "Id": "5c939b50-2de0-412c-b9b4-5543702eb357",
      "Relationships": [
        {
          "Type": "CHILD",
          "Ids": [
            "5c37e751-5441-4de4-bd2c-e3ae0680dbe5"
          ]
        }
      ],
      "Page": 1
    },
    {
      "BlockType": "CELL",
      "Confidence": 86.376953125,
      "RowIndex": 7,
      "ColumnIndex": 1,
      "RowSpan": 1,
      "ColumnSpan": 1,
      "Geometry": {
        "BoundingBox": {
          "Width": 0.17253659665584564,
          "Height": 0.06915930658578873,
          "Left": 0.17387832701206207,
          "Top": 0.6814159750938416
        },
        "Polygon": [
          {
            "X": 0.17387832701206207,
            "Y": 0.6816721558570862
          },
          {
            "X": 0.34610646963119507,
            "Y": 0.6814159750938416
          },
          {
            "X": 0.3464149236679077,
            "Y": 0.7503410577774048
          },
          {
            "X": 0.17419686913490295,
            "Y": 0.7505753040313721
          }
        ]
      },
      "Id": "facc89df-fa85-4601-b24d-f38107740f57",
      "Relationships": [
        {
          "Type": "CHILD",
          "Ids": [
            "dac72512-6742-4ad7-95dc-de99b56cc28f",
            "b786fc7a-fdf5-4a1d-9076-b02bd64c4c39"
          ]
        }
      ],
      "Page": 1
    },
    {
      "BlockType": "CELL",
      "Confidence": 87.5,
      "RowIndex": 7,
      "ColumnIndex": 2,
      "RowSpan": 1,
      "ColumnSpan": 1,
      "Geometry": {
        "BoundingBox": {
          "Width": 0.19550883769989014,
          "Height": 0.06921534985303879,
          "Left": 0.34610646963119507,
          "Top": 0.6811257004737854
        },
        "Polygon": [
          {
            "X": 0.34610646963119507,
            "Y": 0.6814159750938416
          },
          {
            "X": 0.5413182973861694,
            "Y": 0.6811257004737854
          },
          {
            "X": 0.5416153073310852,
            "Y": 0.7500755190849304
          },
          {
            "X": 0.3464149236679077,
            "Y": 0.7503410577774048
          }
        ]
      },
      "Id": "84d9236a-6a86-4855-8574-578f4fa1bc2f",
      "Relationships": [
        {
          "Type": "CHILD",
          "Ids": [
            "104b5197-91b5-42ee-885a-a31131b47973"
          ]
        }
      ],
      "Page": 1
    },
    {
      "BlockType": "CELL",
      "Confidence": 83.349609375,
      "RowIndex": 7,
      "ColumnIndex": 3,
      "RowSpan": 1,
      "ColumnSpan": 1,
      "Geometry": {
        "BoundingBox": {
          "Width": 0.09332641214132309,
          "Height": 0.06908818334341049,
          "Left": 0.5413182973861694,
          "Top": 0.6809873580932617
        },
        "Polygon": [
          {
            "X": 0.5413182973861694,
            "Y": 0.6811257004737854
          },
          {
            "X": 0.6343531608581543,
            "Y": 0.6809873580932617
          },
          {
            "X": 0.6346446871757507,
            "Y": 0.7499489784240723
          },
          {
            "X": 0.5416153073310852,
            "Y": 0.7500755190849304
          }
        ]
      },
      "Id": "1c52ba3a-8ccf-4898-bbbf-976ded609b55",
      "Relationships": [
        {
          "Type": "CHILD",
          "Ids": [
            "82a98750-68ca-4046-b8db-ac3f6ff1f61b"
          ]
        }
      ],
      "Page": 1
    },
    {
      "BlockType": "CELL",
      "Confidence": 88.720703125,
      "RowIndex": 7,
      "ColumnIndex": 4,
      "RowSpan": 1,
      "ColumnSpan": 1,
      "Geometry": {
        "BoundingBox": {
          "Width": 0.19440539181232452,
          "Height": 0.06925032287836075,
          "Left": 0.6343531608581543,
          "Top": 0.6806986927986145
        },
        "Polygon": [
          {
            "X": 0.6343531608581543,
            "Y": 0.6809873580932617
          },
          {
            "X": 0.8284783363342285,
            "Y": 0.6806986927986145
          },
          {
            "X": 0.8287585377693176,
            "Y": 0.7496849298477173
          },
          {
            "X": 0.6346446871757507,
            "Y": 0.7499489784240723
          }
        ]
      },
      "Id": "633812ca-4393-4c06-8170-1a046bc66fc7",
      "Relationships": [
        {
          "Type": "CHILD",
          "Ids": [
            "92f2cc30-d430-4d0a-ab49-7f6c26c1f87a"
          ]
        }
      ],
      "Page": 1
    }
  ],
  "AnalyzeDocumentModelVersion": "1.0"
}