{
  "DocumentMetadata": {
    "Pages": 1
  },
  "JobStatus": "SUCCEEDED",
  "Blocks": [
    {
      "BlockType": "PAGE",
      "Geometry": {
        "BoundingBox": {
          "Width": 0.5670164823532104,
          "Height": 0.3218750059604645,
          "Left": 0.21914945542812347,
          "Top": 0.32323190569877625
        },
        "Polygon": [
          {
            "X": 0.21914945542812347,
            "Y": 0.32363495230674744
          },
          {
            "X": 0.782297670841217,
            "Y": 0.32323190569877625
          },
          {
            "X": 0.7861659526824951,
            "Y": 0.6451069116592407
          },
          {
            "X": 0.22146852314472198,
            "Y": 0.6443305015563965
          }
        ]
      },
      "Id": "881cad7d-cda4-41ce-86c3-8470b522411b",
      "Relationships": [
        {
          "Type": "CHILD",
          "Ids": [
            "34b9d3f1-6006-482f-b08a-8ed706623bcf",
            "aa064145-144f-42c9-8d94-cb000e9125a3",
            "f4d9908f-87f8-416e-b87a-806dd0619883",
            "57834cf2-60fb-46a3-81c9-fde8926c5fca",
            "06b8a96b-ba72-4837-815e-6992b265fb9b",
            "86493d89-598c-4ac4-b6b3-f03d5fa8caaf",
            "ba5a96c6-ac1a-4edc-9ce3-b1e30414d380",
            "3c1c604d-1f6f-4ebe-93db-028eb5d222bd",
            "0962614d-5740-49e9-9fd6-b9fe6144c75c",
            "b24bc3fd-f01e-4f4c-81a4-7d2a4cb4ca64",
            "c1e08647-d455-4561-932f-ecfdf46d6e8a",
            "8694305b-5f53-4079-8622-fd4371faf0b8",
            "6c4f50da-9772-4544-a0ac-0cb93d98a566",
            "954e1be7-3875-4213-afe3-e49cff4a11f2",
            "084acaa7-4d1c-497c-b72c-9e7213cb664f",
            "f7f8f5fb-1801-4cf4-b5b4-1b32142761d4",
            "5b278db8-1e9c-4294-9213-552549929f0e",
            "fa6ca1e5-320c-4ad0-b25e-8dc10640334b",
            "4a7a7daf-9d0c-42b5-a32c-4fe741f55328",
            "8f245a95-247d-49b9-9ba2-0e993d745395",
            "b31ef6ff-13b5-4fbb-ae75-f05d51252f10",
            "4df82f41-8c2a-4683-a1a6-d959c9b246e0",
            "3a83ce83-914e-42c0-90d3-77bb7438a9e1",
            "1ec0e657-8265-4a5d-9b15-7cd93e723c74",
            "57f3d430-a97c-4761-b48e-49ada63ddb1d",
            "57a6df6a-c8f9-464d-864b-761ce5230b1b",
            "9b10aefa-9ef7-4baf-9442-baf67066a9b7",
            "18358444-a49a-4cb4-a4e5-ab1c72df4b9e",
            "14cdcd21-3275-453e-8d48-4b5d61143655",
            "dd400df7-e96a-472e-8cf0-98b3d1fbf7bf",
            "8aafcaff-2c5b-46df-98ce-7ea23b7f71bf",
            "e0e27c70-92f0-40f1-bd31-a26f7e0ce3c3",
            "5a9510bc-0652-4941-9d98-3c86274eb53a"
          ]
        }
      ],
      "Page": 1
    },
    {
      "BlockType": "LINE",
      "Confidence": 99.79464721679688,
      "Text": "Denomination",
      "Geometry": {
        "BoundingBox": {
          "Width": 0.08796520531177521,
          "Height": 0.018789058551192284,
          "Left": 0.24363374710083008,
          "Top": 0.37927526235580444
        },
        "Polygon": [
          {
            "X": 0.24363374710083008,
            "Y": 0.37930622696876526
          },
          {
            "X": 0.3314453661441803,
            "Y": 0.37927526235580444
          },
          {
            "X": 0.3315989375114441,
            "Y": 0.39804407954216003
          },
          {
            "X": 0.2437732219696045,
            "Y": 0.3980643153190613
          }
        ]
      },
      "Id": "34b9d3f1-6006-482f-b08a-8ed706623bcf",
      "Relationships": [
        {
          "Type": "CHILD",
          "Ids": [
            "4f3d4f76-8177-4c36-a682-4704aee36c24"
          ]
        }
      ],
      "Page": 1
    },
    {
      "BlockType": "LINE",
      "Confidence": 99.98579406738281,
      "Text": "Curing agent",
      "Geometry": {
        "BoundingBox": {
          "Width": 0.07962871342897415,
          "Height": 0.023475119844079018,
          "Left": 0.40837258100509644,
          "Top": 0.37934309244155884
        },
        "Polygon": [
          {
            "X": 0.40837258100509644,
            "Y": 0.3793710470199585
          },
          {
            "X": 0.4877782166004181,
            "Y": 0.37934309244155884
          },
          {
            "X": 0.4880013167858124,
            "Y": 0.40280240774154663
          },
          {
            "X": 0.4085797667503357,
            "Y": 0.4028182327747345
          }
        ]
      },
      "Id": "aa064145-144f-42c9-8d94-cb000e9125a3",
      "Relationships": [
        {
          "Type": "CHILD",
          "Ids": [
            "8d4f024c-4455-4a73-b30d-b357f7f964d0",
            "d993a17c-2fe1-4e0d-ad5b-0d9a2e48bf2d"
          ]
        }
      ],
      "Page": 1
    },
    {
      "BlockType": "LINE",
      "Confidence": 99.65314483642578,
      "Text": "W/phr",
      "Geometry": {
        "BoundingBox": {
          "Width": 0.03941337764263153,
          "Height": 0.023531826213002205,
          "Left": 0.5639218688011169,
          "Top": 0.37924376130104065
        },
        "Polygon": [
          {
            "X": 0.5639218688011169,
            "Y": 0.37925755977630615
          },
          {
            "X": 0.6030884385108948,
            "Y": 0.37924376130104065
          },
          {
            "X": 0.6033352017402649,
            "Y": 0.40276777744293213
          },
          {
            "X": 0.5641607046127319,
            "Y": 0.4027755856513977
          }
        ]
      },
      "Id": "f4d9908f-87f8-416e-b87a-806dd0619883",
      "Relationships": [
        {
          "Type": "CHILD",
          "Ids": [
            "49547810-9310-480c-b981-8fa7397a8642"
          ]
        }
      ],
      "Page": 1
    },
    {
      "BlockType": "LINE",
      "Confidence": 78.79841613769531,
      "Text": "Tpost (C)",
      "Geometry": {
        "BoundingBox": {
          "Width": 0.05572479963302612,
          "Height": 0.02524135634303093,
          "Left": 0.6990743279457092,
          "Top": 0.37879714369773865
        },
        "Polygon": [
          {
            "X": 0.6990743279457092,
            "Y": 0.3788168132305145
          },
          {
            "X": 0.7545020580291748,
            "Y": 0.37879714369773865
          },
          {
            "X": 0.7547991275787354,
            "Y": 0.40402793884277344
          },
          {
            "X": 0.6993594765663147,
            "Y": 0.40403851866722107
          }
        ]
      },
      "Id": "57834cf2-60fb-46a3-81c9-fde8926c5fca",
      "Relationships": [
        {
          "Type": "CHILD",
          "Ids": [
            "fb87393b-9938-492b-b8f7-8f4aa200ec37",
            "8429d3ea-b3e1-4182-ac79-0c2c5bee937b"
          ]
        }
      ],
      "Page": 1
    },
    {
      "BlockType": "LINE",
      "Confidence": 98.79252624511719,
      "Text": "EP/MTHPA-89",
      "Geometry": {
        "BoundingBox": {
          "Width": 0.08876984566450119,
          "Height": 0.02239742875099182,
          "Left": 0.24387913942337036,
          "Top": 0.42345383763313293
        },
        "Polygon": [
          {
            "X": 0.24387913942337036,
            "Y": 0.42345958948135376
          },
          {
            "X": 0.33246561884880066,
            "Y": 0.42345383763313293
          },
          {
            "X": 0.33264899253845215,
            "Y": 0.44585126638412476
          },
          {
            "X": 0.24404557049274445,
            "Y": 0.4458441138267517
          }
        ]
      },
      "Id": "06b8a96b-ba72-4837-815e-6992b265fb9b",
      "Relationships": [
        {
          "Type": "CHILD",
          "Ids": [
            "7670da0b-a8b8-4c4c-a935-b94459da1be9"
          ]
        }
      ],
      "Page": 1
    },
    {
      "BlockType": "LINE",
      "Confidence": 99.29399871826172,
      "Text": "MTHPA, 1MI",
      "Geometry": {
        "BoundingBox": {
          "Width": 0.07778321951627731,
          "Height": 0.0207691453397274,
          "Left": 0.4085586667060852,
          "Top": 0.4237896800041199
        },
        "Polygon": [
          {
            "X": 0.4085586667060852,
            "Y": 0.42379453778266907
          },
          {
            "X": 0.4861447215080261,
            "Y": 0.4237896800041199
          },
          {
            "X": 0.4863418936729431,
            "Y": 0.4445588290691376
          },
          {
            "X": 0.4087420403957367,
            "Y": 0.4445531964302063
          }
        ]
      },
      "Id": "86493d89-598c-4ac4-b6b3-f03d5fa8caaf",
      "Relationships": [
        {
          "Type": "CHILD",
          "Ids": [
            "2b2e5f5b-6ed0-4894-ba1b-3ec7e3c4dc22",
            "7a3a6a0c-402f-43e1-8cf2-23a22f24f3db"
          ]
        }
      ],
      "Page": 1
    },
    {
      "BlockType": "LINE",
      "Confidence": 88.44619750976562,
      "Text": "89.2,2.00",
      "Geometry": {
        "BoundingBox": {
          "Width": 0.05914640799164772,
          "Height": 0.020699797198176384,
          "Left": 0.5645562410354614,
          "Top": 0.42385241389274597
        },
        "Polygon": [
          {
            "X": 0.5645562410354614,
            "Y": 0.42385607957839966
          },
          {
            "X": 0.6234819889068604,
            "Y": 0.42385241389274597
          },
          {
            "X": 0.6237026453018188,
            "Y": 0.4445522129535675
          },
          {
            "X": 0.5647664666175842,
            "Y": 0.44454795122146606
          }
        ]
      },
      "Id": "ba5a96c6-ac1a-4edc-9ce3-b1e30414d380",
      "Relationships": [
        {
          "Type": "CHILD",
          "Ids": [
            "df6cf091-7132-475a-a05f-cb19d9b00020"
          ]
        }
      ],
      "Page": 1
    },
    {
      "BlockType": "LINE",
      "Confidence": 99.97459411621094,
      "Text": "160",
      "Geometry": {
        "BoundingBox": {
          "Width": 0.022281112149357796,
          "Height": 0.01853054016828537,
          "Left": 0.7003440260887146,
          "Top": 0.4236111342906952
        },
        "Polygon": [
          {
            "X": 0.7003440260887146,
            "Y": 0.4236125349998474
          },
          {
            "X": 0.7224120497703552,
            "Y": 0.4236111342906952
          },
          {
            "X": 0.7226251363754272,
            "Y": 0.44214168190956116
          },
          {
            "X": 0.7005535960197449,
            "Y": 0.4421404302120209
          }
        ]
      },
      "Id": "3c1c604d-1f6f-4ebe-93db-028eb5d222bd",
      "Relationships": [
        {
          "Type": "CHILD",
          "Ids": [
            "4f81e46d-96b0-46d0-8eb7-99d59e9d2700"
          ]
        }
      ],
      "Page": 1
    },
    {
      "BlockType": "LINE",
      "Confidence": 98.95394897460938,
      "Text": "EP/DETA-10",
      "Geometry": {
        "BoundingBox": {
          "Width": 0.07662633806467056,
          "Height": 0.022802263498306274,
          "Left": 0.24385403096675873,
          "Top": 0.45157918334007263
        },
        "Polygon": [
          {
            "X": 0.24385403096675873,
            "Y": 0.45157918334007263
          },
          {
            "X": 0.32029613852500916,
            "Y": 0.4515882432460785
          },
          {
            "X": 0.3204803764820099,
            "Y": 0.4743814468383789
          },
          {
            "X": 0.2440233677625656,
            "Y": 0.4743610620498657
          }
        ]
      },
      "Id": "0962614d-5740-49e9-9fd6-b9fe6144c75c",
      "Relationships": [
        {
          "Type": "CHILD",
          "Ids": [
            "82aad1c3-8de1-4fb9-8b8f-4d2cf3865dc8"
          ]
        }
      ],
      "Page": 1
    },
    {
      "BlockType": "LINE",
      "Confidence": 99.55369567871094,
      "Text": "DETA",
      "Geometry": {
        "BoundingBox": {
          "Width": 0.033303145319223404,
          "Height": 0.017856422811746597,
          "Left": 0.4085935354232788,
          "Top": 0.4520148038864136
        },
        "Polygon": [
          {
            "X": 0.4085935354232788,
            "Y": 0.4520148038864136
          },
          {
            "X": 0.4417339861392975,
            "Y": 0.4520187973976135
          },
          {
            "X": 0.4418966770172119,
            "Y": 0.4698712229728699
          },
          {
            "X": 0.40875115990638733,
            "Y": 0.4698633551597595
          }
        ]
      },
      "Id": "b24bc3fd-f01e-4f4c-81a4-7d2a4cb4ca64",
      "Relationships": [
        {
          "Type": "CHILD",
          "Ids": [
            "1158cf15-fa04-4d22-bf13-d0d03d68e613"
          ]
        }
      ],
      "Page": 1
    },
    {
      "BlockType": "LINE",
      "Confidence": 99.95867156982422,
      "Text": "10.0",
      "Geometry": {
        "BoundingBox": {
          "Width": 0.025251470506191254,
          "Height": 0.01791500486433506,
          "Left": 0.5645225048065186,
          "Top": 0.45212483406066895
        },
        "Polygon": [
          {
            "X": 0.5645225048065186,
            "Y": 0.45212483406066895
          },
          {
            "X": 0.5895882844924927,
            "Y": 0.4521278738975525
          },
          {
            "X": 0.5897740125656128,
            "Y": 0.47003984451293945
          },
          {
            "X": 0.564704418182373,
            "Y": 0.4700338542461395
          }
        ]
      },
      "Id": "c1e08647-d455-4561-932f-ecfdf46d6e8a",
      "Relationships": [
        {
          "Type": "CHILD",
          "Ids": [
            "4d37e904-c948-4de7-892e-ebc9ca79ecb6"
          ]
        }
      ],
      "Page": 1
    },
    {
      "BlockType": "LINE",
      "Confidence": 99.91671752929688,
      "Text": "160",
      "Geometry": {
        "BoundingBox": {
          "Width": 0.02236497402191162,
          "Height": 0.01804143749177456,
          "Left": 0.7003552317619324,
          "Top": 0.4519919455051422
        },
        "Polygon": [
          {
            "X": 0.7003552317619324,
            "Y": 0.4519919455051422
          },
          {
            "X": 0.7225128412246704,
            "Y": 0.4519946277141571
          },
          {
            "X": 0.722720205783844,
            "Y": 0.4700333774089813
          },
          {
            "X": 0.7005591988563538,
            "Y": 0.4700281023979187
          }
        ]
      },
      "Id": "8694305b-5f53-4079-8622-fd4371faf0b8",
      "Relationships": [
        {
          "Type": "CHILD",
          "Ids": [
            "7a48e693-e231-4eab-9b57-f49f4634f1bc"
          ]
        }
      ],
      "Page": 1
    },
    {
      "BlockType": "LINE",
      "Confidence": 98.88451385498047,
      "Text": "EP/DETA-11",
      "Geometry": {
        "BoundingBox": {
          "Width": 0.07556700706481934,
          "Height": 0.023233862593770027,
          "Left": 0.2435244917869568,
          "Top": 0.4806637763977051
        },
        "Polygon": [
          {
            "X": 0.2435244917869568,
            "Y": 0.4806637763977051
          },
          {
            "X": 0.31890422105789185,
            "Y": 0.4806869626045227
          },
          {
            "X": 0.3190914988517761,
            "Y": 0.5038976073265076
          },
          {
            "X": 0.24369682371616364,
            "Y": 0.5038630366325378
          }
        ]
      },
      "Id": "6c4f50da-9772-4544-a0ac-0cb93d98a566",
      "Relationships": [
        {
          "Type": "CHILD",
          "Ids": [
            "54e2b126-f32f-4806-80d3-1c19999d88e1"
          ]
        }
      ],
      "Page": 1
    },
    {
      "BlockType": "LINE",
      "Confidence": 99.23055267333984,
      "Text": "DETA",
      "Geometry": {
        "BoundingBox": {
          "Width": 0.033227212727069855,
          "Height": 0.0176128838211298,
          "Left": 0.40870434045791626,
          "Top": 0.481500506401062
        },
        "Polygon": [
          {
            "X": 0.40870434045791626,
            "Y": 0.481500506401062
          },
          {
            "X": 0.44177117943763733,
            "Y": 0.48151084780693054
          },
          {
            "X": 0.4419315457344055,
            "Y": 0.49911338090896606
          },
          {
            "X": 0.4088597595691681,
            "Y": 0.4990992248058319
          }
        ]
      },
      "Id": "954e1be7-3875-4213-afe3-e49cff4a11f2",
      "Relationships": [
        {
          "Type": "CHILD",
          "Ids": [
            "51a67fa4-4d3d-4803-8680-71497c0ce255"
          ]
        }
      ],
      "Page": 1
    },
    {
      "BlockType": "LINE",
      "Confidence": 99.74967956542969,
      "Text": "11.1",
      "Geometry": {
        "BoundingBox": {
          "Width": 0.023824794217944145,
          "Height": 0.017945386469364166,
          "Left": 0.5645401477813721,
          "Top": 0.48136886954307556
        },
        "Polygon": [
          {
            "X": 0.5645401477813721,
            "Y": 0.48136886954307556
          },
          {
            "X": 0.5881792306900024,
            "Y": 0.4813762307167053
          },
          {
            "X": 0.5883649587631226,
            "Y": 0.49931424856185913
          },
          {
            "X": 0.5647222399711609,
            "Y": 0.4993041157722473
          }
        ]
      },
      "Id": "084acaa7-4d1c-497c-b72c-9e7213cb664f",
      "Relationships": [
        {
          "Type": "CHILD",
          "Ids": [
            "17f8832c-a162-4ce9-8cb8-9a4b8f3c5db3"
          ]
        }
      ],
      "Page": 1
    },
    {
      "BlockType": "LINE",
      "Confidence": 99.9668197631836,
      "Text": "160",
      "Geometry": {
        "BoundingBox": {
          "Width": 0.0223254207521677,
          "Height": 0.018026456236839294,
          "Left": 0.7004537582397461,
          "Top": 0.4813566207885742
        },
        "Polygon": [
          {
            "X": 0.7004537582397461,
            "Y": 0.4813566207885742
          },
          {
            "X": 0.7225720882415771,
            "Y": 0.48136353492736816
          },
          {
            "X": 0.7227792143821716,
            "Y": 0.4993830919265747
          },
          {
            "X": 0.7006574869155884,
            "Y": 0.4993736147880554
          }
        ]
      },
      "Id": "f7f8f5fb-1801-4cf4-b5b4-1b32142761d4",
      "Relationships": [
        {
          "Type": "CHILD",
          "Ids": [
            "3c4f72da-2e29-4191-8745-a53bc2e8dabb"
          ]
        }
      ],
      "Page": 1
    },
    {
      "BlockType": "LINE",
      "Confidence": 99.63145446777344,
      "Text": "EP/T403-40",
      "Geometry": {
        "BoundingBox": {
          "Width": 0.07346481829881668,
          "Height": 0.02306872233748436,
          "Left": 0.2440468668937683,
          "Top": 0.5102778673171997
        },
        "Polygon": [
          {
            "X": 0.2440468668937683,
            "Y": 0.5102778673171997
          },
          {
            "X": 0.31732621788978577,
            "Y": 0.5103145837783813
          },
          {
            "X": 0.3175116777420044,
            "Y": 0.5333465933799744
          },
          {
            "X": 0.24421794712543488,
            "Y": 0.533298909664154
          }
        ]
      },
      "Id": "5b278db8-1e9c-4294-9213-552549929f0e",
      "Relationships": [
        {
          "Type": "CHILD",
          "Ids": [
            "9e9b6b00-1d7e-4623-a945-3b6246650dc8"
          ]
        }
      ],
      "Page": 1
    },
    {
      "BlockType": "LINE",
      "Confidence": 99.93238830566406,
      "Text": "T403",
      "Geometry": {
        "BoundingBox": {
          "Width": 0.0308840349316597,
          "Height": 0.01759275794029236,
          "Left": 0.4077419340610504,
          "Top": 0.5108652114868164
        },
        "Polygon": [
          {
            "X": 0.4077419340610504,
            "Y": 0.5108652114868164
          },
          {
            "X": 0.438466340303421,
            "Y": 0.510880708694458
          },
          {
            "X": 0.4386259615421295,
            "Y": 0.5284579992294312
          },
          {
            "X": 0.4078969359397888,
            "Y": 0.5284389853477478
          }
        ]
      },
      "Id": "fa6ca1e5-320c-4ad0-b25e-8dc10640334b",
      "Relationships": [
        {
          "Type": "CHILD",
          "Ids": [
            "5e702e02-f4b5-4000-86ee-28dfaffd1a1b"
          ]
        }
      ],
      "Page": 1
    },
    {
      "BlockType": "LINE",
      "Confidence": 94.47562408447266,
      "Text": "40.0",
      "Geometry": {
        "BoundingBox": {
          "Width": 0.026585804298520088,
          "Height": 0.017665617167949677,
          "Left": 0.5632267594337463,
          "Top": 0.5109063386917114
        },
        "Polygon": [
          {
            "X": 0.5632267594337463,
            "Y": 0.5109063386917114
          },
          {
            "X": 0.5896296501159668,
            "Y": 0.5109196305274963
          },
          {
            "X": 0.5898125767707825,
            "Y": 0.5285719633102417
          },
          {
            "X": 0.5634057521820068,
            "Y": 0.5285556316375732
          }
        ]
      },
      "Id": "4a7a7daf-9d0c-42b5-a32c-4fe741f55328",
      "Relationships": [
        {
          "Type": "CHILD",
          "Ids": [
            "39f73c31-e472-445e-b72e-58576e9fa34b"
          ]
        }
      ],
      "Page": 1
    },
    {
      "BlockType": "LINE",
      "Confidence": 99.90534210205078,
      "Text": "125",
      "Geometry": {
        "BoundingBox": {
          "Width": 0.021874386817216873,
          "Height": 0.018064208328723907,
          "Left": 0.7003699541091919,
          "Top": 0.5107394456863403
        },
        "Polygon": [
          {
            "X": 0.7003699541091919,
            "Y": 0.5107394456863403
          },
          {
            "X": 0.7220369577407837,
            "Y": 0.5107503533363342
          },
          {
            "X": 0.7222443222999573,
            "Y": 0.5288036465644836
          },
          {
            "X": 0.7005739808082581,
            "Y": 0.5287902355194092
          }
        ]
      },
      "Id": "8f245a95-247d-49b9-9ba2-0e993d745395",
      "Relationships": [
        {
          "Type": "CHILD",
          "Ids": [
            "9ff91aba-3d55-4b92-ba28-17a20adc5271"
          ]
        }
      ],
      "Page": 1
    },
    {
      "BlockType": "LINE",
      "Confidence": 99.58374786376953,
      "Text": "EP/T403-44",
      "Geometry": {
        "BoundingBox": {
          "Width": 0.07363677024841309,
          "Height": 0.02299610525369644,
          "Left": 0.2440175861120224,
          "Top": 0.5395941734313965
        },
        "Polygon": [
          {
            "X": 0.2440175861120224,
            "Y": 0.5395941734313965
          },
          {
            "X": 0.31746959686279297,
            "Y": 0.5396450161933899
          },
          {
            "X": 0.3176543414592743,
            "Y": 0.5625902414321899
          },
          {
            "X": 0.24418796598911285,
            "Y": 0.5625284314155579
          }
        ]
      },
      "Id": "b31ef6ff-13b5-4fbb-ae75-f05d51252f10",
      "Relationships": [
        {
          "Type": "CHILD",
          "Ids": [
            "a6cfe521-2a67-4d71-a050-5a4506f27f49"
          ]
        }
      ],
      "Page": 1
    },
    {
      "BlockType": "LINE",
      "Confidence": 99.91075897216797,
      "Text": "T403",
      "Geometry": {
        "BoundingBox": {
          "Width": 0.030750660225749016,
          "Height": 0.017659787088632584,
          "Left": 0.40782853960990906,
          "Top": 0.5402121543884277
        },
        "Polygon": [
          {
            "X": 0.40782853960990906,
            "Y": 0.5402121543884277
          },
          {
            "X": 0.43841907382011414,
            "Y": 0.5402334332466125
          },
          {
            "X": 0.4385792016983032,
            "Y": 0.55787193775177
          },
          {
            "X": 0.40798407793045044,
            "Y": 0.5578471422195435
          }
        ]
      },
      "Id": "4df82f41-8c2a-4683-a1a6-d959c9b246e0",
      "Relationships": [
        {
          "Type": "CHILD",
          "Ids": [
            "e7d72456-4534-454f-966f-7d7f9b247203"
          ]
        }
      ],
      "Page": 1
    },
    {
      "BlockType": "LINE",
      "Confidence": 73.78691101074219,
      "Text": "44.0",
      "Geometry": {
        "BoundingBox": {
          "Width": 0.026756782084703445,
          "Height": 0.017639199271798134,
          "Left": 0.5632935762405396,
          "Top": 0.5405207276344299
        },
        "Polygon": [
          {
            "X": 0.5632935762405396,
            "Y": 0.5405207276344299
          },
          {
            "X": 0.5898677706718445,
            "Y": 0.5405392646789551
          },
          {
            "X": 0.5900503993034363,
            "Y": 0.5581599473953247
          },
          {
            "X": 0.5634722113609314,
            "Y": 0.558138370513916
          }
        ]
      },
      "Id": "3a83ce83-914e-42c0-90d3-77bb7438a9e1",
      "Relationships": [
        {
          "Type": "CHILD",
          "Ids": [
            "7b379a88-73d0-4134-8e52-039e10ab63ab"
          ]
        }
      ],
      "Page": 1
    },
    {
      "BlockType": "LINE",
      "Confidence": 99.95467376708984,
      "Text": "125",
      "Geometry": {
        "BoundingBox": {
          "Width": 0.02199745923280716,
          "Height": 0.018044108524918556,
          "Left": 0.7002870440483093,
          "Top": 0.5401406288146973
        },
        "Polygon": [
          {
            "X": 0.7002870440483093,
            "Y": 0.5401406288146973
          },
          {
            "X": 0.7220774292945862,
            "Y": 0.5401557683944702
          },
          {
            "X": 0.7222844958305359,
            "Y": 0.5581847429275513
          },
          {
            "X": 0.7004907727241516,
            "Y": 0.5581670999526978
          }
        ]
      },
      "Id": "1ec0e657-8265-4a5d-9b15-7cd93e723c74",
      "Relationships": [
        {
          "Type": "CHILD",
          "Ids": [
            "d924e60b-48de-4868-85ad-69702532a401"
          ]
        }
      ],
      "Page": 1
    },
    {
      "BlockType": "LINE",
      "Confidence": 99.60188293457031,
      "Text": "EP/D230-29",
      "Geometry": {
        "BoundingBox": {
          "Width": 0.07570375502109528,
          "Height": 0.023119386285543442,
          "Left": 0.2438143938779831,
          "Top": 0.5679600238800049
        },
        "Polygon": [
          {
            "X": 0.2438143938779831,
            "Y": 0.5679600238800049
          },
          {
            "X": 0.31933221220970154,
            "Y": 0.5680262446403503
          },
          {
            "X": 0.31951814889907837,
            "Y": 0.5910794138908386
          },
          {
            "X": 0.24398548901081085,
            "Y": 0.5910018086433411
          }
        ]
      },
      "Id": "57f3d430-a97c-4761-b48e-49ada63ddb1d",
      "Relationships": [
        {
          "Type": "CHILD",
          "Ids": [
            "8aa51100-d23d-49a1-aacb-b046e2f94dc7"
          ]
        }
      ],
      "Page": 1
    },
    {
      "BlockType": "LINE",
      "Confidence": 99.91332244873047,
      "Text": "D230",
      "Geometry": {
        "BoundingBox": {
          "Width": 0.03270386904478073,
          "Height": 0.0180975291877985,
          "Left": 0.4085983335971832,
          "Top": 0.5680543780326843
        },
        "Polygon": [
          {
            "X": 0.4085983335971832,
            "Y": 0.5680543780326843
          },
          {
            "X": 0.44113779067993164,
            "Y": 0.568082869052887
          },
          {
            "X": 0.44130221009254456,
            "Y": 0.5861518979072571
          },
          {
            "X": 0.408757746219635,
            "Y": 0.586119532585144
          }
        ]
      },
      "Id": "57a6df6a-c8f9-464d-864b-761ce5230b1b",
      "Relationships": [
        {
          "Type": "CHILD",
          "Ids": [
            "17fcc65d-df78-47ca-b5bf-dce2a213687f"
          ]
        }
      ],
      "Page": 1
    },
    {
      "BlockType": "LINE",
      "Confidence": 92.62525939941406,
      "Text": "29.0",
      "Geometry": {
        "BoundingBox": {
          "Width": 0.026383116841316223,
          "Height": 0.018130047246813774,
          "Left": 0.5634816884994507,
          "Top": 0.568214476108551
        },
        "Polygon": [
          {
            "X": 0.5634816884994507,
            "Y": 0.568214476108551
          },
          {
            "X": 0.5896772146224976,
            "Y": 0.5682374238967896
          },
          {
            "X": 0.5898647904396057,
            "Y": 0.5863445401191711
          },
          {
            "X": 0.5636652112007141,
            "Y": 0.5863184928894043
          }
        ]
      },
      "Id": "9b10aefa-9ef7-4baf-9442-baf67066a9b7",
      "Relationships": [
        {
          "Type": "CHILD",
          "Ids": [
            "9a60b559-6d96-4322-ab71-8bf8d5244ecc"
          ]
        }
      ],
      "Page": 1
    },
    {
      "BlockType": "LINE",
      "Confidence": 99.92143249511719,
      "Text": "125",
      "Geometry": {
        "BoundingBox": {
          "Width": 0.0220184288918972,
          "Height": 0.018208950757980347,
          "Left": 0.7003214955329895,
          "Top": 0.5681795477867126
        },
        "Polygon": [
          {
            "X": 0.7003214955329895,
            "Y": 0.5681795477867126
          },
          {
            "X": 0.722131073474884,
            "Y": 0.5681986212730408
          },
          {
            "X": 0.722339928150177,
            "Y": 0.5863884687423706
          },
          {
            "X": 0.700527012348175,
            "Y": 0.5863668322563171
          }
        ]
      },
      "Id": "18358444-a49a-4cb4-a4e5-ab1c72df4b9e",
      "Relationships": [
        {
          "Type": "CHILD",
          "Ids": [
            "7be835c4-3e36-4ba7-a950-c0fc82a311e3"
          ]
        }
      ],
      "Page": 1
    },
    {
      "BlockType": "LINE",
      "Confidence": 99.62366485595703,
      "Text": "EP/D230-32",
      "Geometry": {
        "BoundingBox": {
          "Width": 0.07517971843481064,
          "Height": 0.02314276434481144,
          "Left": 0.24376311898231506,
          "Top": 0.596968948841095
        },
        "Polygon": [
          {
            "X": 0.24376311898231506,
            "Y": 0.596968948841095
          },
          {
            "X": 0.31875696778297424,
            "Y": 0.5970488786697388
          },
          {
            "X": 0.3189428448677063,
            "Y": 0.6201117038726807
          },
          {
            "X": 0.2439342439174652,
            "Y": 0.6200204491615295
          }
        ]
      },
      "Id": "14cdcd21-3275-453e-8d48-4b5d61143655",
      "Relationships": [
        {
          "Type": "CHILD",
          "Ids": [
            "ad1c565d-0c23-4d68-a026-b32903b38f7c"
          ]
        }
      ],
      "Page": 1
    },
    {
      "BlockType": "LINE",
      "Confidence": 99.90982055664062,
      "Text": "D230",
      "Geometry": {
        "BoundingBox": {
          "Width": 0.03293805941939354,
          "Height": 0.01839633099734783,
          "Left": 0.4084796607494354,
          "Top": 0.5972827076911926
        },
        "Polygon": [
          {
            "X": 0.4084796607494354,
            "Y": 0.5972827076911926
          },
          {
            "X": 0.44125068187713623,
            "Y": 0.597317636013031
          },
          {
            "X": 0.44141772389411926,
            "Y": 0.6156790256500244
          },
          {
            "X": 0.4086415767669678,
            "Y": 0.6156401634216309
          }
        ]
      },
      "Id": "dd400df7-e96a-472e-8cf0-98b3d1fbf7bf",
      "Relationships": [
        {
          "Type": "CHILD",
          "Ids": [
            "4970e602-369d-42bb-8940-4387354791c9"
          ]
        }
      ],
      "Page": 1
    },
    {
      "BlockType": "LINE",
      "Confidence": 99.8092041015625,
      "Text": "32.0",
      "Geometry": {
        "BoundingBox": {
          "Width": 0.02605525404214859,
          "Height": 0.01828565075993538,
          "Left": 0.563833475112915,
          "Top": 0.5975257754325867
        },
        "Polygon": [
          {
            "X": 0.563833475112915,
            "Y": 0.5975257754325867
          },
          {
            "X": 0.5896996259689331,
            "Y": 0.5975533723831177
          },
          {
            "X": 0.5898887515068054,
            "Y": 0.6158114671707153
          },
          {
            "X": 0.5640185475349426,
            "Y": 0.615780770778656
          }
        ]
      },
      "Id": "8aafcaff-2c5b-46df-98ce-7ea23b7f71bf",
      "Relationships": [
        {
          "Type": "CHILD",
          "Ids": [
            "f121431e-776b-43b3-98e6-b505a4720106"
          ]
        }
      ],
      "Page": 1
    },
    {
      "BlockType": "LINE",
      "Confidence": 99.978271484375,
      "Text": "125",
      "Geometry": {
        "BoundingBox": {
          "Width": 0.022024227306246758,
          "Height": 0.01852189190685749,
          "Left": 0.7003492712974548,
          "Top": 0.5973357558250427
        },
        "Polygon": [
          {
            "X": 0.7003492712974548,
            "Y": 0.5973357558250427
          },
          {
            "X": 0.7221611142158508,
            "Y": 0.5973590016365051
          },
          {
            "X": 0.7223734855651855,
            "Y": 0.6158576607704163
          },
          {
            "X": 0.7005581855773926,
            "Y": 0.6158317923545837
          }
        ]
      },
      "Id": "e0e27c70-92f0-40f1-bd31-a26f7e0ce3c3",
      "Relationships": [
        {
          "Type": "CHILD",
          "Ids": [
            "9a2e0761-8f8d-491d-93a7-43be1984d053"
          ]
        }
      ],
      "Page": 1
    },
    {
      "BlockType": "WORD",
      "Confidence": 99.79464721679688,
      "Text": "Denomination",
      "TextType": "PRINTED",
      "Geometry": {
        "BoundingBox": {
          "Width": 0.08796520531177521,
          "Height": 0.018789058551192284,
          "Left": 0.24363374710083008,
          "Top": 0.37927526235580444
        },
        "Polygon": [
          {
            "X": 0.24363374710083008,
            "Y": 0.37930622696876526
          },
          {
            "X": 0.3314453661441803,
            "Y": 0.37927526235580444
          },
          {
            "X": 0.3315989375114441,
            "Y": 0.39804407954216003
          },
          {
            "X": 0.2437732219696045,
            "Y": 0.3980643153190613
          }
        ]
      },
      "Id": "4f3d4f76-8177-4c36-a682-4704aee36c24",
      "Page": 1
    },
    {
      "BlockType": "WORD",
      "Confidence": 99.98861694335938,
      "Text": "Curing",
      "TextType": "PRINTED",
      "Geometry": {
        "BoundingBox": {
          "Width": 0.041264086961746216,
          "Height": 0.02346162125468254,
          "Left": 0.40837258100509644,
          "Top": 0.37935659289360046
        },
        "Polygon": [
          {
            "X": 0.40837258100509644,
            "Y": 0.3793710470199585
          },
          {
            "X": 0.4494212865829468,
            "Y": 0.37935659289360046
          },
          {
            "X": 0.44963666796684265,
            "Y": 0.4028100371360779
          },
          {
            "X": 0.4085797667503357,
            "Y": 0.4028182327747345
          }
        ]
      },
      "Id": "8d4f024c-4455-4a73-b30d-b357f7f964d0",
      "Page": 1
    },
    {
      "BlockType": "WORD",
      "Confidence": 99.98296356201172,
      "Text": "agent",
      "TextType": "PRINTED",
      "Geometry": {
        "BoundingBox": {
          "Width": 0.0344887338578701,
          "Height": 0.021243775263428688,
          "Left": 0.4535093307495117,
          "Top": 0.38122469186782837
        },
        "Polygon": [
          {
            "X": 0.4535093307495117,
            "Y": 0.38123634457588196
          },
          {
            "X": 0.4877960979938507,
            "Y": 0.38122469186782837
          },
          {
            "X": 0.4879980683326721,
            "Y": 0.40246155858039856
          },
          {
            "X": 0.4537050724029541,
            "Y": 0.4024684727191925
          }
        ]
      },
      "Id": "d993a17c-2fe1-4e0d-ad5b-0d9a2e48bf2d",
      "Page": 1
    },
    {
      "BlockType": "WORD",
      "Confidence": 99.65314483642578,
      "Text": "W/phr",
      "TextType": "PRINTED",
      "Geometry": {
        "BoundingBox": {
          "Width": 0.03941337764263153,
          "Height": 0.023531826213002205,
          "Left": 0.5639218688011169,
          "Top": 0.37924376130104065
        },
        "Polygon": [
          {
            "X": 0.5639218688011169,
            "Y": 0.37925755977630615
          },
          {
            "X": 0.6030884385108948,
            "Y": 0.37924376130104065
          },
          {
            "X": 0.6033352017402649,
            "Y": 0.40276777744293213
          },
          {
            "X": 0.5641607046127319,
            "Y": 0.4027755856513977
          }
        ]
      },
      "Id": "49547810-9310-480c-b981-8fa7397a8642",
      "Page": 1
    },
    {
      "BlockType": "WORD",
      "Confidence": 92.29010009765625,
      "Text": "Tpost",
      "TextType": "PRINTED",
      "Geometry": {
        "BoundingBox": {
          "Width": 0.02677067741751671,
          "Height": 0.023980196565389633,
          "Left": 0.6990885138511658,
          "Top": 0.38005831837654114
        },
        "Polygon": [
          {
            "X": 0.6990885138511658,
            "Y": 0.38006749749183655
          },
          {
            "X": 0.7255827188491821,
            "Y": 0.38005831837654114
          },
          {
            "X": 0.7258591651916504,
            "Y": 0.40403345227241516
          },
          {
            "X": 0.6993594765663147,
            "Y": 0.40403851866722107
          }
        ]
      },
      "Id": "fb87393b-9938-492b-b8f7-8f4aa200ec37",
      "Page": 1
    },
    {
      "BlockType": "WORD",
      "Confidence": 65.30672454833984,
      "Text": "(C)",
      "TextType": "PRINTED",
      "Geometry": {
        "BoundingBox": {
          "Width": 0.024107586592435837,
          "Height": 0.023604627698659897,
          "Left": 0.7306723594665527,
          "Top": 0.37879714369773865
        },
        "Polygon": [
          {
            "X": 0.7306723594665527,
            "Y": 0.37880560755729675
          },
          {
            "X": 0.7545020580291748,
            "Y": 0.37879714369773865
          },
          {
            "X": 0.7547799348831177,
            "Y": 0.4023969769477844
          },
          {
            "X": 0.7309454679489136,
            "Y": 0.40240177512168884
          }
        ]
      },
      "Id": "8429d3ea-b3e1-4182-ac79-0c2c5bee937b",
      "Page": 1
    },
    {
      "BlockType": "WORD",
      "Confidence": 98.79252624511719,
      "Text": "EP/MTHPA-89",
      "TextType": "PRINTED",
      "Geometry": {
        "BoundingBox": {
          "Width": 0.08876984566450119,
          "Height": 0.02239742875099182,
          "Left": 0.24387913942337036,
          "Top": 0.42345383763313293
        },
        "Polygon": [
          {
            "X": 0.24387913942337036,
            "Y": 0.42345958948135376
          },
          {
            "X": 0.33246561884880066,
            "Y": 0.42345383763313293
          },
          {
            "X": 0.33264899253845215,
            "Y": 0.44585126638412476
          },
          {
            "X": 0.24404557049274445,
            "Y": 0.4458441138267517
          }
        ]
      },
      "Id": "7670da0b-a8b8-4c4c-a935-b94459da1be9",
      "Page": 1
    },
    {
      "BlockType": "WORD",
      "Confidence": 99.44393920898438,
      "Text": "MTHPA,",
      "TextType": "PRINTED",
      "Geometry": {
        "BoundingBox": {
          "Width": 0.049323614686727524,
          "Height": 0.02076529897749424,
          "Left": 0.4085586667060852,
          "Top": 0.42379146814346313
        },
        "Polygon": [
          {
            "X": 0.4085586667060852,
            "Y": 0.42379453778266907
          },
          {
            "X": 0.45769017934799194,
            "Y": 0.42379146814346313
          },
          {
            "X": 0.457882285118103,
            "Y": 0.44455674290657043
          },
          {
            "X": 0.4087420403957367,
            "Y": 0.4445531964302063
          }
        ]
      },
      "Id": "2b2e5f5b-6ed0-4894-ba1b-3ec7e3c4dc22",
      "Page": 1
    },
    {
      "BlockType": "WORD",
      "Confidence": 99.1440658569336,
      "Text": "1MI",
      "TextType": "PRINTED",
      "Geometry": {
        "BoundingBox": {
          "Width": 0.023233072832226753,
          "Height": 0.018090153113007545,
          "Left": 0.46308404207229614,
          "Top": 0.4238600432872772
        },
        "Polygon": [
          {
            "X": 0.46308404207229614,
            "Y": 0.42386147379875183
          },
          {
            "X": 0.48614540696144104,
            "Y": 0.4238600432872772
          },
          {
            "X": 0.48631712794303894,
            "Y": 0.4419502019882202
          },
          {
            "X": 0.4632522165775299,
            "Y": 0.44194892048835754
          }
        ]
      },
      "Id": "7a3a6a0c-402f-43e1-8cf2-23a22f24f3db",
      "Page": 1
    },
    {
      "BlockType": "WORD",
      "Confidence": 88.44619750976562,
      "Text": "89.2,2.00",
      "TextType": "PRINTED",
      "Geometry": {
        "BoundingBox": {
          "Width": 0.05914640799164772,
          "Height": 0.020699797198176384,
          "Left": 0.5645562410354614,
          "Top": 0.42385241389274597
        },
        "Polygon": [
          {
            "X": 0.5645562410354614,
            "Y": 0.42385607957839966
          },
          {
            "X": 0.6234819889068604,
            "Y": 0.42385241389274597
          },
          {
            "X": 0.6237026453018188,
            "Y": 0.4445522129535675
          },
          {
            "X": 0.5647664666175842,
            "Y": 0.44454795122146606
          }
        ]
      },
      "Id": "df6cf091-7132-475a-a05f-cb19d9b00020",
      "Page": 1
    },
    {
      "BlockType": "WORD",
      "Confidence": 99.97459411621094,
      "Text": "160",
      "TextType": "PRINTED",
      "Geometry": {
        "BoundingBox": {
          "Width": 0.022281112149357796,
          "Height": 0.01853054016828537,
          "Left": 0.7003440260887146,
          "Top": 0.4236111342906952
        },
        "Polygon": [
          {
            "X": 0.7003440260887146,
            "Y": 0.4236125349998474
          },
          {
            "X": 0.7224120497703552,
            "Y": 0.4236111342906952
          },
          {
            "X": 0.7226251363754272,
            "Y": 0.44214168190956116
          },
          {
            "X": 0.7005535960197449,
            "Y": 0.4421404302120209
          }
        ]
      },
      "Id": "4f81e46d-96b0-46d0-8eb7-99d59e9d2700",
      "Page": 1
    },
    {
      "BlockType": "WORD",
      "Confidence": 98.95394897460938,
      "Text": "EP/DETA-10",
      "TextType": "PRINTED",
      "Geometry": {
        "BoundingBox": {
          "Width": 0.07662633806467056,
          "Height": 0.022802263498306274,
          "Left": 0.24385403096675873,
          "Top": 0.45157918334007263
        },
        "Polygon": [
          {
            "X": 0.24385403096675873,
            "Y": 0.45157918334007263
          },
          {
            "X": 0.32029613852500916,
            "Y": 0.4515882432460785
          },
          {
            "X": 0.3204803764820099,
            "Y": 0.4743814468383789
          },
          {
            "X": 0.2440233677625656,
            "Y": 0.4743610620498657
          }
        ]
      },
      "Id": "82aad1c3-8de1-4fb9-8b8f-4d2cf3865dc8",
      "Page": 1
    },
    {
      "BlockType": "WORD",
      "Confidence": 99.55369567871094,
      "Text": "DETA",
      "TextType": "PRINTED",
      "Geometry": {
        "BoundingBox": {
          "Width": 0.033303145319223404,
          "Height": 0.017856422811746597,
          "Left": 0.4085935354232788,
          "Top": 0.4520148038864136
        },
        "Polygon": [
          {
            "X": 0.4085935354232788,
            "Y": 0.4520148038864136
          },
          {
            "X": 0.4417339861392975,
            "Y": 0.4520187973976135
          },
          {
            "X": 0.4418966770172119,
            "Y": 0.4698712229728699
          },
          {
            "X": 0.40875115990638733,
            "Y": 0.4698633551597595
          }
        ]
      },
      "Id": "1158cf15-fa04-4d22-bf13-d0d03d68e613",
      "Page": 1
    },
    {
      "BlockType": "WORD",
      "Confidence": 99.95867156982422,
      "Text": "10.0",
      "TextType": "PRINTED",
      "Geometry": {
        "BoundingBox": {
          "Width": 0.025251470506191254,
          "Height": 0.01791500486433506,
          "Left": 0.5645225048065186,
          "Top": 0.45212483406066895
        },
        "Polygon": [
          {
            "X": 0.5645225048065186,
            "Y": 0.45212483406066895
          },
          {
            "X": 0.5895882844924927,
            "Y": 0.4521278738975525
          },
          {
            "X": 0.5897740125656128,
            "Y": 0.47003984451293945
          },
          {
            "X": 0.564704418182373,
            "Y": 0.4700338542461395
          }
        ]
      },
      "Id": "4d37e904-c948-4de7-892e-ebc9ca79ecb6",
      "Page": 1
    },
    {
      "BlockType": "WORD",
      "Confidence": 99.91671752929688,
      "Text": "160",
      "TextType": "PRINTED",
      "Geometry": {
        "BoundingBox": {
          "Width": 0.02236497402191162,
          "Height": 0.01804143749177456,
          "Left": 0.7003552317619324,
          "Top": 0.4519919455051422
        },
        "Polygon": [
          {
            "X": 0.7003552317619324,
            "Y": 0.4519919455051422
          },
          {
            "X": 0.7225128412246704,
            "Y": 0.4519946277141571
          },
          {
            "X": 0.722720205783844,
            "Y": 0.4700333774089813
          },
          {
            "X": 0.7005591988563538,
            "Y": 0.4700281023979187
          }
        ]
      },
      "Id": "7a48e693-e231-4eab-9b57-f49f4634f1bc",
      "Page": 1
    },
    {
      "BlockType": "WORD",
      "Confidence": 98.88451385498047,
      "Text": "EP/DETA-11",
      "TextType": "PRINTED",
      "Geometry": {
        "BoundingBox": {
          "Width": 0.07556700706481934,
          "Height": 0.023233862593770027,
          "Left": 0.2435244917869568,
          "Top": 0.4806637763977051
        },
        "Polygon": [
          {
            "X": 0.2435244917869568,
            "Y": 0.4806637763977051
          },
          {
            "X": 0.31890422105789185,
            "Y": 0.4806869626045227
          },
          {
            "X": 0.3190914988517761,
            "Y": 0.5038976073265076
          },
          {
            "X": 0.24369682371616364,
            "Y": 0.5038630366325378
          }
        ]
      },
      "Id": "54e2b126-f32f-4806-80d3-1c19999d88e1",
      "Page": 1
    },
    {
      "BlockType": "WORD",
      "Confidence": 99.23055267333984,
      "Text": "DETA",
      "TextType": "PRINTED",
      "Geometry": {
        "BoundingBox": {
          "Width": 0.033227212727069855,
          "Height": 0.0176128838211298,
          "Left": 0.40870434045791626,
          "Top": 0.481500506401062
        },
        "Polygon": [
          {
            "X": 0.40870434045791626,
            "Y": 0.481500506401062
          },
          {
            "X": 0.44177117943763733,
            "Y": 0.48151084780693054
          },
          {
            "X": 0.4419315457344055,
            "Y": 0.49911338090896606
          },
          {
            "X": 0.4088597595691681,
            "Y": 0.4990992248058319
          }
        ]
      },
      "Id": "51a67fa4-4d3d-4803-8680-71497c0ce255",
      "Page": 1
    },
    {
      "BlockType": "WORD",
      "Confidence": 99.74967956542969,
      "Text": "11.1",
      "TextType": "PRINTED",
      "Geometry": {
        "BoundingBox": {
          "Width": 0.023824794217944145,
          "Height": 0.017945386469364166,
          "Left": 0.5645401477813721,
          "Top": 0.48136886954307556
        },
        "Polygon": [
          {
            "X": 0.5645401477813721,
            "Y": 0.48136886954307556
          },
          {
            "X": 0.5881792306900024,
            "Y": 0.4813762307167053
          },
          {
            "X": 0.5883649587631226,
            "Y": 0.49931424856185913
          },
          {
            "X": 0.5647222399711609,
            "Y": 0.4993041157722473
          }
        ]
      },
      "Id": "17f8832c-a162-4ce9-8cb8-9a4b8f3c5db3",
      "Page": 1
    },
    {
      "BlockType": "WORD",
      "Confidence": 99.9668197631836,
      "Text": "160",
      "TextType": "PRINTED",
      "Geometry": {
        "BoundingBox": {
          "Width": 0.0223254207521677,
          "Height": 0.018026456236839294,
          "Left": 0.7004537582397461,
          "Top": 0.4813566207885742
        },
        "Polygon": [
          {
            "X": 0.7004537582397461,
            "Y": 0.4813566207885742
          },
          {
            "X": 0.7225720882415771,
            "Y": 0.48136353492736816
          },
          {
            "X": 0.7227792143821716,
            "Y": 0.4993830919265747
          },
          {
            "X": 0.7006574869155884,
            "Y": 0.4993736147880554
          }
        ]
      },
      "Id": "3c4f72da-2e29-4191-8745-a53bc2e8dabb",
      "Page": 1
    },
    {
      "BlockType": "WORD",
      "Confidence": 99.63145446777344,
      "Text": "EP/T403-40",
      "TextType": "PRINTED",
      "Geometry": {
        "BoundingBox": {
          "Width": 0.07346481829881668,
          "Height": 0.02306872233748436,
          "Left": 0.2440468668937683,
          "Top": 0.5102778673171997
        },
        "Polygon": [
          {
            "X": 0.2440468668937683,
            "Y": 0.5102778673171997
          },
          {
            "X": 0.31732621788978577,
            "Y": 0.5103145837783813
          },
          {
            "X": 0.3175116777420044,
            "Y": 0.5333465933799744
          },
          {
            "X": 0.24421794712543488,
            "Y": 0.533298909664154
          }
        ]
      },
      "Id": "9e9b6b00-1d7e-4623-a945-3b6246650dc8",
      "Page": 1
    },
    {
      "BlockType": "WORD",
      "Confidence": 99.93238830566406,
      "Text": "T403",
      "TextType": "PRINTED",
      "Geometry": {
        "BoundingBox": {
          "Width": 0.0308840349316597,
          "Height": 0.01759275794029236,
          "Left": 0.4077419340610504,
          "Top": 0.5108652114868164
        },
        "Polygon": [
          {
            "X": 0.4077419340610504,
            "Y": 0.5108652114868164
          },
          {
            "X": 0.438466340303421,
            "Y": 0.510880708694458
          },
          {
            "X": 0.4386259615421295,
            "Y": 0.5284579992294312
          },
          {
            "X": 0.4078969359397888,
            "Y": 0.5284389853477478
          }
        ]
      },
      "Id": "5e702e02-f4b5-4000-86ee-28dfaffd1a1b",
      "Page": 1
    },
    {
      "BlockType": "WORD",
      "Confidence": 94.47562408447266,
      "Text": "40.0",
      "TextType": "PRINTED",
      "Geometry": {
        "BoundingBox": {
          "Width": 0.026585804298520088,
          "Height": 0.017665617167949677,
          "Left": 0.5632267594337463,
          "Top": 0.5109063386917114
        },
        "Polygon": [
          {
            "X": 0.5632267594337463,
            "Y": 0.5109063386917114
          },
          {
            "X": 0.5896296501159668,
            "Y": 0.5109196305274963
          },
          {
            "X": 0.5898125767707825,
            "Y": 0.5285719633102417
          },
          {
            "X": 0.5634057521820068,
            "Y": 0.5285556316375732
          }
        ]
      },
      "Id": "39f73c31-e472-445e-b72e-58576e9fa34b",
      "Page": 1
    },
    {
      "BlockType": "WORD",
      "Confidence": 99.90534210205078,
      "Text": "125",
      "TextType": "PRINTED",
      "Geometry": {
        "BoundingBox": {
          "Width": 0.021874386817216873,
          "Height": 0.018064208328723907,
          "Left": 0.7003699541091919,
          "Top": 0.5107394456863403
        },
        "Polygon": [
          {
            "X": 0.7003699541091919,
            "Y": 0.5107394456863403
          },
          {
            "X": 0.7220369577407837,
            "Y": 0.5107503533363342
          },
          {
            "X": 0.7222443222999573,
            "Y": 0.5288036465644836
          },
          {
            "X": 0.7005739808082581,
            "Y": 0.5287902355194092
          }
        ]
      },
      "Id": "9ff91aba-3d55-4b92-ba28-17a20adc5271",
      "Page": 1
    },
    {
      "BlockType": "WORD",
      "Confidence": 99.58374786376953,
      "Text": "EP/T403-44",
      "TextType": "PRINTED",
      "Geometry": {
        "BoundingBox": {
          "Width": 0.07363677024841309,
          "Height": 0.02299610525369644,
          "Left": 0.2440175861120224,
          "Top": 0.5395941734313965
        },
        "Polygon": [
          {
            "X": 0.2440175861120224,
            "Y": 0.5395941734313965
          },
          {
            "X": 0.31746959686279297,
            "Y": 0.5396450161933899
          },
          {
            "X": 0.3176543414592743,
            "Y": 0.5625902414321899
          },
          {
            "X": 0.24418796598911285,
            "Y": 0.5625284314155579
          }
        ]
      },
      "Id": "a6cfe521-2a67-4d71-a050-5a4506f27f49",
      "Page": 1
    },
    {
      "BlockType": "WORD",
      "Confidence": 99.91075897216797,
      "Text": "T403",
      "TextType": "PRINTED",
      "Geometry": {
        "BoundingBox": {
          "Width": 0.030750660225749016,
          "Height": 0.017659787088632584,
          "Left": 0.40782853960990906,
          "Top": 0.5402121543884277
        },
        "Polygon": [
          {
            "X": 0.40782853960990906,
            "Y": 0.5402121543884277
          },
          {
            "X": 0.43841907382011414,
            "Y": 0.5402334332466125
          },
          {
            "X": 0.4385792016983032,
            "Y": 0.55787193775177
          },
          {
            "X": 0.40798407793045044,
            "Y": 0.5578471422195435
          }
        ]
      },
      "Id": "e7d72456-4534-454f-966f-7d7f9b247203",
      "Page": 1
    },
    {
      "BlockType": "WORD",
      "Confidence": 73.78691101074219,
      "Text": "44.0",
      "TextType": "PRINTED",
      "Geometry": {
        "BoundingBox": {
          "Width": 0.026756782084703445,
          "Height": 0.017639199271798134,
          "Left": 0.5632935762405396,
          "Top": 0.5405207276344299
        },
        "Polygon": [
          {
            "X": 0.5632935762405396,
            "Y": 0.5405207276344299
          },
          {
            "X": 0.5898677706718445,
            "Y": 0.5405392646789551
          },
          {
            "X": 0.5900503993034363,
            "Y": 0.5581599473953247
          },
          {
            "X": 0.5634722113609314,
            "Y": 0.558138370513916
          }
        ]
      },
      "Id": "7b379a88-73d0-4134-8e52-039e10ab63ab",
      "Page": 1
    },
    {
      "BlockType": "WORD",
      "Confidence": 99.95467376708984,
      "Text": "125",
      "TextType": "PRINTED",
      "Geometry": {
        "BoundingBox": {
          "Width": 0.02199745923280716,
          "Height": 0.018044108524918556,
          "Left": 0.7002870440483093,
          "Top": 0.5401406288146973
        },
        "Polygon": [
          {
            "X": 0.7002870440483093,
            "Y": 0.5401406288146973
          },
          {
            "X": 0.7220774292945862,
            "Y": 0.5401557683944702
          },
          {
            "X": 0.7222844958305359,
            "Y": 0.5581847429275513
          },
          {
            "X": 0.7004907727241516,
            "Y": 0.5581670999526978
          }
        ]
      },
      "Id": "d924e60b-48de-4868-85ad-69702532a401",
      "Page": 1
    },
    {
      "BlockType": "WORD",
      "Confidence": 99.60188293457031,
      "Text": "EP/D230-29",
      "TextType": "PRINTED",
      "Geometry": {
        "BoundingBox": {
          "Width": 0.07570375502109528,
          "Height": 0.023119386285543442,
          "Left": 0.2438143938779831,
          "Top": 0.5679600238800049
        },
        "Polygon": [
          {
            "X": 0.2438143938779831,
            "Y": 0.5679600238800049
          },
          {
            "X": 0.31933221220970154,
            "Y": 0.5680262446403503
          },
          {
            "X": 0.31951814889907837,
            "Y": 0.5910794138908386
          },
          {
            "X": 0.24398548901081085,
            "Y": 0.5910018086433411
          }
        ]
      },
      "Id": "8aa51100-d23d-49a1-aacb-b046e2f94dc7",
      "Page": 1
    },
    {
      "BlockType": "WORD",
      "Confidence": 99.91332244873047,
      "Text": "D230",
      "TextType": "PRINTED",
      "Geometry": {
        "BoundingBox": {
          "Width": 0.03270386904478073,
          "Height": 0.0180975291877985,
          "Left": 0.4085983335971832,
          "Top": 0.5680543780326843
        },
        "Polygon": [
          {
            "X": 0.4085983335971832,
            "Y": 0.5680543780326843
          },
          {
            "X": 0.44113779067993164,
            "Y": 0.568082869052887
          },
          {
            "X": 0.44130221009254456,
            "Y": 0.5861518979072571
          },
          {
            "X": 0.408757746219635,
            "Y": 0.586119532585144
          }
        ]
      },
      "Id": "17fcc65d-df78-47ca-b5bf-dce2a213687f",
      "Page": 1
    },
    {
      "BlockType": "WORD",
      "Confidence": 92.62525939941406,
      "Text": "29.0",
      "TextType": "PRINTED",
      "Geometry": {
        "BoundingBox": {
          "Width": 0.026383116841316223,
          "Height": 0.018130047246813774,
          "Left": 0.5634816884994507,
          "Top": 0.568214476108551
        },
        "Polygon": [
          {
            "X": 0.5634816884994507,
            "Y": 0.568214476108551
          },
          {
            "X": 0.5896772146224976,
            "Y": 0.5682374238967896
          },
          {
            "X": 0.5898647904396057,
            "Y": 0.5863445401191711
          },
          {
            "X": 0.5636652112007141,
            "Y": 0.5863184928894043
          }
        ]
      },
      "Id": "9a60b559-6d96-4322-ab71-8bf8d5244ecc",
      "Page": 1
    },
    {
      "BlockType": "WORD",
      "Confidence": 99.92143249511719,
      "Text": "125",
      "TextType": "PRINTED",
      "Geometry": {
        "BoundingBox": {
          "Width": 0.0220184288918972,
          "Height": 0.018208950757980347,
          "Left": 0.7003214955329895,
          "Top": 0.5681795477867126
        },
        "Polygon": [
          {
            "X": 0.7003214955329895,
            "Y": 0.5681795477867126
          },
          {
            "X": 0.722131073474884,
            "Y": 0.5681986212730408
          },
          {
            "X": 0.722339928150177,
            "Y": 0.5863884687423706
          },
          {
            "X": 0.700527012348175,
            "Y": 0.5863668322563171
          }
        ]
      },
      "Id": "7be835c4-3e36-4ba7-a950-c0fc82a311e3",
      "Page": 1
    },
    {
      "BlockType": "WORD",
      "Confidence": 99.62366485595703,
      "Text": "EP/D230-32",
      "TextType": "PRINTED",
      "Geometry": {
        "BoundingBox": {
          "Width": 0.07517971843481064,
          "Height": 0.02314276434481144,
          "Left": 0.24376311898231506,
          "Top": 0.596968948841095
        },
        "Polygon": [
          {
            "X": 0.24376311898231506,
            "Y": 0.596968948841095
          },
          {
            "X": 0.31875696778297424,
            "Y": 0.5970488786697388
          },
          {
            "X": 0.3189428448677063,
            "Y": 0.6201117038726807
          },
          {
            "X": 0.2439342439174652,
            "Y": 0.6200204491615295
          }
        ]
      },
      "Id": "ad1c565d-0c23-4d68-a026-b32903b38f7c",
      "Page": 1
    },
    {
      "BlockType": "WORD",
      "Confidence": 99.90982055664062,
      "Text": "D230",
      "TextType": "PRINTED",
      "Geometry": {
        "BoundingBox": {
          "Width": 0.03293805941939354,
          "Height": 0.01839633099734783,
          "Left": 0.4084796607494354,
          "Top": 0.5972827076911926
        },
        "Polygon": [
          {
            "X": 0.4084796607494354,
            "Y": 0.5972827076911926
          },
          {
            "X": 0.44125068187713623,
            "Y": 0.597317636013031
          },
          {
            "X": 0.44141772389411926,
            "Y": 0.6156790256500244
          },
          {
            "X": 0.4086415767669678,
            "Y": 0.6156401634216309
          }
        ]
      },
      "Id": "4970e602-369d-42bb-8940-4387354791c9",
      "Page": 1
    },
    {
      "BlockType": "WORD",
      "Confidence": 99.8092041015625,
      "Text": "32.0",
      "TextType": "PRINTED",
      "Geometry": {
        "BoundingBox": {
          "Width": 0.02605525404214859,
          "Height": 0.01828565075993538,
          "Left": 0.563833475112915,
          "Top": 0.5975257754325867
        },
        "Polygon": [
          {
            "X": 0.563833475112915,
            "Y": 0.5975257754325867
          },
          {
            "X": 0.5896996259689331,
            "Y": 0.5975533723831177
          },
          {
            "X": 0.5898887515068054,
            "Y": 0.6158114671707153
          },
          {
            "X": 0.5640185475349426,
            "Y": 0.615780770778656
          }
        ]
      },
      "Id": "f121431e-776b-43b3-98e6-b505a4720106",
      "Page": 1
    },
    {
      "BlockType": "WORD",
      "Confidence": 99.978271484375,
      "Text": "125",
      "TextType": "PRINTED",
      "Geometry": {
        "BoundingBox": {
          "Width": 0.022024227306246758,
          "Height": 0.01852189190685749,
          "Left": 0.7003492712974548,
          "Top": 0.5973357558250427
        },
        "Polygon": [
          {
            "X": 0.7003492712974548,
            "Y": 0.5973357558250427
          },
          {
            "X": 0.7221611142158508,
            "Y": 0.5973590016365051
          },
          {
            "X": 0.7223734855651855,
            "Y": 0.6158576607704163
          },
          {
            "X": 0.7005581855773926,
            "Y": 0.6158317923545837
          }
        ]
      },
      "Id": "9a2e0761-8f8d-491d-93a7-43be1984d053",
      "Page": 1
    },
    {
      "BlockType": "TABLE",
      "Confidence": 99.853515625,
      "Geometry": {
        "BoundingBox": {
          "Width": 0.553396999835968,
          "Height": 0.26485559344291687,
          "Left": 0.22283539175987244,
          "Top": 0.367265909910202
        },
        "Polygon": [
          {
            "X": 0.22283539175987244,
            "Y": 0.367502361536026
          },
          {
            "X": 0.7730713486671448,
            "Y": 0.367265909910202
          },
          {
            "X": 0.7762324213981628,
            "Y": 0.6321215033531189
          },
          {
            "X": 0.22475136816501617,
            "Y": 0.631409764289856
          }
        ]
      },
      "Id": "5a9510bc-0652-4941-9d98-3c86274eb53a",
      "Relationships": [
        {
          "Type": "CHILD",
          "Ids": [
            "b016e2d5-0399-4241-bc14-962bd120cb4a",
            "c507eda2-1d92-4b2b-9bbc-925223480ab9",
            "40d8f557-a60a-42fe-910f-350ff8e1cfe0",
            "c3fe7671-208b-4244-b939-c00be62c16a4",
            "b707fe5e-0932-48ed-ae4b-f4944c8a91a3",
            "aac6fcc7-762d-4a51-9a96-869bccd0bd01",
            "f04c0d01-bac8-4e78-90c4-7ab7400c2f31",
            "3e2269a6-47a2-44be-a1f8-4308a9d4eea1",
            "4622d243-cafd-4658-9316-a8c9c535cb72",
            "e071db55-dc29-42f2-ac5d-9dcc50df28b8",
            "4277ce19-464c-4027-9eac-fdc1538d2897",
            "c2de1645-9492-4856-91a9-a7b975219a82",
            "be53ad9e-9d71-4572-a940-668328b111db",
            "113532bc-d23e-4d42-aa68-e773c8eac606",
            "51cf00b0-36c1-45c0-b48b-e22d87324765",
            "be5c01bc-9169-41c8-9e29-937031f8bfed",
            "ba267069-2378-4f27-9833-48dd776989fa",
            "0363c025-650a-4605-9f5e-5e6edb060fe0",
            "3852552f-a02f-427e-a793-918b153f1c4d",
            "2ce6c797-47c7-44a4-baac-5d4ef285a4b4",
            "9f38e45a-9b22-4252-86ba-e9b8cf003866",
            "7277ae2a-80c6-4800-8622-93d55fd1a119",
            "a0e7c7d7-2685-4cd9-8738-fa2fa0664151",
            "8d9a42c2-7c79-48a6-a066-6d1cc71e4b04",
            "f07649fb-8781-4dbf-827e-47a3ce0b3ba4",
            "98ae093b-34da-4f39-a395-48de91908585",
            "29220f7a-5e22-4c0e-a059-f1cc77245bd1",
            "e23e977d-f725-4d66-8c16-a937b3a1e551",
            "e6244725-465c-4d6f-b749-fb663a39fc17",
            "be4a3f8d-652e-4af6-9a25-aa2a423a13c0",
            "466a7879-aeeb-494a-880b-02625e0b5833",
            "10c0f207-f79a-41b7-b089-d9d6f485af99"
          ]
        }
      ],
      "EntityTypes": [
        "STRUCTURED_TABLE"
      ],
      "Page": 1
    },
    {
      "BlockType": "CELL",
      "Confidence": 91.015625,
      "RowIndex": 1,
      "ColumnIndex": 1,
      "RowSpan": 1,
      "ColumnSpan": 1,
      "Geometry": {
        "BoundingBox": {
          "Width": 0.14604167640209198,
          "Height": 0.04292839393019676,
          "Left": 0.22283539175987244,
          "Top": 0.36743974685668945
        },
        "Polygon": [
          {
            "X": 0.22283539175987244,
            "Y": 0.367502361536026
          },
          {
            "X": 0.36851245164871216,
            "Y": 0.36743974685668945
          },
          {
            "X": 0.3688770830631256,
            "Y": 0.41034623980522156
          },
          {
            "X": 0.22314660251140594,
            "Y": 0.4103681445121765
          }
        ]
      },
      "Id": "b016e2d5-0399-4241-bc14-962bd120cb4a",
      "Relationships": [
        {
          "Type": "CHILD",
          "Ids": [
            "4f3d4f76-8177-4c36-a682-4704aee36c24"
          ]
        }
      ],
      "EntityTypes": [
        "COLUMN_HEADER"
      ],
      "Page": 1
    },
    {
      "BlockType": "CELL",
      "Confidence": 91.259765625,
      "RowIndex": 1,
      "ColumnIndex": 2,
      "RowSpan": 1,
      "ColumnSpan": 1,
      "Geometry": {
        "BoundingBox": {
          "Width": 0.15488645434379578,
          "Height": 0.0429728701710701,
          "Left": 0.36851245164871216,
          "Top": 0.36737337708473206
        },
        "Polygon": [
          {
            "X": 0.36851245164871216,
            "Y": 0.36743974685668945
          },
          {
            "X": 0.5229775905609131,
            "Y": 0.36737337708473206
          },
          {
            "X": 0.5233989357948303,
            "Y": 0.41032302379608154
          },
          {
            "X": 0.3688770830631256,
            "Y": 0.41034623980522156
          }
        ]
      },
      "Id": "c507eda2-1d92-4b2b-9bbc-925223480ab9",
      "Relationships": [
        {
          "Type": "CHILD",
          "Ids": [
            "8d4f024c-4455-4a73-b30d-b357f7f964d0",
            "d993a17c-2fe1-4e0d-ad5b-0d9a2e48bf2d"
          ]
        }
      ],
      "EntityTypes": [
        "COLUMN_HEADER"
      ],
      "Page": 1
    },
    {
      "BlockType": "CELL",
      "Confidence": 91.11328125,
      "RowIndex": 1,
      "ColumnIndex": 3,
      "RowSpan": 1,
      "ColumnSpan": 1,
      "Geometry": {
        "BoundingBox": {
          "Width": 0.1390961855649948,
          "Height": 0.04300921782851219,
          "Left": 0.5229775905609131,
          "Top": 0.36731380224227905
        },
        "Polygon": [
          {
            "X": 0.5229775905609131,
            "Y": 0.36737337708473206
          },
          {
            "X": 0.6616014242172241,
            "Y": 0.36731380224227905
          },
          {
            "X": 0.6620737314224243,
            "Y": 0.41030219197273254
          },
          {
            "X": 0.5233989357948303,
            "Y": 0.41032302379608154
          }
        ]
      },
      "Id": "40d8f557-a60a-42fe-910f-350ff8e1cfe0",
      "Relationships": [
        {
          "Type": "CHILD",
          "Ids": [
            "49547810-9310-480c-b981-8fa7397a8642"
          ]
        }
      ],
      "EntityTypes": [
        "COLUMN_HEADER"
      ],
      "Page": 1
    },
    {
      "BlockType": "CELL",
      "Confidence": 90.478515625,
      "RowIndex": 1,
      "ColumnIndex": 4,
      "RowSpan": 1,
      "ColumnSpan": 1,
      "Geometry": {
        "BoundingBox": {
          "Width": 0.11198338121175766,
          "Height": 0.04303627833724022,
          "Left": 0.6616014242172241,
          "Top": 0.367265909910202
        },
        "Polygon": [
          {
            "X": 0.6616014242172241,
            "Y": 0.36731380224227905
          },
          {
            "X": 0.7730713486671448,
            "Y": 0.367265909910202
          },
          {
            "X": 0.77358478307724,
            "Y": 0.41028544306755066
          },
          {
            "X": 0.6620737314224243,
            "Y": 0.41030219197273254
          }
        ]
      },
      "Id": "c3fe7671-208b-4244-b939-c00be62c16a4",
      "Relationships": [
        {
          "Type": "CHILD",
          "Ids": [
            "fb87393b-9938-492b-b8f7-8f4aa200ec37",
            "8429d3ea-b3e1-4182-ac79-0c2c5bee937b"
          ]
        }
      ],
      "EntityTypes": [
        "COLUMN_HEADER"
      ],
      "Page": 1
    },
    {
      "BlockType": "CELL",
      "Confidence": 91.357421875,
      "RowIndex": 2,
      "ColumnIndex": 1,
      "RowSpan": 1,
      "ColumnSpan": 1,
      "Geometry": {
        "BoundingBox": {
          "Width": 0.14604252576828003,
          "Height": 0.036722149699926376,
          "Left": 0.22314660251140594,
          "Top": 0.41034623980522156
        },
        "Polygon": [
          {
            "X": 0.22314660251140594,
            "Y": 0.4103681445121765
          },
          {
            "X": 0.3688770830631256,
            "Y": 0.41034623980522156
          },
          {
            "X": 0.3691891133785248,
            "Y": 0.44706839323043823
          },
          {
            "X": 0.22341294586658478,
            "Y": 0.4470554292201996
          }
        ]
      },
      "Id": "b707fe5e-0932-48ed-ae4b-f4944c8a91a3",
      "Relationships": [
        {
          "Type": "CHILD",
          "Ids": [
            "7670da0b-a8b8-4c4c-a935-b94459da1be9"
          ]
        }
      ],
      "Page": 1
    },
    {
      "BlockType": "CELL",
      "Confidence": 91.6015625,
      "RowIndex": 2,
      "ColumnIndex": 2,
      "RowSpan": 1,
      "ColumnSpan": 1,
      "Geometry": {
        "BoundingBox": {
          "Width": 0.15488244593143463,
          "Height": 0.03675910830497742,
          "Left": 0.3688770830631256,
          "Top": 0.41032302379608154
        },
        "Polygon": [
          {
            "X": 0.3688770830631256,
            "Y": 0.41034623980522156
          },
          {
            "X": 0.5233989357948303,
            "Y": 0.41032302379608154
          },
          {
            "X": 0.5237595438957214,
            "Y": 0.44708213210105896
          },
          {
            "X": 0.3691891133785248,
            "Y": 0.44706839323043823
          }
        ]
      },
      "Id": "aac6fcc7-762d-4a51-9a96-869bccd0bd01",
      "Relationships": [
        {
          "Type": "CHILD",
          "Ids": [
            "2b2e5f5b-6ed0-4894-ba1b-3ec7e3c4dc22",
            "7a3a6a0c-402f-43e1-8cf2-23a22f24f3db"
          ]
        }
      ],
      "Page": 1
    },
    {
      "BlockType": "CELL",
      "Confidence": 91.455078125,
      "RowIndex": 2,
      "ColumnIndex": 3,
      "RowSpan": 1,
      "ColumnSpan": 1,
      "Geometry": {
        "BoundingBox": {
          "Width": 0.13907912373542786,
          "Height": 0.03679227828979492,
          "Left": 0.5233989357948303,
          "Top": 0.41030219197273254
        },
        "Polygon": [
          {
            "X": 0.5233989357948303,
            "Y": 0.41032302379608154
          },
          {
            "X": 0.6620737314224243,
            "Y": 0.41030219197273254
          },
          {
            "X": 0.6624780297279358,
            "Y": 0.44709447026252747
          },
          {
            "X": 0.5237595438957214,
            "Y": 0.44708213210105896
          }
        ]
      },
      "Id": "f04c0d01-bac8-4e78-90c4-7ab7400c2f31",
      "Relationships": [
        {
          "Type": "CHILD",
          "Ids": [
            "df6cf091-7132-475a-a05f-cb19d9b00020"
          ]
        }
      ],
      "Page": 1
    },
    {
      "BlockType": "CELL",
      "Confidence": 90.8203125,
      "RowIndex": 2,
      "ColumnIndex": 4,
      "RowSpan": 1,
      "ColumnSpan": 1,
      "Geometry": {
        "BoundingBox": {
          "Width": 0.11195046454668045,
          "Height": 0.03681894764304161,
          "Left": 0.6620737314224243,
          "Top": 0.41028544306755066
        },
        "Polygon": [
          {
            "X": 0.6620737314224243,
            "Y": 0.41030219197273254
          },
          {
            "X": 0.77358478307724,
            "Y": 0.41028544306755066
          },
          {
            "X": 0.774024248123169,
            "Y": 0.44710439443588257
          },
          {
            "X": 0.6624780297279358,
            "Y": 0.44709447026252747
          }
        ]
      },
      "Id": "3e2269a6-47a2-44be-a1f8-4308a9d4eea1",
      "Relationships": [
        {
          "Type": "CHILD",
          "Ids": [
            "4f81e46d-96b0-46d0-8eb7-99d59e9d2700"
          ]
        }
      ],
      "Page": 1
    },
    {
      "BlockType": "CELL",
      "Confidence": 87.744140625,
      "RowIndex": 3,
      "ColumnIndex": 1,
      "RowSpan": 1,
      "ColumnSpan": 1,
      "Geometry": {
        "BoundingBox": {
          "Width": 0.14601553976535797,
          "Height": 0.028182122856378555,
          "Left": 0.22341294586658478,
          "Top": 0.4470554292201996
        },
        "Polygon": [
          {
            "X": 0.22341294586658478,
            "Y": 0.4470554292201996
          },
          {
            "X": 0.3691891133785248,
            "Y": 0.44706839323043823
          },
          {
            "X": 0.36942848563194275,
            "Y": 0.47523757815361023
          },
          {
            "X": 0.22361727058887482,
            "Y": 0.47519785165786743
          }
        ]
      },
      "Id": "4622d243-cafd-4658-9316-a8c9c535cb72",
      "Relationships": [
        {
          "Type": "CHILD",
          "Ids": [
            "82aad1c3-8de1-4fb9-8b8f-4d2cf3865dc8"
          ]
        }
      ],
      "Page": 1
    },
    {
      "BlockType": "CELL",
      "Confidence": 87.98828125,
      "RowIndex": 3,
      "ColumnIndex": 2,
      "RowSpan": 1,
      "ColumnSpan": 1,
      "Geometry": {
        "BoundingBox": {
          "Width": 0.15484701097011566,
          "Height": 0.02821127139031887,
          "Left": 0.3691891133785248,
          "Top": 0.44706839323043823
        },
        "Polygon": [
          {
            "X": 0.3691891133785248,
            "Y": 0.44706839323043823
          },
          {
            "X": 0.5237595438957214,
            "Y": 0.44708213210105896
          },
          {
            "X": 0.524036169052124,
            "Y": 0.47527965903282166
          },
          {
            "X": 0.36942848563194275,
            "Y": 0.47523757815361023
          }
        ]
      },
      "Id": "e071db55-dc29-42f2-ac5d-9dcc50df28b8",
      "Relationships": [
        {
          "Type": "CHILD",
          "Ids": [
            "1158cf15-fa04-4d22-bf13-d0d03d68e613"
          ]
        }
      ],
      "Page": 1
    },
    {
      "BlockType": "CELL",
      "Confidence": 87.841796875,
      "RowIndex": 3,
      "ColumnIndex": 3,
      "RowSpan": 1,
      "ColumnSpan": 1,
      "Geometry": {
        "BoundingBox": {
          "Width": 0.1390286237001419,
          "Height": 0.028235318139195442,
          "Left": 0.5237595438957214,
          "Top": 0.44708213210105896
        },
        "Polygon": [
          {
            "X": 0.5237595438957214,
            "Y": 0.44708213210105896
          },
          {
            "X": 0.6624780297279358,
            "Y": 0.44709447026252747
          },
          {
            "X": 0.6627881526947021,
            "Y": 0.47531744837760925
          },
          {
            "X": 0.524036169052124,
            "Y": 0.47527965903282166
          }
        ]
      },
      "Id": "4277ce19-464c-4027-9eac-fdc1538d2897",
      "Relationships": [
        {
          "Type": "CHILD",
          "Ids": [
            "4d37e904-c948-4de7-892e-ebc9ca79ecb6"
          ]
        }
      ],
      "Page": 1
    },
    {
      "BlockType": "CELL",
      "Confidence": 87.20703125,
      "RowIndex": 3,
      "ColumnIndex": 4,
      "RowSpan": 1,
      "ColumnSpan": 1,
      "Geometry": {
        "BoundingBox": {
          "Width": 0.11188328266143799,
          "Height": 0.028253374621272087,
          "Left": 0.6624780297279358,
          "Top": 0.44709447026252747
        },
        "Polygon": [
          {
            "X": 0.6624780297279358,
            "Y": 0.44709447026252747
          },
          {
            "X": 0.774024248123169,
            "Y": 0.44710439443588257
          },
          {
            "X": 0.7743613123893738,
            "Y": 0.4753478467464447
          },
          {
            "X": 0.6627881526947021,
            "Y": 0.47531744837760925
          }
        ]
      },
      "Id": "c2de1645-9492-4856-91a9-a7b975219a82",
      "Relationships": [
        {
          "Type": "CHILD",
          "Ids": [
            "7a48e693-e231-4eab-9b57-f49f4634f1bc"
          ]
        }
      ],
      "Page": 1
    },
    {
      "BlockType": "CELL",
      "Confidence": 89.94140625,
      "RowIndex": 4,
      "ColumnIndex": 1,
      "RowSpan": 1,
      "ColumnSpan": 1,
      "Geometry": {
        "BoundingBox": {
          "Width": 0.14606113731861115,
          "Height": 0.029447991400957108,
          "Left": 0.22361727058887482,
          "Top": 0.47519785165786743
        },
        "Polygon": [
          {
            "X": 0.22361727058887482,
            "Y": 0.47519785165786743
          },
          {
            "X": 0.36942848563194275,
            "Y": 0.47523757815361023
          },
          {
            "X": 0.36967840790748596,
            "Y": 0.504645824432373
          },
          {
            "X": 0.22383056581020355,
            "Y": 0.504578173160553
          }
        ]
      },
      "Id": "be53ad9e-9d71-4572-a940-668328b111db",
      "Relationships": [
        {
          "Type": "CHILD",
          "Ids": [
            "54e2b126-f32f-4806-80d3-1c19999d88e1"
          ]
        }
      ],
      "Page": 1
    },
    {
      "BlockType": "CELL",
      "Confidence": 90.185546875,
      "RowIndex": 4,
      "ColumnIndex": 2,
      "RowSpan": 1,
      "ColumnSpan": 1,
      "Geometry": {
        "BoundingBox": {
          "Width": 0.15489643812179565,
          "Height": 0.029480015859007835,
          "Left": 0.36942848563194275,
          "Top": 0.47523757815361023
        },
        "Polygon": [
          {
            "X": 0.36942848563194275,
            "Y": 0.47523757815361023
          },
          {
            "X": 0.524036169052124,
            "Y": 0.47527965903282166
          },
          {
            "X": 0.5243249535560608,
            "Y": 0.5047175884246826
          },
          {
            "X": 0.36967840790748596,
            "Y": 0.504645824432373
          }
        ]
      },
      "Id": "113532bc-d23e-4d42-aa68-e773c8eac606",
      "Relationships": [
        {
          "Type": "CHILD",
          "Ids": [
            "51a67fa4-4d3d-4803-8680-71497c0ce255"
          ]
        }
      ],
      "Page": 1
    },
    {
      "BlockType": "CELL",
      "Confidence": 90.0390625,
      "RowIndex": 4,
      "ColumnIndex": 3,
      "RowSpan": 1,
      "ColumnSpan": 1,
      "Geometry": {
        "BoundingBox": {
          "Width": 0.13907575607299805,
          "Height": 0.02950228750705719,
          "Left": 0.524036169052124,
          "Top": 0.47527965903282166
        },
        "Polygon": [
          {
            "X": 0.524036169052124,
            "Y": 0.47527965903282166
          },
          {
            "X": 0.6627881526947021,
            "Y": 0.47531744837760925
          },
          {
            "X": 0.6631119251251221,
            "Y": 0.50478196144104
          },
          {
            "X": 0.5243249535560608,
            "Y": 0.5047175884246826
          }
        ]
      },
      "Id": "51cf00b0-36c1-45c0-b48b-e22d87324765",
      "Relationships": [
        {
          "Type": "CHILD",
          "Ids": [
            "17f8832c-a162-4ce9-8cb8-9a4b8f3c5db3"
          ]
        }
      ],
      "Page": 1
    },
    {
      "BlockType": "CELL",
      "Confidence": 89.404296875,
      "RowIndex": 4,
      "ColumnIndex": 4,
      "RowSpan": 1,
      "ColumnSpan": 1,
      "Geometry": {
        "BoundingBox": {
          "Width": 0.11192508041858673,
          "Height": 0.029516268521547318,
          "Left": 0.6627881526947021,
          "Top": 0.47531744837760925
        },
        "Polygon": [
          {
            "X": 0.6627881526947021,
            "Y": 0.47531744837760925
          },
          {
            "X": 0.7743613123893738,
            "Y": 0.4753478467464447
          },
          {
            "X": 0.7747132182121277,
            "Y": 0.5048336982727051
          },
          {
            "X": 0.6631119251251221,
            "Y": 0.50478196144104
          }
        ]
      },
      "Id": "be5c01bc-9169-41c8-9e29-937031f8bfed",
      "Relationships": [
        {
          "Type": "CHILD",
          "Ids": [
            "3c4f72da-2e29-4191-8745-a53bc2e8dabb"
          ]
        }
      ],
      "Page": 1
    },
    {
      "BlockType": "CELL",
      "Confidence": 89.55078125,
      "RowIndex": 5,
      "ColumnIndex": 1,
      "RowSpan": 1,
      "ColumnSpan": 1,
      "Geometry": {
        "BoundingBox": {
          "Width": 0.14609786868095398,
          "Height": 0.029490619897842407,
          "Left": 0.22383056581020355,
          "Top": 0.504578173160553
        },
        "Polygon": [
          {
            "X": 0.22383056581020355,
            "Y": 0.504578173160553
          },
          {
            "X": 0.36967840790748596,
            "Y": 0.504645824432373
          },
          {
            "X": 0.36992841958999634,
            "Y": 0.5340688228607178
          },
          {
            "X": 0.22404398024082184,
            "Y": 0.5339731574058533
          }
        ]
      },
      "Id": "ba267069-2378-4f27-9833-48dd776989fa",
      "Relationships": [
        {
          "Type": "CHILD",
          "Ids": [
            "9e9b6b00-1d7e-4623-a945-3b6246650dc8"
          ]
        }
      ],
      "Page": 1
    },
    {
      "BlockType": "CELL",
      "Confidence": 89.74609375,
      "RowIndex": 5,
      "ColumnIndex": 2,
      "RowSpan": 1,
      "ColumnSpan": 1,
      "Geometry": {
        "BoundingBox": {
          "Width": 0.15493546426296234,
          "Height": 0.029524359852075577,
          "Left": 0.36967840790748596,
          "Top": 0.504645824432373
        },
        "Polygon": [
          {
            "X": 0.36967840790748596,
            "Y": 0.504645824432373
          },
          {
            "X": 0.5243249535560608,
            "Y": 0.5047175884246826
          },
          {
            "X": 0.5246138572692871,
            "Y": 0.5341702103614807
          },
          {
            "X": 0.36992841958999634,
            "Y": 0.5340688228607178
          }
        ]
      },
      "Id": "0363c025-650a-4605-9f5e-5e6edb060fe0",
      "Relationships": [
        {
          "Type": "CHILD",
          "Ids": [
            "5e702e02-f4b5-4000-86ee-28dfaffd1a1b"
          ]
        }
      ],
      "Page": 1
    },
    {
      "BlockType": "CELL",
      "Confidence": 89.599609375,
      "RowIndex": 5,
      "ColumnIndex": 3,
      "RowSpan": 1,
      "ColumnSpan": 1,
      "Geometry": {
        "BoundingBox": {
          "Width": 0.13911087810993195,
          "Height": 0.029543621465563774,
          "Left": 0.5243249535560608,
          "Top": 0.5047175884246826
        },
        "Polygon": [
          {
            "X": 0.5243249535560608,
            "Y": 0.5047175884246826
          },
          {
            "X": 0.6631119251251221,
            "Y": 0.50478196144104
          },
          {
            "X": 0.6634358167648315,
            "Y": 0.5342612266540527
          },
          {
            "X": 0.5246138572692871,
            "Y": 0.5341702103614807
          }
        ]
      },
      "Id": "3852552f-a02f-427e-a793-918b153f1c4d",
      "Relationships": [
        {
          "Type": "CHILD",
          "Ids": [
            "39f73c31-e472-445e-b72e-58576e9fa34b"
          ]
        }
      ],
      "Page": 1
    },
    {
      "BlockType": "CELL",
      "Confidence": 88.96484375,
      "RowIndex": 5,
      "ColumnIndex": 4,
      "RowSpan": 1,
      "ColumnSpan": 1,
      "Geometry": {
        "BoundingBox": {
          "Width": 0.11195342242717743,
          "Height": 0.029552413150668144,
          "Left": 0.6631119251251221,
          "Top": 0.50478196144104
        },
        "Polygon": [
          {
            "X": 0.6631119251251221,
            "Y": 0.50478196144104
          },
          {
            "X": 0.7747132182121277,
            "Y": 0.5048336982727051
          },
          {
            "X": 0.7750653028488159,
            "Y": 0.5343343615531921
          },
          {
            "X": 0.6634358167648315,
            "Y": 0.5342612266540527
          }
        ]
      },
      "Id": "2ce6c797-47c7-44a4-baac-5d4ef285a4b4",
      "Relationships": [
        {
          "Type": "CHILD",
          "Ids": [
            "9ff91aba-3d55-4b92-ba28-17a20adc5271"
          ]
        }
      ],
      "Page": 1
    },
    {
      "BlockType": "CELL",
      "Confidence": 89.84375,
      "RowIndex": 6,
      "ColumnIndex": 1,
      "RowSpan": 1,
      "ColumnSpan": 1,
      "Geometry": {
        "BoundingBox": {
          "Width": 0.14612418413162231,
          "Height": 0.028306426480412483,
          "Left": 0.22404398024082184,
          "Top": 0.5339731574058533
        },
        "Polygon": [
          {
            "X": 0.22404398024082184,
            "Y": 0.5339731574058533
          },
          {
            "X": 0.36992841958999634,
            "Y": 0.5340688228607178
          },
          {
            "X": 0.37016814947128296,
            "Y": 0.5622796416282654
          },
          {
            "X": 0.22424858808517456,
            "Y": 0.562157154083252
          }
        ]
      },
      "Id": "9f38e45a-9b22-4252-86ba-e9b8cf003866",
      "Relationships": [
        {
          "Type": "CHILD",
          "Ids": [
            "a6cfe521-2a67-4d71-a050-5a4506f27f49"
          ]
        }
      ],
      "Page": 1
    },
    {
      "BlockType": "CELL",
      "Confidence": 90.087890625,
      "RowIndex": 6,
      "ColumnIndex": 2,
      "RowSpan": 1,
      "ColumnSpan": 1,
      "Geometry": {
        "BoundingBox": {
          "Width": 0.1549624651670456,
          "Height": 0.028340645134449005,
          "Left": 0.36992841958999634,
          "Top": 0.5340688228607178
        },
        "Polygon": [
          {
            "X": 0.36992841958999634,
            "Y": 0.5340688228607178
          },
          {
            "X": 0.5246138572692871,
            "Y": 0.5341702103614807
          },
          {
            "X": 0.5248908996582031,
            "Y": 0.5624094605445862
          },
          {
            "X": 0.37016814947128296,
            "Y": 0.5622796416282654
          }
        ]
      },
      "Id": "7277ae2a-80c6-4800-8622-93d55fd1a119",
      "Relationships": [
        {
          "Type": "CHILD",
          "Ids": [
            "e7d72456-4534-454f-966f-7d7f9b247203"
          ]
        }
      ],
      "Page": 1
    },
    {
      "BlockType": "CELL",
      "Confidence": 89.94140625,
      "RowIndex": 6,
      "ColumnIndex": 3,
      "RowSpan": 1,
      "ColumnSpan": 1,
      "Geometry": {
        "BoundingBox": {
          "Width": 0.1391325145959854,
          "Height": 0.028355779126286507,
          "Left": 0.5246138572692871,
          "Top": 0.5341702103614807
        },
        "Polygon": [
          {
            "X": 0.5246138572692871,
            "Y": 0.5341702103614807
          },
          {
            "X": 0.6634358167648315,
            "Y": 0.5342612266540527
          },
          {
            "X": 0.6637463569641113,
            "Y": 0.5625259876251221
          },
          {
            "X": 0.5248908996582031,
            "Y": 0.5624094605445862
          }
        ]
      },
      "Id": "a0e7c7d7-2685-4cd9-8738-fa2fa0664151",
      "Relationships": [
        {
          "Type": "CHILD",
          "Ids": [
            "7b379a88-73d0-4134-8e52-039e10ab63ab"
          ]
        }
      ],
      "Page": 1
    },
    {
      "BlockType": "CELL",
      "Confidence": 89.306640625,
      "RowIndex": 6,
      "ColumnIndex": 4,
      "RowSpan": 1,
      "ColumnSpan": 1,
      "Geometry": {
        "BoundingBox": {
          "Width": 0.11196708679199219,
          "Height": 0.02835848741233349,
          "Left": 0.6634358167648315,
          "Top": 0.5342612266540527
        },
        "Polygon": [
          {
            "X": 0.6634358167648315,
            "Y": 0.5342612266540527
          },
          {
            "X": 0.7750653028488159,
            "Y": 0.5343343615531921
          },
          {
            "X": 0.7754029035568237,
            "Y": 0.562619686126709
          },
          {
            "X": 0.6637463569641113,
            "Y": 0.5625259876251221
          }
        ]
      },
      "Id": "8d9a42c2-7c79-48a6-a066-6d1cc71e4b04",
      "Relationships": [
        {
          "Type": "CHILD",
          "Ids": [
            "d924e60b-48de-4868-85ad-69702532a401"
          ]
        }
      ],
      "Page": 1
    },
    {
      "BlockType": "CELL",
      "Confidence": 87.255859375,
      "RowIndex": 7,
      "ColumnIndex": 1,
      "RowSpan": 1,
      "ColumnSpan": 1,
      "Geometry": {
        "BoundingBox": {
          "Width": 0.14616984128952026,
          "Height": 0.029574215412139893,
          "Left": 0.22424858808517456,
          "Top": 0.562157154083252
        },
        "Polygon": [
          {
            "X": 0.22424858808517456,
            "Y": 0.562157154083252
          },
          {
            "X": 0.37016814947128296,
            "Y": 0.5622796416282654
          },
          {
            "X": 0.3704184293746948,
            "Y": 0.5917313694953918
          },
          {
            "X": 0.22446221113204956,
            "Y": 0.591580867767334
          }
        ]
      },
      "Id": "f07649fb-8781-4dbf-827e-47a3ce0b3ba4",
      "Relationships": [
        {
          "Type": "CHILD",
          "Ids": [
            "8aa51100-d23d-49a1-aacb-b046e2f94dc7"
          ]
        }
      ],
      "Page": 1
    },
    {
      "BlockType": "CELL",
      "Confidence": 87.451171875,
      "RowIndex": 7,
      "ColumnIndex": 2,
      "RowSpan": 1,
      "ColumnSpan": 1,
      "Geometry": {
        "BoundingBox": {
          "Width": 0.15501195192337036,
          "Height": 0.029611319303512573,
          "Left": 0.37016814947128296,
          "Top": 0.5622796416282654
        },
        "Polygon": [
          {
            "X": 0.37016814947128296,
            "Y": 0.5622796416282654
          },
          {
            "X": 0.5248908996582031,
            "Y": 0.5624094605445862
          },
          {
            "X": 0.5251801013946533,
            "Y": 0.5918909311294556
          },
          {
            "X": 0.3704184293746948,
            "Y": 0.5917313694953918
          }
        ]
      },
      "Id": "98ae093b-34da-4f39-a395-48de91908585",
      "Relationships": [
        {
          "Type": "CHILD",
          "Ids": [
            "17fcc65d-df78-47ca-b5bf-dce2a213687f"
          ]
        }
      ],
      "Page": 1
    },
    {
      "BlockType": "CELL",
      "Confidence": 87.3046875,
      "RowIndex": 7,
      "ColumnIndex": 3,
      "RowSpan": 1,
      "ColumnSpan": 1,
      "Geometry": {
        "BoundingBox": {
          "Width": 0.13917972147464752,
          "Height": 0.02962467260658741,
          "Left": 0.5248908996582031,
          "Top": 0.5624094605445862
        },
        "Polygon": [
          {
            "X": 0.5248908996582031,
            "Y": 0.5624094605445862
          },
          {
            "X": 0.6637463569641113,
            "Y": 0.5625259876251221
          },
          {
            "X": 0.6640706062316895,
            "Y": 0.592034101486206
          },
          {
            "X": 0.5251801013946533,
            "Y": 0.5918909311294556
          }
        ]
      },
      "Id": "29220f7a-5e22-4c0e-a059-f1cc77245bd1",
      "Relationships": [
        {
          "Type": "CHILD",
          "Ids": [
            "9a60b559-6d96-4322-ab71-8bf8d5244ecc"
          ]
        }
      ],
      "Page": 1
    },
    {
      "BlockType": "CELL",
      "Confidence": 86.71875,
      "RowIndex": 7,
      "ColumnIndex": 4,
      "RowSpan": 1,
      "ColumnSpan": 1,
      "Geometry": {
        "BoundingBox": {
          "Width": 0.1120089516043663,
          "Height": 0.02962329238653183,
          "Left": 0.6637463569641113,
          "Top": 0.5625259876251221
        },
        "Polygon": [
          {
            "X": 0.6637463569641113,
            "Y": 0.5625259876251221
          },
          {
            "X": 0.7754029035568237,
            "Y": 0.562619686126709
          },
          {
            "X": 0.7757553458213806,
            "Y": 0.5921492576599121
          },
          {
            "X": 0.6640706062316895,
            "Y": 0.592034101486206
          }
        ]
      },
      "Id": "e23e977d-f725-4d66-8c16-a937b3a1e551",
      "Relationships": [
        {
          "Type": "CHILD",
          "Ids": [
            "7be835c4-3e36-4ba7-a950-c0fc82a311e3"
          ]
        }
      ],
      "Page": 1
    },
    {
      "BlockType": "CELL",
      "Confidence": 92.3828125,
      "RowIndex": 8,
      "ColumnIndex": 1,
      "RowSpan": 1,
      "ColumnSpan": 1,
      "Geometry": {
        "BoundingBox": {
          "Width": 0.1462949961423874,
          "Height": 0.04001731052994728,
          "Left": 0.22446221113204956,
          "Top": 0.591580867767334
        },
        "Polygon": [
          {
            "X": 0.22446221113204956,
            "Y": 0.591580867767334
          },
          {
            "X": 0.3704184293746948,
            "Y": 0.5917313694953918
          },
          {
            "X": 0.37075722217559814,
            "Y": 0.631598174571991
          },
          {
            "X": 0.22475136816501617,
            "Y": 0.631409764289856
          }
        ]
      },
      "Id": "e6244725-465c-4d6f-b749-fb663a39fc17",
      "Relationships": [
        {
          "Type": "CHILD",
          "Ids": [
            "ad1c565d-0c23-4d68-a026-b32903b38f7c"
          ]
        }
      ],
      "Page": 1
    },
    {
      "BlockType": "CELL",
      "Confidence": 92.626953125,
      "RowIndex": 8,
      "ColumnIndex": 2,
      "RowSpan": 1,
      "ColumnSpan": 1,
      "Geometry": {
        "BoundingBox": {
          "Width": 0.15515317022800446,
          "Height": 0.040066637098789215,
          "Left": 0.3704184293746948,
          "Top": 0.5917313694953918
        },
        "Polygon": [
          {
            "X": 0.3704184293746948,
            "Y": 0.5917313694953918
          },
          {
            "X": 0.5251801013946533,
            "Y": 0.5918909311294556
          },
          {
            "X": 0.5255715847015381,
            "Y": 0.6317980289459229
          },
          {
            "X": 0.37075722217559814,
            "Y": 0.631598174571991
          }
        ]
      },
      "Id": "be4a3f8d-652e-4af6-9a25-aa2a423a13c0",
      "Relationships": [
        {
          "Type": "CHILD",
          "Ids": [
            "4970e602-369d-42bb-8940-4387354791c9"
          ]
        }
      ],
      "Page": 1
    },
    {
      "BlockType": "CELL",
      "Confidence": 92.48046875,
      "RowIndex": 8,
      "ColumnIndex": 3,
      "RowSpan": 1,
      "ColumnSpan": 1,
      "Geometry": {
        "BoundingBox": {
          "Width": 0.13932938873767853,
          "Height": 0.04008639603853226,
          "Left": 0.5251801013946533,
          "Top": 0.5918909311294556
        },
        "Polygon": [
          {
            "X": 0.5251801013946533,
            "Y": 0.5918909311294556
          },
          {
            "X": 0.6640706062316895,
            "Y": 0.592034101486206
          },
          {
            "X": 0.6645095348358154,
            "Y": 0.6319773197174072
          },
          {
            "X": 0.5255715847015381,
            "Y": 0.6317980289459229
          }
        ]
      },
      "Id": "466a7879-aeeb-494a-880b-02625e0b5833",
      "Relationships": [
        {
          "Type": "CHILD",
          "Ids": [
            "f121431e-776b-43b3-98e6-b505a4720106"
          ]
        }
      ],
      "Page": 1
    },
    {
      "BlockType": "CELL",
      "Confidence": 91.845703125,
      "RowIndex": 8,
      "ColumnIndex": 4,
      "RowSpan": 1,
      "ColumnSpan": 1,
      "Geometry": {
        "BoundingBox": {
          "Width": 0.1121617928147316,
          "Height": 0.040087390691041946,
          "Left": 0.6640706062316895,
          "Top": 0.592034101486206
        },
        "Polygon": [
          {
            "X": 0.6640706062316895,
            "Y": 0.592034101486206
          },
          {
            "X": 0.7757553458213806,
            "Y": 0.5921492576599121
          },
          {
            "X": 0.7762324213981628,
            "Y": 0.6321215033531189
          },
          {
            "X": 0.6645095348358154,
            "Y": 0.6319773197174072
          }
        ]
      },
      "Id": "10c0f207-f79a-41b7-b089-d9d6f485af99",
      "Relationships": [
        {
          "Type": "CHILD",
          "Ids": [
            "9a2e0761-8f8d-491d-93a7-43be1984d053"
          ]
        }
      ],
      "Page": 1
    }
  ],
  "AnalyzeDocumentModelVersion": "1.0"
}