{
  "DocumentMetadata": {
    "Pages": 1
  },
  "JobStatus": "SUCCEEDED",
  "Blocks": [
    {
      "BlockType": "PAGE",
      "Geometry": {
        "BoundingBox": {
          "Width": 1,
          "Height": 1,
          "Left": 0,
          "Top": 0
        },
        "Polygon": [
          {
            "X": 0,
            "Y": 0.00002502122697478626
          },
          {
            "X": 1,
            "Y": 0
          },
          {
            "X": 1,
            "Y": 1
          },
          {
            "X": 0.00002912153104261961,
            "Y": 1
          }
        ]
      },
      "Id": "2631d9b2-3c3b-49ab-824f-90f07a83aaed",
      "Relationships": [
        {
          "Type": "CHILD",
          "Ids": [
            "20cd8b30-8689-4ab8-a26e-38a75126fefc",
            "1bd866dd-c7a4-40ce-af88-2c2931fa6e26",
            "01aadebc-fa94-4cb8-bf34-916cb3507cac",
            "88ecb756-2a54-47e7-8843-cc8179caf780",
            "20197efd-140d-430a-b9b8-c8b4b19eb19a",
            "ce4de8ce-c8a9-4b08-9c06-8c73919fd33f",
            "7e8ea144-a923-4cff-bd01-dedd2760611f",
            "1394f933-14f2-4f96-964a-48fb023d0dec",
            "649c517c-8d7f-4a1b-9582-3a743103b9c1",
            "3f145bcd-30c7-4268-b012-79b91198e13a",
            "59f1e2a3-a3cf-4269-b915-a02214426e63",
            "bc2116cf-9738-4be9-942c-bd59eae5e9cc",
            "07d26fb3-de14-49cd-bdf5-cefb77999de8",
            "ca3f9e09-0e69-4db4-9a46-dd0e7ec3a19a",
            "d8610032-9c7b-4499-a46d-c74cc56ea22e",
            "e1fa02b6-d40f-4a9e-97ee-a74ecb9ba352",
            "e1169db1-69a4-465d-a1fb-132d88a1b7b4",
            "9faaa479-e401-4b87-ba20-f8b4e169c621",
            "87db0c1e-fadf-460a-a077-43c32ae4ce9b",
            "77be2cb8-c951-4d78-9214-dd9c3310cb27",
            "20f51a21-80ee-460c-9ae2-81320ef1da87",
            "4026fc1f-1c51-45e6-ba3e-bd32a2a4660e",
            "9902b4d7-7699-4575-bf7a-ddc8f0a122d6",
            "515470ae-a4e2-416f-a294-e56d728c9783",
            "e979251e-bbe4-43ff-bfb9-cff279cf9ae0",
            "676f2439-6a16-4c07-81b6-7b6a2f696ffa"
          ]
        }
      ],
      "Page": 1
    },
    {
      "BlockType": "LINE",
      "Confidence": 99.69998168945312,
      "Text": "Sample",
      "Geometry": {
        "BoundingBox": {
          "Width": 0.03243933245539665,
          "Height": 0.02829764597117901,
          "Left": 0.1658308506011963,
          "Top": 0.4189188778400421
        },
        "Polygon": [
          {
            "X": 0.1658308506011963,
            "Y": 0.4189188778400421
          },
          {
            "X": 0.19760775566101074,
            "Y": 0.41895702481269836
          },
          {
            "X": 0.19827018678188324,
            "Y": 0.44721654057502747
          },
          {
            "X": 0.16648587584495544,
            "Y": 0.4471733272075653
          }
        ]
      },
      "Id": "20cd8b30-8689-4ab8-a26e-38a75126fefc",
      "Relationships": [
        {
          "Type": "CHILD",
          "Ids": [
            "28039661-7974-412e-afc1-8e97a6b04775"
          ]
        }
      ],
      "Page": 1
    },
    {
      "BlockType": "LINE",
      "Confidence": 81.03001403808594,
      "Text": "T5% (C)",
      "Geometry": {
        "BoundingBox": {
          "Width": 0.032461635768413544,
          "Height": 0.02535463683307171,
          "Left": 0.3126409947872162,
          "Top": 0.42024463415145874
        },
        "Polygon": [
          {
            "X": 0.3126409947872162,
            "Y": 0.42024463415145874
          },
          {
            "X": 0.3444790542125702,
            "Y": 0.42028307914733887
          },
          {
            "X": 0.3451026380062103,
            "Y": 0.4455992877483368
          },
          {
            "X": 0.31325793266296387,
            "Y": 0.44555631279945374
          }
        ]
      },
      "Id": "1bd866dd-c7a4-40ce-af88-2c2931fa6e26",
      "Relationships": [
        {
          "Type": "CHILD",
          "Ids": [
            "44b9c848-008f-4f7d-b137-687c4d877fd5",
            "51d6dca5-feb4-4b78-ad00-ad5d628ede38"
          ]
        }
      ],
      "Page": 1
    },
    {
      "BlockType": "LINE",
      "Confidence": 84.55501556396484,
      "Text": "Tmax (C)",
      "Geometry": {
        "BoundingBox": {
          "Width": 0.037590865045785904,
          "Height": 0.025978434830904007,
          "Left": 0.4285031259059906,
          "Top": 0.4200151562690735
        },
        "Polygon": [
          {
            "X": 0.4285031259059906,
            "Y": 0.4200151562690735
          },
          {
            "X": 0.46542978286743164,
            "Y": 0.4200596511363983
          },
          {
            "X": 0.4660940170288086,
            "Y": 0.4459936022758484
          },
          {
            "X": 0.4291594624519348,
            "Y": 0.4459437131881714
          }
        ]
      },
      "Id": "01aadebc-fa94-4cb8-bf34-916cb3507cac",
      "Relationships": [
        {
          "Type": "CHILD",
          "Ids": [
            "ea7e2f05-5e13-4121-a601-fda6a04e8cc2",
            "cb6159ae-87f2-4e0d-842d-359d22a6c2a1"
          ]
        }
      ],
      "Page": 1
    },
    {
      "BlockType": "LINE",
      "Confidence": 99.65721893310547,
      "Text": "Rate at Tmax (%/min)",
      "Geometry": {
        "BoundingBox": {
          "Width": 0.08256252855062485,
          "Height": 0.02789740264415741,
          "Left": 0.5799952745437622,
          "Top": 0.4189198911190033
        },
        "Polygon": [
          {
            "X": 0.5799952745437622,
            "Y": 0.4189198911190033
          },
          {
            "X": 0.6618015170097351,
            "Y": 0.41901788115501404
          },
          {
            "X": 0.66255784034729,
            "Y": 0.4468173086643219
          },
          {
            "X": 0.5807328224182129,
            "Y": 0.4467065632343292
          }
        ]
      },
      "Id": "88ecb756-2a54-47e7-8843-cc8179caf780",
      "Relationships": [
        {
          "Type": "CHILD",
          "Ids": [
            "12b96cab-1494-4fa5-9e29-6ff709446418",
            "b7a6f544-a117-4206-9fea-6d96b771450b",
            "33012811-a555-4bd9-8fe9-c2bcc5709ed5",
            "4c9890e9-8694-4b74-b12b-d7d6c8ec8fd4"
          ]
        }
      ],
      "Page": 1
    },
    {
      "BlockType": "LINE",
      "Confidence": 95.36030578613281,
      "Text": "Residue at 800 °C (wt%)",
      "Geometry": {
        "BoundingBox": {
          "Width": 0.09610210359096527,
          "Height": 0.02484079636633396,
          "Left": 0.7470836043357849,
          "Top": 0.42034634947776794
        },
        "Polygon": [
          {
            "X": 0.7470836043357849,
            "Y": 0.42034634947776794
          },
          {
            "X": 0.8424767851829529,
            "Y": 0.4204612970352173
          },
          {
            "X": 0.8431857228279114,
            "Y": 0.44518715143203735
          },
          {
            "X": 0.7477729916572571,
            "Y": 0.44505903124809265
          }
        ]
      },
      "Id": "20197efd-140d-430a-b9b8-c8b4b19eb19a",
      "Relationships": [
        {
          "Type": "CHILD",
          "Ids": [
            "8ecc2537-e688-408e-9635-f561752fb338",
            "b02d2b3a-0f88-4203-bc81-76c630714321",
            "c71f65c6-5f81-432b-8053-4c0b8e1241bd",
            "2867459c-bf71-4dd3-bd44-0d3a6fea74e1",
            "01541114-e5c8-4c3e-939c-b08b874e4f93"
          ]
        }
      ],
      "Page": 1
    },
    {
      "BlockType": "LINE",
      "Confidence": 99.49824523925781,
      "Text": "PA-AEP",
      "Geometry": {
        "BoundingBox": {
          "Width": 0.030593151226639748,
          "Height": 0.019529936835169792,
          "Left": 0.16766349971294403,
          "Top": 0.4704560339450836
        },
        "Polygon": [
          {
            "X": 0.16766349971294403,
            "Y": 0.4704560339450836
          },
          {
            "X": 0.19780007004737854,
            "Y": 0.4705009162425995
          },
          {
            "X": 0.19825664162635803,
            "Y": 0.48998597264289856
          },
          {
            "X": 0.16811524331569672,
            "Y": 0.48993778228759766
          }
        ]
      },
      "Id": "ce4de8ce-c8a9-4b08-9c06-8c73919fd33f",
      "Relationships": [
        {
          "Type": "CHILD",
          "Ids": [
            "0d292324-0a0e-4621-8a02-fe69f85cc866"
          ]
        }
      ],
      "Page": 1
    },
    {
      "BlockType": "LINE",
      "Confidence": 93.90213775634766,
      "Text": "222.3",
      "Geometry": {
        "BoundingBox": {
          "Width": 0.02222967892885208,
          "Height": 0.019901234656572342,
          "Left": 0.31361058354377747,
          "Top": 0.4703407883644104
        },
        "Polygon": [
          {
            "X": 0.31361058354377747,
            "Y": 0.4703407883644104
          },
          {
            "X": 0.3353525400161743,
            "Y": 0.47037312388420105
          },
          {
            "X": 0.33584025502204895,
            "Y": 0.49024200439453125
          },
          {
            "X": 0.31409475207328796,
            "Y": 0.4902072548866272
          }
        ]
      },
      "Id": "7e8ea144-a923-4cff-bd01-dedd2760611f",
      "Relationships": [
        {
          "Type": "CHILD",
          "Ids": [
            "ca72a0f6-c58e-4468-80df-7992f6d64450"
          ]
        }
      ],
      "Page": 1
    },
    {
      "BlockType": "LINE",
      "Confidence": 98.22605895996094,
      "Text": "227.3/317/459.2",
      "Geometry": {
        "BoundingBox": {
          "Width": 0.06673175096511841,
          "Height": 0.02552223578095436,
          "Left": 0.42889073491096497,
          "Top": 0.4693196415901184
        },
        "Polygon": [
          {
            "X": 0.42889073491096497,
            "Y": 0.4693196415901184
          },
          {
            "X": 0.49496546387672424,
            "Y": 0.4694175124168396
          },
          {
            "X": 0.4956224858760834,
            "Y": 0.49484187364578247
          },
          {
            "X": 0.4295338988304138,
            "Y": 0.49473458528518677
          }
        ]
      },
      "Id": "1394f933-14f2-4f96-964a-48fb023d0dec",
      "Relationships": [
        {
          "Type": "CHILD",
          "Ids": [
            "bb11d028-3c06-4f81-9203-fd96d1674aa0"
          ]
        }
      ],
      "Page": 1
    },
    {
      "BlockType": "LINE",
      "Confidence": 98.02568054199219,
      "Text": "-11.2/-6.1/-4.8",
      "Geometry": {
        "BoundingBox": {
          "Width": 0.06057792156934738,
          "Height": 0.02607755735516548,
          "Left": 0.5813066363334656,
          "Top": 0.4688524007797241
        },
        "Polygon": [
          {
            "X": 0.5813066363334656,
            "Y": 0.4688524007797241
          },
          {
            "X": 0.6411821246147156,
            "Y": 0.4689408540725708
          },
          {
            "X": 0.6418845653533936,
            "Y": 0.4949299693107605
          },
          {
            "X": 0.5819962024688721,
            "Y": 0.4948327839374542
          }
        ]
      },
      "Id": "649c517c-8d7f-4a1b-9582-3a743103b9c1",
      "Relationships": [
        {
          "Type": "CHILD",
          "Ids": [
            "35677d86-f136-4614-8c3a-ba02db41cff3"
          ]
        }
      ],
      "Page": 1
    },
    {
      "BlockType": "LINE",
      "Confidence": 69.8503189086914,
      "Text": "25.6",
      "Geometry": {
        "BoundingBox": {
          "Width": 0.018103891983628273,
          "Height": 0.019861554726958275,
          "Left": 0.7467285394668579,
          "Top": 0.4702956974506378
        },
        "Polygon": [
          {
            "X": 0.7467285394668579,
            "Y": 0.4702956974506378
          },
          {
            "X": 0.7642765045166016,
            "Y": 0.47032174468040466
          },
          {
            "X": 0.7648324370384216,
            "Y": 0.49015727639198303
          },
          {
            "X": 0.747281551361084,
            "Y": 0.4901292622089386
          }
        ]
      },
      "Id": "3f145bcd-30c7-4268-b012-79b91198e13a",
      "Relationships": [
        {
          "Type": "CHILD",
          "Ids": [
            "6a6931e1-75e0-42a0-bd86-b1bc4cf4965c"
          ]
        }
      ],
      "Page": 1
    },
    {
      "BlockType": "LINE",
      "Confidence": 99.5037612915039,
      "Text": "EP/15% PA-AEP",
      "Geometry": {
        "BoundingBox": {
          "Width": 0.06197743862867355,
          "Height": 0.024834120646119118,
          "Left": 0.16787317395210266,
          "Top": 0.5019819736480713
        },
        "Polygon": [
          {
            "X": 0.16787317395210266,
            "Y": 0.5019819736480713
          },
          {
            "X": 0.22926492989063263,
            "Y": 0.5020842552185059
          },
          {
            "X": 0.2298506200313568,
            "Y": 0.5268160700798035
          },
          {
            "X": 0.1684463620185852,
            "Y": 0.526705265045166
          }
        ]
      },
      "Id": "59f1e2a3-a3cf-4269-b915-a02214426e63",
      "Relationships": [
        {
          "Type": "CHILD",
          "Ids": [
            "c51a7e82-f0b1-4d8e-b51d-2debdb0ce126",
            "d1fe39b1-8e80-471a-933c-88a2ac402ca1"
          ]
        }
      ],
      "Page": 1
    },
    {
      "BlockType": "LINE",
      "Confidence": 99.10688781738281,
      "Text": "324.8",
      "Geometry": {
        "BoundingBox": {
          "Width": 0.02258354425430298,
          "Height": 0.020215502008795738,
          "Left": 0.31353262066841125,
          "Top": 0.5024991631507874
        },
        "Polygon": [
          {
            "X": 0.31353262066841125,
            "Y": 0.5024991631507874
          },
          {
            "X": 0.3356209099292755,
            "Y": 0.5025359988212585
          },
          {
            "X": 0.33611616492271423,
            "Y": 0.5227146744728088
          },
          {
            "X": 0.3140242099761963,
            "Y": 0.5226753354072571
          }
        ]
      },
      "Id": "bc2116cf-9738-4be9-942c-bd59eae5e9cc",
      "Relationships": [
        {
          "Type": "CHILD",
          "Ids": [
            "2327c2e9-a153-4e92-9cc0-523c9cad0ead"
          ]
        }
      ],
      "Page": 1
    },
    {
      "BlockType": "LINE",
      "Confidence": 99.96318817138672,
      "Text": "382",
      "Geometry": {
        "BoundingBox": {
          "Width": 0.01567423902451992,
          "Height": 0.02027837373316288,
          "Left": 0.42941299080848694,
          "Top": 0.5024341940879822
        },
        "Polygon": [
          {
            "X": 0.42941299080848694,
            "Y": 0.5024341940879822
          },
          {
            "X": 0.4445722699165344,
            "Y": 0.5024594664573669
          },
          {
            "X": 0.4450872242450714,
            "Y": 0.5227125883102417
          },
          {
            "X": 0.42992544174194336,
            "Y": 0.5226855874061584
          }
        ]
      },
      "Id": "07d26fb3-de14-49cd-bdf5-cefb77999de8",
      "Relationships": [
        {
          "Type": "CHILD",
          "Ids": [
            "db74f3df-91de-491c-af93-aa70ce07d696"
          ]
        }
      ],
      "Page": 1
    },
    {
      "BlockType": "LINE",
      "Confidence": 93.73653411865234,
      "Text": "-26.5",
      "Geometry": {
        "BoundingBox": {
          "Width": 0.023922642692923546,
          "Height": 0.021148530766367912,
          "Left": 0.5803309082984924,
          "Top": 0.5020705461502075
        },
        "Polygon": [
          {
            "X": 0.5803309082984924,
            "Y": 0.5020705461502075
          },
          {
            "X": 0.6036895513534546,
            "Y": 0.5021094083786011
          },
          {
            "X": 0.6042535305023193,
            "Y": 0.523219108581543
          },
          {
            "X": 0.5808907747268677,
            "Y": 0.523177444934845
          }
        ]
      },
      "Id": "ca3f9e09-0e69-4db4-9a46-dd0e7ec3a19a",
      "Relationships": [
        {
          "Type": "CHILD",
          "Ids": [
            "05ff9d35-3971-4766-a77c-ccbc963d0f80"
          ]
        }
      ],
      "Page": 1
    },
    {
      "BlockType": "LINE",
      "Confidence": 99.42687225341797,
      "Text": "18.4",
      "Geometry": {
        "BoundingBox": {
          "Width": 0.017225036397576332,
          "Height": 0.020020993426442146,
          "Left": 0.7476871609687805,
          "Top": 0.5025787949562073
        },
        "Polygon": [
          {
            "X": 0.7476871609687805,
            "Y": 0.5025787949562073
          },
          {
            "X": 0.764352023601532,
            "Y": 0.5026065111160278
          },
          {
            "X": 0.7649121880531311,
            "Y": 0.5225998163223267
          },
          {
            "X": 0.74824458360672,
            "Y": 0.5225701928138733
          }
        ]
      },
      "Id": "d8610032-9c7b-4499-a46d-c74cc56ea22e",
      "Relationships": [
        {
          "Type": "CHILD",
          "Ids": [
            "4458b009-6f3a-4b12-9532-72d91068d581"
          ]
        }
      ],
      "Page": 1
    },
    {
      "BlockType": "LINE",
      "Confidence": 99.3359375,
      "Text": "EP/20% PA-AEP",
      "Geometry": {
        "BoundingBox": {
          "Width": 0.06187848746776581,
          "Height": 0.024823656305670738,
          "Left": 0.16774941980838776,
          "Top": 0.5339250564575195
        },
        "Polygon": [
          {
            "X": 0.16774941980838776,
            "Y": 0.5339250564575195
          },
          {
            "X": 0.2290429323911667,
            "Y": 0.5340381860733032
          },
          {
            "X": 0.22962790727615356,
            "Y": 0.558748722076416
          },
          {
            "X": 0.16832195222377777,
            "Y": 0.5586270689964294
          }
        ]
      },
      "Id": "e1fa02b6-d40f-4a9e-97ee-a74ecb9ba352",
      "Relationships": [
        {
          "Type": "CHILD",
          "Ids": [
            "dfed074c-7e33-4fb8-a33c-65a7461c0630",
            "7e008fe3-9d8f-46b6-94d8-9982e9b0acd3"
          ]
        }
      ],
      "Page": 1
    },
    {
      "BlockType": "LINE",
      "Confidence": 83.71934509277344,
      "Text": "304.5",
      "Geometry": {
        "BoundingBox": {
          "Width": 0.02231203392148018,
          "Height": 0.020167116075754166,
          "Left": 0.3136807978153229,
          "Top": 0.5344260931015015
        },
        "Polygon": [
          {
            "X": 0.3136807978153229,
            "Y": 0.5344260931015015
          },
          {
            "X": 0.33549901843070984,
            "Y": 0.5344663858413696
          },
          {
            "X": 0.33599284291267395,
            "Y": 0.5545932054519653
          },
          {
            "X": 0.3141710162162781,
            "Y": 0.5545504093170166
          }
        ]
      },
      "Id": "e1169db1-69a4-465d-a1fb-132d88a1b7b4",
      "Relationships": [
        {
          "Type": "CHILD",
          "Ids": [
            "b6a46a45-cd8f-4eb4-be21-4ec6b33956ed"
          ]
        }
      ],
      "Page": 1
    },
    {
      "BlockType": "LINE",
      "Confidence": 99.93927001953125,
      "Text": "375",
      "Geometry": {
        "BoundingBox": {
          "Width": 0.01553846150636673,
          "Height": 0.019963949918746948,
          "Left": 0.42938297986984253,
          "Top": 0.5346267819404602
        },
        "Polygon": [
          {
            "X": 0.42938297986984253,
            "Y": 0.5346267819404602
          },
          {
            "X": 0.4444147050380707,
            "Y": 0.5346544981002808
          },
          {
            "X": 0.44492146372795105,
            "Y": 0.5545907020568848
          },
          {
            "X": 0.4298872649669647,
            "Y": 0.5545612573623657
          }
        ]
      },
      "Id": "9faaa479-e401-4b87-ba20-f8b4e169c621",
      "Relationships": [
        {
          "Type": "CHILD",
          "Ids": [
            "1be5c35d-9c57-4532-a1c7-dfe5d320df7a"
          ]
        }
      ],
      "Page": 1
    },
    {
      "BlockType": "LINE",
      "Confidence": 99.16424560546875,
      "Text": "-17.2",
      "Geometry": {
        "BoundingBox": {
          "Width": 0.023766031488776207,
          "Height": 0.02055363729596138,
          "Left": 0.580438494682312,
          "Top": 0.5344046354293823
        },
        "Polygon": [
          {
            "X": 0.580438494682312,
            "Y": 0.5344046354293823
          },
          {
            "X": 0.6036567091941833,
            "Y": 0.534447431564331
          },
          {
            "X": 0.604204535484314,
            "Y": 0.5549582839012146
          },
          {
            "X": 0.5809823870658875,
            "Y": 0.554912805557251
          }
        ]
      },
      "Id": "87db0c1e-fadf-460a-a077-43c32ae4ce9b",
      "Relationships": [
        {
          "Type": "CHILD",
          "Ids": [
            "1a8ab86b-783e-42d2-9536-6aee30fceaf7"
          ]
        }
      ],
      "Page": 1
    },
    {
      "BlockType": "LINE",
      "Confidence": 97.86495208740234,
      "Text": "20.6",
      "Geometry": {
        "BoundingBox": {
          "Width": 0.01788909174501896,
          "Height": 0.019502103328704834,
          "Left": 0.7469279170036316,
          "Top": 0.5350666046142578
        },
        "Polygon": [
          {
            "X": 0.7469279170036316,
            "Y": 0.5350666046142578
          },
          {
            "X": 0.7642716765403748,
            "Y": 0.5350986123085022
          },
          {
            "X": 0.7648169994354248,
            "Y": 0.5545687079429626
          },
          {
            "X": 0.747470498085022,
            "Y": 0.5545347929000854
          }
        ]
      },
      "Id": "77be2cb8-c951-4d78-9214-dd9c3310cb27",
      "Relationships": [
        {
          "Type": "CHILD",
          "Ids": [
            "7b8b25a2-0197-4daa-8059-a5b61da04e9b"
          ]
        }
      ],
      "Page": 1
    },
    {
      "BlockType": "LINE",
      "Confidence": 99.71138000488281,
      "Text": "EP/20% AEP",
      "Geometry": {
        "BoundingBox": {
          "Width": 0.047875262796878815,
          "Height": 0.024753082543611526,
          "Left": 0.16746605932712555,
          "Top": 0.5647047162055969
        },
        "Polygon": [
          {
            "X": 0.16746605932712555,
            "Y": 0.5647047162055969
          },
          {
            "X": 0.21476058661937714,
            "Y": 0.5648001432418823
          },
          {
            "X": 0.21534132957458496,
            "Y": 0.5894577503204346
          },
          {
            "X": 0.16803720593452454,
            "Y": 0.5893557667732239
          }
        ]
      },
      "Id": "20f51a21-80ee-460c-9ae2-81320ef1da87",
      "Relationships": [
        {
          "Type": "CHILD",
          "Ids": [
            "42a5560c-7258-4b00-bfee-f08c6fe80ef1",
            "a646d418-07ed-4bc4-b955-9c0eb41d4141"
          ]
        }
      ],
      "Page": 1
    },
    {
      "BlockType": "LINE",
      "Confidence": 89.6128921508789,
      "Text": "326.2",
      "Geometry": {
        "BoundingBox": {
          "Width": 0.022357957437634468,
          "Height": 0.020256415009498596,
          "Left": 0.3136652708053589,
          "Top": 0.5651981830596924
        },
        "Polygon": [
          {
            "X": 0.3136652708053589,
            "Y": 0.5651981830596924
          },
          {
            "X": 0.3355274200439453,
            "Y": 0.5652422904968262
          },
          {
            "X": 0.3360232412815094,
            "Y": 0.5854545831680298
          },
          {
            "X": 0.3141574561595917,
            "Y": 0.5854079723358154
          }
        ]
      },
      "Id": "4026fc1f-1c51-45e6-ba3e-bd32a2a4660e",
      "Relationships": [
        {
          "Type": "CHILD",
          "Ids": [
            "3755b362-61e4-47c0-abbc-9ea3cf732ab0"
          ]
        }
      ],
      "Page": 1
    },
    {
      "BlockType": "LINE",
      "Confidence": 99.5068130493164,
      "Text": "364.5",
      "Geometry": {
        "BoundingBox": {
          "Width": 0.022636404260993004,
          "Height": 0.020375072956085205,
          "Left": 0.42928749322891235,
          "Top": 0.5651180148124695
        },
        "Polygon": [
          {
            "X": 0.42928749322891235,
            "Y": 0.5651180148124695
          },
          {
            "X": 0.4514060914516449,
            "Y": 0.5651625990867615
          },
          {
            "X": 0.4519239068031311,
            "Y": 0.5854930877685547
          },
          {
            "X": 0.4298015832901001,
            "Y": 0.5854459404945374
          }
        ]
      },
      "Id": "9902b4d7-7699-4575-bf7a-ddc8f0a122d6",
      "Relationships": [
        {
          "Type": "CHILD",
          "Ids": [
            "aea09879-2d4b-42f1-a93f-5d4d7924c65c"
          ]
        }
      ],
      "Page": 1
    },
    {
      "BlockType": "LINE",
      "Confidence": 93.11647033691406,
      "Text": "-23.2",
      "Geometry": {
        "BoundingBox": {
          "Width": 0.02405162714421749,
          "Height": 0.020308442413806915,
          "Left": 0.5801144242286682,
          "Top": 0.5650027990341187
        },
        "Polygon": [
          {
            "X": 0.5801144242286682,
            "Y": 0.5650027990341187
          },
          {
            "X": 0.6036249995231628,
            "Y": 0.5650501847267151
          },
          {
            "X": 0.6041660308837891,
            "Y": 0.585311233997345
          },
          {
            "X": 0.5806514620780945,
            "Y": 0.5852611660957336
          }
        ]
      },
      "Id": "515470ae-a4e2-416f-a294-e56d728c9783",
      "Relationships": [
        {
          "Type": "CHILD",
          "Ids": [
            "a8b9629c-fd48-44b6-bea9-46e36f3e49f2"
          ]
        }
      ],
      "Page": 1
    },
    {
      "BlockType": "LINE",
      "Confidence": 99.67298889160156,
      "Text": "5.9",
      "Geometry": {
        "BoundingBox": {
          "Width": 0.012747913599014282,
          "Height": 0.019614465534687042,
          "Left": 0.7470521330833435,
          "Top": 0.5657677054405212
        },
        "Polygon": [
          {
            "X": 0.7470521330833435,
            "Y": 0.5657677054405212
          },
          {
            "X": 0.7592522501945496,
            "Y": 0.5657923221588135
          },
          {
            "X": 0.7598000168800354,
            "Y": 0.5853821635246277
          },
          {
            "X": 0.7475979328155518,
            "Y": 0.5853561758995056
          }
        ]
      },
      "Id": "e979251e-bbe4-43ff-bfb9-cff279cf9ae0",
      "Relationships": [
        {
          "Type": "CHILD",
          "Ids": [
            "8bce6e10-ffc1-401f-bb8c-1e0aecf749ff"
          ]
        }
      ],
      "Page": 1
    },
    {
      "BlockType": "WORD",
      "Confidence": 99.69998168945312,
      "Text": "Sample",
      "TextType": "PRINTED",
      "Geometry": {
        "BoundingBox": {
          "Width": 0.03243933245539665,
          "Height": 0.02829764597117901,
          "Left": 0.1658308506011963,
          "Top": 0.4189188778400421
        },
        "Polygon": [
          {
            "X": 0.1658308506011963,
            "Y": 0.4189188778400421
          },
          {
            "X": 0.19760775566101074,
            "Y": 0.41895702481269836
          },
          {
            "X": 0.19827018678188324,
            "Y": 0.44721654057502747
          },
          {
            "X": 0.16648587584495544,
            "Y": 0.4471733272075653
          }
        ]
      },
      "Id": "28039661-7974-412e-afc1-8e97a6b04775",
      "Page": 1
    },
    {
      "BlockType": "WORD",
      "Confidence": 99.34971618652344,
      "Text": "T5%",
      "TextType": "PRINTED",
      "Geometry": {
        "BoundingBox": {
          "Width": 0.014369003474712372,
          "Height": 0.023542772978544235,
          "Left": 0.31266990303993225,
          "Top": 0.4214310050010681
        },
        "Polygon": [
          {
            "X": 0.31266990303993225,
            "Y": 0.4214310050010681
          },
          {
            "X": 0.32646286487579346,
            "Y": 0.42144775390625
          },
          {
            "X": 0.3270389139652252,
            "Y": 0.44497376680374146
          },
          {
            "X": 0.3132432699203491,
            "Y": 0.4449551999568939
          }
        ]
      },
      "Id": "44b9c848-008f-4f7d-b137-687c4d877fd5",
      "Page": 1
    },
    {
      "BlockType": "WORD",
      "Confidence": 62.7103271484375,
      "Text": "(C)",
      "TextType": "PRINTED",
      "Geometry": {
        "BoundingBox": {
          "Width": 0.016313428059220314,
          "Height": 0.025335144251585007,
          "Left": 0.32878920435905457,
          "Top": 0.4202641248703003
        },
        "Polygon": [
          {
            "X": 0.32878920435905457,
            "Y": 0.4202641248703003
          },
          {
            "X": 0.3444790542125702,
            "Y": 0.42028307914733887
          },
          {
            "X": 0.3451026380062103,
            "Y": 0.4455992877483368
          },
          {
            "X": 0.32940950989723206,
            "Y": 0.44557809829711914
          }
        ]
      },
      "Id": "51d6dca5-feb4-4b78-ad00-ad5d628ede38",
      "Page": 1
    },
    {
      "BlockType": "WORD",
      "Confidence": 98.61779022216797,
      "Text": "Tmax",
      "TextType": "PRINTED",
      "Geometry": {
        "BoundingBox": {
          "Width": 0.01965266279876232,
          "Height": 0.02271893620491028,
          "Left": 0.4285590350627899,
          "Top": 0.4222234785556793
        },
        "Polygon": [
          {
            "X": 0.4285590350627899,
            "Y": 0.4222234785556793
          },
          {
            "X": 0.44763368368148804,
            "Y": 0.42224669456481934
          },
          {
            "X": 0.4482116997241974,
            "Y": 0.4449424147605896
          },
          {
            "X": 0.42913347482681274,
            "Y": 0.4449167847633362
          }
        ]
      },
      "Id": "ea7e2f05-5e13-4121-a601-fda6a04e8cc2",
      "Page": 1
    },
    {
      "BlockType": "WORD",
      "Confidence": 70.49224853515625,
      "Text": "(C)",
      "TextType": "PRINTED",
      "Geometry": {
        "BoundingBox": {
          "Width": 0.0163434948772192,
          "Height": 0.025952832773327827,
          "Left": 0.44975051283836365,
          "Top": 0.4200407564640045
        },
        "Polygon": [
          {
            "X": 0.44975051283836365,
            "Y": 0.4200407564640045
          },
          {
            "X": 0.46542978286743164,
            "Y": 0.4200596511363983
          },
          {
            "X": 0.4660940170288086,
            "Y": 0.4459936022758484
          },
          {
            "X": 0.4504113793373108,
            "Y": 0.44597241282463074
          }
        ]
      },
      "Id": "cb6159ae-87f2-4e0d-842d-359d22a6c2a1",
      "Page": 1
    },
    {
      "BlockType": "WORD",
      "Confidence": 99.93486785888672,
      "Text": "Rate",
      "TextType": "PRINTED",
      "Geometry": {
        "BoundingBox": {
          "Width": 0.01814219355583191,
          "Height": 0.019652221351861954,
          "Left": 0.5800588726997375,
          "Top": 0.4213147759437561
        },
        "Polygon": [
          {
            "X": 0.5800588726997375,
            "Y": 0.4213147759437561
          },
          {
            "X": 0.5976772308349609,
            "Y": 0.4213361144065857
          },
          {
            "X": 0.5982010364532471,
            "Y": 0.44096702337265015
          },
          {
            "X": 0.5805798768997192,
            "Y": 0.44094371795654297
          }
        ]
      },
      "Id": "12b96cab-1494-4fa5-9e29-6ff709446418",
      "Page": 1
    },
    {
      "BlockType": "WORD",
      "Confidence": 99.96830749511719,
      "Text": "at",
      "TextType": "PRINTED",
      "Geometry": {
        "BoundingBox": {
          "Width": 0.008388101123273373,
          "Height": 0.017429739236831665,
          "Left": 0.6003775596618652,
          "Top": 0.42348533868789673
        },
        "Polygon": [
          {
            "X": 0.6003775596618652,
            "Y": 0.42348533868789673
          },
          {
            "X": 0.6082993149757385,
            "Y": 0.42349502444267273
          },
          {
            "X": 0.6087656617164612,
            "Y": 0.4409150779247284
          },
          {
            "X": 0.6008427143096924,
            "Y": 0.4409046173095703
          }
        ]
      },
      "Id": "b7a6f544-a117-4206-9fea-6d96b771450b",
      "Page": 1
    },
    {
      "BlockType": "WORD",
      "Confidence": 99.04777526855469,
      "Text": "Tmax",
      "TextType": "PRINTED",
      "Geometry": {
        "BoundingBox": {
          "Width": 0.019180472940206528,
          "Height": 0.021710818633437157,
          "Left": 0.6102904677391052,
          "Top": 0.42243385314941406
        },
        "Polygon": [
          {
            "X": 0.6102904677391052,
            "Y": 0.42243385314941406
          },
          {
            "X": 0.6288866996765137,
            "Y": 0.4224565029144287
          },
          {
            "X": 0.629470944404602,
            "Y": 0.44414466619491577
          },
          {
            "X": 0.6108713150024414,
            "Y": 0.44411978125572205
          }
        ]
      },
      "Id": "33012811-a555-4bd9-8fe9-c2bcc5709ed5",
      "Page": 1
    },
    {
      "BlockType": "WORD",
      "Confidence": 99.67791748046875,
      "Text": "(%/min)",
      "TextType": "PRINTED",
      "Geometry": {
        "BoundingBox": {
          "Width": 0.032586462795734406,
          "Height": 0.027837539091706276,
          "Left": 0.6299713850021362,
          "Top": 0.4189797639846802
        },
        "Polygon": [
          {
            "X": 0.6299713850021362,
            "Y": 0.4189797639846802
          },
          {
            "X": 0.6618015170097351,
            "Y": 0.41901788115501404
          },
          {
            "X": 0.66255784034729,
            "Y": 0.4468173086643219
          },
          {
            "X": 0.6307203769683838,
            "Y": 0.4467742145061493
          }
        ]
      },
      "Id": "4c9890e9-8694-4b74-b12b-d7d6c8ec8fd4",
      "Page": 1
    },
    {
      "BlockType": "WORD",
      "Confidence": 99.59976959228516,
      "Text": "Residue",
      "TextType": "PRINTED",
      "Geometry": {
        "BoundingBox": {
          "Width": 0.03196065127849579,
          "Height": 0.0208034235984087,
          "Left": 0.7470836043357849,
          "Top": 0.42034634947776794
        },
        "Polygon": [
          {
            "X": 0.7470836043357849,
            "Y": 0.42034634947776794
          },
          {
            "X": 0.7784596681594849,
            "Y": 0.42038416862487793
          },
          {
            "X": 0.7790442705154419,
            "Y": 0.4411498010158539
          },
          {
            "X": 0.7476627826690674,
            "Y": 0.4411083459854126
          }
        ]
      },
      "Id": "8ecc2537-e688-408e-9635-f561752fb338",
      "Page": 1
    },
    {
      "BlockType": "WORD",
      "Confidence": 99.97562408447266,
      "Text": "at",
      "TextType": "PRINTED",
      "Geometry": {
        "BoundingBox": {
          "Width": 0.008374514058232307,
          "Height": 0.018134361132979393,
          "Left": 0.7811430096626282,
          "Top": 0.42302122712135315
        },
        "Polygon": [
          {
            "X": 0.7811430096626282,
            "Y": 0.42302122712135315
          },
          {
            "X": 0.7890057563781738,
            "Y": 0.4230307936668396
          },
          {
            "X": 0.7895175218582153,
            "Y": 0.4411555826663971
          },
          {
            "X": 0.7816535830497742,
            "Y": 0.4411451816558838
          }
        ]
      },
      "Id": "b02d2b3a-0f88-4203-bc81-76c630714321",
      "Page": 1
    },
    {
      "BlockType": "WORD",
      "Confidence": 99.83949279785156,
      "Text": "800",
      "TextType": "PRINTED",
      "Geometry": {
        "BoundingBox": {
          "Width": 0.016016758978366852,
          "Height": 0.0201663039624691,
          "Left": 0.7915103435516357,
          "Top": 0.42122870683670044
        },
        "Polygon": [
          {
            "X": 0.7915103435516357,
            "Y": 0.42122870683670044
          },
          {
            "X": 0.8069552779197693,
            "Y": 0.4212473928928375
          },
          {
            "X": 0.8075271248817444,
            "Y": 0.44139501452445984
          },
          {
            "X": 0.7920796275138855,
            "Y": 0.44137459993362427
          }
        ]
      },
      "Id": "c71f65c6-5f81-432b-8053-4c0b8e1241bd",
      "Page": 1
    },
    {
      "BlockType": "WORD",
      "Confidence": 82.2487564086914,
      "Text": "°C",
      "TextType": "PRINTED",
      "Geometry": {
        "BoundingBox": {
          "Width": 0.009667739272117615,
          "Height": 0.01879194565117359,
          "Left": 0.8083628416061401,
          "Top": 0.4212106466293335
        },
        "Polygon": [
          {
            "X": 0.8083628416061401,
            "Y": 0.4212106466293335
          },
          {
            "X": 0.8174959421157837,
            "Y": 0.42122167348861694
          },
          {
            "X": 0.818030595779419,
            "Y": 0.44000259041786194
          },
          {
            "X": 0.8088960647583008,
            "Y": 0.4399905800819397
          }
        ]
      },
      "Id": "2867459c-bf71-4dd3-bd44-0d3a6fea74e1",
      "Page": 1
    },
    {
      "BlockType": "WORD",
      "Confidence": 95.13787078857422,
      "Text": "(wt%)",
      "TextType": "PRINTED",
      "Geometry": {
        "BoundingBox": {
          "Width": 0.02343115396797657,
          "Height": 0.0245737973600626,
          "Left": 0.8197545409202576,
          "Top": 0.4206133484840393
        },
        "Polygon": [
          {
            "X": 0.8197545409202576,
            "Y": 0.4206133484840393
          },
          {
            "X": 0.8424819707870483,
            "Y": 0.420640766620636
          },
          {
            "X": 0.8431857228279114,
            "Y": 0.44518715143203735
          },
          {
            "X": 0.8204537034034729,
            "Y": 0.44515663385391235
          }
        ]
      },
      "Id": "01541114-e5c8-4c3e-939c-b08b874e4f93",
      "Page": 1
    },
    {
      "BlockType": "WORD",
      "Confidence": 99.49824523925781,
      "Text": "PA-AEP",
      "TextType": "PRINTED",
      "Geometry": {
        "BoundingBox": {
          "Width": 0.030593151226639748,
          "Height": 0.019529936835169792,
          "Left": 0.16766349971294403,
          "Top": 0.4704560339450836
        },
        "Polygon": [
          {
            "X": 0.16766349971294403,
            "Y": 0.4704560339450836
          },
          {
            "X": 0.19780007004737854,
            "Y": 0.4705009162425995
          },
          {
            "X": 0.19825664162635803,
            "Y": 0.48998597264289856
          },
          {
            "X": 0.16811524331569672,
            "Y": 0.48993778228759766
          }
        ]
      },
      "Id": "0d292324-0a0e-4621-8a02-fe69f85cc866",
      "Page": 1
    },
    {
      "BlockType": "WORD",
      "Confidence": 93.90213775634766,
      "Text": "222.3",
      "TextType": "PRINTED",
      "Geometry": {
        "BoundingBox": {
          "Width": 0.02222967892885208,
          "Height": 0.019901234656572342,
          "Left": 0.31361058354377747,
          "Top": 0.4703407883644104
        },
        "Polygon": [
          {
            "X": 0.31361058354377747,
            "Y": 0.4703407883644104
          },
          {
            "X": 0.3353525400161743,
            "Y": 0.47037312388420105
          },
          {
            "X": 0.33584025502204895,
            "Y": 0.49024200439453125
          },
          {
            "X": 0.31409475207328796,
            "Y": 0.4902072548866272
          }
        ]
      },
      "Id": "ca72a0f6-c58e-4468-80df-7992f6d64450",
      "Page": 1
    },
    {
      "BlockType": "WORD",
      "Confidence": 98.22605895996094,
      "Text": "227.3/317/459.2",
      "TextType": "PRINTED",
      "Geometry": {
        "BoundingBox": {
          "Width": 0.06673175096511841,
          "Height": 0.02552223578095436,
          "Left": 0.42889073491096497,
          "Top": 0.4693196415901184
        },
        "Polygon": [
          {
            "X": 0.42889073491096497,
            "Y": 0.4693196415901184
          },
          {
            "X": 0.49496546387672424,
            "Y": 0.4694175124168396
          },
          {
            "X": 0.4956224858760834,
            "Y": 0.49484187364578247
          },
          {
            "X": 0.4295338988304138,
            "Y": 0.49473458528518677
          }
        ]
      },
      "Id": "bb11d028-3c06-4f81-9203-fd96d1674aa0",
      "Page": 1
    },
    {
      "BlockType": "WORD",
      "Confidence": 98.02568054199219,
      "Text": "-11.2/-6.1/-4.8",
      "TextType": "PRINTED",
      "Geometry": {
        "BoundingBox": {
          "Width": 0.06057792156934738,
          "Height": 0.02607755735516548,
          "Left": 0.5813066363334656,
          "Top": 0.4688524007797241
        },
        "Polygon": [
          {
            "X": 0.5813066363334656,
            "Y": 0.4688524007797241
          },
          {
            "X": 0.6411821246147156,
            "Y": 0.4689408540725708
          },
          {
            "X": 0.6418845653533936,
            "Y": 0.4949299693107605
          },
          {
            "X": 0.5819962024688721,
            "Y": 0.4948327839374542
          }
        ]
      },
      "Id": "35677d86-f136-4614-8c3a-ba02db41cff3",
      "Page": 1
    },
    {
      "BlockType": "WORD",
      "Confidence": 69.8503189086914,
      "Text": "25.6",
      "TextType": "PRINTED",
      "Geometry": {
        "BoundingBox": {
          "Width": 0.018103891983628273,
          "Height": 0.019861554726958275,
          "Left": 0.7467285394668579,
          "Top": 0.4702956974506378
        },
        "Polygon": [
          {
            "X": 0.7467285394668579,
            "Y": 0.4702956974506378
          },
          {
            "X": 0.7642765045166016,
            "Y": 0.47032174468040466
          },
          {
            "X": 0.7648324370384216,
            "Y": 0.49015727639198303
          },
          {
            "X": 0.747281551361084,
            "Y": 0.4901292622089386
          }
        ]
      },
      "Id": "6a6931e1-75e0-42a0-bd86-b1bc4cf4965c",
      "Page": 1
    },
    {
      "BlockType": "WORD",
      "Confidence": 99.50572967529297,
      "Text": "EP/15%",
      "TextType": "PRINTED",
      "Geometry": {
        "BoundingBox": {
          "Width": 0.02887510322034359,
          "Height": 0.024774370715022087,
          "Left": 0.16787317395210266,
          "Top": 0.5019819736480713
        },
        "Polygon": [
          {
            "X": 0.16787317395210266,
            "Y": 0.5019819736480713
          },
          {
            "X": 0.19616933166980743,
            "Y": 0.5020291209220886
          },
          {
            "X": 0.196748286485672,
            "Y": 0.5267563462257385
          },
          {
            "X": 0.1684463620185852,
            "Y": 0.526705265045166
          }
        ]
      },
      "Id": "c51a7e82-f0b1-4d8e-b51d-2debdb0ce126",
      "Page": 1
    },
    {
      "BlockType": "WORD",
      "Confidence": 99.50180053710938,
      "Text": "PA-AEP",
      "TextType": "PRINTED",
      "Geometry": {
        "BoundingBox": {
          "Width": 0.031046653166413307,
          "Height": 0.019695531576871872,
          "Left": 0.19870112836360931,
          "Top": 0.5027782917022705
        },
        "Polygon": [
          {
            "X": 0.19870112836360931,
            "Y": 0.5027782917022705
          },
          {
            "X": 0.22928257286548615,
            "Y": 0.502829372882843
          },
          {
            "X": 0.22974778711795807,
            "Y": 0.5224738121032715
          },
          {
            "X": 0.19916139543056488,
            "Y": 0.5224193334579468
          }
        ]
      },
      "Id": "d1fe39b1-8e80-471a-933c-88a2ac402ca1",
      "Page": 1
    },
    {
      "BlockType": "WORD",
      "Confidence": 99.10688781738281,
      "Text": "324.8",
      "TextType": "PRINTED",
      "Geometry": {
        "BoundingBox": {
          "Width": 0.02258354425430298,
          "Height": 0.020215502008795738,
          "Left": 0.31353262066841125,
          "Top": 0.5024991631507874
        },
        "Polygon": [
          {
            "X": 0.31353262066841125,
            "Y": 0.5024991631507874
          },
          {
            "X": 0.3356209099292755,
            "Y": 0.5025359988212585
          },
          {
            "X": 0.33611616492271423,
            "Y": 0.5227146744728088
          },
          {
            "X": 0.3140242099761963,
            "Y": 0.5226753354072571
          }
        ]
      },
      "Id": "2327c2e9-a153-4e92-9cc0-523c9cad0ead",
      "Page": 1
    },
    {
      "BlockType": "WORD",
      "Confidence": 99.96318817138672,
      "Text": "382",
      "TextType": "PRINTED",
      "Geometry": {
        "BoundingBox": {
          "Width": 0.01567423902451992,
          "Height": 0.02027837373316288,
          "Left": 0.42941299080848694,
          "Top": 0.5024341940879822
        },
        "Polygon": [
          {
            "X": 0.42941299080848694,
            "Y": 0.5024341940879822
          },
          {
            "X": 0.4445722699165344,
            "Y": 0.5024594664573669
          },
          {
            "X": 0.4450872242450714,
            "Y": 0.5227125883102417
          },
          {
            "X": 0.42992544174194336,
            "Y": 0.5226855874061584
          }
        ]
      },
      "Id": "db74f3df-91de-491c-af93-aa70ce07d696",
      "Page": 1
    },
    {
      "BlockType": "WORD",
      "Confidence": 93.73653411865234,
      "Text": "-26.5",
      "TextType": "PRINTED",
      "Geometry": {
        "BoundingBox": {
          "Width": 0.023922642692923546,
          "Height": 0.021148530766367912,
          "Left": 0.5803309082984924,
          "Top": 0.5020705461502075
        },
        "Polygon": [
          {
            "X": 0.5803309082984924,
            "Y": 0.5020705461502075
          },
          {
            "X": 0.6036895513534546,
            "Y": 0.5021094083786011
          },
          {
            "X": 0.6042535305023193,
            "Y": 0.523219108581543
          },
          {
            "X": 0.5808907747268677,
            "Y": 0.523177444934845
          }
        ]
      },
      "Id": "05ff9d35-3971-4766-a77c-ccbc963d0f80",
      "Page": 1
    },
    {
      "BlockType": "WORD",
      "Confidence": 99.42687225341797,
      "Text": "18.4",
      "TextType": "PRINTED",
      "Geometry": {
        "BoundingBox": {
          "Width": 0.017225036397576332,
          "Height": 0.020020993426442146,
          "Left": 0.7476871609687805,
          "Top": 0.5025787949562073
        },
        "Polygon": [
          {
            "X": 0.7476871609687805,
            "Y": 0.5025787949562073
          },
          {
            "X": 0.764352023601532,
            "Y": 0.5026065111160278
          },
          {
            "X": 0.7649121880531311,
            "Y": 0.5225998163223267
          },
          {
            "X": 0.74824458360672,
            "Y": 0.5225701928138733
          }
        ]
      },
      "Id": "4458b009-6f3a-4b12-9532-72d91068d581",
      "Page": 1
    },
    {
      "BlockType": "WORD",
      "Confidence": 99.77415466308594,
      "Text": "EP/20%",
      "TextType": "PRINTED",
      "Geometry": {
        "BoundingBox": {
          "Width": 0.02900664508342743,
          "Height": 0.024758439511060715,
          "Left": 0.16774941980838776,
          "Top": 0.5339250564575195
        },
        "Polygon": [
          {
            "X": 0.16774941980838776,
            "Y": 0.5339250564575195
          },
          {
            "X": 0.19617776572704315,
            "Y": 0.5339775085449219
          },
          {
            "X": 0.19675606489181519,
            "Y": 0.558683454990387
          },
          {
            "X": 0.16832195222377777,
            "Y": 0.5586270689964294
          }
        ]
      },
      "Id": "dfed074c-7e33-4fb8-a33c-65a7461c0630",
      "Page": 1
    },
    {
      "BlockType": "WORD",
      "Confidence": 98.89771270751953,
      "Text": "PA-AEP",
      "TextType": "PRINTED",
      "Geometry": {
        "BoundingBox": {
          "Width": 0.030834292992949486,
          "Height": 0.019812552258372307,
          "Left": 0.19869282841682434,
          "Top": 0.5346786975860596
        },
        "Polygon": [
          {
            "X": 0.19869282841682434,
            "Y": 0.5346786975860596
          },
          {
            "X": 0.22905941307544708,
            "Y": 0.534734845161438
          },
          {
            "X": 0.22952713072299957,
            "Y": 0.5544912815093994
          },
          {
            "X": 0.19915559887886047,
            "Y": 0.5544317364692688
          }
        ]
      },
      "Id": "7e008fe3-9d8f-46b6-94d8-9982e9b0acd3",
      "Page": 1
    },
    {
      "BlockType": "WORD",
      "Confidence": 83.71934509277344,
      "Text": "304.5",
      "TextType": "PRINTED",
      "Geometry": {
        "BoundingBox": {
          "Width": 0.02231203392148018,
          "Height": 0.020167116075754166,
          "Left": 0.3136807978153229,
          "Top": 0.5344260931015015
        },
        "Polygon": [
          {
            "X": 0.3136807978153229,
            "Y": 0.5344260931015015
          },
          {
            "X": 0.33549901843070984,
            "Y": 0.5344663858413696
          },
          {
            "X": 0.33599284291267395,
            "Y": 0.5545932054519653
          },
          {
            "X": 0.3141710162162781,
            "Y": 0.5545504093170166
          }
        ]
      },
      "Id": "b6a46a45-cd8f-4eb4-be21-4ec6b33956ed",
      "Page": 1
    },
    {
      "BlockType": "WORD",
      "Confidence": 99.93927001953125,
      "Text": "375",
      "TextType": "PRINTED",
      "Geometry": {
        "BoundingBox": {
          "Width": 0.01553846150636673,
          "Height": 0.019963949918746948,
          "Left": 0.42938297986984253,
          "Top": 0.5346267819404602
        },
        "Polygon": [
          {
            "X": 0.42938297986984253,
            "Y": 0.5346267819404602
          },
          {
            "X": 0.4444147050380707,
            "Y": 0.5346544981002808
          },
          {
            "X": 0.44492146372795105,
            "Y": 0.5545907020568848
          },
          {
            "X": 0.4298872649669647,
            "Y": 0.5545612573623657
          }
        ]
      },
      "Id": "1be5c35d-9c57-4532-a1c7-dfe5d320df7a",
      "Page": 1
    },
    {
      "BlockType": "WORD",
      "Confidence": 99.16424560546875,
      "Text": "-17.2",
      "TextType": "PRINTED",
      "Geometry": {
        "BoundingBox": {
          "Width": 0.023766031488776207,
          "Height": 0.02055363729596138,
          "Left": 0.580438494682312,
          "Top": 0.5344046354293823
        },
        "Polygon": [
          {
            "X": 0.580438494682312,
            "Y": 0.5344046354293823
          },
          {
            "X": 0.6036567091941833,
            "Y": 0.534447431564331
          },
          {
            "X": 0.604204535484314,
            "Y": 0.5549582839012146
          },
          {
            "X": 0.5809823870658875,
            "Y": 0.554912805557251
          }
        ]
      },
      "Id": "1a8ab86b-783e-42d2-9536-6aee30fceaf7",
      "Page": 1
    },
    {
      "BlockType": "WORD",
      "Confidence": 97.86495208740234,
      "Text": "20.6",
      "TextType": "PRINTED",
      "Geometry": {
        "BoundingBox": {
          "Width": 0.01788909174501896,
          "Height": 0.019502103328704834,
          "Left": 0.7469279170036316,
          "Top": 0.5350666046142578
        },
        "Polygon": [
          {
            "X": 0.7469279170036316,
            "Y": 0.5350666046142578
          },
          {
            "X": 0.7642716765403748,
            "Y": 0.5350986123085022
          },
          {
            "X": 0.7648169994354248,
            "Y": 0.5545687079429626
          },
          {
            "X": 0.747470498085022,
            "Y": 0.5545347929000854
          }
        ]
      },
      "Id": "7b8b25a2-0197-4daa-8059-a5b61da04e9b",
      "Page": 1
    },
    {
      "BlockType": "WORD",
      "Confidence": 99.77378845214844,
      "Text": "EP/20%",
      "TextType": "PRINTED",
      "Geometry": {
        "BoundingBox": {
          "Width": 0.02930041402578354,
          "Height": 0.024713030084967613,
          "Left": 0.16746605932712555,
          "Top": 0.5647047162055969
        },
        "Polygon": [
          {
            "X": 0.16746605932712555,
            "Y": 0.5647047162055969
          },
          {
            "X": 0.1961895078420639,
            "Y": 0.5647626519203186
          },
          {
            "X": 0.19676648080348969,
            "Y": 0.5894176959991455
          },
          {
            "X": 0.16803720593452454,
            "Y": 0.5893557667732239
          }
        ]
      },
      "Id": "42a5560c-7258-4b00-bfee-f08c6fe80ef1",
      "Page": 1
    },
    {
      "BlockType": "WORD",
      "Confidence": 99.64895629882812,
      "Text": "AEP",
      "TextType": "PRINTED",
      "Geometry": {
        "BoundingBox": {
          "Width": 0.017115315422415733,
          "Height": 0.018997520208358765,
          "Left": 0.1981157511472702,
          "Top": 0.5657786130905151
        },
        "Polygon": [
          {
            "X": 0.1981157511472702,
            "Y": 0.5657786130905151
          },
          {
            "X": 0.2147844284772873,
            "Y": 0.565812349319458
          },
          {
            "X": 0.2152310609817505,
            "Y": 0.5847761034965515
          },
          {
            "X": 0.19855977594852448,
            "Y": 0.5847406387329102
          }
        ]
      },
      "Id": "a646d418-07ed-4bc4-b955-9c0eb41d4141",
      "Page": 1
    },
    {
      "BlockType": "WORD",
      "Confidence": 89.6128921508789,
      "Text": "326.2",
      "TextType": "PRINTED",
      "Geometry": {
        "BoundingBox": {
          "Width": 0.022357957437634468,
          "Height": 0.020256415009498596,
          "Left": 0.3136652708053589,
          "Top": 0.5651981830596924
        },
        "Polygon": [
          {
            "X": 0.3136652708053589,
            "Y": 0.5651981830596924
          },
          {
            "X": 0.3355274200439453,
            "Y": 0.5652422904968262
          },
          {
            "X": 0.3360232412815094,
            "Y": 0.5854545831680298
          },
          {
            "X": 0.3141574561595917,
            "Y": 0.5854079723358154
          }
        ]
      },
      "Id": "3755b362-61e4-47c0-abbc-9ea3cf732ab0",
      "Page": 1
    },
    {
      "BlockType": "WORD",
      "Confidence": 99.5068130493164,
      "Text": "364.5",
      "TextType": "PRINTED",
      "Geometry": {
        "BoundingBox": {
          "Width": 0.022636404260993004,
          "Height": 0.020375072956085205,
          "Left": 0.42928749322891235,
          "Top": 0.5651180148124695
        },
        "Polygon": [
          {
            "X": 0.42928749322891235,
            "Y": 0.5651180148124695
          },
          {
            "X": 0.4514060914516449,
            "Y": 0.5651625990867615
          },
          {
            "X": 0.4519239068031311,
            "Y": 0.5854930877685547
          },
          {
            "X": 0.4298015832901001,
            "Y": 0.5854459404945374
          }
        ]
      },
      "Id": "aea09879-2d4b-42f1-a93f-5d4d7924c65c",
      "Page": 1
    },
    {
      "BlockType": "WORD",
      "Confidence": 93.11647033691406,
      "Text": "-23.2",
      "TextType": "PRINTED",
      "Geometry": {
        "BoundingBox": {
          "Width": 0.02405162714421749,
          "Height": 0.020308442413806915,
          "Left": 0.5801144242286682,
          "Top": 0.5650027990341187
        },
        "Polygon": [
          {
            "X": 0.5801144242286682,
            "Y": 0.5650027990341187
          },
          {
            "X": 0.6036249995231628,
            "Y": 0.5650501847267151
          },
          {
            "X": 0.6041660308837891,
            "Y": 0.585311233997345
          },
          {
            "X": 0.5806514620780945,
            "Y": 0.5852611660957336
          }
        ]
      },
      "Id": "a8b9629c-fd48-44b6-bea9-46e36f3e49f2",
      "Page": 1
    },
    {
      "BlockType": "WORD",
      "Confidence": 99.67298889160156,
      "Text": "5.9",
      "TextType": "PRINTED",
      "Geometry": {
        "BoundingBox": {
          "Width": 0.012747913599014282,
          "Height": 0.019614465534687042,
          "Left": 0.7470521330833435,
          "Top": 0.5657677054405212
        },
        "Polygon": [
          {
            "X": 0.7470521330833435,
            "Y": 0.5657677054405212
          },
          {
            "X": 0.7592522501945496,
            "Y": 0.5657923221588135
          },
          {
            "X": 0.7598000168800354,
            "Y": 0.5853821635246277
          },
          {
            "X": 0.7475979328155518,
            "Y": 0.5853561758995056
          }
        ]
      },
      "Id": "8bce6e10-ffc1-401f-bb8c-1e0aecf749ff",
      "Page": 1
    },
    {
      "BlockType": "TABLE",
      "Confidence": 99.8046875,
      "Geometry": {
        "BoundingBox": {
          "Width": 0.7157759070396423,
          "Height": 0.19632840156555176,
          "Left": 0.14400404691696167,
          "Top": 0.40402135252952576
        },
        "Polygon": [
          {
            "X": 0.14400404691696167,
            "Y": 0.40402135252952576
          },
          {
            "X": 0.8541547060012817,
            "Y": 0.404814749956131
          },
          {
            "X": 0.859779953956604,
            "Y": 0.6003497242927551
          },
          {
            "X": 0.1484851837158203,
            "Y": 0.598778247833252
          }
        ]
      },
      "Id": "676f2439-6a16-4c07-81b6-7b6a2f696ffa",
      "Relationships": [
        {
          "Type": "CHILD",
          "Ids": [
            "a61828f9-27ff-4394-a686-e27dcbd02f26",
            "d9f5affd-6d93-4f79-a812-baad810439b6",
            "6a7047b2-599b-42e9-bc9e-d65c82688f57",
            "395b4bd0-0d40-41f4-9652-05a53ea31163",
            "c84e0bbe-87e5-4cf3-875d-c6df0b55c783",
            "aa1f04d7-105b-49a9-b632-cb6dc4898b3e",
            "5b8a71e7-9f49-4a46-80a0-d78f8e2dad35",
            "5efb255a-d65c-4a83-beec-557ed35610be",
            "00639e5f-787b-469d-a9a5-c0cc01701fd3",
            "e8ece56e-3592-4bc8-b7d5-1fb2ca260da7",
            "c426ad0f-2334-42c6-a1ea-eb6f43aee7bb",
            "faf62319-963d-4e77-b57a-bb91a1341c32",
            "57b59d4b-9422-43b2-af87-cc6e59c64aaf",
            "c0bad394-7c00-42ea-bae8-33bf9ac26500",
            "46b9874b-5004-41b7-8e2e-50e30fec88b8",
            "3ada6e4f-f12e-4175-a90a-afccc818ff99",
            "7c804b2f-91b4-40aa-b14d-0a3e824859b2",
            "92905445-970a-4cd0-a73b-6ce70dc68323",
            "1ef108cf-06c0-4128-911e-8b3d19d45dda",
            "86e1ffb6-133a-4aa7-86c4-6fe4fbfa1df4",
            "cbaf6cb8-89f8-4e09-8a34-34884e0bb099",
            "5688d914-7418-4d50-923b-1123ab52b557",
            "19d60f29-d1b6-4315-b64e-ad87b576bbf0",
            "ea535883-3cc2-430c-885f-c831aac24800",
            "4e0ec751-701f-4c6c-b566-8de5f406fe69"
          ]
        }
      ],
      "EntityTypes": [
        "STRUCTURED_TABLE"
      ],
      "Page": 1
    },
    {
      "BlockType": "CELL",
      "Confidence": 82.275390625,
      "RowIndex": 1,
      "ColumnIndex": 1,
      "RowSpan": 1,
      "ColumnSpan": 1,
      "Geometry": {
        "BoundingBox": {
          "Width": 0.12641070783138275,
          "Height": 0.05193845182657242,
          "Left": 0.14400404691696167,
          "Top": 0.40402135252952576
        },
        "Polygon": [
          {
            "X": 0.14400404691696167,
            "Y": 0.40402135252952576
          },
          {
            "X": 0.269170343875885,
            "Y": 0.4041611850261688
          },
          {
            "X": 0.2704147398471832,
            "Y": 0.4559597969055176
          },
          {
            "X": 0.14519503712654114,
            "Y": 0.45578354597091675
          }
        ]
      },
      "Id": "a61828f9-27ff-4394-a686-e27dcbd02f26",
      "Relationships": [
        {
          "Type": "CHILD",
          "Ids": [
            "28039661-7974-412e-afc1-8e97a6b04775"
          ]
        }
      ],
      "EntityTypes": [
        "COLUMN_HEADER"
      ],
      "Page": 1
    },
    {
      "BlockType": "CELL",
      "Confidence": 80.6640625,
      "RowIndex": 1,
      "ColumnIndex": 2,
      "RowSpan": 1,
      "ColumnSpan": 1,
      "Geometry": {
        "BoundingBox": {
          "Width": 0.11962743103504181,
          "Height": 0.05196523293852806,
          "Left": 0.269170343875885,
          "Top": 0.4041611850261688
        },
        "Polygon": [
          {
            "X": 0.269170343875885,
            "Y": 0.4041611850261688
          },
          {
            "X": 0.3875027894973755,
            "Y": 0.40429338812828064
          },
          {
            "X": 0.3887977600097656,
            "Y": 0.4561264216899872
          },
          {
            "X": 0.2704147398471832,
            "Y": 0.4559597969055176
          }
        ]
      },
      "Id": "d9f5affd-6d93-4f79-a812-baad810439b6",
      "Relationships": [
        {
          "Type": "CHILD",
          "Ids": [
            "44b9c848-008f-4f7d-b137-687c4d877fd5",
            "51d6dca5-feb4-4b78-ad00-ad5d628ede38"
          ]
        }
      ],
      "EntityTypes": [
        "COLUMN_HEADER"
      ],
      "Page": 1
    },
    {
      "BlockType": "CELL",
      "Confidence": 83.3984375,
      "RowIndex": 1,
      "ColumnIndex": 3,
      "RowSpan": 1,
      "ColumnSpan": 1,
      "Geometry": {
        "BoundingBox": {
          "Width": 0.14746955037117004,
          "Height": 0.0520387701690197,
          "Left": 0.3875027894973755,
          "Top": 0.40429338812828064
        },
        "Polygon": [
          {
            "X": 0.3875027894973755,
            "Y": 0.40429338812828064
          },
          {
            "X": 0.5336148142814636,
            "Y": 0.40445664525032043
          },
          {
            "X": 0.5349723696708679,
            "Y": 0.45633217692375183
          },
          {
            "X": 0.3887977600097656,
            "Y": 0.4561264216899872
          }
        ]
      },
      "Id": "6a7047b2-599b-42e9-bc9e-d65c82688f57",
      "Relationships": [
        {
          "Type": "CHILD",
          "Ids": [
            "ea7e2f05-5e13-4121-a601-fda6a04e8cc2",
            "cb6159ae-87f2-4e0d-842d-359d22a6c2a1"
          ]
        }
      ],
      "EntityTypes": [
        "COLUMN_HEADER"
      ],
      "Page": 1
    },
    {
      "BlockType": "CELL",
      "Confidence": 83.7890625,
      "RowIndex": 1,
      "ColumnIndex": 4,
      "RowSpan": 1,
      "ColumnSpan": 1,
      "Geometry": {
        "BoundingBox": {
          "Width": 0.17927958071231842,
          "Height": 0.0521259531378746,
          "Left": 0.5336148142814636,
          "Top": 0.40445664525032043
        },
        "Polygon": [
          {
            "X": 0.5336148142814636,
            "Y": 0.40445664525032043
          },
          {
            "X": 0.7114606499671936,
            "Y": 0.4046553373336792
          },
          {
            "X": 0.7128943800926208,
            "Y": 0.45658257603645325
          },
          {
            "X": 0.5349723696708679,
            "Y": 0.45633217692375183
          }
        ]
      },
      "Id": "395b4bd0-0d40-41f4-9652-05a53ea31163",
      "Relationships": [
        {
          "Type": "CHILD",
          "Ids": [
            "12b96cab-1494-4fa5-9e29-6ff709446418",
            "b7a6f544-a117-4206-9fea-6d96b771450b",
            "33012811-a555-4bd9-8fe9-c2bcc5709ed5",
            "4c9890e9-8694-4b74-b12b-d7d6c8ec8fd4"
          ]
        }
      ],
      "EntityTypes": [
        "COLUMN_HEADER"
      ],
      "Page": 1
    },
    {
      "BlockType": "CELL",
      "Confidence": 82.470703125,
      "RowIndex": 1,
      "ColumnIndex": 5,
      "RowSpan": 1,
      "ColumnSpan": 1,
      "Geometry": {
        "BoundingBox": {
          "Width": 0.14418911933898926,
          "Height": 0.05212818458676338,
          "Left": 0.7114606499671936,
          "Top": 0.4046553373336792
        },
        "Polygon": [
          {
            "X": 0.7114606499671936,
            "Y": 0.4046553373336792
          },
          {
            "X": 0.8541547060012817,
            "Y": 0.404814749956131
          },
          {
            "X": 0.8556497693061829,
            "Y": 0.4567835330963135
          },
          {
            "X": 0.7128943800926208,
            "Y": 0.45658257603645325
          }
        ]
      },
      "Id": "c84e0bbe-87e5-4cf3-875d-c6df0b55c783",
      "Relationships": [
        {
          "Type": "CHILD",
          "Ids": [
            "8ecc2537-e688-408e-9635-f561752fb338",
            "b02d2b3a-0f88-4203-bc81-76c630714321",
            "c71f65c6-5f81-432b-8053-4c0b8e1241bd",
            "2867459c-bf71-4dd3-bd44-0d3a6fea74e1",
            "01541114-e5c8-4c3e-939c-b08b874e4f93"
          ]
        }
      ],
      "EntityTypes": [
        "COLUMN_HEADER"
      ],
      "Page": 1
    },
    {
      "BlockType": "CELL",
      "Confidence": 85.83984375,
      "RowIndex": 2,
      "ColumnIndex": 1,
      "RowSpan": 1,
      "ColumnSpan": 1,
      "Geometry": {
        "BoundingBox": {
          "Width": 0.1262086182832718,
          "Height": 0.04133928194642067,
          "Left": 0.14519503712654114,
          "Top": 0.45578354597091675
        },
        "Polygon": [
          {
            "X": 0.14519503712654114,
            "Y": 0.45578354597091675
          },
          {
            "X": 0.2704147398471832,
            "Y": 0.4559597969055176
          },
          {
            "X": 0.27140364050865173,
            "Y": 0.4971228241920471
          },
          {
            "X": 0.14614148437976837,
            "Y": 0.49691763520240784
          }
        ]
      },
      "Id": "aa1f04d7-105b-49a9-b632-cb6dc4898b3e",
      "Relationships": [
        {
          "Type": "CHILD",
          "Ids": [
            "0d292324-0a0e-4621-8a02-fe69f85cc866"
          ]
        }
      ],
      "Page": 1
    },
    {
      "BlockType": "CELL",
      "Confidence": 84.1796875,
      "RowIndex": 2,
      "ColumnIndex": 2,
      "RowSpan": 1,
      "ColumnSpan": 1,
      "Geometry": {
        "BoundingBox": {
          "Width": 0.11941211670637131,
          "Height": 0.04135703295469284,
          "Left": 0.2704147398471832,
          "Top": 0.4559597969055176
        },
        "Polygon": [
          {
            "X": 0.2704147398471832,
            "Y": 0.4559597969055176
          },
          {
            "X": 0.3887977600097656,
            "Y": 0.4561264216899872
          },
          {
            "X": 0.38982686400413513,
            "Y": 0.497316837310791
          },
          {
            "X": 0.27140364050865173,
            "Y": 0.4971228241920471
          }
        ]
      },
      "Id": "5b8a71e7-9f49-4a46-80a0-d78f8e2dad35",
      "Relationships": [
        {
          "Type": "CHILD",
          "Ids": [
            "ca72a0f6-c58e-4468-80df-7992f6d64450"
          ]
        }
      ],
      "Page": 1
    },
    {
      "BlockType": "CELL",
      "Confidence": 87.060546875,
      "RowIndex": 2,
      "ColumnIndex": 3,
      "RowSpan": 1,
      "ColumnSpan": 1,
      "Geometry": {
        "BoundingBox": {
          "Width": 0.1472533643245697,
          "Height": 0.041429948061704636,
          "Left": 0.3887977600097656,
          "Top": 0.4561264216899872
        },
        "Polygon": [
          {
            "X": 0.3887977600097656,
            "Y": 0.4561264216899872
          },
          {
            "X": 0.5349723696708679,
            "Y": 0.45633217692375183
          },
          {
            "X": 0.5360511541366577,
            "Y": 0.4975563585758209
          },
          {
            "X": 0.38982686400413513,
            "Y": 0.497316837310791
          }
        ]
      },
      "Id": "5efb255a-d65c-4a83-beec-557ed35610be",
      "Relationships": [
        {
          "Type": "CHILD",
          "Ids": [
            "bb11d028-3c06-4f81-9203-fd96d1674aa0"
          ]
        }
      ],
      "Page": 1
    },
    {
      "BlockType": "CELL",
      "Confidence": 87.451171875,
      "RowIndex": 2,
      "ColumnIndex": 4,
      "RowSpan": 1,
      "ColumnSpan": 1,
      "Geometry": {
        "BoundingBox": {
          "Width": 0.17906144261360168,
          "Height": 0.0415157712996006,
          "Left": 0.5349723696708679,
          "Top": 0.45633217692375183
        },
        "Polygon": [
          {
            "X": 0.5349723696708679,
            "Y": 0.45633217692375183
          },
          {
            "X": 0.7128943800926208,
            "Y": 0.45658257603645325
          },
          {
            "X": 0.7140337824821472,
            "Y": 0.49784794449806213
          },
          {
            "X": 0.5360511541366577,
            "Y": 0.4975563585758209
          }
        ]
      },
      "Id": "00639e5f-787b-469d-a9a5-c0cc01701fd3",
      "Relationships": [
        {
          "Type": "CHILD",
          "Ids": [
            "35677d86-f136-4614-8c3a-ba02db41cff3"
          ]
        }
      ],
      "Page": 1
    },
    {
      "BlockType": "CELL",
      "Confidence": 86.083984375,
      "RowIndex": 2,
      "ColumnIndex": 5,
      "RowSpan": 1,
      "ColumnSpan": 1,
      "Geometry": {
        "BoundingBox": {
          "Width": 0.1439434289932251,
          "Height": 0.04149927943944931,
          "Left": 0.7128943800926208,
          "Top": 0.45658257603645325
        },
        "Polygon": [
          {
            "X": 0.7128943800926208,
            "Y": 0.45658257603645325
          },
          {
            "X": 0.8556497693061829,
            "Y": 0.4567835330963135
          },
          {
            "X": 0.8568378686904907,
            "Y": 0.49808186292648315
          },
          {
            "X": 0.7140337824821472,
            "Y": 0.49784794449806213
          }
        ]
      },
      "Id": "e8ece56e-3592-4bc8-b7d5-1fb2ca260da7",
      "Relationships": [
        {
          "Type": "CHILD",
          "Ids": [
            "6a6931e1-75e0-42a0-bd86-b1bc4cf4965c"
          ]
        }
      ],
      "Page": 1
    },
    {
      "BlockType": "CELL",
      "Confidence": 85.791015625,
      "RowIndex": 3,
      "ColumnIndex": 1,
      "RowSpan": 1,
      "ColumnSpan": 1,
      "Geometry": {
        "BoundingBox": {
          "Width": 0.12599629163742065,
          "Height": 0.030763275921344757,
          "Left": 0.14614148437976837,
          "Top": 0.49691763520240784
        },
        "Polygon": [
          {
            "X": 0.14614148437976837,
            "Y": 0.49691763520240784
          },
          {
            "X": 0.27140364050865173,
            "Y": 0.4971228241920471
          },
          {
            "X": 0.2721377909183502,
            "Y": 0.5276809334754944
          },
          {
            "X": 0.14684408903121948,
            "Y": 0.5274541974067688
          }
        ]
      },
      "Id": "c426ad0f-2334-42c6-a1ea-eb6f43aee7bb",
      "Relationships": [
        {
          "Type": "CHILD",
          "Ids": [
            "c51a7e82-f0b1-4d8e-b51d-2debdb0ce126",
            "d1fe39b1-8e80-471a-933c-88a2ac402ca1"
          ]
        }
      ],
      "Page": 1
    },
    {
      "BlockType": "CELL",
      "Confidence": 84.08203125,
      "RowIndex": 3,
      "ColumnIndex": 2,
      "RowSpan": 1,
      "ColumnSpan": 1,
      "Geometry": {
        "BoundingBox": {
          "Width": 0.11918717622756958,
          "Height": 0.03077240288257599,
          "Left": 0.27140364050865173,
          "Top": 0.4971228241920471
        },
        "Polygon": [
          {
            "X": 0.27140364050865173,
            "Y": 0.4971228241920471
          },
          {
            "X": 0.38982686400413513,
            "Y": 0.497316837310791
          },
          {
            "X": 0.3905908167362213,
            "Y": 0.5278952121734619
          },
          {
            "X": 0.2721377909183502,
            "Y": 0.5276809334754944
          }
        ]
      },
      "Id": "faf62319-963d-4e77-b57a-bb91a1341c32",
      "Relationships": [
        {
          "Type": "CHILD",
          "Ids": [
            "2327c2e9-a153-4e92-9cc0-523c9cad0ead"
          ]
        }
      ],
      "Page": 1
    },
    {
      "BlockType": "CELL",
      "Confidence": 86.962890625,
      "RowIndex": 3,
      "ColumnIndex": 3,
      "RowSpan": 1,
      "ColumnSpan": 1,
      "Geometry": {
        "BoundingBox": {
          "Width": 0.14702512323856354,
          "Height": 0.03084305115044117,
          "Left": 0.38982686400413513,
          "Top": 0.497316837310791
        },
        "Polygon": [
          {
            "X": 0.38982686400413513,
            "Y": 0.497316837310791
          },
          {
            "X": 0.5360511541366577,
            "Y": 0.4975563585758209
          },
          {
            "X": 0.5368520021438599,
            "Y": 0.5281598567962646
          },
          {
            "X": 0.3905908167362213,
            "Y": 0.5278952121734619
          }
        ]
      },
      "Id": "57b59d4b-9422-43b2-af87-cc6e59c64aaf",
      "Relationships": [
        {
          "Type": "CHILD",
          "Ids": [
            "db74f3df-91de-491c-af93-aa70ce07d696"
          ]
        }
      ],
      "Page": 1
    },
    {
      "BlockType": "CELL",
      "Confidence": 87.353515625,
      "RowIndex": 3,
      "ColumnIndex": 4,
      "RowSpan": 1,
      "ColumnSpan": 1,
      "Geometry": {
        "BoundingBox": {
          "Width": 0.17882849276065826,
          "Height": 0.030925635248422623,
          "Left": 0.5360511541366577,
          "Top": 0.4975563585758209
        },
        "Polygon": [
          {
            "X": 0.5360511541366577,
            "Y": 0.4975563585758209
          },
          {
            "X": 0.7140337824821472,
            "Y": 0.49784794449806213
          },
          {
            "X": 0.7148796319961548,
            "Y": 0.5284820199012756
          },
          {
            "X": 0.5368520021438599,
            "Y": 0.5281598567962646
          }
        ]
      },
      "Id": "c0bad394-7c00-42ea-bae8-33bf9ac26500",
      "Relationships": [
        {
          "Type": "CHILD",
          "Ids": [
            "05ff9d35-3971-4766-a77c-ccbc963d0f80"
          ]
        }
      ],
      "Page": 1
    },
    {
      "BlockType": "CELL",
      "Confidence": 85.986328125,
      "RowIndex": 3,
      "ColumnIndex": 5,
      "RowSpan": 1,
      "ColumnSpan": 1,
      "Geometry": {
        "BoundingBox": {
          "Width": 0.14368605613708496,
          "Height": 0.030892524868249893,
          "Left": 0.7140337824821472,
          "Top": 0.49784794449806213
        },
        "Polygon": [
          {
            "X": 0.7140337824821472,
            "Y": 0.49784794449806213
          },
          {
            "X": 0.8568378686904907,
            "Y": 0.49808186292648315
          },
          {
            "X": 0.8577198386192322,
            "Y": 0.5287404656410217
          },
          {
            "X": 0.7148796319961548,
            "Y": 0.5284820199012756
          }
        ]
      },
      "Id": "46b9874b-5004-41b7-8e2e-50e30fec88b8",
      "Relationships": [
        {
          "Type": "CHILD",
          "Ids": [
            "4458b009-6f3a-4b12-9532-72d91068d581"
          ]
        }
      ],
      "Page": 1
    },
    {
      "BlockType": "CELL",
      "Confidence": 81.640625,
      "RowIndex": 4,
      "ColumnIndex": 1,
      "RowSpan": 1,
      "ColumnSpan": 1,
      "Geometry": {
        "BoundingBox": {
          "Width": 0.1260920614004135,
          "Height": 0.03345917537808418,
          "Left": 0.14684408903121948,
          "Top": 0.5274541974067688
        },
        "Polygon": [
          {
            "X": 0.14684408903121948,
            "Y": 0.5274541974067688
          },
          {
            "X": 0.2721377909183502,
            "Y": 0.5276809334754944
          },
          {
            "X": 0.2729361653327942,
            "Y": 0.5609133839607239
          },
          {
            "X": 0.1476081907749176,
            "Y": 0.5606632828712463
          }
        ]
      },
      "Id": "3ada6e4f-f12e-4175-a90a-afccc818ff99",
      "Relationships": [
        {
          "Type": "CHILD",
          "Ids": [
            "dfed074c-7e33-4fb8-a33c-65a7461c0630",
            "7e008fe3-9d8f-46b6-94d8-9982e9b0acd3"
          ]
        }
      ],
      "Page": 1
    },
    {
      "BlockType": "CELL",
      "Confidence": 80.029296875,
      "RowIndex": 4,
      "ColumnIndex": 2,
      "RowSpan": 1,
      "ColumnSpan": 1,
      "Geometry": {
        "BoundingBox": {
          "Width": 0.11928386986255646,
          "Height": 0.03346892073750496,
          "Left": 0.2721377909183502,
          "Top": 0.5276809334754944
        },
        "Polygon": [
          {
            "X": 0.2721377909183502,
            "Y": 0.5276809334754944
          },
          {
            "X": 0.3905908167362213,
            "Y": 0.5278952121734619
          },
          {
            "X": 0.3914216458797455,
            "Y": 0.5611498355865479
          },
          {
            "X": 0.2729361653327942,
            "Y": 0.5609133839607239
          }
        ]
      },
      "Id": "7c804b2f-91b4-40aa-b14d-0a3e824859b2",
      "Relationships": [
        {
          "Type": "CHILD",
          "Ids": [
            "b6a46a45-cd8f-4eb4-be21-4ec6b33956ed"
          ]
        }
      ],
      "Page": 1
    },
    {
      "BlockType": "CELL",
      "Confidence": 82.763671875,
      "RowIndex": 4,
      "ColumnIndex": 3,
      "RowSpan": 1,
      "ColumnSpan": 1,
      "Geometry": {
        "BoundingBox": {
          "Width": 0.14713211357593536,
          "Height": 0.033546555787324905,
          "Left": 0.3905908167362213,
          "Top": 0.5278952121734619
        },
        "Polygon": [
          {
            "X": 0.3905908167362213,
            "Y": 0.5278952121734619
          },
          {
            "X": 0.5368520021438599,
            "Y": 0.5281598567962646
          },
          {
            "X": 0.5377229452133179,
            "Y": 0.5614417791366577
          },
          {
            "X": 0.3914216458797455,
            "Y": 0.5611498355865479
          }
        ]
      },
      "Id": "92905445-970a-4cd0-a73b-6ce70dc68323",
      "Relationships": [
        {
          "Type": "CHILD",
          "Ids": [
            "1be5c35d-9c57-4532-a1c7-dfe5d320df7a"
          ]
        }
      ],
      "Page": 1
    },
    {
      "BlockType": "CELL",
      "Confidence": 83.154296875,
      "RowIndex": 4,
      "ColumnIndex": 4,
      "RowSpan": 1,
      "ColumnSpan": 1,
      "Geometry": {
        "BoundingBox": {
          "Width": 0.17894750833511353,
          "Height": 0.03363728150725365,
          "Left": 0.5368520021438599,
          "Top": 0.5281598567962646
        },
        "Polygon": [
          {
            "X": 0.5368520021438599,
            "Y": 0.5281598567962646
          },
          {
            "X": 0.7148796319961548,
            "Y": 0.5284820199012756
          },
          {
            "X": 0.7157995104789734,
            "Y": 0.5617971420288086
          },
          {
            "X": 0.5377229452133179,
            "Y": 0.5614417791366577
          }
        ]
      },
      "Id": "1ef108cf-06c0-4128-911e-8b3d19d45dda",
      "Relationships": [
        {
          "Type": "CHILD",
          "Ids": [
            "1a8ab86b-783e-42d2-9536-6aee30fceaf7"
          ]
        }
      ],
      "Page": 1
    },
    {
      "BlockType": "CELL",
      "Confidence": 81.8359375,
      "RowIndex": 4,
      "ColumnIndex": 5,
      "RowSpan": 1,
      "ColumnSpan": 1,
      "Geometry": {
        "BoundingBox": {
          "Width": 0.14379939436912537,
          "Height": 0.03360029309988022,
          "Left": 0.7148796319961548,
          "Top": 0.5284820199012756
        },
        "Polygon": [
          {
            "X": 0.7148796319961548,
            "Y": 0.5284820199012756
          },
          {
            "X": 0.8577198386192322,
            "Y": 0.5287404656410217
          },
          {
            "X": 0.8586790561676025,
            "Y": 0.5620822906494141
          },
          {
            "X": 0.7157995104789734,
            "Y": 0.5617971420288086
          }
        ]
      },
      "Id": "86e1ffb6-133a-4aa7-86c4-6fe4fbfa1df4",
      "Relationships": [
        {
          "Type": "CHILD",
          "Ids": [
            "7b8b25a2-0197-4daa-8059-a5b61da04e9b"
          ]
        }
      ],
      "Page": 1
    },
    {
      "BlockType": "CELL",
      "Confidence": 90.576171875,
      "RowIndex": 5,
      "ColumnIndex": 1,
      "RowSpan": 1,
      "ColumnSpan": 1,
      "Geometry": {
        "BoundingBox": {
          "Width": 0.12624427676200867,
          "Height": 0.038391970098018646,
          "Left": 0.1476081907749176,
          "Top": 0.5606632828712463
        },
        "Polygon": [
          {
            "X": 0.1476081907749176,
            "Y": 0.5606632828712463
          },
          {
            "X": 0.2729361653327942,
            "Y": 0.5609133839607239
          },
          {
            "X": 0.27385246753692627,
            "Y": 0.5990552306175232
          },
          {
            "X": 0.1484851837158203,
            "Y": 0.598778247833252
          }
        ]
      },
      "Id": "cbaf6cb8-89f8-4e09-8a34-34884e0bb099",
      "Relationships": [
        {
          "Type": "CHILD",
          "Ids": [
            "42a5560c-7258-4b00-bfee-f08c6fe80ef1",
            "a646d418-07ed-4bc4-b955-9c0eb41d4141"
          ]
        }
      ],
      "Page": 1
    },
    {
      "BlockType": "CELL",
      "Confidence": 88.76953125,
      "RowIndex": 5,
      "ColumnIndex": 2,
      "RowSpan": 1,
      "ColumnSpan": 1,
      "Geometry": {
        "BoundingBox": {
          "Width": 0.11943905800580978,
          "Height": 0.038403719663619995,
          "Left": 0.2729361653327942,
          "Top": 0.5609133839607239
        },
        "Polygon": [
          {
            "X": 0.2729361653327942,
            "Y": 0.5609133839607239
          },
          {
            "X": 0.3914216458797455,
            "Y": 0.5611498355865479
          },
          {
            "X": 0.3923752009868622,
            "Y": 0.5993170738220215
          },
          {
            "X": 0.27385246753692627,
            "Y": 0.5990552306175232
          }
        ]
      },
      "Id": "5688d914-7418-4d50-923b-1123ab52b557",
      "Relationships": [
        {
          "Type": "CHILD",
          "Ids": [
            "3755b362-61e4-47c0-abbc-9ea3cf732ab0"
          ]
        }
      ],
      "Page": 1
    },
    {
      "BlockType": "CELL",
      "Confidence": 91.845703125,
      "RowIndex": 5,
      "ColumnIndex": 3,
      "RowSpan": 1,
      "ColumnSpan": 1,
      "Geometry": {
        "BoundingBox": {
          "Width": 0.14730089902877808,
          "Height": 0.038490600883960724,
          "Left": 0.3914216458797455,
          "Top": 0.5611498355865479
        },
        "Polygon": [
          {
            "X": 0.3914216458797455,
            "Y": 0.5611498355865479
          },
          {
            "X": 0.5377229452133179,
            "Y": 0.5614417791366577
          },
          {
            "X": 0.5387225151062012,
            "Y": 0.599640429019928
          },
          {
            "X": 0.3923752009868622,
            "Y": 0.5993170738220215
          }
        ]
      },
      "Id": "19d60f29-d1b6-4315-b64e-ad87b576bbf0",
      "Relationships": [
        {
          "Type": "CHILD",
          "Ids": [
            "aea09879-2d4b-42f1-a93f-5d4d7924c65c"
          ]
        }
      ],
      "Page": 1
    },
    {
      "BlockType": "CELL",
      "Confidence": 92.236328125,
      "RowIndex": 5,
      "ColumnIndex": 4,
      "RowSpan": 1,
      "ColumnSpan": 1,
      "Geometry": {
        "BoundingBox": {
          "Width": 0.17913232743740082,
          "Height": 0.03859219327569008,
          "Left": 0.5377229452133179,
          "Top": 0.5614417791366577
        },
        "Polygon": [
          {
            "X": 0.5377229452133179,
            "Y": 0.5614417791366577
          },
          {
            "X": 0.7157995104789734,
            "Y": 0.5617971420288086
          },
          {
            "X": 0.7168552875518799,
            "Y": 0.6000339984893799
          },
          {
            "X": 0.5387225151062012,
            "Y": 0.599640429019928
          }
        ]
      },
      "Id": "ea535883-3cc2-430c-885f-c831aac24800",
      "Relationships": [
        {
          "Type": "CHILD",
          "Ids": [
            "a8b9629c-fd48-44b6-bea9-46e36f3e49f2"
          ]
        }
      ],
      "Page": 1
    },
    {
      "BlockType": "CELL",
      "Confidence": 90.771484375,
      "RowIndex": 5,
      "ColumnIndex": 5,
      "RowSpan": 1,
      "ColumnSpan": 1,
      "Geometry": {
        "BoundingBox": {
          "Width": 0.14398042857646942,
          "Height": 0.03855258971452713,
          "Left": 0.7157995104789734,
          "Top": 0.5617971420288086
        },
        "Polygon": [
          {
            "X": 0.7157995104789734,
            "Y": 0.5617971420288086
          },
          {
            "X": 0.8586790561676025,
            "Y": 0.5620822906494141
          },
          {
            "X": 0.859779953956604,
            "Y": 0.6003497242927551
          },
          {
            "X": 0.7168552875518799,
            "Y": 0.6000339984893799
          }
        ]
      },
      "Id": "4e0ec751-701f-4c6c-b566-8de5f406fe69",
      "Relationships": [
        {
          "Type": "CHILD",
          "Ids": [
            "8bce6e10-ffc1-401f-bb8c-1e0aecf749ff"
          ]
        }
      ],
      "Page": 1
    }
  ],
  "AnalyzeDocumentModelVersion": "1.0"
}