{
  "DocumentMetadata": {
    "Pages": 1
  },
  "JobStatus": "SUCCEEDED",
  "Blocks": [
    {
      "BlockType": "PAGE",
      "Geometry": {
        "BoundingBox": {
          "Width": 1,
          "Height": 1,
          "Left": 0,
          "Top": 0
        },
        "Polygon": [
          {
            "X": 0,
            "Y": 0
          },
          {
            "X": 1,
            "Y": 0.0000010074190868181176
          },
          {
            "X": 1,
            "Y": 1
          },
          {
            "X": 0.000030701579817105085,
            "Y": 1
          }
        ]
      },
      "Id": "74a84b0a-173c-4ec4-b2ae-d113fc867f99",
      "Relationships": [
        {
          "Type": "CHILD",
          "Ids": [
            "dfd5fb72-4374-4d34-a8e0-0e3148337b1e",
            "bb6bc38e-700c-43b3-81d3-ecf8d838cbd8",
            "85e28c9e-3305-4069-b5cd-747700324eb8",
            "a02ccd36-a2b8-4181-88f0-c7e0f0dfaf36",
            "d84b0533-1738-4e79-b64a-774ea77bc14f",
            "3c31a608-fb94-4922-843d-7a3b0c4809e5",
            "2fefd20c-2d0e-4d5d-8184-07b8e34f175a",
            "28bce3e3-aeec-4b0d-9800-379ac672a848",
            "374de5ff-4b2f-4ef9-9a35-749736e82812",
            "2527ff9b-8d23-43a6-b406-a60b0d83e54c",
            "9eaa3f43-b4c4-4c50-a81a-54a48075af22",
            "6003bb10-371d-4619-85a2-c8ded6da4181",
            "89e4697f-b474-45d0-aa5d-7f4ef73b253f",
            "3ecaa11d-358d-4a7d-9e0a-4c3b44420ead",
            "9257d764-8b86-490a-bbbb-cf55f080bd94",
            "a2ce99b6-8b09-444e-b521-ceb7e34795b4"
          ]
        }
      ],
      "Page": 1
    },
    {
      "BlockType": "LINE",
      "Confidence": 99.86067962646484,
      "Text": "Sample",
      "Geometry": {
        "BoundingBox": {
          "Width": 0.04408866539597511,
          "Height": 0.024414878338575363,
          "Left": 0.2487143576145172,
          "Top": 0.42777881026268005
        },
        "Polygon": [
          {
            "X": 0.2487143576145172,
            "Y": 0.42779234051704407
          },
          {
            "X": 0.29255735874176025,
            "Y": 0.42777881026268005
          },
          {
            "X": 0.292803019285202,
            "Y": 0.4521760642528534
          },
          {
            "X": 0.24895228445529938,
            "Y": 0.4521937072277069
          }
        ]
      },
      "Id": "dfd5fb72-4374-4d34-a8e0-0e3148337b1e",
      "Relationships": [
        {
          "Type": "CHILD",
          "Ids": [
            "41cc7e34-e8aa-4be3-83b6-e23edbab9eb4"
          ]
        }
      ],
      "Page": 1
    },
    {
      "BlockType": "LINE",
      "Confidence": 99.89192199707031,
      "Text": "Tensile strength",
      "Geometry": {
        "BoundingBox": {
          "Width": 0.09643904119729996,
          "Height": 0.024301966652274132,
          "Left": 0.37555116415023804,
          "Top": 0.4277201294898987
        },
        "Polygon": [
          {
            "X": 0.37555116415023804,
            "Y": 0.42774978280067444
          },
          {
            "X": 0.4717142581939697,
            "Y": 0.4277201294898987
          },
          {
            "X": 0.4719902276992798,
            "Y": 0.4519834518432617
          },
          {
            "X": 0.37581026554107666,
            "Y": 0.45202207565307617
          }
        ]
      },
      "Id": "bb6bc38e-700c-43b3-81d3-ecf8d838cbd8",
      "Relationships": [
        {
          "Type": "CHILD",
          "Ids": [
            "2fbfd50b-6f96-450e-8f79-99447232b17e",
            "d41f821e-df43-41a8-ba87-a3d70a0153d7"
          ]
        }
      ],
      "Page": 1
    },
    {
      "BlockType": "LINE",
      "Confidence": 99.91351318359375,
      "Text": "Tensile modulus",
      "Geometry": {
        "BoundingBox": {
          "Width": 0.09886232018470764,
          "Height": 0.020420493558049202,
          "Left": 0.5175219178199768,
          "Top": 0.4274749159812927
        },
        "Polygon": [
          {
            "X": 0.5175219178199768,
            "Y": 0.4275052547454834
          },
          {
            "X": 0.6161309480667114,
            "Y": 0.4274749159812927
          },
          {
            "X": 0.6163842082023621,
            "Y": 0.4478573501110077
          },
          {
            "X": 0.5177606344223022,
            "Y": 0.4478954076766968
          }
        ]
      },
      "Id": "85e28c9e-3305-4069-b5cd-747700324eb8",
      "Relationships": [
        {
          "Type": "CHILD",
          "Ids": [
            "4833a7ff-3940-4af8-a21f-c98eb2f80707",
            "df3d3950-64d8-460a-a8f3-400aa7b000bf"
          ]
        }
      ],
      "Page": 1
    },
    {
      "BlockType": "LINE",
      "Confidence": 99.91230773925781,
      "Text": "Tensile strain",
      "Geometry": {
        "BoundingBox": {
          "Width": 0.08066245168447495,
          "Height": 0.020932404324412346,
          "Left": 0.6547456979751587,
          "Top": 0.42776137590408325
        },
        "Polygon": [
          {
            "X": 0.6547456979751587,
            "Y": 0.4277862310409546
          },
          {
            "X": 0.7351303100585938,
            "Y": 0.42776137590408325
          },
          {
            "X": 0.7354081273078918,
            "Y": 0.44866248965263367
          },
          {
            "X": 0.6550113558769226,
            "Y": 0.44869378209114075
          }
        ]
      },
      "Id": "a02ccd36-a2b8-4181-88f0-c7e0f0dfaf36",
      "Relationships": [
        {
          "Type": "CHILD",
          "Ids": [
            "6fa6de66-9d3e-4e6d-94a6-0cac926e55e5",
            "df1d9266-3b4f-443c-b31f-bf322c358a02"
          ]
        }
      ],
      "Page": 1
    },
    {
      "BlockType": "LINE",
      "Confidence": 99.77623748779297,
      "Text": "(MPa)",
      "Geometry": {
        "BoundingBox": {
          "Width": 0.03632214292883873,
          "Height": 0.02217034436762333,
          "Left": 0.37660351395606995,
          "Top": 0.46082642674446106
        },
        "Polygon": [
          {
            "X": 0.37660351395606995,
            "Y": 0.4608421325683594
          },
          {
            "X": 0.41268327832221985,
            "Y": 0.46082642674446106
          },
          {
            "X": 0.412925660610199,
            "Y": 0.4829779863357544
          },
          {
            "X": 0.37684008479118347,
            "Y": 0.48299676179885864
          }
        ]
      },
      "Id": "d84b0533-1738-4e79-b64a-774ea77bc14f",
      "Relationships": [
        {
          "Type": "CHILD",
          "Ids": [
            "949c182d-2bf5-420b-be8f-07d067ea8061"
          ]
        }
      ],
      "Page": 1
    },
    {
      "BlockType": "LINE",
      "Confidence": 97.38323974609375,
      "Text": "(GPa)",
      "Geometry": {
        "BoundingBox": {
          "Width": 0.03568291291594505,
          "Height": 0.02319655567407608,
          "Left": 0.5175842642784119,
          "Top": 0.459850549697876
        },
        "Polygon": [
          {
            "X": 0.5175842642784119,
            "Y": 0.45986583828926086
          },
          {
            "X": 0.5529899001121521,
            "Y": 0.459850549697876
          },
          {
            "X": 0.5532671809196472,
            "Y": 0.4830286502838135
          },
          {
            "X": 0.5178556442260742,
            "Y": 0.48304709792137146
          }
        ]
      },
      "Id": "3c31a608-fb94-4922-843d-7a3b0c4809e5",
      "Relationships": [
        {
          "Type": "CHILD",
          "Ids": [
            "70fb6663-12fd-4bf6-a7b5-90cc5c973d5c"
          ]
        }
      ],
      "Page": 1
    },
    {
      "BlockType": "LINE",
      "Confidence": 99.90569305419922,
      "Text": "(%)",
      "Geometry": {
        "BoundingBox": {
          "Width": 0.02202158421278,
          "Height": 0.023208925500512123,
          "Left": 0.6550523638725281,
          "Top": 0.459280401468277
        },
        "Polygon": [
          {
            "X": 0.6550523638725281,
            "Y": 0.4592897295951843
          },
          {
            "X": 0.6767755746841431,
            "Y": 0.459280401468277
          },
          {
            "X": 0.6770739555358887,
            "Y": 0.4824780523777008
          },
          {
            "X": 0.6553471684455872,
            "Y": 0.48248931765556335
          }
        ]
      },
      "Id": "2fefd20c-2d0e-4d5d-8184-07b8e34f175a",
      "Relationships": [
        {
          "Type": "CHILD",
          "Ids": [
            "b2da467f-30d2-44ff-89a3-4708895b535f"
          ]
        }
      ],
      "Page": 1
    },
    {
      "BlockType": "LINE",
      "Confidence": 98.85630798339844,
      "Text": "REEP/MeHHPA",
      "Geometry": {
        "BoundingBox": {
          "Width": 0.09480428695678711,
          "Height": 0.020706746727228165,
          "Left": 0.24871912598609924,
          "Top": 0.5219350457191467
        },
        "Polygon": [
          {
            "X": 0.24871912598609924,
            "Y": 0.521998405456543
          },
          {
            "X": 0.34330815076828003,
            "Y": 0.5219350457191467
          },
          {
            "X": 0.34352341294288635,
            "Y": 0.5425708889961243
          },
          {
            "X": 0.248920276761055,
            "Y": 0.5426417589187622
          }
        ]
      },
      "Id": "28bce3e3-aeec-4b0d-9800-379ac672a848",
      "Relationships": [
        {
          "Type": "CHILD",
          "Ids": [
            "45a0eca6-dbad-48ef-90f9-d2fb40841ef7"
          ]
        }
      ],
      "Page": 1
    },
    {
      "BlockType": "LINE",
      "Confidence": 99.71833038330078,
      "Text": "73.5 + 3.9",
      "Geometry": {
        "BoundingBox": {
          "Width": 0.06987083703279495,
          "Height": 0.01958809234201908,
          "Left": 0.37596186995506287,
          "Top": 0.5227993130683899
        },
        "Polygon": [
          {
            "X": 0.37596186995506287,
            "Y": 0.5228462219238281
          },
          {
            "X": 0.44561436772346497,
            "Y": 0.5227993130683899
          },
          {
            "X": 0.4458326995372772,
            "Y": 0.5423352122306824
          },
          {
            "X": 0.3761703670024872,
            "Y": 0.5423873662948608
          }
        ]
      },
      "Id": "374de5ff-4b2f-4ef9-9a35-749736e82812",
      "Relationships": [
        {
          "Type": "CHILD",
          "Ids": [
            "473624a5-c4ad-47ab-aae6-873f5ab8bd1f",
            "9079bab6-353c-4fce-b792-a24545913711",
            "b3741d8f-c473-4bdf-8bc1-101967c10da2"
          ]
        }
      ],
      "Page": 1
    },
    {
      "BlockType": "LINE",
      "Confidence": 99.56172943115234,
      "Text": "3.0 + 0.1",
      "Geometry": {
        "BoundingBox": {
          "Width": 0.06050875037908554,
          "Height": 0.01911742053925991,
          "Left": 0.5181472301483154,
          "Top": 0.5233173370361328
        },
        "Polygon": [
          {
            "X": 0.5181472301483154,
            "Y": 0.5233580470085144
          },
          {
            "X": 0.5784243941307068,
            "Y": 0.5233173370361328
          },
          {
            "X": 0.5786559581756592,
            "Y": 0.5423895716667175
          },
          {
            "X": 0.518370509147644,
            "Y": 0.5424347519874573
          }
        ]
      },
      "Id": "2527ff9b-8d23-43a6-b406-a60b0d83e54c",
      "Relationships": [
        {
          "Type": "CHILD",
          "Ids": [
            "5a233c8c-c856-4871-8c42-6c62e01a2ede",
            "ef777754-7311-41f6-8739-b2a400afdcaa",
            "bf853344-7dcb-45a4-807f-384aadcfbe5c"
          ]
        }
      ],
      "Page": 1
    },
    {
      "BlockType": "LINE",
      "Confidence": 98.20706939697266,
      "Text": "3.4 + 0.3",
      "Geometry": {
        "BoundingBox": {
          "Width": 0.06220661476254463,
          "Height": 0.01881750486791134,
          "Left": 0.6552108526229858,
          "Top": 0.5233941078186035
        },
        "Polygon": [
          {
            "X": 0.6552108526229858,
            "Y": 0.5234360694885254
          },
          {
            "X": 0.7171705961227417,
            "Y": 0.5233941078186035
          },
          {
            "X": 0.7174174785614014,
            "Y": 0.542165219783783
          },
          {
            "X": 0.6554493308067322,
            "Y": 0.542211651802063
          }
        ]
      },
      "Id": "9eaa3f43-b4c4-4c50-a81a-54a48075af22",
      "Relationships": [
        {
          "Type": "CHILD",
          "Ids": [
            "4b8f9652-1522-4368-8b17-70bb4c4e2e1b",
            "95136b0a-f4bd-47ff-be0c-6f6a44179e36",
            "ffe9c699-5264-493f-bfe0-be546d5a4ad2"
          ]
        }
      ],
      "Page": 1
    },
    {
      "BlockType": "LINE",
      "Confidence": 97.35690307617188,
      "Text": "DGEBA/MeHHPA",
      "Geometry": {
        "BoundingBox": {
          "Width": 0.10507053136825562,
          "Height": 0.021050261333584785,
          "Left": 0.2494150698184967,
          "Top": 0.5562664270401001
        },
        "Polygon": [
          {
            "X": 0.2494150698184967,
            "Y": 0.5563505291938782
          },
          {
            "X": 0.35426536202430725,
            "Y": 0.5562664270401001
          },
          {
            "X": 0.3544856011867523,
            "Y": 0.5772241353988647
          },
          {
            "X": 0.24961942434310913,
            "Y": 0.5773167014122009
          }
        ]
      },
      "Id": "6003bb10-371d-4619-85a2-c8ded6da4181",
      "Relationships": [
        {
          "Type": "CHILD",
          "Ids": [
            "f9647a33-6d31-47d1-a6af-5de59ab077e5"
          ]
        }
      ],
      "Page": 1
    },
    {
      "BlockType": "LINE",
      "Confidence": 99.67445373535156,
      "Text": "59.1 + 0.7",
      "Geometry": {
        "BoundingBox": {
          "Width": 0.06999383121728897,
          "Height": 0.01938338205218315,
          "Left": 0.3760527968406677,
          "Top": 0.5557324290275574
        },
        "Polygon": [
          {
            "X": 0.3760527968406677,
            "Y": 0.5557882189750671
          },
          {
            "X": 0.44583070278167725,
            "Y": 0.5557324290275574
          },
          {
            "X": 0.4460466206073761,
            "Y": 0.5750547647476196
          },
          {
            "X": 0.3762589693069458,
            "Y": 0.5751157999038696
          }
        ]
      },
      "Id": "89e4697f-b474-45d0-aa5d-7f4ef73b253f",
      "Relationships": [
        {
          "Type": "CHILD",
          "Ids": [
            "d4067820-6a5a-4e2a-8ad8-46eee4d0ff28",
            "70b45e40-0454-4395-b2da-2f3a744341d4",
            "f642dc56-03e0-4f0b-a827-0b28eb26bd03"
          ]
        }
      ],
      "Page": 1
    },
    {
      "BlockType": "LINE",
      "Confidence": 99.80028533935547,
      "Text": "2.8 + 0.3",
      "Geometry": {
        "BoundingBox": {
          "Width": 0.06197571009397507,
          "Height": 0.01910453662276268,
          "Left": 0.5181959271430969,
          "Top": 0.5556811094284058
        },
        "Polygon": [
          {
            "X": 0.5181959271430969,
            "Y": 0.5557305216789246
          },
          {
            "X": 0.579940140247345,
            "Y": 0.5556811094284058
          },
          {
            "X": 0.5801716446876526,
            "Y": 0.574731707572937
          },
          {
            "X": 0.5184189081192017,
            "Y": 0.5747856497764587
          }
        ]
      },
      "Id": "3ecaa11d-358d-4a7d-9e0a-4c3b44420ead",
      "Relationships": [
        {
          "Type": "CHILD",
          "Ids": [
            "07ce8b0e-5143-4ccd-983d-0ae1daeb60cc",
            "f390cd9e-f29d-4314-8f76-63b522e8f826",
            "eb5c194e-46d1-4b54-b51d-1c2caefcdc0d"
          ]
        }
      ],
      "Page": 1
    },
    {
      "BlockType": "LINE",
      "Confidence": 97.26163482666016,
      "Text": "3.3 + 0.8",
      "Geometry": {
        "BoundingBox": {
          "Width": 0.062211208045482635,
          "Height": 0.018970558419823647,
          "Left": 0.6553501486778259,
          "Top": 0.5557416081428528
        },
        "Polygon": [
          {
            "X": 0.6553501486778259,
            "Y": 0.5557911992073059
          },
          {
            "X": 0.7173126339912415,
            "Y": 0.5557416081428528
          },
          {
            "X": 0.7175613641738892,
            "Y": 0.5746579766273499
          },
          {
            "X": 0.6555904150009155,
            "Y": 0.5747121572494507
          }
        ]
      },
      "Id": "9257d764-8b86-490a-bbbb-cf55f080bd94",
      "Relationships": [
        {
          "Type": "CHILD",
          "Ids": [
            "839487a2-f43b-49d8-afdd-7df3a37aae3d",
            "a8794684-45a0-47e8-8479-c8ce39252462",
            "6ca2f9a3-1d52-4c48-a69b-77055055e207"
          ]
        }
      ],
      "Page": 1
    },
    {
      "BlockType": "WORD",
      "Confidence": 99.86067962646484,
      "Text": "Sample",
      "TextType": "PRINTED",
      "Geometry": {
        "BoundingBox": {
          "Width": 0.04408866539597511,
          "Height": 0.024414878338575363,
          "Left": 0.2487143576145172,
          "Top": 0.42777881026268005
        },
        "Polygon": [
          {
            "X": 0.2487143576145172,
            "Y": 0.42779234051704407
          },
          {
            "X": 0.29255735874176025,
            "Y": 0.42777881026268005
          },
          {
            "X": 0.292803019285202,
            "Y": 0.4521760642528534
          },
          {
            "X": 0.24895228445529938,
            "Y": 0.4521937072277069
          }
        ]
      },
      "Id": "41cc7e34-e8aa-4be3-83b6-e23edbab9eb4",
      "Page": 1
    },
    {
      "BlockType": "WORD",
      "Confidence": 99.92727661132812,
      "Text": "Tensile",
      "TextType": "PRINTED",
      "Geometry": {
        "BoundingBox": {
          "Width": 0.043465688824653625,
          "Height": 0.02020234242081642,
          "Left": 0.3755517899990082,
          "Top": 0.42779505252838135
        },
        "Polygon": [
          {
            "X": 0.3755517899990082,
            "Y": 0.42780840396881104
          },
          {
            "X": 0.4187956750392914,
            "Y": 0.42779505252838135
          },
          {
            "X": 0.419017493724823,
            "Y": 0.447980672121048
          },
          {
            "X": 0.3757672905921936,
            "Y": 0.44799739122390747
          }
        ]
      },
      "Id": "2fbfd50b-6f96-450e-8f79-99447232b17e",
      "Page": 1
    },
    {
      "BlockType": "WORD",
      "Confidence": 99.8565673828125,
      "Text": "strength",
      "TextType": "PRINTED",
      "Geometry": {
        "BoundingBox": {
          "Width": 0.04924071207642555,
          "Height": 0.02428300306200981,
          "Left": 0.42274948954582214,
          "Top": 0.4277201294898987
        },
        "Polygon": [
          {
            "X": 0.42274948954582214,
            "Y": 0.42773523926734924
          },
          {
            "X": 0.4717142581939697,
            "Y": 0.4277201294898987
          },
          {
            "X": 0.4719902276992798,
            "Y": 0.4519834518432617
          },
          {
            "X": 0.42301687598228455,
            "Y": 0.4520031213760376
          }
        ]
      },
      "Id": "d41f821e-df43-41a8-ba87-a3d70a0153d7",
      "Page": 1
    },
    {
      "BlockType": "WORD",
      "Confidence": 99.95462036132812,
      "Text": "Tensile",
      "TextType": "PRINTED",
      "Geometry": {
        "BoundingBox": {
          "Width": 0.04345696046948433,
          "Height": 0.019976580515503883,
          "Left": 0.5175245404243469,
          "Top": 0.4277161657810211
        },
        "Polygon": [
          {
            "X": 0.5175245404243469,
            "Y": 0.4277294874191284
          },
          {
            "X": 0.5607415437698364,
            "Y": 0.4277161657810211
          },
          {
            "X": 0.5609815120697021,
            "Y": 0.4476760923862457
          },
          {
            "X": 0.5177582502365112,
            "Y": 0.44769272208213806
          }
        ]
      },
      "Id": "4833a7ff-3940-4af8-a21f-c98eb2f80707",
      "Page": 1
    },
    {
      "BlockType": "WORD",
      "Confidence": 99.87240600585938,
      "Text": "modulus",
      "TextType": "PRINTED",
      "Geometry": {
        "BoundingBox": {
          "Width": 0.05177029222249985,
          "Height": 0.02040231041610241,
          "Left": 0.564613938331604,
          "Top": 0.4274749159812927
        },
        "Polygon": [
          {
            "X": 0.564613938331604,
            "Y": 0.427490770816803
          },
          {
            "X": 0.6161309480667114,
            "Y": 0.4274749159812927
          },
          {
            "X": 0.6163842082023621,
            "Y": 0.4478573501110077
          },
          {
            "X": 0.5648596286773682,
            "Y": 0.4478772282600403
          }
        ]
      },
      "Id": "df3d3950-64d8-460a-a8f3-400aa7b000bf",
      "Page": 1
    },
    {
      "BlockType": "WORD",
      "Confidence": 99.94617462158203,
      "Text": "Tensile",
      "TextType": "PRINTED",
      "Geometry": {
        "BoundingBox": {
          "Width": 0.043550580739974976,
          "Height": 0.019987212494015694,
          "Left": 0.6547456979751587,
          "Top": 0.4277728497982025
        },
        "Polygon": [
          {
            "X": 0.6547456979751587,
            "Y": 0.4277862310409546
          },
          {
            "X": 0.6980361938476562,
            "Y": 0.4277728497982025
          },
          {
            "X": 0.6982962489128113,
            "Y": 0.44774335622787476
          },
          {
            "X": 0.6549994945526123,
            "Y": 0.44776004552841187
          }
        ]
      },
      "Id": "6fa6de66-9d3e-4e6d-94a6-0cac926e55e5",
      "Page": 1
    },
    {
      "BlockType": "WORD",
      "Confidence": 99.87844848632812,
      "Text": "strain",
      "TextType": "PRINTED",
      "Geometry": {
        "BoundingBox": {
          "Width": 0.03350543975830078,
          "Height": 0.020622344687581062,
          "Left": 0.7019026875495911,
          "Top": 0.428053081035614
        },
        "Polygon": [
          {
            "X": 0.7019026875495911,
            "Y": 0.42806339263916016
          },
          {
            "X": 0.7351341843605042,
            "Y": 0.428053081035614
          },
          {
            "X": 0.7354081273078918,
            "Y": 0.44866248965263367
          },
          {
            "X": 0.7021716833114624,
            "Y": 0.4486754238605499
          }
        ]
      },
      "Id": "df1d9266-3b4f-443c-b31f-bf322c358a02",
      "Page": 1
    },
    {
      "BlockType": "WORD",
      "Confidence": 99.77623748779297,
      "Text": "(MPa)",
      "TextType": "PRINTED",
      "Geometry": {
        "BoundingBox": {
          "Width": 0.03632214292883873,
          "Height": 0.02217034436762333,
          "Left": 0.37660351395606995,
          "Top": 0.46082642674446106
        },
        "Polygon": [
          {
            "X": 0.37660351395606995,
            "Y": 0.4608421325683594
          },
          {
            "X": 0.41268327832221985,
            "Y": 0.46082642674446106
          },
          {
            "X": 0.412925660610199,
            "Y": 0.4829779863357544
          },
          {
            "X": 0.37684008479118347,
            "Y": 0.48299676179885864
          }
        ]
      },
      "Id": "949c182d-2bf5-420b-be8f-07d067ea8061",
      "Page": 1
    },
    {
      "BlockType": "WORD",
      "Confidence": 97.38323974609375,
      "Text": "(GPa)",
      "TextType": "PRINTED",
      "Geometry": {
        "BoundingBox": {
          "Width": 0.03568291291594505,
          "Height": 0.02319655567407608,
          "Left": 0.5175842642784119,
          "Top": 0.459850549697876
        },
        "Polygon": [
          {
            "X": 0.5175842642784119,
            "Y": 0.45986583828926086
          },
          {
            "X": 0.5529899001121521,
            "Y": 0.459850549697876
          },
          {
            "X": 0.5532671809196472,
            "Y": 0.4830286502838135
          },
          {
            "X": 0.5178556442260742,
            "Y": 0.48304709792137146
          }
        ]
      },
      "Id": "70fb6663-12fd-4bf6-a7b5-90cc5c973d5c",
      "Page": 1
    },
    {
      "BlockType": "WORD",
      "Confidence": 99.90569305419922,
      "Text": "(%)",
      "TextType": "PRINTED",
      "Geometry": {
        "BoundingBox": {
          "Width": 0.02202158421278,
          "Height": 0.023208925500512123,
          "Left": 0.6550523638725281,
          "Top": 0.459280401468277
        },
        "Polygon": [
          {
            "X": 0.6550523638725281,
            "Y": 0.4592897295951843
          },
          {
            "X": 0.6767755746841431,
            "Y": 0.459280401468277
          },
          {
            "X": 0.6770739555358887,
            "Y": 0.4824780523777008
          },
          {
            "X": 0.6553471684455872,
            "Y": 0.48248931765556335
          }
        ]
      },
      "Id": "b2da467f-30d2-44ff-89a3-4708895b535f",
      "Page": 1
    },
    {
      "BlockType": "WORD",
      "Confidence": 98.85630798339844,
      "Text": "REEP/MeHHPA",
      "TextType": "PRINTED",
      "Geometry": {
        "BoundingBox": {
          "Width": 0.09480428695678711,
          "Height": 0.020706746727228165,
          "Left": 0.24871912598609924,
          "Top": 0.5219350457191467
        },
        "Polygon": [
          {
            "X": 0.24871912598609924,
            "Y": 0.521998405456543
          },
          {
            "X": 0.34330815076828003,
            "Y": 0.5219350457191467
          },
          {
            "X": 0.34352341294288635,
            "Y": 0.5425708889961243
          },
          {
            "X": 0.248920276761055,
            "Y": 0.5426417589187622
          }
        ]
      },
      "Id": "45a0eca6-dbad-48ef-90f9-d2fb40841ef7",
      "Page": 1
    },
    {
      "BlockType": "WORD",
      "Confidence": 99.70187377929688,
      "Text": "73.5",
      "TextType": "PRINTED",
      "Geometry": {
        "BoundingBox": {
          "Width": 0.027799740433692932,
          "Height": 0.01946111023426056,
          "Left": 0.37596186995506287,
          "Top": 0.5228276252746582
        },
        "Polygon": [
          {
            "X": 0.37596186995506287,
            "Y": 0.5228462219238281
          },
          {
            "X": 0.40355029702186584,
            "Y": 0.5228276252746582
          },
          {
            "X": 0.403761625289917,
            "Y": 0.5422680974006653
          },
          {
            "X": 0.3761693239212036,
            "Y": 0.5422887206077576
          }
        ]
      },
      "Id": "473624a5-c4ad-47ab-aae6-873f5ab8bd1f",
      "Page": 1
    },
    {
      "BlockType": "WORD",
      "Confidence": 99.68050384521484,
      "Text": "+",
      "TextType": "PRINTED",
      "Geometry": {
        "BoundingBox": {
          "Width": 0.00961639266461134,
          "Height": 0.016155580058693886,
          "Left": 0.4101441502571106,
          "Top": 0.5251553654670715
        },
        "Polygon": [
          {
            "X": 0.4101441502571106,
            "Y": 0.5251618027687073
          },
          {
            "X": 0.41958311200141907,
            "Y": 0.5251553654670715
          },
          {
            "X": 0.419760525226593,
            "Y": 0.5413038730621338
          },
          {
            "X": 0.4103204607963562,
            "Y": 0.5413109064102173
          }
        ]
      },
      "Id": "9079bab6-353c-4fce-b792-a24545913711",
      "Page": 1
    },
    {
      "BlockType": "WORD",
      "Confidence": 99.77262115478516,
      "Text": "3.9",
      "TextType": "PRINTED",
      "Geometry": {
        "BoundingBox": {
          "Width": 0.018942615017294884,
          "Height": 0.018869731575250626,
          "Left": 0.4268900752067566,
          "Top": 0.5234795212745667
        },
        "Polygon": [
          {
            "X": 0.4268900752067566,
            "Y": 0.523492157459259
          },
          {
            "X": 0.44562196731567383,
            "Y": 0.5234795212745667
          },
          {
            "X": 0.4458326995372772,
            "Y": 0.5423352122306824
          },
          {
            "X": 0.42709827423095703,
            "Y": 0.5423492193222046
          }
        ]
      },
      "Id": "b3741d8f-c473-4bdf-8bc1-101967c10da2",
      "Page": 1
    },
    {
      "BlockType": "WORD",
      "Confidence": 99.764404296875,
      "Text": "3.0",
      "TextType": "PRINTED",
      "Geometry": {
        "BoundingBox": {
          "Width": 0.018996387720108032,
          "Height": 0.019089361652731895,
          "Left": 0.5181472301483154,
          "Top": 0.523345410823822
        },
        "Polygon": [
          {
            "X": 0.5181472301483154,
            "Y": 0.5233580470085144
          },
          {
            "X": 0.5369177460670471,
            "Y": 0.523345410823822
          },
          {
            "X": 0.5371435880661011,
            "Y": 0.5424206852912903
          },
          {
            "X": 0.518370509147644,
            "Y": 0.5424347519874573
          }
        ]
      },
      "Id": "5a233c8c-c856-4871-8c42-6c62e01a2ede",
      "Page": 1
    },
    {
      "BlockType": "WORD",
      "Confidence": 99.45055389404297,
      "Text": "+",
      "TextType": "PRINTED",
      "Geometry": {
        "BoundingBox": {
          "Width": 0.009590936824679375,
          "Height": 0.01577480509877205,
          "Left": 0.5442970395088196,
          "Top": 0.5254560112953186
        },
        "Polygon": [
          {
            "X": 0.5442970395088196,
            "Y": 0.5254624485969543
          },
          {
            "X": 0.5536993741989136,
            "Y": 0.5254560112953186
          },
          {
            "X": 0.5538879632949829,
            "Y": 0.5412238240242004
          },
          {
            "X": 0.5444846153259277,
            "Y": 0.5412308573722839
          }
        ]
      },
      "Id": "ef777754-7311-41f6-8739-b2a400afdcaa",
      "Page": 1
    },
    {
      "BlockType": "WORD",
      "Confidence": 99.47024536132812,
      "Text": "0.1",
      "TextType": "PRINTED",
      "Geometry": {
        "BoundingBox": {
          "Width": 0.017461897805333138,
          "Height": 0.018613185733556747,
          "Left": 0.5611916184425354,
          "Top": 0.5235875248908997
        },
        "Polygon": [
          {
            "X": 0.5611916184425354,
            "Y": 0.5235992074012756
          },
          {
            "X": 0.5784276723861694,
            "Y": 0.5235875248908997
          },
          {
            "X": 0.5786535143852234,
            "Y": 0.5421878099441528
          },
          {
            "X": 0.5614151358604431,
            "Y": 0.5422007441520691
          }
        ]
      },
      "Id": "bf853344-7dcb-45a4-807f-384aadcfbe5c",
      "Page": 1
    },
    {
      "BlockType": "WORD",
      "Confidence": 96.00627136230469,
      "Text": "3.4",
      "TextType": "PRINTED",
      "Geometry": {
        "BoundingBox": {
          "Width": 0.019698798656463623,
          "Height": 0.018717028200626373,
          "Left": 0.6552108526229858,
          "Top": 0.52342289686203
        },
        "Polygon": [
          {
            "X": 0.6552108526229858,
            "Y": 0.5234360694885254
          },
          {
            "X": 0.6746694445610046,
            "Y": 0.52342289686203
          },
          {
            "X": 0.6749096512794495,
            "Y": 0.5421253442764282
          },
          {
            "X": 0.6554484367370605,
            "Y": 0.5421398878097534
          }
        ]
      },
      "Id": "4b8f9652-1522-4368-8b17-70bb4c4e2e1b",
      "Page": 1
    },
    {
      "BlockType": "WORD",
      "Confidence": 99.37908935546875,
      "Text": "+",
      "TextType": "PRINTED",
      "Geometry": {
        "BoundingBox": {
          "Width": 0.009926296770572662,
          "Height": 0.01517040841281414,
          "Left": 0.6814648509025574,
          "Top": 0.5259422659873962
        },
        "Polygon": [
          {
            "X": 0.6814648509025574,
            "Y": 0.5259489417076111
          },
          {
            "X": 0.6911945939064026,
            "Y": 0.5259422659873962
          },
          {
            "X": 0.6913911700248718,
            "Y": 0.5411053895950317
          },
          {
            "X": 0.6816603541374207,
            "Y": 0.5411126613616943
          }
        ]
      },
      "Id": "95136b0a-f4bd-47ff-be0c-6f6a44179e36",
      "Page": 1
    },
    {
      "BlockType": "WORD",
      "Confidence": 99.23583984375,
      "Text": "0.3",
      "TextType": "PRINTED",
      "Geometry": {
        "BoundingBox": {
          "Width": 0.019251326099038124,
          "Height": 0.018612444400787354,
          "Left": 0.6981661319732666,
          "Top": 0.5235670208930969
        },
        "Polygon": [
          {
            "X": 0.6981661319732666,
            "Y": 0.5235798954963684
          },
          {
            "X": 0.7171728610992432,
            "Y": 0.5235670208930969
          },
          {
            "X": 0.7174174785614014,
            "Y": 0.542165219783783
          },
          {
            "X": 0.6984081864356995,
            "Y": 0.5421794652938843
          }
        ]
      },
      "Id": "ffe9c699-5264-493f-bfe0-be546d5a4ad2",
      "Page": 1
    },
    {
      "BlockType": "WORD",
      "Confidence": 97.35690307617188,
      "Text": "DGEBA/MeHHPA",
      "TextType": "PRINTED",
      "Geometry": {
        "BoundingBox": {
          "Width": 0.10507053136825562,
          "Height": 0.021050261333584785,
          "Left": 0.2494150698184967,
          "Top": 0.5562664270401001
        },
        "Polygon": [
          {
            "X": 0.2494150698184967,
            "Y": 0.5563505291938782
          },
          {
            "X": 0.35426536202430725,
            "Y": 0.5562664270401001
          },
          {
            "X": 0.3544856011867523,
            "Y": 0.5772241353988647
          },
          {
            "X": 0.24961942434310913,
            "Y": 0.5773167014122009
          }
        ]
      },
      "Id": "f9647a33-6d31-47d1-a6af-5de59ab077e5",
      "Page": 1
    },
    {
      "BlockType": "WORD",
      "Confidence": 99.91726684570312,
      "Text": "59.1",
      "TextType": "PRINTED",
      "Geometry": {
        "BoundingBox": {
          "Width": 0.0254001934081316,
          "Height": 0.01934770494699478,
          "Left": 0.3760527968406677,
          "Top": 0.5557680726051331
        },
        "Polygon": [
          {
            "X": 0.3760527968406677,
            "Y": 0.5557882189750671
          },
          {
            "X": 0.40124329924583435,
            "Y": 0.5557680726051331
          },
          {
            "X": 0.4014529883861542,
            "Y": 0.5750937461853027
          },
          {
            "X": 0.3762589693069458,
            "Y": 0.5751157999038696
          }
        ]
      },
      "Id": "d4067820-6a5a-4e2a-8ad8-46eee4d0ff28",
      "Page": 1
    },
    {
      "BlockType": "WORD",
      "Confidence": 99.53132629394531,
      "Text": "+",
      "TextType": "PRINTED",
      "Geometry": {
        "BoundingBox": {
          "Width": 0.00965125486254692,
          "Height": 0.01607203669846058,
          "Left": 0.4102599620819092,
          "Top": 0.5573261976242065
        },
        "Polygon": [
          {
            "X": 0.4102599620819092,
            "Y": 0.5573338270187378
          },
          {
            "X": 0.41973474621772766,
            "Y": 0.5573261976242065
          },
          {
            "X": 0.4199112355709076,
            "Y": 0.573390007019043
          },
          {
            "X": 0.41043534874916077,
            "Y": 0.573398232460022
          }
        ]
      },
      "Id": "70b45e40-0454-4395-b2da-2f3a744341d4",
      "Page": 1
    },
    {
      "BlockType": "WORD",
      "Confidence": 99.57476043701172,
      "Text": "0.7",
      "TextType": "PRINTED",
      "Geometry": {
        "BoundingBox": {
          "Width": 0.019318876788020134,
          "Height": 0.018909359350800514,
          "Left": 0.4267235994338989,
          "Top": 0.5557914972305298
        },
        "Polygon": [
          {
            "X": 0.4267235994338989,
            "Y": 0.5558068156242371
          },
          {
            "X": 0.4458313584327698,
            "Y": 0.5557914972305298
          },
          {
            "X": 0.4460424780845642,
            "Y": 0.574684202671051
          },
          {
            "X": 0.42693212628364563,
            "Y": 0.5747008919715881
          }
        ]
      },
      "Id": "f642dc56-03e0-4f0b-a827-0b28eb26bd03",
      "Page": 1
    },
    {
      "BlockType": "WORD",
      "Confidence": 99.9476089477539,
      "Text": "2.8",
      "TextType": "PRINTED",
      "Geometry": {
        "BoundingBox": {
          "Width": 0.019025640562176704,
          "Height": 0.01907016523182392,
          "Left": 0.5181959271430969,
          "Top": 0.5557155013084412
        },
        "Polygon": [
          {
            "X": 0.5181959271430969,
            "Y": 0.5557305216789246
          },
          {
            "X": 0.5369960069656372,
            "Y": 0.5557155013084412
          },
          {
            "X": 0.5372215509414673,
            "Y": 0.5747691988945007
          },
          {
            "X": 0.5184189081192017,
            "Y": 0.5747856497764587
          }
        ]
      },
      "Id": "07ce8b0e-5143-4ccd-983d-0ae1daeb60cc",
      "Page": 1
    },
    {
      "BlockType": "WORD",
      "Confidence": 99.6712875366211,
      "Text": "+",
      "TextType": "PRINTED",
      "Geometry": {
        "BoundingBox": {
          "Width": 0.009777098894119263,
          "Height": 0.01597335748374462,
          "Left": 0.5443607568740845,
          "Top": 0.5577111840248108
        },
        "Polygon": [
          {
            "X": 0.5443607568740845,
            "Y": 0.5577189326286316
          },
          {
            "X": 0.5539469122886658,
            "Y": 0.5577111840248108
          },
          {
            "X": 0.5541378259658813,
            "Y": 0.5736761689186096
          },
          {
            "X": 0.5445505976676941,
            "Y": 0.5736845135688782
          }
        ]
      },
      "Id": "f390cd9e-f29d-4314-8f76-63b522e8f826",
      "Page": 1
    },
    {
      "BlockType": "WORD",
      "Confidence": 99.78195190429688,
      "Text": "0.3",
      "TextType": "PRINTED",
      "Geometry": {
        "BoundingBox": {
          "Width": 0.019253918901085854,
          "Height": 0.018984703347086906,
          "Left": 0.5609169602394104,
          "Top": 0.5557024478912354
        },
        "Polygon": [
          {
            "X": 0.5609169602394104,
            "Y": 0.5557177066802979
          },
          {
            "X": 0.5799403786659241,
            "Y": 0.5557024478912354
          },
          {
            "X": 0.5801708698272705,
            "Y": 0.5746705532073975
          },
          {
            "X": 0.5611448287963867,
            "Y": 0.5746871829032898
          }
        ]
      },
      "Id": "eb5c194e-46d1-4b54-b51d-1c2caefcdc0d",
      "Page": 1
    },
    {
      "BlockType": "WORD",
      "Confidence": 95.53760528564453,
      "Text": "3.3",
      "TextType": "PRINTED",
      "Geometry": {
        "BoundingBox": {
          "Width": 0.019342664629220963,
          "Height": 0.018936224281787872,
          "Left": 0.6553501486778259,
          "Top": 0.5557759404182434
        },
        "Polygon": [
          {
            "X": 0.6553501486778259,
            "Y": 0.5557911992073059
          },
          {
            "X": 0.6744499206542969,
            "Y": 0.5557759404182434
          },
          {
            "X": 0.6746928095817566,
            "Y": 0.5746954679489136
          },
          {
            "X": 0.6555904150009155,
            "Y": 0.5747121572494507
          }
        ]
      },
      "Id": "839487a2-f43b-49d8-afdd-7df3a37aae3d",
      "Page": 1
    },
    {
      "BlockType": "WORD",
      "Confidence": 99.63516235351562,
      "Text": "+",
      "TextType": "PRINTED",
      "Geometry": {
        "BoundingBox": {
          "Width": 0.009581520222127438,
          "Height": 0.015538856387138367,
          "Left": 0.6817836165428162,
          "Top": 0.5583293437957764
        },
        "Polygon": [
          {
            "X": 0.6817836165428162,
            "Y": 0.5583369135856628
          },
          {
            "X": 0.6911638379096985,
            "Y": 0.5583293437957764
          },
          {
            "X": 0.691365122795105,
            "Y": 0.5738599896430969
          },
          {
            "X": 0.6819838285446167,
            "Y": 0.5738681554794312
          }
        ]
      },
      "Id": "a8794684-45a0-47e8-8479-c8ce39252462",
      "Page": 1
    },
    {
      "BlockType": "WORD",
      "Confidence": 96.61215209960938,
      "Text": "0.8",
      "TextType": "PRINTED",
      "Geometry": {
        "BoundingBox": {
          "Width": 0.01909138448536396,
          "Height": 0.018486719578504562,
          "Left": 0.6984689235687256,
          "Top": 0.5561066269874573
        },
        "Polygon": [
          {
            "X": 0.6984689235687256,
            "Y": 0.5561217665672302
          },
          {
            "X": 0.7173174023628235,
            "Y": 0.5561066269874573
          },
          {
            "X": 0.7175602912902832,
            "Y": 0.5745769143104553
          },
          {
            "X": 0.6987093091011047,
            "Y": 0.5745933651924133
          }
        ]
      },
      "Id": "6ca2f9a3-1d52-4c48-a69b-77055055e207",
      "Page": 1
    },
    {
      "BlockType": "TABLE",
      "Confidence": 99.951171875,
      "Geometry": {
        "BoundingBox": {
          "Width": 0.543664813041687,
          "Height": 0.18776048719882965,
          "Left": 0.22862033545970917,
          "Top": 0.40676218271255493
        },
        "Polygon": [
          {
            "X": 0.22862033545970917,
            "Y": 0.40688568353652954
          },
          {
            "X": 0.7697487473487854,
            "Y": 0.40676218271255493
          },
          {
            "X": 0.7722851634025574,
            "Y": 0.59400874376297
          },
          {
            "X": 0.2304227501153946,
            "Y": 0.5945226550102234
          }
        ]
      },
      "Id": "a2ce99b6-8b09-444e-b521-ceb7e34795b4",
      "Relationships": [
        {
          "Type": "CHILD",
          "Ids": [
            "a0ce45f0-faf7-4cc6-98a9-02019a717751",
            "851a6c86-16b0-45f4-81c9-875b59f131ca",
            "7fe8c9b5-c499-4813-9860-9ca3fa645e6a",
            "ae8c3440-739c-4658-a27c-b0c028e7878f",
            "9a418289-4580-4130-b00a-c53ec70c6e3f",
            "1740a105-1181-43d8-bbe9-bea6409a6bae",
            "0ccd1827-bae7-4f77-a3ea-a41ea85158dc",
            "78caa955-c19c-4cb3-8d3a-b9a996d9e130",
            "f56fa208-e4cf-4064-9b8a-9e346035a99f",
            "13ac30ee-3a2a-479e-93c3-9003ab23614d",
            "0bd80862-2c90-4082-9207-cb536d64a487",
            "8e885beb-12ff-4f64-a676-1d8d5e771b9c"
          ]
        }
      ],
      "EntityTypes": [
        "STRUCTURED_TABLE"
      ],
      "Page": 1
    },
    {
      "BlockType": "CELL",
      "Confidence": 86.9140625,
      "RowIndex": 1,
      "ColumnIndex": 1,
      "RowSpan": 1,
      "ColumnSpan": 1,
      "Geometry": {
        "BoundingBox": {
          "Width": 0.13551229238510132,
          "Height": 0.09514234215021133,
          "Left": 0.22862033545970917,
          "Top": 0.4068549871444702
        },
        "Polygon": [
          {
            "X": 0.22862033545970917,
            "Y": 0.40688568353652954
          },
          {
            "X": 0.36312636733055115,
            "Y": 0.4068549871444702
          },
          {
            "X": 0.3641326427459717,
            "Y": 0.5019174814224243
          },
          {
            "X": 0.22953395545482635,
            "Y": 0.5019972920417786
          }
        ]
      },
      "Id": "a0ce45f0-faf7-4cc6-98a9-02019a717751",
      "Relationships": [
        {
          "Type": "CHILD",
          "Ids": [
            "41cc7e34-e8aa-4be3-83b6-e23edbab9eb4"
          ]
        }
      ],
      "EntityTypes": [
        "COLUMN_HEADER"
      ],
      "Page": 1
    },
    {
      "BlockType": "CELL",
      "Confidence": 85.986328125,
      "RowIndex": 1,
      "ColumnIndex": 2,
      "RowSpan": 1,
      "ColumnSpan": 1,
      "Geometry": {
        "BoundingBox": {
          "Width": 0.13133729994297028,
          "Height": 0.09509221464395523,
          "Left": 0.36312636733055115,
          "Top": 0.4068252444267273
        },
        "Polygon": [
          {
            "X": 0.36312636733055115,
            "Y": 0.4068549871444702
          },
          {
            "X": 0.4933678209781647,
            "Y": 0.4068252444267273
          },
          {
            "X": 0.4944636821746826,
            "Y": 0.5018401145935059
          },
          {
            "X": 0.3641326427459717,
            "Y": 0.5019174814224243
          }
        ]
      },
      "Id": "851a6c86-16b0-45f4-81c9-875b59f131ca",
      "Relationships": [
        {
          "Type": "CHILD",
          "Ids": [
            "2fbfd50b-6f96-450e-8f79-99447232b17e",
            "d41f821e-df43-41a8-ba87-a3d70a0153d7",
            "949c182d-2bf5-420b-be8f-07d067ea8061"
          ]
        }
      ],
      "EntityTypes": [
        "COLUMN_HEADER"
      ],
      "Page": 1
    },
    {
      "BlockType": "CELL",
      "Confidence": 89.306640625,
      "RowIndex": 1,
      "ColumnIndex": 3,
      "RowSpan": 1,
      "ColumnSpan": 1,
      "Geometry": {
        "BoundingBox": {
          "Width": 0.14118948578834534,
          "Height": 0.09504684060811996,
          "Left": 0.4933678209781647,
          "Top": 0.4067932963371277
        },
        "Polygon": [
          {
            "X": 0.4933678209781647,
            "Y": 0.4068252444267273
          },
          {
            "X": 0.633365273475647,
            "Y": 0.4067932963371277
          },
          {
            "X": 0.63455730676651,
            "Y": 0.501757025718689
          },
          {
            "X": 0.4944636821746826,
            "Y": 0.5018401145935059
          }
        ]
      },
      "Id": "7fe8c9b5-c499-4813-9860-9ca3fa645e6a",
      "Relationships": [
        {
          "Type": "CHILD",
          "Ids": [
            "4833a7ff-3940-4af8-a21f-c98eb2f80707",
            "df3d3950-64d8-460a-a8f3-400aa7b000bf",
            "70fb6663-12fd-4bf6-a7b5-90cc5c973d5c"
          ]
        }
      ],
      "EntityTypes": [
        "COLUMN_HEADER"
      ],
      "Page": 1
    },
    {
      "BlockType": "CELL",
      "Confidence": 89.990234375,
      "RowIndex": 1,
      "ColumnIndex": 4,
      "RowSpan": 1,
      "ColumnSpan": 1,
      "Geometry": {
        "BoundingBox": {
          "Width": 0.13766920566558838,
          "Height": 0.09499485790729523,
          "Left": 0.633365273475647,
          "Top": 0.40676218271255493
        },
        "Polygon": [
          {
            "X": 0.633365273475647,
            "Y": 0.4067932963371277
          },
          {
            "X": 0.7697487473487854,
            "Y": 0.40676218271255493
          },
          {
            "X": 0.7710344195365906,
            "Y": 0.501676082611084
          },
          {
            "X": 0.63455730676651,
            "Y": 0.501757025718689
          }
        ]
      },
      "Id": "ae8c3440-739c-4658-a27c-b0c028e7878f",
      "Relationships": [
        {
          "Type": "CHILD",
          "Ids": [
            "6fa6de66-9d3e-4e6d-94a6-0cac926e55e5",
            "df1d9266-3b4f-443c-b31f-bf322c358a02",
            "b2da467f-30d2-44ff-89a3-4708895b535f"
          ]
        }
      ],
      "EntityTypes": [
        "COLUMN_HEADER"
      ],
      "Page": 1
    },
    {
      "BlockType": "CELL",
      "Confidence": 78.02734375,
      "RowIndex": 2,
      "ColumnIndex": 1,
      "RowSpan": 1,
      "ColumnSpan": 1,
      "Geometry": {
        "BoundingBox": {
          "Width": 0.13510005176067352,
          "Height": 0.047471173107624054,
          "Left": 0.22953395545482635,
          "Top": 0.5019174814224243
        },
        "Polygon": [
          {
            "X": 0.22953395545482635,
            "Y": 0.5019972920417786
          },
          {
            "X": 0.3641326427459717,
            "Y": 0.5019174814224243
          },
          {
            "X": 0.3646340072154999,
            "Y": 0.5492842793464661
          },
          {
            "X": 0.2299892008304596,
            "Y": 0.5493886470794678
          }
        ]
      },
      "Id": "9a418289-4580-4130-b00a-c53ec70c6e3f",
      "Relationships": [
        {
          "Type": "CHILD",
          "Ids": [
            "45a0eca6-dbad-48ef-90f9-d2fb40841ef7"
          ]
        }
      ],
      "Page": 1
    },
    {
      "BlockType": "CELL",
      "Confidence": 77.197265625,
      "RowIndex": 2,
      "ColumnIndex": 2,
      "RowSpan": 1,
      "ColumnSpan": 1,
      "Geometry": {
        "BoundingBox": {
          "Width": 0.1308770775794983,
          "Height": 0.04744412377476692,
          "Left": 0.3641326427459717,
          "Top": 0.5018401145935059
        },
        "Polygon": [
          {
            "X": 0.3641326427459717,
            "Y": 0.5019174814224243
          },
          {
            "X": 0.4944636821746826,
            "Y": 0.5018401145935059
          },
          {
            "X": 0.49500972032546997,
            "Y": 0.549183189868927
          },
          {
            "X": 0.3646340072154999,
            "Y": 0.5492842793464661
          }
        ]
      },
      "Id": "1740a105-1181-43d8-bbe9-bea6409a6bae",
      "Relationships": [
        {
          "Type": "CHILD",
          "Ids": [
            "473624a5-c4ad-47ab-aae6-873f5ab8bd1f",
            "9079bab6-353c-4fce-b792-a24545913711",
            "b3741d8f-c473-4bdf-8bc1-101967c10da2"
          ]
        }
      ],
      "Page": 1
    },
    {
      "BlockType": "CELL",
      "Confidence": 80.224609375,
      "RowIndex": 2,
      "ColumnIndex": 3,
      "RowSpan": 1,
      "ColumnSpan": 1,
      "Geometry": {
        "BoundingBox": {
          "Width": 0.14068759977817535,
          "Height": 0.04742617532610893,
          "Left": 0.4944636821746826,
          "Top": 0.501757025718689
        },
        "Polygon": [
          {
            "X": 0.4944636821746826,
            "Y": 0.5018401145935059
          },
          {
            "X": 0.63455730676651,
            "Y": 0.501757025718689
          },
          {
            "X": 0.6351512670516968,
            "Y": 0.5490745902061462
          },
          {
            "X": 0.49500972032546997,
            "Y": 0.549183189868927
          }
        ]
      },
      "Id": "0ccd1827-bae7-4f77-a3ea-a41ea85158dc",
      "Relationships": [
        {
          "Type": "CHILD",
          "Ids": [
            "5a233c8c-c856-4871-8c42-6c62e01a2ede",
            "ef777754-7311-41f6-8739-b2a400afdcaa",
            "bf853344-7dcb-45a4-807f-384aadcfbe5c"
          ]
        }
      ],
      "Page": 1
    },
    {
      "BlockType": "CELL",
      "Confidence": 80.859375,
      "RowIndex": 2,
      "ColumnIndex": 4,
      "RowSpan": 1,
      "ColumnSpan": 1,
      "Geometry": {
        "BoundingBox": {
          "Width": 0.13711775839328766,
          "Height": 0.047398511320352554,
          "Left": 0.63455730676651,
          "Top": 0.501676082611084
        },
        "Polygon": [
          {
            "X": 0.63455730676651,
            "Y": 0.501757025718689
          },
          {
            "X": 0.7710344195365906,
            "Y": 0.501676082611084
          },
          {
            "X": 0.7716750502586365,
            "Y": 0.5489687323570251
          },
          {
            "X": 0.6351512670516968,
            "Y": 0.5490745902061462
          }
        ]
      },
      "Id": "78caa955-c19c-4cb3-8d3a-b9a996d9e130",
      "Relationships": [
        {
          "Type": "CHILD",
          "Ids": [
            "4b8f9652-1522-4368-8b17-70bb4c4e2e1b",
            "95136b0a-f4bd-47ff-be0c-6f6a44179e36",
            "ffe9c699-5264-493f-bfe0-be546d5a4ad2"
          ]
        }
      ],
      "Page": 1
    },
    {
      "BlockType": "CELL",
      "Confidence": 84.814453125,
      "RowIndex": 3,
      "ColumnIndex": 1,
      "RowSpan": 1,
      "ColumnSpan": 1,
      "Geometry": {
        "BoundingBox": {
          "Width": 0.13512232899665833,
          "Height": 0.04523838683962822,
          "Left": 0.2299892008304596,
          "Top": 0.5492842793464661
        },
        "Polygon": [
          {
            "X": 0.2299892008304596,
            "Y": 0.5493886470794678
          },
          {
            "X": 0.3646340072154999,
            "Y": 0.5492842793464661
          },
          {
            "X": 0.3651115298271179,
            "Y": 0.5943949222564697
          },
          {
            "X": 0.2304227501153946,
            "Y": 0.5945226550102234
          }
        ]
      },
      "Id": "f56fa208-e4cf-4064-9b8a-9e346035a99f",
      "Relationships": [
        {
          "Type": "CHILD",
          "Ids": [
            "f9647a33-6d31-47d1-a6af-5de59ab077e5"
          ]
        }
      ],
      "Page": 1
    },
    {
      "BlockType": "CELL",
      "Confidence": 83.88671875,
      "RowIndex": 3,
      "ColumnIndex": 2,
      "RowSpan": 1,
      "ColumnSpan": 1,
      "Geometry": {
        "BoundingBox": {
          "Width": 0.1308957189321518,
          "Height": 0.04521171376109123,
          "Left": 0.3646340072154999,
          "Top": 0.549183189868927
        },
        "Polygon": [
          {
            "X": 0.3646340072154999,
            "Y": 0.5492842793464661
          },
          {
            "X": 0.49500972032546997,
            "Y": 0.549183189868927
          },
          {
            "X": 0.49552974104881287,
            "Y": 0.5942712426185608
          },
          {
            "X": 0.3651115298271179,
            "Y": 0.5943949222564697
          }
        ]
      },
      "Id": "13ac30ee-3a2a-479e-93c3-9003ab23614d",
      "Relationships": [
        {
          "Type": "CHILD",
          "Ids": [
            "d4067820-6a5a-4e2a-8ad8-46eee4d0ff28",
            "70b45e40-0454-4395-b2da-2f3a744341d4",
            "f642dc56-03e0-4f0b-a827-0b28eb26bd03"
          ]
        }
      ],
      "Page": 1
    },
    {
      "BlockType": "CELL",
      "Confidence": 87.158203125,
      "RowIndex": 3,
      "ColumnIndex": 3,
      "RowSpan": 1,
      "ColumnSpan": 1,
      "Geometry": {
        "BoundingBox": {
          "Width": 0.14070723950862885,
          "Height": 0.04519665986299515,
          "Left": 0.49500972032546997,
          "Top": 0.5490745902061462
        },
        "Polygon": [
          {
            "X": 0.49500972032546997,
            "Y": 0.549183189868927
          },
          {
            "X": 0.6351512670516968,
            "Y": 0.5490745902061462
          },
          {
            "X": 0.63571697473526,
            "Y": 0.5941382646560669
          },
          {
            "X": 0.49552974104881287,
            "Y": 0.5942712426185608
          }
        ]
      },
      "Id": "0bd80862-2c90-4082-9207-cb536d64a487",
      "Relationships": [
        {
          "Type": "CHILD",
          "Ids": [
            "07ce8b0e-5143-4ccd-983d-0ae1daeb60cc",
            "f390cd9e-f29d-4314-8f76-63b522e8f826",
            "eb5c194e-46d1-4b54-b51d-1c2caefcdc0d"
          ]
        }
      ],
      "Page": 1
    },
    {
      "BlockType": "CELL",
      "Confidence": 87.841796875,
      "RowIndex": 3,
      "ColumnIndex": 4,
      "RowSpan": 1,
      "ColumnSpan": 1,
      "Geometry": {
        "BoundingBox": {
          "Width": 0.1371338963508606,
          "Height": 0.045169536024332047,
          "Left": 0.6351512670516968,
          "Top": 0.5489687323570251
        },
        "Polygon": [
          {
            "X": 0.6351512670516968,
            "Y": 0.5490745902061462
          },
          {
            "X": 0.7716750502586365,
            "Y": 0.5489687323570251
          },
          {
            "X": 0.7722851634025574,
            "Y": 0.59400874376297
          },
          {
            "X": 0.63571697473526,
            "Y": 0.5941382646560669
          }
        ]
      },
      "Id": "8e885beb-12ff-4f64-a676-1d8d5e771b9c",
      "Relationships": [
        {
          "Type": "CHILD",
          "Ids": [
            "839487a2-f43b-49d8-afdd-7df3a37aae3d",
            "a8794684-45a0-47e8-8479-c8ce39252462",
            "6ca2f9a3-1d52-4c48-a69b-77055055e207"
          ]
        }
      ],
      "Page": 1
    }
  ],
  "AnalyzeDocumentModelVersion": "1.0"
}