{
  "DocumentMetadata": {
    "Pages": 1
  },
  "JobStatus": "SUCCEEDED",
  "Blocks": [
    {
      "BlockType": "PAGE",
      "Geometry": {
        "BoundingBox": {
          "Width": 0.563409149646759,
          "Height": 0.35131996870040894,
          "Left": 0.22274084389209747,
          "Top": 0.33309829235076904
        },
        "Polygon": [
          {
            "X": 0.22274084389209747,
            "Y": 0.33359888195991516
          },
          {
            "X": 0.7837609648704529,
            "Y": 0.33309829235076904
          },
          {
            "X": 0.7861499786376953,
            "Y": 0.684418261051178
          },
          {
            "X": 0.2244180291891098,
            "Y": 0.6841416358947754
          }
        ]
      },
      "Id": "336c7f8d-d04d-43b8-a5bb-ccd61aab7936",
      "Relationships": [
        {
          "Type": "CHILD",
          "Ids": [
            "38a9cb2e-13d6-4826-9987-3f7bac523cb5",
            "d0562ed5-411d-43e2-b2c3-c3407a3b4562",
            "e2a49a3b-c9c3-42f8-82d3-8cb326298694",
            "0cb29c81-c5d1-422b-a9da-ad21699d0e70",
            "f0dcb2f5-b800-40b1-840d-08e19ec9699b",
            "5f690e95-dece-4548-bcf8-681bf9aec0f7",
            "f7c17117-917d-468a-aa4b-64826c02b18e",
            "fa1a7d0d-3fb0-46a1-bdab-2f6abf0be98f",
            "be20082e-0b96-43ad-927b-fa645cf8b4e0",
            "d7472c75-caef-4e05-9368-9429ea8ca6f6",
            "b40ba3d0-935f-4f23-adf9-4fd1eb855752",
            "71579d3b-4feb-4ad1-856a-aa62796f5487",
            "fee30265-cbed-4f00-9961-f66933d88868",
            "2a180c71-0899-47da-9077-681e5a9a143a",
            "1fae42e6-6635-45a1-b6c3-2a4d8787e27d",
            "68b99a28-c00c-438b-8413-73552f68ffb5",
            "3173a4ba-e4eb-44b1-93fc-780645730e7c",
            "b27e1d07-0529-4d5f-a69d-04f959d71d8c",
            "6a5e936e-5b0f-402e-bf20-e3bf15242b33",
            "7b31e2c7-cf6d-466f-a35c-6461e0bd6651",
            "8ee620ed-d1b5-437d-afe6-210049699199",
            "1c8d1feb-8238-4e01-97d5-bc98b2f7c918",
            "1b69ab55-62ca-461a-aa81-c4cc8bc669e8",
            "934f91e5-86a0-4803-ad52-4e5e2cd442d3",
            "ad06c9b0-9e86-41b5-b248-2fd99840f106",
            "3a97a3c2-3ba5-45b5-b2b6-31a87568784a",
            "195fdfd6-287f-49f4-92dd-78dc35532987",
            "013f1ac5-6bcb-42c9-8d36-748220920ef4",
            "6a7105e7-bf1f-4deb-9c81-ddb2f73087c4",
            "14373796-4544-4a72-b96d-da0090612f5b",
            "9d32d1ba-d550-4c77-aecd-9b8c9150ee23",
            "a705dc38-c2cb-49fb-ab0a-b5421846ad4d"
          ]
        }
      ],
      "Page": 1
    },
    {
      "BlockType": "LINE",
      "Confidence": 99.83832550048828,
      "Text": "Cods",
      "Geometry": {
        "BoundingBox": {
          "Width": 0.02816060744225979,
          "Height": 0.016099857166409492,
          "Left": 0.24642299115657806,
          "Top": 0.36901718378067017
        },
        "Polygon": [
          {
            "X": 0.24642299115657806,
            "Y": 0.36903831362724304
          },
          {
            "X": 0.2745036780834198,
            "Y": 0.36901718378067017
          },
          {
            "X": 0.2745836079120636,
            "Y": 0.3850977122783661
          },
          {
            "X": 0.24650128185749054,
            "Y": 0.3851170539855957
          }
        ]
      },
      "Id": "38a9cb2e-13d6-4826-9987-3f7bac523cb5",
      "Relationships": [
        {
          "Type": "CHILD",
          "Ids": [
            "e727efc4-839f-4c16-8581-84f11e102bd6"
          ]
        }
      ],
      "Page": 1
    },
    {
      "BlockType": "LINE",
      "Confidence": 99.849853515625,
      "Text": "Formula",
      "Geometry": {
        "BoundingBox": {
          "Width": 0.04930373653769493,
          "Height": 0.015995247289538383,
          "Left": 0.29516181349754333,
          "Top": 0.36923131346702576
        },
        "Polygon": [
          {
            "X": 0.29516181349754333,
            "Y": 0.3692682981491089
          },
          {
            "X": 0.34438222646713257,
            "Y": 0.36923131346702576
          },
          {
            "X": 0.34446555376052856,
            "Y": 0.3851926922798157
          },
          {
            "X": 0.2952423095703125,
            "Y": 0.3852265775203705
          }
        ]
      },
      "Id": "d0562ed5-411d-43e2-b2c3-c3407a3b4562",
      "Relationships": [
        {
          "Type": "CHILD",
          "Ids": [
            "cf9b8cde-3920-4d8f-a7e4-75918dcae0cc"
          ]
        }
      ],
      "Page": 1
    },
    {
      "BlockType": "LINE",
      "Confidence": 99.88726806640625,
      "Text": "Molar",
      "Geometry": {
        "BoundingBox": {
          "Width": 0.03525017201900482,
          "Height": 0.01571127027273178,
          "Left": 0.5321664214134216,
          "Top": 0.369718462228775
        },
        "Polygon": [
          {
            "X": 0.5321664214134216,
            "Y": 0.36974477767944336
          },
          {
            "X": 0.5673221349716187,
            "Y": 0.369718462228775
          },
          {
            "X": 0.5674166083335876,
            "Y": 0.38540560007095337
          },
          {
            "X": 0.532258927822113,
            "Y": 0.3854297399520874
          }
        ]
      },
      "Id": "e2a49a3b-c9c3-42f8-82d3-8cb326298694",
      "Relationships": [
        {
          "Type": "CHILD",
          "Ids": [
            "efe84a9e-fab6-4eb5-8038-ce3a6a49b863"
          ]
        }
      ],
      "Page": 1
    },
    {
      "BlockType": "LINE",
      "Confidence": 99.88874053955078,
      "Text": "Synthesis manner",
      "Geometry": {
        "BoundingBox": {
          "Width": 0.10501757264137268,
          "Height": 0.02002290077507496,
          "Left": 0.6259645819664001,
          "Top": 0.36936506628990173
        },
        "Polygon": [
          {
            "X": 0.6259645819664001,
            "Y": 0.3694436848163605
          },
          {
            "X": 0.7308502793312073,
            "Y": 0.36936506628990173
          },
          {
            "X": 0.7309821248054504,
            "Y": 0.3893176019191742
          },
          {
            "X": 0.6260888576507568,
            "Y": 0.38938796520233154
          }
        ]
      },
      "Id": "0cb29c81-c5d1-422b-a9da-ad21699d0e70",
      "Relationships": [
        {
          "Type": "CHILD",
          "Ids": [
            "3df6f5b6-915c-40c4-963c-f7347a35b177",
            "1b98a070-a1a1-4f7c-8be1-35c537a48dd1"
          ]
        }
      ],
      "Page": 1
    },
    {
      "BlockType": "LINE",
      "Confidence": 99.93917083740234,
      "Text": "rations",
      "Geometry": {
        "BoundingBox": {
          "Width": 0.04075457900762558,
          "Height": 0.015517745167016983,
          "Left": 0.5322244167327881,
          "Top": 0.39759230613708496
        },
        "Polygon": [
          {
            "X": 0.5322244167327881,
            "Y": 0.39761826395988464
          },
          {
            "X": 0.5728853940963745,
            "Y": 0.39759230613708496
          },
          {
            "X": 0.5729789733886719,
            "Y": 0.41308656334877014
          },
          {
            "X": 0.532315731048584,
            "Y": 0.41311004757881165
          }
        ]
      },
      "Id": "f0dcb2f5-b800-40b1-840d-08e19ec9699b",
      "Relationships": [
        {
          "Type": "CHILD",
          "Ids": [
            "55c0d763-ac4a-4f1d-9a4b-bdc3e3825082"
          ]
        }
      ],
      "Page": 1
    },
    {
      "BlockType": "LINE",
      "Confidence": 99.81163024902344,
      "Text": "A",
      "Geometry": {
        "BoundingBox": {
          "Width": 0.009393212385475636,
          "Height": 0.015097308903932571,
          "Left": 0.24565188586711884,
          "Top": 0.4508531391620636
        },
        "Polygon": [
          {
            "X": 0.24565188586711884,
            "Y": 0.45085713267326355
          },
          {
            "X": 0.2549711763858795,
            "Y": 0.4508531391620636
          },
          {
            "X": 0.2550451159477234,
            "Y": 0.4659470021724701
          },
          {
            "X": 0.24572531878948212,
            "Y": 0.46595045924186707
          }
        ]
      },
      "Id": "5f690e95-dece-4548-bcf8-681bf9aec0f7",
      "Relationships": [
        {
          "Type": "CHILD",
          "Ids": [
            "0e289140-4cb6-482f-a992-128fa53d436d"
          ]
        }
      ],
      "Page": 1
    },
    {
      "BlockType": "LINE",
      "Confidence": 93.40474700927734,
      "Text": "DGEPEG:DGEBA/APEG:IPDA",
      "Geometry": {
        "BoundingBox": {
          "Width": 0.17105832695960999,
          "Height": 0.017252717167139053,
          "Left": 0.29530826210975647,
          "Top": 0.45046988129615784
        },
        "Polygon": [
          {
            "X": 0.29530826210975647,
            "Y": 0.45054343342781067
          },
          {
            "X": 0.4662693440914154,
            "Y": 0.45046988129615784
          },
          {
            "X": 0.46636658906936646,
            "Y": 0.46766066551208496
          },
          {
            "X": 0.2953948974609375,
            "Y": 0.467722624540329
          }
        ]
      },
      "Id": "f7c17117-917d-468a-aa4b-64826c02b18e",
      "Relationships": [
        {
          "Type": "CHILD",
          "Ids": [
            "bb649eaa-d69d-44a5-a349-275ac93f6f33"
          ]
        }
      ],
      "Page": 1
    },
    {
      "BlockType": "LINE",
      "Confidence": 98.92789459228516,
      "Text": "1:1/0.5:0.5",
      "Geometry": {
        "BoundingBox": {
          "Width": 0.06546785682439804,
          "Height": 0.016803745180368423,
          "Left": 0.5331189632415771,
          "Top": 0.4505787193775177
        },
        "Polygon": [
          {
            "X": 0.5331189632415771,
            "Y": 0.4506067931652069
          },
          {
            "X": 0.5984839200973511,
            "Y": 0.4505787193775177
          },
          {
            "X": 0.5985867977142334,
            "Y": 0.46735870838165283
          },
          {
            "X": 0.5332179069519043,
            "Y": 0.4673824608325958
          }
        ]
      },
      "Id": "fa1a7d0d-3fb0-46a1-bdab-2f6abf0be98f",
      "Relationships": [
        {
          "Type": "CHILD",
          "Ids": [
            "64cb873e-a357-487f-a19d-ea1e1497e216"
          ]
        }
      ],
      "Page": 1
    },
    {
      "BlockType": "LINE",
      "Confidence": 99.79011535644531,
      "Text": "Combinational",
      "Geometry": {
        "BoundingBox": {
          "Width": 0.08598654717206955,
          "Height": 0.015958109870553017,
          "Left": 0.6264147162437439,
          "Top": 0.45016610622406006
        },
        "Polygon": [
          {
            "X": 0.6264147162437439,
            "Y": 0.4502031207084656
          },
          {
            "X": 0.7122970819473267,
            "Y": 0.45016610622406006
          },
          {
            "X": 0.712401270866394,
            "Y": 0.466092586517334
          },
          {
            "X": 0.6265139579772949,
            "Y": 0.4661242365837097
          }
        ]
      },
      "Id": "be20082e-0b96-43ad-927b-fa645cf8b4e0",
      "Relationships": [
        {
          "Type": "CHILD",
          "Ids": [
            "09effd53-2a2b-48be-af2e-36cafe0ae29c"
          ]
        }
      ],
      "Page": 1
    },
    {
      "BlockType": "LINE",
      "Confidence": 96.69184875488281,
      "Text": "B",
      "Geometry": {
        "BoundingBox": {
          "Width": 0.007698077242821455,
          "Height": 0.01522728893905878,
          "Left": 0.24619148671627045,
          "Top": 0.47724780440330505
        },
        "Polygon": [
          {
            "X": 0.24619148671627045,
            "Y": 0.4772503077983856
          },
          {
            "X": 0.25381505489349365,
            "Y": 0.47724780440330505
          },
          {
            "X": 0.2538895606994629,
            "Y": 0.4924730956554413
          },
          {
            "X": 0.24626557528972626,
            "Y": 0.49247509241104126
          }
        ]
      },
      "Id": "d7472c75-caef-4e05-9368-9429ea8ca6f6",
      "Relationships": [
        {
          "Type": "CHILD",
          "Ids": [
            "eab62054-428d-460f-ae70-e0a47a3d3c71"
          ]
        }
      ],
      "Page": 1
    },
    {
      "BlockType": "LINE",
      "Confidence": 98.77259063720703,
      "Text": "DGEPEG/IPDA",
      "Geometry": {
        "BoundingBox": {
          "Width": 0.08798933774232864,
          "Height": 0.01693188026547432,
          "Left": 0.2951253652572632,
          "Top": 0.4770873188972473
        },
        "Polygon": [
          {
            "X": 0.2951253652572632,
            "Y": 0.4771158993244171
          },
          {
            "X": 0.38302409648895264,
            "Y": 0.4770873188972473
          },
          {
            "X": 0.38311469554901123,
            "Y": 0.4939964711666107
          },
          {
            "X": 0.2952105700969696,
            "Y": 0.49401921033859253
          }
        ]
      },
      "Id": "b40ba3d0-935f-4f23-adf9-4fd1eb855752",
      "Relationships": [
        {
          "Type": "CHILD",
          "Ids": [
            "e6bc002c-56b2-4241-86f2-1b86ac1f7e61"
          ]
        }
      ],
      "Page": 1
    },
    {
      "BlockType": "LINE",
      "Confidence": 99.5648422241211,
      "Text": "1/0.5",
      "Geometry": {
        "BoundingBox": {
          "Width": 0.03180215135216713,
          "Height": 0.01729326881468296,
          "Left": 0.5331375598907471,
          "Top": 0.4770146608352661
        },
        "Polygon": [
          {
            "X": 0.5331375598907471,
            "Y": 0.47702497243881226
          },
          {
            "X": 0.564835786819458,
            "Y": 0.4770146608352661
          },
          {
            "X": 0.5649396777153015,
            "Y": 0.4942997694015503
          },
          {
            "X": 0.5332394242286682,
            "Y": 0.4943079352378845
          }
        ]
      },
      "Id": "71579d3b-4feb-4ad1-856a-aa62796f5487",
      "Relationships": [
        {
          "Type": "CHILD",
          "Ids": [
            "cc3815bb-8918-4ce4-9438-6016b3b55a93"
          ]
        }
      ],
      "Page": 1
    },
    {
      "BlockType": "LINE",
      "Confidence": 99.69775390625,
      "Text": "Non- Combinational",
      "Geometry": {
        "BoundingBox": {
          "Width": 0.11951926350593567,
          "Height": 0.016122285276651382,
          "Left": 0.6261481046676636,
          "Top": 0.4765614867210388
        },
        "Polygon": [
          {
            "X": 0.6261481046676636,
            "Y": 0.4766005277633667
          },
          {
            "X": 0.7455602288246155,
            "Y": 0.4765614867210388
          },
          {
            "X": 0.7456673979759216,
            "Y": 0.4926523268222809
          },
          {
            "X": 0.6262483596801758,
            "Y": 0.4926837682723999
          }
        ]
      },
      "Id": "fee30265-cbed-4f00-9961-f66933d88868",
      "Relationships": [
        {
          "Type": "CHILD",
          "Ids": [
            "ef3e1cf4-9d91-43e8-b0bb-cb1097a006b3",
            "df7f5a23-7cdc-4f80-978b-2ff6166400b2"
          ]
        }
      ],
      "Page": 1
    },
    {
      "BlockType": "LINE",
      "Confidence": 94.39118194580078,
      "Text": "C",
      "Geometry": {
        "BoundingBox": {
          "Width": 0.00837976485490799,
          "Height": 0.015811439603567123,
          "Left": 0.2462189942598343,
          "Top": 0.5046939849853516
        },
        "Polygon": [
          {
            "X": 0.2462189942598343,
            "Y": 0.5046958327293396
          },
          {
            "X": 0.25452136993408203,
            "Y": 0.5046939849853516
          },
          {
            "X": 0.2545987665653229,
            "Y": 0.5205041766166687
          },
          {
            "X": 0.24629592895507812,
            "Y": 0.520505428314209
          }
        ]
      },
      "Id": "2a180c71-0899-47da-9077-681e5a9a143a",
      "Relationships": [
        {
          "Type": "CHILD",
          "Ids": [
            "f0d79db7-64ea-46b8-8549-d4ebf2813c50"
          ]
        }
      ],
      "Page": 1
    },
    {
      "BlockType": "LINE",
      "Confidence": 98.8985595703125,
      "Text": "DGEBA/APEG",
      "Geometry": {
        "BoundingBox": {
          "Width": 0.0821646973490715,
          "Height": 0.017091043293476105,
          "Left": 0.2954253852367401,
          "Top": 0.504799485206604
        },
        "Polygon": [
          {
            "X": 0.2954253852367401,
            "Y": 0.5048171877861023
          },
          {
            "X": 0.37749892473220825,
            "Y": 0.504799485206604
          },
          {
            "X": 0.3775900900363922,
            "Y": 0.5218783617019653
          },
          {
            "X": 0.29551148414611816,
            "Y": 0.5218905210494995
          }
        ]
      },
      "Id": "1fae42e6-6635-45a1-b6c3-2a4d8787e27d",
      "Relationships": [
        {
          "Type": "CHILD",
          "Ids": [
            "931c934a-e451-48ab-902a-a78634f4107b"
          ]
        }
      ],
      "Page": 1
    },
    {
      "BlockType": "LINE",
      "Confidence": 99.28675842285156,
      "Text": "1/0.5",
      "Geometry": {
        "BoundingBox": {
          "Width": 0.031639214605093,
          "Height": 0.017247704789042473,
          "Left": 0.5332369804382324,
          "Top": 0.5048805475234985
        },
        "Polygon": [
          {
            "X": 0.5332369804382324,
            "Y": 0.5048873424530029
          },
          {
            "X": 0.5647725462913513,
            "Y": 0.5048805475234985
          },
          {
            "X": 0.5648761987686157,
            "Y": 0.5221236348152161
          },
          {
            "X": 0.5333386659622192,
            "Y": 0.5221282839775085
          }
        ]
      },
      "Id": "68b99a28-c00c-438b-8413-73552f68ffb5",
      "Relationships": [
        {
          "Type": "CHILD",
          "Ids": [
            "3042167a-a929-48fc-9896-81b6233eed32"
          ]
        }
      ],
      "Page": 1
    },
    {
      "BlockType": "LINE",
      "Confidence": 99.25190734863281,
      "Text": "Non- Combinational",
      "Geometry": {
        "BoundingBox": {
          "Width": 0.11951958388090134,
          "Height": 0.016414884477853775,
          "Left": 0.6262277364730835,
          "Top": 0.5039955973625183
        },
        "Polygon": [
          {
            "X": 0.6262277364730835,
            "Y": 0.5040217041969299
          },
          {
            "X": 0.7456381320953369,
            "Y": 0.5039955973625183
          },
          {
            "X": 0.7457472681999207,
            "Y": 0.5203920602798462
          },
          {
            "X": 0.6263298392295837,
            "Y": 0.5204104781150818
          }
        ]
      },
      "Id": "3173a4ba-e4eb-44b1-93fc-780645730e7c",
      "Relationships": [
        {
          "Type": "CHILD",
          "Ids": [
            "64ba2cce-7522-44a8-ad6d-e8fe91a76791",
            "5f4498f7-39b6-4dd6-9850-7e18eb454590"
          ]
        }
      ],
      "Page": 1
    },
    {
      "BlockType": "LINE",
      "Confidence": 99.96878051757812,
      "Text": "D",
      "Geometry": {
        "BoundingBox": {
          "Width": 0.009460382163524628,
          "Height": 0.015386384911835194,
          "Left": 0.2457685023546219,
          "Top": 0.5329627394676208
        },
        "Polygon": [
          {
            "X": 0.2457685023546219,
            "Y": 0.5329636931419373
          },
          {
            "X": 0.2551535367965698,
            "Y": 0.5329627394676208
          },
          {
            "X": 0.2552288770675659,
            "Y": 0.5483486652374268
          },
          {
            "X": 0.2458433210849762,
            "Y": 0.5483490824699402
          }
        ]
      },
      "Id": "b27e1d07-0529-4d5f-a69d-04f959d71d8c",
      "Relationships": [
        {
          "Type": "CHILD",
          "Ids": [
            "f1d8342a-8bbe-43ad-83d3-6b8f0329a2d7"
          ]
        }
      ],
      "Page": 1
    },
    {
      "BlockType": "LINE",
      "Confidence": 91.10450744628906,
      "Text": "DGEPEG:DGEBA/APEG:IPDA/5.0",
      "Geometry": {
        "BoundingBox": {
          "Width": 0.1980176866054535,
          "Height": 0.01700608804821968,
          "Left": 0.29527243971824646,
          "Top": 0.5323644876480103
        },
        "Polygon": [
          {
            "X": 0.29527243971824646,
            "Y": 0.5323856472969055
          },
          {
            "X": 0.4931923747062683,
            "Y": 0.5323644876480103
          },
          {
            "X": 0.49329012632369995,
            "Y": 0.5493626594543457
          },
          {
            "X": 0.2953580617904663,
            "Y": 0.5493705868721008
          }
        ]
      },
      "Id": "6a5e936e-5b0f-402e-bf20-e3bf15242b33",
      "Relationships": [
        {
          "Type": "CHILD",
          "Ids": [
            "3f04a5c8-31f1-4200-9b83-31a1930d0950"
          ]
        }
      ],
      "Page": 1
    },
    {
      "BlockType": "LINE",
      "Confidence": 93.17092895507812,
      "Text": "wt",
      "Geometry": {
        "BoundingBox": {
          "Width": 0.014989749528467655,
          "Height": 0.01299338974058628,
          "Left": 0.49590131640434265,
          "Top": 0.5348668694496155
        },
        "Polygon": [
          {
            "X": 0.49590131640434265,
            "Y": 0.5348682999610901
          },
          {
            "X": 0.5108155012130737,
            "Y": 0.5348668694496155
          },
          {
            "X": 0.5108910799026489,
            "Y": 0.5478595495223999
          },
          {
            "X": 0.49597615003585815,
            "Y": 0.5478602647781372
          }
        ]
      },
      "Id": "7b31e2c7-cf6d-466f-a35c-6461e0bd6651",
      "Relationships": [
        {
          "Type": "CHILD",
          "Ids": [
            "91765f93-4489-4868-99a1-916eb5a2dc29"
          ]
        }
      ],
      "Page": 1
    },
    {
      "BlockType": "LINE",
      "Confidence": 99.21687316894531,
      "Text": "1:1/0.5:0.5",
      "Geometry": {
        "BoundingBox": {
          "Width": 0.0656818076968193,
          "Height": 0.017269885167479515,
          "Left": 0.5329407453536987,
          "Top": 0.5323194861412048
        },
        "Polygon": [
          {
            "X": 0.5329407453536987,
            "Y": 0.5323265194892883
          },
          {
            "X": 0.5985167026519775,
            "Y": 0.5323194861412048
          },
          {
            "X": 0.5986225605010986,
            "Y": 0.5495867729187012
          },
          {
            "X": 0.5330425500869751,
            "Y": 0.5495893359184265
          }
        ]
      },
      "Id": "8ee620ed-d1b5-437d-afe6-210049699199",
      "Relationships": [
        {
          "Type": "CHILD",
          "Ids": [
            "48854f64-4996-44be-a524-a1f1eea67493"
          ]
        }
      ],
      "Page": 1
    },
    {
      "BlockType": "LINE",
      "Confidence": 99.631591796875,
      "Text": "Combinational",
      "Geometry": {
        "BoundingBox": {
          "Width": 0.08637407422065735,
          "Height": 0.01571786403656006,
          "Left": 0.6263006925582886,
          "Top": 0.5320220589637756
        },
        "Polygon": [
          {
            "X": 0.6263006925582886,
            "Y": 0.5320314168930054
          },
          {
            "X": 0.7125720381736755,
            "Y": 0.5320220589637756
          },
          {
            "X": 0.7126747965812683,
            "Y": 0.5477359294891357
          },
          {
            "X": 0.6263985633850098,
            "Y": 0.5477399230003357
          }
        ]
      },
      "Id": "1c8d1feb-8238-4e01-97d5-bc98b2f7c918",
      "Relationships": [
        {
          "Type": "CHILD",
          "Ids": [
            "602337f8-0269-4301-9441-570517d533c0"
          ]
        }
      ],
      "Page": 1
    },
    {
      "BlockType": "LINE",
      "Confidence": 74.9423828125,
      "Text": "% SiO2",
      "Geometry": {
        "BoundingBox": {
          "Width": 0.04245144873857498,
          "Height": 0.018837345764040947,
          "Left": 0.2951083481311798,
          "Top": 0.5599907040596008
        },
        "Polygon": [
          {
            "X": 0.2951083481311798,
            "Y": 0.5599907040596008
          },
          {
            "X": 0.33746200799942017,
            "Y": 0.5599908232688904
          },
          {
            "X": 0.3375598192214966,
            "Y": 0.5788280963897705
          },
          {
            "X": 0.295203298330307,
            "Y": 0.5788248181343079
          }
        ]
      },
      "Id": "1b69ab55-62ca-461a-aa81-c4cc8bc669e8",
      "Relationships": [
        {
          "Type": "CHILD",
          "Ids": [
            "4a8ecbac-0075-400b-a667-ec7c147bd076",
            "2b644820-166a-4822-a564-2e9c4d1cdc93"
          ]
        }
      ],
      "Page": 1
    },
    {
      "BlockType": "LINE",
      "Confidence": 99.52099609375,
      "Text": "E",
      "Geometry": {
        "BoundingBox": {
          "Width": 0.008062087930738926,
          "Height": 0.01511966809630394,
          "Left": 0.2459075152873993,
          "Top": 0.5880804657936096
        },
        "Polygon": [
          {
            "X": 0.2459075152873993,
            "Y": 0.5880804657936096
          },
          {
            "X": 0.25389564037323,
            "Y": 0.5880813598632812
          },
          {
            "X": 0.25396960973739624,
            "Y": 0.6032001376152039
          },
          {
            "X": 0.24598103761672974,
            "Y": 0.603198766708374
          }
        ]
      },
      "Id": "934f91e5-86a0-4803-ad52-4e5e2cd442d3",
      "Relationships": [
        {
          "Type": "CHILD",
          "Ids": [
            "7fb7422e-3d98-4a83-a9e2-c9275186e349"
          ]
        }
      ],
      "Page": 1
    },
    {
      "BlockType": "LINE",
      "Confidence": 80.77034759521484,
      "Text": "DGEPEG/IPDA/5.0wt% SiO2",
      "Geometry": {
        "BoundingBox": {
          "Width": 0.17265164852142334,
          "Height": 0.017893502488732338,
          "Left": 0.29571104049682617,
          "Top": 0.5873724222183228
        },
        "Polygon": [
          {
            "X": 0.29571104049682617,
            "Y": 0.5873724222183228
          },
          {
            "X": 0.4682614803314209,
            "Y": 0.5873914361000061
          },
          {
            "X": 0.4683626890182495,
            "Y": 0.6052659153938293
          },
          {
            "X": 0.2958011031150818,
            "Y": 0.6052347421646118
          }
        ]
      },
      "Id": "ad06c9b0-9e86-41b5-b248-2fd99840f106",
      "Relationships": [
        {
          "Type": "CHILD",
          "Ids": [
            "d545e089-1dd3-4535-9e26-7a7f73aa1051",
            "52b9d41d-1f01-437d-b6b5-e40db8552a08"
          ]
        }
      ],
      "Page": 1
    },
    {
      "BlockType": "LINE",
      "Confidence": 99.66883087158203,
      "Text": "1/0.5",
      "Geometry": {
        "BoundingBox": {
          "Width": 0.03134135901927948,
          "Height": 0.017248086631298065,
          "Left": 0.5333690643310547,
          "Top": 0.5879477858543396
        },
        "Polygon": [
          {
            "X": 0.5333690643310547,
            "Y": 0.5879477858543396
          },
          {
            "X": 0.564606785774231,
            "Y": 0.5879513025283813
          },
          {
            "X": 0.5647103786468506,
            "Y": 0.6051958799362183
          },
          {
            "X": 0.5334706902503967,
            "Y": 0.6051902770996094
          }
        ]
      },
      "Id": "3a97a3c2-3ba5-45b5-b2b6-31a87568784a",
      "Relationships": [
        {
          "Type": "CHILD",
          "Ids": [
            "9c38e593-7902-4082-82fa-e3e110d62ee9"
          ]
        }
      ],
      "Page": 1
    },
    {
      "BlockType": "LINE",
      "Confidence": 99.43864440917969,
      "Text": "Non- Combinational",
      "Geometry": {
        "BoundingBox": {
          "Width": 0.1200280413031578,
          "Height": 0.016035007312893867,
          "Left": 0.6258848309516907,
          "Top": 0.5872427821159363
        },
        "Polygon": [
          {
            "X": 0.6258848309516907,
            "Y": 0.5872427821159363
          },
          {
            "X": 0.7458062171936035,
            "Y": 0.5872558951377869
          },
          {
            "X": 0.7459128499031067,
            "Y": 0.6032777428627014
          },
          {
            "X": 0.6259845495223999,
            "Y": 0.6032570600509644
          }
        ]
      },
      "Id": "195fdfd6-287f-49f4-92dd-78dc35532987",
      "Relationships": [
        {
          "Type": "CHILD",
          "Ids": [
            "5c76bef7-8dde-45e4-abca-01f7b18f8255",
            "378b8c2d-833f-4cd7-87a4-a2f2f43ec018"
          ]
        }
      ],
      "Page": 1
    },
    {
      "BlockType": "LINE",
      "Confidence": 99.84012603759766,
      "Text": "F",
      "Geometry": {
        "BoundingBox": {
          "Width": 0.007688358426094055,
          "Height": 0.0151204913854599,
          "Left": 0.24580654501914978,
          "Top": 0.6145978569984436
        },
        "Polygon": [
          {
            "X": 0.24580654501914978,
            "Y": 0.6145978569984436
          },
          {
            "X": 0.25342097878456116,
            "Y": 0.6145995259284973
          },
          {
            "X": 0.25349491834640503,
            "Y": 0.6297183632850647
          },
          {
            "X": 0.24588005244731903,
            "Y": 0.6297162771224976
          }
        ]
      },
      "Id": "013f1ac5-6bcb-42c9-8d36-748220920ef4",
      "Relationships": [
        {
          "Type": "CHILD",
          "Ids": [
            "12487f48-0d36-47e8-b21a-f7b9c6fc96f6"
          ]
        }
      ],
      "Page": 1
    },
    {
      "BlockType": "LINE",
      "Confidence": 48.893802642822266,
      "Text": "DGEBA/APEG/5.0wt% SiO2",
      "Geometry": {
        "BoundingBox": {
          "Width": 0.1702243536710739,
          "Height": 0.018918352201581,
          "Left": 0.29410988092422485,
          "Top": 0.6139733791351318
        },
        "Polygon": [
          {
            "X": 0.29410988092422485,
            "Y": 0.6139733791351318
          },
          {
            "X": 0.4642276167869568,
            "Y": 0.6140100359916687
          },
          {
            "X": 0.4643342196941376,
            "Y": 0.6328917741775513
          },
          {
            "X": 0.2942048907279968,
            "Y": 0.632842481136322
          }
        ]
      },
      "Id": "6a7105e7-bf1f-4deb-9c81-ddb2f73087c4",
      "Relationships": [
        {
          "Type": "CHILD",
          "Ids": [
            "6e548120-f401-4cd4-a072-d6d098a5f40f"
          ]
        }
      ],
      "Page": 1
    },
    {
      "BlockType": "LINE",
      "Confidence": 99.71800231933594,
      "Text": "1/0.5",
      "Geometry": {
        "BoundingBox": {
          "Width": 0.03156445547938347,
          "Height": 0.017132367938756943,
          "Left": 0.5332123041152954,
          "Top": 0.6145178079605103
        },
        "Polygon": [
          {
            "X": 0.5332123041152954,
            "Y": 0.6145178079605103
          },
          {
            "X": 0.5646738409996033,
            "Y": 0.6145246028900146
          },
          {
            "X": 0.5647767186164856,
            "Y": 0.6316501498222351
          },
          {
            "X": 0.5333132147789001,
            "Y": 0.6316412091255188
          }
        ]
      },
      "Id": "14373796-4544-4a72-b96d-da0090612f5b",
      "Relationships": [
        {
          "Type": "CHILD",
          "Ids": [
            "9d88662a-1a38-4206-af2d-637d892b82ae"
          ]
        }
      ],
      "Page": 1
    },
    {
      "BlockType": "LINE",
      "Confidence": 99.58172607421875,
      "Text": "Non- Combinational",
      "Geometry": {
        "BoundingBox": {
          "Width": 0.12044843286275864,
          "Height": 0.01703115738928318,
          "Left": 0.6255741119384766,
          "Top": 0.6136963963508606
        },
        "Polygon": [
          {
            "X": 0.6255741119384766,
            "Y": 0.6136963963508606
          },
          {
            "X": 0.7459093332290649,
            "Y": 0.6137220859527588
          },
          {
            "X": 0.7460225224494934,
            "Y": 0.6307275295257568
          },
          {
            "X": 0.6256799101829529,
            "Y": 0.6306937336921692
          }
        ]
      },
      "Id": "9d32d1ba-d550-4c77-aecd-9b8c9150ee23",
      "Relationships": [
        {
          "Type": "CHILD",
          "Ids": [
            "ee8fa73a-7bdb-4384-9242-0205ba722e1a",
            "0f3ee1e2-646f-4198-bfa1-f7ccec73e3f4"
          ]
        }
      ],
      "Page": 1
    },
    {
      "BlockType": "WORD",
      "Confidence": 99.83832550048828,
      "Text": "Cods",
      "TextType": "PRINTED",
      "Geometry": {
        "BoundingBox": {
          "Width": 0.02816060744225979,
          "Height": 0.016099857166409492,
          "Left": 0.24642299115657806,
          "Top": 0.36901718378067017
        },
        "Polygon": [
          {
            "X": 0.24642299115657806,
            "Y": 0.36903831362724304
          },
          {
            "X": 0.2745036780834198,
            "Y": 0.36901718378067017
          },
          {
            "X": 0.2745836079120636,
            "Y": 0.3850977122783661
          },
          {
            "X": 0.24650128185749054,
            "Y": 0.3851170539855957
          }
        ]
      },
      "Id": "e727efc4-839f-4c16-8581-84f11e102bd6",
      "Page": 1
    },
    {
      "BlockType": "WORD",
      "Confidence": 99.849853515625,
      "Text": "Formula",
      "TextType": "PRINTED",
      "Geometry": {
        "BoundingBox": {
          "Width": 0.04930373653769493,
          "Height": 0.015995247289538383,
          "Left": 0.29516181349754333,
          "Top": 0.36923131346702576
        },
        "Polygon": [
          {
            "X": 0.29516181349754333,
            "Y": 0.3692682981491089
          },
          {
            "X": 0.34438222646713257,
            "Y": 0.36923131346702576
          },
          {
            "X": 0.34446555376052856,
            "Y": 0.3851926922798157
          },
          {
            "X": 0.2952423095703125,
            "Y": 0.3852265775203705
          }
        ]
      },
      "Id": "cf9b8cde-3920-4d8f-a7e4-75918dcae0cc",
      "Page": 1
    },
    {
      "BlockType": "WORD",
      "Confidence": 99.88726806640625,
      "Text": "Molar",
      "TextType": "PRINTED",
      "Geometry": {
        "BoundingBox": {
          "Width": 0.03525017201900482,
          "Height": 0.01571127027273178,
          "Left": 0.5321664214134216,
          "Top": 0.369718462228775
        },
        "Polygon": [
          {
            "X": 0.5321664214134216,
            "Y": 0.36974477767944336
          },
          {
            "X": 0.5673221349716187,
            "Y": 0.369718462228775
          },
          {
            "X": 0.5674166083335876,
            "Y": 0.38540560007095337
          },
          {
            "X": 0.532258927822113,
            "Y": 0.3854297399520874
          }
        ]
      },
      "Id": "efe84a9e-fab6-4eb5-8038-ce3a6a49b863",
      "Page": 1
    },
    {
      "BlockType": "WORD",
      "Confidence": 99.79487609863281,
      "Text": "Synthesis",
      "TextType": "PRINTED",
      "Geometry": {
        "BoundingBox": {
          "Width": 0.05537916347384453,
          "Height": 0.01998569816350937,
          "Left": 0.6259645819664001,
          "Top": 0.36940228939056396
        },
        "Polygon": [
          {
            "X": 0.6259645819664001,
            "Y": 0.3694436848163605
          },
          {
            "X": 0.6812154650688171,
            "Y": 0.36940228939056396
          },
          {
            "X": 0.6813437342643738,
            "Y": 0.38935089111328125
          },
          {
            "X": 0.6260888576507568,
            "Y": 0.38938796520233154
          }
        ]
      },
      "Id": "3df6f5b6-915c-40c4-963c-f7347a35b177",
      "Page": 1
    },
    {
      "BlockType": "WORD",
      "Confidence": 99.98260498046875,
      "Text": "manner",
      "TextType": "PRINTED",
      "Geometry": {
        "BoundingBox": {
          "Width": 0.04575950279831886,
          "Height": 0.011570964008569717,
          "Left": 0.6851964592933655,
          "Top": 0.3738131821155548
        },
        "Polygon": [
          {
            "X": 0.6851964592933655,
            "Y": 0.3738466203212738
          },
          {
            "X": 0.7308796644210815,
            "Y": 0.3738131821155548
          },
          {
            "X": 0.730955958366394,
            "Y": 0.3853527903556824
          },
          {
            "X": 0.6852707862854004,
            "Y": 0.38538414239883423
          }
        ]
      },
      "Id": "1b98a070-a1a1-4f7c-8be1-35c537a48dd1",
      "Page": 1
    },
    {
      "BlockType": "WORD",
      "Confidence": 99.93917083740234,
      "Text": "rations",
      "TextType": "PRINTED",
      "Geometry": {
        "BoundingBox": {
          "Width": 0.04075457900762558,
          "Height": 0.015517745167016983,
          "Left": 0.5322244167327881,
          "Top": 0.39759230613708496
        },
        "Polygon": [
          {
            "X": 0.5322244167327881,
            "Y": 0.39761826395988464
          },
          {
            "X": 0.5728853940963745,
            "Y": 0.39759230613708496
          },
          {
            "X": 0.5729789733886719,
            "Y": 0.41308656334877014
          },
          {
            "X": 0.532315731048584,
            "Y": 0.41311004757881165
          }
        ]
      },
      "Id": "55c0d763-ac4a-4f1d-9a4b-bdc3e3825082",
      "Page": 1
    },
    {
      "BlockType": "WORD",
      "Confidence": 99.81163024902344,
      "Text": "A",
      "TextType": "PRINTED",
      "Geometry": {
        "BoundingBox": {
          "Width": 0.009393212385475636,
          "Height": 0.015097308903932571,
          "Left": 0.24565188586711884,
          "Top": 0.4508531391620636
        },
        "Polygon": [
          {
            "X": 0.24565188586711884,
            "Y": 0.45085713267326355
          },
          {
            "X": 0.2549711763858795,
            "Y": 0.4508531391620636
          },
          {
            "X": 0.2550451159477234,
            "Y": 0.4659470021724701
          },
          {
            "X": 0.24572531878948212,
            "Y": 0.46595045924186707
          }
        ]
      },
      "Id": "0e289140-4cb6-482f-a992-128fa53d436d",
      "Page": 1
    },
    {
      "BlockType": "WORD",
      "Confidence": 93.40474700927734,
      "Text": "DGEPEG:DGEBA/APEG:IPDA",
      "TextType": "PRINTED",
      "Geometry": {
        "BoundingBox": {
          "Width": 0.17105832695960999,
          "Height": 0.017252717167139053,
          "Left": 0.29530826210975647,
          "Top": 0.45046988129615784
        },
        "Polygon": [
          {
            "X": 0.29530826210975647,
            "Y": 0.45054343342781067
          },
          {
            "X": 0.4662693440914154,
            "Y": 0.45046988129615784
          },
          {
            "X": 0.46636658906936646,
            "Y": 0.46766066551208496
          },
          {
            "X": 0.2953948974609375,
            "Y": 0.467722624540329
          }
        ]
      },
      "Id": "bb649eaa-d69d-44a5-a349-275ac93f6f33",
      "Page": 1
    },
    {
      "BlockType": "WORD",
      "Confidence": 98.92789459228516,
      "Text": "1:1/0.5:0.5",
      "TextType": "PRINTED",
      "Geometry": {
        "BoundingBox": {
          "Width": 0.06546785682439804,
          "Height": 0.016803745180368423,
          "Left": 0.5331189632415771,
          "Top": 0.4505787193775177
        },
        "Polygon": [
          {
            "X": 0.5331189632415771,
            "Y": 0.4506067931652069
          },
          {
            "X": 0.5984839200973511,
            "Y": 0.4505787193775177
          },
          {
            "X": 0.5985867977142334,
            "Y": 0.46735870838165283
          },
          {
            "X": 0.5332179069519043,
            "Y": 0.4673824608325958
          }
        ]
      },
      "Id": "64cb873e-a357-487f-a19d-ea1e1497e216",
      "Page": 1
    },
    {
      "BlockType": "WORD",
      "Confidence": 99.79011535644531,
      "Text": "Combinational",
      "TextType": "PRINTED",
      "Geometry": {
        "BoundingBox": {
          "Width": 0.08598654717206955,
          "Height": 0.015958109870553017,
          "Left": 0.6264147162437439,
          "Top": 0.45016610622406006
        },
        "Polygon": [
          {
            "X": 0.6264147162437439,
            "Y": 0.4502031207084656
          },
          {
            "X": 0.7122970819473267,
            "Y": 0.45016610622406006
          },
          {
            "X": 0.712401270866394,
            "Y": 0.466092586517334
          },
          {
            "X": 0.6265139579772949,
            "Y": 0.4661242365837097
          }
        ]
      },
      "Id": "09effd53-2a2b-48be-af2e-36cafe0ae29c",
      "Page": 1
    },
    {
      "BlockType": "WORD",
      "Confidence": 96.69184875488281,
      "Text": "B",
      "TextType": "PRINTED",
      "Geometry": {
        "BoundingBox": {
          "Width": 0.007698077242821455,
          "Height": 0.01522728893905878,
          "Left": 0.24619148671627045,
          "Top": 0.47724780440330505
        },
        "Polygon": [
          {
            "X": 0.24619148671627045,
            "Y": 0.4772503077983856
          },
          {
            "X": 0.25381505489349365,
            "Y": 0.47724780440330505
          },
          {
            "X": 0.2538895606994629,
            "Y": 0.4924730956554413
          },
          {
            "X": 0.24626557528972626,
            "Y": 0.49247509241104126
          }
        ]
      },
      "Id": "eab62054-428d-460f-ae70-e0a47a3d3c71",
      "Page": 1
    },
    {
      "BlockType": "WORD",
      "Confidence": 98.77259063720703,
      "Text": "DGEPEG/IPDA",
      "TextType": "PRINTED",
      "Geometry": {
        "BoundingBox": {
          "Width": 0.08798933774232864,
          "Height": 0.01693188026547432,
          "Left": 0.2951253652572632,
          "Top": 0.4770873188972473
        },
        "Polygon": [
          {
            "X": 0.2951253652572632,
            "Y": 0.4771158993244171
          },
          {
            "X": 0.38302409648895264,
            "Y": 0.4770873188972473
          },
          {
            "X": 0.38311469554901123,
            "Y": 0.4939964711666107
          },
          {
            "X": 0.2952105700969696,
            "Y": 0.49401921033859253
          }
        ]
      },
      "Id": "e6bc002c-56b2-4241-86f2-1b86ac1f7e61",
      "Page": 1
    },
    {
      "BlockType": "WORD",
      "Confidence": 99.5648422241211,
      "Text": "1/0.5",
      "TextType": "PRINTED",
      "Geometry": {
        "BoundingBox": {
          "Width": 0.03180215135216713,
          "Height": 0.01729326881468296,
          "Left": 0.5331375598907471,
          "Top": 0.4770146608352661
        },
        "Polygon": [
          {
            "X": 0.5331375598907471,
            "Y": 0.47702497243881226
          },
          {
            "X": 0.564835786819458,
            "Y": 0.4770146608352661
          },
          {
            "X": 0.5649396777153015,
            "Y": 0.4942997694015503
          },
          {
            "X": 0.5332394242286682,
            "Y": 0.4943079352378845
          }
        ]
      },
      "Id": "cc3815bb-8918-4ce4-9438-6016b3b55a93",
      "Page": 1
    },
    {
      "BlockType": "WORD",
      "Confidence": 99.57763671875,
      "Text": "Non-",
      "TextType": "PRINTED",
      "Geometry": {
        "BoundingBox": {
          "Width": 0.028666583821177483,
          "Height": 0.013936912640929222,
          "Left": 0.6261578798294067,
          "Top": 0.4781543016433716
        },
        "Polygon": [
          {
            "X": 0.6261578798294067,
            "Y": 0.478163480758667
          },
          {
            "X": 0.6547362208366394,
            "Y": 0.4781543016433716
          },
          {
            "X": 0.654824435710907,
            "Y": 0.4920836389064789
          },
          {
            "X": 0.6262446641921997,
            "Y": 0.49209123849868774
          }
        ]
      },
      "Id": "ef3e1cf4-9d91-43e8-b0bb-cb1097a006b3",
      "Page": 1
    },
    {
      "BlockType": "WORD",
      "Confidence": 99.81786346435547,
      "Text": "Combinational",
      "TextType": "PRINTED",
      "Geometry": {
        "BoundingBox": {
          "Width": 0.08638197183609009,
          "Height": 0.016113553196191788,
          "Left": 0.6592854261398315,
          "Top": 0.4765614867210388
        },
        "Polygon": [
          {
            "X": 0.6592854261398315,
            "Y": 0.4765896797180176
          },
          {
            "X": 0.7455602288246155,
            "Y": 0.4765614867210388
          },
          {
            "X": 0.7456673979759216,
            "Y": 0.4926523268222809
          },
          {
            "X": 0.6593875885009766,
            "Y": 0.4926750361919403
          }
        ]
      },
      "Id": "df7f5a23-7cdc-4f80-978b-2ff6166400b2",
      "Page": 1
    },
    {
      "BlockType": "WORD",
      "Confidence": 94.39118194580078,
      "Text": "C",
      "TextType": "PRINTED",
      "Geometry": {
        "BoundingBox": {
          "Width": 0.00837976485490799,
          "Height": 0.015811439603567123,
          "Left": 0.2462189942598343,
          "Top": 0.5046939849853516
        },
        "Polygon": [
          {
            "X": 0.2462189942598343,
            "Y": 0.5046958327293396
          },
          {
            "X": 0.25452136993408203,
            "Y": 0.5046939849853516
          },
          {
            "X": 0.2545987665653229,
            "Y": 0.5205041766166687
          },
          {
            "X": 0.24629592895507812,
            "Y": 0.520505428314209
          }
        ]
      },
      "Id": "f0d79db7-64ea-46b8-8549-d4ebf2813c50",
      "Page": 1
    },
    {
      "BlockType": "WORD",
      "Confidence": 98.8985595703125,
      "Text": "DGEBA/APEG",
      "TextType": "PRINTED",
      "Geometry": {
        "BoundingBox": {
          "Width": 0.0821646973490715,
          "Height": 0.017091043293476105,
          "Left": 0.2954253852367401,
          "Top": 0.504799485206604
        },
        "Polygon": [
          {
            "X": 0.2954253852367401,
            "Y": 0.5048171877861023
          },
          {
            "X": 0.37749892473220825,
            "Y": 0.504799485206604
          },
          {
            "X": 0.3775900900363922,
            "Y": 0.5218783617019653
          },
          {
            "X": 0.29551148414611816,
            "Y": 0.5218905210494995
          }
        ]
      },
      "Id": "931c934a-e451-48ab-902a-a78634f4107b",
      "Page": 1
    },
    {
      "BlockType": "WORD",
      "Confidence": 99.28675842285156,
      "Text": "1/0.5",
      "TextType": "PRINTED",
      "Geometry": {
        "BoundingBox": {
          "Width": 0.031639214605093,
          "Height": 0.017247704789042473,
          "Left": 0.5332369804382324,
          "Top": 0.5048805475234985
        },
        "Polygon": [
          {
            "X": 0.5332369804382324,
            "Y": 0.5048873424530029
          },
          {
            "X": 0.5647725462913513,
            "Y": 0.5048805475234985
          },
          {
            "X": 0.5648761987686157,
            "Y": 0.5221236348152161
          },
          {
            "X": 0.5333386659622192,
            "Y": 0.5221282839775085
          }
        ]
      },
      "Id": "3042167a-a929-48fc-9896-81b6233eed32",
      "Page": 1
    },
    {
      "BlockType": "WORD",
      "Confidence": 98.76702117919922,
      "Text": "Non-",
      "TextType": "PRINTED",
      "Geometry": {
        "BoundingBox": {
          "Width": 0.027989959344267845,
          "Height": 0.015738988295197487,
          "Left": 0.6262317895889282,
          "Top": 0.5046714544296265
        },
        "Polygon": [
          {
            "X": 0.6262317895889282,
            "Y": 0.5046775341033936
          },
          {
            "X": 0.6541221737861633,
            "Y": 0.5046714544296265
          },
          {
            "X": 0.654221773147583,
            "Y": 0.520406186580658
          },
          {
            "X": 0.6263298392295837,
            "Y": 0.5204104781150818
          }
        ]
      },
      "Id": "64ba2cce-7522-44a8-ad6d-e8fe91a76791",
      "Page": 1
    },
    {
      "BlockType": "WORD",
      "Confidence": 99.73678588867188,
      "Text": "Combinational",
      "TextType": "PRINTED",
      "Geometry": {
        "BoundingBox": {
          "Width": 0.0865204706788063,
          "Height": 0.016338493674993515,
          "Left": 0.6592263579368591,
          "Top": 0.5039955973625183
        },
        "Polygon": [
          {
            "X": 0.6592263579368591,
            "Y": 0.5040144920349121
          },
          {
            "X": 0.7456381320953369,
            "Y": 0.5039955973625183
          },
          {
            "X": 0.7457467913627625,
            "Y": 0.52032071352005
          },
          {
            "X": 0.6593299508094788,
            "Y": 0.5203340649604797
          }
        ]
      },
      "Id": "5f4498f7-39b6-4dd6-9850-7e18eb454590",
      "Page": 1
    },
    {
      "BlockType": "WORD",
      "Confidence": 99.96878051757812,
      "Text": "D",
      "TextType": "PRINTED",
      "Geometry": {
        "BoundingBox": {
          "Width": 0.009460382163524628,
          "Height": 0.015386384911835194,
          "Left": 0.2457685023546219,
          "Top": 0.5329627394676208
        },
        "Polygon": [
          {
            "X": 0.2457685023546219,
            "Y": 0.5329636931419373
          },
          {
            "X": 0.2551535367965698,
            "Y": 0.5329627394676208
          },
          {
            "X": 0.2552288770675659,
            "Y": 0.5483486652374268
          },
          {
            "X": 0.2458433210849762,
            "Y": 0.5483490824699402
          }
        ]
      },
      "Id": "f1d8342a-8bbe-43ad-83d3-6b8f0329a2d7",
      "Page": 1
    },
    {
      "BlockType": "WORD",
      "Confidence": 91.10450744628906,
      "Text": "DGEPEG:DGEBA/APEG:IPDA/5.0",
      "TextType": "PRINTED",
      "Geometry": {
        "BoundingBox": {
          "Width": 0.1980176866054535,
          "Height": 0.01700608804821968,
          "Left": 0.29527243971824646,
          "Top": 0.5323644876480103
        },
        "Polygon": [
          {
            "X": 0.29527243971824646,
            "Y": 0.5323856472969055
          },
          {
            "X": 0.4931923747062683,
            "Y": 0.5323644876480103
          },
          {
            "X": 0.49329012632369995,
            "Y": 0.5493626594543457
          },
          {
            "X": 0.2953580617904663,
            "Y": 0.5493705868721008
          }
        ]
      },
      "Id": "3f04a5c8-31f1-4200-9b83-31a1930d0950",
      "Page": 1
    },
    {
      "BlockType": "WORD",
      "Confidence": 93.17092895507812,
      "Text": "wt",
      "TextType": "PRINTED",
      "Geometry": {
        "BoundingBox": {
          "Width": 0.014989749528467655,
          "Height": 0.01299338974058628,
          "Left": 0.49590131640434265,
          "Top": 0.5348668694496155
        },
        "Polygon": [
          {
            "X": 0.49590131640434265,
            "Y": 0.5348682999610901
          },
          {
            "X": 0.5108155012130737,
            "Y": 0.5348668694496155
          },
          {
            "X": 0.5108910799026489,
            "Y": 0.5478595495223999
          },
          {
            "X": 0.49597615003585815,
            "Y": 0.5478602647781372
          }
        ]
      },
      "Id": "91765f93-4489-4868-99a1-916eb5a2dc29",
      "Page": 1
    },
    {
      "BlockType": "WORD",
      "Confidence": 99.21687316894531,
      "Text": "1:1/0.5:0.5",
      "TextType": "PRINTED",
      "Geometry": {
        "BoundingBox": {
          "Width": 0.0656818076968193,
          "Height": 0.017269885167479515,
          "Left": 0.5329407453536987,
          "Top": 0.5323194861412048
        },
        "Polygon": [
          {
            "X": 0.5329407453536987,
            "Y": 0.5323265194892883
          },
          {
            "X": 0.5985167026519775,
            "Y": 0.5323194861412048
          },
          {
            "X": 0.5986225605010986,
            "Y": 0.5495867729187012
          },
          {
            "X": 0.5330425500869751,
            "Y": 0.5495893359184265
          }
        ]
      },
      "Id": "48854f64-4996-44be-a524-a1f1eea67493",
      "Page": 1
    },
    {
      "BlockType": "WORD",
      "Confidence": 99.631591796875,
      "Text": "Combinational",
      "TextType": "PRINTED",
      "Geometry": {
        "BoundingBox": {
          "Width": 0.08637407422065735,
          "Height": 0.01571786403656006,
          "Left": 0.6263006925582886,
          "Top": 0.5320220589637756
        },
        "Polygon": [
          {
            "X": 0.6263006925582886,
            "Y": 0.5320314168930054
          },
          {
            "X": 0.7125720381736755,
            "Y": 0.5320220589637756
          },
          {
            "X": 0.7126747965812683,
            "Y": 0.5477359294891357
          },
          {
            "X": 0.6263985633850098,
            "Y": 0.5477399230003357
          }
        ]
      },
      "Id": "602337f8-0269-4301-9441-570517d533c0",
      "Page": 1
    },
    {
      "BlockType": "WORD",
      "Confidence": 99.77777862548828,
      "Text": "%",
      "TextType": "PRINTED",
      "Geometry": {
        "BoundingBox": {
          "Width": 0.011757499538362026,
          "Height": 0.015557903796434402,
          "Left": 0.295108437538147,
          "Top": 0.5600047707557678
        },
        "Polygon": [
          {
            "X": 0.295108437538147,
            "Y": 0.5600047707557678
          },
          {
            "X": 0.3067868649959564,
            "Y": 0.5600048303604126
          },
          {
            "X": 0.306865930557251,
            "Y": 0.5755627155303955
          },
          {
            "X": 0.295186847448349,
            "Y": 0.5755619406700134
          }
        ]
      },
      "Id": "4a8ecbac-0075-400b-a667-ec7c147bd076",
      "Page": 1
    },
    {
      "BlockType": "WORD",
      "Confidence": 50.10698318481445,
      "Text": "SiO2",
      "TextType": "PRINTED",
      "Geometry": {
        "BoundingBox": {
          "Width": 0.02650073915719986,
          "Height": 0.01883731409907341,
          "Left": 0.31105905771255493,
          "Top": 0.5599907636642456
        },
        "Polygon": [
          {
            "X": 0.31105905771255493,
            "Y": 0.5599907636642456
          },
          {
            "X": 0.33746200799942017,
            "Y": 0.5599908232688904
          },
          {
            "X": 0.3375598192214966,
            "Y": 0.5788280963897705
          },
          {
            "X": 0.3111550807952881,
            "Y": 0.5788260698318481
          }
        ]
      },
      "Id": "2b644820-166a-4822-a564-2e9c4d1cdc93",
      "Page": 1
    },
    {
      "BlockType": "WORD",
      "Confidence": 99.52099609375,
      "Text": "E",
      "TextType": "PRINTED",
      "Geometry": {
        "BoundingBox": {
          "Width": 0.008062087930738926,
          "Height": 0.01511966809630394,
          "Left": 0.2459075152873993,
          "Top": 0.5880804657936096
        },
        "Polygon": [
          {
            "X": 0.2459075152873993,
            "Y": 0.5880804657936096
          },
          {
            "X": 0.25389564037323,
            "Y": 0.5880813598632812
          },
          {
            "X": 0.25396960973739624,
            "Y": 0.6032001376152039
          },
          {
            "X": 0.24598103761672974,
            "Y": 0.603198766708374
          }
        ]
      },
      "Id": "7fb7422e-3d98-4a83-a9e2-c9275186e349",
      "Page": 1
    },
    {
      "BlockType": "WORD",
      "Confidence": 83.92112731933594,
      "Text": "DGEPEG/IPDA/5.0wt%",
      "TextType": "PRINTED",
      "Geometry": {
        "BoundingBox": {
          "Width": 0.14196746051311493,
          "Height": 0.01703973300755024,
          "Left": 0.29571256041526794,
          "Top": 0.5876720547676086
        },
        "Polygon": [
          {
            "X": 0.29571256041526794,
            "Y": 0.5876720547676086
          },
          {
            "X": 0.4375855028629303,
            "Y": 0.5876878499984741
          },
          {
            "X": 0.4376800060272217,
            "Y": 0.6047117710113525
          },
          {
            "X": 0.29579833149909973,
            "Y": 0.604686439037323
          }
        ]
      },
      "Id": "d545e089-1dd3-4535-9e26-7a7f73aa1051",
      "Page": 1
    },
    {
      "BlockType": "WORD",
      "Confidence": 77.61956787109375,
      "Text": "SiO2",
      "TextType": "PRINTED",
      "Geometry": {
        "BoundingBox": {
          "Width": 0.026658929884433746,
          "Height": 0.017877422273159027,
          "Left": 0.44170376658439636,
          "Top": 0.5873885154724121
        },
        "Polygon": [
          {
            "X": 0.44170376658439636,
            "Y": 0.5873885154724121
          },
          {
            "X": 0.4682614803314209,
            "Y": 0.5873914361000061
          },
          {
            "X": 0.4683626890182495,
            "Y": 0.6052659153938293
          },
          {
            "X": 0.4418032467365265,
            "Y": 0.6052610874176025
          }
        ]
      },
      "Id": "52b9d41d-1f01-437d-b6b5-e40db8552a08",
      "Page": 1
    },
    {
      "BlockType": "WORD",
      "Confidence": 99.66883087158203,
      "Text": "1/0.5",
      "TextType": "PRINTED",
      "Geometry": {
        "BoundingBox": {
          "Width": 0.03134135901927948,
          "Height": 0.017248086631298065,
          "Left": 0.5333690643310547,
          "Top": 0.5879477858543396
        },
        "Polygon": [
          {
            "X": 0.5333690643310547,
            "Y": 0.5879477858543396
          },
          {
            "X": 0.564606785774231,
            "Y": 0.5879513025283813
          },
          {
            "X": 0.5647103786468506,
            "Y": 0.6051958799362183
          },
          {
            "X": 0.5334706902503967,
            "Y": 0.6051902770996094
          }
        ]
      },
      "Id": "9c38e593-7902-4082-82fa-e3e110d62ee9",
      "Page": 1
    },
    {
      "BlockType": "WORD",
      "Confidence": 99.1751708984375,
      "Text": "Non-",
      "TextType": "PRINTED",
      "Geometry": {
        "BoundingBox": {
          "Width": 0.028989458456635475,
          "Height": 0.014948965050280094,
          "Left": 0.6258904933929443,
          "Top": 0.5881577730178833
        },
        "Polygon": [
          {
            "X": 0.6258904933929443,
            "Y": 0.5881577730178833
          },
          {
            "X": 0.6547853350639343,
            "Y": 0.588161051273346
          },
          {
            "X": 0.6548799872398376,
            "Y": 0.6031067371368408
          },
          {
            "X": 0.6259835958480835,
            "Y": 0.6031017303466797
          }
        ]
      },
      "Id": "5c76bef7-8dde-45e4-abca-01f7b18f8255",
      "Page": 1
    },
    {
      "BlockType": "WORD",
      "Confidence": 99.70211791992188,
      "Text": "Combinational",
      "TextType": "PRINTED",
      "Geometry": {
        "BoundingBox": {
          "Width": 0.08676695078611374,
          "Height": 0.016031363978981972,
          "Left": 0.6591458916664124,
          "Top": 0.5872464179992676
        },
        "Polygon": [
          {
            "X": 0.6591458916664124,
            "Y": 0.5872464179992676
          },
          {
            "X": 0.7458062171936035,
            "Y": 0.5872558951377869
          },
          {
            "X": 0.7459128499031067,
            "Y": 0.6032777428627014
          },
          {
            "X": 0.6592475771903992,
            "Y": 0.6032627820968628
          }
        ]
      },
      "Id": "378b8c2d-833f-4cd7-87a4-a2f2f43ec018",
      "Page": 1
    },
    {
      "BlockType": "WORD",
      "Confidence": 99.84012603759766,
      "Text": "F",
      "TextType": "PRINTED",
      "Geometry": {
        "BoundingBox": {
          "Width": 0.007688358426094055,
          "Height": 0.0151204913854599,
          "Left": 0.24580654501914978,
          "Top": 0.6145978569984436
        },
        "Polygon": [
          {
            "X": 0.24580654501914978,
            "Y": 0.6145978569984436
          },
          {
            "X": 0.25342097878456116,
            "Y": 0.6145995259284973
          },
          {
            "X": 0.25349491834640503,
            "Y": 0.6297183632850647
          },
          {
            "X": 0.24588005244731903,
            "Y": 0.6297162771224976
          }
        ]
      },
      "Id": "12487f48-0d36-47e8-b21a-f7b9c6fc96f6",
      "Page": 1
    },
    {
      "BlockType": "WORD",
      "Confidence": 48.893802642822266,
      "Text": "DGEBA/APEG/5.0wt% SiO2",
      "TextType": "PRINTED",
      "Geometry": {
        "BoundingBox": {
          "Width": 0.1702243536710739,
          "Height": 0.018918352201581,
          "Left": 0.29410988092422485,
          "Top": 0.6139733791351318
        },
        "Polygon": [
          {
            "X": 0.29410988092422485,
            "Y": 0.6139733791351318
          },
          {
            "X": 0.4642276167869568,
            "Y": 0.6140100359916687
          },
          {
            "X": 0.4643342196941376,
            "Y": 0.6328917741775513
          },
          {
            "X": 0.2942048907279968,
            "Y": 0.632842481136322
          }
        ]
      },
      "Id": "6e548120-f401-4cd4-a072-d6d098a5f40f",
      "Page": 1
    },
    {
      "BlockType": "WORD",
      "Confidence": 99.71800231933594,
      "Text": "1/0.5",
      "TextType": "PRINTED",
      "Geometry": {
        "BoundingBox": {
          "Width": 0.03156445547938347,
          "Height": 0.017132367938756943,
          "Left": 0.5332123041152954,
          "Top": 0.6145178079605103
        },
        "Polygon": [
          {
            "X": 0.5332123041152954,
            "Y": 0.6145178079605103
          },
          {
            "X": 0.5646738409996033,
            "Y": 0.6145246028900146
          },
          {
            "X": 0.5647767186164856,
            "Y": 0.6316501498222351
          },
          {
            "X": 0.5333132147789001,
            "Y": 0.6316412091255188
          }
        ]
      },
      "Id": "9d88662a-1a38-4206-af2d-637d892b82ae",
      "Page": 1
    },
    {
      "BlockType": "WORD",
      "Confidence": 99.4600830078125,
      "Text": "Non-",
      "TextType": "PRINTED",
      "Geometry": {
        "BoundingBox": {
          "Width": 0.029096636921167374,
          "Height": 0.01616666465997696,
          "Left": 0.625579297542572,
          "Top": 0.6145352125167847
        },
        "Polygon": [
          {
            "X": 0.625579297542572,
            "Y": 0.6145352125167847
          },
          {
            "X": 0.6545736789703369,
            "Y": 0.6145415306091309
          },
          {
            "X": 0.6546759605407715,
            "Y": 0.6307018995285034
          },
          {
            "X": 0.6256799101829529,
            "Y": 0.6306937336921692
          }
        ]
      },
      "Id": "ee8fa73a-7bdb-4384-9242-0205ba722e1a",
      "Page": 1
    },
    {
      "BlockType": "WORD",
      "Confidence": 99.703369140625,
      "Text": "Combinational",
      "TextType": "PRINTED",
      "Geometry": {
        "BoundingBox": {
          "Width": 0.08675026893615723,
          "Height": 0.01628127135336399,
          "Left": 0.6592673063278198,
          "Top": 0.6137035489082336
        },
        "Polygon": [
          {
            "X": 0.6592673063278198,
            "Y": 0.6137035489082336
          },
          {
            "X": 0.7459093332290649,
            "Y": 0.6137220859527588
          },
          {
            "X": 0.746017575263977,
            "Y": 0.6299848556518555
          },
          {
            "X": 0.659370481967926,
            "Y": 0.6299607753753662
          }
        ]
      },
      "Id": "0f3ee1e2-646f-4198-bfa1-f7ccec73e3f4",
      "Page": 1
    },
    {
      "BlockType": "TABLE",
      "Confidence": 98.6328125,
      "Geometry": {
        "BoundingBox": {
          "Width": 0.5428917407989502,
          "Height": 0.30309024453163147,
          "Left": 0.23080529272556305,
          "Top": 0.3508794903755188
        },
        "Polygon": [
          {
            "X": 0.23080529272556305,
            "Y": 0.3513242304325104
          },
          {
            "X": 0.7716493010520935,
            "Y": 0.3508794903755188
          },
          {
            "X": 0.7736970782279968,
            "Y": 0.6539697647094727
          },
          {
            "X": 0.23226101696491241,
            "Y": 0.6537680625915527
          }
        ]
      },
      "Id": "a705dc38-c2cb-49fb-ab0a-b5421846ad4d",
      "Relationships": [
        {
          "Type": "CHILD",
          "Ids": [
            "6c6415c4-c2c8-427d-925e-bddca7c36c6d",
            "acfcfb7a-8678-4d69-a9dd-785f5d1cf0a7",
            "a5e852c2-fda2-4545-bf7c-08070d9adee2",
            "7ce74d49-dbc7-4dcb-a5de-c565b383bf6f",
            "b199529f-7401-46eb-809c-d4dbc4bfe0bd",
            "75e28ac0-e833-48f5-abe5-19937a8945e6",
            "244f983c-51db-43e0-a480-31838f5aba4a",
            "e3382af6-0df2-4306-aaf3-b0f188751ed4",
            "83d37ba8-4a3c-4fbb-9f9f-0d496a281c2d",
            "658c2801-0ef1-4f6c-a4d4-b96848bbd1a6",
            "f67b9d4c-0cff-4895-b172-2e39b2d1c307",
            "354474b8-3237-4755-9380-7831b5e755a5",
            "d2c1fd47-33e2-4f0d-9e1a-1f00b5f66809",
            "71d80e5d-b5ef-4627-9100-a6fc4d1979ec",
            "fbf87fc7-da47-4765-a0f8-9f0a6ad8e79c",
            "90a7f3fd-bc2d-4c5c-b898-e63848710575",
            "4a1b1447-bcd9-4e1b-8ec5-660d6d715398",
            "28757c6e-1636-4ff7-b655-c2406985a504",
            "efa59cb8-232b-41d0-9538-24137de50bd4",
            "fccef806-6b63-49bf-8fbd-9a5b41444b36",
            "6e67be13-4f23-4fa5-8924-5f4f145bd4fb",
            "fe2c78e1-26a8-4649-b870-ffe37c22dd8c",
            "444c141b-648a-4fad-afbb-a9f8b0b59678",
            "da7ccfd1-d8d7-435a-b960-c3f4316b2108",
            "39587615-8261-4eb0-a763-76f63d6f8b02",
            "236abad0-88a6-4844-84a4-07db09d01982",
            "2064e86e-e2d3-4f82-b2d2-8629fff60ca2",
            "fba995cc-9187-461e-afb9-b62de2806983"
          ]
        }
      ],
      "EntityTypes": [
        "STRUCTURED_TABLE"
      ],
      "Page": 1
    },
    {
      "BlockType": "CELL",
      "Confidence": 84.423828125,
      "RowIndex": 1,
      "ColumnIndex": 1,
      "RowSpan": 1,
      "ColumnSpan": 1,
      "Geometry": {
        "BoundingBox": {
          "Width": 0.0541444793343544,
          "Height": 0.08171918988227844,
          "Left": 0.23080529272556305,
          "Top": 0.3512800335884094
        },
        "Polygon": [
          {
            "X": 0.23080529272556305,
            "Y": 0.3513242304325104
          },
          {
            "X": 0.2845408022403717,
            "Y": 0.3512800335884094
          },
          {
            "X": 0.28494977951049805,
            "Y": 0.43297237157821655
          },
          {
            "X": 0.23119841516017914,
            "Y": 0.43299922347068787
          }
        ]
      },
      "Id": "6c6415c4-c2c8-427d-925e-bddca7c36c6d",
      "Relationships": [
        {
          "Type": "CHILD",
          "Ids": [
            "e727efc4-839f-4c16-8581-84f11e102bd6"
          ]
        }
      ],
      "EntityTypes": [
        "COLUMN_HEADER"
      ],
      "Page": 1
    },
    {
      "BlockType": "CELL",
      "Confidence": 95.1171875,
      "RowIndex": 1,
      "ColumnIndex": 2,
      "RowSpan": 1,
      "ColumnSpan": 1,
      "Geometry": {
        "BoundingBox": {
          "Width": 0.2370811104774475,
          "Height": 0.081886887550354,
          "Left": 0.2845408022403717,
          "Top": 0.35108548402786255
        },
        "Polygon": [
          {
            "X": 0.2845408022403717,
            "Y": 0.3512800335884094
          },
          {
            "X": 0.5211430788040161,
            "Y": 0.35108548402786255
          },
          {
            "X": 0.5216219425201416,
            "Y": 0.4328541159629822
          },
          {
            "X": 0.28494977951049805,
            "Y": 0.43297237157821655
          }
        ]
      },
      "Id": "acfcfb7a-8678-4d69-a9dd-785f5d1cf0a7",
      "Relationships": [
        {
          "Type": "CHILD",
          "Ids": [
            "cf9b8cde-3920-4d8f-a7e4-75918dcae0cc"
          ]
        }
      ],
      "EntityTypes": [
        "COLUMN_HEADER"
      ],
      "Page": 1
    },
    {
      "BlockType": "CELL",
      "Confidence": 89.111328125,
      "RowIndex": 1,
      "ColumnIndex": 3,
      "RowSpan": 1,
      "ColumnSpan": 1,
      "Geometry": {
        "BoundingBox": {
          "Width": 0.09104370325803757,
          "Height": 0.08184308558702469,
          "Left": 0.5211430788040161,
          "Top": 0.3510110378265381
        },
        "Polygon": [
          {
            "X": 0.5211430788040161,
            "Y": 0.35108548402786255
          },
          {
            "X": 0.6116811037063599,
            "Y": 0.3510110378265381
          },
          {
            "X": 0.6121867895126343,
            "Y": 0.43280887603759766
          },
          {
            "X": 0.5216219425201416,
            "Y": 0.4328541159629822
          }
        ]
      },
      "Id": "a5e852c2-fda2-4545-bf7c-08070d9adee2",
      "Relationships": [
        {
          "Type": "CHILD",
          "Ids": [
            "efe84a9e-fab6-4eb5-8038-ce3a6a49b863",
            "55c0d763-ac4a-4f1d-9a4b-bdc3e3825082"
          ]
        }
      ],
      "EntityTypes": [
        "COLUMN_HEADER"
      ],
      "Page": 1
    },
    {
      "BlockType": "CELL",
      "Confidence": 95.263671875,
      "RowIndex": 1,
      "ColumnIndex": 4,
      "RowSpan": 1,
      "ColumnSpan": 1,
      "Geometry": {
        "BoundingBox": {
          "Width": 0.16052117943763733,
          "Height": 0.08192937076091766,
          "Left": 0.6116811037063599,
          "Top": 0.3508794903755188
        },
        "Polygon": [
          {
            "X": 0.6116811037063599,
            "Y": 0.3510110378265381
          },
          {
            "X": 0.7716493010520935,
            "Y": 0.3508794903755188
          },
          {
            "X": 0.7722023129463196,
            "Y": 0.43272891640663147
          },
          {
            "X": 0.6121867895126343,
            "Y": 0.43280887603759766
          }
        ]
      },
      "Id": "7ce74d49-dbc7-4dcb-a5de-c565b383bf6f",
      "Relationships": [
        {
          "Type": "CHILD",
          "Ids": [
            "3df6f5b6-915c-40c4-963c-f7347a35b177",
            "1b98a070-a1a1-4f7c-8be1-35c537a48dd1"
          ]
        }
      ],
      "EntityTypes": [
        "COLUMN_HEADER"
      ],
      "Page": 1
    },
    {
      "BlockType": "CELL",
      "Confidence": 81.73828125,
      "RowIndex": 2,
      "ColumnIndex": 1,
      "RowSpan": 1,
      "ColumnSpan": 1,
      "Geometry": {
        "BoundingBox": {
          "Width": 0.05394824966788292,
          "Height": 0.03934706375002861,
          "Left": 0.23119841516017914,
          "Top": 0.43297237157821655
        },
        "Polygon": [
          {
            "X": 0.23119841516017914,
            "Y": 0.43299922347068787
          },
          {
            "X": 0.28494977951049805,
            "Y": 0.43297237157821655
          },
          {
            "X": 0.28514665365219116,
            "Y": 0.4723009169101715
          },
          {
            "X": 0.2313876748085022,
            "Y": 0.47231942415237427
          }
        ]
      },
      "Id": "b199529f-7401-46eb-809c-d4dbc4bfe0bd",
      "Relationships": [
        {
          "Type": "CHILD",
          "Ids": [
            "0e289140-4cb6-482f-a992-128fa53d436d"
          ]
        }
      ],
      "Page": 1
    },
    {
      "BlockType": "CELL",
      "Confidence": 92.08984375,
      "RowIndex": 2,
      "ColumnIndex": 2,
      "RowSpan": 1,
      "ColumnSpan": 1,
      "Geometry": {
        "BoundingBox": {
          "Width": 0.23690268397331238,
          "Height": 0.03944680467247963,
          "Left": 0.28494977951049805,
          "Top": 0.4328541159629822
        },
        "Polygon": [
          {
            "X": 0.28494977951049805,
            "Y": 0.43297237157821655
          },
          {
            "X": 0.5216219425201416,
            "Y": 0.4328541159629822
          },
          {
            "X": 0.521852433681488,
            "Y": 0.47221940755844116
          },
          {
            "X": 0.28514665365219116,
            "Y": 0.4723009169101715
          }
        ]
      },
      "Id": "75e28ac0-e833-48f5-abe5-19937a8945e6",
      "Relationships": [
        {
          "Type": "CHILD",
          "Ids": [
            "bb649eaa-d69d-44a5-a349-275ac93f6f33"
          ]
        }
      ],
      "Page": 1
    },
    {
      "BlockType": "CELL",
      "Confidence": 86.279296875,
      "RowIndex": 2,
      "ColumnIndex": 3,
      "RowSpan": 1,
      "ColumnSpan": 1,
      "Geometry": {
        "BoundingBox": {
          "Width": 0.09080827236175537,
          "Height": 0.0394105538725853,
          "Left": 0.5216219425201416,
          "Top": 0.43280887603759766
        },
        "Polygon": [
          {
            "X": 0.5216219425201416,
            "Y": 0.4328541159629822
          },
          {
            "X": 0.6121867895126343,
            "Y": 0.43280887603759766
          },
          {
            "X": 0.612430214881897,
            "Y": 0.47218823432922363
          },
          {
            "X": 0.521852433681488,
            "Y": 0.47221940755844116
          }
        ]
      },
      "Id": "244f983c-51db-43e0-a480-31838f5aba4a",
      "Relationships": [
        {
          "Type": "CHILD",
          "Ids": [
            "64cb873e-a357-487f-a19d-ea1e1497e216"
          ]
        }
      ],
      "Page": 1
    },
    {
      "BlockType": "CELL",
      "Confidence": 92.236328125,
      "RowIndex": 2,
      "ColumnIndex": 4,
      "RowSpan": 1,
      "ColumnSpan": 1,
      "Geometry": {
        "BoundingBox": {
          "Width": 0.16028177738189697,
          "Height": 0.039459314197301865,
          "Left": 0.6121867895126343,
          "Top": 0.43272891640663147
        },
        "Polygon": [
          {
            "X": 0.6121867895126343,
            "Y": 0.43280887603759766
          },
          {
            "X": 0.7722023129463196,
            "Y": 0.43272891640663147
          },
          {
            "X": 0.7724685072898865,
            "Y": 0.4721331298351288
          },
          {
            "X": 0.612430214881897,
            "Y": 0.47218823432922363
          }
        ]
      },
      "Id": "e3382af6-0df2-4306-aaf3-b0f188751ed4",
      "Relationships": [
        {
          "Type": "CHILD",
          "Ids": [
            "09effd53-2a2b-48be-af2e-36cafe0ae29c"
          ]
        }
      ],
      "Page": 1
    },
    {
      "BlockType": "CELL",
      "Confidence": 77.490234375,
      "RowIndex": 3,
      "ColumnIndex": 1,
      "RowSpan": 1,
      "ColumnSpan": 1,
      "Geometry": {
        "BoundingBox": {
          "Width": 0.053892213851213455,
          "Height": 0.026623772457242012,
          "Left": 0.2313876748085022,
          "Top": 0.4723009169101715
        },
        "Polygon": [
          {
            "X": 0.2313876748085022,
            "Y": 0.47231942415237427
          },
          {
            "X": 0.28514665365219116,
            "Y": 0.4723009169101715
          },
          {
            "X": 0.28527987003326416,
            "Y": 0.4989118278026581
          },
          {
            "X": 0.23151572048664093,
            "Y": 0.49892470240592957
          }
        ]
      },
      "Id": "83d37ba8-4a3c-4fbb-9f9f-0d496a281c2d",
      "Relationships": [
        {
          "Type": "CHILD",
          "Ids": [
            "eab62054-428d-460f-ae70-e0a47a3d3c71"
          ]
        }
      ],
      "Page": 1
    },
    {
      "BlockType": "CELL",
      "Confidence": 87.353515625,
      "RowIndex": 3,
      "ColumnIndex": 2,
      "RowSpan": 1,
      "ColumnSpan": 1,
      "Geometry": {
        "BoundingBox": {
          "Width": 0.23686178028583527,
          "Height": 0.026692412793636322,
          "Left": 0.28514665365219116,
          "Top": 0.47221940755844116
        },
        "Polygon": [
          {
            "X": 0.28514665365219116,
            "Y": 0.4723009169101715
          },
          {
            "X": 0.521852433681488,
            "Y": 0.47221940755844116
          },
          {
            "X": 0.5220084190368652,
            "Y": 0.49885520339012146
          },
          {
            "X": 0.28527987003326416,
            "Y": 0.4989118278026581
          }
        ]
      },
      "Id": "658c2801-0ef1-4f6c-a4d4-b96848bbd1a6",
      "Relationships": [
        {
          "Type": "CHILD",
          "Ids": [
            "e6bc002c-56b2-4241-86f2-1b86ac1f7e61"
          ]
        }
      ],
      "Page": 1
    },
    {
      "BlockType": "CELL",
      "Confidence": 81.8359375,
      "RowIndex": 3,
      "ColumnIndex": 3,
      "RowSpan": 1,
      "ColumnSpan": 1,
      "Geometry": {
        "BoundingBox": {
          "Width": 0.09074244648218155,
          "Height": 0.026666969060897827,
          "Left": 0.521852433681488,
          "Top": 0.47218823432922363
        },
        "Polygon": [
          {
            "X": 0.521852433681488,
            "Y": 0.47221940755844116
          },
          {
            "X": 0.612430214881897,
            "Y": 0.47218823432922363
          },
          {
            "X": 0.6125949025154114,
            "Y": 0.4988335371017456
          },
          {
            "X": 0.5220084190368652,
            "Y": 0.49885520339012146
          }
        ]
      },
      "Id": "f67b9d4c-0cff-4895-b172-2e39b2d1c307",
      "Relationships": [
        {
          "Type": "CHILD",
          "Ids": [
            "cc3815bb-8918-4ce4-9438-6016b3b55a93"
          ]
        }
      ],
      "Page": 1
    },
    {
      "BlockType": "CELL",
      "Confidence": 87.5,
      "RowIndex": 3,
      "ColumnIndex": 4,
      "RowSpan": 1,
      "ColumnSpan": 1,
      "Geometry": {
        "BoundingBox": {
          "Width": 0.1602184772491455,
          "Height": 0.026700403541326523,
          "Left": 0.612430214881897,
          "Top": 0.4721331298351288
        },
        "Polygon": [
          {
            "X": 0.612430214881897,
            "Y": 0.47218823432922363
          },
          {
            "X": 0.7724685072898865,
            "Y": 0.4721331298351288
          },
          {
            "X": 0.7726486921310425,
            "Y": 0.4987952411174774
          },
          {
            "X": 0.6125949025154114,
            "Y": 0.4988335371017456
          }
        ]
      },
      "Id": "354474b8-3237-4755-9380-7831b5e755a5",
      "Relationships": [
        {
          "Type": "CHILD",
          "Ids": [
            "ef3e1cf4-9d91-43e8-b0bb-cb1097a006b3",
            "df7f5a23-7cdc-4f80-978b-2ff6166400b2"
          ]
        }
      ],
      "Page": 1
    },
    {
      "BlockType": "CELL",
      "Confidence": 76.5625,
      "RowIndex": 4,
      "ColumnIndex": 1,
      "RowSpan": 1,
      "ColumnSpan": 1,
      "Geometry": {
        "BoundingBox": {
          "Width": 0.05390319600701332,
          "Height": 0.02778029441833496,
          "Left": 0.23151572048664093,
          "Top": 0.4989118278026581
        },
        "Polygon": [
          {
            "X": 0.23151572048664093,
            "Y": 0.49892470240592957
          },
          {
            "X": 0.28527987003326416,
            "Y": 0.4989118278026581
          },
          {
            "X": 0.28541892766952515,
            "Y": 0.5266851782798767
          },
          {
            "X": 0.23164936900138855,
            "Y": 0.5266921520233154
          }
        ]
      },
      "Id": "d2c1fd47-33e2-4f0d-9e1a-1f00b5f66809",
      "Relationships": [
        {
          "Type": "CHILD",
          "Ids": [
            "f0d79db7-64ea-46b8-8549-d4ebf2813c50"
          ]
        }
      ],
      "Page": 1
    },
    {
      "BlockType": "CELL",
      "Confidence": 86.279296875,
      "RowIndex": 4,
      "ColumnIndex": 2,
      "RowSpan": 1,
      "ColumnSpan": 1,
      "Geometry": {
        "BoundingBox": {
          "Width": 0.23689135909080505,
          "Height": 0.027829959988594055,
          "Left": 0.28527987003326416,
          "Top": 0.49885520339012146
        },
        "Polygon": [
          {
            "X": 0.28527987003326416,
            "Y": 0.4989118278026581
          },
          {
            "X": 0.5220084190368652,
            "Y": 0.49885520339012146
          },
          {
            "X": 0.5221712589263916,
            "Y": 0.5266544818878174
          },
          {
            "X": 0.28541892766952515,
            "Y": 0.5266851782798767
          }
        ]
      },
      "Id": "71d80e5d-b5ef-4627-9100-a6fc4d1979ec",
      "Relationships": [
        {
          "Type": "CHILD",
          "Ids": [
            "931c934a-e451-48ab-902a-a78634f4107b"
          ]
        }
      ],
      "Page": 1
    },
    {
      "BlockType": "CELL",
      "Confidence": 80.810546875,
      "RowIndex": 4,
      "ColumnIndex": 3,
      "RowSpan": 1,
      "ColumnSpan": 1,
      "Geometry": {
        "BoundingBox": {
          "Width": 0.09075836092233658,
          "Height": 0.02782096341252327,
          "Left": 0.5220084190368652,
          "Top": 0.4988335371017456
        },
        "Polygon": [
          {
            "X": 0.5220084190368652,
            "Y": 0.49885520339012146
          },
          {
            "X": 0.6125949025154114,
            "Y": 0.4988335371017456
          },
          {
            "X": 0.6127668023109436,
            "Y": 0.5266427397727966
          },
          {
            "X": 0.5221712589263916,
            "Y": 0.5266544818878174
          }
        ]
      },
      "Id": "fbf87fc7-da47-4765-a0f8-9f0a6ad8e79c",
      "Relationships": [
        {
          "Type": "CHILD",
          "Ids": [
            "3042167a-a929-48fc-9896-81b6233eed32"
          ]
        }
      ],
      "Page": 1
    },
    {
      "BlockType": "CELL",
      "Confidence": 86.376953125,
      "RowIndex": 4,
      "ColumnIndex": 4,
      "RowSpan": 1,
      "ColumnSpan": 1,
      "Geometry": {
        "BoundingBox": {
          "Width": 0.16024178266525269,
          "Height": 0.027847515419125557,
          "Left": 0.6125949025154114,
          "Top": 0.4987952411174774
        },
        "Polygon": [
          {
            "X": 0.6125949025154114,
            "Y": 0.4988335371017456
          },
          {
            "X": 0.7726486921310425,
            "Y": 0.4987952411174774
          },
          {
            "X": 0.7728366851806641,
            "Y": 0.5266220569610596
          },
          {
            "X": 0.6127668023109436,
            "Y": 0.5266427397727966
          }
        ]
      },
      "Id": "90a7f3fd-bc2d-4c5c-b898-e63848710575",
      "Relationships": [
        {
          "Type": "CHILD",
          "Ids": [
            "64ba2cce-7522-44a8-ad6d-e8fe91a76791",
            "5f4498f7-39b6-4dd6-9850-7e18eb454590"
          ]
        }
      ],
      "Page": 1
    },
    {
      "BlockType": "CELL",
      "Confidence": 82.421875,
      "RowIndex": 5,
      "ColumnIndex": 1,
      "RowSpan": 1,
      "ColumnSpan": 1,
      "Geometry": {
        "BoundingBox": {
          "Width": 0.054047711193561554,
          "Height": 0.05556328222155571,
          "Left": 0.23164936900138855,
          "Top": 0.5266851782798767
        },
        "Polygon": [
          {
            "X": 0.23164936900138855,
            "Y": 0.5266921520233154
          },
          {
            "X": 0.28541892766952515,
            "Y": 0.5266851782798767
          },
          {
            "X": 0.2856970727443695,
            "Y": 0.5822484493255615
          },
          {
            "X": 0.23191675543785095,
            "Y": 0.5822436213493347
          }
        ]
      },
      "Id": "4a1b1447-bcd9-4e1b-8ec5-660d6d715398",
      "Relationships": [
        {
          "Type": "CHILD",
          "Ids": [
            "f1d8342a-8bbe-43ad-83d3-6b8f0329a2d7"
          ]
        }
      ],
      "EntityTypes": [
        "TABLE_SECTION_TITLE"
      ],
      "Page": 1
    },
    {
      "BlockType": "CELL",
      "Confidence": 92.919921875,
      "RowIndex": 5,
      "ColumnIndex": 2,
      "RowSpan": 1,
      "ColumnSpan": 1,
      "Geometry": {
        "BoundingBox": {
          "Width": 0.2370780110359192,
          "Height": 0.05561523884534836,
          "Left": 0.28541892766952515,
          "Top": 0.5266544818878174
        },
        "Polygon": [
          {
            "X": 0.28541892766952515,
            "Y": 0.5266851782798767
          },
          {
            "X": 0.5221712589263916,
            "Y": 0.5266544818878174
          },
          {
            "X": 0.5224969387054443,
            "Y": 0.5822697281837463
          },
          {
            "X": 0.2856970727443695,
            "Y": 0.5822484493255615
          }
        ]
      },
      "Id": "28757c6e-1636-4ff7-b655-c2406985a504",
      "Relationships": [
        {
          "Type": "CHILD",
          "Ids": [
            "3f04a5c8-31f1-4200-9b83-31a1930d0950",
            "91765f93-4489-4868-99a1-916eb5a2dc29",
            "4a8ecbac-0075-400b-a667-ec7c147bd076",
            "2b644820-166a-4822-a564-2e9c4d1cdc93"
          ]
        }
      ],
      "EntityTypes": [
        "TABLE_SECTION_TITLE"
      ],
      "Page": 1
    },
    {
      "BlockType": "CELL",
      "Confidence": 87.01171875,
      "RowIndex": 5,
      "ColumnIndex": 3,
      "RowSpan": 1,
      "ColumnSpan": 1,
      "Geometry": {
        "BoundingBox": {
          "Width": 0.0909394696354866,
          "Height": 0.05563512071967125,
          "Left": 0.5221712589263916,
          "Top": 0.5266427397727966
        },
        "Polygon": [
          {
            "X": 0.5221712589263916,
            "Y": 0.5266544818878174
          },
          {
            "X": 0.6127668023109436,
            "Y": 0.5266427397727966
          },
          {
            "X": 0.6131107211112976,
            "Y": 0.5822778940200806
          },
          {
            "X": 0.5224969387054443,
            "Y": 0.5822697281837463
          }
        ]
      },
      "Id": "efa59cb8-232b-41d0-9538-24137de50bd4",
      "Relationships": [
        {
          "Type": "CHILD",
          "Ids": [
            "48854f64-4996-44be-a524-a1f1eea67493"
          ]
        }
      ],
      "EntityTypes": [
        "TABLE_SECTION_TITLE"
      ],
      "Page": 1
    },
    {
      "BlockType": "CELL",
      "Confidence": 93.017578125,
      "RowIndex": 5,
      "ColumnIndex": 4,
      "RowSpan": 1,
      "ColumnSpan": 1,
      "Geometry": {
        "BoundingBox": {
          "Width": 0.16044598817825317,
          "Height": 0.055670250207185745,
          "Left": 0.6127668023109436,
          "Top": 0.5266220569610596
        },
        "Polygon": [
          {
            "X": 0.6127668023109436,
            "Y": 0.5266427397727966
          },
          {
            "X": 0.7728366851806641,
            "Y": 0.5266220569610596
          },
          {
            "X": 0.7732127904891968,
            "Y": 0.5822922587394714
          },
          {
            "X": 0.6131107211112976,
            "Y": 0.5822778940200806
          }
        ]
      },
      "Id": "fccef806-6b63-49bf-8fbd-9a5b41444b36",
      "Relationships": [
        {
          "Type": "CHILD",
          "Ids": [
            "602337f8-0269-4301-9441-570517d533c0"
          ]
        }
      ],
      "EntityTypes": [
        "TABLE_SECTION_TITLE"
      ],
      "Page": 1
    },
    {
      "BlockType": "CELL",
      "Confidence": 71.97265625,
      "RowIndex": 6,
      "ColumnIndex": 1,
      "RowSpan": 1,
      "ColumnSpan": 1,
      "Geometry": {
        "BoundingBox": {
          "Width": 0.05391945317387581,
          "Height": 0.027794789522886276,
          "Left": 0.23191675543785095,
          "Top": 0.5822436213493347
        },
        "Polygon": [
          {
            "X": 0.23191675543785095,
            "Y": 0.5822436213493347
          },
          {
            "X": 0.2856970727443695,
            "Y": 0.5822484493255615
          },
          {
            "X": 0.28583621978759766,
            "Y": 0.6100383996963501
          },
          {
            "X": 0.23205047845840454,
            "Y": 0.6100276708602905
          }
        ]
      },
      "Id": "6e67be13-4f23-4fa5-8924-5f4f145bd4fb",
      "Relationships": [
        {
          "Type": "CHILD",
          "Ids": [
            "7fb7422e-3d98-4a83-a9e2-c9275186e349"
          ]
        }
      ],
      "Page": 1
    },
    {
      "BlockType": "CELL",
      "Confidence": 81.103515625,
      "RowIndex": 6,
      "ColumnIndex": 2,
      "RowSpan": 1,
      "ColumnSpan": 1,
      "Geometry": {
        "BoundingBox": {
          "Width": 0.23696275055408478,
          "Height": 0.02783723920583725,
          "Left": 0.2856970727443695,
          "Top": 0.5822484493255615
        },
        "Polygon": [
          {
            "X": 0.2856970727443695,
            "Y": 0.5822484493255615
          },
          {
            "X": 0.5224969387054443,
            "Y": 0.5822697281837463
          },
          {
            "X": 0.5226598381996155,
            "Y": 0.610085666179657
          },
          {
            "X": 0.28583621978759766,
            "Y": 0.6100383996963501
          }
        ]
      },
      "Id": "fe2c78e1-26a8-4649-b870-ffe37c22dd8c",
      "Relationships": [
        {
          "Type": "CHILD",
          "Ids": [
            "d545e089-1dd3-4535-9e26-7a7f73aa1051",
            "52b9d41d-1f01-437d-b6b5-e40db8552a08"
          ]
        }
      ],
      "Page": 1
    },
    {
      "BlockType": "CELL",
      "Confidence": 75.9765625,
      "RowIndex": 6,
      "ColumnIndex": 3,
      "RowSpan": 1,
      "ColumnSpan": 1,
      "Geometry": {
        "BoundingBox": {
          "Width": 0.09078577905893326,
          "Height": 0.02783404290676117,
          "Left": 0.5224969387054443,
          "Top": 0.5822697281837463
        },
        "Polygon": [
          {
            "X": 0.5224969387054443,
            "Y": 0.5822697281837463
          },
          {
            "X": 0.6131107211112976,
            "Y": 0.5822778940200806
          },
          {
            "X": 0.6132827401161194,
            "Y": 0.6101037859916687
          },
          {
            "X": 0.5226598381996155,
            "Y": 0.610085666179657
          }
        ]
      },
      "Id": "444c141b-648a-4fad-afbb-a9f8b0b59678",
      "Relationships": [
        {
          "Type": "CHILD",
          "Ids": [
            "9c38e593-7902-4082-82fa-e3e110d62ee9"
          ]
        }
      ],
      "Page": 1
    },
    {
      "BlockType": "CELL",
      "Confidence": 81.201171875,
      "RowIndex": 6,
      "ColumnIndex": 4,
      "RowSpan": 1,
      "ColumnSpan": 1,
      "Geometry": {
        "BoundingBox": {
          "Width": 0.1602901965379715,
          "Height": 0.027857866138219833,
          "Left": 0.6131107211112976,
          "Top": 0.5822778940200806
        },
        "Polygon": [
          {
            "X": 0.6131107211112976,
            "Y": 0.5822778940200806
          },
          {
            "X": 0.7732127904891968,
            "Y": 0.5822922587394714
          },
          {
            "X": 0.7734009027481079,
            "Y": 0.6101357340812683
          },
          {
            "X": 0.6132827401161194,
            "Y": 0.6101037859916687
          }
        ]
      },
      "Id": "da7ccfd1-d8d7-435a-b960-c3f4316b2108",
      "Relationships": [
        {
          "Type": "CHILD",
          "Ids": [
            "5c76bef7-8dde-45e4-abca-01f7b18f8255",
            "378b8c2d-833f-4cd7-87a4-a2f2f43ec018"
          ]
        }
      ],
      "Page": 1
    },
    {
      "BlockType": "CELL",
      "Confidence": 81.73828125,
      "RowIndex": 7,
      "ColumnIndex": 1,
      "RowSpan": 1,
      "ColumnSpan": 1,
      "Geometry": {
        "BoundingBox": {
          "Width": 0.054004743695259094,
          "Height": 0.04376046359539032,
          "Left": 0.23205047845840454,
          "Top": 0.6100276708602905
        },
        "Polygon": [
          {
            "X": 0.23205047845840454,
            "Y": 0.6100276708602905
          },
          {
            "X": 0.28583621978759766,
            "Y": 0.6100383996963501
          },
          {
            "X": 0.28605523705482483,
            "Y": 0.653788149356842
          },
          {
            "X": 0.23226101696491241,
            "Y": 0.6537680625915527
          }
        ]
      },
      "Id": "39587615-8261-4eb0-a763-76f63d6f8b02",
      "Relationships": [
        {
          "Type": "CHILD",
          "Ids": [
            "12487f48-0d36-47e8-b21a-f7b9c6fc96f6"
          ]
        }
      ],
      "Page": 1
    },
    {
      "BlockType": "CELL",
      "Confidence": 92.138671875,
      "RowIndex": 7,
      "ColumnIndex": 2,
      "RowSpan": 1,
      "ColumnSpan": 1,
      "Geometry": {
        "BoundingBox": {
          "Width": 0.23708006739616394,
          "Height": 0.04383794218301773,
          "Left": 0.28583621978759766,
          "Top": 0.6100383996963501
        },
        "Polygon": [
          {
            "X": 0.28583621978759766,
            "Y": 0.6100383996963501
          },
          {
            "X": 0.5226598381996155,
            "Y": 0.610085666179657
          },
          {
            "X": 0.5229162573814392,
            "Y": 0.6538763642311096
          },
          {
            "X": 0.28605523705482483,
            "Y": 0.653788149356842
          }
        ]
      },
      "Id": "236abad0-88a6-4844-84a4-07db09d01982",
      "Relationships": [
        {
          "Type": "CHILD",
          "Ids": [
            "6e548120-f401-4cd4-a072-d6d098a5f40f"
          ]
        }
      ],
      "Page": 1
    },
    {
      "BlockType": "CELL",
      "Confidence": 86.279296875,
      "RowIndex": 7,
      "ColumnIndex": 3,
      "RowSpan": 1,
      "ColumnSpan": 1,
      "Geometry": {
        "BoundingBox": {
          "Width": 0.09089367836713791,
          "Height": 0.043824415653944016,
          "Left": 0.5226598381996155,
          "Top": 0.610085666179657
        },
        "Polygon": [
          {
            "X": 0.5226598381996155,
            "Y": 0.610085666179657
          },
          {
            "X": 0.6132827401161194,
            "Y": 0.6101037859916687
          },
          {
            "X": 0.613553524017334,
            "Y": 0.6539101004600525
          },
          {
            "X": 0.5229162573814392,
            "Y": 0.6538763642311096
          }
        ]
      },
      "Id": "2064e86e-e2d3-4f82-b2d2-8629fff60ca2",
      "Relationships": [
        {
          "Type": "CHILD",
          "Ids": [
            "9d88662a-1a38-4206-af2d-637d892b82ae"
          ]
        }
      ],
      "Page": 1
    },
    {
      "BlockType": "CELL",
      "Confidence": 92.28515625,
      "RowIndex": 7,
      "ColumnIndex": 4,
      "RowSpan": 1,
      "ColumnSpan": 1,
      "Geometry": {
        "BoundingBox": {
          "Width": 0.16041435301303864,
          "Height": 0.04386596381664276,
          "Left": 0.6132827401161194,
          "Top": 0.6101037859916687
        },
        "Polygon": [
          {
            "X": 0.6132827401161194,
            "Y": 0.6101037859916687
          },
          {
            "X": 0.7734009027481079,
            "Y": 0.6101357340812683
          },
          {
            "X": 0.7736970782279968,
            "Y": 0.6539697647094727
          },
          {
            "X": 0.613553524017334,
            "Y": 0.6539101004600525
          }
        ]
      },
      "Id": "fba995cc-9187-461e-afb9-b62de2806983",
      "Relationships": [
        {
          "Type": "CHILD",
          "Ids": [
            "ee8fa73a-7bdb-4384-9242-0205ba722e1a",
            "0f3ee1e2-646f-4198-bfa1-f7ccec73e3f4"
          ]
        }
      ],
      "Page": 1
    }
  ],
  "AnalyzeDocumentModelVersion": "1.0"
}