{
  "DocumentMetadata": {
    "Pages": 1
  },
  "JobStatus": "SUCCEEDED",
  "Blocks": [
    {
      "BlockType": "PAGE",
      "Geometry": {
        "BoundingBox": {
          "Width": 0.5190889835357666,
          "Height": 0.23893798887729645,
          "Left": 0.23685739934444427,
          "Top": 0.37985822558403015
        },
        "Polygon": [
          {
            "X": 0.23685739934444427,
            "Y": 0.37985822558403015
          },
          {
            "X": 0.753582239151001,
            "Y": 0.3809654712677002
          },
          {
            "X": 0.7559463977813721,
            "Y": 0.618796169757843
          },
          {
            "X": 0.23849530518054962,
            "Y": 0.6173703074455261
          }
        ]
      },
      "Id": "bf90734f-a549-4992-ab61-91ddee115d5f",
      "Relationships": [
        {
          "Type": "CHILD",
          "Ids": [
            "e33e409c-2293-41e2-9519-b881408e8ddc",
            "e9c16c1c-941c-46d8-a17d-e25e6759fc5e",
            "a03c90aa-7d48-4ba4-9937-2a9cae721794",
            "79bd5802-9c3f-4dab-ae51-015d67558766",
            "3ee8dfa7-8446-4834-ba09-f35cec33afc0",
            "dea4fe62-9af6-4330-8f8b-971c507c7526",
            "54789271-c61a-478f-ad78-b4a481f8375e",
            "37aa194d-9cbf-4576-8ca1-92934e538d5e",
            "7281a054-dd84-4eb4-b44f-bd4c0aaf2062",
            "fc06b5d8-30f3-4bf3-996a-a3712f0a5632",
            "62dbe80a-a097-45d7-a4c4-ccbf995df37a",
            "db460b51-3a70-4a9c-92c5-99e1694e517a",
            "a849ba6d-a502-4e41-91fa-7f157e0d83e7",
            "1b23eae8-177d-47ca-88fe-ff30d691f09a",
            "43d4262c-6cff-4e9c-a19c-b0e8f92e7f86",
            "c1df6299-41e3-493e-97d4-07682ec0e144",
            "826ed6e7-6c04-42a7-9cfb-66ed0fe1f6f3",
            "b1372d3b-07eb-4a44-9c3a-1bb23308cc68",
            "d531f7e4-d056-47c6-99f3-85b1e7e94477",
            "4d42b43a-b3c8-4c11-af68-7415d51ad8d3",
            "3e72649b-3884-4458-aee3-624834629cc8"
          ]
        }
      ],
      "Page": 1
    },
    {
      "BlockType": "LINE",
      "Confidence": 99.96197509765625,
      "Text": "Sample",
      "Geometry": {
        "BoundingBox": {
          "Width": 0.056920796632766724,
          "Height": 0.02922101691365242,
          "Left": 0.25154659152030945,
          "Top": 0.4124435782432556
        },
        "Polygon": [
          {
            "X": 0.25154659152030945,
            "Y": 0.4124435782432556
          },
          {
            "X": 0.30825453996658325,
            "Y": 0.4125698506832123
          },
          {
            "X": 0.30846738815307617,
            "Y": 0.44166457653045654
          },
          {
            "X": 0.2517496943473816,
            "Y": 0.44153404235839844
          }
        ]
      },
      "Id": "e33e409c-2293-41e2-9519-b881408e8ddc",
      "Relationships": [
        {
          "Type": "CHILD",
          "Ids": [
            "8861dbb3-39d2-4884-8056-fee763bff93c"
          ]
        }
      ],
      "Page": 1
    },
    {
      "BlockType": "LINE",
      "Confidence": 76.92259216308594,
      "Text": "T5 (°C)",
      "Geometry": {
        "BoundingBox": {
          "Width": 0.056040551513433456,
          "Height": 0.02854917384684086,
          "Left": 0.4367629885673523,
          "Top": 0.4121958017349243
        },
        "Polygon": [
          {
            "X": 0.4367629885673523,
            "Y": 0.4121958017349243
          },
          {
            "X": 0.49256473779678345,
            "Y": 0.41231995820999146
          },
          {
            "X": 0.49280351400375366,
            "Y": 0.44074496626853943
          },
          {
            "X": 0.4369924068450928,
            "Y": 0.4406166970729828
          }
        ]
      },
      "Id": "e9c16c1c-941c-46d8-a17d-e25e6759fc5e",
      "Relationships": [
        {
          "Type": "CHILD",
          "Ids": [
            "e22e00e7-ad44-418a-9e60-d99bde4f3901",
            "611e8ada-f895-49a3-93b2-d10040b4dfdf"
          ]
        }
      ],
      "Page": 1
    },
    {
      "BlockType": "LINE",
      "Confidence": 72.7248764038086,
      "Text": "T10 (°C)",
      "Geometry": {
        "BoundingBox": {
          "Width": 0.06307320296764374,
          "Height": 0.027965189889073372,
          "Left": 0.5458006262779236,
          "Top": 0.4124178886413574
        },
        "Polygon": [
          {
            "X": 0.5458006262779236,
            "Y": 0.4124178886413574
          },
          {
            "X": 0.6086210608482361,
            "Y": 0.4125576913356781
          },
          {
            "X": 0.6088738441467285,
            "Y": 0.44038307666778564
          },
          {
            "X": 0.5460430979728699,
            "Y": 0.4402387738227844
          }
        ]
      },
      "Id": "a03c90aa-7d48-4ba4-9937-2a9cae721794",
      "Relationships": [
        {
          "Type": "CHILD",
          "Ids": [
            "5dabc66c-fc1a-493a-a529-d9ab8c45e98e",
            "a3e1718b-e9f4-4f53-aa25-3a1c5751211f"
          ]
        }
      ],
      "Page": 1
    },
    {
      "BlockType": "LINE",
      "Confidence": 98.11771392822266,
      "Text": "Rw (%)",
      "Geometry": {
        "BoundingBox": {
          "Width": 0.05542341619729996,
          "Height": 0.028723690658807755,
          "Left": 0.6609243750572205,
          "Top": 0.412214994430542
        },
        "Polygon": [
          {
            "X": 0.6609243750572205,
            "Y": 0.412214994430542
          },
          {
            "X": 0.7160698771476746,
            "Y": 0.41233763098716736
          },
          {
            "X": 0.7163478136062622,
            "Y": 0.44093868136405945
          },
          {
            "X": 0.6611929535865784,
            "Y": 0.44081196188926697
          }
        ]
      },
      "Id": "79bd5802-9c3f-4dab-ae51-015d67558766",
      "Relationships": [
        {
          "Type": "CHILD",
          "Ids": [
            "1f27cc1e-104b-4615-a095-0b05c9593b1b",
            "f74c62a2-dff6-4aa4-9e1b-3360c65a62f9"
          ]
        }
      ],
      "Page": 1
    },
    {
      "BlockType": "LINE",
      "Confidence": 99.58214569091797,
      "Text": "BGTF/HMPA",
      "Geometry": {
        "BoundingBox": {
          "Width": 0.115913525223732,
          "Height": 0.028189724311232567,
          "Left": 0.2518883943557739,
          "Top": 0.46133431792259216
        },
        "Polygon": [
          {
            "X": 0.2518883943557739,
            "Y": 0.46133431792259216
          },
          {
            "X": 0.36758801341056824,
            "Y": 0.46160656213760376
          },
          {
            "X": 0.3678019344806671,
            "Y": 0.4895240366458893
          },
          {
            "X": 0.2520832419395447,
            "Y": 0.48924344778060913
          }
        ]
      },
      "Id": "3ee8dfa7-8446-4834-ba09-f35cec33afc0",
      "Relationships": [
        {
          "Type": "CHILD",
          "Ids": [
            "0cfaf019-cb3b-404b-ab00-a91067a11e35"
          ]
        }
      ],
      "Page": 1
    },
    {
      "BlockType": "LINE",
      "Confidence": 99.94412994384766,
      "Text": "382",
      "Geometry": {
        "BoundingBox": {
          "Width": 0.026961110532283783,
          "Height": 0.022842654958367348,
          "Left": 0.43602418899536133,
          "Top": 0.46361881494522095
        },
        "Polygon": [
          {
            "X": 0.43602418899536133,
            "Y": 0.46361881494522095
          },
          {
            "X": 0.46279796957969666,
            "Y": 0.4636819362640381
          },
          {
            "X": 0.4629852771759033,
            "Y": 0.48646146059036255
          },
          {
            "X": 0.4362078905105591,
            "Y": 0.48639675974845886
          }
        ]
      },
      "Id": "dea4fe62-9af6-4330-8f8b-971c507c7526",
      "Relationships": [
        {
          "Type": "CHILD",
          "Ids": [
            "a9afcfea-9a1b-4c7a-a1c5-ea760445cabd"
          ]
        }
      ],
      "Page": 1
    },
    {
      "BlockType": "LINE",
      "Confidence": 99.98375701904297,
      "Text": "402",
      "Geometry": {
        "BoundingBox": {
          "Width": 0.02816375344991684,
          "Height": 0.022941958159208298,
          "Left": 0.5437964797019958,
          "Top": 0.46350276470184326
        },
        "Polygon": [
          {
            "X": 0.5437964797019958,
            "Y": 0.46350276470184326
          },
          {
            "X": 0.571757435798645,
            "Y": 0.46356868743896484
          },
          {
            "X": 0.5719602108001709,
            "Y": 0.48644474148750305
          },
          {
            "X": 0.5439954996109009,
            "Y": 0.48637717962265015
          }
        ]
      },
      "Id": "54789271-c61a-478f-ad78-b4a481f8375e",
      "Relationships": [
        {
          "Type": "CHILD",
          "Ids": [
            "77c1f073-3dd0-407c-a75f-648f1ebf9eb2"
          ]
        }
      ],
      "Page": 1
    },
    {
      "BlockType": "LINE",
      "Confidence": 99.59829711914062,
      "Text": "11.3",
      "Geometry": {
        "BoundingBox": {
          "Width": 0.02975044958293438,
          "Height": 0.022925054654479027,
          "Left": 0.6620879173278809,
          "Top": 0.46344640851020813
        },
        "Polygon": [
          {
            "X": 0.6620879173278809,
            "Y": 0.46344640851020813
          },
          {
            "X": 0.6916196346282959,
            "Y": 0.4635159969329834
          },
          {
            "X": 0.6918383836746216,
            "Y": 0.4863714873790741
          },
          {
            "X": 0.6623026728630066,
            "Y": 0.48630014061927795
          }
        ]
      },
      "Id": "37aa194d-9cbf-4576-8ca1-92934e538d5e",
      "Relationships": [
        {
          "Type": "CHILD",
          "Ids": [
            "324453c7-14d5-4a50-be48-3e74a12cd0eb"
          ]
        }
      ],
      "Page": 1
    },
    {
      "BlockType": "LINE",
      "Confidence": 99.67581939697266,
      "Text": "BGTF/DDM",
      "Geometry": {
        "BoundingBox": {
          "Width": 0.10481157898902893,
          "Height": 0.027848510071635246,
          "Left": 0.2518101632595062,
          "Top": 0.4969182014465332
        },
        "Polygon": [
          {
            "X": 0.2518101632595062,
            "Y": 0.4969182014465332
          },
          {
            "X": 0.3564121723175049,
            "Y": 0.49717390537261963
          },
          {
            "X": 0.35662174224853516,
            "Y": 0.5247666835784912
          },
          {
            "X": 0.25200268626213074,
            "Y": 0.5245034694671631
          }
        ]
      },
      "Id": "7281a054-dd84-4eb4-b44f-bd4c0aaf2062",
      "Relationships": [
        {
          "Type": "CHILD",
          "Ids": [
            "1b9e8027-ef08-4a23-8d60-4253faaea2e4"
          ]
        }
      ],
      "Page": 1
    },
    {
      "BlockType": "LINE",
      "Confidence": 99.96758270263672,
      "Text": "370",
      "Geometry": {
        "BoundingBox": {
          "Width": 0.027149399742484093,
          "Height": 0.022687727585434914,
          "Left": 0.43588218092918396,
          "Top": 0.4991084635257721
        },
        "Polygon": [
          {
            "X": 0.43588218092918396,
            "Y": 0.4991084635257721
          },
          {
            "X": 0.4628455936908722,
            "Y": 0.4991745054721832
          },
          {
            "X": 0.4630315899848938,
            "Y": 0.5217961668968201
          },
          {
            "X": 0.43606457114219666,
            "Y": 0.5217285752296448
          }
        ]
      },
      "Id": "fc06b5d8-30f3-4bf3-996a-a3712f0a5632",
      "Relationships": [
        {
          "Type": "CHILD",
          "Ids": [
            "aa08bf5d-ba8a-45a7-ad06-a2268e511e0e"
          ]
        }
      ],
      "Page": 1
    },
    {
      "BlockType": "LINE",
      "Confidence": 99.93281555175781,
      "Text": "395",
      "Geometry": {
        "BoundingBox": {
          "Width": 0.027047548443078995,
          "Height": 0.022447701543569565,
          "Left": 0.5446951389312744,
          "Top": 0.4991767108440399
        },
        "Polygon": [
          {
            "X": 0.5446951389312744,
            "Y": 0.4991767108440399
          },
          {
            "X": 0.571544349193573,
            "Y": 0.4992424547672272
          },
          {
            "X": 0.5717427134513855,
            "Y": 0.5216243863105774
          },
          {
            "X": 0.5448899269104004,
            "Y": 0.521557092666626
          }
        ]
      },
      "Id": "62dbe80a-a097-45d7-a4c4-ccbf995df37a",
      "Relationships": [
        {
          "Type": "CHILD",
          "Ids": [
            "400503cb-b508-46c0-86af-29148705bb20"
          ]
        }
      ],
      "Page": 1
    },
    {
      "BlockType": "LINE",
      "Confidence": 99.89698791503906,
      "Text": "47.3",
      "Geometry": {
        "BoundingBox": {
          "Width": 0.03236880898475647,
          "Height": 0.022887220606207848,
          "Left": 0.6597205400466919,
          "Top": 0.4989389181137085
        },
        "Polygon": [
          {
            "X": 0.6597205400466919,
            "Y": 0.4989389181137085
          },
          {
            "X": 0.6918710470199585,
            "Y": 0.4990176260471344
          },
          {
            "X": 0.692089319229126,
            "Y": 0.5218261480331421
          },
          {
            "X": 0.6599344611167908,
            "Y": 0.5217455625534058
          }
        ]
      },
      "Id": "db460b51-3a70-4a9c-92c5-99e1694e517a",
      "Relationships": [
        {
          "Type": "CHILD",
          "Ids": [
            "a56839c0-8923-4b8a-b547-9811d16ab707"
          ]
        }
      ],
      "Page": 1
    },
    {
      "BlockType": "LINE",
      "Confidence": 99.80438995361328,
      "Text": "BADGE/HMPA",
      "Geometry": {
        "BoundingBox": {
          "Width": 0.1328701674938202,
          "Height": 0.028454765677452087,
          "Left": 0.2515760660171509,
          "Top": 0.533579409122467
        },
        "Polygon": [
          {
            "X": 0.2515760660171509,
            "Y": 0.533579409122467
          },
          {
            "X": 0.3842281401157379,
            "Y": 0.5339162349700928
          },
          {
            "X": 0.38444626331329346,
            "Y": 0.5620341897010803
          },
          {
            "X": 0.2517721652984619,
            "Y": 0.5616876482963562
          }
        ]
      },
      "Id": "a849ba6d-a502-4e41-91fa-7f157e0d83e7",
      "Relationships": [
        {
          "Type": "CHILD",
          "Ids": [
            "91d11df6-463f-4e86-b3b3-db0c0af8bdf2"
          ]
        }
      ],
      "Page": 1
    },
    {
      "BlockType": "LINE",
      "Confidence": 99.89080810546875,
      "Text": "380",
      "Geometry": {
        "BoundingBox": {
          "Width": 0.027001062408089638,
          "Height": 0.022434517741203308,
          "Left": 0.4359476566314697,
          "Top": 0.535711944103241
        },
        "Polygon": [
          {
            "X": 0.4359476566314697,
            "Y": 0.535711944103241
          },
          {
            "X": 0.4627648591995239,
            "Y": 0.5357801914215088
          },
          {
            "X": 0.4629487097263336,
            "Y": 0.5581464767456055
          },
          {
            "X": 0.4361279308795929,
            "Y": 0.5580767393112183
          }
        ]
      },
      "Id": "1b23eae8-177d-47ca-88fe-ff30d691f09a",
      "Relationships": [
        {
          "Type": "CHILD",
          "Ids": [
            "fb9da8a6-2c74-4e5e-a641-5855b064a705"
          ]
        }
      ],
      "Page": 1
    },
    {
      "BlockType": "LINE",
      "Confidence": 99.95062255859375,
      "Text": "399",
      "Geometry": {
        "BoundingBox": {
          "Width": 0.027241550385951996,
          "Height": 0.02280609682202339,
          "Left": 0.5446820259094238,
          "Top": 0.5355884432792664
        },
        "Polygon": [
          {
            "X": 0.5446820259094238,
            "Y": 0.5355884432792664
          },
          {
            "X": 0.5717220902442932,
            "Y": 0.5356572270393372
          },
          {
            "X": 0.571923553943634,
            "Y": 0.5583945512771606
          },
          {
            "X": 0.5448798537254333,
            "Y": 0.5583242177963257
          }
        ]
      },
      "Id": "43d4262c-6cff-4e9c-a19c-b0e8f92e7f86",
      "Relationships": [
        {
          "Type": "CHILD",
          "Ids": [
            "0b13d2cb-e914-4b75-9228-f3474185bec0"
          ]
        }
      ],
      "Page": 1
    },
    {
      "BlockType": "LINE",
      "Confidence": 77.4261703491211,
      "Text": "13.0",
      "Geometry": {
        "BoundingBox": {
          "Width": 0.03066885657608509,
          "Height": 0.022487156093120575,
          "Left": 0.6619625687599182,
          "Top": 0.5356907844543457
        },
        "Polygon": [
          {
            "X": 0.6619625687599182,
            "Y": 0.5356907844543457
          },
          {
            "X": 0.6924169659614563,
            "Y": 0.5357682108879089
          },
          {
            "X": 0.6926314234733582,
            "Y": 0.5581779479980469
          },
          {
            "X": 0.6621730327606201,
            "Y": 0.5580987334251404
          }
        ]
      },
      "Id": "c1df6299-41e3-493e-97d4-07682ec0e144",
      "Relationships": [
        {
          "Type": "CHILD",
          "Ids": [
            "cd78cd06-bb65-4ece-a89d-fb7e57606ce0"
          ]
        }
      ],
      "Page": 1
    },
    {
      "BlockType": "LINE",
      "Confidence": 99.87506103515625,
      "Text": "BADGE/DDM",
      "Geometry": {
        "BoundingBox": {
          "Width": 0.12117741256952286,
          "Height": 0.029106885194778442,
          "Left": 0.2518245577812195,
          "Top": 0.5696246027946472
        },
        "Polygon": [
          {
            "X": 0.2518245577812195,
            "Y": 0.5696246027946472
          },
          {
            "X": 0.37278062105178833,
            "Y": 0.5699430108070374
          },
          {
            "X": 0.37300196290016174,
            "Y": 0.5987314581871033
          },
          {
            "X": 0.2520253360271454,
            "Y": 0.598404049873352
          }
        ]
      },
      "Id": "826ed6e7-6c04-42a7-9cfb-66ed0fe1f6f3",
      "Relationships": [
        {
          "Type": "CHILD",
          "Ids": [
            "9eeb193b-538f-49f7-b1c8-4abfbfb98136"
          ]
        }
      ],
      "Page": 1
    },
    {
      "BlockType": "LINE",
      "Confidence": 99.96592712402344,
      "Text": "374",
      "Geometry": {
        "BoundingBox": {
          "Width": 0.027747198939323425,
          "Height": 0.022652728483080864,
          "Left": 0.4356316924095154,
          "Top": 0.5722315907478333
        },
        "Polygon": [
          {
            "X": 0.4356316924095154,
            "Y": 0.5722315907478333
          },
          {
            "X": 0.46319326758384705,
            "Y": 0.5723043084144592
          },
          {
            "X": 0.4633788764476776,
            "Y": 0.5948843359947205
          },
          {
            "X": 0.43581363558769226,
            "Y": 0.5948100090026855
          }
        ]
      },
      "Id": "b1372d3b-07eb-4a44-9c3a-1bb23308cc68",
      "Relationships": [
        {
          "Type": "CHILD",
          "Ids": [
            "71975960-0a10-4c60-95ac-e17cf3d9a775"
          ]
        }
      ],
      "Page": 1
    },
    {
      "BlockType": "LINE",
      "Confidence": 99.91704559326172,
      "Text": "395",
      "Geometry": {
        "BoundingBox": {
          "Width": 0.02736758440732956,
          "Height": 0.022794876247644424,
          "Left": 0.5445114374160767,
          "Top": 0.5722557306289673
        },
        "Polygon": [
          {
            "X": 0.5445114374160767,
            "Y": 0.5722557306289673
          },
          {
            "X": 0.5716777443885803,
            "Y": 0.5723273754119873
          },
          {
            "X": 0.5718790292739868,
            "Y": 0.595050573348999
          },
          {
            "X": 0.5447090864181519,
            "Y": 0.5949773788452148
          }
        ]
      },
      "Id": "d531f7e4-d056-47c6-99f3-85b1e7e94477",
      "Relationships": [
        {
          "Type": "CHILD",
          "Ids": [
            "fa22fd2c-2c35-43ed-bee1-d3de6ef921f9"
          ]
        }
      ],
      "Page": 1
    },
    {
      "BlockType": "LINE",
      "Confidence": 98.24546813964844,
      "Text": "26.9",
      "Geometry": {
        "BoundingBox": {
          "Width": 0.03229618817567825,
          "Height": 0.023334607481956482,
          "Left": 0.6601141691207886,
          "Top": 0.5720968842506409
        },
        "Polygon": [
          {
            "X": 0.6601141691207886,
            "Y": 0.5720968842506409
          },
          {
            "X": 0.6921879053115845,
            "Y": 0.5721814632415771
          },
          {
            "X": 0.6924103498458862,
            "Y": 0.5954315066337585
          },
          {
            "X": 0.660332202911377,
            "Y": 0.5953450202941895
          }
        ]
      },
      "Id": "4d42b43a-b3c8-4c11-af68-7415d51ad8d3",
      "Relationships": [
        {
          "Type": "CHILD",
          "Ids": [
            "183482db-22f9-4a23-8693-7eabd6c74c81"
          ]
        }
      ],
      "Page": 1
    },
    {
      "BlockType": "WORD",
      "Confidence": 99.96197509765625,
      "Text": "Sample",
      "TextType": "PRINTED",
      "Geometry": {
        "BoundingBox": {
          "Width": 0.056920796632766724,
          "Height": 0.02922101691365242,
          "Left": 0.25154659152030945,
          "Top": 0.4124435782432556
        },
        "Polygon": [
          {
            "X": 0.25154659152030945,
            "Y": 0.4124435782432556
          },
          {
            "X": 0.30825453996658325,
            "Y": 0.4125698506832123
          },
          {
            "X": 0.30846738815307617,
            "Y": 0.44166457653045654
          },
          {
            "X": 0.2517496943473816,
            "Y": 0.44153404235839844
          }
        ]
      },
      "Id": "8861dbb3-39d2-4884-8056-fee763bff93c",
      "Page": 1
    },
    {
      "BlockType": "WORD",
      "Confidence": 97.90756225585938,
      "Text": "T5",
      "TextType": "PRINTED",
      "Geometry": {
        "BoundingBox": {
          "Width": 0.018034687265753746,
          "Height": 0.026236077770590782,
          "Left": 0.4367704689502716,
          "Top": 0.4131256639957428
        },
        "Polygon": [
          {
            "X": 0.4367704689502716,
            "Y": 0.4131256639957428
          },
          {
            "X": 0.45459094643592834,
            "Y": 0.4131653606891632
          },
          {
            "X": 0.4548051655292511,
            "Y": 0.4393617510795593
          },
          {
            "X": 0.4369819462299347,
            "Y": 0.439320832490921
          }
        ]
      },
      "Id": "e22e00e7-ad44-418a-9e60-d99bde4f3901",
      "Page": 1
    },
    {
      "BlockType": "WORD",
      "Confidence": 55.9376220703125,
      "Text": "(°C)",
      "TextType": "PRINTED",
      "Geometry": {
        "BoundingBox": {
          "Width": 0.03272012248635292,
          "Height": 0.028497282415628433,
          "Left": 0.46008339524269104,
          "Top": 0.4122476875782013
        },
        "Polygon": [
          {
            "X": 0.46008339524269104,
            "Y": 0.4122476875782013
          },
          {
            "X": 0.49256473779678345,
            "Y": 0.41231995820999146
          },
          {
            "X": 0.49280351400375366,
            "Y": 0.44074496626853943
          },
          {
            "X": 0.4603167474269867,
            "Y": 0.44067031145095825
          }
        ]
      },
      "Id": "611e8ada-f895-49a3-93b2-d10040b4dfdf",
      "Page": 1
    },
    {
      "BlockType": "WORD",
      "Confidence": 95.24014282226562,
      "Text": "T10",
      "TextType": "PRINTED",
      "Geometry": {
        "BoundingBox": {
          "Width": 0.025510350242257118,
          "Height": 0.02556748129427433,
          "Left": 0.5458085536956787,
          "Top": 0.41332656145095825
        },
        "Polygon": [
          {
            "X": 0.5458085536956787,
            "Y": 0.41332656145095825
          },
          {
            "X": 0.5710927844047546,
            "Y": 0.4133828580379486
          },
          {
            "X": 0.5713189244270325,
            "Y": 0.43889403343200684
          },
          {
            "X": 0.5460308790206909,
            "Y": 0.4388360381126404
          }
        ]
      },
      "Id": "5dabc66c-fc1a-493a-a529-d9ab8c45e98e",
      "Page": 1
    },
    {
      "BlockType": "WORD",
      "Confidence": 50.209598541259766,
      "Text": "(°C)",
      "TextType": "PRINTED",
      "Geometry": {
        "BoundingBox": {
          "Width": 0.033295437693595886,
          "Height": 0.02789893187582493,
          "Left": 0.5755783915519714,
          "Top": 0.41248416900634766
        },
        "Polygon": [
          {
            "X": 0.5755783915519714,
            "Y": 0.41248416900634766
          },
          {
            "X": 0.6086210608482361,
            "Y": 0.4125576913356781
          },
          {
            "X": 0.6088738441467285,
            "Y": 0.44038307666778564
          },
          {
            "X": 0.5758257508277893,
            "Y": 0.4403071701526642
          }
        ]
      },
      "Id": "a3e1718b-e9f4-4f53-aa25-3a1c5751211f",
      "Page": 1
    },
    {
      "BlockType": "WORD",
      "Confidence": 96.30108642578125,
      "Text": "Rw",
      "TextType": "PRINTED",
      "Geometry": {
        "BoundingBox": {
          "Width": 0.023181498050689697,
          "Height": 0.024806292727589607,
          "Left": 0.6609348058700562,
          "Top": 0.41332802176475525
        },
        "Polygon": [
          {
            "X": 0.6609348058700562,
            "Y": 0.41332802176475525
          },
          {
            "X": 0.6838804483413696,
            "Y": 0.41337913274765015
          },
          {
            "X": 0.6841163039207458,
            "Y": 0.4381343424320221
          },
          {
            "X": 0.661167323589325,
            "Y": 0.4380817711353302
          }
        ]
      },
      "Id": "1f27cc1e-104b-4615-a095-0b05c9593b1b",
      "Page": 1
    },
    {
      "BlockType": "WORD",
      "Confidence": 99.9343490600586,
      "Text": "(%)",
      "TextType": "PRINTED",
      "Geometry": {
        "BoundingBox": {
          "Width": 0.027628351002931595,
          "Height": 0.028661876916885376,
          "Left": 0.6887194514274597,
          "Top": 0.4122768044471741
        },
        "Polygon": [
          {
            "X": 0.6887194514274597,
            "Y": 0.4122768044471741
          },
          {
            "X": 0.7160698771476746,
            "Y": 0.41233763098716736
          },
          {
            "X": 0.7163478136062622,
            "Y": 0.44093868136405945
          },
          {
            "X": 0.6889927387237549,
            "Y": 0.4408758282661438
          }
        ]
      },
      "Id": "f74c62a2-dff6-4aa4-9e1b-3360c65a62f9",
      "Page": 1
    },
    {
      "BlockType": "WORD",
      "Confidence": 99.58214569091797,
      "Text": "BGTF/HMPA",
      "TextType": "PRINTED",
      "Geometry": {
        "BoundingBox": {
          "Width": 0.115913525223732,
          "Height": 0.028189724311232567,
          "Left": 0.2518883943557739,
          "Top": 0.46133431792259216
        },
        "Polygon": [
          {
            "X": 0.2518883943557739,
            "Y": 0.46133431792259216
          },
          {
            "X": 0.36758801341056824,
            "Y": 0.46160656213760376
          },
          {
            "X": 0.3678019344806671,
            "Y": 0.4895240366458893
          },
          {
            "X": 0.2520832419395447,
            "Y": 0.48924344778060913
          }
        ]
      },
      "Id": "0cfaf019-cb3b-404b-ab00-a91067a11e35",
      "Page": 1
    },
    {
      "BlockType": "WORD",
      "Confidence": 99.94412994384766,
      "Text": "382",
      "TextType": "PRINTED",
      "Geometry": {
        "BoundingBox": {
          "Width": 0.026961110532283783,
          "Height": 0.022842654958367348,
          "Left": 0.43602418899536133,
          "Top": 0.46361881494522095
        },
        "Polygon": [
          {
            "X": 0.43602418899536133,
            "Y": 0.46361881494522095
          },
          {
            "X": 0.46279796957969666,
            "Y": 0.4636819362640381
          },
          {
            "X": 0.4629852771759033,
            "Y": 0.48646146059036255
          },
          {
            "X": 0.4362078905105591,
            "Y": 0.48639675974845886
          }
        ]
      },
      "Id": "a9afcfea-9a1b-4c7a-a1c5-ea760445cabd",
      "Page": 1
    },
    {
      "BlockType": "WORD",
      "Confidence": 99.98375701904297,
      "Text": "402",
      "TextType": "PRINTED",
      "Geometry": {
        "BoundingBox": {
          "Width": 0.02816375344991684,
          "Height": 0.022941958159208298,
          "Left": 0.5437964797019958,
          "Top": 0.46350276470184326
        },
        "Polygon": [
          {
            "X": 0.5437964797019958,
            "Y": 0.46350276470184326
          },
          {
            "X": 0.571757435798645,
            "Y": 0.46356868743896484
          },
          {
            "X": 0.5719602108001709,
            "Y": 0.48644474148750305
          },
          {
            "X": 0.5439954996109009,
            "Y": 0.48637717962265015
          }
        ]
      },
      "Id": "77c1f073-3dd0-407c-a75f-648f1ebf9eb2",
      "Page": 1
    },
    {
      "BlockType": "WORD",
      "Confidence": 99.59829711914062,
      "Text": "11.3",
      "TextType": "PRINTED",
      "Geometry": {
        "BoundingBox": {
          "Width": 0.02975044958293438,
          "Height": 0.022925054654479027,
          "Left": 0.6620879173278809,
          "Top": 0.46344640851020813
        },
        "Polygon": [
          {
            "X": 0.6620879173278809,
            "Y": 0.46344640851020813
          },
          {
            "X": 0.6916196346282959,
            "Y": 0.4635159969329834
          },
          {
            "X": 0.6918383836746216,
            "Y": 0.4863714873790741
          },
          {
            "X": 0.6623026728630066,
            "Y": 0.48630014061927795
          }
        ]
      },
      "Id": "324453c7-14d5-4a50-be48-3e74a12cd0eb",
      "Page": 1
    },
    {
      "BlockType": "WORD",
      "Confidence": 99.67581939697266,
      "Text": "BGTF/DDM",
      "TextType": "PRINTED",
      "Geometry": {
        "BoundingBox": {
          "Width": 0.10481157898902893,
          "Height": 0.027848510071635246,
          "Left": 0.2518101632595062,
          "Top": 0.4969182014465332
        },
        "Polygon": [
          {
            "X": 0.2518101632595062,
            "Y": 0.4969182014465332
          },
          {
            "X": 0.3564121723175049,
            "Y": 0.49717390537261963
          },
          {
            "X": 0.35662174224853516,
            "Y": 0.5247666835784912
          },
          {
            "X": 0.25200268626213074,
            "Y": 0.5245034694671631
          }
        ]
      },
      "Id": "1b9e8027-ef08-4a23-8d60-4253faaea2e4",
      "Page": 1
    },
    {
      "BlockType": "WORD",
      "Confidence": 99.96758270263672,
      "Text": "370",
      "TextType": "PRINTED",
      "Geometry": {
        "BoundingBox": {
          "Width": 0.027149399742484093,
          "Height": 0.022687727585434914,
          "Left": 0.43588218092918396,
          "Top": 0.4991084635257721
        },
        "Polygon": [
          {
            "X": 0.43588218092918396,
            "Y": 0.4991084635257721
          },
          {
            "X": 0.4628455936908722,
            "Y": 0.4991745054721832
          },
          {
            "X": 0.4630315899848938,
            "Y": 0.5217961668968201
          },
          {
            "X": 0.43606457114219666,
            "Y": 0.5217285752296448
          }
        ]
      },
      "Id": "aa08bf5d-ba8a-45a7-ad06-a2268e511e0e",
      "Page": 1
    },
    {
      "BlockType": "WORD",
      "Confidence": 99.93281555175781,
      "Text": "395",
      "TextType": "PRINTED",
      "Geometry": {
        "BoundingBox": {
          "Width": 0.027047548443078995,
          "Height": 0.022447701543569565,
          "Left": 0.5446951389312744,
          "Top": 0.4991767108440399
        },
        "Polygon": [
          {
            "X": 0.5446951389312744,
            "Y": 0.4991767108440399
          },
          {
            "X": 0.571544349193573,
            "Y": 0.4992424547672272
          },
          {
            "X": 0.5717427134513855,
            "Y": 0.5216243863105774
          },
          {
            "X": 0.5448899269104004,
            "Y": 0.521557092666626
          }
        ]
      },
      "Id": "400503cb-b508-46c0-86af-29148705bb20",
      "Page": 1
    },
    {
      "BlockType": "WORD",
      "Confidence": 99.89698791503906,
      "Text": "47.3",
      "TextType": "PRINTED",
      "Geometry": {
        "BoundingBox": {
          "Width": 0.03236880898475647,
          "Height": 0.022887220606207848,
          "Left": 0.6597205400466919,
          "Top": 0.4989389181137085
        },
        "Polygon": [
          {
            "X": 0.6597205400466919,
            "Y": 0.4989389181137085
          },
          {
            "X": 0.6918710470199585,
            "Y": 0.4990176260471344
          },
          {
            "X": 0.692089319229126,
            "Y": 0.5218261480331421
          },
          {
            "X": 0.6599344611167908,
            "Y": 0.5217455625534058
          }
        ]
      },
      "Id": "a56839c0-8923-4b8a-b547-9811d16ab707",
      "Page": 1
    },
    {
      "BlockType": "WORD",
      "Confidence": 99.80438995361328,
      "Text": "BADGE/HMPA",
      "TextType": "PRINTED",
      "Geometry": {
        "BoundingBox": {
          "Width": 0.1328701674938202,
          "Height": 0.028454765677452087,
          "Left": 0.2515760660171509,
          "Top": 0.533579409122467
        },
        "Polygon": [
          {
            "X": 0.2515760660171509,
            "Y": 0.533579409122467
          },
          {
            "X": 0.3842281401157379,
            "Y": 0.5339162349700928
          },
          {
            "X": 0.38444626331329346,
            "Y": 0.5620341897010803
          },
          {
            "X": 0.2517721652984619,
            "Y": 0.5616876482963562
          }
        ]
      },
      "Id": "91d11df6-463f-4e86-b3b3-db0c0af8bdf2",
      "Page": 1
    },
    {
      "BlockType": "WORD",
      "Confidence": 99.89080810546875,
      "Text": "380",
      "TextType": "PRINTED",
      "Geometry": {
        "BoundingBox": {
          "Width": 0.027001062408089638,
          "Height": 0.022434517741203308,
          "Left": 0.4359476566314697,
          "Top": 0.535711944103241
        },
        "Polygon": [
          {
            "X": 0.4359476566314697,
            "Y": 0.535711944103241
          },
          {
            "X": 0.4627648591995239,
            "Y": 0.5357801914215088
          },
          {
            "X": 0.4629487097263336,
            "Y": 0.5581464767456055
          },
          {
            "X": 0.4361279308795929,
            "Y": 0.5580767393112183
          }
        ]
      },
      "Id": "fb9da8a6-2c74-4e5e-a641-5855b064a705",
      "Page": 1
    },
    {
      "BlockType": "WORD",
      "Confidence": 99.95062255859375,
      "Text": "399",
      "TextType": "PRINTED",
      "Geometry": {
        "BoundingBox": {
          "Width": 0.027241550385951996,
          "Height": 0.02280609682202339,
          "Left": 0.5446820259094238,
          "Top": 0.5355884432792664
        },
        "Polygon": [
          {
            "X": 0.5446820259094238,
            "Y": 0.5355884432792664
          },
          {
            "X": 0.5717220902442932,
            "Y": 0.5356572270393372
          },
          {
            "X": 0.571923553943634,
            "Y": 0.5583945512771606
          },
          {
            "X": 0.5448798537254333,
            "Y": 0.5583242177963257
          }
        ]
      },
      "Id": "0b13d2cb-e914-4b75-9228-f3474185bec0",
      "Page": 1
    },
    {
      "BlockType": "WORD",
      "Confidence": 77.4261703491211,
      "Text": "13.0",
      "TextType": "PRINTED",
      "Geometry": {
        "BoundingBox": {
          "Width": 0.03066885657608509,
          "Height": 0.022487156093120575,
          "Left": 0.6619625687599182,
          "Top": 0.5356907844543457
        },
        "Polygon": [
          {
            "X": 0.6619625687599182,
            "Y": 0.5356907844543457
          },
          {
            "X": 0.6924169659614563,
            "Y": 0.5357682108879089
          },
          {
            "X": 0.6926314234733582,
            "Y": 0.5581779479980469
          },
          {
            "X": 0.6621730327606201,
            "Y": 0.5580987334251404
          }
        ]
      },
      "Id": "cd78cd06-bb65-4ece-a89d-fb7e57606ce0",
      "Page": 1
    },
    {
      "BlockType": "WORD",
      "Confidence": 99.87506103515625,
      "Text": "BADGE/DDM",
      "TextType": "PRINTED",
      "Geometry": {
        "BoundingBox": {
          "Width": 0.12117741256952286,
          "Height": 0.029106885194778442,
          "Left": 0.2518245577812195,
          "Top": 0.5696246027946472
        },
        "Polygon": [
          {
            "X": 0.2518245577812195,
            "Y": 0.5696246027946472
          },
          {
            "X": 0.37278062105178833,
            "Y": 0.5699430108070374
          },
          {
            "X": 0.37300196290016174,
            "Y": 0.5987314581871033
          },
          {
            "X": 0.2520253360271454,
            "Y": 0.598404049873352
          }
        ]
      },
      "Id": "9eeb193b-538f-49f7-b1c8-4abfbfb98136",
      "Page": 1
    },
    {
      "BlockType": "WORD",
      "Confidence": 99.96592712402344,
      "Text": "374",
      "TextType": "PRINTED",
      "Geometry": {
        "BoundingBox": {
          "Width": 0.027747198939323425,
          "Height": 0.022652728483080864,
          "Left": 0.4356316924095154,
          "Top": 0.5722315907478333
        },
        "Polygon": [
          {
            "X": 0.4356316924095154,
            "Y": 0.5722315907478333
          },
          {
            "X": 0.46319326758384705,
            "Y": 0.5723043084144592
          },
          {
            "X": 0.4633788764476776,
            "Y": 0.5948843359947205
          },
          {
            "X": 0.43581363558769226,
            "Y": 0.5948100090026855
          }
        ]
      },
      "Id": "71975960-0a10-4c60-95ac-e17cf3d9a775",
      "Page": 1
    },
    {
      "BlockType": "WORD",
      "Confidence": 99.91704559326172,
      "Text": "395",
      "TextType": "PRINTED",
      "Geometry": {
        "BoundingBox": {
          "Width": 0.02736758440732956,
          "Height": 0.022794876247644424,
          "Left": 0.5445114374160767,
          "Top": 0.5722557306289673
        },
        "Polygon": [
          {
            "X": 0.5445114374160767,
            "Y": 0.5722557306289673
          },
          {
            "X": 0.5716777443885803,
            "Y": 0.5723273754119873
          },
          {
            "X": 0.5718790292739868,
            "Y": 0.595050573348999
          },
          {
            "X": 0.5447090864181519,
            "Y": 0.5949773788452148
          }
        ]
      },
      "Id": "fa22fd2c-2c35-43ed-bee1-d3de6ef921f9",
      "Page": 1
    },
    {
      "BlockType": "WORD",
      "Confidence": 98.24546813964844,
      "Text": "26.9",
      "TextType": "PRINTED",
      "Geometry": {
        "BoundingBox": {
          "Width": 0.03229618817567825,
          "Height": 0.023334607481956482,
          "Left": 0.6601141691207886,
          "Top": 0.5720968842506409
        },
        "Polygon": [
          {
            "X": 0.6601141691207886,
            "Y": 0.5720968842506409
          },
          {
            "X": 0.6921879053115845,
            "Y": 0.5721814632415771
          },
          {
            "X": 0.6924103498458862,
            "Y": 0.5954315066337585
          },
          {
            "X": 0.660332202911377,
            "Y": 0.5953450202941895
          }
        ]
      },
      "Id": "183482db-22f9-4a23-8693-7eabd6c74c81",
      "Page": 1
    },
    {
      "BlockType": "TABLE",
      "Confidence": 98.681640625,
      "Geometry": {
        "BoundingBox": {
          "Width": 0.5054552555084229,
          "Height": 0.20664912462234497,
          "Left": 0.2468617707490921,
          "Top": 0.3989245295524597
        },
        "Polygon": [
          {
            "X": 0.2468617707490921,
            "Y": 0.3989245295524597
          },
          {
            "X": 0.7502780556678772,
            "Y": 0.4000280201435089
          },
          {
            "X": 0.7523170113563538,
            "Y": 0.6055736541748047
          },
          {
            "X": 0.2482893317937851,
            "Y": 0.6042019128799438
          }
        ]
      },
      "Id": "3e72649b-3884-4458-aee3-624834629cc8",
      "Relationships": [
        {
          "Type": "CHILD",
          "Ids": [
            "04d0a83f-1fb1-47cd-be3f-eaadbeac6f26",
            "77e85fbb-d10c-4176-a9f2-d7074f931bb0",
            "703761ba-a15e-44c1-9355-c12fa2afdff4",
            "a7dd29f4-a195-442b-8d39-67a1f0ae15bb",
            "dc4c4c54-066b-4334-99b8-dfaa2a55611a",
            "bfa363ff-bb69-4e5f-a916-ba47f0a45e95",
            "22762b2b-e70b-4a6a-9d37-ff43c16d68ea",
            "333548c2-a53a-4d6d-ac1f-238d03c6013f",
            "26769a65-1d0f-47a1-8409-7ac4ac4af349",
            "e728bfb1-1660-434c-a423-81c1664b7948",
            "8e393a75-bbe8-41e9-8ca7-7e4c689c2b13",
            "31dc8db1-7776-42cb-81cb-6804f6ff8c20",
            "2af5e1fd-ef67-45a4-bcca-98be52474b9c",
            "78a6e59f-226d-439b-b867-cae8806235f4",
            "06170b50-7a10-4bc9-a980-7f8a5707a4a4",
            "50684176-d825-4bd2-9229-bbad0f6f5cef",
            "e400ef25-5e6b-4d7f-b4b3-abc59f362d0b",
            "4951729a-3297-4368-a140-35ed111d7903",
            "e7c2dff7-e206-4611-8f36-20659fe749be",
            "4e63fef8-1e4b-4287-99f1-327309f8bd55"
          ]
        }
      ],
      "EntityTypes": [
        "STRUCTURED_TABLE"
      ],
      "Page": 1
    },
    {
      "BlockType": "CELL",
      "Confidence": 94.04296875,
      "RowIndex": 1,
      "ColumnIndex": 1,
      "RowSpan": 1,
      "ColumnSpan": 1,
      "Geometry": {
        "BoundingBox": {
          "Width": 0.1645527184009552,
          "Height": 0.04988390579819679,
          "Left": 0.2468617707490921,
          "Top": 0.3989245295524597
        },
        "Polygon": [
          {
            "X": 0.2468617707490921,
            "Y": 0.3989245295524597
          },
          {
            "X": 0.4110221862792969,
            "Y": 0.39928436279296875
          },
          {
            "X": 0.4114144742488861,
            "Y": 0.4488084316253662
          },
          {
            "X": 0.24720603227615356,
            "Y": 0.4484275281429291
          }
        ]
      },
      "Id": "04d0a83f-1fb1-47cd-be3f-eaadbeac6f26",
      "Relationships": [
        {
          "Type": "CHILD",
          "Ids": [
            "8861dbb3-39d2-4884-8056-fee763bff93c"
          ]
        }
      ],
      "EntityTypes": [
        "COLUMN_HEADER"
      ],
      "Page": 1
    },
    {
      "BlockType": "CELL",
      "Confidence": 91.50390625,
      "RowIndex": 1,
      "ColumnIndex": 2,
      "RowSpan": 1,
      "ColumnSpan": 1,
      "Geometry": {
        "BoundingBox": {
          "Width": 0.10855182260274887,
          "Height": 0.04977496340870857,
          "Left": 0.4110221862792969,
          "Top": 0.39928436279296875
        },
        "Polygon": [
          {
            "X": 0.4110221862792969,
            "Y": 0.39928436279296875
          },
          {
            "X": 0.5191500186920166,
            "Y": 0.3995213806629181
          },
          {
            "X": 0.519573986530304,
            "Y": 0.4490593373775482
          },
          {
            "X": 0.4114144742488861,
            "Y": 0.4488084316253662
          }
        ]
      },
      "Id": "77e85fbb-d10c-4176-a9f2-d7074f931bb0",
      "Relationships": [
        {
          "Type": "CHILD",
          "Ids": [
            "e22e00e7-ad44-418a-9e60-d99bde4f3901",
            "611e8ada-f895-49a3-93b2-d10040b4dfdf"
          ]
        }
      ],
      "EntityTypes": [
        "COLUMN_HEADER"
      ],
      "Page": 1
    },
    {
      "BlockType": "CELL",
      "Confidence": 92.919921875,
      "RowIndex": 1,
      "ColumnIndex": 3,
      "RowSpan": 1,
      "ColumnSpan": 1,
      "Geometry": {
        "BoundingBox": {
          "Width": 0.11608100682497025,
          "Height": 0.04980623722076416,
          "Left": 0.5191500186920166,
          "Top": 0.3995213806629181
        },
        "Polygon": [
          {
            "X": 0.5191500186920166,
            "Y": 0.3995213806629181
          },
          {
            "X": 0.6347731947898865,
            "Y": 0.39977481961250305
          },
          {
            "X": 0.635231077671051,
            "Y": 0.44932761788368225
          },
          {
            "X": 0.519573986530304,
            "Y": 0.4490593373775482
          }
        ]
      },
      "Id": "703761ba-a15e-44c1-9355-c12fa2afdff4",
      "Relationships": [
        {
          "Type": "CHILD",
          "Ids": [
            "5dabc66c-fc1a-493a-a529-d9ab8c45e98e",
            "a3e1718b-e9f4-4f53-aa25-3a1c5751211f"
          ]
        }
      ],
      "EntityTypes": [
        "COLUMN_HEADER"
      ],
      "Page": 1
    },
    {
      "BlockType": "CELL",
      "Confidence": 92.724609375,
      "RowIndex": 1,
      "ColumnIndex": 4,
      "RowSpan": 1,
      "ColumnSpan": 1,
      "Geometry": {
        "BoundingBox": {
          "Width": 0.11599653959274292,
          "Height": 0.049820806831121445,
          "Left": 0.6347731947898865,
          "Top": 0.39977481961250305
        },
        "Polygon": [
          {
            "X": 0.6347731947898865,
            "Y": 0.39977481961250305
          },
          {
            "X": 0.7502780556678772,
            "Y": 0.4000280201435089
          },
          {
            "X": 0.7507697343826294,
            "Y": 0.4495956301689148
          },
          {
            "X": 0.635231077671051,
            "Y": 0.44932761788368225
          }
        ]
      },
      "Id": "a7dd29f4-a195-442b-8d39-67a1f0ae15bb",
      "Relationships": [
        {
          "Type": "CHILD",
          "Ids": [
            "1f27cc1e-104b-4615-a095-0b05c9593b1b",
            "f74c62a2-dff6-4aa4-9e1b-3360c65a62f9"
          ]
        }
      ],
      "EntityTypes": [
        "COLUMN_HEADER"
      ],
      "Page": 1
    },
    {
      "BlockType": "CELL",
      "Confidence": 90.8203125,
      "RowIndex": 2,
      "ColumnIndex": 1,
      "RowSpan": 1,
      "ColumnSpan": 1,
      "Geometry": {
        "BoundingBox": {
          "Width": 0.1645534187555313,
          "Height": 0.043929893523454666,
          "Left": 0.24720603227615356,
          "Top": 0.4484275281429291
        },
        "Polygon": [
          {
            "X": 0.24720603227615356,
            "Y": 0.4484275281429291
          },
          {
            "X": 0.4114144742488861,
            "Y": 0.4488084316253662
          },
          {
            "X": 0.4117594361305237,
            "Y": 0.49235740303993225
          },
          {
            "X": 0.24750874936580658,
            "Y": 0.49195796251296997
          }
        ]
      },
      "Id": "dc4c4c54-066b-4334-99b8-dfaa2a55611a",
      "Relationships": [
        {
          "Type": "CHILD",
          "Ids": [
            "0cfaf019-cb3b-404b-ab00-a91067a11e35"
          ]
        }
      ],
      "Page": 1
    },
    {
      "BlockType": "CELL",
      "Confidence": 88.37890625,
      "RowIndex": 2,
      "ColumnIndex": 2,
      "RowSpan": 1,
      "ColumnSpan": 1,
      "Geometry": {
        "BoundingBox": {
          "Width": 0.10853233188390732,
          "Height": 0.043812092393636703,
          "Left": 0.4114144742488861,
          "Top": 0.4488084316253662
        },
        "Polygon": [
          {
            "X": 0.4114144742488861,
            "Y": 0.4488084316253662
          },
          {
            "X": 0.519573986530304,
            "Y": 0.4490593373775482
          },
          {
            "X": 0.519946813583374,
            "Y": 0.4926205277442932
          },
          {
            "X": 0.4117594361305237,
            "Y": 0.49235740303993225
          }
        ]
      },
      "Id": "bfa363ff-bb69-4e5f-a916-ba47f0a45e95",
      "Relationships": [
        {
          "Type": "CHILD",
          "Ids": [
            "a9afcfea-9a1b-4c7a-a1c5-ea760445cabd"
          ]
        }
      ],
      "Page": 1
    },
    {
      "BlockType": "CELL",
      "Confidence": 89.794921875,
      "RowIndex": 2,
      "ColumnIndex": 3,
      "RowSpan": 1,
      "ColumnSpan": 1,
      "Geometry": {
        "BoundingBox": {
          "Width": 0.11605964601039886,
          "Height": 0.04384254291653633,
          "Left": 0.519573986530304,
          "Top": 0.4490593373775482
        },
        "Polygon": [
          {
            "X": 0.519573986530304,
            "Y": 0.4490593373775482
          },
          {
            "X": 0.635231077671051,
            "Y": 0.44932761788368225
          },
          {
            "X": 0.635633647441864,
            "Y": 0.49290186166763306
          },
          {
            "X": 0.519946813583374,
            "Y": 0.4926205277442932
          }
        ]
      },
      "Id": "22762b2b-e70b-4a6a-9d37-ff43c16d68ea",
      "Relationships": [
        {
          "Type": "CHILD",
          "Ids": [
            "77c1f073-3dd0-407c-a75f-648f1ebf9eb2"
          ]
        }
      ],
      "Page": 1
    },
    {
      "BlockType": "CELL",
      "Confidence": 89.599609375,
      "RowIndex": 2,
      "ColumnIndex": 4,
      "RowSpan": 1,
      "ColumnSpan": 1,
      "Geometry": {
        "BoundingBox": {
          "Width": 0.11597108095884323,
          "Height": 0.04385531693696976,
          "Left": 0.635231077671051,
          "Top": 0.44932761788368225
        },
        "Polygon": [
          {
            "X": 0.635231077671051,
            "Y": 0.44932761788368225
          },
          {
            "X": 0.7507697343826294,
            "Y": 0.4495956301689148
          },
          {
            "X": 0.7512021064758301,
            "Y": 0.4931829273700714
          },
          {
            "X": 0.635633647441864,
            "Y": 0.49290186166763306
          }
        ]
      },
      "Id": "333548c2-a53a-4d6d-ac1f-238d03c6013f",
      "Relationships": [
        {
          "Type": "CHILD",
          "Ids": [
            "324453c7-14d5-4a50-be48-3e74a12cd0eb"
          ]
        }
      ],
      "Page": 1
    },
    {
      "BlockType": "CELL",
      "Confidence": 88.4765625,
      "RowIndex": 3,
      "ColumnIndex": 1,
      "RowSpan": 1,
      "ColumnSpan": 1,
      "Geometry": {
        "BoundingBox": {
          "Width": 0.1645330786705017,
          "Height": 0.036047060042619705,
          "Left": 0.24750874936580658,
          "Top": 0.49195796251296997
        },
        "Polygon": [
          {
            "X": 0.24750874936580658,
            "Y": 0.49195796251296997
          },
          {
            "X": 0.4117594361305237,
            "Y": 0.49235740303993225
          },
          {
            "X": 0.4120418131351471,
            "Y": 0.5280050039291382
          },
          {
            "X": 0.24775654077529907,
            "Y": 0.5275903940200806
          }
        ]
      },
      "Id": "26769a65-1d0f-47a1-8409-7ac4ac4af349",
      "Relationships": [
        {
          "Type": "CHILD",
          "Ids": [
            "1b9e8027-ef08-4a23-8d60-4253faaea2e4"
          ]
        }
      ],
      "Page": 1
    },
    {
      "BlockType": "CELL",
      "Confidence": 86.1328125,
      "RowIndex": 3,
      "ColumnIndex": 2,
      "RowSpan": 1,
      "ColumnSpan": 1,
      "Geometry": {
        "BoundingBox": {
          "Width": 0.10849253833293915,
          "Height": 0.03592071682214737,
          "Left": 0.4117594361305237,
          "Top": 0.49235740303993225
        },
        "Polygon": [
          {
            "X": 0.4117594361305237,
            "Y": 0.49235740303993225
          },
          {
            "X": 0.519946813583374,
            "Y": 0.4926205277442932
          },
          {
            "X": 0.520251989364624,
            "Y": 0.528278112411499
          },
          {
            "X": 0.4120418131351471,
            "Y": 0.5280050039291382
          }
        ]
      },
      "Id": "e728bfb1-1660-434c-a423-81c1664b7948",
      "Relationships": [
        {
          "Type": "CHILD",
          "Ids": [
            "aa08bf5d-ba8a-45a7-ad06-a2268e511e0e"
          ]
        }
      ],
      "Page": 1
    },
    {
      "BlockType": "CELL",
      "Confidence": 87.451171875,
      "RowIndex": 3,
      "ColumnIndex": 3,
      "RowSpan": 1,
      "ColumnSpan": 1,
      "Geometry": {
        "BoundingBox": {
          "Width": 0.11601638793945312,
          "Height": 0.03594965115189552,
          "Left": 0.519946813583374,
          "Top": 0.4926205277442932
        },
        "Polygon": [
          {
            "X": 0.519946813583374,
            "Y": 0.4926205277442932
          },
          {
            "X": 0.635633647441864,
            "Y": 0.49290186166763306
          },
          {
            "X": 0.6359632015228271,
            "Y": 0.5285701751708984
          },
          {
            "X": 0.520251989364624,
            "Y": 0.528278112411499
          }
        ]
      },
      "Id": "8e393a75-bbe8-41e9-8ca7-7e4c689c2b13",
      "Relationships": [
        {
          "Type": "CHILD",
          "Ids": [
            "400503cb-b508-46c0-86af-29148705bb20"
          ]
        }
      ],
      "Page": 1
    },
    {
      "BlockType": "CELL",
      "Confidence": 87.255859375,
      "RowIndex": 3,
      "ColumnIndex": 4,
      "RowSpan": 1,
      "ColumnSpan": 1,
      "Geometry": {
        "BoundingBox": {
          "Width": 0.11592240631580353,
          "Height": 0.03596004843711853,
          "Left": 0.635633647441864,
          "Top": 0.49290186166763306
        },
        "Polygon": [
          {
            "X": 0.635633647441864,
            "Y": 0.49290186166763306
          },
          {
            "X": 0.7512021064758301,
            "Y": 0.4931829273700714
          },
          {
            "X": 0.7515560388565063,
            "Y": 0.528861939907074
          },
          {
            "X": 0.6359632015228271,
            "Y": 0.5285701751708984
          }
        ]
      },
      "Id": "31dc8db1-7776-42cb-81cb-6804f6ff8c20",
      "Relationships": [
        {
          "Type": "CHILD",
          "Ids": [
            "a56839c0-8923-4b8a-b547-9811d16ab707"
          ]
        }
      ],
      "Page": 1
    },
    {
      "BlockType": "CELL",
      "Confidence": 88.8671875,
      "RowIndex": 4,
      "ColumnIndex": 1,
      "RowSpan": 1,
      "ColumnSpan": 1,
      "Geometry": {
        "BoundingBox": {
          "Width": 0.16457824409008026,
          "Height": 0.037398334592580795,
          "Left": 0.24775654077529907,
          "Top": 0.5275903940200806
        },
        "Polygon": [
          {
            "X": 0.24775654077529907,
            "Y": 0.5275903940200806
          },
          {
            "X": 0.4120418131351471,
            "Y": 0.5280050039291382
          },
          {
            "X": 0.4123347997665405,
            "Y": 0.5649887323379517
          },
          {
            "X": 0.24801363050937653,
            "Y": 0.5645583271980286
          }
        ]
      },
      "Id": "2af5e1fd-ef67-45a4-bcca-98be52474b9c",
      "Relationships": [
        {
          "Type": "CHILD",
          "Ids": [
            "91d11df6-463f-4e86-b3b3-db0c0af8bdf2"
          ]
        }
      ],
      "Page": 1
    },
    {
      "BlockType": "CELL",
      "Confidence": 86.474609375,
      "RowIndex": 4,
      "ColumnIndex": 2,
      "RowSpan": 1,
      "ColumnSpan": 1,
      "Geometry": {
        "BoundingBox": {
          "Width": 0.10852676630020142,
          "Height": 0.03726718947291374,
          "Left": 0.4120418131351471,
          "Top": 0.5280050039291382
        },
        "Polygon": [
          {
            "X": 0.4120418131351471,
            "Y": 0.5280050039291382
          },
          {
            "X": 0.520251989364624,
            "Y": 0.528278112411499
          },
          {
            "X": 0.5205686092376709,
            "Y": 0.5652722120285034
          },
          {
            "X": 0.4123347997665405,
            "Y": 0.5649887323379517
          }
        ]
      },
      "Id": "78a6e59f-226d-439b-b867-cae8806235f4",
      "Relationships": [
        {
          "Type": "CHILD",
          "Ids": [
            "fb9da8a6-2c74-4e5e-a641-5855b064a705"
          ]
        }
      ],
      "Page": 1
    },
    {
      "BlockType": "CELL",
      "Confidence": 87.841796875,
      "RowIndex": 4,
      "ColumnIndex": 3,
      "RowSpan": 1,
      "ColumnSpan": 1,
      "Geometry": {
        "BoundingBox": {
          "Width": 0.11605312675237656,
          "Height": 0.03729722276329994,
          "Left": 0.520251989364624,
          "Top": 0.528278112411499
        },
        "Polygon": [
          {
            "X": 0.520251989364624,
            "Y": 0.528278112411499
          },
          {
            "X": 0.6359632015228271,
            "Y": 0.5285701751708984
          },
          {
            "X": 0.6363050937652588,
            "Y": 0.565575361251831
          },
          {
            "X": 0.5205686092376709,
            "Y": 0.5652722120285034
          }
        ]
      },
      "Id": "06170b50-7a10-4bc9-a980-7f8a5707a4a4",
      "Relationships": [
        {
          "Type": "CHILD",
          "Ids": [
            "0b13d2cb-e914-4b75-9228-f3474185bec0"
          ]
        }
      ],
      "Page": 1
    },
    {
      "BlockType": "CELL",
      "Confidence": 87.646484375,
      "RowIndex": 4,
      "ColumnIndex": 4,
      "RowSpan": 1,
      "ColumnSpan": 1,
      "Geometry": {
        "BoundingBox": {
          "Width": 0.11596005409955978,
          "Height": 0.037308014929294586,
          "Left": 0.6359632015228271,
          "Top": 0.5285701751708984
        },
        "Polygon": [
          {
            "X": 0.6359632015228271,
            "Y": 0.5285701751708984
          },
          {
            "X": 0.7515560388565063,
            "Y": 0.528861939907074
          },
          {
            "X": 0.7519232630729675,
            "Y": 0.5658782124519348
          },
          {
            "X": 0.6363050937652588,
            "Y": 0.565575361251831
          }
        ]
      },
      "Id": "50684176-d825-4bd2-9229-bbad0f6f5cef",
      "Relationships": [
        {
          "Type": "CHILD",
          "Ids": [
            "cd78cd06-bb65-4ece-a89d-fb7e57606ce0"
          ]
        }
      ],
      "Page": 1
    },
    {
      "BlockType": "CELL",
      "Confidence": 90.91796875,
      "RowIndex": 5,
      "ColumnIndex": 1,
      "RowSpan": 1,
      "ColumnSpan": 1,
      "Geometry": {
        "BoundingBox": {
          "Width": 0.1646353155374527,
          "Height": 0.040090929716825485,
          "Left": 0.24801363050937653,
          "Top": 0.5645583271980286
        },
        "Polygon": [
          {
            "X": 0.24801363050937653,
            "Y": 0.5645583271980286
          },
          {
            "X": 0.4123347997665405,
            "Y": 0.5649887323379517
          },
          {
            "X": 0.4126489460468292,
            "Y": 0.6046492457389832
          },
          {
            "X": 0.2482893317937851,
            "Y": 0.6042019128799438
          }
        ]
      },
      "Id": "e400ef25-5e6b-4d7f-b4b3-abc59f362d0b",
      "Relationships": [
        {
          "Type": "CHILD",
          "Ids": [
            "9eeb193b-538f-49f7-b1c8-4abfbfb98136"
          ]
        }
      ],
      "Page": 1
    },
    {
      "BlockType": "CELL",
      "Confidence": 88.4765625,
      "RowIndex": 5,
      "ColumnIndex": 2,
      "RowSpan": 1,
      "ColumnSpan": 1,
      "Geometry": {
        "BoundingBox": {
          "Width": 0.10857333242893219,
          "Height": 0.03995515778660774,
          "Left": 0.4123347997665405,
          "Top": 0.5649887323379517
        },
        "Polygon": [
          {
            "X": 0.4123347997665405,
            "Y": 0.5649887323379517
          },
          {
            "X": 0.5205686092376709,
            "Y": 0.5652722120285034
          },
          {
            "X": 0.5209081172943115,
            "Y": 0.6049438714981079
          },
          {
            "X": 0.4126489460468292,
            "Y": 0.6046492457389832
          }
        ]
      },
      "Id": "4951729a-3297-4368-a140-35ed111d7903",
      "Relationships": [
        {
          "Type": "CHILD",
          "Ids": [
            "71975960-0a10-4c60-95ac-e17cf3d9a775"
          ]
        }
      ],
      "Page": 1
    },
    {
      "BlockType": "CELL",
      "Confidence": 89.892578125,
      "RowIndex": 5,
      "ColumnIndex": 3,
      "RowSpan": 1,
      "ColumnSpan": 1,
      "Geometry": {
        "BoundingBox": {
          "Width": 0.11610317975282669,
          "Height": 0.03998671844601631,
          "Left": 0.5205686092376709,
          "Top": 0.5652722120285034
        },
        "Polygon": [
          {
            "X": 0.5205686092376709,
            "Y": 0.5652722120285034
          },
          {
            "X": 0.6363050937652588,
            "Y": 0.565575361251831
          },
          {
            "X": 0.636671781539917,
            "Y": 0.6052589416503906
          },
          {
            "X": 0.5209081172943115,
            "Y": 0.6049438714981079
          }
        ]
      },
      "Id": "e7c2dff7-e206-4611-8f36-20659fe749be",
      "Relationships": [
        {
          "Type": "CHILD",
          "Ids": [
            "fa22fd2c-2c35-43ed-bee1-d3de6ef921f9"
          ]
        }
      ],
      "Page": 1
    },
    {
      "BlockType": "CELL",
      "Confidence": 89.697265625,
      "RowIndex": 5,
      "ColumnIndex": 4,
      "RowSpan": 1,
      "ColumnSpan": 1,
      "Geometry": {
        "BoundingBox": {
          "Width": 0.11601191759109497,
          "Height": 0.03999830782413483,
          "Left": 0.6363050937652588,
          "Top": 0.565575361251831
        },
        "Polygon": [
          {
            "X": 0.6363050937652588,
            "Y": 0.565575361251831
          },
          {
            "X": 0.7519232630729675,
            "Y": 0.5658782124519348
          },
          {
            "X": 0.7523170113563538,
            "Y": 0.6055736541748047
          },
          {
            "X": 0.636671781539917,
            "Y": 0.6052589416503906
          }
        ]
      },
      "Id": "4e63fef8-1e4b-4287-99f1-327309f8bd55",
      "Relationships": [
        {
          "Type": "CHILD",
          "Ids": [
            "183482db-22f9-4a23-8693-7eabd6c74c81"
          ]
        }
      ],
      "Page": 1
    }
  ],
  "AnalyzeDocumentModelVersion": "1.0"
}