{
  "DocumentMetadata": {
    "Pages": 1
  },
  "JobStatus": "SUCCEEDED",
  "Blocks": [
    {
      "BlockType": "PAGE",
      "Geometry": {
        "BoundingBox": {
          "Width": 0.722465991973877,
          "Height": 0.27742239832878113,
          "Left": 0.14274060726165771,
          "Top": 0.35469329357147217
        },
        "Polygon": [
          {
            "X": 0.14274060726165771,
            "Y": 0.35469329357147217
          },
          {
            "X": 0.8608145117759705,
            "Y": 0.3569338321685791
          },
          {
            "X": 0.8652065992355347,
            "Y": 0.6321156620979309
          },
          {
            "X": 0.14544396102428436,
            "Y": 0.6295996904373169
          }
        ]
      },
      "Id": "4613d8fd-411a-40f3-82ea-1eeefc875c4a",
      "Relationships": [
        {
          "Type": "CHILD",
          "Ids": [
            "63ae8033-f760-4dab-b17b-ac165c48b690",
            "6d310150-17e1-4db3-988d-b85ecd1c3c78",
            "02b52819-370c-4e3d-a198-0d05437f733f",
            "577d1fb8-b705-4e07-80fb-0806ec8143df",
            "4ced0abc-f79b-45c3-ba42-6bbe69fd5eda",
            "157fdcce-a6e7-424f-a408-e71ac7680fba",
            "1712d7d4-b0c2-4b8d-adc2-80bf4aef3b59",
            "24bea59d-c7de-448b-b698-36b4f4e577cb",
            "d2547858-c1b7-4a79-ac91-42696dee3e17",
            "af80b9ab-c32c-4d1f-ad91-af07e1b5c6fd",
            "49ec1377-49a6-4a5d-988e-02eaf08db25a",
            "77ebde86-e765-428f-921b-29d8fed00a38",
            "16deed0e-2d3d-410b-9344-d6937781f522",
            "e064c83f-dbdb-4f37-bb1b-739d80d7a9c2",
            "531d26c0-2645-457f-a44b-f22ce8db1b30",
            "fc94d43e-074a-4441-885a-c00ce3ffef5b",
            "ea771fec-b6c7-420c-b67f-b38bb7d302f5",
            "f79a10ba-fd98-4ba4-b68b-a8904d5d9208",
            "ce223698-0950-4e53-92b1-506a4b9dd42f",
            "a30abd5f-cc1b-4192-b1ee-edf3caf90063",
            "29eb303b-9f70-4c84-8f0e-b6f464a94767",
            "c42bed8d-3ea5-4708-a4e9-36f4e9213160",
            "a8a5bda3-082a-4be3-b890-10a6d7d48d61",
            "feb3880c-a026-4847-b61c-41813827139a",
            "d4c705f0-80b6-479d-bd61-43bddb3eefca",
            "dc01689a-5697-4f49-8394-58d622083340",
            "bb981f32-6ae5-4703-a5b8-53cfdf8ddfa6",
            "252f85d8-ca7c-4609-a2a6-0e12bd73551f",
            "8334b2e5-e8dd-4818-93bb-b3140d8fed72",
            "8c4e266e-495b-4014-bc28-454440064ab4",
            "6ddcb759-45aa-4c1a-bfdd-53ba49dea882"
          ]
        }
      ],
      "Page": 1
    },
    {
      "BlockType": "LINE",
      "Confidence": 99.90296173095703,
      "Text": "Materials",
      "Geometry": {
        "BoundingBox": {
          "Width": 0.03846530616283417,
          "Height": 0.019413350149989128,
          "Left": 0.1609390377998352,
          "Top": 0.4079899489879608
        },
        "Polygon": [
          {
            "X": 0.1609390377998352,
            "Y": 0.4079899489879608
          },
          {
            "X": 0.1992054283618927,
            "Y": 0.40811213850975037
          },
          {
            "X": 0.19940434396266937,
            "Y": 0.4274033010005951
          },
          {
            "X": 0.16113163530826569,
            "Y": 0.42728009819984436
          }
        ]
      },
      "Id": "63ae8033-f760-4dab-b17b-ac165c48b690",
      "Relationships": [
        {
          "Type": "CHILD",
          "Ids": [
            "79ab7ab9-2be5-4eb0-91e4-7f9df6d8293a"
          ]
        }
      ],
      "Page": 1
    },
    {
      "BlockType": "LINE",
      "Confidence": 61.259315490722656,
      "Text": "T1 \"(C)",
      "Geometry": {
        "BoundingBox": {
          "Width": 0.028787482529878616,
          "Height": 0.025880808010697365,
          "Left": 0.3234108090400696,
          "Top": 0.40634602308273315
        },
        "Polygon": [
          {
            "X": 0.3234108090400696,
            "Y": 0.40634602308273315
          },
          {
            "X": 0.35189878940582275,
            "Y": 0.40643689036369324
          },
          {
            "X": 0.3521983027458191,
            "Y": 0.43222683668136597
          },
          {
            "X": 0.3237040638923645,
            "Y": 0.4321349263191223
          }
        ]
      },
      "Id": "6d310150-17e1-4db3-988d-b85ecd1c3c78",
      "Relationships": [
        {
          "Type": "CHILD",
          "Ids": [
            "cd5cf113-6adb-43be-988a-47c3b91d7c84",
            "a34ba8ab-1596-47c1-af58-238d7fc01da2"
          ]
        }
      ],
      "Page": 1
    },
    {
      "BlockType": "LINE",
      "Confidence": 71.74169158935547,
      "Text": "T2 (°C)",
      "Geometry": {
        "BoundingBox": {
          "Width": 0.029056161642074585,
          "Height": 0.02769932709634304,
          "Left": 0.43393298983573914,
          "Top": 0.40443581342697144
        },
        "Polygon": [
          {
            "X": 0.43393298983573914,
            "Y": 0.40443581342697144
          },
          {
            "X": 0.46264246106147766,
            "Y": 0.40452730655670166
          },
          {
            "X": 0.4629891514778137,
            "Y": 0.4321351647377014
          },
          {
            "X": 0.4342729151248932,
            "Y": 0.43204256892204285
          }
        ]
      },
      "Id": "02b52819-370c-4e3d-a198-0d05437f733f",
      "Relationships": [
        {
          "Type": "CHILD",
          "Ids": [
            "e1c3b25b-4ead-4efa-b313-cdeab9f1ac10",
            "42cdad14-ab11-43ad-8579-aee267a4ee68"
          ]
        }
      ],
      "Page": 1
    },
    {
      "BlockType": "LINE",
      "Confidence": 97.50444793701172,
      "Text": "HCI release ratio (%)",
      "Geometry": {
        "BoundingBox": {
          "Width": 0.083379827439785,
          "Height": 0.025019511580467224,
          "Left": 0.5450595021247864,
          "Top": 0.40738388895988464
        },
        "Polygon": [
          {
            "X": 0.5450595021247864,
            "Y": 0.40738388895988464
          },
          {
            "X": 0.6280935406684875,
            "Y": 0.40764880180358887
          },
          {
            "X": 0.6284393668174744,
            "Y": 0.4324033856391907
          },
          {
            "X": 0.5453877449035645,
            "Y": 0.43213561177253723
          }
        ]
      },
      "Id": "577d1fb8-b705-4e07-80fb-0806ec8143df",
      "Relationships": [
        {
          "Type": "CHILD",
          "Ids": [
            "007248aa-b1c8-4d22-8b79-dafdb1ad7252",
            "8850f944-06ff-40f1-8074-731515be4af5",
            "97e734c4-3f12-4e4a-8ce8-5ef1daebdcec",
            "ec787856-6d0b-4738-80d5-cb97d54293c6"
          ]
        }
      ],
      "Page": 1
    },
    {
      "BlockType": "LINE",
      "Confidence": 99.53265380859375,
      "Text": "Dehydrochlorination efficiency (%)",
      "Geometry": {
        "BoundingBox": {
          "Width": 0.14286042749881744,
          "Height": 0.025277195498347282,
          "Left": 0.7098352313041687,
          "Top": 0.407338410615921
        },
        "Polygon": [
          {
            "X": 0.7098352313041687,
            "Y": 0.407338410615921
          },
          {
            "X": 0.8523014783859253,
            "Y": 0.4077928066253662
          },
          {
            "X": 0.852695643901825,
            "Y": 0.43261560797691345
          },
          {
            "X": 0.710199236869812,
            "Y": 0.4321562647819519
          }
        ]
      },
      "Id": "4ced0abc-f79b-45c3-ba42-6bbe69fd5eda",
      "Relationships": [
        {
          "Type": "CHILD",
          "Ids": [
            "4a6b85bf-3ef0-413b-a63b-d2207ceef73e",
            "a6b3dd96-68eb-4c5e-9447-afbd8f075669",
            "06f453aa-11d6-481a-92ab-d23230c5b173"
          ]
        }
      ],
      "Page": 1
    },
    {
      "BlockType": "LINE",
      "Confidence": 99.88004302978516,
      "Text": "PVC",
      "Geometry": {
        "BoundingBox": {
          "Width": 0.016616059467196465,
          "Height": 0.018378321081399918,
          "Left": 0.16097965836524963,
          "Top": 0.45668718218803406
        },
        "Polygon": [
          {
            "X": 0.16097965836524963,
            "Y": 0.45668718218803406
          },
          {
            "X": 0.17741024494171143,
            "Y": 0.45674073696136475
          },
          {
            "X": 0.17759570479393005,
            "Y": 0.4750654995441437
          },
          {
            "X": 0.16116254031658173,
            "Y": 0.47501152753829956
          }
        ]
      },
      "Id": "157fdcce-a6e7-424f-a408-e71ac7680fba",
      "Relationships": [
        {
          "Type": "CHILD",
          "Ids": [
            "464ba69a-87c8-4dd8-9cf1-5cb8cf9ebec9"
          ]
        }
      ],
      "Page": 1
    },
    {
      "BlockType": "LINE",
      "Confidence": 99.96815490722656,
      "Text": "225",
      "Geometry": {
        "BoundingBox": {
          "Width": 0.015285414643585682,
          "Height": 0.01857380010187626,
          "Left": 0.32396501302719116,
          "Top": 0.4565545916557312
        },
        "Polygon": [
          {
            "X": 0.32396501302719116,
            "Y": 0.4565545916557312
          },
          {
            "X": 0.3390374183654785,
            "Y": 0.4566037058830261
          },
          {
            "X": 0.33925044536590576,
            "Y": 0.4751283824443817
          },
          {
            "X": 0.3241756558418274,
            "Y": 0.47507888078689575
          }
        ]
      },
      "Id": "1712d7d4-b0c2-4b8d-adc2-80bf4aef3b59",
      "Relationships": [
        {
          "Type": "CHILD",
          "Ids": [
            "4d654526-fe2f-4f96-bab4-3b9c5f13ad57"
          ]
        }
      ],
      "Page": 1
    },
    {
      "BlockType": "LINE",
      "Confidence": 99.90991973876953,
      "Text": "264",
      "Geometry": {
        "BoundingBox": {
          "Width": 0.015530244447290897,
          "Height": 0.018250007182359695,
          "Left": 0.4341523349285126,
          "Top": 0.45671346783638
        },
        "Polygon": [
          {
            "X": 0.4341523349285126,
            "Y": 0.45671346783638
          },
          {
            "X": 0.44945618510246277,
            "Y": 0.4567633271217346
          },
          {
            "X": 0.4496825933456421,
            "Y": 0.4749634861946106
          },
          {
            "X": 0.43437638878822327,
            "Y": 0.47491320967674255
          }
        ]
      },
      "Id": "24bea59d-c7de-448b-b698-36b4f4e577cb",
      "Relationships": [
        {
          "Type": "CHILD",
          "Ids": [
            "7b323b23-da3c-459a-a46c-6fa4dc3860d7"
          ]
        }
      ],
      "Page": 1
    },
    {
      "BlockType": "LINE",
      "Confidence": 99.97824096679688,
      "Text": "100",
      "Geometry": {
        "BoundingBox": {
          "Width": 0.014893361367285252,
          "Height": 0.018689829856157303,
          "Left": 0.5455564260482788,
          "Top": 0.4566095471382141
        },
        "Polygon": [
          {
            "X": 0.5455564260482788,
            "Y": 0.4566095471382141
          },
          {
            "X": 0.5602003335952759,
            "Y": 0.4566572606563568
          },
          {
            "X": 0.5604498386383057,
            "Y": 0.4752993881702423
          },
          {
            "X": 0.5458036065101624,
            "Y": 0.47525128722190857
          }
        ]
      },
      "Id": "d2547858-c1b7-4a79-ac91-42696dee3e17",
      "Relationships": [
        {
          "Type": "CHILD",
          "Ids": [
            "bb5fea73-3391-492f-bf99-1169ae9c008f"
          ]
        }
      ],
      "Page": 1
    },
    {
      "BlockType": "LINE",
      "Confidence": 94.60428619384766,
      "Text": "0",
      "Geometry": {
        "BoundingBox": {
          "Width": 0.005075500346720219,
          "Height": 0.01806747354567051,
          "Left": 0.7102431058883667,
          "Top": 0.45688101649284363
        },
        "Polygon": [
          {
            "X": 0.7102431058883667,
            "Y": 0.45688101649284363
          },
          {
            "X": 0.715053141117096,
            "Y": 0.45689666271209717
          },
          {
            "X": 0.7153186202049255,
            "Y": 0.4749484956264496
          },
          {
            "X": 0.7105078101158142,
            "Y": 0.4749327003955841
          }
        ]
      },
      "Id": "af80b9ab-c32c-4d1f-ad91-af07e1b5c6fd",
      "Relationships": [
        {
          "Type": "CHILD",
          "Ids": [
            "027e6cb6-7de3-4896-ae10-f57bc447c9ee"
          ]
        }
      ],
      "Page": 1
    },
    {
      "BlockType": "LINE",
      "Confidence": 70.99516296386719,
      "Text": "PVC/Mg-LDH/CNTs",
      "Geometry": {
        "BoundingBox": {
          "Width": 0.08047644048929214,
          "Height": 0.02458701655268669,
          "Left": 0.16076914966106415,
          "Top": 0.48530274629592896
        },
        "Polygon": [
          {
            "X": 0.16076914966106415,
            "Y": 0.48530274629592896
          },
          {
            "X": 0.24098630249500275,
            "Y": 0.4855673313140869
          },
          {
            "X": 0.2412455826997757,
            "Y": 0.5098897814750671
          },
          {
            "X": 0.16101177036762238,
            "Y": 0.5096224546432495
          }
        ]
      },
      "Id": "49ec1377-49a6-4a5d-988e-02eaf08db25a",
      "Relationships": [
        {
          "Type": "CHILD",
          "Ids": [
            "9b4b96ce-c892-4511-9289-5df4b271a1ba"
          ]
        }
      ],
      "Page": 1
    },
    {
      "BlockType": "LINE",
      "Confidence": 99.94173431396484,
      "Text": "231",
      "Geometry": {
        "BoundingBox": {
          "Width": 0.01451779343187809,
          "Height": 0.01833653450012207,
          "Left": 0.3239557445049286,
          "Top": 0.48634037375450134
        },
        "Polygon": [
          {
            "X": 0.3239557445049286,
            "Y": 0.48634037375450134
          },
          {
            "X": 0.3382634222507477,
            "Y": 0.48638758063316345
          },
          {
            "X": 0.3384735584259033,
            "Y": 0.504676878452301
          },
          {
            "X": 0.32416364550590515,
            "Y": 0.5046293139457703
          }
        ]
      },
      "Id": "77ebde86-e765-428f-921b-29d8fed00a38",
      "Relationships": [
        {
          "Type": "CHILD",
          "Ids": [
            "bee306c4-26b2-4e72-846c-cd5589c032a3"
          ]
        }
      ],
      "Page": 1
    },
    {
      "BlockType": "LINE",
      "Confidence": 99.94821166992188,
      "Text": "268",
      "Geometry": {
        "BoundingBox": {
          "Width": 0.015624062158167362,
          "Height": 0.018339723348617554,
          "Left": 0.433969646692276,
          "Top": 0.4863237142562866
        },
        "Polygon": [
          {
            "X": 0.433969646692276,
            "Y": 0.4863237142562866
          },
          {
            "X": 0.4493662714958191,
            "Y": 0.48637449741363525
          },
          {
            "X": 0.449593722820282,
            "Y": 0.5046634674072266
          },
          {
            "X": 0.4341946840286255,
            "Y": 0.5046122670173645
          }
        ]
      },
      "Id": "16deed0e-2d3d-410b-9344-d6937781f522",
      "Relationships": [
        {
          "Type": "CHILD",
          "Ids": [
            "06e1c9d8-e41e-43c4-b1fe-fb3b301026ec"
          ]
        }
      ],
      "Page": 1
    },
    {
      "BlockType": "LINE",
      "Confidence": 96.9009017944336,
      "Text": "77.9",
      "Geometry": {
        "BoundingBox": {
          "Width": 0.017459813505411148,
          "Height": 0.019324753433465958,
          "Left": 0.544966995716095,
          "Top": 0.48577961325645447
        },
        "Polygon": [
          {
            "X": 0.544966995716095,
            "Y": 0.48577961325645447
          },
          {
            "X": 0.5621687173843384,
            "Y": 0.48583632707595825
          },
          {
            "X": 0.5624268054962158,
            "Y": 0.5051043629646301
          },
          {
            "X": 0.5452223420143127,
            "Y": 0.5050471425056458
          }
        ]
      },
      "Id": "e064c83f-dbdb-4f37-bb1b-739d80d7a9c2",
      "Relationships": [
        {
          "Type": "CHILD",
          "Ids": [
            "4eec8e75-3090-4021-bb0f-f8fd10b5d29e"
          ]
        }
      ],
      "Page": 1
    },
    {
      "BlockType": "LINE",
      "Confidence": 74.89105224609375,
      "Text": "22.1",
      "Geometry": {
        "BoundingBox": {
          "Width": 0.01662961021065712,
          "Height": 0.018285837024450302,
          "Left": 0.7100750803947449,
          "Top": 0.4861356317996979
        },
        "Polygon": [
          {
            "X": 0.7100750803947449,
            "Y": 0.4861356317996979
          },
          {
            "X": 0.7264348864555359,
            "Y": 0.4861895740032196
          },
          {
            "X": 0.7267046570777893,
            "Y": 0.5044214725494385
          },
          {
            "X": 0.710342288017273,
            "Y": 0.5043671131134033
          }
        ]
      },
      "Id": "531d26c0-2645-457f-a44b-f22ce8db1b30",
      "Relationships": [
        {
          "Type": "CHILD",
          "Ids": [
            "984d48ae-fe96-43d4-8655-9487df5cc0a6"
          ]
        }
      ],
      "Page": 1
    },
    {
      "BlockType": "LINE",
      "Confidence": 80.68208312988281,
      "Text": "PVC/Zn-LDH/CNTs",
      "Geometry": {
        "BoundingBox": {
          "Width": 0.07823070138692856,
          "Height": 0.024714283645153046,
          "Left": 0.1606605052947998,
          "Top": 0.5158404111862183
        },
        "Polygon": [
          {
            "X": 0.1606605052947998,
            "Y": 0.5158404111862183
          },
          {
            "X": 0.23863108456134796,
            "Y": 0.5161008834838867
          },
          {
            "X": 0.23889119923114777,
            "Y": 0.5405547022819519
          },
          {
            "X": 0.16090434789657593,
            "Y": 0.5402916073799133
          }
        ]
      },
      "Id": "fc94d43e-074a-4441-885a-c00ce3ffef5b",
      "Relationships": [
        {
          "Type": "CHILD",
          "Ids": [
            "cf787a3b-a8d5-4ee9-b246-28ce6ae3faa2"
          ]
        }
      ],
      "Page": 1
    },
    {
      "BlockType": "LINE",
      "Confidence": 99.82450103759766,
      "Text": "229",
      "Geometry": {
        "BoundingBox": {
          "Width": 0.01557781919836998,
          "Height": 0.01813725009560585,
          "Left": 0.32395872473716736,
          "Top": 0.5174089074134827
        },
        "Polygon": [
          {
            "X": 0.32395872473716736,
            "Y": 0.5174089074134827
          },
          {
            "X": 0.3393286168575287,
            "Y": 0.517460286617279
          },
          {
            "X": 0.33953651785850525,
            "Y": 0.5355461835861206
          },
          {
            "X": 0.3241642415523529,
            "Y": 0.5354943871498108
          }
        ]
      },
      "Id": "ea771fec-b6c7-420c-b67f-b38bb7d302f5",
      "Relationships": [
        {
          "Type": "CHILD",
          "Ids": [
            "5fe00523-1d70-4f2c-b70a-6bea33b3297c"
          ]
        }
      ],
      "Page": 1
    },
    {
      "BlockType": "LINE",
      "Confidence": 99.96099090576172,
      "Text": "274",
      "Geometry": {
        "BoundingBox": {
          "Width": 0.015425477176904678,
          "Height": 0.01821497268974781,
          "Left": 0.4341176748275757,
          "Top": 0.5171645879745483
        },
        "Polygon": [
          {
            "X": 0.4341176748275757,
            "Y": 0.5171645879745483
          },
          {
            "X": 0.4493173062801361,
            "Y": 0.517215371131897
          },
          {
            "X": 0.44954314827919006,
            "Y": 0.5353795289993286
          },
          {
            "X": 0.4343411326408386,
            "Y": 0.5353283882141113
          }
        ]
      },
      "Id": "f79a10ba-fd98-4ba4-b68b-a8904d5d9208",
      "Relationships": [
        {
          "Type": "CHILD",
          "Ids": [
            "8bfc70bd-de11-46a2-a73b-dc5b4c2b6d55"
          ]
        }
      ],
      "Page": 1
    },
    {
      "BlockType": "LINE",
      "Confidence": 99.56504821777344,
      "Text": "78.9",
      "Geometry": {
        "BoundingBox": {
          "Width": 0.017437534406781197,
          "Height": 0.018706226721405983,
          "Left": 0.5449613928794861,
          "Top": 0.5170625448226929
        },
        "Polygon": [
          {
            "X": 0.5449613928794861,
            "Y": 0.5170625448226929
          },
          {
            "X": 0.5621491074562073,
            "Y": 0.5171199440956116
          },
          {
            "X": 0.5623989105224609,
            "Y": 0.5357687473297119
          },
          {
            "X": 0.5452083945274353,
            "Y": 0.535710871219635
          }
        ]
      },
      "Id": "ce223698-0950-4e53-92b1-506a4b9dd42f",
      "Relationships": [
        {
          "Type": "CHILD",
          "Ids": [
            "4c39b202-8949-427b-a2df-340ad5f87ba3"
          ]
        }
      ],
      "Page": 1
    },
    {
      "BlockType": "LINE",
      "Confidence": 89.88392639160156,
      "Text": "21.1",
      "Geometry": {
        "BoundingBox": {
          "Width": 0.01670454442501068,
          "Height": 0.018638981506228447,
          "Left": 0.7100728154182434,
          "Top": 0.5169373750686646
        },
        "Polygon": [
          {
            "X": 0.7100728154182434,
            "Y": 0.5169373750686646
          },
          {
            "X": 0.7265024185180664,
            "Y": 0.5169922113418579
          },
          {
            "X": 0.7267773151397705,
            "Y": 0.535576343536377
          },
          {
            "X": 0.7103451490402222,
            "Y": 0.5355210900306702
          }
        ]
      },
      "Id": "a30abd5f-cc1b-4192-b1ee-edf3caf90063",
      "Relationships": [
        {
          "Type": "CHILD",
          "Ids": [
            "b19bec3e-be88-419a-9d07-51b769d6f6b5"
          ]
        }
      ],
      "Page": 1
    },
    {
      "BlockType": "LINE",
      "Confidence": 78.25642395019531,
      "Text": "PVC/LDH/CNTs",
      "Geometry": {
        "BoundingBox": {
          "Width": 0.06425582617521286,
          "Height": 0.025303872302174568,
          "Left": 0.16095209121704102,
          "Top": 0.5462020635604858
        },
        "Polygon": [
          {
            "X": 0.16095209121704102,
            "Y": 0.5462020635604858
          },
          {
            "X": 0.22494405508041382,
            "Y": 0.5464184880256653
          },
          {
            "X": 0.22520792484283447,
            "Y": 0.5715059638023376
          },
          {
            "X": 0.16120226681232452,
            "Y": 0.5712873339653015
          }
        ]
      },
      "Id": "29eb303b-9f70-4c84-8f0e-b6f464a94767",
      "Relationships": [
        {
          "Type": "CHILD",
          "Ids": [
            "bfd888c4-8303-4d1e-bda8-05bde19ba137"
          ]
        }
      ],
      "Page": 1
    },
    {
      "BlockType": "LINE",
      "Confidence": 99.76347351074219,
      "Text": "272",
      "Geometry": {
        "BoundingBox": {
          "Width": 0.01533578522503376,
          "Height": 0.01800938881933689,
          "Left": 0.32396215200424194,
          "Top": 0.5484066605567932
        },
        "Polygon": [
          {
            "X": 0.32396215200424194,
            "Y": 0.5484066605567932
          },
          {
            "X": 0.33909159898757935,
            "Y": 0.5484578013420105
          },
          {
            "X": 0.33929795026779175,
            "Y": 0.5664160251617432
          },
          {
            "X": 0.3241661787033081,
            "Y": 0.5663644671440125
          }
        ]
      },
      "Id": "c42bed8d-3ea5-4708-a4e9-36f4e9213160",
      "Relationships": [
        {
          "Type": "CHILD",
          "Ids": [
            "2cac788f-7620-4343-be1f-26d03b549271"
          ]
        }
      ],
      "Page": 1
    },
    {
      "BlockType": "LINE",
      "Confidence": 99.84941864013672,
      "Text": "300",
      "Geometry": {
        "BoundingBox": {
          "Width": 0.015187134966254234,
          "Height": 0.018117068335413933,
          "Left": 0.4344136118888855,
          "Top": 0.5481879115104675
        },
        "Polygon": [
          {
            "X": 0.4344136118888855,
            "Y": 0.5481879115104675
          },
          {
            "X": 0.4493761658668518,
            "Y": 0.5482385158538818
          },
          {
            "X": 0.4496007263660431,
            "Y": 0.5663049817085266
          },
          {
            "X": 0.43463584780693054,
            "Y": 0.5662540197372437
          }
        ]
      },
      "Id": "a8a5bda3-082a-4be3-b890-10a6d7d48d61",
      "Relationships": [
        {
          "Type": "CHILD",
          "Ids": [
            "30718191-3990-4101-a10b-61954139032c"
          ]
        }
      ],
      "Page": 1
    },
    {
      "BlockType": "LINE",
      "Confidence": 79.01465606689453,
      "Text": "57.8",
      "Geometry": {
        "BoundingBox": {
          "Width": 0.017246495932340622,
          "Height": 0.018254166468977928,
          "Left": 0.5449973940849304,
          "Top": 0.548258364200592
        },
        "Polygon": [
          {
            "X": 0.5449973940849304,
            "Y": 0.548258364200592
          },
          {
            "X": 0.5620002746582031,
            "Y": 0.5483158826828003
          },
          {
            "X": 0.5622438788414001,
            "Y": 0.5665125250816345
          },
          {
            "X": 0.5452383756637573,
            "Y": 0.5664545893669128
          }
        ]
      },
      "Id": "feb3880c-a026-4847-b61c-41813827139a",
      "Relationships": [
        {
          "Type": "CHILD",
          "Ids": [
            "8017458b-ac38-4b33-87ce-b162a32dea9f"
          ]
        }
      ],
      "Page": 1
    },
    {
      "BlockType": "LINE",
      "Confidence": 99.02257537841797,
      "Text": "42.2",
      "Geometry": {
        "BoundingBox": {
          "Width": 0.017656419426202774,
          "Height": 0.018935682252049446,
          "Left": 0.7099803686141968,
          "Top": 0.547615647315979
        },
        "Polygon": [
          {
            "X": 0.7099803686141968,
            "Y": 0.547615647315979
          },
          {
            "X": 0.7273575067520142,
            "Y": 0.5476744174957275
          },
          {
            "X": 0.7276368141174316,
            "Y": 0.5665513277053833
          },
          {
            "X": 0.7102569341659546,
            "Y": 0.5664921402931213
          }
        ]
      },
      "Id": "d4c705f0-80b6-479d-bd61-43bddb3eefca",
      "Relationships": [
        {
          "Type": "CHILD",
          "Ids": [
            "98c0263a-3d09-4064-a4dc-0b1413029bf0"
          ]
        }
      ],
      "Page": 1
    },
    {
      "BlockType": "LINE",
      "Confidence": 56.22445297241211,
      "Text": "PVC/LDH/CNTs",
      "Geometry": {
        "BoundingBox": {
          "Width": 0.06458975374698639,
          "Height": 0.027789512649178505,
          "Left": 0.16080403327941895,
          "Top": 0.5749487280845642
        },
        "Polygon": [
          {
            "X": 0.16080403327941895,
            "Y": 0.5749487280845642
          },
          {
            "X": 0.22510385513305664,
            "Y": 0.5751687288284302
          },
          {
            "X": 0.22539378702640533,
            "Y": 0.6027382612228394
          },
          {
            "X": 0.16107885539531708,
            "Y": 0.6025158166885376
          }
        ]
      },
      "Id": "dc01689a-5697-4f49-8394-58d622083340",
      "Relationships": [
        {
          "Type": "CHILD",
          "Ids": [
            "e08e9c52-fcfe-45a2-a021-0a18fc240d86"
          ]
        }
      ],
      "Page": 1
    },
    {
      "BlockType": "LINE",
      "Confidence": 99.92424011230469,
      "Text": "277",
      "Geometry": {
        "BoundingBox": {
          "Width": 0.015599227510392666,
          "Height": 0.018836472183465958,
          "Left": 0.323847234249115,
          "Top": 0.5787034630775452
        },
        "Polygon": [
          {
            "X": 0.323847234249115,
            "Y": 0.5787034630775452
          },
          {
            "X": 0.33923065662384033,
            "Y": 0.5787561535835266
          },
          {
            "X": 0.33944645524024963,
            "Y": 0.5975399613380432
          },
          {
            "X": 0.3240605592727661,
            "Y": 0.5974868535995483
          }
        ]
      },
      "Id": "bb981f32-6ae5-4703-a5b8-53cfdf8ddfa6",
      "Relationships": [
        {
          "Type": "CHILD",
          "Ids": [
            "3ebb5f82-3a44-407a-b5fd-4221636ebe4e"
          ]
        }
      ],
      "Page": 1
    },
    {
      "BlockType": "LINE",
      "Confidence": 99.91170501708984,
      "Text": "300",
      "Geometry": {
        "BoundingBox": {
          "Width": 0.01531938649713993,
          "Height": 0.018580429255962372,
          "Left": 0.43443068861961365,
          "Top": 0.578814685344696
        },
        "Polygon": [
          {
            "X": 0.43443068861961365,
            "Y": 0.578814685344696
          },
          {
            "X": 0.4495198130607605,
            "Y": 0.5788663625717163
          },
          {
            "X": 0.4497500956058502,
            "Y": 0.597395122051239
          },
          {
            "X": 0.43465858697891235,
            "Y": 0.5973430275917053
          }
        ]
      },
      "Id": "252f85d8-ca7c-4609-a2a6-0e12bd73551f",
      "Relationships": [
        {
          "Type": "CHILD",
          "Ids": [
            "0905e53f-f951-4e3e-844a-6dac7e5d89c1"
          ]
        }
      ],
      "Page": 1
    },
    {
      "BlockType": "LINE",
      "Confidence": 85.20233917236328,
      "Text": "35.2",
      "Geometry": {
        "BoundingBox": {
          "Width": 0.01742737926542759,
          "Height": 0.01838081143796444,
          "Left": 0.5449681878089905,
          "Top": 0.5787816047668457
        },
        "Polygon": [
          {
            "X": 0.5449681878089905,
            "Y": 0.5787816047668457
          },
          {
            "X": 0.5621502995491028,
            "Y": 0.5788404941558838
          },
          {
            "X": 0.5623955726623535,
            "Y": 0.5971624255180359
          },
          {
            "X": 0.5452107787132263,
            "Y": 0.5971031785011292
          }
        ]
      },
      "Id": "8334b2e5-e8dd-4818-93bb-b3140d8fed72",
      "Relationships": [
        {
          "Type": "CHILD",
          "Ids": [
            "40f7b46b-f2e9-448b-b0e7-5057ddf4809b"
          ]
        }
      ],
      "Page": 1
    },
    {
      "BlockType": "LINE",
      "Confidence": 99.60030364990234,
      "Text": "64.8",
      "Geometry": {
        "BoundingBox": {
          "Width": 0.017348216846585274,
          "Height": 0.018550576642155647,
          "Left": 0.7102380394935608,
          "Top": 0.5788573026657104
        },
        "Polygon": [
          {
            "X": 0.7102380394935608,
            "Y": 0.5788573026657104
          },
          {
            "X": 0.7273126840591431,
            "Y": 0.5789157748222351
          },
          {
            "X": 0.7275862097740173,
            "Y": 0.597407877445221
          },
          {
            "X": 0.7105088829994202,
            "Y": 0.5973489880561829
          }
        ]
      },
      "Id": "8c4e266e-495b-4014-bc28-454440064ab4",
      "Relationships": [
        {
          "Type": "CHILD",
          "Ids": [
            "5104fcb8-215c-40fd-988d-62de5edfdeec"
          ]
        }
      ],
      "Page": 1
    },
    {
      "BlockType": "WORD",
      "Confidence": 99.90296173095703,
      "Text": "Materials",
      "TextType": "PRINTED",
      "Geometry": {
        "BoundingBox": {
          "Width": 0.03846530616283417,
          "Height": 0.019413350149989128,
          "Left": 0.1609390377998352,
          "Top": 0.4079899489879608
        },
        "Polygon": [
          {
            "X": 0.1609390377998352,
            "Y": 0.4079899489879608
          },
          {
            "X": 0.1992054283618927,
            "Y": 0.40811213850975037
          },
          {
            "X": 0.19940434396266937,
            "Y": 0.4274033010005951
          },
          {
            "X": 0.16113163530826569,
            "Y": 0.42728009819984436
          }
        ]
      },
      "Id": "79ab7ab9-2be5-4eb0-91e4-7f9df6d8293a",
      "Page": 1
    },
    {
      "BlockType": "WORD",
      "Confidence": 97.7195816040039,
      "Text": "T1",
      "TextType": "PRINTED",
      "Geometry": {
        "BoundingBox": {
          "Width": 0.008667983114719391,
          "Height": 0.023372869938611984,
          "Left": 0.3234312832355499,
          "Top": 0.40814661979675293
        },
        "Polygon": [
          {
            "X": 0.3234312832355499,
            "Y": 0.40814661979675293
          },
          {
            "X": 0.3318321406841278,
            "Y": 0.40817344188690186
          },
          {
            "X": 0.3320992887020111,
            "Y": 0.4315195083618164
          },
          {
            "X": 0.32369673252105713,
            "Y": 0.4314923882484436
          }
        ]
      },
      "Id": "cd5cf113-6adb-43be-988a-47c3b91d7c84",
      "Page": 1
    },
    {
      "BlockType": "WORD",
      "Confidence": 24.799057006835938,
      "Text": "\"(C)",
      "TextType": "PRINTED",
      "Geometry": {
        "BoundingBox": {
          "Width": 0.018102211877703667,
          "Height": 0.025846723467111588,
          "Left": 0.33409610390663147,
          "Top": 0.4063800871372223
        },
        "Polygon": [
          {
            "X": 0.33409610390663147,
            "Y": 0.4063800871372223
          },
          {
            "X": 0.35189878940582275,
            "Y": 0.40643689036369324
          },
          {
            "X": 0.3521983027458191,
            "Y": 0.43222683668136597
          },
          {
            "X": 0.33439168334007263,
            "Y": 0.4321693778038025
          }
        ]
      },
      "Id": "a34ba8ab-1596-47c1-af58-238d7fc01da2",
      "Page": 1
    },
    {
      "BlockType": "WORD",
      "Confidence": 98.20874786376953,
      "Text": "T2",
      "TextType": "PRINTED",
      "Geometry": {
        "BoundingBox": {
          "Width": 0.009401286952197552,
          "Height": 0.02170148305594921,
          "Left": 0.4340004622936249,
          "Top": 0.40991371870040894
        },
        "Polygon": [
          {
            "X": 0.4340004622936249,
            "Y": 0.40991371870040894
          },
          {
            "X": 0.4431332051753998,
            "Y": 0.4099428951740265
          },
          {
            "X": 0.4434017241001129,
            "Y": 0.4316152036190033
          },
          {
            "X": 0.4342673122882843,
            "Y": 0.43158575892448425
          }
        ]
      },
      "Id": "e1c3b25b-4ead-4efa-b313-cdeab9f1ac10",
      "Page": 1
    },
    {
      "BlockType": "WORD",
      "Confidence": 45.27463150024414,
      "Text": "(°C)",
      "TextType": "PRINTED",
      "Geometry": {
        "BoundingBox": {
          "Width": 0.017529698088765144,
          "Height": 0.027662593871355057,
          "Left": 0.4454594552516937,
          "Top": 0.40447255969047546
        },
        "Polygon": [
          {
            "X": 0.4454594552516937,
            "Y": 0.40447255969047546
          },
          {
            "X": 0.46264246106147766,
            "Y": 0.40452730655670166
          },
          {
            "X": 0.4629891514778137,
            "Y": 0.4321351647377014
          },
          {
            "X": 0.44580212235450745,
            "Y": 0.4320797324180603
          }
        ]
      },
      "Id": "42cdad14-ab11-43ad-8579-aee267a4ee68",
      "Page": 1
    },
    {
      "BlockType": "WORD",
      "Confidence": 90.2040023803711,
      "Text": "HCI",
      "TextType": "PRINTED",
      "Geometry": {
        "BoundingBox": {
          "Width": 0.01443561352789402,
          "Height": 0.01870226301252842,
          "Left": 0.5450730323791504,
          "Top": 0.4084034264087677
        },
        "Polygon": [
          {
            "X": 0.5450730323791504,
            "Y": 0.4084034264087677
          },
          {
            "X": 0.5592589974403381,
            "Y": 0.4084486961364746
          },
          {
            "X": 0.5595086812973022,
            "Y": 0.42710569500923157
          },
          {
            "X": 0.545320451259613,
            "Y": 0.4270600378513336
          }
        ]
      },
      "Id": "007248aa-b1c8-4d22-8b79-dafdb1ad7252",
      "Page": 1
    },
    {
      "BlockType": "WORD",
      "Confidence": 99.9552001953125,
      "Text": "release",
      "TextType": "PRINTED",
      "Geometry": {
        "BoundingBox": {
          "Width": 0.028960295021533966,
          "Height": 0.019109021872282028,
          "Left": 0.5622958540916443,
          "Top": 0.4081599712371826
        },
        "Polygon": [
          {
            "X": 0.5622958540916443,
            "Y": 0.4081599712371826
          },
          {
            "X": 0.590996503829956,
            "Y": 0.40825155377388
          },
          {
            "X": 0.5912561416625977,
            "Y": 0.42726898193359375
          },
          {
            "X": 0.5625508427619934,
            "Y": 0.4271766245365143
          }
        ]
      },
      "Id": "8850f944-06ff-40f1-8074-731515be4af5",
      "Page": 1
    },
    {
      "BlockType": "WORD",
      "Confidence": 99.9194564819336,
      "Text": "ratio",
      "TextType": "PRINTED",
      "Geometry": {
        "BoundingBox": {
          "Width": 0.01961732842028141,
          "Height": 0.01915939711034298,
          "Left": 0.5936756134033203,
          "Top": 0.40820789337158203
        },
        "Polygon": [
          {
            "X": 0.5936756134033203,
            "Y": 0.40820789337158203
          },
          {
            "X": 0.6130286455154419,
            "Y": 0.4082696735858917
          },
          {
            "X": 0.6132929921150208,
            "Y": 0.42736729979515076
          },
          {
            "X": 0.5939368009567261,
            "Y": 0.4273050129413605
          }
        ]
      },
      "Id": "97e734c4-3f12-4e4a-8ce8-5ef1daebdcec",
      "Page": 1
    },
    {
      "BlockType": "WORD",
      "Confidence": 99.93912506103516,
      "Text": "(%)",
      "TextType": "PRINTED",
      "Geometry": {
        "BoundingBox": {
          "Width": 0.012763243168592453,
          "Height": 0.024794213473796844,
          "Left": 0.6156761050224304,
          "Top": 0.40760916471481323
        },
        "Polygon": [
          {
            "X": 0.6156761050224304,
            "Y": 0.40760916471481323
          },
          {
            "X": 0.6280935406684875,
            "Y": 0.40764880180358887
          },
          {
            "X": 0.6284393668174744,
            "Y": 0.4324033856391907
          },
          {
            "X": 0.6160192489624023,
            "Y": 0.4323633313179016
          }
        ]
      },
      "Id": "ec787856-6d0b-4738-80d5-cb97d54293c6",
      "Page": 1
    },
    {
      "BlockType": "WORD",
      "Confidence": 98.98001861572266,
      "Text": "Dehydrochlorination",
      "TextType": "PRINTED",
      "Geometry": {
        "BoundingBox": {
          "Width": 0.08590410649776459,
          "Height": 0.024459125474095345,
          "Left": 0.7098445296287537,
          "Top": 0.40797290205955505
        },
        "Polygon": [
          {
            "X": 0.7098445296287537,
            "Y": 0.40797290205955505
          },
          {
            "X": 0.7953763008117676,
            "Y": 0.4082458019256592
          },
          {
            "X": 0.7957486510276794,
            "Y": 0.43243202567100525
          },
          {
            "X": 0.710199236869812,
            "Y": 0.4321562647819519
          }
        ]
      },
      "Id": "4a6b85bf-3ef0-413b-a63b-d2207ceef73e",
      "Page": 1
    },
    {
      "BlockType": "WORD",
      "Confidence": 99.96927642822266,
      "Text": "efficiency",
      "TextType": "PRINTED",
      "Geometry": {
        "BoundingBox": {
          "Width": 0.040071792900562286,
          "Height": 0.024829188361763954,
          "Left": 0.7984429597854614,
          "Top": 0.40762102603912354
        },
        "Polygon": [
          {
            "X": 0.7984429597854614,
            "Y": 0.40762102603912354
          },
          {
            "X": 0.8381254076957703,
            "Y": 0.4077475965023041
          },
          {
            "X": 0.8385147452354431,
            "Y": 0.43245020508766174
          },
          {
            "X": 0.798823893070221,
            "Y": 0.43232226371765137
          }
        ]
      },
      "Id": "a6b3dd96-68eb-4c5e-9447-afbd8f075669",
      "Page": 1
    },
    {
      "BlockType": "WORD",
      "Confidence": 99.64865112304688,
      "Text": "(%)",
      "TextType": "PRINTED",
      "Geometry": {
        "BoundingBox": {
          "Width": 0.012427270412445068,
          "Height": 0.02314257062971592,
          "Left": 0.8402478098869324,
          "Top": 0.4081765413284302
        },
        "Polygon": [
          {
            "X": 0.8402478098869324,
            "Y": 0.4081765413284302
          },
          {
            "X": 0.8523081541061401,
            "Y": 0.4082150161266327
          },
          {
            "X": 0.8526750802993774,
            "Y": 0.43131911754608154
          },
          {
            "X": 0.8406123518943787,
            "Y": 0.431280255317688
          }
        ]
      },
      "Id": "06f453aa-11d6-481a-92ab-d23230c5b173",
      "Page": 1
    },
    {
      "BlockType": "WORD",
      "Confidence": 99.88004302978516,
      "Text": "PVC",
      "TextType": "PRINTED",
      "Geometry": {
        "BoundingBox": {
          "Width": 0.016616059467196465,
          "Height": 0.018378321081399918,
          "Left": 0.16097965836524963,
          "Top": 0.45668718218803406
        },
        "Polygon": [
          {
            "X": 0.16097965836524963,
            "Y": 0.45668718218803406
          },
          {
            "X": 0.17741024494171143,
            "Y": 0.45674073696136475
          },
          {
            "X": 0.17759570479393005,
            "Y": 0.4750654995441437
          },
          {
            "X": 0.16116254031658173,
            "Y": 0.47501152753829956
          }
        ]
      },
      "Id": "464ba69a-87c8-4dd8-9cf1-5cb8cf9ebec9",
      "Page": 1
    },
    {
      "BlockType": "WORD",
      "Confidence": 99.96815490722656,
      "Text": "225",
      "TextType": "PRINTED",
      "Geometry": {
        "BoundingBox": {
          "Width": 0.015285414643585682,
          "Height": 0.01857380010187626,
          "Left": 0.32396501302719116,
          "Top": 0.4565545916557312
        },
        "Polygon": [
          {
            "X": 0.32396501302719116,
            "Y": 0.4565545916557312
          },
          {
            "X": 0.3390374183654785,
            "Y": 0.4566037058830261
          },
          {
            "X": 0.33925044536590576,
            "Y": 0.4751283824443817
          },
          {
            "X": 0.3241756558418274,
            "Y": 0.47507888078689575
          }
        ]
      },
      "Id": "4d654526-fe2f-4f96-bab4-3b9c5f13ad57",
      "Page": 1
    },
    {
      "BlockType": "WORD",
      "Confidence": 99.90991973876953,
      "Text": "264",
      "TextType": "PRINTED",
      "Geometry": {
        "BoundingBox": {
          "Width": 0.015530244447290897,
          "Height": 0.018250007182359695,
          "Left": 0.4341523349285126,
          "Top": 0.45671346783638
        },
        "Polygon": [
          {
            "X": 0.4341523349285126,
            "Y": 0.45671346783638
          },
          {
            "X": 0.44945618510246277,
            "Y": 0.4567633271217346
          },
          {
            "X": 0.4496825933456421,
            "Y": 0.4749634861946106
          },
          {
            "X": 0.43437638878822327,
            "Y": 0.47491320967674255
          }
        ]
      },
      "Id": "7b323b23-da3c-459a-a46c-6fa4dc3860d7",
      "Page": 1
    },
    {
      "BlockType": "WORD",
      "Confidence": 99.97824096679688,
      "Text": "100",
      "TextType": "PRINTED",
      "Geometry": {
        "BoundingBox": {
          "Width": 0.014893361367285252,
          "Height": 0.018689829856157303,
          "Left": 0.5455564260482788,
          "Top": 0.4566095471382141
        },
        "Polygon": [
          {
            "X": 0.5455564260482788,
            "Y": 0.4566095471382141
          },
          {
            "X": 0.5602003335952759,
            "Y": 0.4566572606563568
          },
          {
            "X": 0.5604498386383057,
            "Y": 0.4752993881702423
          },
          {
            "X": 0.5458036065101624,
            "Y": 0.47525128722190857
          }
        ]
      },
      "Id": "bb5fea73-3391-492f-bf99-1169ae9c008f",
      "Page": 1
    },
    {
      "BlockType": "WORD",
      "Confidence": 94.60428619384766,
      "Text": "0",
      "TextType": "PRINTED",
      "Geometry": {
        "BoundingBox": {
          "Width": 0.005075500346720219,
          "Height": 0.01806747354567051,
          "Left": 0.7102431058883667,
          "Top": 0.45688101649284363
        },
        "Polygon": [
          {
            "X": 0.7102431058883667,
            "Y": 0.45688101649284363
          },
          {
            "X": 0.715053141117096,
            "Y": 0.45689666271209717
          },
          {
            "X": 0.7153186202049255,
            "Y": 0.4749484956264496
          },
          {
            "X": 0.7105078101158142,
            "Y": 0.4749327003955841
          }
        ]
      },
      "Id": "027e6cb6-7de3-4896-ae10-f57bc447c9ee",
      "Page": 1
    },
    {
      "BlockType": "WORD",
      "Confidence": 70.99516296386719,
      "Text": "PVC/Mg-LDH/CNTs",
      "TextType": "PRINTED",
      "Geometry": {
        "BoundingBox": {
          "Width": 0.08047644048929214,
          "Height": 0.02458701655268669,
          "Left": 0.16076914966106415,
          "Top": 0.48530274629592896
        },
        "Polygon": [
          {
            "X": 0.16076914966106415,
            "Y": 0.48530274629592896
          },
          {
            "X": 0.24098630249500275,
            "Y": 0.4855673313140869
          },
          {
            "X": 0.2412455826997757,
            "Y": 0.5098897814750671
          },
          {
            "X": 0.16101177036762238,
            "Y": 0.5096224546432495
          }
        ]
      },
      "Id": "9b4b96ce-c892-4511-9289-5df4b271a1ba",
      "Page": 1
    },
    {
      "BlockType": "WORD",
      "Confidence": 99.94173431396484,
      "Text": "231",
      "TextType": "PRINTED",
      "Geometry": {
        "BoundingBox": {
          "Width": 0.01451779343187809,
          "Height": 0.01833653450012207,
          "Left": 0.3239557445049286,
          "Top": 0.48634037375450134
        },
        "Polygon": [
          {
            "X": 0.3239557445049286,
            "Y": 0.48634037375450134
          },
          {
            "X": 0.3382634222507477,
            "Y": 0.48638758063316345
          },
          {
            "X": 0.3384735584259033,
            "Y": 0.504676878452301
          },
          {
            "X": 0.32416364550590515,
            "Y": 0.5046293139457703
          }
        ]
      },
      "Id": "bee306c4-26b2-4e72-846c-cd5589c032a3",
      "Page": 1
    },
    {
      "BlockType": "WORD",
      "Confidence": 99.94821166992188,
      "Text": "268",
      "TextType": "PRINTED",
      "Geometry": {
        "BoundingBox": {
          "Width": 0.015624062158167362,
          "Height": 0.018339723348617554,
          "Left": 0.433969646692276,
          "Top": 0.4863237142562866
        },
        "Polygon": [
          {
            "X": 0.433969646692276,
            "Y": 0.4863237142562866
          },
          {
            "X": 0.4493662714958191,
            "Y": 0.48637449741363525
          },
          {
            "X": 0.449593722820282,
            "Y": 0.5046634674072266
          },
          {
            "X": 0.4341946840286255,
            "Y": 0.5046122670173645
          }
        ]
      },
      "Id": "06e1c9d8-e41e-43c4-b1fe-fb3b301026ec",
      "Page": 1
    },
    {
      "BlockType": "WORD",
      "Confidence": 96.9009017944336,
      "Text": "77.9",
      "TextType": "PRINTED",
      "Geometry": {
        "BoundingBox": {
          "Width": 0.017459813505411148,
          "Height": 0.019324753433465958,
          "Left": 0.544966995716095,
          "Top": 0.48577961325645447
        },
        "Polygon": [
          {
            "X": 0.544966995716095,
            "Y": 0.48577961325645447
          },
          {
            "X": 0.5621687173843384,
            "Y": 0.48583632707595825
          },
          {
            "X": 0.5624268054962158,
            "Y": 0.5051043629646301
          },
          {
            "X": 0.5452223420143127,
            "Y": 0.5050471425056458
          }
        ]
      },
      "Id": "4eec8e75-3090-4021-bb0f-f8fd10b5d29e",
      "Page": 1
    },
    {
      "BlockType": "WORD",
      "Confidence": 74.89105224609375,
      "Text": "22.1",
      "TextType": "PRINTED",
      "Geometry": {
        "BoundingBox": {
          "Width": 0.01662961021065712,
          "Height": 0.018285837024450302,
          "Left": 0.7100750803947449,
          "Top": 0.4861356317996979
        },
        "Polygon": [
          {
            "X": 0.7100750803947449,
            "Y": 0.4861356317996979
          },
          {
            "X": 0.7264348864555359,
            "Y": 0.4861895740032196
          },
          {
            "X": 0.7267046570777893,
            "Y": 0.5044214725494385
          },
          {
            "X": 0.710342288017273,
            "Y": 0.5043671131134033
          }
        ]
      },
      "Id": "984d48ae-fe96-43d4-8655-9487df5cc0a6",
      "Page": 1
    },
    {
      "BlockType": "WORD",
      "Confidence": 80.68208312988281,
      "Text": "PVC/Zn-LDH/CNTs",
      "TextType": "PRINTED",
      "Geometry": {
        "BoundingBox": {
          "Width": 0.07823070138692856,
          "Height": 0.024714283645153046,
          "Left": 0.1606605052947998,
          "Top": 0.5158404111862183
        },
        "Polygon": [
          {
            "X": 0.1606605052947998,
            "Y": 0.5158404111862183
          },
          {
            "X": 0.23863108456134796,
            "Y": 0.5161008834838867
          },
          {
            "X": 0.23889119923114777,
            "Y": 0.5405547022819519
          },
          {
            "X": 0.16090434789657593,
            "Y": 0.5402916073799133
          }
        ]
      },
      "Id": "cf787a3b-a8d5-4ee9-b246-28ce6ae3faa2",
      "Page": 1
    },
    {
      "BlockType": "WORD",
      "Confidence": 99.82450103759766,
      "Text": "229",
      "TextType": "PRINTED",
      "Geometry": {
        "BoundingBox": {
          "Width": 0.01557781919836998,
          "Height": 0.01813725009560585,
          "Left": 0.32395872473716736,
          "Top": 0.5174089074134827
        },
        "Polygon": [
          {
            "X": 0.32395872473716736,
            "Y": 0.5174089074134827
          },
          {
            "X": 0.3393286168575287,
            "Y": 0.517460286617279
          },
          {
            "X": 0.33953651785850525,
            "Y": 0.5355461835861206
          },
          {
            "X": 0.3241642415523529,
            "Y": 0.5354943871498108
          }
        ]
      },
      "Id": "5fe00523-1d70-4f2c-b70a-6bea33b3297c",
      "Page": 1
    },
    {
      "BlockType": "WORD",
      "Confidence": 99.96099090576172,
      "Text": "274",
      "TextType": "PRINTED",
      "Geometry": {
        "BoundingBox": {
          "Width": 0.015425477176904678,
          "Height": 0.01821497268974781,
          "Left": 0.4341176748275757,
          "Top": 0.5171645879745483
        },
        "Polygon": [
          {
            "X": 0.4341176748275757,
            "Y": 0.5171645879745483
          },
          {
            "X": 0.4493173062801361,
            "Y": 0.517215371131897
          },
          {
            "X": 0.44954314827919006,
            "Y": 0.5353795289993286
          },
          {
            "X": 0.4343411326408386,
            "Y": 0.5353283882141113
          }
        ]
      },
      "Id": "8bfc70bd-de11-46a2-a73b-dc5b4c2b6d55",
      "Page": 1
    },
    {
      "BlockType": "WORD",
      "Confidence": 99.56504821777344,
      "Text": "78.9",
      "TextType": "PRINTED",
      "Geometry": {
        "BoundingBox": {
          "Width": 0.017437534406781197,
          "Height": 0.018706226721405983,
          "Left": 0.5449613928794861,
          "Top": 0.5170625448226929
        },
        "Polygon": [
          {
            "X": 0.5449613928794861,
            "Y": 0.5170625448226929
          },
          {
            "X": 0.5621491074562073,
            "Y": 0.5171199440956116
          },
          {
            "X": 0.5623989105224609,
            "Y": 0.5357687473297119
          },
          {
            "X": 0.5452083945274353,
            "Y": 0.535710871219635
          }
        ]
      },
      "Id": "4c39b202-8949-427b-a2df-340ad5f87ba3",
      "Page": 1
    },
    {
      "BlockType": "WORD",
      "Confidence": 89.88392639160156,
      "Text": "21.1",
      "TextType": "PRINTED",
      "Geometry": {
        "BoundingBox": {
          "Width": 0.01670454442501068,
          "Height": 0.018638981506228447,
          "Left": 0.7100728154182434,
          "Top": 0.5169373750686646
        },
        "Polygon": [
          {
            "X": 0.7100728154182434,
            "Y": 0.5169373750686646
          },
          {
            "X": 0.7265024185180664,
            "Y": 0.5169922113418579
          },
          {
            "X": 0.7267773151397705,
            "Y": 0.535576343536377
          },
          {
            "X": 0.7103451490402222,
            "Y": 0.5355210900306702
          }
        ]
      },
      "Id": "b19bec3e-be88-419a-9d07-51b769d6f6b5",
      "Page": 1
    },
    {
      "BlockType": "WORD",
      "Confidence": 78.25642395019531,
      "Text": "PVC/LDH/CNTs",
      "TextType": "PRINTED",
      "Geometry": {
        "BoundingBox": {
          "Width": 0.06425582617521286,
          "Height": 0.025303872302174568,
          "Left": 0.16095209121704102,
          "Top": 0.5462020635604858
        },
        "Polygon": [
          {
            "X": 0.16095209121704102,
            "Y": 0.5462020635604858
          },
          {
            "X": 0.22494405508041382,
            "Y": 0.5464184880256653
          },
          {
            "X": 0.22520792484283447,
            "Y": 0.5715059638023376
          },
          {
            "X": 0.16120226681232452,
            "Y": 0.5712873339653015
          }
        ]
      },
      "Id": "bfd888c4-8303-4d1e-bda8-05bde19ba137",
      "Page": 1
    },
    {
      "BlockType": "WORD",
      "Confidence": 99.76347351074219,
      "Text": "272",
      "TextType": "PRINTED",
      "Geometry": {
        "BoundingBox": {
          "Width": 0.01533578522503376,
          "Height": 0.01800938881933689,
          "Left": 0.32396215200424194,
          "Top": 0.5484066605567932
        },
        "Polygon": [
          {
            "X": 0.32396215200424194,
            "Y": 0.5484066605567932
          },
          {
            "X": 0.33909159898757935,
            "Y": 0.5484578013420105
          },
          {
            "X": 0.33929795026779175,
            "Y": 0.5664160251617432
          },
          {
            "X": 0.3241661787033081,
            "Y": 0.5663644671440125
          }
        ]
      },
      "Id": "2cac788f-7620-4343-be1f-26d03b549271",
      "Page": 1
    },
    {
      "BlockType": "WORD",
      "Confidence": 99.84941864013672,
      "Text": "300",
      "TextType": "PRINTED",
      "Geometry": {
        "BoundingBox": {
          "Width": 0.015187134966254234,
          "Height": 0.018117068335413933,
          "Left": 0.4344136118888855,
          "Top": 0.5481879115104675
        },
        "Polygon": [
          {
            "X": 0.4344136118888855,
            "Y": 0.5481879115104675
          },
          {
            "X": 0.4493761658668518,
            "Y": 0.5482385158538818
          },
          {
            "X": 0.4496007263660431,
            "Y": 0.5663049817085266
          },
          {
            "X": 0.43463584780693054,
            "Y": 0.5662540197372437
          }
        ]
      },
      "Id": "30718191-3990-4101-a10b-61954139032c",
      "Page": 1
    },
    {
      "BlockType": "WORD",
      "Confidence": 79.01465606689453,
      "Text": "57.8",
      "TextType": "PRINTED",
      "Geometry": {
        "BoundingBox": {
          "Width": 0.017246495932340622,
          "Height": 0.018254166468977928,
          "Left": 0.5449973940849304,
          "Top": 0.548258364200592
        },
        "Polygon": [
          {
            "X": 0.5449973940849304,
            "Y": 0.548258364200592
          },
          {
            "X": 0.5620002746582031,
            "Y": 0.5483158826828003
          },
          {
            "X": 0.5622438788414001,
            "Y": 0.5665125250816345
          },
          {
            "X": 0.5452383756637573,
            "Y": 0.5664545893669128
          }
        ]
      },
      "Id": "8017458b-ac38-4b33-87ce-b162a32dea9f",
      "Page": 1
    },
    {
      "BlockType": "WORD",
      "Confidence": 99.02257537841797,
      "Text": "42.2",
      "TextType": "PRINTED",
      "Geometry": {
        "BoundingBox": {
          "Width": 0.017656419426202774,
          "Height": 0.018935682252049446,
          "Left": 0.7099803686141968,
          "Top": 0.547615647315979
        },
        "Polygon": [
          {
            "X": 0.7099803686141968,
            "Y": 0.547615647315979
          },
          {
            "X": 0.7273575067520142,
            "Y": 0.5476744174957275
          },
          {
            "X": 0.7276368141174316,
            "Y": 0.5665513277053833
          },
          {
            "X": 0.7102569341659546,
            "Y": 0.5664921402931213
          }
        ]
      },
      "Id": "98c0263a-3d09-4064-a4dc-0b1413029bf0",
      "Page": 1
    },
    {
      "BlockType": "WORD",
      "Confidence": 56.22445297241211,
      "Text": "PVC/LDH/CNTs",
      "TextType": "PRINTED",
      "Geometry": {
        "BoundingBox": {
          "Width": 0.06458975374698639,
          "Height": 0.027789512649178505,
          "Left": 0.16080403327941895,
          "Top": 0.5749487280845642
        },
        "Polygon": [
          {
            "X": 0.16080403327941895,
            "Y": 0.5749487280845642
          },
          {
            "X": 0.22510385513305664,
            "Y": 0.5751687288284302
          },
          {
            "X": 0.22539378702640533,
            "Y": 0.6027382612228394
          },
          {
            "X": 0.16107885539531708,
            "Y": 0.6025158166885376
          }
        ]
      },
      "Id": "e08e9c52-fcfe-45a2-a021-0a18fc240d86",
      "Page": 1
    },
    {
      "BlockType": "WORD",
      "Confidence": 99.92424011230469,
      "Text": "277",
      "TextType": "PRINTED",
      "Geometry": {
        "BoundingBox": {
          "Width": 0.015599227510392666,
          "Height": 0.018836472183465958,
          "Left": 0.323847234249115,
          "Top": 0.5787034630775452
        },
        "Polygon": [
          {
            "X": 0.323847234249115,
            "Y": 0.5787034630775452
          },
          {
            "X": 0.33923065662384033,
            "Y": 0.5787561535835266
          },
          {
            "X": 0.33944645524024963,
            "Y": 0.5975399613380432
          },
          {
            "X": 0.3240605592727661,
            "Y": 0.5974868535995483
          }
        ]
      },
      "Id": "3ebb5f82-3a44-407a-b5fd-4221636ebe4e",
      "Page": 1
    },
    {
      "BlockType": "WORD",
      "Confidence": 99.91170501708984,
      "Text": "300",
      "TextType": "PRINTED",
      "Geometry": {
        "BoundingBox": {
          "Width": 0.01531938649713993,
          "Height": 0.018580429255962372,
          "Left": 0.43443068861961365,
          "Top": 0.578814685344696
        },
        "Polygon": [
          {
            "X": 0.43443068861961365,
            "Y": 0.578814685344696
          },
          {
            "X": 0.4495198130607605,
            "Y": 0.5788663625717163
          },
          {
            "X": 0.4497500956058502,
            "Y": 0.597395122051239
          },
          {
            "X": 0.43465858697891235,
            "Y": 0.5973430275917053
          }
        ]
      },
      "Id": "0905e53f-f951-4e3e-844a-6dac7e5d89c1",
      "Page": 1
    },
    {
      "BlockType": "WORD",
      "Confidence": 85.20233917236328,
      "Text": "35.2",
      "TextType": "PRINTED",
      "Geometry": {
        "BoundingBox": {
          "Width": 0.01742737926542759,
          "Height": 0.01838081143796444,
          "Left": 0.5449681878089905,
          "Top": 0.5787816047668457
        },
        "Polygon": [
          {
            "X": 0.5449681878089905,
            "Y": 0.5787816047668457
          },
          {
            "X": 0.5621502995491028,
            "Y": 0.5788404941558838
          },
          {
            "X": 0.5623955726623535,
            "Y": 0.5971624255180359
          },
          {
            "X": 0.5452107787132263,
            "Y": 0.5971031785011292
          }
        ]
      },
      "Id": "40f7b46b-f2e9-448b-b0e7-5057ddf4809b",
      "Page": 1
    },
    {
      "BlockType": "WORD",
      "Confidence": 99.60030364990234,
      "Text": "64.8",
      "TextType": "PRINTED",
      "Geometry": {
        "BoundingBox": {
          "Width": 0.017348216846585274,
          "Height": 0.018550576642155647,
          "Left": 0.7102380394935608,
          "Top": 0.5788573026657104
        },
        "Polygon": [
          {
            "X": 0.7102380394935608,
            "Y": 0.5788573026657104
          },
          {
            "X": 0.7273126840591431,
            "Y": 0.5789157748222351
          },
          {
            "X": 0.7275862097740173,
            "Y": 0.597407877445221
          },
          {
            "X": 0.7105088829994202,
            "Y": 0.5973489880561829
          }
        ]
      },
      "Id": "5104fcb8-215c-40fd-988d-62de5edfdeec",
      "Page": 1
    },
    {
      "BlockType": "TABLE",
      "Confidence": 99.853515625,
      "Geometry": {
        "BoundingBox": {
          "Width": 0.7080226540565491,
          "Height": 0.22103093564510345,
          "Left": 0.14766675233840942,
          "Top": 0.39033374190330505
        },
        "Polygon": [
          {
            "X": 0.14766675233840942,
            "Y": 0.39033374190330505
          },
          {
            "X": 0.8522143363952637,
            "Y": 0.39256635308265686
          },
          {
            "X": 0.8556894063949585,
            "Y": 0.6113646626472473
          },
          {
            "X": 0.14982476830482483,
            "Y": 0.608917236328125
          }
        ]
      },
      "Id": "6ddcb759-45aa-4c1a-bfdd-53ba49dea882",
      "Relationships": [
        {
          "Type": "CHILD",
          "Ids": [
            "c90ed7f6-6bc3-42cc-8713-cffb2d9a2fa0",
            "57388964-7677-4cb6-9613-bd95ffbe4e63",
            "1b996bbb-4f87-4de4-8776-db3133c09b12",
            "377be14a-6988-455a-9994-e71629ac6550",
            "0d4a756a-1d0d-4b46-8a73-6ed2c71834ee",
            "b00bce17-c537-49eb-bbde-fb607361c7b9",
            "766a941d-096d-4d74-bdb5-eb577af39dca",
            "37bd259c-0bea-4488-9e55-a46ba0fcafa7",
            "643666f3-0ac9-4a28-bb4f-6d1eb6ca517f",
            "e5c8dad5-3af8-49de-951a-751d36bdaae5",
            "4ad97334-0399-4512-98ff-f75f933633ad",
            "8d0941a2-bb19-4920-b794-b67dfc2894e4",
            "531f9144-537f-4ce6-a8bf-0cc6b7f62ad7",
            "676290f3-95ab-42c8-ab4f-1f53c063ace0",
            "92c8328b-a60c-48ef-ba90-bc90210dd154",
            "570d4140-634f-4e42-a0a5-98d553477df1",
            "aac57650-8fa5-4825-a297-087187ce8cd7",
            "50fe6772-4c58-4b68-8827-7e3fa860e4b5",
            "674f2351-4e9e-46d6-a311-396418f1beb2",
            "ab6f8116-341c-450a-9705-1c189bc1c69f",
            "bc0cec61-a35c-44f0-9814-e5b3f74c1c81",
            "f63bf52d-6ab1-403c-8675-155194723acb",
            "7ca2ad64-9b44-4690-8825-17d83d7ea006",
            "ba6a0d30-0544-483d-84a5-4fb929d78253",
            "d4672621-84f8-4055-8885-ba94428fb277",
            "df66c570-e739-4f05-bdd5-2a02989900d2",
            "126729bb-6f4c-4d64-8b4c-1da9382ada08",
            "be4786c5-ae4e-4122-ade2-23011b05bdf5",
            "c3a52ff9-bca1-4862-8be2-e9a330608b5e",
            "9ac4e35f-d93c-4216-b3aa-1ad824e0ba34"
          ]
        }
      ],
      "EntityTypes": [
        "STRUCTURED_TABLE"
      ],
      "Page": 1
    },
    {
      "BlockType": "CELL",
      "Confidence": 43.1884765625,
      "RowIndex": 1,
      "ColumnIndex": 1,
      "RowSpan": 1,
      "ColumnSpan": 1,
      "Geometry": {
        "BoundingBox": {
          "Width": 0.1334649920463562,
          "Height": 0.051546622067689896,
          "Left": 0.14766675233840942,
          "Top": 0.39033374190330505
        },
        "Polygon": [
          {
            "X": 0.14766675233840942,
            "Y": 0.39033374190330505
          },
          {
            "X": 0.28056904673576355,
            "Y": 0.3907548785209656
          },
          {
            "X": 0.2811317443847656,
            "Y": 0.44188034534454346
          },
          {
            "X": 0.14817139506340027,
            "Y": 0.44144973158836365
          }
        ]
      },
      "Id": "c90ed7f6-6bc3-42cc-8713-cffb2d9a2fa0",
      "Relationships": [
        {
          "Type": "CHILD",
          "Ids": [
            "79ab7ab9-2be5-4eb0-91e4-7f9df6d8293a"
          ]
        }
      ],
      "EntityTypes": [
        "COLUMN_HEADER"
      ],
      "Page": 1
    },
    {
      "BlockType": "CELL",
      "Confidence": 42.431640625,
      "RowIndex": 1,
      "ColumnIndex": 2,
      "RowSpan": 1,
      "ColumnSpan": 1,
      "Geometry": {
        "BoundingBox": {
          "Width": 0.11268715560436249,
          "Height": 0.05148860439658165,
          "Left": 0.28056904673576355,
          "Top": 0.3907548785209656
        },
        "Polygon": [
          {
            "X": 0.28056904673576355,
            "Y": 0.3907548785209656
          },
          {
            "X": 0.3926445245742798,
            "Y": 0.39111003279685974
          },
          {
            "X": 0.39325618743896484,
            "Y": 0.4422434866428375
          },
          {
            "X": 0.2811317443847656,
            "Y": 0.44188034534454346
          }
        ]
      },
      "Id": "57388964-7677-4cb6-9613-bd95ffbe4e63",
      "Relationships": [
        {
          "Type": "CHILD",
          "Ids": [
            "cd5cf113-6adb-43be-988a-47c3b91d7c84",
            "a34ba8ab-1596-47c1-af58-238d7fc01da2"
          ]
        }
      ],
      "EntityTypes": [
        "COLUMN_HEADER"
      ],
      "Page": 1
    },
    {
      "BlockType": "CELL",
      "Confidence": 42.8466796875,
      "RowIndex": 1,
      "ColumnIndex": 3,
      "RowSpan": 1,
      "ColumnSpan": 1,
      "Geometry": {
        "BoundingBox": {
          "Width": 0.11228060722351074,
          "Height": 0.05149511247873306,
          "Left": 0.3926445245742798,
          "Top": 0.39111003279685974
        },
        "Polygon": [
          {
            "X": 0.3926445245742798,
            "Y": 0.39111003279685974
          },
          {
            "X": 0.5042646527290344,
            "Y": 0.3914637565612793
          },
          {
            "X": 0.5049251317977905,
            "Y": 0.4426051378250122
          },
          {
            "X": 0.39325618743896484,
            "Y": 0.4422434866428375
          }
        ]
      },
      "Id": "1b996bbb-4f87-4de4-8776-db3133c09b12",
      "Relationships": [
        {
          "Type": "CHILD",
          "Ids": [
            "e1c3b25b-4ead-4efa-b313-cdeab9f1ac10",
            "42cdad14-ab11-43ad-8579-aee267a4ee68"
          ]
        }
      ],
      "EntityTypes": [
        "COLUMN_HEADER"
      ],
      "Page": 1
    },
    {
      "BlockType": "CELL",
      "Confidence": 43.8720703125,
      "RowIndex": 1,
      "ColumnIndex": 4,
      "RowSpan": 1,
      "ColumnSpan": 1,
      "Geometry": {
        "BoundingBox": {
          "Width": 0.17067807912826538,
          "Height": 0.05169203132390976,
          "Left": 0.5042646527290344,
          "Top": 0.3914637565612793
        },
        "Polygon": [
          {
            "X": 0.5042646527290344,
            "Y": 0.3914637565612793
          },
          {
            "X": 0.6742079854011536,
            "Y": 0.39200228452682495
          },
          {
            "X": 0.6749427318572998,
            "Y": 0.44315576553344727
          },
          {
            "X": 0.5049251317977905,
            "Y": 0.4426051378250122
          }
        ]
      },
      "Id": "377be14a-6988-455a-9994-e71629ac6550",
      "Relationships": [
        {
          "Type": "CHILD",
          "Ids": [
            "007248aa-b1c8-4d22-8b79-dafdb1ad7252",
            "8850f944-06ff-40f1-8074-731515be4af5",
            "97e734c4-3f12-4e4a-8ce8-5ef1daebdcec",
            "ec787856-6d0b-4738-80d5-cb97d54293c6"
          ]
        }
      ],
      "EntityTypes": [
        "COLUMN_HEADER"
      ],
      "Page": 1
    },
    {
      "BlockType": "CELL",
      "Confidence": 43.603515625,
      "RowIndex": 1,
      "ColumnIndex": 5,
      "RowSpan": 1,
      "ColumnSpan": 1,
      "Geometry": {
        "BoundingBox": {
          "Width": 0.17881903052330017,
          "Height": 0.05173025652766228,
          "Left": 0.6742079854011536,
          "Top": 0.39200228452682495
        },
        "Polygon": [
          {
            "X": 0.6742079854011536,
            "Y": 0.39200228452682495
          },
          {
            "X": 0.8522143363952637,
            "Y": 0.39256635308265686
          },
          {
            "X": 0.8530269861221313,
            "Y": 0.44373252987861633
          },
          {
            "X": 0.6749427318572998,
            "Y": 0.44315576553344727
          }
        ]
      },
      "Id": "0d4a756a-1d0d-4b46-8a73-6ed2c71834ee",
      "Relationships": [
        {
          "Type": "CHILD",
          "Ids": [
            "4a6b85bf-3ef0-413b-a63b-d2207ceef73e",
            "a6b3dd96-68eb-4c5e-9447-afbd8f075669",
            "06f453aa-11d6-481a-92ab-d23230c5b173"
          ]
        }
      ],
      "EntityTypes": [
        "COLUMN_HEADER"
      ],
      "Page": 1
    },
    {
      "BlockType": "CELL",
      "Confidence": 88.232421875,
      "RowIndex": 2,
      "ColumnIndex": 1,
      "RowSpan": 1,
      "ColumnSpan": 1,
      "Geometry": {
        "BoundingBox": {
          "Width": 0.13338835537433624,
          "Height": 0.0393192358314991,
          "Left": 0.14817139506340027,
          "Top": 0.44144973158836365
        },
        "Polygon": [
          {
            "X": 0.14817139506340027,
            "Y": 0.44144973158836365
          },
          {
            "X": 0.2811317443847656,
            "Y": 0.44188034534454346
          },
          {
            "X": 0.2815597653388977,
            "Y": 0.48076897859573364
          },
          {
            "X": 0.14855526387691498,
            "Y": 0.480331152677536
          }
        ]
      },
      "Id": "b00bce17-c537-49eb-bbde-fb607361c7b9",
      "Relationships": [
        {
          "Type": "CHILD",
          "Ids": [
            "464ba69a-87c8-4dd8-9cf1-5cb8cf9ebec9"
          ]
        }
      ],
      "Page": 1
    },
    {
      "BlockType": "CELL",
      "Confidence": 86.71875,
      "RowIndex": 2,
      "ColumnIndex": 2,
      "RowSpan": 1,
      "ColumnSpan": 1,
      "Geometry": {
        "BoundingBox": {
          "Width": 0.11258972436189651,
          "Height": 0.039257828146219254,
          "Left": 0.2811317443847656,
          "Top": 0.44188034534454346
        },
        "Polygon": [
          {
            "X": 0.2811317443847656,
            "Y": 0.44188034534454346
          },
          {
            "X": 0.39325618743896484,
            "Y": 0.4422434866428375
          },
          {
            "X": 0.39372146129608154,
            "Y": 0.4811381697654724
          },
          {
            "X": 0.2815597653388977,
            "Y": 0.48076897859573364
          }
        ]
      },
      "Id": "766a941d-096d-4d74-bdb5-eb577af39dca",
      "Relationships": [
        {
          "Type": "CHILD",
          "Ids": [
            "4d654526-fe2f-4f96-bab4-3b9c5f13ad57"
          ]
        }
      ],
      "Page": 1
    },
    {
      "BlockType": "CELL",
      "Confidence": 87.5,
      "RowIndex": 2,
      "ColumnIndex": 3,
      "RowSpan": 1,
      "ColumnSpan": 1,
      "Geometry": {
        "BoundingBox": {
          "Width": 0.11217131465673447,
          "Height": 0.039262402802705765,
          "Left": 0.39325618743896484,
          "Top": 0.4422434866428375
        },
        "Polygon": [
          {
            "X": 0.39325618743896484,
            "Y": 0.4422434866428375
          },
          {
            "X": 0.5049251317977905,
            "Y": 0.4426051378250122
          },
          {
            "X": 0.5054274797439575,
            "Y": 0.4815059006214142
          },
          {
            "X": 0.39372146129608154,
            "Y": 0.4811381697654724
          }
        ]
      },
      "Id": "37bd259c-0bea-4488-9e55-a46ba0fcafa7",
      "Relationships": [
        {
          "Type": "CHILD",
          "Ids": [
            "7b323b23-da3c-459a-a46c-6fa4dc3860d7"
          ]
        }
      ],
      "Page": 1
    },
    {
      "BlockType": "CELL",
      "Confidence": 89.6484375,
      "RowIndex": 2,
      "ColumnIndex": 4,
      "RowSpan": 1,
      "ColumnSpan": 1,
      "Geometry": {
        "BoundingBox": {
          "Width": 0.1705765277147293,
          "Height": 0.03946058824658394,
          "Left": 0.5049251317977905,
          "Top": 0.4426051378250122
        },
        "Polygon": [
          {
            "X": 0.5049251317977905,
            "Y": 0.4426051378250122
          },
          {
            "X": 0.6749427318572998,
            "Y": 0.44315576553344727
          },
          {
            "X": 0.6755016446113586,
            "Y": 0.48206573724746704
          },
          {
            "X": 0.5054274797439575,
            "Y": 0.4815059006214142
          }
        ]
      },
      "Id": "643666f3-0ac9-4a28-bb4f-6d1eb6ca517f",
      "Relationships": [
        {
          "Type": "CHILD",
          "Ids": [
            "bb5fea73-3391-492f-bf99-1169ae9c008f"
          ]
        }
      ],
      "Page": 1
    },
    {
      "BlockType": "CELL",
      "Confidence": 89.111328125,
      "RowIndex": 2,
      "ColumnIndex": 5,
      "RowSpan": 1,
      "ColumnSpan": 1,
      "Geometry": {
        "BoundingBox": {
          "Width": 0.17870238423347473,
          "Height": 0.03949636220932007,
          "Left": 0.6749427318572998,
          "Top": 0.44315576553344727
        },
        "Polygon": [
          {
            "X": 0.6749427318572998,
            "Y": 0.44315576553344727
          },
          {
            "X": 0.8530269861221313,
            "Y": 0.44373252987861633
          },
          {
            "X": 0.8536451458930969,
            "Y": 0.48265212774276733
          },
          {
            "X": 0.6755016446113586,
            "Y": 0.48206573724746704
          }
        ]
      },
      "Id": "e5c8dad5-3af8-49de-951a-751d36bdaae5",
      "Relationships": [
        {
          "Type": "CHILD",
          "Ids": [
            "027e6cb6-7de3-4896-ae10-f57bc447c9ee"
          ]
        }
      ],
      "Page": 1
    },
    {
      "BlockType": "CELL",
      "Confidence": 86.181640625,
      "RowIndex": 3,
      "ColumnIndex": 1,
      "RowSpan": 1,
      "ColumnSpan": 1,
      "Geometry": {
        "BoundingBox": {
          "Width": 0.13334712386131287,
          "Height": 0.0315672867000103,
          "Left": 0.14855526387691498,
          "Top": 0.480331152677536
        },
        "Polygon": [
          {
            "X": 0.14855526387691498,
            "Y": 0.480331152677536
          },
          {
            "X": 0.2815597653388977,
            "Y": 0.48076897859573364
          },
          {
            "X": 0.28190237283706665,
            "Y": 0.5118984580039978
          },
          {
            "X": 0.1488625407218933,
            "Y": 0.5114548802375793
          }
        ]
      },
      "Id": "4ad97334-0399-4512-98ff-f75f933633ad",
      "Relationships": [
        {
          "Type": "CHILD",
          "Ids": [
            "9b4b96ce-c892-4511-9289-5df4b271a1ba"
          ]
        }
      ],
      "Page": 1
    },
    {
      "BlockType": "CELL",
      "Confidence": 84.66796875,
      "RowIndex": 3,
      "ColumnIndex": 2,
      "RowSpan": 1,
      "ColumnSpan": 1,
      "Geometry": {
        "BoundingBox": {
          "Width": 0.11253414303064346,
          "Height": 0.03150354325771332,
          "Left": 0.2815597653388977,
          "Top": 0.48076897859573364
        },
        "Polygon": [
          {
            "X": 0.2815597653388977,
            "Y": 0.48076897859573364
          },
          {
            "X": 0.39372146129608154,
            "Y": 0.4811381697654724
          },
          {
            "X": 0.39409390091896057,
            "Y": 0.5122725367546082
          },
          {
            "X": 0.28190237283706665,
            "Y": 0.5118984580039978
          }
        ]
      },
      "Id": "8d0941a2-bb19-4920-b794-b67dfc2894e4",
      "Relationships": [
        {
          "Type": "CHILD",
          "Ids": [
            "bee306c4-26b2-4e72-846c-cd5589c032a3"
          ]
        }
      ],
      "Page": 1
    },
    {
      "BlockType": "CELL",
      "Confidence": 85.498046875,
      "RowIndex": 3,
      "ColumnIndex": 3,
      "RowSpan": 1,
      "ColumnSpan": 1,
      "Geometry": {
        "BoundingBox": {
          "Width": 0.11210818588733673,
          "Height": 0.03150688856840134,
          "Left": 0.39372146129608154,
          "Top": 0.4811381697654724
        },
        "Polygon": [
          {
            "X": 0.39372146129608154,
            "Y": 0.4811381697654724
          },
          {
            "X": 0.5054274797439575,
            "Y": 0.4815059006214142
          },
          {
            "X": 0.5058296322822571,
            "Y": 0.5126450657844543
          },
          {
            "X": 0.39409390091896057,
            "Y": 0.5122725367546082
          }
        ]
      },
      "Id": "531f9144-537f-4ce6-a8bf-0cc6b7f62ad7",
      "Relationships": [
        {
          "Type": "CHILD",
          "Ids": [
            "06e1c9d8-e41e-43c4-b1fe-fb3b301026ec"
          ]
        }
      ],
      "Page": 1
    },
    {
      "BlockType": "CELL",
      "Confidence": 87.548828125,
      "RowIndex": 3,
      "ColumnIndex": 4,
      "RowSpan": 1,
      "ColumnSpan": 1,
      "Geometry": {
        "BoundingBox": {
          "Width": 0.17052152752876282,
          "Height": 0.03170640021562576,
          "Left": 0.5054274797439575,
          "Top": 0.4815059006214142
        },
        "Polygon": [
          {
            "X": 0.5054274797439575,
            "Y": 0.4815059006214142
          },
          {
            "X": 0.6755016446113586,
            "Y": 0.48206573724746704
          },
          {
            "X": 0.6759490370750427,
            "Y": 0.513212263584137
          },
          {
            "X": 0.5058296322822571,
            "Y": 0.5126450657844543
          }
        ]
      },
      "Id": "676290f3-95ab-42c8-ab4f-1f53c063ace0",
      "Relationships": [
        {
          "Type": "CHILD",
          "Ids": [
            "4eec8e75-3090-4021-bb0f-f8fd10b5d29e"
          ]
        }
      ],
      "Page": 1
    },
    {
      "BlockType": "CELL",
      "Confidence": 87.01171875,
      "RowIndex": 3,
      "ColumnIndex": 5,
      "RowSpan": 1,
      "ColumnSpan": 1,
      "Geometry": {
        "BoundingBox": {
          "Width": 0.17863829433918,
          "Height": 0.031740691512823105,
          "Left": 0.6755016446113586,
          "Top": 0.48206573724746704
        },
        "Polygon": [
          {
            "X": 0.6755016446113586,
            "Y": 0.48206573724746704
          },
          {
            "X": 0.8536451458930969,
            "Y": 0.48265212774276733
          },
          {
            "X": 0.8541399240493774,
            "Y": 0.5138064026832581
          },
          {
            "X": 0.6759490370750427,
            "Y": 0.513212263584137
          }
        ]
      },
      "Id": "92c8328b-a60c-48ef-ba90-bc90210dd154",
      "Relationships": [
        {
          "Type": "CHILD",
          "Ids": [
            "984d48ae-fe96-43d4-8655-9487df5cc0a6"
          ]
        }
      ],
      "Page": 1
    },
    {
      "BlockType": "CELL",
      "Confidence": 88.37890625,
      "RowIndex": 4,
      "ColumnIndex": 1,
      "RowSpan": 1,
      "ColumnSpan": 1,
      "Geometry": {
        "BoundingBox": {
          "Width": 0.1333683580160141,
          "Height": 0.030291501432657242,
          "Left": 0.1488625407218933,
          "Top": 0.5114548802375793
        },
        "Polygon": [
          {
            "X": 0.1488625407218933,
            "Y": 0.5114548802375793
          },
          {
            "X": 0.28190237283706665,
            "Y": 0.5118984580039978
          },
          {
            "X": 0.2822309136390686,
            "Y": 0.5417463779449463
          },
          {
            "X": 0.14915716648101807,
            "Y": 0.5412972569465637
          }
        ]
      },
      "Id": "570d4140-634f-4e42-a0a5-98d553477df1",
      "Relationships": [
        {
          "Type": "CHILD",
          "Ids": [
            "cf787a3b-a8d5-4ee9-b246-28ce6ae3faa2"
          ]
        }
      ],
      "Page": 1
    },
    {
      "BlockType": "CELL",
      "Confidence": 86.81640625,
      "RowIndex": 4,
      "ColumnIndex": 2,
      "RowSpan": 1,
      "ColumnSpan": 1,
      "Geometry": {
        "BoundingBox": {
          "Width": 0.11254862695932388,
          "Height": 0.030226655304431915,
          "Left": 0.28190237283706665,
          "Top": 0.5118984580039978
        },
        "Polygon": [
          {
            "X": 0.28190237283706665,
            "Y": 0.5118984580039978
          },
          {
            "X": 0.39409390091896057,
            "Y": 0.5122725367546082
          },
          {
            "X": 0.3944510221481323,
            "Y": 0.5421251058578491
          },
          {
            "X": 0.2822309136390686,
            "Y": 0.5417463779449463
          }
        ]
      },
      "Id": "aac57650-8fa5-4825-a297-087187ce8cd7",
      "Relationships": [
        {
          "Type": "CHILD",
          "Ids": [
            "5fe00523-1d70-4f2c-b70a-6bea33b3297c"
          ]
        }
      ],
      "Page": 1
    },
    {
      "BlockType": "CELL",
      "Confidence": 87.646484375,
      "RowIndex": 4,
      "ColumnIndex": 3,
      "RowSpan": 1,
      "ColumnSpan": 1,
      "Geometry": {
        "BoundingBox": {
          "Width": 0.1121213361620903,
          "Height": 0.030229784548282623,
          "Left": 0.39409390091896057,
          "Top": 0.5122725367546082
        },
        "Polygon": [
          {
            "X": 0.39409390091896057,
            "Y": 0.5122725367546082
          },
          {
            "X": 0.5058296322822571,
            "Y": 0.5126450657844543
          },
          {
            "X": 0.5062152147293091,
            "Y": 0.5425022840499878
          },
          {
            "X": 0.3944510221481323,
            "Y": 0.5421251058578491
          }
        ]
      },
      "Id": "50fe6772-4c58-4b68-8827-7e3fa860e4b5",
      "Relationships": [
        {
          "Type": "CHILD",
          "Ids": [
            "8bfc70bd-de11-46a2-a73b-dc5b4c2b6d55"
          ]
        }
      ],
      "Page": 1
    },
    {
      "BlockType": "CELL",
      "Confidence": 89.794921875,
      "RowIndex": 4,
      "ColumnIndex": 4,
      "RowSpan": 1,
      "ColumnSpan": 1,
      "Geometry": {
        "BoundingBox": {
          "Width": 0.17054834961891174,
          "Height": 0.030431527644395828,
          "Left": 0.5058296322822571,
          "Top": 0.5126450657844543
        },
        "Polygon": [
          {
            "X": 0.5058296322822571,
            "Y": 0.5126450657844543
          },
          {
            "X": 0.6759490370750427,
            "Y": 0.513212263584137
          },
          {
            "X": 0.6763780117034912,
            "Y": 0.5430765748023987
          },
          {
            "X": 0.5062152147293091,
            "Y": 0.5425022840499878
          }
        ]
      },
      "Id": "674f2351-4e9e-46d6-a311-396418f1beb2",
      "Relationships": [
        {
          "Type": "CHILD",
          "Ids": [
            "4c39b202-8949-427b-a2df-340ad5f87ba3"
          ]
        }
      ],
      "Page": 1
    },
    {
      "BlockType": "CELL",
      "Confidence": 89.2578125,
      "RowIndex": 4,
      "ColumnIndex": 5,
      "RowSpan": 1,
      "ColumnSpan": 1,
      "Geometry": {
        "BoundingBox": {
          "Width": 0.17866532504558563,
          "Height": 0.030465854331851006,
          "Left": 0.6759490370750427,
          "Top": 0.513212263584137
        },
        "Polygon": [
          {
            "X": 0.6759490370750427,
            "Y": 0.513212263584137
          },
          {
            "X": 0.8541399240493774,
            "Y": 0.5138064026832581
          },
          {
            "X": 0.8546143770217896,
            "Y": 0.5436781644821167
          },
          {
            "X": 0.6763780117034912,
            "Y": 0.5430765748023987
          }
        ]
      },
      "Id": "ab6f8116-341c-450a-9705-1c189bc1c69f",
      "Relationships": [
        {
          "Type": "CHILD",
          "Ids": [
            "b19bec3e-be88-419a-9d07-51b769d6f6b5"
          ]
        }
      ],
      "Page": 1
    },
    {
      "BlockType": "CELL",
      "Confidence": 84.326171875,
      "RowIndex": 5,
      "ColumnIndex": 1,
      "RowSpan": 1,
      "ColumnSpan": 1,
      "Geometry": {
        "BoundingBox": {
          "Width": 0.13341671228408813,
          "Height": 0.031610965728759766,
          "Left": 0.14915716648101807,
          "Top": 0.5412972569465637
        },
        "Polygon": [
          {
            "X": 0.14915716648101807,
            "Y": 0.5412972569465637
          },
          {
            "X": 0.2822309136390686,
            "Y": 0.5417463779449463
          },
          {
            "X": 0.2825738787651062,
            "Y": 0.5729082226753235
          },
          {
            "X": 0.14946475625038147,
            "Y": 0.5724532604217529
          }
        ]
      },
      "Id": "bc0cec61-a35c-44f0-9814-e5b3f74c1c81",
      "Relationships": [
        {
          "Type": "CHILD",
          "Ids": [
            "bfd888c4-8303-4d1e-bda8-05bde19ba137"
          ]
        }
      ],
      "Page": 1
    },
    {
      "BlockType": "CELL",
      "Confidence": 82.861328125,
      "RowIndex": 5,
      "ColumnIndex": 2,
      "RowSpan": 1,
      "ColumnSpan": 1,
      "Geometry": {
        "BoundingBox": {
          "Width": 0.11259293556213379,
          "Height": 0.03154546022415161,
          "Left": 0.2822309136390686,
          "Top": 0.5417463779449463
        },
        "Polygon": [
          {
            "X": 0.2822309136390686,
            "Y": 0.5417463779449463
          },
          {
            "X": 0.3944510221481323,
            "Y": 0.5421251058578491
          },
          {
            "X": 0.3948238492012024,
            "Y": 0.5732918381690979
          },
          {
            "X": 0.2825738787651062,
            "Y": 0.5729082226753235
          }
        ]
      },
      "Id": "f63bf52d-6ab1-403c-8675-155194723acb",
      "Relationships": [
        {
          "Type": "CHILD",
          "Ids": [
            "2cac788f-7620-4343-be1f-26d03b549271"
          ]
        }
      ],
      "Page": 1
    },
    {
      "BlockType": "CELL",
      "Confidence": 83.642578125,
      "RowIndex": 5,
      "ColumnIndex": 3,
      "RowSpan": 1,
      "ColumnSpan": 1,
      "Geometry": {
        "BoundingBox": {
          "Width": 0.11216679215431213,
          "Height": 0.03154877573251724,
          "Left": 0.3944510221481323,
          "Top": 0.5421251058578491
        },
        "Polygon": [
          {
            "X": 0.3944510221481323,
            "Y": 0.5421251058578491
          },
          {
            "X": 0.5062152147293091,
            "Y": 0.5425022840499878
          },
          {
            "X": 0.5066177845001221,
            "Y": 0.5736738443374634
          },
          {
            "X": 0.3948238492012024,
            "Y": 0.5732918381690979
          }
        ]
      },
      "Id": "7ca2ad64-9b44-4690-8825-17d83d7ea006",
      "Relationships": [
        {
          "Type": "CHILD",
          "Ids": [
            "30718191-3990-4101-a10b-61954139032c"
          ]
        }
      ],
      "Page": 1
    },
    {
      "BlockType": "CELL",
      "Confidence": 85.693359375,
      "RowIndex": 5,
      "ColumnIndex": 4,
      "RowSpan": 1,
      "ColumnSpan": 1,
      "Geometry": {
        "BoundingBox": {
          "Width": 0.17061062157154083,
          "Height": 0.031753264367580414,
          "Left": 0.5062152147293091,
          "Top": 0.5425022840499878
        },
        "Polygon": [
          {
            "X": 0.5062152147293091,
            "Y": 0.5425022840499878
          },
          {
            "X": 0.6763780117034912,
            "Y": 0.5430765748023987
          },
          {
            "X": 0.6768258810043335,
            "Y": 0.5742555856704712
          },
          {
            "X": 0.5066177845001221,
            "Y": 0.5736738443374634
          }
        ]
      },
      "Id": "ba6a0d30-0544-483d-84a5-4fb929d78253",
      "Relationships": [
        {
          "Type": "CHILD",
          "Ids": [
            "8017458b-ac38-4b33-87ce-b162a32dea9f"
          ]
        }
      ],
      "Page": 1
    },
    {
      "BlockType": "CELL",
      "Confidence": 85.15625,
      "RowIndex": 5,
      "ColumnIndex": 5,
      "RowSpan": 1,
      "ColumnSpan": 1,
      "Geometry": {
        "BoundingBox": {
          "Width": 0.17873167991638184,
          "Height": 0.03178825601935387,
          "Left": 0.6763780117034912,
          "Top": 0.5430765748023987
        },
        "Polygon": [
          {
            "X": 0.6763780117034912,
            "Y": 0.5430765748023987
          },
          {
            "X": 0.8546143770217896,
            "Y": 0.5436781644821167
          },
          {
            "X": 0.855109691619873,
            "Y": 0.5748648643493652
          },
          {
            "X": 0.6768258810043335,
            "Y": 0.5742555856704712
          }
        ]
      },
      "Id": "d4672621-84f8-4055-8885-ba94428fb277",
      "Relationships": [
        {
          "Type": "CHILD",
          "Ids": [
            "98c0263a-3d09-4064-a4dc-0b1413029bf0"
          ]
        }
      ],
      "Page": 1
    },
    {
      "BlockType": "CELL",
      "Confidence": 92.578125,
      "RowIndex": 6,
      "ColumnIndex": 1,
      "RowSpan": 1,
      "ColumnSpan": 1,
      "Geometry": {
        "BoundingBox": {
          "Width": 0.1335105299949646,
          "Height": 0.03692559525370598,
          "Left": 0.14946475625038147,
          "Top": 0.5724532604217529
        },
        "Polygon": [
          {
            "X": 0.14946475625038147,
            "Y": 0.5724532604217529
          },
          {
            "X": 0.2825738787651062,
            "Y": 0.5729082226753235
          },
          {
            "X": 0.28297528624534607,
            "Y": 0.6093788743019104
          },
          {
            "X": 0.14982476830482483,
            "Y": 0.608917236328125
          }
        ]
      },
      "Id": "df66c570-e739-4f05-bdd5-2a02989900d2",
      "Relationships": [
        {
          "Type": "CHILD",
          "Ids": [
            "e08e9c52-fcfe-45a2-a021-0a18fc240d86"
          ]
        }
      ],
      "Page": 1
    },
    {
      "BlockType": "CELL",
      "Confidence": 90.966796875,
      "RowIndex": 6,
      "ColumnIndex": 2,
      "RowSpan": 1,
      "ColumnSpan": 1,
      "Geometry": {
        "BoundingBox": {
          "Width": 0.11268629878759384,
          "Height": 0.036860015243291855,
          "Left": 0.2825738787651062,
          "Top": 0.5729082226753235
        },
        "Polygon": [
          {
            "X": 0.2825738787651062,
            "Y": 0.5729082226753235
          },
          {
            "X": 0.3948238492012024,
            "Y": 0.5732918381690979
          },
          {
            "X": 0.39526018500328064,
            "Y": 0.6097682118415833
          },
          {
            "X": 0.28297528624534607,
            "Y": 0.6093788743019104
          }
        ]
      },
      "Id": "126729bb-6f4c-4d64-8b4c-1da9382ada08",
      "Relationships": [
        {
          "Type": "CHILD",
          "Ids": [
            "3ebb5f82-3a44-407a-b5fd-4221636ebe4e"
          ]
        }
      ],
      "Page": 1
    },
    {
      "BlockType": "CELL",
      "Confidence": 91.796875,
      "RowIndex": 6,
      "ColumnIndex": 3,
      "RowSpan": 1,
      "ColumnSpan": 1,
      "Geometry": {
        "BoundingBox": {
          "Width": 0.11226511001586914,
          "Height": 0.03686414286494255,
          "Left": 0.3948238492012024,
          "Top": 0.5732918381690979
        },
        "Polygon": [
          {
            "X": 0.3948238492012024,
            "Y": 0.5732918381690979
          },
          {
            "X": 0.5066177845001221,
            "Y": 0.5736738443374634
          },
          {
            "X": 0.5070889592170715,
            "Y": 0.6101559400558472
          },
          {
            "X": 0.39526018500328064,
            "Y": 0.6097682118415833
          }
        ]
      },
      "Id": "be4786c5-ae4e-4122-ade2-23011b05bdf5",
      "Relationships": [
        {
          "Type": "CHILD",
          "Ids": [
            "0905e53f-f951-4e3e-844a-6dac7e5d89c1"
          ]
        }
      ],
      "Page": 1
    },
    {
      "BlockType": "CELL",
      "Confidence": 94.04296875,
      "RowIndex": 6,
      "ColumnIndex": 4,
      "RowSpan": 1,
      "ColumnSpan": 1,
      "Geometry": {
        "BoundingBox": {
          "Width": 0.17073221504688263,
          "Height": 0.03707243502140045,
          "Left": 0.5066177845001221,
          "Top": 0.5736738443374634
        },
        "Polygon": [
          {
            "X": 0.5066177845001221,
            "Y": 0.5736738443374634
          },
          {
            "X": 0.6768258810043335,
            "Y": 0.5742555856704712
          },
          {
            "X": 0.6773499846458435,
            "Y": 0.6107463240623474
          },
          {
            "X": 0.5070889592170715,
            "Y": 0.6101559400558472
          }
        ]
      },
      "Id": "c3a52ff9-bca1-4862-8be2-e9a330608b5e",
      "Relationships": [
        {
          "Type": "CHILD",
          "Ids": [
            "40f7b46b-f2e9-448b-b0e7-5057ddf4809b"
          ]
        }
      ],
      "Page": 1
    },
    {
      "BlockType": "CELL",
      "Confidence": 93.45703125,
      "RowIndex": 6,
      "ColumnIndex": 5,
      "RowSpan": 1,
      "ColumnSpan": 1,
      "Geometry": {
        "BoundingBox": {
          "Width": 0.178863525390625,
          "Height": 0.03710910305380821,
          "Left": 0.6768258810043335,
          "Top": 0.5742555856704712
        },
        "Polygon": [
          {
            "X": 0.6768258810043335,
            "Y": 0.5742555856704712
          },
          {
            "X": 0.855109691619873,
            "Y": 0.5748648643493652
          },
          {
            "X": 0.8556894063949585,
            "Y": 0.6113646626472473
          },
          {
            "X": 0.6773499846458435,
            "Y": 0.6107463240623474
          }
        ]
      },
      "Id": "9ac4e35f-d93c-4216-b3aa-1ad824e0ba34",
      "Relationships": [
        {
          "Type": "CHILD",
          "Ids": [
            "5104fcb8-215c-40fd-988d-62de5edfdeec"
          ]
        }
      ],
      "Page": 1
    }
  ],
  "AnalyzeDocumentModelVersion": "1.0"
}