{
  "DocumentMetadata": {
    "Pages": 1
  },
  "JobStatus": "SUCCEEDED",
  "Blocks": [
    {
      "BlockType": "PAGE",
      "Geometry": {
        "BoundingBox": {
          "Width": 1,
          "Height": 1,
          "Left": 0,
          "Top": 0
        },
        "Polygon": [
          {
            "X": 0,
            "Y": 4.529460682078934e-7
          },
          {
            "X": 1,
            "Y": 0
          },
          {
            "X": 1,
            "Y": 1
          },
          {
            "X": 0.000005884009624423925,
            "Y": 1
          }
        ]
      },
      "Id": "f7f7737c-2a5e-4ba1-8117-e944f4448ff3",
      "Relationships": [
        {
          "Type": "CHILD",
          "Ids": [
            "6c746f6e-af9e-43ad-86de-3aa81594cd5d",
            "d08433da-ed3a-4902-a31a-f72f3c251090",
            "a3ba138e-72f1-4ccc-b023-45725cf70f56",
            "0e46012a-6b16-4a7e-8e92-782f6fb25874",
            "9bf83f15-cb78-4568-9804-bc3b64c4418f",
            "5adbbec5-509e-4ccf-8e6b-ab24783291a3",
            "83e2ff7a-0527-4d69-9d07-ce077605820d",
            "190c19ab-4d6d-4eb3-a9e9-106f82562e9a",
            "7ee3d608-f55e-46ca-a133-77fe51d64dd7",
            "25ba2389-57c6-43c7-bb98-222b5d934d65",
            "5c17d1e5-19be-4eba-ab3f-d8a3f7d371d2",
            "3e762f98-4147-430f-a903-3f7caa7f81f1",
            "03ba9106-b621-4f6f-a4ec-f9c7c418fd70",
            "5063ddbf-319a-4891-9ac9-c1da7b5b795d",
            "01177cd6-d0d1-478b-bbb5-d00864fade9b",
            "63b5a2b0-c1ef-4730-8b0e-9eb1fdf94725",
            "56f6c212-9152-4b70-b8bd-7ca0b45d340e",
            "33eaedfd-2dbd-4581-983c-776f8609d44e",
            "935c11ab-3520-471c-96f0-0ed840796a1c",
            "ad965ec4-1052-4de4-9841-0eb427a26a5c",
            "293f52f0-6d2a-446f-b4af-cff58ccbfdb4"
          ]
        }
      ],
      "Page": 1
    },
    {
      "BlockType": "LINE",
      "Confidence": 99.95533752441406,
      "Text": "Sample",
      "Geometry": {
        "BoundingBox": {
          "Width": 0.047664228826761246,
          "Height": 0.02568194456398487,
          "Left": 0.2560487389564514,
          "Top": 0.4126114845275879
        },
        "Polygon": [
          {
            "X": 0.2560487389564514,
            "Y": 0.4126211404800415
          },
          {
            "X": 0.30360591411590576,
            "Y": 0.4126114845275879
          },
          {
            "X": 0.30371296405792236,
            "Y": 0.4382835030555725
          },
          {
            "X": 0.2561531960964203,
            "Y": 0.4382934272289276
          }
        ]
      },
      "Id": "6c746f6e-af9e-43ad-86de-3aa81594cd5d",
      "Relationships": [
        {
          "Type": "CHILD",
          "Ids": [
            "8d0213e7-90d2-4419-8dea-8eef0170132d"
          ]
        }
      ],
      "Page": 1
    },
    {
      "BlockType": "LINE",
      "Confidence": 99.58016204833984,
      "Text": "Peak HRR (W/g)",
      "Geometry": {
        "BoundingBox": {
          "Width": 0.10455965995788574,
          "Height": 0.025744225829839706,
          "Left": 0.42087823152542114,
          "Top": 0.4126458466053009
        },
        "Polygon": [
          {
            "X": 0.42087823152542114,
            "Y": 0.41266709566116333
          },
          {
            "X": 0.525318443775177,
            "Y": 0.4126458466053009
          },
          {
            "X": 0.5254378914833069,
            "Y": 0.4383682608604431
          },
          {
            "X": 0.4209919273853302,
            "Y": 0.4383900761604309
          }
        ]
      },
      "Id": "d08433da-ed3a-4902-a31a-f72f3c251090",
      "Relationships": [
        {
          "Type": "CHILD",
          "Ids": [
            "acec116c-157a-4851-a579-cd140b8794fa",
            "02cae0c6-11cf-4e72-bd57-ce189aa553e3",
            "ee220832-267f-40dc-9072-9790c70b8b6d"
          ]
        }
      ],
      "Page": 1
    },
    {
      "BlockType": "LINE",
      "Confidence": 84.81995391845703,
      "Text": "THR (kJ/g)",
      "Geometry": {
        "BoundingBox": {
          "Width": 0.06741628795862198,
          "Height": 0.025526411831378937,
          "Left": 0.5616475343704224,
          "Top": 0.4130013883113861
        },
        "Polygon": [
          {
            "X": 0.5616475343704224,
            "Y": 0.41301506757736206
          },
          {
            "X": 0.628939688205719,
            "Y": 0.4130013883113861
          },
          {
            "X": 0.6290637850761414,
            "Y": 0.43851372599601746
          },
          {
            "X": 0.5617679953575134,
            "Y": 0.43852779269218445
          }
        ]
      },
      "Id": "a3ba138e-72f1-4ccc-b023-45725cf70f56",
      "Relationships": [
        {
          "Type": "CHILD",
          "Ids": [
            "f535fea8-beab-40c5-8f96-253d56b3cfe1",
            "c5a4e6d6-60f1-4712-927c-f431b52395b8"
          ]
        }
      ],
      "Page": 1
    },
    {
      "BlockType": "LINE",
      "Confidence": 99.65208435058594,
      "Text": "Char yield (%)",
      "Geometry": {
        "BoundingBox": {
          "Width": 0.08988643437623978,
          "Height": 0.0262251328676939,
          "Left": 0.6662762761116028,
          "Top": 0.41206252574920654
        },
        "Polygon": [
          {
            "X": 0.6662762761116028,
            "Y": 0.4120807647705078
          },
          {
            "X": 0.7560280561447144,
            "Y": 0.41206252574920654
          },
          {
            "X": 0.756162703037262,
            "Y": 0.43826889991760254
          },
          {
            "X": 0.6664058566093445,
            "Y": 0.4382876455783844
          }
        ]
      },
      "Id": "0e46012a-6b16-4a7e-8e92-782f6fb25874",
      "Relationships": [
        {
          "Type": "CHILD",
          "Ids": [
            "3df4bd79-c8bb-44b9-9dfe-a4b18bcd6dce",
            "7e829686-e0d5-4edd-9ab7-f5deb6022766",
            "46a32ad3-6869-4b40-b689-4498acb77eea"
          ]
        }
      ],
      "Page": 1
    },
    {
      "BlockType": "LINE",
      "Confidence": 99.76592254638672,
      "Text": "EP",
      "Geometry": {
        "BoundingBox": {
          "Width": 0.016139762476086617,
          "Height": 0.018964331597089767,
          "Left": 0.2562190294265747,
          "Top": 0.4621976912021637
        },
        "Polygon": [
          {
            "X": 0.2562190294265747,
            "Y": 0.4622011184692383
          },
          {
            "X": 0.2722809910774231,
            "Y": 0.4621976912021637
          },
          {
            "X": 0.272358775138855,
            "Y": 0.4811585247516632
          },
          {
            "X": 0.25629615783691406,
            "Y": 0.48116204142570496
          }
        ]
      },
      "Id": "9bf83f15-cb78-4568-9804-bc3b64c4418f",
      "Relationships": [
        {
          "Type": "CHILD",
          "Ids": [
            "a7612a64-5f4f-49f1-8a97-a76ec9b567a0"
          ]
        }
      ],
      "Page": 1
    },
    {
      "BlockType": "LINE",
      "Confidence": 99.97797393798828,
      "Text": "449",
      "Geometry": {
        "BoundingBox": {
          "Width": 0.024803968146443367,
          "Height": 0.019824229180812836,
          "Left": 0.4204409122467041,
          "Top": 0.4617581069469452
        },
        "Polygon": [
          {
            "X": 0.4204409122467041,
            "Y": 0.4617633819580078
          },
          {
            "X": 0.4451562464237213,
            "Y": 0.4617581069469452
          },
          {
            "X": 0.4452448785305023,
            "Y": 0.48157694935798645
          },
          {
            "X": 0.42052850127220154,
            "Y": 0.4815823435783386
          }
        ]
      },
      "Id": "5adbbec5-509e-4ccf-8e6b-ab24783291a3",
      "Relationships": [
        {
          "Type": "CHILD",
          "Ids": [
            "8b15422b-fe59-4962-a9bb-befc99f73c1e"
          ]
        }
      ],
      "Page": 1
    },
    {
      "BlockType": "LINE",
      "Confidence": 83.82198333740234,
      "Text": "24.4",
      "Geometry": {
        "BoundingBox": {
          "Width": 0.028089046478271484,
          "Height": 0.02013464644551277,
          "Left": 0.5622426867485046,
          "Top": 0.4616937041282654
        },
        "Polygon": [
          {
            "X": 0.5622426867485046,
            "Y": 0.4616996943950653
          },
          {
            "X": 0.5902354717254639,
            "Y": 0.4616937041282654
          },
          {
            "X": 0.5903317332267761,
            "Y": 0.48182225227355957
          },
          {
            "X": 0.5623377561569214,
            "Y": 0.48182836174964905
          }
        ]
      },
      "Id": "83e2ff7a-0527-4d69-9d07-ce077605820d",
      "Relationships": [
        {
          "Type": "CHILD",
          "Ids": [
            "354516f9-9212-4b91-872d-b676e3fb8d14"
          ]
        }
      ],
      "Page": 1
    },
    {
      "BlockType": "LINE",
      "Confidence": 79.56251525878906,
      "Text": "10.6",
      "Geometry": {
        "BoundingBox": {
          "Width": 0.026252882555127144,
          "Height": 0.019864751026034355,
          "Left": 0.6674531102180481,
          "Top": 0.4616784453392029
        },
        "Polygon": [
          {
            "X": 0.6674531102180481,
            "Y": 0.4616840183734894
          },
          {
            "X": 0.6936066150665283,
            "Y": 0.4616784453392029
          },
          {
            "X": 0.6937059760093689,
            "Y": 0.48153749108314514
          },
          {
            "X": 0.6675513386726379,
            "Y": 0.4815431833267212
          }
        ]
      },
      "Id": "190c19ab-4d6d-4eb3-a9e9-106f82562e9a",
      "Relationships": [
        {
          "Type": "CHILD",
          "Ids": [
            "d341e5be-eae2-4fbd-b722-3a30ba8c763c"
          ]
        }
      ],
      "Page": 1
    },
    {
      "BlockType": "LINE",
      "Confidence": 98.82218170166016,
      "Text": "Graphene/EP",
      "Geometry": {
        "BoundingBox": {
          "Width": 0.08323463052511215,
          "Height": 0.02629496343433857,
          "Left": 0.2559804618358612,
          "Top": 0.4913499653339386
        },
        "Polygon": [
          {
            "X": 0.2559804618358612,
            "Y": 0.49136823415756226
          },
          {
            "X": 0.3391035497188568,
            "Y": 0.4913499653339386
          },
          {
            "X": 0.33921509981155396,
            "Y": 0.517626166343689
          },
          {
            "X": 0.2560873329639435,
            "Y": 0.5176449418067932
          }
        ]
      },
      "Id": "7ee3d608-f55e-46ca-a133-77fe51d64dd7",
      "Relationships": [
        {
          "Type": "CHILD",
          "Ids": [
            "2c035d28-b49f-4700-b5ff-faca94c47d44"
          ]
        }
      ],
      "Page": 1
    },
    {
      "BlockType": "LINE",
      "Confidence": 99.9635009765625,
      "Text": "285",
      "Geometry": {
        "BoundingBox": {
          "Width": 0.024088965728878975,
          "Height": 0.019641894847154617,
          "Left": 0.42081642150878906,
          "Top": 0.49281150102615356
        },
        "Polygon": [
          {
            "X": 0.42081642150878906,
            "Y": 0.4928167760372162
          },
          {
            "X": 0.44481760263442993,
            "Y": 0.49281150102615356
          },
          {
            "X": 0.4449053704738617,
            "Y": 0.5124480128288269
          },
          {
            "X": 0.42090320587158203,
            "Y": 0.5124533772468567
          }
        ]
      },
      "Id": "25ba2389-57c6-43c7-bb98-222b5d934d65",
      "Relationships": [
        {
          "Type": "CHILD",
          "Ids": [
            "8d2c51a8-1939-44b5-b033-040b1cac3b96"
          ]
        }
      ],
      "Page": 1
    },
    {
      "BlockType": "LINE",
      "Confidence": 84.97269439697266,
      "Text": "20.3",
      "Geometry": {
        "BoundingBox": {
          "Width": 0.02693924307823181,
          "Height": 0.019828777760267258,
          "Left": 0.5626370906829834,
          "Top": 0.4926484227180481
        },
        "Polygon": [
          {
            "X": 0.5626370906829834,
            "Y": 0.49265435338020325
          },
          {
            "X": 0.5894815921783447,
            "Y": 0.4926484227180481
          },
          {
            "X": 0.5895763635635376,
            "Y": 0.5124711990356445
          },
          {
            "X": 0.5627307295799255,
            "Y": 0.5124772191047668
          }
        ]
      },
      "Id": "5c17d1e5-19be-4eba-ab3f-d8a3f7d371d2",
      "Relationships": [
        {
          "Type": "CHILD",
          "Ids": [
            "71e0077d-18ec-4e0a-9f1d-a33191caed4a"
          ]
        }
      ],
      "Page": 1
    },
    {
      "BlockType": "LINE",
      "Confidence": 79.05354309082031,
      "Text": "15.3",
      "Geometry": {
        "BoundingBox": {
          "Width": 0.026208190247416496,
          "Height": 0.01962565816938877,
          "Left": 0.667217493057251,
          "Top": 0.49281662702560425
        },
        "Polygon": [
          {
            "X": 0.667217493057251,
            "Y": 0.4928223788738251
          },
          {
            "X": 0.6933275461196899,
            "Y": 0.49281662702560425
          },
          {
            "X": 0.693425714969635,
            "Y": 0.5124364495277405
          },
          {
            "X": 0.6673145294189453,
            "Y": 0.5124422907829285
          }
        ]
      },
      "Id": "3e762f98-4147-430f-a903-3f7caa7f81f1",
      "Relationships": [
        {
          "Type": "CHILD",
          "Ids": [
            "415afe71-a906-4275-99d2-13ccd3c33a36"
          ]
        }
      ],
      "Page": 1
    },
    {
      "BlockType": "LINE",
      "Confidence": 95.5435791015625,
      "Text": "SnO2-graphene/EP",
      "Geometry": {
        "BoundingBox": {
          "Width": 0.12068325281143188,
          "Height": 0.026672672480344772,
          "Left": 0.2564878463745117,
          "Top": 0.5233681797981262
        },
        "Polygon": [
          {
            "X": 0.2564878463745117,
            "Y": 0.5233955383300781
          },
          {
            "X": 0.3770558536052704,
            "Y": 0.5233681797981262
          },
          {
            "X": 0.3771710991859436,
            "Y": 0.5500128865242004
          },
          {
            "X": 0.25659626722335815,
            "Y": 0.5500408411026001
          }
        ]
      },
      "Id": "03ba9106-b621-4f6f-a4ec-f9c7c418fd70",
      "Relationships": [
        {
          "Type": "CHILD",
          "Ids": [
            "cad67e18-c9d5-487f-8b62-c2909c351e5f"
          ]
        }
      ],
      "Page": 1
    },
    {
      "BlockType": "LINE",
      "Confidence": 99.9747314453125,
      "Text": "318",
      "Geometry": {
        "BoundingBox": {
          "Width": 0.02356245368719101,
          "Height": 0.01960880681872368,
          "Left": 0.42113855481147766,
          "Top": 0.5250106453895569
        },
        "Polygon": [
          {
            "X": 0.42113855481147766,
            "Y": 0.5250159502029419
          },
          {
            "X": 0.44461339712142944,
            "Y": 0.5250106453895569
          },
          {
            "X": 0.44470101594924927,
            "Y": 0.5446140170097351
          },
          {
            "X": 0.4212252199649811,
            "Y": 0.5446194410324097
          }
        ]
      },
      "Id": "5063ddbf-319a-4891-9ac9-c1da7b5b795d",
      "Relationships": [
        {
          "Type": "CHILD",
          "Ids": [
            "b43a7674-c57e-4223-8093-d5cb2e1ad14e"
          ]
        }
      ],
      "Page": 1
    },
    {
      "BlockType": "LINE",
      "Confidence": 77.310546875,
      "Text": "18.3",
      "Geometry": {
        "BoundingBox": {
          "Width": 0.025847192853689194,
          "Height": 0.019879916682839394,
          "Left": 0.5637165307998657,
          "Top": 0.5248228907585144
        },
        "Polygon": [
          {
            "X": 0.5637165307998657,
            "Y": 0.5248287320137024
          },
          {
            "X": 0.5894687175750732,
            "Y": 0.5248228907585144
          },
          {
            "X": 0.5895637273788452,
            "Y": 0.5446968674659729
          },
          {
            "X": 0.5638104677200317,
            "Y": 0.5447027683258057
          }
        ]
      },
      "Id": "01177cd6-d0d1-478b-bbb5-d00864fade9b",
      "Relationships": [
        {
          "Type": "CHILD",
          "Ids": [
            "3fea342f-728b-412e-9aa5-4bf44b026cf1"
          ]
        }
      ],
      "Page": 1
    },
    {
      "BlockType": "LINE",
      "Confidence": 98.7124252319336,
      "Text": "16.1",
      "Geometry": {
        "BoundingBox": {
          "Width": 0.024950047954916954,
          "Height": 0.020017175003886223,
          "Left": 0.6673392057418823,
          "Top": 0.5247976183891296
        },
        "Polygon": [
          {
            "X": 0.6673392057418823,
            "Y": 0.5248032212257385
          },
          {
            "X": 0.6921892166137695,
            "Y": 0.5247976183891296
          },
          {
            "X": 0.6922892332077026,
            "Y": 0.5448090434074402
          },
          {
            "X": 0.6674382090568542,
            "Y": 0.5448147654533386
          }
        ]
      },
      "Id": "63b5a2b0-c1ef-4730-8b0e-9eb1fdf94725",
      "Relationships": [
        {
          "Type": "CHILD",
          "Ids": [
            "d6326b72-2d4f-40d3-9b82-ab6aafc3cbc5"
          ]
        }
      ],
      "Page": 1
    },
    {
      "BlockType": "LINE",
      "Confidence": 62.87247085571289,
      "Text": "Co304-graphene/EP",
      "Geometry": {
        "BoundingBox": {
          "Width": 0.127360537648201,
          "Height": 0.02668742462992668,
          "Left": 0.2562456429004669,
          "Top": 0.5561602115631104
        },
        "Polygon": [
          {
            "X": 0.2562456429004669,
            "Y": 0.5561899542808533
          },
          {
            "X": 0.3834904730319977,
            "Y": 0.5561602115631104
          },
          {
            "X": 0.3836061656475067,
            "Y": 0.5828172564506531
          },
          {
            "X": 0.25635406374931335,
            "Y": 0.5828476548194885
          }
        ]
      },
      "Id": "56f6c212-9152-4b70-b8bd-7ca0b45d340e",
      "Relationships": [
        {
          "Type": "CHILD",
          "Ids": [
            "61736ea0-5114-4fb4-924b-20ea34cb67b5"
          ]
        }
      ],
      "Page": 1
    },
    {
      "BlockType": "LINE",
      "Confidence": 99.9123306274414,
      "Text": "329",
      "Geometry": {
        "BoundingBox": {
          "Width": 0.023868193849921227,
          "Height": 0.019561689347028732,
          "Left": 0.42117035388946533,
          "Top": 0.5573390126228333
        },
        "Polygon": [
          {
            "X": 0.42117035388946533,
            "Y": 0.5573445558547974
          },
          {
            "X": 0.4449511170387268,
            "Y": 0.5573390126228333
          },
          {
            "X": 0.4450385570526123,
            "Y": 0.5768950581550598
          },
          {
            "X": 0.42125678062438965,
            "Y": 0.5769007205963135
          }
        ]
      },
      "Id": "33eaedfd-2dbd-4581-983c-776f8609d44e",
      "Relationships": [
        {
          "Type": "CHILD",
          "Ids": [
            "d0eaac12-9498-4804-8dc9-377bfcae07a5"
          ]
        }
      ],
      "Page": 1
    },
    {
      "BlockType": "LINE",
      "Confidence": 91.05348205566406,
      "Text": "20.3",
      "Geometry": {
        "BoundingBox": {
          "Width": 0.02719513326883316,
          "Height": 0.01992088183760643,
          "Left": 0.5625287294387817,
          "Top": 0.5571363568305969
        },
        "Polygon": [
          {
            "X": 0.5625287294387817,
            "Y": 0.5571426749229431
          },
          {
            "X": 0.5896286964416504,
            "Y": 0.5571363568305969
          },
          {
            "X": 0.5897238850593567,
            "Y": 0.5770508050918579
          },
          {
            "X": 0.5626227855682373,
            "Y": 0.5770572423934937
          }
        ]
      },
      "Id": "935c11ab-3520-471c-96f0-0ed840796a1c",
      "Relationships": [
        {
          "Type": "CHILD",
          "Ids": [
            "5c0742eb-56bd-4528-bcb0-d2583cff75b5"
          ]
        }
      ],
      "Page": 1
    },
    {
      "BlockType": "LINE",
      "Confidence": 96.38121032714844,
      "Text": "13.0",
      "Geometry": {
        "BoundingBox": {
          "Width": 0.026705872267484665,
          "Height": 0.019826477393507957,
          "Left": 0.6672977805137634,
          "Top": 0.5572006106376648
        },
        "Polygon": [
          {
            "X": 0.6672977805137634,
            "Y": 0.5572068095207214
          },
          {
            "X": 0.6939045190811157,
            "Y": 0.5572006106376648
          },
          {
            "X": 0.6940036416053772,
            "Y": 0.5770207643508911
          },
          {
            "X": 0.667395830154419,
            "Y": 0.5770270824432373
          }
        ]
      },
      "Id": "ad965ec4-1052-4de4-9841-0eb427a26a5c",
      "Relationships": [
        {
          "Type": "CHILD",
          "Ids": [
            "60857f66-61ac-4efb-b9aa-78c4850f2a0c"
          ]
        }
      ],
      "Page": 1
    },
    {
      "BlockType": "WORD",
      "Confidence": 99.95533752441406,
      "Text": "Sample",
      "TextType": "PRINTED",
      "Geometry": {
        "BoundingBox": {
          "Width": 0.047664228826761246,
          "Height": 0.02568194456398487,
          "Left": 0.2560487389564514,
          "Top": 0.4126114845275879
        },
        "Polygon": [
          {
            "X": 0.2560487389564514,
            "Y": 0.4126211404800415
          },
          {
            "X": 0.30360591411590576,
            "Y": 0.4126114845275879
          },
          {
            "X": 0.30371296405792236,
            "Y": 0.4382835030555725
          },
          {
            "X": 0.2561531960964203,
            "Y": 0.4382934272289276
          }
        ]
      },
      "Id": "8d0213e7-90d2-4419-8dea-8eef0170132d",
      "Page": 1
    },
    {
      "BlockType": "WORD",
      "Confidence": 99.81110382080078,
      "Text": "Peak",
      "TextType": "PRINTED",
      "Geometry": {
        "BoundingBox": {
          "Width": 0.030648089945316315,
          "Height": 0.02034197747707367,
          "Left": 0.4208793640136719,
          "Top": 0.41291582584381104
        },
        "Polygon": [
          {
            "X": 0.4208793640136719,
            "Y": 0.41292205452919006
          },
          {
            "X": 0.45143622159957886,
            "Y": 0.41291582584381104
          },
          {
            "X": 0.4515274465084076,
            "Y": 0.43325144052505493
          },
          {
            "X": 0.42096924781799316,
            "Y": 0.4332577884197235
          }
        ]
      },
      "Id": "acec116c-157a-4851-a579-cd140b8794fa",
      "Page": 1
    },
    {
      "BlockType": "WORD",
      "Confidence": 99.77510833740234,
      "Text": "HRR",
      "TextType": "PRINTED",
      "Geometry": {
        "BoundingBox": {
          "Width": 0.028383303433656693,
          "Height": 0.019802076742053032,
          "Left": 0.45560315251350403,
          "Top": 0.41350987553596497
        },
        "Polygon": [
          {
            "X": 0.45560315251350403,
            "Y": 0.4135156273841858
          },
          {
            "X": 0.48389628529548645,
            "Y": 0.41350987553596497
          },
          {
            "X": 0.4839864671230316,
            "Y": 0.4333060681819916
          },
          {
            "X": 0.4556921422481537,
            "Y": 0.43331193923950195
          }
        ]
      },
      "Id": "02cae0c6-11cf-4e72-bd57-ce189aa553e3",
      "Page": 1
    },
    {
      "BlockType": "WORD",
      "Confidence": 99.1542739868164,
      "Text": "(W/g)",
      "TextType": "PRINTED",
      "Geometry": {
        "BoundingBox": {
          "Width": 0.03759731724858284,
          "Height": 0.02573024295270443,
          "Left": 0.48784056305885315,
          "Top": 0.4126458466053009
        },
        "Polygon": [
          {
            "X": 0.48784056305885315,
            "Y": 0.41265347599983215
          },
          {
            "X": 0.525318443775177,
            "Y": 0.4126458466053009
          },
          {
            "X": 0.5254378914833069,
            "Y": 0.4383682608604431
          },
          {
            "X": 0.4879579544067383,
            "Y": 0.4383760988712311
          }
        ]
      },
      "Id": "ee220832-267f-40dc-9072-9790c70b8b6d",
      "Page": 1
    },
    {
      "BlockType": "WORD",
      "Confidence": 99.70037078857422,
      "Text": "THR",
      "TextType": "PRINTED",
      "Geometry": {
        "BoundingBox": {
          "Width": 0.028611203655600548,
          "Height": 0.0200592540204525,
          "Left": 0.5616487264633179,
          "Top": 0.41325896978378296
        },
        "Polygon": [
          {
            "X": 0.5616487264633179,
            "Y": 0.41326475143432617
          },
          {
            "X": 0.5901640057563782,
            "Y": 0.41325896978378296
          },
          {
            "X": 0.5902599096298218,
            "Y": 0.4333122968673706
          },
          {
            "X": 0.5617433786392212,
            "Y": 0.43331819772720337
          }
        ]
      },
      "Id": "f535fea8-beab-40c5-8f96-253d56b3cfe1",
      "Page": 1
    },
    {
      "BlockType": "WORD",
      "Confidence": 69.93953704833984,
      "Text": "(kJ/g)",
      "TextType": "PRINTED",
      "Geometry": {
        "BoundingBox": {
          "Width": 0.03533491492271423,
          "Height": 0.025519710034132004,
          "Left": 0.5937288999557495,
          "Top": 0.4130013883113861
        },
        "Polygon": [
          {
            "X": 0.5937288999557495,
            "Y": 0.41300854086875916
          },
          {
            "X": 0.628939688205719,
            "Y": 0.4130013883113861
          },
          {
            "X": 0.6290637850761414,
            "Y": 0.43851372599601746
          },
          {
            "X": 0.5938510894775391,
            "Y": 0.4385210871696472
          }
        ]
      },
      "Id": "c5a4e6d6-60f1-4712-927c-f431b52395b8",
      "Page": 1
    },
    {
      "BlockType": "WORD",
      "Confidence": 99.10693359375,
      "Text": "Char",
      "TextType": "PRINTED",
      "Geometry": {
        "BoundingBox": {
          "Width": 0.03042164072394371,
          "Height": 0.0206220094114542,
          "Left": 0.6662783026695251,
          "Top": 0.41249316930770874
        },
        "Polygon": [
          {
            "X": 0.6662783026695251,
            "Y": 0.412499338388443
          },
          {
            "X": 0.6965966820716858,
            "Y": 0.41249316930770874
          },
          {
            "X": 0.6966999769210815,
            "Y": 0.4331088960170746
          },
          {
            "X": 0.6663802862167358,
            "Y": 0.4331151843070984
          }
        ]
      },
      "Id": "3df4bd79-c8bb-44b9-9dfe-a4b18bcd6dce",
      "Page": 1
    },
    {
      "BlockType": "WORD",
      "Confidence": 99.9148941040039,
      "Text": "yield",
      "TextType": "PRINTED",
      "Geometry": {
        "BoundingBox": {
          "Width": 0.03269272297620773,
          "Height": 0.02621331997215748,
          "Left": 0.6998091340065002,
          "Top": 0.41206732392311096
        },
        "Polygon": [
          {
            "X": 0.6998091340065002,
            "Y": 0.41207394003868103
          },
          {
            "X": 0.732368528842926,
            "Y": 0.41206732392311096
          },
          {
            "X": 0.7325018644332886,
            "Y": 0.4382738471031189
          },
          {
            "X": 0.6999406218528748,
            "Y": 0.4382806420326233
          }
        ]
      },
      "Id": "7e829686-e0d5-4edd-9ab7-f5deb6022766",
      "Page": 1
    },
    {
      "BlockType": "WORD",
      "Confidence": 99.93441772460938,
      "Text": "(%)",
      "TextType": "PRINTED",
      "Geometry": {
        "BoundingBox": {
          "Width": 0.019233154132962227,
          "Height": 0.025347905233502388,
          "Left": 0.7369282841682434,
          "Top": 0.41267889738082886
        },
        "Polygon": [
          {
            "X": 0.7369282841682434,
            "Y": 0.41268277168273926
          },
          {
            "X": 0.7560312151908875,
            "Y": 0.41267889738082886
          },
          {
            "X": 0.7561614513397217,
            "Y": 0.43802282214164734
          },
          {
            "X": 0.7370574474334717,
            "Y": 0.4380268156528473
          }
        ]
      },
      "Id": "46a32ad3-6869-4b40-b689-4498acb77eea",
      "Page": 1
    },
    {
      "BlockType": "WORD",
      "Confidence": 99.76592254638672,
      "Text": "EP",
      "TextType": "PRINTED",
      "Geometry": {
        "BoundingBox": {
          "Width": 0.016139762476086617,
          "Height": 0.018964331597089767,
          "Left": 0.2562190294265747,
          "Top": 0.4621976912021637
        },
        "Polygon": [
          {
            "X": 0.2562190294265747,
            "Y": 0.4622011184692383
          },
          {
            "X": 0.2722809910774231,
            "Y": 0.4621976912021637
          },
          {
            "X": 0.272358775138855,
            "Y": 0.4811585247516632
          },
          {
            "X": 0.25629615783691406,
            "Y": 0.48116204142570496
          }
        ]
      },
      "Id": "a7612a64-5f4f-49f1-8a97-a76ec9b567a0",
      "Page": 1
    },
    {
      "BlockType": "WORD",
      "Confidence": 99.97797393798828,
      "Text": "449",
      "TextType": "PRINTED",
      "Geometry": {
        "BoundingBox": {
          "Width": 0.024803968146443367,
          "Height": 0.019824229180812836,
          "Left": 0.4204409122467041,
          "Top": 0.4617581069469452
        },
        "Polygon": [
          {
            "X": 0.4204409122467041,
            "Y": 0.4617633819580078
          },
          {
            "X": 0.4451562464237213,
            "Y": 0.4617581069469452
          },
          {
            "X": 0.4452448785305023,
            "Y": 0.48157694935798645
          },
          {
            "X": 0.42052850127220154,
            "Y": 0.4815823435783386
          }
        ]
      },
      "Id": "8b15422b-fe59-4962-a9bb-befc99f73c1e",
      "Page": 1
    },
    {
      "BlockType": "WORD",
      "Confidence": 83.82198333740234,
      "Text": "24.4",
      "TextType": "PRINTED",
      "Geometry": {
        "BoundingBox": {
          "Width": 0.028089046478271484,
          "Height": 0.02013464644551277,
          "Left": 0.5622426867485046,
          "Top": 0.4616937041282654
        },
        "Polygon": [
          {
            "X": 0.5622426867485046,
            "Y": 0.4616996943950653
          },
          {
            "X": 0.5902354717254639,
            "Y": 0.4616937041282654
          },
          {
            "X": 0.5903317332267761,
            "Y": 0.48182225227355957
          },
          {
            "X": 0.5623377561569214,
            "Y": 0.48182836174964905
          }
        ]
      },
      "Id": "354516f9-9212-4b91-872d-b676e3fb8d14",
      "Page": 1
    },
    {
      "BlockType": "WORD",
      "Confidence": 79.56251525878906,
      "Text": "10.6",
      "TextType": "PRINTED",
      "Geometry": {
        "BoundingBox": {
          "Width": 0.026252882555127144,
          "Height": 0.019864751026034355,
          "Left": 0.6674531102180481,
          "Top": 0.4616784453392029
        },
        "Polygon": [
          {
            "X": 0.6674531102180481,
            "Y": 0.4616840183734894
          },
          {
            "X": 0.6936066150665283,
            "Y": 0.4616784453392029
          },
          {
            "X": 0.6937059760093689,
            "Y": 0.48153749108314514
          },
          {
            "X": 0.6675513386726379,
            "Y": 0.4815431833267212
          }
        ]
      },
      "Id": "d341e5be-eae2-4fbd-b722-3a30ba8c763c",
      "Page": 1
    },
    {
      "BlockType": "WORD",
      "Confidence": 98.82218170166016,
      "Text": "Graphene/EP",
      "TextType": "PRINTED",
      "Geometry": {
        "BoundingBox": {
          "Width": 0.08323463052511215,
          "Height": 0.02629496343433857,
          "Left": 0.2559804618358612,
          "Top": 0.4913499653339386
        },
        "Polygon": [
          {
            "X": 0.2559804618358612,
            "Y": 0.49136823415756226
          },
          {
            "X": 0.3391035497188568,
            "Y": 0.4913499653339386
          },
          {
            "X": 0.33921509981155396,
            "Y": 0.517626166343689
          },
          {
            "X": 0.2560873329639435,
            "Y": 0.5176449418067932
          }
        ]
      },
      "Id": "2c035d28-b49f-4700-b5ff-faca94c47d44",
      "Page": 1
    },
    {
      "BlockType": "WORD",
      "Confidence": 99.9635009765625,
      "Text": "285",
      "TextType": "PRINTED",
      "Geometry": {
        "BoundingBox": {
          "Width": 0.024088965728878975,
          "Height": 0.019641894847154617,
          "Left": 0.42081642150878906,
          "Top": 0.49281150102615356
        },
        "Polygon": [
          {
            "X": 0.42081642150878906,
            "Y": 0.4928167760372162
          },
          {
            "X": 0.44481760263442993,
            "Y": 0.49281150102615356
          },
          {
            "X": 0.4449053704738617,
            "Y": 0.5124480128288269
          },
          {
            "X": 0.42090320587158203,
            "Y": 0.5124533772468567
          }
        ]
      },
      "Id": "8d2c51a8-1939-44b5-b033-040b1cac3b96",
      "Page": 1
    },
    {
      "BlockType": "WORD",
      "Confidence": 84.97269439697266,
      "Text": "20.3",
      "TextType": "PRINTED",
      "Geometry": {
        "BoundingBox": {
          "Width": 0.02693924307823181,
          "Height": 0.019828777760267258,
          "Left": 0.5626370906829834,
          "Top": 0.4926484227180481
        },
        "Polygon": [
          {
            "X": 0.5626370906829834,
            "Y": 0.49265435338020325
          },
          {
            "X": 0.5894815921783447,
            "Y": 0.4926484227180481
          },
          {
            "X": 0.5895763635635376,
            "Y": 0.5124711990356445
          },
          {
            "X": 0.5627307295799255,
            "Y": 0.5124772191047668
          }
        ]
      },
      "Id": "71e0077d-18ec-4e0a-9f1d-a33191caed4a",
      "Page": 1
    },
    {
      "BlockType": "WORD",
      "Confidence": 79.05354309082031,
      "Text": "15.3",
      "TextType": "PRINTED",
      "Geometry": {
        "BoundingBox": {
          "Width": 0.026208190247416496,
          "Height": 0.01962565816938877,
          "Left": 0.667217493057251,
          "Top": 0.49281662702560425
        },
        "Polygon": [
          {
            "X": 0.667217493057251,
            "Y": 0.4928223788738251
          },
          {
            "X": 0.6933275461196899,
            "Y": 0.49281662702560425
          },
          {
            "X": 0.693425714969635,
            "Y": 0.5124364495277405
          },
          {
            "X": 0.6673145294189453,
            "Y": 0.5124422907829285
          }
        ]
      },
      "Id": "415afe71-a906-4275-99d2-13ccd3c33a36",
      "Page": 1
    },
    {
      "BlockType": "WORD",
      "Confidence": 95.5435791015625,
      "Text": "SnO2-graphene/EP",
      "TextType": "PRINTED",
      "Geometry": {
        "BoundingBox": {
          "Width": 0.12068325281143188,
          "Height": 0.026672672480344772,
          "Left": 0.2564878463745117,
          "Top": 0.5233681797981262
        },
        "Polygon": [
          {
            "X": 0.2564878463745117,
            "Y": 0.5233955383300781
          },
          {
            "X": 0.3770558536052704,
            "Y": 0.5233681797981262
          },
          {
            "X": 0.3771710991859436,
            "Y": 0.5500128865242004
          },
          {
            "X": 0.25659626722335815,
            "Y": 0.5500408411026001
          }
        ]
      },
      "Id": "cad67e18-c9d5-487f-8b62-c2909c351e5f",
      "Page": 1
    },
    {
      "BlockType": "WORD",
      "Confidence": 99.9747314453125,
      "Text": "318",
      "TextType": "PRINTED",
      "Geometry": {
        "BoundingBox": {
          "Width": 0.02356245368719101,
          "Height": 0.01960880681872368,
          "Left": 0.42113855481147766,
          "Top": 0.5250106453895569
        },
        "Polygon": [
          {
            "X": 0.42113855481147766,
            "Y": 0.5250159502029419
          },
          {
            "X": 0.44461339712142944,
            "Y": 0.5250106453895569
          },
          {
            "X": 0.44470101594924927,
            "Y": 0.5446140170097351
          },
          {
            "X": 0.4212252199649811,
            "Y": 0.5446194410324097
          }
        ]
      },
      "Id": "b43a7674-c57e-4223-8093-d5cb2e1ad14e",
      "Page": 1
    },
    {
      "BlockType": "WORD",
      "Confidence": 77.310546875,
      "Text": "18.3",
      "TextType": "PRINTED",
      "Geometry": {
        "BoundingBox": {
          "Width": 0.025847192853689194,
          "Height": 0.019879916682839394,
          "Left": 0.5637165307998657,
          "Top": 0.5248228907585144
        },
        "Polygon": [
          {
            "X": 0.5637165307998657,
            "Y": 0.5248287320137024
          },
          {
            "X": 0.5894687175750732,
            "Y": 0.5248228907585144
          },
          {
            "X": 0.5895637273788452,
            "Y": 0.5446968674659729
          },
          {
            "X": 0.5638104677200317,
            "Y": 0.5447027683258057
          }
        ]
      },
      "Id": "3fea342f-728b-412e-9aa5-4bf44b026cf1",
      "Page": 1
    },
    {
      "BlockType": "WORD",
      "Confidence": 98.7124252319336,
      "Text": "16.1",
      "TextType": "PRINTED",
      "Geometry": {
        "BoundingBox": {
          "Width": 0.024950047954916954,
          "Height": 0.020017175003886223,
          "Left": 0.6673392057418823,
          "Top": 0.5247976183891296
        },
        "Polygon": [
          {
            "X": 0.6673392057418823,
            "Y": 0.5248032212257385
          },
          {
            "X": 0.6921892166137695,
            "Y": 0.5247976183891296
          },
          {
            "X": 0.6922892332077026,
            "Y": 0.5448090434074402
          },
          {
            "X": 0.6674382090568542,
            "Y": 0.5448147654533386
          }
        ]
      },
      "Id": "d6326b72-2d4f-40d3-9b82-ab6aafc3cbc5",
      "Page": 1
    },
    {
      "BlockType": "WORD",
      "Confidence": 62.87247085571289,
      "Text": "Co304-graphene/EP",
      "TextType": "PRINTED",
      "Geometry": {
        "BoundingBox": {
          "Width": 0.127360537648201,
          "Height": 0.02668742462992668,
          "Left": 0.2562456429004669,
          "Top": 0.5561602115631104
        },
        "Polygon": [
          {
            "X": 0.2562456429004669,
            "Y": 0.5561899542808533
          },
          {
            "X": 0.3834904730319977,
            "Y": 0.5561602115631104
          },
          {
            "X": 0.3836061656475067,
            "Y": 0.5828172564506531
          },
          {
            "X": 0.25635406374931335,
            "Y": 0.5828476548194885
          }
        ]
      },
      "Id": "61736ea0-5114-4fb4-924b-20ea34cb67b5",
      "Page": 1
    },
    {
      "BlockType": "WORD",
      "Confidence": 99.9123306274414,
      "Text": "329",
      "TextType": "PRINTED",
      "Geometry": {
        "BoundingBox": {
          "Width": 0.023868193849921227,
          "Height": 0.019561689347028732,
          "Left": 0.42117035388946533,
          "Top": 0.5573390126228333
        },
        "Polygon": [
          {
            "X": 0.42117035388946533,
            "Y": 0.5573445558547974
          },
          {
            "X": 0.4449511170387268,
            "Y": 0.5573390126228333
          },
          {
            "X": 0.4450385570526123,
            "Y": 0.5768950581550598
          },
          {
            "X": 0.42125678062438965,
            "Y": 0.5769007205963135
          }
        ]
      },
      "Id": "d0eaac12-9498-4804-8dc9-377bfcae07a5",
      "Page": 1
    },
    {
      "BlockType": "WORD",
      "Confidence": 91.05348205566406,
      "Text": "20.3",
      "TextType": "PRINTED",
      "Geometry": {
        "BoundingBox": {
          "Width": 0.02719513326883316,
          "Height": 0.01992088183760643,
          "Left": 0.5625287294387817,
          "Top": 0.5571363568305969
        },
        "Polygon": [
          {
            "X": 0.5625287294387817,
            "Y": 0.5571426749229431
          },
          {
            "X": 0.5896286964416504,
            "Y": 0.5571363568305969
          },
          {
            "X": 0.5897238850593567,
            "Y": 0.5770508050918579
          },
          {
            "X": 0.5626227855682373,
            "Y": 0.5770572423934937
          }
        ]
      },
      "Id": "5c0742eb-56bd-4528-bcb0-d2583cff75b5",
      "Page": 1
    },
    {
      "BlockType": "WORD",
      "Confidence": 96.38121032714844,
      "Text": "13.0",
      "TextType": "PRINTED",
      "Geometry": {
        "BoundingBox": {
          "Width": 0.026705872267484665,
          "Height": 0.019826477393507957,
          "Left": 0.6672977805137634,
          "Top": 0.5572006106376648
        },
        "Polygon": [
          {
            "X": 0.6672977805137634,
            "Y": 0.5572068095207214
          },
          {
            "X": 0.6939045190811157,
            "Y": 0.5572006106376648
          },
          {
            "X": 0.6940036416053772,
            "Y": 0.5770207643508911
          },
          {
            "X": 0.667395830154419,
            "Y": 0.5770270824432373
          }
        ]
      },
      "Id": "60857f66-61ac-4efb-b9aa-78c4850f2a0c",
      "Page": 1
    },
    {
      "BlockType": "TABLE",
      "Confidence": 99.951171875,
      "Geometry": {
        "BoundingBox": {
          "Width": 0.5395835638046265,
          "Height": 0.19435469806194305,
          "Left": 0.23075050115585327,
          "Top": 0.40270859003067017
        },
        "Polygon": [
          {
            "X": 0.23075050115585327,
            "Y": 0.402817040681839
          },
          {
            "X": 0.7693307995796204,
            "Y": 0.40270859003067017
          },
          {
            "X": 0.7703340649604797,
            "Y": 0.5969328880310059
          },
          {
            "X": 0.2315302938222885,
            "Y": 0.5970633029937744
          }
        ]
      },
      "Id": "293f52f0-6d2a-446f-b4af-cff58ccbfdb4",
      "Relationships": [
        {
          "Type": "CHILD",
          "Ids": [
            "d293e6c7-4d5f-4aa8-bdc0-9e7f6b16bdeb",
            "b94f3012-e34c-4744-bf69-d371808c2206",
            "f2b38d88-d7be-4cdd-8a8a-c5e7c1c2b6db",
            "bdac5c01-924a-4519-bde3-5b64c52102d4",
            "49f9b78d-ff03-4d59-88c1-01ecf87de094",
            "588d679a-725e-49ac-b157-8fc9c5597eb6",
            "ea83b796-f91e-49e1-9e1f-917381d940f0",
            "86c6271f-64c6-4ea3-9170-56746df3dc02",
            "bd093966-1177-420b-8f42-6f51767a5957",
            "f377f4b2-cd11-44ee-a166-7dd741faa505",
            "17d66b9c-97e0-4c2c-a222-d6ecf6aa4a35",
            "1006ea14-fc16-48d4-9dda-d46baf378017",
            "79007a7b-3543-47df-a958-96506f26a537",
            "af38fe4a-8fd7-4505-a8b8-91b3ee22da0b",
            "68a09dba-329d-4ab9-b333-5213993a0664",
            "8088344e-8154-410b-996a-49953ccbdf3b",
            "373e3e0b-7d76-4bd6-977e-991157925907",
            "c21246ed-279a-447f-a981-41f67e844df5",
            "b3d79a99-760e-4218-bf57-d0b8c2205c1c",
            "82ae22c2-25af-471b-a0ec-28eb99c618b3"
          ]
        }
      ],
      "EntityTypes": [
        "STRUCTURED_TABLE"
      ],
      "Page": 1
    },
    {
      "BlockType": "CELL",
      "Confidence": 93.65234375,
      "RowIndex": 1,
      "ColumnIndex": 1,
      "RowSpan": 1,
      "ColumnSpan": 1,
      "Geometry": {
        "BoundingBox": {
          "Width": 0.17237089574337006,
          "Height": 0.04362337291240692,
          "Left": 0.23075050115585327,
          "Top": 0.4027823805809021
        },
        "Polygon": [
          {
            "X": 0.23075050115585327,
            "Y": 0.402817040681839
          },
          {
            "X": 0.4029303789138794,
            "Y": 0.4027823805809021
          },
          {
            "X": 0.40312138199806213,
            "Y": 0.4463694989681244
          },
          {
            "X": 0.23092548549175262,
            "Y": 0.4464057385921478
          }
        ]
      },
      "Id": "d293e6c7-4d5f-4aa8-bdc0-9e7f6b16bdeb",
      "Relationships": [
        {
          "Type": "CHILD",
          "Ids": [
            "8d0213e7-90d2-4419-8dea-8eef0170132d"
          ]
        }
      ],
      "EntityTypes": [
        "COLUMN_HEADER"
      ],
      "Page": 1
    },
    {
      "BlockType": "CELL",
      "Confidence": 91.30859375,
      "RowIndex": 1,
      "ColumnIndex": 2,
      "RowSpan": 1,
      "ColumnSpan": 1,
      "Geometry": {
        "BoundingBox": {
          "Width": 0.14160282909870148,
          "Height": 0.04361560195684433,
          "Left": 0.4029303789138794,
          "Top": 0.40275388956069946
        },
        "Polygon": [
          {
            "X": 0.4029303789138794,
            "Y": 0.4027823805809021
          },
          {
            "X": 0.544329047203064,
            "Y": 0.40275388956069946
          },
          {
            "X": 0.5445331931114197,
            "Y": 0.4463397264480591
          },
          {
            "X": 0.40312138199806213,
            "Y": 0.4463694989681244
          }
        ]
      },
      "Id": "b94f3012-e34c-4744-bf69-d371808c2206",
      "Relationships": [
        {
          "Type": "CHILD",
          "Ids": [
            "acec116c-157a-4851-a579-cd140b8794fa",
            "02cae0c6-11cf-4e72-bd57-ce189aa553e3",
            "ee220832-267f-40dc-9072-9790c70b8b6d"
          ]
        }
      ],
      "EntityTypes": [
        "COLUMN_HEADER"
      ],
      "Page": 1
    },
    {
      "BlockType": "CELL",
      "Confidence": 89.306640625,
      "RowIndex": 1,
      "ColumnIndex": 3,
      "RowSpan": 1,
      "ColumnSpan": 1,
      "Geometry": {
        "BoundingBox": {
          "Width": 0.1047205775976181,
          "Height": 0.04360688105225563,
          "Left": 0.544329047203064,
          "Top": 0.40273284912109375
        },
        "Polygon": [
          {
            "X": 0.544329047203064,
            "Y": 0.40275388956069946
          },
          {
            "X": 0.6488356590270996,
            "Y": 0.40273284912109375
          },
          {
            "X": 0.6490495800971985,
            "Y": 0.44631773233413696
          },
          {
            "X": 0.5445331931114197,
            "Y": 0.4463397264480591
          }
        ]
      },
      "Id": "f2b38d88-d7be-4cdd-8a8a-c5e7c1c2b6db",
      "Relationships": [
        {
          "Type": "CHILD",
          "Ids": [
            "f535fea8-beab-40c5-8f96-253d56b3cfe1",
            "c5a4e6d6-60f1-4712-927c-f431b52395b8"
          ]
        }
      ],
      "EntityTypes": [
        "COLUMN_HEADER"
      ],
      "Page": 1
    },
    {
      "BlockType": "CELL",
      "Confidence": 93.408203125,
      "RowIndex": 1,
      "ColumnIndex": 4,
      "RowSpan": 1,
      "ColumnSpan": 1,
      "Geometry": {
        "BoundingBox": {
          "Width": 0.12072023004293442,
          "Height": 0.043609146028757095,
          "Left": 0.6488356590270996,
          "Top": 0.40270859003067017
        },
        "Polygon": [
          {
            "X": 0.6488356590270996,
            "Y": 0.40273284912109375
          },
          {
            "X": 0.7693307995796204,
            "Y": 0.40270859003067017
          },
          {
            "X": 0.769555926322937,
            "Y": 0.44629237055778503
          },
          {
            "X": 0.6490495800971985,
            "Y": 0.44631773233413696
          }
        ]
      },
      "Id": "bdac5c01-924a-4519-bde3-5b64c52102d4",
      "Relationships": [
        {
          "Type": "CHILD",
          "Ids": [
            "3df4bd79-c8bb-44b9-9dfe-a4b18bcd6dce",
            "7e829686-e0d5-4edd-9ab7-f5deb6022766",
            "46a32ad3-6869-4b40-b689-4498acb77eea"
          ]
        }
      ],
      "EntityTypes": [
        "COLUMN_HEADER"
      ],
      "Page": 1
    },
    {
      "BlockType": "CELL",
      "Confidence": 89.111328125,
      "RowIndex": 2,
      "ColumnIndex": 1,
      "RowSpan": 1,
      "ColumnSpan": 1,
      "Geometry": {
        "BoundingBox": {
          "Width": 0.17237287759780884,
          "Height": 0.04041854292154312,
          "Left": 0.23092548549175262,
          "Top": 0.4463694989681244
        },
        "Polygon": [
          {
            "X": 0.23092548549175262,
            "Y": 0.4464057385921478
          },
          {
            "X": 0.40312138199806213,
            "Y": 0.4463694989681244
          },
          {
            "X": 0.40329834818840027,
            "Y": 0.4867503345012665
          },
          {
            "X": 0.2310875952243805,
            "Y": 0.4867880344390869
          }
        ]
      },
      "Id": "49f9b78d-ff03-4d59-88c1-01ecf87de094",
      "Relationships": [
        {
          "Type": "CHILD",
          "Ids": [
            "a7612a64-5f4f-49f1-8a97-a76ec9b567a0"
          ]
        }
      ],
      "Page": 1
    },
    {
      "BlockType": "CELL",
      "Confidence": 86.865234375,
      "RowIndex": 2,
      "ColumnIndex": 2,
      "RowSpan": 1,
      "ColumnSpan": 1,
      "Geometry": {
        "BoundingBox": {
          "Width": 0.14160096645355225,
          "Height": 0.0404106043279171,
          "Left": 0.40312138199806213,
          "Top": 0.4463397264480591
        },
        "Polygon": [
          {
            "X": 0.40312138199806213,
            "Y": 0.4463694989681244
          },
          {
            "X": 0.5445331931114197,
            "Y": 0.4463397264480591
          },
          {
            "X": 0.5447223782539368,
            "Y": 0.48671936988830566
          },
          {
            "X": 0.40329834818840027,
            "Y": 0.4867503345012665
          }
        ]
      },
      "Id": "588d679a-725e-49ac-b157-8fc9c5597eb6",
      "Relationships": [
        {
          "Type": "CHILD",
          "Ids": [
            "8b15422b-fe59-4962-a9bb-befc99f73c1e"
          ]
        }
      ],
      "Page": 1
    },
    {
      "BlockType": "CELL",
      "Confidence": 84.9609375,
      "RowIndex": 2,
      "ColumnIndex": 3,
      "RowSpan": 1,
      "ColumnSpan": 1,
      "Geometry": {
        "BoundingBox": {
          "Width": 0.10471457242965698,
          "Height": 0.040401641279459,
          "Left": 0.5445331931114197,
          "Top": 0.44631773233413696
        },
        "Polygon": [
          {
            "X": 0.5445331931114197,
            "Y": 0.4463397264480591
          },
          {
            "X": 0.6490495800971985,
            "Y": 0.44631773233413696
          },
          {
            "X": 0.6492477655410767,
            "Y": 0.4866964817047119
          },
          {
            "X": 0.5447223782539368,
            "Y": 0.48671936988830566
          }
        ]
      },
      "Id": "ea83b796-f91e-49e1-9e1f-917381d940f0",
      "Relationships": [
        {
          "Type": "CHILD",
          "Ids": [
            "354516f9-9212-4b91-872d-b676e3fb8d14"
          ]
        }
      ],
      "Page": 1
    },
    {
      "BlockType": "CELL",
      "Confidence": 88.8671875,
      "RowIndex": 2,
      "ColumnIndex": 4,
      "RowSpan": 1,
      "ColumnSpan": 1,
      "Geometry": {
        "BoundingBox": {
          "Width": 0.12071488797664642,
          "Height": 0.040404122322797775,
          "Left": 0.6490495800971985,
          "Top": 0.44629237055778503
        },
        "Polygon": [
          {
            "X": 0.6490495800971985,
            "Y": 0.44631773233413696
          },
          {
            "X": 0.769555926322937,
            "Y": 0.44629237055778503
          },
          {
            "X": 0.7697644829750061,
            "Y": 0.4866701066493988
          },
          {
            "X": 0.6492477655410767,
            "Y": 0.4866964817047119
          }
        ]
      },
      "Id": "86c6271f-64c6-4ea3-9170-56746df3dc02",
      "Relationships": [
        {
          "Type": "CHILD",
          "Ids": [
            "d341e5be-eae2-4fbd-b722-3a30ba8c763c"
          ]
        }
      ],
      "Page": 1
    },
    {
      "BlockType": "CELL",
      "Confidence": 86.083984375,
      "RowIndex": 3,
      "ColumnIndex": 1,
      "RowSpan": 1,
      "ColumnSpan": 1,
      "Geometry": {
        "BoundingBox": {
          "Width": 0.17235825955867767,
          "Height": 0.03369493782520294,
          "Left": 0.2310875952243805,
          "Top": 0.4867503345012665
        },
        "Polygon": [
          {
            "X": 0.2310875952243805,
            "Y": 0.4867880344390869
          },
          {
            "X": 0.40329834818840027,
            "Y": 0.4867503345012665
          },
          {
            "X": 0.40344586968421936,
            "Y": 0.5204063653945923
          },
          {
            "X": 0.2312227040529251,
            "Y": 0.5204452872276306
          }
        ]
      },
      "Id": "bd093966-1177-420b-8f42-6f51767a5957",
      "Relationships": [
        {
          "Type": "CHILD",
          "Ids": [
            "2c035d28-b49f-4700-b5ff-faca94c47d44"
          ]
        }
      ],
      "Page": 1
    },
    {
      "BlockType": "CELL",
      "Confidence": 83.935546875,
      "RowIndex": 3,
      "ColumnIndex": 2,
      "RowSpan": 1,
      "ColumnSpan": 1,
      "Geometry": {
        "BoundingBox": {
          "Width": 0.14158165454864502,
          "Height": 0.033686984330415726,
          "Left": 0.40329834818840027,
          "Top": 0.48671936988830566
        },
        "Polygon": [
          {
            "X": 0.40329834818840027,
            "Y": 0.4867503345012665
          },
          {
            "X": 0.5447223782539368,
            "Y": 0.48671936988830566
          },
          {
            "X": 0.5448800325393677,
            "Y": 0.5203744173049927
          },
          {
            "X": 0.40344586968421936,
            "Y": 0.5204063653945923
          }
        ]
      },
      "Id": "f377f4b2-cd11-44ee-a166-7dd741faa505",
      "Relationships": [
        {
          "Type": "CHILD",
          "Ids": [
            "8d2c51a8-1939-44b5-b033-040b1cac3b96"
          ]
        }
      ],
      "Page": 1
    },
    {
      "BlockType": "CELL",
      "Confidence": 82.080078125,
      "RowIndex": 3,
      "ColumnIndex": 3,
      "RowSpan": 1,
      "ColumnSpan": 1,
      "Geometry": {
        "BoundingBox": {
          "Width": 0.10469058156013489,
          "Height": 0.03367790952324867,
          "Left": 0.5447223782539368,
          "Top": 0.4866964817047119
        },
        "Polygon": [
          {
            "X": 0.5447223782539368,
            "Y": 0.48671936988830566
          },
          {
            "X": 0.6492477655410767,
            "Y": 0.4866964817047119
          },
          {
            "X": 0.6494129300117493,
            "Y": 0.5203507542610168
          },
          {
            "X": 0.5448800325393677,
            "Y": 0.5203744173049927
          }
        ]
      },
      "Id": "17d66b9c-97e0-4c2c-a222-d6ecf6aa4a35",
      "Relationships": [
        {
          "Type": "CHILD",
          "Ids": [
            "71e0077d-18ec-4e0a-9f1d-a33191caed4a"
          ]
        }
      ],
      "Page": 1
    },
    {
      "BlockType": "CELL",
      "Confidence": 85.83984375,
      "RowIndex": 3,
      "ColumnIndex": 4,
      "RowSpan": 1,
      "ColumnSpan": 1,
      "Geometry": {
        "BoundingBox": {
          "Width": 0.12069054692983627,
          "Height": 0.03368067368865013,
          "Left": 0.6492477655410767,
          "Top": 0.4866701066493988
        },
        "Polygon": [
          {
            "X": 0.6492477655410767,
            "Y": 0.4866964817047119
          },
          {
            "X": 0.7697644829750061,
            "Y": 0.4866701066493988
          },
          {
            "X": 0.7699382901191711,
            "Y": 0.5203235149383545
          },
          {
            "X": 0.6494129300117493,
            "Y": 0.5203507542610168
          }
        ]
      },
      "Id": "1006ea14-fc16-48d4-9dda-d46baf378017",
      "Relationships": [
        {
          "Type": "CHILD",
          "Ids": [
            "415afe71-a906-4275-99d2-13ccd3c33a36"
          ]
        }
      ],
      "Page": 1
    },
    {
      "BlockType": "CELL",
      "Confidence": 83.984375,
      "RowIndex": 4,
      "ColumnIndex": 1,
      "RowSpan": 1,
      "ColumnSpan": 1,
      "Geometry": {
        "BoundingBox": {
          "Width": 0.1723647564649582,
          "Height": 0.03235441818833351,
          "Left": 0.2312227040529251,
          "Top": 0.5204063653945923
        },
        "Polygon": [
          {
            "X": 0.2312227040529251,
            "Y": 0.5204452872276306
          },
          {
            "X": 0.40344586968421936,
            "Y": 0.5204063653945923
          },
          {
            "X": 0.4035874605178833,
            "Y": 0.5527206659317017
          },
          {
            "X": 0.23135243356227875,
            "Y": 0.5527607798576355
          }
        ]
      },
      "Id": "79007a7b-3543-47df-a958-96506f26a537",
      "Relationships": [
        {
          "Type": "CHILD",
          "Ids": [
            "cad67e18-c9d5-487f-8b62-c2909c351e5f"
          ]
        }
      ],
      "Page": 1
    },
    {
      "BlockType": "CELL",
      "Confidence": 81.884765625,
      "RowIndex": 4,
      "ColumnIndex": 2,
      "RowSpan": 1,
      "ColumnSpan": 1,
      "Geometry": {
        "BoundingBox": {
          "Width": 0.1415855437517166,
          "Height": 0.032346297055482864,
          "Left": 0.40344586968421936,
          "Top": 0.5203744173049927
        },
        "Polygon": [
          {
            "X": 0.40344586968421936,
            "Y": 0.5204063653945923
          },
          {
            "X": 0.5448800325393677,
            "Y": 0.5203744173049927
          },
          {
            "X": 0.5450314283370972,
            "Y": 0.5526877641677856
          },
          {
            "X": 0.4035874605178833,
            "Y": 0.5527206659317017
          }
        ]
      },
      "Id": "af38fe4a-8fd7-4505-a8b8-91b3ee22da0b",
      "Relationships": [
        {
          "Type": "CHILD",
          "Ids": [
            "b43a7674-c57e-4223-8093-d5cb2e1ad14e"
          ]
        }
      ],
      "Page": 1
    },
    {
      "BlockType": "CELL",
      "Confidence": 80.126953125,
      "RowIndex": 4,
      "ColumnIndex": 3,
      "RowSpan": 1,
      "ColumnSpan": 1,
      "Geometry": {
        "BoundingBox": {
          "Width": 0.1046915128827095,
          "Height": 0.0323369987308979,
          "Left": 0.5448800325393677,
          "Top": 0.5203507542610168
        },
        "Polygon": [
          {
            "X": 0.5448800325393677,
            "Y": 0.5203744173049927
          },
          {
            "X": 0.6494129300117493,
            "Y": 0.5203507542610168
          },
          {
            "X": 0.6495715379714966,
            "Y": 0.5526634454727173
          },
          {
            "X": 0.5450314283370972,
            "Y": 0.5526877641677856
          }
        ]
      },
      "Id": "68a09dba-329d-4ab9-b333-5213993a0664",
      "Relationships": [
        {
          "Type": "CHILD",
          "Ids": [
            "3fea342f-728b-412e-9aa5-4bf44b026cf1"
          ]
        }
      ],
      "Page": 1
    },
    {
      "BlockType": "CELL",
      "Confidence": 83.7890625,
      "RowIndex": 4,
      "ColumnIndex": 4,
      "RowSpan": 1,
      "ColumnSpan": 1,
      "Geometry": {
        "BoundingBox": {
          "Width": 0.12069227546453476,
          "Height": 0.032339904457330704,
          "Left": 0.6494129300117493,
          "Top": 0.5203235149383545
        },
        "Polygon": [
          {
            "X": 0.6494129300117493,
            "Y": 0.5203507542610168
          },
          {
            "X": 0.7699382901191711,
            "Y": 0.5203235149383545
          },
          {
            "X": 0.770105242729187,
            "Y": 0.5526353716850281
          },
          {
            "X": 0.6495715379714966,
            "Y": 0.5526634454727173
          }
        ]
      },
      "Id": "8088344e-8154-410b-996a-49953ccbdf3b",
      "Relationships": [
        {
          "Type": "CHILD",
          "Ids": [
            "d6326b72-2d4f-40d3-9b82-ab6aafc3cbc5"
          ]
        }
      ],
      "Page": 1
    },
    {
      "BlockType": "CELL",
      "Confidence": 92.3828125,
      "RowIndex": 5,
      "ColumnIndex": 1,
      "RowSpan": 1,
      "ColumnSpan": 1,
      "Geometry": {
        "BoundingBox": {
          "Width": 0.1724291741847992,
          "Height": 0.044342588633298874,
          "Left": 0.23135243356227875,
          "Top": 0.5527206659317017
        },
        "Polygon": [
          {
            "X": 0.23135243356227875,
            "Y": 0.5527607798576355
          },
          {
            "X": 0.4035874605178833,
            "Y": 0.5527206659317017
          },
          {
            "X": 0.40378162264823914,
            "Y": 0.5970215797424316
          },
          {
            "X": 0.2315302938222885,
            "Y": 0.5970633029937744
          }
        ]
      },
      "Id": "373e3e0b-7d76-4bd6-977e-991157925907",
      "Relationships": [
        {
          "Type": "CHILD",
          "Ids": [
            "61736ea0-5114-4fb4-924b-20ea34cb67b5"
          ]
        }
      ],
      "Page": 1
    },
    {
      "BlockType": "CELL",
      "Confidence": 90.087890625,
      "RowIndex": 5,
      "ColumnIndex": 2,
      "RowSpan": 1,
      "ColumnSpan": 1,
      "Geometry": {
        "BoundingBox": {
          "Width": 0.141651451587677,
          "Height": 0.04433382675051689,
          "Left": 0.4035874605178833,
          "Top": 0.5526877641677856
        },
        "Polygon": [
          {
            "X": 0.4035874605178833,
            "Y": 0.5527206659317017
          },
          {
            "X": 0.5450314283370972,
            "Y": 0.5526877641677856
          },
          {
            "X": 0.5452389121055603,
            "Y": 0.5969873666763306
          },
          {
            "X": 0.40378162264823914,
            "Y": 0.5970215797424316
          }
        ]
      },
      "Id": "c21246ed-279a-447f-a981-41f67e844df5",
      "Relationships": [
        {
          "Type": "CHILD",
          "Ids": [
            "d0eaac12-9498-4804-8dc9-377bfcae07a5"
          ]
        }
      ],
      "Page": 1
    },
    {
      "BlockType": "CELL",
      "Confidence": 88.0859375,
      "RowIndex": 5,
      "ColumnIndex": 3,
      "RowSpan": 1,
      "ColumnSpan": 1,
      "Geometry": {
        "BoundingBox": {
          "Width": 0.10475754737854004,
          "Height": 0.04432392492890358,
          "Left": 0.5450314283370972,
          "Top": 0.5526634454727173
        },
        "Polygon": [
          {
            "X": 0.5450314283370972,
            "Y": 0.5526877641677856
          },
          {
            "X": 0.6495715379714966,
            "Y": 0.5526634454727173
          },
          {
            "X": 0.6497889757156372,
            "Y": 0.5969620943069458
          },
          {
            "X": 0.5452389121055603,
            "Y": 0.5969873666763306
          }
        ]
      },
      "Id": "b3d79a99-760e-4218-bf57-d0b8c2205c1c",
      "Relationships": [
        {
          "Type": "CHILD",
          "Ids": [
            "5c0742eb-56bd-4528-bcb0-d2583cff75b5"
          ]
        }
      ],
      "Page": 1
    },
    {
      "BlockType": "CELL",
      "Confidence": 92.138671875,
      "RowIndex": 5,
      "ColumnIndex": 4,
      "RowSpan": 1,
      "ColumnSpan": 1,
      "Geometry": {
        "BoundingBox": {
          "Width": 0.12076250463724136,
          "Height": 0.044326674193143845,
          "Left": 0.6495715379714966,
          "Top": 0.5526353716850281
        },
        "Polygon": [
          {
            "X": 0.6495715379714966,
            "Y": 0.5526634454727173
          },
          {
            "X": 0.770105242729187,
            "Y": 0.5526353716850281
          },
          {
            "X": 0.7703340649604797,
            "Y": 0.5969328880310059
          },
          {
            "X": 0.6497889757156372,
            "Y": 0.5969620943069458
          }
        ]
      },
      "Id": "82ae22c2-25af-471b-a0ec-28eb99c618b3",
      "Relationships": [
        {
          "Type": "CHILD",
          "Ids": [
            "60857f66-61ac-4efb-b9aa-78c4850f2a0c"
          ]
        }
      ],
      "Page": 1
    }
  ],
  "AnalyzeDocumentModelVersion": "1.0"
}