"'Brand","'Chemical composition","'Polymerization mode","'Batch number","'Manufacturer","'Shade",
"'Sinfony","'HEMA and 10-30 wt% octahydro-4,7-methano-1H- indenediyl is(methylene)diacrylate, strontium-aluminum borosilicate glass, silicon oxide, silane and photoinitiators weight (%) organic fillers: 50%","'First cycle: Polymerization for 5 min in the Visio Alpha unit (400 mW/cm², Programme 3, no vacuum) Second cycle: Polymerization for 15 min in the Visio Beta Vario unit (40 °C with vacuum, 470 mW/cm²","'203216","'3 M ESPE AG, Seefeld, Germany","'A2",
"'Targis","'bis-GMA 20%, DDDMA,UDMA, TEGDMA Silanized barium glass fillers, photoinitiators, inhibitors and pigments weight (%) organic fillers: 46,2%","'First cycle: Polymerization for 5 min in the Targis Quick unit. (300 mW/cm²) Second cycle: Polymerization for 25 min in the Targis Power unit (68 °C with vacuum, 400 mW/cm2)","'15605","'Ivoclar Vivadent AG, Schaan, Liechtenstein","'A2",
"'Targis wet- ting agent","'3-methacryloxypropyltrimethoxysilane","'","'815137","'Ivoclar Vivadent","'",
"'Sinfony","'activator","'> 90 wt% (octahydro-4,7-methano-1H- indenediyl)bis(methylene)diacrylate","'","'034","'3 M ESPE AG",
,,,,,

'Confidence Scores % (Table Cell)
"'69.58007813","'91.21093750","'92.87109375","'73.68164063","'91.40625000","'77.14843750",
"'55.12695313","'72.31445313","'73.63281250","'58.39843750","'72.46093750","'61.13281250",
"'53.12500000","'69.62890625","'70.89843750","'56.25000000","'69.77539063","'58.88671875",
"'46.97265625","'61.57226563","'62.74414063","'49.75585938","'61.71875000","'52.09960938",
"'67.48046875","'88.47656250","'90.08789063","'71.48437500","'88.62304688","'74.80468750",
